DISTRICTNAME,UNITNAME,Crime_No,Year,RI,Noofvehicle_involved,Accident_Classification,Accident_Spot,Accident_Location,Accident_SubLocation,Main_Cause,Hit_Run,Severity,Collision_Type,Junction_Control,Road_Character,Road_Type,Surface_Type,Surface_Condition,Road_Condition,Weather,Accident_Road,Landmark_first,Distance_LandMark_First,Latitude,Longitude
Bengaluru City,Adugodi Traffic PS,1.04432e+16,2018,1,1,Road Accidents,Other,City/Town,Near office complex,Human Error,Yes,Fatal,Hit and Run,Not at  Junction,Others,City or Town Road,Bitumen(Tar),Dry,Not Applicable,Clear,Sarjapura main road,2,3,0.0,0.0
Bengaluru City,Adugodi Traffic PS,1.04432e+16,2018,1,1,Road Accidents,Other,City/Town,Near office complex,Human Error,No,Simple Injury,Others,Not Applicable,Others,City or Town Road,Bitumen(Tar),Dry,Not Applicable,Clear,koramangala 80feet road,1,3,0.0,0.0
Bengaluru City,Adugodi Traffic PS,1.04432e+16,2018,1,1,Road Accidents,Other,City/Town,In bazaar,Human Error,Yes,Grievous Injury,Hit and Run,Not Applicable,Others,City or Town Road,Bitumen(Tar),Dry,Not Applicable,Clear,Y.D.Matha Road,1,3,0.0,0.0
Bengaluru City,Adugodi Traffic PS,1.04432e+16,2018,1,1,Road Accidents,Other,City/Town,Near a religious place,Human Error,No,Simple Injury,Others,Not at  Junction,Others,City or Town Road,Bitumen(Tar),Dry,Not Applicable,Clear,Hosur Lashkar road,2,2,0.0,0.0
Bengaluru City,Adugodi Traffic PS,1.04432e+16,2018,1,1,Road Accidents,Other,City/Town,Near a religious place,Human Error,No,Grievous Injury,Others,Not Applicable,Others,City or Town Road,Bitumen(Tar),Dry,Not Applicable,Clear,Hosur Lashkar road,2,1,0.0,0.0
Bengaluru City,Adugodi Traffic PS,1.04432e+16,2018,1,2,Road Accidents,Cross roads,City/Town,Residential area,Human Error,Yes,Simple Injury,Others,Not Applicable,Not Applicable,City or Town Road,Bitumen(Tar),Dry,Not Applicable,Clear,BG Road,1,1,12.9501199,77.6033422
Bengaluru City,Adugodi Traffic PS,1.04432e+16,2018,1,1,Road Accidents,Other,City/Town,Near a religious place,Human Error,No,Simple Injury,Others,Not Applicable,Others,City or Town Road,Bitumen(Tar),Dry,Not Applicable,Clear,HOSUR LASKAR ROAD,3,2,0.0,0.0
Bengaluru City,Adugodi Traffic PS,1.04432e+16,2018,1,2,Road Accidents,Other,City/Town,Near Bus stop,Human Error,Yes,Simple Injury,Hit and Run,Not at  Junction,Not Applicable,City or Town Road,Bitumen(Tar),Dry,Not Applicable,Clear,Hosur Lashkar road,1,25,0.0,0.0
Bengaluru City,Adugodi Traffic PS,1.04432e+16,2018,1,2,Road Accidents,Other,City/Town,Near a religious place,Human Error,Yes,Grievous Injury,Hit and Run,Controlled,Straight and flat,City or Town Road,Bitumen(Tar),Dry,Not Applicable,Fine,Sarjapura main road,1,1,0.0,0.0
Bengaluru City,Adugodi Traffic PS,1.04432e+16,2018,1,2,Road Accidents,Other,City/Town,Near a religious place,Human Error,No,Damage Only,Others,Not Applicable,Others,City or Town Road,Bitumen(Tar),Dry,Not Applicable,Clear,"N G V ,KORAMANGALA",2,3,0.0,0.0
Bengaluru City,Adugodi Traffic PS,1.04432e+16,2018,1,1,Road Accidents,Other,City/Town,Near office complex,Human Error,No,Simple Injury,Others,Not Applicable,Others,City or Town Road,Bitumen(Tar),Dry,Not Applicable,Clear,Koramangala 100 feet road,2,3,0.0,0.0
Bengaluru City,Adugodi Traffic PS,1.04432e+16,2018,1,2,Road Accidents,Other,City/Town,Near a religious place,Human Error,No,Simple Injury,Others,Not Applicable,Others,City or Town Road,Bitumen(Tar),Dry,Not Applicable,Clear,PATALAMMA TEMPLE ROAD,2,1,0.0,0.0
Bengaluru City,Adugodi Traffic PS,1.04432e+16,2018,1,2,Road Accidents,Other,City/Town,Near a religious place,Human Error,Yes,Simple Injury,Hit and Run,Not at  Junction,Others,City or Town Road,Bitumen(Tar),Dry,Not Applicable,Clear,80feet road koramangala,1,3,0.0,0.0
Bengaluru City,Adugodi Traffic PS,1.04432e+16,2018,1,1,Road Accidents,Cross roads,City/Town,Near office complex,Human Error,Yes,Simple Injury,Hit and Run,Controlled,Others,City or Town Road,Bitumen(Tar),Dry,Not Applicable,Clear,kormangal 60 feat road,1,2,0.0,0.0
Bengaluru City,Adugodi Traffic PS,1.04432e+16,2018,1,2,Road Accidents,Other,Rural Areas,Near a factory industrial area,Human Error,No,Simple Injury,Others,Not Applicable,Others,City or Town Road,Bitumen(Tar),Dry,Not Applicable,Clear,Hosur Lashkar road,3,1,0.0,0.0
Bengaluru City,Adugodi Traffic PS,1.04432e+16,2018,1,3,Road Accidents,Other,City/Town,Near Bus stop,Human Error,No,Damage Only,Others,Controlled,Others,City or Town Road,Bitumen(Tar),Dry,Not Applicable,Clear,Hosur Lashkar road,1,1,0.0,0.0
Bengaluru City,Adugodi Traffic PS,1.04432e+16,2018,1,2,Road Accidents,Other,City/Town,Near a religious place,Human Error,Yes,Simple Injury,Hit and Run,Not Applicable,Others,City or Town Road,Bitumen(Tar),Dry,Not Applicable,Clear,Sarjapura main road,1,3,0.0,0.0
Bengaluru City,Adugodi Traffic PS,1.04432e+16,2018,1,1,Road Accidents,Other,City/Town,Near office complex,Human Error,No,Grievous Injury,Others,Not Applicable,Others,City or Town Road,Bitumen(Tar),Dry,Not Applicable,Clear,BG Road,1,2,0.0,0.0
Bengaluru City,Adugodi Traffic PS,1.04432e+16,2018,1,2,Road Accidents,Other,City/Town,Near Hospital,Human Error,Not Applicable,Grievous Injury,Others,Not Applicable,Not Applicable,City or Town Road,Bitumen(Tar),Dry,Not Applicable,Clear,B.G road,1,1,0.0,0.0
Bengaluru City,Adugodi Traffic PS,1.04432e+16,2018,1,1,Road Accidents,Other,City/Town,Near Bus stop,Human Error,No,Grievous Injury,Hit pedestrian,Not at  Junction,Not Applicable,City or Town Road,Bitumen(Tar),Dry,Not Applicable,Clear,Hosur Lashkar road,1,1,0.0,0.0
Bengaluru City,Adugodi Traffic PS,1.04432e+16,2018,1,1,Road Accidents,Circle,City/Town,Near Bus stop,Human Error,Yes,Grievous Injury,Hit pedestrian,Not at  Junction,Incline,City or Town Road,Bitumen(Tar),Dry,Not Applicable,Fine,BG Road,1,1,0.0,0.0
Bengaluru City,Adugodi Traffic PS,1.04432e+16,2018,1,2,Road Accidents,Other,City/Town,Near office complex,Human Error,No,Simple Injury,Others,Not Applicable,Not Applicable,City or Town Road,Bitumen(Tar),Dry,Not Applicable,Clear,Koramangala 80 feet road,1,1,0.0,0.0
Bengaluru City,Adugodi Traffic PS,1.04432e+16,2018,1,2,Road Accidents,Other,City/Town,Near School or College,Human Error,Yes,Damage Only,Hit and Run,Not at  Junction,Others,City or Town Road,Bitumen(Tar),Dry,Not Applicable,Clear,80feet road koramangala,1,3,0.0,0.0
Bengaluru City,Adugodi Traffic PS,1.04432e+16,2018,1,2,Road Accidents,Other,City/Town,Near Petrol Pump,Human Error,No,Grievous Injury,Others,Not at  Junction,Others,City or Town Road,Bitumen(Tar),Dry,Not Applicable,Clear,Koramangal 80ft road,2,3,0.0,0.0
Bengaluru City,Adugodi Traffic PS,1.04432e+16,2018,1,1,Road Accidents,Other,City/Town,Near office complex,Human Error,No,Simple Injury,Hit pedestrian,Not Applicable,Others,City or Town Road,Bitumen(Tar),Dry,Not Applicable,Clear,B.G road,1,1,0.0,0.0
Bengaluru City,Adugodi Traffic PS,1.04432e+16,2018,1,1,Road Accidents,Other,City/Town,Near office complex,Human Error,No,Grievous Injury,Others,Not at  Junction,Straight and flat,City or Town Road,Concrete,Dry,Construction Work / Material,Clear,Hosur Lashkar road,1,1,0.0,0.0
Bengaluru City,Adugodi Traffic PS,1.04432e+16,2018,1,1,Road Accidents,Other,City/Town,Near Bus stop,Human Error,Yes,Simple Injury,Hit and Run,Controlled,Others,City or Town Road,Bitumen(Tar),Dry,Not Applicable,Clear,100 FT ROAD,2,1,0.0,0.0
Bengaluru City,Adugodi Traffic PS,1.04432e+16,2018,1,2,Road Accidents,Other,City/Town,Near a religious place,Human Error,Yes,Simple Injury,Hit and Run,Not Applicable,Others,City or Town Road,Bitumen(Tar),Dry,Not Applicable,Clear,Koramangala 80 feet Peripheral road,1,3,0.0,0.0
Bengaluru City,Adugodi Traffic PS,1.04432e+16,2018,1,2,Road Accidents,Other,City/Town,Near a religious place,Human Error,No,Simple Injury,Others,Not Applicable,Others,City or Town Road,Bitumen(Tar),Dry,Not Applicable,Clear,80feet road koramangala,1,2,0.0,0.0
Bengaluru City,Adugodi Traffic PS,1.04432e+16,2018,1,1,Road Accidents,Other,City/Town,Near office complex,Human Error,No,Grievous Injury,Others,Not at  Junction,Others,City or Town Road,Bitumen(Tar),Dry,Not Applicable,Clear,Hosur Lashkar road,1,2,0.0,0.0
Bengaluru City,Adugodi Traffic PS,1.04432e+16,2018,1,2,Road Accidents,Other,City/Town,Residential area,Human Error,No,Grievous Injury,Others,Not at  Junction,Others,City or Town Road,Bitumen(Tar),Dry,Not Applicable,Clear,80feet road koramangala,2,2,0.0,0.0
Bengaluru City,Adugodi Traffic PS,1.04432e+16,2019,1,1,Road Accidents,Not Applicable,City/Town,Near a religious place,Human Error,Yes,Grievous Injury,Hit pedestrian,Not at  Junction,Straight and flat,Two way,Bitumen(Tar),Dry,Not Applicable,Clear,Hosur Laskar road,2,1,12.939946,77.609407
Bengaluru City,Adugodi Traffic PS,1.04432e+16,2019,1,2,Road Accidents,Curves,City/Town,Open area,Human Error,No,Not Applicable,Vehicle to Vehicle,Not at  Junction,Straight and flat,Two way,Concrete,Dry,No influence on accident,Clear,Hosur Laskar road,1,1km,12.938836,77.609986
Bengaluru City,Adugodi Traffic PS,1.04432e+16,2019,1,2,Road Accidents,Curves,City/Town,Near School or College,Human Error,Yes,Grievous Injury,Vehicle to Vehicle,Controlled,Straight and flat,Others,Bitumen(Tar),Dry,No influence on accident,Clear,Sarjapura main road koramangala,3,3km,12.924315,77.630004
Bengaluru City,Adugodi Traffic PS,1.04432e+16,2019,1,2,Road Accidents,Cross roads,City/Town,Near a religious place,Human Error,Yes,Grievous Injury,Vehicle to Vehicle,Not at  Junction,Straight and flat,Residential Street,Bitumen(Tar),Dry,Not Applicable,Clear,Lakkasandra 16th Cross Road,3,2,0.0,0.0
Bengaluru City,Adugodi Traffic PS,1.04432e+16,2019,1,1,Road Accidents,Not Applicable,City/Town,Open area,Human Error,No,Grievous Injury,Hit pedestrian,Uncontrolled,Straight and flat,Two way,Concrete,Dry,No influence on accident,Clear,"Hosur Lashkar Main Road, Near Veterinary Hospital. Opp Mahalingeshwara Badavane, Adugodi",2,1km,12.939923,77.609454
Bengaluru City,Adugodi Traffic PS,1.04432e+16,2019,1,2,Road Accidents,Not Applicable,City/Town,Near office complex,Human Error,No,Grievous Injury,Vehicle to Vehicle,Not at  Junction,Straight and flat,Others,Concrete,Dry,Not Applicable,Clear,Hosur Laskar road,3,1KM,12.948711,77.606227
Bengaluru City,Adugodi Traffic PS,1.04432e+16,2019,1,2,Road Accidents,Not Applicable,City/Town,Near office complex,Human Error,No,Grievous Injury,Hit pedestrian,Not at  Junction,Straight and flat,Two way,Concrete,Dry,Not Applicable,Clear,Hosur Lashkar road,1,100m,12.941566,77.608427
Bengaluru City,Adugodi Traffic PS,1.04432e+16,2019,1,2,Road Accidents,Cross roads,City/Town,Residential area,Human Error,Yes,Simple Injury,Vehicle to Vehicle,Not at  Junction,Straight and flat,Two way,Bitumen(Tar),Dry,No influence on accident,Clear,3rd Block Koramangal,3,3km,0.0,0.0
Bengaluru City,Adugodi Traffic PS,1.04432e+16,2019,1,2,Road Accidents,Curves,City/Town,Open area,Human Error,Yes,Grievous Injury,Vehicle to Vehicle,Not at  Junction,Straight and flat,Two way,Bitumen(Tar),Dry,No influence on accident,Clear,Koramangal 80ft road,3,2KM,0.0,0.0
Bengaluru City,Adugodi Traffic PS,1.04432e+16,2019,1,2,Road Accidents,Junction,City/Town,Near Hospital,Human Error,No,Grievous Injury,Vehicle to Vehicle,Controlled,Straight and flat,Two way,Bitumen(Tar),Dry,Not Applicable,Clear,Sarjapura main road,3,4KM,12.927475,77.620893
Bengaluru City,Adugodi Traffic PS,1.04432e+16,2019,1,1,Road Accidents,Not Applicable,City/Town,Open area,Human Error,Yes,Grievous Injury,Hit pedestrian,Not at  Junction,Straight and flat,Others,Bitumen(Tar),Dry,Not Applicable,Clear,"8th Main Road, Koramangala",2,2KM,12.933329,77.627283
Bengaluru City,Adugodi Traffic PS,1.04432e+16,2019,1,2,Road Accidents,Not Applicable,City/Town,Open area,Human Error,Yes,Damage Only,Vehicle to Vehicle,Not at  Junction,Straight and flat,One way,Bitumen(Tar),Dry,No influence on accident,Clear,kormangal 60 feat road,4,3km,12.935055,77.623007
Bengaluru City,Adugodi Traffic PS,1.04432e+16,2019,1,2,Road Accidents,Offset,City/Town,Open area,Human Error,No,Simple Injury,Vehicle to Vehicle,Controlled,Straight and flat,Others,Bitumen(Tar),Dry,Not Applicable,Clear,Bannerugatta road,2,1km,12.944371,77.602831
Bengaluru City,Adugodi Traffic PS,1.04432e+16,2019,1,1,Road Accidents,Cross roads,City/Town,Near Bus stop,Human Error,No,Fatal,Hit pedestrian,Not at  Junction,Straight and flat,Two way,Bitumen(Tar),Dry,No influence on accident,Clear,Bannerugatta road,2,2km,12.56328,77.3611
Bengaluru City,Adugodi Traffic PS,1.04432e+16,2019,1,1,Road Accidents,Junction,City/Town,Near School or College,Human Error,No,Grievous Injury,Not Applicable,Controlled,Sharp Curve,Two way,Bitumen(Tar),Dry,Not Applicable,Fine,Hosur Lashkar road,1,500 M,12.943954,77.607559
Bengaluru City,Adugodi Traffic PS,1.04432e+16,2019,1,1,Road Accidents,Not Applicable,City/Town,Open area,Human Error,Yes,Simple Injury,Vehicle to Vehicle,Not at  Junction,Not Applicable,Two way,Bitumen(Tar),Dry,Not Applicable,Clear,Bannerugatta road,2,2km,12.938576,77.602022
Bengaluru City,Adugodi Traffic PS,1.04432e+16,2019,1,2,Road Accidents,Not Applicable,City/Town,Near office complex,Human Error,Yes,Grievous Injury,Vehicle to Vehicle,Not at  Junction,Straight and flat,Two way,Bitumen(Tar),Dry,No influence on accident,Clear,"Koramangala 80ft Main Road, Near IBP Signal, In Front Of Dominos Pizza Shop",A,1,12.94024,77.625186
Bengaluru City,Adugodi Traffic PS,1.04432e+16,2019,1,2,Road Accidents,Curves,City/Town,Near Bus stop,Human Error,No,Grievous Injury,Vehicle to Vehicle,Not at  Junction,Straight and flat,Two way,Concrete,Dry,Not Applicable,Clear,Hosur Lashkar road,2,1KM,12.948474,77.606253
Bengaluru City,Adugodi Traffic PS,1.04432e+16,2019,1,2,Road Accidents,Junction,City/Town,Open area,Human Error,No,Grievous Injury,Vehicle to Vehicle,Uncontrolled,Straight and flat,One way,Bitumen(Tar),Dry,No influence on accident,Fine,"80feet Main Road, Near Wipro Signal, 1st Cross, Koramangala",A,1KM,0.0,0.0
Bengaluru City,Adugodi Traffic PS,1.04432e+16,2019,1,1,Road Accidents,Not Applicable,City/Town,In bazaar,Human Error,Yes,Grievous Injury,Hit pedestrian,No signal lights,Straight and flat,Others,Bitumen(Tar),Dry,No influence on accident,Fine,Adugodi Bazar Street Main Raod,A To B,1,12.943991,77.607922
Bengaluru City,Adugodi Traffic PS,1.04432e+16,2019,1,2,Road Accidents,Not Applicable,City/Town,Near School or College,Human Error,Yes,Grievous Injury,Vehicle to Vehicle,Not at  Junction,Straight and flat,Others,Bitumen(Tar),Dry,No influence on accident,Fine,L.R Nagara Bazar Street Main Road Near Nayi Doddy,1,1,12.9512,77.618551
Bengaluru City,Adugodi Traffic PS,1.04432e+16,2019,1,2,Road Accidents,Not Applicable,City/Town,Near Bus stop,Human Error,No,Simple Injury,Vehicle to Vehicle,Not at  Junction,Straight and flat,Two way,Bitumen(Tar),Dry,Not Applicable,Clear,Hosur Laskar road,3,1,12.941982,77.608357
Bengaluru City,Adugodi Traffic PS,1.04432e+16,2019,1,1,Road Accidents,Junction,City/Town,Open area,Human Error,Yes,Grievous Injury,Hit pedestrian,Controlled,Straight and flat,Two way,Bitumen(Tar),Dry,Not Applicable,Clear,Sarjapura main road koramangala,4,4KM,12.924889,77.634091
Bengaluru City,Adugodi Traffic PS,1.04432e+16,2019,1,1,Road Accidents,Curves,City/Town,Open area,Human Error,No,Grievous Injury,Not Applicable,Controlled,Curve,Two way,Bitumen(Tar),Dry,Not Applicable,Clear,Koramangal 80ft road,4,4KM,0.0,0.0
Bengaluru City,Adugodi Traffic PS,1.04432e+16,2019,1,2,Road Accidents,Curves,City/Town,Open area,Human Error,No,Grievous Injury,Vehicle to Vehicle,Not at  Junction,Straight and flat,Two way,Bitumen(Tar),Dry,No influence on accident,Clear,Sarjapura main road,3,5km,0.0,0.0
Bengaluru City,Adugodi Traffic PS,1.04432e+16,2019,1,4,Road Accidents,Narrow road,City/Town,Open area,Human Error,No,Damage Only,Vehicle to Vehicle,Not at  Junction,Straight and flat,Two way,Concrete,Dry,No influence on accident,Clear,Mico Link Road,1,1km,0.0,0.0
Bengaluru City,Adugodi Traffic PS,1.04432e+16,2019,1,2,Road Accidents,Not Applicable,City/Town,Open area,Human Error,No,Grievous Injury,Vehicle to Vehicle,No signal lights,Straight and flat,Others,Bitumen(Tar),Dry,Not Applicable,Fine,Koramangala 8th A Main Junction,3,4KM,12.930324,77.63051
Bengaluru City,Adugodi Traffic PS,1.04432e+16,2019,1,2,Road Accidents,Junction,City/Town,Near Bus stop,Human Error,No,Grievous Injury,Vehicle to Vehicle,Controlled,Straight and flat,Others,Bitumen(Tar),Dry,Not Applicable,Clear,Sarjapura main road koramangala,3,4KM,12.924828,77.634028
Bengaluru City,Adugodi Traffic PS,1.04432e+16,2019,1,1,Road Accidents,Junction,City/Town,Open area,Human Error,Yes,Grievous Injury,Hit pedestrian,Controlled,Curve,Two way,Bitumen(Tar),Dry,Not Applicable,Fine,Sarjapura main road,3,4km,0.0,0.0
Bengaluru City,Adugodi Traffic PS,1.04432e+16,2019,1,1,Road Accidents,Not Applicable,City/Town,Near office complex,Human Error,Yes,Grievous Injury,Hit pedestrian,Not at  Junction,Others,One way,Bitumen(Tar),Dry,Not Applicable,Fine,"Bannerughatta Main Road, Near Safal, Near Mazid",2,2,0.0,0.0
Bengaluru City,Adugodi Traffic PS,1.04432e+16,2019,1,1,Road Accidents,Not Applicable,City/Town,Near office complex,Human Error,Yes,Grievous Injury,Hit bicyclist,Not at  Junction,Straight and flat,Others,Bitumen(Tar),Dry,Not Applicable,Clear,Y.D.Matha Raod,3,3km,12.933732,77.619722
Bengaluru City,Adugodi Traffic PS,1.04432e+16,2019,1,1,Road Accidents,Not Applicable,City/Town,Open area,Human Error,No,Damage Only,Vehicle to Vehicle,Not at  Junction,Straight and flat,Others,Bitumen(Tar),Dry,Not Applicable,Clear,Bannerugatta road,2,1km,12.943156,77.602884
Bengaluru City,Adugodi Traffic PS,1.04432e+16,2019,1,1,Road Accidents,Not Applicable,City/Town,Open area,Human Error,No,Grievous Injury,Hit pedestrian,Not at  Junction,Straight and flat,Two way,Concrete,Dry,Not Applicable,Clear,Koramangal 80ft road,3,1KM,12.93569,77.615093
Bengaluru City,Adugodi Traffic PS,1.04432e+16,2019,1,1,Road Accidents,Not Applicable,City/Town,Open area,Human Error,No,Grievous Injury,Hit pedestrian,Not at  Junction,Straight and flat,Two way,Concrete,Dry,Not Applicable,Clear,Hosur Lashkar road,2,100M,0.0,0.0
Bengaluru City,Adugodi Traffic PS,1.04432e+16,2019,1,1,Road Accidents,Not Applicable,City/Town,Open area,Human Error,Yes,Grievous Injury,Hit pedestrian,Not at  Junction,Others,Two way,Bitumen(Tar),Dry,Not Applicable,Clear,Chinnayana Palya 15th Cross,11,3km,0.0,0.0
Bengaluru City,Adugodi Traffic PS,1.04432e+16,2019,1,1,Road Accidents,Not Applicable,City/Town,Near a religious place,Human Error,Yes,Fatal,Hit pedestrian,Not at  Junction,Straight and flat,One way,Bitumen(Tar),Dry,Not Applicable,Clear,"Bannerughatta Main Road, In front of Auto Car Paradise Show Room Lakkasandra",1,2,12.942198,77.602597
Bengaluru City,Adugodi Traffic PS,1.04432e+16,2019,1,1,Road Accidents,Not Applicable,City/Town,Near Bus stop,Human Error,No,Fatal,Hit pedestrian,Not at  Junction,Straight and flat,Two way,Concrete,Dry,Not Applicable,Clear,Hosur Lashkar road,1,500mtr,12.939609,77.609482
Bengaluru City,Adugodi Traffic PS,1.04432e+16,2019,1,2,Road Accidents,Junction,City/Town,Near office complex,Human Error,No,Grievous Injury,Vehicle to Vehicle,Controlled,Straight and flat,Two way,Bitumen(Tar),Dry,Construction Work / Material,Clear,Koramangala 100 feet road,3,3km,12.937236,77.626986
Bengaluru City,Adugodi Traffic PS,1.04432e+16,2019,1,2,Road Accidents,Offset,City/Town,Open area,Human Error,No,Grievous Injury,Vehicle to Vehicle,Not at  Junction,Straight and flat,Others,Bitumen(Tar),Dry,Not Applicable,Clear,BG Road,2,2KM,12.941391,77.602548
Bengaluru City,Adugodi Traffic PS,1.04432e+16,2019,1,1,Road Accidents,Narrow road,City/Town,Open area,Human Error,No,Grievous Injury,Hit pedestrian,Not at  Junction,Straight and flat,Two way,Concrete,Dry,Not Applicable,Clear,Hosur Lashkar road,2,1KM,12.946432,77.606862
Bengaluru City,Adugodi Traffic PS,1.04432e+16,2019,1,1,Road Accidents,Cross roads,City/Town,Open area,Human Error,Yes,Fatal,Hit pedestrian,Not at  Junction,Straight and flat,Two way,Concrete,Dry,No influence on accident,Clear,"Hosur Lashkar Main Road, Near Veterinary Hospital. Opp Mahalingeshwara Badavane, Adugodi",1,100M,0.0,0.0
Bengaluru City,Adugodi Traffic PS,1.04432e+16,2019,1,2,Road Accidents,Offset,City/Town,Open area,Human Error,No,Damage Only,Vehicle to Vehicle,Not at  Junction,Not Applicable,Two way,Bitumen(Tar),Dry,No influence on accident,Clear,"Bannerughatta Main Road, In front of Auto Car Paradise Show Room Lakkasandra",3,2km,0.0,0.0
Bengaluru City,Adugodi Traffic PS,1.04432e+16,2019,1,2,Road Accidents,Not Applicable,City/Town,Near Hospital,Human Error,No,Grievous Injury,Vehicle to Vehicle,Not at  Junction,Straight and flat,Others,Bitumen(Tar),Dry,Not Applicable,Clear,Bannerugatta road,2,2km,12.942436,77.602747
Bengaluru City,Adugodi Traffic PS,1.04432e+16,2019,1,3,Road Accidents,Cross roads,City/Town,Near School or College,Human Error,Yes,Damage Only,Vehicle to Vehicle,Not at  Junction,Straight and flat,Two way,Bitumen(Tar),Dry,Not Applicable,Clear,Sarjapura main road koramangala,3,4KM,0.0,0.0
Bengaluru City,Adugodi Traffic PS,1.04432e+16,2019,1,2,Road Accidents,Curves,City/Town,Open area,Human Error,No,Grievous Injury,Vehicle to Vehicle,Not at  Junction,Straight and flat,Two way,Bitumen(Tar),Dry,Not Applicable,Clear,"8th Main Road, Koramangala",2,3KM,12.935021,77.624731
Bengaluru City,Adugodi Traffic PS,1.04432e+16,2019,1,2,Road Accidents,Narrow road,City/Town,In bazaar,Human Error,Yes,Grievous Injury,Vehicle to Vehicle,Not at  Junction,Straight and flat,Two way,Bitumen(Tar),Dry,Not Applicable,Clear,Koramangal 80ft road,3,1km,0.0,0.0
Bengaluru City,Adugodi Traffic PS,1.04432e+16,2019,1,1,Road Accidents,Not Applicable,City/Town,Near Bus stop,Human Error,No,Grievous Injury,Hit pedestrian,Not at  Junction,Straight and flat,Two way,Bitumen(Tar),Dry,Not Applicable,Clear,Hosur Laskar road,3,500mtr,12.939089,77.609882
Bengaluru City,Adugodi Traffic PS,1.04432e+16,2019,1,1,Road Accidents,Not Applicable,City/Town,Near Bus stop,Human Error,No,Fatal,Not Applicable,Not at  Junction,Straight and flat,Two way,Bitumen(Tar),Dry,No influence on accident,Clear,"Bannerughatta Main Road, In front of Auto Car Paradise Show Room Lakkasandra",2,2KM,0.0,0.0
Bengaluru City,Adugodi Traffic PS,1.04432e+16,2019,1,2,Road Accidents,Not Applicable,City/Town,Near Hospital,Human Error,No,Grievous Injury,Vehicle to Vehicle,Not Applicable,Straight and flat,Two way,Bitumen(Tar),Dry,Not Applicable,Clear,Hosur Lashkar road,2,0.5,12.941826,77.608321
Bengaluru City,Adugodi Traffic PS,1.04432e+16,2019,1,2,Road Accidents,Not Applicable,City/Town,Open area,Human Error,No,Damage Only,Vehicle to Vehicle,Not at  Junction,Straight and flat,Others,Bitumen(Tar),Dry,No influence on accident,Fine,Sarjapura main road,3,3km,12.925141,77.626672
Bengaluru City,Adugodi Traffic PS,1.04432e+16,2019,1,2,Road Accidents,Curves,City/Town,Near a factory industrial area,Human Error,Yes,Grievous Injury,Vehicle to Vehicle,Not at  Junction,Straight and flat,Two way,Bitumen(Tar),Dry,Not Applicable,Clear,Bannerugatta road,2,2km,12.94168,77.602594
Bengaluru City,Adugodi Traffic PS,1.04432e+16,2019,1,2,Road Accidents,Offset,City/Town,Open area,Human Error,Yes,Grievous Injury,Vehicle to Vehicle,Not at  Junction,Straight and flat,Two way,Concrete,Dry,Not Applicable,Clear,"Bannerughatta Main Road, In front of Auto Car Paradise Show Room Lakkasandra",2,2km,12.942157,77.602609
Bengaluru City,Adugodi Traffic PS,1.04432e+16,2019,1,1,Road Accidents,Not Applicable,City/Town,Near Hospital,Human Error,No,Grievous Injury,Hit pedestrian,Not at  Junction,Straight and flat,Two way,Bitumen(Tar),Dry,No influence on accident,Clear,Sarjapura main road koramangala,4,4km,0.0,0.0
Bengaluru City,Adugodi Traffic PS,1.04432e+16,2019,1,2,Road Accidents,Bottleneck,City/Town,Open area,Human Error,No,Grievous Injury,Vehicle to Vehicle,Not at  Junction,Others,Two way,Bitumen(Tar),Dry,Not Applicable,Clear,B.G road,1,3km,0.0,0.0
Bengaluru City,Adugodi Traffic PS,1.04432e+16,2019,1,2,Road Accidents,Not Applicable,City/Town,Near Bus stop,Human Error,Yes,Grievous Injury,Vehicle to Vehicle,Not at  Junction,Straight and flat,Two way,Concrete,Dry,Not Applicable,Clear,"Hosur Lashkar Main Road, Near Veterinary Hospital. Opp Mahalingeshwara Badavane, Adugodi",2,1km,0.0,0.0
Bengaluru City,Adugodi Traffic PS,1.04432e+16,2019,1,1,Road Accidents,Not Applicable,City/Town,Near office complex,Human Error,Yes,Grievous Injury,Hit pedestrian,Not at  Junction,Straight and flat,One way,Bitumen(Tar),Dry,No influence on accident,Clear,Sarjapura main road In Front Of Uday Bar And Restorent,4,4,0.0,0.0
Bengaluru City,Adugodi Traffic PS,1.04432e+16,2019,1,2,Road Accidents,Not Applicable,City/Town,Near Bus stop,Human Error,No,Damage Only,Vehicle to Vehicle,Not at  Junction,Straight and flat,Two way,Bitumen(Tar),Dry,Not Applicable,Clear,Bannerugatta road,1,2,12.940864,77.602372
Bengaluru City,Adugodi Traffic PS,1.04432e+16,2019,1,2,Road Accidents,Not Applicable,City/Town,Near Bus stop,Human Error,Yes,Grievous Injury,Vehicle to Vehicle,Not at  Junction,Straight and flat,Two way,Concrete,Dry,Not Applicable,Clear,Hosur Lashkar road,2,1KM,12.938865,77.609804