DISTRICTNAME,UNITNAME,Crime_No,Year,RI,Noofvehicle_involved,Accident_Classification,Accident_Spot,Accident_Location,Accident_SubLocation,Main_Cause,Hit_Run,Severity,Collision_Type,Junction_Control,Road_Character,Road_Type,Surface_Type,Surface_Condition,Road_Condition,Weather,Accident_Road,Landmark_first,Distance_LandMark_First,Latitude,Longitude
Bengaluru City,Adugodi Traffic PS,1.04432e+16,2019,1,1,Road Accidents,Junction,City/Town,Near office complex,Human Error,Yes,Grievous Injury,Hit pedestrian,Controlled,Straight and flat,Two way,Bitumen(Tar),Dry,Not Applicable,Clear,Koramangal 80ft road,2,2KM,12.925355,77.633637
Bengaluru City,Adugodi Traffic PS,1.04432e+16,2019,1,2,Road Accidents,Cross roads,City/Town,Near office complex,Human Error,No,Grievous Injury,Vehicle to Vehicle,Not at  Junction,Straight and flat,Two way,Bitumen(Tar),Dry,Not Applicable,Clear,17th B Main Road,2,4KM,12.935292,77.621036
Bengaluru City,Adugodi Traffic PS,1.04432e+16,2019,1,1,Road Accidents,Not Applicable,City/Town,At pedestrian Crossing,Human Error,No,Grievous Injury,Hit pedestrian,Not at  Junction,Others,Two way,Concrete,Dry,No influence on accident,Clear,Hosur Lashkar road,2,100M,0.0,0.0
Bengaluru City,Adugodi Traffic PS,1.04432e+16,2019,1,1,Road Accidents,Offset,City/Town,Near office complex,Human Error,No,Grievous Injury,Hit pedestrian,Not at  Junction,Straight and flat,One way,Bitumen(Tar),Dry,Not Applicable,Clear,"Koramangala 1st  block, 1st Main road",2,4KM,0.0,0.0
Bengaluru City,Adugodi Traffic PS,1.04432e+16,2020,1,2,Road Accidents,Not Applicable,City/Town,Open area,Human Error,Yes,Grievous Injury,Vehicle to Vehicle,Not at  Junction,Straight and flat,Two way,Bitumen(Tar),Dry,Not Applicable,Clear,"Bannerughatta Main Road, In front of Auto Car Paradise Show Room Lakkasandra",1,2KM,0.0,0.0
Bengaluru City,Adugodi Traffic PS,1.04432e+16,2020,1,2,Road Accidents,Not Applicable,City/Town,Open area,Human Error,Yes,Grievous Injury,Vehicle to Vehicle,No signal lights,Others,Two way,Bitumen(Tar),Dry,Not Applicable,Clear,Koramangala 80 feet Peripheral road,4,3km,0.0,0.0
Bengaluru City,Adugodi Traffic PS,1.04432e+16,2020,1,2,Road Accidents,Junction,City/Town,Open area,Human Error,Yes,Grievous Injury,Vehicle to Vehicle,No signal lights,Straight and flat,Two way,Concrete,Dry,Not Applicable,Clear,"Hosur Lashkar Main Road, Near Veterinary Hospital. Opp Mahalingeshwara Badavane, Adugodi",2,1km,0.0,0.0
Bengaluru City,Adugodi Traffic PS,1.04432e+16,2020,1,2,Road Accidents,Not Applicable,City/Town,Near a factory industrial area,Human Error,No,Grievous Injury,Vehicle to Vehicle,Uncontrolled,Straight and flat,Two way,Bitumen(Tar),Dry,No influence on accident,Clear,"Bannerughatta Main Road, Near Granite Palace Marbal Shop",1,1,0.0,0.0
Bengaluru City,Adugodi Traffic PS,1.04432e+16,2020,1,2,Road Accidents,Not Applicable,City/Town,Near office complex,Human Error,Yes,Damage Only,Vehicle to Vehicle,Not at  Junction,Straight and flat,One way,Concrete,Dry,No influence on accident,Clear,kormangal 60 feat road,4,2km,0.0,0.0
Bengaluru City,Adugodi Traffic PS,1.04432e+16,2020,1,2,Road Accidents,Junction,City/Town,Open area,Human Error,No,Grievous Injury,Vehicle to Vehicle,Controlled,Straight and flat,Two way,Bitumen(Tar),Dry,Not Applicable,Clear,Sarjapura main road,4,2km,12.92747,77.621042
Bengaluru City,Adugodi Traffic PS,1.04432e+16,2020,1,2,Road Accidents,Junction,City/Town,Open area,Human Error,No,Simple Injury,Vehicle to Vehicle,Controlled,Straight and flat,Two way,Concrete,Dry,Not Applicable,Clear,"Koramangala 80ft Main Road, Near IBP Signal, In Front Of Dominos Pizza Shop",2,3,12.940502,77.620214
Bengaluru City,Adugodi Traffic PS,1.04432e+16,2020,1,2,Road Accidents,Junction,City/Town,Open area,Human Error,No,Grievous Injury,Vehicle to Vehicle,Controlled,Straight and flat,Two way,Bitumen(Tar),Dry,Not Applicable,Clear,Sarjapura main road,4,4km,0.0,0.0
Bengaluru City,Adugodi Traffic PS,1.04432e+16,2020,1,2,Road Accidents,Offset,City/Town,Open area,Human Error,Yes,Grievous Injury,Vehicle to Vehicle,Not at  Junction,Straight and flat,Two way,Concrete,Dry,No influence on accident,Clear,Hosur Lashakra Road,3,1km,0.0,0.0
Bengaluru City,Adugodi Traffic PS,1.04432e+16,2020,1,1,Road Accidents,Not Applicable,City/Town,Open area,Human Error,No,Grievous Injury,Hit pedestrian,Not at  Junction,Straight and flat,Others,Bitumen(Tar),Dry,Not Applicable,Clear,Rajendra Nagar 13th Cross Road,5,3km,12.946772,77.618646
Bengaluru City,Adugodi Traffic PS,1.04432e+16,2020,1,2,Road Accidents,Not Applicable,City/Town,Open area,Human Error,Yes,Grievous Injury,Vehicle to Vehicle,Not at  Junction,Straight and flat,Two way,Bitumen(Tar),Dry,No influence on accident,Clear,k,4,3km,0.0,0.0
Bengaluru City,Adugodi Traffic PS,1.04432e+16,2020,1,1,Road Accidents,Not Applicable,City/Town,Open area,Human Error,No,Grievous Injury,Hit pedestrian,Not at  Junction,Straight and flat,Two way,Concrete,Dry,Not Applicable,Clear,Hosur Laskar Road,3,1km,0.0,0.0
Bengaluru City,Adugodi Traffic PS,1.04432e+16,2020,1,2,Road Accidents,Junction,City/Town,Open area,Human Error,No,Damage Only,Vehicle to Vehicle,Controlled,Straight and flat,Two way,Bitumen(Tar),Dry,No influence on accident,Clear,Sarjapura main road,2,4km,12.924855,77.633574
Bengaluru City,Adugodi Traffic PS,1.04432e+16,2020,1,2,Road Accidents,Junction,City/Town,Open area,Human Error,Yes,Grievous Injury,Vehicle to Vehicle,Controlled,Straight and flat,Two way,Concrete,Dry,No influence on accident,Fine,80feet road koramangala,1,2KM,0.0,0.0
Bengaluru City,Adugodi Traffic PS,1.04432e+16,2020,1,2,Road Accidents,Narrow road,City/Town,Open area,Human Error,Yes,Grievous Injury,Vehicle to Vehicle,No signal lights,Straight and flat,One way,Bitumen(Tar),Dry,No influence on accident,Clear,Sarjapura main road,5,3km,0.0,0.0
Bengaluru City,Adugodi Traffic PS,1.04432e+16,2020,1,2,Road Accidents,Offset,City/Town,Open area,Human Error,No,Damage Only,Vehicle to Vehicle,No signal lights,Straight and flat,Two way,Bitumen(Tar),Dry,Not Applicable,Clear,"Bannerughatta Main Road, In front of Auto Car Paradise Show Room Lakkasandra",3,2,0.0,0.0
Bengaluru City,Adugodi Traffic PS,1.04432e+16,2020,1,2,Road Accidents,Not Applicable,City/Town,Open area,Human Error,Yes,Grievous Injury,Vehicle to Vehicle,Controlled,Straight and flat,Two way,Bitumen(Tar),Dry,No influence on accident,Clear,80 Feet Road,1,3km,0.0,0.0
Bengaluru City,Adugodi Traffic PS,1.04432e+16,2020,1,2,Road Accidents,Junction,City/Town,Open area,Not Applicable,No,Damage Only,Vehicle to Vehicle,Uncontrolled,Incline,Others,Concrete,Dry,Not Applicable,Fine,Hosur laskar road,Near Hop comes,CAR,0.0,0.0
Bengaluru City,Adugodi Traffic PS,1.04432e+16,2020,1,1,Road Accidents,Junction,City/Town,Residential area,Human Error,No,Grievous Injury,Not Applicable,Uncontrolled,Straight and flat,Others,Surfaced,Dry,No influence on accident,Fine,"Koramangala 6th Block, 19th Main, Near 4th Cross",1,1,0.0,0.0
Bengaluru City,Adugodi Traffic PS,1.04432e+16,2020,1,2,Road Accidents,Not Applicable,City/Town,Open area,Human Error,No,Grievous Injury,Vehicle to Vehicle,Not Applicable,Steep Incline or Climb,Two way,Concrete,Dry,No influence on accident,Clear,Hosur Lashakra Road,2,1km,0.0,0.0
Bengaluru City,Adugodi Traffic PS,1.04432e+16,2020,1,1,Road Accidents,Not Applicable,City/Town,Open area,Human Error,No,Simple Injury,Hit pedestrian,Not at  Junction,Straight and flat,Two way,Bitumen(Tar),Dry,No influence on accident,Clear,"Bannerughatta Main Road, In front of Auto Car Paradise Show Room Lakkasandra",1,2km,0.0,0.0
Bengaluru City,Adugodi Traffic PS,1.04432e+16,2020,1,1,Road Accidents,Not Applicable,City/Town,Near Hospital,Human Error,No,Grievous Injury,Hit pedestrian,Not at  Junction,Straight and flat,One way,Bitumen(Tar),Dry,Not Applicable,Clear,Sarjapura main road,5,3km,0.0,0.0
Bengaluru City,Adugodi Traffic PS,1.04432e+16,2020,1,2,Road Accidents,Not Applicable,City/Town,Open area,Human Error,No,Grievous Injury,Vehicle to Vehicle,Not at  Junction,Straight and flat,Two way,Bitumen(Tar),Dry,Not Applicable,Clear,L.R Nagara Nagar 1st Main Raod,5,2km,0.0,0.0
Bengaluru City,Adugodi Traffic PS,1.04432e+16,2020,1,1,Road Accidents,Not Applicable,City/Town,Open area,Human Error,Yes,Fatal,Hit pedestrian,Not at  Junction,Straight and flat,Two way,Bitumen(Tar),Dry,Not Applicable,Clear,Bannerughatta Main Road,4,2km,0.0,0.0
Bengaluru City,Adugodi Traffic PS,1.04432e+16,2020,1,2,Road Accidents,Not Applicable,City/Town,Open area,Human Error,Yes,Grievous Injury,Vehicle to Vehicle,No signal lights,Hump,Two way,Concrete,Dry,No influence on accident,Clear,"Hosur Lashkar Main Road, Near Veterinary Hospital. Opp Mahalingeshwara Badavane, Adugodi",1,02km,0.0,0.0
Bengaluru City,Adugodi Traffic PS,1.04432e+16,2020,1,2,Road Accidents,Junction,City/Town,Near Petrol Pump,Human Error,Yes,Grievous Injury,Vehicle to Vehicle,Uncontrolled,Straight and flat,One way,Concrete,Dry,No influence on accident,Fine,"Near Harley Davidson Shoroom, Koramangal 80 Feet Road, Koramangala",1,1,0.0,0.0
Bengaluru City,Adugodi Traffic PS,1.04432e+16,2020,1,2,Road Accidents,Junction,City/Town,Open area,Human Error,Yes,Grievous Injury,Vehicle to Vehicle,Controlled,Straight and flat,Two way,Bitumen(Tar),Dry,Not Applicable,Clear,Sarjapura main road,Near St Johns Hospital,2km,12.9275253,77.6208927
Bengaluru City,Adugodi Traffic PS,1.04432e+16,2020,1,1,Road Accidents,Not Applicable,City/Town,Open area,Human Error,No,Fatal,Hit pedestrian,Not at  Junction,Straight and flat,Two way,Concrete,Dry,No influence on accident,Clear,Hosur Laskar Road,4,100m,0.0,0.0
Bengaluru City,Adugodi Traffic PS,1.04432e+16,2020,1,1,Road Accidents,Cross roads,City/Town,Open area,Human Error,Yes,Grievous Injury,Hit pedestrian,Not at  Junction,Straight and flat,Two way,Bitumen(Tar),Dry,No influence on accident,Clear,Koramangala 80 feet Peripheral road,3,2KM,0.0,0.0
Bengaluru City,Adugodi Traffic PS,1.04432e+16,2021,1,2,Road Accidents,Cross roads,City/Town,Residential area,Human Error,No,Grievous Injury,Vehicle to Vehicle,Not at  Junction,Straight and flat,Two way,Bitumen(Tar),Dry,Not Applicable,Clear,kormangal 3rd blak,Near St Johns Hospital,3km,0.0,0.0
Bengaluru City,Adugodi Traffic PS,1.04432e+16,2021,1,2,Road Accidents,Not Applicable,City/Town,Near Hospital,Not Applicable,No,Grievous Injury,Vehicle to Vehicle,Not at  Junction,Others,Others,Concrete,Dry,Not Applicable,Clear,Bannerugatta road,venkateshwar Hospital,1,0.0,0.0
Bengaluru City,Adugodi Traffic PS,1.04432e+16,2021,1,2,Road Accidents,Junction,City/Town,Near Hospital,Human Error,Yes,Grievous Injury,Vehicle to Vehicle,Controlled,Others,Two way,Concrete,Dry,Drainage Ditch,Clear,80feet road koramangala,1,1,12.940455,77.620258
Bengaluru City,Adugodi Traffic PS,1.04432e+16,2021,1,2,Road Accidents,Not Applicable,City/Town,Near Bus stop,Human Error,No,Fatal,Vehicle to Vehicle,Not at  Junction,Straight and flat,Two way,Concrete,Dry,Not Applicable,Clear,Hosur Lashakra Road,Near Hop comes,100m,0.0,0.0
Bengaluru City,Adugodi Traffic PS,1.04432e+16,2021,1,1,Road Accidents,Not Applicable,City/Town,At pedestrian Crossing,Human Error,Yes,Grievous Injury,Hit pedestrian,Not Applicable,Straight and flat,Two way,Concrete,Dry,Not Applicable,Clear,80feet road koramangala,Near HDFC Bank,4km,12.926926,77.63367
Bengaluru City,Adugodi Traffic PS,1.04432e+16,2021,1,2,Road Accidents,Not Applicable,City/Town,Near Bus stop,Human Error,No,Grievous Injury,Vehicle to Vehicle,Not Applicable,Others,Two way,Concrete,Dry,Not Applicable,Clear,hosur lasar road,BOscoh company gate,1,12.946206,77.607014
Bengaluru City,Adugodi Traffic PS,1.04432e+16,2021,1,1,Road Accidents,Not Applicable,City/Town,Open area,Human Error,No,Grievous Injury,Not Applicable,Not at  Junction,Straight and flat,Two way,Bitumen(Tar),Dry,No influence on accident,Clear,Bannerughatta Main Road,3,2KM,0.0,0.0
Bengaluru City,Adugodi Traffic PS,1.04432e+16,2021,1,2,Road Accidents,Not Applicable,City/Town,Open area,Human Error,No,Grievous Injury,Vehicle to Vehicle,Not at  Junction,Straight and flat,Two way,Bitumen(Tar),Dry,Not Applicable,Clear,Sarjapura main road,4,3,0.0,0.0
Bengaluru City,Adugodi Traffic PS,1.04432e+16,2021,1,2,Road Accidents,Junction,City/Town,Near office complex,Human Error,No,Damage Only,Vehicle to Vehicle,Controlled,Straight and flat,Two way,Concrete,Dry,Not Applicable,Clear,hosur lasar road,forum mal,1,0.0,0.0
Bengaluru City,Adugodi Traffic PS,1.04432e+16,2021,1,2,Road Accidents,Not Applicable,City/Town,Open area,Human Error,No,Grievous Injury,Vehicle to Vehicle,Not at  Junction,Straight and flat,Two way,Bitumen(Tar),Dry,Not Applicable,Clear,"Koramangala 6th  block, 5th Cross road",1,2km,0.0,0.0
Bengaluru City,Adugodi Traffic PS,1.04432e+16,2021,1,2,Road Accidents,Junction,City/Town,Open area,Not Applicable,No,Grievous Injury,Vehicle to Vehicle,Police / Manual,Others,Others,Concrete,Dry,Drainage Ditch,Clear,Hosur Lashakra Road,Police station,0.5,12.937089,77.607982
Bengaluru City,Adugodi Traffic PS,1.04432e+16,2021,1,6,Road Accidents,Curves,City/Town,Open area,Human Error,No,Simple Injury,Vehicle to Vehicle,Not Applicable,Straight and flat,One way,Concrete,Dry,Not Applicable,Clear,Y.D.Matha Road,3,2km,0.0,0.0
Bengaluru City,Adugodi Traffic PS,1.04432e+16,2021,1,2,Road Accidents,Junction,City/Town,Near School or College,Human Error,No,Grievous Injury,Vehicle to Vehicle,No signal lights,Straight and flat,Two way,Concrete,Dry,Not Applicable,Clear,"80feet Main Road, Near Wipro Signal, 1st Cross, Koramangala",BUS STOP,0.5,0.0,0.0
Bengaluru City,Adugodi Traffic PS,1.04432e+16,2021,1,1,Road Accidents,Bottleneck,City/Town,Near office complex,Human Error,No,Fatal,Not Applicable,Not at  Junction,Curve,Two way,Concrete,Dry,Not Applicable,Clear,"80feet road, Koramangala",peter england showroom,2km,0.0,0.0
Bengaluru City,Adugodi Traffic PS,1.04432e+16,2021,1,2,Road Accidents,Junction,City/Town,Near School or College,Human Error,Yes,Grievous Injury,Vehicle to Vehicle,Controlled,Others,Others,Bitumen(Tar),Dry,Not Applicable,Clear,Hosur Lashakra Road,venkateshwar Hospital,1,0.0,0.0
Bengaluru City,Adugodi Traffic PS,1.04432e+16,2021,1,1,Road Accidents,Not Applicable,City/Town,Open area,Human Error,No,Grievous Injury,Not Applicable,Not at  Junction,Straight and flat,Two way,Bitumen(Tar),Dry,Not Applicable,Clear,kormangal 100 feat road,Near Bank of baroda,4km,12.935863,77.625139
Bengaluru City,Adugodi Traffic PS,1.04432e+16,2021,1,2,Road Accidents,Curves,City/Town,Open area,Human Error,No,Damage Only,Vehicle to Vehicle,Controlled,Straight and flat,Two way,Concrete,Dry,Not Applicable,Clear,Hosur Lashakra Road,Near Hop comes,1,0.0,0.0
Bengaluru City,Adugodi Traffic PS,1.04432e+16,2021,1,1,Road Accidents,Not Applicable,City/Town,Near Bus stop,Human Error,No,Grievous Injury,Hit pedestrian,Not at  Junction,Straight and flat,Two way,Concrete,Dry,Not Applicable,Clear,Hosur Laskar Road,Near St Johns Hospital,1,0.0,0.0
Bengaluru City,Adugodi Traffic PS,1.04432e+16,2022,1,2,Road Accidents,Junction,City/Town,Near Hospital,Human Error,No,Grievous Injury,Hit bicyclist,Signal lights Automatic,Straight and flat,Two way,Concrete,Dry,Not Applicable,Clear,Kormangal sarjapura main road,BUS STOP,3,0.0,0.0
Bengaluru City,Adugodi Traffic PS,1.04432e+16,2022,1,2,Road Accidents,Junction,City/Town,Open area,Human Error,No,Grievous Injury,Vehicle to Vehicle,Controlled,Straight and flat,Two way,Bitumen(Tar),Dry,Not Applicable,Clear,Hosur Lashkar road,Krupanidhi Junction,3 km,0.0,0.0
Bengaluru City,Adugodi Traffic PS,1.04432e+16,2022,1,2,Road Accidents,Narrow road,City/Town,Near Petrol Pump,Not Applicable,No,Grievous Injury,Vehicle to Vehicle,Not Applicable,Others,Two way,Bitumen(Tar),Dry,Drainage Ditch,Clear,"80feeRoad, Koramangala",1,02 km,13.093267,77.56204
Bengaluru City,Adugodi Traffic PS,1.04432e+16,2022,1,2,Road Accidents,Not Applicable,City/Town,Near Bus stop,Human Error,No,Grievous Injury,Vehicle to Vehicle,Not at  Junction,Others,Two way,Bitumen(Tar),Dry,Not Applicable,Clear,80 feet Road Koramangala,1,1,0.0,0.0
Bengaluru City,Adugodi Traffic PS,1.04432e+16,2022,1,2,Road Accidents,Junction,City/Town,Near Hospital,Not Applicable,Yes,Fatal,Vehicle to Vehicle,Controlled,Others,Minor District Road,Bitumen(Tar),Dry,Drainage Ditch,Cloudy,Sarjapura main road koramangala,st Johns Hospital,100M,12.927551,77.621047
Bengaluru City,Adugodi Traffic PS,1.04432e+16,2022,1,1,Road Accidents,Not Applicable,City/Town,Open area,Human Error,No,Fatal,Hit pedestrian,Not at  Junction,Straight and flat,Arterial,Concrete,Dry,No influence on accident,Clear,Hosuru Lashkar Road,Near Ganesha Uphara Hotel,100 m,0.0,0.0
Bengaluru City,Adugodi Traffic PS,1.04432e+16,2022,1,1,Road Accidents,Not Applicable,City/Town,Open area,Human Error,No,Grievous Injury,Hit pedestrian,Not at  Junction,Straight and flat,Major District Road,Concrete,Dry,No influence on accident,Clear,"80 feet road, 1st Block, Koramangala",Near Savitha Hotel,2 km,0.0,0.0
Bengaluru City,Adugodi Traffic PS,1.04432e+16,2022,1,1,Road Accidents,Cross roads,City/Town,Near Hospital,Human Error,Yes,Grievous Injury,Not Applicable,No signal lights,Others,Others,Bitumen(Tar),Dry,Not Applicable,Clear,Sarjapura main road koramangala,2,500mtr,0.0,0.0
Bengaluru City,Adugodi Traffic PS,1.04432e+16,2022,1,2,Road Accidents,Cross roads,City/Town,Near Petrol Pump,Not Applicable,No,Grievous Injury,Vehicle to Vehicle,Not Applicable,Others,Two way,Bitumen(Tar),Dry,Not Applicable,Clear,"80feeRoad, Koramangala",IBP Petrol bunk,100M,12.939212,77.625754
Bengaluru City,Adugodi Traffic PS,1.04432e+16,2022,1,1,Road Accidents,Not Applicable,City/Town,Near Hospital,Human Error,No,Grievous Injury,Hit pedestrian,Not at  Junction,Straight and flat,Arterial,Concrete,Dry,No influence on accident,Clear,Sarjapura main road,Near St jhons hospital Main Gate,2 km,12.928894,77.617294
Bengaluru City,Adugodi Traffic PS,1.04432e+16,2022,1,2,Road Accidents,Narrow road,City/Town,Near Bus stop,Human Error,No,Grievous Injury,Vehicle to Vehicle,No signal lights,Others,Others,Concrete,Dry,Drainage Ditch,Clear,Forum Mall Junction Bus Stop,4,0.2,0.0,0.0
Bengaluru City,Adugodi Traffic PS,1.04432e+16,2022,1,2,Road Accidents,Junction,City/Town,Open area,Human Error,Yes,Grievous Injury,Vehicle to Vehicle,Signal lights Automatic,Straight and flat,Arterial,Bitumen(Tar),Dry,No influence on accident,Clear,sarjapura Main Road,At koramangala Water Tank Junction,2 km,0.0,0.0
Bengaluru City,Adugodi Traffic PS,1.04432e+16,2022,1,1,Road Accidents,Cross roads,City/Town,Near Hospital,Human Error,Yes,Grievous Injury,Hit pedestrian,Not at  Junction,Others,Two way,Concrete,Dry,Not Applicable,Clear,Hosur Lashakra Road,2,2,0.0,0.0
Bengaluru City,Adugodi Traffic PS,1.04432e+16,2022,1,1,Road Accidents,Not Applicable,City/Town,Open area,Human Error,No,Fatal,Hit pedestrian,Not at  Junction,Straight and flat,Arterial,Concrete,Dry,No influence on accident,Clear,Sarjapura Main Road,Near St Johns Hospital Main Gate,1 km,0.0,0.0
Bengaluru City,Adugodi Traffic PS,1.04432e+16,2022,1,2,Road Accidents,Not Applicable,City/Town,Open area,Human Error,Yes,Grievous Injury,Vehicle to Vehicle,Controlled,Straight and flat,Arterial,Bitumen(Tar),Dry,No influence on accident,Clear,"80 feet Road, Koramangala",Near NGV Back Gate,2 Km,0.0,0.0
Bengaluru City,Adugodi Traffic PS,1.04432e+16,2022,1,1,Road Accidents,Narrow road,City/Town,Near Hospital,Human Error,No,Fatal,Hit pedestrian,Not Applicable,Not Applicable,Others,Concrete,Dry,Not Applicable,Clear,sarjapura Main Roa Kormangala,Sarjapura Main Road Kormangala,1,0.0,0.0
Bengaluru City,Adugodi Traffic PS,1.04432e+16,2022,1,2,Road Accidents,Curves,City/Town,Near Bus stop,Human Error,No,Simple Injury,Vehicle to Vehicle,Controlled,Curve and Incline,Minor District Road,Bitumen(Tar),Dry,Drainage Ditch,Clear,100feet inner ring road Koramangala,1,100M,0.0,0.0
Bengaluru City,Adugodi Traffic PS,1.04432e+16,2022,1,1,Road Accidents,Narrow road,City/Town,Near Bus stop,Human Error,Yes,Grievous Injury,Hit pedestrian,Not at  Junction,Straight and flat,Two way,Concrete,Dry,Not Applicable,Clear,Hosur Lashakra Road,BUS STOP,2km,0.0,0.0
Bengaluru City,Adugodi Traffic PS,1.04432e+16,2022,1,1,Road Accidents,Not Applicable,City/Town,Near Hospital,Not Applicable,No,Simple Injury,Hit pedestrian,Not Applicable,Others,Major District Road,Concrete,Dry,Drainage Ditch,Clear,Sarjapura main road,1,0.2,0.0,0.0
Bengaluru City,Adugodi Traffic PS,1.04432e+16,2022,1,2,Road Accidents,Not Applicable,City/Town,Near Bus stop,Not Applicable,Yes,Simple Injury,Vehicle to Vehicle,Not at  Junction,Others,Two way,Bitumen(Tar),Dry,Not Applicable,Cloudy,Mico Link Road Adugodi,1,1,0.0,0.0
Bengaluru City,Adugodi Traffic PS,1.04432e+16,2022,1,2,Road Accidents,Not Applicable,City/Town,Open area,Human Error,Yes,Fatal,Vehicle to Vehicle,Uncontrolled,Straight and flat,Arterial,Concrete,Dry,No influence on accident,Clear,Hosur Lashakra Road,Near Bosch Company Gate,500m,0.0,0.0
Bengaluru City,Adugodi Traffic PS,1.04432e+16,2022,1,1,Road Accidents,Not Applicable,City/Town,Near Bus stop,Human Error,Yes,Fatal,Hit pedestrian,Not at  Junction,Straight and flat,Arterial,Concrete,Dry,Not Applicable,Fine,Adugodi main Raod,NEAR SBI BANK,1 KM,12.943619,77.607686
Bengaluru City,Adugodi Traffic PS,1.04432e+16,2022,1,1,Road Accidents,Not Applicable,City/Town,Open area,Not Applicable,No,Grievous Injury,Hit pedestrian,Not at  Junction,Straight and flat,Arterial,Bitumen(Tar),Dry,Not Applicable,Cloudy,hosur main road adugodi,1,1,0.0,0.0
Bengaluru City,Adugodi Traffic PS,1.04432e+16,2022,1,1,Road Accidents,Junction,City/Town,Open area,Human Error,No,Grievous Injury,Hit pedestrian,Police / Manual,Others,Two way,Bitumen(Tar),Dry,Not Applicable,Clear,100 Feet Road Kormangala,1,1,0.0,0.0
Bengaluru City,Adugodi Traffic PS,1.04432e+16,2022,1,1,Road Accidents,Not Applicable,City/Town,Open area,Human Error,Yes,Grievous Injury,Hit pedestrian,Not at  Junction,Straight and flat,Arterial,Concrete,Dry,No influence on accident,Clear,Hosuru Lashkar Road,Near NDRI Gate,300 m,0.0,0.0
Bengaluru City,Adugodi Traffic PS,1.04432e+16,2022,1,2,Road Accidents,Narrow road,City/Town,Open area,Human Error,No,Simple Injury,Vehicle to Vehicle,Not at  Junction,Not Applicable,Two way,Concrete,Dry,Not Applicable,Cloudy,hosur main road adugodi,1,1,12.946777,77.606786
Bengaluru City,Adugodi Traffic PS,1.04432e+16,2022,1,3,Road Accidents,Junction,City/Town,Near Hospital,Not Applicable,Not Applicable,Damage Only,Vehicle to Vehicle,Signal lights Automatic,Not Applicable,Others,Concrete,Dry,Not Applicable,Fine,"Sarjapura main road, sent jhons hospital",st Johns Hospital,0.2,12.928819,77.617435
Bengaluru City,Adugodi Traffic PS,1.04432e+16,2022,1,1,Road Accidents,Narrow road,City/Town,Near Hospital,Human Error,No,Grievous Injury,Hit pedestrian,No signal lights,Others,Major District Road,Concrete,Dry,Drainage Ditch,Cloudy,Kormangal sarjapura main road,st Johns Hospital,1,12.928814,77.617617
Bengaluru City,Adugodi Traffic PS,1.04432e+16,2022,1,1,Road Accidents,Not Applicable,City/Town,Open area,Not Applicable,No,Grievous Injury,Hit pedestrian,Not Applicable,Others,Minor District Road,Concrete,Dry,Drainage Ditch,Clear,"Hosur Lashkar Main Road, Near Veterinary Hospital. Opp Mahalingeshwara Badavane, Adugodi",adugodi Junction,2,0.0,0.0
Bengaluru City,Adugodi Traffic PS,1.04432e+16,2022,1,2,Road Accidents,Not Applicable,City/Town,Residential area,Human Error,Yes,Simple Injury,Vehicle to Vehicle,Not at  Junction,Straight and flat,Two way,Bitumen(Tar),Dry,Not Applicable,Clear,1st Block Koramangala,2,3km,0.0,0.0
Bengaluru City,Adugodi Traffic PS,1.04432e+16,2022,1,3,Road Accidents,Not Applicable,City/Town,Open area,Human Error,No,Damage Only,Vehicle to Vehicle,Not at  Junction,Straight and flat,Two way,Concrete,Dry,No influence on accident,Clear,"Hosur Lashkar Main Road, Near Veterinary Hospital. Opp Mahalingeshwara Badavane, Adugodi",Near Forum Mall,500 m,0.0,0.0
Bengaluru City,Adugodi Traffic PS,1.04432e+16,2022,1,2,Road Accidents,Junction,City/Town,Near Bus stop,Human Error,No,Grievous Injury,Vehicle to Vehicle,Signal lights Automatic,Curve,Major District Road,Bitumen(Tar),Dry,Not Applicable,Clear,Koramangala,Aishwaiya Junction,100M,0.0,0.0
Bengaluru City,Adugodi Traffic PS,1.04432e+16,2022,1,2,Road Accidents,Junction,City/Town,Near Hospital,Human Error,No,Grievous Injury,Vehicle to Vehicle,Signal lights Automatic,Others,Two way,Bitumen(Tar),Dry,Not Applicable,Clear,sarjapura Main Roa Kormangala,1,1,0.0,0.0
Bengaluru City,Adugodi Traffic PS,1.04432e+16,2022,1,1,Road Accidents,Junction,City/Town,Near Hospital,Not Applicable,Yes,Grievous Injury,Not Applicable,Stop sign,Others,Minor District Road,Bitumen(Tar),Dry,Not Applicable,Others,Sarjapura main road koramangala,BUS STOP,1,12.929531,77.615819