DISTRICTNAME,UNITNAME,Crime_No,Year,RI,Noofvehicle_involved,Accident_Classification,Accident_Spot,Accident_Location,Accident_SubLocation,Main_Cause,Hit_Run,Severity,Collision_Type,Junction_Control,Road_Character,Road_Type,Surface_Type,Surface_Condition,Road_Condition,Weather,Accident_Road,Landmark_first,Distance_LandMark_First,Latitude,Longitude
Bengaluru City,Adugodi Traffic PS,1.04432e+16,2022,1,1,Road Accidents,Not Applicable,City/Town,Near Bus stop,Not Applicable,Yes,Fatal,Hit pedestrian,Not Applicable,Others,Major District Road,Concrete,Dry,Not Applicable,Clear,hosur main road adugodi,1,1,0.0,0.0
Bengaluru City,Adugodi Traffic PS,1.04432e+16,2022,1,2,Road Accidents,Junction,City/Town,Open area,Human Error,No,Grievous Injury,Vehicle to Vehicle,Police / Manual,Others,Two way,Bitumen(Tar),Dry,Not Applicable,Clear,80 feet Road Koramangala,1,1,0.0,0.0
Bengaluru City,Adugodi Traffic PS,1.04432e+16,2022,1,2,Road Accidents,Curves,City/Town,Open area,Human Error,No,Damage Only,Vehicle to Vehicle,No signal lights,Straight and flat,Others,Bitumen(Tar),Dry,Not Applicable,Clear,Lakkasandra 19th Cross Road,2,2km,0.0,0.0
Bengaluru City,Adugodi Traffic PS,1.04432e+16,2022,1,1,Road Accidents,Junction,City/Town,Open area,Human Error,No,Grievous Injury,Hit pedestrian,Police / Manual,Straight and flat,Two way,Bitumen(Tar),Dry,No influence on accident,Clear,"80feet Main Road,",Near Ambadker Statue,2km,0.0,0.0
Bengaluru City,Adugodi Traffic PS,1.04432e+16,2022,1,3,Road Accidents,Curves,City/Town,Open area,Not Applicable,No,Damage Only,Vehicle to Vehicle,Not Applicable,Dip or trough,Others,Not Applicable,Dry,Not Applicable,Clear,Koramangala,1,4,0.0,0.0
Bengaluru City,Adugodi Traffic PS,1.04432e+16,2022,1,1,Road Accidents,Cross roads,City/Town,Open area,Not Applicable,No,Grievous Injury,Hit bicyclist,Not Applicable,Curve and Incline,Two way,Concrete,Dry,Not Applicable,Cloudy,Koramangala 7th cross Road,1,1,12.930531,77.626293
Bengaluru City,Adugodi Traffic PS,1.04432e+16,2022,1,2,Road Accidents,Not Applicable,City/Town,Open area,Human Error,No,Grievous Injury,Vehicle to Vehicle,Not at  Junction,Others,Two way,Bitumen(Tar),Dry,Not Applicable,Clear,8th Main Koramangala 3rd Block,1,1,0.0,0.0
Bengaluru City,Adugodi Traffic PS,1.04432e+16,2023,1,2,Road Accidents,Not Applicable,City/Town,Open area,Human Error,No,Damage Only,Vehicle to Vehicle,Signal lights Automatic,Straight and flat,Arterial,Bitumen(Tar),Dry,No influence on accident,Clear,"100 Feet road, Sony world Junction",At Sony world Junction,2 km,0.0,0.0
Bengaluru City,Adugodi Traffic PS,1.04432e+16,2023,1,2,Road Accidents,Junction,City/Town,Near Bus stop,Human Error,Yes,Damage Only,Vehicle to Vehicle,Police / Manual,Others,Two way,Bitumen(Tar),Dry,Not Applicable,Cloudy,sarjapura Main Roa Kormangala,1,1,0.0,0.0
Bengaluru City,Adugodi Traffic PS,1.04432e+16,2023,1,2,Road Accidents,Junction,City/Town,Near Petrol Pump,Human Error,No,Damage Only,Vehicle to Vehicle,Police / Manual,Others,Two way,Bitumen(Tar),Dry,Not Applicable,Clear,80 feet Road Koramangala,80 Feet Road Kormangala,1,0.0,0.0
Bengaluru City,Adugodi Traffic PS,1.04432e+16,2023,1,2,Road Accidents,Junction,City/Town,Near office complex,Human Error,Yes,Grievous Injury,Vehicle to Vehicle,Signal lights Automatic,Not Applicable,Major District Road,Bitumen(Tar),Dry,Not Applicable,Clear,100 Feet Road Kormangala,100 Ft Road Kormangala,1,12.931473,77.622572
Bengaluru City,Adugodi Traffic PS,1.04432e+16,2023,1,2,Road Accidents,Not Applicable,City/Town,Open area,Human Error,No,Damage Only,Vehicle to Vehicle,Not Applicable,Not Applicable,Others,Bitumen(Tar),Dry,Not Applicable,Clear,KMF Dairy Adugodi Bangalaore,KMF Dairy,1,12.940121,77.603274
Bengaluru City,Adugodi Traffic PS,1.04432e+16,2023,1,1,Road Accidents,Not Applicable,City/Town,Near Bus stop,Human Error,Yes,Grievous Injury,Hit pedestrian,Not Applicable,Others,Two way,Bitumen(Tar),Dry,Not Applicable,Others,hosur main road adugodi,hosur main road adugodi,1,0.0,0.0
Bengaluru City,Adugodi Traffic PS,1.04432e+16,2023,1,1,Road Accidents,Not Applicable,City/Town,Near a factory industrial area,Human Error,No,Fatal,Hit pedestrian,Not Applicable,Not Applicable,Others,Bitumen(Tar),Dry,Not Applicable,Clear,KMF Dairy Adugodi Bangalaore,1,1,0.0,0.0
Bengaluru City,Adugodi Traffic PS,1.04432e+16,2023,1,1,Road Accidents,Not Applicable,City/Town,Open area,Human Error,Yes,Grievous Injury,Hit pedestrian,Not at  Junction,Straight and flat,Arterial,Concrete,Dry,No influence on accident,Clear,Hosuru Lashkar Road,Near KEB Office,1 km,12.932391,77.613466
Bengaluru City,Adugodi Traffic PS,1.04432e+16,2023,1,2,Road Accidents,Not Applicable,City/Town,Open area,Human Error,No,Grievous Injury,Vehicle to Vehicle,Not at  Junction,Straight and flat,Arterial,Bitumen(Tar),Dry,No influence on accident,Clear,Sarjapura main road koramangala,Near kudare mukha colony,2km,0.0,0.0
Bengaluru City,Adugodi Traffic PS,1.04432e+16,2023,1,1,Road Accidents,Not Applicable,City/Town,Open area,Human Error,No,Grievous Injury,Hit pedestrian,Not at  Junction,Straight and flat,Arterial,Concrete,Dry,No influence on accident,Clear,sarjapura Main Roa Kormangala,Infront Of St Johns Hospital Main Gate,2 km,12.928911,77.617475
Bengaluru City,Adugodi Traffic PS,1.04432e+16,2023,1,2,Road Accidents,Not Applicable,City/Town,Open area,Human Error,No,Damage Only,Vehicle to Vehicle,Not at  Junction,Curve,Arterial,Concrete,Dry,No influence on accident,Clear,"Koramangala 8th Block, 3rd cross Road",Near Twisted Tiyara LLP Company,1.5 km,12.94144,77.62072
Bengaluru City,Adugodi Traffic PS,1.04432e+16,2023,1,1,Road Accidents,Not Applicable,City/Town,Open area,Human Error,Yes,Grievous Injury,Hit pedestrian,Not at  Junction,Straight and flat,Major District Road,Bitumen(Tar),Dry,No influence on accident,Clear,"80 feet Road, Koramangala",Near BMW Bike Showroom,2km,12.93535,77.628738
Bengaluru City,Adugodi Traffic PS,1.04432e+16,2023,1,2,Road Accidents,Junction,City/Town,Open area,Human Error,No,Grievous Injury,Vehicle to Vehicle,Signal lights Automatic,Others,Major District Road,Bitumen(Tar),Dry,Not Applicable,Clear,100 Feet Road Kormangala,100 Ft Road Kormangala,1,12.936839,77.627022
Bengaluru City,Adugodi Traffic PS,1.04432e+16,2023,1,1,Road Accidents,Not Applicable,City/Town,Near Hospital,Human Error,No,Grievous Injury,Hit pedestrian,Not Applicable,Not Applicable,Two way,Bitumen(Tar),Dry,Not Applicable,Clear,sarjapura Main Road Kormangala (Sarvice Road),1,1,12.925082,77.63398
Bengaluru City,Adugodi Traffic PS,1.04432e+16,2023,1,1,Road Accidents,Cross roads,City/Town,Near Bus stop,Human Error,No,Grievous Injury,Hit pedestrian,Not at  Junction,Others,Two way,Bitumen(Tar),Dry,Not Applicable,Clear,sarjapura Main Roa Kormangala,1,1,0.0,0.0
Bengaluru City,Adugodi Traffic PS,1.04432e+16,2023,1,2,Road Accidents,Junction,City/Town,Near School or College,Human Error,Yes,Grievous Injury,Vehicle to Vehicle,Police / Manual,Others,Two way,Bitumen(Tar),Dry,Not Applicable,Clear,8th Main Koramangala 3rd Block,1,1,0.0,0.0
Bengaluru City,Adugodi Traffic PS,1.04432e+16,2023,1,2,Road Accidents,Narrow road,City/Town,Near Bus stop,Human Error,No,Simple Injury,Vehicle to Vehicle,Not Applicable,Others,Two way,Concrete,Dry,Not Applicable,Cloudy,hosur main road adugodi,hosur main road adugodi,1,0.0,0.0
Bengaluru City,Adugodi Traffic PS,1.04432e+16,2023,1,2,Road Accidents,Not Applicable,City/Town,In bazaar,Human Error,No,Damage Only,Vehicle to Vehicle,Not Applicable,Others,Major District Road,Bitumen(Tar),Dry,Not Applicable,Clear,80 feet Road Koramangala,1,1,0.0,0.0
Bengaluru City,Adugodi Traffic PS,1.04432e+16,2023,1,2,Road Accidents,Not Applicable,City/Town,Near office complex,Human Error,Yes,Fatal,Vehicle to Vehicle,Not Applicable,Not Applicable,Others,Concrete,Dry,Not Applicable,Clear,Mico Link Road Adugodi,Mico Link Road,1,0.0,0.0
Bengaluru City,Adugodi Traffic PS,1.04432e+16,2023,1,2,Road Accidents,Curves,City/Town,Near Bus stop,Human Error,No,Grievous Injury,Vehicle to Vehicle,Not at  Junction,Others,Two way,Concrete,Dry,Not Applicable,Clear,hosur main road adugodi,hosur main road adugodi,1,0.0,0.0
Bengaluru City,Adugodi Traffic PS,1.04432e+16,2023,1,1,Road Accidents,Not Applicable,City/Town,Open area,Human Error,No,Grievous Injury,Hit bicyclist,Not at  Junction,Others,Two way,Bitumen(Tar),Dry,Not Applicable,Clear,1st Block Main Road Near Wipro Park,1,1,0.0,0.0
Bengaluru City,Adugodi Traffic PS,1.04432e+16,2023,1,2,Road Accidents,Not Applicable,City/Town,Open area,Human Error,No,Grievous Injury,Vehicle to Vehicle,Not Applicable,Not Applicable,Two way,Bitumen(Tar),Dry,Not Applicable,Clear,Bannerughatta Main Road  Adugodi,B G Road,1,12.946139,77.602489
Bengaluru City,Adugodi Traffic PS,1.04432e+16,2023,1,2,Road Accidents,Not Applicable,City/Town,Near School or College,Human Error,No,Grievous Injury,Vehicle to Vehicle,Not at  Junction,Others,Two way,Bitumen(Tar),Dry,Not Applicable,Clear,sarjapura Main Road Kormangala,Sarjapura Main Road Kormangala,1,0.0,0.0
Bengaluru City,Adugodi Traffic PS,1.04432e+16,2023,1,1,Road Accidents,Not Applicable,City/Town,Open area,Human Error,No,Grievous Injury,Hit pedestrian,Not at  Junction,Straight and flat,Arterial,Bitumen(Tar),Dry,No influence on accident,Clear,Koramangal 80ft road,Near Chinlung Retorant,2 km,12.931935,77.632306
Bengaluru City,Adugodi Traffic PS,1.04432e+16,2023,1,1,Road Accidents,Narrow road,City/Town,Near Bus stop,Human Error,No,Fatal,Hit pedestrian,Not at  Junction,Others,Two way,Concrete,Dry,Not Applicable,Clear,hosur main road adugodi,hosur main road adugodi,1,0.0,0.0
Bengaluru City,Adugodi Traffic PS,1.04432e+16,2023,1,1,Road Accidents,Narrow road,City/Town,In bazaar,Human Error,Yes,Simple Injury,Hit pedestrian,Not Applicable,Others,Others,Concrete,Dry,Not Applicable,Others,hosur main road adugodi,hosur main road adugodi,1,0.0,0.0
Bengaluru City,Adugodi Traffic PS,1.04432e+16,2023,1,2,Road Accidents,Not Applicable,City/Town,Open area,Human Error,No,Grievous Injury,Vehicle to Vehicle,Not Applicable,Others,Two way,Bitumen(Tar),Dry,Not Applicable,Clear,80 feet Road Koramangala,1,1,0.0,0.0
Bengaluru City,Adugodi Traffic PS,1.04432e+16,2023,1,3,Road Accidents,Junction,City/Town,Open area,Human Error,No,Damage Only,Vehicle to Vehicle,Not Applicable,Others,Others,Concrete,Dry,Not Applicable,Clear,Mico Link Road Adugodi,Mico Link Road,1,0.0,0.0
Bengaluru City,Adugodi Traffic PS,1.04432e+16,2023,1,1,Road Accidents,Not Applicable,City/Town,Open area,Human Error,No,Grievous Injury,Vehicle to Vehicle,Not Applicable,Others,Two way,Concrete,Dry,Not Applicable,Clear,hosur main road adugodi,hosur main road adugodi,2 km,0.0,0.0
Bengaluru City,Adugodi Traffic PS,1.04432e+16,2023,1,1,Road Accidents,Narrow road,City/Town,Open area,Human Error,No,Not Applicable,Hit pedestrian,Not at  Junction,Not Applicable,Others,Concrete,Dry,Not Applicable,Clear,hosur main road adugodi,hosur main road adugodi,1,0.0,0.0
Bengaluru City,Adugodi Traffic PS,1.04432e+16,2023,1,2,Road Accidents,Not Applicable,City/Town,Near Bus stop,Human Error,No,Fatal,Vehicle to Vehicle,Not at  Junction,Not Applicable,Two way,Bitumen(Tar),Dry,Not Applicable,Clear,sarjapura Main Roa Kormangala,Sarjapura Main Road Kormangala,1,0.0,0.0
Bengaluru City,Adugodi Traffic PS,1.04432e+16,2023,1,2,Road Accidents,Narrow road,City/Town,Near School or College,Human Error,Yes,Fatal,Vehicle to Vehicle,Not at  Junction,Not Applicable,Two way,Bitumen(Tar),Dry,Not Applicable,Clear,8th Main Koramangala 3rd Block,8th Main Koramangala 3rd Block,1,0.0,0.0
Bengaluru City,Adugodi Traffic PS,1.04432e+16,2023,1,1,Road Accidents,Not Applicable,City/Town,Open area,Human Error,No,Fatal,Hit pedestrian,Not at  Junction,Straight and flat,Arterial,Bitumen(Tar),Dry,No influence on accident,Clear,sarjapura Main Roa Kormangala,Near St jhons hospital Main Gate,2 km,12.929133,77.616604
Bengaluru City,Adugodi Traffic PS,1.04432e+16,2023,1,2,Road Accidents,Junction,City/Town,Near Hospital,Human Error,Yes,Fatal,Vehicle to Vehicle,Controlled,Others,Major District Road,Bitumen(Tar),Dry,Not Applicable,Clear,sarjapura Main Roa Kormangala,Sarjapura Main Road Kormangala,1,12.927567,77.62091
Bengaluru City,Adugodi Traffic PS,1.04432e+16,2023,1,1,Road Accidents,Cross roads,City/Town,Open area,Human Error,Yes,Grievous Injury,Hit pedestrian,Not at  Junction,Straight and flat,Residential Street,Bitumen(Tar),Dry,No influence on accident,Clear,Middle Road of Sharavathi and Cauvery Block,Near Bhuna s Beauty Parlour,2 km,0.0,0.0
Bengaluru City,Adugodi Traffic PS,1.04432e+16,2023,1,2,Road Accidents,Not Applicable,City/Town,Open area,Human Error,No,Grievous Injury,Vehicle to Vehicle,Not at  Junction,Others,Others,Bitumen(Tar),Dry,Not Applicable,Clear,17th A Main Kormangala,1,1,0.0,0.0
Bengaluru City,Adugodi Traffic PS,1.04432e+16,2023,1,2,Road Accidents,Not Applicable,City/Town,Open area,Human Error,Yes,Grievous Injury,Hit pedestrian,Not at  Junction,Straight and flat,Arterial,Bitumen(Tar),Dry,No influence on accident,Clear,Sarjapura main road koramangala,Near Atic Space Building,3 Km,12.924496,77.638649
Bengaluru City,Adugodi Traffic PS,1.04432e+16,2023,1,2,Road Accidents,Narrow road,City/Town,Open area,Human Error,Yes,Grievous Injury,Vehicle to Vehicle,Not at  Junction,Not Applicable,Two way,Bitumen(Tar),Dry,Not Applicable,Clear,6th Block Kormangala Rama temple Road,1,1,12.940703,77.626854
Bengaluru City,Adugodi Traffic PS,1.04432e+16,2023,1,1,Road Accidents,Junction,City/Town,Near Bus stop,Human Error,No,Grievous Injury,Not Applicable,Police / Manual,Hump,Major District Road,Concrete,Dry,Not Applicable,Clear,80 feet Road Koramangala,1,1,0.0,0.0
Bengaluru City,Adugodi Traffic PS,1.04432e+16,2023,1,1,Road Accidents,Not Applicable,City/Town,Near office complex,Human Error,No,Fatal,Not Applicable,Not at  Junction,Not Applicable,Not Applicable,Bitumen(Tar),Dry,Not Applicable,Clear,100 Feet Road Kormangala,1,1,0.0,0.0
Bengaluru City,Adugodi Traffic PS,1.04432e+16,2023,1,1,Road Accidents,Junction,City/Town,Open area,Human Error,No,Simple Injury,Not Applicable,Signal lights Blinking,Others,Two way,Bitumen(Tar),Dry,Not Applicable,Clear,80 feet Road Koramangala,80 Feet Road Kormangala,1,0.0,0.0
Bengaluru City,Adugodi Traffic PS,1.04432e+16,2023,1,3,Road Accidents,Junction,City/Town,Open area,Human Error,No,Grievous Injury,Vehicle to Vehicle,Controlled,Others,Major District Road,Bitumen(Tar),Dry,Not Applicable,Clear,100 Feet Road Kormangala,1,1,12.935277,77.62442
Bengaluru City,Adugodi Traffic PS,1.04432e+16,2023,1,2,Road Accidents,Not Applicable,City/Town,Open area,Human Error,No,Grievous Injury,Vehicle to Vehicle,Not Applicable,Others,Two way,Concrete,Dry,Not Applicable,Clear,hosur main road adugodi,hosur main road adugodi,1,0.0,0.0
Bengaluru City,Adugodi Traffic PS,1.04432e+16,2023,1,2,Road Accidents,Not Applicable,City/Town,Open area,Human Error,Yes,Grievous Injury,Vehicle to Vehicle,Not Applicable,Not Applicable,Two way,Not Applicable,Dry,Not Applicable,Clear,80 feet Road Koramangala,1,1,0.0,0.0
Bengaluru City,Adugodi Traffic PS,1.04432e+16,2023,1,4,Road Accidents,Not Applicable,City/Town,In bazaar,Human Error,No,Simple Injury,Vehicle to Vehicle,Not at  Junction,Others,Two way,Bitumen(Tar),Dry,Not Applicable,Clear,100 Feet Road Kormangala,100 Ft Road Kormangala,1,12.937786,77.627892
Bengaluru City,Adugodi Traffic PS,1.04432e+16,2023,1,2,Not Applicable,Not Applicable,City/Town,Open area,Human Error,Yes,Grievous Injury,Vehicle to Vehicle,Not Applicable,Not Applicable,Major District Road,Concrete,Dry,Not Applicable,Clear,hosur main road adugodi,hosur main road adugodi,1,0.0,0.0
Bengaluru City,Adugodi Traffic PS,1.04432e+16,2023,1,2,Road Accidents,Narrow road,City/Town,Open area,Human Error,No,Grievous Injury,Vehicle to Vehicle,Not Applicable,Not Applicable,Two way,Bitumen(Tar),Dry,Not Applicable,Clear,Club Road Kormangala,1,1,0.0,0.0
Bengaluru City,Adugodi Traffic PS,1.04432e+16,2023,1,1,Road Accidents,Not Applicable,City/Town,Open area,Human Error,No,Grievous Injury,Hit pedestrian,Controlled,Straight and flat,Arterial,Bitumen(Tar),Dry,No influence on accident,Clear,Koramngala 80 feet road 100 feet road jn,At Sony world Junction,2 km,12.937419,77.626825
Bengaluru City,Adugodi Traffic PS,1.04432e+16,2023,1,1,Road Accidents,Narrow road,City/Town,Open area,Human Error,No,Grievous Injury,Hit pedestrian,Not Applicable,Not Applicable,Major District Road,Concrete,Dry,Not Applicable,Clear,hosur main road adugodi,hosur main road adugodi,1,12.948392,77.606295
Bengaluru City,Adugodi Traffic PS,1.04432e+16,2023,1,1,Road Accidents,Not Applicable,City/Town,Open area,Human Error,No,Grievous Injury,Hit pedestrian,Not at  Junction,Not Applicable,Major District Road,Bitumen(Tar),Dry,Not Applicable,Clear,sarjapura Main Road Kormangala,Sarjapura Main Road Kormangala,1,12.924845,77.637935
Bengaluru City,Adugodi Traffic PS,1.04432e+16,2023,1,4,Road Accidents,Not Applicable,City/Town,Open area,Human Error,Yes,Simple Injury,Vehicle to Vehicle,Not at  Junction,Straight and flat,Residential Street,Bitumen(Tar),Dry,No influence on accident,Clear,"18th Main road, 6th Block , Koramangala",Near Priya Dental Clinic,3 km,0.0,0.0
Bengaluru City,Adugodi Traffic PS,1.04432e+16,2023,1,2,Road Accidents,Narrow road,City/Town,Near School or College,Human Error,No,Simple Injury,Vehicle to Vehicle,Not at  Junction,Not Applicable,Two way,Bitumen(Tar),Dry,Not Applicable,Clear,Adugodi Main Road Bazer Street,Adugodi Main Road Bazer Street,1,0.0,0.0
Bengaluru City,Adugodi Traffic PS,1.04432e+16,2023,1,2,Road Accidents,Not Applicable,City/Town,Open area,Human Error,No,Damage Only,Vehicle to Vehicle,Not at  Junction,Not Applicable,Two way,Bitumen(Tar),Dry,Not Applicable,Clear,Kormangala 5th Block Road,1,1,0.0,0.0
Bengaluru City,Adugodi Traffic PS,1.04432e+16,2023,1,2,Road Accidents,Narrow road,City/Town,Open area,Human Error,No,Simple Injury,Vehicle to Vehicle,Not at  Junction,Others,Others,Bitumen(Tar),Dry,Not Applicable,Clear,100 Feet Road Kormangala,100 Ft Road Kormangala,1,12.937835,77.627854
Bengaluru City,Adugodi Traffic PS,1.04432e+16,2023,1,2,Road Accidents,Not Applicable,City/Town,Open area,Human Error,No,Grievous Injury,Vehicle to Vehicle,No signal lights,Straight and flat,Major District Road,Bitumen(Tar),Dry,No influence on accident,Clear,Koramangala 80 feet Road,Near BMW Byke Show Room,2 km,12.935353,77.628738
Bengaluru City,Adugodi Traffic PS,1.04432e+16,2023,1,2,Road Accidents,Not Applicable,City/Town,Near Hospital,Human Error,No,Damage Only,Vehicle to Vehicle,Not at  Junction,Others,Two way,Bitumen(Tar),Dry,Not Applicable,Clear,Bannerughatta Main Road  Adugodi,1,1,0.0,0.0
Bengaluru City,Adugodi Traffic PS,1.04432e+16,2023,1,1,Road Accidents,Not Applicable,City/Town,Open area,Human Error,No,Fatal,Hit pedestrian,Not Applicable,Not Applicable,Two way,Bitumen(Tar),Dry,Not Applicable,Clear,80 feet Road Koramangala,80 Feet Road Kormangala,1,0.0,0.0
Bengaluru City,Adugodi Traffic PS,1.04432e+16,2023,1,2,Road Accidents,Circle,City/Town,Open area,Human Error,No,Grievous Injury,Vehicle to Vehicle,Not Applicable,Others,Major District Road,Concrete,Dry,Not Applicable,Others,hosur main road adugodi,1,1,0.0,0.0
Bengaluru City,Adugodi Traffic PS,1.04432e+16,2023,1,2,Road Accidents,Junction,City/Town,Near office complex,Human Error,Yes,Grievous Injury,Vehicle to Vehicle,Controlled,Others,Two way,Bitumen(Tar),Dry,Not Applicable,Clear,100 Feet Road Kormangala,1,1,0.0,0.0
Bengaluru City,Adugodi Traffic PS,1.04432e+16,2023,1,2,Road Accidents,Not Applicable,City/Town,Open area,Human Error,No,Damage Only,Vehicle to Vehicle,Not Applicable,Others,Two way,Bitumen(Tar),Dry,Not Applicable,Clear,100 Feet Road Kormangala,100 Ft Road Kormangala,1,0.0,0.0
Bengaluru City,Adugodi Traffic PS,1.04432e+16,2023,1,1,Road Accidents,Not Applicable,City/Town,Near School or College,Human Error,No,Grievous Injury,Hit pedestrian,Not at  Junction,Others,Two way,Bitumen(Tar),Dry,Not Applicable,Clear,Kormangala,Kormangala,1,12.933309,77.62547
Bengaluru City,Airport Traffic PS,1.04432e+16,2016,1,1,Road Accidents,Other,City/Town,Near Bus stop,Human Error,Yes,Fatal,Hit pedestrian,Uncontrolled,Straight and flat,Others,Bitumen(Tar),Dry,No influence on accident,Fine,"Outer Ring Road Main Road, Near J.P Morgun Company Kadubisanahalli",A to B,10,0.0,0.0
Bengaluru City,Airport Traffic PS,1.04432e+16,2016,1,1,Road Accidents,Other,City/Town,Near a religious place,Human Error,No,Fatal,Hit fixed object,Uncontrolled,Straight and flat,City or Town Road,Bitumen(Tar),Dry,No influence on accident,Fine,"Varthur Main Road, Near HAL Borwell Bus Stop, Sri Anjaneya Temple",A to B,60,12.57327,77.41304
Bengaluru City,Airport Traffic PS,1.04432e+16,2016,1,2,Road Accidents,Junction,City/Town,Near Bus stop,Human Error,Yes,Grievous Injury,Side swipe,Signal lights Automatic,Straight and flat,City or Town Road,Bitumen(Tar),Dry,No influence on accident,Fine,"Varthur Road Main Road, Near S.D Road Airport Road Signal, Near HAL Main Gate",A to B,8,12.57479,77.39997
Bengaluru City,Airport Traffic PS,1.04432e+16,2016,1,2,Road Accidents,Other,City/Town,Residential area,Human Error,Yes,Grievous Injury,Right Turn Collision,Uncontrolled,Straight and flat,Others,Bitumen(Tar),Dry,No influence on accident,Fine,Croma Show Room Back Road Kadubisanahalli,A to B,50,0.0,0.0
Bengaluru City,Airport Traffic PS,1.04432e+16,2016,1,2,Road Accidents,Other,City/Town,Narrow bridge or culverts,Human Error,No,Simple Injury,Side swipe,Uncontrolled,Others,City or Town Road,Concrete,Dry,No influence on accident,Fine,Outer Ring Road Main Road Near Kadubisanahalli  Under Pass,A to B,50,12.56383,77.41718
Bengaluru City,Airport Traffic PS,1.04432e+16,2016,1,1,Road Accidents,Other,City/Town,Residential area,Human Error,No,Damage Only,Hit fixed object,Uncontrolled,Straight and flat,City or Town Road,Bitumen(Tar),Dry,No influence on accident,Fine,"Panathur Main Road Near Prime Lavender Apartment, Kadubisanahalli",A to B,25,12.56247,77.4213
Bengaluru City,Airport Traffic PS,1.04432e+16,2016,1,1,Road Accidents,Other,City/Town,Near Bus stop,Human Error,No,Simple Injury,Hit pedestrian,Uncontrolled,Others,City or Town Road,Bitumen(Tar),Dry,No influence on accident,Fine,"Varthur And Airport Main Road, Suranjan Das  Road Junction , HAL",A to B,1,12.57479,77.39997
Bengaluru City,Airport Traffic PS,1.04432e+16,2016,1,2,Road Accidents,Other,City/Town,Near a factory industrial area,Human Error,No,Simple Injury,Head on,Uncontrolled,Straight and flat,City or Town Road,Bitumen(Tar),Dry,No influence on accident,Fine,"Yamalur Main Road, Near Logica Software Company",A to B,1,12.57035,77.4138
Bengaluru City,Airport Traffic PS,1.04432e+16,2016,1,1,Road Accidents,Other,City/Town,Near a recreation place/cinema,Human Error,No,Fatal,Hit pedestrian,Uncontrolled,Straight and flat,City or Town Road,Bitumen(Tar),Dry,No influence on accident,Fine,"Old Airport Main Road, Near Rajeswari Theatre, Konena Agrahara",A to B,55,12.57561,77.39643
Bengaluru City,Airport Traffic PS,1.04432e+16,2016,1,2,Road Accidents,Other,City/Town,Near a factory industrial area,Human Error,No,Grievous Injury,Head on,Uncontrolled,Straight and flat,City or Town Road,Bitumen(Tar),Dry,Not Applicable,Fine,Doddanekkundi Main Road Near HAL East Extinction Back Gate  Turning,A to B,26,12.57838,77.41507
Bengaluru City,Airport Traffic PS,1.04432e+16,2016,1,2,Road Accidents,Bridge,Not Applicable,Narrow bridge or culverts,Human Error,No,Simple Injury,Side swipe,Uncontrolled,Straight and flat,City or Town Road,Bitumen(Tar),Dry,No influence on accident,Fine,"Outer Road Main Road, Near Kadubisanahalli Under Pass",A to B,60,12.56383,77.41718
Bengaluru City,Airport Traffic PS,1.04432e+16,2016,1,2,Road Accidents,Junction,City/Town,Near Bus stop,Human Error,No,Grievous Injury,Side swipe,Signal lights Automatic,Straight and flat,City or Town Road,Bitumen(Tar),Dry,No influence on accident,Fine,"Airport Main Road, Near S.D Road Road Signal, Near HAL Main Gate",A to B,30,12.57505,77.40009
Bengaluru City,Airport Traffic PS,1.04432e+16,2016,1,1,Road Accidents,Other,City/Town,Near School or College,Human Error,Yes,Fatal,Hit pedestrian,Uncontrolled,Straight and flat,City or Town Road,Bitumen(Tar),Dry,No influence on accident,Fine,"Old Airport Main Road Near Vishweshwaraiah Collage , Murugesh Palya",A to B,5,0.0,0.0
Bengaluru City,Airport Traffic PS,1.04432e+16,2016,1,2,Road Accidents,Other,City/Town,Near School or College,Human Error,No,Damage Only,Rear end,Uncontrolled,Straight and flat,City or Town Road,Bitumen(Tar),Dry,No influence on accident,Fine,"Varthur Main Road Near Navapragna School, Kundalahalli",A to B,20,12.57313,77.42741
Bengaluru City,Airport Traffic PS,1.04432e+16,2016,1,2,Road Accidents,T Junction,City/Town,Near Bus stop,Human Error,Yes,Grievous Injury,Head on,Uncontrolled,Straight and flat,City or Town Road,Bitumen(Tar),Dry,No influence on accident,Fine,Varthur Main Road Near HAL Post Office Junction,A to B,30,12.57399,77.40099