DISTRICTNAME,UNITNAME,Crime_No,Year,RI,Noofvehicle_involved,Accident_Classification,Accident_Spot,Accident_Location,Accident_SubLocation,Main_Cause,Hit_Run,Severity,Collision_Type,Junction_Control,Road_Character,Road_Type,Surface_Type,Surface_Condition,Road_Condition,Weather,Accident_Road,Landmark_first,Distance_LandMark_First,Latitude,Longitude
Bengaluru City,Airport Traffic PS,1.04432e+16,2016,1,1,Road Accidents,Other,City/Town,Near office complex,Human Error,No,Grievous Injury,Hit pedestrian,Uncontrolled,Straight and flat,City or Town Road,Bitumen(Tar),Dry,No influence on accident,Fine,"Outer Ring Road Main Road, Near Devarabisanahalli  Bridge, In front of Accenture Company",A to B,15,12.55717,77.40911
Bengaluru City,Airport Traffic PS,1.04432e+16,2016,1,1,Road Accidents,Other,City/Town,Near Bus stop,Human Error,Yes,Grievous Injury,Hit pedestrian,Uncontrolled,Straight and flat,City or Town Road,Bitumen(Tar),Dry,No influence on accident,Fine,"Old Airport Main Road, Near Manipal Hospital",A to B,14,12.57602,77.38768
Bengaluru City,Airport Traffic PS,1.04432e+16,2016,1,2,Road Accidents,Other,City/Town,Near Hospital,Human Error,No,Grievous Injury,Side swipe,Uncontrolled,Straight and flat,City or Town Road,Bitumen(Tar),Dry,No influence on accident,Fine,Old Airport Main Road Near Manipal Hospital Infront Of Methan Hotel,A to B,15,12.57577,77.38927
Bengaluru City,Airport Traffic PS,1.04432e+16,2016,1,2,Road Accidents,Other,City/Town,Near Bus stop,Human Error,No,Simple Injury,Rear end,Uncontrolled,Straight and flat,City or Town Road,Bitumen(Tar),Dry,No influence on accident,Fine,"Airport  Main Road Near Manipal Hospital, In Front Of Titaniam Building",A to B,30,12.57609,77.38898
Bengaluru City,Airport Traffic PS,1.04432e+16,2016,1,2,Road Accidents,Other,City/Town,Near Bus stop,Human Error,Yes,Damage Only,Side swipe,Uncontrolled,Straight and flat,City or Town Road,Bitumen(Tar),Dry,No influence on accident,Fine,"Outer Ring Road Main Road Near Adobe Company, Kadubisanahalli",A to B,24,0.0,0.0
Bengaluru City,Airport Traffic PS,1.04432e+16,2016,1,1,Road Accidents,Other,City/Town,Near Bus stop,Human Error,No,Grievous Injury,Hit pedestrian,Uncontrolled,Straight and flat,City or Town Road,Bitumen(Tar),Dry,No influence on accident,Fine,Outer Ring Road Main Road Near Devarabisanahalli Flyover Bus Stop,A to B,30,12.55916,77.41236
Bengaluru City,Airport Traffic PS,1.04432e+16,2016,1,2,Road Accidents,Other,City/Town,Near Bus stop,Human Error,No,Damage Only,Others,No signal lights,Hump,Others,Bitumen(Tar),Dry,No influence on accident,Others,1,1,1,12.55722,77.40918
Bengaluru City,Airport Traffic PS,1.04432e+16,2016,1,1,Road Accidents,Other,Rural Areas,Near Bus stop,Human Error,No,Damage Only,Rear end,Give way sign,Others,Others,Bitumen(Tar),Dry,No influence on accident,Others,1,1,1,12.5734,77.42056
Bengaluru City,Airport Traffic PS,1.04432e+16,2016,1,1,Road Accidents,Other,City/Town,Near Bus stop,Human Error,Yes,Simple Injury,Others,No signal lights,Others,Others,Bitumen(Tar),Dry,No influence on accident,Clear,Outer Ring Road Main Road Near Devarabisanahalli Bus Stop,1,9,0.0,0.0
Bengaluru City,Airport Traffic PS,1.04432e+16,2016,1,2,Road Accidents,Junction,City/Town,Near office complex,Human Error,Yes,Grievous Injury,Others,Uncontrolled,Straight and flat,City or Town Road,Bitumen(Tar),Dry,No influence on accident,Fine,"Outer Ring Road Main Road, Near ISRO Junction, Karthikanagara",A to B,24,12.58082,77.42093
Bengaluru City,Airport Traffic PS,1.04432e+16,2016,1,2,Road Accidents,Other,City/Town,Near Petrol Pump,Human Error,Yes,Simple Injury,Side swipe,Uncontrolled,Straight and flat,City or Town Road,Bitumen(Tar),Dry,No influence on accident,Fine,"Varthur Main Road, Near Doddanekkundi Cross Opp IOC Petrol Bunk Marathahalli",A to B,20,0.0,0.0
Bengaluru City,Airport Traffic PS,1.04432e+16,2016,1,2,Road Accidents,Other,City/Town,Near Bus stop,Human Error,No,Damage Only,Rear end,Uncontrolled,Straight and flat,City or Town Road,Concrete,Dry,No influence on accident,Fine,"Outer Ring Road Main Road Near Marathahalli Under Bridge,",A to B,1,12.57465,77.4208
Bengaluru City,Airport Traffic PS,1.04432e+16,2016,1,1,Road Accidents,Other,City/Town,Near Bus stop,Human Error,No,Simple Injury,Hit pedestrian,No signal lights,Others,Two way,Bitumen(Tar),Dry,No influence on accident,Others,1234,1,2,12.57868,77.38879
Bengaluru City,Airport Traffic PS,1.04432e+16,2016,1,1,Road Accidents,Other,City/Town,Near Bus stop,Human Error,No,Fatal,Hit pedestrian,No signal lights,Others,Others,Bitumen(Tar),Dry,No influence on accident,Others,1,1,2,12.955218,77.687984
Bengaluru City,Airport Traffic PS,1.04432e+16,2016,1,3,Road Accidents,Other,City/Town,Near Bus stop,Human Error,Yes,Fatal,Side swipe,Uncontrolled,Straight and flat,City or Town Road,Bitumen(Tar),Dry,No influence on accident,Fine,"Varthur Main Road, Near Marathahalli Fly Over Munekolalu Railway Bridge In Front Of Church",A to B,15,12.57408,77.42193
Bengaluru City,Airport Traffic PS,1.04432e+16,2016,1,1,Road Accidents,Other,City/Town,Near Petrol Pump,Human Error,Yes,Grievous Injury,Hit pedestrian,Uncontrolled,Straight and flat,Service Road,Bitumen(Tar),Dry,No influence on accident,Fine,"Outer Ring Road Service Road Near Petrol Bunk, Kadubisanahalli",A to B,25,12.56466,77.41759
Bengaluru City,Airport Traffic PS,1.04432e+16,2016,1,3,Road Accidents,Other,City/Town,Near Bus stop,Human Error,Yes,Fatal,Rear end,Uncontrolled,Others,City or Town Road,Bitumen(Tar),Dry,No influence on accident,Fine,"Outer Ring Road Main Road, Near Maltiplex In front  of Home Town, Marathahalli",A to B,45,12.5713,77.42005
Bengaluru City,Airport Traffic PS,1.04432e+16,2016,1,1,Road Accidents,Other,City/Town,Near Bus stop,Human Error,Yes,Fatal,Hit pedestrian,Uncontrolled,Straight and flat,City or Town Road,Bitumen(Tar),Dry,No influence on accident,Fine,"Outer Ring Road Main Road, Near Devarabisanahalli Bridge In Front Of Dhanalakshmi Bar",A to B,50,12.55899,77.41247
Bengaluru City,Airport Traffic PS,1.04432e+16,2016,1,3,Road Accidents,Other,City/Town,Near Bus stop,Human Error,No,Grievous Injury,Rear end,Uncontrolled,Straight and flat,City or Town Road,Bitumen(Tar),Dry,No influence on accident,Fine,"Outer Ring Road, Near New Horizen Collage  Kadubisanahalli",A to B,22,0.0,0.0
Bengaluru City,Airport Traffic PS,1.04432e+16,2016,1,1,Road Accidents,Other,City/Town,Near office complex,Human Error,No,Grievous Injury,Others,Uncontrolled,Straight and flat,City or Town Road,Bitumen(Tar),Dry,Not Applicable,Fine,"Wind Tunnel Road In front of Hyper City Hotel, Murugesh Palya",A to B,60,12.57403,77.39215
Bengaluru City,Airport Traffic PS,1.04432e+16,2016,1,2,Road Accidents,Junction,City/Town,Near a factory industrial area,Human Error,No,Grievous Injury,Right Turn Collision,Uncontrolled,Straight and flat,City or Town Road,Bitumen(Tar),Dry,No influence on accident,Fine,"Outer Ring Road Main Road, Near ISRO Junction U Turn, Karthikanagara",A to B,20,12.58037,77.42112
Bengaluru City,Airport Traffic PS,1.04432e+16,2016,1,1,Road Accidents,Other,City/Town,Near Bus stop,Human Error,No,Simple Injury,Hit pedestrian,No signal lights,Others,Two way,Bitumen(Tar),Dry,No influence on accident,Clear,1,B to C,18,0.0,0.0
Bengaluru City,Airport Traffic PS,1.04432e+16,2016,1,2,Road Accidents,Other,City/Town,Near or inside a village,Human Error,No,Grievous Injury,Rear end,Uncontrolled,Straight and flat,Residential Street,Bitumen(Tar),Dry,No influence on accident,Fine,"Challa Gatta Road, Near Flore Mill",A to B,2,0.0,0.0
Bengaluru City,Airport Traffic PS,1.04432e+16,2016,1,3,Road Accidents,Other,City/Town,Narrow bridge or culverts,Human Error,Yes,Simple Injury,Rear end,Uncontrolled,Straight and flat,City or Town Road,Bitumen(Tar),Dry,No influence on accident,Fine,"Outer Ring Road Main Road, Near Kadubisanahalli  Under Bridge",A to B,15,0.0,0.0
Bengaluru City,Airport Traffic PS,1.04432e+16,2016,1,3,Road Accidents,More than four arms,City/Town,Near office complex,Human Error,No,Damage Only,Rear end,Signal lights Automatic,Straight and flat,Two way,Bitumen(Tar),Dry,No influence on accident,Fine,"Wind Tunnel Road ISRO Signal, Murugesh Palya",A to B,10,12.57512,77.39255
Bengaluru City,Airport Traffic PS,1.04432e+16,2016,1,2,Road Accidents,Other,City/Town,Residential area,Human Error,Yes,Grievous Injury,Head on,Uncontrolled,Straight and flat,Two way,Bitumen(Tar),Dry,No influence on accident,Fine,"Nagasandra Main Road, Near Spandana Apartment",A to B,10,12.56634,77.3921
Bengaluru City,Airport Traffic PS,1.04432e+16,2016,1,1,Road Accidents,Other,City/Town,Near Bus stop,Human Error,Yes,Simple Injury,Hit pedestrian,Uncontrolled,Others,City or Town Road,Bitumen(Tar),Dry,No influence on accident,Fine,Varthur Main Road Near Spice Garden Munekolalu,A to B,14,12.57379,77.42528
Bengaluru City,Airport Traffic PS,1.04432e+16,2016,1,1,Road Accidents,Other,City/Town,Near Bus stop,Human Error,No,Not Applicable,Not Applicable,Signal lights Automatic,Straight and flat,City or Town Road,Bitumen(Tar),Dry,Not Applicable,Fine,"Old Airport Main Road Near Suranjan Das Road Junction, HAL",A to B,30,12.57508,77.39964
Bengaluru City,Airport Traffic PS,1.04432e+16,2016,1,1,Road Accidents,Other,City/Town,Near Hospital,Human Error,No,Simple Injury,Others,No signal lights,Others,Others,Bitumen(Tar),Dry,No influence on accident,Others,1234,1,1,0.0,0.0
Bengaluru City,Airport Traffic PS,1.04432e+16,2016,1,1,Road Accidents,Other,City/Town,Near Hospital,Human Error,No,Simple Injury,Others,No signal lights,Incline,Two way,Bitumen(Tar),Dry,No influence on accident,Others,1234,1,1,12.57542,77.39306
Bengaluru City,Airport Traffic PS,1.04432e+16,2016,1,1,Road Accidents,Other,City/Town,Near Hospital,Human Error,Yes,Fatal,Hit pedestrian,Uncontrolled,Straight and flat,City or Town Road,Bitumen(Tar),Dry,No influence on accident,Fine,"Outer Ring Road Main Road, Near Vims Hospital Marathahalli",A to B,27,12.56881,77.42009
Bengaluru City,Airport Traffic PS,1.04432e+16,2016,1,1,Road Accidents,Other,City/Town,Near a recreation place/cinema,Human Error,Yes,Grievous Injury,Hit pedestrian,Uncontrolled,Straight and flat,City or Town Road,Bitumen(Tar),Dry,No influence on accident,Fine,"Outer Ring Road Main Road, Near Maltiplex Marathahalli",A to B,6,0.0,0.0
Bengaluru City,Airport Traffic PS,1.04432e+16,2016,1,1,Road Accidents,Other,City/Town,Near a factory industrial area,Human Error,No,Grievous Injury,Hit fixed object,Uncontrolled,Straight and flat,City or Town Road,Bitumen(Tar),Dry,No influence on accident,Fine,"Varthur Main Main Road, Near HAL Museum",A to B,30,0.0,0.0
Bengaluru City,Airport Traffic PS,1.04432e+16,2016,1,1,Road Accidents,Other,City/Town,Near Hospital,Human Error,No,Grievous Injury,Hit pedestrian,Uncontrolled,Straight and flat,City or Town Road,Bitumen(Tar),Dry,No influence on accident,Fine,Varthur Main Road Near Yashomathi Hospital Munekolalu,A to B,10,12.57408,77.42693
Bengaluru City,Airport Traffic PS,1.04432e+16,2016,1,2,Road Accidents,Other,City/Town,Near Hospital,Human Error,Yes,Damage Only,Rear end,Uncontrolled,Straight and flat,City or Town Road,Bitumen(Tar),Dry,No influence on accident,Fine,Outer Ring Road Main Road Near Maltiplex Theatre Marathahalli,A to B,38,12.57065,77.41988
Bengaluru City,Airport Traffic PS,1.04432e+16,2016,1,1,Road Accidents,Other,City/Town,Residential area,Human Error,No,Grievous Injury,Others,Uncontrolled,Straight and flat,City or Town Road,Bitumen(Tar),Dry,No influence on accident,Fine,Doddanekkundi Main Road Near HAL Qtrs,A to B,30,12.57769,77.41427
Bengaluru City,Airport Traffic PS,1.04432e+16,2016,1,2,Road Accidents,Other,City/Town,Near office complex,Human Error,Yes,Grievous Injury,Others,Uncontrolled,Straight and flat,City or Town Road,Bitumen(Tar),Dry,No influence on accident,Fine,"Outer Ring Road Service Road Near Solarpuriya  Company, Kadubisanahalli",A to B,20,0.0,0.0
Bengaluru City,Airport Traffic PS,1.04432e+16,2016,1,3,Road Accidents,Other,City/Town,Near Bus stop,Human Error,No,Damage Only,Rear end,Uncontrolled,Others,City or Town Road,Bitumen(Tar),Dry,No influence on accident,Fine,Outer Ring Road Main Road Near Devarabisanahalli Flyover,A to B,1,12.55881,77.41149
Bengaluru City,Airport Traffic PS,1.04432e+16,2016,1,1,Road Accidents,Other,City/Town,Near office complex,Human Error,Yes,Simple Injury,Hit pedestrian,Uncontrolled,Straight and flat,City or Town Road,Bitumen(Tar),Dry,No influence on accident,Fine,Old Airport Main Road Near Rajewswari Theatre In Front Of Nokia Shop,A to B,1,12.57504,77.39677
Bengaluru City,Airport Traffic PS,1.04432e+16,2016,1,1,Road Accidents,Other,City/Town,Near Hospital,Human Error,No,Fatal,Hit pedestrian,No signal lights,Others,Others,Bitumen(Tar),Dry,No influence on accident,Others,1234,1,5,12.95925,77.662351
Bengaluru City,Airport Traffic PS,1.04432e+16,2016,1,1,Road Accidents,Other,City/Town,Narrow bridge or culverts,Human Error,No,Fatal,Others,Uncontrolled,Straight and flat,City or Town Road,Bitumen(Tar),Dry,No influence on accident,Fine,1234,A to B,40,0.0,0.0
Bengaluru City,Airport Traffic PS,1.04432e+16,2016,1,1,Road Accidents,Other,City/Town,Near Bus stop,Human Error,Yes,Fatal,Hit pedestrian,Uncontrolled,Others,City or Town Road,Bitumen(Tar),Dry,No influence on accident,Fine,"Varthur Main Road, On Munekolalu Railway Bridge, In Between Purva Rivera Apartment and Rohan Vasanth",A to B,40,12.57392,77.4245
Bengaluru City,Airport Traffic PS,1.04432e+16,2016,1,2,Road Accidents,Junction,City/Town,Open area,Human Error,Yes,Simple Injury,Overturning,Uncontrolled,Straight and flat,City or Town Road,Bitumen(Tar),Dry,No influence on accident,Fine,"Outer Ring Road Main Road, Near ISRO Junction U Turn, Karthikanagara",A to B,35,12.58049,77.42117
Bengaluru City,Airport Traffic PS,1.04432e+16,2016,1,1,Road Accidents,Other,City/Town,Near office complex,Human Error,Yes,Fatal,Hit pedestrian,Uncontrolled,Straight and flat,City or Town Road,Bitumen(Tar),Dry,No influence on accident,Fine,"Varthur Main Road, Near Over Hall Division, HAL",A to B,10,12.57477,77.40299
Bengaluru City,Airport Traffic PS,1.04432e+16,2016,1,1,Road Accidents,Other,City/Town,Near Bus stop,Human Error,No,Simple Injury,Hit pedestrian,Uncontrolled,Others,City or Town Road,Bitumen(Tar),Dry,No influence on accident,Fine,"Basavanagara Main Road, Near Tata Share Wood Apartment",A to B,15,12.58166,77.40946
Bengaluru City,Airport Traffic PS,1.04432e+16,2016,1,2,Road Accidents,Other,City/Town,Near office complex,Human Error,No,Fatal,Rear end,Uncontrolled,Straight and flat,City or Town Road,Bitumen(Tar),Dry,No influence on accident,Fine,"Yamalur Main  Road, Near Deloitte Office Gate",A to B,1,12.57035,77.4138
Bengaluru City,Airport Traffic PS,1.04432e+16,2016,1,2,Road Accidents,Other,City/Town,Near office complex,Human Error,No,Grievous Injury,Head on,Uncontrolled,Straight and flat,City or Town Road,Bitumen(Tar),Dry,No influence on accident,Fine,Doddakannahalli Main Road Near New Horizen Collage Cross Junction Kadubisanahalli,A to B,10,12.55884,77.41705
Bengaluru City,Airport Traffic PS,1.04432e+16,2016,1,1,Road Accidents,Other,City/Town,Residential area,Human Error,No,Simple Injury,Hit pedestrian,Uncontrolled,Straight and flat,City or Town Road,Kutcha,Dry,No influence on accident,Fine,Ambedkar Colony Road Near House No 171,A to B,1,12.55482,77.41605
Bengaluru City,Airport Traffic PS,1.04432e+16,2016,1,5,Road Accidents,Other,City/Town,Near Hospital,Human Error,No,Fatal,Others,No signal lights,Hump,One way,Bitumen(Tar),Dry,No influence on accident,Others,Outer Ring Road Main Road,A to D,2,12.57021,77.41961
Bengaluru City,Airport Traffic PS,1.04432e+16,2016,1,1,Road Accidents,Other,City/Town,At pedestrian Crossing,Human Error,Yes,Grievous Injury,Hit and Run,Give way sign,Others,Arterial,Bitumen(Tar),Dry,No influence on accident,Clear,AIRPORT DIMOND DISTRIC NEAR,1,4,12.57599,77.38602
Bengaluru City,Airport Traffic PS,1.04432e+16,2016,1,1,Not Applicable,Other,City/Town,Near Bus stop,Human Error,No,Grievous Injury,Others,No signal lights,Others,Mixed,Bitumen(Tar),Dry,No influence on accident,Others,a,1,2,12.952185,77.652348
Bengaluru City,Airport Traffic PS,1.04432e+16,2016,1,1,Road Accidents,Other,City/Town,Near Bus stop,Human Error,No,Damage Only,Head on,No signal lights,Others,Others,Bitumen(Tar),Dry,No influence on accident,Others,1234,1,1,0.0,0.0
Bengaluru City,Airport Traffic PS,1.04432e+16,2017,1,2,Road Accidents,Not Applicable,City/Town,Near a recreation place/cinema,Human Error,No,Grievous Injury,Hit bicyclist,Give way sign,Others,Arterial,Bitumen(Tar),Dry,Not Applicable,Clear,AIRPORT ROAD,1,2,0.0,0.0
Bengaluru City,Airport Traffic PS,1.04432e+16,2017,1,1,Road Accidents,Bridge,City/Town,Near office complex,Human Error,No,Grievous Injury,Hit pedestrian,No signal lights,Others,Service Road,Bitumen(Tar),Dry,No influence on accident,Fine,"VARTHURU MAIN ROAD,NEAR MUNEKOLALA SERVICE ROAD",1,2,0.0,0.0
Bengaluru City,Airport Traffic PS,1.04432e+16,2017,1,2,Road Accidents,Other,City/Town,Near School or College,Human Error,Yes,Fatal,Hit and Run,Give way sign,Others,Arterial,Bitumen(Tar),Dry,No influence on accident,Clear,outer ring road near new horrizen college,1,6,0.0,0.0
Bengaluru City,Airport Traffic PS,1.04432e+16,2017,1,1,Road Accidents,Other,City/Town,In bazaar,Human Error,No,Damage Only,Others,Stop sign,Others,Two way,Bitumen(Tar),Dry,No influence on accident,Others,a,1,2,0.0,0.0
Bengaluru City,Airport Traffic PS,1.04432e+16,2017,1,2,Road Accidents,Other,City/Town,Narrow bridge or culverts,Not Applicable,No,Simple Injury,Head on,Give way sign,Straight and flat,Arterial,Bitumen(Tar),Dry,Not Applicable,Clear,Varturu Main Road Near Spice Garden,1,4,0.0,0.0
Bengaluru City,Airport Traffic PS,1.04432e+16,2017,1,4,Road Accidents,Other,City/Town,Near Hospital,Human Error,Yes,Simple Injury,Hit and Run,Give way sign,Others,Arterial,Bitumen(Tar),Dry,Not Applicable,Clear,Outer Ring Road  Near Marathahalli Market,1,4km,0.0,0.0
Bengaluru City,Airport Traffic PS,1.04432e+16,2017,1,2,Road Accidents,Culvert,City/Town,Narrow bridge or culverts,Human Error,Yes,Fatal,Hit and Run,Controlled,Others,Arterial,Bitumen(Tar),Dry,Not Applicable,Clear,Outer Ring Road  Near Marathahalli Bridge Under Pass,1,5km,0.0,0.0
Bengaluru City,Airport Traffic PS,1.04432e+16,2017,1,2,Road Accidents,Other,City/Town,Near office complex,Vehicle Defect,No,Damage Only,Head on,Give way sign,Others,Arterial,Bitumen(Tar),Dry,No influence on accident,Clear,LEELA PALACE,1,5,0.0,0.0
Bengaluru City,Airport Traffic PS,1.04432e+16,2017,1,2,Road Accidents,Other,City/Town,At pedestrian Crossing,Vehicle Defect,Not Applicable,Damage Only,Hit bicyclist,Not at  Junction,Others,Arterial,Bitumen(Tar),Dry,Not Applicable,Clear,KEMPAPURA ROAD,1,5,0.0,0.0
Bengaluru City,Airport Traffic PS,1.04432e+16,2017,1,2,Road Accidents,Other,City/Town,Near School or College,Vehicle Defect,No,Not Applicable,Others,Signal lights Blinking,Not Applicable,Arterial,Bitumen(Tar),Dry,Not Applicable,Clear,outer ring road near new horizen college,1,7,0.0,0.0
Bengaluru City,Airport Traffic PS,1.04432e+16,2017,1,1,Road Accidents,Other,City/Town,Near office complex,Human Error,Yes,Fatal,Hit pedestrian,No signal lights,Straight and flat,Two way,Bitumen(Tar),Dry,No influence on accident,Clear,Doddanekkundi  Main Road,1,3,0.0,0.0
Bengaluru City,Airport Traffic PS,1.04432e+16,2017,1,2,Road Accidents,Other,City/Town,Near School or College,Human Error,No,Simple Injury,Hit bicyclist,Give way sign,Straight and flat,Arterial,Bitumen(Tar),Dry,Not Applicable,Clear,Outer Ring Road new horizon college kadubisanahalli,1,6km,0.0,0.0
Bengaluru City,Airport Traffic PS,1.04432e+16,2017,1,2,Road Accidents,Curves,City/Town,Near a factory industrial area,Vehicle Defect,Yes,Simple Injury,Hit and Run,Give way sign,Curve and Incline,Arterial,Bitumen(Tar),Dry,Not Applicable,Clear,Doddenakundi Main Road near Isro Turning,1,5km,0.0,0.0
Bengaluru City,Airport Traffic PS,1.04432e+16,2017,1,1,Road Accidents,Other,City/Town,Near Hospital,Human Error,No,Grievous Injury,Rear end,No signal lights,Others,Others,Bitumen(Tar),Dry,No influence on accident,Others,Devarabisanahalli,1,2,0.0,0.0
Bengaluru City,Airport Traffic PS,1.04432e+16,2017,1,1,Road Accidents,Other,City/Town,Near Bus stop,Human Error,No,Grievous Injury,Skidding or Self accident,No signal lights,Others,Two way,Bitumen(Tar),Dry,No influence on accident,Clear,Airport Main Road,1,1,0.0,0.0
Bengaluru City,Airport Traffic PS,1.04432e+16,2017,1,2,Road Accidents,Junction,City/Town,Near or inside a village,Human Error,Yes,Fatal,Head on,Signal lights Automatic,Others,Arterial,Bitumen(Tar),Dry,No influence on accident,Clear,YAMULURU MAIN ROAD,1,3,0.0,0.0
Bengaluru City,Airport Traffic PS,1.04432e+16,2017,1,1,Road Accidents,Other,City/Town,Near a religious place,Human Error,No,Simple Injury,Hit pedestrian,No signal lights,Others,Two way,Bitumen(Tar),Dry,No influence on accident,Clear,"Kariyammana Agrahara Road,  NearYallamma Temple",1,1,0.0,0.0
Bengaluru City,Airport Traffic PS,1.04432e+16,2017,1,2,Road Accidents,Culvert,City/Town,Narrow bridge or culverts,Vehicle Defect,No,Damage Only,Others,Give way sign,Straight and flat,Arterial,Bitumen(Tar),Dry,Not Applicable,Clear,Outer Ring Road  Near Marathahalli Bridge,1,5km,0.0,0.0
Bengaluru City,Airport Traffic PS,1.04432e+16,2017,1,2,Road Accidents,Other,City/Town,Near Bus stop,Vehicle Defect,Yes,Simple Injury,Hit and Run,Signal lights Blinking,Curve,Arterial,Bitumen(Tar),Dry,Not Applicable,Clear,Varturu Main Road Near Borewell Bus Stop,1,3 km,0.0,0.0
Bengaluru City,Airport Traffic PS,1.04432e+16,2017,1,2,Road Accidents,Other,City/Town,Near or inside a village,Human Error,No,Grievous Injury,Head on,No signal lights,Others,Others,Bitumen(Tar),Dry,No influence on accident,Clear,"Yamalur Lake Main Road,  Near Sri Duggalamma Temple",1,6,0.0,0.0
Bengaluru City,Airport Traffic PS,1.04432e+16,2017,1,1,Road Accidents,Other,City/Town,Near Bus stop,Human Error,Yes,Grievous Injury,Hit pedestrian,No signal lights,Others,Others,Bitumen(Tar),Dry,No influence on accident,Fine,Outer Ring Road Main Road,1,1,0.0,0.0
Bengaluru City,Airport Traffic PS,1.04432e+16,2017,1,2,Road Accidents,Rail Crossing manned,City/Town,Near office complex,Human Error,Yes,Grievous Injury,Hit and Run,Not Applicable,Others,Arterial,Bitumen(Tar),Dry,No influence on accident,Clear,NEAR FARKPLAZA HOTEL OUTER RING ROAD MARATAHALLI,1,6,0.0,0.0
Bengaluru City,Airport Traffic PS,1.04432e+16,2017,1,1,Road Accidents,Bridge,City/Town,Narrow bridge or culverts,Human Error,No,Simple Injury,Hit pedestrian,Give way sign,Curve,Arterial,Bitumen(Tar),Dry,Not Applicable,Clear,NEAR MARATTAHALLI BRIDZE SERVICE ROAD,1,5,12.95688,77.70063
Bengaluru City,Airport Traffic PS,1.04432e+16,2017,1,1,Road Accidents,Other,City/Town,Near Bus stop,Human Error,Yes,Simple Injury,Hit and Run,Give way sign,Others,Arterial,Bitumen(Tar),Dry,Not Applicable,Clear,Varturu Main Road Near Spice Garden,1,5 km,0.0,0.0
Bengaluru City,Airport Traffic PS,1.04432e+16,2017,1,2,Road Accidents,Other,City/Town,Near Bus stop,Human Error,No,Simple Injury,Others,No signal lights,Others,Two way,Bitumen(Tar),Dry,No influence on accident,Cloudy,Varturu Main Road Near Spice Garden,1,3 km,0.0,0.0
Bengaluru City,Airport Traffic PS,1.04432e+16,2017,1,1,Road Accidents,Other,City/Town,Near Bus stop,Human Error,Yes,Fatal,Hit bicyclist,Controlled,Others,Arterial,Bitumen(Tar),Dry,Not Applicable,Clear,Outer Ring Road Near Country Club Devarabisanahalli,1,7km,0.0,0.0
Bengaluru City,Airport Traffic PS,1.04432e+16,2017,1,1,Road Accidents,Other,City/Town,Near Bus stop,Human Error,No,Fatal,Hit pedestrian,No signal lights,Others,City or Town Road,Bitumen(Tar),Dry,No influence on accident,Fine,ORR,1,1,0.0,0.0
Bengaluru City,Airport Traffic PS,1.04432e+16,2017,1,2,Road Accidents,Curves,City/Town,Near Bus stop,Not Applicable,No,Simple Injury,Hit bicyclist,Signal lights Blinking,Curve and Incline,Arterial,Bitumen(Tar),Dry,Not Applicable,Clear,Varturu Main Road Near Borewell Bus Stop,1,3 km,0.0,0.0
Bengaluru City,Airport Traffic PS,1.04432e+16,2017,1,3,Road Accidents,Other,City/Town,Narrow bridge or culverts,Human Error,No,Damage Only,Hit and Run,No signal lights,Others,Arterial,Bitumen(Tar),Dry,No influence on accident,Clear,outer ring road maltiflex,1,5,0.0,0.0
Bengaluru City,Airport Traffic PS,1.04432e+16,2017,1,1,Road Accidents,Culvert,City/Town,At pedestrian Crossing,Human Error,Yes,Grievous Injury,Hit and Run,Signal lights Automatic,Others,Arterial,Bitumen(Tar),Dry,No influence on accident,Clear,NEAR DEVARABISANAHALLI ARCH,1,7,12.95987,77.66746
Bengaluru City,Airport Traffic PS,1.04432e+16,2017,1,4,Road Accidents,Other,City/Town,Near School or College,Vehicle Defect,Yes,Damage Only,Hit and Run,Give way sign,Others,Arterial,Bitumen(Tar),Dry,Not Applicable,Clear,Outer Ring Road new horizon college kadubisanahalli,1,5,0.0,0.0