DISTRICTNAME,UNITNAME,Crime_No,Year,RI,Noofvehicle_involved,Accident_Classification,Accident_Spot,Accident_Location,Accident_SubLocation,Main_Cause,Hit_Run,Severity,Collision_Type,Junction_Control,Road_Character,Road_Type,Surface_Type,Surface_Condition,Road_Condition,Weather,Accident_Road,Landmark_first,Distance_LandMark_First,Latitude,Longitude
Bengaluru City,Airport Traffic PS,1.04432e+16,2017,1,2,Road Accidents,Bridge,City/Town,Narrow bridge or culverts,Human Error,Yes,Fatal,Hit and Run,Give way sign,Others,Arterial,Bitumen(Tar),Dry,Not Applicable,Clear,Outer Ring Road Kadubisanahalli Under Pass,1,5,0.0,0.0
Bengaluru City,Airport Traffic PS,1.04432e+16,2017,1,2,Road Accidents,Other,City/Town,At pedestrian Crossing,Not Applicable,No,Simple Injury,Hit pedestrian,Give way sign,Others,Arterial,Bitumen(Tar),Dry,Not Applicable,Clear,Outer Ring Road Near Country Club,1,6 km,0.0,0.0
Bengaluru City,Airport Traffic PS,1.04432e+16,2017,1,1,Road Accidents,Culvert,City/Town,Narrow bridge or culverts,Vehicle Defect,No,Simple Injury,Hit pedestrian,Controlled,Others,Arterial,Bitumen(Tar),Dry,Not Applicable,Clear,Varturu Main Road Near Spice Garden,1,6km,0.0,0.0
Bengaluru City,Airport Traffic PS,1.04432e+16,2017,1,2,Road Accidents,Other,City/Town,In bazaar,Human Error,No,Grievous Injury,Others,Not Applicable,Incline,Others,Bitumen(Tar),Dry,No influence on accident,Clear,HAL Market,1,1,0.0,0.0
Bengaluru City,Airport Traffic PS,1.04432e+16,2017,1,1,Road Accidents,Other,City/Town,Near Bus stop,Human Error,No,Fatal,Hit pedestrian,Signals (Working),Others,Arterial,Bitumen(Tar),Dry,No influence on accident,Clear,OUTER RING ROAD NEAR KARTHIC NAGARA BUS STOP,1,5,0.0,0.0
Bengaluru City,Airport Traffic PS,1.04432e+16,2017,1,1,Road Accidents,Other,City/Town,At pedestrian Crossing,Human Error,No,Fatal,Hit pedestrian,No signal lights,Others,City or Town Road,Bitumen(Tar),Dry,No influence on accident,Clear,outer ring road,1,5,0.0,0.0
Bengaluru City,Airport Traffic PS,1.04432e+16,2017,1,1,Road Accidents,Other,City/Town,At pedestrian Crossing,Human Error,Yes,Fatal,Hit and Run,No signal lights,Others,Arterial,Bitumen(Tar),Dry,No influence on accident,Clear,VINTANAL ROAD,1,1.5,0.0,0.0
Bengaluru City,Airport Traffic PS,1.04432e+16,2017,1,1,Road Accidents,Other,City/Town,Near School or College,Human Error,Yes,Simple Injury,Hit and Run,Give way sign,Others,Arterial,Bitumen(Tar),Dry,Not Applicable,Clear,Outer Ring Road new horizon college kadubisanahalli,1,5km,0.0,0.0
Bengaluru City,Airport Traffic PS,1.04432e+16,2017,1,1,Road Accidents,Other,City/Town,Near or inside a village,Human Error,No,Simple Injury,Head on,Controlled,Others,Arterial,Bitumen(Tar),Dry,Not Applicable,Clear,panatturu Main Road  Kadubisanahalli,1,6km,0.0,0.0
Bengaluru City,Airport Traffic PS,1.04432e+16,2017,1,1,Road Accidents,Culvert,City/Town,Near Bus stop,Vehicle Defect,No,Simple Injury,Hit pedestrian,Give way sign,Others,Arterial,Bitumen(Tar),Dry,Not Applicable,Clear,Outer Ring Road  Near Marathahalli Home  Town,1,6km,0.0,0.0
Bengaluru City,Airport Traffic PS,1.04432e+16,2017,1,2,Road Accidents,Other,City/Town,Near a factory industrial area,Vehicle Defect,No,Simple Injury,Hit bicyclist,Give way sign,Others,Arterial,Bitumen(Tar),Dry,Not Applicable,Clear,Varturu Main Road Near Hal Gate,1,1km,0.0,0.0
Bengaluru City,Airport Traffic PS,1.04432e+16,2017,1,1,Road Accidents,Other,City/Town,Near Hospital,Human Error,No,Grievous Injury,Hit pedestrian,No signal lights,Hump,Others,Bitumen(Tar),Dry,No influence on accident,Others,Outer Ring Road Main Road,1,1,0.0,0.0
Bengaluru City,Airport Traffic PS,1.04432e+16,2017,1,2,Road Accidents,Other,City/Town,Near a factory industrial area,Human Error,Yes,Not Applicable,Hit and Run,Not Applicable,Others,Arterial,Bitumen(Tar),Dry,No influence on accident,Clear,prestige tec park kadubisanahalli ring road,1,6,12.94307,77.69218
Bengaluru City,Airport Traffic PS,1.04432e+16,2017,1,1,Road Accidents,Culvert,City/Town,Near Hospital,Human Error,No,Simple Injury,Hit pedestrian,Give way sign,Others,Arterial,Bitumen(Tar),Dry,No influence on accident,Clear,NEAR FLY OVER DEVARABISANAHALLI OUTER RINGB ROAD,1,6,0.0,0.0
Bengaluru City,Airport Traffic PS,1.04432e+16,2017,1,2,Road Accidents,Culvert,City/Town,Narrow bridge or culverts,Human Error,No,Simple Injury,Hit bicyclist,Give way sign,Not Applicable,Arterial,Bitumen(Tar),Dry,No influence on accident,Clear,ON THE BRIDGE KADUBISANAHALLI OUTER RING ROAD,1,6,0.0,0.0
Bengaluru City,Airport Traffic PS,1.04432e+16,2017,1,2,Road Accidents,Bridge,City/Town,Narrow bridge or culverts,Vehicle Defect,No,Simple Injury,Hit bicyclist,Not at  Junction,Others,Arterial,Bitumen(Tar),Dry,Not Applicable,Clear,"Outer Ring Road Kadubisanahalli  , Service Road",1,6 km,0.0,0.0
Bengaluru City,Airport Traffic PS,1.04432e+16,2017,1,2,Road Accidents,Other,Rural Areas,Near Bus stop,Human Error,No,Fatal,Others,No signal lights,Straight and flat,Two way,Concrete,Others,Not Applicable,Others,Panathur Main Road,nagarjun hotel,8km,0.0,0.0
Bengaluru City,Airport Traffic PS,1.04432e+16,2017,1,1,Road Accidents,Other,City/Town,Near Bus stop,Human Error,No,Grievous Injury,Others,No signal lights,Others,Others,Bitumen(Tar),Dry,No influence on accident,Clear,Airport Main Road,1,2,0.0,0.0
Bengaluru City,Airport Traffic PS,1.04432e+16,2017,1,1,Road Accidents,Other,City/Town,Near Bus stop,Human Error,Yes,Grievous Injury,Others,No signal lights,Hump,Two way,Bitumen(Tar),Dry,No influence on accident,Clear,Graphite india Road,1,1,0.0,0.0
Bengaluru City,Airport Traffic PS,1.04432e+16,2017,1,1,Road Accidents,Other,City/Town,Near Bus stop,Human Error,No,Grievous Injury,Hit pedestrian,No signal lights,Others,Service Road,Bitumen(Tar),Dry,No influence on accident,Clear,Outer Ring Road Main Road,A to B,1,0.0,0.0
Bengaluru City,Airport Traffic PS,1.04432e+16,2017,1,1,Road Accidents,Other,City/Town,Near or inside a village,Human Error,Yes,Grievous Injury,Others,Not Applicable,Others,Arterial,Bitumen(Tar),Dry,No influence on accident,Clear,NEAR LAKSHMI NARASIMHA TEMPLE MUNEKOLALU,1,6,0.0,0.0
Bengaluru City,Airport Traffic PS,1.04432e+16,2017,1,2,Road Accidents,Other,City/Town,Near a factory industrial area,Vehicle Defect,No,Damage Only,Others,Give way sign,Hump,Arterial,Bitumen(Tar),Dry,No influence on accident,Clear,VARTHURU MAIN ROAD NEAR5 HAL MUSIAM,1,4,0.0,0.0
Bengaluru City,Airport Traffic PS,1.04432e+16,2017,1,1,Road Accidents,Culvert,City/Town,Narrow bridge or culverts,Human Error,No,Fatal,Hit pedestrian,Give way sign,Others,Arterial,Bitumen(Tar),Dry,No influence on accident,Clear,outer ring road marathahalli under pass,1,5,0.0,0.0
Bengaluru City,Airport Traffic PS,1.04432e+16,2017,1,1,Road Accidents,Other,City/Town,Near office complex,Human Error,Yes,Grievous Injury,Others,No signal lights,Others,Others,Bitumen(Tar),Dry,No influence on accident,Fog / Mist,"Airport Main Road,",1,1,0.0,0.0
Bengaluru City,Airport Traffic PS,1.04432e+16,2017,1,2,Road Accidents,Bridge,City/Town,Near Hospital,Human Error,No,Grievous Injury,Head on,No signal lights,Others,Others,Bitumen(Tar),Dry,No influence on accident,Clear,Outer Ring Road Main Road,1,2,12.929788,77.68449
Bengaluru City,Airport Traffic PS,1.04432e+16,2017,1,1,Road Accidents,Other,City/Town,Near a factory industrial area,Human Error,Yes,Fatal,Hit pedestrian,Not Applicable,Not Applicable,Arterial,Bitumen(Tar),Dry,No influence on accident,Clear,VRTHUR MAIN ROAD HAL SPORTS CLUB,1,1.5,0.0,0.0
Bengaluru City,Airport Traffic PS,1.04432e+16,2017,1,2,Road Accidents,Other,City/Town,Narrow bridge or culverts,Human Error,No,Damage Only,Hit and Run,Give way sign,Others,Arterial,Bitumen(Tar),Dry,Not Applicable,Clear,NEAR KALAMANDIR O0UTER RING ROAD MARATAHALLI,1,5,0.0,0.0
Bengaluru City,Airport Traffic PS,1.04432e+16,2017,1,2,Road Accidents,Narrow road,City/Town,Near Bus stop,Vehicle Defect,Not Applicable,Damage Only,Hit parked vehicle,Signal lights Blinking,Straight and flat,Arterial,Bitumen(Tar),Dry,No influence on accident,Clear,varturu main road  near yamaluru junction,1,3,0.0,0.0
Bengaluru City,Airport Traffic PS,1.04432e+16,2017,1,1,Road Accidents,Other,City/Town,Near Bus stop,Human Error,No,Simple Injury,Hit pedestrian,Give way sign,Others,Arterial,Bitumen(Tar),Dry,Not Applicable,Clear,KALAMANDIR BUS STOP,1,5,12.95977,77.7016
Bengaluru City,Airport Traffic PS,1.04432e+16,2017,1,2,Road Accidents,Other,City/Town,Near Bus stop,Human Error,No,Simple Injury,Hit bicyclist,Signal lights Automatic,Others,Arterial,Bitumen(Tar),Dry,Not Applicable,Clear,Near kundalahalli signal,1,5 km,0.0,0.0
Bengaluru City,Airport Traffic PS,1.04432e+16,2017,1,1,Road Accidents,Curves,City/Town,Near School or College,Not Applicable,No,Damage Only,Others,Controlled,Incline,Arterial,Bitumen(Tar),Dry,Not Applicable,Clear,Varturu Main Road Near Nava Pragna School,1,6km,0.0,0.0
Bengaluru City,Airport Traffic PS,1.04432e+16,2017,1,1,Road Accidents,Other,City/Town,Near Hospital,Human Error,Yes,Grievous Injury,Hit pedestrian,No signal lights,Others,Two way,Bitumen(Tar),Dry,No influence on accident,Others,Outer Ring Road  Near Karthik Nagar,1,2,0.0,0.0
Bengaluru City,Airport Traffic PS,1.04432e+16,2017,1,2,Road Accidents,Culvert,City/Town,Narrow bridge or culverts,Human Error,Yes,Not Applicable,Hit and Run,No signal lights,Not Applicable,Arterial,Bitumen(Tar),Dry,No influence on accident,Clear,OUTERRING ROAD MARATAHALLI UNDER PASS,1,5KM,0.0,0.0
Bengaluru City,Airport Traffic PS,1.04432e+16,2017,1,2,Road Accidents,Other,Rural Areas,Near Hospital,Vehicle Defect,No,Damage Only,Others,Give way sign,Not Applicable,Arterial,Bitumen(Tar),Dry,No influence on accident,Clear,NEAR JEEVIKA HOSPITAL OUTER RING ROAD,1,5,0.0,0.0
Bengaluru City,Airport Traffic PS,1.04432e+16,2017,1,1,Road Accidents,Other,City/Town,Near School or College,Human Error,No,Grievous Injury,Hit pedestrian,Give way sign,Curve,Arterial,Bitumen(Tar),Dry,No influence on accident,Clear,BROOK FIELD MAIN ROAD NEAR RAYAN SCHOOL,1,8,0.0,0.0
Bengaluru City,Airport Traffic PS,1.04432e+16,2017,1,1,Road Accidents,Other,City/Town,Near Bus stop,Vehicle Defect,Yes,Simple Injury,Hit and Run,Give way sign,Hump,Arterial,Bitumen(Tar),Dry,Not Applicable,Clear,Varturu Main Road Near Hal Gate,1,1km,0.0,0.0
Bengaluru City,Airport Traffic PS,1.04432e+16,2017,1,1,Road Accidents,Cross roads,City/Town,Near or inside a village,Human Error,Yes,Fatal,Hit and Run,Controlled,Others,Village Road,Gravel,Dry,Not Applicable,Clear,Munekolalu Main Road SGR Near Dentel College,1,6 km,0.0,0.0
Bengaluru City,Airport Traffic PS,1.04432e+16,2017,1,1,Road Accidents,Culvert,City/Town,Narrow bridge or culverts,Human Error,Yes,Fatal,Hit pedestrian,Not Applicable,Others,Arterial,Bitumen(Tar),Dry,No influence on accident,Clear,MARATAHALLI BRIDGE NEAR HOTEL TANDURI POINT,1,5,0.0,0.0
Bengaluru City,Airport Traffic PS,1.04432e+16,2017,1,1,Road Accidents,Narrow road,City/Town,Near School or College,Human Error,No,Grievous Injury,Hit pedestrian,Give way sign,Others,Arterial,Bitumen(Tar),Dry,No influence on accident,Clear,NEAR NEW HORRIZEN COLLEGE,1,6,0.0,0.0
Bengaluru City,Airport Traffic PS,1.04432e+16,2017,1,2,Road Accidents,Culvert,City/Town,Narrow bridge or culverts,Human Error,No,Fatal,Hit bicyclist,Give way sign,Others,Arterial,Bitumen(Tar),Dry,No influence on accident,Clear,OUTER RING ROAD MARATHAHALLI UNDER PASS,1,5,0.0,0.0
Bengaluru City,Airport Traffic PS,1.04432e+16,2017,1,2,Road Accidents,Other,City/Town,Near office complex,Human Error,No,Grievous Injury,Head on,No signal lights,Hump,Two way,Bitumen(Tar),Dry,No influence on accident,Clear,1,1,1,0.0,0.0
Bengaluru City,Airport Traffic PS,1.04432e+16,2017,1,2,Road Accidents,Bridge,City/Town,Narrow bridge or culverts,Not Applicable,Yes,Simple Injury,Hit and Run,Give way sign,Others,Arterial,Bitumen(Tar),Dry,Not Applicable,Clear,Varturu Main Road Near Marathahalli Bridge,1,5km,0.0,0.0
Bengaluru City,Airport Traffic PS,1.04432e+16,2017,1,1,Road Accidents,Other,City/Town,Near Hospital,Human Error,No,Grievous Injury,Hit pedestrian,No signal lights,Others,Others,Bitumen(Tar),Dry,No influence on accident,Clear,Airport Main Road,1,13,0.0,0.0
Bengaluru City,Airport Traffic PS,1.04432e+16,2017,1,1,Road Accidents,Other,City/Town,Near Bus stop,Human Error,No,Grievous Injury,Hit pedestrian,No signal lights,Others,Others,Bitumen(Tar),Dry,No influence on accident,Others,Outer Ring Road Main Road,1,6,12.93341,77.69136
Bengaluru City,Airport Traffic PS,1.04432e+16,2017,1,1,Rail Road Accidents,Other,City/Town,Near a recreation place/cinema,Not Applicable,Yes,Simple Injury,Hit and Run,Controlled,Others,Arterial,Bitumen(Tar),Dry,Not Applicable,Clear,Outer Ring Road  Near Maltiplex,1,6km,0.0,0.0
Bengaluru City,Airport Traffic PS,1.04432e+16,2018,1,2,Road Accidents,T Junction,City/Town,Near office complex,Human Error,Yes,Fatal,Hit and Run,No signal lights,Others,Two way,Bitumen(Tar),Dry,No influence on accident,Clear,Devarabisanahalli,1,6,0.0,0.0
Bengaluru City,Airport Traffic PS,1.04432e+16,2018,1,1,Road Accidents,Not Applicable,City/Town,Near Bus stop,Not Applicable,No,Grievous Injury,Not Applicable,Uncontrolled,Not Applicable,Service Road,Bitumen(Tar),Dry,Not Applicable,Others,Outer ring Road Near Bustop Service Road,A,5,0.0,0.0
Bengaluru City,Airport Traffic PS,1.04432e+16,2018,1,1,Road Accidents,Other,City/Town,Near Hospital,Human Error,Yes,Fatal,Hit pedestrian,No signal lights,Others,Others,Bitumen(Tar),Dry,No influence on accident,Clear,outer irng road,1,7,12.951115,77.699668
Bengaluru City,Airport Traffic PS,1.04432e+16,2018,1,2,Road Accidents,Not Applicable,City/Town,Near Bus stop,Vehicle Defect,Yes,Simple Injury,Hit and Run,No signal lights,Others,City or Town Road,Not Applicable,Dry,No influence on accident,Clear,Varthuru main road,Near HAL MUSIUM,2,0.0,0.0
Bengaluru City,Airport Traffic PS,1.04432e+16,2018,1,1,Road Accidents,Other,City/Town,Near a religious place,Vehicle Defect,No,Simple Injury,Others,No signal lights,Others,City or Town Road,Bitumen(Tar),Dry,No influence on accident,Clear,Kundalahalli Kateramma tempale,Kateramma temple,7km,0.0,0.0
Bengaluru City,Airport Traffic PS,1.04432e+16,2018,1,1,Road Accidents,Other,City/Town,Near Hospital,Human Error,No,Grievous Injury,Others,No signal lights,Others,Others,Bitumen(Tar),Dry,No influence on accident,Clear,Varthur Main Road MARATHAHALLI BRIDGE,1,4,0.0,0.0
Bengaluru City,Airport Traffic PS,1.04432e+16,2018,1,2,Road Accidents,Circle,City/Town,Near Bus stop,Human Error,No,Simple Injury,Head on,No signal lights,Others,Service Road,Bitumen(Tar),Dry,No influence on accident,Clear,Karthiknagar,Outer Ring Road,5,0.0,0.0
Bengaluru City,Airport Traffic PS,1.04432e+16,2018,1,2,Road Accidents,Other,City/Town,In bazaar,Human Error,No,Grievous Injury,Others,No signal lights,Others,Others,Bitumen(Tar),Dry,No influence on accident,Clear,outer irng road,1,5,0.0,0.0
Bengaluru City,Airport Traffic PS,1.04432e+16,2018,1,1,Road Accidents,Bridge,City/Town,Narrow bridge or culverts,Vehicle Defect,Yes,Simple Injury,Hit and Run,No signal lights,Others,Service Road,Bitumen(Tar),Dry,No influence on accident,Fine,service road,marathalli bridge,7 km,0.0,0.0
Bengaluru City,Airport Traffic PS,1.04432e+16,2018,1,1,Rail Road Accidents,Narrow road,City/Town,Near a factory industrial area,Vehicle Defect,Yes,Simple Injury,Hit and Run,No signal lights,Others,City or Town Road,Bitumen(Tar),Dry,No influence on accident,Clear,Varthuru main Road,Marathalli Brand Factory,4,0.0,0.0
Bengaluru City,Airport Traffic PS,1.04432e+16,2018,1,1,Rail Road Accidents,Culvert,City/Town,Near Bus stop,Vehicle Defect,Yes,Simple Injury,Hit and Run,Signal lights Blinking,Others,City or Town Road,Bitumen(Tar),Dry,No influence on accident,Clear,Kadubesanahalli,JP Morgon,7,0.0,0.0
Bengaluru City,Airport Traffic PS,1.04432e+16,2018,1,1,Road Accidents,Culvert,City/Town,Near a recreation place/cinema,Vehicle Defect,Yes,Simple Injury,Hit and Run,No signal lights,Curve,City or Town Road,Bitumen(Tar),Dry,No influence on accident,Clear,Outer ring road,Multiflex theater,04km,0.0,0.0
Bengaluru City,Airport Traffic PS,1.04432e+16,2018,1,2,Road Accidents,Other,City/Town,Near a factory industrial area,Not Applicable,No,Simple Injury,Others,No signal lights,Others,City or Town Road,Bitumen(Tar),Dry,No influence on accident,Clear,Near HAL Helicopter Division,HAL Helicopter Division,1km,0.0,0.0
Bengaluru City,Airport Traffic PS,1.04432e+16,2018,1,1,Road Accidents,Other,City/Town,Near or inside a village,Human Error,No,Fatal,Hit pedestrian,Controlled,Others,Arterial,Bitumen(Tar),Dry,Not Applicable,Clear,Vibhutipura Main Road Vinayaka Nagara Near Sri Maha Vinayaka Temple,1,1 KM,0.0,0.0
Bengaluru City,Airport Traffic PS,1.04432e+16,2018,1,1,Road Accidents,Other,City/Town,Near Hospital,Human Error,Yes,Fatal,Hit pedestrian,No signal lights,Others,Others,Bitumen(Tar),Dry,No influence on accident,Clear,Outer Ring Road  Near Karthik Nagar,1,1,0.0,0.0
Bengaluru City,Airport Traffic PS,1.04432e+16,2018,1,1,Road Accidents,Other,City/Town,Near Bus stop,Not Applicable,No,Grievous Injury,Not Applicable,Uncontrolled,Not Applicable,City or Town Road,Bitumen(Tar),Dry,Not Applicable,Fine,Outer Ring Road Near Croma Store Opp,A,7,0.0,0.0
Bengaluru City,Airport Traffic PS,1.04432e+16,2018,1,1,Road Accidents,Other,City/Town,Near Bus stop,Human Error,Yes,Grievous Injury,Hit pedestrian,No signal lights,Others,Others,Bitumen(Tar),Dry,No influence on accident,Clear,Marathahalli Bus Stop,1,2,0.0,0.0
Bengaluru City,Airport Traffic PS,1.04432e+16,2018,1,1,Road Accidents,Other,City/Town,Near Hospital,Human Error,No,Fatal,Others,No signal lights,Others,Others,Bitumen(Tar),Dry,No influence on accident,Clear,outer irng road,1,5,0.0,0.0
Bengaluru City,Airport Traffic PS,1.04432e+16,2018,1,2,Road Accidents,Other,City/Town,Near Hospital,Human Error,Yes,Simple Injury,Head on,No signal lights,Others,Others,Bitumen(Tar),Dry,No influence on accident,Clear,outer irng road,1,06 Km,0.0,0.0
Bengaluru City,Airport Traffic PS,1.04432e+16,2018,1,2,Road Accidents,More than four arms,City/Town,Near a recreation place/cinema,Vehicle Defect,Yes,Fatal,Hit and Run,No signal lights,Curve,City or Town Road,Bitumen(Tar),Dry,No influence on accident,Clear,Outer ring road,Welsforgo company,7,12.9350036,77.6906
Bengaluru City,Airport Traffic PS,1.04432e+16,2018,1,1,Road Accidents,Curves,City/Town,Narrow bridge or culverts,Vehicle Defect,No,Simple Injury,Others,No signal lights,Curve and Incline,City or Town Road,Bitumen(Tar),Dry,No influence on accident,Clear,Marathalli,Poorvankur Overiya,3km,0.0,0.0
Bengaluru City,Airport Traffic PS,1.04432e+16,2018,1,2,Road Accidents,Other,City/Town,Near School or College,Human Error,Yes,Fatal,Hit and Run,Controlled,Others,Arterial,Bitumen(Tar),Dry,Not Applicable,Clear,Panatturu Main Road Near Panatturu Govt School,1,6 KM,0.0,0.0
Bengaluru City,Airport Traffic PS,1.04432e+16,2018,1,2,Road Accidents,Other,City/Town,Near or inside a village,Not Applicable,Yes,Grievous Injury,Hit and Run,Not at  Junction,Others,Two way,Bitumen(Tar),Dry,Not Applicable,Clear,Yamalur Main Road Near Eshwari Temple,A,4 KM,0.0,0.0
Bengaluru City,Airport Traffic PS,1.04432e+16,2018,1,3,Road Accidents,Other,City/Town,Near a factory industrial area,Vehicle Defect,No,Not Applicable,Others,Give way sign,Others,Arterial,Bitumen(Tar),Dry,Not Applicable,Clear,Varthuru main road Near over hal division,1,1KM,0.0,0.0
Bengaluru City,Airport Traffic PS,1.04432e+16,2018,1,2,Road Accidents,Other,City/Town,Near Hospital,Human Error,No,Grievous Injury,Others,No signal lights,Others,Others,Bitumen(Tar),Dry,No influence on accident,Clear,Varthur Main Road NearKundalahalli Signle,1,4,0.0,0.0
Bengaluru City,Airport Traffic PS,1.04432e+16,2018,1,1,Road Accidents,Other,City/Town,Near Bus stop,Not Applicable,No,Not Applicable,Not Applicable,Not Applicable,Not Applicable,Others,Bitumen(Tar),Dry,Not Applicable,Fine,Outer Ring Road Near Devarabisanahalli bus Stop,A,8KM,0.0,0.0
Bengaluru City,Airport Traffic PS,1.04432e+16,2018,1,1,Road Accidents,Other,City/Town,Near School or College,Human Error,Yes,Grievous Injury,Hit pedestrian,No signal lights,Others,One way,Bitumen(Tar),Dry,No influence on accident,Clear,New Horizone College,1,7,0.0,0.0
Bengaluru City,Airport Traffic PS,1.04432e+16,2018,1,2,Road Accidents,Other,City/Town,Near School or College,Human Error,No,Simple Injury,Head on,No signal lights,Others,Others,Bitumen(Tar),Dry,No influence on accident,Clear,ANNASANDRA PALYA,1,1,0.0,0.0
Bengaluru City,Airport Traffic PS,1.04432e+16,2018,1,1,Road Accidents,Other,City/Town,Open area,Not Applicable,Yes,Grievous Injury,Hit and Run,Not at  Junction,Others,Service Road,Bitumen(Tar),Dry,Not Applicable,Clear,Outer Ring Road Near Marathalli Service road,A,4 Km,0.0,0.0
Bengaluru City,Airport Traffic PS,1.04432e+16,2018,1,3,Road Accidents,Other,City/Town,Residential area,Not Applicable,Yes,Fatal,Hit and Run,Uncontrolled,Others,Others,Not Applicable,Dry,Not Applicable,Others,Devarabisanahalli Mainr road Near Dr. BR Ambedkar Stachu,A,7,0.0,0.0
Bengaluru City,Airport Traffic PS,1.04432e+16,2018,1,2,Road Accidents,Other,City/Town,Residential area,Not Applicable,Yes,Damage Only,Not Applicable,Uncontrolled,Not Applicable,Others,Bitumen(Tar),Dry,Not Applicable,Clear,Panathur Main Road,A,7,0.0,0.0
Bengaluru City,Airport Traffic PS,1.04432e+16,2018,1,2,Road Accidents,Other,City/Town,Near Bus stop,Human Error,No,Damage Only,Overturning,No signal lights,Others,Two way,Bitumen(Tar),Dry,No influence on accident,Clear,Kundalahalli Junction,1,5km,12.956117,77.711939
Bengaluru City,Airport Traffic PS,1.04432e+16,2018,1,2,Road Accidents,Curves,City/Town,Near office complex,Human Error,Yes,Fatal,Others,No signal lights,Others,Others,Bitumen(Tar),Dry,No influence on accident,Clear,Doddenakundi Main Road near HAL Management Center,1,4,12.965281,77.692442
Bengaluru City,Airport Traffic PS,1.04432e+16,2018,1,2,Road Accidents,Other,City/Town,Near Bus stop,Not Applicable,Yes,Simple Injury,Others,No signal lights,Others,City or Town Road,Bitumen(Tar),Dry,No influence on accident,Clear,Outer Ring road,Karthik nagar U turn,6km,0.0,0.0
Bengaluru City,Airport Traffic PS,1.04432e+16,2018,1,1,Road Accidents,Other,City/Town,Near Hospital,Not Applicable,Yes,Fatal,Hit and Run,Controlled,Others,Arterial,Bitumen(Tar),Dry,Not Applicable,Clear,Outer Ring Road  Near Marathahalli Near Vims Hospital,1,5km,0.0,0.0
Bengaluru City,Airport Traffic PS,1.04432e+16,2018,1,2,Road Accidents,Curves,City/Town,Near or inside a village,Not Applicable,No,Grievous Injury,Hit and Run,Controlled,Curve,Arterial,Bitumen(Tar),Dry,Not Applicable,Clear,Near yamaluru Lake Road,1,5KM,0.0,0.0
Bengaluru City,Airport Traffic PS,1.04432e+16,2018,1,1,Road Accidents,Other,City/Town,Near Hospital,Human Error,Yes,Simple Injury,Hit pedestrian,No signal lights,Others,Others,Bitumen(Tar),Dry,No influence on accident,Clear,Outer Ring Road  Near Karthik Nagar,1,5,0.0,0.0
Bengaluru City,Airport Traffic PS,1.04432e+16,2018,1,2,Road Accidents,Junction,City/Town,Near Hospital,Human Error,Yes,Grievous Injury,Head on,No signal lights,Others,Service Road,Bitumen(Tar),Dry,No influence on accident,Fine,Outer Ring Road  Near Karthik Nagar,1,5 km,0.0,0.0
Bengaluru City,Airport Traffic PS,1.04432e+16,2018,1,2,Road Accidents,Other,City/Town,Near Bus stop,Human Error,No,Grievous Injury,Head on,No signal lights,Others,Others,Bitumen(Tar),Dry,Engineering Defect of Road,Clear,HAL JUNCTION,1,1,0.0,0.0
Bengaluru City,Airport Traffic PS,1.04432e+16,2018,1,3,Road Accidents,Other,City/Town,Near Bus stop,Human Error,Yes,Grievous Injury,Head on,No signal lights,Others,Others,Bitumen(Tar),Dry,No influence on accident,Clear,"Outer Ring Road Kadubisanahalli  , Service Road",1,1,0.0,0.0
Bengaluru City,Airport Traffic PS,1.04432e+16,2018,1,1,Road Accidents,Other,City/Town,Near Bus stop,Human Error,No,Grievous Injury,Others,No signal lights,Others,NH,Bitumen(Tar),Dry,No influence on accident,Fine,Outer Ring Road  Near Karthik Nagar,1,2,0.0,0.0
Bengaluru City,Airport Traffic PS,1.04432e+16,2018,1,1,Road Accidents,Other,City/Town,At pedestrian Crossing,Not Applicable,Yes,Grievous Injury,Hit and Run,Not Applicable,Others,Two way,Bitumen(Tar),Dry,No influence on accident,Clear,Tulasi Theater Main Road Siddiq Hotel,A,3 KM,0.0,0.0
Bengaluru City,Airport Traffic PS,1.04432e+16,2018,1,2,Road Accidents,Other,City/Town,Open area,Not Applicable,No,Grievous Injury,Others,Controlled,Others,Service Road,Bitumen(Tar),Dry,No influence on accident,Clear,Outer Ring Road Near Devarabisanahalli Service road,A,7 KM,0.0,0.0
Bengaluru City,Airport Traffic PS,1.04432e+16,2018,1,1,Road Accidents,Other,City/Town,Near Hospital,Human Error,No,Fatal,Hit pedestrian,No signal lights,Others,Others,Bitumen(Tar),Dry,No influence on accident,Clear,Varthur Main Road MARATHAHALLI Yashomathi Hospital,1,5,0.0,0.0
Bengaluru City,Airport Traffic PS,1.04432e+16,2018,1,1,Road Accidents,Other,City/Town,Near Bus stop,Human Error,Yes,Simple Injury,Hit pedestrian,No signal lights,Others,Others,Bitumen(Tar),Dry,No influence on accident,Clear,outer irng road,1,7,0.0,0.0