DISTRICTNAME,UNITNAME,Crime_No,Year,RI,Noofvehicle_involved,Accident_Classification,Accident_Spot,Accident_Location,Accident_SubLocation,Main_Cause,Hit_Run,Severity,Collision_Type,Junction_Control,Road_Character,Road_Type,Surface_Type,Surface_Condition,Road_Condition,Weather,Accident_Road,Landmark_first,Distance_LandMark_First,Latitude,Longitude
Bengaluru City,Airport Traffic PS,1.04432e+16,2018,1,1,Road Accidents,Other,City/Town,Near Bus stop,Human Error,Yes,Grievous Injury,Others,No signal lights,Others,Others,Bitumen(Tar),Dry,No influence on accident,Clear,outer irng road,1,5 km,0.0,0.0
Bengaluru City,Airport Traffic PS,1.04432e+16,2018,1,2,Road Accidents,Cross roads,City/Town,Narrow bridge or culverts,Vehicle Defect,No,Simple Injury,Others,No signal lights,Curve,City or Town Road,Bitumen(Tar),Dry,No influence on accident,Clear,Varthuru main road,Basavanagara Cross,3km,0.0,0.0
Bengaluru City,Airport Traffic PS,1.04432e+16,2018,1,1,Road Accidents,Other,City/Town,Near Bus stop,Human Error,No,Fatal,Hit pedestrian,No signal lights,Others,Others,Bitumen(Tar),Dry,No influence on accident,Clear,outer irng road,1,5,0.0,0.0
Bengaluru City,Airport Traffic PS,1.04432e+16,2018,1,2,Road Accidents,Other,City/Town,Open area,Vehicle Defect,Yes,Simple Injury,Hit and Run,Controlled,Others,Arterial,Bitumen(Tar),Dry,Not Applicable,Clear,Outer Ring Road  Near Bajaj Show Room Service Road Maratahalli,1,5km,0.0,0.0
Bengaluru City,Airport Traffic PS,1.04432e+16,2018,1,1,Road Accidents,Cross roads,City/Town,At pedestrian Crossing,Not Applicable,No,Simple Injury,Hit pedestrian,Controlled,Others,Arterial,Bitumen(Tar),Dry,Not Applicable,Clear,Munekolalu Main Road Manjunatha Layout 14th Cross Near Bluestar AC Company,1,6km,0.0,0.0
Bengaluru City,Airport Traffic PS,1.04432e+16,2018,1,2,Road Accidents,Other,City/Town,Narrow bridge or culverts,Vehicle Defect,No,Damage Only,Others,Controlled,Others,Arterial,Bitumen(Tar),Dry,Not Applicable,Others,Outer Ring Road Near Devarabisanahalli Bridge,1,06 Km,0.0,0.0
Bengaluru City,Airport Traffic PS,1.04432e+16,2018,1,2,Road Accidents,Other,City/Town,Near Bus stop,Human Error,No,Damage Only,Others,No signal lights,Others,Others,Bitumen(Tar),Dry,No influence on accident,Clear,Outer Ringa road Near Devarabisanahalli Junction,1,6,0.0,0.0
Bengaluru City,Airport Traffic PS,1.04432e+16,2018,1,2,Road Accidents,Other,City/Town,Near Hospital,Human Error,Yes,Fatal,Rear end,No signal lights,Others,Others,Bitumen(Tar),Dry,No influence on accident,Cloudy,Outer Ring Road  Near Karthik Nagar Junction,1,5,0.0,0.0
Bengaluru City,Airport Traffic PS,1.04432e+16,2018,1,2,Road Accidents,Other,City/Town,Near Bus stop,Not Applicable,No,Grievous Injury,Others,Not Applicable,Others,Service Road,Bitumen(Tar),Dry,Not Applicable,Fine,Outer Ring Road Near Karthik Nagar Junction Service Road,A,5 KM,0.0,0.0
Bengaluru City,Airport Traffic PS,1.04432e+16,2018,1,1,Road Accidents,Other,City/Town,Near Hospital,Not Applicable,Yes,Fatal,Not Applicable,Uncontrolled,Not Applicable,City or Town Road,Bitumen(Tar),Dry,Not Applicable,Others,Outer Ring Road Near Vims Hospital,A,7,12.948329,77.699114
Bengaluru City,Airport Traffic PS,1.04432e+16,2018,1,1,Road Accidents,More than four arms,City/Town,At pedestrian Crossing,Not Applicable,Yes,Simple Injury,Others,No signal lights,Others,City or Town Road,Bitumen(Tar),Dry,No influence on accident,Clear,Outer Ring road,Walmart Labs,7km,0.0,0.0
Bengaluru City,Airport Traffic PS,1.04432e+16,2018,1,2,Road Accidents,Other,City/Town,Near Petrol Pump,Human Error,Yes,Damage Only,Rear end,No signal lights,Curve,Others,Bitumen(Tar),Dry,No influence on accident,Clear,Yamaluru Signal,1,4,0.0,0.0
Bengaluru City,Airport Traffic PS,1.04432e+16,2018,1,2,Road Accidents,Not Applicable,City/Town,Near Bus stop,Not Applicable,No,Fatal,Not Applicable,Uncontrolled,Not Applicable,City or Town Road,Bitumen(Tar),Dry,Not Applicable,Fine,Outer Ring Road Near Kalamandir Marathalli,A,5,0.0,0.0
Bengaluru City,Airport Traffic PS,1.04432e+16,2018,1,2,Road Accidents,Other,City/Town,Near Hospital,Human Error,Yes,Damage Only,Head on,No signal lights,Hump,Two way,Bitumen(Tar),Dry,No influence on accident,Clear,Varturu Main Road Near Spice Garden,1,5,0.0,0.0
Bengaluru City,Airport Traffic PS,1.04432e+16,2018,1,1,Road Accidents,Other,City/Town,Near Bus stop,Human Error,No,Fatal,Hit pedestrian,No signal lights,Others,Others,Bitumen(Tar),Dry,No influence on accident,Others,outer irng road,1,5,0.0,0.0
Bengaluru City,Airport Traffic PS,1.04432e+16,2018,1,2,Road Accidents,Junction,City/Town,Near Bus stop,Human Error,No,Grievous Injury,Head on,Signal lights Automatic,Others,Others,Bitumen(Tar),Dry,No influence on accident,Clear,HAL JUNCTION,1,100MTR,0.0,0.0
Bengaluru City,Airport Traffic PS,1.04432e+16,2018,1,1,Road Accidents,Other,City/Town,Near Hospital,Human Error,Yes,Fatal,Hit pedestrian,No signal lights,Hump,Others,Bitumen(Tar),Dry,No influence on accident,Clear,Outer Ring Road  Near Maltiplex,1,7,12.947558,77.698964
Bengaluru City,Airport Traffic PS,1.04432e+16,2018,1,2,Road Accidents,Other,City/Town,Near Hospital,Human Error,No,Grievous Injury,Others,No signal lights,Others,Others,Bitumen(Tar),Dry,No influence on accident,Clear,ANNASANDRA PALYA,1,1,0.0,0.0
Bengaluru City,Airport Traffic PS,1.04432e+16,2018,1,1,Rail Road Accidents,Narrow road,City/Town,Near a religious place,Vehicle Defect,No,Simple Injury,Hit pedestrian,No signal lights,Others,City or Town Road,Bitumen(Tar),Dry,No influence on accident,Clear,Mazeed Quba Road,LB Shastrinagar,1,0.0,0.0
Bengaluru City,Airport Traffic PS,1.04432e+16,2018,1,2,Road Accidents,Other,City/Town,Open area,Vehicle Defect,No,Simple Injury,Others,Not at  Junction,Others,Two way,Bitumen(Tar),Dry,Not Applicable,Clear,Doddenakundi Main Road near HAL Management Center,1,4 km,0.0,0.0
Bengaluru City,Airport Traffic PS,1.04432e+16,2018,1,1,Road Accidents,Other,City/Town,At pedestrian Crossing,Vehicle Defect,No,Simple Injury,Others,Controlled,Others,Arterial,Bitumen(Tar),Dry,Not Applicable,Clear,Outer Ring Road Near Country Club Devarabisanahalli,1,6 km,0.0,0.0
Bengaluru City,Airport Traffic PS,1.04432e+16,2018,1,2,Road Accidents,Curves,City/Town,Narrow bridge or culverts,Human Error,No,Damage Only,Head on,No signal lights,Others,One way,Bitumen(Tar),Dry,No influence on accident,Others,outer irng road,a,6,0.0,0.0
Bengaluru City,Airport Traffic PS,1.04432e+16,2018,1,1,Road Accidents,Other,City/Town,Near Bus stop,Human Error,No,Fatal,Hit pedestrian,No signal lights,Others,Others,Bitumen(Tar),Dry,No influence on accident,Clear,Basavanagar Main Road,1,3,0.0,0.0
Bengaluru City,Airport Traffic PS,1.04432e+16,2018,1,2,Road Accidents,Other,City/Town,Near or inside a village,Human Error,No,Grievous Injury,Head on,No signal lights,Others,Others,Bitumen(Tar),Dry,No influence on accident,Clear,Devarabisanahalli,1,7,0.0,0.0
Bengaluru City,Airport Traffic PS,1.04432e+16,2018,1,2,Road Accidents,More than four arms,City/Town,Near Hospital,Human Error,Yes,Grievous Injury,Head on,No signal lights,Others,Others,Bitumen(Tar),Dry,No influence on accident,Clear,outer irng road,1,2,0.0,0.0
Bengaluru City,Airport Traffic PS,1.04432e+16,2018,1,1,Road Accidents,Other,City/Town,Near Bus stop,Human Error,Yes,Grievous Injury,Hit pedestrian,No signal lights,Others,Others,Bitumen(Tar),Dry,No influence on accident,Clear,outer irng road,1,7,0.0,0.0
Bengaluru City,Airport Traffic PS,1.04432e+16,2018,1,1,Road Accidents,Other,City/Town,Near Hospital,Human Error,No,Grievous Injury,Others,No signal lights,Others,Two way,Bitumen(Tar),Dry,No influence on accident,Clear,outer irng road,1,7,0.0,0.0
Bengaluru City,Airport Traffic PS,1.04432e+16,2018,1,1,Road Accidents,Cross roads,City/Town,Near office complex,Vehicle Defect,Yes,Fatal,Hit and Run,No signal lights,Curve,City or Town Road,Bitumen(Tar),Dry,No influence on accident,Clear,Varthuru Main road,Marathalli R D Juvellery,3km,12.95597,77.692816
Bengaluru City,Airport Traffic PS,1.04432e+16,2018,1,1,Road Accidents,Other,City/Town,In bazaar,Human Error,No,Simple Injury,Hit pedestrian,No signal lights,Straight and flat,City or Town Road,Bitumen(Tar),Dry,No influence on accident,Clear,Marathhalli Main Road,Om Shakthi Fruit Shop,4KM,0.0,0.0
Bengaluru City,Airport Traffic PS,1.04432e+16,2018,1,2,Road Accidents,Junction,City/Town,Narrow bridge or culverts,Vehicle Defect,No,Simple Injury,Others,Signal lights Automatic,Others,City or Town Road,Bitumen(Tar),Dry,No influence on accident,Clear,Outer ring road,Kadubesanahalli Junction,7,0.0,0.0
Bengaluru City,Airport Traffic PS,1.04432e+16,2018,1,1,Road Accidents,Junction,City/Town,Narrow bridge or culverts,Vehicle Defect,No,Simple Injury,Others,Signal lights Automatic,Curve,City or Town Road,Bitumen(Tar),Dry,No influence on accident,Clear,Outer ring road,Kadubesanahalli,7km,0.0,0.0
Bengaluru City,Airport Traffic PS,1.04432e+16,2018,1,1,Road Accidents,Other,City/Town,Near Hospital,Human Error,Yes,Grievous Injury,Hit pedestrian,No signal lights,Curve,Others,Bitumen(Tar),Dry,No influence on accident,Snow,Devarabisanahalli,1,2,0.0,0.0
Bengaluru City,Airport Traffic PS,1.04432e+16,2018,1,2,Road Accidents,Other,City/Town,Near Hospital,Human Error,No,Damage Only,Rear end,No signal lights,Others,Two way,Bitumen(Tar),Dry,No influence on accident,Others,ITPL MAIN ROAD,1,1,0.0,0.0
Bengaluru City,Airport Traffic PS,1.04432e+16,2018,1,1,Road Accidents,Other,City/Town,Open area,Not Applicable,Yes,Simple Injury,Hit and Run,Not at  Junction,Others,Service Road,Bitumen(Tar),Dry,Not Applicable,Others,Outer ring Raod Kadubisanahlli service road croma opp,Accident spot,6 km,0.0,0.0
Bengaluru City,Airport Traffic PS,1.04432e+16,2018,1,1,Road Accidents,Other,City/Town,In bazaar,Human Error,No,Simple Injury,Hit pedestrian,No signal lights,Others,Two way,Bitumen(Tar),Dry,No influence on accident,Clear,Mallaeshpalya,1,5,0.0,0.0
Bengaluru City,Airport Traffic PS,1.04432e+16,2018,1,3,Road Accidents,Cross roads,City/Town,Near Bus stop,Vehicle Defect,No,Simple Injury,Others,No signal lights,Others,City or Town Road,Bitumen(Tar),Dry,No influence on accident,Clear,Varthuru main road,HAL Post office,200mtr,0.0,0.0
Bengaluru City,Airport Traffic PS,1.04432e+16,2018,1,2,Road Accidents,Narrow road,City/Town,Near or inside a village,Vehicle Defect,No,Fatal,Others,No signal lights,Curve,City or Town Road,Bitumen(Tar),Dry,No influence on accident,Clear,Yamaluru Lake road,Yamaluru Lake Upramp,5km,0.0,0.0
Bengaluru City,Airport Traffic PS,1.04432e+16,2018,1,1,Road Accidents,Other,City/Town,Near Bus stop,Not Applicable,No,Grievous Injury,Others,Controlled,Others,Service Road,Bitumen(Tar),Dry,No influence on accident,Clear,Outer Ring Road Karthik Nagar,A,5 K.M,0.0,0.0
Bengaluru City,Airport Traffic PS,1.04432e+16,2018,1,1,Road Accidents,Other,City/Town,Near Bus stop,Vehicle Defect,Yes,Grievous Injury,Hit and Run,Not Applicable,Others,Service Road,Bitumen(Tar),Dry,Not Applicable,Fine,Outer Ring Road Near Home Town,1,4 Km,0.0,0.0
Bengaluru City,Airport Traffic PS,1.04432e+16,2018,1,1,Road Accidents,Not Applicable,City/Town,Near Bus stop,Not Applicable,No,Not Applicable,Not Applicable,Uncontrolled,Not Applicable,Service Road,Bitumen(Tar),Dry,Not Applicable,Others,Outer Ring Road Near Bustop Service Road,A,5 KM,0.0,0.0
Bengaluru City,Airport Traffic PS,1.04432e+16,2018,1,1,Road Accidents,More than four arms,City/Town,Near Bus stop,Human Error,No,Simple Injury,Hit pedestrian,No signal lights,Straight and flat,City or Town Road,Bitumen(Tar),Dry,No influence on accident,Clear,Outer Ring Road Opposite Wels Fargo Company,Wels Fargo Company,7KM,0.0,0.0
Bengaluru City,Airport Traffic PS,1.04432e+16,2018,1,2,Road Accidents,Culvert,City/Town,Near Hospital,Vehicle Defect,No,Fatal,Others,Signal lights Automatic,Curve,City or Town Road,Bitumen(Tar),Dry,No influence on accident,Clear,Varthuru Main road,Kundalahalli Gate Signol,6km,12.955965,77.713268
Bengaluru City,Airport Traffic PS,1.04432e+16,2018,1,2,Road Accidents,More than four arms,City/Town,Near Bus stop,Human Error,No,Damage Only,Others,No signal lights,Others,Others,Bitumen(Tar),Dry,No influence on accident,Clear,Devarabisanahalli,1,2,0.0,0.0
Bengaluru City,Airport Traffic PS,1.04432e+16,2018,1,1,Road Accidents,Not Applicable,City/Town,Near Hospital,Not Applicable,No,Not Applicable,Not Applicable,Controlled,Others,Service Road,Bitumen(Tar),Dry,Not Applicable,Fine,Outer Ring Road Near Kritunga Hotel,A,5 KM,0.0,0.0
Bengaluru City,Airport Traffic PS,1.04432e+16,2018,1,2,Road Accidents,Other,City/Town,Near Bus stop,Human Error,No,Damage Only,Head on,No signal lights,Others,Others,Bitumen(Tar),Dry,No influence on accident,Clear,outer irng road,1,6,12.934922,77.690536
Bengaluru City,Airport Traffic PS,1.04432e+16,2018,1,2,Road Accidents,More than four arms,City/Town,Near Bus stop,Vehicle Defect,Yes,Simple Injury,Hit and Run,Signal lights Blinking,Curve,City or Town Road,Bitumen(Tar),Dry,No influence on accident,Clear,Outer ring road,JP morgon,7km,0.0,0.0
Bengaluru City,Airport Traffic PS,1.04432e+16,2018,1,1,Road Accidents,Other,City/Town,Near Bus stop,Human Error,No,Simple Injury,Hit pedestrian,No signal lights,Others,One way,Bitumen(Tar),Dry,No influence on accident,Clear,Outer Ring Road  Near Marathahalli Bridge,1,5,0.0,0.0
Bengaluru City,Airport Traffic PS,1.04432e+16,2018,1,2,Road Accidents,Junction,City/Town,Near Bus stop,Human Error,No,Grievous Injury,Rear end,No signal lights,Others,Others,Bitumen(Tar),Dry,No influence on accident,Clear,Devarabisanahalli,1,6,0.0,0.0
Bengaluru City,Airport Traffic PS,1.04432e+16,2018,1,2,Road Accidents,Other,City/Town,Near School or College,Human Error,No,Grievous Injury,Hit pedestrian,No signal lights,Others,Others,Bitumen(Tar),Dry,No influence on accident,Clear,Basavanagar Main Road,1,4,0.0,0.0
Bengaluru City,Airport Traffic PS,1.04432e+16,2018,1,3,Road Accidents,Other,City/Town,Narrow bridge or culverts,Vehicle Defect,No,Simple Injury,Side impact or Right angle,Signal lights Automatic,Others,City or Town Road,Bitumen(Tar),Dry,No influence on accident,Clear,ITPL Road,Kundalahalli Gate Signol,5,0.0,0.0
Bengaluru City,Airport Traffic PS,1.04432e+16,2018,1,2,Road Accidents,Cross roads,City/Town,Narrow bridge or culverts,Vehicle Defect,Yes,Simple Injury,Hit and Run,No signal lights,Curve,City or Town Road,Bitumen(Tar),Dry,No influence on accident,Clear,ITPL Road,BSNL Office,6,0.0,0.0
Bengaluru City,Airport Traffic PS,1.04432e+16,2018,1,1,Road Accidents,Other,City/Town,Near Bus stop,Not Applicable,Yes,Simple Injury,Hit and Run,Controlled,Others,Arterial,Bitumen(Tar),Dry,Not Applicable,Clear,Outer Ring Road  Near Karthik Nagar Bus Stop,1,5km,0.0,0.0
Bengaluru City,Airport Traffic PS,1.04432e+16,2018,1,2,Road Accidents,Other,City/Town,Residential area,Vehicle Defect,Yes,Simple Injury,Hit and Run,Controlled,Others,Two way,Bitumen(Tar),Dry,Not Applicable,Clear,Marathalli Near Vinayak Layout 3rd Cross,1,3 km,0.0,0.0
Bengaluru City,Airport Traffic PS,1.04432e+16,2018,1,1,Road Accidents,Other,City/Town,Near School or College,Not Applicable,No,Grievous Injury,Hit pedestrian,Controlled,Others,Others,Bitumen(Tar),Dry,No influence on accident,Fine,Outer Ring Road Kadubisanahalli,A,6 KM,0.0,0.0
Bengaluru City,Airport Traffic PS,1.04432e+16,2018,1,2,Road Accidents,Other,City/Town,Near Bus stop,Human Error,No,Grievous Injury,Rear end,No signal lights,Others,Others,Bitumen(Tar),Dry,No influence on accident,Fine,Varturu Main Road Near Hal Gate,1,2,0.0,0.0
Bengaluru City,Airport Traffic PS,1.04432e+16,2018,1,2,Road Accidents,Bridge,City/Town,Near Bus stop,Human Error,No,Grievous Injury,Head on,No signal lights,Others,Others,Bitumen(Tar),Dry,No influence on accident,Clear,"Outer Ring Road Kadubisanahalli  , Service Road",1,6,0.0,0.0
Bengaluru City,Airport Traffic PS,1.04432e+16,2018,1,1,Road Accidents,Culvert,City/Town,Near Bus stop,Vehicle Defect,No,Simple Injury,Hit pedestrian,Signal lights Blinking,Others,City or Town Road,Bitumen(Tar),Dry,No influence on accident,Clear,Outer Ring road,JP morgon,7,0.0,0.0
Bengaluru City,Airport Traffic PS,1.04432e+16,2018,1,2,Road Accidents,Narrow road,City/Town,Near a factory industrial area,Vehicle Defect,No,Simple Injury,Others,No signal lights,Curve and Incline,City or Town Road,Bitumen(Tar),Dry,No influence on accident,Clear,Basavanagara Main road,H down Bilding,3km,0.0,0.0
Bengaluru City,Airport Traffic PS,1.04432e+16,2018,1,1,Road Accidents,Other,City/Town,At pedestrian Crossing,Not Applicable,No,Grievous Injury,Hit pedestrian,Controlled,Others,Arterial,Bitumen(Tar),Dry,Not Applicable,Clear,Outer ring road Near new horrizen college bus stop kadubisanahalli,1,6KM,0.0,0.0
Bengaluru City,Airport Traffic PS,1.04432e+16,2018,1,2,Road Accidents,Other,City/Town,Open area,Vehicle Defect,No,Grievous Injury,Others,Uncontrolled,Others,Others,Bitumen(Tar),Dry,Not Applicable,Fine,Yamluru lake Area,1,6km,0.0,0.0
Bengaluru City,Airport Traffic PS,1.04432e+16,2018,1,2,Road Accidents,Other,City/Town,Near office complex,Human Error,No,Grievous Injury,Head on,No signal lights,Others,Two way,Bitumen(Tar),Dry,No influence on accident,Clear,Marathalli Near Vinayak Layout 3rd Cross,1,3,0.0,0.0
Bengaluru City,Airport Traffic PS,1.04432e+16,2018,1,2,Road Accidents,Other,City/Town,Near Bus stop,Human Error,Yes,Fatal,Others,No signal lights,Others,Others,Concrete,Dry,No influence on accident,Clear,panatturu Main Road  Kadubisanahalli,1,7,0.0,0.0
Bengaluru City,Airport Traffic PS,1.04432e+16,2019,1,1,Road Accidents,Other,City/Town,Near or inside a village,Not Applicable,No,Simple Injury,Others,Not at  Junction,Others,City or Town Road,Bitumen(Tar),Dry,No influence on accident,Clear,Marathalli Market,Marathalli Market,3km,0.0,0.0
Bengaluru City,Airport Traffic PS,1.04432e+16,2019,1,1,Road Accidents,Other,City/Town,Near Bus stop,Human Error,No,Grievous Injury,Hit pedestrian,No signal lights,Others,Others,Bitumen(Tar),Dry,No influence on accident,Clear,ITPL MAIN ROAD,1,7,0.0,0.0
Bengaluru City,Airport Traffic PS,1.04432e+16,2019,1,1,Road Accidents,Junction,City/Town,Near Hospital,Human Error,Yes,Fatal,Hit pedestrian,No signal lights,Others,Others,Bitumen(Tar),Dry,No influence on accident,Others,Varthur Main Road,1,1,0.0,0.0
Bengaluru City,Airport Traffic PS,1.04432e+16,2019,1,1,Road Accidents,Other,City/Town,Near office complex,Not Applicable,Yes,Simple Injury,Others,No signal lights,Others,City or Town Road,Bitumen(Tar),Dry,No influence on accident,Clear,Outer ring road,Sesna busness teckpark opp,7km,0.0,0.0
Bengaluru City,Airport Traffic PS,1.04432e+16,2019,1,2,Road Accidents,Other,City/Town,Near Hospital,Vehicle Defect,Yes,Fatal,Others,No signal lights,Others,City or Town Road,Bitumen(Tar),Dry,No influence on accident,Clear,Varthuru Main road,Near MGA hospital,5km,0.0,0.0
Bengaluru City,Airport Traffic PS,1.04432e+16,2019,1,1,Road Accidents,Junction,City/Town,Near Hospital,Vehicle Defect,Yes,Grievous Injury,Hit pedestrian,No signal lights,Incline,NH,Bitumen(Tar),Dry,Not Applicable,Clear,Near Marathahalli Jeevika Hospital,1,4km,0.0,0.0
Bengaluru City,Airport Traffic PS,1.04432e+16,2019,1,2,Road Accidents,Bridge,City/Town,Narrow bridge or culverts,Not Applicable,No,Simple Injury,Others,Signal lights Automatic,Others,City or Town Road,Bitumen(Tar),Dry,No influence on accident,Clear,Devarabisanahalli Bridge,Outer Ring road Devarabisanahalli Bridge,7km,0.0,0.0
Bengaluru City,Airport Traffic PS,1.04432e+16,2019,1,1,Road Accidents,Other,City/Town,Near Hospital,Human Error,No,Grievous Injury,Hit pedestrian,No signal lights,Others,Others,Bitumen(Tar),Dry,No influence on accident,Clear,Marathalli more store,1,5 km,0.0,0.0
Bengaluru City,Airport Traffic PS,1.04432e+16,2019,1,2,Road Accidents,Other,City/Town,Open area,Not Applicable,No,Damage Only,Others,No signal lights,Others,City or Town Road,Bitumen(Tar),Dry,No influence on accident,Clear,Doddnekundi,Doddnekundi,5km,0.0,0.0
Bengaluru City,Airport Traffic PS,1.04432e+16,2019,1,1,Road Accidents,Other,Not Applicable,Near or inside a village,Not Applicable,Yes,Fatal,Others,No signal lights,Others,City or Town Road,Bitumen(Tar),Ditch or Potholed,No influence on accident,Clear,Devarabesanahalli Main road,Near ambedkar stachu,8km,0.0,0.0
Bengaluru City,Airport Traffic PS,1.04432e+16,2019,1,2,Road Accidents,Narrow road,City/Town,Near office complex,Human Error,Yes,Grievous Injury,Others,No signal lights,Others,Others,Bitumen(Tar),Dry,No influence on accident,Clear,Eaco World Road,1,06 Km,0.0,0.0
Bengaluru City,Airport Traffic PS,1.04432e+16,2019,1,2,Road Accidents,Other,City/Town,Near Bus stop,Human Error,No,Grievous Injury,Others,No signal lights,Others,Others,Bitumen(Tar),Dry,No influence on accident,Clear,TULASI TAKIES ROAD,1,4,0.0,0.0
Bengaluru City,Airport Traffic PS,1.04432e+16,2019,1,2,Road Accidents,Junction,City/Town,Near Bus stop,Human Error,Yes,Damage Only,Vehicle to Vehicle,No signal lights,Others,Others,Bitumen(Tar),Dry,No influence on accident,Clear,"Outer Ring Road Kadubisanahalli  , Service Road",1,4km,0.0,0.0
Bengaluru City,Airport Traffic PS,1.04432e+16,2019,1,1,Road Accidents,Not Applicable,City/Town,Near a factory industrial area,Vehicle Defect,Not Applicable,Simple Injury,Hit pedestrian,No signal lights,Straight and flat,Two way,Bitumen(Tar),Dry,Not Applicable,Clear,Outer varturu main road infront of croma kadubisanahalli,1,7km,0.0,0.0
Bengaluru City,Airport Traffic PS,1.04432e+16,2019,1,1,Road Accidents,Circle,City/Town,Near Hospital,Human Error,Yes,Simple Injury,Hit bicyclist,No signal lights,Others,Others,Bitumen(Tar),Dry,No influence on accident,Clear,Munekolala,1,1,0.0,0.0
Bengaluru City,Airport Traffic PS,1.04432e+16,2019,1,1,Road Accidents,Not Applicable,City/Town,Near a factory industrial area,Not Applicable,Not Applicable,Grievous Injury,Hit pedestrian,No signal lights,Others,Arterial,Bitumen(Tar),Dry,Not Applicable,Clear,hal lca gate near,1,1km,0.0,0.0
Bengaluru City,Airport Traffic PS,1.04432e+16,2019,1,2,Road Accidents,Junction,City/Town,Near School or College,Vehicle Defect,Not Applicable,Grievous Injury,Vehicle to Vehicle,No signal lights,Straight and flat,Others,Bitumen(Tar),Dry,Not Applicable,Clear,Doddakannalli Road Near Geetanjali school,1,7km,0.0,0.0
Bengaluru City,Airport Traffic PS,1.04432e+16,2019,1,1,Road Accidents,Other,City/Town,Near Hospital,Human Error,Not Applicable,Grievous Injury,Hit pedestrian,No signal lights,Others,Two way,Bitumen(Tar),Dry,No influence on accident,Others,Devarabisanahalli,1,4km,0.0,0.0
Bengaluru City,Airport Traffic PS,1.04432e+16,2019,1,2,Road Accidents,Junction,City/Town,Near a factory industrial area,Human Error,Yes,Grievous Injury,Vehicle to Vehicle,No signal lights,Others,Others,Bitumen(Tar),Dry,No influence on accident,Clear,yaMALURU,1,5,0.0,0.0
Bengaluru City,Airport Traffic PS,1.04432e+16,2019,1,2,Road Accidents,Offset,City/Town,Near Bus stop,Human Error,Yes,Damage Only,Vehicle to Vehicle,No signal lights,Others,Others,Bitumen(Tar),Dry,No influence on accident,Clear,outer irng road,1,4,0.0,0.0
Bengaluru City,Airport Traffic PS,1.04432e+16,2019,1,2,Road Accidents,Cross roads,City/Town,Near a factory industrial area,Vehicle Defect,Not Applicable,Simple Injury,Vehicle to Vehicle,No signal lights,Straight and flat,Two way,Bitumen(Tar),Dry,No influence on accident,Clear,Vartur main road marathahalli near brand factory,1,1,0.0,0.0
Bengaluru City,Airport Traffic PS,1.04432e+16,2019,1,1,Road Accidents,Cross roads,City/Town,Near Bus stop,Human Error,No,Simple Injury,Vehicle to Vehicle,No signal lights,Others,Others,Bitumen(Tar),Dry,No influence on accident,Clear,Varthur Main Road,1,1,0.0,0.0
Bengaluru City,Airport Traffic PS,1.04432e+16,2019,1,2,Road Accidents,Other,City/Town,In bazaar,Human Error,No,Damage Only,Others,No signal lights,Others,Others,Bitumen(Tar),Dry,No influence on accident,Fine,ITPL MAIN ROAD,1,4km,0.0,0.0
Bengaluru City,Airport Traffic PS,1.04432e+16,2019,1,1,Road Accidents,Junction,City/Town,Near Hospital,Human Error,Yes,Damage Only,Vehicle to Vehicle,No signal lights,Hump,Others,Bitumen(Tar),Dry,No influence on accident,Others,karthik Nagar,1,3 km,0.0,0.0
Bengaluru City,Airport Traffic PS,1.04432e+16,2019,1,2,Road Accidents,Junction,City/Town,Near Bus stop,Human Error,No,Damage Only,Vehicle to Vehicle,No signal lights,Others,Others,Bitumen(Tar),Dry,No influence on accident,Clear,Varthur Main Road,1,1,0.0,0.0
Bengaluru City,Airport Traffic PS,1.04432e+16,2019,1,1,Road Accidents,Other,City/Town,Near Bus stop,Human Error,No,Fatal,Hit pedestrian,No signal lights,Others,State Highway,Bitumen(Tar),Dry,No influence on accident,Clear,Outer Ring Road  Near Karthik Nagar,1,1,12.96312,77.701758
Bengaluru City,Airport Traffic PS,1.04432e+16,2019,1,1,Road Accidents,Cross roads,City/Town,Residential area,Not Applicable,No,Simple Injury,Hit pedestrian,No signal lights,Others,Others,Bitumen(Tar),Dry,No influence on accident,Clear,"Pragati layout,Doddnekundi",Sri sai baba temple,3,0.0,0.0