DISTRICTNAME,UNITNAME,Crime_No,Year,RI,Noofvehicle_involved,Accident_Classification,Accident_Spot,Accident_Location,Accident_SubLocation,Main_Cause,Hit_Run,Severity,Collision_Type,Junction_Control,Road_Character,Road_Type,Surface_Type,Surface_Condition,Road_Condition,Weather,Accident_Road,Landmark_first,Distance_LandMark_First,Latitude,Longitude
Bengaluru City,Airport Traffic PS,1.04432e+16,2020,1,1,Road Accidents,Narrow road,City/Town,Near or inside a village,Human Error,No,Grievous Injury,Hit pedestrian,No signal lights,Curve,Others,Bitumen(Tar),Dry,No influence on accident,Fine,Yamaluru,1,1,0.0,0.0
Bengaluru City,Airport Traffic PS,1.04432e+16,2020,1,1,Road Accidents,Junction,City/Town,Near Hospital,Human Error,No,Fatal,Not Applicable,No signal lights,Hump,Others,Bitumen(Tar),Dry,No influence on accident,Clear,Outer Ring Road,1,5,0.0,0.0
Bengaluru City,Airport Traffic PS,1.04432e+16,2020,1,2,Road Accidents,Junction,City/Town,Near Bus stop,Human Error,Not Applicable,Grievous Injury,Hit bicyclist,No signal lights,Incline,Expressway,Bitumen(Tar),Dry,No influence on accident,Clear,OUTER RING ROAD DEVARABEESANAHALLI NEAR COUNTRY CLUB,1,1,0.0,0.0
Bengaluru City,Airport Traffic PS,1.04432e+16,2020,1,2,Road Accidents,Junction,City/Town,Near Bus stop,Vehicle Defect,Not Applicable,Grievous Injury,Vehicle to Vehicle,Signal lights Manual,Incline,Expressway,Bitumen(Tar),Dry,No influence on accident,Clear,VARTHUR MAIN ROAD YAMALURU JUNCTION,1,1,0.0,0.0
Bengaluru City,Airport Traffic PS,1.04432e+16,2020,1,2,Road Accidents,Cross roads,Rural Areas,Near Hospital,Vehicle Defect,Yes,Fatal,Vehicle to Vehicle,No signal lights,Incline,Two way,Bitumen(Tar),Dry,No influence on accident,Clear,Vignana Nagara Main Road Veenas Hospital,1,1,0.0,0.0
Bengaluru City,Airport Traffic PS,1.04432e+16,2020,1,1,Road Accidents,Offset,City/Town,Near Bus stop,Human Error,No,Damage Only,Not Applicable,No signal lights,Others,Others,Bitumen(Tar),Dry,No influence on accident,Clear,ORR,1,1,0.0,0.0
Bengaluru City,Airport Traffic PS,1.04432e+16,2020,1,2,Road Accidents,Not Applicable,City/Town,Near Bus stop,Human Error,Yes,Fatal,Vehicle to Vehicle,No signal lights,Others,One way,Bitumen(Tar),Dry,No influence on accident,Clear,Varthur Main Road,1,4,12.956556,77.705754
Bengaluru City,Airport Traffic PS,1.04432e+16,2020,1,2,Road Accidents,Not Applicable,City/Town,Narrow bridge or culverts,Vehicle Defect,Not Applicable,Fatal,Vehicle to Vehicle,No signal lights,Incline,Two way,Bitumen(Tar),Dry,Not Applicable,Clear,Outer ring road near devarabeesanahalli Bridge,1,0,0.0,0.0
Bengaluru City,Airport Traffic PS,1.04432e+16,2020,1,2,Road Accidents,Junction,City/Town,Near Bus stop,Vehicle Defect,Not Applicable,Fatal,Vehicle to Vehicle,Signal lights Manual,Straight and flat,Two way,Bitumen(Tar),Dry,No influence on accident,Clear,Outer Ring Road Near Devarabeesanahalli Junction,1,1,0.0,0.0
Bengaluru City,Airport Traffic PS,1.04432e+16,2020,1,1,Road Accidents,Cross roads,City/Town,Near a factory industrial area,Vehicle Defect,Not Applicable,Grievous Injury,Hit bicyclist,No signal lights,Steep Incline or Climb,Two way,Bitumen(Tar),Dry,No influence on accident,Clear,Panthur Main Road Near Embassy Tech Village Back Gate,1,1,0.0,0.0
Bengaluru City,Airport Traffic PS,1.04432e+16,2020,1,1,Road Accidents,Narrow road,City/Town,Near a factory industrial area,Human Error,No,Damage Only,Vehicle to Vehicle,No signal lights,Others,Others,Bitumen(Tar),Dry,No influence on accident,Clear,"Outer RIing Road,Near Devarabisanhalli",1,7,0.0,0.0
Bengaluru City,Airport Traffic PS,1.04432e+16,2020,1,1,Road Accidents,Not Applicable,City/Town,Residential area,Vehicle Defect,Not Applicable,Fatal,Hit pedestrian,No signal lights,Straight and flat,Two way,Bitumen(Tar),Dry,No influence on accident,Clear,Outer ring Road Near devarabeesanahalli Country Club,1,1,0.0,0.0
Bengaluru City,Airport Traffic PS,1.04432e+16,2020,1,1,Road Accidents,Not Applicable,City/Town,In bazaar,Human Error,No,Fatal,Hit pedestrian,No signal lights,Others,One way,Bitumen(Tar),Dry,No influence on accident,Cloudy,Outer Ring Road,1,1,0.0,0.0
Bengaluru City,Airport Traffic PS,1.04432e+16,2020,1,1,Road Accidents,Narrow road,City/Town,Open area,Human Error,No,Grievous Injury,Hit pedestrian,No signal lights,Others,Others,Bitumen(Tar),Others,Not Applicable,Cloudy,Outer ring road Near multiflex theater,1,4km,0.0,0.0
Bengaluru City,Airport Traffic PS,1.04432e+16,2020,1,1,Road Accidents,Circle,City/Town,Near a factory industrial area,Vehicle Defect,Not Applicable,Grievous Injury,Hit pedestrian,No signal lights,Incline,Service Road,Bitumen(Tar),Dry,No influence on accident,Clear,DEVARABEESANHALLI NEAR 99 DOSE POINT,1,1,0.0,0.0
Bengaluru City,Airport Traffic PS,1.04432e+16,2020,1,2,Road Accidents,Junction,City/Town,Near Bus stop,Vehicle Defect,Not Applicable,Fatal,Vehicle to Vehicle,No signal lights,Straight and flat,Two way,Bitumen(Tar),Dry,No influence on accident,Clear,Varthur Main Road Near Borewell Bus Stop,1,1,0.0,0.0
Bengaluru City,Airport Traffic PS,1.04432e+16,2020,1,1,Road Accidents,Cross roads,City/Town,At pedestrian Crossing,Human Error,No,Grievous Injury,Hit pedestrian,No signal lights,Others,Others,Bitumen(Tar),Dry,No influence on accident,Clear,"Outer RIing Road,Near Devarabisanhalli",1,1,0.0,0.0
Bengaluru City,Airport Traffic PS,1.04432e+16,2020,1,1,Road Accidents,Railway crossing,City/Town,Near Petrol Pump,Human Error,No,Fatal,Not Applicable,No signal lights,Not Applicable,Two way,Bitumen(Tar),Dry,No influence on accident,Clear,Munekolala,1,7,0.0,0.0
Bengaluru City,Airport Traffic PS,1.04432e+16,2020,1,2,Road Accidents,Narrow road,City/Town,In bazaar,Human Error,Yes,Grievous Injury,Vehicle to Vehicle,No signal lights,Others,Two way,Bitumen(Tar),Dry,No influence on accident,Clear,Varthur Main Road,1,4,12.956622,77.697924
Bengaluru City,Airport Traffic PS,1.04432e+16,2020,1,1,Road Accidents,Circle,City/Town,Near Hospital,Human Error,No,Grievous Injury,Not Applicable,No signal lights,Hump,Two way,Bitumen(Tar),Dry,No influence on accident,Clear,kadubisanahalli,1,7,0.0,0.0
Bengaluru City,Airport Traffic PS,1.04432e+16,2020,1,2,Road Accidents,Junction,City/Town,Near Bus stop,Human Error,Not Applicable,Fatal,Vehicle to Vehicle,No signal lights,Others,Others,Bitumen(Tar),Dry,No influence on accident,Clear,ITPL Main road near Udupi Hotel,1,1,0.0,0.0
Bengaluru City,Airport Traffic PS,1.04432e+16,2020,1,1,Road Accidents,Junction,City/Town,Open area,Vehicle Defect,Not Applicable,Grievous Injury,Hit pedestrian,No signal lights,Steep Incline or Climb,Two way,Bitumen(Tar),Dry,No influence on accident,Clear,Varthur Main Road Near Marathahalli Spice Garden,1,4km,0.0,0.0
Bengaluru City,Airport Traffic PS,1.04432e+16,2020,1,2,Road Accidents,Not Applicable,City/Town,Near a factory industrial area,Vehicle Defect,Not Applicable,Grievous Injury,Vehicle to Vehicle,No signal lights,Straight and flat,NH,Bitumen(Tar),Dry,No influence on accident,Clear,Kadubeesanahalli near sessana bussines park,1,0,0.0,0.0
Bengaluru City,Airport Traffic PS,1.04432e+16,2020,1,1,Road Accidents,Junction,City/Town,Near Bus stop,Vehicle Defect,Not Applicable,Grievous Injury,Hit pedestrian,No signal lights,Incline,Two way,Bitumen(Tar),Dry,No influence on accident,Clear,Varthu main road near marthahalli market,1,1,0.0,0.0
Bengaluru City,Airport Traffic PS,1.04432e+16,2020,1,2,Road Accidents,Not Applicable,City/Town,Open area,Vehicle Defect,Not Applicable,Grievous Injury,Vehicle to Vehicle,No signal lights,Straight and flat,Two way,Bitumen(Tar),Dry,No influence on accident,Clear,Outer Ring Road Near Marathahalli Police Station,1,1,0.0,0.0
Bengaluru City,Airport Traffic PS,1.04432e+16,2020,1,2,Road Accidents,Not Applicable,City/Town,Near Bus stop,Vehicle Defect,Not Applicable,Fatal,Vehicle to Vehicle,No signal lights,Steep Incline or Climb,Two way,Bitumen(Tar),Dry,No influence on accident,Clear,Outer Rimg Road Near Marathahalli Under Pass,1,1,0.0,0.0
Bengaluru City,Airport Traffic PS,1.04432e+16,2020,1,1,Road Accidents,Cross roads,City/Town,Near a factory industrial area,Vehicle Defect,Yes,Grievous Injury,Hit pedestrian,No signal lights,Straight and flat,Two way,Bitumen(Tar),Dry,No influence on accident,Clear,Marathahalli poorva pounten appartment,1,1,0.0,0.0
Bengaluru City,Airport Traffic PS,1.04432e+16,2020,1,1,Road Accidents,Curves,Rural Areas,Near or inside a village,Vehicle Defect,Not Applicable,Damage Only,Not Applicable,No signal lights,Steep Incline or Climb,Two way,Bitumen(Tar),Dry,No influence on accident,Clear,Shantiniketana layout munnekolalu,1,0,0.0,0.0
Bengaluru City,Airport Traffic PS,1.04432e+16,2020,1,1,Road Accidents,Not Applicable,Rural Areas,Near or inside a village,Vehicle Defect,Not Applicable,Grievous Injury,Hit pedestrian,No signal lights,Straight and flat,Two way,Bitumen(Tar),Dry,Not Applicable,Clear,Manjunatha Layout Near CSR Appartment,1,7,0.0,0.0
Bengaluru City,Airport Traffic PS,1.04432e+16,2020,1,1,Road Accidents,Offset,City/Town,Near Bus stop,Human Error,No,Simple Injury,Not Applicable,No signal lights,Others,Others,Bitumen(Tar),Dry,No influence on accident,Clear,ORR,1,7,0.0,0.0
Bengaluru City,Airport Traffic PS,1.04432e+16,2020,1,1,Road Accidents,Junction,City/Town,Near Bus stop,Human Error,No,Grievous Injury,Not Applicable,No signal lights,Not Applicable,One way,Bitumen(Tar),Dry,No influence on accident,Clear,Panathur Main Raod,1,1,0.0,0.0
Bengaluru City,Airport Traffic PS,1.04432e+16,2020,1,1,Road Accidents,Junction,City/Town,At pedestrian Crossing,Human Error,No,Simple Injury,Hit pedestrian,No signal lights,Others,One way,Bitumen(Tar),Dry,No influence on accident,Others,Varthur Main Road,1,3,0.0,0.0
Bengaluru City,Airport Traffic PS,1.04432e+16,2021,1,2,Road Accidents,Bottleneck,Rural Areas,Open area,Vehicle Defect,Not Applicable,Grievous Injury,Vehicle to Vehicle,No signal lights,Incline,Two way,Bitumen(Tar),Dry,No influence on accident,Clear,Yamalur Village Near Bake Point Bekari,1,1,0.0,0.0
Bengaluru City,Airport Traffic PS,1.04432e+16,2021,1,1,Road Accidents,Narrow road,City/Town,Open area,Human Error,Not Applicable,Fatal,Not Applicable,Not at  Junction,Others,Not Applicable,Bitumen(Tar),Dry,Not Applicable,Fine,Outer Ring Road,Near kadubeesanahalli Under pass,7km,0.0,0.0
Bengaluru City,Airport Traffic PS,1.04432e+16,2021,1,1,Road Accidents,Not Applicable,City/Town,Near School or College,Human Error,No,Grievous Injury,Hit pedestrian,No signal lights,Straight and flat,One way,Bitumen(Tar),Dry,Not Applicable,Clear,OUTER RING ROAD NEAR SESNA BUSINESS PARK,A,6 KM,0.0,0.0
Bengaluru City,Airport Traffic PS,1.04432e+16,2021,1,1,Road Accidents,Not Applicable,City/Town,Near a factory industrial area,Human Error,No,Grievous Injury,Hit pedestrian,Not at  Junction,Others,NH,Bitumen(Tar),Not Applicable,Not Applicable,Clear,Outer Ring Road near prestige teck park,From the spot 14 mtr one street light,6,0.0,0.0
Bengaluru City,Airport Traffic PS,1.04432e+16,2021,1,2,Road Accidents,Not Applicable,City/Town,Near School or College,Human Error,No,Fatal,Vehicle to Vehicle,Not at  Junction,Others,Others,Bitumen(Tar),Dry,No influence on accident,Fine,Outer Ring Road Near kadubeesanahalli bridge,Near Umiya Business Bhey,6 KM,0.0,0.0
Bengaluru City,Airport Traffic PS,1.04432e+16,2021,1,2,Road Accidents,Not Applicable,City/Town,Near office complex,Human Error,No,Grievous Injury,Vehicle to Vehicle,No signal lights,Not Applicable,One way,Bitumen(Tar),Dry,No influence on accident,Clear,Outer Ring Road,2,5,12.937446,77.693259
Bengaluru City,Airport Traffic PS,1.04432e+16,2021,1,2,Road Accidents,Not Applicable,City/Town,Near office complex,Human Error,Not Applicable,Grievous Injury,Vehicle to Vehicle,Not at  Junction,Others,Others,Kutcha,Dry,Not Applicable,Fine,Outer Ring Road Service road Near More Mega store Marathahalli Police Station,Near Marathahalli Police station,6km,0.0,0.0
Bengaluru City,Airport Traffic PS,1.04432e+16,2021,1,3,Road Accidents,Narrow road,City/Town,Narrow bridge or culverts,Human Error,No,Damage Only,Vehicle to Vehicle,Not at  Junction,Others,Others,Kutcha,Dry,Not Applicable,Fine,Outer Ring Road Near Devarabeesanahalli Junction,Near ecospace,07km,0.0,0.0
Bengaluru City,Airport Traffic PS,1.04432e+16,2021,1,1,Road Accidents,Not Applicable,City/Town,Open area,Human Error,Yes,Grievous Injury,Hit pedestrian,Not Applicable,Others,Others,Bitumen(Tar),Dry,Not Applicable,Fine,Outer ring Road Kartiknagara,Near Jeevika Hospital,05km,0.0,0.0
Bengaluru City,Airport Traffic PS,1.04432e+16,2021,1,1,Road Accidents,Not Applicable,City/Town,Near office complex,Vehicle Defect,Not Applicable,Grievous Injury,Hit pedestrian,No signal lights,Incline,Two way,Bitumen(Tar),Dry,No influence on accident,Clear,Outer Ring Road Near Marathahalli Multiplex Bus Stop,1,1,0.0,0.0
Bengaluru City,Airport Traffic PS,1.04432e+16,2021,1,1,Road Accidents,Narrow road,City/Town,Near office complex,Human Error,No,Grievous Injury,Not Applicable,Uncontrolled,Others,Others,Kutcha,Dry,Not Applicable,Fine,Outer Ring Road Near kadubeesanahalli bridge,Near sesna Business park,06km,0.0,0.0
Bengaluru City,Airport Traffic PS,1.04432e+16,2021,1,1,Road Accidents,Narrow road,City/Town,Near Bus stop,Human Error,Not Applicable,Grievous Injury,Hit pedestrian,Not Applicable,Others,One way,Kutcha,Dry,Not Applicable,Fine,varturu main road near fly over,near martahahalli fly over,05km,0.0,0.0
Bengaluru City,Airport Traffic PS,1.04432e+16,2021,1,2,Road Accidents,Narrow road,City/Town,Near a recreation place/cinema,Human Error,Yes,Grievous Injury,Vehicle to Vehicle,Not Applicable,Not Applicable,Others,Kutcha,Dry,Not Applicable,Fine,ITPL Main Road,Near Brook Filed Mall,08km,0.0,0.0
Bengaluru City,Airport Traffic PS,1.04432e+16,2021,1,1,Road Accidents,Not Applicable,City/Town,Near School or College,Vehicle Defect,Not Applicable,Grievous Injury,Hit pedestrian,No signal lights,Straight and flat,Two way,Bitumen(Tar),Dry,No influence on accident,Clear,Outer Ring Road Near Kaadubeesanahalli New Horizone College Bus Stand.,1,1,0.0,0.0
Bengaluru City,Airport Traffic PS,1.04432e+16,2021,1,2,Road Accidents,Junction,City/Town,Near Bus stop,Human Error,No,Grievous Injury,Vehicle to Vehicle,No signal lights,Others,Others,Bitumen(Tar),Dry,No influence on accident,Clear,Varthur Main Road,2,3,0.0,0.0
Bengaluru City,Airport Traffic PS,1.04432e+16,2021,1,1,Road Accidents,Not Applicable,City/Town,Near a factory industrial area,Human Error,Not Applicable,Fatal,Not Applicable,Not at  Junction,Others,One way,Bitumen(Tar),Others,Not Applicable,Clear,"Varthur main road, near marathahlli bridge",From the spot 28 mtr one street light pole,5,0.0,0.0
Bengaluru City,Airport Traffic PS,1.04432e+16,2021,1,1,Road Accidents,Not Applicable,City/Town,Near Petrol Pump,Human Error,Not Applicable,Fatal,Not Applicable,Not Applicable,Curve and Incline,Others,Bitumen(Tar),Dry,No influence on accident,Clear,Outer Ring Road,1,5,0.0,0.0
Bengaluru City,Airport Traffic PS,1.04432e+16,2021,1,2,Road Accidents,Narrow road,City/Town,Open area,Human Error,No,Simple Injury,Vehicle to Vehicle,Not at  Junction,Not Applicable,Residential Street,Kutcha,Dry,Not Applicable,Fine,Basavangara Main Road,Near HAL ADA Company,02km,0.0,0.0
Bengaluru City,Airport Traffic PS,1.04432e+16,2021,1,1,Road Accidents,Curves,City/Town,Near School or College,Human Error,No,Fatal,Not Applicable,Not at  Junction,Curve,Residential Street,Kutcha,Dry,Not Applicable,Fine,Doddanakkundi Main road,Near HAL Management Accodemy,05km,0.0,0.0
Bengaluru City,Airport Traffic PS,1.04432e+16,2021,1,1,Road Accidents,Narrow road,City/Town,Open area,Human Error,No,Fatal,Not Applicable,Not Applicable,Straight and flat,Others,Bitumen(Tar),Dry,Not Applicable,Others,OUTER RING ROAD NEAR KARTHIK NAGARA RAILWAY BRIDGE,NEAR RAILWAY BRIDGE,5 KM,0.0,0.0
Bengaluru City,Airport Traffic PS,1.04432e+16,2021,1,2,Road Accidents,Narrow road,City/Town,Near office complex,Human Error,Yes,Fatal,Vehicle to Vehicle,Not at  Junction,Not Applicable,Others,Bitumen(Tar),Dry,Not Applicable,Clear,OUTER RING ROAD KADUBISANAHALLI,NEAR JP MORGAN COMPANY OPP,5 KM,0.0,0.0
Bengaluru City,Airport Traffic PS,1.04432e+16,2021,1,2,Road Accidents,Junction,City/Town,Near Bus stop,Human Error,Yes,Grievous Injury,Vehicle to Vehicle,No signal lights,Others,Two way,Bitumen(Tar),Dry,No influence on accident,Snow,Varthur Main Road,1,5,0.0,0.0
Bengaluru City,Airport Traffic PS,1.04432e+16,2021,1,2,Road Accidents,Junction,City/Town,Open area,Human Error,Not Applicable,Grievous Injury,Not Applicable,Signal lights Automatic,Not Applicable,Two way,Kutcha,Dry,Not Applicable,Fine,Vartur Road Yamaluru Junction,Near HAL,3km,0.0,0.0
Bengaluru City,Airport Traffic PS,1.04432e+16,2021,1,1,Road Accidents,Narrow road,City/Town,Near Petrol Pump,Human Error,Yes,Grievous Injury,Hit pedestrian,Not Applicable,Not Applicable,Not Applicable,Bitumen(Tar),Dry,Not Applicable,Fine,Outer Ring Road Kadubeesanahalli,Near Shell Petrol Bunk,07km,0.0,0.0
Bengaluru City,Airport Traffic PS,1.04432e+16,2021,1,2,Road Accidents,Not Applicable,City/Town,Near Hospital,Human Error,No,Grievous Injury,Vehicle to Vehicle,No signal lights,Others,Others,Bitumen(Tar),Dry,No influence on accident,Clear,Varthur Main Road,2,5,0.0,0.0
Bengaluru City,Airport Traffic PS,1.04432e+16,2021,1,2,Road Accidents,Narrow road,City/Town,Residential area,Human Error,Yes,Grievous Injury,Vehicle to Vehicle,Not at  Junction,Others,Others,Kutcha,Dry,Not Applicable,Clear,Bhoganhalli Main Road,Near SLS Apts,6 KM,0.0,0.0
Bengaluru City,Airport Traffic PS,1.04432e+16,2021,1,1,Road Accidents,Narrow road,City/Town,Near office complex,Human Error,Yes,Grievous Injury,Hit pedestrian,Not Applicable,Not Applicable,Others,Kutcha,Dry,Not Applicable,Fine,ITPL MAIN ROAD NEAR ANJANEYA JUNCTION,Near Presrige tecnostar,08km,0.0,0.0
Bengaluru City,Airport Traffic PS,1.04432e+16,2021,1,1,Road Accidents,Narrow road,City/Town,Near Bus stop,Human Error,No,Fatal,Hit pedestrian,Not at  Junction,Others,Two way,Bitumen(Tar),Dry,No influence on accident,Clear,Munekolala Main Road,1,6,0.0,0.0
Bengaluru City,Airport Traffic PS,1.04432e+16,2021,1,1,Road Accidents,Narrow road,City/Town,Near School or College,Human Error,Yes,Grievous Injury,Hit bicyclist,Not Applicable,Others,Residential Street,Kutcha,Dry,Not Applicable,Fine,New Horizon College Back side Road Kadubeesanahalli,Near New Horizon college,09km,0.0,0.0
Bengaluru City,Airport Traffic PS,1.04432e+16,2021,1,2,Road Accidents,Cross roads,City/Town,Open area,Vehicle Defect,Not Applicable,Grievous Injury,Vehicle to Vehicle,No signal lights,Straight and flat,Two way,Bitumen(Tar),Dry,No influence on accident,Clear,YAMALURU MAIN ROAD NEAR YAMALURU SBI BANK,1,1,0.0,0.0
Bengaluru City,Airport Traffic PS,1.04432e+16,2021,1,2,Road Accidents,Curves,City/Town,Residential area,Human Error,No,Damage Only,Vehicle to Vehicle,Not at  Junction,Curve,Others,Bitumen(Tar),Dry,Not Applicable,Clear,Basavanagra Main Road Near Talakaveri Layout,A,3KM,0.0,0.0
Bengaluru City,Airport Traffic PS,1.04432e+16,2021,1,2,Road Accidents,Narrow road,City/Town,Open area,Human Error,Not Applicable,Grievous Injury,Vehicle to Vehicle,Not at  Junction,Not Applicable,Others,Kutcha,Flooded,Not Applicable,Fine,Outer Ring Road Near Karthik Nagara Jeevika Hospital,Near Bus stop,05km,0.0,0.0
Bengaluru City,Airport Traffic PS,1.04432e+16,2021,1,2,Road Accidents,Narrow road,City/Town,Near Bus stop,Human Error,No,Grievous Injury,Vehicle to Vehicle,Not Applicable,Others,Others,Kutcha,Dry,Not Applicable,Fine,Outer Ring Road Devarabeesanahalli,Near Embassi Teck Park Company,07km,0.0,0.0
Bengaluru City,Airport Traffic PS,1.04432e+16,2021,1,1,Road Accidents,Bottleneck,City/Town,Near Petrol Pump,Human Error,No,Fatal,Not Applicable,No signal lights,Steep Incline or Climb,One way,Bitumen(Tar),Dry,No influence on accident,Cloudy,Outer Ring Road,1,5,0.0,0.0
Bengaluru City,Airport Traffic PS,1.04432e+16,2021,1,2,Road Accidents,Narrow road,City/Town,Open area,Human Error,No,Grievous Injury,Vehicle to Vehicle,Not Applicable,Not Applicable,Not Applicable,Kutcha,Dry,Not Applicable,Fine,Doddanakkundi Main Road,Near Doddanankkundu And Karthik nagara,05km,0.0,0.0
Bengaluru City,Airport Traffic PS,1.04432e+16,2021,1,2,Road Accidents,Circle,City/Town,Near a factory industrial area,Human Error,Yes,Fatal,Vehicle to Vehicle,Not Applicable,Others,Others,Bitumen(Tar),Dry,Not Applicable,Fine,Varthuru main Road,Near Bore Vell Junction,02km,0.0,0.0
Bengaluru City,Airport Traffic PS,1.04432e+16,2021,1,2,Road Accidents,Narrow road,City/Town,Near office complex,Human Error,Yes,Fatal,Not Applicable,Not at  Junction,Others,Not Applicable,Bitumen(Tar),Others,Not Applicable,Fine,Eco world Company road Devarabeesanahalli,Near Intel Ecoworld company,08km,0.0,0.0
Bengaluru City,Airport Traffic PS,1.04432e+16,2021,1,1,Road Accidents,Not Applicable,City/Town,Open area,Vehicle Defect,Not Applicable,Grievous Injury,Hit pedestrian,No signal lights,Incline,Service Road,Bitumen(Tar),Dry,No influence on accident,Clear,OUTER RING ROAD NEAR MARATHAHALLI POLICE STATION SERVICE ROAD,1,4KM,0.0,0.0
Bengaluru City,Airport Traffic PS,1.04432e+16,2021,1,1,Road Accidents,Not Applicable,City/Town,Open area,Human Error,No,Fatal,Hit pedestrian,Not Applicable,Not Applicable,Not Applicable,Kutcha,Muddy,No influence on accident,Cloudy,Munekolala Main Road Rail Way doubling Work Place,1,5,0.0,0.0
Bengaluru City,Airport Traffic PS,1.04432e+16,2021,1,2,Road Accidents,Narrow road,City/Town,Open area,Human Error,Yes,Grievous Injury,Vehicle to Vehicle,Not Applicable,Others,Service Road,Kutcha,Dry,Not Applicable,Fine,Outer Ring Road Service road Near More Mega store Marathahalli Police Station,Near country Club,7,0.0,0.0
Bengaluru City,Airport Traffic PS,1.04432e+16,2021,1,2,Road Accidents,Narrow road,City/Town,Residential area,Human Error,Yes,Grievous Injury,Vehicle to Vehicle,Not Applicable,Not Applicable,Two way,Kutcha,Dry,Not Applicable,Fine,Yamalur Village,Near Hoodi akkayammana mane,05km,0.0,0.0
Bengaluru City,Airport Traffic PS,1.04432e+16,2021,1,2,Road Accidents,Narrow road,City/Town,Near Bus stop,Human Error,Yes,Fatal,Vehicle to Vehicle,Not at  Junction,Others,Others,Kutcha,Dry,Not Applicable,Fine,Outer Ring Road,Near Udupi park hotel,06km,0.0,0.0
Bengaluru City,Airport Traffic PS,1.04432e+16,2021,1,1,Road Accidents,Narrow road,City/Town,Open area,Human Error,Not Applicable,Fatal,Not Applicable,Not Applicable,Not Applicable,Two way,Bitumen(Tar),Dry,Not Applicable,Clear,Doddanakkundi Main road,Near Post Office,4km,0.0,0.0
Bengaluru City,Airport Traffic PS,1.04432e+16,2021,1,1,Road Accidents,Narrow road,City/Town,Residential area,Human Error,No,Simple Injury,Hit pedestrian,Not Applicable,Not Applicable,Service Road,Bitumen(Tar),Dry,Not Applicable,Fine,MARATHAHALLI SERVICE ROAD,OPP TVS SHOW ROOM,4 KM,0.0,0.0
Bengaluru City,Airport Traffic PS,1.04432e+16,2021,1,1,Road Accidents,Cross roads,City/Town,Near office complex,Human Error,No,Simple Injury,Hit pedestrian,No signal lights,Others,Two way,Bitumen(Tar),Dry,No influence on accident,Clear,Outer Ring Road,2,5,0.0,0.0
Bengaluru City,Airport Traffic PS,1.04432e+16,2021,1,2,Road Accidents,Narrow road,City/Town,Open area,Human Error,No,Grievous Injury,Vehicle to Vehicle,Not Applicable,Not Applicable,Others,Kutcha,Dry,Not Applicable,Fine,Outer Ring Road Near Karthik Nagara Jeevika Hospital,karthik nagara Bus stop,06km,0.0,0.0
Bengaluru City,Airport Traffic PS,1.04432e+16,2021,1,2,Road Accidents,Narrow road,City/Town,Near office complex,Human Error,Yes,Grievous Injury,Vehicle to Vehicle,Not Applicable,Others,Residential Street,Kutcha,Dry,Not Applicable,Fine,Kariyammana agrahara main road,Kalyani tech park Back gate,06km,0.0,0.0
Bengaluru City,Airport Traffic PS,1.04432e+16,2021,1,1,Road Accidents,Narrow road,City/Town,Open area,Human Error,Not Applicable,Grievous Injury,Hit pedestrian,Not at  Junction,Not Applicable,Others,Bitumen(Tar),Dry,Not Applicable,Fine,Varturu Main road  Marathahalli Bridge,Near A2B Hotel,5km,0.0,0.0
Bengaluru City,Airport Traffic PS,1.04432e+16,2021,1,2,Road Accidents,Junction,City/Town,Near Bus stop,Vehicle Defect,Not Applicable,Grievous Injury,Vehicle to Vehicle,No signal lights,Curve and Incline,Two way,Bitumen(Tar),Dry,Not Applicable,Clear,Outer Ring Road Near Marathahalli Tulasi Junction,1,1,0.0,0.0
Bengaluru City,Airport Traffic PS,1.04432e+16,2021,1,1,Road Accidents,Narrow road,City/Town,Residential area,Human Error,Yes,Grievous Injury,Hit pedestrian,Not at  Junction,Not Applicable,Residential Street,Kutcha,Dry,Not Applicable,Fine,ITPL main Road,Near Tayota Shoroom,8km,0.0,0.0
Bengaluru City,Airport Traffic PS,1.04432e+16,2021,1,2,Road Accidents,Narrow road,City/Town,Near office complex,Human Error,Yes,Grievous Injury,Vehicle to Vehicle,Not Applicable,Not Applicable,Others,Kutcha,Dry,Not Applicable,Fine,Outer Ring Road Near Nagrajuna Hotel,Near Nagrajuna Hotel,6km,0.0,0.0