DISTRICTNAME,UNITNAME,Crime_No,Year,RI,Noofvehicle_involved,Accident_Classification,Accident_Spot,Accident_Location,Accident_SubLocation,Main_Cause,Hit_Run,Severity,Collision_Type,Junction_Control,Road_Character,Road_Type,Surface_Type,Surface_Condition,Road_Condition,Weather,Accident_Road,Landmark_first,Distance_LandMark_First,Latitude,Longitude
Bengaluru City,Airport Traffic PS,1.04432e+16,2021,1,2,Road Accidents,Narrow road,City/Town,Residential area,Human Error,Not Applicable,Fatal,Not Applicable,Not Applicable,Others,Others,Kutcha,Dry,Not Applicable,Fine,Anandnagra Main Road,Near Slum Bord,5km,0.0,0.0
Bengaluru City,Airport Traffic PS,1.04432e+16,2021,1,3,Road Accidents,Narrow road,City/Town,Open area,Human Error,Not Applicable,Grievous Injury,Vehicle to Vehicle,Not at  Junction,Others,Two way,Bitumen(Tar),Dry,Not Applicable,Fine,varturu Main Road Near basavanagara Junction,Near basavannagar Junction HAL,02km,0.0,0.0
Bengaluru City,Airport Traffic PS,1.04432e+16,2021,1,1,Road Accidents,Narrow road,City/Town,Near Bus stop,Human Error,Not Applicable,Simple Injury,Not Applicable,Not Applicable,Others,Others,Bitumen(Tar),Dry,Not Applicable,Fine,Varthuru Main Road,Near Borewell Bus stop,2km,0.0,0.0
Bengaluru City,Airport Traffic PS,1.04432e+16,2021,1,1,Road Accidents,Narrow road,City/Town,Near Bus stop,Human Error,No,Grievous Injury,Hit pedestrian,Signal lights Automatic,Others,One way,Kutcha,Dry,Not Applicable,Fine,Varthur Main Road,Near Yamaluru Junction,03km,0.0,0.0
Bengaluru City,Airport Traffic PS,1.04432e+16,2021,1,1,Road Accidents,Narrow road,City/Town,Near office complex,Human Error,No,Grievous Injury,Hit pedestrian,Not at  Junction,Others,Others,Kutcha,Dry,Not Applicable,Fine,Varturu Main road Marathahalli wood Land showroom,Near Wood Land show Room,5km,0.0,0.0
Bengaluru City,Airport Traffic PS,1.04432e+16,2021,1,2,Road Accidents,Curves,City/Town,Near School or College,Vehicle Defect,Not Applicable,Damage Only,Vehicle to Vehicle,No signal lights,Steep Incline or Climb,Residential Street,Bitumen(Tar),Dry,No influence on accident,Clear,SGR Dentel College Road Near Munnekolalu,1,1,0.0,0.0
Bengaluru City,Airport Traffic PS,1.04432e+16,2021,1,1,Road Accidents,Cross roads,City/Town,Residential area,Human Error,Yes,Fatal,Hit pedestrian,No signal lights,Others,Two way,Bitumen(Tar),Dry,No influence on accident,Clear,Annasandra palya,1,1,0.0,0.0
Bengaluru City,Airport Traffic PS,1.04432e+16,2021,1,1,Road Accidents,Not Applicable,City/Town,Near Bus stop,Human Error,Yes,Grievous Injury,Hit pedestrian,No signal lights,Others,Two way,Bitumen(Tar),Dry,No influence on accident,Clear,Outer Ring Road,1,5,0.0,0.0
Bengaluru City,Airport Traffic PS,1.04432e+16,2021,1,1,Road Accidents,Not Applicable,City/Town,At pedestrian Crossing,Human Error,No,Simple Injury,Hit bicyclist,No signal lights,Others,One way,Bitumen(Tar),Dry,No influence on accident,Clear,Varthur Main Road,2,5,0.0,0.0
Bengaluru City,Airport Traffic PS,1.04432e+16,2021,1,1,Road Accidents,Road hump or Rumble strips,City/Town,Near Bus stop,Human Error,No,Simple Injury,Not Applicable,No signal lights,Others,Others,Bitumen(Tar),Dry,No influence on accident,Clear,Varthur Main Road,1,2,0.0,0.0
Bengaluru City,Airport Traffic PS,1.04432e+16,2021,1,1,Road Accidents,Offset,City/Town,Near or inside a village,Human Error,No,Grievous Injury,Not Applicable,No signal lights,Others,Two way,Bitumen(Tar),Dry,No influence on accident,Others,Outer Ring Road,1,5,0.0,0.0
Bengaluru City,Airport Traffic PS,1.04432e+16,2021,1,2,Road Accidents,Narrow road,City/Town,Residential area,Human Error,Yes,Grievous Injury,Vehicle to Vehicle,Not Applicable,Others,Others,Not Applicable,Dry,Not Applicable,Fine,Varturu Main Road,Near Tulasi Junction,04km,0.0,0.0
Bengaluru City,Airport Traffic PS,1.04432e+16,2022,1,1,Road Accidents,Narrow road,City/Town,Residential area,Human Error,Not Applicable,Grievous Injury,Not Applicable,Not at  Junction,Not Applicable,Residential Street,Bitumen(Tar),Others,Not Applicable,Clear,HAL Hospital road,Near HAL Hospital,02km,0.0,0.0
Bengaluru City,Airport Traffic PS,1.04432e+16,2022,1,2,Road Accidents,Narrow road,City/Town,Open area,Human Error,Not Applicable,Grievous Injury,Vehicle to Vehicle,Not at  Junction,Others,Others,Bitumen(Tar),Dry,Not Applicable,Fine,Varturu main Road,Near HAL Cargo gate,3km,0.0,0.0
Bengaluru City,Airport Traffic PS,1.04432e+16,2022,1,2,Road Accidents,Narrow road,City/Town,Open area,Human Error,Yes,Damage Only,Vehicle to Vehicle,Not at  Junction,Others,Two way,Bitumen(Tar),Dry,Not Applicable,Fine,OUTER RING ROAD  kalamandira near,near kalamandira,05km,0.0,0.0
Bengaluru City,Airport Traffic PS,1.04432e+16,2022,1,2,Road Accidents,Narrow road,City/Town,Near Bus stop,Not Applicable,No,Fatal,Vehicle to Vehicle,Police / Manual,Others,Two way,Bitumen(Tar),Dry,Construction Work / Material,Clear,OUTERRING ROAD  NEAR KARTHIK NAGAR,NEAR TVS SHOWROOM,7.5 KM,0.0,0.0
Bengaluru City,Airport Traffic PS,1.04432e+16,2022,1,1,Not Applicable,Narrow road,City/Town,Near Hospital,Human Error,Yes,Grievous Injury,Hit bicyclist,Police / Manual,Others,Others,Bitumen(Tar),Dry,Not Applicable,Fine,Suranjanjan Das Road,Near HAL Hospitale,1km,0.0,0.0
Bengaluru City,Airport Traffic PS,1.04432e+16,2022,1,2,Road Accidents,Narrow road,City/Town,Open area,Human Error,Yes,Grievous Injury,Vehicle to Vehicle,Police / Manual,Others,Not Applicable,Bitumen(Tar),Others,Not Applicable,Others,Varturu main road  Tulasi Junction,Marathahlli Tualsi Junction,3km,0.0,0.0
Bengaluru City,Airport Traffic PS,1.04432e+16,2022,1,1,Road Accidents,Narrow road,City/Town,At pedestrian Crossing,Not Applicable,Yes,Fatal,Hit pedestrian,Police / Manual,Not Applicable,Two way,Bitumen(Tar),Dry,Construction Work / Material,Clear,Outer Ring road Opp to croma showrrom,OPP CROMA SHOWROOM,4.5,0.0,0.0
Bengaluru City,Airport Traffic PS,1.04432e+16,2022,1,1,Road Accidents,Narrow road,City/Town,Open area,Human Error,Yes,Grievous Injury,Hit bicyclist,Not Applicable,Others,Others,Bitumen(Tar),Others,Not Applicable,Fine,Outer Ring Road,Near kartiknagara,5km,0.0,0.0
Bengaluru City,Airport Traffic PS,1.04432e+16,2022,1,1,Road Accidents,Narrow road,City/Town,Open area,Human Error,Not Applicable,Grievous Injury,Hit pedestrian,Not at  Junction,Others,Two way,Bitumen(Tar),Dry,Not Applicable,Fine,Panatturu Main Road,Near Swathi Dilex Hotel,7km,0.0,0.0
Bengaluru City,Airport Traffic PS,1.04432e+16,2022,1,1,Road Accidents,Narrow road,City/Town,Near Bus stop,Not Applicable,No,Fatal,Hit pedestrian,Police / Manual,Others,Two way,Bitumen(Tar),Dry,Not Applicable,Fine,ITPL MAIN ROAD  NEAR EMPRIRE HOTAL,OPP TO EMPRIR HOTAL,5.8,0.0,0.0
Bengaluru City,Airport Traffic PS,1.04432e+16,2022,1,3,Road Accidents,Narrow road,City/Town,Open area,Human Error,No,Damage Only,Vehicle to Vehicle,Not Applicable,Not Applicable,Not Applicable,Bitumen(Tar),Dry,Not Applicable,Fine,Outer Ring Road,Near kalamandira,3km,0.0,0.0
Bengaluru City,Airport Traffic PS,1.04432e+16,2022,1,1,Road Accidents,Narrow road,City/Town,Residential area,Human Error,Yes,Fatal,Hit bicyclist,Not at  Junction,Not Applicable,Residential Street,Bitumen(Tar),Dry,Not Applicable,Fine,Bhoganahalli main Road,Opp Pilex Light APTS,6km,0.0,0.0
Bengaluru City,Airport Traffic PS,1.04432e+16,2022,1,1,Road Accidents,Narrow road,City/Town,Near office complex,Human Error,No,Grievous Injury,Hit bicyclist,Not at  Junction,Not Applicable,Others,Bitumen(Tar),Others,Not Applicable,Fine,Varturu main road,Near Brand factory,4km,0.0,0.0
Bengaluru City,Airport Traffic PS,1.04432e+16,2022,1,2,Road Accidents,Narrow road,City/Town,Near office complex,Not Applicable,Yes,Grievous Injury,Vehicle to Vehicle,Police / Manual,Straight and flat,Two way,Bitumen(Tar),Dry,Not Applicable,Clear,OPP CESINESS PARK OUTER RING ROAD,OPP CESINESS PARK,6KM,0.0,0.0
Bengaluru City,Airport Traffic PS,1.04432e+16,2022,1,2,Road Accidents,Narrow road,City/Town,Near a religious place,Human Error,Yes,Damage Only,Vehicle to Vehicle,Not at  Junction,Others,Others,Bitumen(Tar),Dry,Not Applicable,Fine,ITPL Main Road,Near Anjaneya junction,6km,0.0,0.0
Bengaluru City,Airport Traffic PS,1.04432e+16,2022,1,2,Road Accidents,Narrow road,City/Town,Open area,Human Error,Yes,Damage Only,Vehicle to Vehicle,Not at  Junction,Others,Others,Bitumen(Tar),Dry,Not Applicable,Fine,Oter Ring Road,Near maltiplex,05km,0.0,0.0
Bengaluru City,Airport Traffic PS,1.04432e+16,2022,1,2,Road Accidents,Circle,City/Town,Near a factory industrial area,Not Applicable,No,Grievous Injury,Vehicle to Vehicle,Police / Manual,Others,Arterial,Bitumen(Tar),Dry,Not Applicable,Fine,OPP SAB COMPANY ITPL ROAD,OPP TI SAB COMPANY,10KM,0.0,0.0
Bengaluru City,Airport Traffic PS,1.04432e+16,2022,1,1,Road Accidents,Curves,City/Town,Narrow bridge or culverts,Not Applicable,No,Fatal,Not Applicable,Police / Manual,Curve,Two way,Bitumen(Tar),Dry,Not Applicable,Clear,NEAR YAMALURU KODI  ANJENEYA TEMPLE,NEAR ANJENYA TEMPLE,3KM,0.0,0.0
Bengaluru City,Airport Traffic PS,1.04432e+16,2022,1,1,Road Accidents,Narrow road,City/Town,Residential area,Human Error,No,Grievous Injury,Not Applicable,Not at  Junction,Not Applicable,Two way,Bitumen(Tar),Dry,Not Applicable,Fine,Near Paly ground,ACS layout,6km,0.0,0.0
Bengaluru City,Airport Traffic PS,1.04432e+16,2022,1,7,Road Accidents,Narrow road,City/Town,Near School or College,Human Error,Not Applicable,Damage Only,Vehicle to Vehicle,Not Applicable,Not Applicable,Others,Bitumen(Tar),Not Applicable,Not Applicable,Fine,Devar beesanhalli,Near New Zhorizon College,07km,0.0,0.0
Bengaluru City,Airport Traffic PS,1.04432e+16,2022,1,1,Road Accidents,Narrow road,City/Town,Open area,Human Error,Not Applicable,Grievous Injury,Not Applicable,Not Applicable,Not Applicable,Others,Bitumen(Tar),Others,Not Applicable,Fine,Varturu Main Road,Near haL Over hall division,2km,0.0,0.0
Bengaluru City,Airport Traffic PS,1.04432e+16,2022,1,1,Road Accidents,Narrow road,City/Town,Narrow bridge or culverts,Not Applicable,No,Fatal,Hit pedestrian,Police / Manual,Not Applicable,Two way,Bitumen(Tar),Dry,Not Applicable,Clear,NEAR HP PETROL BANK  VARUTHURU MAIN ROAD,NEAR HP PETROL BANK,5KM,0.0,0.0
Bengaluru City,Airport Traffic PS,1.04432e+16,2022,1,1,Road Accidents,Narrow road,City/Town,Residential area,Human Error,Not Applicable,Grievous Injury,Hit pedestrian,Not Applicable,Not Applicable,Two way,Bitumen(Tar),Dry,Not Applicable,Fine,Devarabeesanahalli,Near manthri AptS,5km,0.0,0.0
Bengaluru City,Airport Traffic PS,1.04432e+16,2022,1,1,Road Accidents,Not Applicable,City/Town,Residential area,Human Error,No,Grievous Injury,Hit pedestrian,Not at  Junction,Others,Residential Street,Bitumen(Tar),Dry,Not Applicable,Fine,KADUBEESANAHLLI vILLAGE,NEAR GOV SCHOOL,6KM,0.0,0.0
Bengaluru City,Airport Traffic PS,1.04432e+16,2022,1,2,Road Accidents,Narrow road,City/Town,Open area,Human Error,Not Applicable,Grievous Injury,Vehicle to Vehicle,Not at  Junction,Not Applicable,Others,Bitumen(Tar),Dry,Not Applicable,Fine,Varturu Main Road,Near Borewell Bus stop,2km,0.0,0.0
Bengaluru City,Airport Traffic PS,1.04432e+16,2022,1,2,Road Accidents,Narrow road,City/Town,Residential area,Human Error,No,Grievous Injury,Vehicle to Vehicle,Not at  Junction,Others,Others,Bitumen(Tar),Dry,Not Applicable,Fine,Tulasi takies road,Near Tulsi theater,5km,0.0,0.0
Bengaluru City,Airport Traffic PS,1.04432e+16,2022,1,2,Road Accidents,Narrow road,City/Town,Near office complex,Not Applicable,No,Fatal,Vehicle to Vehicle,Police / Manual,Straight and flat,Service Road,Bitumen(Tar),Dry,Construction Work / Material,Fine,KARTHIC NAGAR SARVICE ROAD,NEAR KARNATK BANK,04 KM,0.0,0.0
Bengaluru City,Airport Traffic PS,1.04432e+16,2022,1,2,Not Applicable,Narrow road,City/Town,Open area,Human Error,No,Damage Only,Vehicle to Vehicle,Not at  Junction,Not Applicable,Others,Bitumen(Tar),Dry,Not Applicable,Fine,Varturu Main Road,Naer Kanthi sweet Maratahalli,4km,0.0,0.0
Bengaluru City,Airport Traffic PS,1.04432e+16,2022,1,1,Road Accidents,Narrow road,City/Town,Residential area,Not Applicable,No,Fatal,Hit pedestrian,Police / Manual,Others,Two way,Bitumen(Tar),Dry,Not Applicable,Clear,near 7th cross,NEAR BHAGAMANE TECH PARK,9KM,0.0,0.0
Bengaluru City,Airport Traffic PS,1.04432e+16,2022,1,2,Road Accidents,Not Applicable,City/Town,Near Bus stop,Not Applicable,No,Grievous Injury,Vehicle to Vehicle,Police / Manual,Others,Two way,Bitumen(Tar),Dry,Not Applicable,Clear,OUTER RING ROAD KADUBISANAHALLI,NEAR KADUBISANAHALLI UNDER PAS,8KM,0.0,0.0
Bengaluru City,Airport Traffic PS,1.04432e+16,2022,1,1,Road Accidents,Narrow road,City/Town,Narrow bridge or culverts,Not Applicable,Yes,Grievous Injury,Hit pedestrian,Police / Manual,Straight and flat,Two way,Bitumen(Tar),Dry,Not Applicable,Clear,OUTER RING ROAD  KADUBISANHALLI,NEAR STRALING APARTMENT,7.5KM,12.928805,77.682394
Bengaluru City,Airport Traffic PS,1.04432e+16,2022,1,1,Road Accidents,Narrow road,City/Town,Open area,Human Error,Not Applicable,Fatal,Not Applicable,No signal lights,Others,Others,Bitumen(Tar),Dry,Not Applicable,Fine,Outer Ring Road,Near J P Morgan,07km,0.0,0.0
Bengaluru City,Airport Traffic PS,1.04432e+16,2022,1,4,Road Accidents,Narrow road,City/Town,Near School or College,Human Error,Yes,Grievous Injury,Vehicle to Vehicle,Not at  Junction,Others,Others,Bitumen(Tar),Dry,Not Applicable,Fine,ACS LAYOUT KUNDALAHALLI ROAD,NEAR CMIRT COLLEGE,6KM,0.0,0.0
Bengaluru City,Airport Traffic PS,1.04432e+16,2022,1,2,Road Accidents,Narrow road,City/Town,Open area,Human Error,Not Applicable,Damage Only,Vehicle to Vehicle,Not at  Junction,Not Applicable,Two way,Bitumen(Tar),Dry,Not Applicable,Fine,yamaluru lake,Near Yamaluru lake,5km,0.0,0.0
Bengaluru City,Airport Traffic PS,1.04432e+16,2022,1,1,Road Accidents,Narrow road,City/Town,Open area,Human Error,Not Applicable,Grievous Injury,Hit pedestrian,Not at  Junction,Others,Two way,Bitumen(Tar),Dry,Not Applicable,Fine,ITPL Main Road,Near kalyani Motors,6km,0.0,0.0
Bengaluru City,Airport Traffic PS,1.04432e+16,2022,1,2,Road Accidents,Junction,City/Town,Open area,Human Error,Yes,Simple Injury,Vehicle to Vehicle,Police / Manual,Others,Others,Bitumen(Tar),Not Applicable,Not Applicable,Others,Outer Ring Road,karthiknagara Junction,05km,0.0,0.0
Bengaluru City,Airport Traffic PS,1.04432e+16,2022,1,2,Road Accidents,Curves,City/Town,Open area,Human Error,Yes,Grievous Injury,Vehicle to Vehicle,Not Applicable,Curve,Others,Bitumen(Tar),Dry,Not Applicable,Clear,YAMALUR KODI ROAD,NEAR YAMALUR LAKE,6 KM,0.0,0.0
Bengaluru City,Airport Traffic PS,1.04432e+16,2022,1,2,Road Accidents,Narrow road,City/Town,Open area,Human Error,Yes,Grievous Injury,Vehicle to Vehicle,Not at  Junction,Others,Service Road,Bitumen(Tar),Dry,Not Applicable,Fine,Service road,Near kadubeesanhalli bridge,6km,0.0,0.0
Bengaluru City,Airport Traffic PS,1.04432e+16,2022,1,1,Road Accidents,Narrow road,City/Town,Open area,Human Error,Not Applicable,Grievous Injury,Hit pedestrian,Not at  Junction,Not Applicable,Not Applicable,Bitumen(Tar),Dry,Not Applicable,Fine,Annsandrapalya Main Road,Near Srirama TYemple,2km,0.0,0.0
Bengaluru City,Airport Traffic PS,1.04432e+16,2022,1,2,Road Accidents,Narrow road,City/Town,Open area,Human Error,No,Damage Only,Hit pedestrian,Not at  Junction,Others,Two way,Bitumen(Tar),Dry,Not Applicable,Fine,suranjan das road,near Jb Nagara Cross,01km,12.964001,77.663841
Bengaluru City,Airport Traffic PS,1.04432e+16,2022,1,1,Road Accidents,Curves,City/Town,Near School or College,Not Applicable,Yes,Fatal,Hit pedestrian,Police / Manual,Curve,Others,Bitumen(Tar),Dry,Not Applicable,Clear,MUNNEKOLAL MAIN ROAD NEAR GOVT  SCHOOL,NEAR GOVT SCHOOL  MUNNEKOLAL MAIN ROAD,5.5KM,0.0,0.0
Bengaluru City,Airport Traffic PS,1.04432e+16,2022,1,1,Road Accidents,Narrow road,City/Town,Near office complex,Human Error,Yes,Grievous Injury,Hit pedestrian,Police / Manual,Straight and flat,Two way,Bitumen(Tar),Dry,Not Applicable,Clear,NO,NEAR MARATHAHALLI MALTIPLEX,4.5 KM,0.0,0.0
Bengaluru City,Airport Traffic PS,1.04432e+16,2022,1,2,Road Accidents,Narrow road,City/Town,Open area,Human Error,No,Grievous Injury,Vehicle to Vehicle,Not at  Junction,Not Applicable,Service Road,Bitumen(Tar),Dry,Not Applicable,Fine,kadubeesanahalli service Road,Near Solar Puria bulding,6km,0.0,0.0
Bengaluru City,Airport Traffic PS,1.04432e+16,2022,1,2,Road Accidents,Junction,City/Town,Near Bus stop,Not Applicable,No,Grievous Injury,Vehicle to Vehicle,Police / Manual,Curve,Two way,Bitumen(Tar),Dry,Not Applicable,Clear,OUTER RING ROAD KARTHIC NAGAR JUNTION,Near jeevika hospital,8km,0.0,0.0
Bengaluru City,Airport Traffic PS,1.04432e+16,2022,1,2,Road Accidents,Narrow road,City/Town,Residential area,Human Error,Not Applicable,Grievous Injury,Vehicle to Vehicle,Not Applicable,Others,Residential Street,Bitumen(Tar),Dry,Not Applicable,Fine,ITPL Main Road,Near Jgvar Car Sho Room,5km,0.0,0.0
Bengaluru City,Airport Traffic PS,1.04432e+16,2022,1,2,Road Accidents,Narrow road,City/Town,Residential area,Human Error,Not Applicable,Grievous Injury,Vehicle to Vehicle,Not Applicable,Others,Service Road,Bitumen(Tar),Dry,Not Applicable,Fine,Service Road  Kadubeesanahalli,Near kanthi sweets,06km,0.0,0.0
Bengaluru City,Airport Traffic PS,1.04432e+16,2022,1,2,Road Accidents,Narrow road,City/Town,Near Bus stop,Human Error,No,Fatal,Vehicle to Vehicle,Not at  Junction,Not Applicable,Others,Bitumen(Tar),Dry,Not Applicable,Fine,Outer Ring Road,Devarabeesanahalli Bus stop,6km,0.0,0.0
Bengaluru City,Airport Traffic PS,1.04432e+16,2022,1,2,Road Accidents,Narrow road,City/Town,Narrow bridge or culverts,Not Applicable,Yes,Fatal,Vehicle to Vehicle,Police / Manual,Hump,Two way,Bitumen(Tar),Dry,Not Applicable,Clear,ITAL MAIN ROAD  OPP SABLAB,NEAR JINZAR HOTAL,10KM,0.0,0.0
Bengaluru City,Airport Traffic PS,1.04432e+16,2022,1,2,Road Accidents,Junction,City/Town,Open area,Human Error,Yes,Grievous Injury,Vehicle to Vehicle,Police / Manual,Others,Two way,Bitumen(Tar),Dry,Not Applicable,Fine,Varturu main Riad,Doddanakkundi Junction,3km,0.0,0.0
Bengaluru City,Airport Traffic PS,1.04432e+16,2022,1,3,Road Accidents,Narrow road,City/Town,Open area,Human Error,No,Damage Only,Vehicle to Vehicle,Not at  Junction,Others,Service Road,Bitumen(Tar),Dry,Not Applicable,Fine,outer ring road service road,Opposit New Horizon College,6km,0.0,0.0
Bengaluru City,Airport Traffic PS,1.04432e+16,2022,1,1,Road Accidents,Cross roads,City/Town,Residential area,Human Error,No,Grievous Injury,Hit pedestrian,Police / Manual,Curve,Others,Bitumen(Tar),Dry,Not Applicable,Clear,PRAGATHI LAYOUT 3RD CROSS,NEAR RAMANNA HOME,3.5 KM,0.0,0.0
Bengaluru City,Airport Traffic PS,1.04432e+16,2022,1,3,Road Accidents,Narrow road,City/Town,Open area,Human Error,Yes,Fatal,Vehicle to Vehicle,Not at  Junction,Others,Others,Bitumen(Tar),Dry,Not Applicable,Fine,Outer Ring Road,Near Devarabeesanahalli Bus stand,7km,0.0,0.0
Bengaluru City,Airport Traffic PS,1.04432e+16,2022,1,2,Road Accidents,Narrow road,City/Town,Residential area,Human Error,No,Grievous Injury,Vehicle to Vehicle,Not at  Junction,Others,Residential Street,Bitumen(Tar),Dry,Not Applicable,Fine,MUNEKOLALU,CKB KLAYOUT,5KM,0.0,0.0
Bengaluru City,Airport Traffic PS,1.04432e+16,2022,1,2,Road Accidents,Junction,City/Town,Open area,Human Error,Not Applicable,Grievous Injury,Vehicle to Vehicle,Signal lights Automatic,Others,Others,Bitumen(Tar),Dry,Not Applicable,Fine,Devarabeesanahalli,Near Udupi Hotel,5km,0.0,0.0
Bengaluru City,Airport Traffic PS,1.04432e+16,2022,1,1,Road Accidents,Narrow road,City/Town,Open area,Human Error,Yes,Grievous Injury,Hit pedestrian,Not Applicable,Others,Service Road,Bitumen(Tar),Dry,Not Applicable,Fine,Outer Ring Road service road,Near JP Morgon,5km,0.0,0.0
Bengaluru City,Airport Traffic PS,1.04432e+16,2022,1,1,Road Accidents,Road hump or Rumble strips,City/Town,Near office complex,Not Applicable,Not Applicable,Fatal,Not Applicable,Police / Manual,Straight and flat,Two way,Bitumen(Tar),Dry,Not Applicable,Clear,YES,NEAR HAL AIR POLICE STAION,1KM,0.0,0.0
Bengaluru City,Airport Traffic PS,1.04432e+16,2022,1,1,Road Accidents,Narrow road,City/Town,Open area,Human Error,Yes,Fatal,Hit bicyclist,Not at  Junction,Others,Service Road,Bitumen(Tar),Dry,Not Applicable,Fine,Outer Ring Road Service Road,Near Country Club Service Road,08km,0.0,0.0
Bengaluru City,Airport Traffic PS,1.04432e+16,2022,1,1,Road Accidents,Narrow road,City/Town,Residential area,Human Error,No,Grievous Injury,Not Applicable,Not Applicable,Not Applicable,Others,Bitumen(Tar),Dry,Not Applicable,Fine,ITPl Road,Near Shell Petrol Bunk,6km,0.0,0.0
Bengaluru City,Airport Traffic PS,1.04432e+16,2022,1,1,Road Accidents,Narrow road,City/Town,Open area,Human Error,No,Grievous Injury,Not Applicable,Not Applicable,Others,Others,Bitumen(Tar),Dry,Not Applicable,Fine,OUTER RING ROAD,KARTHIK NAGARA,6KM,0.0,0.0
Bengaluru City,Airport Traffic PS,1.04432e+16,2022,1,2,Road Accidents,Junction,City/Town,Near School or College,Human Error,No,Grievous Injury,Vehicle to Vehicle,Police / Manual,Others,Others,Bitumen(Tar),Dry,Not Applicable,Fine,Varturu main road Near Spice Garden,Shankar Eye Hospitale Opposite,5km,0.0,0.0
Bengaluru City,Airport Traffic PS,1.04432e+16,2022,1,2,Road Accidents,Narrow road,City/Town,Near office complex,Human Error,No,Damage Only,Vehicle to Vehicle,Not at  Junction,Others,Others,Bitumen(Tar),Dry,Not Applicable,Fine,varturu main Road,Near HaL 26 ED,1km,0.0,0.0
Bengaluru City,Airport Traffic PS,1.04432e+16,2022,1,2,Road Accidents,Not Applicable,City/Town,Near Bus stop,Human Error,No,Grievous Injury,Vehicle to Vehicle,Police / Manual,Curve,Two way,Bitumen(Tar),Dry,Not Applicable,Clear,BASAVNGAR MAIN ROAD RAMESH  NGAR BUSSTOP,NEAR RAMESH NAGAR BUS STOP,3.5,0.0,0.0
Bengaluru City,Airport Traffic PS,1.04432e+16,2022,1,1,Road Accidents,Bottleneck,City/Town,Residential area,Human Error,Not Applicable,Grievous Injury,Not Applicable,Controlled,Not Applicable,Others,Bitumen(Tar),Dry,No influence on accident,Fine,Vijnana nagara,Near Kurla Mansion Apartment,3,0.0,0.0
Bengaluru City,Airport Traffic PS,1.04432e+16,2022,1,1,Road Accidents,Narrow road,City/Town,Open area,Human Error,No,Grievous Injury,Hit pedestrian,Not Applicable,Not Applicable,Service Road,Bitumen(Tar),Dry,No influence on accident,Clear,OUTER RING ROAD KADUBISANAHALLI SERVICE ROAD,NEAR WELLS CARGO BUILDING,7 KM,0.0,0.0
Bengaluru City,Airport Traffic PS,1.04432e+16,2022,1,3,Road Accidents,Narrow road,City/Town,Open area,Human Error,Yes,Grievous Injury,Vehicle to Vehicle,Police / Manual,Others,Others,Bitumen(Tar),Dry,Not Applicable,Fine,Panatturu Main Road,panatturu mayuri vinse nesr,6km,0.0,0.0
Bengaluru City,Airport Traffic PS,1.04432e+16,2022,1,1,Road Accidents,Narrow road,City/Town,Open area,Human Error,No,Grievous Injury,Hit pedestrian,Not at  Junction,Not Applicable,Others,Bitumen(Tar),Dry,Not Applicable,Fine,Outer Ring Road,Near marathahlli Kalamandira,5km,0.0,0.0
Bengaluru City,Airport Traffic PS,1.04432e+16,2022,1,2,Road Accidents,Narrow road,City/Town,Residential area,Human Error,Yes,Grievous Injury,Vehicle to Vehicle,Not at  Junction,Others,Others,Bitumen(Tar),Dry,Not Applicable,Fine,varturu main road,Near Udupi Hotel,4km,0.0,0.0
Bengaluru City,Airport Traffic PS,1.04432e+16,2022,1,1,Road Accidents,Narrow road,City/Town,Open area,Human Error,Not Applicable,Grievous Injury,Hit pedestrian,Not Applicable,Not Applicable,Others,Bitumen(Tar),Dry,Not Applicable,Fine,Outer Ring Road Service Road,Naer Marathahlli Police Station,06km,0.0,0.0
Bengaluru City,Airport Traffic PS,1.04432e+16,2022,1,2,Road Accidents,Narrow road,City/Town,Open area,Human Error,Yes,Grievous Injury,Vehicle to Vehicle,Not Applicable,Others,Others,Bitumen(Tar),Dry,Not Applicable,Others,Chinnapanalli Road,Poorvirika APTS,5km,0.0,0.0
Bengaluru City,Airport Traffic PS,1.04432e+16,2022,1,1,Road Accidents,Narrow road,City/Town,Near Bus stop,Not Applicable,Not Applicable,Fatal,Not Applicable,Police / Manual,Others,Two way,Bitumen(Tar),Dry,Not Applicable,Clear,IPTL MAIN ROAD NEAR BIGBZAR,NEAR BIGBAZAR,9KM,0.0,0.0
Bengaluru City,Airport Traffic PS,1.04432e+16,2022,1,1,Road Accidents,Junction,City/Town,Open area,Human Error,Not Applicable,Grievous Injury,Not Applicable,Signal lights Automatic,Not Applicable,Others,Bitumen(Tar),Dry,Not Applicable,Clear,Kundalahalli Junction,Kundalahalli gate,04km,0.0,0.0
Bengaluru City,Airport Traffic PS,1.04432e+16,2022,1,1,Road Accidents,Narrow road,City/Town,Near a factory industrial area,Human Error,No,Grievous Injury,Hit pedestrian,Not at  Junction,Not Applicable,Not Applicable,Bitumen(Tar),Dry,Not Applicable,Fine,Varturu Main Road,near HAL Sports Club,1/2 km,0.0,0.0
Bengaluru City,Airport Traffic PS,1.04432e+16,2022,1,3,Road Accidents,Narrow road,City/Town,Open area,Human Error,No,Grievous Injury,Vehicle to Vehicle,Not Applicable,Straight and flat,Others,Bitumen(Tar),Dry,No influence on accident,Others,OUTER RING ROAD,NEAR JP MORGAN COMPANY,5 KM,0.0,0.0