DISTRICTNAME,UNITNAME,Crime_No,Year,RI,Noofvehicle_involved,Accident_Classification,Accident_Spot,Accident_Location,Accident_SubLocation,Main_Cause,Hit_Run,Severity,Collision_Type,Junction_Control,Road_Character,Road_Type,Surface_Type,Surface_Condition,Road_Condition,Weather,Accident_Road,Landmark_first,Distance_LandMark_First,Latitude,Longitude
Bengaluru City,Ashoknagar Traffic PS,1.04432e+16,2018,1,1,Road Accidents,Circle,City/Town,Near office complex,Human Error,Yes,Damage Only,Hit and Run,Not at  Junction,Not Applicable,City or Town Road,Bitumen(Tar),Not Applicable,Not Applicable,Fine,Residency Road,Mayohall Court,500 me,0.0,0.0
Bengaluru City,Ashoknagar Traffic PS,1.04432e+16,2018,1,2,Road Accidents,Cross roads,City/Town,Residential area,Human Error,Yes,Grievous Injury,Hit and Run,No signal lights,Not Applicable,Two way,Bitumen(Tar),Not Applicable,Not Applicable,Fine,Laxmi Road,SVH Carner,03 Km,0.0,0.0
Bengaluru City,Ashoknagar Traffic PS,1.04432e+16,2018,1,1,Road Accidents,Cross roads,City/Town,Near a recreation place/cinema,Human Error,Yes,Grievous Injury,Hit and Run,Not at  Junction,Not Applicable,Two way,Concrete,Dry,Not Applicable,Fine,M G Road,Shankarnag Theater opp,01 km,0.0,0.0
Bengaluru City,Ashoknagar Traffic PS,1.04432e+16,2018,1,2,Road Accidents,Junction,City/Town,Near office complex,Human Error,Yes,Damage Only,Hit and Run,Signal lights Automatic,Not Applicable,One way,Bitumen(Tar),Not Applicable,Not Applicable,Fine,Richmond Road,Vellarajuntion,01 KM,0.0,0.0
Bengaluru City,Ashoknagar Traffic PS,1.04432e+16,2018,1,2,Road Accidents,Junction,City/Town,Near Hospital,Human Error,Not Applicable,Grievous Injury,Others,Signal lights Automatic,Not Applicable,One way,Bitumen(Tar),Not Applicable,Not Applicable,Fine,Richmond Road,Richmond Road,2 1/2,0.0,0.0
Bengaluru City,Ashoknagar Traffic PS,1.04432e+16,2018,1,2,Road Accidents,Cross roads,City/Town,Near Bus stop,Human Error,Yes,Grievous Injury,Hit and Run,No signal lights,Not Applicable,Two way,Bitumen(Tar),Not Applicable,Not Applicable,Fine,Nera vivekanagara bus stop,Srirama Tempal opp,03 km,0.0,0.0
Bengaluru City,Ashoknagar Traffic PS,1.04432e+16,2018,1,2,Road Accidents,Cross roads,City/Town,Near a recreation place/cinema,Human Error,Yes,Grievous Injury,Hit and Run,Not at  Junction,Not Applicable,Two way,Bitumen(Tar),Not Applicable,Not Applicable,Fine,Comessinareat Road,Near Indira Canteen,500 m,0.0,0.0
Bengaluru City,Ashoknagar Traffic PS,1.04432e+16,2018,1,2,Road Accidents,Narrow road,City/Town,Residential area,Human Error,No,Damage Only,Rear end,Not at  Junction,Not Applicable,City or Town Road,Bitumen(Tar),Dry,Not Applicable,Fine,Nelasandra main road,Nelasandra main road,2,0.0,0.0
Bengaluru City,Ashoknagar Traffic PS,1.04432e+16,2018,1,2,Road Accidents,Junction,City/Town,Near office complex,Human Error,Yes,Grievous Injury,Hit and Run,Signal lights Automatic,Not Applicable,Two way,Bitumen(Tar),Not Applicable,Not Applicable,Fine,M,MAYOHALL JUNCTION,50 MI,0.0,0.0
Bengaluru City,Ashoknagar Traffic PS,1.04432e+16,2018,1,1,Road Accidents,Narrow road,City/Town,At pedestrian Crossing,Human Error,Yes,Grievous Injury,Hit and Run,Not at  Junction,Not Applicable,City or Town Road,Bitumen(Tar),Dry,Not Applicable,Fine,Commissinerate road,Near Indira cantene,1 KM,0.0,0.0
Bengaluru City,Ashoknagar Traffic PS,1.04432e+16,2018,1,2,Road Accidents,Cross roads,City/Town,Residential area,Human Error,Not Applicable,Simple Injury,Others,Not at  Junction,Not Applicable,Two way,Bitumen(Tar),Others,Not Applicable,Fine,Near Nirguna Mandira,St bed Layout,06 km,0.0,0.0
Bengaluru City,Ashoknagar Traffic PS,1.04432e+16,2018,1,1,Road Accidents,Cross roads,City/Town,Near School or College,Human Error,No,Grievous Injury,Not Applicable,Not Applicable,Not Applicable,One way,Bitumen(Tar),Not Applicable,Not Applicable,Fine,Museum Road,Good Shaffered Auditorium,01 km,0.0,0.0
Bengaluru City,Ashoknagar Traffic PS,1.04432e+16,2018,1,2,Road Accidents,Other,City/Town,Near Bus stop,Human Error,Not Applicable,Simple Injury,Others,No signal lights,Not Applicable,Two way,Bitumen(Tar),Not Applicable,Not Applicable,Fine,langforad Road,Near Akkithimmanahalli Bus stop,04 K M,0.0,0.0
Bengaluru City,Ashoknagar Traffic PS,1.04432e+16,2018,1,2,Road Accidents,Junction,City/Town,Near a religious place,Human Error,Not Applicable,Damage Only,Others,Signal lights Automatic,Not Applicable,Two way,Bitumen(Tar),Not Applicable,Not Applicable,Fine,Ricmond Road,Vellara Junction,1 K M,0.0,0.0
Bengaluru City,Ashoknagar Traffic PS,1.04432e+16,2018,1,2,Road Accidents,Cross roads,City/Town,Near office complex,Human Error,Not Applicable,Simple Injury,Others,Not at  Junction,Not Applicable,One way,Bitumen(Tar),Not Applicable,Not Applicable,Fine,wood street,Ashokanagara,01 km,0.0,0.0
Bengaluru City,Ashoknagar Traffic PS,1.04432e+16,2018,1,1,Road Accidents,Other,City/Town,Near Bus stop,Human Error,Not Applicable,Grievous Injury,Hit pedestrian,Not Applicable,Not Applicable,One way,Bitumen(Tar),Others,Not Applicable,Fine,Cometionreat road,Ashokanagara Police Station opp,05 mit,0.0,0.0
Bengaluru City,Ashoknagar Traffic PS,1.04432e+16,2018,1,2,Road Accidents,Circle,City/Town,Residential area,Human Error,Yes,Grievous Injury,Hit and Run,Signal lights Automatic,Not Applicable,Residential Street,Bitumen(Tar),Not Applicable,Not Applicable,Fine,RICHMOND ROAD,SHOLE CIRCLE,01 KM,0.0,0.0
Bengaluru City,Ashoknagar Traffic PS,1.04432e+16,2019,1,2,Road Accidents,Not Applicable,City/Town,Near a recreation place/cinema,Human Error,No,Damage Only,Vehicle to Vehicle,Not Applicable,Not Applicable,Others,Concrete,Dry,Not Applicable,Fine,Residency road,Chansalari pelivan hotel,2 KM,0.0,0.0
Bengaluru City,Ashoknagar Traffic PS,1.04432e+16,2019,1,2,Road Accidents,Curves,City/Town,Near a religious place,Human Error,No,Grievous Injury,Vehicle to Vehicle,Not at  Junction,Curve,Two way,Bitumen(Tar),Dry,Not Applicable,Clear,Bannerugatta Main raod,Bannerugatta Main raod,3 Km,0.0,0.0
Bengaluru City,Ashoknagar Traffic PS,1.04432e+16,2019,1,2,Road Accidents,Other,City/Town,Near a religious place,Human Error,Yes,Grievous Injury,Hit and Run,Not at  Junction,Not Applicable,One way,Bitumen(Tar),Not Applicable,Not Applicable,Fine,Richmond road,Arab Lain Masidi opp,01 km,0.0,0.0
Bengaluru City,Ashoknagar Traffic PS,1.04432e+16,2019,1,2,Road Accidents,Narrow road,City/Town,Near Bus stop,Human Error,Not Applicable,Simple Injury,Vehicle to Vehicle,Not Applicable,Not Applicable,Two way,Bitumen(Tar),Dry,Not Applicable,Fine,INNER RING ROAD,INNER RING ROAD,4 KM,0.0,0.0
Bengaluru City,Ashoknagar Traffic PS,1.04432e+16,2019,1,2,Road Accidents,Cross roads,City/Town,Near a recreation place/cinema,Human Error,No,Damage Only,Vehicle to Vehicle,No signal lights,Not Applicable,Two way,Bitumen(Tar),Not Applicable,Not Applicable,Fine,Commissariat Road,Opp Indira Canteen,500 mr,0.0,0.0
Bengaluru City,Ashoknagar Traffic PS,1.04432e+16,2019,1,2,Road Accidents,Narrow road,City/Town,Open area,Human Error,No,Damage Only,Vehicle to Vehicle,Not at  Junction,Straight and flat,Two way,Bitumen(Tar),Dry,Not Applicable,Clear,Hosur road,Near CMP Junction,2,0.0,0.0
Bengaluru City,Ashoknagar Traffic PS,1.04432e+16,2019,1,2,Road Accidents,Cross roads,City/Town,Near Bus stop,Human Error,Not Applicable,Grievous Injury,Others,Stop sign,Not Applicable,One way,Bitumen(Tar),Not Applicable,Not Applicable,Fine,Brigead road,Near bus stop,500 me,0.0,0.0
Bengaluru City,Ashoknagar Traffic PS,1.04432e+16,2019,1,2,Road Accidents,T Junction,City/Town,Near Hospital,Human Error,Yes,Grievous Injury,Hit and Run,Uncontrolled,Not Applicable,City or Town Road,Bitumen(Tar),Dry,Not Applicable,Fine,Mother tarisa road,Opp Fortis hospital,1,0.0,0.0
Bengaluru City,Ashoknagar Traffic PS,1.04432e+16,2019,1,2,Road Accidents,Narrow road,City/Town,In bazaar,Human Error,No,Simple Injury,Rear end,No signal lights,Not Applicable,City or Town Road,Bitumen(Tar),Dry,Not Applicable,Fine,Richmond road,Shooly cricle,1.5 KM,0.0,0.0
Bengaluru City,Ashoknagar Traffic PS,1.04432e+16,2019,1,2,Road Accidents,Narrow road,City/Town,In bazaar,Human Error,No,Fatal,Vehicle to Vehicle,Not Applicable,Straight and flat,Two way,Bitumen(Tar),Dry,Not Applicable,Clear,ORC Road,Opp Austin town Bus stop,2,0.0,0.0
Bengaluru City,Ashoknagar Traffic PS,1.04432e+16,2019,1,2,Road Accidents,Narrow road,City/Town,Near office complex,Human Error,Not Applicable,Simple Injury,Vehicle to Vehicle,Not Applicable,Straight and flat,One way,Bitumen(Tar),Dry,Not Applicable,Clear,Bridage road,Opp iris hotel,1,0.0,0.0
Bengaluru City,Ashoknagar Traffic PS,1.04432e+16,2019,1,3,Road Accidents,Narrow road,City/Town,Near School or College,Human Error,No,Damage Only,Vehicle to Vehicle,Not at  Junction,Straight and flat,Two way,Bitumen(Tar),Dry,Not Applicable,Fine,Residency road,Opp LIC buliding,2 Km,0.0,0.0
Bengaluru City,Ashoknagar Traffic PS,1.04432e+16,2019,1,2,Road Accidents,Other,City/Town,Near Bus stop,Human Error,Yes,Grievous Injury,Hit and Run,Not at  Junction,Not Applicable,Two way,Bitumen(Tar),Not Applicable,Not Applicable,Fine,Lagford Road,Opp Udupi Upahara Hotel,02 Km,0.0,0.0
Bengaluru City,Ashoknagar Traffic PS,1.04432e+16,2019,1,2,Road Accidents,Cross roads,City/Town,Near Bus stop,Human Error,Yes,Grievous Injury,Hit and Run,Not at  Junction,Curve,Two way,Bitumen(Tar),Not Applicable,Not Applicable,Fine,B G Road,opp Crichian cementry ground,02 km,0.0,0.0
Bengaluru City,Ashoknagar Traffic PS,1.04432e+16,2019,1,2,Road Accidents,Narrow road,City/Town,Near School or College,Human Error,No,Simple Injury,Vehicle to Vehicle,Not Applicable,Not Applicable,Residential Street,Bitumen(Tar),Dry,Not Applicable,Fine,Ognaseas road,Near Boldwin girls back gate,2km,0.0,0.0
Bengaluru City,Ashoknagar Traffic PS,1.04432e+16,2019,1,1,Road Accidents,Cross roads,City/Town,Near a religious place,Human Error,Not Applicable,Grievous Injury,Hit pedestrian,Not at  Junction,Not Applicable,Two way,Bitumen(Tar),Not Applicable,Not Applicable,Fine,Bazar Sreet Road,Near Infent Jesus Chruch,02 Km,0.0,0.0
Bengaluru City,Ashoknagar Traffic PS,1.04432e+16,2019,1,1,Road Accidents,Narrow road,City/Town,Near office complex,Human Error,No,Grievous Injury,Hit pedestrian,Not at  Junction,Straight and flat,One way,Bitumen(Tar),Dry,Not Applicable,Fine,Richmond road,HDFS Bank,2 Km,0.0,0.0
Bengaluru City,Ashoknagar Traffic PS,1.04432e+16,2019,1,1,Road Accidents,Cross roads,City/Town,Residential area,Human Error,No,Grievous Injury,Hit pedestrian,Not Applicable,Straight and flat,Two way,Bitumen(Tar),Dry,Not Applicable,Clear,Longford cross road,Longford cross road,3,0.0,0.0
Bengaluru City,Ashoknagar Traffic PS,1.04432e+16,2019,1,2,Road Accidents,Cross roads,City/Town,Residential area,Human Error,No,Grievous Injury,Vehicle to Vehicle,Not at  Junction,Not Applicable,One way,Bitumen(Tar),Dry,Not Applicable,Fine,Victoriya Layout,2nd Main Raod,01 km,0.0,0.0
Bengaluru City,Ashoknagar Traffic PS,1.04432e+16,2019,1,2,Road Accidents,Cross roads,City/Town,Residential area,Human Error,Yes,Grievous Injury,Hit and Run,No signal lights,Not Applicable,Two way,Bitumen(Tar),Not Applicable,Not Applicable,Fine,Ejipura Main Road,Opp Mathrushree Becary And Juse Center,04 KM,12.943508,77.630421
Bengaluru City,Ashoknagar Traffic PS,1.04432e+16,2019,1,3,Road Accidents,Narrow road,City/Town,Open area,Human Error,No,Grievous Injury,Rear end,Not Applicable,Straight and flat,City or Town Road,Bitumen(Tar),Dry,Not Applicable,Fine,inner ring road,srinivagilu junction,4 KM,0.0,0.0
Bengaluru City,Ashoknagar Traffic PS,1.04432e+16,2019,1,1,Road Accidents,Cross roads,City/Town,Near Bus stop,Human Error,No,Grievous Injury,Not Applicable,Not at  Junction,Others,One way,Bitumen(Tar),Others,Not Applicable,Fine,Residence Road,Near Mayohall Junction,500 mr,0.0,0.0
Bengaluru City,Ashoknagar Traffic PS,1.04432e+16,2019,1,2,Road Accidents,Junction,City/Town,Near office complex,Human Error,Yes,Grievous Injury,Vehicle to Vehicle,Signal lights Automatic,Straight and flat,Two way,Bitumen(Tar),Dry,Not Applicable,Light Rain,Brigade road,Old PS junction,500 Mt,0.0,0.0
Bengaluru City,Ashoknagar Traffic PS,1.04432e+16,2019,1,2,Road Accidents,Cross roads,City/Town,Near Bus stop,Human Error,Yes,Grievous Injury,Vehicle to Vehicle,Not at  Junction,Not Applicable,Residential Street,Bitumen(Tar),Not Applicable,Not Applicable,Fine,Mother Theresa Road,Y G Palya Police Qvatres Opp,01 Km,0.0,0.0
Bengaluru City,Ashoknagar Traffic PS,1.04432e+16,2019,1,1,Road Accidents,Circle,City/Town,Near a recreation place/cinema,Human Error,Yes,Grievous Injury,Hit and Run,Signal lights Automatic,Not Applicable,Two way,Bitumen(Tar),Not Applicable,Not Applicable,Fine,M G ROAD,COVERY EMPORIAUM,01 KM,0.0,0.0
Bengaluru City,Ashoknagar Traffic PS,1.04432e+16,2019,1,2,Road Accidents,Junction,City/Town,Near office complex,Human Error,Yes,Damage Only,Vehicle to Vehicle,Signal lights Automatic,Curve,One way,Bitumen(Tar),Dry,Not Applicable,Fine,Residency road,Cash formacy,1,0.0,0.0
Bengaluru City,Ashoknagar Traffic PS,1.04432e+16,2019,1,2,Road Accidents,Curves,City/Town,Open area,Human Error,Yes,Grievous Injury,Vehicle to Vehicle,Uncontrolled,Curve,Two way,Bitumen(Tar),Dry,Not Applicable,Fine,Cementry Cross,Hosur road,2,0.0,0.0
Bengaluru City,Ashoknagar Traffic PS,1.04432e+16,2019,1,2,Road Accidents,Narrow road,City/Town,Near office complex,Human Error,Not Applicable,Damage Only,Vehicle to Vehicle,Not Applicable,Straight and flat,Others,Bitumen(Tar),Dry,Not Applicable,Fine,Inner ring road,Inner ring road,4,0.0,0.0
Bengaluru City,Ashoknagar Traffic PS,1.04432e+16,2019,1,2,Road Accidents,Narrow road,City/Town,Residential area,Human Error,No,Damage Only,Vehicle to Vehicle,Not at  Junction,Straight and flat,One way,Bitumen(Tar),Dry,Not Applicable,Clear,Commisanaret road,Opp Ashok nagar police station,0,0.0,0.0
Bengaluru City,Ashoknagar Traffic PS,1.04432e+16,2019,1,2,Road Accidents,Curves,City/Town,Near office complex,Human Error,Not Applicable,Grievous Injury,Vehicle to Vehicle,Not at  Junction,Curve,Two way,Bitumen(Tar),Muddy,Not Applicable,Cloudy,Hosur Road,After Anepalya junction,2,0.0,0.0
Bengaluru City,Ashoknagar Traffic PS,1.04432e+16,2019,1,2,Road Accidents,Junction,City/Town,Near office complex,Human Error,No,Damage Only,Vehicle to Vehicle,Signal lights Automatic,Straight and flat,Others,Bitumen(Tar),Dry,Not Applicable,Fine,Richmond road,D souza Junction,1,0.0,0.0
Bengaluru City,Ashoknagar Traffic PS,1.04432e+16,2019,1,1,Road Accidents,Narrow road,City/Town,Residential area,Human Error,No,Fatal,Not Applicable,Not Applicable,Straight and flat,Two way,Bitumen(Tar),Dry,Not Applicable,Cloudy,Long ford road,Near Nanjappa junction,2 Km,0.0,0.0
Bengaluru City,Ashoknagar Traffic PS,1.04432e+16,2019,1,3,Road Accidents,Narrow road,City/Town,Near office complex,Human Error,Not Applicable,Fatal,Vehicle to Vehicle,Not at  Junction,Straight and flat,Two way,Bitumen(Tar),Dry,Not Applicable,Clear,Bridage road,Opp Bridage tower,500 Mt,12.9669498,77.6065976
Bengaluru City,Ashoknagar Traffic PS,1.04432e+16,2019,1,1,Road Accidents,Narrow road,City/Town,Near Bus stop,Human Error,Not Applicable,Fatal,Not Applicable,Not Applicable,Straight and flat,Two way,Bitumen(Tar),Dry,Not Applicable,Fine,Lowar agram road,lowar agram road,4,0.0,0.0
Bengaluru City,Ashoknagar Traffic PS,1.04432e+16,2019,1,1,Road Accidents,Circle,City/Town,Near office complex,Human Error,No,Grievous Injury,Hit pedestrian,Signal lights Automatic,Curve,One way,Bitumen(Tar),Not Applicable,Not Applicable,Fine,Richmond Road,Richmond Circle,02 km,0.0,0.0
Bengaluru City,Ashoknagar Traffic PS,1.04432e+16,2019,1,2,Road Accidents,Junction,City/Town,Near office complex,Human Error,Not Applicable,Simple Injury,Rear end,Signal lights Automatic,Not Applicable,Two way,Bitumen(Tar),Not Applicable,Not Applicable,Fine,M G Road,Kaveri emporium Junction,01 Km,0.0,0.0
Bengaluru City,Ashoknagar Traffic PS,1.04432e+16,2019,1,2,Road Accidents,Junction,City/Town,Residential area,Human Error,Not Applicable,Grievous Injury,Others,Signal lights Automatic,Not Applicable,One way,Bitumen(Tar),Not Applicable,Not Applicable,Fine,Richmond Road,Shooly Circle,01 km,0.0,0.0
Bengaluru City,Ashoknagar Traffic PS,1.04432e+16,2019,1,2,Road Accidents,Cross roads,City/Town,Near Bus stop,Human Error,Yes,Grievous Injury,Hit and Run,Not at  Junction,Not Applicable,Two way,Bitumen(Tar),Not Applicable,Not Applicable,Fine,B G Road,opp crichian cementry ground,02 km,0.0,0.0
Bengaluru City,Ashoknagar Traffic PS,1.04432e+16,2019,1,2,Road Accidents,Cross roads,City/Town,Near Bus stop,Human Error,Yes,Grievous Injury,Vehicle to Vehicle,No signal lights,Others,Two way,Bitumen(Tar),Not Applicable,Not Applicable,Fine,Cementrey Cross Road,Hosur Lashkar Road,02 km,0.0,0.0
Bengaluru City,Ashoknagar Traffic PS,1.04432e+16,2019,1,2,Road Accidents,Junction,City/Town,Near Bus stop,Human Error,Yes,Grievous Injury,Vehicle to Vehicle,Signal lights Automatic,Curve,Residential Street,Bitumen(Tar),Others,Not Applicable,Fine,Richmond Road,Mother Teresa Junction,01 km,0.0,0.0
Bengaluru City,Ashoknagar Traffic PS,1.04432e+16,2019,1,2,Road Accidents,Circle,City/Town,Near office complex,Human Error,Not Applicable,Damage Only,Rear end,Signal lights Automatic,Not Applicable,Two way,Bitumen(Tar),Not Applicable,Not Applicable,Fine,M G Road,Covery Emporium Junction,01 km,0.0,0.0
Bengaluru City,Ashoknagar Traffic PS,1.04432e+16,2019,1,2,Road Accidents,Junction,City/Town,Near Bus stop,Human Error,Not Applicable,Grievous Injury,Others,Signal lights Automatic,Not Applicable,One way,Bitumen(Tar),Not Applicable,Not Applicable,Fine,Richmond Road,Shooly Cricle,01 km,0.0,0.0
Bengaluru City,Ashoknagar Traffic PS,1.04432e+16,2019,1,2,Road Accidents,Junction,City/Town,Near office complex,Human Error,No,Grievous Injury,Vehicle to Vehicle,Signal lights Automatic,Straight and flat,Two way,Bitumen(Tar),Not Applicable,Not Applicable,Fine,Brigade road,Old PS Junction,1 KM,0.0,0.0
Bengaluru City,Ashoknagar Traffic PS,1.04432e+16,2019,1,2,Road Accidents,Cross roads,City/Town,Near a recreation place/cinema,Human Error,No,Simple Injury,Vehicle to Vehicle,No signal lights,Not Applicable,Two way,Bitumen(Tar),Not Applicable,Not Applicable,Fine,Commissariat Road,Indira Canteen,500 mr,0.0,0.0
Bengaluru City,Ashoknagar Traffic PS,1.04432e+16,2019,1,2,Road Accidents,Narrow road,City/Town,Residential area,Human Error,Yes,Fatal,Vehicle to Vehicle,Not Applicable,Straight and flat,Two way,Bitumen(Tar),Dry,Not Applicable,Fine,Ejipura main road,near Madran school,4,0.0,0.0
Bengaluru City,Ashoknagar Traffic PS,1.04432e+16,2019,1,2,Road Accidents,Junction,City/Town,Near office complex,Human Error,No,Grievous Injury,Vehicle to Vehicle,Signal lights Automatic,Others,Two way,Bitumen(Tar),Not Applicable,Not Applicable,Fine,Briged Road,Near Briged Tower,01 KM,0.0,0.0
Bengaluru City,Ashoknagar Traffic PS,1.04432e+16,2019,1,2,Road Accidents,Narrow road,City/Town,Residential area,Human Error,Yes,Grievous Injury,Vehicle to Vehicle,Not Applicable,Straight and flat,Two way,Bitumen(Tar),Dry,Not Applicable,Clear,Loyar agram road,Opp Militry pionner gate,2 KM,0.0,0.0
Bengaluru City,Ashoknagar Traffic PS,1.04432e+16,2019,1,1,Road Accidents,Cross roads,City/Town,Residential area,Human Error,Not Applicable,Grievous Injury,Hit pedestrian,No signal lights,Others,One way,Bitumen(Tar),Dry,Not Applicable,Fine,Lowyer Agaram Croos Road,Victoriya layout,01 km,0.0,0.0
Bengaluru City,Ashoknagar Traffic PS,1.04432e+16,2019,1,2,Road Accidents,Junction,City/Town,Near School or College,Human Error,Not Applicable,Simple Injury,Others,Signal lights Automatic,Not Applicable,City or Town Road,Bitumen(Tar),Dry,Not Applicable,Fine,residency road,Asirvadam junction,1 K M,0.0,0.0
Bengaluru City,Ashoknagar Traffic PS,1.04432e+16,2019,1,2,Road Accidents,Junction,City/Town,Near office complex,Human Error,No,Grievous Injury,Vehicle to Vehicle,Signal lights Automatic,Straight and flat,Not Applicable,Bitumen(Tar),Dry,Not Applicable,Clear,Richmond road,Richmond road,500 mt,0.0,0.0
Bengaluru City,Ashoknagar Traffic PS,1.04432e+16,2019,1,2,Road Accidents,Narrow road,City/Town,Near School or College,Human Error,Yes,Grievous Injury,Vehicle to Vehicle,Not Applicable,Straight and flat,One way,Bitumen(Tar),Dry,Not Applicable,Fine,Richmond road,Richmond road,1,0.0,0.0
Bengaluru City,Ashoknagar Traffic PS,1.04432e+16,2019,1,2,Road Accidents,Junction,City/Town,Near Bus stop,Human Error,Yes,Damage Only,Vehicle to Vehicle,Signal lights Automatic,Straight and flat,Two way,Bitumen(Tar),Dry,Not Applicable,Clear,M G road,M G Road,500 Mt,0.0,0.0
Bengaluru City,Ashoknagar Traffic PS,1.04432e+16,2019,1,2,Not Applicable,Junction,City/Town,Residential area,Human Error,Not Applicable,Damage Only,Vehicle to Vehicle,Signal lights Automatic,Straight and flat,Two way,Bitumen(Tar),Dry,Not Applicable,Clear,Hosur road,Anipalya junction,3 KM,0.0,0.0
Bengaluru City,Ashoknagar Traffic PS,1.04432e+16,2019,1,2,Road Accidents,Cross roads,City/Town,Residential area,Human Error,Yes,Grievous Injury,Hit and Run,Not at  Junction,Not Applicable,Two way,Bitumen(Tar),Not Applicable,Not Applicable,Fine,Ejipura Main Road,Infront Of Caroliv Engineering Works Shop,04 km,0.0,0.0
Bengaluru City,Ashoknagar Traffic PS,1.04432e+16,2019,1,2,Road Accidents,Circle,City/Town,Near office complex,Human Error,No,Grievous Injury,Vehicle to Vehicle,Signal lights Automatic,Not Applicable,Residential Street,Bitumen(Tar),Dry,Not Applicable,Fine,Richmond Road,Near Life style mal,1,0.0,0.0
Bengaluru City,Ashoknagar Traffic PS,1.04432e+16,2019,1,1,Road Accidents,Narrow road,City/Town,Residential area,Human Error,Yes,Grievous Injury,Hit pedestrian,Not Applicable,Straight and flat,Two way,Bitumen(Tar),Dry,Not Applicable,Fine,Temple trees road,Near nerguna mandir,5,0.0,0.0
Bengaluru City,Ashoknagar Traffic PS,1.04432e+16,2019,1,1,Road Accidents,Narrow road,City/Town,Near office complex,Human Error,No,Grievous Injury,Not Applicable,Not at  Junction,Straight and flat,One way,Bitumen(Tar),Dry,Not Applicable,Clear,Richmond road,Richmond road,2 KM,0.0,0.0
Bengaluru City,Ashoknagar Traffic PS,1.04432e+16,2019,1,3,Road Accidents,Junction,City/Town,Near School or College,Human Error,No,Simple Injury,Hit pedestrian,Signal lights Automatic,Others,One way,Bitumen(Tar),Dry,Not Applicable,Fine,Residency Road,Chash Formacy Junction,02 km,0.0,0.0
Bengaluru City,Ashoknagar Traffic PS,1.04432e+16,2019,1,2,Road Accidents,Circle,City/Town,Near office complex,Human Error,Yes,Grievous Injury,Vehicle to Vehicle,Signal lights Automatic,Not Applicable,Others,Bitumen(Tar),Wet,Not Applicable,Light Rain,Richmond Road,Richmond Cricle,2 Km,0.0,0.0
Bengaluru City,Ashoknagar Traffic PS,1.04432e+16,2019,1,1,Road Accidents,Narrow road,City/Town,Open area,Human Error,No,Grievous Injury,Hit bicyclist,Not Applicable,Straight and flat,Two way,Bitumen(Tar),Dry,Not Applicable,Clear,Inner ring road,Near Srinivagilu junction,4 Km,0.0,0.0
Bengaluru City,Ashoknagar Traffic PS,1.04432e+16,2020,1,2,Road Accidents,Junction,City/Town,Open area,Human Error,No,Fatal,Vehicle to Vehicle,Signal lights Automatic,Others,Two way,Bitumen(Tar),Not Applicable,Not Applicable,Fine,Inner ring Road,Near Srinivagilu Junction,04 km,0.0,0.0
Bengaluru City,Ashoknagar Traffic PS,1.04432e+16,2020,1,2,Road Accidents,Not Applicable,City/Town,Near office complex,Human Error,Not Applicable,Simple Injury,Vehicle to Vehicle,Not at  Junction,Others,Two way,Bitumen(Tar),Not Applicable,Not Applicable,Fine,ORC Road,Near Ambedkar Junction,1 1/2,0.0,0.0
Bengaluru City,Ashoknagar Traffic PS,1.04432e+16,2020,1,2,Road Accidents,Narrow road,City/Town,Near Bus stop,Human Error,Yes,Grievous Injury,Vehicle to Vehicle,No signal lights,Curve,Two way,Bitumen(Tar),Not Applicable,Not Applicable,Fine,B G Road,opp Indian Christion Cemetery gate,03 km,0.0,0.0
Bengaluru City,Ashoknagar Traffic PS,1.04432e+16,2020,1,1,Road Accidents,Cross roads,City/Town,Near Hospital,Human Error,Yes,Grievous Injury,Hit pedestrian,Not Applicable,Not Applicable,Two way,Bitumen(Tar),Others,Not Applicable,Fine,Ejipura Main Road,Green View Hospital Opp,04 km,0.0,0.0
Bengaluru City,Ashoknagar Traffic PS,1.04432e+16,2020,1,2,Road Accidents,Curves,City/Town,Open area,Human Error,Yes,Fatal,Vehicle to Vehicle,Not Applicable,Curve,Others,Bitumen(Tar),Dry,Not Applicable,Clear,Bannerugatta main road,Opp Indian christian cemetary,2,0.0,0.0
Bengaluru City,Ashoknagar Traffic PS,1.04432e+16,2020,1,2,Road Accidents,Narrow road,City/Town,Residential area,Human Error,No,Damage Only,Vehicle to Vehicle,No signal lights,Straight and flat,Residential Street,Bitumen(Tar),Dry,Not Applicable,Fine,8th Cross road,Lakshmi road,3,0.0,0.0
Bengaluru City,Ashoknagar Traffic PS,1.04432e+16,2020,1,2,Road Accidents,Narrow road,City/Town,Near Hospital,Human Error,No,Fatal,Vehicle to Vehicle,Not Applicable,Straight and flat,Two way,Bitumen(Tar),Dry,No influence on accident,Clear,Ejipura Main Road,Opp Green View Hospital,4 KM,0.0,0.0