DISTRICTNAME,UNITNAME,Crime_No,Year,RI,Noofvehicle_involved,Accident_Classification,Accident_Spot,Accident_Location,Accident_SubLocation,Main_Cause,Hit_Run,Severity,Collision_Type,Junction_Control,Road_Character,Road_Type,Surface_Type,Surface_Condition,Road_Condition,Weather,Accident_Road,Landmark_first,Distance_LandMark_First,Latitude,Longitude
Bengaluru City,Ashoknagar Traffic PS,1.04432e+16,2022,1,2,Road Accidents,Not Applicable,City/Town,Open area,Human Error,Yes,Grievous Injury,Vehicle to Vehicle,Not at  Junction,Straight and flat,Two way,Concrete,Dry,Not Applicable,Clear,Inter midiate inner ring road,2,2,0.0,0.0
Bengaluru City,Ashoknagar Traffic PS,1.04432e+16,2022,1,2,Road Accidents,Not Applicable,City/Town,Residential area,Human Error,Yes,Grievous Injury,Vehicle to Vehicle,Controlled,Not Applicable,Others,Bitumen(Tar),Dry,Not Applicable,Others,"Near Hayes road cross, richmond road bengaluru",Near Hayes road cross,2 km,0.0,0.0
Bengaluru City,Ashoknagar Traffic PS,1.04432e+16,2022,1,1,Road Accidents,Junction,City/Town,Open area,Human Error,No,Grievous Injury,Hit pedestrian,Controlled,Straight and flat,One way,Bitumen(Tar),Dry,Not Applicable,Clear,Near Residency Area,1,1km,0.0,0.0
Bengaluru City,Ashoknagar Traffic PS,1.04432e+16,2022,1,1,Road Accidents,Narrow road,City/Town,Near office complex,Human Error,Yes,Fatal,Hit pedestrian,Uncontrolled,Straight and flat,Sub Arterial,Bitumen(Tar),Not Applicable,Not Applicable,Clear,"2nd Main, Astin Town",Opp Sadhana Clinic,4 KM,12.957067,77.615238
Bengaluru City,Ashoknagar Traffic PS,1.04432e+16,2022,1,2,Road Accidents,Not Applicable,City/Town,Open area,Human Error,Yes,Not Applicable,Vehicle to Vehicle,Not at  Junction,Straight and flat,Two way,Bitumen(Tar),Dry,Not Applicable,Clear,Ram Temple Road,2,5km,0.0,0.0
Bengaluru City,Ashoknagar Traffic PS,1.04432e+16,2022,1,2,Rail Road Accidents,Curves,City/Town,Near office complex,Human Error,Not Applicable,Simple Injury,Vehicle to Vehicle,Uncontrolled,Curve,One way,Bitumen(Tar),Others,Not Applicable,Clear,Richmond Road Flyover,Richmond Road,2,0.0,0.0
Bengaluru City,Ashoknagar Traffic PS,1.04432e+16,2022,1,2,Road Accidents,Not Applicable,City/Town,Open area,Human Error,No,Grievous Injury,Vehicle to Vehicle,Not at  Junction,Straight and flat,Two way,Bitumen(Tar),Dry,Not Applicable,Clear,Hosur Main Road,1,3km,12.960269,77.606468
Bengaluru City,Ashoknagar Traffic PS,1.04432e+16,2022,1,2,Road Accidents,Offset,City/Town,Open area,Human Error,No,Grievous Injury,Vehicle to Vehicle,Not at  Junction,Straight and flat,Two way,Bitumen(Tar),Dry,Not Applicable,Clear,Inner Ring Road,Near Ejipura Junction,4km,0.0,0.0
Bengaluru City,Ashoknagar Traffic PS,1.04432e+16,2022,1,2,Road Accidents,Not Applicable,City/Town,In bazaar,Human Error,No,Grievous Injury,Vehicle to Vehicle,Not at  Junction,Straight and flat,Two way,Bitumen(Tar),Dry,Not Applicable,Clear,Bajar Street Road,Bengaluru Frniture,2km,0.0,0.0
Bengaluru City,Ashoknagar Traffic PS,1.04432e+16,2022,1,2,Road Accidents,Junction,City/Town,Open area,Human Error,No,Grievous Injury,Vehicle to Vehicle,Controlled,Straight and flat,Two way,Bitumen(Tar),Dry,Not Applicable,Clear,Ashoknagar Old PS Junction,1,1km,0.0,0.0
Bengaluru City,Ashoknagar Traffic PS,1.04432e+16,2022,1,2,Road Accidents,Narrow road,City/Town,Residential area,Human Error,No,Grievous Injury,Vehicle to Vehicle,Uncontrolled,Straight and flat,Two way,Bitumen(Tar),Others,Not Applicable,Clear,Anepalya Main Road,Near Srinivasa Hospital,3,12.951718,77.610091
Bengaluru City,Ashoknagar Traffic PS,1.04432e+16,2022,1,2,Road Accidents,Junction,City/Town,Open area,Human Error,No,Grievous Injury,Vehicle to Vehicle,Controlled,Straight and flat,Two way,Bitumen(Tar),Dry,Not Applicable,Clear,Commissarite Road,2,500m,12.970068,77.61028
Bengaluru City,Ashoknagar Traffic PS,1.04432e+16,2022,1,1,Road Accidents,Narrow road,City/Town,Near School or College,Road Environment Defect,Not Applicable,Grievous Injury,Not Applicable,Uncontrolled,Straight and flat,One way,Bitumen(Tar),Others,Not Applicable,Very Cold,victoria Road,Opp Kendriya Vidyala,2,0.0,0.0
Bengaluru City,Ashoknagar Traffic PS,1.04432e+16,2022,1,2,Road Accidents,Junction,City/Town,Residential area,Human Error,No,Grievous Injury,Vehicle to Vehicle,Controlled,Curve,Arterial,Bitumen(Tar),Not Applicable,Not Applicable,Not Applicable,Hosur Main Road,CMP Junction,3,0.0,0.0
Bengaluru City,Ashoknagar Traffic PS,1.04432e+16,2022,1,2,Road Accidents,Not Applicable,City/Town,Open area,Human Error,Yes,Simple Injury,Vehicle to Vehicle,Not Applicable,Straight and flat,Two way,Bitumen(Tar),Dry,Not Applicable,Clear,Loyer aGRAM rOAD,2,2KM,0.0,0.0
Bengaluru City,Ashoknagar Traffic PS,1.04432e+16,2022,1,2,Road Accidents,Narrow road,City/Town,Near a religious place,Human Error,Yes,Grievous Injury,Vehicle to Vehicle,Uncontrolled,Straight and flat,Major District Road,Bitumen(Tar),Dry,Not Applicable,Clear,RICHMOND ROAD,OPP SACRED HEART CHURCH,1,0.0,0.0
Bengaluru City,Ashoknagar Traffic PS,1.04432e+16,2022,1,1,Road Accidents,Junction,City/Town,Open area,Human Error,Yes,Fatal,Hit pedestrian,Controlled,Straight and flat,Two way,Bitumen(Tar),Dry,Not Applicable,Clear,M G Road,12,12,0.0,0.0
Bengaluru City,Ashoknagar Traffic PS,1.04432e+16,2022,1,2,Road Accidents,Junction,City/Town,Near office complex,Human Error,Yes,Grievous Injury,Vehicle to Vehicle,Controlled,Straight and flat,One way,Bitumen(Tar),Not Applicable,Not Applicable,Clear,Richmond Road,Shoolye Circle,2,0.0,0.0
Bengaluru City,Ashoknagar Traffic PS,1.04432e+16,2022,1,1,Road Accidents,Cross roads,City/Town,Open area,Human Error,Yes,Grievous Injury,Vehicle to Vehicle,No signal lights,Straight and flat,Two way,Concrete,Dry,Not Applicable,Clear,Masjid Strreet,2,2km,12.975006,77.608249
Bengaluru City,Ashoknagar Traffic PS,1.04432e+16,2022,1,2,Road Accidents,Curves,City/Town,Near School or College,Human Error,Yes,Grievous Injury,Vehicle to Vehicle,No signal lights,Straight and flat,One way,Bitumen(Tar),Dry,Not Applicable,Clear,Residency Road,Near Konark Hotel,2km,0.0,0.0
Bengaluru City,Ashoknagar Traffic PS,1.04432e+16,2022,1,2,Road Accidents,Not Applicable,City/Town,Near Bus stop,Human Error,Not Applicable,Damage Only,Vehicle to Vehicle,Not Applicable,Others,Two way,Bitumen(Tar),Dry,Not Applicable,Clear,inner ring road,near sreenivagilu junction,4km,0.0,0.0
Bengaluru City,Ashoknagar Traffic PS,1.04432e+16,2022,1,2,Road Accidents,Not Applicable,City/Town,In bazaar,Human Error,No,Grievous Injury,Not Applicable,Controlled,Not Applicable,Others,Bitumen(Tar),Others,Not Applicable,Clear,Rest House Road Cross Brigade Road Shnathala Nagar Bangalore City,Rest House Road Cross,1 km,0.0,0.0
Bengaluru City,Ashoknagar Traffic PS,1.04432e+16,2022,1,2,Road Accidents,Junction,City/Town,Near office complex,Human Error,Not Applicable,Not Applicable,Vehicle to Vehicle,Controlled,Straight and flat,One way,Bitumen(Tar),Not Applicable,Not Applicable,Clear,OLD P S Junction,Old PS Junction,1,0.0,0.0
Bengaluru City,Ashoknagar Traffic PS,1.04432e+16,2023,1,2,Road Accidents,Not Applicable,City/Town,Open area,Human Error,No,Grievous Injury,Vehicle to Vehicle,Not at  Junction,Straight and flat,One way,Bitumen(Tar),Dry,Not Applicable,Clear,Residency Road,Bengaluru Club,2km,0.0,0.0
Bengaluru City,Ashoknagar Traffic PS,1.04432e+16,2023,1,1,Road Accidents,Not Applicable,City/Town,Near office complex,Human Error,No,Grievous Injury,Not Applicable,Not Applicable,Curve,One way,Bitumen(Tar),Dry,Not Applicable,Clear,Commissarite Road,12,1km,0.0,0.0
Bengaluru City,Ashoknagar Traffic PS,1.04432e+16,2023,1,1,Road Accidents,Not Applicable,City/Town,Open area,Human Error,No,Grievous Injury,Not Applicable,Not Applicable,Straight and flat,One way,Bitumen(Tar),Dry,Not Applicable,Clear,Residency Road,2,2km,12.968,77.600324
Bengaluru City,Ashoknagar Traffic PS,1.04432e+16,2023,1,3,Road Accidents,Junction,City/Town,Open area,Human Error,No,Grievous Injury,Vehicle to Vehicle,Controlled,Straight and flat,Two way,Bitumen(Tar),Dry,Not Applicable,Clear,hosur Road,12,12,0.0,0.0
Bengaluru City,Ashoknagar Traffic PS,1.04432e+16,2023,1,1,Road Accidents,Not Applicable,City/Town,Open area,Human Error,No,Grievous Injury,Not Applicable,Not Applicable,Straight and flat,One way,Bitumen(Tar),Dry,Not Applicable,Clear,Museam Road,1,1km,12.970448,77.604978
Bengaluru City,Ashoknagar Traffic PS,1.04432e+16,2023,1,2,Road Accidents,Junction,City/Town,Open area,Human Error,Yes,Grievous Injury,Vehicle to Vehicle,Controlled,Straight and flat,Two way,Bitumen(Tar),Dry,Not Applicable,Clear,Hosur Lashkar Road,1,3km,0.0,0.0
Bengaluru City,Ashoknagar Traffic PS,1.04432e+16,2023,1,3,Road Accidents,Circle,City/Town,Open area,Human Error,No,Grievous Injury,Vehicle to Vehicle,Stop sign,Straight and flat,Two way,Bitumen(Tar),Dry,Not Applicable,Clear,Lower Agram Road,2,2,12.955846,77.620866
Bengaluru City,Ashoknagar Traffic PS,1.04432e+16,2023,1,2,Road Accidents,Cross roads,City/Town,Open area,Human Error,No,Grievous Injury,Vehicle to Vehicle,No signal lights,Straight and flat,Two way,Bitumen(Tar),Dry,Not Applicable,Clear,Ejupura Main Road,2,1,0.0,0.0
Bengaluru City,Ashoknagar Traffic PS,1.04432e+16,2023,1,1,Road Accidents,Narrow road,City/Town,Near Hospital,Human Error,No,Fatal,Hit pedestrian,Not at  Junction,Straight and flat,Two way,Bitumen(Tar),Dry,Not Applicable,Clear,MOTHER THERESA ROAD,1,1.5 KM,12.965708,77.609466
Bengaluru City,Ashoknagar Traffic PS,1.04432e+16,2023,1,1,Road Accidents,Narrow road,City/Town,Near office complex,Human Error,No,Fatal,Not Applicable,Not Applicable,Straight and flat,Two way,Bitumen(Tar),Dry,Not Applicable,Clear,INNER RING ROAD,2,4km,0.0,0.0
Bengaluru City,Ashoknagar Traffic PS,1.04432e+16,2023,1,2,Road Accidents,Junction,City/Town,Open area,Human Error,No,Damage Only,Vehicle to Vehicle,Controlled,Straight and flat,Two way,Bitumen(Tar),Dry,Not Applicable,Clear,Signale Light Junction,2,2 km,0.0,0.0
Bengaluru City,Ashoknagar Traffic PS,1.04432e+16,2023,1,2,Road Accidents,Not Applicable,City/Town,Open area,Human Error,Yes,Grievous Injury,Vehicle to Vehicle,Not at  Junction,Straight and flat,One way,Bitumen(Tar),Dry,Not Applicable,Clear,rICHMOND rOAD,1,2,12.934719,77.630314
Bengaluru City,Ashoknagar Traffic PS,1.04432e+16,2023,1,1,Road Accidents,Not Applicable,City/Town,Open area,Human Error,No,Grievous Injury,Not Applicable,No signal lights,Straight and flat,Two way,Bitumen(Tar),Dry,Not Applicable,Clear,ORC Road,2,1,12.96159,77.613061
Bengaluru City,Ashoknagar Traffic PS,1.04432e+16,2023,1,1,Road Accidents,Not Applicable,City/Town,Open area,Human Error,No,Simple Injury,Not Applicable,Not at  Junction,Straight and flat,Two way,Bitumen(Tar),Dry,Not Applicable,Clear,Ejipura Main Road,2,3,0.0,0.0
Bengaluru City,Ashoknagar Traffic PS,1.04432e+16,2023,1,2,Road Accidents,Junction,City/Town,Open area,Human Error,No,Damage Only,Vehicle to Vehicle,Controlled,Straight and flat,Two way,Bitumen(Tar),Dry,Not Applicable,Clear,M G Road,1,1,12.974199,77.61211
Bengaluru City,Ashoknagar Traffic PS,1.04432e+16,2023,1,2,Road Accidents,Not Applicable,City/Town,Open area,Human Error,Yes,Grievous Injury,Vehicle to Vehicle,Controlled,Straight and flat,One way,Bitumen(Tar),Dry,Not Applicable,Clear,Richmond Road,2,1km,12.967072,77.610883
Bengaluru City,Ashoknagar Traffic PS,1.04432e+16,2023,1,2,Road Accidents,Not Applicable,City/Town,Open area,Human Error,No,Damage Only,Vehicle to Vehicle,No signal lights,Others,Two way,Bitumen(Tar),Others,Not Applicable,Clear,Residwncy Road,1,500m,12.974029,77.611792
Bengaluru City,Ashoknagar Traffic PS,1.04432e+16,2023,1,2,Road Accidents,Not Applicable,City/Town,Open area,Human Error,Yes,Grievous Injury,Vehicle to Vehicle,Not at  Junction,Straight and flat,Two way,Bitumen(Tar),Dry,Not Applicable,Clear,S T Bed Road,2,5km,12.934719,77.630314
Bengaluru City,Ashoknagar Traffic PS,1.04432e+16,2023,1,1,Road Accidents,Not Applicable,City/Town,Open area,Human Error,No,Grievous Injury,Hit pedestrian,Not at  Junction,Straight and flat,Two way,Bitumen(Tar),Dry,Not Applicable,Clear,Residency Road,12,1km,12.973069,77.609204
Bengaluru City,Ashoknagar Traffic PS,1.04432e+16,2023,1,2,Road Accidents,Not Applicable,City/Town,Open area,Human Error,No,Grievous Injury,Vehicle to Vehicle,Not Applicable,Others,Two way,Bitumen(Tar),Dry,Not Applicable,Clear,100 Feet Road,1,2,0.0,0.0
Bengaluru City,Ashoknagar Traffic PS,1.04432e+16,2023,1,2,Road Accidents,Junction,City/Town,Open area,Human Error,No,Simple Injury,Vehicle to Vehicle,Controlled,Straight and flat,One way,Bitumen(Tar),Dry,Not Applicable,Clear,Brigade Road,2,1,0.0,0.0
Bengaluru City,Ashoknagar Traffic PS,1.04432e+16,2023,1,2,Road Accidents,Junction,City/Town,Open area,Human Error,Yes,Grievous Injury,Vehicle to Vehicle,Controlled,Others,One way,Bitumen(Tar),Dry,Not Applicable,Clear,Residency Road,1,1km,12.971883,77.607072
Bengaluru City,Ashoknagar Traffic PS,1.04432e+16,2023,1,2,Road Accidents,Narrow road,City/Town,Open area,Human Error,Yes,Grievous Injury,Vehicle to Vehicle,Not Applicable,Straight and flat,Two way,Bitumen(Tar),Dry,Not Applicable,Clear,ORC ROAD,2,3KM,12.961606,77.612738
Bengaluru City,Ashoknagar Traffic PS,1.04432e+16,2023,1,2,Road Accidents,Not Applicable,City/Town,Open area,Human Error,No,Grievous Injury,Vehicle to Vehicle,Not Applicable,Straight and flat,Two way,Bitumen(Tar),Dry,Not Applicable,Clear,Inner Ring Road,2,1,0.0,0.0
Bengaluru City,Ashoknagar Traffic PS,1.04432e+16,2023,1,2,Road Accidents,Not Applicable,City/Town,Open area,Human Error,No,Grievous Injury,Vehicle to Vehicle,Not at  Junction,Straight and flat,Two way,Bitumen(Tar),Dry,Not Applicable,Clear,Ejipura Main Road,2,4km,0.0,0.0
Bengaluru City,Ashoknagar Traffic PS,1.04432e+16,2023,1,1,Road Accidents,Not Applicable,City/Town,Open area,Human Error,No,Fatal,Not Applicable,No signal lights,Straight and flat,Two way,Bitumen(Tar),Dry,Not Applicable,Clear,Hosur Road,1,2,0.0,0.0
Bengaluru City,Ashoknagar Traffic PS,1.04432e+16,2023,1,2,Road Accidents,Junction,City/Town,Open area,Human Error,No,Simple Injury,Vehicle to Vehicle,Controlled,Straight and flat,Two way,Bitumen(Tar),Dry,Not Applicable,Clear,M G Road,2,1km,0.0,0.0
Bengaluru City,Ashoknagar Traffic PS,1.04432e+16,2023,1,2,Road Accidents,Narrow road,City/Town,Open area,Human Error,Yes,Grievous Injury,Vehicle to Vehicle,Not at  Junction,Not Applicable,One way,Bitumen(Tar),Not Applicable,No influence on accident,Clear,Longford Road,The Alegin Apartment,3,0.0,0.0
Bengaluru City,Ashoknagar Traffic PS,1.04432e+16,2023,1,1,Road Accidents,Not Applicable,City/Town,Open area,Human Error,No,Grievous Injury,Not Applicable,Not Applicable,Straight and flat,Two way,Bitumen(Tar),Dry,Not Applicable,Clear,Mother Teresa oad,2,2km,12.958826,77.612131
Bengaluru City,Ashoknagar Traffic PS,1.04432e+16,2023,1,2,Road Accidents,Curves,City/Town,Open area,Human Error,Yes,Grievous Injury,Vehicle to Vehicle,Not Applicable,Straight and flat,Two way,Bitumen(Tar),Dry,Not Applicable,Clear,Mital Lane,1,3km,12.964707,77.6037
Bengaluru City,Ashoknagar Traffic PS,1.04432e+16,2023,1,1,Road Accidents,Junction,City/Town,Open area,Human Error,No,Grievous Injury,Vehicle to Vehicle,Controlled,Straight and flat,Two way,Bitumen(Tar),Dry,Not Applicable,Clear,M G Road,M G Road,2km,12.975078,77.607968
Bengaluru City,Ashoknagar Traffic PS,1.04432e+16,2023,1,3,Road Accidents,Junction,City/Town,Near School or College,Not Applicable,No,Damage Only,Vehicle to Vehicle,Controlled,Straight and flat,One way,Bitumen(Tar),Dry,Not Applicable,Clear,RESIDENCIAL ROAD,1,1.5 KM,0.0,0.0
Bengaluru City,Ashoknagar Traffic PS,1.04432e+16,2023,1,2,Road Accidents,Junction,City/Town,Open area,Human Error,No,Grievous Injury,Vehicle to Vehicle,Controlled,Curve,Two way,Bitumen(Tar),Dry,Not Applicable,Clear,Residency Road,2km,1km,12.974046,77.610166
Bengaluru City,Ashoknagar Traffic PS,1.04432e+16,2023,1,2,Road Accidents,Not Applicable,City/Town,Open area,Human Error,Yes,Fatal,Vehicle to Vehicle,Not Applicable,Straight and flat,Two way,Bitumen(Tar),Dry,Not Applicable,Clear,Lang Ford Road,2,3km,12.961492,77.599314
Bengaluru City,Banasawadi Traffic PS,1.04432e+16,2016,1,2,Road Accidents,More than four arms,City/Town,Open area,Human Error,No,Grievous Injury,Head on,Police / Manual,Straight and flat,City or Town Road,Bitumen(Tar),Dry,Not Applicable,Fine,"SARAYIPALYA, THANISANDRA MAIN ROAD",ELECTRIC POLE,10 MTR,0.0,0.0
Bengaluru City,Banasawadi Traffic PS,1.04432e+16,2016,1,2,Not Applicable,Other,City/Town,Open area,Not Applicable,Not Applicable,Damage Only,Others,Police / Manual,Not Applicable,City or Town Road,Bitumen(Tar),Dry,Not Applicable,Clear,NO,NEAR HENNURU OLD PPOLICE STATION,4 KM,0.0,0.0
Bengaluru City,Banasawadi Traffic PS,1.04432e+16,2016,1,1,Road Accidents,Narrow road,City/Town,Near office complex,Human Error,Yes,Grievous Injury,Hit pedestrian,Not Applicable,Not Applicable,City or Town Road,Bitumen(Tar),Dry,Not Applicable,Cloudy,"100 FEET ROAD, BANASAWADI",NEAR D GRAND HOTEL,1 KM,0.0,0.0
Bengaluru City,Banasawadi Traffic PS,1.04432e+16,2016,1,3,Road Accidents,Junction,City/Town,Near Bus stop,Human Error,Yes,Simple Injury,Hit and Run,Signal lights Automatic,Others,City or Town Road,Bitumen(Tar),Dry,Not Applicable,Fine,NAGAWARA MAIN ROAD,NEAR NAGAWARA SIGNAL,1 KM,0.0,0.0
Bengaluru City,Banasawadi Traffic PS,1.04432e+16,2016,1,1,Road Accidents,More than four arms,City/Town,Open area,Human Error,No,Fatal,Skidding or Self accident,Not Applicable,Straight and flat,City or Town Road,Bitumen(Tar),Dry,Not Applicable,Fine,OUTER RING ROAD,TREE,15 MTR,0.0,0.0
Bengaluru City,Banasawadi Traffic PS,1.04432e+16,2016,1,2,Road Accidents,More than four arms,City/Town,Open area,Human Error,No,Grievous Injury,Head on,Police / Manual,Straight and flat,City or Town Road,Bitumen(Tar),Dry,Not Applicable,Fine,HENNUR UNDER PASS,ELECRTIC POLE,15 MTR,0.0,0.0
Bengaluru City,Banasawadi Traffic PS,1.04432e+16,2016,1,1,Not Applicable,Rail Crossing manned,City/Town,Near Bus stop,Not Applicable,Yes,Grievous Injury,Hit and Run,Police / Manual,Others,City or Town Road,Bitumen(Tar),Dry,Not Applicable,Clear,NO,NEAR FISH STAL,3 KM,0.0,0.0
Bengaluru City,Banasawadi Traffic PS,1.04432e+16,2016,1,2,Road Accidents,Junction,City/Town,Near Bus stop,Human Error,Yes,Grievous Injury,Hit and Run,Signal lights Automatic,Not Applicable,City or Town Road,Bitumen(Tar),Dry,Not Applicable,Fine,NAGAWARA MAIN ROAD,NAER JUNCTION,1 KM,0.0,0.0
Bengaluru City,Banasawadi Traffic PS,1.04432e+16,2016,1,1,Not Applicable,Junction,City/Town,In bazaar,Human Error,No,Grievous Injury,Hit pedestrian,Police / Manual,Straight and flat,City or Town Road,Bitumen(Tar),Dry,Not Applicable,Fine,"NEAR GEETHANJALI JEWELLERS, 80 FEET ROAD, KALYANA NAGAR",STREET LIGHT,12 FT,0.0,0.0
Bengaluru City,Banasawadi Traffic PS,1.04432e+16,2016,1,2,Road Accidents,More than four arms,City/Town,Residential area,Human Error,No,Damage Only,Head on,Police / Manual,Straight and flat,City or Town Road,Bitumen(Tar),Dry,Not Applicable,Fine,"PALM HIGHT APTS,HENNUR MAIN ROAD,",ELECTRIC POLE,15 MTR,0.0,0.0
Bengaluru City,Banasawadi Traffic PS,1.04432e+16,2016,1,1,Not Applicable,Culvert,City/Town,Narrow bridge or culverts,Not Applicable,Not Applicable,Fatal,Others,Police / Manual,Others,City or Town Road,Bitumen(Tar),Dry,Not Applicable,Clear,NO,RING ROAD NEAR KEB OFFICE NAGAWARA,2.5 KM,0.0,0.0
Bengaluru City,Banasawadi Traffic PS,1.04432e+16,2016,1,2,Road Accidents,Culvert,City/Town,Narrow bridge or culverts,Human Error,No,Fatal,Overturning,Not at  Junction,Curve and Incline,City or Town Road,Bitumen(Tar),Dry,Not Applicable,Cloudy,OUTER RING ROAD,NEAR CHROMA SHOWROOM,1 KM,0.0,0.0
Bengaluru City,Banasawadi Traffic PS,1.04432e+16,2016,1,2,Not Applicable,Junction,City/Town,Open area,Human Error,No,Simple Injury,Others,Police / Manual,Straight and flat,City or Town Road,Bitumen(Tar),Dry,Not Applicable,Fine,"7TH B MAIN, VIJAYABANK COLONY KALYANANAGAR",FOOT PATH,30 FT,0.0,0.0
Bengaluru City,Banasawadi Traffic PS,1.04432e+16,2016,1,2,Not Applicable,Junction,City/Town,Near office complex,Human Error,No,Grievous Injury,Others,Police / Manual,Straight and flat,City or Town Road,Bitumen(Tar),Dry,Not Applicable,Cloudy,OPP TO BDA PARK OUTER RING ROAD HENNUR,STREET LIGHT,2FEET,0.0,0.0
Bengaluru City,Banasawadi Traffic PS,1.04432e+16,2016,1,2,Road Accidents,Circle,City/Town,Near Hospital,Human Error,Yes,Grievous Injury,Head on,Police / Manual,Curve,City or Town Road,Bitumen(Tar),Ditch or Potholed,Not Applicable,Cloudy,OIL MILL ROAD,NEAR CHITRA STORE,1 KM,0.0,0.0
Bengaluru City,Banasawadi Traffic PS,1.04432e+16,2016,1,2,Not Applicable,Circle,City/Town,Near office complex,Human Error,No,Simple Injury,Others,Police / Manual,Straight and flat,City or Town Road,Bitumen(Tar),Dry,Not Applicable,Fine,"NEHRU ROAD, NEAR KULLAPPA CIRCULE KAMMANAHALLI",NEAR KULLAPPA CIRCLE,20FEET,0.0,0.0
Bengaluru City,Banasawadi Traffic PS,1.04432e+16,2016,1,1,Road Accidents,Junction,City/Town,Near Bus stop,Human Error,Yes,Grievous Injury,Hit and Run,Police / Manual,Straight and flat,City or Town Road,Bitumen(Tar),Dry,Not Applicable,Fine,"OPP BMTC BUS STOP, HORAMAVU RING ROAD",ELECTRIC POLE,15 MTR,0.0,0.0
Bengaluru City,Banasawadi Traffic PS,1.04432e+16,2016,1,1,Not Applicable,Circle,City/Town,Near Bus stop,Human Error,Yes,Grievous Injury,Hit and Run,Police / Manual,Straight and flat,City or Town Road,Bitumen(Tar),Dry,Not Applicable,Fine,"NEAR ASWATH NAGAR BUS STOP, THANISANDRA MAIN ROAD",NEAR BUS STOP,20FEET,0.0,0.0
Bengaluru City,Banasawadi Traffic PS,1.04432e+16,2016,1,2,Not Applicable,Junction,City/Town,Near a recreation place/cinema,Human Error,No,Grievous Injury,Others,Police / Manual,Straight and flat,City or Town Road,Bitumen(Tar),Dry,Not Applicable,Cloudy,OUTER RING ROAD BABSABPALYA,NEAR PARK,5 FT,0.0,0.0
Bengaluru City,Banasawadi Traffic PS,1.04432e+16,2016,1,2,Not Applicable,Cross roads,City/Town,Near Petrol Pump,Not Applicable,Yes,Grievous Injury,Hit and Run,Police / Manual,Not Applicable,City or Town Road,Bitumen(Tar),Dry,Not Applicable,Clear,NO,NEAR PETROL PUMP KAMMANAHALLI,1.5 KM,0.0,0.0
Bengaluru City,Banasawadi Traffic PS,1.04432e+16,2016,1,2,Road Accidents,Junction,City/Town,Near Petrol Pump,Human Error,Yes,Grievous Injury,Hit and Run,Controlled,Curve and Incline,City or Town Road,Bitumen(Tar),Dry,Not Applicable,Fine,"SERVICE ROAD, KAMMANAHALLI",NEAR PETROL BUNK,1K M,0.0,0.0
Bengaluru City,Banasawadi Traffic PS,1.04432e+16,2016,1,2,Not Applicable,Not Applicable,City/Town,Residential area,Human Error,No,Damage Only,Hit parked vehicle,Police / Manual,Not Applicable,Two way,Bitumen(Tar),Dry,Not Applicable,Fine,"4TH 'C' CROSS, 3RD ;A; MAIN ROAD, KALYANA NAGAR, 3RD BLOCK",RESIDENTIAL,25 FEE,0.0,0.0
Bengaluru City,Banasawadi Traffic PS,1.04432e+16,2016,1,1,Not Applicable,Other,City/Town,Near Bus stop,Human Error,Yes,Grievous Injury,Hit and Run,Police / Manual,Straight and flat,City or Town Road,Bitumen(Tar),Dry,Not Applicable,Fine,"OUTER RING ROAD, KALYANANAGAR",STEET LIGHT PILLER,13FEER,0.0,0.0
Bengaluru City,Banasawadi Traffic PS,1.04432e+16,2016,1,1,Not Applicable,Junction,City/Town,At pedestrian Crossing,Human Error,Yes,Grievous Injury,Hit and Run,Police / Manual,Straight and flat,City or Town Road,Bitumen(Tar),Dry,Not Applicable,Fine,"5TH CROSS, 5TH MAIN , HBR LAYOUT, 5TH BLOCK",STREET LIGHT,15 FT,0.0,0.0
Bengaluru City,Banasawadi Traffic PS,1.04432e+16,2016,1,1,Not Applicable,Other,City/Town,At pedestrian Crossing,Human Error,Yes,Fatal,Hit and Run,Police / Manual,Straight and flat,City or Town Road,Bitumen(Tar),Dry,Not Applicable,Cloudy,OPP FOREST OFFICE OUTER RING ROAD NAGAVARA,OPP TO HDFC BANK,20FT,0.0,0.0
Bengaluru City,Banasawadi Traffic PS,1.04432e+16,2016,1,1,Not Applicable,Junction,City/Town,Near office complex,Human Error,No,Grievous Injury,Hit pedal cyclist,Police / Manual,Straight and flat,City or Town Road,Bitumen(Tar),Dry,Not Applicable,Fine,"OPP TO SHRUTHI DINTAL CLINIC BDA COMPLEX ROAD, HBR LAYOUT",OPP TO SHRUTHI DENTAL CLINIC,8 FT,0.0,0.0
Bengaluru City,Banasawadi Traffic PS,1.04432e+16,2016,1,2,Road Accidents,Junction,City/Town,Near office complex,Human Error,Yes,Simple Injury,Head on,No signal lights,Hump,City or Town Road,Bitumen(Tar),Dry,No influence on accident,Fine,"100 FEET ROAD, BANASAWADI",NEAR 10 TH MAIN,1 KM,0.0,0.0
Bengaluru City,Banasawadi Traffic PS,1.04432e+16,2016,1,1,Road Accidents,Narrow road,City/Town,Near office complex,Human Error,Yes,Fatal,Hit and Run,Not at  Junction,Not Applicable,City or Town Road,Bitumen(Tar),Dry,Not Applicable,Cloudy,"OUTER RING ROAD, HENNUR",NEAR BHEEMA JEWELLERS,1 KM,0.0,0.0
Bengaluru City,Banasawadi Traffic PS,1.04432e+16,2016,1,2,Not Applicable,Other,City/Town,Near office complex,Not Applicable,Not Applicable,Not Applicable,Hit parked vehicle,Police / Manual,Others,City or Town Road,Bitumen(Tar),Dry,Not Applicable,Fine,ON,NEAR BLACK PEPPER HOTAL,2KM,0.0,0.0