DISTRICTNAME,UNITNAME,Crime_No,Year,RI,Noofvehicle_involved,Accident_Classification,Accident_Spot,Accident_Location,Accident_SubLocation,Main_Cause,Hit_Run,Severity,Collision_Type,Junction_Control,Road_Character,Road_Type,Surface_Type,Surface_Condition,Road_Condition,Weather,Accident_Road,Landmark_first,Distance_LandMark_First,Latitude,Longitude
Bengaluru City,Banasawadi Traffic PS,1.04432e+16,2016,1,2,Road Accidents,Other,City/Town,Near School or College,Human Error,No,Grievous Injury,Others,Police / Manual,Others,Two way,Bitumen(Tar),Dry,Not Applicable,Fine,"HENNUR MAIN ROAD, KACHARAKANAHALLI",OPP TO CAMPUS CRUICIDE,22FEET,0.0,0.0
Bengaluru City,Banasawadi Traffic PS,1.04432e+16,2016,1,1,Road Accidents,Narrow road,City/Town,Residential area,Human Error,No,Fatal,Hit pedestrian,No signal lights,Not Applicable,City or Town Road,Bitumen(Tar),Dry,Not Applicable,Fine,"5 TH MAIN, KALYANANAGAR",NEAR SENA VIHAR,1 KM,0.0,0.0
Bengaluru City,Banasawadi Traffic PS,1.04432e+16,2016,1,2,Road Accidents,Cross roads,City/Town,At pedestrian Crossing,Not Applicable,Not Applicable,Fatal,Overturning,Police / Manual,Others,Two way,Not Applicable,Dry,Not Applicable,Fine,YES,NEAR MILINIYA APRATMAENT,50 FE,0.0,0.0
Bengaluru City,Banasawadi Traffic PS,1.04432e+16,2016,1,1,Not Applicable,Other,City/Town,At pedestrian Crossing,Not Applicable,No,Grievous Injury,Hit pedestrian,Police / Manual,Not Applicable,City or Town Road,Bitumen(Tar),Dry,Not Applicable,Fine,NO,NEAR CHURCH,1KM,0.0,0.0
Bengaluru City,Banasawadi Traffic PS,1.04432e+16,2016,1,1,Road Accidents,Narrow road,City/Town,Near Bus stop,Human Error,No,Fatal,Hit pedestrian,Controlled,Dip or trough,City or Town Road,Bitumen(Tar),Dry,Not Applicable,Fine,HORAMAVU KALKERE ROAD,NEAR JAYANTHINAGRA CIRCLE,1 KM,0.0,0.0
Bengaluru City,Banasawadi Traffic PS,1.04432e+16,2016,1,1,Road Accidents,Bridge,City/Town,Open area,Human Error,No,Grievous Injury,Hit fixed object,Signal lights Blinking,Straight and flat,Arterial,Bitumen(Tar),Dry,Not Applicable,Very Cold,"OUTER RING ROAD, KALYANANGARA",CHROMA SHOW ROOM,100,0.0,0.0
Bengaluru City,Banasawadi Traffic PS,1.04432e+16,2016,1,2,Not Applicable,Junction,City/Town,Near or inside a village,Human Error,No,Grievous Injury,Right Turn Collision,Police / Manual,Straight and flat,City or Town Road,Bitumen(Tar),Dry,Not Applicable,Fine,"OPP TO VIGNESH GARAGE, HORAMVU AGRA MAIN ROAD",OPP TO VIGNESH GARAGE,40 FT,0.0,0.0
Bengaluru City,Banasawadi Traffic PS,1.04432e+16,2016,1,3,Not Applicable,Junction,City/Town,Near office complex,Human Error,No,Fatal,Others,Police / Manual,Straight and flat,City or Town Road,Bitumen(Tar),Dry,Not Applicable,Fine,"OPP TO FED WX COURIER, SARAYIPALYA, THANISANDRA MAIN ROAD",NAVEEN VAINS,20FT,0.0,0.0
Bengaluru City,Banasawadi Traffic PS,1.04432e+16,2016,1,1,Road Accidents,More than four arms,City/Town,Near Bus stop,Human Error,No,Simple Injury,Head on,Police / Manual,Straight and flat,City or Town Road,Bitumen(Tar),Dry,Not Applicable,Fine,"NEAR BMTC BUS STOP, OUTER RING ROAD",ELECTRIC POLE,10 MTR,0.0,0.0
Bengaluru City,Banasawadi Traffic PS,1.04432e+16,2016,1,2,Road Accidents,More than four arms,City/Town,Residential area,Human Error,No,Grievous Injury,Head on,Police / Manual,Straight and flat,City or Town Road,Bitumen(Tar),Dry,Not Applicable,Fine,"NEAR JALAVAYU VIHAR, CMR ROAD",TREE,10 MTR,0.0,0.0
Bengaluru City,Banasawadi Traffic PS,1.04432e+16,2016,1,1,Road Accidents,More than four arms,City/Town,Open area,Human Error,No,Grievous Injury,Head on,Police / Manual,Straight and flat,City or Town Road,Bitumen(Tar),Dry,Not Applicable,Fine,THANISANDRA MAIN ROAD,ELECRTIC POLE,8 MTR,0.0,0.0
Bengaluru City,Banasawadi Traffic PS,1.04432e+16,2016,1,1,Road Accidents,More than four arms,City/Town,Open area,Human Error,No,Fatal,Head on,Police / Manual,Straight and flat,City or Town Road,Bitumen(Tar),Dry,Not Applicable,Clear,OUTER RING ROAD BABUSABPALYA,ELECTRIC POLE,15 MTR,0.0,0.0
Bengaluru City,Banasawadi Traffic PS,1.04432e+16,2016,1,1,Not Applicable,Cross roads,City/Town,Near Bus stop,Human Error,No,Grievous Injury,Hit pedestrian,Police / Manual,Straight and flat,City or Town Road,Bitumen(Tar),Dry,Not Applicable,Fine,OPP TO HORAMAVU BUS STOP OUTER RING ROAD,OPP TO BUS STOP,3 FEET,0.0,0.0
Bengaluru City,Banasawadi Traffic PS,1.04432e+16,2016,1,2,Road Accidents,Narrow road,City/Town,Near Bus stop,Human Error,No,Grievous Injury,Overturning,No signal lights,Dip or trough,City or Town Road,Bitumen(Tar),Dry,Not Applicable,Fine,HENNUR MAIN ROAD,NEAR HENNUR BANDE,1 KM,0.0,0.0
Bengaluru City,Banasawadi Traffic PS,1.04432e+16,2016,1,2,Not Applicable,Cross roads,City/Town,Near School or College,Human Error,No,Grievous Injury,Others,Police / Manual,Curve,City or Town Road,Bitumen(Tar),Dry,Not Applicable,Fine,"1ST CROSS, 3RD BLOCK, HRBR LAYOUT",ELECTRIC POST,25 FT,0.0,0.0
Bengaluru City,Banasawadi Traffic PS,1.04432e+16,2016,1,2,Not Applicable,Junction,City/Town,In bazaar,Human Error,No,Damage Only,Others,Police / Manual,Straight and flat,City or Town Road,Bitumen(Tar),Dry,Not Applicable,Fine,1ST CROSS NEHRU ROAD,FOOT PATH,25 FT,0.0,0.0
Bengaluru City,Banasawadi Traffic PS,1.04432e+16,2016,1,2,Not Applicable,Junction,City/Town,Open area,Human Error,No,Grievous Injury,Others,Police / Manual,Straight and flat,City or Town Road,Bitumen(Tar),Dry,Not Applicable,Fine,BEEMA JEWELLER OURTER RING ROAD HENNUR MAIN ROAD,SERVICE ROAD,32 FT,0.0,0.0
Bengaluru City,Banasawadi Traffic PS,1.04432e+16,2016,1,2,Not Applicable,Junction,City/Town,Open area,Human Error,No,Simple Injury,Others,Police / Manual,Straight and flat,City or Town Road,Bitumen(Tar),Dry,Not Applicable,Cloudy,HENNUR ROAD VADDARAPALYA,FOOTPATH,10FEET,0.0,0.0
Bengaluru City,Banasawadi Traffic PS,1.04432e+16,2016,1,2,Road Accidents,Narrow road,City/Town,Near office complex,Human Error,No,Fatal,Overturning,Not at  Junction,Straight and flat,Service Road,Bitumen(Tar),Ditch or Potholed,Not Applicable,Cloudy,"SERVICE ROAD, KALYANANAGAR",NEAR GOLD GYM,1 KM,0.0,0.0
Bengaluru City,Banasawadi Traffic PS,1.04432e+16,2016,1,2,Road Accidents,More than four arms,City/Town,Near office complex,Human Error,No,Simple Injury,Head on,Police / Manual,Straight and flat,City or Town Road,Bitumen(Tar),Dry,Not Applicable,Fine,"near petrol bunk, kammanahalli",electric pole,10 mer,0.0,0.0
Bengaluru City,Banasawadi Traffic PS,1.04432e+16,2016,1,2,Road Accidents,Cross roads,City/Town,Residential area,Human Error,No,Simple Injury,Head on,Not Applicable,Straight and flat,City or Town Road,Bitumen(Tar),Dry,Not Applicable,Fine,"7TH CROSS, NARAYANASAMY LYT, ASWATH NAGAR",SHOPS,15 MTR,0.0,0.0
Bengaluru City,Banasawadi Traffic PS,1.04432e+16,2016,1,1,Road Accidents,More than four arms,City/Town,Open area,Human Error,No,Fatal,Head on,Not at  Junction,Straight and flat,City or Town Road,Bitumen(Tar),Dry,Not Applicable,Fine,OUTER RING ROAD HENNUR,TREE,15 MTR,0.0,0.0
Bengaluru City,Banasawadi Traffic PS,1.04432e+16,2016,1,2,Road Accidents,Junction,City/Town,Near office complex,Human Error,No,Fatal,Head on,Police / Manual,Straight and flat,City or Town Road,Bitumen(Tar),Dry,Not Applicable,Fine,"OUTER RING ROAD, BABUSABPALYA",ELECTRIC POLE,15 MTR,0.0,0.0
Bengaluru City,Banasawadi Traffic PS,1.04432e+16,2016,1,1,Road Accidents,Other,City/Town,Open area,Human Error,No,Grievous Injury,Skidding or Self accident,Uncontrolled,Straight and flat,City or Town Road,Bitumen(Tar),Dry,Not Applicable,Fine,HENNUR UNDER PASS OUTER RING ROAD HENNUR,ELECTRIC POLE,15 MTR,0.0,0.0
Bengaluru City,Banasawadi Traffic PS,1.04432e+16,2016,1,2,Not Applicable,Junction,City/Town,Near Bus stop,Human Error,No,Grievous Injury,Others,Police / Manual,Straight and flat,City or Town Road,Bitumen(Tar),Dry,Not Applicable,Fine,OPP TO MLA OFFICE GATE BANASAWADI MAIN ROAD,STEET LIGHE,15FT,0.0,0.0
Bengaluru City,Banasawadi Traffic PS,1.04432e+16,2016,1,2,Not Applicable,Junction,City/Town,Residential area,Human Error,No,Simple Injury,Others,Police / Manual,Straight and flat,City or Town Road,Bitumen(Tar),Dry,Not Applicable,Fine,"5TH CROSS, 7TH MAIN, CHOWDESHWARI LAYOUT BANASAWADI",FOOT PATH,10 FT,0.0,0.0
Bengaluru City,Banasawadi Traffic PS,1.04432e+16,2016,1,2,Not Applicable,Bridge,City/Town,Open area,Human Error,No,Grievous Injury,Overturning,Police / Manual,Straight and flat,City or Town Road,Gravel,Wet,Not Applicable,Light Rain,"HENNUR UNDER BRIDGE, HENNUR RING ROAD",OPP TO BEEMA JEWELLERS,30FEET,0.0,0.0
Bengaluru City,Banasawadi Traffic PS,1.04432e+16,2016,1,1,Not Applicable,Junction,City/Town,At pedestrian Crossing,Human Error,No,Grievous Injury,Hit pedestrian,Police / Manual,Straight and flat,City or Town Road,Bitumen(Tar),Dry,Not Applicable,Fine,"NEAR ARUNAGIRI SHOWROOM SERVICR ROAD, KALYANANAGAR",NEAR ARUNAGIRI SHOWROOM,12 FT,0.0,0.0
Bengaluru City,Banasawadi Traffic PS,1.04432e+16,2016,1,1,Not Applicable,Junction,City/Town,Open area,Human Error,No,Simple Injury,Hit pedestrian,Police / Manual,Straight and flat,City or Town Road,Bitumen(Tar),Dry,Not Applicable,Fine,HORAMAVU AGARA MAIN ROAD,OPP TO GANESHA SWEETS,5 FT,0.0,0.0
Bengaluru City,Banasawadi Traffic PS,1.04432e+16,2016,1,2,Not Applicable,Bridge,City/Town,Open area,Human Error,No,Simple Injury,Others,Police / Manual,Straight and flat,City or Town Road,Bitumen(Tar),Dry,Not Applicable,Fine,"HENNUR UNDERPASS, OUTER RING ROAD",STEET LIGHT,5FT,0.0,0.0
Bengaluru City,Banasawadi Traffic PS,1.04432e+16,2016,1,1,Road Accidents,Junction,City/Town,Narrow bridge or culverts,Human Error,Yes,Fatal,Hit and Run,Signal lights Blinking,Straight and flat,City or Town Road,Bitumen(Tar),Dry,Not Applicable,Fine,"OUTER RING ROAD, KALYANANAGAR",NEAR CHROMA SHOWROOM,1 KM,0.0,0.0
Bengaluru City,Banasawadi Traffic PS,1.04432e+16,2016,1,2,Road Accidents,Bottleneck,City/Town,Residential area,Human Error,Yes,Simple Injury,Hit and Run,No signal lights,Straight and flat,City or Town Road,Bitumen(Tar),Dry,Not Applicable,Fine,opp beema jewellary,tree,10 mtr,0.0,0.0
Bengaluru City,Banasawadi Traffic PS,1.04432e+16,2016,1,1,Road Accidents,Narrow road,City/Town,Near Bus stop,Human Error,No,Fatal,Skidding or Self accident,No signal lights,Dip or trough,City or Town Road,Bitumen(Tar),Ditch or Potholed,Construction Work / Material,Fine,KAMMANAHALLI MAIN ROAD,NEAR MEDPLUS,1 KM,0.0,0.0
Bengaluru City,Banasawadi Traffic PS,1.04432e+16,2016,1,1,Road Accidents,Narrow road,City/Town,Near office complex,Human Error,Yes,Fatal,Hit and Run,No signal lights,Not Applicable,City or Town Road,Bitumen(Tar),Dry,Not Applicable,Fine,OUTER RING ROAD,NEAR BDA PARK,1 KM,0.0,0.0
Bengaluru City,Banasawadi Traffic PS,1.04432e+16,2016,1,2,Not Applicable,Junction,City/Town,Near Bus stop,Human Error,No,Grievous Injury,Right Turn Collision,Police / Manual,Straight and flat,City or Town Road,Bitumen(Tar),Dry,Not Applicable,Fine,"OPP TO SYDICATE BANK, BANASAWADI MIAN ROAD",NEAR MLA OFFICE,30 FT,0.0,0.0
Bengaluru City,Banasawadi Traffic PS,1.04432e+16,2016,1,2,Road Accidents,Culvert,City/Town,Narrow bridge or culverts,Human Error,Yes,Fatal,Overturning,No signal lights,Curve,City or Town Road,Bitumen(Tar),Dry,Not Applicable,Clear,OUTER RING ROAD,NEAR KEB JUNCTION,1 KM,0.0,0.0
Bengaluru City,Banasawadi Traffic PS,1.04432e+16,2016,1,1,Road Accidents,Narrow road,City/Town,Residential area,Human Error,Yes,Fatal,Hit pedestrian,Not Applicable,Dip or trough,City or Town Road,Bitumen(Tar),Muddy,Construction Work / Material,Fine,"3 RD MAIN, TELECOM LAYOUT",TELECOM LAYOUT,1 KM,0.0,0.0
Bengaluru City,Banasawadi Traffic PS,1.04432e+16,2016,1,2,Road Accidents,More than four arms,City/Town,Open area,Human Error,Yes,Grievous Injury,Head on,Police / Manual,Straight and flat,City or Town Road,Bitumen(Tar),Dry,Not Applicable,Fine,ramaswamypalya mainroad,electric pole,10 mer,0.0,0.0
Bengaluru City,Banasawadi Traffic PS,1.04432e+16,2016,1,1,Road Accidents,More than four arms,City/Town,Open area,Human Error,Yes,Fatal,Hit and Run,Not at  Junction,Straight and flat,City or Town Road,Bitumen(Tar),Dry,Not Applicable,Fine,OUTER RING ROAD NAGAWARA,TREE,15 MTR,0.0,0.0
Bengaluru City,Banasawadi Traffic PS,1.04432e+16,2016,1,1,Road Accidents,More than four arms,City/Town,Near office complex,Human Error,No,Simple Injury,Head on,Police / Manual,Straight and flat,City or Town Road,Bitumen(Tar),Dry,Not Applicable,Fine,HENNUR MAIN ROAD,ELECTRIC POLE,10 MTR,0.0,0.0
Bengaluru City,Banasawadi Traffic PS,1.04432e+16,2016,1,2,Road Accidents,Narrow road,City/Town,Near Bus stop,Human Error,Yes,Grievous Injury,Hit and Run,Not at  Junction,Hump,City or Town Road,Bitumen(Tar),Dry,No influence on accident,Fine,THANISANDRA MAIN ROAD,NEAR KANTHI SWEETS,1 KM,0.0,0.0
Bengaluru City,Banasawadi Traffic PS,1.04432e+16,2016,1,1,Not Applicable,Other,City/Town,Near Bus stop,Not Applicable,Not Applicable,Fatal,Not Applicable,Police / Manual,Others,City or Town Road,Bitumen(Tar),Dry,Not Applicable,Clear,NO,3KM,3 KM,0.0,0.0
Bengaluru City,Banasawadi Traffic PS,1.04432e+16,2016,1,2,Road Accidents,More than four arms,City/Town,Open area,Human Error,No,Simple Injury,Head on,Police / Manual,Straight and flat,City or Town Road,Bitumen(Tar),Dry,Not Applicable,Fine,near vijayalakshmi medikal store,tree,10 mer,0.0,0.0
Bengaluru City,Banasawadi Traffic PS,1.04432e+16,2016,1,2,Road Accidents,More than four arms,City/Town,Near School or College,Human Error,No,Grievous Injury,Head on,Police / Manual,Straight and flat,City or Town Road,Bitumen(Tar),Dry,Not Applicable,Fine,sarayipalya,tree,10 mtr,0.0,0.0
Bengaluru City,Banasawadi Traffic PS,1.04432e+16,2016,1,1,Road Accidents,Other,City/Town,Near a factory industrial area,Human Error,No,Fatal,Head on,Not at  Junction,Others,Others,Surfaced,Dry,Not Applicable,Fine,hennur bande,tree,10 mtr,0.0,0.0
Bengaluru City,Banasawadi Traffic PS,1.04432e+16,2016,1,2,Road Accidents,More than four arms,City/Town,Near a factory industrial area,Human Error,No,Simple Injury,Head on,Police / Manual,Straight and flat,City or Town Road,Bitumen(Tar),Dry,Not Applicable,Fine,thanisandra main road,tree,10 mtr,0.0,0.0
Bengaluru City,Banasawadi Traffic PS,1.04432e+16,2016,1,2,Road Accidents,More than four arms,City/Town,Open area,Human Error,No,Damage Only,Head on,Not at  Junction,Straight and flat,City or Town Road,Bitumen(Tar),Dry,Not Applicable,Fine,"HRBR LYT, KALYANAGAR",TREE,10 MER,0.0,0.0
Bengaluru City,Banasawadi Traffic PS,1.04432e+16,2016,1,2,Road Accidents,Other,City/Town,Near Hospital,Human Error,No,Grievous Injury,Head on,Police / Manual,Straight and flat,City or Town Road,Bitumen(Tar),Dry,Not Applicable,Fine,80 FEET ROAD,OPP SPECIALIST HOSPITAL,20 FEE,0.0,0.0
Bengaluru City,Banasawadi Traffic PS,1.04432e+16,2016,1,1,Road Accidents,Narrow road,City/Town,Near office complex,Human Error,Yes,Fatal,Hit pedestrian,No signal lights,Not Applicable,City or Town Road,Bitumen(Tar),Dry,Not Applicable,Cloudy,"OUTER RING ROAD , NEAR BDA PARK",NEAR BDA PARK,1 KM,0.0,0.0
Bengaluru City,Banasawadi Traffic PS,1.04432e+16,2016,1,2,Not Applicable,Cross roads,City/Town,Near School or College,Not Applicable,Not Applicable,Damage Only,Others,Police / Manual,Others,Service Road,Bitumen(Tar),Dry,Not Applicable,Fine,NO,NEAR COLLGE,2KM,0.0,0.0
Bengaluru City,Banasawadi Traffic PS,1.04432e+16,2016,1,2,Not Applicable,Junction,City/Town,Near office complex,Human Error,No,Grievous Injury,Others,Police / Manual,Straight and flat,City or Town Road,Bitumen(Tar),Dry,Not Applicable,Fine,OPP TO FASHION GALLERY ASHWATH NAGAR THNISANDRA,OPP TO FASHION GALLERY,10 FT,0.0,0.0
Bengaluru City,Banasawadi Traffic PS,1.04432e+16,2016,1,2,Road Accidents,More than four arms,City/Town,Open area,Human Error,No,Grievous Injury,Head on,Police / Manual,Straight and flat,City or Town Road,Bitumen(Tar),Dry,Not Applicable,Fine,BANASAWADI MAIN ROAD,TREE,15 MTR,0.0,0.0
Bengaluru City,Banasawadi Traffic PS,1.04432e+16,2016,1,2,Road Accidents,Cross roads,City/Town,Near or inside a village,Human Error,No,Grievous Injury,Head on,Not at  Junction,Straight and flat,City or Town Road,Bitumen(Tar),Dry,Not Applicable,Fine,RAMASWAMY PALYA,ELECTRIC POLE,10 MTR,0.0,0.0
Bengaluru City,Banasawadi Traffic PS,1.04432e+16,2016,1,2,Road Accidents,Narrow road,City/Town,Near Bus stop,Human Error,No,Damage Only,Head on,Signal lights Blinking,Dip or trough,City or Town Road,Bitumen(Tar),Dry,Not Applicable,Fine,HENNUR MAIN ROAD,NEAR GANESHA TEMPLE,1 KM,0.0,0.0
Bengaluru City,Banasawadi Traffic PS,1.04432e+16,2016,1,1,Road Accidents,Culvert,City/Town,Narrow bridge or culverts,Human Error,No,Damage Only,Hit fixed object,No signal lights,Dip or trough,City or Town Road,Bitumen(Tar),Dry,Not Applicable,Fine,OUTER RING ROAD,NEAR HORAMAVUUNDERPASS,1 KM,0.0,0.0
Bengaluru City,Banasawadi Traffic PS,1.04432e+16,2016,1,2,Road Accidents,Cross roads,City/Town,Residential area,Human Error,Yes,Damage Only,Head on,Not Applicable,Curve,City or Town Road,Bitumen(Tar),Dry,Not Applicable,Fine,"1 ST BLOCK, HRBR LAYOUT",NEAR GANESHA TEMPLE,1 KM,0.0,0.0
Bengaluru City,Banasawadi Traffic PS,1.04432e+16,2016,1,1,Not Applicable,Other,City/Town,Near Bus stop,Not Applicable,Not Applicable,Grievous Injury,Others,Police / Manual,Others,City or Town Road,Bitumen(Tar),Dry,Not Applicable,Clear,NO,NEAR BUS HENNURU BUS STOP,3.5 KM,0.0,0.0
Bengaluru City,Banasawadi Traffic PS,1.04432e+16,2016,1,2,Not Applicable,Cross roads,City/Town,Open area,Not Applicable,No,Grievous Injury,Right Turn Collision,Police / Manual,Others,City or Town Road,Bitumen(Tar),Dry,Not Applicable,Clear,NO,MUKTHI NAGRA MAIN ROAD,4.5 KM,0.0,0.0
Bengaluru City,Banasawadi Traffic PS,1.04432e+16,2016,1,1,Road Accidents,More than four arms,City/Town,Near a religious place,Human Error,Yes,Fatal,Head on,Police / Manual,Straight and flat,City or Town Road,Bitumen(Tar),Dry,Not Applicable,Fine,babusabpalya,tree,10 mer,0.0,0.0
Bengaluru City,Banasawadi Traffic PS,1.04432e+16,2016,1,2,Road Accidents,More than four arms,City/Town,Residential area,Human Error,No,Grievous Injury,Head on,Not at  Junction,Straight and flat,City or Town Road,Bitumen(Tar),Dry,Not Applicable,Fine,KALYA NAGAR,ELECTRIC POLE,15 MTR,0.0,0.0
Bengaluru City,Banasawadi Traffic PS,1.04432e+16,2016,1,1,Road Accidents,Junction,City/Town,Open area,Human Error,Yes,Grievous Injury,Hit and Run,Police / Manual,Straight and flat,City or Town Road,Bitumen(Tar),Dry,Not Applicable,Fine,HORAMAVU MAIN ROAD,FOOTPATH,10 FT,0.0,0.0
Bengaluru City,Banasawadi Traffic PS,1.04432e+16,2016,1,2,Road Accidents,T Junction,City/Town,Near office complex,Human Error,Yes,Damage Only,Right Turn Collision,No signal lights,Others,City or Town Road,Bitumen(Tar),Dry,Not Applicable,Fine,80 FEET ROAD,NEAR BANASAWADI CLUB,1 KM,0.0,0.0
Bengaluru City,Banasawadi Traffic PS,1.04432e+16,2016,1,1,Not Applicable,Other,City/Town,At pedestrian Crossing,Not Applicable,No,Grievous Injury,Hit pedestrian,Police / Manual,Others,City or Town Road,Bitumen(Tar),Dry,Not Applicable,Clear,NO,NEAR BUS STOP,5.5 KM,0.0,0.0
Bengaluru City,Banasawadi Traffic PS,1.04432e+16,2017,1,1,Road Accidents,Cross roads,City/Town,Residential area,Human Error,No,Grievous Injury,Hit pedestrian,No signal lights,Others,City or Town Road,Bitumen(Tar),Dry,Not Applicable,Cloudy,OIL MILL ROAD,NEAR PARK,100 MT,0.0,0.0
Bengaluru City,Banasawadi Traffic PS,1.04432e+16,2017,1,2,Not Applicable,Junction,City/Town,Near Petrol Pump,Human Error,Not Applicable,Grievous Injury,Hit parked vehicle,Police / Manual,Straight and flat,City or Town Road,Bitumen(Tar),Dry,Not Applicable,Fine,OPP TO PETORL BUNK  THANISANDRA MAIN ROAD,OPP TO NATIONAL GYPSEM PLASTER,30FEET,0.0,0.0
Bengaluru City,Banasawadi Traffic PS,1.04432e+16,2017,1,2,Road Accidents,Narrow road,City/Town,Near office complex,Human Error,No,Simple Injury,Head on,No signal lights,Straight and flat,City or Town Road,Bitumen(Tar),Ditch or Potholed,Construction Work / Material,Very Cold,"80 FEET ROAD, KALYANANAGR",OPP TO SRINIDHI HOTEL,50 MTR,0.0,0.0
Bengaluru City,Banasawadi Traffic PS,1.04432e+16,2017,1,1,Road Accidents,Bridge,City/Town,Near Bus stop,Not Applicable,No,Damage Only,Skidding or Self accident,Uncontrolled,Straight and flat,City or Town Road,Bitumen(Tar),Dry,Not Applicable,Fine,Babusaplya Fly Over Ring Road,Electric Pol,20F,0.0,0.0
Bengaluru City,Banasawadi Traffic PS,1.04432e+16,2017,1,2,Road Accidents,Narrow road,City/Town,Near Bus stop,Human Error,Yes,Grievous Injury,Hit and Run,Controlled,Others,Two way,Bitumen(Tar),Dry,Not Applicable,Cloudy,THANISANDRA MAIN ROAD,NEAR BUS STOP,100,0.0,0.0
Bengaluru City,Banasawadi Traffic PS,1.04432e+16,2017,1,1,Road Accidents,Other,City/Town,Near office complex,Human Error,No,Fatal,Hit pedestrian,Not Applicable,Not Applicable,Others,Bitumen(Tar),Dry,Not Applicable,Fine,"OUTER RING ROAD, OPP TO BDA PARK, HENNUR",OPP TO BDA PARK,100,0.0,0.0
Bengaluru City,Banasawadi Traffic PS,1.04432e+16,2017,1,2,Road Accidents,Narrow road,City/Town,Near office complex,Human Error,No,Grievous Injury,Overturning,Not at  Junction,Dip or trough,City or Town Road,Bitumen(Tar),Ditch or Potholed,Pot holed,Fine,"SERVICE ROAD, KALYANANAGAR",NEAR CHROMA SHOWROOM,1 KM,0.0,0.0
Bengaluru City,Banasawadi Traffic PS,1.04432e+16,2017,1,1,Road Accidents,Cross roads,City/Town,Near Bus stop,Not Applicable,No,Grievous Injury,Hit pedestrian,Uncontrolled,Others,City or Town Road,Bitumen(Tar),Dry,Not Applicable,Fine,Hennuru Bande Bus Stop Hennuru-Bagaluru Main Road,Elecrtic Pol,5Km,0.0,0.0
Bengaluru City,Banasawadi Traffic PS,1.04432e+16,2017,1,1,Road Accidents,Junction,City/Town,Near Bus stop,Human Error,Yes,Simple Injury,Hit pedestrian,Police / Manual,Straight and flat,Two way,Bitumen(Tar),Dry,Not Applicable,Fine,OPP CHROMA SHOWROOM,Electric pol,10 FT,0.0,0.0
Bengaluru City,Banasawadi Traffic PS,1.04432e+16,2017,1,2,Road Accidents,Bridge,City/Town,Residential area,Not Applicable,No,Grievous Injury,Rear end,Uncontrolled,Straight and flat,City or Town Road,Bitumen(Tar),Dry,Not Applicable,Fine,Near Pai Shoroom opp Gold Zim Kalyanagar Saravice Road,Electric pol,28F,0.0,0.0
Bengaluru City,Banasawadi Traffic PS,1.04432e+16,2017,1,1,Road Accidents,Cross roads,City/Town,Residential area,Not Applicable,No,Grievous Injury,Hit pedestrian,Uncontrolled,Straight and flat,City or Town Road,Bitumen(Tar),Dry,Not Applicable,Fine,Opp Yash Classic Enclive Hennuru Cross,Shine Bord,12f,0.0,0.0
Bengaluru City,Banasawadi Traffic PS,1.04432e+16,2017,1,2,Road Accidents,Bridge,City/Town,Near Bus stop,Not Applicable,No,Grievous Injury,Rear end,Uncontrolled,Straight and flat,City or Town Road,Bitumen(Tar),Dry,Not Applicable,Fine,On Kalyanagar Fly Over Outer Ring Road,Electric pol,10F,0.0,0.0
Bengaluru City,Banasawadi Traffic PS,1.04432e+16,2017,1,2,Not Applicable,Junction,City/Town,Open area,Not Applicable,No,Grievous Injury,Not Applicable,Police / Manual,Others,City or Town Road,Bitumen(Tar),Dry,Not Applicable,Clear,NO,NEAR BIG BAZAR,1.5 KM,0.0,0.0
Bengaluru City,Banasawadi Traffic PS,1.04432e+16,2017,1,2,Road Accidents,Culvert,City/Town,Narrow bridge or culverts,Vehicle Defect,Yes,Grievous Injury,Hit fixed object,Signal lights Blinking,Curve and Incline,City or Town Road,Bitumen(Tar),Dry,Not Applicable,Fine,"OUTER RING ROAD, KEN JUNCTION",NEAR KEB OFFICE,100,0.0,0.0
Bengaluru City,Banasawadi Traffic PS,1.04432e+16,2017,1,2,Road Accidents,Narrow road,City/Town,Near a recreation place/cinema,Human Error,Yes,Grievous Injury,Hit and Run,Not Applicable,Dip or trough,City or Town Road,Bitumen(Tar),Ditch or Potholed,Construction Work / Material,Cloudy,BANASAWADI MAIN ROAD,NEAR ORIEN MALL,1 KM,0.0,0.0
Bengaluru City,Banasawadi Traffic PS,1.04432e+16,2017,1,1,Road Accidents,Curves,City/Town,At pedestrian Crossing,Human Error,No,Grievous Injury,Hit pedestrian,No signal lights,Curve,City or Town Road,Bitumen(Tar),Dry,Not Applicable,Cloudy,HENNR MAIN ROAD,NEAR VIJAYALAKSHMI HOSPITAL,1 KM,0.0,0.0
Bengaluru City,Banasawadi Traffic PS,1.04432e+16,2017,1,2,Road Accidents,Other,City/Town,Residential area,Not Applicable,No,Grievous Injury,Rear end,Uncontrolled,Straight and flat,City or Town Road,Bitumen(Tar),Dry,Not Applicable,Fine,Opp Asram Geddalahalli Hennuru Main Road,Electric Pol,30f,0.0,0.0
Bengaluru City,Banasawadi Traffic PS,1.04432e+16,2017,1,2,Road Accidents,Bridge,City/Town,Near office complex,Not Applicable,Yes,Grievous Injury,Hit and Run,Uncontrolled,Straight and flat,City or Town Road,Bitumen(Tar),Dry,Not Applicable,Fine,Near petrol Bunk Kamanahalli Sirvics Road,electric Pol,12F,0.0,0.0
Bengaluru City,Banasawadi Traffic PS,1.04432e+16,2017,1,1,Road Accidents,Other,City/Town,Residential area,Not Applicable,No,Grievous Injury,Hit pedestrian,Uncontrolled,Straight and flat,City or Town Road,Bitumen(Tar),Dry,Not Applicable,Fine,9th Main Banasawadi,ElectricPol,5Feet,0.0,0.0
Bengaluru City,Banasawadi Traffic PS,1.04432e+16,2017,1,2,Road Accidents,Circle,City/Town,Near Bus stop,Not Applicable,No,Damage Only,Hit and Run,Controlled,Straight and flat,City or Town Road,Bitumen(Tar),Dry,Not Applicable,Fine,Nagavar singal Outer Ring Road,Ola Office,25F,0.0,0.0