DISTRICTNAME,UNITNAME,Crime_No,Year,RI,Noofvehicle_involved,Accident_Classification,Accident_Spot,Accident_Location,Accident_SubLocation,Main_Cause,Hit_Run,Severity,Collision_Type,Junction_Control,Road_Character,Road_Type,Surface_Type,Surface_Condition,Road_Condition,Weather,Accident_Road,Landmark_first,Distance_LandMark_First,Latitude,Longitude
Bengaluru City,Banasawadi Traffic PS,1.04432e+16,2017,1,2,Road Accidents,Cross roads,City/Town,Residential area,Not Applicable,No,Grievous Injury,Head on,Uncontrolled,Others,City or Town Road,Bitumen(Tar),Dry,Not Applicable,Fine,Near Ganesh/Anjanaih Tempal Aswatha Nagar Thanisandra,Electric Pol,10F,0.0,0.0
Bengaluru City,Banasawadi Traffic PS,1.04432e+16,2017,1,1,Road Accidents,Bridge,City/Town,Near Bus stop,Not Applicable,No,Grievous Injury,Hit pedestrian,Uncontrolled,Straight and flat,City or Town Road,Bitumen(Tar),Dry,Not Applicable,Fine,Near Bus Stop Hennuru Outer Ring Road,BMTC Bus Stop,5F,0.0,0.0
Bengaluru City,Banasawadi Traffic PS,1.04432e+16,2018,1,2,Road Accidents,Junction,City/Town,Residential area,Not Applicable,No,Grievous Injury,Others,Police / Manual,Others,City or Town Road,Bitumen(Tar),Dry,Not Applicable,Clear,NO,NEAR 9TH MAIN JUCATION,2 KM,0.0,0.0
Bengaluru City,Banasawadi Traffic PS,1.04432e+16,2018,1,2,Road Accidents,Cross roads,City/Town,Residential area,Not Applicable,Yes,Grievous Injury,Head on,Uncontrolled,Straight and flat,City or Town Road,Bitumen(Tar),Dry,Not Applicable,Fine,Opp Indoesian Acadamy College Service Road Kamanahalli,Electric po,5F,0.0,0.0
Bengaluru City,Banasawadi Traffic PS,1.04432e+16,2018,1,1,Road Accidents,Curves,City/Town,Near Bus stop,Human Error,No,Grievous Injury,Head on,Police / Manual,Curve,City or Town Road,Bitumen(Tar),Dry,Not Applicable,Fine,Nagayyanapalya Main Road,bus stop,10 mtr,0.0,0.0
Bengaluru City,Banasawadi Traffic PS,1.04432e+16,2018,1,1,Road Accidents,Bridge,City/Town,Narrow bridge or culverts,Human Error,No,Fatal,Hit fixed object,Not at  Junction,Straight and flat,City or Town Road,Bitumen(Tar),Dry,Not Applicable,Fine,HENNUR MAIN ROAD,NEAR FLYOVER,0.5 KM,0.0,0.0
Bengaluru City,Banasawadi Traffic PS,1.04432e+16,2018,1,2,Road Accidents,Circle,City/Town,Near Hospital,Not Applicable,No,Grievous Injury,Rear end,Uncontrolled,Straight and flat,City or Town Road,Bitumen(Tar),Dry,Not Applicable,Fine,Opp OM Shakthi Temple 80 Feet Road Kalyanagar,Elctricpol,8F,0.0,0.0
Bengaluru City,Banasawadi Traffic PS,1.04432e+16,2018,1,2,Road Accidents,Cross roads,City/Town,Near office complex,Not Applicable,Yes,Grievous Injury,Hit and Run,Uncontrolled,Straight and flat,City or Town Road,Bitumen(Tar),Dry,Not Applicable,Fine,Opp Sangeetha Mobile Shworum Neharau Road Kamanahalli,Electricpol,8F,0.0,0.0
Bengaluru City,Banasawadi Traffic PS,1.04432e+16,2018,1,1,Road Accidents,Other,City/Town,In bazaar,Not Applicable,Yes,Grievous Injury,Hit and Run,Uncontrolled,Straight and flat,City or Town Road,Bitumen(Tar),Dry,Not Applicable,Fine,"Near Banasawadi Club, CMR Road",Electric Pol,8F,0.0,0.0
Bengaluru City,Banasawadi Traffic PS,1.04432e+16,2018,1,2,Road Accidents,Other,City/Town,Near Petrol Pump,Not Applicable,Yes,Grievous Injury,Hit and Run,Uncontrolled,Straight and flat,City or Town Road,Bitumen(Tar),Dry,Not Applicable,Fine,"Opp petrol Bunk,80 Feet Road Subbaiahna Palya",ElectricPol,8F,0.0,0.0
Bengaluru City,Banasawadi Traffic PS,1.04432e+16,2018,1,1,Road Accidents,Cross roads,City/Town,Residential area,Not Applicable,Yes,Grievous Injury,Hit and Run,Uncontrolled,Straight and flat,Residential Street,Bitumen(Tar),Dry,Not Applicable,Fine,Near R J  Chikkan Shop Hennuru Main Main Road Kacharakanahalli,Electric pol,5F,0.0,0.0
Bengaluru City,Banasawadi Traffic PS,1.04432e+16,2018,1,2,Road Accidents,Other,City/Town,In bazaar,Not Applicable,No,Damage Only,Rear end,Uncontrolled,Straight and flat,City or Town Road,Bitumen(Tar),Dry,Not Applicable,Fine,Near Coffee Day Outer Ring Road,Electric pol,5Km,0.0,0.0
Bengaluru City,Banasawadi Traffic PS,1.04432e+16,2018,1,1,Road Accidents,Bridge,City/Town,Near Bus stop,Not Applicable,No,Grievous Injury,Others,Uncontrolled,Straight and flat,City or Town Road,Bitumen(Tar),Dry,Not Applicable,Fine,Opp Giriyas Shoroom Outer Ring Road,Electric Pol,10F,0.0,0.0
Bengaluru City,Banasawadi Traffic PS,1.04432e+16,2018,1,2,Road Accidents,Narrow road,City/Town,Near office complex,Human Error,Yes,Fatal,Vehicle to Vehicle,Police / Manual,Straight and flat,Two way,Bitumen(Tar),Dry,Not Applicable,Fine,BANASAWADI MAIN ROAD,Sindicate Bank,20 mtr,0.0,0.0
Bengaluru City,Banasawadi Traffic PS,1.04432e+16,2018,1,2,Road Accidents,Narrow road,City/Town,Near office complex,Human Error,No,Grievous Injury,Head on,Police / Manual,Straight and flat,City or Town Road,Bitumen(Tar),Dry,Not Applicable,Fine,OUTER RING ROAD,KEB Office,15 mtr,0.0,0.0
Bengaluru City,Banasawadi Traffic PS,1.04432e+16,2018,1,3,Road Accidents,Other,City/Town,In bazaar,Not Applicable,No,Grievous Injury,Overturning,Uncontrolled,Straight and flat,City or Town Road,Bitumen(Tar),Dry,Not Applicable,Fine,Near Rasta Hotel CMR Road Kalyan Nagar,Electricpol,8F,0.0,0.0
Bengaluru City,Banasawadi Traffic PS,1.04432e+16,2018,1,2,Road Accidents,Other,City/Town,Near a religious place,Not Applicable,No,Grievous Injury,Head on,Uncontrolled,Straight and flat,City or Town Road,Bitumen(Tar),Dry,Not Applicable,Fine,Opp Impiriar Hotel Kalyan Nagar,Electricpol,5F,0.0,0.0
Bengaluru City,Banasawadi Traffic PS,1.04432e+16,2018,1,2,Road Accidents,Other,City/Town,Near a religious place,Not Applicable,Yes,Grievous Injury,Hit and Run,Uncontrolled,Straight and flat,City or Town Road,Bitumen(Tar),Dry,Not Applicable,Fine,Near Manjunath Palece Thanisandra Main Road,Electricpol,9F,0.0,0.0
Bengaluru City,Banasawadi Traffic PS,1.04432e+16,2018,1,1,Road Accidents,Other,City/Town,Residential area,Not Applicable,No,Fatal,Hit pedestrian,Uncontrolled,Straight and flat,Residential Street,Bitumen(Tar),Dry,Not Applicable,Fine,"Opp Selvam Milk Parler, Near Don Boskho Church,Gunadappa Road",Electric pol,10F,0.0,0.0
Bengaluru City,Banasawadi Traffic PS,1.04432e+16,2018,1,1,Road Accidents,Other,City/Town,Near Hospital,Vehicle Defect,No,Grievous Injury,Hit pedestrian,Uncontrolled,Straight and flat,City or Town Road,Bitumen(Tar),Dry,Not Applicable,Fine,Opp Navashakthi Netralaya Outer Ring Road,Electricpol,5F,0.0,0.0
Bengaluru City,Banasawadi Traffic PS,1.04432e+16,2018,1,2,Road Accidents,Curves,City/Town,Near office complex,Human Error,Yes,Grievous Injury,Hit and Run,Not at  Junction,Curve,City or Town Road,Bitumen(Tar),Dry,Not Applicable,Fine,BANASAWADI MAIN ROAD,NEAR KANTHI SWEETS,0.5 KM,0.0,0.0
Bengaluru City,Banasawadi Traffic PS,1.04432e+16,2018,1,1,Road Accidents,Other,City/Town,Near School or College,Human Error,No,Grievous Injury,Head on,No signal lights,Straight and flat,City or Town Road,Bitumen(Tar),Dry,Not Applicable,Fine,Maruthi Seva Nagar,school,20 mtr,0.0,0.0
Bengaluru City,Banasawadi Traffic PS,1.04432e+16,2018,1,2,Road Accidents,Other,City/Town,Near office complex,Human Error,Yes,Simple Injury,Head on,Police / Manual,Straight and flat,Service Road,Bitumen(Tar),Dry,Not Applicable,Fine,Service Road Babusabpalya,show room,10 mtr,0.0,0.0
Bengaluru City,Banasawadi Traffic PS,1.04432e+16,2018,1,2,Road Accidents,Other,City/Town,Near a religious place,Not Applicable,No,Grievous Injury,Head on,Uncontrolled,Straight and flat,City or Town Road,Bitumen(Tar),Dry,Not Applicable,Fine,Opp Petrol Bunk Kamanahalli Main Road,Electric Pol,8F,0.0,0.0
Bengaluru City,Banasawadi Traffic PS,1.04432e+16,2018,1,2,Road Accidents,Not Applicable,City/Town,Near Bus stop,Not Applicable,Yes,Fatal,Vehicle to Vehicle,Police / Manual,Others,Two way,Surfaced,Dry,Not Applicable,Fine,OUTER RING ROAD,BUS STOP,1.5KM,13.019494,77.654324
Bengaluru City,Banasawadi Traffic PS,1.04432e+16,2018,1,2,Road Accidents,Other,City/Town,Near a religious place,Not Applicable,No,Grievous Injury,Head on,Uncontrolled,Straight and flat,City or Town Road,Bitumen(Tar),Flooded,Not Applicable,Fine,"Near Kenopi Apartament,Horamavu Agra Main Road",Electricpol,5F,0.0,0.0
Bengaluru City,Banasawadi Traffic PS,1.04432e+16,2018,1,2,Road Accidents,Other,City/Town,Near School or College,Not Applicable,Yes,Grievous Injury,Hit and Run,Uncontrolled,Straight and flat,City or Town Road,Bitumen(Tar),Dry,Not Applicable,Fine,Near Techars Academy college Hennuru Main road Hennuru,Electric pol,9f,0.0,0.0
Bengaluru City,Banasawadi Traffic PS,1.04432e+16,2018,1,2,Road Accidents,Other,City/Town,In bazaar,Not Applicable,Yes,Grievous Injury,Hit and Run,Uncontrolled,Straight and flat,City or Town Road,Bitumen(Tar),Dry,Not Applicable,Fine,Opp Bangalore One Service Road Babusapalya Bangalore,Electricpol,5F,0.0,0.0
Bengaluru City,Banasawadi Traffic PS,1.04432e+16,2018,1,1,Road Accidents,Cross roads,City/Town,Near School or College,Not Applicable,Yes,Grievous Injury,Hit and Run,Uncontrolled,Straight and flat,Residential Street,Bitumen(Tar),Dry,Not Applicable,Fine,Opp Indian Accademy College Hennruru Cross,Electricpol,5f,0.0,0.0
Bengaluru City,Banasawadi Traffic PS,1.04432e+16,2018,1,2,Road Accidents,Bridge,City/Town,Narrow bridge or culverts,Not Applicable,No,Grievous Injury,Head on,Uncontrolled,Straight and flat,City or Town Road,Bitumen(Tar),Dry,Not Applicable,Fine,On IOC Flya Over Banasawadi   Main Road,Electricpol,8F,0.0,0.0
Bengaluru City,Banasawadi Traffic PS,1.04432e+16,2018,1,1,Road Accidents,Other,City/Town,In bazaar,Not Applicable,No,Grievous Injury,Hit pedestrian,Uncontrolled,Straight and flat,City or Town Road,Bitumen(Tar),Dry,Not Applicable,Fine,Opp Malabhar Bek House Outer Ring Road Hennuru,Electricpol,35F,13.02815,77.631887
Bengaluru City,Banasawadi Traffic PS,1.04432e+16,2018,1,4,Road Accidents,Bottleneck,City/Town,Near Bus stop,Human Error,No,Fatal,Hit parked vehicle,Not at  Junction,Others,City or Town Road,Concrete,Dry,Construction Work / Material,Cloudy,OUTER RING ROAD,NEAR GANESH ATEMPLE,0.5 KM,0.0,0.0
Bengaluru City,Banasawadi Traffic PS,1.04432e+16,2018,1,1,Road Accidents,Bridge,City/Town,In bazaar,Not Applicable,Yes,Grievous Injury,Hit and Run,Uncontrolled,Straight and flat,City or Town Road,Bitumen(Tar),Dry,Not Applicable,Fine,Opp Bata Shworom Banasawadi Main Road IOC Flyover,Electricpol,10F,0.0,0.0
Bengaluru City,Banasawadi Traffic PS,1.04432e+16,2018,1,2,Road Accidents,Circle,City/Town,Near Hospital,Not Applicable,No,Grievous Injury,Rear end,Controlled,Curve,City or Town Road,Bitumen(Tar),Dry,Not Applicable,Fine,Near Hennuru Junction Outer Ring Road,Electric Pol,10F,0.0,0.0
Bengaluru City,Banasawadi Traffic PS,1.04432e+16,2018,1,2,Road Accidents,Bridge,City/Town,Near Bus stop,Human Error,No,Fatal,Overturning,Not Applicable,Dip or trough,City or Town Road,Bitumen(Tar),Dry,Not Applicable,Fine,OUTER RING ROAD,NEAR UNDERPASS,0.5 KM,0.0,0.0
Bengaluru City,Banasawadi Traffic PS,1.04432e+16,2018,1,2,Road Accidents,Other,City/Town,Near Petrol Pump,Human Error,No,Simple Injury,Head on,Police / Manual,Straight and flat,City or Town Road,Bitumen(Tar),Dry,Not Applicable,Fine,opp petrol Bunk Banasawadi Main road,petrol bunk,15 mtr,0.0,0.0
Bengaluru City,Banasawadi Traffic PS,1.04432e+16,2018,1,2,Road Accidents,Narrow road,City/Town,Near Hospital,Human Error,Yes,Grievous Injury,Hit and Run,Not at  Junction,Others,City or Town Road,Bitumen(Tar),Dry,Construction Work / Material,Fine,"80 FEET ROAD, KALYANANAGAR",NEAR OVUM HOSPITAL,0.5 KM,0.0,0.0
Bengaluru City,Banasawadi Traffic PS,1.04432e+16,2018,1,2,Road Accidents,Cross roads,City/Town,In bazaar,Not Applicable,Yes,Grievous Injury,Hit and Run,Uncontrolled,Straight and flat,City or Town Road,Bitumen(Tar),Dry,Not Applicable,Fine,Opp Adhiswar&Panasonica Shoorum Kamanahalli Service Road,ElectricPol,5F,0.0,0.0
Bengaluru City,Banasawadi Traffic PS,1.04432e+16,2018,1,1,Road Accidents,Bridge,City/Town,Near a factory industrial area,Not Applicable,No,Damage Only,Skidding or Self accident,Uncontrolled,Straight and flat,City or Town Road,Bitumen(Tar),Dry,Not Applicable,Fine,Opp KEB Junction Nagavara Fly Over Outer Ring Road,Electricpol,8F,0.0,0.0
Bengaluru City,Banasawadi Traffic PS,1.04432e+16,2018,1,2,Road Accidents,Junction,City/Town,Near Hospital,Not Applicable,No,Grievous Injury,Right Turn Collision,Uncontrolled,Straight and flat,City or Town Road,Bitumen(Tar),Dry,Not Applicable,Fine,Hennuru Junction Outer Ring Road,Electric Pol,10F,0.0,0.0
Bengaluru City,Banasawadi Traffic PS,1.04432e+16,2018,1,2,Road Accidents,Other,City/Town,Residential area,Not Applicable,No,Grievous Injury,Rear end,Uncontrolled,Straight and flat,City or Town Road,Bitumen(Tar),Dry,Not Applicable,Fine,Near Gandhi Stactue Horamavu Main Road,Electricpol,8F,0.0,0.0
Bengaluru City,Banasawadi Traffic PS,1.04432e+16,2018,1,1,Road Accidents,Culvert,City/Town,Narrow bridge or culverts,Human Error,No,Fatal,Hit pedestrian,No signal lights,Others,City or Town Road,Concrete,Dry,Pot holed,Fine,OUTER RING ROAD,NEAR CHROMA SHOWROOM,0.5 KM,0.0,0.0
Bengaluru City,Banasawadi Traffic PS,1.04432e+16,2018,1,2,Road Accidents,Other,City/Town,Near Petrol Pump,Not Applicable,Yes,Grievous Injury,Hit and Run,Uncontrolled,Straight and flat,City or Town Road,Bitumen(Tar),Others,Not Applicable,Fine,Near Jai Barth Nagar Petrol Bunk Banasawadi Main Road,Electricpol,8F,0.0,0.0
Bengaluru City,Banasawadi Traffic PS,1.04432e+16,2018,1,2,Road Accidents,Cross roads,City/Town,In bazaar,Not Applicable,Yes,Grievous Injury,Hit and Run,Uncontrolled,Straight and flat,City or Town Road,Bitumen(Tar),Dry,Not Applicable,Fine,3rd CrossNeharu Main Road Kamanahalli,Electric pol,8F,0.0,0.0
Bengaluru City,Banasawadi Traffic PS,1.04432e+16,2018,1,2,Road Accidents,Other,City/Town,In bazaar,Not Applicable,Yes,Grievous Injury,Hit and Run,Uncontrolled,Straight and flat,City or Town Road,Bitumen(Tar),Dry,Not Applicable,Fine,Near Bramhalingeswar Condiments Horamavu Agra Main Road,Elctricpol,5F,0.0,0.0
Bengaluru City,Banasawadi Traffic PS,1.04432e+16,2018,1,2,Road Accidents,Other,City/Town,Near office complex,Not Applicable,Yes,Simple Injury,Hit and Run,Uncontrolled,Straight and flat,City or Town Road,Bitumen(Tar),Dry,Not Applicable,Fine,Nanjundappa Road Bhihand Jalavayu Vihar,ElectricPol,8F,0.0,0.0
Bengaluru City,Banasawadi Traffic PS,1.04432e+16,2018,1,2,Road Accidents,Narrow road,City/Town,Near Bus stop,Human Error,No,Simple Injury,Head on,Police / Manual,Straight and flat,City or Town Road,Bitumen(Tar),Dry,Not Applicable,Fine,OUTER RING ROAD,bus stop,15 MTR,0.0,0.0
Bengaluru City,Banasawadi Traffic PS,1.04432e+16,2018,1,1,Road Accidents,T Junction,City/Town,Near office complex,Not Applicable,Yes,Grievous Injury,Hit and Run,Uncontrolled,Straight and flat,Two way,Bitumen(Tar),Dry,Not Applicable,Fine,"Opp Wings, 5th Main Road, Kalyanagara",Electricpol,5F,0.0,0.0
Bengaluru City,Banasawadi Traffic PS,1.04432e+16,2018,1,2,Road Accidents,Bridge,City/Town,Narrow bridge or culverts,Human Error,Yes,Fatal,Hit and Run,Signal lights Blinking,Curve,City or Town Road,Bitumen(Tar),Dry,Not Applicable,Fog / Mist,OUTER RING ROAD,NEAR FLYOVER,0.5 KM,0.0,0.0
Bengaluru City,Banasawadi Traffic PS,1.04432e+16,2018,1,2,Road Accidents,Bridge,City/Town,Near office complex,Not Applicable,Yes,Grievous Injury,Hit and Run,Uncontrolled,Straight and flat,City or Town Road,Bitumen(Tar),Dry,Not Applicable,Fine,Near IOC Fly Over Banasawadi Main Road,Electricpol,8F,0.0,0.0
Bengaluru City,Banasawadi Traffic PS,1.04432e+16,2018,1,2,Road Accidents,Bridge,City/Town,Near Bus stop,Not Applicable,Yes,Grievous Injury,Hit and Run,Uncontrolled,Straight and flat,City or Town Road,Bitumen(Tar),Dry,Not Applicable,Fine,Near KEB Junction Nagavar Uoter Ring Road,Electricpol,8F,0.0,0.0
Bengaluru City,Banasawadi Traffic PS,1.04432e+16,2018,1,3,Road Accidents,Narrow road,City/Town,Near Bus stop,Human Error,No,Fatal,Overturning,No signal lights,Slight Curve,City or Town Road,Bitumen(Tar),Dry,Not Applicable,Fine,OUTER RING ROAD,NEAR BUS STOP,0.5 KM,0.0,0.0
Bengaluru City,Banasawadi Traffic PS,1.04432e+16,2018,1,1,Road Accidents,Cross roads,City/Town,Near a religious place,Not Applicable,No,Grievous Injury,Others,Police / Manual,Not Applicable,City or Town Road,Bitumen(Tar),Dry,Not Applicable,Fine,no,near don bosco church,2 km,0.0,0.0
Bengaluru City,Banasawadi Traffic PS,1.04432e+16,2018,1,1,Road Accidents,Not Applicable,City/Town,In bazaar,Not Applicable,No,Fatal,Vehicle to Vehicle,Uncontrolled,Straight and flat,Two way,Bitumen(Tar),Dry,Pot holed,Fine,"Opp Sunsar Collection Mall, Kamanahalli Mian Road",Electricpol,10F,0.0,0.0
Bengaluru City,Banasawadi Traffic PS,1.04432e+16,2018,1,2,Road Accidents,Cross roads,City/Town,Near a religious place,Not Applicable,Yes,Grievous Injury,Hit and Run,Uncontrolled,Straight and flat,City or Town Road,Bitumen(Tar),Dry,Not Applicable,Fine,Opp Selesteel Music storeNeharu Mian Road Kamanahalli,Electric pol,8F,0.0,0.0
Bengaluru City,Banasawadi Traffic PS,1.04432e+16,2018,1,2,Road Accidents,Cross roads,City/Town,Near School or College,Not Applicable,No,Grievous Injury,Head on,Uncontrolled,Straight and flat,City or Town Road,Bitumen(Tar),Dry,Not Applicable,Fine,Opp Castle Kids School Horamavu Agra Mani Road Babusapalya,Electricpol,10F,0.0,0.0
Bengaluru City,Banasawadi Traffic PS,1.04432e+16,2018,1,2,Road Accidents,Other,City/Town,In bazaar,Not Applicable,No,Simple Injury,Head on,Uncontrolled,Straight and flat,City or Town Road,Bitumen(Tar),Dry,Not Applicable,Fine,Opp Goji Shop Neharu-Kamanahalli Main Road,Electricpol,5F,0.0,0.0
Bengaluru City,Banasawadi Traffic PS,1.04432e+16,2018,1,2,Road Accidents,Narrow road,City/Town,Narrow bridge or culverts,Not Applicable,No,Grievous Injury,Rear end,Uncontrolled,Straight and flat,City or Town Road,Bitumen(Tar),Dry,Not Applicable,Fine,Near Doddamori Hennuru Main Road,Electricpol,5F,0.0,0.0
Bengaluru City,Banasawadi Traffic PS,1.04432e+16,2018,1,1,Road Accidents,Narrow road,City/Town,Near office complex,Human Error,No,Grievous Injury,Head on,Police / Manual,Straight and flat,City or Town Road,Bitumen(Tar),Dry,Not Applicable,Fine,"Opp. Kodandaramaswamy Temple, Subbayyanapaya",templa,10 mtr,0.0,0.0
Bengaluru City,Banasawadi Traffic PS,1.04432e+16,2018,1,1,Road Accidents,Road hump or Rumble strips,Rural Areas,Residential area,Road Environment Defect,No,Fatal,Skidding or Self accident,Not at  Junction,Hump,City or Town Road,Bitumen(Tar),Dry,Engineering Defect of Road,Fine,BABUSAPLAYA MAIN ROAD,NEAR M M GARDEN 1 ST CROSS,0.5 KM,0.0,0.0
Bengaluru City,Banasawadi Traffic PS,1.04432e+16,2018,1,2,Road Accidents,Other,City/Town,In bazaar,Not Applicable,No,Grievous Injury,Run Off Road,Uncontrolled,Straight and flat,City or Town Road,Bitumen(Tar),Dry,Not Applicable,Fine,Opp Classic Rayal Aparatment Hennuru Main Road,Electripol,8F,0.0,0.0
Bengaluru City,Banasawadi Traffic PS,1.04432e+16,2018,1,2,Road Accidents,Other,City/Town,Near a religious place,Not Applicable,No,Grievous Injury,Head on,Uncontrolled,Straight and flat,City or Town Road,Bitumen(Tar),Dry,Not Applicable,Fine,Opp SBI Bank Kamanahalli Main Road,Electricpol,8F,0.0,0.0
Bengaluru City,Banasawadi Traffic PS,1.04432e+16,2018,1,2,Road Accidents,Other,City/Town,In bazaar,Not Applicable,No,Grievous Injury,Right Turn Collision,Uncontrolled,Straight and flat,City or Town Road,Bitumen(Tar),Dry,Not Applicable,Fine,"Opp Pink Berry Shop,100 Feet road, Banasawadi",Electric pol,9f,0.0,0.0
Bengaluru City,Banasawadi Traffic PS,1.04432e+16,2018,1,2,Road Accidents,Bridge,City/Town,Near Bus stop,Not Applicable,No,Grievous Injury,Rear end,Uncontrolled,Straight and flat,City or Town Road,Bitumen(Tar),Dry,Not Applicable,Fine,Near Keb Junction Nagavar Fly Over,Electric Pol,10F,0.0,0.0
Bengaluru City,Banasawadi Traffic PS,1.04432e+16,2018,1,1,Road Accidents,Narrow road,City/Town,Near Bus stop,Human Error,Yes,Fatal,Hit pedestrian,Not at  Junction,Dip or trough,City or Town Road,Concrete,Dry,Not Applicable,Fog / Mist,OUTER RING ROAD,NEAR BMTC BUS STOP,0.5 KM,0.0,0.0
Bengaluru City,Banasawadi Traffic PS,1.04432e+16,2018,1,1,Rail Road Accidents,Other,City/Town,Near a religious place,Not Applicable,Yes,Grievous Injury,Hit and Run,Uncontrolled,Straight and flat,City or Town Road,Bitumen(Tar),Dry,Not Applicable,Fine,Near Oriyan East Mall Banasawdi Main Road,Electricpol,8F,0.0,0.0
Bengaluru City,Banasawadi Traffic PS,1.04432e+16,2018,1,2,Road Accidents,Other,City/Town,Near a religious place,Not Applicable,Yes,Grievous Injury,Hit and Run,Uncontrolled,Straight and flat,City or Town Road,Bitumen(Tar),Dry,Not Applicable,Fine,Near Anand Adiyar Hotal Nagavara Thanisandar Main Road,Electricpol,8F,0.0,0.0
Bengaluru City,Banasawadi Traffic PS,1.04432e+16,2018,1,1,Road Accidents,Other,City/Town,Near a religious place,Not Applicable,Yes,Grievous Injury,Hit and Run,Uncontrolled,Straight and flat,City or Town Road,Bitumen(Tar),Dry,Not Applicable,Fine,Opp Santhosh Wains Horamavu Agra Main road,Electricpol,5F,0.0,0.0
Bengaluru City,Banasawadi Traffic PS,1.04432e+16,2018,1,2,Road Accidents,Cross roads,City/Town,Near a religious place,Not Applicable,Yes,Grievous Injury,Hit and Run,Uncontrolled,Straight and flat,City or Town Road,Bitumen(Tar),Dry,Not Applicable,Fine,Near Mantri Apartament Hennuru-Baglore Main Road,Electricpol,8F,0.0,0.0
Bengaluru City,Banasawadi Traffic PS,1.04432e+16,2018,1,2,Road Accidents,Bridge,City/Town,Narrow bridge or culverts,Not Applicable,No,Grievous Injury,Right Turn Collision,Uncontrolled,Straight and flat,City or Town Road,Bitumen(Tar),Dry,Not Applicable,Fine,Kalyan Nagar Fly Over Up Ramp Outer Ring Road,Electricpol,8F,0.0,0.0
Bengaluru City,Banasawadi Traffic PS,1.04432e+16,2018,1,1,Road Accidents,Other,City/Town,In bazaar,Not Applicable,No,Grievous Injury,Hit pedestrian,Uncontrolled,Straight and flat,City or Town Road,Bitumen(Tar),Dry,Not Applicable,Fine,"Near  D Gran0d Hotel,100 Feet Road Banasawadi",Electricpol,9F,0.0,0.0
Bengaluru City,Banasawadi Traffic PS,1.04432e+16,2018,1,2,Road Accidents,Cross roads,City/Town,Residential area,Not Applicable,Yes,Grievous Injury,Hit and Run,Uncontrolled,Straight and flat,City or Town Road,Bitumen(Tar),Dry,Not Applicable,Fine,"Near Tirumal Iyangara Bekary,Hennuru Main Road Kacharakanahalli",Elwctric pol,5F,0.0,0.0
Bengaluru City,Banasawadi Traffic PS,1.04432e+16,2018,1,1,Road Accidents,Other,City/Town,In bazaar,Not Applicable,No,Grievous Injury,Hit pedestrian,Uncontrolled,Straight and flat,City or Town Road,Bitumen(Tar),Dry,Not Applicable,Fine,Near Sky Walk Kamanahalli Uoter Ring Road,Electric Pol,5F,0.0,0.0
Bengaluru City,Banasawadi Traffic PS,1.04432e+16,2018,1,2,Road Accidents,Bridge,City/Town,Near Bus stop,Not Applicable,Yes,Grievous Injury,Hit and Run,Uncontrolled,Straight and flat,City or Town Road,Bitumen(Tar),Dry,Not Applicable,Fine,Near Sky Walk Kamanahalli Uoter Ring Road,Ellectric Pol,10F,0.0,0.0
Bengaluru City,Banasawadi Traffic PS,1.04432e+16,2018,1,2,Road Accidents,Bridge,City/Town,Near Bus stop,Not Applicable,No,Simple Injury,Rear end,Uncontrolled,Straight and flat,Service Road,Bitumen(Tar),Dry,Not Applicable,Fine,Opp Service Road Babusapalya Sky Walk outer Ring Road,Electripol,08F,0.0,0.0
Bengaluru City,Banasawadi Traffic PS,1.04432e+16,2018,1,2,Road Accidents,Other,City/Town,In bazaar,Not Applicable,Yes,Grievous Injury,Hit and Run,Uncontrolled,Straight and flat,City or Town Road,Bitumen(Tar),Dry,Not Applicable,Fine,Near Hanest Bekary Neharu Main Road,Electricpol,10F,0.0,0.0
Bengaluru City,Banasawadi Traffic PS,1.04432e+16,2018,1,2,Road Accidents,Other,City/Town,Near a religious place,Not Applicable,No,Grievous Injury,Head on,Uncontrolled,Straight and flat,City or Town Road,Bitumen(Tar),Dry,Not Applicable,Fine,"Near Shiva Temple,Muniyappa Layout, Sarayi Palya",Electricpol,8F,0.0,0.0
Bengaluru City,Banasawadi Traffic PS,1.04432e+16,2018,1,2,Road Accidents,Narrow road,City/Town,Near a recreation place/cinema,Human Error,Yes,Fatal,Hit and Run,Not at  Junction,Not Applicable,City or Town Road,Bitumen(Tar),Dry,Not Applicable,Cloudy,BANASAWADI MAIN ROAD,NEAR ORION MALL,0.5 KM,0.0,0.0
Bengaluru City,Banasawadi Traffic PS,1.04432e+16,2018,1,2,Road Accidents,Circle,City/Town,Near Bus stop,Not Applicable,No,Grievous Injury,Rear end,Controlled,Straight and flat,City or Town Road,Bitumen(Tar),Dry,Not Applicable,Fine,Near Nagavar Singanal Ring Road,Electricpol,5f,0.0,0.0
Bengaluru City,Banasawadi Traffic PS,1.04432e+16,2018,1,2,Road Accidents,Bridge,City/Town,Near School or College,Not Applicable,No,Grievous Injury,Rear end,Uncontrolled,Straight and flat,City or Town Road,Bitumen(Tar),Dry,Not Applicable,Fine,Opp Indo Asian Acadamy College Service Road Kamanahalli,Electric Pol,5F,0.0,0.0
Bengaluru City,Banasawadi Traffic PS,1.04432e+16,2018,1,2,Road Accidents,Curves,City/Town,Residential area,Not Applicable,No,Simple Injury,Rear end,Uncontrolled,Straight and flat,City or Town Road,Bitumen(Tar),Dry,Not Applicable,Fine,Opp Amrtuha Talkis Hennuru Main Road Lingarajapuram,Electricpol,5F,0.0,0.0