DISTRICTNAME,UNITNAME,Crime_No,Year,RI,Noofvehicle_involved,Accident_Classification,Accident_Spot,Accident_Location,Accident_SubLocation,Main_Cause,Hit_Run,Severity,Collision_Type,Junction_Control,Road_Character,Road_Type,Surface_Type,Surface_Condition,Road_Condition,Weather,Accident_Road,Landmark_first,Distance_LandMark_First,Latitude,Longitude
Bengaluru City,Banasawadi Traffic PS,1.04432e+16,2018,1,2,Road Accidents,Other,City/Town,In bazaar,Not Applicable,No,Grievous Injury,Rear end,Uncontrolled,Straight and flat,City or Town Road,Bitumen(Tar),Dry,Not Applicable,Fine,Opp Manjunatha Palace Thanisandra Main Road,Electricalpol,8F,0.0,0.0
Bengaluru City,Banasawadi Traffic PS,1.04432e+16,2018,1,2,Road Accidents,Other,City/Town,Near Petrol Pump,Not Applicable,Yes,Grievous Injury,Hit and Run,Uncontrolled,Straight and flat,City or Town Road,Bitumen(Tar),Dry,Not Applicable,Fine,"Near Barath Petrol Bunk,Thanisandra Main Road",Electricpol,8F,0.0,0.0
Bengaluru City,Banasawadi Traffic PS,1.04432e+16,2018,1,1,Road Accidents,Cross roads,City/Town,At pedestrian Crossing,Not Applicable,No,Grievous Injury,Hit pedestrian,Uncontrolled,Others,City or Town Road,Bitumen(Tar),Dry,Not Applicable,Fine,Opp Meg Gate Nagahain Palya Main Road,Electricpol,5f,0.0,0.0
Bengaluru City,Banasawadi Traffic PS,1.04432e+16,2018,1,1,Road Accidents,Other,City/Town,Near Bus stop,Not Applicable,No,Grievous Injury,Hit pedestrian,Uncontrolled,Straight and flat,City or Town Road,Bitumen(Tar),Dry,Not Applicable,Fine,Near Gunduthopu Bus Stop ring Road,Electripol,5F,0.0,0.0
Bengaluru City,Banasawadi Traffic PS,1.04432e+16,2018,1,1,Road Accidents,Narrow road,City/Town,Residential area,Human Error,No,Grievous Injury,Hit pedestrian,Not at  Junction,Curve,City or Town Road,Bitumen(Tar),Dry,Construction Work / Material,Fine,CHIKKABANASAWADI MAIN ROAD,NEAR NAGAMM TEMPLE,0.5 KM,0.0,0.0
Bengaluru City,Banasawadi Traffic PS,1.04432e+16,2018,1,2,Road Accidents,Bridge,City/Town,Narrow bridge or culverts,Not Applicable,No,Simple Injury,Rear end,Uncontrolled,Straight and flat,City or Town Road,Bitumen(Tar),Dry,Not Applicable,Fine,Near Railway Bridge Geddalahalli Hennuru Main Road,Electric pol,8F,0.0,0.0
Bengaluru City,Banasawadi Traffic PS,1.04432e+16,2018,1,1,Road Accidents,Other,City/Town,Near School or College,Not Applicable,Yes,Grievous Injury,Hit and Run,Uncontrolled,Straight and flat,City or Town Road,Bitumen(Tar),Dry,Not Applicable,Fine,Opp Indian Academy College Hennuru Main Road,Electricpol,8F,0.0,0.0
Bengaluru City,Banasawadi Traffic PS,1.04432e+16,2018,1,2,Road Accidents,Bridge,City/Town,Near Petrol Pump,Not Applicable,No,Damage Only,Right Turn Collision,Uncontrolled,Straight and flat,City or Town Road,Bitumen(Tar),Dry,Not Applicable,Fine,Service Road Outer Ring Road Kamanahalli,Electric pol,5F,0.0,0.0
Bengaluru City,Banasawadi Traffic PS,1.04432e+16,2018,1,2,Road Accidents,Cross roads,City/Town,Residential area,Not Applicable,No,Grievous Injury,Head on,Uncontrolled,Straight and flat,City or Town Road,Bitumen(Tar),Dry,Not Applicable,Fine,Near Madina Tea Stal Telicom Layout Sarayipalya,Electricpol,5f,0.0,0.0
Bengaluru City,Banasawadi Traffic PS,1.04432e+16,2018,1,1,Road Accidents,Bridge,City/Town,Near Bus stop,Not Applicable,No,Grievous Injury,Hit pedestrian,Uncontrolled,Straight and flat,City or Town Road,Bitumen(Tar),Dry,Not Applicable,Fine,Near Bus Stop Maruthi  Seva Nagar Banasawadi Main Road,Electricpol,5F,0.0,0.0
Bengaluru City,Banasawadi Traffic PS,1.04432e+16,2018,1,1,Road Accidents,Junction,City/Town,Near Bus stop,Human Error,Yes,Grievous Injury,Hit and Run,Police / Manual,Not Applicable,City or Town Road,Bitumen(Tar),Dry,Not Applicable,Fine,HENNUR MAIN ROAD,NEAR OIL MILL JN,0.5 KM,0.0,0.0
Bengaluru City,Banasawadi Traffic PS,1.04432e+16,2018,1,2,Road Accidents,Bridge,City/Town,Near Bus stop,Not Applicable,Yes,Grievous Injury,Hit and Run,Uncontrolled,Straight and flat,City or Town Road,Bitumen(Tar),Dry,Not Applicable,Fine,Under Kalyanagar Fly Over,Electric pol,10F,0.0,0.0
Bengaluru City,Banasawadi Traffic PS,1.04432e+16,2018,1,1,Road Accidents,Other,City/Town,Residential area,Not Applicable,No,Grievous Injury,Hit pedestrian,Uncontrolled,Others,City or Town Road,Bitumen(Tar),Dry,Not Applicable,Fine,"Infront Of House No.121,Thuba Layout Sarayipalya",Electricpol,5F,0.0,0.0
Bengaluru City,Banasawadi Traffic PS,1.04432e+16,2018,1,2,Road Accidents,Bridge,City/Town,Near Bus stop,Not Applicable,No,Damage Only,Head on,Uncontrolled,Straight and flat,City or Town Road,Bitumen(Tar),Dry,Not Applicable,Fine,Horamavu Underpass Outer Ring Road,Electricpol,10f,0.0,0.0
Bengaluru City,Banasawadi Traffic PS,1.04432e+16,2018,1,2,Road Accidents,Bridge,City/Town,Near office complex,Not Applicable,No,Grievous Injury,Rear end,Uncontrolled,Straight and flat,City or Town Road,Bitumen(Tar),Dry,Not Applicable,Fine,"Opp Karanatak Bank, Near Babusapalya Bus Stop Ring Road",Electric Pol,5F,0.0,0.0
Bengaluru City,Banasawadi Traffic PS,1.04432e+16,2018,1,1,Road Accidents,Narrow road,City/Town,Residential area,Human Error,No,Fatal,Hit pedestrian,Not at  Junction,Not Applicable,City or Town Road,Bitumen(Tar),Dry,Not Applicable,Fine,HORAMAVU AGARA LAKE ROAD,NEAR ASHWATHKATTE,0.5 KM,0.0,0.0
Bengaluru City,Banasawadi Traffic PS,1.04432e+16,2018,1,1,Road Accidents,Narrow road,City/Town,Near Bus stop,Human Error,No,Fatal,Hit pedestrian,Police / Manual,Others,City or Town Road,Bitumen(Tar),Dry,Construction Work / Material,Fine,HENNUR MAIN ROAD,NEAR BUS STOP,0.5 KM,0.0,0.0
Bengaluru City,Banasawadi Traffic PS,1.04432e+16,2018,1,2,Road Accidents,Cross roads,City/Town,In bazaar,Not Applicable,No,Grievous Injury,Head on,Uncontrolled,Others,Two way,Bitumen(Tar),Dry,Not Applicable,Fine,Near Impiriar Hotel 80 Feet road Kalyanagara Bangalore,Electricpol,8F,0.0,0.0
Bengaluru City,Banasawadi Traffic PS,1.04432e+16,2018,1,1,Road Accidents,Other,City/Town,Near office complex,Not Applicable,No,Grievous Injury,Hit pedestrian,Uncontrolled,Straight and flat,City or Town Road,Bitumen(Tar),Dry,Not Applicable,Fine,Opp Fire Station Banasawadi Main Road,Electricpol,10 F,0.0,0.0
Bengaluru City,Banasawadi Traffic PS,1.04432e+16,2018,1,3,Road Accidents,Bridge,City/Town,Near a religious place,Not Applicable,No,Damage Only,Rear end,Uncontrolled,Straight and flat,City or Town Road,Bitumen(Tar),Dry,Not Applicable,Fine,Near Ganesh Temple Babusapalya Outer Ring Road,Electricpol,8F,0.0,0.0
Bengaluru City,Banasawadi Traffic PS,1.04432e+16,2018,1,2,Road Accidents,Other,City/Town,Near office complex,Not Applicable,Yes,Grievous Injury,Hit and Run,Uncontrolled,Straight and flat,City or Town Road,Bitumen(Tar),Dry,Not Applicable,Fine,"Opp BBMP Office Jayanthi Nagar, Horamavu Main road",Electric pol,9F,0.0,0.0
Bengaluru City,Banasawadi Traffic PS,1.04432e+16,2018,1,2,Road Accidents,Other,City/Town,Near School or College,Not Applicable,Yes,Grievous Injury,Hit and Run,Uncontrolled,Straight and flat,City or Town Road,Bitumen(Tar),Dry,Not Applicable,Fine,"Opp Royal Concord School Ground, Challakere",Electric pol,9f,0.0,0.0
Bengaluru City,Banasawadi Traffic PS,1.04432e+16,2018,1,1,Road Accidents,Cross roads,City/Town,Residential area,Not Applicable,Yes,Grievous Injury,Hit and Run,Uncontrolled,Straight and flat,City or Town Road,Bitumen(Tar),Dry,Not Applicable,Fine,"Near Shanimahatma Temple,7th Main,4th BLK HBR Layout",Electricpol,8F,0.0,0.0
Bengaluru City,Banasawadi Traffic PS,1.04432e+16,2018,1,1,Road Accidents,Other,City/Town,Near Bus stop,Not Applicable,Yes,Grievous Injury,Hit and Run,Uncontrolled,Straight and flat,City or Town Road,Bitumen(Tar),Dry,Not Applicable,Fine,OppBabusapalya Bus Stop outer Ring Road,Bus Stop,5F,0.0,0.0
Bengaluru City,Banasawadi Traffic PS,1.04432e+16,2018,1,1,Road Accidents,T Junction,City/Town,Near Bus stop,Road Environment Defect,Yes,Fatal,Hit pedestrian,Police / Manual,Incline,City or Town Road,Bitumen(Tar),Dry,Construction Work / Material,Cloudy,"service road, kammanahalli",near coffee day,0.5 km,0.0,0.0
Bengaluru City,Banasawadi Traffic PS,1.04432e+16,2018,1,2,Road Accidents,Other,City/Town,In bazaar,Not Applicable,No,Damage Only,Side swipe,Uncontrolled,Straight and flat,City or Town Road,Bitumen(Tar),Dry,Not Applicable,Fine,Near Lee showroom Kalyananagr Service Road,Electric Pol,5F,0.0,0.0
Bengaluru City,Banasawadi Traffic PS,1.04432e+16,2018,1,1,Road Accidents,Bridge,City/Town,Near Bus stop,Not Applicable,No,Simple Injury,Hit pedestrian,Uncontrolled,Straight and flat,City or Town Road,Bitumen(Tar),Dry,Not Applicable,Fine,Opp Hennuru Bus Stop outer Ring Road,Electric pol,35F,0.0,0.0
Bengaluru City,Banasawadi Traffic PS,1.04432e+16,2018,1,2,Road Accidents,Bridge,City/Town,In bazaar,Not Applicable,No,Grievous Injury,Rear end,Uncontrolled,Straight and flat,City or Town Road,Bitumen(Tar),Dry,Not Applicable,Fine,Near Sky Walk Kamanahalli Uoter Ring Road,Electric Pol,10F,0.0,0.0
Bengaluru City,Banasawadi Traffic PS,1.04432e+16,2018,1,1,Road Accidents,Circle,City/Town,In bazaar,Human Error,Yes,Simple Injury,Hit pedestrian,No signal lights,Others,City or Town Road,Bitumen(Tar),Dry,Not Applicable,Fine,NEHRU MAIN ROAD,NEAR KULLAPPA CIRCLE,0.5 KM,0.0,0.0
Bengaluru City,Banasawadi Traffic PS,1.04432e+16,2018,1,1,Road Accidents,Other,City/Town,Narrow bridge or culverts,Not Applicable,No,Grievous Injury,Hit pedestrian,Uncontrolled,Straight and flat,Village Road,Bitumen(Tar),Dry,Not Applicable,Fine,Opp Briged Supere Market K Narayanapur Cross Hennuru-Bagalore,Electripol,8F,0.0,0.0
Bengaluru City,Banasawadi Traffic PS,1.04432e+16,2018,1,2,Road Accidents,Other,City/Town,Near a religious place,Not Applicable,Yes,Simple Injury,Hit and Run,Uncontrolled,Straight and flat,City or Town Road,Bitumen(Tar),Dry,Not Applicable,Fine,Near Chennakesavaswamy Temple Hennuru Main Road,Electricpol,8F,0.0,0.0
Bengaluru City,Banasawadi Traffic PS,1.04432e+16,2018,1,1,Road Accidents,Other,City/Town,Near a religious place,Not Applicable,No,Grievous Injury,Hit and Run,Uncontrolled,Straight and flat,City or Town Road,Bitumen(Tar),Dry,Not Applicable,Fine,Opp Eliment Mall Thanisandra Main Road,Electricpol,8F,0.0,0.0
Bengaluru City,Banasawadi Traffic PS,1.04432e+16,2018,1,1,Road Accidents,Bridge,City/Town,Near office complex,Not Applicable,Yes,Grievous Injury,Hit and Run,Uncontrolled,Straight and flat,City or Town Road,Bitumen(Tar),Dry,Not Applicable,Fine,Opp Reliance Super Market Jai Bartha Nagar Banasawadi Main Road,Electricpol,8F,0.0,0.0
Bengaluru City,Banasawadi Traffic PS,1.04432e+16,2018,1,2,Road Accidents,Other,City/Town,Residential area,Not Applicable,Yes,Grievous Injury,Hit and Run,Uncontrolled,Straight and flat,City or Town Road,Bitumen(Tar),Dry,Not Applicable,Fine,Opp Santhosh Wains Horamavu Agra Main road,Electricpol,8F,0.0,0.0
Bengaluru City,Banasawadi Traffic PS,1.04432e+16,2018,1,2,Road Accidents,Circle,City/Town,Residential area,Not Applicable,No,Simple Injury,Hit bicyclist,Uncontrolled,Straight and flat,Two way,Bitumen(Tar),Dry,Not Applicable,Fine,"Opp Tender Chikanna,Kullappa Circle, Neharu Road Kamanahalli",Electric pol,8F,0.0,0.0
Bengaluru City,Banasawadi Traffic PS,1.04432e+16,2018,1,5,Road Accidents,Other,City/Town,Narrow bridge or culverts,Not Applicable,No,Simple Injury,Others,Uncontrolled,Straight and flat,City or Town Road,Bitumen(Tar),Dry,Not Applicable,Fine,Near Motar Bike Servise Gyarej Kacharakanahalli,Electric pol,8F,0.0,0.0
Bengaluru City,Banasawadi Traffic PS,1.04432e+16,2018,1,2,Rail Road Accidents,Other,City/Town,Near School or College,Not Applicable,No,Grievous Injury,Head on,Uncontrolled,Straight and flat,City or Town Road,Bitumen(Tar),Dry,Not Applicable,Fine,"Near AKR Memoriyal School, Horamavu Main Road",Electricpol,8F,0.0,0.0
Bengaluru City,Banasawadi Traffic PS,1.04432e+16,2018,1,1,Road Accidents,Narrow road,City/Town,Near Hospital,Not Applicable,Yes,Fatal,Hit pedestrian,Not at  Junction,Others,City or Town Road,Bitumen(Tar),Dry,Not Applicable,Fine,HENNUR MAIN ROAD,NAER MANJUNATHA BAR AND RESTAURENT,0.5 KM,0.0,0.0
Bengaluru City,Banasawadi Traffic PS,1.04432e+16,2018,1,2,Road Accidents,Curves,City/Town,Open area,Human Error,Yes,Fatal,Overturning,Not at  Junction,Sharp Curve,Sub Arterial,Bitumen(Tar),Dry,Not Applicable,Fine,HORAMAVU AGARA LAKE,NEAR LAKE,0.5 KM,0.0,0.0
Bengaluru City,Banasawadi Traffic PS,1.04432e+16,2018,1,2,Road Accidents,Narrow road,City/Town,Near office complex,Human Error,No,Grievous Injury,Head on,Police / Manual,Straight and flat,City or Town Road,Bitumen(Tar),Dry,Not Applicable,Fine,OUTER RING ROAD,FOREST OFFICE,25 MTR,0.0,0.0
Bengaluru City,Banasawadi Traffic PS,1.04432e+16,2018,1,2,Road Accidents,Bridge,City/Town,Near Bus stop,Not Applicable,Yes,Grievous Injury,Hit and Run,Uncontrolled,Straight and flat,City or Town Road,Bitumen(Tar),Dry,Not Applicable,Fine,Near Kamanahalli Sky Walk Outer Ring Road,Electric pol,5F,0.0,0.0
Bengaluru City,Banasawadi Traffic PS,1.04432e+16,2018,1,1,Road Accidents,Bridge,City/Town,Near Bus stop,Not Applicable,Yes,Grievous Injury,Hit and Run,Uncontrolled,Straight and flat,City or Town Road,Bitumen(Tar),Dry,Not Applicable,Fine,Near Bus Stop Babuasapalya Uoter Ring Road,Electricpol,8F,0.0,0.0
Bengaluru City,Banasawadi Traffic PS,1.04432e+16,2018,1,2,Road Accidents,Cross roads,City/Town,Near office complex,Not Applicable,Yes,Grievous Injury,Hit and Run,Uncontrolled,Straight and flat,City or Town Road,Bitumen(Tar),Dry,Not Applicable,Fine,Opp Cyndicate Bank Thanisandra Main Road,Electricpol,8F,0.0,0.0
Bengaluru City,Banasawadi Traffic PS,1.04432e+16,2018,1,2,Road Accidents,Bridge,City/Town,Narrow bridge or culverts,Not Applicable,No,Grievous Injury,Hit and Run,Uncontrolled,Straight and flat,City or Town Road,Bitumen(Tar),Dry,Not Applicable,Fine,Hennuru Under Pass Outer Ring Road,Electricpol,10F,0.0,0.0
Bengaluru City,Banasawadi Traffic PS,1.04432e+16,2018,1,2,Road Accidents,Other,City/Town,Residential area,Not Applicable,No,Damage Only,Rear end,Uncontrolled,Straight and flat,City or Town Road,Bitumen(Tar),Dry,Not Applicable,Fine,Near hennuru Bande  hennuru cross,Electricpol,8F,0.0,0.0
Bengaluru City,Banasawadi Traffic PS,1.04432e+16,2018,1,1,Road Accidents,Other,City/Town,Near Petrol Pump,Not Applicable,No,Grievous Injury,Hit pedestrian,Uncontrolled,Straight and flat,City or Town Road,Bitumen(Tar),Dry,Not Applicable,Fine,"Opp Petrol Bunk,Kamanahalli Main Road, Kamanahalli",Electric pol,8F,0.0,0.0
Bengaluru City,Banasawadi Traffic PS,1.04432e+16,2018,1,2,Road Accidents,Bridge,City/Town,Narrow bridge or culverts,Not Applicable,Yes,Grievous Injury,Hit and Run,Uncontrolled,Straight and flat,City or Town Road,Bitumen(Tar),Dry,Not Applicable,Fine,"Near Water Tanker, Hennuru Servece Road",Electric pol,5F,0.0,0.0
Bengaluru City,Banasawadi Traffic PS,1.04432e+16,2018,1,2,Road Accidents,Narrow road,City/Town,Near a recreation place/cinema,Human Error,No,Fatal,Head on,Not at  Junction,Others,City or Town Road,Bitumen(Tar),Dry,Pot holed,Cloudy,BANASAWADI MAIN ROAD,NEAR ORION MALL,0.5 KM,0.0,0.0
Bengaluru City,Banasawadi Traffic PS,1.04432e+16,2018,1,2,Road Accidents,Other,City/Town,Near a religious place,Not Applicable,Yes,Grievous Injury,Hit and Run,Uncontrolled,Straight and flat,City or Town Road,Bitumen(Tar),Dry,Not Applicable,Fine,Opp D Grand Hotel 100 Feet Road Banasawadai Bangalore,Electricpol,8F,0.0,0.0
Bengaluru City,Banasawadi Traffic PS,1.04432e+16,2018,1,2,Road Accidents,Other,City/Town,Residential area,Not Applicable,No,Grievous Injury,Head on,Uncontrolled,Straight and flat,City or Town Road,Bitumen(Tar),Dry,Not Applicable,Fine,"Opp Banasawadi Club,80 Feet Road Kalyanagar",Electricpol,8F,0.0,0.0
Bengaluru City,Banasawadi Traffic PS,1.04432e+16,2019,1,2,Road Accidents,Other,City/Town,Residential area,Not Applicable,No,Grievous Injury,Side impact or Right angle,Uncontrolled,Straight and flat,City or Town Road,Bitumen(Tar),Dry,Not Applicable,Fine,"Opp 7  Plates Hotel,5th Main Hbr Layout, Kalyana Nagar",Electric pol,8F,0.0,0.0
Bengaluru City,Banasawadi Traffic PS,1.04432e+16,2019,1,2,Road Accidents,Junction,City/Town,In bazaar,Not Applicable,Yes,Grievous Injury,Hit and Run,Uncontrolled,Straight and flat,City or Town Road,Bitumen(Tar),Others,Not Applicable,Fine,"Opp Biriyani Paradais, Neharu Main Road",Electric pol,8F,0.0,0.0
Bengaluru City,Banasawadi Traffic PS,1.04432e+16,2019,1,2,Road Accidents,Junction,City/Town,In bazaar,Human Error,No,Grievous Injury,Vehicle to Vehicle,Police / Manual,Straight and flat,Two way,Bitumen(Tar),Dry,Not Applicable,Fine,BANASAWADI MAIN ROAD,Street Light,10 ft,0.0,0.0
Bengaluru City,Banasawadi Traffic PS,1.04432e+16,2019,1,1,Road Accidents,Not Applicable,City/Town,Near Petrol Pump,Human Error,No,Grievous Injury,Not Applicable,Not at  Junction,Straight and flat,Two way,Bitumen(Tar),Dry,Not Applicable,Fine,HENNUR MAIN ROAD,Electric Pole,15 FT,0.0,0.0
Bengaluru City,Banasawadi Traffic PS,1.04432e+16,2019,1,2,Road Accidents,Junction,City/Town,Near School or College,Human Error,Yes,Simple Injury,Vehicle to Vehicle,Police / Manual,Straight and flat,Two way,Bitumen(Tar),Dry,Not Applicable,Fine,Hennur Main Road,Light Pole,10 mtr,0.0,0.0
Bengaluru City,Banasawadi Traffic PS,1.04432e+16,2019,1,2,Road Accidents,Junction,City/Town,In bazaar,Human Error,No,Simple Injury,Vehicle to Vehicle,Police / Manual,Straight and flat,Two way,Bitumen(Tar),Dry,Not Applicable,Fine,BYAPPANAHLLI MAIN ROAD,Electric pol,10 FT,0.0,0.0
Bengaluru City,Banasawadi Traffic PS,1.04432e+16,2019,1,3,Road Accidents,Junction,City/Town,In bazaar,Human Error,No,Simple Injury,Vehicle to Vehicle,Police / Manual,Straight and flat,Two way,Bitumen(Tar),Dry,Not Applicable,Fine,"KALYANA MANTAPA THANISANDRA MAIN ROAD, SRARYIPALYA",Electric pol,5 FT,0.0,0.0
Bengaluru City,Banasawadi Traffic PS,1.04432e+16,2019,1,1,Road Accidents,Junction,City/Town,Near Bus stop,Human Error,No,Simple Injury,Hit pedestrian,Police / Manual,Straight and flat,Two way,Bitumen(Tar),Dry,Not Applicable,Fine,"NEAR NAVAJEEVAN ASHRAMA,OUTER RING ROAD, HENNUR",NAVAJEEVAN ASHRAM,10FT,0.0,0.0
Bengaluru City,Banasawadi Traffic PS,1.04432e+16,2019,1,1,Road Accidents,Narrow road,City/Town,Near office complex,Human Error,No,Damage Only,Hit fixed object,Not at  Junction,Curve,City or Town Road,Concrete,Dry,Not Applicable,Cloudy,OUTER RING ROAD,NEAR BHEEMA JEWELLERS,0.5 KM,0.0,0.0
Bengaluru City,Banasawadi Traffic PS,1.04432e+16,2019,1,1,Road Accidents,Bridge,City/Town,Near Bus stop,Not Applicable,Yes,Simple Injury,Hit and Run,Uncontrolled,Straight and flat,City or Town Road,Bitumen(Tar),Others,Not Applicable,Fine,"Near Hennuru Bus Stop, Outer Ring Road",Electric pol,10F,0.0,0.0
Bengaluru City,Banasawadi Traffic PS,1.04432e+16,2019,1,2,Road Accidents,Other,City/Town,Near a recreation place/cinema,Not Applicable,Yes,Grievous Injury,Hit and Run,Uncontrolled,Straight and flat,City or Town Road,Bitumen(Tar),Others,Not Applicable,Fine,"Opp Raja Rani Convencen Hall, Kamanahalli Main Road",Electricpol,8F,0.0,0.0
Bengaluru City,Banasawadi Traffic PS,1.04432e+16,2019,1,1,Road Accidents,Not Applicable,City/Town,Near Bus stop,Human Error,No,Grievous Injury,Hit bicyclist,Not at  Junction,Straight and flat,Others,Bitumen(Tar),Dry,Not Applicable,Fine,OPP MLA OFFICE BANASAWADI MAIN ROAD.,LIGHT POLE,10F,0.0,0.0
Bengaluru City,Banasawadi Traffic PS,1.04432e+16,2019,1,3,Road Accidents,Junction,City/Town,In bazaar,Human Error,Yes,Fatal,Vehicle to Vehicle,Police / Manual,Straight and flat,Two way,Bitumen(Tar),Dry,Not Applicable,Fine,Horamavu Main Road,Street Light,15 mtr,0.0,0.0
Bengaluru City,Banasawadi Traffic PS,1.04432e+16,2019,1,2,Road Accidents,Junction,City/Town,Near office complex,Human Error,No,Simple Injury,Vehicle to Vehicle,Police / Manual,Straight and flat,Two way,Bitumen(Tar),Dry,Not Applicable,Fine,"80 FT ROAD, KALYAN NAGAR",STREET LIGHT,15 MTR,0.0,0.0
Bengaluru City,Banasawadi Traffic PS,1.04432e+16,2019,1,2,Road Accidents,Junction,City/Town,Near Bus stop,Human Error,No,Damage Only,Vehicle to Vehicle,Police / Manual,Straight and flat,Two way,Bitumen(Tar),Dry,Not Applicable,Fine,"17TH CROSS, 5TH BLOCK, BHRATH GAS AGENCY, NEAR KEB",NEAR BUS STOP,10FT,0.0,0.0
Bengaluru City,Banasawadi Traffic PS,1.04432e+16,2019,1,1,Road Accidents,Cross roads,City/Town,In bazaar,Not Applicable,Yes,Grievous Injury,Hit and Run,Uncontrolled,Straight and flat,City or Town Road,Bitumen(Tar),Others,Not Applicable,Fine,"Opp D Mart, Hennuru Main Road",Electricpol,8F,0.0,0.0
Bengaluru City,Banasawadi Traffic PS,1.04432e+16,2019,1,1,Road Accidents,Curves,City/Town,Residential area,Human Error,No,Fatal,Hit pedestrian,Not at  Junction,Curve,City or Town Road,Concrete,Dry,Not Applicable,Fine,"10 TH CROSS, KSFC LAYOUT",NEAR KARUMARIAMMA TEMPLE,0.5 KM,0.0,0.0
Bengaluru City,Banasawadi Traffic PS,1.04432e+16,2019,1,2,Road Accidents,Junction,City/Town,Near office complex,Human Error,No,Grievous Injury,Vehicle to Vehicle,Police / Manual,Straight and flat,Two way,Bitumen(Tar),Dry,Not Applicable,Fine,"OPP TO FIRE FORCE STATION, BANASAWADI MAIN ROAD",Electric Pole,10F,0.0,0.0
Bengaluru City,Banasawadi Traffic PS,1.04432e+16,2019,1,2,Road Accidents,Railway crossing,City/Town,Open area,Human Error,No,Grievous Injury,Vehicle to Vehicle,Police / Manual,Straight and flat,Two way,Bitumen(Tar),Dry,Not Applicable,Cloudy,"NEAR GEDDALAHALLI RAILWAY BRIDGE, HENNUR BAGALURU MAIN ROAD",RAILWAY BRIDGE,25FT,0.0,0.0
Bengaluru City,Banasawadi Traffic PS,1.04432e+16,2019,1,2,Road Accidents,Not Applicable,Rural Areas,Near Bus stop,Human Error,No,Damage Only,Vehicle to Vehicle,Uncontrolled,Straight and flat,Others,Bitumen(Tar),Dry,No influence on accident,Fine,OUTER RING ROAD,NEAR TREE,5 FEET,0.0,0.0
Bengaluru City,Banasawadi Traffic PS,1.04432e+16,2019,1,2,Road Accidents,Junction,City/Town,Near a religious place,Human Error,Yes,Grievous Injury,Vehicle to Vehicle,Police / Manual,Straight and flat,Two way,Bitumen(Tar),Dry,Not Applicable,Fine,Kammanahalli Main Road,Temple,20 ft,0.0,0.0
Bengaluru City,Banasawadi Traffic PS,1.04432e+16,2019,1,2,Not Applicable,Circle,City/Town,Open area,Human Error,Yes,Grievous Injury,Vehicle to Vehicle,Police / Manual,Straight and flat,Two way,Bitumen(Tar),Dry,Not Applicable,Flooding of Slipways/Rivulets,"NEAR GEDDALAHALLI DODDMORI, HENNUR BAGALURU MAIN ROAD",LIGHT POLE,5FT,0.0,0.0
Bengaluru City,Banasawadi Traffic PS,1.04432e+16,2019,1,2,Road Accidents,Junction,City/Town,Near Bus stop,Human Error,Yes,Grievous Injury,Vehicle to Vehicle,Police / Manual,Straight and flat,Two way,Bitumen(Tar),Dry,Not Applicable,Fine,KAMMANAHALLI MAIN ROAD,STREET LIGHT,10 MTR,0.0,0.0
Bengaluru City,Banasawadi Traffic PS,1.04432e+16,2019,1,2,Road Accidents,Circle,City/Town,Near Bus stop,Human Error,No,Simple Injury,Vehicle to Vehicle,Police / Manual,Straight and flat,Two way,Bitumen(Tar),Dry,Not Applicable,Fine,"NEAR BABUSABPALYA BUS STOP, OUTER RING ROAD",BMTC BUS STOP,15 FT,0.0,0.0
Bengaluru City,Banasawadi Traffic PS,1.04432e+16,2019,1,2,Road Accidents,Other,City/Town,Residential area,Not Applicable,No,Damage Only,Rear end,Uncontrolled,Straight and flat,Residential Street,Bitumen(Tar),Dry,Not Applicable,Fine,"House No.160/2,Rama Nilaya Gandhi Road, Kamanahalli",ElectricPol,10F,0.0,0.0
Bengaluru City,Banasawadi Traffic PS,1.04432e+16,2019,1,3,Road Accidents,Junction,City/Town,Near office complex,Not Applicable,Yes,Grievous Injury,Vehicle to Vehicle,Police / Manual,Straight and flat,Two way,Bitumen(Tar),Dry,Not Applicable,Fine,"Near Forest Office, Outer Ring Road",Electric pol,10F,0.0,0.0
Bengaluru City,Banasawadi Traffic PS,1.04432e+16,2019,1,2,Road Accidents,Circle,City/Town,Narrow bridge or culverts,Not Applicable,Yes,Grievous Injury,Hit and Run,Uncontrolled,Straight and flat,City or Town Road,Bitumen(Tar),Dry,Not Applicable,Fine,"Near Horamavu Singal, Outer Ring Road",Electric pol,10F,0.0,0.0
Bengaluru City,Banasawadi Traffic PS,1.04432e+16,2019,1,1,Road Accidents,Curves,City/Town,Narrow bridge or culverts,Human Error,Not Applicable,Damage Only,Hit fixed object,Not at  Junction,Curve,City or Town Road,Bitumen(Tar),Dry,Not Applicable,Fog / Mist,"OUTER RING ROAD, HENNUR UNDERPASS",NEAR UNDERPASS,0.5 KM,0.0,0.0
Bengaluru City,Banasawadi Traffic PS,1.04432e+16,2019,1,1,Road Accidents,Not Applicable,City/Town,Near School or College,Human Error,Yes,Grievous Injury,Hit pedestrian,Not Applicable,Straight and flat,Two way,Bitumen(Tar),Dry,Not Applicable,Fine,OPP ST. JOTS CHARCH BYAPPANAHALLI MAIN ROAD MARUTHI SEVANAGARA,STREET LIGHT,10F,0.0,0.0
Bengaluru City,Banasawadi Traffic PS,1.04432e+16,2019,1,2,Road Accidents,Junction,City/Town,Near a religious place,Human Error,No,Simple Injury,Vehicle to Vehicle,Police / Manual,Straight and flat,Two way,Bitumen(Tar),Dry,Not Applicable,Fine,DODDABANASAWADI,STREET LIGHT,10 MTR,0.0,0.0
Bengaluru City,Banasawadi Traffic PS,1.04432e+16,2019,1,2,Road Accidents,Junction,City/Town,In bazaar,Human Error,No,Simple Injury,Vehicle to Vehicle,Police / Manual,Straight and flat,Two way,Bitumen(Tar),Dry,Not Applicable,Fine,HORAMAVU AGARA,STREET LIGHT,15 MTR,0.0,0.0