DISTRICTNAME,UNITNAME,Crime_No,Year,RI,Noofvehicle_involved,Accident_Classification,Accident_Spot,Accident_Location,Accident_SubLocation,Main_Cause,Hit_Run,Severity,Collision_Type,Junction_Control,Road_Character,Road_Type,Surface_Type,Surface_Condition,Road_Condition,Weather,Accident_Road,Landmark_first,Distance_LandMark_First,Latitude,Longitude
Bengaluru City,Banasawadi Traffic PS,1.04432e+16,2019,1,2,Road Accidents,Junction,City/Town,Near Petrol Pump,Human Error,Yes,Grievous Injury,Vehicle to Vehicle,Police / Manual,Straight and flat,Two way,Bitumen(Tar),Dry,Not Applicable,Fine,THANISANDRA MAIN ROAD,STREET LIGHT,15 MTR,0.0,0.0
Bengaluru City,Banasawadi Traffic PS,1.04432e+16,2019,1,2,Road Accidents,Junction,City/Town,In bazaar,Human Error,No,Simple Injury,Vehicle to Vehicle,Police / Manual,Straight and flat,Two way,Bitumen(Tar),Dry,Not Applicable,Fine,"Nehru Road, Kammanahlli",Street Light,15 Mtr,0.0,0.0
Bengaluru City,Banasawadi Traffic PS,1.04432e+16,2019,1,2,Road Accidents,Junction,City/Town,Near office complex,Human Error,No,Grievous Injury,Vehicle to Vehicle,Police / Manual,Straight and flat,Two way,Bitumen(Tar),Dry,Not Applicable,Fine,"890 FT RAOD, KALYAN NAGAR",STREET POLE,20 FT,0.0,0.0
Bengaluru City,Banasawadi Traffic PS,1.04432e+16,2019,1,2,Road Accidents,Curves,City/Town,Residential area,Not Applicable,Not Applicable,Fatal,Vehicle to Vehicle,Police / Manual,Curve,Residential Street,Bitumen(Tar),Dry,Pot holed,Clear,HENNURU MAIN ROAD,BUS STOP,3 KM,0.0,0.0
Bengaluru City,Banasawadi Traffic PS,1.04432e+16,2019,1,1,Road Accidents,Circle,City/Town,Near a recreation place/cinema,Human Error,No,Grievous Injury,Vehicle to Vehicle,Police / Manual,Straight and flat,Two way,Bitumen(Tar),Dry,Not Applicable,Fine,"OPP.AREBIYAN HOTSPOT HOTEL, SARISTA CIRCLE, CMR ROAD",Electricpol,10 FT,0.0,0.0
Bengaluru City,Banasawadi Traffic PS,1.04432e+16,2019,1,2,Road Accidents,Cross roads,City/Town,Near a religious place,Not Applicable,No,Grievous Injury,Head on,Uncontrolled,Straight and flat,City or Town Road,Bitumen(Tar),Dry,Not Applicable,Fine,"Opp Ayyappa Temple,Banasawadi Main Road",Electric Plo,8F,0.0,0.0
Bengaluru City,Banasawadi Traffic PS,1.04432e+16,2019,1,1,Road Accidents,Narrow road,City/Town,Near Bus stop,Human Error,No,Fatal,Hit pedestrian,No signal lights,Straight and flat,City or Town Road,Concrete,Others,Not Applicable,Fine,OUTER RING ROAD,NEAR GUNDUTHOPU BUS STOP,0.5 KM,0.0,0.0
Bengaluru City,Banasawadi Traffic PS,1.04432e+16,2019,1,1,Road Accidents,Bridge,City/Town,Near Bus stop,Not Applicable,Yes,Grievous Injury,Hit and Run,Uncontrolled,Straight and flat,City or Town Road,Bitumen(Tar),Others,Not Applicable,Fine,Near Babusapalya Bus Stop Outer Rin Road,Electric pol,10F,0.0,0.0
Bengaluru City,Banasawadi Traffic PS,1.04432e+16,2019,1,2,Road Accidents,Junction,City/Town,Near Petrol Pump,Human Error,No,Simple Injury,Vehicle to Vehicle,Police / Manual,Straight and flat,Two way,Bitumen(Tar),Dry,Not Applicable,Fine,"NEAR BHARATH PETROL BANK, HENNUR CROSS",Electric pol,10 FT,0.0,0.0
Bengaluru City,Banasawadi Traffic PS,1.04432e+16,2019,1,2,Road Accidents,Junction,City/Town,Open area,Human Error,No,Damage Only,Vehicle to Vehicle,Not at  Junction,Straight and flat,Service Road,Bitumen(Tar),Dry,Not Applicable,Fine,"NEAR NAGAVARA SIGNAL, NAGAVARA SERVICE ROAD",IMAGE DIOGNOTIC CENTER,10F,0.0,0.0
Bengaluru City,Banasawadi Traffic PS,1.04432e+16,2019,1,1,Road Accidents,Not Applicable,City/Town,Residential area,Not Applicable,Not Applicable,Fatal,Not Applicable,Police / Manual,Slight Curve,Two way,Bitumen(Tar),Dry,Not Applicable,Clear,NO,NEAR SATHYA NAGAR PLAGROUND,3 KM,0.0,0.0
Bengaluru City,Banasawadi Traffic PS,1.04432e+16,2019,1,1,Road Accidents,Bridge,City/Town,Near Bus stop,Not Applicable,No,Grievous Injury,Hit pedestrian,Uncontrolled,Straight and flat,City or Town Road,Bitumen(Tar),Dry,Not Applicable,Fine,Near  Hennuru Bus Stop Outer Ring Road,Electric pol,8F,0.0,0.0
Bengaluru City,Banasawadi Traffic PS,1.04432e+16,2019,1,2,Road Accidents,Other,City/Town,Near a religious place,Not Applicable,No,Grievous Injury,Head on,Uncontrolled,Straight and flat,City or Town Road,Bitumen(Tar),Dry,Not Applicable,Fine,"Near Channakesava Temple, Hennuru Main Road",Electric pol,10F,0.0,0.0
Bengaluru City,Banasawadi Traffic PS,1.04432e+16,2019,1,2,Road Accidents,Circle,City/Town,Narrow bridge or culverts,Not Applicable,Yes,Grievous Injury,Hit and Run,Uncontrolled,Straight and flat,City or Town Road,Bitumen(Tar),Dry,Not Applicable,Fine,Horamavu Junction Outer Ring Road,Electric pol,8F,0.0,0.0
Bengaluru City,Banasawadi Traffic PS,1.04432e+16,2019,1,2,Road Accidents,Circle,City/Town,Near office complex,Human Error,No,Grievous Injury,Vehicle to Vehicle,Not Applicable,Straight and flat,Two way,Bitumen(Tar),Dry,Not Applicable,Fine,"NEAR D MART, HENNURU BAGALURU MAIN ROAD BANGALURU",LIGHT POLE,10F,0.0,0.0
Bengaluru City,Banasawadi Traffic PS,1.04432e+16,2019,1,2,Road Accidents,Junction,City/Town,Near office complex,Human Error,No,Grievous Injury,Vehicle to Vehicle,Police / Manual,Straight and flat,Two way,Bitumen(Tar),Dry,Not Applicable,Fine,"80 FT ROAD, SUBBANAPALYA",TREE,10 MTR,0.0,0.0
Bengaluru City,Banasawadi Traffic PS,1.04432e+16,2019,1,2,Road Accidents,Junction,City/Town,Near Bus stop,Human Error,No,Simple Injury,Vehicle to Vehicle,Police / Manual,Straight and flat,Two way,Bitumen(Tar),Dry,Not Applicable,Cloudy,"NEAR HORAMAVU BRIDGE OUTER RING ROAD,",Electric pol,10 FT,0.0,0.0
Bengaluru City,Banasawadi Traffic PS,1.04432e+16,2019,1,2,Road Accidents,Junction,City/Town,Near office complex,Human Error,Yes,Grievous Injury,Vehicle to Vehicle,Police / Manual,Straight and flat,Two way,Bitumen(Tar),Dry,Not Applicable,Fine,KAMMANAHALLI ROAD,STREET LIGHT,10 MTR,0.0,0.0
Bengaluru City,Banasawadi Traffic PS,1.04432e+16,2019,1,1,Road Accidents,Narrow road,City/Town,Near office complex,Human Error,Yes,Fatal,Hit and Run,Not Applicable,Others,City or Town Road,Bitumen(Tar),Dry,Not Applicable,Cloudy,BANASAWADI MAIN ROAD,NEAR FIRE FORCE,0.5 KM,13.010377,77.645086
Bengaluru City,Banasawadi Traffic PS,1.04432e+16,2019,1,1,Road Accidents,Bridge,City/Town,Near Bus stop,Human Error,No,Fatal,Hit pedestrian,No signal lights,Others,City or Town Road,Concrete,Dry,Not Applicable,Cloudy,OUTER RING ROAD,NEAR NAVAJEEVANA ASHRAMA,0.5 KM,0.0,0.0
Bengaluru City,Banasawadi Traffic PS,1.04432e+16,2019,1,2,Road Accidents,Junction,City/Town,In bazaar,Human Error,Yes,Grievous Injury,Vehicle to Vehicle,Police / Manual,Straight and flat,Two way,Bitumen(Tar),Dry,Not Applicable,Fine,HENNUR MAIN ROAD,Electric Pole,10FT,0.0,0.0
Bengaluru City,Banasawadi Traffic PS,1.04432e+16,2019,1,1,Road Accidents,Junction,City/Town,Near School or College,Human Error,No,Grievous Injury,Hit pedestrian,Police / Manual,Straight and flat,Two way,Bitumen(Tar),Dry,Not Applicable,Fine,OPP INDIAN ACADEMY COLLEGE HENNUR MAIN ROAD,INDIAN ACADEMY COLLEGE,15FT,0.0,0.0
Bengaluru City,Banasawadi Traffic PS,1.04432e+16,2019,1,1,Road Accidents,Junction,City/Town,Near a religious place,Human Error,No,Grievous Injury,Hit pedestrian,Police / Manual,Straight and flat,Two way,Bitumen(Tar),Dry,Not Applicable,Fine,RS PALYA,STREET LIGHT,10 MTR,0.0,0.0
Bengaluru City,Banasawadi Traffic PS,1.04432e+16,2019,1,2,Road Accidents,Bridge,City/Town,Narrow bridge or culverts,Not Applicable,No,Grievous Injury,Rear end,Uncontrolled,Straight and flat,City or Town Road,Bitumen(Tar),Others,Not Applicable,Fine,"On Lingarajappa Fly Over, Hennuru Main Road",Electric pol,10F,0.0,0.0
Bengaluru City,Banasawadi Traffic PS,1.04432e+16,2019,1,1,Road Accidents,Junction,City/Town,Near Bus stop,Human Error,No,Grievous Injury,Hit pedestrian,Police / Manual,Straight and flat,Two way,Bitumen(Tar),Dry,Not Applicable,Fine,HORAMAVU MAIN ROAD,STREET LIGHT,10 MTR,0.0,0.0
Bengaluru City,Banasawadi Traffic PS,1.04432e+16,2019,1,1,Road Accidents,Junction,City/Town,Residential area,Human Error,Yes,Grievous Injury,Hit pedestrian,Police / Manual,Straight and flat,Two way,Bitumen(Tar),Dry,Not Applicable,Fine,"HBR LAYOUT, OPP. TELECOM LAYOUT",Electric pol,10 FT,0.0,0.0
Bengaluru City,Banasawadi Traffic PS,1.04432e+16,2019,1,1,Road Accidents,Circle,City/Town,In bazaar,Not Applicable,No,Simple Injury,Hit pedestrian,Controlled,Straight and flat,City or Town Road,Bitumen(Tar),Others,Not Applicable,Fine,"Uttam Sagar Juntion, Banasawadi Mian Road",Electric pol,8F,0.0,0.0
Bengaluru City,Banasawadi Traffic PS,1.04432e+16,2019,1,1,Road Accidents,Bridge,City/Town,Narrow bridge or culverts,Not Applicable,No,Grievous Injury,Others,Uncontrolled,Straight and flat,City or Town Road,Bitumen(Tar),Not Applicable,Not Applicable,Fine,"IOC Fly Over Dwonramp, Banasawadi Main Road",Electric Pol,8F,0.0,0.0
Bengaluru City,Banasawadi Traffic PS,1.04432e+16,2019,1,2,Not Applicable,Not Applicable,City/Town,Near Bus stop,Human Error,No,Fatal,Vehicle to Vehicle,Controlled,Steep Incline or Climb,NH,Bitumen(Tar),Dry,Not Applicable,Cloudy,OUTER RING ROAD NEAR KALYANA NAGARA FLYOVER BANGALURU,NEAR BUS STOP,10F,13.024553,77.642446
Bengaluru City,Banasawadi Traffic PS,1.04432e+16,2019,1,2,Road Accidents,Junction,City/Town,Near Bus stop,Human Error,Yes,Simple Injury,Vehicle to Vehicle,Police / Manual,Straight and flat,Two way,Bitumen(Tar),Dry,Not Applicable,Fine,NEAR KALYAN NAGAR BUS STOP OUTER RING ROAD,BMTC BUS STOP,5 FT,0.0,0.0
Bengaluru City,Banasawadi Traffic PS,1.04432e+16,2019,1,2,Road Accidents,Junction,City/Town,In bazaar,Human Error,No,Grievous Injury,Vehicle to Vehicle,Police / Manual,Straight and flat,Two way,Bitumen(Tar),Dry,Not Applicable,Fine,"OPP IBACO CIRCL, 9TH MAIN, BANASAWADI",Electric pol,20FT,0.0,0.0
Bengaluru City,Banasawadi Traffic PS,1.04432e+16,2019,1,3,Road Accidents,Junction,City/Town,Near office complex,Human Error,Yes,Simple Injury,Vehicle to Vehicle,Police / Manual,Straight and flat,Two way,Bitumen(Tar),Dry,Not Applicable,Fine,HENNUR MAIN ROAD,STREET LIGHT,10 MTR,0.0,0.0
Bengaluru City,Banasawadi Traffic PS,1.04432e+16,2019,1,2,Road Accidents,Junction,City/Town,Near Bus stop,Human Error,No,Simple Injury,Vehicle to Vehicle,Police / Manual,Straight and flat,Two way,Bitumen(Tar),Dry,Not Applicable,Fine,KAMMANAHALLI OUTER RING ROAD,STREET LIGHT,20 MTR,0.0,0.0
Bengaluru City,Banasawadi Traffic PS,1.04432e+16,2019,1,2,Road Accidents,Other,City/Town,Near a religious place,Not Applicable,Yes,Damage Only,Hit and Run,Uncontrolled,Straight and flat,Service Road,Bitumen(Tar),Dry,Not Applicable,Fine,Near Impriyal Hotel Service Road Babusapalya,Electricpol,8F,0.0,0.0
Bengaluru City,Banasawadi Traffic PS,1.04432e+16,2019,1,2,Road Accidents,Circle,City/Town,In bazaar,Human Error,No,Grievous Injury,Vehicle to Vehicle,Police / Manual,Straight and flat,Two way,Bitumen(Tar),Dry,Not Applicable,Cloudy,KAMMANAHALLI MAIN ROAD,CENTER MIDEAN,15 FT,0.0,0.0
Bengaluru City,Banasawadi Traffic PS,1.04432e+16,2019,1,4,Not Applicable,Junction,City/Town,Residential area,Human Error,No,Damage Only,Vehicle to Vehicle,Police / Manual,Straight and flat,Two way,Bitumen(Tar),Dry,Not Applicable,Fine,"OPP SURYA SHAIN APARTENT VISVESVARYA MAIN ROAD, LAKSHMAIAH ALYOUT, HORAMAVU",0,5 FT,0.0,0.0
Bengaluru City,Banasawadi Traffic PS,1.04432e+16,2019,1,1,Road Accidents,Junction,City/Town,Near office complex,Human Error,No,Grievous Injury,Hit bicyclist,Police / Manual,Straight and flat,Two way,Bitumen(Tar),Dry,Not Applicable,Fine,NEAR HORAMAVU RAILWAY UNDER BRIDGE,RAILWAY BRIDGE,20 MTR,0.0,0.0
Bengaluru City,Banasawadi Traffic PS,1.04432e+16,2019,1,2,Road Accidents,Not Applicable,City/Town,Narrow bridge or culverts,Human Error,No,Grievous Injury,Vehicle to Vehicle,Not Applicable,Straight and flat,Service Road,Bitumen(Tar),Dry,Not Applicable,Fine,KALYAN NAGAR SERVICE ROAD,ARTKA SHOP,15 FT,0.0,0.0
Bengaluru City,Banasawadi Traffic PS,1.04432e+16,2019,1,2,Road Accidents,Junction,City/Town,Near office complex,Human Error,Yes,Grievous Injury,Vehicle to Vehicle,Police / Manual,Straight and flat,Service Road,Bitumen(Tar),Dry,Not Applicable,Fine,"KALYANA NAGARA SERVICE ROAD, HENNUR",SONY CENTER,10 FT,0.0,0.0
Bengaluru City,Banasawadi Traffic PS,1.04432e+16,2019,1,1,Road Accidents,Junction,City/Town,Residential area,Human Error,No,Grievous Injury,Hit pedestrian,Police / Manual,Straight and flat,Two way,Bitumen(Tar),Dry,Not Applicable,Fine,9th Main Near KEB,STREET LIGHT,15 MTR,0.0,0.0
Bengaluru City,Banasawadi Traffic PS,1.04432e+16,2019,1,2,Road Accidents,Junction,City/Town,Near School or College,Human Error,No,Grievous Injury,Vehicle to Vehicle,Police / Manual,Curve,Two way,Bitumen(Tar),Dry,Not Applicable,Fine,JYOTHI SCHOOL SIGNAL,Electric pol,05 FT,0.0,0.0
Bengaluru City,Banasawadi Traffic PS,1.04432e+16,2019,1,2,Not Applicable,Curves,City/Town,Narrow bridge or culverts,Human Error,No,Damage Only,Vehicle to Vehicle,Police / Manual,Curve,Service Road,Bitumen(Tar),Dry,Not Applicable,Fine,HENNUR MAIN ROAD,DOWN RAMP HENNUR FLYOVER,10FT,0.0,0.0
Bengaluru City,Banasawadi Traffic PS,1.04432e+16,2019,1,2,Not Applicable,Junction,City/Town,Near a recreation place/cinema,Human Error,No,Damage Only,Vehicle to Vehicle,Police / Manual,Straight and flat,Two way,Bitumen(Tar),Dry,Not Applicable,Fine,Thanisandra main road,0,10f,0.0,0.0
Bengaluru City,Banasawadi Traffic PS,1.04432e+16,2019,1,2,Road Accidents,Circle,City/Town,Residential area,Human Error,No,Grievous Injury,Vehicle to Vehicle,Police / Manual,Straight and flat,Two way,Bitumen(Tar),Dry,Not Applicable,Fine,"9TH E MAIN, KALYAN NAGAR",TREE,10 FT,0.0,0.0
Bengaluru City,Banasawadi Traffic PS,1.04432e+16,2019,1,1,Road Accidents,Junction,City/Town,In bazaar,Human Error,No,Grievous Injury,Hit pedestrian,Police / Manual,Straight and flat,Two way,Bitumen(Tar),Dry,Not Applicable,Fine,OIL MILL ROAD,TREE,5 FT,0.0,0.0
Bengaluru City,Banasawadi Traffic PS,1.04432e+16,2019,1,1,Road Accidents,Junction,City/Town,Near Hospital,Human Error,No,Grievous Injury,Hit pedestrian,Police / Manual,Straight and flat,Two way,Bitumen(Tar),Dry,Not Applicable,Fine,"OPP.BOSH HOSPITAL C M R ROAD, KALYAN NAGAR",LIGHT POLE,05 FT,0.0,0.0
Bengaluru City,Banasawadi Traffic PS,1.04432e+16,2019,1,2,Road Accidents,Narrow road,City/Town,Near Bus stop,Not Applicable,Yes,Fatal,Vehicle to Vehicle,Police / Manual,Others,Two way,Bitumen(Tar),Dry,Not Applicable,Clear,OUTER RING ROAD,BUS STOP,1.5KM,0.0,0.0
Bengaluru City,Banasawadi Traffic PS,1.04432e+16,2019,1,2,Road Accidents,Junction,City/Town,Near office complex,Human Error,No,Grievous Injury,Vehicle to Vehicle,Police / Manual,Straight and flat,Two way,Bitumen(Tar),Dry,Not Applicable,Fine,"100 FEET ROAD, HORAMAVU",STREET LIGHT,15 MTR,0.0,0.0
Bengaluru City,Banasawadi Traffic PS,1.04432e+16,2019,1,1,Road Accidents,Other,City/Town,Near a factory industrial area,Not Applicable,Yes,Grievous Injury,Hit and Run,Uncontrolled,Straight and flat,City or Town Road,Bitumen(Tar),Dry,Not Applicable,Fine,Near Maruthi Saw Mill Thanisandra Main Road,Electricpol,5F,0.0,0.0
Bengaluru City,Banasawadi Traffic PS,1.04432e+16,2019,1,2,Not Applicable,Narrow road,City/Town,Open area,Not Applicable,No,Damage Only,Others,Police / Manual,Others,City or Town Road,Bitumen(Tar),Dry,Not Applicable,Clear,no,near shobha market,1km,0.0,0.0
Bengaluru City,Banasawadi Traffic PS,1.04432e+16,2019,1,2,Road Accidents,Cross roads,City/Town,Near office complex,Not Applicable,Yes,Grievous Injury,Hit and Run,Uncontrolled,Straight and flat,City or Town Road,Bitumen(Tar),Not Applicable,Not Applicable,Fine,"Near Wings Company, Kalyan Nagar Main Road",Electric pol,8F,0.0,0.0
Bengaluru City,Banasawadi Traffic PS,1.04432e+16,2019,1,2,Road Accidents,Cross roads,City/Town,Narrow bridge or culverts,Human Error,No,Grievous Injury,Vehicle to Vehicle,Controlled,Straight and flat,Two way,Bitumen(Tar),Dry,Not Applicable,Fine,5 th cross vinayak nagara main road geddalahalli bangaluru,Electric pol,10F,0.0,0.0
Bengaluru City,Banasawadi Traffic PS,1.04432e+16,2019,1,2,Road Accidents,Junction,City/Town,Near Bus stop,Human Error,Yes,Fatal,Vehicle to Vehicle,Police / Manual,Straight and flat,Two way,Bitumen(Tar),Dry,Not Applicable,Fine,Thanisandra Mian Road,Street Light,10 ft,0.0,0.0
Bengaluru City,Banasawadi Traffic PS,1.04432e+16,2019,1,2,Road Accidents,Not Applicable,City/Town,Near office complex,Human Error,No,Grievous Injury,Vehicle to Vehicle,No signal lights,Straight and flat,Two way,Bitumen(Tar),Dry,Not Applicable,Fine,"OUTER RING ROAD, HENNUR",Electric pol,10 FT,0.0,0.0
Bengaluru City,Banasawadi Traffic PS,1.04432e+16,2019,1,2,Road Accidents,Bridge,City/Town,Narrow bridge or culverts,Not Applicable,No,Grievous Injury,Rear end,Uncontrolled,Straight and flat,City or Town Road,Bitumen(Tar),Dry,Not Applicable,Fine,"Hennuru Under Pass, Outer Ring Road",Electricpol,8F,0.0,0.0
Bengaluru City,Banasawadi Traffic PS,1.04432e+16,2019,1,2,Road Accidents,Junction,City/Town,Narrow bridge or culverts,Not Applicable,Yes,Grievous Injury,Hit and Run,Uncontrolled,Straight and flat,City or Town Road,Bitumen(Tar),Dry,Not Applicable,Fine,"Hennuru Main Road, Hennuru Junction",Electric pol,8F,0.0,0.0
Bengaluru City,Banasawadi Traffic PS,1.04432e+16,2019,1,1,Road Accidents,Cross roads,City/Town,Residential area,Not Applicable,Yes,Grievous Injury,Hit and Run,Uncontrolled,Straight and flat,Feeder Road,Bitumen(Tar),Dry,Not Applicable,Fine,"Opp Indira Canteen, Near KHB Qutras, Lingarajapuram",Electric pol,8F,0.0,0.0
Bengaluru City,Banasawadi Traffic PS,1.04432e+16,2019,1,1,Road Accidents,Bridge,City/Town,Narrow bridge or culverts,Human Error,No,Fatal,Hit pedestrian,Not at  Junction,Others,City or Town Road,Concrete,Dry,Not Applicable,Fine,OUTER RING ROAD,NEAR SKY WALK,0.5 KM,0.0,0.0
Bengaluru City,Banasawadi Traffic PS,1.04432e+16,2019,1,1,Road Accidents,Not Applicable,City/Town,Near Bus stop,Human Error,No,Fatal,Hit pedestrian,Not at  Junction,Straight and flat,Two way,Bitumen(Tar),Dry,Not Applicable,Fine,BANASAWADI MAIN ROAD,TREE,5FT,0.0,0.0
Bengaluru City,Banasawadi Traffic PS,1.04432e+16,2019,1,4,Road Accidents,Junction,City/Town,Near office complex,Human Error,No,Simple Injury,Vehicle to Vehicle,Police / Manual,Straight and flat,Two way,Bitumen(Tar),Dry,Not Applicable,Fine,"KALYANA MANTAPA THANISANDRA MAIN ROAD, SARAYIPALYA",MANJUNATAH KALYANA MANTAPA,10 FT,0.0,0.0
Bengaluru City,Banasawadi Traffic PS,1.04432e+16,2019,1,1,Road Accidents,Other,City/Town,Near a religious place,Not Applicable,Yes,Grievous Injury,Hit and Run,Uncontrolled,Straight and flat,City or Town Road,Bitumen(Tar),Dry,Not Applicable,Fine,"Near Ayyappa Temple, Banasawadi Main Road",Electricpol,6F,0.0,0.0
Bengaluru City,Banasawadi Traffic PS,1.04432e+16,2019,1,2,Road Accidents,Circle,City/Town,Near Bus stop,Not Applicable,Yes,Simple Injury,Hit and Run,Uncontrolled,Straight and flat,City or Town Road,Bitumen(Tar),Others,Not Applicable,Fine,"Near Jayanthi Nagara Circle,Horamavu Main Road",Electric Pol,8F,0.0,0.0
Bengaluru City,Banasawadi Traffic PS,1.04432e+16,2019,1,2,Road Accidents,Bridge,City/Town,Near a religious place,Not Applicable,No,Grievous Injury,Rear end,Uncontrolled,Straight and flat,City or Town Road,Bitumen(Tar),Dry,Not Applicable,Fine,"Near Geddalahalli Railway Bridj, Hennuru Bagluru Main Road",Electric Pol,8 F,0.0,0.0
Bengaluru City,Banasawadi Traffic PS,1.04432e+16,2019,1,2,Road Accidents,Other,City/Town,Near Bus stop,Not Applicable,Yes,Grievous Injury,Hit and Run,Uncontrolled,Straight and flat,City or Town Road,Bitumen(Tar),Others,Not Applicable,Fine,"Nar Sathya Nagar Bus Stop,Byapanahalli Main Road",Electricpol,8F,0.0,0.0
Bengaluru City,Banasawadi Traffic PS,1.04432e+16,2019,1,2,Rail Road Accidents,Bridge,City/Town,Near Hospital,Not Applicable,No,Grievous Injury,Rear end,Uncontrolled,Straight and flat,City or Town Road,Bitumen(Tar),Dry,Not Applicable,Fine,On Hennuru Fly Over Hennuru  Main Road,Electric Pol,8F,0.0,0.0
Bengaluru City,Banasawadi Traffic PS,1.04432e+16,2019,1,2,Road Accidents,Circle,City/Town,Near School or College,Not Applicable,No,Grievous Injury,Vehicle to Vehicle,Police / Manual,Straight and flat,Two way,Bitumen(Tar),Dry,Not Applicable,Fine,"Opp Balaji Bar, Near Good Year School,Hennuru Cross",Electric pol,5F,0.0,0.0
Bengaluru City,Banasawadi Traffic PS,1.04432e+16,2019,1,2,Road Accidents,Not Applicable,City/Town,Narrow bridge or culverts,Human Error,No,Grievous Injury,Vehicle to Vehicle,Not Applicable,Straight and flat,NH,Bitumen(Tar),Dry,Not Applicable,Fine,OUTER RING ROAD NEAR KALYANA NAGARA FLYOVER BANGALURU,NEAR FLYOVER,5F,0.0,0.0
Bengaluru City,Banasawadi Traffic PS,1.04432e+16,2019,1,2,Road Accidents,Not Applicable,City/Town,In bazaar,Human Error,No,Grievous Injury,Vehicle to Vehicle,No signal lights,Straight and flat,Two way,Bitumen(Tar),Dry,Not Applicable,Fine,HENNUR MAIN ROAD,LIGHT POLE,10FT,0.0,0.0
Bengaluru City,Banasawadi Traffic PS,1.04432e+16,2019,1,2,Road Accidents,Not Applicable,City/Town,Residential area,Human Error,Yes,Fatal,Vehicle to Vehicle,Not at  Junction,Straight and flat,Two way,Bitumen(Tar),Dry,Not Applicable,Fine,"HENNUR BAGALURU MAIN ROAD, HENNU",OPP R G APARTMENT,10FT,0.0,0.0
Bengaluru City,Banasawadi Traffic PS,1.04432e+16,2019,1,1,Road Accidents,Junction,City/Town,Near a religious place,Human Error,No,Grievous Injury,Hit pedestrian,Police / Manual,Straight and flat,Two way,Bitumen(Tar),Dry,Not Applicable,Fine,HENNUR MAIN ROAD,ELECTRIC POLE,10 MTR,0.0,0.0
Bengaluru City,Banasawadi Traffic PS,1.04432e+16,2019,1,2,Road Accidents,Not Applicable,City/Town,Near Hospital,Human Error,Yes,Grievous Injury,Vehicle to Vehicle,Police / Manual,Straight and flat,Others,Bitumen(Tar),Dry,Not Applicable,Fine,NEAR EMPIRE HOTEL CIRCLE RS PAYLA,LIGHT POLE,10F,0.0,0.0
Bengaluru City,Banasawadi Traffic PS,1.04432e+16,2019,1,2,Road Accidents,Other,City/Town,In bazaar,Not Applicable,No,Grievous Injury,Head on,Uncontrolled,Straight and flat,City or Town Road,Bitumen(Tar),Others,Not Applicable,Fine,"Near Udupi Gardeniya Hotel,Horamavu Main Road",Electric pol,10F,0.0,0.0
Bengaluru City,Banasawadi Traffic PS,1.04432e+16,2019,1,2,Road Accidents,Cross roads,City/Town,Residential area,Human Error,Yes,Grievous Injury,Vehicle to Vehicle,Police / Manual,Straight and flat,Two way,Bitumen(Tar),Dry,Not Applicable,Fine,"NEAR SCOIN WINSOME APARTMENT 6TH MAIN HRBR LAYOUT, 2ND BLOCK.",Electric pol,15 FT,0.0,0.0
Bengaluru City,Banasawadi Traffic PS,1.04432e+16,2019,1,2,Road Accidents,Not Applicable,City/Town,Open area,Human Error,Yes,Fatal,Vehicle to Vehicle,Not at  Junction,Straight and flat,Two way,Bitumen(Tar),Dry,Not Applicable,Fine,"HENNUR BAGALURU MAIN ROAD, GEDDALHALLI",BWSSB PIPE LINE,4FT,0.0,0.0
Bengaluru City,Banasawadi Traffic PS,1.04432e+16,2019,1,2,Road Accidents,Junction,City/Town,In bazaar,Human Error,No,Grievous Injury,Vehicle to Vehicle,Police / Manual,Straight and flat,Two way,Bitumen(Tar),Dry,Not Applicable,Cloudy,"OPP TENDER CHICKEN NEHARU ROAD, KAMMANAHALLI",LIGHT POLE,10 FT,13.014104,77.638143
Bengaluru City,Banasawadi Traffic PS,1.04432e+16,2019,1,1,Road Accidents,Junction,City/Town,Narrow bridge or culverts,Human Error,Yes,Grievous Injury,Not Applicable,Police / Manual,Straight and flat,Two way,Bitumen(Tar),Dry,Not Applicable,Fine,Nagavara Ring Road,Street Light,10 mtr,0.0,0.0
Bengaluru City,Banasawadi Traffic PS,1.04432e+16,2019,1,2,Road Accidents,Junction,City/Town,Near office complex,Human Error,No,Fatal,Vehicle to Vehicle,Police / Manual,Straight and flat,Two way,Bitumen(Tar),Dry,Not Applicable,Fine,HORAMAVU SERVICE ROAD,STREET LIGHT,15 MTR,0.0,0.0
Bengaluru City,Banasawadi Traffic PS,1.04432e+16,2019,1,1,Road Accidents,Cross roads,City/Town,Residential area,Human Error,No,Grievous Injury,Hit bicyclist,Not at  Junction,Straight and flat,Others,Bitumen(Tar),Dry,No influence on accident,Fine,"NEAR BBMP PARK, STYANAGARA MAIN ROAD",LIGHT POLE,5 FT,0.0,0.0
Bengaluru City,Banasawadi Traffic PS,1.04432e+16,2019,1,1,Road Accidents,Bottleneck,City/Town,Near Bus stop,Human Error,Yes,Fatal,Hit pedestrian,Police / Manual,Not Applicable,City or Town Road,Concrete,Dry,Not Applicable,Fine,"OUTER RING ROAD, kammanahalli skywalk",NEAR SKY WALK,0.5 KM,13.02625,77.637241
Bengaluru City,Banasawadi Traffic PS,1.04432e+16,2019,1,1,Road Accidents,Narrow road,City/Town,Near office complex,Human Error,No,Fatal,Hit fixed object,Not at  Junction,Hump,City or Town Road,Bitumen(Tar),Dry,Not Applicable,Cloudy,Banasawadi main road,near bata showroom,0.5 km,0.0,0.0
Bengaluru City,Banasawadi Traffic PS,1.04432e+16,2019,1,1,Road Accidents,Circle,City/Town,Near Bus stop,Not Applicable,No,Grievous Injury,Skidding or Self accident,Uncontrolled,Straight and flat,City or Town Road,Bitumen(Tar),Others,Not Applicable,Fine,"Near Jayanthi Nagar Circle, Horamavu Main Road",Electric pol,10F,0.0,0.0
Bengaluru City,Banasawadi Traffic PS,1.04432e+16,2019,1,1,Road Accidents,Circle,City/Town,In bazaar,Not Applicable,No,Grievous Injury,Hit pedestrian,Uncontrolled,Curve,Two way,Bitumen(Tar),Dry,Not Applicable,Fine,"Near Mariyappa Circle, Kamanahalli Main Road",Electricpol,8F,0.0,0.0