DISTRICTNAME,UNITNAME,Crime_No,Year,RI,Noofvehicle_involved,Accident_Classification,Accident_Spot,Accident_Location,Accident_SubLocation,Main_Cause,Hit_Run,Severity,Collision_Type,Junction_Control,Road_Character,Road_Type,Surface_Type,Surface_Condition,Road_Condition,Weather,Accident_Road,Landmark_first,Distance_LandMark_First,Latitude,Longitude
Bengaluru City,Banasawadi Traffic PS,1.04432e+16,2021,1,1,Road Accidents,Narrow road,City/Town,Near office complex,Human Error,Not Applicable,Fatal,Not Applicable,Police / Manual,Not Applicable,One way,Bitumen(Tar),Dry,Not Applicable,Clear,OUTER RING ROAD KALYANANAGAR,NEAR GIRIAS SHOW ROOM,03KM,0.0,0.0
Bengaluru City,Banasawadi Traffic PS,1.04432e+16,2021,1,1,Road Accidents,Cross roads,City/Town,Open area,Human Error,No,Fatal,Not Applicable,Police / Manual,Straight and flat,Two way,Bitumen(Tar),Dry,Not Applicable,Cloudy,OPP GANESH TEMPLE SERVICE ROAD BABUSAPALYA,ELECTRIC POLE,81FT,0.0,0.0
Bengaluru City,Banasawadi Traffic PS,1.04432e+16,2021,1,1,Road Accidents,Not Applicable,City/Town,Near a religious place,Human Error,Yes,Grievous Injury,Hit pedestrian,Not at  Junction,Straight and flat,Arterial,Bitumen(Tar),Dry,No influence on accident,Clear,"Near Shakti Ganapathi Temple, Outer Ring Road",Electric Pole,64Ft,0.0,0.0
Bengaluru City,Banasawadi Traffic PS,1.04432e+16,2021,1,1,Road Accidents,Junction,City/Town,Open area,Human Error,Yes,Grievous Injury,Hit pedestrian,Signal lights Automatic,Straight and flat,Arterial,Bitumen(Tar),Dry,No influence on accident,Clear,"Outer Ring Road, Nagawara Junction",Police Chowki,65Ft,0.0,0.0
Bengaluru City,Banasawadi Traffic PS,1.04432e+16,2021,1,1,Road Accidents,Junction,City/Town,In bazaar,Human Error,No,Grievous Injury,Not Applicable,Police / Manual,Straight and flat,Two way,Bitumen(Tar),Dry,Not Applicable,Cloudy,"5TH MAIN ROAD, KALYAN NAGAR",BBMP CAMARA,19FT,0.0,0.0
Bengaluru City,Banasawadi Traffic PS,1.04432e+16,2021,1,2,Road Accidents,Junction,City/Town,In bazaar,Human Error,Yes,Damage Only,Vehicle to Vehicle,No signal lights,Straight and flat,Two way,Bitumen(Tar),Dry,Not Applicable,Cloudy,"SOUTH MOTORSM NO-08, H M ROAD, KK HALLI,",Electric Pole,4FT,0.0,0.0
Bengaluru City,Banasawadi Traffic PS,1.04432e+16,2021,1,2,Road Accidents,Narrow road,City/Town,Near School or College,Not Applicable,No,Grievous Injury,Vehicle to Vehicle,Police / Manual,Straight and flat,Others,Bitumen(Tar),Dry,Not Applicable,Clear,HENNURU JANCTION,HENNURU BRIDGE,1KM,0.0,0.0
Bengaluru City,Banasawadi Traffic PS,1.04432e+16,2021,1,1,Road Accidents,Narrow road,City/Town,Near Bus stop,Human Error,Yes,Fatal,Hit pedestrian,Police / Manual,Not Applicable,One way,Bitumen(Tar),Dry,Not Applicable,Fine,Outer ring road Babusapalya,Bus stop,3,0.0,0.0
Bengaluru City,Banasawadi Traffic PS,1.04432e+16,2021,1,2,Road Accidents,Narrow road,City/Town,Near Bus stop,Human Error,No,Fatal,Vehicle to Vehicle,Police / Manual,Not Applicable,One way,Bitumen(Tar),Dry,Not Applicable,Clear,Thanisandra main road op  Elements mall.,NEAR A2B HOTEL,4KM,0.0,0.0
Bengaluru City,Banasawadi Traffic PS,1.04432e+16,2021,1,2,Road Accidents,Narrow road,City/Town,Near Bus stop,Human Error,No,Grievous Injury,Vehicle to Vehicle,Police / Manual,Others,One way,Bitumen(Tar),Dry,Not Applicable,Clear,OUTER RING ROAD KALYANANAGARA,NEAR KALYANANAGARA BUS DIPO,2,0.0,0.0
Bengaluru City,Banasawadi Traffic PS,1.04432e+16,2021,1,2,Road Accidents,Narrow road,City/Town,Near Bus stop,Human Error,No,Simple Injury,Hit animal,Police / Manual,Others,One way,Bitumen(Tar),Dry,Not Applicable,Clear,OUTER RING ROAD HORAMAVU,NEAR HORAMAVU BUS STOP,3,0.0,0.0
Bengaluru City,Banasawadi Traffic PS,1.04432e+16,2021,1,2,Road Accidents,Junction,City/Town,Near School or College,Human Error,Yes,Simple Injury,Vehicle to Vehicle,Police / Manual,Not Applicable,One way,Bitumen(Tar),Dry,Not Applicable,Clear,KALYANANAGARA 80FT ROAD,NEAR KAYANANAGAR UNDER BRIDGE,2KM,0.0,0.0
Bengaluru City,Banasawadi Traffic PS,1.04432e+16,2021,1,2,Road Accidents,Narrow road,City/Town,Narrow bridge or culverts,Human Error,No,Simple Injury,Vehicle to Vehicle,Police / Manual,Not Applicable,One way,Bitumen(Tar),Dry,Not Applicable,Clear,TOWARDS HEBBALA OUTER RING ROAD,RAYAL EN FIELD SHO ROOM,2KM,0.0,0.0
Bengaluru City,Banasawadi Traffic PS,1.04432e+16,2021,1,1,Road Accidents,Narrow road,City/Town,In bazaar,Human Error,No,Simple Injury,Hit pedestrian,Police / Manual,Not Applicable,One way,Bitumen(Tar),Dry,Not Applicable,Clear,THANISANDRA MAIN ROAD,NERA BY TIMBER DIPO,03km,0.0,0.0
Bengaluru City,Banasawadi Traffic PS,1.04432e+16,2021,1,2,Road Accidents,Narrow road,City/Town,Residential area,Human Error,No,Grievous Injury,Vehicle to Vehicle,Not at  Junction,Straight and flat,Sub Arterial,Bitumen(Tar),Dry,No influence on accident,Clear,"Lingarajapura, 7th Cross",Priya English High School,40Ft,0.0,0.0
Bengaluru City,Banasawadi Traffic PS,1.04432e+16,2021,1,1,Road Accidents,Junction,City/Town,Near School or College,Human Error,No,Fatal,Vehicle to Vehicle,Police / Manual,Straight and flat,Service Road,Bitumen(Tar),Dry,Not Applicable,Clear,NEAR ROYAL CONCORD SCHOOL AKALYAN NAGAR SERVICE ROAD,ELECTRIC POLE,18 FT,0.0,0.0
Bengaluru City,Banasawadi Traffic PS,1.04432e+16,2021,1,2,Road Accidents,Narrow road,City/Town,Near Petrol Pump,Not Applicable,No,Grievous Injury,Vehicle to Vehicle,Police / Manual,Not Applicable,One way,Bitumen(Tar),Dry,Not Applicable,Fine,BANASWADI MAIN ROAD.BENGALURE,NEAR PETROL PUMP,3,0.0,0.0
Bengaluru City,Banasawadi Traffic PS,1.04432e+16,2021,1,2,Road Accidents,Narrow road,City/Town,In bazaar,Human Error,Yes,Simple Injury,Vehicle to Vehicle,Police / Manual,Not Applicable,One way,Bitumen(Tar),Dry,Not Applicable,Clear,Thanisandra main road op  Elements mall.,NEAR ELEMENTS MALL,4KM,0.0,0.0
Bengaluru City,Banasawadi Traffic PS,1.04432e+16,2021,1,2,Road Accidents,Narrow road,City/Town,Near Hospital,Human Error,No,Grievous Injury,Vehicle to Vehicle,Police / Manual,Others,One way,Bitumen(Tar),Dry,Not Applicable,Clear,OUTER RING ROAD HORAMAVU,NEAR CLOUD NINE HOSPITAL,3km,0.0,0.0
Bengaluru City,Banasawadi Traffic PS,1.04432e+16,2021,1,1,Road Accidents,Narrow road,City/Town,Near office complex,Human Error,No,Grievous Injury,Hit pedestrian,Police / Manual,Not Applicable,One way,Bitumen(Tar),Dry,Not Applicable,Clear,THANISANDRA MAIN ROAD,ELECTRIC POLE,04KM,0.0,0.0
Bengaluru City,Banasawadi Traffic PS,1.04432e+16,2022,1,1,Road Accidents,Narrow road,City/Town,Near office complex,Not Applicable,No,Grievous Injury,Not Applicable,Police / Manual,Curve,Two way,Bitumen(Tar),Dry,Not Applicable,Clear,THANISANDRA MAIN ROAD,NEAR TVS SHOW ROOM,04KM,0.0,0.0
Bengaluru City,Banasawadi Traffic PS,1.04432e+16,2022,1,2,Road Accidents,Narrow road,City/Town,Narrow bridge or culverts,Human Error,No,Grievous Injury,Vehicle to Vehicle,Police / Manual,Not Applicable,One way,Bitumen(Tar),Dry,Not Applicable,Clear,HENNUREFLYOVER HENNURE MAI ROAD,NEAR ELECTRIC POLE,2KM,0.0,0.0
Bengaluru City,Banasawadi Traffic PS,1.04432e+16,2022,1,1,Road Accidents,Narrow road,City/Town,Near office complex,Human Error,Not Applicable,Grievous Injury,Hit pedestrian,Police / Manual,Not Applicable,Two way,Bitumen(Tar),Dry,Not Applicable,Clear,THANISANDRA MAIN ROAD,NEAR LEANS CART SHOP,3KM,0.0,0.0
Bengaluru City,Banasawadi Traffic PS,1.04432e+16,2022,1,1,Road Accidents,Narrow road,City/Town,Near office complex,Not Applicable,Yes,Grievous Injury,Vehicle to Vehicle,Police / Manual,Others,Two way,Bitumen(Tar),Dry,Not Applicable,Clear,NEHARU MAIN ROAD,NEAR APPU BAR,1KM,0.0,0.0
Bengaluru City,Banasawadi Traffic PS,1.04432e+16,2022,1,2,Road Accidents,Narrow road,City/Town,Open area,Human Error,Yes,Grievous Injury,Vehicle to Vehicle,Uncontrolled,Others,Two way,Bitumen(Tar),Dry,Not Applicable,Clear,SHAMANNA LAYOUT ROAD 4TH CROSS,NEAR ELECTRIC POLE,10FT,0.0,0.0
Bengaluru City,Banasawadi Traffic PS,1.04432e+16,2022,1,3,Road Accidents,Narrow road,City/Town,Near a religious place,Human Error,No,Simple Injury,Vehicle to Vehicle,Uncontrolled,Others,Two way,Bitumen(Tar),Dry,Not Applicable,Clear,BABUSAPALYA SERVICE ROAD,NEAR ELECTRIC POLE,18FT,0.0,0.0
Bengaluru City,Banasawadi Traffic PS,1.04432e+16,2022,1,3,Road Accidents,Junction,City/Town,Narrow bridge or culverts,Human Error,No,Fatal,Vehicle to Vehicle,Signal lights Blinking,Straight and flat,Arterial,Bitumen(Tar),Dry,No influence on accident,Clear,HORAMAVU MAIN ROAD,ELECTRIC POLE,42FT,0.0,0.0
Bengaluru City,Banasawadi Traffic PS,1.04432e+16,2022,1,2,Road Accidents,Junction,City/Town,Residential area,Human Error,No,Grievous Injury,Vehicle to Vehicle,No signal lights,Straight and flat,Sub Arterial,Bitumen(Tar),Dry,No influence on accident,Clear,Om Shakti Temple-Sub Register Main Road,ELECTRIC POLE,32Ft,0.0,0.0
Bengaluru City,Banasawadi Traffic PS,1.04432e+16,2022,1,1,Road Accidents,Curves,City/Town,In bazaar,Human Error,No,Fatal,Hit pedestrian,Give way sign,Straight and flat,Two way,Bitumen(Tar),Dry,Not Applicable,Cloudy,Near Element Mall Thanisandra Main road,ELECTRIC POLE,24 Ft,0.0,0.0
Bengaluru City,Banasawadi Traffic PS,1.04432e+16,2022,1,2,Road Accidents,Junction,City/Town,Near Hospital,Human Error,No,Grievous Injury,Vehicle to Vehicle,Police / Manual,Straight and flat,Two way,Bitumen(Tar),Dry,Not Applicable,Clear,HENNRU JUNCEION HENNUR MAIN ROAD,ELECTRIC POLE,36 FT,0.0,0.0
Bengaluru City,Banasawadi Traffic PS,1.04432e+16,2022,1,2,Road Accidents,Not Applicable,City/Town,Near Bus stop,Human Error,Yes,Grievous Injury,Hit pedestrian,Not at  Junction,Straight and flat,Arterial,Bitumen(Tar),Dry,No influence on accident,Clear,Hennuru Main Road,Bus Stop,20Ft,0.0,0.0
Bengaluru City,Banasawadi Traffic PS,1.04432e+16,2022,1,2,Road Accidents,Junction,City/Town,Residential area,Human Error,No,Grievous Injury,Vehicle to Vehicle,No signal lights,Others,Others,Bitumen(Tar),Dry,Not Applicable,Clear,BANASAWADI 80 FEET ROAD INFRONT OK BANASAWADI CLUB,Street Light Pole,48FEET,0.0,0.0
Bengaluru City,Banasawadi Traffic PS,1.04432e+16,2022,1,1,Road Accidents,Narrow road,City/Town,Near Hospital,Human Error,No,Fatal,Vehicle to Vehicle,Police / Manual,Straight and flat,Others,Concrete,Dry,Construction Work / Material,Cloudy,OUTER RING ROAD,NEAR CLODNINE HOSPITAL,2 KM,0.0,0.0
Bengaluru City,Banasawadi Traffic PS,1.04432e+16,2022,1,1,Road Accidents,Junction,City/Town,Near Bus stop,Human Error,Yes,Grievous Injury,Hit pedestrian,No signal lights,Others,Others,Bitumen(Tar),Dry,Not Applicable,Clear,HENNUR BAGALUR MAIN ROAD INFRONT OF D MART,STREET LIGHT,39FT,0.0,0.0
Bengaluru City,Banasawadi Traffic PS,1.04432e+16,2022,1,2,Road Accidents,Narrow road,City/Town,Near office complex,Human Error,Yes,Simple Injury,Vehicle to Vehicle,Police / Manual,Not Applicable,One way,Bitumen(Tar),Dry,Not Applicable,Clear,HENNUR MAIN ROAD,NEAR  COMPLEX,02KM,0.0,0.0
Bengaluru City,Banasawadi Traffic PS,1.04432e+16,2022,1,2,Road Accidents,Narrow road,City/Town,Near Petrol Pump,Human Error,Yes,Grievous Injury,Vehicle to Vehicle,Uncontrolled,Others,Two way,Bitumen(Tar),Dry,Not Applicable,Clear,HORAMAVU LEAK ROAD,NEAR INDIAN OIL PETROL BANK,20FEET,0.0,0.0
Bengaluru City,Banasawadi Traffic PS,1.04432e+16,2022,1,1,Road Accidents,Not Applicable,City/Town,Narrow bridge or culverts,Human Error,Not Applicable,Simple Injury,Not Applicable,Police / Manual,Others,Others,Concrete,Dry,No influence on accident,Fine,IOC FLYOVER,IOC FLYOVER,10,0.0,0.0
Bengaluru City,Banasawadi Traffic PS,1.04432e+16,2022,1,2,Road Accidents,Junction,City/Town,In bazaar,Human Error,Yes,Simple Injury,Vehicle to Vehicle,Police / Manual,Straight and flat,Two way,Bitumen(Tar),Dry,Not Applicable,Cloudy,"RAIN TREE T JUNCTION , 100 FEET ROAD BANGASAWADI",Electric Pole,30FT,0.0,0.0
Bengaluru City,Banasawadi Traffic PS,1.04432e+16,2022,1,2,Road Accidents,Curves,City/Town,Near Hospital,Human Error,No,Fatal,Vehicle to Vehicle,Controlled,Slight Curve,One way,Bitumen(Tar),Dry,No influence on accident,Fine,"OPP K C RAJU MULTI SPECIALIST HOSPITAL, LINGARAJAPURAM, BANGALORE",CENTER MEDIAN,15FT,0.0,0.0
Bengaluru City,Banasawadi Traffic PS,1.04432e+16,2022,1,2,Road Accidents,Not Applicable,City/Town,Near School or College,Human Error,No,Grievous Injury,Vehicle to Vehicle,Controlled,Straight and flat,Service Road,Bitumen(Tar),Dry,No influence on accident,Fine,"Near Hennuru Police Station, Babusapalya Service Road, Babusapalya, Bangalore City",Near Hennuru police Station,25 FT,0.0,0.0
Bengaluru City,Banasawadi Traffic PS,1.04432e+16,2022,1,1,Road Accidents,Not Applicable,City/Town,Narrow bridge or culverts,Human Error,No,Fatal,Not Applicable,Not at  Junction,Slight Curve,Arterial,Bitumen(Tar),Dry,No influence on accident,Clear,"Outer Ring Road, Hennur Underpass",Sign Board,01ft,0.0,0.0
Bengaluru City,Banasawadi Traffic PS,1.04432e+16,2022,1,1,Road Accidents,Not Applicable,City/Town,Residential area,Human Error,No,Grievous Injury,Not Applicable,Not at  Junction,Straight and flat,Arterial,Bitumen(Tar),Dry,No influence on accident,Clear,Hennuru-Bagaluru Main Road,ELECTRIC POLE,16 Ft,13.03405,77.63835
Bengaluru City,Banasawadi Traffic PS,1.04432e+16,2022,1,2,Road Accidents,Cross roads,City/Town,At pedestrian Crossing,Human Error,No,Grievous Injury,Vehicle to Vehicle,Controlled,Straight and flat,Two way,Bitumen(Tar),Dry,Not Applicable,Cloudy,"CMR ROAD, KAMMANAHALLI",ELECTRIC POLE,35 FT,13.0218,77.6405
Bengaluru City,Banasawadi Traffic PS,1.04432e+16,2022,1,1,Road Accidents,Not Applicable,City/Town,Near Hospital,Human Error,No,Fatal,Not Applicable,Police / Manual,Straight and flat,Others,Concrete,Dry,No influence on accident,Cloudy,OUTER RING ROAD,VOICE OF VETINARY CLINIC,25 FT,0.0,0.0
Bengaluru City,Banasawadi Traffic PS,1.04432e+16,2022,1,1,Road Accidents,Not Applicable,City/Town,Near Bus stop,Human Error,No,Grievous Injury,Not Applicable,No signal lights,Others,Others,Concrete,Dry,Not Applicable,Clear,BANASAWADI 100 FT ROAD NEAR MMA KABAB HOTEL,THREE,33FT,0.0,0.0
Bengaluru City,Banasawadi Traffic PS,1.04432e+16,2022,1,1,Road Accidents,Narrow road,City/Town,In bazaar,Human Error,Yes,Fatal,Hit pedestrian,Police / Manual,Not Applicable,Two way,Bitumen(Tar),Dry,Not Applicable,Cloudy,RING ROAD,CROMA SHOROOM,80FT,0.0,0.0
Bengaluru City,Banasawadi Traffic PS,1.04432e+16,2022,1,2,Road Accidents,Curves,City/Town,Near a religious place,Human Error,No,Simple Injury,Vehicle to Vehicle,No signal lights,Slight Curve,Two way,Bitumen(Tar),Dry,Not Applicable,Clear,"NEAR YUSEF MASJID NEAR HENNRU UNDER PASS, OUTER RING ROAD",Electric Pole,19FT,0.0,0.0
Bengaluru City,Banasawadi Traffic PS,1.04432e+16,2022,1,1,Road Accidents,Junction,City/Town,Near office complex,Human Error,No,Grievous Injury,Hit pedestrian,Police / Manual,Straight and flat,Two way,Bitumen(Tar),Dry,Not Applicable,Clear,"NEAR SBI BANK, OPP SHOBHA STORE, LINGARAJAPURA MAIN ROAD",Electric Pole,20FT,0.0,0.0
Bengaluru City,Banasawadi Traffic PS,1.04432e+16,2022,1,3,Road Accidents,Junction,City/Town,Near office complex,Human Error,No,Simple Injury,Vehicle to Vehicle,Police / Manual,Straight and flat,Sub Arterial,Bitumen(Tar),Dry,Not Applicable,Cloudy,OPP TO FOREST OFFICE OUTER RING ROAD HENNUR,ELECTRIC POLE,15 FT,0.0,0.0
Bengaluru City,Banasawadi Traffic PS,1.04432e+16,2022,1,1,Road Accidents,Narrow road,City/Town,Residential area,Human Error,No,Grievous Injury,Hit pedestrian,Not at  Junction,Straight and flat,Sub Arterial,Bitumen(Tar),Dry,No influence on accident,Fine,"Cura Hospital Road, HRBR Layout",ELECTRIC POLE,27 Ft,0.0,0.0
Bengaluru City,Banasawadi Traffic PS,1.04432e+16,2022,1,2,Road Accidents,Junction,City/Town,Near Petrol Pump,Human Error,Yes,Grievous Injury,Vehicle to Vehicle,No signal lights,Not Applicable,Others,Bitumen(Tar),Dry,Not Applicable,Clear,KEMPEGWODA ROAD NEAR HP PETROL BUNK,STREET LIGHT,28FT,13.039713,77.639111
Bengaluru City,Banasawadi Traffic PS,1.04432e+16,2022,1,2,Road Accidents,Bottleneck,City/Town,Near Bus stop,Human Error,No,Fatal,Vehicle to Vehicle,Police / Manual,Curve,Others,Concrete,Dry,Construction Work / Material,Fine,OUTER RING ROAD,HORAMAVU UNDER PASS,2.5 KM,0.0,0.0
Bengaluru City,Banasawadi Traffic PS,1.04432e+16,2022,1,1,Road Accidents,Curves,City/Town,In bazaar,Human Error,Yes,Grievous Injury,Hit pedestrian,Not at  Junction,Straight and flat,Two way,Bitumen(Tar),Dry,Not Applicable,Cloudy,HORAMAVU RAIWAY UNDER PASS HORAMAVU MAIN ROAD,SLCON APPERMENT,42 FT,0.0,0.0
Bengaluru City,Banasawadi Traffic PS,1.04432e+16,2022,1,2,Road Accidents,Not Applicable,City/Town,In bazaar,Human Error,Yes,Grievous Injury,Vehicle to Vehicle,Not at  Junction,Straight and flat,Arterial,Bitumen(Tar),Dry,No influence on accident,Clear,Kacharakanahalli-Hennuru Main Road,Green Tree,16Ft,13.0188775,77.6299484
Bengaluru City,Banasawadi Traffic PS,1.04432e+16,2022,1,1,Road Accidents,Narrow road,City/Town,Near Hospital,Human Error,No,Grievous Injury,Not Applicable,Police / Manual,Others,Two way,Bitumen(Tar),Dry,Not Applicable,Clear,OUTER RING ROAD KALYANANAGARA,NEAR NORTH BENGALURE HOSPITAL,1.5KM,0.0,0.0
Bengaluru City,Banasawadi Traffic PS,1.04432e+16,2022,1,1,Road Accidents,Narrow road,City/Town,Near Bus stop,Human Error,No,Grievous Injury,Hit pedestrian,Police / Manual,Straight and flat,Two way,Bitumen(Tar),Dry,Not Applicable,Clear,OUTER RING ROAD,UNDER BRIDGE,12FT,0.0,0.0
Bengaluru City,Banasawadi Traffic PS,1.04432e+16,2022,1,2,Road Accidents,Narrow road,City/Town,Residential area,Human Error,No,Grievous Injury,Vehicle to Vehicle,Uncontrolled,Others,Two way,Bitumen(Tar),Dry,Not Applicable,Clear,OUTER RING ROAD,NEAR BHIMA JEWELLERSS,30FEET,0.0,0.0
Bengaluru City,Banasawadi Traffic PS,1.04432e+16,2022,1,1,Road Accidents,Narrow road,City/Town,Open area,Human Error,Not Applicable,Grievous Injury,Vehicle to Vehicle,Uncontrolled,Straight and flat,Two way,Bitumen(Tar),Dry,Not Applicable,Cloudy,JAYANTHI GRAMA MAIN ROAD,ELECTRICL POL,6FT,0.0,0.0
Bengaluru City,Banasawadi Traffic PS,1.04432e+16,2022,1,2,Road Accidents,Not Applicable,City/Town,Near office complex,Human Error,No,Grievous Injury,Vehicle to Vehicle,Not at  Junction,Straight and flat,Arterial,Bitumen(Tar),Dry,No influence on accident,Clear,Horamavu-Jayanthi Gram Main Road,Electrical Pole,20Ft,0.0,0.0
Bengaluru City,Banasawadi Traffic PS,1.04432e+16,2022,1,2,Road Accidents,Junction,City/Town,Near Hospital,Human Error,No,Grievous Injury,Vehicle to Vehicle,Police / Manual,Straight and flat,Two way,Bitumen(Tar),Dry,Not Applicable,Clear,"OPP SPECIALIST HOSPITAL, KALYAN NAGAR",ELECTRIC POLE,15FT,0.0,0.0
Bengaluru City,Banasawadi Traffic PS,1.04432e+16,2022,1,2,Road Accidents,Junction,City/Town,Open area,Human Error,Yes,Grievous Injury,Vehicle to Vehicle,Signal lights Blinking,Straight and flat,Sub Arterial,Bitumen(Tar),Dry,No influence on accident,Clear,"Outer Ring Road, Kalyan Naga-Hennuru Service Road",ELECTRIC POLE,30Ft,0.0,0.0
Bengaluru City,Banasawadi Traffic PS,1.04432e+16,2022,1,2,Road Accidents,Not Applicable,City/Town,Near Hospital,Human Error,No,Damage Only,Vehicle to Vehicle,No signal lights,Straight and flat,Two way,Bitumen(Tar),Dry,Not Applicable,Clear,"OUTER RING ROAD, HORAMVU",TREE,42FT,13.0203,77.6542
Bengaluru City,Banasawadi Traffic PS,1.04432e+16,2022,1,1,Road Accidents,Junction,City/Town,Residential area,Human Error,Yes,Grievous Injury,Hit pedestrian,Police / Manual,Straight and flat,Two way,Bitumen(Tar),Dry,Not Applicable,Clear,KACHARAKANAHALLI ANMALAPPA LAYOUT,ELECTRIC POLE,17FT,0.0,0.0
Bengaluru City,Banasawadi Traffic PS,1.04432e+16,2022,1,1,Road Accidents,Junction,City/Town,Near Hospital,Human Error,No,Grievous Injury,Hit pedestrian,Controlled,Straight and flat,Others,Concrete,Dry,No influence on accident,Fine,"INFRONT OF ANGALAPARAMESHWARI TEMPLE, 80 FEET ROAD,KALYANANAGARA",ELECTRIC POLE,18FT,0.0,0.0
Bengaluru City,Banasawadi Traffic PS,1.04432e+16,2022,1,1,Road Accidents,Junction,City/Town,Near School or College,Human Error,Yes,Grievous Injury,Hit pedestrian,Uncontrolled,Straight and flat,Two way,Concrete,Dry,No influence on accident,Fine,"NEAR FIRE STATION, DODDA BANASAWADI MAIN ROAD BANAGALORE",TREE,55 FT,0.0,0.0
Bengaluru City,Banasawadi Traffic PS,1.04432e+16,2022,1,1,Road Accidents,Narrow road,City/Town,Open area,Human Error,No,Grievous Injury,Not Applicable,Uncontrolled,Others,Two way,Bitumen(Tar),Dry,Not Applicable,Cloudy,NAGAVARA FLYOVER OUTER RING ROAD,NEAR KEB OFFICE,20FT,0.0,0.0
Bengaluru City,Banasawadi Traffic PS,1.04432e+16,2022,1,1,Road Accidents,Not Applicable,City/Town,Near Bus stop,Human Error,Yes,Fatal,Hit pedestrian,No signal lights,Others,Others,Bitumen(Tar),Dry,Not Applicable,Others,NAGAVARATHANISANDRA MAIN ROAD NEAR ELEMENTS MALL,STREET LIGHT,41 FEE,0.0,0.0
Bengaluru City,Banasawadi Traffic PS,1.04432e+16,2022,1,2,Road Accidents,Junction,City/Town,Near office complex,Human Error,No,Grievous Injury,Vehicle to Vehicle,Police / Manual,Straight and flat,Two way,Bitumen(Tar),Dry,Not Applicable,Cloudy,NEAR ANDRA BANK 100 FEET ROAD DODDABANASAWADI,ANDRA BANK,19FT,0.0,0.0
Bengaluru City,Banasawadi Traffic PS,1.04432e+16,2022,1,1,Road Accidents,Narrow road,City/Town,Residential area,Human Error,No,Grievous Injury,Hit pedestrian,No signal lights,Straight and flat,Sub Arterial,Bitumen(Tar),Dry,No influence on accident,Clear,Jayalakshmi School Road,ELECTRIC POLE,5 Ft,0.0,0.0
Bengaluru City,Banasawadi Traffic PS,1.04432e+16,2022,1,2,Road Accidents,Not Applicable,City/Town,Open area,Human Error,Yes,Fatal,Vehicle to Vehicle,Not at  Junction,Straight and flat,Arterial,Concrete,Dry,No influence on accident,Clear,"Outer Ring Road, Opp Forest Office",ELECTRIC POLE,38Ft,0.0,0.0
Bengaluru City,Banasawadi Traffic PS,1.04432e+16,2022,1,1,Road Accidents,Junction,City/Town,In bazaar,Human Error,Yes,Grievous Injury,Hit pedestrian,No signal lights,Straight and flat,Two way,Bitumen(Tar),Dry,Not Applicable,Clear,KAMMAMAHALLI MAIN ROAD,ELECTRIC POLE,10FT,13.028005,77.639969
Bengaluru City,Banasawadi Traffic PS,1.04432e+16,2022,1,1,Road Accidents,Not Applicable,City/Town,Near Petrol Pump,Human Error,Yes,Grievous Injury,Hit pedestrian,No signal lights,Others,Others,Concrete,Dry,Not Applicable,Clear,THANISANDRA MAIN ROAD NNEAR INDIAN OIL PETROL PUMP,STREET LIGHT,34,0.0,0.0
Bengaluru City,Banasawadi Traffic PS,1.04432e+16,2022,1,3,Road Accidents,Narrow road,City/Town,Near Bus stop,Human Error,Yes,Fatal,Vehicle to Vehicle,Police / Manual,Curve and Incline,Others,Concrete,Dry,No influence on accident,Cloudy,OUTER RING ROAD,OPP NAVAJEEVANA ASHRAMA,1.5 KM,13.02981,77.63109
Bengaluru City,Banasawadi Traffic PS,1.04432e+16,2022,1,2,Road Accidents,Junction,City/Town,Near Petrol Pump,Human Error,Yes,Grievous Injury,Vehicle to Vehicle,Police / Manual,Not Applicable,Two way,Bitumen(Tar),Dry,Not Applicable,Clear,HENNUR BAGALUR MAIN ROAD INFRONT OF D MART,NEAR ELECTRIC POLE,4KM,0.0,0.0
Bengaluru City,Banasawadi Traffic PS,1.04432e+16,2022,1,3,Road Accidents,Not Applicable,City/Town,Residential area,Human Error,Yes,Grievous Injury,Vehicle to Vehicle,Not at  Junction,Straight and flat,Arterial,Bitumen(Tar),Dry,No influence on accident,Clear,Hennuru Main Road,ELECTRIC POLE,31Ft,0.0,0.0
Bengaluru City,Banasawadi Traffic PS,1.04432e+16,2022,1,2,Road Accidents,Junction,City/Town,Residential area,Human Error,No,Grievous Injury,Vehicle to Vehicle,No signal lights,Others,Others,Bitumen(Tar),Not Applicable,Not Applicable,Clear,BANASAWADI 100 FEET ROAD NEAR TAMRIND HOTAL,STREET LIGHT,44FEET,0.0,0.0
Bengaluru City,Banasawadi Traffic PS,1.04432e+16,2022,1,1,Road Accidents,Narrow road,City/Town,Open area,Human Error,No,Fatal,Not Applicable,Uncontrolled,Curve,Two way,Bitumen(Tar),Dry,No influence on accident,Fine,NEAR KASA GROUND OPPORTMEN ASHWATH NAGARA MAIN ROAD THANISANDRA,NEAR ELECTRIC POLE,43FT,0.0,0.0
Bengaluru City,Banasawadi Traffic PS,1.04432e+16,2022,1,1,Road Accidents,Narrow road,City/Town,Open area,Human Error,No,Grievous Injury,Not Applicable,Uncontrolled,Not Applicable,Two way,Bitumen(Tar),Dry,Not Applicable,Cloudy,80FT ROAD KALYANANAGAR,NEAR KOTAK MAHINDRA BANK,3FT,0.0,0.0
Bengaluru City,Banasawadi Traffic PS,1.04432e+16,2022,1,1,Road Accidents,Narrow road,City/Town,Open area,Human Error,Yes,Grievous Injury,Hit pedestrian,Not at  Junction,Straight and flat,Two way,Bitumen(Tar),Dry,Not Applicable,Cloudy,KAMMANAHALLI MAIN ROAD,NEAR LALITHA JEWELLERS,21FT,0.0,0.0
Bengaluru City,Banasawadi Traffic PS,1.04432e+16,2022,1,2,Road Accidents,Junction,City/Town,Near a recreation place/cinema,Human Error,No,Grievous Injury,Vehicle to Vehicle,Signal lights Blinking,Straight and flat,Arterial,Bitumen(Tar),Dry,No influence on accident,Clear,Thanisandra Main Road,Signal Light Pole,40Ft,0.0,0.0
Bengaluru City,Banasawadi Traffic PS,1.04432e+16,2022,1,1,Road Accidents,Junction,City/Town,In bazaar,Human Error,No,Grievous Injury,Hit pedestrian,Police / Manual,Straight and flat,Two way,Bitumen(Tar),Dry,Not Applicable,Cloudy,"OPP JAIPURI CLOTH STORE, KAMMANHALLI MAIN ROAD",ELECTRIC POLE,19FT,0.0,0.0