DISTRICTNAME,UNITNAME,Crime_No,Year,RI,Noofvehicle_involved,Accident_Classification,Accident_Spot,Accident_Location,Accident_SubLocation,Main_Cause,Hit_Run,Severity,Collision_Type,Junction_Control,Road_Character,Road_Type,Surface_Type,Surface_Condition,Road_Condition,Weather,Accident_Road,Landmark_first,Distance_LandMark_First,Latitude,Longitude
Bengaluru City,Banasawadi Traffic PS,1.04432e+16,2023,1,2,Road Accidents,Narrow road,City/Town,Near Bus stop,Not Applicable,No,Simple Injury,Vehicle to Vehicle,Not Applicable,Not Applicable,Two way,Bitumen(Tar),Dry,Not Applicable,Clear,KAMMANAHLLI MAIN,NEAR ELECTRIC POLE,21FEET,13.019465,77.640025
Bengaluru City,Banasawadi Traffic PS,1.04432e+16,2023,1,1,Road Accidents,Narrow road,City/Town,Open area,Human Error,No,Grievous Injury,Not Applicable,Not at  Junction,Straight and flat,Others,Bitumen(Tar),Dry,Not Applicable,Clear,100 FEET ROAD BANASAWDI,NEAR MM KABAB,20 FT,13.019432,77.640025
Bengaluru City,Banasawadi Traffic PS,1.04432e+16,2023,1,3,Road Accidents,Narrow road,City/Town,Near Bus stop,Human Error,No,Simple Injury,Vehicle to Vehicle,Uncontrolled,Others,Two way,Bitumen(Tar),Dry,Not Applicable,Clear,OUTER RING ROAD HENNURU UNDER PASS,NEAR ELECTRIC POLE,19FT,0.0,0.0
Bengaluru City,Banasawadi Traffic PS,1.04432e+16,2023,1,1,Road Accidents,Narrow road,City/Town,Open area,Not Applicable,No,Damage Only,Not Applicable,Not at  Junction,Straight and flat,Others,Bitumen(Tar),Dry,Not Applicable,Clear,5TH C MAIN ROAD,NEAR 221 HOME,5FT,0.0,0.0
Bengaluru City,Banasawadi Traffic PS,1.04432e+16,2023,1,1,Rail Road Accidents,Junction,City/Town,Near School or College,Human Error,Yes,Damage Only,Not Applicable,Uncontrolled,Others,Others,Concrete,Dry,Not Applicable,Clear,OUTER RING ROAD KALYANA NAGAR FLY OVER,HAIEXTENTION LANE,16FEET,0.0,0.0
Bengaluru City,Banasawadi Traffic PS,1.04432e+16,2023,1,1,Road Accidents,Junction,City/Town,Residential area,Human Error,No,Simple Injury,Not Applicable,Signal lights Manual,Others,Others,Bitumen(Tar),Dry,Not Applicable,Clear,kammanahalli main road chayos juncation,street light,18feet,0.0,0.0
Bengaluru City,Banasawadi Traffic PS,1.04432e+16,2023,1,1,Road Accidents,Narrow road,City/Town,Open area,Human Error,No,Grievous Injury,Not Applicable,Uncontrolled,Straight and flat,Two way,Bitumen(Tar),Dry,Not Applicable,Clear,RING ROAD HENNURU UNDER PASS,NEAR ELECTRIC POLE,11FT,0.0,0.0
Bengaluru City,Banasawadi Traffic PS,1.04432e+16,2023,1,4,Road Accidents,Narrow road,City/Town,Near Bus stop,Human Error,No,Fatal,Vehicle to Vehicle,Uncontrolled,Straight and flat,Two way,Bitumen(Tar),Dry,Not Applicable,Clear,OUTER RING ROAD HORAMAVU NEAR BUS STOP,NEAR ELECTRIC POLE,20 FT,13.019465,77.632622
Bengaluru City,Banasawadi Traffic PS,1.04432e+16,2023,1,1,Road Accidents,Circle,City/Town,Near office complex,Human Error,No,Fatal,Not Applicable,Police / Manual,Others,Sub Arterial,Bitumen(Tar),Dry,No influence on accident,Fine,OLD BAIYAPPANAHALLI,BAIYAPPANAHALLI RAILWAY STATION,100,12.996741,77.642259
Bengaluru City,Banasawadi Traffic PS,1.04432e+16,2023,1,1,Road Accidents,Narrow road,City/Town,Near Bus stop,Not Applicable,Yes,Grievous Injury,Hit pedestrian,Not at  Junction,Others,Others,Bitumen(Tar),Dry,Not Applicable,Clear,BANASAWADI MAIN ROAD,NEAR ELECTRICAL,32FEET,13.256894,77.256849
Bengaluru City,Banasawadi Traffic PS,1.04432e+16,2023,1,2,Road Accidents,Narrow road,City/Town,Near Hospital,Human Error,No,Fatal,Hit pedestrian,Controlled,Straight and flat,Others,Concrete,Dry,No influence on accident,Fine,"OPP MOTHER WOOD HOSPITAL OUTER RING ROAD, BANAGALORE.",LIGHT POLL,28 FT,0.0,0.0
Bengaluru City,Banasawadi Traffic PS,1.04432e+16,2023,1,1,Road Accidents,Narrow road,City/Town,In bazaar,Human Error,Yes,Simple Injury,Hit pedestrian,Controlled,Straight and flat,Two way,Bitumen(Tar),Dry,Not Applicable,Clear,BABUSAPALYA SERVICE ROAD,ELECTRICL POL,15FEET,0.0,0.0
Bengaluru City,Banasawadi Traffic PS,1.04432e+16,2023,1,2,Road Accidents,Narrow road,City/Town,Near School or College,Human Error,Yes,Fatal,Vehicle to Vehicle,Police / Manual,Not Applicable,Others,Bitumen(Tar),Dry,Not Applicable,Fine,HENNURU SERVICE ROAD,ROYAL MANAGEMENT OF STUDIES,22 FT,0.0,0.0
Bengaluru City,Banasawadi Traffic PS,1.04432e+16,2023,1,1,Road Accidents,Narrow road,City/Town,In bazaar,Human Error,Yes,Grievous Injury,Hit pedestrian,Not at  Junction,Others,Two way,Bitumen(Tar),Dry,Not Applicable,Clear,KAMMANAHALLI MAIN ROAD,NEAR ELECTRIC POLE,40FEET,0.0,0.0
Bengaluru City,Banasawadi Traffic PS,1.04432e+16,2023,1,3,Road Accidents,Not Applicable,City/Town,Near School or College,Not Applicable,No,Grievous Injury,Vehicle to Vehicle,Not at  Junction,Straight and flat,Residential Street,Bitumen(Tar),Dry,Not Applicable,Clear,HENNURU KACHARAKANAHALLI MAIN ROAD,TREE,5ft,0.0,0.0
Bengaluru City,Banasawadi Traffic PS,1.04432e+16,2023,1,2,Road Accidents,Narrow road,City/Town,Near office complex,Human Error,No,Grievous Injury,Vehicle to Vehicle,Not at  Junction,Others,Two way,Bitumen(Tar),Dry,Not Applicable,Clear,KAMMANAHALLI MAIN ROAD,NEAR ELECTRIC POLE,10FEET,13.019465,77.640044
Bengaluru City,Banasawadi Traffic PS,1.04432e+16,2023,1,2,Road Accidents,Narrow road,City/Town,Near office complex,Not Applicable,Yes,Damage Only,Vehicle to Vehicle,Controlled,Straight and flat,Two way,Bitumen(Tar),Dry,Not Applicable,Cloudy,5TH MAIN ROAD NEAR OPP BLUE TOKAI CAFE,NEAR ELECTRICL POLE,10 FEE,13.235687,77.256895
Bengaluru City,Banasawadi Traffic PS,1.04432e+16,2023,1,2,Road Accidents,Narrow road,City/Town,Near office complex,Human Error,Yes,Fatal,Vehicle to Vehicle,Not at  Junction,Straight and flat,Two way,Bitumen(Tar),Dry,Not Applicable,Clear,HORAVARTHULA MAIN ROAD,ELECTRICL POL,5ft,0.0,0.0
Bengaluru City,Banasawadi Traffic PS,1.04432e+16,2023,1,1,Road Accidents,Not Applicable,City/Town,Near Bus stop,Human Error,No,Grievous Injury,Not Applicable,Uncontrolled,Not Applicable,One way,Concrete,Dry,Not Applicable,Clear,OUTER RING ROAD HENNUR UNDER PASS,TRAFFIC BLINKAR,15FEET,13.019465,77.640025
Bengaluru City,Banasawadi Traffic PS,1.04432e+16,2023,1,2,Road Accidents,Narrow road,City/Town,Near office complex,Human Error,No,Grievous Injury,Vehicle to Vehicle,Not at  Junction,Not Applicable,Two way,Bitumen(Tar),Dry,Not Applicable,Fine,5TH MAIN ROAD HRBR LAYOUT,NEAR GREEN TREE,27FEET,0.0,0.0
Bengaluru City,Banasawadi Traffic PS,1.04432e+16,2023,1,2,Road Accidents,Cross roads,City/Town,Near Hospital,Human Error,No,Simple Injury,Vehicle to Vehicle,No signal lights,Others,Others,Bitumen(Tar),Dry,Not Applicable,Clear,HENNUR  SERVICE ROAD NEAR CEFFI CEFE DAY,STREET LIGHT,21FEET,0.0,0.0
Bengaluru City,Banasawadi Traffic PS,1.04432e+16,2023,1,2,Road Accidents,Not Applicable,City/Town,Near Hospital,Not Applicable,No,Damage Only,Vehicle to Vehicle,Not at  Junction,Straight and flat,Service Road,Bitumen(Tar),Dry,Not Applicable,Clear,OUTER RING ROAD HORAMAVU TO KALYANA NAGAR SERVICE ROAD,ELECTRICL POL,6FT,13.020947,77.650928
Bengaluru City,Banasawadi Traffic PS,1.04432e+16,2023,1,2,Road Accidents,Not Applicable,City/Town,Near Bus stop,Human Error,No,Grievous Injury,Hit pedestrian,No signal lights,Others,Two way,Bitumen(Tar),Others,Not Applicable,Clear,JAYABHARAT NAGAR BUS STOP,STREET LIGHT,30FT,13.456325,77.254645
Bengaluru City,Banasawadi Traffic PS,1.04432e+16,2023,1,1,Road Accidents,Narrow road,City/Town,Open area,Human Error,Yes,Grievous Injury,Hit pedestrian,Uncontrolled,Straight and flat,Two way,Bitumen(Tar),Dry,Not Applicable,Clear,NEAR LINGARAJAPURAM BRIDGE,NEAR ELECTRIC POLE,12FEET,13.011028,77.624954
Bengaluru City,Banasawadi Traffic PS,1.04432e+16,2023,1,3,Road Accidents,Narrow road,City/Town,Open area,Human Error,No,Grievous Injury,Vehicle to Vehicle,Signal lights Automatic,Straight and flat,Two way,Bitumen(Tar),Dry,Not Applicable,Clear,KACHARAKANA HALLI MAIN ROAD,NEAR ELECTRIC POLE,22 FT,13.019466,77.640068
Bengaluru City,Banasawadi Traffic PS,1.04432e+16,2023,1,1,Road Accidents,Junction,City/Town,Near Bus stop,Not Applicable,Not Applicable,Grievous Injury,Hit pedestrian,Signal lights Automatic,Straight and flat,Residential Street,Concrete,Dry,Not Applicable,Clear,BANASAWADI MAIN ROAD,NEAR BUS STOP,22 FT,13.258956,77.256869
Bengaluru City,Banasawadi Traffic PS,1.04432e+16,2023,1,2,Road Accidents,Narrow road,City/Town,Open area,Vehicle Defect,Yes,Damage Only,Vehicle to Vehicle,Uncontrolled,Not Applicable,Two way,Bitumen(Tar),Dry,Not Applicable,Clear,OUTER RING ROAD HENNURU UNDER PASS,UNDER PASS WALL,18FEET,13.005318,77.635478
Bengaluru City,Banasawadi Traffic PS,1.04432e+16,2023,1,1,Road Accidents,Narrow road,City/Town,Near School or College,Human Error,No,Grievous Injury,Not Applicable,Police / Manual,Others,Two way,Bitumen(Tar),Dry,Not Applicable,Cloudy,HENNURU TO KALYANANAGARA,NEAR ELECTRIC POLE,10FEET,0.0,0.0
Bengaluru City,Banasawadi Traffic PS,1.04432e+16,2023,1,2,Road Accidents,Narrow road,City/Town,Open area,Human Error,No,Grievous Injury,Vehicle to Vehicle,Not at  Junction,Straight and flat,Two way,Bitumen(Tar),Dry,Not Applicable,Clear,OLD BAYAPPANAHALLI MAIN ROAD,NEAR ELECTRIC POLE,20 FT,13.011028,77.624954
Bengaluru City,Banasawadi Traffic PS,1.04432e+16,2023,1,2,Road Accidents,Narrow road,City/Town,Near Hospital,Human Error,No,Grievous Injury,Vehicle to Vehicle,Uncontrolled,Straight and flat,Two way,Bitumen(Tar),Dry,Not Applicable,Cloudy,KAMMANAHALLI MAIN ROAD,NEAR ELECTRIC POLE,23FT,0.0,0.0
Bengaluru City,Banasawadi Traffic PS,1.04432e+16,2023,1,2,Road Accidents,Narrow road,City/Town,Near School or College,Human Error,No,Grievous Injury,Vehicle to Vehicle,Signal lights Automatic,Straight and flat,Two way,Bitumen(Tar),Dry,Not Applicable,Clear,HENNUR MAIN ROAD,NEAR ELECTRICAL POLE,23 FT,0.0,0.0
Bengaluru City,Banasawadi Traffic PS,1.04432e+16,2023,1,1,Road Accidents,Bottleneck,City/Town,In bazaar,Human Error,No,Fatal,Hit pedestrian,Police / Manual,Curve,Others,Concrete,Dry,Construction Work / Material,Fine,zudio complex under pass,zudio complex,0.5 km,0.0,0.0
Bengaluru City,Banasawadi Traffic PS,1.04432e+16,2023,1,1,Road Accidents,Narrow road,City/Town,Near a religious place,Human Error,No,Fatal,Hit pedestrian,Not at  Junction,Straight and flat,Two way,Bitumen(Tar),Dry,Not Applicable,Cloudy,BANASAWADI MAIN ROAD,NEAR ELECTRIC POLE,13,0.0,0.0
Bengaluru City,Banasawadi Traffic PS,1.04432e+16,2023,1,5,Road Accidents,Junction,City/Town,Residential area,Not Applicable,No,Damage Only,Vehicle to Vehicle,Police / Manual,Others,Service Road,Concrete,Dry,Not Applicable,Clear,KALYANA NAGAR FLY OVER JUNCTION,ELECTRICL POL,13FEET,13.022379,77.640025
Bengaluru City,Banasawadi Traffic PS,1.04432e+16,2023,1,1,Road Accidents,Narrow road,City/Town,Near Bus stop,Human Error,No,Simple Injury,Not Applicable,Controlled,Straight and flat,Two way,Bitumen(Tar),Dry,Not Applicable,Cloudy,OUTER RING ROAD KAMMANAHALLI,NEAR ELECTRIC POLE,20FEET,0.0,0.0
Bengaluru City,Banasawadi Traffic PS,1.04432e+16,2023,1,2,Road Accidents,Narrow road,City/Town,Near Bus stop,Not Applicable,Yes,Grievous Injury,Vehicle to Vehicle,Controlled,Straight and flat,Two way,Bitumen(Tar),Dry,Not Applicable,Clear,KALYANANAGARA 80 FEET ROAD,NEAR BY FLAG POLE,30FT,0.0,0.0
Bengaluru City,Banasawadi Traffic PS,1.04432e+16,2023,1,2,Road Accidents,Bottleneck,City/Town,Narrow bridge or culverts,Human Error,Yes,Fatal,Vehicle to Vehicle,Police / Manual,Straight and flat,Others,Concrete,Dry,Not Applicable,Fine,OUTER RING ROAD KALYANANANAGARA FLYOVER,KALYANANAGARA FLYOVER,2 KM,0.0,0.0
Bengaluru City,Banasawadi Traffic PS,1.04432e+16,2023,1,1,Road Accidents,Not Applicable,City/Town,Residential area,Not Applicable,Not Applicable,Simple Injury,Not Applicable,Not at  Junction,Straight and flat,Sub Arterial,Concrete,Dry,Not Applicable,Others,80 feet road banasawadi,ELECTRICL POL,15FEET,13.235685,77.256894
Bengaluru City,Banasawadi Traffic PS,1.04432e+16,2023,1,1,Road Accidents,Narrow road,City/Town,Near office complex,Human Error,No,Grievous Injury,Hit pedestrian,Police / Manual,Curve,Service Road,Bitumen(Tar),Dry,Not Applicable,Clear,OUTER RING ROAD SERVICE ROAD HORAMAVU JUNCTION,NEAR ELECTRICL POLE,6 FEET,13.235686,77.235865
Bengaluru City,Banasawadi Traffic PS,1.04432e+16,2023,1,2,Road Accidents,Not Applicable,City/Town,Open area,Not Applicable,Yes,Grievous Injury,Vehicle to Vehicle,Not Applicable,Straight and flat,Two way,Bitumen(Tar),Dry,Not Applicable,Cloudy,KAMMANAHALLI MAIN ROAD,NEAR ELECTRIC POLE,20,0.0,0.0
Bengaluru City,Banasawadi Traffic PS,1.04432e+16,2023,1,2,Road Accidents,Narrow road,City/Town,Near office complex,Human Error,Yes,Grievous Injury,Vehicle to Vehicle,Uncontrolled,Others,Two way,Bitumen(Tar),Dry,Not Applicable,Fine,CHIKKABANASAWADI MAIN ROAD,NEAR BY GREEN TREE,12FEET,0.0,0.0
Bengaluru City,Banasawadi Traffic PS,1.04432e+16,2023,1,2,Road Accidents,Circle,City/Town,In bazaar,Human Error,No,Grievous Injury,Vehicle to Vehicle,Police / Manual,Curve,Service Road,Bitumen(Tar),Dry,Not Applicable,Fine,HENNURU SERVICE ROAD,OPP HENNURU BUS DIPO,50 MET,0.0,0.0
Bengaluru City,Banasawadi Traffic PS,1.04432e+16,2023,1,2,Road Accidents,Junction,City/Town,Residential area,Human Error,No,Grievous Injury,Vehicle to Vehicle,Not Applicable,Straight and flat,Two way,Bitumen(Tar),Dry,Not Applicable,Clear,OM SHEKTHI TEMPLE ROAD NEAR KTM AHOW  ROOM,TREE,13FEET,0.0,0.0
Bengaluru City,Banasawadi Traffic PS,1.04432e+16,2023,1,2,Road Accidents,Junction,City/Town,Near Hospital,Not Applicable,No,Grievous Injury,Vehicle to Vehicle,Police / Manual,Others,Not Applicable,Bitumen(Tar),Dry,Not Applicable,Clear,HENNUR JUNCTION,PILLAR,10FEET,13.027652,77.632645
Bengaluru City,Banasawadi Traffic PS,1.04432e+16,2023,1,2,Road Accidents,Narrow road,City/Town,Near office complex,Not Applicable,Yes,Damage Only,Vehicle to Vehicle,Controlled,Straight and flat,Two way,Bitumen(Tar),Dry,Not Applicable,Clear,HENNURU MAIN ROAD,NEAR SBI BANK,12FT,0.0,0.0
Bengaluru City,Banasawadi Traffic PS,1.04432e+16,2023,1,2,Road Accidents,Narrow road,City/Town,Narrow bridge or culverts,Human Error,No,Grievous Injury,Vehicle to Vehicle,Police / Manual,Others,Two way,Bitumen(Tar),Dry,Not Applicable,Cloudy,BANASAWADI MAIN ROAD,NEAR MUKUNDA TEATER,100MT,0.0,0.0
Bengaluru City,Banasawadi Traffic PS,1.04432e+16,2023,1,2,Road Accidents,Narrow road,City/Town,Open area,Human Error,No,Grievous Injury,Vehicle to Vehicle,Uncontrolled,Straight and flat,One way,Bitumen(Tar),Dry,Not Applicable,Clear,OUTER RING ROAD HENNURU UNDER PASS,NEAR UNDER PASS WALL,29FT,13.156895,77.265898
Bengaluru City,Banasawadi Traffic PS,1.04432e+16,2023,1,1,Road Accidents,Narrow road,City/Town,Open area,Human Error,No,Simple Injury,Not Applicable,Uncontrolled,Straight and flat,Two way,Bitumen(Tar),Dry,Not Applicable,Cloudy,RING ROAD HENNURU JUNCTION,UNDER PASS BRIDGE,31FET,0.0,0.0
Bengaluru City,Banasawadi Traffic PS,1.04432e+16,2023,1,1,Road Accidents,Narrow road,City/Town,Near office complex,Vehicle Defect,No,Not Applicable,Not Applicable,Police / Manual,Straight and flat,Two way,Bitumen(Tar),Dry,Not Applicable,Cloudy,KAMMANAHALLI MAIN ROAD,NEAR MARIYAPPA CIRCLE,20FT,0.0,0.0
Bengaluru City,Banasawadi Traffic PS,1.04432e+16,2023,1,2,Road Accidents,Bottleneck,City/Town,In bazaar,Human Error,Yes,Fatal,Vehicle to Vehicle,Police / Manual,Straight and flat,Two way,Bitumen(Tar),Dry,No influence on accident,Fine,HORAMAVU SERVICE ROAD,NEAR RELIANCE SHOW ROOM,100 FT,0.0,0.0
Bengaluru City,Banasawadi Traffic PS,1.04432e+16,2023,1,2,Road Accidents,Curves,City/Town,Near School or College,Human Error,No,Grievous Injury,Vehicle to Vehicle,No signal lights,Others,Others,Concrete,Others,Not Applicable,Clear,RING ROAD KALYANA NAGAR FLYOVER NEAR ROYAL  CONCORD SCHOOL,STREET LIGHT,10FEET,0.0,0.0
Bengaluru City,Banasawadi Traffic PS,1.04432e+16,2023,1,2,Road Accidents,Not Applicable,City/Town,Narrow bridge or culverts,Not Applicable,No,Grievous Injury,Vehicle to Vehicle,Not Applicable,Others,Not Applicable,Bitumen(Tar),Dry,Not Applicable,Clear,HENNURU KACHARAKANAHALLI MAIN ROAD,ELECTRICL POL,15FEET,0.0,0.0
Bengaluru City,Banasawadi Traffic PS,1.04432e+16,2023,1,1,Road Accidents,Narrow road,City/Town,Near Bus stop,Human Error,No,Grievous Injury,Hit pedestrian,Controlled,Straight and flat,Two way,Bitumen(Tar),Dry,Not Applicable,Clear,HENNURU BAGALURU MAIN ROAD,ELECTRICL POL,8FT,0.0,0.0
Bengaluru City,Banasawadi Traffic PS,1.04432e+16,2023,1,1,Road Accidents,Narrow road,City/Town,Open area,Human Error,No,Grievous Injury,Hit pedestrian,Controlled,Straight and flat,Two way,Bitumen(Tar),Dry,Not Applicable,Clear,OPP RAJKUMAR BDA PARK ROAD,NEAR ELECTRIC POLE,11FT,0.0,0.0
Bengaluru City,Banasawadi Traffic PS,1.04432e+16,2023,1,1,Road Accidents,Narrow road,City/Town,Open area,Human Error,No,Grievous Injury,Hit pedestrian,Uncontrolled,Not Applicable,Two way,Bitumen(Tar),Dry,Not Applicable,Cloudy,BANASAWADI 80FEET ROAD,NEAR KARNATAKA BIRIYANI CENTER,30FT,0.0,0.0
Bengaluru City,Banasawadi Traffic PS,1.04432e+16,2023,1,1,Not Applicable,Not Applicable,City/Town,Near School or College,Not Applicable,Not Applicable,Grievous Injury,Not Applicable,Not at  Junction,Not Applicable,Two way,Concrete,Dry,Not Applicable,Fine,CMR MAIN ROAD,NEAR TEACHEARS ACADEMY CMR ROAD,0.5 FT,0.0,0.0
Bengaluru City,Banasawadi Traffic PS,1.04432e+16,2023,1,2,Road Accidents,Not Applicable,City/Town,Residential area,Not Applicable,No,Damage Only,Vehicle to Vehicle,Not at  Junction,Straight and flat,Others,Bitumen(Tar),Dry,Not Applicable,Clear,3RD CROSS RAMAIAH LAYOUT KAMMANHALLI,NEAR A2B HOTEL,13 FT,0.0,0.0
Bengaluru City,Banasawadi Traffic PS,1.04432e+16,2023,1,1,Road Accidents,Cross roads,City/Town,Near a religious place,Human Error,No,Grievous Injury,Not Applicable,Police / Manual,Others,Two way,Bitumen(Tar),Dry,Not Applicable,Cloudy,KACHARAKANAHALLI MAIN ROAD,NEAR GENESHA TEMPLE,100,13.018455,77.632133
Bengaluru City,Banasawadi Traffic PS,1.04432e+16,2023,1,2,Road Accidents,Junction,City/Town,Near School or College,Human Error,No,Grievous Injury,Vehicle to Vehicle,Controlled,Not Applicable,Two way,Bitumen(Tar),Dry,Pot holed,Clear,HENNURU KAMMANAHALLI MAIN ROAD JOYTHI SCHOOL JUNCATION,STREET LIGHT,22,13.016066,77.629238
Bengaluru City,Banasawadi Traffic PS,1.04432e+16,2023,1,4,Road Accidents,Narrow road,City/Town,Open area,Vehicle Defect,No,Damage Only,Vehicle to Vehicle,Not at  Junction,Straight and flat,Two way,Bitumen(Tar),Dry,Not Applicable,Clear,80 FEET ROAD KALYANA NAGARA,NEAR ELECTRIC POLE,33 FT,13.020316,77.643196
Bengaluru City,Banashankari Traffic PS,1.04432e+16,2016,1,2,Road Accidents,Other,City/Town,Near Petrol Pump,Human Error,No,Simple Injury,Head on,Uncontrolled,Straight and flat,City or Town Road,Surfaced,Others,Not Applicable,Clear,ATTIMABBE MAIN ROAD,NEAR COFFE DAY,1.5 KM,0.0,0.0
Bengaluru City,Banashankari Traffic PS,1.04432e+16,2016,1,1,Road Accidents,Not Applicable,City/Town,Near Bus stop,Human Error,No,Grievous Injury,Others,Controlled,Straight and flat,City or Town Road,Bitumen(Tar),Others,No influence on accident,Clear,100 FEET RING ROAD,NEAR BUS STOP,50FT,0.0,0.0
Bengaluru City,Banashankari Traffic PS,1.04432e+16,2016,1,1,Road Accidents,Cross roads,City/Town,Near Bus stop,Human Error,Yes,Simple Injury,Hit and Run,Not at  Junction,Curve,City or Town Road,Bitumen(Tar),Others,No influence on accident,Clear,100 FEET ROAD,NEAR KADIRENAHALLI BUS STOP,50 FT,0.0,0.0
Bengaluru City,Banashankari Traffic PS,1.04432e+16,2016,1,1,Road Accidents,Cross roads,City/Town,Near Hospital,Human Error,No,Simple Injury,Hit pedestrian,Controlled,Straight and flat,City or Town Road,Bitumen(Tar),Others,Not Applicable,Clear,23 CROSS K R ROAD,NEAR APPARTMENT,50FT,0.0,0.0
Bengaluru City,Banashankari Traffic PS,1.04432e+16,2016,1,1,Road Accidents,Cross roads,City/Town,Near Bus stop,Human Error,Yes,Simple Injury,Hit and Run,Uncontrolled,Straight and flat,City or Town Road,Bitumen(Tar),Others,No influence on accident,Clear,ATTIMABBE ROAD,NEAR APPARTMENT,50FEET,0.0,0.0
Bengaluru City,Banashankari Traffic PS,1.04432e+16,2016,1,2,Road Accidents,Cross roads,City/Town,At pedestrian Crossing,Human Error,No,Grievous Injury,Others,Signal lights Automatic,Curve,City or Town Road,Bitumen(Tar),Others,Not Applicable,Clear,K R ROAD,NEAR HOTEL,50 FT,0.0,0.0
Bengaluru City,Banashankari Traffic PS,1.04432e+16,2016,1,2,Road Accidents,Round about or Circle,City/Town,Near Bus stop,Vehicle Defect,Yes,Damage Only,Others,Controlled,Straight and flat,City or Town Road,Bitumen(Tar),Others,Not Applicable,Clear,BSK BUS STAND,NEAR BUS STOP,100FT,0.0,0.0
Bengaluru City,Banashankari Traffic PS,1.04432e+16,2016,1,1,Road Accidents,Other,City/Town,Open area,Human Error,Yes,Simple Injury,Hit and Run,Uncontrolled,Straight and flat,City or Town Road,Bitumen(Tar),Not Applicable,No influence on accident,Clear,SARABANDEPALLYA SUBRAMANYAPURA MAIN ROAD,NEAR WATER TANK,50FT,0.0,0.0
Bengaluru City,Banashankari Traffic PS,1.04432e+16,2016,1,2,Road Accidents,Cross roads,City/Town,Open area,Human Error,No,Damage Only,Others,No signal lights,Incline,City or Town Road,Bitumen(Tar),Others,No influence on accident,Clear,T R NAGAR 2ND MAIN,NEAR HOTEL,50 FT,0.0,0.0
Bengaluru City,Banashankari Traffic PS,1.04432e+16,2016,1,2,Road Accidents,Cross roads,City/Town,Residential area,Human Error,Yes,Simple Injury,Hit and Run,Uncontrolled,Others,City or Town Road,Bitumen(Tar),Others,No influence on accident,Clear,1ST CROSS 4TH BLOCK VIDYANAGARA,NEAR BUS STOP,50FT,0.0,0.0
Bengaluru City,Banashankari Traffic PS,1.04432e+16,2016,1,2,Road Accidents,Junction,City/Town,Open area,Human Error,Yes,Simple Injury,Hit and Run,Controlled,Straight and flat,City or Town Road,Bitumen(Tar),Not Applicable,No influence on accident,Clear,WATER TANK ROAD,NEAR SIGNEL LIGHT,50FT,0.0,0.0
Bengaluru City,Banashankari Traffic PS,1.04432e+16,2016,1,2,Road Accidents,Cross roads,City/Town,Residential area,Vehicle Defect,No,Damage Only,Head on,Uncontrolled,Straight and flat,City or Town Road,Bitumen(Tar),Not Applicable,No influence on accident,Clear,2ND MAIN,NEAR MEERA  MED PLUS SHOP,50FT,0.0,0.0
Bengaluru City,Banashankari Traffic PS,1.04432e+16,2016,1,2,Road Accidents,Junction,City/Town,Residential area,Human Error,Yes,Simple Injury,Others,Controlled,Straight and flat,City or Town Road,Bitumen(Tar),Others,Not Applicable,Clear,KATTARIGUPPE WATER TANK ROAD,NEAR KATTARIGUPPE SIGNEL,50FT,0.0,0.0
Bengaluru City,Banashankari Traffic PS,1.04432e+16,2016,1,2,Road Accidents,Narrow road,City/Town,Near Hospital,Vehicle Defect,Not Applicable,Simple Injury,Not Applicable,Not Applicable,Not Applicable,Two way,Concrete,Dry,No influence on accident,Clear,ITTAMDDU MAIN ROAD NESR SHANKAR APARTMENT,1,1,0.0,0.0
Bengaluru City,Banashankari Traffic PS,1.04432e+16,2016,1,1,Road Accidents,Cross roads,City/Town,In bazaar,Human Error,Yes,Simple Injury,Others,Not at  Junction,Curve,City or Town Road,Bitumen(Tar),Others,No influence on accident,Clear,100 FEET RING ROAD,NEAR BUS STOP,50 FT,0.0,0.0
Bengaluru City,Banashankari Traffic PS,1.04432e+16,2016,1,1,Road Accidents,Cross roads,City/Town,Near Bus stop,Human Error,Yes,Simple Injury,Others,Uncontrolled,Others,City or Town Road,Bitumen(Tar),Others,Not Applicable,Clear,12 TH CROSS NEAR POOJA HARBAL BEAUTY PARLOUR TR NAGARA,NEAR APARTMENT,50FT,0.0,0.0
Bengaluru City,Banashankari Traffic PS,1.04432e+16,2016,1,1,Road Accidents,Cross roads,City/Town,At pedestrian Crossing,Human Error,Yes,Grievous Injury,Others,Not at  Junction,Incline,City or Town Road,Bitumen(Tar),Others,Not Applicable,Clear,1ST CROSS ROAD,NEAR UPENDRA HOUSE,50 FT,0.0,0.0
Bengaluru City,Banashankari Traffic PS,1.04432e+16,2016,1,2,Road Accidents,Junction,City/Town,Near Bus stop,Human Error,Yes,Damage Only,Others,Signal lights Automatic,Curve,City or Town Road,Bitumen(Tar),Not Applicable,Not Applicable,Clear,100 FEET RING ROAD,BUS STAND,50 FT,0.0,0.0
Bengaluru City,Banashankari Traffic PS,1.04432e+16,2016,1,2,Road Accidents,T Junction,City/Town,Near Hospital,Human Error,Yes,Grievous Injury,Others,Not at  Junction,Curve,City or Town Road,Bitumen(Tar),Others,Not Applicable,Clear,PUTTALINGAIAH ROAD,SHALINI VEG HOTEL,50 FT,0.0,0.0
Bengaluru City,Banashankari Traffic PS,1.04432e+16,2016,1,2,Road Accidents,Junction,City/Town,Near Bus stop,Human Error,Yes,Simple Injury,Others,Uncontrolled,Straight and flat,City or Town Road,Surfaced,Others,Not Applicable,Clear,ITTAMADU MAIN ROAD,NEAR V B BEKARI,2 KM,0.0,0.0
Bengaluru City,Banashankari Traffic PS,1.04432e+16,2016,1,1,Road Accidents,Cross roads,City/Town,Near Bus stop,Vehicle Defect,No,Not Applicable,Others,No signal lights,Curve,Mixed,Not Applicable,Others,No influence on accident,Not Applicable,bsk 2nd stage,NEAR BANK,1,0.0,0.0
Bengaluru City,Banashankari Traffic PS,1.04432e+16,2016,1,2,Road Accidents,Junction,City/Town,Near Bus stop,Human Error,Yes,Simple Injury,Not Applicable,Controlled,Straight and flat,City or Town Road,Bitumen(Tar),Others,No influence on accident,Clear,100 FEET RING ROAD KATTARIGUPPE SIGNEL,NEAR H D F C BANK,50FT,0.0,0.0
Bengaluru City,Banashankari Traffic PS,1.04432e+16,2016,1,1,Road Accidents,Cross roads,City/Town,Open area,Human Error,Yes,Simple Injury,Hit and Run,Uncontrolled,Straight and flat,City or Town Road,Bitumen(Tar),Not Applicable,No influence on accident,Clear,PUTTALINGAIAH ROAD,NEAR SUPER MARKET,50FT,0.0,0.0