DISTRICTNAME,UNITNAME,Crime_No,Year,RI,Noofvehicle_involved,Accident_Classification,Accident_Spot,Accident_Location,Accident_SubLocation,Main_Cause,Hit_Run,Severity,Collision_Type,Junction_Control,Road_Character,Road_Type,Surface_Type,Surface_Condition,Road_Condition,Weather,Accident_Road,Landmark_first,Distance_LandMark_First,Latitude,Longitude
Bengaluru City,Banashankari Traffic PS,1.04432e+16,2016,1,2,Road Accidents,Circle,City/Town,Near Bus stop,Human Error,No,Simple Injury,Others,Not at  Junction,Curve,City or Town Road,Bitumen(Tar),Others,No influence on accident,Clear,5TH MAIN T R NAGARA,NEAR SLV HOTEL,50 FT,0.0,0.0
Bengaluru City,Banashankari Traffic PS,1.04432e+16,2016,1,2,Road Accidents,Cross roads,City/Town,Near Bus stop,Human Error,No,Simple Injury,Head on,Uncontrolled,Straight and flat,City or Town Road,Bitumen(Tar),Not Applicable,No influence on accident,Clear,SUBRAMANYA PURA MAIN ROAD,NEAR BUS STOP,50FT,0.0,0.0
Bengaluru City,Banashankari Traffic PS,1.04432e+16,2016,1,1,Road Accidents,Junction,City/Town,Near Bus stop,Human Error,No,Simple Injury,Others,Signal lights Automatic,Curve,City or Town Road,Bitumen(Tar),Others,No influence on accident,Clear,KANAKAPURA MAIN ROAD,NEAR BUS STOP,50 FT,0.0,0.0
Bengaluru City,Banashankari Traffic PS,1.04432e+16,2016,1,1,Road Accidents,Junction,City/Town,Near Bus stop,Not Applicable,No,Damage Only,Hit fixed object,Controlled,Straight and flat,City or Town Road,Bitumen(Tar),Not Applicable,No influence on accident,Clear,100 FEET RING ROAD,NEAR SIGNEL LIGHT,50 FT,0.0,0.0
Bengaluru City,Banashankari Traffic PS,1.04432e+16,2016,1,1,Road Accidents,Narrow road,City/Town,Near office complex,Vehicle Defect,No,Damage Only,Head on,Controlled,Curve,City or Town Road,Bitumen(Tar),Not Applicable,No influence on accident,Clear,100 FEET RING ROAD,NEAR BUS STOP,50 FTT,12.93532,77.53602
Bengaluru City,Banashankari Traffic PS,1.04432e+16,2016,1,1,Not Applicable,Cross roads,City/Town,Near office complex,Human Error,No,Damage Only,Others,Not at  Junction,Curve,City or Town Road,Bitumen(Tar),Others,No influence on accident,Clear,"K R ROAD, BSK 2ND STAGE",NEAR HOTEL,50 FT,0.0,0.0
Bengaluru City,Banashankari Traffic PS,1.04432e+16,2016,1,2,Road Accidents,Cross roads,City/Town,Residential area,Human Error,Not Applicable,Simple Injury,Others,Not at  Junction,Curve,City or Town Road,Bitumen(Tar),Others,Not Applicable,Clear,13 TH CROSS ROAD,K R ROAD SIGNAL,50 FT,0.0,0.0
Bengaluru City,Banashankari Traffic PS,1.04432e+16,2016,1,2,Road Accidents,Cross roads,City/Town,Near Hospital,Human Error,No,Simple Injury,Others,Not at  Junction,Curve,City or Town Road,Bitumen(Tar),Others,No influence on accident,Clear,WATER TANK ROAD KATHARIGUPPE,NEAR HOSPITAL,50 FT,0.0,0.0
Bengaluru City,Banashankari Traffic PS,1.04432e+16,2016,1,2,Road Accidents,Other,City/Town,Near a recreation place/cinema,Vehicle Defect,No,Damage Only,Not Applicable,Controlled,Straight and flat,City or Town Road,Bitumen(Tar),Not Applicable,No influence on accident,Clear,100 FEET RING ROAD,NEAR KAMAKYA THIYETAR,50 FT,0.0,0.0
Bengaluru City,Banashankari Traffic PS,1.04432e+16,2016,1,2,Road Accidents,Other,City/Town,Near Petrol Pump,Human Error,Yes,Grievous Injury,Others,Uncontrolled,Straight and flat,City or Town Road,Bitumen(Tar),Others,Not Applicable,Clear,80 FEET ROAD SEETHA CIRCEL,NEAR BUS STOP,50 FT,0.0,0.0
Bengaluru City,Banashankari Traffic PS,1.04432e+16,2016,1,1,Road Accidents,Cross roads,City/Town,Near Bus stop,Human Error,No,Damage Only,Others,Not at  Junction,Curve,City or Town Road,Bitumen(Tar),Others,No influence on accident,Clear,100 FEET RING ROAD,NEAR BUS STOP,50 FT,0.0,0.0
Bengaluru City,Banashankari Traffic PS,1.04432e+16,2016,1,1,Road Accidents,Cross roads,City/Town,Open area,Human Error,No,Simple Injury,Head on,Controlled,Straight and flat,City or Town Road,Bitumen(Tar),Others,No influence on accident,Clear,4TH CROSS JAYANAGARA,NEAR SIGNEL LIGHT,50FT,0.0,0.0
Bengaluru City,Banashankari Traffic PS,1.04432e+16,2016,1,1,Road Accidents,Y Junction,City/Town,Near Bus stop,Human Error,Yes,Simple Injury,Hit and Run,Uncontrolled,Others,City or Town Road,Bitumen(Tar),Not Applicable,No influence on accident,Clear,KAVERINAGARA MAIN ROAD,NEAR BUS STOP,50FT,0.0,0.0
Bengaluru City,Banashankari Traffic PS,1.04432e+16,2016,1,1,Road Accidents,Y Junction,City/Town,Open area,Human Error,No,Simple Injury,Head on,Uncontrolled,Straight and flat,City or Town Road,Bitumen(Tar),Not Applicable,No influence on accident,Clear,17 TH MAIN BSK,NEAR PETROL PUMP,50 FT,0.0,0.0
Bengaluru City,Banashankari Traffic PS,1.04432e+16,2016,1,2,Road Accidents,Other,City/Town,Near Bus stop,Human Error,No,Simple Injury,Not Applicable,Uncontrolled,Straight and flat,City or Town Road,Surfaced,Others,Not Applicable,Clear,SRINIVASANAGARA MAIN ROAD,NEAR SCHOOL,50 FT,0.0,0.0
Bengaluru City,Banashankari Traffic PS,1.04432e+16,2016,1,2,Road Accidents,Cross roads,City/Town,Residential area,Human Error,Yes,Grievous Injury,Others,Uncontrolled,Curve,City or Town Road,Bitumen(Tar),Others,Not Applicable,Clear,ITTAMADU MAIN ROAD,ITTAMADU MAIN ROAD,2 KM,0.0,0.0
Bengaluru City,Banashankari Traffic PS,1.04432e+16,2016,1,2,Road Accidents,Junction,City/Town,Open area,Vehicle Defect,No,Damage Only,Others,Uncontrolled,Straight and flat,City or Town Road,Bitumen(Tar),Others,Not Applicable,Clear,14 TH CROSS SHASTRINAGARA,NEAR RK PHOTO STUDIO,50FT,0.0,0.0
Bengaluru City,Banashankari Traffic PS,1.04432e+16,2016,1,2,Road Accidents,Other,City/Town,Residential area,Vehicle Defect,No,Damage Only,Others,Uncontrolled,Straight and flat,City or Town Road,Bitumen(Tar),Others,Not Applicable,Clear,GURURAJA LAYOUT,NEAR BUS STOP,50FEET,0.0,0.0
Bengaluru City,Banashankari Traffic PS,1.04432e+16,2016,1,1,Road Accidents,Junction,City/Town,Near Bus stop,Human Error,Yes,Grievous Injury,Others,Controlled,Straight and flat,City or Town Road,Bitumen(Tar),Others,Not Applicable,Clear,PUTTALINGAIAH ROAD,NEAR BUS STOP,50FEET,0.0,0.0
Bengaluru City,Banashankari Traffic PS,1.04432e+16,2016,1,1,Road Accidents,Not Applicable,City/Town,Near Bus stop,Human Error,Yes,Simple Injury,Others,Controlled,Straight and flat,City or Town Road,Bitumen(Tar),Others,Not Applicable,Clear,ATTIMABBE ROAD,NEAR BUS STOP,50 FT,0.0,0.0
Bengaluru City,Banashankari Traffic PS,1.04432e+16,2016,1,2,Road Accidents,Junction,City/Town,Near Bus stop,Vehicle Defect,No,Grievous Injury,Right Turn Collision,Signal lights Manual,Curve,Others,Not Applicable,Muddy,No influence on accident,Clear,kr road mm indestry junction,1,1,0.0,0.0
Bengaluru City,Banashankari Traffic PS,1.04432e+16,2016,1,1,Road Accidents,Cross roads,City/Town,Residential area,Human Error,No,Simple Injury,Others,Uncontrolled,Straight and flat,City or Town Road,Bitumen(Tar),Not Applicable,No influence on accident,Clear,34TH CROSS 9TH MAIN,NEAR APARTMENT,50 FT,0.0,0.0
Bengaluru City,Banashankari Traffic PS,1.04432e+16,2016,1,2,Road Accidents,Junction,City/Town,Near Bus stop,Human Error,No,Fatal,Right Turn Collision,Controlled,Straight and flat,Others,Bitumen(Tar),Not Applicable,No influence on accident,Clear,KANAKPURA MAIN ROAD,NEAR GOV SCHOOL AND COLLAGE,50FT,0.0,0.0
Bengaluru City,Banashankari Traffic PS,1.04432e+16,2016,1,2,Road Accidents,Cross roads,City/Town,Open area,Human Error,No,Simple Injury,Others,Uncontrolled,Straight and flat,City or Town Road,Bitumen(Tar),Others,Not Applicable,Clear,HOSAKERAHALLI ROAD,NEAR BUS STOP,50FT,0.0,0.0
Bengaluru City,Banashankari Traffic PS,1.04432e+16,2016,1,2,Road Accidents,Cross roads,City/Town,Near Bus stop,Human Error,Not Applicable,Simple Injury,Others,Uncontrolled,Straight and flat,City or Town Road,Bitumen(Tar),Others,No influence on accident,Clear,PUTTALINGAIAH ROAD,NEAR MEDICAL STORE,50FT,12.912643,77.552666
Bengaluru City,Banashankari Traffic PS,1.04432e+16,2016,1,1,Road Accidents,Cross roads,City/Town,Near Bus stop,Human Error,Yes,Simple Injury,Others,Not at  Junction,Curve,City or Town Road,Bitumen(Tar),Others,Not Applicable,Clear,KATHRIGUPPE MAIN ROAD,NEAR BUS STOP,50 FT,0.0,0.0
Bengaluru City,Banashankari Traffic PS,1.04432e+16,2016,1,2,Road Accidents,Curves,City/Town,Near School or College,Human Error,Yes,Grievous Injury,Others,No signal lights,Curve,City or Town Road,Bitumen(Tar),Not Applicable,Not Applicable,Clear,100 FEET RING ROAD,NEAR COLLEGE,50 FT,0.0,0.0
Bengaluru City,Banashankari Traffic PS,1.04432e+16,2016,1,1,Road Accidents,Circle,City/Town,Near Bus stop,Human Error,No,Fatal,Others,Not at  Junction,Curve,City or Town Road,Bitumen(Tar),Others,No influence on accident,Clear,100 FEET RING ROAD,NEAR BMTC DIPOT,50 FT,0.0,0.0
Bengaluru City,Banashankari Traffic PS,1.04432e+16,2016,1,1,Road Accidents,Junction,City/Town,Near Hospital,Human Error,No,Fatal,Side swipe,Controlled,Straight and flat,City or Town Road,Bitumen(Tar),Not Applicable,No influence on accident,Clear,100 FEET RING ROAD,NEAR SIGNEL LIGHT,50FT,0.0,0.0
Bengaluru City,Banashankari Traffic PS,1.04432e+16,2016,1,2,Road Accidents,Cross roads,City/Town,Residential area,Human Error,No,Simple Injury,Others,Uncontrolled,Curve,City or Town Road,Bitumen(Tar),Not Applicable,Not Applicable,Clear,3RD CROSS AND GANESHA TEMPLE ROAD,NEAR GANESHA TEMPLE,50FT,0.0,0.0
Bengaluru City,Banashankari Traffic PS,1.04432e+16,2016,1,2,Road Accidents,Curves,City/Town,Near Petrol Pump,Human Error,No,Simple Injury,Others,Not at  Junction,Curve,City or Town Road,Bitumen(Tar),Others,No influence on accident,Clear,9TH MAIN BSK 2ND STAGE,NEAR BHARTH PETROL PUMP,50 FT,0.0,0.0
Bengaluru City,Banashankari Traffic PS,1.04432e+16,2016,1,1,Road Accidents,Junction,City/Town,Near Bus stop,Human Error,Yes,Simple Injury,Hit and Run,Controlled,Straight and flat,City or Town Road,Bitumen(Tar),Others,No influence on accident,Clear,YARAB NAGARA,NEAR BUS STOP,50FT,0.0,0.0
Bengaluru City,Banashankari Traffic PS,1.04432e+16,2016,1,1,Road Accidents,Cross roads,City/Town,Residential area,Human Error,Yes,Simple Injury,Hit and Run,Uncontrolled,Others,City or Town Road,Bitumen(Tar),Not Applicable,Not Applicable,Clear,5TH CROSS T R NAGRA,NEAR BUS STOP,50FT,0.0,0.0
Bengaluru City,Banashankari Traffic PS,1.04432e+16,2016,1,1,Not Applicable,Junction,City/Town,Near Bus stop,Human Error,No,Not Applicable,Others,Signal lights Automatic,Curve,City or Town Road,Bitumen(Tar),Others,No influence on accident,Clear,100 FEET RING ROAD,NEAR BUS STOP,50 FT,0.0,0.0
Bengaluru City,Banashankari Traffic PS,1.04432e+16,2016,1,1,Road Accidents,Junction,City/Town,Open area,Human Error,No,Simple Injury,Head on,Controlled,Straight and flat,City or Town Road,Bitumen(Tar),Not Applicable,No influence on accident,Clear,2ND MAIN TR NAGARA,50FT,50FT,0.0,0.0
Bengaluru City,Banashankari Traffic PS,1.04432e+16,2016,1,1,Road Accidents,Cross roads,City/Town,Near Bus stop,Human Error,Yes,Simple Injury,Others,Not at  Junction,Curve,City or Town Road,Bitumen(Tar),Others,Not Applicable,Clear,ITTAMADU MAIN ROAD,INFRONT OF HOTEL,50 FT,0.0,0.0
Bengaluru City,Banashankari Traffic PS,1.04432e+16,2016,1,2,Road Accidents,Junction,City/Town,Near School or College,Vehicle Defect,No,Damage Only,Others,Uncontrolled,Straight and flat,City or Town Road,Bitumen(Tar),Not Applicable,Not Applicable,Clear,100 FEET RING ROAD NEAR PESIT COLLAGE,NEAR PESIT COLLAGE,50FT,0.0,0.0
Bengaluru City,Banashankari Traffic PS,1.04432e+16,2016,1,2,Road Accidents,Other,City/Town,Residential area,Human Error,Yes,Simple Injury,Hit and Run,Controlled,Straight and flat,City or Town Road,Bitumen(Tar),Not Applicable,No influence on accident,Clear,ATTIMABBE MAIN ROAD,NEAR SIGNAL LIGHT,50FT,0.0,0.0
Bengaluru City,Banashankari Traffic PS,1.04432e+16,2016,1,2,Road Accidents,Other,City/Town,Residential area,Human Error,Not Applicable,Simple Injury,Head on,Uncontrolled,Not Applicable,City or Town Road,Bitumen(Tar),Others,No influence on accident,Clear,22ND CROSS NEAR BDA COMPLAX,NEAR COFE DAY,50FT,0.0,0.0
Bengaluru City,Banashankari Traffic PS,1.04432e+16,2016,1,2,Road Accidents,Cross roads,City/Town,Near Hospital,Human Error,Not Applicable,Damage Only,Head on,Controlled,Straight and flat,Service Road,Bitumen(Tar),Not Applicable,No influence on accident,Clear,kadirenahalli road,teachers calony,50ft,0.0,0.0
Bengaluru City,Banashankari Traffic PS,1.04432e+16,2016,1,2,Road Accidents,Other,City/Town,Near Bus stop,Human Error,Yes,Grievous Injury,Others,Uncontrolled,Straight and flat,City or Town Road,Bitumen(Tar),Others,Not Applicable,Clear,CHIKALASANDRA MAIN ROAD,NEAR BUS STOP,50FT,0.0,0.0
Bengaluru City,Banashankari Traffic PS,1.04432e+16,2016,1,2,Road Accidents,Not Applicable,City/Town,Near Hospital,Human Error,No,Simple Injury,Others,Controlled,Straight and flat,City or Town Road,Bitumen(Tar),Others,Not Applicable,Clear,100 FEET RING ROAD,50 FEET,50 FEE,0.0,0.0
Bengaluru City,Banashankari Traffic PS,1.04432e+16,2016,1,2,Road Accidents,Cross roads,City/Town,In bazaar,Human Error,No,Simple Injury,Others,Uncontrolled,Others,City or Town Road,Bitumen(Tar),Others,Not Applicable,Clear,N R COLONY 9 TH CROSS,NEAR MARKET,50 FT,0.0,0.0
Bengaluru City,Banashankari Traffic PS,1.04432e+16,2016,1,1,Road Accidents,Other,City/Town,Near Hospital,Human Error,Yes,Grievous Injury,Others,Controlled,Straight and flat,City or Town Road,Bitumen(Tar),Others,No influence on accident,Clear,100 FEET RING ROAD,NEAR HOSPITAL,50FEET,0.0,0.0
Bengaluru City,Banashankari Traffic PS,1.04432e+16,2016,1,2,Road Accidents,Other,City/Town,Open area,Not Applicable,No,Damage Only,Others,Not Applicable,Straight and flat,City or Town Road,Bitumen(Tar),Others,Not Applicable,Clear,K R ROAD OBALAPPA GARDEN,NEAR GARDEN,50 FEE,0.0,0.0
Bengaluru City,Banashankari Traffic PS,1.04432e+16,2016,1,2,Road Accidents,Other,City/Town,Near Bus stop,Human Error,No,Simple Injury,Others,Controlled,Straight and flat,City or Town Road,Bitumen(Tar),Others,Not Applicable,Clear,100 FEET RING ROAD,NEAR HOSPITAL,50FT,0.0,0.0
Bengaluru City,Banashankari Traffic PS,1.04432e+16,2016,1,2,Road Accidents,Other,City/Town,Open area,Human Error,No,Simple Injury,Others,Uncontrolled,Straight and flat,City or Town Road,Bitumen(Tar),Others,Not Applicable,Clear,Nice road,NEAR TEMPLE,50FEET,0.0,0.0
Bengaluru City,Banashankari Traffic PS,1.04432e+16,2016,1,2,Road Accidents,Narrow road,City/Town,Near School or College,Human Error,No,Simple Injury,Others,Controlled,Incline,City or Town Road,Concrete,Dry,No influence on accident,Clear,NEAR MAXMULAR SCHOOL,2,1,0.0,0.0
Bengaluru City,Banashankari Traffic PS,1.04432e+16,2016,1,1,Road Accidents,Not Applicable,City/Town,Near Bus stop,Human Error,No,Simple Injury,Others,Controlled,Straight and flat,City or Town Road,Bitumen(Tar),Not Applicable,Not Applicable,Clear,KANAKAPURA MAIN ROAD,NEAR TEMPLE,50FEET,0.0,0.0
Bengaluru City,Banashankari Traffic PS,1.04432e+16,2016,1,2,Road Accidents,Y Junction,City/Town,Near Hospital,Human Error,No,Simple Injury,Head on,Controlled,Straight and flat,City or Town Road,Bitumen(Tar),Not Applicable,No influence on accident,Clear,100 FEET RING ROAD,NEAR SIGNEL LIGHT,50FT,0.0,0.0
Bengaluru City,Banashankari Traffic PS,1.04432e+16,2016,1,1,Road Accidents,Cross roads,City/Town,Open area,Human Error,No,Not Applicable,Others,Not at  Junction,Curve,City or Town Road,Bitumen(Tar),Not Applicable,Not Applicable,Clear,BHUVANESHWARI NAGARA,CROSS ROAD,50 FT,0.0,0.0
Bengaluru City,Banashankari Traffic PS,1.04432e+16,2016,1,2,Road Accidents,Cross roads,City/Town,Near School or College,Human Error,Yes,Simple Injury,Others,Signal lights Blinking,Curve,City or Town Road,Bitumen(Tar),Others,Not Applicable,Clear,YARAB NAGARA ROAD,INFRONT OF PTSI,50 FT,0.0,0.0
Bengaluru City,Banashankari Traffic PS,1.04432e+16,2016,1,2,Road Accidents,Other,City/Town,Near Hospital,Human Error,Yes,Grievous Injury,Others,Controlled,Straight and flat,City or Town Road,Bitumen(Tar),Others,Not Applicable,Clear,PUTTALINGAIAH ROAD,NEAR HOSPITAL,50FT,0.0,0.0
Bengaluru City,Banashankari Traffic PS,1.04432e+16,2016,1,1,Road Accidents,Cross roads,City/Town,Residential area,Human Error,No,Simple Injury,Others,Not Applicable,Others,City or Town Road,Bitumen(Tar),Others,Not Applicable,Clear,SUBRAMANYAPURA MAIN ROAD,NEAR BUS STOP,50FEET,0.0,0.0
Bengaluru City,Banashankari Traffic PS,1.04432e+16,2016,1,1,Road Accidents,Cross roads,City/Town,Residential area,Human Error,Yes,Simple Injury,Hit and Run,Uncontrolled,Straight and flat,City or Town Road,Bitumen(Tar),Others,No influence on accident,Clear,SUBRAMANYAPURA MAIN ROAD,NEAR PSTT GATE QUATARS,50FT,0.0,0.0
Bengaluru City,Banashankari Traffic PS,1.04432e+16,2016,1,1,Road Accidents,Cross roads,City/Town,Residential area,Human Error,Yes,Simple Injury,Hit and Run,Controlled,Straight and flat,City or Town Road,Bitumen(Tar),Not Applicable,No influence on accident,Clear,WATER TANK ROAD,NEAR PIY SHOWROOM,50FT,0.0,0.0
Bengaluru City,Banashankari Traffic PS,1.04432e+16,2016,1,2,Road Accidents,Other,City/Town,Near Bus stop,Human Error,Yes,Simple Injury,Hit and Run,Controlled,Straight and flat,City or Town Road,Bitumen(Tar),Not Applicable,No influence on accident,Clear,100 FEET RING ROAD,NEAR BUS DEPO,50FT,0.0,0.0
Bengaluru City,Banashankari Traffic PS,1.04432e+16,2016,1,2,Road Accidents,Other,City/Town,Near Bus stop,Vehicle Defect,Yes,Damage Only,Hit and Run,Controlled,Straight and flat,City or Town Road,Bitumen(Tar),Not Applicable,No influence on accident,Clear,100 FEET RING ROAD,NEAR BANGALORE ONE OFFICE,50FT,0.0,0.0
Bengaluru City,Banashankari Traffic PS,1.04432e+16,2016,1,2,Road Accidents,Cross roads,City/Town,Near office complex,Vehicle Defect,No,Damage Only,Others,Uncontrolled,Others,City or Town Road,Bitumen(Tar),Not Applicable,No influence on accident,Clear,10TH CROSS 1ST A MAIN,NEAR COMPLAX,50FT,0.0,0.0
Bengaluru City,Banashankari Traffic PS,1.04432e+16,2016,1,2,Road Accidents,Junction,City/Town,Near Bus stop,Human Error,Yes,Simple Injury,Hit and Run,Signal lights Automatic,Straight and flat,Two way,Bitumen(Tar),Dry,Drainage Ditch,Clear,"kattariguppe,Near water Tank BSK 3ed Stage,Bengalore City",water Tank,500 mi,0.0,0.0
Bengaluru City,Banashankari Traffic PS,1.04432e+16,2016,1,1,Road Accidents,Cross roads,City/Town,Near Bus stop,Human Error,Yes,Simple Injury,Hit and Run,Controlled,Curve,Service Road,Bitumen(Tar),Dry,Drainage Ditch,Clear,"KATTARIGUPPE,MAIN ROAD,BIG BAZAR FRONT.",NEAR BUS STOP,50 FTT,0.0,0.0
Bengaluru City,Banashankari Traffic PS,1.04432e+16,2016,1,1,Road Accidents,Circle,City/Town,Near Bus stop,Human Error,Yes,Fatal,Others,No signal lights,Curve,City or Town Road,Bitumen(Tar),Others,No influence on accident,Clear,K R ROAD,NEAR BUS STOP,50 FT,0.0,0.0
Bengaluru City,Banashankari Traffic PS,1.04432e+16,2016,1,2,Road Accidents,Cross roads,City/Town,Near Bus stop,Human Error,Yes,Damage Only,Hit and Run,Not at  Junction,Curve,City or Town Road,Bitumen(Tar),Others,Not Applicable,Clear,80 FEET ROAD,NEAR BANK,50 FT,0.0,0.0
Bengaluru City,Banashankari Traffic PS,1.04432e+16,2016,1,1,Road Accidents,Cross roads,City/Town,Near School or College,Human Error,Yes,Simple Injury,Hit and Run,Not at  Junction,Curve,City or Town Road,Bitumen(Tar),Others,Not Applicable,Clear,ATHIMABBE ROAD,NEAR COLLEGE,50 FT,0.0,0.0
Bengaluru City,Banashankari Traffic PS,1.04432e+16,2016,1,2,Road Accidents,Junction,City/Town,Near Bus stop,Human Error,Yes,Simple Injury,Others,Signal lights Automatic,Curve,City or Town Road,Bitumen(Tar),Others,Not Applicable,Clear,100 FEET RING ROAD,BUS STOP,50 FT,0.0,0.0
Bengaluru City,Banashankari Traffic PS,1.04432e+16,2016,1,2,Road Accidents,Curves,City/Town,Open area,Human Error,No,Fatal,Others,Not at  Junction,Curve,City or Town Road,Bitumen(Tar),Others,Not Applicable,Clear,100 FEET RING ROAD,NEAR APARTMENT,50 FT,0.0,0.0
Bengaluru City,Banashankari Traffic PS,1.04432e+16,2016,1,1,Road Accidents,Cross roads,City/Town,Near or inside a village,Human Error,No,Damage Only,Others,Not at  Junction,Curve,City or Town Road,Bitumen(Tar),Others,Not Applicable,Clear,ITTAMADU MAIN ROAD,NEAR BUS STOP,50 FT,0.0,0.0
Bengaluru City,Banashankari Traffic PS,1.04432e+16,2016,1,2,Road Accidents,Junction,City/Town,Near Bus stop,Human Error,Yes,Simple Injury,Others,Signal lights Automatic,Curve,City or Town Road,Bitumen(Tar),Others,No influence on accident,Clear,K R ROAD,NEAR UPAHARA SAGAR HOTEL,50 FT,0.0,0.0
Bengaluru City,Banashankari Traffic PS,1.04432e+16,2016,1,2,Road Accidents,Junction,City/Town,Open area,Human Error,No,Simple Injury,Others,Uncontrolled,Straight and flat,City or Town Road,Bitumen(Tar),Not Applicable,Not Applicable,Clear,2ND MAIN 10 TH CROSS,NEAR BUS STOP,50FT,0.0,0.0
Bengaluru City,Banashankari Traffic PS,1.04432e+16,2016,1,3,Road Accidents,Cross roads,City/Town,Open area,Human Error,No,Simple Injury,Not Applicable,Uncontrolled,Straight and flat,City or Town Road,Bitumen(Tar),Not Applicable,No influence on accident,Clear,KANAKAPURA MAIN ROAD,NEAR YADIUR LAKE,50FT,12.932786,77.575568
Bengaluru City,Banashankari Traffic PS,1.04432e+16,2016,1,1,Road Accidents,Other,City/Town,Residential area,Human Error,Yes,Simple Injury,Hit and Run,Uncontrolled,Straight and flat,City or Town Road,Bitumen(Tar),Others,No influence on accident,Clear,2ND MAIN 17TH CROSS,NEAR HOSPITAL,50FT,0.0,0.0
Bengaluru City,Banashankari Traffic PS,1.04432e+16,2016,1,2,Road Accidents,Cross roads,City/Town,Near Bus stop,Human Error,No,Simple Injury,Head on,Uncontrolled,Straight and flat,City or Town Road,Bitumen(Tar),Not Applicable,No influence on accident,Clear,17TH MAIN 25TH CROS,NEAR BUS STOP,50ft,0.0,0.0
Bengaluru City,Banashankari Traffic PS,1.04432e+16,2016,1,1,Road Accidents,Cross roads,City/Town,Near Hospital,Human Error,No,Simple Injury,Head on,Controlled,Straight and flat,City or Town Road,Bitumen(Tar),Not Applicable,No influence on accident,Clear,100 FEET RING ROAD,NEAR HOSPITAL,50 FT,0.0,0.0
Bengaluru City,Banashankari Traffic PS,1.04432e+16,2016,1,1,Road Accidents,Cross roads,City/Town,Open area,Human Error,Yes,Grievous Injury,Hit and Run,Not at  Junction,Others,City or Town Road,Bitumen(Tar),Others,Not Applicable,Clear,7TH MAIN ROAD,NEAR TEMPLE,50 FT,12.554276,77.325535
Bengaluru City,Banashankari Traffic PS,1.04432e+16,2016,1,2,Road Accidents,Junction,City/Town,Near Bus stop,Human Error,No,Damage Only,Others,Signal lights Automatic,Curve,City or Town Road,Bitumen(Tar),Not Applicable,Not Applicable,Clear,KATHARIGUPPE MAIN ROAD,NEAR BUS STOP,50 FT,0.0,0.0
Bengaluru City,Banashankari Traffic PS,1.04432e+16,2016,1,1,Road Accidents,Circle,City/Town,Near a religious place,Human Error,Yes,Grievous Injury,Others,Not at  Junction,Curve,City or Town Road,Bitumen(Tar),Others,Not Applicable,Clear,KATHRIGUPPE MAIN ROAD,VIDYAPEETA CIRCLE,50 FT,0.0,0.0
Bengaluru City,Banashankari Traffic PS,1.04432e+16,2016,1,2,Road Accidents,Narrow road,City/Town,Near Bus stop,Vehicle Defect,Not Applicable,Damage Only,Not Applicable,Not Applicable,Curve,Two way,Concrete,Dry,No influence on accident,Clear,KANAKAPURA MAIN ROAD  BSK BUS STOP,1,1,0.0,0.0
Bengaluru City,Banashankari Traffic PS,1.04432e+16,2016,1,2,Road Accidents,Other,City/Town,Near Hospital,Human Error,Yes,Grievous Injury,Others,Not at  Junction,Straight and flat,City or Town Road,Bitumen(Tar),Others,Not Applicable,Clear,GIRINAGARA VIRABHADRA NAGARA CIRCLE,NEAR HOSPITAL,50 FT,0.0,0.0
Bengaluru City,Banashankari Traffic PS,1.04432e+16,2016,1,1,Road Accidents,Curves,City/Town,Open area,Human Error,Yes,Simple Injury,Others,Not at  Junction,Curve,City or Town Road,Bitumen(Tar),Others,Not Applicable,Clear,24TH MAIN,HOUSE NO 1496,50 FT,0.0,0.0
Bengaluru City,Banashankari Traffic PS,1.04432e+16,2016,1,1,Road Accidents,Cross roads,City/Town,Near School or College,Human Error,Yes,Simple Injury,Hit and Run,Uncontrolled,Straight and flat,City or Town Road,Bitumen(Tar),Not Applicable,No influence on accident,Clear,27TH MAIN,NEAR BNMIT COLLAGE,50FT,0.0,0.0
Bengaluru City,Banashankari Traffic PS,1.04432e+16,2016,1,2,Road Accidents,Other,City/Town,Near Hospital,Human Error,No,Grievous Injury,Head on,Controlled,Straight and flat,City or Town Road,Bitumen(Tar),Others,Not Applicable,Clear,100 FEET RING ROAD,NEAR HOSPITAL,50FEET,0.0,0.0
Bengaluru City,Banashankari Traffic PS,1.04432e+16,2016,1,2,Road Accidents,Junction,City/Town,Near Bus stop,Human Error,No,Damage Only,Others,Signal lights Automatic,Curve,City or Town Road,Bitumen(Tar),Others,No influence on accident,Clear,100 FEET RING ROAD,NEAR ITTAMADU SIGNAL,50FEET,0.0,0.0
Bengaluru City,Banashankari Traffic PS,1.04432e+16,2016,1,2,Road Accidents,Cross roads,City/Town,Open area,Human Error,No,Simple Injury,Others,No signal lights,Curve,City or Town Road,Bitumen(Tar),Others,No influence on accident,Clear,"K R ROAD, BSK 2ND STAGE",NEAR UMAMAHESHWARI TEMPLE,50 FT,0.0,0.0
Bengaluru City,Banashankari Traffic PS,1.04432e+16,2016,1,2,Road Accidents,Cross roads,City/Town,Near Bus stop,Human Error,No,Simple Injury,Head on,Controlled,Not Applicable,Service Road,Bitumen(Tar),Not Applicable,Not Applicable,Clear,100ftt ring road.,katriguppe,2km,0.0,0.0