DISTRICTNAME,UNITNAME,Crime_No,Year,RI,Noofvehicle_involved,Accident_Classification,Accident_Spot,Accident_Location,Accident_SubLocation,Main_Cause,Hit_Run,Severity,Collision_Type,Junction_Control,Road_Character,Road_Type,Surface_Type,Surface_Condition,Road_Condition,Weather,Accident_Road,Landmark_first,Distance_LandMark_First,Latitude,Longitude
Bengaluru City,Banashankari Traffic PS,1.04432e+16,2017,1,2,Road Accidents,Narrow road,City/Town,Residential area,Vehicle Defect,Not Applicable,Damage Only,Not Applicable,Not at  Junction,Curve,One way,Concrete,Dry,No influence on accident,Clear,"NO 1285, 24TH CROSS, BSK 2ND STAGE",1,1,12.925147,77.2561516
Bengaluru City,Banashankari Traffic PS,1.04432e+16,2017,1,2,Road Accidents,Narrow road,City/Town,Near Bus stop,Human Error,Yes,Simple Injury,Hit and Run,Controlled,Straight and flat,City or Town Road,Bitumen(Tar),Others,No influence on accident,Clear,100 FEET RING ROAD,NEAR CHANNAMMA CIRCEL BUS STOP,30 FT,12.9219169,77.5597482
Bengaluru City,Banashankari Traffic PS,1.04432e+16,2017,1,2,Road Accidents,Junction,City/Town,Near Bus stop,Human Error,No,Simple Injury,Others,Controlled,Curve,City or Town Road,Surfaced,Dry,Not Applicable,Clear,PADMANABHANAGARA 17 TH CROSS ROAD,15 TH MAIN ROAD,2,0.0,0.0
Bengaluru City,Banashankari Traffic PS,1.04432e+16,2017,1,2,Road Accidents,Not Applicable,City/Town,Residential area,Vehicle Defect,No,Damage Only,Hit parked vehicle,Not at  Junction,Curve,Two way,Concrete,Dry,No influence on accident,Clear,"HOSAKEREHALLI MAIN ROAD, 14TH CROSS,",2,2,0.0,0.0
Bengaluru City,Banashankari Traffic PS,1.04432e+16,2017,1,2,Road Accidents,Narrow road,City/Town,Residential area,Human Error,No,Damage Only,Hit parked vehicle,Not Applicable,Straight and flat,Residential Street,Concrete,Dry,Not Applicable,Clear,TEACHERS COLONY,KADERENAHALLI CROSS,1,12.915397,77.567266
Bengaluru City,Banashankari Traffic PS,1.04432e+16,2017,1,2,Road Accidents,Narrow road,City/Town,Near Petrol Pump,Human Error,No,Simple Injury,Not Applicable,Not Applicable,Curve,Two way,Concrete,Dry,No influence on accident,Clear,BANASHANKARI 14TH CROSS T R NAGARA NEAR PS JUNCTION,1,1,0.0,0.0
Bengaluru City,Banashankari Traffic PS,1.04432e+16,2017,1,1,Road Accidents,Narrow road,City/Town,Near a religious place,Human Error,Not Applicable,Simple Injury,Not Applicable,Not Applicable,Not Applicable,One way,Concrete,Dry,No influence on accident,Clear,BSK 18TH MAIN NEAR  BBMP KUMENPU PARK (DEVAGIRI),2,2,12.925127,77.565751
Bengaluru City,Banashankari Traffic PS,1.04432e+16,2017,1,2,Road Accidents,Narrow road,City/Town,Near Hospital,Vehicle Defect,Not Applicable,Damage Only,Side swipe,Not Applicable,Incline,Two way,Concrete,Dry,No influence on accident,Clear,100 FEET RING ROAD  BSK 3RD STAGE,2,2,12.937199,77.533969
Bengaluru City,Banashankari Traffic PS,1.04432e+16,2017,1,2,Road Accidents,Narrow road,City/Town,Residential area,Human Error,Yes,Simple Injury,Hit and Run,Controlled,Incline,City or Town Road,Concrete,Dry,No influence on accident,Cloudy,KARNATAKA BANK,BSK 2ND STAGE,1,12.926903,77.568279
Bengaluru City,Banashankari Traffic PS,1.04432e+16,2017,1,1,Road Accidents,Junction,City/Town,Near Bus stop,Human Error,Not Applicable,Simple Injury,Others,Signal lights Automatic,Not Applicable,Two way,Concrete,Dry,No influence on accident,Clear,NCERT JUNCTION 100 FEET RING ROAD BSK 3RD STAGE,2,2,12.930499,77.543528
Bengaluru City,Banashankari Traffic PS,1.04432e+16,2017,1,1,Road Accidents,Junction,City/Town,Near Bus stop,Human Error,Not Applicable,Simple Injury,Not Applicable,Not Applicable,Not Applicable,One way,Concrete,Dry,No influence on accident,Clear,13TH CROSS JUNCTION,2,2,12.919461,77.543871
Bengaluru City,Banashankari Traffic PS,1.04432e+16,2017,1,1,Road Accidents,Narrow road,City/Town,Residential area,Human Error,Yes,Simple Injury,Hit and Run,Controlled,Incline,City or Town Road,Concrete,Dry,No influence on accident,Clear,INFRONT OF HOUSE NO 345,MANJUNATHA COLONY,1,0.0,0.0
Bengaluru City,Banashankari Traffic PS,1.04432e+16,2017,1,2,Road Accidents,Narrow road,City/Town,Near Bus stop,Vehicle Defect,Not Applicable,Simple Injury,Not Applicable,Not at  Junction,Not Applicable,Two way,Concrete,Dry,Not Applicable,Clear,NEAR BSNL OFFICE CHANNAMMANAKETE ACHUKATTU BSK 3RD STAGE,2,2,12.927901,77.555802
Bengaluru City,Banashankari Traffic PS,1.04432e+16,2017,1,2,Road Accidents,Junction,City/Town,Near office complex,Human Error,No,Simple Injury,Head on,Controlled,Straight and flat,City or Town Road,Bitumen(Tar),Not Applicable,No influence on accident,Clear,ATTIMABBE MAIN ROAD,NEAR SIGNEL LIGHT,50FT,0.0,0.0
Bengaluru City,Banashankari Traffic PS,1.04432e+16,2017,1,1,Road Accidents,Cross roads,City/Town,Near Bus stop,Human Error,Yes,Simple Injury,Hit and Run,Not at  Junction,Straight and flat,City or Town Road,Bitumen(Tar),Not Applicable,No influence on accident,Clear,KANAKAPURA MAIN ROAD,NEAR BUS STOP,50 FT,0.0,0.0
Bengaluru City,Banashankari Traffic PS,1.04432e+16,2017,1,1,Road Accidents,Cross roads,City/Town,Near Hospital,Human Error,Yes,Simple Injury,Hit and Run,No signal lights,Curve,City or Town Road,Bitumen(Tar),Others,No influence on accident,Clear,3rd main road,NEAR HOSPITAL,50 FT,0.0,0.0
Bengaluru City,Banashankari Traffic PS,1.04432e+16,2017,1,2,Road Accidents,Cross roads,City/Town,In bazaar,Human Error,Yes,Simple Injury,Hit and Run,Not at  Junction,Incline,City or Town Road,Bitumen(Tar),Others,No influence on accident,Clear,KATHARIGUPPE MAIN ROAD,NEAR BAZAR,50 FT,0.0,0.0
Bengaluru City,Banashankari Traffic PS,1.04432e+16,2017,1,2,Road Accidents,Cross roads,City/Town,Residential area,Human Error,Yes,Simple Injury,Hit and Run,Not at  Junction,Slight Curve,City or Town Road,Bitumen(Tar),Others,No influence on accident,Clear,15TH CROSS BSK 2ND STAGE,NEAR SWIMING FOOL,40FT,12.9292002,77.5701998
Bengaluru City,Banashankari Traffic PS,1.04432e+16,2017,1,1,Road Accidents,T Junction,City/Town,Near Petrol Pump,Human Error,Not Applicable,Grievous Injury,Not Applicable,Not Applicable,Steep Incline or Climb,Two way,Concrete,Dry,No influence on accident,Clear,BSK RING ROAD D G PETROL BUNK,100 FT RING ROAD,1,0.0,0.0
Bengaluru City,Banashankari Traffic PS,1.04432e+16,2017,1,2,Road Accidents,Narrow road,City/Town,Near Hospital,Vehicle Defect,No,Damage Only,Others,Not at  Junction,Not Applicable,Two way,Concrete,Dry,No influence on accident,Clear,100 FEET RING ROAD BSK 3RD STAGE,1,1,0.0,0.0
Bengaluru City,Banashankari Traffic PS,1.04432e+16,2017,1,2,Road Accidents,Narrow road,City/Town,Near Bus stop,Human Error,No,Simple Injury,Not Applicable,Not at  Junction,Not Applicable,Two way,Concrete,Dry,No influence on accident,Clear,BSK RING ROAD KEB JUNTION  NEAR PATEL CHANNAPPA APARTMENT,1,1,0.0,0.0
Bengaluru City,Banashankari Traffic PS,1.04432e+16,2017,1,1,Road Accidents,Narrow road,City/Town,Near Bus stop,Human Error,No,Simple Injury,Not Applicable,Uncontrolled,Incline,Two way,Concrete,Dry,No influence on accident,Clear,IN FRONT OF HOP 2ND MAIN ROAD THYAGARANAGAR,1,1,12.930789,77.567015
Bengaluru City,Banashankari Traffic PS,1.04432e+16,2017,1,2,Road Accidents,Cross roads,City/Town,Residential area,Human Error,No,Simple Injury,Others,No signal lights,Others,Two way,Surfaced,Others,Not Applicable,Clear,35 th cross road,1,1 km,12.919115,77.56435
Bengaluru City,Banashankari Traffic PS,1.04432e+16,2017,1,2,Road Accidents,Junction,City/Town,Near Bus stop,Human Error,Not Applicable,Simple Injury,Not Applicable,Controlled,Incline,Two way,Concrete,Dry,Not Applicable,Clear,CHANNAMMA CRICLE JUNCTION,1,1,12.921404,77.560333
Bengaluru City,Banashankari Traffic PS,1.04432e+16,2017,1,3,Road Accidents,Narrow road,City/Town,Near Bus stop,Human Error,Not Applicable,Fatal,Right Turn Collision,Not at  Junction,Others,Two way,Concrete,Dry,No influence on accident,Clear,"YADIYURU BUS STOP, OPP KABAB MAGIC, KANAKAPURA MAIN ROAD",2,2,12.930331,77.57646
Bengaluru City,Banashankari Traffic PS,1.04432e+16,2017,1,3,Road Accidents,Junction,City/Town,Near Bus stop,Human Error,No,Simple Injury,Others,Signal lights Automatic,Curve,City or Town Road,Bitumen(Tar),Others,Not Applicable,Clear,KANAKAPURA MAIN ROAD,NEAR BUS STOP,50 FT,0.0,0.0
Bengaluru City,Banashankari Traffic PS,1.04432e+16,2017,1,1,Road Accidents,T Junction,City/Town,Near Petrol Pump,Human Error,Not Applicable,Grievous Injury,Not Applicable,Not Applicable,Curve,Two way,Concrete,Dry,No influence on accident,Clear,DEVEGOWDA JUNCTION NEAR BUS STOP,1,1,12.9379998,77.533704
Bengaluru City,Banashankari Traffic PS,1.04432e+16,2017,1,1,Road Accidents,Narrow road,City/Town,Near office complex,Human Error,Not Applicable,Fatal,Not Applicable,Not at  Junction,Not Applicable,Two way,Concrete,Dry,No influence on accident,Clear,K R ROAD BEHINDH D F C BANK,1,2,12.926708,77.57358
Bengaluru City,Banashankari Traffic PS,1.04432e+16,2017,1,2,Road Accidents,Narrow road,City/Town,Near Bus stop,Human Error,No,Simple Injury,Right Turn Collision,Controlled,Incline,City or Town Road,Concrete,Dry,No influence on accident,Clear,YADIYUR JUNCTION,NEAR YADIYUR,1,12.925331,77.565815
Bengaluru City,Banashankari Traffic PS,1.04432e+16,2017,1,1,Road Accidents,Not Applicable,City/Town,Near Bus stop,Human Error,Not Applicable,Grievous Injury,Not Applicable,Not at  Junction,Not Applicable,One way,Concrete,Dry,No influence on accident,Clear,"MUNESWARA MAIN ROAD, 14TH MAIN JUNCTION",2,2,0.0,0.0
Bengaluru City,Banashankari Traffic PS,1.04432e+16,2017,1,2,Road Accidents,Narrow road,City/Town,Near Bus stop,Human Error,Not Applicable,Grievous Injury,Not Applicable,Not at  Junction,Not Applicable,One way,Concrete,Dry,No influence on accident,Clear,"ATTIMABBE ROAD, CHANNAMMANA CIRCLE",2,2,12.92229,77.560365
Bengaluru City,Banashankari Traffic PS,1.04432e+16,2017,1,2,Road Accidents,Narrow road,City/Town,Near Hospital,Human Error,Not Applicable,Simple Injury,Not Applicable,Not at  Junction,Incline,Two way,Concrete,Dry,No influence on accident,Clear,OPPOSITE TE COMPANY 100 FT RING ROAD BSK 2ND STAGE,1,1,12.919412,77.562751
Bengaluru City,Banashankari Traffic PS,1.04432e+16,2017,1,1,Road Accidents,Narrow road,City/Town,Near Bus stop,Human Error,Yes,Simple Injury,Hit and Run,Controlled,Incline,City or Town Road,Concrete,Dry,No influence on accident,Clear,Pesit colleage,100ft ring road,1,12.936826,77.533905
Bengaluru City,Banashankari Traffic PS,1.04432e+16,2017,1,1,Road Accidents,Narrow road,City/Town,Near Bus stop,Human Error,Not Applicable,Simple Injury,Not Applicable,Not Applicable,Others,Sub Arterial,Concrete,Dry,Not Applicable,Clear,NEAR BASHANKARI BUS STOP,1,1,12.934249,77.541787
Bengaluru City,Banashankari Traffic PS,1.04432e+16,2017,1,1,Road Accidents,Cross roads,City/Town,Residential area,Human Error,Yes,Simple Injury,Hit and Run,Uncontrolled,Slight Curve,City or Town Road,Bitumen(Tar),Not Applicable,No influence on accident,Clear,13TH MAIN SRINIVASNAGARA,NEAR SCHOOL,50FT,0.0,0.0
Bengaluru City,Banashankari Traffic PS,1.04432e+16,2017,1,2,Road Accidents,Circle,City/Town,Near Bus stop,Human Error,Yes,Simple Injury,Hit and Run,No signal lights,Curve,City or Town Road,Bitumen(Tar),Others,Not Applicable,Clear,AVALAHALLI MAIN ROAD,NEAR MOHAN BAR,50 FT,0.0,0.0
Bengaluru City,Banashankari Traffic PS,1.04432e+16,2017,1,1,Road Accidents,Narrow road,City/Town,Residential area,Human Error,Not Applicable,Fatal,Others,Not at  Junction,Not Applicable,Two way,Concrete,Dry,No influence on accident,Clear,BSK 3RD STAGE 100 FEET RING ROAD,2,2,12.930561,77.543499
Bengaluru City,Banashankari Traffic PS,1.04432e+16,2017,1,2,Road Accidents,Narrow road,City/Town,Near Bus stop,Human Error,No,Simple Injury,Others,Not Applicable,Not Applicable,Two way,Concrete,Dry,No influence on accident,Clear,VIDYA PITA SIRCLE  NEAR MEDICAL STORE,1,1,12.935152,77.561438
Bengaluru City,Banashankari Traffic PS,1.04432e+16,2017,1,2,Road Accidents,Narrow road,City/Town,Near Bus stop,Human Error,Not Applicable,Simple Injury,Not Applicable,Not at  Junction,Incline,Two way,Concrete,Dry,No influence on accident,Clear,BSK 100 FEET RING ROAD  HOSAKERE HALLI NEAR H P PETROL BUNK,2,2,12.932206,77.541118
Bengaluru City,Banashankari Traffic PS,1.04432e+16,2017,1,1,Road Accidents,Narrow road,City/Town,Near a religious place,Human Error,No,Simple Injury,Not Applicable,Not at  Junction,Curve and Incline,One way,Concrete,Dry,Not Applicable,Clear,"GIRINAGARA TEMPLE ROAD,NEAR SRUNGERI SHARADHA TEMPLE",3,3,12.940634,77.547753
Bengaluru City,Banashankari Traffic PS,1.04432e+16,2017,1,1,Road Accidents,Narrow road,City/Town,Near Bus stop,Human Error,Not Applicable,Simple Injury,Not Applicable,Not Applicable,Not Applicable,Two way,Concrete,Dry,Not Applicable,Clear,"BSK BUS STOP JUNCTION , KANAKAPURA MAIN ROAD",1,1,12.91649,77.573684
Bengaluru City,Banashankari Traffic PS,1.04432e+16,2017,1,1,Road Accidents,Narrow road,City/Town,Near office complex,Human Error,No,Simple Injury,Hit pedestrian,Controlled,Incline,City or Town Road,Concrete,Dry,No influence on accident,Clear,17 th cross road,Banashankari,1,12.927862,77.573752
Bengaluru City,Banashankari Traffic PS,1.04432e+16,2017,1,2,Road Accidents,Narrow road,City/Town,Residential area,Human Error,Yes,Simple Injury,Others,Controlled,Incline,City or Town Road,Bitumen(Tar),Dry,No influence on accident,Clear,NEAR 9TH MAIN ROAD,BSK 3RD STAGE,1,0.0,0.0
Bengaluru City,Banashankari Traffic PS,1.04432e+16,2017,1,2,Road Accidents,Junction,City/Town,Near School or College,Human Error,No,Simple Injury,Others,Signal lights Blinking,Straight and flat,City or Town Road,Bitumen(Tar),Others,No influence on accident,Clear,BNM COLLAGE ROAD,NEAR BNM COLLAGE,50FT,0.0,0.0
Bengaluru City,Banashankari Traffic PS,1.04432e+16,2017,1,1,Road Accidents,Narrow road,City/Town,Near Bus stop,Human Error,No,Simple Injury,Hit pedestrian,Controlled,Incline,City or Town Road,Bitumen(Tar),Dry,No influence on accident,Clear,YADIYUR JUNCTION,KANAKAPURA MAIN ROAD,1,12.93736,77.576376
Bengaluru City,Banashankari Traffic PS,1.04432e+16,2017,1,2,Road Accidents,Cross roads,City/Town,Near Bus stop,Human Error,Yes,Simple Injury,Hit and Run,Uncontrolled,Straight and flat,City or Town Road,Bitumen(Tar),Not Applicable,No influence on accident,Clear,9TH MAIN KAVERINAGARA,NEAR TEMPLE,50FT,0.0,0.0
Bengaluru City,Banashankari Traffic PS,1.04432e+16,2017,1,2,Road Accidents,T Junction,City/Town,Near Petrol Pump,Human Error,Not Applicable,Grievous Injury,Not Applicable,Not Applicable,Curve and Incline,Two way,Concrete,Dry,No influence on accident,Clear,100 FEET RING ROAD NEAR PETROL BUNK,1,1,0.0,0.0
Bengaluru City,Banashankari Traffic PS,1.04432e+16,2017,1,2,Road Accidents,Narrow road,City/Town,Near Bus stop,Vehicle Defect,No,Damage Only,Not Applicable,Not at  Junction,Not Applicable,Two way,Concrete,Dry,No influence on accident,Clear,KANAKA PURA MAIN ROAD,1,1,12.915592,77.573597
Bengaluru City,Banashankari Traffic PS,1.04432e+16,2017,1,2,Road Accidents,Narrow road,City/Town,Near Bus stop,Human Error,Not Applicable,Simple Injury,Not Applicable,Not at  Junction,Not Applicable,One way,Concrete,Dry,No influence on accident,Clear,ATTIMABBE ROAD CHANNAMMA CRICLE,2,2,12.922201,77.560335
Bengaluru City,Banashankari Traffic PS,1.04432e+16,2017,1,2,Rail Road Accidents,Narrow road,City/Town,In bazaar,Human Error,Not Applicable,Simple Injury,Not Applicable,Not at  Junction,Curve,Two way,Concrete,Dry,No influence on accident,Clear,NEAR AYAPPA TEMPLE KATHARIGUPPE 5TH MAIN BSK 3RD STAGE,2,2,12.926875,77.552719
Bengaluru City,Banashankari Traffic PS,1.04432e+16,2017,1,2,Road Accidents,Narrow road,City/Town,Near a religious place,Human Error,No,Simple Injury,Not Applicable,Not at  Junction,Not Applicable,Two way,Concrete,Dry,No influence on accident,Clear,"NEAR KASHI VISHWAATHA TEMPLE, 17TH MAIN MUNESHWARA BLOCK,",2,2,12.947297,77.54901
Bengaluru City,Banashankari Traffic PS,1.04432e+16,2017,1,2,Road Accidents,Narrow road,City/Town,Near Bus stop,Human Error,Not Applicable,Simple Injury,Not Applicable,Not Applicable,Not Applicable,Two way,Concrete,Dry,No influence on accident,Clear,"INFORT OF LAKSHKMI CERAMIX, 4TH MAIN KATHRIGUPPE BSK 3RD STAGE",2,2,12.926556,77.552828
Bengaluru City,Banashankari Traffic PS,1.04432e+16,2017,1,2,Road Accidents,Narrow road,City/Town,Near Bus stop,Human Error,Yes,Simple Injury,Hit and Run,Controlled,Incline,City or Town Road,Concrete,Dry,No influence on accident,Clear,ITTAMADU JUNCTION,100 FT RING ROAD,1,12.929019,77.567835
Bengaluru City,Banashankari Traffic PS,1.04432e+16,2017,1,5,Road Accidents,Junction,City/Town,Near Petrol Pump,Vehicle Defect,No,Damage Only,Others,Controlled,Curve,Others,Not Applicable,Dry,Not Applicable,Clear,100 FT RING ROAD,PETROL BUNK,4,12.932109,77.541195
Bengaluru City,Banashankari Traffic PS,1.04432e+16,2017,1,2,Road Accidents,Cross roads,City/Town,Near Hospital,Human Error,Yes,Simple Injury,Hit and Run,Controlled,Straight and flat,City or Town Road,Bitumen(Tar),Not Applicable,No influence on accident,Clear,K R ROAD,NEAR UPAHAR SAGAR HOTAL,50FT,0.0,0.0
Bengaluru City,Banashankari Traffic PS,1.04432e+16,2017,1,2,Road Accidents,Circle,City/Town,Near Bus stop,Human Error,No,Simple Injury,Others,No signal lights,Curve,City or Town Road,Bitumen(Tar),Others,Not Applicable,Clear,KANAKAPURA ROAD,BUS STOP,50 FT,0.0,0.0
Bengaluru City,Banashankari Traffic PS,1.04432e+16,2017,1,2,Road Accidents,Narrow road,City/Town,Near School or College,Human Error,No,Simple Injury,Others,Signal lights Blinking,Straight and flat,City or Town Road,Bitumen(Tar),Others,No influence on accident,Clear,100 FEET RING ROAD,NEAR PESIT COLLAGE,50FT,0.0,0.0
Bengaluru City,Banashankari Traffic PS,1.04432e+16,2017,1,2,Road Accidents,Narrow road,City/Town,Near Bus stop,Human Error,No,Simple Injury,Drowned,Controlled,Incline,City or Town Road,Gravel,Dry,No influence on accident,Clear,BSK 3RD STAGE,PES COLLEAGE,1,0.0,0.0
Bengaluru City,Banashankari Traffic PS,1.04432e+16,2017,1,2,Road Accidents,Narrow road,City/Town,Near Bus stop,Human Error,Not Applicable,Grievous Injury,Not Applicable,Not at  Junction,Not Applicable,Two way,Concrete,Dry,No influence on accident,Clear,"SUBRAMAYAPURA MAIN ROAD, YARAB NAGARA NEAR NPTI HOSTEL",2,2,12.915084,77.569211
Bengaluru City,Banashankari Traffic PS,1.04432e+16,2017,1,1,Road Accidents,Narrow road,City/Town,Near Bus stop,Human Error,Not Applicable,Simple Injury,Not Applicable,Not Applicable,Not Applicable,Two way,Concrete,Dry,No influence on accident,Clear,"11TH B CROSS, GIRINAGARA 2D PHASE",2,2,22.941585,77.54126
Bengaluru City,Banashankari Traffic PS,1.04432e+16,2017,1,2,Road Accidents,Narrow road,City/Town,Residential area,Human Error,No,Simple Injury,Not Applicable,Uncontrolled,Incline,City or Town Road,Concrete,Dry,No influence on accident,Clear,BSK 3RD STAGE,BANAGIRI NAGARA,1,12.925757,77.556285
Bengaluru City,Banashankari Traffic PS,1.04432e+16,2017,1,1,Road Accidents,Bridge,City/Town,Near Bus stop,Human Error,Yes,Fatal,Hit and Run,Uncontrolled,Incline,City or Town Road,Concrete,Dry,No influence on accident,Cloudy,"BSK 3RD STAGE, 100 FEET RING ROAD",KEB JUNCTION,1,12.935225,77.536294
Bengaluru City,Banashankari Traffic PS,1.04432e+16,2017,1,1,Road Accidents,Other,City/Town,Near Bus stop,Human Error,Yes,Simple Injury,Hit and Run,Controlled,Others,City or Town Road,Not Applicable,Dry,Not Applicable,Clear,SUBRAMANYAPURA MN ROAD,NEAR BUS STOP,2,12.928727,77.567954
Bengaluru City,Banashankari Traffic PS,1.04432e+16,2018,1,2,Road Accidents,Narrow road,City/Town,Near Bus stop,Vehicle Defect,Not Applicable,Simple Injury,Not Applicable,Not Applicable,Curve,Two way,Concrete,Dry,No influence on accident,Clear,IN FRONT OF BATA SHOW ROOM YADURU KANAKAPURA MAIN ROAD,2,2,12.931386,77.575957
Bengaluru City,Banashankari Traffic PS,1.04432e+16,2018,1,2,Road Accidents,Bridge,City/Town,Near Bus stop,Human Error,No,Fatal,Not Applicable,Not Applicable,Curve,Two way,Concrete,Dry,No influence on accident,Clear,"HOSAKEREHALLI NEW FLYOVER, NEAR KEB JUNCTION, 100 FEET RING ROAD BSK 3RD STAGE",2,2,12.933949,77.538896
Bengaluru City,Banashankari Traffic PS,1.04432e+16,2018,1,2,Road Accidents,Narrow road,City/Town,Near Bus stop,Human Error,Yes,Simple Injury,Hit and Run,Controlled,Incline,City or Town Road,Bitumen(Tar),Dry,No influence on accident,Clear,"5TH CROSS, ITTAMADU",BSK 3RD STAGE,1,12.92307,77.545872
Bengaluru City,Banashankari Traffic PS,1.04432e+16,2018,1,2,Road Accidents,Narrow road,City/Town,Residential area,Human Error,Yes,Simple Injury,Hit and Run,Controlled,Incline,City or Town Road,Bitumen(Tar),Dry,No influence on accident,Clear,KATHRIGUPPE,BSK 3RD STAGE,1,0.0,0.0
Bengaluru City,Banashankari Traffic PS,1.04432e+16,2018,1,2,Road Accidents,Narrow road,City/Town,Near Petrol Pump,Human Error,No,Simple Injury,Overturning,Controlled,Incline,City or Town Road,Bitumen(Tar),Dry,No influence on accident,Clear,100 FT RING ROAD,HOSAKEREHALLI,1,12.932341,77.541042
Bengaluru City,Banashankari Traffic PS,1.04432e+16,2018,1,2,Road Accidents,Narrow road,City/Town,Near Bus stop,Human Error,No,Simple Injury,Others,Controlled,Incline,City or Town Road,Bitumen(Tar),Dry,No influence on accident,Clear,KAMAKYA,BSK 3RD STAGE,1,12.925033,77.553394
Bengaluru City,Banashankari Traffic PS,1.04432e+16,2018,1,2,Road Accidents,Narrow road,City/Town,Near Bus stop,Vehicle Defect,Yes,Not Applicable,Hit and Run,Not at  Junction,Others,Two way,Concrete,Not Applicable,No influence on accident,Clear,OPP ARPITHA ENTER PRAICES OBBALAPPA GARDEN TATA SILK FARM K R ROAD,2,2,12.934259,99.573812
Bengaluru City,Banashankari Traffic PS,1.04432e+16,2018,1,2,Road Accidents,Narrow road,City/Town,Near Bus stop,Human Error,Not Applicable,Fatal,Others,Not Applicable,Not Applicable,Two way,Concrete,Dry,No influence on accident,Clear,IN FRONT OF D D FORMACY MEDICAL STORE 3RD MAIN ITTAMADU MAIN ROAD BSK 3RD STAGE,2,2,12.921713,77.543403
Bengaluru City,Banashankari Traffic PS,1.04432e+16,2018,1,2,Road Accidents,Narrow road,City/Town,Near Bus stop,Human Error,No,Simple Injury,Right Turn Collision,Not at  Junction,Incline,City or Town Road,Bitumen(Tar),Dry,No influence on accident,Cloudy,K R ROAD,OBALAPPA  GARDEN,1,12.933634,77.57372
Bengaluru City,Banashankari Traffic PS,1.04432e+16,2018,1,2,Road Accidents,Narrow road,City/Town,Near Petrol Pump,Human Error,No,Simple Injury,Others,Controlled,Incline,City or Town Road,Bitumen(Tar),Dry,No influence on accident,Clear,"100 FEET RING ROAD,",CHENNAMMA CIRCLE,1,12.921928,77.560224
Bengaluru City,Banashankari Traffic PS,1.04432e+16,2018,1,2,Road Accidents,Narrow road,City/Town,Residential area,Human Error,Yes,Simple Injury,Others,Not at  Junction,Incline,City or Town Road,Bitumen(Tar),Dry,No influence on accident,Cloudy,BANAGIRI NAGARA,BSK 3RD STAGE,2,0.0,0.0
Bengaluru City,Banashankari Traffic PS,1.04432e+16,2018,1,2,Road Accidents,Narrow road,City/Town,Residential area,Human Error,No,Simple Injury,Right Turn Collision,Not at  Junction,Incline,City or Town Road,Bitumen(Tar),Dry,No influence on accident,Clear,BSK 2ND STAGE,17 TH D CROSS,1,0.0,0.0
Bengaluru City,Banashankari Traffic PS,1.04432e+16,2018,1,1,Road Accidents,Junction,City/Town,Near Bus stop,Vehicle Defect,Yes,Simple Injury,Not Applicable,Not Applicable,Others,Two way,Concrete,Dry,No influence on accident,Clear,NEAR SLV BIRIYANI HOTEL 14TH CROSS K R ROAD JUNCTION BANASHANKARI,1,1,12.92939,77.573672
Bengaluru City,Banashankari Traffic PS,1.04432e+16,2018,1,2,Road Accidents,Narrow road,City/Town,Near Bus stop,Human Error,No,Simple Injury,Side impact or Right angle,Not at  Junction,Incline,City or Town Road,Bitumen(Tar),Dry,No influence on accident,Clear,9TH MAIN ROAD,BSK 2ND STAGE,1,12.928011,77.567905
Bengaluru City,Banashankari Traffic PS,1.04432e+16,2018,1,1,Road Accidents,Narrow road,City/Town,At pedestrian Crossing,Human Error,Yes,Simple Injury,Hit and Run,Controlled,Incline,City or Town Road,Bitumen(Tar),Dry,No influence on accident,Clear,PESIT COLLEGE,100 FEET RING ROAD,1,12.935253,77.536675
Bengaluru City,Banashankari Traffic PS,1.04432e+16,2018,1,1,Road Accidents,Narrow road,City/Town,Near a religious place,Human Error,Yes,Simple Injury,Hit pedestrian,Not at  Junction,Incline,City or Town Road,Bitumen(Tar),Dry,No influence on accident,Cloudy,KATHRIGUPE MAIN ROAD,VIVEKANANDA NAGARA,1,12.931543,77.555206
Bengaluru City,Banashankari Traffic PS,1.04432e+16,2018,1,1,Road Accidents,Narrow road,City/Town,Residential area,Human Error,Yes,Simple Injury,Hit and Run,Controlled,Incline,City or Town Road,Bitumen(Tar),Dry,No influence on accident,Clear,kathrigupee main road,vivekanandanagara,1,0.0,0.0
Bengaluru City,Banashankari Traffic PS,1.04432e+16,2018,1,1,Road Accidents,Narrow road,City/Town,Near office complex,Vehicle Defect,Not Applicable,Simple Injury,Not Applicable,Not Applicable,Not Applicable,Two way,Concrete,Dry,No influence on accident,Clear,"IN FRONT OF HDFC BANK, K R ROAD",2,2,12.925688,77.573486
Bengaluru City,Banashankari Traffic PS,1.04432e+16,2018,1,2,Road Accidents,Narrow road,City/Town,Residential area,Vehicle Defect,Not Applicable,Simple Injury,Not Applicable,Not Applicable,Others,Two way,Concrete,Dry,Not Applicable,Clear,NO   808/988 1ST E MAIN ROAD GIRINAGARA 2ND STAGE BSK 3RD STAGE,2,2,12.939612,77.54378