DISTRICTNAME,UNITNAME,Crime_No,Year,RI,Noofvehicle_involved,Accident_Classification,Accident_Spot,Accident_Location,Accident_SubLocation,Main_Cause,Hit_Run,Severity,Collision_Type,Junction_Control,Road_Character,Road_Type,Surface_Type,Surface_Condition,Road_Condition,Weather,Accident_Road,Landmark_first,Distance_LandMark_First,Latitude,Longitude
Bengaluru City,Banashankari Traffic PS,1.04432e+16,2018,1,2,Road Accidents,Narrow road,City/Town,Near Bus stop,Human Error,Not Applicable,Fatal,Not Applicable,Not Applicable,Curve,Two way,Concrete,Dry,No influence on accident,Clear,NEAR BANASHANKARI BUS STAND KANAKAPURA MAIN ROAD,1,1,0.0,0.0
Bengaluru City,Banashankari Traffic PS,1.04432e+16,2018,1,1,Road Accidents,Narrow road,City/Town,Near Bus stop,Vehicle Defect,Not Applicable,Simple Injury,Overturning,Not at  Junction,Curve,Two way,Concrete,Dry,No influence on accident,Clear,"14TH CROSS, BSK 3RD MAIN ROAD SHATHRINAGARA",1,1,12.929621,77.572551
Bengaluru City,Banashankari Traffic PS,1.04432e+16,2018,1,2,Road Accidents,Narrow road,City/Town,Open area,Human Error,Yes,Damage Only,Hit and Run,Not at  Junction,Incline,City or Town Road,Bitumen(Tar),Dry,No influence on accident,Clear,GIRINAGARA,SBM COLONY,1,0.0,0.0
Bengaluru City,Banashankari Traffic PS,1.04432e+16,2018,1,2,Road Accidents,Narrow road,City/Town,Near office complex,Human Error,No,Simple Injury,Others,Not at  Junction,Incline,City or Town Road,Bitumen(Tar),Dry,No influence on accident,Cloudy,KATHRIGUPEE SIGNAL,100 FEET RING ROAD,1,12.92532,77.549994
Bengaluru City,Banashankari Traffic PS,1.04432e+16,2018,1,2,Road Accidents,Narrow road,City/Town,Residential area,Human Error,Not Applicable,Damage Only,Others,Controlled,Incline,City or Town Road,Bitumen(Tar),Dry,No influence on accident,Clear,"80 FEET ROAD,",SBI COLONY,1,0.0,0.0
Bengaluru City,Banashankari Traffic PS,1.04432e+16,2018,1,1,Road Accidents,Narrow road,City/Town,Near School or College,Human Error,No,Simple Injury,Hit pedestrian,Controlled,Incline,City or Town Road,Bitumen(Tar),Dry,No influence on accident,Clear,ITTAMADUGU,BSK 3RD STAGE,1,12.922831,77.543466
Bengaluru City,Banashankari Traffic PS,1.04432e+16,2018,1,2,Road Accidents,Narrow road,City/Town,Near Bus stop,Vehicle Defect,No,Simple Injury,Overturning,Not Applicable,Not Applicable,Two way,Concrete,Dry,No influence on accident,Clear,"INFORT OF MOHAN BAR, 50 FEET ROAD, MUNESWARABLOCK BK 3RD STAGE",2,2,12.94322,77.544904
Bengaluru City,Banashankari Traffic PS,1.04432e+16,2018,1,1,Road Accidents,Narrow road,City/Town,Near Hospital,Human Error,No,Fatal,Hit pedestrian,Not at  Junction,Incline,City or Town Road,Bitumen(Tar),Dry,No influence on accident,Clear,"80 FEET ROAD, SBM COLONY",GIRINAGARA,1,12.935059,77.547289
Bengaluru City,Banashankari Traffic PS,1.04432e+16,2018,1,1,Road Accidents,Narrow road,City/Town,Near Bus stop,Human Error,Yes,Simple Injury,Hit and Run,Controlled,Incline,City or Town Road,Bitumen(Tar),Dry,No influence on accident,Cloudy,NEAR KAMAKYA JUNCTION,100 FEET  RING RAOD,1,0.0,0.0
Bengaluru City,Banashankari Traffic PS,1.04432e+16,2018,1,1,Road Accidents,Narrow road,City/Town,Near Bus stop,Vehicle Defect,No,Simple Injury,Overturning,Signals (Working),Not Applicable,Two way,Concrete,Dry,Not Applicable,Clear,CHANNAMMA JUNCTION 100 FEET RING ROAD PADMANABHANAGARA,1,1,12.921757,77.560205
Bengaluru City,Banashankari Traffic PS,1.04432e+16,2018,1,2,Road Accidents,Narrow road,City/Town,Near Bus stop,Human Error,Yes,Simple Injury,Hit and Run,Controlled,Incline,City or Town Road,Bitumen(Tar),Dry,No influence on accident,Others,80 FEET ROAD,HOSAKEREHALLI CROSS,1,12.922259,77.544934
Bengaluru City,Banashankari Traffic PS,1.04432e+16,2018,1,1,Road Accidents,Narrow road,City/Town,Residential area,Human Error,No,Simple Injury,Hit pedestrian,Controlled,Incline,City or Town Road,Bitumen(Tar),Dry,No influence on accident,Clear,NANJUNDESWARA STORE,BSK 3RD STAGE,1,12.932798,77.608484
Bengaluru City,Banashankari Traffic PS,1.04432e+16,2018,1,3,Road Accidents,Narrow road,City/Town,Near Bus stop,Human Error,Yes,Simple Injury,Right Turn Collision,Controlled,Curve,City or Town Road,Bitumen(Tar),Dry,No influence on accident,Clear,BSK 3RD STAGE,NANJUNDESWARA STORE,1,12.933587,77.542094
Bengaluru City,Banashankari Traffic PS,1.04432e+16,2018,1,1,Road Accidents,Narrow road,City/Town,At pedestrian Crossing,Human Error,Yes,Simple Injury,Hit pedestrian,Controlled,Incline,City or Town Road,Bitumen(Tar),Dry,No influence on accident,Cloudy,100 FEET RING ROAD,BSK 3RD STAGE,1,12.926159,77.548727
Bengaluru City,Banashankari Traffic PS,1.04432e+16,2018,1,1,Road Accidents,Narrow road,City/Town,Residential area,Human Error,Yes,Simple Injury,Hit and Run,No signal lights,Incline,City or Town Road,Bitumen(Tar),Dry,No influence on accident,Cloudy,KADERENAHALLI,100 FEET RING ROAD,1,12.917835,77.56447
Bengaluru City,Banashankari Traffic PS,1.04432e+16,2018,1,2,Road Accidents,Junction,City/Town,Open area,Vehicle Defect,No,Damage Only,Not Applicable,Controlled,Curve,Not Applicable,Not Applicable,Dry,Not Applicable,Clear,33  crooss road,1,2,12.55099,77.33545
Bengaluru City,Banashankari Traffic PS,1.04432e+16,2018,1,2,Road Accidents,Junction,City/Town,Near Hospital,Vehicle Defect,Not Applicable,Simple Injury,Not Applicable,Not Applicable,Curve,Two way,Concrete,Dry,No influence on accident,Clear,"NCERT JUNCTION, 100 FEET RING ROAD BSK 3RD STAGE",2,2,12.930523,77.543662
Bengaluru City,Banashankari Traffic PS,1.04432e+16,2018,1,1,Not Applicable,Narrow road,City/Town,Near Bus stop,Not Applicable,No,Simple Injury,Not Applicable,Not Applicable,Not Applicable,Two way,Concrete,Dry,No influence on accident,Clear,"IN FRONT OF PARAMASHIVAIAH GRANAIT FACTORY, KANAKAPURA MAIN ROAD",1,1,12.920251,77.574351
Bengaluru City,Banashankari Traffic PS,1.04432e+16,2018,1,2,Road Accidents,Narrow road,City/Town,Near a religious place,Vehicle Defect,No,Simple Injury,Not Applicable,Not at  Junction,Curve,Two way,Gravel,Dry,Not Applicable,Clear,IN FRONT OF AUTO GAS BUNK NEAR UMAMAHESWARA TEMPLE K R ROAD BSK 2ND STAGE,2,2,12.928872,77.573659
Bengaluru City,Banashankari Traffic PS,1.04432e+16,2018,1,2,Road Accidents,Narrow road,City/Town,Near School or College,Human Error,Yes,Simple Injury,Hit and Run,Controlled,Incline,City or Town Road,Bitumen(Tar),Dry,No influence on accident,Cloudy,BSK 3RD STAGE,HOSAKEREHALLI CROSS,1,0.0,0.0
Bengaluru City,Banashankari Traffic PS,1.04432e+16,2018,1,2,Road Accidents,Narrow road,City/Town,Residential area,Human Error,No,Simple Injury,Not Applicable,Controlled,Incline,City or Town Road,Bitumen(Tar),Dry,No influence on accident,Clear,K R ROAD JUNCTION,OBBALAPPA GARDEN  4TH A MAIN,1,12.93426,77.573855
Bengaluru City,Banashankari Traffic PS,1.04432e+16,2018,1,1,Road Accidents,Narrow road,City/Town,Residential area,Human Error,Yes,Simple Injury,Hit and Run,Not at  Junction,Incline,City or Town Road,Bitumen(Tar),Dry,No influence on accident,Cloudy,MUNESHWARA BLOCK,PARK VIEW BAR,1,0.0,0.0
Bengaluru City,Banashankari Traffic PS,1.04432e+16,2018,1,1,Road Accidents,Narrow road,City/Town,Near Bus stop,Human Error,No,Simple Injury,Side impact or Right angle,Not at  Junction,Others,City or Town Road,Bitumen(Tar),Dry,Drainage Ditch,Clear,80 FEET ROAD GIRINAGARA,BSK 3RD STAGE GIRINAGARA,3KM,0.0,0.0
Bengaluru City,Banashankari Traffic PS,1.04432e+16,2018,1,2,Road Accidents,Junction,City/Town,Near Hospital,Vehicle Defect,Not Applicable,Simple Injury,Not Applicable,Not Applicable,Others,Two way,Concrete,Dry,No influence on accident,Clear,"TRIITY TYRE ALLAZMENT, 100 FEET RIG ROAD, NEAR  KEB JUNCTION HOSAKEREHALLI BSK 3RD STAGE",2,2,12.933355,77.53971
Bengaluru City,Banashankari Traffic PS,1.04432e+16,2018,1,2,Road Accidents,Junction,City/Town,Open area,Human Error,No,Simple Injury,Others,Controlled,Curve,City or Town Road,Not Applicable,Dry,Not Applicable,Clear,2 ND MAIN ROAD,TR NAGARA,2,12.933407,77.566477
Bengaluru City,Banashankari Traffic PS,1.04432e+16,2018,1,2,Road Accidents,Bridge,City/Town,Near Bus stop,Vehicle Defect,Not Applicable,Simple Injury,Not Applicable,Not Applicable,Not Applicable,Two way,Concrete,Dry,No influence on accident,Clear,"NEAR KADIRENAHALLI PARK, NEAR RIGN ROAD UNDER PASS, BSK 2ND STAGA",2,2,12.916584,77.564977
Bengaluru City,Banashankari Traffic PS,1.04432e+16,2018,1,2,Road Accidents,Curves,City/Town,Near office complex,Vehicle Defect,No,Damage Only,Not Applicable,Controlled,Others,City or Town Road,Not Applicable,Dry,Not Applicable,Clear,B D A COMPLEX,19TH  MAIN ROAD,1.5,12.926929,77.565749
Bengaluru City,Banashankari Traffic PS,1.04432e+16,2018,1,2,Road Accidents,Narrow road,City/Town,Near Bus stop,Vehicle Defect,Not Applicable,Simple Injury,Not Applicable,No signal lights,Not Applicable,Two way,Concrete,Dry,Not Applicable,Clear,"NEAR SAI MANDIRA 1ST E MAIN, GIRINAGARA 2ND STAGE",2,2,12.939646,77.541658
Bengaluru City,Banashankari Traffic PS,1.04432e+16,2018,1,2,Road Accidents,Narrow road,City/Town,Near Bus stop,Vehicle Defect,No,Simple Injury,Not Applicable,Not at  Junction,Curve,Two way,Concrete,Dry,Not Applicable,Clear,NEAR KAMAKYA JUNCTION 100 FEET RING ROAD,2,2,12.923958,77.553307
Bengaluru City,Banashankari Traffic PS,1.04432e+16,2018,1,2,Road Accidents,Narrow road,City/Town,Near Bus stop,Vehicle Defect,Not Applicable,Simple Injury,Others,Not at  Junction,Curve,Two way,Concrete,Dry,Not Applicable,Clear,"KATTARIGUPPE WATER TANK JUNCTION, KATTRIGUPPE BSK 3RD STAGE",2,2,12.930595,77.547169
Bengaluru City,Banashankari Traffic PS,1.04432e+16,2018,1,2,Road Accidents,Narrow road,City/Town,Near Bus stop,Vehicle Defect,Not Applicable,Damage Only,Not Applicable,Not at  Junction,Curve,Two way,Concrete,Dry,Not Applicable,Clear,NEAR K R ROAD  JUNCTION 1ST MAIN ROAD NEAR BEAKER,1,1,12.929527,77.573063
Bengaluru City,Banashankari Traffic PS,1.04432e+16,2018,1,2,Road Accidents,Narrow road,City/Town,Near Petrol Pump,Human Error,No,Simple Injury,Others,Controlled,Incline,City or Town Road,Bitumen(Tar),Dry,No influence on accident,Clear,DEVEGOWDA PETROLE BUNK,2,1,12.922233,77.560256
Bengaluru City,Banashankari Traffic PS,1.04432e+16,2018,1,2,Road Accidents,Narrow road,City/Town,Near Hospital,Human Error,No,Simple Injury,Others,Not at  Junction,Incline,City or Town Road,Bitumen(Tar),Dry,No influence on accident,Clear,SBM COLONY ROAD,7TH MAIN ROAD,1,12.938488,77.550499
Bengaluru City,Banashankari Traffic PS,1.04432e+16,2018,1,2,Road Accidents,Narrow road,City/Town,Near Bus stop,Human Error,No,Simple Injury,Others,Controlled,Incline,City or Town Road,Bitumen(Tar),Dry,No influence on accident,Clear,BSK BUS STOP,2,1,12.917103,77.573478
Bengaluru City,Banashankari Traffic PS,1.04432e+16,2018,1,2,Road Accidents,Narrow road,City/Town,Near Bus stop,Vehicle Defect,Not Applicable,Simple Injury,Not Applicable,Not Applicable,Curve,Two way,Concrete,Dry,No influence on accident,Clear,NEAR NCERT JUCTION 100 FEET RING ROAD BSK,2 KM,2KM,12.930576,77.543543
Bengaluru City,Banashankari Traffic PS,1.04432e+16,2018,1,1,Road Accidents,Not Applicable,City/Town,Near Bus stop,Vehicle Defect,Yes,Simple Injury,Others,Not Applicable,Curve,Not Applicable,Bitumen(Tar),Dry,Not Applicable,Clear,INFRONT OF YOGESWARA APARTMENT HOSAKEREHALLI BSK 3RD STAGE,1,1,12.92936,77.539951
Bengaluru City,Banashankari Traffic PS,1.04432e+16,2018,1,2,Road Accidents,Narrow road,City/Town,Near Bus stop,Vehicle Defect,No,Simple Injury,Not Applicable,Stop sign,Curve and Incline,Two way,Concrete,Dry,No influence on accident,Clear,"YEADURU KARISANDRA WARD OFFICE, 1ST ,MAIN BANASHANKARI",2,2,12.927218,77.576188
Bengaluru City,Banashankari Traffic PS,1.04432e+16,2018,1,2,Road Accidents,Narrow road,City/Town,Near Bus stop,Human Error,Not Applicable,Simple Injury,Hit and Run,Not at  Junction,Not Applicable,Two way,Concrete,Dry,Not Applicable,Clear,"4TH CROSS, SRIRANGA NAGAR VEERABHADRA NAGARA",2,2,0.0,0.0
Bengaluru City,Banashankari Traffic PS,1.04432e+16,2018,1,2,Road Accidents,Narrow road,City/Town,Near Hospital,Vehicle Defect,Not Applicable,Simple Injury,Not Applicable,Not at  Junction,Not Applicable,One way,Concrete,Dry,No influence on accident,Clear,"1ST CROSS, 1ST MAIN ROAD THIMMAIAH ROAD DASHAVATH ARA LAKHMIKANTHA PARK PADMANABHANAGARA",2,2,12.917602,77.557839
Bengaluru City,Banashankari Traffic PS,1.04432e+16,2018,1,2,Road Accidents,Narrow road,City/Town,Near Bus stop,Human Error,Yes,Simple Injury,Not Applicable,Controlled,Incline,City or Town Road,Bitumen(Tar),Dry,No influence on accident,Cloudy,K R ROAD,BSK 2ND STAGE,1,12.928333,77.573591
Bengaluru City,Banashankari Traffic PS,1.04432e+16,2018,1,1,Road Accidents,Narrow road,City/Town,Near School or College,Human Error,No,Simple Injury,Hit pedestrian,Controlled,Incline,City or Town Road,Bitumen(Tar),Dry,No influence on accident,Clear,BSK 3RD STAGE,6TH MAIN SAPTAGIRI APTS,1,0.0,0.0
Bengaluru City,Banashankari Traffic PS,1.04432e+16,2018,1,2,Rail Road Accidents,Narrow road,City/Town,Residential area,Human Error,No,Simple Injury,Others,Controlled,Incline,City or Town Road,Bitumen(Tar),Dry,No influence on accident,Clear,9TH MAIN ROAD,BSK 2ND STAGE,1,12.929602,77.56803
Bengaluru City,Banashankari Traffic PS,1.04432e+16,2018,1,3,Road Accidents,Narrow road,City/Town,Near a religious place,Human Error,No,Simple Injury,Side impact or Right angle,Not at  Junction,Incline,City or Town Road,Bitumen(Tar),Dry,No influence on accident,Clear,KEMPEGOWDA  LAYOUT,1ST MAIN ROAD,1,0.0,0.0
Bengaluru City,Banashankari Traffic PS,1.04432e+16,2018,1,1,Road Accidents,Narrow road,City/Town,Near a religious place,Human Error,No,Simple Injury,Hit pedestrian,Controlled,Incline,City or Town Road,Bitumen(Tar),Dry,No influence on accident,Clear,HULLURAMMA TEMPLE,BSK 3RD STAGE,1,12.927257,77.536766
Bengaluru City,Banashankari Traffic PS,1.04432e+16,2018,1,1,Road Accidents,Narrow road,City/Town,Residential area,Human Error,Yes,Simple Injury,Hit pedestrian,Controlled,Incline,City or Town Road,Bitumen(Tar),Dry,No influence on accident,Clear,GIRINAGARA,RAGHAVENDRAMATA,1,0.0,0.0
Bengaluru City,Banashankari Traffic PS,1.04432e+16,2018,1,1,Road Accidents,Narrow road,City/Town,Near or inside a village,Human Error,No,Fatal,Hit pedestrian,Not Applicable,Incline,City or Town Road,Bitumen(Tar),Dry,No influence on accident,Clear,100 FEET RING ROAD,BSK 2ND STAGE,1,12.917626,77.5642
Bengaluru City,Banashankari Traffic PS,1.04432e+16,2018,1,2,Not Applicable,Junction,City/Town,Near Bus stop,Vehicle Defect,No,Damage Only,Not Applicable,Not Applicable,Curve,City or Town Road,Not Applicable,Dry,Not Applicable,Clear,HOSAKEREHALLI,1,3,0.0,0.0
Bengaluru City,Banashankari Traffic PS,1.04432e+16,2018,1,1,Road Accidents,Junction,City/Town,Near Bus stop,Human Error,No,Simple Injury,Hit pedestrian,Controlled,Incline,City or Town Road,Bitumen(Tar),Dry,No influence on accident,Clear,NAGENDRA BLOCK,2,1,0.0,0.0
Bengaluru City,Banashankari Traffic PS,1.04432e+16,2018,1,2,Road Accidents,Narrow road,City/Town,Near Bus stop,Vehicle Defect,Not Applicable,Simple Injury,Others,Not Applicable,Curve,Two way,Concrete,Dry,No influence on accident,Clear,IN FRONT OF AVADHANI KALYANA MANTAPA DUBBLE ROAD,2,2,12.940592,77.54765
Bengaluru City,Banashankari Traffic PS,1.04432e+16,2018,1,2,Road Accidents,Narrow road,City/Town,Near Bus stop,Human Error,No,Fatal,Hit bicyclist,Not Applicable,Curve,Two way,Concrete,Dry,No influence on accident,Clear,IN FRONT OF TE-CONNECTVITY CALL CENTOR COMPANY 100 FEET RING ROAD BSK 2ND STAGE,2,2,12.919812,77.562834
Bengaluru City,Banashankari Traffic PS,1.04432e+16,2018,1,2,Road Accidents,Narrow road,City/Town,Near Bus stop,Vehicle Defect,Yes,Simple Injury,Hit and Run,Not at  Junction,Others,Two way,Concrete,Dry,Not Applicable,Clear,IN FRONT OF COFFEE DAY JUNCTION ATTIMABBE BSK 2BD STAGE,1,1,12.925693,77.560907
Bengaluru City,Banashankari Traffic PS,1.04432e+16,2018,1,2,Road Accidents,T Junction,City/Town,Near Bus stop,Human Error,No,Damage Only,Others,No signal lights,Others,City or Town Road,Not Applicable,Others,Not Applicable,Clear,UPAHARA SAGARA HOTEL  JUNCTION KRROAD JUNCTION,BUS STOP,1KMS,12.923605,77.573568
Bengaluru City,Banashankari Traffic PS,1.04432e+16,2018,1,1,Road Accidents,Junction,City/Town,Near Bus stop,Human Error,No,Simple Injury,Hit pedestrian,Signals (Working),Incline,City or Town Road,Bitumen(Tar),Dry,No influence on accident,Clear,BSK BUS STOP,AUTO STOP,1,0.0,0.0
Bengaluru City,Banashankari Traffic PS,1.04432e+16,2018,1,1,Road Accidents,Narrow road,City/Town,Near Hospital,Human Error,Yes,Simple Injury,Hit pedestrian,Controlled,Incline,City or Town Road,Bitumen(Tar),Dry,No influence on accident,Cloudy,50 FEET ROAD,MUNESHWARA MAIN ROAD,1,12.942511,77.547504
Bengaluru City,Banashankari Traffic PS,1.04432e+16,2018,1,2,Road Accidents,Narrow road,City/Town,Near Hospital,Vehicle Defect,Not Applicable,Damage Only,Not Applicable,Not Applicable,Incline,Two way,Concrete,Dry,No influence on accident,Clear,"KATTARIGUPPE 1JUNCTION, NEAR PAI JUNCTION BSK 3RD STAGE",2,2,12.927911,77.55084
Bengaluru City,Banashankari Traffic PS,1.04432e+16,2018,1,2,Road Accidents,Narrow road,City/Town,Near office complex,Vehicle Defect,Not Applicable,Simple Injury,Not Applicable,Not at  Junction,Not Applicable,Two way,Concrete,Dry,No influence on accident,Clear,"NEAR  TRAFFIC POLICE OUT CHOWKI, AVADHANI KALYANA M",2,2,12.939681,77.547765
Bengaluru City,Banashankari Traffic PS,1.04432e+16,2018,1,1,Road Accidents,Narrow road,City/Town,Near Bus stop,Vehicle Defect,Not Applicable,Simple Injury,Not Applicable,Not Applicable,Curve,Two way,Concrete,Dry,No influence on accident,Clear,"NEAR VEERABHADRA NAGARA SIGNAL BIHEND SRINIVASA BAR, BSK 100 FEET RING ROAD",2,2,12.938013,77.533921
Bengaluru City,Banashankari Traffic PS,1.04432e+16,2018,1,2,Road Accidents,Narrow road,City/Town,Near Bus stop,Vehicle Defect,Yes,Damage Only,Hit and Run,Not Applicable,Not Applicable,Two way,Concrete,Dry,Not Applicable,Clear,NEAR BENDRE JUNCTION YARAB NAGARA BSK 2ND STAGE,2,2,12.91491,77.565707
Bengaluru City,Banashankari Traffic PS,1.04432e+16,2018,1,1,Road Accidents,Narrow road,City/Town,Near a religious place,Human Error,Yes,Simple Injury,Hit and Run,Not Applicable,Incline,City or Town Road,Bitumen(Tar),Dry,No influence on accident,Clear,HOSAKEREHALLI CROSS,1ST MAIN ROAD,1,0.0,0.0
Bengaluru City,Banashankari Traffic PS,1.04432e+16,2018,1,2,Road Accidents,Narrow road,City/Town,Open area,Human Error,No,Simple Injury,Others,Uncontrolled,Incline,City or Town Road,Bitumen(Tar),Dry,No influence on accident,Cloudy,BENDRE JUNCTION,100 FEET RING ROAD,1,12.91408,77.566184
Bengaluru City,Banashankari Traffic PS,1.04432e+16,2018,1,1,Road Accidents,Narrow road,City/Town,Near Bus stop,Vehicle Defect,Not Applicable,Simple Injury,Not Applicable,Stop sign,Incline,Two way,Concrete,Dry,No influence on accident,Clear,"17TH MAI, 24TH JUNCTION NEAR DEVAGERE PARK, BSK 2ND STAGE",2,2,12.924216,77.566197
Bengaluru City,Banashankari Traffic PS,1.04432e+16,2018,1,1,Road Accidents,Narrow road,City/Town,Near Bus stop,Human Error,Not Applicable,Simple Injury,Not Applicable,Not Applicable,Curve,Two way,Concrete,Dry,Not Applicable,Clear,"IN FRONT OF SBI ATM KADIRENAHALLI PARK 100 FEET RING ROAD, BSK 2ND STAGE",2,2,12.917238,77.564654
Bengaluru City,Banashankari Traffic PS,1.04432e+16,2018,1,2,Road Accidents,Junction,City/Town,In bazaar,Vehicle Defect,Not Applicable,Not Applicable,Not Applicable,Not Applicable,Curve,Two way,Bitumen(Tar),Dry,No influence on accident,Clear,9TH  MAIN BSK TRAFFIC PS JANCTION BSK 2ND STAGE,1,1,12.92859,77.567882
Bengaluru City,Banashankari Traffic PS,1.04432e+16,2018,1,1,Road Accidents,Narrow road,City/Town,At pedestrian Crossing,Human Error,No,Simple Injury,Hit pedestrian,Controlled,Incline,City or Town Road,Bitumen(Tar),Dry,No influence on accident,Clear,"9TH MAIN ROAD, 4TH CROSS ROAD",2,1,12.919972,77.562344
Bengaluru City,Banashankari Traffic PS,1.04432e+16,2018,1,1,Road Accidents,Narrow road,City/Town,Residential area,Human Error,Yes,Simple Injury,Hit pedestrian,Not at  Junction,Incline,City or Town Road,Bitumen(Tar),Dry,No influence on accident,Clear,"BSK 2ND STAGE, 4TH CROSS",VINAYAKA NAGARA,1,12.935074,77.559113
Bengaluru City,Banashankari Traffic PS,1.04432e+16,2018,1,1,Road Accidents,Narrow road,City/Town,Near Hospital,Human Error,No,Simple Injury,Hit pedestrian,Not at  Junction,Incline,City or Town Road,Bitumen(Tar),Dry,No influence on accident,Cloudy,"80 FEET RING ROAD,",BSK 3RD STAGE,1,12.935347,77.54755
Bengaluru City,Banashankari Traffic PS,1.04432e+16,2018,1,2,Road Accidents,Narrow road,City/Town,Residential area,Human Error,Yes,Simple Injury,Hit and Run,Uncontrolled,Incline,City or Town Road,Bitumen(Tar),Dry,No influence on accident,Clear,seetha circle,80 feet road,1,0.0,0.0
Bengaluru City,Banashankari Traffic PS,1.04432e+16,2018,1,2,Road Accidents,Narrow road,City/Town,Near a religious place,Human Error,No,Simple Injury,Head on,Controlled,Incline,City or Town Road,Bitumen(Tar),Dry,No influence on accident,Cloudy,ERANNANAGUDDA,GIRINAGARA BSK 3RD STAGE,1,0.0,0.0
Bengaluru City,Banashankari Traffic PS,1.04432e+16,2018,1,1,Road Accidents,Narrow road,City/Town,Near School or College,Human Error,No,Not Applicable,Hit animal,Not at  Junction,Incline,City or Town Road,Bitumen(Tar),Dry,No influence on accident,Clear,T G LAYOUT,ITTAMADU BSK 3RD STAGE,1,12.92089,77.539985
Bengaluru City,Banashankari Traffic PS,1.04432e+16,2018,1,1,Road Accidents,Cross roads,City/Town,Residential area,Human Error,No,Simple Injury,Others,No signal lights,Others,City or Town Road,Not Applicable,Others,Not Applicable,Clear,100 FEET RING ROAD  NEAR KADIRENAHALLI PARK,PAKR,2KMS,12.91515,77.565387
Bengaluru City,Banashankari Traffic PS,1.04432e+16,2018,1,1,Road Accidents,Narrow road,City/Town,Residential area,Human Error,No,Simple Injury,Not Applicable,Uncontrolled,Incline,City or Town Road,Bitumen(Tar),Dry,No influence on accident,Clear,BSK 3RD STAGE,KATHRIGUPPE WATER TANK,1,0.0,0.0
Bengaluru City,Banashankari Traffic PS,1.04432e+16,2018,1,2,Road Accidents,Narrow road,City/Town,Near Bus stop,Human Error,No,Simple Injury,Side impact or Right angle,Not at  Junction,Others,City or Town Road,Bitumen(Tar),Dry,Drainage Ditch,Fine,"9TH MAIN  SRI RAMA TEMPLE,BSK 2ND STAGE",YARAB NAGAR MAIN ROAD,1KM,0.0,0.0
Bengaluru City,Banashankari Traffic PS,1.04432e+16,2018,1,2,Road Accidents,Circle,City/Town,Near School or College,Vehicle Defect,Yes,Simple Injury,Hit and Run,Not Applicable,Curve,Two way,Concrete,Dry,No influence on accident,Clear,VIDYAPITHA CIRCLE TOWARDS THYAGARAJANAGARA,2,2,12.934234,77.562226
Bengaluru City,Banashankari Traffic PS,1.04432e+16,2018,1,2,Road Accidents,Narrow road,City/Town,Near Hospital,Vehicle Defect,Not Applicable,Simple Injury,Not Applicable,Not at  Junction,Curve,Two way,Concrete,Dry,No influence on accident,Clear,KATHRIGUPPE MAIN ROAD NEAR VIDYA PETA CIRCLE ASHRAMA BSK 3RD STAGE,2,2,12.934462,77.559611
Bengaluru City,Banashankari Traffic PS,1.04432e+16,2018,1,5,Road Accidents,Narrow road,City/Town,Near Bus stop,Vehicle Defect,No,Damage Only,Not Applicable,Not Applicable,Not Applicable,Two way,Concrete,Dry,No influence on accident,Clear,"NO 46/2, 6TH MAIN ROAD SARAKKI J P NAGARA 1ST STAGE",2,2,12.924651,77.551222
Bengaluru City,Banashankari Traffic PS,1.04432e+16,2018,1,2,Road Accidents,Narrow road,City/Town,Near Hospital,Human Error,Yes,Simple Injury,Others,Controlled,Incline,City or Town Road,Bitumen(Tar),Dry,No influence on accident,Clear,80 FEET ROAD,2,1,12.938485,77.550526
Bengaluru City,Banashankari Traffic PS,1.04432e+16,2018,1,2,Road Accidents,Narrow road,City/Town,Near a religious place,Human Error,Yes,Simple Injury,Hit and Run,Uncontrolled,Incline,City or Town Road,Bitumen(Tar),Dry,No influence on accident,Cloudy,2ND MAIN ROAD,14TH CROSS  JUNCTION,1,12.92994,77.566688
Bengaluru City,Banashankari Traffic PS,1.04432e+16,2018,1,2,Road Accidents,Narrow road,City/Town,Near office complex,Human Error,No,Simple Injury,Not Applicable,Not Applicable,Incline,City or Town Road,Bitumen(Tar),Dry,No influence on accident,Cloudy,KATHRIGUPEE EAST,BSK 3RD STAGE,1,12.929134,77.554106
Bengaluru City,Banashankari Traffic PS,1.04432e+16,2018,1,2,Road Accidents,Narrow road,City/Town,Near Bus stop,Vehicle Defect,Not Applicable,Simple Injury,Not Applicable,Not at  Junction,Curve,Two way,Concrete,Dry,No influence on accident,Clear,"NEAR KUVEMPU PARK, DEVAGIRI, BANASHANKARI 19TH MAIN ROAD",1,1,12.925564,77.565411
Bengaluru City,Banashankari Traffic PS,1.04432e+16,2018,1,1,Road Accidents,Narrow road,City/Town,Near Bus stop,Vehicle Defect,No,Simple Injury,Not Applicable,Not Applicable,Not Applicable,Two way,Concrete,Dry,No influence on accident,Clear,"BSK RING ROAD, NEAR KADIRENAHALLI PARK OPP VENAYAKA TEMPLE",2,2,12.912264,77.567283