DISTRICTNAME,UNITNAME,Crime_No,Year,RI,Noofvehicle_involved,Accident_Classification,Accident_Spot,Accident_Location,Accident_SubLocation,Main_Cause,Hit_Run,Severity,Collision_Type,Junction_Control,Road_Character,Road_Type,Surface_Type,Surface_Condition,Road_Condition,Weather,Accident_Road,Landmark_first,Distance_LandMark_First,Latitude,Longitude
Bengaluru City,Banashankari Traffic PS,1.04432e+16,2018,1,2,Road Accidents,Cross roads,City/Town,Near Bus stop,Vehicle Defect,Not Applicable,Simple Injury,Hit and Run,Not Applicable,Not Applicable,Two way,Concrete,Dry,No influence on accident,Clear,"NO 62, 2ND CROSS 1ST MAIN KATTRIGUPPE BSK 3RD STAGE",1,1,12.926658,77.549939
Bengaluru City,Banashankari Traffic PS,1.04432e+16,2019,1,2,Road Accidents,Junction,City/Town,Residential area,Human Error,No,Grievous Injury,Hit bicyclist,Controlled,Straight and flat,Others,Not Applicable,Dry,Not Applicable,Clear,veerabhadra signal,near srinivas bar,3 km,12.938082,77.533802
Bengaluru City,Banashankari Traffic PS,1.04432e+16,2019,1,2,Road Accidents,Junction,City/Town,Near Petrol Pump,Vehicle Defect,No,Damage Only,Vehicle to Vehicle,Controlled,Curve,Two way,Bitumen(Tar),Dry,Not Applicable,Clear,100 FT RING ROAD,K E B OFFICE,1.5 KM,12.922708,77.560448
Bengaluru City,Banashankari Traffic PS,1.04432e+16,2019,1,2,Road Accidents,Curves,City/Town,Near Bus stop,Human Error,No,Grievous Injury,Vehicle to Vehicle,Controlled,Curve,Others,Bitumen(Tar),Dry,Not Applicable,Clear,HOSAKEREHALLI,BUS STOP,4 K M,12.929533,77.534755
Bengaluru City,Banashankari Traffic PS,1.04432e+16,2019,1,2,Road Accidents,Cross roads,City/Town,Residential area,Human Error,Yes,Grievous Injury,Vehicle to Vehicle,Uncontrolled,Curve,Others,Bitumen(Tar),Dry,Not Applicable,Cloudy,VIVEKANANDA PARK,bank colony,3.5,12.938791,77.54876
Bengaluru City,Banashankari Traffic PS,1.04432e+16,2019,1,1,Road Accidents,Junction,City/Town,In bazaar,Human Error,Yes,Grievous Injury,Not Applicable,Controlled,Others,Two way,Bitumen(Tar),Dry,Not Applicable,Clear,KATHRAGUPPE ROAD,NEAR BIG BAZAAR,2KM,0.0,0.0
Bengaluru City,Banashankari Traffic PS,1.04432e+16,2019,1,2,Road Accidents,Narrow road,City/Town,Near School or College,Human Error,Yes,Grievous Injury,Vehicle to Vehicle,No signal lights,Incline,Others,Bitumen(Tar),Dry,No influence on accident,Clear,GIRINAGARA,MUNESHWARA BLOCK,1,0.0,0.0
Bengaluru City,Banashankari Traffic PS,1.04432e+16,2019,1,2,Road Accidents,Junction,City/Town,Residential area,Human Error,No,Grievous Injury,Vehicle to Vehicle,Uncontrolled,Curve,Two way,Bitumen(Tar),Dry,Not Applicable,Clear,80 FEET ROAD GIRINAGARA,NEAR CAKE OF THE  DAY S B M COLONY,2,12.934436,77.546802
Bengaluru City,Banashankari Traffic PS,1.04432e+16,2019,1,2,Road Accidents,Junction,City/Town,Residential area,Not Applicable,No,Fatal,Vehicle to Vehicle,No signal lights,Others,Others,Surfaced,Dry,Not Applicable,Clear,NEAR ITTAMADU JUNCTION,MANDYA MATON AND CHIKKEN CENTER,3,12.925368,77.546193
Bengaluru City,Banashankari Traffic PS,1.04432e+16,2019,1,2,Road Accidents,Circle,City/Town,Residential area,Human Error,Yes,Grievous Injury,Vehicle to Vehicle,Controlled,Curve,Others,Bitumen(Tar),Ditch or Potholed,Not Applicable,Clear,KATRIGUPPE MAIN ROAD,K E B CIRCLE,3.5,12.930862,77.554192
Bengaluru City,Banashankari Traffic PS,1.04432e+16,2019,1,1,Road Accidents,Junction,City/Town,Open area,Human Error,Yes,Grievous Injury,Hit pedestrian,Controlled,Curve,Residential Street,Bitumen(Tar),Dry,Not Applicable,Fog / Mist,100 FT RING ROAD,VEERABADHRANAGARA,3.5,12.936465,77.534469
Bengaluru City,Banashankari Traffic PS,1.04432e+16,2019,1,1,Road Accidents,Cross roads,City/Town,Residential area,Human Error,Yes,Simple Injury,Hit pedestrian,Uncontrolled,Curve,Others,Bitumen(Tar),Dry,Not Applicable,Clear,100 FT RING ROAD,PESIT COLLEGE,3.5,0.0,0.0
Bengaluru City,Banashankari Traffic PS,1.04432e+16,2019,1,2,Road Accidents,Narrow road,City/Town,Residential area,Human Error,No,Simple Injury,Right Turn Collision,Controlled,Incline,City or Town Road,Bitumen(Tar),Dry,No influence on accident,Clear,KEMPEGOWDA LAYOUT,BSK 3RD STAGE,1,12.55478,77.32572
Bengaluru City,Banashankari Traffic PS,1.04432e+16,2019,1,2,Road Accidents,Narrow road,City/Town,Near office complex,Human Error,No,Grievous Injury,Vehicle to Vehicle,Not at  Junction,Incline,Others,Bitumen(Tar),Dry,No influence on accident,Clear,THYAGARAJANAGARA,K R ROAD SIGNAL,1,12.929792,77.571647
Bengaluru City,Banashankari Traffic PS,1.04432e+16,2019,1,1,Road Accidents,Narrow road,City/Town,Near office complex,Human Error,No,Fatal,Hit pedestrian,Signals (Working),Straight and flat,Others,Bitumen(Tar),Dry,Not Applicable,Clear,100 FT RING ROAD,KAMAKYA JUNCTION,2,12.924135,77.55291
Bengaluru City,Banashankari Traffic PS,1.04432e+16,2019,1,3,Road Accidents,Narrow road,City/Town,Near School or College,Human Error,No,Grievous Injury,Vehicle to Vehicle,Controlled,Incline,Others,Bitumen(Tar),Dry,No influence on accident,Clear,NCERT JUNCTION,100 FT RING ROAD,1,12.930443,77.543394
Bengaluru City,Banashankari Traffic PS,1.04432e+16,2019,1,2,Road Accidents,Junction,City/Town,Narrow bridge or culverts,Not Applicable,No,Simple Injury,Vehicle to Vehicle,Uncontrolled,Curve,Two way,Bitumen(Tar),Dry,Not Applicable,Clear,100 FT RING ROAD,BENDRE UNDER PASS,1.5,0.0,0.0
Bengaluru City,Banashankari Traffic PS,1.04432e+16,2019,1,2,Road Accidents,Cross roads,City/Town,Near Bus stop,Vehicle Defect,No,Grievous Injury,Vehicle to Vehicle,No signal lights,Others,Residential Street,Surfaced,Dry,Not Applicable,Cloudy,5TH CRS VIDYAPITA,CHANNAMMANAKERE ACHUKATTU,1.5 KM,12.928622,77.557515
Bengaluru City,Banashankari Traffic PS,1.04432e+16,2019,1,2,Road Accidents,Junction,City/Town,Near Bus stop,Vehicle Defect,No,Grievous Injury,Vehicle to Vehicle,Signals (Working),Others,Others,Bitumen(Tar),Dry,Not Applicable,Clear,K R ROAD 14TH CROSS JUNCTION,14TH CROSS JUNCTION,0.7 KM,12.930911,77.573637
Bengaluru City,Banashankari Traffic PS,1.04432e+16,2019,1,2,Road Accidents,Cross roads,City/Town,Near Bus stop,Human Error,No,Grievous Injury,Vehicle to Vehicle,Controlled,Others,Two way,Bitumen(Tar),Dry,Not Applicable,Fine,"BHOVI COLONY,THYAGARAJA NAGARA",NEAR  BUS STOP,1KM,12.918613,77.564118
Bengaluru City,Banashankari Traffic PS,1.04432e+16,2019,1,2,Road Accidents,Cross roads,City/Town,Near Hospital,Human Error,No,Simple Injury,Vehicle to Vehicle,Uncontrolled,Others,Two way,Bitumen(Tar),Dry,Not Applicable,Fine,D G HOSPITAL ROAD,PADMANABHANAGARA,2KM,0.0,0.0
Bengaluru City,Banashankari Traffic PS,1.04432e+16,2019,1,2,Road Accidents,Narrow road,City/Town,Near office complex,Human Error,Yes,Grievous Injury,Vehicle to Vehicle,Not at  Junction,Incline,Others,Bitumen(Tar),Dry,No influence on accident,Clear,HOSAKEREHALLI,GIRINAGARA,1,12.936391,77.539713
Bengaluru City,Banashankari Traffic PS,1.04432e+16,2019,1,1,Road Accidents,Narrow road,City/Town,At pedestrian Crossing,Human Error,No,Grievous Injury,Hit pedestrian,Not at  Junction,Incline,Others,Bitumen(Tar),Dry,No influence on accident,Clear,OPOSITE BSNL OFFICE,THIMMAIAH ROAD,1,12.918398,77.555341
Bengaluru City,Banashankari Traffic PS,1.04432e+16,2019,1,2,Road Accidents,Junction,City/Town,Residential area,Human Error,No,Grievous Injury,Vehicle to Vehicle,Controlled,Others,Others,Bitumen(Tar),Dry,Not Applicable,Clear,22 ND MAIN ROAD,ANJANEYA TEMPLE,1.5,12.922278,77.563436
Bengaluru City,Banashankari Traffic PS,1.04432e+16,2019,1,2,Road Accidents,Junction,City/Town,Near Bus stop,Vehicle Defect,Yes,Grievous Injury,Vehicle to Vehicle,Controlled,Hump,Others,Concrete,Dry,No influence on accident,Clear,"PARCK ROAD  KATHRIGUPPE WATER TANK,BSK 3RD STAGE.",BUS STOP,2KM,12.929914,77.548009
Bengaluru City,Banashankari Traffic PS,1.04432e+16,2019,1,2,Road Accidents,Junction,City/Town,Near Hospital,Vehicle Defect,Yes,Grievous Injury,Vehicle to Vehicle,Controlled,Others,Others,Gravel,Dry,No influence on accident,Clear,"NEAR NU HOSPITAL PADHMANABHANAGARA,BSK 2ND STAGE.",NU HOSPITAL,2KM,12.918524,77.556261
Bengaluru City,Banashankari Traffic PS,1.04432e+16,2019,1,2,Road Accidents,Junction,City/Town,Near Bus stop,Human Error,No,Grievous Injury,Vehicle to Vehicle,Signals (Working),Slight Curve,Two way,Bitumen(Tar),Dry,Not Applicable,Clear,100 FT RING ROAD,NEAR BUS STOP,3KM,12.934202,77.538217
Bengaluru City,Banashankari Traffic PS,1.04432e+16,2019,1,1,Road Accidents,Junction,City/Town,Near School or College,Human Error,Yes,Grievous Injury,Hit pedestrian,No signal lights,Hump,Two way,Bitumen(Tar),Dry,Not Applicable,Fine,"THE LIFE SCHOOL,BSK 2ND STAGE",NEAR SCHOOL,2.5KM,12.91889,77.555255
Bengaluru City,Banashankari Traffic PS,1.04432e+16,2019,1,2,Road Accidents,Narrow road,City/Town,Residential area,Human Error,No,Grievous Injury,Vehicle to Vehicle,Controlled,Incline,Others,Bitumen(Tar),Dry,No influence on accident,Cloudy,GIRINAGARA BSK 3RD STAGE,NEAR BDA PARK,1,12.943154,77.544405
Bengaluru City,Banashankari Traffic PS,1.04432e+16,2019,1,1,Road Accidents,Narrow road,City/Town,Near Hospital,Human Error,Yes,Simple Injury,Hit pedestrian,Not at  Junction,Incline,Others,Bitumen(Tar),Dry,No influence on accident,Clear,D G HOSPITAL,PADMANABHANAGARA,1,12.920643,77.559969
Bengaluru City,Banashankari Traffic PS,1.04432e+16,2019,1,1,Road Accidents,Junction,City/Town,Near Hospital,Human Error,No,Simple Injury,Vehicle to Vehicle,Controlled,Curve,Residential Street,Bitumen(Tar),Dry,Not Applicable,Clear,K R ROAD,near  HOSPITAL,1.5 KM,12.92099,77.573587
Bengaluru City,Banashankari Traffic PS,1.04432e+16,2019,1,1,Road Accidents,Cross roads,City/Town,Near Bus stop,Human Error,Yes,Fatal,Hit pedestrian,Controlled,Others,Two way,Bitumen(Tar),Dry,Not Applicable,Fine,"NEAR COFFE DAY,ATTIMBBE ROAD",NEAR ATTIMBBE JUNCTION,1.5KM,12.925364,77.560785
Bengaluru City,Banashankari Traffic PS,1.04432e+16,2019,1,1,Road Accidents,Cross roads,City/Town,Near Hospital,Human Error,No,Grievous Injury,Hit pedestrian,Controlled,Curve,Two way,Bitumen(Tar),Dry,Not Applicable,Clear,BDA PARK,HOSPITAL,1.5KM,0.0,0.0
Bengaluru City,Banashankari Traffic PS,1.04432e+16,2019,1,1,Road Accidents,Junction,City/Town,Near Bus stop,Human Error,Yes,Grievous Injury,Hit pedestrian,Controlled,Curve,Others,Bitumen(Tar),Dry,Pot holed,Fine,"100 FT RING ROAD,BSK 3RD STAGE",NEAR  BUS STOP,2.5KM,12.934337,77.538201
Bengaluru City,Banashankari Traffic PS,1.04432e+16,2019,1,2,Road Accidents,Cross roads,City/Town,Near Bus stop,Human Error,Yes,Grievous Injury,Vehicle to Vehicle,Controlled,Others,Two way,Bitumen(Tar),Dry,Pot holed,Clear,HOSAKEREHLLI CROSS,BSK 3RD STAGE,3KM,0.0,0.0
Bengaluru City,Banashankari Traffic PS,1.04432e+16,2019,1,2,Road Accidents,Narrow road,City/Town,Residential area,Human Error,No,Grievous Injury,Vehicle to Vehicle,No signal lights,Incline,Others,Bitumen(Tar),Dry,No influence on accident,Clear,HOSAKEREHALLI,14 TH CROSS,1,12.939816,77.53901
Bengaluru City,Banashankari Traffic PS,1.04432e+16,2019,1,2,Road Accidents,Cross roads,City/Town,Near Bus stop,Not Applicable,No,Grievous Injury,Vehicle to Vehicle,No signal lights,Curve,Others,Surfaced,Dry,Not Applicable,Clear,NEAR VIDYA NAGARA BUS STOP,VIDYA NAGARA BUS STOP,3 KM,12.934433,77.539838
Bengaluru City,Banashankari Traffic PS,1.04432e+16,2019,1,2,Road Accidents,Junction,City/Town,Near Bus stop,Human Error,Yes,Fatal,Vehicle to Vehicle,Controlled,Others,Two way,Bitumen(Tar),Dry,Not Applicable,Fine,"SHASTHRINAGARA,BSK 2ND STAGE",NEAR BUS STOP,1KM,0.0,0.0
Bengaluru City,Banashankari Traffic PS,1.04432e+16,2019,1,1,Road Accidents,Junction,City/Town,Near Bus stop,Human Error,No,Fatal,Not Applicable,Controlled,Others,Two way,Bitumen(Tar),Dry,Not Applicable,Fine,K R ROAD,NEAR BUS STOP,1 KM,12.926273,77.57353
Bengaluru City,Banashankari Traffic PS,1.04432e+16,2019,1,2,Road Accidents,Junction,City/Town,Near Bus stop,Human Error,Yes,Grievous Injury,Vehicle to Vehicle,Controlled,Others,Two way,Bitumen(Tar),Dry,Not Applicable,Clear,100 FT RING ROAD,NEAR NCERT JUNCTION,3KM,0.0,0.0
Bengaluru City,Banashankari Traffic PS,1.04432e+16,2019,1,2,Road Accidents,Junction,City/Town,Near School or College,Human Error,No,Grievous Injury,Vehicle to Vehicle,Uncontrolled,Others,Two way,Bitumen(Tar),Dry,Not Applicable,Clear,DHWARAKANAGAR,NEAR SCHOOL,3.5KM,0.0,0.0
Bengaluru City,Banashankari Traffic PS,1.04432e+16,2019,1,1,Road Accidents,Narrow road,City/Town,Near office complex,Human Error,Yes,Grievous Injury,Hit pedestrian,Controlled,Incline,Residential Street,Bitumen(Tar),Dry,No influence on accident,Clear,KATHRIGUPEE WATER TANK,BSK 3RD STAGE,1,12.930436,77.547075
Bengaluru City,Banashankari Traffic PS,1.04432e+16,2019,1,1,Road Accidents,Narrow road,City/Town,Near School or College,Human Error,No,Grievous Injury,Hit pedestrian,Controlled,Incline,Others,Bitumen(Tar),Dry,No influence on accident,Clear,100 FT RING ROAD,INFRONT OF PESIT COLLEAGE,1,12.935075,77.536976
Bengaluru City,Banashankari Traffic PS,1.04432e+16,2019,1,2,Road Accidents,Narrow road,City/Town,Near a religious place,Human Error,No,Grievous Injury,Vehicle to Vehicle,Signal lights Automatic,Incline,Others,Bitumen(Tar),Dry,No influence on accident,Cloudy,100 FT RING ROAD,NEAR BSNL OFFICE,1,12.931386,77.54233
Bengaluru City,Banashankari Traffic PS,1.04432e+16,2019,1,2,Road Accidents,Cross roads,City/Town,Near Bus stop,Vehicle Defect,No,Simple Injury,Vehicle to Vehicle,Not at  Junction,Others,Others,Bitumen(Tar),Dry,Not Applicable,Clear,SUBRAMANYAPURA MAIN ROAD,KADIRENAHALLI CROSS,1.5 KM,12.194869,77.56827
Bengaluru City,Banashankari Traffic PS,1.04432e+16,2019,1,2,Road Accidents,Junction,City/Town,Near Bus stop,Human Error,No,Simple Injury,Vehicle to Vehicle,Controlled,Others,Two way,Bitumen(Tar),Dry,Not Applicable,Fine,KATHRAGUPPE MAIN ROAD,KATHRIGUPPE MAIN ROAD,3KM,12.923546,77.543477
Bengaluru City,Banashankari Traffic PS,1.04432e+16,2019,1,1,Road Accidents,Junction,City/Town,Near Bus stop,Human Error,Yes,Grievous Injury,Not Applicable,Controlled,Others,Two way,Bitumen(Tar),Dry,Not Applicable,Clear,100 FT RING ROAD,NEAR CHANNAMMA JUNCTION,1.5 KM,0.0,0.0
Bengaluru City,Banashankari Traffic PS,1.04432e+16,2019,1,2,Road Accidents,Narrow road,City/Town,Residential area,Human Error,Yes,Grievous Injury,Vehicle to Vehicle,Controlled,Incline,Others,Bitumen(Tar),Dry,No influence on accident,Clear,KATHRIGUPEE,NEAR VIJAYA BANK ATM,1,12.930212,77.547658
Bengaluru City,Banashankari Traffic PS,1.04432e+16,2019,1,1,Road Accidents,Junction,City/Town,Residential area,Human Error,Yes,Grievous Injury,Hit pedestrian,Controlled,Curve,Two way,Bitumen(Tar),Dry,Not Applicable,Clear,K R ROAD,GANAPATHI STORES,1 KM,12.925379,77.57362
Bengaluru City,Banashankari Traffic PS,1.04432e+16,2019,1,2,Road Accidents,Junction,City/Town,Residential area,Human Error,No,Grievous Injury,Vehicle to Vehicle,Controlled,Curve,Others,Bitumen(Tar),Dry,Not Applicable,Clear,KATRIGUPPE MAIN ROAD,SAHI HONDA SHOWROOM,3.5,12.927338,77.548239
Bengaluru City,Banashankari Traffic PS,1.04432e+16,2019,1,2,Road Accidents,Junction,City/Town,Near Bus stop,Vehicle Defect,Yes,Damage Only,Vehicle to Vehicle,Signal lights Automatic,Curve,Others,Surfaced,Dry,Not Applicable,Clear,SUBRAMANYAPURA MAIN ROAD,NEAR YARAB NAGARA JUNCTION,1 KM,12.915509,77.569517
Bengaluru City,Banashankari Traffic PS,1.04432e+16,2019,1,2,Road Accidents,Junction,City/Town,Near Bus stop,Human Error,Yes,Grievous Injury,Vehicle to Vehicle,Controlled,Curve,Others,Bitumen(Tar),Dry,Engineering Defect of Road,Clear,ATTIMBBE ROAD,NEAR  BUS STOP,1.5KM,0.0,0.0
Bengaluru City,Banashankari Traffic PS,1.04432e+16,2019,1,2,Road Accidents,Bottleneck,City/Town,Near Bus stop,Human Error,Yes,Grievous Injury,Vehicle to Vehicle,Controlled,Others,Two way,Bitumen(Tar),Dry,Construction Work / Material,Clear,NEAR MANJUNATHA TEMPLE,KATHRIGUPPE WATER TANK ROAD,3.5KM,0.0,0.0
Bengaluru City,Banashankari Traffic PS,1.04432e+16,2019,1,2,Road Accidents,Cross roads,City/Town,Near Bus stop,Human Error,Yes,Grievous Injury,Hit pedestrian,Uncontrolled,Others,Two way,Bitumen(Tar),Dry,Not Applicable,Fine,"24TH CROSS,BSK 2ND STAGE",NEAR BDA COMPLEX,1.5KM,0.0,0.0
Bengaluru City,Banashankari Traffic PS,1.04432e+16,2019,1,2,Road Accidents,Cross roads,City/Town,Near Bus stop,Human Error,Yes,Grievous Injury,Vehicle to Vehicle,Controlled,Others,Two way,Bitumen(Tar),Dry,Not Applicable,Clear,THYAGARAJ NAGAR 2TH MAIN ROAD,JAIN TEMPLE,1KM,0.0,0.0
Bengaluru City,Banashankari Traffic PS,1.04432e+16,2019,1,1,Road Accidents,Curves,City/Town,Residential area,Human Error,No,Grievous Injury,Hit pedestrian,Uncontrolled,Not Applicable,Two way,Bitumen(Tar),Dry,Not Applicable,Clear,100 FT RING ROAD,ashwini apartment,1.5,12.920109,77.562315
Bengaluru City,Banashankari Traffic PS,1.04432e+16,2019,1,2,Road Accidents,Junction,City/Town,Near office complex,Human Error,No,Grievous Injury,Vehicle to Vehicle,Controlled,Curve,Two way,Bitumen(Tar),Dry,Not Applicable,Clear,ITTAMADU MAIN ROAD,MEENA PRAVISATION STORE,3,12.920908,77.543043
Bengaluru City,Banashankari Traffic PS,1.04432e+16,2019,1,2,Road Accidents,Circle,City/Town,Residential area,Human Error,No,Grievous Injury,Vehicle to Vehicle,Controlled,Curve,Two way,Bitumen(Tar),Dry,Not Applicable,Clear,VIVEKANANDA PARK,GIRINAGAR,3KM,0.0,0.0
Bengaluru City,Banashankari Traffic PS,1.04432e+16,2019,1,2,Road Accidents,Cross roads,City/Town,Near School or College,Human Error,No,Grievous Injury,Vehicle to Vehicle,Controlled,Curve,Others,Bitumen(Tar),Dry,Not Applicable,Clear,BSK 3 RD STAGE,PRABHAKAR HOUSE,3.5,0.0,0.0
Bengaluru City,Banashankari Traffic PS,1.04432e+16,2019,1,1,Road Accidents,Curves,City/Town,Near Bus stop,Human Error,Yes,Simple Injury,Hit pedestrian,Controlled,Others,Two way,Bitumen(Tar),Dry,Not Applicable,Clear,THYAGARAJANAGAR,NEAR  BUS STOP,1KM,12.933428,77.566068
Bengaluru City,Banashankari Traffic PS,1.04432e+16,2019,1,2,Road Accidents,Cross roads,City/Town,Near School or College,Human Error,No,Grievous Injury,Vehicle to Vehicle,Not at  Junction,Others,Two way,Bitumen(Tar),Dry,Not Applicable,Fine,CHANNAMMANAKLERE ACHHUKATTU,BSK 3RD STAGE,1KM,0.0,0.0
Bengaluru City,Banashankari Traffic PS,1.04432e+16,2019,1,2,Road Accidents,Junction,City/Town,Near Bus stop,Vehicle Defect,No,Damage Only,Vehicle to Vehicle,Controlled,Others,Two way,Bitumen(Tar),Dry,Not Applicable,Clear,NCERT JUNCTION,100 FEET RING ROAD,3.5KM,0.0,0.0
Bengaluru City,Banashankari Traffic PS,1.04432e+16,2019,1,2,Road Accidents,Junction,City/Town,In bazaar,Human Error,No,Simple Injury,Vehicle to Vehicle,Uncontrolled,Others,Two way,Bitumen(Tar),Dry,Not Applicable,Clear,KATHRAGUPPE PAI JUNCTION,NEAR BIG BAZAAR,1.5KM,0.0,0.0
Bengaluru City,Banashankari Traffic PS,1.04432e+16,2019,1,3,Road Accidents,Curves,City/Town,Residential area,Human Error,No,Grievous Injury,Vehicle to Vehicle,Controlled,Curve,Two way,Bitumen(Tar),Dry,Not Applicable,Clear,"14 TH CRS ROAD, HOSAKEREHALLI",SUNDAR MAHAL,3,12.938832,77.539161
Bengaluru City,Banashankari Traffic PS,1.04432e+16,2019,1,2,Road Accidents,Cross roads,City/Town,Near School or College,Human Error,Yes,Grievous Injury,Vehicle to Vehicle,Controlled,Curve,Two way,Bitumen(Tar),Dry,Not Applicable,Clear,8 TH MAIN LAKSHMANAPPA GARDEN,SCHOOL,2 KM,12.92943,77.560273
Bengaluru City,Banashankari Traffic PS,1.04432e+16,2019,1,1,Road Accidents,Cross roads,City/Town,Residential area,Human Error,Yes,Grievous Injury,Hit pedestrian,Controlled,Curve,Two way,Bitumen(Tar),Dry,Not Applicable,Clear,GIRINAGARA BSK 3RD STAGE,AVADHANI KALYANA MANTAPA,3,12.940552,77.547763
Bengaluru City,Banashankari Traffic PS,1.04432e+16,2019,1,2,Road Accidents,Junction,City/Town,Near Bus stop,Vehicle Defect,No,Damage Only,Vehicle to Vehicle,Controlled,Others,Two way,Bitumen(Tar),Dry,Not Applicable,Fine,PADMANABHANAGARA,NEAR BUS STOP,2KM,0.0,0.0
Bengaluru City,Banashankari Traffic PS,1.04432e+16,2019,1,3,Road Accidents,Cross roads,City/Town,Residential area,Human Error,Yes,Simple Injury,Hit pedestrian,Controlled,Others,Two way,Bitumen(Tar),Dry,Not Applicable,Clear,BSK 3RD STAGE,NEAR BUS STOP,3.5KM,12.930305,77.545839
Bengaluru City,Banashankari Traffic PS,1.04432e+16,2019,1,2,Road Accidents,Cross roads,City/Town,Near School or College,Human Error,Yes,Grievous Injury,Vehicle to Vehicle,Uncontrolled,Others,Two way,Bitumen(Tar),Dry,Not Applicable,Clear,NEAR SAMPOORNA PLAY HOME,C T BED ROAD,1KM,0.0,0.0
Bengaluru City,Banashankari Traffic PS,1.04432e+16,2019,1,1,Road Accidents,Narrow road,City/Town,Near office complex,Human Error,Yes,Grievous Injury,Hit pedestrian,Controlled,Incline,Others,Bitumen(Tar),Dry,No influence on accident,Clear,"80 FT RING ROAD, BSK 1ST STAGE",BANK COLONY,1,12.935265,77.558597
Bengaluru City,Banashankari Traffic PS,1.04432e+16,2019,1,2,Road Accidents,Junction,City/Town,In bazaar,Human Error,Yes,Fatal,Vehicle to Vehicle,Controlled,Curve,Others,Bitumen(Tar),Dry,Not Applicable,Clear,"100 FT RING ROAD,KAMAKYA JUNCTION",BRAND FACTORY,2,12.924337,77.551956
Bengaluru City,Banashankari Traffic PS,1.04432e+16,2019,1,2,Road Accidents,Junction,City/Town,Near Bus stop,Human Error,No,Grievous Injury,Vehicle to Vehicle,Signals (Working),Curve,Others,Bitumen(Tar),Dry,Not Applicable,Clear,ARAVINDA SUPER BAZR JUTION,ARAVINDA SUPER BAZR JUTION,0.5KM,12.928885,77.566307
Bengaluru City,Banashankari Traffic PS,1.04432e+16,2019,1,1,Road Accidents,Junction,City/Town,Residential area,Human Error,Yes,Grievous Injury,Hit pedestrian,Controlled,Others,Service Road,Bitumen(Tar),Dry,Not Applicable,Fog / Mist,100 FT RING ROAD,CHIKEN HUNTH,2.5 KM,12.926341,77.548382
Bengaluru City,Banashankari Traffic PS,1.04432e+16,2019,1,2,Road Accidents,Curves,City/Town,Near Bus stop,Human Error,No,Grievous Injury,Vehicle to Vehicle,Uncontrolled,Others,Two way,Bitumen(Tar),Dry,Not Applicable,Fine,NEAR DEVAGIRI TEMPLE ROAD,NEAR BDA COMPLEX,1KM,0.0,0.0
Bengaluru City,Banashankari Traffic PS,1.04432e+16,2019,1,2,Road Accidents,Cross roads,City/Town,Near Bus stop,Human Error,No,Grievous Injury,Vehicle to Vehicle,Controlled,Others,Two way,Bitumen(Tar),Dry,Not Applicable,Fine,"14TH CROSS, K R ROAD,BSK 2ND STAGE,BANGALORE",14TH CROSS K R ROAD,1KM,0.0,0.0
Bengaluru City,Banashankari Traffic PS,1.04432e+16,2019,1,2,Road Accidents,Narrow road,City/Town,Residential area,Human Error,Yes,Damage Only,Vehicle to Vehicle,Not at  Junction,Incline,Two way,Bitumen(Tar),Dry,No influence on accident,Clear,SEETHA CIRCLE,INFRONT OF CLINIC,1,0.0,0.0
Bengaluru City,Banashankari Traffic PS,1.04432e+16,2019,1,2,Road Accidents,Narrow road,City/Town,Residential area,Human Error,No,Grievous Injury,Vehicle to Vehicle,Not at  Junction,Incline,Others,Bitumen(Tar),Dry,No influence on accident,Cloudy,"C K ACHUKATTU, 4TH MAIN",NEAR MEDICAL STORE,1,12.928311,77.559263
Bengaluru City,Banashankari Traffic PS,1.04432e+16,2019,1,1,Road Accidents,Cross roads,City/Town,Near Petrol Pump,Human Error,No,Grievous Injury,Hit pedestrian,Uncontrolled,Curve,Others,Bitumen(Tar),Dry,Not Applicable,Clear,channamma junction up ramp,tvs shoow room,1.5,12.92232,77.558507
Bengaluru City,Banashankari Traffic PS,1.04432e+16,2019,1,3,Road Accidents,Junction,City/Town,Near Bus stop,Human Error,Yes,Simple Injury,Vehicle to Vehicle,Controlled,Others,Service Road,Bitumen(Tar),Dry,Not Applicable,Clear,BMTC BUS DEPO,KAMAKYA JUNCTION,1.5 KM,12.55255,77.33138
Bengaluru City,Banashankari Traffic PS,1.04432e+16,2019,1,2,Road Accidents,Cross roads,City/Town,Near School or College,Human Error,No,Grievous Injury,Vehicle to Vehicle,Controlled,Curve,Two way,Bitumen(Tar),Dry,Not Applicable,Fine,CHANNAMMANNAKERE,BSK 3RD STAGE,1KM,0.0,0.0
Bengaluru City,Banashankari Traffic PS,1.04432e+16,2019,1,2,Road Accidents,Junction,City/Town,Near Bus stop,Human Error,No,Grievous Injury,Vehicle to Vehicle,Controlled,Others,Two way,Bitumen(Tar),Dry,Not Applicable,Fine,KATHRIGUPPE WATER TANK,BSK 3RD STAGE,2.5KM,0.0,0.0
Bengaluru City,Banashankari Traffic PS,1.04432e+16,2019,1,2,Road Accidents,Cross roads,City/Town,Near Bus stop,Human Error,No,Grievous Injury,Vehicle to Vehicle,Not Applicable,Others,Two way,Bitumen(Tar),Dry,Not Applicable,Clear,THYAGARAJANAGARA,BSK 2ND STAGE,1KM,0.0,0.0
Bengaluru City,Banashankari Traffic PS,1.04432e+16,2019,1,1,Road Accidents,Junction,City/Town,Near Hospital,Human Error,Yes,Grievous Injury,Hit pedestrian,Uncontrolled,Others,Two way,Bitumen(Tar),Dry,Not Applicable,Fine,RADHAKRUSHNA HOSPITAL,GIRINAGARA BSK 3RD STAGE,3.5KM,0.0,0.0
Bengaluru City,Banashankari Traffic PS,1.04432e+16,2019,1,2,Road Accidents,Narrow road,City/Town,Residential area,Human Error,Yes,Grievous Injury,Vehicle to Vehicle,No signal lights,Incline,Residential Street,Bitumen(Tar),Dry,No influence on accident,Clear,BANASHANKARI 14TH CROSS ROAD,SHASTRI NAGARA,1,12.929822,77.571145
Bengaluru City,Banashankari Traffic PS,1.04432e+16,2019,1,1,Road Accidents,Narrow road,City/Town,Near Bus stop,Human Error,Yes,Grievous Injury,Hit pedestrian,Not at  Junction,Incline,Others,Bitumen(Tar),Dry,No influence on accident,Clear,near kaderenahalli park,100 feet ring road,1,12.917674,77.564545
Bengaluru City,Banashankari Traffic PS,1.04432e+16,2019,1,1,Road Accidents,Cross roads,City/Town,Near office complex,Human Error,No,Grievous Injury,Hit pedestrian,Not at  Junction,Incline,Two way,Bitumen(Tar),Dry,No influence on accident,Heavy Rain,BSK 3RD STAGE,KAMAKYA LAYOUT,1,12.923248,77.552883