DISTRICTNAME,UNITNAME,Crime_No,Year,RI,Noofvehicle_involved,Accident_Classification,Accident_Spot,Accident_Location,Accident_SubLocation,Main_Cause,Hit_Run,Severity,Collision_Type,Junction_Control,Road_Character,Road_Type,Surface_Type,Surface_Condition,Road_Condition,Weather,Accident_Road,Landmark_first,Distance_LandMark_First,Latitude,Longitude
Bengaluru City,Banashankari Traffic PS,1.04432e+16,2019,1,2,Road Accidents,Junction,City/Town,Narrow bridge or culverts,Human Error,Yes,Grievous Injury,Vehicle to Vehicle,Controlled,Curve,Service Road,Metalled,Dry,Not Applicable,Clear,"K E B FLYOVER, 100 FT RING ROAD",K E B FLYOVER,3.5,12.93214,77.540051
Bengaluru City,Banashankari Traffic PS,1.04432e+16,2019,1,1,Road Accidents,Junction,City/Town,Residential area,Human Error,Yes,Grievous Injury,Hit pedestrian,Controlled,Curve,Residential Street,Bitumen(Tar),Dry,Not Applicable,Cloudy,"14 cross road,",anjaneya swamy temple,1.5,12.929921,77.569491
Bengaluru City,Banashankari Traffic PS,1.04432e+16,2019,1,1,Road Accidents,Cross roads,City/Town,Near Bus stop,Human Error,Yes,Grievous Injury,Hit pedestrian,Uncontrolled,Others,Two way,Bitumen(Tar),Dry,Not Applicable,Others,"PADMANABHANAGARA,BSK 2ND STAGE",KAVALI HOTEL,2KM,0.0,0.0
Bengaluru City,Banashankari Traffic PS,1.04432e+16,2019,1,2,Road Accidents,Cross roads,City/Town,Near Hospital,Vehicle Defect,No,Grievous Injury,Hit pedestrian,Police / Manual,Curve,Others,Surfaced,Dry,Not Applicable,Clear,KATTARIGUPPE MAIN ROAD,NEAR PAI SHOP,1.5,0.0,0.0
Bengaluru City,Banashankari Traffic PS,1.04432e+16,2019,1,1,Road Accidents,Junction,City/Town,Near Bus stop,Human Error,Yes,Grievous Injury,Hit pedestrian,Controlled,Curve,Residential Street,Bitumen(Tar),Dry,Not Applicable,Clear,100 FT RING ROAD,NEAR PESIT COLLEGE,3.5,12.935296,77.536602
Bengaluru City,Banashankari Traffic PS,1.04432e+16,2019,1,1,Road Accidents,Cross roads,City/Town,Residential area,Human Error,Yes,Grievous Injury,Hit pedestrian,Uncontrolled,Curve,Others,Bitumen(Tar),Dry,Not Applicable,Clear,ATTIMBBE ROAD,OPP NILGIRIS DEPARTMENTAL STORE,1 KM,0.0,0.0
Bengaluru City,Banashankari Traffic PS,1.04432e+16,2019,1,2,Road Accidents,Junction,City/Town,Near Bus stop,Human Error,Yes,Grievous Injury,Vehicle to Vehicle,Signal lights Automatic,Others,Service Road,Bitumen(Tar),Dry,Not Applicable,Fine,CHANNAMMA JUNCTION,NEAR BUS STOP,1.5KM,12.921884,77.560159
Bengaluru City,Banashankari Traffic PS,1.04432e+16,2019,1,1,Road Accidents,Cross roads,City/Town,Near School or College,Human Error,Yes,Grievous Injury,Hit pedestrian,Not at  Junction,Not Applicable,Two way,Bitumen(Tar),Dry,Not Applicable,Clear,IN FORNT S S M SCHOOL,CHANNAMMANAKERE BSK 3RD STAGE,1KM,0.0,0.0
Bengaluru City,Banashankari Traffic PS,1.04432e+16,2019,1,2,Road Accidents,Narrow road,City/Town,Near Hospital,Human Error,Yes,Grievous Injury,Vehicle to Vehicle,Controlled,Straight and flat,Others,Bitumen(Tar),Dry,Not Applicable,Clear,100 FT RING ROAD,KADIRENAHALLI PARK,1.5 KM,0.0,0.0
Bengaluru City,Banashankari Traffic PS,1.04432e+16,2019,1,1,Road Accidents,Narrow road,City/Town,At pedestrian Crossing,Human Error,Yes,Simple Injury,Hit pedestrian,Not at  Junction,Incline,Others,Bitumen(Tar),Dry,No influence on accident,Clear,NEAR PETROLE BUNK,9TH MAIN ROAD,1,12.921127,77.569561
Bengaluru City,Banashankari Traffic PS,1.04432e+16,2019,1,2,Road Accidents,Junction,City/Town,Residential area,Human Error,No,Grievous Injury,Vehicle to Vehicle,Controlled,Curve,Others,Bitumen(Tar),Dry,Not Applicable,Clear,14 TH CROSS,1,1.5,12.929724,77.572045
Bengaluru City,Banashankari Traffic PS,1.04432e+16,2019,1,1,Road Accidents,Cross roads,City/Town,Residential area,Human Error,Yes,Grievous Injury,Hit pedestrian,Uncontrolled,Curve,Residential Street,Bitumen(Tar),Dry,Not Applicable,Clear,NEAR HARI KALYANA MANTAPA,TAPASVI BHAVANA,1 KM,12.928555,77.562349
Bengaluru City,Banashankari Traffic PS,1.04432e+16,2019,1,1,Road Accidents,Junction,City/Town,Near Hospital,Human Error,No,Grievous Injury,Hit pedestrian,No signal lights,Incline,Residential Street,Bitumen(Tar),Dry,No influence on accident,Clear,C T BED,7TH CROSS ROAD,1,12.929762,77.563933
Bengaluru City,Banashankari Traffic PS,1.04432e+16,2019,1,1,Road Accidents,Cross roads,City/Town,Residential area,Human Error,Yes,Grievous Injury,Hit pedestrian,Uncontrolled,Curve,Residential Street,Bitumen(Tar),Dry,Not Applicable,Clear,3 RD CROSS ROAD GIRINAGARA,NEAR MUNESHWARA TEMPLE,4 KM,12.937977,77.545377
Bengaluru City,Banashankari Traffic PS,1.04432e+16,2019,1,1,Road Accidents,Not Applicable,City/Town,Near School or College,Human Error,No,Grievous Injury,Not Applicable,Uncontrolled,Not Applicable,Others,Bitumen(Tar),Dry,Not Applicable,Clear,NEAR SCHOOL,NEAR SCHOOL,3KM,0.0,0.0
Bengaluru City,Banashankari Traffic PS,1.04432e+16,2019,1,3,Road Accidents,Junction,City/Town,Near Bus stop,Human Error,Yes,Grievous Injury,Vehicle to Vehicle,Uncontrolled,Others,Two way,Bitumen(Tar),Dry,Not Applicable,Fine,BANASHANKARI 35TH CROSS,18TH MAIN JUNCTION,1.5KM,0.0,0.0
Bengaluru City,Banashankari Traffic PS,1.04432e+16,2019,1,2,Road Accidents,Junction,City/Town,Near Bus stop,Vehicle Defect,No,Damage Only,Vehicle to Vehicle,Controlled,Curve,Others,Bitumen(Tar),Dry,Not Applicable,Clear,"100  FT RING ROAD,",VEERABHADRANAGARA,3.5 KM,0.0,0.0
Bengaluru City,Banashankari Traffic PS,1.04432e+16,2020,1,2,Road Accidents,Junction,City/Town,Near Bus stop,Human Error,No,Grievous Injury,Vehicle to Vehicle,Controlled,Others,Two way,Bitumen(Tar),Dry,Not Applicable,Clear,100 FEET RING ROAD,KAMAKYA BMTC BUS DEPOT,2KM,12.9238,77.553888
Bengaluru City,Banashankari Traffic PS,1.04432e+16,2020,1,2,Road Accidents,Junction,City/Town,Open area,Human Error,Yes,Grievous Injury,Vehicle to Vehicle,Controlled,Curve,Others,Bitumen(Tar),Dry,Not Applicable,Clear,3rd main road,2nd a crs,3.5km,12.939532,77.552255
Bengaluru City,Banashankari Traffic PS,1.04432e+16,2020,1,2,Road Accidents,Cross roads,City/Town,Near a religious place,Human Error,No,Fatal,Vehicle to Vehicle,Not at  Junction,Curve,Others,Bitumen(Tar),Dry,Not Applicable,Clear,"80feet road,",shrungeri shankara mata,3.5km,12.94068,77.546948
Bengaluru City,Banashankari Traffic PS,1.04432e+16,2020,1,2,Road Accidents,Narrow road,City/Town,Near Hospital,Human Error,No,Grievous Injury,Vehicle to Vehicle,Controlled,Straight and flat,Others,Bitumen(Tar),Dry,Not Applicable,Clear,100 ftring road,opp udbhava hospital,3 km,12.926171,77.548698
Bengaluru City,Banashankari Traffic PS,1.04432e+16,2020,1,2,Road Accidents,Junction,City/Town,Near Hospital,Human Error,No,Grievous Injury,Vehicle to Vehicle,Controlled,Others,Two way,Bitumen(Tar),Dry,Not Applicable,Clear,ATTIMBBE JUNCTION ROAD,NEAR HOSPITAL,1KM,0.0,0.0
Bengaluru City,Banashankari Traffic PS,1.04432e+16,2020,1,1,Road Accidents,Junction,City/Town,Near Bus stop,Human Error,Yes,Simple Injury,Hit pedestrian,Controlled,Others,Two way,Bitumen(Tar),Dry,Not Applicable,Cloudy,100 FEET RING ROAD,NEAR BUS STOP,2KM,0.0,0.0
Bengaluru City,Banashankari Traffic PS,1.04432e+16,2020,1,2,Road Accidents,Junction,City/Town,Near Hospital,Human Error,No,Grievous Injury,Vehicle to Vehicle,Controlled,Others,Two way,Bitumen(Tar),Dry,No influence on accident,Clear,"100 FEET RING ROAD,KATRIGUPPE JUNCTION",KATRIGUPPE JUNCTION,3KM,12.925288,77.549987
Bengaluru City,Banashankari Traffic PS,1.04432e+16,2020,1,1,Road Accidents,Cross roads,City/Town,Near Bus stop,Human Error,Yes,Simple Injury,Hit pedestrian,Uncontrolled,Curve,Two way,Bitumen(Tar),Dry,Not Applicable,Clear,100 FEET RING ROAD,NEAR BMTC BUS STOP,2KM,12.92307,77.556145
Bengaluru City,Banashankari Traffic PS,1.04432e+16,2020,1,1,Road Accidents,Cross roads,City/Town,Near Bus stop,Human Error,No,Grievous Injury,Vehicle to Vehicle,Uncontrolled,Others,Two way,Bitumen(Tar),Dry,Not Applicable,Clear,HOSAKEREHALLI CROSS,BSK 3RD STAGE,3KM,12.924578,77.54079
Bengaluru City,Banashankari Traffic PS,1.04432e+16,2020,1,2,Road Accidents,Cross roads,City/Town,Near Bus stop,Human Error,No,Grievous Injury,Vehicle to Vehicle,Uncontrolled,Curve,Two way,Bitumen(Tar),Dry,Not Applicable,Clear,BSK 2ND STAGE,BUS STOP,1 KM,12.929973,77.568085
Bengaluru City,Banashankari Traffic PS,1.04432e+16,2020,1,2,Road Accidents,Junction,City/Town,Near office complex,Human Error,No,Simple Injury,Vehicle to Vehicle,Controlled,Curve,Others,Bitumen(Tar),Dry,Not Applicable,Clear,27TH CRS ROAD,23RD MAIN JUNCTION,1.5 KM,12.92308,77.563125
Bengaluru City,Banashankari Traffic PS,1.04432e+16,2020,1,2,Road Accidents,Cross roads,City/Town,Near Hospital,Human Error,Yes,Grievous Injury,Vehicle to Vehicle,Controlled,Curve and Incline,Others,Bitumen(Tar),Dry,Not Applicable,Clear,channamanakere road,vishweshwaiah co oparative bank,2.5 km,0.0,0.0
Bengaluru City,Banashankari Traffic PS,1.04432e+16,2020,1,1,Road Accidents,Junction,City/Town,Near Bus stop,Human Error,No,Grievous Injury,Hit pedestrian,Uncontrolled,Others,Two way,Bitumen(Tar),Dry,Not Applicable,Clear,"50 FEET ROAD NEAR,SEETHA CIRCLE",SBM COLONY,3.5KM,12.938721,77.550682
Bengaluru City,Banashankari Traffic PS,1.04432e+16,2020,1,1,Road Accidents,Circle,City/Town,Near Bus stop,Human Error,No,Grievous Injury,Hit pedestrian,Controlled,Others,Two way,Bitumen(Tar),Dry,Not Applicable,Clear,100 FEET RING ROAD,NEAR BUS STOP,2.5KM,12.923568,77.55427
Bengaluru City,Banashankari Traffic PS,1.04432e+16,2020,1,2,Road Accidents,Junction,City/Town,Near Bus stop,Human Error,No,Simple Injury,Vehicle to Vehicle,Uncontrolled,Others,Two way,Bitumen(Tar),Dry,Not Applicable,Clear,COFFEE DAY JANCTION ROAD,NEAR BUS STOP,1KM,12.925691,77.560914
Bengaluru City,Banashankari Traffic PS,1.04432e+16,2020,1,2,Road Accidents,Curves,City/Town,Near Bus stop,Human Error,Yes,Damage Only,Vehicle to Vehicle,Controlled,Others,Others,Bitumen(Tar),Dry,Not Applicable,Clear,100 FT RING ROAD,NEAR KAMAKYA JUNCTION,2 KM,12.923901,77.553319
Bengaluru City,Banashankari Traffic PS,1.04432e+16,2020,1,1,Road Accidents,Cross roads,City/Town,Near Bus stop,Human Error,Yes,Grievous Injury,Vehicle to Vehicle,Controlled,Others,Others,Bitumen(Tar),Dry,Not Applicable,Fog / Mist,k r road,mtr foot store,1km,12.928496,77.573598
Bengaluru City,Banashankari Traffic PS,1.04432e+16,2020,1,1,Road Accidents,Cross roads,City/Town,Near Bus stop,Human Error,No,Fatal,Not Applicable,Controlled,Curve,Others,Bitumen(Tar),Dry,Not Applicable,Fog / Mist,100 FEET RING ROAD,KADIRENAHALLI PARK,1.5 KM,12.918027,77.56427
Bengaluru City,Banashankari Traffic PS,1.04432e+16,2020,1,1,Road Accidents,Cross roads,City/Town,Near Bus stop,Human Error,No,Fatal,Not Applicable,Controlled,Curve,Others,Bitumen(Tar),Dry,Not Applicable,Mist or Fog,"100 ft ring road,",indira cantin,3.5km,12.936192,77.534766
Bengaluru City,Banashankari Traffic PS,1.04432e+16,2020,1,2,Road Accidents,Junction,City/Town,Near office complex,Human Error,Yes,Grievous Injury,Vehicle to Vehicle,Controlled,Curve,Others,Bitumen(Tar),Dry,Not Applicable,Mist or Fog,ATTIMABBE ROAD,ARAVINDA SUPER BAJAR JUNCTION,0.5 KM,12.928861,77.566252
Bengaluru City,Banashankari Traffic PS,1.04432e+16,2020,1,1,Road Accidents,Junction,City/Town,Near Hospital,Human Error,No,Grievous Injury,Hit pedestrian,Uncontrolled,Others,Two way,Bitumen(Tar),Dry,Not Applicable,Clear,100 FEET RING ROAD,NCERT JUNCTION,3KM,0.0,0.0
Bengaluru City,Banashankari Traffic PS,1.04432e+16,2020,1,2,Road Accidents,Junction,City/Town,Near Hospital,Human Error,No,Grievous Injury,Vehicle to Vehicle,Not Applicable,Others,Two way,Bitumen(Tar),Dry,Not Applicable,Clear,"A V HOSPITAL ROAD,100 FEET RING ROAD",NEAR HOSPITAL,3KM,12.932541,77.540958
Bengaluru City,Banashankari Traffic PS,1.04432e+16,2020,1,1,Road Accidents,Junction,City/Town,Near Bus stop,Human Error,No,Grievous Injury,Hit pedestrian,Not at  Junction,Others,Two way,Bitumen(Tar),Dry,Not Applicable,Fine,"OPP TEA HOTEL,100 FEET RING ROAD",NEAR BUS STOP,2KM,0.0,0.0
Bengaluru City,Banashankari Traffic PS,1.04432e+16,2020,1,2,Road Accidents,Cross roads,City/Town,Near Petrol Pump,Human Error,No,Fatal,Vehicle to Vehicle,Controlled,Curve,Others,Bitumen(Tar),Dry,Not Applicable,Clear,100 ft ring road,siddarath spirit zone,3.5 km,0.0,0.0
Bengaluru City,Banashankari Traffic PS,1.04432e+16,2020,1,2,Road Accidents,Junction,City/Town,Near Bus stop,Vehicle Defect,Yes,Damage Only,Vehicle to Vehicle,Controlled,Others,Others,Bitumen(Tar),Dry,Not Applicable,Fog / Mist,100 ft ring road,katriguppe junction,3km,12.925368,77.549959
Bengaluru City,Banashankari Traffic PS,1.04432e+16,2020,1,1,Road Accidents,Curves,City/Town,Narrow bridge or culverts,Human Error,No,Fatal,Not Applicable,Controlled,Curve,Others,Bitumen(Tar),Dry,Not Applicable,Fog / Mist,CHANNAMMA FLYOVER,100 FT RING ROAD,1.5 KM,12.921374,77.561711
Bengaluru City,Banashankari Traffic PS,1.04432e+16,2020,1,2,Road Accidents,Junction,City/Town,Near Bus stop,Human Error,No,Grievous Injury,Vehicle to Vehicle,Controlled,Straight and flat,Others,Bitumen(Tar),Dry,No influence on accident,Clear,100 ft ring road,katriguppe junction,3,12.92537,77.550013
Bengaluru City,Banashankari Traffic PS,1.04432e+16,2020,1,1,Road Accidents,Junction,City/Town,In bazaar,Human Error,No,Grievous Injury,Hit pedestrian,Controlled,Curve,Others,Bitumen(Tar),Dry,Not Applicable,Clear,2nd main road,SAMPATH PRAVITION STORE,1.5 KM,12.932453,77.567795
Bengaluru City,Banashankari Traffic PS,1.04432e+16,2020,1,1,Road Accidents,Cross roads,City/Town,Near School or College,Human Error,No,Fatal,Hit pedestrian,Not at  Junction,Curve,Others,Bitumen(Tar),Dry,Not Applicable,Fog / Mist,100 FT RING ROAD,NEAR NAVEEN KABAB HOTEL,4.5 KM,0.0,0.0
Bengaluru City,Banashankari Traffic PS,1.04432e+16,2020,1,1,Road Accidents,Cross roads,City/Town,Near Hospital,Human Error,No,Grievous Injury,Hit pedestrian,Uncontrolled,Curve,Two way,Bitumen(Tar),Dry,Not Applicable,Fine,"NEAR CANARA BANK,80 FT DOUBLE ROAD",NEAR RADHA KRISHNA HOSPITAL,3KM,12.940856,77.546589
Bengaluru City,Banashankari Traffic PS,1.04432e+16,2020,1,2,Road Accidents,Curves,City/Town,Residential area,Vehicle Defect,Yes,Damage Only,Vehicle to Vehicle,Controlled,Curve,Others,Bitumen(Tar),Dry,Not Applicable,Clear,KATRIGUPPE  MAIN ROAD,VIVEKANANDA NAGARA,1.5 KM,0.0,0.0
Bengaluru City,Banashankari Traffic PS,1.04432e+16,2020,1,2,Road Accidents,Cross roads,City/Town,Near office complex,Human Error,No,Grievous Injury,Vehicle to Vehicle,Not at  Junction,Curve,Others,Bitumen(Tar),Dry,Not Applicable,Clear,"C K ACHUKATTU ROAD,",C K ACCHUKATTU PS,2KM,12.930334,77.561307
Bengaluru City,Banashankari Traffic PS,1.04432e+16,2020,1,2,Road Accidents,Cross roads,City/Town,Near Bus stop,Human Error,Yes,Grievous Injury,Vehicle to Vehicle,Uncontrolled,Others,Two way,Bitumen(Tar),Dry,Pot holed,Clear,TEMPL ROAD GIRINAGARA,BSK 3RD STAGE GIRINAGARA,3.5KM,12.94142,77.547377
Bengaluru City,Banashankari Traffic PS,1.04432e+16,2020,1,2,Road Accidents,Junction,City/Town,Near Bus stop,Human Error,Yes,Grievous Injury,Vehicle to Vehicle,Uncontrolled,Others,Two way,Bitumen(Tar),Dry,Not Applicable,Fine,100 FEET RING ROAD,NEAR BUS STOP,2KM,0.0,0.0
Bengaluru City,Banashankari Traffic PS,1.04432e+16,2020,1,1,Road Accidents,Cross roads,City/Town,Near Hospital,Human Error,Yes,Fatal,Hit pedestrian,Controlled,Straight and flat,Others,Bitumen(Tar),Dry,Not Applicable,Mist or Fog,60 ft road,OPP AKSHA HOSPITAL,1.5 KM,12.925268,77.573543
Bengaluru City,Banashankari Traffic PS,1.04432e+16,2020,1,1,Road Accidents,Junction,City/Town,At pedestrian Crossing,Human Error,No,Grievous Injury,Hit pedestrian,Controlled,Straight and flat,Others,Bitumen(Tar),Dry,Not Applicable,Fog / Mist,KATRIGUPPE ROAD,SRI RAMA TEMPALE,4KM,0.0,0.0
Bengaluru City,Banashankari Traffic PS,1.04432e+16,2020,1,2,Road Accidents,Cross roads,City/Town,Open area,Human Error,Yes,Grievous Injury,Vehicle to Vehicle,Controlled,Curve,Others,Bitumen(Tar),Dry,Not Applicable,Fog / Mist,"9TH MAIN ROAD,",NAGALAKSHMI KALYANA MANTAPA,0.5 KM,12.927347,77.567994
Bengaluru City,Banashankari Traffic PS,1.04432e+16,2020,1,1,Road Accidents,Cross roads,City/Town,Near Hospital,Human Error,Yes,Grievous Injury,Hit pedestrian,Uncontrolled,Curve,Two way,Bitumen(Tar),Dry,Not Applicable,Clear,NEAR SRINAGARA CLUB 80 FEET RING ROAD,NEAR SBM COLONY,3.5KM,12.933916,77.546342
Bengaluru City,Banashankari Traffic PS,1.04432e+16,2020,1,1,Road Accidents,Cross roads,City/Town,Near Bus stop,Human Error,No,Grievous Injury,Vehicle to Vehicle,Uncontrolled,Others,Two way,Bitumen(Tar),Dry,Pot holed,Clear,9TH MAIN ROAD,NEAR BDA COMLEX,1.5KM,12.921897,77.569852
Bengaluru City,Banashankari Traffic PS,1.04432e+16,2020,1,1,Road Accidents,Cross roads,City/Town,Residential area,Human Error,No,Fatal,Vehicle to Vehicle,Controlled,Curve,Others,Bitumen(Tar),Dry,Not Applicable,Clear,kerekodi road,clean drinking water unit,3.5 KM,12.928151,77.53169
Bengaluru City,Banashankari Traffic PS,1.04432e+16,2020,1,2,Road Accidents,Junction,City/Town,Near School or College,Human Error,Yes,Simple Injury,Vehicle to Vehicle,Controlled,Others,Two way,Bitumen(Tar),Dry,Not Applicable,Fine,100 FEET RING ROAD,NEAR KEB JUNCTION,3.5KM,12.933941,77.53869
Bengaluru City,Banashankari Traffic PS,1.04432e+16,2020,1,2,Road Accidents,Junction,City/Town,Residential area,Vehicle Defect,No,Damage Only,Vehicle to Vehicle,Controlled,Straight and flat,Service Road,Bitumen(Tar),Dry,Not Applicable,Clear,100FT RING ROAD,NCERT JUNCTION,3KM,12.931288,77.542532
Bengaluru City,Banashankari Traffic PS,1.04432e+16,2020,1,1,Road Accidents,Curves,City/Town,Near office complex,Human Error,No,Grievous Injury,Hit pedestrian,Controlled,Curve,Others,Bitumen(Tar),Dry,Not Applicable,Mist or Fog,PADMANABHANAGAR ROAD,SAHAKARA SAMUDAYA BHAVANA,2.5 KM,12.919786,77.558326
Bengaluru City,Banashankari Traffic PS,1.04432e+16,2020,1,1,Road Accidents,Curves,City/Town,Near Hospital,Human Error,No,Simple Injury,Hit pedestrian,Controlled,Curve,Others,Bitumen(Tar),Dry,Not Applicable,Clear,100 frrt ring road,udbhava hospital,2.5km,0.0,0.0
Bengaluru City,Banashankari Traffic PS,1.04432e+16,2020,1,1,Road Accidents,Cross roads,City/Town,Residential area,Human Error,No,Grievous Injury,Hit pedestrian,Uncontrolled,Curve,Others,Bitumen(Tar),Dry,Not Applicable,Clear,KATRIGUPPE MAIN ROAD,HOUSE NO 501,4KM,12.929012,77.549305
Bengaluru City,Banashankari Traffic PS,1.04432e+16,2020,1,2,Road Accidents,Junction,City/Town,In bazaar,Human Error,Yes,Grievous Injury,Vehicle to Vehicle,Uncontrolled,Others,Two way,Bitumen(Tar),Dry,Not Applicable,Fine,KATHRIGUPPE PAI JUNCTION,NEAR BAZAAR,2.5KM,12.927677,77.551408
Bengaluru City,Banashankari Traffic PS,1.04432e+16,2020,1,2,Road Accidents,Cross roads,City/Town,Near Bus stop,Human Error,Yes,Simple Injury,Vehicle to Vehicle,Uncontrolled,Curve,Two way,Bitumen(Tar),Dry,Not Applicable,Clear,NEAR KEREKODI HOSAKEREHALLI CROSS,NEAR BUS STOP,3.5KM,0.0,0.0
Bengaluru City,Banashankari Traffic PS,1.04432e+16,2020,1,2,Road Accidents,Junction,City/Town,Near Bus stop,Human Error,No,Fatal,Vehicle to Vehicle,Controlled,Curve,Others,Bitumen(Tar),Dry,Not Applicable,Fog / Mist,100 FT RING ROAD,KEB JUNCTION,3.5 KM,12.933988,77.539006
Bengaluru City,Banashankari Traffic PS,1.04432e+16,2020,1,2,Road Accidents,Cross roads,City/Town,Near Bus stop,Human Error,Yes,Grievous Injury,Vehicle to Vehicle,Uncontrolled,Curve,Two way,Bitumen(Tar),Dry,Not Applicable,Clear,"NEAR MAHALAKSHMI TEMPLE,BHUVANESHWARI NAGARA,BSK 3RD STG",NEAR BUS STOP,3.5KM,0.0,0.0
Bengaluru City,Banashankari Traffic PS,1.04432e+16,2020,1,2,Road Accidents,Junction,City/Town,Near Bus stop,Human Error,No,Grievous Injury,Vehicle to Vehicle,Controlled,Curve,Others,Bitumen(Tar),Dry,Not Applicable,Mist or Fog,100 FT RING ROAD,ITTAMADU JUNCTION,3KM,12.928103,77.546248
Bengaluru City,Banashankari Traffic PS,1.04432e+16,2020,1,2,Road Accidents,Junction,City/Town,Near Bus stop,Vehicle Defect,No,Damage Only,Vehicle to Vehicle,Uncontrolled,Others,Two way,Bitumen(Tar),Dry,Not Applicable,Clear,NEAR YARAB NAGARA MASIDI,NEAR MASIDI IN YARAB NAGRA,1.5KM,12.917351,77.568782
Bengaluru City,Banashankari Traffic PS,1.04432e+16,2020,1,2,Road Accidents,Cross roads,City/Town,Residential area,Human Error,No,Grievous Injury,Vehicle to Vehicle,Controlled,Curve,Others,Bitumen(Tar),Dry,Not Applicable,Mist or Fog,8th main road,sudha aparthment,3.5 km,12.937172,77.5422
Bengaluru City,Banashankari Traffic PS,1.04432e+16,2020,1,2,Road Accidents,Curves,City/Town,Residential area,Human Error,Yes,Simple Injury,Vehicle to Vehicle,Controlled,Curve,Others,Bitumen(Tar),Dry,Not Applicable,Clear,80 ft  road,cake of the day,3.5 km,0.0,0.0
Bengaluru City,Banashankari Traffic PS,1.04432e+16,2020,1,1,Road Accidents,Curves,City/Town,Near Bus stop,Human Error,Yes,Grievous Injury,Hit pedestrian,Controlled,Others,Others,Bitumen(Tar),Dry,Not Applicable,Clear,"ITTAMADU MAIN ROAD,",LAKSHMI CLOTH CENTER,3.5 KM,0.0,0.0
Bengaluru City,Banashankari Traffic PS,1.04432e+16,2020,1,1,Road Accidents,Cross roads,City/Town,Near Bus stop,Human Error,No,Grievous Injury,Hit pedestrian,Uncontrolled,Curve,Others,Bitumen(Tar),Dry,Not Applicable,Clear,hosakerehalli road,43 bus stop,3.5 km,12.929648,77.538621
Bengaluru City,Banashankari Traffic PS,1.04432e+16,2020,1,1,Road Accidents,Narrow road,City/Town,At pedestrian Crossing,Human Error,No,Fatal,Not Applicable,Controlled,Curve,Others,Bitumen(Tar),Dry,Not Applicable,Clear,padmanabhabnagara,sahakara samudaya bhavana,1.5,12.919762,77.558353
Bengaluru City,Banashankari Traffic PS,1.04432e+16,2020,1,2,Rail Road Accidents,Junction,City/Town,Near Bus stop,Human Error,Yes,Grievous Injury,Vehicle to Vehicle,Controlled,Others,Two way,Bitumen(Tar),Dry,Not Applicable,Fine,100 FEET RING ROAD,NEAR KAMKYA BMTC BUS DEPOT,2KM,12.923918,77.5533
Bengaluru City,Banashankari Traffic PS,1.04432e+16,2020,1,1,Road Accidents,Junction,City/Town,Near Hospital,Human Error,Yes,Grievous Injury,Hit pedestrian,Uncontrolled,Others,Two way,Bitumen(Tar),Dry,Not Applicable,Fine,K R ROAD,NEAR HOSPITAL,1.5KM,12.964063,77.57397
Bengaluru City,Banashankari Traffic PS,1.04432e+16,2020,1,2,Road Accidents,Junction,City/Town,Near office complex,Human Error,Yes,Grievous Injury,Hit pedestrian,Controlled,Curve,Others,Bitumen(Tar),Dry,Not Applicable,Clear,ittamadu main road junction,bhuvaneshwari kandimants,3.5 km,12.924796,77.543931
Bengaluru City,Banashankari Traffic PS,1.04432e+16,2020,1,1,Road Accidents,Cross roads,City/Town,Residential area,Human Error,No,Grievous Injury,Not Applicable,No signal lights,Curve,Others,Bitumen(Tar),Dry,Not Applicable,Mist or Fog,3RD MAIN JUNCTION,NEAR NANJUNDESHWARA STORE,3KM,12.934191,77.541786
Bengaluru City,Banashankari Traffic PS,1.04432e+16,2020,1,2,Road Accidents,Junction,City/Town,Open area,Human Error,No,Grievous Injury,Vehicle to Vehicle,Controlled,Curve,Others,Bitumen(Tar),Dry,Not Applicable,Clear,"100 fFT RING ROAD,",K E B JUNCTON,4.5 KM,12.933956,77.538705
Bengaluru City,Banashankari Traffic PS,1.04432e+16,2020,1,2,Road Accidents,Cross roads,City/Town,Near Bus stop,Vehicle Defect,No,Damage Only,Vehicle to Vehicle,Uncontrolled,Curve,Others,Bitumen(Tar),Dry,Not Applicable,Clear,"KATRIGUPPE EAST,BSK 3RD STAGE",NEAR BUS STOP,2.5KM,12.926749,77.553519
Bengaluru City,Banashankari Traffic PS,1.04432e+16,2020,1,1,Road Accidents,Narrow road,City/Town,Near School or College,Human Error,No,Fatal,Not Applicable,Controlled,Straight and flat,Others,Bitumen(Tar),Dry,Not Applicable,Clear,"100 FT RING ROAD,BSK 3RD STAGE",pesit college gate,3.5 km,12.935628,77.535542
Bengaluru City,Banashankari Traffic PS,1.04432e+16,2020,1,2,Road Accidents,Junction,City/Town,Near Bus stop,Human Error,No,Grievous Injury,Vehicle to Vehicle,Controlled,Curve,Others,Bitumen(Tar),Dry,Not Applicable,Clear,100 FT RING ROAD,N C E R T UNDER PASS JUNCTION,3.5,12.931338,77.542567
Bengaluru City,Banashankari Traffic PS,1.04432e+16,2021,1,1,Road Accidents,Cross roads,City/Town,Residential area,Human Error,Yes,Grievous Injury,Hit pedestrian,Not at  Junction,Curve,Others,Bitumen(Tar),Dry,Not Applicable,Clear,"t g layout 4th cross,",pro market,3.5km,0.0,0.0
Bengaluru City,Banashankari Traffic PS,1.04432e+16,2021,1,2,Road Accidents,Cross roads,City/Town,Near a religious place,Human Error,No,Grievous Injury,Vehicle to Vehicle,Not at  Junction,Others,Others,Bitumen(Tar),Dry,Not Applicable,Clear,KATRIGUPPE MAIN ROAD,NEAR AIYAPPASWAMY TEMPLE,2.5 KM,12.928232,77.550625
Bengaluru City,Banashankari Traffic PS,1.04432e+16,2021,1,2,Road Accidents,Not Applicable,City/Town,Near a religious place,Not Applicable,No,Grievous Injury,Vehicle to Vehicle,Not at  Junction,Others,Others,Bitumen(Tar),Not Applicable,Not Applicable,Clear,C K ACCUKTTU 8TH CROSS ROAD,C K ACCUKTTU 8TH CROSS ROAD,2.00KM,12.930942,77.560088
Bengaluru City,Banashankari Traffic PS,1.04432e+16,2021,1,1,Road Accidents,Cross roads,City/Town,Residential area,Human Error,Yes,Grievous Injury,Hit pedestrian,Not at  Junction,Others,Others,Bitumen(Tar),Dry,Not Applicable,Clear,bsk 2nd stage,6th cross,1.5 km,0.0,0.0