DISTRICTNAME,UNITNAME,Crime_No,Year,RI,Noofvehicle_involved,Accident_Classification,Accident_Spot,Accident_Location,Accident_SubLocation,Main_Cause,Hit_Run,Severity,Collision_Type,Junction_Control,Road_Character,Road_Type,Surface_Type,Surface_Condition,Road_Condition,Weather,Accident_Road,Landmark_first,Distance_LandMark_First,Latitude,Longitude
Bengaluru City,Banashankari Traffic PS,1.04432e+16,2021,1,2,Road Accidents,Curves,City/Town,Residential area,Human Error,No,Simple Injury,Vehicle to Vehicle,Not at  Junction,Others,Others,Bitumen(Tar),Dry,Not Applicable,Fog / Mist,100 FEET RING ROAD,adarsh appartment,1.5 km,12.920506,77.562091
Bengaluru City,Banashankari Traffic PS,1.04432e+16,2021,1,3,Road Accidents,Narrow road,City/Town,Near office complex,Human Error,No,Grievous Injury,Vehicle to Vehicle,Not at  Junction,Others,Others,Bitumen(Tar),Dry,Not Applicable,Clear,100 FT RING ROAD,NCRT UNDERPASS,3 KM,12.930062,77.544112
Bengaluru City,Banashankari Traffic PS,1.04432e+16,2021,1,1,Road Accidents,Not Applicable,City/Town,Residential area,Road Environment Defect,No,Damage Only,Not Applicable,Uncontrolled,Others,Others,Bitumen(Tar),Dry,Not Applicable,Clear,"7th main,2nd cross banagirinagar BSK 2nd stage",STREET LIGHT,2.00KM,12.924687,77.557112
Bengaluru City,Banashankari Traffic PS,1.04432e+16,2021,1,2,Road Accidents,Curves,City/Town,Residential area,Not Applicable,Yes,Damage Only,Vehicle to Vehicle,Not at  Junction,Curve,Others,Bitumen(Tar),Dry,Not Applicable,Cloudy,OPP UDUPI HOTEL K R ROAD,NEAR UDUPI HOTEL,1.5 KM,12.931104,77.573646
Bengaluru City,Banashankari Traffic PS,1.04432e+16,2021,1,2,Road Accidents,Narrow road,City/Town,Near Bus stop,Human Error,No,Simple Injury,Vehicle to Vehicle,Not at  Junction,Curve,Others,Bitumen(Tar),Dry,Not Applicable,Clear,100 ft ring road,s b tea stal,2km,12.916978,77.564676
Bengaluru City,Banashankari Traffic PS,1.04432e+16,2021,1,2,Road Accidents,Narrow road,City/Town,Near office complex,Human Error,Yes,Grievous Injury,Vehicle to Vehicle,Not at  Junction,Others,Others,Bitumen(Tar),Dry,Not Applicable,Clear,bsk 14th cross,riders driving school,0.5 km,12.929992,77.567736
Bengaluru City,Banashankari Traffic PS,1.04432e+16,2021,1,1,Road Accidents,Curves,City/Town,Near office complex,Human Error,Not Applicable,Simple Injury,Hit pedestrian,Uncontrolled,Curve,Service Road,Bitumen(Tar),Flooded,Not Applicable,Wind,"MARUTHI NAGARA, ITTUMADU MAIN ROAD",5TH CROSS MARUTHI NAGAR,3.5,12.924053,77.543803
Bengaluru City,Banashankari Traffic PS,1.04432e+16,2021,1,1,Road Accidents,Cross roads,City/Town,Near Bus stop,Not Applicable,Yes,Grievous Injury,Hit pedestrian,Not at  Junction,Others,Others,Bitumen(Tar),Dry,Not Applicable,Fog / Mist,100 ft ring road,veerabhadra signal,3.5km,0.0,0.0
Bengaluru City,Banashankari Traffic PS,1.04432e+16,2021,1,2,Road Accidents,Junction,City/Town,Near a recreation place/cinema,Human Error,No,Simple Injury,Hit bicyclist,Controlled,Straight and flat,Two way,Bitumen(Tar),Dry,Not Applicable,Clear,100FT RING ROAD,ESHWARI THEATRE,1.5,12.923979,77.553327
Bengaluru City,Banashankari Traffic PS,1.04432e+16,2021,1,1,Road Accidents,Curves,City/Town,Residential area,Vehicle Defect,No,Fatal,Not Applicable,Not at  Junction,Curve,Residential Street,Bitumen(Tar),Flooded,Not Applicable,Cloudy,OUTER RING ROAD,OPP ADARSH APARTMENT,1.5KM,0.0,0.0
Bengaluru City,Banashankari Traffic PS,1.04432e+16,2021,1,2,Road Accidents,Narrow road,City/Town,Open area,Not Applicable,Yes,Grievous Injury,Vehicle to Vehicle,Not at  Junction,Others,Others,Bitumen(Tar),Dry,Not Applicable,Cloudy,100 FEET RING ROAD VEERABHADRA NAGARA,OPP GO GAS BUNK,4.5 KM,12.937727,77.533933
Bengaluru City,Banashankari Traffic PS,1.04432e+16,2021,1,2,Road Accidents,Cross roads,City/Town,Residential area,Human Error,Yes,Grievous Injury,Hit pedestrian,Uncontrolled,Curve,Others,Bitumen(Tar),Dry,Not Applicable,Clear,17TH Main  slv hotel road,coffee kendra hotel opp,1km,0.0,0.0
Bengaluru City,Banashankari Traffic PS,1.04432e+16,2021,1,2,Road Accidents,Narrow road,City/Town,In bazaar,Human Error,Yes,Simple Injury,Vehicle to Vehicle,Uncontrolled,Curve,Others,Bitumen(Tar),Dry,Not Applicable,Clear,GIRINAGARA MAIN ROAD,NEAR VIVEKANANDA PARK,3.5KM,0.0,0.0
Bengaluru City,Banashankari Traffic PS,1.04432e+16,2021,1,1,Road Accidents,Junction,City/Town,Near Petrol Pump,Vehicle Defect,No,Grievous Injury,Not Applicable,Uncontrolled,Others,Others,Bitumen(Tar),Dry,Not Applicable,Fine,OPP D MART,OPP D MART,1.KM,12.922912,77.560367
Bengaluru City,Banashankari Traffic PS,1.04432e+16,2021,1,1,Road Accidents,Not Applicable,City/Town,Residential area,Vehicle Defect,No,Damage Only,Not Applicable,Uncontrolled,Incline,Others,Bitumen(Tar),Dry,Not Applicable,Clear,NCB JUNCTION,NCB JUNCTION,1.5KM,12.923492,77.570121
Bengaluru City,Banashankari Traffic PS,1.04432e+16,2021,1,1,Road Accidents,Cross roads,City/Town,Residential area,Human Error,No,Simple Injury,Hit pedestrian,Not at  Junction,Others,Others,Bitumen(Tar),Dry,Not Applicable,Clear,bsk 3rd stage,house no 65,3.5 km,12.92533,77.540638
Bengaluru City,Banashankari Traffic PS,1.04432e+16,2021,1,1,Road Accidents,Not Applicable,City/Town,Residential area,Human Error,No,Fatal,Not Applicable,Not at  Junction,Straight and flat,Others,Bitumen(Tar),Not Applicable,Not Applicable,Clear,2ND MAIN ROAD GIRINAGARA.BSK 3RD STAGE 85,BSK 3RD STAGE 85,3.5,12.937327,77.545243
Bengaluru City,Banashankari Traffic PS,1.04432e+16,2021,1,1,Not Applicable,Narrow road,City/Town,Residential area,Not Applicable,Not Applicable,Grievous Injury,Not Applicable,Uncontrolled,Others,Others,Bitumen(Tar),Dry,Not Applicable,Cloudy,MUNESHWARA BLOCK MAIN ROAD,SRI SAI JUCE CENTER,4 KM,12.942599,77.546847
Bengaluru City,Banashankari Traffic PS,1.04432e+16,2021,1,1,Road Accidents,Curves,City/Town,Open area,Not Applicable,No,Grievous Injury,Hit pedestrian,Not at  Junction,Curve,Others,Bitumen(Tar),Dry,Not Applicable,Wind,100 FEET RING ROAD BSK 3RD STAGE,NEAR RAJADHANI WINES,4.0 KM,0.0,0.0
Bengaluru City,Banashankari Traffic PS,1.04432e+16,2021,1,3,Road Accidents,Not Applicable,City/Town,Residential area,Not Applicable,Yes,Fatal,Not Applicable,Not at  Junction,Others,Two way,Bitumen(Tar),Dry,Not Applicable,Fog / Mist,M K PUTTALINGAIAH ROAD PADMANABHA NAGARA,OPP M K SUPER BAZAR,2.5 KM,12.917225,77.559497
Bengaluru City,Banashankari Traffic PS,1.04432e+16,2021,1,2,Road Accidents,Cross roads,City/Town,Near School or College,Not Applicable,Yes,Grievous Injury,Vehicle to Vehicle,Not at  Junction,Curve,Two way,Bitumen(Tar),Dry,Not Applicable,Clear,hosakerehalli main road,near naragunda college,3.5km,0.0,0.0
Bengaluru City,Banashankari Traffic PS,1.04432e+16,2021,1,1,Road Accidents,Cross roads,City/Town,Near office complex,Human Error,No,Grievous Injury,Hit pedestrian,Not at  Junction,Straight and flat,Others,Bitumen(Tar),Dry,Not Applicable,Cloudy,14 CROSS K R ROAD,OPP AMRAN BYATARY STAL,1 KM,12.929581,77.572909
Bengaluru City,Banashankari Traffic PS,1.04432e+16,2021,1,1,Road Accidents,Not Applicable,City/Town,Near a recreation place/cinema,Human Error,No,Simple Injury,Not Applicable,Uncontrolled,Straight and flat,Others,Bitumen(Tar),Others,Not Applicable,Mist or Fog,22ND CROSS. ITTUMADU,NEAR ANISH CLUB,3.5,12.921934,77.542306
Bengaluru City,Banashankari Traffic PS,1.04432e+16,2021,1,2,Road Accidents,Curves,City/Town,Residential area,Human Error,No,Grievous Injury,Vehicle to Vehicle,Not at  Junction,Curve,Residential Street,Bitumen(Tar),Dry,Not Applicable,Cloudy,SUBRAMANYAPURA MAIN ROAD,SUBRAMNYAPURA MAIN ROAD,1.5KM,12.916305,77.570452
Bengaluru City,Banashankari Traffic PS,1.04432e+16,2021,1,1,Road Accidents,Not Applicable,City/Town,Residential area,Not Applicable,No,Fatal,Not Applicable,Not at  Junction,Others,Two way,Bitumen(Tar),Dry,Not Applicable,Clear,ITI LAYOUT KATHRIGUPPE MAIN ROAD,OPP BALAJI TIMBERS,2.5 KM,12.932392,77.556037
Bengaluru City,Banashankari Traffic PS,1.04432e+16,2021,1,1,Road Accidents,Narrow road,City/Town,Near School or College,Not Applicable,No,Fatal,Not Applicable,Not Applicable,Others,Two way,Bitumen(Tar),Dry,Not Applicable,Fog / Mist,100ft ring road,pesit college gate,4.5km,0.0,0.0
Bengaluru City,Banashankari Traffic PS,1.04432e+16,2021,1,1,Road Accidents,Cross roads,City/Town,Near office complex,Human Error,No,Fatal,Vehicle to Vehicle,Not at  Junction,Curve,Others,Bitumen(Tar),Dry,Not Applicable,Clear,C K ACHUUKATTU ROAD,M CREATION,1.5 KM,0.0,0.0
Bengaluru City,Banashankari Traffic PS,1.04432e+16,2021,1,2,Road Accidents,Junction,City/Town,Near office complex,Vehicle Defect,No,Damage Only,Vehicle to Vehicle,Controlled,Curve,Others,Bitumen(Tar),Dry,Not Applicable,Clear,BDA COMPLEX ROAD,CAKE OF THE DAY JUNCTION,1.5 KM,12.92576,77.564521
Bengaluru City,Banashankari Traffic PS,1.04432e+16,2021,1,2,Road Accidents,Cross roads,City/Town,Near Bus stop,Human Error,No,Grievous Injury,Vehicle to Vehicle,Controlled,Others,Others,Bitumen(Tar),Dry,Not Applicable,Clear,100 ft ring road,opp bmtc kamakya depo,1.5 km,12.923789,77.553893
Bengaluru City,Banashankari Traffic PS,1.04432e+16,2021,1,2,Road Accidents,Junction,City/Town,Near office complex,Human Error,No,Grievous Injury,Vehicle to Vehicle,Signal lights Not working,Straight and flat,Others,Bitumen(Tar),Dry,Not Applicable,Clear,ATTIMABBE ROAD,ARAVIND SUPER BAZAR SIGNAL,0.5,12.928844,77.566255
Bengaluru City,Banashankari Traffic PS,1.04432e+16,2021,1,1,Road Accidents,Not Applicable,City/Town,At pedestrian Crossing,Human Error,No,Simple Injury,Hit pedestrian,Not at  Junction,Not Applicable,Others,Bitumen(Tar),Dry,Not Applicable,Clear,I T I LAYOUT KATTARIGUPPE MAIN ROAD,I T I LAYOUT KATTARIGUPPE MAIN ROAD,2.5KM,12.933232,77.557577
Bengaluru City,Banashankari Traffic PS,1.04432e+16,2021,1,2,Road Accidents,Curves,City/Town,Near School or College,Human Error,Yes,Grievous Injury,Vehicle to Vehicle,Not at  Junction,Curve,Others,Bitumen(Tar),Dry,Not Applicable,Mist or Fog,100 ft ring road,opp indira canteen,3.5km,12.936302,77.53475
Bengaluru City,Banashankari Traffic PS,1.04432e+16,2021,1,1,Road Accidents,Not Applicable,City/Town,Residential area,Human Error,No,Simple Injury,Hit pedestrian,Not Applicable,Straight and flat,Others,Bitumen(Tar),Dry,Not Applicable,Clear,NEAR PANCHAMUKI TEMPLE,NEAR HOUSE,3.5,12.924153,77.542213
Bengaluru City,Banashankari Traffic PS,1.04432e+16,2021,1,2,Road Accidents,Not Applicable,City/Town,Near School or College,Not Applicable,No,Simple Injury,Not Applicable,Not Applicable,Incline,Two way,Bitumen(Tar),Others,Not Applicable,Fog / Mist,opp carmel school,opp carmel school,2 km,12.918964,77.55873
Bengaluru City,Banashankari Traffic PS,1.04432e+16,2021,1,1,Road Accidents,Not Applicable,City/Town,Near Bus stop,Human Error,No,Fatal,Not Applicable,Not at  Junction,Straight and flat,Service Road,Bitumen(Tar),Others,Not Applicable,Mist or Fog,NEAR KEB JUNCTION,NEAR KEB JUNCTION,3.5KM,12.933598,77.53946
Bengaluru City,Banashankari Traffic PS,1.04432e+16,2021,1,2,Road Accidents,Junction,City/Town,Near office complex,Not Applicable,No,Grievous Injury,Vehicle to Vehicle,Uncontrolled,Others,Two way,Bitumen(Tar),Dry,Not Applicable,Dust Storn,HOSAKEREHALLI CROSS JUNCTION,BAIRAVA PARTY HALL,2.5KM,12.932633,77.545132
Bengaluru City,Banashankari Traffic PS,1.04432e+16,2021,1,1,Road Accidents,Junction,City/Town,Near Petrol Pump,Human Error,Yes,Fatal,Hit pedestrian,Not Applicable,Straight and flat,Others,Bitumen(Tar),Dry,Not Applicable,Cloudy,100 FEET RING ROAD BSK 3RD STAGE,OPP WHITE ROCK HOTEL AND TVS SHOW ROOM,1.5 KM,0.0,0.0
Bengaluru City,Banashankari Traffic PS,1.04432e+16,2021,1,1,Road Accidents,Cross roads,City/Town,Near office complex,Human Error,No,Grievous Injury,Hit pedestrian,Uncontrolled,Others,Others,Bitumen(Tar),Dry,Not Applicable,Clear,100 FT RING ROAD,NEAR MINARAL WATER ROAD,1.5 KM,12.916019,77.565072
Bengaluru City,Banashankari Traffic PS,1.04432e+16,2021,1,1,Road Accidents,Narrow road,City/Town,Near a religious place,Human Error,No,Simple Injury,Hit pedestrian,Not at  Junction,Straight and flat,Others,Bitumen(Tar),Dry,Not Applicable,Clear,27TH CROSS BSK 2ND STAGE,INFRONT OF MUNESHWARA SWAMY TEMPLE,1.5 KM,12.920897,77.573846
Bengaluru City,Banashankari Traffic PS,1.04432e+16,2021,1,2,Road Accidents,Curves,City/Town,Near Bus stop,Human Error,No,Simple Injury,Vehicle to Vehicle,Not at  Junction,Others,Service Road,Bitumen(Tar),Dry,Not Applicable,Mist or Fog,100 ft ring road,ncert service road,3km,12.929563,77.544287
Bengaluru City,Banashankari Traffic PS,1.04432e+16,2021,1,2,Road Accidents,Cross roads,City/Town,Residential area,Human Error,No,Grievous Injury,Vehicle to Vehicle,Not at  Junction,Others,Others,Bitumen(Tar),Dry,Not Applicable,Clear,100 ft ring road,ashwini aprt,1.5km,12.920774,77.562002
Bengaluru City,Banashankari Traffic PS,1.04432e+16,2021,1,2,Road Accidents,Junction,City/Town,In bazaar,Vehicle Defect,No,Damage Only,Vehicle to Vehicle,Controlled,Straight and flat,Others,Bitumen(Tar),Others,Not Applicable,Clear,KATTARIGUPPE JUNCTION,KATTARIGUPPE,3.0KM,12.922195,77.56006
Bengaluru City,Banashankari Traffic PS,1.04432e+16,2021,1,2,Road Accidents,Junction,City/Town,Near Bus stop,Human Error,No,Simple Injury,Vehicle to Vehicle,Controlled,Others,Others,Bitumen(Tar),Dry,Not Applicable,Clear,SUBRAMANYAPURA MAIN ROAD,NEAR YARABNAGAR JUNCTION,1.5 KM,12.91434,77.567908
Bengaluru City,Banashankari Traffic PS,1.04432e+16,2021,1,1,Road Accidents,Cross roads,City/Town,Near Bus stop,Human Error,Yes,Grievous Injury,Hit pedestrian,Not at  Junction,Straight and flat,Others,Bitumen(Tar),Dry,Not Applicable,Clear,KATRIGUPPE ROAD,NEAR MAHALAKSHMI TEMPLE,2.5KM,0.0,0.0
Bengaluru City,Banashankari Traffic PS,1.04432e+16,2021,1,2,Road Accidents,Cross roads,Rural Areas,Narrow bridge or culverts,Human Error,No,Grievous Injury,Vehicle to Vehicle,Uncontrolled,Others,Others,Bitumen(Tar),Dry,Not Applicable,Clear,"100 FT RING ROAD,",K E B JUNCTION,3.5 KM,12.934326,77.538104
Bengaluru City,Banashankari Traffic PS,1.04432e+16,2021,1,2,Road Accidents,Curves,City/Town,Near office complex,Human Error,No,Simple Injury,Vehicle to Vehicle,Uncontrolled,Curve and Incline,Others,Bitumen(Tar),Dry,Not Applicable,Clear,"22ND MAIN,GIRINAGARA",SREET LIGHT,3.5,12.941701,77.545994
Bengaluru City,Banashankari Traffic PS,1.04432e+16,2021,1,2,Road Accidents,Not Applicable,City/Town,Near a religious place,Human Error,Yes,Damage Only,Vehicle to Vehicle,Not Applicable,Incline,Others,Bitumen(Tar),Dry,Not Applicable,Clear,VIDYAPEETA CIRCAL,KATTARIGUPPE MAIN ROAD,2,12.93484,77.560693
Bengaluru City,Banashankari Traffic PS,1.04432e+16,2021,1,1,Road Accidents,Narrow road,City/Town,Near a religious place,Not Applicable,Not Applicable,Not Applicable,Hit animal,Not at  Junction,Straight and flat,Others,Bitumen(Tar),Dry,Not Applicable,Cloudy,NAGASANDRA MAIN ROAD,NAGASANDRA MAIN ROAD,1 KM,12.932611,77.571383
Bengaluru City,Banashankari Traffic PS,1.04432e+16,2021,1,2,Road Accidents,Cross roads,City/Town,Residential area,Not Applicable,No,Grievous Injury,Vehicle to Vehicle,Not at  Junction,Others,Residential Street,Bitumen(Tar),Dry,Not Applicable,Cloudy,SUBRAMANYAPURA MAIN ROAD TEACHERS COLONY 1ST MAIN ROAD,1ST MAIN TEACHERS COLONY,2KM,12.91461,77.568279
Bengaluru City,Banashankari Traffic PS,1.04432e+16,2021,1,1,Road Accidents,Curves,City/Town,Residential area,Human Error,No,Simple Injury,Vehicle to Vehicle,Not Applicable,Curve,Others,Bitumen(Tar),Dry,Not Applicable,Mist or Fog,padmanabhanagar road,house no 335,2km,12.919326,77.558517
Bengaluru City,Banashankari Traffic PS,1.04432e+16,2021,1,2,Road Accidents,Not Applicable,City/Town,Near Bus stop,Human Error,No,Fatal,Hit bicyclist,Uncontrolled,Straight and flat,Others,Bitumen(Tar),Not Applicable,Not Applicable,Mist or Fog,kattariguppe junction,kattariguppe main road,2.5 km,12.925004,77.550763
Bengaluru City,Banashankari Traffic PS,1.04432e+16,2021,1,1,Road Accidents,Narrow road,City/Town,Near Petrol Pump,Not Applicable,No,Fatal,Not Applicable,Uncontrolled,Not Applicable,Others,Not Applicable,Not Applicable,Not Applicable,Cloudy,KEB FLY OVER,KEB FLYOVER,4 KM,12.933876,77.539016
Bengaluru City,Banashankari Traffic PS,1.04432e+16,2021,1,1,Road Accidents,Junction,City/Town,At pedestrian Crossing,Not Applicable,Yes,Fatal,Hit pedestrian,Signal lights Automatic,Not Applicable,Others,Bitumen(Tar),Others,Not Applicable,Clear,"100 FEET RING ROAD,KATRIGUPPE JUNCTION",NEAR BIG BAZAAR,2.5 KM,12.925351,77.550038
Bengaluru City,Banashankari Traffic PS,1.04432e+16,2021,1,2,Road Accidents,Curves,City/Town,Residential area,Not Applicable,Not Applicable,Grievous Injury,Vehicle to Vehicle,Not at  Junction,Curve,Residential Street,Bitumen(Tar),Dry,Not Applicable,Clear,DESOZA NAGARA MAIN ROAD,NEAR GANESHA TEMPLE,5 KM,0.0,0.0
Bengaluru City,Banashankari Traffic PS,1.04432e+16,2021,1,1,Road Accidents,Cross roads,City/Town,Near Bus stop,Human Error,No,Fatal,Not Applicable,Not at  Junction,Others,Others,Bitumen(Tar),Dry,Not Applicable,Mist or Fog,katriguppe main road,ashokanagara mutton and chikken stall,1.5km,12.93437,77.55955
Bengaluru City,Banashankari Traffic PS,1.04432e+16,2021,1,1,Road Accidents,Cross roads,City/Town,Near office complex,Human Error,No,Grievous Injury,Hit pedestrian,Not at  Junction,Curve,Others,Bitumen(Tar),Dry,Not Applicable,Fog / Mist,"100 FT RING ROAD,",NEAR KADIRENAHALLI PARK,1.5KM,0.0,0.0
Bengaluru City,Banashankari Traffic PS,1.04432e+16,2021,1,2,Road Accidents,Junction,City/Town,At pedestrian Crossing,Human Error,No,Grievous Injury,Vehicle to Vehicle,Signals (Not working),Others,Others,Bitumen(Tar),Dry,Not Applicable,Clear,K R ROAD JUNCTION,KR ROAD JUNCTION,1.5,12.923552,77.573575
Bengaluru City,Banashankari Traffic PS,1.04432e+16,2021,1,1,Road Accidents,Not Applicable,City/Town,Near Petrol Pump,Not Applicable,Not Applicable,Grievous Injury,Not Applicable,Not at  Junction,Not Applicable,Two way,Bitumen(Tar),Dry,Not Applicable,Very Hot,CHANNAMMA FLYOVER,NEAR DG PETROL BUNK,1.5 KM,12.922006,77.559867
Bengaluru City,Banashankari Traffic PS,1.04432e+16,2021,1,2,Road Accidents,Junction,City/Town,Near office complex,Human Error,No,Grievous Injury,Vehicle to Vehicle,Controlled,Straight and flat,Others,Bitumen(Tar),Dry,Not Applicable,Mist or Fog,attimabbe road,aravinda super bajar,0.5 km,12.92884,77.566252
Bengaluru City,Banashankari Traffic PS,1.04432e+16,2021,1,1,Road Accidents,Narrow road,City/Town,Near Hospital,Human Error,No,Grievous Injury,Not Applicable,No signal lights,Curve,Others,Bitumen(Tar),Dry,Not Applicable,Fog / Mist,hosakerehali road,vittal eye hospital,3km,0.0,0.0
Bengaluru City,Banashankari Traffic PS,1.04432e+16,2021,1,2,Road Accidents,Curves,City/Town,Residential area,Human Error,No,Grievous Injury,Vehicle to Vehicle,Not at  Junction,Others,Others,Bitumen(Tar),Dry,Not Applicable,Clear,k r road,opp udupi hotel,1km,0.0,0.0
Bengaluru City,Banashankari Traffic PS,1.04432e+16,2021,1,1,Road Accidents,Cross roads,City/Town,Near Bus stop,Human Error,Yes,Grievous Injury,Hit pedestrian,Controlled,Others,Others,Bitumen(Tar),Dry,Not Applicable,Clear,100 ft ring road,OPP BMTC DEPO,2KM,12.923829,77.553751
Bengaluru City,Banashankari Traffic PS,1.04432e+16,2021,1,1,Road Accidents,Junction,City/Town,Near office complex,Human Error,Yes,Grievous Injury,Not Applicable,Not Applicable,Others,Others,Bitumen(Tar),Dry,Not Applicable,Cloudy,24TH CROSS 9TH MAIN JUNCTION,BATA SHOWROOM JUNCTION,1.5KM,12.923455,77.570218
Bengaluru City,Banashankari Traffic PS,1.04432e+16,2021,1,1,Road Accidents,Not Applicable,City/Town,Near School or College,Not Applicable,No,Simple Injury,Hit pedestrian,Not Applicable,Not Applicable,Two way,Bitumen(Tar),Dry,Not Applicable,Fine,22ND CROSS BANASHANKARI 2ND STAGE,KEMPEGOWDA MEDICAL COLLAGE,1 KM,12.926054,77.562983
Bengaluru City,Banashankari Traffic PS,1.04432e+16,2022,1,1,Road Accidents,Narrow road,City/Town,Residential area,Not Applicable,Yes,Grievous Injury,Hit pedestrian,Not at  Junction,Others,Others,Bitumen(Tar),Dry,Not Applicable,Clear,"th cross, katriguppe",near 43 e bus stop,3km,12.993392,77.569581
Bengaluru City,Banashankari Traffic PS,1.04432e+16,2022,1,1,Road Accidents,Narrow road,City/Town,Near office complex,Not Applicable,Yes,Simple Injury,Hit pedestrian,Not at  Junction,Others,Others,Bitumen(Tar),Dry,Not Applicable,Clear,"50 ft road, katriguppe",acharya arcade,3km,12.930916,77.546507
Bengaluru City,Banashankari Traffic PS,1.04432e+16,2022,1,2,Road Accidents,Cross roads,City/Town,Residential area,Not Applicable,No,Simple Injury,Vehicle to Vehicle,Not at  Junction,Others,Others,Bitumen(Tar),Dry,Not Applicable,Clear,6th main road,dattatreyanagara,3km,12.928573,77.540126
Bengaluru City,Banashankari Traffic PS,1.04432e+16,2022,1,2,Road Accidents,Circle,City/Town,Near a factory industrial area,Human Error,Yes,Grievous Injury,Vehicle to Vehicle,Not at  Junction,Others,Two way,Bitumen(Tar),Dry,Not Applicable,Very Hot,14TH CROSS ROAD,OPP VEERABHADRESHWARA FLYWOOD SHOP,0.5 KM,12.929981,77.568396
Bengaluru City,Banashankari Traffic PS,1.04432e+16,2022,1,2,Road Accidents,Narrow road,City/Town,Residential area,Human Error,No,Grievous Injury,Vehicle to Vehicle,Controlled,Curve,Others,Bitumen(Tar),Dry,Not Applicable,Fog / Mist,k r road,nandus chiken center,1.5km,0.0,0.0
Bengaluru City,Banashankari Traffic PS,1.04432e+16,2022,1,2,Road Accidents,Cross roads,City/Town,Near Petrol Pump,Not Applicable,No,Simple Injury,Vehicle to Vehicle,Not at  Junction,Straight and flat,One way,Bitumen(Tar),Dry,Not Applicable,Cloudy,ATTIMABBE ROAD,COFEE DAY JUNCTION,1.5 KM,12.925697,77.560852
Bengaluru City,Banashankari Traffic PS,1.04432e+16,2022,1,1,Road Accidents,Narrow road,City/Town,Residential area,Human Error,Yes,Simple Injury,Hit pedestrian,Controlled,Others,Residential Street,Bitumen(Tar),Dry,Not Applicable,Cloudy,C T BED ROAD BSK 2ND STAGE,BEHIND PROMED HOSPITAL,1. KM,12.929774,77.563929
Bengaluru City,Banashankari Traffic PS,1.04432e+16,2022,1,1,Road Accidents,Junction,City/Town,Residential area,Human Error,No,Grievous Injury,Hit pedestrian,Signal lights Manual,Straight and flat,Residential Street,Bitumen(Tar),Dry,Not Applicable,Cloudy,NEAR ITTAMADU  JUNCTION,ITTAMADU JUNCTION,4KM,12.92809643,77.54613722
Bengaluru City,Banashankari Traffic PS,1.04432e+16,2022,1,1,Road Accidents,Narrow road,Rural Areas,Near Bus stop,Not Applicable,Not Applicable,Fatal,Not Applicable,No signal lights,Straight and flat,One way,Bitumen(Tar),Dry,Not Applicable,Cloudy,"OOP Sham Party Hall,80Feet Ring Road,",80Feet Ring Road,3Km,12.935511,77.547643
Bengaluru City,Banashankari Traffic PS,1.04432e+16,2022,1,2,Road Accidents,Junction,City/Town,Near Bus stop,Not Applicable,No,Grievous Injury,Vehicle to Vehicle,Controlled,Curve,Others,Bitumen(Tar),Dry,Not Applicable,Mist or Fog,100 FT RING ROAD,NEAR KATRIGUPPE JUNCTION,3KM,0.0,0.0
Bengaluru City,Banashankari Traffic PS,1.04432e+16,2022,1,2,Road Accidents,Cross roads,City/Town,Near Hospital,Not Applicable,No,Simple Injury,Vehicle to Vehicle,No signal lights,Others,Residential Street,Bitumen(Tar),Dry,Not Applicable,Others,GIRINAGARA DUBBLE ROAD NEAR RADHAKRISHNA HOSPITAL,NEAR RADHAKRISHNA HOSPITAL,3.5 KM,12.940661,77.545745
Bengaluru City,Banashankari Traffic PS,1.04432e+16,2022,1,2,Road Accidents,Junction,City/Town,Open area,Human Error,Yes,Simple Injury,Vehicle to Vehicle,Signals (Working),Others,Two way,Bitumen(Tar),Dry,Not Applicable,Clear,8th Cross Ittamadu,OPP GAMES WORLD VIDEO SHOP,3.5 KM,12.921152,77.543151
Bengaluru City,Banashankari Traffic PS,1.04432e+16,2022,1,2,Road Accidents,Junction,City/Town,Near Hospital,Human Error,No,Simple Injury,Vehicle to Vehicle,Controlled,Straight and flat,Residential Street,Surfaced,Dry,Not Applicable,Cloudy,BSK 2ND STAGE,MUNESWARA TEMPLE,25M,12.92098581,77.57394187
Bengaluru City,Banashankari Traffic PS,1.04432e+16,2022,1,1,Road Accidents,Cross roads,Rural Areas,Residential area,Not Applicable,Not Applicable,Fatal,Not Applicable,Not at  Junction,Straight and flat,Two way,Bitumen(Tar),Dry,Not Applicable,Clear,"In Front Of SBI Bank,2nd Main,",Viddya Nagara Bus Stop Road,4Km,12.933464,77.542507
Bengaluru City,Banashankari Traffic PS,1.04432e+16,2022,1,2,Road Accidents,Narrow road,City/Town,Residential area,Not Applicable,No,Simple Injury,Vehicle to Vehicle,Not at  Junction,Straight and flat,Minor District Road,Bitumen(Tar),Dry,Not Applicable,Clear,RAMARAO LAYOUT PLAY GROUND KATRIGUPPE BSK 3RD STAGE,NEAR RAMARAO PLAY GROUND,3.0 KM,12.929345,77.551036
Bengaluru City,Banashankari Traffic PS,1.04432e+16,2022,1,1,Not Applicable,Cross roads,City/Town,Near office complex,Not Applicable,Not Applicable,Fatal,Not Applicable,Uncontrolled,Straight and flat,Others,Bitumen(Tar),Dry,Not Applicable,Fine,Water Tank Road,N,31,12.92929,77.548831
Bengaluru City,Banashankari Traffic PS,1.04432e+16,2022,1,1,Road Accidents,Cross roads,City/Town,Residential area,Human Error,No,Simple Injury,Not Applicable,Not at  Junction,Others,One way,Bitumen(Tar),Dry,Not Applicable,Clear,NEAR AXIS BANK ATM ITTAMDAU MAIN ROAD,NEAR AXIS BANK ATM ITTAMDAU MAIN ROAD,3.5 KM,12.9194229,77.542228