DISTRICTNAME,UNITNAME,Crime_No,Year,RI,Noofvehicle_involved,Accident_Classification,Accident_Spot,Accident_Location,Accident_SubLocation,Main_Cause,Hit_Run,Severity,Collision_Type,Junction_Control,Road_Character,Road_Type,Surface_Type,Surface_Condition,Road_Condition,Weather,Accident_Road,Landmark_first,Distance_LandMark_First,Latitude,Longitude
Bengaluru City,Banashankari Traffic PS,1.04432e+16,2022,1,2,Road Accidents,Bottleneck,City/Town,Residential area,Not Applicable,No,Grievous Injury,Vehicle to Vehicle,No signal lights,Straight and flat,Mixed,Bitumen(Tar),Dry,Not Applicable,Cloudy,"OPP SHIVALLI RESTORENT,HOSKEREHALLI,",HOSKEREHALLI,5KM,12.93738128,77.54926415
Bengaluru City,Banashankari Traffic PS,1.04432e+16,2022,1,1,Road Accidents,Cross roads,City/Town,Residential area,Human Error,No,Grievous Injury,Hit pedestrian,Controlled,Others,Residential Street,Bitumen(Tar),Dry,No influence on accident,Clear,50 Feet Road Muneshwara Block,Near Apollo Medical,3.5 KM,12.94224727,77.54909833
Bengaluru City,Banashankari Traffic PS,1.04432e+16,2022,1,2,Road Accidents,Cross roads,City/Town,Near Bus stop,Not Applicable,Yes,Grievous Injury,Vehicle to Vehicle,Controlled,Others,Others,Bitumen(Tar),Dry,Not Applicable,Clear,100 ft ring road,BENDRE JUNCTION,2.5KM,12.914272,77.565738
Bengaluru City,Banashankari Traffic PS,1.04432e+16,2022,1,1,Road Accidents,Road hump or Rumble strips,City/Town,Open area,Not Applicable,No,Grievous Injury,Not Applicable,Not at  Junction,Hump,One way,Bitumen(Tar),Dry,Not Applicable,Others,NEAR NCRT UNDER PASS 100 FEET RING ROAD,NEAR NCRT UNDER PASS 100 FEET RING ROAD,3.0 KM,12.928935,77.545135
Bengaluru City,Banashankari Traffic PS,1.04432e+16,2022,1,2,Road Accidents,Cross roads,Rural Areas,Near School or College,Not Applicable,No,Grievous Injury,Vehicle to Vehicle,No signal lights,Straight and flat,Two way,Bitumen(Tar),Dry,Not Applicable,Cloudy,Near Girinagara 80Feet Road,Near Girinagara 80Feet Road,5km,12.94095321,77.54126269
Bengaluru City,Banashankari Traffic PS,1.04432e+16,2022,1,1,Road Accidents,Curves,City/Town,Residential area,Human Error,Not Applicable,Fatal,Not Applicable,Not at  Junction,Curve,One way,Bitumen(Tar),Dry,Not Applicable,Cloudy,100 FEET RING ROAD NEAR CHENNAMMA FLYOVER BSK 3RD STAGE,OPP HOUS NO 1569 AND 1570,2.5 KM,12.920184,77.56228
Bengaluru City,Banashankari Traffic PS,1.04432e+16,2022,1,2,Road Accidents,Curves,City/Town,Residential area,Human Error,Yes,Simple Injury,Vehicle to Vehicle,Not at  Junction,Curve,Others,Bitumen(Tar),Dry,Not Applicable,Clear,DR VISHNUVARDHAN ROAD BSK 2ND STAGE,OPP SANGAM ELECTRICALS,2.5 KM,12.916558,77.571042
Bengaluru City,Banashankari Traffic PS,1.04432e+16,2022,1,2,Road Accidents,Curves,City/Town,Residential area,Not Applicable,No,Grievous Injury,Vehicle to Vehicle,Controlled,Curve,One way,Bitumen(Tar),Dry,Not Applicable,Others,Katriguppe Main Road,Opp Mataji Electricals,1.5 KM,12.94194,77.56414
Bengaluru City,Banashankari Traffic PS,1.04432e+16,2022,1,2,Road Accidents,Junction,City/Town,Near Bus stop,Human Error,No,Simple Injury,Vehicle to Vehicle,Controlled,Curve,Two way,Bitumen(Tar),Dry,Not Applicable,Clear,SUBRAMANYPURA MAIN ROAD,NEAR YARAB NAGARA JUNCTION,1.5 KM,12.916206,77.570311
Bengaluru City,Banashankari Traffic PS,1.04432e+16,2022,1,2,Road Accidents,Cross roads,City/Town,Near Hospital,Human Error,Yes,Simple Injury,Vehicle to Vehicle,Controlled,Straight and flat,One way,Bitumen(Tar),Dry,Not Applicable,Clear,80 FEET ROAD GIRINAGARA,OPP PRASHANTH HOSPITAL,3.5 km,12.938915,77.551176
Bengaluru City,Banashankari Traffic PS,1.04432e+16,2022,1,1,Road Accidents,Cross roads,City/Town,Near Petrol Pump,Not Applicable,No,Fatal,Not Applicable,Uncontrolled,Straight and flat,Two way,Bitumen(Tar),Dry,Not Applicable,Fine,K.R.Road,West East,1Km,12.929933,77.569597
Bengaluru City,Banashankari Traffic PS,1.04432e+16,2022,1,2,Road Accidents,Junction,Rural Areas,Residential area,Not Applicable,No,Damage Only,Vehicle to Vehicle,Police / Manual,Straight and flat,Residential Street,Bitumen(Tar),Dry,Not Applicable,Clear,100feet ring road,Katriguppe junction,3km,12.92937,77.55693
Bengaluru City,Banashankari Traffic PS,1.04432e+16,2022,1,1,Road Accidents,Narrow road,City/Town,Near a religious place,Not Applicable,Yes,Fatal,Not Applicable,Not at  Junction,Others,Others,Bitumen(Tar),Dry,Not Applicable,Mist or Fog,kaveri nagara banashankari,sri rama temple,2km,0.0,0.0
Bengaluru City,Banashankari Traffic PS,1.04432e+16,2022,1,1,Road Accidents,Cross roads,City/Town,In bazaar,Human Error,No,Simple Injury,Hit pedestrian,Not at  Junction,Others,Others,Bitumen(Tar),Dry,Not Applicable,Clear,OPP BIG BAZAR KTRIGUPPE,OPP BIG BAZAR,2.5 KM,12.930264,77.553042
Bengaluru City,Banashankari Traffic PS,1.04432e+16,2022,1,2,Road Accidents,Not Applicable,City/Town,Near office complex,Not Applicable,No,Fatal,Hit pedestrian,Uncontrolled,Straight and flat,One way,Bitumen(Tar),Dry,Not Applicable,Fine,100 Feet Road,Opp Chandan Motors,10F,0.0,0.0
Bengaluru City,Banashankari Traffic PS,1.04432e+16,2022,1,2,Road Accidents,Road hump or Rumble strips,City/Town,Near School or College,Not Applicable,No,Grievous Injury,Hit pedestrian,No signal lights,Straight and flat,Residential Street,Bitumen(Tar),Dry,Not Applicable,Others,100FEET RING ROAD,100FEET RING ROAD,2.0KM,12.922525,77.557877
Bengaluru City,Banashankari Traffic PS,1.04432e+16,2022,1,1,Road Accidents,Cross roads,City/Town,Residential area,Not Applicable,No,Grievous Injury,Hit pedestrian,Not at  Junction,Others,Others,Bitumen(Tar),Dry,Not Applicable,Fog / Mist,MUNESHWARA BLOCK,HASSAN IYANGAR BEKARY,3.5 KM,12.942509,77.549461
Bengaluru City,Banashankari Traffic PS,1.04432e+16,2022,1,2,Road Accidents,Not Applicable,Rural Areas,Near office complex,Not Applicable,No,Grievous Injury,Vehicle to Vehicle,No signal lights,Straight and flat,Residential Street,Bitumen(Tar),Dry,Not Applicable,Clear,"Near Briged MM  Complex,",Jayanagara 6th Block,1.5KM,12.930937,77.574076
Bengaluru City,Banashankari Traffic PS,1.04432e+16,2022,1,2,Road Accidents,Bottleneck,Rural Areas,In bazaar,Not Applicable,Yes,Damage Only,Vehicle to Vehicle,No signal lights,Straight and flat,Two way,Bitumen(Tar),Dry,Not Applicable,Clear,"Near BDA Complex,",Near BDA Complex,1Km,12.92466,77.56435
Bengaluru City,Banashankari Traffic PS,1.04432e+16,2022,1,2,Road Accidents,Curves,City/Town,Near Hospital,Human Error,No,Grievous Injury,Vehicle to Vehicle,Not at  Junction,Curve,One way,Bitumen(Tar),Dry,Not Applicable,Clear,80 FEET ROAD GIRINAGARA,OPP PRASHANTH HOSPITAL,3.5 KM,12.938991,77.551473
Bengaluru City,Banashankari Traffic PS,1.04432e+16,2022,1,2,Road Accidents,Junction,City/Town,Residential area,Human Error,No,Simple Injury,Vehicle to Vehicle,Controlled,Straight and flat,One way,Bitumen(Tar),Dry,Not Applicable,Clear,13th CROSS KR ROAD,NEAR JSS JUNCTION,1.5 KM,12.923618,77.574083
Bengaluru City,Banashankari Traffic PS,1.04432e+16,2022,1,2,Road Accidents,Curves,City/Town,Near School or College,Not Applicable,Yes,Grievous Injury,Not Applicable,Not at  Junction,Curve,Two way,Bitumen(Tar),Dry,Not Applicable,Others,OPP KRISHNA GRAND HOTEL,KRISHNA GRAND HOTEL,1.5 KM,12.921648,77.570859
Bengaluru City,Banashankari Traffic PS,1.04432e+16,2022,1,2,Road Accidents,Road hump or Rumble strips,City/Town,Residential area,Not Applicable,No,Simple Injury,Vehicle to Vehicle,Not at  Junction,Others,One way,Bitumen(Tar),Dry,Not Applicable,Cloudy,NEAR KADIRENAHALLI PARK 100 FEET RING ROAD BSK 2ND STAGE BANGALORE,NEAR KADIRENAHALLI PARK,2.0 KM,12.916686,77.564933
Bengaluru City,Banashankari Traffic PS,1.04432e+16,2022,1,2,Road Accidents,Not Applicable,City/Town,Near Petrol Pump,Not Applicable,Yes,Fatal,Vehicle to Vehicle,Uncontrolled,Straight and flat,Others,Bitumen(Tar),Dry,Not Applicable,Fine,100 FEET RING ROAD,100 feet ring road,2KM,12.922274,77.558405
Bengaluru City,Banashankari Traffic PS,1.04432e+16,2022,1,1,Road Accidents,Not Applicable,City/Town,Residential area,Not Applicable,No,Fatal,Not Applicable,Uncontrolled,Straight and flat,Others,Bitumen(Tar),Dry,Not Applicable,Fine,"C K ACHUKATTU ROAD,",North,2KM,12.926318,77.553958
Bengaluru City,Banashankari Traffic PS,1.04432e+16,2022,1,2,Road Accidents,Cross roads,City/Town,Near Bus stop,Not Applicable,No,Damage Only,Vehicle to Vehicle,Not at  Junction,Others,Major District Road,Bitumen(Tar),Dry,Not Applicable,Others,OPP AYODHYA HOTEL 100 FEET RING ROAD,OPP AYODHYA HOTEL,2.5 KM,12.928689,77.545395
Bengaluru City,Banashankari Traffic PS,1.04432e+16,2022,1,2,Road Accidents,Narrow road,City/Town,Residential area,Not Applicable,No,Simple Injury,Vehicle to Vehicle,Controlled,Others,Two way,Bitumen(Tar),Dry,Not Applicable,Very Cold,DR VISHNUVARDHAN ROAD NEAR BENDRE JUNCTION,NEAR BENDRE JUNCTION,2.0 KM,12.913964,77.567451
Bengaluru City,Banashankari Traffic PS,1.04432e+16,2022,1,2,Road Accidents,Narrow road,City/Town,Near Hospital,Not Applicable,Yes,Simple Injury,Vehicle to Vehicle,Not at  Junction,Others,One way,Bitumen(Tar),Dry,Not Applicable,Clear,NEAR HOSAKEREHALLI CROSS BSK 3RD STAGE,OPP DEVS HOTEL,3.5 KM,12.932891,77.540501
Bengaluru City,Banashankari Traffic PS,1.04432e+16,2022,1,1,Road Accidents,Circle,City/Town,Near Petrol Pump,Human Error,Yes,Simple Injury,Hit pedestrian,Not at  Junction,Curve,One way,Bitumen(Tar),Dry,Not Applicable,Cloudy,OPP COFEE CORNER HOTEL GIRINAGARA,OPP COFEE CORNER HOTEL,3.5 KM,12.938724,77.54908
Bengaluru City,Banashankari Traffic PS,1.04432e+16,2022,1,2,Not Applicable,Cross roads,Rural Areas,Residential area,Not Applicable,Yes,Grievous Injury,Vehicle to Vehicle,No signal lights,Others,Residential Street,Surfaced,Dry,Not Applicable,Cloudy,9TH MAIN ROAD NCB JUNCTION,NEAR NCB JUNCTION,1.5KM,12.923891,77.570293
Bengaluru City,Banashankari Traffic PS,1.04432e+16,2022,1,1,Road Accidents,Junction,City/Town,Near Bus stop,Not Applicable,No,Fatal,Hit pedestrian,Controlled,Straight and flat,Others,Bitumen(Tar),Dry,Not Applicable,Clear,NEAR BSK BUS STOP,NEAR BSK BUS STOP,2.0KM,12.916724,77.572982
Bengaluru City,Banashankari Traffic PS,1.04432e+16,2022,1,2,Road Accidents,Cross roads,City/Town,Residential area,Human Error,No,Grievous Injury,Vehicle to Vehicle,Controlled,Others,Residential Street,Bitumen(Tar),Dry,Not Applicable,Cloudy,Near Marrtin luThar School 15th Main Road Muneshwara Block,Near Martin Luthar School,4km,12.940835,77.548724
Bengaluru City,Banashankari Traffic PS,1.04432e+16,2022,1,2,Road Accidents,Junction,Rural Areas,Residential area,Not Applicable,No,Simple Injury,Vehicle to Vehicle,Signals (Working),Straight and flat,Two way,Bitumen(Tar),Others,Not Applicable,Cloudy,100 FEET RING ROAD ITTAMADU JUNCTION,100 FEET RING ROAD ITTAMADU JUNCTION,2.5KM,12.928106,77.546351
Bengaluru City,Banashankari Traffic PS,1.04432e+16,2022,1,1,Road Accidents,Cross roads,City/Town,Near School or College,Not Applicable,No,Fatal,Not Applicable,Controlled,Curve,Others,Bitumen(Tar),Dry,Not Applicable,Clear,100ft ring road,opp indira canteen,3.5km,12.936522,77.534429
Bengaluru City,Banashankari Traffic PS,1.04432e+16,2022,1,2,Road Accidents,Cross roads,City/Town,Near office complex,Vehicle Defect,No,Damage Only,Vehicle to Vehicle,Not at  Junction,Curve,Others,Bitumen(Tar),Dry,Not Applicable,Mist or Fog,bsk 2nd stage,near slv hotel,2km,12.924207,77.566142
Bengaluru City,Banashankari Traffic PS,1.04432e+16,2022,1,1,Road Accidents,Cross roads,City/Town,Residential area,Not Applicable,No,Fatal,Not Applicable,Not at  Junction,Curve,Others,Bitumen(Tar),Dry,Not Applicable,Fog / Mist,100 FT RING ROAD,near ashwini apartment,2km,12.919504,77.563498
Bengaluru City,Banashankari Traffic PS,1.04432e+16,2022,1,1,Road Accidents,Curves,City/Town,Residential area,Not Applicable,Yes,Grievous Injury,Hit pedestrian,Not at  Junction,Others,Others,Bitumen(Tar),Dry,Not Applicable,Fog / Mist,7th main road,7th main road,1.5 km,12.914069,77.558515
Bengaluru City,Banashankari Traffic PS,1.04432e+16,2022,1,2,Road Accidents,Cross roads,City/Town,Near Hospital,Not Applicable,Yes,Damage Only,Vehicle to Vehicle,Not at  Junction,Others,Others,Bitumen(Tar),Dry,Not Applicable,Clear,M K PUTTALINGAIAH ROAD PADMANABHA NAGARA,AGARWAL EYE HOSPITAL,1.5KM,12.917014,77.559435
Bengaluru City,Banashankari Traffic PS,1.04432e+16,2022,1,2,Road Accidents,Cross roads,City/Town,Open area,Not Applicable,Yes,Fatal,Vehicle to Vehicle,Uncontrolled,Straight and flat,Two way,Bitumen(Tar),Dry,Not Applicable,Cloudy,NEAR KEREKODI UNDER PASS,NEAR NEAR KEREKODI UNDER PASSYARAB NAGARA BUS STAND,8KM,12.92817227,77.53232704
Bengaluru City,Banashankari Traffic PS,1.04432e+16,2022,1,1,Road Accidents,Junction,City/Town,Near Bus stop,Not Applicable,Not Applicable,Fatal,Not Applicable,Police / Manual,Straight and flat,Two way,Bitumen(Tar),Dry,Not Applicable,Clear,NEAR YARAB NAGARA BUS STAND,NEAR YARAB NAGARA BUS STAND,2.5KM,12.915795,77.569455
Bengaluru City,Banashankari Traffic PS,1.04432e+16,2022,1,2,Road Accidents,Cross roads,City/Town,Near Petrol Pump,Not Applicable,Not Applicable,Damage Only,Vehicle to Vehicle,No signal lights,Straight and flat,Residential Street,Bitumen(Tar),Dry,Not Applicable,Fine,100 FEET RING ROAD,100 FEET RING ROAD,1.5KM,12.920704,77.562167
Bengaluru City,Banashankari Traffic PS,1.04432e+16,2022,1,1,Road Accidents,Junction,Rural Areas,Open area,Not Applicable,No,Grievous Injury,Vehicle to Vehicle,No signal lights,Straight and flat,Not Applicable,Bitumen(Tar),Dry,Not Applicable,Cloudy,Near Yarab Nagara,Near Yarab Nagara,2Km,12.91386,77.56622
Bengaluru City,Banashankari Traffic PS,1.04432e+16,2022,1,2,Road Accidents,Cross roads,Rural Areas,Residential area,Not Applicable,No,Grievous Injury,Vehicle to Vehicle,No signal lights,Straight and flat,One way,Bitumen(Tar),Dry,Not Applicable,Cloudy,"Near BDA Complex,",Near BDA Complex,1Km,12.92603,77.565476
Bengaluru City,Banashankari Traffic PS,1.04432e+16,2022,1,1,Road Accidents,Road hump or Rumble strips,City/Town,Residential area,Human Error,Not Applicable,Fatal,Not Applicable,Not at  Junction,Hump,Major District Road,Bitumen(Tar),Dry,Not Applicable,Others,NEAR NANJUNDESHWARA STORE HOSAKEREHALLI BSK 3RD STAGE,NEAR SBI BANK,3.5 KM,12.9335268,77.54217671
Bengaluru City,Banashankari Traffic PS,1.04432e+16,2022,1,1,Road Accidents,Curves,City/Town,At pedestrian Crossing,Not Applicable,No,Grievous Injury,Hit pedestrian,No signal lights,Straight and flat,Residential Street,Bitumen(Tar),Dry,Not Applicable,Cloudy,"NEAR COFFR TINDI HOTEL MUNO TYPE,",NEAR COFFR TINDI HOTEL MUNOTYPE,2KM,12.921387,77.572294
Bengaluru City,Banashankari Traffic PS,1.04432e+16,2022,1,2,Road Accidents,Not Applicable,City/Town,Narrow bridge or culverts,Not Applicable,No,Grievous Injury,Vehicle to Vehicle,No signal lights,Straight and flat,Two way,Bitumen(Tar),Dry,Not Applicable,Fine,Near kadirenhalli under pass,Near Bendre Junction,2.0km,12.913947,77.566192
Bengaluru City,Banashankari Traffic PS,1.04432e+16,2022,1,1,Road Accidents,Cross roads,Rural Areas,Open area,Not Applicable,No,Fatal,Vehicle to Vehicle,No signal lights,Straight and flat,Not Applicable,Bitumen(Tar),Dry,Not Applicable,Clear,"Opp Annapurneshwari Tiffen center,",Kadirenhalli Under Pass Road,2.5Km,12.91683528,77.56473539
Bengaluru City,Banashankari Traffic PS,1.04432e+16,2022,1,1,Road Accidents,Cross roads,City/Town,Residential area,Human Error,No,Grievous Injury,Hit pedestrian,No signal lights,Straight and flat,Others,Bitumen(Tar),Dry,No influence on accident,Clear,"100 Feet Ring Road, Near Kadirenahallai Under Pass",Near HKGN Chiken Center,2 KM,12.9155335,77.56526155
Bengaluru City,Banashankari Traffic PS,1.04432e+16,2023,1,2,Road Accidents,Cross roads,City/Town,Residential area,Human Error,No,Grievous Injury,Vehicle to Vehicle,Controlled,Others,Residential Street,Bitumen(Tar),Dry,Not Applicable,Clear,"CT Bed Road, 1st Main Road",Opp Chennamma Play Ground,1.5 KM,12.930607,77.562547
Bengaluru City,Banashankari Traffic PS,1.04432e+16,2023,1,1,Road Accidents,Cross roads,Rural Areas,Near office complex,Not Applicable,No,Fatal,Vehicle to Vehicle,No signal lights,Straight and flat,Two way,Bitumen(Tar),Dry,Not Applicable,Clear,"Near Giri Medicle,Siddanna Layot,",SiddannaLayot,1Km,12.92396517,77.56796575
Bengaluru City,Banashankari Traffic PS,1.04432e+16,2023,1,2,Road Accidents,Circle,City/Town,Near Bus stop,Not Applicable,No,Damage Only,Vehicle to Vehicle,Controlled,Others,Two way,Bitumen(Tar),Dry,No influence on accident,Cloudy,K R Road Infront Of Corner House,Near Corner House,2 KM,12.92375658,77.571704
Bengaluru City,Banashankari Traffic PS,1.04432e+16,2023,1,1,Road Accidents,Offset,City/Town,Near a religious place,Not Applicable,No,Grievous Injury,Not Applicable,Controlled,Others,Residential Street,Bitumen(Tar),Dry,No influence on accident,Clear,Near Subramanya Temple 11th Cross Girinagara,Near Subramanya Temple,5km,12.94225967,77.54122799
Bengaluru City,Banashankari Traffic PS,1.04432e+16,2023,1,2,Road Accidents,Junction,City/Town,Near Petrol Pump,Not Applicable,No,Grievous Injury,Vehicle to Vehicle,Police / Manual,Straight and flat,One way,Bitumen(Tar),Dry,Not Applicable,Clear,Near Deve Gowda Petrol Bunk,Near Deve Gowda Petrol Bunk,1.5Km,12.937988,77.54975
Bengaluru City,Banashankari Traffic PS,1.04432e+16,2023,1,2,Road Accidents,Bottleneck,City/Town,Open area,Not Applicable,No,Grievous Injury,Vehicle to Vehicle,Controlled,Straight and flat,Others,Bitumen(Tar),Dry,Not Applicable,Others,Near NCERT Under Pass,Near NCERT,2.5 KM,12.929355,77.544914
Bengaluru City,Banashankari Traffic PS,1.04432e+16,2023,1,2,Road Accidents,Circle,City/Town,Near Hospital,Not Applicable,No,Grievous Injury,Vehicle to Vehicle,Not at  Junction,Others,Two way,Bitumen(Tar),Dry,Not Applicable,Clear,Padmanabha Nagara,Near D G Hospital,2.0 Km,12.920563,77.559768
Bengaluru City,Banashankari Traffic PS,1.04432e+16,2023,1,2,Road Accidents,Junction,City/Town,Near Bus stop,Not Applicable,Yes,Grievous Injury,Vehicle to Vehicle,Controlled,Straight and flat,Two way,Bitumen(Tar),Dry,Not Applicable,Clear,Dr Puneet rajakumar Ring Road,Near Ittamdu Junction,3.0 KM,12.928102,77.546281
Bengaluru City,Banashankari Traffic PS,1.04432e+16,2023,1,2,Road Accidents,Circle,City/Town,Near Bus stop,Not Applicable,No,Grievous Injury,Vehicle to Vehicle,Controlled,Straight and flat,Others,Bitumen(Tar),Dry,No influence on accident,Clear,Vidya Nagara Main Road,Opp Nanjudeshwara Store,3.5 KM,12.933586,77.54204
Bengaluru City,Banashankari Traffic PS,1.04432e+16,2023,1,1,Road Accidents,Cross roads,City/Town,Residential area,Human Error,No,Grievous Injury,Hit pedestrian,Controlled,Straight and flat,Two way,Bitumen(Tar),Dry,Not Applicable,Clear,Kamakya Main Road,Opp Sri Anantha Condiments,2.5 KM,12.920485,77.552241
Bengaluru City,Banashankari Traffic PS,1.04432e+16,2023,1,1,Road Accidents,Cross roads,City/Town,Near Bus stop,Not Applicable,No,Grievous Injury,Hit pedestrian,Controlled,Straight and flat,Others,Bitumen(Tar),Dry,Not Applicable,Clear,Dr Puneet rajakumar Ring Road,Near Thindi Mane Hotel,2.5 KM,12.92295,77.556543
Bengaluru City,Banashankari Traffic PS,1.04432e+16,2023,1,2,Road Accidents,Junction,Rural Areas,Narrow bridge or culverts,Not Applicable,Yes,Grievous Injury,Vehicle to Vehicle,Controlled,Straight and flat,One way,Bitumen(Tar),Dry,Not Applicable,Cloudy,Opp PES College,Opp Pes College,3.5Km,12.935402,77.536412
Bengaluru City,Banashankari Traffic PS,1.04432e+16,2023,1,2,Road Accidents,Cross roads,Rural Areas,Near a religious place,Not Applicable,No,Grievous Injury,Vehicle to Vehicle,No signal lights,Straight and flat,Two way,Bitumen(Tar),Dry,Not Applicable,Clear,Viddyapeeth Katriguppe Main Road,Viddyapeetha Katriguppe Main Road,4Km,12.93344,77.56087
Bengaluru City,Banashankari Traffic PS,1.04432e+16,2023,1,2,Road Accidents,Junction,City/Town,Open area,Not Applicable,Yes,Grievous Injury,Vehicle to Vehicle,Controlled,Straight and flat,Others,Bitumen(Tar),Dry,No influence on accident,Clear,Katriguppe Junction,Katriguppe Junction,1.5 KM,12.925335,77.550093
Bengaluru City,Banashankari Traffic PS,1.04432e+16,2023,1,3,Road Accidents,Cross roads,City/Town,At pedestrian Crossing,Not Applicable,No,Damage Only,Vehicle to Vehicle,Signals (Working),Straight and flat,One way,Bitumen(Tar),Dry,Not Applicable,Cloudy,Ittamadu Main Road,Ittamadu Main Road,5km,12.9185688,77.5419877
Bengaluru City,Banashankari Traffic PS,1.04432e+16,2023,1,2,Road Accidents,Curves,Rural Areas,Near office complex,Not Applicable,No,Grievous Injury,Vehicle to Vehicle,Give way sign,Straight and flat,Two way,Bitumen(Tar),Dry,Not Applicable,Cloudy,Near NCERT Junction,Near NCERT Junction,5km,12.930572,77.543517
Bengaluru City,Banashankari Traffic PS,1.04432e+16,2023,1,1,Road Accidents,Cross roads,City/Town,Residential area,Not Applicable,Yes,Simple Injury,Hit bicyclist,Controlled,Curve,Residential Street,Bitumen(Tar),Dry,Not Applicable,Clear,8th Cross 8th Main Road,Girinagara,3.5 KM,12.093524,77.05
Bengaluru City,Banashankari Traffic PS,1.04432e+16,2023,1,2,Road Accidents,Narrow road,City/Town,Near Petrol Pump,Human Error,Yes,Damage Only,Vehicle to Vehicle,Controlled,Others,Service Road,Concrete,Dry,Not Applicable,Clear,Near Devegowda Petrol Bunk,Nikhil and Co Petrol Bunk,1.5 Km,12.92192,77.56051
Bengaluru City,Banashankari Traffic PS,1.04432e+16,2023,1,1,Road Accidents,Cross roads,Rural Areas,In bazaar,Not Applicable,Yes,Grievous Injury,Hit pedestrian,No signal lights,Curve,Two way,Bitumen(Tar),Dry,Not Applicable,Clear,Near Appolo Natinal Public School,Dr Puneeth Rajkumar Road,2.5Km,12.922739,77.55739
Bengaluru City,Banashankari Traffic PS,1.04432e+16,2023,1,1,Road Accidents,Cross roads,City/Town,Residential area,Vehicle Defect,No,Fatal,Hit pedestrian,Controlled,Straight and flat,Two way,Bitumen(Tar),Dry,Not Applicable,Clear,Ittamadu Main Road 3rd Cross,Opp Valainten School,2.5 KM,12.923068,77.54345
Bengaluru City,Banashankari Traffic PS,1.04432e+16,2023,1,1,Road Accidents,Junction,City/Town,Near Bus stop,Not Applicable,Yes,Grievous Injury,Hit pedestrian,Stop Sign,Straight and flat,One way,Bitumen(Tar),Dry,Not Applicable,Clear,Near Seeta Circle Bus Stop,Near Seeta Circle Bus Stop,5km,12.937988,77.54975
Bengaluru City,Banashankari Traffic PS,1.04432e+16,2023,1,2,Road Accidents,Bottleneck,City/Town,Residential area,Not Applicable,No,Grievous Injury,Vehicle to Vehicle,Controlled,Straight and flat,Two way,Bitumen(Tar),Dry,No influence on accident,Cloudy,Opp Iyengar Bekary Timmaiah Road Padmanabha Nagara,Opp Iyengar Bekari,2.0 KM,12.918004,77.556662
Bengaluru City,Banashankari Traffic PS,1.04432e+16,2023,1,1,Road Accidents,Junction,City/Town,Open area,Human Error,No,Grievous Injury,Hit pedestrian,Controlled,Straight and flat,Two way,Bitumen(Tar),Dry,No influence on accident,Clear,50 Feet Road Muneshwara Block,Near Bekary,3.5 KM,12.942388,77.548375
Bengaluru City,Banashankari Traffic PS,1.04432e+16,2023,1,1,Road Accidents,Cross roads,Rural Areas,In bazaar,Not Applicable,No,Grievous Injury,Hit pedestrian,No signal lights,Straight and flat,Two way,Bitumen(Tar),Dry,Not Applicable,Clear,"Oop Sampat Shop,2nd Main Road,",Tayagraj Nagara Main Road,1.0KM,12.932126,77.567655
Bengaluru City,Banashankari Traffic PS,1.04432e+16,2023,1,2,Road Accidents,Not Applicable,Rural Areas,Near Petrol Pump,Not Applicable,No,Fatal,Vehicle to Vehicle,No signal lights,Straight and flat,Two way,Bitumen(Tar),Dry,Not Applicable,Cloudy,"14th Cross Main Road,",Tayagrajnagara Main,600M,12.929912,77.568765
Bengaluru City,Banashankari Traffic PS,1.04432e+16,2023,1,2,Road Accidents,Circle,City/Town,Near Bus stop,Not Applicable,No,Grievous Injury,Vehicle to Vehicle,Controlled,Straight and flat,Two way,Bitumen(Tar),Dry,No influence on accident,Cloudy,Vidya Nagara Main Road,Near More Shopping Mall,3.5 KM,12.938393,77.544471
Bengaluru City,Banashankari Traffic PS,1.04432e+16,2023,1,2,Road Accidents,Junction,City/Town,Open area,Not Applicable,Yes,Simple Injury,Vehicle to Vehicle,Controlled,Straight and flat,Others,Bitumen(Tar),Dry,Not Applicable,Clear,Ittamadu Signal,Ittamadu Main Road,2.5Km,12.92274,77.545256
Bengaluru City,Banashankari Traffic PS,1.04432e+16,2023,1,2,Road Accidents,Junction,City/Town,Near office complex,Human Error,Yes,Grievous Injury,Vehicle to Vehicle,Controlled,Straight and flat,One way,Bitumen(Tar),Dry,No influence on accident,Clear,Katriguppe Main Road,Near Pai Show Room,2.5 km,12.927839,77.551439
Bengaluru City,Banashankari Traffic PS,1.04432e+16,2023,1,2,Road Accidents,Cross roads,Rural Areas,Open area,Not Applicable,No,Damage Only,Vehicle to Vehicle,No signal lights,Straight and flat,Two way,Bitumen(Tar),Dry,Not Applicable,Clear,In Front Of Fire Station,In Front Of Fire Station,1.5Km,12.922336,77.561331
Bengaluru City,Banashankari Traffic PS,1.04432e+16,2023,1,1,Road Accidents,Road hump or Rumble strips,City/Town,Residential area,Human Error,No,Grievous Injury,Hit pedestrian,Not at  Junction,Straight and flat,Two way,Concrete,Dry,No influence on accident,Cloudy,"3rd Main Road, Dattatreya Nagara",Opp House Number 47,3.5 KM,12.926463,77.540321