DISTRICTNAME,UNITNAME,Crime_No,Year,RI,Noofvehicle_involved,Accident_Classification,Accident_Spot,Accident_Location,Accident_SubLocation,Main_Cause,Hit_Run,Severity,Collision_Type,Junction_Control,Road_Character,Road_Type,Surface_Type,Surface_Condition,Road_Condition,Weather,Accident_Road,Landmark_first,Distance_LandMark_First,Latitude,Longitude
Bengaluru City,Banashankari Traffic PS,1.04432e+16,2023,1,1,Road Accidents,Cross roads,Rural Areas,Near School or College,Not Applicable,No,Fatal,Hit pedestrian,No signal lights,Straight and flat,One way,Bitumen(Tar),Dry,Not Applicable,Cloudy,Near SSM School,Near Channamnkere Ground,2Km,12.932388,77.563202
Bengaluru City,Banashankari Traffic PS,1.04432e+16,2023,1,2,Road Accidents,Circle,City/Town,Residential area,Not Applicable,No,Grievous Injury,Vehicle to Vehicle,Controlled,Others,Others,Bitumen(Tar),Dry,No influence on accident,Cloudy,"12th Cross, Jayanagara 7th Block",Opp House Number 694,2KM,12.92399518,77.57615664
Bengaluru City,Banashankari Traffic PS,1.04432e+16,2023,1,2,Road Accidents,Junction,Rural Areas,Residential area,Not Applicable,No,Grievous Injury,Vehicle to Vehicle,Signals (Working),Straight and flat,Two way,Bitumen(Tar),Dry,Not Applicable,Clear,Near Katriguppe Junction,Katriguppe Junction,2.5Km,12.92538,77.549867
Bengaluru City,Banashankari Traffic PS,1.04432e+16,2023,1,2,Road Accidents,Junction,City/Town,Near office complex,Not Applicable,No,Grievous Injury,Vehicle to Vehicle,Signals (Working),Straight and flat,One way,Bitumen(Tar),Dry,Not Applicable,Cloudy,Channmma Fly Over Down Ramp,Channmma Fly Over Down Ramp,2Km,0.0,0.0
Bengaluru City,Banashankari Traffic PS,1.04432e+16,2023,1,1,Road Accidents,Circle,City/Town,Near office complex,Not Applicable,Yes,Simple Injury,Hit pedestrian,Controlled,Curve,Others,Bitumen(Tar),Dry,Not Applicable,Clear,Near vidyapeetha Circle,Katriguppe Main Road,2.5 KM,12.093524,77.056084
Bengaluru City,Banashankari Traffic PS,1.04432e+16,2023,1,1,Road Accidents,Not Applicable,Rural Areas,Near Bus stop,Not Applicable,No,Grievous Injury,Hit pedestrian,Not at  Junction,Straight and flat,Two way,Bitumen(Tar),Dry,Not Applicable,Clear,Near Banashankari Bus Stop,Near Banashankari Bus Stop,2.0 Km,12.917247,77.573329
Bengaluru City,Banashankari Traffic PS,1.04432e+16,2023,1,3,Road Accidents,Not Applicable,Rural Areas,Open area,Not Applicable,No,Damage Only,Vehicle to Vehicle,No signal lights,Straight and flat,Others,Bitumen(Tar),Dry,Not Applicable,Cloudy,"KR RoadIn Front Of Guru Krupa Digital World Tata Silk Form,KR Road",KR Road,1.5Km,12.943813,77.573669
Bengaluru City,Banashankari Traffic PS,1.04432e+16,2023,1,1,Road Accidents,Not Applicable,City/Town,Residential area,Not Applicable,No,Grievous Injury,Vehicle to Vehicle,No signal lights,Straight and flat,Two way,Bitumen(Tar),Dry,Not Applicable,Clear,In Front Of Tulasi Mansun,Near Pdmanabh Nagara,5Km,12.91740417,77.5548799
Bengaluru City,Banashankari Traffic PS,1.04432e+16,2023,1,1,Road Accidents,Cross roads,City/Town,Near office complex,Not Applicable,Yes,Grievous Injury,Vehicle to Vehicle,No signal lights,Straight and flat,Two way,Bitumen(Tar),Dry,Not Applicable,Clear,"Near 80Feet Road,",Girinagara,3.5Km,12.94084,77.54276
Bengaluru City,Banashankari Traffic PS,1.04432e+16,2023,1,1,Road Accidents,Circle,Rural Areas,Residential area,Not Applicable,No,Fatal,Not Applicable,Controlled,Straight and flat,Two way,Bitumen(Tar),Dry,Not Applicable,Clear,Dr Puneet rajakumar Ring Road,Dr Puneeth Rajkumar Road,5km,12.934753,77.537156
Bengaluru City,Banashankari Traffic PS,1.04432e+16,2023,1,2,Road Accidents,Circle,Rural Areas,Near School or College,Not Applicable,Yes,Fatal,Vehicle to Vehicle,Signals (Working),Straight and flat,Two way,Bitumen(Tar),Dry,Not Applicable,Clear,Nea Yarab Nagara,Subramnyapura Main Road,2.5Km,12.916095,77.570205
Bengaluru City,Banashankari Traffic PS,1.04432e+16,2023,1,2,Road Accidents,Cross roads,City/Town,Residential area,Human Error,No,Simple Injury,Vehicle to Vehicle,Not at  Junction,Straight and flat,Two way,Bitumen(Tar),Dry,No influence on accident,Clear,Girinagara Main Road,Opp Wood and Vision,3.5 KM,12.94268578,77.53870917
Bengaluru City,Banashankari Traffic PS,1.04432e+16,2023,1,2,Road Accidents,Junction,City/Town,Near Bus stop,Not Applicable,No,Fatal,Vehicle to Vehicle,Controlled,Others,One way,Bitumen(Tar),Dry,No influence on accident,Clear,Dr Puneeth Rajakumar Road Banashanakri 3rd Stage,Near Bus Stop,3.0 km,12.934042,77.538495
Bengaluru City,Banashankari Traffic PS,1.04432e+16,2023,1,1,Road Accidents,Circle,Rural Areas,In bazaar,Not Applicable,No,Fatal,Hit bicyclist,No signal lights,Straight and flat,One way,Bitumen(Tar),Dry,Not Applicable,Clear,Near Ashwini Apartment,Near Ashwini Apartment,2Km,12.91996197,77.56257559
Bengaluru City,Banashankari Traffic PS,1.04432e+16,2023,1,2,Road Accidents,Cross roads,City/Town,Residential area,Not Applicable,Yes,Grievous Injury,Vehicle to Vehicle,Controlled,Curve,Residential Street,Bitumen(Tar),Dry,Not Applicable,Cloudy,3rd Cross Girinagara,Near Raghvendra Brindavana,3.5 KM,12.937955,77.545422
Bengaluru City,Banashankari Traffic PS,1.04432e+16,2023,1,2,Road Accidents,Cross roads,Rural Areas,Near School or College,Not Applicable,Yes,Grievous Injury,Vehicle to Vehicle,Not Applicable,Straight and flat,Two way,Bitumen(Tar),Dry,Not Applicable,Cloudy,Near Nargunda College,Near Nargunda College,3.5 KM,12.928155,77.51343
Bengaluru City,Banashankari Traffic PS,1.04432e+16,2023,1,1,Road Accidents,Curves,City/Town,Near School or College,Human Error,No,Grievous Injury,Hit pedestrian,Controlled,Straight and flat,Two way,Bitumen(Tar),Dry,No influence on accident,Cloudy,Timmaiah Road,Near Happy Times School,2.5 KM,12.916748,77.560323
Bengaluru City,Banashankari Traffic PS,1.04432e+16,2023,1,2,Road Accidents,Cross roads,Rural Areas,Near office complex,Not Applicable,Yes,Grievous Injury,Vehicle to Vehicle,No signal lights,Straight and flat,Two way,Bitumen(Tar),Dry,Not Applicable,Cloudy,"Near Royal Mart,Padmanabh Nagara",Padmanabh Nagara,1Km,12.9185,77.55539
Bengaluru City,Banashankari Traffic PS,1.04432e+16,2023,1,1,Road Accidents,Not Applicable,Rural Areas,At pedestrian Crossing,Not Applicable,No,Fatal,Hit pedestrian,No signal lights,Straight and flat,Two way,Bitumen(Tar),Dry,Not Applicable,Clear,In Front Of BS Mane Hotel,In Front Of BS Mane Hotel,3.5Km,12.93413048,77.53693797
Bengaluru City,Banashankari Traffic PS,1.04432e+16,2023,1,2,Road Accidents,Not Applicable,City/Town,Near Hospital,Not Applicable,No,Fatal,Vehicle to Vehicle,No signal lights,Straight and flat,Two way,Bitumen(Tar),Dry,Not Applicable,Cloudy,Opp Yogananda Hospital,Puttalingayya,3Km,12.9180639,77.5597068
Bengaluru City,Banashankari Traffic PS,1.04432e+16,2023,1,2,Road Accidents,Cross roads,City/Town,Residential area,Not Applicable,Yes,Grievous Injury,Vehicle to Vehicle,Controlled,Straight and flat,Residential Street,Bitumen(Tar),Dry,Not Applicable,Clear,C T Bed C K Achhukattu,Near Ck Achhukattu Play Ground,1.5 KM,12.930514,77.561503
Bengaluru City,Banashankari Traffic PS,1.04432e+16,2023,1,2,Road Accidents,Circle,Rural Areas,Residential area,Not Applicable,No,Damage Only,Vehicle to Vehicle,Not Applicable,Straight and flat,Two way,Bitumen(Tar),Dry,Not Applicable,Clear,Near Kr Road Junction,Near  Kr Road Junction,1Km,12.920458,77.570011
Bengaluru City,Banashankari Traffic PS,1.04432e+16,2023,1,2,Road Accidents,Cross roads,Rural Areas,Near Hospital,Not Applicable,No,Simple Injury,Vehicle to Vehicle,No signal lights,Straight and flat,One way,Bitumen(Tar),Dry,Not Applicable,Clear,Near Seeta Circle,Near Seetha Circle,5Km,12.9391,77.5513
Bengaluru City,Banashankari Traffic PS,1.04432e+16,2023,1,2,Road Accidents,Cross roads,Rural Areas,Near office complex,Not Applicable,No,Grievous Injury,Vehicle to Vehicle,No signal lights,Straight and flat,One way,Bitumen(Tar),Dry,Not Applicable,Clear,Near Hosakerehalli Cross,Near Hosakerehalli Cross,2.5Km,12.931737,77.544591
Bengaluru City,Banashankari Traffic PS,1.04432e+16,2023,1,2,Road Accidents,Cross roads,Rural Areas,Residential area,Not Applicable,Yes,Fatal,Vehicle to Vehicle,No signal lights,Straight and flat,One way,Bitumen(Tar),Dry,Not Applicable,Clear,Opp Laxmi Venkateshwara Temple,Karisandra,1Km,0.0,0.0
Bengaluru City,Banashankari Traffic PS,1.04432e+16,2023,1,1,Road Accidents,Curves,City/Town,Near Hospital,Not Applicable,No,Grievous Injury,Hit pedestrian,Not at  Junction,Straight and flat,One way,Bitumen(Tar),Dry,Not Applicable,Clear,"Opp MRP Bar, KR Road",KR Road,2Km,12.924542,77.573543
Bengaluru City,Banashankari Traffic PS,1.04432e+16,2023,1,2,Road Accidents,Junction,City/Town,Near Bus stop,Not Applicable,No,Grievous Injury,Vehicle to Vehicle,Controlled,Straight and flat,Others,Bitumen(Tar),Dry,Not Applicable,Cloudy,Near Kamakya Signal,Near BMTC Bus Stopt,2.5 KM,12.923927,77.55309
Bengaluru City,Banashankari Traffic PS,1.04432e+16,2023,1,1,Road Accidents,Not Applicable,City/Town,Near Bus stop,Not Applicable,No,Grievous Injury,Hit pedestrian,Uncontrolled,Straight and flat,Major District Road,Bitumen(Tar),Dry,Not Applicable,Fine,30Feet,30,25,12.919902,77.563018
Bengaluru City,Banashankari Traffic PS,1.04432e+16,2023,1,2,Road Accidents,Curves,City/Town,Open area,Not Applicable,Yes,Simple Injury,Vehicle to Vehicle,Controlled,Curve,One way,Bitumen(Tar),Dry,Not Applicable,Cloudy,Kadirenahalli Under Pass,Near Kadirenahalli Under Pass,2.0 KM,12.92487,77.56624
Bengaluru City,Banashankari Traffic PS,1.04432e+16,2023,1,2,Road Accidents,Junction,City/Town,Near Petrol Pump,Not Applicable,No,Grievous Injury,Vehicle to Vehicle,Signals (Working),Straight and flat,Two way,Bitumen(Tar),Dry,Not Applicable,Clear,Near Deve Gowda Petrol Bunk,Near Deve Gowda Petrol Bunk,1.5Km,12.921803,77.560215
Bengaluru City,Banashankari Traffic PS,1.04432e+16,2023,1,2,Road Accidents,Cross roads,City/Town,Near or inside a village,Not Applicable,No,Damage Only,Vehicle to Vehicle,Not at  Junction,Straight and flat,Two way,Bitumen(Tar),Dry,Not Applicable,Clear,"Near No 53, Shrinivas Nagara",Near Shrinivas Nagara,5km,12.934545,77.556464
Bengaluru City,Banashankari Traffic PS,1.04432e+16,2023,1,2,Road Accidents,Circle,City/Town,Near Petrol Pump,Not Applicable,Yes,Grievous Injury,Vehicle to Vehicle,Controlled,Straight and flat,Others,Bitumen(Tar),Dry,Not Applicable,Cloudy,KEB Junction Near Indian Oil Petroll Bunk,Near Indian Oil Petrol Bunk,3.5 KM,12.923927,77.55309
Bengaluru City,Banashankari Traffic PS,1.04432e+16,2023,1,1,Road Accidents,Cross roads,City/Town,Residential area,Not Applicable,Yes,Grievous Injury,Hit pedestrian,Controlled,Straight and flat,Two way,Bitumen(Tar),Dry,No influence on accident,Clear,1st Main Road Vivekananda Nagara,Opp Baby Corn Shop,2.5 Km,12.932994,77.555119
Bengaluru City,Banashankari Traffic PS,1.04432e+16,2023,1,2,Road Accidents,Cross roads,Rural Areas,Residential area,Not Applicable,No,Grievous Injury,Vehicle to Vehicle,No signal lights,Straight and flat,Two way,Bitumen(Tar),Dry,Not Applicable,Cloudy,"In Front Of SLV Hotel Banashankari Brandavana Park,",Siddanna Layot,2.5km,12.92415118,77.5665262
Bengaluru City,Banashankari Traffic PS,1.04432e+16,2023,1,2,Road Accidents,Not Applicable,Rural Areas,Near Bus stop,Not Applicable,Yes,Not Applicable,Vehicle to Vehicle,No signal lights,Straight and flat,Two way,Bitumen(Tar),Dry,Not Applicable,Cloudy,In Front Of BBMP Office,Near Yarab Nagara Main Road,1.5Km,0.0,0.0
Bengaluru City,Banashankari Traffic PS,1.04432e+16,2023,1,1,Road Accidents,Narrow road,Rural Areas,Open area,Not Applicable,No,Grievous Injury,Vehicle to Vehicle,No signal lights,Straight and flat,One way,Bitumen(Tar),Dry,Not Applicable,Cloudy,Near South Tadka Hotel,Chemmankere Acchukattu,1Km,12.932388,77.563202
Bengaluru City,Banashankari Traffic PS,1.04432e+16,2023,1,2,Road Accidents,Junction,City/Town,Open area,Not Applicable,No,Damage Only,Vehicle to Vehicle,Controlled,Straight and flat,Others,Bitumen(Tar),Dry,No influence on accident,Clear,Dr Puneet Rajakumar Road Kamakya Junction,Near Kamakya Junction,1.7 Km,12.924063,77.553199
Bengaluru City,Banashankari Traffic PS,1.04432e+16,2023,1,1,Road Accidents,Curves,City/Town,Near Hospital,Not Applicable,No,Fatal,Vehicle to Vehicle,No signal lights,Hump,Two way,Bitumen(Tar),Dry,Not Applicable,Cloudy,Near Channamma Fly Over,Near Channamma Fly Over,2Km,12.921479,77.561799
Bengaluru City,Banashankari Traffic PS,1.04432e+16,2023,1,2,Road Accidents,Circle,Rural Areas,Near Bus stop,Not Applicable,No,Grievous Injury,Vehicle to Vehicle,Signals (Working),Not Applicable,State Highway,Bitumen(Tar),Dry,Not Applicable,Cloudy,Near Kamakya Junction,Near Kamakya Junction,2.5Km,12.923926,77.553325
Bengaluru City,Banashankari Traffic PS,1.04432e+16,2023,1,2,Road Accidents,Cross roads,Rural Areas,Near Petrol Pump,Not Applicable,Yes,Grievous Injury,Vehicle to Vehicle,No signal lights,Straight and flat,Two way,Bitumen(Tar),Dry,Not Applicable,Cloudy,"Near Karuru Bank,Katriguppe Main Road",Katriguppe Main Road,5km,12.926751,77.55305
Bengaluru City,Banashankari Traffic PS,1.04432e+16,2023,1,1,Road Accidents,Cross roads,Rural Areas,Near Petrol Pump,Not Applicable,No,Fatal,Hit pedestrian,No signal lights,Straight and flat,Two way,Bitumen(Tar),Not Applicable,Not Applicable,Cloudy,"Kadirenhalli Under Pass,100Feet Ring Road,",Kadirenhalli Under Pass,2.5Km,12.91568847,77.56516673
Bengaluru City,Banashankari Traffic PS,1.04432e+16,2023,1,2,Road Accidents,Bottleneck,City/Town,Near Bus stop,Not Applicable,No,Damage Only,Vehicle to Vehicle,Controlled,Straight and flat,Sub Arterial,Bitumen(Tar),Dry,No influence on accident,Clear,Opp Indira Canteen Yarab Nagara Main Road,Opp Indira Canteen,2.5 Km,12.915602,77.569773
Bengaluru City,Banashankari Traffic PS,1.04432e+16,2023,1,1,Road Accidents,Cross roads,Rural Areas,Near School or College,Not Applicable,No,Fatal,Not Applicable,No signal lights,Straight and flat,Two way,Bitumen(Tar),Dry,Not Applicable,Clear,Near PES College,Near PES College,3.0Km,12.935759,77.536029
Bengaluru City,Banashankari Traffic PS,1.04432e+16,2023,1,2,Road Accidents,Junction,Rural Areas,Near office complex,Not Applicable,No,Damage Only,Vehicle to Vehicle,Police / Manual,Straight and flat,Two way,Bitumen(Tar),Dry,Not Applicable,Cloudy,Near Katriguppe Junction,Near Katriguppe Junction,1.5Km,12.925335,77.550093
Bengaluru City,Banashankari Traffic PS,1.04432e+16,2023,1,2,Road Accidents,Narrow road,City/Town,Open area,Not Applicable,No,Grievous Injury,Vehicle to Vehicle,Not at  Junction,Straight and flat,One way,Bitumen(Tar),Dry,No influence on accident,Clear,Hosakerehalli Bridge BSK 3rd Stage,Opp NCERT Office,3.5 KM,12.931626,77.544495
Bengaluru City,Banashankari Traffic PS,1.04432e+16,2023,1,1,Road Accidents,Road hump or Rumble strips,City/Town,Residential area,Human Error,No,Grievous Injury,Hit pedestrian,Not at  Junction,Others,Two way,Bitumen(Tar),Dry,Not Applicable,Cloudy,Hosakerehalli Main Road,Opp SBI ATM,3.5 KM,12.93006044,77.53929604
Bengaluru City,Banashankari Traffic PS,1.04432e+16,2023,1,2,Road Accidents,Road hump or Rumble strips,City/Town,Near Hospital,Not Applicable,Yes,Grievous Injury,Vehicle to Vehicle,Controlled,Straight and flat,Others,Bitumen(Tar),Dry,No influence on accident,Clear,Near Sevakshetra Hospital Monotype Road,Near Sevakshetra Hospital,1.5 Km,12.92149,77.57219
Bengaluru City,Banashankari Traffic PS,1.04432e+16,2023,1,2,Road Accidents,Curves,City/Town,Near School or College,Human Error,Yes,Grievous Injury,Vehicle to Vehicle,Controlled,Curve,One way,Bitumen(Tar),Dry,Not Applicable,Clear,19th Cross Road,Near S M School Ittamdu,2.5 KM,12.921199,77.541746
Bengaluru City,Banashankari Traffic PS,1.04432e+16,2023,1,2,Road Accidents,Curves,City/Town,In bazaar,Not Applicable,No,Damage Only,Vehicle to Vehicle,No signal lights,Straight and flat,One way,Bitumen(Tar),Dry,Not Applicable,Clear,Near BVB Bakrey,Near BVB Bakery,3.5KM,12.921096,77.540415
Bengaluru City,Banashankari Traffic PS,1.04432e+16,2023,1,1,Road Accidents,Cross roads,Rural Areas,Residential area,Not Applicable,Yes,Grievous Injury,Vehicle to Vehicle,Not at  Junction,Straight and flat,Two way,Bitumen(Tar),Others,Not Applicable,Cloudy,Teachers Colony,Teachers Colony,2.5 KM,12.914924,77.568541
Bengaluru City,Banashankari Traffic PS,1.04432e+16,2023,1,1,Road Accidents,Curves,Rural Areas,At pedestrian Crossing,Not Applicable,No,Grievous Injury,Hit pedestrian,No signal lights,Straight and flat,One way,Bitumen(Tar),Dry,Not Applicable,Cloudy,Near Tayagraj Nagara Main Road,Near Tayagraj Nagara Main Road,2.5 km,12.931865,77.567392
Bengaluru City,Banashankari Traffic PS,1.04432e+16,2023,1,1,Road Accidents,Curves,City/Town,Narrow bridge or culverts,Not Applicable,Yes,Fatal,Hit pedestrian,No signal lights,Straight and flat,Two way,Bitumen(Tar),Dry,Not Applicable,Clear,Near Kadirenhalli Park,Dr Puneeth Rajkumar Road,1.5Km,12.916962,77.564866
Bengaluru City,Banashankari Traffic PS,1.04432e+16,2023,1,2,Road Accidents,Cross roads,City/Town,Residential area,Not Applicable,Yes,Damage Only,Vehicle to Vehicle,Not at  Junction,Straight and flat,Two way,Bitumen(Tar),Dry,No influence on accident,Clear,Hosakerehalli Main Road,Opp Ultra Fassion Saloon Shop,3.5 Km,12.93874,77.53921
Bengaluru City,Banashankari Traffic PS,1.04432e+16,2023,1,1,Road Accidents,Circle,Rural Areas,In bazaar,Not Applicable,No,Grievous Injury,Vehicle to Vehicle,No signal lights,Straight and flat,Two way,Bitumen(Tar),Dry,Not Applicable,Cloudy,"Near 4th A Cross, TG Layot",Ittamadu,6Km,12.92424,77.543466
Bengaluru City,Banashankari Traffic PS,1.04432e+16,2023,1,1,Road Accidents,Cross roads,Rural Areas,Near School or College,Not Applicable,No,Grievous Injury,Hit pedestrian,Not at  Junction,Straight and flat,One way,Bitumen(Tar),Dry,Not Applicable,Clear,Near Gupta College,Near Gupta College,3.0Km,12.932632,77.540693
Bengaluru City,Banashankari Traffic PS,1.04432e+16,2023,1,1,Road Accidents,Junction,Rural Areas,Near Hospital,Not Applicable,No,Grievous Injury,Hit pedestrian,Police / Manual,Straight and flat,One way,Bitumen(Tar),Dry,Not Applicable,Clear,Near Katriguppe Junction,Near Katriguppe Junction,4KM,12.925335,77.550093
Bengaluru City,Banashankari Traffic PS,1.04432e+16,2023,1,2,Road Accidents,Road hump or Rumble strips,City/Town,Near a religious place,Human Error,No,Grievous Injury,Vehicle to Vehicle,Controlled,Straight and flat,Others,Bitumen(Tar),Dry,No influence on accident,Others,9th Main Road Kaveri Nagara,Near Ganesha Temple,1.5 km,12.919779,77.569186
Bengaluru City,Basavanagudi Traffic PS,1.04432e+16,2016,1,2,Road Accidents,Other,City/Town,Near School or College,Not Applicable,Not Applicable,Simple Injury,Others,Not Applicable,Not Applicable,Not Applicable,Not Applicable,Others,Not Applicable,Others,KANAKAPURA,K R PARK,1 KM,0.0,0.0
Bengaluru City,Basavanagudi Traffic PS,1.04432e+16,2016,1,3,Road Accidents,Other,City/Town,In bazaar,Human Error,No,Simple Injury,Others,Police / Manual,Others,City or Town Road,Bitumen(Tar),Dry,Not Applicable,Fine,"Gandhi Bazar Main road,",Near BAZAR,200m,0.0,0.0
Bengaluru City,Basavanagudi Traffic PS,1.04432e+16,2016,1,3,Road Accidents,Junction,City/Town,Near Bus stop,Human Error,No,Grievous Injury,Others,Police / Manual,Others,City or Town Road,Bitumen(Tar),Dry,Not Applicable,Flooding of Slipways/Rivulets,"RV Teachers Colage, RV rd",Bus stop,600m,0.0,0.0
Bengaluru City,Basavanagudi Traffic PS,1.04432e+16,2016,1,2,Road Accidents,Other,City/Town,Near Bus stop,Human Error,Yes,Simple Injury,Others,Police / Manual,Others,City or Town Road,Bitumen(Tar),Dry,Not Applicable,Others,"Near Gutte Govt School road, Srinagara",Near Bus Stop,03 km,0.0,0.0
Bengaluru City,Basavanagudi Traffic PS,1.04432e+16,2016,1,2,Road Accidents,Other,City/Town,In bazaar,Human Error,No,Simple Injury,Others,Controlled,Others,City or Town Road,Bitumen(Tar),Dry,Not Applicable,Fine,"Karanji Anjaneya Temple road, Basavanagudi",Near Bus Stop,0.5,12.9455888,77.5712556
Bengaluru City,Basavanagudi Traffic PS,1.04432e+16,2016,1,2,Road Accidents,Other,City/Town,Near a religious place,Human Error,No,Simple Injury,Others,Not at  Junction,Others,City or Town Road,Bitumen(Tar),Dry,Not Applicable,Fine,"Near Ayyappa Swamy Temple, Srinivasa Nagar",Near Bus Stop,1.5 KM,0.0,0.0
Bengaluru City,Basavanagudi Traffic PS,1.04432e+16,2016,1,2,Road Accidents,Other,City/Town,Near Hospital,Human Error,Not Applicable,Simple Injury,Others,Police / Manual,Others,City or Town Road,Bitumen(Tar),Dry,Not Applicable,Fine,"K R Road, Near Bharathi Nursing home",Near Hospital,0.5 KM,0.0,0.0
Bengaluru City,Basavanagudi Traffic PS,1.04432e+16,2016,1,1,Road Accidents,Narrow road,City/Town,Near Hospital,Human Error,No,Grievous Injury,Hit pedestrian,Uncontrolled,Others,City or Town Road,Bitumen(Tar),Dry,Not Applicable,Others,R V ROAD,BANGALORE HOSPITAL,1KM,0.0,0.0
Bengaluru City,Basavanagudi Traffic PS,1.04432e+16,2016,1,1,Road Accidents,Other,City/Town,Near office complex,Human Error,Yes,Simple Injury,Others,Not at  Junction,Not Applicable,City or Town Road,Bitumen(Tar),Dry,Not Applicable,Fine,"Near Cofee Day BT road, Shankarapuram",Near Coffe Day,1km,0.0,0.0
Bengaluru City,Basavanagudi Traffic PS,1.04432e+16,2016,1,2,Road Accidents,Junction,City/Town,Near Bus stop,Human Error,No,Simple Injury,Others,Police / Manual,Others,Others,Bitumen(Tar),Dry,Not Applicable,Fine,"50 Feet road, Hanumantthanagar",Near Bus Stop,1.5km,0.0,0.0
Bengaluru City,Basavanagudi Traffic PS,1.04432e+16,2016,1,2,Road Accidents,Junction,City/Town,Near Hospital,Human Error,No,Simple Injury,Others,Not at  Junction,Others,City or Town Road,Bitumen(Tar),Dry,Not Applicable,Fine,"Rangarao road Unction, Oppsite to Bramhanara kefe",Near Office Complex,1.5km,0.0,0.0
Bengaluru City,Basavanagudi Traffic PS,1.04432e+16,2016,1,1,Road Accidents,Other,City/Town,Near Petrol Pump,Human Error,Yes,Simple Injury,Others,Police / Manual,Others,City or Town Road,Bitumen(Tar),Dry,Not Applicable,Fine,"Opp SBI Bank, 50 Feet road, Hanumantha Nagar",Near Petrol pump,2 km,0.0,0.0
Bengaluru City,Basavanagudi Traffic PS,1.04432e+16,2016,1,1,Road Accidents,Other,City/Town,Near Bus stop,Human Error,No,Simple Injury,Others,Police / Manual,Others,Others,Bitumen(Tar),Dry,Not Applicable,Fine,"Mount joy road,",Near Bus Stop,1.5,12.943508,77.566615
Bengaluru City,Basavanagudi Traffic PS,1.04432e+16,2016,1,2,Road Accidents,Other,City/Town,Near Bus stop,Human Error,Yes,Fatal,Others,Not at  Junction,Others,Others,Bitumen(Tar),Dry,Not Applicable,Fine,Fifty Feet raod,Near Bustop,2km,0.0,0.0
Bengaluru City,Basavanagudi Traffic PS,1.04432e+16,2016,1,2,Road Accidents,Other,City/Town,Near a religious place,Human Error,Yes,Simple Injury,Hit and Run,Not at  Junction,Others,Others,Bitumen(Tar),Dry,Not Applicable,Fine,Ramanjaneya main road,near temple,3km,0.0,0.0
Bengaluru City,Basavanagudi Traffic PS,1.04432e+16,2016,1,2,Road Accidents,Other,City/Town,Near a religious place,Human Error,No,Simple Injury,Others,Not at  Junction,Others,Others,Bitumen(Tar),Dry,Not Applicable,Fine,"Madduramma tempie road, srinagara",near temple,3km,0.0,0.0
Bengaluru City,Basavanagudi Traffic PS,1.04432e+16,2016,1,2,Road Accidents,Offset,City/Town,Near Bus stop,Human Error,No,Grievous Injury,Others,Not at  Junction,Others,City or Town Road,Bitumen(Tar),Dry,Not Applicable,Fine,"Opp Namaste Garments, Azad nagara",Near Bus Stop,3 KM,12.95493,77.55722
Bengaluru City,Basavanagudi Traffic PS,1.04432e+16,2016,1,2,Road Accidents,Other,City/Town,Near office complex,Human Error,Yes,Simple Injury,Hit and Run,Police / Manual,Others,City or Town Road,Bitumen(Tar),Dry,Not Applicable,Fine,Rijaar Vayar Street Juntion,Near Bus Stop,05 KM,12.9413754,77.5737642
Bengaluru City,Basavanagudi Traffic PS,1.04432e+16,2016,1,1,Road Accidents,Other,City/Town,Near Hospital,Not Applicable,No,Simple Injury,Others,Not Applicable,Others,Others,Not Applicable,Others,Not Applicable,Others,S C ROAD,NEAR HOSPITAL,1 KM,0.0,0.0
Bengaluru City,Basavanagudi Traffic PS,1.04432e+16,2016,1,2,Road Accidents,Other,City/Town,Near Bus stop,Human Error,Not Applicable,Grievous Injury,Others,Police / Manual,Others,City or Town Road,Bitumen(Tar),Dry,Not Applicable,Fine,"Opp SLV Hotel. North road, Shankarapuram",Near SLV Hotel,0.5 KM,0.0,0.0
Bengaluru City,Basavanagudi Traffic PS,1.04432e+16,2016,1,2,Road Accidents,Other,City/Town,Near office complex,Human Error,No,Simple Injury,Others,Not at  Junction,Others,City or Town Road,Bitumen(Tar),Dry,Not Applicable,Fine,Kanakapura road near Bombay house,Near Bombay House,0.5 km,0.0,0.0
Bengaluru City,Basavanagudi Traffic PS,1.04432e+16,2016,1,2,Road Accidents,Other,City/Town,Near Bus stop,Human Error,No,Grievous Injury,Others,Not at  Junction,Others,Expressway,Bitumen(Tar),Dry,Not Applicable,Fine,"Shankaramata road, Opp Shankarapura P S",Opp Shankarapura P S,1.5km,0.0,0.0