DISTRICTNAME,UNITNAME,Crime_No,Year,RI,Noofvehicle_involved,Accident_Classification,Accident_Spot,Accident_Location,Accident_SubLocation,Main_Cause,Hit_Run,Severity,Collision_Type,Junction_Control,Road_Character,Road_Type,Surface_Type,Surface_Condition,Road_Condition,Weather,Accident_Road,Landmark_first,Distance_LandMark_First,Latitude,Longitude
Bengaluru City,Basavanagudi Traffic PS,1.04432e+16,2018,1,1,Road Accidents,Junction,City/Town,Near office complex,Human Error,Yes,Simple Injury,Hit and Run,Controlled,Straight and flat,City or Town Road,Bitumen(Tar),Dry,Not Applicable,Fine,"Near Dominos Pizza, Bull temple road& Nigaguna road North Anjaneya Road",Electric Pole,30ft,12.945017,77.567807
Bengaluru City,Basavanagudi Traffic PS,1.04432e+16,2018,1,2,Road Accidents,Junction,City/Town,Near School or College,Human Error,Not Applicable,Grievous Injury,Others,Uncontrolled,Others,Two way,Bitumen(Tar),Dry,Not Applicable,Fine,"Near BMS Hostel Junction,Katriguppe Main Road, Hanumanthanagar",Trilok Nivas,55 ft,12.938161,77.56285
Bengaluru City,Basavanagudi Traffic PS,1.04432e+16,2018,1,2,Road Accidents,Junction,City/Town,Near office complex,Human Error,Yes,Simple Injury,Hit and Run,Uncontrolled,Straight and flat,Two way,Bitumen(Tar),Dry,Not Applicable,Fine,Near Dominos pizza. Bull temple road & Nijaguna road North Anjaneya road junction,Indian overseas bank,30ft,12.945018,77.56783
Bengaluru City,Basavanagudi Traffic PS,1.04432e+16,2018,1,1,Road Accidents,Junction,City/Town,Near office complex,Human Error,No,Grievous Injury,Hit pedestrian,Uncontrolled,Others,City or Town Road,Bitumen(Tar),Dry,Not Applicable,Fine,R.V Road & Khaji Street Road Junction,Metro Piller P69,25ft,12.93942,77.580083
Bengaluru City,Basavanagudi Traffic PS,1.04432e+16,2018,1,1,Road Accidents,Narrow road,City/Town,Near Petrol Pump,Human Error,Yes,Grievous Injury,Hit pedestrian,Not at  Junction,Incline,Others,Bitumen(Tar),Dry,Not Applicable,Clear,South end road,Canara Bank,15 ft,12.936826,77.576837
Bengaluru City,Basavanagudi Traffic PS,1.04432e+16,2018,1,2,Road Accidents,Narrow road,City/Town,In bazaar,Human Error,Yes,Grievous Injury,Hit and Run,Not at  Junction,Incline,Others,Bitumen(Tar),Dry,Not Applicable,Fine,Bull temple road,Pizza hut,25 ft,12.94508,77.567965
Bengaluru City,Basavanagudi Traffic PS,1.04432e+16,2018,1,2,Road Accidents,Junction,City/Town,Open area,Human Error,Not Applicable,Simple Injury,Others,Uncontrolled,Others,Two way,Bitumen(Tar),Dry,Not Applicable,Fine,"7TH CROSS, Ashokanagar Junction, Hanumanthanagar",no 972 house,15 ft,12.937176,77.563958
Bengaluru City,Basavanagudi Traffic PS,1.04432e+16,2018,1,2,Road Accidents,Junction,City/Town,In bazaar,Human Error,No,Grievous Injury,Side impact or Right angle,Uncontrolled,Incline,Others,Bitumen(Tar),Dry,Not Applicable,Fine,80 ft road Srinivasa nagara,Vinas home appalances,20 ft,0.0,0.0
Bengaluru City,Basavanagudi Traffic PS,1.04432e+16,2018,1,2,Road Accidents,Narrow road,City/Town,Near Hospital,Human Error,Yes,Grievous Injury,Hit and Run,Uncontrolled,Not Applicable,City or Town Road,Bitumen(Tar),Dry,Not Applicable,Fine,13TH MAIN ROAD SHRINAGAR,ELECTRIC POLE,30,12.942097,77.553866
Bengaluru City,Basavanagudi Traffic PS,1.04432e+16,2018,1,3,Road Accidents,Junction,City/Town,Near office complex,Human Error,Not Applicable,Grievous Injury,Others,Uncontrolled,Others,City or Town Road,Bitumen(Tar),Dry,Not Applicable,Fine,"50 feet road, 10 th main road junction",NICT Computer Education,55 ft,12.941553,77.55783
Bengaluru City,Basavanagudi Traffic PS,1.04432e+16,2018,1,1,Road Accidents,Cross roads,City/Town,Near Hospital,Human Error,Yes,Fatal,Hit and Run,Uncontrolled,Straight and flat,City or Town Road,Bitumen(Tar),Dry,Not Applicable,Fine,"Opp Meenakshi ENT Hospital, Patalamma Street, Basavangudi",Meenakshi ENT Hospital,2 5ft,12.938382,77.578814
Bengaluru City,Basavanagudi Traffic PS,1.04432e+16,2018,1,2,Road Accidents,Junction,City/Town,Residential area,Human Error,Yes,Simple Injury,Hit and Run,Uncontrolled,Others,City or Town Road,Bitumen(Tar),Dry,Not Applicable,Fine,"12th Main Road,7th cross Raghavendra Block road",Sri Lalitha Residential House,30ft,12.946225,77.550455
Bengaluru City,Basavanagudi Traffic PS,1.04432e+16,2018,1,1,Road Accidents,Narrow road,City/Town,Residential area,Human Error,No,Simple Injury,Hit pedestrian,Uncontrolled,Straight and flat,City or Town Road,Bitumen(Tar),Dry,Not Applicable,Fine,"Near Kalidasa circle, Srinagr",Flag Pole,20ft,12.948353,77.552511
Bengaluru City,Basavanagudi Traffic PS,1.04432e+16,2018,1,2,Road Accidents,Narrow road,City/Town,Residential area,Human Error,No,Damage Only,Rear end,Not at  Junction,Incline,Others,Bitumen(Tar),Dry,Not Applicable,Clear,Hanumantha nagara 3rd main,Raghava apts,25 Ft,0.0,0.0
Bengaluru City,Basavanagudi Traffic PS,1.04432e+16,2018,1,2,Road Accidents,Junction,City/Town,Residential area,Human Error,No,Grievous Injury,Others,Uncontrolled,Incline,Others,Bitumen(Tar),Dry,Not Applicable,Fine,8th main 4th cross H Nagara,Sri Ranganatha krupa,40 ft,12.938323,77.561535
Bengaluru City,Basavanagudi Traffic PS,1.04432e+16,2018,1,2,Road Accidents,Junction,City/Town,Residential area,Human Error,No,Grievous Injury,Others,Uncontrolled,Straight and flat,Two way,Bitumen(Tar),Dry,Not Applicable,Fine,Ashoka nagar post office road & 3rd cross Ashoka nagar junction,House no 22,20ft,12.938454,77.564529
Bengaluru City,Basavanagudi Traffic PS,1.04432e+16,2018,1,2,Road Accidents,Narrow road,City/Town,Residential area,Human Error,No,Damage Only,Others,Uncontrolled,Straight and flat,Two way,Bitumen(Tar),Dry,Not Applicable,Fine,"House no.569, 2nd Main road, Hanumanthanagar, BSK 1st Stage",House No 568,10ft,12.937548,77.547539
Bengaluru City,Basavanagudi Traffic PS,1.04432e+16,2018,1,1,Road Accidents,Narrow road,City/Town,Near office complex,Human Error,Yes,Simple Injury,Hit pedestrian,Not at  Junction,Incline,Others,Bitumen(Tar),Dry,Not Applicable,Fine,M N K Rao road,Grand hotel,45 ft,12.944706,77.577691
Bengaluru City,Basavanagudi Traffic PS,1.04432e+16,2018,1,2,Road Accidents,Narrow road,City/Town,In bazaar,Human Error,No,Grievous Injury,Rear end,Not Applicable,Incline,Others,Bitumen(Tar),Dry,Not Applicable,Fine,S C Road Basavanagudi,Guru Raghavendra bank,30 ft,12.939329,77.571617
Bengaluru City,Basavanagudi Traffic PS,1.04432e+16,2018,1,2,Road Accidents,Circle,City/Town,Near a religious place,Human Error,Yes,Grievous Injury,Hit and Run,Uncontrolled,Others,City or Town Road,Bitumen(Tar),Dry,Not Applicable,Fine,"Near Ganesha Temple, Nettakallappa circle",Ever Save Lighting Selution,40 ft,12.940037,77.572925
Bengaluru City,Basavanagudi Traffic PS,1.04432e+16,2018,1,2,Road Accidents,Cross roads,City/Town,Near office complex,Human Error,Yes,Grievous Injury,Hit and Run,Uncontrolled,Others,City or Town Road,Bitumen(Tar),Dry,Not Applicable,Fine,"Nettakallappa Circle, Near Syndivate Bank, N.R colony",Sagar Farma,15 ft,12.94051,77.573023
Bengaluru City,Basavanagudi Traffic PS,1.04432e+16,2018,1,2,Road Accidents,Junction,City/Town,Near office complex,Human Error,Not Applicable,Grievous Injury,Others,Uncontrolled,Others,City or Town Road,Bitumen(Tar),Dry,Not Applicable,Fine,"Prasad Ice cream Parlar Juncation, 5th Main, Hanumanthanagar",Prasad Ice cream Parlar,30ft,12.943868,77.562535
Bengaluru City,Basavanagudi Traffic PS,1.04432e+16,2018,1,1,Road Accidents,Narrow road,City/Town,Residential area,Human Error,Yes,Grievous Injury,Hit and Run,Uncontrolled,Straight and flat,Two way,Bitumen(Tar),Dry,Not Applicable,Fine,"OPP HOUSE NO.47, 2ND MAIN ROAD, HANUMANTHANAGAR",HOUSE NO 48,20FT,12.942547,77.562576
Bengaluru City,Basavanagudi Traffic PS,1.04432e+16,2018,1,2,Road Accidents,Junction,City/Town,Residential area,Human Error,Not Applicable,Simple Injury,Others,Uncontrolled,Others,Residential Street,Bitumen(Tar),Dry,Not Applicable,Fine,"BrigedManshan, Govindappa Road",Bharth Dental Surjan,15ft,12.946579,77.575258
Bengaluru City,Basavanagudi Traffic PS,1.04432e+16,2018,1,1,Road Accidents,Other,City/Town,Near Bus stop,Human Error,Yes,Grievous Injury,Hit and Run,Not at  Junction,Incline,Others,Bitumen(Tar),Dry,Not Applicable,Fine,Ramanjaneya Guddada road,S J Dental,15 ft,12.952474,77.543627
Bengaluru City,Basavanagudi Traffic PS,1.04432e+16,2018,1,2,Road Accidents,Junction,City/Town,Near School or College,Human Error,No,Grievous Injury,Others,Controlled,Others,City or Town Road,Bitumen(Tar),Dry,Not Applicable,Fine,"R V TEACHERS COLLEGE JUNCTION, R.V ROAD",LALBHAG COMPOUND,40FT,12.943652,77.580099
Bengaluru City,Basavanagudi Traffic PS,1.04432e+16,2018,1,2,Road Accidents,Narrow road,City/Town,Near Hospital,Human Error,No,Damage Only,Right Turn Collision,No signal lights,Not Applicable,Two way,Bitumen(Tar),Dry,Not Applicable,Not Applicable,Shyamarajaiyangar road,Site no 20,25,12.946032,77.566612
Bengaluru City,Basavanagudi Traffic PS,1.04432e+16,2018,1,1,Road Accidents,Other,City/Town,Near office complex,Human Error,Yes,Fatal,Hit and Run,Uncontrolled,Curve and Incline,One way,Bitumen(Tar),Dry,Not Applicable,Fine,"Near sai Enter prices, Mount joy road, Hanumanthanagar",Srinivasa Enter prices,10ft,12.9435647,77.565783
Bengaluru City,Basavanagudi Traffic PS,1.04432e+16,2018,1,1,Road Accidents,Junction,City/Town,Near office complex,Human Error,No,Fatal,Hit pedestrian,Controlled,Straight and flat,City or Town Road,Bitumen(Tar),Dry,Not Applicable,Fine,"Sheshamahal Junction, Kanakapura Road & Vanivilasa Road Junction",P 114 metro Piller,15ft,12.948346,77.576719
Bengaluru City,Basavanagudi Traffic PS,1.04432e+16,2018,1,2,Road Accidents,Narrow road,City/Town,Narrow bridge or culverts,Human Error,No,Damage Only,Rear end,Not at  Junction,Incline,Others,Bitumen(Tar),Dry,Not Applicable,Fine,Kariyappa Raod,Near Hotel Hut,55 FT,0.0,0.0
Bengaluru City,Basavanagudi Traffic PS,1.04432e+16,2018,1,2,Road Accidents,Junction,City/Town,Residential area,Human Error,Not Applicable,Simple Injury,Others,Uncontrolled,Others,Residential Street,Bitumen(Tar),Dry,Not Applicable,Fine,"8th main & 5th cross, Hanumanthanagar",house no 654 97 2,10 ft,12.939631,77.542974
Bengaluru City,Basavanagudi Traffic PS,1.04432e+16,2018,1,2,Road Accidents,Junction,City/Town,Near Petrol Pump,Human Error,No,Simple Injury,Head on,Uncontrolled,Curve,City or Town Road,Bitumen(Tar),Dry,Not Applicable,Fine,"Opp Bombay House, Kanakapura Road",High Mask Electric Pole,25ft,12.943658,77.576917
Bengaluru City,Basavanagudi Traffic PS,1.04432e+16,2018,1,1,Road Accidents,Narrow road,City/Town,Near School or College,Human Error,No,Grievous Injury,Hit pedestrian,Not at  Junction,Incline,Others,Bitumen(Tar),Dry,Not Applicable,Clear,South end road,Near DCP South office,60 ft,12.936703,77.579137
Bengaluru City,Basavanagudi Traffic PS,1.04432e+16,2018,1,2,Road Accidents,Narrow road,City/Town,Near Petrol Pump,Human Error,No,Damage Only,Hit parked vehicle,Not at  Junction,Incline,Others,Bitumen(Tar),Dry,Not Applicable,Fine,Bull temple road,Near Indian oil Petrol bunk,40 ft,12.948744,77.56681
Bengaluru City,Basavanagudi Traffic PS,1.04432e+16,2018,1,1,Road Accidents,Narrow road,City/Town,Open area,Human Error,Yes,Grievous Injury,Hit pedestrian,Not at  Junction,Incline,Others,Bitumen(Tar),Dry,Not Applicable,Fine,Palekamma Temple road,Palekamma temple,5 ft,12.948099,77.562987
Bengaluru City,Basavanagudi Traffic PS,1.04432e+16,2018,1,1,Road Accidents,Narrow road,City/Town,Residential area,Human Error,Yes,Simple Injury,Hit and Run,Uncontrolled,Others,Residential Street,Bitumen(Tar),Dry,Not Applicable,Fine,"Opp No.199, 3rd cross, R.K Mata, Gavipuram",No 93 residencial House,15ft,12.949418,77.563868
Bengaluru City,Basavanagudi Traffic PS,1.04432e+16,2018,1,2,Road Accidents,Narrow road,City/Town,In bazaar,Human Error,No,Grievous Injury,Head on,Not Applicable,Incline,Others,Bitumen(Tar),Dry,Not Applicable,Fine,DVG Road,Venkateshwara textails,40 ft,12.93905,77.57151588
Bengaluru City,Basavanagudi Traffic PS,1.04432e+16,2018,1,2,Road Accidents,Cross roads,City/Town,Near Bus stop,Human Error,Yes,Grievous Injury,Hit and Run,Uncontrolled,Straight and flat,One way,Bitumen(Tar),Dry,Not Applicable,Fine,"4th cross, Hanumanthanagar Near satish stores",Ranjitha selection Shop,25ft,12.945032,77.571077
Bengaluru City,Basavanagudi Traffic PS,1.04432e+16,2018,1,2,Road Accidents,Junction,City/Town,Residential area,Human Error,No,Grievous Injury,Others,Uncontrolled,Others,Residential Street,Bitumen(Tar),Dry,Not Applicable,Fine,Pipe Line Srinagar 11th main and Kalappa block,No188 32 Residential House,25ft,12.948728,77.554189
Bengaluru City,Basavanagudi Traffic PS,1.04432e+16,2018,1,1,Road Accidents,Junction,City/Town,Near office complex,Human Error,Yes,Simple Injury,Hit and Run,Uncontrolled,Straight and flat,City or Town Road,Bitumen(Tar),Dry,Not Applicable,Fine,"K R Road & H P Samaja Road, Basavanagudi",Sarathi Jio tech & Enginiering services,35 ft,12.946609,77.573658
Bengaluru City,Basavanagudi Traffic PS,1.04432e+16,2018,1,2,Road Accidents,Junction,City/Town,Near School or College,Human Error,No,Grievous Injury,Others,Signal lights Manual,Incline,Others,Bitumen(Tar),Dry,Not Applicable,Clear,R V Road,R V Teachers college junction,60 ft,12.943651,77.579971
Bengaluru City,Basavanagudi Traffic PS,1.04432e+16,2018,1,1,Road Accidents,Narrow road,City/Town,Near Hospital,Human Error,No,Damage Only,Hit fixed object,Not Applicable,Incline,Others,Bitumen(Tar),Dry,Not Applicable,Fine,S C Road,Matrinity hospital,50 ft,12.936148,77.568452
Bengaluru City,Basavanagudi Traffic PS,1.04432e+16,2018,1,2,Road Accidents,Narrow road,City/Town,Residential area,Human Error,Not Applicable,Damage Only,Rear end,Uncontrolled,Straight and flat,Two way,Bitumen(Tar),Dry,Not Applicable,Fine,"MNK Rao Road, Basavanagudu",House No 12,35ft,12.945994,77.57857
Bengaluru City,Basavanagudi Traffic PS,1.04432e+16,2018,1,2,Road Accidents,Narrow road,City/Town,Near a recreation place/cinema,Human Error,Not Applicable,Grievous Injury,Others,Uncontrolled,Others,City or Town Road,Bitumen(Tar),Dry,Not Applicable,Fine,Near Basavagudi Restaurants,Basavanagudi Restaurants,40ft,12.940171,77.566669
Bengaluru City,Basavanagudi Traffic PS,1.04432e+16,2018,1,2,Road Accidents,Junction,City/Town,Near office complex,Human Error,No,Simple Injury,Others,Uncontrolled,Straight and flat,Two way,Bitumen(Tar),Dry,Not Applicable,Fine,"10th Main Road, Hanumanthanagar & 5th Cross, BSK 1St Stage",SriGuruRagavendra Condiments,38ft,12.939435,77.557543
Bengaluru City,Basavanagudi Traffic PS,1.04432e+16,2018,1,2,Road Accidents,Narrow road,City/Town,Near School or College,Human Error,Not Applicable,Simple Injury,Head on,Uncontrolled,Straight and flat,Two way,Bitumen(Tar),Dry,Not Applicable,Fine,"22nd Main road, Hanumantha nagar Opp PES College",Elecric Pole,30 fee,12.941537,77.553636
Bengaluru City,Basavanagudi Traffic PS,1.04432e+16,2018,1,1,Road Accidents,Junction,City/Town,Near office complex,Human Error,No,Simple Injury,Hit pedestrian,Uncontrolled,Incline,City or Town Road,Bitumen(Tar),Dry,Not Applicable,Fine,"50ft road & 8th main road, Hanumanthanagar",KSRTC Booking center compount,18ft,12.941696,77.55792
Bengaluru City,Basavanagudi Traffic PS,1.04432e+16,2018,1,2,Road Accidents,Junction,City/Town,Residential area,Human Error,No,Grievous Injury,Side swipe,Uncontrolled,Straight and flat,City or Town Road,Bitumen(Tar),Dry,Not Applicable,Fine,13th Mainroad & 2nd cross junction Banasankari 1st stage,electric pole,20,12.94073,77.554551
Bengaluru City,Basavanagudi Traffic PS,1.04432e+16,2018,1,2,Road Accidents,T Junction,City/Town,Near a religious place,Human Error,Not Applicable,Grievous Injury,Others,Uncontrolled,Not Applicable,City or Town Road,Bitumen(Tar),Dry,Not Applicable,Fine,"Hayavadana rao road,",Ramakrishna Ashrama,100 ft,0.0,0.0
Bengaluru City,Basavanagudi Traffic PS,1.04432e+16,2018,1,2,Road Accidents,Junction,City/Town,Residential area,Human Error,Yes,Grievous Injury,Hit and Run,Uncontrolled,Others,Residential Street,Bitumen(Tar),Dry,Not Applicable,Fine,"15th mainroad, 2nd cross, Hanumanthanagar",No 18110  Pragnakunja house,18ft,12.94094,77.556017
Bengaluru City,Basavanagudi Traffic PS,1.04432e+16,2018,1,2,Road Accidents,Circle,City/Town,Near Hospital,Human Error,Not Applicable,Grievous Injury,Others,Uncontrolled,Others,City or Town Road,Bitumen(Tar),Dry,Not Applicable,Fine,"ARMUGAM CIRCLE, DIVAN MADHAVA RAO ROAD",GUNASHEELA HOSPITAL,0.5 KM,12.940648,77.576899
Bengaluru City,Basavanagudi Traffic PS,1.04432e+16,2018,1,2,Road Accidents,Junction,City/Town,Near office complex,Human Error,Yes,Simple Injury,Hit and Run,Uncontrolled,Others,City or Town Road,Bitumen(Tar),Dry,Not Applicable,Fine,"Kattebalaga Junction, Tyagarajanagar",Nagesh Enter prises,14ft,12.937877,77.568358
Bengaluru City,Basavanagudi Traffic PS,1.04432e+16,2018,1,1,Road Accidents,Other,City/Town,Near Bus stop,Human Error,Yes,Grievous Injury,Hit and Run,Uncontrolled,Others,City or Town Road,Concrete,Dry,Not Applicable,Fine,"36 F kalidasa layout bus stop Primiese, Kalidasa layout, Srinagar",Shambhulingeshwara swamy cycle mart,100 ft,12.948571,77.552851
Bengaluru City,Basavanagudi Traffic PS,1.04432e+16,2018,1,1,Road Accidents,Narrow road,City/Town,Near office complex,Human Error,No,Grievous Injury,Hit pedestrian,Uncontrolled,Others,City or Town Road,Bitumen(Tar),Dry,Not Applicable,Fine,"Opp Hot Coffee, Vanivilasa Road",Nanda Arcade,18 ft,12.948054,77.56976
Bengaluru City,Basavanagudi Traffic PS,1.04432e+16,2018,1,2,Road Accidents,Cross roads,City/Town,Residential area,Human Error,No,Damage Only,Others,Uncontrolled,Curve and Incline,City or Town Road,Bitumen(Tar),Dry,Not Applicable,Fine,"5TH MAIN & 3RD CROSS, N R COLONY BULL TEMPLE ROAD JUNCTION",ELECTRIC POL,5FT,12.939347,77.566669
Bengaluru City,Basavanagudi Traffic PS,1.04432e+16,2019,1,2,Road Accidents,Narrow road,City/Town,Residential area,Human Error,Yes,Grievous Injury,Vehicle to Vehicle,Uncontrolled,Straight and flat,One way,Bitumen(Tar),Dry,Not Applicable,Fine,1st Mainroad Mount joyroad,Sevanikhethana Building,5ft,12.939875,77.564334
Bengaluru City,Basavanagudi Traffic PS,1.04432e+16,2019,1,2,Road Accidents,Junction,City/Town,Near a religious place,Human Error,Yes,Grievous Injury,Hit and Run,Signal lights Automatic,Straight and flat,City or Town Road,Bitumen(Tar),Dry,Not Applicable,Fine,VidyaPeetha Circle Hanumanthanagara,Lakshmi Marketing Company,65ft,12.935205,77.56075
Bengaluru City,Basavanagudi Traffic PS,1.04432e+16,2019,1,2,Road Accidents,Junction,City/Town,Near Bus stop,Human Error,No,Grievous Injury,Rear end,Signal lights Automatic,Straight and flat,City or Town Road,Bitumen(Tar),Dry,Not Applicable,Fine,Vanivilasa Shankara Math Junction,Trends Fabrics And mens Wear,70ft,12.948205,77.570116
Bengaluru City,Basavanagudi Traffic PS,1.04432e+16,2019,1,2,Road Accidents,Junction,City/Town,Residential area,Human Error,No,Grievous Injury,Side impact or Right angle,Uncontrolled,Straight and flat,City or Town Road,Bitumen(Tar),Dry,Not Applicable,Fine,Riservoir Street & K.R.Road Junction,Parijatha House No 49 1,30ft,12.939031,77.573868
Bengaluru City,Basavanagudi Traffic PS,1.04432e+16,2019,1,2,Road Accidents,Narrow road,City/Town,Near Petrol Pump,Human Error,No,Grievous Injury,Vehicle to Vehicle,Not Applicable,Straight and flat,Two way,Bitumen(Tar),Dry,Not Applicable,Fine,B.P.Wadia Road Opp Indian Institute of world culture Building,Indian Institute of world culture Building,15ft,12.948259,77.573686
Bengaluru City,Basavanagudi Traffic PS,1.04432e+16,2019,1,1,Road Accidents,Narrow road,City/Town,Near School or College,Human Error,Yes,Grievous Injury,Not Applicable,Not at  Junction,Straight and flat,Two way,Bitumen(Tar),Dry,Not Applicable,Fine,R.V.Road Near BHS Purna Prjna School,Metropiller No P77,44ft,12.94056,77.580116
Bengaluru City,Basavanagudi Traffic PS,1.04432e+16,2019,1,2,Road Accidents,Junction,City/Town,Near Hospital,Human Error,Yes,Grievous Injury,Vehicle to Vehicle,Not Applicable,Straight and flat,Residential Street,Bitumen(Tar),Dry,Not Applicable,Fine,H B samaja road towards RV road,Residencila hous no Omkar,45,0.0,0.0
Bengaluru City,Basavanagudi Traffic PS,1.04432e+16,2019,1,3,Road Accidents,Narrow road,City/Town,Residential area,Human Error,Yes,Grievous Injury,Vehicle to Vehicle,Not Applicable,Straight and flat,Residential Street,Bitumen(Tar),Dry,Not Applicable,Clear,50 FEET ROAD,50 FEET ROAD,2 K.M,0.0,0.0
Bengaluru City,Basavanagudi Traffic PS,1.04432e+16,2019,1,2,Road Accidents,Narrow road,City/Town,Near Bus stop,Human Error,No,Grievous Injury,Vehicle to Vehicle,Not at  Junction,Straight and flat,One way,Bitumen(Tar),Dry,Not Applicable,Fine,Vanivilasa road Near Maharastra Bank,House Of Thimmegowda Dasappa Compound,65ft,12.948231,77.571347
Bengaluru City,Basavanagudi Traffic PS,1.04432e+16,2019,1,1,Road Accidents,Junction,City/Town,At pedestrian Crossing,Human Error,Not Applicable,Grievous Injury,Hit pedestrian,Signal lights Automatic,Straight and flat,Others,Bitumen(Tar),Dry,Not Applicable,Fine,National college traffic singnal junction KR road,Tree,100,0.0,0.0
Bengaluru City,Basavanagudi Traffic PS,1.04432e+16,2019,1,1,Road Accidents,Narrow road,City/Town,In bazaar,Human Error,No,Simple Injury,Hit pedestrian,Not Applicable,Straight and flat,Two way,Bitumen(Tar),Dry,Not Applicable,Others,Gandhi Bazar Main road,Market,0.5,0.0,0.0
Bengaluru City,Basavanagudi Traffic PS,1.04432e+16,2019,1,1,Road Accidents,Junction,City/Town,Near Petrol Pump,Human Error,No,Grievous Injury,Hit pedestrian,Uncontrolled,Straight and flat,City or Town Road,Concrete,Dry,Not Applicable,Fine,Kanakana Palya road & church Street Junction,Sycon Apartment,10ft,12.943582,77.577775
Bengaluru City,Basavanagudi Traffic PS,1.04432e+16,2019,1,1,Road Accidents,Narrow road,City/Town,Near Bus stop,Human Error,Yes,Grievous Injury,Hit pedestrian,Not at  Junction,Straight and flat,Two way,Bitumen(Tar),Dry,Not Applicable,Fine,80' Feet Road Srinivasanagara,Kundan Electronic,85ft,0.0,0.0
Bengaluru City,Basavanagudi Traffic PS,1.04432e+16,2019,1,2,Road Accidents,Junction,City/Town,Near School or College,Human Error,Yes,Grievous Injury,Vehicle to Vehicle,Not Applicable,Straight and flat,Two way,Concrete,Dry,Not Applicable,Fine,KARIYAPPA ROAD AND OLD VETERNARY ROAD,D Residencial house,25,12.939689,77.57538
Bengaluru City,Basavanagudi Traffic PS,1.04432e+16,2019,1,2,Road Accidents,Junction,City/Town,Residential area,Human Error,No,Grievous Injury,Vehicle to Vehicle,Not Applicable,Not Applicable,Others,Bitumen(Tar),Dry,Not Applicable,Fine,8th main - 10th cross Ashok nagar junction,Residencial house no 1172,20,12.936037,77.561494
Bengaluru City,Basavanagudi Traffic PS,1.04432e+16,2019,1,1,Road Accidents,Junction,City/Town,At pedestrian Crossing,Human Error,Yes,Grievous Injury,Hit pedestrian,Signal lights Automatic,Straight and flat,Others,Bitumen(Tar),Dry,Not Applicable,Fine,yadiyuru singnal junction towards bharthi nagrsing home,Riliance Fresh Shop,20,0.0,0.0
Bengaluru City,Basavanagudi Traffic PS,1.04432e+16,2019,1,1,Road Accidents,Junction,City/Town,Near Bus stop,Human Error,No,Grievous Injury,Not Applicable,Uncontrolled,Straight and flat,Two way,Bitumen(Tar),Dry,Not Applicable,Clear,3rd Main road Hanumantha nagar-Hariharagudda road,Gowri Dental clinic,30ft,0.0,0.0
Bengaluru City,Basavanagudi Traffic PS,1.04432e+16,2019,1,2,Road Accidents,Junction,City/Town,Near office complex,Human Error,Yes,Grievous Injury,Vehicle to Vehicle,Uncontrolled,Straight and flat,Two way,Bitumen(Tar),Dry,Not Applicable,Fine,80' Feet Road Srinivasanagara,Compit Showroom,40ft,12.938527,77.553888
Bengaluru City,Basavanagudi Traffic PS,1.04432e+16,2019,1,1,Road Accidents,Narrow road,City/Town,Near School or College,Human Error,No,Grievous Injury,Skidding or Self accident,Uncontrolled,Not Applicable,City or Town Road,Bitumen(Tar),Dry,Not Applicable,Fine,Vanivilasa road Near Maharastra Bank,Maharastra Bank,25ft,12.948341,77.57154
Bengaluru City,Basavanagudi Traffic PS,1.04432e+16,2019,1,1,Road Accidents,Narrow road,City/Town,Near Hospital,Human Error,No,Grievous Injury,Hit pedestrian,Not at  Junction,Straight and flat,Others,Bitumen(Tar),Dry,Not Applicable,Fine,Hanumantha nagar 50ft road,Ganapati Clinic,10feet,12.941649,77.557687
Bengaluru City,Basavanagudi Traffic PS,1.04432e+16,2019,1,3,Road Accidents,Junction,City/Town,Near Hospital,Human Error,Yes,Grievous Injury,Vehicle to Vehicle,Uncontrolled,Straight and flat,Two way,Bitumen(Tar),Dry,Not Applicable,Clear,Old kanakapura road - Patalamma road,Divider,30ft,0.0,0.0
Bengaluru City,Basavanagudi Traffic PS,1.04432e+16,2019,1,1,Road Accidents,Junction,City/Town,Residential area,Human Error,No,Grievous Injury,Skidding or Self accident,Uncontrolled,Straight and flat,City or Town Road,Bitumen(Tar),Dry,Not Applicable,Fine,"4th cross, 3rd Mainroad, Ganesh Bhavana Junction",Kotak Mahindra Bank Atm,35ft,12.943578,77.564261
Bengaluru City,Basavanagudi Traffic PS,1.04432e+16,2019,1,2,Road Accidents,Narrow road,City/Town,Near a religious place,Human Error,No,Grievous Injury,Vehicle to Vehicle,Not at  Junction,Straight and flat,Two way,Bitumen(Tar),Dry,Not Applicable,Fine,"Bulltemple Road, Near Sub Way Food Delivery",Sub Way Home Delivery,12ft,12.945159,77.568041