DISTRICTNAME,UNITNAME,Crime_No,Year,RI,Noofvehicle_involved,Accident_Classification,Accident_Spot,Accident_Location,Accident_SubLocation,Main_Cause,Hit_Run,Severity,Collision_Type,Junction_Control,Road_Character,Road_Type,Surface_Type,Surface_Condition,Road_Condition,Weather,Accident_Road,Landmark_first,Distance_LandMark_First,Latitude,Longitude
Bengaluru City,Basavanagudi Traffic PS,1.04432e+16,2019,1,2,Road Accidents,Junction,City/Town,Near Hospital,Human Error,Yes,Grievous Injury,Vehicle to Vehicle,Uncontrolled,Straight and flat,Two way,Bitumen(Tar),Dry,Not Applicable,Fine,Subramachetty Road & Sannidi Road Junction,Govt Veternary Hospital,50 ft,12.938188,77.569981
Bengaluru City,Basavanagudi Traffic PS,1.04432e+16,2019,1,2,Road Accidents,Junction,City/Town,Near Bus stop,Human Error,Yes,Grievous Injury,Vehicle to Vehicle,No signal lights,Straight and flat,Others,Bitumen(Tar),Dry,Not Applicable,Clear,2ND MODEL HOUSE STREET JUNCTION,2ND MODEL HOUSE STREET JUNCTION,1 K.M,0.0,0.0
Bengaluru City,Basavanagudi Traffic PS,1.04432e+16,2019,1,2,Road Accidents,Junction,City/Town,Near Petrol Pump,Human Error,No,Grievous Injury,Rear end,Signal lights Automatic,Straight and flat,City or Town Road,Bitumen(Tar),Dry,Not Applicable,Fine,MNK Rao Road Near Lalbaghwestgate Junction,Cauvery Petrole Bunk,50ft,12.948268,77.579915
Bengaluru City,Basavanagudi Traffic PS,1.04432e+16,2019,1,1,Road Accidents,Junction,City/Town,Near Hospital,Human Error,No,Grievous Injury,Hit pedestrian,Uncontrolled,Straight and flat,Two way,Bitumen(Tar),Dry,Not Applicable,Fine,Patalamma Road Junction,Meenakshi Ent Hospital,45ft,12.93804,77.578941
Bengaluru City,Basavanagudi Traffic PS,1.04432e+16,2019,1,2,Road Accidents,Junction,City/Town,Residential area,Human Error,No,Grievous Injury,Vehicle to Vehicle,Uncontrolled,Straight and flat,Residential Street,Bitumen(Tar),Dry,Not Applicable,Others,9th Main road - 5th cross Junction Hanumantha nagar,Navya shri fancy store,10ft,0.0,0.0
Bengaluru City,Basavanagudi Traffic PS,1.04432e+16,2019,1,2,Road Accidents,Junction,City/Town,Near Hospital,Human Error,Yes,Grievous Injury,Vehicle to Vehicle,Signal lights Automatic,Straight and flat,Two way,Bitumen(Tar),Dry,Not Applicable,Fine,Bharathi Nursing Home Junction,Bharathi Nursing Home,50ft,12.936878,77.573846
Bengaluru City,Basavanagudi Traffic PS,1.04432e+16,2019,1,1,Road Accidents,Narrow road,City/Town,Residential area,Human Error,Yes,Grievous Injury,Vehicle to Vehicle,Not Applicable,Straight and flat,Others,Bitumen(Tar),Dry,Not Applicable,Fine,4th Main road - 2nd cross Hanumantha nagar,Residencila houseno 24,15,12.947802,77.562623
Bengaluru City,Basavanagudi Traffic PS,1.04432e+16,2019,1,1,Road Accidents,Junction,City/Town,Near School or College,Human Error,Yes,Grievous Injury,Hit pedestrian,Uncontrolled,Straight and flat,Others,Bitumen(Tar),Dry,Not Applicable,Fine,Vanivilasa National College Fly Over & DVG Road Junction,Jyothi Prakash Store,25ft,12.948192,77.57156
Bengaluru City,Basavanagudi Traffic PS,1.04432e+16,2019,1,2,Road Accidents,Junction,City/Town,Residential area,Human Error,No,Grievous Injury,Vehicle to Vehicle,Uncontrolled,Straight and flat,Residential Street,Bitumen(Tar),Dry,Not Applicable,Fine,Subramachetty Road& 4th Mainroad Junction NR Colony,Parimalstore,15ft,0.0,0.0
Bengaluru City,Basavanagudi Traffic PS,1.04432e+16,2019,1,2,Road Accidents,Junction,City/Town,Residential area,Human Error,No,Fatal,Vehicle to Vehicle,Uncontrolled,Straight and flat,Residential Street,Bitumen(Tar),Dry,Not Applicable,Clear,3rd Street Model House,Residential House No 46,25ft,0.0,0.0
Bengaluru City,Basavanagudi Traffic PS,1.04432e+16,2019,1,2,Road Accidents,Narrow road,City/Town,Near School or College,Human Error,Yes,Simple Injury,Vehicle to Vehicle,Not at  Junction,Straight and flat,Two way,Bitumen(Tar),Dry,Not Applicable,Fine,"Fifty Feet Road Hanumanthanagara,Near Pes College",PES College,30ft,12.941776,77.553652
Bengaluru City,Basavanagudi Traffic PS,1.04432e+16,2019,1,1,Road Accidents,Cross roads,City/Town,Near Bus stop,Human Error,Yes,Fatal,Hit pedestrian,Uncontrolled,Straight and flat,One way,Bitumen(Tar),Dry,Not Applicable,Clear,4th Cross-3rd Main road Hanumantha nagar,Medical Shop,20ft,0.0,0.0
Bengaluru City,Basavanagudi Traffic PS,1.04432e+16,2019,1,1,Road Accidents,Narrow road,City/Town,Near a religious place,Human Error,Yes,Fatal,Hit pedestrian,Uncontrolled,Straight and flat,Two way,Bitumen(Tar),Dry,Not Applicable,Fine,"K.R.Road Near Jain Temple, Basavanagudi",Jain Temple,65ft,12.946568,77.573675
Bengaluru City,Basavanagudi Traffic PS,1.04432e+16,2019,1,2,Road Accidents,Narrow road,City/Town,Residential area,Human Error,Yes,Fatal,Vehicle to Vehicle,Not Applicable,Straight and flat,Two way,Bitumen(Tar),Dry,Not Applicable,Fine,Fifty Feet Road Hanumanthanagara,GuruComplex,45ft,12.94199,77.552322
Bengaluru City,Basavanagudi Traffic PS,1.04432e+16,2019,1,2,Road Accidents,Cross roads,City/Town,Residential area,Human Error,Yes,Grievous Injury,Vehicle to Vehicle,Not at  Junction,Curve,Residential Street,Bitumen(Tar),Dry,Not Applicable,Clear,"7TH CROSS B.S.K 1ST STAGE, 2ND BLOCK",7TH CROSS BSK 1ST STAGE,2 K.M,0.0,0.0
Bengaluru City,Basavanagudi Traffic PS,1.04432e+16,2019,1,2,Road Accidents,Bridge,City/Town,Near School or College,Human Error,No,Grievous Injury,Overturning,Uncontrolled,Not Applicable,City or Town Road,Bitumen(Tar),Dry,Not Applicable,Fine,Vanivilasa Service Road,Vasavi Vidya Nikhethana School,20ft,12.948403,77.575878
Bengaluru City,Basavanagudi Traffic PS,1.04432e+16,2019,1,1,Road Accidents,T Junction,City/Town,At pedestrian Crossing,Human Error,Yes,Simple Injury,Hit and Run,Uncontrolled,Straight and flat,City or Town Road,Bitumen(Tar),Dry,Not Applicable,Fine,Gandhibajar road And East Anjaneya Temple road junction,Bergerking Restaurant,15ft,12.947288,77.568643
Bengaluru City,Basavanagudi Traffic PS,1.04432e+16,2019,1,2,Road Accidents,Narrow road,City/Town,Near Petrol Pump,Human Error,No,Damage Only,Vehicle to Vehicle,Not at  Junction,Straight and flat,One way,Bitumen(Tar),Dry,Not Applicable,Fine,50' Feet Road Hanumanthanagara,Creative Diesel Service,12ft,12.941695,77.564568
Bengaluru City,Basavanagudi Traffic PS,1.04432e+16,2019,1,1,Road Accidents,Junction,City/Town,Residential area,Human Error,Yes,Grievous Injury,Hit pedestrian,Not Applicable,Straight and flat,Residential Street,Bitumen(Tar),Dry,Not Applicable,Fine,2nd Main road - 3rd cross Hanumantha nagar,Electrical pole,10,0.0,0.0
Bengaluru City,Basavanagudi Traffic PS,1.04432e+16,2019,1,2,Road Accidents,Round about or Circle,City/Town,Near Petrol Pump,Human Error,No,Simple Injury,Others,No signal lights,Straight and flat,City or Town Road,Concrete,Dry,Not Applicable,Fine,Home School Junction,Wind Shield World Shop,20ft,12.944125,77.57763
Bengaluru City,Basavanagudi Traffic PS,1.04432e+16,2019,1,2,Road Accidents,Junction,City/Town,Near School or College,Human Error,No,Damage Only,Others,No signal lights,Straight and flat,City or Town Road,Bitumen(Tar),Dry,Not Applicable,Fine,5th Mainroad and 3rd Cross N.R.colony Junction,Apex Tutorial,18ft,12.939344,77.566649
Bengaluru City,Basavanagudi Traffic PS,1.04432e+16,2019,1,2,Road Accidents,Narrow road,City/Town,Residential area,Human Error,Yes,Grievous Injury,Vehicle to Vehicle,Not at  Junction,Straight and flat,Others,Bitumen(Tar),Dry,Not Applicable,Fine,Kariyappa road - Ratnavilasa road,Apartment No 9,3,12.938202,77.576767
Bengaluru City,Basavanagudi Traffic PS,1.04432e+16,2019,1,2,Road Accidents,Junction,City/Town,Near a recreation place/cinema,Human Error,Yes,Grievous Injury,Vehicle to Vehicle,Signal lights Automatic,Straight and flat,Two way,Bitumen(Tar),Dry,Not Applicable,Fine,Lalbagh West Gate Signal,Lal Bagh West Gate,100ft,12.948357,77.579959
Bengaluru City,Basavanagudi Traffic PS,1.04432e+16,2019,1,1,Road Accidents,Not Applicable,City/Town,Residential area,Human Error,Yes,Fatal,Hit pedestrian,Uncontrolled,Others,Others,Bitumen(Tar),Dry,Not Applicable,Fine,15th main road Hanumantha nagar - pipeline road,Residencila house Srinivasa nilaya,10,12.943432,77.558307
Bengaluru City,Basavanagudi Traffic PS,1.04432e+16,2019,1,2,Road Accidents,Junction,City/Town,Near Petrol Pump,Human Error,No,Simple Injury,Side impact or Right angle,Signal lights Automatic,Straight and flat,City or Town Road,Bitumen(Tar),Dry,Not Applicable,Fine,National College Junction,BWSSB Office,100ft,12.948259,77.573686
Bengaluru City,Basavanagudi Traffic PS,1.04432e+16,2019,1,2,Road Accidents,Junction,City/Town,Residential area,Human Error,Yes,Grievous Injury,Vehicle to Vehicle,Uncontrolled,Straight and flat,Residential Street,Bitumen(Tar),Dry,Not Applicable,Fine,2nd Main road & 3rdcross Junction Gavipuram extention,Aadharsha Dhama,17ft,12.946018,77.567497
Bengaluru City,Basavanagudi Traffic PS,1.04432e+16,2019,1,2,Road Accidents,Narrow road,City/Town,In bazaar,Human Error,No,Simple Injury,Vehicle to Vehicle,Not Applicable,Straight and flat,Two way,Bitumen(Tar),Dry,Not Applicable,Fine,"80ft Road Srinivasanagara, Near Batashow Room",Bata Show Room,75ft,12.938132,77.556869
Bengaluru City,Basavanagudi Traffic PS,1.04432e+16,2019,1,1,Road Accidents,Narrow road,City/Town,Residential area,Human Error,Yes,Grievous Injury,Hit pedestrian,Not Applicable,Straight and flat,Others,Bitumen(Tar),Dry,Not Applicable,Fine,14th main road Hanumantha nagar,Bharmha lingeshwara condiments,15,12.9451,77.558524
Bengaluru City,Basavanagudi Traffic PS,1.04432e+16,2019,1,2,Road Accidents,Junction,City/Town,Near School or College,Human Error,Yes,Grievous Injury,Vehicle to Vehicle,Uncontrolled,Slight Curve,Others,Bitumen(Tar),Dry,Not Applicable,Clear,80fr road - 9th main Ashok nagara near shankarnag circle,Tree,15ft,0.0,0.0
Bengaluru City,Basavanagudi Traffic PS,1.04432e+16,2019,1,2,Road Accidents,Junction,City/Town,Residential area,Human Error,Yes,Fatal,Vehicle to Vehicle,Uncontrolled,Straight and flat,Residential Street,Bitumen(Tar),Dry,Not Applicable,Fine,6th cross 9th main Junction Hanumanthanagara,No586 Residence,10ft,12.97711,77.49586
Bengaluru City,Basavanagudi Traffic PS,1.04432e+16,2019,1,2,Road Accidents,Narrow road,City/Town,Residential area,Human Error,No,Grievous Injury,Right Turn Collision,Not at  Junction,Others,City or Town Road,Bitumen(Tar),Dry,No influence on accident,Fine,3rd Mainroad Sriniasanagara,Sri KrishnaCondiments,25ft,12.935964,77.556995
Bengaluru City,Basavanagudi Traffic PS,1.04432e+16,2019,1,2,Road Accidents,Junction,City/Town,In bazaar,Human Error,No,Simple Injury,Side swipe,Uncontrolled,Straight and flat,City or Town Road,Bitumen(Tar),Dry,Not Applicable,Fine,DvgRoad And Govindappa Road junction,SLN Store,15ft,12.946546,77.571551
Bengaluru City,Basavanagudi Traffic PS,1.04432e+16,2019,1,2,Road Accidents,Junction,City/Town,Residential area,Human Error,No,Grievous Injury,Others,Uncontrolled,Straight and flat,City or Town Road,Bitumen(Tar),Dry,Not Applicable,Fine,8th Main road & 11th Cross Junction Hanumanthanagara,Doctor Chaithras Dental Clinic,10ft,12.936427,77.561261
Bengaluru City,Basavanagudi Traffic PS,1.04432e+16,2019,1,2,Road Accidents,Narrow road,City/Town,Residential area,Human Error,No,Grievous Injury,Vehicle to Vehicle,Not at  Junction,Straight and flat,Residential Street,Bitumen(Tar),Dry,Not Applicable,Fine,"Purna Chandra Thejasvi Road, K.G.Nagara",Rashtrotthan Blud Bank,20ft,12.948668,77.563706
Bengaluru City,Basavanagudi Traffic PS,1.04432e+16,2019,1,1,Road Accidents,Junction,City/Town,At pedestrian Crossing,Human Error,Yes,Grievous Injury,Hit pedestrian,Signal lights Automatic,Straight and flat,One way,Bitumen(Tar),Dry,Not Applicable,Fine,lalbhag west gate towards south end road,Toilet,30,0.0,0.0
Bengaluru City,Basavanagudi Traffic PS,1.04432e+16,2019,1,1,Road Accidents,Narrow road,City/Town,Residential area,Human Error,Yes,Grievous Injury,Vehicle to Vehicle,Not at  Junction,Straight and flat,Others,Bitumen(Tar),Dry,Not Applicable,Fine,Appurao road towards Bull temple road,by2coffiee hotel,40,0.0,0.0
Bengaluru City,Basavanagudi Traffic PS,1.04432e+16,2019,1,1,Road Accidents,Junction,City/Town,Near Bus stop,Human Error,Yes,Grievous Injury,Hit pedestrian,Uncontrolled,Straight and flat,One way,Bitumen(Tar),Dry,Not Applicable,Clear,50ft Road Hanumantha Nagar,Compound of Ashwath Katte,12ft,0.0,0.0
Bengaluru City,Basavanagudi Traffic PS,1.04432e+16,2020,1,2,Road Accidents,Cross roads,City/Town,Near School or College,Human Error,No,Grievous Injury,Vehicle to Vehicle,Not at  Junction,Straight and flat,Two way,Bitumen(Tar),Dry,Not Applicable,Clear,"5TH MAIN ROAD, CHAMARAJAPET",5TH MAIN ROAD CHAMARAJAPET,1.5,0.0,0.0
Bengaluru City,Basavanagudi Traffic PS,1.04432e+16,2020,1,2,Road Accidents,Junction,City/Town,Near Petrol Pump,Human Error,Yes,Simple Injury,Vehicle to Vehicle,Signal lights Automatic,Straight and flat,Mixed,Bitumen(Tar),Dry,No influence on accident,Fog / Mist,R V ROAD,LALBHAGH WEST GATE,1 K.M,0.0,0.0
Bengaluru City,Basavanagudi Traffic PS,1.04432e+16,2020,1,2,Road Accidents,Junction,City/Town,Open area,Human Error,No,Simple Injury,Vehicle to Vehicle,Uncontrolled,Straight and flat,Two way,Bitumen(Tar),Dry,No influence on accident,Clear,Mallikarjuna temple street,Near amrutha hasta hotel,0.5 KM,0.0,0.0
Bengaluru City,Basavanagudi Traffic PS,1.04432e+16,2020,1,2,Road Accidents,Junction,City/Town,Open area,Human Error,No,Simple Injury,Vehicle to Vehicle,Uncontrolled,Straight and flat,Residential Street,Bitumen(Tar),Dry,Not Applicable,Clear,MMV ROAD,HOUSE NO 43,0.5 KM,0.0,0.0
Bengaluru City,Basavanagudi Traffic PS,1.04432e+16,2020,1,2,Road Accidents,Curves,City/Town,Open area,Human Error,No,Fatal,Vehicle to Vehicle,Uncontrolled,Curve,Two way,Bitumen(Tar),Dry,Not Applicable,Cloudy,"OPP KRISHNALAKE VEW APPARTMENT, KANAKAPURA ROAD",KANANPURA ROAD,1 K.M,12.9348541,77.5752713
Bengaluru City,Basavanagudi Traffic PS,1.04432e+16,2020,1,2,Road Accidents,Not Applicable,City/Town,Near Hospital,Human Error,No,Damage Only,Vehicle to Vehicle,Uncontrolled,Straight and flat,Two way,Bitumen(Tar),Dry,Not Applicable,Fog / Mist,50 FEET ROAD HANUMANTHANAGAR,ICICI BANK,25ft,0.0,0.0
Bengaluru City,Basavanagudi Traffic PS,1.04432e+16,2020,1,3,Road Accidents,Junction,City/Town,Near School or College,Human Error,Yes,Simple Injury,Vehicle to Vehicle,Signal lights Automatic,Straight and flat,One way,Concrete,Dry,Not Applicable,Fog / Mist,R.V.TEACHERS COLLEGE JUNCTION,R V TEACHERS COLLEGE JUNCTION,1,12.943652,77.580099
Bengaluru City,Basavanagudi Traffic PS,1.04432e+16,2020,1,2,Road Accidents,Cross roads,City/Town,Residential area,Human Error,Yes,Grievous Injury,Vehicle to Vehicle,Uncontrolled,Straight and flat,Residential Street,Bitumen(Tar),Dry,Not Applicable,Fog / Mist,GAVIPURAM EXTN,GAVIPURAM EXTN,2,0.0,0.0
Bengaluru City,Basavanagudi Traffic PS,1.04432e+16,2020,1,1,Road Accidents,Narrow road,City/Town,Near Hospital,Human Error,No,Grievous Injury,Hit pedestrian,Not Applicable,Straight and flat,Residential Street,Bitumen(Tar),Dry,Not Applicable,Clear,NEAR KAMALA NURSING HOME,NEAR KAMALA NURSING HOME,2 K.M,0.0,0.0
Bengaluru City,Basavanagudi Traffic PS,1.04432e+16,2020,1,3,Road Accidents,Narrow road,City/Town,Open area,Human Error,No,Grievous Injury,Vehicle to Vehicle,Uncontrolled,Straight and flat,Service Road,Bitumen(Tar),Dry,Not Applicable,Very Cold,NEAR GOVT SCHOOL SHRINAGAR,INFRONT OF HOUSE NO1129A45,02 KM,0.0,0.0
Bengaluru City,Basavanagudi Traffic PS,1.04432e+16,2020,1,2,Road Accidents,Cross roads,City/Town,Near a religious place,Human Error,Yes,Grievous Injury,Vehicle to Vehicle,Uncontrolled,Straight and flat,Residential Street,Bitumen(Tar),Dry,Not Applicable,Clear,10TH MAIN AND SRINAGAR PIPELINE JUNCTION,10TH MAIN AND SRINAGAR PIPELINE JUNCTION,3,0.0,0.0
Bengaluru City,Basavanagudi Traffic PS,1.04432e+16,2020,1,2,Road Accidents,Cross roads,City/Town,Near Bus stop,Human Error,Not Applicable,Damage Only,Vehicle to Vehicle,Uncontrolled,Straight and flat,Two way,Bitumen(Tar),Dry,No influence on accident,Clear,OPP CURRY LEAVE & SOUTH END BAR,K R ROAD,1.5 K.,0.0,0.0
Bengaluru City,Basavanagudi Traffic PS,1.04432e+16,2020,1,3,Road Accidents,Junction,City/Town,Open area,Human Error,No,Simple Injury,Vehicle to Vehicle,Signals (Working),Straight and flat,Sub Arterial,Concrete,Dry,Not Applicable,Clear,R V ROAD,R V TEACHERS COLLEGE JUNCTION,0.5 KM,0.0,0.0
Bengaluru City,Basavanagudi Traffic PS,1.04432e+16,2020,1,2,Road Accidents,Cross roads,City/Town,Near School or College,Human Error,No,Simple Injury,Vehicle to Vehicle,Uncontrolled,Straight and flat,Residential Street,Bitumen(Tar),Dry,Not Applicable,Clear,OPP EAST WEST SCHOOL,OPP EAST WEST SCHOOL,0.5,12.940606,77.577756
Bengaluru City,Basavanagudi Traffic PS,1.04432e+16,2020,1,1,Road Accidents,Narrow road,City/Town,Near Bus stop,Human Error,Yes,Simple Injury,Hit pedestrian,Uncontrolled,Straight and flat,Two way,Bitumen(Tar),Dry,Not Applicable,Clear,TATA SLIK FARM BUS STOP K R ROAD,TATA SLIK FARM BUS STOP K R ROAD,1.5,0.0,0.0
Bengaluru City,Basavanagudi Traffic PS,1.04432e+16,2020,1,1,Road Accidents,Not Applicable,City/Town,Near office complex,Human Error,No,Simple Injury,Hit pedestrian,Uncontrolled,Straight and flat,Others,Bitumen(Tar),Dry,Not Applicable,Clear,KR road - HB  samaja road,Divider,10ft,12.944755,77.57388
Bengaluru City,Basavanagudi Traffic PS,1.04432e+16,2020,1,2,Road Accidents,Junction,City/Town,Near Petrol Pump,Human Error,No,Fatal,Vehicle to Vehicle,Signal lights Automatic,Straight and flat,Others,Bitumen(Tar),Dry,Not Applicable,Clear,LALBHAGH WEST GATE,LALBHAGH WEST GATE,1 K.M,12.948282,77.579973
Bengaluru City,Basavanagudi Traffic PS,1.04432e+16,2020,1,2,Road Accidents,Cross roads,City/Town,Near School or College,Human Error,No,Grievous Injury,Vehicle to Vehicle,Uncontrolled,Straight and flat,Two way,Bitumen(Tar),Dry,No influence on accident,Mist or Fog,NEAR MOOKAMBIKA SCHOOL,NEAR MOOKAMBIKA SCHOOL,2 K.M,0.0,0.0
Bengaluru City,Basavanagudi Traffic PS,1.04432e+16,2020,1,2,Road Accidents,Narrow road,City/Town,Open area,Human Error,Not Applicable,Damage Only,Vehicle to Vehicle,Uncontrolled,Others,Two way,Bitumen(Tar),Dry,No influence on accident,Cloudy,K R ROAD,NEAR RAJU ARTS,0.5 KM,0.0,0.0
Bengaluru City,Basavanagudi Traffic PS,1.04432e+16,2020,1,1,Road Accidents,Narrow road,City/Town,Residential area,Human Error,Yes,Grievous Injury,Hit pedestrian,Uncontrolled,Straight and flat,Residential Street,Bitumen(Tar),Dry,Not Applicable,Clear,"infront of house no.706, 3rd cross",3rd cross Ashokanagar,2 K.M,0.0,0.0
Bengaluru City,Basavanagudi Traffic PS,1.04432e+16,2020,1,2,Road Accidents,Narrow road,City/Town,Residential area,Human Error,No,Fatal,Vehicle to Vehicle,Not at  Junction,Straight and flat,Residential Street,Bitumen(Tar),Dry,Not Applicable,Clear,"3RD MAIN ROAD, HANUMANTHANAGAR",3RD MAIN ROAD HANUMANTHANAGAR,1.5,0.0,0.0
Bengaluru City,Basavanagudi Traffic PS,1.04432e+16,2020,1,1,Road Accidents,Road hump or Rumble strips,City/Town,Open area,Human Error,No,Grievous Injury,Not Applicable,Uncontrolled,Straight and flat,Two way,Bitumen(Tar),Dry,Not Applicable,Cloudy,3rd cross,near aps college,1.5,0.0,0.0
Bengaluru City,Basavanagudi Traffic PS,1.04432e+16,2020,1,2,Road Accidents,Junction,City/Town,Open area,Human Error,No,Grievous Injury,Vehicle to Vehicle,Uncontrolled,Straight and flat,Sub Arterial,Bitumen(Tar),Dry,No influence on accident,Clear,S C ROAD,NEAR SRINIVASA COOL CORNER,1 K.M,0.0,0.0
Bengaluru City,Basavanagudi Traffic PS,1.04432e+16,2020,1,2,Road Accidents,Cross roads,City/Town,Near Bus stop,Human Error,No,Grievous Injury,Vehicle to Vehicle,Uncontrolled,Straight and flat,Two way,Bitumen(Tar),Dry,Not Applicable,Fog / Mist,NEAR SRINIVASANAGAR BUS STOP 80 FEET ROAD,NEAR SRINIVASANAGAR BUS STOP 80 FEET ROAD,2,0.0,0.0
Bengaluru City,Basavanagudi Traffic PS,1.04432e+16,2020,1,2,Road Accidents,Junction,City/Town,Near School or College,Human Error,No,Fatal,Vehicle to Vehicle,Signal lights Automatic,Straight and flat,Two way,Bitumen(Tar),Muddy,Not Applicable,Fog / Mist,NATIONAL COLLEGE JUNCTION,NATIONAL COLLEGE JUNCTION,1 K.M,0.0,0.0
Bengaluru City,Basavanagudi Traffic PS,1.04432e+16,2020,1,2,Road Accidents,Narrow road,City/Town,Residential area,Human Error,Yes,Simple Injury,Vehicle to Vehicle,Uncontrolled,Straight and flat,Residential Street,Bitumen(Tar),Dry,Not Applicable,Cloudy,Dr raj road,9th main road opp to megha chats,3.5km,0.0,0.0
Bengaluru City,Basavanagudi Traffic PS,1.04432e+16,2020,1,2,Road Accidents,Cross roads,City/Town,Residential area,Human Error,No,Grievous Injury,Vehicle to Vehicle,Not at  Junction,Straight and flat,Service Road,Bitumen(Tar),Dry,Not Applicable,Clear,9TH MAIN KALAPPA BLOCK,9TH MAIN KALAPPA BLOCK,3,0.0,0.0
Bengaluru City,Basavanagudi Traffic PS,1.04432e+16,2020,1,2,Road Accidents,Narrow road,City/Town,Open area,Human Error,No,Grievous Injury,Vehicle to Vehicle,Police / Manual,Straight and flat,Two way,Bitumen(Tar),Dry,Not Applicable,Clear,RAMAKRISHA ASHRAMA CIRCLE,RAMAKRISHNA ASHRAMA CIRCLE,2 K.M,0.0,0.0
Bengaluru City,Basavanagudi Traffic PS,1.04432e+16,2020,1,1,Road Accidents,Cross roads,City/Town,Near a religious place,Human Error,No,Grievous Injury,Vehicle to Vehicle,Uncontrolled,Straight and flat,Two way,Bitumen(Tar),Dry,Not Applicable,Clear,K.G.NAGAR,NEAR SWIMMING POOL,2 K.M,0.0,0.0
Bengaluru City,Basavanagudi Traffic PS,1.04432e+16,2020,1,2,Road Accidents,Junction,City/Town,Residential area,Human Error,Yes,Grievous Injury,Vehicle to Vehicle,Uncontrolled,Others,Residential Street,Bitumen(Tar),Dry,Not Applicable,Clear,6th Main road - 2nd Cross Ashokanagar,1,1,0.0,0.0
Bengaluru City,Basavanagudi Traffic PS,1.04432e+16,2020,1,2,Road Accidents,Narrow road,City/Town,Near a religious place,Human Error,No,Grievous Injury,Vehicle to Vehicle,Uncontrolled,Straight and flat,Residential Street,Bitumen(Tar),Dry,Not Applicable,Cloudy,M N K RAO ROAD,M N K RAO ROAD,0.5,0.0,0.0
Bengaluru City,Basavanagudi Traffic PS,1.04432e+16,2020,1,4,Road Accidents,Narrow road,City/Town,Near a religious place,Human Error,Not Applicable,Damage Only,Vehicle to Vehicle,Uncontrolled,Straight and flat,Residential Street,Bitumen(Tar),Dry,Not Applicable,Clear,2ND CROSS ASHOKANAGAR,2ND CROSS ASHOKANAGAR,1.5,0.0,0.0
Bengaluru City,Basavanagudi Traffic PS,1.04432e+16,2020,1,2,Road Accidents,Narrow road,City/Town,Open area,Human Error,No,Damage Only,Vehicle to Vehicle,Uncontrolled,Straight and flat,Two way,Bitumen(Tar),Dry,Not Applicable,Clear,S C ROAD,N R COLONY,0.5 KM,12.939703,77.572499
Bengaluru City,Basavanagudi Traffic PS,1.04432e+16,2020,1,2,Road Accidents,Junction,City/Town,Open area,Human Error,No,Grievous Injury,Vehicle to Vehicle,Uncontrolled,Straight and flat,Sub Arterial,Bitumen(Tar),Dry,No influence on accident,Mist or Fog,GOVINDAPPA ROAD,NEAR ANANTH KUMAR HOUSE,01 KM,0.0,0.0
Bengaluru City,Basavanagudi Traffic PS,1.04432e+16,2020,1,2,Road Accidents,Narrow road,City/Town,Open area,Human Error,No,Grievous Injury,Vehicle to Vehicle,Uncontrolled,Straight and flat,Others,Bitumen(Tar),Dry,Not Applicable,Clear,K R ROAD,TAGOR UNDER PASS UPPER RAMP,0.5 KM,0.0,0.0
Bengaluru City,Basavanagudi Traffic PS,1.04432e+16,2020,1,2,Road Accidents,Junction,City/Town,Open area,Human Error,No,Grievous Injury,Vehicle to Vehicle,Uncontrolled,Straight and flat,Two way,Bitumen(Tar),Dry,Not Applicable,Cloudy,3RD CROSS JUNCTION VINAYAKA NAGAR,NEAR VIDDYAPEETA,2.5 km,12.935526,77.559624
Bengaluru City,Basavanagudi Traffic PS,1.04432e+16,2020,1,1,Road Accidents,Narrow road,City/Town,Near Bus stop,Human Error,Yes,Grievous Injury,Hit pedestrian,Uncontrolled,Straight and flat,One way,Bitumen(Tar),Dry,No influence on accident,Cloudy,50 FT ROAD,OPP TO GANESH TIFFIN,2 KM,0.0,0.0
Bengaluru City,Basavanagudi Traffic PS,1.04432e+16,2020,1,2,Road Accidents,Junction,City/Town,Open area,Human Error,No,Simple Injury,Vehicle to Vehicle,Signals (Working),Curve,Sub Arterial,Bitumen(Tar),Dry,Not Applicable,Clear,BULL TEMPLE ROAD,RAMAKRISHNA ASHRAMA CIRCLE,1.5 KM,0.0,0.0
Bengaluru City,Basavanagudi Traffic PS,1.04432e+16,2020,1,2,Road Accidents,Not Applicable,City/Town,Residential area,Human Error,Yes,Grievous Injury,Vehicle to Vehicle,Uncontrolled,Straight and flat,Two way,Bitumen(Tar),Dry,Not Applicable,Fog / Mist,NEAR MOHAN SPRIT,1,1,0.0,0.0
Bengaluru City,Basavanagudi Traffic PS,1.04432e+16,2020,1,2,Road Accidents,Junction,City/Town,Open area,Human Error,No,Grievous Injury,Vehicle to Vehicle,Uncontrolled,Straight and flat,Two way,Bitumen(Tar),Dry,Not Applicable,Clear,R V Road,infront of trinity hospital,1 K.M,0.0,0.0
Bengaluru City,Basavanagudi Traffic PS,1.04432e+16,2020,1,3,Road Accidents,Not Applicable,City/Town,Near Bus stop,Human Error,Yes,Grievous Injury,Hit pedestrian,Uncontrolled,Straight and flat,One way,Bitumen(Tar),Dry,Not Applicable,Clear,Vanivilasa National College Fly Over & DVG Road Junction,RESIDENCATION COMPOUND,40FT,0.0,0.0