DISTRICTNAME,UNITNAME,Crime_No,Year,RI,Noofvehicle_involved,Accident_Classification,Accident_Spot,Accident_Location,Accident_SubLocation,Main_Cause,Hit_Run,Severity,Collision_Type,Junction_Control,Road_Character,Road_Type,Surface_Type,Surface_Condition,Road_Condition,Weather,Accident_Road,Landmark_first,Distance_LandMark_First,Latitude,Longitude
Bengaluru City,Basavanagudi Traffic PS,1.04432e+16,2020,1,2,Road Accidents,Junction,City/Town,Near Petrol Pump,Human Error,Yes,Grievous Injury,Vehicle to Vehicle,Signal lights Automatic,Straight and flat,Two way,Bitumen(Tar),Dry,Not Applicable,Fog / Mist,LALBHAGH WEST GATE,POLICE ILAND,35FT,12.948306,77.579945
Bengaluru City,Basavanagudi Traffic PS,1.04432e+16,2020,1,2,Road Accidents,Junction,City/Town,Near School or College,Human Error,Yes,Fatal,Vehicle to Vehicle,Uncontrolled,Straight and flat,Residential Street,Bitumen(Tar),Dry,Not Applicable,Cloudy,INFRONT OF MUKAMBIKA SCHOOL T R NAGAR,INFRONT OF MUKAMBIKA SCHOOL T R NAGAR,1.5,0.0,0.0
Bengaluru City,Basavanagudi Traffic PS,1.04432e+16,2020,1,1,Road Accidents,Narrow road,City/Town,Residential area,Human Error,No,Grievous Injury,Not Applicable,Uncontrolled,Straight and flat,Two way,Bitumen(Tar),Dry,Not Applicable,Clear,10TH MAIN ROAD HANUMANTHANAGAR,10TH MAIN ROAD HANUMANTHANAGAR,2 K.M,0.0,0.0
Bengaluru City,Basavanagudi Traffic PS,1.04432e+16,2020,1,2,Road Accidents,Junction,City/Town,Residential area,Human Error,No,Grievous Injury,Vehicle to Vehicle,Uncontrolled,Straight and flat,Residential Street,Bitumen(Tar),Dry,Not Applicable,Clear,NEAR BRIGADE MANSION,GOVINDAPPA ROAD,1 K.M,12.9466776,77.5752632
Bengaluru City,Basavanagudi Traffic PS,1.04432e+16,2020,1,2,Road Accidents,Narrow road,City/Town,Open area,Human Error,Yes,Grievous Injury,Vehicle to Vehicle,Uncontrolled,Straight and flat,Two way,Bitumen(Tar),Wet,Not Applicable,Clear,Ramanjena road,near medplus,02 KM,0.0,0.0
Bengaluru City,Basavanagudi Traffic PS,1.04432e+16,2020,1,2,Road Accidents,Narrow road,City/Town,Near School or College,Human Error,Yes,Grievous Injury,Vehicle to Vehicle,Uncontrolled,Straight and flat,One way,Bitumen(Tar),Dry,Not Applicable,Cloudy,R V ROAD NEAR ROYAL ENTER PRISES,R V ROAD NEAR ROYAL ENTER PRISES,2,12.940923,77.579892
Bengaluru City,Basavanagudi Traffic PS,1.04432e+16,2020,1,2,Road Accidents,Narrow road,City/Town,Near Hospital,Human Error,Yes,Grievous Injury,Vehicle to Vehicle,Not Applicable,Straight and flat,Two way,Bitumen(Tar),Dry,Not Applicable,Clear,"NEAR VENLAKH HOSPITAL, 5TH MAIN ROAD, CHAMARAJAPET",NEAR VENLAKH HOSPITAL  5TH MAIN ROAD,2 K.M,12.957032,77.564401
Bengaluru City,Basavanagudi Traffic PS,1.04432e+16,2020,1,2,Road Accidents,Junction,City/Town,Residential area,Human Error,No,Simple Injury,Vehicle to Vehicle,Uncontrolled,Straight and flat,Two way,Bitumen(Tar),Dry,No influence on accident,Clear,Mallikarjuna temple street,Near amrutha hasta hotel,0.5 KM,0.0,0.0
Bengaluru City,Basavanagudi Traffic PS,1.04432e+16,2020,1,2,Road Accidents,Junction,City/Town,Open area,Human Error,Yes,Grievous Injury,Vehicle to Vehicle,Controlled,Straight and flat,Others,Bitumen(Tar),Dry,No influence on accident,Cloudy,K R ROAD,NETKALLAPPA CIRCLE,0.2 KM,12.939934,77.573627
Bengaluru City,Basavanagudi Traffic PS,1.04432e+16,2021,1,1,Road Accidents,Narrow road,City/Town,Near Bus stop,Human Error,No,Grievous Injury,Hit pedestrian,Uncontrolled,Straight and flat,Two way,Bitumen(Tar),Dry,No influence on accident,Clear,80ft road,80ft road,2 K.M,0.0,0.0
Bengaluru City,Basavanagudi Traffic PS,1.04432e+16,2021,1,2,Road Accidents,Junction,City/Town,Near office complex,Human Error,No,Damage Only,Vehicle to Vehicle,Controlled,Straight and flat,Two way,Bitumen(Tar),Dry,No influence on accident,Wind,S C ROAD,NETKALLAPPA CIRCLE,05 km,0.0,0.0
Bengaluru City,Basavanagudi Traffic PS,1.04432e+16,2021,1,1,Road Accidents,Narrow road,City/Town,Near Petrol Pump,Human Error,No,Damage Only,Not Applicable,Uncontrolled,Straight and flat,One way,Concrete,Dry,No influence on accident,Cloudy,southend road,infront of shivashakthi convention hall,1 km,0.0,0.0
Bengaluru City,Basavanagudi Traffic PS,1.04432e+16,2021,1,1,Road Accidents,Narrow road,City/Town,Near Bus stop,Human Error,No,Simple Injury,Hit pedestrian,Uncontrolled,Straight and flat,One way,Bitumen(Tar),Others,Not Applicable,Cloudy,VANIVILLAS ROAD,VANIVILLAS ROAD,1.5 KM,0.0,0.0
Bengaluru City,Basavanagudi Traffic PS,1.04432e+16,2021,1,2,Road Accidents,Narrow road,City/Town,Near office complex,Human Error,No,Grievous Injury,Vehicle to Vehicle,Uncontrolled,Straight and flat,Others,Concrete,Dry,No influence on accident,Clear,Kanakapura road,Infront of South Thindies,01 KM,0.0,0.0
Bengaluru City,Basavanagudi Traffic PS,1.04432e+16,2021,1,1,Road Accidents,Cross roads,City/Town,Near Hospital,Human Error,Not Applicable,Simple Injury,Not Applicable,Uncontrolled,Incline,One way,Bitumen(Tar),Dry,Not Applicable,Cloudy,Kanakanapalya road,Infront of Trinity Hospital,1 Km,0.0,0.0
Bengaluru City,Basavanagudi Traffic PS,1.04432e+16,2021,1,1,Road Accidents,Narrow road,City/Town,Residential area,Human Error,Not Applicable,Grievous Injury,Hit pedestrian,Not Applicable,Straight and flat,Residential Street,Bitumen(Tar),Dry,Not Applicable,Clear,"NEAR BMSET HOSTEL, 3RD CROSS, ASHOKNAGAR",3RD CROSS  ASHOKNAGAR,2 K.M,0.0,0.0
Bengaluru City,Basavanagudi Traffic PS,1.04432e+16,2021,1,1,Road Accidents,Narrow road,City/Town,Near Bus stop,Human Error,Yes,Simple Injury,Hit pedestrian,Uncontrolled,Straight and flat,One way,Concrete,Dry,Not Applicable,Clear,KARIYAPPA ROAD,KARIYAPPA ROAD,1 K.M,0.0,0.0
Bengaluru City,Basavanagudi Traffic PS,1.04432e+16,2021,1,1,Road Accidents,Narrow road,City/Town,Open area,Human Error,No,Fatal,Hit pedestrian,Uncontrolled,Straight and flat,Two way,Concrete,Dry,No influence on accident,Clear,Southend road,Infront of Nandhini milk booth,1.5 KM,0.0,0.0
Bengaluru City,Basavanagudi Traffic PS,1.04432e+16,2021,1,2,Road Accidents,Junction,City/Town,Residential area,Human Error,No,Grievous Injury,Vehicle to Vehicle,Uncontrolled,Straight and flat,Residential Street,Bitumen(Tar),Dry,No influence on accident,Clear,S C ROAD,Corporation Hospital N R Colony,01 KM,0.0,0.0
Bengaluru City,Basavanagudi Traffic PS,1.04432e+16,2021,1,2,Road Accidents,Junction,City/Town,Narrow bridge or culverts,Human Error,No,Damage Only,Vehicle to Vehicle,Uncontrolled,Others,Mixed,Bitumen(Tar),Dry,Not Applicable,Clear,Tagore Circle Bridge,B P wadia road,0.2 KM,0.0,0.0
Bengaluru City,Basavanagudi Traffic PS,1.04432e+16,2021,1,1,Road Accidents,Narrow road,City/Town,Near School or College,Human Error,Yes,Damage Only,Not Applicable,Uncontrolled,Straight and flat,Residential Street,Bitumen(Tar),Dry,Not Applicable,Clear,Bugle rock road,Infront of BMS Womens College,1,0.0,0.0
Bengaluru City,Basavanagudi Traffic PS,1.04432e+16,2021,1,2,Road Accidents,Junction,City/Town,Near Bus stop,Human Error,No,Grievous Injury,Vehicle to Vehicle,Police / Manual,Straight and flat,Two way,Concrete,Dry,Not Applicable,Clear,R.V.TEACHERS COLLEGE JUNCTION,R V TEACHERS COLLEGE JUNCTION,0.5 KM,0.0,0.0
Bengaluru City,Basavanagudi Traffic PS,1.04432e+16,2021,1,2,Road Accidents,Narrow road,City/Town,Residential area,Human Error,No,Damage Only,Vehicle to Vehicle,Uncontrolled,Steep Incline or Climb,Two way,Bitumen(Tar),Dry,Not Applicable,Cloudy,11th Main road,Near Dasappa kalyana Mantapa,2.5,0.0,0.0
Bengaluru City,Basavanagudi Traffic PS,1.04432e+16,2021,1,2,Road Accidents,Narrow road,City/Town,Near a religious place,Human Error,No,Grievous Injury,Vehicle to Vehicle,Uncontrolled,Straight and flat,Two way,Bitumen(Tar),Dry,No influence on accident,Snow,5th Main road,Infront of Harshitha Telecom,2.5 km,0.0,0.0
Bengaluru City,Basavanagudi Traffic PS,1.04432e+16,2021,1,2,Road Accidents,Junction,City/Town,Residential area,Human Error,No,Grievous Injury,Vehicle to Vehicle,Uncontrolled,Straight and flat,Two way,Bitumen(Tar),Dry,Not Applicable,Cloudy,8TH MAIN ROAD AND 5TH CROSS ROAD JUNCTION,HANUMANTHANAGAR,2 K.M,0.0,0.0
Bengaluru City,Basavanagudi Traffic PS,1.04432e+16,2021,1,2,Road Accidents,Junction,City/Town,Near Petrol Pump,Human Error,No,Grievous Injury,Vehicle to Vehicle,Uncontrolled,Others,Two way,Concrete,Dry,No influence on accident,Cloudy,B P Waiya road,Home school Junction,0.5 KM,0.0,0.0
Bengaluru City,Basavanagudi Traffic PS,1.04432e+16,2021,1,2,Road Accidents,Narrow road,City/Town,Residential area,Human Error,Not Applicable,Grievous Injury,Vehicle to Vehicle,Uncontrolled,Straight and flat,Two way,Bitumen(Tar),Dry,Not Applicable,Clear,"OPP HOUSE NO.218, 14TH MAIN ROAD, HANUMANTHANAGAR",NEAR 50FEET ROAD,2 K.M,0.0,0.0
Bengaluru City,Basavanagudi Traffic PS,1.04432e+16,2021,1,1,Road Accidents,Narrow road,City/Town,Near Bus stop,Human Error,Yes,Grievous Injury,Hit pedestrian,Not Applicable,Straight and flat,Two way,Bitumen(Tar),Dry,Not Applicable,Clear,"5th main road, chamarajapet",Opp Srinivasa Kalyana Matapa,3 kms,12.957049,77.565252
Bengaluru City,Basavanagudi Traffic PS,1.04432e+16,2021,1,2,Road Accidents,Narrow road,City/Town,Residential area,Human Error,No,Grievous Injury,Vehicle to Vehicle,Uncontrolled,Straight and flat,Residential Street,Bitumen(Tar),Dry,Not Applicable,Clear,Near Naranaswamy Circle,Near Narayanaswamy Circle,02 KM,0.0,0.0
Bengaluru City,Basavanagudi Traffic PS,1.04432e+16,2021,1,2,Road Accidents,Narrow road,City/Town,Residential area,Human Error,No,Damage Only,Vehicle to Vehicle,Uncontrolled,Straight and flat,Two way,Bitumen(Tar),Dry,No influence on accident,Cloudy,80ft road,opp to Sangeetha Mobile store,3km,0.0,0.0
Bengaluru City,Basavanagudi Traffic PS,1.04432e+16,2021,1,1,Road Accidents,Narrow road,City/Town,Residential area,Human Error,No,Grievous Injury,Hit pedestrian,Uncontrolled,Straight and flat,Residential Street,Bitumen(Tar),Dry,No influence on accident,Clear,6th Main road,Shrinagar Pipe line,2.5 km,0.0,0.0
Bengaluru City,Basavanagudi Traffic PS,1.04432e+16,2021,1,2,Road Accidents,Junction,City/Town,Near School or College,Human Error,No,Damage Only,Vehicle to Vehicle,Uncontrolled,Straight and flat,Two way,Concrete,Dry,Not Applicable,Cloudy,R V ROAD,Khazistreet,1.5 K.,0.0,0.0
Bengaluru City,Basavanagudi Traffic PS,1.04432e+16,2021,1,2,Road Accidents,Junction,City/Town,Near Petrol Pump,Human Error,Not Applicable,Simple Injury,Vehicle to Vehicle,Controlled,Straight and flat,Two way,Concrete,Dry,Not Applicable,Clear,LALBHAGH WEST GATE JUNCTION,Lalbag west gate Junction,1 K.M,0.0,0.0
Bengaluru City,Basavanagudi Traffic PS,1.04432e+16,2021,1,1,Road Accidents,Narrow road,City/Town,Residential area,Human Error,No,Grievous Injury,Hit pedestrian,Not Applicable,Straight and flat,Residential Street,Bitumen(Tar),Dry,Not Applicable,Clear,"OPP HOUSE NO.35, 12TH MAIN ROAD",RAGHAVENDRA BLOCK,3 kms,12.947226,77.550663
Bengaluru City,Basavanagudi Traffic PS,1.04432e+16,2021,1,1,Road Accidents,Narrow road,City/Town,Open area,Human Error,No,Grievous Injury,Hit pedestrian,Uncontrolled,Straight and flat,One way,Concrete,Dry,Not Applicable,Cloudy,R V ROAD,Opp to BASAVANAGUDI MEDICAL CENTER,1.5 KM,0.0,0.0
Bengaluru City,Basavanagudi Traffic PS,1.04432e+16,2021,1,2,Road Accidents,Narrow road,City/Town,Open area,Human Error,No,Simple Injury,Vehicle to Vehicle,Uncontrolled,Straight and flat,Two way,Bitumen(Tar),Dry,Not Applicable,Cloudy,22nd main road,Infront of vatsalya Play home,3.5km,0.0,0.0
Bengaluru City,Basavanagudi Traffic PS,1.04432e+16,2021,1,1,Road Accidents,Narrow road,City/Town,Near a religious place,Human Error,No,Simple Injury,Hit pedestrian,Uncontrolled,Straight and flat,Two way,Bitumen(Tar),Others,Not Applicable,Cloudy,BULL TEMPLE ROAD,BULL TEMPLE ROAD,01 K M,0.0,0.0
Bengaluru City,Basavanagudi Traffic PS,1.04432e+16,2021,1,2,Road Accidents,Junction,City/Town,Residential area,Human Error,No,Grievous Injury,Vehicle to Vehicle,Uncontrolled,Straight and flat,Two way,Bitumen(Tar),Dry,Not Applicable,Fine,DVG road,Opp to Shyamanna park,1 km,0.0,0.0
Bengaluru City,Basavanagudi Traffic PS,1.04432e+16,2021,1,2,Road Accidents,Narrow road,City/Town,Residential area,Human Error,Yes,Grievous Injury,Vehicle to Vehicle,Uncontrolled,Straight and flat,Residential Street,Bitumen(Tar),Others,Not Applicable,Cloudy,9TH MAIN ROAD AND 3RD CROSS JUNCTION,SRINIVASANAGAR,2 K.M,12.9365276,77.5538571
Bengaluru City,Basavanagudi Traffic PS,1.04432e+16,2021,1,2,Road Accidents,Junction,City/Town,Near Petrol Pump,Human Error,No,Damage Only,Vehicle to Vehicle,Signal lights Automatic,Straight and flat,Two way,Concrete,Dry,Not Applicable,Clear,LALBHAGH WEST GATE JUNCTION,M N K RAO ROAD,1 K.M,0.0,0.0
Bengaluru City,Basavanagudi Traffic PS,1.04432e+16,2021,1,2,Road Accidents,Narrow road,City/Town,Near School or College,Human Error,No,Damage Only,Vehicle to Vehicle,Uncontrolled,Straight and flat,Two way,Bitumen(Tar),Dry,No influence on accident,Clear,B P Wadia road,Infront of Chaithanya techno School,0.5 KM,0.0,0.0
Bengaluru City,Basavanagudi Traffic PS,1.04432e+16,2021,1,2,Road Accidents,Junction,City/Town,Residential area,Human Error,No,Simple Injury,Vehicle to Vehicle,Uncontrolled,Straight and flat,One way,Bitumen(Tar),Dry,No influence on accident,Clear,7th Main road,Infront of Sathish Stores,1.5 KM,0.0,0.0
Bengaluru City,Basavanagudi Traffic PS,1.04432e+16,2021,1,2,Road Accidents,Junction,City/Town,Residential area,Human Error,No,Grievous Injury,Vehicle to Vehicle,Uncontrolled,Straight and flat,Residential Street,Bitumen(Tar),Dry,Not Applicable,Clear,Near Canara bank,N R Colony,01km,0.0,0.0
Bengaluru City,Basavanagudi Traffic PS,1.04432e+16,2021,1,2,Road Accidents,Junction,City/Town,Near Petrol Pump,Human Error,Yes,Fatal,Vehicle to Vehicle,Uncontrolled,Curve and Incline,Major District Road,Concrete,Dry,No influence on accident,Cloudy,Home School Junction,Infront of Bharat Petrol bunk,0.5,0.0,0.0
Bengaluru City,Basavanagudi Traffic PS,1.04432e+16,2021,1,1,Road Accidents,Narrow road,City/Town,Near office complex,Road Environment Defect,Not Applicable,Fatal,Not Applicable,Uncontrolled,Straight and flat,One way,Concrete,Wet,Not Applicable,Heavy Rain,Southend road,Infront of VLCC Institute,1.5 KM,0.0,0.0
Bengaluru City,Basavanagudi Traffic PS,1.04432e+16,2021,1,1,Road Accidents,Narrow road,City/Town,Near School or College,Human Error,No,Grievous Injury,Hit pedestrian,Uncontrolled,Straight and flat,One way,Concrete,Dry,Not Applicable,Clear,Southend road,Infront of NTT Data,01 K M,12.936753,77.577454
Bengaluru City,Basavanagudi Traffic PS,1.04432e+16,2021,1,1,Road Accidents,Narrow road,City/Town,Open area,Human Error,No,Grievous Injury,Hit pedestrian,Uncontrolled,Straight and flat,One way,Concrete,Dry,Not Applicable,Clear,R V Road,infront of vijaya college,01km,0.0,0.0
Bengaluru City,Basavanagudi Traffic PS,1.04432e+16,2021,1,2,Road Accidents,Narrow road,City/Town,Near a factory industrial area,Human Error,Yes,Fatal,Vehicle to Vehicle,Uncontrolled,Straight and flat,Two way,Bitumen(Tar),Dry,Construction Work / Material,Clear,T R Mill road,Infront of house no 76,3 kms,0.0,0.0
Bengaluru City,Basavanagudi Traffic PS,1.04432e+16,2021,1,2,Road Accidents,Narrow road,City/Town,Open area,Human Error,Not Applicable,Damage Only,Vehicle to Vehicle,Uncontrolled,Straight and flat,Arterial,Bitumen(Tar),Dry,No influence on accident,Clear,K R ROAD,INFRONT OF SBI BANK,0.5 KM,0.0,0.0
Bengaluru City,Basavanagudi Traffic PS,1.04432e+16,2021,1,1,Road Accidents,Narrow road,City/Town,Near Petrol Pump,Human Error,No,Grievous Injury,Not Applicable,Uncontrolled,Straight and flat,Two way,Bitumen(Tar),Others,Not Applicable,Cloudy,5th Main road,Infront of Indian iol Petrol Pump,2.5 km,0.0,0.0
Bengaluru City,Basavanagudi Traffic PS,1.04432e+16,2021,1,2,Road Accidents,Narrow road,City/Town,In bazaar,Human Error,No,Damage Only,Vehicle to Vehicle,Uncontrolled,Straight and flat,Two way,Bitumen(Tar),Dry,No influence on accident,Cloudy,Gandhi Bazzar Main road,Infront of Venkateswara Sweets,0.5 KM,0.0,0.0
Bengaluru City,Basavanagudi Traffic PS,1.04432e+16,2021,1,2,Road Accidents,Junction,City/Town,Open area,Human Error,No,Grievous Injury,Vehicle to Vehicle,Controlled,Straight and flat,Two way,Bitumen(Tar),Dry,No influence on accident,Clear,Sheshamahal junction,Near vasavi Convention hall,01 KM,12.948224,77.57679
Bengaluru City,Basavanagudi Traffic PS,1.04432e+16,2021,1,2,Road Accidents,Narrow road,City/Town,Near a religious place,Human Error,No,Grievous Injury,Vehicle to Vehicle,Uncontrolled,Straight and flat,Two way,Bitumen(Tar),Dry,Not Applicable,Clear,NANJAPPA AGARAHA ROAD,NEAR PANCHAMUKI ANAJENYA TEMPLE,2.5 km,0.0,0.0
Bengaluru City,Basavanagudi Traffic PS,1.04432e+16,2021,1,1,Road Accidents,Narrow road,City/Town,Open area,Human Error,No,Grievous Injury,Hit pedestrian,Uncontrolled,Straight and flat,One way,Bitumen(Tar),Dry,Not Applicable,Fine,K R Road,infront of R K Light,05.kms,0.0,0.0
Bengaluru City,Basavanagudi Traffic PS,1.04432e+16,2021,1,2,Road Accidents,Narrow road,City/Town,Residential area,Human Error,No,Fatal,Vehicle to Vehicle,Uncontrolled,Straight and flat,Two way,Bitumen(Tar),Dry,No influence on accident,Cloudy,Ramanjaneya road,Infront of Mangalore Jewellary,02 km,0.0,0.0
Bengaluru City,Basavanagudi Traffic PS,1.04432e+16,2021,1,2,Road Accidents,Junction,City/Town,Open area,Human Error,No,Damage Only,Vehicle to Vehicle,Controlled,Straight and flat,Others,Bitumen(Tar),Dry,No influence on accident,Clear,K R road,National college signal,0.5 km,12.948175,77.573748
Bengaluru City,Basavanagudi Traffic PS,1.04432e+16,2021,1,2,Road Accidents,Junction,City/Town,Near Petrol Pump,Human Error,Not Applicable,Simple Injury,Vehicle to Vehicle,Signal lights Automatic,Straight and flat,Others,Concrete,Dry,No influence on accident,Cloudy,R V Raod,Lalbag west gate Junction,01 K M,0.0,0.0
Bengaluru City,Basavanagudi Traffic PS,1.04432e+16,2022,1,1,Road Accidents,Circle,City/Town,Open area,Human Error,Not Applicable,Simple Injury,Vehicle to Vehicle,Uncontrolled,Straight and flat,Others,Concrete,Dry,Not Applicable,Cloudy,DIVAN MADHAVA RAO ROAD,MN KRISHNARAO PARK ROAD,0.1 KM,0.0,0.0
Bengaluru City,Basavanagudi Traffic PS,1.04432e+16,2022,1,2,Road Accidents,Junction,City/Town,Open area,Human Error,Yes,Fatal,Vehicle to Vehicle,Uncontrolled,Straight and flat,Two way,Bitumen(Tar),Dry,Not Applicable,Clear,LALBAG WESTGATE JUNCTION,LALBAG WESTGATE,1 K.M,0.0,0.0
Bengaluru City,Basavanagudi Traffic PS,1.04432e+16,2022,1,1,Road Accidents,Cross roads,City/Town,Open area,Human Error,No,Grievous Injury,Hit pedestrian,Controlled,Not Applicable,Others,Not Applicable,Dry,Not Applicable,Clear,R.V ROAD,INFA TECH SHOP,1.5KM,0.0,0.0
Bengaluru City,Basavanagudi Traffic PS,1.04432e+16,2022,1,2,Road Accidents,Junction,City/Town,Open area,Human Error,Not Applicable,Simple Injury,Vehicle to Vehicle,Uncontrolled,Not Applicable,Others,Not Applicable,Dry,Not Applicable,Clear,NET SCHOOL COMPOUND ROAD,NET SCHOOL,1 KM,0.0,0.0
Bengaluru City,Basavanagudi Traffic PS,1.04432e+16,2022,1,1,Road Accidents,Road hump or Rumble strips,City/Town,Near School or College,Human Error,Not Applicable,Simple Injury,Hit pedestrian,Uncontrolled,Hump,Residential Street,Bitumen(Tar),Dry,Not Applicable,Clear,B P  wadiya road,NEAR GOVERNMENT COLLEGE BASAVANAGUDI,0.1 km,12.94331,77.57384
Bengaluru City,Basavanagudi Traffic PS,1.04432e+16,2022,1,1,Road Accidents,Circle,City/Town,Open area,Human Error,No,Fatal,Not Applicable,Uncontrolled,Straight and flat,Two way,Bitumen(Tar),Dry,Not Applicable,Very Cold,SHANKARNAG CIRCLE,DIGVISH HOSPITAL,1.5 KM,0.0,0.0
Bengaluru City,Basavanagudi Traffic PS,1.04432e+16,2022,1,1,Road Accidents,Narrow road,City/Town,Near Bus stop,Human Error,Not Applicable,Fatal,Hit pedestrian,Uncontrolled,Straight and flat,Two way,Concrete,Dry,Not Applicable,Clear,RASHTRIYA VIDYALAYA ROAD,LALBAG METRO STATION,1.5 KM,0.0,0.0
Bengaluru City,Basavanagudi Traffic PS,1.04432e+16,2022,1,1,Not Applicable,Not Applicable,City/Town,Near a religious place,Not Applicable,Yes,Grievous Injury,Hit pedestrian,Not Applicable,Not Applicable,Not Applicable,Not Applicable,Dry,Not Applicable,Clear,GAVIGANGHADARESWARA TEMPLE,KARIYAPPA ROAD,1.5,0.0,0.0
Bengaluru City,Basavanagudi Traffic PS,1.04432e+16,2022,1,1,Road Accidents,Not Applicable,City/Town,Open area,Human Error,No,Grievous Injury,Hit pedestrian,Not at  Junction,Not Applicable,Others,Not Applicable,Not Applicable,Not Applicable,Clear,south end road,opp canara bank,2.5km,0.0,0.0
Bengaluru City,Basavanagudi Traffic PS,1.04432e+16,2022,1,1,Road Accidents,Junction,City/Town,Open area,Human Error,No,Simple Injury,Hit pedestrian,Uncontrolled,Straight and flat,Two way,Concrete,Dry,Not Applicable,Clear,R V ROAD,NEAR LALBAG WESTGATE,1 KM,0.0,0.0
Bengaluru City,Basavanagudi Traffic PS,1.04432e+16,2022,1,1,Road Accidents,Cross roads,City/Town,In bazaar,Human Error,Yes,Simple Injury,Hit pedestrian,Uncontrolled,Straight and flat,One way,Bitumen(Tar),Dry,Not Applicable,Clear,50 feet road HANUMANTH NAGAR,NIRMALA STORE,2 KM,0.0,0.0
Bengaluru City,Basavanagudi Traffic PS,1.04432e+16,2022,1,2,Road Accidents,Not Applicable,City/Town,Open area,Human Error,No,Grievous Injury,Vehicle to Vehicle,Not Applicable,Not Applicable,Two way,Not Applicable,Dry,Not Applicable,Clear,TYAGARAJANAGAR MAIN ROAD,GANESH ELECTRICAL,10FT,0.0,0.0
Bengaluru City,Basavanagudi Traffic PS,1.04432e+16,2022,1,2,Not Applicable,Narrow road,City/Town,Near a factory industrial area,Human Error,No,Simple Injury,Vehicle to Vehicle,Not Applicable,Not Applicable,Others,Not Applicable,Dry,Not Applicable,Clear,south end road,near 2nd cross juntion,1.5km,0.0,0.0
Bengaluru City,Basavanagudi Traffic PS,1.04432e+16,2022,1,2,Road Accidents,Not Applicable,City/Town,Open area,Not Applicable,Yes,Fatal,Vehicle to Vehicle,Signals (Working),Straight and flat,Others,Bitumen(Tar),Dry,Not Applicable,Clear,OPP HP PETROL BUNK RV ROAD BASAVANAGUDI,OPP HP PETROL PUMP,100MTR,0.0,0.0
Bengaluru City,Basavanagudi Traffic PS,1.04432e+16,2022,1,2,Road Accidents,Junction,City/Town,Near office complex,Human Error,No,Damage Only,Vehicle to Vehicle,Controlled,Curve and Incline,Others,Bitumen(Tar),Dry,No influence on accident,Clear,LALBHAGH WEST GATE JUNCTION,Krubmigal road,01 K M,0.0,0.0
Bengaluru City,Basavanagudi Traffic PS,1.04432e+16,2022,1,2,Road Accidents,Circle,City/Town,In bazaar,Human Error,No,Grievous Injury,Vehicle to Vehicle,Controlled,Not Applicable,Two way,Not Applicable,Dry,Not Applicable,Clear,GHANDI BAJAR ROAD,CIRCLE,1KM,0.0,0.0
Bengaluru City,Basavanagudi Traffic PS,1.04432e+16,2022,1,3,Road Accidents,Not Applicable,City/Town,Open area,Human Error,Yes,Damage Only,Vehicle to Vehicle,Signal lights Automatic,Not Applicable,Others,Not Applicable,Dry,Not Applicable,Clear,BUL TEMPLE ROAD,HALLI THINDI JUNTION,1.5KM,0.0,0.0
Bengaluru City,Basavanagudi Traffic PS,1.04432e+16,2022,1,2,Road Accidents,Junction,City/Town,Near School or College,Human Error,No,Damage Only,Vehicle to Vehicle,Signal lights Automatic,Straight and flat,Others,Concrete,Dry,Not Applicable,Clear,VANIVILLAS ROAD,Sheshmahali Signal,0.7 km,0.0,0.0
Bengaluru City,Basavanagudi Traffic PS,1.04432e+16,2022,1,2,Road Accidents,Junction,City/Town,Near office complex,Human Error,No,Grievous Injury,Vehicle to Vehicle,Controlled,Others,Two way,Bitumen(Tar),Dry,Not Applicable,Clear,Kathriguppe main road,Vidyapeeta Junction,1.5 KM,0.0,0.0
Bengaluru City,Basavanagudi Traffic PS,1.04432e+16,2022,1,2,Road Accidents,Junction,City/Town,Open area,Human Error,No,Simple Injury,Vehicle to Vehicle,Uncontrolled,Not Applicable,Others,Not Applicable,Dry,Not Applicable,Clear,KHAJI STREET ROAD,SYED MOOSA APARTMENTS,0.5 KM,0.0,0.0
Bengaluru City,Basavanagudi Traffic PS,1.04432e+16,2022,1,1,Road Accidents,Junction,City/Town,Open area,Human Error,No,Damage Only,Vehicle to Vehicle,Uncontrolled,Straight and flat,Two way,Bitumen(Tar),Dry,No influence on accident,Cloudy,NEAR LALBAG WEST GATE,NEAR LALBAG GRAND HOTEL,0.8 KM,0.0,0.0
Bengaluru City,Basavanagudi Traffic PS,1.04432e+16,2022,1,2,Not Applicable,Not Applicable,City/Town,Residential area,Human Error,Yes,Damage Only,Vehicle to Vehicle,Uncontrolled,Not Applicable,Not Applicable,Not Applicable,Dry,Not Applicable,Clear,masthi venkatesh ayyangar road,near vashas,2. km,0.0,0.0
Bengaluru City,Basavanagudi Traffic PS,1.04432e+16,2022,1,2,Road Accidents,Junction,City/Town,Open area,Human Error,No,Simple Injury,Vehicle to Vehicle,Uncontrolled,Straight and flat,Others,Bitumen(Tar),Dry,Not Applicable,Clear,D M JUNCTION,BASAVANAGUDI POLICE STATION,0.1 KM,12.940029,77.5737
Bengaluru City,Basavanagudi Traffic PS,1.04432e+16,2022,1,2,Road Accidents,Curves,City/Town,Open area,Human Error,No,Fatal,Vehicle to Vehicle,Uncontrolled,Curve,Others,Bitumen(Tar),Dry,Not Applicable,Clear,8TH MAIN 4TH CROSS HANUMANTHNAGAR,BHARATH MEDICAL STORES,1.5 KM,0.0,0.0