DISTRICTNAME,UNITNAME,Crime_No,Year,RI,Noofvehicle_involved,Accident_Classification,Accident_Spot,Accident_Location,Accident_SubLocation,Main_Cause,Hit_Run,Severity,Collision_Type,Junction_Control,Road_Character,Road_Type,Surface_Type,Surface_Condition,Road_Condition,Weather,Accident_Road,Landmark_first,Distance_LandMark_First,Latitude,Longitude
Bengaluru City,Basavanagudi Traffic PS,1.04432e+16,2022,1,2,Road Accidents,Cross roads,City/Town,Open area,Human Error,No,Damage Only,Vehicle to Vehicle,Uncontrolled,Straight and flat,Two way,Bitumen(Tar),Dry,Not Applicable,Clear,8TH MAIN ROAD HANUMANTH NAGAR,NEAR CHANDRODAYA FILM THEATER,2 KM,0.0,0.0
Bengaluru City,Basavanagudi Traffic PS,1.04432e+16,2022,1,2,Road Accidents,Narrow road,City/Town,Near School or College,Not Applicable,No,Simple Injury,Vehicle to Vehicle,Not at  Junction,Others,One way,Not Applicable,Not Applicable,Not Applicable,Very Hot,"IN FRONT OF VIJAY COLLEGE, RV ROAD",NEAR VIJAYA COLLAGE,02 KM,0.0,0.0
Bengaluru City,Basavanagudi Traffic PS,1.04432e+16,2022,1,1,Road Accidents,Narrow road,City/Town,Near Bus stop,Human Error,No,Grievous Injury,Hit pedestrian,Uncontrolled,Steep Incline or Climb,Two way,Concrete,Dry,Not Applicable,Wind,Southend road,Near Nagasandra Circle,1 km,0.0,0.0
Bengaluru City,Basavanagudi Traffic PS,1.04432e+16,2022,1,2,Road Accidents,Junction,City/Town,Residential area,Human Error,Not Applicable,Simple Injury,Vehicle to Vehicle,Not Applicable,Not Applicable,Residential Street,Not Applicable,Dry,Not Applicable,Clear,NODEL HOSE  STREET,MADDEL HOSE STREET,50 MTR,0.0,0.0
Bengaluru City,Basavanagudi Traffic PS,1.04432e+16,2022,1,2,Road Accidents,Narrow road,City/Town,Open area,Human Error,Not Applicable,Damage Only,Vehicle to Vehicle,Uncontrolled,Straight and flat,Two way,Bitumen(Tar),Dry,Not Applicable,Cloudy,50FT Road HANUMANTH NAGAR,VINAYAKA CLINIC,2 KM,0.0,0.0
Bengaluru City,Basavanagudi Traffic PS,1.04432e+16,2022,1,2,Not Applicable,Not Applicable,City/Town,Open area,Human Error,No,Grievous Injury,Vehicle to Vehicle,Not Applicable,Not Applicable,Others,Not Applicable,Not Applicable,Not Applicable,Clear,HANUMNH NAGAR MAI ROAD,NEAR DAIRY,5,0.0,0.0
Bengaluru City,Basavanagudi Traffic PS,1.04432e+16,2022,1,2,Road Accidents,Cross roads,City/Town,Open area,Human Error,Not Applicable,Grievous Injury,Vehicle to Vehicle,Not Applicable,Others,Others,Not Applicable,Dry,Not Applicable,Clear,R V Raod,KHAJI JUNTION,1.5KM,0.0,0.0
Bengaluru City,Basavanagudi Traffic PS,1.04432e+16,2022,1,2,Road Accidents,Not Applicable,City/Town,Open area,Not Applicable,No,Grievous Injury,Vehicle to Vehicle,Controlled,Others,Others,Not Applicable,Dry,Not Applicable,Clear,vani vilasa road,shankar mata road,1.5km,0.0,0.0
Bengaluru City,Basavanagudi Traffic PS,1.04432e+16,2022,1,2,Road Accidents,Narrow road,City/Town,Residential area,Human Error,No,Damage Only,Vehicle to Vehicle,Uncontrolled,Straight and flat,Two way,Bitumen(Tar),Dry,No influence on accident,Clear,Ramanjena road,Ramanjaneya road,2 km,0.0,0.0
Bengaluru City,Basavanagudi Traffic PS,1.04432e+16,2022,1,2,Road Accidents,Cross roads,City/Town,Residential area,Human Error,No,Simple Injury,Vehicle to Vehicle,Uncontrolled,Curve and Incline,Two way,Bitumen(Tar),Dry,Not Applicable,Snow,Srinagar Pipe line road,Near madduramma temple,2 K.M,0.0,0.0
Bengaluru City,Basavanagudi Traffic PS,1.04432e+16,2022,1,2,Road Accidents,Junction,City/Town,Near office complex,Human Error,No,Simple Injury,Vehicle to Vehicle,Uncontrolled,Others,Two way,Bitumen(Tar),Dry,Not Applicable,Clear,"3rd Main road,Hanumanth nagar",Opp to Bank of Baroda,1.5 KM,0.0,0.0
Bengaluru City,Basavanagudi Traffic PS,1.04432e+16,2022,1,2,Road Accidents,Narrow road,City/Town,Residential area,Human Error,Not Applicable,Grievous Injury,Vehicle to Vehicle,Uncontrolled,Straight and flat,Two way,Bitumen(Tar),Dry,Not Applicable,Clear,"1st Cross,  Hanumantha Nagar",infronto house no 658,2km,0.0,0.0
Bengaluru City,Basavanagudi Traffic PS,1.04432e+16,2022,1,2,Road Accidents,Junction,City/Town,Open area,Not Applicable,No,Grievous Injury,Vehicle to Vehicle,Controlled,Not Applicable,Others,Not Applicable,Dry,Not Applicable,Clear,RV ROAD,LALBHAG JUNTION,1.5KM,0.0,0.0
Bengaluru City,Basavanagudi Traffic PS,1.04432e+16,2022,1,2,Road Accidents,Junction,City/Town,Open area,Human Error,No,Grievous Injury,Vehicle to Vehicle,Controlled,Not Applicable,Others,Not Applicable,Dry,Not Applicable,Clear,N.R COLONY MAIN ROAD,NEAR HERIGE HOSPITAL,1.5KM,0.0,0.0
Bengaluru City,Basavanagudi Traffic PS,1.04432e+16,2022,1,2,Road Accidents,Junction,City/Town,Near Bus stop,Human Error,No,Grievous Injury,Vehicle to Vehicle,Uncontrolled,Straight and flat,Others,Bitumen(Tar),Dry,Not Applicable,Clear,3rd Main road,Near Bank of baroda,1.5 KM,0.0,0.0
Bengaluru City,Basavanagudi Traffic PS,1.04432e+16,2022,1,2,Road Accidents,Cross roads,City/Town,Residential area,Human Error,No,Simple Injury,Vehicle to Vehicle,Uncontrolled,Straight and flat,Others,Bitumen(Tar),Dry,Not Applicable,Clear,PUTTANNA ROAD JUNCTION,MALLIKARJUN TEMPLE,0.3KM,0.0,0.0
Bengaluru City,Basavanagudi Traffic PS,1.04432e+16,2022,1,1,Road Accidents,Cross roads,City/Town,Open area,Human Error,No,Simple Injury,Hit pedestrian,Uncontrolled,Straight and flat,Residential Street,Bitumen(Tar),Dry,Not Applicable,Clear,80ft road hanumanth nagar,shankar nag circle,3.5km,0.0,0.0
Bengaluru City,Basavanagudi Traffic PS,1.04432e+16,2022,1,1,Road Accidents,Not Applicable,City/Town,At pedestrian Crossing,Human Error,No,Grievous Injury,Hit pedestrian,Not Applicable,Not Applicable,Not Applicable,Not Applicable,Dry,Not Applicable,Clear,NEAR BANDI MAKALI TEMPLE,BRUNDHAVAN ROAD,2KM,0.0,0.0
Bengaluru City,Basavanagudi Traffic PS,1.04432e+16,2022,1,2,Road Accidents,Junction,City/Town,Open area,Human Error,Not Applicable,Simple Injury,Vehicle to Vehicle,Uncontrolled,Straight and flat,Two way,Bitumen(Tar),Dry,No influence on accident,Clear,K R Road,GANESH TEMPLE DM CIRCLE,0.2KM,0.0,0.0
Bengaluru City,Basavanagudi Traffic PS,1.04432e+16,2022,1,2,Road Accidents,Not Applicable,City/Town,Near a religious place,Human Error,Not Applicable,Simple Injury,Not Applicable,Not at  Junction,Curve,Not Applicable,Not Applicable,Dry,Not Applicable,Clear,RAMANJANEYA ROAD,NEAR SHANI MAHATMA TEMPLE ROAD,2.5KM,0.0,0.0
Bengaluru City,Basavanagudi Traffic PS,1.04432e+16,2022,1,1,Road Accidents,Not Applicable,City/Town,Near Hospital,Not Applicable,No,Simple Injury,Hit pedestrian,Controlled,Not Applicable,Others,Not Applicable,Dry,Not Applicable,Clear,bul temple road,shekar hospital road,2.5km,0.0,0.0
Bengaluru City,Basavanagudi Traffic PS,1.04432e+16,2022,1,2,Road Accidents,Junction,City/Town,Near Petrol Pump,Human Error,No,Grievous Injury,Vehicle to Vehicle,Uncontrolled,Straight and flat,Others,Bitumen(Tar),Dry,Not Applicable,Fog / Mist,50 feet road,Infront of H P Petrol bunk,2km,0.0,0.0
Bengaluru City,Basavanagudi Traffic PS,1.04432e+16,2022,1,2,Road Accidents,Junction,City/Town,Near School or College,Human Error,No,Damage Only,Vehicle to Vehicle,Signals (Working),Straight and flat,Others,Bitumen(Tar),Dry,Not Applicable,Others,National College junction,National college signal,0.5 KM,0.0,0.0
Bengaluru City,Basavanagudi Traffic PS,1.04432e+16,2022,1,1,Road Accidents,Curves,City/Town,Open area,Human Error,No,Grievous Injury,Hit pedestrian,Uncontrolled,Curve,Others,Bitumen(Tar),Dry,Not Applicable,Clear,K R Road,D M Junction,0.2 KM,0.0,0.0
Bengaluru City,Basavanagudi Traffic PS,1.04432e+16,2022,1,2,Road Accidents,Not Applicable,City/Town,Near Petrol Pump,Human Error,No,Damage Only,Not Applicable,Controlled,Not Applicable,Not Applicable,Not Applicable,Not Applicable,Not Applicable,Clear,50fit road,canara bank opp,3.5km,0.0,0.0
Bengaluru City,Basavanagudi Traffic PS,1.04432e+16,2022,1,1,Road Accidents,Junction,City/Town,Open area,Human Error,No,Damage Only,Not Applicable,Controlled,Slight Curve,Not Applicable,Not Applicable,Not Applicable,Not Applicable,Clear,80 FIT ROAD,Vidyapeeta Junction,3.5KM,0.0,0.0
Bengaluru City,Basavanagudi Traffic PS,1.04432e+16,2022,1,1,Not Applicable,Not Applicable,City/Town,Open area,Not Applicable,Not Applicable,Damage Only,Not Applicable,Not Applicable,Not Applicable,Not Applicable,Not Applicable,Not Applicable,Not Applicable,Clear,k.r road,corner house,1.5km,0.0,0.0
Bengaluru City,Basavanagudi Traffic PS,1.04432e+16,2022,1,1,Road Accidents,Narrow road,City/Town,Near School or College,Human Error,Yes,Simple Injury,Hit pedestrian,Uncontrolled,Straight and flat,Two way,Bitumen(Tar),Dry,Not Applicable,Clear,"5th main road, chamarajapet",IN FRONT OF ATHENA SCHOOL,2.5 km,0.0,0.0
Bengaluru City,Basavanagudi Traffic PS,1.04432e+16,2022,1,1,Road Accidents,Cross roads,City/Town,Near School or College,Human Error,Yes,Simple Injury,Hit pedestrian,Uncontrolled,Straight and flat,Two way,Bitumen(Tar),Dry,No influence on accident,Clear,"5th main road, chamarajapet",ATHENA SCHOOL,2.5KM,0.0,0.0
Bengaluru City,Basavanagudi Traffic PS,1.04432e+16,2022,1,2,Road Accidents,Junction,City/Town,Open area,Human Error,Yes,Damage Only,Vehicle to Vehicle,Signal lights Blinking,Others,Others,Bitumen(Tar),Not Applicable,Not Applicable,Clear,BULL TEMPLE ROAD,Near Junction,2.5 km,0.0,0.0
Bengaluru City,Basavanagudi Traffic PS,1.04432e+16,2022,1,2,Road Accidents,Not Applicable,City/Town,Open area,Human Error,No,Grievous Injury,Vehicle to Vehicle,Controlled,Others,Two way,Not Applicable,Dry,Not Applicable,Clear,K.R ROAD,NEAR JWALAMALA PRESS,25FT,0.0,0.0
Bengaluru City,Basavanagudi Traffic PS,1.04432e+16,2022,1,2,Not Applicable,Circle,City/Town,Open area,Not Applicable,Not Applicable,Grievous Injury,Vehicle to Vehicle,Not Applicable,Not Applicable,Others,Concrete,Dry,Not Applicable,Clear,K R Road,tagoore circle,100mtr,12.944554,77.573587
Bengaluru City,Basavanagudi Traffic PS,1.04432e+16,2022,1,2,Road Accidents,Junction,City/Town,Near School or College,Human Error,No,Fatal,Vehicle to Vehicle,Signal lights Blinking,Others,Others,Bitumen(Tar),Dry,No influence on accident,Very Cold,LALBHAGH WEST GATE JUNCTION,Lalbag west gate Junction,01 K M,0.0,0.0
Bengaluru City,Basavanagudi Traffic PS,1.04432e+16,2022,1,2,Road Accidents,Junction,City/Town,Open area,Human Error,No,Simple Injury,Vehicle to Vehicle,Uncontrolled,Straight and flat,Others,Bitumen(Tar),Dry,Not Applicable,Cloudy,DM JUNCTION,NEAR BASAVANAGUDI POLICE STATION,0.2 KM,0.0,0.0
Bengaluru City,Basavanagudi Traffic PS,1.04432e+16,2022,1,2,Road Accidents,Junction,City/Town,Near Petrol Pump,Human Error,No,Damage Only,Vehicle to Vehicle,Uncontrolled,Not Applicable,Others,Not Applicable,Dry,Not Applicable,Clear,KANAKAN PALYA MAIN ROAD,NEAR PETROL BUNK,1.5KM,0.0,0.0
Bengaluru City,Basavanagudi Traffic PS,1.04432e+16,2022,1,2,Road Accidents,Cross roads,City/Town,Near School or College,Human Error,No,Simple Injury,Vehicle to Vehicle,Uncontrolled,Curve,Two way,Bitumen(Tar),Dry,Not Applicable,Fog / Mist,"1ST CROSS, ASHOKANAGAR",KATRIGUPPE MAIN ROAD,1.5 KM,0.0,0.0
Bengaluru City,Basavanagudi Traffic PS,1.04432e+16,2022,1,2,Road Accidents,Narrow road,City/Town,Near School or College,Human Error,No,Grievous Injury,Vehicle to Vehicle,Uncontrolled,Straight and flat,One way,Concrete,Dry,Not Applicable,Cloudy,Southend road,infront of hari super sandwitch,0.75,0.0,0.0
Bengaluru City,Basavanagudi Traffic PS,1.04432e+16,2022,1,2,Road Accidents,Cross roads,City/Town,Open area,Human Error,No,Simple Injury,Vehicle to Vehicle,Uncontrolled,Straight and flat,Residential Street,Bitumen(Tar),Dry,Not Applicable,Clear,UMIYA SHARIF ROAD,KHAZI STREET,0.5 KM,12.942155,77.579197
Bengaluru City,Basavanagudi Traffic PS,1.04432e+16,2022,1,2,Road Accidents,Circle,City/Town,Open area,Human Error,No,Fatal,Vehicle to Vehicle,Uncontrolled,Straight and flat,Two way,Bitumen(Tar),Dry,Not Applicable,Clear,BULL TEMPLE ROAD,RAMAKRISHNA ASHRAMA ROAD,1.5 KM,12.9479805,77.5677204
Bengaluru City,Basavanagudi Traffic PS,1.04432e+16,2022,1,1,Road Accidents,Cross roads,City/Town,Open area,Human Error,Not Applicable,Simple Injury,Not Applicable,Uncontrolled,Others,Others,Not Applicable,Dry,Not Applicable,Clear,"FRONT OF #NO19, 4TH CROSS APS COLLEGE",APS COLLEGE,1 K.M,0.0,0.0
Bengaluru City,Basavanagudi Traffic PS,1.04432e+16,2022,1,2,Road Accidents,Junction,City/Town,Open area,Human Error,No,Damage Only,Vehicle to Vehicle,Uncontrolled,Straight and flat,Others,Bitumen(Tar),Dry,Not Applicable,Clear,"22ND MAIN ROAD,HANUMANTH NAGAR",VENKATESHWARA BAR,3 km,0.0,0.0
Bengaluru City,Basavanagudi Traffic PS,1.04432e+16,2022,1,2,Road Accidents,Circle,City/Town,Open area,Human Error,Not Applicable,Simple Injury,Vehicle to Vehicle,Uncontrolled,Straight and flat,Two way,Bitumen(Tar),Dry,Not Applicable,Clear,BULL TEMPLE ROAD,NEAR KAMATH HOTEL,1 KM,0.0,0.0
Bengaluru City,Basavanagudi Traffic PS,1.04432e+16,2022,1,2,Road Accidents,Junction,City/Town,Near Bus stop,Human Error,Yes,Damage Only,Not Applicable,Not Applicable,Curve,Two way,Bitumen(Tar),Others,Not Applicable,Clear,KR ROAD,KR ROAD,1.5 KM,0.0,0.0
Bengaluru City,Basavanagudi Traffic PS,1.04432e+16,2022,1,1,Road Accidents,Not Applicable,City/Town,Near School or College,Human Error,Yes,Grievous Injury,Hit pedestrian,Controlled,Not Applicable,Others,Not Applicable,Dry,Not Applicable,Clear,vani vilasa road,National College junction,25,0.0,0.0
Bengaluru City,Basavanagudi Traffic PS,1.04432e+16,2022,1,2,Road Accidents,Junction,City/Town,Near office complex,Human Error,Yes,Damage Only,Vehicle to Vehicle,Controlled,Others,Two way,Bitumen(Tar),Dry,Not Applicable,Clear,K R Road,Yediyur Junction,1 K.M,0.0,0.0
Bengaluru City,Basavanagudi Traffic PS,1.04432e+16,2022,1,2,Road Accidents,Junction,City/Town,Residential area,Human Error,No,Grievous Injury,Vehicle to Vehicle,Uncontrolled,Steep Incline or Climb,Two way,Bitumen(Tar),Dry,Not Applicable,Very Hot,Umar Sharif road,Umarsharif & Kazi road Junction,0.5 KM,12.942155,77.579197
Bengaluru City,Basavanagudi Traffic PS,1.04432e+16,2022,1,2,Road Accidents,Circle,City/Town,Open area,Human Error,Not Applicable,Simple Injury,Vehicle to Vehicle,Uncontrolled,Straight and flat,Two way,Bitumen(Tar),Dry,Not Applicable,Clear,K R Road,NEAR BASAVANAGUDI POLICE STATION,0.2KM,12.940646,77.573788
Bengaluru City,Basavanagudi Traffic PS,1.04432e+16,2022,1,2,Road Accidents,Curves,City/Town,Near Petrol Pump,Human Error,No,Damage Only,Vehicle to Vehicle,Not Applicable,Not Applicable,Not Applicable,Not Applicable,Not Applicable,Not Applicable,Not Applicable,PARVATHAMMA ROAD,NEAR PETROL PUMP,1.5KM,0.0,0.0
Bengaluru City,Basavanagudi Traffic PS,1.04432e+16,2022,1,2,Road Accidents,Junction,City/Town,Open area,Human Error,No,Grievous Injury,Vehicle to Vehicle,Controlled,Not Applicable,Not Applicable,Not Applicable,Dry,Not Applicable,Clear,ASHOKANAGAR MAIN ROAD,3RD CROSS  ASHOKNAGAR,1.5KM,0.0,0.0
Bengaluru City,Basavanagudi Traffic PS,1.04432e+16,2022,1,2,Road Accidents,Junction,City/Town,Near School or College,Human Error,No,Damage Only,Vehicle to Vehicle,Controlled,Straight and flat,Two way,Concrete,Dry,Not Applicable,Clear,R.V.TEACHERS COLLEGE JUNCTION,R V ROAD,1 K.M,0.0,0.0
Bengaluru City,Basavanagudi Traffic PS,1.04432e+16,2022,1,1,Road Accidents,Not Applicable,City/Town,At pedestrian Crossing,Human Error,No,Simple Injury,Hit pedestrian,Uncontrolled,Not Applicable,Residential Street,Metalled,Dry,Not Applicable,Clear,RAMANJNEYA ROAD,SHANIMATHA TEMPLE,2.5KM,0.0,0.0
Bengaluru City,Basavanagudi Traffic PS,1.04432e+16,2022,1,2,Road Accidents,Cross roads,City/Town,Near Bus stop,Human Error,Not Applicable,Simple Injury,Vehicle to Vehicle,Uncontrolled,Straight and flat,Two way,Bitumen(Tar),Dry,Not Applicable,Cloudy,"80FT ROAD,SRINIVASA NAGAR",LIBERTY SHOWROOM,2 KM,0.0,0.0
Bengaluru City,Basavanagudi Traffic PS,1.04432e+16,2022,1,2,Road Accidents,Not Applicable,City/Town,Open area,Human Error,Not Applicable,Damage Only,Vehicle to Vehicle,Uncontrolled,Others,Residential Street,Not Applicable,Dry,Not Applicable,Clear,GOVINDAPPA ROAD,SAYI DEEP APT,50MTR,0.0,0.0
Bengaluru City,Basavanagudi Traffic PS,1.04432e+16,2023,1,1,Road Accidents,Offset,City/Town,Near Bus stop,Human Error,Not Applicable,Grievous Injury,Not Applicable,Uncontrolled,Straight and flat,Two way,Bitumen(Tar),Dry,Not Applicable,Cloudy,5th Main Road chamaraj pete,Near Bus stop,2.5km,12.957046,77.562353
Bengaluru City,Basavanagudi Traffic PS,1.04432e+16,2023,1,2,Road Accidents,Not Applicable,City/Town,Open area,Vehicle Defect,No,Grievous Injury,Vehicle to Vehicle,No signal lights,Others,Others,Bitumen(Tar),Dry,Not Applicable,Clear,PIPE LINE ROAD,MADDURAMMA TEMPLE,100MTR,12.946831,77.555608
Bengaluru City,Basavanagudi Traffic PS,1.04432e+16,2023,1,1,Road Accidents,Cross roads,City/Town,Open area,Not Applicable,No,Grievous Injury,Hit pedestrian,No signal lights,Others,Two way,Bitumen(Tar),Dry,Not Applicable,Clear,80 FEET ROAD,GANESHA JUSE CENTER,100MTR,12.938562,77.553868
Bengaluru City,Basavanagudi Traffic PS,1.04432e+16,2023,1,2,Road Accidents,Junction,City/Town,Residential area,Human Error,No,Grievous Injury,Vehicle to Vehicle,Uncontrolled,Straight and flat,Two way,Bitumen(Tar),Dry,Not Applicable,Cloudy,"80 feet , 7th main Road , Hanumantha nagar",80 Fet road,2Km,12.934197,77.558996
Bengaluru City,Basavanagudi Traffic PS,1.04432e+16,2023,1,2,Not Applicable,Circle,City/Town,Open area,Not Applicable,No,Grievous Injury,Vehicle to Vehicle,Controlled,Others,Not Applicable,Bitumen(Tar),Dry,Not Applicable,Clear,VANIVILLAS ROAD Govindappa Road,Vanivilas Road Junction,0.5,0.0,0.0
Bengaluru City,Basavanagudi Traffic PS,1.04432e+16,2023,1,2,Road Accidents,Not Applicable,City/Town,Near School or College,Human Error,Not Applicable,Fatal,Not Applicable,Not Applicable,Not Applicable,Not Applicable,Not Applicable,Dry,Not Applicable,Clear,5th Main road,ADARSHA COLLEGE,2.5KM,0.0,0.0
Bengaluru City,Basavanagudi Traffic PS,1.04432e+16,2023,1,2,Road Accidents,Not Applicable,City/Town,Near Hospital,Not Applicable,No,Simple Injury,Vehicle to Vehicle,Not at  Junction,Others,One way,Bitumen(Tar),Dry,Not Applicable,Clear,RV ROAD,SOUTH END METRO STATION,50MTR,12.939336,77.580153
Bengaluru City,Basavanagudi Traffic PS,1.04432e+16,2023,1,2,Road Accidents,Junction,City/Town,Near School or College,Not Applicable,No,Simple Injury,Vehicle to Vehicle,No signal lights,Curve,Two way,Bitumen(Tar),Dry,Not Applicable,Clear,5TH MAIN CHAMARAJAPETE,TR MILL,50 MTR,12.957779,77.560632
Bengaluru City,Basavanagudi Traffic PS,1.04432e+16,2023,1,1,Road Accidents,Junction,City/Town,Near Hospital,Not Applicable,No,Fatal,Hit pedestrian,No signal lights,Others,Others,Bitumen(Tar),Dry,Not Applicable,Clear,BULL TEMPLE ROAD,SHEKAR HOSPITAL,200MTR,12.944956,77.567814
Bengaluru City,Basavanagudi Traffic PS,1.04432e+16,2023,1,3,Not Applicable,Not Applicable,City/Town,Residential area,Not Applicable,Yes,Damage Only,Vehicle to Vehicle,Not at  Junction,Straight and flat,One way,Bitumen(Tar),Dry,Not Applicable,Others,NO 44/A 1ST MAIN 1ST CROSS 1ST PHASE BANASHANKARI,COMPLAINANT HOME,50MTR,0.0,0.0
Bengaluru City,Basavanagudi Traffic PS,1.04432e+16,2023,1,1,Not Applicable,Not Applicable,City/Town,Open area,Not Applicable,No,Grievous Injury,Hit pedestrian,Controlled,Not Applicable,Not Applicable,Not Applicable,Others,Not Applicable,Clear,hanumantha nagar roa d,near post office,2.5km,0.0,0.0
Bengaluru City,Basavanagudi Traffic PS,1.04432e+16,2023,1,2,Not Applicable,Not Applicable,City/Town,Residential area,Not Applicable,No,Damage Only,Vehicle to Vehicle,Not Applicable,Others,Not Applicable,Not Applicable,Dry,Not Applicable,Clear,5th cross,RAGHAVENDRA BLOCK,3.5km,0.0,0.0
Bengaluru City,Basavanagudi Traffic PS,1.04432e+16,2023,1,1,Road Accidents,Cross roads,City/Town,Open area,Not Applicable,No,Simple Injury,Not Applicable,No signal lights,Others,Others,Bitumen(Tar),Dry,Not Applicable,Clear,6TH CROSS CHAMARAJ PET,5TH CROSS CHAMRAJ PET,100,0.0,0.0
Bengaluru City,Basavanagudi Traffic PS,1.04432e+16,2023,1,8,Road Accidents,Not Applicable,City/Town,Open area,Human Error,No,Damage Only,Vehicle to Vehicle,Not Applicable,Others,Others,Bitumen(Tar),Dry,Not Applicable,Clear,50 FEET ROAD,KUSUMA HOSPITAL,100MTR,12.942878,77.551041
Bengaluru City,Basavanagudi Traffic PS,1.04432e+16,2023,1,2,Road Accidents,Not Applicable,City/Town,Open area,Vehicle Defect,No,Damage Only,Vehicle to Vehicle,No signal lights,Others,Others,Bitumen(Tar),Dry,Not Applicable,Clear,50 FEET ROAD,HANUMANTHANAGAR,100MTR,12.941974,77.561034
Bengaluru City,Basavanagudi Traffic PS,1.04432e+16,2023,1,2,Road Accidents,Not Applicable,City/Town,Open area,Not Applicable,No,Damage Only,Vehicle to Vehicle,No signal lights,Others,One way,Bitumen(Tar),Dry,Not Applicable,Clear,RV ROAD,LALBAGH METRO STATION,50MTR,12.947024,77.580023
Bengaluru City,Basavanagudi Traffic PS,1.04432e+16,2023,1,1,Not Applicable,Junction,City/Town,Open area,Not Applicable,No,Grievous Injury,Not Applicable,Signal lights Automatic,Slight Curve,Others,Bitumen(Tar),Dry,Not Applicable,Clear,YADIYUR JUNCTION,YADIYUR JUNCTION,50 MTR,0.0,0.0
Bengaluru City,Basavanagudi Traffic PS,1.04432e+16,2023,1,2,Road Accidents,Junction,City/Town,Open area,Not Applicable,No,Grievous Injury,Vehicle to Vehicle,Police / Manual,Others,Others,Bitumen(Tar),Dry,No influence on accident,Clear,RV ROAD,NEAR SOUTH END METRO STATION,100MTR,0.0,0.0
Bengaluru City,Basavanagudi Traffic PS,1.04432e+16,2023,1,2,Road Accidents,Junction,City/Town,Open area,Not Applicable,No,Grievous Injury,Vehicle to Vehicle,Not at  Junction,Others,Others,Bitumen(Tar),Dry,Not Applicable,Clear,LALBAG WESTGATE JUNCTION,LALBHAG WEST GATE,100MTR,12.94792,77.580315
Bengaluru City,Basavanagudi Traffic PS,1.04432e+16,2023,1,1,Road Accidents,Narrow road,City/Town,Open area,Not Applicable,No,Simple Injury,Vehicle to Vehicle,Not at  Junction,Others,Two way,Bitumen(Tar),Dry,Not Applicable,Clear,50 FEET ROAD,NEAR PARIJATHA STORE,100MTR,12.943002,77.553616
Bengaluru City,Basavanagudi Traffic PS,1.04432e+16,2023,1,2,Road Accidents,Junction,City/Town,Open area,Not Applicable,Yes,Grievous Injury,Vehicle to Vehicle,No signal lights,Others,Two way,Bitumen(Tar),Dry,Not Applicable,Clear,KANAKAPALYA,TRINITY HOSPITAL,50MTR,12.943667,77.579505
Bengaluru City,Basavanagudi Traffic PS,1.04432e+16,2023,1,2,Road Accidents,Not Applicable,City/Town,Open area,Not Applicable,No,Simple Injury,Vehicle to Vehicle,Not Applicable,Straight and flat,Others,Bitumen(Tar),Not Applicable,Not Applicable,Clear,GAVIPURA MASTI VENKATESHA AIYANGER ROAD,NEAR SHESSHA SAI APPARTMENT,0.5,0.0,0.0
Bengaluru City,Basavanagudi Traffic PS,1.04432e+16,2023,1,4,Road Accidents,Narrow road,City/Town,Open area,Not Applicable,Not Applicable,Damage Only,Vehicle to Vehicle,Not Applicable,Others,One way,Bitumen(Tar),Others,Not Applicable,Clear,13TH MAIN,13TH MAIN,50MTR,0.0,0.0
Bengaluru City,Basavanagudi Traffic PS,1.04432e+16,2023,1,2,Road Accidents,Narrow road,City/Town,Open area,Not Applicable,No,Grievous Injury,Vehicle to Vehicle,No signal lights,Not Applicable,Others,Bitumen(Tar),Dry,Not Applicable,Clear,KR ROAD,KR ROAD,100,12.938357,77.573789
Bengaluru City,Basavanagudi Traffic PS,1.04432e+16,2023,1,2,Not Applicable,Not Applicable,City/Town,Open area,Not Applicable,No,Grievous Injury,Hit pedestrian,Not at  Junction,Curve,Not Applicable,Not Applicable,Dry,Not Applicable,Clear,NR COLONY,KATTE BALAGA POST OFFICE NEAR,100MTR,0.0,0.0
Bengaluru City,Basavanagudi Traffic PS,1.04432e+16,2023,1,2,Road Accidents,Not Applicable,City/Town,Open area,Vehicle Defect,No,Grievous Injury,Vehicle to Vehicle,No signal lights,Not Applicable,Others,Bitumen(Tar),Dry,Not Applicable,Clear,RAMANJNEYA ROAD,SHANI MAHATMA TEMPLE,100MTR,12.944796,77.556701
Bengaluru City,Basavanagudi Traffic PS,1.04432e+16,2023,1,2,Road Accidents,Circle,City/Town,Open area,Human Error,No,Grievous Injury,Vehicle to Vehicle,Uncontrolled,Curve,Others,Bitumen(Tar),Dry,Not Applicable,Cloudy,Nagasandra circal,Nagasandra crical,1 km,12.936811,77.572877
Bengaluru City,Basavanagudi Traffic PS,1.04432e+16,2023,1,2,Road Accidents,Cross roads,City/Town,Residential area,Human Error,Not Applicable,Grievous Injury,Vehicle to Vehicle,Uncontrolled,Not Applicable,Residential Street,Bitumen(Tar),Dry,Not Applicable,Cloudy,50 FEET ROAD HANUMANTHANAGAR,50 fit road ganesh clinic,2.5 km,12.941775,77.556926
Bengaluru City,Basavanagudi Traffic PS,1.04432e+16,2023,1,1,Road Accidents,Not Applicable,City/Town,Open area,Not Applicable,Not Applicable,Grievous Injury,Not Applicable,No signal lights,Hump,One way,Bitumen(Tar),Dry,Not Applicable,Clear,KANAKA PALYA ROAD,TRINITY HOSPITAL,50MTR,12.944393,77.579659
Bengaluru City,Basavanagudi Traffic PS,1.04432e+16,2023,1,2,Road Accidents,Cross roads,City/Town,Open area,Vehicle Defect,No,Fatal,Vehicle to Vehicle,No signal lights,Others,Not Applicable,Bitumen(Tar),Others,Not Applicable,Clear,GOVINDAPPA ROAD,NEAR SBI BANK,200MTR,12.946948,77.573314
Bengaluru City,Basavanagudi Traffic PS,1.04432e+16,2023,1,2,Road Accidents,Cross roads,City/Town,Open area,Not Applicable,Yes,Simple Injury,Vehicle to Vehicle,Signals (Working),Straight and flat,Others,Bitumen(Tar),Not Applicable,Not Applicable,Clear,NO 66/89 SOUTHCROSS ROAD BASAVANAGUDI,NEAR CHAITHANYA STORES,150MTR,0.0,0.0