DISTRICTNAME,UNITNAME,Crime_No,Year,RI,Noofvehicle_involved,Accident_Classification,Accident_Spot,Accident_Location,Accident_SubLocation,Main_Cause,Hit_Run,Severity,Collision_Type,Junction_Control,Road_Character,Road_Type,Surface_Type,Surface_Condition,Road_Condition,Weather,Accident_Road,Landmark_first,Distance_LandMark_First,Latitude,Longitude
Bengaluru City,Basavanagudi Traffic PS,1.04432e+16,2023,1,2,Road Accidents,Junction,City/Town,Open area,Not Applicable,No,Grievous Injury,Vehicle to Vehicle,Controlled,Not Applicable,Not Applicable,Not Applicable,Dry,Not Applicable,Clear,rv road,lalbhag juntion,1km,0.0,0.0
Bengaluru City,Basavanagudi Traffic PS,1.04432e+16,2023,1,2,Road Accidents,Junction,City/Town,Open area,Not Applicable,No,Damage Only,Vehicle to Vehicle,Signals (Working),Others,Others,Bitumen(Tar),Dry,Not Applicable,Clear,LALBAG WESTGATE JUNCTION,Lalbag west gate Junction,50MTR,0.0,0.0
Bengaluru City,Basavanagudi Traffic PS,1.04432e+16,2023,1,2,Road Accidents,Not Applicable,City/Town,Open area,Not Applicable,No,Damage Only,Vehicle to Vehicle,No signal lights,Others,Mixed,Bitumen(Tar),Dry,Not Applicable,Clear,MADDURAMMA TEMPLE NEAR 50 FEET RD,MADDURAMMA TEMPLE,100MTR,0.0,0.0
Bengaluru City,Basavanagudi Traffic PS,1.04432e+16,2023,1,2,Road Accidents,Junction,City/Town,Open area,Not Applicable,No,Simple Injury,Vehicle to Vehicle,Signal lights Automatic,Others,Others,Not Applicable,Dry,Not Applicable,Clear,NATIONAL COLLEGE JUNCTION,National College junction,100MTR,12.951019,77.573879
Bengaluru City,Basavanagudi Traffic PS,1.04432e+16,2023,1,2,Road Accidents,Narrow road,City/Town,Open area,Not Applicable,No,Grievous Injury,Vehicle to Vehicle,No signal lights,Not Applicable,Others,Bitumen(Tar),Dry,Not Applicable,Clear,5th main road chamaraj pet,NEAR INDIAN PETROL BUNK,100MTR,0.0,0.0
Bengaluru City,Basavanagudi Traffic PS,1.04432e+16,2023,1,2,Road Accidents,Not Applicable,City/Town,Open area,Not Applicable,No,Simple Injury,Vehicle to Vehicle,No signal lights,Not Applicable,Two way,Bitumen(Tar),Dry,Not Applicable,Clear,AVALAHALLI MAIN ROAD,50 FEET ROAD,500MTR,0.0,0.0
Bengaluru City,Basavanagudi Traffic PS,1.04432e+16,2023,1,1,Not Applicable,Narrow road,City/Town,Open area,Not Applicable,Yes,Grievous Injury,Hit pedestrian,Not at  Junction,Others,Others,Bitumen(Tar),Dry,Not Applicable,Clear,RAMANJNEYA ROAD,RAMANJNEYA ROAD,50 MTR,12.944923,77.558273
Bengaluru City,Basavanagudi Traffic PS,1.04432e+16,2023,1,1,Road Accidents,Not Applicable,City/Town,Open area,Not Applicable,No,Simple Injury,Vehicle to Vehicle,No signal lights,Not Applicable,Others,Bitumen(Tar),Dry,Not Applicable,Clear,NO 553,RAGI MICHION,100MTR,12.942231,77.556248
Bengaluru City,Basavanagudi Traffic PS,1.04432e+16,2023,1,2,Road Accidents,Junction,City/Town,Open area,Not Applicable,No,Simple Injury,Vehicle to Vehicle,Signals (Working),Straight and flat,Others,Bitumen(Tar),Dry,Not Applicable,Clear,YADIYUR JUNCTION AND MNK RAO ROAD JUNCTION KR ROAD,MNK RAO JUNCTION,0.5,0.0,0.0
Bengaluru City,Basavanagudi Traffic PS,1.04432e+16,2023,1,2,Road Accidents,Narrow road,City/Town,Near Petrol Pump,Human Error,No,Grievous Injury,Vehicle to Vehicle,Not Applicable,Not Applicable,Not Applicable,Not Applicable,Dry,Not Applicable,Clear,RV ROAD,NATAYA GAS BUNK,1KM,0.0,0.0
Bengaluru City,Basavanagudi Traffic PS,1.04432e+16,2023,1,2,Road Accidents,Not Applicable,City/Town,Open area,Not Applicable,No,Simple Injury,Vehicle to Vehicle,No signal lights,Others,Not Applicable,Bitumen(Tar),Dry,Not Applicable,Clear,5th MAIN ROAD,PETROL BUNK,50 MTR,0.0,0.0
Bengaluru City,Basavanagudi Traffic PS,1.04432e+16,2023,1,2,Not Applicable,Not Applicable,City/Town,Open area,Not Applicable,No,Damage Only,Vehicle to Vehicle,No signal lights,Not Applicable,Not Applicable,Not Applicable,Dry,Not Applicable,Clear,KR ROAD BASAVANAGUDI,KR ROAD,50MTR,0.0,0.0
Bengaluru City,Basavanagudi Traffic PS,1.04432e+16,2023,1,2,Road Accidents,Junction,City/Town,Open area,Not Applicable,Yes,Grievous Injury,Vehicle to Vehicle,Signal lights Automatic,Not Applicable,Others,Concrete,Dry,Not Applicable,Clear,LALBAG WESTGATE JUNCTION,LALBAG WESTGATE,50MTR,0.0,0.0
Bengaluru City,Basavanagudi Traffic PS,1.04432e+16,2023,1,2,Road Accidents,Not Applicable,City/Town,Open area,Not Applicable,No,Simple Injury,Vehicle to Vehicle,Not at  Junction,Others,Others,Bitumen(Tar),Dry,Not Applicable,Clear,KG NAGARA MAIN ROAD,KEMPEGOWDA STATUE,50MTR,12.949224,77.562469
Bengaluru City,Basavanagudi Traffic PS,1.04432e+16,2023,1,2,Road Accidents,Narrow road,City/Town,Residential area,Not Applicable,No,Fatal,Vehicle to Vehicle,No signal lights,Others,Two way,Bitumen(Tar),Dry,Not Applicable,Clear,10TH MAIN SRINAGARA,NEAR RAYAL TAILR,10MTR,12.942395,77.551017
Bengaluru City,Basavanagudi Traffic PS,1.04432e+16,2023,1,2,Road Accidents,Narrow road,City/Town,Near Bus stop,Human Error,No,Grievous Injury,Not Applicable,Uncontrolled,Straight and flat,Two way,Bitumen(Tar),Dry,Not Applicable,Clear,80 fit,80ft road,2.km,12.938333,77.556973
Bengaluru City,Basavanagudi Traffic PS,1.04432e+16,2023,1,2,Road Accidents,Narrow road,City/Town,Residential area,Not Applicable,Yes,Grievous Injury,Vehicle to Vehicle,No signal lights,Others,Others,Bitumen(Tar),Dry,Not Applicable,Clear,MODEL HOUSE STREET,RAGAVENDRA SWANY MATT,100MTR,0.0,0.0
Bengaluru City,Basavanagudi Traffic PS,1.04432e+16,2023,1,2,Road Accidents,Junction,City/Town,Open area,Not Applicable,No,Simple Injury,Vehicle to Vehicle,Signal lights Automatic,Others,Others,Bitumen(Tar),Not Applicable,Not Applicable,Clear,National College junction,PWSSB OFFICE,1KM,12.950842,77.573494
Bengaluru City,Basavanagudi Traffic PS,1.04432e+16,2023,1,1,Road Accidents,Curves,City/Town,Residential area,Not Applicable,No,Simple Injury,Hit pedestrian,Not Applicable,Others,Residential Street,Not Applicable,Dry,Not Applicable,Clear,MALLIKARJUNA TEMPLE STREET ROAD,APS SCHOOL NEAR,100MTR,0.0,0.0
Bengaluru City,Basavanagudi Traffic PS,1.04432e+16,2023,1,2,Road Accidents,Cross roads,City/Town,Near School or College,Not Applicable,Not Applicable,Not Applicable,Vehicle to Vehicle,No signal lights,Curve,Others,Bitumen(Tar),Dry,Not Applicable,Clear,2ND MAIN 9TH CROSS GAVIPURMA,2ND GAVIPURMA EXTETION,100 MT,12.94146,77.525317
Bengaluru City,Basavanagudi Traffic PS,1.04432e+16,2023,1,2,Road Accidents,Bottleneck,City/Town,Near Bus stop,Human Error,No,Damage Only,Vehicle to Vehicle,Controlled,Others,Two way,Bitumen(Tar),Dry,Not Applicable,Cloudy,KR ROAD,1KM,1KM,12.93882,77.57385
Bengaluru City,Basavanagudi Traffic PS,1.04432e+16,2023,1,2,Road Accidents,Curves,City/Town,Open area,Not Applicable,No,Grievous Injury,Vehicle to Vehicle,No signal lights,Others,Two way,Bitumen(Tar),Others,Not Applicable,Clear,UTTARADI MATT ROAD,UTTARADI MATT,50MTR,12.948463,77.572209
Bengaluru City,Basavanagudi Traffic PS,1.04432e+16,2023,1,2,Road Accidents,Narrow road,City/Town,Open area,Not Applicable,Yes,Grievous Injury,Vehicle to Vehicle,Not at  Junction,Others,Others,Bitumen(Tar),Dry,Not Applicable,Clear,KALIDAS CIRCLE,NO 91 22 2ND CROSS 2ND CROSS,100MTR,12.951246,77.549543
Bengaluru City,Basavanagudi Traffic PS,1.04432e+16,2023,1,2,Not Applicable,Not Applicable,City/Town,Residential area,Not Applicable,Yes,Damage Only,Vehicle to Vehicle,Not Applicable,Straight and flat,Residential Street,Bitumen(Tar),Dry,Not Applicable,Not Applicable,NO 104 PRASHANTHI BALU ENCLAVE SOUTH CROSS ROAD,OSUTH CROSS ROAD,1 KM,0.0,0.0
Bengaluru City,Basavanagudi Traffic PS,1.04432e+16,2023,1,2,Road Accidents,Not Applicable,City/Town,Open area,Not Applicable,No,Grievous Injury,Vehicle to Vehicle,Signals (Working),Others,Mixed,Bitumen(Tar),Not Applicable,Not Applicable,Clear,YADIYUR JUNCTION,OLD KANAKAPUARA ROAD,50,0.0,0.0
Bengaluru City,Basavanagudi Traffic PS,1.04432e+16,2023,1,2,Not Applicable,Not Applicable,City/Town,Open area,Not Applicable,No,Grievous Injury,Vehicle to Vehicle,No signal lights,Others,Others,Bitumen(Tar),Dry,Not Applicable,Clear,WATER TANK ROAD,NEAR PES COLLEGE,100MTR,0.0,0.0
Bengaluru City,Basavanagudi Traffic PS,1.04432e+16,2023,1,2,Road Accidents,Narrow road,City/Town,Open area,Not Applicable,No,Damage Only,Vehicle to Vehicle,No signal lights,Others,Not Applicable,Not Applicable,Others,Not Applicable,Clear,THYAGARAJ NAGAR QUATRESS,KEB QUATRESS,200MTR,0.0,0.0
Bengaluru City,Basavanagudi Traffic PS,1.04432e+16,2023,1,2,Road Accidents,Offset,City/Town,Open area,Not Applicable,Yes,Grievous Injury,Vehicle to Vehicle,No signal lights,Others,Two way,Bitumen(Tar),Dry,Not Applicable,Clear,NEAR GANESH BHAVANA,MOUNT JOY ROAD,100MTR,12.94462,77.564507
Bengaluru City,Basavanagudi Traffic PS,1.04432e+16,2023,1,2,Road Accidents,Junction,City/Town,Residential area,Not Applicable,No,Simple Injury,Vehicle to Vehicle,No signal lights,Curve,Others,Bitumen(Tar),Dry,Not Applicable,Clear,2ND CROSS 6TH MAIN ROAD JUNCTION HNAUMANTH NAGAR,2ND CROSS HANUMANTH NAGAR,100,12.9459,77.562253
Bengaluru City,Basavanagudi Traffic PS,1.04432e+16,2023,1,2,Other Railway Accidents,Not Applicable,City/Town,Residential area,Not Applicable,Yes,Grievous Injury,Vehicle to Vehicle,No signal lights,Others,Two way,Bitumen(Tar),Dry,Not Applicable,Clear,5TH MAIN CHAMARAJAPETE,ADARSHA COLLEGE,100MTR,12.956375,77.56143
Bengaluru City,Basavanagudi Traffic PS,1.04432e+16,2023,1,2,Road Accidents,Narrow road,City/Town,Near office complex,Human Error,No,Grievous Injury,Vehicle to Vehicle,Uncontrolled,Straight and flat,Others,Bitumen(Tar),Dry,Not Applicable,Cloudy,R V ROAD,LALBHAGH METRO STATION,1.5KM,12.947799,77.580014
Bengaluru City,Basavanagudi Traffic PS,1.04432e+16,2023,1,2,Road Accidents,Not Applicable,City/Town,Near School or College,Not Applicable,No,Simple Injury,Vehicle to Vehicle,Not at  Junction,Others,Residential Street,Bitumen(Tar),Dry,Not Applicable,Clear,BMS HOSTAL ROAD NR COLONY,DATTATREYA TEMPLE,100mtr,0.0,0.0
Bengaluru City,Basavanagudi Traffic PS,1.04432e+16,2023,1,2,Not Applicable,Narrow road,City/Town,Open area,Not Applicable,Yes,Grievous Injury,Vehicle to Vehicle,Not at  Junction,Others,Others,Bitumen(Tar),Dry,Not Applicable,Clear,3rd cross kattebalaga park,KATTEBALAGA PARK,50 MTR,12.938499,77.567985
Bengaluru City,Basavanagudi Traffic PS,1.04432e+16,2023,1,1,Road Accidents,Not Applicable,City/Town,Open area,Not Applicable,No,Grievous Injury,Vehicle to Vehicle,Not at  Junction,Others,Others,Bitumen(Tar),Dry,Not Applicable,Clear,PATALAMMA ROAD,JRR TOWER,100MTR,0.0,0.0
Bengaluru City,Basavanagudi Traffic PS,1.04432e+16,2023,1,2,Road Accidents,Cross roads,City/Town,Near School or College,Not Applicable,Not Applicable,Grievous Injury,Vehicle to Vehicle,Signals (Working),Not Applicable,Others,Bitumen(Tar),Dry,Not Applicable,Clear,BUGAL ROCK ROAD BASAVANAGUDI,BUGAL ROCK ROAD BASAVANAGUDI,100,12.943631,77.568758
Bengaluru City,Basavanagudi Traffic PS,1.04432e+16,2023,1,1,Road Accidents,Narrow road,City/Town,Open area,Human Error,Yes,Grievous Injury,Hit pedestrian,Not at  Junction,Others,Others,Bitumen(Tar),Dry,Not Applicable,Clear,RAGAVENDRA BLOCK,5TH MAIN RD SRINAGAR,100MTR,12.946282,77.552291
Bengaluru City,Basavanagudi Traffic PS,1.04432e+16,2023,1,2,Road Accidents,Cross roads,City/Town,Residential area,Human Error,No,Grievous Injury,Vehicle to Vehicle,Uncontrolled,Others,Residential Street,Bitumen(Tar),Dry,Not Applicable,Fine,5TH Main Road  Thyagaraj Nagar,THYAGARAJ NAGAR,1.5 KM,12.935692,77.566773
Bengaluru City,Basavanagudi Traffic PS,1.04432e+16,2023,1,3,Road Accidents,Junction,City/Town,Open area,Not Applicable,No,Grievous Injury,Vehicle to Vehicle,No signal lights,Others,Others,Bitumen(Tar),Dry,Not Applicable,Clear,RV ROAD,SOUTH END METRO STATION,50,12.939427,77.580149
Bengaluru City,Basavanagudi Traffic PS,1.04432e+16,2023,1,2,Not Applicable,Not Applicable,City/Town,Near Hospital,Not Applicable,No,Simple Injury,Not Applicable,Not Applicable,Straight and flat,Two way,Bitumen(Tar),Dry,Not Applicable,Clear,NAGENDRAPPA BLOCK,NEAR KUSUMA HOSPITAL,0.5,0.0,0.0
Bengaluru City,Basavanagudi Traffic PS,1.04432e+16,2023,1,2,Road Accidents,Not Applicable,City/Town,Open area,Not Applicable,No,Simple Injury,Vehicle to Vehicle,No signal lights,Others,Others,Bitumen(Tar),Dry,Not Applicable,Clear,VASAVI CHOUTRY,SHESHMAHAL JUNCTION,100MTR,0.0,0.0
Bengaluru City,Basavanagudi Traffic PS,1.04432e+16,2023,1,1,Road Accidents,Narrow road,City/Town,Open area,Not Applicable,No,Grievous Injury,Hit pedestrian,No signal lights,Others,Two way,Bitumen(Tar),Dry,Not Applicable,Clear,80 FEET ROAD,NEAR SERMIX SHOP,100MTR,12.937444,77.560326
Bengaluru City,Basavanagudi Traffic PS,1.04432e+16,2023,1,2,Road Accidents,Junction,City/Town,Open area,Not Applicable,No,Grievous Injury,Vehicle to Vehicle,Signal lights Automatic,Others,State Highway,Bitumen(Tar),Dry,Not Applicable,Clear,RV JUNCTION,RV TEACHERS COLLEGE,100MTR,12.933677,77.586407
Bengaluru City,Basavanagudi Traffic PS,1.04432e+16,2023,1,1,Not Applicable,Not Applicable,City/Town,Open area,Not Applicable,No,Grievous Injury,Hit pedestrian,No signal lights,Not Applicable,Two way,Bitumen(Tar),Dry,Not Applicable,Clear,80 feet road,Khadim shoe room,50 mtr,0.0,0.0
Bengaluru City,Basavanagudi Traffic PS,1.04432e+16,2023,1,2,Road Accidents,Cross roads,City/Town,Near Bus stop,Not Applicable,Yes,Grievous Injury,Vehicle to Vehicle,No signal lights,Curve,One way,Bitumen(Tar),Wet,Not Applicable,Clear,4TH CROSS DEVI DARASHAN HANUMANTH NAGAR,DEVI DARSHAN HANUMANTH NAGAR,100,12.932857,77.546942
Bengaluru City,Basavanagudi Traffic PS,1.04432e+16,2023,1,1,Road Accidents,Curves,City/Town,Residential area,Human Error,No,Grievous Injury,Hit pedestrian,Uncontrolled,Others,Residential Street,Bitumen(Tar),Dry,Not Applicable,Clear,R V ROAD,Near Vijaya college,1km,12.941511,77.58091
Bengaluru City,Basavanagudi Traffic PS,1.04432e+16,2023,1,2,Road Accidents,Not Applicable,City/Town,Open area,Not Applicable,No,Damage Only,Vehicle to Vehicle,No signal lights,Others,Others,Bitumen(Tar),Dry,Not Applicable,Clear,6TH CROSS JUNCTION,6TH CROSS JUNCTION,100MTR,12.9459,77.562253
Bengaluru City,Basavanagudi Traffic PS,1.04432e+16,2023,1,1,Road Accidents,Narrow road,City/Town,Residential area,Not Applicable,No,Damage Only,Vehicle to Vehicle,No signal lights,Others,Others,Bitumen(Tar),Dry,Not Applicable,Clear,nijaguna road,shekar hospital,500MTR,12.93614,77.571732
Bengaluru City,Basavanagudi Traffic PS,1.04432e+16,2023,1,2,Road Accidents,Cross roads,City/Town,Open area,Vehicle Defect,No,Damage Only,Vehicle to Vehicle,No signal lights,Others,Others,Bitumen(Tar),Dry,Not Applicable,Clear,KANAKANAPALYA ROAD,TRINITY HOSPITAL,50MTR,12.944124,77.57902
Bengaluru City,Basavanagudi Traffic PS,1.04432e+16,2023,1,2,Road Accidents,Junction,City/Town,Open area,Human Error,No,Grievous Injury,Vehicle to Vehicle,Not Applicable,Not Applicable,Others,Not Applicable,Not Applicable,Not Applicable,Clear,mnk rov road,lalbhag juntion,1km,0.0,0.0
Bengaluru City,Basavanagudi Traffic PS,1.04432e+16,2023,1,2,Road Accidents,Not Applicable,City/Town,Open area,Not Applicable,No,Grievous Injury,Vehicle to Vehicle,Not Applicable,Others,Others,Bitumen(Tar),Others,Not Applicable,Others,50 FEET ROAD,SOUTH JUCE CENTER,100MTR,12.941854,77.561058
Bengaluru City,Basavanagudi Traffic PS,1.04432e+16,2023,1,2,Road Accidents,Narrow road,City/Town,Open area,Not Applicable,No,Grievous Injury,Vehicle to Vehicle,Not at  Junction,Others,Others,Bitumen(Tar),Dry,Not Applicable,Clear,6th MAIN 1ST CROSS ASHOK NAGAR,NEAR APEX TUTORIAL,100MTR,12.940798,77.565956
Bengaluru City,Basavanagudi Traffic PS,1.04432e+16,2023,1,2,Road Accidents,Junction,City/Town,Open area,Not Applicable,Yes,Grievous Injury,Vehicle to Vehicle,Signals (Working),Not Applicable,Others,Bitumen(Tar),Not Applicable,Not Applicable,Clear,R V Road,Lalbag west gate Junction,100,0.0,0.0
Bengaluru City,Basavanagudi Traffic PS,1.04432e+16,2023,1,2,Road Accidents,Narrow road,City/Town,Open area,Not Applicable,No,Simple Injury,Not Applicable,Not at  Junction,Not Applicable,Two way,Bitumen(Tar),Dry,Not Applicable,Clear,DATTATREYA NAGAR,DATHATREYA NAGAR,100MTR,0.0,0.0
Bengaluru City,Basavanagudi Traffic PS,1.04432e+16,2023,1,2,Not Applicable,Circle,City/Town,Open area,Human Error,No,Damage Only,Vehicle to Vehicle,Uncontrolled,Straight and flat,Others,Concrete,Dry,Not Applicable,Clear,R v Road,Rv road,1km,12.943638,77.580192
Bengaluru City,Basavanagudi Traffic PS,1.04432e+16,2023,1,2,Road Accidents,Narrow road,City/Town,Near Hospital,Human Error,No,Simple Injury,Vehicle to Vehicle,Not Applicable,Not Applicable,Two way,Bitumen(Tar),Dry,Not Applicable,Clear,kanakpalya,Near treenty Hospital,1km,12.943595,77.579289
Bengaluru City,Basavanagudi Traffic PS,1.04432e+16,2023,1,1,Road Accidents,Not Applicable,City/Town,Residential area,Not Applicable,No,Simple Injury,Hit pedestrian,No signal lights,Others,Others,Bitumen(Tar),Others,Not Applicable,Clear,PIPELINE ROAD,PIPELINE ROAD,100MTR,12.945886,77.556415
Bengaluru City,Basavanagudi Traffic PS,1.04432e+16,2023,1,2,Not Applicable,Cross roads,City/Town,Open area,Not Applicable,No,Grievous Injury,Vehicle to Vehicle,No signal lights,Others,One way,Bitumen(Tar),Others,Not Applicable,Clear,BUGAL ROCK ROAD,BMS  WOMEN COLLEGE,100MTR,12.944611,77.569453
Bengaluru City,Basavanagudi Traffic PS,1.04432e+16,2023,1,3,Road Accidents,Cross roads,City/Town,Near Hospital,Human Error,Not Applicable,Damage Only,Vehicle to Vehicle,No signal lights,Not Applicable,Two way,Concrete,Dry,Not Applicable,Clear,SOUTH END ROAD  NEAR NAGASANDRA CIRCLE BASAVANAGUDI,RIZARWARIER ROAD,50,12.936658,77.574008
Bengaluru City,Basavanagudi Traffic PS,1.04432e+16,2023,1,2,Road Accidents,Not Applicable,City/Town,Open area,Not Applicable,Yes,Damage Only,Vehicle to Vehicle,No signal lights,Others,Others,Bitumen(Tar),Dry,Not Applicable,Clear,UMAR SHARIF ROAD,UMARSHARIF ROAD,100MTR,12.942314,77.578624
Bengaluru City,Bellanduru Traffic PS,1.04432e+16,2023,1,1,Road Accidents,Not Applicable,City/Town,At pedestrian Crossing,Not Applicable,No,Grievous Injury,Hit pedestrian,Not Applicable,Others,Two way,Bitumen(Tar),Dry,Not Applicable,Clear,In front Of HM Symphony Apartments,KASAVANHALLI MAIN,4 Kms,12.900226,77.6754306
Bengaluru City,Bellanduru Traffic PS,1.04432e+16,2023,1,1,Road Accidents,Not Applicable,City/Town,Open area,Not Applicable,No,Grievous Injury,Not Applicable,Not Applicable,Not Applicable,Others,Not Applicable,Others,Not Applicable,Not Applicable,NEW 150 FT  KASONA ROAD,BHOGANAHALLI,4KM,0.0,0.0
Bengaluru City,Bellanduru Traffic PS,1.04432e+16,2023,1,1,Road Accidents,Cross roads,City/Town,Residential area,Not Applicable,No,Grievous Injury,Not Applicable,Not Applicable,Not Applicable,Others,Not Applicable,Dry,Not Applicable,Clear,"2ND CROSS, JAYARAMREDDY LAYOUT",2ND CROSS,3KM,12.9044709,77.6767701
Bengaluru City,Bellanduru Traffic PS,1.04432e+16,2023,1,2,Road Accidents,Narrow road,City/Town,Residential area,Not Applicable,Yes,Fatal,Vehicle to Vehicle,Not Applicable,Others,Two way,Bitumen(Tar),Dry,Not Applicable,Clear,HARALURU MAIN ROAD,HARALURU MAIN ROAD,3 km,12.916242,77.667734
Bengaluru City,Bellanduru Traffic PS,1.04432e+16,2023,1,1,Road Accidents,Not Applicable,City/Town,At pedestrian Crossing,Not Applicable,No,Grievous Injury,Hit pedestrian,Not Applicable,Others,Others,Bitumen(Tar),Dry,Not Applicable,Clear,SARJAPURA ROAD,Near Bellanduru POlice Station,2 Kms,12.919324,77.668156
Bengaluru City,Bellanduru Traffic PS,1.04432e+16,2023,1,1,Road Accidents,Not Applicable,City/Town,Open area,Not Applicable,No,Grievous Injury,Hit pedestrian,Not Applicable,Others,Others,Bitumen(Tar),Dry,Not Applicable,Clear,SARJAPURA ROAD,Near Nandhi Kitchen,4 km,12.907904,77.693394
Bengaluru City,Bellanduru Traffic PS,1.04432e+16,2023,1,2,Road Accidents,Not Applicable,City/Town,Near School or College,Not Applicable,No,Grievous Injury,Vehicle to Vehicle,Not Applicable,Others,Others,Bitumen(Tar),Dry,Not Applicable,Clear,GEAR SCHOOL ROAD,Opp Chaithanya College,5 km,12.909856,77.696974
Bengaluru City,Bellanduru Traffic PS,1.04432e+16,2023,1,2,Road Accidents,Junction,City/Town,Near a religious place,Not Applicable,No,Grievous Injury,Vehicle to Vehicle,No signal lights,Others,Two way,Bitumen(Tar),Dry,Not Applicable,Clear,SARJAPURA ROAD,OPP M R GARAGE,5 KMS,12.906534,77.697851
Bengaluru City,Bellanduru Traffic PS,1.04432e+16,2023,1,1,Road Accidents,Not Applicable,City/Town,Near office complex,Not Applicable,No,Grievous Injury,Hit pedestrian,Not at  Junction,Others,Two way,Bitumen(Tar),Dry,Not Applicable,Clear,AMRUTHA COLLAGE ROAD,NEAR CHOODA SANDRA CIRCLE,0.5 KM,12.889573,77.673161
Bengaluru City,Bellanduru Traffic PS,1.04432e+16,2023,1,2,Not Applicable,Cross roads,City/Town,In bazaar,Not Applicable,No,Fatal,Vehicle to Vehicle,Not Applicable,Not Applicable,Residential Street,Bitumen(Tar),Dry,Not Applicable,Clear,CHIKKANAYAKANAHALLI,OPP PANCHAMUKI ANJANEYA TEMPLE,5KM,12.9030035,77.6959806
Bengaluru City,Bellanduru Traffic PS,1.04432e+16,2023,1,1,Road Accidents,Narrow road,City/Town,Near a religious place,Not Applicable,Yes,Grievous Injury,Hit pedestrian,No signal lights,Others,Residential Street,Bitumen(Tar),Dry,Not Applicable,Clear,OPP RAIN DROP KEEP FALLING ON MY HEAD,HARALURU MAIN ROAD,3KM,12.917463,77.66842
Bengaluru City,Bellanduru Traffic PS,1.04432e+16,2023,1,2,Not Applicable,Not Applicable,City/Town,In bazaar,Not Applicable,No,Grievous Injury,Vehicle to Vehicle,Not Applicable,Not Applicable,Not Applicable,Bitumen(Tar),Dry,Not Applicable,Clear,HARALURU MAIN ROAD,HARALURU MAIN ROAD,2 KM,12.903628,77.661913
Bengaluru City,Bellanduru Traffic PS,1.04432e+16,2023,1,1,Road Accidents,Narrow road,City/Town,At pedestrian Crossing,Human Error,No,Fatal,Hit pedestrian,Not at  Junction,Not Applicable,Others,Bitumen(Tar),Dry,Not Applicable,Others,SARJAPURA ROAD,SARJAPURA ROAD,3 Kms,12.905846,77.699715
Bengaluru City,Bellanduru Traffic PS,1.04432e+16,2023,1,2,Road Accidents,Curves,City/Town,Open area,Not Applicable,No,Grievous Injury,Vehicle to Vehicle,No signal lights,Curve,Others,Bitumen(Tar),Dry,Not Applicable,Clear,"OUTER RING ROAD, OPP IBBALRU",OUTER RING ROAD OPP IBBALRU,1KM,12.922652,77.656297
Bengaluru City,Bellanduru Traffic PS,1.04432e+16,2023,1,2,Road Accidents,Narrow road,City/Town,Near School or College,Not Applicable,No,Fatal,Vehicle to Vehicle,Not Applicable,Not Applicable,Others,Bitumen(Tar),Dry,Not Applicable,Clear,KASAVANHALLI MAIN ROAD,KASAVANHALLI MAIN,3KM,12.897472,77.675031
Bengaluru City,Bellanduru Traffic PS,1.04432e+16,2023,1,2,Not Applicable,Junction,City/Town,Near Petrol Pump,Not Applicable,Yes,Grievous Injury,Vehicle to Vehicle,No signal lights,Not Applicable,Others,Bitumen(Tar),Dry,Not Applicable,Clear,SARJAPURA ROAD,SARJAPURA ROAD,2KM,12.914335,77.67622
Bengaluru City,Bellanduru Traffic PS,1.04432e+16,2023,1,2,Road Accidents,Not Applicable,City/Town,Near office complex,Not Applicable,Yes,Grievous Injury,Vehicle to Vehicle,Not Applicable,Not Applicable,Two way,Bitumen(Tar),Dry,Not Applicable,Others,KASAVANHALLI MAIN ROAD,Near Kasavanahalli Temple,3 KMS,0.0,0.0
Bengaluru City,Bellanduru Traffic PS,1.04432e+16,2023,1,2,Road Accidents,Narrow road,City/Town,Open area,Not Applicable,No,Grievous Injury,Vehicle to Vehicle,Not at  Junction,Not Applicable,Others,Bitumen(Tar),Dry,Construction Work / Material,Clear,"OUTER RING ROAD, OPP IBBALRU",OUTER RING ROAD OPP IBBALRU,1KM,12.922652,77.656297
Bengaluru City,Bellanduru Traffic PS,1.04432e+16,2023,1,1,Road Accidents,Not Applicable,City/Town,Open area,Not Applicable,No,Grievous Injury,Not Applicable,Not Applicable,Others,Two way,Bitumen(Tar),Dry,Not Applicable,Clear,SARJAPURA ROAD,BALAJI LAYOUT JUNCTION,1KM,12.918379,77.670565
Bengaluru City,Bellanduru Traffic PS,1.04432e+16,2023,1,2,Road Accidents,Not Applicable,City/Town,Near School or College,Not Applicable,No,Not Applicable,Vehicle to Vehicle,No signal lights,Others,Two way,Bitumen(Tar),Dry,Not Applicable,Others,AMRITHA COLLEGE ROAD,AMRITHA COLLEGE ROAD,3KM,12.893392,77.673992
Bengaluru City,Bellanduru Traffic PS,1.04432e+16,2023,1,1,Not Applicable,Not Applicable,City/Town,Near Bus stop,Not Applicable,No,Grievous Injury,Hit pedestrian,Not Applicable,Others,Not Applicable,Bitumen(Tar),Not Applicable,Not Applicable,Clear,SARJAPURA ROAD,SARJAPURA,1KM,12.917409,77.672698
Bengaluru City,Bellanduru Traffic PS,1.04432e+16,2023,1,2,Road Accidents,Cross roads,City/Town,Near Hospital,Not Applicable,No,Grievous Injury,Vehicle to Vehicle,Not Applicable,Curve,Others,Bitumen(Tar),Dry,Not Applicable,Clear,GREEN GLEN LAYOUT ROAD,Near Dr Sunny Medical Center,2 Km,12.926811,77.669748
Bengaluru City,Bellanduru Traffic PS,1.04432e+16,2023,1,1,Road Accidents,Junction,City/Town,Near Bus stop,Not Applicable,No,Grievous Injury,Hit pedestrian,Not Applicable,Not Applicable,Others,Bitumen(Tar),Others,Not Applicable,Clear,SARJAPURA ROAD,Doddakannalli Bus Stop,5 Kms,12.907367,77.695523