DISTRICTNAME,UNITNAME,Crime_No,Year,RI,Noofvehicle_involved,Accident_Classification,Accident_Spot,Accident_Location,Accident_SubLocation,Main_Cause,Hit_Run,Severity,Collision_Type,Junction_Control,Road_Character,Road_Type,Surface_Type,Surface_Condition,Road_Condition,Weather,Accident_Road,Landmark_first,Distance_LandMark_First,Latitude,Longitude
Bengaluru City,Bellanduru Traffic PS,1.04432e+16,2023,1,2,Road Accidents,Not Applicable,City/Town,Open area,Not Applicable,No,Grievous Injury,Vehicle to Vehicle,Not at  Junction,Not Applicable,Others,Bitumen(Tar),Dry,Not Applicable,Clear,"OUTER RING ROAD, OPP IBBALRU ARMY LAND",OUTER RING ROAD OPP IBBALRU,0.5 KM,12.923417,77.65656
Bengaluru City,Bellanduru Traffic PS,1.04432e+16,2023,1,1,Road Accidents,Narrow road,City/Town,Residential area,Not Applicable,Yes,Grievous Injury,Hit pedestrian,Not Applicable,Not Applicable,Two way,Bitumen(Tar),Dry,Not Applicable,Clear,KASAVANHALLI MAIN ROAD,INFRONT OF PLAY ARENA,2 KM,12.911452,77.676597
Bengaluru City,Bellanduru Traffic PS,1.04432e+16,2023,1,2,Road Accidents,Narrow road,City/Town,Narrow bridge or culverts,Not Applicable,No,Damage Only,Vehicle to Vehicle,Not Applicable,Not Applicable,Others,Bitumen(Tar),Dry,Not Applicable,Clear,BELLANDURU SERVICE ROAD,BELLANDURU BRIDGE,1 KMS,12.925124,77.674414
Bengaluru City,Bellanduru Traffic PS,1.04432e+16,2023,1,1,Road Accidents,Not Applicable,City/Town,In bazaar,Not Applicable,No,Grievous Injury,Hit pedestrian,Not at  Junction,Not Applicable,Others,Bitumen(Tar),Dry,Not Applicable,Clear,Radhareddy Layout Bus Stop,SARJAPURA ROAD,3 KM,12.908717,77.689938
Bengaluru City,Bellanduru Traffic PS,1.04432e+16,2023,1,1,Road Accidents,Curves,City/Town,Open area,Not Applicable,No,Fatal,Not Applicable,Uncontrolled,Curve,Two way,Bitumen(Tar),Dry,Not Applicable,Clear,HARALURU MAIN ROAD,OPP OZONE APT,2KM,12.909503,77.663933
Bengaluru City,Bellanduru Traffic PS,1.04432e+16,2023,1,2,Road Accidents,Narrow road,City/Town,Near Bus stop,Not Applicable,No,Fatal,Vehicle to Vehicle,Not at  Junction,Others,Others,Bitumen(Tar),Dry,Not Applicable,Clear,"OUTER RING ROAD, OPP Petrol Bunk Bus Stop",OPP Petrol Bunk Bus Stop,3 Km,12.922913,77.669182
Bengaluru City,Bellanduru Traffic PS,1.04432e+16,2023,1,2,Road Accidents,Narrow road,City/Town,Near Hospital,Not Applicable,Yes,Fatal,Vehicle to Vehicle,Not Applicable,Not Applicable,Others,Bitumen(Tar),Dry,Not Applicable,Clear,SARJAPURA ROAD,On Flyover,5 km,12.923557,77.655429
Bengaluru City,Bellanduru Traffic PS,1.04432e+16,2023,1,2,Not Applicable,Not Applicable,City/Town,Open area,Not Applicable,Not Applicable,Grievous Injury,Vehicle to Vehicle,No signal lights,Others,Service Road,Bitumen(Tar),Dry,Not Applicable,Clear,"OUTER RING ROAD, OPP IBBALRU",OUTER RING ROAD,0.5 KM,12.922652,77.656297
Bengaluru City,Bellanduru Traffic PS,1.04432e+16,2023,1,2,Road Accidents,Not Applicable,City/Town,Near or inside a village,Not Applicable,No,Damage Only,Vehicle to Vehicle,Not Applicable,Not Applicable,Service Road,Bitumen(Tar),Dry,Not Applicable,Clear,BELLANDURU SERVICE ROAD,BELLANDURU BATTERY SHOP,2 KMS,0.0,0.0
Bengaluru City,Bellanduru Traffic PS,1.04432e+16,2023,1,1,Road Accidents,Narrow road,City/Town,Residential area,Human Error,No,Grievous Injury,Not Applicable,Not at  Junction,Not Applicable,Residential Street,Bitumen(Tar),Dry,Not Applicable,Clear,GREEN GLEN LAYOUT,OPP SOBHA AQVAMARAIN APT,2,12.924161,77.669553
Bengaluru City,Bellanduru Traffic PS,1.04432e+16,2023,1,2,Road Accidents,Narrow road,City/Town,In bazaar,Not Applicable,No,Grievous Injury,Vehicle to Vehicle,Give way sign,Not Applicable,Two way,Bitumen(Tar),Dry,Not Applicable,Clear,GEAR SCHOOL ROAD,GEAR SCHOOL ROAD,5KM,12.92313,77.695309
Bengaluru City,Bellanduru Traffic PS,1.04432e+16,2023,1,1,Road Accidents,Cross roads,City/Town,Near a recreation place/cinema,Not Applicable,Yes,Grievous Injury,Hit pedestrian,Not Applicable,Others,Others,Bitumen(Tar),Dry,Not Applicable,Clear,SARJAPURA ROAD,Near South Inn Hotel,3 km,12.912338,77.681273
Bengaluru City,Bellanduru Traffic PS,1.04432e+16,2023,1,1,Road Accidents,Not Applicable,City/Town,Residential area,Not Applicable,Yes,Fatal,Hit pedestrian,Not at  Junction,Not Applicable,Others,Concrete,Dry,Not Applicable,Clear,"Owners Court, Kasavanahalli",Opp Samruddi Apartment,4 Kms,12.901253,77.676555
Bengaluru City,Bellanduru Traffic PS,1.04432e+16,2023,1,1,Not Applicable,Not Applicable,City/Town,Residential area,Not Applicable,No,Grievous Injury,Hit pedestrian,Not at  Junction,Not Applicable,Others,Bitumen(Tar),Dry,Not Applicable,Clear,SARJAPURA ROAD,OPP BHARATHIYA JALPAN HOTEL,2KM,12.91404,77.677402
Bengaluru City,Bellanduru Traffic PS,1.04432e+16,2023,1,2,Road Accidents,Not Applicable,City/Town,Open area,Not Applicable,No,Grievous Injury,Vehicle to Vehicle,Not Applicable,Others,Others,Bitumen(Tar),Dry,Not Applicable,Clear,Near Bellandur Upper Ramp,Bellandur Upper Ramp,3 km,12.927285,77.680123
Bengaluru City,Bellanduru Traffic PS,1.04432e+16,2023,1,2,Road Accidents,Junction,City/Town,Near Bus stop,Not Applicable,Yes,Grievous Injury,Vehicle to Vehicle,Not Applicable,Others,Others,Bitumen(Tar),Dry,Not Applicable,Clear,ORR,OPP IBLUR LAKE BUS STOP,500 MT,12.921043,77.665806
Bengaluru City,Bellanduru Traffic PS,1.04432e+16,2023,1,1,Road Accidents,Not Applicable,City/Town,In bazaar,Not Applicable,Yes,Grievous Injury,Not Applicable,Not Applicable,Not Applicable,Not Applicable,Bitumen(Tar),Dry,Not Applicable,Not Applicable,KASAVANHALLI MAIN ROAD,NEAR BIRIYANI MANE HOTEL,3 KM,0.0,0.0
Bengaluru City,Bellanduru Traffic PS,1.04432e+16,2023,1,1,Road Accidents,Cross roads,City/Town,Near Bus stop,Not Applicable,Yes,Grievous Injury,Hit bicyclist,Police / Manual,Curve,Others,Bitumen(Tar),Dry,Not Applicable,Clear,Ibluru Bus Stop Road,Near Iblur Lake,Iblur,12.922077,77.66756
Bengaluru City,Bellanduru Traffic PS,1.04432e+16,2023,1,2,Road Accidents,Curves,City/Town,Open area,Not Applicable,No,Grievous Injury,Vehicle to Vehicle,Not Applicable,Not Applicable,Others,Bitumen(Tar),Dry,Not Applicable,Clear,GEAR SCHOOL ROAD,GEAR SCHOOL ROAD,7 km,12.919516,77.69663
Bengaluru City,Byadarahalli PS,1.09772e+16,2016,1,1,Not Applicable,Narrow road,City/Town,Near Bus stop,Human Error,Not Applicable,Grievous Injury,Others,No signal lights,Others,City or Town Road,Bitumen(Tar),Dry,Not Applicable,Very Cold,Magadi main road,Bhyadarahalli bus stop,0,0.0,0.0
Bengaluru City,Byadarahalli PS,1.09772e+16,2016,1,1,Road Accidents,Other,City/Town,Near Bus stop,Human Error,No,Grievous Injury,Not Applicable,Not Applicable,Not Applicable,City or Town Road,Bitumen(Tar),Not Applicable,Not Applicable,Clear,Magadi main road,Herohalli Cross bus Stop,1.00Km,0.0,0.0
Bengaluru City,Byadarahalli PS,1.09772e+16,2016,1,1,Road Accidents,Narrow road,City/Town,Residential area,Human Error,No,Grievous Injury,Others,Not at  Junction,Curve,City or Town Road,Bitumen(Tar),Dry,Not Applicable,Clear,Tar road,Manganahalli  cross,4,0.0,0.0
Bengaluru City,Byadarahalli PS,1.09772e+16,2016,1,2,Road Accidents,Cross roads,City/Town,Near Hospital,Human Error,Yes,Fatal,Hit and Run,Not Applicable,Not Applicable,City or Town Road,Bitumen(Tar),Not Applicable,Not Applicable,Clear,Magadi Main Road,S S G Hospital,2,0.0,0.0
Bengaluru City,Byadarahalli PS,1.09772e+16,2016,1,1,Road Accidents,Curves,City/Town,Near Hospital,Human Error,Yes,Grievous Injury,Side swipe,Not Applicable,Curve,City or Town Road,Bitumen(Tar),Not Applicable,Not Applicable,Very Cold,Near karnataka bank,Near karnataka bank,2,0.0,0.0
Bengaluru City,Byadarahalli PS,1.09772e+16,2016,1,2,Road Accidents,Other,City/Town,Near a recreation place/cinema,Human Error,No,Damage Only,Others,Not Applicable,Not Applicable,City or Town Road,Bitumen(Tar),Dry,Not Applicable,Others,Muddinapalya Road,Bhimaparty Hall,2,0.0,0.0
Bengaluru City,Byadarahalli PS,1.09772e+16,2016,1,2,Road Accidents,Not Applicable,City/Town,Open area,Human Error,Yes,Grievous Injury,Hit and Run,Not Applicable,Not Applicable,City or Town Road,Bitumen(Tar),Dry,Not Applicable,Not Applicable,Mahadeswaranagara Main Road,prasanna Layout,3,0.0,0.0
Bengaluru City,Byadarahalli PS,1.09772e+16,2016,1,1,Road Accidents,Other,City/Town,Open area,Human Error,Yes,Simple Injury,Others,Not Applicable,Straight and flat,Others,Not Applicable,Dry,Not Applicable,Fine,Andrahalli,Near Bhagirathi HOtel,3KM,0.0,0.0
Bengaluru City,Byadarahalli PS,1.09772e+16,2016,1,1,Not Applicable,Not Applicable,Not Applicable,Near School or College,Not Applicable,No,Not Applicable,Not Applicable,Not Applicable,Not Applicable,Not Applicable,Bitumen(Tar),Dry,Not Applicable,Not Applicable,ullal road,ullal road,3 KM,0.0,0.0
Bengaluru City,Byadarahalli PS,1.09772e+16,2016,1,2,Road Accidents,Narrow road,City/Town,Near Bus stop,Human Error,Yes,Grievous Injury,Others,Not Applicable,Others,State Highway,Bitumen(Tar),Dry,Not Applicable,Very Cold,Magadi road,Dodagollarahatti bus stop,3,0.0,0.0
Bengaluru City,Byadarahalli PS,1.09772e+16,2016,1,2,Road Accidents,Other,City/Town,Near Bus stop,Human Error,Not Applicable,Grievous Injury,Others,Not Applicable,Not Applicable,One way,Bitumen(Tar),Dry,Not Applicable,Clear,Thungangara  road,Thunga nagara,2km,0.0,0.0
Bengaluru City,Byadarahalli PS,1.09772e+16,2016,1,1,Road Accidents,Other,City/Town,Residential area,Human Error,Yes,Fatal,Hit and Run,Not Applicable,Straight and flat,City or Town Road,Not Applicable,Dry,Not Applicable,Fine,"Near Mariya Sadan School, Vighneshwaranagar",Near Mariya Sadan School  Vighneshwaranagar,0.2 Km,0.0,0.0
Bengaluru City,Byadarahalli PS,1.09772e+16,2016,1,1,Road Accidents,Other,City/Town,Near Bus stop,Human Error,No,Grievous Injury,Others,Not Applicable,Others,City or Town Road,Bitumen(Tar),Dry,Not Applicable,Very Hot,Andrahalli main road,Andrahalli main road,4,0.0,0.0
Bengaluru City,Byadarahalli PS,1.09772e+16,2016,1,2,Road Accidents,Narrow road,City/Town,Near a factory industrial area,Human Error,Yes,Grievous Injury,Hit and Run,Give way sign,Others,City or Town Road,Bitumen(Tar),Not Applicable,No influence on accident,Fine,Tar,Andrahalli main road,3 KM,0.0,0.0
Bengaluru City,Byadarahalli PS,1.09772e+16,2016,1,1,Road Accidents,Cross roads,City/Town,Near a religious place,Human Error,Not Applicable,Grievous Injury,Others,Not Applicable,Curve,One way,Bitumen(Tar),Dry,Not Applicable,Very Cold,Venkteshwra temple,balaji layout,11-Feb,0.0,0.0
Bengaluru City,Byadarahalli PS,1.09772e+16,2016,1,2,Road Accidents,Other,City/Town,Near Bus stop,Human Error,Yes,Grievous Injury,Others,Not Applicable,Not Applicable,City or Town Road,Bitumen(Tar),Dry,Not Applicable,Very Hot,ullal upanagara,ullal upanagara,4,0.0,0.0
Bengaluru City,Byadarahalli PS,1.09772e+16,2016,1,2,Road Accidents,Curves,City/Town,Open area,Human Error,Yes,Grievous Injury,Hit and Run,Not Applicable,Not Applicable,City or Town Road,Bitumen(Tar),Not Applicable,Not Applicable,Clear,Ullalu Main Road,Ullalu Main Road,4 Km,0.0,0.0
Bengaluru City,Byadarahalli PS,1.09772e+16,2016,1,1,Road Accidents,Other,City/Town,Open area,Human Error,Yes,Simple Injury,Others,Not Applicable,Straight and flat,State Highway,Not Applicable,Not Applicable,Not Applicable,Very Hot,Doddagollarahatti,Magadi main Road,2KM,0.0,0.0
Bengaluru City,Byadarahalli PS,1.09772e+16,2016,1,2,Road Accidents,Other,City/Town,Near Hospital,Human Error,No,Simple Injury,Overturning,Not Applicable,Not Applicable,City or Town Road,Bitumen(Tar),Dry,Not Applicable,Clear,Magadi main road,Anjananagara,1,0.0,0.0
Bengaluru City,Byadarahalli PS,1.09772e+16,2016,1,1,Road Accidents,Other,City/Town,Near Petrol Pump,Human Error,Yes,Grievous Injury,Hit and Run,Not Applicable,Not Applicable,City or Town Road,Bitumen(Tar),Dry,Not Applicable,Clear,Magadi Main Road,H P Petrole Bunk,2,0.0,0.0
Bengaluru City,Byadarahalli PS,1.09772e+16,2016,1,1,Road Accidents,Circle,City/Town,Near Bus stop,Human Error,Yes,Grievous Injury,Hit and Run,Not Applicable,Curve,State Highway,Bitumen(Tar),Dry,No influence on accident,Fine,Tar,Near Petrol Bunk,2 km,0.0,0.0
Bengaluru City,Byadarahalli PS,1.09772e+16,2016,1,2,Road Accidents,Cross roads,City/Town,Near Bus stop,Human Error,No,Grievous Injury,Overturning,Not Applicable,Not Applicable,City or Town Road,Bitumen(Tar),Dry,Not Applicable,Clear,Magadi main road,Magadi main road Bharath petrole bunk,2km,0.0,0.0
Bengaluru City,Byadarahalli PS,1.09772e+16,2016,1,1,Road Accidents,Narrow road,City/Town,In bazaar,Human Error,No,Grievous Injury,Hit pedestrian,Not Applicable,Not Applicable,State Highway,Bitumen(Tar),Dry,No influence on accident,Fine,Near Vijayalakshmi Wins,Near Vijayalakshmi Wins,2 KM,0.0,0.0
Bengaluru City,Byadarahalli PS,1.09772e+16,2016,1,2,Road Accidents,Circle,City/Town,Residential area,Human Error,Yes,Simple Injury,Hit and Run,Not Applicable,Straight and flat,City or Town Road,Bitumen(Tar),Dry,No influence on accident,Fine,Muddinapalya Circle,Muddinapalya Circle,1 KM,0.0,0.0
Bengaluru City,Byadarahalli PS,1.09772e+16,2016,1,1,Road Accidents,Cross roads,City/Town,Near School or College,Human Error,Yes,Fatal,Hit and Run,Not at  Junction,Curve and Incline,City or Town Road,Not Applicable,Dry,Not Applicable,Cloudy,Herohalli Road,Near S V School,0.1 Km,0.0,0.0
Bengaluru City,Byadarahalli PS,1.09772e+16,2016,1,1,Road Accidents,Cross roads,City/Town,Open area,Human Error,Yes,Simple Injury,Others,Not Applicable,Others,State Highway,Not Applicable,Dry,Not Applicable,Very Cold,Tunganagar Cross,Tunganagar Cross,2KM,0.0,0.0
Bengaluru City,Byadarahalli PS,1.09772e+16,2016,1,1,Not Applicable,Circle,City/Town,Near Bus stop,Human Error,Not Applicable,Grievous Injury,Run Off Road,No signal lights,Curve,Two way,Bitumen(Tar),Dry,Not Applicable,Very Hot,Ullalu upanagara,Ullalu Upanagara,0,0.0,0.0
Bengaluru City,Byadarahalli PS,1.09772e+16,2016,1,2,Road Accidents,Cross roads,City/Town,Near Bus stop,Human Error,Yes,Grievous Injury,Hit and Run,Not Applicable,Curve,Two way,Bitumen(Tar),Dry,Not Applicable,Cloudy,sindicet bank layout bus stop,sindicet bank layout,3 Km,0.0,0.0
Bengaluru City,Byadarahalli PS,1.09772e+16,2016,1,1,Road Accidents,Not Applicable,City/Town,Near Bus stop,Human Error,No,Grievous Injury,Others,Not Applicable,Not Applicable,NH,Bitumen(Tar),Dry,Not Applicable,Clear,byadaralli college stop road,Magdi main road,2.5 KM,0.0,0.0
Bengaluru City,Byadarahalli PS,1.09772e+16,2016,1,1,Road Accidents,Cross roads,City/Town,Near Hospital,Human Error,Yes,Grievous Injury,Not Applicable,Not Applicable,Not Applicable,State Highway,Not Applicable,Not Applicable,Not Applicable,Fine,Magadi Main Road,Sri Krishna Hospital,2.5 KM,0.0,0.0
Bengaluru City,Byadarahalli PS,1.09772e+16,2016,1,2,Road Accidents,Other,City/Town,Near School or College,Human Error,Yes,Fatal,Hit and Run,Not Applicable,Others,City or Town Road,Bitumen(Tar),Dry,Not Applicable,Clear,Anjananagar Muddinapalya Road,Gidadakonenahalli Gov School,0.2 Km,0.0,0.0
Bengaluru City,Byadarahalli PS,1.09772e+16,2016,1,1,Road Accidents,Other,City/Town,Near School or College,Human Error,Yes,Grievous Injury,Others,Not Applicable,Not Applicable,State Highway,Bitumen(Tar),Dry,Not Applicable,Clear,Magadi main Road,Magadi main road,2,0.0,0.0
Bengaluru City,Byadarahalli PS,1.09772e+16,2016,1,2,Road Accidents,Other,City/Town,Near Bus stop,Human Error,No,Grievous Injury,Others,Not Applicable,Not Applicable,City or Town Road,Bitumen(Tar),Dry,Not Applicable,Cloudy,D group layout,D group layout,2 km,0.0,0.0
Bengaluru City,Byadarahalli PS,1.09772e+16,2016,1,2,Road Accidents,Other,City/Town,Near Bus stop,Human Error,No,Damage Only,Hit parked vehicle,Not Applicable,Not Applicable,City or Town Road,Bitumen(Tar),Dry,No influence on accident,Clear,Magadi main Road,Gollarahatti bus stop,3 Km,0.0,0.0
Bengaluru City,Byadarahalli PS,1.09772e+16,2016,1,1,Road Accidents,Narrow road,City/Town,Near Bus stop,Human Error,No,Grievous Injury,Skidding or Self accident,Not Applicable,Others,State Highway,Bitumen(Tar),Dry,Not Applicable,Very Hot,Magadi main Road,Doddagollarahatti Bus Stop,3 Km,0.0,0.0
Bengaluru City,Byadarahalli PS,1.09772e+16,2016,1,2,Road Accidents,Other,City/Town,Near Bus stop,Human Error,Not Applicable,Grievous Injury,Others,Not Applicable,Not Applicable,One way,Bitumen(Tar),Dry,Not Applicable,Clear,Magadi road,Magadi road,2km,0.0,0.0
Bengaluru City,Byadarahalli PS,1.09772e+16,2016,1,2,Road Accidents,Other,City/Town,Open area,Human Error,Not Applicable,Grievous Injury,Others,Not Applicable,Others,City or Town Road,Bitumen(Tar),Dry,Not Applicable,Clear,Vishveshwrayya Lauyout,Vishveshwrayya Lauyout,3Km,0.0,0.0
Bengaluru City,Byadarahalli PS,1.09772e+16,2016,1,1,Road Accidents,Other,City/Town,Near Bus stop,Human Error,Not Applicable,Grievous Injury,Others,Not Applicable,Not Applicable,City or Town Road,Bitumen(Tar),Dry,Not Applicable,Clear,Magadi main road,Magadi main road,2km,0.0,0.0
Bengaluru City,Byadarahalli PS,1.09772e+16,2016,1,1,Road Accidents,Other,City/Town,Near Bus stop,Human Error,Yes,Grievous Injury,Others,Not Applicable,Not Applicable,City or Town Road,Bitumen(Tar),Dry,Not Applicable,Clear,muneshwara nagara,muneshwara nagara,3 Km,0.0,0.0
Bengaluru City,Byadarahalli PS,1.09772e+16,2016,1,1,Road Accidents,Other,City/Town,Near Bus stop,Human Error,No,Grievous Injury,Others,Not Applicable,Not Applicable,State Highway,Bitumen(Tar),Dry,Not Applicable,Very Hot,Magadi road,Magadi road,2 km,0.0,0.0
Bengaluru City,Byadarahalli PS,1.09772e+16,2016,1,1,Road Accidents,Not Applicable,City/Town,Near a religious place,Human Error,Yes,Grievous Injury,Hit and Run,Not Applicable,Not Applicable,City or Town Road,Bitumen(Tar),Dry,Not Applicable,Clear,Andrahalli Main Road,Bhilanjaneya tempal,2 km,0.0,0.0
Bengaluru City,Byadarahalli PS,1.09772e+16,2016,1,1,Road Accidents,Not Applicable,City/Town,Open area,Not Applicable,Yes,Grievous Injury,Hit and Run,Not Applicable,Not Applicable,City or Town Road,Not Applicable,Others,Not Applicable,Others,Road,Adduri Hotel Opp,3 KM,0.0,0.0
Bengaluru City,Byadarahalli PS,1.09772e+16,2016,1,1,Road Accidents,Not Applicable,City/Town,Near Bus stop,Human Error,No,Fatal,Not Applicable,Not Applicable,Straight and flat,State Highway,Bitumen(Tar),Dry,Engineering Defect of Road,Cloudy,Magadi Banglore Main Road,Near College Stop,0.2 Km,0.0,0.0
Bengaluru City,Byadarahalli PS,1.09772e+16,2016,1,2,Road Accidents,Other,City/Town,Near Bus stop,Human Error,No,Grievous Injury,Others,Not Applicable,Others,City or Town Road,Bitumen(Tar),Others,No influence on accident,Fine,Andrahalli Busstop,Andrahalli Busstop,2 KM,0.0,0.0
Bengaluru City,Byadarahalli PS,1.09772e+16,2016,1,1,Road Accidents,Narrow road,City/Town,Near Bus stop,Human Error,Not Applicable,Fatal,Others,Give way sign,Others,State Highway,Bitumen(Tar),Dry,Not Applicable,Very Cold,Nice road junctione,Gollarahatti bus stop,4,0.0,0.0
Bengaluru City,Byadarahalli PS,1.09772e+16,2016,1,2,Road Accidents,Narrow road,City/Town,Near Bus stop,Human Error,No,Damage Only,Overturning,Not Applicable,Not Applicable,City or Town Road,Bitumen(Tar),Dry,Not Applicable,Very Cold,Magadi Main Road,prakurthi daba,1,0.0,0.0
Bengaluru City,Byadarahalli PS,1.09772e+16,2016,1,1,Road Accidents,Other,City/Town,Near a recreation place/cinema,Human Error,Yes,Fatal,Hit and Run,Not Applicable,Not Applicable,State Highway,Bitumen(Tar),Dry,Not Applicable,Clear,Magadi Banglore Main Road,Doddagollarahatti Magadi Main Road,0.1 Km,0.0,0.0
Bengaluru City,Byadarahalli PS,1.09772e+16,2016,1,2,Road Accidents,Curves,City/Town,Near School or College,Human Error,No,Damage Only,Overturning,Not Applicable,Curve,City or Town Road,Bitumen(Tar),Not Applicable,Not Applicable,Clear,Ullalu Main Road,Ullalu Main Road,4,0.0,0.0
Bengaluru City,Byadarahalli PS,1.09772e+16,2016,1,1,Road Accidents,Curves,City/Town,At pedestrian Crossing,Human Error,Yes,Grievous Injury,Hit and Run,Not Applicable,Curve,City or Town Road,Bitumen(Tar),Dry,No influence on accident,Fine,D Grope Arch,D Grope Arch,2 km,0.0,0.0
Bengaluru City,Byadarahalli PS,1.09772e+16,2016,1,1,Not Applicable,Curves,City/Town,Near School or College,Human Error,Not Applicable,Grievous Injury,Overturning,Signal lights Not working,Curve,State Highway,Bitumen(Tar),Dry,Not Applicable,Others,Mahadeshwra nagara,Magadi main road,0,0.0,0.0
Bengaluru City,Byadarahalli PS,1.09772e+16,2016,1,2,Road Accidents,Other,City/Town,Near Bus stop,Human Error,Yes,Grievous Injury,Others,Not Applicable,Not Applicable,City or Town Road,Bitumen(Tar),Dry,Not Applicable,Cloudy,ullal upanagara,ullal upanagara,3km,0.0,0.0
Bengaluru City,Byadarahalli PS,1.09772e+16,2016,1,1,Road Accidents,Other,City/Town,Near School or College,Human Error,Yes,Grievous Injury,Hit and Run,Not Applicable,Not Applicable,City or Town Road,Bitumen(Tar),Dry,No influence on accident,Clear,Mahadeshwara nagara main raod,Near Oxbridge Collage,3 km,0.0,0.0
Bengaluru City,Byadarahalli PS,1.09772e+16,2016,1,2,Road Accidents,Other,City/Town,Near office complex,Human Error,Not Applicable,Simple Injury,Others,Not Applicable,Not Applicable,City or Town Road,Bitumen(Tar),Dry,Not Applicable,Clear,Andrahalli Main Road,Andrahalli main Road Near Old BBMP Office,4 Km,0.0,0.0
Bengaluru City,Byadarahalli PS,1.09772e+16,2016,1,1,Road Accidents,Other,City/Town,Open area,Human Error,Yes,Grievous Injury,Hit and Run,Not Applicable,Not Applicable,City or Town Road,Bitumen(Tar),Dry,Not Applicable,Clear,Bangaloru Magadi Road,Magadi main road,2,0.0,0.0
Bengaluru City,Byadarahalli PS,1.09772e+16,2016,1,1,Road Accidents,Other,City/Town,Near Bus stop,Human Error,No,Grievous Injury,Others,Not Applicable,Others,City or Town Road,Not Applicable,Others,No influence on accident,Fine,Normal,Vidyamanyanagara Busstop,2.5 KM,0.0,0.0
Bengaluru City,Byadarahalli PS,1.09772e+16,2016,1,1,Road Accidents,Circle,City/Town,Near Bus stop,Human Error,Not Applicable,Simple Injury,Not Applicable,Not Applicable,Not Applicable,City or Town Road,Bitumen(Tar),Dry,Not Applicable,Clear,Bangaloru Magadi Road,Anjananagara Bus Stop,1.00Km,0.0,0.0
Bengaluru City,Byadarahalli PS,1.09772e+16,2016,1,2,Road Accidents,Cross roads,City/Town,Near Bus stop,Human Error,Yes,Grievous Injury,Hit and Run,Not Applicable,Not Applicable,City or Town Road,Bitumen(Tar),Dry,Not Applicable,Others,Magadi main road,Magadi main road Bharath petrole bunk,2km,0.0,0.0
Bengaluru City,Byadarahalli PS,1.09772e+16,2016,1,1,Road Accidents,Other,City/Town,Near Bus stop,Human Error,Yes,Simple Injury,Others,Not at  Junction,Others,State Highway,Not Applicable,Dry,Not Applicable,Very Cold,Near Andrahalli Bus Stop,Bus Stop,3KM,0.0,0.0
Bengaluru City,Byadarahalli PS,1.09772e+16,2016,1,2,Road Accidents,Other,City/Town,Near a recreation place/cinema,Human Error,Yes,Simple Injury,Hit and Run,Not Applicable,Not Applicable,City or Town Road,Bitumen(Tar),Not Applicable,Not Applicable,Others,Ullala to manganahlalli road,Near Vajreshwary theater,3 km,0.0,0.0
Bengaluru City,Byadarahalli PS,1.09772e+16,2016,1,2,Road Accidents,Narrow road,City/Town,Near Petrol Pump,Human Error,Yes,Grievous Injury,Hit and Run,Not Applicable,Not Applicable,State Highway,Bitumen(Tar),Dry,No influence on accident,Fine,Magadi Main road,hindustan Petrol Bunk,2 km,0.0,0.0
Bengaluru City,Byadarahalli PS,1.09772e+16,2016,1,1,Road Accidents,Round about or Circle,City/Town,Near Bus stop,Human Error,Yes,Simple Injury,Others,Not Applicable,Curve,Two way,Bitumen(Tar),Dry,Not Applicable,Very Cold,ANADRAHALLI,ANDRAHALLI BUS STOPBUS STOP,3,0.0,0.0
Bengaluru City,Byadarahalli PS,1.09772e+16,2016,1,2,Road Accidents,Cross roads,City/Town,Near Bus stop,Human Error,Yes,Grievous Injury,Hit and Run,Not Applicable,Curve,State Highway,Bitumen(Tar),Dry,Not Applicable,Fine,Herohalli Cross,Herohalli Cross,0.5 KM,0.0,0.0
Bengaluru City,Byadarahalli PS,1.09772e+16,2016,1,2,Road Accidents,Other,City/Town,Near Bus stop,Human Error,Yes,Simple Injury,Not Applicable,Not Applicable,Not Applicable,Two way,Bitumen(Tar),Dry,Not Applicable,Clear,VISHWESWRAIAH LAYOUT,STATE BANK INDIA,4KM,0.0,0.0
Bengaluru City,Byadarahalli PS,1.09772e+16,2016,1,1,Road Accidents,Other,City/Town,Near Bus stop,Human Error,Not Applicable,Grievous Injury,Others,Not Applicable,Not Applicable,State Highway,Bitumen(Tar),Dry,Not Applicable,Very Hot,Magadi road,Magadi road,2km,0.0,0.0
Bengaluru City,Byadarahalli PS,1.09772e+16,2016,1,2,Road Accidents,Other,City/Town,Open area,Human Error,Not Applicable,Grievous Injury,Others,Not Applicable,Not Applicable,City or Town Road,Bitumen(Tar),Dry,Not Applicable,Clear,ullal upanagara,ullal upanagara,4,0.0,0.0
Bengaluru City,Byadarahalli PS,1.09772e+16,2016,1,2,Road Accidents,Cross roads,City/Town,Near Bus stop,Human Error,No,Grievous Injury,Rear end,Not Applicable,Others,State Highway,Bitumen(Tar),Dry,Not Applicable,Fine,tar,Mahadeswaranagara Cross,0.5 km,0.0,0.0
Bengaluru City,Byadarahalli PS,1.09772e+16,2016,1,2,Road Accidents,Other,City/Town,Open area,Human Error,Yes,Grievous Injury,Hit and Run,Not Applicable,Not Applicable,City or Town Road,Bitumen(Tar),Not Applicable,Not Applicable,Clear,Andrahalli Main Road,Herohlli Pools,1,0.0,0.0