DISTRICTNAME,UNITNAME,Crime_No,Year,RI,Noofvehicle_involved,Accident_Classification,Accident_Spot,Accident_Location,Accident_SubLocation,Main_Cause,Hit_Run,Severity,Collision_Type,Junction_Control,Road_Character,Road_Type,Surface_Type,Surface_Condition,Road_Condition,Weather,Accident_Road,Landmark_first,Distance_LandMark_First,Latitude,Longitude
Bengaluru City,Byadarahalli PS,1.09772e+16,2016,1,2,Road Accidents,Cross roads,City/Town,Near a religious place,Human Error,No,Simple Injury,Others,Not Applicable,Not Applicable,City or Town Road,Bitumen(Tar),Dry,Not Applicable,Not Applicable,Ullala Main Road,Vijay Cricetors,4,0.0,0.0
Bengaluru City,Byadarahalli PS,1.09772e+16,2016,1,1,Road Accidents,Not Applicable,City/Town,Near School or College,Human Error,No,Grievous Injury,Not Applicable,Not Applicable,Not Applicable,State Highway,Bitumen(Tar),Dry,Not Applicable,Clear,Magadi Main Road,Magdi main road,2.5 KM,0.0,0.0
Bengaluru City,Byadarahalli PS,1.09772e+16,2016,1,1,Road Accidents,Other,Not Applicable,Open area,Human Error,No,Grievous Injury,Hit pedestrian,Not Applicable,Not Applicable,Feeder Road,Kutcha,Dry,No influence on accident,Clear,Gollarahatti Pipe line road,Pipe line road,3 km,0.0,0.0
Bengaluru City,Byadarahalli PS,1.09772e+16,2016,1,1,Road Accidents,Other,City/Town,In bazaar,Human Error,Yes,Grievous Injury,Hit and Run,Not Applicable,Not Applicable,City or Town Road,Bitumen(Tar),Not Applicable,Not Applicable,Others,Tigalarapalya Main Road,Tigalarapalya Main Road Shiva Klinic,3,0.0,0.0
Bengaluru City,Byadarahalli PS,1.09772e+16,2016,1,2,Road Accidents,Not Applicable,City/Town,Residential area,Human Error,No,Damage Only,Others,Not Applicable,Not Applicable,City or Town Road,Bitumen(Tar),Not Applicable,Not Applicable,Not Applicable,Harsha Kalyana mantapa byadarahalli,Harsha Kalyana mantapa byadarahalli,2,0.0,0.0
Bengaluru City,Byadarahalli PS,1.09772e+16,2016,1,1,Road Accidents,Not Applicable,City/Town,Near Hospital,Human Error,Not Applicable,Grievous Injury,Not Applicable,Uncontrolled,Others,City or Town Road,Bitumen(Tar),Dry,Not Applicable,Others,Tar road,karanataka bank,1.00Km,0.0,0.0
Bengaluru City,Byadarahalli PS,1.09772e+16,2016,1,1,Road Accidents,Other,City/Town,Near School or College,Human Error,Not Applicable,Grievous Injury,Others,Not Applicable,Not Applicable,State Highway,Bitumen(Tar),Dry,Not Applicable,Very Hot,Magadi main road,Magadi main road,1,0.0,0.0
Bengaluru City,Byadarahalli PS,1.09772e+16,2016,1,2,Road Accidents,Other,City/Town,Near Bus stop,Human Error,Yes,Fatal,Others,Not Applicable,Curve,Two way,Bitumen(Tar),Dry,Not Applicable,Very Hot,KLECOLLEGE  RD,KLE COLLEGE,4,0.0,0.0
Bengaluru City,Byadarahalli PS,1.09772e+16,2016,1,2,Road Accidents,Cross roads,City/Town,Near Bus stop,Human Error,Not Applicable,Damage Only,Right Turn Collision,Not Applicable,Not Applicable,City or Town Road,Bitumen(Tar),Dry,Not Applicable,Not Applicable,Herohalli Cross,Herohalli Cross,0.5,0.0,0.0
Bengaluru City,Byadarahalli PS,1.09772e+16,2016,1,1,Road Accidents,Circle,City/Town,Near Bus stop,Human Error,No,Grievous Injury,Rear end,No signal lights,Others,City or Town Road,Bitumen(Tar),Dry,Not Applicable,Very Cold,Mudinapalaya circal,Near bus stop,0.0km,0.0,0.0
Bengaluru City,Byadarahalli PS,1.09772e+16,2016,1,2,Road Accidents,Other,Villages settlement,Near a religious place,Human Error,Yes,Grievous Injury,Others,Not Applicable,Not Applicable,City or Town Road,Bitumen(Tar),Not Applicable,Not Applicable,Not Applicable,BEL Main Road,Near Muneswara tempie,3,0.0,0.0
Bengaluru City,Byadarahalli PS,1.09772e+16,2016,1,1,Road Accidents,Other,City/Town,Near Bus stop,Human Error,Not Applicable,Grievous Injury,Others,Not Applicable,Others,City or Town Road,Bitumen(Tar),Dry,Not Applicable,Very Cold,Andrahalli main road,Andrahalli main road,3 Km,0.0,0.0
Bengaluru City,Byadarahalli PS,1.09772e+16,2016,1,2,Road Accidents,Circle,City/Town,Residential area,Human Error,Yes,Grievous Injury,Hit and Run,Not Applicable,Others,City or Town Road,Bitumen(Tar),Dry,No influence on accident,Fine,Muddinapalya Circle,Muddinapalya Circle,2km,0.0,0.0
Bengaluru City,Byadarahalli PS,1.09772e+16,2016,1,1,Road Accidents,Other,City/Town,Near Bus stop,Human Error,Yes,Grievous Injury,Others,No signal lights,Straight and flat,Others,Not Applicable,Not Applicable,Not Applicable,Very Cold,Magadi Road,Anjanagar,1KM,0.0,0.0
Bengaluru City,Byadarahalli PS,1.09772e+16,2016,1,1,Road Accidents,Cross roads,City/Town,Near Bus stop,Human Error,Yes,Grievous Injury,Not Applicable,Not Applicable,Curve,City or Town Road,Bitumen(Tar),Dry,Not Applicable,Fine,thunganagara,saraswayhi painance store,1,0.0,0.0
Bengaluru City,Byadarahalli PS,1.09772e+16,2016,1,1,Road Accidents,Other,City/Town,Near Bus stop,Human Error,Yes,Grievous Injury,Others,Not Applicable,Not Applicable,City or Town Road,Bitumen(Tar),Dry,Not Applicable,Clear,Andrahalli main road,Andrahalli main road,3.5 KM,0.0,0.0
Bengaluru City,Byadarahalli PS,1.09772e+16,2016,1,2,Road Accidents,Cross roads,City/Town,Open area,Human Error,Not Applicable,Grievous Injury,Overturning,Not Applicable,Not Applicable,City or Town Road,Bitumen(Tar),Dry,Not Applicable,Cloudy,Magadi main road,Herohalli Cross,1.00Km,0.0,0.0
Bengaluru City,Byadarahalli PS,1.09772e+16,2016,1,1,Road Accidents,Narrow road,City/Town,Near Bus stop,Human Error,Not Applicable,Fatal,Others,No signal lights,Curve,City or Town Road,Bitumen(Tar),Not Applicable,Not Applicable,Very Cold,BHADARAHALLI,BHADARAHALLI  BUS STOP,2,0.0,0.0
Bengaluru City,Byadarahalli PS,1.09772e+16,2016,1,1,Road Accidents,Other,City/Town,Near School or College,Human Error,Not Applicable,Grievous Injury,Others,Not Applicable,Not Applicable,City or Town Road,Bitumen(Tar),Dry,Not Applicable,Clear,Andrahalli,Andrahalli,3,0.0,0.0
Bengaluru City,Byadarahalli PS,1.09772e+16,2017,1,1,Road Accidents,Circle,City/Town,Residential area,Human Error,Not Applicable,Grievous Injury,Not Applicable,Not Applicable,Not Applicable,City or Town Road,Bitumen(Tar),Not Applicable,Not Applicable,Cloudy,Mahadeshwara Nagara Main Road,Mahadeshwara Nagara Main Road,02Km,0.0,0.0
Bengaluru City,Byadarahalli PS,1.09772e+16,2017,1,1,Road Accidents,Not Applicable,City/Town,Near Bus stop,Human Error,Yes,Grievous Injury,Hit and Run,Not Applicable,Not Applicable,Others,Bitumen(Tar),Dry,Not Applicable,Clear,Tigalarapalya Church Road,Vivek School Tigalapalya,0.5 Km,0.0,0.0
Bengaluru City,Byadarahalli PS,1.09772e+16,2017,1,2,Road Accidents,Cross roads,City/Town,Open area,Human Error,No,Grievous Injury,Others,Not Applicable,Others,One way,Bitumen(Tar),Dry,Not Applicable,Very Hot,Near Benne dose hotel  Andrahalli main road,Hotel,1,0.0,0.0
Bengaluru City,Byadarahalli PS,1.09772e+16,2017,1,1,Road Accidents,Cross roads,City/Town,Near Bus stop,Human Error,No,Grievous Injury,Others,Not Applicable,Others,State Highway,Bitumen(Tar),Others,Not Applicable,Very Cold,Magadi Main Road,Janpriya apartment,1 KM,0.0,0.0
Bengaluru City,Byadarahalli PS,1.09772e+16,2017,1,1,Road Accidents,Narrow road,City/Town,Near School or College,Human Error,No,Grievous Injury,Others,Not Applicable,Others,City or Town Road,Bitumen(Tar),Dry,Not Applicable,Clear,"K G School opp, Thigalarapalya Main Road",K G School opp,1Km,0.0,0.0
Bengaluru City,Byadarahalli PS,1.09772e+16,2017,1,2,Road Accidents,Narrow road,City/Town,Residential area,Human Error,Yes,Grievous Injury,Hit and Run,Not Applicable,Not Applicable,City or Town Road,Bitumen(Tar),Dry,Not Applicable,Not Applicable,Visheveshwaraiah 5th Block Road,Near Bandminton Play Ground,4 kms,0.0,0.0
Bengaluru City,Byadarahalli PS,1.09772e+16,2017,1,1,Not Applicable,Junction,City/Town,Near Bus stop,Human Error,Yes,Grievous Injury,Hit and Run,Not Applicable,Not Applicable,City or Town Road,Bitumen(Tar),Not Applicable,Drainage Ditch,Cloudy,"Muddinapalya Main Road, Anjananagar",Anjananagar,0.5 km,0.0,0.0
Bengaluru City,Byadarahalli PS,1.09772e+16,2017,1,1,Road Accidents,Junction,City/Town,Near Bus stop,Human Error,Yes,Grievous Injury,Hit and Run,Controlled,Straight and flat,State Highway,Bitumen(Tar),Dry,No influence on accident,Fine,Magadi Main Road,Near Herohalli Cross,1 Km,0.0,0.0
Bengaluru City,Byadarahalli PS,1.09772e+16,2017,1,1,Road Accidents,Not Applicable,City/Town,Near Bus stop,Human Error,No,Grievous Injury,Hit and Run,No signal lights,Straight and flat,State Highway,Bitumen(Tar),Dry,Not Applicable,Fine,Magadi Banglore Main Road,Doddagollarahatti Magadi Main Road,0.0 Km,0.0,0.0
Bengaluru City,Byadarahalli PS,1.09772e+16,2017,1,2,Road Accidents,Bridge,City/Town,Narrow bridge or culverts,Human Error,Yes,Grievous Injury,Hit and Run,Not at  Junction,Curve,City or Town Road,Bitumen(Tar),Dry,Drainage Ditch,Fine,Herohalli Road,Near Herohalli Pond,0.2 Km,0.0,0.0
Bengaluru City,Byadarahalli PS,1.09772e+16,2017,1,1,Road Accidents,Not Applicable,City/Town,Open area,Human Error,Yes,Grievous Injury,Hit and Run,Not at  Junction,Straight and flat,City or Town Road,Bitumen(Tar),Dry,Not Applicable,Cloudy,Mahadeshwaranagar Main Road,Near Nagarahole Circle,0.2 Km,0.0,0.0
Bengaluru City,Byadarahalli PS,1.09772e+16,2017,1,1,Road Accidents,Narrow road,City/Town,Near School or College,Human Error,Yes,Simple Injury,Hit and Run,Not at  Junction,Not Applicable,City or Town Road,Bitumen(Tar),Dry,Not Applicable,Not Applicable,Tigalarapalya Main Road,Near Rashtriya Navodaya School,4 kms,0.0,0.0
Bengaluru City,Byadarahalli PS,1.09772e+16,2017,1,2,Not Applicable,Junction,City/Town,Near Hospital,Human Error,Not Applicable,Grievous Injury,Run Off Road,Controlled,Curve,State Highway,Gravel,Flooded,No influence on accident,Cloudy,"G Hosahalli, Magadi Main Road",Near Krishna Hosppital,2 Km,0.0,0.0
Bengaluru City,Byadarahalli PS,1.09772e+16,2017,1,1,Road Accidents,Junction,City/Town,Near Bus stop,Human Error,Yes,Grievous Injury,Hit and Run,Controlled,Not Applicable,State Highway,Bitumen(Tar),Not Applicable,Not Applicable,Others,Bangalore Magadi Main Road,Near Bus Stop,1.5 km,0.0,0.0
Bengaluru City,Byadarahalli PS,1.09772e+16,2017,1,1,Road Accidents,Round about or Circle,City/Town,Near Petrol Pump,Human Error,Yes,Grievous Injury,Hit and Run,No signal lights,Straight and flat,State Highway,Bitumen(Tar),Dry,Not Applicable,Fine,Banglore Magadi Main Road,Near Sheel Petro Bunk,0.1 Km,0.0,0.0
Bengaluru City,Byadarahalli PS,1.09772e+16,2017,1,2,Road Accidents,Circle,City/Town,Residential area,Human Error,Yes,Grievous Injury,Hit and Run,Not at  Junction,Incline,City or Town Road,Bitumen(Tar),Dry,Not Applicable,Others,Ullalu to Manganahalli Cross Road,Manganahalli Cross,0.5 km,0.0,0.0
Bengaluru City,Byadarahalli PS,1.09772e+16,2017,1,2,Road Accidents,Other,City/Town,Near Bus stop,Human Error,Yes,Grievous Injury,Hit and Run,Not Applicable,Not Applicable,City or Town Road,Bitumen(Tar),Not Applicable,Not Applicable,Not Applicable,Magadi Main Road,Near Gollarahatti Bus Stop,3 kms,0.0,0.0
Bengaluru City,Byadarahalli PS,1.09772e+16,2017,1,1,Road Accidents,Other,City/Town,Near Bus stop,Human Error,Yes,Grievous Injury,Not Applicable,Not at  Junction,Not Applicable,State Highway,Bitumen(Tar),Dry,Not Applicable,Not Applicable,Magadi Road,Near Anjananagar Bus Stop,1 km,0.0,0.0
Bengaluru City,Byadarahalli PS,1.09772e+16,2017,1,1,Road Accidents,Narrow road,City/Town,Near Bus stop,Human Error,Yes,Grievous Injury,Hit and Run,No signal lights,Not Applicable,State Highway,Bitumen(Tar),Dry,Not Applicable,Clear,Magadi Main Road,Near   Herrohalli Bus stop,1,0.0,0.0
Bengaluru City,Byadarahalli PS,1.09772e+16,2017,1,1,Road Accidents,Not Applicable,City/Town,Near office complex,Human Error,No,Grievous Injury,Not Applicable,Not at  Junction,Hump,City or Town Road,Bitumen(Tar),Dry,Not Applicable,Not Applicable,Muddanapalya Road,Near RTO Office,3km,0.0,0.0
Bengaluru City,Byadarahalli PS,1.09772e+16,2017,1,2,Road Accidents,Not Applicable,City/Town,Near office complex,Human Error,No,Grievous Injury,Others,Not at  Junction,Not Applicable,State Highway,Bitumen(Tar),Dry,Not Applicable,Not Applicable,Bangalore Magadi Main Road,Near Khadi Bandar,500 Mt,0.0,0.0
Bengaluru City,Byadarahalli PS,1.09772e+16,2017,1,1,Road Accidents,Cross roads,City/Town,Near Bus stop,Human Error,No,Grievous Injury,Others,Not Applicable,Curve,Two way,Bitumen(Tar),Dry,Not Applicable,Very Cold,Herohalli Road,NearHerohalli Road,2,0.0,0.0
Bengaluru City,Byadarahalli PS,1.09772e+16,2017,1,1,Road Accidents,Not Applicable,City/Town,Open area,Human Error,Yes,Grievous Injury,Hit and Run,Not Applicable,Not Applicable,City or Town Road,Bitumen(Tar),Dry,Not Applicable,Clear,East West College Road,Near Hapscom Hotel,2,0.0,0.0
Bengaluru City,Byadarahalli PS,1.09772e+16,2017,1,1,Road Accidents,Junction,City/Town,At pedestrian Crossing,Human Error,Yes,Grievous Injury,Hit and Run,Stop sign,Straight and flat,State Highway,Bitumen(Tar),Dry,Not Applicable,Cloudy,Magadi Banglore Main Road,Mahadeshwaranagar Cross,0.0 Km,0.0,0.0
Bengaluru City,Byadarahalli PS,1.09772e+16,2017,1,1,Road Accidents,Other,City/Town,Near a religious place,Human Error,Yes,Grievous Injury,Hit and Run,Not Applicable,Not Applicable,City or Town Road,Bitumen(Tar),Not Applicable,Not Applicable,Clear,Andrahalli road,Near Bailanjaneya temple,4 km,0.0,0.0
Bengaluru City,Byadarahalli PS,1.09772e+16,2017,1,1,Road Accidents,Other,City/Town,Near Bus stop,Human Error,Yes,Grievous Injury,Hit and Run,Not Applicable,Not Applicable,State Highway,Bitumen(Tar),Not Applicable,Not Applicable,Clear,Near collage stop,Near Collage stop,2.5 km,0.0,0.0
Bengaluru City,Byadarahalli PS,1.09772e+16,2017,1,1,Road Accidents,Circle,City/Town,Near Bus stop,Human Error,Yes,Fatal,Hit and Run,Not at  Junction,Curve,Mixed,Bitumen(Tar),Dry,Not Applicable,Clear,Muddinapalya Road,Muddinapalya Circle,0.0 Km,0.0,0.0
Bengaluru City,Byadarahalli PS,1.09772e+16,2017,1,1,Road Accidents,Junction,City/Town,Near Bus stop,Human Error,Yes,Grievous Injury,Hit and Run,Not Applicable,Not Applicable,State Highway,Bitumen(Tar),Dry,Not Applicable,Cloudy,Magadi main road,Near Byadarahalli ps,2 km,0.0,0.0
Bengaluru City,Byadarahalli PS,1.09772e+16,2017,1,1,Road Accidents,Narrow road,City/Town,Near office complex,Human Error,No,Simple Injury,Others,Not at  Junction,Not Applicable,City or Town Road,Bitumen(Tar),Not Applicable,Not Applicable,Not Applicable,Mahadeshwaranaga Road,Near Karnataka Bank ATM,3 km,0.0,0.0
Bengaluru City,Byadarahalli PS,1.09772e+16,2017,1,2,Road Accidents,Road hump or Rumble strips,City/Town,Near School or College,Human Error,Yes,Grievous Injury,Rear end,Not Applicable,Hump,City or Town Road,Not Applicable,Dry,Not Applicable,Fine,Tunganagar Main Road,Near Heritage Kalyan Mantap,0.1 Km,0.0,0.0
Bengaluru City,Byadarahalli PS,1.09772e+16,2017,1,1,Road Accidents,Other,City/Town,Near office complex,Human Error,No,Grievous Injury,Others,Not Applicable,Others,City or Town Road,Bitumen(Tar),Dry,Not Applicable,Clear,Magadi main road,Magadi main road,2 km,0.0,0.0
Bengaluru City,Byadarahalli PS,1.09772e+16,2017,1,2,Road Accidents,Other,City/Town,Open area,Human Error,Yes,Grievous Injury,Others,Not Applicable,Not Applicable,City or Town Road,Bitumen(Tar),Dry,Not Applicable,Clear,Muddinapalya,Muddinapalya,3 KM,0.0,0.0
Bengaluru City,Byadarahalli PS,1.09772e+16,2017,1,2,Not Applicable,Narrow road,City/Town,Near Bus stop,Human Error,No,Grievous Injury,Not Applicable,Not Applicable,Others,One way,Bitumen(Tar),Others,Not Applicable,Very Cold,Near Thunganagara Rd,MRP Bar,1 KM,0.0,0.0
Bengaluru City,Byadarahalli PS,1.09772e+16,2017,1,1,Road Accidents,Other,City/Town,Near Bus stop,Human Error,No,Grievous Injury,Not Applicable,Not Applicable,Others,City or Town Road,Bitumen(Tar),Others,Not Applicable,Very Cold,Thunganagara main road,Thunganagara Main Rd,2 KM,0.0,0.0
Bengaluru City,Byadarahalli PS,1.09772e+16,2017,1,2,Road Accidents,Not Applicable,Not Applicable,Near a recreation place/cinema,Human Error,Yes,Grievous Injury,Hit and Run,Not Applicable,Not Applicable,State Highway,Bitumen(Tar),Not Applicable,Not Applicable,Not Applicable,Bangalore Magadi Main Road,Near Ravinandana Palace,2 kms,0.0,0.0
Bengaluru City,Byadarahalli PS,1.09772e+16,2017,1,1,Road Accidents,Other,City/Town,Near Bus stop,Human Error,No,Grievous Injury,Others,Not Applicable,Curve,City or Town Road,Bitumen(Tar),Dry,Not Applicable,Clear,Byadarahalli Bus stop,Near Byadarahalli bus stop,2 Km,0.0,0.0
Bengaluru City,Byadarahalli PS,1.09772e+16,2017,1,2,Road Accidents,Not Applicable,City/Town,Near a religious place,Human Error,Yes,Grievous Injury,Hit and Run,Not at  Junction,Not Applicable,Others,Bitumen(Tar),Not Applicable,Not Applicable,Not Applicable,Andrahalli Main Road,Near Saibaba Temple,2 kms,0.0,0.0
Bengaluru City,Byadarahalli PS,1.09772e+16,2017,1,1,Road Accidents,Not Applicable,Not Applicable,Narrow bridge or culverts,Human Error,Yes,Grievous Injury,Hit and Run,Not Applicable,Not Applicable,City or Town Road,Bitumen(Tar),Not Applicable,Not Applicable,Not Applicable,Ullalu Main Road,Near Ullalu Lake,4 km,0.0,0.0
Bengaluru City,Byadarahalli PS,1.09772e+16,2017,1,1,Road Accidents,Other,City/Town,Open area,Human Error,Yes,Grievous Injury,Others,Not Applicable,Others,City or Town Road,Bitumen(Tar),Dry,Not Applicable,Clear,Bharath nagara,Bharath nagara,1.5 Km,0.0,0.0
Bengaluru City,Byadarahalli PS,1.09772e+16,2017,1,1,Road Accidents,Other,City/Town,Near School or College,Human Error,No,Grievous Injury,Others,Not Applicable,Not Applicable,City or Town Road,Bitumen(Tar),Dry,Not Applicable,Clear,Ullal Main road,Ullal Main road,4 Km,0.0,0.0
Bengaluru City,Byadarahalli PS,1.09772e+16,2017,1,1,Road Accidents,Cross roads,City/Town,Residential area,Human Error,No,Simple Injury,Not Applicable,Not Applicable,Not Applicable,Residential Street,Bitumen(Tar),Dry,Not Applicable,Clear,D Group Layout,11th Cross,02.km,0.0,0.0
Bengaluru City,Byadarahalli PS,1.09772e+16,2017,1,2,Not Applicable,Narrow road,City/Town,In bazaar,Human Error,No,Grievous Injury,Others,Not Applicable,Not Applicable,City or Town Road,Bitumen(Tar),Flooded,Not Applicable,Snow,Mahadeshwaranagar Main Road,Mahadeshwaranagar Main Road,1 Km,0.0,0.0
Bengaluru City,Byadarahalli PS,1.09772e+16,2017,1,1,Road Accidents,Curves,City/Town,Near or inside a village,Human Error,No,Grievous Injury,Not Applicable,Not at  Junction,Not Applicable,City or Town Road,Bitumen(Tar),Not Applicable,Not Applicable,Not Applicable,Herohalli Andrahalli Main Road,Near Herohalli Lake,0.5 km,0.0,0.0
Bengaluru City,Byadarahalli PS,1.09772e+16,2017,1,1,Road Accidents,Not Applicable,City/Town,Near Bus stop,Human Error,No,Grievous Injury,Not Applicable,Not at  Junction,Not Applicable,State Highway,Bitumen(Tar),Not Applicable,Not Applicable,Not Applicable,Bangalore Magadi Main Road,Near Herohalli Cross,200mts,0.0,0.0
Bengaluru City,Byadarahalli PS,1.09772e+16,2017,1,1,Road Accidents,Not Applicable,City/Town,Near School or College,Human Error,Yes,Grievous Injury,Not Applicable,Not at  Junction,Not Applicable,City or Town Road,Bitumen(Tar),Not Applicable,Not Applicable,Not Applicable,Tunganagar Main Road,Near Pre Nursery School,2 km,0.0,0.0
Bengaluru City,Byadarahalli PS,1.09772e+16,2017,1,1,Road Accidents,Not Applicable,City/Town,In bazaar,Human Error,Yes,Grievous Injury,Hit and Run,Not at  Junction,Not Applicable,State Highway,Bitumen(Tar),Not Applicable,Not Applicable,Not Applicable,Magadi Main Road,Near Malnad Hotel,1km,0.0,0.0
Bengaluru City,Byadarahalli PS,1.09772e+16,2017,1,1,Road Accidents,Other,City/Town,Near a religious place,Human Error,Yes,Grievous Injury,Others,Police / Manual,Others,City or Town Road,Bitumen(Tar),Dry,Not Applicable,Clear,Andrahalli thigalarapalya Road,Near bayalu Anjaneya Temple,3 Km,0.0,0.0
Bengaluru City,Byadarahalli PS,1.09772e+16,2017,1,1,Road Accidents,Other,City/Town,Residential area,Human Error,Yes,Grievous Injury,Hit and Run,Not Applicable,Not Applicable,City or Town Road,Bitumen(Tar),Not Applicable,Not Applicable,Clear,D group Layout Main raod,Near siddalingeshwara provision store lingadiranahalli,3 km,0.0,0.0
Bengaluru City,Byadarahalli PS,1.09772e+16,2017,1,1,Road Accidents,Cross roads,City/Town,Residential area,Human Error,Yes,Grievous Injury,Hit and Run,Not at  Junction,Straight and flat,City or Town Road,Bitumen(Tar),Dry,Not Applicable,Fine,Tunganagar 2 nd Cross,Tunganagar 2nd Cross,0.0 Km,0.0,0.0
Bengaluru City,Byadarahalli PS,1.09772e+16,2017,1,2,Road Accidents,Other,City/Town,Near office complex,Human Error,Yes,Grievous Injury,Others,Not Applicable,Not Applicable,City or Town Road,Bitumen(Tar),Dry,Not Applicable,Clear,Ullal  Road,Ullal road,3 Km,0.0,0.0
Bengaluru City,Byadarahalli PS,1.09772e+16,2017,1,2,Road Accidents,Not Applicable,Not Applicable,In bazaar,Human Error,No,Grievous Injury,Hit bicyclist,Not at  Junction,Not Applicable,City or Town Road,Bitumen(Tar),Others,Not Applicable,Not Applicable,Andrahalli Main Road,Near Ramsing Circle,2 km,0.0,0.0
Bengaluru City,Byadarahalli PS,1.09772e+16,2017,1,1,Road Accidents,Other,City/Town,Residential area,Human Error,Yes,Grievous Injury,Hit and Run,Not at  Junction,Straight and flat,City or Town Road,Bitumen(Tar),Dry,Not Applicable,Fine,Andrahalli main road,Near Andrahalli Arali Mar Circle,0.2 Km,0.0,0.0
Bengaluru City,Byadarahalli PS,1.09772e+16,2017,1,2,Road Accidents,Narrow road,City/Town,Near Bus stop,Human Error,Yes,Simple Injury,Hit and Run,Not at  Junction,Not Applicable,State Highway,Bitumen(Tar),Dry,Not Applicable,Not Applicable,Bangalore Magadi Main Road,Near Bydrahalli Police Station,0 kms,0.0,0.0
Bengaluru City,Byadarahalli PS,1.09772e+16,2017,1,2,Road Accidents,Other,City/Town,Near a religious place,Human Error,Yes,Simple Injury,Others,Not Applicable,Not Applicable,City or Town Road,Bitumen(Tar),Not Applicable,Not Applicable,Clear,TUNGANAGARA MAIN ROAD,SHRINILAYAM APARTMENT,02KM,0.0,0.0
Bengaluru City,Byadarahalli PS,1.09772e+16,2017,1,1,Road Accidents,Not Applicable,City/Town,Near office complex,Human Error,Yes,Fatal,Hit and Run,Not at  Junction,Straight and flat,State Highway,Bitumen(Tar),Dry,Not Applicable,Clear,Banglore Magadi Main Road,Near Ravinandan Palace,0.2 Km,0.0,0.0
Bengaluru City,Byadarahalli PS,1.09772e+16,2017,1,1,Road Accidents,Not Applicable,Not Applicable,Residential area,Human Error,No,Fatal,Hit pedestrian,Not Applicable,Not Applicable,City or Town Road,Bitumen(Tar),Dry,Not Applicable,Clear,Tulasinagara main road,Near Brundavana kalyanan mantapa,400 mt,0.0,0.0
Bengaluru City,Byadarahalli PS,1.09772e+16,2017,1,2,Road Accidents,Narrow road,City/Town,Near a factory industrial area,Human Error,Yes,Grievous Injury,Hit and Run,Not Applicable,Not Applicable,City or Town Road,Bitumen(Tar),Dry,Not Applicable,Not Applicable,Andrahalli Main Road,Near Byraveshwara Traders,2kms,0.0,0.0
Bengaluru City,Byadarahalli PS,1.09772e+16,2017,1,2,Road Accidents,T Junction,City/Town,Near office complex,Human Error,No,Fatal,Others,Not at  Junction,Not Applicable,State Highway,Bitumen(Tar),Dry,Not Applicable,Not Applicable,Magadi Main Road,Near Kaveri Bar and Restaurant,3 km,0.0,0.0
Bengaluru City,Byadarahalli PS,1.09772e+16,2017,1,1,Road Accidents,Cross roads,City/Town,Near Bus stop,Human Error,Not Applicable,Fatal,Not Applicable,No signal lights,Others,Two way,Bitumen(Tar),Not Applicable,Not Applicable,Clear,Thigalarapalya Main Road,Repadics campaniy,1,0.0,0.0
Bengaluru City,Byadarahalli PS,1.09772e+16,2017,1,1,Road Accidents,Circle,City/Town,Near Bus stop,Human Error,No,Grievous Injury,Not Applicable,Controlled,Straight and flat,City or Town Road,Bitumen(Tar),Dry,Drainage Ditch,Fine,Magadi Main Road,Near Doddagollarahatti Bus Stop,3 Km,0.0,0.0
Bengaluru City,Byadarahalli PS,1.09772e+16,2017,1,1,Road Accidents,Not Applicable,City/Town,Near School or College,Human Error,No,Grievous Injury,Not Applicable,Not Applicable,Not Applicable,City or Town Road,Bitumen(Tar),Dry,Not Applicable,Others,Ullalu Road,Near KLE College,3 km,0.0,0.0
Bengaluru City,Byadarahalli PS,1.09772e+16,2017,1,1,Road Accidents,Circle,City/Town,Near Petrol Pump,Human Error,No,Grievous Injury,Others,Not Applicable,Others,City or Town Road,Bitumen(Tar),Dry,No influence on accident,Clear,"Byadarahalli, Magadi Main road",Near Shell Petorl bunk,0.1 Km,0.0,0.0
Bengaluru City,Byadarahalli PS,1.09772e+16,2017,1,2,Road Accidents,Not Applicable,Not Applicable,Near Bus stop,Human Error,Yes,Grievous Injury,Hit and Run,Not Applicable,Not Applicable,City or Town Road,Bitumen(Tar),Not Applicable,Not Applicable,Not Applicable,Ullalu Main Road,Near Ullalu Lake,3 km,0.0,0.0
Bengaluru City,Byadarahalli PS,1.09772e+16,2017,1,1,Road Accidents,Junction,City/Town,Near Hospital,Human Error,Yes,Grievous Injury,Hit and Run,Not Applicable,Straight and flat,State Highway,Bitumen(Tar),Dry,Not Applicable,Fine,Banglore Magadi Main Road,Opp Sri Krishna Hospital,0.2 Km,0.0,0.0
Bengaluru City,Byadarahalli PS,1.09772e+16,2017,1,1,Road Accidents,Other,City/Town,Residential area,Human Error,Yes,Grievous Injury,Hit and Run,Not at  Junction,Curve and Incline,City or Town Road,Bitumen(Tar),Dry,Not Applicable,Clear,Sri Chakranagar Main Road,Chandra Shakhar Ashram,0.5 km,0.0,0.0