DISTRICTNAME,UNITNAME,Crime_No,Year,RI,Noofvehicle_involved,Accident_Classification,Accident_Spot,Accident_Location,Accident_SubLocation,Main_Cause,Hit_Run,Severity,Collision_Type,Junction_Control,Road_Character,Road_Type,Surface_Type,Surface_Condition,Road_Condition,Weather,Accident_Road,Landmark_first,Distance_LandMark_First,Latitude,Longitude
Bengaluru City,Byadarahalli PS,1.09772e+16,2017,1,1,Road Accidents,Narrow road,City/Town,Near Bus stop,Human Error,No,Grievous Injury,Not Applicable,Not Applicable,Not Applicable,Two way,Bitumen(Tar),Dry,Not Applicable,Very Cold,Herohalli cross,Near bus stop,1km,0.0,0.0
Bengaluru City,Byadarahalli PS,1.09772e+16,2017,1,1,Road Accidents,Not Applicable,City/Town,Near Hospital,Human Error,No,Fatal,Hit pedestrian,Not Applicable,Not Applicable,State Highway,Bitumen(Tar),Dry,No influence on accident,Clear,Magadi main road,Near Krishna hospital,0.5mts,0.0,0.0
Bengaluru City,Byadarahalli PS,1.09772e+16,2017,1,1,Road Accidents,Circle,City/Town,Near School or College,Human Error,Yes,Fatal,Hit and Run,Not Applicable,Not Applicable,Two way,Bitumen(Tar),Dry,Not Applicable,Clear,Ullala main road,Near KLE Collage,100 mr,0.0,0.0
Bengaluru City,Byadarahalli PS,1.09772e+16,2017,1,1,Road Accidents,Not Applicable,Not Applicable,Near Bus stop,Human Error,Yes,Grievous Injury,Hit and Run,Not Applicable,Not Applicable,State Highway,Bitumen(Tar),Not Applicable,Not Applicable,Not Applicable,Bangalore Magadi Main Road,Near Doddagollarahatti Bus Stop,3 km,0.0,0.0
Bengaluru City,Byadarahalli PS,1.09772e+16,2017,1,1,Road Accidents,Other,City/Town,Near Bus stop,Human Error,Yes,Grievous Injury,Hit and Run,No signal lights,Straight and flat,State Highway,Bitumen(Tar),Dry,Not Applicable,Clear,Banglore Magadi Main Road,Doddagollarahatti Bus Stop,0.2 Km,0.0,0.0
Bengaluru City,Byadarahalli PS,1.09772e+16,2017,1,2,Road Accidents,Not Applicable,City/Town,Near office complex,Human Error,Yes,Fatal,Hit and Run,Not Applicable,Not Applicable,Others,Bitumen(Tar),Not Applicable,Not Applicable,Not Applicable,Anjananagar-Muddinapalya Road,Near Sri Lakshmi Venkateshwar Real Estate,3 KM,0.0,0.0
Bengaluru City,Byadarahalli PS,1.09772e+16,2017,1,1,Road Accidents,Other,City/Town,Near School or College,Human Error,Yes,Grievous Injury,Others,Not Applicable,Others,One way,Bitumen(Tar),Others,Not Applicable,Others,East west college,East west college,2 km,0.0,0.0
Bengaluru City,Byadarahalli PS,1.09772e+16,2017,1,2,Road Accidents,Not Applicable,Not Applicable,Near Bus stop,Human Error,Yes,Grievous Injury,Hit and Run,Not Applicable,Not Applicable,Others,Bitumen(Tar),Not Applicable,Not Applicable,Not Applicable,Muddinapalya Road,Near Anjananagar Bus Stop,0.5 km,0.0,0.0
Bengaluru City,Byadarahalli PS,1.09772e+16,2017,1,2,Road Accidents,Other,City/Town,Near School or College,Human Error,Yes,Simple Injury,Not Applicable,Not Applicable,Others,City or Town Road,Bitumen(Tar),Dry,Not Applicable,Others,KLE LAW COLLEGE ROAD,LAW COLLEGE,03KM,0.0,0.0
Bengaluru City,Byadarahalli PS,1.09772e+16,2017,1,2,Not Applicable,Other,City/Town,Near Bus stop,Human Error,No,Grievous Injury,Drowned,Not at  Junction,Not Applicable,City or Town Road,Bitumen(Tar),Dry,Not Applicable,Cloudy,Andrahalli main road,Andrahalli main road,3 Km,0.0,0.0
Bengaluru City,Byadarahalli PS,1.09772e+16,2017,1,2,Road Accidents,Other,City/Town,Near a factory industrial area,Human Error,Yes,Fatal,Hit and Run,Not Applicable,Incline,Residential Street,Bitumen(Tar),Dry,Not Applicable,Fine,2nd Cross Mahadeshwaranagar,Near Industrial Area,0.5 km,0.0,0.0
Bengaluru City,Byadarahalli PS,1.09772e+16,2017,1,2,Road Accidents,Cross roads,City/Town,Residential area,Human Error,Yes,Grievous Injury,Hit and Run,Not Applicable,Straight and flat,City or Town Road,Bitumen(Tar),Dry,Not Applicable,Dust Storn,Sir M V Layout 5th Block Road,Manganahalli Cross,0.5 Km,0.0,0.0
Bengaluru City,Byadarahalli PS,1.09772e+16,2017,1,2,Road Accidents,Other,City/Town,Near office complex,Human Error,Yes,Grievous Injury,Hit and Run,Not at  Junction,Straight and flat,City or Town Road,Bitumen(Tar),Dry,Not Applicable,Cloudy,Andrahalli main road,Near Karnatak Bank,0.2 Km,0.0,0.0
Bengaluru City,Byadarahalli PS,1.09772e+16,2017,1,1,Road Accidents,Junction,City/Town,Near Bus stop,Human Error,Yes,Grievous Injury,Hit and Run,No signal lights,Others,State Highway,Bitumen(Tar),Dry,Not Applicable,Cloudy,Magadi Banglore Main Road,Near Bus Stop,0.2 Km,0.0,0.0
Bengaluru City,Byadarahalli PS,1.09772e+16,2017,1,1,Road Accidents,Other,City/Town,Near School or College,Human Error,Yes,Grievous Injury,Others,Not Applicable,Not Applicable,City or Town Road,Bitumen(Tar),Dry,Not Applicable,Clear,East west college Magadi road,Magadi road,1 Km,0.0,0.0
Bengaluru City,Byadarahalli PS,1.09772e+16,2017,1,1,Road Accidents,Other,City/Town,Near Bus stop,Human Error,Yes,Grievous Injury,Hit and Run,Not Applicable,Others,City or Town Road,Bitumen(Tar),Not Applicable,Not Applicable,Clear,Magadi main road,Near byadaarahalli bus stop,2 km,0.0,0.0
Bengaluru City,Byadarahalli PS,1.09772e+16,2017,1,2,Road Accidents,Narrow road,City/Town,Near Bus stop,Human Error,Not Applicable,Grievous Injury,Others,Not Applicable,Others,State Highway,Bitumen(Tar),Not Applicable,Not Applicable,Others,Magadi Main Road,Film tetare,1km,0.0,0.0
Bengaluru City,Byadarahalli PS,1.09772e+16,2017,1,1,Road Accidents,Cross roads,City/Town,Residential area,Human Error,No,Grievous Injury,Others,Not Applicable,Not Applicable,One way,Bitumen(Tar),Others,Not Applicable,Clear,Brahmadevaragutte,KLE college,5,0.0,0.0
Bengaluru City,Byadarahalli PS,1.09772e+16,2017,1,2,Road Accidents,Curves,City/Town,Near a religious place,Human Error,No,Not Applicable,Others,Not Applicable,Not Applicable,City or Town Road,Bitumen(Tar),Dry,Not Applicable,Clear,Andrahalli Main Road,Near muneshwara Tempal,02.00k,0.0,0.0
Bengaluru City,Byadarahalli PS,1.09772e+16,2017,1,1,Road Accidents,Other,City/Town,Near Bus stop,Human Error,Yes,Grievous Injury,Not Applicable,Not at  Junction,Not Applicable,State Highway,Bitumen(Tar),Dry,Not Applicable,Not Applicable,Magadi Main Road,Near Byadarahalli Bus Stop,2 km,0.0,0.0
Bengaluru City,Byadarahalli PS,1.09772e+16,2017,1,2,Road Accidents,Not Applicable,City/Town,Near office complex,Human Error,Yes,Grievous Injury,Hit and Run,Not Applicable,Not Applicable,City or Town Road,Bitumen(Tar),Dry,Not Applicable,Not Applicable,East West College Road,Near Biriyani Katte,1 km,0.0,0.0
Bengaluru City,Byadarahalli PS,1.09772e+16,2017,1,2,Not Applicable,Not Applicable,City/Town,Open area,Human Error,Yes,Grievous Injury,Hit and Run,Not Applicable,Not Applicable,Others,Bitumen(Tar),Not Applicable,Not Applicable,Not Applicable,Muddinapalya Road,Nadaprabhu Kempegowda Circle,2 kms,0.0,0.0
Bengaluru City,Byadarahalli PS,1.09772e+16,2017,1,2,Road Accidents,Circle,City/Town,Near Bus stop,Human Error,Not Applicable,Simple Injury,Not Applicable,Not Applicable,Others,City or Town Road,Bitumen(Tar),Not Applicable,Not Applicable,Not Applicable,Bangaloru Magadi Road,Anjananagara Bus Stop,1.00Km,0.0,0.0
Bengaluru City,Byadarahalli PS,1.09772e+16,2017,1,1,Road Accidents,Other,City/Town,Near Bus stop,Human Error,Not Applicable,Grievous Injury,Not Applicable,Not Applicable,Not Applicable,City or Town Road,Bitumen(Tar),Others,Not Applicable,Not Applicable,telecom Layout to KLE College Road,TelecomLayout to KLE College Road Near Byadrrahalli Bus Stop,01Km,0.0,0.0
Bengaluru City,Byadarahalli PS,1.09772e+16,2017,1,1,Road Accidents,Other,City/Town,Near Bus stop,Human Error,No,Grievous Injury,Hit pedestrian,Not Applicable,Not Applicable,City or Town Road,Bitumen(Tar),Not Applicable,Not Applicable,Not Applicable,Mahadeshwara nagara main raod,Near Kempegowda hotel,3 km,0.0,0.0
Bengaluru City,Byadarahalli PS,1.09772e+16,2017,1,2,Road Accidents,Other,City/Town,Near School or College,Human Error,Not Applicable,Grievous Injury,Others,Not Applicable,Not Applicable,City or Town Road,Bitumen(Tar),Dry,Not Applicable,Clear,Magadi main road,Magadi main road,1 Kms,0.0,0.0
Bengaluru City,Byadarahalli PS,1.09772e+16,2017,1,2,Road Accidents,Not Applicable,Not Applicable,Near Bus stop,Human Error,Yes,Grievous Injury,Not Applicable,Not at  Junction,Not Applicable,City or Town Road,Bitumen(Tar),Not Applicable,Not Applicable,Not Applicable,Tunganagar Main Road,Near 5th Cross,2 kms,0.0,0.0
Bengaluru City,Byadarahalli PS,1.09772e+16,2017,1,2,Road Accidents,Not Applicable,Not Applicable,Near a factory industrial area,Human Error,Yes,Grievous Injury,Not Applicable,Not at  Junction,Not Applicable,City or Town Road,Bitumen(Tar),Not Applicable,Not Applicable,Not Applicable,Dwaraka Road,Near VBS Bakery,2 kms,0.0,0.0
Bengaluru City,Byadarahalli PS,1.09772e+16,2017,1,2,Road Accidents,Circle,City/Town,Near office complex,Human Error,No,Fatal,Others,Police / Manual,Curve,City or Town Road,Bitumen(Tar),Dry,Not Applicable,Clear,Bharathnagar 2nd stage,Near karnataka Bank,1,0.0,0.0
Bengaluru City,Byadarahalli PS,1.09772e+16,2017,1,2,Road Accidents,Not Applicable,City/Town,Near Bus stop,Human Error,Yes,Grievous Injury,Hit and Run,Not Applicable,Not Applicable,State Highway,Bitumen(Tar),Not Applicable,Not Applicable,Not Applicable,Bangalore Magadi Main Road,Near Mahadeshwaranagar Cross,0.25 k,0.0,0.0
Bengaluru City,Byadarahalli PS,1.09772e+16,2017,1,1,Road Accidents,Not Applicable,City/Town,Near Bus stop,Human Error,Yes,Simple Injury,Hit and Run,Not Applicable,Not Applicable,City or Town Road,Bitumen(Tar),Others,Not Applicable,Others,Bangaloru Magadi Main Road,Byadarahalli Bus stop,1.0 Km,0.0,0.0
Bengaluru City,Byadarahalli PS,1.09772e+16,2017,1,1,Road Accidents,Culvert,City/Town,Narrow bridge or culverts,Human Error,Yes,Grievous Injury,Hit and Run,Not Applicable,Not Applicable,City or Town Road,Bitumen(Tar),Dry,Not Applicable,Cloudy,Mahadeshwaranagar Main Road,Mahadeshwaranagar Main Road,0.0 Km,0.0,0.0
Bengaluru City,Byadarahalli PS,1.09772e+16,2017,1,2,Road Accidents,Not Applicable,City/Town,Near Bus stop,Human Error,Not Applicable,Grievous Injury,Not Applicable,Not Applicable,Not Applicable,State Highway,Bitumen(Tar),Dry,Not Applicable,Clear,Magadi Main Road,Magdi main road,2.5 KM,0.0,0.0
Bengaluru City,Byadarahalli PS,1.09772e+16,2017,1,1,Road Accidents,Other,City/Town,Near Bus stop,Human Error,Yes,Grievous Injury,Hit and Run,No signal lights,Straight and flat,State Highway,Bitumen(Tar),Dry,No influence on accident,Fine,Banglore Magadi Main Road,Near Anjananagar Bus Stop,0.2 Km,0.0,0.0
Bengaluru City,Byadarahalli PS,1.09772e+16,2017,1,2,Road Accidents,Not Applicable,City/Town,Near School or College,Human Error,No,Grievous Injury,Others,Not Applicable,Others,One way,Bitumen(Tar),Dry,Not Applicable,Others,KLE college circal muddinapalya,KLE law college,5km,0.0,0.0
Bengaluru City,Byadarahalli PS,1.09772e+16,2017,1,1,Road Accidents,Cross roads,City/Town,Residential area,Human Error,Yes,Fatal,Not Applicable,Not at  Junction,Not Applicable,Village Road,Surfaced,Dry,Not Applicable,Not Applicable,Basaveshwara Layout Road,Near Moodlaiah House,3 kms,0.0,0.0
Bengaluru City,Byadarahalli PS,1.09772e+16,2017,1,1,Road Accidents,Not Applicable,City/Town,Near a religious place,Human Error,Yes,Grievous Injury,Not Applicable,Not Applicable,Not Applicable,City or Town Road,Bitumen(Tar),Dry,Not Applicable,Others,Near Anjaneya Temple,Near Anjaneya Temple,4 km,0.0,0.0
Bengaluru City,Byadarahalli PS,1.09772e+16,2017,1,3,Road Accidents,Circle,City/Town,Near School or College,Human Error,No,Grievous Injury,Others,Police / Manual,Others,City or Town Road,Bitumen(Tar),Dry,Not Applicable,Clear,Magadi Main road,Near KLE Law College,2.5 Km,0.0,0.0
Bengaluru City,Byadarahalli PS,1.09772e+16,2017,1,2,Road Accidents,Other,City/Town,In bazaar,Human Error,No,Grievous Injury,Others,Not at  Junction,Others,State Highway,Bitumen(Tar),Dry,Not Applicable,Not Applicable,Bangalore Magadi Main Road,Near Tunganagar Cross,1 km,0.0,0.0
Bengaluru City,Byadarahalli PS,1.09772e+16,2017,1,2,Road Accidents,Not Applicable,Not Applicable,Near Bus stop,Human Error,Yes,Grievous Injury,Hit and Run,Not at  Junction,Not Applicable,City or Town Road,Bitumen(Tar),Not Applicable,Not Applicable,Not Applicable,Ullalu Main Road,Near Manganahalli Cross,3 km,0.0,0.0
Bengaluru City,Byadarahalli PS,1.09772e+16,2017,1,2,Road Accidents,Not Applicable,City/Town,Near office complex,Human Error,No,Grievous Injury,Not Applicable,Not Applicable,Not Applicable,Others,Bitumen(Tar),Not Applicable,Not Applicable,Not Applicable,Ullalu Main Road,Near Ullalu Lake,3 km,0.0,0.0
Bengaluru City,Byadarahalli PS,1.09772e+16,2017,1,1,Road Accidents,Not Applicable,City/Town,Near Bus stop,Human Error,Yes,Grievous Injury,Hit and Run,Controlled,Not Applicable,State Highway,Bitumen(Tar),Not Applicable,Not Applicable,Not Applicable,Magadi Main Road,Near Doddagollarahatti Bus Stop,4 kms,0.0,0.0
Bengaluru City,Byadarahalli PS,1.09772e+16,2017,1,1,Road Accidents,Circle,City/Town,Near a factory industrial area,Human Error,Yes,Grievous Injury,Hit and Run,No signal lights,Straight and flat,City or Town Road,Bitumen(Tar),Dry,Not Applicable,Cloudy,Andarahalli to Peenya Main Road,Near Chetan Circle,0.5 km,0.0,0.0
Bengaluru City,Byadarahalli PS,1.09772e+16,2017,1,1,Rail Road Accidents,Narrow road,City/Town,Near Bus stop,Human Error,No,Grievous Injury,Others,Not at  Junction,Not Applicable,Two way,Bitumen(Tar),Not Applicable,Not Applicable,Not Applicable,OPP Bharani Timber Andrahalli Main road Bengaluru,Andrahalli main road,3 KM,0.0,0.0
Bengaluru City,Byadarahalli PS,1.09772e+16,2017,1,1,Road Accidents,Other,City/Town,Near a religious place,Human Error,Yes,Simple Injury,Others,Not Applicable,Curve,Residential Street,Bitumen(Tar),Not Applicable,Not Applicable,Others,"MAGADI Main Road, NEAR KEB OFFICE",Near BBMP SCHOOL,02.00K,0.0,0.0
Bengaluru City,Byadarahalli PS,1.09772e+16,2017,1,2,Road Accidents,Not Applicable,Not Applicable,Near Bus stop,Human Error,Yes,Grievous Injury,Hit and Run,Not Applicable,Not Applicable,City or Town Road,Not Applicable,Not Applicable,Not Applicable,Not Applicable,Ullalu Main Road,Near Ullalu Lake,4 km,0.0,0.0
Bengaluru City,Byadarahalli PS,1.09772e+16,2017,1,1,Road Accidents,Not Applicable,City/Town,Narrow bridge or culverts,Human Error,No,Grievous Injury,Others,Not Applicable,Not Applicable,City or Town Road,Bitumen(Tar),Not Applicable,Not Applicable,Not Applicable,Andrahalli Main Road,Near Herohalli Lake,0.5 km,0.0,0.0
Bengaluru City,Byadarahalli PS,1.09772e+16,2017,1,1,Road Accidents,Not Applicable,City/Town,Near or inside a village,Human Error,No,Grievous Injury,Not Applicable,Not at  Junction,Not Applicable,City or Town Road,Bitumen(Tar),Not Applicable,Not Applicable,Not Applicable,Andrahalli Main Road,Near Herohalli Lake,0.5 km,0.0,0.0
Bengaluru City,Byadarahalli PS,1.09772e+16,2017,1,2,Road Accidents,Not Applicable,City/Town,Near School or College,Human Error,No,Grievous Injury,Others,Not Applicable,Not Applicable,City or Town Road,Bitumen(Tar),Not Applicable,Not Applicable,Not Applicable,Ullalu Main Road,Near KLE Law College,3 km,0.0,0.0
Bengaluru City,Byadarahalli PS,1.09772e+16,2017,1,1,Road Accidents,Other,City/Town,Open area,Human Error,Yes,Simple Injury,Hit and Run,Not Applicable,Not Applicable,City or Town Road,Bitumen(Tar),Dry,Not Applicable,Clear,Andralli Main Road,Mahalakshmi Gyarege,3,0.0,0.0
Bengaluru City,Byadarahalli PS,1.09772e+16,2017,1,1,Road Accidents,Other,City/Town,Near Hospital,Human Error,Yes,Grievous Injury,Hit and Run,Not Applicable,Not Applicable,State Highway,Bitumen(Tar),Not Applicable,Not Applicable,Clear,Near Krishn hospital,Hosahalli cross,3 km,0.0,0.0
Bengaluru City,Byadarahalli PS,1.09772e+16,2017,1,1,Road Accidents,Junction,Not Applicable,Near Bus stop,Human Error,No,Grievous Injury,Others,Not Applicable,Others,One way,Bitumen(Tar),Not Applicable,Not Applicable,Very Cold,East West Janction,East West Janction,1 Km,0.0,0.0
Bengaluru City,Byadarahalli PS,1.09772e+16,2017,1,1,Road Accidents,Cross roads,City/Town,Near Bus stop,Human Error,Not Applicable,Fatal,Not Applicable,Not Applicable,Not Applicable,State Highway,Bitumen(Tar),Dry,Not Applicable,Clear,Bangalore Magadi Main road,Tunganagara Cross,2 km,0.0,0.0
Bengaluru City,Byadarahalli PS,1.09772e+16,2017,1,2,Not Applicable,Narrow road,City/Town,Near Bus stop,Human Error,Not Applicable,Grievous Injury,Others,Not Applicable,Others,Two way,Bitumen(Tar),Not Applicable,Not Applicable,Others,Herohalli cross magadi main rd,2,1 KM,0.0,0.0
Bengaluru City,Byadarahalli PS,1.09772e+16,2017,1,1,Road Accidents,Not Applicable,Not Applicable,Near Bus stop,Human Error,No,Fatal,Not Applicable,Not at  Junction,Not Applicable,State Highway,Bitumen(Tar),Not Applicable,Not Applicable,Not Applicable,Bangalore Magadi Main Road,Near Mahadeshwaranagar Cross,0.5 km,0.0,0.0
Bengaluru City,Byadarahalli PS,1.09772e+16,2017,1,1,Road Accidents,Junction,City/Town,Near School or College,Human Error,No,Grievous Injury,Others,Police / Manual,Others,City or Town Road,Bitumen(Tar),Dry,Not Applicable,Clear,Magadi Main road,Near Vinayaka School,1 km,0.0,0.0
Bengaluru City,Byadarahalli PS,1.09772e+16,2018,1,2,Road Accidents,Narrow road,City/Town,Open area,Human Error,No,Fatal,Others,Police / Manual,Curve,City or Town Road,Bitumen(Tar),Dry,Not Applicable,Clear,Muddinpalya VG Cricketers,Near VG Cricketers,3km,0.0,0.0
Bengaluru City,Byadarahalli PS,1.09772e+16,2018,1,2,Road Accidents,Not Applicable,Not Applicable,Near Bus stop,Human Error,No,Grievous Injury,Others,Not Applicable,Not Applicable,City or Town Road,Not Applicable,Not Applicable,Not Applicable,Not Applicable,Manganahalli Cross,Near Manganahalli Bus Stop,4 kms,0.0,0.0
Bengaluru City,Byadarahalli PS,1.09772e+16,2018,1,1,Road Accidents,Not Applicable,City/Town,Near office complex,Human Error,Yes,Grievous Injury,Others,Not at  Junction,Not Applicable,State Highway,Bitumen(Tar),Not Applicable,Not Applicable,Not Applicable,Bangalore Magadi Main Road,Infront of Venkateshwara Enterprises,3 kms,0.0,0.0
Bengaluru City,Byadarahalli PS,1.09772e+16,2018,1,1,Road Accidents,Not Applicable,Not Applicable,Near Bus stop,Human Error,No,Grievous Injury,Others,Not Applicable,Not Applicable,State Highway,Bitumen(Tar),Not Applicable,Not Applicable,Not Applicable,Bangalore Magadi Main Road,Near Sri Lakshmi Channakeshava Traders,3 km,0.0,0.0
Bengaluru City,Byadarahalli PS,1.09772e+16,2018,1,2,Road Accidents,Not Applicable,Not Applicable,Near Bus stop,Human Error,Yes,Grievous Injury,Hit and Run,Not Applicable,Not Applicable,State Highway,Not Applicable,Not Applicable,Not Applicable,Not Applicable,Bangalore Magadi Main Road,Near College Stop Bus Stop,2 km,0.0,0.0
Bengaluru City,Byadarahalli PS,1.09772e+16,2018,1,1,Not Applicable,Not Applicable,City/Town,Near Bus stop,Human Error,Yes,Grievous Injury,Hit and Run,Not Applicable,Not Applicable,City or Town Road,Bitumen(Tar),Not Applicable,Not Applicable,Not Applicable,Bangalore Magadi Main Road,Near Byadarahalli bus stop,1 km,0.0,0.0
Bengaluru City,Byadarahalli PS,1.09772e+16,2018,1,2,Road Accidents,Not Applicable,Not Applicable,Residential area,Human Error,Yes,Grievous Injury,Others,Not Applicable,Not Applicable,City or Town Road,Not Applicable,Not Applicable,Not Applicable,Not Applicable,D Group 7th Cross,Near D Group 7th Cross,3 kms,0.0,0.0
Bengaluru City,Byadarahalli PS,1.09772e+16,2018,1,1,Road Accidents,Not Applicable,Not Applicable,Narrow bridge or culverts,Human Error,No,Grievous Injury,Drowned,Not Applicable,Not Applicable,City or Town Road,Not Applicable,Not Applicable,Not Applicable,Not Applicable,Andrahalli Main Road,Near Herohalli Lake,0.5 km,0.0,0.0
Bengaluru City,Byadarahalli PS,1.09772e+16,2018,1,2,Road Accidents,Not Applicable,City/Town,Near office complex,Human Error,Yes,Grievous Injury,Hit and Run,Not Applicable,Not Applicable,City or Town Road,Not Applicable,Not Applicable,Not Applicable,Not Applicable,Andrahalli Main Road,Near State Bank Of Indian,2 km,0.0,0.0
Bengaluru City,Byadarahalli PS,1.09772e+16,2018,1,2,Road Accidents,Not Applicable,Not Applicable,Near Bus stop,Human Error,No,Grievous Injury,Others,Not Applicable,Not Applicable,City or Town Road,Not Applicable,Not Applicable,Not Applicable,Not Applicable,Manganahalli Road,Near Manganahalli Circle,2 km,0.0,0.0
Bengaluru City,Byadarahalli PS,1.09772e+16,2018,1,1,Road Accidents,Other,City/Town,In bazaar,Human Error,No,Grievous Injury,Not Applicable,Not Applicable,Not Applicable,State Highway,Bitumen(Tar),Not Applicable,Not Applicable,Not Applicable,Magadi Main Road,Near Prakruthi Dhaba,1 km,0.0,0.0
Bengaluru City,Byadarahalli PS,1.09772e+16,2018,1,1,Road Accidents,Cross roads,City/Town,Near School or College,Human Error,No,Simple Injury,Not Applicable,Not Applicable,Others,One way,Not Applicable,Others,Not Applicable,Not Applicable,K L E College,Near KLE College,"5 k,m",0.0,0.0
Bengaluru City,Byadarahalli PS,1.09772e+16,2018,1,1,Road Accidents,Not Applicable,City/Town,Near Bus stop,Human Error,Yes,Simple Injury,Hit and Run,Not Applicable,Not Applicable,State Highway,Bitumen(Tar),Dry,Not Applicable,Not Applicable,Bangalore Magadi Main Road,Near Byadarahalli bus stop,2 kms,0.0,0.0
Bengaluru City,Byadarahalli PS,1.09772e+16,2018,1,1,Road Accidents,Other,Not Applicable,Residential area,Human Error,Yes,Grievous Injury,Hit and Run,Not at  Junction,Not Applicable,City or Town Road,Not Applicable,Not Applicable,Not Applicable,Not Applicable,Pipe Line Road,Near Shivasmita Party Hall,1 km,0.0,0.0
Bengaluru City,Byadarahalli PS,1.09772e+16,2018,1,1,Not Applicable,Not Applicable,Not Applicable,Residential area,Human Error,No,Grievous Injury,Others,Not Applicable,Not Applicable,City or Town Road,Bitumen(Tar),Not Applicable,Not Applicable,Not Applicable,Hosahalli Road,Near BBMP Raja Kaluve,3 kms,0.0,0.0
Bengaluru City,Byadarahalli PS,1.09772e+16,2018,1,2,Not Applicable,Not Applicable,City/Town,Near office complex,Human Error,No,Simple Injury,Not Applicable,Not at  Junction,Not Applicable,City or Town Road,Bitumen(Tar),Not Applicable,Not Applicable,Others,Andrahalli Main Road,Near Vidyamanyanagar,1.5 km,0.0,0.0
Bengaluru City,Byadarahalli PS,1.09772e+16,2018,1,1,Road Accidents,Other,Not Applicable,Near office complex,Human Error,No,Grievous Injury,Hit pedestrian,Not Applicable,Not Applicable,State Highway,Not Applicable,Not Applicable,Not Applicable,Not Applicable,Bangalore Magadi Main Road,Near Canara Bank ATM,1 km,0.0,0.0
Bengaluru City,Byadarahalli PS,1.09772e+16,2018,1,2,Road Accidents,Not Applicable,Not Applicable,Near Bus stop,Human Error,No,Grievous Injury,Not Applicable,Not Applicable,Not Applicable,City or Town Road,Not Applicable,Not Applicable,Not Applicable,Not Applicable,Andrahalli Main Road,Near Sri Sai Raghavendra Coffee Corner,1 km,0.0,0.0
Bengaluru City,Byadarahalli PS,1.09772e+16,2018,1,2,Road Accidents,Not Applicable,Not Applicable,Near Bus stop,Human Error,No,Grievous Injury,Others,Not Applicable,Not Applicable,State Highway,Not Applicable,Not Applicable,Not Applicable,Not Applicable,Bangalore Magadi Main Road,Near Mahaveer Jewellers,3 kms,0.0,0.0
Bengaluru City,Byadarahalli PS,1.09772e+16,2018,1,2,Road Accidents,Not Applicable,Not Applicable,Near a recreation place/cinema,Human Error,Yes,Grievous Injury,Hit and Run,Not Applicable,Not Applicable,City or Town Road,Not Applicable,Not Applicable,Not Applicable,Not Applicable,Tigalarapalya Main Road,Near Apple Wines,3 kms,0.0,0.0
Bengaluru City,Byadarahalli PS,1.09772e+16,2018,1,1,Road Accidents,Not Applicable,City/Town,Near Hospital,Human Error,No,Grievous Injury,Others,Not Applicable,Not Applicable,City or Town Road,Bitumen(Tar),Not Applicable,Not Applicable,Not Applicable,Hosahalli Road,Near Chikkanna Site,3 km,0.0,0.0
Bengaluru City,Byadarahalli PS,1.09772e+16,2018,1,1,Road Accidents,Not Applicable,Not Applicable,Residential area,Human Error,Yes,Grievous Injury,Hit and Run,Not Applicable,Not Applicable,City or Town Road,Not Applicable,Not Applicable,Not Applicable,Not Applicable,Andrahalli Main Road,Near Vidyamanyanagar,2 km,0.0,0.0
Bengaluru City,Byadarahalli PS,1.09772e+16,2018,1,2,Road Accidents,Not Applicable,City/Town,Residential area,Human Error,Yes,Grievous Injury,Hit and Run,Not at  Junction,Not Applicable,City or Town Road,Bitumen(Tar),Not Applicable,Not Applicable,Not Applicable,Andrahalli Main Road,Near Wood Craft Engineering Factory,1 km,0.0,0.0
Bengaluru City,Byadarahalli PS,1.09772e+16,2018,1,1,Road Accidents,Not Applicable,Not Applicable,Residential area,Human Error,No,Grievous Injury,Not Applicable,Not Applicable,Not Applicable,City or Town Road,Not Applicable,Not Applicable,Not Applicable,Not Applicable,Syndicate Bank Layout,Near Syndicate Park,4 km,0.0,0.0
Bengaluru City,Byadarahalli PS,1.09772e+16,2018,1,1,Road Accidents,Other,Not Applicable,Residential area,Human Error,No,Grievous Injury,Others,Not at  Junction,Not Applicable,City or Town Road,Not Applicable,Not Applicable,Not Applicable,Not Applicable,Tunganagar Main Road,Near Nilayam Apartment,1 km,0.0,0.0