DISTRICTNAME,UNITNAME,Crime_No,Year,RI,Noofvehicle_involved,Accident_Classification,Accident_Spot,Accident_Location,Accident_SubLocation,Main_Cause,Hit_Run,Severity,Collision_Type,Junction_Control,Road_Character,Road_Type,Surface_Type,Surface_Condition,Road_Condition,Weather,Accident_Road,Landmark_first,Distance_LandMark_First,Latitude,Longitude
Bengaluru City,Byadarahalli PS,1.09772e+16,2018,1,1,Road Accidents,Not Applicable,City/Town,In bazaar,Human Error,No,Grievous Injury,Others,Not at  Junction,Not Applicable,Others,Not Applicable,Not Applicable,Not Applicable,Not Applicable,Andrahalli Main Road,Near Andra Bank,1 km,0.0,0.0
Bengaluru City,Byadarahalli PS,1.09772e+16,2018,1,2,Road Accidents,Not Applicable,City/Town,Near Bus stop,Human Error,No,Grievous Injury,Others,Not Applicable,Not Applicable,State Highway,Bitumen(Tar),Not Applicable,Not Applicable,Not Applicable,Bangalore Magadi Main Road,Near Bus Stop,0.5 km,0.0,0.0
Bengaluru City,Byadarahalli PS,1.09772e+16,2018,1,1,Road Accidents,Not Applicable,Not Applicable,Residential area,Human Error,No,Grievous Injury,Not Applicable,Not Applicable,Not Applicable,City or Town Road,Not Applicable,Not Applicable,Not Applicable,Not Applicable,Tigalarapalya Main Road,Near Balajinagar 11th Cross,3 kms,0.0,0.0
Bengaluru City,Byadarahalli PS,1.09772e+16,2018,1,2,Road Accidents,Not Applicable,Not Applicable,Residential area,Human Error,Yes,Grievous Injury,Hit and Run,Not Applicable,Not Applicable,City or Town Road,Not Applicable,Not Applicable,Not Applicable,Not Applicable,Muddinapalya Anjananagar Road,Near Bindu Amulya Apartment,0.5 km,0.0,0.0
Bengaluru City,Byadarahalli PS,1.09772e+16,2018,1,2,Road Accidents,Not Applicable,Not Applicable,Near School or College,Human Error,No,Grievous Injury,Not Applicable,Not Applicable,Not Applicable,City or Town Road,Not Applicable,Not Applicable,Not Applicable,Not Applicable,Muddinapalya Road,Near KLE Law College,2 km,0.0,0.0
Bengaluru City,Byadarahalli PS,1.09772e+16,2018,1,2,Road Accidents,Circle,Not Applicable,Open area,Human Error,Yes,Grievous Injury,Hit and Run,Not at  Junction,Not Applicable,City or Town Road,Not Applicable,Not Applicable,Not Applicable,Not Applicable,Muddinapalya Road,Near Muddinapalya Circle,1 km,0.0,0.0
Bengaluru City,Byadarahalli PS,1.09772e+16,2019,1,2,Road Accidents,Circle,Not Applicable,Near Bus stop,Human Error,No,Grievous Injury,Others,No signal lights,Not Applicable,City or Town Road,Not Applicable,Not Applicable,Not Applicable,Not Applicable,Muddinapalya Road,Muddinapalya Circle,1 km,0.0,0.0
Bengaluru City,Byadarahalli PS,1.09772e+16,2019,1,1,Road Accidents,Junction,City/Town,Near Bus stop,Human Error,No,Grievous Injury,Not Applicable,Police / Manual,Curve,Others,Bitumen(Tar),Dry,Not Applicable,Clear,Doddagolarahaati,Doddagollarahatti Bus Stop,2 Km,0.0,0.0
Bengaluru City,Byadarahalli PS,1.09772e+16,2019,1,2,Road Accidents,Circle,City/Town,Open area,Human Error,Yes,Damage Only,Vehicle to Vehicle,Not at  Junction,Others,Others,Bitumen(Tar),Dry,Not Applicable,Fine,Near D group Arch Kuvempu Nagar,infront of Shree Ganesh fruit juice Shop,50 mtr,0.0,0.0
Bengaluru City,Byadarahalli PS,1.09772e+16,2019,1,2,Road Accidents,Not Applicable,City/Town,Open area,Human Error,No,Grievous Injury,Not Applicable,No signal lights,Straight and flat,Two way,Bitumen(Tar),Dry,No influence on accident,Clear,100 FEET ROAD ULLALLA MAIN ROAD,100 FEET ROAD ULLALLA MAIN ROAD,5,0.0,0.0
Bengaluru City,Byadarahalli PS,1.09772e+16,2019,1,1,Road Accidents,Not Applicable,City/Town,Open area,Human Error,No,Grievous Injury,Hit pedestrian,No signal lights,Others,Others,Bitumen(Tar),Dry,No influence on accident,Clear,Near Ullala Lake Ullala main road,Near Ullala Lake,3km,0.0,0.0
Bengaluru City,Byadarahalli PS,1.09772e+16,2019,1,2,Road Accidents,Not Applicable,Not Applicable,Near a religious place,Human Error,No,Grievous Injury,Not Applicable,Not Applicable,Not Applicable,City or Town Road,Not Applicable,Not Applicable,Not Applicable,Not Applicable,Ullau Main Road,Near Venkaliyamma Temple,4 km,0.0,0.0
Bengaluru City,Byadarahalli PS,1.09772e+16,2019,1,2,Road Accidents,Not Applicable,City/Town,Near School or College,Human Error,Yes,Simple Injury,Hit bicyclist,Not Applicable,Not Applicable,State Highway,Not Applicable,Not Applicable,Not Applicable,Not Applicable,Bangalore Magadi Main Road,Near Royal Mart,2 km,0.0,0.0
Bengaluru City,Byadarahalli PS,1.09772e+16,2019,1,2,Road Accidents,Not Applicable,Not Applicable,Near Bus stop,Human Error,No,Grievous Injury,Others,Not Applicable,Not Applicable,State Highway,Not Applicable,Not Applicable,Not Applicable,Not Applicable,Bangalore Magadi Main Road,Opp BMTC Bus Stop,0.5 km,0.0,0.0
Bengaluru City,Byadarahalli PS,1.09772e+16,2019,1,2,Road Accidents,Not Applicable,City/Town,Near Bus stop,Human Error,Yes,Grievous Injury,Hit bicyclist,Not Applicable,Not Applicable,State Highway,Not Applicable,Not Applicable,Not Applicable,Not Applicable,Bangalore Magadi Main Road,Near Herohalli Bus Stop,0.5 km,0.0,0.0
Bengaluru City,Byadarahalli PS,1.09772e+16,2019,1,2,Road Accidents,Not Applicable,City/Town,Near Petrol Pump,Human Error,No,Grievous Injury,Hit bicyclist,Not at  Junction,Others,State Highway,Not Applicable,Not Applicable,Not Applicable,Not Applicable,Bangalore Magadi Main Road,Infron of Shell Petrol Bunk,3 km,0.0,0.0
Bengaluru City,Byadarahalli PS,1.09772e+16,2019,1,2,Road Accidents,Not Applicable,City/Town,Open area,Human Error,No,Grievous Injury,Hit animal,No signal lights,Others,Others,Bitumen(Tar),Dry,No influence on accident,Clear,NEAR INDIAN PETROL BUNK MAGADI MAIN ROAD,NEAR INDIAN PETROL BUNK MAGADI MAIN ROAD,2KM,0.0,0.0
Bengaluru City,Byadarahalli PS,1.09772e+16,2019,1,2,Road Accidents,Narrow road,City/Town,Open area,Not Applicable,No,Not Applicable,Not Applicable,Not Applicable,Not Applicable,One way,Bitumen(Tar),Dry,Not Applicable,Fine,Near Police  Station,10 MTRS,10 MTR,0.0,0.0
Bengaluru City,Byadarahalli PS,1.09772e+16,2019,1,2,Road Accidents,Circle,City/Town,Open area,Human Error,No,Grievous Injury,Not Applicable,Give way sign,Curve,Not Applicable,Bitumen(Tar),Dry,No influence on accident,Clear,Muddinapalya,muddinapalya,2km,0.0,0.0
Bengaluru City,Byadarahalli PS,1.09772e+16,2019,1,2,Road Accidents,Not Applicable,City/Town,Residential area,Not Applicable,No,Fatal,Vehicle to Vehicle,No signal lights,Not Applicable,Others,Bitumen(Tar),Dry,No influence on accident,Clear,ULLALA MANGANAHALLY ROAD,1,1,0.0,0.0
Bengaluru City,Byadarahalli PS,1.09772e+16,2019,1,2,Road Accidents,Junction,City/Town,Residential area,Human Error,Yes,Grievous Injury,Not Applicable,Uncontrolled,Straight and flat,Two way,Bitumen(Tar),Dry,No influence on accident,Clear,ANJANA NAGARA MAGADI MAIN ROAD,ANJANA NAGARA MAGADI MAIN ROAD,2,0.0,0.0
Bengaluru City,Byadarahalli PS,1.09772e+16,2019,1,2,Road Accidents,Junction,City/Town,Residential area,Not Applicable,No,Fatal,Not Applicable,No signal lights,Others,Not Applicable,Not Applicable,Others,Not Applicable,Fine,HEROHALLY ADNRAHALLY,MAIN BRIDGE,1 KM,0.0,0.0
Bengaluru City,Byadarahalli PS,1.09772e+16,2019,1,1,Road Accidents,Narrow road,City/Town,Open area,Not Applicable,No,Fatal,Hit pedestrian,No signal lights,Not Applicable,Others,Not Applicable,Not Applicable,No influence on accident,Cloudy,MAGADI MAIN ROAD,KARANJI DABA,1,0.0,0.0
Bengaluru City,Byadarahalli PS,1.09772e+16,2019,1,2,Road Accidents,Not Applicable,City/Town,Open area,Human Error,No,Damage Only,Vehicle to Vehicle,No signal lights,Curve,Two way,Bitumen(Tar),Dry,Not Applicable,Clear,HEROHALLI CROSS,HEROHALLI CROSS,1,0.0,0.0
Bengaluru City,Byadarahalli PS,1.09772e+16,2019,1,2,Road Accidents,Narrow road,City/Town,Near Bus stop,Vehicle Defect,Not Applicable,Grievous Injury,Vehicle to Vehicle,Not Applicable,Curve,Two way,Bitumen(Tar),Not Applicable,Not Applicable,Clear,Near oxferd college,0,10 MTR,0.0,0.0
Bengaluru City,Byadarahalli PS,1.09772e+16,2019,1,1,Road Accidents,Not Applicable,City/Town,Open area,Human Error,No,Grievous Injury,Not Applicable,No signal lights,Curve,Two way,Bitumen(Tar),Dry,No influence on accident,Clear,HEROHALLI CROSS MAGADI MAIN ROAD,HEROHALLI CROSS MAGADI MAIN ROAD,1,0.0,0.0
Bengaluru City,Byadarahalli PS,1.09772e+16,2019,1,2,Road Accidents,Narrow road,City/Town,Open area,Human Error,Yes,Not Applicable,Vehicle to Vehicle,Not Applicable,Others,Others,Bitumen(Tar),Dry,Not Applicable,Clear,Kempegouda Nagara Police Qutrass Back Side,0,0,0.0,0.0
Bengaluru City,Byadarahalli PS,1.09772e+16,2019,1,2,Road Accidents,Junction,City/Town,Residential area,Human Error,Not Applicable,Simple Injury,Hit bicyclist,No signal lights,Straight and flat,Others,Bitumen(Tar),Dry,No influence on accident,Clear,Kempegowda layout ullala main road,Kempegowda layout ullala main road,5km,0.0,0.0
Bengaluru City,Byadarahalli PS,1.09772e+16,2019,1,1,Road Accidents,Not Applicable,City/Town,Near Bus stop,Not Applicable,Not Applicable,Fatal,Not Applicable,Not Applicable,Not Applicable,Two way,Not Applicable,Others,Not Applicable,Fine,NEAR KARANJI DABA MAGADI ROAD,ROAD,0.5KM,0.0,0.0
Bengaluru City,Byadarahalli PS,1.09772e+16,2019,1,1,Road Accidents,Road hump or Rumble strips,City/Town,At pedestrian Crossing,Not Applicable,Yes,Fatal,Hit pedestrian,No signal lights,Not Applicable,Not Applicable,Not Applicable,Not Applicable,No influence on accident,Others,MAGADI MAIN ROAD,APT,POLICE,0.0,0.0
Bengaluru City,Byadarahalli PS,1.09772e+16,2019,1,2,Road Accidents,Circle,Not Applicable,Near Hospital,Human Error,No,Damage Only,Others,Not at  Junction,Not Applicable,State Highway,Not Applicable,Not Applicable,Not Applicable,Not Applicable,Bangalore Magadi Main Road,Hosahalli Cross Road,2 km,0.0,0.0
Bengaluru City,Byadarahalli PS,1.09772e+16,2019,1,2,Road Accidents,Narrow road,City/Town,Near School or College,Not Applicable,Not Applicable,Fatal,Vehicle to Vehicle,Not Applicable,Others,Others,Not Applicable,Not Applicable,Not Applicable,Fine,K.L.E College road,Tar,3 Km,0.0,0.0
Bengaluru City,Byadarahalli PS,1.09772e+16,2019,1,2,Road Accidents,Circle,City/Town,Near School or College,Not Applicable,Not Applicable,Fatal,Not Applicable,Stop sign,Not Applicable,Not Applicable,Not Applicable,Not Applicable,Not Applicable,Fine,Tar Road,Tar,6 k.m.,0.0,0.0
Bengaluru City,Byadarahalli PS,1.09772e+16,2019,1,1,Road Accidents,Not Applicable,City/Town,Near Bus stop,Human Error,No,Grievous Injury,Not Applicable,Not Applicable,Not Applicable,State Highway,Bitumen(Tar),Not Applicable,Not Applicable,Not Applicable,Bangalore Magadi Main Road,Opp Byadarahalli Bus Stop,1.5km,0.0,0.0
Bengaluru City,Byadarahalli PS,1.09772e+16,2019,1,2,Road Accidents,Not Applicable,City/Town,Near a religious place,Human Error,No,Damage Only,Vehicle to Vehicle,Not Applicable,Not Applicable,Others,Bitumen(Tar),Others,Not Applicable,Not Applicable,Muddinapalya Road,Near Anjaneya Temple,2 km,0.0,0.0
Bengaluru City,Byadarahalli PS,1.09772e+16,2019,1,2,Road Accidents,Road hump or Rumble strips,City/Town,Open area,Human Error,No,Grievous Injury,Not Applicable,Controlled,Straight and flat,Others,Bitumen(Tar),Dry,No influence on accident,Clear,KRISHNA HOSPITAL DODDA GOLLARAHATTI,KRISHNA HOSPITAL DODDA GOLLARAHATTI,2,0.0,0.0
Bengaluru City,Byadarahalli PS,1.09772e+16,2019,1,2,Road Accidents,Not Applicable,City/Town,Open area,Human Error,No,Damage Only,Not Applicable,No signal lights,Straight and flat,Two way,Bitumen(Tar),Dry,No influence on accident,Clear,MUDDINAPALYA MAIN ROAD NEAR SHANTHA HOSPITAL,MUDDINAPALYA MAIN ROAD NEAR SHANTHA HOSPITAL,3KM,0.0,0.0
Bengaluru City,Byadarahalli PS,1.09772e+16,2019,1,1,Road Accidents,Narrow road,City/Town,Open area,Not Applicable,No,Grievous Injury,Not Applicable,Not at  Junction,Not Applicable,State Highway,Bitumen(Tar),Dry,Not Applicable,Fine,Tar Road,Near Ganesha Granite,80 Fee,0.0,0.0
Bengaluru City,Byadarahalli PS,1.09772e+16,2019,1,2,Road Accidents,Cross roads,City/Town,Residential area,Human Error,Yes,Fatal,Hit and Run,Police / Manual,Curve,City or Town Road,Bitumen(Tar),Dry,Not Applicable,Clear,Magadi main roda,Near Anjanagara Bus stop,1 km,0.0,0.0
Bengaluru City,Byadarahalli PS,1.09772e+16,2019,1,1,Road Accidents,Narrow road,Not Applicable,Residential area,Human Error,Yes,Simple Injury,Hit and Run,Not Applicable,Not Applicable,City or Town Road,Not Applicable,Not Applicable,Not Applicable,Not Applicable,Vishal Mart Road,Behind Vishal Mart Road,1 km,0.0,0.0
Bengaluru City,Byadarahalli PS,1.09772e+16,2019,1,2,Road Accidents,Not Applicable,Not Applicable,Near office complex,Human Error,Yes,Grievous Injury,Hit and Run,Not Applicable,Not Applicable,City or Town Road,Not Applicable,Not Applicable,Not Applicable,Not Applicable,Andrahalli Main Road,Near Andhra Bank,1 km,0.0,0.0
Bengaluru City,Byadarahalli PS,1.09772e+16,2019,1,1,Road Accidents,Not Applicable,City/Town,Near Bus stop,Human Error,Not Applicable,Grievous Injury,Hit pedestrian,Not Applicable,Not Applicable,One way,Bitumen(Tar),Wet,Not Applicable,Clear,Magadi Main Road,Doddagollarahatti,03 km,0.0,0.0
Bengaluru City,Byadarahalli PS,1.09772e+16,2019,1,2,Road Accidents,Not Applicable,City/Town,Near School or College,Human Error,No,Grievous Injury,Hit bicyclist,Not Applicable,Not Applicable,Others,Not Applicable,Not Applicable,Not Applicable,Not Applicable,Ullalu Main Road,Near Oxford College,5 km,0.0,0.0
Bengaluru City,Byadarahalli PS,1.09772e+16,2019,1,1,Road Accidents,Not Applicable,City/Town,At pedestrian Crossing,Not Applicable,Yes,Fatal,Hit pedestrian,Not Applicable,Not Applicable,Minor District Road,Not Applicable,Not Applicable,Not Applicable,Not Applicable,Magadi main road,Near bus stop,1 km,0.0,0.0
Bengaluru City,Byadarahalli PS,1.09772e+16,2019,1,2,Road Accidents,Cross roads,City/Town,Near Petrol Pump,Human Error,Yes,Grievous Injury,Vehicle to Vehicle,Not Applicable,Others,Major District Road,Bitumen(Tar),Dry,Not Applicable,Others,Mgadi Main Road,Near Petrol Bunk,3km,0.0,0.0
Bengaluru City,Byadarahalli PS,1.09772e+16,2019,1,3,Road Accidents,Circle,City/Town,Open area,Human Error,No,Grievous Injury,Not Applicable,No signal lights,Curve,Others,Bitumen(Tar),Dry,No influence on accident,Clear,Near College Stop Magadi main road,Near College Stop Magadi main road,3km,0.0,0.0
Bengaluru City,Byadarahalli PS,1.09772e+16,2019,1,1,Road Accidents,Cross roads,City/Town,Near Bus stop,Not Applicable,Yes,Fatal,Hit pedestrian,Not Applicable,Not Applicable,Two way,Not Applicable,Not Applicable,Not Applicable,Fine,Magadi main road,True value showroom,1 km,0.0,0.0
Bengaluru City,Byadarahalli PS,1.09772e+16,2019,1,2,Road Accidents,Narrow road,City/Town,Near office complex,Human Error,Yes,Grievous Injury,Hit bicyclist,Not at  Junction,Not Applicable,Service Road,Bitumen(Tar),Dry,Not Applicable,Not Applicable,Andrahalli Main Road,Infront of Sri Manjunatha Car Service,2 km,0.0,0.0
Bengaluru City,Byadarahalli PS,1.09772e+16,2019,1,1,Road Accidents,Narrow road,City/Town,Open area,Not Applicable,No,Grievous Injury,Not Applicable,Police / Manual,Others,State Highway,Bitumen(Tar),Dry,Not Applicable,Fine,Near Ravi Nandan Palace,Near Ravi Nandan Palace,1.5 KM,0.0,0.0
Bengaluru City,Byadarahalli PS,1.09772e+16,2019,1,2,Road Accidents,Not Applicable,Not Applicable,Near Bus stop,Human Error,Yes,Grievous Injury,Hit and Run,Not Applicable,Not Applicable,State Highway,Not Applicable,Not Applicable,Not Applicable,Not Applicable,Bangalore Magadi Main Road,Infront of ESSAR Petrol Bunk,2 km,0.0,0.0
Bengaluru City,Byadarahalli PS,1.09772e+16,2019,1,2,Road Accidents,Not Applicable,City/Town,Residential area,Human Error,No,Grievous Injury,Hit bicyclist,Not Applicable,Not Applicable,Others,Bitumen(Tar),Not Applicable,Not Applicable,Not Applicable,Muddinapalya Road,Near 138 Shivakrupa House,1 km,0.0,0.0
Bengaluru City,Byadarahalli PS,1.09772e+16,2019,1,1,Road Accidents,Not Applicable,Not Applicable,Near Bus stop,Human Error,No,Grievous Injury,Hit pedestrian,Not Applicable,Not Applicable,State Highway,Not Applicable,Not Applicable,Not Applicable,Not Applicable,Bangalore Magadi Main Road,Near Herohalli Cross Bus Stop,0.25km,0.0,0.0
Bengaluru City,Byadarahalli PS,1.09772e+16,2019,1,2,Road Accidents,Narrow road,City/Town,Near School or College,Vehicle Defect,Not Applicable,Grievous Injury,Vehicle to Vehicle,Not Applicable,Others,Minor District Road,Bitumen(Tar),Dry,Not Applicable,Others,Andrahalli Main Road,Andrahalli Main ROad,2.5 Km,0.0,0.0
Bengaluru City,Byadarahalli PS,1.09772e+16,2019,1,1,Road Accidents,Narrow road,City/Town,Near Bus stop,Not Applicable,Not Applicable,Fatal,Hit animal,Not Applicable,Not Applicable,Others,Not Applicable,Not Applicable,Not Applicable,Fine,Magadi main roda,Tar,200 m,0.0,0.0
Bengaluru City,Byadarahalli PS,1.09772e+16,2019,1,1,Road Accidents,Not Applicable,City/Town,Near office complex,Human Error,No,Grievous Injury,Hit pedestrian,No signal lights,Not Applicable,State Highway,Bitumen(Tar),Not Applicable,Not Applicable,Not Applicable,Bangalore Magadi Main Road,Near East West College Road,0.5 km,0.0,0.0
Bengaluru City,Byadarahalli PS,1.09772e+16,2019,1,2,Road Accidents,Not Applicable,City/Town,Near office complex,Human Error,No,Grievous Injury,Vehicle to Vehicle,Not Applicable,Not Applicable,Others,Bitumen(Tar),Not Applicable,Not Applicable,Not Applicable,Andrahalli Main Road,Near Park Inn Hotel,1 km,0.0,0.0
Bengaluru City,Byadarahalli PS,1.09772e+16,2019,1,2,Road Accidents,Not Applicable,City/Town,Open area,Human Error,No,Grievous Injury,Not Applicable,No signal lights,Straight and flat,One way,Bitumen(Tar),Dry,No influence on accident,Clear,near college Stop magadi main road,near college Stop magadi main road,2 k m,0.0,0.0
Bengaluru City,Byadarahalli PS,1.09772e+16,2019,1,1,Road Accidents,Not Applicable,City/Town,Open area,Human Error,No,Grievous Injury,Hit pedestrian,No signal lights,Straight and flat,One way,Bitumen(Tar),Dry,No influence on accident,Clear,Doddagollarahatti bus Stop,Doddagollarahatti bus Stop,3,0.0,0.0
Bengaluru City,Byadarahalli PS,1.09772e+16,2019,1,1,Road Accidents,Not Applicable,Not Applicable,Residential area,Human Error,No,Grievous Injury,Not Applicable,Not Applicable,Not Applicable,City or Town Road,Not Applicable,Not Applicable,Not Applicable,Not Applicable,Ullau Main Road,Near King Dine Hotel,3 km,0.0,0.0
Bengaluru City,Byadarahalli PS,1.09772e+16,2019,1,2,Road Accidents,Not Applicable,City/Town,Near Bus stop,Human Error,No,Grievous Injury,Hit bicyclist,Not Applicable,Not Applicable,State Highway,Not Applicable,Not Applicable,Not Applicable,Not Applicable,Bangalore Magadi Main Road,Infront of Bairava Biriyani,1 km,0.0,0.0
Bengaluru City,Byadarahalli PS,1.09772e+16,2019,1,1,Road Accidents,Not Applicable,City/Town,Near a factory industrial area,Human Error,Yes,Grievous Injury,Hit pedestrian,Not Applicable,Others,Others,Bitumen(Tar),Dry,Not Applicable,Others,Tigalarapallya Main Road,Infront of Manjushri Garments,3.5 KM,0.0,0.0
Bengaluru City,Byadarahalli PS,1.09772e+16,2019,1,2,Road Accidents,Circle,City/Town,Near Bus stop,Not Applicable,Not Applicable,Grievous Injury,Vehicle to Vehicle,Not Applicable,Not Applicable,Two way,Not Applicable,Not Applicable,Not Applicable,Others,Andrahalli main road,Vidyamanyanagar,3.5,0.0,0.0
Bengaluru City,Byadarahalli PS,1.09772e+16,2019,1,2,Road Accidents,Not Applicable,Not Applicable,Near a factory industrial area,Human Error,No,Grievous Injury,Rear end,Not Applicable,Not Applicable,State Highway,Not Applicable,Not Applicable,Not Applicable,Not Applicable,Bangalore Magadi Main Road,Infront of Uday Engineering Works,0.5 km,0.0,0.0
Bengaluru City,Byadarahalli PS,1.09772e+16,2019,1,2,Road Accidents,Not Applicable,Not Applicable,Near office complex,Human Error,No,Grievous Injury,Others,Not Applicable,Not Applicable,City or Town Road,Not Applicable,Not Applicable,Not Applicable,Not Applicable,Andrahalli Main Road,Infront of Manjunatha Driving School,1 km,0.0,0.0
Bengaluru City,Byadarahalli PS,1.09772e+16,2019,1,2,Road Accidents,Cross roads,City/Town,Open area,Human Error,No,Grievous Injury,Vehicle to Vehicle,Not Applicable,Curve,Others,Bitumen(Tar),Others,Not Applicable,Fine,Muddinapalya,muddinapalya,3 KM,0.0,0.0
Bengaluru City,Byadarahalli PS,1.09772e+16,2019,1,2,Road Accidents,Not Applicable,City/Town,Residential area,Human Error,No,Grievous Injury,Hit bicyclist,Not Applicable,Not Applicable,Others,Bitumen(Tar),Not Applicable,Not Applicable,Not Applicable,Dwarakavasa Road,Near Ganesha Temple,2 km,0.0,0.0
Bengaluru City,Byadarahalli PS,1.09772e+16,2019,1,1,Road Accidents,Not Applicable,City/Town,Open area,Human Error,No,Grievous Injury,Not Applicable,No signal lights,Not Applicable,Others,Bitumen(Tar),Dry,No influence on accident,Clear,NEAR RTO OFFIC MUDDINAPALAYA,NEAR RTO OFFIC MUDDINAPALAYA,5,0.0,0.0
Bengaluru City,Byadarahalli PS,1.09772e+16,2019,1,1,Road Accidents,Not Applicable,Not Applicable,Near office complex,Human Error,Yes,Grievous Injury,Hit and Run,Not Applicable,Not Applicable,City or Town Road,Not Applicable,Not Applicable,Not Applicable,Not Applicable,Muddinapalya RTO Road,Near Venkateshwara Traders,2 km,0.0,0.0
Bengaluru City,Byadarahalli PS,1.09772e+16,2019,1,1,Road Accidents,Cross roads,City/Town,Open area,Human Error,No,Grievous Injury,Not Applicable,No signal lights,Straight and flat,Others,Bitumen(Tar),Others,Not Applicable,Clear,NEAR CORPORATION ANJANANA NAGARA,NEAR CORPORATION ANJANANA NAGARA,2KM,0.0,0.0
Bengaluru City,Byadarahalli PS,1.09772e+16,2019,1,2,Road Accidents,Not Applicable,City/Town,Open area,Human Error,Yes,Grievous Injury,Vehicle to Vehicle,No signal lights,Straight and flat,Two way,Bitumen(Tar),Dry,Not Applicable,Clear,Near maruthi Medicles Bydarahalli,Maruthi Medicles,2,0.0,0.0
Bengaluru City,Byadarahalli PS,1.09772e+16,2019,1,2,Road Accidents,Other,City/Town,Near Bus stop,Human Error,No,Fatal,Others,Police / Manual,Others,City or Town Road,Bitumen(Tar),Dry,Not Applicable,Clear,Doddagollarahatti,Near Nice Road Toll,2 Km,0.0,0.0
Bengaluru City,Byadarahalli PS,1.09772e+16,2019,1,2,Road Accidents,Curves,City/Town,Near Bus stop,Human Error,Yes,Grievous Injury,Hit bicyclist,Not at  Junction,Not Applicable,Others,Not Applicable,Not Applicable,Not Applicable,Not Applicable,Mahadeshwaranagar Main Road,Near Nagarahole Circle,3 km,0.0,0.0
Bengaluru City,Byadarahalli PS,1.09772e+16,2019,1,1,Road Accidents,Not Applicable,City/Town,Open area,Human Error,No,Grievous Injury,Not Applicable,Controlled,Others,Two way,Bitumen(Tar),Dry,Not Applicable,Clear,OPP   KONDINYA BAR,OPP   KONDINYA BAR,3KM,0.0,0.0
Bengaluru City,Byadarahalli PS,1.09772e+16,2019,1,1,Road Accidents,Not Applicable,City/Town,Open area,Human Error,No,Grievous Injury,Not Applicable,No signal lights,Others,Not Applicable,Bitumen(Tar),Dry,No influence on accident,Clear,Ullal Main road,Near Ullala lake Ullala main road,4km,0.0,0.0
Bengaluru City,Byadarahalli PS,1.09772e+16,2019,1,2,Road Accidents,Not Applicable,City/Town,Open area,Human Error,No,Grievous Injury,Not Applicable,No signal lights,Others,Two way,Bitumen(Tar),Dry,Not Applicable,Clear,near Heritage kalyana mantapa  thunganagara,near Heritage kalyana mantapa  thunganagara,3m km,0.0,0.0
Bengaluru City,Byadarahalli PS,1.09772e+16,2019,1,2,Road Accidents,Not Applicable,City/Town,Near Petrol Pump,Human Error,Yes,Grievous Injury,Hit bicyclist,Not Applicable,Not Applicable,State Highway,Not Applicable,Not Applicable,Not Applicable,Not Applicable,Bangalore Magadi Main Road,Near Indian Petrol Bunk,2 km,0.0,0.0
Bengaluru City,Byadarahalli PS,1.09772e+16,2019,1,2,Road Accidents,Not Applicable,City/Town,Open area,Human Error,No,Grievous Injury,Not Applicable,No signal lights,Others,Others,Bitumen(Tar),Dry,No influence on accident,Clear,ANDRAHALLI MAIN NEAR HEROHALLI LAKE,ANDRAHALLI MAIN NEAR HEROHALLI LAKE,1 KM,0.0,0.0
Bengaluru City,Byadarahalli PS,1.09772e+16,2019,1,1,Road Accidents,Not Applicable,City/Town,Open area,Human Error,No,Grievous Injury,Hit pedestrian,No signal lights,Straight and flat,Others,Bitumen(Tar),Dry,No influence on accident,Others,Near Bydarahlli Bus Stop,Near Bydarahlli Bus Stop,3,0.0,0.0
Bengaluru City,Byadarahalli PS,1.09772e+16,2019,1,2,Not Applicable,Not Applicable,City/Town,Open area,Not Applicable,Not Applicable,Fatal,Vehicle to Vehicle,Not Applicable,Not Applicable,Mixed,Not Applicable,Others,Not Applicable,Cloudy,HEROHALLY ADNRAHALLY,ROAD,MAIN R,0.0,0.0
Bengaluru City,Byadarahalli PS,1.09772e+16,2019,1,1,Road Accidents,Junction,City/Town,Open area,Human Error,No,Grievous Injury,Hit pedestrian,No signal lights,Straight and flat,Two way,Bitumen(Tar),Dry,Not Applicable,Clear,NEAR COLLEGE STOP,MAGADI MAIN ROAD,3,0.0,0.0
Bengaluru City,Byadarahalli PS,1.09772e+16,2019,1,1,Road Accidents,Not Applicable,Not Applicable,Near a factory industrial area,Human Error,No,Grievous Injury,Not Applicable,Not Applicable,Not Applicable,City or Town Road,Not Applicable,Not Applicable,Not Applicable,Not Applicable,Andrahalli Main Road,Near D Group Layout Arch,1 km,0.0,0.0