DISTRICTNAME,UNITNAME,Crime_No,Year,RI,Noofvehicle_involved,Accident_Classification,Accident_Spot,Accident_Location,Accident_SubLocation,Main_Cause,Hit_Run,Severity,Collision_Type,Junction_Control,Road_Character,Road_Type,Surface_Type,Surface_Condition,Road_Condition,Weather,Accident_Road,Landmark_first,Distance_LandMark_First,Latitude,Longitude
Bengaluru City,Byadarahalli PS,1.09772e+16,2019,1,1,Road Accidents,Not Applicable,City/Town,Near Bus stop,Human Error,No,Grievous Injury,Others,Not Applicable,Not Applicable,State Highway,Not Applicable,Not Applicable,Not Applicable,Not Applicable,Bangalore Magadi Main Road,Near Herohalli Cross Bus Stop,0.25km,0.0,0.0
Bengaluru City,Byadarahalli PS,1.09772e+16,2019,1,1,Road Accidents,Cross roads,Not Applicable,Residential area,Human Error,No,Grievous Injury,Not Applicable,Not at  Junction,Not Applicable,City or Town Road,Not Applicable,Not Applicable,Not Applicable,Not Applicable,Dwarakavasa Road,Near Gandhi Park,1km,0.0,0.0
Bengaluru City,Byadarahalli PS,1.09772e+16,2019,1,1,Road Accidents,Not Applicable,City/Town,Near Bus stop,Human Error,Yes,Grievous Injury,Hit pedestrian,Not Applicable,Not Applicable,State Highway,Not Applicable,Not Applicable,Not Applicable,Not Applicable,Bangalore Magadi Main Road,Infront Om Textile,3 km,0.0,0.0
Bengaluru City,Byadarahalli PS,1.09772e+16,2019,1,1,Road Accidents,Not Applicable,City/Town,Open area,Human Error,No,Grievous Injury,Not Applicable,No signal lights,Straight and flat,Others,Bitumen(Tar),Dry,No influence on accident,Clear,THUNGANAGARA,THUNGANAGARA,2KM,0.0,0.0
Bengaluru City,Byadarahalli PS,1.09772e+16,2019,1,2,Road Accidents,Not Applicable,City/Town,Open area,Human Error,No,Grievous Injury,Not Applicable,No signal lights,Others,Others,Bitumen(Tar),Dry,Not Applicable,Clear,near Muddinapalya main road spurthi dhama,near Muddinapalya main road spurthi dhama,2km,0.0,0.0
Bengaluru City,Byadarahalli PS,1.04432e+16,2020,1,1,Road Accidents,Not Applicable,City/Town,Open area,Human Error,No,Grievous Injury,Not Applicable,No signal lights,Straight and flat,One way,Bitumen(Tar),Dry,No influence on accident,Clear,Near Krishna Hospital Doddagollarahatti,Krishna Hospital,3km,0.0,0.0
Bengaluru City,Byadarahalli PS,1.04432e+16,2020,1,1,Road Accidents,Not Applicable,City/Town,Open area,Human Error,No,Grievous Injury,Not Applicable,No signal lights,Others,Not Applicable,Bitumen(Tar),Dry,No influence on accident,Clear,Kempegowd Nagara main road,ssg hospital,2km,0.0,0.0
Bengaluru City,Byadarahalli PS,1.04432e+16,2020,1,2,Road Accidents,Not Applicable,City/Town,Open area,Human Error,No,Grievous Injury,Not Applicable,No signal lights,Not Applicable,Others,Bitumen(Tar),Dry,No influence on accident,Clear,Near Herohalli bus stop Magadi main road,Near Herohalli bus stop,1km,0.0,0.0
Bengaluru City,Byadarahalli PS,1.04432e+16,2020,1,2,Road Accidents,Not Applicable,City/Town,Residential area,Not Applicable,Yes,Fatal,Vehicle to Vehicle,Not Applicable,Not Applicable,Others,Bitumen(Tar),Others,Not Applicable,Others,coconut garden road,1,1 KM,0.0,0.0
Bengaluru City,Byadarahalli PS,1.04432e+16,2020,1,1,Road Accidents,Not Applicable,City/Town,Open area,Human Error,No,Grievous Injury,Hit pedestrian,No signal lights,Not Applicable,Others,Bitumen(Tar),Dry,No influence on accident,Clear,"Infront No:130, 10th Cross, Kempegowda Nagara",Thungan Nagara road Kempegowda Nagara 10th Cross,4km,0.0,0.0
Bengaluru City,Byadarahalli PS,1.04432e+16,2020,1,1,Not Applicable,Not Applicable,City/Town,Near a factory industrial area,Not Applicable,No,Fatal,Not Applicable,Not Applicable,Not Applicable,Service Road,Not Applicable,Others,Not Applicable,Clear,APEX TECHNOLOGY,1,2 KM,0.0,0.0
Bengaluru City,Byadarahalli PS,1.04432e+16,2020,1,1,Road Accidents,Not Applicable,City/Town,Open area,Human Error,No,Grievous Injury,Hit pedestrian,No signal lights,Straight and flat,Others,Bitumen(Tar),Dry,No influence on accident,Clear,Thunga Nagara Cross Magadi main road,Thunga Nagara Cross Magadi main road,2km,0.0,0.0
Bengaluru City,Byadarahalli PS,1.04432e+16,2020,1,2,Road Accidents,Not Applicable,City/Town,Open area,Human Error,No,Simple Injury,Vehicle to Vehicle,Controlled,Curve,Not Applicable,Bitumen(Tar),Dry,No influence on accident,Clear,Near Shantha Hopital Bydarhalli Magadi main road,Near Shantha Hopital Bydarhalli Magadi main road,2,0.0,0.0
Bengaluru City,Byadarahalli PS,1.04432e+16,2020,1,1,Road Accidents,Not Applicable,City/Town,Open area,Human Error,Yes,Grievous Injury,Vehicle to Vehicle,No signal lights,Straight and flat,Not Applicable,Bitumen(Tar),Dry,Not Applicable,Clear,Maruthi Nagara Madeshwara Nagara,Maruthi Nagara Madeshwara Nagara,2km,0.0,0.0
Bengaluru City,Byadarahalli PS,1.04432e+16,2020,1,2,Road Accidents,Not Applicable,City/Town,Open area,Human Error,No,Grievous Injury,Not Applicable,No signal lights,Curve,Two way,Bitumen(Tar),Dry,Not Applicable,Clear,Near Krishna Hospital  Doddagollarahatti,Near Krishna Hospital,3km,0.0,0.0
Bengaluru City,Byadarahalli PS,1.04432e+16,2020,1,1,Road Accidents,Not Applicable,City/Town,Open area,Human Error,No,Grievous Injury,Not Applicable,No signal lights,Others,Not Applicable,Bitumen(Tar),Not Applicable,No influence on accident,Clear,Opp Krishna Hospital Magadi main road,Near Krishna Hospital,3km,0.0,0.0
Bengaluru City,Byadarahalli PS,1.04432e+16,2020,1,2,Road Accidents,Not Applicable,City/Town,Open area,Human Error,No,Grievous Injury,Vehicle to Vehicle,No signal lights,Others,Two way,Bitumen(Tar),Dry,No influence on accident,Clear,"Near D Group Arch, Andrahalli Main road",Andrahalli Main road,1km,0.0,0.0
Bengaluru City,Byadarahalli PS,1.04432e+16,2020,1,1,Road Accidents,Not Applicable,City/Town,Open area,Human Error,No,Grievous Injury,Not Applicable,No signal lights,Others,Others,Bitumen(Tar),Dry,No influence on accident,Clear,Herohalli Andrahalli Main road,Anjaneya Temple,2 km,0.0,0.0
Bengaluru City,Byadarahalli PS,1.04432e+16,2020,1,2,Road Accidents,Junction,City/Town,Open area,Human Error,No,Grievous Injury,Vehicle to Vehicle,No signal lights,Straight and flat,State Highway,Bitumen(Tar),Dry,No influence on accident,Clear,Magadi main road Thunga nagara Cross,Magadi main road Thunga nagara Cross,2km,0.0,0.0
Bengaluru City,Byadarahalli PS,1.04432e+16,2020,1,2,Road Accidents,Not Applicable,City/Town,Open area,Not Applicable,No,Grievous Injury,Hit pedestrian,No signal lights,Straight and flat,Others,Bitumen(Tar),Dry,No influence on accident,Clear,Nice road Near Magadi road toll Plaza,Nice road Near Magadi road toll Plaza,3,0.0,0.0
Bengaluru City,Byadarahalli PS,1.04432e+16,2020,1,2,Road Accidents,Not Applicable,City/Town,Open area,Human Error,Yes,Grievous Injury,Vehicle to Vehicle,No signal lights,Curve,Others,Bitumen(Tar),Dry,No influence on accident,Clear,Near Manusree Chikkent Centre Adndrahalli Main road,Near Manusree Chikkent Centre Adndrahalli Main road,4km,0.0,0.0
Bengaluru City,Byadarahalli PS,1.04432e+16,2020,1,2,Road Accidents,Curves,City/Town,Open area,Human Error,No,Grievous Injury,Not Applicable,No signal lights,Curve,Two way,Bitumen(Tar),Dry,No influence on accident,Clear,Muddinapalya road,Muddinapalya road,3km,0.0,0.0
Bengaluru City,Byadarahalli PS,1.04432e+16,2020,1,2,Road Accidents,Not Applicable,City/Town,Open area,Human Error,No,Grievous Injury,Vehicle to Vehicle,No signal lights,Straight and flat,State Highway,Bitumen(Tar),Dry,No influence on accident,Clear,Essar Petrol pump Opposite Magadi main road,Essar Petrol pump Opposite Magadi main road,2,0.0,0.0
Bengaluru City,Byadarahalli PS,1.04432e+16,2020,1,2,Road Accidents,Not Applicable,City/Town,Open area,Human Error,No,Damage Only,Vehicle to Vehicle,No signal lights,Others,Others,Bitumen(Tar),Dry,Not Applicable,Clear,Madeshwara nagara Pipe Line Infront off site No:14 & 15,Pipe line Madeshwara Nagara,2km,0.0,0.0
Bengaluru City,Byadarahalli PS,1.04432e+16,2020,1,1,Road Accidents,Not Applicable,City/Town,Open area,Not Applicable,Not Applicable,Fatal,Hit pedestrian,Not Applicable,Not Applicable,State Highway,Bitumen(Tar),Not Applicable,Not Applicable,Cloudy,NICE ROAD,22,0,0.0,0.0
Bengaluru City,Byadarahalli PS,1.04432e+16,2020,1,2,Road Accidents,Not Applicable,City/Town,Open area,Human Error,No,Grievous Injury,Vehicle to Vehicle,No signal lights,Straight and flat,Others,Bitumen(Tar),Dry,No influence on accident,Clear,Kodigehalli Nice road,Kodigehalli bridge,5km,0.0,0.0
Bengaluru City,Byadarahalli PS,1.04432e+16,2020,1,1,Road Accidents,Not Applicable,City/Town,Open area,Human Error,No,Grievous Injury,Hit pedestrian,No signal lights,Straight and flat,Others,Bitumen(Tar),Dry,No influence on accident,Clear,MADESHWARA NAGARA MAIN ROAD,MADESHWARA NAGARA MAIN ROAD,1KM,72.90751,77.6086
Bengaluru City,Byadarahalli PS,1.04432e+16,2020,1,1,Road Accidents,Not Applicable,City/Town,Open area,Human Error,Yes,Grievous Injury,Hit pedestrian,No signal lights,Straight and flat,State Highway,Bitumen(Tar),Dry,No influence on accident,Clear,Near Janapriya Bus stop,magadi main road,1,0.0,0.0
Bengaluru City,Byadarahalli PS,1.04432e+16,2020,1,2,Road Accidents,Cross roads,City/Town,Open area,Human Error,No,Grievous Injury,Not Applicable,No signal lights,Curve,Two way,Bitumen(Tar),Dry,No influence on accident,Clear,DWARAKA NAGARA MAIN ROAD,DWARAKA NAGARA MAIN ROAD,3,12.97811,77.48748
Bengaluru City,Byadarahalli PS,1.04432e+16,2020,1,1,Road Accidents,Not Applicable,City/Town,Open area,Human Error,No,Grievous Injury,Hit pedestrian,No signal lights,Straight and flat,Others,Bitumen(Tar),Dry,No influence on accident,Clear,Near Janapriya Apartment Magadi main road,Near Janapriya Apartment Magadi main road,2km,0.0,0.0
Bengaluru City,Byadarahalli PS,1.04432e+16,2020,1,1,Road Accidents,Junction,City/Town,Open area,Human Error,No,Simple Injury,Not Applicable,No signal lights,Straight and flat,Others,Bitumen(Tar),Dry,Pot holed,Light Rain,Near S.L.V. Provision Store Manjunatha Circle Billekallu,Billekallu road,6,0.0,0.0
Bengaluru City,Byadarahalli PS,1.04432e+16,2020,1,1,Road Accidents,Not Applicable,City/Town,Open area,Human Error,No,Grievous Injury,Hit pedestrian,No signal lights,Straight and flat,Not Applicable,Bitumen(Tar),Dry,No influence on accident,Clear,"Herohallli Cross  Magadi main road,",Herohalli Cross,200 mt,0.0,0.0
Bengaluru City,Byadarahalli PS,1.04432e+16,2020,1,1,Road Accidents,Cross roads,City/Town,Open area,Human Error,No,Damage Only,Not Applicable,Controlled,Straight and flat,Residential Street,Bitumen(Tar),Dry,No influence on accident,Clear,Nice road Junction magadi main road,Magadi main road,4 km,0.0,0.0
Bengaluru City,Byadarahalli PS,1.04432e+16,2020,1,1,Road Accidents,Not Applicable,City/Town,Open area,Human Error,No,Simple Injury,Hit pedestrian,No signal lights,Straight and flat,State Highway,Bitumen(Tar),Dry,No influence on accident,Clear,Sheel Petrol Pump magadi main road,Shell Petrol Pump,5,12.98586,77.48006
Bengaluru City,Byadarahalli PS,1.04432e+16,2020,1,2,Road Accidents,Curves,City/Town,Open area,Human Error,No,Grievous Injury,Not Applicable,No signal lights,Curve,Two way,Bitumen(Tar),Dry,No influence on accident,Clear,infront off Spoorthi dhama Muddinapaly road,infront off Spoorthi dhama,3,0.0,0.0
Bengaluru City,Byadarahalli PS,1.04432e+16,2020,1,2,Not Applicable,Not Applicable,City/Town,Open area,Human Error,Yes,Grievous Injury,Not Applicable,No signal lights,Others,Others,Bitumen(Tar),Dry,Not Applicable,Clear,Near magadi toll Plaza,Near magadi toll Plaza,5km,0.0,0.0
Bengaluru City,Byadarahalli PS,1.04432e+16,2020,1,1,Road Accidents,Rail Crossing manned,City/Town,Open area,Human Error,No,Grievous Injury,Not Applicable,No signal lights,Straight and flat,Others,Bitumen(Tar),Dry,Not Applicable,Clear,Near College Stop Bydarahalli,Near College Stop Bydarahalli,2km,12.98566,77.47957
Bengaluru City,Byadarahalli PS,1.04432e+16,2020,1,2,Rail Road Accidents,Bottleneck,City/Town,Open area,Human Error,No,Grievous Injury,Vehicle to Vehicle,No signal lights,Straight and flat,Two way,Bitumen(Tar),Dry,No influence on accident,Clear,Thigalarapalya main road,Near Buy metal Factory,8,0.0,0.0
Bengaluru City,Byadarahalli PS,1.04432e+16,2020,1,1,Road Accidents,Not Applicable,City/Town,Near Bus stop,Not Applicable,Not Applicable,Fatal,Hit pedestrian,Controlled,Not Applicable,Major District Road,Not Applicable,Not Applicable,Not Applicable,Not Applicable,MAGADI MAIN ROAD,10 FEET FLOWER STORE FROM  OCCURENCE,FLOWER,0.0,0.0
Bengaluru City,Byadarahalli PS,1.04432e+16,2020,1,1,Road Accidents,Not Applicable,City/Town,Open area,Human Error,No,Fatal,Not Applicable,No signal lights,Straight and flat,Others,Bitumen(Tar),Dry,No influence on accident,Clear,NICE ROAD NEAR MAGADI ROAD BRIDGE,NEAR MAGADI ROAD BRIDGE,2 KM,0.0,0.0
Bengaluru City,Byadarahalli PS,1.04432e+16,2020,1,1,Road Accidents,Junction,City/Town,Open area,Human Error,No,Grievous Injury,Vehicle to Vehicle,No signal lights,Straight and flat,Others,Bitumen(Tar),Dry,No influence on accident,Clear,Nice road  Magadi main road Bridge Near,Nice road  Magadi main road Bridge Near,3,0.0,0.0
Bengaluru City,Byadarahalli PS,1.04432e+16,2020,1,1,Not Applicable,Offset,City/Town,Near Bus stop,Not Applicable,Not Applicable,Fatal,Not Applicable,Uncontrolled,Others,Not Applicable,Not Applicable,Not Applicable,No influence on accident,Clear,BYADARAHALLI BUS STAND,1,1,0.0,0.0
Bengaluru City,Byadarahalli PS,1.04432e+16,2020,1,2,Road Accidents,Junction,City/Town,Near Bus stop,Not Applicable,Not Applicable,Damage Only,Vehicle to Vehicle,Not at  Junction,Not Applicable,Others,Not Applicable,Not Applicable,Not Applicable,Others,Near Nice road,Nice road,3 km,12.95642,77.47144
Bengaluru City,Byadarahalli PS,1.04432e+16,2020,1,2,Road Accidents,Not Applicable,City/Town,Open area,Human Error,No,Grievous Injury,Vehicle to Vehicle,No signal lights,Straight and flat,Others,Bitumen(Tar),Dry,No influence on accident,Clear,Near Srinivasa Wines Doddagollarahatti,Near Srinivasa Wines,3km,0.0,0.0
Bengaluru City,Byadarahalli PS,1.04432e+16,2020,1,2,Road Accidents,Not Applicable,City/Town,Near School or College,Human Error,No,Damage Only,Vehicle to Vehicle,Not at  Junction,Straight and flat,Two way,Bitumen(Tar),Dry,Not Applicable,Clear,Madeshwara Nggara,Madeshwara nagara main raod Nagaraholle Circle,2,0.0,0.0
Bengaluru City,Byadarahalli PS,1.04432e+16,2020,1,1,Road Accidents,Not Applicable,City/Town,Open area,Human Error,Not Applicable,Damage Only,Not Applicable,Uncontrolled,Straight and flat,Not Applicable,Bitumen(Tar),Dry,Not Applicable,Clear,Nice road Bridge magadi road,Nice road Bridge magadi road,4,0.0,0.0
Bengaluru City,Byadarahalli PS,1.09772e+16,2020,1,2,Road Accidents,Cross roads,City/Town,Open area,Human Error,No,Grievous Injury,Vehicle to Vehicle,No signal lights,Curve,Two way,Bitumen(Tar),Dry,No influence on accident,Clear,DODDAGOALLARAHATTI,DODDAGOALLARAHATTI,2,0.0,0.0
Bengaluru City,Byadarahalli PS,1.04432e+16,2020,1,1,Road Accidents,Cross roads,City/Town,Residential area,Not Applicable,Yes,Fatal,Hit pedestrian,Not Applicable,Not Applicable,Service Road,Not Applicable,Not Applicable,No influence on accident,Clear,"7TH CROSS, BALAJINAGARA",1,1,10.79838,78.78007
Bengaluru City,Byadarahalli PS,1.04432e+16,2020,1,2,Road Accidents,Not Applicable,City/Town,Open area,Human Error,No,Damage Only,Vehicle to Vehicle,No signal lights,Straight and flat,Others,Bitumen(Tar),Dry,Not Applicable,Clear,Nice road magadi main road,Nice rod,4km,0.0,0.0
Bengaluru City,Byadarahalli PS,1.04432e+16,2020,1,2,Road Accidents,Not Applicable,City/Town,Open area,Human Error,No,Grievous Injury,Vehicle to Vehicle,No signal lights,Others,Others,Bitumen(Tar),Dry,No influence on accident,Clear,"Hoshalli main road, Kempegowda Nagara",Hoshalli main road,2 km,0.0,0.0
Bengaluru City,Byadarahalli PS,1.04432e+16,2020,1,2,Road Accidents,Not Applicable,City/Town,Open area,Human Error,No,Damage Only,Not Applicable,No signal lights,Straight and flat,One way,Bitumen(Tar),Dry,No influence on accident,Clear,Opp Vishal Mart Bydarahalli,Opp Vishal Mart,2km,12.97797,77.57947
Bengaluru City,Byadarahalli PS,1.04432e+16,2020,1,2,Road Accidents,Not Applicable,City/Town,Open area,Human Error,No,Not Applicable,Not Applicable,Uncontrolled,Straight and flat,Others,Concrete,Dry,No influence on accident,Clear,Nice road magadi main road,Nice road magadi main road,5 km,0.0,0.0
Bengaluru City,Byadarahalli PS,1.04432e+16,2020,1,2,Road Accidents,Not Applicable,City/Town,Open area,Human Error,Yes,Grievous Injury,Vehicle to Vehicle,No signal lights,Not Applicable,Others,Bitumen(Tar),Dry,No influence on accident,Clear,R.V. Badraiah Shop East west College road,RV Badraiah Shop East west College road,2 km,0.0,0.0
Bengaluru City,Byadarahalli PS,1.04432e+16,2020,1,1,Not Applicable,Not Applicable,City/Town,Open area,Not Applicable,Yes,Fatal,Vehicle to Vehicle,Not Applicable,Not Applicable,State Highway,Bitumen(Tar),Others,Not Applicable,Others,NICE ROAD,0,2,0.0,0.0
Bengaluru City,Byadarahalli PS,1.04432e+16,2020,1,2,Not Applicable,Not Applicable,City/Town,Near Bus stop,Not Applicable,Not Applicable,Fatal,Not Applicable,Signals (Working),Not Applicable,State Highway,Bitumen(Tar),Not Applicable,Not Applicable,Not Applicable,MAGADI MAIN ROAD,NEAR BUS STOP,2,0.0,0.0
Bengaluru City,Byadarahalli PS,1.04432e+16,2020,1,1,Not Applicable,Not Applicable,City/Town,At pedestrian Crossing,Not Applicable,No,Fatal,Hit pedestrian,Not Applicable,Not Applicable,Two way,Bitumen(Tar),Dry,Not Applicable,Others,"10TH A CROSS, BALAJINAGARA",OPP TO SMG CONTROLS,1 KM,13.00776,77.47907
Bengaluru City,Byadarahalli PS,1.04432e+16,2021,1,1,Road Accidents,Curves,City/Town,Open area,Human Error,No,Grievous Injury,Not Applicable,Uncontrolled,Curve,Residential Street,Bitumen(Tar),Dry,No influence on accident,Clear,Near Nice road Kodigehalli Bridge,Nice road Kodigehalli Bridge,4,0.0,0.0
Bengaluru City,Byadarahalli PS,1.04432e+16,2021,1,1,Road Accidents,Junction,City/Town,Open area,Human Error,No,Grievous Injury,Hit pedestrian,No signal lights,Straight and flat,Others,Bitumen(Tar),Dry,No influence on accident,Clear,Magadi main road Doddagollarahatti,Doddagollarahatti,2,0.0,0.0
Bengaluru City,Byadarahalli PS,1.04432e+16,2021,1,1,Road Accidents,Cross roads,City/Town,Open area,Human Error,No,Grievous Injury,Not Applicable,No signal lights,Straight and flat,Residential Street,Bitumen(Tar),Dry,No influence on accident,Clear,Kempegowda Nagara Main road,Near Subhadra Industries,2km,0.0,0.0
Bengaluru City,Byadarahalli PS,1.04432e+16,2021,1,2,Road Accidents,Not Applicable,City/Town,Open area,Human Error,Yes,Grievous Injury,Vehicle to Vehicle,No signal lights,Straight and flat,Not Applicable,Bitumen(Tar),Dry,No influence on accident,Clear,Gidadakonenahalli Bus Stop,Gidadakonenahalli Bus Stop,1,0.0,0.0
Bengaluru City,Byadarahalli PS,1.04432e+16,2021,1,1,Not Applicable,Not Applicable,City/Town,Open area,Not Applicable,No,Fatal,Not Applicable,Not Applicable,Not Applicable,NH,Bitumen(Tar),Others,No influence on accident,Clear,NICE ROAD NEAR MAGADI MAIN ROAD,NEAR BRIDGE,2,0.0,0.0
Bengaluru City,Byadarahalli PS,1.04432e+16,2021,1,1,Road Accidents,Circle,City/Town,Open area,Human Error,Yes,Grievous Injury,Hit pedestrian,No signal lights,Others,Others,Bitumen(Tar),Dry,No influence on accident,Clear,Near Venkateshwara meat Center Ullala Main road,Ullala Main road,5km,0.0,0.0
Bengaluru City,Byadarahalli PS,1.04432e+16,2021,1,2,Road Accidents,Junction,City/Town,Open area,Human Error,No,Grievous Injury,Vehicle to Vehicle,No signal lights,Straight and flat,One way,Bitumen(Tar),Dry,No influence on accident,Clear,"Near Ravinandana Palace, Doddagollarahatti",Near Ravinandana Palace,3km,0.0,0.0
Bengaluru City,Byadarahalli PS,1.04432e+16,2021,1,1,Road Accidents,Curves,City/Town,Residential area,Human Error,No,Grievous Injury,Not Applicable,No signal lights,Others,Residential Street,Bitumen(Tar),Dry,No influence on accident,Clear,Hosahalli main road,Hosahalli main road,2,0.0,0.0
Bengaluru City,Byadarahalli PS,1.04432e+16,2021,1,1,Road Accidents,Not Applicable,City/Town,Open area,Human Error,No,Grievous Injury,Not Applicable,No signal lights,Straight and flat,Others,Bitumen(Tar),Dry,No influence on accident,Clear,G. Hosahalli,Near Any time water Factory,3,0.0,0.0
Bengaluru City,Byadarahalli PS,1.04432e+16,2021,1,1,Road Accidents,Junction,City/Town,Open area,Human Error,No,Grievous Injury,Not Applicable,No signal lights,Straight and flat,Others,Bitumen(Tar),Dry,No influence on accident,Clear,Magadi main road College Stop,College Stop,2,0.0,0.0
Bengaluru City,Byadarahalli PS,1.04432e+16,2021,1,2,Road Accidents,Not Applicable,City/Town,Open area,Human Error,No,Grievous Injury,Vehicle to Vehicle,No signal lights,Straight and flat,Others,Bitumen(Tar),Dry,No influence on accident,Clear,Near Adeeshwara Show room,Near Adeeshwara Show room,1,0.0,0.0
Bengaluru City,Byadarahalli PS,1.04432e+16,2021,1,2,Not Applicable,Junction,City/Town,Near Bus stop,Not Applicable,Not Applicable,Fatal,Vehicle to Vehicle,Not Applicable,Curve,State Highway,Bitumen(Tar),Not Applicable,Not Applicable,Not Applicable,MAGADI MAIN ROAD,1,1 KM,0.0,0.0
Bengaluru City,Byadarahalli PS,1.04432e+16,2021,1,1,Not Applicable,Not Applicable,City/Town,Residential area,Not Applicable,No,Fatal,Vehicle to Vehicle,Not Applicable,Not Applicable,Two way,Bitumen(Tar),Dry,Not Applicable,Others,"NEAR KRISHNA ELECTRICALS,  NEAR HP PETROL BUNK, VENKATESHWARA LAY OUT, ANDRAHALLI MAIN ROAD",0,2 KM,0.0,0.0
Bengaluru City,Byadarahalli PS,1.04432e+16,2021,1,1,Road Accidents,Curves,City/Town,Residential area,Human Error,Yes,Grievous Injury,Hit bicyclist,Not Applicable,Curve,Two way,Bitumen(Tar),Dry,Not Applicable,Clear,2ND CROSS NEAR MANJUNATHA CIRCLE,MANJUNATHA CIRCLE BHATHNAGARA 2ND STAGE,2 KM,0.0,0.0
Bengaluru City,Byadarahalli PS,1.04432e+16,2021,1,2,Road Accidents,Not Applicable,City/Town,Open area,Human Error,No,Grievous Injury,Vehicle to Vehicle,No signal lights,Curve,One way,Bitumen(Tar),Dry,Not Applicable,Clear,"New road, beside Bydarahalli Police Station",Near bydarahalli Police Station,1km,0.0,0.0
Bengaluru City,Byadarahalli PS,1.04432e+16,2021,1,2,Road Accidents,Not Applicable,City/Town,Open area,Human Error,Yes,Damage Only,Vehicle to Vehicle,No signal lights,Straight and flat,Others,Bitumen(Tar),Dry,No influence on accident,Clear,Nice road Junction Magadi main road,Nice road Junction Magadi main road,3,0.0,0.0
Bengaluru City,Byadarahalli PS,1.04432e+16,2021,1,2,Road Accidents,Junction,City/Town,Open area,Human Error,No,Grievous Injury,Vehicle to Vehicle,No signal lights,Not Applicable,State Highway,Bitumen(Tar),Dry,No influence on accident,Clear,Infront off College Stop Bus stop,Infront off College Stop Bus stop,3km,0.0,0.0
Bengaluru City,Byadarahalli PS,1.04432e+16,2021,1,1,Road Accidents,Not Applicable,City/Town,Open area,Human Error,Yes,Grievous Injury,Not Applicable,Controlled,Not Applicable,Residential Street,Bitumen(Tar),Dry,No influence on accident,Clear,Kenchappa Bulding road,Opp Ganesh Condiments,3,0.0,0.0
Bengaluru City,Byadarahalli PS,1.04432e+16,2021,1,2,Road Accidents,Not Applicable,City/Town,Open area,Human Error,No,Grievous Injury,Not Applicable,No signal lights,Others,Others,Bitumen(Tar),Dry,No influence on accident,Clear,Near kodigehalli Nice Bridge,Near kodigehalli Nice Bridge,3km,0.0,0.0
Bengaluru City,Byadarahalli PS,1.04432e+16,2021,1,2,Road Accidents,Narrow road,City/Town,Narrow bridge or culverts,Not Applicable,Yes,Fatal,Vehicle to Vehicle,Not Applicable,Not Applicable,Not Applicable,Concrete,Dry,Not Applicable,Others,NEAR GOLLARAHATTI NICE ROAD,NICE ROAD,2M,0.0,0.0
Bengaluru City,Byadarahalli PS,1.04432e+16,2021,1,1,Road Accidents,Not Applicable,City/Town,Open area,Human Error,No,Grievous Injury,Hit pedestrian,No signal lights,Straight and flat,Others,Bitumen(Tar),Dry,No influence on accident,Clear,Madeshwara Nagara main road,Near Neelagiri thop cirlcle,3,0.0,0.0
Bengaluru City,Byadarahalli PS,1.04432e+16,2021,1,1,Road Accidents,Curves,City/Town,Open area,Human Error,No,Grievous Injury,Not Applicable,No signal lights,Curve,Residential Street,Bitumen(Tar),Dry,No influence on accident,Clear,Andrahalli Main road,Herohalli Lake,1,0.0,0.0
Bengaluru City,Byadarahalli PS,1.04432e+16,2021,1,1,Road Accidents,Not Applicable,City/Town,Open area,Human Error,No,Grievous Injury,Hit pedestrian,No signal lights,Straight and flat,Residential Street,Bitumen(Tar),Dry,No influence on accident,Clear,Near Nagara hole Cirlce,Madeshwara Nagara Main road,2,0.0,0.0
Bengaluru City,Byadarahalli PS,1.04432e+16,2021,1,1,Road Accidents,Not Applicable,City/Town,Open area,Human Error,No,Grievous Injury,Not Applicable,No signal lights,Steep Incline or Climb,State Highway,Bitumen(Tar),Dry,No influence on accident,Clear,Near Kodigehalli Bridge Nice road,Near Kodigehalli Bridge Nice road,3km,0.0,0.0
Bengaluru City,Byadarahalli PS,1.04432e+16,2021,1,1,Not Applicable,Not Applicable,City/Town,Open area,Not Applicable,No,Fatal,Not Applicable,Not Applicable,Not Applicable,State Highway,Bitumen(Tar),Dry,Not Applicable,Fine,NICE ROAD,NEAR MAGADI MAIN BRIDGE,1,0.0,0.0