DISTRICTNAME,UNITNAME,Crime_No,Year,RI,Noofvehicle_involved,Accident_Classification,Accident_Spot,Accident_Location,Accident_SubLocation,Main_Cause,Hit_Run,Severity,Collision_Type,Junction_Control,Road_Character,Road_Type,Surface_Type,Surface_Condition,Road_Condition,Weather,Accident_Road,Landmark_first,Distance_LandMark_First,Latitude,Longitude
Bengaluru City,Byadarahalli PS,1.04432e+16,2022,1,1,Road Accidents,Curves,City/Town,Open area,Human Error,No,Grievous Injury,Hit pedestrian,No signal lights,Curve,Residential Street,Bitumen(Tar),Dry,No influence on accident,Clear,Opp Mukambika Kandiments Andrahalli  main road,Near Mookambika Condiments,1,0.0,0.0
Bengaluru City,Byadarahalli PS,1.04432e+16,2022,1,2,Road Accidents,Narrow road,City/Town,Near Bus stop,Not Applicable,Not Applicable,Fatal,Vehicle to Vehicle,Not Applicable,Not Applicable,Not Applicable,Bitumen(Tar),Dry,Not Applicable,Dust Storn,MAGADI MAIN ROAD,NEAR ANJANA NAGAR BUS STOP,50 M,0.0,0.0
Bengaluru City,Byadarahalli PS,1.04432e+16,2022,1,1,Road Accidents,Not Applicable,City/Town,Open area,Human Error,No,Not Applicable,Not Applicable,No signal lights,Others,Others,Bitumen(Tar),Dry,No influence on accident,Clear,Nice Road Kodigehalli Bridge,Nice road near Kodigehalli Bridge,2,0.0,0.0
Bengaluru City,Byadarahalli PS,1.04432e+16,2022,1,2,Road Accidents,Not Applicable,City/Town,Open area,Not Applicable,No,Fatal,Vehicle to Vehicle,Not Applicable,Others,NH,Bitumen(Tar),Muddy,Not Applicable,Cloudy,NICE ROAD NEAR MAGADI MAIN ROAD,20FFET NEAR BRIDGE,2 KM,0.0,0.0
Bengaluru City,Byadarahalli PS,1.04432e+16,2022,1,1,Road Accidents,Not Applicable,City/Town,Open area,Human Error,No,Not Applicable,Not Applicable,No signal lights,Straight and flat,State Highway,Bitumen(Tar),Dry,No influence on accident,Clear,Beside Byadarahlli Police Station,New Contructed road,1,0.0,0.0
Bengaluru City,Byadarahalli PS,1.04432e+16,2022,1,2,Road Accidents,Not Applicable,City/Town,Open area,Human Error,No,Grievous Injury,Vehicle to Vehicle,No signal lights,Others,State Highway,Bitumen(Tar),Dry,No influence on accident,Clear,Near Byadarahalli Bus Stop,Near Bydarahalli Bus Stop,2,0.0,0.0
Bengaluru City,Byadarahalli PS,1.04432e+16,2022,1,2,Road Accidents,Not Applicable,City/Town,Open area,Human Error,No,Grievous Injury,Vehicle to Vehicle,Not Applicable,Straight and flat,State Highway,Bitumen(Tar),Dry,No influence on accident,Clear,Near Anjana Nagara Bus Stop,Anjana Nagara,1,0.0,0.0
Bengaluru City,Byadarahalli PS,1.04432e+16,2022,1,1,Road Accidents,Curves,City/Town,Open area,Human Error,No,Grievous Injury,Not Applicable,No signal lights,Not Applicable,Others,Bitumen(Tar),Dry,No influence on accident,Clear,Nice Road Kodigehalli Bridge,Nice road near Kodigehalli Bridge,1,0.0,0.0
Bengaluru City,Byadarahalli PS,1.04432e+16,2022,1,1,Not Applicable,Junction,City/Town,Residential area,Not Applicable,No,Fatal,Hit pedestrian,Not Applicable,Others,Minor District Road,Bitumen(Tar),Not Applicable,Not Applicable,Cloudy,MAGADI MAIN ROAD AND  EAST WEST ROAD JUNCTION,NEAR BHARATH ENCLAVE APT,1 KM,0.0,0.0
Bengaluru City,Byadarahalli PS,1.04432e+16,2022,1,1,Road Accidents,Not Applicable,City/Town,Open area,Human Error,No,Grievous Injury,Hit pedestrian,No signal lights,Straight and flat,State Highway,Bitumen(Tar),Dry,No influence on accident,Clear,Opp Vijayalakshimi Daba Byadarahalli  Magadi main road,Opp Vijayalakshimi Daba Byadarahalli  Magadi main road,2,0.0,0.0
Bengaluru City,Byadarahalli PS,1.04432e+16,2022,1,2,Road Accidents,Narrow road,City/Town,Near Bus stop,Vehicle Defect,Not Applicable,Damage Only,Vehicle to Vehicle,Not Applicable,Straight and flat,Major District Road,Bitumen(Tar),Dry,Not Applicable,Dust Storn,NEAR ANJANA NAGAR BUS,NEAR ANJANA NAGAR BUS STOP,100 M,0.0,0.0
Bengaluru City,Byadarahalli PS,1.04432e+16,2022,1,1,Road Accidents,Not Applicable,City/Town,Open area,Human Error,No,Grievous Injury,Not Applicable,No signal lights,Straight and flat,Residential Street,Bitumen(Tar),Dry,No influence on accident,Clear,Nice road Chakra Nagara Bridge,Nice road Chakra Nagara Bridge,6,0.0,0.0
Bengaluru City,Byadarahalli PS,1.04432e+16,2022,1,1,Road Accidents,Circle,City/Town,Open area,Human Error,No,Grievous Injury,Not Applicable,No signal lights,Curve,State Highway,Bitumen(Tar),Dry,No influence on accident,Clear,Near Prakruthi Garden,Near Prakruthi Garden Magadi main road,2,0.0,0.0
Bengaluru City,Byadarahalli PS,1.04432e+16,2022,1,2,Road Accidents,Not Applicable,Rural Areas,Near Bus stop,Not Applicable,Not Applicable,Fatal,Vehicle to Vehicle,No signal lights,Not Applicable,Major District Road,Bitumen(Tar),Ditch or Potholed,Not Applicable,Cloudy,"OPP TO ROYAL MART,  NEAR COLLEGE  STOP",30 FEET FROM VISHAL MART,0.5KM,12.985513,77.479761
Bengaluru City,Byadarahalli PS,1.04432e+16,2022,1,2,Road Accidents,Not Applicable,Rural Areas,Open area,Human Error,No,Grievous Injury,Not Applicable,No signal lights,Straight and flat,Residential Street,Bitumen(Tar),Dry,No influence on accident,Clear,"Hosahalli Main road, Dodagollarahatti",Dodagollarahatti,2,0.0,0.0
Bengaluru City,Byadarahalli PS,1.04432e+16,2022,1,2,Road Accidents,Not Applicable,City/Town,Near Bus stop,Human Error,Yes,Grievous Injury,Vehicle to Vehicle,Not at  Junction,Others,Two way,Not Applicable,Wet,Not Applicable,Fine,MAGADI MAIN ROAD NEAR BYADARAHALLI BUS STOP,1,3,0.0,0.0
Bengaluru City,Byadarahalli PS,1.04432e+16,2022,1,1,Road Accidents,Circle,City/Town,Open area,Human Error,No,Grievous Injury,Hit pedestrian,No signal lights,Straight and flat,Not Applicable,Bitumen(Tar),Dry,No influence on accident,Clear,kodigehalli main road,Pipe line road junction,2,0.0,0.0
Bengaluru City,Byadarahalli PS,1.04432e+16,2022,1,1,Road Accidents,Not Applicable,City/Town,Open area,Human Error,No,Grievous Injury,Vehicle to Vehicle,No signal lights,Straight and flat,Residential Street,Bitumen(Tar),Dry,Not Applicable,Clear,Andrahalli main road Opp D group Arch,Near Ranganatha Bar,5,0.0,0.0
Bengaluru City,Byadarahalli PS,1.04432e+16,2022,1,1,Road Accidents,Junction,City/Town,Open area,Human Error,No,Grievous Injury,Hit pedestrian,No signal lights,Straight and flat,State Highway,Bitumen(Tar),Dry,No influence on accident,Clear,Near Doddagollarahtti Bus Stop,Near Doddagollarahatti Bus Stop,3,0.0,0.0
Bengaluru City,Byadarahalli PS,1.04432e+16,2022,1,1,Not Applicable,Not Applicable,City/Town,Near Bus stop,Not Applicable,No,Fatal,Not Applicable,Not Applicable,Not Applicable,Two way,Bitumen(Tar),Dry,No influence on accident,Clear,HEROHALLI MAIN ROAD,1 KM FROM PS,1 KM,0.0,0.0
Bengaluru City,Byadarahalli PS,1.04432e+16,2022,1,2,Not Applicable,Not Applicable,City/Town,Open area,Human Error,No,Grievous Injury,Not Applicable,No signal lights,Straight and flat,State Highway,Bitumen(Tar),Dry,No influence on accident,Clear,Nice road Bridge,Magadi main road,3,0.0,0.0
Bengaluru City,Byadarahalli PS,1.04432e+16,2022,1,2,Road Accidents,Curves,City/Town,Open area,Human Error,No,Grievous Injury,Vehicle to Vehicle,No signal lights,Curve,Others,Bitumen(Tar),Dry,No influence on accident,Clear,Opp Venkateshwara Furniture Doddagollarahatti,Opp Venkateshwara Furniture,1,0.0,0.0
Bengaluru City,Byadarahalli PS,1.04432e+16,2022,1,1,Road Accidents,Not Applicable,City/Town,Open area,Human Error,No,Grievous Injury,Hit pedestrian,No signal lights,Not Applicable,Residential Street,Bitumen(Tar),Dry,No influence on accident,Clear,Near Herohalli Lake,Near Herohalli Cross,1,0.0,0.0
Bengaluru City,Byadarahalli PS,1.04432e+16,2022,1,1,Road Accidents,Not Applicable,City/Town,Open area,Human Error,No,Grievous Injury,Hit pedestrian,No signal lights,Not Applicable,State Highway,Bitumen(Tar),Dry,Not Applicable,Clear,Near College Stop Bus Stop Doddagollarahatti,Doddagollarahatti,3,0.0,0.0
Bengaluru City,Byadarahalli PS,1.04432e+16,2022,1,1,Road Accidents,Not Applicable,City/Town,Open area,Human Error,No,Grievous Injury,Hit pedestrian,No signal lights,Straight and flat,Residential Street,Bitumen(Tar),Dry,No influence on accident,Clear,Magadi main road,Opp Karanji Daba,1,0.0,0.0
Bengaluru City,Byadarahalli PS,1.04432e+16,2022,1,2,Road Accidents,Circle,City/Town,Open area,Human Error,No,Damage Only,Vehicle to Vehicle,No signal lights,Curve,State Highway,Bitumen(Tar),Dry,No influence on accident,Clear,Near Anjana Nagara Bus Stop,Near Anjana Nagara Bus Stop,1,0.0,0.0
Bengaluru City,Byadarahalli PS,1.04432e+16,2022,1,2,Road Accidents,Not Applicable,City/Town,Open area,Human Error,No,Grievous Injury,Hit pedestrian,No signal lights,Straight and flat,Residential Street,Bitumen(Tar),Dry,Not Applicable,Clear,kodigehalli main road,kodigehalli main road,2,0.0,0.0
Bengaluru City,Byadarahalli PS,1.04432e+16,2022,1,2,Road Accidents,Curves,City/Town,Open area,Human Error,No,Damage Only,Vehicle to Vehicle,No signal lights,Straight and flat,Others,Bitumen(Tar),Dry,No influence on accident,Clear,Near road Toll,Near Nice road toll,3,0.0,0.0
Bengaluru City,Byadarahalli PS,1.04432e+16,2022,1,1,Road Accidents,Not Applicable,Rural Areas,Open area,Human Error,No,Grievous Injury,Hit pedestrian,No signal lights,Straight and flat,Others,Bitumen(Tar),Dry,No influence on accident,Clear,Doddagollarahatti  Magadi main road,Near Doddagollarahatti Bus Stop,3,0.0,0.0
Bengaluru City,Byadarahalli PS,1.04432e+16,2022,1,2,Road Accidents,Curves,City/Town,Open area,Human Error,No,Grievous Injury,Vehicle to Vehicle,No signal lights,Straight and flat,Residential Street,Bitumen(Tar),Dry,Not Applicable,Clear,CII Main road Near ISKON Temple road,Prakruthi Nagara,2,0.0,0.0
Bengaluru City,Byadarahalli PS,1.04432e+16,2022,1,2,Road Accidents,Not Applicable,City/Town,Open area,Human Error,No,Grievous Injury,Vehicle to Vehicle,No signal lights,Straight and flat,Others,Bitumen(Tar),Dry,No influence on accident,Clear,Near Sri Chakra Nagara Nice road,Near Sri Chakra Nagara Nice road,6,0.0,0.0
Bengaluru City,Byadarahalli PS,1.04432e+16,2022,1,1,Road Accidents,Not Applicable,City/Town,Open area,Human Error,No,Grievous Injury,Hit pedestrian,No signal lights,Straight and flat,Not Applicable,Bitumen(Tar),Dry,No influence on accident,Clear,Doddagollarahatti  Magadi main road,Near Doddagollarahatti Bus Stop,3,0.0,0.0
Bengaluru City,Byadarahalli PS,1.04432e+16,2022,1,1,Road Accidents,Curves,Rural Areas,Open area,Human Error,No,Grievous Injury,Hit pedestrian,No signal lights,Others,State Highway,Bitumen(Tar),Dry,No influence on accident,Clear,"3rd Cross, Lakshimi Provision Store",Lakshmi Provision Store 3rd Cross,3,0.0,0.0
Bengaluru City,Byadarahalli PS,1.04432e+16,2022,1,2,Road Accidents,Not Applicable,City/Town,Open area,Human Error,No,Damage Only,Vehicle to Vehicle,No signal lights,Straight and flat,Residential Street,Bitumen(Tar),Dry,No influence on accident,Clear,Opp Manjunatha Tiffin Center,Magadi main road,1,0.0,0.0
Bengaluru City,Byadarahalli PS,1.04432e+16,2022,1,2,Not Applicable,Not Applicable,City/Town,Residential area,Not Applicable,No,Grievous Injury,Vehicle to Vehicle,Not at  Junction,Not Applicable,Others,Bitumen(Tar),Dry,Not Applicable,Cloudy,40 FEET ROAD  D GROUP LAY OUT,2,0.5KM,0.0,0.0
Bengaluru City,Byadarahalli PS,1.04432e+16,2022,1,2,Road Accidents,Cross roads,City/Town,Open area,Human Error,No,Grievous Injury,Not Applicable,No signal lights,Curve,Others,Bitumen(Tar),Dry,No influence on accident,Clear,Near New Indian Public School,Near new India Public School,5,0.0,0.0
Bengaluru City,Byadarahalli PS,1.04432e+16,2022,1,1,Road Accidents,Not Applicable,City/Town,Open area,Human Error,No,Grievous Injury,Not Applicable,No signal lights,Straight and flat,State Highway,Bitumen(Tar),Dry,No influence on accident,Clear,Magadi main road Near Karanji Daba,Magadi main road,1,0.0,0.0
Bengaluru City,Byadarahalli PS,1.04432e+16,2022,1,1,Road Accidents,Not Applicable,Rural Areas,Open area,Human Error,No,Grievous Injury,Not Applicable,No signal lights,Straight and flat,State Highway,Bitumen(Tar),Dry,Not Applicable,Clear,"magadi main road, Anajana Nagara",Magadi main road Anjana Nagara,1,0.0,0.0
Bengaluru City,Byadarahalli PS,1.04432e+16,2022,1,2,Road Accidents,Not Applicable,City/Town,Open area,Human Error,No,Grievous Injury,Vehicle to Vehicle,No signal lights,Straight and flat,Residential Street,Bitumen(Tar),Dry,No influence on accident,Clear,Near Vishal Mart Magadi main road,Near Vishal Mart Magadi main road,2,0.0,0.0
Bengaluru City,Byadarahalli PS,1.04432e+16,2022,1,1,Road Accidents,Not Applicable,City/Town,Open area,Human Error,No,Grievous Injury,Not Applicable,No signal lights,Straight and flat,Residential Street,Bitumen(Tar),Dry,No influence on accident,Clear,Near Nandini milk parler,BEL Layout,2,0.0,0.0
Bengaluru City,Byadarahalli PS,1.04432e+16,2022,1,1,Road Accidents,Circle,City/Town,Open area,Human Error,No,Grievous Injury,Not Applicable,No signal lights,Curve,Residential Street,Bitumen(Tar),Dry,Not Applicable,Clear,"Near Byraweshwara Mill Vasanthappa Layout 5th main road,",Andrahalli main road,2,0.0,0.0
Bengaluru City,Byadarahalli PS,1.04432e+16,2022,1,1,Road Accidents,Not Applicable,City/Town,Open area,Human Error,No,Grievous Injury,Hit pedestrian,Not Applicable,Others,Residential Street,Bitumen(Tar),Dry,No influence on accident,Clear,Near S.B.G. Granite,Kempegowda Nagara,3,0.0,0.0
Bengaluru City,Byadarahalli PS,1.04432e+16,2022,1,2,Road Accidents,Not Applicable,City/Town,Open area,Human Error,Yes,Grievous Injury,Vehicle to Vehicle,No signal lights,Others,Others,Bitumen(Tar),Dry,No influence on accident,Clear,Near Hill Rock School,Near hill roack school,5,0.0,0.0
Bengaluru City,Byadarahalli PS,1.04432e+16,2022,1,1,Road Accidents,Not Applicable,Rural Areas,Open area,Human Error,No,Grievous Injury,Hit pedestrian,No signal lights,Straight and flat,State Highway,Bitumen(Tar),Dry,No influence on accident,Clear,Near Nandini Layout  Vidyamanya Nagara,Andrahalli main road,3,0.0,0.0
Bengaluru City,Byadarahalli PS,1.04432e+16,2022,1,1,Road Accidents,Circle,City/Town,Open area,Human Error,No,Grievous Injury,Not Applicable,No signal lights,Straight and flat,State Highway,Bitumen(Tar),Dry,No influence on accident,Clear,Magadi main road,Near Herohalli Cross,1,0.0,0.0
Bengaluru City,Byadarahalli PS,1.04432e+16,2022,1,1,Road Accidents,Not Applicable,City/Town,Open area,Human Error,No,Grievous Injury,Hit pedestrian,No signal lights,Straight and flat,State Highway,Bitumen(Tar),Dry,No influence on accident,Clear,"Dwaraka vasa road, BEl Layout",BEL Layout,4,0.0,0.0
Bengaluru City,Byadarahalli PS,1.04432e+16,2022,1,1,Road Accidents,Curves,City/Town,Open area,Human Error,No,Grievous Injury,Hit pedestrian,No signal lights,Curve,Others,Bitumen(Tar),Others,No influence on accident,Clear,"Kodigehalli main road,Near magadi road toll",kodigehalli main road,2,0.0,0.0
Bengaluru City,Byadarahalli PS,1.04432e+16,2022,1,1,Road Accidents,Not Applicable,City/Town,Open area,Human Error,No,Grievous Injury,Hit pedestrian,No signal lights,Others,Residential Street,Bitumen(Tar),Dry,No influence on accident,Clear,Andrahalli main road Opp D group Arch,Opp D Grounp Arch Andrahalli main road,2,0.0,0.0
Bengaluru City,Byadarahalli PS,1.04432e+16,2022,1,1,Road Accidents,Curves,City/Town,Open area,Human Error,No,Grievous Injury,Hit pedestrian,No signal lights,Curve,Residential Street,Bitumen(Tar),Dry,No influence on accident,Clear,3rd Cross Sridevi Nagara,Sridevi Nagara,1,0.0,0.0
Bengaluru City,Byadarahalli PS,1.04432e+16,2022,1,1,Road Accidents,Circle,City/Town,Open area,Human Error,No,Grievous Injury,Hit pedestrian,No signal lights,Others,Residential Street,Bitumen(Tar),Dry,No influence on accident,Clear,Opp Spoorthidhama Muddinapalya,Opp Spoorthi Dhama Muddinapalya main road,2,0.0,0.0
Bengaluru City,Byadarahalli PS,1.04432e+16,2022,1,2,Road Accidents,Curves,City/Town,Open area,Human Error,No,Damage Only,Not Applicable,No signal lights,Straight and flat,Residential Street,Bitumen(Tar),Dry,No influence on accident,Clear,Herohalli Cross Magadi main road,Akshaya Convention Hall,1,0.0,0.0
Bengaluru City,Byadarahalli PS,1.04432e+16,2022,1,2,Road Accidents,Junction,City/Town,Open area,Human Error,No,Grievous Injury,Not Applicable,No signal lights,Straight and flat,State Highway,Bitumen(Tar),Dry,No influence on accident,Clear,Mahadeshwara Nagara Junction,Magadi main road,1,0.0,0.0
Bengaluru City,Byadarahalli PS,1.04432e+16,2022,1,2,Road Accidents,Junction,City/Town,Open area,Human Error,No,Grievous Injury,Hit pedestrian,No signal lights,Straight and flat,Residential Street,Bitumen(Tar),Dry,No influence on accident,Clear,Opp V.B.S. Bakery Manjunatha Circle,Opp V B S Bakery,4,0.0,0.0
Bengaluru City,Byadarahalli PS,1.04432e+16,2022,1,2,Road Accidents,Not Applicable,City/Town,Near Hospital,Not Applicable,No,Grievous Injury,Vehicle to Vehicle,Not at  Junction,Others,Two way,Not Applicable,Dry,Not Applicable,Fine,ANDHRAHALLI MAIN ROAD,ROAD,3,0.0,0.0
Bengaluru City,Byadarahalli PS,1.04432e+16,2022,1,1,Not Applicable,Curves,City/Town,Near Bus stop,Human Error,No,Grievous Injury,Vehicle to Vehicle,No signal lights,Straight and flat,Residential Street,Bitumen(Tar),Dry,No influence on accident,Clear,Near Anjana Nagara Bus Stop,Anjana Nagara,1,0.0,0.0
Bengaluru City,Byadarahalli PS,1.04432e+16,2022,1,1,Road Accidents,Not Applicable,City/Town,Open area,Human Error,No,Grievous Injury,Not Applicable,No signal lights,Not Applicable,Residential Street,Bitumen(Tar),Dry,No influence on accident,Clear,Near kodigehalli Cross Near Nice road Junction,kodigehalli main road,2,0.0,0.0
Bengaluru City,Byadarahalli PS,1.04432e+16,2022,1,1,Road Accidents,Not Applicable,City/Town,Open area,Human Error,No,Grievous Injury,Hit pedestrian,Not Applicable,Straight and flat,State Highway,Bitumen(Tar),Dry,No influence on accident,Clear,Magadi main road Doddagollarahatti,Opp Vijayalakshimi Daba Byadarahalli  Magadi main road,2,0.0,0.0
Bengaluru City,Byadarahalli PS,1.04432e+16,2022,1,1,Road Accidents,Not Applicable,City/Town,Open area,Human Error,No,Grievous Injury,Hit pedestrian,No signal lights,Straight and flat,State Highway,Bitumen(Tar),Dry,No influence on accident,Clear,Near College Stop Bus Stop Doddagollarahatti,Doddagollarahatti,3,0.0,0.0
Bengaluru City,Byadarahalli PS,1.04432e+16,2022,1,1,Road Accidents,Not Applicable,City/Town,Open area,Human Error,No,Grievous Injury,Not Applicable,No signal lights,Straight and flat,Residential Street,Bitumen(Tar),Dry,Not Applicable,Clear,Muddinapalya main road,Near Spoorthydhama,1,0.0,0.0
Bengaluru City,Byadarahalli PS,1.04432e+16,2022,1,1,Road Accidents,Not Applicable,City/Town,Open area,Human Error,No,Grievous Injury,Vehicle to Vehicle,No signal lights,Straight and flat,Residential Street,Bitumen(Tar),Dry,No influence on accident,Clear,Near Oxfored School,Mahadeswhara Nagara,1,0.0,0.0
Bengaluru City,Byadarahalli PS,1.04432e+16,2022,1,2,Road Accidents,Curves,City/Town,Open area,Human Error,No,Simple Injury,Vehicle to Vehicle,No signal lights,Straight and flat,Residential Street,Bitumen(Tar),Dry,No influence on accident,Clear,Vidyamanaya Nagara,Vidyamanya Nagra 3rd Cross,4,0.0,0.0
Bengaluru City,Byadarahalli PS,1.04432e+16,2022,1,2,Road Accidents,Curves,City/Town,Open area,Human Error,No,Grievous Injury,Vehicle to Vehicle,No signal lights,Straight and flat,Residential Street,Bitumen(Tar),Dry,No influence on accident,Clear,"1st Cross, Kalyana Nagara Near The Provident Apartment",1st Cross Kalyana Nagara,4,0.0,0.0
Bengaluru City,Byadarahalli PS,1.04432e+16,2022,1,1,Road Accidents,Not Applicable,City/Town,Open area,Human Error,No,Grievous Injury,Vehicle to Vehicle,No signal lights,Straight and flat,Residential Street,Bitumen(Tar),Dry,Not Applicable,Clear,Thunganagara Main road,Near Vidya samrat School,3,12.988583,77.485004
Bengaluru City,Byadarahalli PS,1.04432e+16,2022,1,1,Road Accidents,Junction,City/Town,Open area,Human Error,No,Grievous Injury,Hit pedestrian,No signal lights,Straight and flat,Residential Street,Bitumen(Tar),Dry,Not Applicable,Others,"Dwaraka vasa road, BEl Layout",BEL Layout Opp Pavani Chats,4,0.0,0.0
Bengaluru City,Byadarahalli PS,1.04432e+16,2022,1,1,Road Accidents,Junction,City/Town,Open area,Human Error,No,Grievous Injury,Hit pedestrian,No signal lights,Straight and flat,State Highway,Bitumen(Tar),Dry,No influence on accident,Clear,Opp College Stop Bydarhalli,College Stop Opp,1,0.0,0.0
Bengaluru City,Byadarahalli PS,1.04432e+16,2022,1,1,Road Accidents,Circle,Rural Areas,Residential area,Human Error,No,Grievous Injury,Hit pedestrian,No signal lights,Curve,Residential Street,Bitumen(Tar),Dry,No influence on accident,Clear,kodigehalli main road,Pipe line road junction Kodigehalli,4,0.0,0.0
Bengaluru City,Byadarahalli PS,1.04432e+16,2022,1,1,Road Accidents,Junction,City/Town,Open area,Human Error,No,Grievous Injury,Vehicle to Vehicle,No signal lights,Straight and flat,Others,Bitumen(Tar),Dry,No influence on accident,Clear,Ullala main road,opp K L E College,4,0.0,0.0
Bengaluru City,Byadarahalli PS,1.04432e+16,2022,1,1,Road Accidents,Not Applicable,City/Town,Near Bus stop,Human Error,Not Applicable,Grievous Injury,Hit pedestrian,Not at  Junction,Others,Two way,Bitumen(Tar),Others,Not Applicable,Clear,MAGADI MAIN ROAD,NEAR ANJANAGARA BUS STOP,1 K M,0.0,0.0
Bengaluru City,Byadarahalli PS,1.04432e+16,2022,1,2,Road Accidents,Road hump or Rumble strips,City/Town,Open area,Vehicle Defect,No,Grievous Injury,Vehicle to Vehicle,Not at  Junction,Curve,Others,Kutcha,Dry,Not Applicable,Fine,MUDDINAPALYA ROAD AND MAGADI ROAD,MUDDINAPALYA MAIN ROAD,2KM,0.0,0.0
Bengaluru City,Byadarahalli PS,1.04432e+16,2022,1,1,Road Accidents,Not Applicable,City/Town,Open area,Human Error,No,Grievous Injury,Hit pedestrian,No signal lights,Not Applicable,State Highway,Bitumen(Tar),Dry,No influence on accident,Clear,Near Akshaya Convention Hall,Akshaya Convention Hall,3,0.0,0.0
Bengaluru City,Byadarahalli PS,1.04432e+16,2022,1,1,Road Accidents,Not Applicable,City/Town,Open area,Human Error,No,Grievous Injury,Hit pedestrian,No signal lights,Straight and flat,Residential Street,Bitumen(Tar),Dry,No influence on accident,Clear,Near Fortune Apartment Hosahalli,Near Fortune Apartment,4,0.0,0.0
Bengaluru City,Byadarahalli PS,1.04432e+16,2022,1,2,Road Accidents,Not Applicable,City/Town,Near Hospital,Not Applicable,No,Fatal,Vehicle to Vehicle,Not Applicable,Not Applicable,One way,Bitumen(Tar),Wet,Not Applicable,Cloudy,MAGADI MAIN ROAD,OPP TO  SRIKRISHNA  HOSPITAL,1,0.0,0.0
Bengaluru City,Byadarahalli PS,1.04432e+16,2022,1,1,Not Applicable,Circle,City/Town,Residential area,Not Applicable,Not Applicable,Fatal,Not Applicable,Not at  Junction,Others,Not Applicable,Bitumen(Tar),Dry,No influence on accident,Cloudy,MUDDINAPLAYA MAIN ROAD,NEAR MUDDINAPALAYA CIRCLE,0.5KM,12.975385,77.487777
Bengaluru City,Byadarahalli PS,1.04432e+16,2022,1,1,Not Applicable,Not Applicable,City/Town,Near Bus stop,Not Applicable,Yes,Grievous Injury,Hit pedestrian,Not Applicable,Not Applicable,State Highway,Bitumen(Tar),Not Applicable,Not Applicable,Cloudy,MAGADI MAIN ROAD,MAHALAKSHMI TEXTILES,0.5KM,0.0,0.0
Bengaluru City,Byadarahalli PS,1.04432e+16,2022,1,1,Road Accidents,Not Applicable,Rural Areas,Open area,Human Error,No,Grievous Injury,Hit pedestrian,No signal lights,Straight and flat,State Highway,Bitumen(Tar),Dry,No influence on accident,Clear,"Magdi main road, Near Venkateshwara Theater",Magdi main road Near Venkateshwara Theater,1,0.0,0.0
Bengaluru City,Byadarahalli PS,1.04432e+16,2022,1,1,Road Accidents,Not Applicable,City/Town,Open area,Human Error,Yes,Grievous Injury,Hit pedestrian,No signal lights,Straight and flat,Others,Bitumen(Tar),Dry,No influence on accident,Fine,"magadi main road, Anajana Nagara",Near Karavali,1,0.0,0.0
Bengaluru City,Byadarahalli PS,1.04432e+16,2022,1,2,Road Accidents,Junction,City/Town,Open area,Human Error,No,Grievous Injury,Vehicle to Vehicle,No signal lights,Not Applicable,Residential Street,Bitumen(Tar),Dry,No influence on accident,Clear,Kuvepu Cirlce,Lingadeeranahalli D Group,4,0.0,0.0
Bengaluru City,Byadarahalli PS,1.04432e+16,2022,1,2,Road Accidents,Not Applicable,City/Town,Open area,Human Error,No,Grievous Injury,Vehicle to Vehicle,No signal lights,Straight and flat,State Highway,Bitumen(Tar),Dry,No influence on accident,Clear,Nice Road Kodigehalli Bridge,Nice road near Kodigehalli Bridge,3,12.986517,77.47147
Bengaluru City,Byadarahalli PS,1.04432e+16,2022,1,1,Road Accidents,Not Applicable,City/Town,Open area,Human Error,No,Grievous Injury,Hit pedestrian,No signal lights,Straight and flat,State Highway,Bitumen(Tar),Dry,No influence on accident,Clear,Magadi main road Doddagollarahatti,College Stop Opp,3,12.985889,77.478381
Bengaluru City,Byadarahalli PS,1.04432e+16,2022,1,1,Not Applicable,Junction,City/Town,Open area,Human Error,No,Grievous Injury,Hit pedestrian,No signal lights,Others,State Highway,Bitumen(Tar),Dry,Not Applicable,Clear,Magadi main road,Opp Krishna Hospital,2,0.0,0.0
Bengaluru City,Byadarahalli PS,1.04432e+16,2022,1,1,Road Accidents,Not Applicable,City/Town,Open area,Human Error,No,Grievous Injury,Hit pedestrian,No signal lights,Straight and flat,Residential Street,Bitumen(Tar),Dry,No influence on accident,Clear,Near Ganesha Temple Billekalu main road,Near Ganesh Temple Ullala main road,4,0.0,0.0