DISTRICTNAME,UNITNAME,Crime_No,Year,RI,Noofvehicle_involved,Accident_Classification,Accident_Spot,Accident_Location,Accident_SubLocation,Main_Cause,Hit_Run,Severity,Collision_Type,Junction_Control,Road_Character,Road_Type,Surface_Type,Surface_Condition,Road_Condition,Weather,Accident_Road,Landmark_first,Distance_LandMark_First,Latitude,Longitude
Bengaluru City,Byadarahalli PS,1.04432e+16,2022,1,1,Road Accidents,Not Applicable,City/Town,Open area,Human Error,No,Damage Only,Not Applicable,No signal lights,Not Applicable,Others,Bitumen(Tar),Dry,Not Applicable,Clear,Near Byadarahalli new road,Beside Byadarahalli Police Station,1,0.0,0.0
Bengaluru City,Byadarahalli PS,1.04432e+16,2022,1,2,Road Accidents,Not Applicable,City/Town,Open area,Human Error,No,Grievous Injury,Vehicle to Vehicle,No signal lights,Straight and flat,Residential Street,Bitumen(Tar),Dry,No influence on accident,Clear,Ullala main road,Near S L N Provision Storre,4,0.0,0.0
Bengaluru City,Byadarahalli PS,1.04432e+16,2022,1,2,Road Accidents,Narrow road,City/Town,Open area,Human Error,No,Damage Only,Vehicle to Vehicle,No signal lights,Straight and flat,State Highway,Bitumen(Tar),Dry,No influence on accident,Clear,"K.E.B. road, Anjana Nagara",Anjana Nagara,1,0.0,0.0
Bengaluru City,Byadarahalli PS,1.04432e+16,2022,1,1,Road Accidents,Not Applicable,City/Town,Open area,Human Error,No,Damage Only,Not Applicable,No signal lights,Straight and flat,Others,Bitumen(Tar),Dry,No influence on accident,Clear,Nice road Chakra Nagara Bridge,Nice road Chakra Nagara Bridge,5,0.0,0.0
Bengaluru City,Byadarahalli PS,1.04432e+16,2023,1,2,Road Accidents,Circle,City/Town,Open area,Human Error,No,Damage Only,Vehicle to Vehicle,No signal lights,Curve,State Highway,Bitumen(Tar),Dry,No influence on accident,Clear,"Tunganagara Cross, Magadi main road,",Thunga Nagara cross,3,0.0,0.0
Bengaluru City,Byadarahalli PS,1.04432e+16,2023,1,1,Road Accidents,Not Applicable,City/Town,Open area,Human Error,No,Grievous Injury,Vehicle to Vehicle,No signal lights,Straight and flat,Others,Bitumen(Tar),Dry,No influence on accident,Clear,kodigehalli main road,Doddagollarahatti Pipe line junction,4,0.0,0.0
Bengaluru City,Byadarahalli PS,1.04432e+16,2023,1,2,Road Accidents,Circle,City/Town,Open area,Human Error,No,Grievous Injury,Vehicle to Vehicle,Uncontrolled,Others,Two way,Bitumen(Tar),Dry,Not Applicable,Clear,GARUDAPPA CIRCLE,CIRCLE,4,0.0,0.0
Bengaluru City,Byadarahalli PS,1.04432e+16,2023,1,1,Road Accidents,Curves,City/Town,Residential area,Human Error,Yes,Grievous Injury,Hit pedestrian,Not at  Junction,Curve,Residential Street,Bitumen(Tar),Dry,Not Applicable,Clear,ACHARYA COLLAGE ROAD,ROAD,2,0.0,0.0
Bengaluru City,Byadarahalli PS,1.04432e+16,2023,1,2,Road Accidents,Circle,City/Town,Open area,Human Error,No,Grievous Injury,Vehicle to Vehicle,No signal lights,Others,State Highway,Bitumen(Tar),Dry,No influence on accident,Clear,East West College Junction Magadi main road,Magadi main road,1,0.0,0.0
Bengaluru City,Byadarahalli PS,1.04432e+16,2023,1,3,Not Applicable,Not Applicable,City/Town,Near Bus stop,Not Applicable,Not Applicable,Fatal,Vehicle to Vehicle,Controlled,Not Applicable,Minor District Road,Bitumen(Tar),Dry,No influence on accident,Cloudy,"OPP TO A.B. CAR WASHING STATION, MAGADI MAIN ROAD",5OO KM FROM POLICE STATION,0.5KM,0.0,0.0
Bengaluru City,Byadarahalli PS,1.04432e+16,2023,1,2,Road Accidents,Junction,City/Town,Near School or College,Not Applicable,Yes,Grievous Injury,Vehicle to Vehicle,No signal lights,Not Applicable,Two way,Not Applicable,Dry,Not Applicable,Clear,MAGADI MAIN ROAD NEAR COLLAGE STOP,Bus stop,2,0.0,0.0
Bengaluru City,Byadarahalli PS,1.04432e+16,2023,1,1,Road Accidents,Not Applicable,City/Town,Open area,Human Error,No,Grievous Injury,Not Applicable,Uncontrolled,Others,State Highway,Not Applicable,Dry,Not Applicable,Fine,NICE ROAD,ROAD,5,0.0,0.0
Bengaluru City,Byadarahalli PS,1.04432e+16,2023,1,1,Road Accidents,Circle,City/Town,Open area,Human Error,No,Simple Injury,Not Applicable,No signal lights,Straight and flat,Others,Bitumen(Tar),Dry,No influence on accident,Clear,Near Disha Proporties,Near Disha Proporties,2,0.0,0.0
Bengaluru City,Byadarahalli PS,1.04432e+16,2023,1,2,Road Accidents,Not Applicable,City/Town,Near Bus stop,Human Error,No,Grievous Injury,Vehicle to Vehicle,Not at  Junction,Others,One way,Bitumen(Tar),Dry,Not Applicable,Clear,Anjananagar bus stop,Bus stop,1km,0.0,0.0
Bengaluru City,Byadarahalli PS,1.04432e+16,2023,1,2,Road Accidents,Junction,City/Town,Open area,Human Error,No,Grievous Injury,Vehicle to Vehicle,No signal lights,Curve,Residential Street,Bitumen(Tar),Dry,No influence on accident,Clear,Muddinapalya main road,near bydrahalli police station,1,0.0,0.0
Bengaluru City,Byadarahalli PS,1.04432e+16,2023,1,1,Road Accidents,Not Applicable,City/Town,Residential area,Human Error,No,Grievous Injury,Hit pedestrian,Not at  Junction,Others,Residential Street,Bitumen(Tar),Dry,Not Applicable,Clear,HOSAHALLI MAIN ROAD,1,2,0.0,0.0
Bengaluru City,Byadarahalli PS,1.04432e+16,2023,1,1,Road Accidents,Cross roads,City/Town,Open area,Vehicle Defect,No,Grievous Injury,Hit pedestrian,Not Applicable,Curve,One way,Gravel,Dry,Engineering Defect of Road,Fine,ANDRAHALLI TO MAHADESHVARA NAGARA,MAHADESHWARA NAGARA,2KM,0.0,0.0
Bengaluru City,Byadarahalli PS,1.04432e+16,2023,1,1,Road Accidents,Narrow road,City/Town,Open area,Human Error,No,Grievous Injury,Hit pedestrian,No signal lights,Straight and flat,State Highway,Bitumen(Tar),Dry,No influence on accident,Clear,"Magadi main road, Doddagollarahatti",Near Venkateshara Theater,2,0.0,0.0
Bengaluru City,Byatrarayanapura Traffic PS,1.04432e+16,2016,1,1,Road Accidents,Cross roads,City/Town,Open area,Vehicle Defect,No,Grievous Injury,Others,No signal lights,Curve,City or Town Road,Metalled,Dry,Not Applicable,Clear,CHANDRALAYOUT,80 FT ROAD,2.5 KM,0.0,0.0
Bengaluru City,Byatrarayanapura Traffic PS,1.04432e+16,2016,1,1,Road Accidents,Other,City/Town,Near Bus stop,Human Error,Yes,Simple Injury,Hit pedestrian,Not at  Junction,Straight and flat,Two way,Bitumen(Tar),Dry,No influence on accident,Clear,Nagarabhavi main road,Maruthi nagara,2 km,0.0,0.0
Bengaluru City,Byatrarayanapura Traffic PS,1.04432e+16,2016,1,2,Road Accidents,Other,City/Town,Open area,Not Applicable,No,Simple Injury,Others,Not at  Junction,Straight and flat,Two way,Bitumen(Tar),Dry,No influence on accident,Clear,Mysore road,Mahaveera flywood shop,2 km,0.0,0.0
Bengaluru City,Byatrarayanapura Traffic PS,1.04432e+16,2016,1,2,Road Accidents,Junction,City/Town,Near Bus stop,Human Error,No,Damage Only,Rear end,Signals (Working),Others,State Highway,Bitumen(Tar),Dry,No influence on accident,Clear,Mysore road,Near satelight Bus stop,600 mt,0.0,0.0
Bengaluru City,Byatrarayanapura Traffic PS,1.04432e+16,2016,1,2,Road Accidents,Other,City/Town,Near a recreation place/cinema,Human Error,No,Damage Only,Rear end,Not at  Junction,Straight and flat,Two way,Bitumen(Tar),Dry,No influence on accident,Clear,R.R.nagara Main road,Near Gopalan Arcade,4 km,0.0,0.0
Bengaluru City,Byatrarayanapura Traffic PS,1.04432e+16,2016,1,2,Not Applicable,Other,City/Town,Open area,Human Error,Yes,Simple Injury,Hit and Run,Controlled,Others,State Highway,Bitumen(Tar),Dry,Not Applicable,Clear,towards nayandahalli to banashankari,maralu larry stop,1 km,0.0,0.0
Bengaluru City,Byatrarayanapura Traffic PS,1.04432e+16,2016,1,2,Road Accidents,Bridge,City/Town,Open area,Human Error,No,Damage Only,Not Applicable,Controlled,Curve,State Highway,Bitumen(Tar),Dry,Not Applicable,Clear,nayandahalli flayover,flayover,2 k,0.0,0.0
Bengaluru City,Byatrarayanapura Traffic PS,1.04432e+16,2016,1,1,Road Accidents,Culvert,City/Town,Near Bus stop,Human Error,No,Simple Injury,Others,Give way sign,Curve,Two way,Bitumen(Tar),Dry,Not Applicable,Clear,byatarayanapura 5th main,byatarayanapura,200 m,0.0,0.0
Bengaluru City,Byatrarayanapura Traffic PS,1.04432e+16,2016,1,2,Road Accidents,Other,City/Town,Near a factory industrial area,Human Error,No,Damage Only,Rear end,Not at  Junction,Straight and flat,One way,Bitumen(Tar),Dry,No influence on accident,Clear,Mysore road,Near Kavika factory,100 mt,0.0,0.0
Bengaluru City,Byatrarayanapura Traffic PS,1.04432e+16,2016,1,2,Road Accidents,Junction,City/Town,Near Bus stop,Human Error,No,Damage Only,Others,Police / Manual,Hump,State Highway,Bitumen(Tar),Dry,No influence on accident,Fine,Mysore road hosaguddadahalli  junction,Hosaguddada halli bus stop,1 km,0.0,0.0
Bengaluru City,Byatrarayanapura Traffic PS,1.04432e+16,2016,1,2,Road Accidents,Other,City/Town,Near a religious place,Human Error,No,Simple Injury,Others,Not at  Junction,Straight and flat,State Highway,Bitumen(Tar),Dry,No influence on accident,Clear,Mysore road,Near Amco factory,500 mt,0.0,0.0
Bengaluru City,Byatrarayanapura Traffic PS,1.04432e+16,2016,1,2,Road Accidents,Other,City/Town,Near a recreation place/cinema,Human Error,No,Simple Injury,Rear end,Not at  Junction,Straight and flat,Two way,Bitumen(Tar),Dry,No influence on accident,Clear,R.R.nagara Main road,Near Gopalan Arcade,4 km,0.0,0.0
Bengaluru City,Byatrarayanapura Traffic PS,1.04432e+16,2016,1,1,Road Accidents,Narrow road,City/Town,Near School or College,Human Error,Yes,Fatal,Hit and Run,Not Applicable,Hump,Others,Bitumen(Tar),Dry,Not Applicable,Clear,b m vali school,pantharapalya,1km,0.0,0.0
Bengaluru City,Byatrarayanapura Traffic PS,1.04432e+16,2016,1,2,Road Accidents,Bridge,City/Town,Narrow bridge or culverts,Human Error,No,Damage Only,Others,Controlled,Others,State Highway,Bitumen(Tar),Dry,Not Applicable,Clear,nayandahalli flyover,mysore road nayandahalli flyover,2km,0.0,0.0
Bengaluru City,Byatrarayanapura Traffic PS,1.04432e+16,2016,1,2,Road Accidents,Narrow road,City/Town,Open area,Human Error,Yes,Fatal,Hit and Run,No signal lights,Others,Service Road,Bitumen(Tar),Dry,Not Applicable,Clear,Nagarabhavi ring road,Nagarabhavi service road,3 km,0.0,0.0
Bengaluru City,Byatrarayanapura Traffic PS,1.04432e+16,2016,1,2,Road Accidents,Other,City/Town,Near a religious place,Human Error,No,Damage Only,Rear end,Not at  Junction,Straight and flat,Two way,Bitumen(Tar),Dry,No influence on accident,Clear,Mysore road Near Mutturaya temple,Near Mutturaya temple,5 km,0.0,0.0
Bengaluru City,Byatrarayanapura Traffic PS,1.04432e+16,2016,1,1,Road Accidents,Junction,City/Town,Near Bus stop,Human Error,No,Simple Injury,Hit pedestrian,Police / Manual,Curve,City or Town Road,Bitumen(Tar),Dry,No influence on accident,Clear,Nayandanahalli ring road junction,Nayandanahalli Junction,2 km,0.0,0.0
Bengaluru City,Byatrarayanapura Traffic PS,1.04432e+16,2016,1,2,Road Accidents,Staggered junction,City/Town,Near a religious place,Human Error,Yes,Simple Injury,Hit and Run,Not at  Junction,Straight and flat,One way,Bitumen(Tar),Dry,No influence on accident,Clear,Deepanjali nagara bridge,Near Galianjaneya temple,500 mt,0.0,0.0
Bengaluru City,Byatrarayanapura Traffic PS,1.04432e+16,2016,1,2,Road Accidents,Other,City/Town,Near Hospital,Human Error,Yes,Simple Injury,Head on,Not at  Junction,Straight and flat,Two way,Bitumen(Tar),Dry,No influence on accident,Clear,kasthuri ba nagara,Near ESI Metarnity hopital,1 km,0.0,0.0
Bengaluru City,Byatrarayanapura Traffic PS,1.04432e+16,2016,1,2,Road Accidents,Other,City/Town,Near Bus stop,Human Error,Yes,Simple Injury,Hit and Run,Signals (Not working),Others,Others,Bitumen(Tar),Dry,No influence on accident,Clear,banashankari ring road,Near Veerabadra nagara single,2 kms,0.0,0.0
Bengaluru City,Byatrarayanapura Traffic PS,1.04432e+16,2016,1,1,Road Accidents,T Junction,City/Town,Near Bus stop,Human Error,No,Damage Only,Others,Signal lights Automatic,Straight and flat,City or Town Road,Bitumen(Tar),Dry,Not Applicable,Cloudy,MYSORE ROAD SATELITE JUNCTION,NEAR SATELITE BUS STOP,100 M,0.0,0.0
Bengaluru City,Byatrarayanapura Traffic PS,1.04432e+16,2016,1,2,Road Accidents,Narrow road,City/Town,Near a religious place,Human Error,No,Simple Injury,Run Off Road,Controlled,Curve,Two way,Bitumen(Tar),Dry,Not Applicable,Clear,cenara bank colony,nagarabhavi main road,4km,0.0,0.0
Bengaluru City,Byatrarayanapura Traffic PS,1.04432e+16,2016,1,1,Road Accidents,Other,City/Town,Near a religious place,Human Error,Yes,Damage Only,Hit fixed object,Not at  Junction,Straight and flat,One way,Bitumen(Tar),Dry,No influence on accident,Clear,Timber yard layout main road,Near Balaji temple,2 km,0.0,0.0
Bengaluru City,Byatrarayanapura Traffic PS,1.04432e+16,2016,1,2,Road Accidents,Round about or Circle,City/Town,Open area,Vehicle Defect,Yes,Simple Injury,Others,Not at  Junction,Curve and Incline,Others,Gravel,Dry,Not Applicable,Others,Nice road  veerabhadra nagara,NICE ROAD,2 KM,12.9368329,77.5317378
Bengaluru City,Byatrarayanapura Traffic PS,1.04432e+16,2016,1,1,Road Accidents,Other,City/Town,Near office complex,Human Error,No,Simple Injury,Hit pedestrian,Not at  Junction,Straight and flat,City or Town Road,Bitumen(Tar),Dry,No influence on accident,Clear,Gangondanahalli mainroad,Gangondanahalli mainroad,2 km,0.0,0.0
Bengaluru City,Byatrarayanapura Traffic PS,1.04432e+16,2016,1,2,Road Accidents,Bridge,City/Town,Residential area,Human Error,No,Simple Injury,Rear end,Not at  Junction,Straight and flat,Two way,Bitumen(Tar),Dry,No influence on accident,Fine,WEST OF CHORD ROAD,Deepanjali railway bridge,1 km,0.0,0.0
Bengaluru City,Byatrarayanapura Traffic PS,1.04432e+16,2016,1,2,Road Accidents,Other,City/Town,Near office complex,Human Error,No,Damage Only,Hit and Run,Not at  Junction,Straight and flat,Two way,Bitumen(Tar),Dry,Engineering Defect of Road,Clear,mysore road,In front of Melody apartment,2 km,0.0,0.0
Bengaluru City,Byatrarayanapura Traffic PS,1.04432e+16,2016,1,1,Road Accidents,Other,City/Town,Near office complex,Human Error,No,Fatal,Hit pedestrian,Not at  Junction,Straight and flat,Two way,Bitumen(Tar),Dry,No influence on accident,Clear,Mysore road hosaguddadahalli,Near BSNL office,1 km,0.0,0.0
Bengaluru City,Byatrarayanapura Traffic PS,1.04432e+16,2016,1,1,Road Accidents,Other,City/Town,Near Petrol Pump,Human Error,Yes,Fatal,Hit pedestrian,No signal lights,Straight and flat,Two way,Bitumen(Tar),Dry,No influence on accident,Clear,Mysore road,Near Shell petrol bank,2 km,0.0,0.0
Bengaluru City,Byatrarayanapura Traffic PS,1.04432e+16,2016,1,1,Road Accidents,Junction,City/Town,Residential area,Human Error,Yes,Simple Injury,Hit pedestrian,Police / Manual,Straight and flat,City or Town Road,Bitumen(Tar),Dry,No influence on accident,Clear,Veerabadra nagara main road,Near Sriranga nagara 4th cross junction,2 km,0.0,0.0
Bengaluru City,Byatrarayanapura Traffic PS,1.04432e+16,2016,1,2,Road Accidents,Other,City/Town,Near Bus stop,Human Error,No,Damage Only,Rear end,No signal lights,Straight and flat,Two way,Bitumen(Tar),Dry,No influence on accident,Clear,Mysore road,Near A2B hotel,500 mt,0.0,0.0
Bengaluru City,Byatrarayanapura Traffic PS,1.04432e+16,2016,1,2,Road Accidents,Other,City/Town,Near a factory industrial area,Human Error,Yes,Damage Only,Rear end,Not at  Junction,Straight and flat,Two way,Bitumen(Tar),Dry,No influence on accident,Fine,Mysore road,Near qwality Biscket factory,2 km,0.0,0.0
Bengaluru City,Byatrarayanapura Traffic PS,1.04432e+16,2016,1,1,Road Accidents,Narrow road,City/Town,Near Bus stop,Human Error,No,Grievous Injury,Hit pedestrian,Not Applicable,Straight and flat,City or Town Road,Bitumen(Tar),Dry,Not Applicable,Clear,MYSORE ROAD  GALI ANJANEYA TEMPAL,NEAR  BUS STOP,100M,0.0,0.0
Bengaluru City,Byatrarayanapura Traffic PS,1.04432e+16,2016,1,2,Road Accidents,Other,City/Town,Near Bus stop,Human Error,Yes,Fatal,Hit and Run,Controlled,Others,State Highway,Bitumen(Tar),Dry,Not Applicable,Clear,"opp trust planet showroom,",nayandahalli qwatress,2km,0.0,0.0
Bengaluru City,Byatrarayanapura Traffic PS,1.04432e+16,2016,1,1,Not Applicable,Narrow road,City/Town,Near a factory industrial area,Human Error,Yes,Simple Injury,Hit and Run,Controlled,Not Applicable,State Highway,Bitumen(Tar),Dry,Not Applicable,Clear,deepanjalinagar industrial are,mysore road,1 km,0.0,0.0
Bengaluru City,Byatrarayanapura Traffic PS,1.04432e+16,2016,1,1,Road Accidents,Narrow road,City/Town,Near Bus stop,Human Error,No,Damage Only,Others,Not at  Junction,Others,City or Town Road,Bitumen(Tar),Dry,Not Applicable,Cloudy,ATTIGUPPE 14 TH MAIN ROAD,NEAR  BUS STOP,1/2 KM,0.0,0.0
Bengaluru City,Byatrarayanapura Traffic PS,1.04432e+16,2016,1,2,Road Accidents,Bridge,City/Town,Narrow bridge or culverts,Human Error,No,Fatal,Hit pedestrian,Not at  Junction,Others,Two way,Bitumen(Tar),Dry,No influence on accident,Clear,WEST OF CHORD ROAD,Near Deepanjali nagara railway Bridge,1km,12.9522473,77.5370219
Bengaluru City,Byatrarayanapura Traffic PS,1.04432e+16,2016,1,1,Road Accidents,Junction,City/Town,Near Bus stop,Human Error,Yes,Simple Injury,Hit pedestrian,Signals (Working),Incline,State Highway,Kutcha,Others,No influence on accident,Clear,Mysore road nayandahalli  harsha mal,Harsha mal,2km,0.0,0.0
Bengaluru City,Byatrarayanapura Traffic PS,1.04432e+16,2016,1,2,Road Accidents,Other,City/Town,Near office complex,Human Error,No,Simple Injury,Others,Not at  Junction,Straight and flat,Two way,Bitumen(Tar),Dry,No influence on accident,Clear,R.R.nagara Main road,Near Gopalan mall,3km,0.0,0.0
Bengaluru City,Byatrarayanapura Traffic PS,1.04432e+16,2016,1,1,Road Accidents,Junction,City/Town,Near Bus stop,Human Error,Yes,Simple Injury,Hit pedestrian,Signal lights Manual,Others,Two way,Bitumen(Tar),Dry,No influence on accident,Clear,Mysore road,Rajarajeshwari arch,4 km,0.0,0.0
Bengaluru City,Byatrarayanapura Traffic PS,1.04432e+16,2016,1,1,Road Accidents,Other,City/Town,Near Bus stop,Human Error,Yes,Simple Injury,Hit pedestrian,Not at  Junction,Straight and flat,Service Road,Bitumen(Tar),Dry,No influence on accident,Clear,BDA ring road,Nagarabhavi service road,2 km,0.0,0.0
Bengaluru City,Byatrarayanapura Traffic PS,1.04432e+16,2016,1,2,Road Accidents,Other,City/Town,Near Bus stop,Human Error,Yes,Simple Injury,Hit and Run,Not at  Junction,Straight and flat,Two way,Bitumen(Tar),Dry,No influence on accident,Fine,mysore road,In front of Christian cemetary,2 km,0.0,0.0
Bengaluru City,Byatrarayanapura Traffic PS,1.04432e+16,2016,1,1,Road Accidents,Other,City/Town,Near a religious place,Human Error,No,Simple Injury,Hit and Run,Not at  Junction,Slight Curve,Two way,Bitumen(Tar),Dry,No influence on accident,Clear,Nagarabhavi main road,Near BWSSB office,5 km,0.0,0.0
Bengaluru City,Byatrarayanapura Traffic PS,1.04432e+16,2016,1,2,Road Accidents,Other,City/Town,Near a religious place,Human Error,No,Damage Only,Rear end,Not at  Junction,Sharp Curve,Two way,Bitumen(Tar),Dry,No influence on accident,Clear,WEST OF CHORD ROAD,Near Shanidevara temple,500 mt,0.0,0.0
Bengaluru City,Byatrarayanapura Traffic PS,1.04432e+16,2016,1,1,Road Accidents,Cross roads,City/Town,Near Bus stop,Human Error,Yes,Simple Injury,Hit and Run,Controlled,Curve,Two way,Bitumen(Tar),Dry,Not Applicable,Clear,bhapoojinagar park,s l m medical,1,0.0,0.0
Bengaluru City,Byatrarayanapura Traffic PS,1.04432e+16,2016,1,1,Road Accidents,Junction,City/Town,Open area,Human Error,No,Damage Only,Hit fixed object,Signals (Not working),Slight Curve,One way,Bitumen(Tar),Dry,No influence on accident,Clear,Nagarabhavi road,Near Nayandanahalli juction,2 km,0.0,0.0
Bengaluru City,Byatrarayanapura Traffic PS,1.04432e+16,2016,1,1,Not Applicable,Circle,City/Town,Near a religious place,Human Error,No,Simple Injury,Others,Give way sign,Curve,Others,Bitumen(Tar),Dry,Not Applicable,Clear,nagarabhavi ring road,durga parameshwari temple,4 km,0.0,0.0
Bengaluru City,Byatrarayanapura Traffic PS,1.04432e+16,2016,1,2,Road Accidents,Narrow road,City/Town,Near Bus stop,Human Error,No,Damage Only,Not Applicable,No signal lights,Straight and flat,City or Town Road,Bitumen(Tar),Dry,Not Applicable,Fine,NAYANDAHALLI JUNCTION,NEAR BUS STOP,100 FT,0.0,0.0
Bengaluru City,Byatrarayanapura Traffic PS,1.04432e+16,2016,1,1,Road Accidents,Other,City/Town,Residential area,Human Error,No,Grievous Injury,Hit pedestrian,Not at  Junction,Straight and flat,Two way,Bitumen(Tar),Dry,No influence on accident,Fine,Avalahalli 1st main road,Near Avalahalli park,2 km,0.0,0.0
Bengaluru City,Byatrarayanapura Traffic PS,1.04432e+16,2016,1,1,Road Accidents,Other,City/Town,Near a recreation place/cinema,Human Error,Yes,Simple Injury,Hit and Run,Not at  Junction,Straight and flat,Two way,Bitumen(Tar),Dry,No influence on accident,Clear,Mysore road In  front of Gopalan Arcade gate,Mysore road Near R R Arch,3 km,0.0,0.0
Bengaluru City,Byatrarayanapura Traffic PS,1.04432e+16,2016,1,2,Road Accidents,Junction,City/Town,Near Bus stop,Human Error,No,Simple Injury,Rear end,Police / Manual,Straight and flat,State Highway,Bitumen(Tar),Dry,No influence on accident,Clear,mysore road,Jnanabharathi junction,4 km,0.0,0.0
Bengaluru City,Byatrarayanapura Traffic PS,1.04432e+16,2016,1,1,Road Accidents,Other,City/Town,Near Hospital,Human Error,Yes,Simple Injury,Hit and Run,Not at  Junction,Straight and flat,Service Road,Bitumen(Tar),Dry,No influence on accident,Clear,Nagarabhavi BDA ring road,In front of Akshaya Eye hospital,2 km,0.0,0.0
Bengaluru City,Byatrarayanapura Traffic PS,1.04432e+16,2016,1,2,Road Accidents,Junction,City/Town,Near Bus stop,Human Error,Yes,Damage Only,Hit and Run,Signals (Working),Others,Two way,Bitumen(Tar),Dry,No influence on accident,Fine,Mysore road,Near Gopalan Arcade,4 km,0.0,0.0
Bengaluru City,Byatrarayanapura Traffic PS,1.04432e+16,2016,1,2,Road Accidents,Other,City/Town,Residential area,Human Error,No,Simple Injury,Head on,Not at  Junction,Straight and flat,Others,Bitumen(Tar),Dry,No influence on accident,Clear,Nagarabhavi ring road service road,Near Suvarna layout,4 km,0.0,0.0
Bengaluru City,Byatrarayanapura Traffic PS,1.04432e+16,2016,1,2,Road Accidents,Round about or Circle,City/Town,Near a religious place,Human Error,No,Simple Injury,Drowned,Controlled,Curve,Two way,Bitumen(Tar),Dry,No influence on accident,Clear,durga parameshwari temple,Near Siddaganga school,3 km,0.0,0.0
Bengaluru City,Byatrarayanapura Traffic PS,1.04432e+16,2016,1,1,Road Accidents,Cross roads,City/Town,Near Hospital,Human Error,No,Simple Injury,Hit pedestrian,Signals (Working),Straight and flat,City or Town Road,Bitumen(Tar),Dry,Not Applicable,Fine,CHANDRA LAYOUT  WATER T,NEAR HOSPITAL,100M,0.0,0.0
Bengaluru City,Byatrarayanapura Traffic PS,1.04432e+16,2016,1,2,Road Accidents,Bridge,City/Town,Residential area,Human Error,No,Fatal,Rear end,Not at  Junction,Straight and flat,Two way,Bitumen(Tar),Dry,No influence on accident,Clear,Mysore road nayandahalli,Near Metro station,2 km,0.0,0.0
Bengaluru City,Byatrarayanapura Traffic PS,1.04432e+16,2016,1,1,Road Accidents,Other,City/Town,Near a religious place,Human Error,Yes,Simple Injury,Hit and Run,Not at  Junction,Others,Others,Bitumen(Tar),Dry,Not Applicable,Clear,shamanna garden,kulana mazgid opp,2k,0.0,0.0
Bengaluru City,Byatrarayanapura Traffic PS,1.04432e+16,2016,1,3,Road Accidents,Other,City/Town,Near a factory industrial area,Human Error,No,Simple Injury,Others,Not at  Junction,Straight and flat,Two way,Bitumen(Tar),Dry,No influence on accident,Clear,Nayandanahalli ring road,Near kalyani motors,2 km,0.0,0.0
Bengaluru City,Byatrarayanapura Traffic PS,1.04432e+16,2016,1,1,Road Accidents,Other,City/Town,Near a religious place,Human Error,No,Damage Only,Hit fixed object,Not at  Junction,Others,Two way,Bitumen(Tar),Dry,No influence on accident,Fine,Metro layout  road,patalamma temple,2 km,0.0,0.0
Bengaluru City,Byatrarayanapura Traffic PS,1.04432e+16,2016,1,2,Road Accidents,Other,City/Town,Near a factory industrial area,Human Error,Yes,Damage Only,Hit and Run,Not at  Junction,Others,State Highway,Bitumen(Tar),Dry,No influence on accident,Clear,Mysore road,Near BHEL factory,1 km,0.0,0.0
Bengaluru City,Byatrarayanapura Traffic PS,1.04432e+16,2016,1,3,Road Accidents,Other,City/Town,Near Hospital,Human Error,Yes,Fatal,Hit and Run,Not at  Junction,Straight and flat,Two way,Bitumen(Tar),Dry,No influence on accident,Clear,Nagarabhavi ring road,Opposite Akshya Eye Hospital,4 km,0.0,0.0
Bengaluru City,Byatrarayanapura Traffic PS,1.04432e+16,2016,1,2,Road Accidents,T Junction,City/Town,Open area,Human Error,Yes,Damage Only,Hit and Run,Signals (Working),Others,City or Town Road,Bitumen(Tar),Dry,Engineering Defect of Road,Fine,satelite bus stop,Near Hotel,30,0.0,0.0
Bengaluru City,Byatrarayanapura Traffic PS,1.04432e+16,2016,1,2,Road Accidents,Junction,City/Town,Open area,Human Error,Yes,Simple Injury,Hit and Run,No signal lights,Others,Two way,Bitumen(Tar),Dry,No influence on accident,Clear,Near Vijaya bank juction,Nagarabhavi main road,4 km,0.0,0.0
Bengaluru City,Byatrarayanapura Traffic PS,1.04432e+16,2016,1,1,Road Accidents,Other,City/Town,Near Bus stop,Human Error,Yes,Simple Injury,Hit pedestrian,Not at  Junction,Straight and flat,Two way,Bitumen(Tar),Dry,No influence on accident,Clear,Nagarabhavi ring road,Near Suvarna layout junction,2 km,0.0,0.0