DISTRICTNAME,UNITNAME,Crime_No,Year,RI,Noofvehicle_involved,Accident_Classification,Accident_Spot,Accident_Location,Accident_SubLocation,Main_Cause,Hit_Run,Severity,Collision_Type,Junction_Control,Road_Character,Road_Type,Surface_Type,Surface_Condition,Road_Condition,Weather,Accident_Road,Landmark_first,Distance_LandMark_First,Latitude,Longitude
Bengaluru City,Byatrarayanapura Traffic PS,1.04432e+16,2016,1,1,Road Accidents,Other,City/Town,Near Bus stop,Human Error,No,Fatal,Hit pedestrian,Not at  Junction,Others,Two way,Bitumen(Tar),Dry,No influence on accident,Clear,Kalyana nagara main road,Near Navani medical strore,6 km,0.0,0.0
Bengaluru City,Byatrarayanapura Traffic PS,1.04432e+16,2016,1,2,Road Accidents,Other,City/Town,Near Hospital,Human Error,No,Simple Injury,Head on,Not at  Junction,Straight and flat,Two way,Bitumen(Tar),Dry,No influence on accident,Clear,Nagarabhavi  ring road,Near Akshya eye hospital,4 km,0.0,0.0
Bengaluru City,Byatrarayanapura Traffic PS,1.04432e+16,2016,1,1,Road Accidents,Bridge,City/Town,Narrow bridge or culverts,Human Error,Yes,Simple Injury,Hit and Run,No signal lights,Curve,State Highway,Bitumen(Tar),Dry,No influence on accident,Clear,mysore road bhel nayandahalli,near flyover,1 km,0.0,0.0
Bengaluru City,Byatrarayanapura Traffic PS,1.04432e+16,2016,1,2,Road Accidents,Junction,City/Town,Near Bus stop,Human Error,Yes,Simple Injury,Hit and Run,Controlled,Not Applicable,Others,Bitumen(Tar),Dry,Not Applicable,Clear,banashankari junction,kannika parameshwari temple,4 k,0.0,0.0
Bengaluru City,Byatrarayanapura Traffic PS,1.04432e+16,2016,1,2,Road Accidents,Cross roads,City/Town,Open area,Human Error,No,Damage Only,Others,No signal lights,Others,Two way,Kutcha,Dry,Pot holed,Others,Avanahalli main road srs gareeg,0,500pt,0.0,0.0
Bengaluru City,Byatrarayanapura Traffic PS,1.04432e+16,2016,1,1,Road Accidents,Other,City/Town,Open area,Human Error,No,Simple Injury,Others,No signal lights,Curve,City or Town Road,Kutcha,Dry,Not Applicable,Fine,AVALAHALLI  SLV PORTY HALL,SLV PARTY HALL,10KM,0.0,0.0
Bengaluru City,Byatrarayanapura Traffic PS,1.04432e+16,2016,1,2,Road Accidents,Other,City/Town,Near Petrol Pump,Human Error,Yes,Simple Injury,Hit and Run,Not at  Junction,Straight and flat,Service Road,Bitumen(Tar),Dry,No influence on accident,Clear,B.D.A ring road Service road,Near petrol bank,1 1/2,0.0,0.0
Bengaluru City,Byatrarayanapura Traffic PS,1.04432e+16,2016,1,1,Road Accidents,Other,City/Town,Near Bus stop,Human Error,Yes,Simple Injury,Hit pedestrian,Not at  Junction,Straight and flat,Two way,Bitumen(Tar),Dry,No influence on accident,Clear,WEST OF CHORD ROAD,Deepanjali nagara Bus stop,500 mt,0.0,0.0
Bengaluru City,Byatrarayanapura Traffic PS,1.04432e+16,2016,1,2,Road Accidents,Other,City/Town,Near a religious place,Human Error,Yes,Damage Only,Hit and Run,No signal lights,Straight and flat,Two way,Bitumen(Tar),Dry,No influence on accident,Fine,Nagarbhavi main road,Near Madduramma temple,6 km,0.0,0.0
Bengaluru City,Byatrarayanapura Traffic PS,1.04432e+16,2016,1,2,Road Accidents,Other,City/Town,Near a religious place,Human Error,Yes,Fatal,Hit and Run,Not at  Junction,Steep Incline or Climb,One way,Bitumen(Tar),Dry,No influence on accident,Clear,Timber yard main road,Near Bailanjaneya temple,2 km,0.0,0.0
Bengaluru City,Byatrarayanapura Traffic PS,1.04432e+16,2016,1,2,Road Accidents,Junction,City/Town,Narrow bridge or culverts,Human Error,Yes,Damage Only,Hit and Run,Controlled,Others,Two way,Bitumen(Tar),Dry,Not Applicable,Clear,Nagarabhavi ring road,under nagarabhavi ring road bridge,4 km,0.0,0.0
Bengaluru City,Byatrarayanapura Traffic PS,1.04432e+16,2016,1,1,Road Accidents,Junction,City/Town,Near Bus stop,Human Error,No,Simple Injury,Right Turn Collision,Controlled,Curve,Two way,Bitumen(Tar),Dry,Not Applicable,Clear,VEERABHADHRA SINGNAL,mysore road,2 km,0.0,0.0
Bengaluru City,Byatrarayanapura Traffic PS,1.04432e+16,2016,1,2,Road Accidents,Other,City/Town,Open area,Human Error,Yes,Simple Injury,Hit and Run,Not at  Junction,Straight and flat,Two way,Bitumen(Tar),Dry,No influence on accident,Clear,100 Feet ring road,Near Maralu lorry stand,2 km,0.0,0.0
Bengaluru City,Byatrarayanapura Traffic PS,1.04432e+16,2016,1,2,Road Accidents,Other,City/Town,Near Bus stop,Human Error,No,Simple Injury,Rear end,Not at  Junction,Others,One way,Bitumen(Tar),Dry,No influence on accident,Fine,Nagarabhavi BDA ring road,Near Nayandanahalli underpass,2 km,0.0,0.0
Bengaluru City,Byatrarayanapura Traffic PS,1.04432e+16,2016,1,2,Road Accidents,Other,City/Town,Near Bus stop,Human Error,Yes,Simple Injury,Hit and Run,Not at  Junction,Straight and flat,One way,Bitumen(Tar),Dry,No influence on accident,Clear,WEST OF CHORD ROAD,Near BMTC 16th Depo,500 mt,0.0,0.0
Bengaluru City,Byatrarayanapura Traffic PS,1.04432e+16,2016,1,2,Road Accidents,Junction,City/Town,Near Petrol Pump,Human Error,Yes,Simple Injury,Hit and Run,Signals (Working),Straight and flat,Two way,Bitumen(Tar),Dry,No influence on accident,Fine,Mysore road KSRTC juction,Near A2B hotel,600 mt,0.0,0.0
Bengaluru City,Byatrarayanapura Traffic PS,1.04432e+16,2016,1,2,Road Accidents,Other,City/Town,Open area,Human Error,Yes,Simple Injury,Hit and Run,Not at  Junction,Straight and flat,One way,Bitumen(Tar),Dry,No influence on accident,Fine,Nagarabhavi ring road,Near Nayandanahalli under pass,2 km,0.0,0.0
Bengaluru City,Byatrarayanapura Traffic PS,1.04432e+16,2016,1,1,Not Applicable,Bridge,City/Town,Near a religious place,Human Error,Yes,Simple Injury,Hit and Run,Give way sign,Curve,One way,Bitumen(Tar),Dry,Not Applicable,Clear,near beereshwara temple,mysore road,500 m,0.0,0.0
Bengaluru City,Byatrarayanapura Traffic PS,1.04432e+16,2016,1,1,Road Accidents,Other,City/Town,Near a factory industrial area,Human Error,Yes,Grievous Injury,Hit pedestrian,Police / Manual,Straight and flat,State Highway,Bitumen(Tar),Dry,No influence on accident,Clear,Mysore road,In front of Feather light company,1 km,0.0,0.0
Bengaluru City,Byatrarayanapura Traffic PS,1.04432e+16,2016,1,1,Road Accidents,Junction,City/Town,Near a religious place,Human Error,Yes,Simple Injury,Hit pedestrian,Give way sign,Hump,Others,Bitumen(Tar),Dry,Not Applicable,Clear,avalahalli temple near,avalahalli 50feet rd,2 km,0.0,0.0
Bengaluru City,Byatrarayanapura Traffic PS,1.04432e+16,2016,1,2,Road Accidents,Narrow road,City/Town,Open area,Human Error,No,Simple Injury,Others,Not at  Junction,Others,City or Town Road,Bitumen(Tar),Dry,Not Applicable,Cloudy,NEAR BANGALORE UNIVARCITY,MYSORE ROAD,1/2 KM,0.0,0.0
Bengaluru City,Byatrarayanapura Traffic PS,1.04432e+16,2016,1,1,Road Accidents,Junction,City/Town,Near Bus stop,Human Error,Yes,Fatal,Hit and Run,Give way sign,Curve,State Highway,Bitumen(Tar),Dry,Drainage Ditch,Clear,"nayandahalli to kengeri , mysore road",opp r r arch gopalan archad mall,3 km,0.0,0.0
Bengaluru City,Byatrarayanapura Traffic PS,1.04432e+16,2016,1,2,Road Accidents,Other,City/Town,Residential area,Human Error,No,Simple Injury,Others,No signal lights,Straight and flat,Two way,Bitumen(Tar),Dry,No influence on accident,Clear,Mysore road,Nayandanahalli,2 km,0.0,0.0
Bengaluru City,Byatrarayanapura Traffic PS,1.04432e+16,2016,1,2,Not Applicable,Other,City/Town,Near Bus stop,Human Error,Yes,Simple Injury,Hit and Run,Controlled,Others,State Highway,Bitumen(Tar),Dry,Not Applicable,Clear,NEAR TOLGATE SING,MYSORE ROAD,2 KM,0.0,0.0
Bengaluru City,Byatrarayanapura Traffic PS,1.04432e+16,2016,1,1,Not Applicable,Cross roads,City/Town,Near Bus stop,Human Error,No,Simple Injury,Head on,Give way sign,Curve,One way,Bitumen(Tar),Dry,Not Applicable,Clear,satalite bus stop,mysore road,500 m,0.0,0.0
Bengaluru City,Byatrarayanapura Traffic PS,1.04432e+16,2016,1,2,Road Accidents,Other,City/Town,Near a religious place,Human Error,No,Simple Injury,Hit pedestrian,Not at  Junction,Straight and flat,Two way,Bitumen(Tar),Dry,No influence on accident,Clear,Mysore road,Muthuraya swamy temple,4km,0.0,0.0
Bengaluru City,Byatrarayanapura Traffic PS,1.04432e+16,2016,1,2,Road Accidents,Other,City/Town,Residential area,Human Error,No,Simple Injury,Side impact or Right angle,Not at  Junction,Straight and flat,Two way,Bitumen(Tar),Dry,No influence on accident,Clear,BDA ring road,Near Gangondanahalli,2 km,0.0,0.0
Bengaluru City,Byatrarayanapura Traffic PS,1.04432e+16,2016,1,2,Road Accidents,Other,City/Town,Near Bus stop,Human Error,No,Fatal,Rear end,Not at  Junction,Straight and flat,State Highway,Bitumen(Tar),Dry,No influence on accident,Clear,Mysore road,Near IOC petrol bank,2 km,0.0,0.0
Bengaluru City,Byatrarayanapura Traffic PS,1.04432e+16,2016,1,1,Road Accidents,Bridge,City/Town,Residential area,Human Error,No,Grievous Injury,Hit fixed object,Not at  Junction,Straight and flat,Two way,Bitumen(Tar),Dry,No influence on accident,Clear,West of chord road,Near Deepanjali railway bridge,1 km,0.0,0.0
Bengaluru City,Byatrarayanapura Traffic PS,1.04432e+16,2016,1,2,Road Accidents,Other,City/Town,Near Bus stop,Human Error,Yes,Simple Injury,Hit and Run,Controlled,Others,Two way,Bitumen(Tar),Dry,Not Applicable,Clear,w/c road to vijayanagar,near tindi mane,1km,0.0,0.0
Bengaluru City,Byatrarayanapura Traffic PS,1.04432e+16,2016,1,1,Rail Road Accidents,Other,City/Town,Near Hospital,Human Error,Yes,Simple Injury,Hit and Run,Not at  Junction,Straight and flat,Two way,Bitumen(Tar),Dry,No influence on accident,Clear,mysore road,Hosakerehalli cross,200 mt,0.0,0.0
Bengaluru City,Byatrarayanapura Traffic PS,1.04432e+16,2016,1,1,Road Accidents,Other,City/Town,Near Bus stop,Human Error,No,Simple Injury,Hit pedestrian,Not at  Junction,Straight and flat,Two way,Bitumen(Tar),Dry,No influence on accident,Clear,Mysore road,pantharapalya Bus stop,2 km,0.0,0.0
Bengaluru City,Byatrarayanapura Traffic PS,1.04432e+16,2016,1,1,Road Accidents,Other,City/Town,Residential area,Human Error,No,Fatal,Hit pedestrian,Not at  Junction,Others,State Highway,Bitumen(Tar),Dry,No influence on accident,Clear,Mysore road,Near Metro Railway stop,2 km,0.0,0.0
Bengaluru City,Byatrarayanapura Traffic PS,1.04432e+16,2016,1,2,Road Accidents,Other,City/Town,Near a religious place,Human Error,No,Grievous Injury,Head on,Not at  Junction,Straight and flat,One way,Bitumen(Tar),Dry,No influence on accident,Clear,Timber yard layout  main road,Near Anjaneya temple,1km,0.0,0.0
Bengaluru City,Byatrarayanapura Traffic PS,1.04432e+16,2016,1,1,Road Accidents,More than four arms,City/Town,Near School or College,Human Error,No,Simple Injury,Hit pedestrian,Not at  Junction,Straight and flat,Two way,Bitumen(Tar),Dry,No influence on accident,Clear,Kalyana nagara main road,Near Baldwin school,3 km,0.0,0.0
Bengaluru City,Byatrarayanapura Traffic PS,1.04432e+16,2016,1,2,Road Accidents,Bridge,City/Town,Narrow bridge or culverts,Human Error,No,Damage Only,Others,Not at  Junction,Others,City or Town Road,Bitumen(Tar),Dry,Construction Work / Material,Clear,HOSAKEREHALLI  BRIDGE,NEAR KOMKO JUNCTION,200 M,0.0,0.0
Bengaluru City,Byatrarayanapura Traffic PS,1.04432e+16,2016,1,2,Road Accidents,Bridge,City/Town,Near Bus stop,Human Error,Yes,Fatal,Hit and Run,Not at  Junction,Straight and flat,Two way,Bitumen(Tar),Dry,No influence on accident,Clear,Nayandanahalli flyover,Near Metro Railway stop,2 kms,0.0,0.0
Bengaluru City,Byatrarayanapura Traffic PS,1.04432e+16,2016,1,2,Road Accidents,Junction,City/Town,Residential area,Human Error,Yes,Damage Only,Hit and Run,Police / Manual,Slight Curve,Two way,Bitumen(Tar),Dry,No influence on accident,Clear,Mudalapalya 1st cross,sanjeevini nagara 3rd cross,3 km,0.0,0.0
Bengaluru City,Byatrarayanapura Traffic PS,1.04432e+16,2016,1,1,Road Accidents,Junction,City/Town,Residential area,Human Error,Yes,Simple Injury,Hit and Run,Signals (Working),Straight and flat,State Highway,Bitumen(Tar),Dry,No influence on accident,Clear,Mysore road near R.R.Junction,Mysore road,4 km,0.0,0.0
Bengaluru City,Byatrarayanapura Traffic PS,1.04432e+16,2016,1,1,Road Accidents,Other,City/Town,Near a religious place,Human Error,No,Simple Injury,Hit pedestrian,Not at  Junction,Others,Others,Bitumen(Tar),Dry,No influence on accident,Others,Kalyani motors showroom,Nayandanahalli rind road Junction,2 km,0.0,0.0
Bengaluru City,Byatrarayanapura Traffic PS,1.04432e+16,2016,1,1,Road Accidents,Other,City/Town,Near Bus stop,Human Error,Yes,Simple Injury,Hit and Run,Not at  Junction,Straight and flat,Two way,Bitumen(Tar),Dry,No influence on accident,Clear,Near 58 th Bus stop,Timber yard layout,1 km,0.0,0.0
Bengaluru City,Byatrarayanapura Traffic PS,1.04432e+16,2016,1,2,Road Accidents,Bridge,City/Town,Narrow bridge or culverts,Human Error,Yes,Simple Injury,Hit and Run,Not at  Junction,Incline,City or Town Road,Bitumen(Tar),Dry,Not Applicable,Clear,Nayandanahalli flyover,kalyani motors,2 km,0.0,0.0
Bengaluru City,Byatrarayanapura Traffic PS,1.04432e+16,2016,1,2,Road Accidents,Other,City/Town,Near a factory industrial area,Human Error,No,Simple Injury,Rear end,Not at  Junction,Straight and flat,Service Road,Bitumen(Tar),Dry,No influence on accident,Clear,Mysore road service road,Opposite Qwality biscket factory,1 km,0.0,0.0
Bengaluru City,Byatrarayanapura Traffic PS,1.04432e+16,2016,1,1,Not Applicable,Other,City/Town,Near Bus stop,Human Error,No,Not Applicable,Rear end,Not at  Junction,Others,Two way,Bitumen(Tar),Dry,Not Applicable,Clear,Mysore road,pantharapalya,2 km,0.0,0.0
Bengaluru City,Byatrarayanapura Traffic PS,1.04432e+16,2016,1,2,Road Accidents,Other,City/Town,Near Bus stop,Human Error,Yes,Fatal,Hit and Run,Not at  Junction,Straight and flat,City or Town Road,Bitumen(Tar),Dry,No influence on accident,Clear,Mysore road,Near A2B hotel,600 mt,0.0,0.0
Bengaluru City,Byatrarayanapura Traffic PS,1.04432e+16,2016,1,2,Road Accidents,Other,City/Town,Near Bus stop,Human Error,Yes,Damage Only,Hit and Run,Not at  Junction,Others,Two way,Bitumen(Tar),Dry,No influence on accident,Clear,Mysore road,nayandanahalli fly over,2 km,0.0,0.0
Bengaluru City,Byatrarayanapura Traffic PS,1.04432e+16,2016,1,2,Road Accidents,Bridge,City/Town,Narrow bridge or culverts,Human Error,No,Simple Injury,Others,Give way sign,Others,One way,Bitumen(Tar),Dry,Not Applicable,Clear,mysore ring road flyover,flyover,2km,0.0,0.0
Bengaluru City,Byatrarayanapura Traffic PS,1.04432e+16,2016,1,2,Road Accidents,Other,City/Town,Near a factory industrial area,Human Error,Yes,Fatal,Hit and Run,Not at  Junction,Straight and flat,Two way,Bitumen(Tar),Dry,No influence on accident,Clear,Mysore road,In front of Feather light  company,1 km,0.0,0.0
Bengaluru City,Byatrarayanapura Traffic PS,1.04432e+16,2016,1,2,Road Accidents,Other,City/Town,Near Bus stop,Human Error,No,Damage Only,Others,Police / Manual,Straight and flat,State Highway,Bitumen(Tar),Dry,No influence on accident,Clear,Mysore road,Near Gopalan mall,3 km,0.0,0.0
Bengaluru City,Byatrarayanapura Traffic PS,1.04432e+16,2016,1,1,Road Accidents,Other,City/Town,Near Petrol Pump,Human Error,Yes,Grievous Injury,Hit and Run,Not at  Junction,Straight and flat,One way,Bitumen(Tar),Dry,No influence on accident,Clear,Banshankari ring road service road,Near petrol bank,2 km,0.0,0.0
Bengaluru City,Byatrarayanapura Traffic PS,1.04432e+16,2016,1,2,Road Accidents,Cross roads,City/Town,Residential area,Human Error,Yes,Simple Injury,Hit and Run,Not at  Junction,Others,Others,Bitumen(Tar),Dry,No influence on accident,Clear,15th main 3rd cross Jyothi nagara,chandra layout,3 km,0.0,0.0
Bengaluru City,Byatrarayanapura Traffic PS,1.04432e+16,2016,1,1,Road Accidents,Narrow road,City/Town,Near Bus stop,Human Error,No,Fatal,Hit pedestrian,Controlled,Others,State Highway,Bitumen(Tar),Dry,No influence on accident,Clear,near satlite busstop,mysore road,500 m,0.0,0.0
Bengaluru City,Byatrarayanapura Traffic PS,1.04432e+16,2016,1,2,Road Accidents,Narrow road,City/Town,Near office complex,Human Error,No,Damage Only,Others,Not at  Junction,Straight and flat,City or Town Road,Bitumen(Tar),Dry,Not Applicable,Fine,CANARA BANK COLONY,NAGARABHAVI MAIN ROAD,150FT,0.0,0.0
Bengaluru City,Byatrarayanapura Traffic PS,1.04432e+16,2016,1,3,Road Accidents,Junction,City/Town,Near Bus stop,Human Error,No,Simple Injury,Right Turn Collision,Signal lights Manual,Others,State Highway,Bitumen(Tar),Dry,No influence on accident,Clear,Mysore road Hosaguddahalli Juction,Near Hosaguddahalli Bus stop,1 km,0.0,0.0
Bengaluru City,Byatrarayanapura Traffic PS,1.04432e+16,2016,1,1,Road Accidents,Other,City/Town,Near a religious place,Human Error,No,Simple Injury,Hit pedestrian,Not at  Junction,Straight and flat,State Highway,Bitumen(Tar),Dry,No influence on accident,Clear,gandanahalli main road,Near Maseedi,3 km,0.0,0.0
Bengaluru City,Byatrarayanapura Traffic PS,1.04432e+16,2016,1,2,Road Accidents,Cross roads,City/Town,Near Bus stop,Human Error,No,Damage Only,Hit fixed object,Controlled,Incline,State Highway,Bitumen(Tar),Dry,Construction Work / Material,Clear,mysore road nayandahalli satlight,nayandahalli,1 km,0.0,0.0
Bengaluru City,Byatrarayanapura Traffic PS,1.04432e+16,2017,1,2,Road Accidents,Other,City/Town,Open area,Human Error,No,Simple Injury,Head on,Not at  Junction,Straight and flat,Two way,Bitumen(Tar),Dry,No influence on accident,Clear,Westof chord road,Opposite Bantas sangha,2 km,0.0,0.0
Bengaluru City,Byatrarayanapura Traffic PS,1.04432e+16,2017,1,2,Road Accidents,Other,City/Town,Open area,Human Error,No,Simple Injury,Others,Not at  Junction,Others,City or Town Road,Bitumen(Tar),Dry,Not Applicable,Fine,Hosaguddadahalli,Opp  Balaji kalayana mantappa,1/2 km,0.0,0.0
Bengaluru City,Byatrarayanapura Traffic PS,1.04432e+16,2017,1,2,Road Accidents,Other,City/Town,Residential area,Human Error,No,Damage Only,Hit parked vehicle,Controlled,Not Applicable,City or Town Road,Bitumen(Tar),Dry,Not Applicable,Clear,bhattaramane hotel opp,nagarabhavi main road,2 km,0.0,0.0
Bengaluru City,Byatrarayanapura Traffic PS,1.04432e+16,2017,1,2,Road Accidents,Cross roads,City/Town,Narrow bridge or culverts,Human Error,No,Simple Injury,Overturning,Controlled,Hump,Others,Bitumen(Tar),Dry,No influence on accident,Clear,gangondanahalli junction,chandhra layout,2,0.0,0.0
Bengaluru City,Byatrarayanapura Traffic PS,1.04432e+16,2017,1,1,Road Accidents,Circle,City/Town,Near office complex,Human Error,Yes,Simple Injury,Hit and Run,Controlled,Incline,Others,Bitumen(Tar),Dry,Not Applicable,Clear,mukalapalya,opp sitharama kalyan mantapa,5 km,0.0,0.0
Bengaluru City,Byatrarayanapura Traffic PS,1.04432e+16,2017,1,2,Road Accidents,Cross roads,City/Town,Near School or College,Human Error,Yes,Simple Injury,Hit and Run,Controlled,Others,Two way,Bitumen(Tar),Dry,No influence on accident,Clear,near jnanabharathi law college,nagarabhavi circul,4 km,0.0,0.0
Bengaluru City,Byatrarayanapura Traffic PS,1.04432e+16,2017,1,1,Road Accidents,Circle,City/Town,Near Bus stop,Human Error,No,Simple Injury,Hit pedestrian,Controlled,Incline,State Highway,Bitumen(Tar),Dry,Not Applicable,Clear,opp fedarlight,MYSORE ROAD,1km,0.0,0.0
Bengaluru City,Byatrarayanapura Traffic PS,1.04432e+16,2017,1,2,Road Accidents,Junction,City/Town,Near Bus stop,Human Error,No,Fatal,Rear end,Signal lights Automatic,Straight and flat,State Highway,Bitumen(Tar),Dry,No influence on accident,Clear,Mysore road,Near KSRTC juction,500 mt,0.0,0.0
Bengaluru City,Byatrarayanapura Traffic PS,1.04432e+16,2017,1,1,Road Accidents,Other,City/Town,Near Bus stop,Human Error,No,Fatal,Hit pedestrian,No signal lights,Straight and flat,Two way,Bitumen(Tar),Dry,No influence on accident,Clear,Mysore road,Near KSRTC out gate,500 mt,0.0,0.0
Bengaluru City,Byatrarayanapura Traffic PS,1.04432e+16,2017,1,2,Road Accidents,Other,City/Town,Open area,Human Error,No,Simple Injury,Head on,Not at  Junction,Straight and flat,Service Road,Bitumen(Tar),Dry,No influence on accident,Clear,Nagarabhavi ring road service road,Nagarabhavi circle,3 km,0.0,0.0
Bengaluru City,Byatrarayanapura Traffic PS,1.04432e+16,2017,1,1,Road Accidents,Other,City/Town,Near Bus stop,Human Error,Yes,Simple Injury,Hit and Run,Not at  Junction,Others,Two way,Bitumen(Tar),Dry,No influence on accident,Clear,Nayandahalli ring road,Maralu lorry stand,2 km,0.0,0.0
Bengaluru City,Byatrarayanapura Traffic PS,1.04432e+16,2017,1,1,Road Accidents,Narrow road,City/Town,Near Bus stop,Human Error,No,Simple Injury,Others,No signal lights,Sharp Curve,City or Town Road,Bitumen(Tar),Dry,No influence on accident,Cloudy,Mysore road,Bus stop,1/2 km,0.0,0.0
Bengaluru City,Byatrarayanapura Traffic PS,1.04432e+16,2017,1,2,Road Accidents,Cross roads,City/Town,Near School or College,Human Error,No,Simple Injury,Overturning,Controlled,Incline,State Highway,Bitumen(Tar),Dry,Not Applicable,Clear,Mysore road Nayandahalli,ioc petrol bunk,2km,0.0,0.0
Bengaluru City,Byatrarayanapura Traffic PS,1.04432e+16,2017,1,2,Road Accidents,Circle,City/Town,Near Bus stop,Human Error,No,Simple Injury,Others,Controlled,Others,Two way,Bitumen(Tar),Dry,Not Applicable,Clear,veerabhandhra nagar nice,nice road,3 km,0.0,0.0
Bengaluru City,Byatrarayanapura Traffic PS,1.04432e+16,2017,1,2,Road Accidents,Circle,City/Town,Near a religious place,Human Error,No,Damage Only,Others,Controlled,Incline,Two way,Bitumen(Tar),Dry,Not Applicable,Clear,chandhra layout circle,chandhra layout,3 km,0.0,0.0
Bengaluru City,Byatrarayanapura Traffic PS,1.04432e+16,2017,1,1,Road Accidents,Circle,City/Town,Near Bus stop,Human Error,No,Simple Injury,Overturning,Controlled,Others,One way,Bitumen(Tar),Dry,Not Applicable,Clear,opp bda park,avalahalli,3 km,0.0,0.0
Bengaluru City,Byatrarayanapura Traffic PS,1.04432e+16,2017,1,1,Road Accidents,Cross roads,City/Town,Near Bus stop,Human Error,No,Simple Injury,Hit pedestrian,Controlled,Others,State Highway,Bitumen(Tar),Dry,No influence on accident,Clear,near metro station,nayandahalli,2,0.0,0.0
Bengaluru City,Byatrarayanapura Traffic PS,1.04432e+16,2017,1,1,Road Accidents,Other,City/Town,Near Bus stop,Human Error,No,Fatal,Hit pedestrian,Controlled,Incline,Two way,Bitumen(Tar),Dry,Not Applicable,Clear,nagarabhavi ring road service road,ring road,5,0.0,0.0
Bengaluru City,Byatrarayanapura Traffic PS,1.04432e+16,2017,1,2,Road Accidents,Circle,City/Town,Near Bus stop,Human Error,No,Simple Injury,Overturning,Controlled,Others,Two way,Bitumen(Tar),Others,Not Applicable,Clear,nayandahalli,near maralu larry stand,2,0.0,0.0
Bengaluru City,Byatrarayanapura Traffic PS,1.04432e+16,2017,1,3,Road Accidents,Circle,City/Town,Near Bus stop,Human Error,Yes,Simple Injury,Overturning,Controlled,Incline,Two way,Bitumen(Tar),Dry,Not Applicable,Clear,deepanjalinagar metro flyover,bhapoojinagar,200,0.0,0.0
Bengaluru City,Byatrarayanapura Traffic PS,1.04432e+16,2017,1,1,Road Accidents,Other,City/Town,Open area,Human Error,Yes,Simple Injury,Hit and Run,Controlled,Others,Two way,Bitumen(Tar),Dry,Not Applicable,Clear,near durgaparameshwari temple,nagarabhavi ring road,4 km,0.0,0.0
Bengaluru City,Byatrarayanapura Traffic PS,1.04432e+16,2017,1,1,Road Accidents,Other,City/Town,Near Bus stop,Human Error,No,Simple Injury,Hit pedestrian,Controlled,Others,State Highway,Bitumen(Tar),Dry,Not Applicable,Clear,opp ksrtc out gate,MYSORE ROAD,1,0.0,0.0
Bengaluru City,Byatrarayanapura Traffic PS,1.04432e+16,2017,1,2,Road Accidents,Circle,City/Town,Near Hospital,Human Error,Yes,Simple Injury,Hit and Run,Police / Manual,Others,City or Town Road,Bitumen(Tar),Dry,No influence on accident,Clear,Nagarabhavi circle,Near Nagarabhavi circle,3 km,0.0,0.0
Bengaluru City,Byatrarayanapura Traffic PS,1.04432e+16,2017,1,2,Road Accidents,Other,City/Town,Near Bus stop,Human Error,Yes,Simple Injury,Hit and Run,Not at  Junction,Straight and flat,Service Road,Bitumen(Tar),Dry,Engineering Defect of Road,Clear,Nagarabhavi ring road,Near Hightech Hospital,2 km,0.0,0.0
Bengaluru City,Byatrarayanapura Traffic PS,1.04432e+16,2017,1,2,Road Accidents,Junction,City/Town,Near Bus stop,Human Error,No,Simple Injury,Side swipe,Police / Manual,Straight and flat,Two way,Bitumen(Tar),Dry,No influence on accident,Clear,Mysore road,Near Feathar light company,1 km,0.0,0.0
Bengaluru City,Byatrarayanapura Traffic PS,1.04432e+16,2017,1,1,Road Accidents,Other,City/Town,Near Bus stop,Human Error,Yes,Simple Injury,Hit pedestrian,Not at  Junction,Straight and flat,Two way,Bitumen(Tar),Dry,No influence on accident,Fine,Nagarabhavi main road,Bairaveswara nagara bus stop,4 km,0.0,0.0
Bengaluru City,Byatrarayanapura Traffic PS,1.04432e+16,2017,1,2,Road Accidents,Junction,City/Town,Near Bus stop,Human Error,Yes,Simple Injury,Hit and Run,Controlled,Incline,State Highway,Bitumen(Tar),Dry,Not Applicable,Clear,near gopalan arcade r r nagara,bangalore city,4 km,0.0,0.0
Bengaluru City,Byatrarayanapura Traffic PS,1.04432e+16,2017,1,1,Road Accidents,Cross roads,City/Town,Near Bus stop,Human Error,No,Fatal,Hit pedestrian,Controlled,Others,Two way,Bitumen(Tar),Dry,Not Applicable,Others,nayandahalli metro station opp,mysore road,2km,0.0,0.0