DISTRICTNAME,UNITNAME,Crime_No,Year,RI,Noofvehicle_involved,Accident_Classification,Accident_Spot,Accident_Location,Accident_SubLocation,Main_Cause,Hit_Run,Severity,Collision_Type,Junction_Control,Road_Character,Road_Type,Surface_Type,Surface_Condition,Road_Condition,Weather,Accident_Road,Landmark_first,Distance_LandMark_First,Latitude,Longitude
Bengaluru City,Byatrarayanapura Traffic PS,1.04432e+16,2017,1,2,Road Accidents,Cross roads,City/Town,Near Hospital,Human Error,No,Simple Injury,Overturning,Controlled,Others,Two way,Bitumen(Tar),Dry,Not Applicable,Clear,chandhra layout AM hospital cross near,nagarabhavi main road,3 km,0.0,0.0
Bengaluru City,Byatrarayanapura Traffic PS,1.04432e+16,2017,1,1,Road Accidents,Cross roads,City/Town,Near Bus stop,Human Error,Yes,Simple Injury,Hit and Run,Controlled,Incline,Others,Bitumen(Tar),Dry,Not Applicable,Clear,chandhra badavane,near vijaya bank,3,0.0,0.0
Bengaluru City,Byatrarayanapura Traffic PS,1.04432e+16,2017,1,2,Road Accidents,Junction,City/Town,Near Bus stop,Human Error,No,Fatal,Overturning,Controlled,Straight and flat,Two way,Bitumen(Tar),Dry,Not Applicable,Clear,mysore road,kimko junction,500 m,0.0,0.0
Bengaluru City,Byatrarayanapura Traffic PS,1.04432e+16,2017,1,2,Road Accidents,Cross roads,City/Town,Near Bus stop,Human Error,No,Simple Injury,Overturning,Controlled,Others,Others,Bitumen(Tar),Dry,Not Applicable,Clear,KALYAN NAGAR,OPP DHARSHAN BAR,5,0.0,0.0
Bengaluru City,Byatrarayanapura Traffic PS,1.04432e+16,2017,1,2,Road Accidents,Cross roads,City/Town,Near School or College,Human Error,Yes,Simple Injury,Hit and Run,Controlled,Incline,Others,Bitumen(Tar),Dry,Not Applicable,Clear,siddhaganga school opp,chandhra layout,4,0.0,0.0
Bengaluru City,Byatrarayanapura Traffic PS,1.04432e+16,2017,1,2,Road Accidents,Cross roads,City/Town,Open area,Human Error,No,Simple Injury,Others,Controlled,Incline,Two way,Bitumen(Tar),Dry,Not Applicable,Clear,"near ashvini bar, nayandahalli",MYSORE ROAD,1km,0.0,0.0
Bengaluru City,Byatrarayanapura Traffic PS,1.04432e+16,2017,1,1,Road Accidents,Junction,City/Town,Near Bus stop,Human Error,No,Damage Only,Others,Controlled,Others,State Highway,Bitumen(Tar),Dry,Not Applicable,Clear,nice company tole,nayandahalli,1 km,0.0,0.0
Bengaluru City,Byatrarayanapura Traffic PS,1.04432e+16,2017,1,1,Road Accidents,Cross roads,City/Town,Near Bus stop,Human Error,No,Simple Injury,Hit pedestrian,Controlled,Curve and Incline,Two way,Bitumen(Tar),Dry,Not Applicable,Clear,"Kalyana nagara main road ,6th cross",kalyanagara,5km,0.0,0.0
Bengaluru City,Byatrarayanapura Traffic PS,1.04432e+16,2017,1,2,Road Accidents,Circle,City/Town,Near Bus stop,Human Error,Yes,Simple Injury,Hit and Run,Not at  Junction,Others,Two way,Bitumen(Tar),Dry,Not Applicable,Clear,"80 feet road, chandhra layout",vinayaka hospital,4 k,0.0,0.0
Bengaluru City,Byatrarayanapura Traffic PS,1.04432e+16,2017,1,1,Road Accidents,Circle,City/Town,Near a religious place,Human Error,Yes,Simple Injury,Hit and Run,Controlled,Incline,Others,Bitumen(Tar),Dry,No influence on accident,Clear,nagarabhavi ring road suvarna layout,kailasanath temple,3,0.0,0.0
Bengaluru City,Byatrarayanapura Traffic PS,1.04432e+16,2017,1,2,Road Accidents,Circle,City/Town,In bazaar,Human Error,Yes,Simple Injury,Hit and Run,Controlled,Others,Others,Bitumen(Tar),Dry,Not Applicable,Clear,near balaji silk house,chandhra layout,3,0.0,0.0
Bengaluru City,Byatrarayanapura Traffic PS,1.04432e+16,2017,1,1,Road Accidents,Cross roads,City/Town,Near Hospital,Human Error,Yes,Fatal,Hit pedestrian,Controlled,Others,Two way,Bitumen(Tar),Dry,Not Applicable,Clear,opp varsiddhivinayaka temple,disoza busstop,2,0.0,0.0
Bengaluru City,Byatrarayanapura Traffic PS,1.04432e+16,2017,1,1,Road Accidents,Circle,City/Town,Near Bus stop,Human Error,Yes,Simple Injury,Hit pedestrian,Not at  Junction,Incline,State Highway,Bitumen(Tar),Dry,Not Applicable,Clear,opp giriyas show room,MYSORE ROAD,500M,0.0,0.0
Bengaluru City,Byatrarayanapura Traffic PS,1.04432e+16,2017,1,7,Road Accidents,Cross roads,City/Town,Near School or College,Human Error,No,Damage Only,Hit parked vehicle,Controlled,Incline,Not Applicable,Bitumen(Tar),Dry,Not Applicable,Clear,siddaganga school near,CHANDHRA  LAYOUT,2KM,0.0,0.0
Bengaluru City,Byatrarayanapura Traffic PS,1.04432e+16,2017,1,2,Road Accidents,Cross roads,City/Town,Near Bus stop,Human Error,No,Damage Only,Overturning,Controlled,Others,Two way,Bitumen(Tar),Dry,Not Applicable,Clear,nice road tole,nayandahalli,2 km,0.0,0.0
Bengaluru City,Byatrarayanapura Traffic PS,1.04432e+16,2017,1,2,Road Accidents,Circle,City/Town,In bazaar,Human Error,No,Simple Injury,Overturning,Controlled,Incline,Two way,Bitumen(Tar),Dry,Not Applicable,Clear,opp bhagya lakshmi floremill opp,MYSORE ROAD,1KM,0.0,0.0
Bengaluru City,Byatrarayanapura Traffic PS,1.04432e+16,2017,1,1,Road Accidents,Circle,City/Town,In bazaar,Human Error,No,Simple Injury,Hit pedestrian,Controlled,Others,Two way,Bitumen(Tar),Dry,Not Applicable,Clear,mysore road,opp bhagya lakshmi flowemill,1KM,0.0,0.0
Bengaluru City,Byatrarayanapura Traffic PS,1.04432e+16,2017,1,2,Not Applicable,Cross roads,City/Town,Near Bus stop,Human Error,Yes,Simple Injury,Hit and Run,Controlled,Incline,Two way,Bitumen(Tar),Dry,Not Applicable,Clear,nagarabhavi ring road service road,near indira canteen,3,0.0,0.0
Bengaluru City,Byatrarayanapura Traffic PS,1.04432e+16,2017,1,1,Road Accidents,Cross roads,City/Town,Open area,Human Error,Yes,Grievous Injury,Hit and Run,Controlled,Others,Two way,Bitumen(Tar),Dry,Not Applicable,Clear,"opp indira kanteen, ITI park",nagarabhavi nayandahalli service road,2k,0.0,0.0
Bengaluru City,Byatrarayanapura Traffic PS,1.04432e+16,2017,1,2,Road Accidents,Cross roads,City/Town,Near Bus stop,Human Error,No,Simple Injury,Overturning,Controlled,Incline,State Highway,Bitumen(Tar),Dry,Not Applicable,Clear,opp bhel gate,MYSORE ROAD,1 km,0.0,0.0
Bengaluru City,Byatrarayanapura Traffic PS,1.04432e+16,2017,1,2,Road Accidents,Other,City/Town,Near Bus stop,Human Error,Yes,Fatal,Hit and Run,Not at  Junction,Straight and flat,One way,Bitumen(Tar),Dry,No influence on accident,Clear,Erannagudde road,opposite SRs garege,4 km,0.0,0.0
Bengaluru City,Byatrarayanapura Traffic PS,1.04432e+16,2017,1,2,Road Accidents,Other,City/Town,Near Bus stop,Human Error,No,Damage Only,Others,Not at  Junction,Straight and flat,Two way,Bitumen(Tar),Dry,No influence on accident,Clear,Mysore road,satelight KSRTC bus stop,500 mt,0.0,0.0
Bengaluru City,Byatrarayanapura Traffic PS,1.04432e+16,2017,1,2,Road Accidents,Junction,City/Town,Near office complex,Human Error,No,Simple Injury,Head on,Police / Manual,Straight and flat,Two way,Bitumen(Tar),Dry,No influence on accident,Clear,nagarabhavi main road,near bhattaramane hotel,4 km,0.0,0.0
Bengaluru City,Byatrarayanapura Traffic PS,1.04432e+16,2017,1,1,Road Accidents,Other,City/Town,Residential area,Human Error,No,Simple Injury,Hit pedestrian,Not at  Junction,Crest of hill,Others,Bitumen(Tar),Dry,No influence on accident,Clear,Mysore road Opposite Giriyas showroom,Near Giriyas showroom,1 km,0.0,0.0
Bengaluru City,Byatrarayanapura Traffic PS,1.04432e+16,2017,1,2,Road Accidents,Junction,City/Town,Near Bus stop,Human Error,Yes,Simple Injury,Hit and Run,Controlled,Curve,State Highway,Bitumen(Tar),Dry,Not Applicable,Clear,nayandahalli BUS STOP,mysore road,2KM,0.0,0.0
Bengaluru City,Byatrarayanapura Traffic PS,1.04432e+16,2017,1,2,Road Accidents,Cross roads,City/Town,Near Bus stop,Human Error,Yes,Simple Injury,Others,Controlled,Others,One way,Bitumen(Tar),Dry,Not Applicable,Clear,"woc road, bantara sanga",near bants sangha u turn,2 KM,0.0,0.0
Bengaluru City,Byatrarayanapura Traffic PS,1.04432e+16,2017,1,1,Road Accidents,Other,City/Town,At pedestrian Crossing,Human Error,No,Simple Injury,Hit pedestrian,Controlled,Others,Others,Bitumen(Tar),Dry,Not Applicable,Clear,shabina steel near,mysore road,1 km,0.0,0.0
Bengaluru City,Byatrarayanapura Traffic PS,1.04432e+16,2017,1,1,Road Accidents,Junction,City/Town,Near Bus stop,Human Error,Yes,Simple Injury,Hit pedestrian,Controlled,Others,Two way,Bitumen(Tar),Dry,Not Applicable,Clear,opp metro station,nayandahalli,2,0.0,0.0
Bengaluru City,Byatrarayanapura Traffic PS,1.04432e+16,2017,1,2,Road Accidents,Circle,City/Town,Near Bus stop,Human Error,Yes,Damage Only,Hit and Run,Controlled,Curve,City or Town Road,Bitumen(Tar),Dry,Not Applicable,Clear,nagarabhavi ring road service road,opp shiva temple,1KM,0.0,0.0
Bengaluru City,Byatrarayanapura Traffic PS,1.04432e+16,2017,1,1,Road Accidents,Y Junction,City/Town,Near Bus stop,Human Error,No,Fatal,Hit pedestrian,No signal lights,Slight Curve,One way,Bitumen(Tar),Dry,No influence on accident,Clear,Deepanjali nagara bridge,Near gali Anjaneya temple,300 mt,0.0,0.0
Bengaluru City,Byatrarayanapura Traffic PS,1.04432e+16,2017,1,2,Road Accidents,Other,City/Town,Near Petrol Pump,Human Error,No,Simple Injury,Rear end,Not at  Junction,Straight and flat,City or Town Road,Bitumen(Tar),Dry,Engineering Defect of Road,Clear,West of chord,Near Bantara sangha,2 km,0.0,0.0
Bengaluru City,Byatrarayanapura Traffic PS,1.04432e+16,2017,1,1,Road Accidents,Circle,City/Town,Near Bus stop,Human Error,No,Simple Injury,Hit pedestrian,Not at  Junction,Others,Two way,Bitumen(Tar),Dry,Not Applicable,Clear,Banashankari ring road,near maralu larry stand,4KM,0.0,0.0
Bengaluru City,Byatrarayanapura Traffic PS,1.04432e+16,2017,1,2,Road Accidents,Narrow road,City/Town,Near Bus stop,Human Error,Yes,Simple Injury,Hit and Run,Controlled,Others,Two way,Bitumen(Tar),Dry,No influence on accident,Clear,nagarabhavi ring rosd service road,nagarabhavi,5,0.0,0.0
Bengaluru City,Byatrarayanapura Traffic PS,1.04432e+16,2017,1,3,Road Accidents,Other,City/Town,Near Petrol Pump,Human Error,No,Damage Only,Hit parked vehicle,Controlled,Incline,Two way,Bitumen(Tar),Dry,Not Applicable,Clear,ioc petrol bunk,nayandahalli,2,0.0,0.0
Bengaluru City,Byatrarayanapura Traffic PS,1.04432e+16,2017,1,2,Road Accidents,Circle,City/Town,Near Petrol Pump,Human Error,Yes,Simple Injury,Hit and Run,Controlled,Incline,Others,Bitumen(Tar),Dry,Not Applicable,Clear,nagarabhavi ring road service road,near petrol bunk,5,0.0,0.0
Bengaluru City,Byatrarayanapura Traffic PS,1.04432e+16,2017,1,1,Not Applicable,Junction,City/Town,Near Bus stop,Human Error,Yes,Simple Injury,Hit and Run,Controlled,Incline,Two way,Bitumen(Tar),Dry,Not Applicable,Clear,mysore road,kimko junction,1,0.0,0.0
Bengaluru City,Byatrarayanapura Traffic PS,1.04432e+16,2017,1,2,Road Accidents,Cross roads,City/Town,Near a factory industrial area,Human Error,Yes,Simple Injury,Hit and Run,Controlled,Incline,State Highway,Bitumen(Tar),Dry,Not Applicable,Clear,mysore road,OPP BHEL FACTORY,500M,0.0,0.0
Bengaluru City,Byatrarayanapura Traffic PS,1.04432e+16,2017,1,1,Road Accidents,Cross roads,City/Town,Residential area,Human Error,Yes,Simple Injury,Hit pedestrian,Controlled,Incline,Residential Street,Bitumen(Tar),Dry,Not Applicable,Clear,chandhra layout,balaji silk house junction,4,0.0,0.0
Bengaluru City,Byatrarayanapura Traffic PS,1.04432e+16,2017,1,2,Road Accidents,Circle,City/Town,Near Hospital,Human Error,Yes,Simple Injury,Hit and Run,Give way sign,Others,Two way,Bitumen(Tar),Dry,Not Applicable,Clear,opp A M hospital,chandhra layout,2,0.0,0.0
Bengaluru City,Byatrarayanapura Traffic PS,1.04432e+16,2017,1,2,Road Accidents,Narrow road,Not Applicable,Near Bus stop,Human Error,No,Simple Injury,Overturning,Controlled,Incline,Two way,Bitumen(Tar),Dry,Not Applicable,Clear,opp mahendra show room,BHEL,1 km,0.0,0.0
Bengaluru City,Byatrarayanapura Traffic PS,1.04432e+16,2017,1,1,Road Accidents,Junction,City/Town,Near Bus stop,Human Error,Yes,Fatal,Hit and Run,Controlled,Incline,State Highway,Bitumen(Tar),Dry,Not Applicable,Clear,"opp gana marbel , near satlight bus stop",MYSORE ROAD,500M,0.0,0.0
Bengaluru City,Byatrarayanapura Traffic PS,1.04432e+16,2017,1,2,Road Accidents,Other,City/Town,Residential area,Human Error,No,Damage Only,Hit parked vehicle,Controlled,Others,Residential Street,Bitumen(Tar),Dry,Not Applicable,Clear,telecom layout near no.94 house,mysore road,1 km,0.0,0.0
Bengaluru City,Byatrarayanapura Traffic PS,1.04432e+16,2017,1,1,Road Accidents,Circle,City/Town,Near a religious place,Human Error,No,Simple Injury,Hit pedestrian,Controlled,Others,Two way,Bitumen(Tar),Dry,Not Applicable,Clear,Chandra layout ganesha temple near,vijayanagar main road,4 km,0.0,0.0
Bengaluru City,Byatrarayanapura Traffic PS,1.04432e+16,2017,1,2,Road Accidents,Bridge,City/Town,Open area,Human Error,Yes,Simple Injury,Hit and Run,Controlled,Others,Two way,Bitumen(Tar),Dry,Not Applicable,Clear,nayandahalli main road,NEAR FLYOVER,2km,0.0,0.0
Bengaluru City,Byatrarayanapura Traffic PS,1.04432e+16,2017,1,2,Road Accidents,Junction,City/Town,Near Bus stop,Human Error,No,Simple Injury,Overturning,Controlled,Incline,Two way,Bitumen(Tar),Dry,Not Applicable,Clear,mileyo bar,mudalapalya main road,4,0.0,0.0
Bengaluru City,Byatrarayanapura Traffic PS,1.04432e+16,2017,1,2,Road Accidents,Circle,City/Town,Near Bus stop,Human Error,No,Simple Injury,Overturning,Controlled,Others,Two way,Bitumen(Tar),Dry,Not Applicable,Clear,nayandahalli ring road nice road,pramoda layout,2 km,0.0,0.0
Bengaluru City,Byatrarayanapura Traffic PS,1.04432e+16,2017,1,2,Road Accidents,Other,City/Town,Residential area,Human Error,Yes,Fatal,Hit and Run,Controlled,Others,Residential Street,Bitumen(Tar),Dry,Not Applicable,Clear,nagarabhavi main road,milaniyam bar,4 km,0.0,0.0
Bengaluru City,Byatrarayanapura Traffic PS,1.04432e+16,2017,1,1,Road Accidents,Circle,City/Town,Near Bus stop,Human Error,No,Simple Injury,Hit pedestrian,Controlled,Others,Two way,Bitumen(Tar),Dry,Not Applicable,Clear,"opp milk dairy, 3rd cross,",avalahalli,2,0.0,0.0
Bengaluru City,Byatrarayanapura Traffic PS,1.04432e+16,2017,1,2,Road Accidents,Circle,City/Town,Near a religious place,Human Error,Yes,Simple Injury,Hit and Run,Controlled,Incline,Others,Bitumen(Tar),Dry,Not Applicable,Clear,ganapathi circul,chandhra layout,4,0.0,0.0
Bengaluru City,Byatrarayanapura Traffic PS,1.04432e+16,2017,1,2,Road Accidents,Cross roads,City/Town,Near a religious place,Human Error,No,Damage Only,Overturning,Controlled,Incline,State Highway,Bitumen(Tar),Dry,No influence on accident,Clear,opp galianjaneyaswamy temple,MYSORE ROAD,100m,0.0,0.0
Bengaluru City,Byatrarayanapura Traffic PS,1.04432e+16,2017,1,2,Road Accidents,Other,City/Town,Near Bus stop,Human Error,No,Damage Only,Hit fixed object,Not at  Junction,Others,Others,Bitumen(Tar),Dry,No influence on accident,Clear,Mysore road,KSRTC satelight bus stop,500 mt,0.0,0.0
Bengaluru City,Byatrarayanapura Traffic PS,1.04432e+16,2017,1,2,Road Accidents,Junction,City/Town,Near Bus stop,Human Error,No,Damage Only,Rear end,Police / Manual,Straight and flat,State Highway,Bitumen(Tar),Dry,No influence on accident,Clear,Mysore road,Near R R Arch,3 km,0.0,0.0
Bengaluru City,Byatrarayanapura Traffic PS,1.04432e+16,2017,1,1,Not Applicable,Not Applicable,City/Town,Near Bus stop,Human Error,Yes,Simple Injury,Hit pedestrian,Controlled,Curve,State Highway,Bitumen(Tar),Dry,Not Applicable,Fine,Nayandanahalli ring road junction,Nayandanahalli ring road junction,2km,0.0,0.0
Bengaluru City,Byatrarayanapura Traffic PS,1.04432e+16,2017,1,2,Not Applicable,Other,City/Town,Open area,Human Error,Yes,Simple Injury,Hit and Run,No signal lights,Hump,Others,Bitumen(Tar),Dry,Not Applicable,Clear,avalahalli 50 feet rd,hosakerehalli junction,1 km,0.0,0.0
Bengaluru City,Byatrarayanapura Traffic PS,1.04432e+16,2017,1,2,Road Accidents,Curves,City/Town,Near a religious place,Human Error,Yes,Simple Injury,Hit and Run,Controlled,Curve,State Highway,Bitumen(Tar),Dry,Not Applicable,Clear,nagarabhavi ring road,kashinath temple opp,2KM,0.0,0.0
Bengaluru City,Byatrarayanapura Traffic PS,1.04432e+16,2017,1,1,Road Accidents,Cross roads,City/Town,Near Bus stop,Human Error,No,Simple Injury,Hit pedestrian,Controlled,Others,Two way,Bitumen(Tar),Dry,Not Applicable,Clear,nagarabhavi main ring road,near durgaparameshwari temple,3 km,0.0,0.0
Bengaluru City,Byatrarayanapura Traffic PS,1.04432e+16,2017,1,1,Road Accidents,Circle,City/Town,Near Bus stop,Human Error,Yes,Simple Injury,Hit pedestrian,Controlled,Others,Two way,Bitumen(Tar),Dry,Not Applicable,Clear,50 feet road avalahalli,near bda bus stop,2 km,0.0,0.0
Bengaluru City,Byatrarayanapura Traffic PS,1.04432e+16,2017,1,2,Road Accidents,Circle,City/Town,Open area,Human Error,No,Simple Injury,Hit bicyclist,Controlled,Others,Two way,Bitumen(Tar),Dry,No influence on accident,Clear,vidhyasagar layout,nayandahalli ring road service road,5,0.0,0.0
Bengaluru City,Byatrarayanapura Traffic PS,1.04432e+16,2017,1,2,Road Accidents,Circle,City/Town,Near Bus stop,Road Environment Defect,Yes,Simple Injury,Hit and Run,Controlled,Incline,Two way,Bitumen(Tar),Ditch or Potholed,Pot holed,Clear,BHEL SHELL PETROL BUNK,MYSORE ROAD,1KM,0.0,0.0
Bengaluru City,Byatrarayanapura Traffic PS,1.04432e+16,2017,1,2,Road Accidents,Y Junction,City/Town,In bazaar,Human Error,No,Simple Injury,Right Turn Collision,No signal lights,Incline,Two way,Bitumen(Tar),Dry,Not Applicable,Clear,OPP BHATTARA MANE,NAGARABHAVI MAIN ROAD,5,0.0,0.0
Bengaluru City,Byatrarayanapura Traffic PS,1.04432e+16,2017,1,2,Road Accidents,Other,City/Town,Near Bus stop,Human Error,No,Damage Only,Hit parked vehicle,Controlled,Others,Two way,Bitumen(Tar),Dry,Not Applicable,Clear,veerabhadhra singnal,nayandahalli,3,0.0,0.0
Bengaluru City,Byatrarayanapura Traffic PS,1.04432e+16,2017,1,1,Road Accidents,Other,City/Town,Near Bus stop,Human Error,No,Fatal,Hit pedestrian,Not at  Junction,Straight and flat,One way,Bitumen(Tar),Dry,Engineering Defect of Road,Clear,Mysore road,Near Kimco juction,500 mt,0.0,0.0
Bengaluru City,Byatrarayanapura Traffic PS,1.04432e+16,2017,1,1,Road Accidents,Other,City/Town,Near a religious place,Human Error,No,Fatal,Hit pedestrian,Not at  Junction,Straight and flat,Two way,Bitumen(Tar),Dry,No influence on accident,Clear,Nagarabhavi ring road,Near Durgaparameswari temple,4 km,0.0,0.0
Bengaluru City,Byatrarayanapura Traffic PS,1.04432e+16,2017,1,1,Road Accidents,Other,City/Town,Open area,Human Error,No,Simple Injury,Hit pedestrian,Not at  Junction,Straight and flat,Two way,Bitumen(Tar),Dry,No influence on accident,Clear,Mysore road Near Corporation bank,Near Corporation,2 km,0.0,0.0
Bengaluru City,Byatrarayanapura Traffic PS,1.04432e+16,2017,1,1,Not Applicable,Junction,City/Town,Near Bus stop,Human Error,No,Simple Injury,Hit pedestrian,Controlled,Others,State Highway,Bitumen(Tar),Dry,Not Applicable,Clear,NAYANDAHALLI RING JUNCTIO,near busstop,1 km,0.0,0.0
Bengaluru City,Byatrarayanapura Traffic PS,1.04432e+16,2017,1,2,Road Accidents,Junction,City/Town,Near Bus stop,Human Error,No,Simple Injury,Overturning,Controlled,Others,Two way,Bitumen(Tar),Dry,Not Applicable,Clear,banashankari maralu larry stand,ring road,2 KM,0.0,0.0
Bengaluru City,Byatrarayanapura Traffic PS,1.04432e+16,2017,1,2,Road Accidents,Junction,City/Town,Near Bus stop,Human Error,Yes,Damage Only,Hit and Run,Controlled,Others,Two way,Bitumen(Tar),Dry,Not Applicable,Clear,nayandahalli junction,mysore road,2 km,0.0,0.0
Bengaluru City,Byatrarayanapura Traffic PS,1.04432e+16,2017,1,2,Road Accidents,Other,City/Town,Near Bus stop,Human Error,No,Simple Injury,Hit pedestrian,Controlled,Others,Two way,Bitumen(Tar),Dry,Not Applicable,Clear,mysore road,nayandahalli bus stop,3,0.0,0.0
Bengaluru City,Byatrarayanapura Traffic PS,1.04432e+16,2017,1,1,Road Accidents,Circle,City/Town,Near Bus stop,Human Error,No,Damage Only,Others,Controlled,Others,Two way,Bitumen(Tar),Dry,Not Applicable,Clear,suvarna layout,nagarabhavi ring road,4 km,0.0,0.0
Bengaluru City,Byatrarayanapura Traffic PS,1.04432e+16,2017,1,2,Road Accidents,Cross roads,City/Town,Open area,Human Error,No,Damage Only,Others,Controlled,Incline,Two way,Bitumen(Tar),Dry,Not Applicable,Clear,chennappaji chiken farm,nayandahalli,2,0.0,0.0
Bengaluru City,Byatrarayanapura Traffic PS,1.04432e+16,2017,1,1,Road Accidents,Bridge,City/Town,Near Bus stop,Human Error,Yes,Fatal,Hit pedestrian,Controlled,Others,Two way,Bitumen(Tar),Dry,No influence on accident,Clear,nayandahalli flyover,nayandahalli,2,0.0,0.0
Bengaluru City,Byatrarayanapura Traffic PS,1.04432e+16,2017,1,1,Road Accidents,Junction,City/Town,Near Bus stop,Human Error,Yes,Simple Injury,Hit pedestrian,Controlled,Others,Two way,Bitumen(Tar),Dry,Not Applicable,Clear,near r r arch,MYSORE ROAD,3,0.0,0.0
Bengaluru City,Byatrarayanapura Traffic PS,1.04432e+16,2017,1,2,Road Accidents,Circle,City/Town,Near Bus stop,Human Error,No,Simple Injury,Overturning,Controlled,Others,Two way,Bitumen(Tar),Dry,Not Applicable,Clear,veerabhadhra singnal,like pg boys hostel,4,0.0,0.0
Bengaluru City,Byatrarayanapura Traffic PS,1.04432e+16,2017,1,1,Road Accidents,Other,City/Town,Near a recreation place/cinema,Human Error,Yes,Simple Injury,Hit pedestrian,Not at  Junction,Straight and flat,Two way,Bitumen(Tar),Dry,No influence on accident,Clear,Shamanna garden main road,Near Shobha takies,1 km,0.0,0.0
Bengaluru City,Byatrarayanapura Traffic PS,1.04432e+16,2017,1,2,Road Accidents,Other,City/Town,Near Petrol Pump,Human Error,Yes,Simple Injury,Hit and Run,Not at  Junction,Steep Incline or Climb,Two way,Bitumen(Tar),Dry,No influence on accident,Clear,Mysore road Nandanahalli,Near IOC petrol bank,2 km,0.0,0.0
Bengaluru City,Byatrarayanapura Traffic PS,1.04432e+16,2017,1,1,Road Accidents,Other,City/Town,Near a factory industrial area,Human Error,Yes,Simple Injury,Hit pedestrian,Not at  Junction,Curve,State Highway,Bitumen(Tar),Dry,No influence on accident,Clear,Mysore eroad,Near BHEL factory,1 km,0.0,0.0
Bengaluru City,Byatrarayanapura Traffic PS,1.04432e+16,2017,1,1,Not Applicable,Cross roads,City/Town,Near Bus stop,Human Error,Yes,Simple Injury,Hit and Run,Not Applicable,Others,Others,Not Applicable,Not Applicable,Not Applicable,Fine,timber yard layout,timber yard layout,1km,0.0,0.0
Bengaluru City,Byatrarayanapura Traffic PS,1.04432e+16,2017,1,1,Road Accidents,Other,City/Town,Near Bus stop,Human Error,No,Simple Injury,Not Applicable,Controlled,Others,Two way,Bitumen(Tar),Dry,Not Applicable,Clear,hosaguddadhahalli junction,bwssb mysore road,1 km,0.0,0.0
Bengaluru City,Byatrarayanapura Traffic PS,1.04432e+16,2017,1,2,Road Accidents,Junction,City/Town,Near Bus stop,Human Error,No,Damage Only,Others,Controlled,Others,Two way,Bitumen(Tar),Dry,Not Applicable,Clear,mysore road,R R ARCH,4km,0.0,0.0
Bengaluru City,Byatrarayanapura Traffic PS,1.04432e+16,2017,1,2,Road Accidents,Cross roads,City/Town,Near Bus stop,Human Error,No,Fatal,Overturning,Controlled,Others,Others,Bitumen(Tar),Dry,Not Applicable,Clear,woc road,near 14th main,2,0.0,0.0
Bengaluru City,Byatrarayanapura Traffic PS,1.04432e+16,2017,1,7,Road Accidents,Curves,City/Town,Near a religious place,Human Error,No,Simple Injury,Drowned,Controlled,Slight Curve,Two way,Bitumen(Tar),Dry,No influence on accident,Clear,bairaveshwari nagar 4th main road,house no 27,4,0.0,0.0
Bengaluru City,Byatrarayanapura Traffic PS,1.04432e+16,2017,1,1,Road Accidents,Bridge,City/Town,Near Bus stop,Human Error,No,Damage Only,Hit fixed object,Controlled,Others,State Highway,Bitumen(Tar),Dry,Not Applicable,Clear,nayandahalli ring road,rushabhavathi bridge,1.5,0.0,0.0
Bengaluru City,Byatrarayanapura Traffic PS,1.04432e+16,2017,1,1,Road Accidents,Other,City/Town,Residential area,Human Error,Yes,Simple Injury,Hit and Run,No signal lights,Others,Residential Street,Bitumen(Tar),Dry,No influence on accident,Clear,near geetha ashram,bhapoojinagar,1,0.0,0.0
Bengaluru City,Byatrarayanapura Traffic PS,1.04432e+16,2017,1,1,Road Accidents,Bridge,City/Town,Residential area,Human Error,Yes,Simple Injury,Hit pedestrian,Controlled,Incline,Two way,Bitumen(Tar),Dry,Not Applicable,Clear,deepanjalinagar metro flyover,deepanjalinagar,1,0.0,0.0
Bengaluru City,Byatrarayanapura Traffic PS,1.04432e+16,2017,1,1,Road Accidents,Other,City/Town,Residential area,Human Error,No,Simple Injury,Hit pedestrian,Controlled,Others,Two way,Bitumen(Tar),Dry,Not Applicable,Clear,4th main opp aiyappa temple,bhapoojinagar,500M,0.0,0.0
Bengaluru City,Byatrarayanapura Traffic PS,1.04432e+16,2017,1,2,Road Accidents,Other,City/Town,Near Bus stop,Human Error,Yes,Simple Injury,Hit and Run,Controlled,Incline,State Highway,Bitumen(Tar),Dry,Not Applicable,Clear,near bangalore water supply junction,MYSORE ROAD,1 km,0.0,0.0
Bengaluru City,Byatrarayanapura Traffic PS,1.04432e+16,2017,1,2,Road Accidents,Other,City/Town,Near Bus stop,Human Error,Yes,Simple Injury,Hit and Run,Not at  Junction,Straight and flat,City or Town Road,Bitumen(Tar),Dry,Engineering Defect of Road,Clear,Banashankari ring road,Near Nayandanahalli maralu lorry stand,2 km,0.0,0.0
Bengaluru City,Byatrarayanapura Traffic PS,1.04432e+16,2017,1,1,Road Accidents,Junction,City/Town,Open area,Human Error,No,Simple Injury,Hit pedestrian,Police / Manual,Straight and flat,City or Town Road,Bitumen(Tar),Dry,No influence on accident,Clear,Nagarabhavi ring road,Near Suvarna layout juction,2km,0.0,0.0