DISTRICTNAME,UNITNAME,Crime_No,Year,RI,Noofvehicle_involved,Accident_Classification,Accident_Spot,Accident_Location,Accident_SubLocation,Main_Cause,Hit_Run,Severity,Collision_Type,Junction_Control,Road_Character,Road_Type,Surface_Type,Surface_Condition,Road_Condition,Weather,Accident_Road,Landmark_first,Distance_LandMark_First,Latitude,Longitude
Bengaluru City,Byatrarayanapura Traffic PS,1.04432e+16,2017,1,2,Road Accidents,More than four arms,City/Town,Residential area,Human Error,No,Simple Injury,Rear end,Police / Manual,Straight and flat,Residential Street,Bitumen(Tar),Dry,No influence on accident,Clear,"Near Juction, 16th cross Chandra layout",Chandra layout 16th cross,4 km,0.0,0.0
Bengaluru City,Byatrarayanapura Traffic PS,1.04432e+16,2017,1,2,Road Accidents,Junction,City/Town,Near Bus stop,Human Error,Yes,Damage Only,Overturning,Controlled,Incline,One way,Bitumen(Tar),Dry,Not Applicable,Clear,near attiguppe bus stop,woc,1 km,0.0,0.0
Bengaluru City,Byatrarayanapura Traffic PS,1.04432e+16,2017,1,2,Road Accidents,Bridge,City/Town,Near Bus stop,Human Error,No,Damage Only,Hit and Run,Controlled,Incline,City or Town Road,Bitumen(Tar),Dry,No influence on accident,Clear,nayandahalli ring road,near flyover,2,0.0,0.0
Bengaluru City,Byatrarayanapura Traffic PS,1.04432e+16,2017,1,1,Road Accidents,Other,City/Town,Open area,Human Error,Yes,Fatal,Hit and Run,Not at  Junction,Others,Others,Kutcha,Dry,No influence on accident,Clear,Nayandanahalli (Street),Near Sampaths shed,2 km,0.0,0.0
Bengaluru City,Byatrarayanapura Traffic PS,1.04432e+16,2017,1,2,Road Accidents,Other,City/Town,Open area,Human Error,No,Simple Injury,Head on,Not at  Junction,Straight and flat,One way,Bitumen(Tar),Dry,No influence on accident,Clear,Chandra layout 80 feet road,Near Jyothi nagara cross,3 km,0.0,0.0
Bengaluru City,Byatrarayanapura Traffic PS,1.04432e+16,2017,1,1,Road Accidents,Junction,City/Town,Open area,Human Error,No,Damage Only,Others,Controlled,Others,State Highway,Bitumen(Tar),Dry,Not Applicable,Clear,BHEL OPP,MYSORE ROAD,500 MT,0.0,0.0
Bengaluru City,Byatrarayanapura Traffic PS,1.04432e+16,2017,1,1,Road Accidents,Bridge,City/Town,Near Bus stop,Human Error,No,Simple Injury,Hit pedestrian,Controlled,Others,One way,Bitumen(Tar),Dry,Not Applicable,Clear,nayandahalli ring road,rushabhavathi bridge,2 km,0.0,0.0
Bengaluru City,Byatrarayanapura Traffic PS,1.04432e+16,2017,1,4,Road Accidents,Cross roads,City/Town,Open area,Human Error,No,Simple Injury,Others,Not at  Junction,Others,Two way,Bitumen(Tar),Dry,Not Applicable,Clear,80 feet road,chandhra layout,3 km,0.0,0.0
Bengaluru City,Byatrarayanapura Traffic PS,1.04432e+16,2017,1,2,Road Accidents,Junction,City/Town,Near Hospital,Human Error,No,Simple Injury,Others,Controlled,Others,Residential Street,Bitumen(Tar),Dry,Not Applicable,Clear,chandhra layout near,balaji silk house4 km,4 km,0.0,0.0
Bengaluru City,Byatrarayanapura Traffic PS,1.04432e+16,2017,1,2,Road Accidents,Circle,City/Town,Near Bus stop,Human Error,Yes,Damage Only,Hit and Run,Give way sign,Others,Two way,Bitumen(Tar),Dry,Not Applicable,Clear,chandhra layout,80 feet  road,5,0.0,0.0
Bengaluru City,Byatrarayanapura Traffic PS,1.04432e+16,2017,1,2,Road Accidents,Circle,City/Town,Near Bus stop,Human Error,Yes,Damage Only,Overturning,Controlled,Others,State Highway,Bitumen(Tar),Dry,Not Applicable,Clear,nayandahalli bus stop,MYSORE ROAD,500M,0.0,0.0
Bengaluru City,Byatrarayanapura Traffic PS,1.04432e+16,2017,1,2,Road Accidents,Cross roads,City/Town,Near Petrol Pump,Human Error,Yes,Simple Injury,Hit and Run,Controlled,Incline,State Highway,Bitumen(Tar),Dry,Not Applicable,Clear,shell petrol bunk,mysore road bhel,500m,0.0,0.0
Bengaluru City,Byatrarayanapura Traffic PS,1.04432e+16,2017,1,1,Road Accidents,Other,City/Town,Near office complex,Human Error,Yes,Simple Injury,Hit and Run,No signal lights,Others,City or Town Road,Bitumen(Tar),Dry,No influence on accident,Fine,Nagarabhavi main road,Near Maruthi nagara,3 km,0.0,0.0
Bengaluru City,Byatrarayanapura Traffic PS,1.04432e+16,2017,1,1,Road Accidents,Narrow road,City/Town,Near Bus stop,Human Error,No,Fatal,Hit pedestrian,Controlled,Others,Two way,Bitumen(Tar),Dry,Not Applicable,Clear,tolget,mysore road christin smashana,2km,0.0,0.0
Bengaluru City,Byatrarayanapura Traffic PS,1.04432e+16,2017,1,1,Road Accidents,Cross roads,City/Town,Near Bus stop,Human Error,Yes,Simple Injury,Hit and Run,Controlled,Others,Two way,Bitumen(Tar),Dry,Not Applicable,Clear,NAGARABAVI ROAD,near underpass,4 km,0.0,0.0
Bengaluru City,Byatrarayanapura Traffic PS,1.04432e+16,2017,1,1,Road Accidents,Cross roads,City/Town,Near Hospital,Human Error,Yes,Simple Injury,Hit and Run,Not at  Junction,Others,Two way,Bitumen(Tar),Dry,Not Applicable,Clear,"11th cross, vidhyagiri layout",near akshaya eye hospital,5 km,0.0,0.0
Bengaluru City,Byatrarayanapura Traffic PS,1.04432e+16,2017,1,2,Road Accidents,Narrow road,City/Town,Near Bus stop,Human Error,No,Simple Injury,Overturning,Controlled,Incline,Two way,Bitumen(Tar),Dry,Not Applicable,Clear,near oppo servicecenter,mysore road,1 5,0.0,0.0
Bengaluru City,Byatrarayanapura Traffic PS,1.04432e+16,2017,1,2,Road Accidents,Circle,City/Town,Residential area,Human Error,Yes,Simple Injury,Hit and Run,No signal lights,Curve,Two way,Bitumen(Tar),Dry,Construction Work / Material,Clear,hosakerehalli main road,near ganesha temple,4,0.0,0.0
Bengaluru City,Byatrarayanapura Traffic PS,1.04432e+16,2017,1,1,Road Accidents,Junction,City/Town,Residential area,Human Error,Yes,Simple Injury,Hit and Run,Controlled,Others,Residential Street,Bitumen(Tar),Others,Not Applicable,Clear,"2nd cross, 14th main",durgambha clinic chandhra layout,5,0.0,0.0
Bengaluru City,Byatrarayanapura Traffic PS,1.04432e+16,2017,1,2,Road Accidents,Junction,City/Town,Residential area,Human Error,Yes,Simple Injury,Hit and Run,Controlled,Others,Two way,Bitumen(Tar),Dry,Not Applicable,Clear,opp kolimane hotel,chandhra layout,4,0.0,0.0
Bengaluru City,Byatrarayanapura Traffic PS,1.04432e+16,2017,1,2,Road Accidents,Narrow road,City/Town,Near Bus stop,Human Error,No,Damage Only,Others,Controlled,Others,Two way,Bitumen(Tar),Dry,Not Applicable,Clear,KALYAN NAGAR bus stop,NAGARABHAVI MAIN ROAD,3 km,0.0,0.0
Bengaluru City,Byatrarayanapura Traffic PS,1.04432e+16,2017,1,4,Road Accidents,Other,City/Town,Residential area,Human Error,No,Damage Only,Hit parked vehicle,Not Applicable,Others,Others,Bitumen(Tar),Dry,Not Applicable,Clear,3rd main hm no.35,maruthi nagar3rd,3.5,0.0,0.0
Bengaluru City,Byatrarayanapura Traffic PS,1.04432e+16,2017,1,1,Road Accidents,Circle,City/Town,Near Bus stop,Human Error,No,Simple Injury,Hit pedestrian,Controlled,Others,State Highway,Bitumen(Tar),Dry,Not Applicable,Clear,near KSRTC signal,MYSORE ROAD,500M,0.0,0.0
Bengaluru City,Byatrarayanapura Traffic PS,1.04432e+16,2017,1,1,Road Accidents,Other,City/Town,Residential area,Human Error,No,Simple Injury,Hit pedestrian,Not at  Junction,Steep Incline or Climb,City or Town Road,Bitumen(Tar),Dry,No influence on accident,Fine,Mudalapalya main road,Opposite Jayasteel corporation,4 km,0.0,0.0
Bengaluru City,Byatrarayanapura Traffic PS,1.04432e+16,2017,1,2,Road Accidents,Other,City/Town,Near office complex,Human Error,No,Simple Injury,Rear end,Not at  Junction,Straight and flat,State Highway,Bitumen(Tar),Dry,No influence on accident,Clear,Mysore road,Near Giriyas show room,1 km,0.0,0.0
Bengaluru City,Byatrarayanapura Traffic PS,1.04432e+16,2017,1,1,Not Applicable,Other,City/Town,Near a religious place,Human Error,Yes,Simple Injury,Hit pedestrian,Not at  Junction,Others,One way,Bitumen(Tar),Dry,Not Applicable,Fine,near palekamma temple opp galianjaneya temple,opp galianjaneya temple,300m,0.0,0.0
Bengaluru City,Byatrarayanapura Traffic PS,1.04432e+16,2017,1,2,Road Accidents,Circle,City/Town,Near Bus stop,Human Error,No,Simple Injury,Overturning,Controlled,Others,One way,Bitumen(Tar),Dry,Not Applicable,Clear,Near BHEL,hero honda shoreroom,1 km,0.0,0.0
Bengaluru City,Byatrarayanapura Traffic PS,1.04432e+16,2017,1,1,Road Accidents,Cross roads,City/Town,Near Bus stop,Human Error,Yes,Simple Injury,Hit pedestrian,Controlled,Others,One way,Bitumen(Tar),Dry,No influence on accident,Clear,gkw layout main road,subbanna gardan,2 km,0.0,0.0
Bengaluru City,Byatrarayanapura Traffic PS,1.04432e+16,2017,1,2,Road Accidents,Circle,City/Town,Near Bus stop,Human Error,Yes,Simple Injury,Hit and Run,Controlled,Others,Two way,Bitumen(Tar),Dry,Not Applicable,Clear,near nayandahalli under pass,nayandahalli,2,0.0,0.0
Bengaluru City,Byatrarayanapura Traffic PS,1.04432e+16,2017,1,2,Road Accidents,Other,City/Town,Near Bus stop,Human Error,No,Fatal,Others,Controlled,Incline,State Highway,Bitumen(Tar),Dry,Not Applicable,Clear,nayandahalli,opp ashwini bar,2k,0.0,0.0
Bengaluru City,Byatrarayanapura Traffic PS,1.04432e+16,2017,1,5,Road Accidents,Cross roads,City/Town,Open area,Human Error,No,Simple Injury,Hit parked vehicle,Controlled,Incline,Others,Bitumen(Tar),Dry,Not Applicable,Clear,OPP POOJA ENTRERPRICES,BAIRAVESHWAR NAGAR,4,0.0,0.0
Bengaluru City,Byatrarayanapura Traffic PS,1.04432e+16,2017,1,2,Road Accidents,Circle,City/Town,Near Bus stop,Human Error,Yes,Simple Injury,Hit parked vehicle,Controlled,Incline,Two way,Bitumen(Tar),Dry,Not Applicable,Clear,"govt pu college, kasturbanagar",MYSORE ROAD,2,0.0,0.0
Bengaluru City,Byatrarayanapura Traffic PS,1.04432e+16,2017,1,2,Road Accidents,Junction,City/Town,Near Bus stop,Human Error,No,Simple Injury,Others,Controlled,Others,Two way,Bitumen(Tar),Dry,Not Applicable,Clear,timber layout,rose wood cross road junction,1KM,0.0,0.0
Bengaluru City,Byatrarayanapura Traffic PS,1.04432e+16,2017,1,2,Road Accidents,Cross roads,City/Town,Near Bus stop,Human Error,Yes,Damage Only,Hit and Run,Controlled,Incline,Two way,Bitumen(Tar),Dry,Not Applicable,Clear,near r r arch,MYSORE ROAD,2k,0.0,0.0
Bengaluru City,Byatrarayanapura Traffic PS,1.04432e+16,2017,1,1,Road Accidents,Junction,City/Town,Near School or College,Human Error,Yes,Fatal,Hit pedestrian,Police / Manual,Sharp Curve,State Highway,Bitumen(Tar),Dry,No influence on accident,Clear,Mysore road,govt pu college kasturbanagar,1km,0.0,0.0
Bengaluru City,Byatrarayanapura Traffic PS,1.04432e+16,2017,1,1,Road Accidents,Circle,City/Town,Near Bus stop,Human Error,Yes,Simple Injury,Hit and Run,Controlled,Incline,State Highway,Bitumen(Tar),Dry,Not Applicable,Clear,NEAR BHEL,KSRTC DIPO,1 km,0.0,0.0
Bengaluru City,Byatrarayanapura Traffic PS,1.04432e+16,2017,1,2,Road Accidents,Y Junction,City/Town,Near Bus stop,Human Error,Yes,Simple Injury,Hit and Run,Controlled,Not Applicable,One way,Bitumen(Tar),Dry,Not Applicable,Clear,deepanjali nagar y junction,y junction,1 km,0.0,0.0
Bengaluru City,Byatrarayanapura Traffic PS,1.04432e+16,2017,1,1,Road Accidents,Other,City/Town,Residential area,Human Error,Yes,Simple Injury,Hit pedestrian,Controlled,Others,Residential Street,Bitumen(Tar),Dry,Not Applicable,Clear,anubhavanagar,nagarabhavi,5 km,0.0,0.0
Bengaluru City,Byatrarayanapura Traffic PS,1.04432e+16,2017,1,2,Road Accidents,Cross roads,City/Town,Near Bus stop,Human Error,No,Simple Injury,Others,Controlled,Incline,Others,Bitumen(Tar),Dry,Not Applicable,Clear,mysore road,nagarabhavi circle,3,0.0,0.0
Bengaluru City,Byatrarayanapura Traffic PS,1.04432e+16,2017,1,2,Road Accidents,Bridge,City/Town,Near Bus stop,Human Error,No,Damage Only,Overturning,Controlled,Incline,State Highway,Bitumen(Tar),Dry,Not Applicable,Clear,nayandahalli flyover,MYSORE ROAD,1KM,0.0,0.0
Bengaluru City,Byatrarayanapura Traffic PS,1.04432e+16,2017,1,2,Not Applicable,Other,City/Town,Near Petrol Pump,Human Error,No,Damage Only,Others,Controlled,Incline,Two way,Bitumen(Tar),Dry,Not Applicable,Clear,opp indian  oil petrol bunk,pantarpalya,2,0.0,0.0
Bengaluru City,Byatrarayanapura Traffic PS,1.04432e+16,2018,1,1,Road Accidents,Cross roads,City/Town,Open area,Human Error,Yes,Fatal,Hit and Run,Not at  Junction,Sharp Curve,One way,Bitumen(Tar),Dry,No influence on accident,Clear,Kanakapura road & Nice road cross road,Near Nice road toll,3 KM,12.94014,77.533196
Bengaluru City,Byatrarayanapura Traffic PS,1.04432e+16,2018,1,2,Road Accidents,T Junction,City/Town,Residential area,Human Error,No,Grievous Injury,Rear end,No signal lights,Others,Two way,Bitumen(Tar),Dry,No influence on accident,Clear,Avalahalli 50 feet road,SBM Bank cross road,1 km,0.0,0.0
Bengaluru City,Byatrarayanapura Traffic PS,1.04432e+16,2018,1,3,Road Accidents,Other,City/Town,Near Bus stop,Human Error,No,Simple Injury,Rear end,Police / Manual,Hump,State Highway,Bitumen(Tar),Dry,Engineering Defect of Road,Fine,Mysore road Hosaguddadahalli juction,Near Satelight Bus stop,500 mt,0.0,0.0
Bengaluru City,Byatrarayanapura Traffic PS,1.04432e+16,2018,1,1,Road Accidents,Other,City/Town,Near Bus stop,Human Error,No,Simple Injury,Hit pedestrian,Controlled,Straight and flat,Two way,Bitumen(Tar),Dry,Engineering Defect of Road,Clear,Nayandahalli ring road,Near Nayandahalli under pass,2 km,12.947324,77.52422
Bengaluru City,Byatrarayanapura Traffic PS,1.04432e+16,2018,1,2,Road Accidents,Other,City/Town,Near office complex,Human Error,No,Fatal,Rear end,Controlled,Straight and flat,State Highway,Concrete,Dry,No influence on accident,Clear,Mysore road Hosaguddadahalli,Near Corporation bank,2 km,12.956952,77.550265
Bengaluru City,Byatrarayanapura Traffic PS,1.04432e+16,2018,1,1,Road Accidents,Bridge,City/Town,Near Bus stop,Human Error,Yes,Grievous Injury,Hit pedestrian,Controlled,Straight and flat,Two way,Bitumen(Tar),Dry,No influence on accident,Clear,Mysore road Nayandahalli fly over,Opposite Bajaj show room,2 km,0.0,0.0
Bengaluru City,Byatrarayanapura Traffic PS,1.04432e+16,2018,1,2,Road Accidents,Other,City/Town,Near Bus stop,Human Error,No,Simple Injury,Rear end,Controlled,Others,State Highway,Bitumen(Tar),Dry,No influence on accident,Clear,Mysore road Near KSRTC single,Near Satelight bus stoop,500 mt,0.0,0.0
Bengaluru City,Byatrarayanapura Traffic PS,1.04432e+16,2018,1,1,Road Accidents,More than four arms,City/Town,Near Bus stop,Human Error,No,Fatal,Hit pedestrian,Controlled,Others,City or Town Road,Bitumen(Tar),Dry,No influence on accident,Clear,Chandralayout 80 feet road,Near Diwar Bar & restorent,3 km,0.0,0.0
Bengaluru City,Byatrarayanapura Traffic PS,1.04432e+16,2018,1,2,Road Accidents,Other,City/Town,Near a religious place,Human Error,No,Grievous Injury,Head on,Not at  Junction,Straight and flat,Two way,Bitumen(Tar),Dry,No influence on accident,Clear,Nagarabhavi ring road,Near Durga parameswari temple,4 km,0.0,0.0
Bengaluru City,Byatrarayanapura Traffic PS,1.04432e+16,2018,1,2,Road Accidents,Other,City/Town,Near Petrol Pump,Human Error,No,Fatal,Head on,Not at  Junction,Others,Two way,Bitumen(Tar),Dry,No influence on accident,Clear,Mysore road toll gate,Near christian Cemetory,2 km,0.0,0.0
Bengaluru City,Byatrarayanapura Traffic PS,1.04432e+16,2018,1,2,Road Accidents,Other,City/Town,Open area,Human Error,Yes,Grievous Injury,Rear end,Controlled,Straight and flat,Two way,Bitumen(Tar),Dry,No influence on accident,Fine,Nayandahalli ring road,Near Veerabadra nagara signal,2 km,12.939333,77.532917
Bengaluru City,Byatrarayanapura Traffic PS,1.04432e+16,2018,1,1,Road Accidents,Junction,City/Town,Residential area,Human Error,No,Grievous Injury,Hit pedestrian,Controlled,Others,City or Town Road,Bitumen(Tar),Dry,No influence on accident,Clear,Hosakerehalli main road,Near Bangalore one juction,500 mt,12.943562,77.538721
Bengaluru City,Byatrarayanapura Traffic PS,1.04432e+16,2018,1,1,Road Accidents,Other,City/Town,Near Bus stop,Human Error,Yes,Simple Injury,Hit pedestrian,Controlled,Straight and flat,City or Town Road,Bitumen(Tar),Dry,No influence on accident,Clear,Nagarabhavi main road,Anubhava nagara bus stop,4 km,0.0,0.0
Bengaluru City,Byatrarayanapura Traffic PS,1.04432e+16,2018,1,1,Road Accidents,Other,City/Town,Open area,Human Error,No,Grievous Injury,Hit pedestrian,No signal lights,Slight Curve,Service Road,Bitumen(Tar),Dry,No influence on accident,Clear,mysore road service road,hosakerehalli junction,300 m,0.0,0.0
Bengaluru City,Byatrarayanapura Traffic PS,1.04432e+16,2018,1,1,Road Accidents,Other,City/Town,Near Bus stop,Human Error,No,Fatal,Hit pedestrian,Not at  Junction,Straight and flat,Two way,Bitumen(Tar),Dry,Not Applicable,Clear,Timber yard layout main road,Near Satelight Bus stop,500M,0.0,0.0
Bengaluru City,Byatrarayanapura Traffic PS,1.04432e+16,2018,1,2,Road Accidents,Other,City/Town,Near Bus stop,Human Error,No,Grievous Injury,Rear end,Police / Manual,Others,State Highway,Bitumen(Tar),Dry,No influence on accident,Clear,Mysore road Bapuji nagara,MYSORE ROAD opp A2b hotel,500 mt,0.0,0.0
Bengaluru City,Byatrarayanapura Traffic PS,1.04432e+16,2018,1,1,Road Accidents,Other,City/Town,Residential area,Human Error,No,Grievous Injury,Hit pedestrian,Controlled,Straight and flat,Two way,Bitumen(Tar),Dry,No influence on accident,Clear,Pipeline road Hosaguddadahalli,Near Arch  play wood gooden,2 km,12.95771,77.547832
Bengaluru City,Byatrarayanapura Traffic PS,1.04432e+16,2018,1,1,Road Accidents,Other,City/Town,Near Bus stop,Human Error,Yes,Grievous Injury,Hit pedestrian,Controlled,Straight and flat,State Highway,Bitumen(Tar),Dry,No influence on accident,Clear,Mysore road near satelight bus stop,Opposite Imperiol hotel,500 mt,0.0,0.0
Bengaluru City,Byatrarayanapura Traffic PS,1.04432e+16,2018,1,1,Road Accidents,Other,City/Town,Near Bus stop,Human Error,No,Grievous Injury,Hit pedestrian,Controlled,Straight and flat,State Highway,Bitumen(Tar),Dry,Engineering Defect of Road,Clear,Mysore road Nayandahalli,Opposite Nayandahalli metro stop,2 km,0.0,0.0
Bengaluru City,Byatrarayanapura Traffic PS,1.04432e+16,2018,1,1,Road Accidents,Junction,City/Town,Near Bus stop,Human Error,No,Grievous Injury,Hit pedestrian,Controlled,Others,State Highway,Bitumen(Tar),Dry,No influence on accident,Clear,Mysore road Hosaguddadahalli junction,Near Hosaguddadahalli bus stop,1 km,0.0,0.0
Bengaluru City,Byatrarayanapura Traffic PS,1.04432e+16,2018,1,2,Road Accidents,Other,City/Town,Near Bus stop,Human Error,No,Grievous Injury,Rear end,Controlled,Straight and flat,State Highway,Bitumen(Tar),Dry,No influence on accident,Clear,"Mysore road, Near Nayandahalli metro station",Opposite Rajalakshmi way bridge,2 km,0.0,0.0
Bengaluru City,Byatrarayanapura Traffic PS,1.04432e+16,2018,1,2,Road Accidents,Other,City/Town,Open area,Human Error,No,Damage Only,Rear end,Not at  Junction,Straight and flat,Two way,Bitumen(Tar),Dry,No influence on accident,Clear,NAGARABHAVI MAIN ROAD,Near Gangondanahalli juction,3 km,0.0,0.0
Bengaluru City,Byatrarayanapura Traffic PS,1.04432e+16,2018,1,2,Road Accidents,Other,City/Town,Open area,Human Error,No,Fatal,Head on,Not at  Junction,Others,Two way,Bitumen(Tar),Dry,Not Applicable,Clear,nayandahalli,OPP TWO WHEELER GARAGE,2k,0.0,0.0
Bengaluru City,Byatrarayanapura Traffic PS,1.04432e+16,2018,1,1,Road Accidents,Other,City/Town,Near Petrol Pump,Human Error,Yes,Fatal,Hit pedestrian,Police / Manual,Straight and flat,Two way,Bitumen(Tar),Dry,No influence on accident,Fine,Near Nagarabhavi main road,Near Mudapalya circle Near Bharath petrol bank,4 km,0.0,0.0
Bengaluru City,Byatrarayanapura Traffic PS,1.04432e+16,2018,1,2,Road Accidents,Other,City/Town,Near School or College,Human Error,Yes,Simple Injury,Hit and Run,Not at  Junction,Straight and flat,Residential Street,Bitumen(Tar),Dry,No influence on accident,Clear,"SBM school road, Byatarayanapura",Near SBM school,1 km,0.0,0.0
Bengaluru City,Byatrarayanapura Traffic PS,1.04432e+16,2018,1,1,Road Accidents,Other,City/Town,Near Bus stop,Human Error,Yes,Fatal,Hit pedestrian,Not at  Junction,Straight and flat,State Highway,Bitumen(Tar),Dry,No influence on accident,Fine,Mysore road Pantharapalya,In front of Sollarpuriya Apartement,2 km,12.940679,77.524575
Bengaluru City,Byatrarayanapura Traffic PS,1.04432e+16,2018,1,1,Road Accidents,Other,City/Town,Residential area,Human Error,No,Grievous Injury,Hit pedestrian,Not at  Junction,Others,Residential Street,Bitumen(Tar),Dry,No influence on accident,Clear,"4th main road, Bapuji nagara",Near Vidya ganapathi temple,1 1/2,12.958194,77.540356
Bengaluru City,Byatrarayanapura Traffic PS,1.04432e+16,2018,1,2,Road Accidents,Other,City/Town,Near Petrol Pump,Human Error,No,Grievous Injury,Others,Not at  Junction,Others,Two way,Bitumen(Tar),Dry,No influence on accident,Fine,Chandra layout main road,Inside Gowdas petrol bank,3 km,12.95994,77.532519
Bengaluru City,Byatrarayanapura Traffic PS,1.04432e+16,2018,1,1,Road Accidents,Junction,City/Town,Residential area,Human Error,Yes,Grievous Injury,Hit and Run,No signal lights,Others,City or Town Road,Bitumen(Tar),Dry,No influence on accident,Clear,Chandra layout 80 feet road,opposite Vijaya bank,3 km,12.958497,77.525798
Bengaluru City,Byatrarayanapura Traffic PS,1.04432e+16,2018,1,2,Road Accidents,Other,City/Town,Near Petrol Pump,Human Error,No,Simple Injury,Right Turn Collision,Controlled,Straight and flat,State Highway,Bitumen(Tar),Dry,No influence on accident,Clear,Mysore road Near BHEL,In front of IOC petrol bunk,1 km,12.947574,77.533762
Bengaluru City,Byatrarayanapura Traffic PS,1.04432e+16,2018,1,2,Road Accidents,Other,City/Town,Near Bus stop,Human Error,No,Simple Injury,Rear end,Controlled,Straight and flat,State Highway,Bitumen(Tar),Dry,No influence on accident,Fine,Mysore road R.R.Arch,Rajarajeswari Nagara metro station,4 km,0.0,0.0
Bengaluru City,Byatrarayanapura Traffic PS,1.04432e+16,2018,1,2,Road Accidents,Other,City/Town,Near Bus stop,Human Error,No,Grievous Injury,Head on,Controlled,Straight and flat,Service Road,Bitumen(Tar),Dry,No influence on accident,Clear,Nagarabhavi ring road service road,Near Vidyagiri park,4 km,0.0,0.0
Bengaluru City,Byatrarayanapura Traffic PS,1.04432e+16,2018,1,2,Road Accidents,Other,City/Town,Near Bus stop,Human Error,No,Grievous Injury,Rear end,Controlled,Others,One way,Bitumen(Tar),Dry,No influence on accident,Clear,west of chord road,Opposite BMTC bus stop,500 mt,0.0,0.0
Bengaluru City,Byatrarayanapura Traffic PS,1.04432e+16,2018,1,1,Road Accidents,Cross roads,City/Town,Open area,Human Error,No,Grievous Injury,Hit pedestrian,Not at  Junction,Curve,Two way,Bitumen(Tar),Dry,No influence on accident,Clear,RANGANATHA COLONY ROAD,Near BHEL,1 KM,0.0,0.0
Bengaluru City,Byatrarayanapura Traffic PS,1.04432e+16,2018,1,2,Road Accidents,Other,City/Town,Near Petrol Pump,Human Error,No,Grievous Injury,Hit and Run,Controlled,Straight and flat,State Highway,Bitumen(Tar),Dry,No influence on accident,Clear,Mysore  road Near BHEL,Near BHEL Factory,1km,12.947705,77.533738
Bengaluru City,Byatrarayanapura Traffic PS,1.04432e+16,2018,1,2,Road Accidents,Other,City/Town,Near Bus stop,Human Error,No,Damage Only,Rear end,Controlled,Straight and flat,Two way,Bitumen(Tar),Dry,No influence on accident,Fine,Mysore road near R.R.Arch signal,near Cilicon honda show room,3 km,12.936306,77.518615
Bengaluru City,Byatrarayanapura Traffic PS,1.04432e+16,2018,1,2,Road Accidents,Other,City/Town,Open area,Human Error,No,Grievous Injury,Rear end,Controlled,Straight and flat,City or Town Road,Bitumen(Tar),Dry,No influence on accident,Fine,Nagarabhavi ring road,Near Nayandahalli railway uderpass,4 km,12.94602,77.526953
Bengaluru City,Byatrarayanapura Traffic PS,1.04432e+16,2018,1,1,Road Accidents,Other,City/Town,Near Bus stop,Human Error,Yes,Grievous Injury,Hit pedestrian,Controlled,Others,Others,Bitumen(Tar),Dry,No influence on accident,Clear,Nagarabhavi circle,Near Nagarabhavi circle bus stop,4 km,0.0,0.0
Bengaluru City,Byatrarayanapura Traffic PS,1.04432e+16,2018,1,2,Road Accidents,Bridge,City/Town,Near Bus stop,Human Error,No,Grievous Injury,Rear end,Controlled,Straight and flat,City or Town Road,Bitumen(Tar),Dry,No influence on accident,Clear,Nayandahalli Flyover down ramp,Nayandahalli Flyover,2 km,0.0,0.0
Bengaluru City,Byatrarayanapura Traffic PS,1.04432e+16,2018,1,2,Road Accidents,Other,City/Town,Near Bus stop,Human Error,Yes,Grievous Injury,Head on,Controlled,Straight and flat,City or Town Road,Bitumen(Tar),Dry,No influence on accident,Clear,Erannanagudde main road,Near SAR Garage,3 km,0.0,0.0
Bengaluru City,Byatrarayanapura Traffic PS,1.04432e+16,2018,1,2,Road Accidents,Other,City/Town,Near Hospital,Human Error,Yes,Grievous Injury,Head on,Not at  Junction,Straight and flat,Two way,Bitumen(Tar),Dry,No influence on accident,Clear,nagarabhavi ring road service road,Opposite Akshya Eye Hospital,4 km,0.0,0.0
Bengaluru City,Byatrarayanapura Traffic PS,1.04432e+16,2018,1,1,Road Accidents,Other,City/Town,Near Petrol Pump,Human Error,Yes,Grievous Injury,Hit and Run,Police / Manual,Straight and flat,State Highway,Bitumen(Tar),Dry,No influence on accident,Clear,Mysore road Bapujinagara,Opposite Satelight bus stop,700 mt,12.954341,77.543948