DISTRICTNAME,UNITNAME,Crime_No,Year,RI,Noofvehicle_involved,Accident_Classification,Accident_Spot,Accident_Location,Accident_SubLocation,Main_Cause,Hit_Run,Severity,Collision_Type,Junction_Control,Road_Character,Road_Type,Surface_Type,Surface_Condition,Road_Condition,Weather,Accident_Road,Landmark_first,Distance_LandMark_First,Latitude,Longitude
Bengaluru City,Byatrarayanapura Traffic PS,1.04432e+16,2018,1,2,Road Accidents,Other,City/Town,Open area,Human Error,No,Grievous Injury,Rear end,Not at  Junction,Straight and flat,City or Town Road,Bitumen(Tar),Dry,No influence on accident,Fine,Bengalore univercity Law college road,In front of law college,4 km,12.95222,77.516145
Bengaluru City,Byatrarayanapura Traffic PS,1.04432e+16,2018,1,2,Road Accidents,Other,City/Town,Near Bus stop,Human Error,No,Grievous Injury,Right Turn Collision,Controlled,Straight and flat,Two way,Bitumen(Tar),Dry,No influence on accident,Clear,Mysore road Nayandahalli,In front of Nayandahalli metro stop,2 km,12.94618,77.52938
Bengaluru City,Byatrarayanapura Traffic PS,1.04432e+16,2018,1,1,Road Accidents,Other,City/Town,Near Bus stop,Human Error,No,Grievous Injury,Hit pedestrian,Controlled,Straight and flat,State Highway,Bitumen(Tar),Dry,No influence on accident,Clear,Nayandahallli Mysore road,Near Nayandahalli bus stop,2 km,0.0,0.0
Bengaluru City,Byatrarayanapura Traffic PS,1.04432e+16,2018,1,2,Road Accidents,Other,City/Town,Near Petrol Pump,Human Error,No,Grievous Injury,Side impact or Right angle,Controlled,Straight and flat,State Highway,Bitumen(Tar),Dry,No influence on accident,Clear,Mysore road Nayandahalli,Near IOC petrol bank,2 km,0.0,0.0
Bengaluru City,Byatrarayanapura Traffic PS,1.04432e+16,2018,1,2,Road Accidents,Other,City/Town,Near Bus stop,Human Error,Yes,Grievous Injury,Hit pedestrian,Controlled,Others,Others,Bitumen(Tar),Dry,No influence on accident,Clear,Satelight bus stop Bapuji nagara,Satelight bus stop,500 mt,0.0,0.0
Bengaluru City,Byatrarayanapura Traffic PS,1.04432e+16,2018,1,4,Road Accidents,Other,City/Town,Near Bus stop,Human Error,No,Fatal,Rear end,Police / Manual,Straight and flat,Two way,Bitumen(Tar),Dry,No influence on accident,Clear,Mysore road R.R.Arch signle,Near Sickjel India ltd,4 km,0.0,0.0
Bengaluru City,Byatrarayanapura Traffic PS,1.04432e+16,2018,1,1,Road Accidents,Other,City/Town,Residential area,Human Error,Yes,Simple Injury,Hit pedestrian,Not at  Junction,Others,Two way,Bitumen(Tar),Dry,No influence on accident,Clear,Avalahalli main road,Near Rajanna hotel,2 km,0.0,0.0
Bengaluru City,Byatrarayanapura Traffic PS,1.04432e+16,2018,1,3,Road Accidents,Other,City/Town,Near Petrol Pump,Human Error,No,Grievous Injury,Rear end,Not at  Junction,Others,Others,Bitumen(Tar),Dry,No influence on accident,Clear,In front of Flyover,Opposite Total gas bank,2 km,12.943921,77.53008
Bengaluru City,Byatrarayanapura Traffic PS,1.04432e+16,2018,1,1,Road Accidents,Other,City/Town,Residential area,Human Error,Yes,Grievous Injury,Hit pedestrian,Not at  Junction,Straight and flat,Two way,Bitumen(Tar),Dry,Construction Work / Material,Clear,Avalahalli SLV party hall road,Near SLV party hall,1 km,12.944477,77.541132
Bengaluru City,Byatrarayanapura Traffic PS,1.04432e+16,2018,1,2,Road Accidents,Other,City/Town,Near Hospital,Human Error,Yes,Simple Injury,Others,Controlled,Straight and flat,Two way,Bitumen(Tar),Dry,No influence on accident,Clear,Chandra layout 80 feet road,In front of Vijaya bank,3 km,12.958565,77.52592
Bengaluru City,Byatrarayanapura Traffic PS,1.04432e+16,2018,1,2,Road Accidents,Other,City/Town,Residential area,Human Error,No,Fatal,Rear end,Controlled,Straight and flat,City or Town Road,Bitumen(Tar),Dry,No influence on accident,Clear,Nagarabhavi ring road,Near Nice road juction,3,0.0,0.0
Bengaluru City,Byatrarayanapura Traffic PS,1.04432e+16,2018,1,2,Road Accidents,Junction,City/Town,Near Bus stop,Human Error,No,Grievous Injury,Others,Controlled,Others,City or Town Road,Bitumen(Tar),Dry,No influence on accident,Clear,Chandra layout 80 feet road,Chandra layout water tank junction,4 km,0.0,0.0
Bengaluru City,Byatrarayanapura Traffic PS,1.04432e+16,2018,1,2,Road Accidents,Other,City/Town,Near a recreation place/cinema,Human Error,No,Grievous Injury,Rear end,Controlled,Straight and flat,Two way,Bitumen(Tar),Dry,No influence on accident,Fine,R.R.Nagara main road,Near Gopalan arcade,4 km,0.0,0.0
Bengaluru City,Byatrarayanapura Traffic PS,1.04432e+16,2018,1,1,Road Accidents,Other,City/Town,Near Bus stop,Human Error,Yes,Grievous Injury,Hit pedestrian,Controlled,Straight and flat,State Highway,Bitumen(Tar),Dry,No influence on accident,Clear,Mysore road Hosaguddadahalli,In front of Athmalakshmi traders,2 km,0.0,0.0
Bengaluru City,Byatrarayanapura Traffic PS,1.04432e+16,2018,1,2,Road Accidents,Other,City/Town,Open area,Human Error,No,Damage Only,Rear end,Not at  Junction,Others,Others,Kutcha,Dry,No influence on accident,Clear,Near Jnanabharathi drynege,MVR company site,3 km,12.936012,77.514018
Bengaluru City,Byatrarayanapura Traffic PS,1.04432e+16,2018,1,1,Road Accidents,Bridge,City/Town,Near Bus stop,Human Error,No,Damage Only,Hit fixed object,Controlled,Others,One way,Bitumen(Tar),Dry,No influence on accident,Clear,Bapuji nagara fly  over,Near Gali anjaneya temple,500 km,12.95285,77.541061
Bengaluru City,Byatrarayanapura Traffic PS,1.04432e+16,2018,1,1,Road Accidents,Junction,City/Town,Residential area,Human Error,No,Grievous Injury,Hit pedestrian,Controlled,Others,City or Town Road,Bitumen(Tar),Dry,No influence on accident,Clear,Avalahalli,Near Bangalore One,2 km,12.927713,77.545994
Bengaluru City,Byatrarayanapura Traffic PS,1.04432e+16,2018,1,1,Road Accidents,Other,City/Town,Near Bus stop,Human Error,No,Grievous Injury,Hit pedestrian,Controlled,Straight and flat,Two way,Bitumen(Tar),Dry,No influence on accident,Clear,Nagarabhavi ring road,Near Manasa nagara Bus stop,3 km,12.95881,77.517251
Bengaluru City,Byatrarayanapura Traffic PS,1.04432e+16,2018,1,2,Road Accidents,Other,City/Town,Open area,Human Error,No,Damage Only,Hit parked vehicle,Controlled,Straight and flat,Two way,Bitumen(Tar),Dry,No influence on accident,Clear,Nagarabhavi ring road,Suvarna layout,4 km,0.0,0.0
Bengaluru City,Byatrarayanapura Traffic PS,1.04432e+16,2018,1,1,Road Accidents,Other,City/Town,Near a factory industrial area,Human Error,No,Damage Only,Rear end,Controlled,Others,Two way,Bitumen(Tar),Dry,No influence on accident,Clear,Mysore road Near Nayandahalli BWSSB qwatress,Sikajel India limited factory,4 km,0.0,0.0
Bengaluru City,Byatrarayanapura Traffic PS,1.04432e+16,2018,1,1,Road Accidents,Other,City/Town,Near School or College,Human Error,No,Grievous Injury,Hit pedestrian,Not at  Junction,Straight and flat,Two way,Bitumen(Tar),Dry,No influence on accident,Clear,Chandra layout 80feet road,Near Siddaganga school cross,3 km,0.0,0.0
Bengaluru City,Byatrarayanapura Traffic PS,1.04432e+16,2018,1,2,Road Accidents,Other,City/Town,Near a religious place,Human Error,Yes,Simple Injury,Others,Controlled,Others,City or Town Road,Bitumen(Tar),Dry,No influence on accident,Fine,West of chord road,Opposite Shanimahathma temple,500,0.0,0.0
Bengaluru City,Byatrarayanapura Traffic PS,1.04432e+16,2018,1,2,Road Accidents,Circle,City/Town,Near Bus stop,Human Error,No,Grievous Injury,Overturning,Controlled,Curve,Two way,Bitumen(Tar),Dry,Not Applicable,Clear,opp law college,nagarabhavi circul,3 km,0.0,0.0
Bengaluru City,Byatrarayanapura Traffic PS,1.04432e+16,2018,1,2,Road Accidents,Other,City/Town,Open area,Human Error,Yes,Simple Injury,Rear end,Uncontrolled,Straight and flat,Two way,Bitumen(Tar),Dry,No influence on accident,Fine,Nagarabhavi ring road,Nagarabhavi ring road bridge,4 km,12.951408,77.5214
Bengaluru City,Byatrarayanapura Traffic PS,1.04432e+16,2018,1,2,Road Accidents,Other,City/Town,Near Petrol Pump,Human Error,No,Simple Injury,Head on,Controlled,Straight and flat,Two way,Bitumen(Tar),Dry,No influence on accident,Clear,Chandra layput 80 feet road,Opposite IOC petrol bank,3 km,12.959029,77.524132
Bengaluru City,Byatrarayanapura Traffic PS,1.04432e+16,2018,1,1,Road Accidents,Not Applicable,City/Town,Near Bus stop,Human Error,No,Grievous Injury,Hit pedestrian,Controlled,Straight and flat,State Highway,Bitumen(Tar),Dry,No influence on accident,Clear,Mysore road Bapooji nagara bus stop,Near KSRTC out gate Satelight,500 mt,0.0,0.0
Bengaluru City,Byatrarayanapura Traffic PS,1.04432e+16,2018,1,2,Road Accidents,Other,City/Town,Near a religious place,Human Error,Yes,Damage Only,Right Turn Collision,Controlled,Sharp Curve,Two way,Bitumen(Tar),Dry,No influence on accident,Clear,Nagarabhavi ring road,opposite Madduramma temple,4 km,0.0,0.0
Bengaluru City,Byatrarayanapura Traffic PS,1.04432e+16,2018,1,1,Road Accidents,T Junction,City/Town,Residential area,Human Error,No,Simple Injury,Hit pedestrian,Controlled,Straight and flat,City or Town Road,Bitumen(Tar),Dry,No influence on accident,Clear,Shamanna garden 5th cross,Opposite Kudad mosque,2 km,0.0,0.0
Bengaluru City,Byatrarayanapura Traffic PS,1.04432e+16,2018,1,1,Road Accidents,Cross roads,City/Town,Near School or College,Human Error,Yes,Grievous Injury,Hit and Run,Not at  Junction,Others,Two way,Bitumen(Tar),Dry,No influence on accident,Clear,"byatarayanapura 1s main road, a cross",Near Akshara play home,1km,0.0,0.0
Bengaluru City,Byatrarayanapura Traffic PS,1.04432e+16,2018,1,1,Rail Road Accidents,Other,City/Town,Near office complex,Human Error,No,Fatal,Hit pedestrian,Controlled,Straight and flat,State Highway,Bitumen(Tar),Dry,No influence on accident,Fine,Mysore road BHEL,Near KSRTC 5th depot,1 k m,12.949486,77.53637
Bengaluru City,Byatrarayanapura Traffic PS,1.04432e+16,2018,1,2,Road Accidents,Other,City/Town,Residential area,Human Error,No,Simple Injury,Rear end,Controlled,Straight and flat,City or Town Road,Bitumen(Tar),Dry,No influence on accident,Clear,Nagarabhavi ring road,Suvarna layout juction Nagarabhavi circle,4 km,0.0,0.0
Bengaluru City,Byatrarayanapura Traffic PS,1.04432e+16,2018,1,1,Road Accidents,Other,City/Town,Residential area,Human Error,Yes,Grievous Injury,Hit pedestrian,Controlled,Others,City or Town Road,Bitumen(Tar),Dry,No influence on accident,Clear,Nagarabhavi main road,Maruthi nagara cross,4 km,0.0,0.0
Bengaluru City,Byatrarayanapura Traffic PS,1.04432e+16,2018,1,2,Road Accidents,Other,City/Town,Residential area,Human Error,Yes,Grievous Injury,Rear end,Not at  Junction,Straight and flat,Two way,Bitumen(Tar),Dry,No influence on accident,Clear,Avalahalli 50 feet road,Opposite Ganesha  Holige home shop,2 km,0.0,0.0
Bengaluru City,Byatrarayanapura Traffic PS,1.04432e+16,2018,1,1,Road Accidents,Other,City/Town,Near Petrol Pump,Human Error,No,Fatal,Hit pedestrian,Controlled,Straight and flat,State Highway,Kutcha,Dry,No influence on accident,Clear,Mysore road opp. Christian cemetory,Near Bharath petrol bunk,1 1/2,0.0,0.0
Bengaluru City,Byatrarayanapura Traffic PS,1.04432e+16,2018,1,2,Road Accidents,Other,City/Town,Near Bus stop,Human Error,No,Grievous Injury,Right Turn Collision,Not at  Junction,Others,State Highway,Bitumen(Tar),Dry,No influence on accident,Clear,Mysore road Nayandahalli ring road juction,Near Nayandahallli Bus stop,2 km,0.0,0.0
Bengaluru City,Byatrarayanapura Traffic PS,1.04432e+16,2018,1,2,Road Accidents,Other,City/Town,Open area,Human Error,Yes,Grievous Injury,Hit and Run,Not at  Junction,Straight and flat,One way,Bitumen(Tar),Dry,No influence on accident,Fine,Nagarabhavi ring road,Near Nayandahalli ring road juction,2 km,12.945798,77.527007
Bengaluru City,Byatrarayanapura Traffic PS,1.04432e+16,2018,1,2,Road Accidents,Other,City/Town,Open area,Human Error,Yes,Fatal,Hit and Run,Not at  Junction,Straight and flat,City or Town Road,Bitumen(Tar),Dry,No influence on accident,Fine,Nagarabhavi ring road,Near Suvarna layout juction,4 km,12.953327,77.519966
Bengaluru City,Byatrarayanapura Traffic PS,1.04432e+16,2018,1,1,Road Accidents,Other,City/Town,Near Bus stop,Human Error,No,Simple Injury,Hit pedestrian,Not at  Junction,Straight and flat,State Highway,Bitumen(Tar),Dry,No influence on accident,Clear,Mysore road Hosaguddadahalli,Near Giriyas show room,1 km,12.956642,77.548157
Bengaluru City,Byatrarayanapura Traffic PS,1.04432e+16,2018,1,2,Road Accidents,Junction,City/Town,Open area,Human Error,No,Damage Only,Rear end,Controlled,Others,City or Town Road,Bitumen(Tar),Dry,No influence on accident,Clear,Nayandahalli ring road,Near Nice road bridge,2km,12.940621,77.532192
Bengaluru City,Byatrarayanapura Traffic PS,1.04432e+16,2018,1,3,Road Accidents,Other,City/Town,Residential area,Human Error,No,Damage Only,Rear end,Controlled,Straight and flat,Two way,Bitumen(Tar),Dry,No influence on accident,Clear,Nagarabhavi ring road,Near Durgapameswari temple,4 km,0.0,0.0
Bengaluru City,Byatrarayanapura Traffic PS,1.04432e+16,2018,1,2,Road Accidents,T Junction,City/Town,Open area,Human Error,Yes,Grievous Injury,Hit and Run,No signal lights,Others,City or Town Road,Bitumen(Tar),Dry,No influence on accident,Clear,Hosakerehalli kerekodi road,Nice road Under pass juction,4 km,0.0,0.0
Bengaluru City,Byatrarayanapura Traffic PS,1.04432e+16,2018,1,1,Road Accidents,Other,City/Town,Open area,Human Error,No,Grievous Injury,Others,Controlled,Hump,Two way,Bitumen(Tar),Dry,No influence on accident,Clear,Nagarabhavi ring road,Near Nayandahalli under pass bridge,2 km,12.948134,77.523847
Bengaluru City,Byatrarayanapura Traffic PS,1.04432e+16,2018,1,2,Road Accidents,Other,City/Town,Near Petrol Pump,Human Error,No,Grievous Injury,Rear end,Controlled,Straight and flat,Two way,Bitumen(Tar),Dry,No influence on accident,Clear,Nagarabhavi ring road,Near Indian oil petrol bunk,4 km,0.0,0.0
Bengaluru City,Byatrarayanapura Traffic PS,1.04432e+16,2018,1,2,Road Accidents,Other,City/Town,Near Bus stop,Human Error,No,Grievous Injury,Head on,Not at  Junction,Straight and flat,Two way,Bitumen(Tar),Dry,No influence on accident,Clear,AGARABHAVI MAIN ROAD,Opp Udupa hotel,4,0.0,0.0
Bengaluru City,Byatrarayanapura Traffic PS,1.04432e+16,2018,1,2,Road Accidents,Other,City/Town,Near Bus stop,Human Error,No,Damage Only,Rear end,Not at  Junction,Others,Two way,Bitumen(Tar),Dry,No influence on accident,Clear,Banashankari ring road,Veerabadra nagara signle,3 km,0.0,0.0
Bengaluru City,Byatrarayanapura Traffic PS,1.04432e+16,2018,1,2,Road Accidents,Other,City/Town,Near Hospital,Human Error,No,Grievous Injury,Head on,Not at  Junction,Straight and flat,Service Road,Bitumen(Tar),Dry,No influence on accident,Clear,Nagarabhavi ring road,Near Akshaya Eye Hospital,4 km,0.0,0.0
Bengaluru City,Byatrarayanapura Traffic PS,1.04432e+16,2018,1,1,Road Accidents,Other,City/Town,Near Hospital,Human Error,No,Grievous Injury,Hit pedestrian,Not at  Junction,Straight and flat,Two way,Bitumen(Tar),Dry,No influence on accident,Clear,Nagarabhavi ring road,Near Manada nagara bus stop,4 km,0.0,0.0
Bengaluru City,Byatrarayanapura Traffic PS,1.04432e+16,2018,1,1,Road Accidents,Other,City/Town,Residential area,Human Error,No,Fatal,Others,Controlled,Straight and flat,City or Town Road,Bitumen(Tar),Dry,No influence on accident,Clear,Nagarabhavi main road,Opposite BBMP office,3 km,0.0,0.0
Bengaluru City,Byatrarayanapura Traffic PS,1.04432e+16,2018,1,1,Road Accidents,Other,City/Town,Near a factory industrial area,Human Error,No,Fatal,Hit pedestrian,Not at  Junction,Straight and flat,State Highway,Bitumen(Tar),Dry,No influence on accident,Clear,Mysore road near R.R.Arch,Near Torino factory,4 km,0.0,0.0
Bengaluru City,Byatrarayanapura Traffic PS,1.04432e+16,2018,1,1,Road Accidents,Other,City/Town,Near Bus stop,Human Error,Yes,Simple Injury,Hit pedestrian,Controlled,Others,Two way,Bitumen(Tar),Dry,No influence on accident,Clear,Nagarabhavi ring road,Opposite Banashankari tiffen centere,3 km,0.0,0.0
Bengaluru City,Byatrarayanapura Traffic PS,1.04432e+16,2018,1,2,Road Accidents,Other,City/Town,Near Bus stop,Human Error,No,Damage Only,Rear end,Controlled,Straight and flat,State Highway,Bitumen(Tar),Dry,No influence on accident,Clear,Mysore road R.R.Arch,Below R R Arch metro station,4 km,0.0,0.0
Bengaluru City,Byatrarayanapura Traffic PS,1.04432e+16,2018,1,2,Road Accidents,Other,City/Town,Near Bus stop,Human Error,Yes,Grievous Injury,Rear end,Controlled,Sharp Curve,City or Town Road,Bitumen(Tar),Dry,No influence on accident,Clear,Mysore road Nayandahalli ring road,Near Nayandahalli ring road junction,2 km,0.0,0.0
Bengaluru City,Byatrarayanapura Traffic PS,1.04432e+16,2018,1,1,Road Accidents,Cross roads,City/Town,Residential area,Human Error,No,Simple Injury,Hit pedestrian,Not at  Junction,Straight and flat,Residential Street,Bitumen(Tar),Dry,No influence on accident,Clear,Avalahalli 7th cross,Near Byatarayanapura,1 km,0.0,0.0
Bengaluru City,Byatrarayanapura Traffic PS,1.04432e+16,2018,1,2,Road Accidents,Other,City/Town,Residential area,Human Error,No,Grievous Injury,Rear end,Police / Manual,Straight and flat,Two way,Bitumen(Tar),Dry,No influence on accident,Clear,Nagarabhavi ring road,Near Vijaya bank junction,4 km,0.0,0.0
Bengaluru City,Byatrarayanapura Traffic PS,1.04432e+16,2018,1,1,Road Accidents,Other,City/Town,Near a recreation place/cinema,Human Error,Yes,Grievous Injury,Hit and Run,Controlled,Straight and flat,Residential Street,Concrete,Dry,No influence on accident,Clear,Byatarayanapura Vijaya Takies road,In front of Vijaya takies,500 mt,12.948601,77.539992
Bengaluru City,Byatrarayanapura Traffic PS,1.04432e+16,2018,1,1,Road Accidents,Junction,City/Town,Near Bus stop,Human Error,Yes,Fatal,Hit pedestrian,No signal lights,Others,Two way,Bitumen(Tar),Dry,No influence on accident,Clear,Chandra layout 80 feet road,Chandragiri palace,3 km,12.958363,77.526306
Bengaluru City,Byatrarayanapura Traffic PS,1.04432e+16,2018,1,1,Road Accidents,Other,City/Town,Near School or College,Human Error,Yes,Grievous Injury,Hit pedestrian,Controlled,Straight and flat,City or Town Road,Bitumen(Tar),Dry,No influence on accident,Clear,Shakthi garden 2nd main road,Near Viswabharathi school,4 km,0.0,0.0
Bengaluru City,Byatrarayanapura Traffic PS,1.04432e+16,2018,1,1,Road Accidents,Other,City/Town,Residential area,Human Error,No,Grievous Injury,Others,Controlled,Straight and flat,City or Town Road,Bitumen(Tar),Dry,No influence on accident,Clear,Kalyana nagara main road,near Shakthi garden Lakshmi Venkateswara enter prices,3 km,12.969148,77.517696
Bengaluru City,Byatrarayanapura Traffic PS,1.04432e+16,2018,1,2,Road Accidents,Other,City/Town,Residential area,Human Error,No,Grievous Injury,Head on,Controlled,Straight and flat,Service Road,Bitumen(Tar),Dry,No influence on accident,Clear,Nagarabhavi ring road service road,Opp Royal cafe,4 km,0.0,0.0
Bengaluru City,Byatrarayanapura Traffic PS,1.04432e+16,2018,1,2,Road Accidents,Cross roads,City/Town,Residential area,Human Error,Yes,Grievous Injury,Hit and Run,Controlled,Straight and flat,Residential Street,Bitumen(Tar),Dry,No influence on accident,Clear,Garden vilas 1st cross,Opposite Ayurvedic centere,5 km,0.0,0.0
Bengaluru City,Byatrarayanapura Traffic PS,1.04432e+16,2018,1,1,Road Accidents,Other,City/Town,Near School or College,Human Error,No,Grievous Injury,Others,Controlled,Curve,Two way,Bitumen(Tar),Dry,No influence on accident,Fine,Siddaganga school road,Opposite Siddaganga school,4  km,0.0,0.0
Bengaluru City,Byatrarayanapura Traffic PS,1.04432e+16,2018,1,2,Road Accidents,Other,City/Town,Near Bus stop,Human Error,Yes,Grievous Injury,Hit and Run,Controlled,Others,City or Town Road,Bitumen(Tar),Dry,No influence on accident,Clear,Nagarabhavi ring road Service road,Near Indira canteen,5 km,0.0,0.0
Bengaluru City,Byatrarayanapura Traffic PS,1.04432e+16,2018,1,1,Road Accidents,Other,City/Town,Residential area,Human Error,No,Grievous Injury,Hit pedestrian,Controlled,Straight and flat,Residential Street,Bitumen(Tar),Dry,No influence on accident,Clear,Byatarayanapura 1st main road,Oppositew Srinivasa pravijan store,500 mt,0.0,0.0
Bengaluru City,Byatrarayanapura Traffic PS,1.04432e+16,2018,1,1,Road Accidents,Other,City/Town,Near Bus stop,Human Error,No,Grievous Injury,Hit pedestrian,Controlled,Straight and flat,State Highway,Bitumen(Tar),Dry,Engineering Defect of Road,Clear,Mysore road Opposite Christian cemetory,Oppsite Christian cemetory,2 km,0.0,0.0
Bengaluru City,Byatrarayanapura Traffic PS,1.04432e+16,2018,1,3,Road Accidents,Other,City/Town,Near Bus stop,Human Error,No,Simple Injury,Rear end,Controlled,Straight and flat,State Highway,Bitumen(Tar),Dry,No influence on accident,Clear,Mysore road satelight bus stop signle,Near Satelight bus stop,500 mt,0.0,0.0
Bengaluru City,Byatrarayanapura Traffic PS,1.04432e+16,2018,1,2,Road Accidents,Bridge,City/Town,Near Bus stop,Human Error,No,Damage Only,Rear end,Police / Manual,Others,Two way,Bitumen(Tar),Dry,No influence on accident,Clear,MYSORE ROAD bhapoojingar junction,Near Matru sagara hostel,500,0.0,0.0
Bengaluru City,Byatrarayanapura Traffic PS,1.04432e+16,2018,1,2,Road Accidents,Other,City/Town,Near Bus stop,Human Error,No,Grievous Injury,Right Turn Collision,Not at  Junction,Straight and flat,Two way,Bitumen(Tar),Dry,No influence on accident,Clear,Mysore road,Near Kalpavrusha Hindu Mililtary hotel Pantharapalya,2 km,0.0,0.0
Bengaluru City,Byatrarayanapura Traffic PS,1.04432e+16,2018,1,2,Road Accidents,Other,City/Town,Near Bus stop,Human Error,Yes,Simple Injury,Right Turn Collision,Not at  Junction,Others,One way,Bitumen(Tar),Dry,No influence on accident,Fine,Nayanadahalli ring road,Opposite M R Chowtary,2 km,0.0,0.0
Bengaluru City,Byatrarayanapura Traffic PS,1.04432e+16,2018,1,2,Road Accidents,Bridge,City/Town,Open area,Human Error,No,Fatal,Rear end,Not at  Junction,Straight and flat,Two way,Concrete,Dry,No influence on accident,Fine,Nice road bridge,Near Hosakerehalli nice road toll,3 km,13.043742,77.474974
Bengaluru City,Byatrarayanapura Traffic PS,1.04432e+16,2018,1,2,Road Accidents,Other,City/Town,Near Bus stop,Human Error,No,Grievous Injury,Rear end,Controlled,Straight and flat,City or Town Road,Bitumen(Tar),Dry,No influence on accident,Fine,Veerabadra nagara Signle road,Near SRS Garage,2 km,0.0,0.0
Bengaluru City,Byatrarayanapura Traffic PS,1.04432e+16,2018,1,4,Road Accidents,Other,City/Town,Near office complex,Human Error,No,Damage Only,Rear end,Controlled,Straight and flat,Two way,Bitumen(Tar),Dry,No influence on accident,Fine,Nayandahalli ring road,In front of Kalyani motors,2km,0.0,0.0
Bengaluru City,Byatrarayanapura Traffic PS,1.04432e+16,2018,1,2,Road Accidents,Bridge,City/Town,Near Bus stop,Human Error,No,Grievous Injury,Rear end,Controlled,Straight and flat,Two way,Bitumen(Tar),Dry,No influence on accident,Clear,Nayandahalli ring road,Nayandahalli Fly over,2 km,0.0,0.0
Bengaluru City,Byatrarayanapura Traffic PS,1.04432e+16,2018,1,1,Road Accidents,Other,City/Town,Residential area,Human Error,No,Grievous Injury,Hit pedestrian,Not at  Junction,Others,Residential Street,Bitumen(Tar),Dry,No influence on accident,Fine,Nayandahalli main road,Near Madduramma temple,2 km,0.0,0.0
Bengaluru City,Byatrarayanapura Traffic PS,1.04432e+16,2018,1,1,Road Accidents,Other,City/Town,Near Bus stop,Human Error,Yes,Fatal,Hit pedestrian,Controlled,Others,Two way,Bitumen(Tar),Dry,No influence on accident,Clear,Nagarabhavi main road,Near Kalyana nagara bus stop,4 km,0.0,0.0
Bengaluru City,Byatrarayanapura Traffic PS,1.04432e+16,2018,1,2,Road Accidents,T Junction,City/Town,Near a religious place,Human Error,Yes,Grievous Injury,Others,Controlled,Others,City or Town Road,Bitumen(Tar),Dry,No influence on accident,Clear,Ring road main road,Near Durga parameswari temple,4 km,0.0,0.0
Bengaluru City,Byatrarayanapura Traffic PS,1.04432e+16,2019,1,2,Road Accidents,Other,City/Town,Near Bus stop,Human Error,No,Grievous Injury,Hit pedestrian,Controlled,Straight and flat,City or Town Road,Bitumen(Tar),Dry,No influence on accident,Cloudy,Chandralayout 80 feet road,Oppsite Ajji hotel,4 km,0.0,0.0
Bengaluru City,Byatrarayanapura Traffic PS,1.04432e+16,2019,1,2,Road Accidents,Other,City/Town,Near Bus stop,Human Error,No,Fatal,Head on,Controlled,Others,State Highway,Bitumen(Tar),Dry,No influence on accident,Clear,Mysore road Nayandahalli,Near Nayandahalli signle U turn,2 km,0.0,0.0
Bengaluru City,Byatrarayanapura Traffic PS,1.04432e+16,2019,1,1,Road Accidents,Other,City/Town,Near Bus stop,Human Error,Yes,Grievous Injury,Hit pedestrian,Controlled,Straight and flat,State Highway,Bitumen(Tar),Dry,No influence on accident,Clear,Mysore road,Nayanandahalli bus stop,2 km,0.0,0.0
Bengaluru City,Byatrarayanapura Traffic PS,1.04432e+16,2019,1,2,Road Accidents,Not Applicable,City/Town,Near Bus stop,Human Error,No,Damage Only,Vehicle to Vehicle,Controlled,Others,State Highway,Bitumen(Tar),Dry,No influence on accident,Clear,Mysore road Nayandahalli,Nayandahalli bus stop,2 km,0.0,0.0
Bengaluru City,Byatrarayanapura Traffic PS,1.04432e+16,2019,1,2,Road Accidents,Junction,City/Town,Near Bus stop,Human Error,No,Damage Only,Vehicle to Vehicle,Controlled,Others,Two way,Bitumen(Tar),Dry,No influence on accident,Clear,Avalahalli 50 feet road,In front of SLV grand hotel,2 km,0.0,0.0