DISTRICTNAME,UNITNAME,Crime_No,Year,RI,Noofvehicle_involved,Accident_Classification,Accident_Spot,Accident_Location,Accident_SubLocation,Main_Cause,Hit_Run,Severity,Collision_Type,Junction_Control,Road_Character,Road_Type,Surface_Type,Surface_Condition,Road_Condition,Weather,Accident_Road,Landmark_first,Distance_LandMark_First,Latitude,Longitude
Bengaluru City,Byatrarayanapura Traffic PS,1.04432e+16,2019,1,1,Road Accidents,Curves,City/Town,Near Bus stop,Human Error,Not Applicable,Fatal,Not Applicable,Controlled,Curve,One way,Bitumen(Tar),Dry,No influence on accident,Clear,Nayandahalli ring road,Nice road turn,3 km,0.0,0.0
Bengaluru City,Byatrarayanapura Traffic PS,1.04432e+16,2019,1,1,Road Accidents,Other,City/Town,Near a religious place,Human Error,Yes,Grievous Injury,Hit pedestrian,Controlled,Straight and flat,Village Road,Bitumen(Tar),Dry,No influence on accident,Clear,Nagarabhavi ring road,Near Durga parameswari temple,2 km,0.0,0.0
Bengaluru City,Byatrarayanapura Traffic PS,1.04432e+16,2019,1,2,Road Accidents,Other,City/Town,Near Bus stop,Human Error,No,Fatal,Rear end,Controlled,Straight and flat,State Highway,Bitumen(Tar),Dry,No influence on accident,Clear,Mysore road Near R.R.Arch,In front of Mikas playwood mill,4 km,0.0,0.0
Bengaluru City,Byatrarayanapura Traffic PS,1.04432e+16,2019,1,1,Road Accidents,Other,City/Town,Residential area,Human Error,No,Grievous Injury,Hit pedestrian,Not at  Junction,Others,City or Town Road,Bitumen(Tar),Dry,No influence on accident,Clear,Timber yard layout main road,Near SLV way bridge,1 km,0.0,0.0
Bengaluru City,Byatrarayanapura Traffic PS,1.04432e+16,2019,1,1,Road Accidents,Cross roads,City/Town,Near Bus stop,Human Error,No,Grievous Injury,Hit pedestrian,Not at  Junction,Slight Curve,Service Road,Bitumen(Tar),Dry,No influence on accident,Clear,Nagarabhavi service road,Near Nagarabhavi circle,4 km,0.0,0.0
Bengaluru City,Byatrarayanapura Traffic PS,1.04432e+16,2019,1,2,Road Accidents,Junction,City/Town,Near a religious place,Human Error,Yes,Damage Only,Vehicle to Vehicle,Controlled,Others,Two way,Bitumen(Tar),Dry,No influence on accident,Clear,Nagarabhavi ring road Service road,Near Durga parameswari temple,4 km,0.0,0.0
Bengaluru City,Byatrarayanapura Traffic PS,1.04432e+16,2019,1,2,Road Accidents,Not Applicable,City/Town,Near Bus stop,Human Error,No,Simple Injury,Vehicle to Vehicle,Controlled,Straight and flat,One way,Bitumen(Tar),Dry,No influence on accident,Clear,Hosakerehalli Kerekodi road,near Near Veerabadra nagara single,3km,0.0,0.0
Bengaluru City,Byatrarayanapura Traffic PS,1.04432e+16,2019,1,1,Road Accidents,Not Applicable,City/Town,Near a religious place,Human Error,Yes,Grievous Injury,Hit pedestrian,Controlled,Straight and flat,Two way,Bitumen(Tar),Dry,No influence on accident,Fine,west of chord road Deepanjali nagara,Near Shani mahathma temple,700 mt,0.0,0.0
Bengaluru City,Byatrarayanapura Traffic PS,1.04432e+16,2019,1,1,Road Accidents,Not Applicable,City/Town,Near Bus stop,Human Error,No,Grievous Injury,Hit pedestrian,Controlled,Straight and flat,Two way,Bitumen(Tar),Dry,No influence on accident,Clear,Nagarabhavi ring road,Near Suvarna layout,4 km,0.0,0.0
Bengaluru City,Byatrarayanapura Traffic PS,1.04432e+16,2019,1,2,Road Accidents,Not Applicable,City/Town,Near Bus stop,Human Error,Yes,Simple Injury,Vehicle to Vehicle,Controlled,Straight and flat,Two way,Bitumen(Tar),Dry,No influence on accident,Clear,Nayandahalli ring road under pass,Near Nayandahalli BMTC  bus stop,2 km,0.0,0.0
Bengaluru City,Byatrarayanapura Traffic PS,1.04432e+16,2019,1,2,Road Accidents,Not Applicable,City/Town,Near Bus stop,Human Error,No,Damage Only,Vehicle to Vehicle,Controlled,Others,Others,Bitumen(Tar),Dry,No influence on accident,Clear,KSRTC Satelight bus stop,Satelight bus stop Bapuji nagara,500 mt,0.0,0.0
Bengaluru City,Byatrarayanapura Traffic PS,1.04432e+16,2019,1,1,Road Accidents,Not Applicable,City/Town,Near Bus stop,Human Error,Yes,Fatal,Hit pedestrian,Controlled,Straight and flat,State Highway,Bitumen(Tar),Dry,No influence on accident,Clear,Mysore road Pantharapalya,Near Ashwini Bar and restrurent,2 km,0.0,0.0
Bengaluru City,Byatrarayanapura Traffic PS,1.04432e+16,2019,1,2,Road Accidents,Other,City/Town,Residential area,Human Error,No,Grievous Injury,Right Turn Collision,Controlled,Straight and flat,City or Town Road,Bitumen(Tar),Dry,No influence on accident,Clear,Girinagara 50 feet road,Near Pragathi Ithal hotel,2 km,0.0,0.0
Bengaluru City,Byatrarayanapura Traffic PS,1.04432e+16,2019,1,2,Road Accidents,Not Applicable,City/Town,Near a religious place,Human Error,No,Grievous Injury,Vehicle to Vehicle,Controlled,Straight and flat,Two way,Bitumen(Tar),Dry,No influence on accident,Clear,Nagarabhavi ring road,Near Durga parameswari temple,4 km,0.0,0.0
Bengaluru City,Byatrarayanapura Traffic PS,1.04432e+16,2019,1,2,Road Accidents,Narrow road,City/Town,Near Bus stop,Human Error,Yes,Damage Only,Vehicle to Vehicle,Controlled,Straight and flat,One way,Bitumen(Tar),Dry,Engineering Defect of Road,Fine,west of chord road,Near BMTC 16th depot,500 mt,0.0,0.0
Bengaluru City,Byatrarayanapura Traffic PS,1.04432e+16,2019,1,2,Road Accidents,Not Applicable,City/Town,Near Bus stop,Human Error,No,Grievous Injury,Vehicle to Vehicle,Controlled,Straight and flat,State Highway,Bitumen(Tar),Dry,No influence on accident,Clear,Mysore road,Near Hosakerehalli cross juction,200 mt,0.0,0.0
Bengaluru City,Byatrarayanapura Traffic PS,1.04432e+16,2019,1,2,Road Accidents,Not Applicable,City/Town,Near Bus stop,Human Error,No,Damage Only,Vehicle to Vehicle,Not at  Junction,Others,State Highway,Bitumen(Tar),Dry,No influence on accident,Snow,Mysore road Nayandahalli,Near Nayandahalli juction,2 km,0.0,0.0
Bengaluru City,Byatrarayanapura Traffic PS,1.04432e+16,2019,1,2,Rail Road Accidents,Junction,City/Town,Residential area,Human Error,No,Damage Only,Vehicle to Vehicle,Controlled,Others,Residential Street,Bitumen(Tar),Dry,No influence on accident,Clear,"2nd main road, ITI layout",Near ITI layout,4 km,0.0,0.0
Bengaluru City,Byatrarayanapura Traffic PS,1.04432e+16,2019,1,1,Road Accidents,Cross roads,City/Town,Near Bus stop,Human Error,Yes,Grievous Injury,Hit pedestrian,Controlled,Others,Two way,Bitumen(Tar),Dry,No influence on accident,Clear,FCI layout  railway compund road,Near Railway compund,2 km,0.0,0.0
Bengaluru City,Byatrarayanapura Traffic PS,1.04432e+16,2019,1,1,Road Accidents,Not Applicable,City/Town,Near Bus stop,Human Error,No,Grievous Injury,Hit pedestrian,Controlled,Others,Two way,Bitumen(Tar),Dry,No influence on accident,Clear,Chandra layout 14 main road,In front of Adiswar electronics,4 km,0.0,0.0
Bengaluru City,Byatrarayanapura Traffic PS,1.04432e+16,2019,1,1,Road Accidents,Bridge,City/Town,Narrow bridge or culverts,Human Error,No,Fatal,Hit fixed object,Controlled,Straight and flat,One way,Bitumen(Tar),Dry,No influence on accident,Clear,Deepanjali nagara bridge,Near Y juction Deepanjali nagara,500 mt,0.0,0.0
Bengaluru City,Byatrarayanapura Traffic PS,1.04432e+16,2019,1,1,Road Accidents,Other,City/Town,Near Bus stop,Human Error,Yes,Grievous Injury,Hit pedestrian,Not at  Junction,Straight and flat,City or Town Road,Bitumen(Tar),Dry,No influence on accident,Clear,Gangondahalli main road,Gangondahalli main road S S enter prices,2 km,0.0,0.0
Bengaluru City,Byatrarayanapura Traffic PS,1.04432e+16,2019,1,1,Road Accidents,Other,City/Town,Near Bus stop,Human Error,Yes,Simple Injury,Hit and Run,Controlled,Straight and flat,State Highway,Bitumen(Tar),Dry,No influence on accident,Clear,Mysore road satelight bus stop,Near Satelight bus stop Bapuji nagara,300 mt,0.0,0.0
Bengaluru City,Byatrarayanapura Traffic PS,1.04432e+16,2019,1,2,Road Accidents,Other,City/Town,Residential area,Human Error,No,Grievous Injury,Others,No signal lights,Others,Others,Bitumen(Tar),Dry,No influence on accident,Clear,Chandra layout main road,Near Old SBI bank circle,3 km,0.0,0.0
Bengaluru City,Byatrarayanapura Traffic PS,1.04432e+16,2019,1,1,Road Accidents,More than four arms,City/Town,Residential area,Human Error,No,Grievous Injury,Hit pedestrian,Controlled,Dip or trough,City or Town Road,Bitumen(Tar),Dry,No influence on accident,Clear,Shivananda nagara 3rd cross,Near Daily fresh,4,0.0,0.0
Bengaluru City,Byatrarayanapura Traffic PS,1.04432e+16,2019,1,2,Road Accidents,T Junction,City/Town,Residential area,Human Error,Yes,Grievous Injury,Others,Controlled,Others,Residential Street,Bitumen(Tar),Dry,No influence on accident,Clear,Hosakerehalli main road,Near Ganesha temple,1 km,0.0,0.0
Bengaluru City,Byatrarayanapura Traffic PS,1.04432e+16,2019,1,2,Road Accidents,T Junction,City/Town,Residential area,Human Error,No,Grievous Injury,Rear end,No signal lights,Others,City or Town Road,Bitumen(Tar),Dry,No influence on accident,Clear,10th cross Teachers colony,10th cross Teachers colony,4 km,0.0,0.0
Bengaluru City,Byatrarayanapura Traffic PS,1.04432e+16,2019,1,2,Road Accidents,Not Applicable,City/Town,Residential area,Human Error,No,Fatal,Vehicle to Vehicle,Controlled,Straight and flat,Two way,Bitumen(Tar),Dry,No influence on accident,Clear,Chandra layout 80 feet road,Near Karnataka biriyani paradide,4 km,0.0,0.0
Bengaluru City,Byatrarayanapura Traffic PS,1.04432e+16,2019,1,2,Road Accidents,Not Applicable,City/Town,Near Petrol Pump,Human Error,Yes,Grievous Injury,Vehicle to Vehicle,Controlled,Straight and flat,State Highway,Concrete,Dry,No influence on accident,Others,Mysore Road,Bharat petrol pump,2 km,12.957103,77.551004
Bengaluru City,Byatrarayanapura Traffic PS,1.04432e+16,2019,1,1,Road Accidents,Narrow road,City/Town,Near Bus stop,Human Error,No,Grievous Injury,Hit pedestrian,Controlled,Others,Two way,Bitumen(Tar),Dry,No influence on accident,Clear,Nagarabhavi main road,Near Nagarabhavi circle,4 km,0.0,0.0
Bengaluru City,Byatrarayanapura Traffic PS,1.04432e+16,2019,1,2,Road Accidents,Not Applicable,City/Town,Near Bus stop,Human Error,No,Damage Only,Vehicle to Vehicle,Controlled,Straight and flat,State Highway,Bitumen(Tar),Dry,No influence on accident,Clear,Mysore road Hosaguddadahalli,Near Satelight bus stop,1 km,0.0,0.0
Bengaluru City,Byatrarayanapura Traffic PS,1.04432e+16,2019,1,2,Road Accidents,Other,City/Town,Near Bus stop,Human Error,Yes,Grievous Injury,Hit and Run,Controlled,Others,State Highway,Bitumen(Tar),Dry,No influence on accident,Clear,Mysore road,Near Nayandahalli Toilet,2 km,0.0,0.0
Bengaluru City,Byatrarayanapura Traffic PS,1.04432e+16,2019,1,2,Road Accidents,Other,City/Town,Near a factory industrial area,Human Error,No,Grievous Injury,Rear end,Not at  Junction,Straight and flat,State Highway,Bitumen(Tar),Dry,No influence on accident,Clear,Mysore road,Near BEHL factory,500 mt,0.0,0.0
Bengaluru City,Byatrarayanapura Traffic PS,1.04432e+16,2019,1,2,Road Accidents,Not Applicable,City/Town,Near a religious place,Human Error,Yes,Damage Only,Vehicle to Vehicle,Controlled,Straight and flat,Service Road,Bitumen(Tar),Dry,No influence on accident,Clear,Nagarabhavi ring road Service road,Near Durga parameswari temple,4 km,0.0,0.0
Bengaluru City,Byatrarayanapura Traffic PS,1.04432e+16,2019,1,2,Road Accidents,More than four arms,City/Town,Residential area,Human Error,Yes,Grievous Injury,Hit and Run,Controlled,Others,Residential Street,Bitumen(Tar),Dry,No influence on accident,Fine,Avalahalli 50 feet road,Avalahalli BDA park,2,0.0,0.0
Bengaluru City,Byatrarayanapura Traffic PS,1.04432e+16,2019,1,2,Road Accidents,Not Applicable,City/Town,Near Bus stop,Human Error,No,Grievous Injury,Vehicle to Vehicle,Controlled,Straight and flat,State Highway,Concrete,Dry,Construction Work / Material,Clear,Mysore road Hosaguddadahalli,In front of Bhagyalakshmi rice mill,1 km,0.0,0.0
Bengaluru City,Byatrarayanapura Traffic PS,1.04432e+16,2019,1,1,Road Accidents,Cross roads,City/Town,Residential area,Human Error,Yes,Grievous Injury,Not Applicable,Controlled,Others,Mixed,Bitumen(Tar),Dry,No influence on accident,Clear,Mudalapalya 2nd cross,Mudalapalya 2nd cross,4 km,0.0,0.0
Bengaluru City,Byatrarayanapura Traffic PS,1.04432e+16,2019,1,2,Road Accidents,Not Applicable,City/Town,Near office complex,Human Error,Yes,Grievous Injury,Vehicle to Vehicle,Controlled,Straight and flat,Two way,Bitumen(Tar),Dry,No influence on accident,Clear,Avalahalli 50 feet road,Near SBI bank,1.5 km,0.0,0.0
Bengaluru City,Byatrarayanapura Traffic PS,1.04432e+16,2019,1,2,Road Accidents,Narrow road,City/Town,Near a religious place,Human Error,Yes,Fatal,Vehicle to Vehicle,Controlled,Straight and flat,Two way,Bitumen(Tar),Dry,No influence on accident,Clear,Nagarabhavi ring road,Near Durga parameswari temple,4 km,0.0,0.0
Bengaluru City,Byatrarayanapura Traffic PS,1.04432e+16,2019,1,2,Road Accidents,Not Applicable,City/Town,Near a religious place,Human Error,No,Damage Only,Vehicle to Vehicle,Controlled,Straight and flat,State Highway,Bitumen(Tar),Dry,No influence on accident,Others,Mysore road Bapuji nagara,near Roshan masid,500 mt,0.0,0.0
Bengaluru City,Byatrarayanapura Traffic PS,1.04432e+16,2019,1,2,Road Accidents,Not Applicable,City/Town,Near office complex,Human Error,No,Grievous Injury,Vehicle to Vehicle,Controlled,Others,State Highway,Bitumen(Tar),Dry,No influence on accident,Others,Mysore road Hosaguddadahalli,In front of featherllight company,1 km,0.0,0.0
Bengaluru City,Byatrarayanapura Traffic PS,1.04432e+16,2019,1,1,Road Accidents,Not Applicable,City/Town,Near Bus stop,Human Error,No,Grievous Injury,Hit pedestrian,Not Applicable,Others,Others,Bitumen(Tar),Dry,No influence on accident,Clear,Satelight bus stop ground,Satelight bus stop Bapuji nagara,500 mt,0.0,0.0
Bengaluru City,Byatrarayanapura Traffic PS,1.04432e+16,2019,1,1,Road Accidents,Not Applicable,City/Town,Near Bus stop,Human Error,No,Grievous Injury,Hit pedestrian,Controlled,Others,State Highway,Bitumen(Tar),Dry,No influence on accident,Others,Mysore road Hosaguddadahalli,Near Giriyas show room,1 km,0.0,0.0
Bengaluru City,Byatrarayanapura Traffic PS,1.04432e+16,2019,1,2,Road Accidents,Other,City/Town,Near a religious place,Human Error,No,Grievous Injury,Rear end,No signal lights,Straight and flat,Two way,Bitumen(Tar),Dry,No influence on accident,Fine,Nagarabhavi ring road,Near Durga parameswari temple,4 km,0.0,0.0
Bengaluru City,Byatrarayanapura Traffic PS,1.04432e+16,2019,1,2,Road Accidents,Other,City/Town,Near Bus stop,Human Error,No,Grievous Injury,Rear end,Controlled,Straight and flat,Two way,Bitumen(Tar),Dry,No influence on accident,Fine,west of chord road,Deepanjali nagara bridge,700 mt,0.0,0.0
Bengaluru City,Byatrarayanapura Traffic PS,1.04432e+16,2019,1,2,Road Accidents,Other,City/Town,Near Bus stop,Human Error,No,Grievous Injury,Head on,Controlled,Others,City or Town Road,Bitumen(Tar),Dry,No influence on accident,Clear,Nice road,Near Hosakerehalli nice road toll,3 km,0.0,0.0
Bengaluru City,Byatrarayanapura Traffic PS,1.04432e+16,2019,1,2,Road Accidents,Not Applicable,City/Town,Near Bus stop,Human Error,Yes,Grievous Injury,Vehicle to Vehicle,Controlled,Straight and flat,State Highway,Bitumen(Tar),Dry,No influence on accident,Clear,Nayandahalli flyover,Nayandahalli flyover,2 km,0.0,0.0
Bengaluru City,Byatrarayanapura Traffic PS,1.04432e+16,2019,1,2,Road Accidents,Not Applicable,City/Town,Near Bus stop,Human Error,No,Grievous Injury,Vehicle to Vehicle,Controlled,Straight and flat,State Highway,Bitumen(Tar),Dry,No influence on accident,Clear,Mysore road Bapuji nagara,Near Satelight bus stop,500 mt,0.0,0.0
Bengaluru City,Byatrarayanapura Traffic PS,1.04432e+16,2019,1,2,Road Accidents,Narrow road,City/Town,Near Bus stop,Human Error,No,Grievous Injury,Vehicle to Vehicle,Controlled,Straight and flat,Two way,Bitumen(Tar),Dry,No influence on accident,Others,Nayandahalli ring road,Near maralu lorry stand,2 km,0.0,0.0
Bengaluru City,Byatrarayanapura Traffic PS,1.04432e+16,2019,1,2,Road Accidents,Cross roads,City/Town,Near Bus stop,Human Error,No,Simple Injury,Vehicle to Vehicle,Controlled,Straight and flat,Two way,Bitumen(Tar),Dry,No influence on accident,Clear,Chandralayout main road,near Chandralayout bus stop,4 km,0.0,0.0
Bengaluru City,Byatrarayanapura Traffic PS,1.04432e+16,2019,1,1,Road Accidents,Circle,City/Town,Near Bus stop,Human Error,Yes,Simple Injury,Hit pedestrian,Controlled,Others,State Highway,Bitumen(Tar),Dry,No influence on accident,Clear,Mysore road,Nayandahalli circle,2 km,0.0,0.0
Bengaluru City,Byatrarayanapura Traffic PS,1.04432e+16,2019,1,1,Road Accidents,Cross roads,City/Town,Near Hospital,Human Error,Yes,Grievous Injury,Hit pedestrian,Controlled,Straight and flat,State Highway,Bitumen(Tar),Dry,No influence on accident,Clear,Girinagara 60 feet road,Near 12th cross,2 km,0.0,0.0
Bengaluru City,Byatrarayanapura Traffic PS,1.04432e+16,2019,1,2,Road Accidents,Not Applicable,City/Town,Near Bus stop,Human Error,No,Grievous Injury,Vehicle to Vehicle,Controlled,Straight and flat,Two way,Bitumen(Tar),Dry,No influence on accident,Clear,Nagarabhavi ring road,In front of Banashankari Tifen centere,4 km,0.0,0.0
Bengaluru City,Byatrarayanapura Traffic PS,1.04432e+16,2019,1,2,Road Accidents,Not Applicable,City/Town,Near Bus stop,Human Error,No,Fatal,Vehicle to Vehicle,Controlled,Others,State Highway,Bitumen(Tar),Dry,No influence on accident,Clear,Mysore road near Kinco junction,Near kavika factory,200 mt,0.0,0.0
Bengaluru City,Byatrarayanapura Traffic PS,1.04432e+16,2019,1,2,Road Accidents,Other,City/Town,Near Hospital,Human Error,No,Grievous Injury,Right Turn Collision,Controlled,Straight and flat,State Highway,Bitumen(Tar),Dry,No influence on accident,Clear,Mysore road Nayandahalli,In front of Mysore road Hitech hospital,2 km,0.0,0.0
Bengaluru City,Byatrarayanapura Traffic PS,1.04432e+16,2019,1,2,Road Accidents,Other,City/Town,Near Bus stop,Human Error,Yes,Damage Only,Rear end,Controlled,Straight and flat,State Highway,Bitumen(Tar),Dry,No influence on accident,Clear,Mysore road Hosaguddadahalli,Near BSNL office Hosaguddadahalli,1 km,0.0,0.0
Bengaluru City,Byatrarayanapura Traffic PS,1.04432e+16,2019,1,2,Road Accidents,Not Applicable,City/Town,Narrow bridge or culverts,Human Error,No,Grievous Injury,Vehicle to Vehicle,Controlled,Straight and flat,Two way,Bitumen(Tar),Dry,No influence on accident,Clear,Nayandahalli flyover,Near Nayandahalli metro stand,2 km,0.0,0.0
Bengaluru City,Byatrarayanapura Traffic PS,1.04432e+16,2019,1,2,Road Accidents,Not Applicable,City/Town,Near Bus stop,Human Error,Yes,Damage Only,Vehicle to Vehicle,No signal lights,Others,Two way,Bitumen(Tar),Dry,No influence on accident,Others,Chandra layout Ganesha mandira road,Balaji silk house juction,4 km,0.0,0.0
Bengaluru City,Byatrarayanapura Traffic PS,1.04432e+16,2019,1,1,Road Accidents,Not Applicable,City/Town,Near Bus stop,Human Error,Yes,Grievous Injury,Hit pedestrian,Controlled,Straight and flat,Two way,Bitumen(Tar),Dry,No influence on accident,Clear,Girinagara main road,Near Veerabadranagara signle,3 km,0.0,0.0
Bengaluru City,Byatrarayanapura Traffic PS,1.04432e+16,2019,1,1,Road Accidents,Not Applicable,City/Town,Near Bus stop,Human Error,No,Grievous Injury,Hit pedestrian,Controlled,Straight and flat,Two way,Concrete,Dry,No influence on accident,Clear,Mysore road Bapuji nagara,satalite bus stop,500 mt,0.0,0.0
Bengaluru City,Byatrarayanapura Traffic PS,1.04432e+16,2019,1,1,Road Accidents,Not Applicable,City/Town,Near Bus stop,Human Error,No,Grievous Injury,Hit pedestrian,Controlled,Straight and flat,State Highway,Bitumen(Tar),Dry,No influence on accident,Fine,Mysore road Bapuji nagara,Near Satellight bus stop,500 mt,0.0,0.0
Bengaluru City,Byatrarayanapura Traffic PS,1.04432e+16,2019,1,1,Road Accidents,Not Applicable,City/Town,Near Bus stop,Human Error,No,Fatal,Hit pedestrian,Controlled,Straight and flat,State Highway,Bitumen(Tar),Dry,No influence on accident,Clear,Mysore road Nayandahalli,In front of Nayandahalli metro station,2 km,0.0,0.0
Bengaluru City,Byatrarayanapura Traffic PS,1.04432e+16,2019,1,1,Road Accidents,Not Applicable,City/Town,Near a religious place,Human Error,No,Fatal,Hit pedestrian,Controlled,Others,State Highway,Bitumen(Tar),Dry,No influence on accident,Clear,Mysore road,Near Gali Anjaneya temple,200 mt,0.0,0.0
Bengaluru City,Byatrarayanapura Traffic PS,1.04432e+16,2019,1,2,Road Accidents,Not Applicable,City/Town,Near Bus stop,Human Error,Yes,Grievous Injury,Vehicle to Vehicle,Controlled,Straight and flat,Two way,Bitumen(Tar),Dry,No influence on accident,Clear,Near Suvarna layout,In front of empty space,4 km,0.0,0.0
Bengaluru City,Byatrarayanapura Traffic PS,1.04432e+16,2019,1,1,Road Accidents,Other,City/Town,Near Bus stop,Human Error,Yes,Grievous Injury,Hit and Run,Controlled,Straight and flat,Two way,Bitumen(Tar),Dry,No influence on accident,Clear,Nayandahalli ring road,Opposite Maralu lorry stand,2 km,0.0,0.0
Bengaluru City,Byatrarayanapura Traffic PS,1.04432e+16,2019,1,1,Road Accidents,Cross roads,City/Town,Near office complex,Human Error,Yes,Grievous Injury,Hit pedestrian,Controlled,Straight and flat,Two way,Bitumen(Tar),Dry,No influence on accident,Clear,12th cross dipanjali nagar,HDEC Bank,1km,0.0,0.0
Bengaluru City,Byatrarayanapura Traffic PS,1.04432e+16,2019,1,2,Road Accidents,Narrow road,City/Town,Near a religious place,Human Error,Yes,Fatal,Vehicle to Vehicle,Police / Manual,Others,Two way,Bitumen(Tar),Dry,No influence on accident,Fine,Nagarabhavi main road,Near Madduramma temple,4 km,0.0,0.0
Bengaluru City,Byatrarayanapura Traffic PS,1.04432e+16,2019,1,1,Road Accidents,Narrow road,City/Town,Near a recreation place/cinema,Human Error,No,Fatal,Hit pedestrian,Controlled,Straight and flat,Two way,Bitumen(Tar),Dry,No influence on accident,Clear,Girinagara main road,Near BDA park,2 km,12.943233,77.542747
Bengaluru City,Byatrarayanapura Traffic PS,1.04432e+16,2019,1,1,Road Accidents,Other,City/Town,Near Bus stop,Human Error,No,Fatal,Hit pedestrian,Controlled,Others,Two way,Bitumen(Tar),Dry,No influence on accident,Clear,Chandra layout sky line apartment road,Near Balaji silk juction,3 km,0.0,0.0
Bengaluru City,Byatrarayanapura Traffic PS,1.04432e+16,2019,1,2,Road Accidents,Not Applicable,City/Town,Near a factory industrial area,Human Error,Yes,Grievous Injury,Vehicle to Vehicle,Controlled,Straight and flat,State Highway,Bitumen(Tar),Dry,No influence on accident,Clear,Mysore road,Opposite BHEL factory,500mt,0.0,0.0
Bengaluru City,Byatrarayanapura Traffic PS,1.04432e+16,2019,1,2,Road Accidents,Other,City/Town,Residential area,Human Error,No,Damage Only,Rear end,Controlled,Straight and flat,City or Town Road,Bitumen(Tar),Dry,No influence on accident,Clear,Nagarabhavi ring road,In front of Vidyagiri layout,4 km,0.0,0.0
Bengaluru City,Byatrarayanapura Traffic PS,1.04432e+16,2019,1,2,Road Accidents,Not Applicable,City/Town,Near Petrol Pump,Human Error,Yes,Simple Injury,Vehicle to Vehicle,Controlled,Straight and flat,State Highway,Concrete,Others,No influence on accident,Light Rain,Mysore road Hosaguddadahalli,Near Shell petrol bunk,1 km,0.0,0.0
Bengaluru City,Byatrarayanapura Traffic PS,1.04432e+16,2019,1,1,Road Accidents,Not Applicable,City/Town,Near Bus stop,Human Error,Yes,Grievous Injury,Hit pedestrian,Controlled,Others,State Highway,Bitumen(Tar),Dry,No influence on accident,Clear,Mysore road R.R.Arch,Opposite Gopalan arcade,4 km,0.0,0.0
Bengaluru City,Byatrarayanapura Traffic PS,1.04432e+16,2019,1,1,Road Accidents,Cross roads,City/Town,Near School or College,Human Error,No,Grievous Injury,Hit pedestrian,Controlled,Others,Residential Street,Bitumen(Tar),Dry,No influence on accident,Clear,Bapuji nagara 3rd A cross,Near Mahadeva school,2 km,0.0,0.0
Bengaluru City,Byatrarayanapura Traffic PS,1.04432e+16,2019,1,2,Road Accidents,Not Applicable,City/Town,Near Bus stop,Human Error,No,Grievous Injury,Vehicle to Vehicle,Controlled,Straight and flat,Two way,Bitumen(Tar),Dry,No influence on accident,Fine,Nagarabhavi ring road,Near Nagarabhavi bridge,4 km,0.0,0.0
Bengaluru City,Byatrarayanapura Traffic PS,1.04432e+16,2019,1,2,Road Accidents,Bridge,City/Town,Narrow bridge or culverts,Human Error,No,Grievous Injury,Others,Controlled,Straight and flat,State Highway,Bitumen(Tar),Dry,No influence on accident,Clear,Mysore road,Near Jnanabharathi bridge,4 km,0.0,0.0
Bengaluru City,Byatrarayanapura Traffic PS,1.04432e+16,2019,1,2,Road Accidents,Other,City/Town,Near office complex,Human Error,Yes,Grievous Injury,Rear end,Not at  Junction,Straight and flat,State Highway,Bitumen(Tar),Dry,No influence on accident,Clear,Mysore road,Opposite Ajay TVS show room,1km,0.0,0.0
Bengaluru City,Byatrarayanapura Traffic PS,1.04432e+16,2019,1,2,Road Accidents,More than four arms,City/Town,Near Petrol Pump,Human Error,Yes,Grievous Injury,Hit and Run,Controlled,Others,City or Town Road,Bitumen(Tar),Dry,No influence on accident,Clear,Avalahalli 50 feet road,Near ESSAR petrol bunk,1km,0.0,0.0