DISTRICTNAME,UNITNAME,Crime_No,Year,RI,Noofvehicle_involved,Accident_Classification,Accident_Spot,Accident_Location,Accident_SubLocation,Main_Cause,Hit_Run,Severity,Collision_Type,Junction_Control,Road_Character,Road_Type,Surface_Type,Surface_Condition,Road_Condition,Weather,Accident_Road,Landmark_first,Distance_LandMark_First,Latitude,Longitude
Bengaluru City,Byatrarayanapura Traffic PS,1.04432e+16,2021,1,1,Road Accidents,Cross roads,City/Town,Open area,Human Error,No,Grievous Injury,Hit pedestrian,Uncontrolled,Straight and flat,Two way,Bitumen(Tar),Dry,No influence on accident,Fine,infront of ambedkar samudaya bhavana avalahalli vinobha colony 4th cross,infront of ambedkar samudaya bhavana avalahalli vinobha colony 4th cross,4km,12.944042,77.546147
Bengaluru City,Byatrarayanapura Traffic PS,1.04432e+16,2021,1,2,Road Accidents,Circle,City/Town,Open area,Human Error,No,Simple Injury,Vehicle to Vehicle,Uncontrolled,Straight and flat,Others,Bitumen(Tar),Others,No influence on accident,Fine,near indira canteen 80 feet road chandralayout ganapathi nagara,near indira canteen 80 feet road chandralayout ganapathi nagara,3km,12.957925,77.527232
Bengaluru City,Byatrarayanapura Traffic PS,1.04432e+16,2021,1,1,Road Accidents,Not Applicable,City/Town,Near Bus stop,Human Error,No,Grievous Injury,Hit pedestrian,Controlled,Straight and flat,State Highway,Bitumen(Tar),Dry,No influence on accident,Fine,Mysore road Nayandahalli,Near Nayandahalli metro station,2 km,12.94632,77.53037
Bengaluru City,Byatrarayanapura Traffic PS,1.04432e+16,2021,1,1,Road Accidents,Not Applicable,City/Town,Near Bus stop,Human Error,No,Simple Injury,Hit pedestrian,Controlled,Others,Two way,Bitumen(Tar),Dry,No influence on accident,Clear,Nagarabhavi main road,Infront of King fish hotel,4 km,12.960876,77.5204
Bengaluru City,Byatrarayanapura Traffic PS,1.04432e+16,2021,1,2,Road Accidents,Not Applicable,City/Town,Near Bus stop,Human Error,Yes,Grievous Injury,Vehicle to Vehicle,Controlled,Straight and flat,Two way,Bitumen(Tar),Dry,No influence on accident,Clear,Nayandahalli ring road,Gangondahalli junction,4 km,12.947682,77.523964
Bengaluru City,Byatrarayanapura Traffic PS,1.04432e+16,2021,1,2,Road Accidents,Not Applicable,City/Town,Near Hospital,Human Error,No,Damage Only,Vehicle to Vehicle,Controlled,Straight and flat,Two way,Concrete,Dry,No influence on accident,Clear,Nagarabhavi ring road,Near Akshaya netralaya,3 km,12.958114,77.518742
Bengaluru City,Byatrarayanapura Traffic PS,1.04432e+16,2021,1,1,Road Accidents,Narrow road,City/Town,Near Petrol Pump,Human Error,No,Grievous Injury,Hit pedestrian,Controlled,Straight and flat,State Highway,Bitumen(Tar),Dry,No influence on accident,Clear,Mysore road BHEL 2nd gate,Near Shell petrol bunk Mysore road,2 km,12.94741,77.533095
Bengaluru City,Byatrarayanapura Traffic PS,1.04432e+16,2021,1,2,Road Accidents,Not Applicable,City/Town,Near Hospital,Human Error,No,Simple Injury,Vehicle to Vehicle,Controlled,Straight and flat,Two way,Bitumen(Tar),Dry,No influence on accident,Clear,Chandralayout main road,Near A M Hospital Chandra layout,2 km,12.959931,77.531511
Bengaluru City,Byatrarayanapura Traffic PS,1.04432e+16,2021,1,1,Road Accidents,Junction,City/Town,Open area,Human Error,No,Grievous Injury,Hit pedestrian,Controlled,Not Applicable,Two way,Bitumen(Tar),Dry,No influence on accident,Clear,near bangalore one girinagara 50feet road,near bangalore one girinagara 50feet road,1.5km,12.943526,77.538671
Bengaluru City,Byatrarayanapura Traffic PS,1.04432e+16,2021,1,1,Road Accidents,Narrow road,City/Town,Open area,Human Error,No,Simple Injury,Vehicle to Vehicle,Uncontrolled,Others,Others,Bitumen(Tar),Dry,No influence on accident,Fine,Near RR arch  junction,near RR arch junction,3km,12.936424,77.51778
Bengaluru City,Byatrarayanapura Traffic PS,1.04432e+16,2021,1,1,Road Accidents,Narrow road,City/Town,Open area,Human Error,No,Simple Injury,Hit pedestrian,Uncontrolled,Others,Two way,Bitumen(Tar),Others,No influence on accident,Fine,near mahaveer playwoods pantharapalya,near mahaveer playwoods pantharapalya,2km,12.940098,77.524055
Bengaluru City,Byatrarayanapura Traffic PS,1.04432e+16,2021,1,2,Road Accidents,Narrow road,City/Town,Open area,Human Error,No,Simple Injury,Vehicle to Vehicle,Uncontrolled,Straight and flat,State Highway,Concrete,Dry,Not Applicable,Clear,near christian cementry,near christian cementry,2km,12.957134,77.551324
Bengaluru City,Byatrarayanapura Traffic PS,1.04432e+16,2021,1,1,Road Accidents,Narrow road,City/Town,Open area,Human Error,Yes,Fatal,Hit pedestrian,Uncontrolled,Others,Two way,Bitumen(Tar),Not Applicable,No influence on accident,Fine,"near nagarabhavi under pass, nagarabhavi",near nagarabhavi under pass nagarabhavi,3km,12.957788,77.519125
Bengaluru City,Byatrarayanapura Traffic PS,1.04432e+16,2021,1,2,Road Accidents,Not Applicable,City/Town,Near Bus stop,Human Error,No,Simple Injury,Vehicle to Vehicle,Controlled,Straight and flat,Two way,Bitumen(Tar),Dry,No influence on accident,Clear,Nayandahalli ring road,Near Veerabadranagara signle,3 km,12.938477,77.533455
Bengaluru City,Byatrarayanapura Traffic PS,1.04432e+16,2021,1,1,Road Accidents,Offset,City/Town,Near Bus stop,Human Error,Yes,Grievous Injury,Not Applicable,Controlled,Straight and flat,Two way,Bitumen(Tar),Dry,No influence on accident,Clear,Avalahalli 8th main road,Near Kuvempu rangamandhira,2 km,12.944411,77.543169
Bengaluru City,Byatrarayanapura Traffic PS,1.04432e+16,2021,1,1,Road Accidents,Narrow road,City/Town,Near Petrol Pump,Human Error,No,Grievous Injury,Not Applicable,Not at  Junction,Straight and flat,Not Applicable,Bitumen(Tar),Dry,Not Applicable,Cloudy,near Shell petrol bunk Mysore road,Near Shell petrol bunk Mysore road,1 km,12.947228,77.532571
Bengaluru City,Byatrarayanapura Traffic PS,1.04432e+16,2021,1,2,Not Applicable,Curves,City/Town,Open area,Human Error,Not Applicable,Not Applicable,Vehicle to Vehicle,Uncontrolled,Not Applicable,Others,Bitumen(Tar),Others,Not Applicable,Fine,near HDFC bank nayandahalli under pass,near HDFC bank nayandahalli under pass,3km,0.0,0.0
Bengaluru City,Byatrarayanapura Traffic PS,1.04432e+16,2021,1,1,Road Accidents,Narrow road,City/Town,Near Bus stop,Human Error,No,Simple Injury,Hit pedestrian,Controlled,Others,State Highway,Bitumen(Tar),Dry,Not Applicable,Clear,near nayandanahalli metro stop,opp metro stop,2,12.94643,77.530586
Bengaluru City,Byatrarayanapura Traffic PS,1.04432e+16,2021,1,2,Road Accidents,Junction,City/Town,Residential area,Human Error,No,Grievous Injury,Vehicle to Vehicle,No signal lights,Others,Two way,Bitumen(Tar),Dry,No influence on accident,Clear,ITI layout 18th cross,ITI layout BBMP park,4 km,12.949958,77.52101
Bengaluru City,Byatrarayanapura Traffic PS,1.04432e+16,2021,1,1,Road Accidents,Not Applicable,City/Town,Near a religious place,Human Error,No,Fatal,Hit pedestrian,Controlled,Straight and flat,State Highway,Bitumen(Tar),Dry,No influence on accident,Clear,Mysore road Byatarayanapura,Near Gali Anjaneya temple,500 mt,0.0,0.0
Bengaluru City,Byatrarayanapura Traffic PS,1.04432e+16,2021,1,1,Road Accidents,Narrow road,City/Town,Near Bus stop,Human Error,No,Grievous Injury,Hit pedestrian,Controlled,Straight and flat,Two way,Bitumen(Tar),Dry,No influence on accident,Light Rain,Nagarabhavi ring road,Near Manasanagara Bus stop sky walk,4 km,12.959179,77.516694
Bengaluru City,Byatrarayanapura Traffic PS,1.04432e+16,2021,1,3,Road Accidents,Junction,City/Town,Open area,Human Error,No,Simple Injury,Vehicle to Vehicle,Not at  Junction,Straight and flat,Others,Bitumen(Tar),Others,Not Applicable,Clear,nayandahalli ring road gangondanahalli junction,near nayandahalli junction,2km,0.0,0.0
Bengaluru City,Byatrarayanapura Traffic PS,1.04432e+16,2021,1,2,Road Accidents,Cross roads,City/Town,Open area,Human Error,No,Fatal,Vehicle to Vehicle,Uncontrolled,Others,Others,Bitumen(Tar),Dry,Not Applicable,Fine,timbar yard layout main road,timbar yard layout main road,2km,0.0,0.0
Bengaluru City,Byatrarayanapura Traffic PS,1.04432e+16,2021,1,1,Road Accidents,Not Applicable,City/Town,Near Bus stop,Human Error,No,Fatal,Not Applicable,Controlled,Others,State Highway,Bitumen(Tar),Dry,No influence on accident,Fine,Mysore road Hosaguddadahalli,Near Hosaguddadahalli juction,1 km,12.956104,77.546582
Bengaluru City,Byatrarayanapura Traffic PS,1.04432e+16,2021,1,2,Road Accidents,Not Applicable,City/Town,Near office complex,Human Error,No,Damage Only,Vehicle to Vehicle,Controlled,Straight and flat,State Highway,Bitumen(Tar),Dry,No influence on accident,Clear,Mysore road,in front of Feather light company,1 km,12.955288,77.545191
Bengaluru City,Byatrarayanapura Traffic PS,1.04432e+16,2021,1,2,Road Accidents,Not Applicable,City/Town,Near School or College,Human Error,No,Grievous Injury,Vehicle to Vehicle,Controlled,Straight and flat,Two way,Bitumen(Tar),Dry,No influence on accident,Clear,Jnanabharathi main road,In front of Law college,4 km,12.954721,77.517839
Bengaluru City,Byatrarayanapura Traffic PS,1.04432e+16,2021,1,2,Road Accidents,Not Applicable,City/Town,Near Bus stop,Human Error,No,Fatal,Vehicle to Vehicle,Controlled,Straight and flat,Two way,Bitumen(Tar),Dry,No influence on accident,Clear,Nayandahalli ring road,Near Nandhi links ground,2 km,0.0,0.0
Bengaluru City,Byatrarayanapura Traffic PS,1.04432e+16,2021,1,2,Road Accidents,Narrow road,City/Town,Near School or College,Human Error,Yes,Damage Only,Vehicle to Vehicle,Uncontrolled,Others,Two way,Bitumen(Tar),Dry,Not Applicable,Fine,"2nd main road, bluebella school canera bank colony",2nd main road bluebella school canera bank colony,4km,12.965919,77.524777
Bengaluru City,Byatrarayanapura Traffic PS,1.04432e+16,2021,1,2,Road Accidents,Junction,City/Town,Open area,Human Error,No,Damage Only,Vehicle to Vehicle,Controlled,Straight and flat,State Highway,Bitumen(Tar),Dry,Not Applicable,Clear,Near RR arch  junction,near nandagokul veg hotel,3jm,12.936367,77.516543
Bengaluru City,Byatrarayanapura Traffic PS,1.04432e+16,2021,1,2,Road Accidents,Narrow road,City/Town,Near office complex,Human Error,Yes,Grievous Injury,Vehicle to Vehicle,Uncontrolled,Straight and flat,State Highway,Bitumen(Tar),Dry,No influence on accident,Others,"near bhagyalakshmi rice mil, guddadahalli",bhagyalakshmi rice mil guddadahalli,1.5km,12.956268,77.546991
Bengaluru City,Byatrarayanapura Traffic PS,1.04432e+16,2021,1,2,Road Accidents,Cross roads,City/Town,Open area,Human Error,Yes,Damage Only,Vehicle to Vehicle,No signal lights,Others,Residential Street,Bitumen(Tar),Dry,Not Applicable,Fine,"OPP NO-01,2ND CROSS ISAC MAIN ROAD",HOUS NUMB 01 2ND CROSS ISAC MAIN ROAD,2km,0.0,0.0
Bengaluru City,Byatrarayanapura Traffic PS,1.04432e+16,2021,1,2,Road Accidents,Junction,City/Town,Open area,Human Error,No,Not Applicable,Vehicle to Vehicle,Controlled,Straight and flat,State Highway,Bitumen(Tar),Dry,Not Applicable,Clear,Near RR arch  junction,Near RR arch  junction,3km,12.93589,77.51391
Bengaluru City,Byatrarayanapura Traffic PS,1.04432e+16,2021,1,1,Road Accidents,Junction,City/Town,Open area,Human Error,No,Simple Injury,Hit pedestrian,Uncontrolled,Others,Two way,Bitumen(Tar),Dry,No influence on accident,Fine,near maralu lorry stand nayandahalli ring road,near maralu lorry stand nayandahalli ring road,3km,12.940763,77.531879
Bengaluru City,Byatrarayanapura Traffic PS,1.04432e+16,2021,1,1,Road Accidents,Not Applicable,City/Town,Near a factory industrial area,Human Error,No,Fatal,Not Applicable,Controlled,Others,State Highway,Bitumen(Tar),Dry,No influence on accident,Clear,Mysore road near Kinco junction,Near BHEL factory,500 mt,12.948331,77.535195
Bengaluru City,Byatrarayanapura Traffic PS,1.04432e+16,2021,1,2,Road Accidents,Not Applicable,City/Town,Near Bus stop,Human Error,No,Grievous Injury,Vehicle to Vehicle,Controlled,Others,Two way,Bitumen(Tar),Dry,No influence on accident,Clear,Gangondahalli main road,Near Bangalore one,3 km,12.956932,77.528691
Bengaluru City,Byatrarayanapura Traffic PS,1.04432e+16,2021,1,1,Road Accidents,Not Applicable,City/Town,Near Bus stop,Human Error,No,Fatal,Hit pedestrian,Controlled,Straight and flat,Two way,Bitumen(Tar),Dry,No influence on accident,Light Rain,Nayandahalli ring road,Near Gangondahalli juction,3 km,12.947144,77.525356
Bengaluru City,Byatrarayanapura Traffic PS,1.04432e+16,2021,1,1,Road Accidents,Narrow road,City/Town,Near Bus stop,Human Error,No,Grievous Injury,Hit pedestrian,Police / Manual,Straight and flat,State Highway,Bitumen(Tar),Dry,No influence on accident,Clear,Mysore road Pantharapalya,Near pantharapalaya metro station,2 km,12.94106,77.524777
Bengaluru City,Byatrarayanapura Traffic PS,1.04432e+16,2021,1,2,Road Accidents,Narrow road,City/Town,Open area,Human Error,No,Simple Injury,Vehicle to Vehicle,Not Applicable,Others,Others,Bitumen(Tar),Dry,No influence on accident,Fine,near nayandhalli flyover,near nayandhalli flyover,2km,12.945998,77.526889
Bengaluru City,Byatrarayanapura Traffic PS,1.04432e+16,2021,1,2,Road Accidents,Not Applicable,City/Town,Open area,Human Error,No,Simple Injury,Not Applicable,Controlled,Others,Others,Bitumen(Tar),Others,Not Applicable,Others,nayandahalli under pass,nayandahalli under pass,3km,12.946005,77.526777
Bengaluru City,Byatrarayanapura Traffic PS,1.04432e+16,2021,1,2,Road Accidents,Junction,City/Town,Open area,Human Error,No,Simple Injury,Vehicle to Vehicle,Controlled,Curve,State Highway,Concrete,Dry,No influence on accident,Cloudy,near Anjaneya temple hosaguddadahalli mysure road,near Anjaneya temple hosaguddadahalli mysure road,1.5km,12.956153,77.546429
Bengaluru City,Byatrarayanapura Traffic PS,1.04432e+16,2022,1,1,Road Accidents,Narrow road,City/Town,Residential area,Human Error,Not Applicable,Simple Injury,Hit pedestrian,No signal lights,Incline,Residential Street,Bitumen(Tar),Dry,Not Applicable,Clear,gangondanahlli,opp anthoney chruch,2,12.951635,77.527169
Bengaluru City,Byatrarayanapura Traffic PS,1.04432e+16,2022,1,2,Road Accidents,Junction,City/Town,Near Bus stop,Human Error,No,Simple Injury,Vehicle to Vehicle,Controlled,Others,State Highway,Bitumen(Tar),Dry,Not Applicable,Clear,r r arch junction,mysore road,3,12.936259,77.518281
Bengaluru City,Byatrarayanapura Traffic PS,1.04432e+16,2022,1,2,Road Accidents,Junction,City/Town,Near Bus stop,Human Error,No,Grievous Injury,Vehicle to Vehicle,Signal lights Automatic,Straight and flat,State Highway,Bitumen(Tar),Dry,Not Applicable,Clear,mysore road hosaguddadahalli,hosaguddahalli,2 km,12.956086,77.546324
Bengaluru City,Byatrarayanapura Traffic PS,1.04432e+16,2022,1,2,Road Accidents,Narrow road,City/Town,Near office complex,Human Error,Yes,Fatal,Vehicle to Vehicle,Uncontrolled,Straight and flat,State Highway,Bitumen(Tar),Dry,Not Applicable,Clear,mysore road,NEAR SELL PETROL BUNK,1km,0.0,0.0
Bengaluru City,Byatrarayanapura Traffic PS,1.04432e+16,2022,1,2,Road Accidents,Offset,City/Town,Open area,Vehicle Defect,No,Damage Only,Vehicle to Vehicle,Uncontrolled,Others,Others,Not Applicable,Others,Not Applicable,Others,mysore road,mysore road near KIMKO,1,0.0,0.0
Bengaluru City,Byatrarayanapura Traffic PS,1.04432e+16,2022,1,1,Road Accidents,Not Applicable,City/Town,Open area,Human Error,No,Grievous Injury,Hit pedestrian,Uncontrolled,Others,Others,Bitumen(Tar),Others,No influence on accident,Others,infront of Poorvika mobile shop chandralayout,infront of Poorvika mobile shop chandralayout,3km,12.963064,77.523467
Bengaluru City,Byatrarayanapura Traffic PS,1.04432e+16,2022,1,2,Road Accidents,Not Applicable,City/Town,Narrow bridge or culverts,Human Error,No,Simple Injury,Vehicle to Vehicle,Not at  Junction,Incline,Two way,Bitumen(Tar),Dry,No influence on accident,Clear,nayandanahalli flyover,nayandanahalli to dg circle,2,0.0,0.0
Bengaluru City,Byatrarayanapura Traffic PS,1.04432e+16,2022,1,1,Road Accidents,Cross roads,City/Town,Residential area,Human Error,No,Simple Injury,Hit pedestrian,Not Applicable,Not Applicable,Sub Arterial,Bitumen(Tar),Dry,No influence on accident,Clear,house no.1029 c,chandhalayout,2km,12.95049,77.52105
Bengaluru City,Byatrarayanapura Traffic PS,1.04432e+16,2022,1,1,Road Accidents,Offset,City/Town,Residential area,Human Error,No,Simple Injury,Not Applicable,Not at  Junction,Others,Residential Street,Bitumen(Tar),Dry,Not Applicable,Clear,near vijaya theater,hosakerehalli,500 mt,12.948685,77.539673
Bengaluru City,Byatrarayanapura Traffic PS,1.04432e+16,2022,1,1,Rail Road Accidents,Curves,City/Town,Open area,Vehicle Defect,No,Grievous Injury,Hit pedestrian,Not Applicable,Others,Not Applicable,Not Applicable,Others,Not Applicable,Clear,14 MAIN CHANDRALAYOUT,14 MAIN,3,0.0,0.0
Bengaluru City,Byatrarayanapura Traffic PS,1.04432e+16,2022,1,2,Road Accidents,Narrow road,City/Town,Narrow bridge or culverts,Human Error,Yes,Fatal,Vehicle to Vehicle,Uncontrolled,Straight and flat,Expressway,Concrete,Dry,Not Applicable,Clear,RING ROAD,NAYANDAHALLI RAILWAY UNDER BRIDGE,02 KM,0.0,0.0
Bengaluru City,Byatrarayanapura Traffic PS,1.04432e+16,2022,1,2,Road Accidents,Junction,City/Town,Open area,Not Applicable,No,Not Applicable,Not Applicable,Signal lights Automatic,Others,Others,Concrete,Wet,Not Applicable,Others,nayandanahallli ring road,NEAR BUS STOP,1 KM,12.945585,77.528088
Bengaluru City,Byatrarayanapura Traffic PS,1.04432e+16,2022,1,1,Road Accidents,Not Applicable,City/Town,Open area,Human Error,No,Grievous Injury,Hit pedestrian,Controlled,Straight and flat,State Highway,Bitumen(Tar),Dry,No influence on accident,Fine,near post office sattalite bus stop mysure road,near post office sattalite bus stop mysure road,1km,0.0,0.0
Bengaluru City,Byatrarayanapura Traffic PS,1.04432e+16,2022,1,2,Road Accidents,Narrow road,City/Town,Open area,Human Error,Yes,Fatal,Vehicle to Vehicle,Uncontrolled,Others,Sub Arterial,Bitumen(Tar),Dry,No influence on accident,Clear,near narth east womens hostel university main road,near narth east womens hostel university main road,3km,0.0,0.0
Bengaluru City,Byatrarayanapura Traffic PS,1.04432e+16,2022,1,1,Road Accidents,Not Applicable,City/Town,Open area,Human Error,No,Grievous Injury,Vehicle to Vehicle,Uncontrolled,Straight and flat,Sub Arterial,Bitumen(Tar),Dry,Not Applicable,Fine,near auto stand timber yard layout,near auto stand timber yard layout,1.5km,12.953273,77.544396
Bengaluru City,Byatrarayanapura Traffic PS,1.04432e+16,2022,1,1,Road Accidents,Cross roads,City/Town,Near Petrol Pump,Human Error,No,Simple Injury,Hit pedestrian,Not at  Junction,Incline,Sub Arterial,Bitumen(Tar),Dry,No influence on accident,Clear,bangalore-1,bda park near,500,12.943873,77.542464
Bengaluru City,Byatrarayanapura Traffic PS,1.04432e+16,2022,1,2,Road Accidents,Junction,City/Town,Near Bus stop,Human Error,No,Grievous Injury,Vehicle to Vehicle,Uncontrolled,Straight and flat,Two way,Bitumen(Tar),Dry,Not Applicable,Clear,suvarnalayout junction,Nayandahalli ring road,2km,12.951747,77.521075
Bengaluru City,Byatrarayanapura Traffic PS,1.04432e+16,2022,1,1,Road Accidents,Narrow road,City/Town,Near Bus stop,Human Error,No,Fatal,Hit pedestrian,Uncontrolled,Straight and flat,State Highway,Bitumen(Tar),Dry,Not Applicable,Cloudy,PANTRAPALYA ROAD,PANTHARA PALYA BUS STOP,2km,12.94291,77.526015
Bengaluru City,Byatrarayanapura Traffic PS,1.04432e+16,2022,1,1,Not Applicable,Narrow road,City/Town,Open area,Human Error,No,Simple Injury,Hit pedestrian,Uncontrolled,Straight and flat,Service Road,Bitumen(Tar),Dry,Not Applicable,Clear,indo pack pactry,indo pack packtry,2km,12.948058,77.528622
Bengaluru City,Byatrarayanapura Traffic PS,1.04432e+16,2022,1,2,Road Accidents,Narrow road,City/Town,Near a factory industrial area,Not Applicable,Not Applicable,Grievous Injury,Vehicle to Vehicle,No signal lights,Others,State Highway,Not Applicable,Not Applicable,Not Applicable,Mist or Fog,mysore road near  bhel,BHAGYA LAKSHMI GORDAN,1.5KM,0.0,0.0
Bengaluru City,Byatrarayanapura Traffic PS,1.04432e+16,2022,1,1,Road Accidents,Curves,City/Town,Open area,Not Applicable,Not Applicable,Grievous Injury,Not Applicable,No signal lights,Curve,Sub Arterial,Not Applicable,Not Applicable,Not Applicable,Fine,"GFC HOTEL, TIMBERYARD LAY OUT",GFC HOTEL,1km,12.951585,77.546204
Bengaluru City,Byatrarayanapura Traffic PS,1.04432e+16,2022,1,1,Road Accidents,Cross roads,City/Town,Residential area,Human Error,No,Simple Injury,Hit pedestrian,Not at  Junction,Curve,Others,Bitumen(Tar),Dry,No influence on accident,Clear,14th main,woc,1 km,12.957033,77.532351
Bengaluru City,Byatrarayanapura Traffic PS,1.04432e+16,2022,1,1,Road Accidents,Junction,City/Town,Open area,Human Error,No,Grievous Injury,Hit pedestrian,Not at  Junction,Straight and flat,State Highway,Bitumen(Tar),Dry,Not Applicable,Clear,near nandagokula hotel rr arch,rr arch,3 km,12.936373,77.516457
Bengaluru City,Byatrarayanapura Traffic PS,1.04432e+16,2022,1,1,Road Accidents,Narrow road,City/Town,Narrow bridge or culverts,Human Error,Yes,Grievous Injury,Not Applicable,Uncontrolled,Straight and flat,Two way,Bitumen(Tar),Dry,Not Applicable,Cloudy,nayandanahalli flyover,nayandanahalli,1,12.946684,77.530361
Bengaluru City,Byatrarayanapura Traffic PS,1.04432e+16,2022,1,1,Road Accidents,Narrow road,City/Town,Open area,Not Applicable,No,Grievous Injury,Hit pedestrian,Signal lights Automatic,Not Applicable,Others,Bitumen(Tar),Others,Not Applicable,Others,WEST OF CHORD ROAD,2,2,12.959714,77.533257
Bengaluru City,Byatrarayanapura Traffic PS,1.04432e+16,2022,1,1,Road Accidents,Narrow road,City/Town,Open area,Not Applicable,No,Grievous Injury,Not Applicable,Uncontrolled,Not Applicable,Others,Not Applicable,Others,Not Applicable,Others,Mysore road Near Kinco juction,NEAR MYSOUR ROAD BHEL FACTORY,500 mt,0.0,0.0
Bengaluru City,Byatrarayanapura Traffic PS,1.04432e+16,2022,1,1,Road Accidents,Narrow road,City/Town,Open area,Not Applicable,Not Applicable,Grievous Injury,Hit pedestrian,No signal lights,Others,State Highway,Not Applicable,Not Applicable,Not Applicable,Fog / Mist,near mariyamma temple apntharapalya mysore road,mariyamma temple,3 km,0.0,0.0
Bengaluru City,Byatrarayanapura Traffic PS,1.04432e+16,2022,1,2,Road Accidents,Narrow road,City/Town,Near office complex,Human Error,Not Applicable,Fatal,Vehicle to Vehicle,No signal lights,Others,Two way,Bitumen(Tar),Dry,Not Applicable,Mist or Fog,CHANDRALAYOUT 80 FEET ROAD,OPP POOJA RESTORENT,2.5 km,0.0,0.0
Bengaluru City,Byatrarayanapura Traffic PS,1.04432e+16,2022,1,1,Road Accidents,Narrow road,City/Town,Open area,Human Error,No,Simple Injury,Hit pedestrian,Uncontrolled,Others,Others,Bitumen(Tar),Others,No influence on accident,Fine,near oxford school ITI layout nagarabhavi,near oxford school ITI layout nagarabhavi,3KM,0.0,0.0
Bengaluru City,Byatrarayanapura Traffic PS,1.04432e+16,2022,1,1,Road Accidents,Circle,City/Town,Near or inside a village,Human Error,No,Simple Injury,Not Applicable,Controlled,Incline,Others,Bitumen(Tar),Dry,Not Applicable,Clear,bangalore-1,near bda park,500,12.943251,77.542567
Bengaluru City,Byatrarayanapura Traffic PS,1.04432e+16,2022,1,2,Road Accidents,Not Applicable,City/Town,Near Petrol Pump,Human Error,Yes,Simple Injury,Vehicle to Vehicle,Not Applicable,Incline,State Highway,Bitumen(Tar),Dry,No influence on accident,Clear,mysore road shell petrol bunk,mysore road,1 km,12.94701,77.531826
Bengaluru City,Byatrarayanapura Traffic PS,1.04432e+16,2022,1,1,Road Accidents,Narrow road,City/Town,Near a religious place,Human Error,No,Simple Injury,Hit pedestrian,Police / Manual,Incline,State Highway,Bitumen(Tar),Dry,No influence on accident,Clear,mysore rd bapujinagr,galianjaneya temple,500,12.952421,77.541126
Bengaluru City,Byatrarayanapura Traffic PS,1.04432e+16,2022,1,2,Road Accidents,Narrow road,City/Town,Narrow bridge or culverts,Human Error,No,Simple Injury,Vehicle to Vehicle,Not at  Junction,Curve,Sub Arterial,Concrete,Dry,No influence on accident,Clear,outer ring rd,nayandanahalli,3,12.946325,77.525484
Bengaluru City,Byatrarayanapura Traffic PS,1.04432e+16,2022,1,1,Road Accidents,Not Applicable,City/Town,Near office complex,Human Error,No,Simple Injury,Not Applicable,Not at  Junction,Steep Incline or Climb,Two way,Bitumen(Tar),Dry,No influence on accident,Clear,woc,attiguppe,1 km,12.957851,77.534071
Bengaluru City,Byatrarayanapura Traffic PS,1.04432e+16,2022,1,2,Road Accidents,Cross roads,City/Town,Near Bus stop,Human Error,No,Grievous Injury,Vehicle to Vehicle,Not Applicable,Curve,Service Road,Bitumen(Tar),Dry,Not Applicable,Clear,Nagarabhavi under pass,nagarbhavi main rd,2 km,12.959038,77.516632
Bengaluru City,Byatrarayanapura Traffic PS,1.04432e+16,2022,1,1,Road Accidents,Narrow road,City/Town,Open area,Not Applicable,No,Grievous Injury,Hit pedestrian,Uncontrolled,Others,Others,Not Applicable,Others,Not Applicable,Others,KALYAN NAGAR ROAD,NEAR KALYAN NAGARA BUS STAND,2km,12.967363,77.523774