DISTRICTNAME,UNITNAME,Crime_No,Year,RI,Noofvehicle_involved,Accident_Classification,Accident_Spot,Accident_Location,Accident_SubLocation,Main_Cause,Hit_Run,Severity,Collision_Type,Junction_Control,Road_Character,Road_Type,Surface_Type,Surface_Condition,Road_Condition,Weather,Accident_Road,Landmark_first,Distance_LandMark_First,Latitude,Longitude
Bengaluru City,Byatrarayanapura Traffic PS,1.04432e+16,2022,1,2,Not Applicable,Junction,City/Town,Open area,Human Error,Not Applicable,Grievous Injury,Vehicle to Vehicle,Controlled,Others,State Highway,Bitumen(Tar),Dry,No influence on accident,Clear,near RR arch mysure road,near RR arch mysure road,3km,0.0,0.0
Bengaluru City,Byatrarayanapura Traffic PS,1.04432e+16,2022,1,1,Road Accidents,Narrow road,City/Town,Open area,Not Applicable,Not Applicable,Grievous Injury,Hit pedestrian,No signal lights,Curve,Sub Arterial,Not Applicable,Not Applicable,Not Applicable,Mist or Fog,58 bus stop near sattlight bus stop,58 bus stop,1.5km,0.0,0.0
Bengaluru City,Byatrarayanapura Traffic PS,1.04432e+16,2022,1,1,Other Railway Accidents,Narrow road,City/Town,In bazaar,Not Applicable,No,Simple Injury,Hit pedestrian,Uncontrolled,Others,Mixed,Surfaced,Others,Not Applicable,Others,MUDALAPAYA,MUDALAYAPALYA,2,0.0,0.0
Bengaluru City,Byatrarayanapura Traffic PS,1.04432e+16,2022,1,2,Road Accidents,Narrow road,City/Town,Residential area,Not Applicable,Yes,Simple Injury,Vehicle to Vehicle,Uncontrolled,Straight and flat,Not Applicable,Bitumen(Tar),Not Applicable,Not Applicable,Others,Hosakere Halli Main Road,Hosaguddadahalli signal mysore road,1.5 Km,0.0,0.0
Bengaluru City,Byatrarayanapura Traffic PS,1.04432e+16,2022,1,2,Road Accidents,Circle,City/Town,Open area,Human Error,No,Simple Injury,Vehicle to Vehicle,Uncontrolled,Straight and flat,Others,Bitumen(Tar),Dry,Not Applicable,Fine,near total gas nayanadanahalli ring road,near total gas nayanadanahalli ring road,3km,12.944037,77.530169
Bengaluru City,Byatrarayanapura Traffic PS,1.04432e+16,2022,1,2,Road Accidents,Cross roads,City/Town,Near Hospital,Human Error,No,Simple Injury,Vehicle to Vehicle,Not Applicable,Others,Service Road,Bitumen(Tar),Dry,Not Applicable,Clear,N A K PARTY HALL,timberyard rd,3,12.954439,77.54629
Bengaluru City,Byatrarayanapura Traffic PS,1.04432e+16,2022,1,2,Road Accidents,Circle,City/Town,Near Bus stop,Human Error,No,Fatal,Vehicle to Vehicle,Controlled,Not Applicable,Sub Arterial,Bitumen(Tar),Dry,No influence on accident,Clear,hoysala tempo stand,nagarabhavi,3 km,12.959868,77.519592
Bengaluru City,Byatrarayanapura Traffic PS,1.04432e+16,2022,1,1,Not Applicable,Narrow road,City/Town,At pedestrian Crossing,Not Applicable,No,Fatal,Hit pedestrian,Not at  Junction,Straight and flat,Major District Road,Concrete,Not Applicable,Not Applicable,Clear,Nayanshalli Ring road,Nayandhalli Road,2km,12.943052,77.525989
Bengaluru City,Byatrarayanapura Traffic PS,1.04432e+16,2022,1,1,Road Accidents,Narrow road,City/Town,Residential area,Human Error,No,Grievous Injury,Hit pedestrian,Uncontrolled,Slight Curve,Two way,Bitumen(Tar),Dry,Not Applicable,Clear,HOSKEREHALLI,INFRONT OF DURBAR HOTEL,500 mt,12.950791,77.539182
Bengaluru City,Byatrarayanapura Traffic PS,1.04432e+16,2022,1,1,Road Accidents,Junction,City/Town,Open area,Human Error,No,Grievous Injury,Hit pedestrian,Signal lights Automatic,Straight and flat,Two way,Bitumen(Tar),Dry,Not Applicable,Clear,chandra layout,chandhalayout,2 km,0.0,0.0
Bengaluru City,Byatrarayanapura Traffic PS,1.04432e+16,2022,1,2,Road Accidents,Cross roads,City/Town,Open area,Human Error,No,Simple Injury,Vehicle to Vehicle,Uncontrolled,Not Applicable,Sub Arterial,Bitumen(Tar),Dry,No influence on accident,Clear,near rosewood hotel timber yard,near rosewood hotel timber yard,2km,12.953341,77.544918
Bengaluru City,Byatrarayanapura Traffic PS,1.04432e+16,2022,1,2,Not Applicable,Not Applicable,City/Town,Open area,Human Error,No,Grievous Injury,Vehicle to Vehicle,Not Applicable,Straight and flat,Sub Arterial,Bitumen(Tar),Dry,No influence on accident,Clear,near bapujinagar bus stop mysure road,near bapujinagar bus stop mysure road,2km,12.953358,77.541959
Bengaluru City,Byatrarayanapura Traffic PS,1.04432e+16,2022,1,1,Road Accidents,Not Applicable,City/Town,Open area,Human Error,Yes,Fatal,Hit pedestrian,Uncontrolled,Straight and flat,State Highway,Bitumen(Tar),Dry,No influence on accident,Others,near anjaneya temple mysure road,near anjaneya temple mysure road,1km,0.0,0.0
Bengaluru City,Byatrarayanapura Traffic PS,1.04432e+16,2022,1,1,Road Accidents,Junction,City/Town,Open area,Not Applicable,No,Grievous Injury,Hit pedestrian,Signals (Working),Others,One way,Bitumen(Tar),Others,No influence on accident,Not Applicable,RING ROAD,Near Deegouda Circle,3 km,0.0,0.0
Bengaluru City,Byatrarayanapura Traffic PS,1.04432e+16,2022,1,2,Road Accidents,Circle,City/Town,Near Bus stop,Human Error,No,Simple Injury,Vehicle to Vehicle,Police / Manual,Others,Residential Street,Bitumen(Tar),Dry,No influence on accident,Clear,nagarabhavi circul,circul,4,0.0,0.0
Bengaluru City,Byatrarayanapura Traffic PS,1.04432e+16,2022,1,1,Road Accidents,Not Applicable,City/Town,Residential area,Human Error,No,Simple Injury,Hit pedestrian,Not Applicable,Straight and flat,Sub Arterial,Bitumen(Tar),Dry,Not Applicable,Clear,"no.33, 1st main d cross",hosaguddahalli,500,12.956909,77.545206
Bengaluru City,Byatrarayanapura Traffic PS,1.04432e+16,2022,1,1,Road Accidents,Cross roads,City/Town,Near School or College,Human Error,Yes,Grievous Injury,Hit pedestrian,Not Applicable,Curve,Residential Street,Bitumen(Tar),Dry,Not Applicable,Clear,Near siddaganga school chandra leyout,near siddaganga school,2km,12.954363,77.523033
Bengaluru City,Byatrarayanapura Traffic PS,1.04432e+16,2022,1,3,Rail Road Accidents,Narrow road,City/Town,Near Petrol Pump,Vehicle Defect,No,Grievous Injury,Vehicle to Vehicle,Uncontrolled,Others,NH,Surfaced,Others,Drainage Ditch,Fine,NEAR MYSOUR ROAD TORRINO FACTORY,NEAR MYSOUR ROAD TORRINO FACTORY,2km,12.936242,77.515306
Bengaluru City,Byatrarayanapura Traffic PS,1.04432e+16,2022,1,2,Not Applicable,Not Applicable,City/Town,Open area,Human Error,No,Simple Injury,Vehicle to Vehicle,Uncontrolled,Others,State Highway,Bitumen(Tar),Dry,Not Applicable,Clear,near torina factory mysure road,near torina factory mysure road,2km,0.0,0.0
Bengaluru City,Byatrarayanapura Traffic PS,1.04432e+16,2022,1,1,Not Applicable,Narrow road,City/Town,Open area,Human Error,No,Grievous Injury,Hit pedestrian,Uncontrolled,Others,Others,Bitumen(Tar),Dry,No influence on accident,Others,near vijaya bank road mudalapalya,near vijaya bank road mudalapalya,4km,0.0,0.0
Bengaluru City,Byatrarayanapura Traffic PS,1.04432e+16,2022,1,2,Road Accidents,Narrow road,City/Town,Open area,Not Applicable,No,Grievous Injury,Vehicle to Vehicle,Stop Sign,Not Applicable,Others,Concrete,Others,Not Applicable,Fine,BYATARANPURA MAIN ROAD,MUDALAYAPALYA,02 KM,0.0,0.0
Bengaluru City,Byatrarayanapura Traffic PS,1.04432e+16,2022,1,1,Road Accidents,Cross roads,City/Town,Near Bus stop,Human Error,Yes,Fatal,Not Applicable,Uncontrolled,Straight and flat,Sub Arterial,Concrete,Dry,No influence on accident,Fine,near KSRTC bus stop back gate,near KSRTC bus stop back gate,2km,12.952297,77.54451
Bengaluru City,Byatrarayanapura Traffic PS,1.04432e+16,2022,1,1,Road Accidents,Not Applicable,City/Town,Near Bus stop,Human Error,No,Fatal,Hit pedestrian,Uncontrolled,Others,Others,Bitumen(Tar),Others,No influence on accident,Others,near auto stand timber yard layout,near auto stand timber yard layout,2km,12.951954,77.544415
Bengaluru City,Byatrarayanapura Traffic PS,1.04432e+16,2022,1,2,Road Accidents,Cross roads,City/Town,Residential area,Human Error,No,Simple Injury,Vehicle to Vehicle,Not at  Junction,Incline,Others,Bitumen(Tar),Dry,No influence on accident,Others,nayandanahalli railway underpass,service road,2,12.946883,77.524974
Bengaluru City,Byatrarayanapura Traffic PS,1.04432e+16,2022,1,1,Road Accidents,Not Applicable,Rural Areas,Near Bus stop,Human Error,No,Fatal,Hit pedestrian,Not Applicable,Others,Not Applicable,Bitumen(Tar),Dry,No influence on accident,Clear,satalight bus,ksrtc,1 km,12.952208,77.543799
Bengaluru City,Byatrarayanapura Traffic PS,1.04432e+16,2022,1,2,Road Accidents,Junction,City/Town,Near Bus stop,Human Error,No,Simple Injury,Vehicle to Vehicle,Signals (Working),Straight and flat,State Highway,Concrete,Dry,No influence on accident,Clear,Nayadahalli junction,mysore road,3km,12.936259,77.518118
Bengaluru City,Byatrarayanapura Traffic PS,1.04432e+16,2022,1,1,Road Accidents,Narrow road,City/Town,Near a factory industrial area,Not Applicable,No,Fatal,Hit pedestrian,Uncontrolled,Others,State Highway,Not Applicable,Others,Not Applicable,Fine,MYSORE ROAD BHEL OPPSIT,MYSORE ROAD BHEL OPPSIT,1km,12.949496,77.536563
Bengaluru City,Byatrarayanapura Traffic PS,1.04432e+16,2022,1,2,Road Accidents,Cross roads,City/Town,Near Bus stop,Human Error,Not Applicable,Grievous Injury,Vehicle to Vehicle,Uncontrolled,Slight Curve,Service Road,Bitumen(Tar),Dry,Not Applicable,Cloudy,NAGARABHAVI Service road,Near BBMP Toilet,3km,12.958117,77.519129
Bengaluru City,Byatrarayanapura Traffic PS,1.04432e+16,2022,1,4,Road Accidents,Junction,City/Town,Near Bus stop,Human Error,Yes,Fatal,Vehicle to Vehicle,Uncontrolled,Slight Curve,State Highway,Concrete,Dry,No influence on accident,Fog / Mist,MYSORE ROAD,OPP TO SATELLITE BUS STAND EXIT GATE,0.5 KM,12.953737,77.542977
Bengaluru City,Byatrarayanapura Traffic PS,1.04432e+16,2022,1,1,Not Applicable,Narrow road,City/Town,Open area,Human Error,Yes,Fatal,Hit pedestrian,Uncontrolled,Straight and flat,Sub Arterial,Bitumen(Tar),Dry,No influence on accident,Others,in front of mediclue daigonstic centre nagarabhavi ring road,in front of mediclue daigonstic centre nagarabhavi ring road,3km,12.9588563,77.5171399
Bengaluru City,Byatrarayanapura Traffic PS,1.04432e+16,2022,1,2,Not Applicable,Junction,City/Town,Open area,Human Error,No,Fatal,Vehicle to Vehicle,Uncontrolled,Others,Sub Arterial,Bitumen(Tar),Dry,Not Applicable,Clear,near blaze international school,near blaze international school,4km,0.0,0.0
Bengaluru City,Byatrarayanapura Traffic PS,1.04432e+16,2022,1,2,Road Accidents,Narrow road,City/Town,Open area,Human Error,No,Fatal,Vehicle to Vehicle,Controlled,Straight and flat,Sub Arterial,Bitumen(Tar),Dry,No influence on accident,Clear,near nagarabhavi circle,near nagarabhavi circle,3km,12.958422,77.518828
Bengaluru City,Byatrarayanapura Traffic PS,1.04432e+16,2022,1,1,Road Accidents,Narrow road,City/Town,Near Bus stop,Human Error,No,Grievous Injury,Vehicle to Vehicle,Not at  Junction,Not Applicable,NH,Concrete,Dry,Not Applicable,Fine,RING ROAD,IN FRONT OF INDIAN OIL BUNK,2.5 km,0.0,0.0
Bengaluru City,Byatrarayanapura Traffic PS,1.04432e+16,2022,1,2,Road Accidents,Not Applicable,City/Town,Open area,Human Error,Yes,Fatal,Vehicle to Vehicle,Uncontrolled,Not Applicable,Others,Bitumen(Tar),Dry,Not Applicable,Clear,near pantarapalya bus stop mysure road,near pantarapalya bus stop mysure road,2km,12.942461,77.525717
Bengaluru City,Byatrarayanapura Traffic PS,1.04432e+16,2022,1,2,Road Accidents,Not Applicable,City/Town,Open area,Not Applicable,No,Damage Only,Vehicle to Vehicle,Not Applicable,Others,Others,Not Applicable,Others,Not Applicable,Others,mysore road,mysore road near torino factory,1,0.0,0.0
Bengaluru City,Byatrarayanapura Traffic PS,1.04432e+16,2022,1,2,Road Accidents,Circle,City/Town,Open area,Not Applicable,No,Simple Injury,Vehicle to Vehicle,Not at  Junction,Others,Others,Bitumen(Tar),Wet,No influence on accident,Not Applicable,Kimko Junction,near metro stop,1,0.0,0.0
Bengaluru City,Byatrarayanapura Traffic PS,1.04432e+16,2022,1,2,Not Applicable,Narrow road,City/Town,Narrow bridge or culverts,Road Environment Defect,Yes,Grievous Injury,Vehicle to Vehicle,Not at  Junction,Not Applicable,Not Applicable,Gravel,Not Applicable,Not Applicable,Fine,near nayandahalli service road,BHEL GATE,1 KM,0.0,0.0
Bengaluru City,Byatrarayanapura Traffic PS,1.04432e+16,2022,1,1,Road Accidents,Offset,City/Town,Narrow bridge or culverts,Human Error,No,Fatal,Not Applicable,No signal lights,Not Applicable,Others,Concrete,Dry,No influence on accident,Clear,nayandanahalli outer ring rd,near indira canteen,3 km,12.95077,77.521944
Bengaluru City,Byatrarayanapura Traffic PS,1.04432e+16,2022,1,1,Road Accidents,Circle,City/Town,Near Petrol Pump,Human Error,No,Simple Injury,Not Applicable,No signal lights,Incline,Service Road,Bitumen(Tar),Dry,No influence on accident,Clear,mudalapalya,nagarbhavi main rd,3,12.970291,77.524817
Bengaluru City,Byatrarayanapura Traffic PS,1.04432e+16,2022,1,1,Road Accidents,Circle,City/Town,Near Bus stop,Human Error,No,Simple Injury,Hit pedestrian,Police / Manual,Others,State Highway,Bitumen(Tar),Dry,Not Applicable,Clear,R R ARCH,mysore road,3 km,12.935658,77.518428
Bengaluru City,Byatrarayanapura Traffic PS,1.04432e+16,2022,1,1,Road Accidents,Junction,City/Town,Near office complex,Human Error,Yes,Grievous Injury,Hit pedestrian,Uncontrolled,Straight and flat,Two way,Bitumen(Tar),Dry,Not Applicable,Clear,nayandanahallli ring road,gangondanahalli junction,2,12.946982,77.524704
Bengaluru City,Byatrarayanapura Traffic PS,1.04432e+16,2022,1,2,Not Applicable,Not Applicable,City/Town,Open area,Human Error,Yes,Fatal,Not Applicable,Uncontrolled,Straight and flat,State Highway,Bitumen(Tar),Dry,No influence on accident,Clear,near tata key motor mysure road,near tata key motor mysure road,3km,0.0,0.0
Bengaluru City,Byatrarayanapura Traffic PS,1.04432e+16,2022,1,1,Road Accidents,Not Applicable,City/Town,Open area,Human Error,No,Fatal,Not Applicable,Uncontrolled,Straight and flat,Sub Arterial,Bitumen(Tar),Dry,No influence on accident,Clear,near nagarabhavi service road bito kitchen,near nagarabhavi service road bito kitchen,3km,12.957064,77.519314
Bengaluru City,Byatrarayanapura Traffic PS,1.04432e+16,2022,1,2,Not Applicable,Not Applicable,City/Town,In bazaar,Vehicle Defect,No,Grievous Injury,Not Applicable,No signal lights,Others,Not Applicable,Surfaced,Others,Not Applicable,Fine,KALYAN NAGAR ROAD,mysore road near torino factory,02 KM,0.0,0.0
Bengaluru City,Byatrarayanapura Traffic PS,1.04432e+16,2022,1,1,Road Accidents,Not Applicable,City/Town,Near a factory industrial area,Human Error,No,Simple Injury,Hit pedestrian,Not at  Junction,Incline,State Highway,Bitumen(Tar),Dry,No influence on accident,Clear,mysore road bhel,toyoto showroom,bhel,12.947336,77.532975
Bengaluru City,Byatrarayanapura Traffic PS,1.04432e+16,2022,1,2,Road Accidents,Junction,City/Town,Near Bus stop,Human Error,Yes,Simple Injury,Vehicle to Vehicle,Controlled,Incline,State Highway,Bitumen(Tar),Dry,No influence on accident,Clear,near bagyalakshmi shop,mysore rd,1,12.956417,77.547019
Bengaluru City,Byatrarayanapura Traffic PS,1.04432e+16,2022,1,2,Road Accidents,Narrow road,City/Town,Near Bus stop,Human Error,No,Simple Injury,Vehicle to Vehicle,Not Applicable,Straight and flat,Sub Arterial,Concrete,Dry,No influence on accident,Clear,near manasanagar bus stand,near manasanagar bus stand,3 km,12.959127,77.516385
Bengaluru City,Byatrarayanapura Traffic PS,1.04432e+16,2022,1,2,Road Accidents,Junction,City/Town,Near Bus stop,Human Error,No,Simple Injury,Vehicle to Vehicle,Signals (Working),Others,State Highway,Concrete,Dry,No influence on accident,Clear,nayandanahalli junction,mysore rd,2,0.0,0.0
Bengaluru City,Byatrarayanapura Traffic PS,1.04432e+16,2022,1,2,Road Accidents,Narrow road,City/Town,Near Bus stop,Human Error,No,Grievous Injury,Vehicle to Vehicle,No signal lights,Others,Service Road,Bitumen(Tar),Dry,No influence on accident,Clear,nagarabhavi service rd,nagarabhavi,3 km,12.958186,77.51888
Bengaluru City,Byatrarayanapura Traffic PS,1.04432e+16,2022,1,2,Not Applicable,Not Applicable,City/Town,In bazaar,Not Applicable,No,Simple Injury,Not Applicable,No signal lights,Others,One way,Not Applicable,Others,Not Applicable,Others,NEAR BDA PARK,NER BDA PARK,2,0.0,0.0
Bengaluru City,Byatrarayanapura Traffic PS,1.04432e+16,2022,1,2,Road Accidents,Curves,City/Town,Open area,Not Applicable,Not Applicable,Grievous Injury,Vehicle to Vehicle,No signal lights,Curve,Others,Not Applicable,Others,Not Applicable,Cloudy,near nandhini milk booth byatarayanapura,nandhini milk booth,50 MET,12.950481,77.540665
Bengaluru City,Byatrarayanapura Traffic PS,1.04432e+16,2022,1,1,Road Accidents,Narrow road,City/Town,Open area,Not Applicable,Not Applicable,Grievous Injury,Hit pedestrian,No signal lights,Others,Others,Not Applicable,Others,Not Applicable,Cloudy,Near akshya xerox center Univercity main road,Near akshya xerox center,3km,12.956464,77.518534
Bengaluru City,Byatrarayanapura Traffic PS,1.04432e+16,2022,1,1,Rail Road Accidents,Not Applicable,City/Town,Open area,Human Error,No,Grievous Injury,Not Applicable,Uncontrolled,Others,Others,Bitumen(Tar),Dry,Not Applicable,Clear,near total gas bunk,near total gas bunk,3km,0.0,0.0
Bengaluru City,Byatrarayanapura Traffic PS,1.04432e+16,2022,1,1,Road Accidents,Circle,City/Town,Open area,Not Applicable,Not Applicable,Damage Only,Not Applicable,Signals (Working),Others,Arterial,Not Applicable,Not Applicable,Not Applicable,Fog / Mist,near nagarabavi circle,univercity law college raod,3.km,0.0,0.0
Bengaluru City,Byatrarayanapura Traffic PS,1.04432e+16,2022,1,1,Road Accidents,Curves,City/Town,Open area,Not Applicable,Not Applicable,Grievous Injury,Not Applicable,No signal lights,Curve,Service Road,Not Applicable,Not Applicable,Not Applicable,Snow,NAGARABAVI SERVICE ROAD,DUGRA PARAMESWARI TEMPLE,3 km,0.0,0.0
Bengaluru City,Byatrarayanapura Traffic PS,1.04432e+16,2022,1,2,Not Applicable,Not Applicable,City/Town,Open area,Human Error,Yes,Fatal,Vehicle to Vehicle,Uncontrolled,Straight and flat,Sub Arterial,Bitumen(Tar),Dry,No influence on accident,Clear,near nagarabhavi under pass,near nagarabhavi under pass,4km,0.0,0.0
Bengaluru City,Byatrarayanapura Traffic PS,1.04432e+16,2022,1,2,Road Accidents,Junction,City/Town,Open area,Human Error,No,Grievous Injury,Vehicle to Vehicle,Uncontrolled,Others,Sub Arterial,Bitumen(Tar),Dry,No influence on accident,Clear,near nayanadahalli ring road service road,near nayanadahalli ring road service road,3km,0.0,0.0
Bengaluru City,Byatrarayanapura Traffic PS,1.04432e+16,2022,1,2,Road Accidents,Junction,City/Town,Near Bus stop,Human Error,No,Grievous Injury,Vehicle to Vehicle,Give way sign,Straight and flat,One way,Bitumen(Tar),Dry,Not Applicable,Clear,"anjaneya temple road, timber yard road",timber yard rd,1km,12.955353,77.546327
Bengaluru City,Byatrarayanapura Traffic PS,1.04432e+16,2022,1,1,Road Accidents,Narrow road,City/Town,Residential area,Human Error,Not Applicable,Simple Injury,Not Applicable,Uncontrolled,Straight and flat,Others,Bitumen(Tar),Others,No influence on accident,Fine,infront of bhattara mane hotel nagarabhavi main road,infront of bhattara mane hotel nagarabhavi main road,4km,12.967688,77.523732
Bengaluru City,Byatrarayanapura Traffic PS,1.04432e+16,2022,1,2,Road Accidents,Junction,City/Town,Near Bus stop,Human Error,No,Damage Only,Vehicle to Vehicle,Police / Manual,Not Applicable,State Highway,Concrete,Others,No influence on accident,Others,ksrtc outgate,mysore road,500,12.953732,77.543082
Bengaluru City,Byatrarayanapura Traffic PS,1.04432e+16,2022,1,1,Road Accidents,Narrow road,City/Town,Narrow bridge or culverts,Human Error,Not Applicable,Fatal,Not Applicable,Uncontrolled,Straight and flat,State Highway,Bitumen(Tar),Dry,No influence on accident,Cloudy,NAYANDA HALLI FLYOVER,MYSORE ROAD,1km,12.945089,77.52785
Bengaluru City,Byatrarayanapura Traffic PS,1.04432e+16,2022,1,1,Road Accidents,Narrow road,City/Town,Open area,Human Error,No,Fatal,Hit pedestrian,Uncontrolled,Straight and flat,State Highway,Concrete,Dry,Not Applicable,Cloudy,Near mysore road giriyas showroom,near giriyas showroom,2km,0.0,0.0
Bengaluru City,Byatrarayanapura Traffic PS,1.04432e+16,2022,1,2,Road Accidents,Narrow road,City/Town,Near office complex,Human Error,No,Fatal,Vehicle to Vehicle,Uncontrolled,Straight and flat,Others,Concrete,Dry,No influence on accident,Clear,NAGARABAVI RING ROAD,MANASA NAGAR BUS STAND,2km,0.0,0.0
Bengaluru City,Byatrarayanapura Traffic PS,1.04432e+16,2022,1,3,Road Accidents,Not Applicable,City/Town,Open area,Vehicle Defect,Yes,Damage Only,Vehicle to Vehicle,Uncontrolled,Others,Others,Metalled,Others,Not Applicable,Others,NEAR 13TH CROSS ATTIGUPPE,NEAR 13TH CROSS ATTIGUPPE,2 KM,0.0,0.0
Bengaluru City,Byatrarayanapura Traffic PS,1.04432e+16,2022,1,2,Road Accidents,Junction,City/Town,Open area,Not Applicable,Not Applicable,Simple Injury,Vehicle to Vehicle,Signals (Working),Others,State Highway,Not Applicable,Not Applicable,Not Applicable,Cloudy,mysore road,near gali anjaneya temple sky walk,500 me,0.0,0.0
Bengaluru City,Byatrarayanapura Traffic PS,1.04432e+16,2022,1,1,Road Accidents,Not Applicable,City/Town,Open area,Human Error,Yes,Simple Injury,Hit pedestrian,Controlled,Others,State Highway,Bitumen(Tar),Others,No influence on accident,Fine,RR arch metro stop,RR arch metro stop,3km,12.93677,77.51966
Bengaluru City,Byatrarayanapura Traffic PS,1.04432e+16,2022,1,2,Road Accidents,Not Applicable,City/Town,Near Bus stop,Human Error,No,Grievous Injury,Vehicle to Vehicle,Not at  Junction,Incline,One way,Bitumen(Tar),Dry,Not Applicable,Clear,ksrtc auto stand,timberyard rd,500,12.953098,77.544409
Bengaluru City,Byatrarayanapura Traffic PS,1.04432e+16,2022,1,2,Road Accidents,Cross roads,City/Town,Near Bus stop,Human Error,No,Grievous Injury,Vehicle to Vehicle,Not at  Junction,Others,Sub Arterial,Concrete,Dry,No influence on accident,Clear,nayandanahalli ring rd,ring rd,2 km,12.959127,77.516385
Bengaluru City,Byatrarayanapura Traffic PS,1.04432e+16,2022,1,3,Road Accidents,Narrow road,City/Town,Open area,Human Error,No,Simple Injury,Vehicle to Vehicle,Not at  Junction,Straight and flat,State Highway,Bitumen(Tar),Dry,Not Applicable,Clear,Near nayandahalli fly over down ramp,mysore road,2 km,12.944636,77.527516
Bengaluru City,Byatrarayanapura Traffic PS,1.04432e+16,2022,1,1,Road Accidents,Narrow road,City/Town,Open area,Human Error,No,Grievous Injury,Not Applicable,Uncontrolled,Straight and flat,One way,Bitumen(Tar),Dry,Not Applicable,Clear,Near depanjalinagar railway under pass,Near depanjalinagar railway under pass,2km,0.0,0.0
Bengaluru City,Byatrarayanapura Traffic PS,1.04432e+16,2022,1,2,Road Accidents,Narrow road,City/Town,Narrow bridge or culverts,Not Applicable,Not Applicable,Damage Only,Vehicle to Vehicle,No signal lights,Others,Others,Not Applicable,Others,Not Applicable,Fog / Mist,Below nayandahalli railway bridge,nayandahalli railway bridge,2 km,12.946031,77.526841
Bengaluru City,Byatrarayanapura Traffic PS,1.04432e+16,2022,1,1,Road Accidents,Circle,City/Town,Open area,Human Error,No,Simple Injury,Hit pedestrian,Uncontrolled,Straight and flat,Others,Bitumen(Tar),Not Applicable,No influence on accident,Clear,near indira canteen chanadra layout,near indira canteen chanadra layout,2,0.0,0.0
Bengaluru City,Byatrarayanapura Traffic PS,1.04432e+16,2022,1,2,Road Accidents,Narrow road,City/Town,Near Bus stop,Not Applicable,Not Applicable,Grievous Injury,Vehicle to Vehicle,No signal lights,Others,Arterial,Not Applicable,Others,Not Applicable,Fine,nayandanahalli ring rd,manasa nagara bus stpo near sky walk,3.5 km,0.0,0.0
Bengaluru City,Byatrarayanapura Traffic PS,1.04432e+16,2022,1,2,Road Accidents,Junction,City/Town,Near office complex,Not Applicable,No,Simple Injury,Vehicle to Vehicle,Signal lights Blinking,Sharp Curve,Residential Street,Bitumen(Tar),Others,Not Applicable,Others,Near Balaji Silk Junction,Chandralayout,4km,0.0,0.0
Bengaluru City,Byatrarayanapura Traffic PS,1.04432e+16,2022,1,1,Road Accidents,Not Applicable,City/Town,Open area,Human Error,No,Simple Injury,Not Applicable,Uncontrolled,Straight and flat,Others,Bitumen(Tar),Others,No influence on accident,Clear,near maralu lorry stand nayandahalli ring road,near maralu lorry stand nayandahalli ring road,3km,12.943323,77.530412
Bengaluru City,Byatrarayanapura Traffic PS,1.04432e+16,2022,1,2,Road Accidents,Narrow road,City/Town,Near Petrol Pump,Human Error,No,Simple Injury,Vehicle to Vehicle,Uncontrolled,Straight and flat,State Highway,Concrete,Others,Not Applicable,Fine,near christian cementry,near christian cementry,2km,12.957327,77.552072
Bengaluru City,Byatrarayanapura Traffic PS,1.04432e+16,2022,1,1,Road Accidents,Circle,City/Town,Near Bus stop,Human Error,No,Grievous Injury,Not Applicable,Uncontrolled,Others,Others,Bitumen(Tar),Dry,No influence on accident,Others,near hoisala tempo stand nagarabhavi main road,near hoisala tempo stand nagarabhavi main road,4km,12.960022,77.519711
Bengaluru City,Byatrarayanapura Traffic PS,1.04432e+16,2022,1,2,Road Accidents,Junction,City/Town,Near Bus stop,Human Error,No,Simple Injury,Vehicle to Vehicle,Controlled,Slight Curve,One way,Concrete,Dry,No influence on accident,Clear,nayandanahalli junction,near metro stop,3,12.945724,77.527843