DISTRICTNAME,UNITNAME,Crime_No,Year,RI,Noofvehicle_involved,Accident_Classification,Accident_Spot,Accident_Location,Accident_SubLocation,Main_Cause,Hit_Run,Severity,Collision_Type,Junction_Control,Road_Character,Road_Type,Surface_Type,Surface_Condition,Road_Condition,Weather,Accident_Road,Landmark_first,Distance_LandMark_First,Latitude,Longitude
Bengaluru City,Byatrarayanapura Traffic PS,1.04432e+16,2023,1,1,Not Applicable,Rail Crossing Unmanned,City/Town,Open area,Not Applicable,No,Grievous Injury,Hit pedestrian,Not Applicable,Others,Not Applicable,Not Applicable,Others,Not Applicable,Fine,BYATARANPURA MAIN ROAD,GFC HOTEL,2,0.0,0.0
Bengaluru City,Byatrarayanapura Traffic PS,1.04432e+16,2023,1,2,Road Accidents,Not Applicable,City/Town,Open area,Human Error,Yes,Simple Injury,Vehicle to Vehicle,Uncontrolled,Straight and flat,State Highway,Bitumen(Tar),Dry,No influence on accident,Clear,Near hosaguddadahalli mysure road,Near hosaguddadahalli mysure road,2km,0.0,0.0
Bengaluru City,Byatrarayanapura Traffic PS,1.04432e+16,2023,1,2,Not Applicable,Not Applicable,City/Town,Open area,Human Error,Not Applicable,Simple Injury,Vehicle to Vehicle,Uncontrolled,Straight and flat,Others,Bitumen(Tar),Dry,No influence on accident,Clear,near nice road pramod layout,near nice road pramod layout,3km,0.0,0.0
Bengaluru City,Byatrarayanapura Traffic PS,1.04432e+16,2023,1,2,Road Accidents,Not Applicable,City/Town,Open area,Human Error,Yes,Damage Only,Vehicle to Vehicle,Uncontrolled,Not Applicable,Sub Arterial,Bitumen(Tar),Dry,No influence on accident,Clear,near hosakerehalli main road,near hosakerehalli main road,3km,0.0,0.0
Bengaluru City,Byatrarayanapura Traffic PS,1.04432e+16,2023,1,2,Not Applicable,Not Applicable,City/Town,Open area,Human Error,Yes,Simple Injury,Vehicle to Vehicle,Not Applicable,Not Applicable,Two way,Bitumen(Tar),Dry,No influence on accident,Fine,near bhavani medicles chandralayout,near bhavani medicles chandralayout,3km,0.0,0.0
Bengaluru City,Byatrarayanapura Traffic PS,1.04432e+16,2023,1,2,Road Accidents,Not Applicable,City/Town,Open area,Human Error,No,Damage Only,Vehicle to Vehicle,Controlled,Not Applicable,State Highway,Bitumen(Tar),Dry,No influence on accident,Clear,near R R Arch mysure road,near R R Arch mysure road,3km,0.0,0.0
Bengaluru City,Byatrarayanapura Traffic PS,1.04432e+16,2023,1,2,Road Accidents,Not Applicable,City/Town,Open area,Human Error,No,Damage Only,Vehicle to Vehicle,Controlled,Curve,Others,Bitumen(Tar),Dry,No influence on accident,Clear,near nayandahalli public toilet,near nayandahalli public toilet,2km,0.0,0.0
Bengaluru City,Byatrarayanapura Traffic PS,1.04432e+16,2023,1,2,Not Applicable,Not Applicable,City/Town,Open area,Human Error,No,Simple Injury,Vehicle to Vehicle,Not Applicable,Not Applicable,Others,Bitumen(Tar),Others,No influence on accident,Clear,near shel petrol bunk nayandahalli,near shel petrol bunk nayandahalli,2km,12.947142,77.532541
Bengaluru City,Byatrarayanapura Traffic PS,1.04432e+16,2023,1,2,Road Accidents,Not Applicable,City/Town,Near a factory industrial area,Human Error,No,Damage Only,Vehicle to Vehicle,Uncontrolled,Straight and flat,Others,Bitumen(Tar),Dry,No influence on accident,Clear,near 2nd gate of bhel mysure road,near 2nd gate of bhel mysure road,2km,0.0,0.0
Bengaluru City,Byatrarayanapura Traffic PS,1.04432e+16,2023,1,2,Road Accidents,Not Applicable,City/Town,Open area,Human Error,Not Applicable,Damage Only,Vehicle to Vehicle,Not Applicable,Others,Not Applicable,Bitumen(Tar),Dry,No influence on accident,Clear,near chandralayout signal,near chandralayout signal,3km,12.960016,77.532985
Bengaluru City,Byatrarayanapura Traffic PS,1.04432e+16,2023,1,1,Road Accidents,Not Applicable,City/Town,Open area,Human Error,No,Simple Injury,Not Applicable,Uncontrolled,Not Applicable,Not Applicable,Bitumen(Tar),Dry,No influence on accident,Others,near nayara pertrol bunk hosakerehalli main road,near nayara pertrol bunk hosakerehalli main road,2km,0.0,0.0
Bengaluru City,Byatrarayanapura Traffic PS,1.04432e+16,2023,1,1,Not Applicable,Not Applicable,City/Town,Open area,Human Error,No,Simple Injury,Hit pedestrian,Controlled,Straight and flat,Others,Bitumen(Tar),Dry,No influence on accident,Clear,"near 8th cross, vinayakanagar, nayandahalli",near 8th cross vinayakanagarr nayandahalli,3lm,0.0,0.0
Bengaluru City,Byatrarayanapura Traffic PS,1.04432e+16,2023,1,2,Road Accidents,Not Applicable,City/Town,Open area,Human Error,No,Damage Only,Vehicle to Vehicle,Uncontrolled,Curve,One way,Bitumen(Tar),Dry,No influence on accident,Fine,near nayandahalli flyover,IHM HOSTE OPPSITE,2km,0.0,0.0
Bengaluru City,Byatrarayanapura Traffic PS,1.04432e+16,2023,1,1,Road Accidents,Not Applicable,City/Town,Open area,Human Error,No,Grievous Injury,Hit pedestrian,Controlled,Curve,State Highway,Bitumen(Tar),Dry,No influence on accident,Clear,near kimco junction mysure road,near kimco junction mysure road,1km,12.950034,77.537173
Bengaluru City,Byatrarayanapura Traffic PS,1.04432e+16,2023,1,2,Road Accidents,Not Applicable,City/Town,Near School or College,Human Error,Not Applicable,Not Applicable,Vehicle to Vehicle,Controlled,Straight and flat,Not Applicable,Bitumen(Tar),Others,No influence on accident,Clear,near gangondanahalli ply ground,near gangondanahalli ply ground,3km,0.0,0.0
Bengaluru City,Byatrarayanapura Traffic PS,1.04432e+16,2023,1,2,Road Accidents,Narrow road,City/Town,Open area,Not Applicable,No,Simple Injury,Vehicle to Vehicle,No signal lights,Others,State Highway,Bitumen(Tar),Dry,Not Applicable,Clear,near RR nagara metro station,R R nagara metro station,3 km,0.0,0.0
Bengaluru City,Byatrarayanapura Traffic PS,1.04432e+16,2023,1,1,Road Accidents,Narrow road,City/Town,Open area,Not Applicable,Yes,Simple Injury,Hit pedestrian,No signal lights,Others,Others,Bitumen(Tar),Dry,Not Applicable,Mist or Fog,80 feet road chandra lay out near jayaram tent house,jayaram tent house,3,12.957942,77.526988
Bengaluru City,Byatrarayanapura Traffic PS,1.04432e+16,2023,1,2,Road Accidents,Curves,City/Town,Open area,Not Applicable,Yes,Damage Only,Vehicle to Vehicle,No signal lights,Others,Arterial,Bitumen(Tar),Dry,Not Applicable,Cloudy,bapuji nagara Bridge,bapuji nagara Bridge,1km,0.0,0.0
Bengaluru City,Byatrarayanapura Traffic PS,1.04432e+16,2023,1,2,Road Accidents,Junction,City/Town,Open area,Human Error,No,Damage Only,Vehicle to Vehicle,Controlled,Not Applicable,State Highway,Bitumen(Tar),Dry,Not Applicable,Others,near nayandahalli railway bridge ring road,near nayandahalli railway bridge ring road,2km,12.949226,77.523076
Bengaluru City,Byatrarayanapura Traffic PS,1.04432e+16,2023,1,2,Road Accidents,Not Applicable,City/Town,Open area,Human Error,No,Grievous Injury,Vehicle to Vehicle,Controlled,Curve,Others,Bitumen(Tar),Dry,No influence on accident,Clear,near avanish suzuki motors nagarabhavi service road,near avanish suzuki motors nagarabhavi service road,2km,12.958884,77.517782
Bengaluru City,Byatrarayanapura Traffic PS,1.04432e+16,2023,1,2,Road Accidents,Not Applicable,City/Town,Open area,Human Error,Not Applicable,Grievous Injury,Vehicle to Vehicle,Controlled,Others,Major District Road,Bitumen(Tar),Dry,No influence on accident,Clear,near veerabadranagar signal,near veerabadranagar signal,2km,12.939635,77.532742
Bengaluru City,Byatrarayanapura Traffic PS,1.04432e+16,2023,1,2,Road Accidents,Not Applicable,City/Town,Open area,Not Applicable,Not Applicable,Grievous Injury,Vehicle to Vehicle,Not Applicable,Others,Not Applicable,Bitumen(Tar),Not Applicable,No influence on accident,Fine,near nagarabhavi village bus stop,near nagarabhavi village bus stop,3km,12.95905,77.516446
Bengaluru City,Byatrarayanapura Traffic PS,1.04432e+16,2023,1,2,Road Accidents,Not Applicable,Rural Areas,Open area,Human Error,No,Simple Injury,Vehicle to Vehicle,Controlled,Incline,Others,Bitumen(Tar),Dry,No influence on accident,Clear,near nayandahalli junction mori,near nayandahalli junction mori,2km,12.945333,77.528595
Bengaluru City,Byatrarayanapura Traffic PS,1.04432e+16,2023,1,2,Road Accidents,Not Applicable,City/Town,In bazaar,Human Error,No,Damage Only,Vehicle to Vehicle,Controlled,Others,Two way,Bitumen(Tar),Dry,No influence on accident,Clear,near vijayabank mudalapalya,near vijayabank mudalapalya,3km,12.968647,77.524409
Bengaluru City,Byatrarayanapura Traffic PS,1.04432e+16,2023,1,1,Road Accidents,Narrow road,City/Town,Open area,Not Applicable,Not Applicable,Grievous Injury,Hit pedestrian,No signal lights,Others,Arterial,Bitumen(Tar),Dry,Not Applicable,Snow,BHEL OPPMYSORE ROAD,BHEL GATE,2 km,0.0,0.0
Bengaluru City,Byatrarayanapura Traffic PS,1.04432e+16,2023,1,2,Not Applicable,Not Applicable,City/Town,Open area,Human Error,No,Grievous Injury,Vehicle to Vehicle,Uncontrolled,Straight and flat,Not Applicable,Bitumen(Tar),Dry,No influence on accident,Clear,near sattalite bus stop mysure road,near sattalite bus stop mysure road,2km,0.0,0.0
Bengaluru City,Byatrarayanapura Traffic PS,1.04432e+16,2023,1,1,Road Accidents,Curves,City/Town,Open area,Human Error,Yes,Fatal,Hit pedestrian,Uncontrolled,Others,Others,Bitumen(Tar),Others,No influence on accident,Clear,near karnataka bank atm pantarapalya,near karnataka bank atm pantarapalya,3km,0.0,0.0
Bengaluru City,Byatrarayanapura Traffic PS,1.04432e+16,2023,1,2,Road Accidents,Not Applicable,City/Town,Open area,Human Error,Yes,Simple Injury,Vehicle to Vehicle,Controlled,Straight and flat,Not Applicable,Bitumen(Tar),Dry,No influence on accident,Clear,near MRP bar mysure road,near MRP bar mysure road,2km,0.0,0.0
Bengaluru City,Byatrarayanapura Traffic PS,1.04432e+16,2023,1,2,Road Accidents,Not Applicable,City/Town,Open area,Human Error,Yes,Simple Injury,Vehicle to Vehicle,Not Applicable,Others,Others,Bitumen(Tar),Dry,Not Applicable,Others,beyond ghali anjaneya temple mysure road,beyond ghali anjaneya temple mysure road,1km,0.0,0.0
Bengaluru City,Byatrarayanapura Traffic PS,1.04432e+16,2023,1,2,Road Accidents,Not Applicable,City/Town,Open area,Human Error,No,Damage Only,Vehicle to Vehicle,Uncontrolled,Curve,Not Applicable,Bitumen(Tar),Dry,Not Applicable,Clear,near nayara petrol bunk,near nayara petrol bunk,2km,0.0,0.0
Bengaluru City,Byatrarayanapura Traffic PS,1.04432e+16,2023,1,2,Road Accidents,Not Applicable,Rural Areas,Open area,Human Error,No,Damage Only,Vehicle to Vehicle,Uncontrolled,Curve,Others,Bitumen(Tar),Others,No influence on accident,Clear,near total gas bunk,near total gas bunk,2km,0.0,0.0
Bengaluru City,Byatrarayanapura Traffic PS,1.04432e+16,2023,1,1,Road Accidents,Not Applicable,City/Town,Open area,Human Error,No,Simple Injury,Not Applicable,Uncontrolled,Others,Two way,Bitumen(Tar),Others,No influence on accident,Clear,near D G circle junction,near D G circle junction,3km,0.0,0.0
Bengaluru City,Byatrarayanapura Traffic PS,1.04432e+16,2023,1,2,Road Accidents,Narrow road,City/Town,Open area,Not Applicable,No,Damage Only,Vehicle to Vehicle,No signal lights,Others,Others,Bitumen(Tar),Dry,Not Applicable,Clear,NAGARABHAVI  UNDER PASS,SKY WALK,3 KM,12.958201,77.518549
Bengaluru City,Byatrarayanapura Traffic PS,1.04432e+16,2023,1,2,Road Accidents,Not Applicable,City/Town,Open area,Human Error,No,Simple Injury,Vehicle to Vehicle,Uncontrolled,Others,Others,Bitumen(Tar),Dry,Not Applicable,Clear,near new boldveen school kalyananagar,near new boldveen school kalyananagar,3km,12.96784,77.523979
Bengaluru City,Byatrarayanapura Traffic PS,1.04432e+16,2023,1,1,Road Accidents,Junction,City/Town,Open area,Human Error,No,Simple Injury,Hit pedestrian,No signal lights,Others,Others,Bitumen(Tar),Dry,Not Applicable,Clear,suvarna lay out junction,suvarna lay out junctio,3km,12.95139,77.521068
Bengaluru City,Byatrarayanapura Traffic PS,1.04432e+16,2023,1,1,Road Accidents,Not Applicable,City/Town,Open area,Not Applicable,No,Simple Injury,Hit pedestrian,Controlled,Not Applicable,State Highway,Bitumen(Tar),Others,No influence on accident,Clear,near raj and raj super market,near raj and raj super market,3km,12.957061,77.515344
Bengaluru City,Byatrarayanapura Traffic PS,1.04432e+16,2023,1,1,Road Accidents,Not Applicable,City/Town,Open area,Not Applicable,No,Fatal,Hit pedestrian,Controlled,Curve,Not Applicable,Bitumen(Tar),Dry,No influence on accident,Clear,near KSRTC Junction,near KSRTC Junction,1km,12.542406,77.544264
Bengaluru City,Byatrarayanapura Traffic PS,1.04432e+16,2023,1,2,Rail Road Accidents,Not Applicable,City/Town,Open area,Human Error,Yes,Grievous Injury,Vehicle to Vehicle,Controlled,Curve,Not Applicable,Bitumen(Tar),Dry,No influence on accident,Clear,beyond ghali anjaneya temple mysure road,beyond ghali anjaneya temple mysure road,1km,12.952911,77.540367
Bengaluru City,Byatrarayanapura Traffic PS,1.04432e+16,2023,1,2,Road Accidents,Not Applicable,City/Town,Open area,Human Error,No,Grievous Injury,Vehicle to Vehicle,Controlled,Others,Others,Bitumen(Tar),Others,No influence on accident,Clear,near Durgaparameshwari temple nayandanahalli,near Durgaparameshwari temple nayandanahalli,2km,12.952024,77.520825
Bengaluru City,Byatrarayanapura Traffic PS,1.04432e+16,2023,1,2,Road Accidents,Not Applicable,City/Town,Open area,Human Error,No,Grievous Injury,Vehicle to Vehicle,Uncontrolled,Straight and flat,Not Applicable,Bitumen(Tar),Dry,Not Applicable,Others,near maruthi nagara mudalapalya main road,near maruthi nagara mudalapalya main road,3km,0.0,0.0
Bengaluru City,Byatrarayanapura Traffic PS,1.04432e+16,2023,1,1,Road Accidents,Narrow road,City/Town,In bazaar,Vehicle Defect,No,Grievous Injury,Not Applicable,Not at  Junction,Not Applicable,Not Applicable,Metalled,Others,Drainage Ditch,Fine,CHANDRALAYOUT 80 FEET ROAD,Chandralayout,02 KM,0.0,0.0
Bengaluru City,Byatrarayanapura Traffic PS,1.04432e+16,2023,1,2,Road Accidents,Narrow road,City/Town,Open area,Not Applicable,Not Applicable,Grievous Injury,Vehicle to Vehicle,No signal lights,Others,NH,Bitumen(Tar),Dry,Not Applicable,Clear,NEAR TOLL GATE NICE ROAD,TOLL GATE,3KM,0.0,0.0
Bengaluru City,Byatrarayanapura Traffic PS,1.04432e+16,2023,1,1,Road Accidents,Narrow road,City/Town,Open area,Vehicle Defect,No,Grievous Injury,Not Applicable,Not Applicable,Not Applicable,Others,Bitumen(Tar),Not Applicable,Not Applicable,Others,KALYAN NAGAR ROAD,MUDALAYAPALYA,3 Km,0.0,0.0
Bengaluru City,Byatrarayanapura Traffic PS,1.04432e+16,2023,1,2,Road Accidents,Not Applicable,City/Town,Residential area,Human Error,Yes,Fatal,Vehicle to Vehicle,Uncontrolled,Curve,Two way,Bitumen(Tar),Not Applicable,No influence on accident,Clear,near pantharapalya bus stop mysure road,near pantharapalya bus stop mysure road,2km,0.0,0.0
Bengaluru City,Byatrarayanapura Traffic PS,1.04432e+16,2023,1,2,Road Accidents,Not Applicable,City/Town,Residential area,Human Error,No,Simple Injury,Vehicle to Vehicle,Uncontrolled,Straight and flat,State Highway,Bitumen(Tar),Dry,No influence on accident,Clear,near fether lite guddadahalli,near fether lite guddadahalli,2km,0.0,0.0
Bengaluru City,Byatrarayanapura Traffic PS,1.04432e+16,2023,1,1,Road Accidents,Not Applicable,City/Town,Open area,Human Error,No,Simple Injury,Not Applicable,Uncontrolled,Curve,One way,Bitumen(Tar),Dry,No influence on accident,Fine,near manasa nagar sky walk nayandahalli,near manasa nagar sky walk nayandahalli,4km,0.0,0.0
Bengaluru City,Byatrarayanapura Traffic PS,1.04432e+16,2023,1,2,Road Accidents,Not Applicable,City/Town,Open area,Human Error,Yes,Not Applicable,Vehicle to Vehicle,Uncontrolled,Curve,Others,Bitumen(Tar),Others,No influence on accident,Clear,near bapujinagar y junction,near bapujinagar y junction,1km,0.0,0.0
Bengaluru City,Byatrarayanapura Traffic PS,1.04432e+16,2023,1,2,Road Accidents,Not Applicable,City/Town,Open area,Human Error,Yes,Grievous Injury,Vehicle to Vehicle,Controlled,Others,One way,Bitumen(Tar),Others,No influence on accident,Clear,Near nayangdahalli under pass,Near nayangdahalli under pass,2km,12.945357,77.527962
Bengaluru City,Byatrarayanapura Traffic PS,1.04432e+16,2023,1,1,Road Accidents,Not Applicable,City/Town,Open area,Human Error,No,Grievous Injury,Vehicle to Vehicle,Uncontrolled,Straight and flat,Not Applicable,Bitumen(Tar),Dry,No influence on accident,Clear,near ghali Anjaneya temple mysure road,near ghali Anjaneya temple mysure road,1km,0.0,0.0
Bengaluru City,Byatrarayanapura Traffic PS,1.04432e+16,2023,1,1,Road Accidents,Not Applicable,City/Town,Open area,Human Error,No,Grievous Injury,Hit pedestrian,Controlled,Curve,Others,Bitumen(Tar),Dry,No influence on accident,Cloudy,near bapuji nagar junction,near bapuji nagar junction,1km,0.0,0.0
Bengaluru City,Byatrarayanapura Traffic PS,1.04432e+16,2023,1,2,Road Accidents,Not Applicable,City/Town,Open area,Human Error,No,Not Applicable,Vehicle to Vehicle,Uncontrolled,Straight and flat,Others,Bitumen(Tar),Dry,No influence on accident,Clear,near bangalore one 50feet road,near bangalore one 50feet road,2km,0.0,0.0
Bengaluru City,Byatrarayanapura Traffic PS,1.04432e+16,2023,1,1,Road Accidents,Not Applicable,City/Town,Open area,Human Error,No,Simple Injury,Hit pedestrian,Uncontrolled,Curve,Not Applicable,Bitumen(Tar),Dry,No influence on accident,Others,near pantarapaly  bus stop nayandahalli,near pantarapaly  bus stop nayandahalli,2km,0.0,0.0
Bengaluru City,Byatrarayanapura Traffic PS,1.04432e+16,2023,1,1,Road Accidents,Curves,Rural Areas,Residential area,Not Applicable,Yes,Simple Injury,Hit pedestrian,Not at  Junction,Others,Others,Bitumen(Tar),Dry,Not Applicable,Clear,"4th cross,7th main road byraveswara nagara",house no32  byraveswara nagara,3,0.0,0.0
Bengaluru City,Byatrarayanapura Traffic PS,1.04432e+16,2023,1,2,Road Accidents,Not Applicable,City/Town,Near Bus stop,Human Error,No,Damage Only,Vehicle to Vehicle,Uncontrolled,Not Applicable,Others,Bitumen(Tar),Dry,No influence on accident,Clear,near KSRTC Junction,near KSRTC Junction,2km,0.0,0.0
Bengaluru City,Byatrarayanapura Traffic PS,1.04432e+16,2023,1,1,Road Accidents,Not Applicable,City/Town,Open area,Human Error,No,Grievous Injury,Hit pedestrian,Controlled,Straight and flat,Others,Bitumen(Tar),Dry,No influence on accident,Clear,near bhagyalakshmi rice mil guddadahalli,near bhagyalakshmi rice mil guddadahalli,2km,12.956447,77.54713
Bengaluru City,Byatrarayanapura Traffic PS,1.04432e+16,2023,1,1,Road Accidents,Narrow road,City/Town,Open area,Human Error,No,Grievous Injury,Hit pedestrian,No signal lights,Others,State Highway,Bitumen(Tar),Dry,Not Applicable,Clear,infront of kavika factory gate mysore road,KAVIKA FACTORY,1KM,0.0,0.0
Bengaluru City,Byatrarayanapura Traffic PS,1.04432e+16,2023,1,1,Road Accidents,Narrow road,City/Town,Open area,Human Error,No,Simple Injury,Hit pedestrian,Controlled,Straight and flat,Others,Bitumen(Tar),Dry,No influence on accident,Clear,near attiguppe junction,near attiguppe junction,3km,0.0,0.0
Bengaluru City,Byatrarayanapura Traffic PS,1.04432e+16,2023,1,2,Road Accidents,Junction,City/Town,Open area,Human Error,No,Damage Only,Vehicle to Vehicle,Controlled,Curve,Others,Bitumen(Tar),Dry,No influence on accident,Clear,near nagarabhavi circle,near nagarabhavi circle,4km,0.0,0.0
Bengaluru City,Byatrarayanapura Traffic PS,1.04432e+16,2023,1,2,Not Applicable,Not Applicable,City/Town,Open area,Human Error,No,Simple Injury,Vehicle to Vehicle,Controlled,Straight and flat,Others,Bitumen(Tar),Dry,No influence on accident,Clear,near veerabadra signal,near veerabadra signal,4km,12.940183,77.531778
Bengaluru City,Byatrarayanapura Traffic PS,1.04432e+16,2023,1,2,Road Accidents,Not Applicable,City/Town,Open area,Human Error,Yes,Not Applicable,Vehicle to Vehicle,Uncontrolled,Straight and flat,Not Applicable,Bitumen(Tar),Dry,No influence on accident,Clear,near suvarna layout skywalk nayandahalli ring road,near suvarna layout skywalk nayandahalli ring road,3km,0.0,0.0
Bengaluru City,Byatrarayanapura Traffic PS,1.04432e+16,2023,1,1,Road Accidents,Not Applicable,Rural Areas,Open area,Human Error,No,Simple Injury,Hit pedestrian,Controlled,Curve,Others,Bitumen(Tar),Dry,No influence on accident,Clear,near nayandahalli junction,near nayandahalli junction,2km,0.0,0.0
Bengaluru City,Byatrarayanapura Traffic PS,1.04432e+16,2023,1,1,Road Accidents,Curves,City/Town,Open area,Not Applicable,Yes,Simple Injury,Hit pedestrian,No signal lights,Curve,Others,Bitumen(Tar),Dry,Not Applicable,Clear,1st main appu road,1st main appu road,3km,0.0,0.0
Bengaluru City,Byatrarayanapura Traffic PS,1.04432e+16,2023,1,2,Road Accidents,Not Applicable,City/Town,Open area,Human Error,No,Damage Only,Vehicle to Vehicle,Uncontrolled,Straight and flat,Two way,Bitumen(Tar),Dry,No influence on accident,Clear,near suvarna layout skywalk nayandahalli ring road,near suvarna layout skywalk nayandahalli ring road,3km,0.0,0.0
Bengaluru City,Byatrarayanapura Traffic PS,1.04432e+16,2023,1,2,Road Accidents,Not Applicable,City/Town,Open area,Human Error,No,Simple Injury,Vehicle to Vehicle,Controlled,Curve,Others,Bitumen(Tar),Dry,No influence on accident,Fine,near mysure road nayandahalli junction,near mysure road nayandahalli junction,2 km,0.0,0.0
Bengaluru City,Byatrarayanapura Traffic PS,1.04432e+16,2023,1,1,Road Accidents,Not Applicable,City/Town,Open area,Human Error,No,Damage Only,Vehicle to Vehicle,Controlled,Others,Others,Bitumen(Tar),Others,Not Applicable,Clear,near kolimane hotel chandralayout,near kolimane hotel chandralayout,3km,0.0,0.0
Bengaluru City,Byatrarayanapura Traffic PS,1.04432e+16,2023,1,2,Road Accidents,Not Applicable,City/Town,Open area,Human Error,No,Damage Only,Vehicle to Vehicle,Controlled,Others,Others,Bitumen(Tar),Dry,No influence on accident,Clear,near nagarabhavi circle,near nagarabhavi circle,3km,12.958812,77.518205
Bengaluru City,Byatrarayanapura Traffic PS,1.04432e+16,2023,1,2,Road Accidents,Not Applicable,City/Town,Open area,Human Error,Yes,Grievous Injury,Vehicle to Vehicle,Uncontrolled,Curve,Others,Bitumen(Tar),Others,No influence on accident,Clear,near nagarabhavi vellage busstand,near nagarabhavi vellage busstand,3km,12.958919,77.516625
Bengaluru City,Byatrarayanapura Traffic PS,1.04432e+16,2023,1,2,Road Accidents,Not Applicable,City/Town,Open area,Human Error,No,Damage Only,Vehicle to Vehicle,Controlled,Not Applicable,Not Applicable,Bitumen(Tar),Dry,No influence on accident,Fine,near suvarnalayout junction bmtc bus stop,near suvarnalayout junction bmtc bus stop,3km,12.951798,77.521051
Bengaluru City,Byatrarayanapura Traffic PS,1.04432e+16,2023,1,2,Road Accidents,Circle,City/Town,Open area,Human Error,No,Damage Only,Vehicle to Vehicle,Controlled,Straight and flat,Not Applicable,Bitumen(Tar),Not Applicable,No influence on accident,Clear,near 12th cross girinagar 50feet road hosakerehalli main road,near 12th cross girinagar 50feet road hosakerehalli main road,2km,12.943491,77.539522
Bengaluru City,Byatrarayanapura Traffic PS,1.04432e+16,2023,1,2,Not Applicable,Not Applicable,City/Town,Open area,Human Error,No,Simple Injury,Vehicle to Vehicle,Uncontrolled,Straight and flat,Not Applicable,Bitumen(Tar),Dry,No influence on accident,Cloudy,near bcc layout railway parallel road,near bcc layout railway parallel road,1.5 km,0.0,0.0
Bengaluru City,Byatrarayanapura Traffic PS,1.04432e+16,2023,1,2,Rail Road Accidents,Not Applicable,City/Town,Open area,Not Applicable,No,Simple Injury,Vehicle to Vehicle,Uncontrolled,Not Applicable,Not Applicable,Bitumen(Tar),Dry,No influence on accident,Fine,near nayara petrol bunk,near nayara petrol bunk,2km,0.0,0.0
Bengaluru City,Byatrarayanapura Traffic PS,1.04432e+16,2023,1,2,Road Accidents,Junction,City/Town,Open area,Human Error,No,Fatal,Vehicle to Vehicle,Uncontrolled,Straight and flat,Others,Bitumen(Tar),Dry,No influence on accident,Fine,near Y junction deepanjali nagar flyover,near Y junction deepanjali nagar flyover,0,0.0,0.0
Bengaluru City,Byatrarayanapura Traffic PS,1.04432e+16,2023,1,2,Not Applicable,Not Applicable,City/Town,Open area,Human Error,No,Damage Only,Vehicle to Vehicle,Uncontrolled,Others,State Highway,Bitumen(Tar),Dry,No influence on accident,Clear,near roshan mazjid mysore road,near roshan mazjid mysore road,1km,0.0,0.0
Bengaluru City,Byatrarayanapura Traffic PS,1.04432e+16,2023,1,2,Road Accidents,Not Applicable,City/Town,Open area,Human Error,No,Simple Injury,Vehicle to Vehicle,Controlled,Straight and flat,Others,Bitumen(Tar),Dry,No influence on accident,Clear,infront of R K bar 50feet road,infront of R K bar 50feet road,2km,12.943305,77.542115
Bengaluru City,Byatrarayanapura Traffic PS,1.04432e+16,2023,1,1,Road Accidents,Not Applicable,City/Town,Open area,Human Error,No,Simple Injury,Not Applicable,Uncontrolled,Not Applicable,Others,Bitumen(Tar),Dry,No influence on accident,Others,near manasanagar bus stop,near manasanagar bus stop,2km,12.959286,77.516735
Bengaluru City,Byatrarayanapura Traffic PS,1.04432e+16,2023,1,2,Road Accidents,Not Applicable,Rural Areas,Open area,Human Error,No,Damage Only,Vehicle to Vehicle,Controlled,Not Applicable,Not Applicable,Bitumen(Tar),Dry,No influence on accident,Clear,near guddadahalli junction,Near guddadahalli junction,1km,12.956041,77.546523