DISTRICTNAME,UNITNAME,Crime_No,Year,RI,Noofvehicle_involved,Accident_Classification,Accident_Spot,Accident_Location,Accident_SubLocation,Main_Cause,Hit_Run,Severity,Collision_Type,Junction_Control,Road_Character,Road_Type,Surface_Type,Surface_Condition,Road_Condition,Weather,Accident_Road,Landmark_first,Distance_LandMark_First,Latitude,Longitude
Bengaluru City,Byatrarayanapura Traffic PS,1.04432e+16,2023,1,1,Road Accidents,Junction,City/Town,Open area,Not Applicable,No,Simple Injury,Hit pedestrian,Signals (Working),Others,State Highway,Bitumen(Tar),Dry,Not Applicable,Snow,HOSAGUDDADAHALLI JUNCTION MYSORE ROAD,HOSAGUDDADAHALLI JUNCTION,1KM,0.0,0.0
Bengaluru City,Byatrarayanapura Traffic PS,1.04432e+16,2023,1,1,Road Accidents,Not Applicable,City/Town,Residential area,Human Error,Yes,Fatal,Hit pedestrian,Not Applicable,Curve,Two way,Bitumen(Tar),Dry,Not Applicable,Fine,near kalyana nagar mudalapalya,near kalyana nagar mudalapalya,4km,0.0,0.0
Bengaluru City,Byatrarayanapura Traffic PS,1.04432e+16,2023,1,2,Not Applicable,Not Applicable,City/Town,Open area,Human Error,No,Fatal,Vehicle to Vehicle,Uncontrolled,Curve,Two way,Bitumen(Tar),Dry,No influence on accident,Clear,infront of the city mart,infront of the city mart,4km,12.969789,77.524683
Bengaluru City,Byatrarayanapura Traffic PS,1.04432e+16,2023,1,2,Road Accidents,Not Applicable,City/Town,Open area,Human Error,No,Damage Only,Vehicle to Vehicle,Controlled,Not Applicable,Not Applicable,Bitumen(Tar),Dry,No influence on accident,Fine,near RR arch mysure road,near RR arch mysure road,3km,0.0,0.0
Bengaluru City,Byatrarayanapura Traffic PS,1.04432e+16,2023,1,2,Not Applicable,Not Applicable,Rural Areas,Open area,Not Applicable,No,Fatal,Vehicle to Vehicle,Uncontrolled,Curve,Others,Bitumen(Tar),Dry,No influence on accident,Clear,near vishwapriya apartment mysore road,near vishwapriya apartment mysore road,2km,0.0,0.0
Bengaluru City,Byatrarayanapura Traffic PS,1.04432e+16,2023,1,2,Road Accidents,Not Applicable,City/Town,Open area,Human Error,No,Simple Injury,Vehicle to Vehicle,Uncontrolled,Straight and flat,Two way,Bitumen(Tar),Dry,No influence on accident,Fine,near ayyappa temple chandralayout,near ayyappa temple chandralayout,3km,0.0,0.0
Bengaluru City,Byatrarayanapura Traffic PS,1.04432e+16,2023,1,2,Road Accidents,Narrow road,City/Town,Open area,Not Applicable,Yes,Simple Injury,Vehicle to Vehicle,Not at  Junction,Others,Others,Bitumen(Tar),Dry,Not Applicable,Clear,nayandahalli ring road,indira canteen,3 km,0.0,0.0
Bengaluru City,Byatrarayanapura Traffic PS,1.04432e+16,2023,1,1,Road Accidents,Not Applicable,City/Town,Open area,Human Error,No,Simple Injury,Hit pedestrian,Controlled,Straight and flat,Not Applicable,Bitumen(Tar),Others,No influence on accident,Clear,near vinayaka layout valiball palyground nayandahalli,near vinayaka layout valiball palyground nayandahalli,2km,12.542406,77.596144
Bengaluru City,Byatrarayanapura Traffic PS,1.04432e+16,2023,1,2,Road Accidents,Junction,City/Town,Open area,Not Applicable,Yes,Damage Only,Vehicle to Vehicle,Signal lights Automatic,Others,State Highway,Bitumen(Tar),Dry,Not Applicable,Mist or Fog,R R ARCH JUNCTION,GOPALN ARKED,3 KM,0.0,0.0
Bengaluru City,Byatrarayanapura Traffic PS,1.04432e+16,2023,1,2,Road Accidents,Junction,City/Town,Open area,Human Error,Yes,Damage Only,Vehicle to Vehicle,Controlled,Straight and flat,Not Applicable,Bitumen(Tar),Others,Not Applicable,Clear,near Rajarajeshwari metro station mysure road,near Rajarajeshwari metro station mysure road,1km,12.937192,77.520527
Bengaluru City,Byatrarayanapura Traffic PS,1.04432e+16,2023,1,1,Road Accidents,Narrow road,City/Town,Open area,Human Error,No,Simple Injury,Not Applicable,No signal lights,Others,State Highway,Bitumen(Tar),Dry,Not Applicable,Clear,mysore road,vishwapriya apportmnet,3 km,12.938793,77.522693
Bengaluru City,Byatrarayanapura Traffic PS,1.04432e+16,2023,1,1,Road Accidents,Not Applicable,City/Town,Open area,Human Error,Yes,Simple Injury,Hit pedestrian,Controlled,Curve,Not Applicable,Bitumen(Tar),Dry,No influence on accident,Clear,near deepanjali nagar bus stop,near deepanjali nagar bus stop,1km,12.950759,77.537531
Bengaluru City,Byatrarayanapura Traffic PS,1.04432e+16,2023,1,2,Road Accidents,Not Applicable,City/Town,Open area,Human Error,No,Simple Injury,Vehicle to Vehicle,Uncontrolled,Others,Others,Bitumen(Tar),Dry,Not Applicable,Others,near nagarabhavi under pass,near nagarabhavi under pass,3km,0.0,0.0
Bengaluru City,Byatrarayanapura Traffic PS,1.04432e+16,2023,1,2,Road Accidents,Narrow road,City/Town,Open area,Human Error,No,Simple Injury,Vehicle to Vehicle,Uncontrolled,Straight and flat,Others,Bitumen(Tar),Dry,No influence on accident,Clear,near nayanadahalli flyover,near nayanadahalli flyover,3km,0.0,0.0
Bengaluru City,Byatrarayanapura Traffic PS,1.04432e+16,2023,1,1,Road Accidents,Not Applicable,City/Town,Residential area,Human Error,No,Grievous Injury,Not Applicable,Uncontrolled,Straight and flat,Sub Arterial,Bitumen(Tar),Dry,No influence on accident,Clear,near vrl trasport timber yard layout,near vrl trasport timber yard layout,2km,0.0,0.0
Bengaluru City,Byatrarayanapura Traffic PS,1.04432e+16,2023,1,2,Road Accidents,Not Applicable,City/Town,Open area,Human Error,No,Simple Injury,Vehicle to Vehicle,Uncontrolled,Straight and flat,Others,Bitumen(Tar),Others,No influence on accident,Clear,infront of ganesh temple cenara bank colony mudalapalya,infront of ganesh temple cenara bank colony mudalapalya,3km,0.0,0.0
Bengaluru City,Byatrarayanapura Traffic PS,1.04432e+16,2023,1,1,Rail Road Accidents,Narrow road,City/Town,Open area,Human Error,Yes,Grievous Injury,Hit pedestrian,Controlled,Curve,Others,Bitumen(Tar),Dry,No influence on accident,Clear,near Amena bayi choultry,ring road service road,3km,0.0,0.0
Bengaluru City,Byatrarayanapura Traffic PS,1.04432e+16,2023,1,1,Road Accidents,Narrow road,City/Town,Open area,Human Error,No,Damage Only,Not Applicable,Uncontrolled,Straight and flat,State Highway,Bitumen(Tar),Dry,No influence on accident,Fine,near bhel 2nd gate mysure road,near bhel 2nd gate mysure road,2km,0.0,0.0
Bengaluru City,Byatrarayanapura Traffic PS,1.04432e+16,2023,1,2,Road Accidents,Not Applicable,City/Town,Residential area,Human Error,Yes,Damage Only,Vehicle to Vehicle,Uncontrolled,Curve,Residential Street,Bitumen(Tar),Dry,No influence on accident,Clear,infront of house no 916 16th cross 1st stage 1st phase chandralayout,infront of house no 916 16th cross 1st stage 1st phase chandralayout,3km,12.95131,77.52183
Bengaluru City,Byatrarayanapura Traffic PS,1.04432e+16,2023,1,2,Road Accidents,Not Applicable,City/Town,Open area,Human Error,No,Damage Only,Vehicle to Vehicle,Controlled,Others,Others,Bitumen(Tar),Others,No influence on accident,Others,beyond durga parameshwari temple,beyond durga parameshwari temple,2km,12.951878,77.521155
Bengaluru City,Byatrarayanapura Traffic PS,1.04432e+16,2023,1,2,Road Accidents,Junction,City/Town,Open area,Human Error,Yes,Damage Only,Vehicle to Vehicle,Controlled,Not Applicable,State Highway,Bitumen(Tar),Not Applicable,No influence on accident,Clear,near nayandahalli u turn mysure road,near nayandahalli u turn mysure road,1km,12.945851,77.528843
Bengaluru City,Byatrarayanapura Traffic PS,1.04432e+16,2023,1,1,Road Accidents,Not Applicable,City/Town,Open area,Not Applicable,No,Simple Injury,Not Applicable,Controlled,Curve,Others,Bitumen(Tar),Others,Not Applicable,Clear,infront of post office satalite bus stop,infront of post office satalite bus stop,1km,12.954162,77.543877
Bengaluru City,Byatrarayanapura Traffic PS,1.04432e+16,2023,1,1,Road Accidents,Not Applicable,City/Town,Open area,Human Error,No,Grievous Injury,Not Applicable,Uncontrolled,Others,Others,Bitumen(Tar),Dry,No influence on accident,Clear,near new bolveen school moodalapalya,near new bolveen school moodalapalya,4km,0.0,0.0
Bengaluru City,Byatrarayanapura Traffic PS,1.04432e+16,2023,1,1,Road Accidents,Not Applicable,City/Town,Open area,Human Error,No,Simple Injury,Hit pedestrian,Controlled,Others,One way,Bitumen(Tar),Dry,No influence on accident,Clear,near R R Arch mysure road,near R R Arch mysure road,3km,0.0,0.0
Bengaluru City,Byatrarayanapura Traffic PS,1.04432e+16,2023,1,1,Road Accidents,Narrow road,City/Town,Open area,Not Applicable,No,Grievous Injury,Hit pedestrian,No signal lights,Others,Expressway,Bitumen(Tar),Dry,Not Applicable,Clear,NEAR NICE ROAD TOLL,NICE ROAD TOLL,3 KM,0.0,0.0
Bengaluru City,Byatrarayanapura Traffic PS,1.04432e+16,2023,1,2,Road Accidents,Not Applicable,City/Town,Open area,Human Error,No,Simple Injury,Vehicle to Vehicle,Uncontrolled,Straight and flat,Others,Bitumen(Tar),Dry,No influence on accident,Others,"near 8th main 8th cross, 50feet road",near 8th main 8th cross  50feet road,4km,0.0,0.0
Bengaluru City,Byatrarayanapura Traffic PS,1.04432e+16,2023,1,2,Road Accidents,Not Applicable,City/Town,Near a factory industrial area,Human Error,Yes,Simple Injury,Vehicle to Vehicle,Uncontrolled,Not Applicable,State Highway,Bitumen(Tar),Not Applicable,No influence on accident,Clear,infront of bhel mysure road,infront of bhel mysure road,2km,0.0,0.0
Bengaluru City,Byatrarayanapura Traffic PS,1.04432e+16,2023,1,1,Road Accidents,Curves,Rural Areas,Open area,Human Error,No,Simple Injury,Not Applicable,Uncontrolled,Straight and flat,Others,Bitumen(Tar),Others,Not Applicable,Clear,near maralu lorry stand nayandahalli ring road,near maralu lorry stand nayandahalli ring road,3km,12.954319,77.544123
Bengaluru City,Byatrarayanapura Traffic PS,1.04432e+16,2023,1,1,Road Accidents,Not Applicable,City/Town,Open area,Human Error,No,Simple Injury,Hit pedestrian,Controlled,Others,Others,Bitumen(Tar),Others,Not Applicable,Fine,near service road of veerabadra nagar,near service road of veerabadra nagar,3km,12.938353,77.533629
Bengaluru City,Byatrarayanapura Traffic PS,1.04432e+16,2023,1,1,Road Accidents,Not Applicable,Rural Areas,Open area,Human Error,Yes,Simple Injury,Hit pedestrian,Uncontrolled,Others,State Highway,Bitumen(Tar),Others,No influence on accident,Clear,near nayanadahalli junction,near nayanadahalli junction,2km,12.945374,77.528302
Bengaluru City,Byatrarayanapura Traffic PS,1.04432e+16,2023,1,2,Road Accidents,Narrow road,City/Town,Open area,Not Applicable,No,Simple Injury,Vehicle to Vehicle,No signal lights,Curve,NH,Bitumen(Tar),Dry,Not Applicable,Clear,NEAR NICW ROAD BRIDGE NAYANDAHALLI,NICE ROAD BRIDGE,2KM,0.0,0.0
Bengaluru City,Byatrarayanapura Traffic PS,1.04432e+16,2023,1,2,Road Accidents,Not Applicable,City/Town,Open area,Human Error,No,Simple Injury,Vehicle to Vehicle,Uncontrolled,Others,Not Applicable,Bitumen(Tar),Dry,No influence on accident,Clear,near milenium bar anubhavanagar,near milenium bar anubhavanagar,3km,0.0,0.0
Bengaluru City,Byatrarayanapura Traffic PS,1.04432e+16,2023,1,1,Road Accidents,Not Applicable,City/Town,Residential area,Human Error,Yes,Simple Injury,Vehicle to Vehicle,Uncontrolled,Curve,Not Applicable,Bitumen(Tar),Not Applicable,No influence on accident,Clear,near shakthi garden mudalapalya,near shakthi garden mudalapalya,3km,0.0,0.0
Bengaluru City,Byatrarayanapura Traffic PS,1.04432e+16,2023,1,2,Road Accidents,Not Applicable,City/Town,Open area,Human Error,Yes,Grievous Injury,Vehicle to Vehicle,Controlled,Others,Not Applicable,Bitumen(Tar),Others,No influence on accident,Clear,near Nagarabhavi under pass,near Nagarabhavi under pass,3km,12.958492,77.517883
Bengaluru City,Byatrarayanapura Traffic PS,1.04432e+16,2023,1,1,Road Accidents,Not Applicable,City/Town,Open area,Human Error,Not Applicable,Simple Injury,Not Applicable,Uncontrolled,Not Applicable,One way,Bitumen(Tar),Dry,No influence on accident,Clear,near chandralayout bus stop,near chandralayout bus stop,2km,12.961934,77.529625
Bengaluru City,Byatrarayanapura Traffic PS,1.04432e+16,2023,1,1,Road Accidents,Not Applicable,City/Town,Open area,Not Applicable,No,Grievous Injury,Hit pedestrian,Not Applicable,Curve,State Highway,Bitumen(Tar),Others,No influence on accident,Clear,infront of rajlakshmi weigh bridge mysure road,infront of rajlakshmi weigh bridge mysure road,1km,12.94614,77.529987
Bengaluru City,Byatrarayanapura Traffic PS,1.04432e+16,2023,1,2,Road Accidents,Not Applicable,City/Town,Open area,Human Error,No,Not Applicable,Vehicle to Vehicle,Controlled,Straight and flat,State Highway,Bitumen(Tar),Dry,No influence on accident,Others,near RR arch mysure road,near RR arch mysure road,4km,0.0,0.0
Bengaluru City,Byatrarayanapura Traffic PS,1.04432e+16,2023,1,2,Road Accidents,Not Applicable,City/Town,Open area,Human Error,Yes,Simple Injury,Vehicle to Vehicle,Uncontrolled,Straight and flat,Not Applicable,Bitumen(Tar),Dry,No influence on accident,Fine,near deepanjali nagar metro station,near deepanjali nagar metro station,1km,0.0,0.0
Bengaluru City,Byatrarayanapura Traffic PS,1.04432e+16,2023,1,2,Road Accidents,Not Applicable,City/Town,Open area,Human Error,Yes,Grievous Injury,Vehicle to Vehicle,Uncontrolled,Straight and flat,Not Applicable,Bitumen(Tar),Dry,No influence on accident,Clear,near nagarabhavi ring road service road,near nagarabhavi ring road service road,4km,0.0,0.0
Bengaluru City,Byatrarayanapura Traffic PS,1.04432e+16,2023,1,1,Road Accidents,Curves,Rural Areas,Open area,Human Error,No,Simple Injury,Hit pedestrian,Uncontrolled,Curve,Others,Bitumen(Tar),Dry,No influence on accident,Fine,infront house no 252 pantharapalya,infront house no 252 pantharapalya,3km,0.0,0.0
Bengaluru City,Byatrarayanapura Traffic PS,1.04432e+16,2023,1,2,Road Accidents,Not Applicable,City/Town,Open area,Human Error,No,Simple Injury,Hit pedestrian,Not Applicable,Curve,Others,Bitumen(Tar),Others,No influence on accident,Clear,infront of siddeshwara mess mysure road,infront of siddeshwara mess mysure road,500mtr,12.951601,77.539869
Bengaluru City,Byatrarayanapura Traffic PS,1.04432e+16,2023,1,1,Road Accidents,Not Applicable,City/Town,Open area,Human Error,No,Simple Injury,Not Applicable,Controlled,Not Applicable,State Highway,Bitumen(Tar),Dry,No influence on accident,Clear,near KSRTC Junction,near KSRTC Junction,1km,12.954292,77.54402
Bengaluru City,Byatrarayanapura Traffic PS,1.04432e+16,2023,1,1,Road Accidents,Narrow road,City/Town,Open area,Human Error,No,Fatal,Not Applicable,Uncontrolled,Not Applicable,Others,Bitumen(Tar),Others,No influence on accident,Clear,infront of SM wheels veerabadra nagar main road,infront of SM wheels veerabadra nagar main road,3,12.941331,77.534758
Bengaluru City,Byatrarayanapura Traffic PS,1.04432e+16,2023,1,1,Road Accidents,Not Applicable,City/Town,Open area,Human Error,No,Fatal,Hit pedestrian,Uncontrolled,Not Applicable,Others,Bitumen(Tar),Dry,No influence on accident,Clear,infront of bharath petrol bunk global mall pantarapalya,infront of bharath petrol bunk global mall pantarapalya,3km,12.957799,77.516282
Bengaluru City,Byatrarayanapura Traffic PS,1.04432e+16,2023,1,1,Road Accidents,Narrow road,City/Town,Open area,Human Error,No,Simple Injury,Not Applicable,No signal lights,Others,Others,Bitumen(Tar),Dry,Not Applicable,Clear,suvarna layout service road,suvarna layout service road,3km,0.0,0.0
Bengaluru City,Byatrarayanapura Traffic PS,1.04432e+16,2023,1,2,Road Accidents,Not Applicable,City/Town,Open area,Human Error,No,Simple Injury,Vehicle to Vehicle,Controlled,Straight and flat,Service Road,Bitumen(Tar),Dry,No influence on accident,Clear,infront of bhel mysure road,infront of bhel mysure road,2km,0.0,0.0
Bengaluru City,Byatrarayanapura Traffic PS,1.04432e+16,2023,1,2,Road Accidents,Not Applicable,City/Town,Open area,Human Error,Yes,Simple Injury,Vehicle to Vehicle,Uncontrolled,Others,Others,Bitumen(Tar),Dry,No influence on accident,Clear,near R R Arch mysure road,near R R Arch mysure road,3km,0.0,0.0
Bengaluru City,Byatrarayanapura Traffic PS,1.04432e+16,2023,1,2,Road Accidents,Not Applicable,City/Town,Open area,Human Error,No,Simple Injury,Vehicle to Vehicle,Controlled,Others,State Highway,Bitumen(Tar),Dry,No influence on accident,Others,near nayandahalli service road,near nayandahalli service road,3km,0.0,0.0
Bengaluru City,Byatrarayanapura Traffic PS,1.04432e+16,2023,1,2,Road Accidents,Not Applicable,City/Town,Open area,Human Error,Yes,Fatal,Vehicle to Vehicle,Controlled,Curve,State Highway,Bitumen(Tar),Dry,No influence on accident,Clear,Near nayandahalli junction mysure road,Near nayandahalli junction mysure road,2km,12.94586169,77.52838099
Bengaluru City,Byatrarayanapura Traffic PS,1.04432e+16,2023,1,1,Not Applicable,Not Applicable,City/Town,Near Bus stop,Human Error,No,Simple Injury,Not Applicable,Uncontrolled,Others,State Highway,Bitumen(Tar),Dry,Not Applicable,Fine,near mahindra show room bhel mysure road,near mahindra show room bhel mysure road,2km,0.0,0.0
Bengaluru City,Byatrarayanapura Traffic PS,1.04432e+16,2023,1,2,Road Accidents,Not Applicable,City/Town,Open area,Human Error,No,Damage Only,Vehicle to Vehicle,Controlled,Straight and flat,Not Applicable,Bitumen(Tar),Dry,Not Applicable,Fine,near RR arch mysure road,near RR arch mysure road,3km,0.0,0.0
Bengaluru City,Byatrarayanapura Traffic PS,1.04432e+16,2023,1,2,Road Accidents,Not Applicable,City/Town,Open area,Human Error,No,Damage Only,Vehicle to Vehicle,Uncontrolled,Straight and flat,Others,Bitumen(Tar),Dry,No influence on accident,Fine,near manasa nagar sky walk nayandahalli,near manasa nagar sky walk nayandahalli,3km,0.0,0.0
Bengaluru City,Byatrarayanapura Traffic PS,1.04432e+16,2023,1,2,Road Accidents,Not Applicable,City/Town,Near Bus stop,Human Error,No,Simple Injury,Vehicle to Vehicle,Uncontrolled,Curve,Others,Bitumen(Tar),Others,Not Applicable,Clear,infront of  pooja store bhairaveshwara nagar,infront of  pooja store bhairaveshwara nagar,4,0.0,0.0
Bengaluru City,Byatrarayanapura Traffic PS,1.04432e+16,2023,1,2,Road Accidents,Not Applicable,City/Town,Open area,Human Error,No,Damage Only,Vehicle to Vehicle,Controlled,Curve,State Highway,Bitumen(Tar),Dry,No influence on accident,Fine,near KSRTC Junction,near KSRTC Junction,1km,12.954395,77.544046
Bengaluru City,Byatrarayanapura Traffic PS,1.04432e+16,2023,1,2,Road Accidents,Narrow road,City/Town,Open area,Not Applicable,No,Simple Injury,Vehicle to Vehicle,No signal lights,Others,Others,Bitumen(Tar),Dry,Not Applicable,Others,NAGARABHAVI RING ROAD,NAGARABHAVI UNDER PASS,3 KM,0.0,0.0
Bengaluru City,Byatrarayanapura Traffic PS,1.04432e+16,2023,1,1,Road Accidents,Junction,City/Town,Open area,Not Applicable,No,Grievous Injury,Not Applicable,Signals (Working),Others,State Highway,Bitumen(Tar),Dry,Not Applicable,Fog / Mist,RR ARCH MYSORE ROAD,RR ARCH,3 Km,0.0,0.0
Bengaluru City,Byatrarayanapura Traffic PS,1.04432e+16,2023,1,2,Road Accidents,Not Applicable,City/Town,Open area,Human Error,No,Simple Injury,Vehicle to Vehicle,Controlled,Straight and flat,Others,Bitumen(Tar),Dry,No influence on accident,Others,near vinayaka layout mudalapalya,near vinayaka layout mudalapalya,3km,0.0,0.0
Bengaluru City,Byatrarayanapura Traffic PS,1.04432e+16,2023,1,2,Road Accidents,Not Applicable,City/Town,Open area,Human Error,No,Fatal,Vehicle to Vehicle,Uncontrolled,Not Applicable,Others,Bitumen(Tar),Dry,No influence on accident,Fine,near 4th main vidyagiri layout chandralayout,near 4th main vidyagiri layout chandralayout,4km,0.0,0.0
Bengaluru City,Byatrarayanapura Traffic PS,1.04432e+16,2023,1,2,Road Accidents,Not Applicable,City/Town,Open area,Human Error,No,Damage Only,Vehicle to Vehicle,Controlled,Others,Others,Bitumen(Tar),Dry,No influence on accident,Fine,near nagarabhavi circle,near nagarabhavi circle,3km,0.0,0.0
Bengaluru City,Byatrarayanapura Traffic PS,1.04432e+16,2023,1,1,Road Accidents,Not Applicable,City/Town,Open area,Human Error,No,Not Applicable,Hit animal,Uncontrolled,Straight and flat,State Highway,Bitumen(Tar),Dry,Not Applicable,Clear,near bharath petrol bunk guddadahalli,near bharath petrol bunk guddadahalli,2km,0.0,0.0
Bengaluru City,Byatrarayanapura Traffic PS,1.04432e+16,2023,1,3,Road Accidents,Not Applicable,Rural Areas,Open area,Human Error,No,Damage Only,Vehicle to Vehicle,Uncontrolled,Straight and flat,State Highway,Bitumen(Tar),Dry,No influence on accident,Clear,near nayandahalli flyover,near nayandahalli flyover,3km,0.0,0.0
Bengaluru City,Byatrarayanapura Traffic PS,1.04432e+16,2023,1,2,Road Accidents,Not Applicable,Rural Areas,In bazaar,Human Error,No,Simple Injury,Vehicle to Vehicle,Controlled,Curve,Others,Bitumen(Tar),Not Applicable,No influence on accident,Clear,near guddadahlli juntion,near guddadahlli juntion,2km,0.0,0.0
Bengaluru City,Byatrarayanapura Traffic PS,1.04432e+16,2023,1,1,Road Accidents,Curves,City/Town,Open area,Not Applicable,No,Simple Injury,Hit pedestrian,No signal lights,Others,Others,Bitumen(Tar),Dry,Not Applicable,Clear,NAGAARABHAVI RING ROAD,SAMRUDDI TEA STALL,4 KM,0.0,0.0
Bengaluru City,Byatrarayanapura Traffic PS,1.04432e+16,2023,1,1,Road Accidents,Junction,City/Town,Open area,Human Error,No,Simple Injury,Not Applicable,Controlled,Curve,Others,Bitumen(Tar),Dry,No influence on accident,Clear,near nayara petrol bunk,near nayara petrol bunk,2km,12.943523,77.538654
Bengaluru City,Byatrarayanapura Traffic PS,1.04432e+16,2023,1,2,Road Accidents,Not Applicable,City/Town,Open area,Human Error,No,Simple Injury,Vehicle to Vehicle,Controlled,Others,Others,Bitumen(Tar),Others,No influence on accident,Clear,near geetha timbers nty layout,near geetha timbers nty layout,2km,12.954353,77.54414
Bengaluru City,Byatrarayanapura Traffic PS,1.04432e+16,2023,1,1,Road Accidents,Not Applicable,City/Town,Open area,Human Error,No,Grievous Injury,Hit pedestrian,Controlled,Others,Others,Bitumen(Tar),Dry,No influence on accident,Clear,near bangalore one avalahalli main road,near bangalore one avalahalli main road,2km,12.814305,77.683994
Bengaluru City,Byatrarayanapura Traffic PS,1.04432e+16,2023,1,2,Road Accidents,Circle,Rural Areas,Open area,Human Error,No,Simple Injury,Vehicle to Vehicle,Controlled,Curve,Others,Bitumen(Tar),Dry,Not Applicable,Clear,near maralu lorry stop nayandahalli ring road,near maralu lorry stop nayandahalli ring road,2,12.943917,77.53008
Bengaluru City,Chickpet Traffic PS,1.04432e+16,2016,1,2,Not Applicable,Narrow road,City/Town,Near a recreation place/cinema,Not Applicable,Yes,Damage Only,Rear end,Not at  Junction,Not Applicable,Others,Bitumen(Tar),Dry,Not Applicable,Clear,Binnymill Tank Bund road,Near Metro Cash and Carry,1 KM,0.0,0.0
Bengaluru City,Chickpet Traffic PS,1.04432e+16,2016,1,1,Road Accidents,Narrow road,City/Town,Near office complex,Human Error,Yes,Fatal,Others,Not at  Junction,Not Applicable,Others,Bitumen(Tar),Dry,Not Applicable,Fine,cottonpet main road,near mill janction,2 KM,0.0,0.0
Bengaluru City,Chickpet Traffic PS,1.04432e+16,2016,1,1,Road Accidents,Cross roads,City/Town,Open area,Human Error,Yes,Simple Injury,Hit pedestrian,No signal lights,Not Applicable,One way,Bitumen(Tar),Dry,Not Applicable,Fine,"Dr T,CM RAYAN ROAD",railw office back gate,1.5km,0.0,0.0
Bengaluru City,Chickpet Traffic PS,1.04432e+16,2016,1,2,Road Accidents,Narrow road,City/Town,Near a religious place,Human Error,No,Simple Injury,Rear end,Not at  Junction,Others,Others,Bitumen(Tar),Dry,No influence on accident,Clear,G T road,Near Ayyappa Temple,1 KM,0.0,0.0
Bengaluru City,Chickpet Traffic PS,1.04432e+16,2016,1,1,Road Accidents,Narrow road,City/Town,In bazaar,Human Error,Yes,Simple Injury,Hit pedestrian,Not at  Junction,Not Applicable,Others,Concrete,Dry,Not Applicable,Clear,Chickpet Main road,Near Sudarshan Silks,1 KM,0.0,0.0
Bengaluru City,Chickpet Traffic PS,1.04432e+16,2016,1,1,Road Accidents,Narrow road,City/Town,Residential area,Not Applicable,No,Fatal,Hit pedestrian,Not at  Junction,Not Applicable,Others,Bitumen(Tar),Dry,No influence on accident,Fine,Anjanappa Garden main road,Anjanappa A Lane,1.5 Km,0.0,0.0
Bengaluru City,Chickpet Traffic PS,1.04432e+16,2016,1,1,Road Accidents,Narrow road,City/Town,In bazaar,Not Applicable,Yes,Simple Injury,Hit pedestrian,Not at  Junction,Not Applicable,Others,Bitumen(Tar),Dry,Not Applicable,Clear,B V K Iyengar road,Near Ramatemple,1 KM,0.0,0.0
Bengaluru City,Chickpet Traffic PS,1.04432e+16,2016,1,1,Road Accidents,Junction,City/Town,Open area,Not Applicable,No,Grievous Injury,Hit pedestrian,Police / Manual,Not Applicable,Others,Bitumen(Tar),Dry,No influence on accident,Fine,Dr TCM Royan road,Near Royan road Jn,1 KM,0.0,0.0
Bengaluru City,Chickpet Traffic PS,1.04432e+16,2016,1,1,Road Accidents,Narrow road,City/Town,In bazaar,Not Applicable,No,Simple Injury,Hit pedestrian,Not at  Junction,Not Applicable,Others,Bitumen(Tar),Dry,No influence on accident,Clear,Akkipet Main road,Near Akkipet Cross,0.5 KM,0.0,0.0
Bengaluru City,Chickpet Traffic PS,1.04432e+16,2016,1,1,Road Accidents,Junction,City/Town,Near Bus stop,Human Error,Not Applicable,Grievous Injury,Not Applicable,No signal lights,Not Applicable,City or Town Road,Bitumen(Tar),Dry,Not Applicable,Fine,BRIYAND CIRCAL,bini mill main road,2 KM,0.0,0.0