DISTRICTNAME,UNITNAME,Crime_No,Year,RI,Noofvehicle_involved,Accident_Classification,Accident_Spot,Accident_Location,Accident_SubLocation,Main_Cause,Hit_Run,Severity,Collision_Type,Junction_Control,Road_Character,Road_Type,Surface_Type,Surface_Condition,Road_Condition,Weather,Accident_Road,Landmark_first,Distance_LandMark_First,Latitude,Longitude
Bengaluru City,Chickpet Traffic PS,1.04432e+16,2016,1,1,Road Accidents,Junction,City/Town,Open area,Not Applicable,Yes,Fatal,Hit and Run,Police / Manual,Not Applicable,Others,Bitumen(Tar),Dry,No influence on accident,Cloudy,Binnymill Tank Bund road,Near J J Nagar Jn,1.5 Km,0.0,0.0
Bengaluru City,Chickpet Traffic PS,1.04432e+16,2016,1,2,Road Accidents,Curves,City/Town,Open area,Human Error,Not Applicable,Simple Injury,Hit and Run,Not Applicable,Curve,Others,Bitumen(Tar),Dry,Not Applicable,Fine,mysore road flyower,mysore road flyower,1.5km,0.0,0.0
Bengaluru City,Chickpet Traffic PS,1.04432e+16,2016,1,2,Road Accidents,Junction,City/Town,Open area,Not Applicable,No,Damage Only,Side swipe,Signals (Working),Not Applicable,Others,Bitumen(Tar),Dry,No influence on accident,Clear,G T road,Shanthala Circle,1 KM,0.0,0.0
Bengaluru City,Chickpet Traffic PS,1.04432e+16,2016,1,2,Road Accidents,Narrow road,City/Town,Open area,Human Error,Not Applicable,Simple Injury,Head on,No signal lights,Curve and Incline,City or Town Road,Bitumen(Tar),Dry,Not Applicable,Fine,BRIYAND CIRCAL,bini mill main road,1.8 km,0.0,0.0
Bengaluru City,Chickpet Traffic PS,1.04432e+16,2016,1,1,Road Accidents,Other,City/Town,At pedestrian Crossing,Human Error,Not Applicable,Grievous Injury,Hit pedestrian,No signal lights,Others,City or Town Road,Bitumen(Tar),Dry,Not Applicable,Fine,mysore road flyower,ccb office,3.5 km,0.0,0.0
Bengaluru City,Chickpet Traffic PS,1.04432e+16,2016,1,2,Road Accidents,Junction,City/Town,Near a religious place,Human Error,Yes,Simple Injury,Rear end,Signal lights Automatic,Others,Others,Bitumen(Tar),Dry,Not Applicable,Clear,Mysore road,Near Briyond Circle,1 KM,0.0,0.0
Bengaluru City,Chickpet Traffic PS,1.04432e+16,2016,1,1,Road Accidents,Narrow road,City/Town,Near Bus stop,Not Applicable,Yes,Simple Injury,Side swipe,Not at  Junction,Not Applicable,Others,Bitumen(Tar),Dry,No influence on accident,Fine,Binnymill road,Near CAR Hq gate,2 K M,0.0,0.0
Bengaluru City,Chickpet Traffic PS,1.04432e+16,2016,1,2,Road Accidents,Narrow road,City/Town,In bazaar,Not Applicable,No,Damage Only,Side swipe,Not at  Junction,Not Applicable,Others,Bitumen(Tar),Dry,No influence on accident,Fine,A S Char Street,Near A S Char Street,2 K M,0.0,0.0
Bengaluru City,Chickpet Traffic PS,1.04432e+16,2016,1,2,Road Accidents,Cross roads,City/Town,Near office complex,Human Error,Not Applicable,Simple Injury,Others,No signal lights,Not Applicable,One way,Bitumen(Tar),Dry,Not Applicable,Fine,binimill janction,near banna mandi,3 km,0.0,0.0
Bengaluru City,Chickpet Traffic PS,1.04432e+16,2016,1,2,Road Accidents,Circle,City/Town,Near Bus stop,Not Applicable,No,Grievous Injury,Rear end,Police / Manual,Not Applicable,Others,Bitumen(Tar),Dry,No influence on accident,Clear,BINNY MILL ROAD,NEAR BINNY MILL CIRCLE,1.5 KM,0.0,0.0
Bengaluru City,Chickpet Traffic PS,1.04432e+16,2016,1,2,Road Accidents,Junction,City/Town,Open area,Not Applicable,No,Damage Only,Side swipe,Signals (Working),Not Applicable,Others,Bitumen(Tar),Dry,No influence on accident,Clear,Cottonpet Main road,Shanthala Circle,0.5 KM,0.0,0.0
Bengaluru City,Chickpet Traffic PS,1.04432e+16,2016,1,2,Road Accidents,Narrow road,City/Town,Near office complex,Not Applicable,Yes,Simple Injury,Hit and Run,Not at  Junction,Not Applicable,Others,Bitumen(Tar),Dry,Not Applicable,Fine,Cottonpet Main road,Near CCB Office,1.5 Km,0.0,0.0
Bengaluru City,Chickpet Traffic PS,1.04432e+16,2016,1,2,Road Accidents,Narrow road,City/Town,Near Bus stop,Human Error,Not Applicable,Grievous Injury,Others,No signal lights,Curve,Others,Bitumen(Tar),Dry,Not Applicable,Fine,"T,CM RAYAN ROAD",NEAR RAYAN CIRCAL,1.5km,0.0,0.0
Bengaluru City,Chickpet Traffic PS,1.04432e+16,2016,1,2,Road Accidents,Narrow road,City/Town,Near Bus stop,Not Applicable,No,Damage Only,Rear end,Not at  Junction,Not Applicable,Others,Bitumen(Tar),Dry,No influence on accident,Fine,Binnymill Tankbund road,Near J J Nagar Jn,2 K M,0.0,0.0
Bengaluru City,Chickpet Traffic PS,1.04432e+16,2016,1,1,Road Accidents,Circle,City/Town,Residential area,Human Error,Not Applicable,Simple Injury,Others,No signal lights,Others,Others,Bitumen(Tar),Dry,Not Applicable,Fine,balepet circal,near chickpet police station,1 km,0.0,0.0
Bengaluru City,Chickpet Traffic PS,1.04432e+16,2016,1,2,Road Accidents,Junction,City/Town,Open area,Human Error,No,Damage Only,Rear end,Signal lights Not working,Others,Others,Bitumen(Tar),Dry,Not Applicable,Clear,Goods Shed road,Near Ambedkar Jn,1.5 KM,0.0,0.0
Bengaluru City,Chickpet Traffic PS,1.04432e+16,2016,1,2,Road Accidents,Curves,City/Town,Near Bus stop,Human Error,Not Applicable,Simple Injury,Not Applicable,No signal lights,Curve,One way,Bitumen(Tar),Dry,Not Applicable,Clear,cottonpet main road,ganesha lodge,2 KM,0.0,0.0
Bengaluru City,Chickpet Traffic PS,1.04432e+16,2016,1,2,Road Accidents,Narrow road,City/Town,Residential area,Human Error,No,Simple Injury,Side swipe,Not at  Junction,Others,Others,Concrete,Dry,No influence on accident,Clear,C T Street,Near Chowdeshwari Temple,1 KM,0.0,0.0
Bengaluru City,Chickpet Traffic PS,1.04432e+16,2016,1,1,Road Accidents,Narrow road,City/Town,Residential area,Not Applicable,No,Simple Injury,Hit pedestrian,Not at  Junction,Not Applicable,Others,Bitumen(Tar),Dry,Not Applicable,Clear,Anjanappa Garden main road,Anjanappa Garden main road,1.5KM,0.0,0.0
Bengaluru City,Chickpet Traffic PS,1.04432e+16,2016,1,2,Road Accidents,Y Junction,City/Town,Near Bus stop,Human Error,Not Applicable,Grievous Injury,Others,Signal lights Automatic,Not Applicable,One way,Bitumen(Tar),Dry,Not Applicable,Fine,TCM RAYAN ROAD,NEAR BUS STOP,2 KM,0.0,0.0
Bengaluru City,Chickpet Traffic PS,1.04432e+16,2016,1,2,Road Accidents,Narrow road,City/Town,Near Bus stop,Human Error,No,Simple Injury,Not Applicable,No signal lights,Not Applicable,City or Town Road,Bitumen(Tar),Dry,Not Applicable,Clear,GOOD SHED ROAD,GOOD SHED ROAD,1 KM,0.0,0.0
Bengaluru City,Chickpet Traffic PS,1.04432e+16,2017,1,2,Road Accidents,Junction,Villages settlement,Open area,Human Error,Yes,Simple Injury,Others,Controlled,Others,Others,Surfaced,Dry,Not Applicable,Fine,ASCHAR STREET,IN FRONT OF VASAVI LODGE,1 KM,12.965401,77.573756
Bengaluru City,Chickpet Traffic PS,1.04432e+16,2017,1,3,Road Accidents,Narrow road,City/Town,In bazaar,Human Error,No,Damage Only,Head on,Not at  Junction,Curve,City or Town Road,Bitumen(Tar),Not Applicable,Not Applicable,Clear,CHAMRAJPET 4TH CROSS,chamaraj pet bajar street,1 KM,12.957913,77.563369
Bengaluru City,Chickpet Traffic PS,1.04432e+16,2017,1,1,Road Accidents,Narrow road,City/Town,In bazaar,Human Error,No,Simple Injury,Not Applicable,No signal lights,Others,City or Town Road,Bitumen(Tar),Not Applicable,Not Applicable,Clear,AS CHAR STREET,AS CHAR STREET,1 KM,12.966488,77.574924
Bengaluru City,Chickpet Traffic PS,1.04432e+16,2017,1,1,Road Accidents,Curves,City/Town,Near a religious place,Human Error,Yes,Simple Injury,Hit and Run,No signal lights,Curve,City or Town Road,Bitumen(Tar),Dry,No influence on accident,Fine,BINNIMILL ROAD,BINNI MILL ROAD,1 KM,0.0,0.0
Bengaluru City,Chickpet Traffic PS,1.04432e+16,2017,1,1,Road Accidents,Cross roads,City/Town,Residential area,Human Error,No,Simple Injury,Hit pedestrian,No signal lights,Not Applicable,City or Town Road,Bitumen(Tar),Not Applicable,Not Applicable,Clear,CHAMRAJPET 7TH CROSS,CHAMRAJPET 7TH CROSS,1 KM,12.961192,77.561991
Bengaluru City,Chickpet Traffic PS,1.04432e+16,2017,1,1,Road Accidents,Cross roads,City/Town,Near Bus stop,Human Error,No,Fatal,Hit pedestrian,No signal lights,Curve,Others,Bitumen(Tar),Dry,Not Applicable,Fine,"Dr T,CM RAYAN ROAD",NEAR SHANTHAL CIRCAL,500 ME,0.0,0.0
Bengaluru City,Chickpet Traffic PS,1.04432e+16,2017,1,1,Road Accidents,Circle,City/Town,Open area,Human Error,No,Fatal,Head on,Controlled,Curve,City or Town Road,Bitumen(Tar),Dry,Not Applicable,Clear,SANGOLLI RAYANNACIRCLE,SANGOLLI RAYANNACIRCLE,2.5 KM,12.980232,77.571175
Bengaluru City,Chickpet Traffic PS,1.04432e+16,2017,1,1,Not Applicable,Cross roads,City/Town,Residential area,Human Error,No,Simple Injury,Hit pedestrian,No signal lights,Curve,City or Town Road,Bitumen(Tar),Dry,Not Applicable,Clear,KB NAGARA PIPELINE,KB NAGARA PIPELINE,2.0 KM,12.951352,77.55243
Bengaluru City,Chickpet Traffic PS,1.04432e+16,2017,1,2,Road Accidents,Other,City/Town,Near Bus stop,Not Applicable,Yes,Simple Injury,Hit and Run,Uncontrolled,Not Applicable,City or Town Road,Bitumen(Tar),Wet,Not Applicable,Fine,cottonpet main road,near bus stop,0.5 km,12.969672,77.570238
Bengaluru City,Chickpet Traffic PS,1.04432e+16,2017,1,1,Road Accidents,Junction,City/Town,At pedestrian Crossing,Human Error,No,Fatal,Hit pedestrian,No signal lights,Curve and Incline,City or Town Road,Bitumen(Tar),Dry,Not Applicable,Clear,NT PET 1ST MAIN ROAD,NT PET 1ST MAIN ROAD,1 KM,12.958519,77.578261
Bengaluru City,Chickpet Traffic PS,1.04432e+16,2017,1,2,Road Accidents,Cross roads,City/Town,Near Bus stop,Human Error,No,Simple Injury,Not Applicable,No signal lights,Not Applicable,City or Town Road,Bitumen(Tar),Dry,Not Applicable,Fine,bazar street,NEAR BUS STOP,3.5 km,0.0,0.0
Bengaluru City,Chickpet Traffic PS,1.04432e+16,2017,1,2,Road Accidents,Narrow road,City/Town,Near Bus stop,Human Error,No,Grievous Injury,Not Applicable,Controlled,Curve and Incline,City or Town Road,Bitumen(Tar),Dry,Not Applicable,Clear,GT ROAD,GT ROAD,2.5 KM,0.0,0.0
Bengaluru City,Chickpet Traffic PS,1.04432e+16,2017,1,1,Road Accidents,Circle,City/Town,In bazaar,Human Error,Yes,Simple Injury,Hit and Run,Controlled,Not Applicable,City or Town Road,Bitumen(Tar),Dry,Not Applicable,Clear,ROYAN CIRCLE,ROYAN CIRCLE,1 KM,12.960476,77.568575
Bengaluru City,Chickpet Traffic PS,1.04432e+16,2017,1,2,Not Applicable,Not Applicable,City/Town,In bazaar,Human Error,No,Damage Only,Not Applicable,No signal lights,Curve,City or Town Road,Bitumen(Tar),Not Applicable,Not Applicable,Clear,binny mill,BINNYMILL ROAD,2.5 KM,12.970206,77.565998
Bengaluru City,Chickpet Traffic PS,1.04432e+16,2017,1,1,Road Accidents,Junction,City/Town,Open area,Not Applicable,No,Damage Only,Others,Controlled,Not Applicable,City or Town Road,Surfaced,Dry,Not Applicable,Fine,sangolirayanna circle,Infront of drm office,1 km,0.0,0.0
Bengaluru City,Chickpet Traffic PS,1.04432e+16,2017,1,1,Road Accidents,Other,City/Town,Near Bus stop,Human Error,No,Simple Injury,Others,No signal lights,Curve and Incline,Others,Bitumen(Tar),Dry,Not Applicable,Fine,"G,T ROAD",near raily station,1.5KM,12.979074,77.570922
Bengaluru City,Chickpet Traffic PS,1.04432e+16,2017,1,2,Road Accidents,Junction,City/Town,Near Bus stop,Human Error,Yes,Damage Only,Hit and Run,Controlled,Curve,City or Town Road,Bitumen(Tar),Not Applicable,Not Applicable,Clear,SANGOLLI RAYANNACIRCLE,SANGOLLI RAYANNACIRCLE,1 KM,12.980593,77.570724
Bengaluru City,Chickpet Traffic PS,1.04432e+16,2017,1,2,Road Accidents,Cross roads,City/Town,Residential area,Human Error,No,Simple Injury,Not Applicable,No signal lights,Curve and Incline,City or Town Road,Bitumen(Tar),Dry,Not Applicable,Clear,Chamarajpet 4th main,chamarajpet 4th Main,2km,0.0,0.0
Bengaluru City,Chickpet Traffic PS,1.04432e+16,2017,1,2,Road Accidents,Circle,City/Town,Open area,Human Error,No,Simple Injury,Not Applicable,Not Applicable,Not Applicable,City or Town Road,Bitumen(Tar),Dry,Not Applicable,Clear,MYSORE ROAD,MYSORE ROAD,2 KM,12.959352,77.555655
Bengaluru City,Chickpet Traffic PS,1.04432e+16,2017,1,2,Rail Road Accidents,Junction,City/Town,Open area,Human Error,No,Simple Injury,Not Applicable,No signal lights,Not Applicable,City or Town Road,Bitumen(Tar),Dry,Not Applicable,Clear,CHAMARAJPET,CHAMARAJPET,1 KM,0.0,0.0
Bengaluru City,Chickpet Traffic PS,1.04432e+16,2017,1,2,Road Accidents,Junction,City/Town,Near Bus stop,Human Error,No,Simple Injury,Not Applicable,Controlled,Not Applicable,City or Town Road,Bitumen(Tar),Not Applicable,Not Applicable,Clear,"MYSORE ROAD, NEAR BB JUNCTION",NEAR BB JUNCTION,2.0 KM,12.960111,77.556691
Bengaluru City,Chickpet Traffic PS,1.04432e+16,2017,1,1,Road Accidents,Culvert,City/Town,Near a religious place,Human Error,No,Simple Injury,Skidding or Self accident,No signal lights,Not Applicable,City or Town Road,Bitumen(Tar),Not Applicable,No influence on accident,Clear,MYSORE ROAD FLYOVER,MYSORE ROAD FLYOVER,1 KM,12.964257,77.570743
Bengaluru City,Chickpet Traffic PS,1.04432e+16,2017,1,1,Road Accidents,Junction,City/Town,Open area,Human Error,Yes,Fatal,Others,Controlled,Others,City or Town Road,Surfaced,Dry,Not Applicable,Fine,sangolirayanna circle,Infront of drm office,1 km,0.0,0.0
Bengaluru City,Chickpet Traffic PS,1.04432e+16,2017,1,1,Road Accidents,Cross roads,City/Town,Near Hospital,Human Error,Yes,Fatal,Hit and Run,No signal lights,Curve,City or Town Road,Bitumen(Tar),Not Applicable,Not Applicable,Clear,"SIRSI ROAD, CHAMRAJPET 8TH CROSS",SIRSI ROAD CHAMRAJPET 8TH CROSS,1.5 KM,12.961083,77.560715
Bengaluru City,Chickpet Traffic PS,1.04432e+16,2017,1,2,Road Accidents,Circle,City/Town,Near Petrol Pump,Human Error,No,Damage Only,Others,Signals (Working),Others,City or Town Road,Bitumen(Tar),Not Applicable,Not Applicable,Fine,BRIYAND SQUAR,BRIYAND SQUAR,0.5 KM,0.0,0.0
Bengaluru City,Chickpet Traffic PS,1.04432e+16,2017,1,1,Road Accidents,Other,City/Town,Open area,Human Error,Yes,Simple Injury,Hit and Run,Not Applicable,Not Applicable,One way,Bitumen(Tar),Others,Not Applicable,Fine,TCN ROYAN ROAD,GOOD SHED ROAD,0.5 KM,12.973174,77.569273
Bengaluru City,Chickpet Traffic PS,1.04432e+16,2017,1,1,Road Accidents,Staggered junction,City/Town,Near Bus stop,Human Error,No,Simple Injury,Others,No signal lights,Curve and Incline,Not Applicable,Bitumen(Tar),Dry,Not Applicable,Clear,D  T CM RAYAN ROAD,NEAR BUS STOP,2 KM,12.973174,77.569273
Bengaluru City,Chickpet Traffic PS,1.04432e+16,2017,1,1,Road Accidents,Narrow road,City/Town,Near Bus stop,Human Error,No,Simple Injury,Not Applicable,Controlled,Curve,City or Town Road,Bitumen(Tar),Ditch or Potholed,Not Applicable,Clear,BINNIMILL ROAD,BINNI MILL ROAD,1 KM,12.970426,77.56603
Bengaluru City,Chickpet Traffic PS,1.04432e+16,2017,1,2,Road Accidents,Junction,City/Town,Narrow bridge or culverts,Human Error,No,Simple Injury,Others,Signal lights Automatic,Curve,City or Town Road,Bitumen(Tar),Others,Not Applicable,Clear,MYSORE ROAD FLYOVER,MYSORE ROAD FLYOVER,1.5 KM,12.9606,77.55755
Bengaluru City,Chickpet Traffic PS,1.04432e+16,2017,1,2,Not Applicable,Bridge,City/Town,Narrow bridge or culverts,Human Error,No,Simple Injury,Not Applicable,Not Applicable,Straight and flat,Expressway,Bitumen(Tar),Not Applicable,Not Applicable,Clear,MYSORE ROAD FLYOVER,MYSORE ROAD FLYOVER,1 KM,12.961953,77.5633
Bengaluru City,Chickpet Traffic PS,1.04432e+16,2017,1,2,Not Applicable,Cross roads,City/Town,In bazaar,Human Error,Yes,Simple Injury,Hit and Run,No signal lights,Curve,City or Town Road,Bitumen(Tar),Not Applicable,Not Applicable,Clear,CHAMRAJPET 3RD CROSS,CHAMRAJPET 3RD CROSS,1 KM,12.959389,77.568441
Bengaluru City,Chickpet Traffic PS,1.04432e+16,2017,1,1,Road Accidents,Narrow road,City/Town,At pedestrian Crossing,Human Error,No,Simple Injury,Hit pedestrian,Not at  Junction,Not Applicable,City or Town Road,Bitumen(Tar),Dry,Not Applicable,Clear,BINNIMILL ROAD,BINNI MILL ROAD,1 KM,12.96519,77.564549
Bengaluru City,Chickpet Traffic PS,1.04432e+16,2017,1,1,Road Accidents,Narrow road,City/Town,In bazaar,Human Error,No,Fatal,Head on,Controlled,Not Applicable,City or Town Road,Bitumen(Tar),Dry,Pot holed,Clear,COTTONPET MAIN ROAD,COTTONPET MAIN ROAD,2.5 KM,12.974398,77.570461
Bengaluru City,Chickpet Traffic PS,1.04432e+16,2017,1,1,Not Applicable,Narrow road,City/Town,Narrow bridge or culverts,Human Error,Yes,Simple Injury,Hit and Run,Not Applicable,Dip or trough,City or Town Road,Bitumen(Tar),Ditch or Potholed,Pot holed,Not Applicable,MYSORE ROAD FLYOVER,MYSORE ROAD FLYOVER,1.5 KM,12.960939,77.55801
Bengaluru City,Chickpet Traffic PS,1.04432e+16,2017,1,2,Road Accidents,Narrow road,City/Town,Open area,Not Applicable,No,Damage Only,Side impact or Right angle,Signal lights Automatic,Curve,City or Town Road,Concrete,Dry,Not Applicable,Fine,G.T Road,khoday circal,1.5 km,0.0,0.0
Bengaluru City,Chickpet Traffic PS,1.04432e+16,2017,1,1,Road Accidents,Bridge,City/Town,Near or inside a village,Human Error,No,Simple Injury,Not Applicable,Not Applicable,Not Applicable,City or Town Road,Bitumen(Tar),Dry,Not Applicable,Clear,MYSORE ROAD FLYOVER,MYSORE ROAD FLYOVER,1 KM,12.961325,77.559571
Bengaluru City,Chickpet Traffic PS,1.04432e+16,2017,1,1,Road Accidents,Junction,City/Town,Near Hospital,Human Error,Yes,Fatal,Hit and Run,Controlled,Not Applicable,City or Town Road,Bitumen(Tar),Dry,Not Applicable,Not Applicable,MYSORE ROAD,MYSORE ROAD,1 KM,12.963927,77.572798
Bengaluru City,Chickpet Traffic PS,1.04432e+16,2017,1,1,Road Accidents,Cross roads,City/Town,In bazaar,Human Error,Yes,Simple Injury,Hit and Run,Not at  Junction,Curve,City or Town Road,Bitumen(Tar),Dry,Not Applicable,Fine,AS CHAR STREET,AS CHAR STREET,1 KM,0.0,0.0
Bengaluru City,Chickpet Traffic PS,1.04432e+16,2017,1,1,Road Accidents,Narrow road,City/Town,Near Bus stop,Human Error,Yes,Simple Injury,Hit and Run,Not at  Junction,Not Applicable,City or Town Road,Bitumen(Tar),Others,Not Applicable,Cloudy,GT ROAD,GT ROAD,2.5 KM,12.974715,77.57044
Bengaluru City,Chickpet Traffic PS,1.04432e+16,2017,1,1,Road Accidents,Narrow road,City/Town,Open area,Human Error,No,Grievous Injury,Others,Uncontrolled,Others,City or Town Road,Surfaced,Dry,Not Applicable,Fine,GT ROAD,IN FRONT OF RAILWAY STATION,1 KM,12.978082,77.570794
Bengaluru City,Chickpet Traffic PS,1.04432e+16,2017,1,2,Road Accidents,Narrow road,City/Town,Narrow bridge or culverts,Human Error,No,Fatal,Head on,Not at  Junction,Not Applicable,City or Town Road,Bitumen(Tar),Dry,Pot holed,Others,MYSORE ROAD FLYOVER,MYSORE ROAD FLYOVER,1.5 KM,0.0,0.0
Bengaluru City,Chickpet Traffic PS,1.04432e+16,2017,1,2,Road Accidents,Narrow road,City/Town,Near Bus stop,Human Error,No,Fatal,Head on,Not Applicable,Not Applicable,City or Town Road,Bitumen(Tar),Not Applicable,Not Applicable,Clear,GT ROAD,GT ROAD,2.5 KM,12.979647,77.57101
Bengaluru City,Chickpet Traffic PS,1.04432e+16,2017,1,2,Road Accidents,Y Junction,City/Town,In bazaar,Human Error,No,Simple Injury,Not Applicable,No signal lights,Curve,City or Town Road,Bitumen(Tar),Not Applicable,Not Applicable,Clear,binny mill circle,binny mill circle,2.0 KM,12.970716,77.566572
Bengaluru City,Chickpet Traffic PS,1.04432e+16,2017,1,1,Road Accidents,Other,City/Town,Near Hospital,Human Error,Yes,Fatal,Hit and Run,Not Applicable,Not Applicable,City or Town Road,Bitumen(Tar),Not Applicable,Not Applicable,Fine,MYSORE ROAD,MYSORE ROAD,1 KM,12.963339,77.570216
Bengaluru City,Chickpet Traffic PS,1.04432e+16,2017,1,2,Road Accidents,Bridge,City/Town,Narrow bridge or culverts,Human Error,No,Simple Injury,Not Applicable,Not Applicable,Straight and flat,City or Town Road,Bitumen(Tar),Dry,Not Applicable,Clear,MYSORE ROAD FLYOVER,MYSORE ROAD FLYOVER,1 KM,12.9612,77.559743
Bengaluru City,Chickpet Traffic PS,1.04432e+16,2017,1,1,Road Accidents,Junction,City/Town,Near Bus stop,Human Error,No,Simple Injury,Others,Controlled,Curve,City or Town Road,Bitumen(Tar),Dry,Not Applicable,Clear,shanthala circle,shanthala circle,1 KM,12.97506,77.570901
Bengaluru City,Chickpet Traffic PS,1.04432e+16,2017,1,2,Road Accidents,Junction,City/Town,Residential area,Human Error,No,Damage Only,Not Applicable,Uncontrolled,Not Applicable,City or Town Road,Bitumen(Tar),Dry,Not Applicable,Clear,CHAMRAJPET 4TH CROSS,CHAMRAJPET 4TH CROSS,1 KM,12.961949,77.565472
Bengaluru City,Chickpet Traffic PS,1.04432e+16,2018,1,1,Road Accidents,Cross roads,City/Town,Residential area,Human Error,Yes,Simple Injury,Hit and Run,No signal lights,Curve,City or Town Road,Bitumen(Tar),Not Applicable,Not Applicable,Clear,CHAMRAJPET 2D MAIN 6TH CROSS,CHAMRAJPET 2D MAIN 6TH CROSS,1,12.959599,77.563627
Bengaluru City,Chickpet Traffic PS,1.04432e+16,2018,1,2,Road Accidents,Narrow road,City/Town,Near office complex,Human Error,No,Simple Injury,Head on,No signal lights,Curve,City or Town Road,Bitumen(Tar),Ditch or Potholed,Construction Work / Material,Clear,MYSORE ROAD,INFRONT OF FIRE FORCE STATION,1.5,12.962395,77.56463
Bengaluru City,Chickpet Traffic PS,1.04432e+16,2018,1,2,Road Accidents,Narrow road,City/Town,In bazaar,Human Error,Yes,Simple Injury,Hit and Run,No signal lights,Not Applicable,City or Town Road,Bitumen(Tar),Dry,Not Applicable,Fine,"BINNY MILL ROAD,",BINNY MILL ROAD,1.5,12.966037,77.562699
Bengaluru City,Chickpet Traffic PS,1.04432e+16,2018,1,2,Road Accidents,Other,City/Town,Near office complex,Human Error,No,Simple Injury,Head on,Uncontrolled,Not Applicable,City or Town Road,Bitumen(Tar),Dry,Not Applicable,Clear,"CHAMRAJPET 1ST MAIN ROAD,",CHAMARAJPET,1.5,12.960451,77.564255
Bengaluru City,Chickpet Traffic PS,1.04432e+16,2018,1,2,Road Accidents,Bridge,City/Town,Narrow bridge or culverts,Human Error,No,Fatal,Head on,Not Applicable,Not Applicable,City or Town Road,Bitumen(Tar),Not Applicable,No influence on accident,Clear,MYSORE ROAD FLYOVER,MYSORE ROAD FLYOVER,2 KM,12.964604,77.573609
Bengaluru City,Chickpet Traffic PS,1.04432e+16,2018,1,2,Road Accidents,Narrow road,City/Town,In bazaar,Human Error,Yes,Damage Only,Hit and Run,Not Applicable,Curve,City or Town Road,Bitumen(Tar),Not Applicable,Not Applicable,Clear,COTTON PET MAIN ROAD,COTTONPET,1.5,12.967643,77.56993
Bengaluru City,Chickpet Traffic PS,1.04432e+16,2018,1,2,Road Accidents,Circle,City/Town,In bazaar,Human Error,Yes,Simple Injury,Hit and Run,Controlled,Curve,City or Town Road,Bitumen(Tar),Not Applicable,Not Applicable,Clear,GT ROAD,GT ROAD,2.5,12.980521,77.570901
Bengaluru City,Chickpet Traffic PS,1.04432e+16,2018,1,2,Road Accidents,Narrow road,City/Town,Narrow bridge or culverts,Human Error,No,Simple Injury,Hit parked vehicle,Not Applicable,Not Applicable,City or Town Road,Bitumen(Tar),Dry,Not Applicable,Clear,MYSORE ROAD FLYOVER,MYSORE ROAD,2.5,12.960281,77.56199
Bengaluru City,Chickpet Traffic PS,1.04432e+16,2018,1,1,Road Accidents,Cross roads,City/Town,Near Petrol Pump,Human Error,No,Simple Injury,Head on,Not Applicable,Others,City or Town Road,Bitumen(Tar),Dry,Not Applicable,Clear,MYSORE ROAD,MYSORE ROAD,2 KM,12.96986,77.565374
Bengaluru City,Chickpet Traffic PS,1.04432e+16,2018,1,1,Road Accidents,Circle,City/Town,Near Bus stop,Human Error,Yes,Fatal,Head on,Signal lights Automatic,Not Applicable,City or Town Road,Bitumen(Tar),Not Applicable,No influence on accident,Clear,MYSORE ROAD,MYSORE ROAD,2 KM,12.959966,77.556223
Bengaluru City,Chickpet Traffic PS,1.04432e+16,2018,1,2,Road Accidents,Narrow road,City/Town,Open area,Human Error,Yes,Simple Injury,Hit and Run,Not Applicable,Not Applicable,City or Town Road,Bitumen(Tar),Not Applicable,Not Applicable,Clear,BINNI MILL ROAD,NEAR KP AGRAHAR ENTRANCE,2.5,12.969052,77.56493
Bengaluru City,Chickpet Traffic PS,1.04432e+16,2018,1,1,Road Accidents,Cross roads,City/Town,In bazaar,Human Error,Yes,Simple Injury,Hit and Run,No signal lights,Curve,City or Town Road,Bitumen(Tar),Others,Not Applicable,Clear,BINNI MILL ROAD,BINNIMILL ROAD,2.5,12.965756,77.56242
Bengaluru City,Chickpet Traffic PS,1.04432e+16,2018,1,1,Road Accidents,Narrow road,City/Town,Near Bus stop,Human Error,Yes,Simple Injury,Hit and Run,Not Applicable,Not Applicable,City or Town Road,Bitumen(Tar),Not Applicable,Construction Work / Material,Clear,MYSORE ROAD,MYSORE ROAD,1,12.962902,77.566524
Bengaluru City,Chickpet Traffic PS,1.04432e+16,2018,1,1,Road Accidents,Circle,City/Town,Near Bus stop,Human Error,No,Grievous Injury,Head on,Signal lights Automatic,Curve,City or Town Road,Bitumen(Tar),Not Applicable,No influence on accident,Clear,MYSORE ROAD,MYSORE ROAD,2 KM,12.959675,77.556016
Bengaluru City,Chickpet Traffic PS,1.04432e+16,2018,1,2,Road Accidents,Junction,City/Town,Residential area,Human Error,Yes,Grievous Injury,Hit and Run,Uncontrolled,Curve and Incline,City or Town Road,Bitumen(Tar),Dry,Not Applicable,Clear,"CHAMRAJPET 3RD MAIN ROAD,",CHAMRAJPET,1.5,12.957664,77.557861
Bengaluru City,Chickpet Traffic PS,1.04432e+16,2018,1,2,Road Accidents,Cross roads,City/Town,In bazaar,Human Error,No,Damage Only,Not Applicable,Controlled,Curve and Incline,City or Town Road,Bitumen(Tar),Dry,Not Applicable,Clear,BRIYAND SQUARE,MYSORE ROAD,1.5,12.964099,77.569705
Bengaluru City,Chickpet Traffic PS,1.04432e+16,2018,1,1,Road Accidents,Narrow road,City/Town,Residential area,Human Error,No,Simple Injury,Head on,Not at  Junction,Not Applicable,City or Town Road,Bitumen(Tar),Not Applicable,Not Applicable,Clear,DR TCM RAYAN ROAD,OPP TO SULABH TOILET,1.5,12.966992,77.568153