DISTRICTNAME,UNITNAME,Crime_No,Year,RI,Noofvehicle_involved,Accident_Classification,Accident_Spot,Accident_Location,Accident_SubLocation,Main_Cause,Hit_Run,Severity,Collision_Type,Junction_Control,Road_Character,Road_Type,Surface_Type,Surface_Condition,Road_Condition,Weather,Accident_Road,Landmark_first,Distance_LandMark_First,Latitude,Longitude
Bengaluru City,Chickpet Traffic PS,1.04432e+16,2018,1,1,Road Accidents,Cross roads,City/Town,Near School or College,Human Error,Yes,Simple Injury,Hit and Run,No signal lights,Curve,City or Town Road,Bitumen(Tar),Dry,Not Applicable,Clear,"COTTON PET MAIN ROAD, NEAR",MILL ROAD JUNCTION,1.5,12.968882,77.570213
Bengaluru City,Chickpet Traffic PS,1.04432e+16,2018,1,1,Road Accidents,Bridge,City/Town,Open area,Human Error,Not Applicable,Fatal,Head on,Not Applicable,Not Applicable,City or Town Road,Bitumen(Tar),Dry,No influence on accident,Clear,MYSORE ROAD FLYOVER,MYSORE ROAD FLYOVER,1KM,12.96425,77.570422
Bengaluru City,Chickpet Traffic PS,1.04432e+16,2018,1,2,Road Accidents,Narrow road,City/Town,Near Bus stop,Human Error,No,Simple Injury,Head on,No signal lights,Not Applicable,City or Town Road,Bitumen(Tar),Dry,Not Applicable,Clear,GT ROAD,GT ROAD,2 KM,12.978214,77.571057
Bengaluru City,Chickpet Traffic PS,1.04432e+16,2018,1,2,Road Accidents,Narrow road,City/Town,In bazaar,Human Error,No,Simple Injury,Head on,Not at  Junction,Not Applicable,City or Town Road,Bitumen(Tar),Dry,Construction Work / Material,Clear,"COTTONPET MAIN ROAD,",COTTONPET,2 KM,12.964896,77.56824
Bengaluru City,Chickpet Traffic PS,1.04432e+16,2018,1,1,Road Accidents,Narrow road,City/Town,Near Bus stop,Human Error,Yes,Simple Injury,Not Applicable,Controlled,Curve,City or Town Road,Bitumen(Tar),Not Applicable,Construction Work / Material,Clear,"MYSORE ROAD, NEAR BB JUNCTION",NEAR BB JUNCTION,1 KM,2.959636,77.555891
Bengaluru City,Chickpet Traffic PS,1.04432e+16,2018,1,2,Road Accidents,Cross roads,City/Town,Residential area,Human Error,Yes,Grievous Injury,Hit and Run,Not at  Junction,Curve,City or Town Road,Bitumen(Tar),Dry,Not Applicable,Clear,KASTURI BA NAGAR,ASHWATHKATTE ROAD,2.5,12.953237,77.550806
Bengaluru City,Chickpet Traffic PS,1.04432e+16,2018,1,1,Road Accidents,Narrow road,City/Town,In bazaar,Human Error,Yes,Fatal,Hit and Run,Not Applicable,Not Applicable,City or Town Road,Bitumen(Tar),Ditch or Potholed,Construction Work / Material,Clear,MYSORE ROAD,INFRONT OF RK BAR&RESTORENT,1.5,12.961275,77.559821
Bengaluru City,Chickpet Traffic PS,1.04432e+16,2018,1,1,Road Accidents,Cross roads,City/Town,In bazaar,Human Error,No,Simple Injury,Hit pedestrian,Not Applicable,Not Applicable,City or Town Road,Bitumen(Tar),Dry,Not Applicable,Clear,AS CHAR STREET,AS CHAR STREET,1KM,12.964798,77.573737
Bengaluru City,Chickpet Traffic PS,1.04432e+16,2018,1,1,Road Accidents,Narrow road,City/Town,Near Bus stop,Human Error,Yes,Simple Injury,Not Applicable,No signal lights,Not Applicable,NH,Not Applicable,Not Applicable,No influence on accident,Clear,MYSORE ROAD,MYSORE ROAD,1,12.962902,77.566524
Bengaluru City,Chickpet Traffic PS,1.04432e+16,2018,1,2,Road Accidents,Cross roads,City/Town,Near office complex,Human Error,No,Grievous Injury,Not Applicable,Not Applicable,Curve,City or Town Road,Bitumen(Tar),Not Applicable,Not Applicable,Clear,"CHAMRAJPET 1ST MAIN ROAD,",CHAMARAJPET,2 KM,12.960205,77.558319
Bengaluru City,Chickpet Traffic PS,1.04432e+16,2018,1,2,Road Accidents,Junction,City/Town,In bazaar,Human Error,Yes,Damage Only,Hit and Run,Controlled,Not Applicable,City or Town Road,Bitumen(Tar),Dry,Not Applicable,Clear,MYSORE ROAD,MYSORE ROAD,2 KM,12.959503,77.555847
Bengaluru City,Chickpet Traffic PS,1.04432e+16,2018,1,2,Road Accidents,Narrow road,City/Town,Narrow bridge or culverts,Human Error,No,Simple Injury,Head on,Not at  Junction,Not Applicable,City or Town Road,Bitumen(Tar),Dry,Not Applicable,Clear,MYSORE ROAD FLYOVER,MYSORE ROAD,2.5,12.961143,77.558933
Bengaluru City,Chickpet Traffic PS,1.04432e+16,2018,1,1,Road Accidents,Cross roads,City/Town,At pedestrian Crossing,Human Error,No,Simple Injury,Head on,No signal lights,Curve,City or Town Road,Bitumen(Tar),Dry,Not Applicable,Clear,BINNI MILL ROAD,JJR NAGAR JUNCTION,2.5,12.962711,77.560303
Bengaluru City,Chickpet Traffic PS,1.04432e+16,2018,1,1,Road Accidents,T Junction,City/Town,Residential area,Human Error,Yes,Grievous Injury,Hit and Run,Uncontrolled,Others,City or Town Road,Bitumen(Tar),Not Applicable,Not Applicable,Clear,"1ST MAIN, BHAKSHI GARDEN",BHAKSHI GARDEN,1.5 KM,12.965869,77.56853
Bengaluru City,Chickpet Traffic PS,1.04432e+16,2018,1,1,Road Accidents,Narrow road,City/Town,In bazaar,Human Error,Yes,Simple Injury,Hit and Run,No signal lights,Not Applicable,City or Town Road,Bitumen(Tar),Dry,Not Applicable,Clear,CHAMRAJPET 4TH MAIN 8TH CROSS,CHAMRAJPET 4TH MAIN 8TH CROSS,1 KM,12.957805,77.560832
Bengaluru City,Chickpet Traffic PS,1.04432e+16,2018,1,1,Road Accidents,Cross roads,City/Town,In bazaar,Human Error,No,Grievous Injury,Hit bicyclist,Not Applicable,Curve,City or Town Road,Bitumen(Tar),Dry,Not Applicable,Clear,MYSORE ROAD,NEAR AS CHAR STREET,1.5,12.964489,77.572371
Bengaluru City,Chickpet Traffic PS,1.04432e+16,2018,1,1,Road Accidents,Cross roads,City/Town,At pedestrian Crossing,Human Error,No,Simple Injury,Head on,No signal lights,Curve,City or Town Road,Bitumen(Tar),Not Applicable,Not Applicable,Clear,"BINNY MILL ROAD,",BINNY MILL ROAD,2 KM,12.96986,77.565374
Bengaluru City,Chickpet Traffic PS,1.04432e+16,2018,1,2,Road Accidents,Curves,City/Town,In bazaar,Human Error,No,Simple Injury,Head on,Police / Manual,Not Applicable,City or Town Road,Bitumen(Tar),Not Applicable,Not Applicable,Clear,CHAMRAJPET,CHAMRAJPET,1.5,12.959793,77.559239
Bengaluru City,Chickpet Traffic PS,1.04432e+16,2018,1,1,Not Applicable,Narrow road,City/Town,Near Bus stop,Human Error,Yes,Simple Injury,Hit and Run,Not Applicable,Curve,City or Town Road,Bitumen(Tar),Others,Not Applicable,Clear,"BINNY MILL ROAD,",BINNY MILL ROAD,1.5,12.965495,77.562317
Bengaluru City,Chickpet Traffic PS,1.04432e+16,2018,1,1,Road Accidents,Bridge,City/Town,Open area,Human Error,Yes,Simple Injury,Hit and Run,Not Applicable,Not Applicable,City or Town Road,Bitumen(Tar),Dry,Not Applicable,Clear,MYSORE ROAD FLYOVER,MYSORE ROAD FLYOVER,1KM,12.964463,77.573708
Bengaluru City,Chickpet Traffic PS,1.04432e+16,2018,1,2,Road Accidents,Junction,City/Town,Near Petrol Pump,Human Error,No,Simple Injury,Hit and Run,Controlled,Curve and Incline,City or Town Road,Bitumen(Tar),Not Applicable,Not Applicable,Clear,MYSORE ROAD,BB JUNCTION,2.5,12.959941,77.556417
Bengaluru City,Chickpet Traffic PS,1.04432e+16,2018,1,1,Road Accidents,Narrow road,City/Town,Near Bus stop,Human Error,Yes,Simple Injury,Hit and Run,Not at  Junction,Not Applicable,City or Town Road,Bitumen(Tar),Dry,Not Applicable,Clear,"BINNY MILL ROAD,",BINNY MILL ROAD,2 KM,12.969677,77.565461
Bengaluru City,Chickpet Traffic PS,1.04432e+16,2018,1,1,Road Accidents,Narrow road,City/Town,Near Bus stop,Human Error,Yes,Fatal,Hit and Run,Not at  Junction,Others,City or Town Road,Bitumen(Tar),Dry,Not Applicable,Clear,GT ROAD,GT ROAD,2.5,12.978279,77.57084
Bengaluru City,Chickpet Traffic PS,1.04432e+16,2018,1,2,Road Accidents,Narrow road,City/Town,Near Bus stop,Not Applicable,No,Simple Injury,Not Applicable,Not at  Junction,Not Applicable,City or Town Road,Bitumen(Tar),Not Applicable,Not Applicable,Clear,BINNYMILL ROAD IN FRONT OF CAR HQ BUS STOP,BINNYMILL ROAD IN FRONT OF CAR HQ BUS STOP,1 KM,12.928511,77.595009
Bengaluru City,Chickpet Traffic PS,1.04432e+16,2018,1,1,Road Accidents,Bridge,City/Town,Narrow bridge or culverts,Human Error,Yes,Simple Injury,Hit and Run,No signal lights,Straight and flat,City or Town Road,Bitumen(Tar),Dry,Not Applicable,Not Applicable,MYSORE ROAD FLYOVER,MYSORE ROAD FLYOVER,1KM,12.964276,77.57097
Bengaluru City,Chickpet Traffic PS,1.04432e+16,2018,1,1,Road Accidents,Junction,City/Town,Residential area,Human Error,Yes,Simple Injury,Hit and Run,Signal lights Automatic,Curve,City or Town Road,Bitumen(Tar),Dry,Not Applicable,Clear,"BINNY MILL ROAD,",BINNY MILL ROAD,1.5,12.961256,77.559201
Bengaluru City,Chickpet Traffic PS,1.04432e+16,2018,1,2,Road Accidents,Narrow road,City/Town,In bazaar,Human Error,No,Simple Injury,Head on,Controlled,Not Applicable,City or Town Road,Bitumen(Tar),Dry,Not Applicable,Clear,GT ROAD,GT ROAD,2 KM,12.975182,77.570686
Bengaluru City,Chickpet Traffic PS,1.04432e+16,2018,1,2,Road Accidents,Cross roads,City/Town,In bazaar,Human Error,Yes,Simple Injury,Hit and Run,Not at  Junction,Not Applicable,City or Town Road,Bitumen(Tar),Dry,Not Applicable,Clear,SIRSI ROAD,NEAR GANESHGRAND HOTEL,2.5,12.961092,77.562041
Bengaluru City,Chickpet Traffic PS,1.04432e+16,2018,1,2,Road Accidents,Circle,City/Town,In bazaar,Human Error,No,Simple Injury,Head on,Controlled,Curve,City or Town Road,Bitumen(Tar),Not Applicable,Not Applicable,Clear,BRIYAND SQUARE,MYSORE ROAD,1.5,12.964281,77.569978
Bengaluru City,Chickpet Traffic PS,1.04432e+16,2018,1,2,Road Accidents,Narrow road,City/Town,Near Bus stop,Human Error,No,Fatal,Head on,Not at  Junction,Not Applicable,City or Town Road,Bitumen(Tar),Dry,Not Applicable,Clear,MYSORE ROAD,MYSORE ROAD,2 KM,12.960185,77.557076
Bengaluru City,Chickpet Traffic PS,1.04432e+16,2018,1,1,Road Accidents,Circle,City/Town,Near Bus stop,Human Error,Yes,Fatal,Hit and Run,No signal lights,Curve,City or Town Road,Bitumen(Tar),Dry,No influence on accident,Clear,BINNI MILL ROAD,JJR NAGAR JUNCTION,2.5,0.0,0.0
Bengaluru City,Chickpet Traffic PS,1.04432e+16,2018,1,2,Road Accidents,Cross roads,City/Town,Residential area,Human Error,No,Simple Injury,Head on,Not Applicable,Curve,City or Town Road,Bitumen(Tar),Not Applicable,Not Applicable,Clear,CHAMRAJPET,CHAMRAJPET,1.5,12.957468,77.565954
Bengaluru City,Chickpet Traffic PS,1.04432e+16,2018,1,1,Road Accidents,Narrow road,City/Town,Near Petrol Pump,Human Error,No,Simple Injury,Hit pedestrian,No signal lights,Not Applicable,City or Town Road,Bitumen(Tar),Dry,Not Applicable,Clear,MYSORE ROAD,MYSORE ROAD,1.5,12.960495,77.557351
Bengaluru City,Chickpet Traffic PS,1.04432e+16,2018,1,1,Road Accidents,Round about or Circle,City/Town,At pedestrian Crossing,Human Error,No,Grievous Injury,Hit pedestrian,Controlled,Not Applicable,City or Town Road,Bitumen(Tar),Dry,Not Applicable,Clear,SIRSI CIRCLE,SIRSI CIRCLE MYSORE ROAD,2 KM,12.961303,77.559185
Bengaluru City,Chickpet Traffic PS,1.04432e+16,2018,1,1,Not Applicable,Not Applicable,City/Town,Narrow bridge or culverts,Human Error,Yes,Simple Injury,Hit and Run,Not Applicable,Not Applicable,City or Town Road,Bitumen(Tar),Dry,Not Applicable,Clear,MYSORE ROAD FLYOVER,CHAMRAJPET,1.5,12.964076,77.569764
Bengaluru City,Chickpet Traffic PS,1.04432e+16,2018,1,1,Road Accidents,Junction,City/Town,Near Bus stop,Human Error,No,Fatal,Head on,Controlled,Curve,City or Town Road,Concrete,Flooded,Construction Work / Material,Clear,MYSORE ROAD,MYSORE ROAD,2 KM,12.957537,77.552406
Bengaluru City,Chickpet Traffic PS,1.04432e+16,2018,1,1,Road Accidents,Cross roads,City/Town,In bazaar,Human Error,No,Simple Injury,Hit pedestrian,Controlled,Not Applicable,City or Town Road,Bitumen(Tar),Dry,Not Applicable,Clear,"BINNY MILL ROAD,",BINNY MILL ROAD,2 KM,12.965322,77.562445
Bengaluru City,Chickpet Traffic PS,1.04432e+16,2019,1,2,Road Accidents,Cross roads,City/Town,In bazaar,Human Error,Yes,Grievous Injury,Vehicle to Vehicle,Not Applicable,Not Applicable,Not Applicable,Bitumen(Tar),Dry,Not Applicable,Clear,MYSORE ROAD,MYSORE ROAD,2 KM,12.960758,77.55775
Bengaluru City,Chickpet Traffic PS,1.04432e+16,2019,1,2,Road Accidents,Curves,City/Town,In bazaar,Human Error,No,Simple Injury,Hit pedestrian,No signal lights,Curve,Not Applicable,Bitumen(Tar),Dry,Construction Work / Material,Clear,DR TCM RAYAN ROAD,DR TCM RAYON ROAD,2.5,12.97472,77.57036
Bengaluru City,Chickpet Traffic PS,1.04432e+16,2019,1,1,Road Accidents,Cross roads,City/Town,In bazaar,Human Error,Yes,Simple Injury,Hit pedestrian,Not at  Junction,Others,Not Applicable,Bitumen(Tar),Not Applicable,Not Applicable,Clear,PENSION MOHALLA ROAD,SIDDARTHANAGAR,1.5,12.965307,77.567182
Bengaluru City,Chickpet Traffic PS,1.04432e+16,2019,1,1,Road Accidents,Narrow road,City/Town,In bazaar,Human Error,No,Simple Injury,Vehicle to Vehicle,Not Applicable,Not Applicable,Not Applicable,Bitumen(Tar),Dry,Not Applicable,Clear,BINNIMILL,BINNIMILL,2.5 KM,12.96612,77.562856
Bengaluru City,Chickpet Traffic PS,1.04432e+16,2019,1,2,Road Accidents,Curves,City/Town,Residential area,Human Error,No,Simple Injury,Not Applicable,Not Applicable,Not Applicable,Not Applicable,Bitumen(Tar),Dry,Not Applicable,Clear,CHAMRAJPET,CHAMRAJPET,1.5,0.0,0.0
Bengaluru City,Chickpet Traffic PS,1.04432e+16,2019,1,2,Road Accidents,Cross roads,City/Town,In bazaar,Human Error,Yes,Grievous Injury,Not Applicable,Not Applicable,Curve,Not Applicable,Bitumen(Tar),Dry,Not Applicable,Clear,CHAMRAJPET,CHAMRAJPET 2D MAIN 3RD CROSS,1,12.960024,77.56729
Bengaluru City,Chickpet Traffic PS,1.04432e+16,2019,1,1,Road Accidents,Narrow road,City/Town,In bazaar,Human Error,No,Simple Injury,Head on,Not at  Junction,Not Applicable,City or Town Road,Concrete,Dry,No influence on accident,Clear,MYSORE ROAD,NEAR VINAYAK THEATRE,2 KM,12.96289,77.56656
Bengaluru City,Chickpet Traffic PS,1.04432e+16,2019,1,2,Road Accidents,Junction,City/Town,Residential area,Human Error,No,Damage Only,Not Applicable,No signal lights,Curve,Not Applicable,Bitumen(Tar),Not Applicable,Not Applicable,Clear,"CHAMRAJPET 4TH MAIN,",CHAMRAJPET 3RD CROSS,1,12.95798,77.567414
Bengaluru City,Chickpet Traffic PS,1.04432e+16,2019,1,1,Road Accidents,Narrow road,City/Town,In bazaar,Human Error,No,Grievous Injury,Not Applicable,Controlled,Curve,Not Applicable,Bitumen(Tar),Dry,Not Applicable,Clear,MYSORE ROAD,BINNIMILL ROAD,2.5 KM,12.97074,77.5665
Bengaluru City,Chickpet Traffic PS,1.04432e+16,2019,1,1,Road Accidents,Cross roads,City/Town,In bazaar,Human Error,Yes,Simple Injury,Hit pedestrian,Not Applicable,Not Applicable,Not Applicable,Bitumen(Tar),Dry,Not Applicable,Clear,GT ROAD,GT ROAD,2.5 KM,12.97607,77.571003
Bengaluru City,Chickpet Traffic PS,1.04432e+16,2019,1,2,Not Applicable,Junction,City/Town,In bazaar,Human Error,No,Simple Injury,Vehicle to Vehicle,No signal lights,Not Applicable,Not Applicable,Bitumen(Tar),Dry,Not Applicable,Clear,CHAMRAJPET 2ND MAIN,CHAMRAJPET,1.0 KM,12.96001,77.567277
Bengaluru City,Chickpet Traffic PS,1.04432e+16,2019,1,2,Not Applicable,Cross roads,City/Town,In bazaar,Human Error,Yes,Fatal,Hit and Run,Controlled,Not Applicable,City or Town Road,Bitumen(Tar),Dry,Not Applicable,Clear,BINNI MILL ROAD,BINNIMILL ROAD,1.5,12.968734,77.56427
Bengaluru City,Chickpet Traffic PS,1.04432e+16,2019,1,2,Road Accidents,Narrow road,City/Town,In bazaar,Human Error,Yes,Simple Injury,Hit and Run,Uncontrolled,Not Applicable,City or Town Road,Bitumen(Tar),Dry,Not Applicable,Clear,MYSORE ROAD,CHAMRAJPET,1,0.0,0.0
Bengaluru City,Chickpet Traffic PS,1.04432e+16,2019,1,2,Road Accidents,Narrow road,City/Town,In bazaar,Human Error,Yes,Damage Only,Hit and Run,Not Applicable,Not Applicable,City or Town Road,Bitumen(Tar),Dry,Not Applicable,Clear,BINNI MILL ROAD,BINNY MILL ROAD,2 KM,12.966407,77.563003
Bengaluru City,Chickpet Traffic PS,1.04432e+16,2019,1,1,Road Accidents,Cross roads,City/Town,Residential area,Human Error,Yes,Simple Injury,Hit pedestrian,Not Applicable,Curve,Residential Street,Bitumen(Tar),Dry,Not Applicable,Clear,CHAMRAJPET 4TH MAIN 6TH CROSS,CHAMRAJPET,1.5,12.9538264,77.5659103
Bengaluru City,Chickpet Traffic PS,1.04432e+16,2019,1,1,Road Accidents,Narrow road,City/Town,In bazaar,Human Error,Yes,Simple Injury,Vehicle to Vehicle,Controlled,Not Applicable,Expressway,Bitumen(Tar),Ditch or Potholed,Not Applicable,Clear,MYSORE ROAD,MYSORE ROAD,2 KM,12.9605,77.55727
Bengaluru City,Chickpet Traffic PS,1.04432e+16,2019,1,1,Road Accidents,Narrow road,City/Town,In bazaar,Human Error,Yes,Grievous Injury,Hit pedestrian,Not Applicable,Not Applicable,Others,Bitumen(Tar),Dry,Not Applicable,Clear,MYSORE ROAD,NEAR SIRSI CIRCLE,2.5,12.96108,77.558517
Bengaluru City,Chickpet Traffic PS,1.04432e+16,2019,1,2,Road Accidents,Cross roads,City/Town,In bazaar,Human Error,No,Grievous Injury,Vehicle to Vehicle,Not Applicable,Curve,Residential Street,Bitumen(Tar),Not Applicable,Not Applicable,Clear,CHAMRAJPET 3RD MAIN,CHAMRAJPET 5TH CROSS,1,12.95866,77.564378
Bengaluru City,Chickpet Traffic PS,1.04432e+16,2019,1,1,Road Accidents,Circle,City/Town,Near Bus stop,Human Error,Yes,Simple Injury,Hit and Run,Controlled,Curve and Incline,City or Town Road,Bitumen(Tar),Not Applicable,Not Applicable,Clear,SANGOLLI RAYANNA CIRCLE,GT ROAD,2.5,12.979949,77.571019
Bengaluru City,Chickpet Traffic PS,1.04432e+16,2019,1,1,Road Accidents,Junction,City/Town,In bazaar,Human Error,Yes,Simple Injury,Hit and Run,Controlled,Curve,City or Town Road,Bitumen(Tar),Dry,Not Applicable,Clear,SIRSI CIRCLE,MYSORE ROAD,2 KM,0.0,0.0
Bengaluru City,Chickpet Traffic PS,1.04432e+16,2019,1,1,Road Accidents,Narrow road,City/Town,In bazaar,Human Error,No,Simple Injury,Head on,Not at  Junction,Curve and Incline,City or Town Road,Bitumen(Tar),Dry,Not Applicable,Clear,DR TCM RAYAN ROAD,DR TCM RAYAN ROAD,1.5,0.0,0.0
Bengaluru City,Chickpet Traffic PS,1.04432e+16,2019,1,2,Road Accidents,Cross roads,City/Town,Residential area,Human Error,Yes,Grievous Injury,Vehicle to Vehicle,No signal lights,Not Applicable,Not Applicable,Bitumen(Tar),Dry,Not Applicable,Clear,CHAMRAJPET 4TH MAIN 4TH CROSS,CHAMRAJPET 4th MAIN 4TH CROSS,1.5,0.0,0.0
Bengaluru City,Chickpet Traffic PS,1.04432e+16,2019,1,2,Road Accidents,Cross roads,City/Town,In bazaar,Human Error,No,Damage Only,Vehicle to Vehicle,No signal lights,Curve,Not Applicable,Bitumen(Tar),Dry,Not Applicable,Clear,"CHAMRAJPET 4TH MAIN, 3RD CROSS",CHAMRAJPET,1,12.95798,77.567414
Bengaluru City,Chickpet Traffic PS,1.04432e+16,2019,1,2,Road Accidents,Narrow road,City/Town,In bazaar,Human Error,No,Grievous Injury,Vehicle to Vehicle,Not Applicable,Others,Residential Street,Bitumen(Tar),Dry,Not Applicable,Clear,CHAMRAJPET 4TH MAIN,CHAMRAJPET,1.5,12.9577,77.562125
Bengaluru City,Chickpet Traffic PS,1.04432e+16,2019,1,1,Road Accidents,Curves,City/Town,In bazaar,Human Error,Yes,Simple Injury,Not Applicable,Not at  Junction,Not Applicable,Others,Bitumen(Tar),Dry,Not Applicable,Clear,CHAMRAJPET,CHAMRAJPET,2 KM,12.960354,77.563323
Bengaluru City,Chickpet Traffic PS,1.04432e+16,2019,1,2,Road Accidents,Cross roads,City/Town,In bazaar,Human Error,No,Grievous Injury,Vehicle to Vehicle,Controlled,Curve,Not Applicable,Bitumen(Tar),Dry,Not Applicable,Clear,SIRSI CIRCLE,SIRSI CIRCLE,2 KM,12.96129,77.559317
Bengaluru City,Chickpet Traffic PS,1.04432e+16,2019,1,2,Road Accidents,Narrow road,City/Town,In bazaar,Human Error,Yes,Simple Injury,Not Applicable,Not Applicable,Not Applicable,Not Applicable,Bitumen(Tar),Muddy,Not Applicable,Clear,NEAR NALANDA TALKIES,MYSORE ROAD,1,12.961081,77.558654
Bengaluru City,Chickpet Traffic PS,1.04432e+16,2019,1,1,Not Applicable,Cross roads,City/Town,In bazaar,Human Error,No,Simple Injury,Hit pedestrian,Controlled,Curve,Not Applicable,Bitumen(Tar),Dry,Not Applicable,Clear,MYSORE ROAD,BB JUNCTION,2,12.9595,77.5555908
Bengaluru City,Chickpet Traffic PS,1.04432e+16,2019,1,1,Road Accidents,Not Applicable,City/Town,Narrow bridge or culverts,Human Error,No,Grievous Injury,Not Applicable,Not Applicable,Not Applicable,Not Applicable,Bitumen(Tar),Dry,Construction Work / Material,Clear,MYSORE ROAD FLYOVER,MYSORE ROAD FLYOVER,1.5,12.963283,77.56719
Bengaluru City,Chickpet Traffic PS,1.04432e+16,2019,1,1,Road Accidents,Narrow road,City/Town,At pedestrian Crossing,Human Error,No,Grievous Injury,Not Applicable,Not Applicable,Straight and flat,Not Applicable,Bitumen(Tar),Dry,Not Applicable,Clear,MYSORE ROAD,MYSORE ROAD,1,12.963045,77.5665
Bengaluru City,Chickpet Traffic PS,1.04432e+16,2019,1,2,Road Accidents,Narrow road,City/Town,In bazaar,Human Error,Yes,Simple Injury,Hit and Run,Not Applicable,Not Applicable,City or Town Road,Bitumen(Tar),Dry,Construction Work / Material,Clear,DR TCM RAYAN ROAD,DR TCM RAYAN ROAD,2 KM,12.963767,77.56807
Bengaluru City,Chickpet Traffic PS,1.04432e+16,2019,1,1,Road Accidents,Narrow road,City/Town,In bazaar,Human Error,Yes,Simple Injury,Hit and Run,Not Applicable,Not Applicable,City or Town Road,Bitumen(Tar),Dry,Not Applicable,Clear,DR TCM RAYAN ROAD,DR TCM RAYAN ROAD,1.5,12.96428,77.568194
Bengaluru City,Chickpet Traffic PS,1.04432e+16,2019,1,2,Road Accidents,Narrow road,City/Town,Open area,Human Error,No,Grievous Injury,Hit pedestrian,Not at  Junction,Not Applicable,Two way,Bitumen(Tar),Dry,No influence on accident,Clear,BINNIMILL ROAD,OPP TO BBMP GARBAGE CENTRE,2.5 KM,12.968,77.56391
Bengaluru City,Chickpet Traffic PS,1.04432e+16,2019,1,1,Not Applicable,Not Applicable,City/Town,Open area,Human Error,No,Fatal,Hit pedestrian,Not Applicable,Not Applicable,Not Applicable,Not Applicable,Dry,Not Applicable,Clear,PARKING PLACE,ROYAN CIRCLE,1,0.0,0.0
Bengaluru City,Chickpet Traffic PS,1.04432e+16,2019,1,1,Road Accidents,Narrow road,City/Town,In bazaar,Human Error,No,Simple Injury,Hit pedestrian,Not at  Junction,Curve,Not Applicable,Bitumen(Tar),Dry,Not Applicable,Clear,BINNIMIL CIRCLE,BINNIMILL ROAD,2.5 KM,12.97049,77.566282
Bengaluru City,Chickpet Traffic PS,1.04432e+16,2019,1,2,Road Accidents,Cross roads,City/Town,In bazaar,Human Error,Yes,Grievous Injury,Vehicle to Vehicle,Not at  Junction,Curve,Not Applicable,Bitumen(Tar),Dry,Not Applicable,Clear,CHAMRAJPET 5TH MAIN,SIRSI ROAD,2,12.95943,77.56438
Bengaluru City,Chickpet Traffic PS,1.04432e+16,2019,1,1,Road Accidents,Narrow road,City/Town,At pedestrian Crossing,Human Error,Yes,Simple Injury,Hit pedestrian,Not at  Junction,Not Applicable,One way,Bitumen(Tar),Not Applicable,Not Applicable,Clear,GT ROAD,GT ROAD,2.5 KM,12.97744,77.57091
Bengaluru City,Chickpet Traffic PS,1.04432e+16,2019,1,2,Road Accidents,Junction,City/Town,Near office complex,Human Error,No,Simple Injury,Vehicle to Vehicle,Controlled,Others,Not Applicable,Bitumen(Tar),Others,Not Applicable,Clear,CHAMRAJPET,CHAMRAJPET 4D MAIN 4TH CROSS,1.5,12.959169,77.56731
Bengaluru City,Chickpet Traffic PS,1.04432e+16,2019,1,1,Road Accidents,Culvert,City/Town,Narrow bridge or culverts,Human Error,No,Fatal,Head on,Not Applicable,Not Applicable,City or Town Road,Bitumen(Tar),Not Applicable,Not Applicable,Clear,MYSORE ROAD FLYOVER,MYSORE ROAD FLYOVER,1.5,12.961911,77.562994
Bengaluru City,Chickpet Traffic PS,1.04432e+16,2019,1,1,Road Accidents,Cross roads,City/Town,In bazaar,Human Error,Yes,Simple Injury,Hit pedestrian,Not at  Junction,Curve,Not Applicable,Bitumen(Tar),Dry,No influence on accident,Clear,CHAMRAJPET,CHAMRAJPET 2D MAIN 3RD CROSS,1.5,0.0,0.0
Bengaluru City,Chickpet Traffic PS,1.04432e+16,2019,1,2,Road Accidents,Culvert,City/Town,Narrow bridge or culverts,Human Error,Yes,Fatal,Head on,Not Applicable,Not Applicable,City or Town Road,Bitumen(Tar),Dry,No influence on accident,Clear,MYSORE ROAD FLYOVER,MYSORE ROAD FLYOVER,1.5,12.962132,77.56381
Bengaluru City,Chickpet Traffic PS,1.04432e+16,2019,1,1,Road Accidents,Narrow road,City/Town,In bazaar,Human Error,Yes,Grievous Injury,Hit pedestrian,Not at  Junction,Not Applicable,Not Applicable,Bitumen(Tar),Dry,Not Applicable,Clear,DR TCM RAYAN ROAD,DR TCM RAYAN ROAD,1KM,12.965277,77.568162
Bengaluru City,Chickpet Traffic PS,1.04432e+16,2019,1,1,Road Accidents,Narrow road,City/Town,Residential area,Human Error,Not Applicable,Fatal,Not Applicable,Not at  Junction,Curve,Not Applicable,Bitumen(Tar),Dry,Not Applicable,Clear,CHAMRAJPET SIRSI ROAD,SIRSI ROAD,2,12.961187,77.56325
Bengaluru City,Chickpet Traffic PS,1.04432e+16,2019,1,1,Road Accidents,Cross roads,City/Town,Residential area,Human Error,No,Fatal,Hit pedestrian,Not Applicable,Not Applicable,Not Applicable,Bitumen(Tar),Dry,Not Applicable,Clear,CHAMRAJPET 4TH MAIN,CHAMRAJPET,1.5,12.95773,77.560864
Bengaluru City,Chickpet Traffic PS,1.04432e+16,2019,1,1,Road Accidents,Cross roads,City/Town,Residential area,Human Error,Yes,Fatal,Hit and Run,Not Applicable,Curve,City or Town Road,Bitumen(Tar),Dry,Not Applicable,Clear,5TH CROSS,SIDDARTHANAGAR,1.5,12.965729,77.567856
Bengaluru City,Chickpet Traffic PS,1.04432e+16,2019,1,1,Road Accidents,Narrow road,City/Town,In bazaar,Human Error,Yes,Grievous Injury,Not Applicable,No signal lights,Curve,Not Applicable,Bitumen(Tar),Dry,Not Applicable,Clear,"BINNY MILL ROAD,",BINNY MILL ROAD,2 KM,12.965622,77.562565
Bengaluru City,Chickpet Traffic PS,1.04432e+16,2019,1,2,Road Accidents,Cross roads,City/Town,Residential area,Human Error,No,Grievous Injury,Vehicle to Vehicle,Not Applicable,Straight and flat,Residential Street,Bitumen(Tar),Dry,Not Applicable,Clear,chamrajpet 4th main,chamrajpet 4th cross,1.5,12.95783,77.564457
Bengaluru City,Chickpet Traffic PS,1.04432e+16,2019,1,1,Road Accidents,Narrow road,City/Town,In bazaar,Human Error,No,Simple Injury,Hit pedestrian,Not Applicable,Not Applicable,Not Applicable,Bitumen(Tar),Dry,No influence on accident,Not Applicable,MYSORE ROAD FLY OVER,NEAR BRIYAND SQUARE,1.5,0.0,0.0