DISTRICTNAME,UNITNAME,Crime_No,Year,RI,Noofvehicle_involved,Accident_Classification,Accident_Spot,Accident_Location,Accident_SubLocation,Main_Cause,Hit_Run,Severity,Collision_Type,Junction_Control,Road_Character,Road_Type,Surface_Type,Surface_Condition,Road_Condition,Weather,Accident_Road,Landmark_first,Distance_LandMark_First,Latitude,Longitude
Bengaluru City,Chickpet Traffic PS,1.04432e+16,2022,1,2,Road Accidents,Junction,City/Town,Open area,Human Error,Not Applicable,Simple Injury,Vehicle to Vehicle,Controlled,Not Applicable,Major District Road,Concrete,Ditch or Potholed,Not Applicable,Not Applicable,MYSORE ROAD BB JUNCTION,MYSORE ROAD B B JUNCTION,2,0.0,0.0
Bengaluru City,Chickpet Traffic PS,1.04432e+16,2022,1,2,Not Applicable,Circle,City/Town,Residential area,Human Error,Not Applicable,Damage Only,Vehicle to Vehicle,Controlled,Not Applicable,Minor District Road,Bitumen(Tar),Dry,Not Applicable,Fine,GT ROAD,GT ROAD,2,0.0,0.0
Bengaluru City,Chickpet Traffic PS,1.04432e+16,2022,1,2,Road Accidents,Circle,City/Town,In bazaar,Human Error,No,Damage Only,Vehicle to Vehicle,Controlled,Curve and Incline,Major District Road,Bitumen(Tar),Dry,No influence on accident,Clear,SIRSI CIRCLE,MYSORE ROAD FLY OVER,1.00km,0.0,0.0
Bengaluru City,Chickpet Traffic PS,1.04432e+16,2022,1,2,Road Accidents,Narrow road,City/Town,In bazaar,Not Applicable,Not Applicable,Simple Injury,Not Applicable,Not Applicable,Straight and flat,Two way,Bitumen(Tar),Others,Not Applicable,Others,ROAD,TAR ROAD,0.5,0.0,0.0
Bengaluru City,Chickpet Traffic PS,1.04432e+16,2022,1,2,Road Accidents,Junction,City/Town,In bazaar,Human Error,No,Grievous Injury,Vehicle to Vehicle,Controlled,Not Applicable,Expressway,Concrete,Dry,Not Applicable,Clear,MYSORE ROAD,BB JUNCTION,2,0.0,0.0
Bengaluru City,Chickpet Traffic PS,1.04432e+16,2022,1,1,Road Accidents,Cross roads,City/Town,In bazaar,Human Error,No,Grievous Injury,Not Applicable,No signal lights,Curve,Others,Bitumen(Tar),Dry,No influence on accident,Clear,CHAMRAJPET,4TH MAIN,1.00km,0.0,0.0
Bengaluru City,Chickpet Traffic PS,1.04432e+16,2022,1,1,Road Accidents,Narrow road,City/Town,In bazaar,Human Error,No,Simple Injury,Hit pedestrian,Not at  Junction,Hump,Residential Street,Bitumen(Tar),Dry,No influence on accident,Clear,KASTURABHA NAGARA,MYSORE ROAD,2,0.0,0.0
Bengaluru City,Chickpet Traffic PS,1.04432e+16,2022,1,1,Road Accidents,Not Applicable,City/Town,Near Petrol Pump,Human Error,No,Simple Injury,Not Applicable,Uncontrolled,Not Applicable,Not Applicable,Bitumen(Tar),Dry,No influence on accident,Cloudy,MYSORE ROAD FLY OVER,MYSORE ROAD FLY OVER,2,0.0,0.0
Bengaluru City,Chickpet Traffic PS,1.04432e+16,2022,1,1,Not Applicable,Cross roads,City/Town,Near office complex,Human Error,Not Applicable,Grievous Injury,Not Applicable,Not at  Junction,Curve,Others,Concrete,Dry,Not Applicable,Clear,GOODS SHED ROAD,GOODS SHED ROAD,2,0.0,0.0
Bengaluru City,Chickpet Traffic PS,1.04432e+16,2022,1,2,Road Accidents,Cross roads,City/Town,In bazaar,Human Error,No,Grievous Injury,Vehicle to Vehicle,No signal lights,Curve,Others,Bitumen(Tar),Dry,No influence on accident,Clear,CHAMRAJPET,bajar srteet,1.00km,0.0,0.0
Bengaluru City,Chickpet Traffic PS,1.04432e+16,2022,1,2,Road Accidents,Narrow road,City/Town,In bazaar,Human Error,Not Applicable,Grievous Injury,Vehicle to Vehicle,Uncontrolled,Straight and flat,One way,Bitumen(Tar),Dry,Not Applicable,Clear,MYSORE ROAD FLY OVER,MYSORE ROAD FLY OVER,0.6 KM,0.0,0.0
Bengaluru City,Chickpet Traffic PS,1.04432e+16,2022,1,2,Not Applicable,Junction,City/Town,Near Petrol Pump,Human Error,Not Applicable,Grievous Injury,Vehicle to Vehicle,Controlled,Not Applicable,Major District Road,Concrete,Dry,Not Applicable,Clear,MYSORE ROAD NEAR BB JUNCTION,MYSORE ROAD,2,0.0,0.0
Bengaluru City,Chickpet Traffic PS,1.04432e+16,2022,1,2,Road Accidents,Circle,City/Town,In bazaar,Human Error,Yes,Grievous Injury,Vehicle to Vehicle,Controlled,Incline,Minor District Road,Bitumen(Tar),Dry,No influence on accident,Clear,MYSORE ROAD,MYSORE ROAD tollgate,2,0.0,0.0
Bengaluru City,Chickpet Traffic PS,1.04432e+16,2022,1,2,Road Accidents,Narrow road,City/Town,In bazaar,Human Error,Yes,Simple Injury,Vehicle to Vehicle,No signal lights,Incline,Major District Road,Bitumen(Tar),Dry,No influence on accident,Clear,TANK BUND ROAD,BINNIMILL CIRCLE,2,0.0,0.0
Bengaluru City,Chickpet Traffic PS,1.04432e+16,2022,1,2,Road Accidents,Narrow road,City/Town,In bazaar,Human Error,No,Simple Injury,Vehicle to Vehicle,No signal lights,Incline,Major District Road,Bitumen(Tar),Dry,No influence on accident,Clear,MYSORE,FIRE ENGINE,1.5KM,0.0,0.0
Bengaluru City,Chickpet Traffic PS,1.04432e+16,2022,1,3,Not Applicable,Junction,City/Town,In bazaar,Human Error,No,Damage Only,Vehicle to Vehicle,Controlled,Not Applicable,NH,Bitumen(Tar),Dry,Construction Work / Material,Clear,MYSORE ROAD FLY OVER,MYSORE ROAD FLY OVER,2,0.0,0.0
Bengaluru City,Chickpet Traffic PS,1.04432e+16,2022,1,2,Road Accidents,Junction,City/Town,In bazaar,Human Error,Yes,Damage Only,Vehicle to Vehicle,Controlled,Straight and flat,Others,Bitumen(Tar),Dry,Not Applicable,Others,SHANTALA JUNCTION,SHANTALA JUNCTION,2KMS,0.0,0.0
Bengaluru City,Chickpet Traffic PS,1.04432e+16,2022,1,2,Road Accidents,Cross roads,City/Town,Residential area,Human Error,Not Applicable,Grievous Injury,Vehicle to Vehicle,Uncontrolled,Not Applicable,Minor District Road,Concrete,Dry,Not Applicable,Clear,GOODS SHED ROAD,GOODS SHED ROAD,2,0.0,0.0
Bengaluru City,Chickpet Traffic PS,1.04432e+16,2022,1,1,Road Accidents,Narrow road,City/Town,In bazaar,Human Error,No,Fatal,Not Applicable,Uncontrolled,Curve,Minor District Road,Concrete,Dry,Not Applicable,Clear,COTTONPETE MAIN ROAD,COTTONPETE MAIN ROAD,2,0.0,0.0
Bengaluru City,Chickpet Traffic PS,1.04432e+16,2022,1,1,Road Accidents,Narrow road,City/Town,Near office complex,Human Error,No,Fatal,Hit pedestrian,No signal lights,Not Applicable,Others,Bitumen(Tar),Dry,Not Applicable,Clear,BINNY MILL ROAD,NEAR SHOPPING COMPLEX,1.6 KM,0.0,0.0
Bengaluru City,Chickpet Traffic PS,1.04432e+16,2022,1,1,Road Accidents,Narrow road,City/Town,In bazaar,Human Error,No,Simple Injury,Hit pedestrian,No signal lights,Incline,Minor District Road,Bitumen(Tar),Dry,No influence on accident,Clear,tank bund road,JJR NAGARA JUNCTION,2,0.0,0.0
Bengaluru City,Chickpet Traffic PS,1.04432e+16,2022,1,2,Not Applicable,Cross roads,City/Town,Near office complex,Human Error,No,Simple Injury,Vehicle to Vehicle,Uncontrolled,Not Applicable,Others,Bitumen(Tar),Dry,Not Applicable,Clear,AZAD NAGAR 1ST CROSS,AZAD NAGAR 8TH CROSS,2,12.958712,77.556768
Bengaluru City,Chickpet Traffic PS,1.04432e+16,2022,1,1,Road Accidents,Not Applicable,City/Town,Residential area,Human Error,Not Applicable,Grievous Injury,Not Applicable,Uncontrolled,Straight and flat,Major District Road,Concrete,Dry,Not Applicable,Clear,MYSORE ROAD B B JUNCTION DOWN RAMP,B B JUNCTION DOWN RAMP,2,0.0,0.0
Bengaluru City,Chickpet Traffic PS,1.04432e+16,2022,1,2,Not Applicable,Junction,City/Town,Near Bus stop,Human Error,Not Applicable,Grievous Injury,Vehicle to Vehicle,Controlled,Not Applicable,Major District Road,Concrete,Dry,Not Applicable,Not Applicable,MYSORE ROAD,MYSORE ROAD,2,0.0,0.0
Bengaluru City,Chickpet Traffic PS,1.04432e+16,2022,1,1,Road Accidents,Narrow road,City/Town,In bazaar,Human Error,No,Grievous Injury,Hit pedestrian,Not at  Junction,Not Applicable,NH,Bitumen(Tar),Dry,Not Applicable,Clear,MYSORE ROAD,MYSORE ROAD,2,0.0,0.0
Bengaluru City,Chickpet Traffic PS,1.04432e+16,2022,1,1,Not Applicable,Bottleneck,City/Town,In bazaar,Human Error,No,Grievous Injury,Hit pedestrian,Controlled,Curve and Incline,Major District Road,Bitumen(Tar),Dry,No influence on accident,Clear,SHANTHALA CIRCLE,GT ROAD,1,0.0,0.0
Bengaluru City,Chickpet Traffic PS,1.04432e+16,2022,1,2,Road Accidents,Narrow road,City/Town,Near Petrol Pump,Human Error,Yes,Simple Injury,Vehicle to Vehicle,Uncontrolled,Incline,Major District Road,Bitumen(Tar),Dry,Not Applicable,Clear,MYSORE ROAD BB DOWN RAMP,MYSORE ROAD BB DOWN RAMP,2,0.0,0.0
Bengaluru City,Chickpet Traffic PS,1.04432e+16,2022,1,2,Road Accidents,Not Applicable,City/Town,Residential area,Human Error,No,Damage Only,Vehicle to Vehicle,Not at  Junction,Straight and flat,Major District Road,Bitumen(Tar),Dry,Not Applicable,Fine,MYSORE ROAD,MYSORE ROAD,2,0.0,0.0
Bengaluru City,Chickpet Traffic PS,1.04432e+16,2022,1,2,Road Accidents,Cross roads,City/Town,Residential area,Not Applicable,No,Damage Only,Vehicle to Vehicle,Uncontrolled,Straight and flat,Others,Bitumen(Tar),Wet,Not Applicable,Light Rain,8TH CROSS,8TH CROSS,0.8,12.96112925,77.5606342
Bengaluru City,Chickpet Traffic PS,1.04432e+16,2022,1,1,Road Accidents,Circle,City/Town,In bazaar,Not Applicable,Not Applicable,Grievous Injury,Hit pedestrian,Controlled,Slight Curve,Minor District Road,Bitumen(Tar),Dry,Not Applicable,Clear,MYSORE ROADA BRIYAND SQUARE JUNCTION,MYSORE ROAD BRIYAND SQUARE JUNCTION,1,12.963939,77.569528
Bengaluru City,Chickpet Traffic PS,1.04432e+16,2022,1,2,Not Applicable,Junction,City/Town,In bazaar,Human Error,Not Applicable,Grievous Injury,Vehicle to Vehicle,Uncontrolled,Not Applicable,Others,Bitumen(Tar),Dry,Not Applicable,Clear,BAZAR STREET CHAMRAJPET,BAZAR STREEET JUNCTION,1,0.0,0.0
Bengaluru City,Chickpet Traffic PS,1.04432e+16,2022,1,2,Not Applicable,Circle,City/Town,Residential area,Human Error,Not Applicable,Simple Injury,Vehicle to Vehicle,Controlled,Not Applicable,Others,Bitumen(Tar),Dry,Not Applicable,Clear,CHAMRAJPET 1ST MAIN,CHAMRAJPET 1ST MAIN,0.5,0.0,0.0
Bengaluru City,Chickpet Traffic PS,1.04432e+16,2022,1,2,Not Applicable,Not Applicable,City/Town,Residential area,Human Error,Yes,Simple Injury,Vehicle to Vehicle,Uncontrolled,Not Applicable,Major District Road,Bitumen(Tar),Dry,Not Applicable,Clear,MYSORE ROAD NEAR GOPLAN SHOPPING MALL,MYSORE ROAD NEAR GOPLAN SHOPPING MALL,2,0.0,0.0
Bengaluru City,Chickpet Traffic PS,1.04432e+16,2022,1,1,Road Accidents,Junction,City/Town,Near Bus stop,Human Error,Not Applicable,Grievous Injury,Hit pedestrian,Uncontrolled,Not Applicable,Minor District Road,Concrete,Dry,Not Applicable,Clear,GOODS SHED ROAD,GOODSHED ROAD,2,0.0,0.0
Bengaluru City,Chickpet Traffic PS,1.04432e+16,2022,1,2,Road Accidents,Narrow road,City/Town,Narrow bridge or culverts,Human Error,No,Simple Injury,Vehicle to Vehicle,Uncontrolled,Incline,Others,Bitumen(Tar),Dry,No influence on accident,Fog / Mist,BGS FLY OVER MYSORE ROAD,NEAR BY CAR POLICE RECIDENCES,1KM,0.0,0.0
Bengaluru City,Chickpet Traffic PS,1.04432e+16,2022,1,1,Road Accidents,Not Applicable,City/Town,Residential area,Human Error,No,Simple Injury,Hit pedestrian,Uncontrolled,Not Applicable,Minor District Road,Bitumen(Tar),Dry,No influence on accident,Cloudy,GOODS SHED ROAD,NEAR BY BINNY MILL POLICE QUARTRUS,1KM,0.0,0.0
Bengaluru City,Chickpet Traffic PS,1.04432e+16,2022,1,1,Road Accidents,Not Applicable,City/Town,Near a religious place,Human Error,Not Applicable,Fatal,Hit bicyclist,Uncontrolled,Straight and flat,Major District Road,Concrete,Dry,Not Applicable,Clear,"BB DOWN RAMP, MYSORE ROAD",BB DOWN RAMP MYSORE ROAD,2,12.960424,77.55718
Bengaluru City,Chickpet Traffic PS,1.04432e+16,2023,1,2,Not Applicable,Not Applicable,City/Town,Near School or College,Human Error,Not Applicable,Grievous Injury,Vehicle to Vehicle,Uncontrolled,Straight and flat,Minor District Road,Bitumen(Tar),Dry,Not Applicable,Clear,SULTHA RAOD,RAYAN CIRCEL,2,0.0,0.0
Bengaluru City,Chickpet Traffic PS,1.04432e+16,2023,1,2,Road Accidents,Cross roads,City/Town,In bazaar,Not Applicable,No,Damage Only,Vehicle to Vehicle,Uncontrolled,Not Applicable,Others,Bitumen(Tar),Dry,Not Applicable,Fine,1,NEAR CHAMARAJAPETE POLICE STATION,0.8 KM,0.0,0.0
Bengaluru City,Chickpet Traffic PS,1.04432e+16,2023,1,2,Road Accidents,Narrow road,City/Town,In bazaar,Human Error,No,Simple Injury,Vehicle to Vehicle,Uncontrolled,Straight and flat,Others,Bitumen(Tar),Dry,Not Applicable,Clear,MYSORE ROAD NEAR VINAYAKA TAKIES,MYSORE ROAD,1.03,12.962887,77.566005
Bengaluru City,Chickpet Traffic PS,1.04432e+16,2023,1,2,Road Accidents,Not Applicable,City/Town,In bazaar,Human Error,Not Applicable,Grievous Injury,Vehicle to Vehicle,Uncontrolled,Straight and flat,Sub Arterial,Concrete,Dry,Not Applicable,Clear,COTTONPET MAIN ROAD,OTC JUNCTION,2,0.0,0.0
Bengaluru City,Chickpet Traffic PS,1.04432e+16,2023,1,2,Road Accidents,Narrow road,City/Town,In bazaar,Human Error,Not Applicable,Grievous Injury,Vehicle to Vehicle,Uncontrolled,Curve,One way,Concrete,Dry,Not Applicable,Fine,MYSORE ROAD FLY OVER,MYSORE ROAD FLY OVER,1,0.0,0.0
Bengaluru City,Chickpet Traffic PS,1.04432e+16,2023,1,1,Road Accidents,Cross roads,City/Town,In bazaar,Human Error,Not Applicable,Grievous Injury,Hit pedestrian,Uncontrolled,Slight Curve,Others,Bitumen(Tar),Dry,Not Applicable,Clear,1st main chamarajapete,1st main chamarajapete,0.5,0.0,0.0
Bengaluru City,Chickpet Traffic PS,1.04432e+16,2023,1,2,Road Accidents,Not Applicable,City/Town,Near Bus stop,Human Error,Not Applicable,Fatal,Vehicle to Vehicle,Uncontrolled,Straight and flat,Major District Road,Bitumen(Tar),Ditch or Potholed,No influence on accident,Clear,MYSORE ROAD FLY OVER,MYSORE ROAD FLY OVER,1.03,12.96125,77.55963
Bengaluru City,Chickpet Traffic PS,1.04432e+16,2023,1,2,Road Accidents,Narrow road,City/Town,In bazaar,Human Error,No,Grievous Injury,Not Applicable,Uncontrolled,Straight and flat,One way,Concrete,Dry,Not Applicable,Clear,GOODS SHED ROAD,1,1.09,12.96635,77.56827
Bengaluru City,Chickpet Traffic PS,1.04432e+16,2023,1,1,Road Accidents,Narrow road,City/Town,In bazaar,Human Error,No,Grievous Injury,Hit pedestrian,Controlled,Straight and flat,One way,Bitumen(Tar),Dry,Not Applicable,Clear,"1ST MAIN ROAD, CHAMARAJAPETE",NEAR EDGA GROUNDS,1.01,12.96035,77.562265
Bengaluru City,Chickpet Traffic PS,1.04432e+16,2023,1,1,Road Accidents,Narrow road,City/Town,In bazaar,Human Error,Not Applicable,Grievous Injury,Hit pedestrian,Uncontrolled,Straight and flat,One way,Bitumen(Tar),Dry,Not Applicable,Clear,2nd cross chamarajapete,2nd cross chamarajapete,0.8,0.0,0.0
Bengaluru City,Chickpet Traffic PS,1.04432e+16,2023,1,1,Road Accidents,Circle,City/Town,Near Bus stop,Human Error,No,Grievous Injury,Not Applicable,Uncontrolled,Curve,Others,Bitumen(Tar),Dry,Not Applicable,Clear,BINNY MIL CIRCLE,1,1.7KM,12.970703,77.566586
Bengaluru City,Chickpet Traffic PS,1.04432e+16,2023,1,2,Not Applicable,Not Applicable,City/Town,Near Bus stop,Human Error,Not Applicable,Simple Injury,Vehicle to Vehicle,Uncontrolled,Straight and flat,Major District Road,Bitumen(Tar),Dry,Not Applicable,Clear,MYSORE ROAD BGS FLY OVER,MYSORE ROAD FLY OVER,2,0.0,0.0
Bengaluru City,Chickpet Traffic PS,1.04432e+16,2023,1,1,Road Accidents,Curves,City/Town,Residential area,Human Error,Not Applicable,Fatal,Not Applicable,Uncontrolled,Slight Curve,Minor District Road,Concrete,Dry,Not Applicable,Clear,DR.TCM RAYAN ROAD,GOODS SHED ROAD,2,12.97472,77.569997
Bengaluru City,Chickpet Traffic PS,1.04432e+16,2023,1,2,Road Accidents,Not Applicable,City/Town,Narrow bridge or culverts,Human Error,Yes,Fatal,Vehicle to Vehicle,Uncontrolled,Straight and flat,Major District Road,Bitumen(Tar),Dry,Not Applicable,Clear,MYSORE ROAD FLY OVER,MYSORE ROAD FLY OVER,0.8,0.0,0.0
Bengaluru City,Chickpet Traffic PS,1.04432e+16,2023,1,1,Road Accidents,Narrow road,City/Town,In bazaar,Human Error,Yes,Grievous Injury,Hit pedestrian,Uncontrolled,Straight and flat,Two way,Concrete,Dry,Not Applicable,Clear,MYSORE ROAD,MYSORE ROAD,1.03,12.963192,77.566852
Bengaluru City,Chickpet Traffic PS,1.04432e+16,2023,1,1,Road Accidents,Curves,City/Town,Near Petrol Pump,Human Error,Not Applicable,Fatal,Not Applicable,Uncontrolled,Curve,One way,Concrete,Dry,Not Applicable,Clear,"MYSORE ROAD, NEAR BHARATH PETROL BANK",1,2.3,12.962222,77.564263
Bengaluru City,Chickpet Traffic PS,1.04432e+16,2023,1,1,Road Accidents,Not Applicable,City/Town,In bazaar,Human Error,Not Applicable,Grievous Injury,Hit pedestrian,Uncontrolled,Straight and flat,Minor District Road,Bitumen(Tar),Dry,Not Applicable,Clear,BINNY MILL TANK BUND ROAD,BINNY MILL TANK BUND ROAD,1.8,0.0,0.0
Bengaluru City,Chickpet Traffic PS,1.04432e+16,2023,1,2,Not Applicable,Not Applicable,City/Town,Residential area,Human Error,Not Applicable,Damage Only,Vehicle to Vehicle,Uncontrolled,Straight and flat,Two way,Bitumen(Tar),Dry,Not Applicable,Clear,MYSORE ROAD FLY OVER,MYSORE ROAD FLY OVER,2,0.0,0.0
Bengaluru City,Chickpet Traffic PS,1.04432e+16,2023,1,1,Road Accidents,Not Applicable,City/Town,Residential area,Human Error,Not Applicable,Grievous Injury,Hit pedestrian,Uncontrolled,Straight and flat,Minor District Road,Bitumen(Tar),Dry,Not Applicable,Clear,GOODS SHED ROAD,GOODS SHED ROAD,2,0.0,0.0
Bengaluru City,Chickpet Traffic PS,1.04432e+16,2023,1,1,Road Accidents,Narrow road,City/Town,In bazaar,Human Error,No,Grievous Injury,Hit pedestrian,Uncontrolled,Not Applicable,One way,Bitumen(Tar),Dry,Not Applicable,Clear,POLICE ROAD,NEAR COTTONPETE MAIN ROAD,1.08,0.0,0.0
Bengaluru City,Chickpet Traffic PS,1.04432e+16,2023,1,1,Road Accidents,Narrow road,City/Town,In bazaar,Human Error,Not Applicable,Grievous Injury,Not Applicable,Uncontrolled,Straight and flat,One way,Bitumen(Tar),Dry,Not Applicable,Clear,MYSORE ROAD FLY OVER,1,2.06,0.0,0.0
Bengaluru City,Chickpet Traffic PS,1.04432e+16,2023,1,2,Road Accidents,Cross roads,City/Town,Open area,Human Error,Yes,Simple Injury,Vehicle to Vehicle,Uncontrolled,Not Applicable,Minor District Road,Bitumen(Tar),Dry,Not Applicable,Clear,2ND MIAN ROAD CHAMRAJPET,2ND MAIN ROAD,2,12.959526,77.565515
Bengaluru City,Chickpet Traffic PS,1.04432e+16,2023,1,2,Road Accidents,Curves,City/Town,Residential area,Human Error,No,Grievous Injury,Vehicle to Vehicle,Uncontrolled,Straight and flat,Two way,Bitumen(Tar),Dry,Not Applicable,Clear,8th CROSS AZAD NAGAR,1,2,12.956423,77.556923
Bengaluru City,Chickpet Traffic PS,1.04432e+16,2023,1,2,Road Accidents,Not Applicable,City/Town,Near Bus stop,Human Error,Yes,Fatal,Vehicle to Vehicle,Uncontrolled,Straight and flat,State Highway,Concrete,Dry,Not Applicable,Clear,MYSORE ROAD NEAR GOPLAN SHOPPING MALL,MYSORE ROAD NEAR GOPLAN SHOPPING MALL,2,12.957782,77.553196
Bengaluru City,Chickpet Traffic PS,1.04432e+16,2023,1,2,Road Accidents,Not Applicable,City/Town,In bazaar,Human Error,Not Applicable,Grievous Injury,Vehicle to Vehicle,Uncontrolled,Others,Major District Road,Bitumen(Tar),Dry,Not Applicable,Clear,MYSORE ROAD FLY OVER,MYSORE ROAD FLY OVER,2,0.0,0.0
Bengaluru City,Chickpet Traffic PS,1.04432e+16,2023,1,1,Road Accidents,Junction,City/Town,Residential area,Not Applicable,No,Grievous Injury,Hit pedestrian,No signal lights,Others,Two way,Bitumen(Tar),Dry,Not Applicable,Fine,FOOTPATH ROAD 3RD CROSS CHAMARAJAPETE,NEAR 4TH MAINB,0.9 KM,0.0,0.0
Bengaluru City,Chickpet Traffic PS,1.04432e+16,2023,1,2,Road Accidents,Not Applicable,City/Town,Residential area,Human Error,Not Applicable,Grievous Injury,Vehicle to Vehicle,Uncontrolled,Others,Sub Arterial,Bitumen(Tar),Dry,Not Applicable,Clear,MULKTTAMMA TEMPLE ROAD,JINKE PARK ROAD,2,0.0,0.0
Bengaluru City,Chickpet Traffic PS,1.04432e+16,2023,1,1,Road Accidents,Narrow road,City/Town,In bazaar,Human Error,No,Grievous Injury,Hit pedestrian,Uncontrolled,Straight and flat,One way,Bitumen(Tar),Dry,Not Applicable,Clear,"MYSORE ROAD,",1,1.03,12.963191,77.566851
Bengaluru City,Chickpet Traffic PS,1.04432e+16,2023,1,2,Road Accidents,Cross roads,City/Town,Residential area,Human Error,Not Applicable,Grievous Injury,Vehicle to Vehicle,Controlled,Curve,Others,Bitumen(Tar),Dry,Not Applicable,Clear,ASHWATH KATTE MAIN RAOD,ASHWATH KATTE MAIN RAOD,2,0.0,0.0
Bengaluru City,Chickpet Traffic PS,1.04432e+16,2023,1,1,Road Accidents,Cross roads,City/Town,Near Bus stop,Human Error,Not Applicable,Grievous Injury,Not Applicable,Uncontrolled,Others,Minor District Road,Bitumen(Tar),Ditch or Potholed,Not Applicable,Clear,1ST MAIN 9TH CROSS CHAMRAJPETE,1ST MAIN ROAD,1.09,0.0,0.0
Bengaluru City,Chickpet Traffic PS,1.04432e+16,2023,1,1,Road Accidents,Narrow road,City/Town,In bazaar,Human Error,No,Grievous Injury,Hit pedestrian,Uncontrolled,Straight and flat,Others,Bitumen(Tar),Dry,Not Applicable,Clear,MYSORE ROAD,MYSORE ROAD,0.8,0.0,0.0
Bengaluru City,Chickpet Traffic PS,1.04432e+16,2023,1,1,Road Accidents,Narrow road,City/Town,In bazaar,Human Error,No,Grievous Injury,Hit bicyclist,Uncontrolled,Others,Others,Concrete,Dry,Not Applicable,Clear,MYSORE ROAD,MYSORE ROAD,1.08,0.0,0.0
Bengaluru City,Chickpet Traffic PS,1.04432e+16,2023,1,1,Road Accidents,Narrow road,City/Town,In bazaar,Human Error,No,Grievous Injury,Hit pedestrian,Uncontrolled,Not Applicable,Two way,Bitumen(Tar),Dry,Not Applicable,Clear,OTC ROAD,1,2.6,0.0,0.0
Bengaluru City,Chickpet Traffic PS,1.04432e+16,2023,1,2,Road Accidents,Narrow road,City/Town,In bazaar,Vehicle Defect,Yes,Damage Only,Vehicle to Vehicle,Controlled,Straight and flat,One way,Concrete,Dry,Not Applicable,Clear,GOODS SHED ROAD,GOODS SHED ROAD,2.02,0.0,0.0
Bengaluru City,Chickpet Traffic PS,1.04432e+16,2023,1,1,Road Accidents,Not Applicable,City/Town,Near a religious place,Human Error,Not Applicable,Fatal,Hit pedestrian,Stop Sign,Straight and flat,Minor District Road,Concrete,Dry,Not Applicable,Clear,COTTONPETE MAIN ROAD,MILL ROAD,0.8,12.972228,77.570304
Bengaluru City,Chickpet Traffic PS,1.04432e+16,2023,1,2,Road Accidents,Narrow road,City/Town,Near Petrol Pump,Vehicle Defect,Yes,Damage Only,Vehicle to Vehicle,Controlled,Straight and flat,Two way,Concrete,Dry,Not Applicable,Clear,MYSORE ROAD BB JUNTION,1,2.04,0.0,0.0
Bengaluru City,Chickpet Traffic PS,1.04432e+16,2023,1,2,Road Accidents,Narrow road,City/Town,In bazaar,Human Error,No,Grievous Injury,Vehicle to Vehicle,Uncontrolled,Straight and flat,One way,Bitumen(Tar),Dry,Not Applicable,Clear,MYSORE ROAD,1,1.7,12.960914,77.558145
Bengaluru City,Chickpet Traffic PS,1.04432e+16,2023,1,2,Road Accidents,Narrow road,City/Town,In bazaar,Human Error,No,Simple Injury,Vehicle to Vehicle,Uncontrolled,Not Applicable,One way,Concrete,Dry,Not Applicable,Clear,"MYSORE ROAD, OPP FIRE OFFICE",1,0.8,12.962169,77.563606
Bengaluru City,Chickpet Traffic PS,1.04432e+16,2023,1,2,Road Accidents,Circle,City/Town,Near Bus stop,Human Error,No,Fatal,Vehicle to Vehicle,Controlled,Curve,Others,Bitumen(Tar),Dry,Not Applicable,Clear,KHODE CIRCLE,KHODE CIRCLE,2.03,12.979849,77.571155
Bengaluru City,Chickpet Traffic PS,1.04432e+16,2023,1,1,Road Accidents,Not Applicable,City/Town,In bazaar,Human Error,Not Applicable,Grievous Injury,Hit pedestrian,Uncontrolled,Straight and flat,Minor District Road,Bitumen(Tar),Dry,Not Applicable,Clear,GOODS SHED ROAD,GOODS SHED ROAD,2,0.0,0.0
Bengaluru City,Chickpet Traffic PS,1.04432e+16,2023,1,2,Road Accidents,Not Applicable,City/Town,Near Petrol Pump,Human Error,Not Applicable,Grievous Injury,Vehicle to Vehicle,Uncontrolled,Straight and flat,Minor District Road,Bitumen(Tar),Dry,Not Applicable,Clear,TANK BUND RAOD,ETA MALL TO,2,0.0,0.0
Bengaluru City,Chickpet Traffic PS,1.04432e+16,2023,1,2,Road Accidents,Narrow road,City/Town,Near Petrol Pump,Vehicle Defect,No,Damage Only,Vehicle to Vehicle,Uncontrolled,Straight and flat,Others,Concrete,Dry,Not Applicable,Fine,MYSORE ROAD,MYSORE ROAD,1.03,0.0,0.0
Bengaluru City,Chickpet Traffic PS,1.04432e+16,2023,1,2,Road Accidents,Narrow road,City/Town,In bazaar,Vehicle Defect,Yes,Damage Only,Vehicle to Vehicle,Uncontrolled,Straight and flat,One way,Concrete,Dry,Not Applicable,Clear,COTTONPETE MAIN ROAD,COTTONPETE MAIN ROAD,2.02,0.0,0.0
Bengaluru City,Chikkajala Traffic PS,1.04432e+16,2016,1,1,Road Accidents,Narrow road,City/Town,Residential area,Human Error,No,Simple Injury,Hit pedestrian,Not at  Junction,Others,City or Town Road,Bitumen(Tar),Dry,Not Applicable,Clear,B B Road NH 7 Near Bettahalasuru Cross,Electrical pole,30 ft,0.0,0.0
Bengaluru City,Chikkajala Traffic PS,1.04432e+16,2016,1,1,Road Accidents,Narrow road,City/Town,Open area,Human Error,No,Grievous Injury,Hit pedestrian,Not Applicable,Not Applicable,City or Town Road,Bitumen(Tar),Dry,Not Applicable,Clear,Uttanahalli Main Road,Electic pole,50 ft,0.0,0.0
Bengaluru City,Chikkajala Traffic PS,1.04432e+16,2016,1,2,Not Applicable,Junction,City/Town,Near Bus stop,Human Error,Not Applicable,Simple Injury,Others,Controlled,Others,Two way,Concrete,Others,Construction Work / Material,Fine,SADAHALLI JUNCTION,TOOL,4 kM,0.0,0.0
Bengaluru City,Chikkajala Traffic PS,1.04432e+16,2016,1,2,Road Accidents,Narrow road,City/Town,Open area,Human Error,Yes,Fatal,Not Applicable,No signal lights,Not Applicable,NH,Not Applicable,Not Applicable,No influence on accident,Fine,MEENUKUNTE HOSURU ROAD,B B ROAD,1KM,0.0,0.0
Bengaluru City,Chikkajala Traffic PS,1.04432e+16,2016,1,2,Not Applicable,Narrow road,City/Town,Residential area,Human Error,No,Simple Injury,Hit bicyclist,Not Applicable,Others,City or Town Road,Not Applicable,Dry,Not Applicable,Fine,vidyanagara cross,Army Layout,4km,0.0,0.0