DISTRICTNAME,UNITNAME,Crime_No,Year,RI,Noofvehicle_involved,Accident_Classification,Accident_Spot,Accident_Location,Accident_SubLocation,Main_Cause,Hit_Run,Severity,Collision_Type,Junction_Control,Road_Character,Road_Type,Surface_Type,Surface_Condition,Road_Condition,Weather,Accident_Road,Landmark_first,Distance_LandMark_First,Latitude,Longitude
Bengaluru City,Chikkajala Traffic PS,1.04432e+16,2016,1,1,Road Accidents,Narrow road,City/Town,Residential area,Human Error,Yes,Simple Injury,Hit pedestrian,Not Applicable,Not Applicable,Service Road,Bitumen(Tar),Dry,Not Applicable,Clear,"B B Road Service Road, Infornt of Govt School, vidyanagar",Electrical Pole,30 ft,0.0,0.0
Bengaluru City,Chikkajala Traffic PS,1.04432e+16,2016,1,2,Road Accidents,Narrow road,City/Town,Residential area,Human Error,No,Simple Injury,Rear end,Not Applicable,Not Applicable,City or Town Road,Bitumen(Tar),Dry,Not Applicable,Clear,B B Road NH-7 Service Road,Electric pole,30 ft,0.0,0.0
Bengaluru City,Chikkajala Traffic PS,1.04432e+16,2016,1,2,Road Accidents,Narrow road,City/Town,Open area,Human Error,No,Simple Injury,Head on,Not Applicable,Not Applicable,NH,Bitumen(Tar),Dry,Not Applicable,Clear,"Nh-7 B B Road,Near Sadahalli Toll Plaza",Electric pole,80 ft,0.0,0.0
Bengaluru City,Chikkajala Traffic PS,1.04432e+16,2016,1,1,Road Accidents,Narrow road,City/Town,Residential area,Human Error,No,Fatal,Hit pedestrian,Not Applicable,Not Applicable,NH,Bitumen(Tar),Dry,Not Applicable,Clear,B B Road NH-7 Bettahalasuru Cross,Electic pole,65 ft,13.155128,77.621498
Bengaluru City,Chikkajala Traffic PS,1.04432e+16,2016,1,1,Road Accidents,Narrow road,City/Town,Open area,Human Error,Yes,Simple Injury,Hit pedestrian,Not Applicable,Not Applicable,NH,Bitumen(Tar),Dry,Not Applicable,Clear,B B Road near MVIT Junction,Electric Pole,65 ft,13.152078,77.620275
Bengaluru City,Chikkajala Traffic PS,1.04432e+16,2016,1,2,Road Accidents,Narrow road,City/Town,Open area,Human Error,Yes,Grievous Injury,Hit and Run,Not Applicable,Not Applicable,NH,Bitumen(Tar),Dry,Not Applicable,Clear,"B B ROAD,NH-7 NEAR ITC JUNCTION",Electic pole,65 ft,0.0,0.0
Bengaluru City,Chikkajala Traffic PS,1.04432e+16,2016,1,1,Road Accidents,Narrow road,City/Town,Narrow bridge or culverts,Human Error,No,Simple Injury,Skidding or Self accident,Not Applicable,Not Applicable,NH,Bitumen(Tar),Dry,Not Applicable,Clear,"B B Road, NH-7 Vidyanagar Flyover",Electic pole,65 ft,0.0,0.0
Bengaluru City,Chikkajala Traffic PS,1.04432e+16,2016,1,1,Road Accidents,Narrow road,City/Town,Residential area,Human Error,Yes,Simple Injury,Hit pedestrian,Not Applicable,Not Applicable,NH,Bitumen(Tar),Dry,Not Applicable,Clear,"B B Road, NH-7 Menukunte Hosuru Junction",Electic pole,65 ft,0.0,0.0
Bengaluru City,Chikkajala Traffic PS,1.04432e+16,2016,1,2,Road Accidents,Junction,City/Town,Open area,Human Error,No,Damage Only,Not Applicable,Police / Manual,Not Applicable,NH,Not Applicable,Not Applicable,No influence on accident,Fine,SADAHALLI SIGNAL,B B ROAD,1 KM,0.0,0.0
Bengaluru City,Chikkajala Traffic PS,1.04432e+16,2016,1,1,Road Accidents,Narrow road,City/Town,Residential area,Human Error,No,Simple Injury,Others,Not Applicable,Hump,City or Town Road,Bitumen(Tar),Dry,Not Applicable,Clear,R K Hegdenagar Main Road,Electrical Pole,30 ft,0.0,0.0
Bengaluru City,Chikkajala Traffic PS,1.04432e+16,2016,1,2,Road Accidents,Narrow road,City/Town,Open area,Human Error,Yes,Grievous Injury,Hit and Run,Not Applicable,Not Applicable,City or Town Road,Bitumen(Tar),Dry,Not Applicable,Clear,"Gollahalli Gate, Budugere Devanahalli Road",Electic pole,65 ft,0.0,0.0
Bengaluru City,Chikkajala Traffic PS,1.04432e+16,2016,1,2,Road Accidents,Narrow road,City/Town,Near School or College,Human Error,Yes,Simple Injury,Rear end,Not Applicable,Not Applicable,City or Town Road,Bitumen(Tar),Dry,Not Applicable,Clear,Reva College Junction,Electic pole,60 ft,0.0,0.0
Bengaluru City,Chikkajala Traffic PS,1.04432e+16,2016,1,2,Road Accidents,Narrow road,City/Town,Residential area,Human Error,No,Damage Only,Head on,Not Applicable,Not Applicable,City or Town Road,Bitumen(Tar),Dry,Not Applicable,Clear,Gantiganahalli Main Road,Electic pole,25 ft,0.0,0.0
Bengaluru City,Chikkajala Traffic PS,1.04432e+16,2016,1,2,Road Accidents,Narrow road,City/Town,Residential area,Human Error,No,Simple Injury,Rear end,Not Applicable,Not Applicable,City or Town Road,Bitumen(Tar),Dry,Not Applicable,Clear,Mylanahalli Main road,Infront of Anjanadri Complex,35 Ft,0.0,0.0
Bengaluru City,Chikkajala Traffic PS,1.04432e+16,2016,1,1,Road Accidents,Narrow road,City/Town,Residential area,Human Error,No,Simple Injury,Hit pedestrian,Not at  Junction,Not Applicable,NH,Bitumen(Tar),Dry,Not Applicable,Clear,"B B Road, NH-7, Bettahalasuru Cross",Electic pole,48 Ft,0.0,0.0
Bengaluru City,Chikkajala Traffic PS,1.04432e+16,2016,1,2,Not Applicable,Narrow road,Not Applicable,Open area,Human Error,Not Applicable,Grievous Injury,Not Applicable,No signal lights,Not Applicable,City or Town Road,Not Applicable,Not Applicable,No influence on accident,Not Applicable,NEAR SRIRAMPUR RAILWAY GATE,HEGGADENAGARA MAIN ROAD,12 KM,0.0,0.0
Bengaluru City,Chikkajala Traffic PS,1.04432e+16,2016,1,2,Not Applicable,Other,City/Town,Near Bus stop,Human Error,Not Applicable,Simple Injury,Others,Not Applicable,Not Applicable,Two way,Not Applicable,Others,Not Applicable,Fine,HUVINAYAKANAHALLI,KIADB,4KM,0.0,0.0
Bengaluru City,Chikkajala Traffic PS,1.04432e+16,2016,1,2,Not Applicable,Other,City/Town,Open area,Human Error,Yes,Grievous Injury,Hit and Run,Not Applicable,Others,Service Road,Not Applicable,Others,Not Applicable,Fine,MVIT,Service Road,4KM,0.0,0.0
Bengaluru City,Chikkajala Traffic PS,1.04432e+16,2016,1,1,Road Accidents,Narrow road,City/Town,Near Petrol Pump,Human Error,No,Fatal,Hit pedestrian,Not Applicable,Not Applicable,NH,Bitumen(Tar),Dry,Not Applicable,Clear,"B B Road, NH-7, ITC Gate Junction",Electic pole,65 ft,0.0,0.0
Bengaluru City,Chikkajala Traffic PS,1.04432e+16,2016,1,1,Road Accidents,Junction,City/Town,At pedestrian Crossing,Human Error,No,Grievous Injury,Hit pedestrian,Controlled,Not Applicable,NH,Bitumen(Tar),Dry,Not Applicable,Clear,"BB Road, NH-7, Sadahalli Junction",Electic pole,65 ft,0.0,0.0
Bengaluru City,Chikkajala Traffic PS,1.04432e+16,2016,1,2,Road Accidents,Narrow road,City/Town,Residential area,Human Error,No,Simple Injury,Head on,Not Applicable,Not Applicable,City or Town Road,Bitumen(Tar),Dry,Not Applicable,Clear,"Bagaluru Main Road, Near Satanuru Village",Electic pole,35 Ft,0.0,0.0
Bengaluru City,Chikkajala Traffic PS,1.04432e+16,2016,1,1,Road Accidents,Other,City/Town,Open area,Human Error,Yes,Simple Injury,Hit and Run,Police / Manual,Others,Others,Not Applicable,Dry,Not Applicable,Fine,VINTACY PRAVART,VINTACY PRAVART,2 KM,0.0,0.0
Bengaluru City,Chikkajala Traffic PS,1.04432e+16,2016,1,1,Not Applicable,Culvert,Not Applicable,Near or inside a village,Human Error,No,Simple Injury,Others,Not Applicable,Others,One way,Concrete,Dry,Not Applicable,Others,bettahalasuru kerekodi road,lake,2km,0.0,0.0
Bengaluru City,Chikkajala Traffic PS,1.04432e+16,2016,1,1,Road Accidents,Junction,City/Town,Residential area,Human Error,Yes,Fatal,Not Applicable,Police / Manual,Not Applicable,NH,Not Applicable,Not Applicable,No influence on accident,Fine,TOLL PLAZ,SADAHALLI JUNCTION,1 KM,0.0,0.0
Bengaluru City,Chikkajala Traffic PS,1.04432e+16,2016,1,2,Road Accidents,Narrow road,City/Town,Open area,Human Error,No,Damage Only,Others,Not Applicable,Not Applicable,City or Town Road,Bitumen(Tar),Dry,Not Applicable,Clear,B B Road MVIT Cross,Electrical Pole,35 ft,0.0,0.0
Bengaluru City,Chikkajala Traffic PS,1.04432e+16,2016,1,2,Road Accidents,Junction,City/Town,Open area,Human Error,No,Simple Injury,Rear end,Not Applicable,Not Applicable,NH,Bitumen(Tar),Dry,Not Applicable,Clear,B B Road near MVIT Junction,Electrical Pole,25 ft,12.971599,77.594563
Bengaluru City,Chikkajala Traffic PS,1.04432e+16,2016,1,1,Road Accidents,Other,City/Town,Residential area,Human Error,No,Fatal,Skidding or Self accident,Not Applicable,Not Applicable,City or Town Road,Bitumen(Tar),Dry,Not Applicable,Clear,"Razaq Palya Main Road, near Busansabpalya",Electic pole,25 ft,0.0,0.0
Bengaluru City,Chikkajala Traffic PS,1.04432e+16,2016,1,1,Road Accidents,Narrow road,City/Town,Residential area,Human Error,Yes,Simple Injury,Head on,Not Applicable,Not Applicable,City or Town Road,Bitumen(Tar),Dry,Not Applicable,Clear,"Near Railway Gate, Telecom layout, SRK Nagar post",Electic pole,35 ft,0.0,0.0
Bengaluru City,Chikkajala Traffic PS,1.04432e+16,2016,1,1,Road Accidents,Narrow road,City/Town,Open area,Human Error,No,Grievous Injury,Hit pedestrian,Not Applicable,Not Applicable,NH,Bitumen(Tar),Dry,Not Applicable,Clear,"B B Road NH-7, Kadiganahalli Gate",Electic pole,65 ft,0.0,0.0
Bengaluru City,Chikkajala Traffic PS,1.04432e+16,2016,1,1,Road Accidents,Narrow road,City/Town,Residential area,Human Error,No,Simple Injury,Hit pedestrian,Not Applicable,Not Applicable,City or Town Road,Bitumen(Tar),Dry,Not Applicable,Clear,"R K Hegdenagar Main Road, Opp. Karnataka College",Electic pole,35 ft,0.0,0.0
Bengaluru City,Chikkajala Traffic PS,1.04432e+16,2016,1,2,Road Accidents,Cross roads,City/Town,Residential area,Human Error,No,Grievous Injury,Hit pedestrian,Not Applicable,Not Applicable,City or Town Road,Bitumen(Tar),Dry,Not Applicable,Clear,"R K Hegdenagar, Sai Hospital Road",Electic pole,20 ft,0.0,0.0
Bengaluru City,Chikkajala Traffic PS,1.04432e+16,2016,1,2,Road Accidents,Narrow road,City/Town,Near Bus stop,Human Error,Yes,Simple Injury,Rear end,Not Applicable,Not Applicable,NH,Bitumen(Tar),Dry,Not Applicable,Clear,"B B Road,NH-7, Near Bettahalasuru Bus Stop",Electic pole,65 ft,0.0,0.0
Bengaluru City,Chikkajala Traffic PS,1.04432e+16,2016,1,2,Road Accidents,Culvert,City/Town,Narrow bridge or culverts,Human Error,Yes,Fatal,Rear end,Not Applicable,Not Applicable,NH,Bitumen(Tar),Dry,Not Applicable,Clear,"NH 7, MENUKUNTE HOSURU JUNCTION",Electric light pole,65 ft,0.0,0.0
Bengaluru City,Chikkajala Traffic PS,1.04432e+16,2016,1,2,Road Accidents,Junction,City/Town,Open area,Human Error,Not Applicable,Fatal,Skidding or Self accident,Police / Manual,Straight and flat,NH,Not Applicable,Others,Not Applicable,Others,SADAHALLI GATE JUNCTION,B B ROAD,1 KM,0.0,0.0
Bengaluru City,Chikkajala Traffic PS,1.04432e+16,2016,1,2,Road Accidents,Narrow road,City/Town,Open area,Human Error,Yes,Fatal,Not Applicable,No signal lights,Not Applicable,City or Town Road,Not Applicable,Not Applicable,No influence on accident,Others,"NEAR VILLAGE PANCHAYATH BARD, KANNURU",BAGALURU MAIN RAOD,12 KM,0.0,0.0
Bengaluru City,Chikkajala Traffic PS,1.04432e+16,2016,1,2,Road Accidents,Narrow road,City/Town,Open area,Human Error,Yes,Damage Only,Hit and Run,Not Applicable,Not Applicable,City or Town Road,Bitumen(Tar),Dry,Not Applicable,Clear,B B Road near Sadahalli Toll,Electrical Pole,30 ft,0.0,0.0
Bengaluru City,Chikkajala Traffic PS,1.04432e+16,2016,1,1,Road Accidents,Narrow road,City/Town,Residential area,Human Error,No,Simple Injury,Rear end,Not Applicable,Not Applicable,City or Town Road,Bitumen(Tar),Dry,Not Applicable,Clear,"Bagaluru Main Road, near SBI ATM",Electrical Pole,30 ft,0.0,0.0
Bengaluru City,Chikkajala Traffic PS,1.04432e+16,2016,1,3,Road Accidents,Narrow road,City/Town,Residential area,Human Error,No,Grievous Injury,Rear end,Not Applicable,Not Applicable,City or Town Road,Bitumen(Tar),Dry,Not Applicable,Clear,"R K Hegdenagar Main Road, Near Shoba apartment",Electic pole,35 ft,0.0,0.0
Bengaluru City,Chikkajala Traffic PS,1.04432e+16,2016,1,1,Road Accidents,Narrow road,City/Town,Open area,Human Error,No,Fatal,Hit pedestrian,Not Applicable,Not Applicable,NH,Bitumen(Tar),Dry,Not Applicable,Clear,"NH-7, B B Road, Kadiganahalli Gate",Electic pole,65 ft,0.0,0.0
Bengaluru City,Chikkajala Traffic PS,1.04432e+16,2016,1,2,Road Accidents,Narrow road,City/Town,Residential area,Human Error,Yes,Fatal,Rear end,Not Applicable,Not Applicable,City or Town Road,Bitumen(Tar),Dry,Not Applicable,Clear,"Bagaluru Main Road, Opp. Hassan Iyengar Bakery",Electic pole,35 ft,0.0,0.0
Bengaluru City,Chikkajala Traffic PS,1.04432e+16,2016,1,1,Road Accidents,Narrow road,City/Town,Residential area,Human Error,No,Simple Injury,Rear end,Not Applicable,Not Applicable,City or Town Road,Bitumen(Tar),Dry,Not Applicable,Clear,R K Hegdenagar Main Road,Electric light pole,65 ft,0.0,0.0
Bengaluru City,Chikkajala Traffic PS,1.04432e+16,2016,1,1,Not Applicable,Narrow road,City/Town,Near Bus stop,Human Error,No,Fatal,Others,Not at  Junction,Not Applicable,NH,Not Applicable,Dry,Not Applicable,Fine,"NH-7, BB ROAD",MINUKUNTE HOSUR,1 KM,0.0,0.0
Bengaluru City,Chikkajala Traffic PS,1.04432e+16,2016,1,1,Not Applicable,Narrow road,City/Town,Near School or College,Human Error,No,Fatal,Others,Not Applicable,Others,Two way,Not Applicable,Dry,Not Applicable,Others,BAGALURU MAIN ROAD,BRUNDAVANA COLLEGE,8 KM,0.0,0.0
Bengaluru City,Chikkajala Traffic PS,1.04432e+16,2016,1,1,Road Accidents,Narrow road,City/Town,Residential area,Human Error,No,Fatal,Hit pedestrian,Not Applicable,Not Applicable,NH,Bitumen(Tar),Dry,Not Applicable,Clear,"NH-7 B B Road, Near Meenukunte Hosuru Gate junction",Electrical pole,35 ft,0.0,0.0
Bengaluru City,Chikkajala Traffic PS,1.04432e+16,2016,1,1,Road Accidents,Junction,City/Town,Open area,Human Error,No,Fatal,Hit pedestrian,No signal lights,Not Applicable,NH,Bitumen(Tar),Dry,Not Applicable,Clear,B B Road near MVIT Junction,Electric light pole,35 ft,12.971599,77.594563
Bengaluru City,Chikkajala Traffic PS,1.04432e+16,2016,1,2,Road Accidents,Narrow road,City/Town,Residential area,Human Error,Yes,Grievous Injury,Head on,Not Applicable,Not Applicable,NH,Bitumen(Tar),Dry,Not Applicable,Clear,B B Road NH-7 Service Road,Electrical Poli,35 ft,13.168688,77.631862
Bengaluru City,Chikkajala Traffic PS,1.04432e+16,2016,1,1,Road Accidents,Narrow road,City/Town,Residential area,Human Error,No,Grievous Injury,Hit pedestrian,Not Applicable,Not Applicable,NH,Bitumen(Tar),Dry,Not Applicable,Clear,"B B Road, NH-7, Menukune Hosuru",Electic pole,65 ft,0.0,0.0
Bengaluru City,Chikkajala Traffic PS,1.04432e+16,2016,1,1,Road Accidents,Narrow road,City/Town,Residential area,Human Error,No,Grievous Injury,Hit pedestrian,Not Applicable,Not Applicable,City or Town Road,Bitumen(Tar),Dry,Not Applicable,Clear,"Thirumenahalli Main Road, Near reddy complex",Electic pole,65 ft,0.0,0.0
Bengaluru City,Chikkajala Traffic PS,1.04432e+16,2016,1,2,Road Accidents,Narrow road,City/Town,Residential area,Human Error,No,Damage Only,Head on,Not Applicable,Not Applicable,City or Town Road,Bitumen(Tar),Dry,Not Applicable,Clear,"Bagaluru Main Road,near Chagalahatti",Electic pole,35 ft,0.0,0.0
Bengaluru City,Chikkajala Traffic PS,1.04432e+16,2016,1,3,Road Accidents,Junction,City/Town,Open area,Human Error,No,Damage Only,Rear end,Signal lights Automatic,Straight and flat,NH,Bitumen(Tar),Dry,Not Applicable,Clear,"B B Road NH-7, Sadahalli Junction",Electic pole,65,0.0,0.0
Bengaluru City,Chikkajala Traffic PS,1.04432e+16,2016,1,1,Road Accidents,Narrow road,City/Town,Near School or College,Human Error,No,Grievous Injury,Hit bicyclist,Not at  Junction,Not Applicable,City or Town Road,Bitumen(Tar),Dry,Not Applicable,Clear,"R K Hegdenagar Main Road, opp. Rastrothana Vidya Kendra",Electic pole,35 ft,0.0,0.0
Bengaluru City,Chikkajala Traffic PS,1.04432e+16,2016,1,2,Road Accidents,Narrow road,City/Town,Near School or College,Human Error,No,Simple Injury,Rear end,Not Applicable,Not Applicable,City or Town Road,Bitumen(Tar),Dry,Not Applicable,Clear,"Bagaluru Main Road, near Brindhavana College",Electic pole,35 ft,0.0,0.0
Bengaluru City,Chikkajala Traffic PS,1.04432e+16,2016,1,1,Road Accidents,Narrow road,City/Town,Near a factory industrial area,Human Error,No,Simple Injury,Hit bicyclist,Not Applicable,Not Applicable,NH,Bitumen(Tar),Dry,Not Applicable,Clear,"B B Road, NH-7, ITC Gate Junction",Electic pole,65 ft,0.0,0.0
Bengaluru City,Chikkajala Traffic PS,1.04432e+16,2016,1,2,Road Accidents,Other,City/Town,Open area,Human Error,Not Applicable,Simple Injury,Skidding or Self accident,Police / Manual,Not Applicable,City or Town Road,Not Applicable,Dry,Not Applicable,Fine,TELICOME LAYOUT,HEGGADENAGARA,12 KM,0.0,0.0
Bengaluru City,Chikkajala Traffic PS,1.04432e+16,2016,1,2,Road Accidents,Narrow road,City/Town,Residential area,Human Error,No,Fatal,Not Applicable,No signal lights,Not Applicable,NH,Not Applicable,Not Applicable,No influence on accident,Fine,"VIDHYANAGARA CROSS,",B B ROAD,1 KM,0.0,0.0
Bengaluru City,Chikkajala Traffic PS,1.04432e+16,2016,1,1,Road Accidents,Narrow road,City/Town,Near office complex,Human Error,No,Simple Injury,Skidding or Self accident,Controlled,Others,Others,Concrete,Dry,Drainage Ditch,Fine,Yadiyuru Main Road,Near Eshwara Temple,4KM,0.0,0.0
Bengaluru City,Chikkajala Traffic PS,1.04432e+16,2016,1,2,Road Accidents,Narrow road,City/Town,Residential area,Human Error,Yes,Grievous Injury,Rear end,Not Applicable,Not Applicable,City or Town Road,Bitumen(Tar),Dry,Not Applicable,Clear,"Telicom Layout Doubble Road, near Railway Gate",Electric pole,20 ft,0.0,0.0
Bengaluru City,Chikkajala Traffic PS,1.04432e+16,2016,1,2,Road Accidents,Narrow road,City/Town,Residential area,Human Error,Yes,Simple Injury,Rear end,Not Applicable,Not Applicable,City or Town Road,Bitumen(Tar),Dry,Not Applicable,Clear,B B Road near Meenukunte Hosuru,Electrical Pole,30 ft,12.971599,77.594563
Bengaluru City,Chikkajala Traffic PS,1.04432e+16,2016,1,1,Road Accidents,Curves,City/Town,Open area,Human Error,No,Fatal,Skidding or Self accident,Not Applicable,Curve,City or Town Road,Bitumen(Tar),Dry,Not Applicable,Clear,Bagaluru Gopalapura main road near curve,Electrical pole,50 ft,12.979074,77.562658
Bengaluru City,Chikkajala Traffic PS,1.04432e+16,2016,1,1,Road Accidents,Junction,City/Town,At pedestrian Crossing,Human Error,No,Simple Injury,Hit pedestrian,Signal lights Automatic,Not Applicable,NH,Bitumen(Tar),Dry,Not Applicable,Clear,B b road NH-7 Near Sadahalli Junction,Electric light pole,60 ft,0.0,0.0
Bengaluru City,Chikkajala Traffic PS,1.04432e+16,2016,1,2,Road Accidents,Cross roads,City/Town,Residential area,Human Error,No,Simple Injury,Head on,Not Applicable,Not Applicable,City or Town Road,Bitumen(Tar),Dry,Not Applicable,Clear,"Telicom Layout Doubble Road, near Railway Gate",Electic pole,30 ft,13.070968,77.618607
Bengaluru City,Chikkajala Traffic PS,1.04432e+16,2016,1,1,Road Accidents,Narrow road,City/Town,Residential area,Human Error,No,Fatal,Skidding or Self accident,Not Applicable,Not Applicable,City or Town Road,Bitumen(Tar),Dry,Not Applicable,Clear,Mylanahalli Main road,Electic pole,65 ft,0.0,0.0
Bengaluru City,Chikkajala Traffic PS,1.04432e+16,2016,1,1,Road Accidents,T Junction,City/Town,Open area,Human Error,No,Simple Injury,Skidding or Self accident,Not at  Junction,Not Applicable,Others,Bitumen(Tar),Dry,Not Applicable,Clear,"Bagaluru KIADB Park Road, Huvinayakanahalli",Electric light pole,35 ft,0.0,0.0
Bengaluru City,Chikkajala Traffic PS,1.04432e+16,2016,1,1,Road Accidents,Narrow road,City/Town,Residential area,Human Error,Yes,Grievous Injury,Hit pedestrian,Not Applicable,Not Applicable,City or Town Road,Bitumen(Tar),Dry,Not Applicable,Clear,Mylanahalli Main road,Electrical Pole,35 ft,0.0,0.0
Bengaluru City,Chikkajala Traffic PS,1.04432e+16,2016,1,2,Road Accidents,Narrow road,City/Town,Residential area,Human Error,No,Simple Injury,Rear end,Not Applicable,Not Applicable,City or Town Road,Bitumen(Tar),Dry,Not Applicable,Clear,"Telecom Layout, Doubble Road near Corporation Bank",Electic pole,65 ft,0.0,0.0
Bengaluru City,Chikkajala Traffic PS,1.04432e+16,2016,1,1,Road Accidents,Narrow road,City/Town,Residential area,Human Error,Yes,Simple Injury,Hit pedestrian,Not Applicable,Not Applicable,City or Town Road,Bitumen(Tar),Dry,Not Applicable,Clear,SRK Nagar Main Road,Electic pole,65 ft,0.0,0.0
Bengaluru City,Chikkajala Traffic PS,1.04432e+16,2016,1,2,Not Applicable,Cross roads,City/Town,Near office complex,Human Error,No,Grievous Injury,Hit bicyclist,Not at  Junction,Others,Two way,Gravel,Others,Not Applicable,Fine,NEAR LEELA PALACE KALYANAMANTAPA,BELLAHALLI MAIN RD,11 KM,0.0,0.0
Bengaluru City,Chikkajala Traffic PS,1.04432e+16,2016,1,2,Not Applicable,Bridge,City/Town,Open area,Human Error,No,Grievous Injury,Others,Uncontrolled,Others,NH,Not Applicable,Dry,Not Applicable,Fine,NH BB Road,Fly Over,1 KM,0.0,0.0
Bengaluru City,Chikkajala Traffic PS,1.04432e+16,2016,1,2,Road Accidents,Narrow road,City/Town,Residential area,Human Error,No,Simple Injury,Head on,Not Applicable,Not Applicable,City or Town Road,Bitumen(Tar),Dry,Not Applicable,Clear,Sampigehalli Main  Road,Electrical Pole,30,0.0,0.0
Bengaluru City,Chikkajala Traffic PS,1.04432e+16,2016,1,2,Road Accidents,Narrow road,City/Town,Open area,Human Error,No,Grievous Injury,Rear end,Not Applicable,Not Applicable,NH,Bitumen(Tar),Dry,Not Applicable,Clear,"B B Road,NH-7, opp Viva Toyota Show room",Electic pole,65 ft,0.0,0.0
Bengaluru City,Chikkajala Traffic PS,1.04432e+16,2016,1,2,Road Accidents,Narrow road,City/Town,Residential area,Human Error,No,Grievous Injury,Head on,Not Applicable,Not Applicable,City or Town Road,Bitumen(Tar),Dry,Not Applicable,Clear,Muthugadahalli Main Road,Electic pole,35 ft,0.0,0.0
Bengaluru City,Chikkajala Traffic PS,1.04432e+16,2016,1,2,Road Accidents,Narrow road,City/Town,Open area,Human Error,Yes,Fatal,Rear end,Not Applicable,Not Applicable,City or Town Road,Bitumen(Tar),Dry,Not Applicable,Clear,"MVIT College Road, Opp. Kadambari Farm House",Electic pole,65 ft,0.0,0.0
Bengaluru City,Chikkajala Traffic PS,1.04432e+16,2016,1,2,Road Accidents,Narrow road,City/Town,Residential area,Human Error,Yes,Simple Injury,Rear end,Not Applicable,Not Applicable,City or Town Road,Bitumen(Tar),Dry,Not Applicable,Clear,R K HEGDENAGAR DOUBBLE ROAD SHIVARAMAKARANTHNAGAR MAIN ROAD,Electic pole,35 ft,0.0,0.0
Bengaluru City,Chikkajala Traffic PS,1.04432e+16,2016,1,2,Not Applicable,Narrow road,City/Town,Near office complex,Human Error,No,Grievous Injury,Hit bicyclist,Not Applicable,Others,Two way,Not Applicable,Dry,Not Applicable,Others,Gramapanchayad,sonnappanahalli,4km,0.0,0.0
Bengaluru City,Chikkajala Traffic PS,1.04432e+16,2016,1,2,Not Applicable,Narrow road,City/Town,Near Bus stop,Human Error,No,Grievous Injury,Others,Not at  Junction,Others,One way,Gravel,Dry,Not Applicable,Fine,BB Road,Army Layout,4KM,0.0,0.0
Bengaluru City,Chikkajala Traffic PS,1.04432e+16,2016,1,2,Road Accidents,Bridge,City/Town,Open area,Human Error,No,Simple Injury,Rear end,Not Applicable,Not Applicable,Two way,Not Applicable,Dry,Not Applicable,Fine,NH 7 BB ROAD,DODDAJALA PLAY OVER,0.5 KM,0.0,0.0
Bengaluru City,Chikkajala Traffic PS,1.04432e+16,2016,1,2,Road Accidents,Narrow road,City/Town,Near Petrol Pump,Human Error,Yes,Grievous Injury,Head on,Not Applicable,Not Applicable,NH,Bitumen(Tar),Dry,Not Applicable,Clear,B B Road NH-7 Infront of Reliance Petrol Pump,Electric light pole,65 ft,0.0,0.0
Bengaluru City,Chikkajala Traffic PS,1.04432e+16,2016,1,1,Road Accidents,Other,City/Town,Near Bus stop,Human Error,Yes,Grievous Injury,Hit pedestrian,Not Applicable,Not Applicable,City or Town Road,Bitumen(Tar),Dry,Not Applicable,Clear,Telecom Layout,Electic pole,35 ft,13.100142,77.595951
Bengaluru City,Chikkajala Traffic PS,1.04432e+16,2016,1,1,Road Accidents,Railway crossing,City/Town,Open area,Human Error,No,Fatal,Skidding or Self accident,Not Applicable,Not Applicable,City or Town Road,Bitumen(Tar),Dry,Not Applicable,Clear,Near Narayanapura Railway Gate,Electric Pole,35 ft,0.0,0.0
Bengaluru City,Chikkajala Traffic PS,1.04432e+16,2016,1,1,Road Accidents,Narrow road,City/Town,Near a factory industrial area,Human Error,No,Simple Injury,Head on,Not Applicable,Not Applicable,NH,Bitumen(Tar),Dry,Not Applicable,Clear,"B B Road NH-7, ITC Junction",Electic pole,65 ft,0.0,0.0
Bengaluru City,Chikkajala Traffic PS,1.04432e+16,2016,1,1,Road Accidents,Cross roads,City/Town,Residential area,Human Error,No,Grievous Injury,Hit pedestrian,Not Applicable,Not Applicable,City or Town Road,Bitumen(Tar),Dry,Not Applicable,Clear,"Bagaluru main Road, 2nd Main Road, Dwarakanagar, Babanagar",Electic pole,35 ft,0.0,0.0
Bengaluru City,Chikkajala Traffic PS,1.04432e+16,2016,1,2,Road Accidents,Narrow road,City/Town,Residential area,Human Error,No,Grievous Injury,Head on,Not Applicable,Not Applicable,City or Town Road,Bitumen(Tar),Dry,Not Applicable,Clear,Bagaluru Main Road,Electric light pole,35 Ft,0.0,0.0
Bengaluru City,Chikkajala Traffic PS,1.04432e+16,2016,1,1,Road Accidents,Narrow road,City/Town,Residential area,Human Error,Yes,Simple Injury,Hit pedestrian,Not Applicable,Not Applicable,City or Town Road,Bitumen(Tar),Dry,Not Applicable,Clear,Bagaluru Main Road,Electric light pole,30 ft,0.0,0.0