DISTRICTNAME,UNITNAME,Crime_No,Year,RI,Noofvehicle_involved,Accident_Classification,Accident_Spot,Accident_Location,Accident_SubLocation,Main_Cause,Hit_Run,Severity,Collision_Type,Junction_Control,Road_Character,Road_Type,Surface_Type,Surface_Condition,Road_Condition,Weather,Accident_Road,Landmark_first,Distance_LandMark_First,Latitude,Longitude
Bengaluru City,Chikkajala Traffic PS,1.04432e+16,2017,1,2,Road Accidents,Narrow road,City/Town,Open area,Human Error,No,Simple Injury,Others,Uncontrolled,Others,City or Town Road,Bitumen(Tar),Dry,Not Applicable,Fine,N H 7,Near Areva Factory,20,0.0,0.0
Bengaluru City,Chikkajala Traffic PS,1.04432e+16,2017,1,2,Road Accidents,Cross roads,City/Town,Residential area,Human Error,Yes,Damage Only,Hit and Run,Not Applicable,Not Applicable,Others,Bitumen(Tar),Dry,Not Applicable,Clear,Near Rakoom School Stone Hill Road,Electric Pole,50 ft,0.0,0.0
Bengaluru City,Chikkajala Traffic PS,1.04432e+16,2017,1,1,Road Accidents,Narrow road,City/Town,Open area,Human Error,Yes,Fatal,Hit bicyclist,Not Applicable,Not Applicable,NH,Bitumen(Tar),Dry,Not Applicable,Clear,"Near Toll plaza, B B Road",Electric Pole,100 ft,0.0,0.0
Bengaluru City,Chikkajala Traffic PS,1.04432e+16,2017,1,1,Not Applicable,Other,City/Town,Open area,Human Error,No,Simple Injury,Skidding or Self accident,Not at  Junction,Others,Village Road,Bitumen(Tar),Dry,Not Applicable,Fine,HEGGADENAGARA MAIN ROAD,NEAR RAILWAY,12 KM,0.0,0.0
Bengaluru City,Chikkajala Traffic PS,1.04432e+16,2017,1,1,Road Accidents,Narrow road,City/Town,At pedestrian Crossing,Human Error,Yes,Simple Injury,Hit pedestrian,Not at  Junction,Others,NH,Bitumen(Tar),Dry,Not Applicable,Clear,"B B Road, near Menukunte Hosur",Electric light pole,50 ft,0.0,0.0
Bengaluru City,Chikkajala Traffic PS,1.04432e+16,2017,1,1,Not Applicable,Other,City/Town,Near a religious place,Human Error,No,Grievous Injury,Drowned,Not at  Junction,Curve and Incline,Two way,Gravel,Not Applicable,Not Applicable,Cloudy,Heggadenagara Main Road,BLR,12KM,0.0,0.0
Bengaluru City,Chikkajala Traffic PS,1.04432e+16,2017,1,2,Not Applicable,Other,City/Town,Residential area,Human Error,No,Simple Injury,Rear end,Not at  Junction,Others,Others,Concrete,Dry,Not Applicable,Fine,HEGGADENAGARA,TELICOM LAYOUT 2 ND CROSS,12 KM,0.0,0.0
Bengaluru City,Chikkajala Traffic PS,1.04432e+16,2017,1,2,Not Applicable,Other,City/Town,Open area,Human Error,Yes,Simple Injury,Others,Not Applicable,Not Applicable,Others,Bitumen(Tar),Dry,Not Applicable,Fine,TELICOM LAYOUT,KUDUREGE,12 KM,0.0,0.0
Bengaluru City,Chikkajala Traffic PS,1.04432e+16,2017,1,2,Not Applicable,Other,City/Town,Open area,Human Error,No,Simple Injury,Others,No signal lights,Not Applicable,Two way,Bitumen(Tar),Dry,Not Applicable,Fine,HEGGADENAGARA,80 FEET ROAD,12 KM,0.0,0.0
Bengaluru City,Chikkajala Traffic PS,1.04432e+16,2017,1,2,Not Applicable,Other,City/Town,Near Bus stop,Human Error,Yes,Simple Injury,Hit and Run,Uncontrolled,Others,State Highway,Bitumen(Tar),Dry,Not Applicable,Fine,Bagaluru Main Road,Dwarakanagara Bus Stop,12 KM,0.0,0.0
Bengaluru City,Chikkajala Traffic PS,1.04432e+16,2017,1,1,Road Accidents,Narrow road,City/Town,Near Bus stop,Human Error,No,Simple Injury,Rear end,Uncontrolled,Others,NH,Bitumen(Tar),Dry,Not Applicable,Fine,BB Road NH-7,Safarin Furniture,0.5 KM,0.0,0.0
Bengaluru City,Chikkajala Traffic PS,1.04432e+16,2017,1,1,Road Accidents,Narrow road,City/Town,Residential area,Vehicle Defect,No,Damage Only,Not Applicable,No signal lights,Not Applicable,NH,Not Applicable,Not Applicable,No influence on accident,Others,"NEAR BHARATHINAGAR CROSS,",B B Road,12 KM,0.0,0.0
Bengaluru City,Chikkajala Traffic PS,1.04432e+16,2017,1,2,Not Applicable,Other,City/Town,Open area,Human Error,Yes,Damage Only,Others,Uncontrolled,Others,City or Town Road,Bitumen(Tar),Dry,Not Applicable,Fine,Manyata Tech Park,Verannanapalya U Tern,8 KM,0.0,0.0
Bengaluru City,Chikkajala Traffic PS,1.04432e+16,2017,1,1,Road Accidents,Cross roads,City/Town,Open area,Human Error,No,Damage Only,Others,Uncontrolled,Curve,NH,Bitumen(Tar),Dry,Not Applicable,Fine,BB Road NH,Bharathinagar Cross,25,0.0,0.0
Bengaluru City,Chikkajala Traffic PS,1.04432e+16,2017,1,2,Road Accidents,Narrow road,City/Town,Open area,Human Error,No,Simple Injury,Others,Uncontrolled,Not Applicable,NH,Bitumen(Tar),Dry,Not Applicable,Fine,BB Road NH 47,Infront Of petron Bunk,25 KM,0.0,0.0
Bengaluru City,Chikkajala Traffic PS,1.04432e+16,2017,1,2,Not Applicable,Other,City/Town,Open area,Human Error,No,Damage Only,Others,Uncontrolled,Curve,Others,Bitumen(Tar),Dry,Not Applicable,Fine,12 th Cross MCECHS Latout Heggadenagara,12 th Cross MCECHS Latout Heggadenagara,3,0.0,0.0
Bengaluru City,Chikkajala Traffic PS,1.04432e+16,2017,1,1,Road Accidents,Other,City/Town,Open area,Human Error,No,Simple Injury,Others,Uncontrolled,Others,NH,Bitumen(Tar),Dry,Not Applicable,Fine,In Front Of Green Viw Daba,In Front Of Green Viw Daba,8KM,0.0,0.0
Bengaluru City,Chikkajala Traffic PS,1.04432e+16,2017,1,2,Road Accidents,Cross roads,City/Town,Residential area,Human Error,Yes,Grievous Injury,Head on,Not Applicable,Not Applicable,Others,Bitumen(Tar),Dry,Not Applicable,Clear,KODAGALAHATTI HOSAHALLI MAIN ROAD,Electric Pole,20 FT,0.0,0.0
Bengaluru City,Chikkajala Traffic PS,1.04432e+16,2017,1,2,Road Accidents,Junction,Not Applicable,Near Bus stop,Human Error,No,Grievous Injury,Head on,Not at  Junction,Curve,NH,Not Applicable,Others,Not Applicable,Not Applicable,1,Ner Hosur Bus stop,1KM,0.0,0.0
Bengaluru City,Chikkajala Traffic PS,1.04432e+16,2017,1,2,Not Applicable,Other,City/Town,Open area,Human Error,No,Simple Injury,Rear end,Not Applicable,Others,City or Town Road,Bitumen(Tar),Dry,Not Applicable,Fine,Heggadenagara Main,Near Haj Bhavan,12 Km,0.0,0.0
Bengaluru City,Chikkajala Traffic PS,1.04432e+16,2017,1,2,Road Accidents,Railway crossing,City/Town,Open area,Human Error,Yes,Grievous Injury,Hit puchcart,Police / Manual,Others,Others,Not Applicable,Dry,Not Applicable,Snow,SRIRAMPUR RIALWAY GATE,SRIRAMPURA RAILWAY,12 KM,0.0,0.0
Bengaluru City,Chikkajala Traffic PS,1.04432e+16,2017,1,1,Not Applicable,Junction,City/Town,Near office complex,Human Error,No,Simple Injury,Hit pedestrian,No signal lights,Curve,NH,Bitumen(Tar),Dry,Not Applicable,Fine,BETTAHALASURU CROSS,SONNAPPANAHALLI,3KM,0.0,0.0
Bengaluru City,Chikkajala Traffic PS,1.04432e+16,2017,1,1,Not Applicable,Narrow road,City/Town,Near office complex,Human Error,No,Fatal,Hit pedestrian,Uncontrolled,Others,Residential Street,Bitumen(Tar),Dry,Not Applicable,Fine,InFront Of Muttut Finance,Near Ganesha Temple,12 km,0.0,0.0
Bengaluru City,Chikkajala Traffic PS,1.04432e+16,2017,1,3,Road Accidents,T Junction,City/Town,Open area,Human Error,No,Simple Injury,Rear end,Controlled,Others,NH,Bitumen(Tar),Dry,Not Applicable,Fine,BB Road,Sadahalli Junction,3 KM,0.0,0.0
Bengaluru City,Chikkajala Traffic PS,1.04432e+16,2017,1,2,Not Applicable,Not Applicable,Not Applicable,Open area,Not Applicable,No,Damage Only,Not Applicable,Not at  Junction,Not Applicable,NH,Not Applicable,Not Applicable,No influence on accident,Not Applicable,NH 7,NH,50 FT,0.0,0.0
Bengaluru City,Chikkajala Traffic PS,1.04432e+16,2017,1,2,Not Applicable,Narrow road,City/Town,Near Bus stop,Human Error,No,Simple Injury,Rear end,Uncontrolled,Not Applicable,City or Town Road,Bitumen(Tar),Dry,Pot holed,Fine,Bagaluru Main Road,Near Kattigenahallli Bus Stop,8KM,0.0,0.0
Bengaluru City,Chikkajala Traffic PS,1.04432e+16,2017,1,2,Road Accidents,Narrow road,City/Town,Residential area,Human Error,No,Grievous Injury,Not Applicable,No signal lights,Not Applicable,City or Town Road,Not Applicable,Not Applicable,Not Applicable,Fine,"NEAR REVA COLLEGE,",NEAR UDAPI UPAHAR HOTEL,8 KM,0.0,0.0
Bengaluru City,Chikkajala Traffic PS,1.04432e+16,2017,1,1,Road Accidents,Other,City/Town,Residential area,Human Error,No,Fatal,Hit pedestrian,Uncontrolled,Others,City or Town Road,Bitumen(Tar),Dry,Not Applicable,Fine,Maranayakanahalli,Infront Of Sheeta Angadi,4KM,0.0,0.0
Bengaluru City,Chikkajala Traffic PS,1.04432e+16,2017,1,2,Road Accidents,Other,City/Town,Open area,Human Error,Yes,Simple Injury,Hit and Run,Uncontrolled,Others,City or Town Road,Bitumen(Tar),Dry,Not Applicable,Fine,Near Gopalapur Budigere Main Road Bagaluru,Near Gopalapur Budigere Main Road Bagaluru,8 KM,0.0,0.0
Bengaluru City,Chikkajala Traffic PS,1.04432e+16,2017,1,2,Road Accidents,Other,City/Town,Open area,Human Error,No,Simple Injury,Others,Uncontrolled,Others,Others,Bitumen(Tar),Dry,Not Applicable,Fine,In Front Of SLN HOTEL BB Road,In Front Of SLN HOTEL BB Road,19 KM,0.0,0.0
Bengaluru City,Chikkajala Traffic PS,1.04432e+16,2017,1,2,Not Applicable,Other,City/Town,Open area,Human Error,No,Simple Injury,Others,Uncontrolled,Curve,City or Town Road,Bitumen(Tar),Dry,Not Applicable,Fine,In Front Of Kanaka Sri Layuut Bagaluru Kannuru Road,In Front Of Kanaka Sri Layuut Bagaluru Kannuru Road,8km,0.0,0.0
Bengaluru City,Chikkajala Traffic PS,1.04432e+16,2017,1,2,Not Applicable,Other,City/Town,Open area,Not Applicable,No,Grievous Injury,Others,Not at  Junction,Others,Residential Street,Not Applicable,Others,Not Applicable,Others,Bagaluru Main Road,1,5KM,0.0,0.0
Bengaluru City,Chikkajala Traffic PS,1.04432e+16,2017,1,2,Not Applicable,Circle,Villages settlement,Near office complex,Human Error,No,Grievous Injury,Others,No signal lights,Others,Two way,Concrete,Dry,Not Applicable,Fine,Heggadenagara Main Road,Heggadenagara Main Road,12 KM,0.0,0.0
Bengaluru City,Chikkajala Traffic PS,1.04432e+16,2017,1,2,Not Applicable,Round about or Circle,Rural Areas,Open area,Human Error,No,Grievous Injury,Hit puchcart,Uncontrolled,Others,Two way,Metalled,Others,Not Applicable,Others,CHANNEKESHAVA LYT,SATHANURU,7KM,0.0,0.0
Bengaluru City,Chikkajala Traffic PS,1.04432e+16,2017,1,1,Not Applicable,Curves,City/Town,Near or inside a village,Human Error,No,Grievous Injury,Head on,Not at  Junction,Not Applicable,Two way,Concrete,Flooded,Not Applicable,Wind,BETTAHALASURU,BETTAHALASURU,5KM,0.0,0.0
Bengaluru City,Chikkajala Traffic PS,1.04432e+16,2017,1,1,Not Applicable,Junction,City/Town,Open area,Human Error,No,Damage Only,Others,No signal lights,Not Applicable,NH,Bitumen(Tar),Dry,Not Applicable,Fine,KADIGANHALLI,KNS,1 KM,0.0,0.0
Bengaluru City,Chikkajala Traffic PS,1.04432e+16,2017,1,1,Not Applicable,Bridge,City/Town,At pedestrian Crossing,Human Error,No,Simple Injury,Hit pedestrian,No signal lights,Others,NH,Bitumen(Tar),Dry,Not Applicable,Fine,DODDJALA BUS STOP,NH 7,1 KM,0.0,0.0
Bengaluru City,Chikkajala Traffic PS,1.04432e+16,2017,1,1,Road Accidents,Other,City/Town,Residential area,Human Error,No,Simple Injury,Not Applicable,Uncontrolled,Not Applicable,City or Town Road,Bitumen(Tar),Dry,Not Applicable,Fine,Bagaluru Main Road,M Hosahalli,15,0.0,0.0
Bengaluru City,Chikkajala Traffic PS,1.04432e+16,2017,1,1,Road Accidents,Narrow road,City/Town,Near office complex,Human Error,Yes,Simple Injury,Hit and Run,Uncontrolled,Not Applicable,City or Town Road,Bitumen(Tar),Dry,Not Applicable,Fine,Heggadenagara Main Road,Infront Of Maharaja Furniture,2KM,0.0,0.0
Bengaluru City,Chikkajala Traffic PS,1.04432e+16,2017,1,1,Road Accidents,Railway crossing,City/Town,Open area,Human Error,No,Fatal,Others,Uncontrolled,Others,Others,Bitumen(Tar),Dry,Not Applicable,Fine,Near Brics Company,Near Bricks Company,6KM,0.0,0.0
Bengaluru City,Chikkajala Traffic PS,1.04432e+16,2017,1,2,Road Accidents,Junction,City/Town,Residential area,Human Error,Yes,Grievous Injury,Hit pedestrian,Police / Manual,Others,NH,Not Applicable,Dry,Not Applicable,Fine,NEAR SADAHALLI GATE,SADAHALLI JUCTION,2 KM,0.0,0.0
Bengaluru City,Chikkajala Traffic PS,1.04432e+16,2017,1,1,Road Accidents,Other,Rural Areas,Open area,Human Error,No,Damage Only,Others,Uncontrolled,Others,Village Road,Bitumen(Tar),Dry,Not Applicable,Fine,Kadusonnappanahalli to Bagaluru Main Road,Chakalete,8 KM,0.0,0.0
Bengaluru City,Chikkajala Traffic PS,1.04432e+16,2017,1,2,Not Applicable,Narrow road,City/Town,Open area,Human Error,Yes,Simple Injury,Others,Not at  Junction,Not Applicable,Not Applicable,Bitumen(Tar),Dry,Not Applicable,Fine,BB Road,Near Toll Plaza,4Km,0.0,0.0
Bengaluru City,Chikkajala Traffic PS,1.04432e+16,2017,1,1,Not Applicable,Curves,City/Town,Open area,Human Error,No,Simple Injury,Others,Not Applicable,Not Applicable,NH,Bitumen(Tar),Dry,Not Applicable,Fine,3rd Cross MCe,Shivaramakaranthara nagara,5Km,0.0,0.0
Bengaluru City,Chikkajala Traffic PS,1.04432e+16,2017,1,2,Road Accidents,Narrow road,City/Town,Open area,Human Error,No,Simple Injury,Others,Uncontrolled,Not Applicable,Village Road,Bitumen(Tar),Dry,Not Applicable,Fine,Near Maralukunte Kere Bagaluru Post,Near Maralukunte Kere Bagaluru Post,8 KM,0.0,0.0
Bengaluru City,Chikkajala Traffic PS,1.04432e+16,2017,1,2,Not Applicable,Narrow road,City/Town,Open area,Human Error,Not Applicable,Grievous Injury,Others,Not Applicable,Others,Two way,Not Applicable,Others,Not Applicable,Not Applicable,Near Sarvadharma durga,1,9KM,0.0,0.0
Bengaluru City,Chikkajala Traffic PS,1.04432e+16,2017,1,1,Road Accidents,Narrow road,City/Town,Open area,Human Error,No,Simple Injury,Hit pedestrian,Not Applicable,Not Applicable,NH,Bitumen(Tar),Others,Not Applicable,Clear,B B ROAD NEAR KADIGANAHALLI GATE,Electric Pole,50 ft,0.0,0.0
Bengaluru City,Chikkajala Traffic PS,1.04432e+16,2017,1,1,Road Accidents,Junction,City/Town,Open area,Human Error,No,Simple Injury,Skidding or Self accident,Controlled,Not Applicable,NH,Bitumen(Tar),Dry,Not Applicable,Clear,B B ROAD NEAR SADAHALLI JUNCTION,Electric Pole,50 ft,0.0,0.0
Bengaluru City,Chikkajala Traffic PS,1.04432e+16,2017,1,2,Road Accidents,Junction,City/Town,Near Bus stop,Human Error,No,Grievous Injury,Others,Signal lights Automatic,Others,Two way,Not Applicable,Dry,Not Applicable,Fine,Sadhahalli gate,sadhalli gate,4 km,0.0,0.0
Bengaluru City,Chikkajala Traffic PS,1.04432e+16,2017,1,2,Not Applicable,Cross roads,City/Town,Near Bus stop,Human Error,No,Grievous Injury,Others,Controlled,Others,One way,Not Applicable,Dry,Not Applicable,Others,"MVIT College Road, Opp. Kadambari Farm House",MVIT JUNCTION,2KM,0.0,0.0
Bengaluru City,Chikkajala Traffic PS,1.04432e+16,2017,1,2,Road Accidents,Other,City/Town,Near Bus stop,Human Error,No,Simple Injury,Rear end,Uncontrolled,Not Applicable,NH,Bitumen(Tar),Dry,Not Applicable,Fine,BB Road,Near ITC Gate,3KM,0.0,0.0
Bengaluru City,Chikkajala Traffic PS,1.04432e+16,2017,1,2,Road Accidents,Other,City/Town,Open area,Human Error,No,Simple Injury,Others,Controlled,Curve,City or Town Road,Bitumen(Tar),Dry,Not Applicable,Fine,Telicom Layout,JNR Centre Double Road,3KM,0.0,0.0
Bengaluru City,Chikkajala Traffic PS,1.04432e+16,2017,1,2,Road Accidents,Other,City/Town,Narrow bridge or culverts,Human Error,No,Simple Injury,Others,Uncontrolled,Sharp Curve,NH,Bitumen(Tar),Dry,Not Applicable,Fine,Near Hosuru Junction BB Road,Near Hosuru Junction BB Road,19 KM,0.0,0.0
Bengaluru City,Chikkajala Traffic PS,1.04432e+16,2017,1,2,Road Accidents,Other,City/Town,Open area,Human Error,No,Fatal,Others,Uncontrolled,Not Applicable,Others,Bitumen(Tar),Dry,Not Applicable,Fine,BAGALURU KIDB AREA AREBINNAMANGALA,BAGALURU KIDB AREA AREBINNAMANGALA,8KM,0.0,0.0
Bengaluru City,Chikkajala Traffic PS,1.04432e+16,2017,1,1,Road Accidents,Other,City/Town,Residential area,Human Error,Yes,Grievous Injury,Hit and Run,Not at  Junction,Others,Two way,Not Applicable,Others,Not Applicable,Fine,"sonnpanahalli, near ganesh tempal",3 km,3 km,0.0,0.0
Bengaluru City,Chikkajala Traffic PS,1.04432e+16,2017,1,2,Not Applicable,Narrow road,City/Town,Open area,Human Error,No,Simple Injury,Others,Not Applicable,Others,Two way,Not Applicable,Dry,Not Applicable,Fine,Rajanukunte Road,MVIT,4 KM,0.0,0.0
Bengaluru City,Chikkajala Traffic PS,1.04432e+16,2017,1,1,Not Applicable,Narrow road,City/Town,Near School or College,Human Error,Yes,Simple Injury,Hit pedestrian,Not at  Junction,Others,State Highway,Bitumen(Tar),Dry,Not Applicable,Fine,Bus stop,KNS,12 km,0.0,0.0
Bengaluru City,Chikkajala Traffic PS,1.04432e+16,2017,1,1,Not Applicable,Narrow road,City/Town,Residential area,Human Error,No,Fatal,Others,Uncontrolled,Curve,Others,Bitumen(Tar),Dry,Not Applicable,Fine,Thirumenahalli,In Front Of Kantharaju House,6Km,0.0,0.0
Bengaluru City,Chikkajala Traffic PS,1.04432e+16,2017,1,2,Road Accidents,Other,City/Town,In bazaar,Human Error,Yes,Simple Injury,Others,Uncontrolled,Curve,City or Town Road,Concrete,Dry,Not Applicable,Fine,Railway Paral Road,Near Nilagiri Top,4KM,0.0,0.0
Bengaluru City,Chikkajala Traffic PS,1.04432e+16,2017,1,2,Road Accidents,Narrow road,City/Town,Near School or College,Human Error,No,Simple Injury,Rear end,Uncontrolled,Others,City or Town Road,Bitumen(Tar),Dry,Not Applicable,Fine,Heggadenagara To Revacollage Main Road,Infront Of Revacollage 2nd Gate,4Km,0.0,0.0
Bengaluru City,Chikkajala Traffic PS,1.04432e+16,2017,1,2,Road Accidents,Narrow road,City/Town,Open area,Vehicle Defect,No,Damage Only,Not Applicable,No signal lights,Not Applicable,NH,Not Applicable,Not Applicable,No influence on accident,Snow,"NEAR KOTE CROSS,",CHIKKAJALA,18 KM,0.0,0.0
Bengaluru City,Chikkajala Traffic PS,1.04432e+16,2017,1,1,Rail Road Accidents,Narrow road,City/Town,Open area,Human Error,No,Simple Injury,Not Applicable,No signal lights,Not Applicable,Others,Not Applicable,Not Applicable,No influence on accident,Fine,"NEAR NAVODAYA SCHOOL, BANDIKODIGEHALLI MAIN ROAD",BAGALURU,8 KM,0.0,0.0
Bengaluru City,Chikkajala Traffic PS,1.04432e+16,2017,1,1,Not Applicable,Other,City/Town,Open area,Human Error,No,Damage Only,Others,Not Applicable,Not Applicable,Village Road,Bitumen(Tar),Dry,Not Applicable,Fine,Bagaluru Main Road,Near Bagaluru Colony,8Km,0.0,0.0
Bengaluru City,Chikkajala Traffic PS,1.04432e+16,2017,1,2,Road Accidents,Junction,City/Town,Open area,Not Applicable,No,Grievous Injury,Others,Not Applicable,Others,Others,Not Applicable,Others,Not Applicable,Fine,R.K HEGGADENAGARA,HEGGADENAGAR,12 KM,0.0,0.0
Bengaluru City,Chikkajala Traffic PS,1.04432e+16,2017,1,1,Road Accidents,Narrow road,City/Town,Near a religious place,Human Error,Yes,Grievous Injury,Hit pedestrian,Not Applicable,Not Applicable,NH,Bitumen(Tar),Dry,Not Applicable,Clear,"B B Road, NH-7",Near Anjaneya Temple,100 FT,0.0,0.0
Bengaluru City,Chikkajala Traffic PS,1.04432e+16,2017,1,2,Road Accidents,Junction,City/Town,Near Bus stop,Human Error,No,Grievous Injury,Others,Police / Manual,Others,NH,Not Applicable,Dry,Not Applicable,Fine,SADAHALLI JUCTION  NEAR SERVICE  ROAD,NNH,2 KM,0.0,0.0
Bengaluru City,Chikkajala Traffic PS,1.04432e+16,2017,1,2,Not Applicable,Narrow road,City/Town,Near office complex,Human Error,No,Grievous Injury,Head on,No signal lights,Not Applicable,Two way,Bitumen(Tar),Dry,Not Applicable,Fine,80 FEET ROAD,TELICOM LAYOUT,12,0.0,0.0
Bengaluru City,Chikkajala Traffic PS,1.04432e+16,2017,1,1,Not Applicable,Other,City/Town,Near or inside a village,Human Error,No,Simple Injury,Others,No signal lights,Others,Others,Bitumen(Tar),Dry,Not Applicable,Fine,KADUSOPPANHALLI,MYLANAHALLI,3KM,0.0,0.0
Bengaluru City,Chikkajala Traffic PS,1.04432e+16,2017,1,1,Not Applicable,Narrow road,City/Town,At pedestrian Crossing,Human Error,No,Simple Injury,Hit pedestrian,Not Applicable,Others,NH,Bitumen(Tar),Dry,Not Applicable,Fine,NEAR KADIGANAHALLI GATE,INFRONT KNS CONVENCTION HALL,0.5,0.0,0.0
Bengaluru City,Chikkajala Traffic PS,1.04432e+16,2017,1,2,Not Applicable,Other,City/Town,Open area,Human Error,No,Simple Injury,Rear end,Controlled,Others,NH,Bitumen(Tar),Dry,Not Applicable,Fine,BB Road,ITC gate,3km,0.0,0.0
Bengaluru City,Chikkajala Traffic PS,1.04432e+16,2017,1,2,Road Accidents,Narrow road,City/Town,Near Bus stop,Human Error,No,Simple Injury,Not Applicable,No signal lights,Not Applicable,NH,Not Applicable,Not Applicable,No influence on accident,Fine,"NEAR S B I BANK,",HUNASAMARANAHALLI,50ft,0.0,0.0
Bengaluru City,Chikkajala Traffic PS,1.04432e+16,2017,1,2,Not Applicable,Bridge,City/Town,Narrow bridge or culverts,Human Error,No,Damage Only,Not Applicable,Uncontrolled,Not Applicable,City or Town Road,Concrete,Dry,Not Applicable,Fine,Bellahalli Bridze,Reva College Road,4 KM,0.0,0.0
Bengaluru City,Chikkajala Traffic PS,1.04432e+16,2017,1,3,Other Railway Accidents,Junction,City/Town,Near Bus stop,Human Error,No,Damage Only,Rear end,Signal lights Automatic,Others,NH,Bitumen(Tar),Dry,Not Applicable,Fine,NH,Sadahalli Junction,25 KM,0.0,0.0
Bengaluru City,Chikkajala Traffic PS,1.04432e+16,2017,1,1,Not Applicable,Narrow road,City/Town,Near Hospital,Human Error,No,Simple Injury,Hit pedestrian,Uncontrolled,Not Applicable,Village Road,Bitumen(Tar),Dry,Not Applicable,Fine,Mylanahalli Main Road,Near Vinayaka Hospital,8 KM,0.0,0.0
Bengaluru City,Chikkajala Traffic PS,1.04432e+16,2017,1,1,Road Accidents,Narrow road,City/Town,Open area,Human Error,No,Simple Injury,Others,Uncontrolled,Others,City or Town Road,Bitumen(Tar),Dry,Not Applicable,Fine,Heggadenagara Main Road,In front Of Regal Hospital,3,0.0,0.0
Bengaluru City,Chikkajala Traffic PS,1.04432e+16,2017,1,1,Not Applicable,Narrow road,City/Town,Open area,Human Error,No,Damage Only,Others,Uncontrolled,Others,City or Town Road,Bitumen(Tar),Dry,Pot holed,Fine,Near panchami redi mixer uttanahalli,Near panchami redi mixer uttanahalli,10,0.0,0.0
Bengaluru City,Chikkajala Traffic PS,1.04432e+16,2017,1,1,Road Accidents,Narrow road,City/Town,Open area,Human Error,Yes,Fatal,Hit and Run,Uncontrolled,Others,City or Town Road,Bitumen(Tar),Dry,Not Applicable,Fine,In Front Of KrishnaSagar Hotel 80 Feet Road Heggadenagara,In Front Of KrishnaSagar Hotel 80 Feet Road Heggadenagara,3KM,0.0,0.0
Bengaluru City,Chikkajala Traffic PS,1.04432e+16,2017,1,1,Not Applicable,Other,City/Town,Open area,Human Error,No,Grievous Injury,Others,Not at  Junction,Others,Two way,Not Applicable,Flooded,No influence on accident,Others,NEAR UTTARAHALLI GOVT SCHOOL,UTTARAHALLI MAIN RD,6KM,0.0,0.0
Bengaluru City,Chikkajala Traffic PS,1.04432e+16,2017,1,1,Road Accidents,Other,City/Town,Open area,Human Error,No,Fatal,Others,Not at  Junction,Not Applicable,Others,Concrete,Dry,Not Applicable,Fine,BILLAMARANAHALLI,JALAHOBLI,2KM,0.0,0.0
Bengaluru City,Chikkajala Traffic PS,1.04432e+16,2017,1,2,Road Accidents,Cross roads,City/Town,Near Bus stop,Human Error,Yes,Grievous Injury,Others,Police / Manual,Others,Two way,Not Applicable,Dry,Not Applicable,Fine,BAGALURU CROSS MAIN ROAD,4 KM,4 KM,0.0,0.0
Bengaluru City,Chikkajala Traffic PS,1.04432e+16,2017,1,2,Not Applicable,Narrow road,City/Town,Open area,Human Error,No,Simple Injury,Rear end,Give way sign,Curve,NH,Concrete,Dry,Not Applicable,Fine,Kannuru Bagaluru Main Road,Bharath Petrol Bunk,12 KM,0.0,0.0
Bengaluru City,Chikkajala Traffic PS,1.04432e+16,2017,1,1,Not Applicable,Junction,City/Town,Near School or College,Human Error,No,Simple Injury,Others,No signal lights,Curve,City or Town Road,Bitumen(Tar),Dry,Not Applicable,Fine,MVIT,BB ROAD,3 KM,0.0,0.0
Bengaluru City,Chikkajala Traffic PS,1.04432e+16,2017,1,2,Not Applicable,Junction,City/Town,Near Bus stop,Human Error,No,Simple Injury,Side swipe,Controlled,Not Applicable,NH,Bitumen(Tar),Dry,Not Applicable,Fine,BB Road,Near Sadahalli Junction,2 KM,0.0,0.0
Bengaluru City,Chikkajala Traffic PS,1.04432e+16,2017,1,2,Road Accidents,Cross roads,City/Town,Open area,Human Error,Yes,Simple Injury,Not Applicable,Police / Manual,Not Applicable,Not Applicable,Not Applicable,Others,Not Applicable,Fine,NEAR MANYATA PARK,NEAR MANYATA PARK,50 FT,0.0,0.0
Bengaluru City,Chikkajala Traffic PS,1.04432e+16,2017,1,2,Not Applicable,Narrow road,City/Town,Near Petrol Pump,Human Error,No,Simple Injury,Rear end,Uncontrolled,Not Applicable,Others,Bitumen(Tar),Dry,Not Applicable,Fine,Bagaluru to Sathanuru Main Road,Neat Petrol Bunk,6 KM,0.0,0.0
Bengaluru City,Chikkajala Traffic PS,1.04432e+16,2017,1,2,Not Applicable,Curves,City/Town,Open area,Human Error,No,Grievous Injury,Head on,Uncontrolled,Curve,Two way,Bitumen(Tar),Dry,Not Applicable,Fine,Manyatha Tech Park,Pediliti Company,15,0.0,0.0
Bengaluru City,Chikkajala Traffic PS,1.04432e+16,2017,1,2,Road Accidents,Not Applicable,City/Town,Open area,Human Error,Yes,Simple Injury,Not Applicable,No signal lights,Not Applicable,City or Town Road,Not Applicable,Not Applicable,Not Applicable,Fine,"NEAR SRIRAMPUR RAILWAY GATE,",80 fT ROAD,2 KM,0.0,0.0
Bengaluru City,Chikkajala Traffic PS,1.04432e+16,2017,1,2,Road Accidents,Narrow road,City/Town,Open area,Human Error,No,Simple Injury,Rear end,Not Applicable,Not Applicable,NH,Bitumen(Tar),Dry,Not Applicable,Clear,B B ROAD NEAR SADAHALLI TOLL PLAZA,Electric Pole,50 ft,0.0,0.0
Bengaluru City,Chikkajala Traffic PS,1.04432e+16,2017,1,3,Road Accidents,Circle,City/Town,Near Bus stop,Human Error,Not Applicable,Simple Injury,Others,Uncontrolled,Curve,City or Town Road,Not Applicable,Others,Not Applicable,Others,"MVIT College Road, Opp. Kadambari Farm House",MVIT JUNCTION,3KM,0.0,0.0
Bengaluru City,Chikkajala Traffic PS,1.04432e+16,2017,1,2,Road Accidents,Narrow road,City/Town,Near Bus stop,Road Environment Defect,No,Damage Only,Side impact or Right angle,Not Applicable,Not Applicable,One way,Surfaced,Dry,Engineering Defect of Road,Fine,BB Road NH-7 Service Road,TOYOTO SHOW ROOM,4 km,0.0,0.0