DISTRICTNAME,UNITNAME,Crime_No,Year,RI,Noofvehicle_involved,Accident_Classification,Accident_Spot,Accident_Location,Accident_SubLocation,Main_Cause,Hit_Run,Severity,Collision_Type,Junction_Control,Road_Character,Road_Type,Surface_Type,Surface_Condition,Road_Condition,Weather,Accident_Road,Landmark_first,Distance_LandMark_First,Latitude,Longitude
Bengaluru City,Chikkajala Traffic PS,1.04432e+16,2018,1,2,Road Accidents,Other,City/Town,Open area,Human Error,Yes,Damage Only,Hit and Run,Uncontrolled,Others,City or Town Road,Bitumen(Tar),Dry,Not Applicable,Fine,"INFRONT OF SRINIVASA GARDEN SATANURU VILLAGE, BAGALURU MAIN",INFRONT OF SRINIVASA GARDEN SATANURU,8KM,0.0,0.0
Bengaluru City,Chikkajala Traffic PS,1.04432e+16,2018,1,2,Road Accidents,Other,City/Town,Open area,Human Error,No,Damage Only,Others,Uncontrolled,Others,NH,Bitumen(Tar),Dry,Not Applicable,Fine,BB ROAD,NEAR HUNASAMARANAHALLI TANK,12 KM,0.0,0.0
Bengaluru City,Chikkajala Traffic PS,1.04432e+16,2018,1,2,Road Accidents,Narrow road,City/Town,Open area,Human Error,Yes,Simple Injury,Hit and Run,Uncontrolled,Others,City or Town Road,Bitumen(Tar),Dry,Not Applicable,Fine,NAGAWARA HEGGADENAGARA MAIN ROAD,INFRONT OF ESUBU KALYANAMANTAPA,1,0.0,0.0
Bengaluru City,Chikkajala Traffic PS,1.04432e+16,2018,1,1,Road Accidents,Narrow road,Rural Areas,Open area,Human Error,No,Damage Only,Skidding or Self accident,Uncontrolled,Not Applicable,Village Road,Bitumen(Tar),Dry,Not Applicable,Fine,Agrahara Village Road,Near Balaji Layout,6 KM,0.0,0.0
Bengaluru City,Chikkajala Traffic PS,1.04432e+16,2018,1,2,Road Accidents,Narrow road,City/Town,Near office complex,Human Error,Yes,Simple Injury,Hit and Run,Uncontrolled,Others,City or Town Road,Bitumen(Tar),Dry,Not Applicable,Fine,Manyatha Tech Park,Opp N 1 Building,4,0.0,0.0
Bengaluru City,Chikkajala Traffic PS,1.04432e+16,2018,1,1,Road Accidents,Narrow road,Rural Areas,Near office complex,Human Error,No,Simple Injury,Hit pedestrian,Uncontrolled,Not Applicable,Village Road,Bitumen(Tar),Not Applicable,Not Applicable,Fine,TARABARAHALLI MAIN ROAD,NEAR GOLD FINCH HOTEL,18KM,0.0,0.0
Bengaluru City,Chikkajala Traffic PS,1.04432e+16,2018,1,2,Road Accidents,Narrow road,City/Town,Near office complex,Human Error,No,Fatal,Head on,Uncontrolled,Others,City or Town Road,Bitumen(Tar),Dry,Not Applicable,Fine,HEGGADENAGARA 80 FEET ROAD,INFRONT OF  NISARGA MART,1 KM,0.0,0.0
Bengaluru City,Chikkajala Traffic PS,1.04432e+16,2018,1,2,Road Accidents,Not Applicable,City/Town,Open area,Human Error,No,Simple Injury,Rear end,Controlled,Not Applicable,NH,Bitumen(Tar),Dry,Not Applicable,Fine,NH 7,Near Sadahalli Toll,17 KM,0.0,0.0
Bengaluru City,Chikkajala Traffic PS,1.04432e+16,2018,1,2,Road Accidents,Narrow road,City/Town,Open area,Human Error,No,Simple Injury,Rear end,Uncontrolled,Not Applicable,NH,Bitumen(Tar),Others,Not Applicable,Fine,Bhagirini Hotel Hunasamaranahalli,Near Bhagii Hotel,14 KM,0.0,0.0
Bengaluru City,Chikkajala Traffic PS,1.04432e+16,2018,1,2,Road Accidents,Narrow road,City/Town,Near Bus stop,Human Error,No,Grievous Injury,Run Off Road,Uncontrolled,Others,NH,Bitumen(Tar),Dry,Not Applicable,Fine,NH 7,Near Meenukunte Hosuru,15 KM,0.0,0.0
Bengaluru City,Chikkajala Traffic PS,1.04432e+16,2018,1,2,Road Accidents,Railway crossing,City/Town,Open area,Human Error,No,Damage Only,Head on,Uncontrolled,Not Applicable,City or Town Road,Bitumen(Tar),Dry,Not Applicable,Fine,Srirampura 80 Feet Road,Near Telicom Layouta,2 KM,0.0,0.0
Bengaluru City,Chikkajala Traffic PS,1.04432e+16,2018,1,2,Road Accidents,Cross roads,City/Town,Open area,Human Error,No,Simple Injury,Head on,Uncontrolled,Others,NH,Bitumen(Tar),Others,Not Applicable,Fine,BETTAHALASURU CROSS WEST SERVICE ROAD,BETTAHALASURU CROSS WEST SERVICE ROAD,18KM,0.0,0.0
Bengaluru City,Chikkajala Traffic PS,1.04432e+16,2018,1,1,Road Accidents,Narrow road,City/Town,Near Bus stop,Human Error,No,Simple Injury,Hit pedestrian,Uncontrolled,Others,NH,Bitumen(Tar),Dry,Not Applicable,Fine,NH 7 B B Raod,Near Doddajala Bus Stop,16 Km,0.0,0.0
Bengaluru City,Chikkajala Traffic PS,1.04432e+16,2018,1,1,Road Accidents,Cross roads,City/Town,Open area,Human Error,Yes,Grievous Injury,Hit pedestrian,Uncontrolled,Not Applicable,NH,Bitumen(Tar),Not Applicable,Not Applicable,Fine,N H 07,Chikkajala Fly Over,15 KM,0.0,0.0
Bengaluru City,Chikkajala Traffic PS,1.04432e+16,2018,1,2,Road Accidents,Narrow road,City/Town,Near Bus stop,Human Error,No,Grievous Injury,Rear end,Uncontrolled,Others,City or Town Road,Bitumen(Tar),Not Applicable,Not Applicable,Fine,Bagaluru Main Road,Near Sathanuru Village,8 KM,0.0,0.0
Bengaluru City,Chikkajala Traffic PS,1.04432e+16,2018,1,1,Road Accidents,Narrow road,City/Town,Near office complex,Human Error,No,Simple Injury,Hit pedestrian,Uncontrolled,Not Applicable,City or Town Road,Bitumen(Tar),Dry,Not Applicable,Fine,Nagarara Ring Road,Opp Manyatha Tech Park,5 KM,0.0,0.0
Bengaluru City,Chikkajala Traffic PS,1.04432e+16,2018,1,2,Road Accidents,Narrow road,City/Town,Near Petrol Pump,Human Error,No,Fatal,Head on,Uncontrolled,Not Applicable,Others,Bitumen(Tar),Dry,Not Applicable,Fine,Nagavara Ring Road,Infront Of Indian Petrol Bunk,6 Km,0.0,0.0
Bengaluru City,Chikkajala Traffic PS,1.04432e+16,2018,1,2,Road Accidents,Narrow road,City/Town,Residential area,Human Error,No,Simple Injury,Others,Uncontrolled,Not Applicable,City or Town Road,Bitumen(Tar),Dry,Not Applicable,Fine,Heggadenagara Main Road,Infront of Shobha City,1km,0.0,0.0
Bengaluru City,Chikkajala Traffic PS,1.04432e+16,2018,1,2,Road Accidents,Bridge,City/Town,Open area,Human Error,No,Fatal,Rear end,Uncontrolled,Not Applicable,NH,Bitumen(Tar),Dry,Not Applicable,Fine,N H 07,Hunasamaranahalli Up Ramp,10KM,0.0,0.0
Bengaluru City,Chikkajala Traffic PS,1.04432e+16,2018,1,1,Road Accidents,Narrow road,City/Town,Open area,Human Error,Yes,Fatal,Hit and Run,No signal lights,Others,NH,Bitumen(Tar),Dry,Not Applicable,Fine,NH 7,Bharathinagara Cross,13 KM,0.0,0.0
Bengaluru City,Chikkajala Traffic PS,1.04432e+16,2018,1,2,Road Accidents,Narrow road,City/Town,Narrow bridge or culverts,Human Error,No,Damage Only,Rear end,Uncontrolled,Not Applicable,NH,Bitumen(Tar),Dry,Not Applicable,Fine,HUNASAMARANAHALLI ON FLYOVER B B ROAD,HUNASAMARANAHALLI ON FLYOVER B B ROAD,15KM,0.0,0.0
Bengaluru City,Chikkajala Traffic PS,1.04432e+16,2018,1,2,Road Accidents,Other,City/Town,Near a religious place,Human Error,Yes,Simple Injury,Hit and Run,Uncontrolled,Not Applicable,City or Town Road,Bitumen(Tar),Dry,Not Applicable,Fine,Nagavara Ring Road,Near Muneswara Temple,5KM,13.04125,77.61768
Bengaluru City,Chikkajala Traffic PS,1.04432e+16,2018,1,2,Road Accidents,Bridge,City/Town,Open area,Human Error,No,Fatal,Others,Uncontrolled,Others,City or Town Road,Bitumen(Tar),Dry,Not Applicable,Fine,HEBBALA NAGAVARA RING ROAD,NAGAVARA FLY OVER,8 KM,0.0,0.0
Bengaluru City,Chikkajala Traffic PS,1.04432e+16,2018,1,1,Road Accidents,Narrow road,City/Town,Open area,Human Error,No,Simple Injury,Others,Uncontrolled,Not Applicable,NH,Bitumen(Tar),Dry,Not Applicable,Fine,NH 7,Near Kadiganahalli Gate,15 Km,0.0,0.0
Bengaluru City,Chikkajala Traffic PS,1.04432e+16,2018,1,1,Road Accidents,Narrow road,City/Town,Open area,Human Error,No,Simple Injury,Others,Controlled,Others,NH,Bitumen(Tar),Dry,Not Applicable,Fine,B B ROAD,NEAR SHIVAS KOTARI HOTEL,17 KM,0.0,0.0
Bengaluru City,Chikkajala Traffic PS,1.04432e+16,2018,1,2,Road Accidents,Narrow road,City/Town,Near Petrol Pump,Human Error,No,Simple Injury,Others,Uncontrolled,Not Applicable,NH,Bitumen(Tar),Dry,Not Applicable,Fine,NH 7,Hunasamaranahalli Fly Over BB Road,12 KM,0.0,0.0
Bengaluru City,Chikkajala Traffic PS,1.04432e+16,2018,1,1,Road Accidents,Narrow road,City/Town,Open area,Human Error,Yes,Fatal,Hit and Run,Uncontrolled,Others,NH,Bitumen(Tar),Dry,Not Applicable,Fine,B B Road NH 7,Bharathinagara Cross,15 KM,0.0,0.0
Bengaluru City,Chikkajala Traffic PS,1.04432e+16,2018,1,2,Road Accidents,Cross roads,City/Town,Open area,Human Error,No,Simple Injury,Others,Uncontrolled,Not Applicable,Residential Street,Bitumen(Tar),Dry,Not Applicable,Fine,Venkateswara Nagara,Opp Purpal Garden,4Km,0.0,0.0
Bengaluru City,Chikkajala Traffic PS,1.04432e+16,2018,1,2,Road Accidents,Narrow road,City/Town,Open area,Human Error,Yes,Damage Only,Head on,Uncontrolled,Not Applicable,City or Town Road,Bitumen(Tar),Dry,Not Applicable,Fine,Telicom Layout,6 th Cross,4 KM,0.0,0.0
Bengaluru City,Chikkajala Traffic PS,1.04432e+16,2018,1,1,Road Accidents,Narrow road,City/Town,Open area,Human Error,No,Fatal,Hit pedestrian,Not Applicable,Not Applicable,State Highway,Bitumen(Tar),Dry,Not Applicable,Fine,Boodigere Main Road,M Hosahalli Near,16 KM,0.0,0.0
Bengaluru City,Chikkajala Traffic PS,1.04432e+16,2018,1,2,Road Accidents,Other,City/Town,Near office complex,Human Error,Yes,Simple Injury,Hit and Run,Uncontrolled,Not Applicable,Service Road,Bitumen(Tar),Dry,Not Applicable,Fine,INFRONT OF DECATHLAN BB ROAD,INFRONT OF DECATHLAN BB ROAD,18 KM,0.0,0.0
Bengaluru City,Chikkajala Traffic PS,1.04432e+16,2018,1,2,Road Accidents,Cross roads,City/Town,Open area,Human Error,No,Simple Injury,Rear end,Uncontrolled,Others,City or Town Road,Bitumen(Tar),Dry,Not Applicable,Fine,HEGGADENAGARA MAIN ROAD,INFRONT OF SAMPIGEHALLI POLICE STATION,1,0.0,0.0
Bengaluru City,Chikkajala Traffic PS,1.04432e+16,2018,1,2,Road Accidents,Cross roads,City/Town,Open area,Human Error,No,Simple Injury,Hit puchcart,Uncontrolled,Others,Village Road,Bitumen(Tar),Dry,Pot holed,Fine,Rachenahalli Main Road,Infront Of Sri Maruthi Glass & Plywood Store,2 KM,0.0,0.0
Bengaluru City,Chikkajala Traffic PS,1.04432e+16,2018,1,1,Road Accidents,Bridge,City/Town,Open area,Human Error,No,Fatal,Skidding or Self accident,Uncontrolled,Others,NH,Bitumen(Tar),Dry,Not Applicable,Fine,B.B.Road,On Hunasamaranahalli Fly Over,15 KM,0.0,0.0
Bengaluru City,Chikkajala Traffic PS,1.04432e+16,2018,1,2,Road Accidents,Bridge,City/Town,Open area,Human Error,No,Simple Injury,Rear end,Uncontrolled,Others,NH,Bitumen(Tar),Dry,Not Applicable,Fine,B B ROAD,VIDYANAGARA FLY OVER,12,0.0,0.0
Bengaluru City,Chikkajala Traffic PS,1.04432e+16,2018,1,2,Road Accidents,Other,City/Town,Near Bus stop,Human Error,No,Fatal,Others,Uncontrolled,Others,NH,Bitumen(Tar),Dry,Not Applicable,Fine,BB Road,Minukunte Hosur,16 Km,0.0,0.0
Bengaluru City,Chikkajala Traffic PS,1.04432e+16,2018,1,2,Road Accidents,Circle,City/Town,Near School or College,Human Error,No,Simple Injury,Others,Controlled,Others,City or Town Road,Bitumen(Tar),Dry,Not Applicable,Fine,Heggadenagara Circle,Narayanapura Cross,1 Km,0.0,0.0
Bengaluru City,Chikkajala Traffic PS,1.04432e+16,2018,1,2,Road Accidents,Not Applicable,City/Town,Open area,Human Error,No,Simple Injury,Rear end,Uncontrolled,Others,NH,Bitumen(Tar),Dry,Not Applicable,Fine,NH7,Sadahalli Toll Up Ramp,17 Km,0.0,0.0
Bengaluru City,Chikkajala Traffic PS,1.04432e+16,2018,1,2,Road Accidents,Other,City/Town,Near office complex,Human Error,Yes,Simple Injury,Hit and Run,Uncontrolled,Not Applicable,Expressway,Bitumen(Tar),Dry,Not Applicable,Fine,B B Road NH7,Munukunte Hosuru,16 KM,13.185191,77.642459
Bengaluru City,Chikkajala Traffic PS,1.04432e+16,2018,1,1,Road Accidents,Narrow road,City/Town,Open area,Human Error,No,Simple Injury,Rear end,Uncontrolled,Not Applicable,Others,Bitumen(Tar),Not Applicable,Not Applicable,Fine,Beguru Main Road,Near Airport Back Gate,15 KM,0.0,0.0
Bengaluru City,Chikkajala Traffic PS,1.04432e+16,2018,1,2,Road Accidents,Narrow road,City/Town,Near office complex,Human Error,Yes,Fatal,Hit and Run,Uncontrolled,Others,City or Town Road,Bitumen(Tar),Dry,Not Applicable,Fine,Near Maharaja Furniture Heggadenagara Main Road,Near Maharaja Furniture Heggadenagara Main Road,3KM,0.0,0.0
Bengaluru City,Chikkajala Traffic PS,1.04432e+16,2018,1,1,Not Applicable,Narrow road,City/Town,Near office complex,Human Error,Yes,Fatal,Hit and Run,Uncontrolled,Others,NH,Bitumen(Tar),Dry,Not Applicable,Fine,Infront Of Maharaja Furniture BB Road Hunasamaranahalli,Infront Of Maharaja Furniture BB Road Hunasamaranahalli,18 KM,13.13877,77.61756
Bengaluru City,Chikkajala Traffic PS,1.04432e+16,2018,1,2,Road Accidents,Bridge,City/Town,Near Bus stop,Human Error,No,Simple Injury,Rear end,Uncontrolled,Others,City or Town Road,Bitumen(Tar),Dry,Not Applicable,Fine,NEAR BELLAHALLI BRIDGE HEGGADENAGRA MAIN ROAD,NEAR BELLAHALLI BRIDGE HEGGADENAGRA MAIN ROAD,5 KM,0.0,0.0
Bengaluru City,Chikkajala Traffic PS,1.04432e+16,2018,1,2,Road Accidents,Circle,City/Town,Open area,Human Error,Yes,Simple Injury,Hit and Run,Uncontrolled,Others,City or Town Road,Bitumen(Tar),Dry,Not Applicable,Fine,Near Lakshmi Hospital Near Vidyangara Cross BB road,Near Lakshmi Hospital,18 KM,0.0,0.0
Bengaluru City,Chikkajala Traffic PS,1.04432e+16,2018,1,2,Road Accidents,Junction,City/Town,Open area,Human Error,Yes,Simple Injury,Hit and Run,Controlled,Others,NH,Bitumen(Tar),Dry,Not Applicable,Fine,BB Road,Near Sadahalli Singnal,20 Km,0.0,0.0
Bengaluru City,Chikkajala Traffic PS,1.04432e+16,2018,1,1,Road Accidents,Cross roads,City/Town,Open area,Human Error,No,Damage Only,Not Applicable,Uncontrolled,Curve,NH,Bitumen(Tar),Dry,Not Applicable,Fine,NH 7 BB  Road,Shettigere Cross,16 KM,0.0,0.0
Bengaluru City,Chikkajala Traffic PS,1.04432e+16,2018,1,2,Road Accidents,Bridge,City/Town,Open area,Human Error,No,Simple Injury,Rear end,Uncontrolled,Others,NH,Bitumen(Tar),Dry,Not Applicable,Fine,BB Raod,Nea Menukunate Hosur,15 KM,0.0,0.0
Bengaluru City,Chikkajala Traffic PS,1.04432e+16,2018,1,1,Road Accidents,Narrow road,City/Town,Open area,Human Error,No,Simple Injury,Others,Uncontrolled,Not Applicable,Service Road,Bitumen(Tar),Dry,Not Applicable,Fine,Service Road NH 7,Near Chikkajala Bus Stop,17 KM,0.0,0.0
Bengaluru City,Chikkajala Traffic PS,1.04432e+16,2018,1,2,Road Accidents,Circle,City/Town,Near Bus stop,Human Error,No,Simple Injury,Hit bicyclist,Uncontrolled,Not Applicable,City or Town Road,Bitumen(Tar),Others,Not Applicable,Fine,Heggadeangara Main Road,Heggadenagara Circle,1 KM,0.0,0.0
Bengaluru City,Chikkajala Traffic PS,1.04432e+16,2018,1,2,Road Accidents,Junction,City/Town,Near Bus stop,Human Error,No,Damage Only,Head on,Controlled,Others,NH,Bitumen(Tar),Dry,Not Applicable,Fine,NH 7,SADAHALLI JUNCTION,16 KM,0.0,0.0
Bengaluru City,Chikkajala Traffic PS,1.04432e+16,2018,1,2,Road Accidents,Narrow road,City/Town,Open area,Human Error,No,Grievous Injury,Head on,Uncontrolled,Not Applicable,NH,Bitumen(Tar),Dry,Not Applicable,Fine,NH7 Service Road,Near KNS Coutry,18 KM,0.0,0.0
Bengaluru City,Chikkajala Traffic PS,1.04432e+16,2018,1,2,Road Accidents,Narrow road,City/Town,Open area,Human Error,No,Grievous Injury,Vehicle to Vehicle,Uncontrolled,Others,NH,Bitumen(Tar),Dry,Not Applicable,Fine,NH 7,Hunasamaranahlli Fly Over,12 KM,0.0,0.0
Bengaluru City,Chikkajala Traffic PS,1.04432e+16,2018,1,1,Road Accidents,Other,City/Town,Near Bus stop,Human Error,No,Simple Injury,Others,Uncontrolled,Others,NH,Bitumen(Tar),Dry,Not Applicable,Fine,Near Doddajala Bus Stop,Near Doddajala Bus Stop,20 Km,0.0,0.0
Bengaluru City,Chikkajala Traffic PS,1.04432e+16,2018,1,2,Road Accidents,Narrow road,City/Town,Near office complex,Human Error,No,Simple Injury,Others,Uncontrolled,Not Applicable,Village Road,Bitumen(Tar),Dry,Not Applicable,Fine,Venkateswara College Road,Near Rangaswamy Campas,15,0.0,0.0
Bengaluru City,Chikkajala Traffic PS,1.04432e+16,2018,1,2,Road Accidents,Narrow road,Rural Areas,Near School or College,Human Error,Yes,Grievous Injury,Hit and Run,Uncontrolled,Not Applicable,Village Road,Bitumen(Tar),Dry,Not Applicable,Fine,Bagaluru Main Road,Near Cricket Academy,8 Km,0.0,0.0
Bengaluru City,Chikkajala Traffic PS,1.04432e+16,2018,1,2,Road Accidents,Other,Rural Areas,Near Hospital,Human Error,Yes,Simple Injury,Others,Uncontrolled,Not Applicable,Residential Street,Bitumen(Tar),Dry,Not Applicable,Fine,Bagaluru Colony,Near Govt Hospital,6 Km,0.0,0.0
Bengaluru City,Chikkajala Traffic PS,1.04432e+16,2018,1,2,Road Accidents,Narrow road,City/Town,Open area,Human Error,No,Simple Injury,Not Applicable,Uncontrolled,Not Applicable,NH,Bitumen(Tar),Dry,Not Applicable,Fine,NH 7 BB Road,Near Bharthinagara Cross,16 Km,0.0,0.0
Bengaluru City,Chikkajala Traffic PS,1.04432e+16,2018,1,2,Rail Road Accidents,Other,City/Town,Open area,Human Error,No,Simple Injury,Rear end,Uncontrolled,Others,City or Town Road,Bitumen(Tar),Dry,Not Applicable,Fine,NH 7,Toll Plaza Airport Up Ramp,16 KM,0.0,0.0
Bengaluru City,Chikkajala Traffic PS,1.04432e+16,2018,1,2,Road Accidents,Narrow road,City/Town,Near office complex,Human Error,Yes,Simple Injury,Hit and Run,Uncontrolled,Others,State Highway,Bitumen(Tar),Dry,Not Applicable,Fine,Nagawara Ringh Road,Infront Of manyata Tech Park,6 Km,0.0,0.0
Bengaluru City,Chikkajala Traffic PS,1.04432e+16,2018,1,2,Road Accidents,Narrow road,City/Town,Near Bus stop,Human Error,No,Damage Only,Others,Uncontrolled,Others,NH,Bitumen(Tar),Dry,Not Applicable,Fine,B B Road NH7,Near Sadahalli Junction,17 KM,0.0,0.0
Bengaluru City,Chikkajala Traffic PS,1.04432e+16,2018,1,2,Road Accidents,Narrow road,City/Town,Near School or College,Human Error,No,Damage Only,Overturning,Uncontrolled,Curve,Two way,Bitumen(Tar),Dry,Not Applicable,Fine,Rajanukunte Main Road,Near M V I T Collage,16 Km,0.0,0.0
Bengaluru City,Chikkajala Traffic PS,1.04432e+16,2018,1,1,Road Accidents,Narrow road,City/Town,Open area,Human Error,Yes,Simple Injury,Hit and Run,Uncontrolled,Not Applicable,NH,Bitumen(Tar),Not Applicable,Not Applicable,Fine,NH7,Sadahalli Toll,17 KM,0.0,0.0
Bengaluru City,Chikkajala Traffic PS,1.04432e+16,2018,1,2,Road Accidents,Junction,City/Town,Open area,Human Error,No,Grievous Injury,Others,Uncontrolled,Not Applicable,City or Town Road,Bitumen(Tar),Dry,Not Applicable,Dust Storn,Nagawara Ring Road,Veerannana Palya,6 KM,0.0,0.0
Bengaluru City,Chikkajala Traffic PS,1.04432e+16,2018,1,2,Road Accidents,Narrow road,City/Town,Open area,Human Error,No,Grievous Injury,Hit bicyclist,Uncontrolled,Not Applicable,Village Road,Bitumen(Tar),Dry,Not Applicable,Fine,Mylanahalli Main Road,Mylanahalli Village Road,14 KM,0.0,0.0
Bengaluru City,Chikkajala Traffic PS,1.04432e+16,2018,1,2,Road Accidents,Narrow road,City/Town,Open area,Human Error,No,Grievous Injury,Overturning,Uncontrolled,Not Applicable,City or Town Road,Bitumen(Tar),Dry,Not Applicable,Fine,In Between Mitaganahalli Bellahalli Bridge Road,In Between Mitaganahalli Bellahalli Bridge Road,4 KM,0.0,0.0
Bengaluru City,Chikkajala Traffic PS,1.04432e+16,2018,1,2,Road Accidents,Narrow road,City/Town,Open area,Human Error,No,Grievous Injury,Others,Uncontrolled,Not Applicable,Expressway,Bitumen(Tar),Dry,Not Applicable,Fine,BB Road,Opp Reliance Petrol Buk,15 KM,0.0,0.0
Bengaluru City,Chikkajala Traffic PS,1.04432e+16,2018,1,2,Road Accidents,Narrow road,City/Town,Near Bus stop,Human Error,Yes,Damage Only,Hit and Run,Controlled,Others,NH,Bitumen(Tar),Dry,Not Applicable,Fine,NH7,Near Sadahalli Gate,15 KM,0.0,0.0
Bengaluru City,Chikkajala Traffic PS,1.04432e+16,2018,1,1,Road Accidents,Other,City/Town,Open area,Human Error,Yes,Simple Injury,Others,Uncontrolled,Others,City or Town Road,Bitumen(Tar),Dry,Not Applicable,Fine,Vinayakanagara Bagaluru Main Raod Ble,Vinayakanagara Bagaluru Main Raod Ble,12 KM,0.0,0.0
Bengaluru City,Chikkajala Traffic PS,1.04432e+16,2018,1,2,Road Accidents,Narrow road,City/Town,Open area,Human Error,Yes,Fatal,Hit and Run,Uncontrolled,Not Applicable,City or Town Road,Bitumen(Tar),Dry,Not Applicable,Fine,"NEAR CHIKKANAHALLI VILLAGE, MYLANAHALLI -CHIKKAJALA MAIN ROAD,",NEAR CHIKKANAHALLI,19KM,0.0,0.0
Bengaluru City,Chikkajala Traffic PS,1.04432e+16,2018,1,2,Road Accidents,Other,City/Town,Open area,Human Error,Yes,Fatal,Hit and Run,Uncontrolled,Not Applicable,City or Town Road,Bitumen(Tar),Dry,Not Applicable,Fine,NAGAVARA RING ROAD,INFRONT OF B E L CORPET OFFICE,5 KM,0.0,0.0
Bengaluru City,Chikkajala Traffic PS,1.04432e+16,2018,1,1,Road Accidents,Narrow road,City/Town,Open area,Human Error,Yes,Simple Injury,Hit and Run,Uncontrolled,Not Applicable,Village Road,Bitumen(Tar),Dry,Not Applicable,Fine,DODDAJALA VILLAGE ROAD,INFRONT OF MAREGOWDA HOUSE,16,0.0,0.0
Bengaluru City,Chikkajala Traffic PS,1.04432e+16,2018,1,2,Road Accidents,Narrow road,City/Town,Open area,Human Error,Yes,Damage Only,Hit and Run,Controlled,Others,NH,Bitumen(Tar),Dry,Not Applicable,Fine,NH 7,Near Sadahalli Gate,15 K M,0.0,0.0
Bengaluru City,Chikkajala Traffic PS,1.04432e+16,2018,1,1,Road Accidents,Narrow road,City/Town,Open area,Human Error,Yes,Fatal,Hit and Run,Uncontrolled,Others,NH,Bitumen(Tar),Dry,Not Applicable,Fine,N H 7,INFRONT OF SRI SAI STEEL,15,0.0,0.0
Bengaluru City,Chikkajala Traffic PS,1.04432e+16,2018,1,2,Road Accidents,Junction,City/Town,Near Bus stop,Human Error,No,Simple Injury,Head on,Controlled,Others,NH,Bitumen(Tar),Dry,Not Applicable,Fine,NH7,Sadahalli Junction,16KM,0.0,0.0
Bengaluru City,Chikkajala Traffic PS,1.04432e+16,2018,1,2,Road Accidents,Circle,City/Town,Open area,Human Error,Yes,Fatal,Hit and Run,Controlled,Not Applicable,NH,Bitumen(Tar),Dry,Not Applicable,Fine,NH 7 B B Road,Sadahalli Sgnal,16 KM,0.0,0.0
Bengaluru City,Chikkajala Traffic PS,1.04432e+16,2018,1,2,Road Accidents,Narrow road,Rural Areas,Near or inside a village,Human Error,No,Grievous Injury,Rear end,Uncontrolled,Others,Village Road,Bitumen(Tar),Others,Not Applicable,Fine,"Rajanukunte Road,",Near Suggatta and Ganganagara,14 KM,0.0,0.0
Bengaluru City,Chikkajala Traffic PS,1.04432e+16,2018,1,1,Road Accidents,Cross roads,City/Town,Open area,Human Error,Yes,Fatal,Hit and Run,Uncontrolled,Others,NH,Bitumen(Tar),Dry,Not Applicable,Fine,Infront Of C R S Way Bridge Near Chikkajala,Infront Of C R S Way Bridge Near Chikkajala,25 KM,0.0,0.0
Bengaluru City,Chikkajala Traffic PS,1.04432e+16,2018,1,2,Road Accidents,Junction,City/Town,Near office complex,Human Error,No,Simple Injury,Hit bicyclist,Uncontrolled,Not Applicable,Others,Bitumen(Tar),Dry,Not Applicable,Fine,In Front Of Manyatha Gate-2 Nagavara Main Road,Manyatha gate,6 KM,0.0,0.0
Bengaluru City,Chikkajala Traffic PS,1.04432e+16,2018,1,2,Road Accidents,Narrow road,City/Town,Open area,Human Error,No,Simple Injury,Others,Uncontrolled,Not Applicable,City or Town Road,Bitumen(Tar),Dry,Not Applicable,Fine,IN FRONT OF REGAL HOSPITAL HEGGADENAGARA MAIN ROAD BLR,IN FRONT OF REGAL HOSPITAL HEGGADENAGARA MAIN ROAD BLR,2 KM,0.0,0.0
Bengaluru City,Chikkajala Traffic PS,1.04432e+16,2018,1,1,Road Accidents,Cross roads,City/Town,Open area,Human Error,Yes,Simple Injury,Hit and Run,Uncontrolled,Others,Expressway,Bitumen(Tar),Dry,Not Applicable,Fine,NEAR BETTAHALASURU CROSS B B ROAD,NEAR BETTAHALASURU CROSS B B ROAD,18KM,0.0,0.0
Bengaluru City,Chikkajala Traffic PS,1.04432e+16,2018,1,2,Road Accidents,Narrow road,City/Town,Open area,Human Error,Yes,Fatal,Hit and Run,Controlled,Others,City or Town Road,Bitumen(Tar),Dry,Not Applicable,Fine,BOODIGERE MAIN ROAD,NEAR ACHUTHA COLLEGE,20 KM,0.0,0.0
Bengaluru City,Chikkajala Traffic PS,1.04432e+16,2018,1,2,Road Accidents,Narrow road,City/Town,Open area,Human Error,No,Simple Injury,Others,Uncontrolled,Others,NH,Bitumen(Tar),Dry,Not Applicable,Fine,B B Road,Infront Of Decathalan,15 Km,0.0,0.0
Bengaluru City,Chikkajala Traffic PS,1.04432e+16,2018,1,1,Road Accidents,Narrow road,City/Town,Open area,Human Error,Yes,Fatal,Hit and Run,Uncontrolled,Not Applicable,NH,Bitumen(Tar),Dry,Not Applicable,Fine,NH 7 B B Road,Bettahalasuru Cross,16 KM,0.0,0.0
Bengaluru City,Chikkajala Traffic PS,1.04432e+16,2018,1,2,Road Accidents,Narrow road,City/Town,Near School or College,Human Error,No,Grievous Injury,Others,Uncontrolled,Others,Two way,Bitumen(Tar),Dry,Not Applicable,Fine,Reva COllage Road,Near Reva College Back Gate Reva,4 KM,0.0,0.0
Bengaluru City,Chikkajala Traffic PS,1.04432e+16,2018,1,2,Road Accidents,Narrow road,City/Town,Near office complex,Human Error,Yes,Fatal,Hit and Run,Uncontrolled,Not Applicable,City or Town Road,Bitumen(Tar),Dry,Not Applicable,Fine,Ramagiri Road,Infront Of Padukone Sports Club,16 KM,0.0,0.0
Bengaluru City,Chikkajala Traffic PS,1.04432e+16,2018,1,2,Road Accidents,Narrow road,City/Town,Open area,Human Error,No,Grievous Injury,Vehicle to Vehicle,Uncontrolled,Not Applicable,Two way,Bitumen(Tar),Dry,Not Applicable,Fine,Agrahara Layout Road,Near Agrahara Lake,5 KM,0.0,0.0
Bengaluru City,Chikkajala Traffic PS,1.04432e+16,2018,1,2,Road Accidents,Junction,City/Town,Open area,Human Error,No,Fatal,Vehicle to Vehicle,Uncontrolled,Others,NH,Bitumen(Tar),Dry,Not Applicable,Fine,NH 7 B BROAD,SADAHALLI JUNCTION,18 KM,0.0,0.0
Bengaluru City,Chikkajala Traffic PS,1.04432e+16,2018,1,1,Road Accidents,Narrow road,City/Town,Open area,Human Error,No,Fatal,Others,Uncontrolled,Others,NH,Bitumen(Tar),Not Applicable,Not Applicable,Fine,NH 7,OPP TOYOTO SOW ROOM,18 KM,0.0,0.0
Bengaluru City,Chikkajala Traffic PS,1.04432e+16,2018,1,2,Road Accidents,Cross roads,City/Town,Near Hospital,Human Error,No,Simple Injury,Head on,Uncontrolled,Not Applicable,State Highway,Bitumen(Tar),Dry,Not Applicable,Fine,Heggadenagara Main Road,Near Regal Hospital,3KM,0.0,0.0