DISTRICTNAME,UNITNAME,Crime_No,Year,RI,Noofvehicle_involved,Accident_Classification,Accident_Spot,Accident_Location,Accident_SubLocation,Main_Cause,Hit_Run,Severity,Collision_Type,Junction_Control,Road_Character,Road_Type,Surface_Type,Surface_Condition,Road_Condition,Weather,Accident_Road,Landmark_first,Distance_LandMark_First,Latitude,Longitude
Bengaluru City,Chikkajala Traffic PS,1.04432e+16,2018,1,1,Road Accidents,Other,City/Town,Near School or College,Human Error,Yes,Fatal,Hit pedestrian,Uncontrolled,Others,Village Road,Bitumen(Tar),Dry,Not Applicable,Fine,In Front Of Govt School Agrahara Village,In Front Of Govt School Agrahara Village,8KM,0.0,0.0
Bengaluru City,Chikkajala Traffic PS,1.04432e+16,2018,1,2,Road Accidents,Circle,City/Town,Open area,Human Error,Yes,Simple Injury,Others,Uncontrolled,Others,Village Road,Bitumen(Tar),Dry,Not Applicable,Fine,Tirumenahalli Croos Near Haj Bhavan,Tirumenahalli Croos Near Haj Bhavan,4 KM,0.0,0.0
Bengaluru City,Chikkajala Traffic PS,1.04432e+16,2018,1,1,Road Accidents,Offset,City/Town,Near School or College,Human Error,Yes,Fatal,Skidding or Self accident,Uncontrolled,Hump,Two way,Bitumen(Tar),Dry,Not Applicable,Fine,J M J Sneha Childran Home Coumpound,J M J Sneha Childran Home Coumpound,8 KM,0.0,0.0
Bengaluru City,Chikkajala Traffic PS,1.04432e+16,2018,1,1,Road Accidents,Narrow road,City/Town,Open area,Human Error,No,Simple Injury,Skidding or Self accident,Uncontrolled,Not Applicable,NH,Bitumen(Tar),Dry,Not Applicable,Fine,BB ROAD NH7,NEAR BHARATHINAGARA CROSS,12  KM,0.0,0.0
Bengaluru City,Chikkajala Traffic PS,1.04432e+16,2018,1,2,Road Accidents,Narrow road,Rural Areas,Open area,Human Error,Yes,Simple Injury,Hit and Run,Uncontrolled,Others,Village Road,Bitumen(Tar),Dry,Not Applicable,Others,BB Road,Infront Of Decathlan,15 KM,0.0,0.0
Bengaluru City,Chikkajala Traffic PS,1.04432e+16,2018,1,2,Road Accidents,Cross roads,City/Town,Near Hospital,Human Error,Yes,Fatal,Hit and Run,Uncontrolled,Curve,City or Town Road,Bitumen(Tar),Dry,Not Applicable,Fine,HeggadeNagara Main Road,Near Regal Hospital,2Km,0.0,0.0
Bengaluru City,Chikkajala Traffic PS,1.04432e+16,2018,1,2,Road Accidents,Narrow road,Rural Areas,Open area,Human Error,Yes,Simple Injury,Hit and Run,Uncontrolled,Not Applicable,Village Road,Bitumen(Tar),Dry,Not Applicable,Fine,Bagaluru Main Road,Opp Rmc Concret  Office,8 Km,0.0,0.0
Bengaluru City,Chikkajala Traffic PS,1.04432e+16,2018,1,1,Road Accidents,Cross roads,City/Town,At pedestrian Crossing,Human Error,Yes,Fatal,Hit pedestrian,Not at  Junction,Others,NH,Bitumen(Tar),Dry,Not Applicable,Fine,In Front Of A2B Hotel BB Road,In Front Of A2B Hotel BB Road,20 KM,0.0,0.0
Bengaluru City,Chikkajala Traffic PS,1.04432e+16,2018,1,1,Road Accidents,Narrow road,City/Town,Open area,Human Error,Yes,Simple Injury,Hit and Run,Police / Manual,Curve,NH,Bitumen(Tar),Dry,Not Applicable,Fine,BB Road,Near Amulya Bar,19 KM,0.0,0.0
Bengaluru City,Chikkajala Traffic PS,1.04432e+16,2018,1,3,Road Accidents,Circle,City/Town,Open area,Human Error,No,Damage Only,Rear end,Controlled,Others,NH,Bitumen(Tar),Dry,Not Applicable,Fine,NH 7 BB Raod,Sadahalli Junction,16 Km,0.0,0.0
Bengaluru City,Chikkajala Traffic PS,1.04432e+16,2018,1,2,Road Accidents,Narrow road,City/Town,Open area,Human Error,No,Simple Injury,Side impact or Right angle,Uncontrolled,Not Applicable,Village Road,Bitumen(Tar),Dry,Not Applicable,Fine,MVIT Road To Rajanukunte Road,Near Indian Petrol Bunk,12 KM,0.0,0.0
Bengaluru City,Chikkajala Traffic PS,1.04432e+16,2018,1,2,Road Accidents,Narrow road,Rural Areas,Open area,Human Error,Yes,Simple Injury,Hit and Run,Uncontrolled,Not Applicable,City or Town Road,Bitumen(Tar),Dry,Not Applicable,Fine,Baluru Main Raod,Near Brundhavan Collage,6 Km,0.0,0.0
Bengaluru City,Chikkajala Traffic PS,1.04432e+16,2018,1,1,Road Accidents,Circle,City/Town,Open area,Human Error,Yes,Simple Injury,Hit and Run,Controlled,Not Applicable,NH,Bitumen(Tar),Dry,Not Applicable,Fine,BB Road NH7,Sadahalli Junction,16 KM,0.0,0.0
Bengaluru City,Chikkajala Traffic PS,1.04432e+16,2018,1,1,Road Accidents,Narrow road,Not Applicable,Near office complex,Human Error,No,Fatal,Skidding or Self accident,Uncontrolled,Not Applicable,NH,Bitumen(Tar),Dry,Not Applicable,Fine,BB Road NH7,Infront Of Toyoto,15 KM,0.0,0.0
Bengaluru City,Chikkajala Traffic PS,1.04432e+16,2018,1,2,Road Accidents,Narrow road,City/Town,Open area,Human Error,No,Simple Injury,Others,Uncontrolled,Others,NH,Bitumen(Tar),Dry,Not Applicable,Fine,BB Road NH 7,Near Toll,16 KM,0.0,0.0
Bengaluru City,Chikkajala Traffic PS,1.04432e+16,2018,1,2,Road Accidents,Narrow road,Villages settlement,Open area,Human Error,No,Simple Injury,Head on,Uncontrolled,Not Applicable,Village Road,Bitumen(Tar),Not Applicable,Not Applicable,Fine,Rajaq Palya Vidyangara Main Road,Near Akkayyamma Hils,16 KM,0.0,0.0
Bengaluru City,Chikkajala Traffic PS,1.04432e+16,2018,1,2,Road Accidents,Junction,City/Town,Open area,Human Error,No,Grievous Injury,Overturning,Signal lights Automatic,Not Applicable,NH,Bitumen(Tar),Not Applicable,Not Applicable,Fine,NH 7,Sadahalli Junction,15 KM,0.0,0.0
Bengaluru City,Chikkajala Traffic PS,1.04432e+16,2018,1,2,Road Accidents,Narrow road,City/Town,Open area,Human Error,No,Damage Only,Head on,Uncontrolled,Others,City or Town Road,Bitumen(Tar),Others,Not Applicable,Fine,Heggadenagara Main Road,Near Regal Hospital,2 KM,0.0,0.0
Bengaluru City,Chikkajala Traffic PS,1.04432e+16,2018,1,1,Road Accidents,Narrow road,City/Town,Near or inside a village,Human Error,No,Grievous Injury,Head on,Uncontrolled,Not Applicable,State Highway,Bitumen(Tar),Not Applicable,Not Applicable,Fine,Maranehalli Road,Near Anjinappa House,10 KM,0.0,0.0
Bengaluru City,Chikkajala Traffic PS,1.04432e+16,2018,1,2,Road Accidents,Other,City/Town,Open area,Human Error,No,Simple Injury,Others,Uncontrolled,Others,City or Town Road,Bitumen(Tar),Dry,Not Applicable,Fine,Railway Paralal Road Rachenahalli Srirampura Road,Railway Paralal Road Rachenahalli Srirampura Road,3 KM,0.0,0.0
Bengaluru City,Chikkajala Traffic PS,1.04432e+16,2018,1,2,Road Accidents,Other,City/Town,Open area,Human Error,Not Applicable,Damage Only,Others,Uncontrolled,Others,City or Town Road,Bitumen(Tar),Dry,Not Applicable,Fine,Near Srirampura Railway Gate,Near Srirampura Railway Gate,4KM,0.0,0.0
Bengaluru City,Chikkajala Traffic PS,1.04432e+16,2018,1,2,Road Accidents,Narrow road,City/Town,Open area,Human Error,No,Grievous Injury,Head on,Uncontrolled,Others,State Highway,Bitumen(Tar),Dry,Pot holed,Fine,Bellahalli Bridge Road,Near Nilagiri Topu,6 KM,0.0,0.0
Bengaluru City,Chikkajala Traffic PS,1.04432e+16,2018,1,1,Road Accidents,Narrow road,City/Town,Open area,Human Error,No,Fatal,Not Applicable,Uncontrolled,Others,Village Road,Bitumen(Tar),Dry,Not Applicable,Fine,Bagaluru Main Road,Near YasaSvini School,8 KM,0.0,0.0
Bengaluru City,Chikkajala Traffic PS,1.04432e+16,2018,1,2,Road Accidents,Narrow road,City/Town,Open area,Human Error,No,Damage Only,Others,Uncontrolled,Hump,NH,Bitumen(Tar),Dry,Not Applicable,Fine,BB Road,Near Hunasamaranahalli,15 Km,0.0,0.0
Bengaluru City,Chikkajala Traffic PS,1.04432e+16,2018,1,2,Road Accidents,Narrow road,City/Town,Residential area,Human Error,No,Simple Injury,Hit bicyclist,Uncontrolled,Others,Village Road,Bitumen(Tar),Dry,Not Applicable,Fine,"Infront Of Anjinappa House,",Marenahalli Village,7 KM,0.0,0.0
Bengaluru City,Chikkajala Traffic PS,1.04432e+16,2018,1,2,Road Accidents,Narrow road,City/Town,Near Bus stop,Human Error,No,Simple Injury,Others,Uncontrolled,Others,NH,Bitumen(Tar),Dry,Not Applicable,Fine,B B Road N H 7,In Front Of Toyoto,15 KM,0.0,0.0
Bengaluru City,Chikkajala Traffic PS,1.04432e+16,2018,1,2,Road Accidents,Narrow road,City/Town,Open area,Human Error,No,Fatal,Rear end,Uncontrolled,Not Applicable,City or Town Road,Bitumen(Tar),Dry,Not Applicable,Fine,THANISANDRA MAIN ROAD,INFRONT OF KRISHNA STEEL,1KM,0.0,0.0
Bengaluru City,Chikkajala Traffic PS,1.04432e+16,2018,1,2,Road Accidents,Other,City/Town,Open area,Human Error,Yes,Fatal,Hit and Run,Uncontrolled,Not Applicable,Others,Bitumen(Tar),Dry,Not Applicable,Fine,Kanuru Main Road,Kannur Main Road,10 KM,0.0,0.0
Bengaluru City,Chikkajala Traffic PS,1.04432e+16,2019,1,2,Road Accidents,Cross roads,City/Town,Open area,Human Error,Yes,Grievous Injury,Hit and Run,Uncontrolled,Others,City or Town Road,Bitumen(Tar),Dry,Not Applicable,Fine,Heggadenagara Main Road,Agrahara Layout,2KM,0.0,0.0
Bengaluru City,Chikkajala Traffic PS,1.04432e+16,2019,1,1,Road Accidents,Circle,City/Town,Open area,Human Error,No,Damage Only,Skidding or Self accident,Uncontrolled,Others,State Highway,Bitumen(Tar),Dry,Not Applicable,Fine,Bagaluru Main Road,Near Tavakal Masid,07 KM,0.0,0.0
Bengaluru City,Chikkajala Traffic PS,1.04432e+16,2019,1,1,Road Accidents,Junction,City/Town,Near Bus stop,Human Error,Yes,Grievous Injury,Hit pedestrian,Controlled,Not Applicable,NH,Bitumen(Tar),Dry,Not Applicable,Fine,B B Road,Sadahalli Junction,15 KM,0.0,0.0
Bengaluru City,Chikkajala Traffic PS,1.04432e+16,2019,1,2,Road Accidents,Narrow road,Villages settlement,Open area,Human Error,Yes,Simple Injury,Hit and Run,Uncontrolled,Not Applicable,Village Road,Bitumen(Tar),Dry,Not Applicable,Fine,Beguru Main Road,Near Shettige Village,18 KM,0.0,0.0
Bengaluru City,Chikkajala Traffic PS,1.04432e+16,2019,1,1,Road Accidents,Narrow road,City/Town,Open area,Human Error,No,Fatal,Hit and Run,Uncontrolled,Not Applicable,State Highway,Bitumen(Tar),Dry,Not Applicable,Fine,Mylanahalli Main Road,Near Anjaneya Temple,12KM,0.0,0.0
Bengaluru City,Chikkajala Traffic PS,1.04432e+16,2019,1,3,Road Accidents,Circle,City/Town,Open area,Human Error,No,Grievous Injury,Rear end,Controlled,Not Applicable,NH,Bitumen(Tar),Dry,Not Applicable,Fine,B B Road NH 7,Near Sadahalli Gate,12 KM,0.0,0.0
Bengaluru City,Chikkajala Traffic PS,1.04432e+16,2019,1,2,Road Accidents,Narrow road,Rural Areas,Open area,Human Error,No,Fatal,Vehicle to Vehicle,Uncontrolled,Others,Others,Bitumen(Tar),Dry,Not Applicable,Fine,Barathinagara Cross,Near Garage Barathinagara Road,12 KM,0.0,0.0
Bengaluru City,Chikkajala Traffic PS,1.04432e+16,2019,1,2,Road Accidents,Narrow road,City/Town,Open area,Human Error,No,Grievous Injury,Vehicle to Vehicle,Uncontrolled,Others,NH,Bitumen(Tar),Dry,Not Applicable,Fine,"near toyota showroom bb road hunasamaranahalli, bangalore, Bengaluru City,",near toyota showroom bb road,13 km,0.0,0.0
Bengaluru City,Chikkajala Traffic PS,1.04432e+16,2019,1,2,Road Accidents,Narrow road,Rural Areas,Near School or College,Human Error,Yes,Simple Injury,Vehicle to Vehicle,Uncontrolled,Not Applicable,Service Road,Bitumen(Tar),Dry,Not Applicable,Fine,NH SERVICE ROAD,INFRONT GOV SCHOOL,15 KM,0.0,0.0
Bengaluru City,Chikkajala Traffic PS,1.04432e+16,2019,1,2,Road Accidents,Not Applicable,City/Town,Residential area,Human Error,Yes,Grievous Injury,Vehicle to Vehicle,Not Applicable,Others,Not Applicable,Bitumen(Tar),Others,Not Applicable,Fine,Near Party Hall  Hunasamaranahalli,Sugatta Road  Bengaluru City,12 km,0.0,0.0
Bengaluru City,Chikkajala Traffic PS,1.04432e+16,2019,1,1,Road Accidents,Narrow road,City/Town,Open area,Human Error,No,Grievous Injury,Rear end,Uncontrolled,Others,NH,Bitumen(Tar),Not Applicable,Not Applicable,Fine,B B Road,Near M V I T,16 Km,0.0,0.0
Bengaluru City,Chikkajala Traffic PS,1.04432e+16,2019,1,2,Road Accidents,Bridge,City/Town,Narrow bridge or culverts,Human Error,No,Grievous Injury,Not Applicable,Uncontrolled,Others,NH,Bitumen(Tar),Dry,Not Applicable,Fine,BB ROAD NH 7,CHIKKAJALA FLY OVER,15 KM,0.0,0.0
Bengaluru City,Chikkajala Traffic PS,1.04432e+16,2019,1,2,Road Accidents,Narrow road,City/Town,Open area,Human Error,No,Grievous Injury,Head on,Uncontrolled,Others,Two way,Bitumen(Tar),Dry,Not Applicable,Fine,Budigere Main Road,Near Bagaluru Police Station,8 Km,0.0,0.0
Bengaluru City,Chikkajala Traffic PS,1.04432e+16,2019,1,2,Road Accidents,Bridge,City/Town,Open area,Human Error,Yes,Damage Only,Rear end,Uncontrolled,Not Applicable,City or Town Road,Bitumen(Tar),Dry,Not Applicable,Fine,Nagawara Outer Ring Road,Near Manyata Up ramp,4 KM,0.0,0.0
Bengaluru City,Chikkajala Traffic PS,1.04432e+16,2019,1,1,Road Accidents,Narrow road,City/Town,Open area,Human Error,No,Fatal,Hit bicyclist,Uncontrolled,Others,NH,Bitumen(Tar),Dry,Not Applicable,Fine,B B Road,Near ITC Factory,16 KM,0.0,0.0
Bengaluru City,Chikkajala Traffic PS,1.04432e+16,2019,1,2,Road Accidents,Cross roads,City/Town,Open area,Human Error,Yes,Damage Only,Hit and Run,Uncontrolled,Others,NH,Bitumen(Tar),Others,Not Applicable,Fine,NH 7 SERVICE ROAD,VIDYANGARA CROSS,12 KM,0.0,0.0
Bengaluru City,Chikkajala Traffic PS,1.04432e+16,2019,1,2,Road Accidents,Curves,City/Town,Open area,Human Error,No,Simple Injury,Vehicle to Vehicle,Uncontrolled,Not Applicable,Service Road,Bitumen(Tar),Dry,Not Applicable,Fine,B B ROAD NH7,NEAR NRV HOSPITAL,16 KM,0.0,0.0
Bengaluru City,Chikkajala Traffic PS,1.04432e+16,2019,1,2,Road Accidents,Narrow road,Rural Areas,Open area,Human Error,Yes,Grievous Injury,Vehicle to Vehicle,Uncontrolled,Not Applicable,State Highway,Bitumen(Tar),Dry,Not Applicable,Fine,SATHANURU LALAHANKA ROAD,BAGALURU MAIN ROAD,8 KM,0.0,0.0
Bengaluru City,Chikkajala Traffic PS,1.04432e+16,2019,1,2,Road Accidents,Junction,City/Town,Open area,Human Error,No,Fatal,Vehicle to Vehicle,Controlled,Others,NH,Bitumen(Tar),Not Applicable,Not Applicable,Fine,Near Sadahalli Janction,Opp Muc Donald,16 Km,0.0,0.0
Bengaluru City,Chikkajala Traffic PS,1.04432e+16,2019,1,4,Road Accidents,Narrow road,City/Town,Open area,Human Error,No,Simple Injury,Vehicle to Vehicle,Uncontrolled,Others,NH,Bitumen(Tar),Others,Not Applicable,Fine,"NEAR KOTE CROS,CHIKKAJALA, NH-7,BB ROAD,, Bengaluru City, Karnataka",NEAR KOTE CROS,18 km,0.0,0.0
Bengaluru City,Chikkajala Traffic PS,1.04432e+16,2019,1,2,Road Accidents,Junction,City/Town,Open area,Human Error,Yes,Simple Injury,Vehicle to Vehicle,Controlled,Others,NH,Bitumen(Tar),Dry,Not Applicable,Fine,"NEAR SADAHALLI GATE SIGNAL,, NH-7,BB ROAD,, Bengaluru City, Karnataka,",NEAR SADAHALLI GATE SIGNAL,16km,0.0,0.0
Bengaluru City,Chikkajala Traffic PS,1.04432e+16,2019,1,2,Road Accidents,Narrow road,City/Town,Open area,Human Error,Yes,Simple Injury,Vehicle to Vehicle,Uncontrolled,Others,State Highway,Bitumen(Tar),Others,Not Applicable,Fine,NEAR KOSHISH COLLAGE  BAGALURU MAIN ROAD,NEAR KOSHISH COLLAGE  BAGALURU MAIN ROAD,6 km,0.0,0.0
Bengaluru City,Chikkajala Traffic PS,1.04432e+16,2019,1,2,Road Accidents,Not Applicable,Rural Areas,Open area,Human Error,Yes,Grievous Injury,Vehicle to Vehicle,Uncontrolled,Others,NH,Bitumen(Tar),Dry,Not Applicable,Fine,ON HUNASAMARANAHALI FLY OVER,B B ROAD,12 KM,0.0,0.0
Bengaluru City,Chikkajala Traffic PS,1.04432e+16,2019,1,1,Road Accidents,Narrow road,City/Town,Open area,Human Error,No,Grievous Injury,Rear end,Uncontrolled,Others,NH,Bitumen(Tar),Dry,Not Applicable,Fine,B B Road-,Near Shivashakti Hotel,17 KM,0.0,0.0
Bengaluru City,Chikkajala Traffic PS,1.04432e+16,2019,1,2,Road Accidents,Railway crossing,City/Town,Open area,Human Error,No,Damage Only,Rear end,Uncontrolled,Not Applicable,Village Road,Bitumen(Tar),Dry,Not Applicable,Fine,doddajala Railway Gate,doddajala,17 KM,0.0,0.0
Bengaluru City,Chikkajala Traffic PS,1.04432e+16,2019,1,1,Not Applicable,Narrow road,Rural Areas,Near Bus stop,Human Error,No,Grievous Injury,Hit pedestrian,Uncontrolled,Others,Village Road,Bitumen(Tar),Dry,Not Applicable,Fine,Kannuru Main Road,Kannuru Village,13km,0.0,0.0
Bengaluru City,Chikkajala Traffic PS,1.04432e+16,2019,1,2,Road Accidents,Narrow road,City/Town,Near office complex,Human Error,No,Grievous Injury,Vehicle to Vehicle,Uncontrolled,Not Applicable,NH,Bitumen(Tar),Dry,Not Applicable,Fine,BB ROAD NH 7,BITWEEN HUNASAMARANAHALLI UPRAMP AND AIRFORCE,12,0.0,0.0
Bengaluru City,Chikkajala Traffic PS,1.04432e+16,2019,1,1,Road Accidents,Narrow road,City/Town,Near Bus stop,Human Error,Yes,Grievous Injury,Hit and Run,Uncontrolled,Others,NH,Bitumen(Tar),Dry,Not Applicable,Fine,N H7,Hunasamaranahalli Bus Stop,12 KM,0.0,0.0
Bengaluru City,Chikkajala Traffic PS,1.04432e+16,2019,1,1,Road Accidents,Narrow road,City/Town,Near office complex,Human Error,No,Grievous Injury,Not Applicable,Uncontrolled,Not Applicable,State Highway,Bitumen(Tar),Dry,Not Applicable,Fine,Nagawara Ring Road,Nagara Fly Over,5 KM,0.0,0.0
Bengaluru City,Chikkajala Traffic PS,1.04432e+16,2019,1,3,Road Accidents,Narrow road,City/Town,Open area,Human Error,Yes,Fatal,Rear end,Uncontrolled,Others,Service Road,Bitumen(Tar),Dry,Not Applicable,Fine,B B Road Service Road,Near Mahaveer Apt,10 KM,0.0,0.0
Bengaluru City,Chikkajala Traffic PS,1.04432e+16,2019,1,2,Road Accidents,Narrow road,City/Town,Open area,Human Error,No,Damage Only,Hit puchcart,Uncontrolled,Not Applicable,NH,Bitumen(Tar),Dry,Not Applicable,Fine,B B ROAD,NEAR SADAHALLI GATE,14 KM,0.0,0.0
Bengaluru City,Chikkajala Traffic PS,1.04432e+16,2019,1,2,Road Accidents,Narrow road,City/Town,Open area,Human Error,No,Grievous Injury,Vehicle to Vehicle,Uncontrolled,Others,NH,Bitumen(Tar),Others,Not Applicable,Fine,B B Raod NH 7,Near M V I T,12 km,0.0,0.0
Bengaluru City,Chikkajala Traffic PS,1.04432e+16,2019,1,2,Road Accidents,Narrow road,City/Town,Near a factory industrial area,Human Error,Yes,Simple Injury,Vehicle to Vehicle,Uncontrolled,Others,Others,Bitumen(Tar),Dry,Not Applicable,Fine,BAGALURU MAIN ROAD,NEAR SHELL FACTORY,20 KM,0.0,0.0
Bengaluru City,Chikkajala Traffic PS,1.04432e+16,2019,1,2,Road Accidents,Cross roads,City/Town,Near Bus stop,Human Error,Yes,Fatal,Vehicle to Vehicle,Not Applicable,Curve,NH,Bitumen(Tar),Dry,Not Applicable,Fine,NEAR MVIT CROSS  NH-7 BB ROAD Bengaluru City  Karnataka,NEAR MVIT CROSS  NH 7 BB ROAD Bengaluru City  Karnataka,12 KM,0.0,0.0
Bengaluru City,Chikkajala Traffic PS,1.04432e+16,2019,1,2,Road Accidents,Cross roads,City/Town,Near School or College,Human Error,No,Damage Only,Vehicle to Vehicle,Uncontrolled,Straight and flat,Two way,Bitumen(Tar),Dry,Not Applicable,Fine,REVA COLLAGE MAINROAD,NEAR REVA COLLAGE,6,0.0,0.0
Bengaluru City,Chikkajala Traffic PS,1.04432e+16,2019,1,1,Road Accidents,Not Applicable,City/Town,Near School or College,Human Error,Yes,Grievous Injury,Vehicle to Vehicle,Uncontrolled,Others,Not Applicable,Bitumen(Tar),Dry,Not Applicable,Fine,Near Reva University Maingate Reva College Road  Bengaluru City,Near Reva University Maingate Reva College Road  Bengaluru City,8km,0.0,0.0
Bengaluru City,Chikkajala Traffic PS,1.04432e+16,2019,1,2,Road Accidents,Not Applicable,City/Town,Open area,Human Error,Yes,Damage Only,Vehicle to Vehicle,Uncontrolled,Others,State Highway,Bitumen(Tar),Dry,Not Applicable,Fine,Rajanukunte MVIT Main Road,Near Bharath Petrol Bunk,12 KM,0.0,0.0
Bengaluru City,Chikkajala Traffic PS,1.04432e+16,2019,1,2,Road Accidents,Not Applicable,City/Town,Open area,Human Error,No,Fatal,Vehicle to Vehicle,Uncontrolled,Not Applicable,NH,Bitumen(Tar),Others,Not Applicable,Fine,B B ROAD SERVICE ROAD,OPP NRV HOSPITAL,12 KM,0.0,0.0
Bengaluru City,Chikkajala Traffic PS,1.04432e+16,2019,1,2,Road Accidents,Not Applicable,City/Town,Near a factory industrial area,Human Error,No,Simple Injury,Vehicle to Vehicle,Uncontrolled,Straight and flat,Two way,Bitumen(Tar),Dry,Not Applicable,Not Applicable,NEAR BEL UPRAMP OUTER RINGROAD,MANYATHA TECH PARK,4,0.0,0.0
Bengaluru City,Chikkajala Traffic PS,1.04432e+16,2019,1,2,Road Accidents,Not Applicable,City/Town,Open area,Human Error,No,Grievous Injury,Vehicle to Vehicle,Uncontrolled,Not Applicable,NH,Bitumen(Tar),Dry,Not Applicable,Fine,B B ROAD NH 7,NEAR AIRPORT UP RAMP,18 KM,0.0,0.0
Bengaluru City,Chikkajala Traffic PS,1.04432e+16,2019,1,2,Road Accidents,Cross roads,City/Town,Open area,Human Error,No,Grievous Injury,Others,Uncontrolled,Not Applicable,City or Town Road,Bitumen(Tar),Dry,Not Applicable,Fine,Bagaluru Main Road,Near Sathish Apt,6Km,0.0,0.0
Bengaluru City,Chikkajala Traffic PS,1.04432e+16,2019,1,2,Road Accidents,Narrow road,City/Town,Open area,Human Error,No,Simple Injury,Overturning,Uncontrolled,Not Applicable,NH,Bitumen(Tar),Dry,Not Applicable,Fine,B B Road,Hunasamaranahalli Up Ram,15 KM,0.0,0.0
Bengaluru City,Chikkajala Traffic PS,1.04432e+16,2019,1,2,Road Accidents,Narrow road,City/Town,Near Bus stop,Human Error,No,Fatal,Overturning,Uncontrolled,Others,NH,Bitumen(Tar),Dry,Not Applicable,Fine,B B Road,Kote Cross,15 KM,0.0,0.0
Bengaluru City,Chikkajala Traffic PS,1.04432e+16,2019,1,2,Road Accidents,Narrow road,City/Town,Open area,Human Error,No,Simple Injury,Hit and Run,Uncontrolled,Not Applicable,City or Town Road,Bitumen(Tar),Dry,Not Applicable,Fine,Bagaluru Main Road,Mylanahalli Cross,8 KM,0.0,0.0
Bengaluru City,Chikkajala Traffic PS,1.04432e+16,2019,1,2,Road Accidents,Narrow road,City/Town,Open area,Human Error,No,Grievous Injury,Vehicle to Vehicle,Uncontrolled,Others,Others,Bitumen(Tar),Dry,Not Applicable,Fine,Nagawara Ring Road,Opp Manyatha Tech Pak,4 KM,0.0,0.0
Bengaluru City,Chikkajala Traffic PS,1.04432e+16,2019,1,2,Road Accidents,Narrow road,City/Town,Open area,Human Error,No,Grievous Injury,Vehicle to Vehicle,Uncontrolled,Not Applicable,NH,Bitumen(Tar),Dry,Not Applicable,Fine,NH 7 BB  ROAD,NEAR DODDAJALA FLYOOVER BLR,16 KM,0.0,0.0
Bengaluru City,Chikkajala Traffic PS,1.04432e+16,2019,1,2,Road Accidents,Narrow road,Rural Areas,Open area,Human Error,No,Grievous Injury,Vehicle to Vehicle,Uncontrolled,Not Applicable,Service Road,Bitumen(Tar),Others,Not Applicable,Fine,RAJANUKUNTE ROAD,NEAR GURUKULA ROAD,16 KM,0.0,0.0
Bengaluru City,Chikkajala Traffic PS,1.04432e+16,2019,1,2,Road Accidents,Offset,City/Town,Open area,Human Error,No,Simple Injury,Vehicle to Vehicle,Uncontrolled,Others,NH,Bitumen(Tar),Dry,Not Applicable,Fine,B B ROAD ON CHIKKAJALA FLY OVER,CHIKKAJALA FLY OVER,15 KM,0.0,0.0
Bengaluru City,Chikkajala Traffic PS,1.04432e+16,2019,1,2,Road Accidents,Cross roads,City/Town,Open area,Human Error,No,Damage Only,Vehicle to Vehicle,Uncontrolled,Others,Service Road,Bitumen(Tar),Dry,Not Applicable,Fine,NEAR KOTE CROSS CHIKKAJALA NH-7 BB ROAD  Bengaluru City Karnataka,NEAR KOTE CROSS CHIKKAJALA NH 7,15 km,0.0,0.0
Bengaluru City,Chikkajala Traffic PS,1.04432e+16,2019,1,2,Road Accidents,Not Applicable,City/Town,Open area,Human Error,No,Simple Injury,Vehicle to Vehicle,Uncontrolled,Others,Others,Bitumen(Tar),Others,Not Applicable,Fine,VIDYANGARA CROSS HUTTAAHALLI MAIN ROAD,INFRONT OF SHOBHA BAR,15 KM,0.0,0.0
Bengaluru City,Chikkajala Traffic PS,1.04432e+16,2019,1,1,Road Accidents,Narrow road,City/Town,Open area,Human Error,No,Grievous Injury,Skidding or Self accident,Uncontrolled,Others,State Highway,Bitumen(Tar),Dry,Not Applicable,Fine,M V IT Rajanukunate Road,Near Timmasandra Village,17 KM,0.0,0.0
Bengaluru City,Chikkajala Traffic PS,1.04432e+16,2019,1,1,Road Accidents,Narrow road,City/Town,Near a factory industrial area,Human Error,No,Fatal,Skidding or Self accident,Uncontrolled,Not Applicable,NH,Bitumen(Tar),Dry,Not Applicable,Fine,NH 7 B B Road,Opp ITC Factory,17 KM,0.0,0.0
Bengaluru City,Chikkajala Traffic PS,1.04432e+16,2019,1,1,Road Accidents,Offset,Villages settlement,Residential area,Human Error,Yes,Fatal,Hit and Run,Uncontrolled,Not Applicable,Village Road,Bitumen(Tar),Dry,Not Applicable,Fine,Kannuru Main Road,Near Bellahalli Village,26 KM,0.0,0.0
Bengaluru City,Chikkajala Traffic PS,1.04432e+16,2019,1,1,Road Accidents,Narrow road,City/Town,Open area,Human Error,No,Grievous Injury,Hit pedestrian,Uncontrolled,Others,NH,Bitumen(Tar),Dry,Not Applicable,Fine,B.B. ROAD NH7,NEAR BHARATHINAGARA CROSS,8 KM,0.0,0.0
Bengaluru City,Chikkajala Traffic PS,1.04432e+16,2019,1,1,Road Accidents,Narrow road,City/Town,Open area,Human Error,No,Damage Only,Not Applicable,Uncontrolled,Others,NH,Bitumen(Tar),Dry,Not Applicable,Fine,NH7 B B ROAD,NEAR BHARATHINAGARA CROSS,8 KM,0.0,0.0
Bengaluru City,Chikkajala Traffic PS,1.04432e+16,2019,1,1,Road Accidents,Cross roads,City/Town,Near Petrol Pump,Human Error,No,Fatal,Hit pedestrian,Uncontrolled,Others,NH,Bitumen(Tar),Dry,Not Applicable,Fine,NH 7 B B ROAD,OPP PETROL PUMP,15 KM,0.0,0.0
Bengaluru City,Chikkajala Traffic PS,1.04432e+16,2019,1,1,Road Accidents,Cross roads,Rural Areas,Open area,Human Error,Yes,Grievous Injury,Hit pedestrian,Uncontrolled,Not Applicable,NH,Bitumen(Tar),Dry,Not Applicable,Fine,NEAR MVIT CORSS,OPP MURUGAN GAREG,12 KM,0.0,0.0
Bengaluru City,Chikkajala Traffic PS,1.04432e+16,2019,1,2,Road Accidents,Narrow road,City/Town,Open area,Human Error,Yes,Not Applicable,Vehicle to Vehicle,Uncontrolled,Others,Others,Bitumen(Tar),Not Applicable,Not Applicable,Fine,4 TH MAIN OF VINAYAKA,INFRONT OF RAMSLAKE VIEW APARTMENT,8 km,0.0,0.0
Bengaluru City,Chikkajala Traffic PS,1.04432e+16,2019,1,1,Road Accidents,Not Applicable,City/Town,Open area,Human Error,Yes,Grievous Injury,Hit pedestrian,Uncontrolled,Others,Others,Bitumen(Tar),Others,Not Applicable,Fine,SINGAHALLI MAIN ROAD,NEAR PRIMARY SCHOOL,25 KM,0.0,0.0