DISTRICTNAME,UNITNAME,Crime_No,Year,RI,Noofvehicle_involved,Accident_Classification,Accident_Spot,Accident_Location,Accident_SubLocation,Main_Cause,Hit_Run,Severity,Collision_Type,Junction_Control,Road_Character,Road_Type,Surface_Type,Surface_Condition,Road_Condition,Weather,Accident_Road,Landmark_first,Distance_LandMark_First,Latitude,Longitude
Bengaluru City,Chikkajala Traffic PS,1.04432e+16,2019,1,1,Road Accidents,Circle,City/Town,Near office complex,Human Error,Yes,Simple Injury,Hit pedestrian,Controlled,Not Applicable,NH,Bitumen(Tar),Others,Not Applicable,Fine,B B ROAD NH7,INFRONT OF SEZAN HOTEL,14 KM,0.0,0.0
Bengaluru City,Chikkajala Traffic PS,1.04432e+16,2019,1,1,Road Accidents,Circle,City/Town,Near Bus stop,Human Error,Yes,Simple Injury,Hit pedestrian,Uncontrolled,Others,Service Road,Bitumen(Tar),Dry,Not Applicable,Fine,B B RAOD SERVICE,NEAR VIDYAGARA CROSS,12 KM,0.0,0.0
Bengaluru City,Chikkajala Traffic PS,1.04432e+16,2019,1,2,Road Accidents,Not Applicable,City/Town,Narrow bridge or culverts,Human Error,No,Fatal,Vehicle to Vehicle,Uncontrolled,Others,NH,Bitumen(Tar),Dry,Not Applicable,Fine,HUNASAMARANAHALLI BB ROAD,ONFLYOVER  HUNASAMARANAHALLI,10,0.0,0.0
Bengaluru City,Chikkajala Traffic PS,1.04432e+16,2019,1,2,Road Accidents,Offset,City/Town,Near a religious place,Human Error,No,Fatal,Skidding or Self accident,Uncontrolled,Others,State Highway,Bitumen(Tar),Not Applicable,Not Applicable,Fine,Heggadenagara Main Road,Opp Kailash Timber,3 KM,0.0,0.0
Bengaluru City,Chikkajala Traffic PS,1.04432e+16,2019,1,2,Road Accidents,Narrow road,City/Town,Near Bus stop,Human Error,Yes,Grievous Injury,Overturning,Uncontrolled,Not Applicable,State Highway,Bitumen(Tar),Not Applicable,Not Applicable,Fine,Budigere Main Road,Near Beguru Bus Stop,15 KM,0.0,0.0
Bengaluru City,Chikkajala Traffic PS,1.04432e+16,2019,1,2,Road Accidents,Narrow road,City/Town,Open area,Human Error,Yes,Grievous Injury,Hit and Run,Uncontrolled,Others,Two way,Bitumen(Tar),Dry,Not Applicable,Fine,Bagaluru Main Road,Bagaluru Sante Near,8 KM,0.0,0.0
Bengaluru City,Chikkajala Traffic PS,1.04432e+16,2019,1,2,Road Accidents,Narrow road,City/Town,Open area,Human Error,No,Grievous Injury,Vehicle to Vehicle,Uncontrolled,Not Applicable,NH,Bitumen(Tar),Others,Not Applicable,Fine,B B Road N H 7,Near Petrol Bunk Service Road,10 KM,0.0,0.0
Bengaluru City,Chikkajala Traffic PS,1.04432e+16,2019,1,2,Road Accidents,Narrow road,City/Town,Open area,Human Error,No,Fatal,Vehicle to Vehicle,Uncontrolled,Not Applicable,State Highway,Bitumen(Tar),Not Applicable,Not Applicable,Fine,Boodige Main Road,Near Madesh Service Road,8 Km,0.0,0.0
Bengaluru City,Chikkajala Traffic PS,1.04432e+16,2019,1,2,Road Accidents,Circle,City/Town,Open area,Human Error,Yes,Fatal,Vehicle to Vehicle,Controlled,Others,State Highway,Bitumen(Tar),Others,Not Applicable,Fine,HEGGADENAGARA MAIN ROAD,INFRONT OF RASHTROTHANA SCHOOL  NARAYANAPURA,1KM,0.0,0.0
Bengaluru City,Chikkajala Traffic PS,1.04432e+16,2019,1,2,Road Accidents,Narrow road,Not Applicable,Open area,Human Error,No,Grievous Injury,Rear end,Uncontrolled,Not Applicable,State Highway,Bitumen(Tar),Dry,Not Applicable,Fine,B B Road (NH-7) Jala Hobli Bengaluru,Near Tarabanahalli Cross near ITC gate,15 km,0.0,0.0
Bengaluru City,Chikkajala Traffic PS,1.04432e+16,2019,1,2,Road Accidents,Narrow road,City/Town,Open area,Human Error,No,Grievous Injury,Vehicle to Vehicle,Uncontrolled,Not Applicable,State Highway,Bitumen(Tar),Not Applicable,Not Applicable,Fine,mailanahalli road Bengaluru City,infront off bagaluru police station bagaluru,11 KM,0.0,0.0
Bengaluru City,Chikkajala Traffic PS,1.04432e+16,2019,1,2,Road Accidents,Narrow road,Rural Areas,Open area,Human Error,No,Damage Only,Vehicle to Vehicle,Uncontrolled,Others,Others,Bitumen(Tar),Dry,Not Applicable,Fine,SHETTIGE MAIN ROAD,NEAR SHETTIGERE VILLAGE,16 KM,0.0,0.0
Bengaluru City,Chikkajala Traffic PS,1.04432e+16,2019,1,2,Road Accidents,Narrow road,Rural Areas,Open area,Human Error,Yes,Damage Only,Vehicle to Vehicle,Uncontrolled,Others,NH,Bitumen(Tar),Dry,Not Applicable,Fine,INFRANT OF SAMPIGEHALLI LAND&ORDER STATION HEGADENAGARA,INFRANT OF SAMPIGEHALLI LAND&ORDER STATION HEGADENAGARA,2 km,0.0,0.0
Bengaluru City,Chikkajala Traffic PS,1.04432e+16,2019,1,2,Road Accidents,Narrow road,Rural Areas,Open area,Human Error,Yes,Simple Injury,Vehicle to Vehicle,Uncontrolled,Others,Others,Bitumen(Tar),Dry,Not Applicable,Fine,NEAR KANNURU JUNCTION HENNURU BAGALURU MAIN ROAD,NEAR KANNURU JUNCTION HENNURU BAGALURU MAIN ROAD,15 km,0.0,0.0
Bengaluru City,Chikkajala Traffic PS,1.04432e+16,2019,1,1,Road Accidents,Not Applicable,City/Town,Open area,Human Error,No,Grievous Injury,Hit pedestrian,Not Applicable,Others,NH,Bitumen(Tar),Others,Not Applicable,Fine,INFRONT OF TOYOTA SHOWROOM,MVIT CROSS B B ROAD NH 7,12 KM,0.0,0.0
Bengaluru City,Chikkajala Traffic PS,1.04432e+16,2019,1,1,Road Accidents,Not Applicable,City/Town,Open area,Human Error,Yes,Grievous Injury,Hit pedestrian,Uncontrolled,Others,State Highway,Bitumen(Tar),Dry,Not Applicable,Fine,B K HALLI MAIN ROAD,NEAR GOVT SCHOOL B K HALLI ROAD,12 KM,0.0,0.0
Bengaluru City,Chikkajala Traffic PS,1.04432e+16,2019,1,2,Road Accidents,Not Applicable,City/Town,Open area,Human Error,No,Grievous Injury,Vehicle to Vehicle,Uncontrolled,Others,Others,Bitumen(Tar),Others,Not Applicable,Fine,MANYATHA TECH PARK,NEAR MANTRI SQUARE APARTMENT  MANYATHA TECH PARK,4 KM,0.0,0.0
Bengaluru City,Chikkajala Traffic PS,1.04432e+16,2019,1,2,Road Accidents,Not Applicable,City/Town,Open area,Human Error,No,Grievous Injury,Vehicle to Vehicle,Uncontrolled,Others,Others,Bitumen(Tar),Others,Not Applicable,Others,NEAR CANARA BANK,BAGALURU CIRCLE,12 km,0.0,0.0
Bengaluru City,Chikkajala Traffic PS,1.04432e+16,2019,1,1,Road Accidents,Not Applicable,City/Town,Near office complex,Human Error,No,Grievous Injury,Hit pedestrian,Uncontrolled,Others,NH,Bitumen(Tar),Dry,Not Applicable,Fine,B B ROAD,OPP TOYOTO SHOW ROOM,12 KM,0.0,0.0
Bengaluru City,Chikkajala Traffic PS,1.04432e+16,2019,1,2,Road Accidents,Bridge,City/Town,Open area,Human Error,No,Grievous Injury,Rear end,Uncontrolled,Not Applicable,NH,Bitumen(Tar),Dry,Not Applicable,Fine,NH7,On Hunasamaranahalli Fly Over,10,0.0,0.0
Bengaluru City,Chikkajala Traffic PS,1.04432e+16,2019,1,1,Road Accidents,Narrow road,City/Town,Open area,Human Error,Yes,Fatal,Hit and Run,Uncontrolled,Not Applicable,NH,Bitumen(Tar),Dry,Not Applicable,Fine,Kadiganhalli Gate,Opposite Karnataka Car Gareage,15 KM,0.0,0.0
Bengaluru City,Chikkajala Traffic PS,1.04432e+16,2019,1,1,Road Accidents,Narrow road,City/Town,Open area,Human Error,Yes,Grievous Injury,Hit pedestrian,Uncontrolled,Others,Others,Bitumen(Tar),Dry,Not Applicable,Fine,HEGGADENAGAR MAIN ROAD,THANISANDRA,4 KM,0.0,0.0
Bengaluru City,Chikkajala Traffic PS,1.04432e+16,2019,1,2,Road Accidents,Narrow road,City/Town,Open area,Human Error,Yes,Fatal,Hit and Run,Uncontrolled,Not Applicable,Others,Bitumen(Tar),Others,Not Applicable,Fine,HEGGADENAGARA,OOP KARNATAKA COLLAGE,2 KM,0.0,0.0
Bengaluru City,Chikkajala Traffic PS,1.04432e+16,2019,1,2,Road Accidents,Narrow road,City/Town,Open area,Human Error,No,Grievous Injury,Vehicle to Vehicle,Controlled,Not Applicable,NH,Bitumen(Tar),Dry,Not Applicable,Fine,Near Sadahalli Gate B B Road,Near Toll Palaza,15 KM,0.0,0.0
Bengaluru City,Chikkajala Traffic PS,1.04432e+16,2019,1,3,Road Accidents,Narrow road,City/Town,Open area,Human Error,No,Simple Injury,Rear end,Uncontrolled,Not Applicable,NH,Bitumen(Tar),Dry,Not Applicable,Fine,NH 7,NEAR MVIT,12 KM,0.0,0.0
Bengaluru City,Chikkajala Traffic PS,1.04432e+16,2019,1,2,Road Accidents,Narrow road,City/Town,Near office complex,Human Error,No,Fatal,Vehicle to Vehicle,Uncontrolled,Straight and flat,Two way,Bitumen(Tar),Dry,Not Applicable,Fine,HEGADENAGARA MAIN ROAD,NANDAGOKULA KALYANA MANTAPA,1,0.0,0.0
Bengaluru City,Chikkajala Traffic PS,1.04432e+16,2019,1,2,Road Accidents,Offset,Rural Areas,Narrow bridge or culverts,Human Error,No,Simple Injury,Vehicle to Vehicle,Uncontrolled,Others,NH,Bitumen(Tar),Dry,Not Applicable,Fine,HUNASAMARAHALLI,HUNASAMARAHALLI FLY OVR,12 KM,0.0,0.0
Bengaluru City,Chikkajala Traffic PS,1.04432e+16,2019,1,2,Road Accidents,Not Applicable,Rural Areas,Residential area,Human Error,Yes,Grievous Injury,Vehicle to Vehicle,Uncontrolled,Straight and flat,Others,Bitumen(Tar),Dry,Not Applicable,Wind,"SHETTIGERE-DODDAJALA MAIN ROAD,",NEAR PANCHAYATH  OFFICE,15,0.0,0.0
Bengaluru City,Chikkajala Traffic PS,1.04432e+16,2019,1,2,Road Accidents,Not Applicable,City/Town,Near Petrol Pump,Human Error,No,Damage Only,Vehicle to Vehicle,Uncontrolled,Not Applicable,Two way,Bitumen(Tar),Dry,Not Applicable,Fine,MVIT-RAJANKUNTE ROAD,NEAR PETROL BUNK,13,0.0,0.0
Bengaluru City,Chikkajala Traffic PS,1.04432e+16,2019,1,2,Road Accidents,Narrow road,Rural Areas,Open area,Human Error,Yes,Fatal,Hit and Run,Uncontrolled,Others,State Highway,Bitumen(Tar),Dry,Not Applicable,Fine,Mailanahalli Beguru Road,Near Appaiahppa Land,18 KM,0.0,0.0
Bengaluru City,Chikkajala Traffic PS,1.04432e+16,2019,1,2,Road Accidents,Cross roads,City/Town,Open area,Human Error,Yes,Grievous Injury,Hit and Run,Uncontrolled,Others,Others,Bitumen(Tar),Dry,Not Applicable,Fine,BAGALURU MAIN ROAD,BAGALURU SANTE,8 KM,0.0,0.0
Bengaluru City,Chikkajala Traffic PS,1.04432e+16,2019,1,2,Road Accidents,Narrow road,City/Town,Near Bus stop,Human Error,Yes,Damage Only,Hit and Run,Uncontrolled,Not Applicable,City or Town Road,Bitumen(Tar),Dry,Not Applicable,Fine,BAGALURU MAIN ROAD,BAGALURU BUS STOP,6 KM,0.0,0.0
Bengaluru City,Chikkajala Traffic PS,1.04432e+16,2019,1,2,Road Accidents,Circle,City/Town,Open area,Human Error,No,Damage Only,Rear end,Uncontrolled,Others,NH,Bitumen(Tar),Dry,Not Applicable,Fine,NH 07,Sadahalli Gate,17 KM,0.0,0.0
Bengaluru City,Chikkajala Traffic PS,1.04432e+16,2019,1,2,Road Accidents,Narrow road,City/Town,Near a religious place,Human Error,No,Grievous Injury,Head on,Uncontrolled,Not Applicable,NH,Bitumen(Tar),Dry,Not Applicable,Fine,Patalamma temple,Patalamma Temple,18 km,0.0,0.0
Bengaluru City,Chikkajala Traffic PS,1.04432e+16,2019,1,2,Road Accidents,Narrow road,City/Town,Open area,Human Error,Yes,Simple Injury,Hit and Run,Uncontrolled,Others,City or Town Road,Bitumen(Tar),Dry,Not Applicable,Fine,Heggadenaga Main Road,Tirumenahalli Raod Infront Of Park,3 KM,0.0,0.0
Bengaluru City,Chikkajala Traffic PS,1.04432e+16,2019,1,2,Road Accidents,Narrow road,City/Town,Open area,Human Error,Yes,Fatal,Vehicle to Vehicle,Uncontrolled,Others,State Highway,Bitumen(Tar),Dry,Not Applicable,Fine,RAJANKUNTE ROAD Bengaluru,NEAR TOTAL ENVIRONMENT COMPANY,15 KM,0.0,0.0
Bengaluru City,Chikkajala Traffic PS,1.04432e+16,2019,1,1,Road Accidents,Narrow road,Rural Areas,Open area,Human Error,No,Grievous Injury,Hit pedestrian,Uncontrolled,Others,State Highway,Bitumen(Tar),Others,Not Applicable,Fine,Bagaluru Main Road,Near Chakalatti Bus Stop,8KM,0.0,0.0
Bengaluru City,Chikkajala Traffic PS,1.04432e+16,2019,1,2,Road Accidents,Narrow road,City/Town,Open area,Human Error,Yes,Damage Only,Vehicle to Vehicle,Uncontrolled,Others,State Highway,Bitumen(Tar),Not Applicable,Not Applicable,Fine,JAKKURU ROAD BENGALURU,NEAR MESTRIPALYA CHARCH,5 km,0.0,0.0
Bengaluru City,Chikkajala Traffic PS,1.04432e+16,2019,1,2,Road Accidents,Circle,Rural Areas,Open area,Human Error,Yes,Grievous Injury,Vehicle to Vehicle,Controlled,Others,NH,Bitumen(Tar),Dry,Not Applicable,Fine,NEAR SADAHALLI GATE B B ROAD,NEAR SADAHALLI GATE,16 KM,0.0,0.0
Bengaluru City,Chikkajala Traffic PS,1.04432e+16,2019,1,1,Road Accidents,Narrow road,City/Town,Near Bus stop,Human Error,No,Grievous Injury,Hit pedestrian,Uncontrolled,Not Applicable,NH,Bitumen(Tar),Dry,Not Applicable,Fine,"near bettahalasuru cross bb road, , Bengaluru City, Karnataka,",near bettahalasuru cross bb road  Bengaluru City Karnataka,12 km,0.0,0.0
Bengaluru City,Chikkajala Traffic PS,1.04432e+16,2019,1,2,Road Accidents,Junction,City/Town,Open area,Human Error,Yes,Grievous Injury,Vehicle to Vehicle,Uncontrolled,Others,NH,Bitumen(Tar),Others,Not Applicable,Fine,NEAR VIDYANAGARA CROSS B B ROAD NH7,NEAR VIDYANAGARA CROSS  B B ROAD NH,15KM,0.0,0.0
Bengaluru City,Chikkajala Traffic PS,1.04432e+16,2019,1,2,Road Accidents,Not Applicable,City/Town,Open area,Human Error,Yes,Grievous Injury,Vehicle to Vehicle,Uncontrolled,Others,NH,Bitumen(Tar),Others,Not Applicable,Fine,B B ROAD,0,12 KM,0.0,0.0
Bengaluru City,Chikkajala Traffic PS,1.04432e+16,2019,1,1,Road Accidents,Not Applicable,Rural Areas,Open area,Human Error,Yes,Fatal,Hit pedestrian,Uncontrolled,Not Applicable,State Highway,Bitumen(Tar),Others,Not Applicable,Fine,RAJUNUKUNTE TO M V I T CROSS ROAD,NEAR RAGHU HOTEL,14 KM,0.0,0.0
Bengaluru City,Chikkajala Traffic PS,1.04432e+16,2019,1,2,Road Accidents,Not Applicable,City/Town,Open area,Human Error,No,Grievous Injury,Vehicle to Vehicle,Uncontrolled,Others,State Highway,Bitumen(Tar),Others,Not Applicable,Fine,MAILANAHALLI MAIN ROAD,NEAR NANDAGIRI BAR,15 KM,0.0,0.0
Bengaluru City,Chikkajala Traffic PS,1.04432e+16,2019,1,1,Road Accidents,Narrow road,City/Town,Open area,Human Error,No,Grievous Injury,Head on,Uncontrolled,Not Applicable,NH,Bitumen(Tar),Dry,Not Applicable,Fine,N H 7,Near Chikkajala Fly Over,16 KM,0.0,0.0
Bengaluru City,Chikkajala Traffic PS,1.04432e+16,2019,1,2,Road Accidents,Narrow road,City/Town,Open area,Human Error,Yes,Grievous Injury,Hit bicyclist,Uncontrolled,Others,NH,Bitumen(Tar),Dry,Not Applicable,Fine,B B ROAD NH7,DODDAJALA FLY OVER,16 KM,0.0,0.0
Bengaluru City,Chikkajala Traffic PS,1.04432e+16,2019,1,2,Road Accidents,Narrow road,City/Town,Near office complex,Human Error,No,Simple Injury,Rear end,Uncontrolled,Not Applicable,NH,Bitumen(Tar),Dry,Not Applicable,Fine,B B Road,Near Toyota Show Room,12 KM,0.0,0.0
Bengaluru City,Chikkajala Traffic PS,1.04432e+16,2019,1,2,Road Accidents,Narrow road,City/Town,Open area,Human Error,No,Grievous Injury,Vehicle to Vehicle,Uncontrolled,Not Applicable,NH,Bitumen(Tar),Dry,Not Applicable,Fine,B B Road NH7,Near Hunasamaranahalli,8KM,0.0,0.0
Bengaluru City,Chikkajala Traffic PS,1.04432e+16,2019,1,2,Road Accidents,Narrow road,Rural Areas,Open area,Human Error,No,Grievous Injury,Rear end,Uncontrolled,Others,State Highway,Bitumen(Tar),Dry,Not Applicable,Fine,Mylanahalli To Kadayarappanahalli,Near Muniyappa Land,8 Km,0.0,0.0
Bengaluru City,Chikkajala Traffic PS,1.04432e+16,2019,1,1,Road Accidents,Narrow road,City/Town,Open area,Human Error,Yes,Grievous Injury,Hit pedestrian,Controlled,Not Applicable,NH,Bitumen(Tar),Dry,Not Applicable,Fine,NH 7,SADAHALLI TOLL,20 KM,0.0,0.0
Bengaluru City,Chikkajala Traffic PS,1.04432e+16,2019,1,3,Road Accidents,Narrow road,City/Town,Open area,Human Error,Yes,Simple Injury,Hit and Run,Uncontrolled,Not Applicable,City or Town Road,Bitumen(Tar),Dry,Not Applicable,Fine,Heggadeangara Main Road,Near R K Bekary And Sweets,1.5KM,0.0,0.0
Bengaluru City,Chikkajala Traffic PS,1.04432e+16,2019,1,2,Road Accidents,Narrow road,Rural Areas,Open area,Human Error,No,Grievous Injury,Vehicle to Vehicle,Uncontrolled,Others,Residential Street,Bitumen(Tar),Dry,Not Applicable,Fine,"NEAR MADDURAMMA TEMPLE, AGRAHARA VILLAGE, Bengaluru City,",NEAR MADDURAMMA TEMPLE  AGRAHARA VILLAGE,4 km,0.0,0.0
Bengaluru City,Chikkajala Traffic PS,1.04432e+16,2019,1,1,Road Accidents,Narrow road,City/Town,Open area,Human Error,No,Grievous Injury,Hit pedestrian,Uncontrolled,Others,Service Road,Bitumen(Tar),Dry,Not Applicable,Fine,Near Naydu Cruser B B Raod,Near Naydu Cruser,8 km,0.0,0.0
Bengaluru City,Chikkajala Traffic PS,1.04432e+16,2019,1,1,Road Accidents,Bottleneck,City/Town,Open area,Human Error,Yes,Fatal,Hit pedestrian,Uncontrolled,Others,Others,Bitumen(Tar),Dry,Not Applicable,Fine,BAGALURU ROAD,NEAR SELDAN APT,6 KM,0.0,0.0
Bengaluru City,Chikkajala Traffic PS,1.04432e+16,2019,1,2,Road Accidents,Narrow road,City/Town,Open area,Human Error,No,Grievous Injury,Side swipe,Uncontrolled,Others,State Highway,Bitumen(Tar),Dry,Not Applicable,Fine,Mailanahalli Road,Near Singanahalli,18 KM,0.0,0.0
Bengaluru City,Chikkajala Traffic PS,1.04432e+16,2019,1,2,Road Accidents,Junction,City/Town,Near Bus stop,Human Error,No,Grievous Injury,Vehicle to Vehicle,Controlled,Curve,NH,Bitumen(Tar),Dry,Not Applicable,Fine,B B Road NH7,Sadahalli Junction,16 KM,0.0,0.0
Bengaluru City,Chikkajala Traffic PS,1.04432e+16,2019,1,2,Road Accidents,Narrow road,City/Town,Near office complex,Human Error,Yes,Fatal,Hit and Run,Uncontrolled,Others,Service Road,Bitumen(Tar),Dry,Not Applicable,Fine,"OPP MAHAVEERA APARTMENT,, HUNASAMARAHALLI,B.B. ROAD",OPP MAHAVEERA APARTMENT,18 km,0.0,0.0
Bengaluru City,Chikkajala Traffic PS,1.04432e+16,2019,1,2,Road Accidents,Circle,Rural Areas,Near or inside a village,Human Error,Yes,Damage Only,Hit and Run,Uncontrolled,Not Applicable,Others,Bitumen(Tar),Dry,Not Applicable,Fine,BEGURU MAIN ROAD,BEGURU VILLAGE,15KM,0.0,0.0
Bengaluru City,Chikkajala Traffic PS,1.04432e+16,2019,1,2,Road Accidents,Narrow road,City/Town,Open area,Human Error,No,Grievous Injury,Vehicle to Vehicle,Uncontrolled,Others,State Highway,Bitumen(Tar),Others,Not Applicable,Fine,KIADB ARIA,NEAR MOLEX COMPANAY,10,0.0,0.0
Bengaluru City,Chikkajala Traffic PS,1.04432e+16,2019,1,2,Road Accidents,Cross roads,City/Town,Open area,Human Error,Yes,Grievous Injury,Vehicle to Vehicle,Uncontrolled,Curve,One way,Bitumen(Tar),Dry,Not Applicable,Fine,NEAR 5 TH CROSS,NEAR 5 TH CROSS,3 km,0.0,0.0
Bengaluru City,Chikkajala Traffic PS,1.04432e+16,2019,1,2,Road Accidents,Narrow road,City/Town,Open area,Human Error,Yes,Grievous Injury,Vehicle to Vehicle,Uncontrolled,Others,Others,Bitumen(Tar),Dry,Not Applicable,Fine,HEGGADENAGARA MAIN ROAD,NEAR MUTAGANAHALLI CROSS,3 KM,0.0,0.0
Bengaluru City,Chikkajala Traffic PS,1.04432e+16,2019,1,2,Road Accidents,Narrow road,City/Town,Open area,Human Error,No,Grievous Injury,Vehicle to Vehicle,Uncontrolled,Others,NH,Bitumen(Tar),Dry,Not Applicable,Fine,ON DODDAJALAYA FLY OVER  B B ROAD NH7,ON DODDAJALAYA FLY OVER,16KM,0.0,0.0
Bengaluru City,Chikkajala Traffic PS,1.04432e+16,2019,1,2,Road Accidents,Narrow road,Rural Areas,Near office complex,Human Error,No,Fatal,Vehicle to Vehicle,Uncontrolled,Others,Others,Bitumen(Tar),Not Applicable,Not Applicable,Fine,NEAR CHAMUNDESWARI CONCRETE MIXER,NEAR CHAMUNDESWARI CONCRETE MIXER,10 KM,0.0,0.0
Bengaluru City,Chikkajala Traffic PS,1.04432e+16,2019,1,1,Road Accidents,Not Applicable,City/Town,Open area,Human Error,Yes,Grievous Injury,Hit pedestrian,Not Applicable,Others,NH,Bitumen(Tar),Others,Not Applicable,Fine,INFRONT OF PETROL BUNK NEAR SHETTIGERE CROSS SERVICE ROAD,INFRONT OF PETROL BUNK NEAR SHETTIGERE CROSS SERVICE ROAD,18 km,0.0,0.0
Bengaluru City,Chikkajala Traffic PS,1.04432e+16,2019,1,1,Road Accidents,Narrow road,City/Town,Near Petrol Pump,Human Error,Yes,Grievous Injury,Hit pedestrian,Uncontrolled,Not Applicable,State Highway,Bitumen(Tar),Dry,Not Applicable,Fine,BAGALURU MAIN ROAD,NEAR INDIAN PETROL BUNK,8 KM,0.0,0.0
Bengaluru City,Chikkajala Traffic PS,1.04432e+16,2019,1,2,Road Accidents,Narrow road,City/Town,Open area,Human Error,No,Grievous Injury,Vehicle to Vehicle,Uncontrolled,Not Applicable,State Highway,Bitumen(Tar),Others,Not Applicable,Fine,BAGALURU MAIN ROAD,NEAR RAMPLEX COMPANY,6 KM,0.0,0.0
Bengaluru City,Chikkajala Traffic PS,1.04432e+16,2019,1,2,Road Accidents,Narrow road,City/Town,Open area,Human Error,No,Damage Only,Rear end,Uncontrolled,Not Applicable,State Highway,Bitumen(Tar),Dry,Not Applicable,Fine,Tarabanahalli Main Road,Near ITC Gate,17 KN,0.0,0.0
Bengaluru City,Chikkajala Traffic PS,1.04432e+16,2019,1,2,Road Accidents,Narrow road,City/Town,Near a factory industrial area,Human Error,Yes,Damage Only,Hit and Run,Controlled,Others,City or Town Road,Bitumen(Tar),Dry,Not Applicable,Fine,Nagawara Ring Road,Near Manyatha Tech Park Sky walk,5 KM,0.0,0.0
Bengaluru City,Chikkajala Traffic PS,1.04432e+16,2019,1,2,Road Accidents,Narrow road,Rural Areas,Open area,Human Error,Yes,Grievous Injury,Hit and Run,Uncontrolled,Not Applicable,State Highway,Bitumen(Tar),Not Applicable,Not Applicable,Fine,BAGALURU ROAD,MYLANAHALLI,8KM,0.0,0.0
Bengaluru City,Chikkajala Traffic PS,1.04432e+16,2019,1,2,Road Accidents,Narrow road,City/Town,Open area,Human Error,No,Simple Injury,Rear end,Uncontrolled,Others,Service Road,Bitumen(Tar),Not Applicable,Not Applicable,Fine,Service Road,Bettahalasuru Cross,16 KM,0.0,0.0
Bengaluru City,Chikkajala Traffic PS,1.04432e+16,2019,1,2,Road Accidents,Narrow road,City/Town,Open area,Human Error,No,Grievous Injury,Rear end,Uncontrolled,Others,State Highway,Bitumen(Tar),Dry,Not Applicable,Fine,"Shettigere Main Road, Jala Hobli,",Near M R Service Station Muthugadahhalli,20,0.0,0.0
Bengaluru City,Chikkajala Traffic PS,1.04432e+16,2019,1,2,Road Accidents,Narrow road,Rural Areas,Open area,Human Error,No,Simple Injury,Vehicle to Vehicle,Uncontrolled,Others,Others,Bitumen(Tar),Dry,Not Applicable,Fine,NEAR CHAGALAHATTI BUSSTOP  HENNURU-BAGALURU MAINROAD,NEAR CHAGALAHATTI BUSSTOP,11,0.0,0.0
Bengaluru City,Chikkajala Traffic PS,1.04432e+16,2019,1,2,Road Accidents,Cross roads,Rural Areas,Open area,Human Error,Yes,Grievous Injury,Vehicle to Vehicle,Uncontrolled,Others,Two way,Bitumen(Tar),Dry,Not Applicable,Fine,NEAR RAILWAY PAYRALAL ROAD,NEAR RAILWAY PAYRALAL ROAD,5 km,0.0,0.0
Bengaluru City,Chikkajala Traffic PS,1.04432e+16,2019,1,1,Road Accidents,Not Applicable,City/Town,Near School or College,Human Error,No,Damage Only,Not Applicable,Uncontrolled,Others,Two way,Bitumen(Tar),Dry,Not Applicable,Fine,BAGALURU MAIN ROAD,MARINAYA SCHOOL,8 KM,0.0,0.0
Bengaluru City,Chikkajala Traffic PS,1.04432e+16,2019,1,1,Road Accidents,Cross roads,Rural Areas,Near Hospital,Human Error,No,Simple Injury,Hit pedestrian,Uncontrolled,Others,NH,Bitumen(Tar),Others,Not Applicable,Fine,NH 7 BETTAHALASURU SERVICE ROAD,NEAR BETTAHALASURU CROSS,12 KM,0.0,0.0
Bengaluru City,Chikkajala Traffic PS,1.04432e+16,2019,1,2,Road Accidents,Not Applicable,Rural Areas,Open area,Human Error,Yes,Fatal,Vehicle to Vehicle,Uncontrolled,Others,Others,Bitumen(Tar),Dry,Not Applicable,Fine,KADAYAPPANAHALLI TO MARENAHALLI ROAD,OPP DYNAMIC COMPANY KIADB,20 KM,0.0,0.0
Bengaluru City,Chikkajala Traffic PS,1.04432e+16,2019,1,1,Road Accidents,Not Applicable,Rural Areas,Open area,Human Error,No,Grievous Injury,Hit pedestrian,Uncontrolled,Others,Others,Bitumen(Tar),Dry,Not Applicable,Fine,"COMPANY, KIADB",INFRONT OF MIDACO SALUTION COMPANY KIADB,12 km,0.0,0.0
Bengaluru City,Chikkajala Traffic PS,1.04432e+16,2019,1,2,Road Accidents,Not Applicable,City/Town,Open area,Human Error,No,Simple Injury,Vehicle to Vehicle,Uncontrolled,Others,Others,Bitumen(Tar),Dry,Not Applicable,Fine,OPP L&T COMPANY  MANYATHA TECH PARK Bengaluru City,OPP L T COMPANY MANYATHA TECH PARK,5 KM,0.0,0.0
Bengaluru City,Chikkajala Traffic PS,1.04432e+16,2019,1,2,Road Accidents,Narrow road,City/Town,Near office complex,Human Error,No,Grievous Injury,Head on,Controlled,Not Applicable,State Highway,Bitumen(Tar),Dry,Not Applicable,Fine,Near Muneshwara Temple,Vernnapalya outer ring road service road,6 KM,0.0,0.0
Bengaluru City,Chikkajala Traffic PS,1.04432e+16,2019,1,2,Road Accidents,Cross roads,City/Town,Near office complex,Human Error,No,Fatal,Overturning,Uncontrolled,Not Applicable,City or Town Road,Bitumen(Tar),Not Applicable,Not Applicable,Others,Bagaluru Main Road,Opp Nitish Apt,8 Km,0.0,0.0
Bengaluru City,Chikkajala Traffic PS,1.04432e+16,2019,1,1,Road Accidents,Narrow road,City/Town,Open area,Human Error,Yes,Fatal,Hit pedestrian,Uncontrolled,Others,NH,Bitumen(Tar),Not Applicable,Not Applicable,Fine,B B Road N H 7,Near Bettahalasuru Cross,16 KM,0.0,0.0
Bengaluru City,Chikkajala Traffic PS,1.04432e+16,2019,1,1,Road Accidents,Narrow road,Villages settlement,Near office complex,Human Error,No,Simple Injury,Hit pedestrian,Uncontrolled,Not Applicable,Village Road,Bitumen(Tar),Dry,Not Applicable,Fine,Thanisandra Main Road,Rachenahalli Mai Road,4 KM,0.0,0.0
Bengaluru City,Chikkajala Traffic PS,1.04432e+16,2019,1,2,Road Accidents,Bridge,City/Town,Open area,Human Error,Yes,Grievous Injury,Rear end,Uncontrolled,Others,NH,Bitumen(Tar),Dry,Not Applicable,Fine,NH 7,Meenukunte Hosuru,18 Km,0.0,0.0
Bengaluru City,Chikkajala Traffic PS,1.04432e+16,2019,1,2,Road Accidents,Y Junction,City/Town,Open area,Human Error,No,Fatal,Rear end,Uncontrolled,Others,NH,Bitumen(Tar),Dry,Not Applicable,Fine,B B Road NH 7,Hosuru Gate,18 KM,0.0,0.0
Bengaluru City,Chikkajala Traffic PS,1.04432e+16,2019,1,1,Road Accidents,Other,City/Town,Open area,Human Error,No,Grievous Injury,Side swipe,Uncontrolled,Others,NH,Bitumen(Tar),Dry,Not Applicable,Fine,B B Road,Kadiganahalli Gate,15 KM,0.0,0.0
Bengaluru City,Chikkajala Traffic PS,1.04432e+16,2019,1,2,Road Accidents,Bridge,City/Town,Open area,Human Error,Yes,Grievous Injury,Hit and Run,Uncontrolled,Others,NH,Bitumen(Tar),Dry,Not Applicable,Fine,B B ROAD NH 7,VIDYANAGARA CROSS,14 KM,0.0,0.0
Bengaluru City,Chikkajala Traffic PS,1.04432e+16,2019,1,2,Road Accidents,Curves,Rural Areas,Open area,Human Error,No,Grievous Injury,Vehicle to Vehicle,Uncontrolled,Slight Curve,State Highway,Bitumen(Tar),Dry,Not Applicable,Fine,KANNURU ROAD,OPP BEKARY,10 KM,0.0,0.0