DISTRICTNAME,UNITNAME,Crime_No,Year,RI,Noofvehicle_involved,Accident_Classification,Accident_Spot,Accident_Location,Accident_SubLocation,Main_Cause,Hit_Run,Severity,Collision_Type,Junction_Control,Road_Character,Road_Type,Surface_Type,Surface_Condition,Road_Condition,Weather,Accident_Road,Landmark_first,Distance_LandMark_First,Latitude,Longitude
Bengaluru City,Chikkajala Traffic PS,1.04432e+16,2019,1,2,Road Accidents,Cross roads,Rural Areas,Open area,Human Error,No,Grievous Injury,Vehicle to Vehicle,Uncontrolled,Not Applicable,Others,Bitumen(Tar),Dry,Not Applicable,Fine,NEAR SHETTIGE ROAD,NEAR SHETTIGERE VILLAGE,16 KM,0.0,0.0
Bengaluru City,Chikkajala Traffic PS,1.04432e+16,2019,1,2,Road Accidents,Narrow road,City/Town,Open area,Human Error,No,Grievous Injury,Vehicle to Vehicle,Uncontrolled,Others,NH,Bitumen(Tar),Dry,Not Applicable,Fine,NEAR HUNASAMARANHALLI,HUNASAMARANAHALLI,15 KM,0.0,0.0
Bengaluru City,Chikkajala Traffic PS,1.04432e+16,2019,1,2,Road Accidents,Not Applicable,City/Town,Open area,Human Error,No,Grievous Injury,Vehicle to Vehicle,Uncontrolled,Others,Not Applicable,Bitumen(Tar),Others,Not Applicable,Fine,Kannur Main Road Bengaluru City,Near Leela Convention Hall Bellahalli,4KM,0.0,0.0
Bengaluru City,Chikkajala Traffic PS,1.04432e+16,2019,1,1,Road Accidents,Not Applicable,City/Town,Open area,Vehicle Defect,No,Grievous Injury,Not Applicable,Uncontrolled,Others,Others,Bitumen(Tar),Others,Not Applicable,Fine,OPP REGAL HOSPITAL,HEGGADENARA MAIN AROAD,2 KM,0.0,0.0
Bengaluru City,Chikkajala Traffic PS,1.04432e+16,2019,1,1,Road Accidents,Not Applicable,City/Town,Open area,Human Error,No,Simple Injury,Hit pedestrian,Uncontrolled,Others,Others,Bitumen(Tar),Dry,Not Applicable,Fine,BAGALURU MAIN ROAD,NEAR BSF MAIN GATE,8 KM,0.0,0.0
Bengaluru City,Chikkajala Traffic PS,1.04432e+16,2019,1,2,Road Accidents,Narrow road,Rural Areas,Open area,Human Error,Yes,Fatal,Vehicle to Vehicle,Uncontrolled,Others,State Highway,Bitumen(Tar),Dry,Not Applicable,Fine,BGALURU SATHANUR ROAD,OPP HAS ENGINEERING WORKS,12 KM,0.0,0.0
Bengaluru City,Chikkajala Traffic PS,1.04432e+16,2019,1,2,Road Accidents,Circle,City/Town,Near Bus stop,Human Error,No,Fatal,Side swipe,Uncontrolled,Others,NH,Bitumen(Tar),Dry,Not Applicable,Fine,B B Road,Vidyangara Cross,14KM,0.0,0.0
Bengaluru City,Chikkajala Traffic PS,1.04432e+16,2019,1,2,Road Accidents,Narrow road,City/Town,Open area,Human Error,No,Grievous Injury,Head on,Uncontrolled,Others,One way,Bitumen(Tar),Dry,Not Applicable,Fine,Sidhu Cargo Near MVIT,Sidhu Cargo Near,18 KM,0.0,0.0
Bengaluru City,Chikkajala Traffic PS,1.04432e+16,2019,1,2,Road Accidents,Narrow road,City/Town,Open area,Human Error,Yes,Simple Injury,Vehicle to Vehicle,Uncontrolled,Others,Others,Bitumen(Tar),Dry,Not Applicable,Fine,Heggadenagara Main Road,OPP LULU MARKER,2 KM,0.0,0.0
Bengaluru City,Chikkajala Traffic PS,1.04432e+16,2019,1,2,Road Accidents,Circle,City/Town,Open area,Human Error,No,Grievous Injury,Vehicle to Vehicle,Controlled,Not Applicable,Others,Bitumen(Tar),Flooded,Not Applicable,Fine,Heggadeangara Main Road,Near Narayanapura,1 KM,0.0,0.0
Bengaluru City,Chikkajala Traffic PS,1.04432e+16,2019,1,1,Road Accidents,Other,City/Town,Residential area,Human Error,Yes,Fatal,Hit and Run,Uncontrolled,Not Applicable,Residential Street,Bitumen(Tar),Dry,Not Applicable,Fine,AMARA JYOTHI LAYOUT,1 3 4TH CROSS BIHIND GOVERMENT SCHOOL,10 KM,0.0,0.0
Bengaluru City,Chikkajala Traffic PS,1.04432e+16,2019,1,2,Road Accidents,Curves,City/Town,Open area,Human Error,No,Simple Injury,Rear end,Uncontrolled,Not Applicable,Expressway,Bitumen(Tar),Not Applicable,Not Applicable,Fine,B B ROAD,NEAR COTE CROSS,15 KM,0.0,0.0
Bengaluru City,Chikkajala Traffic PS,1.04432e+16,2019,1,2,Road Accidents,Narrow road,Rural Areas,Residential area,Human Error,No,Grievous Injury,Vehicle to Vehicle,Uncontrolled,Others,Residential Street,Bitumen(Tar),Not Applicable,Not Applicable,Fine,NEAR KANNURU VILLAGE,NEAR KANNURU VILALGE,8 KM,0.0,0.0
Bengaluru City,Chikkajala Traffic PS,1.04432e+16,2019,1,2,Road Accidents,Narrow road,City/Town,Open area,Human Error,No,Grievous Injury,Vehicle to Vehicle,Uncontrolled,Others,State Highway,Bitumen(Tar),Dry,Not Applicable,Fine,Srirampura,2 KM,2 KM,0.0,0.0
Bengaluru City,Chikkajala Traffic PS,1.04432e+16,2019,1,2,Road Accidents,Narrow road,Rural Areas,Open area,Human Error,No,Grievous Injury,Vehicle to Vehicle,Uncontrolled,Others,Residential Street,Bitumen(Tar),Others,Not Applicable,Fine,"INFRANT OF SRI TIRUMALA PHOTO STUDIO,",INFRANT OF SRI TIRUMALA PHOTO STUDIO,2km,0.0,0.0
Bengaluru City,Chikkajala Traffic PS,1.04432e+16,2019,1,2,Road Accidents,Not Applicable,City/Town,Open area,Human Error,No,Grievous Injury,Vehicle to Vehicle,Uncontrolled,Others,NH,Bitumen(Tar),Dry,Not Applicable,Fine,NH 7,NEAR BHARATHINAGARA CROSS,12,0.0,0.0
Bengaluru City,Chikkajala Traffic PS,1.04432e+16,2019,1,2,Road Accidents,Not Applicable,City/Town,Open area,Human Error,No,Fatal,Vehicle to Vehicle,Uncontrolled,Others,Others,Bitumen(Tar),Dry,Not Applicable,Fine,TElicom layout Road,Near R B Properties K V Jayaran Road,2 km,0.0,0.0
Bengaluru City,Chikkajala Traffic PS,1.04432e+16,2019,1,1,Road Accidents,Junction,City/Town,Open area,Human Error,Yes,Simple Injury,Hit pedestrian,Uncontrolled,Others,Others,Bitumen(Tar),Not Applicable,Not Applicable,Fine,BAGALU MAIN ROAD,NEAR COUNTRY CLUB,6 KM,0.0,0.0
Bengaluru City,Chikkajala Traffic PS,1.04432e+16,2019,1,1,Road Accidents,Not Applicable,City/Town,Near or inside a village,Human Error,Yes,Fatal,Hit pedestrian,Uncontrolled,Straight and flat,Two way,Bitumen(Tar),Dry,Not Applicable,Fog / Mist,SHETTIGERE ROAD,JAIPURA COLONY,15,0.0,0.0
Bengaluru City,Chikkajala Traffic PS,1.04432e+16,2019,1,2,Road Accidents,Curves,City/Town,Near School or College,Human Error,Yes,Simple Injury,Vehicle to Vehicle,Uncontrolled,Others,State Highway,Bitumen(Tar),Dry,Not Applicable,Fine,HEGGADENAGARA MAIN ROAD,OPP GC PUBLIC SCHOOL,3 KM,0.0,0.0
Bengaluru City,Chikkajala Traffic PS,1.04432e+16,2019,1,2,Road Accidents,Other,City/Town,Open area,Human Error,No,Damage Only,Head on,Uncontrolled,Others,NH,Bitumen(Tar),Not Applicable,Not Applicable,Fine,NH 7 SERVICE ROAD,NEAR CHIKKAJALA,13,0.0,0.0
Bengaluru City,Chikkajala Traffic PS,1.04432e+16,2019,1,2,Road Accidents,Narrow road,City/Town,Open area,Human Error,No,Grievous Injury,Rear end,Uncontrolled,Not Applicable,City or Town Road,Bitumen(Tar),Dry,Not Applicable,Fine,Heggadenagara Main Road,Near Chikkajala Traffic Ps,0.5KM,0.0,0.0
Bengaluru City,Chikkajala Traffic PS,1.04432e+16,2019,1,1,Road Accidents,Cross roads,City/Town,Near Bus stop,Human Error,No,Fatal,Hit pedestrian,Uncontrolled,Curve,NH,Bitumen(Tar),Others,Not Applicable,Fine,MVIT Road Bettahalasuru,MVIT,12 KM,0.0,0.0
Bengaluru City,Chikkajala Traffic PS,1.04432e+16,2019,1,1,Road Accidents,Narrow road,City/Town,Open area,Human Error,No,Grievous Injury,Not Applicable,Controlled,Others,NH,Bitumen(Tar),Dry,Not Applicable,Fine,B B Road NH7,Near Sadahalli Gate,18 KM,0.0,0.0
Bengaluru City,Chikkajala Traffic PS,1.04432e+16,2019,1,1,Road Accidents,Narrow road,Rural Areas,Open area,Human Error,No,Grievous Injury,Hit pedestrian,Uncontrolled,Others,State Highway,Bitumen(Tar),Dry,Not Applicable,Fine,Kadayarappanahalli Mylanahalli Road,Near Mylanahalli Viallge,8 KM,0.0,0.0
Bengaluru City,Chikkajala Traffic PS,1.04432e+16,2019,1,2,Road Accidents,Narrow road,City/Town,Open area,Human Error,Yes,Grievous Injury,Vehicle to Vehicle,Uncontrolled,Not Applicable,Others,Bitumen(Tar),Not Applicable,Not Applicable,Fine,DODDAJALA ROAD,NEAR JAYARAMAPPA GARDEN,18 KM,0.0,0.0
Bengaluru City,Chikkajala Traffic PS,1.04432e+16,2019,1,1,Road Accidents,Narrow road,City/Town,Open area,Human Error,No,Simple Injury,Hit pedestrian,Uncontrolled,Not Applicable,NH,Bitumen(Tar),Dry,Not Applicable,Fine,BB ROAD NH-7,NEAR BETTAHALASURU CROSS SERVICE ROAD,12 KM,0.0,0.0
Bengaluru City,Chikkajala Traffic PS,1.04432e+16,2019,1,2,Road Accidents,Not Applicable,City/Town,Open area,Human Error,Yes,Damage Only,Vehicle to Vehicle,Uncontrolled,Not Applicable,Service Road,Bitumen(Tar),Dry,Not Applicable,Fine,Near Mayatha,Near Manyaga up Ramp,6 Km,0.0,0.0
Bengaluru City,Chikkajala Traffic PS,1.04432e+16,2019,1,2,Road Accidents,Cross roads,Rural Areas,Open area,Human Error,Yes,Damage Only,Vehicle to Vehicle,Uncontrolled,Others,Others,Bitumen(Tar),Dry,Not Applicable,Fine,HEGGADENAGARA MAIN ROAD,NEAR SAMPIGEHALLI MAIN ROAD,1 KM,0.0,0.0
Bengaluru City,Chikkajala Traffic PS,1.04432e+16,2019,1,4,Road Accidents,Narrow road,City/Town,Open area,Not Applicable,No,Simple Injury,Not Applicable,Uncontrolled,Not Applicable,NH,Bitumen(Tar),Dry,Not Applicable,Fine,B B ROAD,NEAR CHIKKAJAL TRAFFIC,12,0.0,0.0
Bengaluru City,Chikkajala Traffic PS,1.04432e+16,2019,1,2,Road Accidents,Not Applicable,Rural Areas,Near Petrol Pump,Human Error,Yes,Grievous Injury,Vehicle to Vehicle,Uncontrolled,Others,State Highway,Bitumen(Tar),Dry,Not Applicable,Fine,SATANURU BAGALURU MAIN ROAD,OPP BHARATH PETRO BUNK,12 KM,0.0,0.0
Bengaluru City,Chikkajala Traffic PS,1.04432e+16,2019,1,2,Road Accidents,Narrow road,City/Town,Open area,Human Error,No,Grievous Injury,Rear end,Uncontrolled,Others,City or Town Road,Bitumen(Tar),Dry,Not Applicable,Fine,Gate 1 near,A N Z Circle Manyatha Tech Park Blr,10 KM,0.0,0.0
Bengaluru City,Chikkajala Traffic PS,1.04432e+16,2019,1,1,Road Accidents,Narrow road,City/Town,Open area,Human Error,Yes,Fatal,Hit and Run,Uncontrolled,Others,State Highway,Bitumen(Tar),Others,Not Applicable,Fine,Rajanukunte Road,Timmasandra,20 KM,0.0,0.0
Bengaluru City,Chikkajala Traffic PS,1.04432e+16,2019,1,1,Road Accidents,Offset,City/Town,Open area,Human Error,No,Grievous Injury,Not Applicable,Uncontrolled,Others,NH,Bitumen(Tar),Dry,Not Applicable,Fine,B B Road,Chikkajal Fly Over,16 KM,0.0,0.0
Bengaluru City,Chikkajala Traffic PS,1.04432e+16,2019,1,2,Road Accidents,Y Junction,City/Town,Narrow bridge or culverts,Human Error,No,Damage Only,Rear end,Uncontrolled,Others,NH,Bitumen(Tar),Dry,Not Applicable,Fine,B B Road NH7,Near Hosuru Gate,15 KM,0.0,0.0
Bengaluru City,Chikkajala Traffic PS,1.04432e+16,2019,1,2,Road Accidents,Cross roads,City/Town,Near School or College,Human Error,Yes,Simple Injury,Vehicle to Vehicle,Uncontrolled,Curve,State Highway,Bitumen(Tar),Dry,Not Applicable,Fine,HEGGADENAGARA MAIN,AGRAHARA LAYOUT CROSS TIRUMENAHALLI,2 KM,0.0,0.0
Bengaluru City,Chikkajala Traffic PS,1.04432e+16,2019,1,2,Road Accidents,Narrow road,Rural Areas,Open area,Human Error,No,Grievous Injury,Vehicle to Vehicle,Uncontrolled,Not Applicable,Others,Bitumen(Tar),Dry,Not Applicable,Fine,"BEHIND ITC FACTORYGATE,, TARABANAHALLI MAIN ROAD, Bengaluru City",BEHIND ITC FACTORYGATE TARABANAHALLI MAIN ROAD Bengaluru City,10 KM,0.0,0.0
Bengaluru City,Chikkajala Traffic PS,1.04432e+16,2019,1,2,Road Accidents,Narrow road,Rural Areas,Near Petrol Pump,Human Error,Yes,Grievous Injury,Vehicle to Vehicle,Uncontrolled,Not Applicable,Others,Bitumen(Tar),Dry,Not Applicable,Fine,Sathanur-Bagaluru Main Road,Near Bharath Petrol Bunk,12 KM,0.0,0.0
Bengaluru City,Chikkajala Traffic PS,1.04432e+16,2019,1,2,Road Accidents,Narrow road,Rural Areas,Narrow bridge or culverts,Human Error,No,Grievous Injury,Vehicle to Vehicle,Uncontrolled,Not Applicable,NH,Bitumen(Tar),Dry,Not Applicable,Fine,N H 7 B B Road,Near Ariport Up Ramp,16 KM,0.0,0.0
Bengaluru City,Chikkajala Traffic PS,1.04432e+16,2019,1,1,Road Accidents,Cross roads,City/Town,In bazaar,Human Error,No,Fatal,Not Applicable,Uncontrolled,Straight and flat,Two way,Not Applicable,Dry,Not Applicable,Fine,BAGALURU,BAGALURU SANTE,8,0.0,0.0
Bengaluru City,Chikkajala Traffic PS,1.04432e+16,2019,1,1,Road Accidents,Narrow road,City/Town,Open area,Human Error,No,Grievous Injury,Head on,Uncontrolled,Others,NH,Bitumen(Tar),Others,Not Applicable,Fine,NH 7 B B Service Road,Near Kadiganahalli Gate,12 KM,0.0,0.0
Bengaluru City,Chikkajala Traffic PS,1.04432e+16,2019,1,2,Road Accidents,Narrow road,City/Town,Open area,Human Error,Yes,Fatal,Hit and Run,Controlled,Curve,NH,Bitumen(Tar),Dry,Not Applicable,Fine,B B ROAD NH 7,NEAR SADAHALLI GATE,17 KM,0.0,0.0
Bengaluru City,Chikkajala Traffic PS,1.04432e+16,2019,1,2,Road Accidents,Cross roads,City/Town,Open area,Human Error,No,Fatal,Vehicle to Vehicle,Uncontrolled,Others,Two way,Bitumen(Tar),Dry,Not Applicable,Fine,KUDUREGERE ROAD,KUDUREGERE CROSS,16 KM,0.0,0.0
Bengaluru City,Chikkajala Traffic PS,1.04432e+16,2019,1,1,Road Accidents,Bridge,Not Applicable,Open area,Human Error,No,Fatal,Head on,Uncontrolled,Not Applicable,NH,Bitumen(Tar),Dry,Not Applicable,Fine,NH 7,NEAR AIRPORT DOWN RYAMP,18 KM,0.0,0.0
Bengaluru City,Chikkajala Traffic PS,1.04432e+16,2019,1,2,Road Accidents,Narrow road,City/Town,Open area,Human Error,No,Fatal,Side swipe,Uncontrolled,Others,Service Road,Bitumen(Tar),Dry,Not Applicable,Fine,NH 7 B B Road,Kote Cross Service Road,17 KM,0.0,0.0
Bengaluru City,Chikkajala Traffic PS,1.04432e+16,2019,1,2,Road Accidents,Narrow road,City/Town,Open area,Human Error,Yes,Simple Injury,Hit and Run,Uncontrolled,Others,State Highway,Bitumen(Tar),Dry,Not Applicable,Fine,MYLANAHALLI ROAD,MYLANAHALLI VILLAGE,8 KM,0.0,0.0
Bengaluru City,Chikkajala Traffic PS,1.04432e+16,2019,1,2,Road Accidents,Narrow road,City/Town,Open area,Human Error,Yes,Grievous Injury,Vehicle to Vehicle,Uncontrolled,Others,State Highway,Bitumen(Tar),Dry,Not Applicable,Fine,MVIT ROAD BENGALURU,NEAR HEERA FARM,15 km,0.0,0.0
Bengaluru City,Chikkajala Traffic PS,1.04432e+16,2019,1,2,Road Accidents,Not Applicable,City/Town,Residential area,Human Error,No,Grievous Injury,Vehicle to Vehicle,Uncontrolled,Straight and flat,Two way,Bitumen(Tar),Dry,Not Applicable,Fine,MVIT-RAJANKUNTE ROAD,NEAR SINDHU CARGO,12,0.0,0.0
Bengaluru City,Chikkajala Traffic PS,1.04432e+16,2019,1,2,Road Accidents,Not Applicable,City/Town,Near or inside a village,Human Error,No,Grievous Injury,Vehicle to Vehicle,Uncontrolled,Straight and flat,Two way,Bitumen(Tar),Dry,Not Applicable,Fine,BANDIKODIGEHALLI ROAD.,BASAVANAGUDI TEMPLE,13,0.0,0.0
Bengaluru City,Chikkajala Traffic PS,1.04432e+16,2020,1,2,Road Accidents,Not Applicable,City/Town,Open area,Human Error,Yes,Grievous Injury,Vehicle to Vehicle,Uncontrolled,Others,State Highway,Bitumen(Tar),Dry,Not Applicable,Fine,RAJANUKUNTE MVIT ROAD,NEAR SHYAM STORE,14 KM,0.0,0.0
Bengaluru City,Chikkajala Traffic PS,1.04432e+16,2020,1,1,Road Accidents,Not Applicable,City/Town,Open area,Human Error,Not Applicable,Simple Injury,Not Applicable,Uncontrolled,Others,NH,Bitumen(Tar),Dry,Not Applicable,Fine,B B ROAD,Near Bettahalasuru Cross,12 KM,0.0,0.0
Bengaluru City,Chikkajala Traffic PS,1.04432e+16,2020,1,2,Road Accidents,Not Applicable,City/Town,Near Petrol Pump,Human Error,No,Grievous Injury,Vehicle to Vehicle,Uncontrolled,Straight and flat,Service Road,Bitumen(Tar),Dry,Not Applicable,Fine,service road,opp tarabanahalli gate,14,0.0,0.0
Bengaluru City,Chikkajala Traffic PS,1.04432e+16,2020,1,2,Road Accidents,Not Applicable,City/Town,Near Bus stop,Human Error,No,Fatal,Not Applicable,Not Applicable,Straight and flat,NH,Bitumen(Tar),Dry,Not Applicable,Fine,"INFRONT OF SAFRIN FURNITURE, NEAR CHIKKAJALA BB ROAD NH-7,",INFRONT OF SAFRIN FURNITURE NEAR CHIKKAJALA BB ROAD NH 7,14,0.0,0.0
Bengaluru City,Chikkajala Traffic PS,1.04432e+16,2020,1,2,Road Accidents,Junction,City/Town,Near a factory industrial area,Human Error,No,Damage Only,Vehicle to Vehicle,Uncontrolled,Straight and flat,NH,Bitumen(Tar),Dry,Not Applicable,Fine,BB ROAD.NH-7,NEAR SADAHALLI GATE,16,0.0,0.0
Bengaluru City,Chikkajala Traffic PS,1.04432e+16,2020,1,2,Road Accidents,Not Applicable,City/Town,Near Bus stop,Human Error,Yes,Grievous Injury,Vehicle to Vehicle,Not Applicable,Not Applicable,Two way,Bitumen(Tar),Dry,Not Applicable,Others,near monark aptrs thanisandra  mn rd,near monark aprt,1km,0.0,0.0
Bengaluru City,Chikkajala Traffic PS,1.04432e+16,2020,1,2,Road Accidents,Not Applicable,Rural Areas,Near Bus stop,Human Error,No,Grievous Injury,Vehicle to Vehicle,Uncontrolled,Straight and flat,Two way,Bitumen(Tar),Dry,Not Applicable,Clear,BAGALURU MAIN ROAD,Near Vinayaka Nagar Bus Stop,8 KM,0.0,0.0
Bengaluru City,Chikkajala Traffic PS,1.04432e+16,2020,1,1,Road Accidents,Not Applicable,Rural Areas,Near or inside a village,Human Error,Yes,Grievous Injury,Hit pedestrian,Uncontrolled,Straight and flat,Two way,Bitumen(Tar),Dry,No influence on accident,Fine,GANTIGANAHALLI ROAD,NEAR NEELAGIRI TOPU,15 KM,0.0,0.0
Bengaluru City,Chikkajala Traffic PS,1.04432e+16,2020,1,1,Road Accidents,Not Applicable,City/Town,Open area,Human Error,Not Applicable,Grievous Injury,Not Applicable,Uncontrolled,Slight Curve,Two way,Bitumen(Tar),Dry,No influence on accident,Fine,JAKKUR-THANISANDRA RAILWAY PARALLEL ROAD,NEAR SITE NO 13,2 KM,0.0,0.0
Bengaluru City,Chikkajala Traffic PS,1.04432e+16,2020,1,2,Road Accidents,Not Applicable,Rural Areas,Near or inside a village,Human Error,Yes,Simple Injury,Vehicle to Vehicle,Uncontrolled,Straight and flat,Two way,Bitumen(Tar),Dry,Not Applicable,Fine,BEGURU-MYLANAHALLI ROAD,FIVE STAR KOLI HAT,17 KM,0.0,0.0
Bengaluru City,Chikkajala Traffic PS,1.04432e+16,2020,1,2,Road Accidents,Not Applicable,Rural Areas,Near Petrol Pump,Human Error,Yes,Grievous Injury,Vehicle to Vehicle,Uncontrolled,Straight and flat,Two way,Bitumen(Tar),Dry,Not Applicable,Clear,"KANNUR- BAGALUR MN RD,",H P PETROL BUNK,6KM,0.0,0.0
Bengaluru City,Chikkajala Traffic PS,1.04432e+16,2020,1,1,Road Accidents,Not Applicable,Rural Areas,Near Bus stop,Human Error,Not Applicable,Damage Only,Not Applicable,Uncontrolled,Straight and flat,Two way,Bitumen(Tar),Dry,Not Applicable,Clear,BAGALURU-GOPALAPURA MAIN ROAD,GOPALAPURA BUSSTOP,11 KM,0.0,0.0
Bengaluru City,Chikkajala Traffic PS,1.04432e+16,2020,1,2,Road Accidents,Not Applicable,Rural Areas,Open area,Human Error,No,Simple Injury,Vehicle to Vehicle,Uncontrolled,Others,State Highway,Bitumen(Tar),Not Applicable,Not Applicable,Fine,KIDB ROAD,NEAR STARLING SCHOOL,14 KM,0.0,0.0
Bengaluru City,Chikkajala Traffic PS,1.04432e+16,2020,1,1,Road Accidents,Not Applicable,City/Town,Open area,Not Applicable,Yes,Fatal,Hit pedestrian,Uncontrolled,Not Applicable,State Highway,Bitumen(Tar),Dry,Not Applicable,Fine,HEGGADENAGARA MAIN ROAD,NEAR NOOR NAGARA,2 KM,0.0,0.0
Bengaluru City,Chikkajala Traffic PS,1.04432e+16,2020,1,1,Road Accidents,Not Applicable,Rural Areas,Open area,Human Error,No,Damage Only,Not Applicable,Uncontrolled,Others,Others,Bitumen(Tar),Dry,Not Applicable,Fine,BAGALURU MAIN ROAD,NEAR NAVODAYA SCHOL,8 KM,0.0,0.0
Bengaluru City,Chikkajala Traffic PS,1.04432e+16,2020,1,1,Road Accidents,Not Applicable,Rural Areas,Near office complex,Human Error,No,Simple Injury,Not Applicable,Uncontrolled,Straight and flat,Sub Arterial,Bitumen(Tar),Dry,Not Applicable,Clear,VEERANNAPALYA JN RING RD,PARKING PLACE KARLE INFRA PVT LTD,5KM,0.0,0.0
Bengaluru City,Chikkajala Traffic PS,1.04432e+16,2020,1,1,Road Accidents,Narrow road,Rural Areas,Near or inside a village,Human Error,No,Fatal,Not Applicable,Uncontrolled,Curve and Incline,Others,Bitumen(Tar),Dry,Not Applicable,Fine,DODDAJALA-CHIKKAJALA ROAD,DODDAJALA RAJKALUVE,12 KM,0.0,0.0
Bengaluru City,Chikkajala Traffic PS,1.04432e+16,2020,1,2,Road Accidents,Not Applicable,City/Town,Near office complex,Human Error,No,Damage Only,Vehicle to Vehicle,Uncontrolled,Straight and flat,Two way,Bitumen(Tar),Dry,Not Applicable,Fine,thanisandra main road,NEAR RELIANCE MARKET,2,0.0,0.0
Bengaluru City,Chikkajala Traffic PS,1.04432e+16,2020,1,2,Road Accidents,Not Applicable,Rural Areas,Open area,Human Error,No,Grievous Injury,Vehicle to Vehicle,Uncontrolled,Straight and flat,Two way,Bitumen(Tar),Dry,Not Applicable,Clear,DODDAJALA MAIN ROAD,NEAR SHETTIGERE,16 KMS,0.0,0.0
Bengaluru City,Chikkajala Traffic PS,1.04432e+16,2020,1,1,Road Accidents,Not Applicable,Rural Areas,Open area,Human Error,Yes,Grievous Injury,Vehicle to Vehicle,Uncontrolled,Not Applicable,NH,Bitumen(Tar),Others,Not Applicable,Fine,B B ROAD NH 7,NEAR MEENUKUNTE HOSUR,16 KM,0.0,0.0
Bengaluru City,Chikkajala Traffic PS,1.04432e+16,2020,1,2,Road Accidents,Cross roads,City/Town,Near a religious place,Human Error,No,Damage Only,Vehicle to Vehicle,Uncontrolled,Curve,Two way,Bitumen(Tar),Dry,Not Applicable,Clear,HEGADENAGAR MAIN ROAD,HAJBHAVANA,2,0.0,0.0
Bengaluru City,Chikkajala Traffic PS,1.04432e+16,2020,1,1,Road Accidents,Not Applicable,Rural Areas,Near Petrol Pump,Human Error,No,Grievous Injury,Hit pedestrian,Uncontrolled,Straight and flat,Two way,Bitumen(Tar),Dry,No influence on accident,Fine,BAGALUR ROAD,NEAR PETROL BUNK,7,0.0,0.0
Bengaluru City,Chikkajala Traffic PS,1.04432e+16,2020,1,2,Road Accidents,Not Applicable,Rural Areas,Narrow bridge or culverts,Human Error,No,Grievous Injury,Vehicle to Vehicle,Not Applicable,Not Applicable,NH,Bitumen(Tar),Dry,Not Applicable,Fine,B B ROAD NH 7,A2B HOTEL,12 KM,0.0,0.0
Bengaluru City,Chikkajala Traffic PS,1.04432e+16,2020,1,1,Road Accidents,Narrow road,Rural Areas,Near or inside a village,Human Error,No,Simple Injury,Not Applicable,Uncontrolled,Not Applicable,NH,Bitumen(Tar),Dry,Not Applicable,Fine,"BB ROAD,NH-7",DOWNRAMP OF CHIKKAJALA FLYOVER,10,0.0,0.0
Bengaluru City,Chikkajala Traffic PS,1.04432e+16,2020,1,1,Road Accidents,Junction,City/Town,Narrow bridge or culverts,Human Error,No,Grievous Injury,Hit pedestrian,Uncontrolled,Curve,Service Road,Bitumen(Tar),Dry,Not Applicable,Clear,BB ROAD NH-7,NEAR VIDYANAGARA CROSS,13 KM,0.0,0.0
Bengaluru City,Chikkajala Traffic PS,1.04432e+16,2020,1,2,Road Accidents,Not Applicable,Rural Areas,Open area,Human Error,No,Fatal,Vehicle to Vehicle,Uncontrolled,Straight and flat,Two way,Bitumen(Tar),Dry,Not Applicable,Fine,BAGALURU-KANNUR MAIN ROAD,NEAR RK MOTORS GARAGE,7 KM,0.0,0.0
Bengaluru City,Chikkajala Traffic PS,1.04432e+16,2020,1,2,Road Accidents,Not Applicable,City/Town,Open area,Human Error,No,Grievous Injury,Vehicle to Vehicle,Uncontrolled,Straight and flat,NH,Bitumen(Tar),Dry,No influence on accident,Fine,BB ROAD,WAY BRIDGE,12 KM,0.0,0.0
Bengaluru City,Chikkajala Traffic PS,1.04432e+16,2020,1,2,Road Accidents,Junction,City/Town,Residential area,Human Error,No,Fatal,Vehicle to Vehicle,Uncontrolled,Straight and flat,Two way,Bitumen(Tar),Dry,No influence on accident,Wind,NAGAWARA RING ROAD,MANYATHA TECK PARK,5 KM,0.0,0.0
Bengaluru City,Chikkajala Traffic PS,1.04432e+16,2020,1,2,Road Accidents,Not Applicable,City/Town,Residential area,Human Error,No,Grievous Injury,Vehicle to Vehicle,Uncontrolled,Straight and flat,Service Road,Bitumen(Tar),Dry,No influence on accident,Fine,nagawara ring road,NEAR LIQUOR SHOP,3 km,0.0,0.0
Bengaluru City,Chikkajala Traffic PS,1.04432e+16,2020,1,2,Road Accidents,Not Applicable,City/Town,Narrow bridge or culverts,Human Error,No,Damage Only,Vehicle to Vehicle,Uncontrolled,Straight and flat,NH,Bitumen(Tar),Dry,Not Applicable,Dust Storn,BB ROAD,VIDYANAGAR ON FLYOVER,13 KM,0.0,0.0
Bengaluru City,Chikkajala Traffic PS,1.04432e+16,2020,1,2,Road Accidents,Not Applicable,Rural Areas,Near or inside a village,Human Error,No,Grievous Injury,Vehicle to Vehicle,Uncontrolled,Straight and flat,Two way,Bitumen(Tar),Dry,Not Applicable,Fine,BAGALUR-KANNUR MN RD,CHAGALAHATTI VILLAGE,8 km,0.0,0.0
Bengaluru City,Chikkajala Traffic PS,1.04432e+16,2020,1,2,Road Accidents,Not Applicable,City/Town,Near or inside a village,Human Error,No,Simple Injury,Vehicle to Vehicle,Uncontrolled,Straight and flat,NH,Bitumen(Tar),Dry,Not Applicable,Clear,BB ROAD,KOTE CROSS CHIKKAJALA,12 KM,0.0,0.0
Bengaluru City,Chikkajala Traffic PS,1.04432e+16,2020,1,2,Road Accidents,Cross roads,City/Town,Near School or College,Human Error,Yes,Grievous Injury,Vehicle to Vehicle,Uncontrolled,Not Applicable,State Highway,Bitumen(Tar),Dry,Not Applicable,Others,NEAR TURNING OF VIDYANAGARA SCHOOL RAZAQ PALYA ROAD,NEAR TURNING OF VIDYANAGARA SCHOOL RAZAQ PALYA ROAD,16 KM,0.0,0.0
Bengaluru City,Chikkajala Traffic PS,1.04432e+16,2020,1,2,Road Accidents,Circle,City/Town,Near School or College,Human Error,Yes,Grievous Injury,Vehicle to Vehicle,Uncontrolled,Straight and flat,Two way,Bitumen(Tar),Dry,Not Applicable,Fine,REVA COLLAGE  MAIN ROAD,OPP REVA COLLAGE,8,0.0,0.0
Bengaluru City,Chikkajala Traffic PS,1.04432e+16,2020,1,1,Road Accidents,Curves,Rural Areas,Near office complex,Human Error,No,Grievous Injury,Not Applicable,Not Applicable,Curve,Two way,Bitumen(Tar),Dry,Not Applicable,Fine,jayaprakash narayana sports centre uttaahalli mn rd,NEAR JAYAPRAKASH SPORTS CENTRE,15KM,0.0,0.0
Bengaluru City,Chikkajala Traffic PS,1.04432e+16,2020,1,2,Road Accidents,Not Applicable,City/Town,Near School or College,Human Error,No,Damage Only,Vehicle to Vehicle,Uncontrolled,Straight and flat,Two way,Bitumen(Tar),Dry,Not Applicable,Fine,BAGALURU MAIN ROAD,BRUNDAVANA COLLAGE,5 KM,0.0,0.0
Bengaluru City,Chikkajala Traffic PS,1.04432e+16,2020,1,2,Road Accidents,Not Applicable,Rural Areas,Open area,Human Error,Yes,Simple Injury,Vehicle to Vehicle,Not at  Junction,Others,Two way,Bitumen(Tar),Dry,Not Applicable,Clear,kote cross chikkajala bb road,near chikkajala village,15km,0.0,0.0