DISTRICTNAME,UNITNAME,Crime_No,Year,RI,Noofvehicle_involved,Accident_Classification,Accident_Spot,Accident_Location,Accident_SubLocation,Main_Cause,Hit_Run,Severity,Collision_Type,Junction_Control,Road_Character,Road_Type,Surface_Type,Surface_Condition,Road_Condition,Weather,Accident_Road,Landmark_first,Distance_LandMark_First,Latitude,Longitude
Bengaluru City,Chikkajala Traffic PS,1.04432e+16,2020,1,1,Road Accidents,Circle,Rural Areas,Near or inside a village,Human Error,Not Applicable,Simple Injury,Not Applicable,Uncontrolled,Others,Two way,Bitumen(Tar),Dry,Not Applicable,Clear,"MVIT-GANTIGANAHALLI MAIN ROAD,",NEAR GANTIGANAHALLI CIRCLE,8 KM,0.0,0.0
Bengaluru City,Chikkajala Traffic PS,1.04432e+16,2020,1,1,Road Accidents,Not Applicable,Rural Areas,Narrow bridge or culverts,Human Error,Not Applicable,Simple Injury,Not Applicable,Uncontrolled,Others,NH,Bitumen(Tar),Dry,Not Applicable,Clear,BB ROAD NH-7,HUNASAMARANAHALLI FLY OVER,12 KM,0.0,0.0
Bengaluru City,Chikkajala Traffic PS,1.04432e+16,2020,1,2,Road Accidents,Not Applicable,City/Town,Near Petrol Pump,Human Error,Yes,Grievous Injury,Vehicle to Vehicle,Uncontrolled,Straight and flat,Service Road,Bitumen(Tar),Dry,Not Applicable,Fine,SERVICE ROAD OF BB ROAD,INDIAN OIL PETROL BUNK,10 KM,0.0,0.0
Bengaluru City,Chikkajala Traffic PS,1.04432e+16,2020,1,2,Road Accidents,Not Applicable,City/Town,Residential area,Human Error,No,Damage Only,Vehicle to Vehicle,Uncontrolled,Straight and flat,NH,Bitumen(Tar),Dry,Not Applicable,Clear,BB ROAD,SADAHALLI TOLL,17 KM,0.0,0.0
Bengaluru City,Chikkajala Traffic PS,1.04432e+16,2020,1,1,Road Accidents,Not Applicable,City/Town,Residential area,Human Error,Not Applicable,Grievous Injury,Not Applicable,Uncontrolled,Straight and flat,NH,Bitumen(Tar),Dry,Not Applicable,Fine,B B ROAD,OPP DECATHLON,15 km,0.0,0.0
Bengaluru City,Chikkajala Traffic PS,1.04432e+16,2020,1,1,Road Accidents,Cross roads,Rural Areas,Near or inside a village,Human Error,Yes,Grievous Injury,Hit pedestrian,Uncontrolled,Others,One way,Bitumen(Tar),Dry,Not Applicable,Fine,SAMPIGEHALLI MAIN ROAD,NEAR MILK DAIRY,2,0.0,0.0
Bengaluru City,Chikkajala Traffic PS,1.04432e+16,2020,1,1,Road Accidents,Junction,City/Town,Residential area,Human Error,Yes,Simple Injury,Hit pedestrian,Uncontrolled,Straight and flat,Two way,Bitumen(Tar),Dry,Not Applicable,Fine,AIRPORT BACKGATE ROAD,AIRPORT BACKGATE,15,0.0,0.0
Bengaluru City,Chikkajala Traffic PS,1.04432e+16,2020,1,1,Road Accidents,Not Applicable,City/Town,Near Bus stop,Human Error,No,Grievous Injury,Hit pedestrian,Not Applicable,Others,Service Road,Bitumen(Tar),Dry,Not Applicable,Fine,B B ROAD SERVICE ROAD,SHAKTINAGARA BUS STOP,15 KM,0.0,0.0
Bengaluru City,Chikkajala Traffic PS,1.04432e+16,2020,1,1,Road Accidents,Not Applicable,City/Town,Near Petrol Pump,Human Error,Yes,Simple Injury,Hit pedestrian,Uncontrolled,Straight and flat,Service Road,Bitumen(Tar),Dry,Not Applicable,Fine,NAGAWARA SERVICE ROAD,MANYATHA FIRST GATE,5,0.0,0.0
Bengaluru City,Chikkajala Traffic PS,1.04432e+16,2020,1,2,Road Accidents,Not Applicable,City/Town,Near a factory industrial area,Human Error,Yes,Fatal,Vehicle to Vehicle,Uncontrolled,Straight and flat,Two way,Bitumen(Tar),Dry,Not Applicable,Others,KIADB MAIN ROAD,NEAR SHELL FACTORY,12 KM,0.0,0.0
Bengaluru City,Chikkajala Traffic PS,1.04432e+16,2020,1,2,Road Accidents,Not Applicable,Rural Areas,Near office complex,Human Error,No,Damage Only,Vehicle to Vehicle,Uncontrolled,Others,Others,Concrete,Dry,Not Applicable,Clear,RAJANKUNTE-MVIT ROAD,SINDHU CARGO PREMISES,10 KM,0.0,0.0
Bengaluru City,Chikkajala Traffic PS,1.04432e+16,2020,1,2,Road Accidents,Cross roads,Rural Areas,Narrow bridge or culverts,Human Error,No,Damage Only,Vehicle to Vehicle,Uncontrolled,Curve,Service Road,Bitumen(Tar),Dry,No influence on accident,Fine,SERVICE ROAD OF BB ROAD,NEAR GANESHA TEMPLE,12,0.0,0.0
Bengaluru City,Chikkajala Traffic PS,1.04432e+16,2020,1,1,Road Accidents,Not Applicable,Rural Areas,Residential area,Human Error,Not Applicable,Simple Injury,Not Applicable,Uncontrolled,Straight and flat,Two way,Bitumen(Tar),Dry,No influence on accident,Fine,MAILANAHALLI MAIN ROAD,NEAR CHIKKANAHALLI ESTATE,15 KM,0.0,0.0
Bengaluru City,Chikkajala Traffic PS,1.04432e+16,2020,1,2,Road Accidents,Junction,Rural Areas,Near or inside a village,Human Error,Yes,Grievous Injury,Vehicle to Vehicle,Uncontrolled,Curve,Two way,Bitumen(Tar),Dry,No influence on accident,Very Hot,MYLANAHALLI MN RD,NEAR BEGUR JN AIRPORT BACK GATE,16KM,0.0,0.0
Bengaluru City,Chikkajala Traffic PS,1.04432e+16,2020,1,1,Road Accidents,Curves,Rural Areas,Near or inside a village,Human Error,Yes,Simple Injury,Hit pedestrian,Uncontrolled,Curve,Others,Concrete,Dry,Not Applicable,Clear,BAGALURU ROAD,RAZAQPALYA,5 KM,0.0,0.0
Bengaluru City,Chikkajala Traffic PS,1.04432e+16,2020,1,2,Road Accidents,Junction,City/Town,Residential area,Human Error,No,Grievous Injury,Vehicle to Vehicle,Uncontrolled,Curve,Two way,Bitumen(Tar),Dry,Not Applicable,Clear,HEBBALA-KR PURAM MAIN ROAD,VEERANNAPALYA JUNCTION,6 KM,0.0,0.0
Bengaluru City,Chikkajala Traffic PS,1.04432e+16,2020,1,2,Road Accidents,Cross roads,Rural Areas,Near or inside a village,Human Error,No,Grievous Injury,Vehicle to Vehicle,Uncontrolled,Curve,Mixed,Bitumen(Tar),Dry,No influence on accident,Fine,BAGALURU ROAD,MEESAGANAHALLI VILLAGE,14 KM,0.0,0.0
Bengaluru City,Chikkajala Traffic PS,1.04432e+16,2020,1,2,Road Accidents,Not Applicable,City/Town,Open area,Human Error,Yes,Grievous Injury,Vehicle to Vehicle,Uncontrolled,Straight and flat,Two way,Bitumen(Tar),Dry,Not Applicable,Clear,begur road,UBER PARKING,18 km,0.0,0.0
Bengaluru City,Chikkajala Traffic PS,1.04432e+16,2020,1,2,Road Accidents,Not Applicable,Rural Areas,Near School or College,Human Error,Not Applicable,Fatal,Vehicle to Vehicle,Uncontrolled,Straight and flat,Two way,Bitumen(Tar),Dry,Not Applicable,Fine,STONE HILL ROAD,GURUKUL SCHOOL,21 KMS,0.0,0.0
Bengaluru City,Chikkajala Traffic PS,1.04432e+16,2020,1,1,Road Accidents,Not Applicable,City/Town,Open area,Human Error,Yes,Simple Injury,Hit pedestrian,Uncontrolled,Others,NH,Bitumen(Tar),Not Applicable,Not Applicable,Fine,B B ROAD,NEAR BETTAHALASURU CROSS,14 KM,0.0,0.0
Bengaluru City,Chikkajala Traffic PS,1.04432e+16,2020,1,2,Road Accidents,Not Applicable,City/Town,Residential area,Human Error,No,Damage Only,Vehicle to Vehicle,Uncontrolled,Straight and flat,Two way,Bitumen(Tar),Dry,Not Applicable,Fine,NAGAWARA RING ROAD,MANYATHA TECH PARK,4 KM,0.0,0.0
Bengaluru City,Chikkajala Traffic PS,1.04432e+16,2020,1,2,Road Accidents,Not Applicable,City/Town,Near office complex,Human Error,No,Damage Only,Vehicle to Vehicle,Uncontrolled,Straight and flat,Two way,Bitumen(Tar),Dry,Not Applicable,Fine,NAGAVARA- HEBBALA RING ROAD,OPP BEL CORPORATE OFFICE,4 KM,0.0,0.0
Bengaluru City,Chikkajala Traffic PS,1.04432e+16,2020,1,2,Road Accidents,Not Applicable,City/Town,Open area,Human Error,No,Grievous Injury,Vehicle to Vehicle,Uncontrolled,Straight and flat,NH,Bitumen(Tar),Dry,Not Applicable,Clear,BB ROAD,HUNASAMARANAHALLI UPRAMP,10 KM,0.0,0.0
Bengaluru City,Chikkajala Traffic PS,1.04432e+16,2020,1,2,Road Accidents,Not Applicable,City/Town,Near a religious place,Human Error,Yes,Fatal,Vehicle to Vehicle,Uncontrolled,Straight and flat,Two way,Bitumen(Tar),Dry,Not Applicable,Clear,HEGADENAGARA MAIN ROAD,NEAR HAJ BHAVANA,4 KM,0.0,0.0
Bengaluru City,Chikkajala Traffic PS,1.04432e+16,2020,1,2,Road Accidents,Not Applicable,Rural Areas,Open area,Human Error,No,Grievous Injury,Vehicle to Vehicle,Uncontrolled,Others,Others,Bitumen(Tar),Dry,Not Applicable,Fine,BAGALURU MAIN ROAD,BASAVANA GUDI NEAR,9 KM,0.0,0.0
Bengaluru City,Chikkajala Traffic PS,1.04432e+16,2020,1,2,Road Accidents,Not Applicable,Rural Areas,Open area,Human Error,No,Damage Only,Vehicle to Vehicle,Uncontrolled,Curve,Others,Bitumen(Tar),Dry,Not Applicable,Fine,BAGALURU MAIN ROAD,NEAR B K HALLI VILLAGE,12 KM,0.0,0.0
Bengaluru City,Chikkajala Traffic PS,1.04432e+16,2020,1,1,Road Accidents,Not Applicable,City/Town,Near or inside a village,Human Error,Yes,Simple Injury,Hit pedestrian,Uncontrolled,Straight and flat,NH,Bitumen(Tar),Dry,Not Applicable,Fine,BB ROAD,OPP KADIGANAHALLI GATE,12,0.0,0.0
Bengaluru City,Chikkajala Traffic PS,1.04432e+16,2020,1,1,Road Accidents,Cross roads,City/Town,Near a factory industrial area,Human Error,Yes,Grievous Injury,Hit pedestrian,Uncontrolled,Curve,NH,Bitumen(Tar),Dry,Not Applicable,Fine,"BB ROAD,NH-7",ITC GATE,18,0.0,0.0
Bengaluru City,Chikkajala Traffic PS,1.04432e+16,2020,1,2,Road Accidents,Not Applicable,Rural Areas,Near or inside a village,Human Error,Yes,Grievous Injury,Vehicle to Vehicle,Uncontrolled,Straight and flat,Two way,Bitumen(Tar),Dry,No influence on accident,Wind,MVIT RAJANKUNTE ROAD,GANGANAGARA CROSS,15,0.0,0.0
Bengaluru City,Chikkajala Traffic PS,1.04432e+16,2020,1,2,Road Accidents,Not Applicable,Rural Areas,Residential area,Human Error,No,Simple Injury,Vehicle to Vehicle,Uncontrolled,Straight and flat,Two way,Bitumen(Tar),Dry,Not Applicable,Fine,"MVIT-RAAJANKUNTE ROAD,",NEAR SINDHU CARGO,13 KM,0.0,0.0
Bengaluru City,Chikkajala Traffic PS,1.04432e+16,2020,1,2,Road Accidents,Narrow road,Rural Areas,Near Bus stop,Human Error,Yes,Fatal,Vehicle to Vehicle,Not Applicable,Not Applicable,Service Road,Bitumen(Tar),Dry,No influence on accident,Clear,"NEAR KOTE CROSS,SERVICE RD CHIKKAJALA, B B ROAD.NH-7, Bengaluru",near decathlon,0.5km,0.0,0.0
Bengaluru City,Chikkajala Traffic PS,1.04432e+16,2020,1,1,Road Accidents,Not Applicable,Rural Areas,Open area,Human Error,Not Applicable,Fatal,Not Applicable,Uncontrolled,Straight and flat,Two way,Bitumen(Tar),Dry,No influence on accident,Fine,NEAR GOPALAPUR VILLAGE,NEAR GOPALAPUR VILLAGE,12 KM,0.0,0.0
Bengaluru City,Chikkajala Traffic PS,1.04432e+16,2020,1,2,Road Accidents,Not Applicable,City/Town,Near or inside a village,Human Error,No,Damage Only,Vehicle to Vehicle,Uncontrolled,Straight and flat,Two way,Bitumen(Tar),Dry,Not Applicable,Clear,GANTIGANAHALLI CROSS,GANTIGANAHALLI CROSS,15 KM,0.0,0.0
Bengaluru City,Chikkajala Traffic PS,1.04432e+16,2020,1,1,Road Accidents,Not Applicable,Rural Areas,Open area,Human Error,Yes,Simple Injury,Hit pedestrian,Uncontrolled,Straight and flat,Two way,Bitumen(Tar),Dry,Not Applicable,Fine,DODDAJALA-CHIKKAJALA,CRICKET GROUND,11 KM,0.0,0.0
Bengaluru City,Chikkajala Traffic PS,1.04432e+16,2020,1,1,Road Accidents,Not Applicable,Rural Areas,Near or inside a village,Human Error,Yes,Simple Injury,Hit pedestrian,Uncontrolled,Straight and flat,Two way,Bitumen(Tar),Dry,Not Applicable,Fine,MAILANAHALLI VILLAGE road,MAILANAHALLI VILLAGE,18 KM,0.0,0.0
Bengaluru City,Chikkajala Traffic PS,1.04432e+16,2020,1,2,Road Accidents,Not Applicable,Rural Areas,Open area,Human Error,Yes,Grievous Injury,Vehicle to Vehicle,Uncontrolled,Straight and flat,Two way,Bitumen(Tar),Dry,Not Applicable,Fine,MARASANDRA MAIN,COCONUT FARM,13 KM,0.0,0.0
Bengaluru City,Chikkajala Traffic PS,1.04432e+16,2020,1,1,Road Accidents,Narrow road,City/Town,Open area,Human Error,Yes,Fatal,Hit pedestrian,Uncontrolled,Curve and Incline,Service Road,Bitumen(Tar),Dry,Not Applicable,Fine,80 FEET ROAD,BSNL EXCHANGE OFFICE,1,0.0,0.0
Bengaluru City,Chikkajala Traffic PS,1.04432e+16,2020,1,1,Road Accidents,Not Applicable,City/Town,Near office complex,Human Error,Yes,Simple Injury,Hit pedestrian,Uncontrolled,Others,Others,Bitumen(Tar),Dry,Not Applicable,Fine,BAGALURU MAIN ROAD,NEAR BEKARY DWARAKANAGARA,8 KM,0.0,0.0
Bengaluru City,Chikkajala Traffic PS,1.04432e+16,2020,1,2,Road Accidents,Not Applicable,City/Town,Near office complex,Human Error,No,Damage Only,Vehicle to Vehicle,Uncontrolled,Straight and flat,NH,Bitumen(Tar),Dry,No influence on accident,Fine,BB ROAD,TOYOTA SHOWROOM,11,0.0,0.0
Bengaluru City,Chikkajala Traffic PS,1.04432e+16,2020,1,2,Road Accidents,Not Applicable,Rural Areas,Near or inside a village,Human Error,No,Simple Injury,Vehicle to Vehicle,Uncontrolled,Straight and flat,Two way,Bitumen(Tar),Dry,Not Applicable,Fine,CHIKKAJALA -CHANNAHALLI ROAD,C M BAR,15,0.0,0.0
Bengaluru City,Chikkajala Traffic PS,1.04432e+16,2020,1,3,Road Accidents,Not Applicable,City/Town,Near Petrol Pump,Human Error,Yes,Fatal,Vehicle to Vehicle,Uncontrolled,Straight and flat,Two way,Bitumen(Tar),Dry,Not Applicable,Clear,BAGALUR MAIN ROAD,NEAR HP PETROL BUNK,5 KM,0.0,0.0
Bengaluru City,Chikkajala Traffic PS,1.04432e+16,2020,1,1,Road Accidents,Junction,City/Town,Narrow bridge or culverts,Human Error,Not Applicable,Grievous Injury,Not Applicable,Give way sign,Others,Two way,Bitumen(Tar),Dry,Construction Work / Material,Clear,VEERANNA PALYA DOWNRAMP RING RD NAGAVARA BANGALORE,NEAR BEL OFFICE,6 KM,0.0,0.0
Bengaluru City,Chikkajala Traffic PS,1.04432e+16,2020,1,2,Road Accidents,Not Applicable,Rural Areas,Near a recreation place/cinema,Human Error,No,Damage Only,Vehicle to Vehicle,Uncontrolled,Straight and flat,Two way,Bitumen(Tar),Dry,Not Applicable,Clear,"80 FEET RD, HEGGADENAGARA",AKSHTHA BAR,0.5 KM,0.0,0.0
Bengaluru City,Chikkajala Traffic PS,1.04432e+16,2020,1,2,Road Accidents,Not Applicable,City/Town,Residential area,Human Error,No,Damage Only,Vehicle to Vehicle,Uncontrolled,Straight and flat,NH,Bitumen(Tar),Dry,Not Applicable,Fine,BB ROAD,TOLL,16 KM,0.0,0.0
Bengaluru City,Chikkajala Traffic PS,1.04432e+16,2020,1,1,Road Accidents,Not Applicable,Rural Areas,Near or inside a village,Human Error,Yes,Simple Injury,Hit pedestrian,Uncontrolled,Not Applicable,Sub Arterial,Bitumen(Tar),Dry,Not Applicable,Fine,Sathanur road,Sathanur Colony,10 km,0.0,0.0
Bengaluru City,Chikkajala Traffic PS,1.04432e+16,2020,1,1,Road Accidents,Not Applicable,City/Town,Near School or College,Human Error,Yes,Grievous Injury,Hit pedestrian,Uncontrolled,Straight and flat,Two way,Bitumen(Tar),Dry,Not Applicable,Clear,bagalur main road,BRUNDAVANA COLLEGE,07 KM,0.0,0.0
Bengaluru City,Chikkajala Traffic PS,1.04432e+16,2020,1,1,Road Accidents,Not Applicable,City/Town,Near School or College,Human Error,No,Simple Injury,Vehicle to Vehicle,Uncontrolled,Straight and flat,Two way,Bitumen(Tar),Dry,Not Applicable,Clear,REVA COLLAGE MAIN ROAD,REVA COLLAGE,6 KM,0.0,0.0
Bengaluru City,Chikkajala Traffic PS,1.04432e+16,2020,1,2,Road Accidents,Not Applicable,City/Town,Open area,Human Error,No,Fatal,Vehicle to Vehicle,Uncontrolled,Others,Others,Bitumen(Tar),Dry,Not Applicable,Fine,HEGGADENAGARA MAIN ROAD,NEAR CHOKKANAHALLI CROSS,3 KM,0.0,0.0
Bengaluru City,Chikkajala Traffic PS,1.04432e+16,2020,1,2,Road Accidents,Not Applicable,Rural Areas,Open area,Human Error,No,Simple Injury,Vehicle to Vehicle,Uncontrolled,Straight and flat,Two way,Bitumen(Tar),Dry,Not Applicable,Fine,"BUDIGERE MAIN ROAD,,",GOLLAHALLI GATE,20,0.0,0.0
Bengaluru City,Chikkajala Traffic PS,1.04432e+16,2020,1,1,Road Accidents,Not Applicable,City/Town,Near office complex,Human Error,No,Simple Injury,Not Applicable,Uncontrolled,Straight and flat,NH,Bitumen(Tar),Dry,Not Applicable,Fine,"BB ROAD,NH-7",OPP TOYOTA SHOWROOM,11,0.0,0.0
Bengaluru City,Chikkajala Traffic PS,1.04432e+16,2020,1,2,Road Accidents,Not Applicable,City/Town,Near or inside a village,Human Error,No,Damage Only,Vehicle to Vehicle,Uncontrolled,Straight and flat,Two way,Bitumen(Tar),Dry,Not Applicable,Fine,DOUBLE ROAD,4TH CROSS,1,0.0,0.0
Bengaluru City,Chikkajala Traffic PS,1.04432e+16,2020,1,2,Road Accidents,Cross roads,City/Town,Near a religious place,Human Error,No,Damage Only,Vehicle to Vehicle,Uncontrolled,Straight and flat,Two way,Bitumen(Tar),Dry,Not Applicable,Fine,HEGADENAGARA MAIN ROAD,NEAR HAJBHAVANA,3 KM,0.0,0.0
Bengaluru City,Chikkajala Traffic PS,1.04432e+16,2020,1,2,Road Accidents,Not Applicable,City/Town,Near office complex,Human Error,No,Simple Injury,Vehicle to Vehicle,Uncontrolled,Straight and flat,NH,Bitumen(Tar),Dry,No influence on accident,Clear,NH-7 BB ROAD,TOYOTA SHOWROOM,12,0.0,0.0
Bengaluru City,Chikkajala Traffic PS,1.04432e+16,2020,1,1,Road Accidents,Not Applicable,Rural Areas,Narrow bridge or culverts,Human Error,No,Fatal,Hit pedestrian,Uncontrolled,Straight and flat,NH,Bitumen(Tar),Dry,No influence on accident,Clear,"BB ROAD,NH-7",INDIAN OIL PETROL BUNK,12,0.0,0.0
Bengaluru City,Chikkajala Traffic PS,1.04432e+16,2020,1,1,Road Accidents,Cross roads,Rural Areas,Near or inside a village,Human Error,Not Applicable,Fatal,Not Applicable,Uncontrolled,Others,Two way,Bitumen(Tar),Dry,No influence on accident,Clear,B.K HALLI-BAGALUR MAIN Road,B K HALLI CROSS,12 km,0.0,0.0
Bengaluru City,Chikkajala Traffic PS,1.04432e+16,2020,1,2,Road Accidents,Curves,Rural Areas,Near or inside a village,Human Error,Yes,Grievous Injury,Vehicle to Vehicle,Uncontrolled,Curve,Service Road,Bitumen(Tar),Dry,No influence on accident,Fine,BB ROAD,KOTE CROSS,11 KM,0.0,0.0
Bengaluru City,Chikkajala Traffic PS,1.04432e+16,2020,1,2,Road Accidents,Junction,Rural Areas,Near or inside a village,Human Error,Not Applicable,Damage Only,Vehicle to Vehicle,Uncontrolled,Curve,Two way,Bitumen(Tar),Dry,No influence on accident,Clear,JAKKUR MN RD,NEAR SHUBASAGARA HOTEL,2 km,0.0,0.0
Bengaluru City,Chikkajala Traffic PS,1.04432e+16,2020,1,1,Road Accidents,Not Applicable,Rural Areas,Near office complex,Human Error,Not Applicable,Fatal,Not Applicable,Uncontrolled,Straight and flat,Two way,Bitumen(Tar),Dry,Not Applicable,Clear,MVIT-RAJANKUNTE ROAD,NEAR EMVEE SOLAR COMPANY,12,0.0,0.0
Bengaluru City,Chikkajala Traffic PS,1.04432e+16,2020,1,2,Road Accidents,Not Applicable,City/Town,Narrow bridge or culverts,Human Error,Yes,Grievous Injury,Vehicle to Vehicle,Uncontrolled,Straight and flat,NH,Bitumen(Tar),Dry,Not Applicable,Fine,BB ROAD,KOTE CROSS UPRAMP,11 KM,0.0,0.0
Bengaluru City,Chikkajala Traffic PS,1.04432e+16,2020,1,1,Road Accidents,Not Applicable,City/Town,Residential area,Human Error,No,Simple Injury,Not Applicable,Uncontrolled,Straight and flat,NH,Bitumen(Tar),Dry,Not Applicable,Fine,BB ROAD,SADAHALLI TOLL,16 KM,0.0,0.0
Bengaluru City,Chikkajala Traffic PS,1.04432e+16,2020,1,1,Road Accidents,Not Applicable,Rural Areas,At pedestrian Crossing,Human Error,No,Grievous Injury,Hit pedestrian,Not Applicable,Others,NH,Bitumen(Tar),Dry,No influence on accident,Clear,OPP EMMVEE SOLAR COMPANY SERVICE RD BB ROAD NH-7,NEAR SOLAR COMPANY,10km,0.0,0.0
Bengaluru City,Chikkajala Traffic PS,1.04432e+16,2020,1,2,Road Accidents,Not Applicable,City/Town,Narrow bridge or culverts,Human Error,Yes,Simple Injury,Vehicle to Vehicle,Uncontrolled,Straight and flat,NH,Bitumen(Tar),Dry,Not Applicable,Clear,BB ROAD,NEAR JYKA AMBUR BIRYANI HOTEL,14 KM,0.0,0.0
Bengaluru City,Chikkajala Traffic PS,1.04432e+16,2020,1,1,Road Accidents,Not Applicable,Rural Areas,Near or inside a village,Human Error,Not Applicable,Grievous Injury,Not Applicable,Uncontrolled,Straight and flat,Two way,Bitumen(Tar),Dry,Not Applicable,Fine,BAGALURU MAIN ROAD,NEAR CHAGALAHATTI BAGALURU VILLAGE,6 km,0.0,0.0
Bengaluru City,Chikkajala Traffic PS,1.04432e+16,2020,1,2,Road Accidents,Not Applicable,Rural Areas,Open area,Human Error,No,Simple Injury,Vehicle to Vehicle,Uncontrolled,Straight and flat,Two way,Bitumen(Tar),Dry,Not Applicable,Clear,BAGALURU ROAD,CHOTA SAB MANGO FARM,10 KM,0.0,0.0
Bengaluru City,Chikkajala Traffic PS,1.04432e+16,2020,1,1,Road Accidents,Not Applicable,Rural Areas,Near or inside a village,Human Error,No,Grievous Injury,Hit pedestrian,Uncontrolled,Straight and flat,Mixed,Bitumen(Tar),Dry,Not Applicable,Fine,bagaluru road,ADARSHA AUTO MOBILES SHOP,9 KM,0.0,0.0
Bengaluru City,Chikkajala Traffic PS,1.04432e+16,2020,1,2,Road Accidents,Not Applicable,City/Town,Open area,Human Error,Yes,Grievous Injury,Vehicle to Vehicle,Uncontrolled,Not Applicable,NH,Bitumen(Tar),Dry,Not Applicable,Fine,B B ROAD,OPP ROAYL OAK FURNITUR,16 KM,0.0,0.0
Bengaluru City,Chikkajala Traffic PS,1.04432e+16,2020,1,2,Road Accidents,Narrow road,City/Town,Open area,Human Error,No,Damage Only,Vehicle to Vehicle,Uncontrolled,Straight and flat,Two way,Bitumen(Tar),Dry,Not Applicable,Fine,TELICOM RAILWAY GATE ROAD,NEAR RAILWAY GATE,2 KM,0.0,0.0
Bengaluru City,Chikkajala Traffic PS,1.04432e+16,2020,1,2,Road Accidents,Cross roads,City/Town,Residential area,Human Error,Yes,Grievous Injury,Vehicle to Vehicle,Uncontrolled,Curve,Two way,Bitumen(Tar),Dry,Not Applicable,Fine,80 FEET ROAD,19TH CROSS OF MCECHS LAYOUT,1,0.0,0.0
Bengaluru City,Chikkajala Traffic PS,1.04432e+16,2020,1,1,Road Accidents,Not Applicable,City/Town,Open area,Human Error,No,Grievous Injury,Not Applicable,Uncontrolled,Straight and flat,NH,Bitumen(Tar),Dry,Not Applicable,Mist or Fog,BB ROAD,NEAR CHIKKAJALA,12,0.0,0.0
Bengaluru City,Chikkajala Traffic PS,1.04432e+16,2020,1,1,Road Accidents,Not Applicable,Rural Areas,Open area,Human Error,Not Applicable,Simple Injury,Not Applicable,Uncontrolled,Straight and flat,Two way,Bitumen(Tar),Dry,No influence on accident,Fine,BAGALURU-KANNURU MAIN ROAD,NEAR NEELAGIRI TOPU,6 KM,0.0,0.0
Bengaluru City,Chikkajala Traffic PS,1.04432e+16,2020,1,1,Road Accidents,Junction,City/Town,Narrow bridge or culverts,Human Error,No,Simple Injury,Hit pedestrian,Uncontrolled,Straight and flat,Two way,Bitumen(Tar),Dry,Construction Work / Material,Fine,HEGADENAGARA MAIN ROAD,UNDER THE BRIGDE,0.5,0.0,0.0
Bengaluru City,Chikkajala Traffic PS,1.04432e+16,2020,1,2,Road Accidents,Narrow road,City/Town,Narrow bridge or culverts,Human Error,No,Grievous Injury,Vehicle to Vehicle,Uncontrolled,Straight and flat,NH,Bitumen(Tar),Dry,No influence on accident,Fine,BB ROAD,CHIKKAJALA ON FLYOVER,13 KM,0.0,0.0
Bengaluru City,Chikkajala Traffic PS,1.04432e+16,2020,1,2,Road Accidents,Railway crossing,Rural Areas,Near or inside a village,Human Error,No,Damage Only,Vehicle to Vehicle,Uncontrolled,Sharp Curve,Mixed,Bitumen(Tar),Dry,Not Applicable,Clear,JAKKUR ROAD,SRIRAMPURA RAILWAY GATE,2 KM,0.0,0.0
Bengaluru City,Chikkajala Traffic PS,1.04432e+16,2020,1,2,Road Accidents,Not Applicable,City/Town,Near office complex,Human Error,Yes,Simple Injury,Vehicle to Vehicle,Uncontrolled,Straight and flat,State Highway,Bitumen(Tar),Dry,Construction Work / Material,Clear,"Nagawara Hebbala Main road,",Manyatha Techpark,4 KMS,0.0,0.0
Bengaluru City,Chikkajala Traffic PS,1.04432e+16,2020,1,2,Road Accidents,Not Applicable,City/Town,Near or inside a village,Human Error,Yes,Simple Injury,Vehicle to Vehicle,Uncontrolled,Straight and flat,NH,Bitumen(Tar),Dry,Not Applicable,Fine,BB ROAD,CHIKKAJALA DOWN RAMP,15 KM,0.0,0.0
Bengaluru City,Chikkajala Traffic PS,1.04432e+16,2020,1,1,Road Accidents,Not Applicable,City/Town,Near a religious place,Human Error,Yes,Grievous Injury,Hit pedestrian,Uncontrolled,Straight and flat,One way,Bitumen(Tar),Dry,Construction Work / Material,Clear,HEGADENAGARA MAIN ROAD,BHARATH PETROL BUNK,5 KM,0.0,0.0
Bengaluru City,Chikkajala Traffic PS,1.04432e+16,2020,1,1,Road Accidents,Narrow road,Rural Areas,Near or inside a village,Human Error,No,Grievous Injury,Not Applicable,Uncontrolled,Straight and flat,Two way,Bitumen(Tar),Dry,Not Applicable,Fine,"BAGALURU MAIN ROAD,",NEAR BK PALYA VILLAGE,16,0.0,0.0
Bengaluru City,Chikkajala Traffic PS,1.04432e+16,2020,1,1,Road Accidents,Not Applicable,Rural Areas,Open area,Human Error,Yes,Fatal,Hit pedestrian,Uncontrolled,Straight and flat,Two way,Bitumen(Tar),Dry,Not Applicable,Very Hot,RAJANAKUNTE-MVIT,INFRONT OF GARDEN FAMILY RESTORENT&HOTEL,13 KM,0.0,0.0
Bengaluru City,Chikkajala Traffic PS,1.04432e+16,2020,1,1,Road Accidents,Not Applicable,Rural Areas,Open area,Human Error,No,Grievous Injury,Not Applicable,Uncontrolled,Straight and flat,Two way,Bitumen(Tar),Dry,No influence on accident,Fine,BK HALLI TO BK PALYA MAIN ROAD,BK HALLI TO BK PALYA MAIN ROAD,13 KM,0.0,0.0
Bengaluru City,Chikkajala Traffic PS,1.04432e+16,2020,1,1,Road Accidents,Not Applicable,City/Town,Narrow bridge or culverts,Human Error,No,Grievous Injury,Not Applicable,Uncontrolled,Others,NH,Bitumen(Tar),Dry,Not Applicable,Clear,BB ROAD,FLY OVER,11 KM,0.0,0.0
Bengaluru City,Chikkajala Traffic PS,1.04432e+16,2020,1,2,Road Accidents,Not Applicable,City/Town,Near a religious place,Human Error,No,Grievous Injury,Vehicle to Vehicle,Uncontrolled,Straight and flat,Two way,Bitumen(Tar),Dry,No influence on accident,Fine,HEGADENAGARA  MAIN ROAD,INFRONT OF EBISU KALYANA MANTAPA,1 KM,0.0,0.0
Bengaluru City,Chikkajala Traffic PS,1.04432e+16,2020,1,3,Road Accidents,Not Applicable,Rural Areas,Near School or College,Human Error,Yes,Grievous Injury,Vehicle to Vehicle,Uncontrolled,Straight and flat,Two way,Bitumen(Tar),Dry,Not Applicable,Fine,BUDIGERE-BAGALURU MAIN ROAD,GOVT SCHOOL GOPALAPURA,10 km,0.0,0.0
Bengaluru City,Chikkajala Traffic PS,1.04432e+16,2020,1,2,Road Accidents,Not Applicable,City/Town,Open area,Human Error,No,Simple Injury,Vehicle to Vehicle,Uncontrolled,Straight and flat,NH,Bitumen(Tar),Dry,Not Applicable,Clear,BB ROAD,KOTE CROSS CHIKKAJALA,15KM,0.0,0.0
Bengaluru City,Chikkajala Traffic PS,1.04432e+16,2020,1,2,Road Accidents,Not Applicable,City/Town,Near or inside a village,Human Error,Yes,Fatal,Vehicle to Vehicle,Uncontrolled,Straight and flat,Service Road,Bitumen(Tar),Dry,Not Applicable,Clear,BB ROAD,NEAR HUNASAMARANAHALLI,12 KM,0.0,0.0