DISTRICTNAME,UNITNAME,Crime_No,Year,RI,Noofvehicle_involved,Accident_Classification,Accident_Spot,Accident_Location,Accident_SubLocation,Main_Cause,Hit_Run,Severity,Collision_Type,Junction_Control,Road_Character,Road_Type,Surface_Type,Surface_Condition,Road_Condition,Weather,Accident_Road,Landmark_first,Distance_LandMark_First,Latitude,Longitude
Bengaluru City,Chikkajala Traffic PS,1.04432e+16,2020,1,2,Road Accidents,Not Applicable,City/Town,Open area,Human Error,Yes,Fatal,Vehicle to Vehicle,Uncontrolled,Others,Others,Bitumen(Tar),Dry,Not Applicable,Fine,TELICOM RAILWAY GATE,NEAR 23RD CROSS 80 FEET ROAD,2,0.0,0.0
Bengaluru City,Chikkajala Traffic PS,1.04432e+16,2020,1,2,Road Accidents,Narrow road,City/Town,Open area,Human Error,Yes,Grievous Injury,Vehicle to Vehicle,Uncontrolled,Others,Two way,Bitumen(Tar),Dry,Not Applicable,Fine,"RAJANUKUNTE MVIT CROSS ROAD,",NEAR SINDHU CARGO OFFICE,16,0.0,0.0
Bengaluru City,Chikkajala Traffic PS,1.04432e+16,2020,1,2,Road Accidents,Not Applicable,Rural Areas,Near or inside a village,Human Error,Yes,Grievous Injury,Vehicle to Vehicle,Uncontrolled,Straight and flat,Two way,Bitumen(Tar),Dry,Not Applicable,Very Cold,"NEAR BELLAHALLI VILLAGE,, YALAHANKA KANNU ROAD,",NEAR BELLAHALLI VILLAGE,6,0.0,0.0
Bengaluru City,Chikkajala Traffic PS,1.04432e+16,2020,1,2,Road Accidents,Not Applicable,City/Town,Narrow bridge or culverts,Human Error,No,Damage Only,Vehicle to Vehicle,Uncontrolled,Others,NH,Bitumen(Tar),Dry,Not Applicable,Fine,"BB ROAD,NH-7",DODDAJALA ON FLYOVER,13,0.0,0.0
Bengaluru City,Chikkajala Traffic PS,1.04432e+16,2020,1,2,Road Accidents,Not Applicable,Rural Areas,Near Bus stop,Human Error,No,Damage Only,Vehicle to Vehicle,Not Applicable,Hump,Service Road,Bitumen(Tar),Dry,Not Applicable,Clear,kadiganahalli gate service rd NH 7,NEAR K N S KALYANAMANTAPA,12 KM,13.16831,77.631158
Bengaluru City,Chikkajala Traffic PS,1.04432e+16,2020,1,1,Road Accidents,Not Applicable,Rural Areas,Near a religious place,Human Error,No,Grievous Injury,Hit pedestrian,Uncontrolled,Straight and flat,Two way,Bitumen(Tar),Dry,No influence on accident,Clear,UTTANAHALLI MAIN ROAD,NEAR AKKAYAMMANA TEMPLE,15 KM,0.0,0.0
Bengaluru City,Chikkajala Traffic PS,1.04432e+16,2020,1,1,Road Accidents,Not Applicable,City/Town,Near or inside a village,Human Error,Not Applicable,Simple Injury,Not Applicable,Uncontrolled,Straight and flat,Service Road,Bitumen(Tar),Dry,Not Applicable,Fine,bb road,VIDYANAGARA CROSS,12 km,0.0,0.0
Bengaluru City,Chikkajala Traffic PS,1.04432e+16,2020,1,2,Road Accidents,Junction,City/Town,Near office complex,Human Error,No,Simple Injury,Vehicle to Vehicle,Uncontrolled,Straight and flat,Service Road,Bitumen(Tar),Ditch or Potholed,Not Applicable,Clear,BB ROAD,MVIT CROSS,12 KM,0.0,0.0
Bengaluru City,Chikkajala Traffic PS,1.04432e+16,2020,1,1,Road Accidents,Road hump or Rumble strips,Rural Areas,Near or inside a village,Human Error,Not Applicable,Fatal,Not Applicable,Uncontrolled,Straight and flat,Two way,Bitumen(Tar),Dry,Construction Work / Material,Fine,KANNURU-BAGALURU MAIN,LG LAY OUT,12 KM,0.0,0.0
Bengaluru City,Chikkajala Traffic PS,1.04432e+16,2020,1,2,Road Accidents,Not Applicable,City/Town,Open area,Human Error,No,Damage Only,Vehicle to Vehicle,Uncontrolled,Straight and flat,Two way,Bitumen(Tar),Dry,Not Applicable,Clear,REVA COLLAGE MAIN ROAD,MITTIGANAHALLI CROSS,5 KM,0.0,0.0
Bengaluru City,Chikkajala Traffic PS,1.04432e+16,2020,1,2,Road Accidents,Not Applicable,Rural Areas,Open area,Human Error,Yes,Damage Only,Vehicle to Vehicle,Uncontrolled,Others,NH,Bitumen(Tar),Dry,Not Applicable,Fine,NH 7 B B ROAD,NEAR SHETTIGERE CROSS,15 KM,0.0,0.0
Bengaluru City,Chikkajala Traffic PS,1.04432e+16,2020,1,2,Road Accidents,Junction,Rural Areas,Near or inside a village,Human Error,No,Fatal,Vehicle to Vehicle,Uncontrolled,Curve,Two way,Bitumen(Tar),Dry,Not Applicable,Clear,BAGALURU ROAD,BAGALURU CIRCLE,10,0.0,0.0
Bengaluru City,Chikkajala Traffic PS,1.04432e+16,2020,1,2,Road Accidents,Not Applicable,Rural Areas,Near Petrol Pump,Human Error,Yes,Simple Injury,Vehicle to Vehicle,Uncontrolled,Straight and flat,Two way,Bitumen(Tar),Dry,Not Applicable,Fine,SATANUR-BAGALURU MAIN ROAD,NEAR PETROL BUNK,8 KM,0.0,0.0
Bengaluru City,Chikkajala Traffic PS,1.04432e+16,2020,1,2,Road Accidents,Not Applicable,Rural Areas,Narrow bridge or culverts,Human Error,No,Fatal,Vehicle to Vehicle,Uncontrolled,Straight and flat,NH,Bitumen(Tar),Dry,Not Applicable,Clear,BB ROAD,NEAR BETTAHALASURU CROSS,14 KM,0.0,0.0
Bengaluru City,Chikkajala Traffic PS,1.04432e+16,2020,1,1,Road Accidents,Cross roads,City/Town,Residential area,Human Error,Not Applicable,Fatal,Not Applicable,Uncontrolled,Sharp Curve,Two way,Bitumen(Tar),Dry,Not Applicable,Clear,JAYARAM ROAD,UDUPI HOTAL,2 KM,0.0,0.0
Bengaluru City,Chikkajala Traffic PS,1.04432e+16,2020,1,2,Road Accidents,Not Applicable,City/Town,Residential area,Human Error,Yes,Damage Only,Vehicle to Vehicle,Uncontrolled,Straight and flat,NH,Bitumen(Tar),Dry,No influence on accident,Fine,BB ROAD,NEAR MVIT CROSS SERVICE RD,12 KM,0.0,0.0
Bengaluru City,Chikkajala Traffic PS,1.04432e+16,2020,1,2,Road Accidents,Not Applicable,City/Town,Near or inside a village,Human Error,Yes,Grievous Injury,Vehicle to Vehicle,Uncontrolled,Straight and flat,NH,Bitumen(Tar),Dry,Not Applicable,Clear,BB ROAD,CHIKKAJALA DOWN RYAMP,16 KM,0.0,0.0
Bengaluru City,Chikkajala Traffic PS,1.04432e+16,2020,1,1,Road Accidents,Cross roads,City/Town,Near a religious place,Human Error,Yes,Simple Injury,Hit pedestrian,Uncontrolled,Curve,Sub Arterial,Bitumen(Tar),Dry,Not Applicable,Clear,ASHWATHNAGARA,FATIMA MAJID,3 KM,0.0,0.0
Bengaluru City,Chikkajala Traffic PS,1.04432e+16,2020,1,1,Road Accidents,Not Applicable,City/Town,Residential area,Human Error,Not Applicable,Grievous Injury,Not Applicable,Uncontrolled,Straight and flat,NH,Bitumen(Tar),Dry,Not Applicable,Fine,BB ROAD,AIR FORT UP RAMP,20KM,0.0,0.0
Bengaluru City,Chikkajala Traffic PS,1.04432e+16,2020,1,1,Road Accidents,Not Applicable,Rural Areas,Near or inside a village,Human Error,No,Simple Injury,Hit pedestrian,Uncontrolled,Straight and flat,Two way,Bitumen(Tar),Dry,Not Applicable,Clear,HUNASAMARANAHALLI MAIN ROAD,CHOWDESHWARI CHICKEN CENTER,10 KM,0.0,0.0
Bengaluru City,Chikkajala Traffic PS,1.04432e+16,2020,1,2,Road Accidents,Cross roads,Rural Areas,Near or inside a village,Human Error,Yes,Simple Injury,Vehicle to Vehicle,Uncontrolled,Curve,Two way,Bitumen(Tar),Dry,Not Applicable,Clear,JAKKUR-SAMPIGEHALLI MAIN,SHRI SAI CONDIMENTS SHOP,5 KM,0.0,0.0
Bengaluru City,Chikkajala Traffic PS,1.04432e+16,2020,1,2,Road Accidents,Not Applicable,City/Town,Near a religious place,Human Error,Yes,Fatal,Vehicle to Vehicle,Uncontrolled,Straight and flat,Two way,Bitumen(Tar),Dry,Not Applicable,Wind,RAZAQPALYA ROAD,RAZAQPALYA DARGA,12,0.0,0.0
Bengaluru City,Chikkajala Traffic PS,1.04432e+16,2020,1,2,Road Accidents,Not Applicable,Rural Areas,Near School or College,Human Error,No,Damage Only,Vehicle to Vehicle,Uncontrolled,Not Applicable,Others,Bitumen(Tar),Dry,Not Applicable,Fine,NEAR GURUKULU SCHOOL RAMAGIRI ROAD,NEAR GURUKULU SCHOOL RAMAGIRI ROAD,16 KM,0.0,0.0
Bengaluru City,Chikkajala Traffic PS,1.04432e+16,2020,1,2,Road Accidents,Not Applicable,City/Town,Narrow bridge or culverts,Human Error,Yes,Fatal,Vehicle to Vehicle,Uncontrolled,Others,NH,Bitumen(Tar),Dry,Not Applicable,Fine,BB ROAD.NH-7,HUNASAMARANAHALLI ON FLYOVER,10,0.0,0.0
Bengaluru City,Chikkajala Traffic PS,1.04432e+16,2020,1,1,Road Accidents,Not Applicable,City/Town,Near office complex,Human Error,No,Simple Injury,Hit pedestrian,Uncontrolled,Straight and flat,Service Road,Bitumen(Tar),Dry,Not Applicable,Clear,nagawara service road,NEAR MANYATHA TECH PARK,5,0.0,0.0
Bengaluru City,Chikkajala Traffic PS,1.04432e+16,2020,1,1,Road Accidents,Not Applicable,Rural Areas,Near Petrol Pump,Human Error,Yes,Fatal,Hit pedestrian,Uncontrolled,Straight and flat,Service Road,Bitumen(Tar),Dry,Not Applicable,Fine,SERVICE ROAD   NH-7,NEAR PETROL BUNK,12KM,0.0,0.0
Bengaluru City,Chikkajala Traffic PS,1.04432e+16,2020,1,1,Road Accidents,Curves,Rural Areas,Near office complex,Human Error,Not Applicable,Grievous Injury,Not Applicable,Uncontrolled,Curve,Two way,Bitumen(Tar),Dry,Not Applicable,Snow,BAGALURU-BK HALLI MAIN ROAD,NEAR BAGALURU POLICE STATION,9 KMS,0.0,0.0
Bengaluru City,Chikkajala Traffic PS,1.04432e+16,2020,1,2,Road Accidents,Not Applicable,Rural Areas,Near Petrol Pump,Human Error,Yes,Simple Injury,Vehicle to Vehicle,Uncontrolled,Straight and flat,Service Road,Bitumen(Tar),Dry,No influence on accident,Fine,BB ROAD,NEAR BHARATH PETROL BUNK,15 KM,0.0,0.0
Bengaluru City,Chikkajala Traffic PS,1.04432e+16,2020,1,2,Road Accidents,Not Applicable,Rural Areas,Near office complex,Human Error,No,Grievous Injury,Vehicle to Vehicle,Uncontrolled,Straight and flat,Two way,Bitumen(Tar),Dry,Not Applicable,Fine,"MVIT-RAJANKUNTE MAIN ROAD,",INFRONT OF EMMVEE SOLAR COMPANY,12 KM,0.0,0.0
Bengaluru City,Chikkajala Traffic PS,1.04432e+16,2020,1,1,Road Accidents,Not Applicable,Rural Areas,Near a religious place,Human Error,Not Applicable,Simple Injury,Not Applicable,Uncontrolled,Straight and flat,Two way,Bitumen(Tar),Dry,Not Applicable,Clear,BAGALURU KANNURU MAIN ROAD,NEAR NAGALINGESWARA TEMPLE,6 KM,0.0,0.0
Bengaluru City,Chikkajala Traffic PS,1.04432e+16,2020,1,1,Road Accidents,Not Applicable,City/Town,Near office complex,Human Error,Not Applicable,Grievous Injury,Not Applicable,Uncontrolled,Straight and flat,Two way,Bitumen(Tar),Dry,Not Applicable,Clear,"RING ROAD,",SRI GANESH JUICE CENTER,3km,0.0,0.0
Bengaluru City,Chikkajala Traffic PS,1.04432e+16,2020,1,2,Road Accidents,Circle,Rural Areas,Near or inside a village,Human Error,No,Grievous Injury,Vehicle to Vehicle,Uncontrolled,Slight Curve,Two way,Bitumen(Tar),Dry,Not Applicable,Fine,BAGALURU ROAD,GUNDAPPA CIRCLE,7 KM,0.0,0.0
Bengaluru City,Chikkajala Traffic PS,1.04432e+16,2020,1,3,Road Accidents,Not Applicable,Rural Areas,Near or inside a village,Human Error,Yes,Grievous Injury,Vehicle to Vehicle,Uncontrolled,Straight and flat,Two way,Bitumen(Tar),Dry,Not Applicable,Fine,BH HALLI ROAD,HUVINAYAKANAHALLI GATE,12 KM,0.0,0.0
Bengaluru City,Chikkajala Traffic PS,1.04432e+16,2020,1,2,Road Accidents,Not Applicable,City/Town,Near or inside a village,Human Error,Yes,Grievous Injury,Vehicle to Vehicle,Uncontrolled,Straight and flat,Two way,Bitumen(Tar),Dry,Not Applicable,Fine,HEGADENAGARA MAIN ROAD,SHOBHA CITY,1 KM,0.0,0.0
Bengaluru City,Chikkajala Traffic PS,1.04432e+16,2020,1,1,Road Accidents,Not Applicable,City/Town,Near or inside a village,Human Error,Yes,Grievous Injury,Hit pedestrian,Uncontrolled,Straight and flat,NH,Bitumen(Tar),Dry,Not Applicable,Clear,BB ROAD,KADIGANAHALLI GATE,14 KM,0.0,0.0
Bengaluru City,Chikkajala Traffic PS,1.04432e+16,2020,1,2,Road Accidents,Narrow road,Rural Areas,Open area,Human Error,Yes,Grievous Injury,Vehicle to Vehicle,Uncontrolled,Straight and flat,Two way,Bitumen(Tar),Dry,Not Applicable,Clear,tarabahanahalli chapparakallu main road,krishna greens layout,22 kms,0.0,0.0
Bengaluru City,Chikkajala Traffic PS,1.04432e+16,2020,1,2,Road Accidents,Not Applicable,Rural Areas,Near or inside a village,Human Error,No,Simple Injury,Vehicle to Vehicle,Uncontrolled,Straight and flat,Two way,Bitumen(Tar),Dry,Not Applicable,Clear,MITAGANAHALLI ROAD,INFRONT OF PLYWOOD SHOP,6 KM,0.0,0.0
Bengaluru City,Chikkajala Traffic PS,1.04432e+16,2020,1,1,Road Accidents,Cross roads,City/Town,Near Bus stop,Human Error,No,Fatal,Hit pedestrian,Uncontrolled,Not Applicable,NH,Bitumen(Tar),Dry,Not Applicable,Fine,NEAR MVIT CROSS BB ROAD NH 7 Bengaluru City,NEAR MVIT CROSS,16 KM,0.0,0.0
Bengaluru City,Chikkajala Traffic PS,1.04432e+16,2020,1,2,Road Accidents,Not Applicable,Rural Areas,Near or inside a village,Human Error,Yes,Damage Only,Vehicle to Vehicle,Uncontrolled,Straight and flat,Two way,Bitumen(Tar),Dry,Not Applicable,Fine,"BAGALURU VILLAGE,BAGALURU MAIN ROAD,",BAGALURU VILLAGE,8,0.0,0.0
Bengaluru City,Chikkajala Traffic PS,1.04432e+16,2020,1,2,Road Accidents,Not Applicable,City/Town,Residential area,Human Error,Yes,Grievous Injury,Vehicle to Vehicle,Uncontrolled,Straight and flat,NH,Bitumen(Tar),Dry,Not Applicable,Fine,SERVICE ROAD OF BB ROAD,TOYOTA SHOWROOM,11,0.0,0.0
Bengaluru City,Chikkajala Traffic PS,1.04432e+16,2020,1,2,Road Accidents,Not Applicable,City/Town,Near Bus stop,Human Error,Yes,Grievous Injury,Vehicle to Vehicle,Uncontrolled,Straight and flat,NH,Bitumen(Tar),Dry,Not Applicable,Clear,BB ROAD,BMW SHOWROOM,12KM,0.0,0.0
Bengaluru City,Chikkajala Traffic PS,1.04432e+16,2020,1,1,Road Accidents,Curves,City/Town,Near office complex,Human Error,No,Simple Injury,Vehicle to Vehicle,Uncontrolled,Curve,Service Road,Bitumen(Tar),Dry,Not Applicable,Fine,"SERVICE ROAD,NAGAVARA RING ROAD BANGALURU CITY.",NEAR PRUTHVI THETERE,4KM,0.0,0.0
Bengaluru City,Chikkajala Traffic PS,1.04432e+16,2020,1,1,Road Accidents,Not Applicable,Rural Areas,Near Petrol Pump,Human Error,No,Fatal,Not Applicable,Uncontrolled,Straight and flat,Two way,Bitumen(Tar),Dry,Not Applicable,Clear,rajankunte -mvit road,NEAR BHARATH PETROL BUNK,16 KM,0.0,0.0
Bengaluru City,Chikkajala Traffic PS,1.04432e+16,2020,1,1,Road Accidents,Junction,City/Town,Residential area,Human Error,Yes,Simple Injury,Hit pedestrian,Uncontrolled,Straight and flat,NH,Bitumen(Tar),Dry,Not Applicable,Fine,BB ROAD,NEAR MVIT JUNCTION,14 KM,0.0,0.0
Bengaluru City,Chikkajala Traffic PS,1.04432e+16,2020,1,1,Road Accidents,Not Applicable,Rural Areas,Near School or College,Human Error,Not Applicable,Simple Injury,Not Applicable,Uncontrolled,Straight and flat,Two way,Bitumen(Tar),Dry,Not Applicable,Clear,BAGALUR MAIN ROAD,NAVODHAYA SCHOOL,8 KM,0.0,0.0
Bengaluru City,Chikkajala Traffic PS,1.04432e+16,2020,1,2,Road Accidents,Not Applicable,City/Town,Near or inside a village,Human Error,No,Grievous Injury,Vehicle to Vehicle,Uncontrolled,Straight and flat,NH,Bitumen(Tar),Dry,Not Applicable,Clear,BB ROAD,MEENUKUNTE HOSUR,14 KM,0.0,0.0
Bengaluru City,Chikkajala Traffic PS,1.04432e+16,2020,1,2,Road Accidents,Not Applicable,Rural Areas,Residential area,Human Error,No,Grievous Injury,Vehicle to Vehicle,Uncontrolled,Others,State Highway,Bitumen(Tar),Dry,Not Applicable,Fine,BAGALURU SATHANURU MAIN ROAD,OPP RAMESH HOUSE,16 KM,0.0,0.0
Bengaluru City,Chikkajala Traffic PS,1.04432e+16,2020,1,2,Road Accidents,Cross roads,Rural Areas,Open area,Human Error,Yes,Simple Injury,Vehicle to Vehicle,Uncontrolled,Curve,Two way,Bitumen(Tar),Dry,Not Applicable,Fine,MYLANAHALLI TO BEGURU ROAD,NEAR NILIGIRI THOPU,15,0.0,0.0
Bengaluru City,Chikkajala Traffic PS,1.04432e+16,2020,1,1,Road Accidents,Not Applicable,City/Town,Open area,Human Error,Yes,Damage Only,Not Applicable,Uncontrolled,Straight and flat,NH,Bitumen(Tar),Dry,Not Applicable,Wind,BH ROAD NH-7,TOLL,15,0.0,0.0
Bengaluru City,Chikkajala Traffic PS,1.04432e+16,2020,1,2,Road Accidents,Not Applicable,City/Town,Near or inside a village,Human Error,No,Grievous Injury,Vehicle to Vehicle,Uncontrolled,Straight and flat,NH,Bitumen(Tar),Dry,Not Applicable,Clear,BB  ROAD,NEAR DECATHLON,14,0.0,0.0
Bengaluru City,Chikkajala Traffic PS,1.04432e+16,2020,1,2,Road Accidents,Curves,Rural Areas,Near School or College,Human Error,Yes,Grievous Injury,Vehicle to Vehicle,Not Applicable,Curve,Major District Road,Bitumen(Tar),Dry,Not Applicable,Mist or Fog,UTTANAHALLI MAIN ROAD,NEAR JPN SPORTS CENTER,12 KM,0.0,0.0
Bengaluru City,Chikkajala Traffic PS,1.04432e+16,2020,1,1,Road Accidents,Junction,City/Town,Narrow bridge or culverts,Vehicle Defect,No,Simple Injury,Not Applicable,Uncontrolled,Curve,Two way,Bitumen(Tar),Ditch or Potholed,Pot holed,Clear,HEGADENAGARA MAIN ROAD,NEAR BELLAHALLI BRIDGE,2KM,0.0,0.0
Bengaluru City,Chikkajala Traffic PS,1.04432e+16,2020,1,1,Road Accidents,Not Applicable,Rural Areas,Narrow bridge or culverts,Human Error,Not Applicable,Damage Only,Not Applicable,Give way sign,Not Applicable,Two way,Bitumen(Tar),Dry,Not Applicable,Clear,bellahalli bridge underpass kannaur- yalahanka mn rd,belahalli bridge,3km,0.0,0.0
Bengaluru City,Chikkajala Traffic PS,1.04432e+16,2020,1,2,Road Accidents,Curves,Rural Areas,Near Petrol Pump,Human Error,No,Grievous Injury,Vehicle to Vehicle,Uncontrolled,Curve,Two way,Bitumen(Tar),Dry,Not Applicable,Clear,BAGALUR MAIN ROAD,NEAR PETROL BUNK,10,0.0,0.0
Bengaluru City,Chikkajala Traffic PS,1.04432e+16,2020,1,1,Road Accidents,Not Applicable,Rural Areas,Near School or College,Human Error,Not Applicable,Grievous Injury,Not Applicable,Uncontrolled,Straight and flat,Two way,Bitumen(Tar),Dry,No influence on accident,Fine,hegadenagara main road,INFRANT OF GC PUBLIC SCHOOL,3 km,0.0,0.0
Bengaluru City,Chikkajala Traffic PS,1.04432e+16,2020,1,2,Road Accidents,Not Applicable,City/Town,Near a factory industrial area,Human Error,No,Grievous Injury,Vehicle to Vehicle,Uncontrolled,Straight and flat,Service Road,Bitumen(Tar),Dry,No influence on accident,Fine,BB  ROAD,ITC FOCTORY,14 KM,0.0,0.0
Bengaluru City,Chikkajala Traffic PS,1.04432e+16,2020,1,1,Road Accidents,Cross roads,Rural Areas,Near or inside a village,Human Error,No,Simple Injury,Hit pedestrian,Uncontrolled,Straight and flat,Two way,Bitumen(Tar),Dry,Not Applicable,Clear,bagaluru main road,DWARAKANAGARA,6 km,0.0,0.0
Bengaluru City,Chikkajala Traffic PS,1.04432e+16,2020,1,2,Road Accidents,Not Applicable,Rural Areas,Near or inside a village,Human Error,No,Grievous Injury,Vehicle to Vehicle,Uncontrolled,Straight and flat,Two way,Bitumen(Tar),Dry,Not Applicable,Clear,MAILANAHALLI-BEGUR MAIN ROAD,CHIKKANAHALLI WATER PLANT,19 KM,0.0,0.0
Bengaluru City,Chikkajala Traffic PS,1.04432e+16,2020,1,2,Road Accidents,Junction,City/Town,Near or inside a village,Human Error,Yes,Damage Only,Vehicle to Vehicle,Uncontrolled,Curve,Service Road,Bitumen(Tar),Dry,Not Applicable,Clear,bb road,VIDYANAGARA CROSS,14 KM,0.0,0.0
Bengaluru City,Chikkajala Traffic PS,1.04432e+16,2020,1,1,Road Accidents,Not Applicable,City/Town,Near School or College,Human Error,Not Applicable,Grievous Injury,Not Applicable,Uncontrolled,Straight and flat,Two way,Bitumen(Tar),Dry,Not Applicable,Fine,HEGADENAGARA MAIN ROAD,NEAR KNS COLLAGE,3 KM,0.0,0.0
Bengaluru City,Chikkajala Traffic PS,1.04432e+16,2020,1,1,Road Accidents,Not Applicable,City/Town,Near or inside a village,Human Error,Not Applicable,Grievous Injury,Not Applicable,Uncontrolled,Straight and flat,NH,Bitumen(Tar),Dry,Not Applicable,Fine,BB ROAD,KOTE CROSS,14 KM,0.0,0.0
Bengaluru City,Chikkajala Traffic PS,1.04432e+16,2021,1,1,Road Accidents,Not Applicable,City/Town,Near office complex,Human Error,No,Grievous Injury,Not Applicable,Uncontrolled,Straight and flat,Two way,Bitumen(Tar),Dry,Not Applicable,Clear,80 FEET ROAD,KURLAN SHOP,1 KM,0.0,0.0
Bengaluru City,Chikkajala Traffic PS,1.04432e+16,2021,1,2,Road Accidents,Not Applicable,City/Town,Near Bus stop,Human Error,No,Damage Only,Vehicle to Vehicle,Uncontrolled,Straight and flat,NH,Bitumen(Tar),Dry,Not Applicable,Fine,BB ROAD,KADIGANAHALLI GATE,13 KM,0.0,0.0
Bengaluru City,Chikkajala Traffic PS,1.04432e+16,2021,1,1,Road Accidents,Not Applicable,City/Town,Near School or College,Human Error,Not Applicable,Simple Injury,Not Applicable,Uncontrolled,Straight and flat,One way,Bitumen(Tar),Dry,Construction Work / Material,Fine,HEGADENAGARA MAIN ROAD,KNS COLLEGE,2 KM,0.0,0.0
Bengaluru City,Chikkajala Traffic PS,1.04432e+16,2021,1,1,Road Accidents,Not Applicable,Rural Areas,Residential area,Human Error,Not Applicable,Simple Injury,Not Applicable,Uncontrolled,Straight and flat,Two way,Bitumen(Tar),Dry,Not Applicable,Fine,BAGALURU BK HALLI ROAD,KEB,11 KM,0.0,0.0
Bengaluru City,Chikkajala Traffic PS,1.04432e+16,2021,1,2,Road Accidents,Junction,City/Town,Open area,Human Error,Yes,Simple Injury,Vehicle to Vehicle,Uncontrolled,Straight and flat,NH,Bitumen(Tar),Dry,Not Applicable,Clear,BB ROAD,SADAHALLI GATE,18 KM,0.0,0.0
Bengaluru City,Chikkajala Traffic PS,1.04432e+16,2021,1,1,Road Accidents,Not Applicable,Rural Areas,Open area,Human Error,Yes,Fatal,Not Applicable,Uncontrolled,Straight and flat,Two way,Bitumen(Tar),Dry,Not Applicable,Fine,KADUSONNAPPANAHALLI,KADUSONNAPPANAHALLI CROSS,10 KMS,0.0,0.0
Bengaluru City,Chikkajala Traffic PS,1.04432e+16,2021,1,1,Road Accidents,Cross roads,City/Town,Residential area,Human Error,No,Grievous Injury,Not Applicable,Uncontrolled,Others,Two way,Bitumen(Tar),Dry,Not Applicable,Others,HENNURU BAGALURU MAIN ROAD,NAER KANAKASHREE LAYOUT,5 KM,0.0,0.0
Bengaluru City,Chikkajala Traffic PS,1.04432e+16,2021,1,1,Road Accidents,Not Applicable,City/Town,Narrow bridge or culverts,Human Error,No,Simple Injury,Not Applicable,Uncontrolled,Others,NH,Bitumen(Tar),Dry,No influence on accident,Fine,bb road,NRV HOSPITAL,13 KMS,0.0,0.0
Bengaluru City,Chikkajala Traffic PS,1.04432e+16,2021,1,1,Road Accidents,Narrow road,City/Town,Near or inside a village,Human Error,No,Simple Injury,Not Applicable,Uncontrolled,Straight and flat,NH,Bitumen(Tar),Dry,Construction Work / Material,Fine,B B ROAD,ITC factory,17 kms,0.0,0.0
Bengaluru City,Chikkajala Traffic PS,1.04432e+16,2021,1,2,Road Accidents,Not Applicable,City/Town,Narrow bridge or culverts,Human Error,Yes,Simple Injury,Vehicle to Vehicle,Uncontrolled,Straight and flat,NH,Bitumen(Tar),Dry,Not Applicable,Fine,BB ROAD,ON FLYOVER CHIKKAJALA,14,0.0,0.0
Bengaluru City,Chikkajala Traffic PS,1.04432e+16,2021,1,1,Road Accidents,Not Applicable,Rural Areas,Near or inside a village,Human Error,No,Simple Injury,Hit pedestrian,Uncontrolled,Straight and flat,Sub Arterial,Kutcha,Dry,Not Applicable,Fine,CHIKKAJALA VILLAGE ROAD,CHIKKAJALA VILLAGE,13 KM,0.0,0.0
Bengaluru City,Chikkajala Traffic PS,1.04432e+16,2021,1,2,Road Accidents,Not Applicable,City/Town,Near or inside a village,Human Error,No,Simple Injury,Vehicle to Vehicle,Uncontrolled,Straight and flat,NH,Bitumen(Tar),Dry,Not Applicable,Clear,B B ROAD,LAKSHMI HOSPETAL,11 KM,0.0,0.0
Bengaluru City,Chikkajala Traffic PS,1.04432e+16,2021,1,1,Road Accidents,Not Applicable,City/Town,Residential area,Human Error,No,Simple Injury,Hit pedestrian,Uncontrolled,Not Applicable,Two way,Bitumen(Tar),Dry,No influence on accident,Clear,BAGALUR road,KIADB POWER STATION ROAD,10,0.0,0.0
Bengaluru City,Chikkajala Traffic PS,1.04432e+16,2021,1,2,Road Accidents,Curves,Rural Areas,Residential area,Human Error,No,Grievous Injury,Vehicle to Vehicle,Uncontrolled,Sharp Curve,Two way,Bitumen(Tar),Dry,Not Applicable,Fine,MEESAGANAHALLI MN RD,FIESTA HOTEL,12,0.0,0.0
Bengaluru City,Chikkajala Traffic PS,1.04432e+16,2021,1,1,Road Accidents,Not Applicable,City/Town,Near School or College,Human Error,No,Grievous Injury,Vehicle to Vehicle,Uncontrolled,Straight and flat,Two way,Bitumen(Tar),Dry,Not Applicable,Clear,BAGALURU MAIN ROAD,NAVODDAY SCHOOL,16 KM,0.0,0.0
Bengaluru City,Chikkajala Traffic PS,1.04432e+16,2021,1,1,Road Accidents,Not Applicable,City/Town,Narrow bridge or culverts,Human Error,No,Damage Only,Not Applicable,Uncontrolled,Straight and flat,NH,Bitumen(Tar),Dry,Not Applicable,Fine,B B ROAD,MEENUKUNTE HOSUR ON FLYOVER,16 KM,0.0,0.0
Bengaluru City,Chikkajala Traffic PS,1.04432e+16,2021,1,1,Road Accidents,Narrow road,City/Town,Open area,Human Error,Yes,Fatal,Hit pedestrian,Not Applicable,Others,NH,Not Applicable,Others,Not Applicable,Clear,bb main road,block,not,0.0,0.0
Bengaluru City,Chikkajala Traffic PS,1.04432e+16,2021,1,1,Road Accidents,Junction,City/Town,Near office complex,Human Error,No,Simple Injury,Vehicle to Vehicle,Uncontrolled,Straight and flat,Service Road,Bitumen(Tar),Dry,Not Applicable,Fine,BB ROAD,MVIT CROSS,11 KM,0.0,0.0
Bengaluru City,Chikkajala Traffic PS,1.04432e+16,2021,1,1,Road Accidents,Not Applicable,Rural Areas,Near Bus stop,Human Error,Not Applicable,Grievous Injury,Not Applicable,Uncontrolled,Straight and flat,Two way,Bitumen(Tar),Dry,Not Applicable,Fine,GOPALAPURA road,GOPALA PURA BUS STOP,12 KM,0.0,0.0
Bengaluru City,Chikkajala Traffic PS,1.04432e+16,2021,1,1,Road Accidents,Not Applicable,Rural Areas,Near or inside a village,Human Error,Yes,Simple Injury,Hit pedestrian,Uncontrolled,Straight and flat,Two way,Bitumen(Tar),Dry,Not Applicable,Fine,bagaluru mn rd,bagaluru colony,6 KM,0.0,0.0
Bengaluru City,Chikkajala Traffic PS,1.04432e+16,2021,1,2,Road Accidents,Not Applicable,Rural Areas,Near office complex,Human Error,Yes,Simple Injury,Vehicle to Vehicle,Uncontrolled,Straight and flat,Two way,Bitumen(Tar),Dry,Not Applicable,Clear,RAJANKUNTE ROAD,INDIGO CARGO OFFICE,12 KM,0.0,0.0
Bengaluru City,Chikkajala Traffic PS,1.04432e+16,2021,1,1,Road Accidents,Junction,City/Town,Narrow bridge or culverts,Human Error,Yes,Simple Injury,Hit pedestrian,Uncontrolled,Slight Curve,Service Road,Bitumen(Tar),Dry,Not Applicable,Fine,BB ROAD,UNDER FLYOVER,12 KM,0.0,0.0
Bengaluru City,Chikkajala Traffic PS,1.04432e+16,2021,1,1,Road Accidents,Not Applicable,City/Town,Narrow bridge or culverts,Human Error,No,Fatal,Not Applicable,Uncontrolled,Straight and flat,NH,Bitumen(Tar),Dry,Not Applicable,Fine,B B ROAD,HUNSAMARANAHALLI DOWN RAMP,12 KM,0.0,0.0