DISTRICTNAME,UNITNAME,Crime_No,Year,RI,Noofvehicle_involved,Accident_Classification,Accident_Spot,Accident_Location,Accident_SubLocation,Main_Cause,Hit_Run,Severity,Collision_Type,Junction_Control,Road_Character,Road_Type,Surface_Type,Surface_Condition,Road_Condition,Weather,Accident_Road,Landmark_first,Distance_LandMark_First,Latitude,Longitude
Bengaluru City,Chikkajala Traffic PS,1.04432e+16,2021,1,2,Road Accidents,Junction,City/Town,Near office complex,Human Error,No,Fatal,Vehicle to Vehicle,Uncontrolled,Straight and flat,NH,Bitumen(Tar),Dry,Not Applicable,Clear,BB ROAD,ROYAL OAK,18 KM,0.0,0.0
Bengaluru City,Chikkajala Traffic PS,1.04432e+16,2021,1,1,Road Accidents,Not Applicable,Rural Areas,Open area,Human Error,Yes,Grievous Injury,Hit pedestrian,Uncontrolled,Straight and flat,Two way,Bitumen(Tar),Dry,Not Applicable,Clear,Chikkanahalli Main Road,Chikkanahalli Estate,20km,0.0,0.0
Bengaluru City,Chikkajala Traffic PS,1.04432e+16,2021,1,1,Road Accidents,Not Applicable,Rural Areas,Near a factory industrial area,Human Error,No,Grievous Injury,Hit pedestrian,Uncontrolled,Straight and flat,Two way,Bitumen(Tar),Dry,Not Applicable,Clear,VIDYANAGARA-RAZAQPALYA MAIN ROAD,INFRONT OF PANCHAMI REDIMIX CONCRETE FACTORY,11 KM,0.0,0.0
Bengaluru City,Chikkajala Traffic PS,1.04432e+16,2021,1,1,Road Accidents,Not Applicable,City/Town,Near office complex,Human Error,No,Simple Injury,Not Applicable,Uncontrolled,Straight and flat,Two way,Bitumen(Tar),Dry,Not Applicable,Fine,80 FEET MAIN ROAD,RELIANCE MART HEGADENAGAR,3 KMS,0.0,0.0
Bengaluru City,Chikkajala Traffic PS,1.04432e+16,2021,1,2,Road Accidents,Narrow road,City/Town,Near Hospital,Not Applicable,No,Grievous Injury,Vehicle to Vehicle,Not Applicable,Others,Others,Bitumen(Tar),Others,Not Applicable,Others,BAGALUR ROAD,NEAR HOSPITAL,6 KM,0.0,0.0
Bengaluru City,Chikkajala Traffic PS,1.04432e+16,2021,1,2,Road Accidents,Not Applicable,City/Town,Near office complex,Human Error,No,Grievous Injury,Vehicle to Vehicle,Uncontrolled,Straight and flat,NH,Bitumen(Tar),Dry,Not Applicable,Fine,B B ROAD,ROYAL OAK,18 KMS,0.0,0.0
Bengaluru City,Chikkajala Traffic PS,1.04432e+16,2021,1,2,Road Accidents,Not Applicable,Rural Areas,Near a religious place,Human Error,Yes,Grievous Injury,Vehicle to Vehicle,Uncontrolled,Straight and flat,Two way,Bitumen(Tar),Dry,Not Applicable,Fine,MARALUKUNTE,VENKTESWARA TEMPLE,9km,0.0,0.0
Bengaluru City,Chikkajala Traffic PS,1.04432e+16,2021,1,1,Road Accidents,Not Applicable,City/Town,Residential area,Human Error,Yes,Simple Injury,Hit pedestrian,Uncontrolled,Straight and flat,Two way,Bitumen(Tar),Dry,Not Applicable,Fine,BELLAHALLI-KANNUR MAIN ROAD,SHOBHA DREAM GARDEN,5KM,0.0,0.0
Bengaluru City,Chikkajala Traffic PS,1.04432e+16,2021,1,2,Road Accidents,Not Applicable,City/Town,Open area,Human Error,No,Simple Injury,Vehicle to Vehicle,Uncontrolled,Straight and flat,NH,Bitumen(Tar),Dry,Not Applicable,Fine,BB ROAD,A2B HOTEL,12 KM,0.0,0.0
Bengaluru City,Chikkajala Traffic PS,1.04432e+16,2021,1,2,Road Accidents,Narrow road,City/Town,Near or inside a village,Human Error,No,Simple Injury,Vehicle to Vehicle,Uncontrolled,Others,Two way,Bitumen(Tar),Dry,Not Applicable,Fine,Telicome layout,4th cross junction,4 kms,0.0,0.0
Bengaluru City,Chikkajala Traffic PS,1.04432e+16,2021,1,1,Road Accidents,Not Applicable,City/Town,Near or inside a village,Human Error,No,Simple Injury,Hit animal,Uncontrolled,Straight and flat,Two way,Bitumen(Tar),Dry,Not Applicable,Fine,REVA COLLEGE ROAD,REVA COLLAGE,6,0.0,0.0
Bengaluru City,Chikkajala Traffic PS,1.04432e+16,2021,1,2,Road Accidents,Cross roads,City/Town,Residential area,Human Error,No,Simple Injury,Vehicle to Vehicle,Uncontrolled,Straight and flat,Service Road,Bitumen(Tar),Dry,Not Applicable,Clear,veerannapalya junction,manpho convention centre,5 kms,0.0,0.0
Bengaluru City,Chikkajala Traffic PS,1.04432e+16,2021,1,2,Road Accidents,Junction,Rural Areas,Open area,Human Error,No,Simple Injury,Vehicle to Vehicle,Uncontrolled,Sharp Curve,Others,Bitumen(Tar),Dry,Not Applicable,Clear,BAGALURU-BK HALLI MAIN ROAD,MEESAGANAHALLI CROSS,12 km,0.0,0.0
Bengaluru City,Chikkajala Traffic PS,1.04432e+16,2021,1,2,Road Accidents,Not Applicable,City/Town,At pedestrian Crossing,Human Error,No,Simple Injury,Vehicle to Vehicle,Uncontrolled,Straight and flat,NH,Bitumen(Tar),Dry,Not Applicable,Fine,BB ROAD,CHIKKAJALA FLY OVER,15,0.0,0.0
Bengaluru City,Chikkajala Traffic PS,1.04432e+16,2021,1,2,Road Accidents,Not Applicable,City/Town,Open area,Human Error,No,Fatal,Vehicle to Vehicle,Uncontrolled,Straight and flat,NH,Bitumen(Tar),Dry,Not Applicable,Fine,B B ROAD,ON VIDYANAGAR FLYOVER,13,0.0,0.0
Bengaluru City,Chikkajala Traffic PS,1.04432e+16,2021,1,1,Road Accidents,Not Applicable,Rural Areas,Residential area,Human Error,No,Fatal,Hit pedestrian,Uncontrolled,Straight and flat,Two way,Bitumen(Tar),Dry,Not Applicable,Fine,BagalurRoad,Bagalur police station,14,0.0,0.0
Bengaluru City,Chikkajala Traffic PS,1.04432e+16,2021,1,2,Road Accidents,Not Applicable,City/Town,Residential area,Human Error,No,Simple Injury,Vehicle to Vehicle,Uncontrolled,Others,Others,Concrete,Dry,No influence on accident,Fine,nagawara road,MANYATA TECHPARK,5 km,0.0,0.0
Bengaluru City,Chikkajala Traffic PS,1.04432e+16,2021,1,3,Road Accidents,Not Applicable,Rural Areas,Near or inside a village,Human Error,No,Simple Injury,Vehicle to Vehicle,Uncontrolled,Straight and flat,Two way,Bitumen(Tar),Dry,Not Applicable,Clear,BEGUR MAILANAHALLI MAIN ROAD,HALLI MANE HOTEL,18 KMS,0.0,0.0
Bengaluru City,Chikkajala Traffic PS,1.04432e+16,2021,1,1,Road Accidents,Not Applicable,City/Town,Near office complex,Human Error,No,Simple Injury,Not Applicable,Uncontrolled,Straight and flat,NH,Bitumen(Tar),Dry,Not Applicable,Clear,BB ROAD,MEENUKUNTE HOSUR FLYOVER,15 KMS,0.0,0.0
Bengaluru City,Chikkajala Traffic PS,1.04432e+16,2021,1,1,Road Accidents,Not Applicable,Rural Areas,Near or inside a village,Human Error,Yes,Simple Injury,Not Applicable,Uncontrolled,Straight and flat,Two way,Bitumen(Tar),Dry,Not Applicable,Fine,BAGALURU MAIN ROAD,BAGALURU SANTE,8 KM,0.0,0.0
Bengaluru City,Chikkajala Traffic PS,1.04432e+16,2021,1,1,Road Accidents,Not Applicable,Rural Areas,Near School or College,Human Error,Not Applicable,Fatal,Not Applicable,Uncontrolled,Straight and flat,Two way,Bitumen(Tar),Dry,Not Applicable,Fine,BAGALURU-KANNURU MN RD,MERY IMMACULATE SCHOOL,12 KM,0.0,0.0
Bengaluru City,Chikkajala Traffic PS,1.04432e+16,2021,1,1,Road Accidents,Not Applicable,Rural Areas,Near or inside a village,Human Error,No,Simple Injury,Not Applicable,Uncontrolled,Straight and flat,Two way,Bitumen(Tar),Dry,Not Applicable,Fine,KANNURU MAIN ROAD,BELLAHALLI VILLAGE,6 km,0.0,0.0
Bengaluru City,Chikkajala Traffic PS,1.04432e+16,2021,1,2,Road Accidents,Not Applicable,City/Town,Residential area,Human Error,Yes,Damage Only,Vehicle to Vehicle,Uncontrolled,Straight and flat,Two way,Bitumen(Tar),Dry,Not Applicable,Fine,NAGAWARA RING ROAD,VEERANNANA PALYA DOWN RAMP,5 KM,0.0,0.0
Bengaluru City,Chikkajala Traffic PS,1.04432e+16,2021,1,2,Road Accidents,Not Applicable,Rural Areas,Near or inside a village,Human Error,Yes,Fatal,Vehicle to Vehicle,Uncontrolled,Slight Curve,Others,Concrete,Dry,Not Applicable,Fine,BAGALURU BUDIGERE MAIN ROAD,KALAPPA HOUSE,12 KM,0.0,0.0
Bengaluru City,Chikkajala Traffic PS,1.04432e+16,2021,1,2,Road Accidents,Not Applicable,Rural Areas,Near or inside a village,Human Error,Yes,Simple Injury,Vehicle to Vehicle,Uncontrolled,Straight and flat,Two way,Bitumen(Tar),Dry,Not Applicable,Fine,BAGALURU VILLAGE,SBI BANK,12 KM,0.0,0.0
Bengaluru City,Chikkajala Traffic PS,1.04432e+16,2021,1,1,Road Accidents,Not Applicable,Rural Areas,Near School or College,Human Error,No,Damage Only,Not Applicable,Uncontrolled,Not Applicable,Sub Arterial,Kutcha,Dry,No influence on accident,Fine,HUNASAMARANAHALALI VILLA,NARAYANASWAMY HOUSE,12 KM,0.0,0.0
Bengaluru City,Chikkajala Traffic PS,1.04432e+16,2021,1,2,Road Accidents,Not Applicable,City/Town,Near or inside a village,Human Error,Yes,Simple Injury,Vehicle to Vehicle,Uncontrolled,Straight and flat,NH,Bitumen(Tar),Dry,Not Applicable,Clear,B B ROAD,KOTE CROSS UP RAMP,19 KM,0.0,0.0
Bengaluru City,Chikkajala Traffic PS,1.04432e+16,2021,1,1,Road Accidents,Not Applicable,Rural Areas,Near or inside a village,Human Error,Yes,Grievous Injury,Hit pedestrian,Uncontrolled,Straight and flat,Two way,Bitumen(Tar),Dry,Not Applicable,Clear,VIDYANAGARA CROSS-RAZAQPALYA MAIN ROAD,UTTANAHALLI VILLAGE,8 KM,0.0,0.0
Bengaluru City,Chikkajala Traffic PS,1.04432e+16,2021,1,2,Road Accidents,Not Applicable,City/Town,Near Bus stop,Human Error,No,Grievous Injury,Vehicle to Vehicle,Uncontrolled,Straight and flat,NH,Bitumen(Tar),Dry,Not Applicable,Clear,BB ROAD,HUNASAMARANAHALLI DOWNRAMP,11 KM,0.0,0.0
Bengaluru City,Chikkajala Traffic PS,1.04432e+16,2021,1,2,Road Accidents,Not Applicable,Rural Areas,Open area,Human Error,Yes,Simple Injury,Vehicle to Vehicle,Uncontrolled,Straight and flat,Two way,Bitumen(Tar),Dry,Not Applicable,Fine,BAGALURU-MARASANDRA MAIN ROAD,JAMBOO FOREST AKSHAYA FARM,17 KM,0.0,0.0
Bengaluru City,Chikkajala Traffic PS,1.04432e+16,2021,1,2,Road Accidents,Not Applicable,City/Town,Near a religious place,Human Error,No,Grievous Injury,Vehicle to Vehicle,Uncontrolled,Straight and flat,Two way,Bitumen(Tar),Dry,Not Applicable,Fine,HEGADENAGARA MAIN ROAD,NEAR HAJ BHAVANA,2 KM,0.0,0.0
Bengaluru City,Chikkajala Traffic PS,1.04432e+16,2021,1,1,Road Accidents,Junction,City/Town,Near office complex,Human Error,No,Simple Injury,Hit pedestrian,Uncontrolled,Straight and flat,NH,Bitumen(Tar),Dry,No influence on accident,Fine,BB ROAD,ONFRONT OF ROYAL OAK,13 KM,0.0,0.0
Bengaluru City,Chikkajala Traffic PS,1.04432e+16,2021,1,2,Road Accidents,Cross roads,City/Town,Open area,Human Error,Yes,Damage Only,Vehicle to Vehicle,Uncontrolled,Slight Curve,Two way,Bitumen(Tar),Dry,Not Applicable,Clear,REVA COLEAGE MAIN ROAD,MITTAGANAHALLI CROSS,5 KM,0.0,0.0
Bengaluru City,Chikkajala Traffic PS,1.04432e+16,2021,1,1,Road Accidents,Offset,City/Town,Near or inside a village,Human Error,No,Fatal,Not Applicable,Uncontrolled,Straight and flat,NH,Bitumen(Tar),Dry,Not Applicable,Fine,BB ROAD,CHIKKAJALA,12 KM,0.0,0.0
Bengaluru City,Chikkajala Traffic PS,1.04432e+16,2021,1,2,Road Accidents,Curves,City/Town,Near or inside a village,Human Error,No,Grievous Injury,Vehicle to Vehicle,Controlled,Others,Others,Bitumen(Tar),Others,Not Applicable,Others,BAGALURU HENNURU MAIN ROAD,NEAR MASIDI TAVAKKAL,5 KM,0.0,0.0
Bengaluru City,Chikkajala Traffic PS,1.04432e+16,2021,1,2,Road Accidents,Not Applicable,Rural Areas,Open area,Human Error,No,Grievous Injury,Vehicle to Vehicle,Uncontrolled,Straight and flat,Two way,Bitumen(Tar),Dry,Not Applicable,Fine,"SAMPIGEHALLI AGRAHARA MAIN ROAD,",SAMPGEHALLI SMASHANA,4 KM,0.0,0.0
Bengaluru City,Chikkajala Traffic PS,1.04432e+16,2021,1,2,Road Accidents,Junction,City/Town,Near School or College,Human Error,Yes,Simple Injury,Vehicle to Vehicle,Uncontrolled,Straight and flat,Two way,Bitumen(Tar),Dry,Not Applicable,Clear,REVA COLLEGE ROAD,REVA COLLEGE,6,0.0,0.0
Bengaluru City,Chikkajala Traffic PS,1.04432e+16,2021,1,2,Road Accidents,Narrow road,City/Town,Open area,Human Error,Yes,Simple Injury,Vehicle to Vehicle,Uncontrolled,Straight and flat,NH,Bitumen(Tar),Dry,Not Applicable,Fine,BB ROAD,ROYAL OAK,14,0.0,0.0
Bengaluru City,Chikkajala Traffic PS,1.04432e+16,2021,1,2,Road Accidents,Junction,City/Town,Near School or College,Human Error,Yes,Simple Injury,Vehicle to Vehicle,Uncontrolled,Straight and flat,Two way,Bitumen(Tar),Dry,Not Applicable,Fine,REVA COLLAGE ROAD,REVA COLLAGE,5 KM,0.0,0.0
Bengaluru City,Chikkajala Traffic PS,1.04432e+16,2021,1,1,Road Accidents,Junction,City/Town,Near School or College,Human Error,Not Applicable,Fatal,Not Applicable,Uncontrolled,Straight and flat,Two way,Bitumen(Tar),Dry,Not Applicable,Fine,REVA COLLEGE-BELLAHALLI MAIN ROAD,REVA COLLEGE 2ND GATE,5 KM,0.0,0.0
Bengaluru City,Chikkajala Traffic PS,1.04432e+16,2021,1,1,Road Accidents,Not Applicable,City/Town,Narrow bridge or culverts,Human Error,No,Simple Injury,Not Applicable,Uncontrolled,Straight and flat,NH,Bitumen(Tar),Dry,Not Applicable,Fine,B B ROAD,ON VIDYANAGAR FLYOVER,14 KMS,0.0,0.0
Bengaluru City,Chikkajala Traffic PS,1.04432e+16,2021,1,2,Road Accidents,Not Applicable,City/Town,Narrow bridge or culverts,Human Error,No,Simple Injury,Vehicle to Vehicle,Uncontrolled,Straight and flat,NH,Bitumen(Tar),Dry,Not Applicable,Clear,B B ROAD,TOYOTA UPRAMP,12 KM,0.0,0.0
Bengaluru City,Chikkajala Traffic PS,1.04432e+16,2021,1,1,Road Accidents,Not Applicable,City/Town,Open area,Human Error,Yes,Grievous Injury,Hit pedestrian,Uncontrolled,Straight and flat,NH,Bitumen(Tar),Dry,Not Applicable,Clear,B B ROAD,DECATHLON,13 KM,0.0,0.0
Bengaluru City,Chikkajala Traffic PS,1.04432e+16,2021,1,1,Road Accidents,Not Applicable,City/Town,Residential area,Human Error,No,Simple Injury,Hit pedestrian,Uncontrolled,Dip or trough,Two way,Bitumen(Tar),Dry,Not Applicable,Fine,NAGAWARA RING ROAD,VEERANNAPALYA DOWNRAMP,5 KM,0.0,0.0
Bengaluru City,Chikkajala Traffic PS,1.04432e+16,2021,1,1,Road Accidents,Not Applicable,Rural Areas,Open area,Human Error,No,Simple Injury,Not Applicable,Uncontrolled,Straight and flat,Two way,Bitumen(Tar),Dry,Not Applicable,Clear,Nitte Meenakshi Gantiganahalli Main road,Gantiganahalli Lake,15 kms,0.0,0.0
Bengaluru City,Chikkajala Traffic PS,1.04432e+16,2021,1,1,Road Accidents,Cross roads,Rural Areas,Near or inside a village,Human Error,Yes,Simple Injury,Hit pedestrian,Uncontrolled,Straight and flat,Two way,Bitumen(Tar),Dry,Not Applicable,Fine,INFRONT OF CHURCH KANNUR YARAPANAHALLI MN RD,INFRONT OF CHURCH,12 KM,0.0,0.0
Bengaluru City,Chikkajala Traffic PS,1.04432e+16,2021,1,1,Road Accidents,Cross roads,City/Town,Near or inside a village,Human Error,Yes,Simple Injury,Hit pedestrian,Uncontrolled,Curve,Two way,Bitumen(Tar),Dry,Not Applicable,Fine,BAGALURU MN RD,Krishna shelton apartment,10 KM,0.0,0.0
Bengaluru City,Chikkajala Traffic PS,1.04432e+16,2021,1,2,Road Accidents,Cross roads,City/Town,Near or inside a village,Human Error,No,Simple Injury,Vehicle to Vehicle,Uncontrolled,Not Applicable,Two way,Bitumen(Tar),Dry,Not Applicable,Clear,bagalur main road,Dhwaraka nagar bus stop,7,0.0,0.0
Bengaluru City,Chikkajala Traffic PS,1.04432e+16,2021,1,2,Road Accidents,Not Applicable,City/Town,Open area,Human Error,No,Grievous Injury,Vehicle to Vehicle,Uncontrolled,Straight and flat,NH,Bitumen(Tar),Dry,No influence on accident,Fine,BB ROAD,HUNASAMARANAHALLI FLYOVER,12 KM,0.0,0.0
Bengaluru City,Chikkajala Traffic PS,1.04432e+16,2021,1,2,Road Accidents,Not Applicable,City/Town,Near office complex,Human Error,Yes,Simple Injury,Vehicle to Vehicle,Uncontrolled,Straight and flat,Service Road,Bitumen(Tar),Dry,Not Applicable,Fine,b b road,DECATHLON,14 KM,0.0,0.0
Bengaluru City,Chikkajala Traffic PS,1.04432e+16,2021,1,1,Road Accidents,Not Applicable,Rural Areas,Near or inside a village,Human Error,No,Simple Injury,Hit bicyclist,Uncontrolled,Straight and flat,Two way,Bitumen(Tar),Dry,Not Applicable,Fine,KANNUR BAGALUR ROAD,TAVAKAL MASID,9,0.0,0.0
Bengaluru City,Chikkajala Traffic PS,1.04432e+16,2021,1,2,Road Accidents,Cross roads,City/Town,Near a religious place,Human Error,No,Grievous Injury,Vehicle to Vehicle,Uncontrolled,Straight and flat,Two way,Bitumen(Tar),Others,Not Applicable,Clear,HEGADENAGARA MN RD,HAJ BHAVANA,1.5 KM,0.0,0.0
Bengaluru City,Chikkajala Traffic PS,1.04432e+16,2021,1,2,Road Accidents,Not Applicable,Rural Areas,Residential area,Human Error,Yes,Fatal,Vehicle to Vehicle,Uncontrolled,Straight and flat,Two way,Bitumen(Tar),Dry,Not Applicable,Fine,KANNURU BELAHALLI MAIN,RAGA APARTAMENT,5KM,0.0,0.0
Bengaluru City,Chikkajala Traffic PS,1.04432e+16,2021,1,2,Road Accidents,Not Applicable,City/Town,Near or inside a village,Human Error,Yes,Fatal,Vehicle to Vehicle,Uncontrolled,Straight and flat,Two way,Bitumen(Tar),Dry,Not Applicable,Fine,BAGALURU MAIN,LAKSHMI STUDIO,7KM,0.0,0.0
Bengaluru City,Chikkajala Traffic PS,1.04432e+16,2021,1,2,Road Accidents,Not Applicable,City/Town,Narrow bridge or culverts,Human Error,No,Simple Injury,Vehicle to Vehicle,Uncontrolled,Straight and flat,NH,Bitumen(Tar),Dry,Not Applicable,Clear,BB ROAD,VIDYANAGAR FLYOVER,14 KMS,0.0,0.0
Bengaluru City,Chikkajala Traffic PS,1.04432e+16,2021,1,2,Road Accidents,Junction,City/Town,Narrow bridge or culverts,Human Error,No,Grievous Injury,Vehicle to Vehicle,Uncontrolled,Straight and flat,Two way,Bitumen(Tar),Dry,Not Applicable,Fine,HEGDENAGAR MAIN ROAD,BELLAHALLI BRIDGE,4 KM,0.0,0.0
Bengaluru City,Chikkajala Traffic PS,1.04432e+16,2021,1,2,Road Accidents,Not Applicable,City/Town,Near or inside a village,Human Error,No,Grievous Injury,Vehicle to Vehicle,Uncontrolled,Straight and flat,NH,Bitumen(Tar),Dry,Not Applicable,Clear,B B ROAD,NEAR KOTE CROSS,13 KM,0.0,0.0
Bengaluru City,Chikkajala Traffic PS,1.04432e+16,2021,1,1,Road Accidents,Junction,City/Town,Residential area,Human Error,No,Fatal,Hit pedestrian,Uncontrolled,Straight and flat,Service Road,Bitumen(Tar),Dry,Not Applicable,Fine,NAGAWARA RING ROAD,NAGAWARA SIGNAL,6 KM,0.0,0.0
Bengaluru City,Chikkajala Traffic PS,1.04432e+16,2021,1,2,Road Accidents,Not Applicable,City/Town,Open area,Human Error,No,Grievous Injury,Vehicle to Vehicle,Uncontrolled,Sharp Curve,Service Road,Bitumen(Tar),Dry,Not Applicable,Clear,bb road,KOTE CROSS,15 km,0.0,0.0
Bengaluru City,Chikkajala Traffic PS,1.04432e+16,2021,1,2,Road Accidents,Narrow road,City/Town,Residential area,Not Applicable,No,Grievous Injury,Vehicle to Vehicle,Uncontrolled,Straight and flat,Others,Concrete,Dry,Not Applicable,Clear,THANISANDRA MAIN ROAD,NEAR A TOZ APARTMENT,3 KM,0.0,0.0
Bengaluru City,Chikkajala Traffic PS,1.04432e+16,2021,1,1,Road Accidents,Not Applicable,City/Town,Near Hospital,Human Error,No,Grievous Injury,Hit pedestrian,Uncontrolled,Straight and flat,Two way,Concrete,Dry,Not Applicable,Clear,hegadenagara rd,REGAL HOSPITAL,2.5 KM,0.0,0.0
Bengaluru City,Chikkajala Traffic PS,1.04432e+16,2021,1,2,Road Accidents,Not Applicable,City/Town,Open area,Human Error,No,Grievous Injury,Vehicle to Vehicle,Uncontrolled,Straight and flat,NH,Bitumen(Tar),Dry,Not Applicable,Fine,bb road,itc,14 KMS,0.0,0.0
Bengaluru City,Chikkajala Traffic PS,1.04432e+16,2021,1,2,Road Accidents,Not Applicable,City/Town,Near Bus stop,Human Error,No,Simple Injury,Vehicle to Vehicle,Uncontrolled,Straight and flat,Two way,Bitumen(Tar),Dry,Not Applicable,Clear,B.B. ROAD,HUNASAMARANAHALLI BUS STOP,12 KM,0.0,0.0
Bengaluru City,Chikkajala Traffic PS,1.04432e+16,2021,1,2,Road Accidents,Not Applicable,Rural Areas,Open area,Human Error,No,Damage Only,Vehicle to Vehicle,Uncontrolled,Straight and flat,Two way,Bitumen(Tar),Dry,Not Applicable,Fine,MVIT -RAJANKUNTE ROAD,NARAYANAPURA RAILWAY GATE,12 KM,0.0,0.0
Bengaluru City,Chikkajala Traffic PS,1.04432e+16,2021,1,2,Road Accidents,Not Applicable,City/Town,Near or inside a village,Human Error,Yes,Grievous Injury,Vehicle to Vehicle,Uncontrolled,Straight and flat,Two way,Bitumen(Tar),Dry,No influence on accident,Fine,MAILANAHALLI MN RD,KADAYARAPPANAHALLI,20,0.0,0.0
Bengaluru City,Chikkajala Traffic PS,1.04432e+16,2021,1,2,Road Accidents,Not Applicable,City/Town,Near office complex,Human Error,No,Fatal,Vehicle to Vehicle,Uncontrolled,Straight and flat,Two way,Bitumen(Tar),Dry,Not Applicable,Fine,BAGALURU MAIN ROAD,RAM FLEX COMPANY,6km,0.0,0.0
Bengaluru City,Chikkajala Traffic PS,1.04432e+16,2021,1,1,Road Accidents,Not Applicable,City/Town,Near or inside a village,Human Error,Yes,Simple Injury,Hit pedestrian,Uncontrolled,Straight and flat,Service Road,Bitumen(Tar),Dry,Not Applicable,Fine,bb road,SLV HOTEL CHIKKAJALA,13 KM,0.0,0.0
Bengaluru City,Chikkajala Traffic PS,1.04432e+16,2021,1,2,Road Accidents,Not Applicable,City/Town,Narrow bridge or culverts,Human Error,No,Simple Injury,Vehicle to Vehicle,Uncontrolled,Others,NH,Bitumen(Tar),Dry,Not Applicable,Fine,bb road,BHAGINI HOTEL,11 KM,0.0,0.0
Bengaluru City,Chikkajala Traffic PS,1.04432e+16,2021,1,2,Road Accidents,Not Applicable,City/Town,Near Petrol Pump,Human Error,Yes,Simple Injury,Vehicle to Vehicle,Uncontrolled,Straight and flat,Two way,Bitumen(Tar),Dry,Not Applicable,Fine,BAGALURU MAINROAD,HP PETROL BUNK,"City,",0.0,0.0
Bengaluru City,Chikkajala Traffic PS,1.04432e+16,2021,1,2,Road Accidents,Not Applicable,City/Town,Near School or College,Human Error,No,Grievous Injury,Vehicle to Vehicle,Uncontrolled,Straight and flat,Two way,Concrete,Dry,Not Applicable,Clear,HEGADENAGARA MAIN ROAD,NARAYANAPURA CROSS,0.5 KM,0.0,0.0
Bengaluru City,Chikkajala Traffic PS,1.04432e+16,2021,1,1,Road Accidents,Not Applicable,City/Town,Near School or College,Human Error,Not Applicable,Damage Only,Not Applicable,Uncontrolled,Straight and flat,Two way,Concrete,Dry,Not Applicable,Fine,REVA BELLAHALLI ROAD,REVA COLLOGE GATE 2,5 KM,0.0,0.0
Bengaluru City,Chikkajala Traffic PS,1.04432e+16,2021,1,2,Road Accidents,Not Applicable,City/Town,Near or inside a village,Human Error,Yes,Fatal,Vehicle to Vehicle,Uncontrolled,Straight and flat,NH,Bitumen(Tar),Dry,Not Applicable,Fine,BB ROAD,BHARATHINAGARA,11,0.0,0.0
Bengaluru City,Chikkajala Traffic PS,1.04432e+16,2021,1,2,Road Accidents,Not Applicable,City/Town,Residential area,Human Error,No,Simple Injury,Vehicle to Vehicle,Uncontrolled,Straight and flat,Two way,Bitumen(Tar),Dry,Not Applicable,Fine,80 FEET ROAD,MCEHS LAYOUT,2 KM,0.0,0.0
Bengaluru City,Chikkajala Traffic PS,1.04432e+16,2021,1,1,Road Accidents,Not Applicable,Rural Areas,Near School or College,Human Error,No,Simple Injury,Not Applicable,Uncontrolled,Straight and flat,Two way,Bitumen(Tar),Dry,No influence on accident,Fine,SAMPIGEHALLI VILLAGE,GREEN FIELD SCHOOL,3 KM,0.0,0.0
Bengaluru City,Chikkajala Traffic PS,1.04432e+16,2021,1,1,Road Accidents,Not Applicable,City/Town,Open area,Human Error,No,Simple Injury,Hit pedestrian,Uncontrolled,Straight and flat,NH,Bitumen(Tar),Dry,Not Applicable,Fine,MVIT CROSS A2B HOTEL  OPPOSITE B B ROAD,A2B HOTEL  OPPOSITE B B ROd,12 KM,0.0,0.0
Bengaluru City,Chikkajala Traffic PS,1.04432e+16,2021,1,2,Road Accidents,Narrow road,City/Town,Open area,Human Error,No,Simple Injury,Vehicle to Vehicle,Uncontrolled,Sharp Curve,NH,Bitumen(Tar),Dry,Not Applicable,Clear,b b road,HUNASAMARANAHALLI UPRAMP,12 KM,0.0,0.0
Bengaluru City,Chikkajala Traffic PS,1.04432e+16,2021,1,1,Road Accidents,Not Applicable,Rural Areas,Open area,Human Error,No,Simple Injury,Not Applicable,Uncontrolled,Straight and flat,Two way,Bitumen(Tar),Dry,Not Applicable,Clear,Begur mailanahalli main Rd,chikkanahalli estate,13 kms,0.0,0.0
Bengaluru City,Chikkajala Traffic PS,1.04432e+16,2021,1,1,Road Accidents,Not Applicable,City/Town,Narrow bridge or culverts,Human Error,No,Simple Injury,Not Applicable,Uncontrolled,Straight and flat,Two way,Bitumen(Tar),Dry,Not Applicable,Fine,nagawara ring road,MANYATA,4,0.0,0.0
Bengaluru City,Chikkajala Traffic PS,1.04432e+16,2021,1,2,Road Accidents,Not Applicable,City/Town,Near or inside a village,Human Error,No,Simple Injury,Vehicle to Vehicle,Uncontrolled,Straight and flat,Two way,Bitumen(Tar),Dry,Not Applicable,Fine,hegadenagara mn rd,INDIRA CANTEEN,0.5,0.0,0.0
Bengaluru City,Chikkajala Traffic PS,1.04432e+16,2021,1,1,Road Accidents,Not Applicable,Rural Areas,Near Bus stop,Human Error,No,Simple Injury,Not Applicable,Uncontrolled,Straight and flat,Two way,Bitumen(Tar),Dry,Not Applicable,Fine,BUDIGERE MN RD,MARALUKUNTE BUSSTOP,14,0.0,0.0
Bengaluru City,Chikkajala Traffic PS,1.04432e+16,2021,1,1,Road Accidents,Not Applicable,Rural Areas,Open area,Human Error,No,Simple Injury,Not Applicable,Uncontrolled,Straight and flat,Two way,Bitumen(Tar),Dry,Not Applicable,Clear,MEESAGANAHALLI MAIN,GRAVE YARD OF KOLIPURA VILLAGE,15 KM,0.0,0.0
Bengaluru City,Chikkajala Traffic PS,1.04432e+16,2021,1,1,Road Accidents,Not Applicable,City/Town,Narrow bridge or culverts,Human Error,No,Grievous Injury,Not Applicable,Uncontrolled,Straight and flat,NH,Bitumen(Tar),Dry,Not Applicable,Fine,BB ROAD,Hunasamaranahalli Upramp,12 kms,0.0,0.0
Bengaluru City,Chikkajala Traffic PS,1.04432e+16,2021,1,1,Road Accidents,Not Applicable,City/Town,Near Bus stop,Human Error,No,Grievous Injury,Hit pedestrian,Uncontrolled,Others,Service Road,Bitumen(Tar),Dry,Not Applicable,Fine,BB ROAD,BHARATHINAGAR BUS STOP,10 KM,0.0,0.0
Bengaluru City,Chikkajala Traffic PS,1.04432e+16,2021,1,2,Road Accidents,Cross roads,City/Town,Near Bus stop,Human Error,Yes,Simple Injury,Vehicle to Vehicle,Uncontrolled,Straight and flat,Service Road,Bitumen(Tar),Dry,Not Applicable,Clear,BB ROAD,BETTAHALASURU CROSS,14 KM,0.0,0.0
Bengaluru City,Chikkajala Traffic PS,1.04432e+16,2021,1,2,Road Accidents,Not Applicable,City/Town,Near or inside a village,Human Error,No,Simple Injury,Vehicle to Vehicle,Uncontrolled,Straight and flat,NH,Bitumen(Tar),Dry,Not Applicable,Clear,B.B ROAD,NEAR KOTE CROSS,12 KM,0.0,0.0