DISTRICTNAME,UNITNAME,Crime_No,Year,RI,Noofvehicle_involved,Accident_Classification,Accident_Spot,Accident_Location,Accident_SubLocation,Main_Cause,Hit_Run,Severity,Collision_Type,Junction_Control,Road_Character,Road_Type,Surface_Type,Surface_Condition,Road_Condition,Weather,Accident_Road,Landmark_first,Distance_LandMark_First,Latitude,Longitude
Bengaluru City,Chikkajala Traffic PS,1.04432e+16,2022,1,2,Road Accidents,Not Applicable,City/Town,Open area,Human Error,No,Fatal,Vehicle to Vehicle,Uncontrolled,Straight and flat,Two way,Bitumen(Tar),Dry,Not Applicable,Fine,B B ROAD,ITC GATE,15 KM,0.0,0.0
Bengaluru City,Chikkajala Traffic PS,1.04432e+16,2022,1,2,Road Accidents,Not Applicable,City/Town,Open area,Human Error,Yes,Simple Injury,Vehicle to Vehicle,Uncontrolled,Straight and flat,NH,Bitumen(Tar),Dry,No influence on accident,Clear,B B ROAD,ITC FACTORY,18,0.0,0.0
Bengaluru City,Chikkajala Traffic PS,1.04432e+16,2022,1,1,Road Accidents,Narrow road,City/Town,Near a recreation place/cinema,Not Applicable,Yes,Fatal,Hit pedestrian,Not Applicable,Not Applicable,Expressway,Concrete,Not Applicable,Not Applicable,Fog / Mist,R.K.HEGDE NAGAR MAIN ROAD,INFRONT OF NANDA GOKULA CHOUTARY,75MTRS,0.0,0.0
Bengaluru City,Chikkajala Traffic PS,1.04432e+16,2022,1,2,Road Accidents,Junction,City/Town,Near School or College,Human Error,No,Simple Injury,Vehicle to Vehicle,Uncontrolled,Straight and flat,Two way,Bitumen(Tar),Dry,Not Applicable,Clear,"REVA COLLAGE MAIN ROAD,",REVA COLLAGE,6km,0.0,0.0
Bengaluru City,Chikkajala Traffic PS,1.04432e+16,2022,1,1,Road Accidents,Narrow road,City/Town,Near Bus stop,Not Applicable,No,Fatal,Hit pedestrian,Not Applicable,Not Applicable,NH,Bitumen(Tar),Dry,Not Applicable,Fog / Mist,BB ROAD,NEAR KADIGANAHALLI GATE,200MTR,0.0,0.0
Bengaluru City,Chikkajala Traffic PS,1.04432e+16,2022,1,2,Road Accidents,Not Applicable,City/Town,Open area,Human Error,No,Grievous Injury,Vehicle to Vehicle,Uncontrolled,Straight and flat,NH,Bitumen(Tar),Dry,Not Applicable,Fine,BB ROAD,TOLL,18,0.0,0.0
Bengaluru City,Chikkajala Traffic PS,1.04432e+16,2022,1,2,Road Accidents,Not Applicable,City/Town,Residential area,Human Error,No,Simple Injury,Vehicle to Vehicle,Uncontrolled,Straight and flat,Two way,Bitumen(Tar),Dry,Not Applicable,Fine,K V JAYARAM ROAD,DUSSAN FACTORY,5KM,0.0,0.0
Bengaluru City,Chikkajala Traffic PS,1.04432e+16,2022,1,2,Not Applicable,Junction,Rural Areas,Open area,Human Error,No,Simple Injury,Vehicle to Vehicle,Not at  Junction,Others,Expressway,Bitumen(Tar),Dry,Not Applicable,Clear,Near Airport Upramp,1,1,0.0,0.0
Bengaluru City,Chikkajala Traffic PS,1.04432e+16,2022,1,2,Road Accidents,Not Applicable,City/Town,Open area,Human Error,No,Simple Injury,Vehicle to Vehicle,Uncontrolled,Straight and flat,NH,Bitumen(Tar),Dry,Not Applicable,Clear,B B ROAD,MC DONALD,14 KM,0.0,0.0
Bengaluru City,Chikkajala Traffic PS,1.04432e+16,2022,1,2,Road Accidents,Not Applicable,City/Town,Near School or College,Human Error,No,Simple Injury,Vehicle to Vehicle,Uncontrolled,Straight and flat,Two way,Bitumen(Tar),Dry,Not Applicable,Clear,HENNUR BAGALURU MN RD,FARANA COLLEGE,8 KM,0.0,0.0
Bengaluru City,Chikkajala Traffic PS,1.04432e+16,2022,1,2,Road Accidents,Not Applicable,City/Town,Narrow bridge or culverts,Human Error,No,Grievous Injury,Vehicle to Vehicle,Uncontrolled,Others,NH,Bitumen(Tar),Dry,No influence on accident,Fine,B B ROAD,TOLL,18,0.0,0.0
Bengaluru City,Chikkajala Traffic PS,1.04432e+16,2022,1,2,Road Accidents,Junction,City/Town,Near or inside a village,Human Error,No,Damage Only,Vehicle to Vehicle,Uncontrolled,Straight and flat,NH,Bitumen(Tar),Dry,Not Applicable,Fine,B B ROAD,TOLL,18,0.0,0.0
Bengaluru City,Chikkajala Traffic PS,1.04432e+16,2022,1,1,Road Accidents,Cross roads,City/Town,Near a factory industrial area,Human Error,Yes,Fatal,Vehicle to Vehicle,Uncontrolled,Slight Curve,Two way,Bitumen(Tar),Dry,No influence on accident,Clear,kiadb road area,BRIGADE AND SHIRKE AIRPORT STAFF,12,0.0,0.0
Bengaluru City,Chikkajala Traffic PS,1.04432e+16,2022,1,1,Not Applicable,Narrow road,City/Town,Residential area,Not Applicable,No,Grievous Injury,Hit pedestrian,Uncontrolled,Not Applicable,Major District Road,Bitumen(Tar),Dry,Not Applicable,Clear,THANISANDRA ROAD,NEAR RK BEKARY,50FEET,0.0,0.0
Bengaluru City,Chikkajala Traffic PS,1.04432e+16,2022,1,1,Road Accidents,Junction,City/Town,Near Petrol Pump,Human Error,No,Simple Injury,Hit pedestrian,Uncontrolled,Straight and flat,NH,Bitumen(Tar),Dry,Not Applicable,Clear,B B ROAD,SADAHALLI GATE,18,0.0,0.0
Bengaluru City,Chikkajala Traffic PS,1.04432e+16,2022,1,2,Road Accidents,Not Applicable,City/Town,Open area,Not Applicable,No,Simple Injury,Vehicle to Vehicle,Not Applicable,Others,Others,Bitumen(Tar),Others,Not Applicable,Clear,bagaluru main road,0,3 km,0.0,0.0
Bengaluru City,Chikkajala Traffic PS,1.04432e+16,2022,1,2,Road Accidents,Not Applicable,City/Town,Near Petrol Pump,Human Error,No,Damage Only,Vehicle to Vehicle,Uncontrolled,Straight and flat,Two way,Bitumen(Tar),Dry,Not Applicable,Fine,BETTAHALASUR MN RD,NEAR INDIAN PETROL BUNK,13,0.0,0.0
Bengaluru City,Chikkajala Traffic PS,1.04432e+16,2022,1,1,Road Accidents,Cross roads,Rural Areas,Near or inside a village,Human Error,Yes,Fatal,Hit pedestrian,Uncontrolled,Straight and flat,Sub Arterial,Concrete,Dry,No influence on accident,Clear,Basavalingappa nagar,Balaji layout,1,0.0,0.0
Bengaluru City,Chikkajala Traffic PS,1.04432e+16,2022,1,2,Road Accidents,Junction,City/Town,Open area,Human Error,No,Grievous Injury,Vehicle to Vehicle,Uncontrolled,Straight and flat,NH,Bitumen(Tar),Dry,Not Applicable,Fine,BB ROAD,TOLL,18,0.0,0.0
Bengaluru City,Chikkajala Traffic PS,1.04432e+16,2022,1,1,Road Accidents,Not Applicable,Rural Areas,Near Petrol Pump,Human Error,No,Damage Only,Not Applicable,Uncontrolled,Straight and flat,Two way,Bitumen(Tar),Dry,Not Applicable,Clear,SATANUR ROAD,ESSAR PETROL BUNK,6,0.0,0.0
Bengaluru City,Chikkajala Traffic PS,1.04432e+16,2022,1,2,Road Accidents,Not Applicable,Rural Areas,Near or inside a village,Human Error,No,Simple Injury,Vehicle to Vehicle,Uncontrolled,Straight and flat,Two way,Bitumen(Tar),Dry,Not Applicable,Fine,mylanahalli rd,mylanahalli gate,12,0.0,0.0
Bengaluru City,Chikkajala Traffic PS,1.04432e+16,2022,1,2,Road Accidents,Cross roads,City/Town,Near or inside a village,Human Error,No,Simple Injury,Vehicle to Vehicle,Uncontrolled,Curve,Two way,Bitumen(Tar),Dry,Not Applicable,Fine,BAGALUR MN RD,BAGALUR  SANTE,8 KM,0.0,0.0
Bengaluru City,Chikkajala Traffic PS,1.04432e+16,2022,1,2,Road Accidents,Not Applicable,Rural Areas,Open area,Human Error,No,Grievous Injury,Vehicle to Vehicle,Uncontrolled,Straight and flat,Two way,Bitumen(Tar),Dry,Not Applicable,Clear,marasandra mn rd,jambu forest,8km,0.0,0.0
Bengaluru City,Chikkajala Traffic PS,1.04432e+16,2022,1,2,Road Accidents,Not Applicable,City/Town,Near or inside a village,Human Error,No,Simple Injury,Vehicle to Vehicle,Uncontrolled,Straight and flat,NH,Bitumen(Tar),Dry,No influence on accident,Fine,B B ROAD,PETROL BUNK,12 KM,0.0,0.0
Bengaluru City,Chikkajala Traffic PS,1.04432e+16,2022,1,2,Road Accidents,Not Applicable,City/Town,Near a religious place,Human Error,No,Simple Injury,Vehicle to Vehicle,Uncontrolled,Straight and flat,Two way,Bitumen(Tar),Dry,Not Applicable,Fine,HEGADENAGARA MN RD,HAJ BHAVANA,3 KM,0.0,0.0
Bengaluru City,Chikkajala Traffic PS,1.04432e+16,2022,1,2,Road Accidents,Not Applicable,City/Town,Near or inside a village,Human Error,No,Damage Only,Vehicle to Vehicle,Uncontrolled,Straight and flat,NH,Bitumen(Tar),Dry,Not Applicable,Fine,B B ROAD,DECATHLAN SPORTS SHOWROOM,14,0.0,0.0
Bengaluru City,Chikkajala Traffic PS,1.04432e+16,2022,1,2,Road Accidents,Not Applicable,City/Town,Near School or College,Human Error,No,Simple Injury,Vehicle to Vehicle,Uncontrolled,Straight and flat,Two way,Bitumen(Tar),Dry,Not Applicable,Fine,hegadenagara mn rd,karnataka collage,3,0.0,0.0
Bengaluru City,Chikkajala Traffic PS,1.04432e+16,2022,1,1,Road Accidents,Not Applicable,City/Town,Narrow bridge or culverts,Human Error,Yes,Fatal,Hit pedestrian,Uncontrolled,Straight and flat,Two way,Bitumen(Tar),Dry,No influence on accident,Clear,KOGILU MN RD,APPA AMMA COMPLEX,5 KM,0.0,0.0
Bengaluru City,Chikkajala Traffic PS,1.04432e+16,2022,1,1,Road Accidents,Not Applicable,City/Town,Residential area,Human Error,No,Simple Injury,Not Applicable,Uncontrolled,Straight and flat,Two way,Bitumen(Tar),Dry,Not Applicable,Fine,RING ROAD,MANYATHA,4KM,0.0,0.0
Bengaluru City,Chikkajala Traffic PS,1.04432e+16,2022,1,2,Road Accidents,Not Applicable,City/Town,Near Petrol Pump,Human Error,No,Simple Injury,Vehicle to Vehicle,Uncontrolled,Straight and flat,Two way,Bitumen(Tar),Dry,Not Applicable,Fine,NAGAWARA RING ROAD,HANUMAN PETROL BUNK,5 KM,0.0,0.0
Bengaluru City,Chikkajala Traffic PS,1.04432e+16,2022,1,2,Road Accidents,Not Applicable,City/Town,Near or inside a village,Human Error,No,Grievous Injury,Vehicle to Vehicle,Uncontrolled,Straight and flat,Two way,Bitumen(Tar),Dry,Not Applicable,Fine,hegadenagara mn rd,sampigehalli ps,1,0.0,0.0
Bengaluru City,Chikkajala Traffic PS,1.04432e+16,2022,1,2,Road Accidents,Not Applicable,Rural Areas,Open area,Human Error,No,Simple Injury,Vehicle to Vehicle,Uncontrolled,Straight and flat,Two way,Bitumen(Tar),Dry,Not Applicable,Fine,SAMMYS DREAM LAND ROAD,SAMMYS DREAM LAND,8 KM,0.0,0.0
Bengaluru City,Chikkajala Traffic PS,1.04432e+16,2022,1,1,Road Accidents,Narrow road,City/Town,At pedestrian Crossing,Not Applicable,Yes,Simple Injury,Hit pedestrian,Not Applicable,Others,Arterial,Concrete,Dry,Not Applicable,Not Applicable,SHUBAM NURSING COLLEGE ROAD,SHUBAM NURSING COLLEGE,10FEET,0.0,0.0
Bengaluru City,Chikkajala Traffic PS,1.04432e+16,2022,1,2,Road Accidents,Not Applicable,City/Town,Near Bus stop,Human Error,No,Grievous Injury,Vehicle to Vehicle,Uncontrolled,Straight and flat,NH,Bitumen(Tar),Dry,Not Applicable,Fine,BB ROAD,TOLL,18,0.0,0.0
Bengaluru City,Chikkajala Traffic PS,1.04432e+16,2022,1,1,Road Accidents,Narrow road,City/Town,Near a factory industrial area,Road Environment Defect,Not Applicable,Fatal,Not Applicable,Not Applicable,Hump,Residential Street,Bitumen(Tar),Others,Construction Work / Material,Fog / Mist,MANYATA TECH PARK ROAD,NEAR M2 BULIDING,50MTRS,0.0,0.0
Bengaluru City,Chikkajala Traffic PS,1.04432e+16,2022,1,2,Road Accidents,Cross roads,City/Town,Near or inside a village,Human Error,No,Grievous Injury,Vehicle to Vehicle,Uncontrolled,Straight and flat,Two way,Bitumen(Tar),Dry,No influence on accident,Fine,DODDAJALA ROAD,ITC LAYOUT,21,0.0,0.0
Bengaluru City,Chikkajala Traffic PS,1.04432e+16,2022,1,2,Road Accidents,Not Applicable,City/Town,Near office complex,Human Error,No,Damage Only,Vehicle to Vehicle,Uncontrolled,Straight and flat,Two way,Bitumen(Tar),Dry,Not Applicable,Fine,BAGALUR MN RD,OPP RELIANCE SHOP,8,0.0,0.0
Bengaluru City,Chikkajala Traffic PS,1.04432e+16,2022,1,2,Road Accidents,Not Applicable,City/Town,Near or inside a village,Human Error,No,Grievous Injury,Vehicle to Vehicle,Uncontrolled,Straight and flat,Service Road,Bitumen(Tar),Dry,Not Applicable,Fine,B B ROAD,SADDA ADDA RESTAURENT,8,0.0,0.0
Bengaluru City,Chikkajala Traffic PS,1.04432e+16,2022,1,2,Road Accidents,Not Applicable,City/Town,Narrow bridge or culverts,Human Error,Yes,Simple Injury,Vehicle to Vehicle,Uncontrolled,Straight and flat,NH,Bitumen(Tar),Dry,No influence on accident,Fine,b b road,chikkajala flyover,12 km,0.0,0.0
Bengaluru City,Chikkajala Traffic PS,1.04432e+16,2022,1,1,Road Accidents,Junction,City/Town,Near School or College,Human Error,Not Applicable,Fatal,Not Applicable,Uncontrolled,Straight and flat,Two way,Bitumen(Tar),Dry,No influence on accident,Fine,Reva College road,Reva College,4 km,13.117563,77.633891
Bengaluru City,Chikkajala Traffic PS,1.04432e+16,2022,1,1,Road Accidents,Cross roads,City/Town,Near Hospital,Human Error,No,Grievous Injury,Hit pedestrian,Uncontrolled,Straight and flat,Two way,Bitumen(Tar),Dry,Not Applicable,Fine,KANNUR ROAD,GOVT PRIMARY HELATH CENTERS,6 KM,0.0,0.0
Bengaluru City,Chikkajala Traffic PS,1.04432e+16,2022,1,3,Road Accidents,Not Applicable,City/Town,Near office complex,Human Error,No,Simple Injury,Vehicle to Vehicle,Uncontrolled,Straight and flat,Two way,Bitumen(Tar),Dry,Not Applicable,Fine,hegadenagara mn rd,regal hospetal,2.5,0.0,0.0
Bengaluru City,Chikkajala Traffic PS,1.04432e+16,2022,1,2,Road Accidents,Not Applicable,Rural Areas,Near office complex,Human Error,No,Damage Only,Vehicle to Vehicle,Uncontrolled,Straight and flat,Two way,Bitumen(Tar),Dry,Not Applicable,Fine,BAGALUR ROAD,SBI BANK,9 KM,0.0,0.0
Bengaluru City,Chikkajala Traffic PS,1.04432e+16,2022,1,2,Road Accidents,Not Applicable,Rural Areas,Near School or College,Human Error,No,Damage Only,Vehicle to Vehicle,Uncontrolled,Straight and flat,Two way,Bitumen(Tar),Dry,Not Applicable,Clear,BAGALUR ROAD,DELHI PUBLIC SCHOOL,5,0.0,0.0
Bengaluru City,Chikkajala Traffic PS,1.04432e+16,2022,1,2,Road Accidents,Not Applicable,City/Town,Near or inside a village,Human Error,No,Simple Injury,Vehicle to Vehicle,Uncontrolled,Straight and flat,Service Road,Bitumen(Tar),Dry,Not Applicable,Fine,B B ROAD,CHIKKAJALA VILLAGE,15,0.0,0.0
Bengaluru City,Chikkajala Traffic PS,1.04432e+16,2022,1,1,Road Accidents,Curves,Rural Areas,Near or inside a village,Human Error,No,Fatal,Not Applicable,Uncontrolled,Straight and flat,Two way,Bitumen(Tar),Others,No influence on accident,Fine,Sampigehalli Kogilu main Road,Agrahara village,4km,0.0,0.0
Bengaluru City,Chikkajala Traffic PS,1.04432e+16,2022,1,2,Road Accidents,Cross roads,City/Town,Residential area,Human Error,No,Simple Injury,Vehicle to Vehicle,Uncontrolled,Straight and flat,Two way,Bitumen(Tar),Dry,No influence on accident,Fine,MANYATHA BACKGATE,NARASIMHASWAMY TEMPLE,5 KM,0.0,0.0
Bengaluru City,Chikkajala Traffic PS,1.04432e+16,2022,1,2,Road Accidents,Junction,City/Town,Near or inside a village,Human Error,No,Damage Only,Vehicle to Vehicle,Uncontrolled,Sharp Curve,Two way,Bitumen(Tar),Dry,Not Applicable,Fine,HEGADENAGARA MN RD,BELLAHALLI CIRCLE,4 KM,0.0,0.0
Bengaluru City,Chikkajala Traffic PS,1.04432e+16,2022,1,1,Not Applicable,Circle,Rural Areas,Near Hospital,Human Error,No,Simple Injury,Not Applicable,Controlled,Others,Others,Bitumen(Tar),Dry,Drainage Ditch,Fine,Govt Hspital Bettahalasuru,1,1,0.0,0.0
Bengaluru City,Chikkajala Traffic PS,1.04432e+16,2022,1,2,Road Accidents,Junction,City/Town,Near or inside a village,Human Error,No,Damage Only,Vehicle to Vehicle,Uncontrolled,Sharp Curve,Others,Bitumen(Tar),Dry,Not Applicable,Fine,BAGALURU ROAD,GUNDAPPA CIRCLE,8 KM,0.0,0.0
Bengaluru City,Chikkajala Traffic PS,1.04432e+16,2022,1,1,Road Accidents,Not Applicable,Rural Areas,Near or inside a village,Human Error,No,Simple Injury,Hit pedestrian,Uncontrolled,Straight and flat,Two way,Bitumen(Tar),Dry,Not Applicable,Clear,bagalur hennur mn rd,BAGALUR CALONY,8 KM,0.0,0.0
Bengaluru City,Chikkajala Traffic PS,1.04432e+16,2022,1,2,Not Applicable,Road hump or Rumble strips,City/Town,Open area,Human Error,No,Grievous Injury,Vehicle to Vehicle,Uncontrolled,Not Applicable,One way,Bitumen(Tar),Dry,Not Applicable,Clear,"On Manyatah Flyover, Towards Hebbala",1,1,0.0,0.0
Bengaluru City,Chikkajala Traffic PS,1.04432e+16,2022,1,1,Road Accidents,Junction,City/Town,Near a religious place,Human Error,No,Grievous Injury,Hit pedestrian,Uncontrolled,Sharp Curve,Two way,Bitumen(Tar),Dry,Not Applicable,Fine,BB ROAD,VIDYANAGARA,12,0.0,0.0
Bengaluru City,Chikkajala Traffic PS,1.04432e+16,2022,1,2,Road Accidents,Not Applicable,City/Town,Near Petrol Pump,Human Error,No,Grievous Injury,Vehicle to Vehicle,Uncontrolled,Straight and flat,Service Road,Bitumen(Tar),Dry,Not Applicable,Fine,BB ROAD,AMBURI BIRIYANI,16,0.0,0.0
Bengaluru City,Chikkajala Traffic PS,1.04432e+16,2022,1,2,Road Accidents,Not Applicable,City/Town,Near or inside a village,Human Error,Yes,Grievous Injury,Vehicle to Vehicle,Uncontrolled,Straight and flat,Service Road,Bitumen(Tar),Dry,Not Applicable,Fine,B B ROAD,MAC DONALD,12,0.0,0.0
Bengaluru City,Chikkajala Traffic PS,1.04432e+16,2022,1,1,Road Accidents,Not Applicable,City/Town,Narrow bridge or culverts,Human Error,No,Fatal,Not Applicable,Uncontrolled,Straight and flat,Two way,Bitumen(Tar),Dry,Pot holed,Fine,KANNUR MN RD,BELLAHALLI BRIDGE,4 KM,0.0,0.0
Bengaluru City,Chikkajala Traffic PS,1.04432e+16,2022,1,2,Road Accidents,Not Applicable,Rural Areas,Residential area,Human Error,Yes,Simple Injury,Vehicle to Vehicle,Uncontrolled,Straight and flat,Two way,Bitumen(Tar),Dry,Not Applicable,Fine,KIADB ROAD,KIADB ARIA,12,0.0,0.0
Bengaluru City,Chikkajala Traffic PS,1.04432e+16,2022,1,2,Road Accidents,Junction,City/Town,Open area,Human Error,Yes,Fatal,Vehicle to Vehicle,Uncontrolled,Straight and flat,Two way,Bitumen(Tar),Dry,Not Applicable,Fine,RAILWAY PARALAL ROAD,RAILWAY GATE,1.5,0.0,0.0
Bengaluru City,Chikkajala Traffic PS,1.04432e+16,2022,1,2,Road Accidents,Not Applicable,City/Town,Open area,Human Error,No,Fatal,Vehicle to Vehicle,Uncontrolled,Straight and flat,Two way,Bitumen(Tar),Dry,Not Applicable,Fine,REVA COLLAGE ROAD,REVA COLLAGE,5 KM,0.0,0.0
Bengaluru City,Chikkajala Traffic PS,1.04432e+16,2022,1,1,Road Accidents,Junction,City/Town,Open area,Human Error,No,Simple Injury,Not Applicable,Uncontrolled,Straight and flat,NH,Bitumen(Tar),Dry,Not Applicable,Fine,BB ROAD,TOLL,18,0.0,0.0
Bengaluru City,Chikkajala Traffic PS,1.04432e+16,2022,1,3,Road Accidents,Not Applicable,City/Town,Near School or College,Human Error,No,Fatal,Hit pedestrian,Uncontrolled,Curve,Two way,Bitumen(Tar),Dry,Not Applicable,Fine,REVACOLLAGE ROAD,REVACOLLAGE,5 KM,0.0,0.0
Bengaluru City,Chikkajala Traffic PS,1.04432e+16,2022,1,3,Road Accidents,Junction,City/Town,Open area,Human Error,No,Grievous Injury,Vehicle to Vehicle,Uncontrolled,Straight and flat,NH,Bitumen(Tar),Dry,Not Applicable,Fine,bb road,hm halli,8,0.0,0.0
Bengaluru City,Chikkajala Traffic PS,1.04432e+16,2022,1,1,Road Accidents,Not Applicable,City/Town,Near or inside a village,Human Error,No,Grievous Injury,Vehicle to Vehicle,Uncontrolled,Straight and flat,Two way,Bitumen(Tar),Dry,No influence on accident,Fine,BUDIGERE ROAD,GOPALAPURA,12,0.0,0.0
Bengaluru City,Chikkajala Traffic PS,1.04432e+16,2022,1,2,Road Accidents,Not Applicable,City/Town,Near a religious place,Human Error,No,Grievous Injury,Vehicle to Vehicle,Uncontrolled,Straight and flat,NH,Bitumen(Tar),Dry,Not Applicable,Fine,DODDAJALA MN RD,ANJANEYA TEMPLE,15 KM,0.0,0.0
Bengaluru City,Chikkajala Traffic PS,1.04432e+16,2022,1,2,Road Accidents,Not Applicable,City/Town,Open area,Vehicle Defect,No,Grievous Injury,Vehicle to Vehicle,Uncontrolled,Straight and flat,NH,Bitumen(Tar),Dry,Not Applicable,Fine,BB ROAD,VIDYANAGARA CROSS,11,0.0,0.0
Bengaluru City,Chikkajala Traffic PS,1.04432e+16,2022,1,1,Not Applicable,Narrow road,City/Town,Open area,Not Applicable,No,Simple Injury,Not Applicable,Not Applicable,Not Applicable,Others,Bitumen(Tar),Dry,Not Applicable,Fog / Mist,BB ROAD,NEAR MAC DONOLD,50MTRS,0.0,0.0
Bengaluru City,Chikkajala Traffic PS,1.04432e+16,2022,1,2,Road Accidents,Not Applicable,City/Town,Open area,Human Error,No,Simple Injury,Vehicle to Vehicle,Uncontrolled,Straight and flat,NH,Bitumen(Tar),Dry,Not Applicable,Clear,BB ROAD,DECOTHLON SHOWROOM,12,0.0,0.0
Bengaluru City,Chikkajala Traffic PS,1.04432e+16,2022,1,1,Road Accidents,Not Applicable,City/Town,Narrow bridge or culverts,Human Error,No,Fatal,Not Applicable,Uncontrolled,Straight and flat,NH,Bitumen(Tar),Dry,Not Applicable,Clear,BB ROAD,DODDAJALA FLY OVER,16 KM,0.0,0.0
Bengaluru City,Chikkajala Traffic PS,1.04432e+16,2022,1,2,Road Accidents,Junction,City/Town,Residential area,Human Error,No,Simple Injury,Vehicle to Vehicle,Uncontrolled,Straight and flat,Two way,Concrete,Dry,Not Applicable,Clear,RING ROAD,MANYATHA,3 KM,0.0,0.0
Bengaluru City,Chikkajala Traffic PS,1.04432e+16,2022,1,2,Road Accidents,Junction,City/Town,Near Petrol Pump,Human Error,No,Simple Injury,Vehicle to Vehicle,Uncontrolled,Straight and flat,NH,Bitumen(Tar),Dry,Not Applicable,Fine,B B ROAD,toll,18,0.0,0.0
Bengaluru City,Chikkajala Traffic PS,1.04432e+16,2022,1,2,Road Accidents,Not Applicable,Rural Areas,Near School or College,Human Error,No,Damage Only,Vehicle to Vehicle,Uncontrolled,Straight and flat,Mixed,Bitumen(Tar),Dry,Not Applicable,Clear,maralukunte road,govt school,15,0.0,0.0
Bengaluru City,Chikkajala Traffic PS,1.04432e+16,2022,1,2,Road Accidents,Not Applicable,Rural Areas,Near or inside a village,Human Error,No,Simple Injury,Vehicle to Vehicle,Uncontrolled,Straight and flat,Two way,Bitumen(Tar),Dry,Not Applicable,Fine,mylanahalli road,MYLANAHALLI CROSS,12 km,13.160857,77.688088
Bengaluru City,Chikkajala Traffic PS,1.04432e+16,2022,1,2,Road Accidents,Not Applicable,City/Town,Narrow bridge or culverts,Human Error,Yes,Simple Injury,Vehicle to Vehicle,Uncontrolled,Straight and flat,NH,Bitumen(Tar),Dry,Not Applicable,Fine,b b road,vidyanagara cross,12 km,0.0,0.0
Bengaluru City,Chikkajala Traffic PS,1.04432e+16,2022,1,2,Road Accidents,Narrow road,City/Town,Residential area,Not Applicable,Yes,Simple Injury,Vehicle to Vehicle,Not Applicable,Others,Others,Bitumen(Tar),Dry,Not Applicable,Fog / Mist,KANNUR MAIN ROAD,NEAR SURVEY NO69,50FEET,0.0,0.0
Bengaluru City,Chikkajala Traffic PS,1.04432e+16,2022,1,2,Road Accidents,Not Applicable,City/Town,Near School or College,Human Error,Yes,Simple Injury,Vehicle to Vehicle,Uncontrolled,Straight and flat,Two way,Bitumen(Tar),Dry,Not Applicable,Fine,KOGILU MN RD,MILLENNIUM SCHOOL,5,0.0,0.0
Bengaluru City,Chikkajala Traffic PS,1.04432e+16,2022,1,1,Road Accidents,Junction,City/Town,Narrow bridge or culverts,Human Error,No,Fatal,Hit pedestrian,Uncontrolled,Straight and flat,Two way,Bitumen(Tar),Dry,No influence on accident,Fine,REVA COLLAGE MN RD,AMULYA BAR,4,0.0,0.0
Bengaluru City,Chikkajala Traffic PS,1.04432e+16,2022,1,2,Road Accidents,Junction,City/Town,Near or inside a village,Human Error,No,Grievous Injury,Vehicle to Vehicle,Uncontrolled,Straight and flat,Two way,Bitumen(Tar),Dry,Not Applicable,Fine,HEGADENAGARA MN RD,SHOBHA CITY,0.5 KM,0.0,0.0
Bengaluru City,Chikkajala Traffic PS,1.04432e+16,2022,1,2,Road Accidents,Not Applicable,City/Town,Near office complex,Human Error,No,Fatal,Vehicle to Vehicle,Uncontrolled,Straight and flat,Two way,Bitumen(Tar),Dry,Not Applicable,Fine,RING ROAD,MANYATHA,5,0.0,0.0
Bengaluru City,Chikkajala Traffic PS,1.04432e+16,2022,1,2,Road Accidents,Not Applicable,City/Town,Near School or College,Human Error,No,Simple Injury,Vehicle to Vehicle,Uncontrolled,Straight and flat,Two way,Bitumen(Tar),Dry,Not Applicable,Fine,HEGADENAGARA MN RD,RASHTROTTHAN SCHOOL,1,13.068694,77.633706
Bengaluru City,Chikkajala Traffic PS,1.04432e+16,2022,1,3,Road Accidents,Not Applicable,City/Town,Narrow bridge or culverts,Human Error,Yes,Grievous Injury,Vehicle to Vehicle,Uncontrolled,Straight and flat,NH,Bitumen(Tar),Dry,Not Applicable,Clear,B B ROAD,HUNASAMARANAHALLI FLYOVER,14 KM,0.0,0.0
Bengaluru City,Chikkajala Traffic PS,1.04432e+16,2022,1,2,Road Accidents,Not Applicable,City/Town,Residential area,Human Error,Yes,Simple Injury,Vehicle to Vehicle,Uncontrolled,Straight and flat,Two way,Bitumen(Tar),Dry,Not Applicable,Fine,80 FEET ROAD,MCECHS LAYOUT,2,0.0,0.0
Bengaluru City,Chikkajala Traffic PS,1.04432e+16,2022,1,1,Road Accidents,Cross roads,City/Town,Near or inside a village,Human Error,No,Simple Injury,Not Applicable,Uncontrolled,Straight and flat,Two way,Bitumen(Tar),Dry,Not Applicable,Fine,KOTTANUR ROAD,CAR SERVICE KYALASANAHALLI,5 KM,0.0,0.0
Bengaluru City,Chikkajala Traffic PS,1.04432e+16,2022,1,1,Road Accidents,Not Applicable,Rural Areas,Near or inside a village,Human Error,No,Grievous Injury,Vehicle to Vehicle,Uncontrolled,Straight and flat,Two way,Bitumen(Tar),Dry,Not Applicable,Fine,MVIT RAJANUKUNTE ROAD,BURIAL GROUND,15,0.0,0.0
Bengaluru City,Chikkajala Traffic PS,1.04432e+16,2022,1,2,Road Accidents,Curves,City/Town,Near or inside a village,Human Error,No,Grievous Injury,Vehicle to Vehicle,Uncontrolled,Curve,Two way,Bitumen(Tar),Dry,No influence on accident,Fine,REVA COLLAGE ROAD,GREEN VIEW DABA,6,0.0,0.0
Bengaluru City,Chikkajala Traffic PS,1.04432e+16,2022,1,2,Road Accidents,Not Applicable,City/Town,Near Petrol Pump,Human Error,Yes,Simple Injury,Vehicle to Vehicle,Uncontrolled,Straight and flat,Service Road,Bitumen(Tar),Dry,Not Applicable,Fine,B B ROAD,PETROL BUNK,12 KM,0.0,0.0
Bengaluru City,Chikkajala Traffic PS,1.04432e+16,2022,1,1,Road Accidents,Not Applicable,City/Town,Near Bus stop,Human Error,No,Fatal,Not Applicable,Uncontrolled,Straight and flat,Service Road,Bitumen(Tar),Dry,No influence on accident,Fine,B B ROAD,VIDYANAGARA CROSS,12 KM,0.0,0.0
Bengaluru City,Chikkajala Traffic PS,1.04432e+16,2022,1,2,Road Accidents,Not Applicable,City/Town,Near or inside a village,Human Error,Yes,Simple Injury,Vehicle to Vehicle,Uncontrolled,Straight and flat,Two way,Bitumen(Tar),Dry,Not Applicable,Fine,HEGADENAGARA MN RD,MS NAGARA CROSS,4 KM,0.0,0.0