DISTRICTNAME,UNITNAME,Crime_No,Year,RI,Noofvehicle_involved,Accident_Classification,Accident_Spot,Accident_Location,Accident_SubLocation,Main_Cause,Hit_Run,Severity,Collision_Type,Junction_Control,Road_Character,Road_Type,Surface_Type,Surface_Condition,Road_Condition,Weather,Accident_Road,Landmark_first,Distance_LandMark_First,Latitude,Longitude
Bengaluru City,Chikkajala Traffic PS,1.04432e+16,2023,1,2,Not Applicable,Cross roads,Rural Areas,Open area,Human Error,No,Damage Only,Vehicle to Vehicle,Not Applicable,Others,NH,Bitumen(Tar),Dry,Not Applicable,Clear,na,na,0,13.0,77.0
Bengaluru City,Chikkajala Traffic PS,1.04432e+16,2023,1,1,Road Accidents,Not Applicable,City/Town,Near or inside a village,Human Error,No,Fatal,Not Applicable,Uncontrolled,Straight and flat,Two way,Bitumen(Tar),Dry,Not Applicable,Fine,HENNUR BAGALURU MN RD,NAGENAHALLI CROSS,5,0.0,0.0
Bengaluru City,Chikkajala Traffic PS,1.04432e+16,2023,1,1,Road Accidents,Not Applicable,City/Town,Near or inside a village,Human Error,No,Grievous Injury,Hit pedestrian,Uncontrolled,Straight and flat,NH,Bitumen(Tar),Dry,Not Applicable,Fine,BB ROAD,sadahalli gate,15,0.0,0.0
Bengaluru City,Chikkajala Traffic PS,1.04432e+16,2023,1,1,Road Accidents,Narrow road,City/Town,Near Bus stop,Not Applicable,Yes,Fatal,Vehicle to Vehicle,Controlled,Not Applicable,NH,Bitumen(Tar),Dry,Not Applicable,Clear,Hunasamaranahalli Down,Near Bus Stop,5 Km,0.0,0.0
Bengaluru City,Chikkajala Traffic PS,1.04432e+16,2023,1,2,Road Accidents,Not Applicable,City/Town,Near Bus stop,Human Error,No,Grievous Injury,Vehicle to Vehicle,Uncontrolled,Not Applicable,NH,Bitumen(Tar),Dry,Not Applicable,Fine,"BB Road, Vidyanagara Flyover",On Vidyanagara flyover,13,0.0,0.0
Bengaluru City,Chikkajala Traffic PS,1.04432e+16,2023,1,2,Not Applicable,Not Applicable,Rural Areas,Open area,Human Error,Yes,Simple Injury,Vehicle to Vehicle,Uncontrolled,Incline,NH,Bitumen(Tar),Dry,Not Applicable,Clear,Upramp,1,1,13.184995,77.641815
Bengaluru City,Chikkajala Traffic PS,1.04432e+16,2023,1,1,Road Accidents,Not Applicable,City/Town,Near Petrol Pump,Human Error,No,Fatal,Hit pedestrian,Uncontrolled,Straight and flat,NH,Bitumen(Tar),Dry,No influence on accident,Fine,b b road,petrol bunk,14,0.0,0.0
Bengaluru City,Chikkajala Traffic PS,1.04432e+16,2023,1,1,Road Accidents,Circle,City/Town,Near Bus stop,Human Error,Not Applicable,Grievous Injury,Hit pedestrian,Controlled,Others,NH,Bitumen(Tar),Dry,Not Applicable,Clear,"Near MVIT Circle,",BB Main Road,40 M,13.151995,77.620324
Bengaluru City,Chikkajala Traffic PS,1.04432e+16,2023,1,3,Road Accidents,Not Applicable,City/Town,Near Bus stop,Not Applicable,Not Applicable,Damage Only,Vehicle to Vehicle,Not Applicable,Not Applicable,NH,Bitumen(Tar),Dry,Not Applicable,Clear,Hunasamaranahalli On Flyover,Towards Airport Road,10 mtr,13.0,77.0
Bengaluru City,Chikkajala Traffic PS,1.04432e+16,2023,1,2,Road Accidents,Junction,City/Town,Open area,Human Error,No,Simple Injury,Vehicle to Vehicle,Give way sign,Others,NH,Bitumen(Tar),Dry,Not Applicable,Cloudy,HIghway,1,1,0.0,0.0
Bengaluru City,Chikkajala Traffic PS,1.04432e+16,2023,1,1,Road Accidents,Bottleneck,City/Town,Near Bus stop,Human Error,Yes,Grievous Injury,Vehicle to Vehicle,Uncontrolled,Straight and flat,NH,Bitumen(Tar),Dry,Not Applicable,Clear,B B ROAD,SADAHALLI JUNCTION,15,0.0,0.0
Bengaluru City,Chikkajala Traffic PS,1.04432e+16,2023,1,2,Road Accidents,Not Applicable,City/Town,Near or inside a village,Human Error,No,Simple Injury,Vehicle to Vehicle,Controlled,Not Applicable,Service Road,Bitumen(Tar),Dry,No influence on accident,Fine,Chikkajala service road,serviceroad,13,0.0,0.0
Bengaluru City,Chikkajala Traffic PS,1.04432e+16,2023,1,3,Road Accidents,Cross roads,Rural Areas,Open area,Human Error,No,Simple Injury,Vehicle to Vehicle,Not at  Junction,Not Applicable,NH,Bitumen(Tar),Dry,Not Applicable,Clear,BB Road,Mc Donald,100 mt,13.0,77.0
Bengaluru City,Chikkajala Traffic PS,1.04432e+16,2023,1,2,Not Applicable,Narrow road,City/Town,Open area,Not Applicable,No,Grievous Injury,Vehicle to Vehicle,Uncontrolled,Others,NH,Bitumen(Tar),Others,Not Applicable,Others,b b road,SADAHALLI TOLL,300MTR,13.0,77.0
Bengaluru City,Chikkajala Traffic PS,1.04432e+16,2023,1,2,Road Accidents,Not Applicable,City/Town,Near or inside a village,Human Error,Yes,Grievous Injury,Vehicle to Vehicle,Uncontrolled,Straight and flat,Service Road,Bitumen(Tar),Dry,Not Applicable,Fine,BB SERVISE ROAD,SBI BANK,10,0.0,0.0
Bengaluru City,Chikkajala Traffic PS,1.04432e+16,2023,1,2,Not Applicable,Cross roads,Rural Areas,Narrow bridge or culverts,Not Applicable,No,Fatal,Vehicle to Vehicle,Not Applicable,Not Applicable,NH,Not Applicable,Others,Not Applicable,Not Applicable,highway bb road,DIVIDER,35 FT,0.0,0.0
Bengaluru City,Chikkajala Traffic PS,1.04432e+16,2023,1,2,Road Accidents,Junction,City/Town,Near or inside a village,Human Error,No,Simple Injury,Vehicle to Vehicle,Uncontrolled,Straight and flat,Two way,Bitumen(Tar),Dry,Not Applicable,Fine,MVIT ROAD,BOBBA LOGISTIC COMPANY,13,13.0,77.0
Bengaluru City,Chikkajala Traffic PS,1.04432e+16,2023,1,1,Not Applicable,Not Applicable,Rural Areas,Open area,Human Error,Yes,Fatal,Hit pedestrian,Uncontrolled,Others,NH,Bitumen(Tar),Dry,Not Applicable,Fine,Opp IOC Petrole Bunk,1,1,0.0,0.0
Bengaluru City,Chikkajala Traffic PS,1.04432e+16,2023,1,2,Road Accidents,Narrow road,City/Town,Near Bus stop,Not Applicable,Not Applicable,Grievous Injury,Vehicle to Vehicle,Not at  Junction,Others,NH,Bitumen(Tar),Dry,Not Applicable,Clear,NH7,1,15,13.0,77.0
Bengaluru City,Chikkajala Traffic PS,1.04432e+16,2023,1,1,Road Accidents,Not Applicable,City/Town,Open area,Human Error,No,Fatal,Hit pedestrian,Not Applicable,Not Applicable,Expressway,Bitumen(Tar),Dry,Not Applicable,Clear,BB Road Bengaloreq,Itihas hotel,15 KM,13.167845,77.63129
Bengaluru City,Chikkajala Traffic PS,1.04432e+16,2023,1,2,Road Accidents,Cross roads,City/Town,Open area,Human Error,Yes,Simple Injury,Vehicle to Vehicle,Not Applicable,Others,Others,Bitumen(Tar),Dry,No influence on accident,Cloudy,Near Anugraha Condiments,1,1,0.0,0.0
Bengaluru City,Chikkajala Traffic PS,1.04432e+16,2023,1,1,Road Accidents,Not Applicable,City/Town,Narrow bridge or culverts,Human Error,No,Fatal,Vehicle to Vehicle,Uncontrolled,Straight and flat,NH,Bitumen(Tar),Dry,No influence on accident,Fine,BB ROAD,FLY OVER,12,0.0,0.0
Bengaluru City,Chikkajala Traffic PS,1.04432e+16,2023,1,2,Not Applicable,Not Applicable,Rural Areas,Open area,Human Error,Not Applicable,Fatal,Vehicle to Vehicle,Not at  Junction,Others,NH,Bitumen(Tar),Dry,Not Applicable,Others,Near ITC Factory,1,1,0.0,0.0
Bengaluru City,Chikkajala Traffic PS,1.04432e+16,2023,1,2,Road Accidents,Curves,City/Town,In bazaar,Human Error,No,Simple Injury,Vehicle to Vehicle,Not Applicable,Curve,NH,Bitumen(Tar),Dry,Not Applicable,Fine,NH,NEAR KOTE CROSS,15,0.0,0.0
Bengaluru City,Chikkajala Traffic PS,1.04432e+16,2023,1,1,Road Accidents,Not Applicable,City/Town,Near or inside a village,Human Error,No,Grievous Injury,Not Applicable,Uncontrolled,Straight and flat,NH,Bitumen(Tar),Dry,Not Applicable,Fine,bb road,kns convention hall,16,0.0,0.0
Bengaluru City,Chikkajala Traffic PS,1.04432e+16,2023,1,2,Not Applicable,Narrow road,Rural Areas,Near Bus stop,Human Error,No,Grievous Injury,Vehicle to Vehicle,Not at  Junction,Hump,Major District Road,Bitumen(Tar),Dry,Not Applicable,Others,NH,1,1,13.0,77.0
Bengaluru City,Chikkajala Traffic PS,1.04432e+16,2023,1,1,Not Applicable,Not Applicable,Rural Areas,Open area,Human Error,No,Simple Injury,Vehicle to Vehicle,Not Applicable,Not Applicable,NH,Kutcha,Others,Not Applicable,Clear,sadahalli signal,Sadahalli signal,0.01Mt,13.123456,77.12456
Bengaluru City,Chikkajala Traffic PS,1.04432e+16,2023,1,1,Not Applicable,Narrow road,Rural Areas,Open area,Human Error,Not Applicable,Grievous Injury,Not Applicable,Not at  Junction,Not Applicable,Two way,Bitumen(Tar),Dry,Not Applicable,Others,CTR main Road near kuduregere cross.,private compound,16,0.0,0.0
Bengaluru City,Chikkajala Traffic PS,1.04432e+16,2023,1,1,Road Accidents,Junction,City/Town,Near Bus stop,Human Error,Yes,Simple Injury,Hit pedestrian,Controlled,Crest of hill,NH,Not Applicable,Dry,No influence on accident,Clear,MVIT Bus Stop,Hunasamaranahalli,100,13.0,77.0
Bengaluru City,Chikkajala Traffic PS,1.04432e+16,2023,1,2,Not Applicable,Not Applicable,Rural Areas,Open area,Human Error,No,Grievous Injury,Vehicle to Vehicle,Not Applicable,Others,Minor District Road,Bitumen(Tar),Dry,Not Applicable,Clear,Chapparadakallu Road,Near CTR Road,0,0.0,0.0
Bengaluru City,Chikkajala Traffic PS,1.04432e+16,2023,1,2,Road Accidents,Not Applicable,City/Town,Narrow bridge or culverts,Human Error,No,Simple Injury,Vehicle to Vehicle,Uncontrolled,Straight and flat,NH,Bitumen(Tar),Dry,Not Applicable,Fine,BB ROAD,HUNASAMARANAHALLI FLY OVER,12,0.0,0.0
Bengaluru City,Chikkajala Traffic PS,1.04432e+16,2023,1,2,Road Accidents,Junction,City/Town,Near Petrol Pump,Human Error,No,Fatal,Vehicle to Vehicle,No signal lights,Not Applicable,Others,Bitumen(Tar),Dry,Not Applicable,Clear,Rajanukunte Road,Stone Hill School Circle,100,0.0,0.0
Bengaluru City,Chikkajala Traffic PS,1.04432e+16,2023,1,2,Road Accidents,Curves,Rural Areas,Open area,Not Applicable,Yes,Simple Injury,Vehicle to Vehicle,Uncontrolled,Others,Others,Bitumen(Tar),Dry,Not Applicable,Clear,Uttanahalli road,Near JNRYK,50MTRS,13.0,77.0
Bengaluru City,Chikkajala Traffic PS,1.04432e+16,2023,1,2,Road Accidents,Cross roads,City/Town,Near a religious place,Human Error,Yes,Grievous Injury,Vehicle to Vehicle,Uncontrolled,Sharp Curve,One way,Bitumen(Tar),Dry,Not Applicable,Fine,BYRATHI ROAD,ANJANEYA TEMPLE,5,0.0,0.0
Bengaluru City,Chikkajala Traffic PS,1.04432e+16,2023,1,2,Not Applicable,Not Applicable,Rural Areas,Near Bus stop,Human Error,No,Damage Only,Not Applicable,Police / Manual,Others,NH,Concrete,Others,Not Applicable,Cloudy,Near Sadahalli Toll / Bus Stop,1,1,0.0,0.0
Bengaluru City,Chikkajala Traffic PS,1.04432e+16,2023,1,2,Road Accidents,Junction,Rural Areas,Open area,Road Environment Defect,No,Fatal,Vehicle to Vehicle,Signal lights Automatic,Others,State Highway,Bitumen(Tar),Dry,Not Applicable,Fine,NH14,1,1,0.0,0.0
Bengaluru City,Chikkajala Traffic PS,1.04432e+16,2023,1,1,Not Applicable,Cross roads,Rural Areas,Near or inside a village,Human Error,No,Simple Injury,Not Applicable,Controlled,Curve,Forest Road,Bitumen(Tar),Dry,Not Applicable,Clear,"Suggatta Main road, Hunsamaranahalli",1,1,0.0,0.0
Bengaluru City,Chikkajala Traffic PS,1.04432e+16,2023,1,1,Road Accidents,Bottleneck,City/Town,Near Bus stop,Not Applicable,Not Applicable,Grievous Injury,Not Applicable,Not Applicable,Others,NH,Not Applicable,Not Applicable,Not Applicable,Clear,Near Bus Stop,Near Bus Stop,75 Mtr,0.0,0.0
Bengaluru City,Chikkajala Traffic PS,1.04432e+16,2023,1,2,Not Applicable,Junction,Rural Areas,Open area,Human Error,No,Grievous Injury,Vehicle to Vehicle,Controlled,Not Applicable,NH,Bitumen(Tar),Dry,Not Applicable,Clear,Near Airport Upramp,Near Upramp,1,13.196335,77.653731
Bengaluru City,Chikkajala Traffic PS,1.04432e+16,2023,1,1,Road Accidents,Not Applicable,City/Town,Near Bus stop,Human Error,No,Grievous Injury,Hit pedestrian,Uncontrolled,Straight and flat,NH,Bitumen(Tar),Dry,No influence on accident,Fine,B B ROAD,A2B HOTEL,14,0.0,0.0
Bengaluru City,Chikkajala Traffic PS,1.04432e+16,2023,1,1,Not Applicable,Cross roads,Rural Areas,Open area,Human Error,No,Fatal,Not Applicable,Not Applicable,Curve and Incline,Others,Bitumen(Tar),Dry,Drainage Ditch,Fine,NH,1,1,13.0,77.0
Bengaluru City,Chikkajala Traffic PS,1.04432e+16,2023,1,2,Road Accidents,Curves,Rural Areas,Open area,Human Error,No,Grievous Injury,Vehicle to Vehicle,Not Applicable,Curve,Two way,Bitumen(Tar),Dry,Not Applicable,Clear,Gattigana village road,gpg light pole,14,13.139379,77.590013
Bengaluru City,Chikkajala Traffic PS,1.04432e+16,2023,1,2,Road Accidents,Not Applicable,City/Town,Near Bus stop,Human Error,Not Applicable,Fatal,Vehicle to Vehicle,Not Applicable,Not Applicable,Others,Bitumen(Tar),Dry,Not Applicable,Clear,HEGADENAGAR MAIN ROAD,HEGADENAGAR MAIN ROAD,50 M,13.0,77.0
Bengaluru City,Chikkajala Traffic PS,1.04432e+16,2023,1,2,Not Applicable,Curves,Rural Areas,Open area,Human Error,No,Simple Injury,Vehicle to Vehicle,Uncontrolled,Curve,NH,Bitumen(Tar),Dry,Not Applicable,Fine,Near Sadahlli Jn,Near Sadalli Junction,1,0.0,0.0
Bengaluru City,Chikkajala Traffic PS,1.04432e+16,2023,1,2,Not Applicable,Junction,Rural Areas,Open area,Human Error,No,Damage Only,Not Applicable,Not at  Junction,Not Applicable,NH,Bitumen(Tar),Dry,Drainage Ditch,Fine,NH,1,1,13.0,77.0
Bengaluru City,Chikkajala Traffic PS,1.04432e+16,2023,1,1,Road Accidents,Not Applicable,City/Town,Open area,Not Applicable,Not Applicable,Simple Injury,Vehicle to Vehicle,Not Applicable,Others,NH,Not Applicable,Not Applicable,Not Applicable,Clear,"Gurukula School,",Gurukula School,25 Km,0.0,0.0
Bengaluru City,Chikkajala Traffic PS,1.04432e+16,2023,1,1,Road Accidents,Junction,City/Town,Near Petrol Pump,Human Error,No,Simple Injury,Not Applicable,Controlled,Others,NH,Bitumen(Tar),Dry,Not Applicable,Clear,B B Road,Bettahalasuru,100,13.0,77.0
Bengaluru City,Chikkajala Traffic PS,1.04432e+16,2023,1,2,Road Accidents,Not Applicable,City/Town,Near or inside a village,Human Error,No,Simple Injury,Vehicle to Vehicle,Uncontrolled,Straight and flat,Two way,Bitumen(Tar),Dry,Not Applicable,Clear,Chapparadakallu road,Chapparadakallu road,12,0.0,0.0
Bengaluru City,Chikkajala Traffic PS,1.04432e+16,2023,1,2,Not Applicable,Not Applicable,City/Town,Near Bus stop,Not Applicable,No,Fatal,Vehicle to Vehicle,Not Applicable,Others,Service Road,Kutcha,Dry,Not Applicable,Clear,"Service road, Chikkajalal Under pass",near Chikkajala Under pass bridge,15 ft,13.173451,77.633564
Bengaluru City,Chikkajala Traffic PS,1.04432e+16,2023,1,1,Road Accidents,Not Applicable,Rural Areas,Near or inside a village,Human Error,No,Fatal,Hit pedestrian,Uncontrolled,Not Applicable,Others,Kutcha,Dry,Not Applicable,Fine,UTTANAHALLI MN RD,STONE CRUSH,15,0.0,0.0
Bengaluru City,Chikkajala Traffic PS,1.04432e+16,2023,1,1,Road Accidents,Not Applicable,City/Town,Open area,Human Error,No,Grievous Injury,Hit pedestrian,Not Applicable,Not Applicable,Expressway,Bitumen(Tar),Dry,Not Applicable,Clear,BB Road,Pillor Mcw L 63,15,0.0,0.0
Bengaluru City,Chikkajala Traffic PS,1.04432e+16,2023,1,1,Road Accidents,Bottleneck,City/Town,Near School or College,Not Applicable,Not Applicable,Grievous Injury,Vehicle to Vehicle,Controlled,Others,Not Applicable,Not Applicable,Dry,Not Applicable,Clear,Inside of MVIT College Premises,College,2 Km,0.0,0.0
Bengaluru City,Chikkajala Traffic PS,1.04432e+16,2023,1,1,Road Accidents,Narrow road,City/Town,Open area,Human Error,No,Simple Injury,Hit pedestrian,Not Applicable,Others,NH,Not Applicable,Dry,Not Applicable,Fine,NEAR ITC FACTORY,NEAR ITC FACTORY,16,13.186129,77.642663
Bengaluru City,Chikkajala Traffic PS,1.04432e+16,2023,1,2,Not Applicable,Narrow road,Rural Areas,Narrow bridge or culverts,Human Error,No,Simple Injury,Vehicle to Vehicle,Not Applicable,Others,Feeder Road,Bitumen(Tar),Dry,Construction Work / Material,Clear,NH,1,1,13.0,77.0
Bengaluru City,Chikkajala Traffic PS,1.04432e+16,2023,1,2,Road Accidents,Narrow road,Rural Areas,Near office complex,Not Applicable,Not Applicable,Grievous Injury,Vehicle to Vehicle,No signal lights,Others,NH,Bitumen(Tar),Dry,Not Applicable,Clear,NH7,upramp,15,13.196887,77.654446
Bengaluru City,Chikkajala Traffic PS,1.04432e+16,2023,1,2,Road Accidents,Junction,City/Town,Near Bus stop,Human Error,No,Simple Injury,Vehicle to Vehicle,Uncontrolled,Straight and flat,NH,Bitumen(Tar),Dry,Not Applicable,Fine,B B ROAD,SADAHALLI GATE,18 KM,0.0,0.0
Bengaluru City,Chikkajala Traffic PS,1.04432e+16,2023,1,2,Not Applicable,Not Applicable,Rural Areas,Near Bus stop,Human Error,No,Damage Only,Vehicle to Vehicle,Stop sign,Hump,Others,Bitumen(Tar),Dry,Not Applicable,Others,na,na,na,0.0,0.0
Bengaluru City,Chikkajala Traffic PS,1.04432e+16,2023,1,2,Not Applicable,Cross roads,Rural Areas,Near Bus stop,Not Applicable,No,Simple Injury,Vehicle to Vehicle,Not Applicable,Others,NH,Bitumen(Tar),Dry,Not Applicable,Others,M Hosuru Bus Stop,1,0,0.0,0.0
Bengaluru City,Chikkajala Traffic PS,1.04432e+16,2023,1,2,Road Accidents,Narrow road,City/Town,Near Bus stop,Not Applicable,No,Grievous Injury,Vehicle to Vehicle,Not Applicable,Others,NH,Not Applicable,Dry,Not Applicable,Clear,Railway gate Flyover Down,1,25 Mtr,0.0,0.0
Bengaluru City,Chikkajala Traffic PS,1.04432e+16,2023,1,1,Road Accidents,Not Applicable,City/Town,Near Bus stop,Human Error,No,Grievous Injury,Hit pedestrian,Uncontrolled,Straight and flat,Service Road,Bitumen(Tar),Dry,Not Applicable,Fine,B B ROAD,A2B HOTEL,10,0.0,0.0
Bengaluru City,Chikkajala Traffic PS,1.04432e+16,2023,1,2,Road Accidents,Cross roads,Rural Areas,Open area,Human Error,No,Grievous Injury,Vehicle to Vehicle,Not Applicable,Curve,Two way,Bitumen(Tar),Dry,Not Applicable,Clear,Rural Road,Gate,14,13.756565,77.363253
Bengaluru City,Chikkajala Traffic PS,1.04432e+16,2023,1,2,Not Applicable,Cross roads,Rural Areas,Near Bus stop,Human Error,Not Applicable,Damage Only,Vehicle to Vehicle,Controlled,Not Applicable,NH,Bitumen(Tar),Dry,Not Applicable,Fine,NH,1,1,0.0,0.0
Bengaluru City,Chikkajala Traffic PS,1.04432e+16,2023,1,2,Road Accidents,Cross roads,Rural Areas,Residential area,Human Error,No,Grievous Injury,Vehicle to Vehicle,Not Applicable,Curve,Minor District Road,Bitumen(Tar),Dry,Not Applicable,Clear,Tarabanahalli village Road,SB Provision Store,30 ft,13.0,77.0
Bengaluru City,Chikkajala Traffic PS,1.04432e+16,2023,1,1,Road Accidents,Not Applicable,City/Town,Near Bus stop,Not Applicable,No,Grievous Injury,Hit pedestrian,Not Applicable,Not Applicable,NH,Bitumen(Tar),Dry,Not Applicable,Clear,Near Kadiganahalli Gate,BB Road,0 mtrs,13.0,77.0
Bengaluru City,Chikkajala Traffic PS,1.04432e+16,2023,1,2,Not Applicable,Junction,Rural Areas,Open area,Human Error,No,Damage Only,Vehicle to Vehicle,Controlled,Others,Major District Road,Bitumen(Tar),Dry,Drainage Ditch,Cloudy,Near Sadahllai Jn,1,1,0.0,0.0
Bengaluru City,Chikkajala Traffic PS,1.04432e+16,2023,1,2,Not Applicable,Not Applicable,Rural Areas,Near or inside a village,Human Error,No,Damage Only,Vehicle to Vehicle,Not Applicable,Others,Forest Road,Kutcha,Muddy,Drainage Ditch,Cloudy,In Neelagiri Forest Place,1,1,0.0,0.0
Bengaluru City,Chikkajala Traffic PS,1.04432e+16,2023,1,2,Road Accidents,Cross roads,Rural Areas,Near or inside a village,Vehicle Defect,Yes,Fatal,Vehicle to Vehicle,No signal lights,Curve,Others,Bitumen(Tar),Dry,Not Applicable,Clear,Shettigere,1,1,0.0,0.0
Bengaluru City,Chikkajala Traffic PS,1.04432e+16,2023,1,2,Road Accidents,Not Applicable,City/Town,Open area,Human Error,Not Applicable,Not Applicable,Not Applicable,Give way sign,Not Applicable,Others,Surfaced,Not Applicable,Not Applicable,Others,Sadahalli Junction,Sadahalli signal,50MTs,0.0,0.0
Bengaluru City,Chikkajala Traffic PS,1.04432e+16,2023,1,2,Not Applicable,Curves,Rural Areas,Open area,Human Error,No,Grievous Injury,Vehicle to Vehicle,Not Applicable,Curve,Minor District Road,Bitumen(Tar),Dry,Not Applicable,Fine,NH,Near Saadahalli,1,0.0,0.0
Bengaluru City,Chikkajala Traffic PS,1.04432e+16,2023,1,1,Road Accidents,Not Applicable,City/Town,Near or inside a village,Human Error,No,Grievous Injury,Not Applicable,Uncontrolled,Straight and flat,Two way,Bitumen(Tar),Dry,Not Applicable,Fine,TARAHUNASE ROAD,THARAHUNASE ROAD,19,0.0,0.0
Bengaluru City,Chikkajala Traffic PS,1.04432e+16,2023,1,2,Road Accidents,Narrow road,Rural Areas,Open area,Human Error,Yes,Fatal,Vehicle to Vehicle,Not Applicable,Others,Others,Metalled,Not Applicable,Not Applicable,Not Applicable,Near Doddajala Railway Gate,Near Doddajala Railway Gate,50MTS,0.0,0.0
Bengaluru City,Chikkajala Traffic PS,1.04432e+16,2023,1,2,Not Applicable,Not Applicable,Rural Areas,Open area,Human Error,No,Simple Injury,Vehicle to Vehicle,Uncontrolled,Straight and flat,Expressway,Bitumen(Tar),Dry,Not Applicable,Fine,Near Doddajala Flyover,1,1,0.0,0.0
Bengaluru City,Chikkajala Traffic PS,1.04432e+16,2023,1,1,Road Accidents,Narrow road,City/Town,Near Bus stop,Human Error,No,Simple Injury,Hit pedestrian,Controlled,Straight and flat,NH,Bitumen(Tar),Dry,Not Applicable,Clear,B B Road,Near Hunasamaranahalli Doun Ramp,12,0.0,0.0
Bengaluru City,Chikkajala Traffic PS,1.04432e+16,2023,1,2,Road Accidents,Junction,City/Town,Near office complex,Not Applicable,No,Simple Injury,Hit bicyclist,Uncontrolled,Straight and flat,Expressway,Concrete,Dry,Not Applicable,Fine,"BB Main Road, Sadahalli Signal",Near Krishna Hotel,80 fee,13.19077,77.646117
Bengaluru City,Chikkajala Traffic PS,1.04432e+16,2023,1,2,Road Accidents,Cross roads,City/Town,Near Bus stop,Human Error,No,Fatal,Hit pedestrian,Not Applicable,Others,NH,Kutcha,Dry,Not Applicable,Clear,Opposite Bharathinagar Bus Stop,Opposite Bharathinagar Cross bus stop,50,13.13883,77.617504
Bengaluru City,Chikkajala Traffic PS,1.04432e+16,2023,1,2,Not Applicable,Not Applicable,Rural Areas,Near a religious place,Human Error,Not Applicable,Not Applicable,Not Applicable,Not Applicable,Others,Others,Not Applicable,Others,Not Applicable,Others,"Near patalamma temple, Tharahunase",Near Patalamma temple,50MTRS,0.0,0.0
Bengaluru City,Chikkajala Traffic PS,1.04432e+16,2023,1,1,Road Accidents,Junction,City/Town,Near or inside a village,Human Error,No,Simple Injury,Hit pedestrian,Uncontrolled,Straight and flat,NH,Bitumen(Tar),Dry,Not Applicable,Fine,BB ROAD,BETTAHALASURU CROSS,14,0.0,0.0
Bengaluru City,Chikkajala Traffic PS,1.04432e+16,2023,1,1,Road Accidents,Not Applicable,Rural Areas,Open area,Human Error,No,Fatal,Not Applicable,Controlled,Not Applicable,NH,Bitumen(Tar),Dry,Construction Work / Material,Clear,Near Meenukunte Hosuru BB Road,1,1,0.0,0.0
Bengaluru City,Chikkajala Traffic PS,1.04432e+16,2023,1,2,Not Applicable,Not Applicable,City/Town,Open area,Human Error,No,Damage Only,Vehicle to Vehicle,Police / Manual,Others,Minor District Road,Bitumen(Tar),Dry,Construction Work / Material,Cloudy,Near Kote Cross,1,1,0.0,0.0
Bengaluru City,Chikkajala Traffic PS,1.04432e+16,2023,1,2,Road Accidents,Narrow road,City/Town,Open area,Vehicle Defect,Yes,Simple Injury,Vehicle to Vehicle,Controlled,Not Applicable,NH,Bitumen(Tar),Dry,Not Applicable,Clear,Hunasamaranahalli Under Pass,MVIT Service Road,100 m,13.144798,77.617397
Bengaluru City,Chikkajala Traffic PS,1.04432e+16,2023,1,2,Not Applicable,Not Applicable,City/Town,Near Bus stop,Human Error,No,Fatal,Vehicle to Vehicle,Give way sign,Not Applicable,NH,Bitumen(Tar),Dry,Construction Work / Material,Fine,NH,1,1,13.141685,77.617691
Bengaluru City,Chikkajala Traffic PS,1.04432e+16,2023,1,2,Road Accidents,Curves,Rural Areas,Near or inside a village,Human Error,No,Simple Injury,Vehicle to Vehicle,Uncontrolled,Straight and flat,Two way,Bitumen(Tar),Dry,Not Applicable,Clear,AGRAHARA MAIN ROAD,BASAVANNA BADAVANE,5,0.0,0.0
Bengaluru City,Chikkajala Traffic PS,1.04432e+16,2023,1,2,Road Accidents,Not Applicable,City/Town,Open area,Human Error,No,Not Applicable,Not Applicable,Uncontrolled,Others,NH,Kutcha,Dry,Not Applicable,Others,"Near Sadahalli Toll, BB road,",Near Sadahalli Toll,13kms,0.0,0.0
Bengaluru City,Chikkajala Traffic PS,1.04432e+16,2023,1,2,Road Accidents,Narrow road,City/Town,Near or inside a village,Human Error,No,Fatal,Vehicle to Vehicle,Uncontrolled,Straight and flat,Two way,Bitumen(Tar),Dry,Not Applicable,Fine,kogilu mnrd,mrp bar,5,0.0,0.0
Bengaluru City,Chikkajala Traffic PS,1.04432e+16,2023,1,1,Road Accidents,Not Applicable,City/Town,Near or inside a village,Human Error,No,Simple Injury,Not Applicable,Uncontrolled,Straight and flat,NH,Bitumen(Tar),Dry,Not Applicable,Fine,BB ROAD,IAF,11 KM,0.0,0.0
Bengaluru City,Chikkajala Traffic PS,1.04432e+16,2023,1,2,Road Accidents,Not Applicable,City/Town,Near School or College,Human Error,No,Grievous Injury,Vehicle to Vehicle,Uncontrolled,Straight and flat,Service Road,Bitumen(Tar),Dry,No influence on accident,Fine,BB ROAD,GOVT SCHOOL,10,0.0,0.0
Bengaluru City,Chikkajala Traffic PS,1.04432e+16,2023,1,2,Not Applicable,Not Applicable,Rural Areas,Open area,Vehicle Defect,No,Simple Injury,Vehicle to Vehicle,Uncontrolled,Not Applicable,NH,Bitumen(Tar),Dry,Not Applicable,Cloudy,BB Road,1,1,13.190354,77.645732
Bengaluru City,Chikkajala Traffic PS,1.04432e+16,2023,1,2,Road Accidents,Not Applicable,City/Town,Near a factory industrial area,Human Error,No,Damage Only,Vehicle to Vehicle,Uncontrolled,Straight and flat,NH,Bitumen(Tar),Dry,Not Applicable,Fine,BB ROAD,ITC GATE,13,0.0,0.0
Bengaluru City,Chikkajala Traffic PS,1.04432e+16,2023,1,2,Road Accidents,Narrow road,Rural Areas,Residential area,Human Error,Yes,Grievous Injury,Vehicle to Vehicle,Not Applicable,Others,Two way,Bitumen(Tar),Dry,No influence on accident,Clear,"Near arch vidyanagara cross, bengaluru",Srivishnu bhavan hotel,14 km,13.161186,77.626736