DISTRICTNAME,UNITNAME,Crime_No,Year,RI,Noofvehicle_involved,Accident_Classification,Accident_Spot,Accident_Location,Accident_SubLocation,Main_Cause,Hit_Run,Severity,Collision_Type,Junction_Control,Road_Character,Road_Type,Surface_Type,Surface_Condition,Road_Condition,Weather,Accident_Road,Landmark_first,Distance_LandMark_First,Latitude,Longitude
Bengaluru City,City Market Traffic PS,1.04432e+16,2017,1,1,Road Accidents,Cross roads,City/Town,Near Bus stop,Human Error,No,Grievous Injury,Hit pedestrian,Controlled,Others,One way,Bitumen(Tar),Dry,Not Applicable,Others,KALASIPALYA MAIN ROAD,TOWARDS NORTH FROM PS,500 MT,0.0,0.0
Bengaluru City,City Market Traffic PS,1.04432e+16,2017,1,1,Road Accidents,Cross roads,City/Town,In bazaar,Human Error,No,Grievous Injury,Hit pedestrian,Controlled,Not Applicable,City or Town Road,Kutcha,Dry,Construction Work / Material,Heavy Rain,BVK AYYANGAR ROAD,TOWARDS EAST FROM PS,1 KM,0.0,0.0
Bengaluru City,City Market Traffic PS,1.04432e+16,2017,1,1,Road Accidents,Junction,City/Town,In bazaar,Human Error,No,Grievous Injury,Hit pedestrian,Controlled,Others,One way,Bitumen(Tar),Dry,Not Applicable,Fine,BAMBOO BAZAR ROAD,TOWARDS NORTH FROM PS,1.5 KM,0.0,0.0
Bengaluru City,City Market Traffic PS,1.04432e+16,2017,1,1,Road Accidents,Cross roads,City/Town,Open area,Human Error,No,Grievous Injury,Hit pedestrian,Controlled,Not Applicable,Others,Bitumen(Tar),Dry,Not Applicable,Others,NR ROAD,TOWARDS NORTH FROM PS,1.5 KM,0.0,0.0
Bengaluru City,City Market Traffic PS,1.04432e+16,2017,1,1,Road Accidents,Other,City/Town,Near Bus stop,Human Error,No,Grievous Injury,Head on,Controlled,Others,One way,Bitumen(Tar),Dry,Not Applicable,Fine,KRUMBIGAL ROAD,TOWARDS EAST FROM PS,1.5 KM,0.0,0.0
Bengaluru City,City Market Traffic PS,1.04432e+16,2017,1,1,Road Accidents,Junction,City/Town,At pedestrian Crossing,Human Error,No,Damage Only,Others,Controlled,Others,Others,Bitumen(Tar),Others,Not Applicable,Fine,KALASIPALYA MAIN ROAD,TOWARDS SOUTH FROM PS,200 MT,0.0,0.0
Bengaluru City,City Market Traffic PS,1.04432e+16,2017,1,1,Road Accidents,Junction,City/Town,In bazaar,Human Error,No,Grievous Injury,Hit pedestrian,Controlled,Others,City or Town Road,Bitumen(Tar),Dry,Not Applicable,Fine,POLICE ROAD,TOWARDS NORTH FROM PS,1 KM,0.0,0.0
Bengaluru City,City Market Traffic PS,1.04432e+16,2017,1,1,Road Accidents,Junction,City/Town,In bazaar,Human Error,No,Grievous Injury,Hit pedestrian,Controlled,Curve,City or Town Road,Concrete,Dry,Construction Work / Material,Cloudy,CHIKPET MAIN ROAD,TOWARDS EAST FROM PS,1,0.0,0.0
Bengaluru City,City Market Traffic PS,1.04432e+16,2017,1,1,Road Accidents,Junction,City/Town,Near Bus stop,Human Error,No,Grievous Injury,Hit pedestrian,Controlled,Curve,City or Town Road,Bitumen(Tar),Dry,Not Applicable,Fine,KALASIPALYA BUS STAND,TOWARDS NORTH FROM PS,500 MT,0.0,0.0
Bengaluru City,City Market Traffic PS,1.04432e+16,2017,1,2,Road Accidents,Cross roads,City/Town,Residential area,Human Error,Yes,Grievous Injury,Hit and Run,Controlled,Incline,City or Town Road,Bitumen(Tar),Dry,Not Applicable,Cloudy,LBF ROAD,TOWARDS EAST FROM PS,1 KM,0.0,0.0
Bengaluru City,City Market Traffic PS,1.04432e+16,2017,1,2,Road Accidents,Junction,City/Town,Open area,Human Error,No,Grievous Injury,Rear end,Controlled,Others,One way,Bitumen(Tar),Dry,Not Applicable,Fine,JC ROAD,TOWARDS EAST FROM PS,500 MT,0.0,0.0
Bengaluru City,City Market Traffic PS,1.04432e+16,2017,1,1,Road Accidents,Other,City/Town,Near Bus stop,Human Error,No,Grievous Injury,Hit pedestrian,Controlled,Others,Others,Not Applicable,Dry,Not Applicable,Fine,VVI ROAD,TOWARDS NORTH FROM PS,1 KM,0.0,0.0
Bengaluru City,City Market Traffic PS,1.04432e+16,2017,1,2,Road Accidents,Cross roads,City/Town,Near office complex,Human Error,No,Grievous Injury,Head on,Controlled,Others,One way,Bitumen(Tar),Dry,Not Applicable,Fine,AV ROAD,TOWARDS NORTH FROM PS,500 MT,0.0,0.0
Bengaluru City,City Market Traffic PS,1.04432e+16,2017,1,2,Road Accidents,Bridge,City/Town,Open area,Human Error,No,Fatal,Rear end,Controlled,Curve,Others,Bitumen(Tar),Dry,Not Applicable,Fine,MYSORE ROAD,TOWARDS SOUTH FROM PS,1 KM,0.0,0.0
Bengaluru City,City Market Traffic PS,1.04432e+16,2017,1,1,Road Accidents,Other,City/Town,At pedestrian Crossing,Human Error,No,Grievous Injury,Hit pedestrian,Controlled,Others,One way,Bitumen(Tar),Dry,Not Applicable,Fine,KALASIPALYA MAIN ROAD,TOWARDS EAST FROM PS,100 MT,12.960106,77.577685
Bengaluru City,City Market Traffic PS,1.04432e+16,2017,1,1,Road Accidents,Other,City/Town,In bazaar,Human Error,Yes,Fatal,Hit and Run,Controlled,Others,Service Road,Bitumen(Tar),Dry,Not Applicable,Fine,POLICE ROAD,TOWARDS NORTH FROM PS,1.5 KM,0.0,0.0
Bengaluru City,City Market Traffic PS,1.04432e+16,2017,1,1,Road Accidents,Bridge,City/Town,Open area,Human Error,No,Simple Injury,Skidding or Self accident,Controlled,Curve,One way,Bitumen(Tar),Dry,Not Applicable,Others,MYSORE ROAD FLY OVER,TOWARDS NORTH FROM PS,1.5 KM,0.0,0.0
Bengaluru City,City Market Traffic PS,1.04432e+16,2017,1,1,Road Accidents,Bridge,City/Town,Open area,Human Error,No,Grievous Injury,Skidding or Self accident,Controlled,Others,One way,Bitumen(Tar),Dry,Not Applicable,Fine,MYSORE ROAD FLY OVER,TOWARDS NORTH FROM PS,1.5 KM,0.0,0.0
Bengaluru City,City Market Traffic PS,1.04432e+16,2017,1,1,Road Accidents,Junction,City/Town,Near office complex,Human Error,No,Simple Injury,Skidding or Self accident,Controlled,Curve,City or Town Road,Bitumen(Tar),Dry,Not Applicable,Fine,BHARATH JUNCTION,TOWARDS EAST FROM PS,1 KM,0.0,0.0
Bengaluru City,City Market Traffic PS,1.04432e+16,2017,1,1,Road Accidents,Other,City/Town,In bazaar,Human Error,No,Grievous Injury,Hit pedestrian,Controlled,Curve,One way,Bitumen(Tar),Dry,Not Applicable,Light Rain,SJP ROAD,TOWARDS SOUTH,1.5 KM,0.0,0.0
Bengaluru City,City Market Traffic PS,1.04432e+16,2017,1,1,Road Accidents,Circle,City/Town,In bazaar,Human Error,No,Grievous Injury,Hit pedestrian,Controlled,Curve,City or Town Road,Bitumen(Tar),Dry,Not Applicable,Fine,otc road,towards east from ps,1km,0.0,0.0
Bengaluru City,City Market Traffic PS,1.04432e+16,2017,1,1,Road Accidents,Other,City/Town,In bazaar,Human Error,No,Grievous Injury,Hit pedestrian,Controlled,Others,One way,Bitumen(Tar),Dry,Not Applicable,Fine,MYSORE ROAD NEAR KOTTAMBARI MANDI,TOWARDS NORTH FROM PS,1.5 KM,0.0,0.0
Bengaluru City,City Market Traffic PS,1.04432e+16,2017,1,1,Road Accidents,Other,City/Town,In bazaar,Human Error,No,Grievous Injury,Hit pedestrian,Controlled,Others,Residential Street,Bitumen(Tar),Dry,Not Applicable,Fine,KALASIPALYA MARKET,TOWARDS EAST FROM PS,1 KM,0.0,0.0
Bengaluru City,City Market Traffic PS,1.04432e+16,2017,1,2,Road Accidents,Bridge,City/Town,Open area,Human Error,Yes,Simple Injury,Rear end,Controlled,Curve,City or Town Road,Bitumen(Tar),Dry,Not Applicable,Fine,MYSORE ROAD ON FLYOVER,TOWARDS SOUTH FROM PS,1 KM,0.0,0.0
Bengaluru City,City Market Traffic PS,1.04432e+16,2018,1,1,Road Accidents,Cross roads,City/Town,In bazaar,Human Error,Yes,Grievous Injury,Hit and Run,Uncontrolled,Straight and flat,City or Town Road,Bitumen(Tar),Others,Not Applicable,Clear,RT STREET,TOWARDS EAST FROM PS,1.5KM,0.0,0.0
Bengaluru City,City Market Traffic PS,1.04432e+16,2018,1,1,Road Accidents,Other,City/Town,Near Bus stop,Human Error,No,Grievous Injury,Hit pedestrian,Controlled,Not Applicable,City or Town Road,Bitumen(Tar),Dry,Not Applicable,Fine,KR MARKET BMTC BUS STAND,TOWARDS SOUTH FROM PS,2 KM,0.0,0.0
Bengaluru City,City Market Traffic PS,1.04432e+16,2018,1,1,Road Accidents,Other,City/Town,In bazaar,Human Error,No,Grievous Injury,Hit pedestrian,Controlled,Curve,City or Town Road,Bitumen(Tar),Dry,Not Applicable,Fine,KILARI ROAD,TOWARDS NORTH FROM PS,1.5 KM,12.973243,77.576269
Bengaluru City,City Market Traffic PS,1.04432e+16,2018,1,1,Road Accidents,Other,City/Town,In bazaar,Human Error,No,Grievous Injury,Hit pedestrian,Controlled,Others,One way,Bitumen(Tar),Dry,Not Applicable,Fine,BVK IYENGAR ROAD,TOWARDS NORTH FROM PS,1.5 KM,0.0,0.0
Bengaluru City,City Market Traffic PS,1.04432e+16,2018,1,2,Road Accidents,Bridge,City/Town,In bazaar,Human Error,Yes,Grievous Injury,Hit and Run,Controlled,Curve,Others,Bitumen(Tar),Dry,Not Applicable,Fine,MYSORE ROAD FLY OVER,TOWARDS SOUTH FROM PS,2 KM,0.0,0.0
Bengaluru City,City Market Traffic PS,1.04432e+16,2018,1,1,Road Accidents,Bridge,City/Town,In bazaar,Human Error,Yes,Fatal,Hit and Run,Uncontrolled,Curve,One way,Bitumen(Tar),Others,Not Applicable,Cloudy,MYSORE ROAD FLY OVER,TOWARDS SOUTH FROM PS,1.5 KM,12.96504,77.59747
Bengaluru City,City Market Traffic PS,1.04432e+16,2018,1,1,Road Accidents,Other,City/Town,In bazaar,Human Error,Yes,Grievous Injury,Hit and Run,Controlled,Curve,One way,Bitumen(Tar),Dry,Not Applicable,Fine,POLICE ROAD,TOWARDS SOUTH FROM PS,2KM,0.0,0.0
Bengaluru City,City Market Traffic PS,1.04432e+16,2018,1,1,Road Accidents,Junction,City/Town,In bazaar,Human Error,No,Fatal,Hit pedestrian,Controlled,Others,City or Town Road,Bitumen(Tar),Dry,Not Applicable,Fine,MARKET CIRCLE,TOWARDS SOUTH FROM PS,2 KM,0.0,0.0
Bengaluru City,City Market Traffic PS,1.04432e+16,2018,1,1,Road Accidents,Cross roads,City/Town,Open area,Human Error,No,Simple Injury,Hit pedestrian,Controlled,Curve,One way,Bitumen(Tar),Dry,Not Applicable,Fine,MYSORE ROAD BGS FLY OVER DOWNRAMP,TOWARDS SOUTH FROM PS,1.5 KM,0.0,0.0
Bengaluru City,City Market Traffic PS,1.04432e+16,2018,1,1,Road Accidents,Narrow road,City/Town,In bazaar,Human Error,Yes,Grievous Injury,Hit and Run,Uncontrolled,Not Applicable,One way,Bitumen(Tar),Dry,Not Applicable,Clear,RT STREET,TOWARDS EAST FROM PS,1.5KM,0.0,0.0
Bengaluru City,City Market Traffic PS,1.04432e+16,2018,1,1,Road Accidents,Circle,City/Town,In bazaar,Human Error,Yes,Grievous Injury,Hit pedestrian,Controlled,Curve,City or Town Road,Bitumen(Tar),Dry,Not Applicable,Clear,MYSORE ROAD,TOWARDS SOUTH FROM PS,2 KM,0.0,0.0
Bengaluru City,City Market Traffic PS,1.04432e+16,2018,1,1,Road Accidents,Other,City/Town,In bazaar,Human Error,Yes,Grievous Injury,Hit pedestrian,Controlled,Others,City or Town Road,Bitumen(Tar),Dry,Not Applicable,Fine,SETHU RAO ROAD,TOWARDS SOUTH FROM PS,1 KM,0.0,0.0
Bengaluru City,City Market Traffic PS,1.04432e+16,2018,1,1,Road Accidents,Junction,City/Town,In bazaar,Human Error,Yes,Grievous Injury,Hit and Run,Controlled,Straight and flat,One way,Bitumen(Tar),Dry,Not Applicable,Fine,CHIKAPETE MAIN ROAD,TOWARDS EAST,1 KM,0.0,0.0
Bengaluru City,City Market Traffic PS,1.04432e+16,2018,1,1,Road Accidents,Curves,City/Town,In bazaar,Human Error,No,Grievous Injury,Hit pedestrian,Controlled,Curve,Others,Bitumen(Tar),Dry,Not Applicable,Clear,market circle,towards south from ps,1.5km,0.0,0.0
Bengaluru City,City Market Traffic PS,1.04432e+16,2018,1,1,Road Accidents,Other,City/Town,In bazaar,Human Error,No,Grievous Injury,Hit pedestrian,Controlled,Curve,City or Town Road,Bitumen(Tar),Dry,Not Applicable,Fine,JAMIA MASJID,TOWARDS EAST FROM PS,1.5 KM,0.0,0.0
Bengaluru City,City Market Traffic PS,1.04432e+16,2018,1,1,Road Accidents,Other,City/Town,In bazaar,Human Error,No,Grievous Injury,Hit pedestrian,Controlled,Not Applicable,City or Town Road,Bitumen(Tar),Dry,Not Applicable,Fine,MYSORE ROAD,TOWARDS SOUTH FROM PS,2 KM,0.0,0.0
Bengaluru City,City Market Traffic PS,1.04432e+16,2018,1,1,Road Accidents,Cross roads,City/Town,In bazaar,Human Error,No,Damage Only,Hit fixed object,Controlled,Others,Others,Bitumen(Tar),Dry,Not Applicable,Clear,SANTOSAPET,TOWARDS EAST FROM PS,500 MT,0.0,0.0
Bengaluru City,City Market Traffic PS,1.04432e+16,2018,1,1,Road Accidents,Cross roads,City/Town,In bazaar,Human Error,Yes,Grievous Injury,Hit and Run,Controlled,Curve,One way,Bitumen(Tar),Dry,Not Applicable,Light Rain,POLICE ROAD,TOWARDS SOUTH FROM PS,2 KM,0.0,0.0
Bengaluru City,City Market Traffic PS,1.04432e+16,2018,1,1,Road Accidents,Bridge,City/Town,In bazaar,Human Error,Yes,Grievous Injury,Hit pedestrian,Controlled,Curve,City or Town Road,Bitumen(Tar),Dry,Not Applicable,Fine,POLICE ROAD,TOWARDS SOUTH,1.5 KM,0.0,0.0
Bengaluru City,City Market Traffic PS,1.04432e+16,2018,1,1,Road Accidents,Cross roads,City/Town,In bazaar,Human Error,No,Grievous Injury,Hit pedestrian,Controlled,Not Applicable,One way,Bitumen(Tar),Dry,Not Applicable,Cloudy,AVENUE ROAD,TOWARDS EAST FROM PS,2 KM,0.0,0.0
Bengaluru City,City Market Traffic PS,1.04432e+16,2019,1,1,Road Accidents,Junction,City/Town,In bazaar,Human Error,No,Grievous Injury,Hit pedestrian,Controlled,Curve,City or Town Road,Bitumen(Tar),Dry,Not Applicable,Fine,KR MARKET EXIT GATE,TOWARDS EAST FROM PS,1.5 KM,0.0,0.0
Bengaluru City,City Market Traffic PS,1.04432e+16,2019,1,2,Road Accidents,Bridge,City/Town,Open area,Human Error,No,Damage Only,Rear end,Controlled,Curve,One way,Bitumen(Tar),Dry,Not Applicable,Fine,MYSORE ROAD FLY OVER,TOWARDS SOUTH FROM PS,2 KM,0.0,0.0
Bengaluru City,City Market Traffic PS,1.04432e+16,2019,1,1,Road Accidents,Circle,City/Town,In bazaar,Human Error,Yes,Simple Injury,Hit and Run,Controlled,Curve,One way,Bitumen(Tar),Dry,Not Applicable,Fine,SJP ROAD,TOWARDS SOUTH FROM PS,2 KM,0.0,0.0
Bengaluru City,City Market Traffic PS,1.04432e+16,2019,1,1,Road Accidents,Other,City/Town,In bazaar,Human Error,No,Fatal,Hit pedestrian,Controlled,Curve,One way,Bitumen(Tar),Dry,Not Applicable,Others,MYSORE ROAD KABBINMANDI,TOWARDS SOUTH FROM PS,2KM,0.0,0.0
Bengaluru City,City Market Traffic PS,1.04432e+16,2019,1,1,Road Accidents,Junction,City/Town,In bazaar,Human Error,Yes,Fatal,Hit pedestrian,Controlled,Others,One way,Bitumen(Tar),Dry,Not Applicable,Fine,INFRONT OF JAMIA MASJID,TOWARDS EAST FROM PS,2KM,0.0,0.0
Bengaluru City,City Market Traffic PS,1.04432e+16,2019,1,1,Road Accidents,Curves,City/Town,In bazaar,Human Error,Yes,Grievous Injury,Hit and Run,Uncontrolled,Curve,City or Town Road,Bitumen(Tar),Dry,Not Applicable,Cloudy,GP STREET,TOWARDS EAST FROM PS 2 KM,2KM,0.0,0.0
Bengaluru City,City Market Traffic PS,1.04432e+16,2019,1,1,Road Accidents,Circle,City/Town,In bazaar,Human Error,Yes,Grievous Injury,Hit pedestrian,Controlled,Curve,City or Town Road,Bitumen(Tar),Dry,Not Applicable,Fine,SJP ROAD,TOWARDS EAST FROM PS,2 KM,0.0,0.0
Bengaluru City,City Market Traffic PS,1.04432e+16,2019,1,1,Road Accidents,Curves,City/Town,In bazaar,Human Error,Yes,Grievous Injury,Hit and Run,Not Applicable,Curve,City or Town Road,Bitumen(Tar),Dry,Not Applicable,Fine,MYSORE ROAD,TOWARDS SOUTH FROM PS,1.5KM,0.0,0.0
Bengaluru City,City Market Traffic PS,1.04432e+16,2019,1,1,Road Accidents,Circle,City/Town,In bazaar,Human Error,No,Grievous Injury,Hit pedestrian,Controlled,Curve,One way,Bitumen(Tar),Dry,Not Applicable,Fine,INFRONT OF JAMIA MASJID,TOWARDS EAST FROM PS 2 KM,2 KM,0.0,0.0
Bengaluru City,City Market Traffic PS,1.04432e+16,2019,1,1,Road Accidents,Circle,City/Town,In bazaar,Human Error,No,Grievous Injury,Not Applicable,Controlled,Curve,One way,Bitumen(Tar),Not Applicable,Not Applicable,Fine,"mysore road, kottambari mandi",towards south from ps 2 km,2 km,0.0,0.0
Bengaluru City,City Market Traffic PS,1.04432e+16,2019,1,1,Road Accidents,Narrow road,City/Town,Narrow bridge or culverts,Human Error,No,Simple Injury,Vehicle to Vehicle,Controlled,Others,One way,Bitumen(Tar),Dry,Not Applicable,Fine,"MYSORE ROAD, BGS FLY OVER",TOWARDS SOUTH FROM PS,2 KM,0.0,0.0
Bengaluru City,City Market Traffic PS,1.04432e+16,2019,1,1,Road Accidents,Cross roads,City/Town,In bazaar,Human Error,Yes,Grievous Injury,Hit pedestrian,Controlled,Curve,One way,Bitumen(Tar),Dry,Not Applicable,Fine,NEAR KR MARKET,TOWARDS EAST,1.5 KM,0.0,0.0
Bengaluru City,City Market Traffic PS,1.04432e+16,2019,1,1,Road Accidents,Cross roads,City/Town,In bazaar,Human Error,No,Grievous Injury,Hit pedestrian,Controlled,Curve,One way,Bitumen(Tar),Dry,Not Applicable,Fine,mysore road fly over downramp,towards south from ps,2 km,0.0,0.0
Bengaluru City,City Market Traffic PS,1.04432e+16,2019,1,1,Road Accidents,Circle,City/Town,At pedestrian Crossing,Human Error,No,Simple Injury,Hit pedestrian,Controlled,Curve,Others,Bitumen(Tar),Dry,Not Applicable,Fine,AVENUE ROAD ENTRANCE,TOWARDS SOUTH  FROM PS,1.5 KM,0.0,0.0
Bengaluru City,City Market Traffic PS,1.04432e+16,2019,1,2,Road Accidents,Bridge,City/Town,In bazaar,Human Error,No,Fatal,Rear end,Controlled,Curve,City or Town Road,Bitumen(Tar),Dry,Not Applicable,Fine,MYSORE ROAD,TOWARDS SOUTH FROM PS 2 KM,2KM,0.0,0.0
Bengaluru City,City Market Traffic PS,1.04432e+16,2019,1,1,Road Accidents,Curves,City/Town,Open area,Human Error,No,Grievous Injury,Not Applicable,Controlled,Curve,One way,Bitumen(Tar),Dry,Not Applicable,Fine,MYSORE ROAD FLY OVER,TOWARDS SOUTH FROM PS,2KM,0.0,0.0
Bengaluru City,City Market Traffic PS,1.04432e+16,2019,1,1,Road Accidents,Cross roads,City/Town,In bazaar,Human Error,No,Grievous Injury,Hit pedestrian,Controlled,Curve,Others,Bitumen(Tar),Dry,Not Applicable,Fine,GP STREET,TOWARDS EAST FROM PS 2 KM,2 KM,0.0,0.0
Bengaluru City,City Market Traffic PS,1.04432e+16,2019,1,1,Road Accidents,Cross roads,City/Town,In bazaar,Human Error,No,Simple Injury,Hit pedestrian,Controlled,Curve,Others,Bitumen(Tar),Dry,Not Applicable,Fine,police road,towards south from ps,2 km,0.0,0.0
Bengaluru City,City Market Traffic PS,1.04432e+16,2019,1,2,Road Accidents,Curves,City/Town,In bazaar,Human Error,No,Grievous Injury,Vehicle to Vehicle,Controlled,Curve,One way,Bitumen(Tar),Dry,Not Applicable,Fine,MYSORE ROAD BGS FLY OVER DOWNRAMP,TOWARDS SOUTH FROM PS,2 KM,0.0,0.0
Bengaluru City,City Market Traffic PS,1.04432e+16,2019,1,1,Road Accidents,Junction,City/Town,In bazaar,Human Error,No,Grievous Injury,Hit pedestrian,Controlled,Curve,One way,Bitumen(Tar),Dry,Not Applicable,Fine,AVENUE ROAD,TOWARDS EAST FROM PS,2 KM,0.0,0.0
Bengaluru City,City Market Traffic PS,1.04432e+16,2020,1,1,Road Accidents,Cross roads,City/Town,In bazaar,Human Error,No,Simple Injury,Hit pedestrian,Controlled,Curve,Others,Bitumen(Tar),Dry,Not Applicable,Fine,POLICE ROAD,OP POLICE OUT POST,1 KM,0.0,0.0
Bengaluru City,City Market Traffic PS,1.04432e+16,2020,1,1,Road Accidents,Cross roads,City/Town,In bazaar,Human Error,Yes,Fatal,Hit pedestrian,Uncontrolled,Curve,Others,Bitumen(Tar),Dry,Not Applicable,Cloudy,POLICE ROAD,TOWARDS SOUTH 1 KM,1.5 KM,0.0,0.0
Bengaluru City,City Market Traffic PS,1.04432e+16,2020,1,2,Road Accidents,Circle,City/Town,Open area,Human Error,No,Simple Injury,Vehicle to Vehicle,Controlled,Curve,One way,Bitumen(Tar),Dry,Not Applicable,Fine,TOWARADS SOUTH FROM PS,MYSORE ROAD BGS FLY OVER,2 KM,0.0,0.0
Bengaluru City,City Market Traffic PS,1.04432e+16,2020,1,1,Road Accidents,Curves,City/Town,In bazaar,Human Error,No,Grievous Injury,Hit pedestrian,Controlled,Curve,One way,Bitumen(Tar),Dry,Not Applicable,Fine,AVENUE ROAD,TOWARDS EAST FROM PS,2 KM,0.0,0.0
Bengaluru City,City Market Traffic PS,1.04432e+16,2020,1,1,Road Accidents,Circle,City/Town,In bazaar,Human Error,Yes,Grievous Injury,Hit pedestrian,Controlled,Curve,Others,Bitumen(Tar),Dry,Not Applicable,Fine,MARKET CIRCLE,TOWARDS SOUTH FROM PS,2 KM,0.0,0.0
Bengaluru City,City Market Traffic PS,1.04432e+16,2020,1,1,Road Accidents,Circle,City/Town,Open area,Human Error,Yes,Fatal,Hit pedestrian,Controlled,Sharp Curve,Others,Bitumen(Tar),Dry,Not Applicable,Fine,MARKET CIRCLE MYSORE ROAD,TOWARDS SOUTH 2 KM,2 KM,0.0,0.0
Bengaluru City,City Market Traffic PS,1.04432e+16,2020,1,1,Road Accidents,Junction,City/Town,Open area,Human Error,No,Fatal,Not Applicable,Controlled,Curve,One way,Bitumen(Tar),Dry,Not Applicable,Fine,MYSORE ROAD BGS OVER,TOWARDS SOUTH SOUTH FROM PS,2 KM,0.0,0.0
Bengaluru City,City Market Traffic PS,1.04432e+16,2020,1,1,Road Accidents,Cross roads,City/Town,In bazaar,Human Error,Yes,Grievous Injury,Hit pedestrian,Controlled,Curve,One way,Bitumen(Tar),Dry,Not Applicable,Fine,MYSORE ROAD,TOWARDS SOUTH FROM PS,2 KM,0.0,0.0
Bengaluru City,City Market Traffic PS,1.04432e+16,2020,1,1,Road Accidents,Circle,City/Town,In bazaar,Human Error,No,Grievous Injury,Hit pedestrian,Controlled,Curve,One way,Bitumen(Tar),Dry,Not Applicable,Clear,MARKET CIRCLE,MARKET CIRCLE,2 KM,0.0,0.0
Bengaluru City,City Market Traffic PS,1.04432e+16,2021,1,1,Road Accidents,Curves,City/Town,In bazaar,Human Error,No,Simple Injury,Hit pedestrian,Police / Manual,Curve,One way,Bitumen(Tar),Dry,Not Applicable,Clear,S J P Road,Bus Stop,0.1 Km,0.0,0.0
Bengaluru City,City Market Traffic PS,1.04432e+16,2021,1,1,Road Accidents,Cross roads,City/Town,Open area,Human Error,No,Fatal,Not Applicable,Controlled,Curve,One way,Bitumen(Tar),Dry,Not Applicable,Fine,MYSORE ROAD BGS FLY OVER,TOWARDS SOUTH FROM PS 2 KM,2 KM,0.0,0.0
Bengaluru City,City Market Traffic PS,1.04432e+16,2021,1,1,Road Accidents,Circle,City/Town,At pedestrian Crossing,Human Error,No,Grievous Injury,Hit pedestrian,Controlled,Curve,Others,Bitumen(Tar),Dry,Not Applicable,Fine,MARKET   CIRCLE,TOWARDS SOUTH FROM PS,2 KM,0.0,0.0
Bengaluru City,City Market Traffic PS,1.04432e+16,2021,1,1,Road Accidents,Cross roads,City/Town,In bazaar,Human Error,No,Simple Injury,Hit pedestrian,Controlled,Curve,One way,Bitumen(Tar),Dry,Not Applicable,Fine,RT STREET,TOWARDS EAST FROM PS,1.5 KM,0.0,0.0
Bengaluru City,City Market Traffic PS,1.04432e+16,2021,1,1,Road Accidents,Curves,City/Town,Open area,Not Applicable,Yes,Fatal,Hit pedestrian,Not at  Junction,Straight and flat,Arterial,Bitumen(Tar),Dry,Not Applicable,Cloudy,MYSORE ROAD BGS FLY OVER,TOWARDS EAST FROM TR PS,1.5 KM,12.9646346,77.5748219
Bengaluru City,City Market Traffic PS,1.04432e+16,2021,1,1,Road Accidents,Cross roads,City/Town,In bazaar,Human Error,Yes,Damage Only,Not Applicable,Controlled,Curve,Others,Bitumen(Tar),Dry,Not Applicable,Fine,NEAR KABBINMANDI JUNCTION,TOWARDS SOUTH FROM PS,2 KM,0.0,0.0
Bengaluru City,City Market Traffic PS,1.04432e+16,2022,1,1,Road Accidents,Cross roads,City/Town,In bazaar,Human Error,No,Simple Injury,Hit pedestrian,Not at  Junction,Not Applicable,Sub Arterial,Concrete,Dry,Not Applicable,Clear,Police road,Near chickpet metro,1.5 km,12.965932,77.57452
Bengaluru City,City Market Traffic PS,1.04432e+16,2022,1,1,Road Accidents,Circle,City/Town,In bazaar,Not Applicable,No,Simple Injury,Hit pedestrian,Controlled,Curve,Arterial,Bitumen(Tar),Dry,Not Applicable,Cloudy,MARKET CIRCLE MYSORE ROAD,market circle,1.5 km,12.964299,77.57688
Bengaluru City,City Market Traffic PS,1.04432e+16,2022,1,1,Road Accidents,Narrow road,City/Town,In bazaar,Human Error,Yes,Fatal,Hit pedestrian,Not at  Junction,Others,Sub Arterial,Concrete,Dry,Not Applicable,Clear,K R market complex north rd,K R Market north gate,1.5 KM,12.96613,77.576791
Bengaluru City,City Market Traffic PS,1.04432e+16,2022,1,1,Road Accidents,Junction,City/Town,In bazaar,Human Error,No,Simple Injury,Hit pedestrian,Signal lights Automatic,Not Applicable,Arterial,Bitumen(Tar),Dry,Not Applicable,Clear,Market circle,Near City Market PS op,1.5 km,0.0,0.0
Bengaluru City,City Market Traffic PS,1.04432e+16,2022,1,1,Road Accidents,Circle,City/Town,In bazaar,Not Applicable,No,Simple Injury,Hit pedestrian,Controlled,Others,Arterial,Bitumen(Tar),Dry,Not Applicable,Clear,K R Market circle,Near N R Road jn    market circle,1.5 km,0.0,0.0
Bengaluru City,City Market Traffic PS,1.04432e+16,2022,1,1,Road Accidents,Narrow road,City/Town,Open area,Not Applicable,Yes,Simple Injury,Vehicle to Vehicle,Not Applicable,Not Applicable,Arterial,Bitumen(Tar),Dry,Not Applicable,Clear,On BGS Fly Over,On BGS Fly over near taj hotel,2.0 km,12.963639,77.578398
Bengaluru City,City Market Traffic PS,1.04432e+16,2022,1,2,Road Accidents,Not Applicable,City/Town,In bazaar,Not Applicable,No,Damage Only,Vehicle to Vehicle,Not at  Junction,Straight and flat,Arterial,Bitumen(Tar),Dry,Not Applicable,Heavy Rain,On BGS Fly over near market circle,Near market circle on BGS Fly over,1.5 km,0.0,0.0
Bengaluru City,City Market Traffic PS,1.04432e+16,2022,1,1,Road Accidents,Narrow road,City/Town,In bazaar,Human Error,No,Simple Injury,Hit pedestrian,Not at  Junction,Not Applicable,Arterial,Concrete,Dry,Not Applicable,Clear,BVK Iyyangar road,Front of Shreerama temple,1.0 KM,0.0,0.0
Bengaluru City,City Market Traffic PS,1.04432e+16,2022,1,2,Road Accidents,Curves,City/Town,Open area,Human Error,No,Simple Injury,Vehicle to Vehicle,Not at  Junction,Straight and flat,Arterial,Bitumen(Tar),Dry,Not Applicable,Clear,On BGS Fly Over,Near ganesha temple,1.5 KM,0.0,0.0
Bengaluru City,City Market Traffic PS,1.04432e+16,2022,1,1,Road Accidents,Curves,City/Town,In bazaar,Vehicle Defect,No,Simple Injury,Hit pedestrian,Not Applicable,Curve,Sub Arterial,Concrete,Dry,Not Applicable,Cloudy,"Grain bazar, K R Market",Grain bazar,1.5 km,12.965041,77.576343
Bengaluru City,City Market Traffic PS,1.04432e+16,2022,1,2,Road Accidents,Not Applicable,City/Town,Open area,Human Error,Yes,Simple Injury,Vehicle to Vehicle,Not at  Junction,Straight and flat,Arterial,Bitumen(Tar),Dry,Not Applicable,Clear,"On BGS Fly over, Mysore rd",Near K R market,1.5 km,0.0,0.0
Bengaluru City,City Market Traffic PS,1.04432e+16,2022,1,1,Road Accidents,Junction,City/Town,In bazaar,Human Error,No,Simple Injury,Hit pedestrian,Signal lights Automatic,Others,Arterial,Bitumen(Tar),Dry,Not Applicable,Clear,"Mysore rd, near market circle",Market circle,1.5 km,0.0,0.0