DISTRICTNAME,UNITNAME,Crime_No,Year,RI,Noofvehicle_involved,Accident_Classification,Accident_Spot,Accident_Location,Accident_SubLocation,Main_Cause,Hit_Run,Severity,Collision_Type,Junction_Control,Road_Character,Road_Type,Surface_Type,Surface_Condition,Road_Condition,Weather,Accident_Road,Landmark_first,Distance_LandMark_First,Latitude,Longitude
Bengaluru City,Cubbonpark Traffic PS,1.04432e+16,2018,1,1,Road Accidents,Circle,City/Town,Open area,Human Error,No,Grievous Injury,Rear end,Signals (Working),Straight and flat,City or Town Road,Bitumen(Tar),Dry,Not Applicable,Fine,BALEKUNDRI CERCLE,near Indian Express bulding,1 km,0.0,0.0
Bengaluru City,Cubbonpark Traffic PS,1.04432e+16,2018,1,1,Road Accidents,Other,City/Town,Open area,Human Error,Yes,Simple Injury,Rear end,Controlled,Straight and flat,City or Town Road,Bitumen(Tar),Dry,Not Applicable,Fine,near lokayukta,ambedkar road,1km,0.0,0.0
Bengaluru City,Cubbonpark Traffic PS,1.04432e+16,2018,1,1,Road Accidents,Narrow road,City/Town,Near office complex,Human Error,Yes,Grievous Injury,Hit and Run,Not at  Junction,Straight and flat,City or Town Road,Bitumen(Tar),Dry,Not Applicable,Fine,Dr Ambedkar road,Near Coffey board,20mtrs,0.0,0.0
Bengaluru City,Cubbonpark Traffic PS,1.04432e+16,2018,1,2,Road Accidents,Narrow road,City/Town,Open area,Human Error,Yes,Grievous Injury,Hit and Run,Not at  Junction,Straight and flat,City or Town Road,Bitumen(Tar),Dry,Not Applicable,Fine,Dr Ambedkar road,Metro Station,20mtrs,0.0,0.0
Bengaluru City,Cubbonpark Traffic PS,1.04432e+16,2018,1,2,Road Accidents,Junction,City/Town,Near office complex,Human Error,No,Damage Only,Rear end,Signal lights Automatic,Straight and flat,City or Town Road,Bitumen(Tar),Dry,Not Applicable,Fine,Infantry road,Coffee board,50mtrs,0.0,0.0
Bengaluru City,Cubbonpark Traffic PS,1.04432e+16,2018,1,2,Road Accidents,Other,City/Town,Open area,Human Error,No,Damage Only,Rear end,Controlled,Straight and flat,City or Town Road,Bitumen(Tar),Dry,Not Applicable,Fine,Anilkumble circle,anil kumble circle,1 km,0.0,0.0
Bengaluru City,Cubbonpark Traffic PS,1.04432e+16,2018,1,2,Road Accidents,Narrow road,City/Town,Open area,Human Error,Yes,Simple Injury,Hit and Run,Not at  Junction,Straight and flat,City or Town Road,Bitumen(Tar),Dry,Not Applicable,Fine,Inside Cubbonpark road,Cubbonpark,10mtrs,0.0,0.0
Bengaluru City,Cubbonpark Traffic PS,1.04432e+16,2018,1,2,Road Accidents,Other,City/Town,Open area,Human Error,No,Damage Only,Others,Controlled,Straight and flat,City or Town Road,Bitumen(Tar),Dry,Not Applicable,Fine,levelley road,levelley road,1 km,0.0,0.0
Bengaluru City,Cubbonpark Traffic PS,1.04432e+16,2018,1,2,Road Accidents,Other,City/Town,Open area,Human Error,No,Damage Only,Rear end,Controlled,Straight and flat,City or Town Road,Bitumen(Tar),Dry,Not Applicable,Fine,NEAR COFFEE BOARD,NEAR TMC,1 km,0.0,0.0
Bengaluru City,Cubbonpark Traffic PS,1.04432e+16,2018,1,2,Road Accidents,Other,City/Town,Open area,Human Error,No,Grievous Injury,Rear end,Controlled,Straight and flat,City or Town Road,Bitumen(Tar),Dry,Not Applicable,Fine,near ms building,mahiti souda,2KM,0.0,0.0
Bengaluru City,Cubbonpark Traffic PS,1.04432e+16,2018,1,2,Road Accidents,Narrow road,City/Town,Open area,Human Error,Yes,Grievous Injury,Side swipe,Not at  Junction,Straight and flat,City or Town Road,Bitumen(Tar),Dry,Not Applicable,Fine,St Marks road,Cashpharmacy,10mtrs,0.0,0.0
Bengaluru City,Cubbonpark Traffic PS,1.04432e+16,2018,1,1,Road Accidents,Narrow road,City/Town,Open area,Human Error,Yes,Simple Injury,Hit and Run,Not at  Junction,Straight and flat,City or Town Road,Bitumen(Tar),Dry,Not Applicable,Fine,T Chowdaiah road,Near Indiragandhi Fountain,20mtrs,0.0,0.0
Bengaluru City,Cubbonpark Traffic PS,1.04432e+16,2018,1,2,Road Accidents,Other,City/Town,Open area,Human Error,Not Applicable,Simple Injury,Rear end,Not at  Junction,Curve,City or Town Road,Bitumen(Tar),Dry,Not Applicable,Fine,inside cubbon park,near central library,1 km,0.0,0.0
Bengaluru City,Cubbonpark Traffic PS,1.04432e+16,2018,1,2,Road Accidents,Y Junction,City/Town,Open area,Human Error,No,Damage Only,Rear end,Controlled,Straight and flat,City or Town Road,Bitumen(Tar),Dry,Not Applicable,Fine,inside cubbon park,NEAR  CENTRAL LIBRARY,1 km,0.0,0.0
Bengaluru City,Cubbonpark Traffic PS,1.04432e+16,2018,1,2,Road Accidents,Junction,City/Town,At pedestrian Crossing,Human Error,No,Grievous Injury,Right Turn Collision,Signal lights Automatic,Straight and flat,City or Town Road,Bitumen(Tar),Dry,Not Applicable,Fine,K B Road,Cubbonpark,30mtrs,0.0,0.0
Bengaluru City,Cubbonpark Traffic PS,1.04432e+16,2018,1,2,Road Accidents,Junction,City/Town,Open area,Human Error,No,Grievous Injury,Side swipe,Signal lights Automatic,Straight and flat,City or Town Road,Bitumen(Tar),Dry,Not Applicable,Fine,K B Road,Siddalingaiah Circle,10mtrs,0.0,0.0
Bengaluru City,Cubbonpark Traffic PS,1.04432e+16,2018,1,2,Road Accidents,Narrow road,City/Town,Open area,Human Error,Not Applicable,Damage Only,Rear end,Not at  Junction,Straight and flat,City or Town Road,Bitumen(Tar),Dry,Not Applicable,Fine,levelley road,near ajantha apartement,10 mt,0.0,0.0
Bengaluru City,Cubbonpark Traffic PS,1.04432e+16,2018,1,1,Road Accidents,Narrow road,City/Town,Open area,Human Error,Yes,Grievous Injury,Hit and Run,Not at  Junction,Straight and flat,City or Town Road,Bitumen(Tar),Dry,Not Applicable,Fine,T Chowdaiah road,Neharu Planetorium,50mtrs,0.0,0.0
Bengaluru City,Cubbonpark Traffic PS,1.04432e+16,2018,1,2,Road Accidents,Narrow road,City/Town,Open area,Human Error,Yes,Simple Injury,Hit and Run,Not at  Junction,Straight and flat,City or Town Road,Bitumen(Tar),Dry,Not Applicable,Fine,Inside Cubbonpark road,Siddalingaiah Circle,75mtrs,0.0,0.0
Bengaluru City,Cubbonpark Traffic PS,1.04432e+16,2018,1,2,Road Accidents,Junction,City/Town,Near office complex,Human Error,Yes,Simple Injury,Hit and Run,Signal lights Automatic,Straight and flat,City or Town Road,Bitumen(Tar),Dry,Not Applicable,Fine,Palace road,CID Office,50mtrs,0.0,0.0
Bengaluru City,Cubbonpark Traffic PS,1.04432e+16,2018,1,1,Road Accidents,Other,City/Town,Open area,Human Error,Yes,Grievous Injury,Hit and Run,Signals (Working),Straight and flat,City or Town Road,Bitumen(Tar),Dry,Not Applicable,Fine,near genaral kariyappa park,near genaral kariyappa park,1 km,0.0,0.0
Bengaluru City,Cubbonpark Traffic PS,1.04432e+16,2018,1,2,Road Accidents,Circle,City/Town,Open area,Human Error,No,Grievous Injury,Others,Controlled,Straight and flat,City or Town Road,Bitumen(Tar),Dry,Not Applicable,Fine,CID JUNCTION,NEAR CID OFFICE,2KM,0.0,0.0
Bengaluru City,Cubbonpark Traffic PS,1.04432e+16,2018,1,2,Road Accidents,Junction,City/Town,Near office complex,Human Error,Yes,Simple Injury,Hit and Run,Signal lights Automatic,Straight and flat,City or Town Road,Bitumen(Tar),Dry,Not Applicable,Fine,Infantry road,Coffee board,30mtrs,0.0,0.0
Bengaluru City,Cubbonpark Traffic PS,1.04432e+16,2018,1,2,Road Accidents,Narrow road,City/Town,Open area,Human Error,Yes,Simple Injury,Hit and Run,Not at  Junction,Straight and flat,City or Town Road,Bitumen(Tar),Dry,Not Applicable,Fine,Kasthuri Ba road,Siddalingaiah Circle,10mtrs,0.0,0.0
Bengaluru City,Cubbonpark Traffic PS,1.04432e+16,2018,1,2,Road Accidents,Curves,City/Town,Open area,Human Error,No,Grievous Injury,Side swipe,Not at  Junction,Curve,City or Town Road,Bitumen(Tar),Dry,Not Applicable,Fine,Rajbhavan road,Capital Hotel,20mtrs,0.0,0.0
Bengaluru City,Cubbonpark Traffic PS,1.04432e+16,2018,1,2,Road Accidents,Junction,City/Town,Open area,Human Error,Yes,Simple Injury,Hit and Run,Signal lights Automatic,Straight and flat,City or Town Road,Bitumen(Tar),Dry,Not Applicable,Fine,Rajbhavan road,GPO,50mtrs,0.0,0.0
Bengaluru City,Cubbonpark Traffic PS,1.04432e+16,2018,1,1,Road Accidents,Circle,City/Town,Open area,Human Error,Yes,Grievous Injury,Others,Controlled,Straight and flat,Others,Bitumen(Tar),Dry,Not Applicable,Fine,patta junction,near cubbonpark metro,1 km,0.0,0.0
Bengaluru City,Cubbonpark Traffic PS,1.04432e+16,2018,1,2,Road Accidents,Other,City/Town,Open area,Human Error,No,Grievous Injury,Rear end,Controlled,Straight and flat,City or Town Road,Bitumen(Tar),Dry,Not Applicable,Fine,near cubbonpark metro,cto circle,1 km,0.0,0.0
Bengaluru City,Cubbonpark Traffic PS,1.04432e+16,2018,1,1,Road Accidents,Narrow road,City/Town,Open area,Human Error,Yes,Fatal,Hit and Run,Not at  Junction,Straight and flat,City or Town Road,Bitumen(Tar),Dry,Not Applicable,Fine,Rajbhavan road,Neharu Palnetorium,20mtrs,0.0,0.0
Bengaluru City,Cubbonpark Traffic PS,1.04432e+16,2018,1,1,Road Accidents,Narrow road,City/Town,Open area,Human Error,No,Grievous Injury,Hit pedestrian,Not at  Junction,Straight and flat,City or Town Road,Bitumen(Tar),Dry,Not Applicable,Fine,Rajbhavan road,Cubbonpark Metro Station,30mtrs,0.0,0.0
Bengaluru City,Cubbonpark Traffic PS,1.04432e+16,2018,1,2,Road Accidents,Junction,City/Town,Open area,Human Error,Yes,Grievous Injury,Hit and Run,Signal lights Automatic,Straight and flat,City or Town Road,Bitumen(Tar),Dry,Not Applicable,Fine,Rajbhavan road,Basaveshwara Circle,10Mtrs,0.0,0.0
Bengaluru City,Cubbonpark Traffic PS,1.04432e+16,2018,1,2,Road Accidents,Junction,City/Town,Near office complex,Human Error,No,Grievous Injury,Right Turn Collision,Signal lights Automatic,Straight and flat,City or Town Road,Bitumen(Tar),Dry,Not Applicable,Fine,Palace road,AGS Office,50mtrs,0.0,0.0
Bengaluru City,Cubbonpark Traffic PS,1.04432e+16,2018,1,2,Road Accidents,Junction,City/Town,Near a recreation place/cinema,Human Error,No,Simple Injury,Right Turn Collision,Uncontrolled,Straight and flat,City or Town Road,Metalled,Dry,Not Applicable,Fine,Chruch Street,Near Church Street Social,20mtrs,0.0,0.0
Bengaluru City,Cubbonpark Traffic PS,1.04432e+16,2018,1,2,Road Accidents,Narrow road,City/Town,Near a religious place,Human Error,Yes,Grievous Injury,Hit and Run,Not at  Junction,Straight and flat,City or Town Road,Bitumen(Tar),Dry,Not Applicable,Fine,Palace road,Ganesha Temple,10mtrs,0.0,0.0
Bengaluru City,Cubbonpark Traffic PS,1.04432e+16,2018,1,2,Road Accidents,Narrow road,City/Town,Open area,Human Error,No,Grievous Injury,Hit pedestrian,Not at  Junction,Slight Curve,City or Town Road,Bitumen(Tar),Dry,Not Applicable,Fine,Lavelle road,Mandovi Motors,10mtrs,0.0,0.0
Bengaluru City,Cubbonpark Traffic PS,1.04432e+16,2018,1,2,Road Accidents,Junction,City/Town,Near office complex,Human Error,No,Simple Injury,Side swipe,Signal lights Automatic,Straight and flat,City or Town Road,Bitumen(Tar),Dry,Not Applicable,Fine,M G Road,LIC Building,20mtrs,0.0,0.0
Bengaluru City,Cubbonpark Traffic PS,1.04432e+16,2018,1,2,Road Accidents,Narrow road,City/Town,Residential area,Human Error,Yes,Grievous Injury,Hit and Run,Not at  Junction,Straight and flat,City or Town Road,Bitumen(Tar),Dry,Not Applicable,Fine,Ali Askar road Cross road,Krishna Apartments,30mtrs,0.0,0.0
Bengaluru City,Cubbonpark Traffic PS,1.04432e+16,2018,1,3,Road Accidents,Other,City/Town,Open area,Human Error,Not Applicable,Damage Only,Rear end,Not at  Junction,Straight and flat,City or Town Road,Bitumen(Tar),Dry,Not Applicable,Fine,queens road,near queens cercle,1/2 km,0.0,0.0
Bengaluru City,Cubbonpark Traffic PS,1.04432e+16,2018,1,2,Road Accidents,Circle,City/Town,Open area,Human Error,No,Grievous Injury,Rear end,Signals (Working),Straight and flat,City or Town Road,Bitumen(Tar),Dry,Not Applicable,Fine,siddalingaiah cercle,siddlingaiah cercle,1 km,0.0,0.0
Bengaluru City,Cubbonpark Traffic PS,1.04432e+16,2018,1,3,Road Accidents,Other,City/Town,Open area,Human Error,No,Damage Only,Rear end,Controlled,Others,City or Town Road,Bitumen(Tar),Dry,Not Applicable,Fine,walton road,near coffe day,1,0.0,0.0
Bengaluru City,Cubbonpark Traffic PS,1.04432e+16,2018,1,2,Road Accidents,Narrow road,City/Town,Open area,Human Error,Yes,Grievous Injury,Hit and Run,Not at  Junction,Straight and flat,City or Town Road,Bitumen(Tar),Dry,Not Applicable,Fine,Queens road,Chinnaswamy Gate No 21,20mtrs,0.0,0.0
Bengaluru City,Cubbonpark Traffic PS,1.04432e+16,2018,1,2,Road Accidents,Junction,City/Town,Open area,Human Error,No,Simple Injury,Head on,Signal lights Automatic,Straight and flat,City or Town Road,Bitumen(Tar),Dry,Not Applicable,Fine,M G Road,LIC building,30mtrs,0.0,0.0
Bengaluru City,Cubbonpark Traffic PS,1.04432e+16,2018,1,2,Road Accidents,Junction,City/Town,Open area,Human Error,No,Simple Injury,Side swipe,Signal lights Automatic,Straight and flat,City or Town Road,Bitumen(Tar),Dry,Not Applicable,Fine,Rajbhavan road,Hotel Capital,200mtr,0.0,0.0
Bengaluru City,Cubbonpark Traffic PS,1.04432e+16,2018,1,2,Road Accidents,Other,City/Town,Open area,Human Error,Not Applicable,Grievous Injury,Rear end,Controlled,Straight and flat,City or Town Road,Bitumen(Tar),Dry,Not Applicable,Fine,inside cubbon park,near press club,1 km,0.0,0.0
Bengaluru City,Cubbonpark Traffic PS,1.04432e+16,2019,1,2,Road Accidents,Circle,City/Town,Open area,Human Error,No,Grievous Injury,Not Applicable,Controlled,Others,Others,Bitumen(Tar),Dry,Not Applicable,Fine,police timmaih circle,POLICE TIMMAIAH CIRCLE,200MTR,0.0,0.0
Bengaluru City,Cubbonpark Traffic PS,1.04432e+16,2019,1,2,Road Accidents,Circle,City/Town,Open area,Human Error,No,Damage Only,Not Applicable,Controlled,Straight and flat,Others,Bitumen(Tar),Dry,Not Applicable,Fine,AMBEDKAR ROAD,GOPALGOUDA CIRCLE,1/2 km,12.977796,77.590785
Bengaluru City,Cubbonpark Traffic PS,1.04432e+16,2019,1,1,Road Accidents,Other,City/Town,Open area,Human Error,Yes,Simple Injury,Rear end,Controlled,Others,City or Town Road,Bitumen(Tar),Dry,Not Applicable,Fine,near maharani U turn,maharani college near,2 km,0.0,0.0
Bengaluru City,Cubbonpark Traffic PS,1.04432e+16,2019,1,2,Road Accidents,Circle,City/Town,Open area,Human Error,Not Applicable,Grievous Injury,Vehicle to Vehicle,Controlled,Others,Others,Bitumen(Tar),Dry,Not Applicable,Fine,CTO CIRCLE,near cubbonpark metro,500MTR,0.0,0.0
Bengaluru City,Cubbonpark Traffic PS,1.04432e+16,2019,1,1,Road Accidents,Offset,City/Town,Open area,Human Error,No,Grievous Injury,Hit pedestrian,Controlled,Others,Others,Bitumen(Tar),Dry,Not Applicable,Others,charch street,charch street,1 km,0.0,0.0
Bengaluru City,Cubbonpark Traffic PS,1.04432e+16,2019,1,2,Road Accidents,Circle,City/Town,Open area,Human Error,Not Applicable,Grievous Injury,Vehicle to Vehicle,Controlled,Straight and flat,Others,Bitumen(Tar),Dry,Not Applicable,Fine,coffe board cercle,COFFEE BOARD CIRCLE,200MTR,0.0,0.0
Bengaluru City,Cubbonpark Traffic PS,1.04432e+16,2019,1,2,Road Accidents,Circle,City/Town,Open area,Human Error,No,Grievous Injury,Vehicle to Vehicle,Controlled,Others,Others,Bitumen(Tar),Dry,Not Applicable,Others,POLICE THIMMAIAH,NEAR GPO,200MTR,12.981819,77.594744
Bengaluru City,Cubbonpark Traffic PS,1.04432e+16,2019,1,2,Road Accidents,Other,City/Town,Open area,Human Error,Yes,Damage Only,Others,Controlled,Others,Others,Bitumen(Tar),Dry,Not Applicable,Fine,near Fish canteen,INSIDE CUBBONPARK NEAR FISH CANTEEN,1km,0.0,0.0
Bengaluru City,Cubbonpark Traffic PS,1.04432e+16,2019,1,2,Road Accidents,Circle,City/Town,Open area,Human Error,No,Simple Injury,Vehicle to Vehicle,Controlled,Others,Others,Bitumen(Tar),Dry,Not Applicable,Fine,AMBEDKAR ROAD,ambedkar road,2km,12.975906,77.5873
Bengaluru City,Cubbonpark Traffic PS,1.04432e+16,2019,1,2,Road Accidents,Circle,City/Town,Open area,Human Error,No,Damage Only,Others,Controlled,Straight and flat,City or Town Road,Bitumen(Tar),Dry,Not Applicable,Fine,queens circle,near fish aqvariam,100mtr,0.0,0.0
Bengaluru City,Cubbonpark Traffic PS,1.04432e+16,2019,1,2,Road Accidents,Narrow road,City/Town,Open area,Human Error,Yes,Fatal,Vehicle to Vehicle,Controlled,Others,Others,Bitumen(Tar),Dry,Not Applicable,Fine,KB ROAD,KB ROAD,2 km,0.0,0.0
Bengaluru City,Cubbonpark Traffic PS,1.04432e+16,2019,1,2,Road Accidents,Circle,City/Town,Open area,Human Error,Yes,Grievous Injury,Vehicle to Vehicle,Controlled,Others,Others,Bitumen(Tar),Dry,Not Applicable,Fine,sbi cercle,SBI CERCLE,2 km,0.0,0.0
Bengaluru City,Cubbonpark Traffic PS,1.04432e+16,2019,1,1,Road Accidents,Circle,City/Town,Open area,Human Error,No,Grievous Injury,Hit pedestrian,Controlled,Straight and flat,Others,Bitumen(Tar),Dry,Not Applicable,Fine,queens circle,near BMTC,2 km,0.0,0.0
Bengaluru City,Cubbonpark Traffic PS,1.04432e+16,2019,1,2,Road Accidents,Other,City/Town,Open area,Human Error,No,Simple Injury,Others,Controlled,Straight and flat,Others,Bitumen(Tar),Dry,Not Applicable,Fine,DEVARAJU ARAS,AGS CIRCLE,2KM,0.0,0.0
Bengaluru City,Cubbonpark Traffic PS,1.04432e+16,2019,1,1,Road Accidents,Narrow road,City/Town,Open area,Human Error,No,Simple Injury,Hit pedestrian,Not at  Junction,Others,Others,Bitumen(Tar),Dry,Not Applicable,Fine,MG ROAD,MG ROAD NEAR METRO STATION,1 km,0.0,0.0
Bengaluru City,Cubbonpark Traffic PS,1.04432e+16,2019,1,2,Road Accidents,Other,City/Town,Open area,Human Error,No,Simple Injury,Others,Controlled,Others,Others,Bitumen(Tar),Dry,Not Applicable,Fine,police timmaih circle,rajbhavan road,1 km,12.981823,77.594775
Bengaluru City,Cubbonpark Traffic PS,1.04432e+16,2019,1,2,Road Accidents,Other,City/Town,Open area,Human Error,Not Applicable,Simple Injury,Others,Controlled,Others,Others,Bitumen(Tar),Dry,Not Applicable,Fine,near cubbonpark metro,cto circle,1 km,0.0,0.0
Bengaluru City,Cubbonpark Traffic PS,1.04432e+16,2019,1,2,Road Accidents,Other,City/Town,Open area,Human Error,No,Grievous Injury,Others,Controlled,Others,City or Town Road,Bitumen(Tar),Dry,Not Applicable,Others,AMBEDKAR ROAD,COFFEE BOARD CIRCLE,1 km,0.0,0.0
Bengaluru City,Cubbonpark Traffic PS,1.04432e+16,2019,1,2,Road Accidents,Circle,City/Town,Open area,Human Error,Not Applicable,Grievous Injury,Vehicle to Vehicle,Controlled,Others,Others,Bitumen(Tar),Dry,Not Applicable,Fine,ags circle,AGS CIRCLE,2 km,0.0,0.0
Bengaluru City,Cubbonpark Traffic PS,1.04432e+16,2019,1,2,Road Accidents,Narrow road,City/Town,Open area,Human Error,Yes,Damage Only,Vehicle to Vehicle,Controlled,Straight and flat,Others,Bitumen(Tar),Dry,Not Applicable,Fine,M G Road,MG ROAD NEAR METRO STATION,2 km,0.0,0.0
Bengaluru City,Cubbonpark Traffic PS,1.04432e+16,2019,1,1,Road Accidents,Offset,City/Town,Open area,Human Error,Not Applicable,Fatal,Not Applicable,Controlled,Others,Others,Bitumen(Tar),Dry,Not Applicable,Fine,RAJBHAVANA ROAD,rajbhavan road,500MTR,0.0,0.0
Bengaluru City,Cubbonpark Traffic PS,1.04432e+16,2019,1,1,Road Accidents,Circle,City/Town,Open area,Human Error,No,Fatal,Hit pedestrian,Controlled,Others,Others,Bitumen(Tar),Dry,Not Applicable,Fine,BALEKUNDRI CERCLE,Balekundri circle,200MTR,0.0,0.0
Bengaluru City,Cubbonpark Traffic PS,1.04432e+16,2019,1,2,Road Accidents,Not Applicable,City/Town,Open area,Human Error,Yes,Simple Injury,Vehicle to Vehicle,Controlled,Others,Others,Bitumen(Tar),Dry,Not Applicable,Fine,KB ROAD,K B ROAD,2 km,0.0,0.0
Bengaluru City,Cubbonpark Traffic PS,1.04432e+16,2019,1,2,Not Applicable,Narrow road,City/Town,Open area,Human Error,No,Simple Injury,Vehicle to Vehicle,Controlled,Others,Others,Bitumen(Tar),Dry,Not Applicable,Others,palace road,palace road,2 km,0.0,0.0
Bengaluru City,Cubbonpark Traffic PS,1.04432e+16,2019,1,2,Road Accidents,Narrow road,City/Town,Open area,Human Error,Yes,Simple Injury,Vehicle to Vehicle,Controlled,Straight and flat,Others,Bitumen(Tar),Dry,Not Applicable,Fine,choudaiah road,chaoudaiah road,1km,0.0,0.0
Bengaluru City,Cubbonpark Traffic PS,1.04432e+16,2019,1,2,Road Accidents,Narrow road,City/Town,Open area,Human Error,Yes,Grievous Injury,Vehicle to Vehicle,Controlled,Straight and flat,Others,Bitumen(Tar),Dry,Not Applicable,Fine,levelley road,levelley road,2 km,0.0,0.0
Bengaluru City,Cubbonpark Traffic PS,1.04432e+16,2019,1,2,Road Accidents,Other,City/Town,Open area,Human Error,Yes,Grievous Injury,Others,Controlled,Straight and flat,Others,Bitumen(Tar),Dry,Not Applicable,Fine,coffe board cercle,near coffe board,1 km,12.983223,77.595884
Bengaluru City,Cubbonpark Traffic PS,1.04432e+16,2019,1,1,Road Accidents,Circle,City/Town,Open area,Human Error,No,Grievous Injury,Not Applicable,Controlled,Others,Others,Bitumen(Tar),Dry,Not Applicable,Others,queens circle,queens circle,1 km,0.0,0.0
Bengaluru City,Cubbonpark Traffic PS,1.04432e+16,2019,1,2,Road Accidents,Circle,City/Town,Open area,Human Error,Not Applicable,Grievous Injury,Vehicle to Vehicle,Controlled,Straight and flat,Others,Bitumen(Tar),Dry,Not Applicable,Fine,coffe board cercle,COFFEE BOARD CIRCLE,100mtr,12.983265,77.595789
Bengaluru City,Cubbonpark Traffic PS,1.04432e+16,2019,1,2,Road Accidents,Other,City/Town,Open area,Human Error,No,Fatal,Others,Controlled,Straight and flat,City or Town Road,Bitumen(Tar),Others,Not Applicable,Fine,INSIDE CUBBONPARK,INSIDE CUBBONPARK NEAR FISH CANTEEN,1 km,12.981828,77.59477
Bengaluru City,Cubbonpark Traffic PS,1.04432e+16,2019,1,2,Road Accidents,Circle,City/Town,Open area,Human Error,Yes,Grievous Injury,Vehicle to Vehicle,Controlled,Others,Others,Bitumen(Tar),Dry,Not Applicable,Fine,queens circle,queens circle,1 km,0.0,0.0
Bengaluru City,Cubbonpark Traffic PS,1.04432e+16,2019,1,2,Road Accidents,Circle,City/Town,Open area,Human Error,Yes,Grievous Injury,Vehicle to Vehicle,Controlled,Straight and flat,Others,Bitumen(Tar),Dry,Not Applicable,Fine,Anilkumble circle,anil kumble circle,2 km,0.0,0.0
Bengaluru City,Cubbonpark Traffic PS,1.04432e+16,2019,1,2,Road Accidents,Circle,City/Town,Open area,Human Error,Yes,Simple Injury,Vehicle to Vehicle,Controlled,Others,Others,Bitumen(Tar),Dry,Not Applicable,Fine,charch street,charch street,2 km,0.0,0.0
Bengaluru City,Cubbonpark Traffic PS,1.04432e+16,2019,1,1,Road Accidents,Other,City/Town,Open area,Human Error,No,Grievous Injury,Others,Controlled,Straight and flat,City or Town Road,Bitumen(Tar),Dry,Not Applicable,Fine,near lokayukta,ambedkar road near lokayukta,2 km,12.976599,77.58869
Bengaluru City,Cubbonpark Traffic PS,1.04432e+16,2019,1,1,Road Accidents,Circle,City/Town,Open area,Human Error,No,Grievous Injury,Hit pedestrian,Controlled,Straight and flat,Others,Bitumen(Tar),Dry,Not Applicable,Fine,inside cubbon park,INSIDE CUBBONPARK NEAR LIBRARY,1 km,0.0,0.0
Bengaluru City,Cubbonpark Traffic PS,1.04432e+16,2019,1,2,Road Accidents,Circle,City/Town,Open area,Human Error,Yes,Damage Only,Vehicle to Vehicle,Controlled,Others,Others,Bitumen(Tar),Dry,Not Applicable,Fine,KB ROAD,K B ROAD,1 km,12.976564,77.599324
Bengaluru City,Cubbonpark Traffic PS,1.04432e+16,2019,1,2,Road Accidents,Other,City/Town,Open area,Human Error,No,Grievous Injury,Others,Controlled,Straight and flat,City or Town Road,Bitumen(Tar),Dry,Not Applicable,Fine,BALEKUNDRI CERCLE,near Indian Express bulding,1 km,12.984314,77.597168
Bengaluru City,Cubbonpark Traffic PS,1.04432e+16,2019,1,1,Road Accidents,Other,City/Town,Open area,Human Error,No,Grievous Injury,Others,Controlled,Others,City or Town Road,Bitumen(Tar),Dry,Not Applicable,Others,PALACE ROAD,NEAR JAIN COLLEGE,2KM,0.0,0.0
Bengaluru City,Cubbonpark Traffic PS,1.04432e+16,2019,1,2,Road Accidents,Circle,City/Town,Open area,Human Error,No,Grievous Injury,Vehicle to Vehicle,Controlled,Others,Others,Bitumen(Tar),Dry,Not Applicable,Fine,Anilkumble circle,anil kumble circle,2 km,0.0,0.0
Bengaluru City,Cubbonpark Traffic PS,1.04432e+16,2020,1,2,Road Accidents,Narrow road,City/Town,Open area,Human Error,Yes,Simple Injury,Vehicle to Vehicle,Controlled,Others,Others,Bitumen(Tar),Others,Not Applicable,Others,INSIDE CUBBONPARK,cto circle,2 km,0.0,0.0
Bengaluru City,Cubbonpark Traffic PS,1.04432e+16,2020,1,2,Road Accidents,Narrow road,City/Town,Open area,Human Error,Yes,Grievous Injury,Vehicle to Vehicle,Controlled,Straight and flat,Others,Bitumen(Tar),Dry,Not Applicable,Fine,CUBBON PARK INSIDE  NEAR FISH CANTEEN,CUBBON PARK INSIDE,1km,0.0,0.0
Bengaluru City,Cubbonpark Traffic PS,1.04432e+16,2020,1,2,Road Accidents,Narrow road,City/Town,Near Petrol Pump,Human Error,Yes,Grievous Injury,Vehicle to Vehicle,Controlled,Straight and flat,Others,Bitumen(Tar),Dry,Not Applicable,Fine,"NEAR PETROL BUNK ,K B ROAD BENGALURE CITY",K B ROAD,2 km,0.0,0.0
Bengaluru City,Cubbonpark Traffic PS,1.04432e+16,2020,1,1,Not Applicable,Narrow road,City/Town,Open area,Human Error,Not Applicable,Damage Only,Not Applicable,Not at  Junction,Straight and flat,Others,Bitumen(Tar),Dry,Not Applicable,Fine,INSIDE CUBBONPARK,INSIDE CUBBONPARK,1 KM,12.973136,77.592604
Bengaluru City,Cubbonpark Traffic PS,1.04432e+16,2020,1,2,Road Accidents,Not Applicable,City/Town,Open area,Human Error,No,Grievous Injury,Vehicle to Vehicle,Controlled,Others,Others,Bitumen(Tar),Dry,Not Applicable,Others,KB ROAD,KB ROAD,2 km,0.0,0.0
Bengaluru City,Cubbonpark Traffic PS,1.04432e+16,2020,1,2,Road Accidents,Junction,City/Town,Open area,Human Error,No,Fatal,Vehicle to Vehicle,Uncontrolled,Others,Others,Bitumen(Tar),Dry,Not Applicable,Others,patta junction,PATTA JUNCTION,300MTR,0.0,0.0