DISTRICTNAME,UNITNAME,Crime_No,Year,RI,Noofvehicle_involved,Accident_Classification,Accident_Spot,Accident_Location,Accident_SubLocation,Main_Cause,Hit_Run,Severity,Collision_Type,Junction_Control,Road_Character,Road_Type,Surface_Type,Surface_Condition,Road_Condition,Weather,Accident_Road,Landmark_first,Distance_LandMark_First,Latitude,Longitude
Bengaluru City,Cubbonpark Traffic PS,1.04432e+16,2023,1,2,Road Accidents,Not Applicable,City/Town,Near Bus stop,Not Applicable,Not Applicable,Damage Only,Vehicle to Vehicle,Controlled,Straight and flat,Others,Bitumen(Tar),Dry,Not Applicable,Cloudy,M G Road,Near MG Road Merto station,3.km,12.974807,77.606616
Bengaluru City,Cubbonpark Traffic PS,1.04432e+16,2023,1,2,Road Accidents,Narrow road,City/Town,Near office complex,Not Applicable,Yes,Simple Injury,Vehicle to Vehicle,Not Applicable,Slight Curve,Not Applicable,Bitumen(Tar),Dry,Not Applicable,Not Applicable,FROM VIDHANA SOUDA TOWARDS M S BUILDING,FROM VIDHANA SOUDA TOWARDS M S BUILDING,2 Km,0.0,0.0
Bengaluru City,Cubbonpark Traffic PS,1.04432e+16,2023,1,2,Road Accidents,Junction,City/Town,Near Bus stop,Not Applicable,No,Fatal,Vehicle to Vehicle,Controlled,Straight and flat,One way,Bitumen(Tar),Dry,Not Applicable,Fine,Kastubaa Road Bengalore City,Kastubaa Road Bengalore City,3.5 km,0.0,0.0
Bengaluru City,Cubbonpark Traffic PS,1.04432e+16,2023,1,1,Not Applicable,Narrow road,City/Town,Near office complex,Human Error,No,Grievous Injury,Hit pedestrian,Not Applicable,Others,One way,Bitumen(Tar),Dry,Not Applicable,Clear,St Marks Road,St Marks Hotel,100 mt,0.0,0.0
Bengaluru City,Cubbonpark Traffic PS,1.04432e+16,2023,1,1,Not Applicable,Junction,City/Town,Near office complex,Human Error,No,Grievous Injury,Vehicle to Vehicle,Controlled,Curve,Others,Bitumen(Tar),Dry,Not Applicable,Clear,AGS Juction,AJS Juction,2 Km,0.0,0.0
Bengaluru City,Cubbonpark Traffic PS,1.04432e+16,2023,1,2,Road Accidents,Junction,City/Town,At pedestrian Crossing,Human Error,Yes,Grievous Injury,Vehicle to Vehicle,Controlled,Straight and flat,One way,Bitumen(Tar),Dry,No influence on accident,Fine,Infentory Road,coffe board junction,100 m,12.983154,77.595338
Bengaluru City,Cubbonpark Traffic PS,1.04432e+16,2023,1,2,Road Accidents,Narrow road,City/Town,Residential area,Human Error,Yes,Simple Injury,Vehicle to Vehicle,Not Applicable,Not Applicable,Residential Street,Bitumen(Tar),Dry,Not Applicable,Clear,Malay Road,1,5  mtr,0.0,0.0
Bengaluru City,Cubbonpark Traffic PS,1.04432e+16,2023,1,1,Not Applicable,Narrow road,City/Town,Near office complex,Human Error,No,Fatal,Vehicle to Vehicle,Not Applicable,Straight and flat,One way,Bitumen(Tar),Dry,Not Applicable,Clear,KASTURI BA ROAD,NEAR HP PETROL BUNK,5 MTR,0.0,0.0
Bengaluru City,Cubbonpark Traffic PS,1.04432e+16,2023,1,2,Road Accidents,Junction,City/Town,Open area,Human Error,No,Simple Injury,Vehicle to Vehicle,Controlled,Straight and flat,Others,Bitumen(Tar),Dry,Not Applicable,Fine,CID Junction,CID JUCTION,2 Km,0.0,0.0
Bengaluru City,Cubbonpark Traffic PS,1.04432e+16,2023,1,2,Road Accidents,Narrow road,City/Town,Open area,Human Error,No,Grievous Injury,Vehicle to Vehicle,Not Applicable,Not Applicable,Others,Bitumen(Tar),Dry,Not Applicable,Clear,Palace Road,Palace Road,2 km,0.0,0.0
Bengaluru City,Cubbonpark Traffic PS,1.04432e+16,2023,1,1,Not Applicable,Narrow road,City/Town,Near Petrol Pump,Human Error,Not Applicable,Simple Injury,Hit pedestrian,Controlled,Straight and flat,Others,Bitumen(Tar),Dry,Not Applicable,Clear,KASTURI BA ROAD,KASTURI BA ROAD,2 Km,0.0,0.0
Bengaluru City,Cubbonpark Traffic PS,1.04432e+16,2023,1,1,Road Accidents,Circle,City/Town,Residential area,Not Applicable,Yes,Simple Injury,Hit pedestrian,Not Applicable,Not Applicable,Others,Bitumen(Tar),Dry,Not Applicable,Not Applicable,Coffe day junction,Coffe day junction Lavelly Road,3.km,0.0,0.0
Bengaluru City,Cubbonpark Traffic PS,1.04432e+16,2023,1,2,Road Accidents,Not Applicable,City/Town,Near Bus stop,Not Applicable,Yes,Simple Injury,Vehicle to Vehicle,Not Applicable,Not Applicable,Not Applicable,Bitumen(Tar),Dry,Not Applicable,Not Applicable,Aliaskar Road,Aliaskar Road,1.5km,0.0,0.0
Bengaluru City,Cubbonpark Traffic PS,1.04432e+16,2023,1,2,Road Accidents,Junction,City/Town,Near office complex,Not Applicable,No,Damage Only,Vehicle to Vehicle,Controlled,Curve,Two way,Bitumen(Tar),Dry,Not Applicable,Fine,Ambedakra Veedi,Gopal gowda junction,3km,12.977788,77.590767
Bengaluru City,Cubbonpark Traffic PS,1.04432e+16,2023,1,2,Road Accidents,Cross roads,Rural Areas,At pedestrian Crossing,Not Applicable,No,Simple Injury,Vehicle to Vehicle,Not Applicable,Curve,One way,Bitumen(Tar),Dry,Not Applicable,Not Applicable,Infentory Road,Near IAS Officers association,1 km,12.984538,77.593038
Bengaluru City,Cubbonpark Traffic PS,1.04432e+16,2023,1,2,Road Accidents,Not Applicable,City/Town,Near Bus stop,Not Applicable,No,Simple Injury,Vehicle to Vehicle,Not Applicable,Not Applicable,One way,Bitumen(Tar),Dry,Not Applicable,Not Applicable,M G Road,anill kumble,3.km,0.0,0.0
Bengaluru City,Cubbonpark Traffic PS,1.04432e+16,2023,1,2,Road Accidents,Circle,City/Town,Near office complex,Human Error,Yes,Grievous Injury,Vehicle to Vehicle,Controlled,Others,Others,Bitumen(Tar),Dry,Not Applicable,Clear,Devaraj Aras Road,Vidhanasowdha,2 Km,0.0,0.0
Bengaluru City,Cubbonpark Traffic PS,1.04432e+16,2023,1,1,Road Accidents,Cross roads,City/Town,Near Bus stop,Human Error,Yes,Simple Injury,Hit pedestrian,Controlled,Straight and flat,One way,Bitumen(Tar),Dry,Not Applicable,Fine,M G Road,M G Road,2.3km,0.0,0.0
Bengaluru City,Cubbonpark Traffic PS,1.04432e+16,2023,1,2,Road Accidents,Cross roads,City/Town,At pedestrian Crossing,Human Error,No,Damage Only,Vehicle to Vehicle,Not Applicable,Straight and flat,Two way,Bitumen(Tar),Dry,No influence on accident,Clear,Ambedakra Veedi road,Vidhansowda 4th gate,1 km,12.97971,77.592533
Bengaluru City,Cubbonpark Traffic PS,1.04432e+16,2023,1,1,Not Applicable,Narrow road,City/Town,Near office complex,Human Error,No,Simple Injury,Hit pedestrian,Uncontrolled,Straight and flat,Others,Bitumen(Tar),Dry,Not Applicable,Clear,KASTURI BA ROAD,KASTURI BA ROAD,2 Km,0.0,0.0
Bengaluru City,Cubbonpark Traffic PS,1.04432e+16,2023,1,3,Not Applicable,Narrow road,City/Town,Open area,Human Error,No,Damage Only,Vehicle to Vehicle,No signal lights,Straight and flat,Others,Bitumen(Tar),Dry,Not Applicable,Light Rain,Ambedakra Veedi,GPO Circle,1 Km,0.0,0.0
Bengaluru City,Cubbonpark Traffic PS,1.04432e+16,2023,1,2,Not Applicable,Not Applicable,City/Town,Near Hospital,Not Applicable,Not Applicable,Fatal,Not Applicable,Not Applicable,Not Applicable,Service Road,Bitumen(Tar),Dry,Not Applicable,Not Applicable,Vittal malya Road,Vittal malya Road,2.5km,0.0,0.0
Bengaluru City,Cubbonpark Traffic PS,1.04432e+16,2023,1,1,Not Applicable,Narrow road,City/Town,Near Petrol Pump,Human Error,No,Grievous Injury,Hit pedestrian,Uncontrolled,Others,Not Applicable,Concrete,Dry,Not Applicable,Others,STMARKS ROAD,STMARKS ROAD,3.km,0.0,0.0
Bengaluru City,Cubbonpark Traffic PS,1.04432e+16,2023,1,2,Road Accidents,Junction,City/Town,Near Bus stop,Human Error,Yes,Damage Only,Vehicle to Vehicle,Signals (Working),Straight and flat,Two way,Bitumen(Tar),Dry,No influence on accident,Fine,Ambedkar veedi  road,Ambedkar veedi road,1.5,12.981899,77.594719
Bengaluru City,Cubbonpark Traffic PS,1.04432e+16,2023,1,1,Not Applicable,Narrow road,City/Town,Near office complex,Not Applicable,No,Grievous Injury,Hit pedestrian,Controlled,Straight and flat,Others,Bitumen(Tar),Dry,Not Applicable,Clear,Rajhbhavabna Road,Near all India Radio Station,2 Km,0.0,0.0
Bengaluru City,Cubbonpark Traffic PS,1.04432e+16,2023,1,2,Road Accidents,Not Applicable,City/Town,Near Bus stop,Not Applicable,No,Grievous Injury,Vehicle to Vehicle,Not Applicable,Not Applicable,Not Applicable,Bitumen(Tar),Dry,Drainage Ditch,Not Applicable,Lavelley Road,Lavelley Road,2 Km,12.982608,77.595996
Bengaluru City,Cubbonpark Traffic PS,1.04432e+16,2023,1,1,Road Accidents,Junction,City/Town,Near Bus stop,Not Applicable,Yes,Simple Injury,Hit pedestrian,Controlled,Straight and flat,Not Applicable,Bitumen(Tar),Dry,Not Applicable,Not Applicable,Balekundri circle,Queens Road Balekundri Circle,500mtr,0.0,0.0
Bengaluru City,Cubbonpark Traffic PS,1.04432e+16,2023,1,2,Road Accidents,Narrow road,City/Town,At pedestrian Crossing,Human Error,No,Simple Injury,Vehicle to Vehicle,Controlled,Straight and flat,One way,Bitumen(Tar),Dry,Not Applicable,Clear,Infentory Road,Infentory Road,1 km,12.982701,77.597157
Bengaluru City,Cubbonpark Traffic PS,1.04432e+16,2023,1,2,Road Accidents,Junction,City/Town,Near Bus stop,Not Applicable,No,Simple Injury,Hit bicyclist,Controlled,Straight and flat,One way,Bitumen(Tar),Dry,Not Applicable,Fine,Ambedkar veedi  road,Ambedkar road,1.5km,12.981866,77.594571
Bengaluru City,Cubbonpark Traffic PS,1.04432e+16,2023,1,2,Road Accidents,Cross roads,City/Town,At pedestrian Crossing,Human Error,No,Damage Only,Vehicle to Vehicle,Not at  Junction,Slight Curve,One way,Bitumen(Tar),Dry,No influence on accident,Fine,Cubbonpark road,Central Library,2.5km,12.975177,77.590312
Bengaluru City,Cubbonpark Traffic PS,1.04432e+16,2023,1,3,Road Accidents,Narrow road,City/Town,Near office complex,Human Error,No,Damage Only,Vehicle to Vehicle,Controlled,Straight and flat,One way,Bitumen(Tar),Dry,Not Applicable,Clear,Infentry Road,Coffe Bord Junction,1 Km,0.0,0.0
Bengaluru City,Cubbonpark Traffic PS,1.04432e+16,2023,1,1,Road Accidents,Cross roads,City/Town,Near Bus stop,Not Applicable,No,Simple Injury,Hit pedestrian,Not Applicable,Straight and flat,Not Applicable,Bitumen(Tar),Dry,Not Applicable,Not Applicable,posite Cubbon park acquarium gate,posite Cubbon park acquarium gate,1 Km,0.0,0.0
Bengaluru City,Cubbonpark Traffic PS,1.04432e+16,2023,1,2,Road Accidents,Junction,City/Town,Near Bus stop,Not Applicable,Yes,Damage Only,Vehicle to Vehicle,Controlled,Straight and flat,Others,Bitumen(Tar),Dry,Not Applicable,Clear,M G Road,MG Road,2km,12.983827,77.596287
Bengaluru City,Cubbonpark Traffic PS,1.04432e+16,2023,1,2,Road Accidents,Circle,City/Town,At pedestrian Crossing,Not Applicable,No,Damage Only,Vehicle to Vehicle,Controlled,Straight and flat,Others,Bitumen(Tar),Not Applicable,Not Applicable,Clear,Queens Road.,CTO Junction,300mtr,12.980909,77.59747
Bengaluru City,Cubbonpark Traffic PS,1.04432e+16,2023,1,2,Not Applicable,Junction,City/Town,Near Bus stop,Not Applicable,No,Simple Injury,Vehicle to Vehicle,Controlled,Straight and flat,Two way,Bitumen(Tar),Dry,Not Applicable,Fine,SIDHALINGAIA JUNCTION,SIDHALINGAIAH JUNCTION,1.2KM,0.0,0.0
Bengaluru City,Cubbonpark Traffic PS,1.04432e+16,2023,1,2,Road Accidents,Not Applicable,City/Town,At pedestrian Crossing,Not Applicable,No,Damage Only,Not Applicable,Not Applicable,Straight and flat,Others,Bitumen(Tar),Dry,Not Applicable,Cloudy,St Marks Road,St Marks Road,3.5 km,12.972801,77.599851
Bengaluru City,Cubbonpark Traffic PS,1.04432e+16,2023,1,2,Road Accidents,Junction,City/Town,Near Bus stop,Human Error,Yes,Damage Only,Vehicle to Vehicle,Controlled,Straight and flat,One way,Bitumen(Tar),Dry,No influence on accident,Fine,Ambedkar veedi  road,Ambedkar veedi road,1.2km,12.982644,77.595903
Bengaluru City,Cubbonpark Traffic PS,1.04432e+16,2023,1,2,Road Accidents,Curves,City/Town,Near Bus stop,Not Applicable,Yes,Damage Only,Vehicle to Vehicle,Not Applicable,Curve,One way,Bitumen(Tar),Dry,Not Applicable,Not Applicable,Near Maharani college gate,Near Maharani college gate,3.km,0.0,0.0
Bengaluru City,Cubbonpark Traffic PS,1.04432e+16,2023,1,2,Not Applicable,Narrow road,City/Town,Open area,Human Error,No,Damage Only,Vehicle to Vehicle,Controlled,Straight and flat,One way,Bitumen(Tar),Dry,Not Applicable,Clear,Rajbhavana Road,Near GPO Office,500 mt,0.0,0.0
Bengaluru City,Cubbonpark Traffic PS,1.04432e+16,2023,1,2,Road Accidents,Junction,City/Town,Near Bus stop,Not Applicable,No,Grievous Injury,Vehicle to Vehicle,Signals (Working),Straight and flat,Not Applicable,Bitumen(Tar),Dry,Not Applicable,Not Applicable,Balekundri circle,Balekundri circle,1 Km,0.0,0.0
Bengaluru City,Cubbonpark Traffic PS,1.04432e+16,2023,1,2,Road Accidents,Junction,City/Town,Near Bus stop,Not Applicable,No,Damage Only,Vehicle to Vehicle,Controlled,Straight and flat,One way,Bitumen(Tar),Dry,Not Applicable,Not Applicable,M G Road,Cauvery Emporium MG ROAD,2 Km,0.0,0.0
Bengaluru City,Cubbonpark Traffic PS,1.04432e+16,2023,1,2,Road Accidents,Narrow road,City/Town,Near Bus stop,Not Applicable,No,Simple Injury,Vehicle to Vehicle,Not Applicable,Straight and flat,Others,Bitumen(Tar),Dry,Not Applicable,Not Applicable,STMARKS ROAD,STMARKS ROAD,2 Km,0.0,0.0
Bengaluru City,Cubbonpark Traffic PS,1.04432e+16,2023,1,2,Road Accidents,Junction,City/Town,At pedestrian Crossing,Vehicle Defect,No,Damage Only,Vehicle to Vehicle,Controlled,Straight and flat,One way,Bitumen(Tar),Dry,Not Applicable,Not Applicable,Rajbhava Road,Police Thimaiah Junction,300 mt,12.97449,77.601768
Bengaluru City,Cubbonpark Traffic PS,1.04432e+16,2023,1,2,Road Accidents,Narrow road,City/Town,Near Bus stop,Not Applicable,No,Damage Only,Vehicle to Vehicle,Not Applicable,Straight and flat,Not Applicable,Bitumen(Tar),Dry,Not Applicable,Not Applicable,Devaraj Urs Road,AGS Junction Devaraj Urs Road,3km,0.0,0.0
Bengaluru City,Cubbonpark Traffic PS,1.04432e+16,2023,1,1,Road Accidents,Cross roads,City/Town,Near office complex,Not Applicable,No,Damage Only,Not Applicable,Not Applicable,Slight Curve,Others,Bitumen(Tar),Dry,Not Applicable,Fine,Chowdaya Road near Rajbhavan junction,Chowdaya Road near Rajbhavan junction,3km,0.0,0.0
Bengaluru City,Cubbonpark Traffic PS,1.04432e+16,2023,1,2,Road Accidents,Junction,City/Town,Near office complex,Human Error,No,Grievous Injury,Vehicle to Vehicle,Stop sign,Others,Others,Bitumen(Tar),Dry,Not Applicable,Others,anill kumble,tara road,3.km,0.0,0.0
Bengaluru City,Cubbonpark Traffic PS,1.04432e+16,2023,1,2,Not Applicable,Narrow road,City/Town,Open area,Human Error,Yes,Grievous Injury,Vehicle to Vehicle,Controlled,Straight and flat,Others,Bitumen(Tar),Dry,Not Applicable,Fine,St Marks Road,St Marks Road,2 Km,0.0,0.0
Bengaluru City,Cubbonpark Traffic PS,1.04432e+16,2023,1,2,Road Accidents,Circle,City/Town,Near Bus stop,Not Applicable,Yes,Simple Injury,Vehicle to Vehicle,Not Applicable,Not Applicable,Others,Bitumen(Tar),Dry,Not Applicable,Not Applicable,indian express circle junction,indian express circle junction,500 mt,0.0,0.0
Bengaluru City,Cubbonpark Traffic PS,1.04432e+16,2023,1,2,Road Accidents,Not Applicable,City/Town,Near Hospital,Not Applicable,Yes,Simple Injury,Vehicle to Vehicle,Signals (Working),Not Applicable,One way,Bitumen(Tar),Dry,Not Applicable,Not Applicable,anill kumble,anill kumble circle,3km,0.0,0.0
Bengaluru City,Cubbonpark Traffic PS,1.04432e+16,2023,1,1,Road Accidents,Circle,City/Town,Near Bus stop,Not Applicable,Not Applicable,Grievous Injury,Vehicle to Vehicle,Controlled,Not Applicable,Not Applicable,Bitumen(Tar),Dry,Not Applicable,Not Applicable,"Near NGO Gate, Ambedkar veedhi Road, Bengaluru",Near NGO Gate,2.2km,0.0,0.0
Bengaluru City,Cubbonpark Traffic PS,1.04432e+16,2023,1,2,Road Accidents,Junction,City/Town,At pedestrian Crossing,Not Applicable,Yes,Simple Injury,Vehicle to Vehicle,Controlled,Straight and flat,Others,Bitumen(Tar),Dry,Not Applicable,Clear,Rajabhavana Road,RAJABHANA JUNCTION,500mtr,12.982039,77.595107
Bengaluru City,Cubbonpark Traffic PS,1.04432e+16,2023,1,2,Road Accidents,Junction,City/Town,At pedestrian Crossing,Human Error,No,Simple Injury,Vehicle to Vehicle,Controlled,Others,Two way,Bitumen(Tar),Dry,No influence on accident,Fine,M G Road,anill kumble circle,1.5km,12.976681,77.601768
Bengaluru City,Devanahalli Traffic PS,1.04432e+16,2016,1,1,Road Accidents,Junction,City/Town,Near or inside a village,Human Error,Not Applicable,Fatal,Others,Signal lights Blinking,Hump,NH,Bitumen(Tar),Dry,Not Applicable,Fine,BB ROAD NEAR KOTE CROSS,NEAR 25MTS NO PARKING BORD,3KM,0.0,0.0
Bengaluru City,Devanahalli Traffic PS,1.04432e+16,2016,1,2,Road Accidents,Junction,Not Applicable,Open area,Human Error,Not Applicable,Grievous Injury,Others,Signal lights Blinking,Not Applicable,NH,Bitumen(Tar),Dry,Not Applicable,Clear,BB ROAD NEAR RANI CROSS,NORTH 35 KM IN DIVIDER,1KM,0.0,0.0
Bengaluru City,Devanahalli Traffic PS,1.04432e+16,2016,1,2,Road Accidents,Other,Rural Areas,Near or inside a village,Not Applicable,Not Applicable,Grievous Injury,Others,Not Applicable,Straight and flat,NH,Bitumen(Tar),Dry,Not Applicable,Fine,NH 207,1,03 KM,0.0,0.0
Bengaluru City,Devanahalli Traffic PS,1.04432e+16,2016,1,2,Road Accidents,Narrow road,City/Town,Near or inside a village,Human Error,No,Grievous Injury,Hit pedal cyclist,Not at  Junction,Not Applicable,Village Road,Bitumen(Tar),Dry,Drainage Ditch,Fine,GOGARE,GOGARE,2,0.0,0.0
Bengaluru City,Devanahalli Traffic PS,1.04432e+16,2016,1,1,Road Accidents,Narrow road,City/Town,Residential area,Human Error,Yes,Fatal,Hit and Run,Not at  Junction,Not Applicable,NH,Bitumen(Tar),Dry,Not Applicable,Fine,BB ROAD,BB ROAD,6,0.0,0.0
Bengaluru City,Devanahalli Traffic PS,1.04432e+16,2016,1,3,Road Accidents,Narrow road,City/Town,Near Bus stop,Human Error,Not Applicable,Grievous Injury,Others,Not Applicable,Not Applicable,State Highway,Not Applicable,Dry,Not Applicable,Fine,VIJAYAPURA   ROAD,VIJAYAPURA           ROAD,2KM,0.0,0.0
Bengaluru City,Devanahalli Traffic PS,1.04432e+16,2016,1,2,Road Accidents,Narrow road,City/Town,Near or inside a village,Human Error,No,Grievous Injury,Hit puchcart,No signal lights,Not Applicable,City or Town Road,Bitumen(Tar),Dry,Not Applicable,Fine,BHACHALLI GETE,BHACHALLI GETE,12,0.0,0.0
Bengaluru City,Devanahalli Traffic PS,1.04432e+16,2016,1,2,Road Accidents,Circle,Rural Areas,Near or inside a village,Human Error,Not Applicable,Damage Only,Others,Police / Manual,Not Applicable,Others,Bitumen(Tar),Others,Not Applicable,Fine,NEAR UBAR PARKING -6,TREE,32,0.0,0.0
Bengaluru City,Devanahalli Traffic PS,1.04432e+16,2016,1,1,Road Accidents,Narrow road,City/Town,Near Bus stop,Human Error,No,Grievous Injury,Overturning,Not Applicable,Not Applicable,State Highway,Bitumen(Tar),Dry,Not Applicable,Fine,hanumantanagara,BILISIVALE,26KM,0.0,0.0
Bengaluru City,Devanahalli Traffic PS,1.04432e+16,2016,1,1,Road Accidents,Circle,City/Town,Near or inside a village,Not Applicable,Yes,Grievous Injury,Hit and Run,No signal lights,Not Applicable,NH,Bitumen(Tar),Dry,Not Applicable,Fine,CHIKKASANNE GETE,CHIKKASANNE GETE,6 KM,0.0,0.0
Bengaluru City,Devanahalli Traffic PS,1.04432e+16,2016,1,2,Road Accidents,Junction,City/Town,Near School or College,Human Error,Not Applicable,Fatal,Run Off Road,No signal lights,Curve and Incline,State Highway,Bitumen(Tar),Dry,Not Applicable,Fine,IVC ROAD,IVC ROAD,2KM,0.0,0.0
Bengaluru City,Devanahalli Traffic PS,1.04432e+16,2016,1,2,Road Accidents,Junction,City/Town,Near Bus stop,Human Error,Not Applicable,Fatal,Right Turn Collision,No signal lights,Others,NH,Bitumen(Tar),Dry,Not Applicable,Fine,KANNAMNGALA GETE,KANNAMNGALA GETE,8km,0.0,0.0
Bengaluru City,Devanahalli Traffic PS,1.04432e+16,2016,1,2,Road Accidents,Narrow road,City/Town,Near office complex,Human Error,No,Simple Injury,Hit puchcart,Not at  Junction,Not Applicable,Sub Arterial,Bitumen(Tar),Dry,No influence on accident,Fine,DODDAGUBBI,DODDAGUBBI,15,0.0,0.0
Bengaluru City,Devanahalli Traffic PS,1.04432e+16,2016,1,2,Road Accidents,Other,Rural Areas,Near Bus stop,Human Error,No,Damage Only,Others,Signal lights Blinking,Straight and flat,NH,Bitumen(Tar),Dry,Not Applicable,Fine,B B ROAD NH 7,1,10 KM,0.0,0.0
Bengaluru City,Devanahalli Traffic PS,1.04432e+16,2016,1,1,Road Accidents,Other,City/Town,Open area,Human Error,Not Applicable,Grievous Injury,Others,Not Applicable,Others,NH,Bitumen(Tar),Dry,Not Applicable,Fine,BB ROAD NEAR SAI BABA TEMPLE,EAST 45MTS POWER POLL,4KM,0.0,0.0
Bengaluru City,Devanahalli Traffic PS,1.04432e+16,2016,1,2,Road Accidents,Narrow road,City/Town,Affected by encroachments,Human Error,Yes,Simple Injury,Hit and Run,Not Applicable,Not Applicable,Arterial,Bitumen(Tar),Dry,Not Applicable,Fine,AIRPORT ROAD,AIRPORT ROAD,12,0.0,0.0
Bengaluru City,Devanahalli Traffic PS,1.04432e+16,2016,1,2,Road Accidents,Narrow road,City/Town,Residential area,Human Error,Yes,Fatal,Hit and Run,Not at  Junction,Not Applicable,NH,Bitumen(Tar),Dry,Not Applicable,Fine,SULIBELE ROAD,NEAR BR GED ARCHED,6,0.0,0.0
Bengaluru City,Devanahalli Traffic PS,1.04432e+16,2016,1,2,Road Accidents,Not Applicable,Rural Areas,Near Bus stop,Not Applicable,Not Applicable,Fatal,Others,Not Applicable,Others,State Highway,Bitumen(Tar),Dry,Not Applicable,Fine,DEVANAHALLI-BUDIGERE ROAD NEAR AGALAKOTE BUS STOP,TAR ROAD EDZ END 8 YARD,6KM,0.0,0.0
Bengaluru City,Devanahalli Traffic PS,1.04432e+16,2016,1,2,Road Accidents,Other,City/Town,Open area,Human Error,No,Grievous Injury,Others,Not Applicable,Straight and flat,NH,Bitumen(Tar),Dry,Not Applicable,Fine,B B ROAD,1,01 KM,0.0,0.0
Bengaluru City,Devanahalli Traffic PS,1.04432e+16,2016,1,3,Road Accidents,Other,City/Town,Near School or College,Human Error,Yes,Grievous Injury,Others,Not Applicable,Straight and flat,NH,Bitumen(Tar),Dry,Not Applicable,Fine,NH 207,1,1 KM,0.0,0.0
Bengaluru City,Devanahalli Traffic PS,1.04432e+16,2016,1,2,Road Accidents,Junction,City/Town,Open area,Human Error,Not Applicable,Grievous Injury,Others,Not Applicable,Not Applicable,State Highway,Bitumen(Tar),Dry,Not Applicable,Clear,HENNUR MAIN ROAD NEAR.K NARAYANAPUR CROSS,NORTH BAGALURU MAIN ROAD,35,0.0,0.0
Bengaluru City,Devanahalli Traffic PS,1.04432e+16,2016,1,2,Road Accidents,Narrow road,City/Town,Affected by encroachments,Human Error,No,Simple Injury,Not Applicable,No signal lights,Not Applicable,City or Town Road,Bitumen(Tar),Not Applicable,No influence on accident,Fine,NEAR KOTTANURU POLICE STATION,TREE,20 KM,0.0,0.0
Bengaluru City,Devanahalli Traffic PS,1.04432e+16,2016,1,1,Road Accidents,Y Junction,City/Town,Affected by encroachments,Not Applicable,No,Fatal,Others,Controlled,Incline,NH,Bitumen(Tar),Dry,Construction Work / Material,Fine,B B ROAD,1,1,0.0,0.0
Bengaluru City,Devanahalli Traffic PS,1.04432e+16,2016,1,2,Road Accidents,Other,City/Town,Narrow bridge or culverts,Vehicle Defect,Yes,Grievous Injury,Others,Police / Manual,Curve,City or Town Road,Bitumen(Tar),Dry,Pot holed,Fine,byrathi bilishivale,1,35,0.0,0.0
Bengaluru City,Devanahalli Traffic PS,1.04432e+16,2016,1,1,Road Accidents,Other,City/Town,Near School or College,Human Error,Not Applicable,Grievous Injury,Hit pedestrian,Not Applicable,Not Applicable,State Highway,Bitumen(Tar),Dry,Not Applicable,Fine,HOSKOTE-DEVANAHALLI ROAD,NEAR RURAL GOV PU COLLAGE,1KM,0.0,0.0
Bengaluru City,Devanahalli Traffic PS,1.04432e+16,2016,1,2,Road Accidents,Junction,City/Town,Near office complex,Human Error,No,Grievous Injury,Others,Signal lights Blinking,Straight and flat,NH,Bitumen(Tar),Dry,Pot holed,Fine,B B ROAD,1,1,0.0,0.0
Bengaluru City,Devanahalli Traffic PS,1.04432e+16,2016,1,2,Road Accidents,Junction,City/Town,Near Bus stop,Human Error,No,Grievous Injury,Others,Signal lights Automatic,Straight and flat,NH,Bitumen(Tar),Dry,Not Applicable,Fine,B B ROAD,1,01 KM,0.0,0.0
Bengaluru City,Devanahalli Traffic PS,1.04432e+16,2016,1,2,Road Accidents,Other,Not Applicable,Near office complex,Human Error,No,Damage Only,Others,Not Applicable,Curve,Two way,Bitumen(Tar),Dry,Pot holed,Fine,BIA MAIN ROAD,1,12 KM,0.0,0.0
Bengaluru City,Devanahalli Traffic PS,1.04432e+16,2016,1,2,Road Accidents,Cross roads,City/Town,Near Bus stop,Human Error,No,Simple Injury,Run Off Road,No signal lights,Sharp Curve,NH,Bitumen(Tar),Dry,Not Applicable,Fine,KANNAMANGALA GETE,KANNAMANGALA GETE,12,0.0,0.0
Bengaluru City,Devanahalli Traffic PS,1.04432e+16,2016,1,3,Road Accidents,Other,Rural Areas,Residential area,Not Applicable,No,Damage Only,Others,Controlled,Not Applicable,NH,Bitumen(Tar),Dry,Not Applicable,Others,BB ROAD NEAR KANNAMANGAL GATENH 7,1,6,0.0,0.0
Bengaluru City,Devanahalli Traffic PS,1.04432e+16,2016,1,1,Road Accidents,Not Applicable,City/Town,Residential area,Not Applicable,Yes,Grievous Injury,Hit and Run,Not Applicable,Curve and Incline,Residential Street,Concrete,Not Applicable,Not Applicable,Fine,AGASAR BIDI,1,1,0.0,0.0
Bengaluru City,Devanahalli Traffic PS,1.04432e+16,2016,1,2,Road Accidents,Other,Rural Areas,Residential area,Human Error,No,Grievous Injury,Others,Not Applicable,Straight and flat,Village Road,Bitumen(Tar),Dry,Not Applicable,Fine,DODDAGUBBI-BILISHIVALE ROAD,1,35 KM,0.0,0.0
Bengaluru City,Devanahalli Traffic PS,1.04432e+16,2016,1,2,Road Accidents,Not Applicable,Rural Areas,Open area,Human Error,Not Applicable,Grievous Injury,Others,Not Applicable,Others,Residential Street,Bitumen(Tar),Dry,Not Applicable,Clear,SADAHALLI ROAD NEAR JED GORDEN,SOUTH JED GORDEN,10KM,0.0,0.0