DISTRICTNAME,UNITNAME,Crime_No,Year,RI,Noofvehicle_involved,Accident_Classification,Accident_Spot,Accident_Location,Accident_SubLocation,Main_Cause,Hit_Run,Severity,Collision_Type,Junction_Control,Road_Character,Road_Type,Surface_Type,Surface_Condition,Road_Condition,Weather,Accident_Road,Landmark_first,Distance_LandMark_First,Latitude,Longitude
Bengaluru City,Devanahalli Traffic PS,1.04432e+16,2017,1,1,Road Accidents,Other,City/Town,Open area,Human Error,No,Fatal,Hit pedestrian,Uncontrolled,Not Applicable,NH,Bitumen(Tar),Dry,Not Applicable,Clear,"BB ROAD, NEAR MAYURA DABA",IRAN GRILS,18,0.0,0.0
Bengaluru City,Devanahalli Traffic PS,1.04432e+16,2017,1,2,Road Accidents,Circle,City/Town,Open area,Human Error,Not Applicable,Damage Only,Others,Not Applicable,Not Applicable,Expressway,Bitumen(Tar),Dry,Not Applicable,Fine,KIALAIRPORT 1ST CIRCLE,1ST CIRCLE,12KM,13.19807328,77.68006146
Bengaluru City,Devanahalli Traffic PS,1.04432e+16,2017,1,2,Road Accidents,Circle,Not Applicable,Open area,Human Error,No,Damage Only,Others,Not Applicable,Not Applicable,Expressway,Bitumen(Tar),Dry,Not Applicable,Fine,NEAR TOWER CIRCLE,NEAR AIRPORT ATC,12KM,13.19848065,77.70973742
Bengaluru City,Devanahalli Traffic PS,1.04432e+16,2017,1,2,Road Accidents,Narrow road,City/Town,Residential area,Human Error,Yes,Damage Only,Hit and Run,Not Applicable,Not Applicable,Service Road,Bitumen(Tar),Dry,Not Applicable,Fine,NARAYANAPURA,KOTTANUR,28,0.0,0.0
Bengaluru City,Devanahalli Traffic PS,1.04432e+16,2017,1,2,Road Accidents,Narrow road,Not Applicable,Near or inside a village,Not Applicable,Yes,Simple Injury,Hit and Run,Not Applicable,Not Applicable,NH,Bitumen(Tar),Dry,Not Applicable,Fine,BB Road,Center meedian,12,0.0,0.0
Bengaluru City,Devanahalli Traffic PS,1.04432e+16,2017,1,1,Road Accidents,Narrow road,City/Town,At pedestrian Crossing,Vehicle Defect,Yes,Simple Injury,Hit pedestrian,No signal lights,Not Applicable,NH,Not Applicable,Not Applicable,No influence on accident,Fine,"B B ROAD, TOLLAPLAZA",DEVANAHALLI,5 KM,13.193689,77.649658
Bengaluru City,Devanahalli Traffic PS,1.04432e+16,2017,1,2,Road Accidents,Other,Rural Areas,Residential area,Human Error,No,Simple Injury,Others,Not at  Junction,Straight and flat,NH,Bitumen(Tar),Dry,Not Applicable,Fine,BB ROAD NEAR KANNAMANGAL GATE,1,06 KM,0.0,0.0
Bengaluru City,Devanahalli Traffic PS,1.04432e+16,2017,1,1,Road Accidents,Narrow road,City/Town,Near or inside a village,Human Error,Yes,Fatal,Hit and Run,No signal lights,Others,NH,Bitumen(Tar),Dry,Not Applicable,Fine,CHIKKASANNE GETE,CHIKKASANNE GETE,8KM,0.0,0.0
Bengaluru City,Devanahalli Traffic PS,1.04432e+16,2017,1,2,Not Applicable,Junction,City/Town,Near office complex,Human Error,No,Damage Only,Others,Not Applicable,Others,Sub Arterial,Not Applicable,Dry,Not Applicable,Fine,AIRPORT PARKING AIRA,AIRPORT PARKING AIRA,19,0.0,0.0
Bengaluru City,Devanahalli Traffic PS,1.04432e+16,2017,1,2,Road Accidents,Other,City/Town,Residential area,Human Error,No,Simple Injury,Others,Not Applicable,Straight and flat,City or Town Road,Bitumen(Tar),Dry,Not Applicable,Fine,NARAYANAPUR MAIN ROAD,1,35 KM,0.0,0.0
Bengaluru City,Devanahalli Traffic PS,1.04432e+16,2017,1,2,Road Accidents,Junction,City/Town,Open area,Human Error,No,Damage Only,Overturning,Police / Manual,Not Applicable,NH,Bitumen(Tar),Dry,Not Applicable,Fine,"BB ROAD, KANNAMANGALAPALYAGATE",IRON GRILS,45FT,0.0,0.0
Bengaluru City,Devanahalli Traffic PS,1.04432e+16,2017,1,1,Road Accidents,Other,City/Town,At pedestrian Crossing,Human Error,Yes,Fatal,Hit pedestrian,Not Applicable,Straight and flat,City or Town Road,Bitumen(Tar),Dry,Not Applicable,Others,BB Road,Near light pole,35,13.241716,77.713731
Bengaluru City,Devanahalli Traffic PS,1.04432e+16,2017,1,2,Road Accidents,Other,City/Town,Near or inside a village,Human Error,Yes,Grievous Injury,Hit and Run,No signal lights,Others,Service Road,Bitumen(Tar),Dry,Not Applicable,Fine,NEAR SUJAYA FEEDS,NEAR SUJAYA FEEDS,2KM,13.24471559,77.71320149
Bengaluru City,Devanahalli Traffic PS,1.04432e+16,2017,1,1,Road Accidents,Cross roads,City/Town,Open area,Human Error,Yes,Grievous Injury,Hit and Run,Not Applicable,Not Applicable,NH,Bitumen(Tar),Not Applicable,Not Applicable,Fine,NEAR HERANANDHANI APRTMENT,HERANANDHANI APRTMENT,01 KM,13.2298289,77.702282
Bengaluru City,Devanahalli Traffic PS,1.04432e+16,2017,1,1,Road Accidents,Other,City/Town,Open area,Human Error,Yes,Fatal,Hit pedestrian,Uncontrolled,Not Applicable,NH,Bitumen(Tar),Dry,Not Applicable,Clear,BB ROAD HIRANDANI APPARTMNET,1,14 FT,0.0,0.0
Bengaluru City,Devanahalli Traffic PS,1.04432e+16,2017,1,1,Road Accidents,Other,City/Town,Open area,Human Error,Not Applicable,Simple Injury,Others,No signal lights,Not Applicable,State Highway,Not Applicable,Dry,Not Applicable,Fine,BYCHAPURA ROAD,BYCHAPURA ROAD,6,0.0,0.0
Bengaluru City,Devanahalli Traffic PS,1.04432e+16,2017,1,1,Road Accidents,Other,City/Town,Open area,Human Error,No,Simple Injury,Skidding or Self accident,Not at  Junction,Not Applicable,NH,Bitumen(Tar),Dry,Not Applicable,Clear,BB ROAD DB PURA JUNCTION,MEDIAN,21FT,0.0,0.0
Bengaluru City,Devanahalli Traffic PS,1.04432e+16,2017,1,5,Road Accidents,Other,City/Town,Narrow bridge or culverts,Human Error,Not Applicable,Damage Only,Overturning,No signal lights,Others,State Highway,Not Applicable,Dry,Not Applicable,Fine,airportroad,airport road,17,0.0,0.0
Bengaluru City,Devanahalli Traffic PS,1.04432e+16,2017,1,2,Road Accidents,Junction,City/Town,Residential area,Not Applicable,No,Simple Injury,Others,Controlled,Others,Others,Bitumen(Tar),Dry,Not Applicable,Fine,BILISHIVALE ROAD,NEAR BILISHIVALE TAMPLE,50 MTS,0.0,0.0
Bengaluru City,Devanahalli Traffic PS,1.04432e+16,2017,1,2,Road Accidents,Circle,City/Town,Near or inside a village,Human Error,No,Simple Injury,Skidding or Self accident,Signals (Not working),Not Applicable,NH,Bitumen(Tar),Dry,Not Applicable,Fine,KANNAMANGALA GETE,1,14,0.0,0.0
Bengaluru City,Devanahalli Traffic PS,1.04432e+16,2017,1,2,Road Accidents,Other,Not Applicable,Near Bus stop,Not Applicable,No,Simple Injury,Head on,Uncontrolled,Not Applicable,Others,Bitumen(Tar),Dry,Not Applicable,Fine,BB Road,Near Bus stop,200 MT,13.12069,77.393508
Bengaluru City,Devanahalli Traffic PS,1.04432e+16,2017,1,1,Road Accidents,Not Applicable,City/Town,Near Bus stop,Human Error,Yes,Grievous Injury,Hit and Run,Not at  Junction,Others,One way,Bitumen(Tar),Others,Not Applicable,Fine,KOTHANUR BAGALUR ROAD,KOTHANUR BAGALUR ROAD,10KM,13.055511,77.646373
Bengaluru City,Devanahalli Traffic PS,1.04432e+16,2017,1,1,Road Accidents,Narrow road,City/Town,Open area,Human Error,No,Fatal,Hit pedestrian,Not Applicable,Others,City or Town Road,Bitumen(Tar),Dry,Not Applicable,Fine,NEAR NEW BALAJI DRIVING SCHOOL,ELECTRIC POLE,10,13.073,77.643661
Bengaluru City,Devanahalli Traffic PS,1.04432e+16,2017,1,1,Road Accidents,Cross roads,City/Town,Open area,Human Error,Yes,Grievous Injury,Not Applicable,Not Applicable,Others,City or Town Road,Bitumen(Tar),Dry,Not Applicable,Fine,BAGALUR MAIN ROAD,NARAYANAPURA ROAD,15KM,13.073,77.643661
Bengaluru City,Devanahalli Traffic PS,1.04432e+16,2017,1,1,Road Accidents,Other,City/Town,Open area,Human Error,Yes,Fatal,Hit pedestrian,Uncontrolled,Not Applicable,NH,Bitumen(Tar),Dry,Not Applicable,Fine,BB ROAD NEAR   KRISHNA GRAND HOTEL,IRON GRILS,9 FT,0.0,0.0
Bengaluru City,Devanahalli Traffic PS,1.04432e+16,2017,1,2,Not Applicable,Other,City/Town,Open area,Human Error,Yes,Damage Only,Rear end,Uncontrolled,Not Applicable,Two way,Bitumen(Tar),Dry,Not Applicable,Clear,BILE SHIVALE ROAD,I,I,0.0,0.0
Bengaluru City,Devanahalli Traffic PS,1.04432e+16,2017,1,1,Road Accidents,Other,Not Applicable,Near Bus stop,Human Error,Not Applicable,Damage Only,Hit fixed object,Not Applicable,Not Applicable,Others,Bitumen(Tar),Dry,Not Applicable,Fine,KIAL TAXI HOLDING AERIYA,NEAR ALPA 3 BILDING,12 KM,13.19845065,77.70973742
Bengaluru City,Devanahalli Traffic PS,1.04432e+16,2017,1,2,Road Accidents,Curves,Villages settlement,Narrow bridge or culverts,Human Error,No,Simple Injury,Others,Not Applicable,Curve,Village Road,Bitumen(Tar),Dry,Not Applicable,Fine,DEVANAHALLI,CULVERT,12,13.24471559,77.71320149
Bengaluru City,Devanahalli Traffic PS,1.04432e+16,2017,1,1,Road Accidents,Culvert,Rural Areas,Near or inside a village,Human Error,No,Grievous Injury,Hit pedestrian,Not Applicable,Straight and flat,NH,Bitumen(Tar),Dry,Not Applicable,Fine,BB Road,CEMENT EDGE,5,13.195911,77.669649
Bengaluru City,Devanahalli Traffic PS,1.04432e+16,2017,1,2,Road Accidents,Cross roads,City/Town,Affected by encroachments,Human Error,No,Damage Only,Others,Not Applicable,Curve,City or Town Road,Bitumen(Tar),Dry,Not Applicable,Light Rain,Airport Road,Near light pole,38,0.0,0.0
Bengaluru City,Devanahalli Traffic PS,1.04432e+16,2017,1,2,Road Accidents,Round about or Circle,City/Town,Near Petrol Pump,Human Error,Yes,Fatal,Hit and Run,Not Applicable,Others,City or Town Road,Bitumen(Tar),Others,Not Applicable,Fine,DEVANAHALLI ROAD,NEAR HP PETROL BUNK,02KM,13.2298289,77.702282
Bengaluru City,Devanahalli Traffic PS,1.04432e+16,2017,1,1,Road Accidents,Junction,City/Town,Open area,Human Error,Yes,Fatal,Hit pedal cyclist,Signal lights Blinking,Others,NH,Bitumen(Tar),Dry,Not Applicable,Others,BB Road,Near fort junction,300 mt,0.0,0.0
Bengaluru City,Devanahalli Traffic PS,1.04432e+16,2017,1,2,Road Accidents,Other,City/Town,Open area,Human Error,Not Applicable,Simple Injury,Others,Uncontrolled,Others,NH,Not Applicable,Dry,Not Applicable,Fine,DEVANAHALLI BYPASSS,DEVANAHALLI BYPASSS,3,0.0,0.0
Bengaluru City,Devanahalli Traffic PS,1.04432e+16,2017,1,2,Road Accidents,Junction,City/Town,Near Bus stop,Human Error,No,Damage Only,Others,No signal lights,Not Applicable,NH,Not Applicable,Dry,Not Applicable,Fine,BB ROAD,KANNAMNAGALA GETE,8,0.0,0.0
Bengaluru City,Devanahalli Traffic PS,1.04432e+16,2017,1,2,Road Accidents,Bridge,Rural Areas,Near or inside a village,Human Error,No,Grievous Injury,Others,Not Applicable,Straight and flat,NH,Bitumen(Tar),Dry,Not Applicable,Fine,BB ROAD,1,05  KM,0.0,0.0
Bengaluru City,Devanahalli Traffic PS,1.04432e+16,2017,1,2,Road Accidents,Narrow road,City/Town,Open area,Human Error,No,Damage Only,Hit parked vehicle,Uncontrolled,Not Applicable,Others,Bitumen(Tar),Dry,Not Applicable,Fine,airport road,1,12,13.20056973,77.6608032
Bengaluru City,Devanahalli Traffic PS,1.04432e+16,2017,1,1,Road Accidents,Narrow road,City/Town,Open area,Not Applicable,No,Damage Only,Others,Not Applicable,Others,NH,Bitumen(Tar),Dry,Not Applicable,Fine,BB Road,In Front of Fire Station,50 Mts,0.0,0.0
Bengaluru City,Devanahalli Traffic PS,1.04432e+16,2017,1,2,Road Accidents,Other,City/Town,Near Bus stop,Human Error,No,Simple Injury,Others,Not Applicable,Straight and flat,City or Town Road,Bitumen(Tar),Dry,Not Applicable,Fine,BB ROAD NEAR OLD BUS STOP DEVANAHALLI,1,500 ME,0.0,0.0
Bengaluru City,Devanahalli Traffic PS,1.04432e+16,2017,1,2,Road Accidents,Not Applicable,City/Town,Near office complex,Human Error,Yes,Grievous Injury,Others,Not at  Junction,Others,Sub Arterial,Not Applicable,Dry,Not Applicable,Clear,KOTTANUR ROAD,NAGAVARA TO KOTTANUR ROAD,24,0.0,0.0
Bengaluru City,Devanahalli Traffic PS,1.04432e+16,2017,1,2,Road Accidents,Junction,City/Town,Open area,Human Error,No,Fatal,Run Off Road,Police / Manual,Not Applicable,NH,Bitumen(Tar),Dry,Not Applicable,Fine,"BB ROAD, KANNAMANGALA PALYA GATE",ROAD END,10 FT,0.0,0.0
Bengaluru City,Devanahalli Traffic PS,1.04432e+16,2017,1,2,Road Accidents,Cross roads,Not Applicable,Open area,Not Applicable,No,Damage Only,Others,Controlled,Curve,NH,Bitumen(Tar),Dry,Not Applicable,Fine,Akkupete Junction,Near Railway station,100 MT,0.0,0.0
Bengaluru City,Devanahalli Traffic PS,1.04432e+16,2017,1,3,Road Accidents,Narrow road,City/Town,Residential area,Human Error,Yes,Fatal,Hit and Run,Not Applicable,Not Applicable,Sub Arterial,Bitumen(Tar),Dry,Not Applicable,Fine,kottanur,1,25,0.0,0.0
Bengaluru City,Devanahalli Traffic PS,1.04432e+16,2017,1,1,Road Accidents,Other,Not Applicable,Affected by encroachments,Human Error,Not Applicable,Damage Only,Hit fixed object,Signal lights Automatic,Straight and flat,Not Applicable,Bitumen(Tar),Dry,Not Applicable,Fine,Airport Road,Near light pole,40,13.19848065,77.70973742
Bengaluru City,Devanahalli Traffic PS,1.04432e+16,2017,1,1,Road Accidents,Narrow road,Rural Areas,Near Petrol Pump,Not Applicable,No,Simple Injury,Others,Not Applicable,Not Applicable,NH,Bitumen(Tar),Dry,Not Applicable,Others,BB Road,Electric line,10 MT,13.2676314,77.7195886
Bengaluru City,Devanahalli Traffic PS,1.04432e+16,2017,1,2,Road Accidents,Other,Rural Areas,Open area,Human Error,Yes,Simple Injury,Others,Not Applicable,Not Applicable,Village Road,Bitumen(Tar),Muddy,Not Applicable,Fine,bilishivale to hanumanthanagara road,electric pole,25,13.055511,77.646373
Bengaluru City,Devanahalli Traffic PS,1.04432e+16,2017,1,2,Road Accidents,Circle,Rural Areas,Near or inside a village,Human Error,Not Applicable,Simple Injury,Others,Not Applicable,Others,State Highway,Bitumen(Tar),Dry,Not Applicable,Fine,BUDIGERE ROAD,ELECTRIC POLE,40,13.24471559,77.71320149
Bengaluru City,Devanahalli Traffic PS,1.04432e+16,2017,1,1,Road Accidents,Curves,City/Town,Near or inside a village,Human Error,Yes,Grievous Injury,Not Applicable,Not Applicable,Not Applicable,Service Road,Bitumen(Tar),Dry,Not Applicable,Fine,NEAR TERMINAL AIRPORT,NEAR TERMINAL AIRPORT,03KM,13.198376,77.705837
Bengaluru City,Devanahalli Traffic PS,1.04432e+16,2017,1,1,Not Applicable,Other,City/Town,Open area,Human Error,Yes,Fatal,Hit pedestrian,Uncontrolled,Not Applicable,NH,Bitumen(Tar),Dry,Not Applicable,Clear,BB ROAD NEAR HIRANANDANI APPARTMENT,IRON GRILS,5 FT,0.0,0.0
Bengaluru City,Devanahalli Traffic PS,1.04432e+16,2017,1,1,Road Accidents,Other,City/Town,Near Bus stop,Human Error,Not Applicable,Simple Injury,Hit pedestrian,Not Applicable,Not Applicable,City or Town Road,Bitumen(Tar),Dry,Not Applicable,Fine,BB ROAD NEAR DEVANAHALLI OLD BUS STOP,NEAR SOUTHEAST 40 YARD NO PARKING BORD,1KM,0.0,0.0
Bengaluru City,Devanahalli Traffic PS,1.04432e+16,2017,1,2,Road Accidents,Circle,Not Applicable,Open area,Human Error,Not Applicable,Simple Injury,Others,Not Applicable,Hump,Expressway,Bitumen(Tar),Dry,Not Applicable,Fine,AIRPORT NEAR CISF CHECK POINT,IN AIRPORT,12KM,13.19848065,77.70973742
Bengaluru City,Devanahalli Traffic PS,1.04432e+16,2017,1,2,Road Accidents,Other,City/Town,Near Petrol Pump,Human Error,No,Fatal,Rear end,Uncontrolled,Not Applicable,NH,Bitumen(Tar),Dry,Not Applicable,Fine,BB ROAD,ROAD END,16 FT,0.0,0.0
Bengaluru City,Devanahalli Traffic PS,1.04432e+16,2017,1,1,Road Accidents,Other,City/Town,Near Bus stop,Not Applicable,No,Damage Only,Others,Not at  Junction,Others,City or Town Road,Bitumen(Tar),Dry,Not Applicable,Clear,Sulibele Road,Near Court,50 Mt,0.0,0.0
Bengaluru City,Devanahalli Traffic PS,1.04432e+16,2017,1,2,Road Accidents,Circle,City/Town,Near Bus stop,Not Applicable,Not Applicable,Damage Only,Not Applicable,Police / Manual,Others,City or Town Road,Bitumen(Tar),Dry,Not Applicable,Fine,Devanahalli New Bus Stand,Near Bus stop,50,0.0,0.0
Bengaluru City,Devanahalli Traffic PS,1.04432e+16,2017,1,3,Road Accidents,Other,Not Applicable,Open area,Human Error,Not Applicable,Damage Only,Others,Not Applicable,Others,Expressway,Bitumen(Tar),Dry,Not Applicable,Fine,AIPORT NEAR CISF CHECK POINT,NEW CISF CHECK POINT,12KM,0.0,0.0
Bengaluru City,Devanahalli Traffic PS,1.04432e+16,2017,1,1,Road Accidents,Narrow road,Rural Areas,Near or inside a village,Human Error,No,Fatal,Others,Not Applicable,Not Applicable,State Highway,Bitumen(Tar),Dry,Not Applicable,Fine,Sulibele road,Elecric pole,25,13.22844885,77.72731018
Bengaluru City,Devanahalli Traffic PS,1.04432e+16,2017,1,2,Road Accidents,Curves,City/Town,Residential area,Not Applicable,No,Simple Injury,Others,Not at  Junction,Not Applicable,Residential Street,Bitumen(Tar),Dry,Not Applicable,Fine,Kothanuru road,Near Ammas bekary,50 Mt,13.34303,77.385609
Bengaluru City,Devanahalli Traffic PS,1.04432e+16,2017,1,2,Road Accidents,Other,City/Town,Near School or College,Human Error,No,Damage Only,Head on,Not Applicable,Straight and flat,City or Town Road,Bitumen(Tar),Ditch or Potholed,Not Applicable,Fine,DODDAGUBBI CROSS ROAD,Near light pole,5,13.06491,177.672668
Bengaluru City,Devanahalli Traffic PS,1.04432e+16,2017,1,1,Road Accidents,Not Applicable,City/Town,Near or inside a village,Human Error,Yes,Grievous Injury,Hit and Run,Not Applicable,Others,NH,Bitumen(Tar),Others,Not Applicable,Fine,BALARY MAIN ROAD,BALARY MAIN ROAD,1KM,13.201528,77.658159
Bengaluru City,Devanahalli Traffic PS,1.04432e+16,2017,1,1,Road Accidents,Narrow road,City/Town,Open area,Human Error,Not Applicable,Grievous Injury,Hit fixed object,Not Applicable,Not Applicable,Village Road,Not Applicable,Dry,Not Applicable,Clear,DEVANAHALLI-NILERI MAIN ROAD,NILERI RAIWAY GATE,3,0.0,0.0
Bengaluru City,Devanahalli Traffic PS,1.04432e+16,2017,1,2,Road Accidents,Other,City/Town,Open area,Human Error,No,Fatal,Others,Not at  Junction,Incline,NH,Bitumen(Tar),Dry,Not Applicable,Wind,BACHALLI RAILWAY GATE,ROAD END,25 FT,0.0,0.0
Bengaluru City,Devanahalli Traffic PS,1.04432e+16,2017,1,1,Road Accidents,Other,Villages settlement,Open area,Human Error,No,Grievous Injury,Others,Not Applicable,Straight and flat,State Highway,Bitumen(Tar),Dry,Not Applicable,Clear,vijyapur road,1,04 km,0.0,0.0
Bengaluru City,Devanahalli Traffic PS,1.04432e+16,2017,1,1,Road Accidents,Narrow road,Rural Areas,Near office complex,Human Error,No,Damage Only,Not Applicable,Police / Manual,Hump,NH,Bitumen(Tar),Dry,Not Applicable,Fine,BB Road Doddaballapura Cross,Signal light,20 mt,0.0,0.0
Bengaluru City,Devanahalli Traffic PS,1.04432e+16,2017,1,2,Road Accidents,Cross roads,City/Town,Residential area,Human Error,No,Fatal,Overturning,Not Applicable,Not Applicable,Sub Arterial,Bitumen(Tar),Dry,Not Applicable,Fine,BB ROAD DEVANAHLLI,DEVANAHLLI,5,0.0,0.0
Bengaluru City,Devanahalli Traffic PS,1.04432e+16,2017,1,2,Road Accidents,Narrow road,City/Town,Near Bus stop,Human Error,No,Simple Injury,Others,Uncontrolled,Others,NH,Bitumen(Tar),Dry,Not Applicable,Fine,KANNAMANGALA,1,26,0.0,0.0
Bengaluru City,Devanahalli Traffic PS,1.04432e+16,2017,1,2,Road Accidents,Not Applicable,Rural Areas,Residential area,Not Applicable,Yes,Grievous Injury,Others,No signal lights,Others,State Highway,Bitumen(Tar),Dry,Not Applicable,Fine,Vijayapura road,Near Compund,12,0.0,0.0
Bengaluru City,Devanahalli Traffic PS,1.04432e+16,2017,1,1,Road Accidents,Circle,Not Applicable,Open area,Human Error,Not Applicable,Simple Injury,Others,Not Applicable,Curve,Expressway,Bitumen(Tar),Dry,Not Applicable,Fine,AIRPORT 2ND CIRCLE,AIRPORT 2ND CIRCLE,12KM,0.0,0.0
Bengaluru City,Devanahalli Traffic PS,1.04432e+16,2017,1,2,Road Accidents,Cross roads,City/Town,Near or inside a village,Human Error,Not Applicable,Simple Injury,Hit and Run,Not Applicable,Not Applicable,Village Road,Bitumen(Tar),Dry,Not Applicable,Fine,DODDAGUBBI CROSS KOTTANURU,NEAR KOTTANUR,30KM,13.06216119,77.65473068
Bengaluru City,Devanahalli Traffic PS,1.04432e+16,2017,1,2,Road Accidents,Narrow road,City/Town,Residential area,Human Error,No,Grievous Injury,Others,Not Applicable,Others,Sub Arterial,Bitumen(Tar),Dry,Not Applicable,Fine,kottanuru,25,28km,13.06216119,77.65473068
Bengaluru City,Devanahalli Traffic PS,1.04432e+16,2017,1,1,Not Applicable,Other,Not Applicable,Open area,Human Error,Not Applicable,Not Applicable,Others,Not Applicable,Straight and flat,NH,Bitumen(Tar),Dry,Not Applicable,Fine,BB Road,railway track,30,13.241716,77.713731
Bengaluru City,Devanahalli Traffic PS,1.04432e+16,2017,1,2,Not Applicable,Cross roads,Rural Areas,Near Petrol Pump,Not Applicable,Yes,Not Applicable,Not Applicable,Give way sign,Others,Not Applicable,Concrete,Dry,Not Applicable,Others,"B B ROAD, NEAR BHARATH PETROL PUMP",BHARATH PETROL PUMP,50 MTR,13.241716,77.713731
Bengaluru City,Devanahalli Traffic PS,1.04432e+16,2017,1,2,Road Accidents,Bridge,Not Applicable,Narrow bridge or culverts,Not Applicable,No,Simple Injury,Others,Not Applicable,Curve,One way,Bitumen(Tar),Dry,Not Applicable,Others,Airport Road,Near Light pole,10,13.195911,77.669649
Bengaluru City,Devanahalli Traffic PS,1.04432e+16,2017,1,2,Road Accidents,Not Applicable,Rural Areas,Residential area,Human Error,Yes,Simple Injury,Hit and Run,Not Applicable,Others,State Highway,Bitumen(Tar),Dry,Not Applicable,Fine,"DEVANAHALLI BYPASS, B B ROAD, DEVANAHALLI TOWN",DEVANAHALLI ENTRANCE ORCHA,1.5,13.241716,77.713731
Bengaluru City,Devanahalli Traffic PS,1.04432e+16,2017,1,2,Road Accidents,Circle,Not Applicable,Open area,Human Error,Not Applicable,Simple Injury,Others,Not Applicable,Curve,Expressway,Bitumen(Tar),Dry,Not Applicable,Fine,NEAR AIRPORT 1ST CIRCLE,AIRPORT,12KM,0.0,0.0
Bengaluru City,Devanahalli Traffic PS,1.04432e+16,2017,1,1,Road Accidents,Curves,Rural Areas,Near or inside a village,Human Error,No,Fatal,Skidding or Self accident,Not Applicable,Curve,Village Road,Bitumen(Tar),Dry,Not Applicable,Others,Doddaballapura Road,Electric pole,16,13.2570916,77.6976754
Bengaluru City,Devanahalli Traffic PS,1.04432e+16,2017,1,2,Road Accidents,T Junction,Not Applicable,Residential area,Not Applicable,No,Fatal,Others,Not Applicable,Not Applicable,NH,Bitumen(Tar),Dry,Not Applicable,Fine,"Parvathapura Cross, Doddaballapura Road",Near Bridge,100 MT,13.25725629,77.714589
Bengaluru City,Devanahalli Traffic PS,1.04432e+16,2017,1,1,Road Accidents,T Junction,Rural Areas,Near or inside a village,Human Error,No,Grievous Injury,Hit pedestrian,No signal lights,Straight and flat,Village Road,Bitumen(Tar),Dry,Not Applicable,Others,BYCHAPURA ROAD,Near light pole,33,13.24471559,77.71320149
Bengaluru City,Devanahalli Traffic PS,1.04432e+16,2017,1,1,Road Accidents,T Junction,Rural Areas,Near or inside a village,Human Error,Not Applicable,Damage Only,Hit fixed object,Not Applicable,Straight and flat,State Highway,Bitumen(Tar),Dry,Not Applicable,Others,nandibetta road,near Tree,35,0.0,0.0
Bengaluru City,Devanahalli Traffic PS,1.04432e+16,2017,1,1,Road Accidents,Curves,City/Town,Near School or College,Human Error,No,Fatal,Skidding or Self accident,Uncontrolled,Slight Curve,Village Road,Bitumen(Tar),Dry,Not Applicable,Fine,"bishivale bairathi road, near ssr collage",anjaneya temple,8,0.0,0.0
Bengaluru City,Devanahalli Traffic PS,1.04432e+16,2017,1,2,Road Accidents,Curves,City/Town,Near School or College,Human Error,No,Simple Injury,Others,Not Applicable,Curve,NH,Bitumen(Tar),Dry,Not Applicable,Clear,SLIBELE ROAD-NH 7,1,01 KM,0.0,0.0
Bengaluru City,Devanahalli Traffic PS,1.04432e+16,2017,1,1,Road Accidents,Other,Villages settlement,Open area,Human Error,No,Simple Injury,Others,Not Applicable,Straight and flat,Village Road,Bitumen(Tar),Dry,Not Applicable,Fine,BUDIGERE-DEVANAHALLI ROAD,1,02 KM,0.0,0.0
Bengaluru City,Devanahalli Traffic PS,1.04432e+16,2017,1,2,Road Accidents,Narrow road,Not Applicable,Near or inside a village,Not Applicable,No,Damage Only,Others,Not Applicable,Not Applicable,Others,Bitumen(Tar),Dry,Not Applicable,Fine,Airport Road,Near light pole,25 ft,0.0,0.0
Bengaluru City,Devanahalli Traffic PS,1.04432e+16,2017,1,2,Road Accidents,Narrow road,Villages settlement,Residential area,Human Error,Yes,Simple Injury,Hit and Run,Not Applicable,Not Applicable,NH,Bitumen(Tar),Dry,Not Applicable,Fine,BB Road,Near Bus stop,20,0.0,0.0
Bengaluru City,Devanahalli Traffic PS,1.04432e+16,2017,1,2,Road Accidents,Not Applicable,Villages settlement,Near or inside a village,Human Error,Not Applicable,Grievous Injury,Others,Not Applicable,Not Applicable,Village Road,Bitumen(Tar),Dry,Not Applicable,Fine,SULIBELE ROAD NEAR BRIGED ARCHED,NEAR VILLAGE,3KM,13.44305213,77.50236511
Bengaluru City,Devanahalli Traffic PS,1.04432e+16,2017,1,2,Road Accidents,Junction,City/Town,Near office complex,Human Error,No,Simple Injury,Not Applicable,No signal lights,Others,City or Town Road,Bitumen(Tar),Dry,Not Applicable,Fine,Asha town sheef road,Electic pole,25,13.0644951,77.6738254
Bengaluru City,Devanahalli Traffic PS,1.04432e+16,2017,1,2,Road Accidents,T Junction,Not Applicable,Near office complex,Not Applicable,No,Damage Only,Others,Not Applicable,Not Applicable,Others,Bitumen(Tar),Dry,Not Applicable,Fine,P3 and P5 Exit Point,Near light pole,25 Ft,13.198941,77.711555
Bengaluru City,Devanahalli Traffic PS,1.04432e+16,2017,1,2,Road Accidents,Not Applicable,City/Town,Near or inside a village,Human Error,No,Grievous Injury,Others,Not Applicable,Straight and flat,Two way,Bitumen(Tar),Dry,Not Applicable,Fine,Airport Road,Near light pole,40,0.0,0.0
Bengaluru City,Devanahalli Traffic PS,1.04432e+16,2017,1,2,Road Accidents,Circle,Rural Areas,Near Petrol Pump,Human Error,Yes,Simple Injury,Hit and Run,Not Applicable,Not Applicable,State Highway,Bitumen(Tar),Dry,Not Applicable,Fine,Airport Road,tress,28,0.0,0.0