DISTRICTNAME,UNITNAME,Crime_No,Year,RI,Noofvehicle_involved,Accident_Classification,Accident_Spot,Accident_Location,Accident_SubLocation,Main_Cause,Hit_Run,Severity,Collision_Type,Junction_Control,Road_Character,Road_Type,Surface_Type,Surface_Condition,Road_Condition,Weather,Accident_Road,Landmark_first,Distance_LandMark_First,Latitude,Longitude
Bengaluru City,Devanahalli Traffic PS,1.04432e+16,2017,1,2,Road Accidents,Other,City/Town,Near office complex,Human Error,No,Damage Only,Others,No signal lights,Others,NH,Not Applicable,Dry,Not Applicable,Fine,KOTE CROSS,BB ROAD,6,0.0,0.0
Bengaluru City,Devanahalli Traffic PS,1.04432e+16,2017,1,1,Road Accidents,Other,City/Town,Residential area,Human Error,No,Fatal,Skidding or Self accident,Uncontrolled,Not Applicable,Residential Street,Bitumen(Tar),Dry,Not Applicable,Fine,"BAIRATHI KANAKASRI LAY OUT RAOD, OPPOSIT VIJAY HOME",ELECTRIC POL,35 FT,0.0,0.0
Bengaluru City,Devanahalli Traffic PS,1.04432e+16,2017,1,2,Road Accidents,Other,Not Applicable,Near office complex,Not Applicable,No,Simple Injury,Others,Not Applicable,Not Applicable,Others,Bitumen(Tar),Dry,Not Applicable,Others,Airport Road,near Tree,30,13.197924,77.690307
Bengaluru City,Devanahalli Traffic PS,1.04432e+16,2017,1,1,Road Accidents,Narrow road,City/Town,Affected by encroachments,Human Error,Yes,Simple Injury,Hit and Run,Not Applicable,Others,City or Town Road,Bitumen(Tar),Others,No influence on accident,Others,"SHABARI NAGARA NEAR OPPOSIT CHAITAINYA CLINIC, 1ST MAIN, 4TH CROSS",ELECTIIC POLE,27,13.071709,77.631884
Bengaluru City,Devanahalli Traffic PS,1.04432e+16,2017,1,2,Road Accidents,Not Applicable,City/Town,Near or inside a village,Human Error,Yes,Grievous Injury,Hit and Run,Not Applicable,Others,City or Town Road,Bitumen(Tar),Dry,Not Applicable,Fine,AIRPORT ROAD,AIRPORT ROAD,03KM,13.198154,77.680104
Bengaluru City,Devanahalli Traffic PS,1.04432e+16,2017,1,2,Road Accidents,Junction,Rural Areas,Near or inside a village,Human Error,No,Damage Only,Head on,Signal lights Blinking,Hump,NH,Bitumen(Tar),Dry,Not Applicable,Fine,BB Road,Near SIGNAL light pole,45,13.3021582,77.5510526
Bengaluru City,Devanahalli Traffic PS,1.04432e+16,2017,1,2,Road Accidents,Junction,City/Town,Near Bus stop,Human Error,Yes,Damage Only,Head on,Signal lights Automatic,Others,City or Town Road,Bitumen(Tar),Dry,Not Applicable,Fine,DODDABALLAOUR road,Near light pole,20,13.241716,77.713731
Bengaluru City,Devanahalli Traffic PS,1.04432e+16,2017,1,2,Road Accidents,Junction,City/Town,Open area,Human Error,Not Applicable,Grievous Injury,Others,No signal lights,Others,NH,Bitumen(Tar),Dry,Not Applicable,Clear,KANNAMANGALA GATE BB ROAD,KANNAMANGALA GATE,7,0.0,0.0
Bengaluru City,Devanahalli Traffic PS,1.04432e+16,2017,1,1,Road Accidents,Other,City/Town,Open area,Human Error,No,Grievous Injury,Others,Give way sign,Not Applicable,State Highway,Not Applicable,Dry,Not Applicable,Fine,DEVANAHALLI,DEVANAHALLI,2,0.0,0.0
Bengaluru City,Devanahalli Traffic PS,1.04432e+16,2017,1,1,Road Accidents,Other,Villages settlement,Residential area,Human Error,No,Grievous Injury,Others,Not Applicable,Straight and flat,Residential Street,Bitumen(Tar),Dry,Not Applicable,Cloudy,BIA ALFA OPPSITE,1,12KM,0.0,0.0
Bengaluru City,Devanahalli Traffic PS,1.04432e+16,2017,1,2,Road Accidents,Curves,Not Applicable,Near or inside a village,Human Error,Yes,Damage Only,Others,Not Applicable,Curve,Others,Bitumen(Tar),Dry,Not Applicable,Fine,AIRPORT MAIN ROAD BACK SIDE OF TAJ HOTEL,NORTH 20YARD TAR ROAD EDZA,13KM,13.19848065,77.70973742
Bengaluru City,Devanahalli Traffic PS,1.04432e+16,2017,1,1,Road Accidents,Not Applicable,Rural Areas,Narrow bridge or culverts,Human Error,No,Damage Only,Hit fixed object,Not Applicable,Straight and flat,NH,Bitumen(Tar),Dry,Not Applicable,Fine,BB Road,Near light pole,40,13.24203498,77.70400256
Bengaluru City,Devanahalli Traffic PS,1.04432e+16,2017,1,2,Road Accidents,Junction,Not Applicable,Near Hospital,Not Applicable,No,Fatal,Not Applicable,Police / Manual,Not Applicable,NH,Bitumen(Tar),Dry,Not Applicable,Fine,"BB Road, Kannamangalapalya Gate",Near Railway Track,100 Ft,13.131672,77.405597
Bengaluru City,Devanahalli Traffic PS,1.04432e+16,2017,1,1,Road Accidents,Other,Not Applicable,Near Bus stop,Not Applicable,No,Damage Only,Skidding or Self accident,Police / Manual,Not Applicable,Two way,Bitumen(Tar),Dry,Not Applicable,Fine,Kannamangala Palya Gate,High mas light,100 MT,13.21992627,77.67141724
Bengaluru City,Devanahalli Traffic PS,1.04432e+16,2017,1,2,Road Accidents,T Junction,Rural Areas,Near or inside a village,Human Error,No,Simple Injury,Others,Not Applicable,Not Applicable,NH,Bitumen(Tar),Dry,Not Applicable,Fine,BB Road,caution boards,65,13.21992627,77.67141724
Bengaluru City,Devanahalli Traffic PS,1.04432e+16,2017,1,2,Road Accidents,T Junction,City/Town,Open area,Human Error,No,Damage Only,Head on,Not Applicable,Others,City or Town Road,Bitumen(Tar),Dry,Not Applicable,Fine,BB Road,NO PARKING BORD,40,13.226401,77.687189
Bengaluru City,Devanahalli Traffic PS,1.04432e+16,2017,1,2,Road Accidents,Other,City/Town,Residential area,Human Error,Not Applicable,Grievous Injury,Others,Not Applicable,Others,Sub Arterial,Not Applicable,Dry,Not Applicable,Clear,NANDI HILLS ROAD,nandi hills road,15,0.0,0.0
Bengaluru City,Devanahalli Traffic PS,1.04432e+16,2017,1,2,Road Accidents,Other,City/Town,Near School or College,Human Error,No,Damage Only,Others,Not Applicable,Straight and flat,City or Town Road,Bitumen(Tar),Dry,Not Applicable,Fine,BILISHIVALE ROAD,1,35 KM,0.0,0.0
Bengaluru City,Devanahalli Traffic PS,1.04432e+16,2017,1,2,Road Accidents,Junction,City/Town,In bazaar,Human Error,No,Damage Only,Others,Signals (Working),Straight and flat,State Highway,Bitumen(Tar),Dry,Not Applicable,Others,DODDABALLAPURA ROAD,Near light pole,15,13.241716,77.713731
Bengaluru City,Devanahalli Traffic PS,1.04432e+16,2017,1,1,Road Accidents,Other,City/Town,Near Bus stop,Human Error,No,Grievous Injury,Others,No signal lights,Others,Others,Not Applicable,Dry,Not Applicable,Fine,giriyamma circal,ELECTRIC POLE,20 ft,13.24471559,77.71320149
Bengaluru City,Devanahalli Traffic PS,1.04432e+16,2017,1,1,Road Accidents,Other,City/Town,Near or inside a village,Human Error,Yes,Grievous Injury,Hit and Run,Not Applicable,Others,NH,Bitumen(Tar),Others,Not Applicable,Fine,BALLARY MAIN ROAD,BALLARY MAIN ROAD,01KM,13.193689,77.649658
Bengaluru City,Devanahalli Traffic PS,1.04432e+16,2017,1,2,Road Accidents,Other,City/Town,Near office complex,Human Error,Not Applicable,Simple Injury,Others,Not at  Junction,Not Applicable,State Highway,Not Applicable,Dry,Not Applicable,Clear,VIJAYAPURA ROAD,DEVANAHALLI ROAD,4,0.0,0.0
Bengaluru City,Devanahalli Traffic PS,1.04432e+16,2017,1,1,Road Accidents,Other,City/Town,Open area,Human Error,Yes,Fatal,Hit pedestrian,Not at  Junction,Not Applicable,Others,Bitumen(Tar),Dry,Not Applicable,Clear,"AIRPORT ROAD, NEAR TRUMPET DIVERSSION",ROAR END,14 FT,0.0,0.0
Bengaluru City,Devanahalli Traffic PS,1.04432e+16,2017,1,2,Road Accidents,Other,City/Town,Near Hospital,Not Applicable,No,Simple Injury,Rear end,Not at  Junction,Not Applicable,Others,Bitumen(Tar),Dry,Not Applicable,Fine,Vijayapura Road,Near Hospital,200 MT,0.0,0.0
Bengaluru City,Devanahalli Traffic PS,1.04432e+16,2017,1,1,Road Accidents,Other,Not Applicable,Near or inside a village,Human Error,Not Applicable,Damage Only,Hit fixed object,Not Applicable,Not Applicable,NH,Bitumen(Tar),Dry,Not Applicable,Fine,BB ROAD NEAR DEVANAHALLI TOLL,NEAR AIRPORT FLYOVER,6KM,0.0,0.0
Bengaluru City,Devanahalli Traffic PS,1.04432e+16,2017,1,2,Road Accidents,Circle,Rural Areas,Open area,Human Error,Yes,Grievous Injury,Others,Not at  Junction,Not Applicable,Village Road,Bitumen(Tar),Dry,Not Applicable,Fine,NEAR READYHALLI VILLAGE,NEAR READYHALLI VILLAGE,02KM,13.24471559,77.71320149
Bengaluru City,Devanahalli Traffic PS,1.04432e+16,2017,1,2,Road Accidents,Junction,City/Town,Near a religious place,Human Error,No,Damage Only,Others,Signal lights Blinking,Straight and flat,NH,Bitumen(Tar),Dry,Not Applicable,Fine,BB Road,Near light pole,55,13.2676314,77.7195886
Bengaluru City,Devanahalli Traffic PS,1.04432e+16,2017,1,1,Road Accidents,Other,City/Town,Residential area,Human Error,No,Grievous Injury,Hit bicyclist,Not Applicable,Not Applicable,Others,Bitumen(Tar),Dry,Not Applicable,Fine,BAGALURU,Near light pole,26,13.073587,77.651499
Bengaluru City,Devanahalli Traffic PS,1.04432e+16,2017,1,2,Road Accidents,Cross roads,Rural Areas,Near or inside a village,Human Error,No,Damage Only,Head on,Not Applicable,Curve,Others,Bitumen(Tar),Dry,Not Applicable,Snow,Airport Road,Near light pole,35,0.0,0.0
Bengaluru City,Devanahalli Traffic PS,1.04432e+16,2017,1,2,Road Accidents,Junction,City/Town,Open area,Human Error,No,Grievous Injury,Head on,Signal lights Blinking,Curve and Incline,City or Town Road,Bitumen(Tar),Dry,Not Applicable,Fine,BB Road,Road Diveder,32,13.2676314,77.7195886
Bengaluru City,Devanahalli Traffic PS,1.04432e+16,2017,1,2,Road Accidents,Other,City/Town,Open area,Human Error,No,Damage Only,Rear end,Uncontrolled,Not Applicable,NH,Bitumen(Tar),Dry,Not Applicable,Clear,BB ROAD NEAR DABA GATE,S,4,0.0,0.0
Bengaluru City,Devanahalli Traffic PS,1.04432e+16,2017,1,2,Road Accidents,Narrow road,Not Applicable,Near office complex,Human Error,No,Damage Only,Others,Not Applicable,Hump,Others,Bitumen(Tar),Dry,Not Applicable,Snow,Airport Road,near Tree,25 ft,0.0,0.0
Bengaluru City,Devanahalli Traffic PS,1.04432e+16,2017,1,1,Road Accidents,Other,Rural Areas,At pedestrian Crossing,Human Error,No,Simple Injury,Hit pedestrian,Not Applicable,Others,State Highway,Bitumen(Tar),Dry,Not Applicable,Others,Airport Road,Near light pole,16,13.197924,77.690307
Bengaluru City,Devanahalli Traffic PS,1.04432e+16,2017,1,2,Road Accidents,Culvert,Rural Areas,Near or inside a village,Human Error,No,Grievous Injury,Head on,Signal lights Blinking,Straight and flat,NH,Bitumen(Tar),Dry,Not Applicable,Clear,BB Road,CULVERT,50 Mt,13.21992627,77.67141724
Bengaluru City,Devanahalli Traffic PS,1.04432e+16,2018,1,2,Road Accidents,Narrow road,City/Town,Residential area,Human Error,No,Simple Injury,Not Applicable,No signal lights,Not Applicable,City or Town Road,Not Applicable,Not Applicable,No influence on accident,Fine,"NEAR ALPHA COLLAGE,BYRATHI,",CHIKKA GUBBI ROAD,22 KM,13.06491,77.672668
Bengaluru City,Devanahalli Traffic PS,1.04432e+16,2018,1,2,Road Accidents,Narrow road,Rural Areas,Near Petrol Pump,Human Error,Yes,Simple Injury,Hit and Run,Not at  Junction,Not Applicable,Village Road,Bitumen(Tar),Dry,Not Applicable,Fine,Devanahalli-Budigere,Muniyappa Lan,20,13.216996,77.740438
Bengaluru City,Devanahalli Traffic PS,1.04432e+16,2018,1,2,Road Accidents,Circle,City/Town,Open area,Human Error,Not Applicable,Grievous Injury,Hit and Run,Not Applicable,Others,City or Town Road,Bitumen(Tar),Dry,Not Applicable,Fine,HENURU KANNURU MAIN ROAD.,HENNURU MAIN ROAD,15 KM,13.070918,77.633621
Bengaluru City,Devanahalli Traffic PS,1.04432e+16,2018,1,2,Road Accidents,Narrow road,Rural Areas,Near a religious place,Human Error,No,Fatal,Head on,Not at  Junction,Not Applicable,State Highway,Bitumen(Tar),Dry,Not Applicable,Fine,Sulibele Road,No Parking Board,6,13.24353,77.718744
Bengaluru City,Devanahalli Traffic PS,1.04432e+16,2018,1,2,Road Accidents,Junction,City/Town,Affected by encroachments,Human Error,No,Simple Injury,Hit puchcart,Police / Manual,Not Applicable,City or Town Road,Bitumen(Tar),Dry,Not Applicable,Fine,AKKUPETE JUNCTION,ELECTRICAL POLE,50,13.3021582,77.5510526
Bengaluru City,Devanahalli Traffic PS,1.04432e+16,2018,1,1,Road Accidents,Cross roads,City/Town,Near or inside a village,Human Error,Not Applicable,Simple Injury,Hit fixed object,Not at  Junction,Others,City or Town Road,Bitumen(Tar),Dry,Construction Work / Material,Fine,"Neeleri road, Near Nandi Road,Devanahalli tq",Blinker,25,13.2676314,77.7195886
Bengaluru City,Devanahalli Traffic PS,1.04432e+16,2018,1,2,Road Accidents,Narrow road,Rural Areas,Open area,Human Error,No,Fatal,Not Applicable,No signal lights,Not Applicable,NH,Not Applicable,Not Applicable,No influence on accident,Fine,NEAR KODIMANCHENAHALLI LAKE,DODDABALLAPURA ROAD,3 KM,0.0,0.0
Bengaluru City,Devanahalli Traffic PS,1.04432e+16,2018,1,2,Road Accidents,Narrow road,City/Town,Affected by encroachments,Human Error,No,Damage Only,Hit puchcart,Not at  Junction,Others,City or Town Road,Bitumen(Tar),Dry,No influence on accident,Fine,BB ROAD NEAR KANNAMANGALA GATE,ELECTIIC POLE,50,13.21992627,77.67141724
Bengaluru City,Devanahalli Traffic PS,1.04432e+16,2018,1,2,Road Accidents,Narrow road,City/Town,Affected by encroachments,Human Error,Not Applicable,Simple Injury,Hit puchcart,Not Applicable,Not Applicable,City or Town Road,Bitumen(Tar),Dry,No influence on accident,Fine,"DODDABALLAPURA ROAD, KODIMANCHENAHALLI LAKE",TREE,30,13.2570916,77.6976754
Bengaluru City,Devanahalli Traffic PS,1.04432e+16,2018,1,2,Road Accidents,Narrow road,City/Town,Open area,Human Error,No,Simple Injury,Not Applicable,No signal lights,Not Applicable,NH,Not Applicable,Not Applicable,No influence on accident,Fine,NEAR KANNAMANGALA GATE,B B ROAD,6 KM,13.201528,77.658159
Bengaluru City,Devanahalli Traffic PS,1.04432e+16,2018,1,1,Road Accidents,Narrow road,City/Town,Near Petrol Pump,Human Error,Yes,Simple Injury,Vehicle to Vehicle,Not Applicable,Not Applicable,NH,Bitumen(Tar),Dry,No influence on accident,Fine,"BB Road, Infront of green park daba",DEVIDER,20,13.3021582,77.5510526
Bengaluru City,Devanahalli Traffic PS,1.04432e+16,2018,1,2,Road Accidents,Narrow road,Rural Areas,Residential area,Human Error,Yes,Simple Injury,Not Applicable,No signal lights,Hump,NH,Not Applicable,Not Applicable,No influence on accident,Fine,"NEAR UMESHA HOME,",No Parking Board,40INCH,13.2570916,77.6976754
Bengaluru City,Devanahalli Traffic PS,1.04432e+16,2018,1,2,Rail Road Accidents,Narrow road,City/Town,Open area,Human Error,Not Applicable,Fatal,Not Applicable,No signal lights,Not Applicable,NH,Not Applicable,Not Applicable,No influence on accident,Not Applicable,"B.B ROAD, KANNAMANGALA PALYA GET",KANAMANGALAPALYA GETA,4 KM,13.21992627,77.67141724
Bengaluru City,Devanahalli Traffic PS,1.04432e+16,2018,1,1,Road Accidents,Other,City/Town,Affected by encroachments,Vehicle Defect,No,Damage Only,Not Applicable,Signal lights Automatic,Curve,Others,Not Applicable,Not Applicable,Not Applicable,Fine,AIRPORT,VIP ARRIVAL GATE,12 KM,13.198376,77.705837
Bengaluru City,Devanahalli Traffic PS,1.04432e+16,2018,1,2,Road Accidents,Narrow road,City/Town,Open area,Human Error,No,Simple Injury,Not Applicable,No signal lights,Not Applicable,Others,Not Applicable,Not Applicable,No influence on accident,Fine,"NEAR BYBAL COLLAGE,",HENNURU BAGALURU MAIN ROAD,12 KM,13.071452,77.651055
Bengaluru City,Devanahalli Traffic PS,1.04432e+16,2018,1,1,Road Accidents,Narrow road,Not Applicable,Near Bus stop,Human Error,No,Simple Injury,Hit fixed object,Not at  Junction,Not Applicable,NH,Bitumen(Tar),Dry,Not Applicable,Fog / Mist,BB Road,ELECTRIC POLE,22,0.0,0.0
Bengaluru City,Devanahalli Traffic PS,1.04432e+16,2018,1,2,Road Accidents,Junction,City/Town,Affected by encroachments,Human Error,Not Applicable,Simple Injury,Hit puchcart,No signal lights,Others,City or Town Road,Bitumen(Tar),Dry,No influence on accident,Fine,PUJENAHALLI GATE,ELECTRIC POLE,45,13.193689,77.649658
Bengaluru City,Devanahalli Traffic PS,1.04432e+16,2018,1,2,Road Accidents,Junction,City/Town,Near or inside a village,Human Error,No,Simple Injury,Not Applicable,Signal lights Blinking,Others,NH,Bitumen(Tar),Not Applicable,No influence on accident,Others,NEAR DODDABALLAPUR CROSS,ELECTIIC POLE,60,13.3021582,77.5510526
Bengaluru City,Devanahalli Traffic PS,1.04432e+16,2018,1,2,Road Accidents,Not Applicable,City/Town,Affected by encroachments,Human Error,Yes,Simple Injury,Hit and Run,Not Applicable,Not Applicable,City or Town Road,Bitumen(Tar),Dry,No influence on accident,Fine,"KOTTANURU POST, CHIKKABYARATHI",mobile tower,10,13.055511,77.646373
Bengaluru City,Devanahalli Traffic PS,1.04432e+16,2018,1,2,Road Accidents,Narrow road,City/Town,Open area,Human Error,Yes,Simple Injury,Not Applicable,No signal lights,Not Applicable,NH,Not Applicable,Not Applicable,No influence on accident,Fine,NEAR HIRANANDINI,B B ROAD,1 KM,13.241716,77.713731
Bengaluru City,Devanahalli Traffic PS,1.04432e+16,2018,1,2,Road Accidents,Narrow road,City/Town,Open area,Human Error,Not Applicable,Simple Injury,Vehicle to Vehicle,Not at  Junction,Others,One way,Bitumen(Tar),Dry,No influence on accident,Fine,"BB Road, Near Hiranandini Apartment",ELECTRIC POLE,20,13.241716,77.713731
Bengaluru City,Devanahalli Traffic PS,1.04432e+16,2018,1,2,Road Accidents,Junction,City/Town,Near or inside a village,Human Error,No,Simple Injury,Hit puchcart,No signal lights,Others,City or Town Road,Bitumen(Tar),Dry,No influence on accident,Fine,"BB Road, Near Chikkasanne gate, devanahalli tq, bangalore rural distict",BLINKER,35INC,13.2298289,77.702282
Bengaluru City,Devanahalli Traffic PS,1.04432e+16,2018,1,2,Road Accidents,Other,City/Town,Near Hospital,Human Error,No,Simple Injury,Hit puchcart,Not Applicable,Not Applicable,City or Town Road,Bitumen(Tar),Dry,Not Applicable,Fine,KOTTANURU- BAGALURU MAIN ROAD,ROYAL HOSPETAL CARE,2,13.071452,77.651055
Bengaluru City,Devanahalli Traffic PS,1.04432e+16,2018,1,3,Road Accidents,Narrow road,City/Town,Near Bus stop,Human Error,Not Applicable,Fatal,Not Applicable,No signal lights,Not Applicable,Others,Not Applicable,Not Applicable,Not Applicable,Fine,K NARAYANPUR MAIN ROAD,K NARAYANAPURACOSS,15,13.073,77.643661
Bengaluru City,Devanahalli Traffic PS,1.04432e+16,2018,1,1,Road Accidents,Narrow road,City/Town,Affected by encroachments,Human Error,Not Applicable,Simple Injury,Hit pedestrian,Not at  Junction,Others,City or Town Road,Bitumen(Tar),Dry,No influence on accident,Fine,"AIRPORT ROAD, NEAR TAJ HOTEL",TAJ HOTEL,20,13.198376,77.705837
Bengaluru City,Devanahalli Traffic PS,1.04432e+16,2018,1,1,Road Accidents,Narrow road,City/Town,Near or inside a village,Human Error,Yes,Simple Injury,Not Applicable,No signal lights,Not Applicable,NH,Not Applicable,Not Applicable,No influence on accident,Fine,"NEAR H P PETROL PUMP, CHIKKASANNE GATE,",B B ROAD,3 KM,13.2298289,77.702282
Bengaluru City,Devanahalli Traffic PS,1.04432e+16,2018,1,2,Road Accidents,Narrow road,City/Town,Open area,Human Error,No,Simple Injury,Not Applicable,No signal lights,Not Applicable,NH,Not Applicable,Not Applicable,No influence on accident,Fine,NEAR DEVANAHALLI BYPASS,B B ROAD,1 KM,13.241716,77.713731
Bengaluru City,Devanahalli Traffic PS,1.04432e+16,2018,1,2,Road Accidents,Narrow road,Rural Areas,Near or inside a village,Human Error,Yes,Simple Injury,Hit puchcart,Not at  Junction,Others,NH,Bitumen(Tar),Dry,Not Applicable,Fine,Near Bacchahalli Gate B B Road,Light Pole,35,13.211861,77.673157
Bengaluru City,Devanahalli Traffic PS,1.04432e+16,2018,1,1,Road Accidents,Narrow road,City/Town,Narrow bridge or culverts,Human Error,Yes,Fatal,Hit and Run,Not Applicable,Others,City or Town Road,Bitumen(Tar),Dry,No influence on accident,Others,"BB Road, Bachahalli gate",ELECTIIC POLE,65,13.211861,77.673157
Bengaluru City,Devanahalli Traffic PS,1.04432e+16,2018,1,2,Road Accidents,Not Applicable,Rural Areas,Open area,Human Error,No,Fatal,Not Applicable,Not Applicable,Not Applicable,NH,Not Applicable,Not Applicable,No influence on accident,Fine,"NEAR KANNAMANGALA PALYA,",B B ROAD,5 KM,13.201528,77.658159
Bengaluru City,Devanahalli Traffic PS,1.04432e+16,2018,1,1,Road Accidents,Narrow road,Not Applicable,Residential area,Human Error,No,Simple Injury,Not Applicable,No signal lights,Not Applicable,NH,Not Applicable,Not Applicable,No influence on accident,Others,NEAR HIRANANDINI APARTMENT,No Parking Board,50 FT,13.241716,77.713731
Bengaluru City,Devanahalli Traffic PS,1.04432e+16,2018,1,2,Road Accidents,Junction,City/Town,Near Bus stop,Human Error,Not Applicable,Simple Injury,Hit puchcart,Not Applicable,Others,City or Town Road,Bitumen(Tar),Dry,No influence on accident,Fine,"BB Road, Near old bud stop",No Parking Board,50,13.2486292,77.7155364
Bengaluru City,Devanahalli Traffic PS,1.04432e+16,2018,1,2,Road Accidents,Narrow road,City/Town,Affected by encroachments,Human Error,Not Applicable,Simple Injury,Hit puchcart,No signal lights,Others,Others,Bitumen(Tar),Dry,No influence on accident,Fine,Airport Road Near 1st circle,ELECTRIC POLE,40,0.0,0.0
Bengaluru City,Devanahalli Traffic PS,1.04432e+16,2018,1,2,Road Accidents,Circle,City/Town,Near office complex,Human Error,No,Damage Only,Head on,Controlled,Hump,One way,Bitumen(Tar),Dry,Not Applicable,Fine,BB Road,ELECTRIC POLE,48,13.241716,77.713731
Bengaluru City,Devanahalli Traffic PS,1.04432e+16,2018,1,2,Road Accidents,Narrow road,City/Town,Affected by encroachments,Human Error,No,Damage Only,Hit puchcart,Not at  Junction,Others,City or Town Road,Bitumen(Tar),Dry,No influence on accident,Fine,BB ROAD NEAR GAGAN RESTRORENT,ELECTIIC POLE,20,13.2676314,77.7195886
Bengaluru City,Devanahalli Traffic PS,1.04432e+16,2018,1,1,Road Accidents,Narrow road,City/Town,Near Bus stop,Human Error,No,Simple Injury,Head on,Not at  Junction,Not Applicable,City or Town Road,Bitumen(Tar),Dry,Not Applicable,Fine,BB Road,ELECTRICAL POLE,25,13.2456607,77.7127844
Bengaluru City,Devanahalli Traffic PS,1.04432e+16,2018,1,1,Road Accidents,Narrow road,City/Town,Affected by encroachments,Human Error,No,Fatal,Others,No signal lights,Not Applicable,City or Town Road,Bitumen(Tar),Dry,No influence on accident,Fine,AIRLINED DABA,TREE,50,13.132121,77.442723
Bengaluru City,Devanahalli Traffic PS,1.04432e+16,2018,1,2,Road Accidents,Other,City/Town,Affected by encroachments,Human Error,No,Simple Injury,Hit puchcart,Not Applicable,Not Applicable,City or Town Road,Bitumen(Tar),Dry,Not Applicable,Fine,KIAL AIRPORT ROAD NEAR I ST CIRCLE,SHINE BOARD,12,0.0,0.0
Bengaluru City,Devanahalli Traffic PS,1.04432e+16,2018,1,1,Road Accidents,Junction,City/Town,Near Bus stop,Human Error,Yes,Simple Injury,Hit and Run,Signal lights Blinking,Others,City or Town Road,Bitumen(Tar),Dry,No influence on accident,Fine,NEAR KANNAMANGALA PALYA GATE,BLENKER,20,13.21992627,77.67141724
Bengaluru City,Devanahalli Traffic PS,1.04432e+16,2018,1,1,Rail Road Accidents,Narrow road,City/Town,Near Bus stop,Human Error,No,Fatal,Not Applicable,No signal lights,Not Applicable,NH,Not Applicable,Not Applicable,No influence on accident,Fine,"BB ROAD, INFRONT OF GURUBHAVANA",ELECTIIC POLE,40MTR,13.2486292,77.7155364
Bengaluru City,Devanahalli Traffic PS,1.04432e+16,2018,1,2,Rail Road Accidents,Narrow road,Rural Areas,Open area,Human Error,No,Simple Injury,Not Applicable,No signal lights,Not Applicable,Two way,Not Applicable,Not Applicable,No influence on accident,Others,"NEAR AGALAKOTE VILLAGE,",BOODIGERE ROAD,8 KM,13.24353,77.718744
Bengaluru City,Devanahalli Traffic PS,1.04432e+16,2018,1,3,Road Accidents,Narrow road,City/Town,Affected by encroachments,Human Error,Not Applicable,Damage Only,Hit puchcart,Not Applicable,Others,City or Town Road,Bitumen(Tar),Dry,No influence on accident,Fine,Airport Road Near 1st circle,ELECTIIC POLE,35,13.198154,77.680104
Bengaluru City,Devanahalli Traffic PS,1.04432e+16,2018,1,2,Road Accidents,Narrow road,Rural Areas,Near Petrol Pump,Human Error,No,Simple Injury,Head on,Not Applicable,Not Applicable,NH,Bitumen(Tar),Dry,Not Applicable,Very Cold,BB Road,petrol bunk,30,13.2298289,77.702282
Bengaluru City,Devanahalli Traffic PS,1.04432e+16,2018,1,2,Road Accidents,Narrow road,Villages settlement,Near or inside a village,Human Error,Yes,Simple Injury,Hit and Run,Not at  Junction,Not Applicable,NH,Bitumen(Tar),Dry,Not Applicable,Snow,BB Road,No Parking Bord,34,13.2298289,77.702282
Bengaluru City,Devanahalli Traffic PS,1.04432e+16,2018,1,2,Road Accidents,Narrow road,City/Town,Near or inside a village,Human Error,No,Fatal,Hit puchcart,Not at  Junction,Others,City or Town Road,Bitumen(Tar),Dry,Not Applicable,Fine,NANDI ROAD NEAR RAMAKRISHNA HOUSE,TREE,20,0.0,0.0
Bengaluru City,Devanahalli Traffic PS,1.04432e+16,2018,1,3,Road Accidents,Junction,City/Town,Near or inside a village,Human Error,Yes,Simple Injury,Hit puchcart,Signal lights Blinking,Others,NH,Bitumen(Tar),Dry,No influence on accident,Fine,"NEAR CHIKKASANNE GATE,",devider,30,13.2298289,77.702282
Bengaluru City,Devanahalli Traffic PS,1.04432e+16,2018,1,1,Road Accidents,Narrow road,City/Town,Residential area,Human Error,Yes,Fatal,Not Applicable,No signal lights,Not Applicable,NH,Not Applicable,Not Applicable,No influence on accident,Others,"NEAR MAYURU HOTEL,",B B ROAD,1 KM,13.241716,77.713731
Bengaluru City,Devanahalli Traffic PS,1.04432e+16,2018,1,2,Road Accidents,Rail Crossing Unmanned,City/Town,Affected by encroachments,Human Error,Not Applicable,Damage Only,Hit puchcart,Not at  Junction,Others,City or Town Road,Bitumen(Tar),Dry,No influence on accident,Fine,"Near Neeragantapalya, devanahalli tq, bangalore rural distict",DEVIDER,35,13.3021582,77.5510526