DISTRICTNAME,UNITNAME,Crime_No,Year,RI,Noofvehicle_involved,Accident_Classification,Accident_Spot,Accident_Location,Accident_SubLocation,Main_Cause,Hit_Run,Severity,Collision_Type,Junction_Control,Road_Character,Road_Type,Surface_Type,Surface_Condition,Road_Condition,Weather,Accident_Road,Landmark_first,Distance_LandMark_First,Latitude,Longitude
Bengaluru City,Devanahalli Traffic PS,1.04432e+16,2018,1,1,Road Accidents,Narrow road,City/Town,Near office complex,Human Error,No,Damage Only,Hit fixed object,Not at  Junction,Not Applicable,City or Town Road,Bitumen(Tar),Dry,Not Applicable,Snow,Rampura Road,Electri pole,11,13.073,77.643661
Bengaluru City,Devanahalli Traffic PS,1.04432e+16,2018,1,3,Road Accidents,Narrow road,City/Town,Open area,Vehicle Defect,No,Damage Only,Not Applicable,No signal lights,Not Applicable,City or Town Road,Not Applicable,Not Applicable,No influence on accident,Fine,"NEAR BIAL PARKING PLACE, AREEVAR",AREEVA,12 KM,13.198376,77.705837
Bengaluru City,Devanahalli Traffic PS,1.04432e+16,2018,1,3,Road Accidents,Narrow road,Not Applicable,Near office complex,Human Error,No,Simple Injury,Head on,Not Applicable,Not Applicable,City or Town Road,Bitumen(Tar),Dry,Not Applicable,Fine,Airport Road,Tree,20,13.197924,77.690307
Bengaluru City,Devanahalli Traffic PS,1.04432e+16,2018,1,2,Road Accidents,Narrow road,City/Town,Affected by encroachments,Human Error,No,Simple Injury,Hit puchcart,Not at  Junction,Others,City or Town Road,Bitumen(Tar),Dry,No influence on accident,Fine,BIAL NEAR CISG CHECK POINT,ELECTRIC POLE,35,13.197924,77.690307
Bengaluru City,Devanahalli Traffic PS,1.04432e+16,2018,1,1,Road Accidents,Narrow road,City/Town,Affected by encroachments,Human Error,Not Applicable,Simple Injury,Not Applicable,Not at  Junction,Not Applicable,City or Town Road,Bitumen(Tar),Dry,Not Applicable,Fine,"KOTTANURU MAIN ROAD, BILISHIVALA MAIN ROAD",ELECTRICAL POLE,60,13.055511,77.646373
Bengaluru City,Devanahalli Traffic PS,1.04432e+16,2018,1,1,Road Accidents,Narrow road,Not Applicable,Near office complex,Human Error,No,Fatal,Head on,Not at  Junction,Not Applicable,NH,Bitumen(Tar),Dry,Not Applicable,Wind,BB Road,Sagar Bar and restorent,60,13.241716,77.713731
Bengaluru City,Devanahalli Traffic PS,1.04432e+16,2018,1,1,Road Accidents,Junction,City/Town,Near Bus stop,Human Error,No,Grievous Injury,Hit pedestrian,No signal lights,Others,NH,Bitumen(Tar),Dry,Not Applicable,Cloudy,devanahalli old busstop,Road Diveder,10 ft,13.2486292,77.7155364
Bengaluru City,Devanahalli Traffic PS,1.04432e+16,2018,1,3,Road Accidents,Narrow road,Rural Areas,Near Bus stop,Human Error,No,Fatal,Overturning,Not at  Junction,Not Applicable,NH,Bitumen(Tar),Dry,Not Applicable,Fine,BB Road,Divider,24,13.211861,77.673157
Bengaluru City,Devanahalli Traffic PS,1.04432e+16,2018,1,2,Road Accidents,Narrow road,City/Town,Near or inside a village,Human Error,Yes,Simple Injury,Vehicle to Vehicle,Not Applicable,Others,Two way,Bitumen(Tar),Dry,No influence on accident,Others,"NEAR AMJAL LAYOUT, NANADI ROAD, DEVANAHALLI",ELECTRIC POLE,20,0.0,0.0
Bengaluru City,Devanahalli Traffic PS,1.04432e+16,2018,1,2,Road Accidents,Narrow road,City/Town,Residential area,Human Error,Yes,Simple Injury,Vehicle to Vehicle,No signal lights,Not Applicable,Others,Not Applicable,Not Applicable,No influence on accident,Fine,"NEAR PRYME HOSPITAL,",K NARAYANAPURACOSS,22 KM,13.073,77.643661
Bengaluru City,Devanahalli Traffic PS,1.04432e+16,2018,1,1,Road Accidents,Narrow road,City/Town,At pedestrian Crossing,Human Error,Not Applicable,Fatal,Hit pedestrian,Not at  Junction,Not Applicable,City or Town Road,Bitumen(Tar),Dry,No influence on accident,Fine,"NEAR AKKUPETE JUNCTION, DEVANAHALL TQ, BB ROAD",ELECTIIC POLE,42,13.3021582,77.5510526
Bengaluru City,Devanahalli Traffic PS,1.04432e+16,2018,1,2,Road Accidents,Narrow road,City/Town,Affected by encroachments,Human Error,No,Simple Injury,Hit puchcart,Not Applicable,Not Applicable,City or Town Road,Bitumen(Tar),Dry,No influence on accident,Fine,"BB ROAD, NEAR KANNAMANGALA PALYA GATE",ELECTRIC POLE,30,13.201528,77.658159
Bengaluru City,Devanahalli Traffic PS,1.04432e+16,2018,1,2,Road Accidents,Narrow road,Not Applicable,Open area,Human Error,No,Simple Injury,Not Applicable,No signal lights,Not Applicable,NH,Not Applicable,Not Applicable,No influence on accident,Fine,NEAR CHIKKASANNE GATE,B B ROAD,3 KM,13.2298289,77.702282
Bengaluru City,Devanahalli Traffic PS,1.04432e+16,2018,1,2,Road Accidents,Junction,City/Town,Near or inside a village,Human Error,Not Applicable,Damage Only,Others,Signal lights Blinking,Others,NH,Bitumen(Tar),Dry,Not Applicable,Fine,"NEAR RANI CROSS, NATIONAL HIGHWAY, DEVANAHALLI",ELECTRIC POLE,35,13.2676314,77.7195886
Bengaluru City,Devanahalli Traffic PS,1.04432e+16,2018,1,1,Road Accidents,Narrow road,City/Town,Residential area,Human Error,No,Simple Injury,Not Applicable,No signal lights,Not Applicable,NH,Not Applicable,Not Applicable,No influence on accident,Others,NEAR KANNAMANGALA GATE,B B ROAD,5 KM,13.201528,77.658159
Bengaluru City,Devanahalli Traffic PS,1.04432e+16,2018,1,2,Road Accidents,Junction,City/Town,Affected by encroachments,Human Error,Not Applicable,Fatal,Vehicle to Vehicle,No signal lights,Others,NH,Bitumen(Tar),Dry,No influence on accident,Fine,"BB Road, Near Kannamagala gate, devanahalli tq, bangalore rural distict",ELECTIIC POLE,32,13.201528,77.658159
Bengaluru City,Devanahalli Traffic PS,1.04432e+16,2018,1,2,Road Accidents,Narrow road,City/Town,Narrow bridge or culverts,Human Error,No,Simple Injury,Not Applicable,No signal lights,Not Applicable,City or Town Road,Not Applicable,Not Applicable,Not Applicable,Fine,"NEAR KRISHNA ITI COLLOGE,",BYCHAPURA,01 KM,13.24471559,77.71320149
Bengaluru City,Devanahalli Traffic PS,1.04432e+16,2018,1,2,Road Accidents,Narrow road,City/Town,Affected by encroachments,Human Error,No,Simple Injury,Hit puchcart,Not at  Junction,Others,City or Town Road,Bitumen(Tar),Dry,No influence on accident,Fine,AIRPORT ROAD NEAR CISF CHECK POINT,DIVIDER,12,13.197924,77.690307
Bengaluru City,Devanahalli Traffic PS,1.04432e+16,2018,1,2,Road Accidents,Narrow road,Rural Areas,Near or inside a village,Human Error,Yes,Fatal,Head on,Not at  Junction,Not Applicable,Village Road,Bitumen(Tar),Dry,Not Applicable,Fog / Mist,Uganavadi Road,ELECTRICAL POLE,40,0.0,0.0
Bengaluru City,Devanahalli Traffic PS,1.04432e+16,2018,1,2,Road Accidents,Narrow road,City/Town,Open area,Human Error,No,Simple Injury,Not Applicable,No signal lights,Not Applicable,Others,Not Applicable,Others,Not Applicable,Fine,K NARAYANPUR MAIN ROAD,KOTTANURU,25 KM,13.073,77.643661
Bengaluru City,Devanahalli Traffic PS,1.04432e+16,2018,1,1,Road Accidents,Narrow road,City/Town,Affected by encroachments,Human Error,No,Simple Injury,Hit pedestrian,Not Applicable,Others,City or Town Road,Bitumen(Tar),Dry,No influence on accident,Fine,"KIAL, CARGO ROAD, NEAR TAJ STATS",TOW WAY BOARD,25,13.200518,77.699239
Bengaluru City,Devanahalli Traffic PS,1.04432e+16,2018,1,1,Road Accidents,Narrow road,City/Town,Near School or College,Human Error,Yes,Fatal,Hit pedestrian,Not Applicable,Others,Two way,Bitumen(Tar),Dry,Not Applicable,Fine,Near Gubbi Cross Kottanuru Bagaluru Main Road,Light Pole,65,13.073,77.643661
Bengaluru City,Devanahalli Traffic PS,1.04432e+16,2018,1,2,Road Accidents,Narrow road,City/Town,Affected by encroachments,Human Error,No,Simple Injury,Hit puchcart,Not at  Junction,Others,City or Town Road,Bitumen(Tar),Dry,No influence on accident,Fine,"BB Road, Near Uganavadi gate",ELECTIIC POLE,45,13.2298289,77.702282
Bengaluru City,Devanahalli Traffic PS,1.04432e+16,2018,1,2,Road Accidents,Narrow road,Rural Areas,Open area,Human Error,Yes,Simple Injury,Vehicle to Vehicle,No signal lights,Not Applicable,NH,Not Applicable,Not Applicable,No influence on accident,Others,"BHACHCHAHALLI BRIDGE,",DEVANAHALLI,4 KM,13.211861,77.673157
Bengaluru City,Devanahalli Traffic PS,1.04432e+16,2018,1,1,Rail Road Accidents,Junction,City/Town,Near Bus stop,Human Error,No,Simple Injury,Not Applicable,No signal lights,Not Applicable,NH,Not Applicable,Not Applicable,No influence on accident,Fine,DEVANAHALLI TOWN,VIJAYAPURA CERCAL,2 KM,13.241716,77.713731
Bengaluru City,Devanahalli Traffic PS,1.04432e+16,2018,1,1,Road Accidents,Junction,City/Town,Residential area,Human Error,Yes,Simple Injury,Hit and Run,No signal lights,Not Applicable,City or Town Road,Bitumen(Tar),Dry,Not Applicable,Fine,Kothanuru Road,Elecric pole,25,13.073,77.643661
Bengaluru City,Devanahalli Traffic PS,1.04432e+16,2018,1,2,Road Accidents,Junction,City/Town,Affected by encroachments,Human Error,No,Simple Injury,Hit puchcart,No signal lights,Not Applicable,City or Town Road,Bitumen(Tar),Dry,No influence on accident,Fine,BB ROAD NEAR IVC JUNCTION,ELECTRIC POLE,20,0.0,0.0
Bengaluru City,Devanahalli Traffic PS,1.04432e+16,2018,1,2,Road Accidents,Junction,City/Town,Narrow bridge or culverts,Human Error,No,Simple Injury,Hit puchcart,Police / Manual,Others,Service Road,Bitumen(Tar),Dry,Not Applicable,Fine,doddapallapur cross,BRIDGE,21,13.3021582,77.5510526
Bengaluru City,Devanahalli Traffic PS,1.04432e+16,2018,1,2,Road Accidents,Bridge,City/Town,Narrow bridge or culverts,Human Error,No,Damage Only,Hit puchcart,Not Applicable,Others,City or Town Road,Bitumen(Tar),Dry,No influence on accident,Fine,Airport Road,ELECTRIC POLE,40,13.195911,77.669649
Bengaluru City,Devanahalli Traffic PS,1.04432e+16,2018,1,1,Road Accidents,Narrow road,City/Town,Near or inside a village,Human Error,No,Fatal,Hit bicyclist,Signal lights Blinking,Others,City or Town Road,Bitumen(Tar),Dry,No influence on accident,Others,"BB Road, Near chikkasanne service raod",ELECTIIC POLE,30,13.2298289,77.702282
Bengaluru City,Devanahalli Traffic PS,1.04432e+16,2018,1,2,Road Accidents,Cross roads,City/Town,Near Petrol Pump,Human Error,Not Applicable,Simple Injury,Hit puchcart,Not Applicable,Not Applicable,City or Town Road,Bitumen(Tar),Dry,No influence on accident,Fine,"BB ROAD, DEMART DEVANAHALLI TOWN",ELECTRIC POLE,50,13.2486292,77.7155364
Bengaluru City,Devanahalli Traffic PS,1.04432e+16,2018,1,2,Road Accidents,Junction,City/Town,Near Bus stop,Human Error,No,Damage Only,Hit puchcart,Signal lights Manual,Others,City or Town Road,Bitumen(Tar),Dry,No influence on accident,Fine,NEAR VIJAYAPURA CROSS,ELECTRIC POLE,20,13.241716,77.713731
Bengaluru City,Devanahalli Traffic PS,1.04432e+16,2018,1,1,Road Accidents,Narrow road,City/Town,Residential area,Human Error,No,Simple Injury,Not Applicable,No signal lights,Gentle Incline or Climb,City or Town Road,Not Applicable,Not Applicable,No influence on accident,Fine,"INFORNT ALAHABHAD BANK, NEAR KOTTANURU BUS STAND",ELECTIIC POLE,20,13.34303,77.385609
Bengaluru City,Devanahalli Traffic PS,1.04432e+16,2018,1,1,Road Accidents,Not Applicable,City/Town,Near or inside a village,Human Error,Yes,Simple Injury,Not Applicable,Not at  Junction,Not Applicable,NH,Bitumen(Tar),Dry,No influence on accident,Fine,"BB Road, Bachahalli gate",ELECTRIC POLE,6 km,13.211861,77.673157
Bengaluru City,Devanahalli Traffic PS,1.04432e+16,2018,1,2,Road Accidents,Narrow road,City/Town,Near or inside a village,Human Error,Not Applicable,Damage Only,Others,Police / Manual,Others,NH,Bitumen(Tar),Dry,Not Applicable,Fine,Kannamangala Road Devanahalli,Tree,15,13.201528,77.658159
Bengaluru City,Devanahalli Traffic PS,1.04432e+16,2018,1,2,Road Accidents,Bridge,Rural Areas,Narrow bridge or culverts,Human Error,No,Simple Injury,Others,Not at  Junction,Not Applicable,NH,Bitumen(Tar),Dry,Not Applicable,Fine,BB Road,Crankrit wall,30,13.211861,77.673157
Bengaluru City,Devanahalli Traffic PS,1.04432e+16,2018,1,2,Road Accidents,Narrow road,Rural Areas,Near Petrol Pump,Human Error,No,Simple Injury,Head on,Not at  Junction,Not Applicable,Village Road,Bitumen(Tar),Dry,Not Applicable,Fine,Vijayapura road,ELECTRIC POLE,23,13.241716,77.713731
Bengaluru City,Devanahalli Traffic PS,1.04432e+16,2018,1,2,Road Accidents,Narrow road,Not Applicable,Near office complex,Human Error,No,Simple Injury,Head on,Not at  Junction,Not Applicable,Others,Bitumen(Tar),Dry,Not Applicable,Fine,Airport Road,ELECTRONIC POLE,45,13.195911,77.669649
Bengaluru City,Devanahalli Traffic PS,1.04432e+16,2018,1,2,Road Accidents,Junction,Rural Areas,Near or inside a village,Human Error,No,Simple Injury,Head on,No signal lights,Not Applicable,NH,Bitumen(Tar),Dry,Not Applicable,Fine,BB Road,Divider,15,13.3021582,77.5510526
Bengaluru City,Devanahalli Traffic PS,1.04432e+16,2018,1,4,Road Accidents,Narrow road,City/Town,Open area,Vehicle Defect,No,Damage Only,Not Applicable,No signal lights,Not Applicable,Others,Not Applicable,Not Applicable,Not Applicable,Others,AIRPORT,PARKING PLACE,12KM,13.198982,77.704175
Bengaluru City,Devanahalli Traffic PS,1.04432e+16,2018,1,2,Road Accidents,Narrow road,City/Town,Affected by encroachments,Human Error,Not Applicable,Damage Only,Hit puchcart,Not Applicable,Not Applicable,City or Town Road,Bitumen(Tar),Dry,No influence on accident,Fine,"KIAL MAIN ROAD, NEAR 1ST CIRCLE",ELECTRIC POLE,40,0.0,0.0
Bengaluru City,Devanahalli Traffic PS,1.04432e+16,2018,1,2,Road Accidents,Narrow road,City/Town,Affected by encroachments,Human Error,No,Simple Injury,Hit puchcart,Not Applicable,Not Applicable,City or Town Road,Bitumen(Tar),Dry,No influence on accident,Fine,"BB ROAD, PUJENAHALLI GATE",ELECTRIC POLE,30,13.2417155,77.7137306
Bengaluru City,Devanahalli Traffic PS,1.04432e+16,2018,1,1,Road Accidents,Narrow road,City/Town,Affected by encroachments,Human Error,No,Simple Injury,Hit pedestrian,Not Applicable,Others,City or Town Road,Bitumen(Tar),Dry,No influence on accident,Fine,"Bagaluru main road, In fornt of bible road",ELECTIIC POLE,30,13.071452,77.651055
Bengaluru City,Devanahalli Traffic PS,1.04432e+16,2018,1,2,Road Accidents,Narrow road,City/Town,Residential area,Human Error,No,Simple Injury,Not Applicable,No signal lights,Not Applicable,City or Town Road,Not Applicable,Not Applicable,No influence on accident,Fine,"NEAR PRINES RESIDENCY,",ELECTIIC POLE,30,13.073,77.643661
Bengaluru City,Devanahalli Traffic PS,1.04432e+16,2018,1,3,Rail Road Accidents,Narrow road,City/Town,Open area,Vehicle Defect,No,Damage Only,Not Applicable,No signal lights,Not Applicable,NH,Not Applicable,Not Applicable,No influence on accident,Fine,NEAR DEVANAHALLI BYPASS,B B  ROAD,1 KM,13.241716,77.713731
Bengaluru City,Devanahalli Traffic PS,1.04432e+16,2018,1,1,Road Accidents,Narrow road,City/Town,Near Hospital,Human Error,Not Applicable,Fatal,Not Applicable,Not Applicable,Not Applicable,City or Town Road,Bitumen(Tar),Dry,No influence on accident,Fine,"NEAR D MART, INFRONT OF KRISHNA HOSPETAL, DEVANAHALLI",ELECTRIC POLE,45,13.2486292,77.7155364
Bengaluru City,Devanahalli Traffic PS,1.04432e+16,2018,1,1,Road Accidents,Narrow road,City/Town,Residential area,Human Error,No,Fatal,Not Applicable,No signal lights,Not Applicable,NH,Not Applicable,Not Applicable,No influence on accident,Others,"NEAR DHABHGATE,",B B ROAD,2KM,13.2298289,77.702282
Bengaluru City,Devanahalli Traffic PS,1.04432e+16,2018,1,2,Road Accidents,Narrow road,Rural Areas,Near Bus stop,Human Error,No,Simple Injury,Head on,Not at  Junction,Not Applicable,NH,Bitumen(Tar),Dry,Not Applicable,Clear,DODDABALLAPUR Road,ELECTRIC POLE,20,13.241716,77.713731
Bengaluru City,Devanahalli Traffic PS,1.04432e+16,2018,1,1,Road Accidents,Junction,City/Town,Near Bus stop,Human Error,Yes,Simple Injury,Hit pedestrian,Controlled,Not Applicable,NH,Bitumen(Tar),Dry,Not Applicable,Fog / Mist,BB Road,ELECTRIC POLE,25,13.241716,77.713731
Bengaluru City,Devanahalli Traffic PS,1.04432e+16,2018,1,2,Road Accidents,Narrow road,City/Town,In bazaar,Human Error,No,Simple Injury,Head on,Not at  Junction,Not Applicable,NH,Bitumen(Tar),Dry,Not Applicable,Fine,BB Road,ELECTRICAL POLE,40,13.2486292,77.7155364
Bengaluru City,Devanahalli Traffic PS,1.04432e+16,2018,1,2,Road Accidents,Narrow road,Rural Areas,Near Bus stop,Human Error,No,Simple Injury,Head on,No signal lights,Not Applicable,NH,Bitumen(Tar),Dry,Not Applicable,Wind,BB Road,Rail track,50,13.2298289,77.702282
Bengaluru City,Devanahalli Traffic PS,1.04432e+16,2018,1,2,Road Accidents,Narrow road,City/Town,Near Petrol Pump,Human Error,No,Fatal,Head on,No signal lights,Not Applicable,Residential Street,Bitumen(Tar),Dry,Not Applicable,Fine,Bagaluru Hennuru Main road,ELECTRIC POLE,20,13.055511,77.646373
Bengaluru City,Devanahalli Traffic PS,1.04432e+16,2018,1,2,Road Accidents,Narrow road,City/Town,Near or inside a village,Human Error,Yes,Simple Injury,Others,Police / Manual,Others,NH,Bitumen(Tar),Dry,Not Applicable,Fine,Near Kannamagala Gate B B Road Devanahalli,Road Divider,25,13.201528,77.658159
Bengaluru City,Devanahalli Traffic PS,1.04432e+16,2018,1,2,Road Accidents,Junction,City/Town,Affected by encroachments,Human Error,No,Simple Injury,Hit puchcart,Signal lights Blinking,Others,City or Town Road,Bitumen(Tar),Dry,No influence on accident,Fine,"B B RAOD, KANNAMANGALA GATE",NO PARKING BOARD,75,13.201528,77.658159
Bengaluru City,Devanahalli Traffic PS,1.04432e+16,2018,1,2,Road Accidents,Narrow road,City/Town,Open area,Human Error,No,Simple Injury,Not Applicable,No signal lights,Not Applicable,City or Town Road,Not Applicable,Not Applicable,No influence on accident,Fine,"BYCHAPUR ROAD,",NEAR BRIGADE GATE,2 KM,13.24471559,77.71320149
Bengaluru City,Devanahalli Traffic PS,1.04432e+16,2018,1,1,Road Accidents,Junction,City/Town,At pedestrian Crossing,Human Error,No,Simple Injury,Hit pedestrian,Signal lights Blinking,Others,NH,Bitumen(Tar),Not Applicable,No influence on accident,Fine,"NEAR KANNAMANGALA PALYA GATE, DEVANAHALLI TQ, BB ROAD",HYMASS ELECTRIC POLE,80,13.21992627,77.67141724
Bengaluru City,Devanahalli Traffic PS,1.04432e+16,2018,1,2,Road Accidents,Narrow road,City/Town,Near or inside a village,Human Error,Not Applicable,Simple Injury,Hit puchcart,Police / Manual,Not Applicable,City or Town Road,Bitumen(Tar),Dry,Not Applicable,Fine,"B B Road Rani Cross Near Aviraj Car Wash, Devanahalli",steet luight poll,15,13.2676314,77.7195886
Bengaluru City,Devanahalli Traffic PS,1.04432e+16,2018,1,2,Road Accidents,Bridge,City/Town,Narrow bridge or culverts,Human Error,No,Simple Injury,Hit puchcart,Not at  Junction,Others,City or Town Road,Concrete,Dry,No influence on accident,Fine,"near devanahalli diversion, kial",ELECTIIC POLE,40,13.193689,77.649658
Bengaluru City,Devanahalli Traffic PS,1.04432e+16,2018,1,2,Road Accidents,Narrow road,City/Town,Open area,Human Error,No,Simple Injury,Not Applicable,No signal lights,Not Applicable,Others,Not Applicable,Not Applicable,No influence on accident,Fine,"NEAR W S TEST SYSTEMS PRT LIMITED, SADAHALLI ROAD,",ELECTIIC POLE,10,13.211165,77.646095
Bengaluru City,Devanahalli Traffic PS,1.04432e+16,2018,1,1,Road Accidents,Narrow road,City/Town,Open area,Human Error,No,Fatal,Not Applicable,No signal lights,Not Applicable,NH,Not Applicable,Not Applicable,No influence on accident,Others,"NEAR KANNAMANGALA PALYA GATE,",B B ROAD,4 KM,13.21992627,77.67141724
Bengaluru City,Devanahalli Traffic PS,1.04432e+16,2018,1,1,Road Accidents,Narrow road,City/Town,Residential area,Not Applicable,No,Damage Only,Hit fixed object,No signal lights,Not Applicable,City or Town Road,Not Applicable,Not Applicable,No influence on accident,Others,"POORNAPRAJZA SCHOOL,",devider,35inc,13.34303,77.385609
Bengaluru City,Devanahalli Traffic PS,1.04432e+16,2018,1,1,Road Accidents,Narrow road,Rural Areas,Residential area,Human Error,No,Simple Injury,Head on,Not at  Junction,Not Applicable,Others,Bitumen(Tar),Dry,Not Applicable,Fog / Mist,BYCHAPURA ROAD,tree,20,13.24471559,77.71320149
Bengaluru City,Devanahalli Traffic PS,1.04432e+16,2018,1,2,Road Accidents,Narrow road,Rural Areas,Near or inside a village,Human Error,No,Simple Injury,Overturning,Not at  Junction,Hump,NH,Bitumen(Tar),Dry,Not Applicable,Fine,BB Road,ELECTRIC POLE,15,13.2676314,77.7195886
Bengaluru City,Devanahalli Traffic PS,1.04432e+16,2018,1,2,Road Accidents,Narrow road,Rural Areas,Near Bus stop,Human Error,No,Simple Injury,Head on,Not at  Junction,Not Applicable,State Highway,Bitumen(Tar),Dry,Not Applicable,Fog / Mist,Devanahalli- Sulibele Road,ELECTRICAL POLE,32,13.216996,77.740438
Bengaluru City,Devanahalli Traffic PS,1.04432e+16,2018,1,2,Road Accidents,Narrow road,City/Town,Residential area,Vehicle Defect,Not Applicable,Damage Only,Not Applicable,No signal lights,Not Applicable,Others,Not Applicable,Not Applicable,No influence on accident,Fine,AIRPORT,AIRPORT DOWN ROP,11,13.198154,77.680104
Bengaluru City,Devanahalli Traffic PS,1.04432e+16,2018,1,1,Road Accidents,Narrow road,City/Town,In bazaar,Human Error,No,Simple Injury,Head on,No signal lights,Not Applicable,Others,Not Applicable,Dry,Not Applicable,Fine,Old Bus Stand BB Road,Tree,22,13.2486292,77.7155364
Bengaluru City,Devanahalli Traffic PS,1.04432e+16,2018,1,2,Road Accidents,Junction,City/Town,Near Bus stop,Human Error,No,Simple Injury,Hit puchcart,Signals (Working),Others,City or Town Road,Bitumen(Tar),Dry,No influence on accident,Fine,doddaballapura cross,BLINKER,12,13.3021582,77.5510526
Bengaluru City,Devanahalli Traffic PS,1.04432e+16,2018,1,2,Road Accidents,Narrow road,City/Town,Near or inside a village,Human Error,Not Applicable,Damage Only,Hit puchcart,Not at  Junction,Others,City or Town Road,Bitumen(Tar),Dry,No influence on accident,Fine,BB ROAD NEAR UGANAVADI GATE,No Parking Board,35,13.2298289,77.702282
Bengaluru City,Devanahalli Traffic PS,1.04432e+16,2018,1,2,Road Accidents,Narrow road,City/Town,Affected by encroachments,Human Error,Not Applicable,Fatal,Hit puchcart,Not at  Junction,Others,City or Town Road,Bitumen(Tar),Dry,No influence on accident,Fine,BB ROAD NEAR GREEN PARK DABA,SIGN BOARD,18,13.3021582,77.5510526
Bengaluru City,Devanahalli Traffic PS,1.04432e+16,2018,1,4,Road Accidents,Not Applicable,City/Town,Affected by encroachments,Human Error,Yes,Simple Injury,Hit and Run,Not Applicable,Not Applicable,City or Town Road,Bitumen(Tar),Dry,No influence on accident,Fine,"BAGALURU HENNURU MAIN ROAD, DECATLAN",DECATLAN BUILDING,30,13.34303,77.385609
Bengaluru City,Devanahalli Traffic PS,1.04432e+16,2018,1,2,Road Accidents,Narrow road,Not Applicable,Near or inside a village,Human Error,No,Fatal,Not Applicable,No signal lights,Not Applicable,NH,Not Applicable,Not Applicable,No influence on accident,Fine,NEAR SOUTEGOUDANAHALLI,DEVANAHALLI SULIBELE ROAD,4 KM,13.241715,77.71373
Bengaluru City,Devanahalli Traffic PS,1.04432e+16,2018,1,2,Road Accidents,Narrow road,City/Town,Open area,Human Error,No,Simple Injury,Not Applicable,No signal lights,Not Applicable,NH,Not Applicable,Not Applicable,No influence on accident,Others,"NEAR BHACHHALLI GATE, KANNAMANGALA PALYA GATE",cement bricks,30,13.21992627,77.67141724
Bengaluru City,Devanahalli Traffic PS,1.04432e+16,2018,1,2,Road Accidents,Narrow road,City/Town,Open area,Human Error,Yes,Simple Injury,Not Applicable,No signal lights,Others,NH,Not Applicable,Not Applicable,No influence on accident,Fine,NEAR TOOL PLAZA,B B ROAD,5 KM,13.193689,77.649658
Bengaluru City,Devanahalli Traffic PS,1.04432e+16,2018,1,2,Road Accidents,Narrow road,City/Town,Residential area,Human Error,No,Simple Injury,Not Applicable,No signal lights,Not Applicable,NH,Not Applicable,Not Applicable,No influence on accident,Others,"IN FORNT OF UDUPI HOTEL,RANICROSS,",BB ROAD,2 KM,13.2676314,77.7195886
Bengaluru City,Devanahalli Traffic PS,1.04432e+16,2018,1,2,Road Accidents,Narrow road,Rural Areas,Narrow bridge or culverts,Human Error,No,Fatal,Not Applicable,Not at  Junction,Others,NH,Bitumen(Tar),Not Applicable,No influence on accident,Fine,"BUVANAHALLI BRIDGE,",B B ROAD,6 KM,13.21992627,77.67141724
Bengaluru City,Devanahalli Traffic PS,1.04432e+16,2018,1,1,Rail Road Accidents,Narrow road,City/Town,Residential area,Human Error,No,Simple Injury,Not Applicable,No signal lights,Not Applicable,NH,Not Applicable,Not Applicable,No influence on accident,Fine,devanahalli old busstop,NEAR HDFC BANK,1 KM,13.2486292,77.7155364
Bengaluru City,Devanahalli Traffic PS,1.04432e+16,2018,1,2,Road Accidents,Junction,City/Town,Affected by encroachments,Human Error,Not Applicable,Simple Injury,Hit puchcart,No signal lights,Others,City or Town Road,Bitumen(Tar),Dry,No influence on accident,Fine,"BB Road, Near Kannamangala palya gate, devanahalli Town, bangalore rural distict",SIGN BOARD,35F,13.21992627,77.67141724
Bengaluru City,Devanahalli Traffic PS,1.04432e+16,2018,1,2,Road Accidents,Junction,Not Applicable,Near a factory industrial area,Human Error,No,Damage Only,Others,Controlled,Others,One way,Bitumen(Tar),Dry,Not Applicable,Snow,Airport Road,Parking Place,30,13.198376,77.705837
Bengaluru City,Devanahalli Traffic PS,1.04432e+16,2018,1,2,Road Accidents,Narrow road,Not Applicable,Near office complex,Human Error,No,Damage Only,Head on,Not at  Junction,Not Applicable,Others,Bitumen(Tar),Dry,Not Applicable,Fine,Airport Road,ELECTRICAL POLE,25,13.198154,77.680104