DISTRICTNAME,UNITNAME,Crime_No,Year,RI,Noofvehicle_involved,Accident_Classification,Accident_Spot,Accident_Location,Accident_SubLocation,Main_Cause,Hit_Run,Severity,Collision_Type,Junction_Control,Road_Character,Road_Type,Surface_Type,Surface_Condition,Road_Condition,Weather,Accident_Road,Landmark_first,Distance_LandMark_First,Latitude,Longitude
Bengaluru City,Devanahalli Traffic PS,1.04432e+16,2018,1,1,Road Accidents,Junction,City/Town,Affected by encroachments,Human Error,No,Simple Injury,Hit fixed object,No signal lights,Others,City or Town Road,Bitumen(Tar),Dry,Not Applicable,Fine,B.B ROAD KOTE CROSS,SERVICE ROAD,20,13.3021582,77.5510526
Bengaluru City,Devanahalli Traffic PS,1.04432e+16,2018,1,2,Road Accidents,Narrow road,Villages settlement,Near Bus stop,Human Error,No,Simple Injury,Side impact or Right angle,No signal lights,Not Applicable,NH,Bitumen(Tar),Dry,Not Applicable,Fine,"B.B ROAD, KANNAMANGALA GATE",Divider,12,13.201528,77.658159
Bengaluru City,Devanahalli Traffic PS,1.04432e+16,2018,1,1,Road Accidents,Narrow road,Rural Areas,Near Bus stop,Human Error,No,Simple Injury,Head on,Not at  Junction,Not Applicable,Others,Bitumen(Tar),Dry,Not Applicable,Fine,Nandi Road,ELECTRICAL POLE,32,13.277211,77.712902
Bengaluru City,Devanahalli Traffic PS,1.04432e+16,2018,1,1,Road Accidents,Narrow road,City/Town,Near or inside a village,Human Error,Yes,Simple Injury,Hit and Run,Not Applicable,Others,NH,Bitumen(Tar),Dry,Not Applicable,Fine,"NEAR NANDAGOKULA HOTEL, BB RAOD, DEVANAHALLI",ELECTRIC POLE,35,13.3021582,77.5510526
Bengaluru City,Devanahalli Traffic PS,1.04432e+16,2018,1,1,Rail Road Accidents,Narrow road,City/Town,Open area,Human Error,No,Fatal,Not Applicable,No signal lights,Not Applicable,City or Town Road,Not Applicable,Not Applicable,No influence on accident,Fine,Kothanuru road,NEAR BYRATHI CROSS,20 KM,13.05715,77.64846
Bengaluru City,Devanahalli Traffic PS,1.04432e+16,2018,1,2,Road Accidents,Narrow road,City/Town,Affected by encroachments,Human Error,Not Applicable,Damage Only,Hit puchcart,Signal lights Manual,Others,Minor District Road,Bitumen(Tar),Dry,No influence on accident,Fine,"BB ROAD, NEAR KOTE CROSS",HYMASS ELECTRIC POLE,30,13.3021582,77.5510526
Bengaluru City,Devanahalli Traffic PS,1.04432e+16,2018,1,1,Road Accidents,Narrow road,City/Town,Near or inside a village,Human Error,Not Applicable,Simple Injury,Hit pedal cyclist,Not Applicable,Others,City or Town Road,Bitumen(Tar),Dry,No influence on accident,Fine,"Near Kurubarakunte cross, vijayapura road",ELECTIIC POLE,25,13.267877,77.718913
Bengaluru City,Devanahalli Traffic PS,1.04432e+16,2018,1,2,Road Accidents,Junction,City/Town,Open area,Human Error,Yes,Fatal,Hit puchcart,Signal lights Blinking,Straight and flat,City or Town Road,Bitumen(Tar),Dry,No influence on accident,Fine,"BB ROAD, NEAR RANI CROSS",TREE,65,13.2676314,77.7195886
Bengaluru City,Devanahalli Traffic PS,1.04432e+16,2018,1,2,Road Accidents,Narrow road,City/Town,Open area,Human Error,No,Simple Injury,Vehicle to Vehicle,No signal lights,Not Applicable,NH,Not Applicable,Not Applicable,No influence on accident,Fine,"BHUVANAHALLI BRIDGE,",B B ROAD,5 KM,13.34303,77.385609
Bengaluru City,Devanahalli Traffic PS,1.04432e+16,2018,1,2,Road Accidents,Narrow road,City/Town,Affected by encroachments,Human Error,No,Simple Injury,Hit puchcart,Not Applicable,Others,City or Town Road,Bitumen(Tar),Dry,No influence on accident,Fine,NEAR PUJENAHALLI CROSS,ELECTRIC POLE,30,13.211165,77.646095
Bengaluru City,Devanahalli Traffic PS,1.04432e+16,2018,1,1,Road Accidents,Narrow road,Rural Areas,Residential area,Human Error,No,Fatal,Hit pedestrian,No signal lights,Others,NH,Bitumen(Tar),Wet,No influence on accident,Wind,"IN FORNT OF HIRANANDINI APARTMENT,CHIKKASANNE,",No Parking Board,35inc,13.2298289,77.702282
Bengaluru City,Devanahalli Traffic PS,1.04432e+16,2018,1,2,Road Accidents,Junction,City/Town,Affected by encroachments,Human Error,No,Simple Injury,Hit puchcart,Signal lights Blinking,Others,City or Town Road,Bitumen(Tar),Dry,No influence on accident,Fine,"BB Road, Near devanahalli bypas",sign lights,10,13.241716,77.713731
Bengaluru City,Devanahalli Traffic PS,1.04432e+16,2018,1,1,Road Accidents,Junction,City/Town,Open area,Human Error,No,Simple Injury,Not Applicable,No signal lights,Not Applicable,NH,Not Applicable,Not Applicable,No influence on accident,Others,"NEAR KANNAMANGALA PALYA,",Iron grill,40km,13.21992627,77.67141724
Bengaluru City,Devanahalli Traffic PS,1.04432e+16,2018,1,1,Road Accidents,Other,City/Town,At pedestrian Crossing,Human Error,No,Simple Injury,Hit pedestrian,Not Applicable,Others,City or Town Road,Bitumen(Tar),Dry,Not Applicable,Fine,"hegade nagara 1st main road, 6th cross",ELECTRICAL POLE,25,13.071709,77.631884
Bengaluru City,Devanahalli Traffic PS,1.04432e+16,2018,1,2,Road Accidents,Narrow road,City/Town,Open area,Human Error,No,Simple Injury,Vehicle to Vehicle,No signal lights,Not Applicable,NH,Not Applicable,Not Applicable,No influence on accident,Others,NEAR RANI CROSS,B B ROAD,2 KM,13.2676314,77.7195886
Bengaluru City,Devanahalli Traffic PS,1.04432e+16,2018,1,1,Road Accidents,Narrow road,City/Town,Affected by encroachments,Human Error,No,Simple Injury,Hit pedestrian,Not Applicable,Others,City or Town Road,Bitumen(Tar),Muddy,No influence on accident,Light Rain,"BB ROAD, NEAR DEVANAHALLI TOLL GATE",DEVIDER,36,13.201871,77.662448
Bengaluru City,Devanahalli Traffic PS,1.04432e+16,2018,1,1,Road Accidents,Narrow road,City/Town,Near or inside a village,Human Error,Yes,Fatal,Not Applicable,No signal lights,Not Applicable,NH,Not Applicable,Not Applicable,No influence on accident,Others,"UGANAWADI CROSS,",B B ROAD,5 KM,0.0,0.0
Bengaluru City,Devanahalli Traffic PS,1.04432e+16,2018,1,1,Rail Road Accidents,Narrow road,City/Town,Open area,Human Error,Yes,Simple Injury,Hit and Run,No signal lights,Not Applicable,NH,Not Applicable,Not Applicable,No influence on accident,Others,Kannamangala  Gate,B B ROAD,4 KM,13.201528,77.658159
Bengaluru City,Devanahalli Traffic PS,1.04432e+16,2018,1,2,Rail Road Accidents,Not Applicable,City/Town,Open area,Human Error,Yes,Simple Injury,Not Applicable,No signal lights,Not Applicable,NH,Not Applicable,Not Applicable,No influence on accident,Others,BB Road,NEAR KOTE CROSS,1 KM,13.3021582,77.5510526
Bengaluru City,Devanahalli Traffic PS,1.04432e+16,2018,1,2,Road Accidents,Narrow road,City/Town,Open area,Human Error,Yes,Simple Injury,Hit and Run,No signal lights,Not Applicable,NH,Not Applicable,Not Applicable,No influence on accident,Others,"BHUVANAHALLI BRIDGE,",SIGN BOARD,40INC,13.211165,77.646095
Bengaluru City,Devanahalli Traffic PS,1.04432e+16,2018,1,1,Road Accidents,Narrow road,City/Town,Near office complex,Human Error,Yes,Simple Injury,Hit and Run,Not at  Junction,Not Applicable,City or Town Road,Bitumen(Tar),Dry,No influence on accident,Fine,"Hennuru bagaluru main road, Infront of big market",ELECTIIC POLE,40,13.055511,77.646373
Bengaluru City,Devanahalli Traffic PS,1.04432e+16,2018,1,1,Rail Road Accidents,Narrow road,City/Town,Narrow bridge or culverts,Human Error,No,Simple Injury,Not Applicable,Not at  Junction,Not Applicable,NH,Not Applicable,Not Applicable,No influence on accident,Fine,NEAR BACHCHAHALLI GATE,B B ROAD,3 KM,13.211861,77.673157
Bengaluru City,Devanahalli Traffic PS,1.04432e+16,2018,1,2,Road Accidents,Narrow road,Villages settlement,Near a religious place,Human Error,No,Simple Injury,Head on,Not at  Junction,Not Applicable,NH,Bitumen(Tar),Dry,Not Applicable,Fine,BB Road,ELECTRICAL POLE,25,13.2676314,77.7195886
Bengaluru City,Devanahalli Traffic PS,1.04432e+16,2018,1,2,Road Accidents,Circle,City/Town,Near Bus stop,Human Error,No,Damage Only,Hit puchcart,No signal lights,Others,City or Town Road,Bitumen(Tar),Dry,No influence on accident,Fine,B.B ROAD OLD BUS STOP,ELECTRIC POLE,35,13.2486292,77.7155364
Bengaluru City,Devanahalli Traffic PS,1.04432e+16,2018,1,2,Road Accidents,Junction,City/Town,Near Bus stop,Human Error,No,Simple Injury,Hit puchcart,No signal lights,Others,City or Town Road,Bitumen(Tar),Dry,No influence on accident,Fine,"KOTTANURU BUS STOP, HENNURU-BAGALURU MAIN ROAD",ELECTRIC POLE,7,13.34303,77.385609
Bengaluru City,Devanahalli Traffic PS,1.04432e+16,2018,1,2,Road Accidents,Narrow road,City/Town,Affected by encroachments,Human Error,No,Simple Injury,Hit puchcart,No signal lights,Others,City or Town Road,Bitumen(Tar),Dry,No influence on accident,Fine,"BUDIGERE ROAD, NEAR BYCHAPURA",ELECTIIC POLE,30,0.0,0.0
Bengaluru City,Devanahalli Traffic PS,1.04432e+16,2018,1,2,Road Accidents,Narrow road,City/Town,Residential area,Human Error,No,Fatal,Not Applicable,No signal lights,Not Applicable,NH,Not Applicable,Not Applicable,No influence on accident,Others,"NEAR KANNAMANGALA PALYA,",B B ROAD,5 KM,13.21992627,77.67141724
Bengaluru City,Devanahalli Traffic PS,1.04432e+16,2018,1,2,Road Accidents,Narrow road,Not Applicable,Near Petrol Pump,Human Error,Yes,Simple Injury,Hit and Run,Not at  Junction,Others,NH,Bitumen(Tar),Dry,Not Applicable,Fine,BB Road,Road Diveder,15,13.2298289,77.699239
Bengaluru City,Devanahalli Traffic PS,1.04432e+16,2018,1,2,Road Accidents,Circle,Not Applicable,Near office complex,Human Error,No,Damage Only,Head on,No signal lights,Curve,Not Applicable,Bitumen(Tar),Dry,Not Applicable,Fine,Airport Road,ELECTRIC POLE,30,13.198154,77.680104
Bengaluru City,Devanahalli Traffic PS,1.04432e+16,2018,1,1,Road Accidents,Bridge,City/Town,Affected by encroachments,Human Error,No,Fatal,Rear end,Not Applicable,Not Applicable,City or Town Road,Concrete,Dry,No influence on accident,Fine,"BB ROAD, KANNAMANAGALA PALYA BRIDGE, DEVANAHALLI TQ,",DEVIDER,30,0.0,0.0
Bengaluru City,Devanahalli Traffic PS,1.04432e+16,2018,1,1,Road Accidents,Narrow road,City/Town,Near Petrol Pump,Human Error,No,Fatal,Hit pedestrian,Not Applicable,Others,City or Town Road,Bitumen(Tar),Dry,No influence on accident,Fine,"BB ROAD, NEAR PARIVATA GUTTA",MEDIAN,20,13.262238,77.716858
Bengaluru City,Devanahalli Traffic PS,1.04432e+16,2018,1,2,Road Accidents,Narrow road,City/Town,Residential area,Human Error,No,Simple Injury,Not Applicable,No signal lights,Not Applicable,City or Town Road,Not Applicable,Not Applicable,No influence on accident,Others,"NEAR COFFEE DAY HAY SPIRIT,",HENNURU MAIN ROAD,18 KM,13.055511,77.646373
Bengaluru City,Devanahalli Traffic PS,1.04432e+16,2018,1,1,Road Accidents,Narrow road,City/Town,Affected by encroachments,Human Error,No,Simple Injury,Hit pedestrian,Not Applicable,Not Applicable,City or Town Road,Bitumen(Tar),Dry,No influence on accident,Fine,"NEAR ARU MILITARY HOTEL, HENNURU BAGALURU MAIN ROAD",ELECTRIC POLE,30 inc,13.055511,77.646373
Bengaluru City,Devanahalli Traffic PS,1.04432e+16,2018,1,2,Road Accidents,Narrow road,City/Town,Open area,Human Error,Not Applicable,Fatal,Hit puchcart,Not at  Junction,Others,City or Town Road,Bitumen(Tar),Dry,No influence on accident,Fine,"BB Road, Near Hiranandini Apartment",ELECTIIC POLE,20,13.241716,77.713731
Bengaluru City,Devanahalli Traffic PS,1.04432e+16,2019,1,1,Road Accidents,Narrow road,City/Town,Residential area,Human Error,Yes,Fatal,Not Applicable,No signal lights,Not Applicable,NH,Not Applicable,Not Applicable,No influence on accident,Others,"NEAR KANNAMANGALA PALYA GATE,",B B ROAD,5 KM,13.215758,77.676847
Bengaluru City,Devanahalli Traffic PS,1.04432e+16,2019,1,2,Rail Road Accidents,Narrow road,Rural Areas,Open area,Human Error,Yes,Simple Injury,Vehicle to Vehicle,No signal lights,Not Applicable,NH,Not Applicable,Not Applicable,No influence on accident,Others,NEAR NEELERI RAILWAY TRACK,NANDI HILLS ROAD,5 KM,13.277211,77.712902
Bengaluru City,Devanahalli Traffic PS,1.04432e+16,2019,1,2,Road Accidents,Narrow road,City/Town,Residential area,Human Error,No,Simple Injury,Vehicle to Vehicle,Signal lights Manual,Not Applicable,NH,Not Applicable,Not Applicable,No influence on accident,Others,NEAR BHARAT PETROL BUNK,VIJAYAPURA ROAD,2 KM,0.0,0.0
Bengaluru City,Devanahalli Traffic PS,1.04432e+16,2019,1,2,Road Accidents,Not Applicable,City/Town,Residential area,Not Applicable,No,Simple Injury,Vehicle to Vehicle,No signal lights,Not Applicable,Two way,Not Applicable,Not Applicable,No influence on accident,Fine,"cargo road, indin oil bank",AIRPORT,18 km,13.198154,77.680104
Bengaluru City,Devanahalli Traffic PS,1.04432e+16,2019,1,2,Road Accidents,Narrow road,Rural Areas,Open area,Human Error,No,Simple Injury,Vehicle to Vehicle,No signal lights,Others,Two way,Bitumen(Tar),Others,No influence on accident,Others,KANNAMANGALAPAYA GATE,KANAMANGALAPALYA GETA,6,13.201528,77.658159
Bengaluru City,Devanahalli Traffic PS,1.04432e+16,2019,1,2,Road Accidents,Junction,Not Applicable,Open area,Human Error,No,Simple Injury,Not Applicable,No signal lights,Not Applicable,NH,Not Applicable,Not Applicable,No influence on accident,Fine,"INFORNT OF I S R O,",No Parking Board,25FT,13.2676314,77.7195886
Bengaluru City,Devanahalli Traffic PS,1.04432e+16,2019,1,1,Road Accidents,Junction,City/Town,Open area,Human Error,No,Fatal,Hit pedestrian,Signal lights Automatic,Others,NH,Bitumen(Tar),Others,No influence on accident,Fine,"LALAGONDANAHALLI CROSS,",Tree,36Inc,13.274088,77.709437
Bengaluru City,Devanahalli Traffic PS,1.04432e+16,2019,1,2,Road Accidents,Narrow road,City/Town,Near Bus stop,Human Error,Yes,Damage Only,Vehicle to Vehicle,Not Applicable,Not Applicable,Others,Bitumen(Tar),Not Applicable,No influence on accident,Fine,"NEAR BMTC AIRPORT OFFICE ROAD JUNCTION,",ELECTIIC POLE,40INCH,13.200518,77.699239
Bengaluru City,Devanahalli Traffic PS,1.04432e+16,2019,1,2,Road Accidents,Narrow road,Rural Areas,Open area,Human Error,Yes,Simple Injury,Vehicle to Vehicle,No signal lights,Others,Two way,Bitumen(Tar),Dry,No influence on accident,Fine,"B.B Road, Vijipura Cross, Near Coporation Bank, Devanahalli",vijipura signal,10ft,13.241716,77.713731
Bengaluru City,Devanahalli Traffic PS,1.04432e+16,2019,1,2,Road Accidents,Narrow road,Rural Areas,Open area,Human Error,Yes,Simple Injury,Not Applicable,Not Applicable,Others,Two way,Bitumen(Tar),Others,No influence on accident,Cloudy,"Near chowdeshwari Temple, Puttappanagudibeedi Devanahalli,",Electric Pole,26Feet,13.2486292,77.7155364
Bengaluru City,Devanahalli Traffic PS,1.04432e+16,2019,1,2,Road Accidents,Junction,City/Town,Open area,Human Error,Yes,Simple Injury,Not Applicable,Signal lights Blinking,Others,NH,Bitumen(Tar),Wet,No influence on accident,Fine,"Near Kote Cross, Devanahalli",Kote,50Inc,13.3021582,77.5510526
Bengaluru City,Devanahalli Traffic PS,1.04432e+16,2019,1,2,Road Accidents,Narrow road,Rural Areas,Residential area,Human Error,No,Grievous Injury,Not Applicable,No signal lights,Not Applicable,Others,Not Applicable,Not Applicable,Not Applicable,Not Applicable,no nil near aswathappa home,KANAMANGALAPALYA GETA,5 km,0.0,0.0
Bengaluru City,Devanahalli Traffic PS,1.04432e+16,2019,1,2,Road Accidents,Narrow road,Rural Areas,Open area,Human Error,Yes,Simple Injury,Vehicle to Vehicle,No signal lights,Not Applicable,Others,Not Applicable,Not Applicable,No influence on accident,Fine,"AGALAKOTE, BUDIGERE ROAD",DEVANAHALLI Tq,6 KM,0.0,0.0
Bengaluru City,Devanahalli Traffic PS,1.04432e+16,2019,1,2,Road Accidents,Bridge,City/Town,Near Bus stop,Human Error,Not Applicable,Simple Injury,Hit puchcart,Not Applicable,Others,City or Town Road,Bitumen(Tar),Others,No influence on accident,Others,"BB Road, On Bhuvanahalli Bridge, Devanahalli, Bengaluru City,",NO PARKING,35,13.21992627,77.67141724
Bengaluru City,Devanahalli Traffic PS,1.04432e+16,2019,1,2,Road Accidents,Narrow road,City/Town,Near or inside a village,Human Error,No,Simple Injury,Vehicle to Vehicle,Not Applicable,Not Applicable,Service Road,Bitumen(Tar),Others,No influence on accident,Others,NEAR POOJANAHALLI ROAD,ELECTIIC POLE,10inc,13.201528,77.658159
Bengaluru City,Devanahalli Traffic PS,1.04432e+16,2019,1,2,Road Accidents,Narrow road,City/Town,Residential area,Human Error,No,Simple Injury,Vehicle to Vehicle,No signal lights,Not Applicable,Others,Not Applicable,Not Applicable,No influence on accident,Others,NEAR JUDGE HOME,BYCHAPURA ROAD,1 KM,13.24353,77.718744
Bengaluru City,Devanahalli Traffic PS,1.04432e+16,2019,1,2,Rail Road Accidents,Narrow road,City/Town,Open area,Vehicle Defect,Not Applicable,Damage Only,Vehicle to Vehicle,No signal lights,Not Applicable,Others,Not Applicable,Not Applicable,No influence on accident,Others,I ST CERCAL,AIRPORT,18 KM,13.198154,77.680104
Bengaluru City,Devanahalli Traffic PS,1.04432e+16,2019,1,2,Road Accidents,Narrow road,Rural Areas,Residential area,Human Error,Yes,Simple Injury,Not Applicable,No signal lights,Not Applicable,Two way,Bitumen(Tar),Dry,No influence on accident,Fine,"NEAR NARAYANAPURA MAIN ROAD, NEAR ANDRA BANK",Electric Pole,45Ft,13.073,77.643661
Bengaluru City,Devanahalli Traffic PS,1.04432e+16,2019,1,2,Road Accidents,Junction,Rural Areas,Near Bus stop,Human Error,No,Simple Injury,Not Applicable,Signals (Not working),Not Applicable,Others,Bitumen(Tar),Dry,No influence on accident,Fine,"New Bud Stand B.B Road, Devanahalli Town",Electric Pole,45Inc,13.2456607,77.7127844
Bengaluru City,Devanahalli Traffic PS,1.04432e+16,2019,1,2,Road Accidents,Not Applicable,City/Town,Open area,Human Error,No,Fatal,Vehicle to Vehicle,Signals (Working),Not Applicable,Others,Not Applicable,Not Applicable,Not Applicable,Others,"CISF CHECK POINT , NEW ROAD",AIRPORT,18 KM,13.1147,77.4252
Bengaluru City,Devanahalli Traffic PS,1.04432e+16,2019,1,2,Road Accidents,Narrow road,City/Town,Open area,Human Error,No,Damage Only,Vehicle to Vehicle,No signal lights,Others,Others,Bitumen(Tar),Muddy,Not Applicable,Fine,"NEAR SIGNAL,NEW ROAD,",Street light,45inc,13.197924,77.690307
Bengaluru City,Devanahalli Traffic PS,1.04432e+16,2019,1,2,Road Accidents,Narrow road,City/Town,Residential area,Human Error,Yes,Damage Only,Vehicle to Vehicle,No signal lights,Others,Residential Street,Bitumen(Tar),Others,No influence on accident,Fine,"On Airport, Near Pickuppoint, Bengaluru City",Street Light,25Inc,13.197903,77.700178
Bengaluru City,Devanahalli Traffic PS,1.04432e+16,2019,1,2,Road Accidents,Narrow road,Rural Areas,Open area,Human Error,No,Simple Injury,Not Applicable,Not at  Junction,Others,Others,Bitumen(Tar),Others,No influence on accident,Wind,"NEAR MENJIS CIRCLE, AIRPORT ROAD, KIAL, Bengaluru City,",Terminal,02KM,13.200518,77.699239
Bengaluru City,Devanahalli Traffic PS,1.04432e+16,2019,1,2,Road Accidents,Narrow road,City/Town,Open area,Vehicle Defect,Yes,Damage Only,Not Applicable,No signal lights,Not Applicable,Others,Not Applicable,Not Applicable,No influence on accident,Fine,"Near down ramp, Airport road",AIRPORT,18 km,13.193689,77.649658
Bengaluru City,Devanahalli Traffic PS,1.04432e+16,2019,1,2,Road Accidents,Curves,Rural Areas,Near or inside a village,Not Applicable,Not Applicable,Grievous Injury,Vehicle to Vehicle,Not Applicable,Not Applicable,Not Applicable,Surfaced,Others,Not Applicable,Others,"B.B ROAD, KANNAMANGALA GATE",B B ROAD,6,0.0,0.0
Bengaluru City,Devanahalli Traffic PS,1.04432e+16,2019,1,2,Road Accidents,Narrow road,Not Applicable,Residential area,Vehicle Defect,Yes,Damage Only,Hit and Run,Signal lights Blinking,Others,NH,Not Applicable,Not Applicable,No influence on accident,Others,"RTO OFFICE,",ELECTRIC POLE,30FT,13.2676314,77.7195886
Bengaluru City,Devanahalli Traffic PS,1.04432e+16,2019,1,2,Road Accidents,Narrow road,City/Town,Affected by encroachments,Human Error,No,Simple Injury,Vehicle to Vehicle,Not at  Junction,Others,Two way,Bitumen(Tar),Others,No influence on accident,Others,"BYRATHI BANDE ROAD, NEAR VIJAYA VITTALA COLLEGE HOSTEL",vijaya vittala college,01km,13.076866,77.664516
Bengaluru City,Devanahalli Traffic PS,1.04432e+16,2019,1,3,Road Accidents,Narrow road,City/Town,Near or inside a village,Human Error,Not Applicable,Simple Injury,Not Applicable,Not Applicable,Others,NH,Bitumen(Tar),Others,No influence on accident,Light Rain,"BB Road, Near Sann Amanikere,, Devanahalli, Bengaluru City,",No Parking Board,25inc,13.241716,77.713731
Bengaluru City,Devanahalli Traffic PS,1.04432e+16,2019,1,2,Rail Road Accidents,Junction,City/Town,Near Bus stop,Vehicle Defect,No,Damage Only,Not Applicable,Not Applicable,Not Applicable,NH,Bitumen(Tar),Dry,No influence on accident,Fine,NEAR NEW BUS STAND,ELECTRIC POLE,50FT,13.2456607,77.7127844
Bengaluru City,Devanahalli Traffic PS,1.04432e+16,2019,1,2,Rail Road Accidents,Junction,City/Town,Residential area,Human Error,No,Simple Injury,Not Applicable,No signal lights,Not Applicable,NH,Not Applicable,Not Applicable,No influence on accident,Fine,Near H.P Petrol Bunk,BB Road,1 KM,13.2456607,77.7127844
Bengaluru City,Devanahalli Traffic PS,1.04432e+16,2019,1,1,Road Accidents,Not Applicable,Rural Areas,Near or inside a village,Human Error,Yes,Fatal,Not Applicable,Not Applicable,Others,Others,Concrete,Dry,No influence on accident,Fine,"Infornt of Nagaraju shop,, Sowthegowdanahalli, Devanahalli Town, Bengaluru Dist,",DEVANAHALLI,2KM,13.24353,77.718744
Bengaluru City,Devanahalli Traffic PS,1.04432e+16,2019,1,2,Road Accidents,Road hump or Rumble strips,City/Town,Near or inside a village,Human Error,No,Simple Injury,Vehicle to Vehicle,Not Applicable,Not Applicable,NH,Bitumen(Tar),Not Applicable,No influence on accident,Fine,AKKUPETE JUNCTION,No parking board,40inc,13.3021582,77.5510526
Bengaluru City,Devanahalli Traffic PS,1.04432e+16,2019,1,2,Road Accidents,Cross roads,City/Town,Residential area,Human Error,No,Simple Injury,Vehicle to Vehicle,Police / Manual,Not Applicable,NH,Not Applicable,Others,Not Applicable,Others,NEAR DHABHA  Gate,B B ROAD,8 KM,13.21992627,77.67141724
Bengaluru City,Devanahalli Traffic PS,1.04432e+16,2019,1,2,Road Accidents,Narrow road,City/Town,Residential area,Human Error,Yes,Simple Injury,Not Applicable,Not at  Junction,Others,Others,Not Applicable,Not Applicable,Not Applicable,Others,"Doddagubbi Main Road, Infront of Nandi Farm, Bangalore City",Electric Pole,30Inc,13.06491,77.672668
Bengaluru City,Devanahalli Traffic PS,1.04432e+16,2019,1,2,Road Accidents,Circle,City/Town,Open area,Human Error,Yes,Simple Injury,Vehicle to Vehicle,Not at  Junction,Not Applicable,NH,Not Applicable,Not Applicable,Not Applicable,Fine,NEAR TIPPU CERCAL,B B ROAD,1 KM,13.241716,77.713731
Bengaluru City,Devanahalli Traffic PS,1.04432e+16,2019,1,2,Road Accidents,Narrow road,Rural Areas,Open area,Human Error,No,Simple Injury,Not Applicable,No signal lights,Not Applicable,NH,Not Applicable,Not Applicable,No influence on accident,Fine,NEAR KANNAMANGALAPALYA GATE,B B ROAD,2 KM,0.0,0.0
Bengaluru City,Devanahalli Traffic PS,1.04432e+16,2019,1,2,Road Accidents,Narrow road,City/Town,Residential area,Human Error,No,Simple Injury,Not Applicable,No signal lights,Not Applicable,Others,Not Applicable,Not Applicable,No influence on accident,Fine,SSR COLLAGE,BYRATHI ROAD,18 KM,13.071452,77.651055
Bengaluru City,Devanahalli Traffic PS,1.04432e+16,2019,1,2,Road Accidents,Narrow road,Rural Areas,Open area,Human Error,No,Simple Injury,Not Applicable,No signal lights,Not Applicable,NH,Not Applicable,Not Applicable,No influence on accident,Fine,NEAR LALAGONDANAHALLI GATE,B B ROAD,2 KM,13.2676314,77.7195886
Bengaluru City,Devanahalli Traffic PS,1.04432e+16,2019,1,2,Road Accidents,Junction,City/Town,Affected by encroachments,Human Error,Not Applicable,Simple Injury,Vehicle to Vehicle,Signal lights Blinking,Others,NH,Not Applicable,Dry,No influence on accident,Fine,"BB Road, Near Rani Cross,, Devanahalli Town,",TREE,60,13.2676314,77.7195886
Bengaluru City,Devanahalli Traffic PS,1.04432e+16,2019,1,1,Road Accidents,Not Applicable,Rural Areas,Open area,Human Error,No,Simple Injury,Not Applicable,No signal lights,Not Applicable,NH,Not Applicable,Not Applicable,No influence on accident,Fine,CHIKKASANNE GATE,B B ROAD,3 KM,13.2298289,77.702282
Bengaluru City,Devanahalli Traffic PS,1.04432e+16,2019,1,2,Road Accidents,Junction,City/Town,Near or inside a village,Human Error,Yes,Simple Injury,Hit and Run,Signal lights Blinking,Others,City or Town Road,Bitumen(Tar),Dry,No influence on accident,Fine,"Near Kannamangala Gate, BB Road, Devanahalli,",ELECTIIC POLE,10,13.201528,77.658159
Bengaluru City,Devanahalli Traffic PS,1.04432e+16,2019,1,2,Road Accidents,Narrow road,Rural Areas,Open area,Human Error,No,Simple Injury,Vehicle to Vehicle,No signal lights,Not Applicable,NH,Not Applicable,Not Applicable,No influence on accident,Fine,NEAR CHIKKASANNE GATE,B B ROAD,2 KM,13.2298289,77.702282
Bengaluru City,Devanahalli Traffic PS,1.04432e+16,2019,1,2,Road Accidents,Junction,City/Town,Open area,Human Error,Yes,Damage Only,Vehicle to Vehicle,Signal lights Blinking,Others,NH,Bitumen(Tar),Others,No influence on accident,Fine,KANNAMANGALAPAYA GATE,High mask electric Pole,65inch,13.21992627,77.67141724
Bengaluru City,Devanahalli Traffic PS,1.04432e+16,2019,1,1,Road Accidents,Junction,City/Town,Residential area,Human Error,No,Simple Injury,Vehicle to Vehicle,No signal lights,Not Applicable,NH,Not Applicable,Not Applicable,No influence on accident,Fine,"AJMAL LAYOUT, NANDI ROAD",B B ROAD,7 KM,13.2676314,77.7195886