DISTRICTNAME,UNITNAME,Crime_No,Year,RI,Noofvehicle_involved,Accident_Classification,Accident_Spot,Accident_Location,Accident_SubLocation,Main_Cause,Hit_Run,Severity,Collision_Type,Junction_Control,Road_Character,Road_Type,Surface_Type,Surface_Condition,Road_Condition,Weather,Accident_Road,Landmark_first,Distance_LandMark_First,Latitude,Longitude
Bengaluru City,Devanahalli Traffic PS,1.04432e+16,2019,1,1,Road Accidents,Narrow road,City/Town,Open area,Human Error,Yes,Simple Injury,Hit bicyclist,Not at  Junction,Not Applicable,Minor District Road,Bitumen(Tar),Others,No influence on accident,Fine,"SHILPAKALA SCHOOL,",ELECRTIC POLE,45INC,13.2456607,77.7127844
Bengaluru City,Devanahalli Traffic PS,1.04432e+16,2019,1,2,Road Accidents,Junction,Rural Areas,Open area,Human Error,No,Simple Injury,Not Applicable,Signal lights Blinking,Incline,NH,Bitumen(Tar),Wet,No influence on accident,Wind,"DEVANAHALLI BYPASS, B B ROAD, DEVANAHALLI TOWN",Signal Light,30inc,13.241716,77.713731
Bengaluru City,Devanahalli Traffic PS,1.04432e+16,2019,1,1,Road Accidents,Narrow road,City/Town,Open area,Human Error,No,Simple Injury,Hit pedestrian,Not Applicable,Others,Others,Bitumen(Tar),Dry,No influence on accident,Others,CISF CHECK POINT TARNING,Street Light,35FT,13.199282,77.706529
Bengaluru City,Devanahalli Traffic PS,1.04432e+16,2019,1,2,Road Accidents,Narrow road,Rural Areas,Narrow bridge or culverts,Human Error,Yes,Fatal,Vehicle to Vehicle,Not at  Junction,Others,Others,Not Applicable,Others,Not Applicable,Others,BHUVANAHALLI BRIDGE,B B ROAD,5 KM,13.21992627,77.67141724
Bengaluru City,Devanahalli Traffic PS,1.04432e+16,2019,1,2,Road Accidents,Narrow road,Rural Areas,Open area,Human Error,Yes,Fatal,Vehicle to Vehicle,No signal lights,Not Applicable,NH,Not Applicable,Not Applicable,Not Applicable,Others,"NEAR CHIKKASANNE GATE,",B B ROAD,2 KM,13.2298289,77.702282
Bengaluru City,Devanahalli Traffic PS,1.04432e+16,2019,1,2,Road Accidents,Narrow road,Rural Areas,Open area,Human Error,No,Simple Injury,Not Applicable,No signal lights,Not Applicable,Not Applicable,Not Applicable,Not Applicable,No influence on accident,Others,"SADAHALLI ROAD, NEAR JED GARDEN",SADAHALLI,18 KM,13.211165,77.646095
Bengaluru City,Devanahalli Traffic PS,1.04432e+16,2019,1,2,Road Accidents,Narrow road,City/Town,Affected by encroachments,Human Error,Yes,Simple Injury,Not Applicable,Not at  Junction,Others,NH,Bitumen(Tar),Dry,No influence on accident,Others,"BB Road, Near Dabagate, Devanahalli, Bengaluru Dist,",tree,60,13.2298289,77.702282
Bengaluru City,Devanahalli Traffic PS,1.04432e+16,2019,1,1,Road Accidents,Cross roads,City/Town,Residential area,Human Error,Yes,Fatal,Hit pedestrian,No signal lights,Others,Others,Not Applicable,Others,No influence on accident,Others,"1 ST MAIN ROAD,SHABARINAGARA",KOTTANURU,35 KM,13.06491,77.672668
Bengaluru City,Devanahalli Traffic PS,1.04432e+16,2019,1,2,Road Accidents,Narrow road,Rural Areas,Open area,Human Error,No,Simple Injury,Vehicle to Vehicle,Police / Manual,Others,NH,Not Applicable,Not Applicable,Not Applicable,Fine,"NEAR CHIKKASANNE GATE,",B B ROAD,2 KM,13.2298289,77.702282
Bengaluru City,Devanahalli Traffic PS,1.04432e+16,2019,1,1,Road Accidents,Narrow road,Rural Areas,Open area,Human Error,No,Simple Injury,Hit pedestrian,Not Applicable,Not Applicable,Two way,Not Applicable,Not Applicable,Not Applicable,Fine,"NEAR AIRLAIN DHABHA GATE,",SULIBELE ROAD,5 KM,13.24353,77.718744
Bengaluru City,Devanahalli Traffic PS,1.04432e+16,2019,1,2,Road Accidents,Junction,City/Town,Residential area,Human Error,No,Simple Injury,Not Applicable,Police / Manual,Others,Two way,Bitumen(Tar),Dry,No influence on accident,Others,"NEAR NARAYANAPURA MAIN ROAD, NEAR ANDRA BANK",Electric Pole,25inc,13.073,77.643661
Bengaluru City,Devanahalli Traffic PS,1.04432e+16,2019,1,2,Road Accidents,Narrow road,Rural Areas,Open area,Human Error,Yes,Simple Injury,Not Applicable,No signal lights,Others,Two way,Bitumen(Tar),Others,No influence on accident,Fine,"NEAR KODIMANCHENAHALLI LAKE,, DEVANAHALLI Tq",Electric Pole,50inc,13.2570916,77.6976754
Bengaluru City,Devanahalli Traffic PS,1.04432e+16,2019,1,1,Road Accidents,Narrow road,Rural Areas,Open area,Vehicle Defect,No,Damage Only,Not Applicable,No signal lights,Not Applicable,NH,Not Applicable,Not Applicable,No influence on accident,Others,03-11-2019,B B ROAD,3 km,13.21992627,77.67141724
Bengaluru City,Devanahalli Traffic PS,1.04432e+16,2019,1,1,Road Accidents,Narrow road,Not Applicable,Open area,Human Error,No,Simple Injury,Not Applicable,No signal lights,Not Applicable,Not Applicable,Not Applicable,Not Applicable,No influence on accident,Fine,"AIR INDIA CARGO,ENTRY GATE,",CISF CHEK POST,50 FT,13.198154,77.680104
Bengaluru City,Devanahalli Traffic PS,1.04432e+16,2019,1,1,Road Accidents,Narrow road,City/Town,Near or inside a village,Human Error,No,Fatal,Hit pedestrian,No signal lights,Not Applicable,NH,Bitumen(Tar),Others,No influence on accident,Others,NEAR DABHAGATE,Electric Pole,80ft,13.226241,77.687022
Bengaluru City,Devanahalli Traffic PS,1.04432e+16,2019,1,1,Road Accidents,Narrow road,Not Applicable,At pedestrian Crossing,Human Error,No,Simple Injury,Not Applicable,No signal lights,Not Applicable,Others,Not Applicable,Not Applicable,Not Applicable,Others,NEAR AIRSIDE BAY 09,BIAL,12 KM,13.200518,77.699239
Bengaluru City,Devanahalli Traffic PS,1.04432e+16,2019,1,1,Road Accidents,Narrow road,City/Town,Residential area,Human Error,No,Fatal,Hit pedestrian,No signal lights,Not Applicable,NH,Not Applicable,Not Applicable,No influence on accident,Fine,"NEAR OLD BUS STAND,",B B ROAD,1 KM,13.2486292,17.713731
Bengaluru City,Devanahalli Traffic PS,1.04432e+16,2019,1,2,Road Accidents,Narrow road,City/Town,Affected by encroachments,Vehicle Defect,No,Damage Only,Vehicle to Vehicle,No signal lights,Not Applicable,NH,Not Applicable,Not Applicable,No influence on accident,Fine,DEVANAHALLI TOOL,B B ROAD,5 KM,13.193689,77.649658
Bengaluru City,Devanahalli Traffic PS,1.04432e+16,2019,1,1,Road Accidents,Not Applicable,City/Town,Residential area,Human Error,No,Simple Injury,Hit pedestrian,No signal lights,Not Applicable,Others,Not Applicable,Not Applicable,No influence on accident,Others,NEAR MENZIES CIRCLE,AIRPORT,18 KM,13.200518,77.699239
Bengaluru City,Devanahalli Traffic PS,1.04432e+16,2019,1,2,Road Accidents,Cross roads,Rural Areas,Residential area,Human Error,No,Damage Only,Vehicle to Vehicle,No signal lights,Not Applicable,Others,Bitumen(Tar),Others,No influence on accident,Others,"NEAR CLARK EXOTICA, SWISS TOWN,, HOLLYWOOD JUNCTION, Bengaluru",ELECTIIC POLE,15inc,13.21992627,77.67141724
Bengaluru City,Devanahalli Traffic PS,1.04432e+16,2019,1,2,Road Accidents,Curves,City/Town,Open area,Vehicle Defect,Yes,Damage Only,Vehicle to Vehicle,Signal lights Automatic,Not Applicable,Not Applicable,Not Applicable,Not Applicable,No influence on accident,Others,Near Beguru-Hosuru Junction,Airport,18 KM,13.197924,77.690307
Bengaluru City,Devanahalli Traffic PS,1.04432e+16,2019,1,1,Road Accidents,Narrow road,Rural Areas,Near Bus stop,Vehicle Defect,No,Damage Only,Not Applicable,No signal lights,Not Applicable,Service Road,Bitumen(Tar),Dry,No influence on accident,Fine,"Bhuvanahalli Bridge, Near Kannamangala Playa Gate",Electric Pole,10Inc,13.21992627,77.67141724
Bengaluru City,Devanahalli Traffic PS,1.04432e+16,2019,1,1,Road Accidents,Narrow road,Not Applicable,Residential area,Human Error,No,Simple Injury,Not Applicable,No signal lights,Not Applicable,NH,Not Applicable,Not Applicable,Not Applicable,Others,"near heeranandini apartment,",B B ROAD,2 km,13.2298289,77.702282
Bengaluru City,Devanahalli Traffic PS,1.04432e+16,2019,1,2,Road Accidents,Junction,City/Town,Affected by encroachments,Human Error,Not Applicable,Simple Injury,Vehicle to Vehicle,Signal lights Blinking,Others,NH,Bitumen(Tar),Dry,No influence on accident,Fine,"BB Road, Near Doddaballapura Cross, Devanahalli Town, Bengaluru Dist,",tree,3 km,13.3021582,77.5510526
Bengaluru City,Devanahalli Traffic PS,1.04432e+16,2019,1,2,Road Accidents,Junction,City/Town,Open area,Human Error,Yes,Simple Injury,Vehicle to Vehicle,No signal lights,Not Applicable,NH,Not Applicable,Not Applicable,No influence on accident,Fine,Near Doddaballapura Cross,BB Road,2 KM,13.3021582,77.5510526
Bengaluru City,Devanahalli Traffic PS,1.04432e+16,2019,1,2,Road Accidents,Narrow road,Rural Areas,Open area,Human Error,No,Fatal,Vehicle to Vehicle,Signal lights Manual,Not Applicable,NH,Not Applicable,Not Applicable,No influence on accident,Fine,NEAR RANI CROSS,B B ROAD,3 KM,13.2676314,77.7195886
Bengaluru City,Devanahalli Traffic PS,1.04432e+16,2019,1,2,Road Accidents,Narrow road,Rural Areas,Open area,Human Error,No,Simple Injury,Vehicle to Vehicle,No signal lights,Not Applicable,NH,Not Applicable,Not Applicable,No influence on accident,Fine,Near Kannamangala Playa Gate,B B ROAD,5 km,13.21992627,77.67141724
Bengaluru City,Devanahalli Traffic PS,1.04432e+16,2019,1,1,Road Accidents,Narrow road,City/Town,Open area,Human Error,No,Simple Injury,Hit pedestrian,No signal lights,Not Applicable,NH,Bitumen(Tar),Others,No influence on accident,Fine,"Near Udupi Swad Hotel, B.B Road, Bengaluru Dist,",HOTEL,50FT,13.2676314,77.7195886
Bengaluru City,Devanahalli Traffic PS,1.04432e+16,2019,1,1,Road Accidents,Narrow road,City/Town,Residential area,Human Error,No,Simple Injury,Hit pedestrian,Not at  Junction,Others,Others,Bitumen(Tar),Not Applicable,Not Applicable,Others,"INFORT OF C S I,GEDDALAHALLI",Elecric Pole,40FT,13.34303,77.385609
Bengaluru City,Devanahalli Traffic PS,1.04432e+16,2019,1,1,Road Accidents,Narrow road,City/Town,Open area,Human Error,Not Applicable,Simple Injury,Not Applicable,Not at  Junction,Others,Two way,Not Applicable,Others,No influence on accident,Others,"Bilishivale Road, Near G.L Layout, Bengaluru City, Karnataka,",Electric pole 15inc,15inc,13.06491,77.672668
Bengaluru City,Devanahalli Traffic PS,1.04432e+16,2019,1,2,Road Accidents,Narrow road,Rural Areas,Open area,Human Error,No,Simple Injury,Not Applicable,Not at  Junction,Others,Two way,Bitumen(Tar),Others,No influence on accident,Others,"Vijayapura Road, Infront of Bench Mark Villa, Bengaluru Dist,",Tree,45inc,13.241716,77.713731
Bengaluru City,Devanahalli Traffic PS,1.04432e+16,2019,1,2,Road Accidents,Narrow road,City/Town,Open area,Human Error,No,Damage Only,Vehicle to Vehicle,No signal lights,Others,One way,Bitumen(Tar),Others,No influence on accident,Others,Airport Road,ELECTRIC POLE,30INC,0.0,0.0
Bengaluru City,Devanahalli Traffic PS,1.04432e+16,2019,1,2,Road Accidents,Junction,City/Town,Open area,Human Error,No,Simple Injury,Vehicle to Vehicle,Signals (Working),Not Applicable,Others,Not Applicable,Not Applicable,Not Applicable,Others,"NEW CISF AIR PORT,",AIRPORT,18 KM,13.197914,77.705145
Bengaluru City,Devanahalli Traffic PS,1.04432e+16,2019,1,2,Road Accidents,Narrow road,City/Town,Residential area,Human Error,Yes,Fatal,Not Applicable,No signal lights,Not Applicable,Two way,Not Applicable,Not Applicable,Not Applicable,Others,"near gubbi cross,",KOTTANURU,38 km,0.0,0.0
Bengaluru City,Devanahalli Traffic PS,1.04432e+16,2019,1,1,Road Accidents,Circle,City/Town,Residential area,Human Error,Not Applicable,Simple Injury,Not Applicable,Not at  Junction,Others,Residential Street,Bitumen(Tar),Others,Not Applicable,Cloudy,"NEAR NSPR, WATCH TOWER NO 22,, BIAL,",Beguru Junction,50Inc,13.197924,77.690307
Bengaluru City,Devanahalli Traffic PS,1.04432e+16,2019,1,2,Road Accidents,Narrow road,Rural Areas,Open area,Human Error,No,Simple Injury,Not Applicable,No signal lights,Not Applicable,NH,Not Applicable,Not Applicable,No influence on accident,Fine,BOODIHALAGATE,B B ROAD,5 KM,13.24471559,77.71320149
Bengaluru City,Devanahalli Traffic PS,1.04432e+16,2019,1,2,Road Accidents,Narrow road,Not Applicable,Open area,Vehicle Defect,No,Damage Only,Not Applicable,No signal lights,Not Applicable,Others,Not Applicable,Not Applicable,No influence on accident,Fine,KIAL MAIN ROAD,Devider,10ft,13.197903,77.700178
Bengaluru City,Devanahalli Traffic PS,1.04432e+16,2019,1,2,Road Accidents,Junction,City/Town,Near or inside a village,Human Error,No,Simple Injury,Not Applicable,Signal lights Blinking,Not Applicable,NH,Bitumen(Tar),Not Applicable,No influence on accident,Others,CHIKKASANNEGATE,High mask electric Pole,45inc,13.2298289,77.702282
Bengaluru City,Devanahalli Traffic PS,1.04432e+16,2019,1,2,Road Accidents,Not Applicable,Rural Areas,Open area,Human Error,Yes,Fatal,Vehicle to Vehicle,No signal lights,Not Applicable,NH,Not Applicable,Not Applicable,No influence on accident,Fine,BHUVANAHALLI BRIDZ,B B ROAD,8 KM,13.201528,77.658159
Bengaluru City,Devanahalli Traffic PS,1.04432e+16,2019,1,2,Road Accidents,Narrow road,City/Town,Residential area,Human Error,No,Simple Injury,Vehicle to Vehicle,No signal lights,Not Applicable,NH,Not Applicable,Not Applicable,No influence on accident,Fine,"NEAR DABHAGATE,",B B ROAD,6 KM,13.2298289,77.702282
Bengaluru City,Devanahalli Traffic PS,1.04432e+16,2019,1,2,Road Accidents,Narrow road,City/Town,Open area,Human Error,No,Damage Only,Vehicle to Vehicle,No signal lights,Not Applicable,Others,Bitumen(Tar),Others,No influence on accident,Others,NEAR CAR PARKING,BMTC Ticket Counter,20Ft,13.198376,77.705837
Bengaluru City,Devanahalli Traffic PS,1.04432e+16,2019,1,2,Road Accidents,Narrow road,Rural Areas,Open area,Human Error,Yes,Simple Injury,Vehicle to Vehicle,No signal lights,Not Applicable,NH,Not Applicable,Not Applicable,No influence on accident,Fine,"NEAR CHIKKASANNE GATE,",B B ROAD,2 KM,13.2298289,77.702282
Bengaluru City,Devanahalli Traffic PS,1.04432e+16,2019,1,1,Road Accidents,Narrow road,City/Town,Open area,Human Error,No,Simple Injury,Not Applicable,No signal lights,Not Applicable,One way,Bitumen(Tar),Others,No influence on accident,Others,Airport 1st circle,Electric pole,24inc,13.198154,77.680104
Bengaluru City,Devanahalli Traffic PS,1.04432e+16,2019,1,2,Road Accidents,Cross roads,Rural Areas,Open area,Human Error,No,Simple Injury,Vehicle to Vehicle,Not at  Junction,Others,NH,Not Applicable,Not Applicable,Not Applicable,Wind,NEAR POOJANAHALLI GATE,B B ROAD,8 KM,0.0,0.0
Bengaluru City,Devanahalli Traffic PS,1.04432e+16,2019,1,2,Road Accidents,Narrow road,Rural Areas,Open area,Human Error,No,Simple Injury,Not Applicable,No signal lights,Not Applicable,Two way,Bitumen(Tar),Dry,No influence on accident,Fine,"NEELERIGATE, NEAR MARAMMA TEMPAL",Electirc Pole,35FT,13.277211,77.712902
Bengaluru City,Devanahalli Traffic PS,1.04432e+16,2019,1,2,Road Accidents,Narrow road,Rural Areas,Open area,Human Error,No,Fatal,Not Applicable,No signal lights,Not Applicable,NH,Not Applicable,Not Applicable,No influence on accident,Others,"NEAR BACCHALLI GATE, B B ROAD,",B B ROAD,5 KM,13.21992627,77.67141724
Bengaluru City,Devanahalli Traffic PS,1.04432e+16,2019,1,1,Road Accidents,Junction,City/Town,Near Bus stop,Human Error,No,Simple Injury,Not Applicable,Signal lights Blinking,Others,NH,Not Applicable,Not Applicable,No influence on accident,Fine,NEAR Kannamangala  Gate,ELECTIIC POLE,70inc,13.201528,77.658159
Bengaluru City,Devanahalli Traffic PS,1.04432e+16,2019,1,2,Road Accidents,Junction,City/Town,Residential area,Human Error,Yes,Simple Injury,Not Applicable,No signal lights,Not Applicable,State Highway,Not Applicable,Not Applicable,No influence on accident,Others,"VIJAYAPUR CROSS,",ELECTRIC POLE,20FT,13.241716,77.713731
Bengaluru City,Devanahalli Traffic PS,1.04432e+16,2019,1,2,Road Accidents,Narrow road,City/Town,Affected by encroachments,Human Error,Yes,Damage Only,Vehicle to Vehicle,Not at  Junction,Others,Two way,Bitumen(Tar),Dry,No influence on accident,Fine,"KOTTANU-HENNURU BANDE MAIN ROAD, INFRONT OF KOTTANURU POLICE STATION",Electric Pole,35,13.055511,77.646373
Bengaluru City,Devanahalli Traffic PS,1.04432e+16,2019,1,2,Road Accidents,Circle,City/Town,Near Bus stop,Human Error,Yes,Simple Injury,Not Applicable,Signal lights Blinking,Others,Two way,Bitumen(Tar),Dry,No influence on accident,Fine,"B,B Road, Near K Naranayapura Nanjappa Circle",ELECTRIC POLE,10inc,13.073,77.643661
Bengaluru City,Devanahalli Traffic PS,1.04432e+16,2019,1,2,Road Accidents,Narrow road,Not Applicable,Near or inside a village,Human Error,No,Simple Injury,Not Applicable,No signal lights,Not Applicable,Others,Not Applicable,Not Applicable,No influence on accident,Fine,SADAHALLI ROAD,NEAR W S FACTORY,15 KM,0.0,0.0
Bengaluru City,Devanahalli Traffic PS,1.04432e+16,2019,1,2,Road Accidents,Narrow road,Rural Areas,Open area,Human Error,No,Simple Injury,Vehicle to Vehicle,No signal lights,Not Applicable,NH,Not Applicable,Not Applicable,No influence on accident,Others,NEAR CHIKKASANNEGATE,B B ROAD,2 KM,13.2298289,77.702282
Bengaluru City,Devanahalli Traffic PS,1.04432e+16,2019,1,2,Road Accidents,Junction,Rural Areas,Near Bus stop,Human Error,Not Applicable,Simple Injury,Not Applicable,Police / Manual,Others,NH,Bitumen(Tar),Dry,No influence on accident,Fine,"Chikkasanne Gate, B.B Road, Devanahalli",Hymask Electric Pole,20Feet,13.2298289,77.702282
Bengaluru City,Devanahalli Traffic PS,1.04432e+16,2019,1,2,Road Accidents,Junction,City/Town,Residential area,Human Error,No,Simple Injury,Vehicle to Vehicle,Police / Manual,Not Applicable,NH,Not Applicable,Others,Not Applicable,Fine,"Near Kote Cross, Devanahalli",B B ROAD,1 KM,13.3021582,77.5510526
Bengaluru City,Devanahalli Traffic PS,1.04432e+16,2019,1,2,Road Accidents,Narrow road,City/Town,Open area,Human Error,No,Damage Only,Vehicle to Vehicle,No signal lights,Not Applicable,Others,Bitumen(Tar),Others,No influence on accident,Others,"BIAL Main Road, Near P1-Circle,",Electric pole,20inc,13.198154,77.680104
Bengaluru City,Devanahalli Traffic PS,1.04432e+16,2019,1,1,Road Accidents,Not Applicable,Rural Areas,Open area,Human Error,No,Simple Injury,Hit pedestrian,Not at  Junction,Not Applicable,Others,Not Applicable,Not Applicable,Not Applicable,Fine,NEAR AIRPORT,AIRPORT,18 KM,0.0,0.0
Bengaluru City,Devanahalli Traffic PS,1.04432e+16,2019,1,2,Road Accidents,Narrow road,City/Town,Open area,Human Error,Yes,Simple Injury,Not Applicable,No signal lights,Not Applicable,State Highway,Not Applicable,Not Applicable,No influence on accident,Fine,"NEAR GIRIYAMMA CERCAL,",DEVANAHALLI,50 FTS,0.0,0.0
Bengaluru City,Devanahalli Traffic PS,1.04432e+16,2019,1,1,Road Accidents,Narrow road,Rural Areas,Open area,Human Error,No,Simple Injury,Hit pedestrian,No signal lights,Not Applicable,Others,Not Applicable,Not Applicable,Not Applicable,Others,"Infront of Century Apartment campond,",IUC ROAD,18 KM,13.2298289,77.702282
Bengaluru City,Devanahalli Traffic PS,1.04432e+16,2019,1,2,Road Accidents,Narrow road,Rural Areas,Residential area,Human Error,No,Simple Injury,Vehicle to Vehicle,No signal lights,Not Applicable,NH,Not Applicable,Not Applicable,No influence on accident,Fine,NEAR CHIKKASANNE GATE,B B ROAD,2 KM,0.0,0.0
Bengaluru City,Devanahalli Traffic PS,1.04432e+16,2019,1,2,Road Accidents,Junction,City/Town,Affected by encroachments,Human Error,No,Simple Injury,Hit puchcart,Signal lights Blinking,Others,City or Town Road,Bitumen(Tar),Others,No influence on accident,Others,"BB Road, Near Devanahalli Bypas,, Devanahalli, Bengaluru City,",SIGNAL LIGHT,50INC,13.241716,77.713731
Bengaluru City,Devanahalli Traffic PS,1.04432e+16,2019,1,2,Road Accidents,Narrow road,City/Town,Affected by encroachments,Human Error,No,Damage Only,Vehicle to Vehicle,No signal lights,Not Applicable,Others,Concrete,Not Applicable,No influence on accident,Others,Near Ola Pick Up Point Airport Road,CCVT CAMERE,35INC,13.198154,77.680104
Bengaluru City,Devanahalli Traffic PS,1.04432e+16,2019,1,2,Road Accidents,Narrow road,Rural Areas,Open area,Vehicle Defect,No,Damage Only,Vehicle to Vehicle,No signal lights,Not Applicable,NH,Not Applicable,Not Applicable,No influence on accident,Fine,NEAR POOJANAHALLI GATE,B B ROAD,5 KM,13.193689,77.649658
Bengaluru City,Devanahalli Traffic PS,1.04432e+16,2019,1,2,Road Accidents,Narrow road,City/Town,Near School or College,Human Error,Yes,Simple Injury,Vehicle to Vehicle,Not Applicable,Hump,Others,Not Applicable,Not Applicable,No influence on accident,Fine,NEAR HIGH SCHOOL,DEVANAHALLI,1 KM,13.24353,77.718744
Bengaluru City,Devanahalli Traffic PS,1.04432e+16,2019,1,2,Road Accidents,Offset,City/Town,Residential area,Human Error,No,Simple Injury,Vehicle to Vehicle,No signal lights,Not Applicable,Others,Not Applicable,Not Applicable,No influence on accident,Fine,"NEAR KOTTANUTU CROSS,INTER CECTIO,",KOTTANURU,28,13.34303,77.385609
Bengaluru City,Devanahalli Traffic PS,1.04432e+16,2019,1,1,Rail Road Accidents,Railway crossing,Rural Areas,Open area,Human Error,No,Simple Injury,Vehicle to Vehicle,No signal lights,Not Applicable,NH,Not Applicable,Not Applicable,Not Applicable,Fine,NEAR NILERI RAILWAY GATE,B B ROAD,5 KM,13.277211,77.712902
Bengaluru City,Devanahalli Traffic PS,1.04432e+16,2019,1,1,Road Accidents,Narrow road,City/Town,Residential area,Human Error,Yes,Simple Injury,Hit pedestrian,No signal lights,Not Applicable,Others,Not Applicable,Not Applicable,No influence on accident,Others,"4 th cross, heggadenagara,",KOTTANURU,29,13.055511,77.646373
Bengaluru City,Devanahalli Traffic PS,1.04432e+16,2019,1,2,Road Accidents,Junction,Rural Areas,Near or inside a village,Human Error,No,Simple Injury,Not Applicable,No signal lights,Others,NH,Bitumen(Tar),Others,No influence on accident,Wind,"Near Kannamangala Palya Gate B.B Road, Devanahalli,",Devider,8inc,13.21992627,77.67141724
Bengaluru City,Devanahalli Traffic PS,1.04432e+16,2019,1,1,Road Accidents,Junction,Rural Areas,Residential area,Human Error,No,Fatal,Hit pedestrian,No signal lights,Others,NH,Bitumen(Tar),Others,No influence on accident,Others,"NEAR KOTTE CROSS,",No Parking Board,45FT,13.3021582,77.5510526
Bengaluru City,Devanahalli Traffic PS,1.04432e+16,2019,1,2,Road Accidents,Narrow road,Rural Areas,Residential area,Human Error,No,Simple Injury,Vehicle to Vehicle,No signal lights,Not Applicable,One way,Not Applicable,Not Applicable,Not Applicable,Fine,NEAR BYCHAPURA ROAD,DEVANAHALLI,1 KM,13.24353,77.718744
Bengaluru City,Devanahalli Traffic PS,1.04432e+16,2019,1,2,Road Accidents,Narrow road,City/Town,Residential area,Human Error,No,Simple Injury,Not Applicable,No signal lights,Not Applicable,Others,Not Applicable,Not Applicable,Not Applicable,Fine,NEAR GIRIYAMMA CERCAL,DEVANAHALLI,500 ft,13.24471559,77.71320149
Bengaluru City,Devanahalli Traffic PS,1.04432e+16,2019,1,1,Road Accidents,Narrow road,City/Town,Residential area,Human Error,No,Simple Injury,Not Applicable,No signal lights,Not Applicable,NH,Not Applicable,Not Applicable,No influence on accident,Fine,"NEAR D-MART,",DEVANAHALLI  TOWN,1 KM,13.24309,77.704903
Bengaluru City,Devanahalli Traffic PS,1.04432e+16,2019,1,1,Road Accidents,Narrow road,City/Town,Near Bus stop,Human Error,No,Simple Injury,Not Applicable,No signal lights,Not Applicable,NH,Bitumen(Tar),Dry,No influence on accident,Fine,"NEAR BHACCHAHALLI GATE,",Information Board,80Inc,13.211861,77.673157
Bengaluru City,Devanahalli Traffic PS,1.04432e+16,2019,1,1,Road Accidents,Junction,City/Town,Open area,Human Error,No,Simple Injury,Hit pedestrian,Not Applicable,Others,Others,Bitumen(Tar),Dry,No influence on accident,Fine,NEAR C I S F JUNCTION,Street Light,45 Inc,13.199282,77.706529
Bengaluru City,Devanahalli Traffic PS,1.04432e+16,2019,1,2,Road Accidents,Narrow road,City/Town,Open area,Human Error,Yes,Simple Injury,Vehicle to Vehicle,Not at  Junction,Not Applicable,NH,Not Applicable,Not Applicable,Not Applicable,Others,NEAR HIRANANDANI APARTMENT,B B ROAD,2 KM,13.2298289,77.702282
Bengaluru City,Devanahalli Traffic PS,1.04432e+16,2019,1,2,Road Accidents,Narrow road,Rural Areas,Open area,Vehicle Defect,Yes,Simple Injury,Vehicle to Vehicle,Not Applicable,Hump,Two way,Not Applicable,Not Applicable,Not Applicable,Others,"NEAR AGALAKOTE VILLAGE,",DEVANAHALLI Tq,5 KM,0.0,0.0
Bengaluru City,Devanahalli Traffic PS,1.04432e+16,2019,1,2,Road Accidents,Junction,Rural Areas,Residential area,Human Error,Not Applicable,Grievous Injury,Vehicle to Vehicle,Signal lights Not working,Not Applicable,NH,Not Applicable,Not Applicable,Not Applicable,Not Applicable,NEAR RANI CROSS,B B ROAD,2 KM,0.0,0.0
Bengaluru City,Devanahalli Traffic PS,1.04432e+16,2019,1,1,Road Accidents,Not Applicable,City/Town,Residential area,Human Error,Yes,Fatal,Vehicle to Vehicle,Not Applicable,Not Applicable,Others,Not Applicable,Not Applicable,Not Applicable,Fine,"NEAR BILISHIVALAYA,",KOTTANURU,35 KM,0.0,0.0
Bengaluru City,Devanahalli Traffic PS,1.04432e+16,2019,1,2,Road Accidents,Narrow road,City/Town,Open area,Human Error,No,Damage Only,Vehicle to Vehicle,No signal lights,Others,Others,Bitumen(Tar),Dry,No influence on accident,Fine,"Near Byrathi Bande, Hennur Bagaluru Road, Bengaluru City",Electric Pole,25Inc,13.073,77.643661