DISTRICTNAME,UNITNAME,Crime_No,Year,RI,Noofvehicle_involved,Accident_Classification,Accident_Spot,Accident_Location,Accident_SubLocation,Main_Cause,Hit_Run,Severity,Collision_Type,Junction_Control,Road_Character,Road_Type,Surface_Type,Surface_Condition,Road_Condition,Weather,Accident_Road,Landmark_first,Distance_LandMark_First,Latitude,Longitude
Bengaluru City,Devanahalli Traffic PS,1.04432e+16,2021,1,1,Road Accidents,Narrow road,Rural Areas,Open area,Human Error,Not Applicable,Simple Injury,Vehicle to Vehicle,No signal lights,Others,Two way,Bitumen(Tar),Wet,No influence on accident,Heavy Rain,NEAR BHUVANAHALLI BRIDGE,BHUVANAHALLI BRIDGE,6 KM,13.2298289,77.702282
Bengaluru City,Devanahalli Traffic PS,1.04432e+16,2021,1,2,Road Accidents,Narrow road,City/Town,Open area,Human Error,No,Simple Injury,Vehicle to Vehicle,Not Applicable,Others,Others,Bitumen(Tar),Dry,Not Applicable,Clear,"AIRPORT ROAD TO BRIGADE CIRCLE, CISF JUNCTION",CISF JUNCTION,13 KM,13.199282,77.706529
Bengaluru City,Devanahalli Traffic PS,1.04432e+16,2021,1,2,Road Accidents,Narrow road,Rural Areas,Open area,Human Error,No,Simple Injury,Vehicle to Vehicle,No signal lights,Not Applicable,Two way,Bitumen(Tar),Not Applicable,No influence on accident,Clear,NEAR KRISHNA GARDEN,B B ROAD,6 KM,13.211861,77.673157
Bengaluru City,Devanahalli Traffic PS,1.04432e+16,2021,1,2,Road Accidents,Not Applicable,City/Town,Open area,Human Error,No,Simple Injury,Vehicle to Vehicle,Not Applicable,Not Applicable,Others,Bitumen(Tar),Others,Not Applicable,Fine,BB ROAD BHUVANAHALLI BRIDGE,NEAR BHUVANAHALLI,05KM,13.21992627,77.67141724
Bengaluru City,Devanahalli Traffic PS,1.04432e+16,2021,1,2,Road Accidents,Not Applicable,Rural Areas,Open area,Vehicle Defect,No,Damage Only,Vehicle to Vehicle,Not Applicable,Not Applicable,NH,Not Applicable,Not Applicable,No influence on accident,Not Applicable,NEAR NANDIUPACHAR HOTEL,BB ROAD,2 KM,13.3021582,77.5510526
Bengaluru City,Devanahalli Traffic PS,1.04432e+16,2021,1,2,Road Accidents,Circle,City/Town,Open area,Human Error,Not Applicable,Simple Injury,Vehicle to Vehicle,Signal lights Automatic,Others,Others,Bitumen(Tar),Others,Not Applicable,Fine,BRIGADE CIRCLE,NEAR AIRPORT,15KM,13.198376,77.705837
Bengaluru City,Devanahalli Traffic PS,1.04432e+16,2021,1,2,Road Accidents,Junction,Rural Areas,Residential area,Human Error,No,Simple Injury,Vehicle to Vehicle,No signal lights,Not Applicable,NH,Bitumen(Tar),Dry,No influence on accident,Fine,"KOTE CROSS, BB ROAD",KOTE CROSS,1KM,0.0,0.0
Bengaluru City,Devanahalli Traffic PS,1.04432e+16,2021,1,2,Road Accidents,Narrow road,City/Town,Narrow bridge or culverts,Human Error,No,Simple Injury,Vehicle to Vehicle,No signal lights,Not Applicable,NH,Bitumen(Tar),Dry,No influence on accident,Fine,NEAR BHUVANAHALLI BRIDGE,BHUVANAHALLI BRIDGE,8 KM,13.211861,77.673157
Bengaluru City,Devanahalli Traffic PS,1.04432e+16,2021,1,2,Road Accidents,Junction,Rural Areas,Open area,Not Applicable,No,Grievous Injury,Vehicle to Vehicle,Not at  Junction,Others,Others,Not Applicable,Not Applicable,Not Applicable,Fine,BB  ROAD NEAR DABAGATE,BB ROAD,0.5 KM,13.22685,77.68751
Bengaluru City,Devanahalli Traffic PS,1.04432e+16,2021,1,2,Road Accidents,Narrow road,Rural Areas,Open area,Human Error,No,Simple Injury,Vehicle to Vehicle,Signal lights Automatic,Others,NH,Bitumen(Tar),Dry,No influence on accident,Fine,"1 st circle, airport",airport,12KM,13.198154,77.680104
Bengaluru City,Devanahalli Traffic PS,1.04432e+16,2021,1,2,Road Accidents,Not Applicable,City/Town,Open area,Human Error,No,Simple Injury,Vehicle to Vehicle,Not Applicable,Others,Others,Bitumen(Tar),Others,Not Applicable,Fine,BB ROAD NEAR KOTE CROSS,NEAR DEVANAHALLI BYPASS,01KM,13.3021582,77.5510526
Bengaluru City,Devanahalli Traffic PS,1.04432e+16,2021,1,2,Road Accidents,Narrow road,Rural Areas,Open area,Human Error,No,Simple Injury,Not Applicable,No signal lights,Not Applicable,NH,Bitumen(Tar),Not Applicable,No influence on accident,Not Applicable,Near Kannamangala palya Gate,BB ROAD,3 KM,13.21992627,77.67141724
Bengaluru City,Devanahalli Traffic PS,1.04432e+16,2021,1,1,Road Accidents,Narrow road,City/Town,Open area,Vehicle Defect,No,Damage Only,Not Applicable,Not Applicable,Not Applicable,One way,Bitumen(Tar),Not Applicable,Not Applicable,Fine,"NEAR PARKING -04,",AIRPORT,18 KM,13.198376,77.705837
Bengaluru City,Devanahalli Traffic PS,1.04432e+16,2021,1,2,Road Accidents,Narrow road,Rural Areas,Open area,Human Error,Yes,Damage Only,Vehicle to Vehicle,Not Applicable,Others,Two way,Bitumen(Tar),Dry,Not Applicable,Clear,HOSAKOTE ROAD,BOODI HALA GATE,3 KM,0.0,0.0
Bengaluru City,Devanahalli Traffic PS,1.04432e+16,2021,1,1,Road Accidents,Circle,Rural Areas,Open area,Human Error,No,Simple Injury,Vehicle to Vehicle,Not at  Junction,Others,Others,Bitumen(Tar),Dry,Not Applicable,Fine,NEAR BYBALE COLLEGE,KOTHANUR MAIN ROAD,30KM,13.071452,77.651055
Bengaluru City,Devanahalli Traffic PS,1.04432e+16,2021,1,1,Road Accidents,Not Applicable,City/Town,Near or inside a village,Human Error,No,Simple Injury,Hit pedestrian,No signal lights,Others,NH,Bitumen(Tar),Dry,Not Applicable,Fine,NEAR TOWER NEAR KANNAMANAGALA VILLAGEROAD,NEAR TOWER KANNAMANAGALA VILLAGE ROAD,10KM,13.201528,77.658159
Bengaluru City,Devanahalli Traffic PS,1.04432e+16,2021,1,3,Road Accidents,Not Applicable,City/Town,Near Petrol Pump,Human Error,No,Fatal,Vehicle to Vehicle,No signal lights,Others,NH,Bitumen(Tar),Dry,Not Applicable,Fine,"NEAR OLD BUS STAND,",NEAR D MART,02KM,13.241716,77.713731
Bengaluru City,Devanahalli Traffic PS,1.04432e+16,2021,1,1,Road Accidents,Not Applicable,City/Town,Near Bus stop,Human Error,No,Simple Injury,Not Applicable,Police / Manual,Others,NH,Bitumen(Tar),Dry,Not Applicable,Fine,KANNAMANGALAPAYA GATE,NEAR KANNAMANAGALA GATE,06KM,13.21992627,77.67141724
Bengaluru City,Devanahalli Traffic PS,1.04432e+16,2021,1,1,Road Accidents,Circle,City/Town,Near or inside a village,Human Error,No,Simple Injury,Hit pedestrian,Police / Manual,Others,Others,Bitumen(Tar),Dry,Not Applicable,Fine,NARAYANAPURA CROSS,NEAR NARAYANAPURA CROSS,36KM,13.05942,77.64269
Bengaluru City,Devanahalli Traffic PS,1.04432e+16,2021,1,1,Not Applicable,Circle,City/Town,Near Bus stop,Human Error,No,Simple Injury,Hit pedestrian,Police / Manual,Others,NH,Bitumen(Tar),Dry,Not Applicable,Fine,CHIKKASANEE GATE,NEAR CHIKKASANNE VILLAGE,03KM,13.2298289,77.702282
Bengaluru City,Devanahalli Traffic PS,1.04432e+16,2021,1,2,Road Accidents,Narrow road,Rural Areas,Open area,Human Error,No,Simple Injury,Vehicle to Vehicle,No signal lights,Straight and flat,NH,Bitumen(Tar),Dry,No influence on accident,Fine,KANNAMANAGALA GATE,KANNAMANAGALA GATE,6 KM,0.0,0.0
Bengaluru City,Devanahalli Traffic PS,1.04432e+16,2021,1,1,Road Accidents,Curves,City/Town,Open area,Human Error,Not Applicable,Fatal,Not Applicable,Not Applicable,Others,Others,Bitumen(Tar),Dry,No influence on accident,Fine,"ROAD NEAR DEVANAHALLI DIVERSION,",DEVANAHALLI DIVERSION,10 KM,13.195911,77.669649
Bengaluru City,Devanahalli Traffic PS,1.04432e+16,2021,1,2,Road Accidents,Narrow road,Rural Areas,Open area,Human Error,No,Simple Injury,Vehicle to Vehicle,No signal lights,Others,NH,Bitumen(Tar),Dry,No influence on accident,Fine,"NEAR KRISHNA GARDENIA HOTEL,BISLERI FACTORY,",near krishna garden,6 KM,0.0,0.0
Bengaluru City,Devanahalli Traffic PS,1.04432e+16,2021,1,3,Road Accidents,Not Applicable,Rural Areas,Open area,Human Error,No,Simple Injury,Vehicle to Vehicle,Not Applicable,Others,Others,Bitumen(Tar),Others,Not Applicable,Fine,"BB ROAD, NEAR LALAGOUNDANAHALLI GATE",NEAR LALAGONDANAHALLI GATE,03KM,13.274088,77.709437
Bengaluru City,Devanahalli Traffic PS,1.04432e+16,2021,1,3,Road Accidents,Not Applicable,City/Town,Residential area,Human Error,Yes,Fatal,Vehicle to Vehicle,Not at  Junction,Others,NH,Bitumen(Tar),Dry,Not Applicable,Clear,"Chikkasanne Gate,B B road,",CHIKKASANNE GATE,2KM,13.2298289,77.702282
Bengaluru City,Devanahalli Traffic PS,1.04432e+16,2021,1,2,Road Accidents,Narrow road,Rural Areas,Open area,Human Error,No,Simple Injury,Vehicle to Vehicle,No signal lights,Others,NH,Bitumen(Tar),Others,No influence on accident,Fine,"NEAR KOTE CROSS,BB ROAD",BB ROAD,1 KM,13.3021582,77.5510526
Bengaluru City,Devanahalli Traffic PS,1.04432e+16,2021,1,1,Road Accidents,Not Applicable,City/Town,Open area,Human Error,No,Simple Injury,Vehicle to Vehicle,Not Applicable,Others,Others,Bitumen(Tar),Dry,Not Applicable,Fine,NEAR KOTHANUR POLICE STATION KOTHANUR,NEAR KOTHANUR POLICE STATION,35KM,13.055511,77.646373
Bengaluru City,Devanahalli Traffic PS,1.04432e+16,2021,1,1,Road Accidents,Circle,City/Town,Near Petrol Pump,Human Error,No,Simple Injury,Not Applicable,Signal lights Automatic,Others,Others,Bitumen(Tar),Dry,Not Applicable,Fine,INDIAN OIL PETROL BUNK NEAR CARGO VILLAGE,NEAR CARGO VILLAGE,15KM,13.198154,77.680104
Bengaluru City,Devanahalli Traffic PS,1.04432e+16,2021,1,2,Road Accidents,Narrow road,City/Town,Open area,Human Error,Yes,Damage Only,Vehicle to Vehicle,No signal lights,Others,NH,Bitumen(Tar),Dry,No influence on accident,Fine,DEVANAHALLI TOLL,TOLL,08KM,13.211165,77.646095
Bengaluru City,Devanahalli Traffic PS,1.04432e+16,2021,1,2,Road Accidents,Narrow road,City/Town,Open area,Human Error,No,Simple Injury,Vehicle to Vehicle,No signal lights,Others,NH,Bitumen(Tar),Dry,No influence on accident,Fine,"NEAR MS BAR, K NARAYANAPURA MAIN ROAD",MS BAR,35,13.073,77.643661
Bengaluru City,Devanahalli Traffic PS,1.04432e+16,2021,1,1,Road Accidents,Narrow road,Rural Areas,Open area,Human Error,Not Applicable,Fatal,Not Applicable,No signal lights,Straight and flat,NH,Bitumen(Tar),Dry,No influence on accident,Fine,near hiranandini appartment,hiranandini appartment,5 KM,13.229828,77.702282
Bengaluru City,Devanahalli Traffic PS,1.04432e+16,2021,1,2,Road Accidents,Narrow road,Rural Areas,Near Petrol Pump,Vehicle Defect,No,Damage Only,Not Applicable,No signal lights,Not Applicable,NH,Bitumen(Tar),Not Applicable,Not Applicable,Others,"NEAR PETROL BANK, CHIKKASANNE GATE",BB ROAD,3 KM,13.2298289,77.702282
Bengaluru City,Devanahalli Traffic PS,1.04432e+16,2021,1,2,Road Accidents,Narrow road,Rural Areas,Residential area,Human Error,No,Simple Injury,Vehicle to Vehicle,No signal lights,Others,Residential Street,Bitumen(Tar),Dry,No influence on accident,Fine,"INFRONT OF BRIGADE GATE, DEVANHALLI TQ",BRIGADE NORTH GATE,5 KM,13.24353,77.718744
Bengaluru City,Devanahalli Traffic PS,1.04432e+16,2021,1,1,Road Accidents,Narrow road,City/Town,Near Bus stop,Human Error,No,Simple Injury,Hit pedestrian,No signal lights,Not Applicable,NH,Bitumen(Tar),Dry,No influence on accident,Fine,HENNURU- BAGALURU ROAD,HDFC BANK,35KM,13.34303,77.385609
Bengaluru City,Devanahalli Traffic PS,1.04432e+16,2021,1,2,Road Accidents,Narrow road,Rural Areas,Open area,Human Error,No,Fatal,Vehicle to Vehicle,No signal lights,Others,Two way,Bitumen(Tar),Dry,No influence on accident,Fine,NEAR BHUVANAHALLI BRIDGE,BHUVANAHALLI BRIDGE,6 KM,0.0,0.0
Bengaluru City,Devanahalli Traffic PS,1.04432e+16,2021,1,2,Road Accidents,Junction,City/Town,Residential area,Human Error,No,Simple Injury,Vehicle to Vehicle,Not Applicable,Not Applicable,NH,Bitumen(Tar),Dry,Not Applicable,Clear,"Chikkasanne Gate,B B road,",CHIKKASANNE GATE,2,13.2298289,77.702282
Bengaluru City,Devanahalli Traffic PS,1.04432e+16,2021,1,2,Road Accidents,Narrow road,City/Town,Open area,Human Error,No,Simple Injury,Not Applicable,No signal lights,Not Applicable,One way,Bitumen(Tar),Not Applicable,Not Applicable,Others,I ST CIRCLE,AIRPORT,18 KM,13.198154,77.680104
Bengaluru City,Devanahalli Traffic PS,1.04432e+16,2021,1,2,Road Accidents,Not Applicable,City/Town,Near Petrol Pump,Human Error,No,Simple Injury,Vehicle to Vehicle,No signal lights,Others,NH,Bitumen(Tar),Dry,Not Applicable,Fine,NEAR D MART U TURN BB ROAD,NEAR D MART,03KM,13.241716,77.713731
Bengaluru City,Devanahalli Traffic PS,1.04432e+16,2021,1,2,Road Accidents,Circle,Rural Areas,Near Petrol Pump,Human Error,No,Grievous Injury,Vehicle to Vehicle,Signal lights Automatic,Others,Others,Bitumen(Tar),Others,Not Applicable,Fine,AIRPORT 1ST CIRCLE,AIRPORT 1ST CIRCLE,15KM,13.198154,77.680104
Bengaluru City,Devanahalli Traffic PS,1.04432e+16,2021,1,2,Road Accidents,Narrow road,Rural Areas,Open area,Human Error,Yes,Grievous Injury,Hit pedestrian,Not at  Junction,Not Applicable,NH,Bitumen(Tar),Dry,No influence on accident,Fine,KANNAMANGALAPAYA GATE,KANNAMAGALA PALYA GATE,5KM,0.0,0.0
Bengaluru City,Devanahalli Traffic PS,1.04432e+16,2021,1,1,Road Accidents,Narrow road,City/Town,Near Petrol Pump,Vehicle Defect,No,Damage Only,Not Applicable,No signal lights,Not Applicable,Two way,Bitumen(Tar),Not Applicable,No influence on accident,Fine,"NEAR  AIR PETROL BUNK, CARGO ROAD,",AIRPORT,14 KM,13.19965,77.69057
Bengaluru City,Devanahalli Traffic PS,1.04432e+16,2021,1,2,Road Accidents,Narrow road,Rural Areas,Open area,Human Error,Not Applicable,Simple Injury,Vehicle to Vehicle,No signal lights,Not Applicable,NH,Bitumen(Tar),Not Applicable,No influence on accident,Others,NEAR CHIKKASANNE GATE,BB ROAD,2 KM,13.2298289,77.702282
Bengaluru City,Devanahalli Traffic PS,1.04432e+16,2021,1,1,Road Accidents,Cross roads,Rural Areas,Near or inside a village,Human Error,Not Applicable,Simple Injury,Not Applicable,Not Applicable,Others,Others,Bitumen(Tar),Dry,Not Applicable,Fine,NEERGUNTE PALYA,DODDABALAPURA ROAD,03KM,13.277211,77.712902
Bengaluru City,Devanahalli Traffic PS,1.04432e+16,2021,1,2,Road Accidents,Not Applicable,City/Town,Open area,Human Error,No,Simple Injury,Vehicle to Vehicle,Not Applicable,Others,Others,Bitumen(Tar),Dry,Not Applicable,Fine,CARGO ROAD,NEAR AIRPORT,15KM,13.198154,77.680104
Bengaluru City,Devanahalli Traffic PS,1.04432e+16,2021,1,2,Road Accidents,Not Applicable,City/Town,Near Bus stop,Human Error,No,Simple Injury,Vehicle to Vehicle,Police / Manual,Not Applicable,NH,Bitumen(Tar),Dry,Not Applicable,Fine,NEAR BHUVANAHALLI BRIDGE,NEAR BUS STOP,08KM,13.211861,77.673157
Bengaluru City,Devanahalli Traffic PS,1.04432e+16,2021,1,2,Road Accidents,Circle,City/Town,Near Bus stop,Not Applicable,Yes,Simple Injury,Vehicle to Vehicle,Police / Manual,Others,Others,Bitumen(Tar),Others,Not Applicable,Fine,NEAR KERALA RESTURENT KOTHANURU.,NEAR KERALA RESTURENT,35KM,13.06491,77.672668
Bengaluru City,Devanahalli Traffic PS,1.04432e+16,2021,1,1,Road Accidents,Cross roads,Rural Areas,Residential area,Human Error,Yes,Simple Injury,Hit pedestrian,No signal lights,Others,Two way,Bitumen(Tar),Dry,No influence on accident,Fine,LALAGONDANAHALLI CROSS,LALAGONDANAHALLI CROSS,6 KM,13.274088,77.709437
Bengaluru City,Devanahalli Traffic PS,1.04432e+16,2021,1,2,Road Accidents,Junction,Rural Areas,Open area,Human Error,No,Damage Only,Vehicle to Vehicle,Signals (Working),Straight and flat,NH,Bitumen(Tar),Ditch or Potholed,No influence on accident,Fine,RANI CROSS JUNCTION,RANU CROSS JUNCTION,2KM,13.2676314,77.7195886
Bengaluru City,Devanahalli Traffic PS,1.04432e+16,2021,1,2,Road Accidents,Junction,City/Town,Open area,Human Error,Yes,Damage Only,Vehicle to Vehicle,Signal lights Blinking,Others,Others,Bitumen(Tar),Dry,No influence on accident,Fine,NEAR CISF CHECK POINT,CISF CHECK PONT,12KM,13.197924,77.690307
Bengaluru City,Devanahalli Traffic PS,1.04432e+16,2021,1,1,Road Accidents,Narrow road,Rural Areas,Open area,Human Error,No,Damage Only,Vehicle to Vehicle,No signal lights,Not Applicable,NH,Bitumen(Tar),Dry,No influence on accident,Fine,"near nandini parlour,kannamangala gate",near nandini parlour,7 KM,13.201528,77.658159
Bengaluru City,Devanahalli Traffic PS,1.04432e+16,2021,1,2,Road Accidents,Narrow road,Rural Areas,Open area,Human Error,No,Simple Injury,Vehicle to Vehicle,Signal lights Blinking,Others,NH,Bitumen(Tar),Dry,No influence on accident,Fine,CHIKKASANEE GATE,CHIKKASANNE,3 KM,13.2298289,77.702282
Bengaluru City,Devanahalli Traffic PS,1.04432e+16,2021,1,1,Road Accidents,Narrow road,Rural Areas,Open area,Human Error,No,Simple Injury,Hit pedestrian,No signal lights,Not Applicable,Others,Bitumen(Tar),Dry,No influence on accident,Fine,NEAR K NARAYANAPURA CROSS,K NARAYANAPURA,32 KM,0.0,0.0
Bengaluru City,Devanahalli Traffic PS,1.04432e+16,2021,1,2,Road Accidents,Cross roads,Rural Areas,Residential area,Human Error,Yes,Simple Injury,Vehicle to Vehicle,Not at  Junction,Not Applicable,Two way,Bitumen(Tar),Dry,No influence on accident,Clear,"PUJANAHALLI , NEAR OZONE URBANA",OZONE URBANA,5 KM,13.211165,77.646095
Bengaluru City,Devanahalli Traffic PS,1.04432e+16,2021,1,2,Not Applicable,Narrow road,City/Town,Open area,Vehicle Defect,Not Applicable,Damage Only,Vehicle to Vehicle,Not Applicable,Not Applicable,Others,Bitumen(Tar),Others,Not Applicable,Others,"NEAR BRIGADE  CERCAL HUM,",AIRPORT,18 KM,13.199282,77.706529
Bengaluru City,Devanahalli Traffic PS,1.04432e+16,2021,1,2,Road Accidents,Narrow road,City/Town,Near a recreation place/cinema,Human Error,No,Simple Injury,Vehicle to Vehicle,Not Applicable,Not Applicable,Two way,Bitumen(Tar),Dry,No influence on accident,Fine,"BAGALURU HENNURU MAIN ROAD, NEAR DODDABALAPUR CROSS, INFRONT OF CROME ELECTRICAL SHOWROOM, BENGALUR",IN FRONT OF CROME ELECTRONICS,18 KM,13.06491,77.672668
Bengaluru City,Devanahalli Traffic PS,1.04432e+16,2021,1,1,Road Accidents,Cross roads,City/Town,Near Hospital,Human Error,Yes,Simple Injury,Hit pedestrian,No signal lights,Others,NH,Bitumen(Tar),Others,Not Applicable,Fine,MANASA HOSPITAL DEVANAHALLI,NEAR MANASA HOSPITAL,01KM,13.2486292,77.7155364
Bengaluru City,Devanahalli Traffic PS,1.04432e+16,2021,1,1,Road Accidents,Not Applicable,City/Town,Near Bus stop,Human Error,No,Simple Injury,Not Applicable,Not Applicable,Others,Others,Bitumen(Tar),Dry,Not Applicable,Fine,BYARATHI BANDE BUS STOP SHELTER,HENURU BAGALURU MAIN ROAD,35KM,13.07826,77.65366
Bengaluru City,Devanahalli Traffic PS,1.04432e+16,2021,1,2,Road Accidents,Not Applicable,City/Town,Near School or College,Human Error,No,Simple Injury,Vehicle to Vehicle,No signal lights,Others,Others,Bitumen(Tar),Dry,Not Applicable,Fine,NEAR PURNA PRAGNA SCHOOL,CHIKKAGUBBI,36KM,13.07497,77.65115
Bengaluru City,Devanahalli Traffic PS,1.04432e+16,2021,1,1,Road Accidents,Not Applicable,City/Town,Near Bus stop,Human Error,No,Simple Injury,Not Applicable,Police / Manual,Others,NH,Bitumen(Tar),Dry,Not Applicable,Fine,KANNAMANAGALA GATE,NEAR BUS STOP,10KM,13.201528,77.658159
Bengaluru City,Devanahalli Traffic PS,1.04432e+16,2021,1,1,Road Accidents,Not Applicable,City/Town,Residential area,Human Error,No,Not Applicable,Hit bicyclist,Not Applicable,Others,Others,Bitumen(Tar),Dry,Not Applicable,Fine,"KANAKASHREE LAYOUT, BYRATHI",KANAKASHREE LAYOUT,36km,13.06491,77.672668
Bengaluru City,Devanahalli Traffic PS,1.04432e+16,2021,1,2,Road Accidents,Narrow road,Rural Areas,Open area,Human Error,No,Simple Injury,Vehicle to Vehicle,Not at  Junction,Not Applicable,NH,Bitumen(Tar),Dry,No influence on accident,Clear,DEVANAHALLI TOLL,DEVANAHALLI TOLL,08KM,13.193689,77.649658
Bengaluru City,Devanahalli Traffic PS,1.04432e+16,2021,1,2,Not Applicable,Narrow road,City/Town,Open area,Vehicle Defect,No,Damage Only,Not Applicable,Signal lights Automatic,Not Applicable,Others,Bitumen(Tar),Not Applicable,Not Applicable,Fine,CISF SIGNAL,AIRPORT,18 KM,13.199282,77.706529
Bengaluru City,Devanahalli Traffic PS,1.04432e+16,2021,1,2,Road Accidents,Narrow road,Rural Areas,Near Hospital,Human Error,Yes,Simple Injury,Vehicle to Vehicle,No signal lights,Not Applicable,State Highway,Bitumen(Tar),Dry,No influence on accident,Fine,DEVANAHALLI GOVT HOSPITAL,DEVANAHALLI GOVT HOSPITAL,2KM,13.25879348,77.74873352
Bengaluru City,Devanahalli Traffic PS,1.04432e+16,2021,1,2,Road Accidents,Junction,Rural Areas,Residential area,Human Error,No,Simple Injury,Vehicle to Vehicle,Signal lights Blinking,Not Applicable,NH,Bitumen(Tar),Dry,No influence on accident,Fine,"NEAR NANDI UPACHAR HOTEL, RANI CROSS",NANDI UPACHAR,2KM,13.2676314,77.7195886
Bengaluru City,Devanahalli Traffic PS,1.04432e+16,2021,1,2,Road Accidents,Junction,Rural Areas,Residential area,Human Error,No,Damage Only,Vehicle to Vehicle,No signal lights,Hump,NH,Bitumen(Tar),Others,No influence on accident,Clear,AKKUPETE CIRCLE,KOTE CROSS,2 KM,13.3021582,77.5510526
Bengaluru City,Devanahalli Traffic PS,1.04432e+16,2021,1,1,Road Accidents,Curves,Rural Areas,Open area,Human Error,Not Applicable,Simple Injury,Vehicle to Vehicle,Not at  Junction,Curve,Others,Bitumen(Tar),Dry,No influence on accident,Fine,"PUJANAHALLI CROSS,",PUJANAHALLI,6 KM,13.193689,77.649658
Bengaluru City,Devanahalli Traffic PS,1.04432e+16,2021,1,2,Road Accidents,Not Applicable,City/Town,Open area,Human Error,No,Simple Injury,Vehicle to Vehicle,No signal lights,Others,Others,Bitumen(Tar),Others,Not Applicable,Fine,NEAR LALAGOUNDANAHALLI CROSS,NEAR LALAGONDANAHALLI,03KM,13.274088,77.709437
Bengaluru City,Devanahalli Traffic PS,1.04432e+16,2021,1,2,Road Accidents,Circle,City/Town,Near office complex,Human Error,No,Simple Injury,Vehicle to Vehicle,Not Applicable,Others,NH,Bitumen(Tar),Others,Not Applicable,Fine,NEAR  DEVANAHALLI RTO OFFICE,NEAR RTO OFFICE,02KM,13.277211,77.712902
Bengaluru City,Devanahalli Traffic PS,1.04432e+16,2021,1,2,Road Accidents,Circle,City/Town,Near School or College,Human Error,No,Simple Injury,Vehicle to Vehicle,No signal lights,Others,Others,Bitumen(Tar),Dry,Not Applicable,Fine,NEAR PURNA PRAGNA SCHOOL CHIKKAGUBBI KOTHANUR,NEAR PURNA PRAGNA SCHOOL,35KM,13.34303,77.385609
Bengaluru City,Devanahalli Traffic PS,1.04432e+16,2021,1,2,Road Accidents,Cross roads,City/Town,Near or inside a village,Human Error,No,Simple Injury,Vehicle to Vehicle,No signal lights,Others,Others,Bitumen(Tar),Dry,Not Applicable,Fine,NEAR WATER TANK NG GOLLALLI,NG GOLLALLI VILLAGE,36KM,13.185192,77.676166
Bengaluru City,Devanahalli Traffic PS,1.04432e+16,2021,1,2,Road Accidents,Circle,City/Town,Near Bus stop,Human Error,No,Simple Injury,Vehicle to Vehicle,Police / Manual,Others,NH,Bitumen(Tar),Dry,Not Applicable,Fine,BILISHIVALE ROAD,NEAR ANNAPURNESHWARI HOTEL,35KM,13.06491,77.672668
Bengaluru City,Devanahalli Traffic PS,1.04432e+16,2021,1,2,Road Accidents,Narrow road,Rural Areas,Open area,Human Error,No,Fatal,Vehicle to Vehicle,Not at  Junction,Curve,NH,Bitumen(Tar),Dry,No influence on accident,Fine,KANNAMANGALAPAYA GATE,KANNAMAGALA PALYA GATE,05KM,13.201528,77.658159
Bengaluru City,Devanahalli Traffic PS,1.04432e+16,2021,1,2,Road Accidents,Narrow road,Rural Areas,Open area,Human Error,No,Grievous Injury,Vehicle to Vehicle,Signals (Working),Curve,Others,Bitumen(Tar),Dry,Not Applicable,Fine,DB CROSS,DB CROSS,1.5 KM,13.25742,77.7129
Bengaluru City,Devanahalli Traffic PS,1.04432e+16,2021,1,2,Road Accidents,Junction,City/Town,Residential area,Human Error,No,Simple Injury,Vehicle to Vehicle,No signal lights,Others,Others,Not Applicable,Dry,Not Applicable,Others,NANDI ROAD NEAR NADHI UPACHAER,SOTH EAST 09 FEET COEENT FOLL,1KM,13.2676314,77.7195886
Bengaluru City,Devanahalli Traffic PS,1.04432e+16,2021,1,2,Road Accidents,Junction,Rural Areas,Open area,Human Error,No,Simple Injury,Vehicle to Vehicle,Signals (Not working),Hump,NH,Bitumen(Tar),Others,Not Applicable,Clear,NEAR D B PUR CROSS,BB ROAD,2 KM,13.3021582,77.5510526
Bengaluru City,Devanahalli Traffic PS,1.04432e+16,2021,1,2,Road Accidents,Not Applicable,City/Town,Near or inside a village,Human Error,No,Not Applicable,Not Applicable,Signal lights Automatic,Others,NH,Bitumen(Tar),Dry,Not Applicable,Fine,TOLL BB ROAD,NEAR KANNAMANAGALA GATE VILLAGE,12KM,13.2298289,77.702282
Bengaluru City,Devanahalli Traffic PS,1.04432e+16,2021,1,2,Road Accidents,Cross roads,Rural Areas,Open area,Human Error,Not Applicable,Simple Injury,Vehicle to Vehicle,Not at  Junction,Others,NH,Bitumen(Tar),Dry,Not Applicable,Fine,PUJANAHALLI CROSS,BB ROAD,03KM,13.193689,77.649658
Bengaluru City,Devanahalli Traffic PS,1.04432e+16,2021,1,1,Road Accidents,Not Applicable,City/Town,Near or inside a village,Human Error,No,Simple Injury,Not Applicable,Police / Manual,Others,NH,Bitumen(Tar),Others,Not Applicable,Fine,BACCAHALLI GATE BB ROAD,Bacchahalli Village,05KM,13.211861,77.673157
Bengaluru City,Devanahalli Traffic PS,1.04432e+16,2021,1,2,Road Accidents,Junction,Rural Areas,Open area,Human Error,Yes,Simple Injury,Vehicle to Vehicle,No signal lights,Others,NH,Bitumen(Tar),Dry,No influence on accident,Fine,"BB ROAD, KANNAMANGALAPALYA GATE",KANNAMANGALA GATE,10 KM,13.22162,77.6699
Bengaluru City,Devanahalli Traffic PS,1.04432e+16,2021,1,1,Road Accidents,Narrow road,Rural Areas,Open area,Human Error,No,Grievous Injury,Hit pedestrian,No signal lights,Straight and flat,NH,Bitumen(Tar),Dry,No influence on accident,Fine,chikkasanne gate,chikkasanne gate,3  km,13.2298289,77.702282
Bengaluru City,Devanahalli Traffic PS,1.04432e+16,2021,1,2,Rail Road Accidents,Narrow road,City/Town,Residential area,Human Error,No,Simple Injury,Vehicle to Vehicle,No signal lights,Others,NH,Bitumen(Tar),Dry,No influence on accident,Fine,"Kottanur,",Near Bible College,35KM,13.071452,77.651055
Bengaluru City,Devanahalli Traffic PS,1.04432e+16,2021,1,1,Road Accidents,Narrow road,Rural Areas,Open area,Human Error,No,Simple Injury,Hit pedestrian,No signal lights,Others,NH,Bitumen(Tar),Dry,No influence on accident,Fine,shiradi sai nagara,shiradisai nagara,28 km,13.34303,77.385609