DISTRICTNAME,UNITNAME,Crime_No,Year,RI,Noofvehicle_involved,Accident_Classification,Accident_Spot,Accident_Location,Accident_SubLocation,Main_Cause,Hit_Run,Severity,Collision_Type,Junction_Control,Road_Character,Road_Type,Surface_Type,Surface_Condition,Road_Condition,Weather,Accident_Road,Landmark_first,Distance_LandMark_First,Latitude,Longitude
Bengaluru City,Devanahalli Traffic PS,1.04432e+16,2022,1,1,Road Accidents,Narrow road,City/Town,Open area,Human Error,No,Grievous Injury,Hit pedestrian,Not Applicable,Others,Others,Bitumen(Tar),Dry,No influence on accident,Fine,BAGALURU AIRPORT MAN ROAD,NAVODAYA SCHOOL,25,13.148995,77.674745
Bengaluru City,Devanahalli Traffic PS,1.04432e+16,2022,1,2,Road Accidents,Curves,Rural Areas,Open area,Human Error,No,Simple Injury,Vehicle to Vehicle,No signal lights,Not Applicable,Others,Bitumen(Tar),Dry,No influence on accident,Fine,"near sujay feeds, souhegowdanahalli",near sujay feeds,3 KM,13.23876,77.72404
Bengaluru City,Devanahalli Traffic PS,1.04432e+16,2022,1,2,Road Accidents,Not Applicable,Rural Areas,Residential area,Human Error,Not Applicable,Grievous Injury,Vehicle to Vehicle,No signal lights,Straight and flat,Two way,Bitumen(Tar),Dry,No influence on accident,Fine,BOODIGERE ROAD,GIRIYAMMA CIRCLE,0.5 KM,13.24353,77.718744
Bengaluru City,Devanahalli Traffic PS,1.04432e+16,2022,1,2,Road Accidents,Narrow road,Rural Areas,Open area,Human Error,No,Simple Injury,Vehicle to Vehicle,No signal lights,Not Applicable,NH,Bitumen(Tar),Dry,No influence on accident,Fine,BB ROAD,TOLL,8 KM,13.193689,77.649658
Bengaluru City,Devanahalli Traffic PS,1.04432e+16,2022,1,2,Road Accidents,Narrow road,City/Town,Open area,Human Error,No,Damage Only,Vehicle to Vehicle,No signal lights,Others,Others,Bitumen(Tar),Dry,No influence on accident,Fine,BEGUR SIGNAL,BEGURU SIGNAL,12,13.197903,77.700178
Bengaluru City,Devanahalli Traffic PS,1.04432e+16,2022,1,1,Road Accidents,Narrow road,Rural Areas,Open area,Human Error,No,Grievous Injury,Not Applicable,Not Applicable,Not Applicable,Others,Bitumen(Tar),Dry,No influence on accident,Fine,"BB ROAD,",NEAR HP PETROL BUNK,4 KM,13.241716,77.713731
Bengaluru City,Devanahalli Traffic PS,1.04432e+16,2022,1,2,Road Accidents,Narrow road,Rural Areas,Open area,Human Error,No,Grievous Injury,Vehicle to Vehicle,No signal lights,Straight and flat,NH,Bitumen(Tar),Dry,No influence on accident,Fine,"BB ROAD, NEAR KANNAMANGALA PALYA",KANNAMANAGALA GATE,8 KM,13.21992627,77.67141724
Bengaluru City,Devanahalli Traffic PS,1.04432e+16,2022,1,1,Road Accidents,Narrow road,City/Town,Near office complex,Not Applicable,No,Fatal,Hit pedestrian,Controlled,Straight and flat,NH,Bitumen(Tar),Dry,No influence on accident,Not Applicable,BB ROAD,NEAR KANNAMANGAL GATE,5 KM,13.205611,77.666688
Bengaluru City,Devanahalli Traffic PS,1.04432e+16,2022,1,3,Road Accidents,Narrow road,Rural Areas,Open area,Human Error,No,Grievous Injury,Vehicle to Vehicle,Not at  Junction,Others,Others,Bitumen(Tar),Others,No influence on accident,Others,BILISHIVALE,BILISHIVALE,18 KM,13.054222,77.670095
Bengaluru City,Devanahalli Traffic PS,1.04432e+16,2022,1,2,Road Accidents,Narrow road,City/Town,Open area,Human Error,No,Grievous Injury,Hit pedestrian,Not at  Junction,Not Applicable,Others,Bitumen(Tar),Dry,No influence on accident,Fine,BB ROAD,HYUNDAI SHOWROOM,2,13.254921,77.716844
Bengaluru City,Devanahalli Traffic PS,1.04432e+16,2022,1,1,Road Accidents,Not Applicable,City/Town,Open area,Human Error,No,Fatal,Not Applicable,No signal lights,Gentle Incline or Climb,Two way,Bitumen(Tar),Dry,Pot holed,Fine,BAGALURUMAIN ROAD,NEAR HP PETROL BUNK,29,21.765757,71.80747
Bengaluru City,Devanahalli Traffic PS,1.04432e+16,2022,1,1,Road Accidents,Not Applicable,Rural Areas,Open area,Human Error,No,Fatal,Not Applicable,Not Applicable,Not Applicable,Others,Kutcha,Not Applicable,Not Applicable,Others,KANNURU BELLALLI MAIN ROAD,NEAR SUPER TECH MUKSA LUXURY APPARTMENT,15 KM,13.0980537,77.6449375
Bengaluru City,Devanahalli Traffic PS,1.04432e+16,2022,1,1,Road Accidents,Narrow road,Rural Areas,Open area,Human Error,No,Simple Injury,Hit pedestrian,No signal lights,Not Applicable,NH,Bitumen(Tar),Dry,No influence on accident,Fine,BB ROAD,DABA GATE,4 KM,0.0,0.0
Bengaluru City,Devanahalli Traffic PS,1.04432e+16,2022,1,2,Road Accidents,Narrow road,Rural Areas,Near Bus stop,Human Error,No,Fatal,Vehicle to Vehicle,No signal lights,Not Applicable,NH,Bitumen(Tar),Dry,No influence on accident,Fine,BB ROAD,KANNAMAGALA PALYA GATE,6 KM,13.21992627,77.67141724
Bengaluru City,Devanahalli Traffic PS,1.04432e+16,2022,1,2,Road Accidents,Narrow road,Rural Areas,Open area,Human Error,Yes,Grievous Injury,Vehicle to Vehicle,No signal lights,Not Applicable,Others,Bitumen(Tar),Dry,No influence on accident,Fine,"near super market, byrathi",green super market,32 km,13.0688,77.6515
Bengaluru City,Devanahalli Traffic PS,1.04432e+16,2022,1,1,Road Accidents,Narrow road,Rural Areas,Open area,Human Error,No,Simple Injury,Vehicle to Vehicle,No signal lights,Others,NH,Bitumen(Tar),Dry,No influence on accident,Fine,"BACHAHALLI GATE, BB ROAD",BACHAHALLI GATE,5 KM,13.211861,77.673157
Bengaluru City,Devanahalli Traffic PS,1.04432e+16,2022,1,1,Road Accidents,Narrow road,City/Town,Near a religious place,Human Error,No,Simple Injury,Hit pedestrian,Not at  Junction,Straight and flat,Two way,Bitumen(Tar),Dry,No influence on accident,Fine,NEAR JAIN TEMPLE,JAIN TEMPLE,2,13.241716,77.713731
Bengaluru City,Devanahalli Traffic PS,1.04432e+16,2022,1,1,Road Accidents,Narrow road,Rural Areas,Open area,Human Error,No,Grievous Injury,Vehicle to Vehicle,Not at  Junction,Not Applicable,Not Applicable,Bitumen(Tar),Dry,No influence on accident,Fine,"near liqqor shop, vijayapura road",liqqur shop,4 KM,13.241716,77.713731
Bengaluru City,Devanahalli Traffic PS,1.04432e+16,2022,1,2,Road Accidents,Curves,Rural Areas,Near Bus stop,Human Error,No,Fatal,Vehicle to Vehicle,Police / Manual,Curve,NH,Bitumen(Tar),Dry,No influence on accident,Fine,NEW BUS STOP,NEW BUS STAND,2KM,0.0,0.0
Bengaluru City,Devanahalli Traffic PS,1.04432e+16,2022,1,2,Road Accidents,Junction,Rural Areas,Open area,Human Error,Yes,Damage Only,Vehicle to Vehicle,Not at  Junction,Not Applicable,Others,Bitumen(Tar),Dry,No influence on accident,Fine,BEGURU ROAD,BEGURU JUNCTION,15,0.0,0.0
Bengaluru City,Devanahalli Traffic PS,1.04432e+16,2022,1,1,Road Accidents,Narrow road,Rural Areas,Open area,Human Error,No,Grievous Injury,Hit bicyclist,No signal lights,Not Applicable,Others,Bitumen(Tar),Dry,No influence on accident,Fine,ANNESHWARA MAIN ROAD,ANNESHWARA MAIN ROAD,6 KM,0.0,0.0
Bengaluru City,Devanahalli Traffic PS,1.04432e+16,2022,1,2,Road Accidents,Narrow road,City/Town,Open area,Human Error,No,Grievous Injury,Vehicle to Vehicle,Not at  Junction,Curve,Not Applicable,Bitumen(Tar),Dry,No influence on accident,Fine,K NARAYANAPURA MAIN ROAD,K NARAYANAPURA CROSS,28 KM,0.0,0.0
Bengaluru City,Devanahalli Traffic PS,1.04432e+16,2022,1,2,Road Accidents,Narrow road,City/Town,Open area,Human Error,No,Grievous Injury,Vehicle to Vehicle,No signal lights,Others,NH,Bitumen(Tar),Dry,No influence on accident,Fine,"BB ROAD,",KANNAMANGALA ROAD,5,13.208827,77.670193
Bengaluru City,Devanahalli Traffic PS,1.04432e+16,2022,1,1,Road Accidents,Narrow road,City/Town,Near or inside a village,Human Error,No,Fatal,Not Applicable,Not at  Junction,Not Applicable,Others,Bitumen(Tar),Dry,No influence on accident,Clear,BAGALURU YALAHANKA MAIN ROAD,SRINIVASAPURA GATE,25 KM,13.126595,77.645643
Bengaluru City,Devanahalli Traffic PS,1.04432e+16,2022,1,2,Road Accidents,Narrow road,Rural Areas,Open area,Human Error,Yes,Damage Only,Vehicle to Vehicle,No signal lights,Straight and flat,NH,Bitumen(Tar),Dry,No influence on accident,Clear,BB ROAD,OLD  BUS STAND,3 KM,0.0,0.0
Bengaluru City,Devanahalli Traffic PS,1.04432e+16,2022,1,2,Road Accidents,Curves,Rural Areas,Open area,Human Error,No,Grievous Injury,Vehicle to Vehicle,Not Applicable,Not Applicable,Others,Bitumen(Tar),Dry,No influence on accident,Others,DEVANAHALLI BUDIGERE ROAD,NEAR RAYASANDRA,5 KM,13.22129,77.72024
Bengaluru City,Devanahalli Traffic PS,1.04432e+16,2022,1,2,Road Accidents,Narrow road,City/Town,Open area,Human Error,Yes,Fatal,Vehicle to Vehicle,No signal lights,Not Applicable,NH,Bitumen(Tar),Others,No influence on accident,Fine,bb road,NEAR APOORVA HOTEL,5 KM,13.261339,77.716263
Bengaluru City,Devanahalli Traffic PS,1.04432e+16,2022,1,2,Road Accidents,Narrow road,Rural Areas,Open area,Human Error,Not Applicable,Grievous Injury,Vehicle to Vehicle,Controlled,Others,NH,Bitumen(Tar),Dry,No influence on accident,Fine,BB ROAD,RANI CROSS,3  km,13.25234,77.71633
Bengaluru City,Devanahalli Traffic PS,1.04432e+16,2022,1,2,Road Accidents,Narrow road,Rural Areas,Open area,Human Error,No,Damage Only,Vehicle to Vehicle,No signal lights,Others,NH,Bitumen(Tar),Others,No influence on accident,Fine,BB ROAD,BYPASS JUNCTION,2KM,13.241716,77.713731
Bengaluru City,Devanahalli Traffic PS,1.04432e+16,2022,1,1,Road Accidents,Narrow road,Rural Areas,Residential area,Human Error,No,Fatal,Vehicle to Vehicle,Not at  Junction,Others,NH,Bitumen(Tar),Dry,No influence on accident,Fine,BB ROAD,KOTE CROSS,3 KM,13.250796,77.707157
Bengaluru City,Devanahalli Traffic PS,1.04432e+16,2022,1,2,Road Accidents,Narrow road,Rural Areas,Open area,Human Error,No,Grievous Injury,Vehicle to Vehicle,Not Applicable,Not Applicable,Others,Bitumen(Tar),Dry,No influence on accident,Fine,NEAR NAGENAHALLI JUNCTION,NEAR NAGNAHALLI JUNCTION,32 km,13.073,77.643661
Bengaluru City,Devanahalli Traffic PS,1.04432e+16,2022,1,1,Road Accidents,Narrow road,City/Town,Near Hospital,Human Error,No,Grievous Injury,Hit pedestrian,No signal lights,Others,Others,Bitumen(Tar),Dry,No influence on accident,Others,BAGALURU MAIN ROAD,JANAOUSHADA,23,13.138949,77.670466
Bengaluru City,Devanahalli Traffic PS,1.04432e+16,2022,1,2,Road Accidents,Narrow road,City/Town,Open area,Human Error,No,Grievous Injury,Vehicle to Vehicle,Not at  Junction,Not Applicable,Others,Bitumen(Tar),Dry,No influence on accident,Fine,NELERI ROAD,NEAR VENKATESHWARA TEMPLE,6,0.0,0.0
Bengaluru City,Devanahalli Traffic PS,1.04432e+16,2022,1,2,Road Accidents,Curves,Rural Areas,Open area,Human Error,No,Grievous Injury,Vehicle to Vehicle,Not Applicable,Curve,Others,Bitumen(Tar),Dry,No influence on accident,Fine,CARGO ROAD IN AIRPORT,airport 1 st circle,13 km,0.0,0.0
Bengaluru City,Devanahalli Traffic PS,1.04432e+16,2022,1,2,Road Accidents,Curves,Rural Areas,Near Petrol Pump,Human Error,No,Grievous Injury,Vehicle to Vehicle,Not at  Junction,Incline,Others,Bitumen(Tar),Dry,No influence on accident,Fine,CARGO ROAD IN AIRPORT,SHEL PETROLBUNK,14 KM,0.0,0.0
Bengaluru City,Devanahalli Traffic PS,1.04432e+16,2022,1,2,Not Applicable,Circle,Rural Areas,Open area,Not Applicable,No,Simple Injury,Vehicle to Vehicle,Signals (Working),Not Applicable,NH,Not Applicable,Dry,Not Applicable,Fine,BB ROAD,BB ROAD,2KM,13.257393,77.712761
Bengaluru City,Devanahalli Traffic PS,1.04432e+16,2022,1,2,Not Applicable,Circle,Rural Areas,Open area,Not Applicable,No,Simple Injury,Vehicle to Vehicle,Not Applicable,Others,NH,Not Applicable,Dry,Not Applicable,Fine,BB ROAD CHIKKASANNE GATE,chikkasanne gate,05KM,13.2298289,77.702282
Bengaluru City,Devanahalli Traffic PS,1.04432e+16,2022,1,2,Road Accidents,Cross roads,City/Town,Near Bus stop,Not Applicable,No,Simple Injury,Vehicle to Vehicle,Uncontrolled,Others,Others,Surfaced,Dry,Not Applicable,Fine,Near S Si Church Byrathihalli,Byrathi Road,38,13.055511,77.646373
Bengaluru City,Devanahalli Traffic PS,1.04432e+16,2022,1,2,Road Accidents,Narrow road,City/Town,Open area,Human Error,No,Grievous Injury,Vehicle to Vehicle,Not Applicable,Not Applicable,Others,Bitumen(Tar),Dry,No influence on accident,Fine,begur mai n road,near beguru signal,15 KM,13.199282,77.706529
Bengaluru City,Devanahalli Traffic PS,1.04432e+16,2022,1,2,Road Accidents,Narrow road,Rural Areas,Narrow bridge or culverts,Human Error,No,Damage Only,Vehicle to Vehicle,No signal lights,Others,NH,Bitumen(Tar),Dry,No influence on accident,Fine,BHUVANAHALLI BRIDGE,BHUVANAHALLI BRIDGE,5 KM,0.0,0.0
Bengaluru City,Devanahalli Traffic PS,1.04432e+16,2022,1,1,Road Accidents,Not Applicable,Rural Areas,Open area,Human Error,No,Grievous Injury,Hit pedestrian,Not Applicable,Not Applicable,Others,Bitumen(Tar),Dry,No influence on accident,Others,OTHER,BASAWESHWARA MEDICAL STORE,2 KM,13.245847,77.712334
Bengaluru City,Devanahalli Traffic PS,1.04432e+16,2022,1,2,Road Accidents,Narrow road,Rural Areas,Open area,Human Error,No,Grievous Injury,Vehicle to Vehicle,No signal lights,Not Applicable,NH,Bitumen(Tar),Dry,No influence on accident,Fine,CHIKKASANNE GATE,chikkasanne gate,04 KM,0.0,0.0
Bengaluru City,Devanahalli Traffic PS,1.04432e+16,2022,1,1,Road Accidents,Narrow road,Rural Areas,Residential area,Human Error,No,Grievous Injury,Not Applicable,No signal lights,Not Applicable,NH,Bitumen(Tar),Dry,No influence on accident,Fine,BB ROAD,KOTE CROSS,4 KM,13.3021582,77.5510526
Bengaluru City,Devanahalli Traffic PS,1.04432e+16,2022,1,1,Road Accidents,Circle,City/Town,Open area,Not Applicable,No,Simple Injury,Vehicle to Vehicle,Uncontrolled,Others,Others,Surfaced,Not Applicable,Not Applicable,Fine,"1 st circle, airport",AIRPORT,10KM,13.198154,77.680104
Bengaluru City,Devanahalli Traffic PS,1.04432e+16,2022,1,2,Road Accidents,Narrow road,Rural Areas,Open area,Human Error,No,Grievous Injury,Vehicle to Vehicle,Not at  Junction,Straight and flat,NH,Bitumen(Tar),Dry,No influence on accident,Fine,"KANNAMANGALA PALYA , BB ROAD",NEAR GANESHA TEMPLE,5 KM,13.21992627,77.67141724
Bengaluru City,Devanahalli Traffic PS,1.04432e+16,2022,1,2,Road Accidents,Narrow road,Rural Areas,Near Bus stop,Human Error,No,Damage Only,Vehicle to Vehicle,No signal lights,Not Applicable,Two way,Bitumen(Tar),Dry,No influence on accident,Fine,BB ROAD,OLD BUS STOP,03KM,0.0,0.0
Bengaluru City,Devanahalli Traffic PS,1.04432e+16,2022,1,2,Road Accidents,Road hump or Rumble strips,Rural Areas,Near Bus stop,Human Error,No,Fatal,Not Applicable,No signal lights,Others,Others,Bitumen(Tar),Others,No influence on accident,Fine,NEAR DEPARTURE IN AIRPORT,DEPARTURE IN AIRPORT,12,13.199014,77.70897
Bengaluru City,Devanahalli Traffic PS,1.04432e+16,2022,1,3,Road Accidents,Not Applicable,Rural Areas,Open area,Not Applicable,No,Simple Injury,Vehicle to Vehicle,Uncontrolled,Others,Others,Surfaced,Dry,Not Applicable,Others,IN FRONT OF HIRANANDINI  APTS,BB ROAD HIN FRONT OF HIRANANDINI,03KM,13.241716,77.713731
Bengaluru City,Devanahalli Traffic PS,1.04432e+16,2022,1,2,Road Accidents,Narrow road,Rural Areas,Residential area,Human Error,No,Simple Injury,Vehicle to Vehicle,Signal lights Automatic,Straight and flat,NH,Bitumen(Tar),Dry,No influence on accident,Fine,KANNAMANGALAPAYA GATE,KANNAMAGALA PALYA GATE,7,13.201528,77.658159
Bengaluru City,Devanahalli Traffic PS,1.04432e+16,2022,1,2,Road Accidents,Cross roads,Rural Areas,Near or inside a village,Human Error,No,Fatal,Vehicle to Vehicle,No signal lights,Not Applicable,State Highway,Bitumen(Tar),Dry,No influence on accident,Mist or Fog,VIJAYAPURA ROAD,GOVT HOSPITAL,5 KM,13.241716,77.713731
Bengaluru City,Devanahalli Traffic PS,1.04432e+16,2022,1,2,Road Accidents,Narrow road,City/Town,Residential area,Human Error,No,Grievous Injury,Vehicle to Vehicle,Not at  Junction,Others,NH,Bitumen(Tar),Dry,No influence on accident,Fine,"BB ROAD,",SATHVA APPARTMENT,6 KM,0.0,0.0
Bengaluru City,Devanahalli Traffic PS,1.04432e+16,2022,1,2,Road Accidents,Cross roads,Rural Areas,Open area,Not Applicable,No,Simple Injury,Vehicle to Vehicle,Uncontrolled,Not Applicable,Others,Surfaced,Dry,Not Applicable,Others,Byrathi cross Kothanur,Byrathi cross Kothanur,35km,13.055511,77.646373
Bengaluru City,Devanahalli Traffic PS,1.04432e+16,2022,1,1,Road Accidents,Narrow road,City/Town,Open area,Not Applicable,No,Simple Injury,Not Applicable,Not Applicable,Others,Others,Surfaced,Dry,Not Applicable,Others,in front hester biosciences center Doddagubbi main road,in front hester biosciences center Doddagubbi main road,36,13.06491,77.672668
Bengaluru City,Devanahalli Traffic PS,1.04432e+16,2022,1,2,Road Accidents,Junction,City/Town,Open area,Not Applicable,Yes,Damage Only,Vehicle to Vehicle,Not Applicable,Not Applicable,Others,Not Applicable,Not Applicable,Not Applicable,Fine,NEAR DIVERSION KIAL,AIRPORT,08KM,13.195911,77.669649
Bengaluru City,Devanahalli Traffic PS,1.04432e+16,2022,1,2,Road Accidents,Junction,City/Town,Open area,Human Error,No,Damage Only,Vehicle to Vehicle,Signal lights Blinking,Not Applicable,Not Applicable,Bitumen(Tar),Others,No influence on accident,Fine,NEAR BEGURU JUNCTION,BIAL,12 KM,13.197924,77.690307
Bengaluru City,Devanahalli Traffic PS,1.04432e+16,2022,1,2,Road Accidents,Circle,Rural Areas,Open area,Human Error,No,Damage Only,Vehicle to Vehicle,No signal lights,Curve,Others,Bitumen(Tar),Others,No influence on accident,Clear,first circle,airport  1st circle,12,13.198154,77.680104
Bengaluru City,Devanahalli Traffic PS,1.04432e+16,2022,1,1,Road Accidents,Cross roads,City/Town,Near School or College,Human Error,No,Simple Injury,Hit pedestrian,No signal lights,Curve,Others,Bitumen(Tar),Dry,No influence on accident,Fine,THANISANDRA MAIN ROAD,KRISTU JAYANTHI COLLAGE,28 KM,0.0,0.0
Bengaluru City,Devanahalli Traffic PS,1.04432e+16,2022,1,2,Road Accidents,Narrow road,Rural Areas,Open area,Human Error,No,Simple Injury,Vehicle to Vehicle,No signal lights,Not Applicable,NH,Bitumen(Tar),Dry,No influence on accident,Fine,near chikkasanne,CHIKKASANNE,3,13.2298289,77.702282
Bengaluru City,Devanahalli Traffic PS,1.04432e+16,2022,1,3,Not Applicable,Narrow road,Rural Areas,Residential area,Human Error,No,Grievous Injury,Vehicle to Vehicle,Not Applicable,Hump,NH,Bitumen(Tar),Dry,No influence on accident,Fine,BB ROAD,KOTE CROSS,2.5 KM,13.3021582,77.5510526
Bengaluru City,Devanahalli Traffic PS,1.04432e+16,2022,1,4,Road Accidents,Narrow road,City/Town,Near a recreation place/cinema,Human Error,Yes,Fatal,Vehicle to Vehicle,No signal lights,Others,NH,Bitumen(Tar),Dry,No influence on accident,Fine,BB ROAD,KRISHNA GARDEN,8 KM,13.670802,77.670802
Bengaluru City,Devanahalli Traffic PS,1.04432e+16,2022,1,1,Road Accidents,Narrow road,City/Town,Residential area,Human Error,Yes,Fatal,Hit pedestrian,Not at  Junction,Straight and flat,NH,Bitumen(Tar),Dry,No influence on accident,Others,BB ROAD,HIRANANDANI APPARTMENT,5 KM,13.23639,77.69723
Bengaluru City,Devanahalli Traffic PS,1.04432e+16,2022,1,2,Road Accidents,Narrow road,Rural Areas,Open area,Human Error,No,Grievous Injury,Vehicle to Vehicle,Not Applicable,Not Applicable,NH,Bitumen(Tar),Dry,No influence on accident,Fine,BB ROAD,BHUVANAHALLI GATE,5 KM,0.0,0.0
Bengaluru City,Devanahalli Traffic PS,1.04432e+16,2022,1,2,Road Accidents,Junction,Rural Areas,Open area,Human Error,No,Simple Injury,Vehicle to Vehicle,Signal lights Automatic,Others,NH,Bitumen(Tar),Dry,No influence on accident,Fine,VIJAYAPURA CROSS,VIJAYAPURA CROSS,4 KM,0.0,0.0
Bengaluru City,Devanahalli Traffic PS,1.04432e+16,2022,1,1,Road Accidents,Narrow road,Rural Areas,Open area,Human Error,No,Grievous Injury,Hit pedestrian,Not Applicable,Others,Not Applicable,Bitumen(Tar),Dry,No influence on accident,Fine,PUJANAHALLI,PUJANAHALLI,4 KM,0.0,0.0
Bengaluru City,Devanahalli Traffic PS,1.04432e+16,2023,1,2,Road Accidents,Narrow road,Rural Areas,Narrow bridge or culverts,Human Error,No,Simple Injury,Vehicle to Vehicle,No signal lights,Not Applicable,NH,Bitumen(Tar),Dry,No influence on accident,Fine,YARTHIGANAHALLAI BRIDGE,YARTHGANAHALLI BRIDGE,6 KM,0.0,0.0
Bengaluru City,Devanahalli Traffic PS,1.04432e+16,2023,1,2,Road Accidents,Narrow road,Rural Areas,Near a recreation place/cinema,Human Error,No,Damage Only,Vehicle to Vehicle,Not Applicable,Others,NH,Bitumen(Tar),Dry,No influence on accident,Fine,BB ROAD,NANDA GOKULA HOTEL,4,0.0,0.0
Bengaluru City,Devanahalli Traffic PS,1.04432e+16,2023,1,2,Road Accidents,Narrow road,Rural Areas,Open area,Human Error,No,Simple Injury,Vehicle to Vehicle,Not Applicable,Others,Others,Bitumen(Tar),Dry,No influence on accident,Others,BUDIHALA GATE,BUDIHALA GATE,5,13.223154,77.740045
Bengaluru City,Devanahalli Traffic PS,1.04432e+16,2023,1,2,Road Accidents,Curves,City/Town,Open area,Human Error,No,Grievous Injury,Vehicle to Vehicle,Not at  Junction,Curve,Others,Bitumen(Tar),Dry,No influence on accident,Fine,AIRPORT NEW ROAD,NEAR DOWN RAMP,9,0.0,0.0
Bengaluru City,Devanahalli Traffic PS,1.04432e+16,2023,1,2,Road Accidents,Curves,Rural Areas,Near office complex,Human Error,No,Grievous Injury,Vehicle to Vehicle,No signal lights,Others,Others,Bitumen(Tar),Dry,No influence on accident,Fine,Tippu circle,Srikanta palace,2 KM,0.0,0.0
Bengaluru City,Devanahalli Traffic PS,1.04432e+16,2023,1,1,Road Accidents,Not Applicable,Rural Areas,Open area,Human Error,No,Fatal,Not Applicable,Not Applicable,Straight and flat,Others,Bitumen(Tar),Dry,No influence on accident,Fine,BAGALURU YALAHANKA MAIN ROAD,NEAR MARKET,15 KM,13.13187,77.662188
Bengaluru City,Devanahalli Traffic PS,1.04432e+16,2023,1,2,Road Accidents,Cross roads,City/Town,Open area,Human Error,No,Simple Injury,Vehicle to Vehicle,No signal lights,Others,NH,Bitumen(Tar),Others,Not Applicable,Fine,B.B ROAD,NEAR KOTE CROSS,2,0.0,0.0
Bengaluru City,Devanahalli Traffic PS,1.04432e+16,2023,1,1,Road Accidents,Junction,Rural Areas,Open area,Not Applicable,No,Fatal,Hit pedestrian,Uncontrolled,Straight and flat,NH,Bitumen(Tar),Dry,Not Applicable,Clear,NH,Kannamangala Palya Gate,5 Km,13.221259,77.682326
Bengaluru City,Devanahalli Traffic PS,1.04432e+16,2023,1,2,Road Accidents,Narrow road,City/Town,Near or inside a village,Not Applicable,Not Applicable,Fatal,Vehicle to Vehicle,Uncontrolled,Slight Curve,Others,Concrete,Dry,Not Applicable,Clear,Near Reva Collage,Reva Collage,16 Kms,13.117804,77.634088
Bengaluru City,Devanahalli Traffic PS,1.04432e+16,2023,1,2,Road Accidents,Narrow road,Rural Areas,Open area,Not Applicable,No,Simple Injury,Vehicle to Vehicle,Controlled,Straight and flat,NH,Surfaced,Dry,Not Applicable,Clear,"BB Road, Kannamangala Palya gate",Toll 1,0.5,13.219926,77.671417
Bengaluru City,Devanahalli Traffic PS,1.04432e+16,2023,1,1,Road Accidents,Narrow road,City/Town,Near Bus stop,Human Error,No,Simple Injury,Hit pedestrian,Controlled,Not Applicable,Minor District Road,Bitumen(Tar),Others,Not Applicable,Clear,NANDI HILLS ROAD,NEAR RAILWAY GATE,500 MT,13.278138,77.712193
Bengaluru City,Devanahalli Traffic PS,1.04432e+16,2023,1,2,Road Accidents,Junction,Rural Areas,Near Bus stop,Not Applicable,No,Simple Injury,Vehicle to Vehicle,Controlled,Straight and flat,NH,Surfaced,Dry,Not Applicable,Clear,Chikkasanne Gate  BB Road,Chikkasanne gate,0.2 km,13.229828,77.702282
Bengaluru City,Devanahalli Traffic PS,1.04432e+16,2023,1,2,Road Accidents,Junction,City/Town,Open area,Human Error,No,Simple Injury,Vehicle to Vehicle,Controlled,Curve,Two way,Bitumen(Tar),Not Applicable,No influence on accident,Clear,kannuru bellahalli road,Bellalli Cross,1,13.088058,77.654744
Bengaluru City,Devanahalli Traffic PS,1.04432e+16,2023,1,2,Road Accidents,Narrow road,Rural Areas,Open area,Human Error,No,Damage Only,Vehicle to Vehicle,Not at  Junction,Slight Curve,State Highway,Bitumen(Tar),Dry,No influence on accident,Fine,KURUBARAKUNTE,KURUBARA KUNTE,6,0.0,0.0
Bengaluru City,Devanahalli Traffic PS,1.04432e+16,2023,1,2,Road Accidents,Narrow road,Rural Areas,Open area,Human Error,No,Fatal,Vehicle to Vehicle,Not Applicable,Not Applicable,NH,Bitumen(Tar),Dry,No influence on accident,Fine,"BB ROAD, VIJAYAPYURA CROSS",BB ROAD,4 KM,13.257909,77.717463
Bengaluru City,Devanahalli Traffic PS,1.04432e+16,2023,1,2,Road Accidents,Narrow road,Rural Areas,Open area,Human Error,No,Damage Only,Vehicle to Vehicle,Not at  Junction,Others,NH,Bitumen(Tar),Others,No influence on accident,Fine,BBROAD,KANNAMANGALA GATE,8 KM,13.221353,77.682212
Bengaluru City,Devanahalli Traffic PS,1.04432e+16,2023,1,2,Road Accidents,Junction,City/Town,Open area,Human Error,No,Fatal,Vehicle to Vehicle,No signal lights,Hump,NH,Bitumen(Tar),Dry,No influence on accident,Fine,BB ROAD,KOTE CROSS JUNCTION,3KM,0.0,0.0
Bengaluru City,Devanahalli Traffic PS,1.04432e+16,2023,1,2,Road Accidents,Narrow road,City/Town,Near a recreation place/cinema,Human Error,No,Grievous Injury,Vehicle to Vehicle,Not Applicable,Not Applicable,NH,Bitumen(Tar),Dry,No influence on accident,Fine,bb road,BYPASS JUNCTION,3  km,0.0,0.0
Bengaluru City,Devanahalli Traffic PS,1.04432e+16,2023,1,2,Road Accidents,Cross roads,City/Town,Open area,Human Error,No,Grievous Injury,Not Applicable,No signal lights,Others,NH,Bitumen(Tar),Dry,Not Applicable,Fine,B.B ROAD,PUJANAHALLI GATE,8,0.0,0.0
Bengaluru City,Devanahalli Traffic PS,1.04432e+16,2023,1,1,Road Accidents,Narrow road,Rural Areas,Open area,Human Error,No,Grievous Injury,Vehicle to Vehicle,No signal lights,Others,NH,Bitumen(Tar),Dry,No influence on accident,Fine,"BB ROAD,",KOTE CROSS JUNCTION,3,13.250348,77.706882