DISTRICTNAME,UNITNAME,Crime_No,Year,RI,Noofvehicle_involved,Accident_Classification,Accident_Spot,Accident_Location,Accident_SubLocation,Main_Cause,Hit_Run,Severity,Collision_Type,Junction_Control,Road_Character,Road_Type,Surface_Type,Surface_Condition,Road_Condition,Weather,Accident_Road,Landmark_first,Distance_LandMark_First,Latitude,Longitude
Bengaluru City,Devanahalli Traffic PS,1.04432e+16,2023,1,1,Road Accidents,Narrow road,Rural Areas,Residential area,Human Error,No,Fatal,Not Applicable,Not at  Junction,Others,Others,Bitumen(Tar),Dry,No influence on accident,Fine,BHUVANAHALLI VILLAGE,BHUVANAHALLI VILLAGE,06KM,0.0,0.0
Bengaluru City,Devanahalli Traffic PS,1.04432e+16,2023,1,1,Road Accidents,Not Applicable,Rural Areas,Open area,Human Error,No,Fatal,Not Applicable,Not Applicable,Curve,Others,Bitumen(Tar),Others,Not Applicable,Others,HOSAKOTE MAIN ROAD,NEAR DABA GATE,6 KM,13.228108,77.734003
Bengaluru City,Devanahalli Traffic PS,1.04432e+16,2023,1,1,Road Accidents,Narrow road,City/Town,Open area,Human Error,No,Fatal,Hit pedestrian,Not at  Junction,Incline,NH,Bitumen(Tar),Dry,No influence on accident,Others,BB ROAD,NEAR SANNA AMANI KERE GATE,4 KM,13.240149,77.701144
Bengaluru City,Devanahalli Traffic PS,1.04432e+16,2023,1,2,Road Accidents,Narrow road,Rural Areas,Open area,Human Error,Yes,Fatal,Vehicle to Vehicle,No signal lights,Straight and flat,NH,Bitumen(Tar),Dry,No influence on accident,Fine,BB ROAD,BACHAHALLI GATE,7 KM,0.0,0.0
Bengaluru City,Devanahalli Traffic PS,1.04432e+16,2023,1,1,Road Accidents,Narrow road,Rural Areas,Open area,Human Error,Yes,Fatal,Vehicle to Vehicle,No signal lights,Straight and flat,Two way,Bitumen(Tar),Dry,No influence on accident,Fine,SULIBELE ROAD,AIRLINES DABHA,6,0.0,0.0
Bengaluru City,Devanahalli Traffic PS,1.04432e+16,2023,1,2,Road Accidents,Narrow road,City/Town,Near School or College,Human Error,No,Grievous Injury,Vehicle to Vehicle,No signal lights,Straight and flat,Others,Bitumen(Tar),Ditch or Potholed,No influence on accident,Fine,BELLAHALLI ROAD,REVA COLLEGE,25 KM,0.0,0.0
Bengaluru City,Devanahalli Traffic PS,1.04432e+16,2023,1,2,Road Accidents,Narrow road,Rural Areas,Open area,Human Error,No,Grievous Injury,Vehicle to Vehicle,No signal lights,Straight and flat,NH,Bitumen(Tar),Dry,No influence on accident,Fine,BB ROAD,CHIKKASANNE GATE,3  km,0.0,0.0
Bengaluru City,Devanahalli Traffic PS,1.04432e+16,2023,1,2,Road Accidents,Narrow road,Rural Areas,Near office complex,Human Error,No,Grievous Injury,Vehicle to Vehicle,No signal lights,Others,NH,Bitumen(Tar),Dry,No influence on accident,Fine,"BB ROAD,",HONDA SHOWROOM,2,0.0,0.0
Bengaluru City,Devanahalli Traffic PS,1.04432e+16,2023,1,2,Not Applicable,Not Applicable,Rural Areas,Near Bus stop,Human Error,No,Not Applicable,Vehicle to Vehicle,Not at  Junction,Not Applicable,NH,Bitumen(Tar),Dry,Not Applicable,Clear,NH 44,POOJANAHALLI U TURN,TOLL,13.199746,77.659264
Bengaluru City,Devanahalli Traffic PS,1.04432e+16,2023,1,1,Road Accidents,Narrow road,Rural Areas,Residential area,Not Applicable,No,Simple Injury,Vehicle to Vehicle,Controlled,Straight and flat,One way,Surfaced,Ditch or Potholed,Not Applicable,Cloudy,Mittiganahalli,Near Vovt School,25 m,13.193689,77.649658
Bengaluru City,Devanahalli Traffic PS,1.04432e+16,2023,1,2,Road Accidents,Curves,Rural Areas,Open area,Human Error,No,Simple Injury,Vehicle to Vehicle,Uncontrolled,Curve,One way,Bitumen(Tar),Not Applicable,Not Applicable,Clear,airport arrival road,aiport arrival road,0.5 km,13.055312,77.646095
Bengaluru City,Devanahalli Traffic PS,1.04432e+16,2023,1,2,Road Accidents,Cross roads,Rural Areas,Open area,Human Error,No,Grievous Injury,Vehicle to Vehicle,Not Applicable,Curve,Others,Not Applicable,Dry,No influence on accident,Fine,B.B ROAD,AMAZON COMPANY,18,0.0,0.0
Bengaluru City,Devanahalli Traffic PS,1.04432e+16,2023,1,6,Road Accidents,Narrow road,Rural Areas,Open area,Human Error,Yes,Damage Only,Vehicle to Vehicle,Not at  Junction,Others,NH,Bitumen(Tar),Dry,No influence on accident,Others,BB ROAD,NEAR BYPASS JUNCTION,3KM,0.0,0.0
Bengaluru City,Devanahalli Traffic PS,1.04432e+16,2023,1,2,Road Accidents,Narrow road,Rural Areas,Open area,Human Error,No,Grievous Injury,Vehicle to Vehicle,Stop Sign,Straight and flat,NH,Bitumen(Tar),Dry,Not Applicable,Fine,B.B ROAD,KANNAMANGAL,12,0.0,0.0
Bengaluru City,Devanahalli Traffic PS,1.04432e+16,2023,1,2,Road Accidents,Narrow road,Rural Areas,Open area,Human Error,No,Fatal,Vehicle to Vehicle,No signal lights,Not Applicable,Others,Bitumen(Tar),Others,No influence on accident,Others,GOKARE ROAD,OLD  BUS STAND,3 KM,13.253497,77.734209
Bengaluru City,Devanahalli Traffic PS,1.04432e+16,2023,1,2,Road Accidents,Road hump or Rumble strips,City/Town,Near Bus stop,Not Applicable,No,Grievous Injury,Vehicle to Vehicle,Controlled,Curve,One way,Surfaced,Dry,Not Applicable,Fine,Airport road,Near CISF Quatres,2,0.0,0.0
Bengaluru City,Devanahalli Traffic PS,1.04432e+16,2023,1,2,Road Accidents,Narrow road,Rural Areas,Open area,Human Error,No,Grievous Injury,Vehicle to Vehicle,No signal lights,Not Applicable,Others,Bitumen(Tar),Dry,No influence on accident,Fine,"BB ROAD,",KANNAMANGALA PALYA GATE,4 KM,13.221161,77.682229
Bengaluru City,Devanahalli Traffic PS,1.04432e+16,2023,1,2,Road Accidents,Narrow road,Rural Areas,Open area,Human Error,No,Fatal,Vehicle to Vehicle,Not Applicable,Straight and flat,Others,Bitumen(Tar),Dry,No influence on accident,Fine,GOKARE ROAD,GOKARE LAKE,5,13.254343,77.736586
Bengaluru City,Devanahalli Traffic PS,1.04432e+16,2023,1,2,Road Accidents,Junction,City/Town,Open area,Human Error,No,Grievous Injury,Vehicle to Vehicle,Signals (Working),Others,Others,Bitumen(Tar),Dry,No influence on accident,Fine,AIRPORT DEVANAHALLI ROAD,HUNSURU JUNCTION,15,0.0,0.0
Bengaluru City,Devanahalli Traffic PS,1.04432e+16,2023,1,2,Road Accidents,Cross roads,City/Town,Open area,Not Applicable,No,Grievous Injury,Vehicle to Vehicle,Not Applicable,Hump,NH,Bitumen(Tar),Not Applicable,Not Applicable,Fine,B.B ROAD,KOTE CROSS,3KM,13.250639,77.7071
Bengaluru City,Devanahalli Traffic PS,1.04432e+16,2023,1,2,Road Accidents,Narrow road,Rural Areas,Near or inside a village,Human Error,No,Grievous Injury,Vehicle to Vehicle,Controlled,Others,Minor District Road,Bitumen(Tar),Others,Not Applicable,Clear,BAGALURU-BUDDIGERE ROAD,M HOSAHALLI,10 MTR,0.0,0.0
Bengaluru City,Devanahalli Traffic PS,1.04432e+16,2023,1,2,Road Accidents,Not Applicable,Rural Areas,Open area,Human Error,No,Not Applicable,Vehicle to Vehicle,Not Applicable,Straight and flat,State Highway,Not Applicable,Dry,Not Applicable,Fine,NANDI HILLS ROAD,NEAR NILLERI RAILWAY GATE,4,0.0,0.0
Bengaluru City,Devanahalli Traffic PS,1.04432e+16,2023,1,2,Road Accidents,Junction,City/Town,Residential area,Not Applicable,No,Simple Injury,Vehicle to Vehicle,Controlled,Straight and flat,Not Applicable,Surfaced,Dry,Not Applicable,Clear,BAGALURU TO MARENAHALLLI ROAD,KOUSTUBA LAYOUT,2 KM,0.0,0.0
Bengaluru City,Devanahalli Traffic PS,1.04432e+16,2023,1,1,Road Accidents,Narrow road,Rural Areas,Open area,Not Applicable,Not Applicable,Fatal,Not Applicable,Uncontrolled,Not Applicable,Sub Arterial,Surfaced,Dry,Not Applicable,Cloudy,Airport Road,Airport,12 km,13.191286,77.68078
Bengaluru City,Devanahalli Traffic PS,1.04432e+16,2023,1,1,Road Accidents,Not Applicable,City/Town,Open area,Not Applicable,No,Grievous Injury,Not Applicable,No signal lights,Straight and flat,Two way,Surfaced,Dry,Not Applicable,Fog / Mist,Bagaluru- Airport Road,Near Green Embrald Farm House,1 km,0.0,0.0
Bengaluru City,Devanahalli Traffic PS,1.04432e+16,2023,1,2,Road Accidents,Cross roads,City/Town,Open area,Human Error,No,Not Applicable,Vehicle to Vehicle,Uncontrolled,Others,NH,Not Applicable,Others,Not Applicable,Clear,kannamangal gate devanhalli,KANNAMANGAL GATE,8 KM,13.208145,77.669235
Bengaluru City,Devanahalli Traffic PS,1.04432e+16,2023,1,1,Road Accidents,Narrow road,Rural Areas,Open area,Human Error,Not Applicable,Fatal,Not Applicable,Uncontrolled,Straight and flat,NH,Bitumen(Tar),Dry,Not Applicable,Mist or Fog,NH,Kannamangala Palya Gate,5 Kms,13.221367,77.68227
Bengaluru City,Devanahalli Traffic PS,1.04432e+16,2023,1,2,Road Accidents,Narrow road,City/Town,Near a recreation place/cinema,Human Error,No,Fatal,Vehicle to Vehicle,Not at  Junction,Straight and flat,Others,Bitumen(Tar),Dry,No influence on accident,Fine,BAGALURU MAIN ROAD,COUNTRY CLUB,23,0.0,0.0
Bengaluru City,Devanahalli Traffic PS,1.04432e+16,2023,1,2,Road Accidents,Narrow road,Rural Areas,Open area,Human Error,No,Grievous Injury,Vehicle to Vehicle,Not Applicable,Straight and flat,Others,Bitumen(Tar),Dry,No influence on accident,Fine,CHAGALATTI JUNCTION,CHAGALATTI JUNCTION,28,0.0,0.0
Bengaluru City,Devanahalli Traffic PS,1.04432e+16,2023,1,2,Road Accidents,Curves,City/Town,Near Bus stop,Human Error,No,Grievous Injury,Vehicle to Vehicle,Not Applicable,Curve,Mixed,Bitumen(Tar),Dry,No influence on accident,Fine,BMTC DEPO,BMTC DEPO,3KM,0.0,0.0
Bengaluru City,Devanahalli Traffic PS,1.04432e+16,2023,1,1,Road Accidents,Narrow road,Rural Areas,Open area,Human Error,No,Simple Injury,Hit pedestrian,No signal lights,Others,Others,Bitumen(Tar),Not Applicable,No influence on accident,Fine,VINAYAKANAGARA,VINAYAKANAGARA,1,0.0,0.0
Bengaluru City,Devanahalli Traffic PS,1.04432e+16,2023,1,1,Road Accidents,Circle,Rural Areas,Open area,Human Error,Yes,Fatal,Hit pedestrian,No signal lights,Curve,Others,Bitumen(Tar),Dry,Engineering Defect of Road,Wind,HOSUR BANDE,HOSUR BANDE,20,0.0,0.0
Bengaluru City,Devanahalli Traffic PS,1.04432e+16,2023,1,1,Road Accidents,Narrow road,Rural Areas,Open area,Human Error,No,Fatal,Not Applicable,Not at  Junction,Not Applicable,Others,Bitumen(Tar),Dry,No influence on accident,Fine,VIJAYAPURA DEVANAHALLI ROAD,OLD KURUBARA KUNTE,3  km,13.27041,77.739557
Bengaluru City,Devanahalli Traffic PS,1.04432e+16,2023,1,2,Road Accidents,Narrow road,City/Town,Open area,Human Error,No,Grievous Injury,Vehicle to Vehicle,Not at  Junction,Others,NH,Bitumen(Tar),Dry,No influence on accident,Others,BB ROAD,KANNAMANGALAPALYA,5,13.221364,77.68226
Bengaluru City,Devanahalli Traffic PS,1.04432e+16,2023,1,1,Road Accidents,Narrow road,Rural Areas,Residential area,Human Error,No,Fatal,Not Applicable,Not at  Junction,Straight and flat,NH,Bitumen(Tar),Dry,No influence on accident,Fine,BB ROAD,HIRANANDANI APPARTMENT,3,13.23482,77.695567
Bengaluru City,Devanahalli Traffic PS,1.04432e+16,2023,1,1,Road Accidents,Narrow road,Rural Areas,Residential area,Human Error,No,Fatal,Not Applicable,Not at  Junction,Straight and flat,Others,Bitumen(Tar),Dry,No influence on accident,Fine,B K HALLI,GREEN PARK EMERALD,25,13.168027,77.688625
Bengaluru City,Devanahalli Traffic PS,1.04432e+16,2023,1,2,Road Accidents,Narrow road,City/Town,Open area,Human Error,No,Fatal,Vehicle to Vehicle,Not at  Junction,Not Applicable,Others,Bitumen(Tar),Dry,No influence on accident,Fine,BELLAHALLI BRIDGE,BELLAHALLI BRIDGE,26,0.0,0.0
Bengaluru City,Devanahalli Traffic PS,1.04432e+16,2023,1,1,Road Accidents,Narrow road,City/Town,Residential area,Not Applicable,No,Fatal,Hit pedestrian,Controlled,Others,Residential Street,Surfaced,Dry,Not Applicable,Cloudy,Chagalatti road,Near Chagalatti bus stand,0.5 km,13.122703,77.668221
Bengaluru City,Devanahalli Traffic PS,1.04432e+16,2023,1,2,Not Applicable,Not Applicable,Rural Areas,In bazaar,Human Error,Yes,Simple Injury,Vehicle to Vehicle,Not Applicable,Not Applicable,State Highway,Bitumen(Tar),Not Applicable,Not Applicable,Clear,SH 104,INDIAN BUNK,5 KM,13.218922,77.740782
Bengaluru City,Devanahalli Traffic PS,1.04432e+16,2023,1,2,Rail Road Accidents,Not Applicable,Rural Areas,Open area,Not Applicable,No,Grievous Injury,Vehicle to Vehicle,Controlled,Not Applicable,Not Applicable,Not Applicable,Dry,Not Applicable,Others,NEAR SHELL BUNK,CARGO ROAD,A,13.199652,77.68628
Bengaluru City,Devanahalli Traffic PS,1.04432e+16,2023,1,2,Road Accidents,Circle,Rural Areas,Open area,Human Error,No,Simple Injury,Vehicle to Vehicle,Uncontrolled,Not Applicable,Not Applicable,Bitumen(Tar),Dry,Not Applicable,Clear,ANNESHWARA ROAD,ANNESHWARA ROAD,4 KM,13.215358,77.710683
Bengaluru City,Devanahalli Traffic PS,1.04432e+16,2023,1,1,Road Accidents,Narrow road,Rural Areas,Near office complex,Human Error,Not Applicable,Simple Injury,Not Applicable,Controlled,Not Applicable,One way,Bitumen(Tar),Others,Not Applicable,Clear,"CORGO ROAD, KIAL",DHL COURIER OFFICE,1,13.198179,77.700266
Bengaluru City,Devanahalli Traffic PS,1.04432e+16,2023,1,1,Not Applicable,Not Applicable,Rural Areas,Open area,Not Applicable,Yes,Grievous Injury,Not Applicable,Not Applicable,Not Applicable,NH,Bitumen(Tar),Not Applicable,Not Applicable,Clear,BB ROAD,BHUVANHALLI BUS STAND,5KM,13.212649,77.673631
Bengaluru City,Devanahalli Traffic PS,1.04432e+16,2023,1,1,Road Accidents,Cross roads,Rural Areas,Near a factory industrial area,Not Applicable,Not Applicable,Grievous Injury,Hit pedestrian,Not at  Junction,Not Applicable,State Highway,Bitumen(Tar),Not Applicable,Not Applicable,Not Applicable,B B ROAD,B B ROAD,100 MT,13.208791,77.670153
Bengaluru City,Devanahalli Traffic PS,1.04432e+16,2023,1,1,Road Accidents,Narrow road,City/Town,Near office complex,Human Error,No,Grievous Injury,Not Applicable,Not at  Junction,Not Applicable,Others,Bitumen(Tar),Dry,No influence on accident,Fine,BYCHAPURA ROAD,IN FRONT OF SUPER MARKET,2 KM,0.0,0.0
Bengaluru City,Devanahalli Traffic PS,1.04432e+16,2023,1,1,Road Accidents,Narrow road,Rural Areas,Open area,Human Error,No,Grievous Injury,Hit pedestrian,No signal lights,Others,NH,Bitumen(Tar),Dry,No influence on accident,Fine,BBROAD,NANDI UPACHAR HOTEL,4,0.0,0.0
Bengaluru City,Devanahalli Traffic PS,1.04432e+16,2023,1,2,Road Accidents,Narrow road,City/Town,Open area,Human Error,No,Grievous Injury,Vehicle to Vehicle,Not at  Junction,Others,Others,Bitumen(Tar),Dry,No influence on accident,Fine,AIRPORT CISF JUNCTON,AIRPORT CISF JUNCTION,11,13.194644,77.700147
Bengaluru City,Devanahalli Traffic PS,1.04432e+16,2023,1,2,Road Accidents,Narrow road,City/Town,Open area,Human Error,Yes,Fatal,Vehicle to Vehicle,Not at  Junction,Curve,Others,Bitumen(Tar),Dry,No influence on accident,Others,SATHANURU ROAD,SATHANURU POOL FACTORY,25,0.0,0.0
Bengaluru City,Devanahalli Traffic PS,1.04432e+16,2023,1,2,Road Accidents,Narrow road,Rural Areas,Open area,Human Error,Not Applicable,Simple Injury,Vehicle to Vehicle,Not at  Junction,Others,NH,Bitumen(Tar),Dry,No influence on accident,Others,B.B ROAD,DABA GATE,5,13.220683,77.681759
Bengaluru City,Devanahalli Traffic PS,1.04432e+16,2023,1,2,Road Accidents,Cross roads,Rural Areas,Open area,Human Error,No,Grievous Injury,Vehicle to Vehicle,Police / Manual,Others,NH,Bitumen(Tar),Dry,Not Applicable,Fine,B.B ROAD,NEAR KOTE CROSS,4,0.0,0.0
Bengaluru City,Devanahalli Traffic PS,1.04432e+16,2023,1,1,Road Accidents,Narrow road,City/Town,Open area,Not Applicable,No,Grievous Injury,Not Applicable,Uncontrolled,Others,Two way,Bitumen(Tar),Not Applicable,Not Applicable,Fine,B.B ROAD,CIKKASANNE GATE,3,0.0,0.0
Bengaluru City,Devanahalli Traffic PS,1.04432e+16,2023,1,2,Road Accidents,Circle,City/Town,Open area,Human Error,No,Simple Injury,Vehicle to Vehicle,Uncontrolled,Not Applicable,Minor District Road,Bitumen(Tar),Others,No influence on accident,Clear,HUNASUR JUNCTION,NEAR HUNASUR JUNCTION,100 MT,0.0,0.0
Bengaluru City,Devanahalli Traffic PS,1.04432e+16,2023,1,1,Road Accidents,Circle,Rural Areas,Open area,Human Error,No,Simple Injury,Not Applicable,Controlled,Others,NH,Bitumen(Tar),Not Applicable,No influence on accident,Clear,BB ROAD,KANNAMANGALA GATE,50 MTR,13.206782,77.668037
Bengaluru City,Devanahalli Traffic PS,1.04432e+16,2023,1,2,Not Applicable,Not Applicable,Rural Areas,Open area,Not Applicable,Yes,Grievous Injury,Vehicle to Vehicle,Not Applicable,Not Applicable,State Highway,Bitumen(Tar),Dry,Not Applicable,Others,SH 104,SOUTHEGOWDANAHALLI,4 KM,13.229948,77.731614
Bengaluru City,Devanahalli Traffic PS,1.04432e+16,2023,1,2,Road Accidents,Narrow road,City/Town,Open area,Not Applicable,No,Simple Injury,Vehicle to Vehicle,Controlled,Straight and flat,Sub Arterial,Surfaced,Dry,Not Applicable,Fog / Mist,Airport New Road,Near 1st Circle,0.5,13.198573,77.68424
Bengaluru City,Devanahalli Traffic PS,1.04432e+16,2023,1,2,Road Accidents,Junction,City/Town,Open area,Not Applicable,No,Simple Injury,Vehicle to Vehicle,Controlled,Straight and flat,Others,Surfaced,Dry,Not Applicable,Clear,Hunchuru to budigere road,B K Halli Bus stand,0.2 km,13.174829,77.717221
Bengaluru City,Devanahalli Traffic PS,1.04432e+16,2023,1,1,Road Accidents,Narrow road,City/Town,Open area,Human Error,Not Applicable,Fatal,Hit pedestrian,Not Applicable,Not Applicable,Others,Surfaced,Dry,Not Applicable,Clear,Hosahalli Main Road,Cisf M T Section,22 km,13.129193,77.639388
Bengaluru City,Devanahalli Traffic PS,1.04432e+16,2023,1,2,Road Accidents,Narrow road,Rural Areas,Open area,Human Error,No,Grievous Injury,Vehicle to Vehicle,Not at  Junction,Others,Others,Bitumen(Tar),Others,No influence on accident,Fine,BAGALURU BOODIGERE ROAD,BAGALURU MAIN ROAD,22,13.132692,77.686282
Bengaluru City,Devanahalli Traffic PS,1.04432e+16,2023,1,2,Road Accidents,Bottleneck,City/Town,Open area,Human Error,No,Damage Only,Vehicle to Vehicle,Not at  Junction,Curve,Others,Bitumen(Tar),Dry,No influence on accident,Fine,AIRPORT ROAD,AIRPORT DIVERSION,10 KM,0.0,0.0
Bengaluru City,Devanahalli Traffic PS,1.04432e+16,2023,1,2,Road Accidents,Narrow road,City/Town,Open area,Human Error,No,Simple Injury,Vehicle to Vehicle,Not at  Junction,Others,Others,Bitumen(Tar),Dry,No influence on accident,Fine,BELLAHALLI ROAD,BELLAHALLI BRIDGE,18,0.0,0.0
Bengaluru City,Devanahalli Traffic PS,1.04432e+16,2023,1,2,Road Accidents,Cross roads,Rural Areas,Open area,Not Applicable,No,Simple Injury,Vehicle to Vehicle,Controlled,Hump,NH,Not Applicable,Dry,Not Applicable,Clear,NH 44,KOTE CROSS,2KM,13.250256,77.70783
Bengaluru City,Devanahalli Traffic PS,1.04432e+16,2023,1,1,Road Accidents,Narrow road,City/Town,Open area,Human Error,No,Grievous Injury,Not Applicable,No signal lights,Others,NH,Bitumen(Tar),Not Applicable,No influence on accident,Fine,BB ROAD,KANNAMANGALA PALYA GATE,6,13.223485,77.684258
Bengaluru City,Devanahalli Traffic PS,1.04432e+16,2023,1,1,Road Accidents,Narrow road,City/Town,Narrow bridge or culverts,Human Error,No,Grievous Injury,Hit pedestrian,Not Applicable,Others,Others,Bitumen(Tar),Dry,Not Applicable,Clear,BELLAHALLI,BELLAHALLI BRIDGE,25,0.0,0.0
Bengaluru City,Devanahalli Traffic PS,1.04432e+16,2023,1,2,Road Accidents,Not Applicable,City/Town,Open area,Human Error,Yes,Grievous Injury,Vehicle to Vehicle,Not Applicable,Not Applicable,State Highway,Bitumen(Tar),Dry,Not Applicable,Clear,NANDI HILLS ROAD,MUNESHWARA TEMPLE,YES,0.0,0.0
Bengaluru City,Devanahalli Traffic PS,1.04432e+16,2023,1,2,Road Accidents,Junction,Rural Areas,Open area,Not Applicable,No,Fatal,Vehicle to Vehicle,Uncontrolled,Not Applicable,NH,Bitumen(Tar),Dry,Not Applicable,Clear,Bangalore Ballry Road,Kote Junction,3 KMS,13.250586,77.706962
Bengaluru City,Devanahalli Traffic PS,1.04432e+16,2023,1,2,Road Accidents,Narrow road,Rural Areas,Open area,Human Error,No,Damage Only,Vehicle to Vehicle,Not at  Junction,Straight and flat,NH,Bitumen(Tar),Dry,No influence on accident,Fine,BB ROAD,TOLL PLAZA 2,8,13.193689,77.649658
Bengaluru City,Devanahalli Traffic PS,1.04432e+16,2023,1,1,Road Accidents,Narrow road,City/Town,Open area,Human Error,No,Simple Injury,Hit pedestrian,Controlled,Not Applicable,One way,Bitumen(Tar),Others,Not Applicable,Clear,NANDI HILLS ROAD,NEELERI GATE,50 MTR,13.262706,77.71737
Bengaluru City,Devanahalli Traffic PS,1.04432e+16,2023,1,1,Road Accidents,Circle,Rural Areas,Near a factory industrial area,Human Error,No,Simple Injury,Not Applicable,Controlled,Not Applicable,Others,Bitumen(Tar),Not Applicable,Not Applicable,Clear,KIADB INDUSTRIAL AREA,E MUDRA OFFICE,1,13.194357,77.690881
Bengaluru City,Devanahalli Traffic PS,1.04432e+16,2023,1,1,Road Accidents,Narrow road,City/Town,Near a recreation place/cinema,Human Error,No,Fatal,Vehicle to Vehicle,Not at  Junction,Others,NH,Bitumen(Tar),Dry,No influence on accident,Fine,"BB ROAD , NEAR KRISHNA GARDEN HOTEL",KRISHNA GARDEN HOTEL,6,0.0,0.0
Bengaluru City,Devanahalli Traffic PS,1.04432e+16,2023,1,2,Road Accidents,Narrow road,Rural Areas,Open area,Human Error,No,Grievous Injury,Vehicle to Vehicle,Uncontrolled,Not Applicable,Others,Bitumen(Tar),Dry,Not Applicable,Fine,AIRPORT ROAD,NEW AIRPORT ROAD DEVANAHALLI,8,0.0,0.0
Bengaluru City,Devanahalli Traffic PS,1.04432e+16,2023,1,1,Road Accidents,Narrow road,Rural Areas,Open area,Human Error,No,Fatal,Hit pedestrian,Not Applicable,Others,NH,Bitumen(Tar),Dry,No influence on accident,Fine,BB ROAD,DABA GATE,5,0.0,0.0
Bengaluru City,Devanahalli Traffic PS,1.04432e+16,2023,1,1,Road Accidents,Narrow road,Rural Areas,Open area,Human Error,No,Damage Only,Not Applicable,Not Applicable,Not Applicable,Not Applicable,Bitumen(Tar),Dry,No influence on accident,Fine,NEAR ARIVAL,AIRPORT,13 km,0.0,0.0
Bengaluru City,Devanahalli Traffic PS,1.04432e+16,2023,1,2,Road Accidents,Not Applicable,Rural Areas,Open area,Human Error,No,Grievous Injury,Vehicle to Vehicle,Uncontrolled,Others,Others,Bitumen(Tar),Dry,Not Applicable,Fine,BYCHAPURA - BUDIGERE ROAD,NEAR BRIGADE APARTMENT,3,0.0,0.0
Bengaluru City,Devanahalli Traffic PS,1.04432e+16,2023,1,1,Road Accidents,Bottleneck,Rural Areas,At pedestrian Crossing,Not Applicable,No,Simple Injury,Not Applicable,Controlled,Curve,Others,Concrete,Dry,Not Applicable,Clear,AIRPOT MAILANHALLI ROAD,GALAMMA CIRCLE,12,0.0,0.0
Bengaluru City,Devanahalli Traffic PS,1.04432e+16,2023,1,2,Road Accidents,Junction,City/Town,Residential area,Human Error,No,Grievous Injury,Vehicle to Vehicle,Controlled,Straight and flat,NH,Bitumen(Tar),Not Applicable,No influence on accident,Clear,BENGALURU BELLARY ROAD,AKKUPETE CIRCLE,100 ME,13.25056,77.707255
Bengaluru City,Devanahalli Traffic PS,1.04432e+16,2023,1,2,Road Accidents,Narrow road,Rural Areas,Open area,Human Error,No,Damage Only,Vehicle to Vehicle,Not Applicable,Straight and flat,Others,Bitumen(Tar),Dry,No influence on accident,Fine,BAGALURU MAIN ROAD,NAYARA PETROL BUNK,12,13.183172,77.677456
Bengaluru City,Devanahalli Traffic PS,1.04432e+16,2023,1,2,Road Accidents,Narrow road,Rural Areas,Near School or College,Not Applicable,No,Fatal,Vehicle to Vehicle,Not Applicable,Straight and flat,Others,Surfaced,Dry,Not Applicable,Cloudy,Aklamallenahalli Village road,Tata OBLP Company,0.5 km,13.191823,77.665601
Bengaluru City,Devanahalli Traffic PS,1.04432e+16,2023,1,2,Road Accidents,Narrow road,Rural Areas,Near Petrol Pump,Human Error,No,Simple Injury,Vehicle to Vehicle,Controlled,Others,One way,Bitumen(Tar),Not Applicable,No influence on accident,Clear,"NEAR SHEL PETROL BUNK, KIAL",SHEL PETROL BUNK,50 MTR,13.199516,77.700205
Bengaluru City,Devanahalli Traffic PS,1.04432e+16,2023,1,2,Road Accidents,Circle,Rural Areas,Open area,Not Applicable,Not Applicable,Grievous Injury,Vehicle to Vehicle,Controlled,Others,NH,Bitumen(Tar),Dry,Not Applicable,Others,BB ROAD,NEAR RANI CROSS,500 MT,13.267631,77.719588
Bengaluru City,Devanahalli Traffic PS,1.04432e+16,2023,1,1,Road Accidents,Not Applicable,Rural Areas,Open area,Human Error,No,Simple Injury,Hit pedestrian,Not at  Junction,Others,Others,Bitumen(Tar),Not Applicable,No influence on accident,Others,AIRPORT ROAD,P 4 PARKING,12,0.0,0.0
Bengaluru City,Devanahalli Traffic PS,1.04432e+16,2023,1,1,Road Accidents,Narrow road,City/Town,Open area,Human Error,No,Damage Only,Not Applicable,Not Applicable,Not Applicable,Others,Bitumen(Tar),Dry,No influence on accident,Others,BAGALURU ROAD,NEAR MARENAHALLI,18,13.128608,77.67406
Bengaluru City,Devanahalli Traffic PS,1.04432e+16,2023,1,2,Road Accidents,Narrow road,City/Town,Open area,Human Error,No,Grievous Injury,Vehicle to Vehicle,Not Applicable,Others,NH,Bitumen(Tar),Dry,No influence on accident,Others,BBROAD,KANNAMAGALA PALYA GATE,6 KM,13.221363,77.682243
Bengaluru City,Devanahalli Traffic PS,1.04432e+16,2023,1,1,Road Accidents,Narrow road,Rural Areas,Near a recreation place/cinema,Human Error,No,Fatal,Not Applicable,Not at  Junction,Straight and flat,NH,Bitumen(Tar),Dry,No influence on accident,Fine,B.B ROAD,turkish hotel,4,13.22705,77.687919
Bengaluru City,Devanahalli Traffic PS,1.04432e+16,2023,1,2,Road Accidents,Curves,City/Town,Open area,Not Applicable,No,Simple Injury,Vehicle to Vehicle,Not Applicable,Curve,Others,Bitumen(Tar),Others,Not Applicable,Fine,B.B ROAD,SATANURU,24,0.0,0.0
Bengaluru City,Devanahalli Traffic PS,1.04432e+16,2023,1,2,Road Accidents,Narrow road,City/Town,Open area,Human Error,No,Simple Injury,Vehicle to Vehicle,No signal lights,Others,NH,Bitumen(Tar),Dry,No influence on accident,Fine,BB ROAD,HIRANANDANI APPARTMENT,4 KM,0.0,0.0