DISTRICTNAME,UNITNAME,Crime_No,Year,RI,Noofvehicle_involved,Accident_Classification,Accident_Spot,Accident_Location,Accident_SubLocation,Main_Cause,Hit_Run,Severity,Collision_Type,Junction_Control,Road_Character,Road_Type,Surface_Type,Surface_Condition,Road_Condition,Weather,Accident_Road,Landmark_first,Distance_LandMark_First,Latitude,Longitude
Bengaluru City,Electronic City Traffic PS,1.04432e+16,2016,1,2,Road Accidents,Narrow road,City/Town,Open area,Human Error,No,Grievous Injury,Others,Uncontrolled,Not Applicable,Others,Bitumen(Tar),Dry,Not Applicable,Clear,Hosuru Main Road,Near  Hosa Road  Junction Piller no 143,4kms,12.87185,77.65174
Bengaluru City,Electronic City Traffic PS,1.04432e+16,2016,1,2,Road Accidents,Narrow road,City/Town,Open area,Human Error,Not Applicable,Grievous Injury,Others,Uncontrolled,Others,Others,Bitumen(Tar),Dry,Not Applicable,Clear,Beghuru  Road,Near Arali Mara,7kms,12.87808,77.62972
Bengaluru City,Electronic City Traffic PS,1.04432e+16,2016,1,2,Road Accidents,Narrow road,City/Town,Open area,Human Error,Yes,Grievous Injury,Rear end,Uncontrolled,Others,NH,Bitumen(Tar),Dry,Not Applicable,Clear,Towards Bangalore  Service Road,Near  Connecting Flyover Road,2kms,12.84548,77.67235
Bengaluru City,Electronic City Traffic PS,1.04432e+16,2016,1,2,Road Accidents,Narrow road,City/Town,Near a factory industrial area,Human Error,No,Grievous Injury,Right Turn Collision,Uncontrolled,Not Applicable,Service Road,Bitumen(Tar),Not Applicable,Not Applicable,Clear,"NH-7, Hosur Road",Near BETL Connecting Fly Over,65,0.0,0.0
Bengaluru City,Electronic City Traffic PS,1.04432e+16,2016,1,2,Road Accidents,Narrow road,City/Town,Open area,Human Error,Not Applicable,Grievous Injury,Others,Uncontrolled,Not Applicable,NH,Bitumen(Tar),Dry,Not Applicable,Clear,"NH-07, Hosuru Road",Near Symphony Apartment,4kms,12.515273,77.39262
Bengaluru City,Electronic City Traffic PS,1.04432e+16,2016,1,2,Road Accidents,Narrow road,City/Town,Open area,Human Error,Yes,Grievous Injury,Others,Uncontrolled,Not Applicable,Others,Bitumen(Tar),Dry,Not Applicable,Clear,Beghru  Lake Road,Near arattukulam Lake  View Aprtment,5kms,12.524281,77.375659
Bengaluru City,Electronic City Traffic PS,1.04432e+16,2016,1,1,Road Accidents,Narrow road,City/Town,Open area,Human Error,Yes,Grievous Injury,Hit pedestrian,Uncontrolled,Not Applicable,NH,Bitumen(Tar),Dry,Not Applicable,Clear,"NH-07, Hosuru Road",Beretena Agrahara,3kms,12.514326,77.393408
Bengaluru City,Electronic City Traffic PS,1.04432e+16,2016,1,1,Road Accidents,Narrow road,City/Town,Open area,Human Error,No,Grievous Injury,Rear end,Uncontrolled,Others,Others,Bitumen(Tar),Dry,Not Applicable,Clear,Kudlu  Haraluru Road,Near Vishwas Wine Store,6kms,12.53433,77.392108
Bengaluru City,Electronic City Traffic PS,1.04432e+16,2016,1,1,Road Accidents,Narrow road,City/Town,Open area,Human Error,No,Grievous Injury,Hit pedestrian,Uncontrolled,Not Applicable,Others,Bitumen(Tar),Dry,Not Applicable,Clear,Hosuru service Road,Oppt Indura Garments,3kmss,0.0,0.0
Bengaluru City,Electronic City Traffic PS,1.04432e+16,2016,1,1,Road Accidents,Narrow road,City/Town,Open area,Human Error,No,Grievous Injury,Hit pedestrian,Uncontrolled,Not Applicable,NH,Bitumen(Tar),Dry,Not Applicable,Clear,"NH-07, Hosuru Service Road",Konappan agrhara  Spring Leaf Hospital,2 kms,12.51942,77.40286
Bengaluru City,Electronic City Traffic PS,1.04432e+16,2016,1,2,Road Accidents,Narrow road,City/Town,Open area,Human Error,Not Applicable,Grievous Injury,Others,Uncontrolled,Others,Others,Bitumen(Tar),Dry,Not Applicable,Clear,Beghuru  Kopa Road,Meat O Firsh,8kms,12.51288,77.362655
Bengaluru City,Electronic City Traffic PS,1.04432e+16,2016,1,1,Road Accidents,Narrow road,City/Town,Open area,Human Error,Yes,Grievous Injury,Others,Uncontrolled,Not Applicable,NH,Bitumen(Tar),Dry,Not Applicable,Clear,NH,Oopst Indura Garments,5kms,12.533613,77.381357
Bengaluru City,Electronic City Traffic PS,1.04432e+16,2016,1,2,Road Accidents,Narrow road,City/Town,Open area,Human Error,No,Grievous Injury,Others,Uncontrolled,Not Applicable,Others,Bitumen(Tar),Dry,Not Applicable,Clear,Near Shanthipura Road,Xime College,2kms,12.505063,77.403715
Bengaluru City,Electronic City Traffic PS,1.04432e+16,2016,1,1,Road Accidents,Narrow road,City/Town,Open area,Human Error,Yes,Fatal,Head on,Uncontrolled,Others,Others,Bitumen(Tar),Dry,Not Applicable,Clear,Kudlu Villege Infront Of  Somasandra Palya,Renuka Yellamma Restorant,7kms,12.88973,77.64991
Bengaluru City,Electronic City Traffic PS,1.04432e+16,2016,1,1,Road Accidents,Narrow road,City/Town,Open area,Human Error,Not Applicable,Grievous Injury,Hit pedestrian,Uncontrolled,Others,NH,Bitumen(Tar),Dry,Not Applicable,Clear,Service Road,Infront Of  Singasandra SBM Bank,5kmss,12.87873,77.64633
Bengaluru City,Electronic City Traffic PS,1.04432e+16,2016,1,2,Road Accidents,Narrow road,City/Town,Open area,Human Error,Not Applicable,Grievous Injury,Others,Uncontrolled,Not Applicable,NH,Bitumen(Tar),Dry,Not Applicable,Clear,Near  Electronic City Connecting Flyover,Electronic City Phase 01,1kms,12.847,77.66984
Bengaluru City,Electronic City Traffic PS,1.04432e+16,2016,1,2,Road Accidents,Narrow road,City/Town,Near Bus stop,Human Error,No,Fatal,Hit fixed object,Uncontrolled,Not Applicable,NH,Bitumen(Tar),Not Applicable,Not Applicable,Fine,"NH-7, Hosur Road",Near Singasandra Bus Stop,75,0.0,0.0
Bengaluru City,Electronic City Traffic PS,1.04432e+16,2016,1,2,Road Accidents,Narrow road,City/Town,Open area,Human Error,No,Grievous Injury,Rear end,Uncontrolled,Not Applicable,NH,Bitumen(Tar),Not Applicable,Not Applicable,Fine,"NH-7, BETL Fly Over Road",Near PES College,85,12.513237,77.39433
Bengaluru City,Electronic City Traffic PS,1.04432e+16,2016,1,1,Road Accidents,Cross roads,City/Town,Near School or College,Human Error,Yes,Grievous Injury,Hit pedestrian,Uncontrolled,Not Applicable,City or Town Road,Bitumen(Tar),Not Applicable,Not Applicable,Fine,Hosa Road,Channakeshava School,50,12.521413,77.391447
Bengaluru City,Electronic City Traffic PS,1.04432e+16,2016,1,2,Road Accidents,Other,City/Town,Open area,Human Error,Not Applicable,Fatal,Head on,Uncontrolled,Others,NH,Bitumen(Tar),Dry,Not Applicable,Clear,hosuru Road,Veerasandra  Gate Signal,3kms,12.502735,77.403403
Bengaluru City,Electronic City Traffic PS,1.04432e+16,2016,1,2,Road Accidents,Narrow road,City/Town,Open area,Human Error,Yes,Grievous Injury,Rear end,Uncontrolled,Others,Others,Bitumen(Tar),Dry,Not Applicable,Clear,BETL  Connecting Fly Over  Road,Near  SBI  Bank,1kms,12.504066,77.402657
Bengaluru City,Electronic City Traffic PS,1.04432e+16,2016,1,1,Road Accidents,Narrow road,City/Town,Open area,Human Error,Not Applicable,Grievous Injury,Hit pedestrian,Uncontrolled,Not Applicable,NH,Bitumen(Tar),Dry,Not Applicable,Clear,NH,Near Axis  Bank,2kms,12.51143,77.395824
Bengaluru City,Electronic City Traffic PS,1.04432e+16,2016,1,2,Road Accidents,Narrow road,City/Town,Open area,Human Error,No,Grievous Injury,Others,Uncontrolled,Not Applicable,NH,Bitumen(Tar),Dry,Not Applicable,Clear,Hosur Road,Veerasandra  Junction,3kms,12.502385,77.403727
Bengaluru City,Electronic City Traffic PS,1.04432e+16,2016,1,1,Road Accidents,Narrow road,City/Town,Open area,Human Error,No,Fatal,Hit pedestrian,Uncontrolled,Others,Others,Bitumen(Tar),Dry,Not Applicable,Clear,Naganthapura Other Road,Near Senthils Shed rajareddy Layout,5kms,0.0,0.0
Bengaluru City,Electronic City Traffic PS,1.04432e+16,2016,1,2,Road Accidents,Narrow road,City/Town,Open area,Human Error,No,Damage Only,Rear end,Uncontrolled,Not Applicable,NH,Bitumen(Tar),Dry,Not Applicable,Clear,"NH-07, Hosuru Main Road",Near Hosa Road Government Hospital,4kms,12.521217,77.3912
Bengaluru City,Electronic City Traffic PS,1.04432e+16,2016,1,1,Road Accidents,Narrow road,City/Town,Open area,Human Error,Yes,Fatal,Hit pedestrian,Uncontrolled,Not Applicable,Expressway,Bitumen(Tar),Dry,Not Applicable,Clear,Nice Road,Near SNN Apartment,7kms,12.85887,77.61773
Bengaluru City,Electronic City Traffic PS,1.04432e+16,2016,1,2,Road Accidents,Narrow road,City/Town,Open area,Human Error,Yes,Grievous Injury,Others,Uncontrolled,Others,NH,Bitumen(Tar),Dry,Not Applicable,Clear,Hosuru Main Road,Near H D F C Bank,4kms,12.87272,77.65121
Bengaluru City,Electronic City Traffic PS,1.04432e+16,2016,1,2,Road Accidents,Narrow road,City/Town,Open area,Vehicle Defect,Not Applicable,Damage Only,Rear end,Uncontrolled,Not Applicable,NH,Bitumen(Tar),Dry,Not Applicable,Clear,NH-07 Elevated Fly Over Road,Singasandra Lake,5kms,12.53573,77.583319
Bengaluru City,Electronic City Traffic PS,1.04432e+16,2016,1,2,Road Accidents,Narrow road,City/Town,Open area,Vehicle Defect,Yes,Damage Only,Rear end,Uncontrolled,Others,NH,Bitumen(Tar),Dry,Not Applicable,Clear,"NH-07, Hosuru Main Road",Near  Veerasandra  Shankar Pipes,4kms,12.8421,77.65937
Bengaluru City,Electronic City Traffic PS,1.04432e+16,2016,1,2,Road Accidents,Narrow road,City/Town,Open area,Human Error,Yes,Fatal,Others,Uncontrolled,Not Applicable,Others,Bitumen(Tar),Dry,Not Applicable,Clear,Beghru Lake  Main Road,Near Arali Mara,7kms,12.87785,77.62854
Bengaluru City,Electronic City Traffic PS,1.04432e+16,2016,1,2,Road Accidents,Narrow road,City/Town,Open area,Human Error,Yes,Fatal,Head on,Uncontrolled,Not Applicable,NH,Bitumen(Tar),Dry,Not Applicable,Clear,Elevated Fly Over Road,Infront Of  Infosys Company,1kms,12.8477,77.67069
Bengaluru City,Electronic City Traffic PS,1.04432e+16,2016,1,1,Road Accidents,Narrow road,City/Town,At pedestrian Crossing,Human Error,Yes,Fatal,Hit pedestrian,Uncontrolled,Others,NH,Bitumen(Tar),Dry,Not Applicable,Clear,Hosuru  Main Road,Near Spring Leaf Hospital,4kms,0.0,0.0
Bengaluru City,Electronic City Traffic PS,1.04432e+16,2016,1,1,Road Accidents,Narrow road,City/Town,Open area,Human Error,Not Applicable,Grievous Injury,Hit pedestrian,Uncontrolled,Others,NH,Bitumen(Tar),Dry,Not Applicable,Clear,Bangalore  City Main Road,Near NTTF  Electronic City Phase 01,2kms,12.8473,77.67052
Bengaluru City,Electronic City Traffic PS,1.04432e+16,2016,1,1,Road Accidents,Narrow road,City/Town,Near office complex,Human Error,No,Simple Injury,Hit pedestrian,Uncontrolled,Not Applicable,Service Road,Bitumen(Tar),Not Applicable,Not Applicable,Clear,"NH-7, Hosur Road",Near Andhra Bank,55,12.51832,77.40288
Bengaluru City,Electronic City Traffic PS,1.04432e+16,2016,1,2,Road Accidents,Narrow road,City/Town,Open area,Human Error,Yes,Damage Only,Rear end,Uncontrolled,Not Applicable,NH,Bitumen(Tar),Not Applicable,Not Applicable,Fine,"NH-7, BETL Fly Over Road",Near Hosa Road,150,12.504445,77.40428
Bengaluru City,Electronic City Traffic PS,1.04432e+16,2016,1,2,Road Accidents,Narrow road,City/Town,Near Hospital,Human Error,No,Fatal,Rear end,Uncontrolled,Not Applicable,NH,Bitumen(Tar),Not Applicable,Not Applicable,Fine,"NH-7, Hosur Road",Near Pillar No137 and 138,88,12.521597,77.39814
Bengaluru City,Electronic City Traffic PS,1.04432e+16,2016,1,2,Road Accidents,Narrow road,City/Town,Residential area,Human Error,Yes,Simple Injury,Head on,Uncontrolled,Not Applicable,Others,Bitumen(Tar),Not Applicable,Not Applicable,Fine,Begur-Koppa Main Road,SLV Apartment,56,12.515545,77.37839
Bengaluru City,Electronic City Traffic PS,1.04432e+16,2016,1,1,Road Accidents,Narrow road,City/Town,Open area,Human Error,Not Applicable,Grievous Injury,Hit pedestrian,Uncontrolled,Others,NH,Bitumen(Tar),Dry,Not Applicable,Clear,NH,Near Srinidhi Bar And Restaurant,5kms,12.505529,77.401298
Bengaluru City,Electronic City Traffic PS,1.04432e+16,2016,1,2,Road Accidents,Narrow road,City/Town,Open area,Human Error,No,Grievous Injury,Others,Uncontrolled,Not Applicable,NH,Bitumen(Tar),Dry,Not Applicable,Clear,BETL Flyover Road,Near  Singasandra,5kms,12.524827,77.384372
Bengaluru City,Electronic City Traffic PS,1.04432e+16,2016,1,1,Road Accidents,Narrow road,City/Town,Open area,Human Error,No,Grievous Injury,Hit pedestrian,Uncontrolled,Not Applicable,Others,Bitumen(Tar),Dry,Not Applicable,Clear,Service Road,Near  Ec 01 Toll Plaza,2kms,0.0,0.0
Bengaluru City,Electronic City Traffic PS,1.04432e+16,2016,1,2,Road Accidents,Not Applicable,City/Town,Open area,Human Error,Not Applicable,Damage Only,Others,Uncontrolled,Not Applicable,Others,Bitumen(Tar),Dry,Not Applicable,Clear,Ec Phase-01 Road,Near Cyber Park,1kms,12.501523,77.394999
Bengaluru City,Electronic City Traffic PS,1.04432e+16,2016,1,2,Road Accidents,Narrow road,City/Town,Open area,Human Error,No,Damage Only,Rear end,Uncontrolled,Others,NH,Bitumen(Tar),Dry,Not Applicable,Clear,"NH-07, BETL Flyover Road",Singasandra Laybye,5kms,12.53514,77.383307
Bengaluru City,Electronic City Traffic PS,1.04432e+16,2016,1,1,Road Accidents,Narrow road,City/Town,At pedestrian Crossing,Human Error,Yes,Grievous Injury,Hit pedestrian,Uncontrolled,Others,NH,Bitumen(Tar),Dry,Not Applicable,Clear,"NH-01, Towards Bangalore City",Infront Of  Sony Centre Konappana Agahara,2kms,12.515122,77.392267
Bengaluru City,Electronic City Traffic PS,1.04432e+16,2016,1,1,Road Accidents,Narrow road,City/Town,Open area,Human Error,Yes,Fatal,Others,Uncontrolled,Not Applicable,NH,Bitumen(Tar),Dry,Not Applicable,Clear,"NH-07,  Fly Over Road",Infront Of  Infosys Company,1kms,12.85076,77.66839
Bengaluru City,Electronic City Traffic PS,1.04432e+16,2016,1,2,Road Accidents,Narrow road,City/Town,Open area,Vehicle Defect,Not Applicable,Damage Only,Rear end,Uncontrolled,Not Applicable,NH,Bitumen(Tar),Dry,Not Applicable,Clear,Bnagalore City Main Road,NTTF,1kms,12.84736,77.67091
Bengaluru City,Electronic City Traffic PS,1.04432e+16,2017,1,1,Road Accidents,Narrow road,City/Town,Open area,Human Error,Yes,Grievous Injury,Hit pedestrian,Uncontrolled,Others,NH,Bitumen(Tar),Dry,Not Applicable,Clear,"Hosur Main road,",Near Singasandar Bus Stop,4kms,0.0,0.0
Bengaluru City,Electronic City Traffic PS,1.04432e+16,2017,1,2,Road Accidents,Other,City/Town,Open area,Human Error,Yes,Grievous Injury,Others,Uncontrolled,Others,NH,Bitumen(Tar),Dry,Not Applicable,Clear,NH-07  Hosuru Road,Near Hosa Road Junction,4kms,12.86991,77.65334
Bengaluru City,Electronic City Traffic PS,1.04432e+16,2017,1,2,Road Accidents,Narrow road,City/Town,Open area,Human Error,Yes,Grievous Injury,Others,Uncontrolled,Others,NH,Bitumen(Tar),Dry,Not Applicable,Clear,Hosa Road Service Road,Near Petrol bunk Singasandra,7kms,0.0,0.0
Bengaluru City,Electronic City Traffic PS,1.04432e+16,2017,1,2,Road Accidents,Narrow road,City/Town,Open area,Human Error,No,Grievous Injury,Others,Controlled,Others,NH,Bitumen(Tar),Dry,Not Applicable,Clear,Towards Bangalore City Service Road,Near D Mart Shoping Mall,1kms,12.84358,77.67385
Bengaluru City,Electronic City Traffic PS,1.04432e+16,2017,1,1,Road Accidents,Narrow road,City/Town,Open area,Human Error,Yes,Grievous Injury,Others,Uncontrolled,Others,Others,Bitumen(Tar),Dry,Not Applicable,Clear,Doddanagamagala Road,Naganathapura,6 kms,12.86837,77.66145
Bengaluru City,Electronic City Traffic PS,1.04432e+16,2017,1,1,Road Accidents,Narrow road,City/Town,At pedestrian Crossing,Human Error,Yes,Grievous Injury,Hit pedestrian,Uncontrolled,Others,NH,Bitumen(Tar),Dry,Not Applicable,Clear,Hosur Main road,infront off Keys Hotel,5kms,0.0,0.0
Bengaluru City,Electronic City Traffic PS,1.04432e+16,2017,1,1,Road Accidents,Narrow road,City/Town,At pedestrian Crossing,Human Error,Yes,Grievous Injury,Hit pedestrian,Not at  Junction,Others,Others,Bitumen(Tar),Dry,Not Applicable,Clear,Near Adhithya Kalyana Mantapa,AECS Layout B Block,6kms,12.88002,77.64491
Bengaluru City,Electronic City Traffic PS,1.04432e+16,2017,1,1,Road Accidents,Cross roads,City/Town,Open area,Human Error,Not Applicable,Grievous Injury,Hit pedestrian,Uncontrolled,Others,NH,Bitumen(Tar),Dry,Not Applicable,Clear,Hosur Road Service Road,Near Poonam Furniture,5kms,12.86697,77.6555
Bengaluru City,Electronic City Traffic PS,1.04432e+16,2017,1,1,Road Accidents,Narrow road,City/Town,Open area,Human Error,Yes,Fatal,Hit pedestrian,Controlled,Others,Others,Bitumen(Tar),Dry,Not Applicable,Clear,Vittasandra Village road,Near Sri VenugopalaswamyTemple,4kms,12.85673,77.6361
Bengaluru City,Electronic City Traffic PS,1.04432e+16,2017,1,2,Road Accidents,Narrow road,City/Town,Open area,Human Error,Yes,Grievous Injury,Others,Controlled,Others,NH,Bitumen(Tar),Dry,Not Applicable,Clear,Elevated Flyover Road,Infront Of Infosy Company,1,12.84807,77.66236
Bengaluru City,Electronic City Traffic PS,1.04432e+16,2017,1,2,Road Accidents,Narrow road,City/Town,Open area,Human Error,No,Grievous Injury,Others,Not Applicable,Others,Expressway,Bitumen(Tar),Dry,Not Applicable,Clear,Nice Road,Near Electronic City Toll,3kms,12.85838,77.65779
Bengaluru City,Electronic City Traffic PS,1.04432e+16,2017,1,2,Not Applicable,Narrow road,City/Town,Open area,Human Error,No,Damage Only,Others,Not Applicable,Others,NH,Bitumen(Tar),Dry,Not Applicable,Clear,Hosuru Road,Near  Hosa Road  Signal,4kms,12.85722,77.66312
Bengaluru City,Electronic City Traffic PS,1.04432e+16,2017,1,2,Road Accidents,Narrow road,City/Town,Open area,Human Error,Yes,Grievous Injury,Others,Not Applicable,Others,NH,Bitumen(Tar),Dry,Not Applicable,Clear,Hosuru MAin Road,Near D Mart,2kms,12.8427,77.67379
Bengaluru City,Electronic City Traffic PS,1.04432e+16,2017,1,4,Road Accidents,Other,City/Town,Open area,Human Error,Yes,Damage Only,Rear end,Not Applicable,Others,Expressway,Bitumen(Tar),Dry,Not Applicable,Clear,Nice Road,Hosuru Road,5kms,12.85739,77.60697
Bengaluru City,Electronic City Traffic PS,1.04432e+16,2017,1,2,Road Accidents,Other,City/Town,Open area,Human Error,No,Grievous Injury,Rear end,Not Applicable,Others,NH,Bitumen(Tar),Dry,Not Applicable,Clear,Hosuru Road,NTTF College,2kms,12.84554,77.66106
Bengaluru City,Electronic City Traffic PS,1.04432e+16,2017,1,2,Road Accidents,Other,City/Town,Open area,Vehicle Defect,No,Damage Only,Others,Not Applicable,Others,NH,Bitumen(Tar),Dry,Not Applicable,Clear,Hosuru Main Road,konappana agrahara New Car Show Room,4kms,12.504904,77.382552
Bengaluru City,Electronic City Traffic PS,1.04432e+16,2017,1,2,Road Accidents,Narrow road,City/Town,Open area,Human Error,No,Grievous Injury,Others,Controlled,Others,NH,Bitumen(Tar),Dry,Not Applicable,Clear,Hosuru Main Road,Electronic City Gate 01,1kms,12.84791,77.67096
Bengaluru City,Electronic City Traffic PS,1.04432e+16,2017,1,2,Road Accidents,Narrow road,City/Town,Open area,Human Error,No,Fatal,Rear end,Controlled,Others,NH,Bitumen(Tar),Dry,Not Applicable,Clear,Towards Hosuru main road,Veerasandra gate junction,2kms,12.84001,77.67698
Bengaluru City,Electronic City Traffic PS,1.04432e+16,2017,1,2,Road Accidents,Other,City/Town,Open area,Human Error,Yes,Damage Only,Others,Controlled,Others,NH,Bitumen(Tar),Dry,Not Applicable,Clear,Hosuru Main Road,Konappana Agrahara,3kms,0.0,0.0
Bengaluru City,Electronic City Traffic PS,1.04432e+16,2017,1,2,Road Accidents,Junction,City/Town,Narrow bridge or culverts,Human Error,Yes,Simple Injury,Hit and Run,Controlled,Others,NH,Bitumen(Tar),Dry,Construction Work / Material,Clear,SINGASANDRA,SINGASANDRA,4KM,12.83905,77.67799
Bengaluru City,Electronic City Traffic PS,1.04432e+16,2017,1,2,Road Accidents,Narrow road,City/Town,Open area,Vehicle Defect,Yes,Damage Only,Others,Not Applicable,Others,Others,Bitumen(Tar),Dry,Not Applicable,Clear,Kudlu Main Road,Jee Internationl School,5kms,12.88086,77.64373
Bengaluru City,Electronic City Traffic PS,1.04432e+16,2017,1,2,Road Accidents,Narrow road,City/Town,Open area,Human Error,Yes,Grievous Injury,Others,Not Applicable,Others,NH,Bitumen(Tar),Dry,Not Applicable,Clear,Hosuru Main  Road,Chikka Thogur gate,3kms,12.86709,77.65548
Bengaluru City,Electronic City Traffic PS,1.04432e+16,2017,1,2,Road Accidents,Narrow road,City/Town,Open area,Human Error,Yes,Grievous Injury,Others,Not Applicable,Others,Others,Bitumen(Tar),Dry,Not Applicable,Clear,Kudlu Road,Kudlu,5kms,12.504904,77.383426
Bengaluru City,Electronic City Traffic PS,1.04432e+16,2017,1,1,Road Accidents,Narrow road,City/Town,Open area,Human Error,No,Grievous Injury,Hit pedestrian,Not Applicable,Others,NH,Bitumen(Tar),Dry,Not Applicable,Clear,Hosuru Service Road,Near Venkateshwara,3kms,12.85609,77.6645
Bengaluru City,Electronic City Traffic PS,1.04432e+16,2017,1,2,Road Accidents,Narrow road,City/Town,Open area,Human Error,Yes,Grievous Injury,Rear end,Not Applicable,Others,Expressway,Bitumen(Tar),Dry,Not Applicable,Clear,Nice Road,Near Vittasandra Lake,4kms,12.86702,77.63549
Bengaluru City,Electronic City Traffic PS,1.04432e+16,2017,1,1,Road Accidents,Narrow road,City/Town,Open area,Human Error,Not Applicable,Grievous Injury,Hit pedestrian,Controlled,Others,Others,Bitumen(Tar),Dry,Not Applicable,Clear,Parappana Agrahara Raod,Near ATS Campus,5kms,12.88896,77.6716
Bengaluru City,Electronic City Traffic PS,1.04432e+16,2017,1,1,Road Accidents,Narrow road,City/Town,Open area,Human Error,Yes,Grievous Injury,Hit pedestrian,Uncontrolled,Not Applicable,Others,Bitumen(Tar),Dry,Not Applicable,Clear,Shanthipura Road,Near Moog Control Systems Pvt LTD,2kms,12.84697,77.67942
Bengaluru City,Electronic City Traffic PS,1.04432e+16,2017,1,1,Road Accidents,Narrow road,City/Town,Open area,Human Error,Yes,Grievous Injury,Hit pedestrian,Uncontrolled,Others,NH,Bitumen(Tar),Dry,Not Applicable,Clear,Nh-07,Electronic City Bus Stop,2kms,12.7851,77.8951
Bengaluru City,Electronic City Traffic PS,1.04432e+16,2017,1,4,Road Accidents,Narrow road,City/Town,Open area,Human Error,Not Applicable,Grievous Injury,Rear end,Controlled,Others,NH,Bitumen(Tar),Dry,Not Applicable,Clear,Flyover Road,Near Symphony Building Beretena Agrahara,3kms,12.864463,77.65761
Bengaluru City,Electronic City Traffic PS,1.04432e+16,2017,1,2,Road Accidents,Narrow road,City/Town,Open area,Human Error,No,Grievous Injury,Others,Controlled,Others,NH,Bitumen(Tar),Dry,Not Applicable,Clear,Hosa Road,NearCollege,2kms,12.86145,77.66077
Bengaluru City,Electronic City Traffic PS,1.04432e+16,2017,1,1,Road Accidents,Narrow road,City/Town,Open area,Human Error,No,Grievous Injury,Others,Uncontrolled,Others,Others,Bitumen(Tar),Dry,Not Applicable,Clear,Hosa Palya Road,Near Ujala factory,5kms,12.88873,77.64021
Bengaluru City,Electronic City Traffic PS,1.04432e+16,2017,1,2,Road Accidents,Narrow road,City/Town,Open area,Human Error,Yes,Grievous Injury,Rear end,Not Applicable,Not Applicable,Others,Bitumen(Tar),Dry,Not Applicable,Clear,Near Andhra bank,Neeladri Road  Bettadasanapura,2kms,12.84296,77.64029
Bengaluru City,Electronic City Traffic PS,1.04432e+16,2017,1,2,Road Accidents,Narrow road,City/Town,Open area,Human Error,Yes,Damage Only,Others,Not Applicable,Others,NH,Bitumen(Tar),Dry,Not Applicable,Clear,HOSUR MAIN ROAD,near konappana agrhara Infront Of Chandhana Hotel,3kms,12.505383,77.38436
Bengaluru City,Electronic City Traffic PS,1.04432e+16,2017,1,2,Road Accidents,Narrow road,City/Town,Open area,Human Error,No,Grievous Injury,Rear end,Uncontrolled,Others,NH,Bitumen(Tar),Dry,Not Applicable,Clear,Bangalore  City Main Road,Near  Konappana Agrahara,4kms,12.85596,77.66429
Bengaluru City,Electronic City Traffic PS,1.04432e+16,2017,1,2,Road Accidents,Curves,City/Town,Narrow bridge or culverts,Human Error,No,Grievous Injury,Hit and Run,Controlled,Not Applicable,NH,Bitumen(Tar),Dry,Construction Work / Material,Clear,KONAPPANA AGRAHARA,SERVICE ROAD,5KM,12.86928,77.65393
Bengaluru City,Electronic City Traffic PS,1.04432e+16,2017,1,2,Road Accidents,Narrow road,City/Town,Open area,Human Error,Yes,Fatal,Head on,Uncontrolled,Others,Expressway,Bitumen(Tar),Dry,Not Applicable,Clear,Nice Road,Near Basapura Bridge,3kms,12.85812,77.65888
Bengaluru City,Electronic City Traffic PS,1.04432e+16,2017,1,1,Road Accidents,Narrow road,City/Town,Open area,Human Error,Not Applicable,Grievous Injury,Hit pedestrian,Controlled,Others,Others,Bitumen(Tar),Dry,Not Applicable,Clear,"Shantipura Main road,",Near Govt School,3kms,12.501523,77.383826
Bengaluru City,Electronic City Traffic PS,1.04432e+16,2017,1,1,Road Accidents,Narrow road,City/Town,Open area,Human Error,No,Grievous Injury,Hit pedestrian,Controlled,Others,NH,Bitumen(Tar),Dry,Not Applicable,Clear,Hosuru Road,Veerasandra  Junction,3kms,12.505254,77.384822
Bengaluru City,Electronic City Traffic PS,1.04432e+16,2017,1,2,Road Accidents,Narrow road,City/Town,Open area,Human Error,Yes,Grievous Injury,Others,Controlled,Others,NH,Bitumen(Tar),Dry,Not Applicable,Clear,Nice Road,Near Beguru Bridge,5kms,12.85482,77.60942
Bengaluru City,Electronic City Traffic PS,1.04432e+16,2017,1,2,Road Accidents,Other,City/Town,Open area,Human Error,Yes,Grievous Injury,Rear end,Not Applicable,Others,Others,Bitumen(Tar),Dry,Not Applicable,Clear,HCL Road,Near Petrol  Bunk,1kms,12.8395,77.67694
Bengaluru City,Electronic City Traffic PS,1.04432e+16,2017,1,2,Road Accidents,Narrow road,City/Town,Open area,Human Error,Yes,Grievous Injury,Others,Not Applicable,Others,Others,Bitumen(Tar),Dry,Not Applicable,Clear,Velankani Road,Leanse Kart,1kms,12.84877,77.65917