DISTRICTNAME,UNITNAME,Crime_No,Year,RI,Noofvehicle_involved,Accident_Classification,Accident_Spot,Accident_Location,Accident_SubLocation,Main_Cause,Hit_Run,Severity,Collision_Type,Junction_Control,Road_Character,Road_Type,Surface_Type,Surface_Condition,Road_Condition,Weather,Accident_Road,Landmark_first,Distance_LandMark_First,Latitude,Longitude
Bengaluru City,Electronic City Traffic PS,1.04432e+16,2017,1,2,Road Accidents,Narrow road,City/Town,Open area,Human Error,No,Grievous Injury,Others,Not Applicable,Others,Others,Bitumen(Tar),Dry,Not Applicable,Clear,Kasavanahalli Road,Near Green Junction Bar,6kms,0.0,0.0
Bengaluru City,Electronic City Traffic PS,1.04432e+16,2017,1,1,Road Accidents,Narrow road,City/Town,At pedestrian Crossing,Human Error,No,Fatal,Hit pedestrian,Uncontrolled,Others,NH,Bitumen(Tar),Dry,Not Applicable,Clear,Bangalore  City Main Road,Near Singasandra Bus Stop,7kms,12.87747,77.64707
Bengaluru City,Electronic City Traffic PS,1.04432e+16,2017,1,1,Road Accidents,Narrow road,City/Town,Open area,Human Error,Yes,Grievous Injury,Others,Not Applicable,Others,NH,Bitumen(Tar),Dry,Not Applicable,Clear,Hosa Road,Hosa Road Signal,4kms,12.87025,77.65318
Bengaluru City,Electronic City Traffic PS,1.04432e+16,2017,1,1,Road Accidents,Narrow road,City/Town,Open area,Human Error,Yes,Grievous Injury,Others,Uncontrolled,Others,NH,Bitumen(Tar),Dry,Not Applicable,Clear,Towards Kudlu Road,Infront Of Hospitec Hospital,7kms,12.89109,77.63954
Bengaluru City,Electronic City Traffic PS,1.04432e+16,2017,1,2,Road Accidents,Narrow road,City/Town,Open area,Human Error,Not Applicable,Grievous Injury,Others,Uncontrolled,Others,Others,Bitumen(Tar),Dry,Not Applicable,Clear,Beguru koppa main road,near Indian oil petrol bunk,5kms,12.84296,77.61715
Bengaluru City,Electronic City Traffic PS,1.04432e+16,2017,1,2,Road Accidents,Narrow road,City/Town,Open area,Human Error,No,Grievous Injury,Rear end,Controlled,Others,NH,Bitumen(Tar),Dry,Not Applicable,Clear,Elevated Flyover Road,Near Hosa Road Junction,5km,12.86961,77.65364
Bengaluru City,Electronic City Traffic PS,1.04432e+16,2017,1,1,Road Accidents,Curves,City/Town,Narrow bridge or culverts,Human Error,No,Simple Injury,Others,Controlled,Others,NH,Bitumen(Tar),Dry,Construction Work / Material,Clear,BETTADASANAPURA,ELECTRONIC CITY,2KM,0.0,0.0
Bengaluru City,Electronic City Traffic PS,1.04432e+16,2017,1,2,Road Accidents,Junction,City/Town,Narrow bridge or culverts,Human Error,No,Simple Injury,Hit and Run,Controlled,Others,NH,Bitumen(Tar),Dry,Construction Work / Material,Clear,HOSUR MAIN ROAD,VEERASANDRA,2KM,12.83747,77.67857
Bengaluru City,Electronic City Traffic PS,1.04432e+16,2017,1,1,Road Accidents,Narrow road,City/Town,Open area,Human Error,Yes,Grievous Injury,Head on,Not Applicable,Others,NH,Bitumen(Tar),Dry,Not Applicable,Clear,Hosur Main Road,Near Audi Car Show Room Beretena Agrahara,4kms,12.86799,77.65497
Bengaluru City,Electronic City Traffic PS,1.04432e+16,2017,1,2,Road Accidents,Narrow road,City/Town,Open area,Human Error,No,Grievous Injury,Others,Not Applicable,Not Applicable,Expressway,Bitumen(Tar),Dry,Not Applicable,Clear,Nice Road,Beguru Koppa Bridge,4kms,12.85498,77.61002
Bengaluru City,Electronic City Traffic PS,1.04432e+16,2017,1,1,Road Accidents,Narrow road,City/Town,Open area,Human Error,No,Grievous Injury,Hit pedestrian,Not at  Junction,Others,NH,Bitumen(Tar),Dry,Not Applicable,Clear,Hosuru Road,Veerasandra,2kms,12.8388,77.67779
Bengaluru City,Electronic City Traffic PS,1.04432e+16,2017,1,1,Road Accidents,Other,City/Town,Open area,Human Error,No,Grievous Injury,Rear end,Not Applicable,Others,Others,Bitumen(Tar),Others,Not Applicable,Clear,Ramakrishna Hospital Road,2kms,1kms,12.50588,77.384372
Bengaluru City,Electronic City Traffic PS,1.04432e+16,2017,1,2,Road Accidents,Narrow road,City/Town,Open area,Human Error,Yes,Simple Injury,Others,Not Applicable,Not Applicable,NH,Bitumen(Tar),Dry,Not Applicable,Clear,Konappana Agrahara Signal,Nice Road  Turning,4kms,12.85732,7.66192
Bengaluru City,Electronic City Traffic PS,1.04432e+16,2017,1,1,Road Accidents,Narrow road,City/Town,Open area,Human Error,Yes,Fatal,Others,Not Applicable,Others,Others,Bitumen(Tar),Dry,Not Applicable,Clear,Near NTTF College,Electronic City Bus Stop,1kms,12.84742,77.67078
Bengaluru City,Electronic City Traffic PS,1.04432e+16,2017,1,1,Road Accidents,Narrow road,City/Town,Open area,Human Error,Yes,Grievous Injury,Hit pedestrian,Not Applicable,Others,Others,Bitumen(Tar),Dry,Not Applicable,Clear,Hoa Road,S LV Bar,4kms,12.87057,77.65882
Bengaluru City,Electronic City Traffic PS,1.04432e+16,2017,1,3,Road Accidents,Junction,City/Town,Narrow bridge or culverts,Human Error,Yes,Simple Injury,Hit and Run,Controlled,Others,NH,Bitumen(Tar),Dry,Construction Work / Material,Clear,SERVICE ROAD,SERVICE ROAD,3 KMS,12.87075,77.65657
Bengaluru City,Electronic City Traffic PS,1.04432e+16,2017,1,3,Road Accidents,Narrow road,City/Town,Open area,Human Error,No,Simple Injury,Rear end,Uncontrolled,Others,NH,Bitumen(Tar),Dry,Not Applicable,Clear,"NH-07, Towards Silk Board Road",Singasndra Live 100 Hospital,6kms,12.8861,77.64184
Bengaluru City,Electronic City Traffic PS,1.04432e+16,2017,1,1,Road Accidents,Narrow road,City/Town,Open area,Human Error,No,Damage Only,Others,Uncontrolled,Others,Others,Bitumen(Tar),Dry,Not Applicable,Clear,Near Gurukula Public School,New Mico Layout Road,7kms,12.89208,77.62915
Bengaluru City,Electronic City Traffic PS,1.04432e+16,2017,1,2,Road Accidents,Narrow road,City/Town,Open area,Human Error,Not Applicable,Grievous Injury,Rear end,Controlled,Others,NH,Bitumen(Tar),Dry,Not Applicable,Clear,Bangalore  City Main Road,Veerasandra  Junction,2kms,12.83992,77.67689
Bengaluru City,Electronic City Traffic PS,1.04432e+16,2017,1,2,Road Accidents,Narrow road,City/Town,Open area,Human Error,Yes,Damage Only,Rear end,Controlled,Others,NH,Bitumen(Tar),Dry,Not Applicable,Clear,Hosuru Road,Gonvindha Shetty Palya,3kms,12.8612,77.385356
Bengaluru City,Electronic City Traffic PS,1.04432e+16,2017,1,2,Road Accidents,Narrow road,City/Town,Open area,Human Error,No,Grievous Injury,Rear end,Controlled,Others,NH,Bitumen(Tar),Dry,Not Applicable,Clear,Flyover Road,White Feather,3kms,12.505383,77.384881
Bengaluru City,Electronic City Traffic PS,1.04432e+16,2017,1,2,Road Accidents,Narrow road,City/Town,Open area,Human Error,Yes,Grievous Injury,Others,Controlled,Others,NH,Bitumen(Tar),Dry,Not Applicable,Clear,Hosur road Service road,Near Phase  2 Turning,2kms,0.0,0.0
Bengaluru City,Electronic City Traffic PS,1.04432e+16,2017,1,2,Road Accidents,Narrow road,City/Town,Open area,Human Error,No,Grievous Injury,Others,Controlled,Not Applicable,Others,Bitumen(Tar),Dry,Not Applicable,Clear,Velankani Road,Near Thalaserery Hotel,1kms,12.85086,77.65746
Bengaluru City,Electronic City Traffic PS,1.04432e+16,2017,1,1,Road Accidents,Junction,City/Town,Narrow bridge or culverts,Human Error,No,Simple Injury,Others,Controlled,Others,NH,Bitumen(Tar),Dry,Construction Work / Material,Clear,hosa road junction,ELEVATED FLY OVER,5KM,12.8699,77.65339
Bengaluru City,Electronic City Traffic PS,1.04432e+16,2017,1,2,Road Accidents,Other,City/Town,Open area,Human Error,No,Grievous Injury,Others,Not Applicable,Others,Others,Bitumen(Tar),Dry,Not Applicable,Clear,Bettadasanapura Road,Near SNN Apartment,2kms,12.8391,77.64793
Bengaluru City,Electronic City Traffic PS,1.04432e+16,2017,1,2,Road Accidents,Narrow road,City/Town,Open area,Human Error,Yes,Grievous Injury,Others,Not Applicable,Others,NH,Bitumen(Tar),Dry,Not Applicable,Clear,Bangalore City  Main Road,Electronic City Toll,1kms,12.789,77.236
Bengaluru City,Electronic City Traffic PS,1.04432e+16,2017,1,2,Road Accidents,Narrow road,City/Town,Open area,Human Error,Yes,Grievous Injury,Others,Not Applicable,Not Applicable,NH,Bitumen(Tar),Dry,Not Applicable,Clear,Hosur Bangalore Service Road,Near Naganathapura Junction,5kms,12.8698,77.65327
Bengaluru City,Electronic City Traffic PS,1.04432e+16,2017,1,1,Road Accidents,Narrow road,City/Town,Open area,Human Error,No,Damage Only,Others,Not Applicable,Not Applicable,NH,Bitumen(Tar),Dry,Not Applicable,Clear,Hosuru Road,Veerasandara Junction,2kms,12.83418,77.67554
Bengaluru City,Electronic City Traffic PS,1.04432e+16,2017,1,2,Road Accidents,Narrow road,City/Town,Open area,Human Error,Yes,Grievous Injury,Rear end,Not Applicable,Others,NH,Bitumen(Tar),Dry,Not Applicable,Clear,Hosuru Road Junction,True value,4kms,12.8713,77.6519
Bengaluru City,Electronic City Traffic PS,1.04432e+16,2017,1,3,Road Accidents,Narrow road,City/Town,Open area,Human Error,Yes,Grievous Injury,Others,Not Applicable,Others,Others,Bitumen(Tar),Dry,Not Applicable,Clear,Infosys Road,Near elcia Office,2kms,12.85065,77.66096
Bengaluru City,Electronic City Traffic PS,1.04432e+16,2017,1,1,Road Accidents,Narrow road,City/Town,Open area,Human Error,Not Applicable,Grievous Injury,Hit pedestrian,Uncontrolled,Not Applicable,Others,Bitumen(Tar),Dry,Not Applicable,Clear,Rayasandra  Road,Near  Bamboo Forest,5kms,12.87639,77.67449
Bengaluru City,Electronic City Traffic PS,1.04432e+16,2017,1,2,Road Accidents,Narrow road,City/Town,Open area,Human Error,Yes,Grievous Injury,Others,Uncontrolled,Others,Others,Bitumen(Tar),Dry,Not Applicable,Clear,Hosur Main road,Near Veerasandra Junction,2kms,12.84048,77.67631
Bengaluru City,Electronic City Traffic PS,1.04432e+16,2017,1,1,Road Accidents,Narrow road,City/Town,Open area,Human Error,Not Applicable,Grievous Injury,Hit pedestrian,Uncontrolled,Others,NH,Bitumen(Tar),Dry,Not Applicable,Clear,Service Road,Near Electronic City Bus Stop,2,12.84714,77.67163
Bengaluru City,Electronic City Traffic PS,1.04432e+16,2017,1,1,Road Accidents,Narrow road,City/Town,Open area,Human Error,No,Grievous Injury,Hit pedestrian,Controlled,Others,NH,Bitumen(Tar),Dry,Not Applicable,Clear,Singasandra beguru Road,In Front Of Manipal County  Gate,7kms,12.87448,77.64863
Bengaluru City,Electronic City Traffic PS,1.04432e+16,2017,1,1,Road Accidents,Narrow road,City/Town,Open area,Human Error,Yes,Grievous Injury,Hit pedestrian,Controlled,Others,Others,Bitumen(Tar),Dry,Not Applicable,Clear,Bettadasanapura  Road,Near  Sent Xavier School,3,12.7895,77.8951
Bengaluru City,Electronic City Traffic PS,1.04432e+16,2017,1,2,Road Accidents,Narrow road,City/Town,Open area,Human Error,Not Applicable,Grievous Injury,Rear end,Controlled,Others,NH,Bitumen(Tar),Dry,Not Applicable,Clear,NH-07 Elevated Fly Over Road,Near Hosa Road,5kms,12.86857,77.65471
Bengaluru City,Electronic City Traffic PS,1.04432e+16,2017,1,1,Road Accidents,Narrow road,City/Town,Open area,Human Error,No,Damage Only,Others,Controlled,Others,Others,Bitumen(Tar),Dry,Not Applicable,Clear,Maruthi Timber Road,Bandepalya,7kms,12.89822,77.6393
Bengaluru City,Electronic City Traffic PS,1.04432e+16,2017,1,2,Road Accidents,Narrow road,City/Town,Open area,Human Error,No,Grievous Injury,Others,Not Applicable,Curve,Others,Bitumen(Tar),Dry,Not Applicable,Clear,Haraluru Road,Chudasandra Circle,7kms,0.0,0.0
Bengaluru City,Electronic City Traffic PS,1.04432e+16,2017,1,1,Road Accidents,Narrow road,City/Town,Open area,Human Error,Yes,Grievous Injury,Others,Not Applicable,Others,NH,Bitumen(Tar),Dry,Not Applicable,Clear,Hosur Main Road,Near Veerasandra Junction,2kms,12.83998,77.6773
Bengaluru City,Electronic City Traffic PS,1.04432e+16,2017,1,3,Road Accidents,Other,City/Town,Open area,Human Error,No,Fatal,Head on,Uncontrolled,Others,NH,Bitumen(Tar),Dry,Not Applicable,Clear,NH-7 Elevated Fly Over Road,Near Symphony Apartment,4kms,12.86449,77.65761
Bengaluru City,Electronic City Traffic PS,1.04432e+16,2017,1,2,Road Accidents,Narrow road,City/Town,Open area,Human Error,Yes,Grievous Injury,Others,Not Applicable,Others,NH,Bitumen(Tar),Dry,Not Applicable,Clear,NH Elevated Flyover Road,NTTF College,1kms,12.84613,77.66924
Bengaluru City,Electronic City Traffic PS,1.04432e+16,2017,1,2,Road Accidents,Narrow road,City/Town,Open area,Human Error,No,Fatal,Rear end,Not Applicable,Others,Expressway,Bitumen(Tar),Dry,Not Applicable,Clear,Nice Road,Near Basapura Bridge,3kms,12.86251,77.64834
Bengaluru City,Electronic City Traffic PS,1.04432e+16,2017,1,1,Road Accidents,Narrow road,City/Town,Open area,Human Error,Yes,Grievous Injury,Hit pedestrian,Not Applicable,Others,NH,Bitumen(Tar),Dry,Not Applicable,Clear,Hosuru Road,Piller No 317,2kms,12.84413,77.67386
Bengaluru City,Electronic City Traffic PS,1.04432e+16,2017,1,1,Road Accidents,Narrow road,City/Town,Open area,Human Error,Yes,Damage Only,Others,Uncontrolled,Others,NH,Bitumen(Tar),Dry,Not Applicable,Clear,Hosur Main road,Veerasandra Junction,3kms,12.8398501,77.67707541
Bengaluru City,Electronic City Traffic PS,1.04432e+16,2017,1,1,Road Accidents,Junction,City/Town,Narrow bridge or culverts,Human Error,No,Grievous Injury,Others,Controlled,Others,NH,Bitumen(Tar),Dry,Construction Work / Material,Clear,BETTADASANAPURA,ELECTRONIC CITY,4KM,12.84268,77.64196
Bengaluru City,Electronic City Traffic PS,1.04432e+16,2017,1,1,Road Accidents,Narrow road,City/Town,Open area,Human Error,Yes,Grievous Injury,Hit pedestrian,Uncontrolled,Not Applicable,NH,Bitumen(Tar),Dry,Not Applicable,Clear,Hosur Main road,Near veerasandra Junction,2kms,0.0,0.0
Bengaluru City,Electronic City Traffic PS,1.04432e+16,2017,1,2,Road Accidents,Narrow road,City/Town,Open area,Human Error,Not Applicable,Damage Only,Others,Controlled,Others,Others,Bitumen(Tar),Dry,Not Applicable,Clear,Electronic City   Road,near Wipro Gate,1kms,12.83918,77.65924
Bengaluru City,Electronic City Traffic PS,1.04432e+16,2017,1,1,Road Accidents,Narrow road,City/Town,Open area,Human Error,Yes,Grievous Injury,Hit pedestrian,Controlled,Others,Others,Bitumen(Tar),Dry,Not Applicable,Clear,Kudlu Road,Near Somasandrapalya Circle,9 Kms,12.89953,77.6514
Bengaluru City,Electronic City Traffic PS,1.04432e+16,2017,1,2,Road Accidents,Narrow road,City/Town,Open area,Human Error,Yes,Grievous Injury,Others,Not Applicable,Not Applicable,Expressway,Bitumen(Tar),Dry,Not Applicable,Clear,Nice Road,Blue Joice Apartments,4kms,12.86586,77.62904
Bengaluru City,Electronic City Traffic PS,1.04432e+16,2017,1,2,Road Accidents,Narrow road,City/Town,Open area,Human Error,No,Grievous Injury,Others,Not Applicable,Others,NH,Bitumen(Tar),Dry,Not Applicable,Clear,Electronic City Phase-2 to Phase-1 Connecting,Fly over Road Near D Mart,1kms,12.84378,77.67386
Bengaluru City,Electronic City Traffic PS,1.04432e+16,2017,1,2,Road Accidents,Narrow road,City/Town,Open area,Human Error,No,Fatal,Others,Not Applicable,Not Applicable,Others,Bitumen(Tar),Dry,Not Applicable,Clear,Chennakeshava Nagara 1 st Cross Road,Infront Of Yashas Medical Store,5kms,12.8708,77.65399
Bengaluru City,Electronic City Traffic PS,1.04432e+16,2017,1,1,Road Accidents,Narrow road,City/Town,Open area,Human Error,No,Grievous Injury,Hit pedestrian,Uncontrolled,Others,Others,Bitumen(Tar),Dry,Not Applicable,Clear,Parappana Agrahara  Road,Near  Infront Of  Central Jail Road,5kms,12.87409,77.66915
Bengaluru City,Electronic City Traffic PS,1.04432e+16,2017,1,2,Road Accidents,Narrow road,City/Town,Open area,Human Error,Yes,Grievous Injury,Others,Uncontrolled,Others,Others,Bitumen(Tar),Dry,Not Applicable,Clear,Kudlu-Haraluru Road,Near Sai Poorna Premier Apartment,7kms,12.88515,77.65585
Bengaluru City,Electronic City Traffic PS,1.04432e+16,2017,1,2,Road Accidents,Narrow road,City/Town,Open area,Human Error,No,Fatal,Others,Controlled,Others,Others,Bitumen(Tar),Dry,Not Applicable,Clear,Kasavanahalli Main Road,KSRP 9th Battalion,7kms,12.88614,77.67033
Bengaluru City,Electronic City Traffic PS,1.04432e+16,2017,1,2,Road Accidents,Narrow road,City/Town,Open area,Human Error,No,Damage Only,Others,Not Applicable,Others,NH,Bitumen(Tar),Dry,Not Applicable,Clear,Hosuru Main Road,Veerasandra Gate,2kms,12.8399,77.67707
Bengaluru City,Electronic City Traffic PS,1.04432e+16,2017,1,2,Road Accidents,Narrow road,City/Town,Open area,Human Error,Yes,Grievous Injury,Others,Not Applicable,Others,NH,Bitumen(Tar),Dry,Not Applicable,Clear,Towards Hosur Main Road,Near Spring Leaf Hospital,2kms,12.85265,77.66714
Bengaluru City,Electronic City Traffic PS,1.04432e+16,2017,1,1,Road Accidents,Narrow road,City/Town,Open area,Human Error,Yes,Fatal,Others,Not Applicable,Not Applicable,Others,Bitumen(Tar),Dry,Not Applicable,Clear,Kudlu Village Road,Near Shankarappa Building  Maruthi Layout,6kms,0.0,0.0
Bengaluru City,Electronic City Traffic PS,1.04432e+16,2017,1,1,Road Accidents,Narrow road,City/Town,Open area,Human Error,Yes,Simple Injury,Rear end,Not Applicable,Not Applicable,Others,Bitumen(Tar),Dry,Not Applicable,Clear,Wipro Road,Near Wipro Gate  5,300 M,12.83942,77.65957
Bengaluru City,Electronic City Traffic PS,1.04432e+16,2017,1,1,Road Accidents,Narrow road,City/Town,Open area,Vehicle Defect,No,Damage Only,Others,Not Applicable,Others,NH,Bitumen(Tar),Dry,Not Applicable,Clear,Flyover Road,Electronic City  Connecting Flyover,2kms,12.84403,77.67404
Bengaluru City,Electronic City Traffic PS,1.04432e+16,2017,1,1,Road Accidents,Narrow road,City/Town,Open area,Human Error,Yes,Grievous Injury,Hit pedestrian,Uncontrolled,Others,Others,Bitumen(Tar),Dry,Not Applicable,Clear,Central Jail road,Near Mico company,5kms,0.0,0.0
Bengaluru City,Electronic City Traffic PS,1.04432e+16,2017,1,2,Road Accidents,Narrow road,City/Town,Open area,Human Error,Not Applicable,Grievous Injury,Others,Uncontrolled,Others,Others,Bitumen(Tar),Dry,Not Applicable,Clear,Electronic city Phase-2 road,Near Xime college,3kms,12.84505,77.67831
Bengaluru City,Electronic City Traffic PS,1.04432e+16,2017,1,1,Road Accidents,Narrow road,City/Town,Open area,Human Error,Yes,Fatal,Others,Uncontrolled,Others,NH,Bitumen(Tar),Dry,Not Applicable,Clear,Towards Hosuru Main Road,Near PES College Konappana Agrahara,3kms,12.85872,77.66248
Bengaluru City,Electronic City Traffic PS,1.04432e+16,2017,1,2,Road Accidents,Narrow road,City/Town,Open area,Human Error,Not Applicable,Grievous Injury,Rear end,Uncontrolled,Others,NH,Bitumen(Tar),Dry,Not Applicable,Clear,NH-07 Hosuru Main  Road,Beretena Agrahara,3kms,12.85979,77.66151
Bengaluru City,Electronic City Traffic PS,1.04432e+16,2017,1,1,Road Accidents,Narrow road,City/Town,Open area,Human Error,No,Grievous Injury,Hit pedestrian,Uncontrolled,Others,NH,Bitumen(Tar),Dry,Not Applicable,Clear,Elevated Flyover Road,near Live  100 Hospital,7kms,12.87923,77.64604
Bengaluru City,Electronic City Traffic PS,1.04432e+16,2017,1,1,Road Accidents,Narrow road,City/Town,Open area,Human Error,Yes,Grievous Injury,Hit pedestrian,Controlled,Others,NH,Bitumen(Tar),Dry,Not Applicable,Clear,Bangalore City Main road,Near Pillor No 148,6kms,12.87104,77.6524
Bengaluru City,Electronic City Traffic PS,1.04432e+16,2017,1,2,Road Accidents,Other,City/Town,Near a factory industrial area,Human Error,Yes,Damage Only,Others,Not Applicable,Straight and flat,City or Town Road,Bitumen(Tar),Dry,Not Applicable,Clear,Hosur Mainroad,Near Infosys,3 KMs,0.0,0.0
Bengaluru City,Electronic City Traffic PS,1.04432e+16,2017,1,2,Road Accidents,Narrow road,City/Town,Open area,Human Error,Yes,Grievous Injury,Others,Not Applicable,Others,NH,Bitumen(Tar),Dry,Not Applicable,Clear,Hosa Road,Hosa Road  Signal,5kms,12.86264,77.64714
Bengaluru City,Electronic City Traffic PS,1.04432e+16,2017,1,2,Road Accidents,Other,City/Town,Open area,Human Error,Yes,Grievous Injury,Rear end,Not Applicable,Others,NH,Bitumen(Tar),Dry,Not Applicable,Clear,Towards Hosuru Main Road,Hosa Road Infront of Metro,5kms,12.86073,77.66067
Bengaluru City,Electronic City Traffic PS,1.04432e+16,2017,1,2,Road Accidents,Other,City/Town,Open area,Human Error,Yes,Damage Only,Others,Not Applicable,Others,Others,Bitumen(Tar),Dry,Not Applicable,Clear,Electronic City Road,Near BHEL Junction,1kms,12.84053,77.68154
Bengaluru City,Electronic City Traffic PS,1.04432e+16,2017,1,1,Road Accidents,Narrow road,City/Town,Open area,Human Error,Yes,Grievous Injury,Others,Not Applicable,Others,NH,Bitumen(Tar),Dry,Not Applicable,Clear,Bangalore Service Road,Behind BETL Office Electronic City,1kms,12.84375,77.67379
Bengaluru City,Electronic City Traffic PS,1.04432e+16,2017,1,1,Road Accidents,Narrow road,City/Town,Open area,Human Error,No,Grievous Injury,Hit pedestrian,Not Applicable,Others,Others,Bitumen(Tar),Dry,Not Applicable,Clear,Electronic city road,Near Ramakrishna Hospital,2kms,12.85424,77.66242
Bengaluru City,Electronic City Traffic PS,1.04432e+16,2017,1,1,Road Accidents,Other,City/Town,Open area,Human Error,No,Grievous Injury,Hit pedestrian,Not Applicable,Others,NH,Bitumen(Tar),Dry,Not Applicable,Clear,Hosuru Main Road,Near Electronic City Gate,2kms,12.84764,77.67091
Bengaluru City,Electronic City Traffic PS,1.04432e+16,2017,1,1,Road Accidents,Other,City/Town,At pedestrian Crossing,Human Error,Yes,Simple Injury,Hit pedestrian,Not Applicable,Others,Others,Bitumen(Tar),Dry,Not Applicable,Clear,NICE ROAD,NICE ROAD TURNING,3kms,12.85475,77.66221
Bengaluru City,Electronic City Traffic PS,1.04432e+16,2017,1,2,Road Accidents,Narrow road,City/Town,Open area,Human Error,Yes,Fatal,Others,Uncontrolled,Others,Others,Bitumen(Tar),Dry,Not Applicable,Clear,"Doddanagamangala road,",opp Shobha Apts,6kms,12.86667,77.66236
Bengaluru City,Electronic City Traffic PS,1.04432e+16,2017,1,1,Road Accidents,Narrow road,City/Town,Open area,Human Error,No,Fatal,Others,Uncontrolled,Not Applicable,NH,Bitumen(Tar),Dry,Not Applicable,Clear,Hosur road Elevated Fly over,Singasandra,5kms,0.0,0.0
Bengaluru City,Electronic City Traffic PS,1.04432e+16,2017,1,1,Road Accidents,Narrow road,City/Town,Open area,Human Error,Yes,Grievous Injury,Hit pedestrian,Uncontrolled,Others,Others,Bitumen(Tar),Dry,Not Applicable,Clear,Electronic city phase-2 road,Near Dubas Engineering pvt Ltd,3kms,0.0,0.0
Bengaluru City,Electronic City Traffic PS,1.04432e+16,2017,1,2,Road Accidents,Narrow road,City/Town,Open area,Vehicle Defect,Not Applicable,Damage Only,Others,Uncontrolled,Others,Others,Bitumen(Tar),Dry,Not Applicable,Clear,Bettadasanapura road,Near Xavier School,3kms,12.84303902,77.63968561
Bengaluru City,Electronic City Traffic PS,1.04432e+16,2017,1,2,Road Accidents,Curves,City/Town,Narrow bridge or culverts,Human Error,No,Grievous Injury,Others,Controlled,Others,NH,Bitumen(Tar),Dry,Construction Work / Material,Clear,ELECTRONIC CITY,ELECTRONIC CITY PHASE 1,2KM,12.84724,77.67142
Bengaluru City,Electronic City Traffic PS,1.04432e+16,2017,1,2,Road Accidents,Narrow road,City/Town,Open area,Vehicle Defect,No,Damage Only,Others,Uncontrolled,Not Applicable,NH,Bitumen(Tar),Dry,Not Applicable,Clear,Towards Bangalore Main Road,Konappana Agrahara Junction,3kms,12.85605,77.66434
Bengaluru City,Electronic City Traffic PS,1.04432e+16,2017,1,1,Road Accidents,Other,City/Town,Open area,Human Error,Yes,Grievous Injury,Hit pedestrian,Uncontrolled,Others,NH,Bitumen(Tar),Dry,Not Applicable,Clear,Hosuru Road,Near Konappana Agrahara Bus Stop,3kms,12.505167,77.384881
Bengaluru City,Electronic City Traffic PS,1.04432e+16,2017,1,4,Road Accidents,Narrow road,City/Town,Open area,Human Error,No,Grievous Injury,Rear end,Not Applicable,Others,Not Applicable,Bitumen(Tar),Dry,Not Applicable,Clear,Hosuru Main Road,Near Electronic Ciity Ruchi Sagar Hotel,1kms,12.84746,77.6713
Bengaluru City,Electronic City Traffic PS,1.04432e+16,2017,1,2,Road Accidents,Narrow road,City/Town,Open area,Human Error,Yes,Grievous Injury,Rear end,Not at  Junction,Others,NH,Bitumen(Tar),Dry,Not Applicable,Clear,Eleveted Flyover,Near Hosaroad Junction,3kms,12.86943,77.65378
Bengaluru City,Electronic City Traffic PS,1.04432e+16,2017,1,1,Road Accidents,Narrow road,City/Town,Open area,Human Error,Yes,Grievous Injury,Others,Not Applicable,Others,Others,Bitumen(Tar),Dry,Not Applicable,Clear,Hosuru Service Road,Beretena Agrahara Near Suraksha Car Show,4kms,12.505254,77.384822
Bengaluru City,Electronic City Traffic PS,1.04432e+16,2017,1,1,Road Accidents,Narrow road,City/Town,Open area,Human Error,Yes,Fatal,Hit pedestrian,Not Applicable,Others,NH,Bitumen(Tar),Dry,Not Applicable,Clear,Hosuru Road,Veerasandra Gate Junction,2kms,12.83999,77.677
Bengaluru City,Electronic City Traffic PS,1.04432e+16,2017,1,2,Road Accidents,Narrow road,City/Town,Open area,Vehicle Defect,No,Damage Only,Rear end,Not Applicable,Others,Others,Bitumen(Tar),Dry,Not Applicable,Clear,Shanthipura Road,Near TCS Company,2kms,12.84701,77.67915
Bengaluru City,Electronic City Traffic PS,1.04432e+16,2017,1,1,Road Accidents,Narrow road,City/Town,Open area,Human Error,No,Fatal,Hit pedestrian,Not Applicable,Others,Expressway,Bitumen(Tar),Dry,Not Applicable,Clear,Nice Road,Near  Beghuru Lake,6kms,12.86603524,77.62964496
Bengaluru City,Electronic City Traffic PS,1.04432e+16,2017,1,1,Road Accidents,Narrow road,City/Town,Open area,Human Error,Yes,Grievous Injury,Hit pedestrian,Uncontrolled,Others,Others,Bitumen(Tar),Dry,Not Applicable,Clear,HCL Road,HCL Company Gate No 04,1kms,12.84372,77.67206
Bengaluru City,Electronic City Traffic PS,1.04432e+16,2017,1,1,Road Accidents,Narrow road,City/Town,Open area,Human Error,No,Grievous Injury,Skidding or Self accident,Uncontrolled,Others,Expressway,Bitumen(Tar),Dry,Not Applicable,Clear,Nice road,Near PES college Konappana Agrahara,3kms,12.85781,77.66425