DISTRICTNAME,UNITNAME,Crime_No,Year,RI,Noofvehicle_involved,Accident_Classification,Accident_Spot,Accident_Location,Accident_SubLocation,Main_Cause,Hit_Run,Severity,Collision_Type,Junction_Control,Road_Character,Road_Type,Surface_Type,Surface_Condition,Road_Condition,Weather,Accident_Road,Landmark_first,Distance_LandMark_First,Latitude,Longitude
Bengaluru City,Electronic City Traffic PS,1.04432e+16,2017,1,1,Road Accidents,Narrow road,City/Town,Open area,Human Error,No,Grievous Injury,Hit pedestrian,Uncontrolled,Others,NH,Bitumen(Tar),Dry,Not Applicable,Clear,Hosuru Main Road,between Pillor  No 92 And 93,7kms,12.88452,77.64282
Bengaluru City,Electronic City Traffic PS,1.04432e+16,2017,1,2,Road Accidents,Narrow road,City/Town,Open area,Human Error,No,Grievous Injury,Rear end,Uncontrolled,Others,Others,Bitumen(Tar),Dry,Not Applicable,Clear,Hosur Main road,Near Electronic city Toll,2kms,0.0,0.0
Bengaluru City,Electronic City Traffic PS,1.04432e+16,2017,1,2,Road Accidents,Narrow road,City/Town,Near Bus stop,Human Error,No,Grievous Injury,Rear end,Uncontrolled,Others,NH,Bitumen(Tar),Dry,Not Applicable,Clear,Hosuru Main Road,Electronic City Bus Staop,3kms,12.83958,77.68148
Bengaluru City,Electronic City Traffic PS,1.04432e+16,2017,1,2,Road Accidents,Narrow road,City/Town,Open area,Human Error,Yes,Grievous Injury,Others,Controlled,Others,Service Road,Bitumen(Tar),Dry,Not Applicable,Clear,Hosur road Service road,Near Veerasandra Junction,2kms,12.83637,77.67897
Bengaluru City,Electronic City Traffic PS,1.04432e+16,2017,1,1,Road Accidents,Narrow road,City/Town,Open area,Human Error,Yes,Grievous Injury,Hit pedestrian,Uncontrolled,Others,Service Road,Bitumen(Tar),Dry,Not Applicable,Clear,Hosur road Service road,Near Chikkatoguru Gate,3kms,0.0,0.0
Bengaluru City,Electronic City Traffic PS,1.04432e+16,2017,1,2,Road Accidents,Other,City/Town,Open area,Human Error,No,Grievous Injury,Others,Not Applicable,Not Applicable,Others,Bitumen(Tar),Dry,Not Applicable,Clear,Basapura Road,Near Lakshmi Medicals,4kms,12.86532,77.65138
Bengaluru City,Electronic City Traffic PS,1.04432e+16,2017,1,2,Road Accidents,Narrow road,City/Town,Open area,Human Error,Yes,Fatal,Others,Not Applicable,Others,Service Road,Bitumen(Tar),Dry,No influence on accident,Clear,Hosuru  Road,Near HDFC Bank,5kms,12.87355,77.65053
Bengaluru City,Electronic City Traffic PS,1.04432e+16,2017,1,1,Road Accidents,Narrow road,City/Town,Open area,Human Error,Yes,Grievous Injury,Others,Not Applicable,Others,NH,Bitumen(Tar),Dry,Not Applicable,Clear,Hosuru Road,Electronic City Phase 02,1kms,12.84417,77.67429
Bengaluru City,Electronic City Traffic PS,1.04432e+16,2017,1,2,Road Accidents,Narrow road,City/Town,Open area,Human Error,No,Grievous Injury,Others,Not Applicable,Others,NH,Bitumen(Tar),Dry,Not Applicable,Clear,Hosuru Road,Near Metro Mall,3kms,12.86036,77.66106
Bengaluru City,Electronic City Traffic PS,1.04432e+16,2017,1,3,Road Accidents,Narrow road,City/Town,Open area,Human Error,No,Grievous Injury,Others,Not Applicable,Others,NH,Bitumen(Tar),Dry,Not Applicable,Clear,Hosuru main Road,Konappana Agrahara Near PES College,3kms,12.85874,77.66235
Bengaluru City,Electronic City Traffic PS,1.04432e+16,2017,1,2,Road Accidents,Narrow road,City/Town,Open area,Human Error,Yes,Grievous Injury,Others,Not Applicable,Others,NH,Bitumen(Tar),Dry,Not Applicable,Clear,Towards Hosur Main Road,Infront of Pallavi Hotel,1kms,12.84658,77.67211
Bengaluru City,Electronic City Traffic PS,1.04432e+16,2017,1,1,Road Accidents,Narrow road,City/Town,Open area,Human Error,Not Applicable,Grievous Injury,Hit pedestrian,Not Applicable,Others,Others,Bitumen(Tar),Dry,Not Applicable,Clear,Electronic City Phase 01 Road,Electronic City Phase 01 Toll,1kms,12.84542,77.66577
Bengaluru City,Electronic City Traffic PS,1.04432e+16,2017,1,1,Road Accidents,Not Applicable,City/Town,At pedestrian Crossing,Human Error,No,Fatal,Hit pedestrian,Uncontrolled,Not Applicable,NH,Bitumen(Tar),Dry,Not Applicable,Clear,Hosuru Service Road,Near Singasandra Government Hospital,5kms,12.88427,77.64336
Bengaluru City,Electronic City Traffic PS,1.04432e+16,2017,1,2,Road Accidents,Narrow road,City/Town,Open area,Human Error,Yes,Grievous Injury,Rear end,Uncontrolled,Not Applicable,NH,Bitumen(Tar),Dry,Not Applicable,Clear,"NH, Bangalore City Main Road",Near Aqua Hights Apartments,2,77.67611064,12.84083556
Bengaluru City,Electronic City Traffic PS,1.04432e+16,2017,1,2,Road Accidents,Narrow road,City/Town,Open area,Human Error,Yes,Fatal,Head on,Controlled,Others,NH,Bitumen(Tar),Dry,Not Applicable,Clear,NH-7 BETL Fly Over Road,Near Singasandra Dakshin Honda Show Room,7kms,12.88396,77.6431
Bengaluru City,Electronic City Traffic PS,1.04432e+16,2017,1,1,Road Accidents,Narrow road,City/Town,Open area,Human Error,No,Fatal,Rear end,Uncontrolled,Others,NH,Bitumen(Tar),Dry,Not Applicable,Clear,Elevated Fly Over Road,Electronic City Phase 2,1kms,12.84649,77.67225
Bengaluru City,Electronic City Traffic PS,1.04432e+16,2017,1,1,Road Accidents,Other,City/Town,Narrow bridge or culverts,Human Error,No,Simple Injury,Others,Controlled,Others,NH,Bitumen(Tar),Dry,Construction Work / Material,Clear,kudlu gate,HSR LAYOT,4KM,12.88919,77.64162
Bengaluru City,Electronic City Traffic PS,1.04432e+16,2017,1,2,Road Accidents,Narrow road,City/Town,Open area,Human Error,Yes,Grievous Injury,Others,Uncontrolled,Not Applicable,NH,Bitumen(Tar),Dry,Not Applicable,Clear,NH-7 Elevated Fly Over Road,Near Symphony Apartment,5kms,12.8645,77.65762
Bengaluru City,Electronic City Traffic PS,1.04432e+16,2017,1,1,Road Accidents,Narrow road,City/Town,Open area,Human Error,Yes,Fatal,Hit pedestrian,Not Applicable,Others,NH,Bitumen(Tar),Dry,Not Applicable,Clear,Infront off Infosys Gate No 7,Konappana Agrahara,2 KMS,12.8516593,77.667781
Bengaluru City,Electronic City Traffic PS,1.04432e+16,2017,1,2,Road Accidents,Other,City/Town,Open area,Human Error,Yes,Grievous Injury,Rear end,Not Applicable,Others,NH,Bitumen(Tar),Dry,Not Applicable,Clear,Hosa Road  Service Road,Near Honda Service Center,4kms,12.86291,77.65876
Bengaluru City,Electronic City Traffic PS,1.04432e+16,2017,1,2,Road Accidents,Narrow road,City/Town,Near office complex,Human Error,No,Grievous Injury,Side impact or Right angle,Controlled,Straight and flat,City or Town Road,Bitumen(Tar),Dry,Not Applicable,Fine,NH-7 Hosur Road,Beretena Agrahara,3 KMS,12.86812,77.65499
Bengaluru City,Electronic City Traffic PS,1.04432e+16,2017,1,2,Road Accidents,Narrow road,City/Town,Open area,Human Error,Not Applicable,Fatal,Others,Uncontrolled,Others,Expressway,Bitumen(Tar),Dry,Not Applicable,Clear,Nice Road,Nice Bridge  Near White feather Convention Hall  Nice Road Konappana Agrahara,2kms,12.85815,77.66241
Bengaluru City,Electronic City Traffic PS,1.04432e+16,2017,1,1,Road Accidents,Narrow road,City/Town,At pedestrian Crossing,Human Error,Yes,Grievous Injury,Hit pedestrian,Uncontrolled,Others,Others,Bitumen(Tar),Dry,Not Applicable,Clear,40 Feet road,Near Sri Siraj House subhash nagar,6kms,0.0,0.0
Bengaluru City,Electronic City Traffic PS,1.04432e+16,2017,1,2,Road Accidents,Narrow road,City/Town,Open area,Human Error,Not Applicable,Grievous Injury,Others,Signals (Working),Others,NH,Bitumen(Tar),Dry,Not Applicable,Clear,Hosuru Service Road,Near Infosys Gate,4 kms,12.84896,77.66966
Bengaluru City,Electronic City Traffic PS,1.04432e+16,2017,1,2,Road Accidents,Narrow road,City/Town,Open area,Human Error,No,Grievous Injury,Others,Uncontrolled,Others,Others,Bitumen(Tar),Dry,Not Applicable,Clear,Velankani Road,Near SJR Apartment,1kms,12.8488,77.65783
Bengaluru City,Electronic City Traffic PS,1.04432e+16,2017,1,3,Road Accidents,Narrow road,City/Town,Open area,Vehicle Defect,No,Damage Only,Rear end,Controlled,Others,Expressway,Bitumen(Tar),Dry,Not Applicable,Clear,Nice Road,Near Electronic City Toll Plaz,2kms,12.85835,77.65776
Bengaluru City,Electronic City Traffic PS,1.04432e+16,2017,1,2,Road Accidents,Narrow road,City/Town,Open area,Human Error,Yes,Grievous Injury,Others,Uncontrolled,Others,Others,Bitumen(Tar),Dry,Not Applicable,Clear,Hosa Road,Near S LV  Bar,5kms,12.86995,77.65567
Bengaluru City,Electronic City Traffic PS,1.04432e+16,2017,1,2,Road Accidents,Other,City/Town,Open area,Human Error,Yes,Fatal,Head on,Not at  Junction,Others,NH,Bitumen(Tar),Dry,Not Applicable,Clear,"NH-07, Elevated  Flyover  Road",Konappana Agrahara,2kms,12.856143,77.664427
Bengaluru City,Electronic City Traffic PS,1.04432e+16,2017,1,1,Road Accidents,Narrow road,City/Town,Open area,Human Error,No,Grievous Injury,Hit pedestrian,Not Applicable,Others,Others,Bitumen(Tar),Dry,Not Applicable,Clear,Central Jail Main Road,Central Jail Circle,4kms,12.87366,77.66634
Bengaluru City,Electronic City Traffic PS,1.04432e+16,2017,1,3,Road Accidents,Narrow road,City/Town,Open area,Human Error,Yes,Fatal,Rear end,Not Applicable,Others,NH,Bitumen(Tar),Others,Not Applicable,Clear,Elevated Flyover,Near Konappana Agrahra Signal,3kms,12.85601,77.66454
Bengaluru City,Electronic City Traffic PS,1.04432e+16,2017,1,3,Road Accidents,Narrow road,City/Town,Open area,Human Error,Yes,Grievous Injury,Others,Controlled,Curve,Others,Bitumen(Tar),Dry,Not Applicable,Clear,Beguru-Koppa Main Road,Near Mylasandra Sunrise Wheel Exports,6kms,12.85297,77.60912
Bengaluru City,Electronic City Traffic PS,1.04432e+16,2017,1,2,Road Accidents,Narrow road,City/Town,Open area,Human Error,Yes,Damage Only,Others,Uncontrolled,Not Applicable,Others,Bitumen(Tar),Dry,Not Applicable,Clear,Bettadasanapura road,Near Essar Petrol Bunk,3kms,12.84316,77.64332
Bengaluru City,Electronic City Traffic PS,1.04432e+16,2017,1,2,Road Accidents,Narrow road,City/Town,Open area,Human Error,Not Applicable,Damage Only,Rear end,Controlled,Others,Others,Bitumen(Tar),Dry,Not Applicable,Clear,Neeladri road,Near Sanjeevini Restaurant,2kms,12.50588,77.382337
Bengaluru City,Electronic City Traffic PS,1.04432e+16,2017,1,1,Road Accidents,Narrow road,City/Town,Open area,Human Error,No,Grievous Injury,Others,Uncontrolled,Others,Others,Bitumen(Tar),Dry,Not Applicable,Clear,Singasandra Ropad,Behind Keys Hotel,5kms,12.87969,77.64649
Bengaluru City,Electronic City Traffic PS,1.04432e+16,2017,1,2,Road Accidents,Junction,City/Town,Narrow bridge or culverts,Vehicle Defect,No,Damage Only,Others,Controlled,Others,NH,Bitumen(Tar),Dry,Construction Work / Material,Clear,NAGANATHAPURA,NEAR HOSAROAD JUNCTION,4KM,12.86895,77.65423
Bengaluru City,Electronic City Traffic PS,1.04432e+16,2017,1,1,Road Accidents,Other,City/Town,Open area,Human Error,Yes,Grievous Injury,Hit pedestrian,Controlled,Others,NH,Bitumen(Tar),Dry,Not Applicable,Clear,Hosur Main road,Konappana Agrahara Junction,3kms,12.84313,77.6648
Bengaluru City,Electronic City Traffic PS,1.04432e+16,2017,1,3,Road Accidents,Narrow road,City/Town,Open area,Human Error,No,Fatal,Others,Not Applicable,Others,Expressway,Bitumen(Tar),Dry,Not Applicable,Clear,Nice Road,Near Begur Lake S N N Apartment,5kms,12.5131,77.377
Bengaluru City,Electronic City Traffic PS,1.04432e+16,2017,1,4,Road Accidents,Narrow road,City/Town,Open area,Human Error,No,Fatal,Head on,Not Applicable,Others,Others,Bitumen(Tar),Dry,Not Applicable,Clear,Basapura Villege  Road,Near Mahindra Service center,4kms,12.86728,77.65131
Bengaluru City,Electronic City Traffic PS,1.04432e+16,2017,1,1,Road Accidents,Narrow road,City/Town,Open area,Human Error,No,Damage Only,Others,Not Applicable,Others,NH,Bitumen(Tar),Dry,Not Applicable,Clear,Hosuru Main Road,Near Veearsandra Kaveramma Temple,2kms,12.83867,77.67788
Bengaluru City,Electronic City Traffic PS,1.04432e+16,2017,1,2,Road Accidents,Narrow road,City/Town,Open area,Vehicle Defect,Not Applicable,Damage Only,Rear end,Uncontrolled,Not Applicable,NH,Bitumen(Tar),Dry,Not Applicable,Clear,NH,Near Singasandar  keys Hotel,5kms,12.88469,77.64274
Bengaluru City,Electronic City Traffic PS,1.04432e+16,2017,1,2,Not Applicable,Narrow road,City/Town,Open area,Human Error,No,Grievous Injury,Others,Uncontrolled,Not Applicable,Others,Bitumen(Tar),Dry,Not Applicable,Clear,Elivated Fly over,Near Infosys company,2kms,12.8481,77.67251
Bengaluru City,Electronic City Traffic PS,1.04432e+16,2017,1,1,Road Accidents,Circle,City/Town,Narrow bridge or culverts,Human Error,Yes,Fatal,Hit and Run,Controlled,Others,NH,Bitumen(Tar),Dry,Construction Work / Material,Clear,BEGURU HOBLI,BEGURE HOBLI,3KM,12.87957,77.64583
Bengaluru City,Electronic City Traffic PS,1.04432e+16,2017,1,2,Road Accidents,Narrow road,City/Town,Open area,Vehicle Defect,Not Applicable,Grievous Injury,Others,Uncontrolled,Others,NH,Bitumen(Tar),Dry,Not Applicable,Clear,"NH-7, Towards Bangalore Main Road,",Near Hosa Road Signal,5kms,12.86969,77.65341
Bengaluru City,Electronic City Traffic PS,1.04432e+16,2017,1,2,Road Accidents,Narrow road,City/Town,Open area,Human Error,Yes,Grievous Injury,Rear end,Uncontrolled,Not Applicable,NH,Bitumen(Tar),Dry,Not Applicable,Clear,Bangalore  City Main Road,Near Chikka beguru Gate,7kms,12.88706,77.6411
Bengaluru City,Electronic City Traffic PS,1.04432e+16,2017,1,1,Road Accidents,Narrow road,City/Town,Open area,Human Error,No,Grievous Injury,Hit pedestrian,Controlled,Others,NH,Bitumen(Tar),Dry,Not Applicable,Clear,Hosur Main road,Near Hosaroad Junction Naganathapura,4,12.87033,77.65405
Bengaluru City,Electronic City Traffic PS,1.04432e+16,2017,1,2,Road Accidents,Other,City/Town,Open area,Human Error,No,Grievous Injury,Others,Controlled,Others,Others,Bitumen(Tar),Dry,Not Applicable,Clear,Near Xime College,Near Xime College Road,1kms,12.8476,77.67485
Bengaluru City,Electronic City Traffic PS,1.04432e+16,2017,1,2,Road Accidents,Narrow road,City/Town,Open area,Human Error,Yes,Grievous Injury,Others,Not at  Junction,Others,Others,Bitumen(Tar),Dry,Not Applicable,Clear,Electronic City Phase 01,Near Simens Company,1kms,12.84541,77.66111
Bengaluru City,Electronic City Traffic PS,1.04432e+16,2017,1,2,Road Accidents,Narrow road,City/Town,Open area,Human Error,Yes,Grievous Injury,Others,Not Applicable,Not Applicable,Others,Bitumen(Tar),Dry,Not Applicable,Clear,Crown Plza  Road,Ramakrishna hospital,2kms,12.85495,77.66736
Bengaluru City,Electronic City Traffic PS,1.04432e+16,2017,1,3,Road Accidents,Narrow road,City/Town,Open area,Vehicle Defect,Yes,Damage Only,Others,Not Applicable,Others,NH,Bitumen(Tar),Dry,Not Applicable,Clear,Hosuru Road,Hosa Road Signal,4kms,12.8668,77.65674
Bengaluru City,Electronic City Traffic PS,1.04432e+16,2017,1,2,Road Accidents,Narrow road,City/Town,Open area,Human Error,No,Grievous Injury,Others,Not Applicable,Others,NH,Bitumen(Tar),Dry,Not Applicable,Clear,Hosuru Road,Hosa Road Junction,4kms,12.86972,77.65336
Bengaluru City,Electronic City Traffic PS,1.04432e+16,2017,1,1,Road Accidents,Narrow road,City/Town,Open area,Human Error,No,Grievous Injury,Rear end,Not Applicable,Others,NH,Bitumen(Tar),Dry,Not Applicable,Clear,Hosuru Service Road,PES College,3kms,12.85895,77.66228
Bengaluru City,Electronic City Traffic PS,1.04432e+16,2017,1,2,Road Accidents,Narrow road,City/Town,Open area,Human Error,No,Grievous Injury,Others,Not Applicable,Others,NH,Bitumen(Tar),Dry,Not Applicable,Clear,Hosuru Road,Below Connectng Flyover,2kms,12.84382,77.67428
Bengaluru City,Electronic City Traffic PS,1.04432e+16,2018,1,2,Road Accidents,Narrow road,City/Town,Open area,Human Error,Yes,Grievous Injury,Rear end,Not Applicable,Others,Others,Bitumen(Tar),Dry,Not Applicable,Clear,Nice Road,Nera Electonic City Toll,3kms,12.85816,77.65879
Bengaluru City,Electronic City Traffic PS,1.04432e+16,2018,1,2,Road Accidents,Narrow road,City/Town,Open area,Human Error,Yes,Grievous Injury,Head on,Not Applicable,Others,Expressway,Bitumen(Tar),Dry,Not Applicable,Clear,Nice Road,Nice Electronic City Toll,2kms,12.83917,77.65886
Bengaluru City,Electronic City Traffic PS,1.04432e+16,2018,1,2,Road Accidents,Narrow road,City/Town,Open area,Human Error,No,Damage Only,Rear end,Controlled,Others,NH,Bitumen(Tar),Dry,Not Applicable,Clear,Elevated Flyover Road,Near Electronic City Toll,1kms,12.502051,77.382552
Bengaluru City,Electronic City Traffic PS,1.04432e+16,2018,1,2,Road Accidents,Narrow road,City/Town,Open area,Human Error,No,Grievous Injury,Others,Stop sign,Others,Others,Bitumen(Tar),Dry,Not Applicable,Clear,Infront Of Apollo Clinic,Electronic City Phase 01,100 km,12.84004,77.66147
Bengaluru City,Electronic City Traffic PS,1.04432e+16,2018,1,1,Road Accidents,Narrow road,City/Town,Open area,Human Error,Not Applicable,Grievous Injury,Hit pedestrian,Not Applicable,Others,NH,Bitumen(Tar),Dry,Not Applicable,Clear,Hosuru Road,Spring Hospital,3KMS,12.85335,77.66665
Bengaluru City,Electronic City Traffic PS,1.04432e+16,2018,1,2,Road Accidents,Narrow road,City/Town,Open area,Human Error,Yes,Fatal,Others,Controlled,Others,Others,Bitumen(Tar),Dry,Not Applicable,Clear,Hosur Road,Konappana Agrahara,4kms,12.505254,77.382552
Bengaluru City,Electronic City Traffic PS,1.04432e+16,2018,1,2,Road Accidents,Narrow road,City/Town,Open area,Human Error,Yes,Grievous Injury,Head on,Controlled,Others,NH,Bitumen(Tar),Dry,Not Applicable,Clear,Hosur Main road,Near Konappana Agrahara Junction,4kms,0.0,0.0
Bengaluru City,Electronic City Traffic PS,1.04432e+16,2018,1,3,Road Accidents,Narrow road,City/Town,Open area,Human Error,Yes,Grievous Injury,Rear end,Controlled,Others,Expressway,Bitumen(Tar),Dry,Not Applicable,Clear,Nice Road,Near Basapura Bridge,2kms,12.86332,77.64673
Bengaluru City,Electronic City Traffic PS,1.04432e+16,2018,1,1,Road Accidents,Other,City/Town,Near School or College,Human Error,Yes,Grievous Injury,Hit pedestrian,No signal lights,Not Applicable,City or Town Road,Bitumen(Tar),Dry,Not Applicable,Clear,somasundrapaly road,Near sairam school,9,12.89863,77.65127
Bengaluru City,Electronic City Traffic PS,1.04432e+16,2018,1,2,Road Accidents,Narrow road,City/Town,Near a factory industrial area,Human Error,Not Applicable,Grievous Injury,Not Applicable,Not Applicable,Not Applicable,NH,Bitumen(Tar),Dry,Not Applicable,Clear,Electronic city toll,Electronic city toll near d mart,2 kms,12.84347,77.67439
Bengaluru City,Electronic City Traffic PS,1.04432e+16,2018,1,1,Road Accidents,Narrow road,City/Town,Open area,Human Error,No,Grievous Injury,Hit pedestrian,Not Applicable,Others,NH,Bitumen(Tar),Dry,Not Applicable,Clear,Hosur-Bangalore Road Service Road,Near Hosa Road Shanimahathmaswamy temple,5kms,12.86994,77.65312
Bengaluru City,Electronic City Traffic PS,1.04432e+16,2018,1,1,Road Accidents,Narrow road,City/Town,Open area,Human Error,Yes,Grievous Injury,Hit pedestrian,Controlled,Others,Others,Bitumen(Tar),Dry,Not Applicable,Clear,Dodda Thoguru Main Road,Near S V Store  Dodda Thoguru,1kms,12.85081,77.65395
Bengaluru City,Electronic City Traffic PS,1.04432e+16,2018,1,1,Road Accidents,Narrow road,City/Town,Open area,Human Error,No,Grievous Injury,Overturning,Controlled,Others,Others,Bitumen(Tar),Dry,Not Applicable,Clear,Symboisis College  Cross Road,Happiest Mind,1kms,12.84251,77.6692
Bengaluru City,Electronic City Traffic PS,1.04432e+16,2018,1,2,Road Accidents,Narrow road,City/Town,Open area,Vehicle Defect,Yes,Damage Only,Rear end,Not Applicable,Others,NH,Bitumen(Tar),Dry,Not Applicable,Clear,Hosuru Road,konappana agrahara Signal,4kms,12.8549,77.66793
Bengaluru City,Electronic City Traffic PS,1.04432e+16,2018,1,1,Road Accidents,Narrow road,City/Town,Open area,Human Error,Yes,Fatal,Others,Controlled,Others,Others,Bitumen(Tar),Dry,Not Applicable,Clear,Kudlu Main road,Near Shashi Garments,7kms,12.89035,77.64316
Bengaluru City,Electronic City Traffic PS,1.04432e+16,2018,1,2,Road Accidents,Narrow road,City/Town,Open area,Vehicle Defect,No,Damage Only,Rear end,Controlled,Others,NH,Bitumen(Tar),Dry,Not Applicable,Clear,Hosuru Main Road,Hosa Road Signal,4kms,12.87031,77.65384
Bengaluru City,Electronic City Traffic PS,1.04432e+16,2018,1,2,Road Accidents,Narrow road,City/Town,Open area,Human Error,Yes,Damage Only,Others,Controlled,Others,NH,Bitumen(Tar),Dry,Not Applicable,Clear,Hosuru  Main Road,Near Hosa Road Bus Stand,4kms,12.87064,77.65287
Bengaluru City,Electronic City Traffic PS,1.04432e+16,2018,1,2,Road Accidents,Other,City/Town,Open area,Human Error,No,Fatal,Rear end,Controlled,Others,NH,Bitumen(Tar),Dry,Not Applicable,Clear,Elevated Flyover road,Near Singasandra HdFC Bank,3kms,12.8728,77.65115
Bengaluru City,Electronic City Traffic PS,1.04432e+16,2018,1,2,Road Accidents,Narrow road,City/Town,Open area,Human Error,Yes,Fatal,Others,Controlled,Others,Expressway,Bitumen(Tar),Dry,Not Applicable,Clear,Nice Road,Konappana Agrahara Junction,2kms,12.85834,77.664
Bengaluru City,Electronic City Traffic PS,1.04432e+16,2018,1,1,Road Accidents,Narrow road,City/Town,Near Bus stop,Human Error,No,Simple Injury,Hit pedestrian,No signal lights,Not Applicable,NH,Bitumen(Tar),Dry,Not Applicable,Clear,Nh-07 Hosuru Main Road,Near Naganathpur jun,5 kms,0.0,0.0
Bengaluru City,Electronic City Traffic PS,1.04432e+16,2018,1,1,Road Accidents,Cross roads,City/Town,Open area,Human Error,Yes,Fatal,Hit pedestrian,Not Applicable,Others,NH,Bitumen(Tar),Dry,Not Applicable,Clear,Hosuru Main Road,Naganathapura Junction,3kms,12.869855,77.6534388
Bengaluru City,Electronic City Traffic PS,1.04432e+16,2018,1,1,Road Accidents,Narrow road,City/Town,Open area,Human Error,No,Grievous Injury,Others,Controlled,Others,NH,Bitumen(Tar),Dry,Not Applicable,Clear,Hosur Main Road,Near Electronic Ciity Toll Plaza,1.5,12.84314,77.67465
Bengaluru City,Electronic City Traffic PS,1.04432e+16,2018,1,4,Road Accidents,Other,City/Town,Open area,Human Error,Yes,Damage Only,Others,Controlled,Others,Others,Bitumen(Tar),Dry,Not Applicable,Clear,Behind Dakshina Honda Show Room,AECS Layout,6kms,12.88498,77.64336
Bengaluru City,Electronic City Traffic PS,1.04432e+16,2018,1,1,Road Accidents,Narrow road,City/Town,Open area,Human Error,Yes,Fatal,Hit pedestrian,Not at  Junction,Others,NH,Bitumen(Tar),Dry,Not Applicable,Clear,Hosuru Main Road,Near Thimmareddy School,5kms,12.87016,77.65348
Bengaluru City,Electronic City Traffic PS,1.04432e+16,2018,1,1,Road Accidents,Other,City/Town,Open area,Human Error,Yes,Grievous Injury,Hit pedestrian,Controlled,Others,Others,Bitumen(Tar),Dry,Not Applicable,Clear,Neeladri Road,Near Concord Apts,2 KMS,12.84082,77.65205
Bengaluru City,Electronic City Traffic PS,1.04432e+16,2018,1,2,Road Accidents,Narrow road,City/Town,Open area,Human Error,No,Fatal,Rear end,Controlled,Others,NH,Bitumen(Tar),Dry,Not Applicable,Clear,Hosur Main road,Near Konappana Agrahara,2kms,12.85678,77.66355
Bengaluru City,Electronic City Traffic PS,1.04432e+16,2018,1,3,Road Accidents,Narrow road,City/Town,Open area,Human Error,No,Damage Only,Rear end,Controlled,Others,NH,Bitumen(Tar),Dry,Not Applicable,Clear,Elevated Fly Over,ELECTRONIC CITY,1kms,12.84874,77.67027
Bengaluru City,Electronic City Traffic PS,1.04432e+16,2018,1,2,Road Accidents,Not Applicable,City/Town,Open area,Human Error,Yes,Grievous Injury,Hit and Run,No signal lights,Not Applicable,NH,Bitumen(Tar),Dry,Not Applicable,Fine,Hosur road,Near D Mart,1,12.8431,77.67422
Bengaluru City,Electronic City Traffic PS,1.04432e+16,2018,1,2,Road Accidents,T Junction,City/Town,Near a factory industrial area,Human Error,Not Applicable,Grievous Injury,Right Turn Collision,No signal lights,Others,City or Town Road,Bitumen(Tar),Not Applicable,Not Applicable,Clear,Electronic city Main road,Near SBi Bank,1 KM,12.84539,77.66562
Bengaluru City,Electronic City Traffic PS,1.04432e+16,2018,1,1,Road Accidents,Narrow road,City/Town,Open area,Human Error,Yes,Grievous Injury,Hit pedestrian,Uncontrolled,Others,NH,Bitumen(Tar),Dry,Not Applicable,Clear,Hosur Main road,Near Hosaroad Junction,4kms,12.87003,77.65306
Bengaluru City,Electronic City Traffic PS,1.04432e+16,2018,1,1,Road Accidents,Narrow road,City/Town,Open area,Human Error,Yes,Grievous Injury,Others,Controlled,Others,NH,Bitumen(Tar),Dry,Not Applicable,Clear,Elevated Fly over road,Near Konappana Agrahara,2kms,12.85589,77.66461
Bengaluru City,Electronic City Traffic PS,1.04432e+16,2018,1,2,Road Accidents,Cross roads,City/Town,Open area,Human Error,No,Grievous Injury,Others,Controlled,Others,Others,Bitumen(Tar),Dry,Not Applicable,Clear,Nice Road,Near Basapura Bridge  Infront Of Priya,5kms,12.86146,77.64837
Bengaluru City,Electronic City Traffic PS,1.04432e+16,2018,1,2,Road Accidents,Narrow road,City/Town,Open area,Human Error,No,Grievous Injury,Overturning,Controlled,Others,NH,Bitumen(Tar),Dry,Not Applicable,Clear,Hosru Main Road,K Mohan Garments,2kms,12.84012,77.67712
Bengaluru City,Electronic City Traffic PS,1.04432e+16,2018,1,2,Road Accidents,Other,City/Town,Open area,Human Error,No,Grievous Injury,Rear end,Controlled,Others,Others,Bitumen(Tar),Dry,Not Applicable,Clear,Police station road,Near KSSIDC complex gate,200kms,12.83759,77.66126