DISTRICTNAME,UNITNAME,Crime_No,Year,RI,Noofvehicle_involved,Accident_Classification,Accident_Spot,Accident_Location,Accident_SubLocation,Main_Cause,Hit_Run,Severity,Collision_Type,Junction_Control,Road_Character,Road_Type,Surface_Type,Surface_Condition,Road_Condition,Weather,Accident_Road,Landmark_first,Distance_LandMark_First,Latitude,Longitude
Bengaluru City,Electronic City Traffic PS,1.04432e+16,2018,1,1,Road Accidents,Narrow road,City/Town,Open area,Human Error,Yes,Grievous Injury,Rear end,Controlled,Others,NH,Bitumen(Tar),Dry,Not Applicable,Clear,Elevated Flyover,Near Hosa Road,5kms,12.86095,77.66041
Bengaluru City,Electronic City Traffic PS,1.04432e+16,2018,1,1,Road Accidents,Narrow road,City/Town,Open area,Human Error,Yes,Simple Injury,Rear end,Controlled,Others,Expressway,Bitumen(Tar),Dry,Not Applicable,Clear,Nice Road,Near Basapura Bridge,9kms,12.86237,77.64819
Bengaluru City,Electronic City Traffic PS,1.04432e+16,2018,1,1,Road Accidents,Other,City/Town,At pedestrian Crossing,Human Error,Yes,Grievous Injury,Hit pedestrian,Controlled,Not Applicable,Others,Bitumen(Tar),Dry,Not Applicable,Clear,Hosur road Service road,Near Petrol Bunk,2kms,12.8394,77.67763
Bengaluru City,Electronic City Traffic PS,1.04432e+16,2018,1,2,Road Accidents,Narrow road,City/Town,Open area,Human Error,Yes,Grievous Injury,Rear end,Controlled,Others,Others,Bitumen(Tar),Dry,Not Applicable,Clear,Hosa Palya Road,Near Hosapalya Forest Office,4kms,12.511455,77.391042
Bengaluru City,Electronic City Traffic PS,1.04432e+16,2018,1,1,Road Accidents,Other,City/Town,Open area,Human Error,Yes,Grievous Injury,Hit pedestrian,Controlled,Others,NH,Bitumen(Tar),Dry,Not Applicable,Clear,Near Service Road,Chennkeshva Nagara  Govt School,3kms,12.87269,77.65136
Bengaluru City,Electronic City Traffic PS,1.04432e+16,2018,1,2,Road Accidents,Narrow road,City/Town,Open area,Human Error,Yes,Fatal,Rear end,Controlled,Others,NH,Bitumen(Tar),Dry,Not Applicable,Clear,Hosur Main road,Near Veerasandra Junction,2kms,12.84235,77.67513
Bengaluru City,Electronic City Traffic PS,1.04432e+16,2018,1,2,Road Accidents,Narrow road,City/Town,Open area,Human Error,No,Grievous Injury,Others,Controlled,Others,Expressway,Bitumen(Tar),Flooded,Not Applicable,Clear,Flyover Road,Naer Metro Wholesale,3kms,12.85951,77.66038
Bengaluru City,Electronic City Traffic PS,1.04432e+16,2018,1,1,Road Accidents,Narrow road,City/Town,Open area,Human Error,Yes,Grievous Injury,Hit pedestrian,Controlled,Others,Others,Bitumen(Tar),Dry,Not Applicable,Clear,Kudlu Villege Road,Infront Of G K Apartment,54kms,12.504904,77.38436
Bengaluru City,Electronic City Traffic PS,1.04432e+16,2018,1,2,Road Accidents,Other,City/Town,Open area,Human Error,No,Grievous Injury,Rear end,Controlled,Others,Expressway,Bitumen(Tar),Dry,Not Applicable,Clear,Nice Road,Beguru Koppa Bridge,5kms,12.86679,77.63133
Bengaluru City,Electronic City Traffic PS,1.04432e+16,2018,1,1,Road Accidents,Other,City/Town,Open area,Human Error,Yes,Fatal,Others,Controlled,Others,NH,Bitumen(Tar),Dry,Not Applicable,Clear,Elevated Flyover Road,Near Electronic City Phase 1 Turning,1kms,12.84686,77.67028
Bengaluru City,Electronic City Traffic PS,1.04432e+16,2018,1,2,Road Accidents,Other,City/Town,Open area,Human Error,Yes,Fatal,Rear end,Uncontrolled,Others,Others,Bitumen(Tar),Dry,Not Applicable,Clear,Electronic City Phase 2,Near Lake,1.5 Km,12.84587,77.67285
Bengaluru City,Electronic City Traffic PS,1.04432e+16,2018,1,2,Road Accidents,Narrow road,City/Town,Open area,Vehicle Defect,Yes,Damage Only,Rear end,Controlled,Others,NH,Bitumen(Tar),Dry,Not Applicable,Clear,Veerasandra Road,Veerasandara Junction,2kms,12.83725,77.67714
Bengaluru City,Electronic City Traffic PS,1.04432e+16,2018,1,2,Road Accidents,Curves,City/Town,Open area,Human Error,No,Grievous Injury,Others,Controlled,Others,Others,Bitumen(Tar),Dry,Not Applicable,Clear,Hosuru  Main Road,3kms,3kms,12.8656,77.65667
Bengaluru City,Electronic City Traffic PS,1.04432e+16,2018,1,2,Road Accidents,Narrow road,Villages settlement,Near Petrol Pump,Human Error,No,Grievous Injury,Head on,Not Applicable,Not Applicable,City or Town Road,Bitumen(Tar),Dry,Not Applicable,Clear,raysandra road,open area,7 kms,12.87666,77.67651
Bengaluru City,Electronic City Traffic PS,1.04432e+16,2018,1,2,Road Accidents,Narrow road,City/Town,Near School or College,Human Error,No,Fatal,Others,Not Applicable,Others,NH,Bitumen(Tar),Dry,Not Applicable,Clear,Nh-07 Hosuru Main Road,PES College U Turn,2kms,12.94149,77.55208
Bengaluru City,Electronic City Traffic PS,1.04432e+16,2018,1,2,Road Accidents,Narrow road,City/Town,Open area,Human Error,No,Damage Only,Head on,Controlled,Others,NH,Bitumen(Tar),Dry,Not Applicable,Clear,Hosuru Main Road,Electronic City Gate 01,2kms,12.84757,77.67117
Bengaluru City,Electronic City Traffic PS,1.04432e+16,2018,1,2,Road Accidents,Other,City/Town,Open area,Human Error,Yes,Grievous Injury,Others,Not Applicable,Others,Others,Bitumen(Tar),Dry,Not Applicable,Clear,"Parappana Agrahara Kudlu road,",Near Barial Ground,3kms,12.87741,77.65482
Bengaluru City,Electronic City Traffic PS,1.04432e+16,2018,1,2,Road Accidents,Narrow road,City/Town,Open area,Human Error,No,Grievous Injury,Others,Controlled,Others,Expressway,Bitumen(Tar),Dry,Not Applicable,Clear,Nice road,Vittasandra,4kms,12.86682,77.63436
Bengaluru City,Electronic City Traffic PS,1.04432e+16,2018,1,1,Road Accidents,Cross roads,City/Town,Open area,Human Error,Yes,Grievous Injury,Hit pedestrian,Controlled,Others,Others,Bitumen(Tar),Dry,Not Applicable,Clear,Hosur Main road,AECS Layout Singasandra,5kms,12.88055,77.64571
Bengaluru City,Electronic City Traffic PS,1.04432e+16,2018,1,2,Road Accidents,Narrow road,City/Town,Open area,Human Error,No,Grievous Injury,Rear end,Controlled,Curve,Others,Bitumen(Tar),Dry,Not Applicable,Clear,Nice Road,Near Basapura Bridge,6kms,12.86188,77.64952
Bengaluru City,Electronic City Traffic PS,1.04432e+16,2018,1,2,Road Accidents,Narrow road,City/Town,Open area,Human Error,No,Fatal,Hit pedestrian,Controlled,Others,NH,Bitumen(Tar),Dry,Not Applicable,Clear,Hosuru Main Road,Electronic City Bus Stop,1kms,12.8475,77.67117
Bengaluru City,Electronic City Traffic PS,1.04432e+16,2018,1,2,Road Accidents,Narrow road,City/Town,Open area,Human Error,Not Applicable,Damage Only,Rear end,Controlled,Others,Others,Bitumen(Tar),Dry,Not Applicable,Clear,Elevated Flyover road,Near Lavakusha Building,2kms,12.86493,77.65733
Bengaluru City,Electronic City Traffic PS,1.04432e+16,2018,1,1,Road Accidents,Narrow road,City/Town,Open area,Human Error,Yes,Grievous Injury,Hit pedestrian,Controlled,Others,NH,Bitumen(Tar),Dry,Not Applicable,Clear,Hosuru Main Roa,Electronic City  BMTC Bus Depo,1kms,12.846,77.67188
Bengaluru City,Electronic City Traffic PS,1.04432e+16,2018,1,1,Road Accidents,Other,City/Town,Near Hospital,Human Error,Yes,Simple Injury,Hit pedestrian,No signal lights,Not Applicable,City or Town Road,Bitumen(Tar),Dry,Not Applicable,Clear,somasundarpaly 2nd cross,Near somasundarpaly lake,9,12.8989,77.65121
Bengaluru City,Electronic City Traffic PS,1.04432e+16,2018,1,2,Road Accidents,Narrow road,City/Town,Open area,Human Error,No,Grievous Injury,Others,Not at  Junction,Others,NH,Bitumen(Tar),Dry,Not Applicable,Clear,Hosuru Service Road,Near Shankar Pipes,2kms,12.84006,77.67713
Bengaluru City,Electronic City Traffic PS,1.04432e+16,2018,1,2,Road Accidents,Narrow road,City/Town,Open area,Human Error,No,Damage Only,Others,Not Applicable,Others,Others,Bitumen(Tar),Others,Not Applicable,Clear,Neeladri Road,Near SNN Apartment,1.5kms,12.84298,77.64422
Bengaluru City,Electronic City Traffic PS,1.04432e+16,2018,1,2,Road Accidents,Narrow road,City/Town,Open area,Human Error,No,Simple Injury,Rear end,Not Applicable,Others,NH,Bitumen(Tar),Dry,Not Applicable,Clear,Hosuru Road,Near Chaverlet Show Room,5kms,12.87056,77.65576
Bengaluru City,Electronic City Traffic PS,1.04432e+16,2018,1,2,Road Accidents,Narrow road,City/Town,Open area,Human Error,No,Damage Only,Rear end,Not Applicable,Others,NH,Bitumen(Tar),Dry,Not Applicable,Clear,Hosur Main road,Near Veerasandra Signal,2kms,12.84015,77.67691
Bengaluru City,Electronic City Traffic PS,1.04432e+16,2018,1,2,Road Accidents,Narrow road,City/Town,Open area,Human Error,Yes,Grievous Injury,Head on,Controlled,Others,Others,Bitumen(Tar),Dry,Not Applicable,Clear,Silver County Road,Just Before Cambridge School,5kms,12.89074,77.66822
Bengaluru City,Electronic City Traffic PS,1.04432e+16,2018,1,2,Road Accidents,Narrow road,City/Town,Open area,Human Error,No,Damage Only,Others,Controlled,Others,Others,Bitumen(Tar),Dry,Not Applicable,Clear,Neeladri  Nagara,Near Andra Mess Hotel,2kms,12.50588,77.384881
Bengaluru City,Electronic City Traffic PS,1.04432e+16,2018,1,2,Road Accidents,Narrow road,City/Town,Open area,Human Error,No,Grievous Injury,Others,Controlled,Others,Others,Bitumen(Tar),Dry,Not Applicable,Clear,Rayasandra Road,Rayasandra Lake,7kms,12.85966,77.67731
Bengaluru City,Electronic City Traffic PS,1.04432e+16,2018,1,1,Road Accidents,Narrow road,City/Town,Open area,Human Error,No,Grievous Injury,Hit pedestrian,Controlled,Others,NH,Bitumen(Tar),Dry,Not Applicable,Clear,Hosur road Service road,Near Sri VenkateswaraTheatre,3kms,12.85589,77.66474
Bengaluru City,Electronic City Traffic PS,1.04432e+16,2018,1,1,Road Accidents,Narrow road,City/Town,Open area,Human Error,Yes,Grievous Injury,Hit pedestrian,Controlled,Others,Others,Bitumen(Tar),Dry,Not Applicable,Clear,Near Infosys Bus Stop,Electronic City Phase 1,1kms,12.84541,77.66558
Bengaluru City,Electronic City Traffic PS,1.04432e+16,2018,1,1,Road Accidents,Other,City/Town,Open area,Human Error,Yes,Grievous Injury,Hit pedestrian,Controlled,Others,Others,Bitumen(Tar),Dry,Not Applicable,Clear,M J nagara,M J Apartment,5 kms,12.511424,77.391042
Bengaluru City,Electronic City Traffic PS,1.04432e+16,2018,1,2,Road Accidents,Other,City/Town,Open area,Human Error,Not Applicable,Grievous Injury,Rear end,Controlled,Others,NH,Bitumen(Tar),Dry,Not Applicable,Clear,Veerasandra Signal,Infront of petrol Bunk,2kms,12.85589,77.65761
Bengaluru City,Electronic City Traffic PS,1.04432e+16,2018,1,1,Road Accidents,Narrow road,City/Town,Open area,Human Error,Yes,Grievous Injury,Rear end,Controlled,Others,Others,Bitumen(Tar),Dry,Not Applicable,Clear,Hosuru Main Road,Infront Of D mart,2kms,12.87594,77.54444
Bengaluru City,Electronic City Traffic PS,1.04432e+16,2018,1,2,Road Accidents,Narrow road,City/Town,Open area,Human Error,Yes,Grievous Injury,Hit pedestrian,Controlled,Others,NH,Bitumen(Tar),Dry,Not Applicable,Clear,Hosa Road,Infront Of Bosch Company,4kms,12.505383,77.391041
Bengaluru City,Electronic City Traffic PS,1.04432e+16,2018,1,2,Road Accidents,Other,City/Town,Open area,Human Error,Yes,Grievous Injury,Rear end,Controlled,Others,NH,Bitumen(Tar),Dry,Not Applicable,Clear,Elevated Flyover Road,Near Infosys Company,1kms,12.85026,7.66635
Bengaluru City,Electronic City Traffic PS,1.04432e+16,2018,1,2,Road Accidents,Narrow road,City/Town,Open area,Human Error,No,Damage Only,Others,Controlled,Others,NH,Bitumen(Tar),Dry,Not Applicable,Clear,Elevated Fly over Road,Near Season Hotel,1.5 Km,12.84733,77.67122
Bengaluru City,Electronic City Traffic PS,1.04432e+16,2018,1,2,Road Accidents,Narrow road,City/Town,Open area,Human Error,Yes,Grievous Injury,Rear end,Controlled,Others,NH,Bitumen(Tar),Dry,Not Applicable,Clear,Hosuru  Main Road,Aboard Build Mart,5kms,0.0,0.0
Bengaluru City,Electronic City Traffic PS,1.04432e+16,2018,1,2,Road Accidents,Narrow road,City/Town,Open area,Human Error,No,Damage Only,Rear end,Not Applicable,Others,Expressway,Bitumen(Tar),Dry,Not Applicable,Clear,Near Nice Road,Nice Road  Road,4kms,12.85816,77.65881
Bengaluru City,Electronic City Traffic PS,1.04432e+16,2018,1,6,Road Accidents,Narrow road,City/Town,Open area,Human Error,Yes,Grievous Injury,Rear end,Controlled,Others,Expressway,Bitumen(Tar),Dry,Not Applicable,Clear,Elevated Flyover road,Below connecting Flyover,2kms,12.844,77.67399
Bengaluru City,Electronic City Traffic PS,1.04432e+16,2018,1,1,Road Accidents,Narrow road,City/Town,Open area,Human Error,No,Fatal,Hit pedestrian,Controlled,Others,NH,Bitumen(Tar),Dry,Not Applicable,Clear,Hosuru Road,Nexa car Service Center,4kms,12.85245,77.65713
Bengaluru City,Electronic City Traffic PS,1.04432e+16,2018,1,1,Road Accidents,Narrow road,City/Town,Open area,Human Error,Yes,Grievous Injury,Hit pedestrian,Controlled,Others,Others,Bitumen(Tar),Dry,Not Applicable,Clear,Wipro company road,Near 3M company,1,12.84348,77.66034
Bengaluru City,Electronic City Traffic PS,1.04432e+16,2018,1,1,Road Accidents,Narrow road,City/Town,Open area,Human Error,Yes,Simple Injury,Others,Controlled,Others,Others,Bitumen(Tar),Dry,Not Applicable,Clear,Mangammanapalya Road,Near Indira Canteen,8kms,12.90237,77.63094
Bengaluru City,Electronic City Traffic PS,1.04432e+16,2018,1,3,Road Accidents,Other,City/Town,Open area,Vehicle Defect,Yes,Damage Only,Rear end,Controlled,Others,NH,Bitumen(Tar),Others,Not Applicable,Clear,Hosur Road,Near Veerasandar Junction,2ksm,12.83983,77.67713
Bengaluru City,Electronic City Traffic PS,1.04432e+16,2018,1,2,Road Accidents,Narrow road,City/Town,Open area,Human Error,Yes,Grievous Injury,Others,Controlled,Others,NH,Bitumen(Tar),Dry,Not Applicable,Clear,Towards Konappana Agrahara,Spring Leaf  Hospital,4kms,12.511424,77.391042
Bengaluru City,Electronic City Traffic PS,1.04432e+16,2018,1,2,Road Accidents,Narrow road,City/Town,Open area,Human Error,Yes,Grievous Injury,Rear end,Controlled,Others,NH,Bitumen(Tar),Dry,Not Applicable,Clear,Hosur Main road,Near Veerasandra Junction,2kms,0.0,0.0
Bengaluru City,Electronic City Traffic PS,1.04432e+16,2018,1,1,Road Accidents,Narrow road,City/Town,Open area,Human Error,Yes,Grievous Injury,Hit pedestrian,Not Applicable,Others,NH,Bitumen(Tar),Dry,Not Applicable,Clear,Hosur Main road,Near Spring Leaf Hospital,2kms,12.85236,77.6674
Bengaluru City,Electronic City Traffic PS,1.04432e+16,2018,1,1,Road Accidents,Cross roads,City/Town,At pedestrian Crossing,Human Error,Yes,Grievous Injury,Hit pedestrian,Controlled,Others,Expressway,Bitumen(Tar),Dry,Not Applicable,Clear,"Nice road,",Near Electronic city Toll,2kms,12.85836,77.65809
Bengaluru City,Electronic City Traffic PS,1.04432e+16,2018,1,3,Road Accidents,Other,City/Town,Open area,Human Error,No,Grievous Injury,Rear end,Controlled,Others,NH,Bitumen(Tar),Dry,Not Applicable,Clear,Elevated Fly Over Road,Above Konappan agrhara,2kms,12.85571,77.66457
Bengaluru City,Electronic City Traffic PS,1.04432e+16,2018,1,1,Road Accidents,Narrow road,City/Town,Open area,Human Error,Yes,Fatal,Hit pedestrian,Controlled,Curve,Others,Bitumen(Tar),Dry,Not Applicable,Clear,Bangalore  City Main Road,Near Maruthi Nexa Show Room,4kms,12.86141,77.65995
Bengaluru City,Electronic City Traffic PS,1.04432e+16,2018,1,2,Road Accidents,Narrow road,City/Town,Open area,Human Error,Yes,Simple Injury,Rear end,Controlled,Others,NH,Bitumen(Tar),Dry,Not Applicable,Clear,Hosur road Service road,Near Navami Funiq Apts,3kms,12.8696,77.65377
Bengaluru City,Electronic City Traffic PS,1.04432e+16,2018,1,1,Road Accidents,Narrow road,City/Town,Open area,Human Error,Yes,Grievous Injury,Hit pedestrian,Controlled,Others,Others,Bitumen(Tar),Dry,Not Applicable,Clear,Hosur Main road,near PES college,2kms,12.8549,77.66793
Bengaluru City,Electronic City Traffic PS,1.04432e+16,2018,1,2,Road Accidents,Other,City/Town,Open area,Human Error,Yes,Grievous Injury,Others,Uncontrolled,Others,Others,Bitumen(Tar),Others,Not Applicable,Clear,Hosur Main road,Near NTTF college,1.5Kms,12.84765,77.67074
Bengaluru City,Electronic City Traffic PS,1.04432e+16,2018,1,1,Road Accidents,Narrow road,City/Town,Near a factory industrial area,Human Error,Not Applicable,Simple Injury,Head on,Not Applicable,Not Applicable,Expressway,Bitumen(Tar),Dry,Not Applicable,Clear,Hosur Main road,electronic city toll,2,12.84593,77.67252
Bengaluru City,Electronic City Traffic PS,1.04432e+16,2018,1,2,Road Accidents,Other,Not Applicable,Open area,Human Error,No,Simple Injury,Others,No signal lights,Not Applicable,Expressway,Bitumen(Tar),Dry,Not Applicable,Clear,Nice Road,near begur lake,5 kms,12.86648,77.63051
Bengaluru City,Electronic City Traffic PS,1.04432e+16,2018,1,1,Road Accidents,Narrow road,City/Town,Open area,Human Error,Yes,Grievous Injury,Hit pedal cyclist,Uncontrolled,Others,NH,Bitumen(Tar),Dry,Not Applicable,Clear,Hosa Road Service Road,Near Bus Stop,1.5kms,12.84854,77.67052
Bengaluru City,Electronic City Traffic PS,1.04432e+16,2018,1,2,Road Accidents,Narrow road,City/Town,Open area,Human Error,No,Grievous Injury,Others,Controlled,Others,NH,Bitumen(Tar),Dry,Not Applicable,Clear,Hosuru  Main Road,Piller No 143,4kms,12.504276,77.382778
Bengaluru City,Electronic City Traffic PS,1.04432e+16,2018,1,2,Rail Road Accidents,Narrow road,City/Town,Open area,Human Error,No,Grievous Injury,Rear end,Controlled,Not Applicable,Expressway,Bitumen(Tar),Dry,Not Applicable,Clear,Nice Road,NICE TOll,3kms,12.8587,77.65755
Bengaluru City,Electronic City Traffic PS,1.04432e+16,2018,1,2,Road Accidents,Narrow road,City/Town,Open area,Human Error,Yes,Grievous Injury,Rear end,Controlled,Others,Expressway,Bitumen(Tar),Dry,Not Applicable,Clear,Elevated Fly Over Road,Near Konappana Agrahara,2kms,12.85603,77.66426
Bengaluru City,Electronic City Traffic PS,1.04432e+16,2018,1,2,Road Accidents,Narrow road,City/Town,Open area,Human Error,No,Grievous Injury,Others,Controlled,Curve,NH,Bitumen(Tar),Dry,Not Applicable,Clear,Hosur Main road,Near Konappana Agrahara Junction,2kms,12.85501,77.66577
Bengaluru City,Electronic City Traffic PS,1.04432e+16,2018,1,3,Road Accidents,Narrow road,City/Town,Open area,Human Error,No,Simple Injury,Rear end,Controlled,Others,NH,Bitumen(Tar),Dry,Not Applicable,Clear,Elevated fly over road,Near Phase  2 Toll,2kms,12.84662,77.67255
Bengaluru City,Electronic City Traffic PS,1.04432e+16,2018,1,2,Road Accidents,Narrow road,City/Town,Open area,Human Error,No,Grievous Injury,Rear end,Controlled,Others,NH,Bitumen(Tar),Dry,Not Applicable,Clear,Hosuru Main Road,Near Konappana Agrahara Signal,4kms,12.85595,77.66034
Bengaluru City,Electronic City Traffic PS,1.04432e+16,2018,1,1,Road Accidents,Narrow road,City/Town,Open area,Human Error,Yes,Grievous Injury,Hit pedestrian,Controlled,Others,NH,Bitumen(Tar),Dry,Not Applicable,Clear,Nh-07 Hosuru Main Road,Near Hosa Road  Juncation,5kms,12.87064,77.65287
Bengaluru City,Electronic City Traffic PS,1.04432e+16,2018,1,1,Road Accidents,Junction,City/Town,Near Bus stop,Human Error,No,Fatal,Hit pedestrian,Controlled,Others,NH,Bitumen(Tar),Dry,Not Applicable,Clear,HOSURU MAIN ROAD,Naganathapura,4 KM,12.87096,77.65272
Bengaluru City,Electronic City Traffic PS,1.04432e+16,2018,1,1,Road Accidents,Narrow road,City/Town,Open area,Human Error,Yes,Grievous Injury,Others,Controlled,Others,Others,Bitumen(Tar),Dry,Not Applicable,Clear,Velankani  Road  Near Velankani Gate 06,Near Velankani Techpark,2kms,12.85021,77.65771
Bengaluru City,Electronic City Traffic PS,1.04432e+16,2018,1,2,Road Accidents,Curves,City/Town,Open area,Human Error,Yes,Fatal,Head on,Controlled,Curve,Expressway,Bitumen(Tar),Others,Not Applicable,Clear,E city Phase 01 To Phase 02,Connecting Ramp  04 Road,2kms,12.84628653,77.67279291
Bengaluru City,Electronic City Traffic PS,1.04432e+16,2018,1,2,Road Accidents,Narrow road,City/Town,Open area,Human Error,Yes,Fatal,Rear end,Not Applicable,Others,Others,Bitumen(Tar),Dry,Not Applicable,Clear,Rayasandra Road,Near Indian oil Petrol Bunk,5kms,12.877004,77.671593
Bengaluru City,Electronic City Traffic PS,1.04432e+16,2018,1,2,Road Accidents,Narrow road,City/Town,Open area,Human Error,Yes,Grievous Injury,Others,Uncontrolled,Others,Expressway,Bitumen(Tar),Dry,Not Applicable,Clear,Nice Road,Near Begur  Koppa road Fly over,5kms,12.85498,77.60973
Bengaluru City,Electronic City Traffic PS,1.04432e+16,2018,1,1,Road Accidents,Narrow road,City/Town,Open area,Human Error,No,Grievous Injury,Hit pedestrian,Uncontrolled,Others,Others,Bitumen(Tar),Dry,Not Applicable,Clear,Doddathoguru  Road,Near MM School,2kms,12.85458,77.65932
Bengaluru City,Electronic City Traffic PS,1.04432e+16,2018,1,3,Road Accidents,Narrow road,City/Town,Open area,Human Error,Yes,Damage Only,Others,Controlled,Others,Others,Bitumen(Tar),Dry,Not Applicable,Clear,Eleveted Flyover  Road,Hosa Road,5,12.86982,77.65337
Bengaluru City,Electronic City Traffic PS,1.04432e+16,2018,1,2,Road Accidents,Other,City/Town,Open area,Human Error,No,Grievous Injury,Others,Controlled,Others,NH,Bitumen(Tar),Dry,Not Applicable,Clear,Flyover Road,Near Lavakush Nuilding,3kms,12.86746,77.65529
Bengaluru City,Electronic City Traffic PS,1.04432e+16,2018,1,2,Road Accidents,More than four arms,City/Town,Open area,Human Error,Not Applicable,Grievous Injury,Hit parked vehicle,No signal lights,Not Applicable,Expressway,Bitumen(Tar),Dry,Not Applicable,Fine,Nice road,Near Begur lake,4,12.86703,77.63389
Bengaluru City,Electronic City Traffic PS,1.04432e+16,2018,1,1,Road Accidents,Cross roads,City/Town,Open area,Human Error,Yes,Grievous Injury,Hit pedestrian,Controlled,Others,Others,Bitumen(Tar),Dry,Not Applicable,Clear,Bettadasanapura Road,Near St Xavier School,2kms,12.84369,77.63652
Bengaluru City,Electronic City Traffic PS,1.04432e+16,2018,1,2,Road Accidents,Narrow road,City/Town,Open area,Human Error,Yes,Grievous Injury,Others,Controlled,Others,Others,Bitumen(Tar),Dry,Not Applicable,Clear,Beguru Koppa Road,6kms,5kms,12.84224,77.6187
Bengaluru City,Electronic City Traffic PS,1.04432e+16,2018,1,2,Road Accidents,Narrow road,City/Town,Open area,Human Error,No,Damage Only,Rear end,Controlled,Others,Others,Bitumen(Tar),Dry,Not Applicable,Clear,Velankani road,Near Talasary Hotel,2kms,12.85114,77.65764
Bengaluru City,Electronic City Traffic PS,1.04432e+16,2018,1,2,Road Accidents,Narrow road,City/Town,Open area,Human Error,Yes,Fatal,Others,Controlled,Others,Expressway,Bitumen(Tar),Dry,Not Applicable,Clear,Nice Road,Near Begur Koppa road Fly over,3kms,12.86568,77.62888
Bengaluru City,Electronic City Traffic PS,1.04432e+16,2018,1,2,Road Accidents,Narrow road,City/Town,Open area,Human Error,Yes,Grievous Injury,Overturning,Controlled,Others,Others,Bitumen(Tar),Dry,Not Applicable,Clear,Begur Koppa Road,Near Mylasandra Gate Petrol Bunk,5kms,12.84234,77.61857
Bengaluru City,Electronic City Traffic PS,1.04432e+16,2018,1,2,Road Accidents,Other,City/Town,Open area,Human Error,Yes,Grievous Injury,Others,Controlled,Others,Others,Bitumen(Tar),Dry,Not Applicable,Clear,Singasandra Lake Road,Naer Dakshin Honda showroom,5kms,12.88252,77.64493
Bengaluru City,Electronic City Traffic PS,1.04432e+16,2018,1,2,Road Accidents,Narrow road,City/Town,Open area,Vehicle Defect,No,Damage Only,Others,Controlled,Others,Others,Bitumen(Tar),Dry,Not Applicable,Clear,Infosys company road,Near Siemens,1kms,12.84553,77.66193
Bengaluru City,Electronic City Traffic PS,1.04432e+16,2018,1,2,Road Accidents,Narrow road,City/Town,Open area,Vehicle Defect,Yes,Damage Only,Rear end,Not Applicable,Others,Others,Bitumen(Tar),Dry,Not Applicable,Clear,Kudlu Main Road,Near BBMP Office,7km,12.8894,77.64967
Bengaluru City,Electronic City Traffic PS,1.04432e+16,2018,1,2,Road Accidents,Narrow road,City/Town,Open area,Human Error,Yes,Grievous Injury,Rear end,Controlled,Others,NH,Bitumen(Tar),Dry,Not Applicable,Clear,Near Infosys Company,Hosuru Main Road,2kms,12.84049,77.6603
Bengaluru City,Electronic City Traffic PS,1.04432e+16,2018,1,1,Road Accidents,Narrow road,City/Town,Open area,Human Error,No,Grievous Injury,Hit pedestrian,Not Applicable,Others,Others,Bitumen(Tar),Dry,Not Applicable,Clear,Hosuru Service Road,Near Govindhashetty Palya Service Road,3kms,12.85583,77.66471
Bengaluru City,Electronic City Traffic PS,1.04432e+16,2018,1,2,Road Accidents,Narrow road,City/Town,Open area,Human Error,No,Damage Only,Rear end,Signal lights Automatic,Curve,NH,Bitumen(Tar),Dry,Not Applicable,Clear,Hosa Road,Hosa Road Signal,4kms,12.86975,77.6534
Bengaluru City,Electronic City Traffic PS,1.04432e+16,2018,1,2,Road Accidents,Narrow road,City/Town,Open area,Human Error,Yes,Grievous Injury,Others,Not Applicable,Others,Others,Bitumen(Tar),Dry,Not Applicable,Clear,Shantipura road,near Sri Doddamma Temple,1kms,12.84404,77.68785
Bengaluru City,Electronic City Traffic PS,1.04432e+16,2018,1,2,Road Accidents,Narrow road,City/Town,Open area,Human Error,Yes,Grievous Injury,Others,Not Applicable,Others,Others,Bitumen(Tar),Dry,Not Applicable,Clear,Near Nandini Milk Booth,Birla Junction Kudlu Road,9kms,12.89402,77.65697
Bengaluru City,Electronic City Traffic PS,1.04432e+16,2018,1,2,Road Accidents,Narrow road,City/Town,Open area,Human Error,Yes,Grievous Injury,Others,Controlled,Others,Expressway,Bitumen(Tar),Dry,Not Applicable,Clear,Nice Road,Near White Feather,4kms,12.85843,77.65902
Bengaluru City,Electronic City Traffic PS,1.04432e+16,2018,1,2,Road Accidents,Narrow road,City/Town,Open area,Human Error,No,Damage Only,Rear end,Controlled,Others,Expressway,Bitumen(Tar),Dry,Not Applicable,Clear,Hosur Main Road Near,Konappana Agrahara Signal,4kms,12.8549,77.66793