DISTRICTNAME,UNITNAME,Crime_No,Year,RI,Noofvehicle_involved,Accident_Classification,Accident_Spot,Accident_Location,Accident_SubLocation,Main_Cause,Hit_Run,Severity,Collision_Type,Junction_Control,Road_Character,Road_Type,Surface_Type,Surface_Condition,Road_Condition,Weather,Accident_Road,Landmark_first,Distance_LandMark_First,Latitude,Longitude
Bengaluru City,Electronic City Traffic PS,1.04432e+16,2018,1,2,Road Accidents,Other,City/Town,Open area,Human Error,Yes,Fatal,Rear end,Controlled,Others,NH,Bitumen(Tar),Dry,Not Applicable,Clear,Electronic City Phase 1 to Phase 2 connecting road,Phase 01 To Phase 02,2kms,12.84571,77.67302
Bengaluru City,Electronic City Traffic PS,1.04432e+16,2018,1,1,Road Accidents,Narrow road,City/Town,Open area,Human Error,Yes,Grievous Injury,Hit pedestrian,Controlled,Others,Others,Bitumen(Tar),Dry,Not Applicable,Clear,Mangammanapalya Main Road,Mangammanapalya,9kms,12.89451,77.63761
Bengaluru City,Electronic City Traffic PS,1.04432e+16,2018,1,2,Road Accidents,Narrow road,City/Town,Open area,Human Error,No,Damage Only,Head on,Controlled,Curve,NH,Bitumen(Tar),Dry,Not Applicable,Clear,Veerasandra Signal,Hosur Main road,2kms,12.83987,77.67689
Bengaluru City,Electronic City Traffic PS,1.04432e+16,2018,1,1,Road Accidents,Narrow road,City/Town,Open area,Human Error,No,Grievous Injury,Others,Controlled,Others,Others,Bitumen(Tar),Dry,Not Applicable,Clear,Parappana Agrahara road,Near G K Golden city Apts,4kms,12.8868,77.6561
Bengaluru City,Electronic City Traffic PS,1.04432e+16,2018,1,1,Road Accidents,Narrow road,City/Town,Open area,Human Error,No,Grievous Injury,Others,Controlled,Others,Others,Bitumen(Tar),Others,Not Applicable,Clear,Velankani  Road  Near Velankani Gate 06,Teachpark,1kms,12.84969,77.65773
Bengaluru City,Electronic City Traffic PS,1.04432e+16,2018,1,2,Road Accidents,Narrow road,City/Town,Open area,Human Error,No,Grievous Injury,Others,Not Applicable,Others,Others,Bitumen(Tar),Dry,Not Applicable,Clear,Mangammanapalya Road,Near Ujala factory,5kms,12.9013,77.64564
Bengaluru City,Electronic City Traffic PS,1.04432e+16,2018,1,2,Road Accidents,Narrow road,City/Town,Open area,Human Error,Yes,Grievous Injury,Rear end,Controlled,Others,NH,Bitumen(Tar),Dry,Not Applicable,Clear,Hosuru Road,Konappana Agrahara Junction,2kms,12.856,77.66444
Bengaluru City,Electronic City Traffic PS,1.04432e+16,2018,1,2,Road Accidents,Narrow road,City/Town,Open area,Human Error,Yes,Fatal,Head on,Uncontrolled,Others,Expressway,Bitumen(Tar),Dry,Not Applicable,Clear,Nice Road,Beguru Koppa Bridge,5kms,12.85501,77.61004
Bengaluru City,Electronic City Traffic PS,1.04432e+16,2018,1,3,Road Accidents,Other,City/Town,Open area,Human Error,No,Fatal,Head on,Not Applicable,Others,NH,Bitumen(Tar),Dry,Not Applicable,Clear,Hosuru Road,Near White Feather,3kms,12.86003,77.66104
Bengaluru City,Electronic City Traffic PS,1.04432e+16,2018,1,2,Road Accidents,Narrow road,City/Town,Open area,Human Error,Yes,Grievous Injury,Others,Controlled,Others,NH,Bitumen(Tar),Dry,Not Applicable,Clear,Hosur road Service road,Near Nexa Show room,3kms,12.86686,77.65598
Bengaluru City,Electronic City Traffic PS,1.04432e+16,2018,1,2,Road Accidents,Narrow road,City/Town,Open area,Human Error,Yes,Grievous Injury,Others,Controlled,Others,Others,Bitumen(Tar),Dry,Not Applicable,Clear,Rayasandra road,Near Bamboo Forest  Rayasandra,5kms,12.87588,77.67193
Bengaluru City,Electronic City Traffic PS,1.04432e+16,2018,1,2,Road Accidents,Not Applicable,City/Town,Near Bus stop,Human Error,No,Damage Only,Rear end,No signal lights,Not Applicable,NH,Bitumen(Tar),Not Applicable,Not Applicable,Clear,Hosur Main road,Near Biratena Agrahara,3 KMS,12.86182,77.6597
Bengaluru City,Electronic City Traffic PS,1.04432e+16,2018,1,1,Road Accidents,Junction,City/Town,Near Bus stop,Not Applicable,No,Fatal,Hit pedestrian,Controlled,Others,NH,Bitumen(Tar),Dry,Not Applicable,Clear,HHOSURU MAIN ROAD,NH 7,1 KM,12.84756,77.67109
Bengaluru City,Electronic City Traffic PS,1.04432e+16,2018,1,1,Road Accidents,Not Applicable,City/Town,Near a religious place,Human Error,Yes,Simple Injury,Not Applicable,Not at  Junction,Not Applicable,City or Town Road,Bitumen(Tar),Dry,Not Applicable,Clear,Naganathapura road,Near Sri Ganesha Temple,5 KMS,12.87405,77.66733
Bengaluru City,Electronic City Traffic PS,1.04432e+16,2018,1,2,Road Accidents,Cross roads,City/Town,Near Hospital,Human Error,No,Grievous Injury,Others,Not Applicable,Straight and flat,City or Town Road,Bitumen(Tar),Dry,Not Applicable,Clear,AECS Layout road,Near Hospitec Hospital,5 KMS,12.88506,77.64545
Bengaluru City,Electronic City Traffic PS,1.04432e+16,2018,1,3,Road Accidents,Narrow road,City/Town,Open area,Human Error,No,Fatal,Rear end,Not Applicable,Others,Expressway,Bitumen(Tar),Dry,Not Applicable,Clear,Flyover Road,Above Nice Road,2kms,12.85719,77.66349
Bengaluru City,Electronic City Traffic PS,1.04432e+16,2018,1,1,Road Accidents,Narrow road,City/Town,Open area,Human Error,No,Grievous Injury,Hit pedestrian,Not Applicable,Others,Others,Bitumen(Tar),Dry,Not Applicable,Clear,Near Tata Power Solar company,Phase 2 road,2kms,12.84868,77.67754
Bengaluru City,Electronic City Traffic PS,1.04432e+16,2018,1,1,Road Accidents,Cross roads,City/Town,Open area,Human Error,Yes,Grievous Injury,Hit pedestrian,Not Applicable,Others,NH,Bitumen(Tar),Dry,Not Applicable,Clear,Hosuru Road,Metro mall  Beretena Agrahara,3kms,12.85948,77.66186
Bengaluru City,Electronic City Traffic PS,1.04432e+16,2018,1,2,Road Accidents,Narrow road,City/Town,Open area,Human Error,Yes,Grievous Injury,Rear end,Controlled,Others,NH,Bitumen(Tar),Dry,Not Applicable,Clear,Hosuru Main Road,Konappana Agrahara Near Signal,4kms,12.86128,77.65938
Bengaluru City,Electronic City Traffic PS,1.04432e+16,2018,1,2,Road Accidents,Narrow road,City/Town,Open area,Human Error,Yes,Grievous Injury,Others,Controlled,Others,NH,Bitumen(Tar),Dry,Not Applicable,Clear,Mangammanapalya Road,Salarpuriya,4kms,12.90275,77.635
Bengaluru City,Electronic City Traffic PS,1.04432e+16,2018,1,2,Road Accidents,Other,City/Town,Open area,Human Error,Yes,Damage Only,Others,Controlled,Others,NH,Bitumen(Tar),Dry,Not Applicable,Clear,Towards Bangalore Main Road,Near Konappana Agrahara Junction,2kms,12.85595,77.66426
Bengaluru City,Electronic City Traffic PS,1.04432e+16,2018,1,2,Road Accidents,Other,City/Town,Open area,Human Error,No,Grievous Injury,Rear end,Controlled,Others,Others,Bitumen(Tar),Dry,Not Applicable,Clear,Nice Road,Near Nice Toll,2kms,0.0,0.0
Bengaluru City,Electronic City Traffic PS,1.04432e+16,2018,1,2,Road Accidents,Narrow road,City/Town,Open area,Human Error,Yes,Grievous Injury,Others,Not Applicable,Others,Others,Bitumen(Tar),Dry,Not Applicable,Clear,Chikkatoguru road,Near Nice road Bridge,1km,12.85951,77.65406
Bengaluru City,Electronic City Traffic PS,1.04432e+16,2018,1,2,Road Accidents,Narrow road,City/Town,Open area,Human Error,No,Fatal,Rear end,Not at  Junction,Others,Expressway,Bitumen(Tar),Dry,Not Applicable,Clear,Nice Road,Nera Electonic City Toll,2kms,12.85943,77.65495
Bengaluru City,Electronic City Traffic PS,1.04432e+16,2018,1,2,Road Accidents,Narrow road,City/Town,Open area,Human Error,No,Damage Only,Rear end,Not at  Junction,Others,NH,Bitumen(Tar),Dry,Not Applicable,Clear,Bangalore Main Road,Near Infosys Company,2kms,12.85332,77.66646
Bengaluru City,Electronic City Traffic PS,1.04432e+16,2018,1,2,Road Accidents,Narrow road,City/Town,Open area,Human Error,No,Grievous Injury,Others,Not Applicable,Others,Others,Bitumen(Tar),Dry,Not Applicable,Clear,Near Govt School Shanthipura Village,Shanthipura Main Road,2kms,12.84609,77.68441
Bengaluru City,Electronic City Traffic PS,1.04432e+16,2018,1,1,Road Accidents,Narrow road,City/Town,Open area,Human Error,Yes,Grievous Injury,Hit pedestrian,Not at  Junction,Others,NH,Bitumen(Tar),Dry,Not Applicable,Clear,Beretena Agrahara Road,Near Metro whole sale,3kms,12.86206,77.65943
Bengaluru City,Electronic City Traffic PS,1.04432e+16,2018,1,2,Road Accidents,Narrow road,City/Town,Open area,Human Error,No,Grievous Injury,Rear end,Not at  Junction,Others,Others,Bitumen(Tar),Dry,Not Applicable,Clear,Kudlu Road,Bhagya Sagar Hotel,5kms,12.89035,77.66161
Bengaluru City,Electronic City Traffic PS,1.04432e+16,2018,1,1,Road Accidents,Narrow road,City/Town,Open area,Human Error,No,Grievous Injury,Hit pedestrian,Controlled,Others,NH,Bitumen(Tar),Dry,Not Applicable,Clear,Hosur Road Service Road,Near Konappana Agrahara Arch,2kms,12.85401,77.66571
Bengaluru City,Electronic City Traffic PS,1.04432e+16,2018,1,2,Road Accidents,Narrow road,City/Town,Open area,Vehicle Defect,No,Damage Only,Rear end,Controlled,Others,NH,Bitumen(Tar),Dry,Not Applicable,Clear,Hosa Road,Shanimahatma Temple,4kms,12.87063,77.65549
Bengaluru City,Electronic City Traffic PS,1.04432e+16,2018,1,1,Road Accidents,Narrow road,City/Town,Open area,Human Error,No,Grievous Injury,Others,Controlled,Others,Others,Bitumen(Tar),Dry,Not Applicable,Clear,Kaikondrahalli Road,Near Rayasandra Panchami Bar  Resturant,7kms,12.88138,77.67231
Bengaluru City,Electronic City Traffic PS,1.04432e+16,2018,1,2,Road Accidents,Narrow road,City/Town,Open area,Human Error,Yes,Grievous Injury,Rear end,Controlled,Others,Others,Bitumen(Tar),Dry,Not Applicable,Clear,Nice road,Near Begur  Koppa Flyover,4kms,12.86276,77.62356
Bengaluru City,Electronic City Traffic PS,1.04432e+16,2018,1,2,Road Accidents,Other,City/Town,Open area,Human Error,Yes,Grievous Injury,Rear end,Controlled,Others,NH,Bitumen(Tar),Dry,Not Applicable,Clear,Flyover Road,Near Lavakusha Building,2kms,12.86477,77.65747
Bengaluru City,Electronic City Traffic PS,1.04432e+16,2018,1,1,Road Accidents,Other,City/Town,Open area,Human Error,Yes,Grievous Injury,Hit pedestrian,Controlled,Others,Others,Bitumen(Tar),Dry,Not Applicable,Clear,Kudlu Road,Near Corporation,5kms,12.88978,77.65002
Bengaluru City,Electronic City Traffic PS,1.04432e+16,2018,1,3,Road Accidents,T Junction,City/Town,Near a factory industrial area,Human Error,Not Applicable,Simple Injury,Rear end,Signal lights Automatic,Straight and flat,City or Town Road,Bitumen(Tar),Dry,Not Applicable,Clear,Hosur Main road,Veerasandra Gate Junction,2 KMS,12.83971,77.67725
Bengaluru City,Electronic City Traffic PS,1.04432e+16,2018,1,2,Road Accidents,Narrow road,City/Town,Open area,Human Error,Not Applicable,Grievous Injury,Others,Controlled,Others,NH,Bitumen(Tar),Dry,Not Applicable,Clear,Electronic City Phase 1 Main Road,veerasandra,1.5kms,12.83897,77.66198
Bengaluru City,Electronic City Traffic PS,1.04432e+16,2018,1,2,Road Accidents,Narrow road,City/Town,Open area,Human Error,Yes,Grievous Injury,Others,Controlled,Others,NH,Bitumen(Tar),Dry,Not Applicable,Clear,NIce road,Near Begur Lake,3kms,12.86645,77.63015
Bengaluru City,Electronic City Traffic PS,1.04432e+16,2019,1,2,Road Accidents,Narrow road,City/Town,Open area,Human Error,No,Grievous Injury,Others,Controlled,Others,Others,Bitumen(Tar),Dry,Not Applicable,Clear,Electronic city police station road,Near Corp Bank,500met,12.84046,77.66339
Bengaluru City,Electronic City Traffic PS,1.04432e+16,2019,1,1,Road Accidents,Narrow road,City/Town,At pedestrian Crossing,Human Error,Yes,Grievous Injury,Hit pedestrian,Controlled,Others,NH,Bitumen(Tar),Dry,Not Applicable,Clear,Service Road,PES College,4kms,12.86078,77.66215
Bengaluru City,Electronic City Traffic PS,1.04432e+16,2019,1,1,Road Accidents,Cross roads,City/Town,Open area,Human Error,No,Grievous Injury,Hit pedestrian,Controlled,Curve,NH,Bitumen(Tar),Dry,Not Applicable,Clear,HOSURU MAIN ROAD,Near Udupi Palace Hotel,2kms,12.8544,77.66576
Bengaluru City,Electronic City Traffic PS,1.04432e+16,2019,1,2,Road Accidents,Narrow road,City/Town,Open area,Not Applicable,No,Fatal,Vehicle to Vehicle,Controlled,Curve,NH,Bitumen(Tar),Dry,Not Applicable,Clear,Hosuru  Main Road,Veerasandra Junction,2kms,12.8401,77.67695
Bengaluru City,Electronic City Traffic PS,1.04432e+16,2019,1,2,Road Accidents,Narrow road,City/Town,Near Bus stop,Not Applicable,No,Grievous Injury,Vehicle to Vehicle,Not at  Junction,Straight and flat,Arterial,Bitumen(Tar),Dry,Not Applicable,Clear,Velankany Road,Talasery Hotel,2KM,12.85113,77.65745
Bengaluru City,Electronic City Traffic PS,1.04432e+16,2019,1,1,Road Accidents,Narrow road,City/Town,Near Petrol Pump,Human Error,Yes,Grievous Injury,Hit pedestrian,Not at  Junction,Straight and flat,Arterial,Bitumen(Tar),Dry,Not Applicable,Clear,Hosur Service Road M G Pallya,Total Gas,8KM,12.90401,77.63096
Bengaluru City,Electronic City Traffic PS,1.04432e+16,2019,1,1,Road Accidents,Narrow road,City/Town,Open area,Human Error,Yes,Grievous Injury,Hit pedestrian,Not Applicable,Not Applicable,NH,Bitumen(Tar),Dry,Not Applicable,Clear,Service road,Near Sri Venkateshwara Theatre,6,12.85586,77.66479
Bengaluru City,Electronic City Traffic PS,1.04432e+16,2019,1,2,Road Accidents,Narrow road,City/Town,Open area,Vehicle Defect,No,Damage Only,Rear end,Not Applicable,Others,NH,Bitumen(Tar),Dry,Not Applicable,Clear,Hosuru Main Road,Near Konappana Agrahara Signal,2kms,12.8549,77.66795
Bengaluru City,Electronic City Traffic PS,1.04432e+16,2019,1,2,Road Accidents,Narrow road,City/Town,Open area,Human Error,No,Grievous Injury,Rear end,Not Applicable,Others,NH,Bitumen(Tar),Dry,Not Applicable,Clear,Hosuru Main Road,Near D Mart,2kms,12.84318,77.67436
Bengaluru City,Electronic City Traffic PS,1.04432e+16,2019,1,5,Road Accidents,Other,City/Town,Open area,Vehicle Defect,No,Damage Only,Rear end,Not Applicable,Others,NH,Bitumen(Tar),Others,Not Applicable,Clear,Elevated fly over road,Near Electronic city toll,5kms,12.84333,77.67437
Bengaluru City,Electronic City Traffic PS,1.04432e+16,2019,1,1,Road Accidents,Narrow road,City/Town,Open area,Human Error,Yes,Fatal,Hit pedestrian,Controlled,Others,NH,Bitumen(Tar),Dry,Not Applicable,Clear,Hosur road Service road,Near Venkateswara Theatre,2kms,12.85621,77.66444
Bengaluru City,Electronic City Traffic PS,1.04432e+16,2019,1,4,Road Accidents,Narrow road,City/Town,Open area,Human Error,No,Simple Injury,Vehicle to Vehicle,Controlled,Others,Expressway,Bitumen(Tar),Dry,Not Applicable,Clear,Nice road,Near Begur Koppa Bridge,5kms,12.85937,77.65523
Bengaluru City,Electronic City Traffic PS,1.04432e+16,2019,1,2,Road Accidents,Narrow road,City/Town,Open area,Human Error,No,Fatal,Vehicle to Vehicle,Controlled,Others,Expressway,Bitumen(Tar),Dry,Not Applicable,Clear,Nice  Road,Beguru Koppa Bridge,3kms,12.86468,77.64401
Bengaluru City,Electronic City Traffic PS,1.04432e+16,2019,1,1,Road Accidents,Narrow road,City/Town,Open area,Human Error,No,Grievous Injury,Hit pedestrian,Controlled,Curve,NH,Bitumen(Tar),Dry,Not Applicable,Clear,HOSURU MAIN ROAD,Konappana Agrahara,3kms,12.85619,77.66442
Bengaluru City,Electronic City Traffic PS,1.04432e+16,2019,1,2,Road Accidents,Junction,City/Town,At pedestrian Crossing,Not Applicable,Yes,Damage Only,Vehicle to Vehicle,Signal lights Automatic,Others,NH,Bitumen(Tar),Dry,Not Applicable,Clear,Hosur Road,Veerasandra Junction,2 KM,12.83982,77.67696
Bengaluru City,Electronic City Traffic PS,1.04432e+16,2019,1,1,Road Accidents,Narrow road,City/Town,Near Bus stop,Not Applicable,Yes,Grievous Injury,Hit pedestrian,Not at  Junction,Not Applicable,Arterial,Bitumen(Tar),Dry,Not Applicable,Clear,Hosur  Main Road,Bommanahalli Bus Stand,8KM,12.90534,77.63012
Bengaluru City,Electronic City Traffic PS,1.04432e+16,2019,1,2,Road Accidents,Narrow road,City/Town,Near Bus stop,Not Applicable,Yes,Damage Only,Vehicle to Vehicle,Not at  Junction,Others,Arterial,Bitumen(Tar),Dry,Not Applicable,Clear,Electronic city Road,Konappana Agrahara,2KM,12.85597,77.66418
Bengaluru City,Electronic City Traffic PS,1.04432e+16,2019,1,2,Road Accidents,Narrow road,City/Town,Open area,Human Error,Yes,Fatal,Others,Not Applicable,Others,NH,Bitumen(Tar),Dry,Not Applicable,Clear,Hosur Main road,Near Electronic city Bus Stop,1kms,12.84751,77.67099
Bengaluru City,Electronic City Traffic PS,1.04432e+16,2019,1,2,Road Accidents,Narrow road,City/Town,Open area,Human Error,No,Grievous Injury,Others,Controlled,Others,Expressway,Bitumen(Tar),Dry,Not Applicable,Clear,Nice Road,Near Beguru Lake,6kms,12.86679,77.63557
Bengaluru City,Electronic City Traffic PS,1.04432e+16,2019,1,2,Road Accidents,Other,City/Town,Open area,Human Error,No,Grievous Injury,Others,Uncontrolled,Others,Expressway,Bitumen(Tar),Dry,Not Applicable,Clear,Nice Road,Near Begur Lake,6kms,12.86668,77.63746
Bengaluru City,Electronic City Traffic PS,1.04432e+16,2019,1,1,Road Accidents,Junction,City/Town,Near Bus stop,Human Error,No,Simple Injury,Hit pedestrian,Not Applicable,Curve,Service Road,Bitumen(Tar),Dry,Not Applicable,Clear,HosaRoad Service Road,Govindsheety Paly,2 KM,12.85485,77.6655
Bengaluru City,Electronic City Traffic PS,1.04432e+16,2019,1,2,Road Accidents,Narrow road,City/Town,Open area,Human Error,Yes,Grievous Injury,Others,Controlled,Others,Others,Bitumen(Tar),Dry,Not Applicable,Others,Hosuru Main Road,Near Electronic City Bus Stop,2kms,12.84742,77.67108
Bengaluru City,Electronic City Traffic PS,1.04432e+16,2019,1,2,Road Accidents,Narrow road,City/Town,Open area,Human Error,No,Grievous Injury,Rear end,Controlled,Others,NH,Bitumen(Tar),Dry,Not Applicable,Clear,Husuru Main Road,Near Sri Shanimahatma Temple,4,12.87056,77.65576
Bengaluru City,Electronic City Traffic PS,1.04432e+16,2019,1,2,Road Accidents,Narrow road,City/Town,Open area,Human Error,No,Grievous Injury,Others,Controlled,Others,NH,Bitumen(Tar),Dry,Not Applicable,Clear,Hosur road Service road,Infront off P E S Colleg,2kms,12.85871,77.6624
Bengaluru City,Electronic City Traffic PS,1.04432e+16,2019,1,1,Road Accidents,Narrow road,City/Town,Open area,Human Error,No,Damage Only,Vehicle to Vehicle,Controlled,Others,Others,Bitumen(Tar),Dry,Not Applicable,Clear,Konappana Agrahara Signal,Hosur service Road,3kms,12.85624,77.66431
Bengaluru City,Electronic City Traffic PS,1.04432e+16,2019,1,2,Road Accidents,Narrow road,City/Town,Narrow bridge or culverts,Not Applicable,No,Damage Only,Vehicle to Vehicle,No signal lights,Others,Expressway,Bitumen(Tar),Dry,Not Applicable,Clear,BETL Flyover Road,Electronic City BETL Flyover BMTC Bus Depo,2KM,12.84758,77.6712
Bengaluru City,Electronic City Traffic PS,1.04432e+16,2019,1,2,Road Accidents,Narrow road,City/Town,Near Bus stop,Not Applicable,No,Damage Only,Vehicle to Vehicle,Not at  Junction,Straight and flat,Arterial,Bitumen(Tar),Dry,Not Applicable,Clear,Hosur  Main Road,Electronic city Toll,2KM,12.84349,77.6742
Bengaluru City,Electronic City Traffic PS,1.04432e+16,2019,1,2,Road Accidents,Narrow road,City/Town,Near Bus stop,Not Applicable,No,Grievous Injury,Vehicle to Vehicle,Not at  Junction,Not Applicable,Others,Bitumen(Tar),Dry,Not Applicable,Clear,Hosa Road,Shivaji Hotel,5KM,12.87149,77.66151
Bengaluru City,Electronic City Traffic PS,1.04432e+16,2019,1,2,Road Accidents,Narrow road,City/Town,Near Bus stop,Human Error,Yes,Grievous Injury,Vehicle to Vehicle,Not at  Junction,Straight and flat,Arterial,Bitumen(Tar),Dry,Not Applicable,Clear,Hosur  Main Road,Electronic city Toll,2KM,12.8434,77.67403
Bengaluru City,Electronic City Traffic PS,1.04432e+16,2019,1,2,Road Accidents,Narrow road,City/Town,Near Bus stop,Human Error,No,Grievous Injury,Vehicle to Vehicle,Controlled,Straight and flat,Arterial,Bitumen(Tar),Dry,Not Applicable,Clear,Hosur Main Road,Konappana Agrahara Junction,3KM,12.85626,77.66428
Bengaluru City,Electronic City Traffic PS,1.04432e+16,2019,1,2,Road Accidents,Narrow road,City/Town,Open area,Human Error,Yes,Grievous Injury,Others,Not Applicable,Others,NH,Bitumen(Tar),Dry,Not Applicable,Clear,Elevated Fly over road,Above Konappana Agrahara Junction,3kms,12.85588,77.66454
Bengaluru City,Electronic City Traffic PS,1.04432e+16,2019,1,1,Road Accidents,Narrow road,City/Town,Open area,Human Error,No,Fatal,Hit pedestrian,Controlled,Others,Others,Bitumen(Tar),Dry,Not Applicable,Clear,Nice road,Near Beguru Koppa Bridge,7kms,12.85491,77.6095
Bengaluru City,Electronic City Traffic PS,1.04432e+16,2019,1,2,Road Accidents,Other,City/Town,Open area,Human Error,No,Damage Only,Others,Not Applicable,Others,Others,Bitumen(Tar),Dry,Not Applicable,Clear,Electronic City Phase   2,Naer Shanthipuar  Road,3kms,12.84612,77.68093
Bengaluru City,Electronic City Traffic PS,1.04432e+16,2019,1,2,Road Accidents,Narrow road,City/Town,Open area,Human Error,Yes,Grievous Injury,Others,Controlled,Others,NH,Bitumen(Tar),Dry,Not Applicable,Clear,Hosuru Road,service Road Near Nexa Car Service Center,2kms,12.86921,77.65299
Bengaluru City,Electronic City Traffic PS,1.04432e+16,2019,1,1,Road Accidents,Other,City/Town,Open area,Human Error,No,Grievous Injury,Hit pedestrian,Controlled,Others,Others,Bitumen(Tar),Dry,Not Applicable,Clear,Hosa Road,Near Bosch company Gate,5kms,12.87167,77.66186
Bengaluru City,Electronic City Traffic PS,1.04432e+16,2019,1,1,Road Accidents,Narrow road,City/Town,Open area,Human Error,No,Grievous Injury,Skidding or Self accident,Uncontrolled,Others,NH,Bitumen(Tar),Dry,Not Applicable,Clear,Hosuru Service Road,Near Infosys gate,2kms,12.84551,77.66312
Bengaluru City,Electronic City Traffic PS,1.04432e+16,2019,1,2,Not Applicable,Junction,City/Town,At pedestrian Crossing,Not Applicable,No,Damage Only,Vehicle to Vehicle,Signal lights Automatic,Others,NH,Bitumen(Tar),Dry,Not Applicable,Others,Hosur Main road,Veerasandra Signal,2 KM,12.8398,77.67698
Bengaluru City,Electronic City Traffic PS,1.04432e+16,2019,1,1,Road Accidents,Narrow road,City/Town,At pedestrian Crossing,Human Error,Yes,Fatal,Hit pedestrian,Controlled,Others,Others,Bitumen(Tar),Dry,Not Applicable,Clear,Neeladri Road,Opp Concord Silicon Value Apartment,1km,12.8407,77.65107
Bengaluru City,Electronic City Traffic PS,1.04432e+16,2019,1,1,Road Accidents,Curves,City/Town,Residential area,Not Applicable,Yes,Damage Only,Not Applicable,Uncontrolled,Others,Two way,Bitumen(Tar),Dry,Not Applicable,Clear,Hosapallya Road,Amoniya Factory,6KM,12.89219,77.64456
Bengaluru City,Electronic City Traffic PS,1.04432e+16,2019,1,2,Road Accidents,Cross roads,City/Town,Open area,Human Error,Yes,Fatal,Vehicle to Vehicle,Not Applicable,Others,NH,Bitumen(Tar),Dry,Not Applicable,Clear,"Bettadasanapura Villege,",doddathoguru Cross,2kms,12.8432,77.64301
Bengaluru City,Electronic City Traffic PS,1.04432e+16,2019,1,2,Road Accidents,Narrow road,City/Town,Near Bus stop,Not Applicable,Yes,Grievous Injury,Vehicle to Vehicle,Not Applicable,Straight and flat,Arterial,Bitumen(Tar),Dry,Not Applicable,Clear,Hosur Road,Garvebhavipallya Signal,6KM,12.89438,77.63677
Bengaluru City,Electronic City Traffic PS,1.04432e+16,2019,1,3,Road Accidents,Narrow road,City/Town,Near office complex,Not Applicable,No,Grievous Injury,Vehicle to Vehicle,Not at  Junction,Straight and flat,Arterial,Bitumen(Tar),Dry,Not Applicable,Clear,Hosur  Main Road,Infosys Company,3Km,12.84984,77.66907
Bengaluru City,Electronic City Traffic PS,1.04432e+16,2019,1,2,Road Accidents,Narrow road,City/Town,Open area,Human Error,Yes,Fatal,Rear end,Not Applicable,Others,Others,Bitumen(Tar),Dry,Not Applicable,Clear,Infosys company road,Near Otera Hotel,2kms,12.85065,77.66104
Bengaluru City,Electronic City Traffic PS,1.04432e+16,2019,1,1,Road Accidents,Narrow road,City/Town,Open area,Human Error,Yes,Grievous Injury,Hit pedestrian,Controlled,Others,NH,Bitumen(Tar),Dry,Not Applicable,Clear,Infosys company road,Near 6th Gate Electronic city,1kms,12.84898,77.66513
Bengaluru City,Electronic City Traffic PS,1.04432e+16,2019,1,2,Road Accidents,Not Applicable,City/Town,Near a factory industrial area,Human Error,No,Damage Only,Vehicle to Vehicle,Controlled,Not Applicable,NH,Bitumen(Tar),Dry,Not Applicable,Clear,HOSURU MAIN ROAD,Veerasandra Junction,2 KM,12.8398,77.67699
Bengaluru City,Electronic City Traffic PS,1.04432e+16,2019,1,1,Road Accidents,Other,City/Town,Open area,Human Error,No,Grievous Injury,Others,Uncontrolled,Others,NH,Bitumen(Tar),Dry,Not Applicable,Clear,Hosuru Main Road,Naer nexa Car Service Center,3kms,12.86138,77.65997
Bengaluru City,Electronic City Traffic PS,1.04432e+16,2019,1,1,Road Accidents,Narrow road,City/Town,Open area,Human Error,Yes,Grievous Injury,Others,Controlled,Others,NH,Bitumen(Tar),Dry,Not Applicable,Clear,Hosur road Service road,Near Veerasandra Petrol  Bunk,1kms,12.83874,77.67811
Bengaluru City,Electronic City Traffic PS,1.04432e+16,2019,1,2,Road Accidents,Narrow road,City/Town,Open area,Human Error,No,Fatal,Rear end,Controlled,Others,NH,Bitumen(Tar),Dry,Not Applicable,Clear,Hosuru Main Road,Near Konappana Agrahara,2kms,12.85582,77.66438
Bengaluru City,Electronic City Traffic PS,1.04432e+16,2019,1,2,Road Accidents,Narrow road,City/Town,Open area,Human Error,No,Grievous Injury,Head on,Controlled,Others,Expressway,Bitumen(Tar),Dry,Not Applicable,Clear,Nice Road,Near beguru Lake,6kms,12.95642,77.47144
Bengaluru City,Electronic City Traffic PS,1.04432e+16,2019,1,1,Road Accidents,Other,City/Town,Open area,Human Error,No,Grievous Injury,Hit pedestrian,Controlled,Others,NH,Bitumen(Tar),Dry,Not Applicable,Clear,Hosur Main road,Near Naganathapura Junction,3 kms,12.8699,77.6534