DISTRICTNAME,UNITNAME,Crime_No,Year,RI,Noofvehicle_involved,Accident_Classification,Accident_Spot,Accident_Location,Accident_SubLocation,Main_Cause,Hit_Run,Severity,Collision_Type,Junction_Control,Road_Character,Road_Type,Surface_Type,Surface_Condition,Road_Condition,Weather,Accident_Road,Landmark_first,Distance_LandMark_First,Latitude,Longitude
Bengaluru City,Electronic City Traffic PS,1.04432e+16,2019,1,2,Road Accidents,Other,City/Town,Open area,Human Error,Yes,Grievous Injury,Others,Controlled,Others,Others,Bitumen(Tar),Dry,Not Applicable,Clear,Silver county road,Near Cambridge school,7kms,12.8928,77.66383
Bengaluru City,Electronic City Traffic PS,1.04432e+16,2019,1,2,Road Accidents,Narrow road,City/Town,Open area,Human Error,No,Fatal,Vehicle to Vehicle,Controlled,Curve,Expressway,Bitumen(Tar),Dry,Not Applicable,Clear,Nice road,Near SNN Raj Apartment,5kms,12.85838,77.61756
Bengaluru City,Electronic City Traffic PS,1.04432e+16,2019,1,2,Road Accidents,Curves,City/Town,Open area,Human Error,No,Grievous Injury,Vehicle to Vehicle,Controlled,Curve,Service Road,Bitumen(Tar),Dry,Not Applicable,Clear,Near Prashanth Cylinders,Hosur Service Road,3kms,12.8391,77.67785
Bengaluru City,Electronic City Traffic PS,1.04432e+16,2019,1,2,Road Accidents,Narrow road,City/Town,Open area,Human Error,No,Fatal,Vehicle to Vehicle,Controlled,Curve,Others,Bitumen(Tar),Dry,Not Applicable,Clear,IIITB College Gate,Electronic City,1kms,0.0,0.0
Bengaluru City,Electronic City Traffic PS,1.04432e+16,2019,1,2,Road Accidents,Narrow road,City/Town,Near office complex,Not Applicable,No,Grievous Injury,Vehicle to Vehicle,Not at  Junction,Not Applicable,Arterial,Bitumen(Tar),Dry,Not Applicable,Clear,BETL Flyover Road,HosaRoad Junction,5 KM,12.84983,77.66916
Bengaluru City,Electronic City Traffic PS,1.04432e+16,2019,1,2,Road Accidents,Narrow road,City/Town,Near Bus stop,Human Error,No,Damage Only,Vehicle to Vehicle,Not at  Junction,Not Applicable,Arterial,Bitumen(Tar),Dry,Not Applicable,Clear,Hosur Road,Konappana Agrahara Bus Stop,3KM,12.83913,77.66192
Bengaluru City,Electronic City Traffic PS,1.04432e+16,2019,1,1,Road Accidents,Narrow road,City/Town,Open area,Vehicle Defect,No,Fatal,Vehicle to Vehicle,Controlled,Curve,Others,Bitumen(Tar),Dry,Not Applicable,Clear,Vittasandra,Bettadasanapura road,3kms,12.84986,77.63914
Bengaluru City,Electronic City Traffic PS,1.04432e+16,2019,1,2,Road Accidents,Road hump or Rumble strips,City/Town,Near Bus stop,Human Error,No,Grievous Injury,Vehicle to Vehicle,No signal lights,Straight and flat,Feeder Road,Bitumen(Tar),Dry,Not Applicable,Clear,Bangalore service Road,Near Infosys Company,3KM,12.85033,77.66858
Bengaluru City,Electronic City Traffic PS,1.04432e+16,2019,1,2,Road Accidents,Narrow road,City/Town,Open area,Vehicle Defect,No,Damage Only,Rear end,Not Applicable,Others,NH,Bitumen(Tar),Dry,Not Applicable,Clear,Hosa Road  Signal,Ec City Service Raod,4kms,12.86959,77.65346
Bengaluru City,Electronic City Traffic PS,1.04432e+16,2019,1,2,Road Accidents,Other,City/Town,Open area,Human Error,No,Grievous Injury,Rear end,Controlled,Others,Expressway,Bitumen(Tar),Dry,Not Applicable,Clear,Nice road,Near Begur kooppa Bridge,5kms,0.0,0.0
Bengaluru City,Electronic City Traffic PS,1.04432e+16,2019,1,1,Road Accidents,Narrow road,City/Town,Open area,Human Error,No,Grievous Injury,Hit pedestrian,Controlled,Others,Others,Bitumen(Tar),Dry,Not Applicable,Clear,Hosa Road,Near Chandra Bar & Restorant,3kms,12.87033,77.65817
Bengaluru City,Electronic City Traffic PS,1.04432e+16,2019,1,1,Road Accidents,Narrow road,City/Town,Open area,Human Error,Yes,Grievous Injury,Others,Controlled,Others,Others,Bitumen(Tar),Dry,Not Applicable,Clear,Doddanagamangala road,Doddanagamangala,4kms,12.85804,77.6741
Bengaluru City,Electronic City Traffic PS,1.04432e+16,2019,1,2,Road Accidents,Other,City/Town,Open area,Human Error,Yes,Grievous Injury,Rear end,Controlled,Others,Expressway,Bitumen(Tar),Dry,Not Applicable,Clear,Nice Road,Near Naidu property,3kms,12.86546,77.64222
Bengaluru City,Electronic City Traffic PS,1.04432e+16,2019,1,1,Road Accidents,Narrow road,City/Town,Open area,Human Error,No,Damage Only,Vehicle to Vehicle,Controlled,Others,NH,Bitumen(Tar),Dry,Not Applicable,Clear,Hosuru  Main Road,Piller No 143,5kms,12.86987,77.65343
Bengaluru City,Electronic City Traffic PS,1.04432e+16,2019,1,2,Road Accidents,Not Applicable,City/Town,Near Bus stop,Human Error,No,Damage Only,Vehicle to Vehicle,No signal lights,Others,NH,Bitumen(Tar),Dry,Not Applicable,Clear,Hosuru  MAin Road,Hosa Road near suraksh Car ShowRoom,2 KM,12.85069,77.66882
Bengaluru City,Electronic City Traffic PS,1.04432e+16,2019,1,1,Road Accidents,Narrow road,City/Town,Near Hospital,Human Error,No,Grievous Injury,Hit pedestrian,No signal lights,Straight and flat,Others,Bitumen(Tar),Dry,No influence on accident,Clear,Near 4th Cross,Channakeshava Nagar,5kms,12.87134,77.65505
Bengaluru City,Electronic City Traffic PS,1.04432e+16,2019,1,2,Road Accidents,Narrow road,City/Town,Open area,Human Error,No,Fatal,Vehicle to Vehicle,Controlled,Curve,Others,Bitumen(Tar),Dry,Not Applicable,Clear,Hosapalya  Road,Near Macalay School,7kms,12.89216,77.64445
Bengaluru City,Electronic City Traffic PS,1.04432e+16,2019,1,2,Road Accidents,Narrow road,City/Town,Open area,Human Error,No,Damage Only,Vehicle to Vehicle,Controlled,Curve,Others,Bitumen(Tar),Dry,Not Applicable,Clear,Double road,KSRP 9th Betaliion,6kms,12.8866,77.67102
Bengaluru City,Electronic City Traffic PS,1.04432e+16,2019,1,2,Road Accidents,Narrow road,City/Town,Open area,Human Error,No,Grievous Injury,Vehicle to Vehicle,Controlled,Others,NH,Bitumen(Tar),Dry,Construction Work / Material,Clear,Hosuru Main Road,Near Veerasndra Signal,2kms,12.83851,77.67587
Bengaluru City,Electronic City Traffic PS,1.04432e+16,2019,1,2,Road Accidents,Narrow road,City/Town,Open area,Human Error,Yes,Grievous Injury,Vehicle to Vehicle,Controlled,Others,NH,Bitumen(Tar),Dry,Not Applicable,Clear,hosuru main road,infornt,5kms,12.85871,77.66233
Bengaluru City,Electronic City Traffic PS,1.04432e+16,2019,1,2,Road Accidents,Narrow road,City/Town,In bazaar,Not Applicable,Yes,Grievous Injury,Vehicle to Vehicle,Not at  Junction,Straight and flat,Arterial,Bitumen(Tar),Dry,Not Applicable,Clear,Hosur  Main Road,Near Hosa Road,5KM,12.87001,77.65311
Bengaluru City,Electronic City Traffic PS,1.04432e+16,2019,1,1,Road Accidents,Not Applicable,City/Town,Near Bus stop,Human Error,No,Grievous Injury,Hit pedestrian,Controlled,Others,NH,Bitumen(Tar),Dry,Not Applicable,Clear,Nh-07 Hosuru Main Road,Hosur Road Near NTTF College,2,12.84815,77.67039
Bengaluru City,Electronic City Traffic PS,1.04432e+16,2019,1,3,Road Accidents,Narrow road,City/Town,Near Bus stop,Human Error,No,Grievous Injury,Vehicle to Vehicle,No signal lights,Straight and flat,Others,Bitumen(Tar),Dry,Not Applicable,Clear,Begur Road,Mailasandra Petrol Bunk,3km,12.84242,77.61853
Bengaluru City,Electronic City Traffic PS,1.04432e+16,2019,1,1,Road Accidents,Narrow road,City/Town,Open area,Human Error,Yes,Grievous Injury,Others,Not Applicable,Others,Others,Bitumen(Tar),Dry,Not Applicable,Clear,VGP Layout road,Near Football court,6kms,12.89333,77.65134
Bengaluru City,Electronic City Traffic PS,1.04432e+16,2019,1,2,Road Accidents,Narrow road,City/Town,Open area,Human Error,Yes,Fatal,Rear end,Not Applicable,Others,NH,Bitumen(Tar),Dry,Not Applicable,Clear,Hosru Main Road,Veerasndar Signal,2kms,12.83891,77.67767
Bengaluru City,Electronic City Traffic PS,1.04432e+16,2019,1,1,Road Accidents,Narrow road,City/Town,Open area,Human Error,No,Damage Only,Others,Not Applicable,Others,Others,Bitumen(Tar),Dry,Not Applicable,Clear,Electronic City Phase,Electronic City Phase  Toll Road,1kms,12.84556,77.66758
Bengaluru City,Electronic City Traffic PS,1.04432e+16,2019,1,4,Road Accidents,Narrow road,City/Town,Open area,Human Error,No,Grievous Injury,Others,Controlled,Others,NH,Bitumen(Tar),Dry,Not Applicable,Clear,Hosur road service road,Near Hosaroad Bus stand,3kms,12.87094,77.65274
Bengaluru City,Electronic City Traffic PS,1.04432e+16,2019,1,1,Road Accidents,Cross roads,City/Town,Open area,Human Error,Yes,Grievous Injury,Hit pedestrian,Controlled,Curve,NH,Bitumen(Tar),Dry,Not Applicable,Clear,Hosuru Main Road,Near Suraksha Car Show room,2kms,12.85039,77.66896
Bengaluru City,Electronic City Traffic PS,1.04432e+16,2019,1,1,Road Accidents,Narrow road,City/Town,Near office complex,Not Applicable,Yes,Simple Injury,Hit pedestrian,Not at  Junction,Others,Arterial,Bitumen(Tar),Dry,Not Applicable,Clear,Hosur  Main Road,Fly Factory,4KM,12.86124,77.66009
Bengaluru City,Electronic City Traffic PS,1.04432e+16,2019,1,1,Road Accidents,Cross roads,City/Town,Open area,Human Error,Yes,Fatal,Hit pedestrian,Controlled,Curve,NH,Bitumen(Tar),Dry,Not Applicable,Clear,Garvebhavi Palaya,Hosuru Service Road,8kms,0.0,0.0
Bengaluru City,Electronic City Traffic PS,1.04432e+16,2019,1,1,Road Accidents,Narrow road,City/Town,Near a factory industrial area,Human Error,No,Grievous Injury,Hit pedestrian,Not at  Junction,Straight and flat,Arterial,Bitumen(Tar),Dry,Not Applicable,Clear,Nice Road,Nice Toll,3KM,12.85796,77.6591
Bengaluru City,Electronic City Traffic PS,1.04432e+16,2019,1,2,Road Accidents,Narrow road,City/Town,Near office complex,Human Error,No,Damage Only,Vehicle to Vehicle,Not at  Junction,Straight and flat,Expressway,Bitumen(Tar),Dry,Not Applicable,Clear,Hosur  Main Road,Incometax Office,4KM,12.83917,77.66169
Bengaluru City,Electronic City Traffic PS,1.04432e+16,2019,1,2,Road Accidents,Narrow road,City/Town,Open area,Human Error,Yes,Grievous Injury,Rear end,Not Applicable,Not Applicable,NH,Bitumen(Tar),Dry,Not Applicable,Clear,Elevated Fly over road,Above Konappana Agrahara,3kms,12.85489,77.66534
Bengaluru City,Electronic City Traffic PS,1.04432e+16,2019,1,1,Road Accidents,Other,City/Town,Open area,Human Error,No,Simple Injury,Others,Controlled,Others,NH,Bitumen(Tar),Dry,Not Applicable,Clear,Hosuru Main Road,Near Veerasandra Signal,4kms,12.8396,77.67729
Bengaluru City,Electronic City Traffic PS,1.04432e+16,2019,1,2,Road Accidents,Narrow road,City/Town,Open area,Human Error,No,Simple Injury,Others,Controlled,Others,Others,Bitumen(Tar),Dry,Not Applicable,Clear,Silver county road,Near Poorva Apts,7kms,12.89471,77.66043
Bengaluru City,Electronic City Traffic PS,1.04432e+16,2019,1,1,Road Accidents,Narrow road,City/Town,Open area,Human Error,No,Grievous Injury,Vehicle to Vehicle,Controlled,Curve,NH,Bitumen(Tar),Dry,Not Applicable,Clear,Hosaroad,Near Blossom Hospital,5kms,12.87041,77.65844
Bengaluru City,Electronic City Traffic PS,1.04432e+16,2019,1,2,Road Accidents,Narrow road,City/Town,Open area,Human Error,Yes,Fatal,Vehicle to Vehicle,Controlled,Not Applicable,NH,Bitumen(Tar),Dry,Not Applicable,Clear,Flyover Road,Konappana Agrahara,2kms,0.0,0.0
Bengaluru City,Electronic City Traffic PS,1.04432e+16,2019,1,2,Road Accidents,Narrow road,City/Town,Open area,Human Error,No,Grievous Injury,Vehicle to Vehicle,Controlled,Others,Others,Bitumen(Tar),Dry,Construction Work / Material,Clear,Electronic city Phase-2 road,Near TCS company,2kms,0.0,0.0
Bengaluru City,Electronic City Traffic PS,1.04432e+16,2019,1,2,Road Accidents,Narrow road,City/Town,Open area,Human Error,Yes,Grievous Injury,Vehicle to Vehicle,Controlled,Others,Others,Bitumen(Tar),Dry,Construction Work / Material,Clear,Govindashettypallya Junction.,Govindashettypallya Junction,2kms,12.8549,77.66543
Bengaluru City,Electronic City Traffic PS,1.04432e+16,2019,1,1,Road Accidents,Narrow road,City/Town,Near Bus stop,Not Applicable,No,Grievous Injury,Hit pedestrian,Not at  Junction,Straight and flat,Arterial,Bitumen(Tar),Dry,Not Applicable,Clear,Hosur Service Road,Konappana Agrahara Junction,3KM,12.85499,77.66528
Bengaluru City,Electronic City Traffic PS,1.04432e+16,2019,1,2,Road Accidents,Narrow road,City/Town,Near Petrol Pump,Human Error,Not Applicable,Grievous Injury,Vehicle to Vehicle,No signal lights,Straight and flat,Arterial,Bitumen(Tar),Dry,Not Applicable,Clear,Mylasandra Road,Petrol Bunk,4KM,12.84169,77.61917
Bengaluru City,Electronic City Traffic PS,1.04432e+16,2019,1,2,Road Accidents,Narrow road,City/Town,Open area,Human Error,Yes,Fatal,Vehicle to Vehicle,Controlled,Others,NH,Bitumen(Tar),Dry,Not Applicable,Clear,Hosur Main road,Near Veerasandra Junction,2kms,12.84032,77.67675
Bengaluru City,Electronic City Traffic PS,1.04432e+16,2019,1,2,Road Accidents,Narrow road,City/Town,Near School or College,Not Applicable,No,Grievous Injury,Vehicle to Vehicle,Not at  Junction,Straight and flat,Arterial,Bitumen(Tar),Dry,Not Applicable,Clear,Chodasandra,Cambridge School,6KM,12.8917,77.66716
Bengaluru City,Electronic City Traffic PS,1.04432e+16,2019,1,2,Road Accidents,Other,City/Town,Open area,Human Error,Yes,Damage Only,Head on,Not Applicable,Others,NH,Bitumen(Tar),Dry,Not Applicable,Clear,Hosur Main road,Near Electronic city Toll Plaza,2kms,12.8411,77.67628
Bengaluru City,Electronic City Traffic PS,1.04432e+16,2019,1,2,Road Accidents,Narrow road,City/Town,Open area,Human Error,Yes,Grievous Injury,Others,Controlled,Others,City or Town Road,Bitumen(Tar),Dry,Not Applicable,Clear,Near Temple,naganthapura,4kms,12.87236,77.65401
Bengaluru City,Electronic City Traffic PS,1.04432e+16,2019,1,2,Road Accidents,Narrow road,City/Town,Open area,Human Error,Yes,Grievous Injury,Rear end,Controlled,Others,NH,Bitumen(Tar),Dry,Not Applicable,Clear,Hosuru Service Road,Near Konappana Agrahar,2kms,12.85589,77.66467
Bengaluru City,Electronic City Traffic PS,1.04432e+16,2019,1,2,Road Accidents,Narrow road,City/Town,Open area,Human Error,No,Fatal,Rear end,Uncontrolled,Others,NH,Bitumen(Tar),Dry,Not Applicable,Clear,Hosuru Main Road,Near Veerasandra Toll,2kms,12.83985,77.67706
Bengaluru City,Electronic City Traffic PS,1.04432e+16,2019,1,1,Road Accidents,Narrow road,City/Town,Open area,Human Error,No,Grievous Injury,Hit pedestrian,Controlled,Others,NH,Bitumen(Tar),Dry,Not Applicable,Clear,Hosur road Service road,Near PES colleg,2kms,12.8549,77.66793
Bengaluru City,Electronic City Traffic PS,1.04432e+16,2019,1,2,Road Accidents,Narrow road,City/Town,Open area,Human Error,No,Fatal,Rear end,Controlled,Others,Expressway,Bitumen(Tar),Dry,Not Applicable,Clear,Nice Road,Near Basapura Bridge,2kms,12.86204,77.64919
Bengaluru City,Electronic City Traffic PS,1.04432e+16,2019,1,1,Road Accidents,Narrow road,City/Town,At pedestrian Crossing,Human Error,No,Grievous Injury,Hit pedestrian,Controlled,Curve,NH,Bitumen(Tar),Dry,Not Applicable,Clear,Hosur Main road,Near Electronic city Bus Stop,1.5,12.84775,77.67104
Bengaluru City,Electronic City Traffic PS,1.04432e+16,2019,1,1,Road Accidents,Narrow road,City/Town,Open area,Human Error,Yes,Grievous Injury,Hit pedestrian,Controlled,Curve,NH,Bitumen(Tar),Dry,Not Applicable,Clear,Hosur  Main Road,Naganathapura,3,12.86989,77.65342
Bengaluru City,Electronic City Traffic PS,1.04432e+16,2019,1,2,Road Accidents,Narrow road,City/Town,Open area,Human Error,Yes,Grievous Injury,Vehicle to Vehicle,Controlled,Others,NH,Bitumen(Tar),Dry,Not Applicable,Clear,Elevated Fly over road,Above Hosaroad Junction,2kms,12.86997,77.65336
Bengaluru City,Electronic City Traffic PS,1.04432e+16,2019,1,2,Road Accidents,Narrow road,City/Town,Near Bus stop,Not Applicable,No,Grievous Injury,Vehicle to Vehicle,Uncontrolled,Not Applicable,NH,Bitumen(Tar),Wet,Not Applicable,Clear,Hosur Service Road,Audi Service Centre,5 kms,12.84275,77.67507
Bengaluru City,Electronic City Traffic PS,1.04432e+16,2019,1,1,Road Accidents,Narrow road,City/Town,Open area,Human Error,Yes,Grievous Injury,Vehicle to Vehicle,Controlled,Others,Others,Bitumen(Tar),Dry,Not Applicable,Clear,Lemon Tree Hotel,Near  Pyarmount Signal,800mtr,0.0,0.0
Bengaluru City,Electronic City Traffic PS,1.04432e+16,2019,1,2,Road Accidents,Narrow road,City/Town,Near Bus stop,Human Error,No,Damage Only,Vehicle to Vehicle,Not at  Junction,Curve,Arterial,Bitumen(Tar),Dry,Not Applicable,Clear,Hosur road Service road,E C 2 Junction,3 KM,12.85652,77.66414
Bengaluru City,Electronic City Traffic PS,1.04432e+16,2019,1,2,Road Accidents,Narrow road,City/Town,Open area,Human Error,Yes,Grievous Injury,Others,Not Applicable,Others,Others,Bitumen(Tar),Dry,Not Applicable,Clear,Kudlu Road,Near Axis,6kms,12.89031,77.64306
Bengaluru City,Electronic City Traffic PS,1.04432e+16,2019,1,2,Road Accidents,Narrow road,City/Town,Open area,Human Error,No,Grievous Injury,Rear end,Not Applicable,Not Applicable,NH,Bitumen(Tar),Dry,Not Applicable,Clear,Phase-2 road,Near BMTC Depo,2kms,12.84658,77.67259
Bengaluru City,Electronic City Traffic PS,1.04432e+16,2019,1,2,Road Accidents,Narrow road,City/Town,Open area,Human Error,No,Grievous Injury,Others,Not Applicable,Others,Expressway,Bitumen(Tar),Dry,Not Applicable,Clear,Nice Road,Near Begur Lake,6kms,12.86693,77.6354
Bengaluru City,Electronic City Traffic PS,1.04432e+16,2019,1,2,Road Accidents,Narrow road,City/Town,Open area,Human Error,Yes,Grievous Injury,Rear end,Controlled,Others,Service Road,Bitumen(Tar),Dry,Not Applicable,Clear,Service Road,Neax Car Show Room  Biratena Agrahara,3kms,12.86248,77.65942
Bengaluru City,Electronic City Traffic PS,1.04432e+16,2019,1,2,Road Accidents,Narrow road,City/Town,Open area,Human Error,No,Grievous Injury,Rear end,Controlled,Others,Others,Bitumen(Tar),Dry,Not Applicable,Clear,Hosur Main road,Near Veerasandra Junction,2kms,12.84015,77.67689
Bengaluru City,Electronic City Traffic PS,1.04432e+16,2019,1,2,Road Accidents,Cross roads,City/Town,Near a factory industrial area,Human Error,No,Grievous Injury,Hit and Run,Controlled,Others,City or Town Road,Bitumen(Tar),Dry,Not Applicable,Clear,Electronic city toll,Near Rayal oke,3 KM,12.8436,77.67442
Bengaluru City,Electronic City Traffic PS,1.04432e+16,2019,1,2,Road Accidents,Narrow road,City/Town,Open area,Human Error,No,Damage Only,Vehicle to Vehicle,Controlled,Others,NH,Bitumen(Tar),Dry,Not Applicable,Clear,Hosur Main road,Near Veerasandra Signa,2KMS,12.83997,77.67706
Bengaluru City,Electronic City Traffic PS,1.04432e+16,2019,1,2,Road Accidents,Narrow road,City/Town,Open area,Human Error,Yes,Grievous Injury,Vehicle to Vehicle,Controlled,Not Applicable,One way,Bitumen(Tar),Dry,Not Applicable,Clear,Elevated Fly over road,Above Hosaroad Junction,3kms,12.87007,77.65325
Bengaluru City,Electronic City Traffic PS,1.04432e+16,2019,1,1,Road Accidents,Narrow road,City/Town,Open area,Human Error,No,Grievous Injury,Hit animal,Controlled,Others,NH,Bitumen(Tar),Dry,Not Applicable,Clear,Nice Road,Konappana Agrahara Junction,3kms,12.85818,77.66249
Bengaluru City,Electronic City Traffic PS,1.04432e+16,2019,1,1,Road Accidents,Curves,City/Town,Open area,Human Error,Yes,Grievous Injury,Vehicle to Vehicle,Controlled,Others,Others,Bitumen(Tar),Dry,Not Applicable,Clear,Managmanapalya Road,Near Mangamanapalya Road Infront Om Shakthi Temple,6kms,12.90205,77.63427
Bengaluru City,Electronic City Traffic PS,1.04432e+16,2019,1,2,Road Accidents,Narrow road,City/Town,Narrow bridge or culverts,Not Applicable,No,Damage Only,Vehicle to Vehicle,Uncontrolled,Not Applicable,NH,Bitumen(Tar),Dry,Not Applicable,Clear,Eleveted Flyover Road,Near PES colleg,3KM,12.85875,77.66229
Bengaluru City,Electronic City Traffic PS,1.04432e+16,2019,1,2,Road Accidents,Narrow road,City/Town,Near Bus stop,Not Applicable,Yes,Simple Injury,Vehicle to Vehicle,Not at  Junction,Straight and flat,Arterial,Bitumen(Tar),Dry,Not Applicable,Clear,Hosur  Main Road,Reliance Digital,5KM,12.86623,77.65648
Bengaluru City,Electronic City Traffic PS,1.04432e+16,2019,1,2,Road Accidents,Narrow road,City/Town,Open area,Human Error,Yes,Grievous Injury,Vehicle to Vehicle,Controlled,Others,NH,Bitumen(Tar),Dry,Not Applicable,Clear,AECS Layout main road,Near  8th  Main Road,6kms,12.88463,77.6493
Bengaluru City,Electronic City Traffic PS,1.04432e+16,2019,1,1,Road Accidents,Narrow road,City/Town,At pedestrian Crossing,Human Error,No,Grievous Injury,Hit pedestrian,Not Applicable,Others,Others,Bitumen(Tar),Dry,Not Applicable,Clear,Choodasandra road,Choodasandra,6kms,12.8871,77.67266
Bengaluru City,Electronic City Traffic PS,1.04432e+16,2019,1,1,Road Accidents,Narrow road,City/Town,Open area,Human Error,Yes,Fatal,Hit pedestrian,Controlled,Others,Others,Bitumen(Tar),Others,Not Applicable,Clear,Hosuru Main  Road,Konappana Agrahara Junction,4kms,12.8548,77.6647
Bengaluru City,Electronic City Traffic PS,1.04432e+16,2019,1,2,Road Accidents,Narrow road,City/Town,Open area,Human Error,No,Fatal,Head on,Uncontrolled,Others,Others,Bitumen(Tar),Dry,Not Applicable,Clear,Hosur Main road,Near NTTF college,2kms,12.84807,77.67047
Bengaluru City,Electronic City Traffic PS,1.04432e+16,2019,1,2,Road Accidents,Narrow road,City/Town,Open area,Human Error,Yes,Grievous Injury,Others,Controlled,Others,Others,Bitumen(Tar),Dry,Not Applicable,Clear,Begur koppa Main road,Near St Mary s School,5kms,12.84324,77.61432
Bengaluru City,Electronic City Traffic PS,1.04432e+16,2019,1,1,Road Accidents,Narrow road,City/Town,Open area,Human Error,Yes,Grievous Injury,Hit pedestrian,Controlled,Curve,NH,Bitumen(Tar),Dry,Not Applicable,Clear,Hosa Road,Naganathapura,3kms,12.87048,77.65896
Bengaluru City,Electronic City Traffic PS,1.04432e+16,2019,1,2,Road Accidents,Narrow road,City/Town,Open area,Human Error,No,Grievous Injury,Others,Controlled,Others,NH,Bitumen(Tar),Dry,Not Applicable,Clear,Hosuru Main Road,Near Electronic City Toll,1kms,0.0,0.0
Bengaluru City,Electronic City Traffic PS,1.04432e+16,2019,1,2,Road Accidents,Narrow road,City/Town,Open area,Human Error,No,Grievous Injury,Vehicle to Vehicle,Controlled,Curve,Others,Bitumen(Tar),Dry,Not Applicable,Clear,Near White Feather Convention Hall,Beratena agrahara,3kms,12.8567,77.66032
Bengaluru City,Electronic City Traffic PS,1.04432e+16,2019,1,2,Road Accidents,Narrow road,City/Town,Open area,Human Error,Yes,Grievous Injury,Vehicle to Vehicle,Controlled,Curve,NH,Bitumen(Tar),Dry,Not Applicable,Clear,Hosur  Main Road,Near Ananda Honda Service Centre,5kms,12.8392,77.66232
Bengaluru City,Electronic City Traffic PS,1.04432e+16,2019,1,2,Road Accidents,Narrow road,City/Town,Near Bus stop,Not Applicable,No,Grievous Injury,Vehicle to Vehicle,Not at  Junction,Straight and flat,Arterial,Bitumen(Tar),Dry,Not Applicable,Clear,Hosur Service Road,Veerasandra Junction,2KM,0.0,0.0
Bengaluru City,Electronic City Traffic PS,1.04432e+16,2019,1,2,Road Accidents,Narrow road,City/Town,Near office complex,Not Applicable,No,Simple Injury,Vehicle to Vehicle,Not at  Junction,Straight and flat,Arterial,Bitumen(Tar),Dry,Not Applicable,Clear,Hosur  Main Road,Reliance Digital,5KM,12.86643,77.65606
Bengaluru City,Electronic City Traffic PS,1.04432e+16,2019,1,1,Road Accidents,Narrow road,City/Town,Near Bus stop,Human Error,No,Grievous Injury,Hit pedestrian,Not at  Junction,Straight and flat,Arterial,Bitumen(Tar),Dry,Not Applicable,Clear,Rayasandra Road,Bugadikunte,6kM,12.87624,77.67741
Bengaluru City,Electronic City Traffic PS,1.04432e+16,2019,1,2,Road Accidents,Narrow road,City/Town,Near Petrol Pump,Human Error,Yes,Simple Injury,Vehicle to Vehicle,Not at  Junction,Straight and flat,Arterial,Bitumen(Tar),Dry,Not Applicable,Clear,Hosur Main Road,Bosch Company Bommmanahalli,7KM,12.83929,77.66186
Bengaluru City,Electronic City Traffic PS,1.04432e+16,2019,1,2,Road Accidents,Narrow road,City/Town,Open area,Human Error,No,Fatal,Others,Controlled,Others,Others,Bitumen(Tar),Dry,Not Applicable,Clear,HCL company road,Near Gyan Space company,1kms,12.84187,77.66558
Bengaluru City,Electronic City Traffic PS,1.04432e+16,2019,1,2,Road Accidents,Narrow road,City/Town,Open area,Human Error,No,Grievous Injury,Others,Controlled,Not Applicable,NH,Bitumen(Tar),Dry,Not Applicable,Clear,Police station road,Near KSSIDC complex Phase,200,12.84002,77.66151
Bengaluru City,Electronic City Traffic PS,1.04432e+16,2019,1,2,Road Accidents,Narrow road,City/Town,Open area,Human Error,No,Grievous Injury,Rear end,Controlled,Others,Others,Bitumen(Tar),Dry,Not Applicable,Clear,Hosur road Service road,Near Kote Garden Hotel,4kms,12.87041,77.65274
Bengaluru City,Electronic City Traffic PS,1.04432e+16,2019,1,2,Road Accidents,Other,City/Town,Open area,Human Error,Not Applicable,Grievous Injury,Rear end,Controlled,Others,NH,Bitumen(Tar),Dry,Not Applicable,Clear,Hosur Main road,Konappana Agrahara Junction,2kms,12.85616,77.66437
Bengaluru City,Electronic City Traffic PS,1.04432e+16,2019,1,2,Road Accidents,Junction,City/Town,Near Bus stop,Human Error,No,Simple Injury,Others,Signal lights Automatic,Others,NH,Bitumen(Tar),Dry,Not Applicable,Clear,Hosur Main road,Near Konappana Agrahar,2 KMS,12.85594,77.66428
Bengaluru City,Electronic City Traffic PS,1.04432e+16,2019,1,1,Road Accidents,Narrow road,City/Town,Open area,Human Error,Yes,Fatal,Hit pedestrian,Controlled,Curve,NH,Bitumen(Tar),Dry,Not Applicable,Clear,Hosuru Road,Veerasandra Junction,2kms,12.84136,77.67593