DISTRICTNAME,UNITNAME,Crime_No,Year,RI,Noofvehicle_involved,Accident_Classification,Accident_Spot,Accident_Location,Accident_SubLocation,Main_Cause,Hit_Run,Severity,Collision_Type,Junction_Control,Road_Character,Road_Type,Surface_Type,Surface_Condition,Road_Condition,Weather,Accident_Road,Landmark_first,Distance_LandMark_First,Latitude,Longitude
Bengaluru City,Electronic City Traffic PS,1.04432e+16,2021,1,2,Road Accidents,Not Applicable,City/Town,Near School or College,Human Error,No,Simple Injury,Vehicle to Vehicle,Controlled,Straight and flat,Expressway,Bitumen(Tar),Dry,Not Applicable,Clear,Elevated Fly over road,Electronic City BETL Flyover Singasandra Bus Depo,6 KM,12.88221,77.64427
Bengaluru City,Electronic City Traffic PS,1.04432e+16,2021,1,2,Road Accidents,Circle,City/Town,Near Bus stop,Human Error,No,Simple Injury,Vehicle to Vehicle,Controlled,Others,Others,Bitumen(Tar),Dry,Not Applicable,Clear,EC Phase 2,Near xema College,3,12.84753,77.67473
Bengaluru City,Electronic City Traffic PS,1.04432e+16,2021,1,2,Road Accidents,Narrow road,City/Town,Near Hospital,Human Error,No,Simple Injury,Vehicle to Vehicle,Not at  Junction,Straight and flat,Expressway,Bitumen(Tar),Dry,Not Applicable,Clear,Nice Road,Near Venkateswara Theatre,3KM,12.8568,77.66413
Bengaluru City,Electronic City Traffic PS,1.04432e+16,2021,1,2,Road Accidents,Narrow road,City/Town,Near Bus stop,Human Error,No,Fatal,Vehicle to Vehicle,Not at  Junction,Straight and flat,Others,Bitumen(Tar),Dry,Not Applicable,Clear,Begur koppa Main road,Basaweshwara Circle,4 Km,12.84398,77.61168
Bengaluru City,Electronic City Traffic PS,1.04432e+16,2021,1,1,Road Accidents,Narrow road,City/Town,Near Bus stop,Human Error,Yes,Simple Injury,Hit pedestrian,Not at  Junction,Straight and flat,NH,Bitumen(Tar),Dry,Not Applicable,Clear,Hosur  Main Road,Veerasandra metro,2 KM,0.0,0.0
Bengaluru City,Electronic City Traffic PS,1.04432e+16,2021,1,2,Road Accidents,Narrow road,City/Town,Near office complex,Human Error,No,Simple Injury,Vehicle to Vehicle,Not at  Junction,Straight and flat,Others,Bitumen(Tar),Dry,Not Applicable,Clear,Parappana Agrahara road,Karnataka Bekary,6KM,12.87202,77.66263
Bengaluru City,Electronic City Traffic PS,1.04432e+16,2021,1,2,Road Accidents,Junction,City/Town,Near a factory industrial area,Not Applicable,No,Fatal,Vehicle to Vehicle,Not Applicable,Not Applicable,NH,Bitumen(Tar),Dry,Not Applicable,Clear,Hosru Main Road,Hosur main road,2 km,12.84029,77.67679
Bengaluru City,Electronic City Traffic PS,1.04432e+16,2021,1,2,Road Accidents,Junction,City/Town,Near a factory industrial area,Human Error,No,Simple Injury,Vehicle to Vehicle,Controlled,Straight and flat,NH,Bitumen(Tar),Dry,Not Applicable,Clear,Hosur Main road,Near Veerasandra Junction,2,12.83991,77.67693
Bengaluru City,Electronic City Traffic PS,1.04432e+16,2021,1,2,Road Accidents,Not Applicable,City/Town,Near School or College,Human Error,No,Simple Injury,Vehicle to Vehicle,Controlled,Straight and flat,NH,Bitumen(Tar),Dry,Not Applicable,Clear,Hosur Main Road,Near Hemadri Building,7 km,12.90418,77.63078
Bengaluru City,Electronic City Traffic PS,1.04432e+16,2021,1,2,Road Accidents,Narrow road,City/Town,Near School or College,Human Error,No,Simple Injury,Vehicle to Vehicle,Not at  Junction,Others,NH,Bitumen(Tar),Dry,Not Applicable,Clear,Bangalore service Road,NttF College,2 KM,12.84796,77.67049
Bengaluru City,Electronic City Traffic PS,1.04432e+16,2021,1,2,Road Accidents,Junction,City/Town,Near Bus stop,Human Error,No,Damage Only,Vehicle to Vehicle,Signal lights Automatic,Straight and flat,NH,Bitumen(Tar),Dry,Not Applicable,Clear,Hosur Main Road,Hosa Road Junction,5KM,12.86988,77.65341
Bengaluru City,Electronic City Traffic PS,1.04432e+16,2021,1,2,Road Accidents,Junction,City/Town,Near Bus stop,Human Error,No,Damage Only,Vehicle to Vehicle,Controlled,Straight and flat,Others,Bitumen(Tar),Dry,Not Applicable,Clear,Nice Road,Electronic city Nice Toll,3,12.85886,77.65588
Bengaluru City,Electronic City Traffic PS,1.04432e+16,2021,1,1,Road Accidents,Not Applicable,City/Town,Near Bus stop,Human Error,Yes,Simple Injury,Hit pedestrian,Controlled,Others,Others,Bitumen(Tar),Dry,Not Applicable,Clear,Bettadasanapura Road,Bettadasanpur Road Near Max Showroom,1.5 Km,12.84238,77.64419
Bengaluru City,Electronic City Traffic PS,1.04432e+16,2021,1,2,Road Accidents,Junction,City/Town,Near a factory industrial area,Human Error,No,Damage Only,Vehicle to Vehicle,Controlled,Straight and flat,NH,Bitumen(Tar),Dry,Not Applicable,Clear,Hosur Main Road,Near Veerasandra Signa,2 KM,12.83995,77.67687
Bengaluru City,Electronic City Traffic PS,1.04432e+16,2021,1,2,Road Accidents,Narrow road,City/Town,Near Hospital,Human Error,No,Simple Injury,Vehicle to Vehicle,Not at  Junction,Straight and flat,NH,Bitumen(Tar),Dry,Not Applicable,Clear,BETL Flyover Road,HosaRoad Junction,5 KM,12.86985,77.65342
Bengaluru City,Electronic City Traffic PS,1.04432e+16,2021,1,2,Road Accidents,Not Applicable,City/Town,Near Bus stop,Human Error,No,Simple Injury,Vehicle to Vehicle,Uncontrolled,Straight and flat,One way,Bitumen(Tar),Dry,Not Applicable,Clear,BMTC Depo,BMTC DEPO,3km,12.84669,77.67269
Bengaluru City,Electronic City Traffic PS,1.04432e+16,2021,1,1,Road Accidents,Narrow road,City/Town,At pedestrian Crossing,Human Error,Yes,Fatal,Hit pedestrian,Uncontrolled,Others,Major District Road,Bitumen(Tar),Dry,Not Applicable,Clear,Infront Of  Muktamba Hotel,Beguru Koppa Road,5kms,12.83919,77.62167
Bengaluru City,Electronic City Traffic PS,1.04432e+16,2021,1,2,Road Accidents,Narrow road,City/Town,Open area,Not Applicable,No,Simple Injury,Vehicle to Vehicle,Not Applicable,Not Applicable,NH,Bitumen(Tar),Dry,Not Applicable,Clear,Near Electronic city toll,Hosur main road,2 km,12.84502,77.6728
Bengaluru City,Electronic City Traffic PS,1.04432e+16,2021,1,2,Road Accidents,Narrow road,City/Town,Open area,Human Error,No,Simple Injury,Vehicle to Vehicle,Not Applicable,Others,Others,Bitumen(Tar),Dry,Not Applicable,Clear,Rayasandra Road,Rayasandra Road,5 KM,12.88423,77.67227
Bengaluru City,Electronic City Traffic PS,1.04432e+16,2021,1,2,Road Accidents,Not Applicable,City/Town,Near Hospital,Human Error,Yes,Simple Injury,Vehicle to Vehicle,Controlled,Straight and flat,NH,Bitumen(Tar),Dry,Not Applicable,Clear,Hosur Serivce Road,Near Govt Hospital Singasandra,6,12.87288,77.65122
Bengaluru City,Electronic City Traffic PS,1.04432e+16,2021,1,2,Road Accidents,Narrow road,City/Town,Near Bus stop,Human Error,Yes,Simple Injury,Vehicle to Vehicle,Not at  Junction,Straight and flat,NH,Bitumen(Tar),Dry,Not Applicable,Clear,ITI Layout Road,Ground,5KM,12.90072,77.64095
Bengaluru City,Electronic City Traffic PS,1.04432e+16,2021,1,2,Road Accidents,Junction,City/Town,Near Bus stop,Human Error,No,Simple Injury,Vehicle to Vehicle,Signal lights Automatic,Straight and flat,NH,Bitumen(Tar),Dry,Not Applicable,Clear,Hosur  Main Road,Hosa Road Junction,5KM,12.86993,77.65326
Bengaluru City,Electronic City Traffic PS,1.04432e+16,2021,1,1,Road Accidents,Junction,City/Town,Near office complex,Human Error,No,Damage Only,Not Applicable,Controlled,Straight and flat,NH,Bitumen(Tar),Dry,Not Applicable,Clear,Nice Road,Nice Road E C Toll,2,12.85845,77.65793
Bengaluru City,Electronic City Traffic PS,1.04432e+16,2021,1,2,Road Accidents,Junction,City/Town,Near Bus stop,Human Error,No,Simple Injury,Vehicle to Vehicle,Signal lights Automatic,Straight and flat,NH,Bitumen(Tar),Dry,Not Applicable,Clear,Service road,E C 2 Junction,2 KM,12.85609,77.66409
Bengaluru City,Electronic City Traffic PS,1.04432e+16,2021,1,1,Road Accidents,Narrow road,City/Town,Near Petrol Pump,Human Error,No,Damage Only,Not Applicable,Not at  Junction,Straight and flat,NH,Bitumen(Tar),Dry,Not Applicable,Clear,Hosur  Main Road,Kudlu gate,4km,12.88902,77.64016
Bengaluru City,Electronic City Traffic PS,1.04432e+16,2021,1,2,Road Accidents,Narrow road,City/Town,Open area,Human Error,Yes,Fatal,Vehicle to Vehicle,Controlled,Others,Expressway,Bitumen(Tar),Dry,Not Applicable,Clear,Nice Road,S N N Raj Apartment,7kms,12.85493,77.61043
Bengaluru City,Electronic City Traffic PS,1.04432e+16,2021,1,2,Road Accidents,Narrow road,City/Town,Near Bus stop,Human Error,No,Simple Injury,Vehicle to Vehicle,Not at  Junction,Straight and flat,NH,Bitumen(Tar),Dry,Not Applicable,Clear,Hosur  Main Road,Veerasandra Junction,2 KM,12.83997,77.67703
Bengaluru City,Electronic City Traffic PS,1.04432e+16,2021,1,4,Road Accidents,Narrow road,City/Town,Near office complex,Human Error,No,Simple Injury,Vehicle to Vehicle,Not at  Junction,Straight and flat,NH,Bitumen(Tar),Wet,Not Applicable,Light Rain,BETPL Flyover,Near D Mart,2KM,12.84391,77.6739
Bengaluru City,Electronic City Traffic PS,1.04432e+16,2021,1,2,Road Accidents,Narrow road,City/Town,Near Hospital,Human Error,No,Simple Injury,Vehicle to Vehicle,Not Applicable,Others,NH,Bitumen(Tar),Dry,Not Applicable,Clear,Hosru Main Road,Hosru Main Road,3 km,12.87228,77.6516
Bengaluru City,Electronic City Traffic PS,1.04432e+16,2021,1,1,Road Accidents,Narrow road,City/Town,Near Bus stop,Human Error,No,Simple Injury,Hit pedestrian,Not Applicable,Straight and flat,NH,Bitumen(Tar),Dry,Not Applicable,Clear,Hosru Main Road,Hosru Main Road,3 km,12.86803,77.65469
Bengaluru City,Electronic City Traffic PS,1.04432e+16,2021,1,1,Road Accidents,Not Applicable,City/Town,Residential area,Human Error,No,Simple Injury,Hit pedestrian,Not Applicable,Straight and flat,Others,Bitumen(Tar),Dry,Not Applicable,Clear,Doddanagamangala road,Near Topamman Temple,34,12.8623,77.6723
Bengaluru City,Electronic City Traffic PS,1.04432e+16,2021,1,2,Road Accidents,Not Applicable,City/Town,Near office complex,Human Error,No,Simple Injury,Vehicle to Vehicle,Not at  Junction,Straight and flat,Others,Bitumen(Tar),Dry,Not Applicable,Clear,Neeladri Road,Concord Apts,2,12.84004,77.65324
Bengaluru City,Electronic City Traffic PS,1.04432e+16,2021,1,2,Road Accidents,Narrow road,City/Town,Open area,Human Error,No,Fatal,Vehicle to Vehicle,Controlled,Not Applicable,NH,Bitumen(Tar),Dry,Not Applicable,Clear,"Electronic City,",Near Audi Car Service,2 Km,12.8412,77.6763
Bengaluru City,Electronic City Traffic PS,1.04432e+16,2021,1,1,Road Accidents,Narrow road,City/Town,Near Bus stop,Human Error,Yes,Simple Injury,Not Applicable,Not at  Junction,Straight and flat,NH,Bitumen(Tar),Dry,Not Applicable,Clear,Hosru Main Road,HosaRoad Junction,4KM,12.87109,77.65226
Bengaluru City,Electronic City Traffic PS,1.04432e+16,2021,1,2,Road Accidents,Narrow road,City/Town,Open area,Human Error,Yes,Simple Injury,Vehicle to Vehicle,Not at  Junction,Straight and flat,Others,Bitumen(Tar),Dry,Not Applicable,Clear,Vittasandra Main Road,Water Tank,3 KM,12.84942,77.63561
Bengaluru City,Electronic City Traffic PS,1.04432e+16,2021,1,2,Road Accidents,Narrow road,City/Town,Near Bus stop,Human Error,Yes,Simple Injury,Vehicle to Vehicle,Not at  Junction,Straight and flat,NH,Bitumen(Tar),Dry,Not Applicable,Clear,Hosur Service Road,NttF College,2km,12.8472,77.67084
Bengaluru City,Electronic City Traffic PS,1.04432e+16,2021,1,3,Road Accidents,Narrow road,City/Town,Near office complex,Human Error,No,Simple Injury,Vehicle to Vehicle,Not at  Junction,Straight and flat,NH,Bitumen(Tar),Dry,Not Applicable,Clear,Hosuru Main Road,GB Pallya,6KM,12.8941,77.63707
Bengaluru City,Electronic City Traffic PS,1.04432e+16,2021,1,2,Road Accidents,Narrow road,City/Town,Near Bus stop,Not Applicable,Yes,Fatal,Vehicle to Vehicle,Not Applicable,Not Applicable,NH,Bitumen(Tar),Dry,Not Applicable,Clear,kudlu Gate main road,Kudlu gate,7 km,12.88994,77.63954
Bengaluru City,Electronic City Traffic PS,1.04432e+16,2021,1,2,Road Accidents,Curves,City/Town,Open area,Not Applicable,No,Fatal,Vehicle to Vehicle,Not Applicable,Curve and Incline,Others,Bitumen(Tar),Dry,Not Applicable,Clear,On Connecting flyover,Conneting flyover Electronic City,2 km,12.84482,77.67407
Bengaluru City,Electronic City Traffic PS,1.04432e+16,2021,1,1,Road Accidents,Narrow road,City/Town,Residential area,Human Error,Yes,Fatal,Hit pedestrian,Not Applicable,Others,Residential Street,Bitumen(Tar),Dry,Not Applicable,Clear,somasundrapaly road,Manar Apartment,7KM,12.8913,77.64919
Bengaluru City,Electronic City Traffic PS,1.04432e+16,2021,1,2,Road Accidents,Narrow road,City/Town,Near office complex,Human Error,No,Simple Injury,Vehicle to Vehicle,Not at  Junction,Straight and flat,Expressway,Bitumen(Tar),Dry,Not Applicable,Clear,Nice Road,Naidu Propertis,5KM,12.86155,77.6491
Bengaluru City,Electronic City Traffic PS,1.04432e+16,2021,1,2,Road Accidents,Not Applicable,City/Town,Near Petrol Pump,Human Error,Yes,Simple Injury,Vehicle to Vehicle,Controlled,Straight and flat,NH,Bitumen(Tar),Dry,Not Applicable,Clear,Hosru Main Road,Near Nexa Car Service,3,12.86548,77.65695
Bengaluru City,Electronic City Traffic PS,1.04432e+16,2021,1,2,Road Accidents,Curves,City/Town,Open area,Human Error,Yes,Fatal,Vehicle to Vehicle,Uncontrolled,Curve,Expressway,Bitumen(Tar),Dry,Not Applicable,Clear,Nice Road,Naidhu Proprties,4 Kms,12.86701,77.63485
Bengaluru City,Electronic City Traffic PS,1.04432e+16,2021,1,2,Road Accidents,Curves,City/Town,Open area,Not Applicable,Not Applicable,Simple Injury,Vehicle to Vehicle,Not at  Junction,Others,NH,Bitumen(Tar),Dry,Not Applicable,Clear,Hosur Road,Hosur main road,2 km,12.86988,77.65322
Bengaluru City,Electronic City Traffic PS,1.04432e+16,2021,1,1,Road Accidents,Narrow road,City/Town,Open area,Not Applicable,No,Fatal,Hit bicyclist,Not Applicable,Others,Service Road,Bitumen(Tar),Dry,Not Applicable,Clear,Singasandra Service Road,Hosur service Road,4 Km,12.88061,77.64538
Bengaluru City,Electronic City Traffic PS,1.04432e+16,2021,1,2,Road Accidents,Narrow road,City/Town,Open area,Not Applicable,No,Simple Injury,Vehicle to Vehicle,Not Applicable,Straight and flat,NH,Bitumen(Tar),Dry,Not Applicable,Clear,Hosru Main Road,Hosur main road Near Near Singasandara JSP Ford Show Room,6 KM,12.88422,77.64308
Bengaluru City,Electronic City Traffic PS,1.04432e+16,2021,1,2,Road Accidents,Curves,City/Town,Open area,Human Error,Yes,Fatal,Vehicle to Vehicle,Controlled,Not Applicable,NH,Bitumen(Tar),Dry,Not Applicable,Clear,Hosuru Main Road,Near Electronic City Toll Plaza,2kms,12.84097,77.67633
Bengaluru City,Electronic City Traffic PS,1.04432e+16,2021,1,2,Road Accidents,Not Applicable,City/Town,Near Bus stop,Human Error,No,Simple Injury,Vehicle to Vehicle,Controlled,Straight and flat,NH,Bitumen(Tar),Dry,Not Applicable,Clear,Hosa Road Service Road,Hosur Service Road Near Toyooto Car Service Center,7,12.90105,77.63281
Bengaluru City,Electronic City Traffic PS,1.04432e+16,2021,1,2,Road Accidents,Narrow road,City/Town,Near Hospital,Human Error,No,Simple Injury,Vehicle to Vehicle,Not at  Junction,Straight and flat,NH,Bitumen(Tar),Dry,Not Applicable,Clear,Elevated Fly over road,Hosaroad Junction,4KM,12.86985,77.65345
Bengaluru City,Electronic City Traffic PS,1.04432e+16,2021,1,1,Road Accidents,Narrow road,City/Town,Open area,Human Error,No,Simple Injury,Not Applicable,Controlled,Hump,Residential Street,Bitumen(Tar),Dry,Not Applicable,Clear,Celebrity layout Doddathogur,Doddathogur,2 km,12.84892,77.6454
Bengaluru City,Electronic City Traffic PS,1.04432e+16,2021,1,2,Road Accidents,Junction,City/Town,Near Bus stop,Human Error,No,Simple Injury,Vehicle to Vehicle,Controlled,Straight and flat,NH,Bitumen(Tar),Dry,Not Applicable,Clear,Hosur Main Road,EC 2,2 km,12.85604,77.66427
Bengaluru City,Electronic City Traffic PS,1.04432e+16,2021,1,1,Road Accidents,Junction,City/Town,Near Bus stop,Human Error,Yes,Simple Injury,Hit pedestrian,Controlled,Curve,Others,Bitumen(Tar),Dry,Not Applicable,Clear,somasundrapaly road,Somasunadarpalya Curcle,10,12.89889,77.65118
Bengaluru City,Electronic City Traffic PS,1.04432e+16,2021,1,1,Road Accidents,Not Applicable,City/Town,Near Bus stop,Human Error,No,Simple Injury,Hit pedestrian,Controlled,Straight and flat,NH,Bitumen(Tar),Dry,Not Applicable,Clear,"Electronic City,",Near BMTC Dipo,2,12.84661,77.672
Bengaluru City,Electronic City Traffic PS,1.04432e+16,2021,1,1,Road Accidents,Not Applicable,City/Town,Near Bus stop,Human Error,No,Simple Injury,Not Applicable,Controlled,Straight and flat,NH,Bitumen(Tar),Dry,Not Applicable,Clear,Hosa Road,Near White Fether,3 KM,12.85993,77.66114
Bengaluru City,Electronic City Traffic PS,1.04432e+16,2021,1,1,Road Accidents,Junction,City/Town,Near Bus stop,Human Error,No,Simple Injury,Hit bicyclist,Signal lights Automatic,Straight and flat,NH,Bitumen(Tar),Dry,Not Applicable,Clear,Konappana Agrahara Signal,Konappana Agrahara Bus Stop,4 Km,12.85604,77.66437
Bengaluru City,Electronic City Traffic PS,1.04432e+16,2021,1,2,Road Accidents,Narrow road,City/Town,Near School or College,Human Error,No,Simple Injury,Vehicle to Vehicle,Not Applicable,Straight and flat,NH,Bitumen(Tar),Dry,Not Applicable,Clear,Hosur Road,NttF College,2 KM,12.84808,77.67043
Bengaluru City,Electronic City Traffic PS,1.04432e+16,2021,1,1,Road Accidents,Narrow road,City/Town,Near Bus stop,Human Error,No,Simple Injury,Hit pedestrian,Not at  Junction,Straight and flat,NH,Bitumen(Tar),Dry,Not Applicable,Clear,Hosur  Main Road,G B Pallya Signal,6 KM,12.89582,77.63587
Bengaluru City,Electronic City Traffic PS,1.04432e+16,2021,1,2,Road Accidents,Narrow road,City/Town,Near Bus stop,Human Error,No,Simple Injury,Vehicle to Vehicle,Not at  Junction,Straight and flat,Others,Bitumen(Tar),Dry,Not Applicable,Clear,Neeladri road,Ittina Mahaveer Apartment,2KM,12.84135,77.64855
Bengaluru City,Electronic City Traffic PS,1.04432e+16,2021,1,1,Road Accidents,Narrow road,City/Town,Near Bus stop,Human Error,Not Applicable,Simple Injury,Not Applicable,Not Applicable,Not Applicable,NH,Bitumen(Tar),Dry,Not Applicable,Clear,Hosru Main Road,Hosur main road,6 KM,12.89539,77.63626
Bengaluru City,Electronic City Traffic PS,1.04432e+16,2021,1,3,Road Accidents,Narrow road,City/Town,Open area,Human Error,Not Applicable,Not Applicable,Vehicle to Vehicle,Not Applicable,Others,NH,Bitumen(Tar),Dry,Not Applicable,Clear,Hosru Main Road,Hosur main road,2 Km,12.83993,77.67692
Bengaluru City,Electronic City Traffic PS,1.04432e+16,2021,1,2,Road Accidents,Narrow road,City/Town,Near office complex,Not Applicable,No,Simple Injury,Vehicle to Vehicle,Not Applicable,Others,NH,Bitumen(Tar),Dry,Not Applicable,Clear,Near Bosch Building Bommanahalli Road,Near Bosch Building Bommanahalli Road,7 KM,12.90158,77.63234
Bengaluru City,Electronic City Traffic PS,1.04432e+16,2022,1,2,Road Accidents,Cross roads,City/Town,Near School or College,Human Error,No,Simple Injury,Vehicle to Vehicle,Not at  Junction,Others,NH,Bitumen(Tar),Dry,Not Applicable,Clear,Hosru Main Road,Near Oxford Collage,7KM,12.90272,77.63169
Bengaluru City,Electronic City Traffic PS,1.04432e+16,2022,1,1,Road Accidents,Narrow road,City/Town,Open area,Human Error,No,Simple Injury,Hit pedestrian,Controlled,Not Applicable,NH,Bitumen(Tar),Dry,Not Applicable,Clear,Konappana Agrahara,Hosur Main road Below Nice road Flyover,2 km,12.85807,77.66287
Bengaluru City,Electronic City Traffic PS,1.04432e+16,2022,1,1,Road Accidents,Narrow road,City/Town,Open area,Human Error,No,Fatal,Not Applicable,Controlled,Others,NH,Bitumen(Tar),Dry,Not Applicable,Clear,"Hosur Main Road Veersandra junction,",Veerasandra Junction,2 km,12.83999,77.67685
Bengaluru City,Electronic City Traffic PS,1.04432e+16,2022,1,2,Road Accidents,Narrow road,City/Town,Open area,Human Error,No,Grievous Injury,Vehicle to Vehicle,Controlled,Others,Expressway,Bitumen(Tar),Dry,Not Applicable,Clear,Nice road Electronic City toll Plaza,Toll Plaza,3 KM,12.86142,77.65067
Bengaluru City,Electronic City Traffic PS,1.04432e+16,2022,1,2,Road Accidents,Narrow road,City/Town,Open area,Human Error,No,Grievous Injury,Vehicle to Vehicle,Controlled,Others,Others,Bitumen(Tar),Dry,Not Applicable,Clear,Bettadasanapura,Near St Xavier School,2 KM,12.84344,77.63781
Bengaluru City,Electronic City Traffic PS,1.04432e+16,2022,1,2,Road Accidents,Narrow road,City/Town,Open area,Human Error,Yes,Simple Injury,Vehicle to Vehicle,Controlled,Others,Others,Bitumen(Tar),Dry,Not Applicable,Clear,Begur Koppa Road Bettadasanapura,Near Jelly Machine Gage Junction,3 Km,12.83625,77.62504
Bengaluru City,Electronic City Traffic PS,1.04432e+16,2022,1,2,Road Accidents,Junction,City/Town,Near Bus stop,Human Error,Yes,Grievous Injury,Vehicle to Vehicle,Not Applicable,Straight and flat,NH,Bitumen(Tar),Not Applicable,Not Applicable,Clear,HOSUR MAIN ROAD garebhavipallya JN,HOSUR MAIN ROAD garebhavipallya JN,10 KM,12.8945,77.63659
Bengaluru City,Electronic City Traffic PS,1.04432e+16,2022,1,2,Road Accidents,Narrow road,City/Town,Open area,Human Error,Yes,Grievous Injury,Vehicle to Vehicle,Controlled,Others,NH,Bitumen(Tar),Dry,Not Applicable,Clear,Nice Road,Near Konappana Agrahara,3,0.0,0.0
Bengaluru City,Electronic City Traffic PS,1.04432e+16,2022,1,1,Road Accidents,Narrow road,City/Town,Near office complex,Human Error,No,Simple Injury,Hit pedestrian,Not Applicable,Not Applicable,Others,Bitumen(Tar),Dry,Not Applicable,Clear,Doddanagamangala road,Near Bosch company Gate,2 km,12.86821,77.66175
Bengaluru City,Electronic City Traffic PS,1.04432e+16,2022,1,1,Road Accidents,Narrow road,City/Town,Open area,Human Error,No,Simple Injury,Hit pedestrian,Controlled,Others,Others,Bitumen(Tar),Dry,Not Applicable,Clear,"2nd Cross road, Rayasandra",Huskur Post,4Km,12.87612,77.6749
Bengaluru City,Electronic City Traffic PS,1.04432e+16,2022,1,1,Road Accidents,Not Applicable,City/Town,Near Bus stop,Human Error,No,Simple Injury,Hit pedestrian,Controlled,Straight and flat,NH,Bitumen(Tar),Dry,Not Applicable,Clear,Hosru Main Road,Near GB Paly Bus Stop,7km,12.8965,77.63551
Bengaluru City,Electronic City Traffic PS,1.04432e+16,2022,1,2,Road Accidents,Narrow road,City/Town,Open area,Human Error,No,Grievous Injury,Vehicle to Vehicle,Not Applicable,Not Applicable,Others,Not Applicable,Others,Not Applicable,Clear,elevented Fly Over,Eleveted Fly Over Near Konappan agrahar,2,12.86975,12.86124
Bengaluru City,Electronic City Traffic PS,1.04432e+16,2022,1,1,Road Accidents,Narrow road,City/Town,Near office complex,Human Error,Yes,Grievous Injury,Hit pedestrian,Controlled,Others,Others,Bitumen(Tar),Dry,Not Applicable,Clear,Shanthipura Road,Near Simance Company,3 KM,0.0,0.0
Bengaluru City,Electronic City Traffic PS,1.04432e+16,2022,1,2,Road Accidents,Narrow road,City/Town,Open area,Human Error,No,Grievous Injury,Vehicle to Vehicle,Not Applicable,Not Applicable,Others,Bitumen(Tar),Dry,Not Applicable,Fine,Near Nice Road Priza,3 Km North,3,0.0,0.0
Bengaluru City,Electronic City Traffic PS,1.04432e+16,2022,1,1,Road Accidents,Narrow road,City/Town,Open area,Human Error,No,Simple Injury,Hit pedestrian,Controlled,Others,Service Road,Bitumen(Tar),Dry,Not Applicable,Clear,Hosur main road Near Volkswagen Car Service Cen Naganathapura,Naer Volkswagen Car Service,4 KM,12.87209,77.65132
Bengaluru City,Electronic City Traffic PS,1.04432e+16,2022,1,2,Road Accidents,Not Applicable,City/Town,Near a factory industrial area,Human Error,No,Simple Injury,Vehicle to Vehicle,Controlled,Straight and flat,Others,Bitumen(Tar),Dry,Not Applicable,Clear,Naganathapur road,Near Bosch Company,5KM,0.0,0.0
Bengaluru City,Electronic City Traffic PS,1.04432e+16,2022,1,2,Road Accidents,Narrow road,City/Town,Open area,Human Error,No,Simple Injury,Vehicle to Vehicle,Controlled,Others,One way,Bitumen(Tar),Dry,Not Applicable,Clear,Naganathapur Electronic City,Opp Bosch Company,5KM,12.8718,77.66226
Bengaluru City,Electronic City Traffic PS,1.04432e+16,2022,1,2,Road Accidents,Narrow road,City/Town,Near office complex,Human Error,No,Simple Injury,Vehicle to Vehicle,Controlled,Others,NH,Bitumen(Tar),Dry,Not Applicable,Clear,Kudlu,Near Kudlu Gate Jun,5 KM,12.89237,77.63805
Bengaluru City,Electronic City Traffic PS,1.04432e+16,2022,1,1,Road Accidents,Junction,City/Town,Near a factory industrial area,Human Error,No,Grievous Injury,Not Applicable,Controlled,Others,Others,Bitumen(Tar),Dry,Not Applicable,Clear,Electronic City Phase   1,Ottera Hotel,1 km,0.0,0.0
Bengaluru City,Electronic City Traffic PS,1.04432e+16,2022,1,2,Road Accidents,Narrow road,City/Town,Open area,Human Error,No,Simple Injury,Hit pedestrian,Controlled,Others,NH,Bitumen(Tar),Dry,Not Applicable,Clear,Singasandr,Hosur Main Road,5 KM,0.0,0.0
Bengaluru City,Electronic City Traffic PS,1.04432e+16,2022,1,2,Road Accidents,Junction,City/Town,Residential area,Human Error,No,Grievous Injury,Vehicle to Vehicle,Stop Sign,Others,Others,Not Applicable,Dry,Not Applicable,Not Applicable,Central  Jail Road Doddanagamangal Jn,Central Jail Road,5 KM,0.0,0.0
Bengaluru City,Electronic City Traffic PS,1.04432e+16,2022,1,1,Road Accidents,Narrow road,City/Town,Open area,Human Error,No,Grievous Injury,Hit pedestrian,Controlled,Others,Others,Bitumen(Tar),Dry,Not Applicable,Clear,Hosuru Main Road singasandra,Near SBI Bank Service Road,6 KM,0.0,0.0
Bengaluru City,Electronic City Traffic PS,1.04432e+16,2022,1,2,Road Accidents,Not Applicable,City/Town,Open area,Human Error,Yes,Grievous Injury,Vehicle to Vehicle,Controlled,Others,Others,Bitumen(Tar),Dry,Not Applicable,Clear,Kudlu Village,Near Halli Mani Hotel,5 KM,0.0,0.0