DISTRICTNAME,UNITNAME,Crime_No,Year,RI,Noofvehicle_involved,Accident_Classification,Accident_Spot,Accident_Location,Accident_SubLocation,Main_Cause,Hit_Run,Severity,Collision_Type,Junction_Control,Road_Character,Road_Type,Surface_Type,Surface_Condition,Road_Condition,Weather,Accident_Road,Landmark_first,Distance_LandMark_First,Latitude,Longitude
Bengaluru City,Electronic City Traffic PS,1.04432e+16,2022,1,1,Road Accidents,Narrow road,City/Town,Residential area,Human Error,Not Applicable,Not Applicable,Hit animal,Controlled,Others,Others,Bitumen(Tar),Dry,Not Applicable,Clear,Hosaroad Naganathapur,Near Old RTO Building,5 KM,12.87078,77.6595
Bengaluru City,Electronic City Traffic PS,1.04432e+16,2022,1,2,Road Accidents,Narrow road,City/Town,Open area,Human Error,No,Simple Injury,Vehicle to Vehicle,Controlled,Not Applicable,Service Road,Bitumen(Tar),Dry,Not Applicable,Clear,Bommanahall,Hosur road Service road Near Hemadri Ceramics,7 KM,12.90943,77.63041
Bengaluru City,Electronic City Traffic PS,1.04432e+16,2022,1,2,Road Accidents,Curves,City/Town,Open area,Human Error,No,Fatal,Vehicle to Vehicle,Controlled,Others,NH,Bitumen(Tar),Dry,Not Applicable,Clear,G B Palya Service Road,Hosur road Service road,6 KM,12.89439,77.63689
Bengaluru City,Electronic City Traffic PS,1.04432e+16,2022,1,2,Road Accidents,Not Applicable,City/Town,Near Petrol Pump,Human Error,Yes,Simple Injury,Vehicle to Vehicle,Not at  Junction,Straight and flat,NH,Bitumen(Tar),Dry,Not Applicable,Clear,Hosru Main Road,Near Oxford Collage,8km,12.9022,77.63201
Bengaluru City,Electronic City Traffic PS,1.04432e+16,2022,1,2,Road Accidents,Junction,City/Town,Near a factory industrial area,Human Error,No,Damage Only,Vehicle to Vehicle,Controlled,Straight and flat,NH,Bitumen(Tar),Dry,Not Applicable,Clear,"Hosur Main Road Veersandra junction,",Near Veeasandra jun,2 km,12.84004,77.67702
Bengaluru City,Electronic City Traffic PS,1.04432e+16,2022,1,2,Road Accidents,Junction,City/Town,Open area,Human Error,Yes,Fatal,Vehicle to Vehicle,Controlled,Others,NH,Bitumen(Tar),Dry,Not Applicable,Clear,Hosur Main Road Veerasandra,Near Electronic City Toll,3 KM,12.84188,77.67618
Bengaluru City,Electronic City Traffic PS,1.04432e+16,2022,1,1,Road Accidents,Junction,City/Town,Open area,Human Error,No,Simple Injury,Hit pedestrian,Controlled,Others,NH,Bitumen(Tar),Dry,Not Applicable,Clear,Electronic City Phase   1,Hosru Main Road,2 km,0.0,0.0
Bengaluru City,Electronic City Traffic PS,1.04432e+16,2022,1,2,Road Accidents,Not Applicable,City/Town,Narrow bridge or culverts,Human Error,Yes,Fatal,Vehicle to Vehicle,Not at  Junction,Not Applicable,Others,Bitumen(Tar),Not Applicable,Not Applicable,Clear,Nice road Electronic City,Nice Road Near Toll plaza,02km,12.864974,77.627258
Bengaluru City,Electronic City Traffic PS,1.04432e+16,2022,1,2,Road Accidents,Narrow road,City/Town,Open area,Human Error,No,Grievous Injury,Vehicle to Vehicle,Controlled,Others,Expressway,Bitumen(Tar),Dry,Not Applicable,Clear,Nice road Electronic City toll Plaza,Electronic city Nice Toll,2 Km,12.85827,77.65794
Bengaluru City,Electronic City Traffic PS,1.04432e+16,2022,1,1,Road Accidents,Not Applicable,Rural Areas,Near Bus stop,Human Error,No,Simple Injury,Hit pedestrian,Controlled,Straight and flat,Minor District Road,Bitumen(Tar),Dry,Not Applicable,Clear,Begur koppa Main road,Near Vaddapalya Bus Stop,4 KM,12.84315,77.61453
Bengaluru City,Electronic City Traffic PS,1.04432e+16,2022,1,1,Road Accidents,Cross roads,City/Town,Near or inside a village,Human Error,No,Simple Injury,Hit pedestrian,Not Applicable,Straight and flat,Others,Bitumen(Tar),Dry,Not Applicable,Clear,Parappana Agrahara road,Near Manjunath Bar 1st Cross,5km,0.0,0.0
Bengaluru City,Electronic City Traffic PS,1.04432e+16,2022,1,2,Not Applicable,Junction,City/Town,Near office complex,Human Error,No,Grievous Injury,Vehicle to Vehicle,Signal lights Automatic,Straight and flat,NH,Bitumen(Tar),Dry,Not Applicable,Clear,Hosru Main Road,veerasandra junction,2 Km,0.0,0.0
Bengaluru City,Electronic City Traffic PS,1.04432e+16,2022,1,1,Road Accidents,Narrow road,City/Town,Open area,Human Error,Yes,Fatal,Hit pedestrian,Not Applicable,Others,NH,Bitumen(Tar),Dry,Not Applicable,Clear,BETPL Elevetad Fly Over Electronic City,Near Navaneet Motors Car Showroom,3 Km,0.0,0.0
Bengaluru City,Electronic City Traffic PS,1.04432e+16,2022,1,2,Road Accidents,Narrow road,City/Town,Open area,Human Error,No,Simple Injury,Vehicle to Vehicle,Controlled,Others,Sub Arterial,Bitumen(Tar),Dry,No influence on accident,Clear,"Kasavanahalli, Rayasandra cross",Rayasandra Cross,6 KM,0.0,0.0
Bengaluru City,Electronic City Traffic PS,1.04432e+16,2022,1,2,Not Applicable,Junction,City/Town,Near Bus stop,Not Applicable,No,Grievous Injury,Vehicle to Vehicle,Police / Manual,Not Applicable,NH,Bitumen(Tar),Dry,Not Applicable,Others,Hosru Main Road,Hosur main road Konappan agrahara,2 kM,0.0,0.0
Bengaluru City,Electronic City Traffic PS,1.04432e+16,2022,1,2,Road Accidents,Not Applicable,City/Town,Open area,Human Error,No,Simple Injury,Vehicle to Vehicle,Controlled,Straight and flat,Others,Bitumen(Tar),Dry,Not Applicable,Clear,Slivar County Road,Near Milk Parlar,6KM,12.88875,77.67231
Bengaluru City,Electronic City Traffic PS,1.04432e+16,2022,1,2,Road Accidents,Narrow road,City/Town,Near office complex,Human Error,No,Not Applicable,Vehicle to Vehicle,Controlled,Others,Not Applicable,Bitumen(Tar),Dry,Not Applicable,Clear,Mangammanapalya Main road,Muniyappa Complex,7 KM,12.90643,77.63005
Bengaluru City,Electronic City Traffic PS,1.04432e+16,2022,1,2,Road Accidents,Not Applicable,City/Town,Near office complex,Human Error,No,Grievous Injury,Vehicle to Vehicle,Not at  Junction,Straight and flat,Others,Bitumen(Tar),Dry,Not Applicable,Clear,Neeladri road Electronic City,Near Wipro Gate No 14,1 KM,12.83954,77.65411
Bengaluru City,Electronic City Traffic PS,1.04432e+16,2022,1,1,Road Accidents,Narrow road,City/Town,Residential area,Not Applicable,Yes,Grievous Injury,Hit pedestrian,Not at  Junction,Others,Sub Arterial,Bitumen(Tar),Others,Not Applicable,Clear,HOSUR MAIN ROAD  NEAR D MART,D MART,62KM,0.0,0.0
Bengaluru City,Electronic City Traffic PS,1.04432e+16,2022,1,2,Road Accidents,Junction,City/Town,Open area,Human Error,Not Applicable,Not Applicable,Vehicle to Vehicle,Controlled,Others,Others,Bitumen(Tar),Dry,Not Applicable,Clear,Doddathogur Road,Doddathogur,1Km,0.0,0.0
Bengaluru City,Electronic City Traffic PS,1.04432e+16,2022,1,1,Road Accidents,Narrow road,City/Town,Open area,Human Error,No,Grievous Injury,Hit pedestrian,No signal lights,Others,One way,Bitumen(Tar),Others,Not Applicable,Clear,Electrono City Phase 1,Neeladri Road,1.5 km,12.83935,77.65615
Bengaluru City,Electronic City Traffic PS,1.04432e+16,2022,1,1,Road Accidents,Narrow road,City/Town,Residential area,Human Error,Yes,Grievous Injury,Hit pedestrian,Not Applicable,Others,Residential Street,Bitumen(Tar),Dry,Not Applicable,Clear,Tunga layout Bettadasanapura,Near No 845 3rd Cross Tunga layout,4 KM,12.84432,77.63274
Bengaluru City,Electronic City Traffic PS,1.04432e+16,2022,1,2,Road Accidents,Narrow road,City/Town,Open area,Human Error,No,Grievous Injury,Vehicle to Vehicle,Controlled,Others,Others,Concrete,Dry,Not Applicable,Clear,G S Palya,Near Aroya Mata Church,3 KM,0.0,0.0
Bengaluru City,Electronic City Traffic PS,1.04432e+16,2022,1,2,Road Accidents,Narrow road,City/Town,Open area,Human Error,No,Simple Injury,Vehicle to Vehicle,Controlled,Others,NH,Bitumen(Tar),Dry,Not Applicable,Clear,Hosru Main Road Flyover,Hosru Main Road,3 K M,0.0,0.0
Bengaluru City,Electronic City Traffic PS,1.04432e+16,2022,1,2,Road Accidents,Narrow road,City/Town,Residential area,Human Error,No,Simple Injury,Vehicle to Vehicle,Controlled,Others,Others,Bitumen(Tar),Dry,Not Applicable,Clear,Rayasandra Road,Near Sri Angala Parameswari Temple,5 KM,12.87548,77.67783
Bengaluru City,Electronic City Traffic PS,1.04432e+16,2022,1,2,Road Accidents,Junction,City/Town,Open area,Human Error,No,Grievous Injury,Vehicle to Vehicle,Controlled,Others,Others,Bitumen(Tar),Dry,Not Applicable,Clear,"Choodasandra Road, Birla Junction",Birla Junction,5KM,12.89387,77.65678
Bengaluru City,Electronic City Traffic PS,1.04432e+16,2022,1,2,Road Accidents,Narrow road,City/Town,Open area,Human Error,No,Fatal,Vehicle to Vehicle,Not Applicable,Others,NH,Bitumen(Tar),Dry,Not Applicable,Clear,Elevated Flyover  Garvebavipalya,Near Pai Show Room,6 KM,12.897,77.63511
Bengaluru City,Electronic City Traffic PS,1.04432e+16,2022,1,2,Road Accidents,Narrow road,City/Town,Near office complex,Human Error,Yes,Simple Injury,Vehicle to Vehicle,Controlled,Others,NH,Bitumen(Tar),Dry,Not Applicable,Clear,Konappana Agrahara,Near Metro Whole sale,2 KM,12.86199,77.65972
Bengaluru City,Electronic City Traffic PS,1.04432e+16,2022,1,1,Road Accidents,Not Applicable,City/Town,Near School or College,Human Error,No,Simple Injury,Not Applicable,Not Applicable,Others,Others,Bitumen(Tar),Dry,Not Applicable,Clear,Kudlu Parappana Agrahar,Near Stone Quarry,4KM,12.88421,77.65584
Bengaluru City,Electronic City Traffic PS,1.04432e+16,2022,1,2,Road Accidents,Narrow road,City/Town,Near office complex,Human Error,No,Grievous Injury,Vehicle to Vehicle,Controlled,Others,NH,Bitumen(Tar),Dry,Not Applicable,Clear,Hosur Main road,Near Infosys Company,2 Km,12.85278,77.66673
Bengaluru City,Electronic City Traffic PS,1.04432e+16,2022,1,2,Road Accidents,Narrow road,City/Town,Near office complex,Human Error,No,Simple Injury,Vehicle to Vehicle,Controlled,Others,NH,Bitumen(Tar),Dry,Not Applicable,Clear,Konappana Agrahara,Near Konappana Agrahar jun,2 km,12.85614,77.66426
Bengaluru City,Electronic City Traffic PS,1.04432e+16,2022,1,2,Road Accidents,Junction,City/Town,Open area,Human Error,Yes,Simple Injury,Vehicle to Vehicle,Controlled,Others,NH,Bitumen(Tar),Dry,Not Applicable,Clear,Electronic City Phase   1,Near Toll Plaza,2KM,0.0,0.0
Bengaluru City,Electronic City Traffic PS,1.04432e+16,2022,1,1,Road Accidents,Not Applicable,City/Town,Near office complex,Not Applicable,No,Fatal,Not Applicable,Not at  Junction,Not Applicable,NH,Bitumen(Tar),Not Applicable,Not Applicable,Not Applicable,HOSUR MAIN ROAD NAGANATAPURA JN TO KONAPANAAGRHARA JN,Hosru Main Road,3 Km,0.0,0.0
Bengaluru City,Electronic City Traffic PS,1.04432e+16,2022,1,2,Road Accidents,Not Applicable,City/Town,Narrow bridge or culverts,Human Error,No,Fatal,Vehicle to Vehicle,Not Applicable,Others,NH,Bitumen(Tar),Others,Not Applicable,Clear,emplty  place guruswami hosapalya,NICE ROAD NEAR BASAPURA BRIZE,10 KM,0.0,0.0
Bengaluru City,Electronic City Traffic PS,1.04432e+16,2022,1,1,Road Accidents,Cross roads,City/Town,Narrow bridge or culverts,Human Error,Not Applicable,Fatal,Not Applicable,Not Applicable,Others,Others,Bitumen(Tar),Others,Not Applicable,Clear,BETPL Elevetad Fly Over Electronic City,BETPL Elevetad Fly Over Electronic City,3 Km,0.0,0.0
Bengaluru City,Electronic City Traffic PS,1.04432e+16,2022,1,1,Road Accidents,Narrow road,City/Town,Open area,Human Error,No,Grievous Injury,Hit pedestrian,Controlled,Others,NH,Bitumen(Tar),Dry,Not Applicable,Clear,Singasandra,Hosru Main Road,5 KM,0.0,0.0
Bengaluru City,Electronic City Traffic PS,1.04432e+16,2022,1,1,Not Applicable,Narrow road,City/Town,Open area,Human Error,Not Applicable,Grievous Injury,Not Applicable,Controlled,Others,Others,Bitumen(Tar),Dry,Not Applicable,Clear,Electrono City Phase 1,Near RS Jn,1.5 km,0.0,0.0
Bengaluru City,Electronic City Traffic PS,1.04432e+16,2022,1,2,Road Accidents,Narrow road,City/Town,Near Bus stop,Human Error,No,Simple Injury,Vehicle to Vehicle,Controlled,Others,Others,Bitumen(Tar),Dry,Not Applicable,Clear,Kudlu Village,Near Srinidhi Bekary Kudlu,6 KM,0.0,0.0
Bengaluru City,Electronic City Traffic PS,1.04432e+16,2022,1,2,Road Accidents,Cross roads,City/Town,Near a factory industrial area,Human Error,Yes,Fatal,Vehicle to Vehicle,Not at  Junction,Straight and flat,NH,Not Applicable,Not Applicable,Not Applicable,Cloudy,BETPL Elevetad Fly Over Electronic City,BETPL Elevetad Fly Over Electronic City,3 Km,0.0,0.0
Bengaluru City,Electronic City Traffic PS,1.04432e+16,2022,1,1,Road Accidents,Not Applicable,City/Town,Near Bus stop,Human Error,Yes,Simple Injury,Hit pedestrian,Controlled,Straight and flat,NH,Bitumen(Tar),Dry,Not Applicable,Clear,Hosru Main Road,Near Suraksha Car Show Room,2 km,12.85038,77.66895
Bengaluru City,Electronic City Traffic PS,1.04432e+16,2022,1,2,Road Accidents,Narrow road,City/Town,Residential area,Human Error,No,Simple Injury,Vehicle to Vehicle,Not Applicable,Not Applicable,Expressway,Bitumen(Tar),Dry,Not Applicable,Clear,Nice road Electronic City,Near SNN raj Apartments,6KM,12.85579,77.61284
Bengaluru City,Electronic City Traffic PS,1.04432e+16,2022,1,1,Road Accidents,Narrow road,City/Town,Near Hospital,Human Error,No,Fatal,Not Applicable,Not at  Junction,Not Applicable,Service Road,Bitumen(Tar),Others,Not Applicable,Clear,blosom hospital road,blosom hospital,10 KM,0.0,0.0
Bengaluru City,Electronic City Traffic PS,1.04432e+16,2022,1,2,Road Accidents,Narrow road,City/Town,Open area,Human Error,No,Grievous Injury,Vehicle to Vehicle,Controlled,Others,Others,Bitumen(Tar),Dry,Not Applicable,Clear,Singasandr,Near 60 Feet road,5 KM,0.0,0.0
Bengaluru City,Electronic City Traffic PS,1.04432e+16,2022,1,2,Road Accidents,Junction,City/Town,Near Bus stop,Human Error,No,Grievous Injury,Vehicle to Vehicle,Controlled,Straight and flat,NH,Bitumen(Tar),Dry,Not Applicable,Clear,Hosur Service Road,Near Kudlu Gate Jun,6 KM,12.88916,77.64013
Bengaluru City,Electronic City Traffic PS,1.04432e+16,2022,1,1,Road Accidents,Narrow road,City/Town,Near office complex,Human Error,No,Fatal,Not Applicable,Not at  Junction,Not Applicable,Others,Bitumen(Tar),Dry,No influence on accident,Clear,"R.S Junction to D-Mart, Electronic City Phase-1 Road",Yaskawa India Company,2 km,12.84126,77.66531
Bengaluru City,Electronic City Traffic PS,1.04432e+16,2022,1,2,Road Accidents,Narrow road,City/Town,Open area,Human Error,No,Grievous Injury,Vehicle to Vehicle,Controlled,Others,Others,Bitumen(Tar),Dry,Not Applicable,Clear,Electronic City Phase 1 Main Road,Near Paradise Biriyani Hotel,1 KM,12.84838,77.65791
Bengaluru City,Electronic City Traffic PS,1.04432e+16,2022,1,2,Road Accidents,Narrow road,City/Town,Open area,Human Error,No,Simple Injury,Vehicle to Vehicle,Controlled,Others,Others,Bitumen(Tar),Dry,Not Applicable,Clear,Mylasandra Road,infront of Sri Sebhastin,5 KM,0.0,0.0
Bengaluru City,Electronic City Traffic PS,1.04432e+16,2022,1,1,Road Accidents,Narrow road,City/Town,Open area,Human Error,No,Grievous Injury,Hit pedestrian,Not Applicable,Others,NH,Bitumen(Tar),Dry,Not Applicable,Clear,Hosru Main Road,D mart,2 kM,0.0,0.0
Bengaluru City,Electronic City Traffic PS,1.04432e+16,2022,1,1,Road Accidents,Narrow road,City/Town,Near Hospital,Human Error,Not Applicable,Grievous Injury,Not Applicable,Controlled,Others,Others,Bitumen(Tar),Dry,Not Applicable,Clear,elevented Fly Over,Eleveted Fly Over Near  Hosuru Junction,5 KM,0.0,0.0
Bengaluru City,Electronic City Traffic PS,1.04432e+16,2022,1,1,Road Accidents,Narrow road,City/Town,Open area,Human Error,No,Grievous Injury,Hit pedestrian,Controlled,Others,NH,Bitumen(Tar),Dry,Not Applicable,Clear,Electronic City Phase   1,Hosru Main Road,1 KM,0.0,0.0
Bengaluru City,Electronic City Traffic PS,1.04432e+16,2022,1,2,Road Accidents,Narrow road,City/Town,Open area,Human Error,No,Grievous Injury,Vehicle to Vehicle,Controlled,Others,Others,Bitumen(Tar),Dry,Not Applicable,Clear,Electrono City Phase 1,Electronice City Phase1,0.5,0.0,0.0
Bengaluru City,Electronic City Traffic PS,1.04432e+16,2022,1,2,Road Accidents,Narrow road,City/Town,Open area,Human Error,Yes,Grievous Injury,Vehicle to Vehicle,Controlled,Others,NH,Bitumen(Tar),Dry,Not Applicable,Clear,Naganathapur Electronic City,Near Hosroad Junction,3 Km,12.86974,77.65332
Bengaluru City,Electronic City Traffic PS,1.04432e+16,2022,1,1,Road Accidents,Narrow road,City/Town,Near Hospital,Human Error,No,Simple Injury,Not Applicable,Controlled,Others,NH,Bitumen(Tar),Dry,Not Applicable,Clear,Singasandr,Near Govt Hospital Singasandra,3 KM,12.87278,77.65127
Bengaluru City,Electronic City Traffic PS,1.04432e+16,2022,1,2,Road Accidents,Narrow road,City/Town,Near Bus stop,Human Error,Yes,Fatal,Vehicle to Vehicle,Not at  Junction,Straight and flat,NH,Bitumen(Tar),Dry,Not Applicable,Clear,Hosuru Main Road,Near Electronic City Bus Stop,3kms,12.84247,77.6749
Bengaluru City,Electronic City Traffic PS,1.04432e+16,2022,1,1,Road Accidents,Narrow road,City/Town,Open area,Human Error,No,Fatal,Hit pedestrian,Controlled,Others,Others,Bitumen(Tar),Dry,Not Applicable,Clear,Somasundarapalya,Near Gurumurty Bhavan,7 KM,12.898316,77.655149
Bengaluru City,Electronic City Traffic PS,1.04432e+16,2022,1,1,Road Accidents,Narrow road,City/Town,Open area,Human Error,Yes,Fatal,Hit pedestrian,Controlled,Others,NH,Bitumen(Tar),Dry,Not Applicable,Clear,Hosru Main Road,Near Eleveted Flyover,3 K M,0.0,0.0
Bengaluru City,Electronic City Traffic PS,1.04432e+16,2022,1,2,Road Accidents,Narrow road,City/Town,Open area,Human Error,Yes,Simple Injury,Vehicle to Vehicle,Controlled,Others,NH,Bitumen(Tar),Dry,Not Applicable,Clear,Konappana Agrahara,Near Metro Whole sale,2 KM,12.86209,77.65959
Bengaluru City,Electronic City Traffic PS,1.04432e+16,2022,1,1,Road Accidents,Narrow road,City/Town,Near School or College,Human Error,Yes,Simple Injury,Hit pedestrian,Controlled,Others,Others,Bitumen(Tar),Dry,Not Applicable,Clear,C K Nagar Hosaroad,Near Sujana Convent School,4 KM,12.87327,77.65814
Bengaluru City,Electronic City Traffic PS,1.04432e+16,2022,1,2,Road Accidents,Not Applicable,City/Town,Near Hospital,Human Error,No,Simple Injury,Vehicle to Vehicle,Not at  Junction,Straight and flat,NH,Bitumen(Tar),Dry,Not Applicable,Clear,Hosru Main Road,Near anti Sweets,2,12.85201,77.66764
Bengaluru City,Electronic City Traffic PS,1.04432e+16,2022,1,2,Road Accidents,Narrow road,City/Town,Near office complex,Human Error,No,Simple Injury,Vehicle to Vehicle,Controlled,Straight and flat,NH,Bitumen(Tar),Dry,Not Applicable,Clear,Electronic City,Near Infosys Company,2 Km,12.85256,77.66716
Bengaluru City,Electronic City Traffic PS,1.04432e+16,2022,1,2,Road Accidents,Narrow road,City/Town,Near School or College,Human Error,No,Simple Injury,Vehicle to Vehicle,Controlled,Others,NH,Bitumen(Tar),Dry,Not Applicable,Clear,Konappana Agrahara,Hosur Main Road,2 Km,12.84309,77.66202
Bengaluru City,Electronic City Traffic PS,1.04432e+16,2022,1,1,Not Applicable,Not Applicable,City/Town,Open area,Not Applicable,Not Applicable,Grievous Injury,Hit bicyclist,Controlled,Not Applicable,Others,Bitumen(Tar),Dry,Not Applicable,Fine,elevented Fly Over,Eleveted Fly Over Near Beratten Agrahara,4 Km,12.86713,77.65796
Bengaluru City,Electronic City Traffic PS,1.04432e+16,2022,1,1,Road Accidents,Narrow road,City/Town,Open area,Human Error,No,Grievous Injury,Hit pedestrian,Controlled,Others,Others,Bitumen(Tar),Dry,Not Applicable,Clear,Neeladri road Electronic City,Near Viji Liji Bekary,3 K M,0.0,0.0
Bengaluru City,Electronic City Traffic PS,1.04432e+16,2022,1,2,Road Accidents,Narrow road,City/Town,Open area,Human Error,Not Applicable,Fatal,Not Applicable,Controlled,Others,NH,Bitumen(Tar),Dry,Not Applicable,Clear,Hosur Main Road Konappan agrahar Bus Stop,Konappana Agrahara Junction,2 Km,12.85614,77.66439
Bengaluru City,Electronic City Traffic PS,1.04432e+16,2022,1,1,Road Accidents,Narrow road,City/Town,Open area,Human Error,No,Simple Injury,Not Applicable,Controlled,Others,Expressway,Bitumen(Tar),Dry,Not Applicable,Clear,Nice road Electronic City,Near SNN raj Apartments,5km,12.85786,77.61649
Bengaluru City,Electronic City Traffic PS,1.04432e+16,2022,1,1,Road Accidents,Narrow road,City/Town,Near or inside a village,Human Error,Yes,Grievous Injury,Hit pedestrian,Controlled,Others,Others,Bitumen(Tar),Dry,Not Applicable,Clear,Bettadasanapura,Near TVS Show room,2KM,12.84306,77.64279
Bengaluru City,Electronic City Traffic PS,1.04432e+16,2022,1,2,Road Accidents,Narrow road,City/Town,Near office complex,Human Error,No,Not Applicable,Vehicle to Vehicle,Controlled,Others,NH,Bitumen(Tar),Dry,Not Applicable,Clear,Veerasandra Junction,Hosur main road,2 Km,0.0,0.0
Bengaluru City,Electronic City Traffic PS,1.04432e+16,2022,1,2,Road Accidents,Junction,City/Town,Open area,Human Error,Yes,Fatal,Vehicle to Vehicle,Controlled,Others,NH,Bitumen(Tar),Dry,Not Applicable,Clear,Near Piller No 75 76 Hosur Main road,Hosru Main Road,5 KM,12.88891,77.64031
Bengaluru City,Electronic City Traffic PS,1.04432e+16,2022,1,2,Road Accidents,Narrow road,City/Town,Open area,Human Error,No,Fatal,Vehicle to Vehicle,Controlled,Others,NH,Bitumen(Tar),Dry,Not Applicable,Clear,Garvebhavipalya,Hosur Main Road,6 KM,0.0,0.0
Bengaluru City,Electronic City Traffic PS,1.04432e+16,2022,1,2,Road Accidents,Narrow road,City/Town,Near School or College,Human Error,Yes,Grievous Injury,Vehicle to Vehicle,Controlled,Straight and flat,Sub Arterial,Bitumen(Tar),Others,No influence on accident,Clear,Infront Of MNR World School,Near MNR World School,6 KM,12.8703,77.62402
Bengaluru City,Electronic City Traffic PS,1.04432e+16,2022,1,2,Road Accidents,Narrow road,City/Town,Open area,Human Error,No,Simple Injury,Vehicle to Vehicle,Controlled,Others,Others,Bitumen(Tar),Dry,Not Applicable,Clear,Maylasandra Village,Near Government School,6 KM,0.0,0.0
Bengaluru City,Electronic City Traffic PS,1.04432e+16,2022,1,3,Road Accidents,Narrow road,City/Town,Open area,Human Error,No,Grievous Injury,Vehicle to Vehicle,Controlled,Others,NH,Bitumen(Tar),Dry,Not Applicable,Clear,Konappana Agrahara Signal,Elevated Flyover Road,4 KM,0.0,0.0
Bengaluru City,Electronic City Traffic PS,1.04432e+16,2022,1,2,Road Accidents,Narrow road,City/Town,Open area,Human Error,Yes,Grievous Injury,Vehicle to Vehicle,Controlled,Others,Others,Bitumen(Tar),Dry,Not Applicable,Fine,Hosuru Service Road Near H P Pertol Bunk,Hosuru Service Road Near H P Pertol Bunk,3 KM,0.0,0.0
Bengaluru City,Electronic City Traffic PS,1.04432e+16,2022,1,2,Road Accidents,Narrow road,City/Town,Near Hospital,Not Applicable,Yes,Grievous Injury,Vehicle to Vehicle,Not Applicable,Others,Others,Bitumen(Tar),Others,Not Applicable,Clear,Hosur Main Road,Near Hosuru Road JN,4,0.0,0.0
Bengaluru City,Electronic City Traffic PS,1.04432e+16,2022,1,1,Road Accidents,Narrow road,City/Town,Open area,Human Error,No,Grievous Injury,Hit pedestrian,Controlled,Others,NH,Bitumen(Tar),Dry,Not Applicable,Clear,Hosur Main Road,Conected Fily Over,2 kM,0.0,0.0
Bengaluru City,Electronic City Traffic PS,1.04432e+16,2022,1,1,Road Accidents,Not Applicable,City/Town,Near Bus stop,Human Error,No,Grievous Injury,Hit pedestrian,Controlled,Straight and flat,NH,Bitumen(Tar),Dry,Not Applicable,Clear,Hosur Main Road Konappan agrahar Bus Stop,Konappan agrahar Bus Stop,2 km,12.85572,77.66472
Bengaluru City,Electronic City Traffic PS,1.04432e+16,2022,1,2,Road Accidents,Not Applicable,City/Town,Near or inside a village,Human Error,Yes,Simple Injury,Vehicle to Vehicle,Controlled,Straight and flat,Others,Bitumen(Tar),Dry,Not Applicable,Clear,Doddanagamangala road,Near Doddanagamangal Arch,4Km,12.86414,77.6705
Bengaluru City,Electronic City Traffic PS,1.04432e+16,2022,1,1,Road Accidents,Narrow road,City/Town,Near School or College,Human Error,Not Applicable,Simple Injury,Not Applicable,Controlled,Hump,NH,Bitumen(Tar),Dry,Not Applicable,Clear,Hosru Main Road,Near PES colleg,2 Km,12.85883,77.66225
Bengaluru City,Electronic City Traffic PS,1.04432e+16,2022,1,1,Road Accidents,Narrow road,City/Town,Open area,Human Error,Yes,Fatal,Hit pedestrian,Controlled,Others,Service Road,Bitumen(Tar),Dry,Not Applicable,Clear,Singasandr,Near Karnataka Bekary,5 KM,12.885158,77.642563
Bengaluru City,Electronic City Traffic PS,1.04432e+16,2022,1,3,Road Accidents,Junction,City/Town,Near Bus stop,Human Error,Yes,Fatal,Vehicle to Vehicle,Controlled,Straight and flat,NH,Bitumen(Tar),Dry,No influence on accident,Clear,Hosur Main Road,Hosru Main Road Near Eleveted Flyover Piller No160,4 Kms,0.0,0.0
Bengaluru City,Electronic City Traffic PS,1.04432e+16,2022,1,1,Road Accidents,Narrow road,City/Town,Open area,Human Error,No,Damage Only,Not Applicable,Controlled,Others,Others,Bitumen(Tar),Dry,Not Applicable,Clear,Bandepalya,Near Bandepalya,5 KM,0.0,0.0
Bengaluru City,Electronic City Traffic PS,1.04432e+16,2022,1,2,Road Accidents,Narrow road,City/Town,Open area,Human Error,Yes,Grievous Injury,Vehicle to Vehicle,Controlled,Others,Others,Bitumen(Tar),Dry,Not Applicable,Clear,Neeladri road Electronic City,Near HDFC Bank,1 KM,0.0,0.0
Bengaluru City,Electronic City Traffic PS,1.04432e+16,2022,1,2,Road Accidents,Narrow road,City/Town,Near office complex,Human Error,No,Grievous Injury,Vehicle to Vehicle,Not Applicable,Others,Others,Bitumen(Tar),Dry,Not Applicable,Clear,Electronic City,Naer Symboisis Collage,1Km,0.0,0.0