DISTRICTNAME,UNITNAME,Crime_No,Year,RI,Noofvehicle_involved,Accident_Classification,Accident_Spot,Accident_Location,Accident_SubLocation,Main_Cause,Hit_Run,Severity,Collision_Type,Junction_Control,Road_Character,Road_Type,Surface_Type,Surface_Condition,Road_Condition,Weather,Accident_Road,Landmark_first,Distance_LandMark_First,Latitude,Longitude
Bengaluru City,Electronic City Traffic PS,1.04432e+16,2023,1,2,Road Accidents,Narrow road,City/Town,Open area,Human Error,Yes,Grievous Injury,Vehicle to Vehicle,Controlled,Others,Others,Bitumen(Tar),Dry,Not Applicable,Clear,Slver County Road,Haraluru,8 KM,12.83876,77.61453
Bengaluru City,Electronic City Traffic PS,1.04432e+16,2023,1,1,Road Accidents,Narrow road,City/Town,Open area,Human Error,Yes,Fatal,Hit pedestrian,Controlled,Others,NH,Bitumen(Tar),Dry,Not Applicable,Clear,G S Palya,Near Whee Sut Bar & Restaurant,3KM,12.752783,77.088342
Bengaluru City,Electronic City Traffic PS,1.04432e+16,2023,1,2,Road Accidents,Junction,City/Town,Open area,Human Error,No,Not Applicable,Vehicle to Vehicle,Controlled,Others,NH,Bitumen(Tar),Dry,Not Applicable,Clear,Veerasandra Junction,Hosru Main Road,5 KM,12.68552,77.088342
Bengaluru City,Electronic City Traffic PS,1.04432e+16,2023,1,2,Road Accidents,Not Applicable,City/Town,Open area,Human Error,Yes,Fatal,Vehicle to Vehicle,Not Applicable,Others,NH,Bitumen(Tar),Not Applicable,Not Applicable,Clear,HOSUR MAIN ROAD NAGANATAPURA JN TO KONAPANAAGRHARA JN,Hosru Main Road,5 KM,0.0,0.0
Bengaluru City,Electronic City Traffic PS,1.04432e+16,2023,1,2,Road Accidents,Narrow road,City/Town,Open area,Human Error,No,Grievous Injury,Vehicle to Vehicle,Controlled,Others,NH,Bitumen(Tar),Dry,Not Applicable,Clear,Veerasandra Junction,Hosru Main Road,2 km,0.0,0.0
Bengaluru City,Electronic City Traffic PS,1.04432e+16,2023,1,2,Road Accidents,Narrow road,City/Town,Open area,Human Error,Yes,Damage Only,Vehicle to Vehicle,Controlled,Others,Others,Bitumen(Tar),Dry,Not Applicable,Clear,Nice Road,Nice Road,2 kM,0.0,0.0
Bengaluru City,Electronic City Traffic PS,1.04432e+16,2023,1,2,Road Accidents,Narrow road,City/Town,Open area,Human Error,No,Simple Injury,Vehicle to Vehicle,Not Applicable,Others,NH,Bitumen(Tar),Dry,Not Applicable,Clear,Hosur Main Road,Hosur main road Konappan agrahara,2 kM,0.0,0.0
Bengaluru City,Electronic City Traffic PS,1.04432e+16,2023,1,1,Road Accidents,Narrow road,City/Town,Near School or College,Human Error,Yes,Grievous Injury,Hit pedestrian,Controlled,Others,Others,Bitumen(Tar),Dry,Not Applicable,Clear,Doddanagamanagala,Doddanamanagala,5 KM,0.0,0.0
Bengaluru City,Electronic City Traffic PS,1.04432e+16,2023,1,2,Not Applicable,Narrow road,City/Town,Open area,Human Error,No,Grievous Injury,Vehicle to Vehicle,Not at  Junction,Not Applicable,Others,Bitumen(Tar),Dry,Not Applicable,Clear,Kudlu Road,Kudlu Bus Stop,5KM,0.0,0.0
Bengaluru City,Electronic City Traffic PS,1.04432e+16,2023,1,1,Road Accidents,Narrow road,City/Town,Open area,Human Error,No,Grievous Injury,Vehicle to Vehicle,Controlled,Others,Others,Bitumen(Tar),Flooded,Not Applicable,Clear,Konappa Agrahara,Electronice City Phase1,2 km,0.0,0.0
Bengaluru City,Electronic City Traffic PS,1.04432e+16,2023,1,1,Not Applicable,Curves,City/Town,Near office complex,Human Error,Not Applicable,Simple Injury,Hit pedestrian,Not Applicable,Others,Not Applicable,Bitumen(Tar),Others,Not Applicable,Clear,Hosa Road,shop,1.5 km,0.0,0.0
Bengaluru City,Electronic City Traffic PS,1.04432e+16,2023,1,2,Road Accidents,Narrow road,City/Town,Open area,Human Error,No,Fatal,Vehicle to Vehicle,Controlled,Others,NH,Bitumen(Tar),Dry,Not Applicable,Clear,Singasandra,Hosur service Road,6 KM,12.752783,77.088342
Bengaluru City,Electronic City Traffic PS,1.04432e+16,2023,1,1,Road Accidents,Narrow road,City/Town,Residential area,Human Error,No,Grievous Injury,Not Applicable,Not at  Junction,Straight and flat,NH,Bitumen(Tar),Others,Engineering Defect of Road,Clear,Hosur Main Road,whitfether,5KM,12.752783,77.61453
Bengaluru City,Electronic City Traffic PS,1.04432e+16,2023,1,1,Road Accidents,Narrow road,Rural Areas,Open area,Human Error,No,Grievous Injury,Hit pedestrian,Controlled,Others,NH,Bitumen(Tar),Dry,Not Applicable,Clear,Hosur Main Road,SHRINIDHI BAR,2 km,12.68552,77.61043
Bengaluru City,Electronic City Traffic PS,1.04432e+16,2023,1,2,Road Accidents,Narrow road,City/Town,Open area,Human Error,Yes,Simple Injury,Vehicle to Vehicle,Not Applicable,Others,Expressway,Bitumen(Tar),Dry,Not Applicable,Clear,Hosru Main Road,Elevated Flyover,5 KM,12.752783,77.088342
Bengaluru City,Electronic City Traffic PS,1.04432e+16,2023,1,1,Road Accidents,Not Applicable,City/Town,Near School or College,Not Applicable,Yes,Grievous Injury,Hit pedestrian,Controlled,Others,Others,Bitumen(Tar),Dry,Not Applicable,Clear,"Nagathapura , 1st Cross Road",Nagathapura1st Cross Road,4 Km,0.0,0.0
Bengaluru City,Electronic City Traffic PS,1.04432e+16,2023,1,1,Not Applicable,Narrow road,City/Town,Near Hospital,Human Error,No,Grievous Injury,Hit pedestrian,Controlled,Others,Others,Bitumen(Tar),Dry,Not Applicable,Clear,Near Baba Medicle Hospital,Subhashanagara,6 KM,0.0,0.0
Bengaluru City,Electronic City Traffic PS,1.04432e+16,2023,1,2,Not Applicable,Narrow road,City/Town,Open area,Human Error,No,Grievous Injury,Vehicle to Vehicle,Controlled,Not Applicable,NH,Bitumen(Tar),Dry,Not Applicable,Clear,Singasandra,Sinasandra,4 Km,0.0,0.0
Bengaluru City,Electronic City Traffic PS,1.04432e+16,2023,1,2,Road Accidents,Narrow road,City/Town,Open area,Human Error,Yes,Grievous Injury,Vehicle to Vehicle,Controlled,Others,NH,Bitumen(Tar),Dry,Not Applicable,Clear,Garvebhavi Palya,Hosru Main Road,7 Km,0.0,0.0
Bengaluru City,Electronic City Traffic PS,1.04432e+16,2023,1,3,Road Accidents,Narrow road,City/Town,Near or inside a village,Human Error,No,Fatal,Vehicle to Vehicle,Not at  Junction,Not Applicable,Others,Bitumen(Tar),Others,Construction Work / Material,Clear,NICE ROAD,NICE ROAD NEAR BASAPURA BRIZE,6 KM,0.0,0.0
Bengaluru City,Electronic City Traffic PS,1.04432e+16,2023,1,2,Road Accidents,Narrow road,City/Town,Open area,Human Error,No,Grievous Injury,Vehicle to Vehicle,Controlled,Others,Expressway,Bitumen(Tar),Dry,Not Applicable,Clear,Singasandra,Elevated Flyover,5KM,0.0,0.0
Bengaluru City,Electronic City Traffic PS,1.04432e+16,2023,1,1,Not Applicable,Narrow road,City/Town,Residential area,Human Error,Yes,Grievous Injury,Hit pedestrian,Not at  Junction,Others,One way,Bitumen(Tar),Others,Not Applicable,Clear,Road,bus stand,1.5 km,12.83876,77.61043
Bengaluru City,Electronic City Traffic PS,1.04432e+16,2023,1,2,Road Accidents,Narrow road,City/Town,Open area,Human Error,No,Fatal,Vehicle to Vehicle,Controlled,Others,NH,Bitumen(Tar),Dry,Not Applicable,Clear,Berattena agrahara,Hosru Main Road,5 KM,12.867301,77.655454
Bengaluru City,Electronic City Traffic PS,1.04432e+16,2023,1,2,Road Accidents,Narrow road,City/Town,Residential area,Human Error,No,Simple Injury,Vehicle to Vehicle,Not at  Junction,Straight and flat,NH,Bitumen(Tar),Others,Not Applicable,Others,Electrono City Phase 2,TECH MAHINDAR OPP,2 km,12.83993,77.61014
Bengaluru City,Electronic City Traffic PS,1.04432e+16,2023,1,2,Road Accidents,Narrow road,City/Town,Open area,Human Error,No,Grievous Injury,Vehicle to Vehicle,Controlled,Others,Others,Bitumen(Tar),Dry,Not Applicable,Clear,Shanthipura Road,Near Tech Mahindra,4KM,12.752783,77.088342
Bengaluru City,Electronic City Traffic PS,1.04432e+16,2023,1,4,Not Applicable,Curves,City/Town,Open area,Human Error,Yes,Fatal,Vehicle to Vehicle,Uncontrolled,Incline,Expressway,Concrete,Dry,Not Applicable,Fine,NICE ROAD,near begur koppa bridge,Nice,12.855045,77.610035
Bengaluru City,Electronic City Traffic PS,1.04432e+16,2023,1,2,Road Accidents,Narrow road,City/Town,Open area,Human Error,No,Not Applicable,Vehicle to Vehicle,Controlled,Others,NH,Bitumen(Tar),Dry,Not Applicable,Clear,Hosru Main Road,Hosru Main Road,3KM,12.68552,77.088342
Bengaluru City,Electronic City Traffic PS,1.04432e+16,2023,1,2,Road Accidents,Junction,City/Town,Open area,Human Error,No,Not Applicable,Vehicle to Vehicle,Controlled,Others,NH,Bitumen(Tar),Dry,Not Applicable,Clear,Hosru Main Road,Hosru Main Road,3 K M,12.68552,77.088342
Bengaluru City,Electronic City Traffic PS,1.04432e+16,2023,1,1,Not Applicable,Not Applicable,City/Town,Open area,Human Error,No,Simple Injury,Hit bicyclist,Not Applicable,Others,Others,Bitumen(Tar),Dry,Not Applicable,Clear,Electrono City Phase 2,EC 2,3,0.0,0.0
Bengaluru City,Electronic City Traffic PS,1.04432e+16,2023,1,2,Road Accidents,Narrow road,City/Town,Open area,Human Error,Yes,Grievous Injury,Vehicle to Vehicle,Controlled,Curve,NH,Bitumen(Tar),Dry,Not Applicable,Clear,Veerasandra Jn,veerasandra junction,2 kM,0.0,0.0
Bengaluru City,Electronic City Traffic PS,1.04432e+16,2023,1,2,Road Accidents,Not Applicable,City/Town,Residential area,Human Error,Not Applicable,Fatal,Vehicle to Vehicle,Not Applicable,Straight and flat,Not Applicable,Bitumen(Tar),Others,Not Applicable,Clear,Hosru Main Road Flyover,PILLER NO 173,5 KM,0.0,0.0
Bengaluru City,Electronic City Traffic PS,1.04432e+16,2023,1,2,Road Accidents,Narrow road,City/Town,Open area,Human Error,Yes,Grievous Injury,Vehicle to Vehicle,Controlled,Others,Service Road,Bitumen(Tar),Dry,Not Applicable,Clear,singasandra servise road,opp  megana food,5 km,12.83852,77.61453
Bengaluru City,Electronic City Traffic PS,1.04432e+16,2023,1,2,Road Accidents,Narrow road,City/Town,Open area,Human Error,No,Simple Injury,Vehicle to Vehicle,Controlled,Others,Others,Bitumen(Tar),Dry,Not Applicable,Clear,Beguru Koppa,Near Jalli Machine,6 KM,0.0,0.0
Bengaluru City,Electronic City Traffic PS,1.04432e+16,2023,1,2,Road Accidents,Narrow road,City/Town,Near Petrol Pump,Human Error,No,Grievous Injury,Vehicle to Vehicle,Controlled,Others,NH,Bitumen(Tar),Dry,Not Applicable,Clear,Rayasandra Road,Ghattali Road,5 KM,0.0,0.0
Bengaluru City,Electronic City Traffic PS,1.04432e+16,2023,1,2,Road Accidents,Narrow road,City/Town,Open area,Human Error,No,Grievous Injury,Vehicle to Vehicle,Controlled,Others,Others,Bitumen(Tar),Dry,Not Applicable,Clear,Electronic City phase 2,InFront Of TCS Company,2 KM,0.0,0.0
Bengaluru City,Electronic City Traffic PS,1.04432e+16,2023,1,1,Rail Road Accidents,Curves,City/Town,Near office complex,Human Error,No,Grievous Injury,Vehicle to Vehicle,Not at  Junction,Curve,NH,Bitumen(Tar),Others,Not Applicable,Cloudy,Hosuru Service Road Near Kudlu JN,Hosur main road Near Singasandara,04KM,12.872028,77.651309
Bengaluru City,Electronic City Traffic PS,1.04432e+16,2023,1,2,Road Accidents,Narrow road,City/Town,Near office complex,Human Error,No,Grievous Injury,Vehicle to Vehicle,Not Applicable,Straight and flat,NH,Bitumen(Tar),Others,Not Applicable,Clear,Hosru Main Road,Hosru Main Road,2 Km,12.68988,77.088342
Bengaluru City,Electronic City Traffic PS,1.04432e+16,2023,1,1,Road Accidents,Narrow road,City/Town,Open area,Human Error,Yes,Grievous Injury,Hit pedestrian,Controlled,Not Applicable,NH,Bitumen(Tar),Dry,Not Applicable,Clear,Veerasandra Junction,near kaverimma temple,2 Km,12.83852,77.61043
Bengaluru City,Electronic City Traffic PS,1.04432e+16,2023,1,1,Road Accidents,Road hump or Rumble strips,City/Town,Near School or College,Human Error,Not Applicable,Fatal,Not Applicable,Controlled,Others,NH,Bitumen(Tar),Dry,Not Applicable,Clear,Bommanahall,Hosru Main Road,7 KM,12.90289,77.631733
Bengaluru City,Electronic City Traffic PS,1.04432e+16,2023,1,1,Road Accidents,Not Applicable,City/Town,Near office complex,Human Error,Not Applicable,Fatal,Not Applicable,Uncontrolled,Curve and Incline,NH,Bitumen(Tar),Dry,Not Applicable,Fine,Hosur main road,Naer eliveted playover piller no 230,2km,12.123456,77.125463
Bengaluru City,Electronic City Traffic PS,1.04432e+16,2023,1,2,Road Accidents,Narrow road,City/Town,Open area,Not Applicable,No,Grievous Injury,Vehicle to Vehicle,Not Applicable,Others,Others,Bitumen(Tar),Others,Not Applicable,Clear,Chodasandra,Near chodasandra,6 KM,0.0,0.0
Bengaluru City,Electronic City Traffic PS,1.04432e+16,2023,1,2,Not Applicable,Not Applicable,City/Town,Residential area,Human Error,No,Fatal,Vehicle to Vehicle,Not Applicable,Not Applicable,Not Applicable,Bitumen(Tar),Not Applicable,Not Applicable,Clear,SOMASUNDARA PALYYA,KUDLU VILLAGE,5 KM,12.89859,77.65146
Bengaluru City,Electronic City Traffic PS,1.04432e+16,2023,1,1,Road Accidents,Not Applicable,Rural Areas,Near office complex,Human Error,Not Applicable,Fatal,Hit pedestrian,Not Applicable,Not Applicable,Others,Bitumen(Tar),Others,Not Applicable,Clear,BEGUEU KOPPA AKSHAY STEEL AND CEMENT SHOP MYLSANDARA VILLAGE,BEGUEU KOPPA AKSHAY STEEL AND CEMENT SHOP MYLSANDARA VILLAGE,5 KM,0.0,0.0
Bengaluru City,Electronic City Traffic PS,1.04432e+16,2023,1,1,Road Accidents,Narrow road,City/Town,Open area,Human Error,No,Grievous Injury,Hit pedestrian,Not Applicable,Others,Others,Bitumen(Tar),Dry,Not Applicable,Clear,Basapura Bridze,Near Nice Road,3KM,0.0,0.0
Bengaluru City,Electronic City Traffic PS,1.04432e+16,2023,1,2,Road Accidents,Narrow road,City/Town,Open area,Human Error,No,Grievous Injury,Vehicle to Vehicle,Controlled,Others,Expressway,Bitumen(Tar),Dry,Not Applicable,Clear,Elevated Flyover road,Elevated Flyover,2 Km,0.0,0.0
Bengaluru City,Electronic City Traffic PS,1.04432e+16,2023,1,1,Road Accidents,Narrow road,City/Town,Near Bus stop,Human Error,No,Grievous Injury,Hit pedestrian,Controlled,Others,NH,Bitumen(Tar),Dry,Not Applicable,Clear,Hosa Road Bus Spto,Hosru Main Road,6 KM,0.0,0.0
Bengaluru City,Electronic City Traffic PS,1.04432e+16,2023,1,1,Road Accidents,Narrow road,City/Town,Open area,Human Error,Not Applicable,Grievous Injury,Not Applicable,Not at  Junction,Others,Expressway,Bitumen(Tar),Dry,Not Applicable,Clear,Nice Road,Nice Road Near Naidu Praparty,5KM,0.0,0.0
Bengaluru City,Electronic City Traffic PS,1.04432e+16,2023,1,2,Road Accidents,Narrow road,City/Town,Open area,Human Error,Yes,Simple Injury,Vehicle to Vehicle,Controlled,Others,NH,Bitumen(Tar),Dry,Not Applicable,Clear,Hosur Main Road,Hosru Main Road,5KM,0.0,0.0
Bengaluru City,Electronic City Traffic PS,1.04432e+16,2023,1,2,Road Accidents,Narrow road,City/Town,Open area,Human Error,No,Grievous Injury,Vehicle to Vehicle,Controlled,Others,NH,Bitumen(Tar),Dry,Not Applicable,Clear,Hosuru  MAin Road,Hosuru Service Road,5 KM,0.0,0.0
Bengaluru City,Electronic City Traffic PS,1.04432e+16,2023,1,2,Road Accidents,Narrow road,City/Town,Open area,Human Error,No,Not Applicable,Vehicle to Vehicle,Controlled,Others,Others,Bitumen(Tar),Dry,Not Applicable,Clear,Shanthipura Road,Electronic City Phase 2,5 KM,0.0,0.0
Bengaluru City,Electronic City Traffic PS,1.04432e+16,2023,1,3,Not Applicable,Circle,City/Town,In bazaar,Human Error,Yes,Grievous Injury,Vehicle to Vehicle,Uncontrolled,Curve,NH,Bitumen(Tar),Dry,Not Applicable,Clear,HOSUR MAIN ROAD,D MART,1KM,12.68552,77.47144
Bengaluru City,Electronic City Traffic PS,1.04432e+16,2023,1,2,Road Accidents,Not Applicable,City/Town,Near Bus stop,Human Error,No,Damage Only,Vehicle to Vehicle,Not Applicable,Others,NH,Bitumen(Tar),Dry,Not Applicable,Clear,Hosur Road,Hosur main road Veerasandra Jn,2 kM,0.0,0.0
Bengaluru City,Electronic City Traffic PS,1.04432e+16,2023,1,2,Road Accidents,Narrow road,City/Town,Open area,Human Error,Yes,Grievous Injury,Vehicle to Vehicle,Not Applicable,Not Applicable,Others,Bitumen(Tar),Others,Not Applicable,Clear,Nice Road,Nice Road,5 KM,0.0,0.0
Bengaluru City,Electronic City Traffic PS,1.04432e+16,2023,1,1,Road Accidents,Narrow road,City/Town,Open area,Human Error,No,Grievous Injury,Hit pedestrian,Controlled,Others,NH,Bitumen(Tar),Dry,Not Applicable,Clear,Hosuru  MAin Road,Near Foonam Furniture,3KM,0.0,0.0
Bengaluru City,Electronic City Traffic PS,1.04432e+16,2023,1,2,Road Accidents,Narrow road,City/Town,Open area,Human Error,No,Grievous Injury,Vehicle to Vehicle,Not at  Junction,Others,NH,Bitumen(Tar),Dry,Not Applicable,Clear,Hosru Main Road,Elevated Flyover Road,4 KM,12.83876,77.62402
Bengaluru City,Electronic City Traffic PS,1.04432e+16,2023,1,1,Rail Road Accidents,Narrow road,City/Town,Near Hospital,Human Error,No,Grievous Injury,Not Applicable,Not at  Junction,Straight and flat,NH,Bitumen(Tar),Others,Not Applicable,Cloudy,Hosur Main Road,Electronice City Phase1,2 km,12.752783,77.61014
Bengaluru City,Electronic City Traffic PS,1.04432e+16,2023,1,2,Road Accidents,Not Applicable,City/Town,Residential area,Human Error,No,Damage Only,Vehicle to Vehicle,Not Applicable,Not Applicable,Others,Bitumen(Tar),Others,Not Applicable,Clear,Electrono City Phase 1,Electronice City Phase1,2 kM,0.0,0.0
Bengaluru City,Electronic City Traffic PS,1.04432e+16,2023,1,2,Not Applicable,Narrow road,City/Town,Open area,Human Error,No,Damage Only,Vehicle to Vehicle,Not Applicable,Others,Others,Not Applicable,Others,Not Applicable,Clear,Nice Road,Nice Road,1.5 km,0.0,0.0
Bengaluru City,Electronic City Traffic PS,1.04432e+16,2023,1,1,Not Applicable,Narrow road,City/Town,Near Hospital,Human Error,Yes,Grievous Injury,Hit pedestrian,Not at  Junction,Others,Others,Bitumen(Tar),Not Applicable,Not Applicable,Clear,Konappa Agrahara,near Cauvery Hospital,04KM,0.0,0.0
Bengaluru City,Electronic City Traffic PS,1.04432e+16,2023,1,1,Road Accidents,Narrow road,City/Town,Open area,Human Error,Yes,Fatal,Not Applicable,Controlled,Others,Others,Bitumen(Tar),Dry,Not Applicable,Clear,Electronic City,Near Chainege No 2100,4KM,12.752783,77.088342
Bengaluru City,Electronic City Traffic PS,1.04432e+16,2023,1,1,Road Accidents,Narrow road,City/Town,Near office complex,Human Error,Not Applicable,Grievous Injury,Not Applicable,Not at  Junction,Others,One way,Bitumen(Tar),Others,Not Applicable,Clear,Electrono City Phase 1,Electronice City Phase1,3,12.68552,77.56653
Bengaluru City,Electronic City Traffic PS,1.04432e+16,2023,1,2,Road Accidents,Narrow road,City/Town,Open area,Human Error,Yes,Grievous Injury,Vehicle to Vehicle,Controlled,Others,NH,Bitumen(Tar),Dry,Not Applicable,Clear,Hosru Main Road,Nice road Upramp,2 Km,0.0,0.0
Bengaluru City,Electronic City Traffic PS,1.04432e+16,2023,1,1,Road Accidents,Narrow road,City/Town,Residential area,Human Error,No,Grievous Injury,Hit pedestrian,Controlled,Others,NH,Bitumen(Tar),Dry,Not Applicable,Clear,Konappana Agrahara,Hosru Main Road,4 KM,0.0,0.0
Bengaluru City,Electronic City Traffic PS,1.04432e+16,2023,1,1,Road Accidents,Narrow road,City/Town,Open area,Human Error,No,Grievous Injury,Hit pedestrian,Controlled,Others,NH,Bitumen(Tar),Dry,Not Applicable,Clear,Naganathapur Electronic City,Hosru Main Road,4 KM,0.0,0.0
Bengaluru City,Electronic City Traffic PS,1.04432e+16,2023,1,3,Not Applicable,Narrow road,City/Town,Open area,Human Error,No,Grievous Injury,Vehicle to Vehicle,Controlled,Others,NH,Bitumen(Tar),Dry,Not Applicable,Clear,Konappa Agrahara,Near Konappana Agrahara,2 km,0.0,0.0
Bengaluru City,Electronic City Traffic PS,1.04432e+16,2023,1,1,Road Accidents,Not Applicable,City/Town,Near Hospital,Human Error,No,Fatal,Hit pedestrian,Uncontrolled,Incline,Two way,Bitumen(Tar),Wet,Not Applicable,Mist or Fog,CENTRAL JAIL,NEAR SLV SPIRIT,4KM,0.0,0.0
Bengaluru City,Electronic City Traffic PS,1.04432e+16,2023,1,2,Road Accidents,Narrow road,City/Town,Near Bus stop,Human Error,No,Simple Injury,Vehicle to Vehicle,Controlled,Others,NH,Bitumen(Tar),Dry,Not Applicable,Clear,Bommanahall,Near Bus Stop,6 KM,0.0,0.0
Bengaluru City,Electronic City Traffic PS,1.04432e+16,2023,1,2,Road Accidents,Narrow road,City/Town,Open area,Human Error,No,Simple Injury,Vehicle to Vehicle,Controlled,Others,NH,Bitumen(Tar),Dry,Not Applicable,Clear,Hosur  Main Road,Konappana Agrahara,4 KM,0.0,0.0
Bengaluru City,Electronic City Traffic PS,1.04432e+16,2023,1,1,Road Accidents,Narrow road,City/Town,Open area,Human Error,Not Applicable,Grievous Injury,Not Applicable,Controlled,Others,NH,Bitumen(Tar),Dry,Not Applicable,Clear,Konappana Agrahara,Opp PES College,3KM,0.0,0.0
Bengaluru City,Electronic City Traffic PS,1.04432e+16,2023,1,2,Road Accidents,Narrow road,City/Town,Residential area,Human Error,No,Grievous Injury,Vehicle to Vehicle,Controlled,Others,Residential Street,Bitumen(Tar),Dry,Not Applicable,Clear,Doddanagamanagala,Near Piyesta Apartment,8KM,12.83625,77.61043
Bengaluru City,Electronic City Traffic PS,1.04432e+16,2023,1,2,Road Accidents,Narrow road,City/Town,Open area,Human Error,Yes,Grievous Injury,Vehicle to Vehicle,Not Applicable,Others,Others,Bitumen(Tar),Dry,Not Applicable,Clear,Vittasandra Main Road,Near Lawyer Ashwata Narayana  Tota,3 KM,12.752783,77.088342
Bengaluru City,Electronic City Traffic PS,1.04432e+16,2023,1,1,Not Applicable,Narrow road,City/Town,Near Hospital,Human Error,No,Grievous Injury,Hit pedestrian,Not at  Junction,Not Applicable,Others,Bitumen(Tar),Others,Not Applicable,Clear,Central  Jail Road,hospital,1.5 km,12.83947,77.62402
Bengaluru City,Electronic City Traffic PS,1.04432e+16,2023,1,2,Road Accidents,Curves,Rural Areas,Near office complex,Human Error,Yes,Simple Injury,Vehicle to Vehicle,Not Applicable,Curve,Others,Bitumen(Tar),Dry,Not Applicable,Clear,Neeladri Road,Electronice City Phase1,2 km,12.68552,77.47144
Bengaluru City,Electronic City Traffic PS,1.04432e+16,2023,1,2,Road Accidents,Narrow road,City/Town,Open area,Human Error,No,Grievous Injury,Vehicle to Vehicle,Controlled,Others,Others,Bitumen(Tar),Dry,Not Applicable,Clear,Nice road Electronic City,Near Chainege No 3 750,5KM,12.752783,77.61014
Bengaluru City,Electronic City Traffic PS,1.04432e+16,2023,1,2,Road Accidents,Narrow road,City/Town,Open area,Human Error,No,Grievous Injury,Vehicle to Vehicle,Controlled,Others,NH,Bitumen(Tar),Dry,Not Applicable,Clear,Konappana Agrahara,Hosur service Road,3 K M,0.0,0.0
Bengaluru City,Electronic City Traffic PS,1.04432e+16,2023,1,2,Not Applicable,Junction,City/Town,Open area,Human Error,Yes,Grievous Injury,Vehicle to Vehicle,Not Applicable,Others,Others,Bitumen(Tar),Dry,Not Applicable,Clear,SV Nest Apartament,SV Nest Apartament,5 KM,0.0,0.0
Bengaluru City,Electronic City Traffic PS,1.04432e+16,2023,1,2,Road Accidents,Junction,City/Town,Residential area,Human Error,Yes,Fatal,Vehicle to Vehicle,Controlled,Not Applicable,Service Road,Bitumen(Tar),Ditch or Potholed,Not Applicable,Clear,HOSUR SERVICE ROAD SINGSANDRA BENGALURU CITY,HOSUR SERVICE ROAD SINGSANDRA BENGALURU CITY,6 KM,0.0,0.0
Bengaluru City,Electronic City Traffic PS,1.04432e+16,2023,1,1,Road Accidents,Narrow road,City/Town,Near Bus stop,Human Error,No,Grievous Injury,Hit bicyclist,Controlled,Others,NH,Bitumen(Tar),Dry,Not Applicable,Clear,Hosa road,Hosru Main Road,5 Km,0.0,0.0
Bengaluru City,Electronic City Traffic PS,1.04432e+16,2023,1,2,Road Accidents,Narrow road,City/Town,Open area,Human Error,No,Simple Injury,Vehicle to Vehicle,Controlled,Others,Others,Bitumen(Tar),Dry,Not Applicable,Clear,Bettadasanapura,Bettadasanpur Road Near Ground,4 KM,0.0,0.0
Bengaluru City,Electronic City Traffic PS,1.04432e+16,2023,1,4,Road Accidents,Narrow road,City/Town,Open area,Human Error,No,Not Applicable,Vehicle to Vehicle,Controlled,Others,NH,Bitumen(Tar),Dry,Not Applicable,Clear,Veerasandra Toll,Elevated Flyover Road,2 Km,0.0,0.0
Bengaluru City,Electronic City Traffic PS,1.04432e+16,2023,1,2,Road Accidents,Narrow road,City/Town,Near Hospital,Human Error,No,Grievous Injury,Vehicle to Vehicle,Not at  Junction,Straight and flat,Service Road,Bitumen(Tar),Not Applicable,Not Applicable,Clear,Hosuru Main Road singasandra,bus stand,0.5,0.0,0.0
Bengaluru City,Electronic City Traffic PS,1.04432e+16,2023,1,2,Road Accidents,Narrow road,City/Town,Open area,Human Error,No,Fatal,Vehicle to Vehicle,Controlled,Others,Others,Bitumen(Tar),Dry,Not Applicable,Clear,Shanthipura Road,Huskur Fruit Market,4 KM,0.0,0.0
Bengaluru City,Electronic City Traffic PS,1.04432e+16,2023,1,3,Road Accidents,Narrow road,City/Town,Open area,Vehicle Defect,No,Fatal,Vehicle to Vehicle,Controlled,Not Applicable,Expressway,Bitumen(Tar),Dry,Not Applicable,Clear,Elevated Fly over road,Elevated Flyover Konappana Agrahara,3KM,12.8452,77.088342
Bengaluru City,Electronic City Traffic PS,1.04432e+16,2023,1,1,Not Applicable,Narrow road,City/Town,Near Bus stop,Not Applicable,Yes,Grievous Injury,Vehicle to Vehicle,Controlled,Others,Others,Bitumen(Tar),Dry,Not Applicable,Clear,opp siezen hotel,opp siezen hotel,3 km,12.842939,77.61284
Bengaluru City,Electronic City Traffic PS,1.04432e+16,2023,1,2,Road Accidents,Narrow road,City/Town,Near a religious place,Human Error,Yes,Grievous Injury,Vehicle to Vehicle,Not Applicable,Straight and flat,Others,Bitumen(Tar),Others,Not Applicable,Clear,siver county Road,Near vishnulila hotel,5 KM,12.856194,77.61284
Bengaluru City,Electronic City Traffic PS,1.04432e+16,2023,1,1,Road Accidents,Narrow road,City/Town,Open area,Human Error,No,Grievous Injury,Vehicle to Vehicle,Not Applicable,Not Applicable,Service Road,Bitumen(Tar),Not Applicable,Not Applicable,Clear,Doddanagamanagala,CHIKKANAGAMANFAL,2.5,12.83852,77.61014