DISTRICTNAME,UNITNAME,Crime_No,Year,RI,Noofvehicle_involved,Accident_Classification,Accident_Spot,Accident_Location,Accident_SubLocation,Main_Cause,Hit_Run,Severity,Collision_Type,Junction_Control,Road_Character,Road_Type,Surface_Type,Surface_Condition,Road_Condition,Weather,Accident_Road,Landmark_first,Distance_LandMark_First,Latitude,Longitude
Bengaluru City,Electronic City Traffic PS,1.04432e+16,2023,1,1,Not Applicable,Narrow road,City/Town,Residential area,Human Error,Yes,Grievous Injury,Hit pedestrian,Not at  Junction,Not Applicable,Others,Bitumen(Tar),Others,Not Applicable,Clear,Kudlu Road,Kudlu Bus Stop,6KM,12.68552,77.088342
Bengaluru City,Electronic City Traffic PS,1.04432e+16,2023,1,2,Road Accidents,Narrow road,City/Town,Open area,Human Error,Yes,Simple Injury,Vehicle to Vehicle,Not Applicable,Others,Others,Bitumen(Tar),Dry,Not Applicable,Clear,ITI Layout Road,Near Ayyappa Temple,7 KM,12.68552,77.56653
Bengaluru City,Electronic City Traffic PS,1.04432e+16,2023,1,1,Road Accidents,Not Applicable,City/Town,Near Bus stop,Human Error,No,Fatal,Hit pedestrian,Not at  Junction,Not Applicable,Service Road,Bitumen(Tar),Others,Not Applicable,Clear,HOSUR service ROAD,Hosru Main Road,5 KM,0.0,0.0
Bengaluru City,Electronic City Traffic PS,1.04432e+16,2023,1,1,Road Accidents,Road hump or Rumble strips,City/Town,Open area,Human Error,Not Applicable,Grievous Injury,Not Applicable,Controlled,Others,Service Road,Bitumen(Tar),Dry,Not Applicable,Clear,Hosuru Road Service Road,Opp White Feather,2km,0.0,0.0
Bengaluru City,Electronic City Traffic PS,1.04432e+16,2023,1,2,Road Accidents,Narrow road,City/Town,Open area,Human Error,No,Simple Injury,Vehicle to Vehicle,Controlled,Others,Others,Bitumen(Tar),Others,Not Applicable,Clear,Hosru Main Road,Hosur main road Near Near Singasandara Pai Show Room,4 Km,0.0,0.0
Bengaluru City,Electronic City Traffic PS,1.04432e+16,2023,1,1,Road Accidents,Narrow road,City/Town,Near office complex,Human Error,No,Grievous Injury,Hit pedestrian,Not at  Junction,Straight and flat,NH,Bitumen(Tar),Others,Not Applicable,Clear,Hosru Main Road,D mart,2 km,0.0,0.0
Bengaluru City,Electronic City Traffic PS,1.04432e+16,2023,1,2,Not Applicable,Narrow road,City/Town,Near School or College,Human Error,Yes,Grievous Injury,Vehicle to Vehicle,Not at  Junction,Others,Not Applicable,Bitumen(Tar),Not Applicable,Not Applicable,Clear,Chodasandra,School,5KM,0.0,0.0
Bengaluru City,Electronic City Traffic PS,1.04432e+16,2023,1,2,Not Applicable,Narrow road,City/Town,Near office complex,Human Error,Yes,Grievous Injury,Vehicle to Vehicle,Not at  Junction,Not Applicable,NH,Bitumen(Tar),Others,Not Applicable,Clear,elevented Fly Over,Eleveted Fly Over Near  Hosuru Junction,5KM,12.83904,77.61453
Bengaluru City,Electronic City Traffic PS,1.04432e+16,2023,1,2,Road Accidents,Narrow road,City/Town,Near School or College,Human Error,No,Grievous Injury,Vehicle to Vehicle,Controlled,Others,NH,Bitumen(Tar),Dry,Not Applicable,Clear,Hosur Main Road Konappan agrahar Bus Stop,Near PES college,3 K M,0.0,0.0
Bengaluru City,Electronic City Traffic PS,1.04432e+16,2023,1,2,Road Accidents,Junction,City/Town,Open area,Human Error,No,Grievous Injury,Vehicle to Vehicle,Signal lights Automatic,Curve and Incline,NH,Bitumen(Tar),Not Applicable,Not Applicable,Clear,Hosur Main Road,Hosur main road Near Singasandara,1.5 km,12.83625,77.61043
Bengaluru City,Electronic City Traffic PS,1.04432e+16,2023,1,2,Road Accidents,Narrow road,City/Town,Near office complex,Human Error,No,Grievous Injury,Vehicle to Vehicle,Not at  Junction,Others,NH,Bitumen(Tar),Others,Not Applicable,Clear,Hosru Main Road,veerasandra junction,6 KM,12.83625,97.088342
Bengaluru City,Electronic City Traffic PS,1.04432e+16,2023,1,1,Road Accidents,Junction,City/Town,Near School or College,Human Error,No,Grievous Injury,Hit pedestrian,Not at  Junction,Others,NH,Bitumen(Tar),Others,Not Applicable,Clear,Hosur Main Road,School,5 KM,12.68552,77.61284
Bengaluru City,Electronic City Traffic PS,1.04432e+16,2023,1,2,Road Accidents,Narrow road,City/Town,Open area,Human Error,No,Not Applicable,Vehicle to Vehicle,Controlled,Others,Expressway,Bitumen(Tar),Dry,Not Applicable,Clear,Elevated Fly over road,Elevated Flyover,5KM,12.68552,77.088342
Bengaluru City,Electronic City Traffic PS,1.04432e+16,2023,1,3,Road Accidents,Narrow road,City/Town,Open area,Human Error,No,Simple Injury,Vehicle to Vehicle,Controlled,Others,NH,Bitumen(Tar),Dry,Not Applicable,Clear,Veerasandra Junction,Hosru Main Road,2KM,0.0,0.0
Bengaluru City,Electronic City Traffic PS,1.04432e+16,2023,1,1,Road Accidents,Narrow road,City/Town,Open area,Human Error,Yes,Grievous Injury,Hit pedestrian,Controlled,Others,Others,Bitumen(Tar),Dry,Not Applicable,Clear,Hoskuru Near Sallapuriyamma Temple,Shanthipur Village,5 KM,0.0,0.0
Bengaluru City,Electronic City Traffic PS,1.04432e+16,2023,1,1,Road Accidents,Narrow road,City/Town,Near office complex,Human Error,No,Grievous Injury,Not Applicable,Not Applicable,Straight and flat,One way,Bitumen(Tar),Others,Not Applicable,Others,Electrono City Phase 1,bus stand,2 km,12.83876,77.63041
Bengaluru City,Electronic City Traffic PS,1.04432e+16,2023,1,1,Road Accidents,Junction,City/Town,Open area,Human Error,No,Grievous Injury,Hit pedestrian,Controlled,Not Applicable,NH,Bitumen(Tar),Dry,Not Applicable,Clear,Hosuru Service Road Near Konapana Agrahraa Jn,Near Konappana Agrahara,2 km,0.0,0.0
Bengaluru City,Electronic City Traffic PS,1.04432e+16,2023,1,2,Road Accidents,Narrow road,City/Town,Open area,Human Error,No,Simple Injury,Vehicle to Vehicle,Not at  Junction,Others,Others,Bitumen(Tar),Dry,Not Applicable,Clear,Choodasandra Main road,Near KSRP Exit Gate,6KM,0.0,0.0
Bengaluru City,Electronic City Traffic PS,1.04432e+16,2023,1,2,Not Applicable,Circle,City/Town,Residential area,Human Error,No,Fatal,Vehicle to Vehicle,Not at  Junction,Not Applicable,Others,Bitumen(Tar),Not Applicable,Not Applicable,Clear,Kudlu Road,bus stand,8,0.0,0.0
Bengaluru City,Electronic City Traffic PS,1.04432e+16,2023,1,2,Not Applicable,Narrow road,City/Town,Near Bus stop,Human Error,Yes,Grievous Injury,Vehicle to Vehicle,Controlled,Others,NH,Bitumen(Tar),Not Applicable,Not Applicable,Clear,Hosru Main Road,Bommanahali,5KM,0.0,0.0
Bengaluru City,Electronic City Traffic PS,1.04432e+16,2023,1,1,Road Accidents,Narrow road,City/Town,Open area,Human Error,No,Grievous Injury,Hit pedestrian,Controlled,Others,Others,Bitumen(Tar),Dry,Not Applicable,Clear,Channakeshavanagar,Near 10th Cross,4 KM,0.0,0.0
Bengaluru City,Electronic City Traffic PS,1.04432e+16,2023,1,2,Road Accidents,Junction,City/Town,Near Bus stop,Human Error,No,Simple Injury,Vehicle to Vehicle,Controlled,Others,NH,Bitumen(Tar),Dry,Not Applicable,Clear,Hosru Main Road,Naganathapura,5 KM,12.83935,77.61014
Bengaluru City,Electronic City Traffic PS,1.04432e+16,2023,1,1,Road Accidents,Narrow road,City/Town,Near Hospital,Human Error,No,Grievous Injury,Hit pedestrian,Not Applicable,Curve,Others,Bitumen(Tar),Ditch or Potholed,Not Applicable,Others,Hosru Main Road,Near Hosuru Road JN,2,12.83625,77.61014
Bengaluru City,Electronic City Traffic PS,1.04432e+16,2023,1,1,Road Accidents,Narrow road,City/Town,Open area,Human Error,Not Applicable,Fatal,Not Applicable,Controlled,Others,Others,Bitumen(Tar),Dry,Not Applicable,Clear,Chikkanagamanagala,Near Muneshwara Temple,3KM,12.752783,77.088342
Bengaluru City,Electronic City Traffic PS,1.04432e+16,2023,1,2,Road Accidents,Circle,City/Town,Open area,Human Error,Yes,Grievous Injury,Vehicle to Vehicle,Controlled,Incline,NH,Bitumen(Tar),Dry,Not Applicable,Clear,HOSUR MAIN ROAD,Hosru Main Road,5 KM,12.83625,77.088342
Bengaluru City,Electronic City Traffic PS,1.04432e+16,2023,1,2,Road Accidents,Narrow road,City/Town,Open area,Human Error,Yes,Fatal,Vehicle to Vehicle,Controlled,Others,NH,Bitumen(Tar),Dry,Not Applicable,Clear,Singasandra Service Road,Infront Of Cool Links Spare Parts Shop,5 KM,12.752783,77.088342
Bengaluru City,Electronic City Traffic PS,1.04432e+16,2023,1,2,Road Accidents,Narrow road,City/Town,Open area,Human Error,No,Simple Injury,Vehicle to Vehicle,Controlled,Others,Others,Bitumen(Tar),Dry,Not Applicable,Clear,Doddathogur Road,Basapura Road,7 KM,12.68552,77.47144
Bengaluru City,Electronic City Traffic PS,1.04432e+16,2023,1,2,Road Accidents,Narrow road,City/Town,Near Bus stop,Human Error,Yes,Grievous Injury,Vehicle to Vehicle,Controlled,Others,NH,Bitumen(Tar),Others,Not Applicable,Clear,Hosuru Service Road Near Garvebhavi Jn,Hosuru Service Road Near Garvebhavi Jn,5 KM,0.0,0.0
Bengaluru City,Electronic City Traffic PS,1.04432e+16,2023,1,1,Road Accidents,Narrow road,City/Town,Open area,Human Error,Yes,Fatal,Hit pedestrian,Not Applicable,Not Applicable,Others,Bitumen(Tar),Not Applicable,Not Applicable,Clear,NICE ROAD,NICE ROAD NEAR DODDATOGURU LAKE,5 KM,0.0,0.0
Bengaluru City,Electronic City Traffic PS,1.04432e+16,2023,1,2,Road Accidents,Junction,City/Town,Near a recreation place/cinema,Human Error,No,Grievous Injury,Vehicle to Vehicle,Not at  Junction,Others,Others,Bitumen(Tar),Others,Not Applicable,Clear,Haraluru Road,nivvy Resto Cafe,5 km,0.0,0.0
Bengaluru City,Electronic City Traffic PS,1.04432e+16,2023,1,1,Road Accidents,Cross roads,City/Town,Open area,Human Error,No,Grievous Injury,Hit pedestrian,Controlled,Others,Service Road,Bitumen(Tar),Dry,Not Applicable,Clear,Garvebhavipalya,Hosru Main Road,6 KM,0.0,0.0
Bengaluru City,Electronic City Traffic PS,1.04432e+16,2023,1,2,Road Accidents,Narrow road,City/Town,Open area,Human Error,No,Simple Injury,Vehicle to Vehicle,Controlled,Others,Others,Bitumen(Tar),Dry,Not Applicable,Clear,Naganathapur Electronic City,Naganathapura,4 Kms,12.752783,77.088342
Bengaluru City,Electronic City Traffic PS,1.04432e+16,2023,1,1,Road Accidents,Narrow road,City/Town,Open area,Human Error,Yes,Fatal,Hit bicyclist,Controlled,Others,Others,Bitumen(Tar),Dry,Not Applicable,Clear,Central Jail Road,Naganathapura,5 KM,12.752783,77.088342
Bengaluru City,Electronic City Traffic PS,1.04432e+16,2023,1,2,Road Accidents,Narrow road,City/Town,Open area,Human Error,No,Simple Injury,Vehicle to Vehicle,Not Applicable,Straight and flat,Others,Bitumen(Tar),Muddy,Not Applicable,Clear,Nice Road,Nice Road,5 KM,12.83852,77.61043
Bengaluru City,Electronic City Traffic PS,1.04432e+16,2023,1,2,Road Accidents,Narrow road,City/Town,Open area,Human Error,Yes,Fatal,Vehicle to Vehicle,Controlled,Others,Others,Bitumen(Tar),Dry,Not Applicable,Clear,Kudlu Village,Near Spandana Apt,5 KM,12.8452,77.088342
Bengaluru City,Electronic City Traffic PS,1.04432e+16,2023,1,1,Road Accidents,Narrow road,City/Town,Open area,Human Error,Not Applicable,Fatal,Not Applicable,Controlled,Others,Others,Bitumen(Tar),Dry,Not Applicable,Clear,Kudlu,Near Angala Parameshwari Temple,5 KM,12.958962,77.651014
Bengaluru City,Electronic City Traffic PS,1.04432e+16,2023,1,2,Road Accidents,Not Applicable,City/Town,Residential area,Human Error,Yes,Grievous Injury,Not Applicable,Not at  Junction,Straight and flat,Others,Bitumen(Tar),Others,Not Applicable,Others,Nice Road,Nice Road E C Toll,10 km,12.854976,77.659488
Bengaluru City,Halasur Gate Traffic PS,1.04432e+16,2016,1,2,Road Accidents,Junction,City/Town,Near a religious place,Human Error,No,Grievous Injury,Side impact or Right angle,Signal lights Automatic,Curve,City or Town Road,Bitumen(Tar),Dry,No influence on accident,Fine,NR  road,ptreol bunk,25,0.0,0.0
Bengaluru City,Halasur Gate Traffic PS,1.04432e+16,2016,1,2,Road Accidents,Curves,City/Town,Near Bus stop,Human Error,No,Grievous Injury,Rear end,Uncontrolled,Curve,City or Town Road,Concrete,Dry,No influence on accident,Fine,NR ROAD,bannappa park,300,0.0,0.0
Bengaluru City,Halasur Gate Traffic PS,1.04432e+16,2016,1,1,Road Accidents,T Junction,City/Town,Near office complex,Human Error,No,Grievous Injury,Hit pedestrian,Signal lights Automatic,Curve,City or Town Road,Bitumen(Tar),Dry,No influence on accident,Fine,NR road,police ambrala,100,0.0,0.0
Bengaluru City,Halasur Gate Traffic PS,1.04432e+16,2016,1,2,Road Accidents,Narrow road,City/Town,Near office complex,Human Error,No,Grievous Injury,Others,Uncontrolled,Straight and flat,City or Town Road,Bitumen(Tar),Dry,No influence on accident,Fine,kumbaragundi road,tractor office,200,0.0,0.0
Bengaluru City,Halasur Gate Traffic PS,1.04432e+16,2016,1,2,Road Accidents,Circle,City/Town,Near Hospital,Human Error,Yes,Damage Only,Rear end,Signal lights Automatic,Curve,City or Town Road,Bitumen(Tar),Dry,No influence on accident,Fine,devaga circle,hcg hospital,300,0.0,0.0
Bengaluru City,Halasur Gate Traffic PS,1.04432e+16,2016,1,1,Road Accidents,Curves,City/Town,Near office complex,Human Error,No,Fatal,Hit pedestrian,Signal lights Automatic,Curve,City or Town Road,Bitumen(Tar),Dry,No influence on accident,Fine,RRMR,Tree,2,12.964917,77.596
Bengaluru City,Halasur Gate Traffic PS,1.04432e+16,2016,1,2,Road Accidents,Circle,City/Town,Near office complex,Human Error,No,Grievous Injury,Side swipe,Signal lights Automatic,Curve,City or Town Road,Bitumen(Tar),Dry,No influence on accident,Fine,NR  road,1,1,0.0,0.0
Bengaluru City,Halasur Gate Traffic PS,1.04432e+16,2016,1,2,Road Accidents,Junction,City/Town,Near office complex,Human Error,No,Grievous Injury,Hit pedal cyclist,Signal lights Automatic,Curve,City or Town Road,Bitumen(Tar),Dry,No influence on accident,Fine,Lalbhag road,centar  meedain,10,0.0,0.0
Bengaluru City,Halasur Gate Traffic PS,1.04432e+16,2016,1,2,Road Accidents,Junction,City/Town,Near Hospital,Human Error,No,Grievous Injury,Overturning,Police / Manual,Curve,City or Town Road,Bitumen(Tar),Dry,No influence on accident,Fine,NR  road,1,1,0.0,0.0
Bengaluru City,Halasur Gate Traffic PS,1.04432e+16,2016,1,1,Road Accidents,Narrow road,City/Town,Near office complex,Human Error,No,Grievous Injury,Hit pedestrian,Not at  Junction,Not Applicable,City or Town Road,Bitumen(Tar),Dry,No influence on accident,Fine,new  mission road,EC pool,14,0.0,0.0
Bengaluru City,Halasur Gate Traffic PS,1.04432e+16,2016,1,1,Road Accidents,Narrow road,City/Town,Near Bus stop,Human Error,No,Grievous Injury,Hit pedestrian,No signal lights,Straight and flat,City or Town Road,Bitumen(Tar),Dry,No influence on accident,Fine,sheshadhri road,centra meedian,25,0.0,0.0
Bengaluru City,Halasur Gate Traffic PS,1.04432e+16,2016,1,1,Road Accidents,Narrow road,City/Town,Residential area,Human Error,No,Grievous Injury,Hit pedestrian,Uncontrolled,Straight and flat,City or Town Road,Bitumen(Tar),Dry,No influence on accident,Fine,CKC GARDEN 2MAIN ROAD,SHRINIVASA HOUSE,100,0.0,0.0
Bengaluru City,Halasur Gate Traffic PS,1.04432e+16,2016,1,2,Road Accidents,Circle,City/Town,Near office complex,Human Error,No,Grievous Injury,Right Turn Collision,Signal lights Automatic,Others,City or Town Road,Bitumen(Tar),Dry,No influence on accident,Fine,SHIVAJI CIRCLE,CHERCH,300,0.0,0.0
Bengaluru City,Halasur Gate Traffic PS,1.04432e+16,2016,1,1,Road Accidents,Narrow road,City/Town,Near Hospital,Human Error,No,Grievous Injury,Hit pedestrian,No signal lights,Straight and flat,City or Town Road,Bitumen(Tar),Dry,No influence on accident,Fine,Nrupathunga road,Tree,70,0.0,0.0
Bengaluru City,Halasur Gate Traffic PS,1.04432e+16,2016,1,1,Road Accidents,Narrow road,City/Town,Near Bus stop,Human Error,No,Grievous Injury,Skidding or Self accident,Not Applicable,Others,City or Town Road,Bitumen(Tar),Dry,No influence on accident,Fine,Kg road,bus seltar,50,0.0,0.0
Bengaluru City,Halasur Gate Traffic PS,1.04432e+16,2016,1,1,Road Accidents,Cross roads,City/Town,Near office complex,Human Error,No,Grievous Injury,Hit pedestrian,Not at  Junction,Straight and flat,City or Town Road,Bitumen(Tar),Dry,No influence on accident,Fine,KG road,EC Pool,18,0.0,0.0
Bengaluru City,Halasur Gate Traffic PS,1.04432e+16,2016,1,1,Road Accidents,Curves,City/Town,Near Hospital,Human Error,No,Fatal,Hit pedestrian,Police / Manual,Curve,City or Town Road,Bitumen(Tar),Dry,No influence on accident,Fine,pk lain,FOOTBOTH,5,0.0,0.0
Bengaluru City,Halasur Gate Traffic PS,1.04432e+16,2016,1,1,Road Accidents,Narrow road,City/Town,Near office complex,Human Error,No,Grievous Injury,Hit pedestrian,No signal lights,Straight and flat,City or Town Road,Bitumen(Tar),Dry,No influence on accident,Fine,KG road,tree,45,0.0,0.0
Bengaluru City,Halasur Gate Traffic PS,1.04432e+16,2016,1,1,Road Accidents,Y Junction,City/Town,At pedestrian Crossing,Human Error,No,Grievous Injury,Hit pedestrian,Signal lights Automatic,Curve,City or Town Road,Bitumen(Tar),Dry,No influence on accident,Fine,NR road,centr median,13,0.0,0.0
Bengaluru City,Halasur Gate Traffic PS,1.04432e+16,2016,1,1,Road Accidents,Narrow road,City/Town,Near Bus stop,Human Error,No,Grievous Injury,Others,Stop sign,Straight and flat,City or Town Road,Bitumen(Tar),Dry,No influence on accident,Fine,KG road,1,1,0.0,0.0
Bengaluru City,Halasur Gate Traffic PS,1.04432e+16,2016,1,2,Road Accidents,Narrow road,City/Town,Near office complex,Human Error,No,Simple Injury,Rear end,Not at  Junction,Straight and flat,City or Town Road,Bitumen(Tar),Dry,No influence on accident,Fine,Mission road,1,1,0.0,0.0
Bengaluru City,Halasur Gate Traffic PS,1.04432e+16,2016,1,2,Road Accidents,Narrow road,City/Town,Near office complex,Human Error,Yes,Grievous Injury,Hit and Run,Uncontrolled,Straight and flat,City or Town Road,Bitumen(Tar),Dry,No influence on accident,Fine,NR RD,N R RD,100,0.0,0.0
Bengaluru City,Halasur Gate Traffic PS,1.04432e+16,2016,1,2,Road Accidents,Narrow road,City/Town,Near Hospital,Human Error,No,Grievous Injury,Others,Give way sign,Straight and flat,City or Town Road,Bitumen(Tar),Dry,No influence on accident,Fine,Nrupathunga  road,Tree,25,0.0,0.0
Bengaluru City,Halasur Gate Traffic PS,1.04432e+16,2016,1,1,Road Accidents,Narrow road,City/Town,Near Bus stop,Human Error,Yes,Grievous Injury,Hit and Run,Uncontrolled,Straight and flat,City or Town Road,Bitumen(Tar),Dry,No influence on accident,Fine,K B RD,KB ROAD,250,0.0,0.0
Bengaluru City,Halasur Gate Traffic PS,1.04432e+16,2016,1,1,Road Accidents,Narrow road,City/Town,Residential area,Human Error,Yes,Grievous Injury,Side swipe,Uncontrolled,Straight and flat,City or Town Road,Bitumen(Tar),Dry,No influence on accident,Fine,SR NAGARA 5 TH MAIN ROAD,HOUSE NO 43,50,0.0,0.0
Bengaluru City,Halasur Gate Traffic PS,1.04432e+16,2016,1,1,Road Accidents,Other,City/Town,Near School or College,Human Error,Yes,Grievous Injury,Hit and Run,Uncontrolled,Straight and flat,City or Town Road,Bitumen(Tar),Dry,No influence on accident,Fine,N R ROAD,SCINCE COLLAGE,50F,0.0,0.0
Bengaluru City,Halasur Gate Traffic PS,1.04432e+16,2016,1,2,Road Accidents,Narrow road,City/Town,Near School or College,Human Error,Yes,Grievous Injury,Hit and Run,Signal lights Blinking,Straight and flat,City or Town Road,Bitumen(Tar),Dry,No influence on accident,Fine,mission road,centra meedian,20,0.0,0.0
Bengaluru City,Halasur Gate Traffic PS,1.04432e+16,2016,1,1,Road Accidents,Narrow road,City/Town,Near Bus stop,Human Error,No,Grievous Injury,Hit pedestrian,Uncontrolled,Straight and flat,City or Town Road,Bitumen(Tar),Dry,No influence on accident,Fine,KG ROAD,bannappa park,200,12.968348,77.58677
Bengaluru City,Halasur Gate Traffic PS,1.04432e+16,2016,1,2,Road Accidents,Bridge,City/Town,Near School or College,Human Error,Yes,Grievous Injury,Hit and Run,Uncontrolled,Others,City or Town Road,Bitumen(Tar),Dry,No influence on accident,Fine,K H RD,CEMBRIDGE SCHOOL,50F,0.0,0.0
Bengaluru City,Halasur Gate Traffic PS,1.04432e+16,2016,1,1,Road Accidents,Narrow road,City/Town,Near Hospital,Human Error,No,Fatal,Skidding or Self accident,Not Applicable,Straight and flat,City or Town Road,Bitumen(Tar),Dry,No influence on accident,Fine,Kg road,tree,56,0.0,0.0
Bengaluru City,Halasur Gate Traffic PS,1.04432e+16,2016,1,2,Road Accidents,Narrow road,City/Town,Near Bus stop,Human Error,Yes,Grievous Injury,Side swipe,Uncontrolled,Straight and flat,City or Town Road,Bitumen(Tar),Dry,No influence on accident,Fine,SHESHADRI ROAD,SJP COLLEGE,300,0.0,0.0
Bengaluru City,Halasur Gate Traffic PS,1.04432e+16,2016,1,2,Road Accidents,Narrow road,City/Town,Near Bus stop,Human Error,No,Damage Only,Rear end,Uncontrolled,Straight and flat,City or Town Road,Bitumen(Tar),Dry,No influence on accident,Fine,NR ROAD,PARK,300,0.0,0.0
Bengaluru City,Halasur Gate Traffic PS,1.04432e+16,2016,1,2,Road Accidents,Junction,City/Town,Near Bus stop,Human Error,No,Grievous Injury,Hit pedal cyclist,Signal lights Automatic,Curve,City or Town Road,Bitumen(Tar),Dry,No influence on accident,Fine,MIssion road,1,1,0.0,0.0
Bengaluru City,Halasur Gate Traffic PS,1.04432e+16,2016,1,1,Road Accidents,Cross roads,City/Town,Near office complex,Human Error,No,Grievous Injury,Hit pedestrian,Not at  Junction,Others,City or Town Road,Bitumen(Tar),Dry,No influence on accident,Fine,otc road,pool,60,0.0,0.0
Bengaluru City,Halasur Gate Traffic PS,1.04432e+16,2016,1,2,Road Accidents,Circle,City/Town,Near Petrol Pump,Human Error,No,Grievous Injury,Rear end,Signal lights Automatic,Straight and flat,City or Town Road,Bitumen(Tar),Dry,No influence on accident,Fine,SHANTHI NAGAR CIRCLE,PETROL PUMP,200,0.0,0.0
Bengaluru City,Halasur Gate Traffic PS,1.04432e+16,2016,1,2,Road Accidents,Narrow road,City/Town,Near office complex,Human Error,No,Grievous Injury,Others,Signal lights Automatic,Straight and flat,City or Town Road,Bitumen(Tar),Dry,No influence on accident,Fine,SHIVAJI CIRCLE,CHERCH,300,0.0,0.0
Bengaluru City,Halasur Gate Traffic PS,1.04432e+16,2016,1,2,Road Accidents,Narrow road,City/Town,Near office complex,Human Error,Yes,Simple Injury,Rear end,Uncontrolled,Straight and flat,City or Town Road,Bitumen(Tar),Dry,No influence on accident,Fine,RRMR,PETROL PUMP,250,0.0,0.0
Bengaluru City,Halasur Gate Traffic PS,1.04432e+16,2016,1,2,Road Accidents,Junction,City/Town,Near Bus stop,Human Error,No,Grievous Injury,Overturning,Signal lights Automatic,Straight and flat,City or Town Road,Bitumen(Tar),Dry,No influence on accident,Fine,NR  road,police ambrala,5,0.0,0.0
Bengaluru City,Halasur Gate Traffic PS,1.04432e+16,2016,1,2,Road Accidents,Narrow road,City/Town,Near Bus stop,Human Error,No,Fatal,Rear end,Not at  Junction,Straight and flat,City or Town Road,Bitumen(Tar),Dry,No influence on accident,Fine,kg road,0,0,0.0,0.0
Bengaluru City,Halasur Gate Traffic PS,1.04432e+16,2016,1,2,Road Accidents,Junction,City/Town,Near office complex,Human Error,No,Grievous Injury,Others,Signal lights Automatic,Curve,City or Town Road,Bitumen(Tar),Dry,No influence on accident,Fine,NR  road,centra median,10,0.0,0.0
Bengaluru City,Halasur Gate Traffic PS,1.04432e+16,2016,1,2,Road Accidents,Narrow road,City/Town,Near Hospital,Human Error,Yes,Grievous Injury,Overturning,No signal lights,Straight and flat,City or Town Road,Bitumen(Tar),Dry,No influence on accident,Fine,Nruoathunga road,0,0,0.0,0.0
Bengaluru City,Halasur Gate Traffic PS,1.04432e+16,2016,1,2,Road Accidents,Narrow road,City/Town,Near Bus stop,Human Error,No,Grievous Injury,Rear end,Not at  Junction,Straight and flat,City or Town Road,Bitumen(Tar),Dry,No influence on accident,Fine,Mallya  road,foot path,5,0.0,0.0
Bengaluru City,Halasur Gate Traffic PS,1.04432e+16,2016,1,2,Road Accidents,Junction,City/Town,Near office complex,Human Error,No,Grievous Injury,Overturning,Signal lights Automatic,Curve,City or Town Road,Bitumen(Tar),Dry,No influence on accident,Fine,KH road,EC pool,18,0.0,0.0
Bengaluru City,Halasur Gate Traffic PS,1.04432e+16,2016,1,2,Road Accidents,Narrow road,City/Town,Near office complex,Human Error,No,Damage Only,Hit parked vehicle,Uncontrolled,Straight and flat,City or Town Road,Bitumen(Tar),Dry,No influence on accident,Fine,JCROAD,RAVINDRA KALAKETRA,400F,0.0,0.0
Bengaluru City,Halasur Gate Traffic PS,1.04432e+16,2016,1,1,Road Accidents,Narrow road,City/Town,Residential area,Human Error,No,Grievous Injury,Hit pedestrian,No signal lights,Straight and flat,City or Town Road,Bitumen(Tar),Dry,Engineering Defect of Road,Fine,Lalbagha road,tree,10,0.0,0.0
Bengaluru City,Halasur Gate Traffic PS,1.04432e+16,2016,1,2,Road Accidents,Junction,City/Town,Near Bus stop,Human Error,No,Simple Injury,Rear end,Signal lights Automatic,Straight and flat,City or Town Road,Bitumen(Tar),Dry,No influence on accident,Fine,KG road,pool,20,0.0,0.0
Bengaluru City,Halasur Gate Traffic PS,1.04432e+16,2016,1,2,Road Accidents,Junction,City/Town,Near Petrol Pump,Human Error,No,Grievous Injury,Rear end,Signal lights Automatic,Curve,City or Town Road,Bitumen(Tar),Dry,No influence on accident,Fine,KH road,Tree,18,0.0,0.0
Bengaluru City,Halasur Gate Traffic PS,1.04432e+16,2016,1,1,Road Accidents,Narrow road,City/Town,Near Hospital,Human Error,No,Fatal,Hit pedestrian,Not at  Junction,Straight and flat,City or Town Road,Bitumen(Tar),Dry,No influence on accident,Fine,Nrupathunga  road,1,1,12.9665496,77.5868565
Bengaluru City,Halasur Gate Traffic PS,1.04432e+16,2016,1,1,Road Accidents,Junction,City/Town,Near a religious place,Human Error,No,Grievous Injury,Hit pedestrian,Signal lights Automatic,Straight and flat,City or Town Road,Bitumen(Tar),Dry,No influence on accident,Fine,JC  road,singal lihgt pool,10,0.0,0.0