DISTRICTNAME,UNITNAME,Crime_No,Year,RI,Noofvehicle_involved,Accident_Classification,Accident_Spot,Accident_Location,Accident_SubLocation,Main_Cause,Hit_Run,Severity,Collision_Type,Junction_Control,Road_Character,Road_Type,Surface_Type,Surface_Condition,Road_Condition,Weather,Accident_Road,Landmark_first,Distance_LandMark_First,Latitude,Longitude
Bengaluru City,Halasur Gate Traffic PS,1.04432e+16,2016,1,2,Road Accidents,Circle,City/Town,Near office complex,Human Error,No,Grievous Injury,Head on,Signal lights Automatic,Curve,City or Town Road,Bitumen(Tar),Dry,No influence on accident,Fine,TOWN HALL CIRCLE,TOWN HALL,400F,0.0,0.0
Bengaluru City,Halasur Gate Traffic PS,1.04432e+16,2016,1,1,Road Accidents,Narrow road,City/Town,Near office complex,Human Error,No,Simple Injury,Hit pedestrian,Not at  Junction,Straight and flat,City or Town Road,Bitumen(Tar),Dry,No influence on accident,Fine,KG road,0,0,0.0,0.0
Bengaluru City,Halasur Gate Traffic PS,1.04432e+16,2016,1,1,Road Accidents,Narrow road,City/Town,Near Hospital,Human Error,No,Fatal,Hit pedestrian,Not at  Junction,Straight and flat,City or Town Road,Bitumen(Tar),Dry,No influence on accident,Fine,KG  road,0,1,0.0,0.0
Bengaluru City,Halasur Gate Traffic PS,1.04432e+16,2016,1,1,Road Accidents,Narrow road,City/Town,Near Bus stop,Human Error,Yes,Grievous Injury,Others,Not at  Junction,Straight and flat,City or Town Road,Bitumen(Tar),Dry,Pot holed,Fine,RRMR ROAD,North Kantiveer Stadium,100ft,0.0,0.0
Bengaluru City,Halasur Gate Traffic PS,1.04432e+16,2016,1,1,Road Accidents,Junction,City/Town,Near Bus stop,Human Error,No,Grievous Injury,Others,Signal lights Automatic,Straight and flat,City or Town Road,Bitumen(Tar),Dry,No influence on accident,Fine,NR  road,Tree,25,0.0,0.0
Bengaluru City,Halasur Gate Traffic PS,1.04432e+16,2016,1,2,Road Accidents,Junction,City/Town,Near a religious place,Human Error,No,Grievous Injury,Overturning,Signal lights Automatic,Curve,City or Town Road,Bitumen(Tar),Dry,No influence on accident,Fine,NR   ROAD,TREE,23,0.0,0.0
Bengaluru City,Halasur Gate Traffic PS,1.04432e+16,2016,1,2,Road Accidents,T Junction,City/Town,Near Hospital,Human Error,No,Grievous Injury,Rear end,No signal lights,Slight Curve,City or Town Road,Bitumen(Tar),Dry,No influence on accident,Fine,DEVANGA ROAD,hcg hospital,300,0.0,0.0
Bengaluru City,Halasur Gate Traffic PS,1.04432e+16,2016,1,2,Road Accidents,Narrow road,City/Town,Near School or College,Human Error,No,Grievous Injury,Rear end,Uncontrolled,Straight and flat,City or Town Road,Bitumen(Tar),Dry,No influence on accident,Fine,NEW MISSION ROAD,CHERCH,200,0.0,0.0
Bengaluru City,Halasur Gate Traffic PS,1.04432e+16,2017,1,2,Road Accidents,Curves,City/Town,Near a religious place,Human Error,No,Damage Only,Rear end,No signal lights,Curve,City or Town Road,Bitumen(Tar),Dry,No influence on accident,Fine,NR ROAD,HUDSON CHURCH,500 F,0.0,0.0
Bengaluru City,Halasur Gate Traffic PS,1.04432e+16,2017,1,1,Road Accidents,Narrow road,City/Town,Near office complex,Human Error,No,Simple Injury,Skidding or Self accident,Uncontrolled,Straight and flat,City or Town Road,Bitumen(Tar),Dry,No influence on accident,Fine,NR ROAD,HOTEL KAMAT,300,0.0,0.0
Bengaluru City,Halasur Gate Traffic PS,1.04432e+16,2017,1,1,Road Accidents,Narrow road,City/Town,Near office complex,Human Error,No,Grievous Injury,Hit bicyclist,Uncontrolled,Straight and flat,City or Town Road,Bitumen(Tar),Dry,No influence on accident,Fine,KHROAD,PARIJATH HOTEL,100FFT,0.0,0.0
Bengaluru City,Halasur Gate Traffic PS,1.04432e+16,2017,1,2,Road Accidents,Narrow road,City/Town,Near Hospital,Human Error,No,Grievous Injury,Rear end,Uncontrolled,Straight and flat,City or Town Road,Bitumen(Tar),Dry,No influence on accident,Fine,KG ROAD,MATHAS HOSPITAL,300,0.0,0.0
Bengaluru City,Halasur Gate Traffic PS,1.04432e+16,2017,1,1,Road Accidents,Curves,City/Town,Near office complex,Human Error,No,Fatal,Hit pedestrian,Uncontrolled,Curve,Others,Bitumen(Tar),Dry,No influence on accident,Fine,OTC ROAD,TEMPLE,500,0.0,0.0
Bengaluru City,Halasur Gate Traffic PS,1.04432e+16,2017,1,1,Road Accidents,Narrow road,City/Town,Near Bus stop,Human Error,Yes,Grievous Injury,Hit pedestrian,Not Applicable,Straight and flat,City or Town Road,Bitumen(Tar),Dry,No influence on accident,Fine,N.R.ROAD,500 F,500F,0.0,0.0
Bengaluru City,Halasur Gate Traffic PS,1.04432e+16,2017,1,1,Road Accidents,Narrow road,City/Town,Near Bus stop,Human Error,Yes,Grievous Injury,Hit and Run,Uncontrolled,Straight and flat,City or Town Road,Bitumen(Tar),Dry,No influence on accident,Fine,NR ROAD CORPORETION BUS STOP,CORPORETION BUS STOP,100 F,0.0,0.0
Bengaluru City,Halasur Gate Traffic PS,1.04432e+16,2017,1,1,Road Accidents,Narrow road,City/Town,Near Bus stop,Human Error,Yes,Simple Injury,Others,Uncontrolled,Straight and flat,City or Town Road,Bitumen(Tar),Dry,No influence on accident,Fine,NR ROAD CORPORETION BUS STOP,CORPORETION BUS STOP,600 FT,0.0,0.0
Bengaluru City,Halasur Gate Traffic PS,1.04432e+16,2017,1,2,Road Accidents,Narrow road,City/Town,Near office complex,Human Error,Yes,Grievous Injury,Rear end,Not Applicable,Straight and flat,City or Town Road,Bitumen(Tar),Dry,No influence on accident,Fine,N.R.ROAD,LIC BUILDING,400 F,0.0,0.0
Bengaluru City,Halasur Gate Traffic PS,1.04432e+16,2017,1,2,Road Accidents,Circle,City/Town,Near Bus stop,Human Error,No,Grievous Injury,Rear end,Signal lights Automatic,Straight and flat,City or Town Road,Bitumen(Tar),Dry,No influence on accident,Fine,HUDSON CIRCLE,BBMP OFFICE,200,0.0,0.0
Bengaluru City,Halasur Gate Traffic PS,1.04432e+16,2017,1,2,Road Accidents,Curves,City/Town,Near office complex,Human Error,No,Simple Injury,Rear end,Signal lights Automatic,Straight and flat,City or Town Road,Bitumen(Tar),Dry,No influence on accident,Fine,NR CIRCLE,LIC BUILDING,500 F,0.0,0.0
Bengaluru City,Halasur Gate Traffic PS,1.04432e+16,2017,1,1,Road Accidents,Narrow road,City/Town,Near Bus stop,Human Error,Yes,Grievous Injury,Others,Not Applicable,Straight and flat,City or Town Road,Bitumen(Tar),Dry,No influence on accident,Fine,N.R.ROAD,CORPORATION  BUS STOP,20F,0.0,0.0
Bengaluru City,Halasur Gate Traffic PS,1.04432e+16,2017,1,1,Road Accidents,Narrow road,City/Town,At pedestrian Crossing,Human Error,Yes,Grievous Injury,Hit pedestrian,Not Applicable,Straight and flat,City or Town Road,Bitumen(Tar),Dry,No influence on accident,Fine,RRMR ROAD,NEAR PALAVI TEATER,400F,0.0,0.0
Bengaluru City,Halasur Gate Traffic PS,1.04432e+16,2017,1,2,Road Accidents,Narrow road,City/Town,Near Hospital,Human Error,Yes,Grievous Injury,Head on,Not at  Junction,Straight and flat,City or Town Road,Bitumen(Tar),Dry,No influence on accident,Fine,SPROAD,TEMPLE,400F,0.0,0.0
Bengaluru City,Halasur Gate Traffic PS,1.04432e+16,2017,1,2,Road Accidents,Narrow road,City/Town,Near Bus stop,Human Error,No,Grievous Injury,Rear end,Uncontrolled,Straight and flat,City or Town Road,Bitumen(Tar),Dry,No influence on accident,Fine,SHESHADRI ROAD,SJP COLLEGE,100FFT,0.0,0.0
Bengaluru City,Halasur Gate Traffic PS,1.04432e+16,2017,1,2,Road Accidents,Narrow road,City/Town,Near office complex,Human Error,No,Grievous Injury,Rear end,Signal lights Automatic,Straight and flat,City or Town Road,Bitumen(Tar),Dry,No influence on accident,Fine,OTC ROAD,LIC BUILDING,500 F,0.0,0.0
Bengaluru City,Halasur Gate Traffic PS,1.04432e+16,2017,1,2,Road Accidents,Cross roads,City/Town,Near office complex,Human Error,No,Grievous Injury,Head on,Not Applicable,Curve,City or Town Road,Bitumen(Tar),Dry,No influence on accident,Fine,CSI COMPOUND ROAD,400 F,400F,0.0,0.0
Bengaluru City,Halasur Gate Traffic PS,1.04432e+16,2017,1,2,Road Accidents,Junction,City/Town,Near School or College,Human Error,No,Grievous Injury,Right Turn Collision,Signal lights Automatic,Curve,City or Town Road,Bitumen(Tar),Dry,No influence on accident,Fine,KR CIRCLE,NEAR COLLEGE,500F,0.0,0.0
Bengaluru City,Halasur Gate Traffic PS,1.04432e+16,2017,1,1,Road Accidents,Narrow road,City/Town,Near School or College,Human Error,Yes,Grievous Injury,Others,Uncontrolled,Straight and flat,City or Town Road,Bitumen(Tar),Dry,No influence on accident,Fine,SHESHADRI ROAD,SJP COLLEGE,300F,0.0,0.0
Bengaluru City,Halasur Gate Traffic PS,1.04432e+16,2017,1,2,Road Accidents,Narrow road,City/Town,Near Bus stop,Human Error,No,Grievous Injury,Head on,Uncontrolled,Straight and flat,City or Town Road,Bitumen(Tar),Dry,No influence on accident,Fine,KBROAD,CUBBON PARK,100,0.0,0.0
Bengaluru City,Halasur Gate Traffic PS,1.04432e+16,2017,1,1,Road Accidents,Narrow road,City/Town,Near Bus stop,Human Error,No,Simple Injury,Hit pedestrian,Not Applicable,Straight and flat,City or Town Road,Bitumen(Tar),Dry,No influence on accident,Fine,NRUPATHUNGHA ROAD,COURT,500 F,0.0,0.0
Bengaluru City,Halasur Gate Traffic PS,1.04432e+16,2017,1,2,Road Accidents,Narrow road,City/Town,Near office complex,Human Error,Yes,Grievous Injury,Hit and Run,Not Applicable,Straight and flat,City or Town Road,Bitumen(Tar),Dry,No influence on accident,Fine,JC ROAD,JC ROAD  RAVINDRA KALASETHRA,500 F,0.0,0.0
Bengaluru City,Halasur Gate Traffic PS,1.04432e+16,2017,1,2,Road Accidents,Junction,City/Town,Near office complex,Human Error,No,Grievous Injury,Right Turn Collision,Signal lights Automatic,Curve,City or Town Road,Bitumen(Tar),Dry,No influence on accident,Fine,KR CIRCLE,NEAR COLFAGE,500F,0.0,0.0
Bengaluru City,Halasur Gate Traffic PS,1.04432e+16,2017,1,2,Road Accidents,Junction,City/Town,Near School or College,Human Error,No,Simple Injury,Rear end,Signal lights Automatic,Curve,City or Town Road,Bitumen(Tar),Dry,No influence on accident,Fine,KR CIRCLE,NEAR COLLEGE,500 F,0.0,0.0
Bengaluru City,Halasur Gate Traffic PS,1.04432e+16,2017,1,1,Road Accidents,Curves,City/Town,Near Petrol Pump,Human Error,Yes,Grievous Injury,Hit pedestrian,No signal lights,Curve,City or Town Road,Bitumen(Tar),Dry,No influence on accident,Fine,KB ROAD,NEAD PARK,300,0.0,0.0
Bengaluru City,Halasur Gate Traffic PS,1.04432e+16,2017,1,2,Road Accidents,Narrow road,City/Town,Near office complex,Human Error,No,Grievous Injury,Rear end,Uncontrolled,Straight and flat,City or Town Road,Bitumen(Tar),Dry,No influence on accident,Fine,JCROAD,KANNDA BHAVAN,300,0.0,0.0
Bengaluru City,Halasur Gate Traffic PS,1.04432e+16,2017,1,2,Road Accidents,Narrow road,City/Town,Near office complex,Human Error,No,Damage Only,Rear end,Uncontrolled,Straight and flat,City or Town Road,Bitumen(Tar),Dry,No influence on accident,Fine,RRMR ROAD,HOTEL,300,0.0,0.0
Bengaluru City,Halasur Gate Traffic PS,1.04432e+16,2017,1,2,Road Accidents,Junction,City/Town,Near Bus stop,Human Error,No,Grievous Injury,Head on,Police / Manual,Straight and flat,City or Town Road,Bitumen(Tar),Dry,No influence on accident,Fine,HUDSON CIRCLE,PARK,300F,0.0,0.0
Bengaluru City,Halasur Gate Traffic PS,1.04432e+16,2017,1,1,Road Accidents,Narrow road,City/Town,Near office complex,Human Error,No,Grievous Injury,Hit pedestrian,Not Applicable,Straight and flat,City or Town Road,Bitumen(Tar),Dry,No influence on accident,Fine,K G ROAD,KANADAYA BHAVANA,100 F,0.0,0.0
Bengaluru City,Halasur Gate Traffic PS,1.04432e+16,2017,1,1,Road Accidents,Narrow road,City/Town,Near Bus stop,Human Error,No,Grievous Injury,Hit pedestrian,Uncontrolled,Straight and flat,City or Town Road,Bitumen(Tar),Dry,No influence on accident,Fine,SHESHADRI ROAD,SJP COLLEGE,60,0.0,0.0
Bengaluru City,Halasur Gate Traffic PS,1.04432e+16,2017,1,1,Road Accidents,Other,City/Town,Open area,Human Error,Yes,Grievous Injury,Hit pedestrian,Uncontrolled,Others,City or Town Road,Bitumen(Tar),Dry,No influence on accident,Fine,CITY CIVIL COURT ROAD,COURT GROUND,300,0.0,0.0
Bengaluru City,Halasur Gate Traffic PS,1.04432e+16,2017,1,1,Road Accidents,Narrow road,City/Town,Near Hospital,Human Error,Yes,Simple Injury,Hit and Run,Not Applicable,Straight and flat,City or Town Road,Bitumen(Tar),Dry,No influence on accident,Fine,KG RAOD,500F,500F,0.0,0.0
Bengaluru City,Halasur Gate Traffic PS,1.04432e+16,2017,1,1,Road Accidents,Narrow road,City/Town,Near office complex,Human Error,No,Fatal,Hit pedestrian,Not Applicable,Straight and flat,City or Town Road,Bitumen(Tar),Dry,No influence on accident,Fine,OLD POST OFFICE ROAD,KPTCL OFFICE,200 F,12.97298,77.581721
Bengaluru City,Halasur Gate Traffic PS,1.04432e+16,2017,1,2,Road Accidents,Circle,City/Town,Near office complex,Human Error,No,Grievous Injury,Head on,Signal lights Automatic,Others,City or Town Road,Bitumen(Tar),Dry,No influence on accident,Fine,TOWN HALL CIRCLE,TOWN HALL,100FFT,0.0,0.0
Bengaluru City,Halasur Gate Traffic PS,1.04432e+16,2017,1,2,Road Accidents,Narrow road,City/Town,Near office complex,Human Error,No,Damage Only,Rear end,Uncontrolled,Straight and flat,City or Town Road,Bitumen(Tar),Dry,No influence on accident,Fine,K G ROAD,KANADAYA BHAVANA,500,0.0,0.0
Bengaluru City,Halasur Gate Traffic PS,1.04432e+16,2017,1,2,Road Accidents,Narrow road,City/Town,Near office complex,Human Error,No,Fatal,Hit pedestrian,Not Applicable,Straight and flat,City or Town Road,Bitumen(Tar),Dry,No influence on accident,Fine,RAVINDRA KALAKSHETRA,400F,400F,0.0,0.0
Bengaluru City,Halasur Gate Traffic PS,1.04432e+16,2017,1,1,Road Accidents,Narrow road,City/Town,Near office complex,Human Error,Yes,Grievous Injury,Hit pedestrian,Not Applicable,Straight and flat,Others,Bitumen(Tar),Dry,Engineering Defect of Road,Fine,SUNAKAL PETE ROAD,NEAR SLN HOTEL,200,0.0,0.0
Bengaluru City,Halasur Gate Traffic PS,1.04432e+16,2017,1,1,Road Accidents,Narrow road,City/Town,Near Bus stop,Human Error,No,Grievous Injury,Hit pedestrian,Not Applicable,Straight and flat,City or Town Road,Bitumen(Tar),Dry,No influence on accident,Fine,KBROAD,KANTIRAVA STDIUM,60,0.0,0.0
Bengaluru City,Halasur Gate Traffic PS,1.04432e+16,2017,1,2,Road Accidents,Narrow road,City/Town,Near office complex,Human Error,No,Damage Only,Head on,Not at  Junction,Straight and flat,City or Town Road,Bitumen(Tar),Dry,No influence on accident,Fine,OLD POST OFFICE ROAD,KEB OFFICE,200F,0.0,0.0
Bengaluru City,Halasur Gate Traffic PS,1.04432e+16,2017,1,2,Rail Road Accidents,Narrow road,City/Town,Near office complex,Human Error,No,Grievous Injury,Rear end,Not at  Junction,Straight and flat,City or Town Road,Bitumen(Tar),Dry,No influence on accident,Fine,OLD POST OFFICE ROAD,KEB OFFICE,200F,0.0,0.0
Bengaluru City,Halasur Gate Traffic PS,1.04432e+16,2017,1,1,Road Accidents,Narrow road,City/Town,Near office complex,Human Error,Yes,Damage Only,Others,Uncontrolled,Straight and flat,One way,Bitumen(Tar),Dry,No influence on accident,Fine,JC ROAD,RAVINDRA KALAKETRA,500,0.0,0.0
Bengaluru City,Halasur Gate Traffic PS,1.04432e+16,2017,1,2,Road Accidents,Narrow road,City/Town,Near office complex,Human Error,No,Damage Only,Rear end,Not Applicable,Straight and flat,City or Town Road,Bitumen(Tar),Dry,No influence on accident,Fine,NRUPATHUNGHA ROAD,COURT,500 F,0.0,0.0
Bengaluru City,Halasur Gate Traffic PS,1.04432e+16,2017,1,1,Road Accidents,Junction,City/Town,Near a religious place,Human Error,No,Simple Injury,Hit pedestrian,Signal lights Automatic,Straight and flat,City or Town Road,Bitumen(Tar),Dry,No influence on accident,Fine,SHIVAJI CIRCLE,CHURCH NEAR,300F,0.0,0.0
Bengaluru City,Halasur Gate Traffic PS,1.04432e+16,2017,1,1,Road Accidents,Narrow road,City/Town,Near School or College,Human Error,Yes,Grievous Injury,Hit pedestrian,Uncontrolled,Straight and flat,City or Town Road,Bitumen(Tar),Dry,No influence on accident,Fine,SHESHADRI ROAD,SJP COLLEGE,300,0.0,0.0
Bengaluru City,Halasur Gate Traffic PS,1.04432e+16,2017,1,2,Road Accidents,Narrow road,City/Town,Near Bus stop,Human Error,No,Damage Only,Rear end,Uncontrolled,Straight and flat,City or Town Road,Bitumen(Tar),Dry,No influence on accident,Fine,RRMR ROAD,KANTIRAVA STDIUM,300,0.0,0.0
Bengaluru City,Halasur Gate Traffic PS,1.04432e+16,2017,1,2,Road Accidents,Junction,City/Town,Near office complex,Human Error,No,Simple Injury,Rear end,Signal lights Automatic,Straight and flat,City or Town Road,Bitumen(Tar),Dry,No influence on accident,Fine,TOWN HALL CIRCLE,TOWN HALL,600,0.0,0.0
Bengaluru City,Halasur Gate Traffic PS,1.04432e+16,2017,1,1,Road Accidents,Narrow road,City/Town,Near office complex,Human Error,No,Simple Injury,Hit pedestrian,Not at  Junction,Straight and flat,City or Town Road,Bitumen(Tar),Dry,No influence on accident,Fine,JCROAD,RAVINDRA KALAKETRA,300F,0.0,0.0
Bengaluru City,Halasur Gate Traffic PS,1.04432e+16,2017,1,1,Road Accidents,Narrow road,City/Town,Near office complex,Human Error,Yes,Grievous Injury,Hit pedestrian,Not Applicable,Straight and flat,City or Town Road,Bitumen(Tar),Dry,No influence on accident,Fine,NAGRATHPET ROAD,BHAIRAVA SHOP,200F,0.0,0.0
Bengaluru City,Halasur Gate Traffic PS,1.04432e+16,2017,1,1,Road Accidents,Junction,City/Town,Near office complex,Human Error,No,Grievous Injury,Hit pedestrian,Signal lights Automatic,Straight and flat,City or Town Road,Bitumen(Tar),Dry,Engineering Defect of Road,Fine,NR CIRCLE,NEAD BUS STAND,500 F,0.0,0.0
Bengaluru City,Halasur Gate Traffic PS,1.04432e+16,2017,1,2,Road Accidents,Curves,City/Town,Near Hospital,Human Error,No,Grievous Injury,Rear end,Uncontrolled,Curve,City or Town Road,Bitumen(Tar),Dry,No influence on accident,Fine,DEVANGA ROAD,HGCHOSPITAL,5,0.0,0.0
Bengaluru City,Halasur Gate Traffic PS,1.04432e+16,2017,1,1,Road Accidents,Narrow road,City/Town,Near office complex,Human Error,No,Grievous Injury,Hit pedestrian,Uncontrolled,Straight and flat,City or Town Road,Bitumen(Tar),Dry,No influence on accident,Fine,CITY CIVIL COURT ROAD,CITY CIVIL COURT ROAD,5,0.0,0.0
Bengaluru City,Halasur Gate Traffic PS,1.04432e+16,2017,1,2,Road Accidents,Narrow road,City/Town,Near office complex,Human Error,No,Grievous Injury,Head on,Uncontrolled,Straight and flat,City or Town Road,Bitumen(Tar),Dry,No influence on accident,Fine,OLD POST OFFICE ROAD,COURT,100FFT,0.0,0.0
Bengaluru City,Halasur Gate Traffic PS,1.04432e+16,2017,1,1,Road Accidents,Narrow road,City/Town,Near Bus stop,Human Error,No,Fatal,Hit pedestrian,Not Applicable,Straight and flat,City or Town Road,Bitumen(Tar),Dry,No influence on accident,Fine,RRMR ROAD,KANTIRAVA STDIUM,500 F,12.967984,77.591371
Bengaluru City,Halasur Gate Traffic PS,1.04432e+16,2017,1,2,Road Accidents,Narrow road,City/Town,Near office complex,Human Error,Yes,Grievous Injury,Rear end,Uncontrolled,Straight and flat,City or Town Road,Bitumen(Tar),Dry,No influence on accident,Fine,JC ROAD,KANNDA BHAVAN,400F,0.0,0.0
Bengaluru City,Halasur Gate Traffic PS,1.04432e+16,2017,1,2,Road Accidents,Junction,City/Town,Near office complex,Human Error,No,Damage Only,Rear end,Signal lights Automatic,Straight and flat,City or Town Road,Bitumen(Tar),Dry,No influence on accident,Fine,NRROAD,TOWN HALL,400F,0.0,0.0
Bengaluru City,Halasur Gate Traffic PS,1.04432e+16,2017,1,2,Road Accidents,Circle,City/Town,Near office complex,Human Error,No,Grievous Injury,Rear end,No signal lights,Straight and flat,City or Town Road,Bitumen(Tar),Dry,No influence on accident,Fine,KBROAD,CUBBON PARK,100F,0.0,0.0
Bengaluru City,Halasur Gate Traffic PS,1.04432e+16,2017,1,2,Road Accidents,Narrow road,City/Town,Near Bus stop,Human Error,No,Damage Only,Right Turn Collision,Not Applicable,Straight and flat,City or Town Road,Bitumen(Tar),Dry,No influence on accident,Fine,KG ROAD KAVERI BHAVANA,KAVERI BHAVANA,400F,0.0,0.0
Bengaluru City,Halasur Gate Traffic PS,1.04432e+16,2017,1,1,Road Accidents,Narrow road,City/Town,Near Hospital,Human Error,No,Grievous Injury,Hit pedestrian,Not Applicable,Straight and flat,City or Town Road,Bitumen(Tar),Dry,No influence on accident,Fine,K.G. ROAD,MATHAS HOSPITAL,500F,0.0,0.0
Bengaluru City,Halasur Gate Traffic PS,1.04432e+16,2018,1,2,Road Accidents,Narrow road,City/Town,Near Hospital,Human Error,No,Damage Only,Rear end,Not Applicable,Straight and flat,City or Town Road,Bitumen(Tar),Dry,No influence on accident,Fine,NRUPATHUNGA RD,MATHAS HOSPITAL,400 F,0.0,0.0
Bengaluru City,Halasur Gate Traffic PS,1.04432e+16,2018,1,1,Road Accidents,Narrow road,City/Town,Near Petrol Pump,Human Error,No,Grievous Injury,Hit pedestrian,Not Applicable,Straight and flat,City or Town Road,Bitumen(Tar),Dry,No influence on accident,Fine,NEW MISSION ROAD,NEAR PETROL PUMP,200 F,0.0,0.0
Bengaluru City,Halasur Gate Traffic PS,1.04432e+16,2018,1,1,Road Accidents,Narrow road,City/Town,Near Bus stop,Human Error,Yes,Grievous Injury,Hit pedestrian,Not Applicable,Straight and flat,City or Town Road,Bitumen(Tar),Dry,No influence on accident,Fine,SHESHADRI ROAD,SJP COLLEGE,200 F,0.0,0.0
Bengaluru City,Halasur Gate Traffic PS,1.04432e+16,2018,1,1,Road Accidents,Narrow road,City/Town,Near Hospital,Human Error,No,Grievous Injury,Hit pedestrian,Not Applicable,Straight and flat,City or Town Road,Bitumen(Tar),Dry,No influence on accident,Fine,NRUPATHUNGA RD,NEAR HOSPITAL,200F,0.0,0.0
Bengaluru City,Halasur Gate Traffic PS,1.04432e+16,2018,1,1,Road Accidents,T Junction,City/Town,Near office complex,Human Error,Yes,Simple Injury,Hit pedestrian,No signal lights,Curve,City or Town Road,Concrete,Dry,No influence on accident,Fine,CUBBON PETE MAIN RAOD,MARKET,200FT,0.0,0.0
Bengaluru City,Halasur Gate Traffic PS,1.04432e+16,2018,1,2,Road Accidents,Junction,City/Town,Near office complex,Human Error,No,Damage Only,Side impact or Right angle,Signal lights Automatic,Curve,City or Town Road,Bitumen(Tar),Dry,No influence on accident,Fine,HUDSON CIRCLE,BBMP OFFICE,500 F,0.0,0.0
Bengaluru City,Halasur Gate Traffic PS,1.04432e+16,2018,1,2,Road Accidents,Narrow road,City/Town,Near Bus stop,Human Error,Yes,Grievous Injury,Hit and Run,Not Applicable,Straight and flat,City or Town Road,Bitumen(Tar),Dry,No influence on accident,Fine,KG ROAD,BMTC  BUS STAND,200F,0.0,0.0
Bengaluru City,Halasur Gate Traffic PS,1.04432e+16,2018,1,1,Road Accidents,Narrow road,City/Town,Near Bus stop,Human Error,No,Grievous Injury,Hit pedestrian,Not Applicable,Straight and flat,City or Town Road,Bitumen(Tar),Dry,No influence on accident,Fine,K.G. ROAD,NEAR BUS STOP,500F,0.0,0.0
Bengaluru City,Halasur Gate Traffic PS,1.04432e+16,2018,1,1,Road Accidents,Narrow road,City/Town,Near office complex,Human Error,Yes,Grievous Injury,Hit pedestrian,Not Applicable,Straight and flat,Others,Bitumen(Tar),Dry,No influence on accident,Fine,K.G.ROAD,TOWARDS NORTH,05KMS,0.0,0.0
Bengaluru City,Halasur Gate Traffic PS,1.04432e+16,2018,1,1,Road Accidents,Narrow road,City/Town,Near office complex,Human Error,Yes,Grievous Injury,Hit pedestrian,Not Applicable,Straight and flat,City or Town Road,Concrete,Dry,No influence on accident,Fine,NR ROAD,RAVINDRA KALAKETRA,200KMS,0.0,0.0
Bengaluru City,Halasur Gate Traffic PS,1.04432e+16,2018,1,2,Road Accidents,Narrow road,City/Town,Near office complex,Human Error,No,Fatal,Rear end,Uncontrolled,Straight and flat,City or Town Road,Bitumen(Tar),Dry,Engineering Defect of Road,Fine,NRROAD,UNITY BUILDING,100F,12.964555,77.586017
Bengaluru City,Halasur Gate Traffic PS,1.04432e+16,2018,1,1,Road Accidents,Circle,City/Town,Near office complex,Human Error,No,Damage Only,Hit fixed object,Signal lights Automatic,Straight and flat,City or Town Road,Bitumen(Tar),Dry,No influence on accident,Fine,NRROAD,NEAR LIC OFFICE,200 F,0.0,0.0
Bengaluru City,Halasur Gate Traffic PS,1.04432e+16,2018,1,2,Road Accidents,Narrow road,City/Town,Near office complex,Human Error,No,Fatal,Rear end,Not at  Junction,Straight and flat,City or Town Road,Bitumen(Tar),Dry,Engineering Defect of Road,Fine,NR ROAD,KAMATH HOTEL,200 F,0.0,0.0
Bengaluru City,Halasur Gate Traffic PS,1.04432e+16,2018,1,2,Road Accidents,Not Applicable,City/Town,Near office complex,Human Error,Yes,Simple Injury,Hit and Run,Not Applicable,Straight and flat,City or Town Road,Concrete,Dry,No influence on accident,Fine,CUBBON PETE MAIN ROAD HAMEED SHA COMPLEX,0,0,12.967101,77.586044
Bengaluru City,Halasur Gate Traffic PS,1.04432e+16,2018,1,1,Road Accidents,Narrow road,City/Town,Near Bus stop,Human Error,No,Grievous Injury,Others,Not Applicable,Straight and flat,City or Town Road,Bitumen(Tar),Dry,No influence on accident,Fine,K.G.ROAD,KGROAD BUS STOP,50 F,12.972751,77.581621
Bengaluru City,Halasur Gate Traffic PS,1.04432e+16,2018,1,2,Road Accidents,Junction,City/Town,Near a religious place,Human Error,Yes,Simple Injury,Hit and Run,Signal lights Automatic,Curve,City or Town Road,Bitumen(Tar),Dry,No influence on accident,Fine,HUDSON CHERCH,100F,100F,0.0,0.0
Bengaluru City,Halasur Gate Traffic PS,1.04432e+16,2018,1,2,Road Accidents,Junction,City/Town,Near School or College,Human Error,Yes,Grievous Injury,Hit and Run,Signal lights Automatic,Curve,City or Town Road,Bitumen(Tar),Dry,No influence on accident,Fine,KR CIRCLE,VISHWESHVARAIAH COLLAGE,100F,12.975712,77.586992
Bengaluru City,Halasur Gate Traffic PS,1.04432e+16,2018,1,2,Road Accidents,Narrow road,City/Town,Near office complex,Human Error,No,Grievous Injury,Side swipe,Not at  Junction,Straight and flat,City or Town Road,Bitumen(Tar),Dry,No influence on accident,Fine,KG ROAD KAVERI BHAVANA,KAVERI BHAVANA,1 KMS,0.0,0.0