DISTRICTNAME,UNITNAME,Crime_No,Year,RI,Noofvehicle_involved,Accident_Classification,Accident_Spot,Accident_Location,Accident_SubLocation,Main_Cause,Hit_Run,Severity,Collision_Type,Junction_Control,Road_Character,Road_Type,Surface_Type,Surface_Condition,Road_Condition,Weather,Accident_Road,Landmark_first,Distance_LandMark_First,Latitude,Longitude
Bengaluru City,Halasur Gate Traffic PS,1.04432e+16,2018,1,2,Road Accidents,Narrow road,City/Town,Near School or College,Human Error,Yes,Grievous Injury,Hit and Run,Not Applicable,Straight and flat,City or Town Road,Bitumen(Tar),Dry,No influence on accident,Fine,OLD POST OFFICE ROAD,NEAR VISHWESHVARA ENGINEER COLLAGE,100F,0.0,0.0
Bengaluru City,Halasur Gate Traffic PS,1.04432e+16,2018,1,2,Road Accidents,Circle,City/Town,Near School or College,Human Error,Yes,Grievous Injury,Rear end,Signal lights Blinking,Incline,City or Town Road,Bitumen(Tar),Dry,No influence on accident,Fine,KR CIRCLE,SJP COLLEGE,300FT,0.0,0.0
Bengaluru City,Halasur Gate Traffic PS,1.04432e+16,2018,1,2,Road Accidents,Narrow road,City/Town,Near office complex,Human Error,No,Grievous Injury,Head on,Not Applicable,Straight and flat,City or Town Road,Bitumen(Tar),Dry,No influence on accident,Fine,NR ROAD,NEAR LUSIYA HOTEL,100F,0.0,0.0
Bengaluru City,Halasur Gate Traffic PS,1.04432e+16,2018,1,1,Road Accidents,Narrow road,City/Town,Near office complex,Human Error,Yes,Simple Injury,Hit pedestrian,Not Applicable,Straight and flat,City or Town Road,Bitumen(Tar),Dry,No influence on accident,Fine,NRUPATHUNGA RD,YUVANIKA,300F,0.0,0.0
Bengaluru City,Halasur Gate Traffic PS,1.04432e+16,2018,1,1,Road Accidents,Narrow road,City/Town,Near Bus stop,Human Error,No,Grievous Injury,Hit pedestrian,Not at  Junction,Straight and flat,City or Town Road,Bitumen(Tar),Dry,Engineering Defect of Road,Fine,K G ROAD,KAVERIBAVAN,500F,0.0,0.0
Bengaluru City,Halasur Gate Traffic PS,1.04432e+16,2018,1,2,Road Accidents,Junction,City/Town,Near office complex,Human Error,Yes,Grievous Injury,Head on,Signal lights Automatic,Sharp Curve,City or Town Road,Bitumen(Tar),Dry,No influence on accident,Fine,TOWN HALL CIRCLE,TOWN HALL CIRCLE,1 KMS,0.0,0.0
Bengaluru City,Halasur Gate Traffic PS,1.04432e+16,2018,1,2,Road Accidents,Circle,City/Town,Near office complex,Human Error,Yes,Damage Only,Hit and Run,Signal lights Automatic,Curve,City or Town Road,Bitumen(Tar),Dry,No influence on accident,Fine,POLICE CORNER SIGNALS,KRUSHIBHAVANA,100F,0.0,0.0
Bengaluru City,Halasur Gate Traffic PS,1.04432e+16,2018,1,2,Road Accidents,Junction,City/Town,Near office complex,Human Error,No,Damage Only,Rear end,Signal lights Automatic,Curve,City or Town Road,Bitumen(Tar),Dry,No influence on accident,Fine,NRUPATHUNGA RD,KRUSHIBHAVANA,100F,0.0,0.0
Bengaluru City,Halasur Gate Traffic PS,1.04432e+16,2018,1,1,Road Accidents,Narrow road,City/Town,Residential area,Human Error,No,Grievous Injury,Hit pedestrian,Not Applicable,Straight and flat,City or Town Road,Bitumen(Tar),Dry,No influence on accident,Fine,BANNAPPA PARK ROAD,AYYAPPA TEMPLE,50F,0.0,0.0
Bengaluru City,Halasur Gate Traffic PS,1.04432e+16,2018,1,2,Road Accidents,Narrow road,City/Town,Near Bus stop,Human Error,No,Simple Injury,Head on,Not Applicable,Straight and flat,City or Town Road,Bitumen(Tar),Dry,No influence on accident,Fine,NRUPATHUNGHA ROAD,BMTC  BUS STAND,200 F,0.0,0.0
Bengaluru City,Halasur Gate Traffic PS,1.04432e+16,2018,1,2,Road Accidents,Narrow road,City/Town,Near Bus stop,Human Error,Yes,Simple Injury,Rear end,Not Applicable,Straight and flat,City or Town Road,Bitumen(Tar),Dry,No influence on accident,Fine,NR ROAD  NEAR KAMATH HOTEL,NEAR KAMATH HOTEL,1KMS,0.0,0.0
Bengaluru City,Halasur Gate Traffic PS,1.04432e+16,2018,1,1,Road Accidents,Narrow road,City/Town,Near Bus stop,Human Error,No,Grievous Injury,Hit pedestrian,Not Applicable,Straight and flat,City or Town Road,Bitumen(Tar),Dry,Engineering Defect of Road,Fine,N R ROAD,NEAR SUS STOP,200 F,0.0,0.0
Bengaluru City,Halasur Gate Traffic PS,1.04432e+16,2018,1,2,Road Accidents,Circle,City/Town,Near office complex,Not Applicable,No,Damage Only,Head on,Signal lights Automatic,Straight and flat,City or Town Road,Bitumen(Tar),Dry,No influence on accident,Fine,TOWN HALL CIRCLE,NEAR TOWN HALL,400F,0.0,0.0
Bengaluru City,Halasur Gate Traffic PS,1.04432e+16,2018,1,1,Road Accidents,Narrow road,City/Town,Near Bus stop,Human Error,No,Fatal,Hit pedestrian,Not Applicable,Straight and flat,City or Town Road,Bitumen(Tar),Dry,No influence on accident,Fine,NRROAD,BUS STOP,100 FT,0.0,0.0
Bengaluru City,Halasur Gate Traffic PS,1.04432e+16,2018,1,2,Road Accidents,Narrow road,City/Town,Near office complex,Human Error,No,Grievous Injury,Side impact or Right angle,Not Applicable,Straight and flat,City or Town Road,Bitumen(Tar),Dry,No influence on accident,Fine,NRROAD,ANDRABANK NEAR,100 FT,0.0,0.0
Bengaluru City,Halasur Gate Traffic PS,1.04432e+16,2018,1,2,Road Accidents,More than four arms,City/Town,Near School or College,Human Error,No,Simple Injury,Head on,Signal lights Automatic,Curve,City or Town Road,Bitumen(Tar),Dry,No influence on accident,Fine,KR CIRCLE,VISHWESHVARAIAH COLLAGE,50 F,0.0,0.0
Bengaluru City,Halasur Gate Traffic PS,1.04432e+16,2018,1,1,Road Accidents,Other,City/Town,Open area,Human Error,Yes,Fatal,Hit pedestrian,Not Applicable,Others,City or Town Road,Kutcha,Dry,Not Applicable,Fine,BANNAPPA PARK,KG RD,100f,0.0,0.0
Bengaluru City,Halasur Gate Traffic PS,1.04432e+16,2018,1,1,Road Accidents,Narrow road,City/Town,Near office complex,Human Error,No,Grievous Injury,Hit pedestrian,Not Applicable,Straight and flat,City or Town Road,Bitumen(Tar),Dry,No influence on accident,Fine,NR ROAD,NEAR CANARA BANK,200FT,0.0,0.0
Bengaluru City,Halasur Gate Traffic PS,1.04432e+16,2018,1,2,Road Accidents,Narrow road,City/Town,Near Petrol Pump,Human Error,No,Grievous Injury,Rear end,Not Applicable,Straight and flat,City or Town Road,Bitumen(Tar),Dry,No influence on accident,Fine,NRUPATHUNGA ROAD,NEAR PETROL PUMP,400F,0.0,0.0
Bengaluru City,Halasur Gate Traffic PS,1.04432e+16,2018,1,2,Road Accidents,Circle,City/Town,Near office complex,Human Error,No,Simple Injury,Rear end,Signal lights Automatic,Slight Curve,City or Town Road,Bitumen(Tar),Dry,No influence on accident,Fine,HUDSON CIRCLE,NEAR BBMP OFFICE,200F,0.0,0.0
Bengaluru City,Halasur Gate Traffic PS,1.04432e+16,2018,1,2,Road Accidents,Circle,City/Town,Near School or College,Human Error,No,Grievous Injury,Head on,Signal lights Automatic,Curve,City or Town Road,Bitumen(Tar),Dry,No influence on accident,Fine,krcircle,VISHWESHVARAIAH COLLAGE,100F,0.0,0.0
Bengaluru City,Halasur Gate Traffic PS,1.04432e+16,2018,1,2,Road Accidents,Narrow road,City/Town,Near office complex,Human Error,Yes,Grievous Injury,Hit and Run,Not Applicable,Straight and flat,City or Town Road,Concrete,Dry,No influence on accident,Fine,NRUPATHUNGA RD,NEAR COURT,100 F,0.0,0.0
Bengaluru City,Halasur Gate Traffic PS,1.04432e+16,2018,1,2,Road Accidents,Narrow road,City/Town,Near office complex,Human Error,Yes,Damage Only,Side impact or Right angle,Not Applicable,Straight and flat,City or Town Road,Bitumen(Tar),Dry,No influence on accident,Fine,J.C.ROAD,NEAR MY SUGER  BUILDING,500 F,0.0,0.0
Bengaluru City,Halasur Gate Traffic PS,1.04432e+16,2018,1,2,Road Accidents,Narrow road,City/Town,Near Hospital,Human Error,No,Damage Only,Side impact or Right angle,No signal lights,Straight and flat,City or Town Road,Concrete,Dry,No influence on accident,Fine,NRUPATHUNGA ROAD,MATHAS HOSPITAL,200F,12.972057,11.586848
Bengaluru City,Halasur Gate Traffic PS,1.04432e+16,2018,1,2,Road Accidents,Narrow road,City/Town,Near School or College,Human Error,Yes,Grievous Injury,Hit and Run,Not Applicable,Straight and flat,City or Town Road,Bitumen(Tar),Dry,No influence on accident,Fine,OLD POST OFFICE ROAD,GOVERNMENT COLLEGE,100F,0.0,0.0
Bengaluru City,Halasur Gate Traffic PS,1.04432e+16,2018,1,2,Road Accidents,Junction,City/Town,Near office complex,Human Error,Yes,Simple Injury,Hit and Run,Signal lights Automatic,Straight and flat,City or Town Road,Bitumen(Tar),Dry,No influence on accident,Fine,NR CIRCLE,CORPORATION  BUS STOP,300F,0.0,0.0
Bengaluru City,Halasur Gate Traffic PS,1.04432e+16,2018,1,2,Road Accidents,Narrow road,City/Town,Near office complex,Human Error,No,Damage Only,Side impact or Right angle,No signal lights,Straight and flat,City or Town Road,Bitumen(Tar),Dry,No influence on accident,Fine,NRUPATHUNGA ROAD,UVANIKA,100F,0.0,0.0
Bengaluru City,Halasur Gate Traffic PS,1.04432e+16,2018,1,2,Road Accidents,Narrow road,City/Town,Near Bus stop,Human Error,No,Damage Only,Rear end,Not Applicable,Straight and flat,City or Town Road,Bitumen(Tar),Dry,No influence on accident,Fine,KGROAD,KAVERIBAVAN,200F,12.972808,77.58157
Bengaluru City,Halasur Gate Traffic PS,1.04432e+16,2019,1,2,Road Accidents,Junction,City/Town,Near Bus stop,Human Error,No,Grievous Injury,Vehicle to Vehicle,Signal lights Automatic,Curve,Others,Bitumen(Tar),Dry,No influence on accident,Fine,hudson circile,nair bbmp office,100f,0.0,0.0
Bengaluru City,Halasur Gate Traffic PS,1.04432e+16,2019,1,1,Road Accidents,Narrow road,City/Town,Near office complex,Human Error,No,Grievous Injury,Hit pedestrian,Not Applicable,Straight and flat,Others,Bitumen(Tar),Dry,No influence on accident,Fine,J.C.ROAD,TOWARDS SOUTH,01KMS,0.0,0.0
Bengaluru City,Halasur Gate Traffic PS,1.04432e+16,2019,1,2,Road Accidents,Narrow road,City/Town,Near Hospital,Human Error,No,Grievous Injury,Vehicle to Vehicle,Not at  Junction,Straight and flat,Others,Bitumen(Tar),Dry,No influence on accident,Fine,NRUPATUNGA ROAD,TOWARDS NORTH,0.5KMS,12.970119,77.587058
Bengaluru City,Halasur Gate Traffic PS,1.04432e+16,2019,1,1,Road Accidents,Narrow road,City/Town,Near office complex,Human Error,No,Fatal,Hit pedestrian,Not at  Junction,Straight and flat,Others,Bitumen(Tar),Dry,No influence on accident,Fine,K.G.ROAD,TOWARDS EAST,05KMS,0.0,0.0
Bengaluru City,Halasur Gate Traffic PS,1.04432e+16,2019,1,1,Road Accidents,Narrow road,City/Town,Near office complex,Human Error,Yes,Grievous Injury,Hit pedestrian,Not at  Junction,Straight and flat,Others,Bitumen(Tar),Dry,No influence on accident,Fine,N.R.ROAD,TOWARDS EAST,0.25KM,0.0,0.0
Bengaluru City,Halasur Gate Traffic PS,1.04432e+16,2019,1,2,Road Accidents,Narrow road,City/Town,Near office complex,Human Error,Yes,Grievous Injury,Vehicle to Vehicle,Not at  Junction,Straight and flat,Others,Bitumen(Tar),Dry,No influence on accident,Fine,NRUPATUNGA ROAD,TOWARDS NORTH,1KMS,12.974376,77.586597
Bengaluru City,Halasur Gate Traffic PS,1.04432e+16,2019,1,2,Road Accidents,Narrow road,City/Town,Near office complex,Human Error,No,Grievous Injury,Vehicle to Vehicle,Signal lights Automatic,Straight and flat,Others,Bitumen(Tar),Dry,No influence on accident,Fine,O.T.C ROAD,TOWARDS SOUTH,05KMS,12.965552,77.586681
Bengaluru City,Halasur Gate Traffic PS,1.04432e+16,2019,1,1,Road Accidents,Narrow road,City/Town,At pedestrian Crossing,Human Error,No,Grievous Injury,Hit pedestrian,Signal lights Automatic,Straight and flat,Others,Bitumen(Tar),Dry,No influence on accident,Fine,N.R.ROAD,TOWARDS SOUTH,05 KM,0.0,0.0
Bengaluru City,Halasur Gate Traffic PS,1.04432e+16,2019,1,1,Road Accidents,Narrow road,City/Town,Near office complex,Human Error,Yes,Grievous Injury,Hit pedestrian,Not at  Junction,Straight and flat,Others,Bitumen(Tar),Dry,No influence on accident,Fine,K.G.ROAD,TOWARDS NORTH,0.5KMS,12.969758,77.585171
Bengaluru City,Halasur Gate Traffic PS,1.04432e+16,2019,1,1,Road Accidents,Narrow road,City/Town,Near office complex,Human Error,No,Simple Injury,Hit pedestrian,Not at  Junction,Straight and flat,Others,Bitumen(Tar),Dry,No influence on accident,Fine,K.G.ROAD,TOWARDS WEST,01KMS,12.970877,77.583802
Bengaluru City,Halasur Gate Traffic PS,1.04432e+16,2019,1,1,Road Accidents,Narrow road,City/Town,Near a religious place,Human Error,Yes,Grievous Injury,Hit pedestrian,No signal lights,Straight and flat,Others,Bitumen(Tar),Dry,No influence on accident,Fine,sjp road,near masjid,100 ft,0.0,0.0
Bengaluru City,Halasur Gate Traffic PS,1.04432e+16,2019,1,1,Road Accidents,Curves,City/Town,Near Bus stop,Human Error,Yes,Grievous Injury,Not Applicable,Not Applicable,Straight and flat,Others,Bitumen(Tar),Dry,No influence on accident,Fine,HUDSON CIRCLA,NEAR BUS STOP,50F,0.0,0.0
Bengaluru City,Halasur Gate Traffic PS,1.04432e+16,2019,1,1,Road Accidents,Narrow road,City/Town,Near office complex,Human Error,No,Grievous Injury,Hit pedestrian,Not Applicable,Straight and flat,Others,Bitumen(Tar),Dry,No influence on accident,Fine,N.R.ROAD,TOWARDS EAST,0.5KMS,0.0,0.0
Bengaluru City,Halasur Gate Traffic PS,1.04432e+16,2019,1,2,Road Accidents,Narrow road,City/Town,Near Hospital,Human Error,No,Grievous Injury,Vehicle to Vehicle,Not at  Junction,Straight and flat,Others,Bitumen(Tar),Dry,No influence on accident,Fine,N.R.ROAD,TOWARDS SOUTH,0.5KM,0.0,0.0
Bengaluru City,Halasur Gate Traffic PS,1.04432e+16,2019,1,2,Road Accidents,Narrow road,City/Town,Near Bus stop,Human Error,No,Damage Only,Vehicle to Vehicle,Not Applicable,Straight and flat,Others,Concrete,Dry,No influence on accident,Fine,NRUPATHUNGA ROAD,TOWARDS NORTH,1KMS,0.0,0.0
Bengaluru City,Halasur Gate Traffic PS,1.04432e+16,2019,1,2,Road Accidents,Narrow road,City/Town,Near Bus stop,Human Error,No,Grievous Injury,Vehicle to Vehicle,Not at  Junction,Straight and flat,Others,Bitumen(Tar),Dry,No influence on accident,Fine,N.R.ROAD,TOWARDS SOUTH,1KM,12.963631,77.584354
Bengaluru City,Halasur Gate Traffic PS,1.04432e+16,2019,1,3,Road Accidents,Narrow road,City/Town,Near office complex,Human Error,No,Grievous Injury,Vehicle to Vehicle,Not Applicable,Straight and flat,Others,Bitumen(Tar),Dry,No influence on accident,Fine,K.G.ROAD,NEAR KANDAYA BHAVAN,100F,12.970553,77.584253
Bengaluru City,Halasur Gate Traffic PS,1.04432e+16,2019,1,1,Road Accidents,Narrow road,City/Town,Near Bus stop,Human Error,No,Grievous Injury,Hit pedestrian,Not Applicable,Straight and flat,Others,Bitumen(Tar),Dry,No influence on accident,Fine,K.G.ROAD,TOWARDS NORTH,0.25KM,0.0,0.0
Bengaluru City,Halasur Gate Traffic PS,1.04432e+16,2019,1,1,Road Accidents,Narrow road,City/Town,Near office complex,Human Error,No,Fatal,Hit pedestrian,Not at  Junction,Straight and flat,Others,Bitumen(Tar),Dry,No influence on accident,Fine,N.R.ROAD,TOWRDS EAST,0.25KM,0.0,0.0
Bengaluru City,Halasur Gate Traffic PS,1.04432e+16,2019,1,2,Road Accidents,Narrow road,City/Town,Near office complex,Human Error,No,Grievous Injury,Vehicle to Vehicle,Not at  Junction,Straight and flat,Others,Bitumen(Tar),Dry,No influence on accident,Fine,NRUPATUNGA  ROAD,TOWARDS NORTH,1KMS,12.972539,77.586797
Bengaluru City,Halasur Gate Traffic PS,1.04432e+16,2019,1,3,Road Accidents,Narrow road,City/Town,Near office complex,Human Error,No,Grievous Injury,Vehicle to Vehicle,Not at  Junction,Straight and flat,Others,Bitumen(Tar),Dry,No influence on accident,Fine,NRUPATUNGA ROAD,TOWARDS NORTH,05KMS,0.0,0.0
Bengaluru City,Halasur Gate Traffic PS,1.04432e+16,2019,1,2,Road Accidents,Junction,City/Town,Near Hospital,Human Error,No,Grievous Injury,Vehicle to Vehicle,Uncontrolled,Straight and flat,Others,Bitumen(Tar),Dry,No influence on accident,Fine,c.s.i.compound road,TOWARDS EAST,05KMS,0.0,0.0
Bengaluru City,Halasur Gate Traffic PS,1.04432e+16,2019,1,2,Road Accidents,Narrow road,City/Town,Near Bus stop,Human Error,No,Damage Only,Vehicle to Vehicle,Signal lights Automatic,Straight and flat,Others,Bitumen(Tar),Dry,No influence on accident,Fine,K.G.ROAD,TOWARDS WEST,1KM,0.0,0.0
Bengaluru City,Halasur Gate Traffic PS,1.04432e+16,2019,1,2,Road Accidents,Narrow road,City/Town,Near office complex,Human Error,No,Grievous Injury,Vehicle to Vehicle,Not Applicable,Straight and flat,Others,Bitumen(Tar),Dry,No influence on accident,Fine,CORPORATION CIRCLE,TOWARDS EAST,0.25KM,0.0,0.0
Bengaluru City,Halasur Gate Traffic PS,1.04432e+16,2019,1,2,Road Accidents,Narrow road,City/Town,Near Bus stop,Human Error,No,Grievous Injury,Vehicle to Vehicle,Stop sign,Straight and flat,Others,Bitumen(Tar),Dry,No influence on accident,Fine,N.R.ROAD,TOWARDS SOUTH,0.5 KM,12.963897,77.585347
Bengaluru City,Halasur Gate Traffic PS,1.04432e+16,2019,1,2,Road Accidents,Narrow road,City/Town,Near office complex,Human Error,No,Grievous Injury,Vehicle to Vehicle,Not at  Junction,Straight and flat,Others,Bitumen(Tar),Dry,No influence on accident,Fine,N.R.ROAD,TOWARDS EAST,05KMS,12.96708,77.587464
Bengaluru City,Halasur Gate Traffic PS,1.04432e+16,2019,1,1,Road Accidents,Narrow road,City/Town,Near office complex,Human Error,No,Grievous Injury,Hit pedestrian,Not at  Junction,Straight and flat,Others,Bitumen(Tar),Dry,No influence on accident,Fine,NRUPATUNGA ROAD,TOWARDS NORTH,0.5KMS,12.970133,77.587074
Bengaluru City,Halasur Gate Traffic PS,1.04432e+16,2019,1,2,Road Accidents,Narrow road,City/Town,Near office complex,Human Error,No,Grievous Injury,Vehicle to Vehicle,Not at  Junction,Straight and flat,Others,Bitumen(Tar),Dry,No influence on accident,Fine,CORPORATION ROAD,TOWARDS NORTH,05KMS,0.0,0.0
Bengaluru City,Halasur Gate Traffic PS,1.04432e+16,2019,1,2,Road Accidents,Narrow road,City/Town,Near office complex,Human Error,No,Simple Injury,Vehicle to Vehicle,Stop sign,Straight and flat,Others,Bitumen(Tar),Dry,No influence on accident,Fine,N.R.ROAD,TOWARDS SOUTH,0.5KM,12.965549,77.586701
Bengaluru City,Halasur Gate Traffic PS,1.04432e+16,2019,1,1,Road Accidents,Narrow road,City/Town,Near office complex,Human Error,Yes,Grievous Injury,Hit pedestrian,Not at  Junction,Straight and flat,Others,Bitumen(Tar),Dry,No influence on accident,Fine,NRUPATUNGA ROAD,TOWARDS NORTH,0.05KM,12.971186,77.586939
Bengaluru City,Halasur Gate Traffic PS,1.04432e+16,2019,1,2,Road Accidents,Narrow road,City/Town,Near Bus stop,Human Error,No,Damage Only,Vehicle to Vehicle,Signal lights Automatic,Straight and flat,Others,Bitumen(Tar),Dry,No influence on accident,Fine,K.G.ROAD,TOWARDS WEST,01KMS,0.0,0.0
Bengaluru City,Halasur Gate Traffic PS,1.04432e+16,2019,1,2,Road Accidents,Narrow road,City/Town,Near Bus stop,Human Error,No,Grievous Injury,Vehicle to Vehicle,Signal lights Automatic,Straight and flat,Others,Bitumen(Tar),Dry,No influence on accident,Fine,N.R.ROAD,TOWARDS EAST,0.25KM,0.0,0.0
Bengaluru City,Halasur Gate Traffic PS,1.04432e+16,2019,1,2,Road Accidents,Narrow road,City/Town,Near office complex,Human Error,No,Simple Injury,Vehicle to Vehicle,Not Applicable,Straight and flat,Not Applicable,Bitumen(Tar),Dry,No influence on accident,Fine,K.G.ROAD,NABARD OFFICE,100F,0.0,0.0
Bengaluru City,Halasur Gate Traffic PS,1.04432e+16,2019,1,2,Road Accidents,Junction,City/Town,Near Bus stop,Human Error,Yes,Damage Only,Vehicle to Vehicle,Signal lights Automatic,Straight and flat,Not Applicable,Bitumen(Tar),Dry,No influence on accident,Fine,TOWN HALL CIRCLE,TOWN HALL CIRCLE,50F,12.963804,77.585315
Bengaluru City,Halasur Gate Traffic PS,1.04432e+16,2019,1,1,Road Accidents,Narrow road,City/Town,Near Bus stop,Human Error,No,Grievous Injury,Hit pedestrian,Not at  Junction,Straight and flat,Others,Bitumen(Tar),Dry,No influence on accident,Fine,N.R.ROAD,TOWARDS EAST,0.5 KM,12.966709,77.587876
Bengaluru City,Halasur Gate Traffic PS,1.04432e+16,2019,1,5,Road Accidents,Narrow road,City/Town,Near Bus stop,Human Error,No,Simple Injury,Vehicle to Vehicle,Signal lights Automatic,Straight and flat,Others,Bitumen(Tar),Dry,No influence on accident,Fine,N.R.ROAD,BUS STOP,50F,0.0,0.0
Bengaluru City,Halasur Gate Traffic PS,1.04432e+16,2019,1,2,Road Accidents,Narrow road,City/Town,Near office complex,Human Error,No,Damage Only,Vehicle to Vehicle,Not at  Junction,Straight and flat,Others,Bitumen(Tar),Dry,No influence on accident,Fine,OLD POST OFFICE ROAD NEAR K.R.CIRCLE,TOWARDS NORTH,01KMS,0.0,0.0
Bengaluru City,Halasur Gate Traffic PS,1.04432e+16,2019,1,2,Road Accidents,Narrow road,City/Town,Near office complex,Human Error,No,Damage Only,Rear end,Not Applicable,Straight and flat,City or Town Road,Bitumen(Tar),Dry,No influence on accident,Fine,N.R.ROAD,NEAR LIC  BUILDING,100F,0.0,0.0
Bengaluru City,Halasur Gate Traffic PS,1.04432e+16,2019,1,1,Road Accidents,Narrow road,City/Town,Near office complex,Human Error,Yes,Grievous Injury,Hit pedestrian,Not Applicable,Straight and flat,Others,Bitumen(Tar),Dry,No influence on accident,Fine,N.R.ROAD,TOWARDS SOUTH,100F,0.0,0.0
Bengaluru City,Halasur Gate Traffic PS,1.04432e+16,2019,1,2,Road Accidents,Narrow road,City/Town,Near office complex,Human Error,Yes,Simple Injury,Vehicle to Vehicle,Not at  Junction,Straight and flat,Others,Bitumen(Tar),Dry,No influence on accident,Fine,SHESHADRI ROAD NEAR S.J.P.COLLEGE,TOWARDS NORTH,1.5KMS,0.0,0.0
Bengaluru City,Halasur Gate Traffic PS,1.04432e+16,2019,1,2,Road Accidents,Narrow road,City/Town,Near office complex,Human Error,Yes,Grievous Injury,Vehicle to Vehicle,Not Applicable,Straight and flat,Others,Bitumen(Tar),Dry,No influence on accident,Fine,B.USMAN ROAD,TOWARDS SOUTH,1KMS,0.0,0.0
Bengaluru City,Halasur Gate Traffic PS,1.04432e+16,2019,1,2,Road Accidents,Curves,City/Town,Near Bus stop,Human Error,Yes,Damage Only,Vehicle to Vehicle,Not Applicable,Curve,Others,Bitumen(Tar),Dry,No influence on accident,Fine,N.R.ROAD,TOWARDS EAST,05KMS,0.0,0.0
Bengaluru City,Halasur Gate Traffic PS,1.04432e+16,2019,1,2,Road Accidents,Narrow road,City/Town,Near office complex,Human Error,No,Simple Injury,Hit pedestrian,Not at  Junction,Straight and flat,Others,Bitumen(Tar),Dry,No influence on accident,Fine,CORPORATION ROAD,TOWARDS NORTH,05KMS,12.967838,77.568608
Bengaluru City,Halasur Gate Traffic PS,1.04432e+16,2019,1,2,Road Accidents,Narrow road,City/Town,Near office complex,Human Error,No,Simple Injury,Vehicle to Vehicle,Not at  Junction,Straight and flat,Others,Bitumen(Tar),Dry,No influence on accident,Fine,J.C.ROAD,TOWARDS SOUTH,1KMS,12.961404,77.584086
Bengaluru City,Halasur Gate Traffic PS,1.04432e+16,2019,1,1,Road Accidents,Narrow road,City/Town,Near Bus stop,Human Error,No,Grievous Injury,Hit pedestrian,Not Applicable,Straight and flat,Others,Bitumen(Tar),Dry,No influence on accident,Fine,N.R.ROAD,NEAR BUS STOP,50F,0.0,0.0
Bengaluru City,Halasur Gate Traffic PS,1.04432e+16,2019,1,2,Road Accidents,Circle,City/Town,Near office complex,Human Error,Yes,Damage Only,Vehicle to Vehicle,Stop sign,Straight and flat,Others,Bitumen(Tar),Dry,No influence on accident,Fine,SHESHADRI ROAD,TOWARDS NORTH,1.5KMS,0.0,0.0
Bengaluru City,Halasur Gate Traffic PS,1.04432e+16,2019,1,1,Road Accidents,Narrow road,City/Town,Near Bus stop,Human Error,Yes,Grievous Injury,Hit pedestrian,Not Applicable,Straight and flat,Others,Bitumen(Tar),Dry,No influence on accident,Fine,N.R.ROAD,HUDSON CHURCH,50F,0.0,0.0
Bengaluru City,Halasur Gate Traffic PS,1.04432e+16,2019,1,2,Road Accidents,Narrow road,City/Town,Near office complex,Human Error,Not Applicable,Grievous Injury,Vehicle to Vehicle,Not Applicable,Straight and flat,Others,Bitumen(Tar),Dry,No influence on accident,Fine,J.C.ROAD,TOWARDS SOUTH 1KMS,1KM,12.963646,77.585218
Bengaluru City,Halasur Gate Traffic PS,1.04432e+16,2019,1,2,Road Accidents,Narrow road,City/Town,Near office complex,Human Error,No,Grievous Injury,Vehicle to Vehicle,Not at  Junction,Straight and flat,Others,Bitumen(Tar),Dry,No influence on accident,Fine,N.R.ROAD,TOWARDS EAST,0.25KM,12.697279,77.588372
Bengaluru City,Halasur Gate Traffic PS,1.04432e+16,2019,1,1,Road Accidents,Narrow road,City/Town,Near office complex,Human Error,No,Grievous Injury,Hit pedestrian,Not Applicable,Straight and flat,Others,Bitumen(Tar),Dry,No influence on accident,Fine,OLD POST OFFICE ROAD NEAR CITY CIVIL COURT,TOWARDS WEST,01KMS,0.0,0.0
Bengaluru City,Halasur Gate Traffic PS,1.04432e+16,2019,1,2,Road Accidents,Narrow road,City/Town,Near office complex,Human Error,No,Damage Only,Vehicle to Vehicle,Not at  Junction,Straight and flat,Others,Bitumen(Tar),Dry,No influence on accident,Fine,NRUPATUNGA ROAD,TOWARDS NORTH,05KMS,12.968641,77.587252
Bengaluru City,Halasur Gate Traffic PS,1.04432e+16,2019,1,2,Road Accidents,Narrow road,City/Town,Near office complex,Human Error,No,Grievous Injury,Vehicle to Vehicle,Signal lights Automatic,Straight and flat,Others,Bitumen(Tar),Dry,No influence on accident,Fine,TOWNHALL,TOWNHALL,100F,0.0,0.0
Bengaluru City,Halasur Gate Traffic PS,1.04432e+16,2020,1,1,Road Accidents,Narrow road,City/Town,Near Bus stop,Human Error,No,Simple Injury,Hit pedestrian,Not at  Junction,Straight and flat,Others,Bitumen(Tar),Dry,No influence on accident,Fine,NRUPATUNGA ROAD,TOWARDS NORTH,1KM,12.974327,77.566577
Bengaluru City,Halasur Gate Traffic PS,1.04432e+16,2020,1,2,Road Accidents,Narrow road,City/Town,Near office complex,Human Error,Yes,Grievous Injury,Vehicle to Vehicle,Signal lights Automatic,Straight and flat,Others,Bitumen(Tar),Dry,No influence on accident,Fine,POLICE STATION JUNCTION,TOWARDS NORTH,0.5KMS,12.966973,77.587417