DISTRICTNAME,UNITNAME,Crime_No,Year,RI,Noofvehicle_involved,Accident_Classification,Accident_Spot,Accident_Location,Accident_SubLocation,Main_Cause,Hit_Run,Severity,Collision_Type,Junction_Control,Road_Character,Road_Type,Surface_Type,Surface_Condition,Road_Condition,Weather,Accident_Road,Landmark_first,Distance_LandMark_First,Latitude,Longitude
Bengaluru City,Halasur Gate Traffic PS,1.04432e+16,2022,1,1,Road Accidents,Narrow road,City/Town,Near Bus stop,Human Error,Yes,Fatal,Hit pedestrian,Not at  Junction,Straight and flat,Others,Concrete,Dry,No influence on accident,Fine,ALFA ENTERPRICES N.R.ROAD,TOWARDS SOUTH,0.5 KM,12.963391,77.582114
Bengaluru City,Halasur Gate Traffic PS,1.04432e+16,2022,1,2,Road Accidents,Narrow road,City/Town,Near office complex,Human Error,No,Grievous Injury,Vehicle to Vehicle,Not at  Junction,Straight and flat,Others,Bitumen(Tar),Dry,No influence on accident,Fine,NARASIMHA RAJA ROAD,TOWARDS SOUTH,0.5KMS,12.963704,77.584719
Bengaluru City,Halasur Gate Traffic PS,1.04432e+16,2022,1,2,Road Accidents,Circle,City/Town,Near School or College,Human Error,No,Grievous Injury,Vehicle to Vehicle,Signal lights Automatic,Straight and flat,Others,Bitumen(Tar),Dry,No influence on accident,Fine,SHESHADRI ROAD,TOWARDS NORTH,1.5KM,0.0,0.0
Bengaluru City,Halasur Gate Traffic PS,1.04432e+16,2022,1,1,Road Accidents,Narrow road,City/Town,Near office complex,Human Error,No,Grievous Injury,Hit pedestrian,Signal lights Automatic,Straight and flat,Others,Bitumen(Tar),Dry,No influence on accident,Fine,K.G.ROAD MYSORE BANK CIRCLE,TOWARDS WEST,0.8 KM,12.972807,77.581597
Bengaluru City,Halasur Gate Traffic PS,1.04432e+16,2022,1,2,Road Accidents,Narrow road,City/Town,Near office complex,Human Error,No,Grievous Injury,Vehicle to Vehicle,Signal lights Manual,Straight and flat,Others,Bitumen(Tar),Dry,No influence on accident,Fine,N.R.ROAD NEAR TOWNHALL,TOWARDS SOUTH,0.5KMS,12.9653,77.586667
Bengaluru City,Halasur Gate Traffic PS,1.04432e+16,2022,1,2,Road Accidents,Narrow road,City/Town,Near office complex,Human Error,No,Grievous Injury,Vehicle to Vehicle,Signal lights Manual,Straight and flat,Others,Bitumen(Tar),Dry,No influence on accident,Fine,HUDSON CIRCLE JUNCTION RRMR ROAD,TOWARDS EAST,400MTR,12.967516,77.5887564
Bengaluru City,Halasur Gate Traffic PS,1.04432e+16,2022,1,2,Road Accidents,Circle,City/Town,Near Bus stop,Human Error,Yes,Fatal,Vehicle to Vehicle,Signal lights Automatic,Straight and flat,Others,Bitumen(Tar),Dry,No influence on accident,Fine,TOWNHALL JUNCTION. N.R.ROAD,TOWARDS SOUTH,0.7KM,0.0,0.0
Bengaluru City,Halasur Gate Traffic PS,1.04432e+16,2022,1,2,Road Accidents,Narrow road,City/Town,Near Bus stop,Human Error,No,Grievous Injury,Vehicle to Vehicle,Signal lights Automatic,Straight and flat,Others,Bitumen(Tar),Dry,No influence on accident,Fine,SHIVAJI JUNCTION,TOWARDS SOUTH,1.5 KM,12.961492,77.584251
Bengaluru City,Halasur Gate Traffic PS,1.04432e+16,2022,1,2,Road Accidents,Narrow road,City/Town,Near Bus stop,Human Error,No,Grievous Injury,Vehicle to Vehicle,Not at  Junction,Straight and flat,Others,Bitumen(Tar),Dry,No influence on accident,Fine,OLD OFFICE ROAD,TOWARDS NORTH,2 KM,12.975862,77.587075
Bengaluru City,Halasur Gate Traffic PS,1.04432e+16,2023,1,2,Road Accidents,Circle,City/Town,Open area,Human Error,No,Grievous Injury,Vehicle to Vehicle,Signal lights Automatic,Curve,Sub Arterial,Bitumen(Tar),Dry,No influence on accident,Fine,K R CIRCLE,K R CIRCLE,0.1 KM,12.975753,77.587219
Bengaluru City,Halasur Gate Traffic PS,1.04432e+16,2023,1,2,Road Accidents,Narrow road,City/Town,Near office complex,Human Error,Yes,Grievous Injury,Vehicle to Vehicle,Stop sign,Straight and flat,Others,Bitumen(Tar),Dry,No influence on accident,Fine,MYSORE BANK CIRCLE,TOWARDS WEST,0.5 KM,12.972718,77.58169
Bengaluru City,Halasur Gate Traffic PS,1.04432e+16,2023,1,1,Road Accidents,Cross roads,City/Town,At pedestrian Crossing,Human Error,No,Grievous Injury,Hit pedestrian,Not Applicable,Straight and flat,One way,Bitumen(Tar),Dry,No influence on accident,Fine,KUMBARAGUNDI ROAD,TOWARDS SOUTH,0.8 KM,12.972751,77.581612
Bengaluru City,Halasur Gate Traffic PS,1.04432e+16,2023,1,1,Road Accidents,Not Applicable,City/Town,Near Hospital,Human Error,No,Fatal,Hit pedestrian,Not Applicable,Others,One way,Bitumen(Tar),Dry,Not Applicable,Fine,NRUPATUNGA ROAD,12 971797,0.5 KM,12.971797,77.586862
Bengaluru City,Halasur Gate Traffic PS,1.04432e+16,2023,1,2,Road Accidents,Curves,City/Town,Near Bus stop,Human Error,No,Grievous Injury,Vehicle to Vehicle,Give way sign,Curve,One way,Bitumen(Tar),Dry,Not Applicable,Fine,HUDSON CHARCH NEAR P.S SIGNAL,HALASURU GATE SIGNAL,0.5,12.966781,77.587592
Bengaluru City,Halasur Gate Traffic PS,1.04432e+16,2023,1,2,Road Accidents,Curves,City/Town,Near Hospital,Not Applicable,No,Simple Injury,Vehicle to Vehicle,Not at  Junction,Curve,One way,Bitumen(Tar),Dry,Not Applicable,Fine,MALYA ROAD,MALYA ROAD,0.8 KM,12.968366,77.59476
Bengaluru City,Halasur Gate Traffic PS,1.04432e+16,2023,1,1,Road Accidents,Curves,City/Town,Near Hospital,Human Error,No,Fatal,Hit pedestrian,Not Applicable,Curve,One way,Bitumen(Tar),Dry,Not Applicable,Fine,LALBHAG ROAD,LALBHAG ROAD,0.5 KM,12.962578,77.589585
Bengaluru City,Halasur Gate Traffic PS,1.04432e+16,2023,1,2,Road Accidents,Narrow road,City/Town,Near office complex,Human Error,No,Damage Only,Vehicle to Vehicle,Signal lights Automatic,Straight and flat,Others,Bitumen(Tar),Dry,No influence on accident,Fine,SHESHADRI ROAD,TOWARDS NORTH,1KMS,12.975814,77.587295
Bengaluru City,Halasur Gate Traffic PS,1.04432e+16,2023,1,1,Road Accidents,Junction,City/Town,At pedestrian Crossing,Human Error,No,Fatal,Hit pedestrian,Stop sign,Straight and flat,Others,Bitumen(Tar),Dry,Not Applicable,Fine,NRUPATHUNGA ROAD,POLICE CORNER JUNCTION,0.3 KM,12.967975,77.587426
Bengaluru City,Halasur Gate Traffic PS,1.04432e+16,2023,1,2,Road Accidents,Junction,City/Town,Near Petrol Pump,Human Error,No,Grievous Injury,Vehicle to Vehicle,Signals (Working),Curve,Others,Bitumen(Tar),Dry,Not Applicable,Light Rain,SHANTHINAGAR JUNCTION,NEAR PETROL BANK,0.3,12.962321,77.594631
Bengaluru City,Halasur Gate Traffic PS,1.04432e+16,2023,1,2,Road Accidents,Not Applicable,City/Town,Near Petrol Pump,Human Error,Yes,Not Applicable,Vehicle to Vehicle,Not Applicable,Not Applicable,One way,Bitumen(Tar),Dry,Not Applicable,Fine,NRUPATUNGA ROAD,NRUPATUNGA ROAD,0.5 KM,12.970939,77.586999
Bengaluru City,Halasur Gate Traffic PS,1.04432e+16,2023,1,2,Road Accidents,Cross roads,City/Town,Near office complex,Human Error,No,Simple Injury,Vehicle to Vehicle,Not at  Junction,Straight and flat,Others,Bitumen(Tar),Dry,No influence on accident,Fine,"INFRONT OF BOMBE AUTO MOBILES SHOP, N.R.ROAD",TOWARDS SOUTH,1 KMS,12.963379,77.582685
Bengaluru City,Halasur Gate Traffic PS,1.04432e+16,2023,1,1,Road Accidents,Narrow road,City/Town,Near office complex,Human Error,No,Fatal,Hit pedestrian,Not at  Junction,Straight and flat,Others,Bitumen(Tar),Dry,No influence on accident,Fine,VAIBHAVA STORE OTC ROAD,TOWRDS SOUTH,0.5KM,12.965726,77.585953
Bengaluru City,Halasur Gate Traffic PS,1.04432e+16,2023,1,1,Road Accidents,Narrow road,City/Town,Near Bus stop,Human Error,No,Damage Only,Not Applicable,Stop sign,Not Applicable,Others,Bitumen(Tar),Dry,No influence on accident,Cloudy,NR ROAD,TOWARDS EAST,0.5 KM,12.966484,77.587214
Bengaluru City,Halasur Gate Traffic PS,1.04432e+16,2023,1,2,Road Accidents,Curves,City/Town,Near office complex,Human Error,No,Grievous Injury,Vehicle to Vehicle,Not Applicable,Curve,One way,Bitumen(Tar),Dry,Not Applicable,Fine,J.C.ROAD NEAR RAVINDRA KALAKSHETRA,RAVINDRA KALAKSHETR,1 KM,12.962773,77.584822
Bengaluru City,Halasur Gate Traffic PS,1.04432e+16,2023,1,2,Road Accidents,Not Applicable,City/Town,Near Bus stop,Human Error,Yes,Simple Injury,Vehicle to Vehicle,Not at  Junction,Others,One way,Bitumen(Tar),Dry,Not Applicable,Fine,NRUPATUNGA ROAD,NRUPATUNGA ROAD,0.5KM,12.973726,77.586625
Bengaluru City,Halasur Gate Traffic PS,1.04432e+16,2023,1,2,Road Accidents,Curves,City/Town,Open area,Human Error,No,Damage Only,Vehicle to Vehicle,Signals (Working),Curve,Others,Bitumen(Tar),Dry,No influence on accident,Fine,KASTHURABA ROAD,HUDSON CHURCH,50 MTR,12.967531,77.588397
Bengaluru City,Halasur Gate Traffic PS,1.04432e+16,2023,1,1,Road Accidents,Narrow road,City/Town,Near office complex,Human Error,No,Fatal,Not Applicable,Not Applicable,Straight and flat,Others,Bitumen(Tar),Dry,No influence on accident,Fine,OPPOSITE SHIVAJI CHURCH,TOWARDS EAST,1 KM,12.961345,77.584744
Bengaluru City,Halasur Gate Traffic PS,1.04432e+16,2023,1,2,Road Accidents,Narrow road,City/Town,Open area,Human Error,Yes,Damage Only,Vehicle to Vehicle,Not at  Junction,Straight and flat,Others,Bitumen(Tar),Dry,Not Applicable,Fine,JC ROAD,OPP RAVEENDRA KALAKSHETHRA,0.5 KM,12.962678,77.584783
Bengaluru City,Halasur Gate Traffic PS,1.04432e+16,2023,1,3,Road Accidents,Curves,City/Town,Near office complex,Human Error,No,Grievous Injury,Vehicle to Vehicle,Not Applicable,Curve,Others,Bitumen(Tar),Dry,Not Applicable,Fine,OTC ROAD,NEAR DARMARAYATEMPLE,0.3,12.965366,77.58445
Bengaluru City,Halasur Gate Traffic PS,1.04432e+16,2023,1,2,Road Accidents,Curves,City/Town,Near Bus stop,Human Error,No,Grievous Injury,Vehicle to Vehicle,Not Applicable,Curve,Two way,Bitumen(Tar),Dry,Not Applicable,Fine,POORNIMA JUNTION,POORNIMA,05KM,12.961007,77.588258
Bengaluru City,Halasur Gate Traffic PS,1.04432e+16,2023,1,6,Road Accidents,Narrow road,City/Town,Near office complex,Human Error,No,Fatal,Vehicle to Vehicle,Not at  Junction,Straight and flat,Others,Bitumen(Tar),Dry,No influence on accident,Fine,OPP MMTC COURT NRUATUNGA ROAD,TOWARDS NORTH,0.5,12.968624,77.587318
Bengaluru City,Halasur Gate Traffic PS,1.04432e+16,2023,1,2,Road Accidents,Narrow road,City/Town,Near Bus stop,Human Error,No,Grievous Injury,Vehicle to Vehicle,Not at  Junction,Straight and flat,Others,Bitumen(Tar),Dry,No influence on accident,Fine,R.R.M.R.ROAD,TOWARDS WEST,0.5KMS,12.967898,77.591431
Bengaluru City,Halasur Gate Traffic PS,1.04432e+16,2023,1,2,Road Accidents,Narrow road,City/Town,Near office complex,Human Error,No,Grievous Injury,Vehicle to Vehicle,Not at  Junction,Straight and flat,Others,Bitumen(Tar),Dry,No influence on accident,Fine,TOWNHALL JUNCTION,TOWARDS SOUTH,0.8KMS,12.963819,77.585212
Bengaluru City,Halasur Gate Traffic PS,1.04432e+16,2023,1,2,Road Accidents,Not Applicable,City/Town,Near office complex,Human Error,No,Grievous Injury,Vehicle to Vehicle,Not at  Junction,Straight and flat,Others,Bitumen(Tar),Dry,No influence on accident,Fine,NEAR YESHASHVINI WINES,TOWARDS WEST,1KM,12.962896,77.594126
Bengaluru City,Halasur Gate Traffic PS,1.04432e+16,2023,1,2,Road Accidents,Narrow road,City/Town,Near office complex,Human Error,No,Grievous Injury,Vehicle to Vehicle,Not at  Junction,Straight and flat,Others,Bitumen(Tar),Dry,No influence on accident,Fine,NEAR POLICE CORNER JUNCTION,TOWARDS NORTH,0.5KMS,12.966769,77.587598
Bengaluru City,Halasur Gate Traffic PS,1.04432e+16,2023,1,2,Road Accidents,Narrow road,City/Town,Near office complex,Human Error,No,Damage Only,Vehicle to Vehicle,Not at  Junction,Straight and flat,Others,Bitumen(Tar),Dry,No influence on accident,Fine,R.R.M.R.JUNCTION,TOWARDS EAST,1 KM,12.966393,77.595151
Bengaluru City,Halasur Gate Traffic PS,1.04432e+16,2023,1,1,Road Accidents,Narrow road,City/Town,Open area,Human Error,No,Grievous Injury,Not Applicable,Signal lights Automatic,Straight and flat,Sub Arterial,Bitumen(Tar),Dry,No influence on accident,Cloudy,RRMR ROAD,OPP IBIS HOTEL,0.5 KM,12.967017,77.594655
Bengaluru City,Halasur Gate Traffic PS,1.04432e+16,2023,1,2,Road Accidents,Curves,City/Town,Near Bus stop,Human Error,Yes,Grievous Injury,Vehicle to Vehicle,Not Applicable,Curve,One way,Bitumen(Tar),Dry,Not Applicable,Fine,POORNIMA JUNTION,POORNIMA,0.5 KM,12.962035,77.589356
Bengaluru City,Halasur Gate Traffic PS,1.04432e+16,2023,1,2,Road Accidents,Cross roads,City/Town,Near office complex,Human Error,Yes,Grievous Injury,Vehicle to Vehicle,Not at  Junction,Straight and flat,Others,Bitumen(Tar),Dry,No influence on accident,Fine,KANDAYA BHAVANA,TOWARDS EAST,0.5KMS,12.970845,77.583469
Bengaluru City,Halasur Gate Traffic PS,1.04432e+16,2023,1,1,Road Accidents,Circle,City/Town,Near Bus stop,Human Error,No,Damage Only,Not Applicable,Signals (Working),Curve,Others,Bitumen(Tar),Wet,Not Applicable,Heavy Rain,OLD POST OFFIC ROAD,MAYSORE BANK CERCLE,0.1 KM,12.97288,77.581532
Bengaluru City,Halasur Gate Traffic PS,1.04432e+16,2023,1,1,Road Accidents,Junction,City/Town,Near Bus stop,Human Error,No,Simple Injury,Hit pedestrian,Signal lights Automatic,Curve,One way,Bitumen(Tar),Dry,Not Applicable,Fine,TOWNHALL JUNCTION,12 963842,0.5 KM,12.963842,77.585288
Bengaluru City,Halasur Gate Traffic PS,1.04432e+16,2023,1,1,Road Accidents,Not Applicable,City/Town,Near office complex,Human Error,No,Grievous Injury,Hit pedestrian,Not at  Junction,Others,One way,Bitumen(Tar),Dry,Not Applicable,Fine,NRUPATUNGA ROAD,POLICE CORNER,0.4 KM,12.969108,77.587222
Bengaluru City,Halasur Gate Traffic PS,1.04432e+16,2023,1,1,Road Accidents,Cross roads,City/Town,Near office complex,Human Error,No,Grievous Injury,Not Applicable,Not at  Junction,Straight and flat,Others,Bitumen(Tar),Dry,No influence on accident,Fine,N.R. ROAD NEAR CORPORATION CIRCLE,TOWARDS EAST,0.5KMS,12.966252,77.587498
Bengaluru City,Halasur Gate Traffic PS,1.04432e+16,2023,1,2,Road Accidents,Cross roads,City/Town,Near office complex,Human Error,No,Grievous Injury,Vehicle to Vehicle,Not Applicable,Straight and flat,Others,Bitumen(Tar),Dry,No influence on accident,Fine,KANDAYA BHAVAN,TOWARSD EAST,0.5KM,12.971118,77.583604
Bengaluru City,Halasur Gate Traffic PS,1.04432e+16,2023,1,2,Road Accidents,Narrow road,City/Town,Near office complex,Human Error,No,Grievous Injury,Vehicle to Vehicle,Not at  Junction,Straight and flat,Others,Bitumen(Tar),Dry,No influence on accident,Fine,POLICE CORNER K.G.ROAD,TOWARDS NORTH,200MTR,12.968051,77.58705
Bengaluru City,Halasur Gate Traffic PS,1.04432e+16,2023,1,2,Road Accidents,Junction,City/Town,Near Hospital,Human Error,Yes,Damage Only,Vehicle to Vehicle,Stop Sign,Straight and flat,Others,Bitumen(Tar),Dry,No influence on accident,Fine,JC ROAD,TOEARDS SOUTH,0.8 KM,12.96139,77.584101
Bengaluru City,Halasur Gate Traffic PS,1.04432e+16,2023,1,1,Road Accidents,Narrow road,City/Town,Near Bus stop,Human Error,No,Grievous Injury,Not Applicable,Not at  Junction,Straight and flat,Others,Bitumen(Tar),Dry,No influence on accident,Fine,RICHMOND FLYOVER,TOWARDSEAST,1.5KMS,12.964593,77.59678
Bengaluru City,Halasur Gate Traffic PS,1.04432e+16,2023,1,2,Road Accidents,Cross roads,City/Town,Near office complex,Human Error,No,Grievous Injury,Vehicle to Vehicle,Not Applicable,Others,Others,Not Applicable,Dry,Not Applicable,Fine,CUBBANPET ROAD,12 968148,1KM,12.968148,77.582246
Bengaluru City,Halasur Gate Traffic PS,1.04432e+16,2023,1,2,Road Accidents,Curves,City/Town,Near Bus stop,Human Error,Yes,Grievous Injury,Vehicle to Vehicle,Not at  Junction,Curve,One way,Bitumen(Tar),Dry,Not Applicable,Fine,N.R.ROAD,N R ROAD,0.1KM,12.966701,77.587851
Bengaluru City,Halasur Gate Traffic PS,1.04432e+16,2023,1,1,Road Accidents,Cross roads,City/Town,Near Bus stop,Not Applicable,No,Grievous Injury,Hit pedestrian,Not at  Junction,Curve,One way,Bitumen(Tar),Dry,Not Applicable,Fine,K G ROAD,K G ROAD BANNAPPA PARK,0.5KM,12.968343,77.586789
Bengaluru City,Halasur Gate Traffic PS,1.04432e+16,2023,1,1,Road Accidents,Cross roads,City/Town,Near office complex,Human Error,Not Applicable,Grievous Injury,Not Applicable,Police / Manual,Straight and flat,Others,Bitumen(Tar),Dry,No influence on accident,Fine,"K,R,CIRCLE NRUPATUNGA ROAD12.",TOWARDS NORTH,0.9KMS,12.975669,77.587163
Bengaluru City,Halasur Gate Traffic PS,1.04432e+16,2023,1,2,Road Accidents,Curves,City/Town,Near Bus stop,Human Error,Yes,Simple Injury,Vehicle to Vehicle,Not at  Junction,Curve,One way,Bitumen(Tar),Dry,Not Applicable,Fine,K.G.ROAD,12 967634,0.5 KM,12.967634,77.58731
Bengaluru City,Halasur Gate Traffic PS,1.04432e+16,2023,1,2,Road Accidents,Narrow road,City/Town,Near a factory industrial area,Human Error,No,Grievous Injury,Vehicle to Vehicle,Signal lights Automatic,Straight and flat,One way,Bitumen(Tar),Others,No influence on accident,Fine,RRMR ROAD,OPP IBIS HOTEL,0.1 KM,12.967465,77.594201
Bengaluru City,Halasur Gate Traffic PS,1.04432e+16,2023,1,1,Road Accidents,Cross roads,City/Town,Near Bus stop,Human Error,No,Grievous Injury,Hit pedestrian,Not at  Junction,Curve,One way,Bitumen(Tar),Dry,Not Applicable,Fine,K.G.ROAD,K G ROAD,0.5 KM,12.968091,77.587002
Bengaluru City,Halasur Gate Traffic PS,1.04432e+16,2023,1,2,Road Accidents,Circle,City/Town,Near office complex,Human Error,Yes,Fatal,Vehicle to Vehicle,Not Applicable,Curve,Others,Bitumen(Tar),Dry,Not Applicable,Fine,K R CIRCLE,K R CIRCLE,1 KM,12.975956,77.587464
Bengaluru City,Halasur Gate Traffic PS,1.04432e+16,2023,1,2,Road Accidents,Not Applicable,City/Town,Near office complex,Human Error,Not Applicable,Damage Only,Vehicle to Vehicle,Not Applicable,Curve,One way,Bitumen(Tar),Dry,Not Applicable,Fine,N.R.ROAD,N R ROAD,01KMS,12.966759,77.587388
Bengaluru City,Halasur Gate Traffic PS,1.04432e+16,2023,1,2,Road Accidents,Narrow road,City/Town,Near office complex,Human Error,No,Grievous Injury,Vehicle to Vehicle,Not at  Junction,Straight and flat,Others,Bitumen(Tar),Dry,No influence on accident,Fine,O.T.C.ROAD,TOWARDS SOUTH,0.5KMS,12.964369,77.584022
Bengaluru City,Halasur Gate Traffic PS,1.04432e+16,2023,1,2,Road Accidents,Narrow road,City/Town,Near office complex,Human Error,Yes,Damage Only,Vehicle to Vehicle,Stop sign,Straight and flat,Others,Bitumen(Tar),Dry,No influence on accident,Fine,R.R.M.R ROAD,TOWARDS WEST,1 KMS,12.964995,77.596335
Bengaluru City,Halasur Gate Traffic PS,1.04432e+16,2023,1,2,Road Accidents,Narrow road,City/Town,Near office complex,Human Error,Yes,Grievous Injury,Hit pedestrian,Not at  Junction,Straight and flat,Others,Bitumen(Tar),Dry,No influence on accident,Fine,CORPORATION BUS STOP,TOWARDS EAST,0.4 KM,12.966916,77.588039
Bengaluru City,Halasur Gate Traffic PS,1.04432e+16,2023,1,4,Road Accidents,Narrow road,City/Town,Near office complex,Human Error,No,Damage Only,Vehicle to Vehicle,Stop sign,Curve,Others,Bitumen(Tar),Dry,No influence on accident,Fine,TOWNHALL JUNCTION,TOWARDS SOUTH,0.8KMS,12.963951,77.585465
Bengaluru City,Halasur Gate Traffic PS,1.04432e+16,2023,1,2,Road Accidents,Narrow road,City/Town,Residential area,Human Error,Yes,Damage Only,Vehicle to Vehicle,No signal lights,Others,Service Road,Bitumen(Tar),Dry,No influence on accident,Fine,BETHEL STREET ROAD,OPP SHIVA TEMPLE,0.10 K,12.96152,77.587632
Bengaluru City,Halasur Traffic PS,1.04432e+16,2016,1,1,Road Accidents,Narrow road,City/Town,Residential area,Human Error,No,Grievous Injury,Hit bicyclist,Uncontrolled,Straight and flat,Residential Street,Bitumen(Tar),Not Applicable,Not Applicable,Fine,ARTILARY ROAD GOUTHAMAPURA HALASOOR BENGALORE 560008,POLE,12,12.96551543,77.62682058
Bengaluru City,Halasur Traffic PS,1.04432e+16,2016,1,1,Rail Road Accidents,Other,City/Town,Near Bus stop,Human Error,No,Grievous Injury,Others,Uncontrolled,Straight and flat,City or Town Road,Bitumen(Tar),Dry,Not Applicable,Fine,OLD AIRPORT ROAD DOMMALURU BUS STOP,POLE,12FT,12.96150994,77.63600234
Bengaluru City,Halasur Traffic PS,1.04432e+16,2016,1,2,Road Accidents,Narrow road,City/Town,Near a religious place,Human Error,No,Grievous Injury,Rear end,Controlled,Straight and flat,Two way,Bitumen(Tar),Dry,Not Applicable,Fine,"S.V.ROAD, NEAR VENKATESHWARA TEMPLE HALSOORU BENGALORE 560008",POLE,1,12.9776335,77.62767771
Bengaluru City,Halasur Traffic PS,1.04432e+16,2016,1,2,Road Accidents,Narrow road,City/Town,Near office complex,Human Error,No,Damage Only,Rear end,Uncontrolled,Straight and flat,Two way,Bitumen(Tar),Dry,Not Applicable,Fine,KORAMANGALA INNER RING ROAD  NEAR DELL OFFICE DOMALURU BENGALORE 560071,POLE1,2,12.9548847,77.64133545
Bengaluru City,Halasur Traffic PS,1.04432e+16,2016,1,2,Road Accidents,Narrow road,City/Town,Near office complex,Human Error,No,Grievous Injury,Head on,Uncontrolled,Straight and flat,City or Town Road,Bitumen(Tar),Dry,Not Applicable,Fine,KORAMANGALA INNER RING ROAD DOMALURU BENGALORE 560071,POLE,1,12.96079975,77.64177687
Bengaluru City,Halasur Traffic PS,1.04432e+16,2016,1,2,Road Accidents,Narrow road,City/Town,Near a religious place,Human Error,No,Grievous Injury,Right Turn Collision,Uncontrolled,Straight and flat,City or Town Road,Bitumen(Tar),Dry,Not Applicable,Fine,INFRONT OF SAIBABA TEMPLE  C.B. LAY OUT HALASOORU BENGALORE 560008,POLE1,1,12.96949933,77.63012671
Bengaluru City,Halasur Traffic PS,1.04432e+16,2016,1,1,Road Accidents,Narrow road,City/Town,Near Bus stop,Human Error,Yes,Grievous Injury,Hit and Run,Controlled,Straight and flat,City or Town Road,Bitumen(Tar),Dry,Not Applicable,Fine,OLD AIRFORT ROAD NEAR TRINITY CIRCLE,KEB POLE TRANSFORMER,6,12.97184923,77.61954797
Bengaluru City,Halasur Traffic PS,1.04432e+16,2016,1,1,Road Accidents,Narrow road,City/Town,Near office complex,Human Error,No,Fatal,Hit pedestrian,Uncontrolled,Straight and flat,City or Town Road,Bitumen(Tar),Dry,Not Applicable,Fine,M.G.ROAD NEAR TRINITY CIRCLE NEAR KID KEMP SHOP HALASOORU BENGALORE,MAIN GATE,5,12.97228871,77.61975869
Bengaluru City,Halasur Traffic PS,1.04432e+16,2016,1,1,Road Accidents,Narrow road,City/Town,Near office complex,Human Error,Yes,Grievous Injury,Hit and Run,Uncontrolled,Straight and flat,City or Town Road,Bitumen(Tar),Dry,Not Applicable,Fine,M.G.ROAD  INFRONT OF CITY BANK HALASOOR BENGALORE 560008,MERTO FILLER,10,12.9733997,77.61485836
Bengaluru City,Halasur Traffic PS,1.04432e+16,2016,1,2,Road Accidents,Junction,City/Town,At pedestrian Crossing,Human Error,Yes,Damage Only,Hit and Run,Controlled,Not Applicable,City or Town Road,Bitumen(Tar),Dry,Not Applicable,Fine,OLD AIRPORT ROAD DOMMALURU WATER TANK SIGNAL JUNCTION BENGALORE560071,SIGNAL POLE,25,12.96113393,77.63875615
Bengaluru City,Halasur Traffic PS,1.04432e+16,2016,1,2,Road Accidents,Bridge,City/Town,Open area,Human Error,Yes,Simple Injury,Hit and Run,Uncontrolled,Straight and flat,Two way,Bitumen(Tar),Dry,Not Applicable,Fine,KORAMNGALA INNER RING ROAD DOMMALURU DOWN RAMP.,POLE,5,12.96079975,77.64177687
Bengaluru City,Halasur Traffic PS,1.04432e+16,2016,1,2,Road Accidents,Circle,City/Town,Open area,Human Error,Yes,Simple Injury,Overturning,Controlled,Straight and flat,City or Town Road,Bitumen(Tar),Dry,Not Applicable,Fine,KENSINGTON OVEL JUNCTION HALASOORU BENGALORE,AMBRELA,1,12.98287026,77.62524913
Bengaluru City,Halasur Traffic PS,1.04432e+16,2016,1,1,Road Accidents,Junction,City/Town,Near office complex,Human Error,Yes,Grievous Injury,Hit and Run,Controlled,Straight and flat,City or Town Road,Bitumen(Tar),Not Applicable,Not Applicable,Fine,ADARSHA JUNCTION HALASOORU BENGALORE 560008,POLE,15,12.97837816,77.62902943
Bengaluru City,Halasur Traffic PS,1.04432e+16,2016,1,1,Road Accidents,Cross roads,City/Town,Near office complex,Human Error,Yes,Grievous Injury,Hit and Run,Uncontrolled,Straight and flat,City or Town Road,Bitumen(Tar),Dry,Not Applicable,Fine,KORAMANGALA INNER RING ROAD DOMMALURU BENGALORE 560071,POLE,15,12.95821554,77.64141357
Bengaluru City,Halasur Traffic PS,1.04432e+16,2016,1,2,Road Accidents,Narrow road,City/Town,Near Bus stop,Human Error,No,Simple Injury,Rear end,Uncontrolled,Straight and flat,City or Town Road,Bitumen(Tar),Dry,Not Applicable,Fine,OLD AIRPORT ROAD   NEAR EME GATE DOMALURU BENGALORE,1,1,12.96297001,77.62899233
Bengaluru City,Halasur Traffic PS,1.04432e+16,2016,1,1,Road Accidents,Circle,City/Town,Residential area,Human Error,Yes,Damage Only,Hit and Run,Uncontrolled,Straight and flat,City or Town Road,Bitumen(Tar),Dry,Not Applicable,Fine,OLD AIRPORT ROAD DOMALURU BENGALORE 560071,POLE1,1,12.96150994,77.63600234
Bengaluru City,Halasur Traffic PS,1.04432e+16,2016,1,1,Road Accidents,Circle,City/Town,Near office complex,Human Error,No,Grievous Injury,Hit pedestrian,Controlled,Curve,City or Town Road,Bitumen(Tar),Dry,Not Applicable,Fine,TRINITY JUNCTION INFRONT OF VIJAYA BANK ATM HALASOORU BENGALORE 560008,POLE,POLE,12.97228871,77.61975869
Bengaluru City,Halasur Traffic PS,1.04432e+16,2016,1,1,Road Accidents,Narrow road,City/Town,Residential area,Human Error,Yes,Simple Injury,Hit and Run,Uncontrolled,Straight and flat,Village Road,Bitumen(Tar),Not Applicable,Not Applicable,Fine,"DOMMALURU LAY OUT 2ND A MAIN, BENGALORE 560008.",KEB POLE,2.5,12.95624362,77.63861867
Bengaluru City,Halasur Traffic PS,1.04432e+16,2016,1,2,Road Accidents,Narrow road,City/Town,Open area,Human Error,No,Damage Only,Rear end,Uncontrolled,Straight and flat,City or Town Road,Bitumen(Tar),Dry,Not Applicable,Fine,KENSINGTON ROAD HALASOOR NEAR GURUDWAR BENGALORE560008,KEB POLE,15,0.0,0.0