DISTRICTNAME,UNITNAME,Crime_No,Year,RI,Noofvehicle_involved,Accident_Classification,Accident_Spot,Accident_Location,Accident_SubLocation,Main_Cause,Hit_Run,Severity,Collision_Type,Junction_Control,Road_Character,Road_Type,Surface_Type,Surface_Condition,Road_Condition,Weather,Accident_Road,Landmark_first,Distance_LandMark_First,Latitude,Longitude
Bengaluru City,Halasur Traffic PS,1.04432e+16,2018,1,3,Road Accidents,Narrow road,City/Town,Near office complex,Human Error,No,Damage Only,Rear end,Uncontrolled,Straight and flat,City or Town Road,Bitumen(Tar),Not Applicable,Not Applicable,Fine,INDIRANAGARA DOUBBLE ROAD,KEB POLE,12,12.965765,77.637902
Bengaluru City,Halasur Traffic PS,1.04432e+16,2018,1,1,Road Accidents,Narrow road,City/Town,Near Bus stop,Human Error,Yes,Grievous Injury,Hit and Run,Uncontrolled,Straight and flat,City or Town Road,Bitumen(Tar),Dry,Not Applicable,Fine,S.V.ROAD. ADARSHA  BUS STOP HALASOOR,POLE,15,12.979599,77.629507
Bengaluru City,Halasur Traffic PS,1.04432e+16,2018,1,1,Road Accidents,Other,City/Town,Open area,Human Error,No,Grievous Injury,Hit pedestrian,Not at  Junction,Others,City or Town Road,Bitumen(Tar),Others,Not Applicable,Others,"Infront of Sundarmurthy buliding,M G Road",KEB POLE,14ft,12.973306,77.615168
Bengaluru City,Halasur Traffic PS,1.04432e+16,2018,1,1,Road Accidents,Cross roads,City/Town,Near office complex,Human Error,No,Simple Injury,Hit pedestrian,Not at  Junction,Slight Curve,City or Town Road,Bitumen(Tar),Dry,Not Applicable,Fine,Domluru Flyover,KEB POLE,45,12.958173,77.641327
Bengaluru City,Halasur Traffic PS,1.04432e+16,2018,1,1,Road Accidents,Cross roads,City/Town,Near office complex,Human Error,Yes,Simple Injury,Hit and Run,Controlled,Straight and flat,City or Town Road,Bitumen(Tar),Dry,Not Applicable,Fine,OM ROAD & 80 FEET ROAD JUNCTION INDIRANAGARABANGALORE 560038,KEB POLE,SIGNAL,12.985785,77.644982
Bengaluru City,Halasur Traffic PS,1.04432e+16,2018,1,1,Road Accidents,Narrow road,City/Town,Near Hospital,Human Error,Yes,Simple Injury,Hit and Run,Uncontrolled,Straight and flat,City or Town Road,Bitumen(Tar),Dry,Not Applicable,Fine,om road near kalpalli junction indiranagara Bangalore 560038,pole,26,12.984793,77.642765
Bengaluru City,Halasur Traffic PS,1.04432e+16,2018,1,2,Road Accidents,Narrow road,City/Town,Near office complex,Human Error,No,Grievous Injury,Rear end,Uncontrolled,Straight and flat,City or Town Road,Bitumen(Tar),Dry,Not Applicable,Fine,trinity church road halasoor  Bangalore 560008,keb pole,25,12.968197,77.619976
Bengaluru City,Halasur Traffic PS,1.04432e+16,2018,1,2,Road Accidents,Narrow road,City/Town,In bazaar,Human Error,No,Grievous Injury,Hit pedestrian,Uncontrolled,Straight and flat,City or Town Road,Bitumen(Tar),Dry,Not Applicable,Fine,CMH ROAD NEAR SHANTHISAGAR HOTEL INDIRANAGARA BANGALORE 560038,SCRCH MARK,15,12.978279,77.635013
Bengaluru City,Halasur Traffic PS,1.04432e+16,2018,1,2,Road Accidents,Narrow road,City/Town,Near office complex,Human Error,No,Damage Only,Side swipe,Controlled,Straight and flat,City or Town Road,Bitumen(Tar),Dry,Not Applicable,Fine,old madaras road near indiranagara double road Bangalore,keb pole,15,12.982868,77.637278
Bengaluru City,Halasur Traffic PS,1.04432e+16,2018,1,2,Road Accidents,Junction,City/Town,Near office complex,Human Error,Yes,Damage Only,Hit and Run,Controlled,Straight and flat,City or Town Road,Bitumen(Tar),Not Applicable,Not Applicable,Fine,C.B.ROAD AND OLD AIRPORT ROAD JUNCTION HALASOOR BANGALORE 560008,UBRELA,8,12.965938,77.625346
Bengaluru City,Halasur Traffic PS,1.04432e+16,2018,1,2,Road Accidents,Cross roads,City/Town,Open area,Human Error,No,Damage Only,Rear end,Controlled,Others,City or Town Road,Bitumen(Tar),Dry,Not Applicable,Fine,100 FEET & 13TH MAIN ROAD JUNCTION INDIRANAGARA BANGALORE 560038,TREEE01,21ft,12.977797,77.640894
Bengaluru City,Halasur Traffic PS,1.04432e+16,2018,1,1,Road Accidents,Junction,City/Town,Near office complex,Human Error,No,Grievous Injury,Hit pedestrian,Controlled,Straight and flat,City or Town Road,Bitumen(Tar),Dry,Not Applicable,Fine,OLD AIRPORT ROAD DOMALURU ARALIKATTE JUNCTION,TREE,18,12.961401,77.635877
Bengaluru City,Halasur Traffic PS,1.04432e+16,2018,1,2,Road Accidents,Circle,City/Town,Near office complex,Human Error,Yes,Damage Only,Hit and Run,Controlled,Straight and flat,City or Town Road,Bitumen(Tar),Dry,Not Applicable,Fine,O.M.ROAD AND 100 FEET ROAD JUNCTION INDIRANAGARA BANGALORE 560038,TRAFFIC HIGHLAND,15,12.984149,77.640821
Bengaluru City,Halasur Traffic PS,1.04432e+16,2018,1,2,Road Accidents,Other,City/Town,Open area,Human Error,No,Grievous Injury,Hit and Run,Not at  Junction,Straight and flat,City or Town Road,Bitumen(Tar),Dry,Not Applicable,Fine,O M ROAD,KEB POLE,25,12.981782,77.631738
Bengaluru City,Halasur Traffic PS,1.04432e+16,2018,1,2,Road Accidents,Cross roads,City/Town,Open area,Human Error,Yes,Simple Injury,Side swipe,Not at  Junction,Others,City or Town Road,Bitumen(Tar),Dry,Not Applicable,Fine,"C M Hospital behind,Indiranagara",KEB POLE,15ft,12.977633,77.645322
Bengaluru City,Halasur Traffic PS,1.04432e+16,2018,1,2,Road Accidents,Junction,City/Town,Near office complex,Human Error,Yes,Grievous Injury,Hit and Run,Uncontrolled,Straight and flat,City or Town Road,Bitumen(Tar),Dry,Not Applicable,Fine,SV ROAD NEAR HALASOOR METRO STATION BANGALORE 560008,METRO FILLER 118,15,12.975629,77.626129
Bengaluru City,Halasur Traffic PS,1.04432e+16,2018,1,2,Road Accidents,Narrow road,City/Town,Near office complex,Human Error,Yes,Fatal,Hit and Run,Uncontrolled,Straight and flat,City or Town Road,Bitumen(Tar),Dry,Not Applicable,Fine,C.B.ROAD. INFRONT OF PATEL FANCY STORE HALASOOR BANGALORE 56008,BTRACK BOARD,18,12.974474,77.625731
Bengaluru City,Halasur Traffic PS,1.04432e+16,2018,1,1,Road Accidents,Narrow road,City/Town,At pedestrian Crossing,Human Error,No,Fatal,Hit pedestrian,Uncontrolled,Straight and flat,City or Town Road,Bitumen(Tar),Dry,Not Applicable,Fine,KORAMANGALA INNER RING ROAD DOMALURU BANGALORE 560071,SIGNAL POLE,15,12.951866,77.640036
Bengaluru City,Halasur Traffic PS,1.04432e+16,2018,1,2,Road Accidents,Narrow road,City/Town,Near office complex,Human Error,No,Fatal,Side impact or Right angle,Uncontrolled,Straight and flat,City or Town Road,Bitumen(Tar),Dry,Not Applicable,Fine,D.BHASKARAN ROAD INFRONT OF MEG PAY ACCOUNTS OFFICE HALASOOR TRPS BANGALORE 560008,ACCIDENT SPOT,25,12.982345,77.626682
Bengaluru City,Halasur Traffic PS,1.04432e+16,2018,1,2,Road Accidents,Junction,City/Town,Near office complex,Human Error,No,Grievous Injury,Head on,Signal lights Automatic,Straight and flat,City or Town Road,Bitumen(Tar),Dry,Not Applicable,Fine,CMH ROAD AND DOUBBLE ROAD JUNCTION INDIRANAGARA BANGALORE 560038,SIGNAL POLE,15,12.978158,77.636707
Bengaluru City,Halasur Traffic PS,1.04432e+16,2018,1,3,Road Accidents,Junction,City/Town,Near Petrol Pump,Human Error,No,Grievous Injury,Head on,Controlled,Slight Curve,City or Town Road,Bitumen(Tar),Dry,Not Applicable,Fine,OM ROAD. BYLA ANJANEYA JUNCTION BANGALORE,TRAFFIC LIGHT POLE,27,12.981584,77.631246
Bengaluru City,Halasur Traffic PS,1.04432e+16,2018,1,2,Road Accidents,Narrow road,City/Town,Near School or College,Human Error,Yes,Grievous Injury,Head on,Uncontrolled,Straight and flat,City or Town Road,Bitumen(Tar),Dry,Not Applicable,Fine,"1st cross, indiranagara 2nd stage, near ssb school Bangalore 560038",tree,12,12.975296,77.640264
Bengaluru City,Halasur Traffic PS,1.04432e+16,2018,1,4,Road Accidents,Junction,City/Town,Near office complex,Human Error,No,Damage Only,Rear end,Controlled,Straight and flat,City or Town Road,Bitumen(Tar),Dry,Not Applicable,Fine,OLD AIRPORT ROAD INDIA GARAGE HALASOOR BANGALORE 560007,HIGHMASK LIGT POLE,13,12.965348,77.61783
Bengaluru City,Halasur Traffic PS,1.04432e+16,2018,1,2,Road Accidents,Narrow road,City/Town,Near office complex,Human Error,No,Grievous Injury,Hit bicyclist,Uncontrolled,Curve,City or Town Road,Bitumen(Tar),Dry,Not Applicable,Fine,OM ROAD BYALAANJENEYA TEMPOLE,TREE,15,12.981863,77.631767
Bengaluru City,Halasur Traffic PS,1.04432e+16,2018,1,3,Road Accidents,Narrow road,City/Town,Near office complex,Human Error,Yes,Grievous Injury,Hit and Run,Uncontrolled,Straight and flat,City or Town Road,Bitumen(Tar),Dry,Not Applicable,Fine,OLD AIRPORT ROAD  NEAR DOMALURU BRIDGE BANGALORE,KEB POLE,12,0.0,0.0
Bengaluru City,Halasur Traffic PS,1.04432e+16,2018,1,1,Road Accidents,Junction,City/Town,Near office complex,Human Error,No,Grievous Injury,Hit pedestrian,Uncontrolled,Straight and flat,City or Town Road,Bitumen(Tar),Dry,Not Applicable,Fine,old airport road near aralaikatte domaluru Bangalore 560071,tree,8,12.961428,77.636059
Bengaluru City,Halasur Traffic PS,1.04432e+16,2018,1,2,Road Accidents,Other,City/Town,Near office complex,Human Error,No,Grievous Injury,Rear end,Not at  Junction,Others,City or Town Road,Bitumen(Tar),Dry,Not Applicable,Others,"C M H Road,Indiranagara",M K Retail Shop,20ft,12.978525,77.644649
Bengaluru City,Halasur Traffic PS,1.04432e+16,2018,1,2,Road Accidents,Bridge,City/Town,Open area,Human Error,Yes,Simple Injury,Hit and Run,Uncontrolled,Curve,City or Town Road,Bitumen(Tar),Dry,Not Applicable,Fine,DOMALURU FLY OVER BRIDGE DOMALURU BANGALORE560038,1,3,12.961783,77.641745
Bengaluru City,Halasur Traffic PS,1.04432e+16,2018,1,1,Road Accidents,Offset,City/Town,Open area,Human Error,No,Simple Injury,Hit pedestrian,Not at  Junction,Others,Service Road,Bitumen(Tar),Dry,Not Applicable,Fine,Domluru Service Road,KEB POLE,40,12.960936,77.636596
Bengaluru City,Halasur Traffic PS,1.04432e+16,2018,1,1,Road Accidents,Cross roads,City/Town,Near office complex,Human Error,No,Grievous Injury,Hit pedestrian,Not at  Junction,Others,City or Town Road,Bitumen(Tar),Dry,Not Applicable,Fine,Midford Road,K E B Pole,18ft,12.971584,77.6182
Bengaluru City,Halasur Traffic PS,1.04432e+16,2018,1,2,Road Accidents,Other,City/Town,Open area,Human Error,No,Damage Only,Others,Not at  Junction,Curve,City or Town Road,Bitumen(Tar),Dry,Not Applicable,Fine,"DOUBLE ROAD,INDIRANAGARA",TREEE01,18,12.972947,77.635266
Bengaluru City,Halasur Traffic PS,1.04432e+16,2018,1,1,Road Accidents,Cross roads,City/Town,Near office complex,Human Error,No,Grievous Injury,Hit pedestrian,Uncontrolled,Straight and flat,City or Town Road,Bitumen(Tar),Dry,Not Applicable,Fine,DOMALURU SERVICE ROAD BANGALORE 560071,KEB POLE,15,12.968821,77.636034
Bengaluru City,Halasur Traffic PS,1.04432e+16,2019,1,1,Road Accidents,Narrow road,City/Town,Near office complex,Human Error,No,Grievous Injury,Hit pedestrian,Uncontrolled,Straight and flat,City or Town Road,Bitumen(Tar),Dry,Not Applicable,Fine,S.V.ROAD. NEAR OLD SYNDICATE BANK HALASOOR BANGALORE 560008,PETRO FILLER,15,12.977742,77.627665
Bengaluru City,Halasur Traffic PS,1.04432e+16,2019,1,2,Road Accidents,Narrow road,City/Town,Near office complex,Human Error,Yes,Grievous Injury,Hit and Run,Uncontrolled,Straight and flat,City or Town Road,Bitumen(Tar),Dry,Not Applicable,Fine,KENSINTON ROAD,KEB POLE,18,12.985987,77.622528
Bengaluru City,Halasur Traffic PS,1.04432e+16,2019,1,1,Road Accidents,Not Applicable,City/Town,Near School or College,Human Error,Not Applicable,Fatal,Hit pedestrian,Controlled,Straight and flat,Others,Bitumen(Tar),Dry,Not Applicable,Fine,KENSINGTOWN ROAD NEAR CONRAD HOTEL,KEB POL,15FT,12.975694,77.62029
Bengaluru City,Halasur Traffic PS,1.04432e+16,2019,1,1,Road Accidents,Curves,City/Town,Open area,Human Error,No,Fatal,Not Applicable,Uncontrolled,Slight Curve,Two way,Bitumen(Tar),Dry,Not Applicable,Fine,OLD AIRPORT ROAD INFRONT OF ASC COLLEGE HALASOOR BANGALORE 560008,KEB POLE,35,12.96563,77.619689
Bengaluru City,Halasur Traffic PS,1.04432e+16,2019,1,1,Road Accidents,Not Applicable,City/Town,Near office complex,Human Error,Not Applicable,Grievous Injury,Hit pedestrian,Uncontrolled,Straight and flat,Two way,Bitumen(Tar),Dry,Not Applicable,Fine,"CMH ROAD NEAR SWAMI VIVEKANANDA PARK,INDIRANAGAR",KEB POL,25FT,12.978391,77.638077
Bengaluru City,Halasur Traffic PS,1.04432e+16,2019,1,1,Road Accidents,Narrow road,City/Town,Near Bus stop,Human Error,Not Applicable,Grievous Injury,Hit pedestrian,Uncontrolled,Straight and flat,Two way,Bitumen(Tar),Dry,Not Applicable,Fine,KORAMANGALA INNERING ROAD NEAR TVS SHOW ROOM DOMMALURU BANGALORE-560071,KEB POL,26 FT,12.95521,77.641407
Bengaluru City,Halasur Traffic PS,1.04432e+16,2019,1,1,Road Accidents,Not Applicable,City/Town,Residential area,Human Error,Not Applicable,Grievous Injury,Not Applicable,Uncontrolled,Straight and flat,Two way,Bitumen(Tar),Dry,Not Applicable,Fine,"NEAR AIRVIEW JUNCTION ,DOMMALURU",KEB POL,20FT,0.0,0.0
Bengaluru City,Halasur Traffic PS,1.04432e+16,2019,1,2,Road Accidents,Junction,City/Town,Near Bus stop,Human Error,Not Applicable,Grievous Injury,Vehicle to Vehicle,Controlled,Straight and flat,Others,Bitumen(Tar),Dry,Not Applicable,Fine,"100 FEET ROAD 17 TH MAIN JUNCTION NEAR NANDINI RESTORANT,INDIRANAGAR",KEB POL,20FT,12.963319,77.641551
Bengaluru City,Halasur Traffic PS,1.04432e+16,2019,1,2,Road Accidents,Junction,City/Town,Near office complex,Human Error,No,Damage Only,Vehicle to Vehicle,Controlled,Straight and flat,Major District Road,Bitumen(Tar),Dry,Not Applicable,Fine,OM ROAD AND DOUBBLE ROAD JUNCTION INDIRANAGARA BANGALORE 560038,KEB POLE,42,12.982786,77.637235
Bengaluru City,Halasur Traffic PS,1.04432e+16,2019,1,1,Road Accidents,Cross roads,City/Town,Near office complex,Human Error,No,Grievous Injury,Hit pedestrian,Uncontrolled,Straight and flat,Two way,Bitumen(Tar),Dry,Not Applicable,Fine,100 FEET ROAD INFRONT OF PITER ENGLAND SHOW ROOM INDIRANAGAR,GREEN TREE,10 FT,12.965922,77.641456
Bengaluru City,Halasur Traffic PS,1.04432e+16,2019,1,2,Road Accidents,Junction,City/Town,Near office complex,Human Error,Yes,Damage Only,Hit and Run,Controlled,Straight and flat,City or Town Road,Bitumen(Tar),Dry,Not Applicable,Fine,OM ROAD AND 100 FEET ROAD INDIRANAGARA JUNCTION BANGALORE560038,TRAFFIC HIGHLAND,15,12.984104,77.640792
Bengaluru City,Halasur Traffic PS,1.04432e+16,2019,1,2,Road Accidents,Junction,City/Town,Near Hospital,Human Error,Yes,Grievous Injury,Hit and Run,Controlled,Straight and flat,City or Town Road,Bitumen(Tar),Dry,Not Applicable,Fine,indiranagara double road & 7th main road  esi hospital junction Bangalore 560038,tree,35,12.97167,77.635972
Bengaluru City,Halasur Traffic PS,1.04432e+16,2019,1,2,Road Accidents,Junction,City/Town,Near office complex,Human Error,Not Applicable,Grievous Injury,Vehicle to Vehicle,Controlled,Straight and flat,Major District Road,Bitumen(Tar),Dry,Not Applicable,Fine,OLD AIRPORT ROAD,TREE,15,12.961376,77.635913
Bengaluru City,Halasur Traffic PS,1.04432e+16,2019,1,2,Road Accidents,Not Applicable,City/Town,Near Hospital,Human Error,Not Applicable,Grievous Injury,Vehicle to Vehicle,Uncontrolled,Straight and flat,Two way,Bitumen(Tar),Dry,Not Applicable,Fine,OLD AIRPORT ROAD NEAR COMMANDO HOSPITAL HALASOOR,KEB POL,45FT,12.964859,77.628215
Bengaluru City,Halasur Traffic PS,1.04432e+16,2019,1,1,Road Accidents,Junction,City/Town,Residential area,Human Error,Yes,Grievous Injury,Hit bicyclist,Uncontrolled,Straight and flat,Two way,Bitumen(Tar),Dry,Not Applicable,Fine,7TH CROSS ROAD DOMMALURU LAYOUT,KEB POL,20 FT,12.959266,77.638444
Bengaluru City,Halasur Traffic PS,1.04432e+16,2019,1,2,Road Accidents,Junction,City/Town,Near office complex,Human Error,Yes,Grievous Injury,Vehicle to Vehicle,Uncontrolled,Straight and flat,Two way,Bitumen(Tar),Dry,Not Applicable,Fine,"DOUBLE ROAD & 2ND MAIN JUNCTION,INDIRANAGAR",GREEN TREE,8FT,12.981169,77.637436
Bengaluru City,Halasur Traffic PS,1.04432e+16,2019,1,2,Road Accidents,Not Applicable,City/Town,Near office complex,Human Error,Not Applicable,Grievous Injury,Vehicle to Vehicle,Uncontrolled,Straight and flat,Two way,Bitumen(Tar),Dry,Not Applicable,Fine,"SWAMY VIVEKANANDA ROAD,NEAR ANGAL PARAMESHWARY TEMPLE HALASOOR",KEB POL,10 FT,12.974326,77.624082
Bengaluru City,Halasur Traffic PS,1.04432e+16,2019,1,2,Road Accidents,Narrow road,City/Town,Near office complex,Human Error,No,Damage Only,Rear end,Uncontrolled,Straight and flat,City or Town Road,Bitumen(Tar),Dry,Not Applicable,Fine,GANGADHARACHETTY ROAD HALASOOR BANGALORE 560008,TREE,18,12.975962,77.620162
Bengaluru City,Halasur Traffic PS,1.04432e+16,2019,1,2,Road Accidents,Junction,City/Town,Near office complex,Human Error,Yes,Grievous Injury,Vehicle to Vehicle,Controlled,Straight and flat,Minor District Road,Bitumen(Tar),Dry,Not Applicable,Fine,SV ROAD MUNISWAMAPPA JUNCTION  HALASOOR BANGALORE 560008,KEB POL,35 FEE,12.980551,77.630232
Bengaluru City,Halasur Traffic PS,1.04432e+16,2019,1,1,Road Accidents,Cross roads,City/Town,Residential area,Human Error,No,Damage Only,Hit animal,Uncontrolled,Straight and flat,Residential Street,Bitumen(Tar),Dry,Not Applicable,Fine,1st main 2nd cross Domaluru,tree,15,12.96005,77.636547
Bengaluru City,Halasur Traffic PS,1.04432e+16,2019,1,1,Road Accidents,Junction,City/Town,Near School or College,Human Error,Not Applicable,Grievous Injury,Hit pedestrian,Controlled,Straight and flat,Others,Bitumen(Tar),Dry,Not Applicable,Fine,"GURUDWARA JUNCTION,HALASOOR",SOLAR POLE,25 FT,12.975979,77.620251
Bengaluru City,Halasur Traffic PS,1.04432e+16,2019,1,2,Road Accidents,Junction,City/Town,Near office complex,Human Error,Yes,Grievous Injury,Vehicle to Vehicle,Uncontrolled,Straight and flat,Residential Street,Bitumen(Tar),Dry,Not Applicable,Fine,8TH CROSS & 12TH MAIN JUNCTION INDIRANAGARA BANGALORE,KEB POLE,15,12.969975,77.637618
Bengaluru City,Halasur Traffic PS,1.04432e+16,2019,1,2,Road Accidents,Junction,City/Town,Near office complex,Human Error,Not Applicable,Grievous Injury,Vehicle to Vehicle,Controlled,Straight and flat,Two way,Bitumen(Tar),Dry,Not Applicable,Fine,"MANIPAL CENTER,HALASOOR",KEB POL,28FT,12.975264,77.614327
Bengaluru City,Halasur Traffic PS,1.04432e+16,2019,1,2,Road Accidents,Junction,City/Town,Near office complex,Human Error,Not Applicable,Grievous Injury,Rear end,Controlled,Straight and flat,City or Town Road,Bitumen(Tar),Dry,Not Applicable,Fine,OM ROAD BINNAMANGALA 100 FEET ROAD INDIRANAGAR,TRAFFIC HIGH LAND,15 FEE,12.984102,77.640646
Bengaluru City,Halasur Traffic PS,1.04432e+16,2019,1,2,Road Accidents,Narrow road,City/Town,Near or inside a village,Human Error,No,Damage Only,Rear end,Uncontrolled,Straight and flat,City or Town Road,Bitumen(Tar),Dry,Not Applicable,Fine,AAGA ABBASALI ROAD,KEB POL,3,12.977116,77.61771
Bengaluru City,Halasur Traffic PS,1.04432e+16,2019,1,2,Road Accidents,Narrow road,City/Town,Near Hospital,Human Error,Yes,Damage Only,Hit and Run,Uncontrolled,Straight and flat,City or Town Road,Bitumen(Tar),Dry,Not Applicable,Fine,om road and kalpalli junction indiranagara bangalore 560038,keb pole,40,12.985038,77.642627
Bengaluru City,Halasur Traffic PS,1.04432e+16,2019,1,2,Road Accidents,Narrow road,City/Town,Near office complex,Human Error,Yes,Grievous Injury,Rear end,Uncontrolled,Straight and flat,City or Town Road,Bitumen(Tar),Dry,Not Applicable,Fine,OLD AIRPORT ROAD,KEB POLE,15,12.96065,77.641609
Bengaluru City,Halasur Traffic PS,1.04432e+16,2019,1,2,Road Accidents,Junction,City/Town,Open area,Human Error,No,Damage Only,Vehicle to Vehicle,Controlled,Straight and flat,Service Road,Bitumen(Tar),Dry,Not Applicable,Fine,OLD AIRPORT ROAD & C.B.ROAD JUNCTION HALASOOR BANGALORE 560008,SIGNAL POLE,35,12.965984,77.625258
Bengaluru City,Halasur Traffic PS,1.04432e+16,2019,1,1,Road Accidents,Narrow road,City/Town,Near School or College,Human Error,Yes,Grievous Injury,Hit pedestrian,Uncontrolled,Straight and flat,Residential Street,Bitumen(Tar),Dry,Not Applicable,Fine,JOGUPALYA HALASOOR BANGALORE 560008,KEB POLE,KEB PO,12.972474,77.630676
Bengaluru City,Halasur Traffic PS,1.04432e+16,2019,1,2,Road Accidents,Narrow road,City/Town,Open area,Human Error,Yes,Grievous Injury,Vehicle to Vehicle,Uncontrolled,Straight and flat,Service Road,Bitumen(Tar),Dry,Not Applicable,Clear,KORAMANGALA INNER RING ROAD AIRVIEW JUNCTION,TREE,22,12.945991,77.640062
Bengaluru City,Halasur Traffic PS,1.04432e+16,2019,1,2,Road Accidents,Junction,City/Town,Near office complex,Human Error,Yes,Grievous Injury,Vehicle to Vehicle,Uncontrolled,Straight and flat,Two way,Bitumen(Tar),Dry,Not Applicable,Fine,80 FEET ROAD 4TH MAIN JUNCTION INDIRANAGAR,GREEN TREE,25 FT,12.970956,77.64731
Bengaluru City,Halasur Traffic PS,1.04432e+16,2019,1,2,Road Accidents,Junction,City/Town,Near Hospital,Human Error,Not Applicable,Grievous Injury,Vehicle to Vehicle,Controlled,Straight and flat,Two way,Bitumen(Tar),Dry,Not Applicable,Fine,"CMH HOSPITAL JUNCTION,INDIRANAGAR",KEB POL,25FT,12.978573,77.646456
Bengaluru City,Halasur Traffic PS,1.04432e+16,2019,1,3,Road Accidents,Junction,City/Town,Near office complex,Human Error,Yes,Fatal,Vehicle to Vehicle,Signal lights Blinking,Straight and flat,Arterial,Bitumen(Tar),Dry,Not Applicable,Fine,OLD AIRPORT ROAD ARALIKATTE JUNCTION DOMALURU BANGALORE 560071,ARALIKKATE,9,12.961359,77.635927
Bengaluru City,Halasur Traffic PS,1.04432e+16,2019,1,2,Road Accidents,Junction,City/Town,Residential area,Human Error,Not Applicable,Grievous Injury,Vehicle to Vehicle,Controlled,Straight and flat,Others,Bitumen(Tar),Dry,Not Applicable,Fine,"100 FEET ROAD & 12 TH MAIN JUNCTION,INDIRANAGAR",GREEN TREE,40 FT,12.970231,77.641295
Bengaluru City,Halasur Traffic PS,1.04432e+16,2019,1,2,Road Accidents,Narrow road,City/Town,Open area,Human Error,Not Applicable,Grievous Injury,Vehicle to Vehicle,Uncontrolled,Straight and flat,Residential Street,Bitumen(Tar),Dry,Not Applicable,Fine,OLD AIRPORT ROAD,KEBPOLE,15,12.96205,77.62749
Bengaluru City,Halasur Traffic PS,1.04432e+16,2019,1,2,Road Accidents,Not Applicable,City/Town,Near Petrol Pump,Human Error,Not Applicable,Simple Injury,Vehicle to Vehicle,Uncontrolled,Straight and flat,Two way,Bitumen(Tar),Dry,Not Applicable,Fine,INFRONT OF OYO HOTEL NEAR TRINITY JUNCTION HALASOOR,KEB POL,20 FT,12.972602,77.620241
Bengaluru City,Halasur Traffic PS,1.04432e+16,2019,1,2,Road Accidents,Junction,City/Town,Near office complex,Human Error,No,Damage Only,Rear end,Controlled,Others,City or Town Road,Bitumen(Tar),Dry,Not Applicable,Fine,OLD AIPRPORT ROAD AND C.B.ROAD JUNCTION HALASOOR BANGALORE 560008,keb pole,25,12.966049,77.625185
Bengaluru City,Halasur Traffic PS,1.04432e+16,2019,1,1,Road Accidents,Narrow road,City/Town,Open area,Human Error,No,Grievous Injury,Rear end,Uncontrolled,Straight and flat,City or Town Road,Bitumen(Tar),Dry,Not Applicable,Fine,TRINITY CHURCH ROADHALASOOR BANGALORE 560008,POLE,23,12.971279,77.619682
Bengaluru City,Halasur Traffic PS,1.04432e+16,2019,1,2,Road Accidents,Narrow road,City/Town,Near office complex,Human Error,No,Grievous Injury,Rear end,Uncontrolled,Straight and flat,City or Town Road,Bitumen(Tar),Dry,Not Applicable,Fine,100 FEET ROAD INDIRANAGARA,TREE,20,12.978057,77.640856
Bengaluru City,Halasur Traffic PS,1.04432e+16,2019,1,2,Road Accidents,Junction,City/Town,Near office complex,Human Error,No,Fatal,Hit bicyclist,Uncontrolled,Straight and flat,Service Road,Bitumen(Tar),Dry,Not Applicable,Fine,12TH MAIN AND 5TH CROSS JUNCTION INDIRANAGARA,TREE,15,12.970023,77.638772
Bengaluru City,Halasur Traffic PS,1.04432e+16,2019,1,2,Road Accidents,Not Applicable,City/Town,Near a factory industrial area,Human Error,No,Simple Injury,Vehicle to Vehicle,Uncontrolled,Straight and flat,Two way,Bitumen(Tar),Dry,Not Applicable,Fine,KENSINGTOWN ROAD NEAR MEG ROCK,KEB POLE,40FT,12.978761,77.620701
Bengaluru City,Halasur Traffic PS,1.04432e+16,2019,1,2,Road Accidents,Junction,City/Town,Near Bus stop,Human Error,No,Grievous Injury,Vehicle to Vehicle,Controlled,Straight and flat,Others,Bitumen(Tar),Dry,Not Applicable,Fine,"100 FEET ROAD AND OLD MADRAS ROAD JUNCTION,INDIRANAGAR",KEB POL,25 FT,12.98412,77.640523
Bengaluru City,Halasur Traffic PS,1.04432e+16,2019,1,1,Road Accidents,Junction,City/Town,Near office complex,Human Error,Yes,Grievous Injury,Hit pedestrian,Uncontrolled,Straight and flat,Two way,Bitumen(Tar),Dry,Not Applicable,Fine,100 FEETROAD NEAR INDI QUBE INDIRANAGAR,METRO PILLER NO 59,15 FT,12.980138,77.64088
Bengaluru City,Halasur Traffic PS,1.04432e+16,2019,1,2,Road Accidents,Not Applicable,City/Town,Near office complex,Human Error,Not Applicable,Grievous Injury,Vehicle to Vehicle,Uncontrolled,Straight and flat,Others,Bitumen(Tar),Dry,Not Applicable,Fine,"KENSINGTOWN OVAL ROAD NEAR SWAMY VIVEKANANDAPARK,HALASOOR",KEB POLE,16 FT,12.985922,77.622436
Bengaluru City,Halasur Traffic PS,1.04432e+16,2019,1,1,Road Accidents,Narrow road,City/Town,Open area,Human Error,No,Simple Injury,Not Applicable,Uncontrolled,Straight and flat,Minor District Road,Bitumen(Tar),Dry,Not Applicable,Fine,KORAMANGALA INNER RING ROAD,TREE,29,12.95132,77.639708
Bengaluru City,Halasur Traffic PS,1.04432e+16,2019,1,1,Road Accidents,Narrow road,City/Town,Near office complex,Human Error,Yes,Fatal,Hit pedestrian,Uncontrolled,Straight and flat,Arterial,Bitumen(Tar),Dry,Not Applicable,Fine,OLD AIRPORT ROAD DOMALURU BANGALORE 560071,TREE,12,12.961555,77.634822