DISTRICTNAME,UNITNAME,Crime_No,Year,RI,Noofvehicle_involved,Accident_Classification,Accident_Spot,Accident_Location,Accident_SubLocation,Main_Cause,Hit_Run,Severity,Collision_Type,Junction_Control,Road_Character,Road_Type,Surface_Type,Surface_Condition,Road_Condition,Weather,Accident_Road,Landmark_first,Distance_LandMark_First,Latitude,Longitude
Bengaluru City,Halasur Traffic PS,1.04432e+16,2019,1,2,Road Accidents,Not Applicable,City/Town,Near Hospital,Human Error,Not Applicable,Simple Injury,Vehicle to Vehicle,Uncontrolled,Straight and flat,Two way,Bitumen(Tar),Dry,Not Applicable,Fine,"CB ROAD INFRONT OF GENERAL THIMAIAH ENCLAIVES QUATERS,HALASOOR",KEB POL,20 FT,12.96601,77.625419
Bengaluru City,Halasur Traffic PS,1.04432e+16,2019,1,5,Road Accidents,Not Applicable,City/Town,Residential area,Human Error,Yes,Damage Only,Vehicle to Vehicle,Uncontrolled,Straight and flat,Residential Street,Bitumen(Tar),Dry,Not Applicable,Fine,12TH MAIN ROAD INFRONT OF HANGOVER PUB INDIRANAGAR,KEB POL,38FT,12.969974,77.638402
Bengaluru City,Halasur Traffic PS,1.04432e+16,2019,1,2,Road Accidents,Narrow road,City/Town,Residential area,Human Error,No,Damage Only,Right Turn Collision,Uncontrolled,Straight and flat,Residential Street,Bitumen(Tar),Dry,Not Applicable,Fine,13 CROSS INDIRANAGAR BANGALORE-38,KEB POLE,15 FEE,12.97628,77.635738
Bengaluru City,Halasur Traffic PS,1.04432e+16,2019,1,1,Road Accidents,Narrow road,City/Town,Near office complex,Human Error,No,Grievous Injury,Not Applicable,Uncontrolled,Straight and flat,Service Road,Bitumen(Tar),Dry,Not Applicable,Fine,KORAMANGALA INNER RING ROAD DOMALURU BANGALORE 560071,KEB POLE,25,0.0,0.0
Bengaluru City,Halasur Traffic PS,1.04432e+16,2019,1,2,Road Accidents,Not Applicable,City/Town,Near School or College,Human Error,Not Applicable,Grievous Injury,Vehicle to Vehicle,Uncontrolled,Straight and flat,Two way,Bitumen(Tar),Dry,Not Applicable,Fine,"INFRONT OF  ASC COLLEGE & CENTER ,HAL ROAD",KEB POL,16 FT,12.965712,77.619802
Bengaluru City,Halasur Traffic PS,1.04432e+16,2019,1,2,Road Accidents,Junction,City/Town,Near office complex,Human Error,No,Fatal,Vehicle to Vehicle,Controlled,Straight and flat,Two way,Bitumen(Tar),Dry,Not Applicable,Fine,MG ROAD AND,SIGNAL POLE,15,12.973761,77.613883
Bengaluru City,Halasur Traffic PS,1.04432e+16,2019,1,2,Road Accidents,T Junction,City/Town,Near office complex,Human Error,Yes,Fatal,Hit and Run,Controlled,Straight and flat,City or Town Road,Bitumen(Tar),Dry,Not Applicable,Fine,OM ROAD & 100 FEET ROAD JUNCTION INDIRANAGARA BANGALORE 560038,KEB POLE,18,12.98411,77.640485
Bengaluru City,Halasur Traffic PS,1.04432e+16,2019,1,2,Road Accidents,Circle,City/Town,Near office complex,Human Error,No,Damage Only,Vehicle to Vehicle,Controlled,Straight and flat,Others,Bitumen(Tar),Dry,Not Applicable,Fine,ADARSHA THEATER JUNCTION HALASOOR BANGALORE 560008,POLE,18,12.981688,77.628617
Bengaluru City,Halasur Traffic PS,1.04432e+16,2019,1,1,Road Accidents,Narrow road,City/Town,Near office complex,Human Error,Yes,Fatal,Hit pedestrian,Uncontrolled,Straight and flat,Major District Road,Bitumen(Tar),Dry,Not Applicable,Fine,BHASKARAN ROAD NEAR MEG PAY ACCOUNTS HALASOOR,KEB POLE,15,12.982102,77.626998
Bengaluru City,Halasur Traffic PS,1.04432e+16,2019,1,1,Road Accidents,Not Applicable,City/Town,Near Bus stop,Human Error,Not Applicable,Simple Injury,Hit pedestrian,Uncontrolled,Straight and flat,Two way,Bitumen(Tar),Dry,Not Applicable,Fine,OM ROAD INFRONT OF ISOLATION HOSPITAL,KEB POL,20FT,12.985497,77.645241
Bengaluru City,Halasur Traffic PS,1.04432e+16,2019,1,2,Road Accidents,Not Applicable,City/Town,Near School or College,Human Error,Yes,Grievous Injury,Vehicle to Vehicle,Uncontrolled,Straight and flat,Two way,Bitumen(Tar),Dry,Not Applicable,Fine,"80 FEET ROAD NEAR KRISHNA TEMPLE,INDIRANAGAR",KEB POL,34 FT,0.0,0.0
Bengaluru City,Halasur Traffic PS,1.04432e+16,2019,1,1,Road Accidents,Narrow road,City/Town,Near Hospital,Human Error,Yes,Grievous Injury,Hit and Run,Uncontrolled,Not Applicable,City or Town Road,Bitumen(Tar),Dry,Not Applicable,Fine,OLD AIRPORT ROAD NEAR COMMAND HOSPITAL BANGALORE 560008,TREE,33,12.964749,77.625832
Bengaluru City,Halasur Traffic PS,1.04432e+16,2019,1,2,Road Accidents,Junction,City/Town,Near office complex,Human Error,No,Not Applicable,Vehicle to Vehicle,Uncontrolled,Straight and flat,Service Road,Bitumen(Tar),Dry,Not Applicable,Fine,100 FEET ROAD AND 6TH MAIN JUNCTION INDIRANAGARA BANGALORE 560038,TREE,19,12.973844,77.641123
Bengaluru City,Halasur Traffic PS,1.04432e+16,2019,1,1,Road Accidents,Junction,City/Town,Near office complex,Human Error,No,Fatal,Not Applicable,Controlled,Straight and flat,Expressway,Bitumen(Tar),Dry,Not Applicable,Fine,OM ROAD AND 80 FEET ROAD JUNVTION INDIRANAGARA BANGALORE 560038,25,24,12.985745,77.64512
Bengaluru City,Halasur Traffic PS,1.04432e+16,2019,1,1,Road Accidents,Curves,City/Town,Open area,Human Error,No,Grievous Injury,Hit pedestrian,Uncontrolled,Straight and flat,City or Town Road,Bitumen(Tar),Dry,Not Applicable,Fine,OLD AIRPORT ROAD INFRONT OF EME WORKSHOP DOMALURU BANGALORE 560071,TREE,30,12.962152,77.629128
Bengaluru City,Halasur Traffic PS,1.04432e+16,2019,1,1,Road Accidents,Narrow road,City/Town,Open area,Human Error,No,Damage Only,Hit fixed object,Uncontrolled,Straight and flat,City or Town Road,Bitumen(Tar),Dry,Not Applicable,Fine,KENSINGTON ROAD NEAR MEG ROCK  HALASOOR,KEB POLE,18,12.978058,77.620319
Bengaluru City,Halasur Traffic PS,1.04432e+16,2019,1,2,Road Accidents,Junction,City/Town,Near office complex,Human Error,No,Grievous Injury,Right Turn Collision,Controlled,Straight and flat,City or Town Road,Bitumen(Tar),Dry,Not Applicable,Fine,100 FEET ROAD & 12TH MAIN  ROAD JUNCTION INDIRANAGARA,KEB POLE,15,12.970286,77.641301
Bengaluru City,Halasur Traffic PS,1.04432e+16,2019,1,1,Road Accidents,Narrow road,City/Town,Near office complex,Human Error,No,Fatal,Hit pedestrian,Uncontrolled,Straight and flat,Minor District Road,Bitumen(Tar),Dry,Not Applicable,Fine,O.M.ROAD OPPSIT INDIRANAGARA BMTC DEPO INDIRANAGARA BANGALORE 560038,KEB POLE,15,12.982529,77.635737
Bengaluru City,Halasur Traffic PS,1.04432e+16,2019,1,1,Road Accidents,Narrow road,City/Town,Near Hospital,Human Error,Not Applicable,Grievous Injury,Not Applicable,Uncontrolled,Straight and flat,Others,Bitumen(Tar),Dry,Not Applicable,Fine,OLD AIRPORT ROAD  NEAR COMMAND HOSPITAL,KEB POLE,15,12.96336,77.62665
Bengaluru City,Halasur Traffic PS,1.04432e+16,2019,1,2,Road Accidents,Junction,City/Town,Near office complex,Human Error,No,Grievous Injury,Vehicle to Vehicle,Controlled,Straight and flat,Major District Road,Bitumen(Tar),Dry,Not Applicable,Fine,R.M.ROAD AND TRINITY CHURCH ROAD,SIGNAL POLE,25,12.969264,77.619621
Bengaluru City,Halasur Traffic PS,1.04432e+16,2019,1,2,Road Accidents,Junction,City/Town,Near Petrol Pump,Human Error,No,Damage Only,Vehicle to Vehicle,Controlled,Straight and flat,Two way,Bitumen(Tar),Dry,Not Applicable,Fine,sv road and bhasakran road junction,keb pole,18,0.0,0.0
Bengaluru City,Halasur Traffic PS,1.04432e+16,2019,1,2,Road Accidents,Narrow road,City/Town,Near Hospital,Human Error,Yes,Fatal,Vehicle to Vehicle,Uncontrolled,Straight and flat,Service Road,Bitumen(Tar),Dry,Not Applicable,Fine,80 FEET ROAD INDIRANAGARA NEAR CMH HOSPITAL,KEB POLE,25,12.977818,77.646686
Bengaluru City,Halasur Traffic PS,1.04432e+16,2019,1,2,Road Accidents,Not Applicable,City/Town,Residential area,Human Error,Not Applicable,Grievous Injury,Vehicle to Vehicle,Uncontrolled,Straight and flat,Others,Bitumen(Tar),Dry,Not Applicable,Fine,80 FEET ROAD OPPOSITE YES BANK INDIRANAGR,KEB POLE,38FT,12.972087,77.6471
Bengaluru City,Halasur Traffic PS,1.04432e+16,2019,1,2,Road Accidents,Not Applicable,City/Town,Near office complex,Human Error,Not Applicable,Simple Injury,Vehicle to Vehicle,Uncontrolled,Straight and flat,Others,Bitumen(Tar),Dry,Not Applicable,Fine,"7TH MAIN INFRONT OF OOTY CHOCOLATE,INDIRANAGAR",KEB POL,6FEET,12.971298,77.635104
Bengaluru City,Halasur Traffic PS,1.04432e+16,2019,1,2,Road Accidents,Junction,City/Town,Near office complex,Human Error,No,Damage Only,Head on,Controlled,Straight and flat,City or Town Road,Bitumen(Tar),Dry,Not Applicable,Fine,CMH ROAD & DOUBBLE ROAD JUNCTION INDIRANAGARA BANGALORE 560038,METRO PILLER NO 76,30,12.978363,77.636671
Bengaluru City,Halasur Traffic PS,1.04432e+16,2019,1,1,Road Accidents,Narrow road,City/Town,Near office complex,Human Error,Yes,Grievous Injury,Hit and Run,Uncontrolled,Straight and flat,City or Town Road,Bitumen(Tar),Dry,Not Applicable,Fine,KORAMANGALA INNER RING ROA DOMALURU LAY OUT BANGALORE 560071,KEB POLE,40,12.958793,77.641541
Bengaluru City,Halasur Traffic PS,1.04432e+16,2019,1,2,Road Accidents,Narrow road,City/Town,Near office complex,Human Error,No,Fatal,Side swipe,Uncontrolled,Straight and flat,City or Town Road,Bitumen(Tar),Wet,Not Applicable,Light Rain,INDIRANAGARA 100 FEET ROAD BANGALORE 560038,TREE,15,12.972146,77.64129
Bengaluru City,Halasur Traffic PS,1.04432e+16,2019,1,2,Road Accidents,T Junction,City/Town,Near office complex,Human Error,No,Grievous Injury,Head on,Controlled,Straight and flat,City or Town Road,Bitumen(Tar),Dry,Not Applicable,Fine,OLD AIRPORT ROAD AND C.B.ROAD JUNCTION HALASOOR BANGALORE 560008,SIGNAL POLE,18,12.966867,77.624425
Bengaluru City,Halasur Traffic PS,1.04432e+16,2019,1,2,Road Accidents,Narrow road,City/Town,Near office complex,Human Error,Yes,Damage Only,Hit and Run,Uncontrolled,Straight and flat,City or Town Road,Bitumen(Tar),Dry,Not Applicable,Fine,OM ROAD INFRONT OF HONDA SHOWROOM INDIRANAGARA BANGALORE 560038,KEB POLE,37,12.983611,77.639116
Bengaluru City,Halasur Traffic PS,1.04432e+16,2019,1,2,Road Accidents,Not Applicable,City/Town,Near Bus stop,Human Error,Not Applicable,Grievous Injury,Vehicle to Vehicle,Uncontrolled,Straight and flat,Residential Street,Bitumen(Tar),Dry,Not Applicable,Fine,80 FEET ROAD 6TH MAIN ROAD INFRONT OF SHELL PETROL BUNK INDIRANAGAR,GREEN TREE,45 FT,12.97412,77.646864
Bengaluru City,Halasur Traffic PS,1.04432e+16,2019,1,2,Road Accidents,T Junction,City/Town,Near office complex,Human Error,No,Grievous Injury,Head on,Uncontrolled,Straight and flat,City or Town Road,Bitumen(Tar),Dry,Not Applicable,Fine,DOMALURU SERVICE ROAD BANGALORE 560071,KEB POLE,26,0.0,0.0
Bengaluru City,Halasur Traffic PS,1.04432e+16,2019,1,1,Not Applicable,Not Applicable,City/Town,At pedestrian Crossing,Human Error,Not Applicable,Grievous Injury,Hit pedestrian,Uncontrolled,Straight and flat,Two way,Bitumen(Tar),Dry,Not Applicable,Fine,NEAR DOMMALURU WATER TANK,KEB POLE,18FT,12.961054,77.638077
Bengaluru City,Halasur Traffic PS,1.04432e+16,2019,1,1,Road Accidents,Not Applicable,City/Town,Near Bus stop,Human Error,No,Grievous Injury,Hit pedestrian,Uncontrolled,Straight and flat,Others,Bitumen(Tar),Dry,Not Applicable,Fine,SWAMY VIVEKANANDA ROAD INFRONT OF AISHWARYA HOTEL HALASOOR,METRO PILLER,20FT,12.972631,77.620628
Bengaluru City,Halasur Traffic PS,1.04432e+16,2019,1,1,Road Accidents,Not Applicable,City/Town,Residential area,Human Error,Not Applicable,Grievous Injury,Hit bicyclist,Uncontrolled,Straight and flat,Others,Bitumen(Tar),Dry,Not Applicable,Fine,"11TH MAIN,1ST CROSS,INFRONT OF HOUSE NUMBER 390 PP NILAYAM ,INDIRANAGAR",GREEN TREE,12FT,12.970733,77.641952
Bengaluru City,Halasur Traffic PS,1.04432e+16,2019,1,2,Road Accidents,Junction,City/Town,Near office complex,Human Error,No,Damage Only,Vehicle to Vehicle,Controlled,Straight and flat,Others,Bitumen(Tar),Dry,Not Applicable,Fine,INDIA GARAGE,POLE,15,12.965388,77.617751
Bengaluru City,Halasur Traffic PS,1.04432e+16,2019,1,1,Road Accidents,Narrow road,City/Town,Near office complex,Human Error,No,Fatal,Hit pedestrian,Uncontrolled,Straight and flat,Feeder Road,Bitumen(Tar),Dry,Not Applicable,Fine,M.G.ROAD. NEAR SBI HALASOOR  BANGALORE,METRO POLE,15,12.973189,77.616551
Bengaluru City,Halasur Traffic PS,1.04432e+16,2019,1,2,Road Accidents,Junction,City/Town,Near office complex,Human Error,Yes,Grievous Injury,Vehicle to Vehicle,Controlled,Straight and flat,Arterial,Bitumen(Tar),Dry,Not Applicable,Fine,KFC JUNCTION INDIRANAGARA BANGALORE 560038,KEB POLE,15,12.978345,77.640789
Bengaluru City,Halasur Traffic PS,1.04432e+16,2019,1,2,Road Accidents,Junction,City/Town,Near office complex,Human Error,Not Applicable,Grievous Injury,Vehicle to Vehicle,Controlled,Straight and flat,Two way,Bitumen(Tar),Dry,Not Applicable,Fine,"BHASKARAN ROAD ,HALASOOR",KEB POL,20FT,12.981613,77.623067
Bengaluru City,Halasur Traffic PS,1.04432e+16,2019,1,2,Road Accidents,Junction,City/Town,Residential area,Human Error,Yes,Simple Injury,Vehicle to Vehicle,Controlled,Straight and flat,Two way,Bitumen(Tar),Dry,Not Applicable,Fine,"100 FEET ROAD 6THA MAIN JUNCTION INFRONT OF WOODLAND SHOW ROOAM,INDIRANAGAR",KEB POL,30FT,12.97382,77.641173
Bengaluru City,Halasur Traffic PS,1.04432e+16,2019,1,2,Road Accidents,Junction,City/Town,Near office complex,Human Error,Yes,Grievous Injury,Vehicle to Vehicle,Uncontrolled,Straight and flat,Two way,Bitumen(Tar),Dry,Not Applicable,Fine,"13TH MAIN & 100 FEET ROAD JUNCTION,INDIRANAGAR",KEB POL,20FT,12.968581,77.641293
Bengaluru City,Halasur Traffic PS,1.04432e+16,2019,1,2,Road Accidents,Circle,City/Town,Near Hospital,Human Error,No,Damage Only,Rear end,Controlled,Curve,City or Town Road,Bitumen(Tar),Dry,Not Applicable,Fine,OLD AIRPORT ROAD NEAR CB ROAD JUNCTION,SIGNAL POLE,15,12.965985,77.625211
Bengaluru City,Halasur Traffic PS,1.04432e+16,2019,1,2,Road Accidents,Junction,City/Town,Near office complex,Human Error,No,Damage Only,Rear end,Controlled,Straight and flat,City or Town Road,Bitumen(Tar),Dry,Not Applicable,Fine,BYALA ANJANEYA TEMPLE ROAD JUNCTION,POLE,POLE,12.981634,77.631238
Bengaluru City,Halasur Traffic PS,1.04432e+16,2019,1,2,Road Accidents,Narrow road,City/Town,Open area,Human Error,Yes,Damage Only,Hit and Run,Uncontrolled,Straight and flat,City or Town Road,Bitumen(Tar),Dry,Not Applicable,Fine,KORAMANGALA INNER RING ROAD DOMALURU BANGALORE 560071,TREE,38,12.946045,77.640028
Bengaluru City,Halasur Traffic PS,1.04432e+16,2019,1,1,Road Accidents,Not Applicable,City/Town,Near office complex,Human Error,Yes,Fatal,Hit pedestrian,Uncontrolled,Straight and flat,Two way,Bitumen(Tar),Dry,Not Applicable,Fine,"MG ROAD BELOW TRINITY METRO STATION,HALASOOR",METRO POLLAR,18 FT,12.972816,77.617484
Bengaluru City,Halasur Traffic PS,1.04432e+16,2019,1,3,Road Accidents,Junction,City/Town,Residential area,Human Error,Not Applicable,Grievous Injury,Vehicle to Vehicle,Uncontrolled,Straight and flat,Others,Bitumen(Tar),Dry,Not Applicable,Fine,6TH MAIN AND 4TH CROSS JUNCTION INDIRANAGAR,KEB POLE,12ft,12.973899,77.64354
Bengaluru City,Halasur Traffic PS,1.04432e+16,2019,1,2,Road Accidents,Junction,City/Town,Near Hospital,Human Error,No,Grievous Injury,Vehicle to Vehicle,Controlled,Straight and flat,Others,Bitumen(Tar),Dry,Not Applicable,Fine,HOSMAT HOSPITAL JUNCTION,SOLAR POLE,25 FT,12.96835,77.61438
Bengaluru City,Halasur Traffic PS,1.04432e+16,2019,1,1,Road Accidents,Not Applicable,City/Town,Residential area,Human Error,Not Applicable,Grievous Injury,Hit pedestrian,Uncontrolled,Straight and flat,Two way,Bitumen(Tar),Dry,Not Applicable,Fine,"INFRONT OF TITAN SHOW ROOM,CMH ROAD INDIRANAGAR",KEB POL,20 FT,12.978228,77.63484
Bengaluru City,Halasur Traffic PS,1.04432e+16,2019,1,1,Road Accidents,Cross roads,City/Town,Residential area,Human Error,Not Applicable,Grievous Injury,Hit pedestrian,Uncontrolled,Straight and flat,Others,Bitumen(Tar),Dry,Not Applicable,Fine,CB ROAD 1ST CROSS & GOUTHAMPUR MAIN ROAD HALASOOR,KEB POL,20 FT,12.97268,77.631821
Bengaluru City,Halasur Traffic PS,1.04432e+16,2019,1,2,Road Accidents,Narrow road,City/Town,Near office complex,Human Error,Yes,Damage Only,Vehicle to Vehicle,Uncontrolled,Straight and flat,One way,Bitumen(Tar),Dry,Not Applicable,Fine,DOCKON SUN ROAD HALASOOR,BHIMA SILVER SHOP,10,12.975886,77.614607
Bengaluru City,Halasur Traffic PS,1.04432e+16,2019,1,2,Road Accidents,Junction,City/Town,Near office complex,Human Error,Yes,Grievous Injury,Vehicle to Vehicle,Uncontrolled,Straight and flat,Service Road,Bitumen(Tar),Dry,Not Applicable,Fine,CMH ROAD AND 14 TH CROSS JUNCTION INDIRANAGARABANGALORE,KEB POLE,15,12.978156,77.635644
Bengaluru City,Halasur Traffic PS,1.04432e+16,2020,1,1,Road Accidents,Not Applicable,City/Town,Near Bus stop,Human Error,Not Applicable,Grievous Injury,Hit pedestrian,Uncontrolled,Straight and flat,Two way,Bitumen(Tar),Dry,Not Applicable,Fine,OLD MADRAS ROAD NEAR BMTC 6TH DEPO INDIRANAGAR,K EB POL,30 FT,12.982456,77.635043
Bengaluru City,Halasur Traffic PS,1.04432e+16,2020,1,3,Road Accidents,Junction,City/Town,Near School or College,Human Error,Not Applicable,Simple Injury,Vehicle to Vehicle,Controlled,Straight and flat,Two way,Bitumen(Tar),Dry,Not Applicable,Fine,"OLD AIRPORT ROAD NEAR ASC CENTER JUNCTION,HALASOOR",TREEN TREE,18 FT,12.966833,77.620729
Bengaluru City,Halasur Traffic PS,1.04432e+16,2020,1,1,Road Accidents,Narrow road,City/Town,Near office complex,Human Error,Yes,Grievous Injury,Hit bicyclist,Uncontrolled,Straight and flat,Feeder Road,Bitumen(Tar),Dry,Not Applicable,Fine,Koramangala inner ring road near dell office domaluru bengalore 560071,keb pole,25,12.951973,77.640084
Bengaluru City,Halasur Traffic PS,1.04432e+16,2020,1,1,Road Accidents,Junction,City/Town,Near Bus stop,Human Error,Yes,Grievous Injury,Hit pedestrian,Uncontrolled,Straight and flat,Sub Arterial,Bitumen(Tar),Dry,Not Applicable,Fine,OM ROAD NEAR ISOLATION HOSPITAL,KEB POLE,30,12.98483,77.642475
Bengaluru City,Halasur Traffic PS,1.04432e+16,2020,1,1,Road Accidents,Junction,City/Town,Near office complex,Human Error,Yes,Grievous Injury,Hit pedestrian,Controlled,Straight and flat,Two way,Bitumen(Tar),Dry,Not Applicable,Fine,"100 FEET ROAD 13TH MAIN JUNCTION,INDIRANAGAR",KEB POL,20 FT,12.968571,77.641243
Bengaluru City,Halasur Traffic PS,1.04432e+16,2020,1,2,Road Accidents,Junction,City/Town,Near Hospital,Human Error,Not Applicable,Damage Only,Vehicle to Vehicle,Controlled,Straight and flat,Two way,Bitumen(Tar),Dry,Not Applicable,Fine,"OLD AIRPORT ROAD CB ROAD JUNCTION,HALASOOR",KEB POL,20FT,12.965754,77.625263
Bengaluru City,Halasur Traffic PS,1.04432e+16,2020,1,1,Road Accidents,Narrow road,City/Town,Open area,Human Error,No,Fatal,Not Applicable,Uncontrolled,Straight and flat,Others,Bitumen(Tar),Dry,Not Applicable,Clear,DOMMALURU FLY OVER UPER RAMP BANGALORE,KEB POLE 1,20,12.959548,77.3649122
Bengaluru City,Halasur Traffic PS,1.04432e+16,2020,1,1,Road Accidents,Junction,City/Town,Near Hospital,Human Error,Not Applicable,Grievous Injury,Hit bicyclist,Uncontrolled,Straight and flat,Two way,Bitumen(Tar),Dry,Not Applicable,Fine,"OLD AIRPORT ROAD NEAR COMMONDO HOSPITAL ,HALASOOR",KEB POL,20 FT,12.962329,77.62833
Bengaluru City,Halasur Traffic PS,1.04432e+16,2020,1,2,Road Accidents,Junction,City/Town,Near Hospital,Human Error,Not Applicable,Fatal,Vehicle to Vehicle,Controlled,Straight and flat,Two way,Bitumen(Tar),Dry,Not Applicable,Fine,NEAR HOSMAT HOSPITAL JUNCTION,KEB POL,32 FT,12.968415,77.614369
Bengaluru City,Halasur Traffic PS,1.04432e+16,2020,1,1,Road Accidents,Narrow road,City/Town,Open area,Human Error,No,Fatal,Not Applicable,Uncontrolled,Straight and flat,Service Road,Bitumen(Tar),Dry,Not Applicable,Fine,KORAMANGALA INNER RING ROAD DOMALURU BANGALORE 560071,KEB POLE,18,12.948841,77.639962
Bengaluru City,Halasur Traffic PS,1.04432e+16,2020,1,1,Road Accidents,Not Applicable,City/Town,Residential area,Human Error,Yes,Grievous Injury,Hit pedestrian,Uncontrolled,Straight and flat,Two way,Bitumen(Tar),Dry,Not Applicable,Fine,"2ND MAIN,13TH CROSS,OPPOSITE CHITTYS COFFEE INDIRANAGAR",KEB POL,26FT,12.98124,77.636771
Bengaluru City,Halasur Traffic PS,1.04432e+16,2020,1,2,Road Accidents,Junction,City/Town,Near Bus stop,Human Error,Yes,Grievous Injury,Vehicle to Vehicle,Controlled,Straight and flat,Two way,Bitumen(Tar),Dry,Not Applicable,Fine,"OM ROAD DOUBLE ROAD JUNCTION,INDIRANAGAR",KEB POL,25 FT,12.98289,77.637452
Bengaluru City,Halasur Traffic PS,1.04432e+16,2020,1,2,Road Accidents,Junction,City/Town,Residential area,Human Error,No,Grievous Injury,Vehicle to Vehicle,Uncontrolled,Straight and flat,Others,Bitumen(Tar),Dry,Not Applicable,Fine,12th main & 4th cross jn,tree,35,12.970319,77.643557
Bengaluru City,Halasur Traffic PS,1.04432e+16,2020,1,2,Road Accidents,Junction,City/Town,Near office complex,Human Error,No,Grievous Injury,Vehicle to Vehicle,Controlled,Straight and flat,Two way,Bitumen(Tar),Dry,Not Applicable,Fine,"RAMAIAH JUNCTION,SWAMY VIVEKANANDA ROAD HALASOOR",METRO PILLER,20FT,12.974982,77.6254
Bengaluru City,Halasur Traffic PS,1.04432e+16,2020,1,2,Road Accidents,Junction,City/Town,Near office complex,Human Error,Yes,Grievous Injury,Vehicle to Vehicle,Uncontrolled,Straight and flat,Two way,Bitumen(Tar),Dry,Not Applicable,Fine,"100 FEET ROAD BMSHREE JUNCTION,INDIRANAGAR",KEB POL,25 FT,12.978399,77.640908
Bengaluru City,Halasur Traffic PS,1.04432e+16,2020,1,2,Road Accidents,Narrow road,City/Town,Near Petrol Pump,Human Error,Yes,Grievous Injury,Vehicle to Vehicle,Uncontrolled,Straight and flat,Sub Arterial,Bitumen(Tar),Dry,Not Applicable,Fine,OM RAOD INDIRANAGARA,KEB POLE,18,12.983194,77.638353
Bengaluru City,Halasur Traffic PS,1.04432e+16,2020,1,2,Road Accidents,Junction,City/Town,Near office complex,Human Error,Yes,Simple Injury,Vehicle to Vehicle,Uncontrolled,Straight and flat,Two way,Bitumen(Tar),Dry,Not Applicable,Fine,"MURPHY ROAD PHILIPS JUNCTION,HALASOOR BANGOLRE-560008",SIGNAL LIGHT POL,37 FT,12.981623,77.623031
Bengaluru City,Halasur Traffic PS,1.04432e+16,2020,1,1,Road Accidents,Narrow road,City/Town,Near or inside a village,Human Error,No,Grievous Injury,Hit pedestrian,Uncontrolled,Straight and flat,Service Road,Bitumen(Tar),Dry,Not Applicable,Fine,D.BHASKARAN ROAD NEAR  C COLONY MURPYTOWN HALASOOR,HEB POLE,43,12.981768,77.628562
Bengaluru City,Halasur Traffic PS,1.04432e+16,2020,1,1,Road Accidents,Junction,City/Town,Residential area,Human Error,No,Fatal,Not Applicable,No signal lights,Straight and flat,Service Road,Bitumen(Tar),Dry,Not Applicable,Clear,DOMMALURU SERVICE ROAD,KEB POLL,20,0.0,0.0
Bengaluru City,Halasur Traffic PS,1.04432e+16,2020,1,1,Road Accidents,Narrow road,City/Town,Near office complex,Human Error,No,Fatal,Not Applicable,Uncontrolled,Not Applicable,Others,Bitumen(Tar),Wet,Not Applicable,Clear,OM ROAD INDIRANAGAR,METRO PILLER NO 41,35,12.984265,77.641088
Bengaluru City,Halasur Traffic PS,1.04432e+16,2020,1,1,Road Accidents,Not Applicable,City/Town,Residential area,Human Error,Not Applicable,Fatal,Hit pedestrian,Uncontrolled,Straight and flat,Two way,Bitumen(Tar),Dry,Not Applicable,Fine,"CMH ROAD INFRONT OF BP BEKARY INDIRANAGAR ,BANGALORE-560038",PILLER 99,25 FT,12.978341,77.63088
Bengaluru City,Halasur Traffic PS,1.04432e+16,2020,1,2,Road Accidents,Junction,City/Town,Near Bus stop,Human Error,Not Applicable,Grievous Injury,Vehicle to Vehicle,Uncontrolled,Straight and flat,Two way,Bitumen(Tar),Dry,Not Applicable,Fine,OLD MADRAS ROAD & 80 FEET ROAD JUNCTION NEAR SWAMY VIVEKANANDA METRO STATION INDIRANAGAR,KEB POL,25 FT,12.985713,77.645078
Bengaluru City,Halasur Traffic PS,1.04432e+16,2020,1,4,Road Accidents,Junction,City/Town,Near office complex,Human Error,Yes,Fatal,Vehicle to Vehicle,Controlled,Straight and flat,Sub Arterial,Bitumen(Tar),Dry,Not Applicable,Fine,OM ROAD AND INDIRANAGARA 100 FEET ROAD  JUNCTION BANGALORE 560038,METRO PILLER,44,12.984076,77.640728
Bengaluru City,Halasur Traffic PS,1.04432e+16,2020,1,2,Road Accidents,Junction,City/Town,Residential area,Human Error,Yes,Grievous Injury,Vehicle to Vehicle,Controlled,Others,Two way,Bitumen(Tar),Dry,Not Applicable,Fine,"OLD AIRPORT ROAD DOMMALURU WATER TANK JUNVTION,DOMMALURU",TRAFFIC SIGNAL POL,31 FT,12.960901,77.63869
Bengaluru City,Halasur Traffic PS,1.04432e+16,2020,1,1,Road Accidents,Not Applicable,City/Town,Near office complex,Human Error,No,Grievous Injury,Hit pedestrian,Uncontrolled,Straight and flat,One way,Bitumen(Tar),Dry,Not Applicable,Fine,NEAR NATASHA APARTMENTS KORAMANGALA INNERING ROAD DOMMALURU,FLAG POL,28,12.958951,77.641507
Bengaluru City,Halasur Traffic PS,1.04432e+16,2020,1,2,Road Accidents,Not Applicable,City/Town,Near Hospital,Human Error,Yes,Grievous Injury,Vehicle to Vehicle,Uncontrolled,Straight and flat,Two way,Bitumen(Tar),Dry,Not Applicable,Fine,80 FEET ROAD NEAR CV RAMAN HOSPITAL INDIRANAGAR,KEB POL,20FEET,12.98363,77.645539
Bengaluru City,Halasur Traffic PS,1.04432e+16,2020,1,1,Road Accidents,Junction,City/Town,Near office complex,Human Error,Not Applicable,Grievous Injury,Hit pedestrian,Controlled,Straight and flat,Two way,Bitumen(Tar),Dry,Not Applicable,Fine,100 FEET ROAD NEAR UDUPI PARK HOTEL INDIRANAGAR,GREEN TREE,9 FT,12.97362,77.641051
Bengaluru City,Halasur Traffic PS,1.04432e+16,2020,1,2,Road Accidents,Junction,City/Town,Near Hospital,Human Error,Yes,Simple Injury,Vehicle to Vehicle,Controlled,Straight and flat,Two way,Bitumen(Tar),Dry,Not Applicable,Fine,"HOSMAT HOSPITAL JUNCTION,HALASOOR",KEB POL,27 FT,0.0,0.0