DISTRICTNAME,UNITNAME,Crime_No,Year,RI,Noofvehicle_involved,Accident_Classification,Accident_Spot,Accident_Location,Accident_SubLocation,Main_Cause,Hit_Run,Severity,Collision_Type,Junction_Control,Road_Character,Road_Type,Surface_Type,Surface_Condition,Road_Condition,Weather,Accident_Road,Landmark_first,Distance_LandMark_First,Latitude,Longitude
Bengaluru City,Halasur Traffic PS,1.04432e+16,2023,1,1,Road Accidents,Curves,City/Town,Residential area,Human Error,No,Grievous Injury,Not Applicable,Not at  Junction,Curve,Two way,Surfaced,Dry,Not Applicable,Cloudy,OLD AIRPORT ROAD,Green Tree,25,12.963027,77.627223
Bengaluru City,Halasur Traffic PS,1.04432e+16,2023,1,2,Road Accidents,Junction,City/Town,Residential area,Human Error,No,Grievous Injury,Vehicle to Vehicle,No signal lights,Straight and flat,Residential Street,Surfaced,Others,Not Applicable,Cloudy,Nala Road Sarswathipuram,Electrical poll,16,0.0,0.0
Bengaluru City,Halasur Traffic PS,1.04432e+16,2023,1,1,Road Accidents,Not Applicable,City/Town,Open area,Not Applicable,Not Applicable,Fatal,Not Applicable,Not at  Junction,Not Applicable,Others,Not Applicable,Not Applicable,Not Applicable,Fine,Old Air Port,Near Aralikatte,500 mt,0.0,0.0
Bengaluru City,Halasur Traffic PS,1.04432e+16,2023,1,2,Road Accidents,Circle,City/Town,Open area,Human Error,No,Grievous Injury,Vehicle to Vehicle,Signal lights Automatic,Straight and flat,Two way,Surfaced,Dry,Not Applicable,Clear,M G Road,Signal Poll,22,12.972537,77.619526
Bengaluru City,Halasur Traffic PS,1.04432e+16,2023,1,1,Not Applicable,Not Applicable,City/Town,Open area,Not Applicable,Not Applicable,Grievous Injury,Hit pedestrian,Not Applicable,Others,Two way,Not Applicable,Dry,Not Applicable,Fine,Cambridje Road,Pole,29,0.0,0.0
Bengaluru City,Halasur Traffic PS,1.04432e+16,2023,1,2,Road Accidents,Narrow road,City/Town,Residential area,Human Error,No,Grievous Injury,Vehicle to Vehicle,Not at  Junction,Straight and flat,Others,Bitumen(Tar),Dry,Not Applicable,Clear,R M ROAD NEAR TRINITY JUNCATION,1,22,0.0,0.0
Bengaluru City,Halasur Traffic PS,1.04432e+16,2023,1,1,Not Applicable,Not Applicable,City/Town,Open area,Not Applicable,Not Applicable,Grievous Injury,Not Applicable,Not Applicable,Others,One way,Not Applicable,Dry,Not Applicable,Fine,Swami Vivekanda Road,Near 515 Road,20 Mtr,12.972715,77.621194
Bengaluru City,Halasur Traffic PS,1.04432e+16,2023,1,1,Road Accidents,Curves,City/Town,Open area,Not Applicable,Not Applicable,Fatal,Not Applicable,Not Applicable,Curve,One way,Not Applicable,Dry,Not Applicable,Fine,Innar Ring Road,Madhrai Idli Hotel,30,12.954524,77.641296
Bengaluru City,Halasur Traffic PS,1.04432e+16,2023,1,2,Road Accidents,Cross roads,City/Town,In bazaar,Not Applicable,No,Damage Only,Vehicle to Vehicle,Police / Manual,Others,Others,Not Applicable,Dry,Not Applicable,Fine,C.M.HRoad,Shanthi Sagar Junction,10mtrs,0.0,0.0
Bengaluru City,Halasur Traffic PS,1.04432e+16,2023,1,2,Road Accidents,Junction,City/Town,Near office complex,Human Error,Yes,Grievous Injury,Vehicle to Vehicle,Controlled,Straight and flat,Others,Bitumen(Tar),Dry,Not Applicable,Clear,OLD AIRPORT ROAD ASC JUNCATION,1,30,0.0,0.0
Bengaluru City,Halasur Traffic PS,1.04432e+16,2023,1,1,Road Accidents,Not Applicable,City/Town,Near Petrol Pump,Human Error,No,Simple Injury,Hit bicyclist,Not Applicable,Straight and flat,Two way,Surfaced,Dry,Not Applicable,Cloudy,Kormangala Inner Ring Road,electrical poll,36,0.0,0.0
Bengaluru City,Halasur Traffic PS,1.04432e+16,2023,1,1,Road Accidents,Narrow road,City/Town,Near Bus stop,Human Error,No,Fatal,Not Applicable,Not at  Junction,Straight and flat,Two way,Surfaced,Dry,Not Applicable,Clear,O M Rad,Electrical Poll,59,12.982031,77.624856
Bengaluru City,Halasur Traffic PS,1.04432e+16,2023,1,3,Road Accidents,Not Applicable,City/Town,Open area,Not Applicable,Yes,Fatal,Vehicle to Vehicle,Not Applicable,Not Applicable,Others,Not Applicable,Dry,Not Applicable,Fine,Koramangal Innar Ring Road,Near Petrol Bunk,50mtrs,0.0,0.0
Bengaluru City,Halasur Traffic PS,1.04432e+16,2023,1,1,Road Accidents,Junction,City/Town,In bazaar,Human Error,Yes,Grievous Injury,Hit pedestrian,Controlled,Straight and flat,Others,Bitumen(Tar),Dry,Not Applicable,Clear,1ST MAIN ROAD BAZAR STREET ROAD,KEB POLL,12,0.0,0.0
Bengaluru City,Halasur Traffic PS,1.04432e+16,2023,1,2,Road Accidents,Narrow road,City/Town,Open area,Human Error,Yes,Grievous Injury,Vehicle to Vehicle,Not at  Junction,Straight and flat,Two way,Surfaced,Dry,Not Applicable,Clear,Inner Ring Road Domlur Flyover,electrical poll,41,12.960974,77.641761
Bengaluru City,Halasur Traffic PS,1.04432e+16,2023,1,2,Road Accidents,Narrow road,City/Town,Near a religious place,Not Applicable,No,Damage Only,Vehicle to Vehicle,No signal lights,Not Applicable,Others,Surfaced,Dry,Not Applicable,Clear,om road,1,17,0.0,0.0
Bengaluru City,Halasur Traffic PS,1.04432e+16,2023,1,1,Road Accidents,Cross roads,City/Town,Open area,Not Applicable,No,Grievous Injury,Hit pedestrian,Not Applicable,Others,One way,Not Applicable,Dry,Not Applicable,Clear,Old Airport Road,Near Water Tank Junction,50mtrs,0.0,0.0
Bengaluru City,Halasur Traffic PS,1.04432e+16,2023,1,1,Road Accidents,Not Applicable,City/Town,At pedestrian Crossing,Not Applicable,Yes,Grievous Injury,Hit pedestrian,Not at  Junction,Others,Two way,Not Applicable,Dry,Not Applicable,Not Applicable,INNER RING ROAD,INNER RING ROAD,2,12.952336,77.640287
Bengaluru City,Halasur Traffic PS,1.04432e+16,2023,1,1,Road Accidents,Not Applicable,City/Town,Open area,Not Applicable,No,Grievous Injury,Not Applicable,Not Applicable,Not Applicable,One way,Not Applicable,Dry,Not Applicable,Fine,Old Air Port Road,Near ASC Junction,50 Mtr,12.96723,77.621719
Bengaluru City,Halasur Traffic PS,1.04432e+16,2023,1,1,Road Accidents,Narrow road,City/Town,Residential area,Human Error,No,Grievous Injury,Hit bicyclist,Not at  Junction,Straight and flat,Others,Bitumen(Tar),Dry,Not Applicable,Clear,M G ROAD,B,17,0.0,0.0
Bengaluru City,Halasur Traffic PS,1.04432e+16,2023,1,2,Road Accidents,Junction,City/Town,Near Bus stop,Human Error,No,Simple Injury,Vehicle to Vehicle,Controlled,Straight and flat,Others,Bitumen(Tar),Dry,Not Applicable,Clear,OLD AIRPORT ROAD NEAR DOMMALURU WATER TANK JN,B,46,0.0,0.0
Bengaluru City,Halasur Traffic PS,1.04432e+16,2023,1,3,Road Accidents,Not Applicable,City/Town,Near Bus stop,Human Error,No,Damage Only,Vehicle to Vehicle,Not Applicable,Straight and flat,Two way,Surfaced,Dry,Not Applicable,Clear,old Airport Road Near Domlur Bus Stop,electrical poll,32,0.0,0.0
Bengaluru City,Halasur Traffic PS,1.04432e+16,2023,1,1,Road Accidents,Narrow road,City/Town,Residential area,Human Error,Yes,Grievous Injury,Hit pedestrian,Not at  Junction,Straight and flat,Two way,Surfaced,Dry,Not Applicable,Cloudy,Gangadhar Cheety Road,Green Tree,14,12.978599,77.618666
Bengaluru City,Hebbal Traffic PS,1.04432e+16,2016,1,1,Road Accidents,Other,City/Town,At pedestrian Crossing,Human Error,No,Grievous Injury,Hit pedestrian,Not at  Junction,Straight and flat,City or Town Road,Bitumen(Tar),Dry,No influence on accident,Fine,Manyatha Tech Park Ring Road,Electrical Pole,10Ft,0.0,0.0
Bengaluru City,Hebbal Traffic PS,1.04432e+16,2016,1,1,Road Accidents,Not Applicable,City/Town,Open area,Human Error,Yes,Fatal,Hit pedestrian,Uncontrolled,Straight and flat,Two way,Bitumen(Tar),Dry,No influence on accident,Fine,Near C R Weigh Bridge Lumbini Garden,Electric Poul,20ft,0.0,0.0
Bengaluru City,Hebbal Traffic PS,1.04432e+16,2016,1,3,Road Accidents,Other,City/Town,Open area,Human Error,No,Damage Only,Others,Uncontrolled,Straight and flat,City or Town Road,Bitumen(Tar),Dry,Not Applicable,Fine,"OPPOSIT ESTEM MALL, BB ROAD",Electric POLE,30 FT,0.0,0.0
Bengaluru City,Hebbal Traffic PS,1.04432e+16,2016,1,1,Road Accidents,Other,City/Town,Near Bus stop,Human Error,No,Grievous Injury,Rear end,Uncontrolled,Straight and flat,City or Town Road,Bitumen(Tar),Dry,No influence on accident,Fine,Near chamundeshwarai Bus Stop,electric Pol,25ft,0.0,0.0
Bengaluru City,Hebbal Traffic PS,1.04432e+16,2016,1,2,Road Accidents,Other,City/Town,Open area,Human Error,No,Fatal,Side swipe,Not at  Junction,Straight and flat,Two way,Bitumen(Tar),Dry,No influence on accident,Fine,"16th Cross, Bhuvaneshwari Nagara",Electric Poul,8ft,0.0,0.0
Bengaluru City,Hebbal Traffic PS,1.04432e+16,2016,1,2,Road Accidents,Other,City/Town,Open area,Human Error,No,Grievous Injury,Rear end,Uncontrolled,Not Applicable,City or Town Road,Bitumen(Tar),Dry,Not Applicable,Very Cold,"ring road, near railway station",Electric pol,25 ft,0.0,0.0
Bengaluru City,Hebbal Traffic PS,1.04432e+16,2016,1,4,Road Accidents,Junction,City/Town,Near Bus stop,Human Error,No,Damage Only,Overturning,Signal lights Automatic,Straight and flat,NH,Bitumen(Tar),Dry,No influence on accident,Others,Near Kempapura Cross Bellary Road,Pol,20ft,0.0,0.0
Bengaluru City,Hebbal Traffic PS,1.04432e+16,2016,1,1,Road Accidents,Narrow road,City/Town,Open area,Human Error,No,Grievous Injury,Skidding or Self accident,No signal lights,Curve,Two way,Bitumen(Tar),Dry,Not Applicable,Others,Ring Road Hebbala,pol,10ft,0.0,0.0
Bengaluru City,Hebbal Traffic PS,1.04432e+16,2016,1,1,Road Accidents,Junction,City/Town,Near Bus stop,Human Error,Yes,Simple Injury,Hit pedestrian,No signal lights,Straight and flat,Two way,Bitumen(Tar),Dry,No influence on accident,Fine,Ring Road Hebbla,Electri Pol,30ft,0.0,0.0
Bengaluru City,Hebbal Traffic PS,1.04432e+16,2016,1,2,Road Accidents,Other,City/Town,Open area,Human Error,Not Applicable,Simple Injury,Hit bicyclist,Not at  Junction,Straight and flat,Two way,Bitumen(Tar),Dry,No influence on accident,Fine,Near Kabeer Ashram,Electrical Pole,10Ft,0.0,0.0
Bengaluru City,Hebbal Traffic PS,1.04432e+16,2016,1,2,Road Accidents,Bridge,City/Town,Narrow bridge or culverts,Human Error,Yes,Damage Only,Hit and Run,No signal lights,Straight and flat,Two way,Bitumen(Tar),Dry,No influence on accident,Fine,Near Nagawar Fly Over,Electric Pol,20ft,0.0,0.0
Bengaluru City,Hebbal Traffic PS,1.04432e+16,2016,1,1,Road Accidents,Other,City/Town,Residential area,Human Error,No,Fatal,Hit pedestrian,Not at  Junction,Straight and flat,Others,Bitumen(Tar),Dry,No influence on accident,Clear,CHIKKA VENKATAPPA LAYOUT 1ST CROSS D B SANDRA,Electric Poul,8ft,0.0,0.0
Bengaluru City,Hebbal Traffic PS,1.04432e+16,2016,1,2,Road Accidents,Other,City/Town,Near office complex,Human Error,No,Damage Only,Rear end,No signal lights,Straight and flat,City or Town Road,Bitumen(Tar),Dry,No influence on accident,Fine,"NEAR MANYATHA TEC PARK, RING ROAD",Electric pol,25 ft,0.0,0.0
Bengaluru City,Hebbal Traffic PS,1.04432e+16,2016,1,1,Road Accidents,Other,City/Town,Near Hospital,Human Error,No,Grievous Injury,Hit pedestrian,Uncontrolled,Straight and flat,NH,Bitumen(Tar),Dry,No influence on accident,Fine,Near Devi Nagara Cross Ring Road,pol,20ft,0.0,0.0
Bengaluru City,Hebbal Traffic PS,1.04432e+16,2016,1,2,Road Accidents,Circle,City/Town,Near Bus stop,Human Error,No,Grievous Injury,Hit bicyclist,Uncontrolled,Others,Two way,Bitumen(Tar),Dry,No influence on accident,Fine,Near Andra Bank Lakshmipura Cross  Main Road,Electric Poul,20ft,0.0,0.0
Bengaluru City,Hebbal Traffic PS,1.04432e+16,2016,1,2,Road Accidents,Cross roads,City/Town,Open area,Human Error,No,Grievous Injury,Rear end,No signal lights,Straight and flat,City or Town Road,Bitumen(Tar),Dry,No influence on accident,Fine,"OPPOSIT LUMBINI GARDAN, OUTER RING ROAD",Electric pol,16 FT,0.0,0.0
Bengaluru City,Hebbal Traffic PS,1.04432e+16,2016,1,2,Road Accidents,Other,City/Town,Residential area,Human Error,No,Damage Only,Head on,Uncontrolled,Straight and flat,Two way,Bitumen(Tar),Dry,No influence on accident,Fine,"KABIR SEVA ASHRAMA ROAD, DODDABOMMASANDRA",Electric POLE,18ft,0.0,0.0
Bengaluru City,Hebbal Traffic PS,1.04432e+16,2016,1,2,Road Accidents,Junction,City/Town,Near Bus stop,Human Error,No,Grievous Injury,Hit bicyclist,Signal lights Automatic,Straight and flat,Others,Bitumen(Tar),Dry,No influence on accident,Others,Near Hebbal Circle Ring Road Hebbala,pol,30ft,0.0,0.0
Bengaluru City,Hebbal Traffic PS,1.04432e+16,2016,1,1,Road Accidents,More than four arms,City/Town,Open area,Human Error,No,Simple Injury,Hit pedestrian,No signal lights,Straight and flat,Two way,Bitumen(Tar),Dry,No influence on accident,Others,Kodigehalli Main Road,Manapuram Gold Loan,28ft,0.0,0.0
Bengaluru City,Hebbal Traffic PS,1.04432e+16,2016,1,2,Road Accidents,Other,City/Town,Open area,Human Error,Yes,Fatal,Hit bicyclist,No signal lights,Straight and flat,Two way,Bitumen(Tar),Dry,No influence on accident,Fine,Kabeer Ashrama Road,Transpermer,05ft,0.0,0.0
Bengaluru City,Hebbal Traffic PS,1.04432e+16,2016,1,1,Road Accidents,Circle,City/Town,Residential area,Human Error,No,Grievous Injury,Hit pedestrian,Signal lights Automatic,Curve,City or Town Road,Bitumen(Tar),Dry,Not Applicable,Fine,"HEBBAL CIRCLE, RING ROAD,",TRAFFIC AMBRELA,5 FT,0.0,0.0
Bengaluru City,Hebbal Traffic PS,1.04432e+16,2016,1,2,Road Accidents,Other,City/Town,Open area,Human Error,No,Fatal,Others,Not at  Junction,Not Applicable,Two way,Bitumen(Tar),Dry,No influence on accident,Fine,Near Sambram College M S Palya,Electric Poul,10ft,0.0,0.0
Bengaluru City,Hebbal Traffic PS,1.04432e+16,2016,1,2,Road Accidents,Narrow road,City/Town,Open area,Human Error,No,Fatal,Hit bicyclist,Uncontrolled,Straight and flat,City or Town Road,Bitumen(Tar),Dry,No influence on accident,Fine,Best County Bus Stop Hesaraghatta main Road,electric Pol,20ft,0.0,0.0
Bengaluru City,Hebbal Traffic PS,1.04432e+16,2016,1,2,Road Accidents,Other,City/Town,Open area,Human Error,No,Damage Only,Rear end,No signal lights,Straight and flat,Two way,Bitumen(Tar),Dry,No influence on accident,Clear,Ring Road Hebbal,20Ft,Pole,0.0,0.0
Bengaluru City,Hebbal Traffic PS,1.04432e+16,2016,1,2,Road Accidents,Bridge,City/Town,Open area,Human Error,No,Grievous Injury,Head on,Not at  Junction,Straight and flat,NH,Bitumen(Tar),Dry,No influence on accident,Fine,"ON HEBBALA FLY OVER,",Electric pol,10 FT,0.0,0.0
Bengaluru City,Hebbal Traffic PS,1.04432e+16,2016,1,1,Road Accidents,Other,City/Town,Near a recreation place/cinema,Human Error,Yes,Fatal,Hit pedestrian,Signal lights Automatic,Straight and flat,NH,Bitumen(Tar),Dry,No influence on accident,Fine,NAGAWARA FLY OVER DOWN RAMP. RING ROAD,Signal Light,30 FT,0.0,0.0
Bengaluru City,Hebbal Traffic PS,1.04432e+16,2016,1,1,Road Accidents,Other,City/Town,Near Bus stop,Human Error,No,Grievous Injury,Hit pedestrian,Uncontrolled,Others,Two way,Bitumen(Tar),Dry,No influence on accident,Fine,Near Devi Nagara Cross Ring Road,Electric POLE,28ft,0.0,0.0
Bengaluru City,Hebbal Traffic PS,1.04432e+16,2016,1,2,Road Accidents,Other,City/Town,Open area,Human Error,No,Damage Only,Rear end,Uncontrolled,Straight and flat,NH,Bitumen(Tar),Dry,No influence on accident,Fine,"OPPOSIT GODREJ APPARTMENT, BB ROAD",Electric pol,30ft,0.0,0.0
Bengaluru City,Hebbal Traffic PS,1.04432e+16,2016,1,1,Road Accidents,Other,City/Town,Near a religious place,Human Error,No,Grievous Injury,Hit pedestrian,Uncontrolled,Others,Two way,Bitumen(Tar),Dry,No influence on accident,Fine,Near Ambabhavani Temple Sambram College,tree,10ft,0.0,0.0
Bengaluru City,Hebbal Traffic PS,1.04432e+16,2016,1,2,Road Accidents,Other,City/Town,Residential area,Human Error,No,Fatal,Hit bicyclist,Uncontrolled,Not Applicable,Two way,Bitumen(Tar),Dry,No influence on accident,Fine,Near Ganesha Temple Canara Bank,Electric Poul,8ft,0.0,0.0
Bengaluru City,Hebbal Traffic PS,1.04432e+16,2016,1,1,Road Accidents,Junction,City/Town,Near Bus stop,Human Error,No,Grievous Injury,Hit pedestrian,No signal lights,Others,Two way,Bitumen(Tar),Dry,No influence on accident,Clear,Near Hebbal Circle Ring Road,Signal Light,30ft,0.0,0.0
Bengaluru City,Hebbal Traffic PS,1.04432e+16,2016,1,1,Road Accidents,Other,City/Town,Residential area,Human Error,Yes,Simple Injury,Hit pedestrian,Not at  Junction,Others,Two way,Bitumen(Tar),Dry,No influence on accident,Fine,Vijaya Vittala Kalyana Manthappa Kodigehalli,Electric Poul,10ft,0.0,0.0
Bengaluru City,Hebbal Traffic PS,1.04432e+16,2016,1,1,Road Accidents,Other,City/Town,Open area,Human Error,No,Damage Only,Skidding or Self accident,No signal lights,Straight and flat,City or Town Road,Bitumen(Tar),Dry,No influence on accident,Fine,"near veerannapalya fly over, ring road",Electric POLE,28feet,0.0,0.0
Bengaluru City,Hebbal Traffic PS,1.04432e+16,2016,1,1,Road Accidents,Other,City/Town,Open area,Human Error,Yes,Grievous Injury,Hit pedestrian,No signal lights,Straight and flat,Others,Bitumen(Tar),Dry,No influence on accident,Others,3rd Main Hebbal,pol,15ft,0.0,0.0
Bengaluru City,Hebbal Traffic PS,1.04432e+16,2016,1,2,Road Accidents,Narrow road,City/Town,Near office complex,Human Error,No,Simple Injury,Right Turn Collision,No signal lights,Straight and flat,Two way,Bitumen(Tar),Dry,No influence on accident,Fine,Vidyaranyapura Main Road,Electric Pol,20ft,0.0,0.0
Bengaluru City,Hebbal Traffic PS,1.04432e+16,2016,1,1,Road Accidents,Other,City/Town,Residential area,Human Error,No,Grievous Injury,Hit pedestrian,Uncontrolled,Others,Two way,Bitumen(Tar),Dry,No influence on accident,Clear,Near Canara Bank Kodigehalli,Transfer Meter,30ft,0.0,0.0
Bengaluru City,Hebbal Traffic PS,1.04432e+16,2016,1,1,Road Accidents,Other,City/Town,Near a recreation place/cinema,Human Error,No,Grievous Injury,Rear end,Not at  Junction,Others,City or Town Road,Bitumen(Tar),Dry,No influence on accident,Fine,"NEAR SBM ATM, V. NAGENAHALLY MAIN ROAD,",Electric POLE,20ft,0.0,0.0
Bengaluru City,Hebbal Traffic PS,1.04432e+16,2016,1,2,Road Accidents,Other,City/Town,Near Petrol Pump,Human Error,No,Grievous Injury,Rear end,Uncontrolled,Straight and flat,NH,Bitumen(Tar),Dry,No influence on accident,Fine,NEAR HUNDAI CAR SHOW ROOM,Electric POLE,30feet,0.0,0.0
Bengaluru City,Hebbal Traffic PS,1.04432e+16,2016,1,2,Road Accidents,Other,City/Town,Residential area,Human Error,No,Grievous Injury,Head on,Uncontrolled,Straight and flat,Two way,Bitumen(Tar),Dry,No influence on accident,Fine,OPPOSIT INVICTUS APPARTMENT,Electric POLE,8FT,0.0,0.0
Bengaluru City,Hebbal Traffic PS,1.04432e+16,2016,1,1,Road Accidents,Other,City/Town,Near School or College,Human Error,Yes,Grievous Injury,Hit pedestrian,Uncontrolled,Straight and flat,Two way,Bitumen(Tar),Dry,No influence on accident,Fine,Near Govt School M S Palya Main Road,Electric Poul,20ft,0.0,0.0
Bengaluru City,Hebbal Traffic PS,1.04432e+16,2016,1,2,Road Accidents,Narrow road,City/Town,Near a religious place,Human Error,No,Simple Injury,Hit bicyclist,No signal lights,Straight and flat,Two way,Bitumen(Tar),Dry,No influence on accident,Fine,Cholanayakanahalli Main Road,Electrical Pol,20Feet,0.0,0.0
Bengaluru City,Hebbal Traffic PS,1.04432e+16,2016,1,1,Road Accidents,Other,City/Town,Open area,Human Error,Yes,Grievous Injury,Hit pedestrian,Uncontrolled,Others,Two way,Bitumen(Tar),Dry,No influence on accident,Clear,Singapura Main Road,Electric pol,5ft,0.0,0.0
Bengaluru City,Hebbal Traffic PS,1.04432e+16,2016,1,2,Road Accidents,Other,City/Town,Open area,Human Error,No,Grievous Injury,Rear end,Uncontrolled,Others,City or Town Road,Bitumen(Tar),Dry,No influence on accident,Fine,NEAR HEBBALA TRAFFIC PS. RING ROAD,Electric POLE,28feet,0.0,0.0
Bengaluru City,Hebbal Traffic PS,1.04432e+16,2016,1,1,Road Accidents,Other,City/Town,Near Bus stop,Human Error,Yes,Simple Injury,Hit pedestrian,Uncontrolled,Straight and flat,Two way,Bitumen(Tar),Dry,No influence on accident,Fine,Near Devinagara Cross Bus Stop Ring Road,Electric Poul,28ft,0.0,0.0
Bengaluru City,Hebbal Traffic PS,1.04432e+16,2016,1,2,Road Accidents,Junction,City/Town,Open area,Human Error,No,Grievous Injury,Rear end,Signal lights Automatic,Straight and flat,NH,Bitumen(Tar),Dry,No influence on accident,Fine,"NEAR KODIGEHALLI SIGNAL, BB ROAD",Signal Light pole,12 ft,0.0,0.0
Bengaluru City,Hebbal Traffic PS,1.04432e+16,2016,1,2,Road Accidents,Cross roads,City/Town,Residential area,Human Error,No,Grievous Injury,Others,Not at  Junction,Straight and flat,Village Road,Bitumen(Tar),Dry,No influence on accident,Fine,"cil lay out 3rd cross, v. nagenahalli",Electric POLE,10ft,0.0,0.0
Bengaluru City,Hebbal Traffic PS,1.04432e+16,2016,1,2,Road Accidents,Other,City/Town,Open area,Human Error,Yes,Damage Only,Rear end,Signal lights Automatic,Straight and flat,NH,Bitumen(Tar),Dry,No influence on accident,Fine,Near Esteem Mall Kempapura Cross,signal Light,20ft,0.0,0.0
Bengaluru City,Hebbal Traffic PS,1.04432e+16,2016,1,1,Road Accidents,Other,City/Town,Open area,Human Error,No,Fatal,Hit fixed object,No signal lights,Not Applicable,Two way,Bitumen(Tar),Dry,No influence on accident,Fine,Near Yogeshwara Nagara Cross Ring Road,Electric Poul,10ft,0.0,0.0
Bengaluru City,Hebbal Traffic PS,1.04432e+16,2016,1,2,Road Accidents,Bridge,City/Town,Open area,Human Error,No,Damage Only,Rear end,Signal lights Automatic,Straight and flat,City or Town Road,Bitumen(Tar),Dry,No influence on accident,Fine,BADDRAPPAFLY OVER DOWN RAMP,Electric pol,28ft,0.0,0.0
Bengaluru City,Hebbal Traffic PS,1.04432e+16,2016,1,1,Road Accidents,Other,City/Town,Near a recreation place/cinema,Human Error,Yes,Simple Injury,Hit pedestrian,Uncontrolled,Straight and flat,City or Town Road,Bitumen(Tar),Dry,No influence on accident,Clear,"NEAR AXIS BANK ATM, SUMANGALI SEVASHRAMA MAIN ROAD",Electric POLE,13 ft,0.0,0.0
Bengaluru City,Hebbal Traffic PS,1.04432e+16,2016,1,2,Road Accidents,Bridge,City/Town,Open area,Human Error,Yes,Damage Only,Hit and Run,Uncontrolled,Others,NH,Bitumen(Tar),Dry,No influence on accident,Fine,Near Hebbal Fly Over Up Ramp Bellary Road,Electric pol,20,0.0,0.0
Bengaluru City,Hebbal Traffic PS,1.04432e+16,2016,1,2,Road Accidents,Other,City/Town,Near office complex,Human Error,No,Grievous Injury,Hit bicyclist,Uncontrolled,Others,Two way,Bitumen(Tar),Dry,No influence on accident,Fine,de Manyatha Teck Park,TREE,10FT,0.0,0.0
Bengaluru City,Hebbal Traffic PS,1.04432e+16,2016,1,2,Road Accidents,Other,City/Town,Residential area,Human Error,No,Damage Only,Head on,Not at  Junction,Straight and flat,City or Town Road,Bitumen(Tar),Dry,No influence on accident,Cloudy,"NEAR HDFC BANK, VIDYARANYAPURA MAIN ROAD",Electric pol,28ft,0.0,0.0
Bengaluru City,Hebbal Traffic PS,1.04432e+16,2016,1,2,Road Accidents,Other,City/Town,Open area,Human Error,No,Fatal,Others,Not at  Junction,Not Applicable,Two way,Bitumen(Tar),Dry,No influence on accident,Fine,Near Sapthagiri Bar Lakshmipura Cross,Electric Poul,8FT,0.0,0.0
Bengaluru City,Hebbal Traffic PS,1.04432e+16,2016,1,1,Road Accidents,Curves,City/Town,Near School or College,Human Error,No,Grievous Injury,Hit pedestrian,No signal lights,Straight and flat,Two way,Bitumen(Tar),Dry,No influence on accident,Fine,Kempapura,electric pol,10ft,0.0,0.0
Bengaluru City,Hebbal Traffic PS,1.04432e+16,2016,1,2,Road Accidents,Other,City/Town,Open area,Human Error,Yes,Grievous Injury,Hit bicyclist,Uncontrolled,Straight and flat,Two way,Bitumen(Tar),Dry,No influence on accident,Fine,Near Indus Steel store Tata Nagara,Electric Poul,15ft,0.0,0.0
Bengaluru City,Hebbal Traffic PS,1.04432e+16,2016,1,1,Road Accidents,Other,City/Town,Near Petrol Pump,Human Error,No,Grievous Injury,Hit pedestrian,Uncontrolled,Straight and flat,Two way,Bitumen(Tar),Dry,No influence on accident,Fine,NEAR M S PALYA PETROL BUNK,Electric Pol,30FT,0.0,0.0
Bengaluru City,Hebbal Traffic PS,1.04432e+16,2016,1,2,Road Accidents,Other,City/Town,Residential area,Human Error,Yes,Simple Injury,Rear end,Uncontrolled,Others,Two way,Bitumen(Tar),Dry,No influence on accident,Clear,5th Main 3rd Block V Pura,store,15ft,0.0,0.0
Bengaluru City,Hebbal Traffic PS,1.04432e+16,2016,1,3,Road Accidents,Other,City/Town,Open area,Human Error,No,Simple Injury,Head on,Uncontrolled,Straight and flat,NH,Bitumen(Tar),Dry,No influence on accident,Fine,"KODIGEHALLI FLYOVER DOWN RAMP, BB ROAD",Electric POLE,15ft,0.0,0.0
Bengaluru City,Hebbal Traffic PS,1.04432e+16,2016,1,1,Road Accidents,Other,City/Town,Open area,Human Error,No,Grievous Injury,Hit pedestrian,Not at  Junction,Straight and flat,Two way,Bitumen(Tar),Dry,No influence on accident,Fine,Lakshmipur Cross,Electric pol,15ft,0.0,0.0
Bengaluru City,Hebbal Traffic PS,1.04432e+16,2016,1,2,Road Accidents,Other,City/Town,Open area,Human Error,No,Damage Only,Rear end,Uncontrolled,Straight and flat,Two way,Bitumen(Tar),Dry,No influence on accident,Fine,Nea Bhadrappa Layout Railway Track,pol,20ft,0.0,0.0
Bengaluru City,Hebbal Traffic PS,1.04432e+16,2016,1,1,Road Accidents,Other,City/Town,Residential area,Human Error,No,Grievous Injury,Skidding or Self accident,Not at  Junction,Steep Incline or Climb,City or Town Road,Bitumen(Tar),Dry,Not Applicable,Fine,"MARIYANNANA PALYA ROAD, KEMPEGOWDA ROAD",MEDIAN,24,0.0,0.0
Bengaluru City,Hebbal Traffic PS,1.04432e+16,2016,1,2,Road Accidents,Other,City/Town,Open area,Human Error,No,Grievous Injury,Hit bicyclist,Uncontrolled,Others,Two way,Bitumen(Tar),Dry,No influence on accident,Fine,Near Tennis Court Kodigehalli Main Road,Electric pol,25FT,0.0,0.0