DISTRICTNAME,UNITNAME,Crime_No,Year,RI,Noofvehicle_involved,Accident_Classification,Accident_Spot,Accident_Location,Accident_SubLocation,Main_Cause,Hit_Run,Severity,Collision_Type,Junction_Control,Road_Character,Road_Type,Surface_Type,Surface_Condition,Road_Condition,Weather,Accident_Road,Landmark_first,Distance_LandMark_First,Latitude,Longitude
Bengaluru City,Hebbal Traffic PS,1.04432e+16,2016,1,2,Road Accidents,Other,City/Town,Residential area,Human Error,No,Damage Only,Rear end,Uncontrolled,Straight and flat,Village Road,Bitumen(Tar),Dry,No influence on accident,Fine,"NEAR SAIBABA TEMPLE, VIDYARANYAPURA",Transfermer,9FT,0.0,0.0
Bengaluru City,Hebbal Traffic PS,1.04432e+16,2016,1,2,Road Accidents,Junction,City/Town,Near Bus stop,Human Error,No,Damage Only,Overturning,No signal lights,Straight and flat,NH,Bitumen(Tar),Dry,No influence on accident,Others,Bellary Road,Signal Pol,30ft,0.0,0.0
Bengaluru City,Hebbal Traffic PS,1.04432e+16,2016,1,2,Road Accidents,Bridge,City/Town,Open area,Human Error,No,Simple Injury,Rear end,Uncontrolled,Straight and flat,City or Town Road,Bitumen(Tar),Dry,No influence on accident,Fine,"NEAR HEBBALA FLYOVER, RING ROAD",TRAFFIC AMBRELA,25 ft,0.0,0.0
Bengaluru City,Hebbal Traffic PS,1.04432e+16,2016,1,2,Road Accidents,Other,City/Town,Open area,Human Error,Yes,Fatal,Rear end,Uncontrolled,Straight and flat,City or Town Road,Bitumen(Tar),Dry,No influence on accident,Fine,NAGAWARA FLY OVER DOWN RAMP. RING ROAD,Electric POLE,28ft,0.0,0.0
Bengaluru City,Hebbal Traffic PS,1.04432e+16,2016,1,2,Road Accidents,Other,City/Town,Near a religious place,Human Error,No,Grievous Injury,Others,Uncontrolled,Slight Curve,Village Road,Bitumen(Tar),Dry,No influence on accident,Cloudy,"NEAR ANJINEYA TEMPLE, M.S PALYA ROAD",I,I,0.0,0.0
Bengaluru City,Hebbal Traffic PS,1.04432e+16,2016,1,3,Road Accidents,Bridge,City/Town,Near Hospital,Human Error,Yes,Fatal,Not Applicable,Uncontrolled,Straight and flat,NH,Bitumen(Tar),Dry,No influence on accident,Fine,near Sanjivini nagara Cross Bellary road,Electric Poul,28 ft,0.0,0.0
Bengaluru City,Hebbal Traffic PS,1.04432e+16,2016,1,2,Road Accidents,Other,City/Town,Open area,Human Error,Yes,Grievous Injury,Rear end,Uncontrolled,Straight and flat,City or Town Road,Bitumen(Tar),Dry,No influence on accident,Fine,"INFRONT OF ADISHWARA SHOWROOM, VIDYARANYAPURA",Electric POLE,18ft,0.0,0.0
Bengaluru City,Hebbal Traffic PS,1.04432e+16,2016,1,1,Road Accidents,Cross roads,City/Town,Near School or College,Human Error,No,Grievous Injury,Hit pedestrian,Uncontrolled,Others,City or Town Road,Bitumen(Tar),Dry,No influence on accident,Fine,opp saravanna aprdment snbram college,electrical poll,30fet,0.0,0.0
Bengaluru City,Hebbal Traffic PS,1.04432e+16,2016,1,2,Road Accidents,Junction,City/Town,Open area,Human Error,No,Damage Only,Rear end,Uncontrolled,Straight and flat,NH,Bitumen(Tar),Dry,No influence on accident,Fine,Near Kempapura Cross Bellary Road,Signal Light pol,15ft,0.0,0.0
Bengaluru City,Hebbal Traffic PS,1.04432e+16,2016,1,1,Road Accidents,Other,City/Town,Open area,Human Error,No,Grievous Injury,Hit pedestrian,No signal lights,Not Applicable,Two way,Bitumen(Tar),Dry,No influence on accident,Fine,Near Devi Nagara Cross Ring Road,Electric Pol,28ft,0.0,0.0
Bengaluru City,Hebbal Traffic PS,1.04432e+16,2016,1,1,Road Accidents,Cross roads,City/Town,Near Bus stop,Human Error,No,Grievous Injury,Others,No signal lights,Straight and flat,Two way,Bitumen(Tar),Dry,No influence on accident,Others,Ring Road,pol,20ft,0.0,0.0
Bengaluru City,Hebbal Traffic PS,1.04432e+16,2016,1,3,Road Accidents,Junction,City/Town,Near Bus stop,Human Error,No,Damage Only,Overturning,Signal lights Automatic,Straight and flat,Two way,Bitumen(Tar),Dry,No influence on accident,Fine,Bellary Road Hebbala,Electri Pol,20ft,0.0,0.0
Bengaluru City,Hebbal Traffic PS,1.04432e+16,2016,1,2,Road Accidents,Other,City/Town,Open area,Human Error,No,Simple Injury,Others,No signal lights,Straight and flat,Two way,Bitumen(Tar),Dry,No influence on accident,Fine,Near Kalpitha Bar bhuvaneshwari Nagara,electric Pol,20ft,0.0,0.0
Bengaluru City,Hebbal Traffic PS,1.04432e+16,2016,1,3,Road Accidents,Not Applicable,City/Town,Open area,Human Error,No,Fatal,Hit bicyclist,Uncontrolled,Straight and flat,Two way,Bitumen(Tar),Dry,No influence on accident,Fine,Near Lumbini Garden Ring Road,Electric Poul,10ft,0.0,0.0
Bengaluru City,Hebbal Traffic PS,1.04432e+16,2016,1,2,Road Accidents,Other,City/Town,Open area,Human Error,No,Damage Only,Others,Not at  Junction,Others,City or Town Road,Bitumen(Tar),Dry,Not Applicable,Fine,"OPPOSIT A & Z COMPANY, MANYATHA TECHPARK",I,1,0.0,0.0
Bengaluru City,Hebbal Traffic PS,1.04432e+16,2016,1,1,Road Accidents,Other,City/Town,Open area,Human Error,No,Grievous Injury,Hit pedestrian,No signal lights,Straight and flat,Two way,Bitumen(Tar),Dry,No influence on accident,Clear,5th Main 3rd Block V Pura,Eletric Poul,20ft,0.0,0.0
Bengaluru City,Hebbal Traffic PS,1.04432e+16,2016,1,2,Road Accidents,Other,City/Town,Open area,Human Error,No,Damage Only,Rear end,Uncontrolled,Straight and flat,NH,Bitumen(Tar),Dry,No influence on accident,Fine,"NEAR HEBBALA KERE, BB ROAD, KEMPAPURA",Electric pol,30ft,0.0,0.0
Bengaluru City,Hebbal Traffic PS,1.04432e+16,2016,1,2,Road Accidents,Other,City/Town,Residential area,Human Error,No,Grievous Injury,Hit parked vehicle,Uncontrolled,Straight and flat,City or Town Road,Bitumen(Tar),Dry,No influence on accident,Fine,"5TH 'A' CROSS KANAKA NAGAR, BENGALURU",Electric POLE,18ft,0.0,0.0
Bengaluru City,Hebbal Traffic PS,1.04432e+16,2016,1,2,Road Accidents,Circle,City/Town,Near Bus stop,Human Error,Yes,Fatal,Hit bicyclist,Uncontrolled,Straight and flat,Two way,Bitumen(Tar),Dry,No influence on accident,Fine,sANGITHA MOBILE SHOW ROOM M.S.PALYA,Eletric Poul,30ft,0.0,0.0
Bengaluru City,Hebbal Traffic PS,1.04432e+16,2016,1,1,Road Accidents,Other,City/Town,Open area,Human Error,Yes,Grievous Injury,Hit pedestrian,Uncontrolled,Straight and flat,Two way,Bitumen(Tar),Dry,No influence on accident,Fine,Lotte Gollahalli U Turn Ring Road,Electric Pol,10ft,0.0,0.0
Bengaluru City,Hebbal Traffic PS,1.04432e+16,2016,1,2,Road Accidents,Bridge,City/Town,Narrow bridge or culverts,Human Error,No,Fatal,Hit bicyclist,Uncontrolled,Straight and flat,NH,Bitumen(Tar),Dry,No influence on accident,Fine,Above Hebbal Fly Over Bellary Road,Electric pol,5FT,0.0,0.0
Bengaluru City,Hebbal Traffic PS,1.04432e+16,2016,1,1,Road Accidents,Other,City/Town,Open area,Human Error,Yes,Simple Injury,Hit pedestrian,Uncontrolled,Straight and flat,Two way,Bitumen(Tar),Dry,No influence on accident,Fine,Near Yogeshnagara Cross,Electric POLE,28ft,0.0,0.0
Bengaluru City,Hebbal Traffic PS,1.04432e+16,2016,1,1,Road Accidents,Other,City/Town,Open area,Human Error,No,Grievous Injury,Hit pedestrian,Uncontrolled,Others,Two way,Bitumen(Tar),Dry,No influence on accident,Fine,Near Glass Factory kodigehalli main road,TRANSFER METER,28ft,0.0,0.0
Bengaluru City,Hebbal Traffic PS,1.04432e+16,2016,1,1,Road Accidents,Narrow road,City/Town,Open area,Human Error,No,Grievous Injury,Hit pedestrian,No signal lights,Straight and flat,Two way,Bitumen(Tar),Dry,No influence on accident,Others,Ring Road Hebbala,Electric Pol,20ft,0.0,0.0
Bengaluru City,Hebbal Traffic PS,1.04432e+16,2016,1,3,Road Accidents,Junction,City/Town,Near Bus stop,Human Error,No,Grievous Injury,Overturning,Signal lights Automatic,Straight and flat,NH,Bitumen(Tar),Dry,No influence on accident,Others,Near Kempapura Cross Bellary Road,pol,20ft,0.0,0.0
Bengaluru City,Hebbal Traffic PS,1.04432e+16,2016,1,1,Road Accidents,Narrow road,City/Town,Open area,Human Error,No,Simple Injury,Hit pedal cyclist,Not at  Junction,Straight and flat,Two way,Bitumen(Tar),Dry,No influence on accident,Fine,Ramachandrapura,pol,28ft,0.0,0.0
Bengaluru City,Hebbal Traffic PS,1.04432e+16,2016,1,2,Road Accidents,Junction,City/Town,Open area,Human Error,No,Damage Only,Rear end,No signal lights,Others,Two way,Bitumen(Tar),Dry,No influence on accident,Clear,Near 6th Cross 3rd Block HMT Layout V pura,Electric pol,20ft,0.0,0.0
Bengaluru City,Hebbal Traffic PS,1.04432e+16,2016,1,2,Road Accidents,Bridge,City/Town,Open area,Human Error,No,Damage Only,Rear end,Uncontrolled,Others,City or Town Road,Bitumen(Tar),Dry,No influence on accident,Fine,"NEAR VEERANNANAPALYA FLY OVER, RING ROAD",Electric pol,15 FT,0.0,0.0
Bengaluru City,Hebbal Traffic PS,1.04432e+16,2016,1,1,Road Accidents,Other,City/Town,Open area,Human Error,Yes,Grievous Injury,Hit pedestrian,No signal lights,Others,Two way,Bitumen(Tar),Dry,No influence on accident,Fine,Near Yogeshnagara Cross,Electric Poul,28ft,0.0,0.0
Bengaluru City,Hebbal Traffic PS,1.04432e+16,2016,1,2,Road Accidents,Other,City/Town,Open area,Human Error,No,Grievous Injury,Rear end,Uncontrolled,Straight and flat,City or Town Road,Bitumen(Tar),Dry,No influence on accident,Fine,"NEAR BETHAL CHURCH, RING ROAD",Electric pol,25 ft,0.0,0.0
Bengaluru City,Hebbal Traffic PS,1.04432e+16,2016,1,1,Road Accidents,Other,City/Town,Near Hospital,Human Error,No,Simple Injury,Hit fixed object,Uncontrolled,Straight and flat,NH,Bitumen(Tar),Ditch or Potholed,No influence on accident,Fine,Infront of Columbia Asia Hospital,Electric Poul,5ft,0.0,0.0
Bengaluru City,Hebbal Traffic PS,1.04432e+16,2016,1,2,Road Accidents,Culvert,City/Town,Open area,Human Error,No,Damage Only,Rear end,Uncontrolled,Others,City or Town Road,Bitumen(Tar),Dry,No influence on accident,Fine,"RING ROAD, VEERANNANA PALYA",Electric POLE,12 ft,0.0,0.0
Bengaluru City,Hebbal Traffic PS,1.04432e+16,2016,1,2,Road Accidents,Other,City/Town,Open area,Human Error,No,Grievous Injury,Others,Not at  Junction,Not Applicable,Two way,Bitumen(Tar),Dry,No influence on accident,Fine,"BB ROAD, KEMPAPURA CROSS",Electric POLE,8FT,0.0,0.0
Bengaluru City,Hebbal Traffic PS,1.04432e+16,2016,1,1,Road Accidents,Narrow road,City/Town,Near Bus stop,Human Error,Yes,Simple Injury,Hit pedal cyclist,No signal lights,Straight and flat,Two way,Bitumen(Tar),Dry,No influence on accident,Others,Bhadrappa Layout,Electric Pol,28ft,0.0,0.0
Bengaluru City,Hebbal Traffic PS,1.04432e+16,2016,1,2,Road Accidents,Cross roads,City/Town,Residential area,Human Error,No,Simple Injury,Overturning,No signal lights,Curve,Two way,Bitumen(Tar),Dry,No influence on accident,Fine,Manyatha Teck Park,Nokia Office,15ft,0.0,0.0
Bengaluru City,Hebbal Traffic PS,1.04432e+16,2016,1,2,Road Accidents,Narrow road,City/Town,Open area,Human Error,No,Damage Only,Overturning,Not at  Junction,Straight and flat,Two way,Bitumen(Tar),Dry,No influence on accident,Others,Near Lumbini Garden Ring Road,electric pol,20ft,0.0,0.0
Bengaluru City,Hebbal Traffic PS,1.04432e+16,2016,1,1,Road Accidents,Narrow road,City/Town,Open area,Human Error,No,Grievous Injury,Hit puchcart,Not at  Junction,Straight and flat,Two way,Bitumen(Tar),Dry,No influence on accident,Fine,Ring Road,Electric Pole,10ft,0.0,0.0
Bengaluru City,Hebbal Traffic PS,1.04432e+16,2016,1,2,Road Accidents,Other,City/Town,Open area,Human Error,No,Grievous Injury,Head on,Not at  Junction,Straight and flat,Village Road,Bitumen(Tar),Dry,No influence on accident,Fine,"NEAR COFFEBOARD LAY OUT PARK, KEMPAPURA",I,I,0.0,0.0
Bengaluru City,Hebbal Traffic PS,1.04432e+16,2016,1,1,Road Accidents,Bridge,City/Town,Narrow bridge or culverts,Human Error,Yes,Fatal,Hit pedestrian,Uncontrolled,Straight and flat,Two way,Bitumen(Tar),Dry,No influence on accident,Fine,Near Bhadrappa Layout Flyover,Electric Pol,28ft,0.0,0.0
Bengaluru City,Hebbal Traffic PS,1.04432e+16,2016,1,1,Road Accidents,Other,City/Town,Residential area,Human Error,No,Grievous Injury,Hit pedestrian,No signal lights,Straight and flat,Village Road,Bitumen(Tar),Dry,No influence on accident,Fine,"NEAR DEVENDRAPPA BAKERY, THINDLU MAIN ROAD, KODIGEHALLI",Electric POLE,24 FT,0.0,0.0
Bengaluru City,Hebbal Traffic PS,1.04432e+16,2016,1,2,Road Accidents,Bridge,City/Town,Open area,Human Error,No,Grievous Injury,Rear end,Uncontrolled,Others,Two way,Bitumen(Tar),Dry,No influence on accident,Clear,5th Main 3rd Block V Pura,Signal Light,20ft,0.0,0.0
Bengaluru City,Hebbal Traffic PS,1.04432e+16,2016,1,1,Road Accidents,Other,City/Town,Open area,Human Error,No,Grievous Injury,Hit pedestrian,No signal lights,Straight and flat,City or Town Road,Bitumen(Tar),Dry,No influence on accident,Fine,"OPPOSIT LUMBINI GARDEN, RING ROAD",Electric POLE,28 ft,0.0,0.0
Bengaluru City,Hebbal Traffic PS,1.04432e+16,2016,1,2,Road Accidents,Not Applicable,City/Town,Residential area,Human Error,No,Fatal,Hit bicyclist,Uncontrolled,Straight and flat,Two way,Bitumen(Tar),Dry,No influence on accident,Fine,Vidyaranyapura Main Road,Electric Poul,28ft,0.0,0.0
Bengaluru City,Hebbal Traffic PS,1.04432e+16,2016,1,1,Road Accidents,Other,City/Town,Near Bus stop,Human Error,No,Grievous Injury,Rear end,Uncontrolled,Straight and flat,City or Town Road,Bitumen(Tar),Dry,No influence on accident,Fine,Yogeshnagara Cross Ring Road,ELECTRIC POLE,15ft,0.0,0.0
Bengaluru City,Hebbal Traffic PS,1.04432e+16,2016,1,1,Road Accidents,Other,City/Town,Open area,Human Error,No,Grievous Injury,Hit pedestrian,No signal lights,Others,Two way,Bitumen(Tar),Dry,No influence on accident,Fine,Donata County Apartment Hesaraghatta Main Road,Electric Poul,25ft,0.0,0.0
Bengaluru City,Hebbal Traffic PS,1.04432e+16,2016,1,1,Road Accidents,Circle,City/Town,Near Hospital,Human Error,No,Fatal,Hit pedestrian,Uncontrolled,Straight and flat,Two way,Bitumen(Tar),Dry,No influence on accident,Fine,Near Nanjappa Circle,Electric Poul,50ft,0.0,0.0
Bengaluru City,Hebbal Traffic PS,1.04432e+16,2016,1,2,Road Accidents,Cross roads,City/Town,Open area,Human Error,No,Grievous Injury,Head on,No signal lights,Straight and flat,City or Town Road,Bitumen(Tar),Dry,No influence on accident,Fine,"NEAR KRISHNA GREEN APPARTMENT, DODDABOMMASANDRA MAIN ROAD",Transfermer,12 ft,0.0,0.0
Bengaluru City,Hebbal Traffic PS,1.04432e+16,2016,1,2,Road Accidents,Bridge,City/Town,Narrow bridge or culverts,Human Error,Yes,Fatal,Hit bicyclist,Uncontrolled,Straight and flat,Two way,Bitumen(Tar),Dry,No influence on accident,Fine,Nagavara fly over down ramp,Electric Poul,10ft,0.0,0.0
Bengaluru City,Hebbal Traffic PS,1.04432e+16,2016,1,1,Road Accidents,Other,City/Town,Near Hospital,Human Error,No,Grievous Injury,Hit pedestrian,Uncontrolled,Straight and flat,NH,Bitumen(Tar),Dry,No influence on accident,Fine,Infront of Columbia Asia Hospital Bellary Road,Electric Poul,28ft,0.0,0.0
Bengaluru City,Hebbal Traffic PS,1.04432e+16,2016,1,2,Road Accidents,Other,City/Town,Open area,Human Error,Yes,Simple Injury,Rear end,Not at  Junction,Others,City or Town Road,Bitumen(Tar),Dry,No influence on accident,Fine,"NEAR AXIS BANK ATM, SUMANGALI SEVASHRAMA MAIN ROAD",Electric POLE,13 ft,0.0,0.0
Bengaluru City,Hebbal Traffic PS,1.04432e+16,2016,1,1,Road Accidents,Other,City/Town,Open area,Human Error,No,Simple Injury,Hit pedestrian,Uncontrolled,Others,Two way,Bitumen(Tar),Dry,No influence on accident,Fine,"N.140,Lakkada Layuot Singapur",Electric POLE,18ft,0.0,0.0
Bengaluru City,Hebbal Traffic PS,1.04432e+16,2016,1,2,Road Accidents,Junction,City/Town,Near Bus stop,Human Error,No,Damage Only,Rear end,Signal lights Blinking,Straight and flat,NH,Bitumen(Tar),Dry,No influence on accident,Fine,"NEAR ESTEM MALL, BB ROAD",Signal Light,20ft,0.0,0.0
Bengaluru City,Hebbal Traffic PS,1.04432e+16,2016,1,2,Road Accidents,Bridge,City/Town,Open area,Human Error,No,Grievous Injury,Rear end,Uncontrolled,Straight and flat,Two way,Bitumen(Tar),Dry,No influence on accident,Fine,RING ROAD HEBBALA PLY OVER UP RAMP,Electric POLE,20ft,0.0,0.0
Bengaluru City,Hebbal Traffic PS,1.04432e+16,2016,1,1,Road Accidents,Circle,City/Town,Near Bus stop,Human Error,No,Fatal,Not Applicable,Uncontrolled,Straight and flat,Two way,Bitumen(Tar),Dry,No influence on accident,Fine,Near Kanakanagara Bus Stop Hebba,Electric,28 ft,0.0,0.0
Bengaluru City,Hebbal Traffic PS,1.04432e+16,2016,1,2,Road Accidents,Cross roads,City/Town,Residential area,Human Error,No,Grievous Injury,Overturning,No signal lights,Others,City or Town Road,Bitumen(Tar),Dry,Not Applicable,Cloudy,"NEAR HDFC ATM, KODIGEHALLI MAIN ROAD",Electric POLE,10feet,0.0,0.0
Bengaluru City,Hebbal Traffic PS,1.04432e+16,2016,1,2,Road Accidents,Junction,City/Town,Open area,Human Error,Yes,Damage Only,Rear end,Signal lights Automatic,Others,NH,Bitumen(Tar),Dry,No influence on accident,Fine,Near Esteem Mall Bellary Road,Signal Light,10ft,0.0,0.0
Bengaluru City,Hebbal Traffic PS,1.04432e+16,2016,1,2,Road Accidents,Cross roads,City/Town,Residential area,Human Error,No,Grievous Injury,Head on,No signal lights,Others,City or Town Road,Bitumen(Tar),Dry,No influence on accident,Fine,"NEAR BBMP OFFICE, KODIGEHALLI MAIN ROAD",TRANSFER METER,10 FT,0.0,0.0
Bengaluru City,Hebbal Traffic PS,1.04432e+16,2016,1,2,Road Accidents,Other,City/Town,Open area,Human Error,No,Damage Only,Rear end,Signal lights Automatic,Straight and flat,NH,Bitumen(Tar),Dry,No influence on accident,Fine,OPPOSIT COLUMBIA HOSPITAL,Electric pol,10feet,0.0,0.0
Bengaluru City,Hebbal Traffic PS,1.04432e+16,2016,1,2,Road Accidents,Bridge,City/Town,Narrow bridge or culverts,Human Error,No,Grievous Injury,Hit bicyclist,No signal lights,Straight and flat,Two way,Bitumen(Tar),Dry,No influence on accident,Others,Bhadrappa Layout Fly OverRing Road,Electric Pol,28ft,0.0,0.0
Bengaluru City,Hebbal Traffic PS,1.04432e+16,2016,1,2,Road Accidents,Junction,City/Town,Near Bus stop,Human Error,No,Damage Only,Overturning,Signal lights Automatic,Straight and flat,Two way,Bitumen(Tar),Dry,No influence on accident,Fine,Bellary Road,Signal Light Pol,20ft,0.0,0.0
Bengaluru City,Hebbal Traffic PS,1.04432e+16,2016,1,1,Road Accidents,Cross roads,City/Town,Near Bus stop,Human Error,Yes,Simple Injury,Hit and Run,No signal lights,Straight and flat,Two way,Bitumen(Tar),Dry,No influence on accident,Others,Devinagara,electric pol,30ft,0.0,0.0
Bengaluru City,Hebbal Traffic PS,1.04432e+16,2016,1,2,Road Accidents,Cross roads,City/Town,Residential area,Human Error,No,Grievous Injury,Others,Uncontrolled,Others,Village Road,Bitumen(Tar),Dry,No influence on accident,Fine,"NEAR ANJANEYA TEMPLE, KODIGEHALLI MAIN ROAD",Electric POLE,6 FT,0.0,0.0
Bengaluru City,Hebbal Traffic PS,1.04432e+16,2016,1,2,Road Accidents,Other,City/Town,Open area,Human Error,No,Grievous Injury,Rear end,No signal lights,Straight and flat,NH,Bitumen(Tar),Dry,No influence on accident,Others,"NEAR KODIGEHALLI FLY OVER UP RAMP, BB ROAD",Electric POLE,28 ft,0.0,0.0
Bengaluru City,Hebbal Traffic PS,1.04432e+16,2016,1,1,Road Accidents,Other,City/Town,Open area,Human Error,Yes,Simple Injury,Hit pedestrian,Uncontrolled,Others,Two way,Bitumen(Tar),Dry,No influence on accident,Fine,Near Yogeshnagara Cross,Eletric Poul,25ft,0.0,0.0
Bengaluru City,Hebbal Traffic PS,1.04432e+16,2016,1,1,Road Accidents,Other,City/Town,Open area,Human Error,No,Grievous Injury,Hit pedestrian,Not at  Junction,Straight and flat,Two way,Bitumen(Tar),Dry,No influence on accident,Fine,Near Guddadahalli Circle  V Nagenahalli Main road,Electric pol,29ft,0.0,0.0
Bengaluru City,Hebbal Traffic PS,1.04432e+16,2016,1,1,Road Accidents,Other,City/Town,Open area,Human Error,No,Grievous Injury,Hit pedestrian,Uncontrolled,Others,Two way,Bitumen(Tar),Dry,No influence on accident,Fine,Opp Manyatha Teck Park Ring Road,Electric pol,28ft,0.0,0.0
Bengaluru City,Hebbal Traffic PS,1.04432e+16,2016,1,2,Road Accidents,Other,City/Town,Near Bus stop,Human Error,No,Simple Injury,Rear end,No signal lights,Not Applicable,NH,Bitumen(Tar),Dry,Not Applicable,Fine,"BB ROAD, NEAR ESTEME MALL",Signal Light,10feet,0.0,0.0
Bengaluru City,Hebbal Traffic PS,1.04432e+16,2016,1,1,Road Accidents,Other,City/Town,Residential area,Human Error,No,Grievous Injury,Hit pedestrian,No signal lights,Straight and flat,Village Road,Bitumen(Tar),Dry,No influence on accident,Fine,"OPPOSIT MARUTHI TIMBERS, SULTHAN PALYA",Electric POLE,28ft,0.0,0.0
Bengaluru City,Hebbal Traffic PS,1.04432e+16,2016,1,2,Road Accidents,Cross roads,City/Town,Residential area,Human Error,No,Grievous Injury,Overturning,No signal lights,Straight and flat,City or Town Road,Bitumen(Tar),Dry,No influence on accident,Fine,"NEAR RANI BAKERY, VIDYARANYAPURA MAIN ROAD",Electric pol,12 FT,0.0,0.0
Bengaluru City,Hebbal Traffic PS,1.04432e+16,2016,1,2,Road Accidents,Other,City/Town,Residential area,Human Error,No,Grievous Injury,Rear end,No signal lights,Straight and flat,City or Town Road,Bitumen(Tar),Dry,No influence on accident,Fine,"NEAR TENNIS COURT, KODIGEHALLI ROAD",Electric POLE,12 ft,0.0,0.0
Bengaluru City,Hebbal Traffic PS,1.04432e+16,2016,1,2,Road Accidents,Circle,City/Town,Open area,Human Error,No,Grievous Injury,Rear end,Uncontrolled,Straight and flat,Two way,Bitumen(Tar),Dry,No influence on accident,Fine,Near Hebbal Tr Ps,Electric Poul,30ft,0.0,0.0
Bengaluru City,Hebbal Traffic PS,1.04432e+16,2016,1,2,Road Accidents,Other,City/Town,Near Bus stop,Human Error,No,Damage Only,Others,No signal lights,Straight and flat,Two way,Bitumen(Tar),Others,No influence on accident,Others,Infront Of Manyatha Teck Park,pol,15ft,0.0,0.0
Bengaluru City,Hebbal Traffic PS,1.04432e+16,2016,1,1,Road Accidents,Circle,City/Town,Near Bus stop,Human Error,No,Simple Injury,Hit pedestrian,Signal lights Automatic,Straight and flat,Two way,Bitumen(Tar),Dry,No influence on accident,Fine,Ring Road Hebbala,Electric Pol,20ft,0.0,0.0
Bengaluru City,Hebbal Traffic PS,1.04432e+16,2016,1,1,Road Accidents,Junction,City/Town,Near Hospital,Human Error,No,Fatal,Hit pedestrian,Signal lights Automatic,Straight and flat,NH,Bitumen(Tar),Dry,No influence on accident,Fine,Bellary Road Hebbala,Electri Pol,8ft,0.0,0.0
Bengaluru City,Hebbal Traffic PS,1.04432e+16,2016,1,2,Road Accidents,Narrow road,City/Town,Open area,Human Error,No,Damage Only,Overturning,No signal lights,Straight and flat,Two way,Bitumen(Tar),Dry,No influence on accident,Fine,Ring Road Hebbala,Electric pol,15ft,0.0,0.0
Bengaluru City,Hebbal Traffic PS,1.04432e+16,2016,1,1,Road Accidents,Other,City/Town,Near Bus stop,Human Error,No,Grievous Injury,Hit pedestrian,Not at  Junction,Others,City or Town Road,Bitumen(Tar),Dry,No influence on accident,Fine,"RING ROAD, NEAR BUS STAND",I,I,0.0,0.0
Bengaluru City,Hebbal Traffic PS,1.04432e+16,2016,1,2,Road Accidents,Other,City/Town,Near a religious place,Human Error,No,Damage Only,Rear end,Uncontrolled,Straight and flat,City or Town Road,Bitumen(Tar),Dry,No influence on accident,Fine,"OPPOSIT BETHAL CHARCH, RING ROAD",Electric pol,30ft,0.0,0.0
Bengaluru City,Hebbal Traffic PS,1.04432e+16,2016,1,2,Road Accidents,Other,City/Town,Near office complex,Human Error,No,Damage Only,Rear end,Signals (Working),Others,NH,Bitumen(Tar),Dry,No influence on accident,Fine,"BB ROAD, NEAR  ESTEM MALL",I,I,0.0,0.0
Bengaluru City,Hebbal Traffic PS,1.04432e+16,2016,1,2,Road Accidents,Other,City/Town,Open area,Human Error,No,Grievous Injury,Rear end,Uncontrolled,Straight and flat,City or Town Road,Bitumen(Tar),Dry,No influence on accident,Fine,"NEAR KRISHNA GREEN APPRATMENT, DODDABOMMASANDRA",Electric pol,20ft,0.0,0.0
Bengaluru City,Hebbal Traffic PS,1.04432e+16,2016,1,2,Road Accidents,Bridge,City/Town,Near Hospital,Human Error,No,Fatal,Hit fixed object,Not at  Junction,Not Applicable,NH,Bitumen(Tar),Dry,No influence on accident,Clear,Near Sanjivini Nagar Cross Bellary Road,Electric Poul,28ft,0.0,0.0
Bengaluru City,Hebbal Traffic PS,1.04432e+16,2016,1,2,Road Accidents,Bridge,City/Town,Open area,Human Error,No,Grievous Injury,Rear end,Not at  Junction,Others,NH,Bitumen(Tar),Dry,No influence on accident,Fine,Above Hebbal  Fly Over Bellary Road,Electric pol,10ft,0.0,0.0
Bengaluru City,Hebbal Traffic PS,1.04432e+16,2016,1,1,Road Accidents,Other,City/Town,Open area,Human Error,No,Fatal,Hit pedestrian,No signal lights,Not Applicable,Two way,Bitumen(Tar),Dry,No influence on accident,Clear,Near Kabir Sevashram Road D B Sandra,Electric Poul,8ft,0.0,0.0
Bengaluru City,Hebbal Traffic PS,1.04432e+16,2016,1,2,Road Accidents,Junction,City/Town,Open area,Human Error,No,Grievous Injury,Others,Signal lights Automatic,Straight and flat,NH,Bitumen(Tar),Dry,No influence on accident,Fine,"estem mall,KEMPAPURA, BB ROAD",SIGNAL LIGHTS,15 FT,0.0,0.0
Bengaluru City,Hebbal Traffic PS,1.04432e+16,2016,1,2,Road Accidents,Cross roads,City/Town,Open area,Human Error,No,Damage Only,Overturning,Uncontrolled,Others,City or Town Road,Bitumen(Tar),Dry,No influence on accident,Fine,"HEBBALA CIRCLE U TURN, RING ROAD",TRAFFIC AMBRELA,15 FT,0.0,0.0
Bengaluru City,Hebbal Traffic PS,1.04432e+16,2016,1,2,Road Accidents,Cross roads,City/Town,Residential area,Human Error,No,Damage Only,Overturning,No signal lights,Steep Incline or Climb,Two way,Bitumen(Tar),Dry,No influence on accident,Fine,rahalli Main Road,Electric Pol,20ft,0.0,0.0