DISTRICTNAME,UNITNAME,Crime_No,Year,RI,Noofvehicle_involved,Accident_Classification,Accident_Spot,Accident_Location,Accident_SubLocation,Main_Cause,Hit_Run,Severity,Collision_Type,Junction_Control,Road_Character,Road_Type,Surface_Type,Surface_Condition,Road_Condition,Weather,Accident_Road,Landmark_first,Distance_LandMark_First,Latitude,Longitude
Bengaluru City,Hebbal Traffic PS,1.04432e+16,2018,1,1,Road Accidents,Other,City/Town,Open area,Human Error,No,Simple Injury,Hit pedestrian,Uncontrolled,Others,City or Town Road,Bitumen(Tar),Dry,Engineering Defect of Road,Fine,HDFC Banka Amruthalli main Road,ELICTEC POLL,20FIT,0.0,0.0
Bengaluru City,Hebbal Traffic PS,1.04432e+16,2018,1,1,Road Accidents,Cross roads,City/Town,Open area,Human Error,Yes,Simple Injury,Hit pedestrian,Uncontrolled,Others,City or Town Road,Bitumen(Tar),Dry,Engineering Defect of Road,Fine,Near Mind and Brin Clinic  Kodigehalli  main Road,electric Pol,20ft,0.0,0.0
Bengaluru City,Hebbal Traffic PS,1.04432e+16,2018,1,2,Road Accidents,Junction,City/Town,Near Bus stop,Human Error,No,Damage Only,Others,Signal lights Automatic,Others,City or Town Road,Bitumen(Tar),Dry,No influence on accident,Fine,hebbala circale,signal pol,30 fit,0.0,0.0
Bengaluru City,Hebbal Traffic PS,1.04432e+16,2018,1,2,Road Accidents,Cross roads,City/Town,Open area,Human Error,Yes,Fatal,Hit and Run,Uncontrolled,Others,City or Town Road,Bitumen(Tar),Dry,Engineering Defect of Road,Fine,Devinagara Railway Bridge  Near  Ring Road,electric Pol,40fet,0.0,0.0
Bengaluru City,Hebbal Traffic PS,1.04432e+16,2018,1,1,Road Accidents,Other,City/Town,Open area,Human Error,No,Simple Injury,Hit pedestrian,Uncontrolled,Others,City or Town Road,Bitumen(Tar),Dry,Engineering Defect of Road,Fine,bythal chrcha  neir ring road,ELECTRIC POLE,30fet,0.0,0.0
Bengaluru City,Hebbal Traffic PS,1.04432e+16,2018,1,1,Road Accidents,Cross roads,City/Town,Open area,Human Error,No,Simple Injury,Hit pedestrian,Uncontrolled,Others,City or Town Road,Bitumen(Tar),Dry,Engineering Defect of Road,Fine,Bethal churcha near ring road,electric Pol,30fet,0.0,0.0
Bengaluru City,Hebbal Traffic PS,1.04432e+16,2018,1,2,Road Accidents,Cross roads,City/Town,Open area,Human Error,No,Damage Only,Others,Uncontrolled,Others,City or Town Road,Bitumen(Tar),Dry,Engineering Defect of Road,Fine,Kasa Dree Aprtment  Devinagar,electric Pol,20ft,0.0,0.0
Bengaluru City,Hebbal Traffic PS,1.04432e+16,2018,1,1,Road Accidents,Other,City/Town,Near a religious place,Human Error,Yes,Simple Injury,Hit pedestrian,Uncontrolled,Others,City or Town Road,Bitumen(Tar),Dry,No influence on accident,Fine,Shaline Bhar Road Gayathri Tempal Near  Shitappa Layout,electric Pol,10ft,0.0,0.0
Bengaluru City,Hebbal Traffic PS,1.04432e+16,2018,1,2,Road Accidents,Junction,City/Town,Near Bus stop,Human Error,No,Simple Injury,Rear end,Signal lights Automatic,Others,City or Town Road,Bitumen(Tar),Dry,Not Applicable,Fine,"Kodigehalli Junction, B B Road Kodigehalli",Siganal Poll,25 fit,0.0,0.0
Bengaluru City,Hebbal Traffic PS,1.04432e+16,2018,1,2,Road Accidents,Junction,City/Town,Near Bus stop,Human Error,Yes,Simple Injury,Others,Signal lights Automatic,Others,City or Town Road,Bitumen(Tar),Dry,Not Applicable,Fine,"Near Byatarayanapura Signal, B B Road",Siganal Poll,20fet,0.0,0.0
Bengaluru City,Hebbal Traffic PS,1.04432e+16,2018,1,2,Road Accidents,Junction,City/Town,Open area,Human Error,No,Grievous Injury,Others,Uncontrolled,Others,City or Town Road,Bitumen(Tar),Dry,No influence on accident,Fine,SAYI SAGAR DRSHINE  HOTELA JAKKURU ROAD,Elctric poll,24 fit,0.0,0.0
Bengaluru City,Hebbal Traffic PS,1.04432e+16,2018,1,2,Road Accidents,Cross roads,City/Town,Open area,Human Error,No,Damage Only,Rear end,Uncontrolled,Others,City or Town Road,Bitumen(Tar),Dry,Engineering Defect of Road,Fine,sarvis road hebbal,ELECTRIC POLE,30fet,0.0,0.0
Bengaluru City,Hebbal Traffic PS,1.04432e+16,2018,1,2,Road Accidents,Other,City/Town,Near Hospital,Human Error,Yes,Simple Injury,Hit and Run,Uncontrolled,Others,City or Town Road,Bitumen(Tar),Dry,Engineering Defect of Road,Fine,"Near Lakshmi Hundai Showroom, Kodigehalli,",electric poll,30 fet,0.0,0.0
Bengaluru City,Hebbal Traffic PS,1.04432e+16,2018,1,1,Road Accidents,Other,City/Town,Open area,Human Error,No,Simple Injury,Hit pedestrian,Uncontrolled,Others,City or Town Road,Bitumen(Tar),Dry,Engineering Defect of Road,Fine,no110 9th cross maruthi leout bhuvaneswari nagar,electric Pol,30fet,0.0,0.0
Bengaluru City,Hebbal Traffic PS,1.04432e+16,2018,1,2,Road Accidents,Cross roads,City/Town,Open area,Human Error,No,Simple Injury,Others,Uncontrolled,Others,City or Town Road,Bitumen(Tar),Dry,Engineering Defect of Road,Fine,Near Jakkuru main road,electric Pol,25 fit,0.0,0.0
Bengaluru City,Hebbal Traffic PS,1.04432e+16,2018,1,2,Road Accidents,Other,City/Town,Open area,Human Error,Yes,Simple Injury,Rear end,Uncontrolled,Others,City or Town Road,Bitumen(Tar),Dry,Not Applicable,Fine,"Near Trishula Compani, Rimg Road, Bengaluru City",electric Pol,20ft,0.0,0.0
Bengaluru City,Hebbal Traffic PS,1.04432e+16,2018,1,2,Road Accidents,Cross roads,City/Town,Open area,Human Error,Yes,Simple Injury,Rear end,Uncontrolled,Others,City or Town Road,Bitumen(Tar),Dry,No influence on accident,Fine,LUMBHINE GRADAN OPP,ELCTRIC POLL,30FIT,0.0,0.0
Bengaluru City,Hebbal Traffic PS,1.04432e+16,2018,1,2,Road Accidents,Other,City/Town,Open area,Human Error,No,Simple Injury,Rear end,Uncontrolled,Others,City or Town Road,Bitumen(Tar),Dry,No influence on accident,Fine,near sheshadre sampada buildinga ring road,elictrical poll,18fit,0.0,0.0
Bengaluru City,Hebbal Traffic PS,1.04432e+16,2018,1,1,Road Accidents,Cross roads,City/Town,Near School or College,Human Error,Yes,Simple Injury,Hit and Run,Uncontrolled,Others,City or Town Road,Bitumen(Tar),Dry,No influence on accident,Fine,shindhi coolge. bhovaneswari nagar,electric Pol,25feet,0.0,0.0
Bengaluru City,Hebbal Traffic PS,1.04432e+16,2018,1,2,Road Accidents,Cross roads,City/Town,Open area,Human Error,No,Fatal,Others,Uncontrolled,Others,City or Town Road,Bitumen(Tar),Dry,No influence on accident,Fine,near city centar buldinga ring road  hebbal,electric Pol,12ft,0.0,0.0
Bengaluru City,Hebbal Traffic PS,1.04432e+16,2018,1,2,Road Accidents,Cross roads,City/Town,Near a religious place,Human Error,Yes,Simple Injury,Hit and Run,Uncontrolled,Others,City or Town Road,Bitumen(Tar),Dry,Engineering Defect of Road,Fine,shiv temapal neir  dasarahalli main road,ELECTRIC POLE,30fet,0.0,0.0
Bengaluru City,Hebbal Traffic PS,1.04432e+16,2018,1,3,Road Accidents,Bridge,City/Town,Open area,Human Error,Yes,Simple Injury,Hit and Run,Uncontrolled,Others,City or Town Road,Bitumen(Tar),Dry,Engineering Defect of Road,Fine,"opp prolife hospetal , kodigehalli fly over,",ELECTRIC POLE,30fet,0.0,0.0
Bengaluru City,Hebbal Traffic PS,1.04432e+16,2018,1,2,Road Accidents,Bridge,City/Town,Open area,Human Error,Yes,Simple Injury,Hit and Run,Uncontrolled,Others,City or Town Road,Bitumen(Tar),Dry,Engineering Defect of Road,Fine,neyr big bagar fly over up ramp bhadrappa layout .,electric Pol,25feet,0.0,0.0
Bengaluru City,Hebbal Traffic PS,1.04432e+16,2018,1,2,Road Accidents,Cross roads,City/Town,Near office complex,Human Error,No,Simple Injury,Others,Uncontrolled,Others,City or Town Road,Bitumen(Tar),Dry,Engineering Defect of Road,Fine,sbi benka neiar bhuvaneswari nagar main road,elctric pol,10fit,0.0,0.0
Bengaluru City,Hebbal Traffic PS,1.04432e+16,2018,1,2,Road Accidents,Cross roads,City/Town,Open area,Human Error,No,Simple Injury,Others,Uncontrolled,Others,City or Town Road,Bitumen(Tar),Dry,Engineering Defect of Road,Fine,bmtc bus depo near ring road,electric Pol,30fet,0.0,0.0
Bengaluru City,Hebbal Traffic PS,1.04432e+16,2018,1,2,Road Accidents,Curves,City/Town,Open area,Human Error,Yes,Simple Injury,Others,Uncontrolled,Curve,City or Town Road,Bitumen(Tar),Dry,No influence on accident,Fine,Javahar lala Neharu Circal Near Jakkur,electric Pol,25feet,0.0,0.0
Bengaluru City,Hebbal Traffic PS,1.04432e+16,2018,1,1,Road Accidents,Other,City/Town,Open area,Human Error,No,Fatal,Hit pedestrian,Uncontrolled,Others,Others,Bitumen(Tar),Dry,Not Applicable,Fine,"Inside of 02 Para Military Dairy Form  Road Near, Corpentor Building Hebbala",tree,25 fit,0.0,0.0
Bengaluru City,Hebbal Traffic PS,1.04432e+16,2018,1,2,Road Accidents,Curves,City/Town,Open area,Human Error,No,Fatal,Head on,Uncontrolled,Curve,City or Town Road,Bitumen(Tar),Dry,Not Applicable,Fine,JAKKUR MAIN ROAD,ELECRONIC POLE,35 FEE,0.0,0.0
Bengaluru City,Hebbal Traffic PS,1.04432e+16,2018,1,2,Road Accidents,Bridge,City/Town,Open area,Human Error,No,Simple Injury,Rear end,Uncontrolled,Others,City or Town Road,Bitumen(Tar),Dry,Engineering Defect of Road,Fine,Byatarayanapura flevoer  B B Road,ELECTRIC POLE,30fet,0.0,0.0
Bengaluru City,Hebbal Traffic PS,1.04432e+16,2018,1,1,Road Accidents,Other,City/Town,Near Bus stop,Human Error,Yes,Simple Injury,Hit pedestrian,Uncontrolled,Others,City or Town Road,Bitumen(Tar),Dry,Engineering Defect of Road,Fine,EXTIMALA MUNBAG  B B ROAD,ELECTRIC POLE,30fet,0.0,0.0
Bengaluru City,Hebbal Traffic PS,1.04432e+16,2018,1,2,Road Accidents,Cross roads,City/Town,Open area,Human Error,No,Simple Injury,Others,Uncontrolled,Others,City or Town Road,Bitumen(Tar),Dry,Engineering Defect of Road,Fine,"Rachenahalli tank mian road amruthalli , bengaluru  city  karnataka",ELECTRIC POLE,25feet,0.0,0.0
Bengaluru City,Hebbal Traffic PS,1.04432e+16,2018,1,2,Road Accidents,Circle,City/Town,Open area,Human Error,No,Damage Only,Others,Signal lights Automatic,Others,City or Town Road,Bitumen(Tar),Dry,Engineering Defect of Road,Fine,hebbala circal ring road,electric Pol,30fet,0.0,0.0
Bengaluru City,Hebbal Traffic PS,1.04432e+16,2018,1,1,Road Accidents,Other,City/Town,Open area,Human Error,No,Fatal,Hit pedestrian,Uncontrolled,Others,City or Town Road,Bitumen(Tar),Dry,Not Applicable,Fine,Near Adya Motear RingRoad,tre,10ft,0.0,0.0
Bengaluru City,Hebbal Traffic PS,1.04432e+16,2018,1,1,Road Accidents,Other,City/Town,Open area,Human Error,Yes,Simple Injury,Hit pedestrian,Uncontrolled,Others,City or Town Road,Bitumen(Tar),Dry,Not Applicable,Fine,"OPPOSIT HOUSE NO 110, 8TH ROSS ROAD, C SECTOR,, AMRUTHANAGAR,",electric Pol,25 fit,0.0,0.0
Bengaluru City,Hebbal Traffic PS,1.04432e+16,2018,1,2,Road Accidents,Cross roads,City/Town,Near School or College,Human Error,Yes,Simple Injury,Hit and Run,Uncontrolled,Others,City or Town Road,Bitumen(Tar),Dry,Not Applicable,Fine,"Near Sondegowda Complex, Kodigehalli, Bengaluru City",elictric poll,30fet,0.0,0.0
Bengaluru City,Hebbal Traffic PS,1.04432e+16,2018,1,3,Road Accidents,Junction,City/Town,Residential area,Human Error,No,Simple Injury,Vehicle to Vehicle,Uncontrolled,Others,Others,Bitumen(Tar),Dry,Not Applicable,Fine,Nearv Vinayaka Tempal  Ananda Nagara Main Road,Elictric Poll,05Fita,0.0,0.0
Bengaluru City,Hebbal Traffic PS,1.04432e+16,2018,1,2,Road Accidents,Bridge,City/Town,Open area,Human Error,No,Grievous Injury,Others,Uncontrolled,Others,City or Town Road,Bitumen(Tar),Dry,No influence on accident,Fine,B B ROAD FLEVOER  PROLIFE HOSPETAL,electric Pol,30fet,0.0,0.0
Bengaluru City,Hebbal Traffic PS,1.04432e+16,2018,1,2,Road Accidents,Cross roads,City/Town,Open area,Human Error,Yes,Simple Injury,Hit and Run,Uncontrolled,Others,City or Town Road,Bitumen(Tar),Dry,No influence on accident,Fine,sree rampur meain road,elctrical pol,30fit,0.0,0.0
Bengaluru City,Hebbal Traffic PS,1.04432e+16,2018,1,2,Road Accidents,Cross roads,City/Town,Open area,Human Error,No,Grievous Injury,Others,Uncontrolled,Others,City or Town Road,Bitumen(Tar),Dry,No influence on accident,Fine,hebbala leka neiar ring road,tree,30fet,0.0,0.0
Bengaluru City,Hebbal Traffic PS,1.04432e+16,2018,1,2,Road Accidents,Cross roads,City/Town,Open area,Human Error,No,Grievous Injury,Head on,Uncontrolled,Others,City or Town Road,Bitumen(Tar),Dry,No influence on accident,Fine,"NEAE ANAND NAGAR , 4THA MAIN ROAD",electric Pol,25feet,0.0,0.0
Bengaluru City,Hebbal Traffic PS,1.04432e+16,2018,1,2,Road Accidents,Cross roads,City/Town,Open area,Human Error,No,Simple Injury,Hit pedestrian,Uncontrolled,Others,City or Town Road,Bitumen(Tar),Dry,No influence on accident,Fine,Ashrama road hebbala,electric Pol,30fet,0.0,0.0
Bengaluru City,Hebbal Traffic PS,1.04432e+16,2018,1,3,Road Accidents,Bridge,City/Town,Open area,Human Error,No,Simple Injury,Hit parked vehicle,Uncontrolled,Others,City or Town Road,Bitumen(Tar),Dry,Engineering Defect of Road,Fine,Byatarayanapura  B B Road,ELECTRIC POLE,30fet,0.0,0.0
Bengaluru City,Hebbal Traffic PS,1.04432e+16,2018,1,1,Road Accidents,Other,City/Town,Near Hospital,Human Error,No,Fatal,Hit pedestrian,Uncontrolled,Others,City or Town Road,Bitumen(Tar),Dry,Engineering Defect of Road,Fine,Colubia Asia Hospital BB Road,electric Pol,30fet,0.0,0.0
Bengaluru City,Hebbal Traffic PS,1.04432e+16,2018,1,2,Road Accidents,Bridge,City/Town,Open area,Human Error,Yes,Fatal,Hit and Run,Uncontrolled,Others,City or Town Road,Bitumen(Tar),Dry,Engineering Defect of Road,Fine,Hebbal Fly Over Down Ramp BB Road,ELECTRIC POLE,44fet,0.0,0.0
Bengaluru City,Hebbal Traffic PS,1.04432e+16,2018,1,3,Road Accidents,Cross roads,City/Town,Open area,Human Error,No,Damage Only,Rear end,Uncontrolled,Others,City or Town Road,Bitumen(Tar),Dry,Engineering Defect of Road,Fine,near yogiswarnagara cross  ring road,ELECTRIC POLE,30fet,0.0,0.0
Bengaluru City,Hebbal Traffic PS,1.04432e+16,2018,1,2,Road Accidents,Junction,City/Town,Near Bus stop,Human Error,No,Damage Only,Others,Signal lights Automatic,Others,City or Town Road,Bitumen(Tar),Dry,Engineering Defect of Road,Fine,hebbal circale,Signal Light pol,30fet,0.0,0.0
Bengaluru City,Hebbal Traffic PS,1.04432e+16,2018,1,1,Road Accidents,Cross roads,City/Town,Open area,Human Error,Yes,Fatal,Hit pedestrian,Uncontrolled,Others,City or Town Road,Bitumen(Tar),Dry,Engineering Defect of Road,Fine,Yogiswar Nagar Cross Neiar Ring Road,elictric poll,30fit,0.0,0.0
Bengaluru City,Hebbal Traffic PS,1.04432e+16,2018,1,1,Road Accidents,Cross roads,City/Town,Near Bus stop,Human Error,Yes,Simple Injury,Hit and Run,Uncontrolled,Others,City or Town Road,Bitumen(Tar),Dry,Engineering Defect of Road,Fine,Chitra Bekari Bus Stop neiar Manorayanapalya,elictric poll,30fit,0.0,0.0
Bengaluru City,Hebbal Traffic PS,1.04432e+16,2018,1,2,Road Accidents,Other,City/Town,Open area,Human Error,Yes,Fatal,Hit and Run,Uncontrolled,Straight and flat,City or Town Road,Bitumen(Tar),Wet,Not Applicable,Light Rain,Near Lumbine Gardan  Ringa Road,electric Pol,20fet,0.0,0.0
Bengaluru City,Hebbal Traffic PS,1.04432e+16,2018,1,1,Road Accidents,Cross roads,City/Town,Near School or College,Human Error,No,Damage Only,Others,Uncontrolled,Others,Residential Street,Bitumen(Tar),Dry,Engineering Defect of Road,Fine,Shobha Subhuriya Afrotment insid  jakkur Road,electric Pol,20ft,0.0,0.0
Bengaluru City,Hebbal Traffic PS,1.04432e+16,2018,1,3,Road Accidents,Bridge,City/Town,Near Hospital,Human Error,No,Fatal,Rear end,Uncontrolled,Others,NH,Bitumen(Tar),Dry,Not Applicable,Fine,B B Road Kodigehalli On Fleover Near Mothrer Houda Hospital,electric Pol,20fet,0.0,0.0
Bengaluru City,Hebbal Traffic PS,1.04432e+16,2018,1,2,Road Accidents,Other,City/Town,Open area,Human Error,No,Simple Injury,Rear end,Uncontrolled,Others,City or Town Road,Bitumen(Tar),Dry,Not Applicable,Fine,"opposir SN Bar, railway paralal road, kodigehalli",electric Pol,20fet,0.0,0.0
Bengaluru City,Hebbal Traffic PS,1.04432e+16,2018,1,2,Road Accidents,Other,City/Town,Open area,Human Error,No,Fatal,Rear end,Uncontrolled,Others,City or Town Road,Bitumen(Tar),Dry,Not Applicable,Fine,"Near Lumbini Garden, Ring Road Hebbala",elictric poll,20fet,0.0,0.0
Bengaluru City,Hebbal Traffic PS,1.04432e+16,2018,1,1,Road Accidents,Other,City/Town,Open area,Human Error,No,Simple Injury,Hit pedestrian,Uncontrolled,Others,City or Town Road,Bitumen(Tar),Dry,Not Applicable,Fine,Near Bhadrappa Layout  Ring Road,electric Pol,30fet,0.0,0.0
Bengaluru City,Hebbal Traffic PS,1.04432e+16,2018,1,2,Road Accidents,Cross roads,City/Town,Open area,Human Error,No,Simple Injury,Others,Uncontrolled,Others,City or Town Road,Bitumen(Tar),Dry,No influence on accident,Fine,SHILENA AFRTAMENTA NAIRA AMRUTHAHALLI,electric Pol,25feet,0.0,0.0
Bengaluru City,Hebbal Traffic PS,1.04432e+16,2018,1,2,Road Accidents,Cross roads,City/Town,Open area,Human Error,No,Simple Injury,Others,Uncontrolled,Others,City or Town Road,Bitumen(Tar),Dry,No influence on accident,Fine,hebbala ringa road maruthi shorum nair,elictri poll,30fit,0.0,0.0
Bengaluru City,Hebbal Traffic PS,1.04432e+16,2018,1,2,Road Accidents,Other,City/Town,Open area,Human Error,No,Simple Injury,Head on,Uncontrolled,Others,City or Town Road,Bitumen(Tar),Dry,Engineering Defect of Road,Fine,bmtc bus depo near ring road,ee,30fet,0.0,0.0
Bengaluru City,Hebbal Traffic PS,1.04432e+16,2018,1,1,Road Accidents,Cross roads,City/Town,Near a religious place,Human Error,No,Fatal,Others,Uncontrolled,Others,City or Town Road,Bitumen(Tar),Dry,Engineering Defect of Road,Fine,near SLV Water Serice kannuramm temple road devinagar,ELECTRIC POLE,30fet,0.0,0.0
Bengaluru City,Hebbal Traffic PS,1.04432e+16,2018,1,2,Road Accidents,Bridge,City/Town,Open area,Human Error,No,Fatal,Others,Uncontrolled,Others,Expressway,Bitumen(Tar),Dry,Engineering Defect of Road,Fine,kodugehalli on fleover b b road,ELECTRIC POLE,30fet,0.0,0.0
Bengaluru City,Hebbal Traffic PS,1.04432e+16,2018,1,2,Road Accidents,Cross roads,City/Town,Open area,Human Error,Yes,Simple Injury,Others,Uncontrolled,Others,City or Town Road,Bitumen(Tar),Dry,Engineering Defect of Road,Fine,RAIL WAY Bredz neir devinagar cross,ELECTRIC POLE,30fet,0.0,0.0
Bengaluru City,Hebbal Traffic PS,1.04432e+16,2018,1,1,Road Accidents,Other,City/Town,Open area,Human Error,Yes,Simple Injury,Hit pedestrian,Uncontrolled,Others,City or Town Road,Bitumen(Tar),Dry,Engineering Defect of Road,Fine,"KA Engineering and work shop Bytarayanapur service road,",elektrec poll,30 fit,0.0,0.0
Bengaluru City,Hebbal Traffic PS,1.04432e+16,2018,1,1,Road Accidents,Cross roads,City/Town,Open area,Human Error,Yes,Simple Injury,Hit pedestrian,Uncontrolled,Others,City or Town Road,Bitumen(Tar),Dry,Engineering Defect of Road,Fine,"Kempapura Service Road, Ring Road, Bengaluru",electric Pol,30fet,0.0,0.0
Bengaluru City,Hebbal Traffic PS,1.04432e+16,2018,1,1,Road Accidents,Cross roads,City/Town,Open area,Human Error,No,Fatal,Hit pedestrian,Uncontrolled,Others,City or Town Road,Bitumen(Tar),Dry,Not Applicable,Fine,Bhadrappa leyout Biga Bajar opp,elictric poll,20fit,0.0,0.0
Bengaluru City,Hebbal Traffic PS,1.04432e+16,2018,1,2,Road Accidents,Other,City/Town,Near School or College,Human Error,No,Simple Injury,Rear end,Uncontrolled,Others,City or Town Road,Bitumen(Tar),Dry,Engineering Defect of Road,Fine,Neair D G Bara  Kodigehalli Sarvis Road,electric Pol,30fet,0.0,0.0
Bengaluru City,Hebbal Traffic PS,1.04432e+16,2018,1,2,Road Accidents,Cross roads,City/Town,Near School or College,Human Error,Yes,Damage Only,Others,Uncontrolled,Curve,City or Town Road,Bitumen(Tar),Dry,Not Applicable,Fine,"Ananda Nagar Atriya College Cross, Ananda Nagar, Bengaluru City",elictric poll,20fet,0.0,0.0
Bengaluru City,Hebbal Traffic PS,1.04432e+16,2018,1,2,Road Accidents,Cross roads,City/Town,Open area,Human Error,No,Simple Injury,Others,Uncontrolled,Others,City or Town Road,Bitumen(Tar),Dry,Not Applicable,Fine,"Opp Tata Motors Ring Road, Hebbala",electric Pol,20fet,0.0,0.0
Bengaluru City,Hebbal Traffic PS,1.04432e+16,2018,1,2,Road Accidents,Cross roads,City/Town,Open area,Not Applicable,No,Damage Only,Rear end,Uncontrolled,Others,City or Town Road,Bitumen(Tar),Dry,No influence on accident,Fine,extimala nair b b road,e poll,30fit,0.0,0.0
Bengaluru City,Hebbal Traffic PS,1.04432e+16,2018,1,2,Road Accidents,Other,City/Town,Open area,Human Error,No,Damage Only,Others,Uncontrolled,Others,City or Town Road,Bitumen(Tar),Dry,Engineering Defect of Road,Fine,Kempapura  bus stop neiar kempapur,electric Pol,30fet,0.0,0.0
Bengaluru City,Hebbal Traffic PS,1.04432e+16,2018,1,2,Road Accidents,Cross roads,City/Town,Open area,Human Error,No,Simple Injury,Rear end,Uncontrolled,Others,City or Town Road,Bitumen(Tar),Dry,Engineering Defect of Road,Fine,Hebbal Traffic Police Station opp  Ring Road,electric Pol,30fet,0.0,0.0
Bengaluru City,Hebbal Traffic PS,1.04432e+16,2018,1,1,Road Accidents,Cross roads,City/Town,Open area,Human Error,Yes,Simple Injury,Hit pedestrian,Uncontrolled,Others,City or Town Road,Bitumen(Tar),Dry,Not Applicable,Fine,Near Tata Nagar Kodigehalli Bhadrappa leayout Road,electric Pol,25 fit,0.0,0.0
Bengaluru City,Hebbal Traffic PS,1.04432e+16,2018,1,2,Road Accidents,Bridge,City/Town,Open area,Human Error,No,Simple Injury,Others,Uncontrolled,Others,City or Town Road,Bitumen(Tar),Dry,No influence on accident,Fine,HEBBALA FLEVOER,Road Edge,28ft,0.0,0.0
Bengaluru City,Hebbal Traffic PS,1.04432e+16,2018,1,1,Road Accidents,Other,City/Town,Near a recreation place/cinema,Human Error,No,Fatal,Hit pedestrian,Uncontrolled,Not Applicable,City or Town Road,Bitumen(Tar),Dry,Not Applicable,Fine,"RAIL WAY PARALAL ROAD, SAHAKARANAGAR",ELECTRIC POLE,56 FT,0.0,0.0
Bengaluru City,Hebbal Traffic PS,1.04432e+16,2018,1,1,Road Accidents,Cross roads,City/Town,Open area,Human Error,No,Grievous Injury,Hit pedestrian,Uncontrolled,Others,City or Town Road,Bitumen(Tar),Dry,No influence on accident,Fine,SMSHANA NEIAR JAKKURA MAIN ROAD,electric Pol,30fet,0.0,0.0
Bengaluru City,Hebbal Traffic PS,1.04432e+16,2018,1,2,Road Accidents,Circle,City/Town,Near Bus stop,Human Error,No,Damage Only,Others,Signal lights Automatic,Others,City or Town Road,Bitumen(Tar),Dry,Engineering Defect of Road,Fine,hebbala circal ring road,Signal Light pol,40fet,0.0,0.0
Bengaluru City,Hebbal Traffic PS,1.04432e+16,2018,1,2,Road Accidents,Other,City/Town,Open area,Human Error,Yes,Simple Injury,Hit and Run,Uncontrolled,Others,City or Town Road,Bitumen(Tar),Dry,Engineering Defect of Road,Fine,Godrej Apartment  bhovaneswari nagar main road,electric Pol,30fet,0.0,0.0
Bengaluru City,Hebbal Traffic PS,1.04432e+16,2018,1,2,Road Accidents,Other,City/Town,Open area,Human Error,No,Fatal,Rear end,Uncontrolled,Others,City or Town Road,Bitumen(Tar),Dry,Engineering Defect of Road,Fine,neair devinagar cross ring road,ELECTRIC POLE,15ft,0.0,0.0
Bengaluru City,Hebbal Traffic PS,1.04432e+16,2018,1,2,Road Accidents,Bridge,City/Town,Open area,Human Error,Yes,Simple Injury,Hit and Run,Uncontrolled,Others,City or Town Road,Bitumen(Tar),Dry,Engineering Defect of Road,Fine,kodigehalli on flevoer Swathi Gardan Hotel neiar,elctric pol,22fit,0.0,0.0
Bengaluru City,Hebbal Traffic PS,1.04432e+16,2018,1,2,Road Accidents,Circle,City/Town,Near Bus stop,Human Error,No,Simple Injury,Others,Signal lights Automatic,Others,City or Town Road,Bitumen(Tar),Dry,Engineering Defect of Road,Fine,Near Hebbal Circle Ring Road,Signal Light pol,20ft,0.0,0.0
Bengaluru City,Hebbal Traffic PS,1.04432e+16,2018,1,2,Road Accidents,Other,City/Town,Near a religious place,Human Error,Yes,Fatal,Hit and Run,Uncontrolled,Others,NH,Bitumen(Tar),Dry,No influence on accident,Fine,Near Parsi Compound B B Road Service Road,electric Pol,30ft,0.0,0.0
Bengaluru City,Hebbal Traffic PS,1.04432e+16,2018,1,2,Road Accidents,Cross roads,City/Town,Near Bus stop,Human Error,Yes,Simple Injury,Rear end,Uncontrolled,Others,City or Town Road,Bitumen(Tar),Dry,No influence on accident,Fine,"Near Devinagar Bus Stop, Ring Road, Bengaluru",electric Pol,20fet,0.0,0.0
Bengaluru City,Hebbal Traffic PS,1.04432e+16,2018,1,2,Road Accidents,Cross roads,City/Town,Near office complex,Human Error,Yes,Simple Injury,Hit and Run,Uncontrolled,Others,City or Town Road,Bitumen(Tar),Dry,Not Applicable,Fine,"Opp B B M P  No 8 Office,",electric Pol,25 fit,0.0,0.0
Bengaluru City,Hebbal Traffic PS,1.04432e+16,2018,1,3,Road Accidents,Cross roads,City/Town,Near Bus stop,Human Error,Yes,Damage Only,Hit and Run,Uncontrolled,Others,City or Town Road,Bitumen(Tar),Dry,Not Applicable,Fine,Near Bytarayanapura Signal  B B Road,Siganal Poll,20fet,0.0,0.0
Bengaluru City,Hebbal Traffic PS,1.04432e+16,2018,1,2,Road Accidents,Bridge,City/Town,Open area,Human Error,Yes,Simple Injury,Rear end,Uncontrolled,Others,City or Town Road,Bitumen(Tar),Dry,No influence on accident,Fine,big bajar opp bhadrappa leout fleover on  ring road,eletric pol,25feet,0.0,0.0
Bengaluru City,Hebbal Traffic PS,1.04432e+16,2018,1,2,Road Accidents,Bridge,City/Town,Open area,Human Error,No,Damage Only,Others,Uncontrolled,Others,City or Town Road,Bitumen(Tar),Dry,Engineering Defect of Road,Fine,kodugehalli on fleover b b road,ELECTRIC POLE,30fet,0.0,0.0
Bengaluru City,Hebbal Traffic PS,1.04432e+16,2018,1,2,Road Accidents,Bridge,City/Town,Open area,Human Error,No,Damage Only,Others,Uncontrolled,Others,City or Town Road,Bitumen(Tar),Dry,Engineering Defect of Road,Fine,kodugehalli on fleover mother hud opp b b road,electric Pol,30fet,0.0,0.0