DISTRICTNAME,UNITNAME,Crime_No,Year,RI,Noofvehicle_involved,Accident_Classification,Accident_Spot,Accident_Location,Accident_SubLocation,Main_Cause,Hit_Run,Severity,Collision_Type,Junction_Control,Road_Character,Road_Type,Surface_Type,Surface_Condition,Road_Condition,Weather,Accident_Road,Landmark_first,Distance_LandMark_First,Latitude,Longitude
Bengaluru City,Hebbal Traffic PS,1.04432e+16,2018,1,2,Road Accidents,Cross roads,City/Town,Open area,Human Error,No,Simple Injury,Others,Uncontrolled,Others,City or Town Road,Bitumen(Tar),Dry,Engineering Defect of Road,Fine,Lumbine gardan  neir ring road,elictric poll,30fit,0.0,0.0
Bengaluru City,Hebbal Traffic PS,1.04432e+16,2018,1,2,Road Accidents,Cross roads,City/Town,Open area,Human Error,No,Simple Injury,Others,Uncontrolled,Others,City or Town Road,Bitumen(Tar),Dry,Engineering Defect of Road,Fine,K R Holoo blak tata nagar,electric Pol,30fet,0.0,0.0
Bengaluru City,Hebbal Traffic PS,1.04432e+16,2018,1,2,Road Accidents,Bridge,City/Town,Open area,Human Error,No,Damage Only,Rear end,Uncontrolled,Others,City or Town Road,Bitumen(Tar),Dry,Engineering Defect of Road,Fine,Kodigehalli on flevoer veveka companey,electric Pol,30fet,0.0,0.0
Bengaluru City,Hebbal Traffic PS,1.04432e+16,2018,1,2,Road Accidents,Junction,City/Town,Near Bus stop,Human Error,No,Simple Injury,Others,Signal lights Automatic,Others,City or Town Road,Bitumen(Tar),Dry,Not Applicable,Fine,Hebbal Junction Ring oad,Siganal Poll,25 fit,0.0,0.0
Bengaluru City,Hebbal Traffic PS,1.04432e+16,2018,1,2,Road Accidents,Junction,City/Town,Near Bus stop,Human Error,No,Simple Injury,Head on,Signal lights Automatic,Others,City or Town Road,Bitumen(Tar),Dry,No influence on accident,Fine,hebbala junction,signala poll,30 fit,0.0,0.0
Bengaluru City,Hebbal Traffic PS,1.04432e+16,2018,1,1,Road Accidents,Cross roads,City/Town,Open area,Human Error,No,Grievous Injury,Hit bicyclist,Uncontrolled,Others,City or Town Road,Bitumen(Tar),Dry,No influence on accident,Fine,NEIAR SMSHANA JAKKURA MAIN ROAD,electric Pol,30fet,0.0,0.0
Bengaluru City,Hebbal Traffic PS,1.04432e+16,2018,1,1,Road Accidents,Other,City/Town,Open area,Human Error,No,Fatal,Head on,Uncontrolled,Curve,City or Town Road,Bitumen(Tar),Dry,Engineering Defect of Road,Fine,Yogeshwara Nagara Cross neair  Ring Road,tree,10ft,0.0,0.0
Bengaluru City,Hebbal Traffic PS,1.04432e+16,2018,1,2,Road Accidents,Other,City/Town,Near Hospital,Human Error,Yes,Grievous Injury,Hit and Run,Uncontrolled,Others,City or Town Road,Bitumen(Tar),Dry,Engineering Defect of Road,Fine,Byatarayanapura road prlife hospital apoo,hopetal,40fet,0.0,0.0
Bengaluru City,Hebbal Traffic PS,1.04432e+16,2018,1,2,Road Accidents,Cross roads,City/Town,Open area,Human Error,No,Simple Injury,Others,Uncontrolled,Others,City or Town Road,Bitumen(Tar),Dry,Engineering Defect of Road,Fine,mharaja parnichar shorom opp hebbala ring road,ELECTRIC POLE,20ft,0.0,0.0
Bengaluru City,Hebbal Traffic PS,1.04432e+16,2018,1,1,Road Accidents,Other,City/Town,In bazaar,Human Error,Yes,Simple Injury,Hit and Run,Uncontrolled,Others,City or Town Road,Bitumen(Tar),Dry,Engineering Defect of Road,Fine,K M Fruta And Vijetebals Shop opp S S ARoad,electric Pol,20ft,0.0,0.0
Bengaluru City,Hebbal Traffic PS,1.04432e+16,2018,1,1,Road Accidents,Cross roads,City/Town,Open area,Human Error,Yes,Simple Injury,Hit and Run,Uncontrolled,Others,Others,Bitumen(Tar),Dry,Not Applicable,Fine,"No64/1,1st B Main  Venkatagwoda layout, Kempapur Hebbal",electric Pol,25 fit,0.0,0.0
Bengaluru City,Hebbal Traffic PS,1.04432e+16,2018,1,1,Road Accidents,Cross roads,City/Town,Open area,Human Error,No,Simple Injury,Hit pedestrian,Uncontrolled,Others,City or Town Road,Bitumen(Tar),Dry,Not Applicable,Fine,"Near Yogiswar Nagar Cross, Ring Road",electric Pol,20fet,0.0,0.0
Bengaluru City,Hebbal Traffic PS,1.04432e+16,2019,1,1,Road Accidents,Cross roads,City/Town,Open area,Human Error,No,Simple Injury,Hit pedestrian,Uncontrolled,Others,City or Town Road,Bitumen(Tar),Dry,Not Applicable,Fine,"Opp Stirling Aprtament, Kodigehalli Main Road",elictric poll,25 fit,0.0,0.0
Bengaluru City,Hebbal Traffic PS,1.04432e+16,2019,1,2,Road Accidents,Cross roads,City/Town,Near School or College,Human Error,No,Simple Injury,Others,Uncontrolled,Others,City or Town Road,Bitumen(Tar),Dry,Not Applicable,Fine,"Near Acharya College, Cholanayakanahalli Main Road, Bengaluru",elictric poll,30fet,0.0,0.0
Bengaluru City,Hebbal Traffic PS,1.04432e+16,2019,1,2,Road Accidents,Cross roads,City/Town,Residential area,Human Error,No,Damage Only,Others,Uncontrolled,Others,City or Town Road,Bitumen(Tar),Dry,Not Applicable,Fine,"23 Cross, 9th Main B Block Sri Sai Apartment, Sahakara Nagara",elictric poll,20fet,0.0,0.0
Bengaluru City,Hebbal Traffic PS,1.04432e+16,2019,1,1,Road Accidents,Bridge,City/Town,Near Hospital,Human Error,Yes,Simple Injury,Hit and Run,Uncontrolled,Others,City or Town Road,Bitumen(Tar),Dry,Not Applicable,Fine,"Opposite Mother Hood Hospital, On Kodigehalli Flyover B B Road",electric Pol,10fet,0.0,0.0
Bengaluru City,Hebbal Traffic PS,1.04432e+16,2019,1,2,Road Accidents,Not Applicable,City/Town,Open area,Human Error,No,Fatal,Vehicle to Vehicle,Uncontrolled,Others,Service Road,Bitumen(Tar),Dry,No influence on accident,Fine,Near Lumbini Garden Service Road Ring Road,tree 12feet,12 ff,0.0,0.0
Bengaluru City,Hebbal Traffic PS,1.04432e+16,2019,1,2,Road Accidents,Cross roads,City/Town,Near Hospital,Human Error,No,Simple Injury,Vehicle to Vehicle,Uncontrolled,Others,NH,Bitumen(Tar),Dry,Not Applicable,Fine,"On Kodigehalli Flyover Opp Aster CMI Hospital, B B Road,Bengaluru City",Elictric Poll,20Fit,0.0,0.0
Bengaluru City,Hebbal Traffic PS,1.04432e+16,2019,1,2,Road Accidents,Cross roads,City/Town,Open area,Human Error,No,Simple Injury,Vehicle to Vehicle,Uncontrolled,Others,NH,Bitumen(Tar),Dry,Not Applicable,Fine,"On Kodigehalli Flyover, B B ROAD,Bengaluru",Elictric Poll,20fit,0.0,0.0
Bengaluru City,Hebbal Traffic PS,1.04432e+16,2019,1,1,Road Accidents,Junction,City/Town,Near Bus stop,Human Error,No,Grievous Injury,Hit pedestrian,Signal lights Automatic,Others,NH,Bitumen(Tar),Dry,Not Applicable,Fine,"Near Kodigehalli Junction, B B Road Kodigehalli",Siganal Poll,25 fit,0.0,0.0
Bengaluru City,Hebbal Traffic PS,1.04432e+16,2019,1,2,Road Accidents,Junction,City/Town,Near Bus stop,Human Error,Yes,Simple Injury,Hit and Run,Signal lights Automatic,Others,City or Town Road,Bitumen(Tar),Dry,Not Applicable,Fine,"Near Byatarayanapura Junction, B B Road",elictric poll,30fet,0.0,0.0
Bengaluru City,Hebbal Traffic PS,1.04432e+16,2019,1,2,Road Accidents,Cross roads,City/Town,Open area,Human Error,Yes,Simple Injury,Hit and Run,Uncontrolled,Others,Others,Bitumen(Tar),Dry,Not Applicable,Fine,"Near Public Park 5th Main th Cros, Coffe Board layout, Bengaluru",elictric poll,25 fit,0.0,0.0
Bengaluru City,Hebbal Traffic PS,1.04432e+16,2019,1,2,Road Accidents,Bridge,City/Town,Open area,Human Error,No,Damage Only,Rear end,Uncontrolled,Others,Others,Bitumen(Tar),Dry,Not Applicable,Fine,Near Bhadrappa Layout Flyover  Ring Road,elictric poll,20fet,0.0,0.0
Bengaluru City,Hebbal Traffic PS,1.04432e+16,2019,1,2,Road Accidents,Cross roads,City/Town,Open area,Human Error,No,Fatal,Vehicle to Vehicle,Uncontrolled,Others,Others,Bitumen(Tar),Dry,Not Applicable,Fine,Infront Of A2B Hotel bhadrappa Layout Ringa Road,Elictric Poll,27ft,0.0,0.0
Bengaluru City,Hebbal Traffic PS,1.04432e+16,2019,1,2,Road Accidents,Not Applicable,City/Town,Near Bus stop,Human Error,Yes,Damage Only,Vehicle to Vehicle,Uncontrolled,Straight and flat,Others,Bitumen(Tar),Dry,No influence on accident,Fine,"Near Yogeshanagar Cross, Ring Road Hebbala",electric pol,25ft,0.0,0.0
Bengaluru City,Hebbal Traffic PS,1.04432e+16,2019,1,1,Road Accidents,Not Applicable,City/Town,Open area,Human Error,No,Fatal,Not Applicable,Uncontrolled,Straight and flat,NH,Bitumen(Tar),Dry,No influence on accident,Fine,"On Hebbal Fly Over, B B Road",electric pol,6ft,0.0,0.0
Bengaluru City,Hebbal Traffic PS,1.04432e+16,2019,1,5,Road Accidents,Cross roads,City/Town,Open area,Human Error,Yes,Simple Injury,Others,Uncontrolled,Others,City or Town Road,Bitumen(Tar),Dry,Not Applicable,Fine,"Near Ananda Bhavan Ring Road, Hebbala",elictric poll,20fet,0.0,0.0
Bengaluru City,Hebbal Traffic PS,1.04432e+16,2019,1,2,Road Accidents,Junction,City/Town,Near Bus stop,Human Error,No,Damage Only,Others,Signal lights Automatic,Others,City or Town Road,Bitumen(Tar),Dry,Not Applicable,Fine,"Below Hebbal Fly Over, Ring Road, Bengaluru",Siganal Poll,25 fit,0.0,0.0
Bengaluru City,Hebbal Traffic PS,1.04432e+16,2019,1,1,Road Accidents,Cross roads,City/Town,Open area,Human Error,No,Simple Injury,Others,Uncontrolled,Others,Service Road,Bitumen(Tar),Dry,Not Applicable,Fine,Hebbal Flyover Sirvice Road B B Road,ELECTRIC POLE,30fet,0.0,0.0
Bengaluru City,Hebbal Traffic PS,1.04432e+16,2019,1,2,Road Accidents,Bridge,City/Town,Near Petrol Pump,Human Error,No,Simple Injury,Rear end,Uncontrolled,Others,NH,Bitumen(Tar),Dry,Not Applicable,Fine,"On Byatarayanapura Fly Over Opp Shell Petrol Pamp, B B Road",elictric poll,20fet,0.0,0.0
Bengaluru City,Hebbal Traffic PS,1.04432e+16,2019,1,1,Road Accidents,Cross roads,City/Town,Open area,Human Error,Yes,Simple Injury,Hit pedestrian,Uncontrolled,Others,Others,Bitumen(Tar),Dry,Not Applicable,Fine,Bharath floor Mill Sumangali Sevashrama road Hebbala,Elictric Poll,12 ff,0.0,0.0
Bengaluru City,Hebbal Traffic PS,1.04432e+16,2019,1,2,Road Accidents,Junction,City/Town,Near Bus stop,Human Error,Yes,Grievous Injury,Vehicle to Vehicle,Signal lights Automatic,Straight and flat,NH,Bitumen(Tar),Dry,No influence on accident,Fine,Kodigehalli Junction B B Road,Median,20,0.0,0.0
Bengaluru City,Hebbal Traffic PS,1.04432e+16,2019,1,1,Road Accidents,Cross roads,City/Town,Open area,Human Error,Yes,Fatal,Hit and Run,Uncontrolled,Others,City or Town Road,Bitumen(Tar),Dry,Not Applicable,Fine,"Infront of Jangid Intiriyars Angadi, Veerannapalya Tengina Thopina Road,",elictric poll,20fet,0.0,0.0
Bengaluru City,Hebbal Traffic PS,1.04432e+16,2019,1,1,Road Accidents,Other,City/Town,Open area,Human Error,Yes,Simple Injury,Hit pedestrian,Uncontrolled,Others,City or Town Road,Bitumen(Tar),Dry,Not Applicable,Fine,Hebbal Lek Opp Sarvis Road  Ringa Road,electric Pol,30fet,0.0,0.0
Bengaluru City,Hebbal Traffic PS,1.04432e+16,2019,1,2,Road Accidents,Cross roads,City/Town,Near Bus stop,Human Error,Yes,Simple Injury,Vehicle to Vehicle,Uncontrolled,Others,Others,Bitumen(Tar),Dry,Not Applicable,Fine,"Near Coffee Board Layout Bus Stop, Coffee Board Main Road",elictric poll,20fet,0.0,0.0
Bengaluru City,Hebbal Traffic PS,1.04432e+16,2019,1,1,Road Accidents,Cross roads,City/Town,In bazaar,Human Error,Yes,Simple Injury,Hit pedestrian,Uncontrolled,Others,Others,Bitumen(Tar),Dry,Not Applicable,Fine,"Near Reliance Fresh Bhuvaneshwari Nagar, Dasarahalli Main Road",electric Pol,20fet,0.0,0.0
Bengaluru City,Hebbal Traffic PS,1.04432e+16,2019,1,1,Road Accidents,Cross roads,City/Town,Near Bus stop,Human Error,No,Simple Injury,Hit pedestrian,Uncontrolled,Others,Others,Bitumen(Tar),Dry,Not Applicable,Fine,"Near Hebbal BMTC Bus Depo, Ring Road,Bengaluru",Elictric Poll,24fet,0.0,0.0
Bengaluru City,Hebbal Traffic PS,1.04432e+16,2019,1,2,Road Accidents,Cross roads,City/Town,Near Hospital,Human Error,No,Simple Injury,Vehicle to Vehicle,Uncontrolled,Others,Others,Bitumen(Tar),Dry,Not Applicable,Fine,Near Narayana Hospital Kodigehalli,electric pol,20fit,0.0,0.0
Bengaluru City,Hebbal Traffic PS,1.04432e+16,2019,1,2,Road Accidents,Cross roads,City/Town,Open area,Human Error,No,Fatal,Vehicle to Vehicle,Uncontrolled,Others,NH,Bitumen(Tar),Dry,Not Applicable,Fine,On Hebbal Flyover Towards City B B Road,elictric poll,20fet,0.0,0.0
Bengaluru City,Hebbal Traffic PS,1.04432e+16,2019,1,2,Road Accidents,Cross roads,City/Town,Open area,Human Error,Yes,Damage Only,Rear end,Uncontrolled,Others,City or Town Road,Bitumen(Tar),Dry,Not Applicable,Fine,Near Hebbal Railway Staison Ring Road,elictric poll,25 fit,0.0,0.0
Bengaluru City,Hebbal Traffic PS,1.04432e+16,2019,1,2,Road Accidents,Cross roads,City/Town,Open area,Human Error,Yes,Simple Injury,Hit and Run,Uncontrolled,Others,City or Town Road,Bitumen(Tar),Dry,Not Applicable,Fine,Shivashankar Blook 2and3rd Cross Midal NaGENAHALLI MAIN ROAD,electric Pol,30fet,0.0,0.0
Bengaluru City,Hebbal Traffic PS,1.04432e+16,2019,1,2,Road Accidents,Bridge,City/Town,Near Hospital,Human Error,Yes,Simple Injury,Hit and Run,Uncontrolled,Others,NH,Bitumen(Tar),Dry,Not Applicable,Fine,Opp Prolife Hospital Kodigehalli On Flyover  B B Road,electric Pol,30fet,0.0,0.0
Bengaluru City,Hebbal Traffic PS,1.04432e+16,2019,1,2,Road Accidents,Bridge,City/Town,Near Hospital,Human Error,Yes,Simple Injury,Hit and Run,Uncontrolled,Others,NH,Bitumen(Tar),Dry,Not Applicable,Fine,"Opp Prolife Hospital, Byatarayanapur Fly Over B B Road",elictric poll,20fet,0.0,0.0
Bengaluru City,Hebbal Traffic PS,1.04432e+16,2019,1,2,Road Accidents,Cross roads,City/Town,Near Hospital,Human Error,No,Simple Injury,Vehicle to Vehicle,Uncontrolled,Others,NH,Bitumen(Tar),Dry,Not Applicable,Fine,"Near Sanjivini Nagar Cross, B B Road,Bengaluru",Elictric Poll,30fit,0.0,0.0
Bengaluru City,Hebbal Traffic PS,1.04432e+16,2019,1,1,Road Accidents,Cross roads,City/Town,Open area,Human Error,No,Damage Only,Hit bicyclist,Uncontrolled,Others,Others,Bitumen(Tar),Dry,Not Applicable,Fine,"Railway Paralel Road,, Kodigehalli, Sahakara Nagara,Bengaluru",Elictric Poll,10Fit,0.0,0.0
Bengaluru City,Hebbal Traffic PS,1.04432e+16,2019,1,2,Road Accidents,Cross roads,City/Town,Open area,Human Error,No,Simple Injury,Vehicle to Vehicle,Uncontrolled,Others,Others,Concrete,Dry,Not Applicable,Fine,Near Devinagar Cross Ring Road Hebbal,Elictric Poll,24fet,0.0,0.0
Bengaluru City,Hebbal Traffic PS,1.04432e+16,2019,1,1,Road Accidents,Cross roads,City/Town,Open area,Human Error,Yes,Simple Injury,Hit pedestrian,Uncontrolled,Others,NH,Bitumen(Tar),Dry,Not Applicable,Fine,"Near Lakshmi wine Shop, B B Road Kodigehalli",Elictric Poll,15Fet,0.0,0.0
Bengaluru City,Hebbal Traffic PS,1.04432e+16,2019,1,2,Road Accidents,Not Applicable,City/Town,Open area,Human Error,No,Grievous Injury,Vehicle to Vehicle,Uncontrolled,Straight and flat,Others,Not Applicable,Dry,No influence on accident,Fine,"Near Veerannapalya Fly Over Down Ramp, Veeranna Palya Ring Road",electric pol,28ft,0.0,0.0
Bengaluru City,Hebbal Traffic PS,1.04432e+16,2019,1,1,Road Accidents,Cross roads,City/Town,Near Bus stop,Not Applicable,Yes,Grievous Injury,Hit pedestrian,No signal lights,Straight and flat,NH,Bitumen(Tar),Dry,Not Applicable,Fine,IN FRONT OF LAKSHMI WINES B B ROAD KODIGEHALLI BANGALORE,Pillar,45,0.0,0.0
Bengaluru City,Hebbal Traffic PS,1.04432e+16,2019,1,1,Road Accidents,Junction,City/Town,Near Bus stop,Human Error,No,Fatal,Hit pedestrian,Signal lights Automatic,Others,City or Town Road,Bitumen(Tar),Dry,Not Applicable,Fine,Hebbal junction Ring Road Hebbal,Siganal Poll,30fet,0.0,0.0
Bengaluru City,Hebbal Traffic PS,1.04432e+16,2019,1,2,Road Accidents,Cross roads,City/Town,Near School or College,Human Error,No,Simple Injury,Others,Uncontrolled,Others,NH,Bitumen(Tar),Dry,Not Applicable,Fine,"Opp Green Country School B B Road, Kodigehalli,Bengaluru City",elictric poll,30fet,0.0,0.0
Bengaluru City,Hebbal Traffic PS,1.04432e+16,2019,1,3,Road Accidents,Bridge,City/Town,Near Hospital,Human Error,No,Simple Injury,Head on,Uncontrolled,Others,NH,Bitumen(Tar),Dry,Not Applicable,Fine,Near Kodigehalli on Flyover opp Mother Hood Hospital  B B Road,ELECTRIC POLE,20ft,0.0,0.0
Bengaluru City,Hebbal Traffic PS,1.04432e+16,2019,1,2,Road Accidents,Cross roads,City/Town,Near School or College,Human Error,No,Simple Injury,Vehicle to Vehicle,Uncontrolled,Others,Others,Bitumen(Tar),Dry,Not Applicable,Fine,"Near Maruthi Nagar cros Rajivagandi Nagar, Kodigehalli Main road",elictric poll,20fet,0.0,0.0
Bengaluru City,Hebbal Traffic PS,1.04432e+16,2019,1,2,Road Accidents,Not Applicable,City/Town,Open area,Human Error,Yes,Simple Injury,Vehicle to Vehicle,Uncontrolled,Straight and flat,Others,Bitumen(Tar),Dry,No influence on accident,Fine,"Opp Thirtha Bekari Near Starling Apartment, Kodigehalli Main road",electric pol,22ft,0.0,0.0
Bengaluru City,Hebbal Traffic PS,1.04432e+16,2019,1,2,Road Accidents,Cross roads,City/Town,Near office complex,Human Error,Yes,Simple Injury,Vehicle to Vehicle,Uncontrolled,Others,Others,Bitumen(Tar),Dry,Not Applicable,Fine,"Infront of Dominos Pizza, Kempapura Hebbala, Bengaluru",elictric poll,8Fet,0.0,0.0
Bengaluru City,Hebbal Traffic PS,1.04432e+16,2019,1,3,Road Accidents,Bridge,City/Town,Open area,Human Error,No,Simple Injury,Others,Uncontrolled,Others,NH,Bitumen(Tar),Dry,Not Applicable,Fine,Hebbal Flyover dowan Remp,elictric poll,20fet,0.0,0.0
Bengaluru City,Hebbal Traffic PS,1.04432e+16,2019,1,4,Road Accidents,Cross roads,City/Town,Open area,Human Error,No,Simple Injury,Others,Uncontrolled,Others,City or Town Road,Bitumen(Tar),Dry,Not Applicable,Fine,"Near Royal Enfield Show Room, Ring Road",elictric poll,25 fit,0.0,0.0
Bengaluru City,Hebbal Traffic PS,1.04432e+16,2019,1,2,Road Accidents,Cross roads,City/Town,Near a religious place,Human Error,No,Damage Only,Others,Uncontrolled,Others,City or Town Road,Bitumen(Tar),Dry,Not Applicable,Fine,"Near Bethel A G Church Ring Road, Hebbala,Bengaluru City",elictric poll,30fit,0.0,0.0
Bengaluru City,Hebbal Traffic PS,1.04432e+16,2019,1,1,Road Accidents,Cross roads,City/Town,Open area,Human Error,Yes,Simple Injury,Hit and Run,Uncontrolled,Others,City or Town Road,Bitumen(Tar),Dry,Not Applicable,Fine,"Near Yogesh Nagara Cross, Ring Road, Bengaluru",elictric poll,20fet,0.0,0.0
Bengaluru City,Hebbal Traffic PS,1.04432e+16,2019,1,2,Road Accidents,Cross roads,City/Town,Open area,Human Error,Yes,Simple Injury,Others,Uncontrolled,Others,City or Town Road,Bitumen(Tar),Dry,Not Applicable,Fine,"Near Starling Park Apartment Gate, Kodigehalli Main Road",elictric poll,20fet,0.0,0.0
Bengaluru City,Hebbal Traffic PS,1.04432e+16,2019,1,2,Road Accidents,Junction,City/Town,Near Bus stop,Human Error,No,Fatal,Vehicle to Vehicle,Signal lights Automatic,Others,NH,Bitumen(Tar),Dry,Not Applicable,Fine,Near Bytarayanapura Janction,Siganal Poll,54 ft,0.0,0.0
Bengaluru City,Hebbal Traffic PS,1.04432e+16,2019,1,2,Road Accidents,Bridge,City/Town,Open area,Human Error,No,Simple Injury,Rear end,Uncontrolled,Others,NH,Bitumen(Tar),Dry,Not Applicable,Fine,On B B Road Flyover  B B Ropad,Elictric Poll,15Fet,0.0,0.0
Bengaluru City,Hebbal Traffic PS,1.04432e+16,2019,1,1,Road Accidents,Cross roads,City/Town,Open area,Human Error,No,Simple Injury,Hit pedestrian,Uncontrolled,Others,Others,Bitumen(Tar),Dry,Not Applicable,Fine,Near Devinagar Cross Ring Road Hebbal,Elictric Poll,38Fit,0.0,0.0
Bengaluru City,Hebbal Traffic PS,1.04432e+16,2019,1,1,Road Accidents,Cross roads,City/Town,Near Hospital,Human Error,Yes,Simple Injury,Hit pedestrian,Uncontrolled,Others,Two way,Bitumen(Tar),Dry,Not Applicable,Fine,"Sumangali Seva Ashrama Road, Hebbal",Elictric Poll,20Fit,0.0,0.0
Bengaluru City,Hebbal Traffic PS,1.04432e+16,2019,1,2,Road Accidents,Cross roads,City/Town,Open area,Human Error,No,Simple Injury,Vehicle to Vehicle,Uncontrolled,Others,Others,Concrete,Dry,Not Applicable,Fine,Near Railway Peralal Road Sahakara Nagar,Elictric Poll,13Fit,0.0,0.0
Bengaluru City,Hebbal Traffic PS,1.04432e+16,2019,1,1,Road Accidents,Cross roads,City/Town,Open area,Human Error,No,Simple Injury,Hit pedestrian,Uncontrolled,Others,Others,Bitumen(Tar),Dry,Not Applicable,Fine,Near Bata Shoroom  Ringa Road,electric Pol,30fit,0.0,0.0
Bengaluru City,Hebbal Traffic PS,1.04432e+16,2019,1,2,Road Accidents,Cross roads,City/Town,Open area,Human Error,No,Simple Injury,Others,Uncontrolled,Others,City or Town Road,Bitumen(Tar),Dry,Not Applicable,Fine,Near down Ramp B B Road,elictric poll,30fit,0.0,0.0
Bengaluru City,Hebbal Traffic PS,1.04432e+16,2019,1,1,Not Applicable,Cross roads,City/Town,Open area,Human Error,No,Damage Only,Others,Uncontrolled,Others,City or Town Road,Bitumen(Tar),Dry,Not Applicable,Fine,"Sy no 54/2 54/1 kamapoand and Gate Damage, B B Road Hebbala",elictric poll,30fit,0.0,0.0
Bengaluru City,Hebbal Traffic PS,1.04432e+16,2019,1,1,Road Accidents,Other,City/Town,Near Bus stop,Human Error,No,Fatal,Hit pedestrian,Uncontrolled,Others,City or Town Road,Bitumen(Tar),Dry,Not Applicable,Fine,"Near Yogesh Nagara Cross Bus Stop, Ring Road Hebbala, Bengaluru City,",elictric poll,25 fit,0.0,0.0
Bengaluru City,Hebbal Traffic PS,1.04432e+16,2019,1,1,Road Accidents,Cross roads,City/Town,Open area,Human Error,No,Damage Only,Vehicle to Vehicle,Uncontrolled,Others,Others,Gravel,Dry,Not Applicable,Fine,Inside Of Hebbal Park B B Road,tree,20fet,0.0,0.0
Bengaluru City,Hebbal Traffic PS,1.04432e+16,2019,1,1,Road Accidents,Not Applicable,City/Town,Open area,Not Applicable,No,Damage Only,Not Applicable,Uncontrolled,Others,NH,Bitumen(Tar),Dry,Not Applicable,Fine,"Kodigenahalli Service Road, B B Road, Bengaluru City",Road Divedar,48Fit,0.0,0.0
Bengaluru City,Hebbal Traffic PS,1.04432e+16,2019,1,2,Road Accidents,Cross roads,City/Town,Near a religious place,Human Error,No,Fatal,Vehicle to Vehicle,Uncontrolled,Others,Others,Bitumen(Tar),Dry,Not Applicable,Fine,"Near Bethel Church, Ring Road Hebbala,Bengaluru",Elictric Poll,08Fit,0.0,0.0
Bengaluru City,Hebbal Traffic PS,1.04432e+16,2019,1,1,Road Accidents,Cross roads,City/Town,Open area,Human Error,Yes,Simple Injury,Hit pedestrian,Uncontrolled,Others,Others,Bitumen(Tar),Dry,Not Applicable,Fine,"Near Railway Under Pass, Kodigehalli,Bengaluru",Elictric Poll,20fit,0.0,0.0
Bengaluru City,Hebbal Traffic PS,1.04432e+16,2019,1,2,Road Accidents,Cross roads,City/Town,Near School or College,Human Error,Yes,Simple Injury,Hit pedestrian,Uncontrolled,Others,Others,Bitumen(Tar),Dry,Not Applicable,Fine,"Opp Jain Heritage school Anjaneya Temapal Road, Kempapur",Elictric Poll,20fit,0.0,0.0
Bengaluru City,Hebbal Traffic PS,1.04432e+16,2019,1,2,Road Accidents,Cross roads,City/Town,Open area,Human Error,Yes,Fatal,Vehicle to Vehicle,Uncontrolled,Others,NH,Bitumen(Tar),Dry,Not Applicable,Fine,Hebbal Flyover UpreapSarves Road,Elictric Poll,25ft,0.0,0.0
Bengaluru City,Hebbal Traffic PS,1.04432e+16,2019,1,2,Road Accidents,Cross roads,City/Town,Near Bus stop,Human Error,Yes,Simple Injury,Vehicle to Vehicle,Uncontrolled,Others,Others,Bitumen(Tar),Dry,Not Applicable,Fine,"Near Mega More Dept Store, Kodigehalli Main road,",elictric poll,20fet,0.0,0.0
Bengaluru City,Hebbal Traffic PS,1.04432e+16,2019,1,2,Road Accidents,Junction,City/Town,Near Bus stop,Human Error,Yes,Fatal,Vehicle to Vehicle,Signal lights Automatic,Others,NH,Bitumen(Tar),Dry,Not Applicable,Fine,"Near Byatarayanapura Junction, B B Road, Bengaluru",Siganal Poll,30fet,0.0,0.0
Bengaluru City,Hebbal Traffic PS,1.04432e+16,2019,1,2,Road Accidents,Cross roads,City/Town,Open area,Human Error,Yes,Simple Injury,Hit and Run,Uncontrolled,Others,City or Town Road,Bitumen(Tar),Dry,Not Applicable,Fine,Near Hebba Park Ring Road,ELECTRIC POLE,20ft,0.0,0.0
Bengaluru City,Hebbal Traffic PS,1.04432e+16,2019,1,2,Road Accidents,Cross roads,City/Town,Open area,Human Error,No,Simple Injury,Others,Uncontrolled,Others,Others,Bitumen(Tar),Dry,Not Applicable,Fine,"Near Lumbini Garden Service Road, Ring Road,Bengaluru",elictric poll,30fit,0.0,0.0
Bengaluru City,Hebbal Traffic PS,1.04432e+16,2019,1,2,Road Accidents,Cross roads,City/Town,Near Bus stop,Human Error,No,Damage Only,Others,Uncontrolled,Others,City or Town Road,Bitumen(Tar),Dry,Not Applicable,Fine,"Near Yogesh Nagara Cross, Ring Road, Bengaluru",elictric poll,20fet,0.0,0.0
Bengaluru City,Hebbal Traffic PS,1.04432e+16,2019,1,2,Road Accidents,Cross roads,City/Town,Near School or College,Human Error,No,Simple Injury,Vehicle to Vehicle,Uncontrolled,Others,Others,Bitumen(Tar),Dry,No influence on accident,Fine,"Near Vidyaspurthi School,, Thindlu Main Road, Bengaluru",elictric poll,20fet,0.0,0.0
Bengaluru City,Hebbal Traffic PS,1.04432e+16,2019,1,1,Road Accidents,Circle,City/Town,Near Bus stop,Human Error,No,Fatal,Hit pedestrian,Signal lights Automatic,Others,Others,Bitumen(Tar),Dry,Not Applicable,Fine,Near Hebbal Circal Ring Road,signal Poll,20Fit,0.0,0.0
Bengaluru City,Hebbal Traffic PS,1.04432e+16,2019,1,1,Road Accidents,Cross roads,City/Town,Near Bus stop,Human Error,No,Simple Injury,Hit pedestrian,Uncontrolled,Others,NH,Bitumen(Tar),Dry,Not Applicable,Fine,"Near Byatarayanapura Junction,Bekari Opp",elictric poll,30fit,0.0,0.0
Bengaluru City,Hebbal Traffic PS,1.04432e+16,2019,1,1,Road Accidents,Cross roads,City/Town,Near School or College,Human Error,No,Simple Injury,Hit pedestrian,Uncontrolled,Others,Others,Bitumen(Tar),Dry,Not Applicable,Fine,"Near Shanthi nikethan School Bhadrappa Layout,",elictric poll,20fet,0.0,0.0