DISTRICTNAME,UNITNAME,Crime_No,Year,RI,Noofvehicle_involved,Accident_Classification,Accident_Spot,Accident_Location,Accident_SubLocation,Main_Cause,Hit_Run,Severity,Collision_Type,Junction_Control,Road_Character,Road_Type,Surface_Type,Surface_Condition,Road_Condition,Weather,Accident_Road,Landmark_first,Distance_LandMark_First,Latitude,Longitude
Bengaluru City,Hebbal Traffic PS,1.04432e+16,2020,1,2,Road Accidents,Cross roads,City/Town,Near Bus stop,Human Error,Yes,Simple Injury,Vehicle to Vehicle,Uncontrolled,Others,NH,Bitumen(Tar),Dry,Not Applicable,Fine,Near Estim Malla B B Road,elictric poll,30fet,0.0,0.0
Bengaluru City,Hebbal Traffic PS,1.04432e+16,2020,1,2,Road Accidents,Curves,City/Town,Open area,Human Error,No,Damage Only,Vehicle to Vehicle,Uncontrolled,Others,NH,Bitumen(Tar),Dry,Not Applicable,Fine,"Infront of Godrej Apartment Exit Gate, B B Road",elictric poll,20fet,0.0,0.0
Bengaluru City,Hebbal Traffic PS,1.04432e+16,2020,1,1,Not Applicable,Cross roads,City/Town,Near Bus stop,Human Error,Not Applicable,Simple Injury,Not Applicable,Uncontrolled,Curve,Others,Bitumen(Tar),Dry,Not Applicable,Fine,"Near Devinagar Railway Under Bridge, Ring Road Hebbal",electric pol,35Fet,0.0,0.0
Bengaluru City,Hebbal Traffic PS,1.04432e+16,2020,1,1,Not Applicable,Cross roads,City/Town,Near Bus stop,Human Error,Yes,Simple Injury,Hit pedestrian,Not Applicable,Not Applicable,NH,Bitumen(Tar),Dry,Not Applicable,Fine,Hebbal Flyover,electric pol,15Fet,0.0,0.0
Bengaluru City,Hebbal Traffic PS,1.04432e+16,2020,1,1,Road Accidents,Cross roads,City/Town,Near Hospital,Human Error,Yes,Simple Injury,Hit pedestrian,Uncontrolled,Others,NH,Bitumen(Tar),Dry,Not Applicable,Fine,Opp Prolife Hospital Byatarayanapur B B Road,Midiyan,30Fet,0.0,0.0
Bengaluru City,Hebbal Traffic PS,1.04432e+16,2020,1,2,Not Applicable,Cross roads,City/Town,Near Bus stop,Human Error,No,Simple Injury,Vehicle to Vehicle,Uncontrolled,Others,NH,Bitumen(Tar),Dry,Not Applicable,Fine,Hebbal Flyover Upreap,electric pol,13Fit,0.0,0.0
Bengaluru City,Hebbal Traffic PS,1.04432e+16,2020,1,1,Road Accidents,Cross roads,City/Town,Near office complex,Human Error,No,Grievous Injury,Not Applicable,Uncontrolled,Others,Others,Bitumen(Tar),Dry,Not Applicable,Fine,Near BBMP Office Amruthahalli main Road,elictric poll,20fet,0.0,0.0
Bengaluru City,Hebbal Traffic PS,1.04432e+16,2020,1,2,Road Accidents,Cross roads,City/Town,Open area,Human Error,No,Simple Injury,Vehicle to Vehicle,Uncontrolled,Others,NH,Bitumen(Tar),Dry,Not Applicable,Fine,"Near Kruthunga Hotel Kodigehall,, BB Road, Bengaluru City",elictric poll,25 fit,0.0,0.0
Bengaluru City,Hebbal Traffic PS,1.04432e+16,2020,1,2,Not Applicable,Cross roads,City/Town,Near Bus stop,Human Error,No,Damage Only,Vehicle to Vehicle,Not Applicable,Others,Service Road,Bitumen(Tar),Dry,Not Applicable,Fine,Opp Krimitoriym B B Road  Hebbal Service Road,electric pol,10Fit,0.0,0.0
Bengaluru City,Hebbal Traffic PS,1.04432e+16,2020,1,2,Not Applicable,Cross roads,City/Town,Near Bus stop,Human Error,No,Simple Injury,Vehicle to Vehicle,Uncontrolled,Others,NH,Bitumen(Tar),Dry,Not Applicable,Fine,"Opp Aster CMI Hospital B B Road, Kodigehalli",Putpath,8ft,0.0,0.0
Bengaluru City,Hebbal Traffic PS,1.04432e+16,2020,1,1,Road Accidents,Curves,City/Town,Open area,Human Error,No,Fatal,Not Applicable,Uncontrolled,Others,Others,Concrete,Dry,Not Applicable,Fine,Near Kumar  International Ambulence Centar Ring Road,tree,04Fet,0.0,0.0
Bengaluru City,Hebbal Traffic PS,1.04432e+16,2020,1,1,Road Accidents,Circle,City/Town,Near Bus stop,Human Error,Yes,Fatal,Hit pedestrian,Controlled,Curve,NH,Bitumen(Tar),Dry,Not Applicable,Fine,Hebbala Circle Towards Yelahanka Service Road,Midian,25ft,0.0,0.0
Bengaluru City,Hebbal Traffic PS,1.04432e+16,2020,1,2,Road Accidents,Circle,City/Town,Near Bus stop,Human Error,No,Fatal,Vehicle to Vehicle,Controlled,Others,Others,Bitumen(Tar),Dry,Not Applicable,Fine,Hebbal Cricle,Siganal Poll,20fit,0.0,0.0
Bengaluru City,Hebbal Traffic PS,1.04432e+16,2020,1,2,Road Accidents,Cross roads,City/Town,Open area,Human Error,No,Grievous Injury,Vehicle to Vehicle,Uncontrolled,Others,Others,Bitumen(Tar),Dry,Not Applicable,Fine,Near Lumbhini Gardan  Ring Road Hebbal,Elictric Poll,20fet,0.0,0.0
Bengaluru City,Hebbal Traffic PS,1.04432e+16,2020,1,5,Not Applicable,Not Applicable,City/Town,Near Hospital,Human Error,No,Simple Injury,Vehicle to Vehicle,Uncontrolled,Others,NH,Bitumen(Tar),Dry,Not Applicable,Fine,BB Road Kodigehalli on FlyOver,electric Pol,20fet,0.0,0.0
Bengaluru City,Hebbal Traffic PS,1.04432e+16,2020,1,2,Not Applicable,Cross roads,City/Town,Near Bus stop,Human Error,Yes,Grievous Injury,Vehicle to Vehicle,Not Applicable,Others,Others,Bitumen(Tar),Dry,Not Applicable,Fine,Hebbal Near Sultan palya Main Road,electric pol,30Fet,0.0,0.0
Bengaluru City,Hebbal Traffic PS,1.04432e+16,2020,1,1,Not Applicable,Cross roads,City/Town,Near Bus stop,Human Error,Not Applicable,Simple Injury,Not Applicable,Uncontrolled,Others,NH,Bitumen(Tar),Dry,Not Applicable,Fine,"Near Shell Petrol Bunk Jakkuru, Jakkuru,",electric pol,15Fet,0.0,0.0
Bengaluru City,Hebbal Traffic PS,1.04432e+16,2020,1,1,Not Applicable,Cross roads,City/Town,Near Bus stop,Human Error,Yes,Fatal,Not Applicable,Signal lights Automatic,Others,NH,Bitumen(Tar),Dry,Not Applicable,Fine,Near Prolife Hospitel B B Road byatayanapur,Pillar,30Fet,0.0,0.0
Bengaluru City,Hebbal Traffic PS,1.04432e+16,2020,1,1,Not Applicable,Cross roads,City/Town,Near Bus stop,Human Error,Not Applicable,Grievous Injury,Hit pedestrian,Not at  Junction,Others,Others,Bitumen(Tar),Dry,Not Applicable,Fine,6th Cross dhanalaskhami Layout,electric Pol,7 fet,0.0,0.0
Bengaluru City,Hebbal Traffic PS,1.04432e+16,2020,1,1,Not Applicable,Cross roads,City/Town,Near Bus stop,Human Error,Yes,Simple Injury,Hit bicyclist,Uncontrolled,Others,Others,Bitumen(Tar),Dry,Not Applicable,Fine,Mayura Bekaey And Juise Center Near Amco Layout Kodigehalli,electric pol,35Fet,0.0,0.0
Bengaluru City,Hebbal Traffic PS,1.04432e+16,2020,1,2,Not Applicable,Not Applicable,Rural Areas,Near Bus stop,Human Error,No,Grievous Injury,Vehicle to Vehicle,Not Applicable,Others,Others,Bitumen(Tar),Dry,Not Applicable,Fine,Hebbal Ring Road BadrappaLayout Busstop,electric pol,24fet,0.0,0.0
Bengaluru City,Hebbal Traffic PS,1.04432e+16,2020,1,3,Road Accidents,Junction,City/Town,Near Bus stop,Human Error,No,Fatal,Vehicle to Vehicle,Signal lights Automatic,Others,NH,Bitumen(Tar),Dry,Not Applicable,Fine,"Near Byatarayanapura Junction, B B Road",Pillar,45Fit,0.0,0.0
Bengaluru City,Hebbal Traffic PS,1.04432e+16,2020,1,1,Road Accidents,Curves,City/Town,Open area,Human Error,No,Fatal,Not Applicable,Uncontrolled,Curve,Others,Concrete,Dry,Not Applicable,Fine,Near Bhethal Church Ring Road Hebbal,tree,10Fit,0.0,0.0
Bengaluru City,Hebbal Traffic PS,1.04432e+16,2020,1,1,Road Accidents,Cross roads,City/Town,Near Hospital,Human Error,No,Fatal,Hit pedestrian,Uncontrolled,Others,NH,Bitumen(Tar),Dry,Not Applicable,Fine,Near Prolife Hospital Bytarayanapur B B Road,Pillar,30fet,0.0,0.0
Bengaluru City,Hebbal Traffic PS,1.04432e+16,2020,1,2,Road Accidents,Junction,City/Town,Near Bus stop,Human Error,Yes,Simple Injury,Vehicle to Vehicle,Signal lights Automatic,Others,NH,Bitumen(Tar),Dry,Not Applicable,Fine,"Near Byatarayanapura Junction, B B Road, Bengaluru City",signal Poll,35Fet,0.0,0.0
Bengaluru City,Hebbal Traffic PS,1.04432e+16,2020,1,2,Not Applicable,Cross roads,City/Town,Near Bus stop,Human Error,Yes,Simple Injury,Vehicle to Vehicle,Uncontrolled,Not Applicable,Others,Bitumen(Tar),Dry,Not Applicable,Fine,Near Jaligeramma Tempel  RMV 2ed Stage,electric pol,10Fit,0.0,0.0
Bengaluru City,Hebbal Traffic PS,1.04432e+16,2020,1,1,Not Applicable,Cross roads,City/Town,Near Bus stop,Human Error,Yes,Simple Injury,Not Applicable,Uncontrolled,Others,State Highway,Concrete,Dry,Not Applicable,Fine,Hebbal flyover Bhata show Room,Kabbind Advej Pole,30fet,0.0,0.0
Bengaluru City,Hebbal Traffic PS,1.04432e+16,2020,1,2,Not Applicable,Circle,City/Town,Near Bus stop,Human Error,No,Simple Injury,Vehicle to Vehicle,Not at  Junction,Others,Others,Bitumen(Tar),Dry,Not Applicable,Fine,Near Hebbal Cricle,piller,20fit,0.0,0.0
Bengaluru City,Hebbal Traffic PS,1.04432e+16,2020,1,1,Road Accidents,Cross roads,City/Town,Near office complex,Human Error,No,Fatal,Not Applicable,Uncontrolled,Others,Others,Bitumen(Tar),Dry,Not Applicable,Fine,Near Derccan Elipts Rajakaluve On Road Infront Of Venkatyeswar Electricals,Elictric Poll,40fet,0.0,0.0
Bengaluru City,Hebbal Traffic PS,1.04432e+16,2020,1,1,Road Accidents,Not Applicable,City/Town,Near Bus stop,Human Error,No,Simple Injury,Hit pedestrian,Uncontrolled,Others,NH,Bitumen(Tar),Dry,Not Applicable,Fine,Opp Esteem Mal Kempapur Cross BB Raod Banglore,Center Mediyan,42Fit,0.0,0.0
Bengaluru City,Hebbal Traffic PS,1.04432e+16,2020,1,1,Not Applicable,Cross roads,Rural Areas,Near Bus stop,Human Error,Not Applicable,Simple Injury,Hit pedestrian,No signal lights,Others,State Highway,Concrete,Dry,Not Applicable,Fine,Hebbal RingRoad Near Bhethal charch,electric pol,20fit,0.0,0.0
Bengaluru City,Hebbal Traffic PS,1.04432e+16,2020,1,2,Not Applicable,Cross roads,City/Town,Near Bus stop,Human Error,Yes,Simple Injury,Vehicle to Vehicle,Not Applicable,Others,NH,Bitumen(Tar),Dry,Not Applicable,Fine,Hebbal Flyover,electric pol,8ft,0.0,0.0
Bengaluru City,Hebbal Traffic PS,1.04432e+16,2020,1,2,Not Applicable,Not Applicable,City/Town,Near Bus stop,Human Error,No,Grievous Injury,Vehicle to Vehicle,Uncontrolled,Others,Others,Bitumen(Tar),Dry,Not Applicable,Fine,Ring Road Badrappa Layout Big Bajar,electric pol,40Fet,0.0,0.0
Bengaluru City,Hebbal Traffic PS,1.04432e+16,2020,1,2,Road Accidents,Cross roads,City/Town,Open area,Human Error,No,Grievous Injury,Vehicle to Vehicle,Uncontrolled,Others,NH,Bitumen(Tar),Dry,Not Applicable,Fine,Near Hebbala Flyover Opreanp B B Road,Elictric Poll,40fet,0.0,0.0
Bengaluru City,Hebbal Traffic PS,1.04432e+16,2020,1,1,Road Accidents,Circle,City/Town,Near Bus stop,Human Error,No,Simple Injury,Hit pedestrian,Signal lights Automatic,Others,NH,Bitumen(Tar),Dry,Not Applicable,Fine,"KODIGEHALLI SIGNAL, B B Road, Bengaluru",signal Poll,30fit,0.0,0.0
Bengaluru City,Hebbal Traffic PS,1.04432e+16,2020,1,1,Not Applicable,Cross roads,City/Town,Near Bus stop,Human Error,Not Applicable,Grievous Injury,Not Applicable,Uncontrolled,Curve,Others,Bitumen(Tar),Dry,Not Applicable,Fine,Near Amrutahalli Lack Brige cross Road,electric pol,35Fet,0.0,0.0
Bengaluru City,Hebbal Traffic PS,1.04432e+16,2020,1,2,Road Accidents,Not Applicable,City/Town,Near Hospital,Not Applicable,No,Simple Injury,Vehicle to Vehicle,Uncontrolled,Straight and flat,Two way,Bitumen(Tar),Dry,Not Applicable,Fine,B B Road Kodigehalli Fly Over,Elictric Poll,10Fit,0.0,0.0
Bengaluru City,Hebbal Traffic PS,1.04432e+16,2020,1,2,Road Accidents,Junction,City/Town,Near Bus stop,Human Error,No,Grievous Injury,Vehicle to Vehicle,Signal lights Automatic,Others,NH,Bitumen(Tar),Dry,Not Applicable,Fine,Near Byatraranpur junction  B b Road,signal Poll,25ft,0.0,0.0
Bengaluru City,Hebbal Traffic PS,1.04432e+16,2020,1,2,Road Accidents,Cross roads,City/Town,Near Hospital,Human Error,Yes,Grievous Injury,Vehicle to Vehicle,Uncontrolled,Others,NH,Bitumen(Tar),Dry,Not Applicable,Fine,"Near Columbia Asia Hospital, B B Road, Bengaluru City",Elictric Poll,20fet,0.0,0.0
Bengaluru City,Hebbal Traffic PS,1.04432e+16,2020,1,2,Road Accidents,Not Applicable,City/Town,Open area,Human Error,No,Fatal,Vehicle to Vehicle,Uncontrolled,Straight and flat,Others,Bitumen(Tar),Dry,Not Applicable,Fine,RING ROAD VIRANNANAPALYA DOWN RAMP,Elictric Poll,30FEET,0.0,0.0
Bengaluru City,Hebbal Traffic PS,1.04432e+16,2020,1,2,Not Applicable,Not Applicable,City/Town,Near Bus stop,Human Error,Yes,Simple Injury,Vehicle to Vehicle,Uncontrolled,Others,NH,Bitumen(Tar),Dry,Not Applicable,Fine,BB Road  Hebbal On Flyor,Elictric Poll,25ft,0.0,0.0
Bengaluru City,Hebbal Traffic PS,1.04432e+16,2020,1,2,Road Accidents,Junction,City/Town,Near Bus stop,Human Error,No,Grievous Injury,Vehicle to Vehicle,Signal lights Automatic,Others,Others,Bitumen(Tar),Dry,Not Applicable,Fine,Hebbal Junction Ring oad,Siganal Poll,25 fit,0.0,0.0
Bengaluru City,Hebbal Traffic PS,1.04432e+16,2020,1,2,Not Applicable,Not Applicable,City/Town,Near Bus stop,Human Error,Not Applicable,Simple Injury,Vehicle to Vehicle,Uncontrolled,Others,Others,Bitumen(Tar),Dry,Not Applicable,Fine,Hebbal Ring Road Near Veerannapalya Up ramp,electric pol,30Fet,0.0,0.0
Bengaluru City,Hebbal Traffic PS,1.04432e+16,2020,1,1,Road Accidents,Not Applicable,City/Town,Open area,Not Applicable,No,Fatal,Not Applicable,Uncontrolled,Not Applicable,Not Applicable,Not Applicable,Not Applicable,Not Applicable,Clear,HEBBAL RING ROAD NEAR BETHEL CHURCH,Elictric Poll,10Fit,0.0,0.0
Bengaluru City,Hebbal Traffic PS,1.04432e+16,2020,1,2,Not Applicable,Cross roads,City/Town,Near Bus stop,Human Error,No,Fatal,Vehicle to Vehicle,Not Applicable,Others,NH,Bitumen(Tar),Dry,Not Applicable,Fine,Hebbal flyover B B road,Center Mediyan,10Fit,0.0,0.0
Bengaluru City,Hebbal Traffic PS,1.04432e+16,2020,1,2,Road Accidents,Cross roads,City/Town,Open area,Human Error,No,Grievous Injury,Vehicle to Vehicle,Uncontrolled,Others,Others,Bitumen(Tar),Dry,Not Applicable,Fine,Near Hebbal Railway Station Ring Road,Elictric Poll,20fet,0.0,0.0
Bengaluru City,Hebbal Traffic PS,1.04432e+16,2020,1,2,Road Accidents,Cross roads,City/Town,Open area,Human Error,No,Grievous Injury,Vehicle to Vehicle,Uncontrolled,Others,NH,Bitumen(Tar),Dry,Not Applicable,Fine,"On Hebbal  Flyover, BB Road",Elictric Poll,20fet,0.0,0.0
Bengaluru City,Hebbal Traffic PS,1.04432e+16,2020,1,2,Road Accidents,Cross roads,City/Town,Near a religious place,Human Error,Yes,Simple Injury,Vehicle to Vehicle,Uncontrolled,Curve,Others,Bitumen(Tar),Dry,Not Applicable,Fine,"Near Gangamma Stores, Tata Nagar Main Road,Bengaluru City",Elictric Poll,20fit,0.0,0.0
Bengaluru City,Hebbal Traffic PS,1.04432e+16,2020,1,1,Not Applicable,Not Applicable,City/Town,Near Bus stop,Human Error,Yes,Fatal,Not Applicable,Not Applicable,Not Applicable,Others,Bitumen(Tar),Dry,Not Applicable,Fine,Ring Road Badrappa Layout on flyour,electric pol,20fit,0.0,0.0
Bengaluru City,Hebbal Traffic PS,1.04432e+16,2020,1,2,Not Applicable,Cross roads,City/Town,Near Bus stop,Human Error,No,Simple Injury,Vehicle to Vehicle,Not Applicable,Others,Others,Bitumen(Tar),Dry,Not Applicable,Fine,Ring Road devinagar Railway Birged Under Pass,electric Pol,40fet,0.0,0.0
Bengaluru City,Hebbal Traffic PS,1.04432e+16,2020,1,2,Road Accidents,Cross roads,City/Town,Near Bus stop,Human Error,No,Grievous Injury,Vehicle to Vehicle,Uncontrolled,Others,NH,Bitumen(Tar),Dry,Not Applicable,Fine,"Near Byatarayanapura Junction, B B Road",futapatha Mideyan,30fet,0.0,0.0
Bengaluru City,Hebbal Traffic PS,1.04432e+16,2020,1,1,Road Accidents,Cross roads,City/Town,Open area,Human Error,Yes,Simple Injury,Hit pedestrian,Uncontrolled,Others,Others,Bitumen(Tar),Dry,Not Applicable,Fine,"Opp Bengaluru Treading Company, Bhadrappa Layout Main Road",electric Pol,20fet,0.0,0.0
Bengaluru City,Hebbal Traffic PS,1.04432e+16,2020,1,2,Road Accidents,Cross roads,City/Town,Near Hospital,Human Error,No,Damage Only,Vehicle to Vehicle,Uncontrolled,Others,NH,Bitumen(Tar),Dry,Not Applicable,Fine,"On Kodigehalli Fly Over, Infront of Aster CMI Hospital B B Road",elictric poll,20fet,0.0,0.0
Bengaluru City,Hebbal Traffic PS,1.04432e+16,2020,1,1,Road Accidents,Cross roads,City/Town,Residential area,Human Error,Yes,Simple Injury,Hit pedestrian,Uncontrolled,Others,Others,Bitumen(Tar),Dry,Not Applicable,Fine,"Near B B Nagar, Kodigehalli Main Road,Bengaluru",Elictric Poll,20fit,0.0,0.0
Bengaluru City,Hebbal Traffic PS,1.04432e+16,2020,1,1,Not Applicable,Cross roads,City/Town,Near Bus stop,Human Error,Yes,Fatal,Not Applicable,Signal lights Automatic,Others,Others,Bitumen(Tar),Dry,Not Applicable,Fine,Near Ashrvad Home 3ed Cross Dee Exlave Layout,electric pol,11fet,0.0,0.0
Bengaluru City,Hebbal Traffic PS,1.04432e+16,2020,1,1,Road Accidents,Cross roads,City/Town,Open area,Human Error,No,Fatal,Hit pedestrian,Uncontrolled,Others,Others,Bitumen(Tar),Dry,Not Applicable,Fine,Devinagara Railway Bridge  Near  Ring Road,Elictric Poll,20fet,0.0,0.0
Bengaluru City,Hebbal Traffic PS,1.04432e+16,2020,1,1,Road Accidents,Cross roads,City/Town,Near Bus stop,Human Error,No,Fatal,Hit pedestrian,Uncontrolled,Others,Others,Bitumen(Tar),Dry,Not Applicable,Fine,Infront Of Canar Bank Bhadrappa Layout Hebbal Ring Road,Elictric Poll,40Fet,0.0,0.0
Bengaluru City,Hebbal Traffic PS,1.04432e+16,2020,1,1,Not Applicable,Not Applicable,City/Town,Open area,Human Error,Not Applicable,Damage Only,Not Applicable,Uncontrolled,Others,NH,Bitumen(Tar),Dry,Not Applicable,Fine,Sanjivini Nagar Cross Miltri gate Service Road Soil Road,Milri Gate,15fet,0.0,0.0
Bengaluru City,Hebbal Traffic PS,1.04432e+16,2020,1,2,Not Applicable,Cross roads,City/Town,Near Bus stop,Human Error,No,Simple Injury,Vehicle to Vehicle,No signal lights,Others,Others,Bitumen(Tar),Dry,Not Applicable,Fine,Devinagar U Trun,Center Mediyan,12Fit,0.0,0.0
Bengaluru City,Hebbal Traffic PS,1.04432e+16,2020,1,3,Not Applicable,Not Applicable,City/Town,Near Bus stop,Human Error,No,Damage Only,Vehicle to Vehicle,Uncontrolled,Curve,Others,Concrete,Dry,Not Applicable,Fine,Ring Road Yogeshwar Nagar Cross Maruti Coriyar,electric pol,40Fet,0.0,0.0
Bengaluru City,Hebbal Traffic PS,1.04432e+16,2020,1,2,Not Applicable,Not Applicable,City/Town,Near Bus stop,Human Error,Not Applicable,Simple Injury,Vehicle to Vehicle,Uncontrolled,Others,Others,Bitumen(Tar),Dry,Not Applicable,Fine,Dasarahalli main road,electric pol,25ft,0.0,0.0
Bengaluru City,Hebbal Traffic PS,1.04432e+16,2020,1,2,Not Applicable,Not Applicable,City/Town,Near Bus stop,Human Error,No,Simple Injury,Vehicle to Vehicle,Uncontrolled,Others,NH,Bitumen(Tar),Dry,Not Applicable,Fine,BB Road Kodigehalli Main Road,electric pol,10Fit,0.0,0.0
Bengaluru City,Hebbal Traffic PS,1.04432e+16,2020,1,2,Road Accidents,Junction,City/Town,Near Bus stop,Human Error,No,Simple Injury,Vehicle to Vehicle,Police / Manual,Others,Others,Bitumen(Tar),Dry,Not Applicable,Fine,"Veeranna palya junction, Ring Road Hebbala, Bengaluru City",Siganal Poll,15fet,0.0,0.0
Bengaluru City,Hebbal Traffic PS,1.04432e+16,2020,1,2,Road Accidents,Cross roads,City/Town,Open area,Not Applicable,No,Damage Only,Vehicle to Vehicle,No signal lights,Straight and flat,NH,Bitumen(Tar),Dry,Not Applicable,Fine,Near Hebbal Down ramp B B Road,electric pol,30fit,0.0,0.0
Bengaluru City,Hebbal Traffic PS,1.04432e+16,2020,1,2,Road Accidents,Junction,City/Town,Near Bus stop,Human Error,No,Grievous Injury,Vehicle to Vehicle,Signal lights Automatic,Others,NH,Bitumen(Tar),Dry,Not Applicable,Fine,B B Road Byatarayanpur Junction Opp  Prolife Hospital,Siganal Poll,30fet,0.0,0.0
Bengaluru City,Hebbal Traffic PS,1.04432e+16,2020,1,2,Road Accidents,Cross roads,City/Town,Open area,Human Error,No,Grievous Injury,Vehicle to Vehicle,Uncontrolled,Others,Service Road,Bitumen(Tar),Dry,Not Applicable,Fine,Near Hebbal Leak Sarvis Road Hebbal Ring Road,Elictric Poll,15fit,0.0,0.0
Bengaluru City,Hebbal Traffic PS,1.04432e+16,2020,1,4,Road Accidents,Not Applicable,City/Town,Near Hospital,Human Error,No,Damage Only,Vehicle to Vehicle,Uncontrolled,Others,NH,Bitumen(Tar),Dry,Not Applicable,Fine,BB Road Opp Mother wood Hospital  Kodigehalli,electric pol,23Feet,0.0,0.0
Bengaluru City,Hebbal Traffic PS,1.04432e+16,2020,1,1,Not Applicable,Cross roads,City/Town,Near Hospital,Human Error,No,Fatal,Not Applicable,Signal lights Automatic,Others,NH,Bitumen(Tar),Dry,Not Applicable,Fine,B B Road Byatarayanpur Junction Opp  Prolife Hospital,Ceter Median,30fet,0.0,0.0
Bengaluru City,Hebbal Traffic PS,1.04432e+16,2020,1,3,Road Accidents,Cross roads,City/Town,Open area,Not Applicable,No,Damage Only,Vehicle to Vehicle,Not Applicable,Straight and flat,NH,Bitumen(Tar),Dry,Not Applicable,Fine,On Byatarayanapura Fly Over,Elictric Poll,20fit,0.0,0.0
Bengaluru City,Hebbal Traffic PS,1.04432e+16,2020,1,2,Road Accidents,Cross roads,City/Town,Open area,Human Error,Yes,Fatal,Vehicle to Vehicle,Uncontrolled,Others,NH,Bitumen(Tar),Dry,Not Applicable,Fine,"INFRONT OF CENTURY APARTMENT B B ROAD, BYATARAYANAPURA",sentar Mideyan,34Fet,0.0,0.0
Bengaluru City,Hebbal Traffic PS,1.04432e+16,2020,1,2,Not Applicable,Not Applicable,City/Town,Near Bus stop,Human Error,Not Applicable,Simple Injury,Vehicle to Vehicle,Uncontrolled,Not Applicable,NH,Bitumen(Tar),Dry,Not Applicable,Fine,Kodigehalli Junction B B Road,signal Poll,25ft,0.0,0.0
Bengaluru City,Hebbal Traffic PS,1.04432e+16,2020,1,2,Not Applicable,Cross roads,City/Town,Near Bus stop,Human Error,No,Simple Injury,Vehicle to Vehicle,Signal lights Automatic,Others,NH,Bitumen(Tar),Dry,Not Applicable,Fine,Near Byatraranpur junction  B b Road,Traffic Shignl poll,30Fet,0.0,0.0
Bengaluru City,Hebbal Traffic PS,1.04432e+16,2020,1,2,Road Accidents,Cross roads,City/Town,Open area,Human Error,Yes,Fatal,Vehicle to Vehicle,Uncontrolled,Others,Others,Bitumen(Tar),Dry,Not Applicable,Fine,Railway Undar Pass Near Devinagar Ring Road,Elictric Poll,40Fet,0.0,0.0
Bengaluru City,Hebbal Traffic PS,1.04432e+16,2020,1,1,Road Accidents,Cross roads,City/Town,Near office complex,Human Error,Yes,Simple Injury,Hit pedestrian,Uncontrolled,Others,Others,Bitumen(Tar),Dry,Not Applicable,Fine,Mahavir Entar Press Bhuvaneswari Nagar Dasarahalli Main Road,electric pol,6fet,0.0,0.0
Bengaluru City,Hebbal Traffic PS,1.04432e+16,2020,1,2,Road Accidents,Cross roads,City/Town,Near Bus stop,Human Error,No,Damage Only,Vehicle to Vehicle,Uncontrolled,Curve,Others,Concrete,Dry,Not Applicable,Fine,"Infront of Anu Stones & Granaites Angadi Near, Yogeshnagara Cross Ring Road",Elictric Poll,60Fet,0.0,0.0
Bengaluru City,Hebbal Traffic PS,1.04432e+16,2020,1,4,Not Applicable,Not Applicable,City/Town,Near Bus stop,Human Error,Not Applicable,Damage Only,Vehicle to Vehicle,Not Applicable,Hump,NH,Bitumen(Tar),Dry,Not Applicable,Fine,Near Esteem Mall Kempapur Cross BB Road,Center Mediyan,8ft,0.0,0.0
Bengaluru City,Hebbal Traffic PS,1.04432e+16,2020,1,1,Road Accidents,Cross roads,City/Town,Open area,Human Error,No,Grievous Injury,Hit pedestrian,Uncontrolled,Others,NH,Bitumen(Tar),Dry,Not Applicable,Fine,Opp D G Bar Kodigehalli B B Road,Pillar,20fet,0.0,0.0
Bengaluru City,Hebbal Traffic PS,1.04432e+16,2020,1,1,Road Accidents,Cross roads,City/Town,Open area,Human Error,No,Grievous Injury,Not Applicable,Uncontrolled,Others,NH,Bitumen(Tar),Dry,Not Applicable,Fine,Hebbal flyover Upreamp  B B Road,Elictric Poll,20fet,0.0,0.0
Bengaluru City,Hebbal Traffic PS,1.04432e+16,2020,1,2,Road Accidents,Cross roads,City/Town,Open area,Human Error,No,Grievous Injury,Vehicle to Vehicle,Uncontrolled,Others,NH,Bitumen(Tar),Dry,Not Applicable,Fine,"Near Hebbal Fly Over Up Ramp, B B Road, Bengaluru City, Karnatak",Elictric Poll,25 fit,0.0,0.0
Bengaluru City,Hebbal Traffic PS,1.04432e+16,2020,1,1,Road Accidents,Not Applicable,City/Town,Open area,Human Error,Yes,Simple Injury,Hit pedestrian,Uncontrolled,Others,NH,Bitumen(Tar),Dry,Not Applicable,Fine,"On Kodigehalli Fly Over, B B Road,Bengaluru City",Elictric Poll,25ft,0.0,0.0
Bengaluru City,Hebbal Traffic PS,1.04432e+16,2020,1,2,Road Accidents,Curves,City/Town,Open area,Human Error,Yes,Fatal,Vehicle to Vehicle,Uncontrolled,Others,NH,Bitumen(Tar),Dry,Not Applicable,Fine,On Kodigehalli flyover Near Salarpuria Satwa  B B Road,Elictric Poll,30Fet,0.0,0.0
Bengaluru City,Hebbal Traffic PS,1.04432e+16,2020,1,2,Not Applicable,Cross roads,City/Town,Near Bus stop,Human Error,No,Damage Only,Vehicle to Vehicle,Not Applicable,Others,State Highway,Concrete,Dry,Not Applicable,Fine,Yogeawar Nagar Cross  Ring Road,electric pol,25ft,0.0,0.0
Bengaluru City,Hebbal Traffic PS,1.04432e+16,2020,1,2,Not Applicable,Cross roads,City/Town,Near Bus stop,Human Error,No,Damage Only,Vehicle to Vehicle,Uncontrolled,Others,State Highway,Concrete,Dry,Not Applicable,Fine,Ring Road Badrappa Layout Flyover,electric pol,10Fit,0.0,0.0
Bengaluru City,Hebbal Traffic PS,1.04432e+16,2020,1,2,Not Applicable,Cross roads,City/Town,Near Bus stop,Human Error,Not Applicable,Damage Only,Vehicle to Vehicle,Uncontrolled,Others,Others,Bitumen(Tar),Dry,Not Applicable,Fine,Hebbal Cricle,Ceter Median,20fet,0.0,0.0
Bengaluru City,Hebbal Traffic PS,1.04432e+16,2020,1,1,Not Applicable,Curves,City/Town,Near Bus stop,Human Error,No,Fatal,Not Applicable,Uncontrolled,Others,NH,Bitumen(Tar),Dry,Not Applicable,Fine,B B Road Hebbal On flyour,elictric poll,40fet,0.0,0.0
Bengaluru City,Hebbal Traffic PS,1.04432e+16,2020,1,1,Not Applicable,Not Applicable,City/Town,Near School or College,Human Error,Yes,Simple Injury,Hit pedestrian,Uncontrolled,Others,Others,Bitumen(Tar),Dry,Not Applicable,Fine,Bhadrappa layout Near Shantiniketan School,tree,15Fet,0.0,0.0
Bengaluru City,Hebbal Traffic PS,1.04432e+16,2020,1,2,Not Applicable,Not Applicable,City/Town,Near Petrol Pump,Human Error,No,Simple Injury,Vehicle to Vehicle,Uncontrolled,Others,Others,Bitumen(Tar),Dry,Not Applicable,Fine,Bharath Petrol Bank Dasarahalli Main Road,electric Pol,22Fit,0.0,0.0