DISTRICTNAME,UNITNAME,Crime_No,Year,RI,Noofvehicle_involved,Accident_Classification,Accident_Spot,Accident_Location,Accident_SubLocation,Main_Cause,Hit_Run,Severity,Collision_Type,Junction_Control,Road_Character,Road_Type,Surface_Type,Surface_Condition,Road_Condition,Weather,Accident_Road,Landmark_first,Distance_LandMark_First,Latitude,Longitude
Bengaluru City,Hebbal Traffic PS,1.04432e+16,2021,1,1,Road Accidents,Not Applicable,City/Town,Near Hospital,Human Error,No,Grievous Injury,Not Applicable,Uncontrolled,Others,NH,Bitumen(Tar),Dry,Not Applicable,Fog / Mist,Columbia Asia Hospital B B Road,electric pol,13Fit,0.0,0.0
Bengaluru City,Hebbal Traffic PS,1.04432e+16,2021,1,2,Road Accidents,Not Applicable,City/Town,Near Hospital,Human Error,No,Damage Only,Vehicle to Vehicle,Uncontrolled,Others,NH,Bitumen(Tar),Dry,Not Applicable,Fine,B B ROAD  BYATARAYANAPURA ON FLYOVER,electric pol,35Fet,0.0,0.0
Bengaluru City,Hebbal Traffic PS,1.04432e+16,2021,1,2,Road Accidents,Offset,City/Town,Near Hospital,Human Error,Not Applicable,Simple Injury,Vehicle to Vehicle,Uncontrolled,Others,NH,Bitumen(Tar),Dry,Not Applicable,Others,B B Road Godej Aprment Amrithahalli Road,electric pol,15Feet,0.0,0.0
Bengaluru City,Hebbal Traffic PS,1.04432e+16,2021,1,2,Not Applicable,Not Applicable,City/Town,Near Bus stop,Human Error,No,Simple Injury,Vehicle to Vehicle,Uncontrolled,Others,Others,Concrete,Dry,Not Applicable,Fine,Hebbal Ring Road Yogeshwar Nagar Cross,Ceter Median,25 fit,0.0,0.0
Bengaluru City,Hebbal Traffic PS,1.04432e+16,2021,1,2,Road Accidents,Not Applicable,City/Town,Near Hospital,Human Error,Not Applicable,Simple Injury,Vehicle to Vehicle,Uncontrolled,Others,NH,Bitumen(Tar),Dry,Not Applicable,Fine,B B Road Sanjayanagar Cross Kodigehalli On Flyover (Towards Devanahalli),electric Pol,08fet,0.0,0.0
Bengaluru City,Hebbal Traffic PS,1.04432e+16,2021,1,1,Road Accidents,Not Applicable,City/Town,Open area,Human Error,Not Applicable,Grievous Injury,Not Applicable,Uncontrolled,Others,NH,Bitumen(Tar),Dry,Not Applicable,Fog / Mist,B B Road Kodigehalli On Fly Over,electric pol,10Fit,0.0,0.0
Bengaluru City,Hebbal Traffic PS,1.04432e+16,2021,1,2,Not Applicable,Not Applicable,City/Town,In bazaar,Human Error,Yes,Simple Injury,Vehicle to Vehicle,Uncontrolled,Others,Others,Bitumen(Tar),Dry,Not Applicable,Fine,Opp HDFC Bank Amruthahalli Main Road,electric Pol,30FEET,0.0,0.0
Bengaluru City,Hebbal Traffic PS,1.04432e+16,2021,1,1,Road Accidents,Narrow road,City/Town,Open area,Human Error,Yes,Fatal,Hit pedestrian,Uncontrolled,Others,NH,Bitumen(Tar),Dry,Not Applicable,Fine,Opp Rajakaluve Near Elecctric Crematorium  Esteem Mall Kempapur  B B Road,sentar Mideyan,8Fet,0.0,0.0
Bengaluru City,Hebbal Traffic PS,1.04432e+16,2021,1,2,Road Accidents,Not Applicable,City/Town,Near Hospital,Human Error,Not Applicable,Damage Only,Vehicle to Vehicle,Uncontrolled,Others,NH,Bitumen(Tar),Dry,Not Applicable,Fine,B B Road Near Aster CMI Hospital,electric Pol,07Feet,0.0,0.0
Bengaluru City,Hebbal Traffic PS,1.04432e+16,2021,1,1,Road Accidents,Not Applicable,City/Town,Near Bus stop,Human Error,Not Applicable,Simple Injury,Hit pedestrian,Uncontrolled,Others,Others,Bitumen(Tar),Dry,Not Applicable,Fine,Ring Road  Nar Virannapalya Junction,electric Pol,10fet,0.0,0.0
Bengaluru City,Hebbal Traffic PS,1.04432e+16,2021,1,2,Road Accidents,Not Applicable,City/Town,Near Bus stop,Human Error,Not Applicable,Damage Only,Vehicle to Vehicle,Uncontrolled,Others,Others,Bitumen(Tar),Dry,Not Applicable,Fine,Hebbal Ring Road Done Ramp Virannapalya On Flyover,electric pol,35Fet,0.0,0.0
Bengaluru City,Hebbal Traffic PS,1.04432e+16,2021,1,2,Road Accidents,Not Applicable,City/Town,Near Bus stop,Human Error,Not Applicable,Damage Only,Vehicle to Vehicle,Uncontrolled,Others,Others,Bitumen(Tar),Dry,Not Applicable,Fine,Hebbal Ring Road Bhadrappa Layout  Near Devinagar Cross,Center Mediyan,05Feet,0.0,0.0
Bengaluru City,Hebbal Traffic PS,1.04432e+16,2021,1,2,Road Accidents,Junction,City/Town,Near Bus stop,Not Applicable,Not Applicable,Damage Only,Vehicle to Vehicle,Controlled,Others,NH,Bitumen(Tar),Dry,Not Applicable,Fog / Mist,B B ROAD NEAR BYATARAYANAPURA JUNCTION,FOOTPATH,30 FT,0.0,0.0
Bengaluru City,Hebbal Traffic PS,1.04432e+16,2021,1,1,Road Accidents,Not Applicable,City/Town,In bazaar,Human Error,Not Applicable,Fatal,Not Applicable,Uncontrolled,Others,NH,Bitumen(Tar),Dry,Not Applicable,Fine,B B Road Near Columbia Hospitle Opp Star Bazar,electric pol,50fit,0.0,0.0
Bengaluru City,Hebbal Traffic PS,1.04432e+16,2021,1,2,Not Applicable,Not Applicable,City/Town,Near Hospital,Human Error,Not Applicable,Simple Injury,Vehicle to Vehicle,Uncontrolled,Others,NH,Bitumen(Tar),Dry,Not Applicable,Fine,B B Road  Near Columbia Asia Hospital  kempapur Cross,electric Pol,30FEET,0.0,0.0
Bengaluru City,Hebbal Traffic PS,1.04432e+16,2021,1,2,Road Accidents,Not Applicable,City/Town,Narrow bridge or culverts,Not Applicable,No,Fatal,Vehicle to Vehicle,Not Applicable,Others,Others,Bitumen(Tar),Dry,Not Applicable,Fine,HEBBAL RING ROAD VIRANNAPALYA DOWN RAMP,ELECTRIC POL,30,0.0,0.0
Bengaluru City,Hebbal Traffic PS,1.04432e+16,2021,1,2,Road Accidents,Not Applicable,City/Town,Near Bus stop,Human Error,Not Applicable,Simple Injury,Vehicle to Vehicle,Uncontrolled,Others,Others,Concrete,Dry,Not Applicable,Fine,RING ROAD NEAR HEBBALL LAKE,electric Pol,10fet,0.0,0.0
Bengaluru City,Hebbal Traffic PS,1.04432e+16,2021,1,1,Road Accidents,Not Applicable,City/Town,Near Bus stop,Human Error,No,Simple Injury,Vehicle to Vehicle,Uncontrolled,Others,NH,Bitumen(Tar),Dry,Not Applicable,Fine,B B Road Near L & T Gate Byatarayanapur Junction,tree,10fet,0.0,0.0
Bengaluru City,Hebbal Traffic PS,1.04432e+16,2021,1,2,Road Accidents,Junction,City/Town,Near Bus stop,Human Error,Not Applicable,Simple Injury,Vehicle to Vehicle,Controlled,Others,NH,Bitumen(Tar),Dry,Not Applicable,Fine,B B Road Byatarayanapura Junction,Senter Median,05Feet,0.0,0.0
Bengaluru City,Hebbal Traffic PS,1.04432e+16,2021,1,1,Not Applicable,Not Applicable,City/Town,In bazaar,Human Error,Not Applicable,Damage Only,Not Applicable,Uncontrolled,Others,Others,Bitumen(Tar),Dry,Not Applicable,Fine,Hebbal Ring Road Lumbini Garden,electric Pol,14Fit,0.0,0.0
Bengaluru City,Hebbal Traffic PS,1.04432e+16,2021,1,1,Road Accidents,Not Applicable,City/Town,Near Hospital,Human Error,No,Simple Injury,Hit pedestrian,Uncontrolled,Others,Others,Bitumen(Tar),Dry,Not Applicable,Fine,Dasarahalli Main Road Opp Shobha Moon Stone,electric Pol,05feet,0.0,0.0
Bengaluru City,Hebbal Traffic PS,1.04432e+16,2021,1,1,Road Accidents,Not Applicable,City/Town,Near Bus stop,Human Error,No,Grievous Injury,Vehicle to Vehicle,Uncontrolled,Others,NH,Bitumen(Tar),Dry,Not Applicable,Fine,B B Road Byatarayanapur junction,Ceter Median,34Fet,0.0,0.0
Bengaluru City,Hebbal Traffic PS,1.04432e+16,2021,1,2,Road Accidents,Not Applicable,City/Town,Near Bus stop,Human Error,No,Simple Injury,Vehicle to Vehicle,Signals (Working),Others,NH,Bitumen(Tar),Dry,Not Applicable,Fine,B B Road Kodigehalli Junction,Ceter Median,30FEET,0.0,0.0
Bengaluru City,Hebbal Traffic PS,1.04432e+16,2021,1,2,Road Accidents,Not Applicable,City/Town,Near Hospital,Human Error,Not Applicable,Damage Only,Vehicle to Vehicle,Uncontrolled,Others,NH,Bitumen(Tar),Dry,Not Applicable,Fine,B B Road Near Coulumabi Hospital,electric pol,20fit,0.0,0.0
Bengaluru City,Hebbal Traffic PS,1.04432e+16,2021,1,1,Road Accidents,Not Applicable,City/Town,Near Bus stop,Human Error,Not Applicable,Simple Injury,Not Applicable,Uncontrolled,Others,NH,Bitumen(Tar),Dry,Not Applicable,Fine,B B ROAD NEAR ESTEEM MALL KEMPAPURA CROSS,Ceter Median,40fet,0.0,0.0
Bengaluru City,Hebbal Traffic PS,1.04432e+16,2021,1,2,Road Accidents,Not Applicable,City/Town,Near Hospital,Human Error,Not Applicable,Simple Injury,Vehicle to Vehicle,Uncontrolled,Others,NH,Bitumen(Tar),Dry,Not Applicable,Fine,B B Road Kodigehalli on Flyover Opp Astar CMI Hospital,electric Pol,10Fet,0.0,0.0
Bengaluru City,Hebbal Traffic PS,1.04432e+16,2021,1,2,Road Accidents,Not Applicable,City/Town,Near Bus stop,Human Error,Not Applicable,Simple Injury,Vehicle to Vehicle,Uncontrolled,Others,Others,Bitumen(Tar),Dry,Not Applicable,Fine,Hebbal Ring Road Devinagar Cross,electric Pol,20FEET,0.0,0.0
Bengaluru City,Hebbal Traffic PS,1.04432e+16,2021,1,3,Not Applicable,Junction,City/Town,Near Bus stop,Human Error,No,Damage Only,Vehicle to Vehicle,Controlled,Others,Others,Bitumen(Tar),Dry,Not Applicable,Fine,Ring Road Near Hebbal Cricle,Midian,05Feet,0.0,0.0
Bengaluru City,Hebbal Traffic PS,1.04432e+16,2021,1,2,Road Accidents,Narrow road,City/Town,Narrow bridge or culverts,Human Error,No,Fatal,Vehicle to Vehicle,Uncontrolled,Others,Others,Concrete,Dry,Not Applicable,Fine,NEAR G R KALYANA MANTAPA BHADRAPPA LAYOUT FLYOVER MAIN ROAD DOWN RAMP  RING ROAD,Elictric Poll,18Fit,0.0,0.0
Bengaluru City,Hebbal Traffic PS,1.04432e+16,2021,1,1,Road Accidents,Not Applicable,City/Town,Near Bus stop,Human Error,Not Applicable,Grievous Injury,Hit pedestrian,Uncontrolled,Others,Others,Bitumen(Tar),Dry,Not Applicable,Fine,Ring Road Hebbal Cricle Near BMTC Bus Stop,Elictric Poll,10Fit,0.0,0.0
Bengaluru City,Hebbal Traffic PS,1.04432e+16,2021,1,1,Road Accidents,Cross roads,City/Town,Near Bus stop,Not Applicable,Yes,Fatal,Hit pedestrian,No signal lights,Straight and flat,NH,Bitumen(Tar),Dry,Not Applicable,Fine,NEAR KEMPAPURA CROSS BUS STOP,CENTRE MIDIAN,37,0.0,0.0
Bengaluru City,Hebbal Traffic PS,1.04432e+16,2021,1,2,Road Accidents,Not Applicable,City/Town,Near Petrol Pump,Human Error,Not Applicable,Simple Injury,Vehicle to Vehicle,Not Applicable,Others,NH,Bitumen(Tar),Dry,Not Applicable,Fine,BB Road Byatarayanpur Juncation,Pillar 65,38Fit,0.0,0.0
Bengaluru City,Hebbal Traffic PS,1.04432e+16,2022,1,1,Road Accidents,Not Applicable,City/Town,Residential area,Human Error,No,Fatal,Hit pedestrian,Uncontrolled,Not Applicable,Others,Bitumen(Tar),Dry,Not Applicable,Fine,KV JAIRAM ROAD NEAR JAKKURU SPIS JET OFFICE,0,TREE,13.071054,77.611108
Bengaluru City,Hebbal Traffic PS,1.04432e+16,2022,1,1,Road Accidents,Junction,City/Town,Near Bus stop,Human Error,Not Applicable,Simple Injury,Hit pedestrian,Controlled,Others,Others,Bitumen(Tar),Dry,Not Applicable,Fine,Ring Road Near Veerannapalya Junction Bangalore City,Center Median,40ft,13.042556,77.613988
Bengaluru City,Hebbal Traffic PS,1.04432e+16,2022,1,1,Road Accidents,Curves,City/Town,Residential area,Human Error,Yes,Simple Injury,Hit pedestrian,Not Applicable,Others,Others,Bitumen(Tar),Dry,Not Applicable,Fine,NEAR VINAYAKA BAR  AND RESTORANT AMRUTHAHALLI MAIN ROAD AMRUTHAHALLI B'LORE,ELECTRIC POLL,30 FT,13.067191,77.601125
Bengaluru City,Hebbal Traffic PS,1.04432e+16,2022,1,4,Road Accidents,Junction,City/Town,Near Bus stop,Human Error,No,Simple Injury,Vehicle to Vehicle,Controlled,Others,NH,Bitumen(Tar),Dry,Not Applicable,Fine,B B ROAD NEAR BYATARAYANAPURA JUNCTION,PILLER,10FT,13.067249,77.593161
Bengaluru City,Hebbal Traffic PS,1.04432e+16,2022,1,2,Road Accidents,Circle,City/Town,Near Bus stop,Not Applicable,No,Simple Injury,Vehicle to Vehicle,Not at  Junction,Straight and flat,Not Applicable,Bitumen(Tar),Dry,Not Applicable,Clear,NEAR MORE SHOPPING MALL TINDLU MAIN ROAD KODIGEHALLI CIRCLE,LIGHT POLE,30FEET,0.0,0.0
Bengaluru City,Hebbal Traffic PS,1.04432e+16,2022,1,2,Road Accidents,Junction,City/Town,Near Bus stop,Human Error,No,Damage Only,Vehicle to Vehicle,Controlled,Not Applicable,Others,Bitumen(Tar),Dry,Not Applicable,Fine,RING ROAD HEBBAL CIRCLE,ELECTRICLE POL,05FEET,0.0,0.0
Bengaluru City,Hebbal Traffic PS,1.04432e+16,2022,1,3,Road Accidents,Junction,City/Town,Near Bus stop,Human Error,Not Applicable,Damage Only,Vehicle to Vehicle,Controlled,Not Applicable,NH,Bitumen(Tar),Dry,Not Applicable,Fine,B B ROAD PATANJALI STORE  NEAR BYATARAYANAPURA JUNCTION,CENTER MEDIAN,60FT,13.067421,77.592877
Bengaluru City,Hebbal Traffic PS,1.04432e+16,2022,1,2,Road Accidents,Not Applicable,City/Town,Open area,Human Error,No,Simple Injury,Vehicle to Vehicle,Not at  Junction,Straight and flat,NH,Bitumen(Tar),Dry,Not Applicable,Clear,BB ROAD BYTARAYANAPUR ON FLYOVER,TITAN WATCH SHOWROM,100 FT,0.0,0.0
Bengaluru City,Hebbal Traffic PS,1.04432e+16,2022,1,2,Road Accidents,Not Applicable,City/Town,Near Hospital,Human Error,No,Fatal,Vehicle to Vehicle,Not at  Junction,Straight and flat,Two way,Bitumen(Tar),Dry,Not Applicable,Clear,NEAR CHILD CARE HOSPITAL KODIGEHALLI MIAIN ROAD,CHILD CARE HOSPITAL,25FEET,13.059112,77.580017
Bengaluru City,Hebbal Traffic PS,1.04432e+16,2022,1,2,Road Accidents,Cross roads,City/Town,Near Bus stop,Human Error,Not Applicable,Simple Injury,Vehicle to Vehicle,Not Applicable,Others,Others,Bitumen(Tar),Dry,Not Applicable,Fine,Near Iyyangar Bekary Kodigehalli Main Road.,electric poll,30 ft,0.0,0.0
Bengaluru City,Hebbal Traffic PS,1.04432e+16,2022,1,2,Road Accidents,Junction,City/Town,Near Bus stop,Not Applicable,Yes,Fatal,Vehicle to Vehicle,Signals (Not working),Others,NH,Bitumen(Tar),Dry,Not Applicable,Fine,B B ROAD NEAR BYTARAYANAPURA JUNCTION,FOOTPATH,30FEET,13.067183,77.593172
Bengaluru City,Hebbal Traffic PS,1.04432e+16,2022,1,1,Not Applicable,Not Applicable,City/Town,Near Hospital,Human Error,Not Applicable,Simple Injury,Hit pedestrian,Controlled,Others,NH,Bitumen(Tar),Dry,Not Applicable,Fine,KODIGEHALLI MAIN ROAD NEAR BHAVANI MEDICLE ASTORE.,FOOTPATH,20FT,13.060987,77.575361
Bengaluru City,Hebbal Traffic PS,1.04432e+16,2022,1,1,Road Accidents,Not Applicable,City/Town,Open area,Human Error,No,Fatal,Hit pedestrian,Uncontrolled,Straight and flat,NH,Bitumen(Tar),Dry,No influence on accident,Clear,BB ROAD,BB ROAD BYATARAYANAPURA,6 KM,13.070629,77.593542
Bengaluru City,Hebbal Traffic PS,1.04432e+16,2022,1,2,Road Accidents,Not Applicable,City/Town,Open area,Human Error,No,Simple Injury,Vehicle to Vehicle,Not Applicable,Others,NH,Bitumen(Tar),Dry,Not Applicable,Clear,"ON KODIGEHALLI FLY OVER BB ROAD ,BENGALURU CITY",BRIGADE MAGNAM COMPANY,40FT,0.0,0.0
Bengaluru City,Hebbal Traffic PS,1.04432e+16,2022,1,2,Road Accidents,Cross roads,City/Town,Near Bus stop,Human Error,No,Damage Only,Vehicle to Vehicle,Uncontrolled,Others,Others,Bitumen(Tar),Dry,Not Applicable,Fine,"RING ROAD BHADHRAPPA LAYOUT NEAR DEVINAGARA CROSS, B'LORE",SKYWALK,20 FT,0.0,0.0
Bengaluru City,Hebbal Traffic PS,1.04432e+16,2022,1,2,Road Accidents,Not Applicable,City/Town,Open area,Human Error,No,Simple Injury,Vehicle to Vehicle,Not Applicable,Curve,NH,Bitumen(Tar),Dry,Not Applicable,Clear,ON HEBBAL FLYOVER K R PURAM TRACK BENGALURU,STREET LIGHT POLE,10ft,13.0455,77.591809
Bengaluru City,Hebbal Traffic PS,1.04432e+16,2022,1,1,Road Accidents,Not Applicable,City/Town,Open area,Human Error,Not Applicable,Fatal,Hit pedestrian,Uncontrolled,Others,Others,Bitumen(Tar),Dry,Not Applicable,Fine,HEBBAL RING ROAD BHADRAPPA LAYOUT OPP ANAD BHAVAN,ELECTRIC POLL,30 FT,13.047512,77.579097
Bengaluru City,Hebbal Traffic PS,1.04432e+16,2022,1,2,Road Accidents,Not Applicable,City/Town,Near Petrol Pump,Human Error,Not Applicable,Grievous Injury,Vehicle to Vehicle,Uncontrolled,Others,NH,Bitumen(Tar),Dry,Not Applicable,Fine,B B Road Byatarayanapur Fly Over,Electral Pol,26feet,0.0,0.0
Bengaluru City,Hebbal Traffic PS,1.04432e+16,2022,1,2,Road Accidents,Cross roads,City/Town,Residential area,Human Error,Yes,Damage Only,Vehicle to Vehicle,Not Applicable,Others,Others,Bitumen(Tar),Dry,Not Applicable,Fine,Infrent Of Home No:122/D 4th Cross Shakaranagara Kodigehalli,Near Home,30ft,0.0,0.0
Bengaluru City,Hebbal Traffic PS,1.04432e+16,2022,1,2,Road Accidents,Cross roads,City/Town,Near Bus stop,Human Error,Not Applicable,Fatal,Vehicle to Vehicle,Uncontrolled,Others,Others,Bitumen(Tar),Dry,Not Applicable,Fine,RING ROAD DEVINAGARA CRORR NEAR SKYWALK.,ELECTRIC POLL,25FT,13.047189,77.569989
Bengaluru City,Hebbal Traffic PS,1.04432e+16,2022,1,2,Road Accidents,Not Applicable,City/Town,Open area,Human Error,No,Simple Injury,Vehicle to Vehicle,Uncontrolled,Others,Others,Bitumen(Tar),Dry,Not Applicable,Fine,HEBBAL RING ROAD NEAR LUMBINI GUARDEN,NEAR GUARDEN,15FT,0.0,0.0
Bengaluru City,Hebbal Traffic PS,1.04432e+16,2022,1,2,Road Accidents,Junction,City/Town,Near Bus stop,Human Error,Yes,Damage Only,Vehicle to Vehicle,Controlled,Not Applicable,NH,Bitumen(Tar),Dry,Not Applicable,Fine,B B ROAD NEAR BYATARAYANAPURA JUNCTION,PILLER,15FT,0.0,0.0
Bengaluru City,Hebbal Traffic PS,1.04432e+16,2022,1,1,Road Accidents,Cross roads,City/Town,Near office complex,Human Error,No,Grievous Injury,Hit pedestrian,No signal lights,Others,Others,Bitumen(Tar),Dry,Not Applicable,Fine,STARLING APPARTMENT KODIGEHALLI MAIN ROAD,ELECTRIC POLL,30 FT,13.057889,77.587968
Bengaluru City,Hebbal Traffic PS,1.04432e+16,2022,1,2,Road Accidents,Not Applicable,City/Town,Near Bus stop,Not Applicable,No,Fatal,Vehicle to Vehicle,Not Applicable,Straight and flat,Others,Bitumen(Tar),Dry,Not Applicable,Fine,HEBBAL RING ROAD NEAR DEVINAGAR BUS STOP,ELECTRIC POLL,35,13.046902,77.567951
Bengaluru City,Hebbal Traffic PS,1.04432e+16,2022,1,2,Road Accidents,Junction,City/Town,Near Bus stop,Human Error,No,Simple Injury,Vehicle to Vehicle,Controlled,Others,NH,Bitumen(Tar),Dry,Not Applicable,Fine,B B ROAD NEAR KODIGEHALLI JUNCTION,PILLER NO 118,10FT,0.0,0.0
Bengaluru City,Hebbal Traffic PS,1.04432e+16,2022,1,2,Road Accidents,Curves,City/Town,Open area,Human Error,Yes,Grievous Injury,Vehicle to Vehicle,No signal lights,Curve,Residential Street,Not Applicable,Dry,Not Applicable,Others,sahakaranagara,samrudi apportment,20,0.0,0.0
Bengaluru City,Hebbal Traffic PS,1.04432e+16,2022,1,3,Road Accidents,Not Applicable,City/Town,Open area,Human Error,No,Fatal,Vehicle to Vehicle,Not at  Junction,Others,Sub Arterial,Bitumen(Tar),Dry,Not Applicable,Clear,RING ROAD,HEBBAL FLYOVER,1,0.0,0.0
Bengaluru City,Hebbal Traffic PS,1.04432e+16,2022,1,2,Road Accidents,Not Applicable,City/Town,Near Bus stop,Human Error,Not Applicable,Grievous Injury,Vehicle to Vehicle,Uncontrolled,Others,Others,Bitumen(Tar),Dry,Not Applicable,Fine,Ring Road Hebbal Fly Over,Elaectar Pol,25Feet,0.0,0.0
Bengaluru City,Hebbal Traffic PS,1.04432e+16,2022,1,2,Road Accidents,Not Applicable,City/Town,Residential area,Human Error,Not Applicable,Fatal,Not Applicable,Uncontrolled,Others,Others,Bitumen(Tar),Dry,Not Applicable,Fine,Near Sahakar nagar Kodigehalli,ELECTRIC POLL,25FEET,13.059187,77.590427
Bengaluru City,Hebbal Traffic PS,1.04432e+16,2022,1,3,Road Accidents,Not Applicable,City/Town,Near Hospital,Human Error,Not Applicable,Damage Only,Vehicle to Vehicle,Uncontrolled,Others,NH,Bitumen(Tar),Dry,Not Applicable,Fine,B B Road byatarayanapur Fly Over,Electral Poll,10feet,0.0,0.0
Bengaluru City,Hebbal Traffic PS,1.04432e+16,2022,1,2,Road Accidents,Junction,City/Town,Near Bus stop,Human Error,Not Applicable,Simple Injury,Vehicle to Vehicle,Controlled,Others,NH,Bitumen(Tar),Dry,Not Applicable,Fine,B B Road Near Kodiehalli Junction Bangalore City,Senter Median,40ft,13.057346,77.593482
Bengaluru City,Hebbal Traffic PS,1.04432e+16,2022,1,3,Road Accidents,Cross roads,City/Town,Near School or College,Human Error,Yes,Simple Injury,Vehicle to Vehicle,Uncontrolled,Others,Service Road,Bitumen(Tar),Dry,Not Applicable,Fine,NEAR EURO SCHOOL KEMPAPURA HEBBAL,ELECTRIC POLL,30FT,0.0,0.0
Bengaluru City,Hebbal Traffic PS,1.04432e+16,2022,1,2,Road Accidents,Cross roads,City/Town,Near office complex,Human Error,No,Simple Injury,Vehicle to Vehicle,Not Applicable,Others,Others,Bitumen(Tar),Dry,Not Applicable,Fine,L&T BACK GATE NEAR GKVK DOUBLE ROAD.,ELECTRIC POLL,15FT,13.072745,77.589031
Bengaluru City,Hebbal Traffic PS,1.04432e+16,2022,1,2,Road Accidents,Bottleneck,City/Town,Open area,Human Error,No,Grievous Injury,Vehicle to Vehicle,Not at  Junction,Straight and flat,NH,Bitumen(Tar),Dry,Not Applicable,Clear,HEBBAL FLY OVER UPRAMP,LIGHT POLE,25FEET,13.047273,77.591323
Bengaluru City,Hebbal Traffic PS,1.04432e+16,2022,1,2,Not Applicable,Not Applicable,City/Town,Open area,Not Applicable,No,Fatal,Vehicle to Vehicle,Not Applicable,Straight and flat,NH,Bitumen(Tar),Dry,Not Applicable,Clear,B B ROAD HEBBAL FLY OVER DOWN RAMP,ELECTRIC POLL,45ft,13.046689,77.591415
Bengaluru City,Hebbal Traffic PS,1.04432e+16,2022,1,1,Road Accidents,Not Applicable,Rural Areas,Near Bus stop,Human Error,No,Grievous Injury,Hit pedestrian,Uncontrolled,Others,Others,Bitumen(Tar),Dry,Not Applicable,Fine,Hebbal Ring Road Near Devinagar Cross,Eleccrical Poll,26Ft,0.0,0.0
Bengaluru City,Hebbal Traffic PS,1.04432e+16,2022,1,1,Road Accidents,Not Applicable,City/Town,Near Bus stop,Human Error,Not Applicable,Simple Injury,Hit pedestrian,Uncontrolled,Others,NH,Bitumen(Tar),Dry,Not Applicable,Fine,B B Road Kempapur Bus Stop Towards Devanahalli,Elecrital Poll,40Ft,0.0,0.0
Bengaluru City,Hebbal Traffic PS,1.04432e+16,2022,1,2,Road Accidents,Not Applicable,City/Town,Open area,Human Error,Not Applicable,Simple Injury,Vehicle to Vehicle,Uncontrolled,Others,NH,Bitumen(Tar),Dry,Not Applicable,Fine,Near Kodigehalli Flover Infront Of Prolife Hospital.,Electric Poll,30ft,0.0,0.0
Bengaluru City,Hebbal Traffic PS,1.04432e+16,2022,1,2,Road Accidents,Not Applicable,City/Town,Open area,Human Error,Yes,Damage Only,Vehicle to Vehicle,Uncontrolled,Others,NH,Bitumen(Tar),Dry,Not Applicable,Fine,B B ROAD HEBBAL UP RAMP BANGALORE,Electricle poll,20ft,0.0,0.0
Bengaluru City,Hebbal Traffic PS,1.04432e+16,2022,1,1,Road Accidents,Cross roads,City/Town,Near Hospital,Human Error,Not Applicable,Simple Injury,Not Applicable,Not Applicable,Others,Others,Bitumen(Tar),Dry,Not Applicable,Fog / Mist,"Infront Of Mind And Brain Hospital, Kodigehalli Main Road.",Near Hospitall,10ft,13.058855,77.581162
Bengaluru City,Hebbal Traffic PS,1.04432e+16,2022,1,2,Road Accidents,Not Applicable,City/Town,Open area,Human Error,No,Simple Injury,Vehicle to Vehicle,Not at  Junction,Straight and flat,Others,Bitumen(Tar),Dry,Not Applicable,Clear,ROYAL MART KODIGEHALLI,LIGHT POLE,10FT,0.0,0.0
Bengaluru City,Hebbal Traffic PS,1.04432e+16,2022,1,2,Road Accidents,Not Applicable,City/Town,Open area,Human Error,Yes,Fatal,Vehicle to Vehicle,Not at  Junction,Straight and flat,Two way,Bitumen(Tar),Dry,Not Applicable,Clear,BADRAPPA LAYOUT DOWN RAMP FLYOVER TOWARDS BEL,LIGHT POLE AT CENTER MEDIAN,25FEET,13.04672,77.572111
Bengaluru City,Hebbal Traffic PS,1.04432e+16,2022,1,1,Road Accidents,Circle,City/Town,Open area,Human Error,Yes,Simple Injury,Hit pedestrian,Not at  Junction,Straight and flat,NH,Bitumen(Tar),Dry,Not Applicable,Clear,NEAR HEBBAL CIRCLE RING ROAD BENGALURU,BUS STOP,20 FT,0.0,0.0
Bengaluru City,Hebbal Traffic PS,1.04432e+16,2022,1,1,Road Accidents,Not Applicable,City/Town,Open area,Human Error,Not Applicable,Grievous Injury,Not Applicable,Not at  Junction,Straight and flat,Others,Bitumen(Tar),Dry,Not Applicable,Clear,HEBBAL LAKE RING ROAD HEBBAL,BLINKER,10FEET,0.0,0.0
Bengaluru City,Hebbal Traffic PS,1.04432e+16,2022,1,2,Road Accidents,Curves,City/Town,Open area,Not Applicable,No,Grievous Injury,Vehicle to Vehicle,Uncontrolled,Curve,Others,Concrete,Dry,Not Applicable,Fine,NEAR BHETHAL CHURCH,LAKSHMI WEIGHT BRIDGE,1,0.0,0.0
Bengaluru City,Hebbal Traffic PS,1.04432e+16,2022,1,2,Road Accidents,Not Applicable,City/Town,Residential area,Human Error,No,Grievous Injury,Vehicle to Vehicle,Uncontrolled,Others,Others,Bitumen(Tar),Dry,Not Applicable,Others,NearBhrammin Kiccan railwaly paralal Road Sahakar anagar,ELECTRIC POLL,55,0.0,0.0
Bengaluru City,Hebbal Traffic PS,1.04432e+16,2022,1,1,Road Accidents,Not Applicable,City/Town,Open area,Human Error,No,Grievous Injury,Hit pedestrian,Uncontrolled,Others,Others,Bitumen(Tar),Dry,Not Applicable,Fine,NEAR RMV 02ND STAGE APPTS LOTTEGOLLAHALLI,ELECTRIC POLL,10ft,0.0,0.0
Bengaluru City,Hebbal Traffic PS,1.04432e+16,2022,1,1,Road Accidents,Circle,City/Town,In bazaar,Human Error,No,Grievous Injury,Not Applicable,Uncontrolled,Others,Others,Bitumen(Tar),Dry,Not Applicable,Fine,Ganesh Temple Kodigehalli Main Road,Uma Clinck,40FT,0.0,0.0
Bengaluru City,Hebbal Traffic PS,1.04432e+16,2022,1,2,Road Accidents,Junction,City/Town,Near Bus stop,Human Error,No,Fatal,Vehicle to Vehicle,Controlled,Others,NH,Bitumen(Tar),Dry,Not Applicable,Fog / Mist,BYATARAYANAPURA JUNCTION,SIGNAL POLL,10FT,13.067144,77.593083
Bengaluru City,Hebbal Traffic PS,1.04432e+16,2022,1,2,Road Accidents,Cross roads,City/Town,Open area,Human Error,Not Applicable,Simple Injury,Vehicle to Vehicle,Uncontrolled,Others,Others,Bitumen(Tar),Dry,Not Applicable,Flooding of Slipways/Rivulets,Near Srinidhi Sagr Hotel Kodigehalli Main Road Bangaloe,Parking board,20 FT,13.058394,77.5849429
Bengaluru City,Hebbal Traffic PS,1.04432e+16,2022,1,2,Road Accidents,Cross roads,City/Town,Near or inside a village,Human Error,Yes,Simple Injury,Vehicle to Vehicle,Not Applicable,Others,Others,Bitumen(Tar),Dry,Not Applicable,Fine,"GKVK NCBS GATE ROAD, INFRONT OF KARNATAKA STATE APEX BANK KODIGEHALLI SAHAKARANAGARA B'LORE",ELECTRIC POLL,15FT,13.069853,77.581085