DISTRICTNAME,UNITNAME,Crime_No,Year,RI,Noofvehicle_involved,Accident_Classification,Accident_Spot,Accident_Location,Accident_SubLocation,Main_Cause,Hit_Run,Severity,Collision_Type,Junction_Control,Road_Character,Road_Type,Surface_Type,Surface_Condition,Road_Condition,Weather,Accident_Road,Landmark_first,Distance_LandMark_First,Latitude,Longitude
Bengaluru City,Hebbal Traffic PS,1.04432e+16,2022,1,2,Road Accidents,Not Applicable,City/Town,Near Bus stop,Human Error,Yes,Simple Injury,Vehicle to Vehicle,Not at  Junction,Others,NH,Bitumen(Tar),Dry,Not Applicable,Fine,B B ROAD NEAR SAHAKARA NAGAR BATA SHO ROOM,PILLER NO  9,35FT,13.063194,77.593249
Bengaluru City,Hebbal Traffic PS,1.04432e+16,2022,1,1,Road Accidents,Not Applicable,City/Town,Near Hospital,Human Error,No,Fatal,Not Applicable,Not at  Junction,Others,NH,Bitumen(Tar),Dry,Not Applicable,Fine,B B SERVICE ROAD NEAR MOTHERWOOD HOSPITAL SAHAKARANAGARA BENGALURU.,ELECTRIC POLL,25FT,13.061164,77.593279
Bengaluru City,Hebbal Traffic PS,1.04432e+16,2022,1,2,Road Accidents,Junction,City/Town,Near Bus stop,Human Error,No,Simple Injury,Vehicle to Vehicle,Controlled,Others,NH,Bitumen(Tar),Dry,Not Applicable,Fine,B B ROAD NEAR KODIGEHALLI JUNCTION,PILLER,10FT,0.0,0.0
Bengaluru City,Hebbal Traffic PS,1.04432e+16,2022,1,2,Road Accidents,Junction,City/Town,At pedestrian Crossing,Human Error,No,Simple Injury,Vehicle to Vehicle,Signals (Working),Straight and flat,NH,Bitumen(Tar),Dry,Not Applicable,Clear,NEAR KODIGEHALLI JUNCTION B B ROAD,PILLER 119,25FEET,0.0,0.0
Bengaluru City,Hebbal Traffic PS,1.04432e+16,2022,1,2,Road Accidents,Not Applicable,City/Town,Near office complex,Human Error,No,Simple Injury,Vehicle to Vehicle,Not at  Junction,Straight and flat,Two way,Bitumen(Tar),Dry,Not Applicable,Clear,NEAR ADHAAR CARD OFFICE TATA NAGAR BENGALURU CITY,FOOTPATH END POINT,20FEET,0.0,0.0
Bengaluru City,Hebbal Traffic PS,1.04432e+16,2022,1,1,Road Accidents,Circle,City/Town,Near Bus stop,Human Error,No,Grievous Injury,Hit pedestrian,Not at  Junction,Others,Others,Bitumen(Tar),Dry,Not Applicable,Clear,Hebbal Ring Road Near BMTC Bus Stop,Light  Pole,20feet,13.042162,77.594502
Bengaluru City,Hebbal Traffic PS,1.04432e+16,2022,1,1,Road Accidents,Not Applicable,City/Town,Near Hospital,Human Error,Not Applicable,Simple Injury,Not Applicable,Uncontrolled,Others,NH,Bitumen(Tar),Dry,Not Applicable,Fine,B B ROAD BYATARAYANAPURA ON FLYOVER NEAR MOTHER WOOD HOSPITAL.,ELECTRIC POLL,10FT,13.061672,77.593454
Bengaluru City,Hebbal Traffic PS,1.04432e+16,2022,1,2,Road Accidents,Narrow road,City/Town,Narrow bridge or culverts,Human Error,No,Simple Injury,Vehicle to Vehicle,Not at  Junction,Others,NH,Bitumen(Tar),Dry,Not Applicable,Fine,B B ROAD NEAR HEBBAL FLYOVER UP RAMP,ELECTRIC POLL,45ft,13.046798,77.591651
Bengaluru City,Hebbal Traffic PS,1.04432e+16,2022,1,2,Road Accidents,Not Applicable,City/Town,Open area,Not Applicable,Yes,Fatal,Vehicle to Vehicle,Uncontrolled,Straight and flat,NH,Bitumen(Tar),Dry,Not Applicable,Clear,ON BYATARAYANAPURA FLY OVER OPP PROLIFE HOSPITAL,ELECTRIC POLL,25FEET,0.0,0.0
Bengaluru City,Hebbal Traffic PS,1.04432e+16,2022,1,2,Road Accidents,Curves,City/Town,Open area,Not Applicable,No,Damage Only,Vehicle to Vehicle,Not at  Junction,Curve,Others,Not Applicable,Dry,Not Applicable,Clear,ringroad,powet pol,25 fee,0.0,0.0
Bengaluru City,Hebbal Traffic PS,1.04432e+16,2022,1,2,Road Accidents,Circle,City/Town,Near a religious place,Road Environment Defect,No,Simple Injury,Vehicle to Vehicle,Not Applicable,Curve,Two way,Bitumen(Tar),Dry,Not Applicable,Clear,NEAR GANESH TEMPLE KODIGEHALLI,LIGHT POLE,20FT,0.0,0.0
Bengaluru City,Hebbal Traffic PS,1.04432e+16,2022,1,2,Road Accidents,Not Applicable,City/Town,Near Bus stop,Human Error,Not Applicable,Damage Only,Vehicle to Vehicle,Uncontrolled,Others,Others,Concrete,Dry,Not Applicable,Fine,Hebbal Ring Road Lumbini gourden Hebbal,electrial poll,15 fee,0.0,0.0
Bengaluru City,Hebbal Traffic PS,1.04432e+16,2022,1,2,Road Accidents,Circle,City/Town,Near Bus stop,Human Error,Not Applicable,Simple Injury,Vehicle to Vehicle,Controlled,Others,NH,Bitumen(Tar),Dry,Not Applicable,Fog / Mist,"Infrent Of Godrej woodsman Estate, Near Kodigehalli Circle",Electric Poll,40,0.0,0.0
Bengaluru City,Hebbal Traffic PS,1.04432e+16,2022,1,2,Road Accidents,Not Applicable,City/Town,Narrow bridge or culverts,Not Applicable,No,Fatal,Vehicle to Vehicle,Not Applicable,Others,Others,Bitumen(Tar),Dry,Not Applicable,Fine,HEBBAL RING ROAD BHADRAPPA LAYOUT FLY OVER,ELECTRIC POLL,25,13.047683,77.577698
Bengaluru City,Hebbal Traffic PS,1.04432e+16,2022,1,2,Road Accidents,Not Applicable,City/Town,Open area,Human Error,No,Simple Injury,Vehicle to Vehicle,Uncontrolled,Others,NH,Bitumen(Tar),Dry,Not Applicable,Fine,B B ROAD OF HEBBAL FLYOVER,ELECTRIC POLL,10FT,0.0,0.0
Bengaluru City,Hebbal Traffic PS,1.04432e+16,2022,1,1,Road Accidents,Not Applicable,City/Town,Open area,Not Applicable,Not Applicable,Grievous Injury,Not Applicable,Uncontrolled,Curve and Incline,Others,Bitumen(Tar),Dry,Not Applicable,Fog / Mist,HEBBAL RING ROAD DEVINAGAR CROSS,NEAR BUSTOP,15FT,0.0,0.0
Bengaluru City,Hebbal Traffic PS,1.04432e+16,2022,1,2,Road Accidents,Not Applicable,City/Town,Residential area,Human Error,No,Simple Injury,Vehicle to Vehicle,Not at  Junction,Others,Residential Street,Bitumen(Tar),Dry,Not Applicable,Clear,near amritha halli police station bengaluru,amritha halli police station,20ft,13.055498,77.598358
Bengaluru City,Hebbal Traffic PS,1.04432e+16,2022,1,2,Road Accidents,Junction,City/Town,Near Bus stop,Not Applicable,No,Fatal,Vehicle to Vehicle,Controlled,Others,NH,Bitumen(Tar),Dry,Not Applicable,Clear,NEAR KODIGEHALLI JUNCTION B B ROAD,SIGNAL POLL,25FEET,13.05736,77.593201
Bengaluru City,Hebbal Traffic PS,1.04432e+16,2022,1,2,Road Accidents,Not Applicable,City/Town,Open area,Human Error,No,Grievous Injury,Vehicle to Vehicle,Not at  Junction,Straight and flat,Two way,Bitumen(Tar),Dry,Not Applicable,Clear,"GKVK DOUBLE ROAD,L&T BACK GATE BYATARAYANAPUR BENGALURU",RAILWAY TRACK,20FT,13.072599,77.58888
Bengaluru City,Hebbal Traffic PS,1.04432e+16,2022,1,2,Road Accidents,Circle,City/Town,Near office complex,Human Error,No,Simple Injury,Vehicle to Vehicle,Not at  Junction,Straight and flat,Others,Bitumen(Tar),Dry,Not Applicable,Clear,"HEBBAL RING ROAD,NEAR KUMAR AMBULANCE OFFICE ,BENGALURU",KUMAR AMBULANCE OFFICE,20FEET,0.0,0.0
Bengaluru City,Hebbal Traffic PS,1.04432e+16,2022,1,1,Not Applicable,Not Applicable,City/Town,Near Hospital,Human Error,No,Fatal,Hit pedestrian,Uncontrolled,Others,Others,Bitumen(Tar),Dry,Not Applicable,Others,Hebbal Signal Near Hebbal Cricle,Electral Pol,10feet,0.0,0.0
Bengaluru City,Hebbal Traffic PS,1.04432e+16,2022,1,1,Road Accidents,Narrow road,City/Town,Near Bus stop,Human Error,Yes,Simple Injury,Hit pedestrian,Uncontrolled,Others,NH,Bitumen(Tar),Dry,Not Applicable,Fine,INFRONT OF HEERALAL HOUSE 1ST CROSS DASARAHALLI MAIN ROAD HEBBAL.,ELECTRIC POLL,15FT,13.052292,77.5938
Bengaluru City,Hebbal Traffic PS,1.04432e+16,2022,1,2,Road Accidents,Not Applicable,City/Town,Residential area,Human Error,No,Simple Injury,Vehicle to Vehicle,Uncontrolled,Others,Others,Bitumen(Tar),Dry,Not Applicable,Fine,SAHAKARANAGARA RAILWAY PARALAL ROAD 14TH CROSS SAHAKARANAGARA,ELECTRIC POLL,35FT,13.066461,77.58145
Bengaluru City,Hebbal Traffic PS,1.04432e+16,2022,1,2,Road Accidents,Not Applicable,City/Town,Near Bus stop,Human Error,Not Applicable,Grievous Injury,Vehicle to Vehicle,Uncontrolled,Not Applicable,NH,Bitumen(Tar),Dry,Not Applicable,Fine,B B Road Hebbal Fly Over,Electral Pol,35Feet,0.0,0.0
Bengaluru City,Hebbal Traffic PS,1.04432e+16,2022,1,1,Road Accidents,Not Applicable,City/Town,Open area,Human Error,Not Applicable,Fatal,Not Applicable,Uncontrolled,Others,NH,Bitumen(Tar),Dry,Not Applicable,Fine,B B Road Service Road Infront of hindware Store Byatarayanapur Sahakar Nagar,Balagi stone shop,35ft,13.061999,77.593549
Bengaluru City,Hebbal Traffic PS,1.04432e+16,2022,1,1,Road Accidents,Cross roads,City/Town,In bazaar,Human Error,Not Applicable,Simple Injury,Hit pedestrian,Not Applicable,Others,Others,Bitumen(Tar),Dry,Not Applicable,Fine,"Near Anand Super Market 18th Cross Srirampura Main road,amruthahalli",Electric poll,30 ft,0.0,0.0
Bengaluru City,Hebbal Traffic PS,1.04432e+16,2022,1,2,Road Accidents,Cross roads,City/Town,Near Bus stop,Human Error,Not Applicable,Simple Injury,Vehicle to Vehicle,Uncontrolled,Others,NH,Bitumen(Tar),Dry,Not Applicable,Fog / Mist,B B ROAD NEAR KEMPAPURA CROSS TOWARD YELAHANKA,NEAR BUSTOP,50FT,13.051076,77.592972
Bengaluru City,Hebbal Traffic PS,1.04432e+16,2022,1,1,Road Accidents,Not Applicable,City/Town,Narrow bridge or culverts,Not Applicable,Yes,Grievous Injury,Hit pedestrian,Uncontrolled,Straight and flat,NH,Bitumen(Tar),Dry,Not Applicable,Fine,BB ROAD NEAR HEBBAL FLY OVER UP RAMP,ELECTRIC POLL,25FT,13.046572,77.5915379
Bengaluru City,Hebbal Traffic PS,1.04432e+16,2022,1,2,Road Accidents,Not Applicable,City/Town,Open area,Not Applicable,Yes,Damage Only,Vehicle to Vehicle,No signal lights,Others,Arterial,Surfaced,Dry,Not Applicable,Clear,BB ROAD HEBBLA FLYOVRE UPRAMP,LIGHT POLL,15 M,0.0,0.0
Bengaluru City,Hebbal Traffic PS,1.04432e+16,2022,1,2,Road Accidents,Not Applicable,City/Town,Open area,Not Applicable,No,Simple Injury,Vehicle to Vehicle,Not Applicable,Straight and flat,NH,Bitumen(Tar),Dry,Not Applicable,Clear,B B ROAD BYATARAYANAPURA ON FLY OVER,ELECTRIC POLL,20FT,0.0,0.0
Bengaluru City,Hebbal Traffic PS,1.04432e+16,2022,1,1,Road Accidents,Not Applicable,City/Town,Residential area,Human Error,Not Applicable,Fatal,Not Applicable,Uncontrolled,Others,Others,Bitumen(Tar),Dry,Not Applicable,Fine,Near R N Fort Aparment Maruti Layout Dasarahalli,Electral poll,05ft,13.06051,77.605835
Bengaluru City,Hebbal Traffic PS,1.04432e+16,2022,1,2,Road Accidents,Junction,City/Town,Near Bus stop,Not Applicable,No,Grievous Injury,Vehicle to Vehicle,Signal lights Automatic,Not Applicable,Service Road,Bitumen(Tar),Dry,Not Applicable,Clear,HEBBAL RING ROAD HEBBAL CIRCLE,SIGNAL POLL,45ft,0.0,0.0
Bengaluru City,Hebbal Traffic PS,1.04432e+16,2022,1,2,Road Accidents,Junction,City/Town,Near Bus stop,Human Error,Not Applicable,Fatal,Vehicle to Vehicle,Controlled,Others,NH,Bitumen(Tar),Dry,Not Applicable,Fine,B B ROAD NEAR SHRIGANDHA PALACE KODIGEHALLI JUNCTION B'LORE.,ELECTRIC POLL,30FT,13.056305,77.593221
Bengaluru City,Hebbal Traffic PS,1.04432e+16,2022,1,2,Road Accidents,Junction,City/Town,Near Bus stop,Human Error,No,Simple Injury,Vehicle to Vehicle,Controlled,Others,NH,Bitumen(Tar),Dry,Not Applicable,Fine,B B ROAD NEAR BYATRAYANAPURA JUNCTION.,SIGNAL LIGHT,20FT,13.067215,77.593266
Bengaluru City,Hebbal Traffic PS,1.04432e+16,2022,1,2,Road Accidents,Not Applicable,City/Town,Open area,Not Applicable,No,Grievous Injury,Vehicle to Vehicle,Not Applicable,Not Applicable,Others,Surfaced,Dry,Not Applicable,Others,RING ROAD,BINKER,25 M,0.0,0.0
Bengaluru City,Hebbal Traffic PS,1.04432e+16,2022,1,2,Road Accidents,Circle,City/Town,In bazaar,Human Error,No,Fatal,Vehicle to Vehicle,No signal lights,Curve,Others,Bitumen(Tar),Dry,Not Applicable,Fog / Mist,NEAR WATER TANK JUNCTION AMRUTHAHALLI,NEAR WATER TANK,50,13.065708,77.600783
Bengaluru City,Hebbal Traffic PS,1.04432e+16,2022,1,1,Road Accidents,Cross roads,City/Town,Open area,Human Error,Not Applicable,Simple Injury,Hit pedestrian,Not Applicable,Others,Others,Bitumen(Tar),Dry,Not Applicable,Fine,INFRONT OF HEERALAL HOUSE 1ST CROSS DASARAHALLI MAIN ROAD HEBBAL.,NEAR HOUSE,30FT,0.0,0.0
Bengaluru City,Hebbal Traffic PS,1.04432e+16,2022,1,2,Road Accidents,Junction,City/Town,Open area,Not Applicable,No,Damage Only,Vehicle to Vehicle,Controlled,Others,Major District Road,Bitumen(Tar),Dry,Not Applicable,Clear,HEBBAL CIRCLE,FLYOVER PILLER,20,0.0,0.0
Bengaluru City,Hebbal Traffic PS,1.04432e+16,2022,1,1,Road Accidents,Not Applicable,City/Town,Near Petrol Pump,Human Error,Not Applicable,Fatal,Not Applicable,Uncontrolled,Others,Others,Bitumen(Tar),Dry,Not Applicable,Fine,Hebbal Ring Road Kumar Ambulance yogeshwar nagar Cross,ELECTRIC POLL,25ft,13.043487,77.599155
Bengaluru City,Hebbal Traffic PS,1.04432e+16,2022,1,1,Road Accidents,Not Applicable,City/Town,In bazaar,Human Error,No,Grievous Injury,Vehicle to Vehicle,Uncontrolled,Others,Others,Bitumen(Tar),Dry,Not Applicable,Fine,Cloud Nine Hospital Pracking Kodigehalli Main Road,ELECTRIC POLL,15FT,0.0,0.0
Bengaluru City,Hebbal Traffic PS,1.04432e+16,2022,1,2,Road Accidents,Not Applicable,City/Town,Open area,Human Error,Not Applicable,Simple Injury,Vehicle to Vehicle,Uncontrolled,Others,NH,Bitumen(Tar),Dry,Not Applicable,Fine,B B Road Byatarayanapura on Flyover,Electric Pol,25ft,0.0,0.0
Bengaluru City,Hebbal Traffic PS,1.04432e+16,2022,1,1,Road Accidents,Cross roads,City/Town,Open area,Human Error,Not Applicable,Fatal,Not Applicable,Not at  Junction,Others,Others,Bitumen(Tar),Dry,Not Applicable,Fine,Hebbal ring Road Varun Maruthi Suzuki Show Room Opp to Kumar Ambulance Bangalore,ELECTRIC POLL,10ft,13.043437,77.599158
Bengaluru City,Hebbal Traffic PS,1.04432e+16,2022,1,2,Road Accidents,Cross roads,City/Town,Near Bus stop,Human Error,Not Applicable,Simple Injury,Vehicle to Vehicle,Uncontrolled,Others,Others,Bitumen(Tar),Dry,Not Applicable,Mist or Fog,Hebbal Ring Road Near BMTC Bus Depo Bangalore,MBTC bus depo,40,0.0,0.0
Bengaluru City,Hebbal Traffic PS,1.04432e+16,2022,1,1,Road Accidents,Not Applicable,City/Town,Open area,Human Error,Yes,Fatal,Hit pedestrian,Uncontrolled,Others,NH,Bitumen(Tar),Dry,Not Applicable,Fine,"B B ROAD ON BYATARAYANAPURA FLYOVER BANGALORE,",ELECTRIC POLL,40FT,13.069087,77.59297
Bengaluru City,Hebbal Traffic PS,1.04432e+16,2022,1,1,Road Accidents,Circle,City/Town,Near Bus stop,Human Error,Not Applicable,Simple Injury,Hit pedestrian,Controlled,Others,Others,Bitumen(Tar),Dry,Not Applicable,Fine,RING ROAD NEAR HEBBAL CIRCLE,ELECTRIC POLL,20 FT,0.0,0.0
Bengaluru City,Hebbal Traffic PS,1.04432e+16,2022,1,1,Road Accidents,Road hump or Rumble strips,City/Town,Near Bus stop,Not Applicable,No,Grievous Injury,Hit pedestrian,Uncontrolled,Others,Others,Concrete,Dry,Not Applicable,Cloudy,HEBBAL RING ROAD NEAR KEMPAPURA BUS STOP,senter midian,5,0.0,0.0
Bengaluru City,Hebbal Traffic PS,1.04432e+16,2023,1,2,Road Accidents,Not Applicable,City/Town,Residential area,Human Error,Not Applicable,Grievous Injury,Vehicle to Vehicle,Uncontrolled,Others,Others,Bitumen(Tar),Dry,Not Applicable,Fine,Kodigehalli Main Road Sreenidi Sagar Hotel,Electral Pol,10feet,0.0,0.0
Bengaluru City,Hebbal Traffic PS,1.04432e+16,2023,1,1,Not Applicable,Not Applicable,City/Town,Near Bus stop,Human Error,No,Grievous Injury,Hit pedestrian,Uncontrolled,Others,NH,Bitumen(Tar),Dry,Not Applicable,Fine,Opp Army Gate Kempapur Cross Towards Airport,Elelcrral Poll,35Ft,0.0,0.0
Bengaluru City,Hebbal Traffic PS,1.04432e+16,2023,1,2,Road Accidents,Not Applicable,City/Town,Open area,Human Error,Not Applicable,Grievous Injury,Hit pedestrian,Uncontrolled,Others,Others,Bitumen(Tar),Dry,Not Applicable,Fine,"NEAR GST OFFICE BHADRAPPA LAYOUT MAIN ROAD, KODIGEHALLI,BENGALURU",ELECTRIC POLL,25FT,0.0,0.0
Bengaluru City,Hebbal Traffic PS,1.04432e+16,2023,1,1,Road Accidents,Not Applicable,City/Town,Open area,Human Error,Not Applicable,Grievous Injury,Hit pedestrian,Uncontrolled,Not Applicable,Others,Bitumen(Tar),Dry,Not Applicable,Fine,"AMRUTHALLI MAIN ROAD 18TH CROSS,SAHAKARANAGARA,BENGALURU",ELECTRIC POLL,15FT,0.0,0.0
Bengaluru City,Hebbal Traffic PS,1.04432e+16,2023,1,2,Road Accidents,Not Applicable,City/Town,In bazaar,Human Error,Not Applicable,Grievous Injury,Vehicle to Vehicle,Uncontrolled,Others,Others,Bitumen(Tar),Dry,Not Applicable,Fine,"NEAR ESHA HOSPITAL COFFEE BOARD LAYOUT, DASARAHALLI MAIN ROAD, BENGALURU CITY",ELECTRIC POLL,10 ft,0.0,0.0
Bengaluru City,Hebbal Traffic PS,1.04432e+16,2023,1,2,Road Accidents,Not Applicable,City/Town,Open area,Human Error,Yes,Grievous Injury,Not Applicable,Uncontrolled,Others,NH,Bitumen(Tar),Dry,Not Applicable,Fine,KODIGEHALLI ON FLYOVER B B ROAD,ELECTRIC POLL,15FT,13.059192,77.593534
Bengaluru City,Hebbal Traffic PS,1.04432e+16,2023,1,2,Road Accidents,Not Applicable,City/Town,Open area,Human Error,No,Grievous Injury,Vehicle to Vehicle,Signal lights Automatic,Others,NH,Bitumen(Tar),Dry,Not Applicable,Fine,B B ROAD BYATARAYANAPUR JUNCATION,FLYOVER PILLAR,15FT,13.067121,77.593278
Bengaluru City,Hebbal Traffic PS,1.04432e+16,2023,1,2,Road Accidents,Not Applicable,City/Town,Open area,Human Error,Yes,Damage Only,Vehicle to Vehicle,Signal lights Automatic,Others,NH,Bitumen(Tar),Dry,Not Applicable,Fine,B B ROAD  NEAR KODIGEHALLI JUNCATION,PILLER 118,15FT,13.057352,77.593589
Bengaluru City,Hebbal Traffic PS,1.04432e+16,2023,1,2,Road Accidents,Not Applicable,City/Town,Open area,Human Error,No,Damage Only,Vehicle to Vehicle,Uncontrolled,Others,Others,Bitumen(Tar),Dry,Not Applicable,Fine,HEBBAL RING ROAD VIRANNAPALYA JUNCATION,SIGNAL POLL,10 ft,13.042422,77.613477
Bengaluru City,Hebbal Traffic PS,1.04432e+16,2023,1,2,Road Accidents,Junction,City/Town,Open area,Human Error,No,Damage Only,Vehicle to Vehicle,Signal lights Automatic,Others,Others,Bitumen(Tar),Dry,Not Applicable,Fine,RING ROAD NEAR  HEBBAL CIRCLE,Piller,20 FT,13.043137,77.590641
Bengaluru City,Hebbal Traffic PS,1.04432e+16,2023,1,1,Road Accidents,Not Applicable,City/Town,Open area,Human Error,Not Applicable,Grievous Injury,Hit pedestrian,Uncontrolled,Others,Others,Bitumen(Tar),Dry,Not Applicable,Fine,RING ROAD  NEAR DEVINAGAR BUS STOP,ELECTRIC POLL,30 FT,13.046914,77.569115
Bengaluru City,Hebbal Traffic PS,1.04432e+16,2023,1,2,Road Accidents,Not Applicable,City/Town,Open area,Human Error,No,Grievous Injury,Vehicle to Vehicle,Uncontrolled,Others,NH,Bitumen(Tar),Dry,Not Applicable,Fine,ON KODIGEHALLI FLY OVER OPP SIMPLY NAMDHARIS & CENTURY ETHEOS,ELECTRAC POLL,15FT,13.06304,77.593406
Bengaluru City,Hebbal Traffic PS,1.04432e+16,2023,1,1,Road Accidents,Not Applicable,City/Town,In bazaar,Human Error,Not Applicable,Grievous Injury,Not Applicable,Uncontrolled,Others,Others,Bitumen(Tar),Dry,Not Applicable,Fine,Sahakar Nagar A Black Near Shiva Travels,ELECTRIC POLL,35FT,0.0,0.0
Bengaluru City,Hebbal Traffic PS,1.04432e+16,2023,1,1,Road Accidents,Not Applicable,City/Town,Near Hospital,Human Error,Not Applicable,Simple Injury,Hit pedestrian,Uncontrolled,Others,Others,Bitumen(Tar),Dry,Not Applicable,Fine,Tindlu Main Road Opp True Medical Helth Care,Eletral pol,25ft,0.0,0.0
Bengaluru City,Hebbal Traffic PS,1.04432e+16,2023,1,1,Road Accidents,Not Applicable,City/Town,Open area,Human Error,Not Applicable,Damage Only,Not Applicable,Uncontrolled,Others,NH,Bitumen(Tar),Dry,Not Applicable,Others,B B ROAD BYATARAYANAPURA Juncation,Center Mdiyan,42Ft,13.066704,77.593281
Bengaluru City,Hebbal Traffic PS,1.04432e+16,2023,1,1,Road Accidents,Not Applicable,City/Town,Near Bus stop,Human Error,Not Applicable,Grievous Injury,Hit pedestrian,Uncontrolled,Others,Others,Concrete,Dry,Not Applicable,Fine,HEBBAL RING ROADYOGESHWAR NAGAR CROSS,ELECTRIC POLL,20 FT,0.0,0.0
Bengaluru City,Hebbal Traffic PS,1.04432e+16,2023,1,2,Road Accidents,Not Applicable,City/Town,In bazaar,Human Error,Yes,Grievous Injury,Vehicle to Vehicle,Uncontrolled,Others,Others,Bitumen(Tar),Dry,Not Applicable,Fine,"NEAR RAILWAY UNDERPASS, KODIGEHALLI, BENGALURU CITY",ELECTRIC POLL,26 FT,0.0,0.0
Bengaluru City,Hebbal Traffic PS,1.04432e+16,2023,1,1,Road Accidents,Not Applicable,City/Town,Open area,Human Error,Yes,Grievous Injury,Hit pedestrian,Uncontrolled,Others,Others,Bitumen(Tar),Dry,Not Applicable,Fine,NEAR VIRANNAPALYA DASARAHALLI MAIN ROAD,E,28FT,0.0,0.0
Bengaluru City,Hebbal Traffic PS,1.04432e+16,2023,1,2,Road Accidents,Not Applicable,City/Town,Open area,Human Error,No,Grievous Injury,Vehicle to Vehicle,Uncontrolled,Others,Others,Bitumen(Tar),Dry,Not Applicable,Fine,RING ROAD VIRANNAFLY OVER,ELECTRAL PL,26FT,13.042536,77.612573
Bengaluru City,Hebbal Traffic PS,1.04432e+16,2023,1,1,Road Accidents,Not Applicable,City/Town,Open area,Human Error,No,Simple Injury,Hit pedestrian,Uncontrolled,Others,NH,Bitumen(Tar),Dry,Not Applicable,Fine,B B ROAD NEAR DAIRY FORM KEMPAPUR CROSS HEBBAL,ELECTRAL POLL,25FT,13.052123,77.593193
Bengaluru City,Hebbal Traffic PS,1.04432e+16,2023,1,2,Road Accidents,Not Applicable,City/Town,Open area,Human Error,No,Damage Only,Vehicle to Vehicle,Uncontrolled,Others,Others,Bitumen(Tar),Dry,Not Applicable,Fine,HEBBAL CIRCLE NEAR HEBBAL LAKE,ELECTRIC POLL,25FT,0.0,0.0
Bengaluru City,Hebbal Traffic PS,1.04432e+16,2023,1,1,Road Accidents,Not Applicable,City/Town,Open area,Human Error,No,Grievous Injury,Vehicle to Vehicle,Uncontrolled,Others,NH,Bitumen(Tar),Dry,Not Applicable,Fog / Mist,HEBBAL ON FLY OVER K R PURAM TRACK,ELECRITAL POLL,38FT,0.0,0.0
Bengaluru City,Hebbal Traffic PS,1.04432e+16,2023,1,2,Road Accidents,Not Applicable,City/Town,Open area,Human Error,No,Grievous Injury,Vehicle to Vehicle,Uncontrolled,Others,Others,Bitumen(Tar),Dry,Not Applicable,Fine,NEAR K R PURAM UP RAMP HEBBAL OUT RING ROAD HEBBAL,MIDIYAN,08FT,0.0,0.0
Bengaluru City,Hebbal Traffic PS,1.04432e+16,2023,1,1,Road Accidents,Not Applicable,City/Town,In bazaar,Human Error,Not Applicable,Grievous Injury,Hit pedestrian,Uncontrolled,Others,Others,Bitumen(Tar),Dry,Not Applicable,Fine,SUMANGALI SEVASHAMA ROAD NEAR SUPPAR MARKET,ELECTRIC POLL,15FT,13.036532,77.593897
Bengaluru City,Hebbal Traffic PS,1.04432e+16,2023,1,2,Road Accidents,Not Applicable,City/Town,Open area,Human Error,No,Grievous Injury,Vehicle to Vehicle,Uncontrolled,Others,Others,Bitumen(Tar),Dry,Not Applicable,Fine,RING ROAD NEARDEVINAGAR CEOSS,MIDIYAN,08 FT,13.047161,77.570022
Bengaluru City,Hebbal Traffic PS,1.04432e+16,2023,1,2,Road Accidents,Not Applicable,City/Town,In bazaar,Human Error,Not Applicable,Grievous Injury,Vehicle to Vehicle,Uncontrolled,Others,Others,Bitumen(Tar),Dry,Not Applicable,Others,GUDDADAHALLI MAIN ROAD OPP FIVE STAR CHIKAN SHOP,ELECTRIC POLL,10 ft,13.039094,77.598391
Bengaluru City,Hebbal Traffic PS,1.04432e+16,2023,1,1,Road Accidents,Not Applicable,City/Town,Near Bus stop,Human Error,Yes,Grievous Injury,Hit pedestrian,Uncontrolled,Others,Others,Bitumen(Tar),Dry,Not Applicable,Fine,RING ROAD DEVINAGARA BUS STOP,ELECTRIC POLL,30 FT,13.046924,77.569125
Bengaluru City,Hebbal Traffic PS,1.04432e+16,2023,1,1,Road Accidents,Not Applicable,City/Town,Near Hospital,Human Error,Not Applicable,Grievous Injury,Hit pedestrian,Uncontrolled,Others,NH,Bitumen(Tar),Dry,Not Applicable,Fine,Kodigehalli On Fly Over Don Ramp,ELECTRIC POLL,10ft,0.0,0.0
Bengaluru City,Hebbal Traffic PS,1.04432e+16,2023,1,1,Road Accidents,Not Applicable,City/Town,Near Bus stop,Human Error,No,Grievous Injury,Hit pedestrian,Uncontrolled,Others,Others,Concrete,Dry,Not Applicable,Fine,NEAR KUMAR AMBULANCE HEBBAL RING ROAD YOGESHWAR NAGAR CROSS,ELECRATAL POL,25ft,0.0,0.0
Bengaluru City,Hebbal Traffic PS,1.04432e+16,2023,1,1,Road Accidents,Not Applicable,City/Town,In bazaar,Human Error,Not Applicable,Grievous Injury,Hit pedestrian,Uncontrolled,Others,Others,Bitumen(Tar),Dry,Not Applicable,Fine,OPP SHANTHINIKHETHANA ENGLISH SCHOOL BHADRAPPA LAYOUT,ELECTRIC POLL,10ft,0.0,0.0
Bengaluru City,Hebbal Traffic PS,1.04432e+16,2023,1,2,Road Accidents,Not Applicable,City/Town,Open area,Human Error,Yes,Fatal,Vehicle to Vehicle,Uncontrolled,Others,Others,Bitumen(Tar),Dry,Not Applicable,Fine,"NEAR BHADRAPPA LAYOUT FLYOVER DOWN RAMP TOWARDS BEL,BENGALURU CITY",ELECTRIC POLL,30 FT,0.0,0.0
Bengaluru City,Hebbal Traffic PS,1.04432e+16,2023,1,2,Road Accidents,Not Applicable,City/Town,Open area,Human Error,Not Applicable,Grievous Injury,Vehicle to Vehicle,Uncontrolled,Others,Others,Bitumen(Tar),Dry,Not Applicable,Fine,5TH CROSS 8TH MAIN COFFEE BOARD LAYOUT KEMPAPURA HEBBAL,ELECTRIC POLL,15FT,0.0,0.0
Bengaluru City,Hebbal Traffic PS,1.04432e+16,2023,1,2,Road Accidents,Not Applicable,City/Town,Open area,Human Error,Yes,Fatal,Vehicle to Vehicle,Uncontrolled,Others,NH,Bitumen(Tar),Dry,Not Applicable,Fine,AIRPORT ROAD BYATARAYANAPUR ON FLY OVER SAHAKARA NAGAR,ELECTRAC POL,15FT,0.0,0.0
Bengaluru City,Hebbal Traffic PS,1.04432e+16,2023,1,3,Road Accidents,Not Applicable,City/Town,Open area,Human Error,No,Grievous Injury,Vehicle to Vehicle,Uncontrolled,Others,NH,Bitumen(Tar),Dry,Not Applicable,Fine,KODIGEHALLI ON FLYOVER TOWARDS HEBBAL,ELECTRIC POLL,25FT,13.057445,77.775935
Bengaluru City,Hebbal Traffic PS,1.04432e+16,2023,1,2,Not Applicable,Junction,City/Town,Open area,Human Error,No,Damage Only,Vehicle to Vehicle,Uncontrolled,Others,NH,Bitumen(Tar),Dry,Not Applicable,Fine,B B ROAD NEAR KODIGEHALLI JUNCATION,PILLER,20FT,13.057333,77.593603
Bengaluru City,Hebbal Traffic PS,1.04432e+16,2023,1,2,Road Accidents,Not Applicable,City/Town,Near Bus stop,Human Error,Yes,Grievous Injury,Vehicle to Vehicle,Uncontrolled,Others,NH,Bitumen(Tar),Dry,Not Applicable,Others,B B ROAD KEMPAPUR CREOSS TOWARDS AIRPORT,ELECTRIC POLL,30 FT,13.05084,77.593016