DISTRICTNAME,UNITNAME,Crime_No,Year,RI,Noofvehicle_involved,Accident_Classification,Accident_Spot,Accident_Location,Accident_SubLocation,Main_Cause,Hit_Run,Severity,Collision_Type,Junction_Control,Road_Character,Road_Type,Surface_Type,Surface_Condition,Road_Condition,Weather,Accident_Road,Landmark_first,Distance_LandMark_First,Latitude,Longitude
Bengaluru City,Hebbal Traffic PS,1.04432e+16,2023,1,2,Road Accidents,Not Applicable,City/Town,In bazaar,Human Error,Not Applicable,Grievous Injury,Vehicle to Vehicle,Uncontrolled,Others,Others,Bitumen(Tar),Dry,Not Applicable,Fine,AMRUTHAHALLI LAKE HEBBAL,ELECTRIC POLL,10 ft,13.061667,77.599656
Bengaluru City,Hebbal Traffic PS,1.04432e+16,2023,1,2,Road Accidents,Not Applicable,City/Town,Near Hospital,Human Error,Not Applicable,Grievous Injury,Vehicle to Vehicle,Uncontrolled,Not Applicable,NH,Bitumen(Tar),Dry,Not Applicable,Fine,B B Road Byatarayanapur Fly Over,Electral Pol,36feet,0.0,0.0
Bengaluru City,Hebbal Traffic PS,1.04432e+16,2023,1,1,Not Applicable,Not Applicable,City/Town,Near Bus stop,Human Error,Yes,Fatal,Hit pedestrian,Uncontrolled,Others,Others,Bitumen(Tar),Dry,Not Applicable,Fine,Hebbal Ring Road Devinagar Cross Bus Stop,ELECTRIC POLL,32feet,0.0,0.0
Bengaluru City,Hebbal Traffic PS,1.04432e+16,2023,1,2,Road Accidents,Not Applicable,City/Town,Open area,Human Error,Not Applicable,Grievous Injury,Vehicle to Vehicle,Controlled,Others,Others,Bitumen(Tar),Dry,Not Applicable,Fine,"BELOW THE FLYOVER OF HEBBAL,JUNCTION,BENGALURU CITY",ELECTRIC POLL,20 FT,0.0,0.0
Bengaluru City,Hebbal Traffic PS,1.04432e+16,2023,1,2,Road Accidents,Not Applicable,City/Town,Residential area,Human Error,Yes,Grievous Injury,Vehicle to Vehicle,Uncontrolled,Others,Others,Bitumen(Tar),Dry,Not Applicable,Fine,KODIGEHALLI TINDLU MAIN ROAD NEAR PETROL BUNK,ELECTRIC POLL,04FT,13.062902,77.572833
Bengaluru City,Hebbal Traffic PS,1.04432e+16,2023,1,2,Road Accidents,Not Applicable,City/Town,Open area,Human Error,Not Applicable,Grievous Injury,Vehicle to Vehicle,Uncontrolled,Not Applicable,Others,Bitumen(Tar),Dry,Not Applicable,Fine,HEBBAL CIRCLE RING ROAD,Piller,6FT,13.046168,77.591613
Bengaluru City,Hebbal Traffic PS,1.04432e+16,2023,1,1,Road Accidents,Not Applicable,City/Town,Open area,Human Error,Yes,Simple Injury,Vehicle to Vehicle,Uncontrolled,Others,Others,Bitumen(Tar),Dry,Not Applicable,Fine,HEBBAL CIRCLE RING ROAD HEBBAL,ELECTRIC POLL,18FT,13.043047,77.590263
Bengaluru City,Hebbal Traffic PS,1.04432e+16,2023,1,2,Road Accidents,Not Applicable,City/Town,Open area,Human Error,No,Simple Injury,Vehicle to Vehicle,Uncontrolled,Others,Others,Bitumen(Tar),Dry,Not Applicable,Fine,NEAR VEERANNAPALYA UPRAMP OUTER RNG ROAD,Elecrtal  poll,22ft,13.042829,77.611169
Bengaluru City,Hebbal Traffic PS,1.04432e+16,2023,1,1,Road Accidents,Not Applicable,City/Town,Near School or College,Human Error,No,Grievous Injury,Vehicle to Vehicle,Uncontrolled,Others,Others,Bitumen(Tar),Dry,Not Applicable,Fine,NEAR DEV IN INTER NATIONAL SCHOOOL KODIGEHALLI MAIN ROAD,ELECTRAL POLL,06FT,13.060071,77.581451
Bengaluru City,Hebbal Traffic PS,1.04432e+16,2023,1,2,Road Accidents,Not Applicable,City/Town,Open area,Human Error,Not Applicable,Grievous Injury,Vehicle to Vehicle,Uncontrolled,Others,Others,Bitumen(Tar),Dry,Not Applicable,Fine,Rachenahalli Lake Bhuvaneshwari Nagar Dasarahalli,Electral Pol,10Ft,0.0,0.0
Bengaluru City,Hebbal Traffic PS,1.04432e+16,2023,1,2,Road Accidents,Not Applicable,City/Town,In bazaar,Human Error,Not Applicable,Grievous Injury,Vehicle to Vehicle,Uncontrolled,Not Applicable,Others,Bitumen(Tar),Dry,Not Applicable,Fine,Near Pampa Extension presidency  college kempapur,Electral Pol,15,0.0,0.0
Bengaluru City,Hebbal Traffic PS,1.04432e+16,2023,1,2,Road Accidents,Not Applicable,City/Town,Open area,Human Error,Not Applicable,Damage Only,Vehicle to Vehicle,Uncontrolled,Others,Others,Bitumen(Tar),Dry,Pot holed,Fine,RING ROAD HEBBAL CRICLE,MIDIYAN,09FT,0.0,0.0
Bengaluru City,Hebbal Traffic PS,1.04432e+16,2023,1,2,Road Accidents,Not Applicable,City/Town,Open area,Human Error,Not Applicable,Damage Only,Vehicle to Vehicle,Uncontrolled,Others,Others,Concrete,Dry,Not Applicable,Fine,RING ROAD HEBBAL CIRCLE,ELECTRIC POLL,35FT,0.0,0.0
Bengaluru City,Hebbal Traffic PS,1.04432e+16,2023,1,2,Road Accidents,Not Applicable,City/Town,Open area,Human Error,Yes,Grievous Injury,Vehicle to Vehicle,Uncontrolled,Others,Others,Bitumen(Tar),Dry,Not Applicable,Fine,HEBBALRING ROAD HEBBAL FLYOUR HEBBAL,MIDIYAN,31FT,0.0,0.0
Bengaluru City,Hebbal Traffic PS,1.04432e+16,2023,1,1,Road Accidents,Not Applicable,City/Town,In bazaar,Human Error,No,Grievous Injury,Hit pedestrian,Uncontrolled,Others,Others,Bitumen(Tar),Dry,Not Applicable,Fine,NEAR BAR BI Q RESTUARENT HEBBAL KEMPAPUR,ELECTRAL POLL,10FT,13.051739,77.597672
Bengaluru City,Hebbal Traffic PS,1.04432e+16,2023,1,1,Road Accidents,Not Applicable,City/Town,Open area,Human Error,No,Grievous Injury,Hit pedestrian,Uncontrolled,Others,NH,Bitumen(Tar),Dry,Not Applicable,Fine,B B ROAD NEAR WEST SIDE SHOW ROOM KEMPAPUR HEBBAL,ELECTRIC POLL,16FT,13.051771,77.593432
Bengaluru City,Hebbal Traffic PS,1.04432e+16,2023,1,1,Road Accidents,Not Applicable,City/Town,Near Bus stop,Human Error,No,Grievous Injury,Hit pedestrian,Uncontrolled,Others,NH,Bitumen(Tar),Dry,Not Applicable,Fine,B B ROAD BYATARAYANAPUR JUNCATION,Piller,35FT,13.067128,77.592982
Bengaluru City,Hennur Traffic PS,1.04432e+16,2023,1,2,Not Applicable,Not Applicable,City/Town,Open area,Not Applicable,No,Grievous Injury,Vehicle to Vehicle,Not Applicable,Straight and flat,Not Applicable,Bitumen(Tar),Dry,Not Applicable,Clear,SAMPIGEHALLI MAIN ROAD NEAR SAMPIGEHALLI CROSS,LIGHT POL,30FIT,0.0,0.0
Bengaluru City,Hennur Traffic PS,1.04432e+16,2023,1,2,Not Applicable,Not Applicable,City/Town,Open area,Not Applicable,Yes,Grievous Injury,Vehicle to Vehicle,Not Applicable,Not Applicable,Two way,Bitumen(Tar),Dry,Not Applicable,Cloudy,HENNURU BAGALURU MAIN ROAD INFRONT KUMAR PROPERTYS,LIGHT POL,30FIT,0.0,0.0
Bengaluru City,Hennur Traffic PS,1.04432e+16,2023,1,2,Road Accidents,Not Applicable,City/Town,Open area,Not Applicable,Yes,Grievous Injury,Vehicle to Vehicle,Not Applicable,Not Applicable,Not Applicable,Bitumen(Tar),Dry,Not Applicable,Clear,VEERANNAPALYA FLY OVER,LIGHT POL,20FIT,0.0,0.0
Bengaluru City,Hennur Traffic PS,1.04432e+16,2023,1,2,Road Accidents,Not Applicable,City/Town,Near office complex,Human Error,No,Simple Injury,Vehicle to Vehicle,Uncontrolled,Straight and flat,Two way,Bitumen(Tar),Dry,Not Applicable,Clear,NAGAWARA RING ROAD,manyatha gate no 01,3 km,13.041189,77.621005
Bengaluru City,Hennur Traffic PS,1.04432e+16,2023,1,1,Road Accidents,Junction,City/Town,Near or inside a village,Human Error,Yes,Simple Injury,Hit pedestrian,Uncontrolled,Straight and flat,Residential Street,Bitumen(Tar),Dry,Not Applicable,Fine,HORAMAVU AGAR ROAD,BANJARA LAYOUT,5km,13.040637,77.661939
Bengaluru City,Hennur Traffic PS,1.04432e+16,2023,1,2,Road Accidents,Not Applicable,City/Town,Open area,Human Error,No,Grievous Injury,Vehicle to Vehicle,Uncontrolled,Straight and flat,Two way,Bitumen(Tar),Dry,Not Applicable,Fine,SAMPIGEHALLI MN RD,NILAGIRI TOPU,2,13.077841,77.631271
Bengaluru City,Hennur Traffic PS,1.04432e+16,2023,1,1,Road Accidents,Not Applicable,City/Town,Open area,Not Applicable,No,Grievous Injury,Not Applicable,Not at  Junction,Straight and flat,Two way,Bitumen(Tar),Dry,Not Applicable,Cloudy,HEGADE NAGAR MAIN ROAD NEAR CMA CONVETION CENTER,CENTER MIDIAN,25FIT,0.0,0.0
Bengaluru City,Hennur Traffic PS,1.04432e+16,2023,1,2,Road Accidents,Circle,Rural Areas,Open area,Human Error,Yes,Fatal,Vehicle to Vehicle,Uncontrolled,Others,Two way,Not Applicable,Others,Not Applicable,Clear,DODDAGUBBI MAIN ROAD,PURVANKAR CROSS,1,0.0,0.0
Bengaluru City,Hennur Traffic PS,1.04432e+16,2023,1,2,Not Applicable,Not Applicable,City/Town,Residential area,Not Applicable,No,Grievous Injury,Vehicle to Vehicle,Not Applicable,Straight and flat,Not Applicable,Bitumen(Tar),Dry,Not Applicable,Clear,HENNURU BAGALURU MAIN ROAD,CENTER MIDIAN,20FIT,0.0,0.0
Bengaluru City,Hennur Traffic PS,1.04432e+16,2023,1,2,Road Accidents,Not Applicable,City/Town,Open area,Not Applicable,No,Simple Injury,Vehicle to Vehicle,Not at  Junction,Not Applicable,Service Road,Bitumen(Tar),Dry,Not Applicable,Clear,THANISANDRA MAIN ROAD NEAR K NARAYANAPURA FLY OVER SERVICE ROAD,LIGHT POL,20FIT,13.067596,77.633729
Bengaluru City,Hennur Traffic PS,1.04432e+16,2023,1,1,Road Accidents,Not Applicable,City/Town,Near or inside a village,Human Error,No,Fatal,Hit pedestrian,Uncontrolled,Straight and flat,Two way,Bitumen(Tar),Dry,Not Applicable,Fine,HENNUR BAGALURU ROAD,VEG HOTEL,3 KM,13.038064,77.641464
Bengaluru City,Hennur Traffic PS,1.04432e+16,2023,1,2,Not Applicable,Curves,City/Town,Near Bus stop,Not Applicable,Yes,Grievous Injury,Vehicle to Vehicle,Uncontrolled,Curve,Two way,Concrete,Dry,Not Applicable,Not Applicable,THANISANDRA MIAN ROAD NEAR ASHWATHAKATTE JN,LIGHT POL,20 FIT,0.0,0.0
Bengaluru City,Hennur Traffic PS,1.04432e+16,2023,1,1,Road Accidents,Not Applicable,City/Town,Residential area,Not Applicable,No,Grievous Injury,Hit pedestrian,Not Applicable,Straight and flat,Two way,Bitumen(Tar),Dry,Not Applicable,Clear,NEAR AXIS BANK ATM AGARA MAIN ROAD,LIGHT POL,15FEET,0.0,0.0
Bengaluru City,Hennur Traffic PS,1.04432e+16,2023,1,1,Road Accidents,Not Applicable,City/Town,Near a religious place,Human Error,No,Grievous Injury,Hit pedestrian,Uncontrolled,Straight and flat,Two way,Bitumen(Tar),Dry,No influence on accident,Fine,SARAYIPALYA ROAD,QUBA MASJID,02 KM,13.051473,77.655574
Bengaluru City,Hennur Traffic PS,1.04432e+16,2023,1,3,Road Accidents,Not Applicable,City/Town,Open area,Not Applicable,No,Grievous Injury,Vehicle to Vehicle,Not at  Junction,Others,Two way,Concrete,Dry,Not Applicable,Others,THANISANDRA MAIN ROAD NEAR RAILWAY BRIDGE,LIGHT POL,20FIT,0.0,0.0
Bengaluru City,Hennur Traffic PS,1.04432e+16,2023,1,2,Road Accidents,Not Applicable,City/Town,Open area,Not Applicable,No,Simple Injury,Vehicle to Vehicle,Not Applicable,Others,Others,Bitumen(Tar),Not Applicable,Not Applicable,Clear,HORAMAVU AGARA MAIN ROAD,LIGHT POL,15FEET,13.037962,77.649071
Bengaluru City,Hennur Traffic PS,1.04432e+16,2023,1,2,Not Applicable,Not Applicable,City/Town,Residential area,Not Applicable,No,Grievous Injury,Vehicle to Vehicle,Not Applicable,Not Applicable,Others,Bitumen(Tar),Dry,Not Applicable,Clear,HEGADE NAGAR 80 FEET ROAD,LIGHT POL,30FIT,0.0,0.0
Bengaluru City,Hennur Traffic PS,1.04432e+16,2023,1,2,Road Accidents,Not Applicable,City/Town,Open area,Not Applicable,Yes,Fatal,Vehicle to Vehicle,Not Applicable,Straight and flat,Two way,Concrete,Dry,Not Applicable,Clear,HEGADE NAGAR MAIN ROAD NEAR SAMPIGEHALLI POLICE STATION,LIGHT POL,20 FIT,0.0,0.0
Bengaluru City,Hennur Traffic PS,1.04432e+16,2023,1,1,Road Accidents,Not Applicable,City/Town,Near School or College,Human Error,No,Grievous Injury,Hit pedestrian,Uncontrolled,Straight and flat,Two way,Bitumen(Tar),Dry,No influence on accident,Fine,geddalahalli mn rd,ST MARY S SCHOOL,3 km,13.050208,77.648413
Bengaluru City,Hennur Traffic PS,1.04432e+16,2023,1,1,Road Accidents,Not Applicable,City/Town,Open area,Not Applicable,No,Grievous Injury,Hit pedestrian,Not Applicable,Others,Two way,Bitumen(Tar),Dry,Not Applicable,Not Applicable,CHIKKAGUBBI MAIN ROAD NEAR WATER TANK,LIGHT POL,25FIT,13.080857,77.661558
Bengaluru City,Hennur Traffic PS,1.04432e+16,2023,1,1,Road Accidents,Not Applicable,City/Town,Open area,Not Applicable,Yes,Grievous Injury,Hit pedestrian,Not Applicable,Not Applicable,Two way,Concrete,Dry,Not Applicable,Clear,THNISANDRA MAIN ROAD INFRONT OF VOLKS WAGAN SHOWROOM,LIGHT POL,25FIT,0.0,0.0
Bengaluru City,Hennur Traffic PS,1.04432e+16,2023,1,1,Road Accidents,Not Applicable,City/Town,Residential area,Not Applicable,No,Grievous Injury,Hit pedestrian,Not Applicable,Straight and flat,Others,Bitumen(Tar),Dry,Not Applicable,Clear,E BLOCK NO 04 C A R NORTH POLICE QUARTERS HEGADE NAGAR,LIGHT POL,7 FIT,0.0,0.0
Bengaluru City,Hennur Traffic PS,1.04432e+16,2023,1,1,Not Applicable,Not Applicable,City/Town,Residential area,Not Applicable,No,Grievous Injury,Vehicle to Vehicle,Not Applicable,Not Applicable,Two way,Bitumen(Tar),Dry,Not Applicable,Cloudy,02ND CROSS TELECOM LEYOUT,LIGHT POL,21FIT,0.0,0.0
Bengaluru City,Hennur Traffic PS,1.04432e+16,2023,1,2,Rail Road Accidents,Narrow road,City/Town,Open area,Not Applicable,No,Damage Only,Not Applicable,Not Applicable,Straight and flat,Two way,Concrete,Dry,Not Applicable,Fine,THANISANDRA MAIN ROAD NEAR RAILWAY BRIDGE,LIGHT POL,20 FIT,0.0,0.0
Bengaluru City,Hennur Traffic PS,1.04432e+16,2023,1,2,Not Applicable,Not Applicable,City/Town,Open area,Not Applicable,No,Grievous Injury,Vehicle to Vehicle,Not Applicable,Straight and flat,Not Applicable,Bitumen(Tar),Dry,Not Applicable,Clear,NEAR BHARAT MEDICAL HORAMAVU MAIN ROAD,CENTER MIDIAN,2FIT,0.0,0.0
Bengaluru City,Hennur Traffic PS,1.04432e+16,2023,1,1,Road Accidents,Not Applicable,City/Town,Residential area,Human Error,No,Simple Injury,Hit pedestrian,Uncontrolled,Straight and flat,Two way,Bitumen(Tar),Dry,No influence on accident,Fine,HEGADENAGAR MN RD,RMC PLANT,3 KM,13.094423,77.636011
Bengaluru City,Hennur Traffic PS,1.04432e+16,2023,1,1,Road Accidents,Not Applicable,City/Town,Residential area,Not Applicable,Yes,Grievous Injury,Hit pedestrian,Not at  Junction,Straight and flat,Others,Bitumen(Tar),Dry,Not Applicable,Cloudy,HORAMAVU MAIN ROAD INFRONT OF POOJA FASHION,LIGHT POL,70FIT,0.0,0.0
Bengaluru City,Hennur Traffic PS,1.04432e+16,2023,1,1,Not Applicable,Not Applicable,City/Town,Open area,Not Applicable,No,Grievous Injury,Not Applicable,Not Applicable,Not Applicable,Two way,Bitumen(Tar),Dry,Not Applicable,Clear,K V JAIRAM ROAD,LIGHT POL,55FIT,0.0,0.0
Bengaluru City,Hennur Traffic PS,1.04432e+16,2023,1,2,Road Accidents,Not Applicable,City/Town,Near Petrol Pump,Human Error,No,Grievous Injury,Vehicle to Vehicle,Uncontrolled,Straight and flat,Two way,Bitumen(Tar),Dry,Not Applicable,Fine,NEAR SHELL PETROL BUNK THANISANDRA MN RD,SHELL PETROL BUNK,02 KM,13.051473,77.630896
Bengaluru City,Hennur Traffic PS,1.04432e+16,2023,1,2,Road Accidents,Not Applicable,City/Town,Open area,Not Applicable,No,Grievous Injury,Vehicle to Vehicle,Not Applicable,Not Applicable,Others,Bitumen(Tar),Dry,Not Applicable,Cloudy,RING ROAD NEAR MANYATA TECK PARK,CENTER MIDIAN,20 FIT,0.0,0.0
Bengaluru City,Hennur Traffic PS,1.04432e+16,2023,1,1,Not Applicable,Not Applicable,City/Town,Open area,Not Applicable,No,Grievous Injury,Hit pedestrian,Not Applicable,Straight and flat,Two way,Concrete,Dry,Not Applicable,Clear,NAGAWARA RING ROAD,LIGHT POL,55FIT,0.0,0.0
Bengaluru City,Hennur Traffic PS,1.04432e+16,2023,1,2,Road Accidents,Not Applicable,City/Town,Open area,Human Error,No,Grievous Injury,Vehicle to Vehicle,Not Applicable,Straight and flat,Two way,Bitumen(Tar),Dry,Not Applicable,Clear,BAGALURU HENNURU MAIN ROAD,LIGHT POL,20FIT,0.0,0.0
Bengaluru City,Hennur Traffic PS,1.04432e+16,2023,1,2,Road Accidents,Not Applicable,City/Town,Open area,Not Applicable,No,Grievous Injury,Vehicle to Vehicle,Not Applicable,Straight and flat,Two way,Bitumen(Tar),Dry,Not Applicable,Clear,K V JAIRAM ROAD NEAR SHUBH SAGAR HOTEL,CENTER MIDIAN,20FIT,0.0,0.0
Bengaluru City,Hennur Traffic PS,1.04432e+16,2023,1,1,Not Applicable,Not Applicable,City/Town,Near Petrol Pump,Not Applicable,No,Grievous Injury,Not Applicable,Not Applicable,Not Applicable,Not Applicable,Concrete,Dry,Not Applicable,Clear,THANISANDRA MAIN ROAD NEAR RAILWAY BRIDGE,LIGHT POL,20 FIT,0.0,0.0
Bengaluru City,Hennur Traffic PS,1.04432e+16,2023,1,1,Road Accidents,Not Applicable,City/Town,Near office complex,Human Error,No,Simple Injury,Not Applicable,Uncontrolled,Straight and flat,Two way,Bitumen(Tar),Dry,Not Applicable,Fine,"KV JAIRAM ROAD,NEAR SBI ATM",SBI ATM,3 KM,13.068134,77.629272
Bengaluru City,Hennur Traffic PS,1.04432e+16,2023,1,1,Road Accidents,Not Applicable,City/Town,Open area,Not Applicable,No,Grievous Injury,Not Applicable,Not at  Junction,Straight and flat,Two way,Bitumen(Tar),Dry,Not Applicable,Cloudy,HENNURU BAGALURU MAIN ROAD,LIGHT POL,30FIT,0.0,0.0
Bengaluru City,Hennur Traffic PS,1.04432e+16,2023,1,1,Not Applicable,Cross roads,City/Town,Residential area,Not Applicable,No,Grievous Injury,Hit bicyclist,Not Applicable,Others,Two way,Concrete,Not Applicable,Not Applicable,Not Applicable,HEGSDE NAGAR MAIN ROAD NEAR CHOWDHARI CONFERTS,LIGHT POL,20FIT,0.0,0.0
Bengaluru City,Hennur Traffic PS,1.04432e+16,2023,1,2,Not Applicable,Not Applicable,City/Town,Open area,Not Applicable,No,Simple Injury,Vehicle to Vehicle,Not Applicable,Straight and flat,Others,Bitumen(Tar),Dry,Not Applicable,Clear,HEGADE NAGAR 80 FEET ROAD,LIGHT POL,35FIT,0.0,0.0
Bengaluru City,Hennur Traffic PS,1.04432e+16,2023,1,2,Not Applicable,Not Applicable,City/Town,Open area,Not Applicable,No,Grievous Injury,Vehicle to Vehicle,Not Applicable,Not Applicable,Not Applicable,Bitumen(Tar),Dry,Not Applicable,Clear,NEAR VADDARAPALYA SIGNAL,LIGHT POL,20 FIT,0.0,0.0
Bengaluru City,Hennur Traffic PS,1.04432e+16,2023,1,1,Not Applicable,Not Applicable,City/Town,Open area,Not Applicable,No,Grievous Injury,Hit pedestrian,Not at  Junction,Straight and flat,Two way,Bitumen(Tar),Dry,Not Applicable,Clear,KOGILU MAIN ROAD NEAR FAST LAIN INTIRIOR WORK SHOP,LIGHT POL,20 FIT,0.0,0.0
Bengaluru City,Hennur Traffic PS,1.04432e+16,2023,1,1,Road Accidents,Cross roads,City/Town,Residential area,Not Applicable,No,Grievous Injury,Hit pedestrian,Uncontrolled,Straight and flat,Others,Bitumen(Tar),Dry,Not Applicable,Clear,HBR LAYOUT INFRONT OF MEDICURE HOSPITAL,LIGHT POL,60 FIT,0.0,0.0
Bengaluru City,Hennur Traffic PS,1.04432e+16,2023,1,1,Not Applicable,Not Applicable,City/Town,Residential area,Not Applicable,No,Grievous Injury,Not Applicable,Not Applicable,Not Applicable,Two way,Concrete,Dry,Not Applicable,Cloudy,THANISANDRA MAIN ROAD NEAR ASHWATHAKATTE BUS STOP,LIGHT POL,25FIT,0.0,0.0
Bengaluru City,Hennur Traffic PS,1.04432e+16,2023,1,2,Road Accidents,Not Applicable,City/Town,Near Petrol Pump,Not Applicable,No,Grievous Injury,Vehicle to Vehicle,Uncontrolled,Others,Others,Bitumen(Tar),Dry,Not Applicable,Clear,NEAR ELIMENTS MALL THANISANDRA MAIN ROAD,SIGNAL POLL,15FEET,13.045387,77.627305
Bengaluru City,Hennur Traffic PS,1.04432e+16,2023,1,2,Road Accidents,Not Applicable,City/Town,Open area,Not Applicable,No,Grievous Injury,Vehicle to Vehicle,Not Applicable,Not Applicable,Not Applicable,Bitumen(Tar),Dry,Not Applicable,Clear,HEGADE NAGAR 80 FEET ROAD,LIGHT POL,20FIT,0.0,0.0
Bengaluru City,Hennur Traffic PS,1.04432e+16,2023,1,2,Road Accidents,Not Applicable,City/Town,Near or inside a village,Human Error,No,Grievous Injury,Hit pedestrian,Uncontrolled,Straight and flat,Sub Arterial,Bitumen(Tar),Dry,Not Applicable,Fine,kalkere road,ANDRA MUNIYAPPA LAYOUT,6 km,13.029985,77.643324
Bengaluru City,Hennur Traffic PS,1.04432e+16,2023,1,1,Road Accidents,Not Applicable,City/Town,Near School or College,Not Applicable,No,Damage Only,Not Applicable,Not Applicable,Not Applicable,Two way,Bitumen(Tar),Dry,Not Applicable,Clear,SAMPIGEHALLI MAIN ROAD NEAR GOVY SCHOOL,LIGHT POL,50FIT,13.083139,77.618159
Bengaluru City,Hennur Traffic PS,1.04432e+16,2023,1,2,Road Accidents,Not Applicable,City/Town,Near Hospital,Human Error,No,Simple Injury,Vehicle to Vehicle,Uncontrolled,Straight and flat,Two way,Bitumen(Tar),Dry,Not Applicable,Fine,HENNUR BAGALURU ROAD,south asia bible college,2,13.071742,77.651471
Bengaluru City,Hennur Traffic PS,1.04432e+16,2023,1,2,Road Accidents,Junction,City/Town,Near Bus stop,Not Applicable,Yes,Damage Only,Vehicle to Vehicle,Uncontrolled,Straight and flat,Others,Bitumen(Tar),Dry,Not Applicable,Cloudy,HENNURU BAGALURU MAIN ROAD NEAR K NARAYANAPURA JN,LIGHT POL,20,0.0,0.0
Bengaluru City,Hennur Traffic PS,1.04432e+16,2023,1,2,Road Accidents,Not Applicable,City/Town,Open area,Not Applicable,Yes,Fatal,Vehicle to Vehicle,Not at  Junction,Straight and flat,Two way,Concrete,Dry,Not Applicable,Cloudy,THANISANDRA MAIN ROAD NEAR NARAYANAPURA FLY OVER DOWN RAMP,LIGHT POL,30FIT,0.0,0.0
Bengaluru City,Hennur Traffic PS,1.04432e+16,2023,1,1,Road Accidents,Curves,City/Town,Narrow bridge or culverts,Human Error,No,Fatal,Not Applicable,Not Applicable,Curve,Others,Bitumen(Tar),Dry,Not Applicable,Cloudy,NAGAWAR SOUTH SERVICE ROAD,SHANKAR BAR,0.1,0.0,0.0
Bengaluru City,Hennur Traffic PS,1.04432e+16,2023,1,2,Road Accidents,Not Applicable,City/Town,Residential area,Not Applicable,No,Grievous Injury,Vehicle to Vehicle,Not Applicable,Not Applicable,Two way,Bitumen(Tar),Dry,Not Applicable,Clear,HORAMAVU AGARA MAIN ROAD,LIGHT POL,15FEET,0.0,0.0
Bengaluru City,Hennur Traffic PS,1.04432e+16,2023,1,2,Road Accidents,Not Applicable,City/Town,Residential area,Not Applicable,No,Grievous Injury,Vehicle to Vehicle,Not Applicable,Straight and flat,Two way,Bitumen(Tar),Others,Not Applicable,Light Rain,DODDAGUBBI MAIN ROAD NEAR GAVI TEMPLE,LIGHT POL,21FIT,13.064704,77.65611
Bengaluru City,Hennur Traffic PS,1.04432e+16,2023,1,1,Road Accidents,Not Applicable,City/Town,Near office complex,Human Error,Yes,Fatal,Hit pedestrian,Uncontrolled,Straight and flat,Two way,Bitumen(Tar),Dry,Not Applicable,Fine,nagawara ring road,esten hotel,3,13.041016,77.621303
Bengaluru City,Hennur Traffic PS,1.04432e+16,2023,1,2,Road Accidents,Junction,City/Town,Near a religious place,Human Error,No,Fatal,Vehicle to Vehicle,Uncontrolled,Straight and flat,Two way,Bitumen(Tar),Not Applicable,Not Applicable,Fine,HEGADENAGARA MN RD,PURE ONE SHOP,3 KM,13.097176,77.635883
Bengaluru City,Hennur Traffic PS,1.04432e+16,2023,1,2,Road Accidents,Not Applicable,City/Town,Near or inside a village,Human Error,No,Simple Injury,Vehicle to Vehicle,Uncontrolled,Straight and flat,Two way,Bitumen(Tar),Dry,Not Applicable,Fine,HENNUR BAGALURU ROAD,DECATHLON,2 KM,13.065861,77.651809
Bengaluru City,Hennur Traffic PS,1.04432e+16,2023,1,2,Road Accidents,Not Applicable,City/Town,Open area,Human Error,Yes,Grievous Injury,Vehicle to Vehicle,Uncontrolled,Straight and flat,Two way,Bitumen(Tar),Dry,Not Applicable,Fine,HORAMAVU AGARA ROAD,LAKE,06 KM,13.035698,77.657321
Bengaluru City,Hennur Traffic PS,1.04432e+16,2023,1,2,Road Accidents,Cross roads,City/Town,Open area,Not Applicable,Yes,Fatal,Vehicle to Vehicle,Not Applicable,Not Applicable,Not Applicable,Concrete,Dry,Not Applicable,Cloudy,HEGADE NAGAR MAIN ROAD SAMPIGEHALLI CROSS,LIGHT POL,25FIT,0.0,0.0
Bengaluru City,Hennur Traffic PS,1.04432e+16,2023,1,2,Not Applicable,Not Applicable,City/Town,Open area,Not Applicable,Yes,Fatal,Vehicle to Vehicle,Not Applicable,Not Applicable,Not Applicable,Bitumen(Tar),Others,Not Applicable,Clear,THANISANDRA MAIN ROAD NEAR VOLKS WAGAN SHOW ROOM,LIGHT POL,20 FIT,0.0,0.0
Bengaluru City,Hennur Traffic PS,1.04432e+16,2023,1,1,Road Accidents,Not Applicable,City/Town,Near Hospital,Human Error,No,Grievous Injury,Hit pedestrian,Uncontrolled,Straight and flat,Two way,Bitumen(Tar),Dry,Not Applicable,Fine,HENNUR BAGALURU ROAD,CRITIS HOSPETAL,2.5,13.048471,77.645391
Bengaluru City,Hennur Traffic PS,1.04432e+16,2023,1,3,Road Accidents,Not Applicable,City/Town,Near Petrol Pump,Human Error,No,Simple Injury,Vehicle to Vehicle,Uncontrolled,Straight and flat,Two way,Bitumen(Tar),Dry,Not Applicable,Fine,BIDARAHALLI MN RD,INDIAN OIL PETROL BUNK,05 KM,13.052692,77.675533
Bengaluru City,Hennur Traffic PS,1.04432e+16,2023,1,1,Road Accidents,Not Applicable,City/Town,Near Hospital,Human Error,No,Fatal,Hit pedestrian,Uncontrolled,Straight and flat,Two way,Bitumen(Tar),Dry,Not Applicable,Fine,HEGADE NAGAR MAIN ROAD,NEAR SAI HOSPETAL,1 KM,13.070152,77.633685
Bengaluru City,Hennur Traffic PS,1.04432e+16,2023,1,2,Road Accidents,Not Applicable,City/Town,Residential area,Human Error,No,Simple Injury,Vehicle to Vehicle,Uncontrolled,Straight and flat,Two way,Bitumen(Tar),Dry,Not Applicable,Fine,BILISHIVALE BIDARAHALLI MN RD,INDIAN OIL PETROL BUNK,4 KM,13.052744,77.675476
Bengaluru City,Hennur Traffic PS,1.04432e+16,2023,1,2,Road Accidents,Not Applicable,City/Town,Near a religious place,Human Error,No,Simple Injury,Vehicle to Vehicle,Uncontrolled,Straight and flat,Two way,Bitumen(Tar),Dry,Not Applicable,Fine,HEGADENAGARA MN RD,HAJ BHAVANA,4 KM,13.089985,77.635637
Bengaluru City,Hennur Traffic PS,1.04432e+16,2023,1,2,Road Accidents,Not Applicable,City/Town,Open area,Not Applicable,No,Grievous Injury,Vehicle to Vehicle,Not at  Junction,Straight and flat,Two way,Concrete,Dry,Not Applicable,Not Applicable,NEAR SREERAMPURA RAILWAY UNDER PASS,CENTER MIDIAN,15FEET,13.070062,77.620499
Bengaluru City,Hennur Traffic PS,1.04432e+16,2023,1,2,Road Accidents,Not Applicable,City/Town,Open area,Not Applicable,No,Grievous Injury,Vehicle to Vehicle,Not at  Junction,Straight and flat,Others,Bitumen(Tar),Dry,Not Applicable,Clear,NEAR HORAMAVU AGAR LAKE,LIGHT POL,21FIT,0.0,0.0
Bengaluru City,Hennur Traffic PS,1.04432e+16,2023,1,2,Road Accidents,Not Applicable,City/Town,Open area,Not Applicable,No,Grievous Injury,Vehicle to Vehicle,Not Applicable,Not Applicable,Others,Bitumen(Tar),Dry,Not Applicable,Clear,HORAMAVU AGARA MAIN ROAD,LIGHT POL,50FIT,0.0,0.0