DISTRICTNAME,UNITNAME,Crime_No,Year,RI,Noofvehicle_involved,Accident_Classification,Accident_Spot,Accident_Location,Accident_SubLocation,Main_Cause,Hit_Run,Severity,Collision_Type,Junction_Control,Road_Character,Road_Type,Surface_Type,Surface_Condition,Road_Condition,Weather,Accident_Road,Landmark_first,Distance_LandMark_First,Latitude,Longitude
Bengaluru City,Hennur Traffic PS,1.04432e+16,2023,1,1,Not Applicable,Not Applicable,City/Town,Residential area,Not Applicable,Yes,Simple Injury,Hit pedestrian,Not Applicable,Straight and flat,Two way,Bitumen(Tar),Dry,Not Applicable,Not Applicable,AGARA MAIN ROAD NEAR V V COVENTION CENTRE,LIGHT POL,20FIT,0.0,0.0
Bengaluru City,Hennur Traffic PS,1.04432e+16,2023,1,2,Road Accidents,Not Applicable,City/Town,Open area,Not Applicable,Yes,Not Applicable,Vehicle to Vehicle,Not Applicable,Others,Two way,Bitumen(Tar),Dry,Not Applicable,Clear,HENNURU BAGALURU MAIN RAOD HENNURU FLY OVER DOWN RAMP,SIGNAL POLL,20 FIT,13.028236,77.633047
Bengaluru City,Hennur Traffic PS,1.04432e+16,2023,1,1,Road Accidents,Not Applicable,City/Town,Residential area,Human Error,No,Grievous Injury,Hit pedestrian,Uncontrolled,Straight and flat,Two way,Concrete,Dry,Not Applicable,Fine,NAGAWARA RING ROAD,MANYATHA TECH PARK,3 KM,13.041237,77.618945
Bengaluru City,Hennur Traffic PS,1.04432e+16,2023,1,2,Road Accidents,Not Applicable,City/Town,Near Hospital,Not Applicable,No,Grievous Injury,Vehicle to Vehicle,Not Applicable,Straight and flat,Two way,Bitumen(Tar),Dry,Pot holed,Clear,K NARAYANAPURA MAIN ROAD NEAR GOOD HEALTH HOSPITAL,SIGNAL POLL,20 FIT,13.066774,77.638678
Bengaluru City,Hennur Traffic PS,1.04432e+16,2023,1,1,Road Accidents,Not Applicable,City/Town,Residential area,Not Applicable,Yes,Grievous Injury,Hit pedestrian,Not Applicable,Not Applicable,Not Applicable,Bitumen(Tar),Dry,Not Applicable,Cloudy,HORAMAVU AGARA MAIN ROAD,LIGHT POL,20 FIT,0.0,0.0
Bengaluru City,Hennur Traffic PS,1.04432e+16,2023,1,2,Road Accidents,Cross roads,City/Town,Residential area,Not Applicable,Yes,Grievous Injury,Vehicle to Vehicle,Uncontrolled,Others,Residential Street,Bitumen(Tar),Dry,Not Applicable,Clear,MCECHS LAYOUT 03RD MAIN 04 TH CROSS,LIGHT POL,15FEET,0.0,0.0
Bengaluru City,Hennur Traffic PS,1.04432e+16,2023,1,1,Road Accidents,Not Applicable,City/Town,Open area,Not Applicable,No,Fatal,Not Applicable,Not Applicable,Others,Others,Bitumen(Tar),Dry,Not Applicable,Clear,MANYATA TECH PARK CAMPUS NEAR NOKIA BUS STOP,LIGHT POL,20 FIT,0.0,0.0
Bengaluru City,Hennur Traffic PS,1.04432e+16,2023,1,2,Road Accidents,Curves,City/Town,Open area,Not Applicable,No,Grievous Injury,Vehicle to Vehicle,Not Applicable,Straight and flat,Two way,Bitumen(Tar),Dry,Not Applicable,Clear,HENNURU BAGALURU MAIN ROAD NEAR SUN SHINE HOSPITAL,CENTER MIDIAN,3FIT,0.0,0.0
Bengaluru City,Hennur Traffic PS,1.04432e+16,2023,1,1,Not Applicable,Not Applicable,City/Town,Residential area,Not Applicable,No,Grievous Injury,Hit bicyclist,Not Applicable,Not Applicable,Not Applicable,Bitumen(Tar),Dry,Not Applicable,Clear,GYM GYM HYPER MART AGARA MAIN ROAD,LIGHT POL,15FEET,13.04078,77.621292
Bengaluru City,Hennur Traffic PS,1.04432e+16,2023,1,2,Not Applicable,Not Applicable,City/Town,Open area,Not Applicable,No,Fatal,Vehicle to Vehicle,No signal lights,Curve,Two way,Bitumen(Tar),Dry,Not Applicable,Clear,BHARATIYA CITY CAMPUS,LIGHT POL,20 FIT,0.0,0.0
Bengaluru City,Hennur Traffic PS,1.04432e+16,2023,1,2,Road Accidents,Not Applicable,City/Town,Near or inside a village,Human Error,No,Grievous Injury,Vehicle to Vehicle,Uncontrolled,Straight and flat,Sub Arterial,Bitumen(Tar),Dry,Not Applicable,Fine,RACHENAHALLI MN RD,MANYATHA BACK GATE,15,13.057533,77.6262
Bengaluru City,Hennur Traffic PS,1.04432e+16,2023,1,2,Road Accidents,Not Applicable,City/Town,Near or inside a village,Human Error,No,Simple Injury,Vehicle to Vehicle,Uncontrolled,Straight and flat,Two way,Bitumen(Tar),Dry,No influence on accident,Clear,HORAMAVU AGARA ROAD,HENNUR GARDEN,4 KM,13.036829,77.640318
Bengaluru City,Hennur Traffic PS,1.04432e+16,2023,1,1,Road Accidents,Not Applicable,City/Town,Near office complex,Human Error,Yes,Fatal,Hit pedestrian,Uncontrolled,Straight and flat,Two way,Bitumen(Tar),Dry,Not Applicable,Fine,"NAGAWARA,THANISANDRA MN RD",VOLKSWAGEN SHOWROOM,5KM,13.043695,77.625839
Bengaluru City,Hennur Traffic PS,1.04432e+16,2023,1,1,Road Accidents,Cross roads,City/Town,Near or inside a village,Human Error,No,Grievous Injury,Hit pedestrian,Uncontrolled,Others,Sub Arterial,Bitumen(Tar),Dry,No influence on accident,Fine,VADDARAPALYA,KAVERINAGARA,5 KM,13.035916,77.646417
Bengaluru City,Hennur Traffic PS,1.04432e+16,2023,1,2,Road Accidents,Not Applicable,City/Town,Open area,Not Applicable,No,Grievous Injury,Vehicle to Vehicle,Uncontrolled,Straight and flat,Others,Bitumen(Tar),Dry,Not Applicable,Clear,HEGADE NAGAR MAIN ROAD NEAR RASHTROTHHAN SCHOOL,LIGHT POL,20 FIT,0.0,0.0
Bengaluru City,Hennur Traffic PS,1.04432e+16,2023,1,2,Road Accidents,Not Applicable,City/Town,Open area,Not Applicable,No,Grievous Injury,Vehicle to Vehicle,Not Applicable,Straight and flat,Others,Bitumen(Tar),Dry,Not Applicable,Clear,HENNURU BAGALURU MAIN ROAD,LIGHT POL,60FIT,0.0,0.0
Bengaluru City,Hennur Traffic PS,1.04432e+16,2023,1,2,Road Accidents,Cross roads,City/Town,Residential area,Not Applicable,No,Damage Only,Vehicle to Vehicle,Not Applicable,Straight and flat,Residential Street,Bitumen(Tar),Dry,Not Applicable,Clear,K NARAYANAPURA,LIGHT POL,21FIT,0.0,0.0
Bengaluru City,Hennur Traffic PS,1.04432e+16,2023,1,2,Road Accidents,Not Applicable,City/Town,Residential area,Not Applicable,No,Grievous Injury,Vehicle to Vehicle,Not Applicable,Not Applicable,Not Applicable,Bitumen(Tar),Dry,Not Applicable,Clear,HENNURU BAGALURU MAIN ROAD NEAR ALLIGENT APTS,LIGHT POL,25FIT,0.0,0.0
Bengaluru City,Hennur Traffic PS,1.04432e+16,2023,1,2,Road Accidents,Not Applicable,City/Town,Residential area,Not Applicable,Yes,Grievous Injury,Vehicle to Vehicle,Not Applicable,Others,Not Applicable,Bitumen(Tar),Dry,Not Applicable,Cloudy,INFRONT OF CAR PLUS CAR GARAGE 01ST STAGE 04TH BLOCK H B R LAYOUT,LIGHT POL,15FEET,0.0,0.0
Bengaluru City,Hennur Traffic PS,1.04432e+16,2023,1,1,Not Applicable,Narrow road,City/Town,Open area,Not Applicable,No,Fatal,Not Applicable,Uncontrolled,Not Applicable,Not Applicable,Bitumen(Tar),Dry,Not Applicable,Others,NAGAWARA RING ROAD,LIGHT POL,20 FIT,13.041026,77.615983
Bengaluru City,Hennur Traffic PS,1.04432e+16,2023,1,2,Road Accidents,Not Applicable,City/Town,Open area,Not Applicable,No,Grievous Injury,Vehicle to Vehicle,Not at  Junction,Straight and flat,Two way,Bitumen(Tar),Dry,Not Applicable,Clear,NEAR THIRUMENAHALLI LAKE AGRAHAR LAYOUT,LIGHT POL,20 FIT,13.09053,77.624904
Bengaluru City,Hennur Traffic PS,1.04432e+16,2023,1,2,Road Accidents,Not Applicable,City/Town,Near Hospital,Human Error,No,Fatal,Vehicle to Vehicle,Uncontrolled,Straight and flat,Two way,Bitumen(Tar),Dry,No influence on accident,Fine,KOGILU MAIN ROAD,amrutha hospetal,6,13.102642,77.628164
Bengaluru City,Hennur Traffic PS,1.04432e+16,2023,1,1,Road Accidents,Not Applicable,City/Town,Near or inside a village,Human Error,Yes,Fatal,Hit pedestrian,Uncontrolled,Straight and flat,Two way,Bitumen(Tar),Dry,Not Applicable,Fine,HEGADE NAGAR MAIN ROAD,indira canteed,3 km,13.073654,77.633711
Bengaluru City,Hennur Traffic PS,1.04432e+16,2023,1,2,Not Applicable,Not Applicable,City/Town,Near office complex,Not Applicable,No,Grievous Injury,Vehicle to Vehicle,Not Applicable,Straight and flat,Two way,Bitumen(Tar),Dry,Not Applicable,Not Applicable,MANYATA TECH PARK CAMPUS NEAR NOKIA BUS STOP,LIGHT POL,25FIT,0.0,0.0
Bengaluru City,Hennur Traffic PS,1.04432e+16,2023,1,1,Road Accidents,Narrow road,City/Town,Narrow bridge or culverts,Human Error,Not Applicable,Fatal,Not Applicable,Not Applicable,Others,Major District Road,Bitumen(Tar),Dry,Not Applicable,Cloudy,NAGAWAR DOWNRAMP,DRY,0.1,0.0,0.0
Bengaluru City,Hennur Traffic PS,1.04432e+16,2023,1,2,Not Applicable,Not Applicable,City/Town,In bazaar,Not Applicable,No,Grievous Injury,Vehicle to Vehicle,Not Applicable,Straight and flat,Not Applicable,Bitumen(Tar),Not Applicable,Not Applicable,Clear,HENNURU BAGALURU MAIN ROAD NEAR LULLU MART,LIGHT POL,25FIT,0.0,0.0
Bengaluru City,Hennur Traffic PS,1.04432e+16,2023,1,1,Road Accidents,Narrow road,City/Town,Near Bus stop,Human Error,No,Fatal,Not Applicable,Uncontrolled,Straight and flat,Two way,Bitumen(Tar),Dry,Pot holed,Fine,HENNUR BAGALURU MN RD,KOTHANUR POLICE STATION,3,13.054539,77.646758
Bengaluru City,Hennur Traffic PS,1.04432e+16,2023,1,2,Road Accidents,Junction,City/Town,Residential area,Human Error,No,Simple Injury,Vehicle to Vehicle,Uncontrolled,Straight and flat,Two way,Bitumen(Tar),Dry,No influence on accident,Fine,HEGADENAGARA MN RD,SHOBHA CITY,3,13.077602,77.633777
Bengaluru City,Hennur Traffic PS,1.04432e+16,2023,1,2,Road Accidents,Not Applicable,City/Town,Near or inside a village,Human Error,No,Grievous Injury,Vehicle to Vehicle,Uncontrolled,Straight and flat,Two way,Bitumen(Tar),Dry,Not Applicable,Fine,byrathi road,malnad kabab corner,2km,13.05722,77.649231
Bengaluru City,Hennur Traffic PS,1.04432e+16,2023,1,1,Road Accidents,Not Applicable,City/Town,Open area,Human Error,No,Fatal,Not Applicable,Uncontrolled,Straight and flat,Two way,Bitumen(Tar),Dry,Not Applicable,Fine,PURVANKARA APARTMENT,PURVANKARA  APARTMENT,3KM,13.0633,77.663039
Bengaluru City,High Grounds Traffic PS,1.04432e+16,2016,1,2,Road Accidents,Narrow road,City/Town,Near office complex,Human Error,Yes,Grievous Injury,Hit and Run,Not at  Junction,Others,City or Town Road,Bitumen(Tar),Not Applicable,Not Applicable,Clear,CRESENT ROAD,FROUNT BTV,0.3,0.0,0.0
Bengaluru City,High Grounds Traffic PS,1.04432e+16,2016,1,2,Road Accidents,Other,City/Town,Near School or College,Human Error,No,Grievous Injury,Others,Signal lights Automatic,Straight and flat,One way,Bitumen(Tar),Dry,No influence on accident,Clear,NAGAPPA STREET,ELECTRIC POLE,5,0.0,0.0
Bengaluru City,High Grounds Traffic PS,1.04432e+16,2016,1,2,Road Accidents,Circle,City/Town,Near Hospital,Human Error,No,Damage Only,Rear end,Police / Manual,Straight and flat,Two way,Bitumen(Tar),Dry,No influence on accident,Fine,"Opp. Richi Rich Ice Cream Parlor, KK Road,",ELECTRIC POLE,20,0.0,0.0
Bengaluru City,High Grounds Traffic PS,1.04432e+16,2016,1,1,Road Accidents,Bridge,City/Town,Near Bus stop,Human Error,No,Grievous Injury,Hit fixed object,Not at  Junction,Straight and flat,City or Town Road,Bitumen(Tar),Dry,No influence on accident,Fine,"NEAR RAILWAY BRIDGE, BTS BUS STAND ROAD,",ELECTRIC POLE,10,0.0,0.0
Bengaluru City,High Grounds Traffic PS,1.04432e+16,2016,1,2,Road Accidents,Narrow road,City/Town,Near School or College,Human Error,No,Simple Injury,Head on,Not at  Junction,Straight and flat,Two way,Bitumen(Tar),Dry,No influence on accident,Clear,AYYANGAR STREET.SHESHADRIPURAM,ELECTRIC POLE,32,0.0,0.0
Bengaluru City,High Grounds Traffic PS,1.04432e+16,2016,1,2,Road Accidents,Junction,City/Town,Near a recreation place/cinema,Human Error,No,Damage Only,Rear end,Police / Manual,Straight and flat,City or Town Road,Bitumen(Tar),Dry,No influence on accident,Fine,"RACE COURSE ROAD, JDS JUNCTION,",ELECTRIC POLE,15,0.0,0.0
Bengaluru City,High Grounds Traffic PS,1.04432e+16,2016,1,2,Road Accidents,Other,City/Town,Near a recreation place/cinema,Human Error,No,Grievous Injury,Side swipe,Police / Manual,Straight and flat,Two way,Bitumen(Tar),Dry,No influence on accident,Clear,NEAR RACE VIEW HOTELRACE COURSE ROAD,Island,35,0.0,0.0
Bengaluru City,High Grounds Traffic PS,1.04432e+16,2016,1,2,Road Accidents,Bridge,City/Town,Narrow bridge or culverts,Human Error,No,Fatal,Rear end,Police / Manual,Straight and flat,City or Town Road,Bitumen(Tar),Dry,No influence on accident,Clear,WINSOR MANNER JUNCTION,ELECTRIC POLE,15,0.0,0.0
Bengaluru City,High Grounds Traffic PS,1.04432e+16,2016,1,2,Road Accidents,Circle,City/Town,Near office complex,Human Error,No,Damage Only,Side swipe,Controlled,Curve and Incline,City or Town Road,Bitumen(Tar),Dry,No influence on accident,Clear,BASAVESHWAR CIRCLE,POLICE PILAND,30,0.0,0.0
Bengaluru City,High Grounds Traffic PS,1.04432e+16,2016,1,2,Rail Road Accidents,Junction,City/Town,Near office complex,Human Error,No,Damage Only,Side swipe,No signal lights,Curve,City or Town Road,Bitumen(Tar),Others,Not Applicable,Clear,WINSOR MANNER JUNCTION,POLICE PILAND,10,0.0,0.0
Bengaluru City,High Grounds Traffic PS,1.04432e+16,2016,1,2,Road Accidents,Bridge,City/Town,Narrow bridge or culverts,Human Error,Yes,Damage Only,Hit and Run,Police / Manual,Straight and flat,City or Town Road,Bitumen(Tar),Dry,No influence on accident,Clear,"WINDSORMANNAOR BRIDGE, SANKYROAD,",ELECTRIC POLE,20,0.0,0.0
Bengaluru City,High Grounds Traffic PS,1.04432e+16,2016,1,2,Road Accidents,Narrow road,City/Town,Near a recreation place/cinema,Not Applicable,Yes,Simple Injury,Hit and Run,Not Applicable,Not Applicable,City or Town Road,Bitumen(Tar),Dry,Not Applicable,Clear,SUBEDAR CHATRAM ROAD,GANESH BHAVAN HOTEL,2.5KM,0.0,0.0
Bengaluru City,High Grounds Traffic PS,1.04432e+16,2016,1,2,Road Accidents,Narrow road,City/Town,Near Bus stop,Human Error,Yes,Damage Only,Hit and Run,No signal lights,Straight and flat,One way,Concrete,Dry,No influence on accident,Fine,"NEAR CONTONEMENT RAILWAY STATION, VASANTH NAGARA",ELECTRIC POLE,25FT,0.0,0.0
Bengaluru City,High Grounds Traffic PS,1.04432e+16,2016,1,2,Road Accidents,Narrow road,City/Town,Residential area,Human Error,No,Simple Injury,Side impact or Right angle,Not at  Junction,Straight and flat,City or Town Road,Bitumen(Tar),Dry,No influence on accident,Fine,NEAR NATARAJA THEATRE.SIRUR PARK ROAD,ELECTRIC POLE,38,0.0,0.0
Bengaluru City,High Grounds Traffic PS,1.04432e+16,2016,1,2,Road Accidents,Circle,City/Town,Near office complex,Human Error,Yes,Grievous Injury,Hit and Run,Signal lights Automatic,Curve,City or Town Road,Bitumen(Tar),Others,Not Applicable,Clear,CHALUKYA CIRCLE,NEAR HOTEL,0.2,0.0,0.0
Bengaluru City,High Grounds Traffic PS,1.04432e+16,2016,1,2,Road Accidents,Circle,City/Town,Near a religious place,Human Error,No,Grievous Injury,Hit and Run,Controlled,Curve,City or Town Road,Bitumen(Tar),Others,Not Applicable,Others,KK ROAD,NEAR GEUST HOUSE,0.2,0.0,0.0
Bengaluru City,High Grounds Traffic PS,1.04432e+16,2016,1,2,Road Accidents,Curves,City/Town,Narrow bridge or culverts,Human Error,Yes,Grievous Injury,Side swipe,Signal lights Automatic,Curve,City or Town Road,Bitumen(Tar),Dry,No influence on accident,Clear,NEAR CONTONMENT RAILWAT STATION,ELECTRIC POLE,20,0.0,0.0
Bengaluru City,High Grounds Traffic PS,1.04432e+16,2016,1,2,Road Accidents,Junction,City/Town,Residential area,Human Error,No,Fatal,Rear end,Police / Manual,Straight and flat,Two way,Bitumen(Tar),Dry,No influence on accident,Clear,NEAR SHIRUR PARK,HOUES COMPOUND,30,12.997481,77.572009
Bengaluru City,High Grounds Traffic PS,1.04432e+16,2016,1,2,Road Accidents,Other,City/Town,Near or inside a village,Human Error,No,Damage Only,Head on,Police / Manual,Straight and flat,Two way,Bitumen(Tar),Dry,No influence on accident,Clear,1ST MAIN VASANTHAKUMAR,ELECTRIC POLE,15,0.0,0.0
Bengaluru City,High Grounds Traffic PS,1.04432e+16,2016,1,1,Road Accidents,Junction,City/Town,Near a recreation place/cinema,Human Error,No,Fatal,Hit pedestrian,Signal lights Automatic,Straight and flat,One way,Bitumen(Tar),Dry,No influence on accident,Fine,NEAR LEE MERIDIAN HOTEL.  T. CHOWDAIH ROAD,TREE,20,0.0,0.0
Bengaluru City,High Grounds Traffic PS,1.04432e+16,2016,1,2,Road Accidents,Junction,City/Town,Near office complex,Human Error,No,Damage Only,Rear end,Police / Manual,Straight and flat,Two way,Bitumen(Tar),Dry,No influence on accident,Fine,WINDSOR MANNER JUNCTION,STREET LIGHT,30,0.0,0.0
Bengaluru City,High Grounds Traffic PS,1.04432e+16,2016,1,2,Road Accidents,Other,City/Town,Near office complex,Human Error,Yes,Simple Injury,Side swipe,Police / Manual,Straight and flat,One way,Bitumen(Tar),Dry,No influence on accident,Clear,OLD UDAYA TV JUNCTION.VASANTHNAGAR,STREET LIGHT,45,0.0,0.0
Bengaluru City,High Grounds Traffic PS,1.04432e+16,2016,1,2,Road Accidents,Other,City/Town,Near office complex,Human Error,No,Damage Only,Rear end,Police / Manual,Straight and flat,Two way,Bitumen(Tar),Dry,No influence on accident,Fine,SHANGRILA HOTEL. PALACE ROAD,ELECTRIC POLE,30,0.0,0.0
Bengaluru City,High Grounds Traffic PS,1.04432e+16,2016,1,2,Road Accidents,Junction,City/Town,Near office complex,Human Error,Yes,Grievous Injury,Hit and Run,Controlled,Incline,City or Town Road,Bitumen(Tar),Others,Not Applicable,Clear,Threelight Jnunction,NEAR RACE COURSE,0.1,0.0,0.0
Bengaluru City,High Grounds Traffic PS,1.04432e+16,2016,1,2,Road Accidents,Circle,City/Town,Open area,Human Error,No,Grievous Injury,Hit and Run,Controlled,Incline,City or Town Road,Bitumen(Tar),Others,Not Applicable,Clear,OPP MAHARANI COLLEGE,NEAR COLLEGE,0.2,0.0,0.0
Bengaluru City,High Grounds Traffic PS,1.04432e+16,2016,1,1,Road Accidents,Circle,City/Town,Near a factory industrial area,Human Error,No,Damage Only,Hit and Run,Controlled,Curve,City or Town Road,Bitumen(Tar),Others,Not Applicable,Clear,JASMABAVAN ROAD,NEAR KBA OFFICE,0.3,0.0,0.0
Bengaluru City,High Grounds Traffic PS,1.04432e+16,2016,1,2,Road Accidents,Circle,City/Town,Near a recreation place/cinema,Human Error,No,Simple Injury,Side swipe,Police / Manual,Straight and flat,City or Town Road,Bitumen(Tar),Dry,No influence on accident,Fine,"BASAVESHWRA JUNCTION, HIGHGROUND,",Island,41,0.0,0.0
Bengaluru City,High Grounds Traffic PS,1.04432e+16,2016,1,2,Road Accidents,Other,City/Town,Near a recreation place/cinema,Human Error,No,Damage Only,Rear end,Not at  Junction,Straight and flat,Two way,Bitumen(Tar),Dry,No influence on accident,Fine,NEAR TAJ WESTEND HOTEL.RACE COURSE ROAD,ELECTRIC POLE,18,0.0,0.0
Bengaluru City,High Grounds Traffic PS,1.04432e+16,2016,1,3,Road Accidents,Other,City/Town,Near a recreation place/cinema,Human Error,Yes,Damage Only,Rear end,Police / Manual,Straight and flat,City or Town Road,Bitumen(Tar),Dry,No influence on accident,Clear,"In Between Neharu Circle and, Kino Theater Under Bridg, Sheshadripuram",ELECTRIC POLE,20,0.0,0.0
Bengaluru City,High Grounds Traffic PS,1.04432e+16,2016,1,2,Road Accidents,Junction,City/Town,Near office complex,Human Error,No,Grievous Injury,Hit and Run,Signals (Working),Curve,City or Town Road,Bitumen(Tar),Others,Not Applicable,Clear,LRDE JUNCTION,NEAR RAJBAVA,0.3,0.0,0.0
Bengaluru City,High Grounds Traffic PS,1.04432e+16,2016,1,2,Road Accidents,Junction,City/Town,Near Hospital,Human Error,No,Grievous Injury,Hit and Run,Not Applicable,Others,City or Town Road,Bitumen(Tar),Others,Not Applicable,Clear,GURURAJA JUNCTION,NEAR HOSPITAL,0.2,0.0,0.0
Bengaluru City,High Grounds Traffic PS,1.04432e+16,2016,1,2,Road Accidents,Junction,City/Town,Near a recreation place/cinema,Human Error,No,Fatal,Rear end,Police / Manual,Curve,Two way,Bitumen(Tar),Dry,No influence on accident,Clear,RACECOURSE ROAD,POLICE PILAND,50,0.0,0.0
Bengaluru City,High Grounds Traffic PS,1.04432e+16,2016,1,2,Road Accidents,Other,City/Town,Near Bus stop,Human Error,Yes,Damage Only,Rear end,Not at  Junction,Straight and flat,Two way,Bitumen(Tar),Dry,No influence on accident,Clear,OPPOSITE OF KHANIJA BHAVAN .RACE COURSE ROAD,ELECTRIC POLE,36,0.0,0.0
Bengaluru City,High Grounds Traffic PS,1.04432e+16,2016,1,1,Road Accidents,Junction,City/Town,Open area,Human Error,No,Grievous Injury,Hit pedestrian,Police / Manual,Straight and flat,City or Town Road,Bitumen(Tar),Dry,Not Applicable,Fine,T CHOWDAIAH ROAD,NEAR WINDSOR MANNER HOTEL,2 KM,0.0,0.0
Bengaluru City,High Grounds Traffic PS,1.04432e+16,2016,1,2,Road Accidents,Junction,City/Town,Near office complex,Human Error,No,Damage Only,Side impact or Right angle,Signal lights Automatic,Straight and flat,One way,Bitumen(Tar),Dry,No influence on accident,Clear,NEAR LRDE JUNCTION,POLICE PILAND,42,0.0,0.0
Bengaluru City,High Grounds Traffic PS,1.04432e+16,2016,1,2,Road Accidents,Other,City/Town,Residential area,Human Error,No,Damage Only,Rear end,Not Applicable,Straight and flat,Two way,Concrete,Dry,No influence on accident,Fine,T CHOWDAIAH ROAD,ELECTRIC POLE,30FT,0.0,0.0
Bengaluru City,High Grounds Traffic PS,1.04432e+16,2016,1,4,Road Accidents,Bridge,City/Town,Narrow bridge or culverts,Human Error,No,Damage Only,Rear end,Not at  Junction,Straight and flat,City or Town Road,Bitumen(Tar),Dry,No influence on accident,Fine,"Near BDA Bridg,, T.Chowdaiah Road,",ELECTRIC POLE,20,0.0,0.0
Bengaluru City,High Grounds Traffic PS,1.04432e+16,2016,1,2,Road Accidents,Circle,City/Town,Residential area,Human Error,No,Simple Injury,Hit and Run,No signal lights,Curve,City or Town Road,Bitumen(Tar),Dry,Not Applicable,Clear,SHIVANANDA CICRCLE,NEAR SCHOLL,0.5,0.0,0.0
Bengaluru City,High Grounds Traffic PS,1.04432e+16,2016,1,1,Road Accidents,Narrow road,City/Town,Near Hospital,Human Error,Yes,Fatal,Hit pedestrian,Police / Manual,Straight and flat,One way,Bitumen(Tar),Dry,No influence on accident,Clear,NEAR MARUTHI NURSING HOME.LINK ROAD,ELECTRIC POLE,19,0.0,0.0
Bengaluru City,High Grounds Traffic PS,1.04432e+16,2016,1,2,Road Accidents,Junction,City/Town,Near School or College,Human Error,No,Damage Only,Rear end,Signal lights Automatic,Straight and flat,One way,Bitumen(Tar),Dry,No influence on accident,Clear,PALACE GROUND.COD JUNCTION,ELECTRIC POLE,35,0.0,0.0
Bengaluru City,High Grounds Traffic PS,1.04432e+16,2016,1,2,Road Accidents,Other,City/Town,Near a religious place,Human Error,No,Simple Injury,Side swipe,Police / Manual,Straight and flat,Two way,Bitumen(Tar),Dry,No influence on accident,Clear,S C ROAD. SHESHADRIPURAM,SIGNAL POLE,25,0.0,0.0
Bengaluru City,High Grounds Traffic PS,1.04432e+16,2016,1,2,Road Accidents,Junction,City/Town,Near office complex,Human Error,No,Damage Only,Head on,Police / Manual,Straight and flat,One way,Bitumen(Tar),Dry,No influence on accident,Clear,L R D E JUNCTION,TREE,20,0.0,0.0
Bengaluru City,High Grounds Traffic PS,1.04432e+16,2016,1,2,Road Accidents,Curves,City/Town,Near office complex,Human Error,No,Damage Only,Side impact or Right angle,Signal lights Automatic,Straight and flat,One way,Bitumen(Tar),Dry,No influence on accident,Clear,J D S JUNCTION,Island,25,0.0,0.0
Bengaluru City,High Grounds Traffic PS,1.04432e+16,2016,1,2,Road Accidents,Circle,City/Town,Near Hospital,Human Error,No,Damage Only,Head on,Police / Manual,Straight and flat,City or Town Road,Bitumen(Tar),Dry,No influence on accident,Fine,"At Shivananda Circle Jn, KK Road,",ELECTRIC POLE,10,0.0,0.0
Bengaluru City,High Grounds Traffic PS,1.04432e+16,2016,1,1,Road Accidents,Other,City/Town,Near a recreation place/cinema,Human Error,Yes,Grievous Injury,Hit pedestrian,Police / Manual,Straight and flat,One way,Bitumen(Tar),Dry,No influence on accident,Fine,UDAYA TV JUNCTION,TREE,81,0.0,0.0
Bengaluru City,High Grounds Traffic PS,1.04432e+16,2016,1,1,Road Accidents,Circle,City/Town,Near a religious place,Human Error,No,Grievous Injury,Hit and Run,Controlled,Not Applicable,City or Town Road,Bitumen(Tar),Others,Not Applicable,Clear,NATARAJ THIEATER,NEAR  TEATER,1,0.0,0.0
Bengaluru City,High Grounds Traffic PS,1.04432e+16,2016,1,2,Road Accidents,Circle,City/Town,Near Hospital,Human Error,Yes,Grievous Injury,Side swipe,Signal lights Automatic,Straight and flat,Two way,Bitumen(Tar),Dry,No influence on accident,Clear,SHIVANANDA JUNCTION.HAREKRISHNA ROAD,POLICE PILAND,46,0.0,0.0
Bengaluru City,High Grounds Traffic PS,1.04432e+16,2016,1,2,Road Accidents,Other,City/Town,Residential area,Human Error,No,Grievous Injury,Side swipe,Not at  Junction,Straight and flat,One way,Bitumen(Tar),Dry,No influence on accident,Fine,SOUTH END CIRCLE,ELECTRIC POLE,45,0.0,0.0
Bengaluru City,High Grounds Traffic PS,1.04432e+16,2016,1,1,Road Accidents,Road hump or Rumble strips,City/Town,Near office complex,Human Error,No,Fatal,Others,Not Applicable,Straight and flat,Two way,Concrete,Dry,No influence on accident,Fine,SC ROAD NEAR ANANDARAO POLICE QUATRESS,ELECTRIC POLE,39FT,0.0,0.0
Bengaluru City,High Grounds Traffic PS,1.04432e+16,2016,1,2,Road Accidents,Cross roads,City/Town,Near a religious place,Human Error,Yes,Grievous Injury,Hit and Run,Uncontrolled,Curve,City or Town Road,Bitumen(Tar),Others,Not Applicable,Clear,KUMARA KRUPA WEST,NEAR SCHOLL,0.3,0.0,0.0
Bengaluru City,High Grounds Traffic PS,1.04432e+16,2016,1,2,Road Accidents,Junction,City/Town,Near a recreation place/cinema,Human Error,Yes,Grievous Injury,Head on,Signal lights Automatic,Straight and flat,City or Town Road,Bitumen(Tar),Dry,No influence on accident,Clear,"MOVRYA HOTEL JUNCTION, RACE COURSE ROAD,",ELECTRIC POLE,10,0.0,0.0
Bengaluru City,High Grounds Traffic PS,1.04432e+16,2016,1,2,Road Accidents,Junction,City/Town,Residential area,Human Error,No,Grievous Injury,Hit and Run,Controlled,Others,City or Town Road,Bitumen(Tar),Not Applicable,Not Applicable,Others,WINSOR MANNER JUNCTION,NEAR BRIDGE,0.2,0.0,0.0