DISTRICTNAME,UNITNAME,Crime_No,Year,RI,Noofvehicle_involved,Accident_Classification,Accident_Spot,Accident_Location,Accident_SubLocation,Main_Cause,Hit_Run,Severity,Collision_Type,Junction_Control,Road_Character,Road_Type,Surface_Type,Surface_Condition,Road_Condition,Weather,Accident_Road,Landmark_first,Distance_LandMark_First,Latitude,Longitude
Bengaluru City,High Grounds Traffic PS,1.04432e+16,2018,1,2,Road Accidents,Cross roads,City/Town,Narrow bridge or culverts,Human Error,No,Grievous Injury,Rear end,Signal lights Automatic,Others,City or Town Road,Bitumen(Tar),Dry,No influence on accident,Fine,DHANVANTARI ROAD,STREET LIGHT,15FT,0.0,0.0
Bengaluru City,High Grounds Traffic PS,1.04432e+16,2018,1,1,Road Accidents,Circle,City/Town,Near Bus stop,Human Error,No,Grievous Injury,Hit pedestrian,Signal lights Blinking,Straight and flat,One way,Bitumen(Tar),Dry,No influence on accident,Fine,"NEAR RAJEEVGHANDHI CIRCLE, PLATFORM ROAD",ELECTRIC POLE,15,12.989745,77.571933
Bengaluru City,High Grounds Traffic PS,1.04432e+16,2018,1,2,Road Accidents,More than four arms,City/Town,Near School or College,Human Error,No,Damage Only,Rear end,Signal lights Automatic,Straight and flat,City or Town Road,Bitumen(Tar),Dry,No influence on accident,Clear,"Near Sophia Junction, PALACE ROAD",STREET LIGHT,5FT,0.0,0.0
Bengaluru City,High Grounds Traffic PS,1.04432e+16,2018,1,2,Road Accidents,Junction,City/Town,Near Bus stop,Human Error,No,Damage Only,Rear end,Signal lights Automatic,Straight and flat,City or Town Road,Bitumen(Tar),Dry,No influence on accident,Fine,"NEAR HIGHRGOUND JUNCTION, T.CHOWDAIAH ROAD,",STREET LIGHT,30,0.0,0.0
Bengaluru City,High Grounds Traffic PS,1.04432e+16,2018,1,1,Road Accidents,Curves,City/Town,Near a recreation place/cinema,Human Error,Yes,Simple Injury,Hit bicyclist,Signal lights Automatic,Straight and flat,Arterial,Bitumen(Tar),Dry,No influence on accident,Clear,"Trilight Junction, Harekrishna Road,",SIGNAL LIGHT,500MTR,0.0,0.0
Bengaluru City,High Grounds Traffic PS,1.04432e+16,2018,1,3,Road Accidents,Other,City/Town,Near Hospital,Human Error,No,Grievous Injury,Side impact or Right angle,Signal lights Automatic,Straight and flat,City or Town Road,Bitumen(Tar),Dry,No influence on accident,Fine,NEAR VETENARY HOSPITAL,STREET LIGHT,15FT,0.0,0.0
Bengaluru City,High Grounds Traffic PS,1.04432e+16,2018,1,2,Road Accidents,Circle,City/Town,Near School or College,Human Error,No,Grievous Injury,Rear end,Police / Manual,Straight and flat,Two way,Bitumen(Tar),Dry,No influence on accident,Fine,NEAR NEHRU CIRCLE,STREET LIGHT,25FT,0.0,0.0
Bengaluru City,High Grounds Traffic PS,1.04432e+16,2018,1,2,Road Accidents,Cross roads,City/Town,Near office complex,Human Error,No,Grievous Injury,Head on,Police / Manual,Straight and flat,City or Town Road,Bitumen(Tar),Dry,No influence on accident,Fine,"NEAR RACE VIEW HOTEL JUNCTION, RACE COURCE RAOD",IRON POLE,50,0.0,0.0
Bengaluru City,High Grounds Traffic PS,1.04432e+16,2018,1,2,Road Accidents,Other,City/Town,Near Hospital,Human Error,No,Simple Injury,Head on,Not at  Junction,Straight and flat,City or Town Road,Bitumen(Tar),Dry,No influence on accident,Fine,INFRONT OF  AL-AMEEN HOSPITAL .TANK BUND ROAD.VASANATHANAGAR,STREET LIGHT,1KM,0.0,0.0
Bengaluru City,High Grounds Traffic PS,1.04432e+16,2018,1,2,Road Accidents,Bridge,City/Town,Near School or College,Human Error,No,Simple Injury,Head on,No signal lights,Straight and flat,One way,Bitumen(Tar),Dry,No influence on accident,Clear,"Sheshardipuram Ralway Under Bridge, Sheshadripuram",RAILWAY UNDER BRIDGE,15FT,0.0,0.0
Bengaluru City,High Grounds Traffic PS,1.04432e+16,2018,1,2,Road Accidents,Junction,City/Town,Near office complex,Human Error,No,Damage Only,Rear end,Police / Manual,Straight and flat,City or Town Road,Bitumen(Tar),Dry,No influence on accident,Fine,"T CHOUDAIAH ROAD, HIGHGROUND JUNCTION",STREET LIGHT,45ft,0.0,0.0
Bengaluru City,High Grounds Traffic PS,1.04432e+16,2018,1,1,Road Accidents,T Junction,City/Town,Open area,Human Error,No,Simple Injury,Hit fixed object,Signal lights Automatic,Straight and flat,City or Town Road,Bitumen(Tar),Dry,No influence on accident,Fine,"WINDSOR MANNER JUNCTION, T CHOUDAIAH ROAD HIGHGROUND",SIGNAL LIGHT,30,0.0,0.0
Bengaluru City,High Grounds Traffic PS,1.04432e+16,2018,1,2,Road Accidents,Other,City/Town,Near a religious place,Human Error,No,Damage Only,Rear end,Police / Manual,Straight and flat,City or Town Road,Bitumen(Tar),Dry,No influence on accident,Clear,"Lakshmi Temple Road, Sheshadripuram",STREET LIGHT,30,0.0,0.0
Bengaluru City,High Grounds Traffic PS,1.04432e+16,2018,1,1,Road Accidents,T Junction,City/Town,Near a religious place,Human Error,No,Simple Injury,Hit pedestrian,Signal lights Automatic,Straight and flat,City or Town Road,Bitumen(Tar),Dry,No influence on accident,Clear,SUBEDAR CHATRAM ROAD,STREET LIGHT,25FT,0.0,0.0
Bengaluru City,High Grounds Traffic PS,1.04432e+16,2018,1,2,Road Accidents,Junction,City/Town,Near office complex,Human Error,No,Simple Injury,Rear end,Signal lights Automatic,Straight and flat,City or Town Road,Bitumen(Tar),Dry,No influence on accident,Fine,LRDE JUNCTION.T.CHOWDAIAH ROAD,STREET LIGHT,17FT,0.0,0.0
Bengaluru City,High Grounds Traffic PS,1.04432e+16,2018,1,2,Road Accidents,Narrow road,City/Town,Near Bus stop,Human Error,No,Simple Injury,Side swipe,No signal lights,Straight and flat,City or Town Road,Bitumen(Tar),Dry,No influence on accident,Fine,"LINK ROAD, SHESHADRIPURAM",ELECTRIC POLE,1,0.0,0.0
Bengaluru City,High Grounds Traffic PS,1.04432e+16,2018,1,2,Road Accidents,Junction,City/Town,Near Bus stop,Human Error,No,Simple Injury,Side swipe,Signal lights Automatic,Straight and flat,City or Town Road,Bitumen(Tar),Dry,No influence on accident,Clear,BASAVESHWARA JUNCTION,SIGNAL LIGHT,15,0.0,0.0
Bengaluru City,High Grounds Traffic PS,1.04432e+16,2018,1,2,Road Accidents,Junction,City/Town,Near Hospital,Human Error,No,Simple Injury,Side swipe,Signal lights Automatic,Straight and flat,Two way,Bitumen(Tar),Dry,No influence on accident,Fine,"HARE KRISHNA ROAD, HIGHGROUND,",STREET LIGHT,256FT,0.0,0.0
Bengaluru City,High Grounds Traffic PS,1.04432e+16,2018,1,2,Road Accidents,Other,City/Town,Near Bus stop,Human Error,No,Simple Injury,Hit fixed object,Police / Manual,Straight and flat,One way,Bitumen(Tar),Dry,No influence on accident,Fine,"Shirooru park Road, Sampige Road,",ELECTRIC POLE,20ft,0.0,0.0
Bengaluru City,High Grounds Traffic PS,1.04432e+16,2018,1,1,Road Accidents,Other,City/Town,Near office complex,Human Error,Yes,Simple Injury,Hit pedestrian,Police / Manual,Straight and flat,City or Town Road,Bitumen(Tar),Dry,No influence on accident,Fine,NEAR B.D.A OFFICE,STREET LIGHT,45ft,0.0,0.0
Bengaluru City,High Grounds Traffic PS,1.04432e+16,2018,1,2,Road Accidents,Junction,City/Town,Near office complex,Human Error,Yes,Damage Only,Hit and Run,Signal lights Automatic,Straight and flat,City or Town Road,Bitumen(Tar),Dry,No influence on accident,Fine,NEAR HIGHGROUND JUNCTION.T.CHOWDAIAH ROAD,STREET LIGHT,30FT,0.0,0.0
Bengaluru City,High Grounds Traffic PS,1.04432e+16,2018,1,2,Road Accidents,Narrow road,City/Town,Near a recreation place/cinema,Human Error,No,Simple Injury,Rear end,Police / Manual,Straight and flat,One way,Bitumen(Tar),Dry,No influence on accident,Fine,"Near Manthri Mall, Sampige Road,",STREET LIGHT,15FT,0.0,0.0
Bengaluru City,High Grounds Traffic PS,1.04432e+16,2018,1,2,Road Accidents,More than four arms,City/Town,Near Bus stop,Human Error,No,Grievous Injury,Side swipe,Signal lights Automatic,Straight and flat,City or Town Road,Bitumen(Tar),Dry,No influence on accident,Clear,"BASAVESHWARA JUNCTION, PALACE ROAD",ISLAND,59,12.984595,77.588252
Bengaluru City,High Grounds Traffic PS,1.04432e+16,2018,1,1,Road Accidents,Other,City/Town,Near Hospital,Human Error,No,Grievous Injury,Hit pedestrian,Police / Manual,Straight and flat,City or Town Road,Bitumen(Tar),Dry,No influence on accident,Fine,MILLERS ROAD,ELECTRIC POLE,1,0.0,0.0
Bengaluru City,High Grounds Traffic PS,1.04432e+16,2018,1,2,Road Accidents,Other,City/Town,Open area,Human Error,No,Simple Injury,Others,Police / Manual,Straight and flat,City or Town Road,Bitumen(Tar),Dry,No influence on accident,Fine,"NEAR MOURYA HOTEL, RACE COURCE ROAD LOOP ROAD,",STREET LIGHT,50FT,0.0,0.0
Bengaluru City,High Grounds Traffic PS,1.04432e+16,2018,1,2,Road Accidents,Cross roads,City/Town,Near office complex,Human Error,Yes,Fatal,Hit and Run,Not at  Junction,Straight and flat,Two way,Bitumen(Tar),Dry,No influence on accident,Clear,NEAR RED CROSS.R.M.B ARADHYA CIRCLE.RACE COURSE ROAD,IRON POLE,72,0.0,0.0
Bengaluru City,High Grounds Traffic PS,1.04432e+16,2018,1,2,Road Accidents,Bridge,City/Town,Narrow bridge or culverts,Human Error,No,Damage Only,Hit fixed object,Uncontrolled,Straight and flat,City or Town Road,Bitumen(Tar),Dry,No influence on accident,Fine,"NEAR WINDSOR MANNER BRIDGE, T CHOWDAIAH ROAD",LEVEL CROSSING POLE,25FT,12.996426,77.584736
Bengaluru City,High Grounds Traffic PS,1.04432e+16,2019,1,2,Road Accidents,Not Applicable,City/Town,Near School or College,Road Environment Defect,Yes,Grievous Injury,Hit and Run,Not Applicable,Not Applicable,City or Town Road,Bitumen(Tar),Dry,Not Applicable,Fine,PALACE ROAD,NEAR SOPIA SCHOOL,1.5 KM,0.0,0.0
Bengaluru City,High Grounds Traffic PS,1.04432e+16,2019,1,2,Road Accidents,Junction,City/Town,Open area,Human Error,No,Damage Only,Vehicle to Vehicle,Signal lights Automatic,Straight and flat,Others,Bitumen(Tar),Dry,Not Applicable,Fog / Mist,MILLERS ROAD,CHAVUNDARAYA JUNCION,3 KM,0.0,0.0
Bengaluru City,High Grounds Traffic PS,1.04432e+16,2019,1,2,Road Accidents,Cross roads,City/Town,Residential area,Human Error,No,Simple Injury,Rear end,Not at  Junction,Slight Curve,City or Town Road,Bitumen(Tar),Dry,Not Applicable,Fine,LINK ROAD,NEAR GETHANJALI JUNCTION,3 KM,0.0,0.0
Bengaluru City,High Grounds Traffic PS,1.04432e+16,2019,1,1,Road Accidents,Not Applicable,City/Town,Near Hospital,Human Error,No,Simple Injury,Hit pedestrian,Not Applicable,Not Applicable,Two way,Bitumen(Tar),Wet,Not Applicable,Light Rain,K K ROAD,NEAR JANARDAN HOTEL,1KM,0.0,0.0
Bengaluru City,High Grounds Traffic PS,1.04432e+16,2019,1,1,Road Accidents,Other,City/Town,Near Bus stop,Not Applicable,No,Grievous Injury,Hit pedestrian,Not Applicable,Not Applicable,Two way,Bitumen(Tar),Dry,Not Applicable,Others,RACE COURSE ROAD,NEAR VIDYA BHAVAN,1KM,0.0,0.0
Bengaluru City,High Grounds Traffic PS,1.04432e+16,2019,1,1,Road Accidents,Not Applicable,City/Town,Open area,Human Error,Not Applicable,Simple Injury,Hit pedestrian,Not Applicable,Not Applicable,Two way,Bitumen(Tar),Dry,Not Applicable,Fine,RACE COURSE ROAD,OPP RACE COURSE,50MTRS,0.0,0.0
Bengaluru City,High Grounds Traffic PS,1.04432e+16,2019,1,2,Road Accidents,Junction,City/Town,Near School or College,Human Error,No,Simple Injury,Vehicle to Vehicle,Controlled,Others,Two way,Bitumen(Tar),Dry,Not Applicable,Others,KK RAOD,NEAR SHIVANANDA JUNCTION,500 MT,0.0,0.0
Bengaluru City,High Grounds Traffic PS,1.04432e+16,2019,1,1,Road Accidents,Other,City/Town,Near office complex,Not Applicable,Yes,Grievous Injury,Others,Not Applicable,Others,City or Town Road,Bitumen(Tar),Dry,Not Applicable,Clear,RAILWAY PARALAL ROAD,NERA RAILWAY TRACK,1.5 KM,0.0,0.0
Bengaluru City,High Grounds Traffic PS,1.04432e+16,2019,1,2,Road Accidents,Narrow road,City/Town,Open area,Human Error,No,Damage Only,Rear end,Not Applicable,Slight Curve,Two way,Bitumen(Tar),Dry,Not Applicable,Fine,"T CHOUDAIAH ROAD, HIGHGROUND",NEAR BALBRUYI,1.5 KM,0.0,0.0
Bengaluru City,High Grounds Traffic PS,1.04432e+16,2019,1,2,Road Accidents,Not Applicable,City/Town,Near office complex,Human Error,No,Simple Injury,Vehicle to Vehicle,Not at  Junction,Not Applicable,Two way,Bitumen(Tar),Flooded,Not Applicable,Fine,T CHOUDAIAH ROAD WINDSAR MANOR,NEAR WINDSAR MAONOR JUNCTION,1.5 KM,0.0,0.0
Bengaluru City,High Grounds Traffic PS,1.04432e+16,2019,1,2,Road Accidents,T Junction,City/Town,Near a recreation place/cinema,Human Error,No,Simple Injury,Side swipe,Signal lights Automatic,Others,City or Town Road,Bitumen(Tar),Dry,Not Applicable,Fine,RACE COURSE ROAD,NEAR BANGALORE TURF CLUB GATE NO 4,200 MT,0.0,0.0
Bengaluru City,High Grounds Traffic PS,1.04432e+16,2019,1,2,Road Accidents,Circle,City/Town,Near School or College,Human Error,No,Grievous Injury,Vehicle to Vehicle,Signal lights Automatic,Others,Others,Bitumen(Tar),Dry,Not Applicable,Clear,T CHOWDAIAH RAOD,NEAR SOPHAYA SCHOOL,1 KM,0.0,0.0
Bengaluru City,High Grounds Traffic PS,1.04432e+16,2019,1,1,Road Accidents,Curves,City/Town,Near office complex,Human Error,Not Applicable,Simple Injury,Hit pedestrian,Signal lights Automatic,Curve,Two way,Bitumen(Tar),Dry,Not Applicable,Fine,SUBEDHAR CHATRAM ROAD,NEAR SHESHADRIPURAM POLICE STATION,1.5 KM,0.0,0.0
Bengaluru City,High Grounds Traffic PS,1.04432e+16,2019,1,1,Road Accidents,Narrow road,City/Town,Open area,Human Error,No,Grievous Injury,Not Applicable,Not at  Junction,Others,One way,Bitumen(Tar),Dry,Not Applicable,Others,MILLERS ROAD,NEAR BASAVESHWARA JUNCTION,1 KM,0.0,0.0
Bengaluru City,High Grounds Traffic PS,1.04432e+16,2019,1,1,Road Accidents,Cross roads,City/Town,Near School or College,Human Error,No,Grievous Injury,Hit pedestrian,Not Applicable,Slight Curve,Residential Street,Bitumen(Tar),Dry,Not Applicable,Fine,CRESENT ROAD,NEAR BHARATH SEVADAL SCHOOL,1.5 KM,0.0,0.0
Bengaluru City,High Grounds Traffic PS,1.04432e+16,2019,1,1,Road Accidents,Narrow road,City/Town,Residential area,Human Error,Not Applicable,Fatal,Not Applicable,Not at  Junction,Straight and flat,Residential Street,Bitumen(Tar),Dry,Not Applicable,Clear,2 km,NEAR HOODI APRATMENT,1.5 KM,0.0,0.0
Bengaluru City,High Grounds Traffic PS,1.04432e+16,2019,1,2,Road Accidents,Narrow road,City/Town,Near office complex,Human Error,Yes,Simple Injury,Hit bicyclist,Not Applicable,Not Applicable,One way,Bitumen(Tar),Dry,Not Applicable,Fine,CUNNINGHAM ROAD,NEAR EXCANCER,1.5 KM,0.0,0.0
Bengaluru City,High Grounds Traffic PS,1.04432e+16,2019,1,2,Road Accidents,Junction,City/Town,Residential area,Human Error,Not Applicable,Simple Injury,Vehicle to Vehicle,Controlled,Not Applicable,Two way,Bitumen(Tar),Dry,Not Applicable,Clear,R P PARALAL ROAD,KRISHNA FLOOR MILL,2KM,0.0,0.0
Bengaluru City,High Grounds Traffic PS,1.04432e+16,2019,1,2,Road Accidents,Not Applicable,City/Town,Narrow bridge or culverts,Human Error,Not Applicable,Grievous Injury,Vehicle to Vehicle,Uncontrolled,Not Applicable,Two way,Bitumen(Tar),Dry,Not Applicable,Fine,T CHOUDAIAH ROAD WINDSAR MANOR,WINDSAR MANOR BRIDGE,1.5 KM,0.0,0.0
Bengaluru City,High Grounds Traffic PS,1.04432e+16,2019,1,2,Road Accidents,Junction,City/Town,Open area,Human Error,No,Grievous Injury,Side impact or Right angle,Controlled,Slight Curve,City or Town Road,Bitumen(Tar),Dry,Not Applicable,Clear,"T CHOUDAIAH ROAD, HIGHGROUND",NEAR BENGALORE GOLF,1.5 KM,0.0,0.0
Bengaluru City,High Grounds Traffic PS,1.04432e+16,2019,1,3,Road Accidents,Not Applicable,City/Town,Near office complex,Human Error,No,Damage Only,Vehicle to Vehicle,Not Applicable,Others,Two way,Bitumen(Tar),Dry,Not Applicable,Cloudy,T CHOUDAIAH ROAD WINDSAR MANOR,NEAR WINDSAR MAONOR JUNCTION,2KM,0.0,0.0
Bengaluru City,High Grounds Traffic PS,1.04432e+16,2019,1,2,Road Accidents,Junction,City/Town,Near Hospital,Human Error,No,Damage Only,Vehicle to Vehicle,Uncontrolled,Not Applicable,One way,Bitumen(Tar),Dry,Not Applicable,Wind,BASAVESHWARA ROAD,NEAR SAFINA TOWER,2KM,0.0,0.0
Bengaluru City,High Grounds Traffic PS,1.04432e+16,2019,1,1,Road Accidents,Junction,City/Town,Near office complex,Human Error,Not Applicable,Simple Injury,Hit pedestrian,Controlled,Curve,Two way,Bitumen(Tar),Dry,Not Applicable,Fine,S C ROAD,OPP SHESHADRIPURAM PS,1.5 KM,0.0,0.0
Bengaluru City,High Grounds Traffic PS,1.04432e+16,2019,1,2,Road Accidents,Not Applicable,City/Town,Near office complex,Human Error,Not Applicable,Damage Only,Vehicle to Vehicle,Controlled,Not Applicable,Not Applicable,Bitumen(Tar),Dry,Not Applicable,Clear,P F ROAD,KRISHNA FLOOR MILL,1.5 KM,12.9848694,77.5721052
Bengaluru City,High Grounds Traffic PS,1.04432e+16,2019,1,2,Road Accidents,Narrow road,City/Town,Near School or College,Human Error,No,Grievous Injury,Side impact or Right angle,Signal lights Automatic,Not Applicable,Expressway,Bitumen(Tar),Dry,Not Applicable,Clear,KUMAR KRUPA RAOD,NEAR SEVADAL SCHOOL,200 MT,0.0,0.0
Bengaluru City,High Grounds Traffic PS,1.04432e+16,2019,1,2,Road Accidents,Not Applicable,City/Town,Near Hospital,Human Error,No,Grievous Injury,Vehicle to Vehicle,Not Applicable,Not Applicable,Sub Arterial,Bitumen(Tar),Dry,Not Applicable,Fine,HARE KRISHNA ROAD,NEAR SHESHADRIPURAM POLICE STATION,1.5 KM,0.0,0.0
Bengaluru City,High Grounds Traffic PS,1.04432e+16,2019,1,1,Road Accidents,Junction,City/Town,Open area,Human Error,Not Applicable,Grievous Injury,Not Applicable,Signal lights Automatic,Curve,Two way,Bitumen(Tar),Dry,Not Applicable,Fog / Mist,T CHOWDAIAH RAOD,NEAR HIGHGROUND JUNCTION,1KM,0.0,0.0
Bengaluru City,High Grounds Traffic PS,1.04432e+16,2019,1,2,Road Accidents,Narrow road,City/Town,Open area,Human Error,No,Damage Only,Vehicle to Vehicle,Not at  Junction,Incline,Two way,Bitumen(Tar),Wet,Not Applicable,Light Rain,T CHOWDAIAH RAOD,NEA WINDSOR MANNER JUNCTION,2 KM,0.0,0.0
Bengaluru City,High Grounds Traffic PS,1.04432e+16,2019,1,2,Road Accidents,Junction,City/Town,Near office complex,Human Error,No,Grievous Injury,Side swipe,Signal lights Automatic,Straight and flat,City or Town Road,Bitumen(Tar),Dry,No influence on accident,Clear,T THIMMAIAH RAOD & MILLERS ROAD JUNCTION,NEAR CONTONMENT RAILWAY STATION,3 KM,0.0,0.0
Bengaluru City,High Grounds Traffic PS,1.04432e+16,2019,1,2,Road Accidents,Other,City/Town,Near office complex,Human Error,No,Damage Only,Others,Not Applicable,Not Applicable,City or Town Road,Bitumen(Tar),Dry,Construction Work / Material,Fine,HARE KRISHNA ROAD,NEAR KARNATAKA CHALANACHITRA VANIJYA MANDALI,0.5 KM,0.0,0.0
Bengaluru City,High Grounds Traffic PS,1.04432e+16,2019,1,2,Road Accidents,Narrow road,City/Town,Open area,Human Error,No,Damage Only,Rear end,Signal lights Automatic,Slight Curve,City or Town Road,Bitumen(Tar),Dry,Not Applicable,Fine,T CHOWDAIAH RAOD,NEAR OLD HIGHGROUND JUNCTION,1.5 KM,0.0,0.0
Bengaluru City,High Grounds Traffic PS,1.04432e+16,2019,1,2,Road Accidents,Circle,City/Town,Near Petrol Pump,Human Error,No,Grievous Injury,Vehicle to Vehicle,No signal lights,Straight and flat,One way,Bitumen(Tar),Dry,Not Applicable,Fine,SAMPIGE ROAD,NEAR MANTRI MALL METRO,2KM,0.0,0.0
Bengaluru City,High Grounds Traffic PS,1.04432e+16,2019,1,2,Road Accidents,Not Applicable,City/Town,Near office complex,Human Error,No,Simple Injury,Vehicle to Vehicle,Not Applicable,Not Applicable,Two way,Bitumen(Tar),Dry,Not Applicable,Clear,K K ROAD,BENGALORE GOLF,1.5 KM,0.0,0.0
Bengaluru City,High Grounds Traffic PS,1.04432e+16,2019,1,1,Road Accidents,Narrow road,City/Town,Residential area,Human Error,Yes,Grievous Injury,Hit and Run,Not Applicable,Not Applicable,City or Town Road,Bitumen(Tar),Dry,Not Applicable,Clear,NEHRU NAGAR,NEAR TRINGULAR PARK,1 KM,0.0,0.0
Bengaluru City,High Grounds Traffic PS,1.04432e+16,2019,1,2,Road Accidents,Junction,City/Town,Near Petrol Pump,Human Error,No,Grievous Injury,Vehicle to Vehicle,Uncontrolled,Curve,Two way,Bitumen(Tar),Dry,Not Applicable,Fine,HARE KRISHNA ROAD,NEAR REDDY PETROL BUNK,2KM,0.0,0.0
Bengaluru City,High Grounds Traffic PS,1.04432e+16,2019,1,2,Road Accidents,Junction,City/Town,Near office complex,Human Error,Yes,Grievous Injury,Vehicle to Vehicle,Controlled,Slight Curve,Others,Bitumen(Tar),Dry,Not Applicable,Clear,RACE COURSE ROAD,NEAR ARDYA JUNCTION,0.5,0.0,0.0
Bengaluru City,High Grounds Traffic PS,1.04432e+16,2019,1,1,Road Accidents,Narrow road,City/Town,Near Hospital,Human Error,Not Applicable,Simple Injury,Hit pedestrian,Not Applicable,Not Applicable,Two way,Bitumen(Tar),Dry,Not Applicable,Fine,RAILWAY PARALAL ROAD,NEAR GOLDEN METRO HOTEL,2KM,0.0,0.0
Bengaluru City,High Grounds Traffic PS,1.04432e+16,2019,1,1,Road Accidents,Cross roads,City/Town,Near office complex,Human Error,No,Fatal,Hit pedestrian,Not at  Junction,Curve and Incline,One way,Bitumen(Tar),Dry,Not Applicable,Clear,S C ROAD,RAJEEVAGANDHI CIRCLE,2.5 KM,0.0,0.0
Bengaluru City,High Grounds Traffic PS,1.04432e+16,2019,1,2,Road Accidents,Narrow road,City/Town,Open area,Human Error,No,Grievous Injury,Vehicle to Vehicle,Not at  Junction,Straight and flat,Two way,Bitumen(Tar),Dry,Not Applicable,Clear,T CHOWDAIAH ROAD,NEAR LEE MERIDIAN HOTEL,2 KM,0.0,0.0
Bengaluru City,High Grounds Traffic PS,1.04432e+16,2019,1,2,Road Accidents,Junction,City/Town,Near office complex,Human Error,No,Grievous Injury,Vehicle to Vehicle,Signal lights Automatic,Curve and Incline,Others,Bitumen(Tar),Dry,Not Applicable,Fine,T CHOWDAIAH ROD,NEAR WINDOS MANNER HOTEL,2.5KM,0.0,0.0
Bengaluru City,High Grounds Traffic PS,1.04432e+16,2019,1,2,Road Accidents,Cross roads,City/Town,Open area,Human Error,No,Damage Only,Others,Not Applicable,Curve,City or Town Road,Bitumen(Tar),Dry,Not Applicable,Clear,"T CHOUDAIAH ROAD, HIGHGROUND",NEAR BALBRUYI,1.5 KM,0.0,0.0
Bengaluru City,High Grounds Traffic PS,1.04432e+16,2019,1,1,Road Accidents,Cross roads,City/Town,Near office complex,Human Error,Yes,Grievous Injury,Not Applicable,Controlled,Others,One way,Bitumen(Tar),Dry,Not Applicable,Clear,BASAVESHWARA ROAD,NEAR LRDE JUNCTION,1.5 KM,0.0,0.0
Bengaluru City,High Grounds Traffic PS,1.04432e+16,2019,1,1,Road Accidents,Narrow road,City/Town,Near a religious place,Human Error,Yes,Grievous Injury,Hit and Run,Not Applicable,Straight and flat,Feeder Road,Bitumen(Tar),Dry,Not Applicable,Clear,DHANWANTRI ROAD,NEWR MARIYMMA TEMPLE,3 KM,0.0,0.0
Bengaluru City,High Grounds Traffic PS,1.04432e+16,2019,1,2,Road Accidents,Junction,City/Town,Open area,Human Error,Yes,Grievous Injury,Hit bicyclist,Controlled,Not Applicable,One way,Bitumen(Tar),Dry,Not Applicable,Fine,LRDE JUNCTION.T.CHOWDAIAH ROAD,NEAR BWSSB WATER TANK,2.5 KM,0.0,0.0
Bengaluru City,High Grounds Traffic PS,1.04432e+16,2019,1,2,Road Accidents,Curves,City/Town,Residential area,Human Error,Yes,Grievous Injury,Hit and Run,Not Applicable,Curve,Residential Street,Bitumen(Tar),Dry,Construction Work / Material,Fine,SHESHADRIPURAM CROSS ROAD,NEAR VISHNU ENCLAVE,2.5 KM,0.0,0.0
Bengaluru City,High Grounds Traffic PS,1.04432e+16,2019,1,2,Road Accidents,Not Applicable,City/Town,Open area,Human Error,Yes,Simple Injury,Side swipe,Not at  Junction,Not Applicable,City or Town Road,Bitumen(Tar),Dry,Not Applicable,Fine,T CHOWDAIAH RAOD,IN FROMT OF BDA OFFICE,2.5KM,0.0,0.0
Bengaluru City,High Grounds Traffic PS,1.04432e+16,2019,1,3,Road Accidents,Cross roads,City/Town,Open area,Human Error,No,Simple Injury,Vehicle to Vehicle,Not at  Junction,Curve,Others,Bitumen(Tar),Dry,Not Applicable,Clear,PALACE ROAD,NEAR BANGALORE PALACE,3 KM,0.0,0.0
Bengaluru City,High Grounds Traffic PS,1.04432e+16,2019,1,2,Road Accidents,Narrow road,City/Town,Residential area,Human Error,No,Grievous Injury,Vehicle to Vehicle,Not at  Junction,Straight and flat,Residential Street,Bitumen(Tar),Dry,Not Applicable,Clear,SHESHADRIPURAM 1ST MAIN,NEAR RMS JUNCTION,2KM,12.992248,77.57577
Bengaluru City,High Grounds Traffic PS,1.04432e+16,2019,1,2,Road Accidents,Junction,City/Town,Open area,Human Error,No,Simple Injury,Vehicle to Vehicle,Signal lights Automatic,Slight Curve,Two way,Bitumen(Tar),Dry,Not Applicable,Cloudy,PLOTFORM RAOD,KFM JUNCTION,3 KM,0.0,0.0
Bengaluru City,High Grounds Traffic PS,1.04432e+16,2020,1,2,Road Accidents,Narrow road,City/Town,Near office complex,Human Error,No,Simple Injury,Vehicle to Vehicle,Not at  Junction,Straight and flat,Two way,Bitumen(Tar),Dry,Not Applicable,Fine,SIRUR PARK ROAD,NEAR MANHTRI MALL,2 KM,0.0,0.0
Bengaluru City,High Grounds Traffic PS,1.04432e+16,2020,1,1,Road Accidents,Junction,City/Town,Near office complex,Human Error,Not Applicable,Grievous Injury,Hit pedestrian,Controlled,Not Applicable,Not Applicable,Bitumen(Tar),Dry,Not Applicable,Fine,BASAVESHWARA JUNCTION,NEAR CHALUKYA HOTEL,1.5KM,0.0,0.0
Bengaluru City,High Grounds Traffic PS,1.04432e+16,2020,1,1,Road Accidents,Narrow road,City/Town,Residential area,Human Error,No,Fatal,Not Applicable,Not at  Junction,Straight and flat,Others,Bitumen(Tar),Dry,Not Applicable,Fine,PLAT FORM ROAD,NEAR KFM JUNCTION,2.5 KM,0.0,0.0
Bengaluru City,High Grounds Traffic PS,1.04432e+16,2020,1,1,Road Accidents,Not Applicable,City/Town,Open area,Human Error,No,Fatal,Not Applicable,Not Applicable,Slight Curve,Two way,Bitumen(Tar),Dry,Not Applicable,Light Rain,"T CHOUDAIAH ROAD, HIGHGROUND",NEAR SEVEN MINISTER QUARTERS,1.5 KM,0.0,0.0
Bengaluru City,High Grounds Traffic PS,1.04432e+16,2020,1,1,Road Accidents,Curves,City/Town,Near office complex,Human Error,No,Simple Injury,Hit pedestrian,Not at  Junction,Curve,Two way,Bitumen(Tar),Dry,Not Applicable,Fine,RACE COURSE ROAD,NEAR VOLOV SHOW ROOM,300mtr,0.0,0.0
Bengaluru City,High Grounds Traffic PS,1.04432e+16,2020,1,1,Road Accidents,Curves,City/Town,Open area,Human Error,No,Simple Injury,Not Applicable,Not Applicable,Curve,Two way,Bitumen(Tar),Dry,Not Applicable,Clear,"T CHOUDAIAH ROAD, HIGHGROUND",NEAR BENGALORE GOLF,1.5KM,0.0,0.0