DISTRICTNAME,UNITNAME,Crime_No,Year,RI,Noofvehicle_involved,Accident_Classification,Accident_Spot,Accident_Location,Accident_SubLocation,Main_Cause,Hit_Run,Severity,Collision_Type,Junction_Control,Road_Character,Road_Type,Surface_Type,Surface_Condition,Road_Condition,Weather,Accident_Road,Landmark_first,Distance_LandMark_First,Latitude,Longitude
Bengaluru City,HSR Lay Out Traffic PS,1.04432e+16,2017,1,2,Road Accidents,Narrow road,City/Town,Residential area,Vehicle Defect,No,Fatal,Others,Not at  Junction,Straight and flat,City or Town Road,Bitumen(Tar),Dry,Not Applicable,Fine,SARJAPURA ROAD,SBI BANK,10F,0.0,0.0
Bengaluru City,HSR Lay Out Traffic PS,1.04432e+16,2017,1,1,Road Accidents,Narrow road,City/Town,Residential area,Human Error,Not Applicable,Fatal,Others,Not at  Junction,Others,City or Town Road,Bitumen(Tar),Dry,Not Applicable,Fine,SARJAPURA ROAD,BHARATH PETROLE BUNK,55F,0.0,0.0
Bengaluru City,HSR Lay Out Traffic PS,1.04432e+16,2017,1,2,Road Accidents,Other,City/Town,Residential area,Human Error,Not Applicable,Grievous Injury,Others,Controlled,Others,City or Town Road,Bitumen(Tar),Dry,Not Applicable,Fine,CENTRAL JAIL ROAD,VISHNU GRAND HOTEL,50F,0.0,0.0
Bengaluru City,HSR Lay Out Traffic PS,1.04432e+16,2017,1,2,Road Accidents,Other,City/Town,Residential area,Human Error,Not Applicable,Grievous Injury,Others,Not at  Junction,Straight and flat,City or Town Road,Bitumen(Tar),Dry,Not Applicable,Fine,MARATHALLI TO SILK BOAR,IKOSPES,50F,0.0,0.0
Bengaluru City,HSR Lay Out Traffic PS,1.04432e+16,2017,1,2,Road Accidents,Narrow road,City/Town,Residential area,Human Error,No,Grievous Injury,Others,Not at  Junction,Straight and flat,City or Town Road,Bitumen(Tar),Dry,Not Applicable,Fine,14th MAIN HSR,MRAKS SHOROOM,60,0.0,0.0
Bengaluru City,HSR Lay Out Traffic PS,1.04432e+16,2017,1,3,Road Accidents,Narrow road,City/Town,Open area,Human Error,Yes,Grievous Injury,Hit and Run,Not at  Junction,Straight and flat,City or Town Road,Bitumen(Tar),Dry,Not Applicable,Fine,BLANCK ROAD,GREEN TREE,17F,0.0,0.0
Bengaluru City,HSR Lay Out Traffic PS,1.04432e+16,2017,1,1,Road Accidents,Bridge,City/Town,In bazaar,Human Error,Yes,Fatal,Hit and Run,No signal lights,Not Applicable,City or Town Road,Bitumen(Tar),Wet,Pot holed,Fine,ORR ROAD BELUNDNDUR,IN FRONT OF COFFIDAY,2KM,0.0,0.0
Bengaluru City,HSR Lay Out Traffic PS,1.04432e+16,2017,1,1,Road Accidents,Other,City/Town,Residential area,Human Error,Yes,Damage Only,Others,Not at  Junction,Not Applicable,City or Town Road,Bitumen(Tar),Others,Not Applicable,Fine,AGARA FLYOVER,FLYOVER,10F,0.0,0.0
Bengaluru City,HSR Lay Out Traffic PS,1.04432e+16,2017,1,2,Road Accidents,Junction,City/Town,Open area,Human Error,No,Simple Injury,Others,No signal lights,Straight and flat,City or Town Road,Bitumen(Tar),Dry,Not Applicable,Fine,AGARA MAIN ROAD,GREEN TREE,15F,0.0,0.0
Bengaluru City,HSR Lay Out Traffic PS,1.04432e+16,2017,1,1,Road Accidents,Narrow road,City/Town,Open area,Human Error,No,Grievous Injury,Others,Not at  Junction,Not Applicable,City or Town Road,Bitumen(Tar),Dry,Not Applicable,Fine,BLANK ROAD,BLANK POLE,50F,0.0,0.0
Bengaluru City,HSR Lay Out Traffic PS,1.04432e+16,2017,1,2,Road Accidents,Narrow road,City/Town,Open area,Human Error,Yes,Simple Injury,Hit and Run,Not at  Junction,Straight and flat,City or Town Road,Bitumen(Tar),Dry,Not Applicable,Fine,blank road,LIGHT POLE,25F,0.0,0.0
Bengaluru City,HSR Lay Out Traffic PS,1.04432e+16,2017,1,1,Road Accidents,Other,City/Town,Residential area,Vehicle Defect,No,Grievous Injury,Others,Not at  Junction,Straight and flat,City or Town Road,Bitumen(Tar),Dry,Not Applicable,Fine,AGARA ROAD,SELL PETROL BUNK,25F,0.0,0.0
Bengaluru City,HSR Lay Out Traffic PS,1.04432e+16,2017,1,1,Road Accidents,Narrow road,City/Town,Residential area,Human Error,Yes,Grievous Injury,Hit and Run,No signal lights,Others,City or Town Road,Bitumen(Tar),Dry,Not Applicable,Fine,28TH MAIN ROAD,PETROL BANK,10F,0.0,0.0
Bengaluru City,HSR Lay Out Traffic PS,1.04432e+16,2017,1,1,Road Accidents,Narrow road,City/Town,Residential area,Human Error,Yes,Fatal,Hit and Run,Not at  Junction,Others,City or Town Road,Bitumen(Tar),Dry,Not Applicable,Fine,BELANDORE  ROAD,BELANDORE LAKE,25F,0.0,0.0
Bengaluru City,HSR Lay Out Traffic PS,1.04432e+16,2017,1,1,Road Accidents,Narrow road,City/Town,Open area,Human Error,Yes,Grievous Injury,Hit and Run,Not at  Junction,Straight and flat,City or Town Road,Bitumen(Tar),Dry,Not Applicable,Fine,BLANK ROAD,ROAD DIVIDER,15F,0.0,0.0
Bengaluru City,HSR Lay Out Traffic PS,1.04432e+16,2017,1,2,Road Accidents,Narrow road,City/Town,Open area,Human Error,Yes,Simple Injury,Hit and Run,Not at  Junction,Straight and flat,City or Town Road,Bitumen(Tar),Dry,Not Applicable,Fine,BLNCK ROAD,COMPOUND,8F,0.0,0.0
Bengaluru City,HSR Lay Out Traffic PS,1.04432e+16,2017,1,2,Road Accidents,Other,City/Town,Residential area,Vehicle Defect,Yes,Simple Injury,Hit and Run,Not at  Junction,Straight and flat,Two way,Bitumen(Tar),Dry,Not Applicable,Fine,AGARA ROAD,AYYAPA SWAMY TEMPLE,45F,0.0,0.0
Bengaluru City,HSR Lay Out Traffic PS,1.04432e+16,2017,1,1,Road Accidents,Narrow road,City/Town,Open area,Human Error,Yes,Grievous Injury,Hit and Run,Not at  Junction,Straight and flat,City or Town Road,Bitumen(Tar),Dry,Not Applicable,Fine,BLANK ROAD,INFORMATION BOARD,10 F,0.0,0.0
Bengaluru City,HSR Lay Out Traffic PS,1.04432e+16,2017,1,2,Road Accidents,Culvert,City/Town,Near Petrol Pump,Road Environment Defect,Yes,Fatal,Hit and Run,No signal lights,Others,City or Town Road,Bitumen(Tar),Dry,Not Applicable,Very Hot,30,NEAR AGARA FLAYOUR DOUN RAMP,4,0.0,0.0
Bengaluru City,HSR Lay Out Traffic PS,1.04432e+16,2017,1,2,Road Accidents,Other,City/Town,Open area,Human Error,No,Simple Injury,Others,Police / Manual,Dip or trough,Two way,Bitumen(Tar),Dry,Not Applicable,Clear,"OPP ST FRANCIS SCHOOL ROAD,SARJAPURA",2,3,0.0,0.0
Bengaluru City,HSR Lay Out Traffic PS,1.04432e+16,2017,1,2,Road Accidents,Narrow road,City/Town,Open area,Human Error,Yes,Simple Injury,Others,Not at  Junction,Not Applicable,City or Town Road,Bitumen(Tar),Dry,Not Applicable,Fine,BLANK ROAD,D SR WOOD WINDS AFFARTMENT,28,0.0,0.0
Bengaluru City,HSR Lay Out Traffic PS,1.04432e+16,2017,1,1,Road Accidents,Narrow road,City/Town,Open area,Human Error,Not Applicable,Fatal,Others,Not at  Junction,Straight and flat,City or Town Road,Bitumen(Tar),Dry,Not Applicable,Fine,BOGANAHALLI ROAD,GREEN TREE,8F,0.0,0.0
Bengaluru City,HSR Lay Out Traffic PS,1.04432e+16,2017,1,2,Road Accidents,Narrow road,City/Town,Open area,Human Error,Not Applicable,Simple Injury,Others,Not at  Junction,Straight and flat,City or Town Road,Bitumen(Tar),Dry,Not Applicable,Fine,blank road,LIGHT POLE,10F,0.0,0.0
Bengaluru City,HSR Lay Out Traffic PS,1.04432e+16,2017,1,1,Road Accidents,Narrow road,City/Town,Open area,Human Error,Yes,Fatal,Hit and Run,Not at  Junction,Straight and flat,City or Town Road,Bitumen(Tar),Dry,Not Applicable,Fine,KAIKONDRAHALLI  ROAD,LIGHT POLE,35,0.0,0.0
Bengaluru City,HSR Lay Out Traffic PS,1.04432e+16,2017,1,1,Road Accidents,Narrow road,City/Town,Open area,Human Error,Not Applicable,Simple Injury,Not Applicable,Not at  Junction,Straight and flat,City or Town Road,Bitumen(Tar),Dry,Not Applicable,Fine,MARATHALLI MAIN ROAD,DIVIDER,6F,0.0,0.0
Bengaluru City,HSR Lay Out Traffic PS,1.04432e+16,2017,1,2,Road Accidents,Narrow road,City/Town,Residential area,Human Error,No,Simple Injury,Others,No signal lights,Others,Two way,Bitumen(Tar),Dry,Not Applicable,Fine,SARJAPUR ROAD,KARMALUM RAILWAY GATE,80FT,0.0,0.0
Bengaluru City,HSR Lay Out Traffic PS,1.04432e+16,2017,1,2,Road Accidents,Bridge,City/Town,Open area,Vehicle Defect,No,Simple Injury,Hit fixed object,No signal lights,Not Applicable,City or Town Road,Concrete,Dry,Not Applicable,Fine,AGARATO MARATAHALLI ROAD,BMTC BUS STOP,1 KM,0.0,0.0
Bengaluru City,HSR Lay Out Traffic PS,1.04432e+16,2017,1,2,Road Accidents,Narrow road,City/Town,Residential area,Human Error,Yes,Fatal,Hit and Run,No signal lights,Others,City or Town Road,Bitumen(Tar),Dry,Not Applicable,Fine,KODATHI GATE TO SARJAOUR MAIN ROAD.,KODATHIGATE,4KM,0.0,0.0
Bengaluru City,HSR Lay Out Traffic PS,1.04432e+16,2017,1,1,Road Accidents,Other,City/Town,Residential area,Not Applicable,Not Applicable,Grievous Injury,Others,Not at  Junction,Others,City or Town Road,Bitumen(Tar),Dry,Not Applicable,Fine,AGARA TO SILK BOARD,MY BABY STORE,30F,0.0,0.0
Bengaluru City,HSR Lay Out Traffic PS,1.04432e+16,2017,1,2,Road Accidents,Other,City/Town,Residential area,Human Error,Not Applicable,Damage Only,Others,Not at  Junction,Not Applicable,City or Town Road,Bitumen(Tar),Dry,Not Applicable,Fine,AGARA TO SILK BOARD,INDIAN OIL PETROLE BUNK,40F,0.0,0.0
Bengaluru City,HSR Lay Out Traffic PS,1.04432e+16,2017,1,2,Road Accidents,Narrow road,City/Town,Open area,Human Error,No,Simple Injury,Others,Not at  Junction,Straight and flat,City or Town Road,Bitumen(Tar),Dry,Not Applicable,Fine,BLANCK ROAD,LIGHT POLE,28F,0.0,0.0
Bengaluru City,HSR Lay Out Traffic PS,1.04432e+16,2017,1,1,Road Accidents,Not Applicable,City/Town,Residential area,Human Error,Not Applicable,Grievous Injury,Hit pedestrian,Not at  Junction,Not Applicable,City or Town Road,Bitumen(Tar),Dry,Not Applicable,Fine,HSR 19TH MAIN ROAD,BABY OYO MAHINRA SHOP,70F,0.0,0.0
Bengaluru City,HSR Lay Out Traffic PS,1.04432e+16,2017,1,1,Road Accidents,Narrow road,City/Town,Residential area,Human Error,Yes,Grievous Injury,Hit and Run,No signal lights,Not Applicable,City or Town Road,Bitumen(Tar),Dry,Not Applicable,Fine,NEAR IBLUR JUNCTION SUNCITY ROAD.,SOBHA APARTMENT,50 F,0.0,0.0
Bengaluru City,HSR Lay Out Traffic PS,1.04432e+16,2017,1,2,Road Accidents,Circle,City/Town,In bazaar,Human Error,Yes,Fatal,Hit and Run,No signal lights,Curve,City or Town Road,Bitumen(Tar),Dry,Not Applicable,Clear,near petrol  bunk doddakhanahalli,hsr doddakanahalli,2km,0.0,0.0
Bengaluru City,HSR Lay Out Traffic PS,1.04432e+16,2017,1,2,Road Accidents,Culvert,City/Town,Residential area,Human Error,Yes,Simple Injury,Hit and Run,No signal lights,Others,City or Town Road,Bitumen(Tar),Dry,Drainage Ditch,Very Hot,ORR ROAD HSR LAYOUT,3 KM TO WEST,3,0.0,0.0
Bengaluru City,HSR Lay Out Traffic PS,1.04432e+16,2017,1,2,Road Accidents,Other,City/Town,Residential area,Not Applicable,Yes,Grievous Injury,Hit and Run,Not at  Junction,Others,Two way,Bitumen(Tar),Dry,Not Applicable,Fine,MARTHALLI ROAD,EKOSPES,20F,0.0,0.0
Bengaluru City,HSR Lay Out Traffic PS,1.04432e+16,2017,1,2,Road Accidents,Narrow road,City/Town,Residential area,Vehicle Defect,No,Grievous Injury,Others,Not at  Junction,Straight and flat,City or Town Road,Bitumen(Tar),Dry,Not Applicable,Fine,SARJAPURA ROAD,DSR WOOD WINDS APPARTMENT,15F,0.0,0.0
Bengaluru City,HSR Lay Out Traffic PS,1.04432e+16,2017,1,2,Road Accidents,Narrow road,City/Town,Residential area,Human Error,No,Grievous Injury,Hit fixed object,No signal lights,Others,Two way,Bitumen(Tar),Dry,Not Applicable,Fine,SOMASUDARAPALYA,INFRONT OF UBER OFFICE,20FT,0.0,0.0
Bengaluru City,HSR Lay Out Traffic PS,1.04432e+16,2017,1,2,Road Accidents,Bridge,City/Town,Narrow bridge or culverts,Vehicle Defect,Not Applicable,Damage Only,Hit fixed object,No signal lights,Others,City or Town Road,Bitumen(Tar),Dry,Not Applicable,Others,BELANDUR FLYOVER,CENTRAL MAL,2 KM,0.0,0.0
Bengaluru City,HSR Lay Out Traffic PS,1.04432e+16,2017,1,2,Road Accidents,Narrow road,City/Town,Open area,Human Error,No,Damage Only,Others,Not at  Junction,Straight and flat,City or Town Road,Bitumen(Tar),Dry,Not Applicable,Fine,BLANCK ROAD,LIGHT POLE,15,0.0,0.0
Bengaluru City,HSR Lay Out Traffic PS,1.04432e+16,2017,1,1,Road Accidents,Narrow road,City/Town,Open area,Human Error,Yes,Simple Injury,Hit and Run,Not at  Junction,Straight and flat,City or Town Road,Bitumen(Tar),Dry,Not Applicable,Fine,blank road,LIGHT POLE,26F,0.0,0.0
Bengaluru City,HSR Lay Out Traffic PS,1.04432e+16,2017,1,1,Road Accidents,Bridge,City/Town,Near Bus stop,Human Error,Yes,Simple Injury,Hit and Run,No signal lights,Not Applicable,City or Town Road,Bitumen(Tar),Wet,Engineering Defect of Road,Very Hot,ORR ROAD NEAR COFFEY DAY,TO WORDS 2 KM,50 FET,0.0,0.0
Bengaluru City,HSR Lay Out Traffic PS,1.04432e+16,2017,1,2,Road Accidents,Other,City/Town,Open area,Vehicle Defect,No,Simple Injury,Others,Stop sign,Incline,City or Town Road,Bitumen(Tar),Wet,Not Applicable,Others,HSR LAYOUT,30,2 KM,0.0,0.0
Bengaluru City,HSR Lay Out Traffic PS,1.04432e+16,2017,1,1,Road Accidents,Circle,City/Town,In bazaar,Human Error,Yes,Simple Injury,Hit and Run,No signal lights,Others,Two way,Bitumen(Tar),Dry,Not Applicable,Wind,PARANGI PALYA ROAD HSR LAYOUT,3 KM TO WEST,3,0.0,0.0
Bengaluru City,HSR Lay Out Traffic PS,1.04432e+16,2017,1,2,Road Accidents,Narrow road,City/Town,Open area,Human Error,No,Damage Only,Not Applicable,Not at  Junction,Not Applicable,City or Town Road,Bitumen(Tar),Dry,Not Applicable,Fine,BLANK ROAD,GREEN TREE,10 F,0.0,0.0
Bengaluru City,HSR Lay Out Traffic PS,1.04432e+16,2017,1,2,Road Accidents,Narrow road,City/Town,Open area,Human Error,Yes,Grievous Injury,Hit and Run,Not at  Junction,Straight and flat,City or Town Road,Bitumen(Tar),Dry,Not Applicable,Fine,BLANK ROAD,GREEN TREE,28F,0.0,0.0
Bengaluru City,HSR Lay Out Traffic PS,1.04432e+16,2017,1,2,Road Accidents,Narrow road,City/Town,Open area,Vehicle Defect,Yes,Grievous Injury,Others,Not at  Junction,Straight and flat,City or Town Road,Bitumen(Tar),Dry,Not Applicable,Fine,VARTHUR ROAD,OPP CANARA BANK ATM,15F,0.0,0.0
Bengaluru City,HSR Lay Out Traffic PS,1.04432e+16,2017,1,3,Road Accidents,Narrow road,City/Town,Residential area,Human Error,Not Applicable,Grievous Injury,Others,Not at  Junction,Others,City or Town Road,Bitumen(Tar),Others,Not Applicable,Fine,SARJAPURA ROAD,MMR FACTORY,50F,0.0,0.0
Bengaluru City,HSR Lay Out Traffic PS,1.04432e+16,2017,1,2,Road Accidents,Narrow road,City/Town,Open area,Human Error,Yes,Damage Only,Hit and Run,Not at  Junction,Straight and flat,City or Town Road,Bitumen(Tar),Dry,Not Applicable,Fine,BLANK ROAD,NEAR AMRUTA BEKARI,18 F,0.0,0.0
Bengaluru City,HSR Lay Out Traffic PS,1.04432e+16,2017,1,2,Other Railway Accidents,Offset,Not Applicable,Open area,Not Applicable,No,Not Applicable,Others,Uncontrolled,Others,Others,Not Applicable,Others,Not Applicable,Others,40,ORR ROAD,ROAD,0.0,0.0
Bengaluru City,HSR Lay Out Traffic PS,1.04432e+16,2017,1,2,Road Accidents,Cross roads,City/Town,Near office complex,Human Error,Yes,Grievous Injury,Hit and Run,Signal lights Manual,Curve,City or Town Road,Bitumen(Tar),Dry,Not Applicable,Fine,SARJAPUR MAIN ROAD,IBLUR SIGNAL,1KM,0.0,0.0
Bengaluru City,HSR Lay Out Traffic PS,1.04432e+16,2017,1,2,Road Accidents,Other,City/Town,Residential area,Vehicle Defect,No,Grievous Injury,Others,Not at  Junction,Others,City or Town Road,Bitumen(Tar),Dry,Not Applicable,Fine,HOSAPALYA ROAD,BMTC BUS STOP,10FT,0.0,0.0
Bengaluru City,HSR Lay Out Traffic PS,1.04432e+16,2017,1,1,Road Accidents,Other,City/Town,Residential area,Human Error,No,Damage Only,Hit pedestrian,No signal lights,Not Applicable,City or Town Road,Concrete,Dry,Not Applicable,Very Hot,GURUMURTHY SWAMY TEMPL ROAD.,GURUBURTHY SWAMY TEMPL,3 KM,0.0,0.0
Bengaluru City,HSR Lay Out Traffic PS,1.04432e+16,2017,1,2,Road Accidents,Junction,City/Town,Residential area,Vehicle Defect,No,Simple Injury,Hit parked vehicle,Signal lights Automatic,Others,Two way,Bitumen(Tar),Dry,Not Applicable,Fine,AGARATO MARATAHALLI ROAD,IBLUR BUS STOP,30FT,0.0,0.0
Bengaluru City,HSR Lay Out Traffic PS,1.04432e+16,2017,1,1,Road Accidents,Junction,City/Town,Near Bus stop,Human Error,Not Applicable,Grievous Injury,Hit and Run,Signal lights Manual,Not Applicable,City or Town Road,Bitumen(Tar),Dry,Not Applicable,Fine,ORR AGARA,AGARA BUS STOP,1KM,0.0,0.0
Bengaluru City,HSR Lay Out Traffic PS,1.04432e+16,2017,1,1,Road Accidents,Other,City/Town,Open area,Vehicle Defect,Yes,Simple Injury,Overturning,No signal lights,Others,City or Town Road,Bitumen(Tar),Others,No influence on accident,Very Hot,19 MAIN 25 CROSS,HSR 25 CROSS 19TH MAIN,2,0.0,0.0
Bengaluru City,HSR Lay Out Traffic PS,1.04432e+16,2017,1,2,Road Accidents,Other,City/Town,Residential area,Vehicle Defect,No,Grievous Injury,Others,Controlled,Straight and flat,City or Town Road,Bitumen(Tar),Dry,Not Applicable,Fine,AGARA ROAD,kKOLAMBIYA ASIYA DOUBLE TREE HOTEL,30F,0.0,0.0
Bengaluru City,HSR Lay Out Traffic PS,1.04432e+16,2017,1,1,Road Accidents,Narrow road,City/Town,Residential area,Human Error,No,Grievous Injury,Others,Not at  Junction,Others,City or Town Road,Bitumen(Tar),Dry,Not Applicable,Fine,SARJAPUR MAIN ROAD,MADHULOKA STORES,20F,0.0,0.0
Bengaluru City,HSR Lay Out Traffic PS,1.04432e+16,2017,1,2,Road Accidents,Other,City/Town,Open area,Human Error,Yes,Grievous Injury,Hit and Run,Not at  Junction,Hump,City or Town Road,Bitumen(Tar),Dry,Not Applicable,Fine,BLANK ROAD,TELIS CHILDREN SCHOOL,35,0.0,0.0
Bengaluru City,HSR Lay Out Traffic PS,1.04432e+16,2017,1,1,Road Accidents,Narrow road,City/Town,Open area,Human Error,Yes,Grievous Injury,Hit and Run,Not at  Junction,Not Applicable,City or Town Road,Bitumen(Tar),Dry,Not Applicable,Fine,IBBLURU ROAD,MILITARY GATE,25,0.0,0.0
Bengaluru City,HSR Lay Out Traffic PS,1.04432e+16,2017,1,1,Road Accidents,Narrow road,City/Town,Open area,Human Error,Not Applicable,Grievous Injury,Others,Not at  Junction,Straight and flat,City or Town Road,Bitumen(Tar),Dry,Not Applicable,Fine,BLANK ROAD,GREEN TREE,25F,0.0,0.0
Bengaluru City,HSR Lay Out Traffic PS,1.04432e+16,2017,1,1,Road Accidents,Narrow road,City/Town,Open area,Human Error,Yes,Fatal,Hit and Run,Not at  Junction,Straight and flat,City or Town Road,Bitumen(Tar),Dry,Not Applicable,Fine,AGAR  MAIN ROAD,LIGHT POLE,28F,0.0,0.0
Bengaluru City,HSR Lay Out Traffic PS,1.04432e+16,2017,1,2,Road Accidents,Narrow road,City/Town,Open area,Human Error,Yes,Simple Injury,Hit and Run,Not at  Junction,Straight and flat,City or Town Road,Bitumen(Tar),Dry,Not Applicable,Fine,BLANK ROAD,LIGHT POLE,28,0.0,0.0
Bengaluru City,HSR Lay Out Traffic PS,1.04432e+16,2017,1,1,Road Accidents,Narrow road,City/Town,Open area,Human Error,No,Simple Injury,Others,Not at  Junction,Straight and flat,City or Town Road,Bitumen(Tar),Dry,Not Applicable,Fine,MARATHALLI MAIN ROAD,LIGHT POLE,10F,0.0,0.0
Bengaluru City,HSR Lay Out Traffic PS,1.04432e+16,2018,1,2,Road Accidents,Narrow road,City/Town,Open area,Human Error,Not Applicable,Damage Only,Others,Not at  Junction,Straight and flat,City or Town Road,Bitumen(Tar),Dry,Not Applicable,Fine,OUTER RING ROAD HSR LAYOUT,LIGHT POLE,35F,0.0,0.0
Bengaluru City,HSR Lay Out Traffic PS,1.04432e+16,2018,1,1,Road Accidents,Narrow road,City/Town,Open area,Human Error,Yes,Grievous Injury,Hit and Run,Not at  Junction,Straight and flat,City or Town Road,Bitumen(Tar),Dry,Not Applicable,Fine,KAIKNDRAHALLI ROAD,ROAD DIVIDER,10F,0.0,0.0
Bengaluru City,HSR Lay Out Traffic PS,1.04432e+16,2018,1,1,Road Accidents,Narrow road,City/Town,Open area,Human Error,No,Grievous Injury,Drowned,Not Applicable,Others,City or Town Road,Bitumen(Tar),Dry,Not Applicable,Fine,27th MAIN,RACK BAR 27TH MAIN,20F,0.0,0.0
Bengaluru City,HSR Lay Out Traffic PS,1.04432e+16,2018,1,1,Road Accidents,Narrow road,City/Town,Open area,Human Error,Yes,Grievous Injury,Others,Not at  Junction,Straight and flat,City or Town Road,Bitumen(Tar),Dry,Not Applicable,Fine,HSR LAYOUT SECTOR-3,LIGHT POLE,25F,0.0,0.0
Bengaluru City,HSR Lay Out Traffic PS,1.04432e+16,2018,1,2,Road Accidents,Narrow road,City/Town,Open area,Human Error,Yes,Fatal,Hit and Run,Signal lights Automatic,Straight and flat,City or Town Road,Bitumen(Tar),Dry,Not Applicable,Fine,HSR RING ROAD,LIGHT POLE,50F,12.916894,77.632756
Bengaluru City,HSR Lay Out Traffic PS,1.04432e+16,2018,1,2,Road Accidents,Narrow road,City/Town,Open area,Human Error,Yes,Simple Injury,Hit and Run,Not at  Junction,Straight and flat,City or Town Road,Bitumen(Tar),Dry,Not Applicable,Fine,ORR ROAD,LIGHT POLE,30F,12.923619,77.646754
Bengaluru City,HSR Lay Out Traffic PS,1.04432e+16,2018,1,1,Road Accidents,Junction,City/Town,Near Hospital,Human Error,Yes,Fatal,Hit pedestrian,Signal lights Automatic,Straight and flat,City or Town Road,Bitumen(Tar),Dry,Not Applicable,Fine,IBBALUR ROAD,GREEN TREE,35F,0.0,0.0
Bengaluru City,HSR Lay Out Traffic PS,1.04432e+16,2018,1,1,Road Accidents,Narrow road,City/Town,Open area,Human Error,No,Fatal,Others,Not at  Junction,Straight and flat,City or Town Road,Bitumen(Tar),Dry,Not Applicable,Fine,blank road,DIVIDER,13F,0.0,0.0
Bengaluru City,HSR Lay Out Traffic PS,1.04432e+16,2018,1,2,Road Accidents,Narrow road,City/Town,Open area,Human Error,Yes,Simple Injury,Hit and Run,Not at  Junction,Straight and flat,City or Town Road,Bitumen(Tar),Dry,Not Applicable,Fine,OUTER RING ROAD AGARA,LIGHT POLE,18F,0.0,0.0
Bengaluru City,HSR Lay Out Traffic PS,1.04432e+16,2018,1,1,Road Accidents,Narrow road,City/Town,Open area,Human Error,No,Grievous Injury,Others,Not at  Junction,Straight and flat,City or Town Road,Bitumen(Tar),Dry,Not Applicable,Fine,CHOLKERE ROAD,LIGHT POLE,30F,0.0,0.0
Bengaluru City,HSR Lay Out Traffic PS,1.04432e+16,2018,1,2,Road Accidents,Narrow road,City/Town,Near Hospital,Not Applicable,No,Simple Injury,Head on,Controlled,Not Applicable,City or Town Road,Bitumen(Tar),Dry,Not Applicable,Fine,KASAVANAHALLI MAIN ROAD,NEAR SJR APARTMENT,30FEET,0.0,0.0
Bengaluru City,HSR Lay Out Traffic PS,1.04432e+16,2018,1,2,Road Accidents,Narrow road,City/Town,Open area,Human Error,No,Simple Injury,Others,Not at  Junction,Straight and flat,City or Town Road,Bitumen(Tar),Dry,Not Applicable,Fine,BELLANDUR ROad,LIGHT POLE,25F,0.0,0.0
Bengaluru City,HSR Lay Out Traffic PS,1.04432e+16,2018,1,2,Road Accidents,Narrow road,City/Town,Open area,Human Error,Yes,Simple Injury,Hit and Run,Not at  Junction,Straight and flat,City or Town Road,Bitumen(Tar),Dry,Not Applicable,Fine,SARJAPUR ROAD,LIGHT POLE,35F,0.0,0.0
Bengaluru City,HSR Lay Out Traffic PS,1.04432e+16,2018,1,2,Road Accidents,Narrow road,City/Town,Open area,Human Error,No,Grievous Injury,Others,Not at  Junction,Straight and flat,City or Town Road,Bitumen(Tar),Dry,Not Applicable,Fine,"27TH MAIN ROAD NEAR, ORR ROAD",LIGHT POLE,40F,0.0,0.0
Bengaluru City,HSR Lay Out Traffic PS,1.04432e+16,2018,1,2,Road Accidents,Narrow road,City/Town,Open area,Human Error,Yes,Simple Injury,Hit and Run,Not at  Junction,Straight and flat,City or Town Road,Bitumen(Tar),Dry,Not Applicable,Fine,"ORR ROAD, IBBALUR",LIGHT POLE,35F,12.922484,77.669092
Bengaluru City,HSR Lay Out Traffic PS,1.04432e+16,2018,1,2,Road Accidents,Narrow road,City/Town,Open area,Human Error,No,Damage Only,Others,Not at  Junction,Straight and flat,City or Town Road,Bitumen(Tar),Dry,Not Applicable,Fine,27th MAIN,LIGHT POLE,35F,0.0,0.0
Bengaluru City,HSR Lay Out Traffic PS,1.04432e+16,2018,1,1,Road Accidents,Narrow road,City/Town,Open area,Human Error,No,Grievous Injury,Others,Not at  Junction,Straight and flat,City or Town Road,Bitumen(Tar),Dry,Not Applicable,Fine,ORR ROAD AGARA,LIGHT POLE,40F,0.0,0.0
Bengaluru City,HSR Lay Out Traffic PS,1.04432e+16,2018,1,2,Road Accidents,Junction,City/Town,Open area,Human Error,No,Grievous Injury,Others,Signal lights Automatic,Straight and flat,City or Town Road,Bitumen(Tar),Dry,Not Applicable,Fine,IBBLURU JUNCTION,LIGHT POLE,60F,0.0,0.0
Bengaluru City,HSR Lay Out Traffic PS,1.04432e+16,2018,1,2,Road Accidents,Cross roads,City/Town,Near Petrol Pump,Human Error,No,Simple Injury,Others,Not at  Junction,Not Applicable,City or Town Road,Bitumen(Tar),Dry,Not Applicable,Clear,5TH MAIN ROAD 8TH CROSS,BHARATH PETROL BANK,60F,0.0,0.0
Bengaluru City,HSR Lay Out Traffic PS,1.04432e+16,2018,1,1,Road Accidents,Other,City/Town,At pedestrian Crossing,Not Applicable,Yes,Grievous Injury,Hit and Run,Not Applicable,Not Applicable,City or Town Road,Bitumen(Tar),Not Applicable,Not Applicable,Clear,SARJAPURA MAIN ROAD,NEAR SHANIMAHATMA TEMPLE DODDAKANNAHALLI,100 F,12.906127,77.698154
Bengaluru City,HSR Lay Out Traffic PS,1.04432e+16,2018,1,1,Road Accidents,Narrow road,City/Town,Open area,Human Error,Yes,Fatal,Hit pedestrian,Not at  Junction,Straight and flat,City or Town Road,Bitumen(Tar),Dry,Not Applicable,Fine,ORR ROAD HSR LAYOUT,GREEN TREE,20 F,12.917916,77.641582
Bengaluru City,HSR Lay Out Traffic PS,1.04432e+16,2018,1,2,Road Accidents,Narrow road,City/Town,Near office complex,Human Error,No,Grievous Injury,Others,Signal lights Automatic,Others,City or Town Road,Bitumen(Tar),Dry,Not Applicable,Fine,14TH MAIN ROAD,NEAR MCDONALD SIGNAL,200F,0.0,0.0
Bengaluru City,HSR Lay Out Traffic PS,1.04432e+16,2018,1,2,Road Accidents,Other,City/Town,Open area,Human Error,No,Grievous Injury,Others,Not Applicable,Not Applicable,City or Town Road,Bitumen(Tar),Dry,Not Applicable,Clear,OUTER RING ROAD BELLENDURU,OPP AKMO HARMONIUM APPARTMENT,100,0.0,0.0
Bengaluru City,HSR Lay Out Traffic PS,1.04432e+16,2018,1,1,Road Accidents,Narrow road,City/Town,Open area,Human Error,Yes,Grievous Injury,Hit and Run,Not at  Junction,Straight and flat,City or Town Road,Bitumen(Tar),Dry,Not Applicable,Fine,SARJAPURA MAIN ROAD,LIGHT POLE,35F,12.91973,77.666841