DISTRICTNAME,UNITNAME,Crime_No,Year,RI,Noofvehicle_involved,Accident_Classification,Accident_Spot,Accident_Location,Accident_SubLocation,Main_Cause,Hit_Run,Severity,Collision_Type,Junction_Control,Road_Character,Road_Type,Surface_Type,Surface_Condition,Road_Condition,Weather,Accident_Road,Landmark_first,Distance_LandMark_First,Latitude,Longitude
Bengaluru City,HSR Lay Out Traffic PS,1.04432e+16,2018,1,2,Road Accidents,Narrow road,City/Town,Open area,Human Error,No,Grievous Injury,Others,Not at  Junction,Straight and flat,City or Town Road,Bitumen(Tar),Dry,Not Applicable,Fine,6TH SECTOR HSR LAYOUT ROAD,LIGHT POLE,50F,12.914125,77.629761
Bengaluru City,HSR Lay Out Traffic PS,1.04432e+16,2018,1,2,Road Accidents,Junction,City/Town,Open area,Human Error,No,Grievous Injury,Others,Signal lights Automatic,Straight and flat,City or Town Road,Bitumen(Tar),Dry,Not Applicable,Fine,AGARA JUNCTION,FLYOVER PILLAR POLE,25F,0.0,0.0
Bengaluru City,HSR Lay Out Traffic PS,1.04432e+16,2018,1,1,Road Accidents,Narrow road,City/Town,Open area,Human Error,No,Grievous Injury,Others,Not at  Junction,Straight and flat,City or Town Road,Bitumen(Tar),Dry,Not Applicable,Fine,SARJAPUR MAIN ROAD,SODIUM LIGHT POLE,52F,0.0,0.0
Bengaluru City,HSR Lay Out Traffic PS,1.04432e+16,2018,1,2,Road Accidents,Junction,City/Town,Open area,Human Error,No,Simple Injury,Others,Signals (Working),Straight and flat,City or Town Road,Bitumen(Tar),Dry,Not Applicable,Fine,ORR ROAD IBBALUR,LIGHT POLE,20F,0.0,0.0
Bengaluru City,HSR Lay Out Traffic PS,1.04432e+16,2018,1,2,Road Accidents,Narrow road,City/Town,Open area,Human Error,No,Grievous Injury,Others,Not at  Junction,Straight and flat,City or Town Road,Bitumen(Tar),Dry,Not Applicable,Fine,"HSR 2ND SETOR, 27TH MAIN ROAD",COMPOWND WALL,8F,12.901164,77.651696
Bengaluru City,HSR Lay Out Traffic PS,1.04432e+16,2018,1,2,Road Accidents,Narrow road,City/Town,Open area,Human Error,Yes,Simple Injury,Hit and Run,Not at  Junction,Straight and flat,City or Town Road,Bitumen(Tar),Dry,Not Applicable,Fine,"DODDAKANNALI, SARJAPURA ROAD",LIGHT POLE,12F,0.0,0.0
Bengaluru City,HSR Lay Out Traffic PS,1.04432e+16,2018,1,2,Road Accidents,Narrow road,City/Town,Open area,Human Error,No,Grievous Injury,Others,Not at  Junction,Straight and flat,City or Town Road,Bitumen(Tar),Dry,Not Applicable,Fine,AGARA 7TH CROSS,LIGHT POLE,25F,0.0,0.0
Bengaluru City,HSR Lay Out Traffic PS,1.04432e+16,2018,1,2,Road Accidents,Narrow road,City/Town,Open area,Human Error,No,Grievous Injury,Others,Not at  Junction,Not Applicable,City or Town Road,Bitumen(Tar),Dry,Not Applicable,Fine,WIPRO GATE   ROAD,LIGHT POLE,15F,0.0,0.0
Bengaluru City,HSR Lay Out Traffic PS,1.04432e+16,2018,1,2,Road Accidents,Narrow road,City/Town,Open area,Human Error,Yes,Grievous Injury,Hit and Run,Not at  Junction,Straight and flat,City or Town Road,Bitumen(Tar),Dry,Not Applicable,Fine,27TH MAIN ROAD,INFORMATION BOARD,30F,0.0,0.0
Bengaluru City,HSR Lay Out Traffic PS,1.04432e+16,2018,1,1,Road Accidents,Narrow road,City/Town,Open area,Human Error,Yes,Fatal,Hit and Run,Not at  Junction,Straight and flat,City or Town Road,Bitumen(Tar),Dry,Not Applicable,Fine,"SARJAPURA MAIN ROAD, JUNNASANDRA",GREEN TREE,15F,0.0,0.0
Bengaluru City,HSR Lay Out Traffic PS,1.04432e+16,2018,1,2,Road Accidents,Junction,City/Town,Near Petrol Pump,Human Error,Yes,Grievous Injury,Hit and Run,Signals (Working),Others,City or Town Road,Bitumen(Tar),Dry,Not Applicable,Clear,OUTER RING ROAD,NEAR AGAR INDIAN OIL PETROL BUNK,50 M,0.0,0.0
Bengaluru City,HSR Lay Out Traffic PS,1.04432e+16,2018,1,2,Road Accidents,Narrow road,City/Town,Open area,Human Error,Yes,Fatal,Hit and Run,Not at  Junction,Straight and flat,City or Town Road,Bitumen(Tar),Dry,Not Applicable,Fine,27TH MAIN ROAD HSR LLAYOUT,LIGHT POLE,40F,12.918603,77.651621
Bengaluru City,HSR Lay Out Traffic PS,1.04432e+16,2018,1,2,Road Accidents,Narrow road,City/Town,Open area,Human Error,Yes,Grievous Injury,Hit and Run,Not at  Junction,Straight and flat,City or Town Road,Bitumen(Tar),Dry,Not Applicable,Fine,SARJAPUR MAIN ROAD,GREEN TREE,12F,0.0,0.0
Bengaluru City,HSR Lay Out Traffic PS,1.04432e+16,2018,1,2,Road Accidents,Narrow road,City/Town,Open area,Human Error,Yes,Grievous Injury,Hit and Run,Not at  Junction,Straight and flat,City or Town Road,Bitumen(Tar),Dry,Not Applicable,Fine,OUTER RING ROAD AGARA,LIGHT POLE,35F,0.0,0.0
Bengaluru City,HSR Lay Out Traffic PS,1.04432e+16,2018,1,1,Road Accidents,Narrow road,City/Town,Open area,Human Error,No,Fatal,Hit pedal cyclist,Not at  Junction,Straight and flat,City or Town Road,Bitumen(Tar),Dry,Not Applicable,Fine,27TH MAIN ROAD,LIGHT POLE,28F,0.0,0.0
Bengaluru City,HSR Lay Out Traffic PS,1.04432e+16,2018,1,2,Road Accidents,Narrow road,City/Town,Open area,Human Error,Not Applicable,Damage Only,Others,Not at  Junction,Straight and flat,City or Town Road,Bitumen(Tar),Dry,Not Applicable,Fine,DODDAKANNALI ROAD,LIGHT POLE,27F,0.0,0.0
Bengaluru City,HSR Lay Out Traffic PS,1.04432e+16,2018,1,1,Road Accidents,Narrow road,City/Town,Open area,Human Error,Yes,Simple Injury,Hit and Run,Not at  Junction,Straight and flat,City or Town Road,Bitumen(Tar),Dry,Not Applicable,Fine,KASAVANAHALLI ROAD,LIGHT POLE,18F,0.0,0.0
Bengaluru City,HSR Lay Out Traffic PS,1.04432e+16,2018,1,2,Road Accidents,Narrow road,City/Town,Open area,Human Error,Yes,Simple Injury,Hit and Run,Not at  Junction,Straight and flat,City or Town Road,Bitumen(Tar),Dry,Not Applicable,Fine,19TH MAIN ROAD,GREEN TREE,10F,0.0,0.0
Bengaluru City,HSR Lay Out Traffic PS,1.04432e+16,2018,1,2,Road Accidents,Other,City/Town,Open area,Not Applicable,Yes,Simple Injury,Hit and Run,Not Applicable,Not Applicable,City or Town Road,Bitumen(Tar),Dry,Not Applicable,Clear,BELLANDUR SARVIS ROAD,TALASIRI HOTEL,35F,0.0,0.0
Bengaluru City,HSR Lay Out Traffic PS,1.04432e+16,2018,1,1,Road Accidents,Narrow road,City/Town,Open area,Human Error,No,Simple Injury,Others,Not at  Junction,Straight and flat,City or Town Road,Bitumen(Tar),Dry,Not Applicable,Fine,KASAVANAHALLI ROAD,SUNNY HOSPETAL,60F,0.0,0.0
Bengaluru City,HSR Lay Out Traffic PS,1.04432e+16,2018,1,2,Road Accidents,Junction,City/Town,Open area,Human Error,No,Simple Injury,Others,Police / Manual,Straight and flat,City or Town Road,Bitumen(Tar),Dry,Not Applicable,Fine,ORR ROAD HSR LAYOUT,LIGHT POLE,45F,0.0,0.0
Bengaluru City,HSR Lay Out Traffic PS,1.04432e+16,2018,1,2,Road Accidents,Bridge,City/Town,Open area,Human Error,No,Grievous Injury,Others,Not at  Junction,Straight and flat,City or Town Road,Bitumen(Tar),Dry,Not Applicable,Fine,"14TH MAIN, ORR ROAD",LIGHT POLE,25F,0.0,0.0
Bengaluru City,HSR Lay Out Traffic PS,1.04432e+16,2018,1,2,Road Accidents,Narrow road,City/Town,Open area,Vehicle Defect,No,Damage Only,Not Applicable,Not Applicable,Others,City or Town Road,Bitumen(Tar),Dry,Not Applicable,Fine,BELLANDUR MAIN ROAD,ORR ROAD BELANDHUR UPPER RAMP OPP EMPIRE HOTEL,2 KM,0.0,0.0
Bengaluru City,HSR Lay Out Traffic PS,1.04432e+16,2018,1,2,Road Accidents,Narrow road,City/Town,Open area,Human Error,Yes,Grievous Injury,Hit and Run,Not at  Junction,Straight and flat,City or Town Road,Bitumen(Tar),Dry,Not Applicable,Fine,IBBALUR ROAD,GREEN TREE,25F,0.0,0.0
Bengaluru City,HSR Lay Out Traffic PS,1.04432e+16,2018,1,2,Road Accidents,Narrow road,City/Town,Open area,Human Error,Yes,Grievous Injury,Hit and Run,Not at  Junction,Straight and flat,City or Town Road,Bitumen(Tar),Dry,Not Applicable,Fine,14TH MAIN ROAD,INFORMATION BOARD,10F,0.0,0.0
Bengaluru City,HSR Lay Out Traffic PS,1.04432e+16,2018,1,2,Road Accidents,Narrow road,City/Town,Open area,Human Error,No,Damage Only,Others,Not at  Junction,Straight and flat,City or Town Road,Bitumen(Tar),Dry,Not Applicable,Fine,BELLANDUR ROAD,LIGHT POLE,25F,0.0,0.0
Bengaluru City,HSR Lay Out Traffic PS,1.04432e+16,2018,1,2,Road Accidents,Narrow road,City/Town,Open area,Human Error,Yes,Simple Injury,Hit and Run,Not at  Junction,Straight and flat,City or Town Road,Bitumen(Tar),Dry,Not Applicable,Fine,AGRA ROAD,GREEN TREE,4F,0.0,0.0
Bengaluru City,HSR Lay Out Traffic PS,1.04432e+16,2018,1,2,Road Accidents,Narrow road,City/Town,Open area,Human Error,No,Simple Injury,Others,Not at  Junction,Straight and flat,City or Town Road,Bitumen(Tar),Dry,Not Applicable,Fine,"9TH MAIN, ORR ROAD",INFOEMTION BOARD,3 F,0.0,0.0
Bengaluru City,HSR Lay Out Traffic PS,1.04432e+16,2018,1,2,Road Accidents,Narrow road,City/Town,Open area,Human Error,No,Simple Injury,Others,Not Applicable,Straight and flat,City or Town Road,Bitumen(Tar),Dry,Not Applicable,Fine,"14TH MAIN HSR LAYOUT, NEAR AUTO MALT JUNCTION",HIGH TENSION POL,15 F,12.923094,77.639628
Bengaluru City,HSR Lay Out Traffic PS,1.04432e+16,2018,1,2,Road Accidents,Other,City/Town,Open area,Not Applicable,No,Simple Injury,Others,Not Applicable,Not Applicable,City or Town Road,Concrete,Others,Not Applicable,Clear,OUTER RING ROAD,NEAR AGARA LAKE,100,12.921284,77.666411
Bengaluru City,HSR Lay Out Traffic PS,1.04432e+16,2018,1,2,Road Accidents,Bridge,City/Town,Near Petrol Pump,Vehicle Defect,No,Damage Only,Others,No signal lights,Others,City or Town Road,Bitumen(Tar),Dry,Not Applicable,Fine,IN FORNT OF INDIAN PETROL BANKA,IN FORNT OF INDIAN PETROL BANKA,20F,0.0,0.0
Bengaluru City,HSR Lay Out Traffic PS,1.04432e+16,2018,1,2,Road Accidents,Bridge,City/Town,Open area,Human Error,No,Grievous Injury,Others,Not at  Junction,Not Applicable,City or Town Road,Bitumen(Tar),Dry,Not Applicable,Clear,UOTER RING ROAD,NEAR GREENS DHABHA,100 M,12.923796,77.654334
Bengaluru City,HSR Lay Out Traffic PS,1.04432e+16,2018,1,2,Road Accidents,Narrow road,City/Town,Open area,Human Error,Not Applicable,Grievous Injury,Others,Not at  Junction,Straight and flat,City or Town Road,Bitumen(Tar),Dry,Not Applicable,Fine,ORR ROAD IBLUR,LIGHT POLE,38F,0.0,0.0
Bengaluru City,HSR Lay Out Traffic PS,1.04432e+16,2018,1,1,Road Accidents,Narrow road,City/Town,Open area,Human Error,Yes,Fatal,Hit and Run,Not at  Junction,Straight and flat,City or Town Road,Bitumen(Tar),Dry,Not Applicable,Fine,CENTRL JAIL ROAD,LIGHT NPOLE,8F,12.891793,77.67378
Bengaluru City,HSR Lay Out Traffic PS,1.04432e+16,2018,1,2,Road Accidents,Other,City/Town,Open area,Human Error,No,Fatal,Others,Not Applicable,Not Applicable,City or Town Road,Bitumen(Tar),Dry,Not Applicable,Clear,NEAR SERINITY LAYOUT OPP KAIKONDRAHALLI LAKE SARJAPUR MAIN ROAD,BBMP PLACE,35F,0.0,0.0
Bengaluru City,HSR Lay Out Traffic PS,1.04432e+16,2018,1,2,Road Accidents,Narrow road,City/Town,Open area,Human Error,No,Grievous Injury,Others,Not at  Junction,Straight and flat,City or Town Road,Bitumen(Tar),Dry,Not Applicable,Fine,SARJAPUR MAIN ROAD,LIGHT POLE,23F,0.0,0.0
Bengaluru City,HSR Lay Out Traffic PS,1.04432e+16,2018,1,2,Road Accidents,Narrow road,City/Town,Open area,Human Error,Yes,Grievous Injury,Hit and Run,Not at  Junction,Straight and flat,City or Town Road,Bitumen(Tar),Dry,Not Applicable,Fine,HARALUR ROAD,SIGN BOARD,18F,0.0,0.0
Bengaluru City,HSR Lay Out Traffic PS,1.04432e+16,2018,1,2,Road Accidents,Narrow road,City/Town,Open area,Human Error,No,Grievous Injury,Others,Not at  Junction,Straight and flat,City or Town Road,Bitumen(Tar),Dry,Not Applicable,Fine,"22ND MAIN ROAD, HSR LAYOUT",LIGHT POLE,59F,0.0,0.0
Bengaluru City,HSR Lay Out Traffic PS,1.04432e+16,2018,1,3,Road Accidents,Narrow road,City/Town,Open area,Human Error,No,Simple Injury,Others,Not at  Junction,Straight and flat,City or Town Road,Bitumen(Tar),Dry,Not Applicable,Fine,BELLANDUR MAIN ROAD,LIGHT POLE,25F,0.0,0.0
Bengaluru City,HSR Lay Out Traffic PS,1.04432e+16,2018,1,1,Road Accidents,Narrow road,City/Town,Open area,Human Error,Yes,Grievous Injury,Hit and Run,Not at  Junction,Straight and flat,City or Town Road,Bitumen(Tar),Dry,Not Applicable,Fine,BELLANDUR GATE,GREEN TREE,25F,0.0,0.0
Bengaluru City,HSR Lay Out Traffic PS,1.04432e+16,2018,1,1,Road Accidents,Narrow road,City/Town,Open area,Human Error,Yes,Simple Injury,Hit and Run,Not at  Junction,Straight and flat,City or Town Road,Bitumen(Tar),Dry,Not Applicable,Fine,ORR ROAD AGARA,GREEN TREE,35F,0.0,0.0
Bengaluru City,HSR Lay Out Traffic PS,1.04432e+16,2018,1,2,Road Accidents,Junction,City/Town,Open area,Human Error,No,Grievous Injury,Others,No signal lights,Others,City or Town Road,Bitumen(Tar),Dry,Not Applicable,Fine,HSR LAYOUT 22ND CROSS,NEAR DURGA SHREE CONDIMENTS,50F,0.0,0.0
Bengaluru City,HSR Lay Out Traffic PS,1.04432e+16,2018,1,2,Road Accidents,Narrow road,City/Town,Open area,Human Error,No,Grievous Injury,Others,Not at  Junction,Straight and flat,City or Town Road,Bitumen(Tar),Dry,Not Applicable,Fine,NEAR BELLANDUR LAKE,LIGHT POLE,60F,0.0,0.0
Bengaluru City,HSR Lay Out Traffic PS,1.04432e+16,2018,1,1,Road Accidents,Narrow road,City/Town,Open area,Human Error,No,Grievous Injury,Hit pedestrian,Not at  Junction,Straight and flat,City or Town Road,Bitumen(Tar),Dry,Not Applicable,Fine,ORR ROAD BELLANDUR,LIGHT POLE,20F,0.0,0.0
Bengaluru City,HSR Lay Out Traffic PS,1.04432e+16,2018,1,1,Road Accidents,Narrow road,City/Town,Open area,Human Error,No,Fatal,Hit pedestrian,Not at  Junction,Straight and flat,City or Town Road,Bitumen(Tar),Dry,Not Applicable,Fine,OUTER RING ROAD,LIGHT POLE,6F,0.0,0.0
Bengaluru City,HSR Lay Out Traffic PS,1.04432e+16,2018,1,2,Road Accidents,Narrow road,City/Town,Open area,Human Error,Not Applicable,Damage Only,Others,Not at  Junction,Straight and flat,City or Town Road,Bitumen(Tar),Dry,Not Applicable,Fine,sarjapura road hado siddapura,light pole,8f,0.0,0.0
Bengaluru City,HSR Lay Out Traffic PS,1.04432e+16,2018,1,1,Road Accidents,Narrow road,City/Town,Open area,Human Error,Yes,Simple Injury,Hit and Run,Not at  Junction,Straight and flat,City or Town Road,Bitumen(Tar),Dry,Not Applicable,Fine,14TH MAIN ROAD,INFORMATION BOARD,30F,0.0,0.0
Bengaluru City,HSR Lay Out Traffic PS,1.04432e+16,2018,1,1,Road Accidents,Narrow road,City/Town,Open area,Human Error,Yes,Simple Injury,Hit and Run,Not at  Junction,Straight and flat,City or Town Road,Bitumen(Tar),Dry,Not Applicable,Fine,KARMELARAM RAILWAY STATION ROAD,GREEN TREE,12F,0.0,0.0
Bengaluru City,HSR Lay Out Traffic PS,1.04432e+16,2018,1,1,Road Accidents,Narrow road,City/Town,Open area,Human Error,Yes,Simple Injury,Hit and Run,Not at  Junction,Straight and flat,City or Town Road,Bitumen(Tar),Dry,Not Applicable,Fine,OUTER RING ROAAD IBBALUR,GREEN TREE,35F,0.0,0.0
Bengaluru City,HSR Lay Out Traffic PS,1.04432e+16,2018,1,1,Road Accidents,Narrow road,City/Town,Open area,Human Error,No,Grievous Injury,Hit pedestrian,Not at  Junction,Straight and flat,City or Town Road,Bitumen(Tar),Dry,Not Applicable,Fine,OUTER RING ROAD,FLY OVER PILLARS,30F,0.0,0.0
Bengaluru City,HSR Lay Out Traffic PS,1.04432e+16,2018,1,2,Road Accidents,Junction,City/Town,Near Bus stop,Not Applicable,Yes,Not Applicable,Hit and Run,Controlled,Not Applicable,City or Town Road,Bitumen(Tar),Dry,Not Applicable,Fine,OUTER RING ROAD,SHOBHA OMEN TOPAN APARATMENT,15FEET,0.0,0.0
Bengaluru City,HSR Lay Out Traffic PS,1.04432e+16,2018,1,2,Road Accidents,Not Applicable,City/Town,Near or inside a village,Not Applicable,No,Simple Injury,Others,Not at  Junction,Not Applicable,City or Town Road,Bitumen(Tar),Others,Not Applicable,Clear,"CENTRAL JAIL ROAD NEAR AMRITA MAYI COLLEGE, KASAVANAHALLI",AMRITA MAYI COLLEGE,100 F,0.0,0.0
Bengaluru City,HSR Lay Out Traffic PS,1.04432e+16,2018,1,1,Road Accidents,Narrow road,City/Town,Open area,Human Error,Yes,Fatal,Hit and Run,Not at  Junction,Straight and flat,City or Town Road,Bitumen(Tar),Dry,Not Applicable,Fine,19TH MAIN ROAD,GREEN TREE,38F,0.0,0.0
Bengaluru City,HSR Lay Out Traffic PS,1.04432e+16,2018,1,2,Road Accidents,Narrow road,City/Town,Open area,Human Error,Yes,Simple Injury,Hit and Run,Not at  Junction,Straight and flat,City or Town Road,Bitumen(Tar),Dry,Not Applicable,Fine,blank road,GREEN TREE,48F,0.0,0.0
Bengaluru City,HSR Lay Out Traffic PS,1.04432e+16,2018,1,2,Road Accidents,Narrow road,City/Town,Open area,Human Error,Yes,Simple Injury,Hit and Run,Not at  Junction,Straight and flat,City or Town Road,Bitumen(Tar),Dry,Not Applicable,Fine,14TH MAIN ROAD,LIGHT POLE,20F,0.0,0.0
Bengaluru City,HSR Lay Out Traffic PS,1.04432e+16,2018,1,2,Road Accidents,Curves,City/Town,Residential area,Human Error,Yes,Fatal,Hit and Run,Police / Manual,Curve,City or Town Road,Bitumen(Tar),Dry,Not Applicable,Fine,ANNA HAJARE JUNCTION 19TH MAIN ROAD H.S.R. LAY OUT,NANDINI COOL JOINT,10 F,0.0,0.0
Bengaluru City,HSR Lay Out Traffic PS,1.04432e+16,2018,1,1,Road Accidents,Cross roads,City/Town,Open area,Human Error,No,Grievous Injury,Skidding or Self accident,Not at  Junction,Curve,City or Town Road,Bitumen(Tar),Dry,Not Applicable,Fine,"13TH CROSS, SECTOR 4, HSR LAYOUT",LIGHT POLE,28F,0.0,0.0
Bengaluru City,HSR Lay Out Traffic PS,1.04432e+16,2018,1,2,Road Accidents,Narrow road,City/Town,Open area,Human Error,Yes,Grievous Injury,Hit and Run,Not at  Junction,Curve,City or Town Road,Bitumen(Tar),Dry,Not Applicable,Fine,"AADO SIDDAPURA CROSS , SRJAPUR ROAD",LIGHT POLE,24F,0.0,0.0
Bengaluru City,HSR Lay Out Traffic PS,1.04432e+16,2018,1,1,Road Accidents,Narrow road,City/Town,Open area,Human Error,Yes,Simple Injury,Hit and Run,Not at  Junction,Straight and flat,City or Town Road,Bitumen(Tar),Dry,Not Applicable,Fine,PARANGIPALYA ROAD,LIGHT POLE,30,0.0,0.0
Bengaluru City,HSR Lay Out Traffic PS,1.04432e+16,2018,1,2,Road Accidents,Narrow road,City/Town,Open area,Human Error,Yes,Simple Injury,Hit and Run,Not at  Junction,Straight and flat,City or Town Road,Bitumen(Tar),Dry,Not Applicable,Fine,SERVICE ROAD,GREEN TREE,45F,0.0,0.0
Bengaluru City,HSR Lay Out Traffic PS,1.04432e+16,2018,1,2,Road Accidents,Narrow road,City/Town,Open area,Human Error,Yes,Grievous Injury,Hit and Run,Not at  Junction,Straight and flat,City or Town Road,Bitumen(Tar),Dry,Not Applicable,Fine,HARALURU MAIN ROAD,LIGHT POLE,15F,0.0,0.0
Bengaluru City,HSR Lay Out Traffic PS,1.04432e+16,2018,1,1,Road Accidents,Narrow road,City/Town,Open area,Human Error,Yes,Grievous Injury,Hit and Run,Not at  Junction,Straight and flat,City or Town Road,Bitumen(Tar),Dry,Not Applicable,Fine,"5TH MAIN ,17TH CROSS, HSR LAYOUT",GREEN TREE,50F,0.0,0.0
Bengaluru City,HSR Lay Out Traffic PS,1.04432e+16,2018,1,3,Road Accidents,Narrow road,City/Town,Open area,Human Error,No,Damage Only,Others,Not at  Junction,Hump,City or Town Road,Bitumen(Tar),Dry,Not Applicable,Fine,"ORR ROAD , HSR LAYOUT",LIGHT POLE,25F,0.0,0.0
Bengaluru City,HSR Lay Out Traffic PS,1.04432e+16,2018,1,2,Road Accidents,Other,City/Town,Open area,Human Error,No,Fatal,Others,Not Applicable,Others,City or Town Road,Bitumen(Tar),Dry,Not Applicable,Clear,NEAR AMRUTHA COLLEGE KASAVANAHALLI CENTRAL JAIL ROAD,REDDY JANA SANGHA,10F,12.894424,77.674344
Bengaluru City,HSR Lay Out Traffic PS,1.04432e+16,2018,1,2,Road Accidents,Narrow road,City/Town,Open area,Human Error,No,Simple Injury,Others,Not at  Junction,Straight and flat,City or Town Road,Bitumen(Tar),Dry,Not Applicable,Fine,5TH MAIN ROAD,LIGHT POLE,28F,0.0,0.0
Bengaluru City,HSR Lay Out Traffic PS,1.04432e+16,2018,1,1,Road Accidents,Narrow road,City/Town,Open area,Human Error,No,Grievous Injury,Others,Not at  Junction,Straight and flat,City or Town Road,Bitumen(Tar),Dry,Not Applicable,Fine,KAIKONDRAHALLI  ROAD,LIGHT POLE,20,0.0,0.0
Bengaluru City,HSR Lay Out Traffic PS,1.04432e+16,2018,1,2,Road Accidents,Cross roads,City/Town,Open area,Not Applicable,Not Applicable,Damage Only,Drowned,Not Applicable,Others,City or Town Road,Bitumen(Tar),Dry,Not Applicable,Others,AGRA ROAD,AGAR LECK ROAD,55M,0.0,0.0
Bengaluru City,HSR Lay Out Traffic PS,1.04432e+16,2018,1,1,Road Accidents,Narrow road,City/Town,Open area,Human Error,No,Grievous Injury,Others,Not at  Junction,Straight and flat,City or Town Road,Bitumen(Tar),Dry,Not Applicable,Fine,SARJAPUR MAIN ROAD,LIGHT POLE,36F,0.0,0.0
Bengaluru City,HSR Lay Out Traffic PS,1.04432e+16,2018,1,2,Road Accidents,Narrow road,City/Town,Open area,Human Error,No,Grievous Injury,Others,Not at  Junction,Straight and flat,City or Town Road,Bitumen(Tar),Dry,Not Applicable,Fine,14TH MAIN HSR LAYOUT,LIGHT POLE,38F,0.0,0.0
Bengaluru City,HSR Lay Out Traffic PS,1.04432e+16,2018,1,2,Road Accidents,Narrow road,City/Town,Open area,Human Error,No,Fatal,Others,Not at  Junction,Straight and flat,City or Town Road,Bitumen(Tar),Dry,Not Applicable,Fine,HARALURU MAIN ROAD,LIGHT POLE,9F,0.0,0.0
Bengaluru City,HSR Lay Out Traffic PS,1.04432e+16,2018,1,1,Road Accidents,Narrow road,City/Town,Open area,Human Error,Yes,Fatal,Hit and Run,Not at  Junction,Straight and flat,City or Town Road,Bitumen(Tar),Dry,Not Applicable,Fine,DODDAKANNALLI ROAD,GREEN TREE,25F,0.0,0.0
Bengaluru City,HSR Lay Out Traffic PS,1.04432e+16,2018,1,2,Road Accidents,Narrow road,City/Town,Open area,Human Error,No,Grievous Injury,Others,Not at  Junction,Straight and flat,City or Town Road,Bitumen(Tar),Dry,Not Applicable,Fine,BANDEPALYA POLICE STATION ROAD,LIGHT POLE,15F,0.0,0.0
Bengaluru City,HSR Lay Out Traffic PS,1.04432e+16,2018,1,2,Road Accidents,Not Applicable,City/Town,Open area,Not Applicable,No,Fatal,Not Applicable,Not Applicable,Not Applicable,City or Town Road,Bitumen(Tar),Dry,Not Applicable,Clear,OUTER RING ROAD,NEAR GFREENS DHABA,100 F,0.0,0.0
Bengaluru City,HSR Lay Out Traffic PS,1.04432e+16,2018,1,2,Road Accidents,Narrow road,City/Town,Open area,Human Error,Yes,Simple Injury,Hit and Run,Not at  Junction,Straight and flat,City or Town Road,Bitumen(Tar),Dry,Not Applicable,Fine,"22ND MAIN ROAD, HSR LAYOUT",GREEN TREE,40F,0.0,0.0
Bengaluru City,HSR Lay Out Traffic PS,1.04432e+16,2018,1,1,Road Accidents,Narrow road,City/Town,Open area,Human Error,No,Grievous Injury,Hit pedestrian,Not at  Junction,Straight and flat,City or Town Road,Bitumen(Tar),Dry,Not Applicable,Fine,HSR 27TH MAIN ROAD,LIGHT POLE,30F,12.921765,77.651597
Bengaluru City,HSR Lay Out Traffic PS,1.04432e+16,2019,1,1,Road Accidents,Narrow road,City/Town,Open area,Human Error,Yes,Grievous Injury,Hit and Run,Not at  Junction,Straight and flat,City or Town Road,Bitumen(Tar),Dry,Not Applicable,Fine,"NEAR AGARA DOWN RAMP, OUTER RING ROAD",GREEN BAR,30F,12.92378,77.654394
Bengaluru City,HSR Lay Out Traffic PS,1.04432e+16,2019,1,3,Road Accidents,Narrow road,City/Town,Open area,Human Error,No,Grievous Injury,Others,Not at  Junction,Straight and flat,City or Town Road,Bitumen(Tar),Dry,Not Applicable,Fine,INFORT OF SHANMUGAM HOTEL,LIGHT POLE,25F,12.911421,77.632442
Bengaluru City,HSR Lay Out Traffic PS,1.04432e+16,2019,1,1,Road Accidents,Narrow road,City/Town,Open area,Human Error,No,Fatal,Skidding or Self accident,Not at  Junction,Straight and flat,City or Town Road,Bitumen(Tar),Dry,Not Applicable,Fine,GREEN GLAN LAYOUT BELLANDUR,LIGHT POLE,10F,12.925191,77.669672
Bengaluru City,HSR Lay Out Traffic PS,1.04432e+16,2019,1,2,Road Accidents,Narrow road,City/Town,Open area,Human Error,Yes,Grievous Injury,Hit and Run,Not at  Junction,Straight and flat,City or Town Road,Bitumen(Tar),Dry,Not Applicable,Fine,"NEAR ELITE APTS,  BELLANDUR",LIGHT POLE,15F,12.918654,77.67378
Bengaluru City,HSR Lay Out Traffic PS,1.04432e+16,2019,1,1,Road Accidents,Not Applicable,City/Town,Narrow bridge or culverts,Human Error,No,Simple Injury,Vehicle to Vehicle,Not at  Junction,Not Applicable,One way,Bitumen(Tar),Dry,Not Applicable,Clear,outer ring road,near Enzo inter nation hotel,50 f,12.921075,77.663566
Bengaluru City,HSR Lay Out Traffic PS,1.04432e+16,2019,1,2,Road Accidents,Junction,City/Town,Near Bus stop,Human Error,Yes,Fatal,Vehicle to Vehicle,Police / Manual,Straight and flat,One way,Bitumen(Tar),Dry,Not Applicable,Fine,BMTC BUS,BMTC BUS DEPO,100 F,12.919862,77.643061
Bengaluru City,HSR Lay Out Traffic PS,1.04432e+16,2019,1,1,Road Accidents,Narrow road,Rural Areas,Open area,Human Error,No,Fatal,Not Applicable,Not Applicable,Straight and flat,Others,Bitumen(Tar),Dry,Not Applicable,Fine,NEAR BELLANDUR  FLYOVER UPPER RAMP,LIGHT POLE,35F,12.927368,77.679645
Bengaluru City,HSR Lay Out Traffic PS,1.04432e+16,2019,1,2,Road Accidents,Narrow road,City/Town,Open area,Human Error,Yes,Grievous Injury,Hit and Run,Not at  Junction,Straight and flat,City or Town Road,Bitumen(Tar),Dry,Not Applicable,Fine,"IBBALUR TO AGARA, ORR ROAD",INFORMATION BOARD,5F,12.921927,77.659935
Bengaluru City,HSR Lay Out Traffic PS,1.04432e+16,2019,1,2,Road Accidents,Junction,City/Town,Near Bus stop,Human Error,Yes,Grievous Injury,Vehicle to Vehicle,Police / Manual,Curve,Others,Bitumen(Tar),Dry,Not Applicable,Fine,19 TH MAIN BUS DEPO,BUS DEPO,100M,0.0,0.0
Bengaluru City,HSR Lay Out Traffic PS,1.04432e+16,2019,1,1,Road Accidents,Narrow road,City/Town,Open area,Human Error,No,Fatal,Not Applicable,Not at  Junction,Straight and flat,Others,Bitumen(Tar),Dry,Not Applicable,Fine,NEAR MANTHRI SAROVARA APTS,GREEN TREE,5F,0.0,0.0
Bengaluru City,HSR Lay Out Traffic PS,1.04432e+16,2019,1,2,Road Accidents,Other,City/Town,Open area,Human Error,No,Simple Injury,Others,Not at  Junction,Not Applicable,City or Town Road,Bitumen(Tar),Not Applicable,Not Applicable,Clear,OUTER RING ROAD,INFRONT OF MICROSOFT COM BELLENDURU,100 F,12.92199,77.668227