DISTRICTNAME,UNITNAME,Crime_No,Year,RI,Noofvehicle_involved,Accident_Classification,Accident_Spot,Accident_Location,Accident_SubLocation,Main_Cause,Hit_Run,Severity,Collision_Type,Junction_Control,Road_Character,Road_Type,Surface_Type,Surface_Condition,Road_Condition,Weather,Accident_Road,Landmark_first,Distance_LandMark_First,Latitude,Longitude
Bengaluru City,HSR Lay Out Traffic PS,1.04432e+16,2019,1,2,Road Accidents,Narrow road,City/Town,Open area,Human Error,Yes,Grievous Injury,Hit and Run,Not at  Junction,Straight and flat,City or Town Road,Bitumen(Tar),Dry,Not Applicable,Fine,"OPP STAR BAJAR GATE ,DODDAKANNALLI",LIGHT POLE,25F,12.910199,77.68582
Bengaluru City,HSR Lay Out Traffic PS,1.04432e+16,2019,1,1,Road Accidents,Narrow road,City/Town,Open area,Human Error,Yes,Grievous Injury,Skidding or Self accident,Not at  Junction,Straight and flat,City or Town Road,Bitumen(Tar),Dry,Not Applicable,Fine,"OPP ANAND  HONDA SHOW ROOM, BELLANDUR",LIGHT POLE,25F,12.921839,77.6679509
Bengaluru City,HSR Lay Out Traffic PS,1.04432e+16,2019,1,1,Road Accidents,Cross roads,City/Town,Near School or College,Human Error,Yes,Grievous Injury,Hit and Run,Not Applicable,Others,City or Town Road,Bitumen(Tar),Dry,Not Applicable,Clear,"Hsr layout 14th main road, 15th cross road Junction",Near Jss college,100f,12.914445,77.638199
Bengaluru City,HSR Lay Out Traffic PS,1.04432e+16,2019,1,1,Road Accidents,Not Applicable,City/Town,Near Bus stop,Human Error,No,Grievous Injury,Hit pedestrian,Not at  Junction,Not Applicable,Others,Bitumen(Tar),Dry,Not Applicable,Clear,OUTER RING ROAD,NEAR HSR LAYOUT 9TH MAIN BUS STOP,50 F,12.916218,77.634798
Bengaluru City,HSR Lay Out Traffic PS,1.04432e+16,2019,1,1,Road Accidents,Junction,City/Town,Near Bus stop,Human Error,No,Grievous Injury,Hit pedestrian,Police / Manual,Others,Others,Bitumen(Tar),Dry,Not Applicable,Fine,ECOSPACE JUNCTION,SKY WALK OF ECOSPACE,10F,12.927805,77.67991
Bengaluru City,HSR Lay Out Traffic PS,1.04432e+16,2019,1,1,Road Accidents,Circle,City/Town,Residential area,Human Error,No,Grievous Injury,Vehicle to Vehicle,No signal lights,Straight and flat,Others,Bitumen(Tar),Dry,Not Applicable,Clear,SARJAPURA MAIN ROAD,NEAR SHANIMAHATHMA TEMPLE DODDAKANNAHALLI JUNCTION,50 F,12.908361,77.41437
Bengaluru City,HSR Lay Out Traffic PS,1.04432e+16,2019,1,1,Road Accidents,Not Applicable,City/Town,Residential area,Human Error,No,Grievous Injury,Hit pedestrian,Not at  Junction,Not Applicable,Others,Bitumen(Tar),Dry,Not Applicable,Clear,"HSR LAYOUT 29TH MAIN, 18TH CROSS",NEAR NIFT COLLEGE HOSTEL,100,12.911379,77.652599
Bengaluru City,HSR Lay Out Traffic PS,1.04432e+16,2019,1,2,Road Accidents,Junction,City/Town,Near Bus stop,Human Error,No,Grievous Injury,Vehicle to Vehicle,Police / Manual,Straight and flat,One way,Bitumen(Tar),Dry,Not Applicable,Fine,"INFRONT OF ECOSPACE, OUTER RING ROAD",500 M,500 M,0.0,0.0
Bengaluru City,HSR Lay Out Traffic PS,1.04432e+16,2019,1,3,Road Accidents,Not Applicable,City/Town,Open area,Human Error,Not Applicable,Grievous Injury,Vehicle to Vehicle,Not at  Junction,Straight and flat,Others,Bitumen(Tar),Dry,Not Applicable,Fine,"NEAR HDFC BANK 4TH SECTOR,17TH CROSS, HSR LAYOUT",GREEN TREE,10F,12.912208,77.642508
Bengaluru City,HSR Lay Out Traffic PS,1.04432e+16,2019,1,2,Road Accidents,Circle,City/Town,Open area,Human Error,Yes,Grievous Injury,Hit and Run,Police / Manual,Others,City or Town Road,Bitumen(Tar),Dry,Not Applicable,Clear,SARJAPURA MAIN ROAD,INFRONT OF WIPRO JUNCTION,10 F,12.911065,77.683738
Bengaluru City,HSR Lay Out Traffic PS,1.04432e+16,2019,1,2,Road Accidents,Not Applicable,City/Town,Narrow bridge or culverts,Human Error,No,Fatal,Vehicle to Vehicle,Not at  Junction,Not Applicable,Others,Bitumen(Tar),Dry,Not Applicable,Clear,OUTER RING ROAD HSR 14TH MAIN FLAYOVER,OPP KICHEN BUILDING,50 M,12.916005,77.637866
Bengaluru City,HSR Lay Out Traffic PS,1.04432e+16,2019,1,1,Road Accidents,Not Applicable,City/Town,Narrow bridge or culverts,Human Error,Not Applicable,Grievous Injury,Hit pedestrian,Not at  Junction,Not Applicable,One way,Bitumen(Tar),Dry,Not Applicable,Clear,ORR ROAD BELLANDUR,NEAR CENTRAL MALL,200 MT,12.924638,77.673718
Bengaluru City,HSR Lay Out Traffic PS,1.04432e+16,2019,1,1,Road Accidents,Narrow road,City/Town,Open area,Human Error,Yes,Grievous Injury,Hit pedestrian,Not at  Junction,Straight and flat,Others,Bitumen(Tar),Dry,Not Applicable,Fine,"NEAR MORE MALL, BELLANDUR",GREEN TREE,45F,0.0,0.0
Bengaluru City,HSR Lay Out Traffic PS,1.04432e+16,2019,1,2,Road Accidents,Narrow road,City/Town,Near office complex,Human Error,No,Grievous Injury,Not Applicable,Police / Manual,Straight and flat,One way,Bitumen(Tar),Dry,Not Applicable,Fine,NEAR SHANIMAHATHMA TEMPLE  DODDAKANNALLI,SHANIMAHATHMA TEMPLE,100 F,0.0,0.0
Bengaluru City,HSR Lay Out Traffic PS,1.04432e+16,2019,1,1,Road Accidents,Narrow road,City/Town,Open area,Human Error,No,Grievous Injury,Hit pedestrian,Not Applicable,Straight and flat,Others,Bitumen(Tar),Dry,Not Applicable,Fine,NEAR CENTRAL MALL,LIGHT POLE,25F,0.0,0.0
Bengaluru City,HSR Lay Out Traffic PS,1.04432e+16,2019,1,2,Road Accidents,Narrow road,City/Town,Open area,Human Error,Yes,Simple Injury,Hit and Run,Not at  Junction,Straight and flat,City or Town Road,Bitumen(Tar),Dry,Not Applicable,Fine,"OPP OF WIPRO GATE,  DODDAKANNALI",LIGHT POLE,25F,12.911043,77.683603
Bengaluru City,HSR Lay Out Traffic PS,1.04432e+16,2019,1,2,Road Accidents,Junction,City/Town,Open area,Human Error,Yes,Fatal,Hit and Run,Signal lights Automatic,Straight and flat,City or Town Road,Bitumen(Tar),Dry,Not Applicable,Fine,IBBALUR JUNCTION,GREEN TREE,45F,12.920601,77.665346
Bengaluru City,HSR Lay Out Traffic PS,1.04432e+16,2019,1,2,Road Accidents,Narrow road,City/Town,Open area,Human Error,No,Grievous Injury,Others,Not at  Junction,Straight and flat,City or Town Road,Bitumen(Tar),Dry,Not Applicable,Fine,"NEAR AGARA FLY OVER, ORR ROAD",ROAD DIVIDER,18F,12.923959,77.6471989
Bengaluru City,HSR Lay Out Traffic PS,1.04432e+16,2019,1,1,Road Accidents,Narrow road,City/Town,Open area,Human Error,Yes,Grievous Injury,Hit and Run,Not at  Junction,Straight and flat,City or Town Road,Bitumen(Tar),Dry,Not Applicable,Fine,"NEAR CARMELARAM BUS STOP, SARJAPURA MAIN ROAD",LIGHT POLE,15F,12.90314,77.704526
Bengaluru City,HSR Lay Out Traffic PS,1.04432e+16,2019,1,1,Road Accidents,Not Applicable,City/Town,Near School or College,Human Error,No,Grievous Injury,Hit pedestrian,Not at  Junction,Others,Two way,Bitumen(Tar),Dry,Not Applicable,Fine,AET JUNCTION ROAD,NEAR GEAR SCHOOL,100F,12.916365,77.699021
Bengaluru City,HSR Lay Out Traffic PS,1.04432e+16,2019,1,2,Road Accidents,Not Applicable,City/Town,Open area,Human Error,Yes,Grievous Injury,Vehicle to Vehicle,Not at  Junction,Straight and flat,One way,Bitumen(Tar),Dry,No influence on accident,Fine,"ORR ROAD,HSR LAYOUT",GREENS BAR,100F,12.923681,77.654235
Bengaluru City,HSR Lay Out Traffic PS,1.04432e+16,2019,1,1,Road Accidents,Narrow road,City/Town,Near office complex,Human Error,Not Applicable,Grievous Injury,Not Applicable,Police / Manual,Straight and flat,One way,Bitumen(Tar),Dry,Not Applicable,Fine,"INFRONT OF RICH HOME APPARTMENT,27 TH CROSS,3RD SECTOR",INFRONT OF RICH HOME APPARTMENT,100F,12.904766,77.64432
Bengaluru City,HSR Lay Out Traffic PS,1.04432e+16,2019,1,2,Road Accidents,Narrow road,City/Town,Open area,Human Error,Yes,Grievous Injury,Hit and Run,Not at  Junction,Straight and flat,City or Town Road,Bitumen(Tar),Dry,Not Applicable,Fine,"NEAR AMRUTHA BEKARI, KAIKONDRAHALLI",LIGHT POLE,15F,12.913479,77.678712
Bengaluru City,HSR Lay Out Traffic PS,1.04432e+16,2019,1,2,Road Accidents,Narrow road,City/Town,Open area,Human Error,No,Simple Injury,Others,Not at  Junction,Straight and flat,City or Town Road,Bitumen(Tar),Dry,Not Applicable,Fine,"OPP CHAI POINT, DODDAKANNALLI",LIGHT POLE,25F,0.0,0.0
Bengaluru City,HSR Lay Out Traffic PS,1.04432e+16,2019,1,1,Road Accidents,Cross roads,City/Town,Near Bus stop,Human Error,No,Grievous Injury,Hit pedestrian,Police / Manual,Straight and flat,One way,Bitumen(Tar),Dry,Not Applicable,Fine,IN FRONT OF KANTI SWEETS,BELLANDURU CENTRAL MALL,100 F,0.0,0.0
Bengaluru City,HSR Lay Out Traffic PS,1.04432e+16,2019,1,1,Road Accidents,Narrow road,City/Town,Open area,Human Error,Yes,Fatal,Hit pedestrian,Not at  Junction,Straight and flat,Others,Bitumen(Tar),Dry,Not Applicable,Fine,SARJAPUR ROAD,DIVIDER,15F,0.0,0.0
Bengaluru City,HSR Lay Out Traffic PS,1.04432e+16,2019,1,1,Road Accidents,Narrow road,City/Town,Open area,Human Error,Yes,Grievous Injury,Hit and Run,Not at  Junction,Straight and flat,City or Town Road,Bitumen(Tar),Dry,Not Applicable,Fine,"NEAR 5TH MAIN JUNCTION, HSR LAYOUT",GREEN TREE,15F,12.916548,77.632352
Bengaluru City,HSR Lay Out Traffic PS,1.04432e+16,2019,1,2,Road Accidents,Offset,City/Town,Open area,Human Error,Yes,Grievous Injury,Vehicle to Vehicle,Not at  Junction,Not Applicable,One way,Bitumen(Tar),Not Applicable,Not Applicable,Clear,outer ring road,near mantri sarovara appartment,100 f,12.919301,77.642567
Bengaluru City,HSR Lay Out Traffic PS,1.04432e+16,2019,1,2,Road Accidents,Not Applicable,City/Town,Near Bus stop,Human Error,Yes,Grievous Injury,Vehicle to Vehicle,Not Applicable,Straight and flat,Others,Bitumen(Tar),Dry,Not Applicable,Clear,SARJAPURA MAIN ROAD,NEAR KAIKONDRAHALLI BUS STOP,20 M,12.914071,77.677006
Bengaluru City,HSR Lay Out Traffic PS,1.04432e+16,2019,1,2,Road Accidents,Not Applicable,City/Town,Open area,Human Error,No,Simple Injury,Vehicle to Vehicle,Not at  Junction,Not Applicable,Others,Bitumen(Tar),Dry,Not Applicable,Clear,sarjapura main road,near agara lake park,50f,12.924533,77.647413
Bengaluru City,HSR Lay Out Traffic PS,1.04432e+16,2019,1,2,Road Accidents,Cross roads,City/Town,Near office complex,Human Error,Yes,Grievous Injury,Vehicle to Vehicle,Police / Manual,Straight and flat,Others,Surfaced,Dry,Not Applicable,Fine,on limited fastion mall,mac donald signal,100F,12.911649,77.638298
Bengaluru City,HSR Lay Out Traffic PS,1.04432e+16,2019,1,2,Road Accidents,Narrow road,City/Town,Near School or College,Human Error,No,Grievous Injury,Not Applicable,Police / Manual,Straight and flat,One way,Bitumen(Tar),Dry,Not Applicable,Fine,NEAR B DA COMPLEX O R R ROAD H S R LAYOUT,HS R B D A COMPLEX,100 F,0.0,0.0
Bengaluru City,HSR Lay Out Traffic PS,1.04432e+16,2019,1,1,Road Accidents,Narrow road,City/Town,Open area,Human Error,Yes,Grievous Injury,Hit pedestrian,Not at  Junction,Straight and flat,Others,Bitumen(Tar),Dry,Not Applicable,Fine,"NEAR AJMEERA MOTORS, 5TH MAIN",LIGHT POLE,28F,0.0,0.0
Bengaluru City,HSR Lay Out Traffic PS,1.04432e+16,2019,1,1,Road Accidents,Narrow road,City/Town,Open area,Human Error,Not Applicable,Fatal,Not Applicable,Not at  Junction,Straight and flat,Others,Bitumen(Tar),Dry,Not Applicable,Fine,NEAR GOLDEN ARKED APRTMENT,GREEN TREE,10F,0.0,0.0
Bengaluru City,HSR Lay Out Traffic PS,1.04432e+16,2019,1,2,Road Accidents,Narrow road,City/Town,Open area,Human Error,Yes,Grievous Injury,Others,Not at  Junction,Straight and flat,City or Town Road,Bitumen(Tar),Dry,Not Applicable,Fine,5TH MAIN ROAD,LIGHT POLE,25F,12.916481,77.632254
Bengaluru City,HSR Lay Out Traffic PS,1.04432e+16,2019,1,2,Road Accidents,Narrow road,City/Town,Open area,Human Error,Yes,Fatal,Hit and Run,Not at  Junction,Straight and flat,City or Town Road,Bitumen(Tar),Dry,Not Applicable,Fine,6TH SECTOR  HSR LAYOUT,LIGHT POLE,25F,12.914449,77.639541
Bengaluru City,HSR Lay Out Traffic PS,1.04432e+16,2019,1,2,Road Accidents,Narrow road,City/Town,Open area,Human Error,Yes,Grievous Injury,Hit and Run,Not at  Junction,Straight and flat,City or Town Road,Bitumen(Tar),Dry,Not Applicable,Fine,"NEAR MATRI SAROVAR APTS, ORR ROAD",LIGHT POLE,30F,12.919242,77.642654
Bengaluru City,HSR Lay Out Traffic PS,1.04432e+16,2019,1,2,Road Accidents,Narrow road,City/Town,Open area,Human Error,No,Grievous Injury,Others,Not at  Junction,Straight and flat,City or Town Road,Bitumen(Tar),Dry,Not Applicable,Fine,IBBALUR PARK OUTER RING ROAD,LIGHT POLE,35F,12.921083,77.665917
Bengaluru City,HSR Lay Out Traffic PS,1.04432e+16,2019,1,2,Road Accidents,Narrow road,City/Town,Open area,Human Error,Yes,Simple Injury,Hit and Run,Not at  Junction,Straight and flat,City or Town Road,Bitumen(Tar),Dry,Not Applicable,Fine,"INFRONT OF OZONE APTS, HARALUR ROAD",GREEN TREE,5F,12.909453,77.663828
Bengaluru City,HSR Lay Out Traffic PS,1.04432e+16,2019,1,2,Road Accidents,Not Applicable,City/Town,Open area,Human Error,Yes,Grievous Injury,Vehicle to Vehicle,Not at  Junction,Not Applicable,Expressway,Bitumen(Tar),Dry,Not Applicable,Fine,BELLANDUR GATE,ELLIGHT APPARTMENT,100F,12.918769,77.673392
Bengaluru City,HSR Lay Out Traffic PS,1.04432e+16,2019,1,2,Road Accidents,Circle,City/Town,Open area,Human Error,Yes,Grievous Injury,Vehicle to Vehicle,Not Applicable,Curve,Service Road,Bitumen(Tar),Dry,No influence on accident,Fine,5TH MAIN ROAD,FOODIESSTHAN HOTAL,10F,12.915403,77.632335
Bengaluru City,HSR Lay Out Traffic PS,1.04432e+16,2019,1,1,Road Accidents,Circle,City/Town,Near Bus stop,Human Error,Not Applicable,Grievous Injury,Hit pedestrian,Police / Manual,Straight and flat,One way,Surfaced,Dry,Not Applicable,Fine,bellanduru bus stop flyover down ramp,bellanduru bus stop,100 F,0.0,0.0
Bengaluru City,HSR Lay Out Traffic PS,1.04432e+16,2019,1,2,Road Accidents,Bridge,City/Town,In bazaar,Not Applicable,No,Damage Only,Others,Not Applicable,Not Applicable,City or Town Road,Bitumen(Tar),Not Applicable,Not Applicable,Clear,"On Bellenduru flayover, Outer ring road, Bellenduru",Central mall,100 m,12.92542,77.6752129
Bengaluru City,HSR Lay Out Traffic PS,1.04432e+16,2019,1,1,Road Accidents,Not Applicable,City/Town,Open area,Human Error,No,Fatal,Not Applicable,Not at  Junction,Slight Curve,Others,Bitumen(Tar),Dry,Not Applicable,Clear,"KAIKODRAHALLI , SARJAPURA ROAD",SARJAPU ROAD KAIKODRAHALLI,200F,12.915669,77.674153
Bengaluru City,HSR Lay Out Traffic PS,1.04432e+16,2019,1,2,Road Accidents,Junction,City/Town,Open area,Human Error,Yes,Grievous Injury,Vehicle to Vehicle,Police / Manual,Not Applicable,Two way,Bitumen(Tar),Dry,Not Applicable,Clear,SARJAPURA MAIN ROAD,NEAR SLV SERAMIX JUNCTION,10F,12.908694,77.689805
Bengaluru City,HSR Lay Out Traffic PS,1.04432e+16,2019,1,1,Road Accidents,Narrow road,City/Town,Open area,Human Error,Yes,Grievous Injury,Hit pedestrian,Not at  Junction,Straight and flat,Others,Bitumen(Tar),Dry,Not Applicable,Fine,OUTER RING ROAD HSR LAYOUT,GREEN TREE,10F,0.0,0.0
Bengaluru City,HSR Lay Out Traffic PS,1.04432e+16,2019,1,1,Road Accidents,Not Applicable,City/Town,Near School or College,Human Error,Yes,Grievous Injury,Not Applicable,Not at  Junction,Not Applicable,Others,Bitumen(Tar),Dry,Not Applicable,Clear,Outer ring road,Near 14th Hsr,100 m,12.916358,77.635057
Bengaluru City,HSR Lay Out Traffic PS,1.04432e+16,2019,1,1,Road Accidents,Cross roads,City/Town,Near office complex,Human Error,Yes,Grievous Injury,Hit pedestrian,Not at  Junction,Curve,Residential Street,Bitumen(Tar),Dry,Not Applicable,Fine,"17 TH CROSS,HSR LAYOUT",RELIANCE TRENDS,50F,12.912397,77.63423
Bengaluru City,HSR Lay Out Traffic PS,1.04432e+16,2019,1,1,Road Accidents,Not Applicable,City/Town,Residential area,Human Error,Yes,Fatal,Hit pedestrian,Not at  Junction,Not Applicable,Others,Bitumen(Tar),Dry,Not Applicable,Clear,OUTER RING ROAD,INFRONT OF HDFC BANK ATM NEAR MANTRI SAROVARA APPARTMENT,100 F,12.919081,77.642375
Bengaluru City,HSR Lay Out Traffic PS,1.04432e+16,2019,1,2,Road Accidents,Narrow road,City/Town,Near Bus stop,Human Error,Yes,Grievous Injury,Hit pedestrian,No signal lights,Not Applicable,Others,Bitumen(Tar),Dry,Not Applicable,Fine,IN FORNT OF MUNESHWARA TEMPLE,MUNESHVARA TEMPAL DODDAKANNALLI,5 KM,12.907194,77.695445
Bengaluru City,HSR Lay Out Traffic PS,1.04432e+16,2019,1,1,Road Accidents,Cross roads,City/Town,Open area,Human Error,Yes,Grievous Injury,Hit pedestrian,Not at  Junction,Not Applicable,Others,Bitumen(Tar),Dry,Not Applicable,Fine,"NANDINI COOL JOINT  ROAD, HSR LAYOUT",NANDINI COOL JOINT,500M,12.912053,77.639289
Bengaluru City,HSR Lay Out Traffic PS,1.04432e+16,2019,1,2,Road Accidents,Cross roads,City/Town,Near Bus stop,Human Error,Yes,Grievous Injury,Not Applicable,Police / Manual,Others,Others,Bitumen(Tar),Dry,Not Applicable,Fine,AGARA SERVICE ROAD,AGARA BUS STOP,100F,0.0,0.0
Bengaluru City,HSR Lay Out Traffic PS,1.04432e+16,2019,1,2,Road Accidents,Not Applicable,City/Town,Open area,Human Error,No,Grievous Injury,Vehicle to Vehicle,Not at  Junction,Straight and flat,Others,Bitumen(Tar),Dry,Not Applicable,Clear,Outer ring road,Opp Greence Bar & Resturent,100F,0.0,0.0
Bengaluru City,HSR Lay Out Traffic PS,1.04432e+16,2019,1,1,Road Accidents,Narrow road,City/Town,Near or inside a village,Human Error,Yes,Fatal,Hit and Run,Not at  Junction,Straight and flat,City or Town Road,Bitumen(Tar),Dry,Not Applicable,Fine,IBBALUR  BUS STAND,LIGHT POLE,10F,12.921261,77.662659
Bengaluru City,HSR Lay Out Traffic PS,1.04432e+16,2019,1,1,Road Accidents,Narrow road,City/Town,Open area,Human Error,No,Fatal,Hit pedestrian,Not at  Junction,Straight and flat,City or Town Road,Bitumen(Tar),Dry,Not Applicable,Fine,"INFRONT OF ECOPASCE, OUTER RING ROAD",LIGHT POLE,18F,12.927788,77.680062
Bengaluru City,HSR Lay Out Traffic PS,1.04432e+16,2019,1,2,Road Accidents,Not Applicable,City/Town,Near office complex,Human Error,Yes,Fatal,Vehicle to Vehicle,Not at  Junction,Straight and flat,Others,Bitumen(Tar),Dry,Not Applicable,Clear,SARJAPURA MAIN RAOD,NEAR COFFEE DAY,100 F,12.918413,77.670237
Bengaluru City,HSR Lay Out Traffic PS,1.04432e+16,2019,1,2,Road Accidents,Not Applicable,City/Town,Narrow bridge or culverts,Human Error,No,Simple Injury,Vehicle to Vehicle,Police / Manual,Curve and Incline,One way,Bitumen(Tar),Dry,Not Applicable,Fine,BELLANDURU UPPER RAMP,CENTRAL MALL,200 MT,12.924801,77.673983
Bengaluru City,HSR Lay Out Traffic PS,1.04432e+16,2019,1,1,Road Accidents,Not Applicable,City/Town,Open area,Human Error,No,Grievous Injury,Hit pedestrian,Not at  Junction,Straight and flat,One way,Bitumen(Tar),Dry,Not Applicable,Fine,"KAOKONDRA HALLI, SARJAPURA ROAD",SPRINF FIELD APPARTMENT,10F,12.918465,77.6699489
Bengaluru City,HSR Lay Out Traffic PS,1.04432e+16,2019,1,2,Road Accidents,Narrow road,City/Town,Near office complex,Human Error,Yes,Grievous Injury,Vehicle to Vehicle,Police / Manual,Straight and flat,One way,Bitumen(Tar),Dry,Not Applicable,Fine,INFRONT OF SHANBHAGH CATERS JANARDHAN TOWERS NEAR AGARA FLYOVER UPPER RAMP OUTER RING ROAD,SHNBHAGH CATERS AND JANARDHAN TOWERS,50 F,12.924013,77.647283
Bengaluru City,HSR Lay Out Traffic PS,1.04432e+16,2019,1,3,Road Accidents,Narrow road,City/Town,Open area,Human Error,Yes,Grievous Injury,Vehicle to Vehicle,Not at  Junction,Straight and flat,Others,Bitumen(Tar),Dry,Not Applicable,Fine,"NEAR BUS DEPO, ORR ROAD",SOUDIAM LIGHT,10F,12.919826,77.643076
Bengaluru City,HSR Lay Out Traffic PS,1.04432e+16,2019,1,2,Road Accidents,Narrow road,City/Town,Open area,Human Error,No,Grievous Injury,Others,Not at  Junction,Straight and flat,City or Town Road,Bitumen(Tar),Dry,Not Applicable,Fine,19TH MAIN HSR LAYOUT,LIGHT POLE,30F,12.922921,77.645956
Bengaluru City,HSR Lay Out Traffic PS,1.04432e+16,2019,1,4,Road Accidents,Narrow road,City/Town,Near Bus stop,Human Error,No,Fatal,Others,Not at  Junction,Straight and flat,City or Town Road,Bitumen(Tar),Dry,Not Applicable,Fine,OUTER RING ROAD BELLANDUR,LIGHT POLE,35F,12.924723,77.673748
Bengaluru City,HSR Lay Out Traffic PS,1.04432e+16,2019,1,2,Road Accidents,Narrow road,City/Town,Open area,Human Error,Yes,Simple Injury,Hit and Run,Not at  Junction,Straight and flat,City or Town Road,Bitumen(Tar),Dry,Not Applicable,Fine,"INFRONT OF AMRUTHA COLLEGE, CENTREL JAIL ROAD",LIGHT POLE,7F,12.896566,77.675074
Bengaluru City,HSR Lay Out Traffic PS,1.04432e+16,2019,1,1,Road Accidents,Narrow road,City/Town,Open area,Human Error,No,Grievous Injury,Hit pedestrian,Not at  Junction,Straight and flat,City or Town Road,Bitumen(Tar),Dry,Not Applicable,Fine,"NEAR KEERTHI RIGALIA APTMENT, KAIKONDRAHALLI",GREEN TREE,12F,12.910606,77.684772
Bengaluru City,HSR Lay Out Traffic PS,1.04432e+16,2019,1,3,Road Accidents,Narrow road,City/Town,Near office complex,Not Applicable,No,Damage Only,Vehicle to Vehicle,Police / Manual,Straight and flat,One way,Bitumen(Tar),Dry,Not Applicable,Fine,INFRONT OF SHNEHA BEKARI DODDAKANNALLI,DODDAKANNALLI SARJAPURA MAIN ROAD,100F,0.0,0.0
Bengaluru City,HSR Lay Out Traffic PS,1.04432e+16,2019,1,2,Road Accidents,Not Applicable,City/Town,Residential area,Human Error,No,Simple Injury,Vehicle to Vehicle,Not at  Junction,Straight and flat,Others,Bitumen(Tar),Dry,Not Applicable,Clear,Sarjapura main road,Near Indian oil petrol bunk doddakannahalli,100f,0.0,0.0
Bengaluru City,HSR Lay Out Traffic PS,1.04432e+16,2019,1,2,Road Accidents,Narrow road,City/Town,Open area,Human Error,Yes,Grievous Injury,Hit and Run,Not at  Junction,Straight and flat,City or Town Road,Bitumen(Tar),Dry,Not Applicable,Fine,"OPP OF APPOLO FARMACY, HSR LAYOUT",LIGHT POLE,40F,12.908081,77.649176
Bengaluru City,HSR Lay Out Traffic PS,1.04432e+16,2019,1,1,Road Accidents,Narrow road,City/Town,Open area,Human Error,No,Grievous Injury,Hit pedestrian,Not at  Junction,Straight and flat,City or Town Road,Bitumen(Tar),Dry,Not Applicable,Fine,OUTER RING ROAD AGARA,FLY OVER,8F,12.923826,77.653824
Bengaluru City,HSR Lay Out Traffic PS,1.04432e+16,2019,1,1,Road Accidents,Not Applicable,City/Town,Near or inside a village,Human Error,No,Grievous Injury,Hit pedestrian,Not at  Junction,Straight and flat,Others,Bitumen(Tar),Dry,Not Applicable,Clear,Junnasandra road,Near SRS travels,100f,12.907625,77.683462
Bengaluru City,HSR Lay Out Traffic PS,1.04432e+16,2019,1,2,Road Accidents,Curves,City/Town,Residential area,Human Error,No,Grievous Injury,Vehicle to Vehicle,Not at  Junction,Others,Service Road,Bitumen(Tar),Dry,No influence on accident,Fine,19 TH MAIN ROAD,BDA COMPLEX,500 M,12.913956,77.642128
Bengaluru City,HSR Lay Out Traffic PS,1.04432e+16,2019,1,2,Road Accidents,Not Applicable,City/Town,Residential area,Human Error,Yes,Grievous Injury,Vehicle to Vehicle,Not at  Junction,Straight and flat,Residential Street,Bitumen(Tar),Dry,Not Applicable,Clear,21st A Cross Hsr layout,Opp Mom baby clinic,100,12.910793,77.638051
Bengaluru City,HSR Lay Out Traffic PS,1.04432e+16,2019,1,1,Road Accidents,Narrow road,City/Town,Near office complex,Human Error,Yes,Fatal,Hit pedestrian,Not Applicable,Others,Two way,Bitumen(Tar),Dry,Not Applicable,Fine,27 TH MAIN,INFRONT OF VLCC SLIMING,2KM,0.0,0.0
Bengaluru City,HSR Lay Out Traffic PS,1.04432e+16,2019,1,1,Road Accidents,Circle,City/Town,Residential area,Human Error,Yes,Grievous Injury,Hit bicyclist,Uncontrolled,Straight and flat,Others,Bitumen(Tar),Dry,Not Applicable,Clear,"24th main road, 15th cross junction",Infront of sri sairam hotchips,50f,0.0,0.0
Bengaluru City,HSR Lay Out Traffic PS,1.04432e+16,2019,1,2,Road Accidents,Junction,City/Town,Near or inside a village,Human Error,No,Grievous Injury,Vehicle to Vehicle,Uncontrolled,Straight and flat,Residential Street,Bitumen(Tar),Dry,Not Applicable,Clear,Hsr layout 9th main road,18th cross junction,50F,0.0,0.0
Bengaluru City,HSR Lay Out Traffic PS,1.04432e+16,2019,1,1,Road Accidents,Not Applicable,City/Town,Narrow bridge or culverts,Human Error,No,Fatal,Not Applicable,Not at  Junction,Straight and flat,Others,Bitumen(Tar),Not Applicable,Not Applicable,Clear,outer ring road,near hsr 14th main flayover down ramp,100,12.917389,77.640882
Bengaluru City,HSR Lay Out Traffic PS,1.04432e+16,2019,1,2,Road Accidents,Cross roads,City/Town,Open area,Human Error,No,Grievous Injury,Vehicle to Vehicle,Signal lights Manual,Straight and flat,Not Applicable,Bitumen(Tar),Dry,Not Applicable,Fine,5 TH MAIN SERVICE ROAD,5 TH MAIN JUNCTION,300 M,12.916672,77.62922
Bengaluru City,HSR Lay Out Traffic PS,1.04432e+16,2019,1,2,Road Accidents,Narrow road,City/Town,Near Hospital,Human Error,Yes,Grievous Injury,Vehicle to Vehicle,Police / Manual,Straight and flat,One way,Bitumen(Tar),Dry,Not Applicable,Fine,INFRONT OF SMILEX DENTAL HOSPETAL & MENAKSHIMOTORS BELLANDURU GATE,SMILEX DENTAL HOSPETAL,100 F,12.924706,77.675909
Bengaluru City,HSR Lay Out Traffic PS,1.04432e+16,2019,1,2,Road Accidents,Not Applicable,City/Town,Open area,Human Error,No,Damage Only,Vehicle to Vehicle,Not at  Junction,Not Applicable,Others,Bitumen(Tar),Dry,Not Applicable,Clear,sarjapura main road,Near wipro junction,100,0.0,0.0
Bengaluru City,HSR Lay Out Traffic PS,1.04432e+16,2019,1,1,Road Accidents,Narrow road,City/Town,Open area,Human Error,Yes,Simple Injury,Hit and Run,Not at  Junction,Straight and flat,City or Town Road,Bitumen(Tar),Dry,Not Applicable,Fine,"INFORNT OF IBBALUR FLY OVER,ORR ROAD",LIGHT POLE,8F,12.921161,77.662587