DISTRICTNAME,UNITNAME,Crime_No,Year,RI,Noofvehicle_involved,Accident_Classification,Accident_Spot,Accident_Location,Accident_SubLocation,Main_Cause,Hit_Run,Severity,Collision_Type,Junction_Control,Road_Character,Road_Type,Surface_Type,Surface_Condition,Road_Condition,Weather,Accident_Road,Landmark_first,Distance_LandMark_First,Latitude,Longitude
Bengaluru City,HSR Lay Out Traffic PS,1.04432e+16,2019,1,1,Road Accidents,Narrow road,City/Town,Open area,Human Error,No,Simple Injury,Others,Not at  Junction,Straight and flat,City or Town Road,Bitumen(Tar),Dry,Not Applicable,Fine,"INFORNT OF COFFE DAY, ORR ROAD",GREEN TREE,5F,12.923003,77.645986
Bengaluru City,HSR Lay Out Traffic PS,1.04432e+16,2019,1,2,Road Accidents,Junction,City/Town,Open area,Human Error,No,Fatal,Vehicle to Vehicle,Signal lights Manual,Not Applicable,Others,Bitumen(Tar),Dry,Not Applicable,Clear,Outer ring road,near 5th main junction Hsr layout,20,12.916566,77.632307
Bengaluru City,HSR Lay Out Traffic PS,1.04432e+16,2019,1,1,Road Accidents,Narrow road,City/Town,Near Petrol Pump,Human Error,Not Applicable,Fatal,Not Applicable,Police / Manual,Straight and flat,One way,Bitumen(Tar),Dry,Not Applicable,Fine,"NEAR SOUBHAGYA PETROL BUNK 19 TH MAIN HSR LAYOUT,",SOUBHAGYA PETROL BUNK,50F,12.921219,77.644274
Bengaluru City,HSR Lay Out Traffic PS,1.04432e+16,2019,1,1,Road Accidents,Narrow road,City/Town,Near Bus stop,Human Error,Not Applicable,Fatal,Not Applicable,Police / Manual,Straight and flat,One way,Bitumen(Tar),Dry,Not Applicable,Fine,NEAR GREENS BAR &RESTURENT NEAR IBBALURU MILLITARI OUTER RING ROAD,IBBALURU MILLITARI KAMP,100F,12.923347,77.655828
Bengaluru City,HSR Lay Out Traffic PS,1.04432e+16,2019,1,2,Road Accidents,Not Applicable,City/Town,Open area,Human Error,Yes,Damage Only,Vehicle to Vehicle,Not at  Junction,Others,Two way,Bitumen(Tar),Dry,Not Applicable,Fine,"NEAR COFFEE DAY,HARALURU ROAD",COFFEE DAY,50 F,12.913091,77.666143
Bengaluru City,HSR Lay Out Traffic PS,1.04432e+16,2019,1,1,Road Accidents,Narrow road,City/Town,Open area,Human Error,No,Grievous Injury,Hit pedestrian,Not at  Junction,Straight and flat,Others,Bitumen(Tar),Dry,Not Applicable,Fine,"ORR ROAD, HSR LAYOUT",LIGHT POLE,45F,0.0,0.0
Bengaluru City,HSR Lay Out Traffic PS,1.04432e+16,2019,1,2,Road Accidents,T Junction,City/Town,In bazaar,Human Error,Yes,Simple Injury,Hit and Run,Not Applicable,Curve,City or Town Road,Bitumen(Tar),Dry,Not Applicable,Fine,ORR 5TH MAIN JN,MUNESHWARA TEMPLE,50 F,0.0,0.0
Bengaluru City,HSR Lay Out Traffic PS,1.04432e+16,2019,1,2,Road Accidents,Narrow road,City/Town,Open area,Human Error,Yes,Grievous Injury,Hit and Run,Not at  Junction,Straight and flat,City or Town Road,Bitumen(Tar),Dry,Not Applicable,Fine,BELLANDUR LAKE   ROAD,LIGHT POLE,10F,12.930148,77.680925
Bengaluru City,HSR Lay Out Traffic PS,1.04432e+16,2019,1,2,Road Accidents,Other,City/Town,Open area,Human Error,No,Grievous Injury,Others,Not Applicable,Not Applicable,City or Town Road,Bitumen(Tar),Not Applicable,Not Applicable,Clear,OUTER RING ROAD,INFRONT OF BABY SHOP,50 M,12.916393,77.634735
Bengaluru City,HSR Lay Out Traffic PS,1.04432e+16,2019,1,2,Road Accidents,Narrow road,City/Town,Open area,Human Error,No,Grievous Injury,Others,Not at  Junction,Straight and flat,City or Town Road,Bitumen(Tar),Dry,Not Applicable,Fine,"NEAR FREEDOM  INTERNATIONAL SCHOOL,ORR ROAD",DIVIDER,25F,12.91743,77.641215
Bengaluru City,HSR Lay Out Traffic PS,1.04432e+16,2019,1,1,Road Accidents,Narrow road,City/Town,Open area,Human Error,No,Fatal,Others,Not at  Junction,Straight and flat,City or Town Road,Bitumen(Tar),Dry,Not Applicable,Fine,NEAR SHIVA REDDY WATER POINT HALANAYAKANAHALI,LIGHT POLE,40F,12.895443,77.690198
Bengaluru City,HSR Lay Out Traffic PS,1.04432e+16,2019,1,2,Road Accidents,Narrow road,City/Town,Open area,Human Error,No,Damage Only,Others,Not at  Junction,Straight and flat,City or Town Road,Bitumen(Tar),Dry,Not Applicable,Fine,"HP PETROL MBUNK OPPOSITE, 14TH MAIN ROAD",GREEN TREE,20F,12.91546,77.638295
Bengaluru City,HSR Lay Out Traffic PS,1.04432e+16,2019,1,1,Road Accidents,Narrow road,City/Town,Residential area,Human Error,No,Fatal,Not Applicable,Not at  Junction,Not Applicable,Others,Bitumen(Tar),Dry,Not Applicable,Clear,Outer ring road,Near Nandas hotel,150,0.0,0.0
Bengaluru City,HSR Lay Out Traffic PS,1.04432e+16,2019,1,1,Road Accidents,Not Applicable,City/Town,Near School or College,Human Error,Yes,Grievous Injury,Hit pedestrian,Not at  Junction,Others,Two way,Bitumen(Tar),Dry,Not Applicable,Fine,"27 TH MAIN, ROAD",NEAR NIFT COLLEGE,100 F,12.907871,77.651754
Bengaluru City,HSR Lay Out Traffic PS,1.04432e+16,2020,1,2,Rail Road Accidents,Narrow road,City/Town,Open area,Human Error,No,Simple Injury,Vehicle to Vehicle,Not at  Junction,Straight and flat,Others,Bitumen(Tar),Dry,Not Applicable,Fine,OUTER RING ROAD BELLANDUR,GREEN TREE,30F,12.927917,77.681056
Bengaluru City,HSR Lay Out Traffic PS,1.04432e+16,2020,1,2,Road Accidents,Narrow road,City/Town,Open area,Human Error,Yes,Grievous Injury,Vehicle to Vehicle,Signal lights Manual,Straight and flat,Others,Bitumen(Tar),Dry,Not Applicable,Fine,IBBALURU JUNCTION,LIGHT POLE,28F,12.920628,77.665325
Bengaluru City,HSR Lay Out Traffic PS,1.04432e+16,2020,1,2,Road Accidents,Narrow road,City/Town,Open area,Human Error,Yes,Fatal,Vehicle to Vehicle,Not at  Junction,Straight and flat,Others,Bitumen(Tar),Dry,Not Applicable,Fine,INFRONT OF IBLUR LACK SERVICE ROAD,LIGHT POLE,8F,12.92124,77.666157
Bengaluru City,HSR Lay Out Traffic PS,1.04432e+16,2020,1,1,Road Accidents,Narrow road,City/Town,Open area,Human Error,Yes,Grievous Injury,Hit pedestrian,Not at  Junction,Straight and flat,Others,Bitumen(Tar),Dry,Not Applicable,Fine,"DODDAKANNALI JUNCTION, SARJAPUR ROAD",ROAD DIVIDER,12F,12.90723,77.695554
Bengaluru City,HSR Lay Out Traffic PS,1.04432e+16,2020,1,1,Road Accidents,Narrow road,City/Town,Open area,Human Error,No,Grievous Injury,Hit pedestrian,Not at  Junction,Straight and flat,Others,Bitumen(Tar),Dry,Not Applicable,Fine,"INFRONT OFGOLDEN RESIDENCY APARTMENT, ORR ROAD BELLANDUR",ROAD DIVIDER,15F,12.924641,77.673648
Bengaluru City,HSR Lay Out Traffic PS,1.04432e+16,2020,1,2,Road Accidents,Narrow road,City/Town,Open area,Human Error,Yes,Grievous Injury,Vehicle to Vehicle,Not at  Junction,Straight and flat,Others,Bitumen(Tar),Dry,Not Applicable,Fine,"INFRONT OF IBLUR LACK, ORR ROAD",ROAD DIVIDER,40F,12.920926,77.665654
Bengaluru City,HSR Lay Out Traffic PS,1.04432e+16,2020,1,2,Road Accidents,Narrow road,City/Town,Open area,Human Error,No,Grievous Injury,Vehicle to Vehicle,Not at  Junction,Straight and flat,Others,Bitumen(Tar),Dry,Not Applicable,Fine,"INFRONT OF JIO BUILDING, NEAR IBLUR BUS STOP",LIGHT POLE,35F,12.921,77.663761
Bengaluru City,HSR Lay Out Traffic PS,1.04432e+16,2020,1,1,Road Accidents,Narrow road,City/Town,Open area,Human Error,No,Grievous Injury,Hit pedestrian,Not at  Junction,Straight and flat,Others,Bitumen(Tar),Dry,Not Applicable,Fine,"INFRONT OF ARCHANA GRAND HOTEL, BOMMANAHALLI",FLYOVER PILLAR POLE,55F,12.907003,77.62919
Bengaluru City,HSR Lay Out Traffic PS,1.04432e+16,2020,1,2,Road Accidents,Junction,City/Town,Near Bus stop,Human Error,Not Applicable,Simple Injury,Vehicle to Vehicle,Police / Manual,Curve,Service Road,Bitumen(Tar),Dry,Not Applicable,Fine,Agara junction service road,Agara bus stop,100 F,12.924246,77.649957
Bengaluru City,HSR Lay Out Traffic PS,1.04432e+16,2020,1,1,Road Accidents,Narrow road,City/Town,Open area,Human Error,No,Simple Injury,Hit pedestrian,Not at  Junction,Straight and flat,Not Applicable,Bitumen(Tar),Dry,Not Applicable,Fine,NEAR BELLANDURU JUNCTION,FLY OVER WALL,2 FEET,12.926113,77.676858
Bengaluru City,HSR Lay Out Traffic PS,1.04432e+16,2020,1,2,Road Accidents,Narrow road,City/Town,Open area,Human Error,Yes,Grievous Injury,Vehicle to Vehicle,Not at  Junction,Straight and flat,Others,Bitumen(Tar),Dry,Not Applicable,Fine,BANDEPALYA POLICE STATION ROAD,LIGHT POLE,30F,12.904907,77.643676
Bengaluru City,HSR Lay Out Traffic PS,1.04432e+16,2020,1,2,Road Accidents,Narrow road,City/Town,Open area,Human Error,Yes,Grievous Injury,Vehicle to Vehicle,Not at  Junction,Straight and flat,Others,Bitumen(Tar),Dry,Not Applicable,Fine,"INFRONT OF ANJANEYA TEMPLE, CHIKKANAYAKANAHALLI",SODIUM LIGHT POLE,35F,12.892948,77.694697
Bengaluru City,HSR Lay Out Traffic PS,1.04432e+16,2020,1,2,Road Accidents,Narrow road,City/Town,Open area,Human Error,Yes,Damage Only,Vehicle to Vehicle,Not at  Junction,Straight and flat,Others,Bitumen(Tar),Dry,Not Applicable,Fine,"INFRONT OF PRUTHI TOWERS, 27TH MAIN",LIGHT POLE,3F,12.904091,77.650674
Bengaluru City,HSR Lay Out Traffic PS,1.04432e+16,2020,1,2,Road Accidents,Narrow road,City/Town,Open area,Human Error,No,Grievous Injury,Vehicle to Vehicle,Not at  Junction,Straight and flat,Others,Bitumen(Tar),Dry,Not Applicable,Fine,"OPPOSITE SHANIMAHATHMA TEMPLE, DODDAKANNALI",GREEN TREE,45F,12.905996,77.698004
Bengaluru City,HSR Lay Out Traffic PS,1.04432e+16,2020,1,2,Road Accidents,Narrow road,City/Town,Open area,Human Error,No,Fatal,Vehicle to Vehicle,Not at  Junction,Straight and flat,Others,Bitumen(Tar),Dry,Not Applicable,Fine,"ON HSR BDA FLY OVER, 14TH MAIN",LIGHT POLE,45F,12.91612,77.638758
Bengaluru City,HSR Lay Out Traffic PS,1.04432e+16,2020,1,2,Road Accidents,Narrow road,City/Town,Open area,Human Error,No,Simple Injury,Hit pedestrian,Not at  Junction,Straight and flat,Others,Bitumen(Tar),Dry,Not Applicable,Fine,"ORR ROAD,NEAR AGARA FLY OVER",LIGHT POLE,65F,12.923682,77.654184
Bengaluru City,HSR Lay Out Traffic PS,1.04432e+16,2020,1,1,Road Accidents,Narrow road,City/Town,Open area,Human Error,Not Applicable,Grievous Injury,Not Applicable,Not at  Junction,Straight and flat,Others,Bitumen(Tar),Dry,Not Applicable,Fine,AGARA FLY OVER ORR ROAD,FLY OVER WALL,20F,12.924027,77.647722
Bengaluru City,HSR Lay Out Traffic PS,1.04432e+16,2020,1,3,Road Accidents,Narrow road,City/Town,Open area,Human Error,No,Grievous Injury,Vehicle to Vehicle,Not at  Junction,Straight and flat,Others,Bitumen(Tar),Dry,Not Applicable,Fine,DODDAKANNALI ROAD,IRON LIGHT POLE,25F,12.906534,77.697772
Bengaluru City,HSR Lay Out Traffic PS,1.04432e+16,2020,1,2,Road Accidents,Narrow road,City/Town,Open area,Human Error,Yes,Grievous Injury,Vehicle to Vehicle,Not at  Junction,Straight and flat,Others,Bitumen(Tar),Dry,Not Applicable,Fine,"INFRONT OF GAYATHRI FARAMS, CARMELARAM RAILYWAY STATION ROAD",GREEN TREE,30F,12.905159,77.704671
Bengaluru City,HSR Lay Out Traffic PS,1.04432e+16,2020,1,1,Road Accidents,Narrow road,City/Town,Open area,Human Error,No,Fatal,Not Applicable,Not at  Junction,Straight and flat,Others,Bitumen(Tar),Dry,Not Applicable,Fine,"27TH MAIN ROAD, HSR 2ND SECTOR",LIGHT POLE,5F,0.0,0.0
Bengaluru City,HSR Lay Out Traffic PS,1.04432e+16,2020,1,2,Road Accidents,Narrow road,City/Town,Open area,Human Error,Yes,Grievous Injury,Vehicle to Vehicle,Not at  Junction,Straight and flat,Others,Bitumen(Tar),Dry,Not Applicable,Fine,"INFRONT OF KEERTHI REGALIA APARTMENT, SARJAPURA MAIN ROAD",LIGHT POLE,35F,12.910698,77.684651
Bengaluru City,HSR Lay Out Traffic PS,1.04432e+16,2020,1,3,Road Accidents,Narrow road,City/Town,Open area,Human Error,No,Damage Only,Vehicle to Vehicle,Not at  Junction,Straight and flat,Others,Bitumen(Tar),Dry,Not Applicable,Fine,"FORE FEANT OF NO-33 HOUSE, HSR LAYOUT",LIGHT POLE,30F,0.0,0.0
Bengaluru City,HSR Lay Out Traffic PS,1.04432e+16,2020,1,4,Road Accidents,Narrow road,City/Town,Open area,Human Error,No,Grievous Injury,Vehicle to Vehicle,Not at  Junction,Straight and flat,Others,Bitumen(Tar),Dry,Not Applicable,Fine,"INFRONT OF SHIVAS TAIRS, HSR LAYOUT",LIGHT POLE,80F,12.912257,77.63875
Bengaluru City,HSR Lay Out Traffic PS,1.04432e+16,2020,1,2,Road Accidents,Narrow road,City/Town,Open area,Human Error,No,Fatal,Vehicle to Vehicle,Not at  Junction,Straight and flat,Others,Bitumen(Tar),Dry,Not Applicable,Fine,"INFRONT EXPRESS CAR WASH, AGARA FLY OVER ORR ROAD",LIGHT POLE,20F,12.923829,77.647036
Bengaluru City,HSR Lay Out Traffic PS,1.04432e+16,2020,1,2,Road Accidents,Not Applicable,City/Town,Open area,Human Error,No,Simple Injury,Vehicle to Vehicle,Not at  Junction,Not Applicable,Others,Bitumen(Tar),Dry,Not Applicable,Clear,Sarjapura main road,Near Agara Ayyappaswamy temple Agara,50,12.924613,77.648652
Bengaluru City,HSR Lay Out Traffic PS,1.04432e+16,2020,1,1,Road Accidents,Narrow road,City/Town,Open area,Human Error,No,Grievous Injury,Hit pedestrian,Not at  Junction,Straight and flat,Others,Bitumen(Tar),Dry,Not Applicable,Fine,"INFRONT OF MANTHRI SAROVARA APRTMENTS, HSR LAYOUT",LIGHT POLE,30F,12.919002,77.642499
Bengaluru City,HSR Lay Out Traffic PS,1.04432e+16,2020,1,2,Road Accidents,Narrow road,City/Town,Open area,Human Error,Yes,Grievous Injury,Vehicle to Vehicle,Signal lights Manual,Straight and flat,Not Applicable,Bitumen(Tar),Dry,Not Applicable,Fine,AUTOMALT JUCTION,GREEN TREE,40F,12.923758,77.639935
Bengaluru City,HSR Lay Out Traffic PS,1.04432e+16,2020,1,2,Road Accidents,Narrow road,City/Town,Open area,Human Error,Yes,Simple Injury,Vehicle to Vehicle,Not at  Junction,Straight and flat,Others,Bitumen(Tar),Dry,Not Applicable,Fine,"INFRONT OF VASUDEV ADIGAS, 5TH MAIN",LIGHT POLE,40F,12.911491,77.632443
Bengaluru City,HSR Lay Out Traffic PS,1.04432e+16,2020,1,1,Road Accidents,Junction,City/Town,Open area,Human Error,No,Fatal,Hit pedestrian,Signal lights Automatic,Straight and flat,Others,Bitumen(Tar),Dry,Not Applicable,Fine,AUTOMALT JUCTION,DIVIDER,6F,12.923746,77.64003
Bengaluru City,HSR Lay Out Traffic PS,1.04432e+16,2020,1,2,Road Accidents,Narrow road,City/Town,Open area,Human Error,No,Grievous Injury,Vehicle to Vehicle,Not at  Junction,Straight and flat,Others,Bitumen(Tar),Dry,Not Applicable,Fine,INFRONT OF PROPEL GUS BUNK,LIGHT POLE,35F,12.923627,77.640664
Bengaluru City,HSR Lay Out Traffic PS,1.04432e+16,2020,1,1,Road Accidents,Narrow road,City/Town,Near Hospital,Human Error,Not Applicable,Fatal,Not Applicable,Police / Manual,Hump,One way,Bitumen(Tar),Dry,Not Applicable,Fine,infront of st norbet church kasavanahalli,norbet church,50 F,12.910049,77.676285
Bengaluru City,HSR Lay Out Traffic PS,1.04432e+16,2020,1,2,Road Accidents,Narrow road,City/Town,Open area,Human Error,No,Grievous Injury,Vehicle to Vehicle,Not at  Junction,Straight and flat,Others,Bitumen(Tar),Dry,Not Applicable,Fine,"OPPOSITE VVR SCHOOL, DODDAKANNALI",ROAD DIVIDER,25F,12.907995,77.692505
Bengaluru City,HSR Lay Out Traffic PS,1.04432e+16,2020,1,1,Road Accidents,Narrow road,City/Town,Open area,Human Error,Not Applicable,Damage Only,Not Applicable,Not at  Junction,Straight and flat,Others,Bitumen(Tar),Dry,Not Applicable,Fine,"NEAR TECHNIC MOTORS SHOW ROOM, ORR SERIVE ROAD, IBBALAUR",LIGHT POLE,5F,12.921773,77.661229
Bengaluru City,HSR Lay Out Traffic PS,1.04432e+16,2020,1,1,Road Accidents,Narrow road,City/Town,Open area,Human Error,Yes,Fatal,Hit pedestrian,Not at  Junction,Straight and flat,Others,Bitumen(Tar),Dry,Not Applicable,Fine,"INFRONT OF SULABH SHOCHALAYA, 27TH MAIN, 1ST SECTOR, HSR LAYOUT",LIGHT POLE,30F,12.921765,77.651476
Bengaluru City,HSR Lay Out Traffic PS,1.04432e+16,2020,1,1,Road Accidents,Narrow road,City/Town,Open area,Human Error,Yes,Grievous Injury,Hit pedestrian,Not at  Junction,Straight and flat,Others,Bitumen(Tar),Dry,Not Applicable,Fine,"OUTER RING ROAD, AGARA",LIGHT POLE,25F,12.924534,77.650604
Bengaluru City,HSR Lay Out Traffic PS,1.04432e+16,2020,1,2,Road Accidents,Narrow road,City/Town,Open area,Human Error,Yes,Grievous Injury,Vehicle to Vehicle,Not at  Junction,Straight and flat,Others,Bitumen(Tar),Dry,Not Applicable,Fine,OPPOSITE MYCRO SOFT OFFICE BELLANDUR,GREEN TREE,25F,12.922421,77.668797
Bengaluru City,HSR Lay Out Traffic PS,1.04432e+16,2020,1,1,Road Accidents,Narrow road,City/Town,Open area,Human Error,No,Grievous Injury,Hit pedestrian,Not at  Junction,Straight and flat,Others,Bitumen(Tar),Dry,Not Applicable,Fine,"17TH CROSS, 17TH JUNCTION",GREEN TREE,35F,12.912036,77.642672
Bengaluru City,HSR Lay Out Traffic PS,1.04432e+16,2020,1,1,Road Accidents,Narrow road,City/Town,Open area,Human Error,Yes,Grievous Injury,Hit pedestrian,Not at  Junction,Straight and flat,Others,Bitumen(Tar),Dry,Not Applicable,Fine,"OPPOSITE TITAN SHOWROOM ,27TH MAIN",SOUDIM LIGHT POLE,46F,12.970297,77.678032
Bengaluru City,HSR Lay Out Traffic PS,1.04432e+16,2020,1,2,Road Accidents,Narrow road,City/Town,Open area,Human Error,Yes,Grievous Injury,Vehicle to Vehicle,Not at  Junction,Straight and flat,Others,Bitumen(Tar),Dry,Not Applicable,Fine,DODDAKANNALI SARJAPURA ROAD,LIGHT POLE,28F,12.906471,77.697942
Bengaluru City,HSR Lay Out Traffic PS,1.04432e+16,2020,1,2,Road Accidents,Narrow road,City/Town,Open area,Human Error,Yes,Grievous Injury,Vehicle to Vehicle,Not at  Junction,Straight and flat,Others,Bitumen(Tar),Dry,Not Applicable,Fine,"NEAR FIRE STSTION, KAIKONDRAHALLI",LIGHT POLE,32F,12.914798,77.675451
Bengaluru City,HSR Lay Out Traffic PS,1.04432e+16,2020,1,1,Road Accidents,Junction,City/Town,Open area,Human Error,No,Grievous Injury,Not Applicable,No signal lights,Straight and flat,Others,Bitumen(Tar),Dry,Not Applicable,Fine,NEAR 19TH MAIN JUNCTION,LIGHT POLE,25F,12.922106,77.644965
Bengaluru City,HSR Lay Out Traffic PS,1.04432e+16,2020,1,1,Road Accidents,Narrow road,City/Town,Open area,Human Error,No,Damage Only,Not Applicable,Not at  Junction,Straight and flat,Others,Bitumen(Tar),Dry,Not Applicable,Fine,INFRONT OF SRI SAI NILAYA,LIGHT POLE,25F,12.911288,77.629134
Bengaluru City,HSR Lay Out Traffic PS,1.04432e+16,2020,1,1,Road Accidents,Narrow road,City/Town,Open area,Human Error,No,Grievous Injury,Hit pedestrian,Not at  Junction,Straight and flat,Others,Bitumen(Tar),Dry,Not Applicable,Fine,"24TH MAIN , SECOND SECTOR, HSR LAYOUT",LIGHT POLE,35F,12.902348,77.651316
Bengaluru City,HSR Lay Out Traffic PS,1.04432e+16,2020,1,2,Road Accidents,Narrow road,City/Town,Open area,Human Error,No,Grievous Injury,Vehicle to Vehicle,Not at  Junction,Straight and flat,Others,Bitumen(Tar),Dry,Not Applicable,Fine,"GREEN GLANE LAYOUT MAIN ROAD, BELLANDUR",GREEN TREEN,28F,12.925188,77.669655
Bengaluru City,HSR Lay Out Traffic PS,1.04432e+16,2020,1,3,Road Accidents,Narrow road,City/Town,Open area,Human Error,Yes,Grievous Injury,Vehicle to Vehicle,Not at  Junction,Straight and flat,Others,Bitumen(Tar),Dry,Not Applicable,Fine,"OPP DEVI EYE HOSPETAL, NEAR 14 JUNCTION, ORR HSR LAYOUT",ROAD DIVDER,15F,12.915963,77.637426
Bengaluru City,HSR Lay Out Traffic PS,1.04432e+16,2020,1,1,Road Accidents,Narrow road,City/Town,Open area,Human Error,Yes,Grievous Injury,Hit pedestrian,Not at  Junction,Straight and flat,Others,Bitumen(Tar),Dry,Not Applicable,Fine,INFRONT OF BOSCH COMPANY,LIGHT POLE,75F,12.927034,77.679865
Bengaluru City,HSR Lay Out Traffic PS,1.04432e+16,2020,1,2,Road Accidents,Narrow road,City/Town,Open area,Human Error,Yes,Fatal,Vehicle to Vehicle,Not at  Junction,Straight and flat,Others,Bitumen(Tar),Dry,Not Applicable,Fine,NEAR ROYAL ENFIELD SHOWROOM O R R ROAD,LIGHT POLE,40F,12.921669,77.661225
Bengaluru City,HSR Lay Out Traffic PS,1.04432e+16,2020,1,2,Road Accidents,Narrow road,City/Town,Near Petrol Pump,Human Error,Yes,Grievous Injury,Vehicle to Vehicle,Not at  Junction,Straight and flat,Others,Bitumen(Tar),Dry,Not Applicable,Fine,NEAR KAIKONDRALI LAKE SARJAPUR ROAD,LIGHT POLE,68F,12.915049,77.67547
Bengaluru City,HSR Lay Out Traffic PS,1.04432e+16,2020,1,1,Road Accidents,Narrow road,City/Town,Open area,Human Error,No,Fatal,Not Applicable,Not at  Junction,Straight and flat,Others,Bitumen(Tar),Dry,Not Applicable,Fine,"NEAR IBLUR MILITARY CAMP, ORR ROAD",GREEN TREE,15F,12.923234,77.656474
Bengaluru City,HSR Lay Out Traffic PS,1.04432e+16,2020,1,1,Road Accidents,Narrow road,City/Town,Open area,Human Error,No,Grievous Injury,Not Applicable,Not at  Junction,Straight and flat,Others,Bitumen(Tar),Dry,Not Applicable,Fine,"NEAR TRADE CENTER, DODDAKANNAHALLI",LIGHT POLE,10F,12.905166,77.701028
Bengaluru City,HSR Lay Out Traffic PS,1.04432e+16,2020,1,1,Road Accidents,Narrow road,City/Town,Open area,Human Error,No,Grievous Injury,Not Applicable,Not at  Junction,Straight and flat,Others,Bitumen(Tar),Dry,Not Applicable,Fine,"ORR ROAD , HSR LAYOUT",SODIUM LIGHT POLE,55F,0.0,0.0
Bengaluru City,HSR Lay Out Traffic PS,1.04432e+16,2020,1,2,Road Accidents,Narrow road,City/Town,Open area,Human Error,No,Simple Injury,Vehicle to Vehicle,Not at  Junction,Straight and flat,Others,Bitumen(Tar),Dry,Not Applicable,Fine,IBBALUR FLY OVER UPPER RAMP,DIVIDER,45F,12.921721,77.667716
Bengaluru City,HSR Lay Out Traffic PS,1.04432e+16,2020,1,2,Road Accidents,Narrow road,City/Town,Open area,Human Error,Yes,Simple Injury,Vehicle to Vehicle,Signal lights Manual,Straight and flat,Others,Bitumen(Tar),Dry,Not Applicable,Fine,HSR 5TH MAIN ROAD ORR ROAD,SODIUM LIGHT POLE,40F,12.916408,77.632559
Bengaluru City,HSR Lay Out Traffic PS,1.04432e+16,2020,1,1,Road Accidents,Not Applicable,City/Town,Open area,Human Error,Not Applicable,Grievous Injury,Not Applicable,Not at  Junction,Others,Two way,Bitumen(Tar),Dry,Not Applicable,Fine,AMRUTHA COLLEGE ROAD,FAST MARKET,50F,12.900102,77.675457
Bengaluru City,HSR Lay Out Traffic PS,1.04432e+16,2020,1,2,Road Accidents,Not Applicable,City/Town,Narrow bridge or culverts,Human Error,No,Grievous Injury,Vehicle to Vehicle,Not at  Junction,Not Applicable,Not Applicable,Bitumen(Tar),Dry,Not Applicable,Fine,14TH MAIN FLY OVER,BDA COMPLEX,300M,12.916198,77.636689
Bengaluru City,HSR Lay Out Traffic PS,1.04432e+16,2020,1,2,Road Accidents,Junction,City/Town,Open area,Human Error,Yes,Grievous Injury,Vehicle to Vehicle,No signal lights,Straight and flat,Others,Bitumen(Tar),Dry,Not Applicable,Fine,"DODDAKANNALI JUNCTION, SARJAPURA MAIN ROAD",LIGHT POLE,40F,12.906128,77.694938
Bengaluru City,HSR Lay Out Traffic PS,1.04432e+16,2020,1,2,Road Accidents,Narrow road,City/Town,Open area,Human Error,Yes,Grievous Injury,Vehicle to Vehicle,Not at  Junction,Straight and flat,Others,Bitumen(Tar),Dry,Not Applicable,Fine,"INFRONT OF SHANIMAHATMA TEMPLE, DODDAKANNALI ROAD",LIGHT POLE,50F,12.906552,77.697875
Bengaluru City,HSR Lay Out Traffic PS,1.04432e+16,2020,1,2,Road Accidents,Narrow road,City/Town,Open area,Human Error,Yes,Grievous Injury,Vehicle to Vehicle,Not at  Junction,Straight and flat,Others,Bitumen(Tar),Dry,Not Applicable,Fine,"11TH CROSS JUNCTION, HSR LAYOUT 4TH SECTOR ROAD",LIGHT POLE,55F,12.917197,77.643408
Bengaluru City,HSR Lay Out Traffic PS,1.04432e+16,2020,1,1,Road Accidents,Narrow road,City/Town,Open area,Human Error,No,Grievous Injury,Hit pedestrian,Not at  Junction,Straight and flat,Others,Bitumen(Tar),Dry,Not Applicable,Fine,14th nain hsr layout,GREEN TREE,40F,12.91637,77.635021
Bengaluru City,HSR Lay Out Traffic PS,1.04432e+16,2020,1,2,Road Accidents,Narrow road,City/Town,Open area,Human Error,No,Simple Injury,Vehicle to Vehicle,Not at  Junction,Straight and flat,Others,Bitumen(Tar),Dry,Not Applicable,Fine,"AGARA FLY OVER DOWN RAMP, ORR HSR",LIGHT POLE,35F,12.923858,77.647012
Bengaluru City,HSR Lay Out Traffic PS,1.04432e+16,2020,1,2,Road Accidents,Junction,City/Town,Open area,Human Error,Yes,Grievous Injury,Vehicle to Vehicle,Signal lights Automatic,Straight and flat,Others,Bitumen(Tar),Dry,Not Applicable,Fine,AUTOMALT JUCTION,GREEN TREE,44F,12.923833,77.63985
Bengaluru City,HSR Lay Out Traffic PS,1.04432e+16,2020,1,2,Road Accidents,Narrow road,City/Town,Open area,Human Error,No,Grievous Injury,Vehicle to Vehicle,Not at  Junction,Straight and flat,Others,Bitumen(Tar),Dry,Not Applicable,Fine,"INFRONT OF FIRE STATION,  KAIKONDRAHALLI",ROAD DIVIDER,3F,12.91655,77.673611
Bengaluru City,HSR Lay Out Traffic PS,1.04432e+16,2020,1,1,Road Accidents,Narrow road,City/Town,Open area,Human Error,No,Fatal,Not Applicable,Not at  Junction,Straight and flat,Others,Bitumen(Tar),Dry,Not Applicable,Fine,OPP SHANHAG CATERS OUTER RING ROAD,ROAD DIVIDER,15F,12.922866,77.647851
Bengaluru City,HSR Lay Out Traffic PS,1.04432e+16,2020,1,1,Road Accidents,Junction,City/Town,Open area,Human Error,No,Grievous Injury,Hit pedestrian,Signal lights Manual,Straight and flat,Others,Bitumen(Tar),Dry,Not Applicable,Fine,"14TH MAIN JUNCTION, HSR LAYOT",TRAFFIC SINAL LIGHT POLE,25F,12.916199,77.638246
Bengaluru City,HSR Lay Out Traffic PS,1.04432e+16,2020,1,1,Road Accidents,Narrow road,City/Town,Open area,Human Error,Yes,Fatal,Hit pedestrian,Not at  Junction,Straight and flat,Others,Bitumen(Tar),Dry,Not Applicable,Fine,NEAR RUPENA ARAHARA BUS STOP,IRON BARIKADE,3F,12.911978,77.626118
Bengaluru City,HSR Lay Out Traffic PS,1.04432e+16,2020,1,1,Road Accidents,Narrow road,City/Town,Open area,Human Error,No,Grievous Injury,Hit pedestrian,Not at  Junction,Straight and flat,Others,Bitumen(Tar),Dry,Not Applicable,Fine,NEAR BELLANDUR GATE,LIGHT POLE,20F,12.918438,77.670792
Bengaluru City,HSR Lay Out Traffic PS,1.04432e+16,2020,1,2,Road Accidents,Narrow road,City/Town,Open area,Human Error,Yes,Grievous Injury,Vehicle to Vehicle,Not at  Junction,Straight and flat,Others,Bitumen(Tar),Dry,Not Applicable,Fine,"NEAR INDEERA CANTEEN, HSR LAYOUT",LIGHT POLE,35F,12.921064,77.638629