DISTRICTNAME,UNITNAME,Crime_No,Year,RI,Noofvehicle_involved,Accident_Classification,Accident_Spot,Accident_Location,Accident_SubLocation,Main_Cause,Hit_Run,Severity,Collision_Type,Junction_Control,Road_Character,Road_Type,Surface_Type,Surface_Condition,Road_Condition,Weather,Accident_Road,Landmark_first,Distance_LandMark_First,Latitude,Longitude
Bengaluru City,HSR Lay Out Traffic PS,1.04432e+16,2020,1,2,Road Accidents,Narrow road,City/Town,Open area,Human Error,Not Applicable,Simple Injury,Vehicle to Vehicle,Not at  Junction,Straight and flat,Others,Bitumen(Tar),Dry,Not Applicable,Fine,INFRONT OF PARNIL GARDEN APARTMENT,GREEN TREE,20F,12.916389,77.629346
Bengaluru City,HSR Lay Out Traffic PS,1.04432e+16,2020,1,1,Road Accidents,Narrow road,City/Town,Open area,Human Error,Yes,Grievous Injury,Hit bicyclist,Not at  Junction,Straight and flat,Others,Bitumen(Tar),Dry,Not Applicable,Fine,SARJAPUR ROAD,LIGHT POLE,45F,12.906843,77.696976
Bengaluru City,HSR Lay Out Traffic PS,1.04432e+16,2020,1,1,Road Accidents,Narrow road,City/Town,Open area,Human Error,Yes,Fatal,Not Applicable,Not at  Junction,Straight and flat,Others,Bitumen(Tar),Dry,Not Applicable,Fine,"INFRONT OF NANDAS HOTEL, 19TH MAIN, ORR ROAD",GREEN TREE,30F,12.922123,77.644933
Bengaluru City,HSR Lay Out Traffic PS,1.04432e+16,2020,1,3,Road Accidents,Narrow road,City/Town,Open area,Human Error,No,Grievous Injury,Vehicle to Vehicle,Not at  Junction,Straight and flat,Others,Bitumen(Tar),Dry,Not Applicable,Fine,"NEAR BWSSB WATER PURIFIER UNIT, ORR ROAD, HSR LAYOUT",GREEN TREE,25F,12.917599,77.641184
Bengaluru City,HSR Lay Out Traffic PS,1.04432e+16,2020,1,1,Road Accidents,Narrow road,City/Town,Open area,Human Error,No,Damage Only,Not Applicable,Signal lights Automatic,Straight and flat,Others,Bitumen(Tar),Dry,Not Applicable,Fine,5TH MAIN JUNCTION HSR LAYOUT,LIGHT POLE,25F,12.916449,77.632392
Bengaluru City,HSR Lay Out Traffic PS,1.04432e+16,2020,1,1,Road Accidents,Narrow road,City/Town,Open area,Human Error,Yes,Grievous Injury,Hit pedestrian,Not at  Junction,Straight and flat,Others,Bitumen(Tar),Dry,Not Applicable,Fine,NEAR 9TH MAIN BUS STOP,GREEN TREE,55F,12.916305,77.635382
Bengaluru City,HSR Lay Out Traffic PS,1.04432e+16,2020,1,2,Road Accidents,Narrow road,City/Town,Open area,Human Error,Yes,Grievous Injury,Vehicle to Vehicle,Not at  Junction,Straight and flat,Others,Bitumen(Tar),Dry,Not Applicable,Fine,"NEAR AYYANGER BEKARY, HSR  LAYOUT, 3RD SECTOR",LIGHT POLE,30F,12.909263,77.638482
Bengaluru City,HSR Lay Out Traffic PS,1.04432e+16,2020,1,1,Road Accidents,Narrow road,City/Town,Open area,Human Error,Not Applicable,Fatal,Not Applicable,Not at  Junction,Straight and flat,Others,Bitumen(Tar),Dry,Not Applicable,Fine,"NEAR IBLUR MILITARY CAMP, ORR SERVICE ROAD IBLUR",LIGHT POLE,20F,12.922874,77.658087
Bengaluru City,HSR Lay Out Traffic PS,1.04432e+16,2021,1,1,Road Accidents,Narrow road,City/Town,Open area,Human Error,No,Fatal,Not Applicable,Not at  Junction,Straight and flat,Others,Bitumen(Tar),Dry,Not Applicable,Fine,"14TH MAIN BDA FLY OVER DOWN, HSR LAYOUT",LIGHT POLE,40F,12.917105,77.640527
Bengaluru City,HSR Lay Out Traffic PS,1.04432e+16,2021,1,2,Road Accidents,Not Applicable,City/Town,Residential area,Human Error,No,Grievous Injury,Vehicle to Vehicle,Not at  Junction,Straight and flat,Others,Bitumen(Tar),Dry,No influence on accident,Clear,Outer ring road,Near Yamaha show room,50,12.923794,77.654449
Bengaluru City,HSR Lay Out Traffic PS,1.04432e+16,2021,1,1,Road Accidents,Narrow road,City/Town,Open area,Human Error,No,Grievous Injury,Not Applicable,Not at  Junction,Straight and flat,Others,Bitumen(Tar),Dry,Not Applicable,Fine,NEAR SILKBOARD JUNCTIONORR ROAD.,GREEN TREE,45F,12.917513,77.623695
Bengaluru City,HSR Lay Out Traffic PS,1.04432e+16,2021,1,1,Road Accidents,Not Applicable,City/Town,Residential area,Human Error,Yes,Grievous Injury,Hit bicyclist,Not at  Junction,Straight and flat,Others,Bitumen(Tar),Dry,No influence on accident,Clear,"I V Park road, Carmalaram",Near Indira canteen,50 M,12.909668,77.702845
Bengaluru City,HSR Lay Out Traffic PS,1.04432e+16,2021,1,2,Road Accidents,Junction,City/Town,Open area,Human Error,No,Simple Injury,Vehicle to Vehicle,Uncontrolled,Straight and flat,Others,Bitumen(Tar),Dry,No influence on accident,Clear,Sarjapura main road,Hado siddapura cross,10,12.904552,77.702722
Bengaluru City,HSR Lay Out Traffic PS,1.04432e+16,2021,1,2,Road Accidents,Junction,City/Town,In bazaar,Human Error,Yes,Fatal,Vehicle to Vehicle,No signal lights,Others,Others,Bitumen(Tar),Dry,Not Applicable,Clear,27th main road Hsr layout,Near Printo prin Express,20 F,12.918958,77.651657
Bengaluru City,HSR Lay Out Traffic PS,1.04432e+16,2021,1,2,Road Accidents,Narrow road,City/Town,Open area,Human Error,No,Grievous Injury,Vehicle to Vehicle,Not at  Junction,Straight and flat,Others,Bitumen(Tar),Dry,Not Applicable,Fine,"NEAR HDFC  BANK,  WIPRO JUNCTION.",GREEN TREE,12F,12.910009,77.686353
Bengaluru City,HSR Lay Out Traffic PS,1.04432e+16,2021,1,2,Road Accidents,Narrow road,City/Town,Open area,Human Error,Yes,Damage Only,Vehicle to Vehicle,Not at  Junction,Straight and flat,Others,Bitumen(Tar),Dry,Not Applicable,Fine,"5TH MAIN ROAD, HSR LAYOUT",GREEN TREE,55F,12.912995,77.632396
Bengaluru City,HSR Lay Out Traffic PS,1.04432e+16,2021,1,2,Road Accidents,Junction,City/Town,Residential area,Human Error,No,Grievous Injury,Vehicle to Vehicle,Signal lights Automatic,Straight and flat,Others,Bitumen(Tar),Dry,No influence on accident,Clear,14th main Macdonald junction,Macdonald junction,10,12.912287,77.63805
Bengaluru City,HSR Lay Out Traffic PS,1.04432e+16,2021,1,2,Road Accidents,Not Applicable,City/Town,Near Bus stop,Human Error,No,Simple Injury,Vehicle to Vehicle,Not at  Junction,Not Applicable,Others,Bitumen(Tar),Dry,No influence on accident,Clear,Outer ring road,Near Agara bus stop,30,12.924479,77.650708
Bengaluru City,HSR Lay Out Traffic PS,1.04432e+16,2021,1,1,Road Accidents,Not Applicable,City/Town,Near Bus stop,Human Error,No,Grievous Injury,Hit pedestrian,Not at  Junction,Straight and flat,Others,Bitumen(Tar),Dry,No influence on accident,Clear,Sarjapura road,Near Agara bus stop,40 m,12.924284,77.65159
Bengaluru City,HSR Lay Out Traffic PS,1.04432e+16,2021,1,2,Road Accidents,Junction,City/Town,Open area,Human Error,Yes,Grievous Injury,Vehicle to Vehicle,Signal lights Automatic,Others,Others,Bitumen(Tar),Dry,No influence on accident,Clear,Sarjapura road,Auto Mart junction,10F,12.923801,77.639861
Bengaluru City,HSR Lay Out Traffic PS,1.04432e+16,2021,1,1,Road Accidents,Narrow road,City/Town,Open area,Human Error,Yes,Fatal,Hit pedestrian,Not at  Junction,Straight and flat,Others,Bitumen(Tar),Dry,Not Applicable,Fine,INFRONT OF EASSER PETROL BUNK BOMMANAHALLI JUNCTION.,FLY OVER WALL,35F,12.907943,77.628617
Bengaluru City,HSR Lay Out Traffic PS,1.04432e+16,2021,1,2,Road Accidents,Narrow road,City/Town,Open area,Human Error,No,Grievous Injury,Not Applicable,Not at  Junction,Straight and flat,Others,Bitumen(Tar),Dry,Not Applicable,Fine,NEAR KAIKONDRAHALLI  LAKE,LAKE,25 F,12.915636,77.674696
Bengaluru City,HSR Lay Out Traffic PS,1.04432e+16,2021,1,1,Road Accidents,Not Applicable,City/Town,Residential area,Human Error,No,Grievous Injury,Hit pedestrian,Not at  Junction,Straight and flat,Residential Street,Bitumen(Tar),Dry,No influence on accident,Clear,Hsr layout 18th cross 4th sector,Near Door No 273 Heritage villa,50,12.915066,77.644376
Bengaluru City,HSR Lay Out Traffic PS,1.04432e+16,2021,1,1,Road Accidents,Narrow road,City/Town,Open area,Human Error,No,Grievous Injury,Not Applicable,Not at  Junction,Straight and flat,Others,Bitumen(Tar),Dry,Not Applicable,Fine,"OPP NATURAL STONES MARBALS, AUTO NEAR  MART JUNCTION",GREEN TREE,15F,12.923274,77.641202
Bengaluru City,HSR Lay Out Traffic PS,1.04432e+16,2021,1,2,Road Accidents,Narrow road,City/Town,Open area,Human Error,Yes,Fatal,Vehicle to Vehicle,Not at  Junction,Straight and flat,Others,Bitumen(Tar),Dry,Not Applicable,Fine,infront of shobha aprtment orr road.,LIGHT POLE,25f,12.924057,77.652112
Bengaluru City,HSR Lay Out Traffic PS,1.04432e+16,2021,1,1,Road Accidents,Narrow road,City/Town,Near Bus stop,Human Error,No,Grievous Injury,Hit pedestrian,Not at  Junction,Straight and flat,Others,Bitumen(Tar),Dry,Not Applicable,Fine,NEAR AGARA BUS STOP ORR ROAD,FLYOVER PILLAR,20F,12.924319,77.650475
Bengaluru City,HSR Lay Out Traffic PS,1.04432e+16,2021,1,2,Road Accidents,Narrow road,City/Town,Open area,Human Error,No,Simple Injury,Vehicle to Vehicle,Not at  Junction,Straight and flat,Others,Bitumen(Tar),Dry,Not Applicable,Fine,ORR ROAD HSR LAYOUT,LIGHT POLE,50F,12.916388,77.633565
Bengaluru City,HSR Lay Out Traffic PS,1.04432e+16,2021,1,1,Road Accidents,Not Applicable,City/Town,Near School or College,Human Error,No,Grievous Injury,Hit pedestrian,Not at  Junction,Others,Others,Bitumen(Tar),Dry,No influence on accident,Clear,Sarjapura main road,Opp Govt school,50,12.913851,77.677748
Bengaluru City,HSR Lay Out Traffic PS,1.04432e+16,2021,1,2,Road Accidents,Curves,City/Town,Near office complex,Human Error,No,Simple Injury,Vehicle to Vehicle,Not Applicable,Curve,Not Applicable,Bitumen(Tar),Dry,Not Applicable,Not Applicable,IN FORNT OF COFFEEDAY,HSR COFFEEDAY,2,12.912405,77.641325
Bengaluru City,HSR Lay Out Traffic PS,1.04432e+16,2021,1,1,Road Accidents,Not Applicable,City/Town,Near or inside a village,Human Error,No,Grievous Injury,Hit pedestrian,Not at  Junction,Straight and flat,Others,Bitumen(Tar),Dry,No influence on accident,Clear,Kasavanahalli road,Infront of Arebian Resturent,50 F,12.871281,77.660765
Bengaluru City,HSR Lay Out Traffic PS,1.04432e+16,2021,1,2,Road Accidents,Circle,City/Town,Residential area,Human Error,No,Grievous Injury,Vehicle to Vehicle,No signal lights,Others,Others,Bitumen(Tar),Dry,No influence on accident,Clear,Sarjapura main road,Doddakannahalli junction,20,12.90724,77.695572
Bengaluru City,HSR Lay Out Traffic PS,1.04432e+16,2021,1,1,Road Accidents,Junction,City/Town,At pedestrian Crossing,Human Error,No,Grievous Injury,Hit pedestrian,Controlled,Straight and flat,Others,Bitumen(Tar),Dry,No influence on accident,Clear,14th main road Hsr layout,MacDonald Junction,20,12.912303,77.638125
Bengaluru City,HSR Lay Out Traffic PS,1.04432e+16,2021,1,2,Road Accidents,Narrow road,City/Town,Open area,Human Error,No,Grievous Injury,Vehicle to Vehicle,Not Applicable,Others,Others,Bitumen(Tar),Dry,Not Applicable,Fine,OPP RENALT CAR SHOWROOM HOSUR ROAD SERVICE ROAD BOMMANAHALLI,HOSUR SERVICE ROAD,4 KM,12.914362,77.62524
Bengaluru City,HSR Lay Out Traffic PS,1.04432e+16,2021,1,1,Road Accidents,Narrow road,City/Town,Open area,Human Error,No,Grievous Injury,Not Applicable,Signal lights Automatic,Straight and flat,Others,Bitumen(Tar),Dry,Not Applicable,Fine,"14TH MAIN JUNCTION,ORRROAD",FLY OVER PILAR,25 F,12.916008,77.638236
Bengaluru City,HSR Lay Out Traffic PS,1.04432e+16,2021,1,2,Road Accidents,Narrow road,City/Town,Open area,Human Error,No,Grievous Injury,Vehicle to Vehicle,Not at  Junction,Straight and flat,Others,Bitumen(Tar),Dry,Not Applicable,Fine,"INFRONT OF AGARA AYAPPASWAMY TEMPLE, SARJAPURA ROAD,",LIGHT POLE,45F,12.924613,77.648652
Bengaluru City,HSR Lay Out Traffic PS,1.04432e+16,2021,1,2,Road Accidents,Narrow road,City/Town,Open area,Human Error,No,Simple Injury,Vehicle to Vehicle,Not at  Junction,Straight and flat,Others,Bitumen(Tar),Dry,Not Applicable,Fine,OUTER RING ROAD AGARA,LIGHT POLE,40F,12.923738,77.655148
Bengaluru City,HSR Lay Out Traffic PS,1.04432e+16,2021,1,1,Road Accidents,Not Applicable,City/Town,Open area,Human Error,No,Fatal,Not Applicable,Not at  Junction,Straight and flat,Others,Bitumen(Tar),Dry,No influence on accident,Clear,Outer ring road,Near Ibbaluru Military camp,50,12.922179,77.659708
Bengaluru City,HSR Lay Out Traffic PS,1.04432e+16,2021,1,2,Road Accidents,Not Applicable,City/Town,Open area,Human Error,Yes,Simple Injury,Vehicle to Vehicle,Not at  Junction,Straight and flat,Others,Bitumen(Tar),Dry,Not Applicable,Clear,Outer ring road,Near Royel Enfield Show room,50,12.922112,77.660534
Bengaluru City,HSR Lay Out Traffic PS,1.04432e+16,2021,1,2,Road Accidents,Junction,City/Town,Near Petrol Pump,Human Error,Yes,Fatal,Vehicle to Vehicle,Signal lights Blinking,Others,Not Applicable,Bitumen(Tar),Dry,Not Applicable,Fine,"IN FRONT OF HAMAARD PUB NEAR AUTO MALT JUNTION, SARJPURA ROADMAIN ROAD BENGALURU CITY-560102",AUTOMALT JUNTION,2 KM,12.923724,77.640372
Bengaluru City,HSR Lay Out Traffic PS,1.04432e+16,2021,1,1,Road Accidents,Narrow road,City/Town,Open area,Human Error,Not Applicable,Grievous Injury,Hit pedestrian,Not at  Junction,Straight and flat,Others,Bitumen(Tar),Dry,Not Applicable,Fine,NEAR 5TH MAIN UPPER RAMP BUS STOP,BLINKER,40,12.91669,77.634966
Bengaluru City,HSR Lay Out Traffic PS,1.04432e+16,2021,1,1,Road Accidents,Not Applicable,City/Town,Near office complex,Human Error,Yes,Grievous Injury,Hit pedestrian,Not at  Junction,Not Applicable,Residential Street,Bitumen(Tar),Dry,Not Applicable,Fine,OPP UCO BANK 14 TH MAIN HSR LAYOUT,NEAR 14 MAIN JUNTION,3.5 KM,12.909754,77.638037
Bengaluru City,HSR Lay Out Traffic PS,1.04432e+16,2021,1,2,Road Accidents,Not Applicable,City/Town,Open area,Human Error,Yes,Simple Injury,Vehicle to Vehicle,Not at  Junction,Straight and flat,Others,Bitumen(Tar),Dry,No influence on accident,Clear,Outer ring road,Near microsoft,50,12.9222,77.668544
Bengaluru City,HSR Lay Out Traffic PS,1.04432e+16,2021,1,2,Road Accidents,Not Applicable,City/Town,Residential area,Human Error,No,Grievous Injury,Vehicle to Vehicle,Not at  Junction,Straight and flat,Others,Bitumen(Tar),Dry,No influence on accident,Clear,19th main road hsr layout,Near Sai baba temple,50,12.911683,77.644628
Bengaluru City,HSR Lay Out Traffic PS,1.04432e+16,2021,1,2,Road Accidents,Not Applicable,City/Town,Residential area,Human Error,No,Fatal,Vehicle to Vehicle,Not at  Junction,Straight and flat,Others,Bitumen(Tar),Dry,No influence on accident,Clear,Sarjapura Main road,Infront of Southin Hotel,30,12.912442,77.680954
Bengaluru City,HSR Lay Out Traffic PS,1.04432e+16,2021,1,2,Road Accidents,Narrow road,City/Town,Open area,Human Error,No,Fatal,Vehicle to Vehicle,Not at  Junction,Straight and flat,Others,Bitumen(Tar),Dry,Not Applicable,Fine,AGARA DOWN RAMP  ORR ROAD,GREEN TREE,5F,12.92384,77.647046
Bengaluru City,HSR Lay Out Traffic PS,1.04432e+16,2021,1,2,Road Accidents,Narrow road,City/Town,Open area,Human Error,Yes,Fatal,Vehicle to Vehicle,Not at  Junction,Straight and flat,Service Road,Bitumen(Tar),Dry,Not Applicable,Fine,OPP OMAN TOPAZ APTS SERIVCE ROAD ORR ROAD,FLY OVER PILAR,20F,12.924816,77.651916
Bengaluru City,HSR Lay Out Traffic PS,1.04432e+16,2021,1,2,Road Accidents,Not Applicable,City/Town,Residential area,Human Error,No,Fatal,Vehicle to Vehicle,Not at  Junction,Straight and flat,Others,Bitumen(Tar),Dry,No influence on accident,Clear,Hsr layout 27th main road,Infron of Pruthvi towers,50,12.904123,77.650703
Bengaluru City,HSR Lay Out Traffic PS,1.04432e+16,2021,1,1,Road Accidents,Narrow road,City/Town,Open area,Human Error,No,Grievous Injury,Not Applicable,Not at  Junction,Straight and flat,Others,Bitumen(Tar),Dry,Not Applicable,Fine,"NEAR HAPPYALAND MARKET, HARALUR ROAD",GREEN TREE,35F,12.903831,77.662073
Bengaluru City,HSR Lay Out Traffic PS,1.04432e+16,2021,1,2,Road Accidents,Not Applicable,City/Town,Residential area,Human Error,Yes,Fatal,Vehicle to Vehicle,Not at  Junction,Straight and flat,Residential Street,Bitumen(Tar),Dry,No influence on accident,Clear,Sarjapura main road,Infront Divvya sri apartment,50,12.917221,77.672792
Bengaluru City,HSR Lay Out Traffic PS,1.04432e+16,2021,1,2,Road Accidents,Junction,City/Town,Residential area,Human Error,No,Grievous Injury,Vehicle to Vehicle,Police / Manual,Not Applicable,Others,Bitumen(Tar),Dry,No influence on accident,Clear,Sarjapura road Kaikondrahalli,Near Amritha Bekary,30 F,12.913548,77.678758
Bengaluru City,HSR Lay Out Traffic PS,1.04432e+16,2021,1,2,Road Accidents,Narrow road,City/Town,Open area,Human Error,Not Applicable,Fatal,Vehicle to Vehicle,Not at  Junction,Straight and flat,Two way,Bitumen(Tar),Dry,Not Applicable,Fine,near ibbaluru junction orr ibbluru,ibbaluru fly over,15F,12.92099,77.665623
Bengaluru City,HSR Lay Out Traffic PS,1.04432e+16,2021,1,1,Road Accidents,Narrow road,City/Town,Open area,Human Error,No,Fatal,Not Applicable,Not at  Junction,Straight and flat,Others,Bitumen(Tar),Dry,Not Applicable,Fine,OPP GREEN BAR ND RESTURENT AGARA,ROAD DIVIDER,50F,12.923664,77.65422
Bengaluru City,HSR Lay Out Traffic PS,1.04432e+16,2021,1,2,Road Accidents,Narrow road,City/Town,Open area,Human Error,No,Grievous Injury,Vehicle to Vehicle,Not at  Junction,Straight and flat,Others,Bitumen(Tar),Dry,Not Applicable,Fine,OPPOSITE MILITARY CAMP IBBALURU,LIGHT POLE,20F,12.92208,77.659379
Bengaluru City,HSR Lay Out Traffic PS,1.04432e+16,2021,1,2,Road Accidents,Not Applicable,City/Town,Residential area,Human Error,Yes,Grievous Injury,Vehicle to Vehicle,Not at  Junction,Straight and flat,Others,Bitumen(Tar),Dry,No influence on accident,Clear,14th main road Hsr layout,Near Indira canteen,50,12.920871,77.638432
Bengaluru City,HSR Lay Out Traffic PS,1.04432e+16,2021,1,1,Road Accidents,Not Applicable,City/Town,Near Petrol Pump,Human Error,No,Fatal,Hit pedestrian,Not at  Junction,Straight and flat,NH,Bitumen(Tar),Dry,No influence on accident,Clear,Bommanahalli service road Hosuru road,Near vasundhara petrol pump,50 F,12.909006,77.627888
Bengaluru City,HSR Lay Out Traffic PS,1.04432e+16,2021,1,2,Road Accidents,Not Applicable,City/Town,Open area,Human Error,No,Grievous Injury,Vehicle to Vehicle,Police / Manual,Others,One way,Bitumen(Tar),Dry,Not Applicable,Fine,"INFRONT OF APOLO PHARMECY,KAIKONDRA HALLI",APOLO PHARMECY,10 M,12.91299,77.679783
Bengaluru City,HSR Lay Out Traffic PS,1.04432e+16,2021,1,2,Road Accidents,Junction,City/Town,Open area,Human Error,No,Grievous Injury,Vehicle to Vehicle,Signal lights Manual,Straight and flat,Others,Bitumen(Tar),Not Applicable,Not Applicable,Fine,"MAC DONALD, HSR LAYOUT",LIGHT POLE,35F,12.912301,77.638034
Bengaluru City,HSR Lay Out Traffic PS,1.04432e+16,2021,1,2,Road Accidents,Not Applicable,City/Town,Open area,Human Error,No,Grievous Injury,Vehicle to Vehicle,Not at  Junction,Straight and flat,Others,Bitumen(Tar),Dry,No influence on accident,Clear,Outer ring road,Near 5th main junction,50,12.916457,77.632532
Bengaluru City,HSR Lay Out Traffic PS,1.04432e+16,2021,1,2,Road Accidents,Not Applicable,City/Town,Residential area,Human Error,Yes,Grievous Injury,Vehicle to Vehicle,Not at  Junction,Straight and flat,Others,Bitumen(Tar),Dry,No influence on accident,Clear,Outer ring road,Near Central Mal,100 M,12.925274,77.644925
Bengaluru City,HSR Lay Out Traffic PS,1.04432e+16,2021,1,2,Road Accidents,Narrow road,City/Town,Open area,Human Error,No,Grievous Injury,Vehicle to Vehicle,Signal lights Blinking,Straight and flat,Others,Bitumen(Tar),Dry,Not Applicable,Fine,14TH MAIN JUNCTION HSR LAYOUT,PILLARS,40F,12.915926,77.638229
Bengaluru City,HSR Lay Out Traffic PS,1.04432e+16,2021,1,2,Road Accidents,Not Applicable,City/Town,Open area,Human Error,No,Grievous Injury,Vehicle to Vehicle,Not at  Junction,Others,Others,Bitumen(Tar),Dry,Not Applicable,Clear,Outer ring road Agara flay over,Near Greens bar and resturent,50 M,12.923859,77.65328
Bengaluru City,HSR Lay Out Traffic PS,1.04432e+16,2021,1,1,Road Accidents,Narrow road,City/Town,Open area,Human Error,No,Grievous Injury,Not Applicable,No signal lights,Not Applicable,Two way,Bitumen(Tar),Not Applicable,Not Applicable,Wind,INFRONT OF BWSSW PLANT ORR HSRLAYOUT BANGALORE-560102,BWSSW PLANT ORR,2KM,12.917498,77.641163
Bengaluru City,HSR Lay Out Traffic PS,1.04432e+16,2021,1,2,Road Accidents,Narrow road,City/Town,Near office complex,Human Error,Yes,Grievous Injury,Vehicle to Vehicle,Police / Manual,Straight and flat,Two way,Bitumen(Tar),Dry,Not Applicable,Fine,SARJAPUR MAIN ROAD,infront of nallagangamma steel shop,5F,0.0,0.0
Bengaluru City,HSR Lay Out Traffic PS,1.04432e+16,2022,1,1,Road Accidents,Narrow road,City/Town,Open area,Human Error,No,Grievous Injury,Hit pedestrian,No signal lights,Others,Two way,Bitumen(Tar),Dry,Not Applicable,Fine,IN FRONT OF WHATFIX 17 TH CROSS HSR LAYOUT BENGALORE,IN FRONT OF WHATFIX,2KM,12.912271,77.641764
Bengaluru City,HSR Lay Out Traffic PS,1.04432e+16,2022,1,2,Rail Road Accidents,Narrow road,City/Town,Near Petrol Pump,Human Error,Not Applicable,Simple Injury,Vehicle to Vehicle,Police / Manual,Straight and flat,One way,Bitumen(Tar),Dry,Not Applicable,Fine,NEAR SAI DOCUMENTS & DEVALOPER BULDING 19 TH MAIN ROAD,19 TH MAIN ROAD,50 F,12.90705,77.64423
Bengaluru City,HSR Lay Out Traffic PS,1.04432e+16,2022,1,2,Road Accidents,Junction,City/Town,Open area,Not Applicable,No,Grievous Injury,Vehicle to Vehicle,Not at  Junction,Others,Others,Bitumen(Tar),Dry,Not Applicable,Clear,Infront of Chayyos Hotel 27th main Road,infront of chayyos hotel 27th main road hsr layout,2km,12.912484,77.651823
Bengaluru City,HSR Lay Out Traffic PS,1.04432e+16,2022,1,2,Road Accidents,Junction,City/Town,Open area,Not Applicable,No,Grievous Injury,Vehicle to Vehicle,No signal lights,Curve,Others,Bitumen(Tar),Dry,Not Applicable,Clear,in Front Of Presitige Apartment Doddakannahalli,Doddakannahalli Road,5 Km,12.9243838,77.6949457
Bengaluru City,HSR Lay Out Traffic PS,1.04432e+16,2022,1,2,Road Accidents,Junction,City/Town,Open area,Human Error,No,Grievous Injury,Vehicle to Vehicle,Signal lights Automatic,Straight and flat,Others,Bitumen(Tar),Dry,No influence on accident,Clear,Outer ring road,Near 27th main road Junction,50 F,12.924176,77.651895
Bengaluru City,HSR Lay Out Traffic PS,1.04432e+16,2022,1,2,Road Accidents,Junction,City/Town,Open area,Not Applicable,No,Fatal,Vehicle to Vehicle,Controlled,Others,Others,Bitumen(Tar),Dry,Not Applicable,Clear,IBBALURU JUNCTION,Near ibblur janction,0.5 Km,12.920621,77.665094
Bengaluru City,HSR Lay Out Traffic PS,1.04432e+16,2022,1,2,Road Accidents,Curves,City/Town,Residential area,Not Applicable,No,Fatal,Vehicle to Vehicle,Not at  Junction,Curve,Others,Bitumen(Tar),Dry,Not Applicable,Clear,In Front of SJR Verity aprt Kasavanahalli Main Raod,kasavanahalli main Raod,4 km,12.9028927,77.6757602
Bengaluru City,HSR Lay Out Traffic PS,1.04432e+16,2022,1,2,Not Applicable,Narrow road,City/Town,Open area,Not Applicable,No,Damage Only,Vehicle to Vehicle,Uncontrolled,Others,Others,Bitumen(Tar),Dry,Not Applicable,Clear,27Th Mian Road Outer Ring Road,27TH Main Road,1 Km,12.924171,77.65197
Bengaluru City,HSR Lay Out Traffic PS,1.04432e+16,2022,1,6,Road Accidents,Junction,City/Town,Residential area,Human Error,No,Grievous Injury,Vehicle to Vehicle,Controlled,Straight and flat,Others,Bitumen(Tar),Dry,Not Applicable,Clear,in front of Wifro office Sarjapur Main Road,Sarjapur Main Road,4 km,12.911043,77.683852
Bengaluru City,HSR Lay Out Traffic PS,1.04432e+16,2022,1,1,Road Accidents,Narrow road,City/Town,Open area,Not Applicable,No,Grievous Injury,Hit pedestrian,Not at  Junction,Not Applicable,Service Road,Bitumen(Tar),Dry,Not Applicable,Clear,"OPP Kundanahalli Electric Shop, Bommanahalli Service Road",hsr,05 KM,12.907449,77.628881
Bengaluru City,HSR Lay Out Traffic PS,1.04432e+16,2022,1,1,Road Accidents,Narrow road,City/Town,Open area,Not Applicable,Yes,Grievous Injury,Hit pedestrian,Uncontrolled,Others,Others,Bitumen(Tar),Dry,Not Applicable,Clear,Near Salarpuriya Apartment Sarjapur Main Raod,Sarjapur Main Road,4,12.911703,77.682021
Bengaluru City,HSR Lay Out Traffic PS,1.04432e+16,2022,1,1,Road Accidents,Junction,City/Town,Open area,Human Error,No,Grievous Injury,Hit pedestrian,Controlled,Others,Others,Bitumen(Tar),Dry,Not Applicable,Clear,Bellandur junction Outer Ring Road Bellandur,Bellandur Junction,02 Km,12.925869,77.676244
Bengaluru City,HSR Lay Out Traffic PS,1.04432e+16,2022,1,2,Road Accidents,Narrow road,City/Town,In bazaar,Human Error,Not Applicable,Grievous Injury,Vehicle to Vehicle,Police / Manual,Straight and flat,Two way,Bitumen(Tar),Dry,Engineering Defect of Road,Fine,HARALURU ROAD,LAKEDEW RESIDENCY LAYOUT,3.5 KM,12.89985,77.667813
Bengaluru City,HSR Lay Out Traffic PS,1.04432e+16,2022,1,1,Road Accidents,Narrow road,City/Town,Open area,Human Error,Yes,Grievous Injury,Hit pedestrian,Not at  Junction,Straight and flat,Others,Bitumen(Tar),Dry,Not Applicable,Fine,"SARJAPUR ROAD, CARMELARAM",GREEN TREE,20F,12.906416,77.69832
Bengaluru City,HSR Lay Out Traffic PS,1.04432e+16,2022,1,1,Road Accidents,Not Applicable,City/Town,Residential area,Human Error,No,Fatal,Not Applicable,Not Applicable,Others,Others,Concrete,Dry,Not Applicable,Others,"2nd Cross, Kodandarama nagara",1,4 Km,0.0,0.0
Bengaluru City,HSR Lay Out Traffic PS,1.04432e+16,2022,1,2,Road Accidents,Narrow road,City/Town,Open area,Human Error,No,Grievous Injury,Vehicle to Vehicle,Not at  Junction,Curve,Others,Bitumen(Tar),Dry,Not Applicable,Clear,"Infront of Pavitra Juvellars, Kasavanahalli Main Road",kasavanahalli main Raod,5 Km,12.909088,77.676388