DISTRICTNAME,UNITNAME,Crime_No,Year,RI,Noofvehicle_involved,Accident_Classification,Accident_Spot,Accident_Location,Accident_SubLocation,Main_Cause,Hit_Run,Severity,Collision_Type,Junction_Control,Road_Character,Road_Type,Surface_Type,Surface_Condition,Road_Condition,Weather,Accident_Road,Landmark_first,Distance_LandMark_First,Latitude,Longitude
Bengaluru City,HSR Lay Out Traffic PS,1.04432e+16,2022,1,2,Road Accidents,Narrow road,City/Town,Residential area,Human Error,Not Applicable,Simple Injury,Vehicle to Vehicle,Not at  Junction,Straight and flat,Two way,Bitumen(Tar),Dry,Not Applicable,Fine,INFRONT OF CONFIDENT PHOENIX APARTMENT KASAVANAHALLI ROAD,PHOENIX APARMENT KASAVANAHALLI,50 F,12.901176,77.675588
Bengaluru City,HSR Lay Out Traffic PS,1.04432e+16,2022,1,2,Road Accidents,Narrow road,City/Town,Open area,Not Applicable,No,Grievous Injury,Vehicle to Vehicle,Uncontrolled,Straight and flat,Others,Not Applicable,Dry,Not Applicable,Clear,NEAR AGARA UPPER RAMP ORR HSR LAYOUT,Agara upper ramp,1,12.9236871,77.6544205
Bengaluru City,HSR Lay Out Traffic PS,1.04432e+16,2022,1,1,Road Accidents,Narrow road,City/Town,Open area,Not Applicable,No,Grievous Injury,Not Applicable,Not at  Junction,Straight and flat,Others,Bitumen(Tar),Dry,Not Applicable,Clear,14Th Main Fly Ower Outer Ring Road HSR Layout,Outer Ring Road,2,12.9160684,77.6384312
Bengaluru City,HSR Lay Out Traffic PS,1.04432e+16,2022,1,3,Road Accidents,Narrow road,City/Town,Near office complex,Vehicle Defect,Not Applicable,Grievous Injury,Vehicle to Vehicle,Police / Manual,Straight and flat,Two way,Bitumen(Tar),Dry,Construction Work / Material,Fine,INFRONT OF ZOLO COMPANY 22ND CROSS ROAD,ZOLO COMPANY,500 M,12.90925,77.640959
Bengaluru City,HSR Lay Out Traffic PS,1.04432e+16,2022,1,2,Road Accidents,Narrow road,City/Town,Open area,Not Applicable,No,Damage Only,Vehicle to Vehicle,Controlled,Others,Others,Bitumen(Tar),Dry,Not Applicable,Clear,OUTER RING ROAD BELLANDUR,Infornt of bellandur bus stop,1km,12.9249567,77.6742904
Bengaluru City,HSR Lay Out Traffic PS,1.04432e+16,2022,1,1,Road Accidents,Narrow road,City/Town,Near office complex,Human Error,No,Fatal,Not Applicable,Not Applicable,Others,Others,Bitumen(Tar),Dry,No influence on accident,Others,Outer ring road HSR layouy,Opp Kiran Tower,2.5 KM,12.9167354,77.6289191
Bengaluru City,HSR Lay Out Traffic PS,1.04432e+16,2022,1,2,Road Accidents,Junction,City/Town,Open area,Not Applicable,No,Grievous Injury,Vehicle to Vehicle,Stop sign,Others,Others,Bitumen(Tar),Dry,Not Applicable,Clear,In Front Of SLV Bekery Ibbalur Jn,Ibbalur Junction,0.5,12.92086,77.665206
Bengaluru City,HSR Lay Out Traffic PS,1.04432e+16,2022,1,1,Road Accidents,Narrow road,City/Town,Open area,Not Applicable,No,Simple Injury,Hit pedestrian,Not at  Junction,Straight and flat,Service Road,Bitumen(Tar),Ditch or Potholed,Not Applicable,Clear,In Front Of Essar Petrol Bunk Bommanahalli Service Road,Bommanahalli Serivice Road,4,12.9079742,77.6286113
Bengaluru City,HSR Lay Out Traffic PS,1.04432e+16,2022,1,2,Road Accidents,Narrow road,City/Town,Near Bus stop,Human Error,Not Applicable,Grievous Injury,Vehicle to Vehicle,Police / Manual,Straight and flat,Two way,Bitumen(Tar),Dry,Not Applicable,Fine,BELLANDURU BUS STOP,BELLANDURU BUS STOP,50 F,12.922874,77.670046
Bengaluru City,HSR Lay Out Traffic PS,1.04432e+16,2022,1,1,Road Accidents,Narrow road,City/Town,At pedestrian Crossing,Human Error,No,Grievous Injury,Hit pedestrian,Police / Manual,Straight and flat,Two way,Bitumen(Tar),Dry,Not Applicable,Fine,SARJAPURA  SERVICE ROAD,NEAR STAR BAZAR SARJAPURA ROAD,10 F,12.91122,77.683042
Bengaluru City,HSR Lay Out Traffic PS,1.04432e+16,2022,1,2,Road Accidents,Road hump or Rumble strips,City/Town,Residential area,Human Error,No,Simple Injury,Vehicle to Vehicle,Not at  Junction,Hump,Others,Bitumen(Tar),Dry,No influence on accident,Others,Sarjapura Main Road,Near Royal Marbals & Granaits,20,12.906447,77.698039
Bengaluru City,HSR Lay Out Traffic PS,1.04432e+16,2022,1,2,Road Accidents,Narrow road,City/Town,Open area,Not Applicable,Yes,Fatal,Vehicle to Vehicle,Uncontrolled,Hump,Others,Bitumen(Tar),Dry,Not Applicable,Clear,Outer Ring Road Infront of MAH Bike Point 7th Cross Road,Outer Ring Road Infront of MAH Bike Point 7th Cross Road,2 KM,12.91962,77.643335
Bengaluru City,HSR Lay Out Traffic PS,1.04432e+16,2022,1,2,Road Accidents,Narrow road,City/Town,Near Bus stop,Not Applicable,No,Grievous Injury,Vehicle to Vehicle,Not Applicable,Others,Others,Bitumen(Tar),Dry,Not Applicable,Clear,Sarjapur Road,Kerthi krishna Apartment,4 KM,12.910763,77.684388
Bengaluru City,HSR Lay Out Traffic PS,1.04432e+16,2022,1,1,Road Accidents,Narrow road,City/Town,Residential area,Not Applicable,No,Grievous Injury,Hit pedestrian,Not at  Junction,Others,Service Road,Bitumen(Tar),Dry,Not Applicable,Clear,In Fornt Of HSBC Gate Ecospace Service Road Bellandur,In Fornt Of HSBC Gate Ecospace Service Road,2km,12.92743,77.679964
Bengaluru City,HSR Lay Out Traffic PS,1.04432e+16,2022,1,2,Road Accidents,Cross roads,City/Town,Near School or College,Human Error,No,Grievous Injury,Vehicle to Vehicle,Not at  Junction,Straight and flat,Others,Bitumen(Tar),Dry,Not Applicable,Clear,Infront of gnanasrusti Exlence School  17th Cross Road HSR,1,4 km,12.54436,77.38446
Bengaluru City,HSR Lay Out Traffic PS,1.04432e+16,2022,1,1,Road Accidents,Bottleneck,City/Town,Residential area,Human Error,No,Fatal,Not Applicable,Uncontrolled,Straight and flat,Others,Bitumen(Tar),Dry,Not Applicable,Clear,HSR 5th main Road,hsr 5th main Road,5 Km,12.9108311,77.6324579
Bengaluru City,HSR Lay Out Traffic PS,1.04432e+16,2022,1,1,Road Accidents,Narrow road,City/Town,Near Bus stop,Human Error,No,Fatal,Vehicle to Vehicle,Uncontrolled,Straight and flat,Others,Bitumen(Tar),Dry,Not Applicable,Clear,IBBALUR BRIDGE OUTER RING ROAD IBBALUR,Outer Ring Road,0.5,12.921014,77.663262
Bengaluru City,HSR Lay Out Traffic PS,1.04432e+16,2022,1,2,Road Accidents,Narrow road,City/Town,Open area,Human Error,No,Grievous Injury,Vehicle to Vehicle,Signal lights Automatic,Others,One way,Bitumen(Tar),Dry,Not Applicable,Fine,"near bhive workspace, outer ring road,hsr layout bangalore city karnataka",NEAR 14 MAIN JUNTION,3 km,12.917585,77.62501
Bengaluru City,HSR Lay Out Traffic PS,1.04432e+16,2022,1,2,Road Accidents,Narrow road,City/Town,Near office complex,Human Error,No,Grievous Injury,Vehicle to Vehicle,No signal lights,Straight and flat,Others,Bitumen(Tar),Dry,Not Applicable,Clear,Outer ring road,Opp HDFC Bank ORR,1.5,12.923515,77.646747
Bengaluru City,HSR Lay Out Traffic PS,1.04432e+16,2022,1,1,Road Accidents,Narrow road,City/Town,Open area,Not Applicable,No,Grievous Injury,Hit pedestrian,Uncontrolled,Others,Others,Bitumen(Tar),Dry,Not Applicable,Clear,Infront of Bihaive Work Space Outer ring road hsr lyt,Infront of Bihaive Work Space Outer ring road hsr lyt,3km,12.9175566,77.6249732
Bengaluru City,HSR Lay Out Traffic PS,1.04432e+16,2022,1,1,Other Railway Accidents,Junction,City/Town,Residential area,Human Error,No,Fatal,Hit pedestrian,Not Applicable,Curve,Others,Bitumen(Tar),Dry,No influence on accident,Fine,Sarjapur Road,Fornt of Andnd Sweets,2km,12.916718,77.673429
Bengaluru City,HSR Lay Out Traffic PS,1.04432e+16,2022,1,1,Road Accidents,Narrow road,City/Town,Open area,Not Applicable,No,Grievous Injury,Hit pedestrian,Uncontrolled,Straight and flat,Others,Bitumen(Tar),Dry,Not Applicable,Clear,Near Veman Circle 27th main Road HSR Layout,27TH Main Road,5,12.904479,77.650861
Bengaluru City,HSR Lay Out Traffic PS,1.04432e+16,2022,1,2,Road Accidents,Cross roads,City/Town,Open area,Not Applicable,No,Grievous Injury,Vehicle to Vehicle,Uncontrolled,Others,Others,Bitumen(Tar),Dry,Not Applicable,Clear,"Near HP Pentrol Pump, Harluru Main Road",Harluru Mian,2km,12.916464,77.669819
Bengaluru City,HSR Lay Out Traffic PS,1.04432e+16,2022,1,1,Road Accidents,Narrow road,City/Town,Near School or College,Human Error,No,Grievous Injury,Not Applicable,Uncontrolled,Straight and flat,Others,Bitumen(Tar),Dry,No influence on accident,Clear,Infront Of Ibbalur Bus Stop O RR,Ibbalur village,0.5Km,12.921137,77.663441
Bengaluru City,HSR Lay Out Traffic PS,1.04432e+16,2022,1,2,Road Accidents,Narrow road,City/Town,Residential area,Human Error,Yes,Fatal,Vehicle to Vehicle,Police / Manual,Straight and flat,One way,Bitumen(Tar),Dry,Not Applicable,Fine,outer ring road 14 th main,near bwssb water flant,1.5 k,12.916481,77.639885
Bengaluru City,HSR Lay Out Traffic PS,1.04432e+16,2022,1,2,Road Accidents,Narrow road,City/Town,Near office complex,Human Error,Not Applicable,Grievous Injury,Vehicle to Vehicle,Police / Manual,Straight and flat,Two way,Bitumen(Tar),Dry,Construction Work / Material,Fine,24TH MAIN  HSR LAYOUT,OPP THIRUMALA THETAR HSR LAYOUT,100 M,12.919926,77.649249
Bengaluru City,HSR Lay Out Traffic PS,1.04432e+16,2022,1,2,Road Accidents,Narrow road,City/Town,Open area,Not Applicable,No,Grievous Injury,Vehicle to Vehicle,No signal lights,Hump,Others,Not Applicable,Dry,Not Applicable,Clear,Outer ring road HSR layouy,Agara upper ramp,1,12.924044,77.653846
Bengaluru City,HSR Lay Out Traffic PS,1.04432e+16,2022,1,2,Road Accidents,Narrow road,City/Town,Open area,Not Applicable,No,Fatal,Vehicle to Vehicle,Not at  Junction,Curve,Others,Bitumen(Tar),Dry,Not Applicable,Clear,"In Front of Prkariya School Gate, Halanayakanahall main Raod",Halanayakanahalli Main Road,5Km,12.885931,77.696631
Bengaluru City,HSR Lay Out Traffic PS,1.04432e+16,2022,1,2,Road Accidents,Narrow road,City/Town,Open area,Not Applicable,No,Grievous Injury,Vehicle to Vehicle,Not at  Junction,Hump,Others,Bitumen(Tar),Dry,Not Applicable,Clear,Near VV R School Sarjapur Main Raod,Near VV R School Sarjapur Main Raod,4,12.5428,77.41326
Bengaluru City,HSR Lay Out Traffic PS,1.04432e+16,2022,1,3,Road Accidents,Narrow road,City/Town,Open area,Not Applicable,Yes,Grievous Injury,Vehicle to Vehicle,No signal lights,Others,Others,Bitumen(Tar),Dry,Not Applicable,Clear,Nea Shanimahatma Temple Sarjapur Maim Road,Sarjapur Main Road,5 Km,12.906467,77.697786
Bengaluru City,HSR Lay Out Traffic PS,1.04432e+16,2022,1,1,Road Accidents,Narrow road,City/Town,Residential area,Human Error,Yes,Grievous Injury,Hit pedestrian,Not at  Junction,Straight and flat,Service Road,Bitumen(Tar),Ditch or Potholed,Not Applicable,Clear,"infront of kundan electric shop, bommanahalli service road",Bommanahalli Serivice Road,5 Km,12.907442,77.628887
Bengaluru City,HSR Lay Out Traffic PS,1.04432e+16,2022,1,1,Road Accidents,Curves,City/Town,Open area,Not Applicable,Yes,Fatal,Hit pedestrian,Uncontrolled,Curve,Others,Surfaced,Dry,Not Applicable,Clear,SIn front of No 81  sweth recidendcy Sernity Layout Kaikondrahalli sarjapur Main Road,Seranity Layout Kaikondra halli,1.5 k,12.916388,77.674534
Bengaluru City,HSR Lay Out Traffic PS,1.04432e+16,2022,1,2,Road Accidents,Road hump or Rumble strips,City/Town,Open area,Not Applicable,No,Grievous Injury,Vehicle to Vehicle,Not Applicable,Hump,Others,Surfaced,Dry,Not Applicable,Clear,"17 TH CROSS,HSR LAYOUT",infront of house number 1816,2km,12.9159,77.647599
Bengaluru City,HSR Lay Out Traffic PS,1.04432e+16,2022,1,2,Not Applicable,Narrow road,City/Town,Near office complex,Human Error,No,Damage Only,Vehicle to Vehicle,Not Applicable,Others,Others,Concrete,Dry,No influence on accident,Clear,Straigth road,off Food Court,5,12.920432,77.685602
Bengaluru City,HSR Lay Out Traffic PS,1.04432e+16,2022,1,1,Road Accidents,Narrow road,City/Town,Near School or College,Human Error,No,Grievous Injury,Not Applicable,Not Applicable,Others,Two way,Bitumen(Tar),Dry,Not Applicable,Fine,"INFRONT OF ADARSHA MEDICAL,ANJANADRI SCHOOL ROAD DODDAKANAHALLI",DODDAKANNALLI SARJAPURA MAIN ROAD,5 KM,12.91029,77.700155
Bengaluru City,HSR Lay Out Traffic PS,1.04432e+16,2022,1,1,Road Accidents,Narrow road,City/Town,Residential area,Human Error,No,Grievous Injury,Hit pedestrian,No signal lights,Others,Two way,Bitumen(Tar),Dry,Not Applicable,Fine,"INFORNT OF RAMARED BULDING,2 ND B CROSS DODDAKANNAHALLI",RAMAREDDY,5 KM,12.914103,77.700299
Bengaluru City,HSR Lay Out Traffic PS,1.04432e+16,2022,1,1,Road Accidents,Not Applicable,City/Town,Residential area,Human Error,No,Grievous Injury,Hit pedestrian,Not at  Junction,Straight and flat,Others,Bitumen(Tar),Dry,No influence on accident,Clear,Haraluru Road,Near Sairam Condiments,50 F,12.903085,77.66142
Bengaluru City,HSR Lay Out Traffic PS,1.04432e+16,2022,1,1,Road Accidents,Bottleneck,City/Town,Open area,Not Applicable,No,Grievous Injury,Hit pedestrian,Not at  Junction,Others,Others,Surfaced,Dry,Not Applicable,Clear,Outer ring road HSR layouy,in front of barlin Ohk shop,1,12.923929,77.647517
Bengaluru City,HSR Lay Out Traffic PS,1.04432e+16,2022,1,2,Road Accidents,Junction,City/Town,Near Petrol Pump,Not Applicable,No,Grievous Injury,Vehicle to Vehicle,Give way sign,Curve,Others,Surfaced,Dry,Not Applicable,Clear,agara junction,1,1,12.924568,77.649797
Bengaluru City,HSR Lay Out Traffic PS,1.04432e+16,2022,1,1,Road Accidents,Narrow road,City/Town,Residential area,Human Error,No,Fatal,Vehicle to Vehicle,Police / Manual,Straight and flat,Two way,Bitumen(Tar),Dry,Construction Work / Material,Fine,13 TH MAIN ROAD 7TH SECTOR HSR LAYOUT,13 TH MAIN ROAD HSR LAYOUT,100 M,12.908876,77.637513
Bengaluru City,HSR Lay Out Traffic PS,1.04432e+16,2022,1,1,Road Accidents,Narrow road,City/Town,Open area,Not Applicable,No,Fatal,Not Applicable,Not at  Junction,Others,Not Applicable,Bitumen(Tar),Dry,Not Applicable,Clear,"17 TH CROSS,HSR LAYOUT",17th cross road hsr layout,2km,12.912028,77.645571
Bengaluru City,HSR Lay Out Traffic PS,1.04432e+16,2022,1,1,Road Accidents,Narrow road,City/Town,Open area,Not Applicable,No,Grievous Injury,Not Applicable,Stop Sign,Others,Others,Bitumen(Tar),Dry,Not Applicable,Clear,Nea Shanimahatma Temple Sarjapur Maim Road,Sarjapur Main Road,6 Km,12.906496,77.697943
Bengaluru City,HSR Lay Out Traffic PS,1.04432e+16,2022,1,2,Road Accidents,Narrow road,City/Town,Near office complex,Human Error,No,Grievous Injury,Vehicle to Vehicle,Police / Manual,Straight and flat,One way,Bitumen(Tar),Dry,Not Applicable,Fine,INFRONT OF CHAI POINT BELLANDURU,ORR ROAD BELLANDURU,50 m,12.922291,77.668499
Bengaluru City,HSR Lay Out Traffic PS,1.04432e+16,2022,1,2,Road Accidents,Narrow road,City/Town,Near Bus stop,Human Error,Yes,Grievous Injury,Vehicle to Vehicle,Police / Manual,Straight and flat,Two way,Bitumen(Tar),Dry,Engineering Defect of Road,Fine,OPP WIPRO COMPENY KAIKONDRAHALLI SARJAPURA ROAD,OPP WIPRO OFFICE,10 F,12.911049,77.683617
Bengaluru City,HSR Lay Out Traffic PS,1.04432e+16,2022,1,3,Road Accidents,Narrow road,City/Town,Open area,Human Error,No,Simple Injury,Vehicle to Vehicle,Not at  Junction,Straight and flat,Others,Bitumen(Tar),Dry,Not Applicable,Fine,"AGARA FLY OVER,NEAR KIDZ PLAY ZONE SCHOOL",GREEN TREE,35,12.924401,77.648874
Bengaluru City,HSR Lay Out Traffic PS,1.04432e+16,2022,1,2,Road Accidents,Narrow road,City/Town,Open area,Human Error,No,Grievous Injury,Vehicle to Vehicle,Controlled,Others,Others,Bitumen(Tar),Dry,Not Applicable,Clear,Cormelaram Circle Sarjapura Main Road,Infront Of Cormelarom Circle Sarjapur Main Road,5km,12.903481,77.703955
Bengaluru City,HSR Lay Out Traffic PS,1.04432e+16,2022,1,1,Road Accidents,Narrow road,City/Town,Open area,Not Applicable,No,Grievous Injury,Hit pedestrian,No signal lights,Incline,One way,Bitumen(Tar),Dry,Not Applicable,Clear,sjr plaza Apartment Sarjapur Main Road,sarjapur Main Road,5,12.906194,77.699047
Bengaluru City,HSR Lay Out Traffic PS,1.04432e+16,2022,1,1,Road Accidents,Narrow road,City/Town,Residential area,Human Error,No,Fatal,Vehicle to Vehicle,Uncontrolled,Straight and flat,Others,Bitumen(Tar),Dry,Not Applicable,Clear,INFRONT OF ALAKRUTH PLAZZA 24TH MAIN ROAD,24TH MAIN ROAD HSR,6,12.9051114,77.6489569
Bengaluru City,HSR Lay Out Traffic PS,1.04432e+16,2023,1,1,Road Accidents,Narrow road,City/Town,Residential area,Human Error,No,Fatal,Hit pedestrian,Uncontrolled,Straight and flat,Others,Bitumen(Tar),Dry,Not Applicable,Clear,24th Main Road HSR Layout,24th Main,5 Km,12.909302,77.649284
Bengaluru City,HSR Lay Out Traffic PS,1.04432e+16,2023,1,2,Road Accidents,Narrow road,City/Town,Residential area,Human Error,No,Grievous Injury,Vehicle to Vehicle,Uncontrolled,Straight and flat,Two way,Bitumen(Tar),Dry,Not Applicable,Clear,24th Mian Road HSR Layout,24th Main,02 km,12.914263,77.648994
Bengaluru City,HSR Lay Out Traffic PS,1.04432e+16,2023,1,2,Road Accidents,Cross roads,City/Town,Residential area,Human Error,Yes,Grievous Injury,Vehicle to Vehicle,Uncontrolled,Straight and flat,Two way,Bitumen(Tar),Dry,Not Applicable,Clear,27th MainRoad HSR Layout,hsr layout,3km,12.907644,77.651637
Bengaluru City,HSR Lay Out Traffic PS,1.04432e+16,2023,1,2,Road Accidents,Narrow road,City/Town,Open area,Human Error,No,Damage Only,Vehicle to Vehicle,Controlled,Straight and flat,Others,Bitumen(Tar),Dry,Not Applicable,Clear,SARJAPU MAIN ROAD,DODDAKANNAHALLI,6,12.906905,77.696118
Bengaluru City,HSR Lay Out Traffic PS,1.04432e+16,2023,1,2,Road Accidents,Narrow road,City/Town,Residential area,Human Error,Yes,Fatal,Vehicle to Vehicle,Uncontrolled,Straight and flat,Two way,Bitumen(Tar),Dry,Not Applicable,Clear,"19th main Road, hsr laylut",19th main in front of karnatak mobile servise,3 km,12.906545,77.644443
Bengaluru City,HSR Lay Out Traffic PS,1.04432e+16,2023,1,1,Road Accidents,Narrow road,City/Town,Open area,Human Error,Yes,Grievous Injury,Hit pedestrian,Uncontrolled,Straight and flat,Others,Bitumen(Tar),Dry,Not Applicable,Clear,"SARJAPUR MAIN ROAD, HSR LAYOUT",NURSERY,3KM,12.924493,77.645687
Bengaluru City,HSR Lay Out Traffic PS,1.04432e+16,2023,1,1,Road Accidents,Road hump or Rumble strips,City/Town,Near Hospital,Human Error,No,Fatal,Not Applicable,Not at  Junction,Straight and flat,Others,Bitumen(Tar),Dry,Not Applicable,Clear,14th Main Road HSR Layout,Street Light,1 km,12.918924,77.638452
Bengaluru City,HSR Lay Out Traffic PS,1.04432e+16,2023,1,2,Road Accidents,Narrow road,City/Town,Open area,Human Error,No,Grievous Injury,Vehicle to Vehicle,Not at  Junction,Straight and flat,State Highway,Bitumen(Tar),Dry,Not Applicable,Clear,14th Main Road Brige Outer Ring Ring,Outer Ring Road,1,12.916204,77.63673
Bengaluru City,HSR Lay Out Traffic PS,1.04432e+16,2023,1,1,Road Accidents,Narrow road,City/Town,Open area,Not Applicable,Not Applicable,Grievous Injury,Not Applicable,Uncontrolled,Straight and flat,Others,Bitumen(Tar),Dry,Not Applicable,Clear,BWSSB 14TH MAIN FLYOVER DIVIDER HSRLAYOUT,BWSSM WANTER TANK,40,12.917618,77.640883
Bengaluru City,HSR Lay Out Traffic PS,1.04432e+16,2023,1,1,Road Accidents,Cross roads,City/Town,Open area,Human Error,No,Grievous Injury,Hit pedestrian,Not at  Junction,Curve,Others,Bitumen(Tar),Dry,Not Applicable,Clear,Infront of panjab National Bank Green Glen layout,Green Glen Layout,3,12.9255,77.669899
Bengaluru City,HSR Lay Out Traffic PS,1.04432e+16,2023,1,1,Road Accidents,Curves,City/Town,Residential area,Human Error,No,Grievous Injury,Hit pedestrian,Uncontrolled,Curve,Others,Bitumen(Tar),Dry,Not Applicable,Clear,In Front of Rockview Bar Hsr Lyt 27th Main Road,1,6 km,12.901798,77.650613
Bengaluru City,HSR Lay Out Traffic PS,1.04432e+16,2023,1,2,Road Accidents,Narrow road,City/Town,Open area,Human Error,No,Grievous Injury,Vehicle to Vehicle,Uncontrolled,Straight and flat,One way,Bitumen(Tar),Dry,Not Applicable,Clear,Sarjapur Main Road Near Agar Lake,Agar lake Rod,1.5 Km,12.924431,77.645395
Bengaluru City,HSR Lay Out Traffic PS,1.04432e+16,2023,1,1,Road Accidents,Narrow road,City/Town,Open area,Human Error,Yes,Grievous Injury,Not Applicable,Uncontrolled,Straight and flat,Service Road,Bitumen(Tar),Dry,Not Applicable,Clear,"Bommanahalli Service Road, HSR Layout",bommanhalli Service Road,2 km,12.915412,77.624037
Bengaluru City,HSR Lay Out Traffic PS,1.04432e+16,2023,1,2,Road Accidents,Narrow road,City/Town,Open area,Human Error,No,Fatal,Vehicle to Vehicle,Uncontrolled,Others,Service Road,Bitumen(Tar),Dry,Not Applicable,Clear,outer ring road serives road,service road,2 km,12.920355,77.643655
Bengaluru City,HSR Lay Out Traffic PS,1.04432e+16,2023,1,2,Road Accidents,Narrow road,City/Town,Open area,Human Error,No,Fatal,Vehicle to Vehicle,Not at  Junction,Straight and flat,Service Road,Bitumen(Tar),Dry,Not Applicable,Clear,Outer Ring Road Service Road,Service Road,0.5km,12.917634,77.641401
Bengaluru City,HSR Lay Out Traffic PS,1.04432e+16,2023,1,1,Road Accidents,Narrow road,City/Town,Residential area,Human Error,No,Fatal,Hit pedestrian,Uncontrolled,Straight and flat,Others,Bitumen(Tar),Dry,Not Applicable,Clear,OUTER RITG ROAD,1,2 KM,12.923139,77.64621
Bengaluru City,HSR Lay Out Traffic PS,1.04432e+16,2023,1,2,Road Accidents,Cross roads,City/Town,Residential area,Human Error,No,Grievous Injury,Vehicle to Vehicle,Not Applicable,Straight and flat,Sub Arterial,Bitumen(Tar),Dry,Not Applicable,Clear,IN FRONT OF RASTRACKUR HOTEL 19TH MAIN ROAD,19TH MAIN ROAD,1 kM,12.913664,77.644677
Bengaluru City,HSR Lay Out Traffic PS,1.04432e+16,2023,1,2,Road Accidents,Narrow road,City/Town,Residential area,Human Error,No,Grievous Injury,Vehicle to Vehicle,Uncontrolled,Straight and flat,Others,Bitumen(Tar),Dry,Not Applicable,Clear,18th main road hsr layut,18th main,3 km,12.910768,77.644357
Bengaluru City,HSR Lay Out Traffic PS,1.04432e+16,2023,1,2,Road Accidents,Narrow road,City/Town,Residential area,Human Error,No,Grievous Injury,Vehicle to Vehicle,Uncontrolled,Others,Others,Bitumen(Tar),Dry,Not Applicable,Clear,In Front of Mango Hayipar Market Ger School Road Doddakannahalli,Gear School Doddakannahalli,8 KM,12.920072,77.696462
Bengaluru City,HSR Lay Out Traffic PS,1.04432e+16,2023,1,2,Not Applicable,Narrow road,City/Town,Residential area,Not Applicable,No,Damage Only,Vehicle to Vehicle,Uncontrolled,Straight and flat,Others,Bitumen(Tar),Dry,Not Applicable,Clear,"Beside of West side shop, sarjapur main",Sarjapur Main Road,6 km,12.909319,77.688266
Bengaluru City,HSR Lay Out Traffic PS,1.04432e+16,2023,1,2,Road Accidents,Narrow road,City/Town,Residential area,Human Error,No,Grievous Injury,Vehicle to Vehicle,Uncontrolled,Straight and flat,Others,Bitumen(Tar),Dry,Not Applicable,Clear,17th Cross Road HSR Layout,17th Cross,0.5 Km,12.912277,77.639931
Bengaluru City,HSR Lay Out Traffic PS,1.04432e+16,2023,1,2,Road Accidents,Narrow road,City/Town,Residential area,Human Error,No,Grievous Injury,Vehicle to Vehicle,Uncontrolled,Straight and flat,Others,Bitumen(Tar),Ditch or Potholed,Not Applicable,Clear,30,Junnasadra Main Road,5 Km,12.909833,77.64072
Bengaluru City,HSR Lay Out Traffic PS,1.04432e+16,2023,1,1,Road Accidents,Narrow road,City/Town,Open area,Human Error,No,Fatal,Not Applicable,Not at  Junction,Straight and flat,Others,Bitumen(Tar),Dry,Not Applicable,Cloudy,Outer Ring Road HSR Layout Near 5th Main Juction,Outer Ring road,1 km,12.916316,77.63397
Bengaluru City,HSR Lay Out Traffic PS,1.04432e+16,2023,1,1,Road Accidents,Narrow road,City/Town,Open area,Vehicle Defect,No,Grievous Injury,Not Applicable,Uncontrolled,Not Applicable,Service Road,Bitumen(Tar),Dry,Not Applicable,Clear,BOMMANAHALLI SERVICE ROAD,BOMMANAHALLI SERVICE ROAD,3KM,12.914012,77.624839
Bengaluru City,HSR Lay Out Traffic PS,1.04432e+16,2023,1,2,Road Accidents,Cross roads,City/Town,Residential area,Human Error,No,Simple Injury,Vehicle to Vehicle,Not at  Junction,Curve,Others,Bitumen(Tar),Dry,Not Applicable,Clear,19th Main Service Road hsr layout,19TH MAIN ROAD,2km,12.907765,77.644265
Bengaluru City,HSR Lay Out Traffic PS,1.04432e+16,2023,1,2,Not Applicable,Circle,City/Town,Near Petrol Pump,Not Applicable,No,Damage Only,Not Applicable,Not Applicable,Others,Service Road,Bitumen(Tar),Dry,Not Applicable,Clear,BELLANDURU SERVICE ROAD,SHELL PETROL BUNK,1 KMS,12.903284,77.648674
Bengaluru City,HSR Lay Out Traffic PS,1.04432e+16,2023,1,1,Road Accidents,Narrow road,City/Town,Open area,Not Applicable,No,Grievous Injury,Hit pedestrian,Uncontrolled,Curve,Residential Street,Bitumen(Tar),Dry,Not Applicable,Clear,IN FRONT OF KLASSIC MOTORS 27TH CROSS HSR,1,4 KM,12.905048,77.643248
Bengaluru City,HSR Lay Out Traffic PS,1.04432e+16,2023,1,2,Road Accidents,Narrow road,City/Town,Residential area,Human Error,No,Grievous Injury,Vehicle to Vehicle,Not at  Junction,Straight and flat,Minor District Road,Bitumen(Tar),Dry,Not Applicable,Clear,NEAR IMPORIYA HOTEL 17TH CROSS HSRLAYOUT,KEB JUNCTION,1,12.911902,77.649464
Bengaluru City,HSR Lay Out Traffic PS,1.04432e+16,2023,1,2,Road Accidents,Junction,City/Town,Open area,Human Error,Yes,Grievous Injury,Vehicle to Vehicle,Controlled,Curve,Others,Bitumen(Tar),Dry,Not Applicable,Clear,Near Ibbalur Junction OUter Ring Road,Outer Ring Road,0.5,12.921072,77.665231
Bengaluru City,HSR Lay Out Traffic PS,1.04432e+16,2023,1,2,Road Accidents,Cross roads,City/Town,Residential area,Human Error,No,Fatal,Vehicle to Vehicle,Uncontrolled,Straight and flat,Others,Bitumen(Tar),Dry,Not Applicable,Clear,"In Front of Niva Medicle, 15th Cross, 26th main Road",1,3km,12.914055,77.651263