DISTRICTNAME,UNITNAME,Crime_No,Year,RI,Noofvehicle_involved,Accident_Classification,Accident_Spot,Accident_Location,Accident_SubLocation,Main_Cause,Hit_Run,Severity,Collision_Type,Junction_Control,Road_Character,Road_Type,Surface_Type,Surface_Condition,Road_Condition,Weather,Accident_Road,Landmark_first,Distance_LandMark_First,Latitude,Longitude
Bengaluru City,HSR Lay Out Traffic PS,1.04432e+16,2023,1,1,Road Accidents,Junction,City/Town,Open area,Human Error,No,Grievous Injury,Not Applicable,Controlled,Straight and flat,Others,Not Applicable,Dry,Not Applicable,Clear,Outer RingRoad,1 Km,1km,12.919656,77.643028
Bengaluru City,HSR Lay Out Traffic PS,1.04432e+16,2023,1,2,Road Accidents,Cross roads,City/Town,Residential area,Human Error,No,Grievous Injury,Vehicle to Vehicle,Uncontrolled,Curve,Residential Street,Bitumen(Tar),Dry,Not Applicable,Clear,17th Cross Road HSR Layout,light fole,1,12.912253,77.639946
Bengaluru City,HSR Lay Out Traffic PS,1.04432e+16,2023,1,2,Road Accidents,Narrow road,City/Town,Open area,Human Error,No,Damage Only,Vehicle to Vehicle,Uncontrolled,Straight and flat,Not Applicable,Bitumen(Tar),Others,Not Applicable,Clear,Outer Ring Road HSR Layout,1,2 KM,0.0,0.0
Bengaluru City,HSR Lay Out Traffic PS,1.04432e+16,2023,1,1,Road Accidents,Narrow road,City/Town,Open area,Human Error,No,Grievous Injury,Not Applicable,Uncontrolled,Straight and flat,Minor District Road,Bitumen(Tar),Dry,Not Applicable,Clear,NEAR BDA BUS STAND OUTER RING ROAD HSRLAYOUT,14TH MAIN JUNCTION,1 Km,12.91624,77.635299
Bengaluru City,HSR Lay Out Traffic PS,1.04432e+16,2023,1,2,Road Accidents,Not Applicable,City/Town,Open area,Human Error,No,Grievous Injury,Vehicle to Vehicle,Uncontrolled,Others,Others,Bitumen(Tar),Dry,Not Applicable,Clear,"7th Cross Junction, 30th MainRoad",7th Cross,5Km,12.919801,77.654117
Bengaluru City,HSR Lay Out Traffic PS,1.04432e+16,2023,1,2,Road Accidents,Narrow road,City/Town,Residential area,Human Error,No,Damage Only,Vehicle to Vehicle,Not at  Junction,Straight and flat,Two way,Bitumen(Tar),Dry,Not Applicable,Clear,Infront of Mahalkshmi Seramic Shop Kasavanahlli Main Road,kasavanahalli main Raod,5 Km,12.891449,77.673498
Bengaluru City,HSR Lay Out Traffic PS,1.04432e+16,2023,1,2,Road Accidents,Narrow road,City/Town,Open area,Human Error,No,Grievous Injury,Vehicle to Vehicle,Uncontrolled,Curve,Service Road,Bitumen(Tar),Dry,Not Applicable,Clear,Outer Ring Road Service Road,Outer ring Road,0.5 km,12.91752,77.640907
Bengaluru City,HSR Lay Out Traffic PS,1.04432e+16,2023,1,1,Road Accidents,Cross roads,City/Town,Open area,Human Error,No,Grievous Injury,Hit pedestrian,Controlled,Straight and flat,State Highway,Bitumen(Tar),Dry,Not Applicable,Clear,"DEPO CROSS JUNTION, OUTER RING ROAD",RING ROAD,2 KM,12.919847,77.642982
Bengaluru City,HSR Lay Out Traffic PS,1.04432e+16,2023,1,2,Road Accidents,Narrow road,City/Town,Open area,Human Error,No,Simple Injury,Vehicle to Vehicle,Uncontrolled,Straight and flat,Two way,Bitumen(Tar),Others,Not Applicable,Clear,bommanahalli service road,Honda Show Room,3 km,12.910056,77.627876
Bengaluru City,HSR Lay Out Traffic PS,1.04432e+16,2023,1,1,Road Accidents,Not Applicable,City/Town,Open area,Human Error,No,Fatal,Not Applicable,Uncontrolled,Straight and flat,Others,Bitumen(Tar),Dry,Not Applicable,Clear,"14th main fly over, ring road hsr layout",ring road,1 km,12.916199,77.637202
Bengaluru City,HSR Lay Out Traffic PS,1.04432e+16,2023,1,1,Road Accidents,Narrow road,City/Town,Residential area,Human Error,No,Fatal,Hit pedestrian,Not at  Junction,Straight and flat,Others,Bitumen(Tar),Dry,Not Applicable,Clear,Doddakannahalli Gear School Road,Gear School road,6 Km,12.913238,77.69849
Bengaluru City,HSR Lay Out Traffic PS,1.04432e+16,2023,1,1,Road Accidents,Narrow road,City/Town,Open area,Human Error,No,Fatal,Not Applicable,Uncontrolled,Straight and flat,Others,Bitumen(Tar),Dry,Not Applicable,Clear,Outer Ring Road Agar HSR Layout,Outer Ring road,1,12.92348,77.646612
Bengaluru City,HSR Lay Out Traffic PS,1.04432e+16,2023,1,2,Road Accidents,Narrow road,City/Town,Residential area,Human Error,Yes,Fatal,Vehicle to Vehicle,Uncontrolled,Straight and flat,Two way,Bitumen(Tar),Dry,Not Applicable,Clear,"24th Main Road, HSR Layout",24th main HSR,5 km,12.910441,77.649166
Bengaluru City,HSR Lay Out Traffic PS,1.04432e+16,2023,1,1,Road Accidents,Narrow road,City/Town,Residential area,Human Error,Not Applicable,Grievous Injury,Vehicle to Vehicle,Uncontrolled,Straight and flat,Two way,Bitumen(Tar),Dry,Not Applicable,Clear,HSR Layout 5th Main Road,5th Main VIP Building,1 Km,12.912101,77.632436
Bengaluru City,HSR Lay Out Traffic PS,1.04432e+16,2023,1,2,Road Accidents,Narrow road,City/Town,Residential area,Human Error,No,Grievous Injury,Vehicle to Vehicle,Not at  Junction,Straight and flat,Others,Bitumen(Tar),Dry,Not Applicable,Clear,Salitar Apartment 5th mainRoad,5th main Road,1 kM,12.90843,77.632606
Bengaluru City,HSR Lay Out Traffic PS,1.04432e+16,2023,1,2,Road Accidents,Narrow road,City/Town,Residential area,Human Error,Yes,Damage Only,Vehicle to Vehicle,Not at  Junction,Straight and flat,Two way,Bitumen(Tar),Others,Not Applicable,Clear,7th Cross Road HSR Layout,Nouse Building,3 Km,12.919485,77.649965
Bengaluru City,HSR Lay Out Traffic PS,1.04432e+16,2023,1,5,Not Applicable,Narrow road,City/Town,Open area,Human Error,Yes,Grievous Injury,Vehicle to Vehicle,Uncontrolled,Others,Others,Bitumen(Tar),Dry,Not Applicable,Clear,HSR layout Outter Ring Road,Opp Sai thunga Hospital,2 Mk,12.924146,77.648101
Bengaluru City,HSR Lay Out Traffic PS,1.04432e+16,2023,1,2,Road Accidents,Narrow road,City/Town,Open area,Human Error,No,Grievous Injury,Hit bicyclist,Uncontrolled,Others,Others,Bitumen(Tar),Others,Not Applicable,Clear,"Agar Lake Road , Sarjapur Main Road",Nursery,2,12.92455,77.645399
Bengaluru City,HSR Lay Out Traffic PS,1.04432e+16,2023,1,2,Road Accidents,Narrow road,City/Town,Near Hospital,Human Error,No,Fatal,Vehicle to Vehicle,Controlled,Not Applicable,Others,Bitumen(Tar),Dry,Not Applicable,Others,24th Main Road HSR Layout,Hospital,3 KM,12.91501,77.649102
Bengaluru City,HSR Lay Out Traffic PS,1.04432e+16,2023,1,2,Road Accidents,Narrow road,City/Town,Open area,Human Error,No,Grievous Injury,Vehicle to Vehicle,Not Applicable,Straight and flat,Others,Bitumen(Tar),Dry,Not Applicable,Clear,BMTC DEPO JUNCTION,NEAR 25TH DEPO,1,12.919748,77.643174
Bengaluru City,HSR Lay Out Traffic PS,1.04432e+16,2023,1,2,Road Accidents,Narrow road,City/Town,Residential area,Human Error,No,Grievous Injury,Vehicle to Vehicle,Not Applicable,Straight and flat,Residential Street,Bitumen(Tar),Dry,Not Applicable,Clear,FRONT OF NALAPAKA HOTEL 24TH MAIN  HSRLAYTOUT,LOTOUS HOSPITAL,1,12.914829,77.648943
Bengaluru City,HSR Lay Out Traffic PS,1.04432e+16,2023,1,2,Road Accidents,Not Applicable,City/Town,Residential area,Human Error,No,Grievous Injury,Vehicle to Vehicle,Not Applicable,Curve,Others,Concrete,Dry,Not Applicable,Clear,sjr plaza apartment,sjr plaza apartment,6 km,12.905805,77.69897
Bengaluru City,HSR Lay Out Traffic PS,1.04432e+16,2023,1,1,Road Accidents,Narrow road,City/Town,Residential area,Human Error,No,Fatal,Not Applicable,Not Applicable,Others,Others,Bitumen(Tar),Dry,Not Applicable,Clear,1,1,4 KM,12.913377,77.651819
Bengaluru City,Hulimavu Traffic PS,1.04432e+16,2016,1,2,Road Accidents,Narrow road,City/Town,Residential area,Human Error,No,Simple Injury,Others,Not Applicable,Not Applicable,Residential Street,Bitumen(Tar),Dry,Not Applicable,Clear,BRIGEAD MILLENIUM ROAD,MLR CONVENTION HALL,10MTR,0.0,0.0
Bengaluru City,Hulimavu Traffic PS,1.04432e+16,2016,1,1,Road Accidents,Narrow road,City/Town,Residential area,Human Error,Yes,Grievous Injury,Hit pedestrian,Not Applicable,Straight and flat,Residential Street,Bitumen(Tar),Dry,No influence on accident,Fine,"Vinayak Nagar, 7th Main Road,",Karnataka Gas,19feet,0.0,0.0
Bengaluru City,Hulimavu Traffic PS,1.04432e+16,2016,1,2,Road Accidents,Junction,City/Town,Open area,Human Error,No,Damage Only,Side impact or Right angle,Not Applicable,Straight and flat,City or Town Road,Bitumen(Tar),Dry,No influence on accident,Fine,BDA ROAD,KEB Compound,42feet,0.0,0.0
Bengaluru City,Hulimavu Traffic PS,1.04432e+16,2016,1,3,Road Accidents,Other,City/Town,Open area,Human Error,Yes,Fatal,Hit and Run,No signal lights,Straight and flat,City or Town Road,Bitumen(Tar),Dry,No influence on accident,Fine,Veaver colony main road,Electrical pole no 1000148268,5mtrs,0.0,0.0
Bengaluru City,Hulimavu Traffic PS,1.04432e+16,2016,1,2,Road Accidents,Junction,City/Town,Near a religious place,Human Error,No,Damage Only,Right Turn Collision,Uncontrolled,Others,Residential Street,Bitumen(Tar),Dry,Not Applicable,Clear,8th cross,Ayyappa Swamy Tempale,50mtr,0.0,0.0
Bengaluru City,Hulimavu Traffic PS,1.04432e+16,2016,1,1,Road Accidents,Other,City/Town,Residential area,Human Error,Yes,Grievous Injury,Hit pedestrian,Not Applicable,Not Applicable,Residential Street,Bitumen(Tar),Dry,Not Applicable,Clear,L&T South City Apartment Road,L&T South City,10mtrs,0.0,0.0
Bengaluru City,Hulimavu Traffic PS,1.04432e+16,2016,1,2,Road Accidents,Narrow road,City/Town,Near office complex,Human Error,No,Grievous Injury,Rear end,Not at  Junction,Not Applicable,City or Town Road,Bitumen(Tar),Dry,Not Applicable,Clear,D C Halli Main Road Near BBMP Office Bilekahalli,BBMP Office,14ft,0.0,0.0
Bengaluru City,Hulimavu Traffic PS,1.04432e+16,2016,1,1,Road Accidents,Narrow road,City/Town,Near office complex,Human Error,Yes,Simple Injury,Hit pedestrian,Not at  Junction,Not Applicable,City or Town Road,Bitumen(Tar),Not Applicable,Not Applicable,Fog / Mist,"Bannerughatta Main Road, Bilekahalli",Swadishta Upahara,100mtr,0.0,0.0
Bengaluru City,Hulimavu Traffic PS,1.04432e+16,2016,1,1,Road Accidents,T Junction,City/Town,Near Bus stop,Human Error,Yes,Simple Injury,Hit pedestrian,Uncontrolled,Others,City or Town Road,Bitumen(Tar),Dry,Not Applicable,Clear,"B G Main Road, Near Himagiri Bus stop",Himagiri Bus Stop,25mtr,0.0,0.0
Bengaluru City,Hulimavu Traffic PS,1.04432e+16,2016,1,2,Road Accidents,T Junction,City/Town,Near office complex,Human Error,No,Damage Only,Side swipe,Uncontrolled,Incline,Others,Bitumen(Tar),Dry,Not Applicable,Fog / Mist,Nice Road,Nice Road Tool Booth,500mtr,0.0,0.0
Bengaluru City,Hulimavu Traffic PS,1.04432e+16,2016,1,1,Road Accidents,Narrow road,City/Town,Near office complex,Human Error,Yes,Simple Injury,Hit and Run,Not at  Junction,Straight and flat,City or Town Road,Bitumen(Tar),Dry,No influence on accident,Fine,Brigade millenium road,House No 440,25feet,0.0,0.0
Bengaluru City,Hulimavu Traffic PS,1.04432e+16,2016,1,1,Road Accidents,Narrow road,City/Town,Residential area,Human Error,Yes,Simple Injury,Hit and Run,Not at  Junction,Straight and flat,City or Town Road,Bitumen(Tar),Dry,No influence on accident,Fine,c k PALYA ROAD,ANJANEYA TEMPLE,25FEET,0.0,0.0
Bengaluru City,Hulimavu Traffic PS,1.04432e+16,2016,1,2,Road Accidents,Narrow road,City/Town,Near Bus stop,Human Error,No,Damage Only,Others,Not at  Junction,Straight and flat,City or Town Road,Bitumen(Tar),Dry,No influence on accident,Fine,24th main road,Dr agastya building,25feet,12.900772,77.5858
Bengaluru City,Hulimavu Traffic PS,1.04432e+16,2016,1,2,Road Accidents,Junction,City/Town,Near Petrol Pump,Human Error,No,Grievous Injury,Side impact or Right angle,Signal lights Blinking,Not Applicable,City or Town Road,Bitumen(Tar),Dry,Not Applicable,Fog / Mist,Bannerughatta Main Road Sai junction,Bata Show room,10mtrs,0.0,0.0
Bengaluru City,Hulimavu Traffic PS,1.04432e+16,2016,1,2,Road Accidents,Road hump or Rumble strips,City/Town,Near a recreation place/cinema,Human Error,No,Fatal,Head on,Not Applicable,Curve,City or Town Road,Bitumen(Tar),Dry,No influence on accident,Fine,Puttenahalli Lake Road,Sarakki Lake,18feet,0.0,0.0
Bengaluru City,Hulimavu Traffic PS,1.04432e+16,2016,1,2,Road Accidents,Narrow road,City/Town,Near Hospital,Human Error,No,Simple Injury,Right Turn Collision,Not at  Junction,Not Applicable,City or Town Road,Bitumen(Tar),Dry,Not Applicable,Fine,B G ROAD NEAR APOLO HOSPITAL,APOLO HOSPITAL,20MTR,0.0,0.0
Bengaluru City,Hulimavu Traffic PS,1.04432e+16,2016,1,2,Road Accidents,Narrow road,City/Town,Near office complex,Human Error,No,Simple Injury,Rear end,Not at  Junction,Not Applicable,City or Town Road,Bitumen(Tar),Dry,Not Applicable,Fog / Mist,Kammanahalli Main Road,Canra Bank ATM,10mtr,0.0,0.0
Bengaluru City,Hulimavu Traffic PS,1.04432e+16,2016,1,2,Road Accidents,Narrow road,City/Town,Near a religious place,Human Error,No,Damage Only,Side impact or Right angle,Not at  Junction,Not Applicable,City or Town Road,Bitumen(Tar),Dry,Not Applicable,Clear,Hommadevnahli Main Road,Bayalubasavanna Tempale,500mtr,0.0,0.0
Bengaluru City,Hulimavu Traffic PS,1.04432e+16,2016,1,4,Road Accidents,Narrow road,City/Town,Near Petrol Pump,Human Error,No,Damage Only,Rear end,Not at  Junction,Not Applicable,City or Town Road,Bitumen(Tar),Dry,Not Applicable,Clear,B G Main Road Near Kolifaram Gate,Petrol Pump,15mtrs,0.0,0.0
Bengaluru City,Hulimavu Traffic PS,1.04432e+16,2016,1,2,Road Accidents,Narrow road,City/Town,Near office complex,Human Error,Not Applicable,Grievous Injury,Head on,Not Applicable,Not Applicable,City or Town Road,Bitumen(Tar),Dry,Not Applicable,Fog / Mist,BG ROAD NEAR KALENEAGRAHARA,DECATHLAN SPORTS,50MTR,0.0,0.0
Bengaluru City,Hulimavu Traffic PS,1.04432e+16,2016,1,2,Road Accidents,Narrow road,City/Town,Near Bus stop,Human Error,No,Damage Only,Rear end,Not Applicable,Straight and flat,City or Town Road,Bitumen(Tar),Dry,No influence on accident,Fine,Bannerghatta Main Road,Anugraha Bar & Restorent,26Feet,0.0,0.0
Bengaluru City,Hulimavu Traffic PS,1.04432e+16,2016,1,1,Road Accidents,Narrow road,City/Town,Open area,Human Error,No,Grievous Injury,Hit pedestrian,Not Applicable,Straight and flat,City or Town Road,Bitumen(Tar),Dry,No influence on accident,Fine,Bannerghatta Main Road,Vrunda Bakery,3feet,0.0,0.0
Bengaluru City,Hulimavu Traffic PS,1.04432e+16,2016,1,2,Road Accidents,Narrow road,City/Town,Near Hospital,Human Error,Yes,Fatal,Rear end,Not Applicable,Straight and flat,City or Town Road,Bitumen(Tar),Dry,No influence on accident,Fine,Bannerghatta Main Road,Fortis Hospital,5meter,0.0,0.0
Bengaluru City,Hulimavu Traffic PS,1.04432e+16,2016,1,1,Road Accidents,Other,City/Town,Open area,Human Error,Yes,Grievous Injury,Hit pedestrian,Not at  Junction,Straight and flat,City or Town Road,Bitumen(Tar),Dry,No influence on accident,Fine,B G Road,Transfarm,12fts,0.0,0.0
Bengaluru City,Hulimavu Traffic PS,1.04432e+16,2016,1,2,Road Accidents,Narrow road,City/Town,Near office complex,Human Error,No,Damage Only,Hit and Run,No signal lights,Straight and flat,City or Town Road,Bitumen(Tar),Dry,No influence on accident,Fine,J P Nagar,Nandini milk diry,30feet,0.0,0.0
Bengaluru City,Hulimavu Traffic PS,1.04432e+16,2016,1,2,Road Accidents,Narrow road,City/Town,Near Hospital,Human Error,No,Grievous Injury,Head on,Give way sign,Straight and flat,City or Town Road,Bitumen(Tar),Dry,No influence on accident,Fine,B G Road,Old paper mart,25ft,0.0,0.0
Bengaluru City,Hulimavu Traffic PS,1.04432e+16,2016,1,1,Road Accidents,Narrow road,City/Town,Residential area,Human Error,No,Grievous Injury,Hit pedestrian,Not Applicable,Not Applicable,Residential Street,Bitumen(Tar),Dry,Not Applicable,Clear,VINAYAKANAGARA 3RD CROSS,DELHI PASSION AND TAILORS,6MTR,0.0,0.0
Bengaluru City,Hulimavu Traffic PS,1.04432e+16,2016,1,2,Road Accidents,Narrow road,City/Town,Near Bus stop,Human Error,Yes,Simple Injury,Head on,Not at  Junction,Not Applicable,City or Town Road,Bitumen(Tar),Dry,Pot holed,Clear,B G ROAD NEAR HIMAGIRI BUS STOP GOTTIGERE,CARMEL SCHOOL,200MTR,0.0,0.0
Bengaluru City,Hulimavu Traffic PS,1.04432e+16,2016,1,1,Road Accidents,Narrow road,City/Town,Near office complex,Human Error,No,Grievous Injury,Others,Not at  Junction,Not Applicable,Others,Bitumen(Tar),Dry,Not Applicable,Clear,Nice Road Near Beguru Bridge,Tool booth,1km,0.0,0.0
Bengaluru City,Hulimavu Traffic PS,1.04432e+16,2016,1,2,Road Accidents,Junction,City/Town,Near a recreation place/cinema,Human Error,Yes,Damage Only,Head on,Uncontrolled,Not Applicable,Residential Street,Bitumen(Tar),Dry,Not Applicable,Clear,Devarachikkanahalli Main Road,Namana Hotel,100mtr,0.0,0.0
Bengaluru City,Hulimavu Traffic PS,1.04432e+16,2016,1,2,Road Accidents,T Junction,City/Town,Near a religious place,Human Error,No,Grievous Injury,Others,Uncontrolled,Others,City or Town Road,Bitumen(Tar),Dry,Not Applicable,Fog / Mist,B G Road Near Meenakshi Kalyanamantapa,Meenakshi Kalayanamantapa,10mtr,0.0,0.0
Bengaluru City,Hulimavu Traffic PS,1.04432e+16,2016,1,1,Road Accidents,Narrow road,City/Town,Near office complex,Human Error,Yes,Fatal,Hit pedestrian,Not Applicable,Straight and flat,City or Town Road,Bitumen(Tar),Dry,No influence on accident,Fine,Krishna Layout 17th Main Road,Bavani Nilaya House No 870 D,2mete,0.0,0.0
Bengaluru City,Hulimavu Traffic PS,1.04432e+16,2016,1,2,Road Accidents,Narrow road,City/Town,Near School or College,Human Error,No,Damage Only,Side swipe,Not at  Junction,Not Applicable,Residential Street,Bitumen(Tar),Dry,Not Applicable,Mist or Fog,D C HALLI MAIN ROAD BILEKAHALLI,DILIP SCHOOL,10MTRS,0.0,0.0
Bengaluru City,Hulimavu Traffic PS,1.04432e+16,2016,1,2,Road Accidents,Junction,City/Town,Near a recreation place/cinema,Human Error,No,Grievous Injury,Others,Signal lights Automatic,Straight and flat,City or Town Road,Bitumen(Tar),Dry,No influence on accident,Clear,Bannerghatta Main Road,Meenakshi Mall,100mtr,0.0,0.0
Bengaluru City,Hulimavu Traffic PS,1.04432e+16,2016,1,2,Road Accidents,Narrow road,City/Town,Near a recreation place/cinema,Human Error,No,Damage Only,Rear end,Not at  Junction,Not Applicable,City or Town Road,Bitumen(Tar),Dry,Not Applicable,Clear,"Banneruhatta  Main Road,Near Christ University",Meenakshi Mall,100mtr,0.0,0.0
Bengaluru City,Hulimavu Traffic PS,1.04432e+16,2016,1,1,Road Accidents,Narrow road,City/Town,Residential area,Human Error,No,Grievous Injury,Hit pedestrian,Not at  Junction,Not Applicable,City or Town Road,Bitumen(Tar),Dry,Not Applicable,Cloudy,Arakere Villege Road,Balaji Telicom,10mtrs,0.0,0.0
Bengaluru City,Hulimavu Traffic PS,1.04432e+16,2016,1,2,Road Accidents,T Junction,City/Town,Near office complex,Not Applicable,Not Applicable,Grievous Injury,Others,No signal lights,Not Applicable,City or Town Road,Bitumen(Tar),Dry,Not Applicable,Fine,BDA ROAD NEAR SAIBABA TEMPAL,RTO OFFICE,1KM,0.0,0.0
Bengaluru City,Hulimavu Traffic PS,1.04432e+16,2016,1,3,Road Accidents,Narrow road,City/Town,Near office complex,Human Error,No,Grievous Injury,Rear end,Not at  Junction,Not Applicable,City or Town Road,Bitumen(Tar),Dry,Not Applicable,Fog / Mist,B G ROAD NEAR BPL COMPANY,BPL COMPANY,25MTR,0.0,0.0
Bengaluru City,Hulimavu Traffic PS,1.04432e+16,2016,1,1,Road Accidents,Narrow road,City/Town,Near Bus stop,Human Error,No,Grievous Injury,Hit pedestrian,Not at  Junction,Not Applicable,City or Town Road,Bitumen(Tar),Dry,Pot holed,Clear,B G ROAD GOTTIGERE,BMTC BUS STOP,20MTRS,0.0,0.0
Bengaluru City,Hulimavu Traffic PS,1.04432e+16,2016,1,2,Road Accidents,Junction,City/Town,Near office complex,Human Error,Yes,Damage Only,Right Turn Collision,Uncontrolled,Not Applicable,Residential Street,Bitumen(Tar),Dry,Not Applicable,Mist or Fog,D C Halli Main Road,E K Retais,10mtr,0.0,0.0
Bengaluru City,Hulimavu Traffic PS,1.04432e+16,2016,1,1,Road Accidents,Narrow road,City/Town,Near office complex,Human Error,No,Fatal,Hit pedestrian,Not at  Junction,Not Applicable,Expressway,Bitumen(Tar),Dry,Not Applicable,Clear,Nice Road,Tool Booth,1kmtrs,0.0,0.0
Bengaluru City,Hulimavu Traffic PS,1.04432e+16,2016,1,1,Road Accidents,Narrow road,City/Town,Near a recreation place/cinema,Human Error,Yes,Simple Injury,Hit pedestrian,Not at  Junction,Not Applicable,City or Town Road,Bitumen(Tar),Dry,Not Applicable,Fog / Mist,J P Nagar 24th Main,SLV Hotel,10mtrs,0.0,0.0
Bengaluru City,Hulimavu Traffic PS,1.04432e+16,2016,1,2,Road Accidents,Narrow road,City/Town,Residential area,Human Error,No,Damage Only,Rear end,Not at  Junction,Not Applicable,Residential Street,Bitumen(Tar),Dry,Not Applicable,Clear,Vijaya Bank Layout Main Road,Vijay Encleve,10mtr,0.0,0.0
Bengaluru City,Hulimavu Traffic PS,1.04432e+16,2016,1,2,Road Accidents,Narrow road,City/Town,Open area,Human Error,No,Simple Injury,Rear end,Not Applicable,Straight and flat,City or Town Road,Bitumen(Tar),Dry,No influence on accident,Fine,"Nayanappanhalli Main Road,",Uphara Sagar Hotel,5meter,0.0,0.0
Bengaluru City,Hulimavu Traffic PS,1.04432e+16,2016,1,2,Road Accidents,Narrow road,City/Town,Near School or College,Human Error,No,Damage Only,Head on,Not Applicable,Not Applicable,Others,Bitumen(Tar),Dry,Not Applicable,Clear,LAYOLA COLLEGE ROAD,LAOLA COLLEGE,100MTR,0.0,0.0
Bengaluru City,Hulimavu Traffic PS,1.04432e+16,2016,1,2,Road Accidents,T Junction,City/Town,Near School or College,Human Error,Yes,Grievous Injury,Rear end,Not Applicable,Straight and flat,City or Town Road,Bitumen(Tar),Dry,No influence on accident,Fine,Loyola Road,Holi Spirit PU College,26feet,0.0,0.0
Bengaluru City,Hulimavu Traffic PS,1.04432e+16,2016,1,1,Road Accidents,Narrow road,City/Town,Near School or College,Human Error,No,Grievous Injury,Hit pedestrian,Not at  Junction,Not Applicable,City or Town Road,Bitumen(Tar),Dry,Not Applicable,Fog / Mist,B G Main Road Near Sai Garments,Sai Garments,10mtrs,0.0,0.0
Bengaluru City,Hulimavu Traffic PS,1.04432e+16,2016,1,1,Road Accidents,Narrow road,City/Town,Near office complex,Human Error,No,Grievous Injury,Hit pedestrian,Not at  Junction,Not Applicable,Others,Bitumen(Tar),Dry,Not Applicable,Clear,"Nice Main Road, Near Pillaganahalli Bridge",Tool Booth,1km,0.0,0.0
Bengaluru City,Hulimavu Traffic PS,1.04432e+16,2016,1,3,Road Accidents,Narrow road,City/Town,Near School or College,Human Error,No,Grievous Injury,Head on,Not at  Junction,Not Applicable,City or Town Road,Bitumen(Tar),Dry,Not Applicable,Fog / Mist,B G Road Gottigere,Wigh Bridge,25mtrs,0.0,0.0
Bengaluru City,Hulimavu Traffic PS,1.04432e+16,2016,1,2,Road Accidents,Other,City/Town,Near office complex,Human Error,Yes,Fatal,Hit and Run,Not at  Junction,Straight and flat,City or Town Road,Bitumen(Tar),Dry,No influence on accident,Fine,24th main road,Electrical tranfarms,20fts,0.0,0.0
Bengaluru City,Hulimavu Traffic PS,1.04432e+16,2016,1,2,Road Accidents,Junction,City/Town,Near School or College,Human Error,No,Simple Injury,Rear end,Controlled,Not Applicable,City or Town Road,Bitumen(Tar),Dry,Pot holed,Clear,B G ROAD NEAR SAI GARMENT,MARUTHI MAGNOLIA SCHOOL,20MTR,0.0,0.0
Bengaluru City,Hulimavu Traffic PS,1.04432e+16,2016,1,1,Road Accidents,Narrow road,City/Town,Residential area,Human Error,Yes,Grievous Injury,Hit pedestrian,Not at  Junction,Not Applicable,Residential Street,Bitumen(Tar),Dry,Not Applicable,Clear,"D.C.Halli Main road, Bilekahalli",Lakshmivenkateshwara woods craft,10mtr,0.0,0.0
Bengaluru City,Hulimavu Traffic PS,1.04432e+16,2016,1,1,Road Accidents,Narrow road,City/Town,Near office complex,Human Error,No,Grievous Injury,Hit pedestrian,Not at  Junction,Not Applicable,Expressway,Bitumen(Tar),Dry,Not Applicable,Fog / Mist,Nice Main Road Near Pillaganahalli Bridge,Tool Booth,1km,0.0,0.0
Bengaluru City,Hulimavu Traffic PS,1.04432e+16,2016,1,2,Road Accidents,Junction,City/Town,Residential area,Human Error,No,Grievous Injury,Head on,Controlled,Not Applicable,City or Town Road,Bitumen(Tar),Dry,Not Applicable,Fog / Mist,DEVARACHIKKANAHALLI MAIN ROAD,NAMANA HOTEL,500 MT,0.0,0.0
Bengaluru City,Hulimavu Traffic PS,1.04432e+16,2016,1,1,Road Accidents,Junction,City/Town,Residential area,Human Error,No,Grievous Injury,Hit pedestrian,Uncontrolled,Not Applicable,Residential Street,Bitumen(Tar),Dry,Not Applicable,Others,19th Cross Bhagavthi Layout,IDBI atn,10mtr,0.0,0.0
Bengaluru City,Hulimavu Traffic PS,1.04432e+16,2016,1,2,Road Accidents,Junction,City/Town,Near a recreation place/cinema,Human Error,Yes,Grievous Injury,Hit and Run,Controlled,Not Applicable,City or Town Road,Bitumen(Tar),Dry,Not Applicable,Fine,Bannerughatta Main Road Arakere Junction,Releanc Mart,25mtr,0.0,0.0
Bengaluru City,Hulimavu Traffic PS,1.04432e+16,2016,1,2,Road Accidents,Junction,City/Town,Near Bus stop,Human Error,No,Simple Injury,Head on,Signal lights Automatic,Not Applicable,City or Town Road,Bitumen(Tar),Dry,Not Applicable,Fog / Mist,Bannerughatta Road Hulimavu Gate,Hulimavu Bus Stop,100mtr,0.0,0.0
Bengaluru City,Hulimavu Traffic PS,1.04432e+16,2016,1,1,Road Accidents,Other,City/Town,Near office complex,Human Error,No,Grievous Injury,Hit pedestrian,Not Applicable,Not Applicable,Others,Bitumen(Tar),Dry,Not Applicable,Fog / Mist,Nice Main Road,Tool Booth,100mtr,0.0,0.0