DISTRICTNAME,UNITNAME,Crime_No,Year,RI,Noofvehicle_involved,Accident_Classification,Accident_Spot,Accident_Location,Accident_SubLocation,Main_Cause,Hit_Run,Severity,Collision_Type,Junction_Control,Road_Character,Road_Type,Surface_Type,Surface_Condition,Road_Condition,Weather,Accident_Road,Landmark_first,Distance_LandMark_First,Latitude,Longitude
Bengaluru City,Hulimavu Traffic PS,1.04432e+16,2016,1,2,Road Accidents,Narrow road,City/Town,Near office complex,Human Error,No,Damage Only,Rear end,Not at  Junction,Not Applicable,Expressway,Bitumen(Tar),Dry,Not Applicable,Clear,Nice Road,Tool booth,1km,0.0,0.0
Bengaluru City,Hulimavu Traffic PS,1.04432e+16,2016,1,2,Road Accidents,Narrow road,Not Applicable,Near office complex,Human Error,No,Damage Only,Others,Not Applicable,Not Applicable,Others,Bitumen(Tar),Dry,Not Applicable,Fog / Mist,begur koppa road,bg road toll plaza,2 km,0.0,0.0
Bengaluru City,Hulimavu Traffic PS,1.04432e+16,2016,1,2,Road Accidents,T Junction,City/Town,Near a recreation place/cinema,Human Error,No,Damage Only,Head on,Uncontrolled,Straight and flat,City or Town Road,Bitumen(Tar),Wet,No influence on accident,Light Rain,C.K.Palya Main Road,Park In Restorent,50mtry,0.0,0.0
Bengaluru City,Hulimavu Traffic PS,1.04432e+16,2016,1,3,Road Accidents,Narrow road,City/Town,Near office complex,Human Error,No,Grievous Injury,Head on,Not at  Junction,Not Applicable,City or Town Road,Bitumen(Tar),Dry,Not Applicable,Clear,Bannerughatta Main road Near Decathlon,Decathlon,20mtrs,0.0,0.0
Bengaluru City,Hulimavu Traffic PS,1.04432e+16,2016,1,2,Road Accidents,Narrow road,City/Town,Near Petrol Pump,Human Error,No,Damage Only,Rear end,Not at  Junction,Not Applicable,City or Town Road,Bitumen(Tar),Dry,Not Applicable,Clear,B G Main Road Gootigere Shell Petrol Pump,Petrol Pump,20mtr,0.0,0.0
Bengaluru City,Hulimavu Traffic PS,1.04432e+16,2016,1,2,Road Accidents,Narrow road,City/Town,Residential area,Human Error,Yes,Grievous Injury,Side swipe,Not at  Junction,Not Applicable,City or Town Road,Bitumen(Tar),Dry,Pot holed,Clear,DLF Main Road,R R Condiments,10mtr,0.0,0.0
Bengaluru City,Hulimavu Traffic PS,1.04432e+16,2016,1,2,Road Accidents,Narrow road,City/Town,Open area,Human Error,No,Fatal,Rear end,Not Applicable,Straight and flat,City or Town Road,Bitumen(Tar),Muddy,No influence on accident,Mist or Fog,Nice Main Road,T Johan College,7met,0.0,0.0
Bengaluru City,Hulimavu Traffic PS,1.04432e+16,2016,1,2,Road Accidents,Curves,City/Town,Open area,Human Error,Yes,Grievous Injury,Rear end,Not Applicable,Slight Curve,City or Town Road,Bitumen(Tar),Dry,No influence on accident,Fine,"Brigade Mileniam Road,",Kantri Pragathi Samrth Apartment,10mete,0.0,0.0
Bengaluru City,Hulimavu Traffic PS,1.04432e+16,2016,1,1,Road Accidents,Narrow road,City/Town,Residential area,Human Error,Yes,Grievous Injury,Hit pedestrian,Not at  Junction,Not Applicable,Residential Street,Bitumen(Tar),Dry,Not Applicable,Fog / Mist,3RD MAIN SANTRUPTI NAGAR,BRILEANT ACCADEMY,50MTR,0.0,0.0
Bengaluru City,Hulimavu Traffic PS,1.04432e+16,2016,1,1,Road Accidents,Narrow road,City/Town,Near School or College,Human Error,Yes,Grievous Injury,Hit pedestrian,Not at  Junction,Not Applicable,Residential Street,Bitumen(Tar),Dry,Not Applicable,Clear,Puttenahalli Main Road,Near Govt School,50mtrs,0.0,0.0
Bengaluru City,Hulimavu Traffic PS,1.04432e+16,2016,1,2,Road Accidents,Narrow road,City/Town,Near Hospital,Human Error,No,Damage Only,Side swipe,Not at  Junction,Not Applicable,City or Town Road,Bitumen(Tar),Dry,Not Applicable,Clear,B G Main Road Nera Govt Hopital,Govt Hospital,10mtr,0.0,0.0
Bengaluru City,Hulimavu Traffic PS,1.04432e+16,2016,1,2,Road Accidents,Junction,City/Town,Near office complex,Human Error,Yes,Simple Injury,Side impact or Right angle,Not Applicable,Straight and flat,City or Town Road,Bitumen(Tar),Dry,No influence on accident,Fine,Dollers Colony Main Road,Kalyani Myagnum,25feet,0.0,0.0
Bengaluru City,Hulimavu Traffic PS,1.04432e+16,2016,1,1,Road Accidents,Junction,City/Town,Open area,Human Error,Yes,Fatal,Hit and Run,No signal lights,Straight and flat,Others,Bitumen(Tar),Ditch or Potholed,No influence on accident,Fine,Nice road,Sri Renuka yellamma temple,5fts,0.0,0.0
Bengaluru City,Hulimavu Traffic PS,1.04432e+16,2016,1,1,Road Accidents,Narrow road,City/Town,Near office complex,Human Error,No,Grievous Injury,Hit pedestrian,Not at  Junction,Not Applicable,Expressway,Bitumen(Tar),Dry,Not Applicable,Clear,Nice road near Bannerughatta road tool,Tool booth,50mtrs,0.0,0.0
Bengaluru City,Hulimavu Traffic PS,1.04432e+16,2016,1,2,Road Accidents,Narrow road,City/Town,Near office complex,Human Error,No,Damage Only,Side swipe,Not at  Junction,Not Applicable,Expressway,Bitumen(Tar),Dry,Not Applicable,Clear,Nice Main Road,Tool Bhoot,1km,0.0,0.0
Bengaluru City,Hulimavu Traffic PS,1.04432e+16,2016,1,1,Road Accidents,Not Applicable,City/Town,Residential area,Human Error,No,Simple Injury,Hit pedestrian,Not Applicable,Not Applicable,Others,Bitumen(Tar),Dry,Not Applicable,Others,NYANAPPANA HALLI MAIN ROAD,DLF BUILDING,1KM,0.0,0.0
Bengaluru City,Hulimavu Traffic PS,1.04432e+16,2016,1,1,Road Accidents,Narrow road,City/Town,Near a religious place,Human Error,Yes,Grievous Injury,Hit pedestrian,Not Applicable,Straight and flat,City or Town Road,Bitumen(Tar),Dry,No influence on accident,Mist or Fog,Brigade Milenium Road,The Wood Rose Club,3meter,0.0,0.0
Bengaluru City,Hulimavu Traffic PS,1.04432e+16,2016,1,2,Road Accidents,Narrow road,City/Town,Open area,Human Error,No,Simple Injury,Side impact or Right angle,Not Applicable,Straight and flat,City or Town Road,Bitumen(Tar),Dry,No influence on accident,Fine,BDA Main Road,Electric Poll,15mtr,0.0,0.0
Bengaluru City,Hulimavu Traffic PS,1.04432e+16,2016,1,2,Road Accidents,Narrow road,City/Town,Near office complex,Human Error,Yes,Simple Injury,Hit and Run,Give way sign,Straight and flat,City or Town Road,Bitumen(Tar),Dry,No influence on accident,Fine,24th main road,James bond dry clinic,25feet,12.901685,77.586
Bengaluru City,Hulimavu Traffic PS,1.04432e+16,2016,1,2,Road Accidents,Narrow road,City/Town,Near School or College,Human Error,Yes,Simple Injury,Hit and Run,Not at  Junction,Straight and flat,City or Town Road,Bitumen(Tar),Dry,No influence on accident,Fine,puttenahalli main road,Nandini milk point,25feet,0.0,0.0
Bengaluru City,Hulimavu Traffic PS,1.04432e+16,2016,1,2,Road Accidents,Narrow road,City/Town,Residential area,Human Error,Yes,Simple Injury,Head on,Not at  Junction,Not Applicable,Residential Street,Bitumen(Tar),Dry,Not Applicable,Clear,ARAKERE MAIN ROAD,MED PLUS MEDICELS,24MTR,0.0,0.0
Bengaluru City,Hulimavu Traffic PS,1.04432e+16,2016,1,1,Road Accidents,Narrow road,City/Town,Near a religious place,Human Error,Yes,Simple Injury,Hit pedestrian,Not at  Junction,Not Applicable,City or Town Road,Bitumen(Tar),Dry,Not Applicable,Clear,B G ROAD NEAR MEENAKSHI TEMPAL,MEENAKSHI TEMPAL,10MTRS,0.0,0.0
Bengaluru City,Hulimavu Traffic PS,1.04432e+16,2016,1,2,Road Accidents,Narrow road,City/Town,Near office complex,Human Error,No,Damage Only,Right Turn Collision,Not at  Junction,Not Applicable,City or Town Road,Bitumen(Tar),Dry,Pot holed,Clear,ARAKERE MICOLAYOUT MAIN ROAD,APOLO PHARMACY,10MTRS,0.0,0.0
Bengaluru City,Hulimavu Traffic PS,1.04432e+16,2016,1,1,Not Applicable,Other,City/Town,Open area,Human Error,No,Fatal,Others,Not at  Junction,Straight and flat,Others,Bitumen(Tar),Dry,No influence on accident,Fine,B G road,Electriacal pole,5mts,0.0,0.0
Bengaluru City,Hulimavu Traffic PS,1.04432e+16,2016,1,2,Road Accidents,Narrow road,City/Town,Near office complex,Human Error,Yes,Simple Injury,Hit and Run,Not at  Junction,Straight and flat,City or Town Road,Bitumen(Tar),Dry,No influence on accident,Fine,Devarachikkanahalli,Yashaswini Rice traders,25feet,0.0,0.0
Bengaluru City,Hulimavu Traffic PS,1.04432e+16,2016,1,2,Road Accidents,Junction,City/Town,Near office complex,Human Error,Not Applicable,Grievous Injury,Right Turn Collision,Uncontrolled,Not Applicable,City or Town Road,Bitumen(Tar),Dry,Not Applicable,Clear,BDA ROAD,RTO OFFICE,100MTR,0.0,0.0
Bengaluru City,Hulimavu Traffic PS,1.04432e+16,2016,1,1,Road Accidents,Other,City/Town,Near Hospital,Human Error,Yes,Simple Injury,Hit pedestrian,Not Applicable,Straight and flat,City or Town Road,Bitumen(Tar),Dry,No influence on accident,Fine,Begur Main Road,Sai Clinic,60mtr,0.0,0.0
Bengaluru City,Hulimavu Traffic PS,1.04432e+16,2016,1,1,Road Accidents,Narrow road,City/Town,Open area,Human Error,Yes,Grievous Injury,Hit pedestrian,Not Applicable,Straight and flat,City or Town Road,Bitumen(Tar),Dry,No influence on accident,Fine,Arkere Mico Layout Main Road,S N Provison Store,16feet,0.0,0.0
Bengaluru City,Hulimavu Traffic PS,1.04432e+16,2016,1,2,Road Accidents,T Junction,City/Town,Near office complex,Human Error,Yes,Damage Only,Side impact or Right angle,Police / Manual,Straight and flat,City or Town Road,Bitumen(Tar),Dry,No influence on accident,Clear,Bannerghatt Road,IIMB Compound,36mtr,0.0,0.0
Bengaluru City,Hulimavu Traffic PS,1.04432e+16,2016,1,1,Road Accidents,Other,City/Town,Residential area,Human Error,Yes,Grievous Injury,Hit pedestrian,Not at  Junction,Not Applicable,Village Road,Not Applicable,Muddy,Not Applicable,Fog / Mist,Pillaganahalli Krishna Layout,Shafi House,10mtrs,0.0,0.0
Bengaluru City,Hulimavu Traffic PS,1.04432e+16,2016,1,1,Road Accidents,Other,City/Town,Near office complex,Human Error,No,Grievous Injury,Others,Not at  Junction,Not Applicable,City or Town Road,Bitumen(Tar),Dry,Not Applicable,Clear,B G Road In Front Of IIMB,IIMB,20mtrs,0.0,0.0
Bengaluru City,Hulimavu Traffic PS,1.04432e+16,2016,1,1,Road Accidents,Other,City/Town,Residential area,Human Error,Yes,Grievous Injury,Hit pedestrian,Not Applicable,Straight and flat,City or Town Road,Bitumen(Tar),Dry,No influence on accident,Fine,D.C Halli main road,Bekery,27mtrs,0.0,0.0
Bengaluru City,Hulimavu Traffic PS,1.04432e+16,2016,1,2,Road Accidents,Junction,City/Town,Near Bus stop,Human Error,Yes,Damage Only,Side swipe,Controlled,Not Applicable,City or Town Road,Bitumen(Tar),Ditch or Potholed,Pot holed,Clear,B G Main Raod Arakere Signel,Releance Mart,20mtr,0.0,0.0
Bengaluru City,Hulimavu Traffic PS,1.04432e+16,2016,1,2,Road Accidents,Narrow road,City/Town,Residential area,Human Error,No,Grievous Injury,Rear end,Not at  Junction,Not Applicable,Residential Street,Bitumen(Tar),Dry,Not Applicable,Fog / Mist,L&T South city Main Road Kothanur Cross Road,L&T South city,50mtr,0.0,0.0
Bengaluru City,Hulimavu Traffic PS,1.04432e+16,2017,1,2,Road Accidents,Cross roads,City/Town,Open area,Human Error,No,Simple Injury,Others,Signals (Working),Straight and flat,City or Town Road,Bitumen(Tar),Dry,Not Applicable,Fine,DORESANI PALYA,KALYANI MAGNUM,25 FT,0.0,0.0
Bengaluru City,Hulimavu Traffic PS,1.04432e+16,2017,1,2,Road Accidents,Culvert,City/Town,Open area,Human Error,No,Grievous Injury,Others,Signals (Working),Others,City or Town Road,Bitumen(Tar),Dry,Not Applicable,Fine,"BEGUR KOPPA ROAD, NICE ROAD",NICE ROAD BRIDGE,25FT,0.0,0.0
Bengaluru City,Hulimavu Traffic PS,1.04432e+16,2017,1,3,Road Accidents,Other,City/Town,Open area,Human Error,No,Grievous Injury,Right Turn Collision,No signal lights,Straight and flat,City or Town Road,Bitumen(Tar),Dry,No influence on accident,Fine,Begur lake road,Begurlake,25ft,0.0,0.0
Bengaluru City,Hulimavu Traffic PS,1.04432e+16,2017,1,1,Road Accidents,Other,City/Town,Residential area,Human Error,Yes,Simple Injury,Hit and Run,Controlled,Straight and flat,City or Town Road,Bitumen(Tar),Dry,No influence on accident,Fine,Someshwara layout,LAKKAPPANAVARA MANE,2KM,0.0,0.0
Bengaluru City,Hulimavu Traffic PS,1.04432e+16,2017,1,1,Road Accidents,Narrow road,City/Town,Open area,Human Error,No,Fatal,Hit pedestrian,Not at  Junction,Straight and flat,NH,Bitumen(Tar),Dry,No influence on accident,Fine,Hosur main road,Pathanjali mega centre,40ft,0.0,0.0
Bengaluru City,Hulimavu Traffic PS,1.04432e+16,2017,1,1,Road Accidents,Other,City/Town,Open area,Human Error,Yes,Fatal,Hit and Run,Not Applicable,Straight and flat,NH,Bitumen(Tar),Dry,No influence on accident,Others,Hosur main road,Brundavana bar & restaurant,30ft,0.0,0.0
Bengaluru City,Hulimavu Traffic PS,1.04432e+16,2017,1,2,Road Accidents,Narrow road,City/Town,Open area,Human Error,No,Damage Only,Others,Controlled,Straight and flat,City or Town Road,Bitumen(Tar),Dry,No influence on accident,Fine,Arakere,Ashraya apartment,3kms,0.0,0.0
Bengaluru City,Hulimavu Traffic PS,1.04432e+16,2017,1,2,Road Accidents,Narrow road,City/Town,Open area,Human Error,Yes,Grievous Injury,Hit and Run,Controlled,Straight and flat,City or Town Road,Bitumen(Tar),Dry,No influence on accident,Fine,B G road,N S store,1kms,0.0,0.0
Bengaluru City,Hulimavu Traffic PS,1.04432e+16,2017,1,1,Road Accidents,Other,City/Town,Near office complex,Human Error,No,Grievous Injury,Hit pedestrian,Not at  Junction,Straight and flat,NH,Bitumen(Tar),Dry,No influence on accident,Fine,Hosur main road,Pillar no 110,42fts,0.0,0.0
Bengaluru City,Hulimavu Traffic PS,1.04432e+16,2017,1,1,Road Accidents,Junction,City/Town,Near School or College,Human Error,Yes,Simple Injury,Hit and Run,Signals (Working),Straight and flat,City or Town Road,Bitumen(Tar),Dry,Not Applicable,Fine,Nice Road Near T John Collage,Collage,25ft,0.0,0.0
Bengaluru City,Hulimavu Traffic PS,1.04432e+16,2017,1,1,Road Accidents,Other,City/Town,Open area,Human Error,Yes,Grievous Injury,Hit and Run,Signals (Working),Straight and flat,City or Town Road,Bitumen(Tar),Dry,Not Applicable,Fine,Sai Baba Temple,In Front Of Shobha Super Market,25 Ft,0.0,0.0
Bengaluru City,Hulimavu Traffic PS,1.04432e+16,2017,1,2,Road Accidents,Other,City/Town,Open area,Human Error,Yes,Grievous Injury,Hit and Run,Not at  Junction,Straight and flat,City or Town Road,Bitumen(Tar),Dry,No influence on accident,Fine,RTO Road,Channakeshwara Traders,25feet,0.0,0.0
Bengaluru City,Hulimavu Traffic PS,1.04432e+16,2017,1,1,Road Accidents,Narrow road,City/Town,Open area,Human Error,Yes,Damage Only,Hit and Run,Not Applicable,Straight and flat,City or Town Road,Bitumen(Tar),Dry,No influence on accident,Fine,BEGURU ROAD,VENKATESHWARA BEKARY,4KM,0.0,0.0
Bengaluru City,Hulimavu Traffic PS,1.04432e+16,2017,1,1,Road Accidents,Other,City/Town,Near Bus stop,Human Error,No,Simple Injury,Hit pedestrian,No signal lights,Straight and flat,City or Town Road,Bitumen(Tar),Dry,No influence on accident,Fine,Hosur main road,Singasandra bus stop,8fts,0.0,0.0
Bengaluru City,Hulimavu Traffic PS,1.04432e+16,2017,1,2,Road Accidents,Junction,City/Town,Near office complex,Human Error,No,Simple Injury,Side swipe,Uncontrolled,Not Applicable,City or Town Road,Bitumen(Tar),Dry,Not Applicable,Clear,B G Road Nice Junction,Tool Booth,50mtr,0.0,0.0
Bengaluru City,Hulimavu Traffic PS,1.04432e+16,2017,1,2,Road Accidents,Narrow road,City/Town,Open area,Human Error,No,Simple Injury,Rear end,Not at  Junction,Straight and flat,City or Town Road,Bitumen(Tar),Dry,No influence on accident,Fine,near T John College,agricultural land,40feet,0.0,0.0
Bengaluru City,Hulimavu Traffic PS,1.04432e+16,2017,1,2,Road Accidents,Other,City/Town,Near office complex,Human Error,No,Simple Injury,Hit and Run,Not at  Junction,Straight and flat,City or Town Road,Bitumen(Tar),Dry,Not Applicable,Fine,80 Ft Road Arakere,SBI Bank,25 ft,0.0,0.0
Bengaluru City,Hulimavu Traffic PS,1.04432e+16,2017,1,2,Road Accidents,Junction,City/Town,Open area,Human Error,No,Damage Only,Hit parked vehicle,Give way sign,Straight and flat,City or Town Road,Bitumen(Tar),Dry,Not Applicable,Fine,"Om Kar Nagara, 7th cross,Arakere Maico Layout",Maico Layout,25 ft,0.0,0.0
Bengaluru City,Hulimavu Traffic PS,1.04432e+16,2017,1,3,Road Accidents,Junction,City/Town,Near office complex,Human Error,No,Grievous Injury,Others,Signals (Working),Straight and flat,City or Town Road,Bitumen(Tar),Dry,No influence on accident,Fine,Sai junction,Sai junction,10feet,0.0,0.0
Bengaluru City,Hulimavu Traffic PS,1.04432e+16,2017,1,2,Road Accidents,Cross roads,City/Town,Near a factory industrial area,Human Error,No,Simple Injury,Rear end,Not at  Junction,Straight and flat,City or Town Road,Bitumen(Tar),Dry,No influence on accident,Fine,RTO Road,Reliance Press,25feet,0.0,0.0
Bengaluru City,Hulimavu Traffic PS,1.04432e+16,2017,1,2,Road Accidents,Narrow road,City/Town,Near office complex,Human Error,Yes,Grievous Injury,Hit and Run,Signal lights Automatic,Straight and flat,City or Town Road,Bitumen(Tar),Dry,Not Applicable,Others,"Arakere Main Road, Near Anjaneya Temple",Anjaneya Temple,25 Ft,0.0,0.0
Bengaluru City,Hulimavu Traffic PS,1.04432e+16,2017,1,2,Road Accidents,Round about or Circle,City/Town,Near School or College,Human Error,No,Simple Injury,Others,Not at  Junction,Others,City or Town Road,Bitumen(Tar),Dry,Not Applicable,Fine,Loyola Junction,Loyola Junction,25ft,0.0,0.0
Bengaluru City,Hulimavu Traffic PS,1.04432e+16,2017,1,2,Road Accidents,Narrow road,City/Town,Near Bus stop,Human Error,Not Applicable,Grievous Injury,Others,Signals (Working),Straight and flat,City or Town Road,Bitumen(Tar),Not Applicable,Not Applicable,Not Applicable,HOSUR ROAD,NEAR MASZID,25FT,0.0,0.0
Bengaluru City,Hulimavu Traffic PS,1.04432e+16,2017,1,4,Road Accidents,Narrow road,City/Town,Near School or College,Human Error,Yes,Damage Only,Hit and Run,No signal lights,Straight and flat,City or Town Road,Bitumen(Tar),Dry,No influence on accident,Fine,B G Road,Sharewood high School,25feet,0.0,0.0
Bengaluru City,Hulimavu Traffic PS,1.04432e+16,2017,1,2,Road Accidents,Narrow road,City/Town,Open area,Human Error,Yes,Simple Injury,Hit and Run,Signal lights Automatic,Straight and flat,City or Town Road,Bitumen(Tar),Dry,No influence on accident,Fine,SBI LAYOUT,ROSHINI FRIDE APARTMENT,4 KM,0.0,0.0
Bengaluru City,Hulimavu Traffic PS,1.04432e+16,2017,1,2,Road Accidents,Other,City/Town,Near School or College,Human Error,Yes,Grievous Injury,Hit and Run,Not at  Junction,Straight and flat,City or Town Road,Bitumen(Tar),Dry,No influence on accident,Fine,B G Road,M KAhmed store,52fts,0.0,0.0
Bengaluru City,Hulimavu Traffic PS,1.04432e+16,2017,1,2,Road Accidents,Narrow road,City/Town,Open area,Human Error,No,Damage Only,Others,Controlled,Straight and flat,City or Town Road,Bitumen(Tar),Dry,No influence on accident,Fine,Nice road,T jhon college,1.0kms,0.0,0.0
Bengaluru City,Hulimavu Traffic PS,1.04432e+16,2017,1,1,Road Accidents,Junction,City/Town,Near Bus stop,Human Error,Yes,Grievous Injury,Hit and Run,Give way sign,Straight and flat,City or Town Road,Bitumen(Tar),Dry,No influence on accident,Fine,Hosur main road,BMTC BUS STAND,20fts,0.0,0.0
Bengaluru City,Hulimavu Traffic PS,1.04432e+16,2017,1,2,Road Accidents,Other,City/Town,Open area,Human Error,No,Simple Injury,Others,No signal lights,Straight and flat,Two way,Bitumen(Tar),Dry,No influence on accident,Fine,Nice road,Open area,35fts,0.0,0.0
Bengaluru City,Hulimavu Traffic PS,1.04432e+16,2017,1,2,Road Accidents,Other,City/Town,Near Bus stop,Human Error,No,Simple Injury,Rear end,Not at  Junction,Straight and flat,NH,Bitumen(Tar),Dry,No influence on accident,Fine,Hosur main road,Pillar no 118,31fts,0.0,0.0
Bengaluru City,Hulimavu Traffic PS,1.04432e+16,2017,1,2,Road Accidents,Narrow road,City/Town,Open area,Human Error,No,Simple Injury,Rear end,Controlled,Straight and flat,City or Town Road,Bitumen(Tar),Dry,Not Applicable,Fine,Basavanapura Main Road In Frount of general Store,General Store,25 ft,0.0,0.0
Bengaluru City,Hulimavu Traffic PS,1.04432e+16,2017,1,1,Road Accidents,Other,City/Town,Near School or College,Human Error,Yes,Simple Injury,Hit and Run,Controlled,Straight and flat,City or Town Road,Bitumen(Tar),Dry,No influence on accident,Fine,BEGUR MAIN ROAD,ROYAL CONCORD SCHOOL,3KM,0.0,0.0
Bengaluru City,Hulimavu Traffic PS,1.04432e+16,2017,1,1,Road Accidents,Other,City/Town,Near Bus stop,Human Error,No,Simple Injury,Hit pedestrian,No signal lights,Straight and flat,NH,Bitumen(Tar),Dry,No influence on accident,Fine,Hosur main road service road,Electrical pole,32fts,0.0,0.0
Bengaluru City,Hulimavu Traffic PS,1.04432e+16,2017,1,2,Road Accidents,Other,City/Town,Near office complex,Human Error,Yes,Simple Injury,Hit and Run,Signals (Working),Straight and flat,City or Town Road,Bitumen(Tar),Dry,Not Applicable,Fine,"J P Nagara 24th Main, IOBI Bank",IOBI Bank,50 ft,0.0,0.0
Bengaluru City,Hulimavu Traffic PS,1.04432e+16,2017,1,2,Road Accidents,T Junction,City/Town,Open area,Human Error,No,Grievous Injury,Right Turn Collision,No signal lights,Straight and flat,City or Town Road,Bitumen(Tar),Dry,No influence on accident,Fine,Hulimavu lake road,Constructed building,30feet,0.0,0.0
Bengaluru City,Hulimavu Traffic PS,1.04432e+16,2017,1,1,Road Accidents,Curves,City/Town,Near office complex,Human Error,No,Fatal,Hit pedestrian,Not Applicable,Straight and flat,City or Town Road,Bitumen(Tar),Dry,Not Applicable,Fine,"Dollers, Colony",Bhaskae Clinic,25 ft,12.905104,77.595895
Bengaluru City,Hulimavu Traffic PS,1.04432e+16,2017,1,2,Road Accidents,T Junction,City/Town,Near or inside a village,Human Error,No,Damage Only,Others,Not at  Junction,Straight and flat,City or Town Road,Bitumen(Tar),Dry,No influence on accident,Fine,Layola main Road,classic layout compound,25feet,0.0,0.0
Bengaluru City,Hulimavu Traffic PS,1.04432e+16,2017,1,2,Rail Road Accidents,Circle,City/Town,Open area,Human Error,No,Damage Only,Others,Signals (Working),Straight and flat,City or Town Road,Bitumen(Tar),Dry,Not Applicable,Fine,"Devarachikkanahalli, Main Road",Parivara Apartment,25 Ft,0.0,0.0
Bengaluru City,Hulimavu Traffic PS,1.04432e+16,2017,1,2,Road Accidents,Other,City/Town,Open area,Human Error,No,Simple Injury,Others,Signals (Working),Straight and flat,City or Town Road,Bitumen(Tar),Dry,Not Applicable,Fine,HOSUR MAIN ROAD,HONDA SHOW ROO,25 FT,0.0,0.0
Bengaluru City,Hulimavu Traffic PS,1.04432e+16,2017,1,2,Road Accidents,Other,City/Town,Open area,Human Error,Yes,Grievous Injury,Hit and Run,Not at  Junction,Straight and flat,City or Town Road,Bitumen(Tar),Dry,No influence on accident,Fine,Kammnahalli main road,DND motor cycle garage,25ft,0.0,0.0
Bengaluru City,Hulimavu Traffic PS,1.04432e+16,2017,1,1,Road Accidents,Other,City/Town,Residential area,Human Error,Yes,Grievous Injury,Hit pedestrian,No signal lights,Straight and flat,City or Town Road,Bitumen(Tar),Dry,No influence on accident,Fine,BDA Road,Royal green apartment electrical pole,41fts,0.0,0.0
Bengaluru City,Hulimavu Traffic PS,1.04432e+16,2017,1,1,Road Accidents,Other,City/Town,Near office complex,Human Error,No,Simple Injury,Hit pedestrian,Not at  Junction,Straight and flat,City or Town Road,Bitumen(Tar),Dry,Not Applicable,Fine,B G Road,Nelluru Ruchi Hotel,25 ft,0.0,0.0
Bengaluru City,Hulimavu Traffic PS,1.04432e+16,2017,1,1,Road Accidents,Narrow road,City/Town,Open area,Human Error,No,Damage Only,Others,Signals (Working),Straight and flat,City or Town Road,Bitumen(Tar),Dry,Not Applicable,Fine,HULIMAVU,HULIMAVU LAKE ROAD,25 FT,0.0,0.0
Bengaluru City,Hulimavu Traffic PS,1.04432e+16,2017,1,3,Road Accidents,Narrow road,City/Town,Open area,Human Error,Not Applicable,Simple Injury,Not Applicable,Signal lights Automatic,Straight and flat,City or Town Road,Bitumen(Tar),Dry,No influence on accident,Fine,HULIMAVU MAIN ROAD,9TH CROSS,2KM,0.0,0.0
Bengaluru City,Hulimavu Traffic PS,1.04432e+16,2017,1,5,Road Accidents,Other,City/Town,Affected by encroachments,Human Error,Yes,Damage Only,Hit and Run,Signals (Working),Straight and flat,City or Town Road,Bitumen(Tar),Dry,No influence on accident,Fine,Hosur main road,Prem jas drain hotel,25ft,0.0,0.0
Bengaluru City,Hulimavu Traffic PS,1.04432e+16,2017,1,2,Road Accidents,Other,City/Town,Open area,Human Error,No,Simple Injury,Others,Not at  Junction,Straight and flat,NH,Bitumen(Tar),Dry,No influence on accident,Fine,Hosur main road,Nandi toyota,35 fts,0.0,0.0
Bengaluru City,Hulimavu Traffic PS,1.04432e+16,2017,1,1,Road Accidents,Narrow road,City/Town,Open area,Human Error,Yes,Grievous Injury,Hit and Run,Controlled,Straight and flat,City or Town Road,Bitumen(Tar),Dry,No influence on accident,Fine,Hulimavu tr ps,Lakshmi medical,3kms,0.0,0.0
Bengaluru City,Hulimavu Traffic PS,1.04432e+16,2017,1,1,Road Accidents,Narrow road,City/Town,Near office complex,Human Error,Yes,Simple Injury,Hit and Run,Not at  Junction,Straight and flat,City or Town Road,Bitumen(Tar),Dry,No influence on accident,Fine,Devara chikkanahalli main road,Ganesha bekary,10feet,0.0,0.0
Bengaluru City,Hulimavu Traffic PS,1.04432e+16,2017,1,1,Road Accidents,Other,City/Town,Near office complex,Human Error,No,Grievous Injury,Hit pedestrian,Not at  Junction,Straight and flat,City or Town Road,Bitumen(Tar),Dry,Not Applicable,Fine,HULIMAVU KERE ROAD,INFRONT OF THE BESCOM OFFICE,5MTRS,0.0,0.0
Bengaluru City,Hulimavu Traffic PS,1.04432e+16,2017,1,1,Road Accidents,Other,City/Town,At pedestrian Crossing,Human Error,Yes,Fatal,Hit pedestrian,Give way sign,Straight and flat,City or Town Road,Bitumen(Tar),Dry,Not Applicable,Fine,B G Road,Near kristal Beril Aportmant Gate,25 ft,0.0,0.0