DISTRICTNAME,UNITNAME,Crime_No,Year,RI,Noofvehicle_involved,Accident_Classification,Accident_Spot,Accident_Location,Accident_SubLocation,Main_Cause,Hit_Run,Severity,Collision_Type,Junction_Control,Road_Character,Road_Type,Surface_Type,Surface_Condition,Road_Condition,Weather,Accident_Road,Landmark_first,Distance_LandMark_First,Latitude,Longitude
Bengaluru City,Hulimavu Traffic PS,1.04432e+16,2017,1,1,Road Accidents,Narrow road,City/Town,Near a factory industrial area,Human Error,No,Simple Injury,Hit pedestrian,Not at  Junction,Straight and flat,City or Town Road,Bitumen(Tar),Dry,No influence on accident,Fine,Kalyani magnum road,M K Ahmed super market,20feet,0.0,0.0
Bengaluru City,Hulimavu Traffic PS,1.04432e+16,2017,1,2,Road Accidents,Junction,City/Town,Open area,Human Error,No,Simple Injury,Others,Signal lights Automatic,Others,City or Town Road,Bitumen(Tar),Dry,Not Applicable,Fine,Meenakshi Temple B G road,Meenakshi Temple,25 ft,0.0,0.0
Bengaluru City,Hulimavu Traffic PS,1.04432e+16,2017,1,2,Road Accidents,Junction,City/Town,Open area,Human Error,Yes,Fatal,Hit and Run,Give way sign,Curve,City or Town Road,Bitumen(Tar),Dry,Not Applicable,Fine,Hosur Main Road,In Front Of Dayananda Sagar University Collage,25 Ft,0.0,0.0
Bengaluru City,Hulimavu Traffic PS,1.04432e+16,2017,1,2,Road Accidents,Other,City/Town,Open area,Human Error,No,Damage Only,Others,Signals (Working),Straight and flat,City or Town Road,Bitumen(Tar),Dry,Not Applicable,Fine,B G MAIN ROAD,NEAR BASAVANAPURA BUS STAND,25 FT,0.0,0.0
Bengaluru City,Hulimavu Traffic PS,1.04432e+16,2017,1,3,Road Accidents,Other,City/Town,Open area,Human Error,No,Damage Only,Others,Signals (Working),Straight and flat,City or Town Road,Bitumen(Tar),Dry,Not Applicable,Fine,HOSUR ROAD,OPPOSIT HONDA SHOW ROOM,25 FT,0.0,0.0
Bengaluru City,Hulimavu Traffic PS,1.04432e+16,2017,1,2,Road Accidents,Narrow road,City/Town,Open area,Human Error,Yes,Grievous Injury,Others,Controlled,Straight and flat,City or Town Road,Bitumen(Tar),Dry,No influence on accident,Fine,B G road,Near Royal mart,4kms,0.0,0.0
Bengaluru City,Hulimavu Traffic PS,1.04432e+16,2017,1,1,Road Accidents,Other,City/Town,Near School or College,Human Error,No,Grievous Injury,Hit pedestrian,Not at  Junction,Straight and flat,City or Town Road,Bitumen(Tar),Dry,No influence on accident,Fine,BEGUR MAIN ROAD,GOWDRU MANE HOTEL,26FTS,0.0,0.0
Bengaluru City,Hulimavu Traffic PS,1.04432e+16,2017,1,2,Road Accidents,Other,City/Town,Open area,Human Error,Yes,Simple Injury,Hit and Run,No signal lights,Straight and flat,City or Town Road,Bitumen(Tar),Dry,No influence on accident,Fine,B G Road,M K Ahmed super market,50fts,0.0,0.0
Bengaluru City,Hulimavu Traffic PS,1.04432e+16,2017,1,2,Road Accidents,Other,City/Town,Near office complex,Human Error,Yes,Grievous Injury,Hit and Run,No signal lights,Straight and flat,City or Town Road,Bitumen(Tar),Dry,Not Applicable,Fine,Hulimavu main road,SLV BAR,25FT,0.0,0.0
Bengaluru City,Hulimavu Traffic PS,1.04432e+16,2017,1,1,Road Accidents,Other,City/Town,Open area,Human Error,No,Simple Injury,Others,Signals (Working),Straight and flat,City or Town Road,Bitumen(Tar),Dry,Not Applicable,Fine,ARAKERE,BTM LAYOUT,25FT,0.0,0.0
Bengaluru City,Hulimavu Traffic PS,1.04432e+16,2017,1,1,Road Accidents,Other,City/Town,Open area,Human Error,No,Damage Only,Skidding or Self accident,Controlled,Straight and flat,City or Town Road,Bitumen(Tar),Dry,No influence on accident,Fine,HOSUR ROAD,SINGASANDRA,6KM,0.0,0.0
Bengaluru City,Hulimavu Traffic PS,1.04432e+16,2017,1,2,Road Accidents,Other,City/Town,Near Bus stop,Human Error,No,Damage Only,Others,Not at  Junction,Straight and flat,NH,Bitumen(Tar),Dry,No influence on accident,Fine,Hosur main road,Pillar no 99,45fts,0.0,0.0
Bengaluru City,Hulimavu Traffic PS,1.04432e+16,2017,1,2,Road Accidents,Not Applicable,City/Town,Open area,Human Error,No,Grievous Injury,Others,Controlled,Straight and flat,City or Town Road,Bitumen(Tar),Dry,No influence on accident,Fine,B G road,Meenakshi temple,1 kms,0.0,0.0
Bengaluru City,Hulimavu Traffic PS,1.04432e+16,2017,1,2,Road Accidents,Narrow road,City/Town,Near office complex,Human Error,Yes,Grievous Injury,Hit and Run,Not at  Junction,Straight and flat,City or Town Road,Bitumen(Tar),Dry,No influence on accident,Fine,DLF Road,Hotel Amara Jyothi,28feet,0.0,0.0
Bengaluru City,Hulimavu Traffic PS,1.04432e+16,2017,1,1,Road Accidents,T Junction,City/Town,Open area,Human Error,Yes,Simple Injury,Hit and Run,Signals (Working),Curve,City or Town Road,Bitumen(Tar),Dry,Not Applicable,Fine,HULIMAVU MAIN ROAD,B G S SCHOOL,25 FT,0.0,0.0
Bengaluru City,Hulimavu Traffic PS,1.04432e+16,2017,1,2,Road Accidents,Other,City/Town,Open area,Human Error,No,Simple Injury,Others,No signal lights,Straight and flat,City or Town Road,Bitumen(Tar),Dry,No influence on accident,Fine,Hosur Road,Indira Garments,25T,0.0,0.0
Bengaluru City,Hulimavu Traffic PS,1.04432e+16,2017,1,2,Road Accidents,Narrow road,City/Town,Open area,Human Error,No,Grievous Injury,Others,Controlled,Straight and flat,City or Town Road,Bitumen(Tar),Dry,Engineering Defect of Road,Fine,Begur,Kenara bank,6.5kms,0.0,0.0
Bengaluru City,Hulimavu Traffic PS,1.04432e+16,2017,1,2,Road Accidents,Other,City/Town,Near Bus stop,Human Error,No,Grievous Injury,Overturning,Not at  Junction,Straight and flat,NH,Bitumen(Tar),Dry,No influence on accident,Fine,Hosur main road,Pillar no 122,5ft,0.0,0.0
Bengaluru City,Hulimavu Traffic PS,1.04432e+16,2017,1,2,Road Accidents,T Junction,City/Town,Near office complex,Human Error,No,Grievous Injury,Side swipe,Not at  Junction,Straight and flat,City or Town Road,Bitumen(Tar),Dry,No influence on accident,Fine,Bhannerghatta road,Roj gargen Apartments,18feet,0.0,0.0
Bengaluru City,Hulimavu Traffic PS,1.04432e+16,2017,1,1,Road Accidents,Cross roads,City/Town,Open area,Human Error,No,Simple Injury,Hit pedestrian,Not Applicable,Straight and flat,City or Town Road,Bitumen(Tar),Dry,Not Applicable,Fine,"20th Cross, Shantiniketana",Shantiniketana,25 ft,0.0,0.0
Bengaluru City,Hulimavu Traffic PS,1.04432e+16,2017,1,1,Road Accidents,Narrow road,City/Town,Residential area,Human Error,No,Fatal,Hit animal,Not at  Junction,Straight and flat,City or Town Road,Bitumen(Tar),Dry,Not Applicable,Fine,3 rd Cross,3rd Cross,25ft,0.0,0.0
Bengaluru City,Hulimavu Traffic PS,1.04432e+16,2017,1,2,Road Accidents,Narrow road,City/Town,Open area,Human Error,Yes,Grievous Injury,Hit and Run,Controlled,Straight and flat,City or Town Road,Bitumen(Tar),Dry,No influence on accident,Fine,Hosur road,The national co oparative bank,8kms,0.0,0.0
Bengaluru City,Hulimavu Traffic PS,1.04432e+16,2017,1,2,Road Accidents,Cross roads,City/Town,Open area,Human Error,No,Grievous Injury,Head on,No signal lights,Straight and flat,City or Town Road,Bitumen(Tar),Dry,No influence on accident,Others,Hosur main road,Open area,15fts,0.0,0.0
Bengaluru City,Hulimavu Traffic PS,1.04432e+16,2017,1,2,Road Accidents,Junction,City/Town,Near Bus stop,Human Error,No,Fatal,Right Turn Collision,No signal lights,Curve,City or Town Road,Bitumen(Tar),Dry,No influence on accident,Fine,Bhannerghatta Main road,HSBC Compound,42feet,0.0,0.0
Bengaluru City,Hulimavu Traffic PS,1.04432e+16,2017,1,2,Road Accidents,Not Applicable,City/Town,Near office complex,Human Error,No,Damage Only,Hit parked vehicle,Signals (Working),Straight and flat,City or Town Road,Bitumen(Tar),Dry,Not Applicable,Fine,B G Raod Arakere,Reliance mart,25 ft,0.0,0.0
Bengaluru City,Hulimavu Traffic PS,1.04432e+16,2017,1,1,Road Accidents,Narrow road,City/Town,Open area,Human Error,Yes,Simple Injury,Hit and Run,Signal lights Automatic,Straight and flat,City or Town Road,Bitumen(Tar),Dry,No influence on accident,Fine,HOSUR MAIN ROAD,NEAR SINGASANDRA BUS STAND,2KM,0.0,0.0
Bengaluru City,Hulimavu Traffic PS,1.04432e+16,2017,1,2,Road Accidents,Narrow road,City/Town,Open area,Human Error,No,Damage Only,Others,Controlled,Straight and flat,Village Road,Bitumen(Tar),Dry,No influence on accident,Fine,B G road,Nyting heel aprt,3.5kms,0.0,0.0
Bengaluru City,Hulimavu Traffic PS,1.04432e+16,2017,1,2,Road Accidents,Junction,City/Town,Near Bus stop,Human Error,Yes,Fatal,Hit and Run,No signal lights,Others,City or Town Road,Bitumen(Tar),Dry,No influence on accident,Fine,B G Road,The park inn darshini hotel,25ft,0.0,0.0
Bengaluru City,Hulimavu Traffic PS,1.04432e+16,2017,1,2,Road Accidents,Narrow road,City/Town,Open area,Human Error,No,Simple Injury,Others,Controlled,Straight and flat,City or Town Road,Bitumen(Tar),Dry,No influence on accident,Fine,B G road,Mantri apport ment,3.5kms,0.0,0.0
Bengaluru City,Hulimavu Traffic PS,1.04432e+16,2017,1,2,Road Accidents,Other,City/Town,Near Petrol Pump,Human Error,No,Grievous Injury,Head on,Not at  Junction,Straight and flat,City or Town Road,Bitumen(Tar),Dry,No influence on accident,Fine,B G Road,Matsya mardini hotel,30fts,0.0,0.0
Bengaluru City,Hulimavu Traffic PS,1.04432e+16,2017,1,2,Road Accidents,T Junction,City/Town,Open area,Human Error,No,Damage Only,Others,Signal lights Automatic,Straight and flat,City or Town Road,Bitumen(Tar),Dry,Not Applicable,Fine,"B G road, Arakere Junction",Arakere,25ft,0.0,0.0
Bengaluru City,Hulimavu Traffic PS,1.04432e+16,2017,1,2,Road Accidents,Junction,City/Town,Narrow bridge or culverts,Human Error,No,Fatal,Side swipe,Signals (Working),Straight and flat,City or Town Road,Bitumen(Tar),Dry,No influence on accident,Fine,Hosur Main Road,Kudlu Gate Junction,15 Mt,0.0,0.0
Bengaluru City,Hulimavu Traffic PS,1.04432e+16,2017,1,2,Road Accidents,Other,City/Town,Open area,Human Error,No,Damage Only,Others,Signals (Working),Straight and flat,City or Town Road,Bitumen(Tar),Dry,Not Applicable,Fine,NYANAPPANAHALLI MAIN ROAD,SHAKUNTHALA NILAYA,25 FT,0.0,0.0
Bengaluru City,Hulimavu Traffic PS,1.04432e+16,2017,1,1,Road Accidents,Other,Rural Areas,Near a religious place,Human Error,Yes,Fatal,Hit and Run,Not Applicable,Others,Residential Street,Bitumen(Tar),Dry,No influence on accident,Fine,"MLA Layout, 2nd croos",Suvrith suprano apartments,10ft,0.0,0.0
Bengaluru City,Hulimavu Traffic PS,1.04432e+16,2017,1,1,Road Accidents,Narrow road,City/Town,Open area,Human Error,No,Grievous Injury,Others,Controlled,Straight and flat,City or Town Road,Bitumen(Tar),Ditch or Potholed,No influence on accident,Fine,B G road.,ICICI Bank,3.0kms,1.0,0.0
Bengaluru City,Hulimavu Traffic PS,1.04432e+16,2017,1,1,Road Accidents,Other,City/Town,Open area,Human Error,Yes,Simple Injury,Hit and Run,Controlled,Straight and flat,City or Town Road,Bitumen(Tar),Dry,No influence on accident,Fine,Hosur main road,Stone planet,8kms,0.0,0.0
Bengaluru City,Hulimavu Traffic PS,1.04432e+16,2017,1,2,Road Accidents,Narrow road,City/Town,Open area,Human Error,No,Grievous Injury,Others,Controlled,Straight and flat,City or Town Road,Bitumen(Tar),Dry,No influence on accident,Fine,B G Road,Menakshi mal,2 kms,0.0,0.0
Bengaluru City,Hulimavu Traffic PS,1.04432e+16,2017,1,1,Road Accidents,Other,City/Town,Open area,Human Error,No,Grievous Injury,Hit pedestrian,Not at  Junction,Straight and flat,City or Town Road,Bitumen(Tar),Dry,No influence on accident,Fine,Hulimavu lake road,Bell peppers hotel,25fts,0.0,0.0
Bengaluru City,Hulimavu Traffic PS,1.04432e+16,2017,1,1,Road Accidents,Junction,City/Town,Near School or College,Human Error,Yes,Grievous Injury,Hit and Run,Not Applicable,Straight and flat,City or Town Road,Bitumen(Tar),Dry,Not Applicable,Fine,24th Main Road Loyola School,Loyola School,25 ft,0.0,0.0
Bengaluru City,Hulimavu Traffic PS,1.04432e+16,2017,1,2,Road Accidents,Narrow road,City/Town,Near Petrol Pump,Human Error,Yes,Fatal,Hit and Run,Not at  Junction,Straight and flat,City or Town Road,Bitumen(Tar),Dry,No influence on accident,Fine,Bhannerghatta main road,Bharath petrol pump,25feet,0.0,0.0
Bengaluru City,Hulimavu Traffic PS,1.04432e+16,2017,1,2,Road Accidents,T Junction,City/Town,Open area,Human Error,Yes,Grievous Injury,Hit and Run,Signals (Working),Curve,City or Town Road,Bitumen(Tar),Dry,Not Applicable,Fine,KAMMANAHALLI MAIN ROAD,NITHESH APRTMANT,25 FT,0.0,0.0
Bengaluru City,Hulimavu Traffic PS,1.04432e+16,2017,1,1,Road Accidents,Narrow road,City/Town,Near Bus stop,Human Error,Yes,Fatal,Hit and Run,Signals (Working),Straight and flat,NH,Bitumen(Tar),Dry,No influence on accident,Fine,Hosur main road,Busstop,25feet,0.0,0.0
Bengaluru City,Hulimavu Traffic PS,1.04432e+16,2017,1,1,Road Accidents,Narrow road,City/Town,Open area,Human Error,Yes,Simple Injury,Hit and Run,Controlled,Straight and flat,City or Town Road,Bitumen(Tar),Dry,No influence on accident,Fine,Hosur road,Indira garments,8 kms,0.0,0.0
Bengaluru City,Hulimavu Traffic PS,1.04432e+16,2017,1,2,Road Accidents,Narrow road,City/Town,Open area,Human Error,Yes,Simple Injury,Hit and Run,Controlled,Straight and flat,City or Town Road,Bitumen(Tar),Dry,No influence on accident,Fine,BG road.,Meenakshi temple,500mtr,0.0,0.0
Bengaluru City,Hulimavu Traffic PS,1.04432e+16,2017,1,2,Road Accidents,Narrow road,City/Town,Near office complex,Human Error,No,Damage Only,Hit and Run,Not at  Junction,Not Applicable,City or Town Road,Bitumen(Tar),Dry,Not Applicable,Fog / Mist,80ft Road Arakere,Banashankari steel,20ft,0.0,0.0
Bengaluru City,Hulimavu Traffic PS,1.04432e+16,2017,1,2,Road Accidents,Junction,City/Town,Open area,Human Error,Yes,Fatal,Hit and Run,Give way sign,Straight and flat,City or Town Road,Bitumen(Tar),Dry,No influence on accident,Fine,B G Road,In Front Of I I M B Adishwara Show Room Road,25 Ft,0.0,0.0
Bengaluru City,Hulimavu Traffic PS,1.04432e+16,2017,1,2,Road Accidents,Junction,City/Town,Open area,Human Error,No,Damage Only,Others,Signals (Working),Straight and flat,City or Town Road,Bitumen(Tar),Dry,Not Applicable,Fine,B G Road,H S B C Junction,25 ft,0.0,0.0
Bengaluru City,Hulimavu Traffic PS,1.04432e+16,2017,1,2,Road Accidents,Junction,City/Town,Residential area,Human Error,Yes,Grievous Injury,Hit and Run,Not at  Junction,Straight and flat,City or Town Road,Bitumen(Tar),Dry,No influence on accident,Fine,Bannerghatta Main Road,B G ROAD,200mtr,0.0,0.0
Bengaluru City,Hulimavu Traffic PS,1.04432e+16,2017,1,2,Road Accidents,Other,City/Town,Near office complex,Human Error,No,Grievous Injury,Rear end,No signal lights,Straight and flat,City or Town Road,Bitumen(Tar),Dry,No influence on accident,Fine,11th Cross,Gandrim Hospital,25ft,0.0,0.0
Bengaluru City,Hulimavu Traffic PS,1.04432e+16,2017,1,1,Road Accidents,Narrow road,City/Town,Open area,Human Error,No,Simple Injury,Hit pedestrian,Not at  Junction,Straight and flat,City or Town Road,Bitumen(Tar),Dry,No influence on accident,Fine,Hosur main road,singasandra bus stop,25ft,0.0,0.0
Bengaluru City,Hulimavu Traffic PS,1.04432e+16,2017,1,1,Road Accidents,Junction,City/Town,Open area,Human Error,Yes,Damage Only,Hit and Run,Signals (Working),Curve,City or Town Road,Bitumen(Tar),Dry,Not Applicable,Fine,HOSUR MAIN ROAD,IRON GRILL,25 FT,0.0,0.0
Bengaluru City,Hulimavu Traffic PS,1.04432e+16,2017,1,4,Road Accidents,Narrow road,City/Town,Near School or College,Human Error,Not Applicable,Grievous Injury,Others,Signal lights Automatic,Straight and flat,City or Town Road,Bitumen(Tar),Dry,No influence on accident,Fine,DEVARACHIKKANAHALLI,SEEMA SCHOOL,2KM,0.0,0.0
Bengaluru City,Hulimavu Traffic PS,1.04432e+16,2017,1,2,Road Accidents,Narrow road,City/Town,Open area,Human Error,No,Grievous Injury,Others,Controlled,Straight and flat,City or Town Road,Bitumen(Tar),Dry,No influence on accident,Fine,B G road,Sri saaye mobile shop,100mtr,0.0,0.0
Bengaluru City,Hulimavu Traffic PS,1.04432e+16,2017,1,2,Road Accidents,Other,City/Town,Near School or College,Human Error,No,Fatal,Rear end,Not at  Junction,Straight and flat,City or Town Road,Bitumen(Tar),Dry,No influence on accident,Fine,B G Road,Sri chaitanya school compound,25ft,0.0,0.0
Bengaluru City,Hulimavu Traffic PS,1.04432e+16,2017,1,1,Road Accidents,Other,City/Town,Near office complex,Human Error,No,Fatal,Hit pedestrian,No signal lights,Straight and flat,NH,Bitumen(Tar),Dry,No influence on accident,Fine,Hosur main road,Pilar no 77,35fts,0.0,0.0
Bengaluru City,Hulimavu Traffic PS,1.04432e+16,2017,1,1,Road Accidents,Narrow road,City/Town,Open area,Human Error,No,Damage Only,Others,Controlled,Straight and flat,City or Town Road,Bitumen(Tar),Dry,No influence on accident,Fine,Begur road,SNN apratment,3kms,0.0,0.0
Bengaluru City,Hulimavu Traffic PS,1.04432e+16,2017,1,2,Road Accidents,Narrow road,City/Town,Open area,Human Error,No,Fatal,Head on,Not at  Junction,Straight and flat,City or Town Road,Bitumen(Tar),Dry,No influence on accident,Fine,Begur koppa main road,Raj sannidi partments,30feet,0.0,0.0
Bengaluru City,Hulimavu Traffic PS,1.04432e+16,2017,1,2,Road Accidents,Other,City/Town,Open area,Human Error,Yes,Grievous Injury,Hit and Run,Signals (Working),Straight and flat,City or Town Road,Bitumen(Tar),Dry,Not Applicable,Fine,"2nd Cross, Venkatadri Layout",Venkatadri Layout,25 Ft,0.0,0.0
Bengaluru City,Hulimavu Traffic PS,1.04432e+16,2017,1,2,Road Accidents,Y Junction,City/Town,Open area,Human Error,No,Simple Injury,Others,Signals (Working),Straight and flat,City or Town Road,Bitumen(Tar),Dry,Not Applicable,Fine,B G Road,D C Halli Main Road,25 Ft,0.0,0.0
Bengaluru City,Hulimavu Traffic PS,1.04432e+16,2017,1,2,Road Accidents,Narrow road,City/Town,Residential area,Human Error,No,Grievous Injury,Others,Controlled,Straight and flat,Residential Street,Bitumen(Tar),Dry,No influence on accident,Fine,B G road,Meenakshi mal,2.5kms,0.0,0.0
Bengaluru City,Hulimavu Traffic PS,1.04432e+16,2017,1,2,Road Accidents,Narrow road,City/Town,Open area,Human Error,No,Damage Only,Others,Controlled,Straight and flat,City or Town Road,Bitumen(Tar),Dry,No influence on accident,Fine,BG road,New indian shaping mal,4.5kms,0.0,0.0
Bengaluru City,Hulimavu Traffic PS,1.04432e+16,2017,1,2,Road Accidents,Narrow road,City/Town,Open area,Human Error,No,Simple Injury,Others,Controlled,Straight and flat,City or Town Road,Bitumen(Tar),Dry,No influence on accident,Fine,Hosur main road,Smruddi hotel,8kms,0.0,0.0
Bengaluru City,Hulimavu Traffic PS,1.04432e+16,2017,1,2,Road Accidents,Narrow road,City/Town,Open area,Human Error,Yes,Damage Only,Hit and Run,Controlled,Straight and flat,City or Town Road,Bitumen(Tar),Dry,No influence on accident,Fine,Hosur road,Piller No 90,8 kms,0.0,0.0
Bengaluru City,Hulimavu Traffic PS,1.04432e+16,2017,1,2,Road Accidents,Cross roads,City/Town,Open area,Human Error,No,Simple Injury,Others,No signal lights,Curve,City or Town Road,Bitumen(Tar),Dry,No influence on accident,Fine,Begur main Road,Manjushree Condiments,25ft,0.0,0.0
Bengaluru City,Hulimavu Traffic PS,1.04432e+16,2017,1,1,Road Accidents,Other,City/Town,Open area,Human Error,Yes,Fatal,Hit and Run,Not Applicable,Straight and flat,NH,Bitumen(Tar),Dry,No influence on accident,Fine,Hosur main road,Canara bank ATM,60ft,0.0,0.0
Bengaluru City,Hulimavu Traffic PS,1.04432e+16,2017,1,1,Road Accidents,Other,City/Town,Open area,Human Error,Yes,Simple Injury,Hit and Run,Controlled,Straight and flat,City or Town Road,Bitumen(Tar),Dry,No influence on accident,Fine,Kammanahalli main road,EG super market,1.0kms,0.0,0.0
Bengaluru City,Hulimavu Traffic PS,1.04432e+16,2017,1,3,Road Accidents,Other,City/Town,Open area,Human Error,Yes,Simple Injury,Hit and Run,Not at  Junction,Straight and flat,NH,Bitumen(Tar),Dry,No influence on accident,Fine,Hosur main road,Constructed building,35ft,0.0,0.0
Bengaluru City,Hulimavu Traffic PS,1.04432e+16,2018,1,2,Road Accidents,Other,City/Town,Near office complex,Human Error,No,Simple Injury,Rear end,Not at  Junction,Straight and flat,NH,Bitumen(Tar),Dry,No influence on accident,Fine,Hosur main road,Pillar no 67,47 fts,0.0,0.0
Bengaluru City,Hulimavu Traffic PS,1.04432e+16,2018,1,2,Road Accidents,Narrow road,City/Town,Open area,Human Error,Yes,Simple Injury,Hit and Run,Controlled,Straight and flat,City or Town Road,Bitumen(Tar),Dry,No influence on accident,Fine,Hosur main road,Rayal emfield show room,8kms,0.0,0.0
Bengaluru City,Hulimavu Traffic PS,1.04432e+16,2018,1,1,Road Accidents,Other,City/Town,Near Bus stop,Human Error,Yes,Simple Injury,Hit pedestrian,Signal lights Automatic,Straight and flat,NH,Bitumen(Tar),Dry,No influence on accident,Fine,Hosur road,Pillar no 54,26fts,0.0,0.0
Bengaluru City,Hulimavu Traffic PS,1.04432e+16,2018,1,2,Road Accidents,Other,City/Town,Near or inside a village,Human Error,No,Fatal,Head on,Not at  Junction,Straight and flat,City or Town Road,Bitumen(Tar),Dry,No influence on accident,Fine,Devarachikkanahalli mai road,Electrical pole,23fts,0.0,0.0
Bengaluru City,Hulimavu Traffic PS,1.04432e+16,2018,1,2,Road Accidents,Other,City/Town,Open area,Human Error,No,Simple Injury,Head on,No signal lights,Straight and flat,One way,Bitumen(Tar),Dry,Construction Work / Material,Fine,B G Road,Electrical pole,32fts,0.0,0.0
Bengaluru City,Hulimavu Traffic PS,1.04432e+16,2018,1,2,Other Railway Accidents,Junction,City/Town,Open area,Human Error,No,Simple Injury,Others,No signal lights,Straight and flat,City or Town Road,Bitumen(Tar),Dry,No influence on accident,Others,Near seena school,BBMP indira canteen cooking place,20fts,0.0,0.0
Bengaluru City,Hulimavu Traffic PS,1.04432e+16,2018,1,1,Road Accidents,Other,City/Town,Near Bus stop,Human Error,No,Fatal,Hit pedestrian,Not at  Junction,Straight and flat,NH,Bitumen(Tar),Dry,No influence on accident,Fine,Hosur road,Pillar no 121,45fts,12.88288,77.647816
Bengaluru City,Hulimavu Traffic PS,1.04432e+16,2018,1,1,Road Accidents,Junction,City/Town,Near Petrol Pump,Human Error,Yes,Simple Injury,Hit and Run,No signal lights,Straight and flat,City or Town Road,Bitumen(Tar),Dry,No influence on accident,Fine,Begur road,Tirumala sunidhi apartments,25fts,0.0,0.0
Bengaluru City,Hulimavu Traffic PS,1.04432e+16,2018,1,1,Road Accidents,Other,City/Town,Near School or College,Human Error,No,Simple Injury,Hit pedestrian,Not at  Junction,Straight and flat,City or Town Road,Bitumen(Tar),Dry,No influence on accident,Fine,Hulimavu road,Srinidhi condiments,10fts,0.0,0.0
Bengaluru City,Hulimavu Traffic PS,1.04432e+16,2018,1,1,Road Accidents,Junction,City/Town,Open area,Human Error,No,Simple Injury,Hit pedestrian,No signal lights,Straight and flat,City or Town Road,Bitumen(Tar),Dry,No influence on accident,Fine,BEGUR ROAD,BRAMHALINGESHWARA JUICE & CONDIMENTS,10FTS,12.879622,77.624538
Bengaluru City,Hulimavu Traffic PS,1.04432e+16,2018,1,2,Rail Road Accidents,Other,City/Town,Open area,Human Error,No,Simple Injury,Rear end,Not at  Junction,Straight and flat,Others,Bitumen(Tar),Dry,No influence on accident,Fine,Begur road,Electrical pole,8fts,0.0,0.0
Bengaluru City,Hulimavu Traffic PS,1.04432e+16,2018,1,1,Road Accidents,Other,City/Town,Near a recreation place/cinema,Human Error,Yes,Fatal,Hit pedestrian,Not at  Junction,Straight and flat,NH,Bitumen(Tar),Dry,No influence on accident,Fine,"Elivated flyover, Hosur road",Electrical pole,10fts,0.0,0.0
Bengaluru City,Hulimavu Traffic PS,1.04432e+16,2018,1,2,Road Accidents,Junction,City/Town,Open area,Human Error,Yes,Grievous Injury,Hit and Run,No signal lights,Straight and flat,City or Town Road,Bitumen(Tar),Dry,No influence on accident,Fine,DLF Main road,Corporation Bank,27fts,12.875975,77.616997
Bengaluru City,Hulimavu Traffic PS,1.04432e+16,2018,1,2,Road Accidents,Other,City/Town,Open area,Human Error,No,Simple Injury,Rear end,Not at  Junction,Straight and flat,NH,Bitumen(Tar),Dry,No influence on accident,Fine,Hosur main road,Pillar no 64,50fts,0.0,0.0
Bengaluru City,Hulimavu Traffic PS,1.04432e+16,2018,1,1,Road Accidents,Other,City/Town,Open area,Human Error,Yes,Simple Injury,Hit pedestrian,Not at  Junction,Straight and flat,City or Town Road,Bitumen(Tar),Dry,No influence on accident,Fine,Akshaya nagar road,Electrical pole,15fts,0.0,0.0
Bengaluru City,Hulimavu Traffic PS,1.04432e+16,2018,1,1,Road Accidents,Culvert,City/Town,Open area,Human Error,Yes,Grievous Injury,Hit fixed object,Not at  Junction,Straight and flat,Expressway,Bitumen(Tar),Dry,No influence on accident,Fine,Hosur road Flyover,ELECTRICAL POLE,32,0.0,0.0
Bengaluru City,Hulimavu Traffic PS,1.04432e+16,2018,1,1,Road Accidents,Other,City/Town,Open area,Human Error,No,Fatal,Hit pedestrian,Not at  Junction,Straight and flat,NH,Bitumen(Tar),Dry,No influence on accident,Fine,HOSUR  MAIN ROAD,PILLAR NO 70,20FTS,0.0,0.0
Bengaluru City,Hulimavu Traffic PS,1.04432e+16,2018,1,5,Road Accidents,Other,City/Town,Open area,Human Error,No,Simple Injury,Rear end,Not at  Junction,Straight and flat,Expressway,Bitumen(Tar),Dry,No influence on accident,Fine,HOSUR MAIN ROAD FLYOVER,ELECTRICAL POLE,12FTS,0.0,0.0
Bengaluru City,Hulimavu Traffic PS,1.04432e+16,2018,1,2,Road Accidents,Other,City/Town,Near Petrol Pump,Human Error,No,Simple Injury,Rear end,Not at  Junction,Straight and flat,NH,Bitumen(Tar),Dry,No influence on accident,Fine,Hosur road,Pillar no 106,46fts,0.0,0.0
Bengaluru City,Hulimavu Traffic PS,1.04432e+16,2018,1,1,Road Accidents,Other,City/Town,Open area,Human Error,No,Simple Injury,Hit pedestrian,Not at  Junction,Straight and flat,NH,Bitumen(Tar),Dry,No influence on accident,Fine,HOSUR MAIN ROAD,Pilalr no 90,42fts,0.0,0.0