DISTRICTNAME,UNITNAME,Crime_No,Year,RI,Noofvehicle_involved,Accident_Classification,Accident_Spot,Accident_Location,Accident_SubLocation,Main_Cause,Hit_Run,Severity,Collision_Type,Junction_Control,Road_Character,Road_Type,Surface_Type,Surface_Condition,Road_Condition,Weather,Accident_Road,Landmark_first,Distance_LandMark_First,Latitude,Longitude
Bengaluru City,Hulimavu Traffic PS,1.04432e+16,2018,1,1,Road Accidents,Other,City/Town,Open area,Human Error,No,Simple Injury,Hit pedestrian,Not at  Junction,Straight and flat,NH,Bitumen(Tar),Dry,No influence on accident,Fine,Hosur road,Pillar no 119,26fts,0.0,0.0
Bengaluru City,Hulimavu Traffic PS,1.04432e+16,2018,1,2,Road Accidents,Other,City/Town,Near a religious place,Human Error,No,Simple Injury,Head on,Not at  Junction,Straight and flat,City or Town Road,Bitumen(Tar),Dry,No influence on accident,Fine,Begur lake road,Mookambika service station,20fts,0.0,0.0
Bengaluru City,Hulimavu Traffic PS,1.04432e+16,2018,1,2,Road Accidents,Other,City/Town,Near School or College,Human Error,No,Grievous Injury,Rear end,Not at  Junction,Straight and flat,City or Town Road,Bitumen(Tar),Dry,No influence on accident,Fine,B G Road,SLV enterprises,42fts,12.858124,77.588978
Bengaluru City,Hulimavu Traffic PS,1.04432e+16,2018,1,1,Road Accidents,Other,City/Town,Open area,Human Error,Yes,Simple Injury,Hit pedestrian,Not at  Junction,Straight and flat,City or Town Road,Bitumen(Tar),Dry,No influence on accident,Fine,Manipal county road,Star clinic & dyers,8fts,0.0,0.0
Bengaluru City,Hulimavu Traffic PS,1.04432e+16,2018,1,2,Road Accidents,Other,City/Town,Near Bus stop,Human Error,Yes,Grievous Injury,Rear end,Not at  Junction,Straight and flat,NH,Bitumen(Tar),Dry,No influence on accident,Fine,HOSUR MAIN ROAD,PILLAR NO 129,35FTS,0.0,0.0
Bengaluru City,Hulimavu Traffic PS,1.04432e+16,2018,1,2,Road Accidents,Other,City/Town,Near a religious place,Human Error,Yes,Simple Injury,Head on,Not at  Junction,Straight and flat,City or Town Road,Bitumen(Tar),Dry,No influence on accident,Fine,B G Road,ELECTRICAL POLE,28FTS,12.843651,77.588133
Bengaluru City,Hulimavu Traffic PS,1.04432e+16,2018,1,1,Road Accidents,Other,City/Town,Open area,Human Error,Yes,Simple Injury,Hit and Run,Controlled,Straight and flat,City or Town Road,Bitumen(Tar),Dry,No influence on accident,Fine,Begur main road,Sanjivini clinic,5kms,0.0,0.0
Bengaluru City,Hulimavu Traffic PS,1.04432e+16,2018,1,2,Road Accidents,Junction,City/Town,Near School or College,Human Error,No,Damage Only,Rear end,No signal lights,Straight and flat,City or Town Road,Bitumen(Tar),Dry,No influence on accident,Fine,B G Road,No parking board,14fts,0.0,0.0
Bengaluru City,Hulimavu Traffic PS,1.04432e+16,2018,1,1,Road Accidents,Other,City/Town,Near Bus stop,Human Error,No,Simple Injury,Hit pedestrian,Not at  Junction,Straight and flat,NH,Bitumen(Tar),Dry,No influence on accident,Fine,HOSUR MAIN ROAD,15fts,15fts,0.0,0.0
Bengaluru City,Hulimavu Traffic PS,1.04432e+16,2018,1,2,Road Accidents,Other,City/Town,Near a religious place,Human Error,Yes,Simple Injury,Hit and Run,Not at  Junction,Straight and flat,City or Town Road,Bitumen(Tar),Dry,No influence on accident,Fine,BEGUR ROAD,COCONUT TREE,41FTS,0.0,0.0
Bengaluru City,Hulimavu Traffic PS,1.04432e+16,2018,1,1,Road Accidents,Other,City/Town,Near Bus stop,Human Error,Yes,Fatal,Others,Not at  Junction,Straight and flat,City or Town Road,Bitumen(Tar),Dry,No influence on accident,Fine,Bhanneghatta road,Pvt house,35fts,0.0,0.0
Bengaluru City,Hulimavu Traffic PS,1.04432e+16,2018,1,2,Rail Road Accidents,Other,City/Town,Open area,Human Error,Yes,Simple Injury,Rear end,Not at  Junction,Straight and flat,City or Town Road,Bitumen(Tar),Dry,No influence on accident,Fine,B GROAD,POORNIMA TIMBER CO,45FTS,0.0,0.0
Bengaluru City,Hulimavu Traffic PS,1.04432e+16,2018,1,1,Road Accidents,Junction,City/Town,Near Bus stop,Human Error,Yes,Grievous Injury,Hit and Run,No signal lights,Straight and flat,City or Town Road,Bitumen(Tar),Dry,No influence on accident,Fine,B G ROAD,ELECTRICAL POLE,25FTS,12.841579,77.588478
Bengaluru City,Hulimavu Traffic PS,1.04432e+16,2018,1,2,Road Accidents,Other,City/Town,Open area,Human Error,No,Damage Only,Rear end,Not at  Junction,Straight and flat,NH,Bitumen(Tar),Dry,No influence on accident,Fine,Hosur main road,Pillar no 86,26fts,0.0,0.0
Bengaluru City,Hulimavu Traffic PS,1.04432e+16,2018,1,2,Road Accidents,Other,Rural Areas,Near School or College,Human Error,No,Damage Only,Head on,Not at  Junction,Straight and flat,City or Town Road,Bitumen(Tar),Dry,No influence on accident,Fine,B G Road,BBMP signage board,35fts,0.0,0.0
Bengaluru City,Hulimavu Traffic PS,1.04432e+16,2018,1,1,Road Accidents,Culvert,City/Town,Narrow bridge or culverts,Human Error,No,Simple Injury,Skidding or Self accident,Not at  Junction,Straight and flat,Others,Bitumen(Tar),Dry,No influence on accident,Fine,Nice road,Begur koppa bridge,500mtr,0.0,0.0
Bengaluru City,Hulimavu Traffic PS,1.04432e+16,2018,1,1,Road Accidents,Circle,City/Town,Open area,Human Error,Yes,Simple Injury,Hit and Run,Controlled,Straight and flat,City or Town Road,Bitumen(Tar),Dry,No influence on accident,Fine,Lakshmi lay out main road,R K mill,5kms,12.890175,77.635205
Bengaluru City,Hulimavu Traffic PS,1.04432e+16,2018,1,2,Road Accidents,Other,City/Town,Near School or College,Human Error,No,Damage Only,Rear end,Not at  Junction,Straight and flat,City or Town Road,Bitumen(Tar),Dry,No influence on accident,Fine,B G Road,Rotary midtown Charitable,32fts,0.0,0.0
Bengaluru City,Hulimavu Traffic PS,1.04432e+16,2018,1,2,Road Accidents,Junction,City/Town,Open area,Human Error,No,Simple Injury,Others,Signal lights Automatic,Straight and flat,NH,Bitumen(Tar),Dry,No influence on accident,Fine,Hosur main road,kudlu gate junction,5fts,0.0,0.0
Bengaluru City,Hulimavu Traffic PS,1.04432e+16,2018,1,1,Road Accidents,Other,City/Town,Open area,Human Error,Yes,Simple Injury,Hit and Run,Not at  Junction,Straight and flat,NH,Bitumen(Tar),Dry,No influence on accident,Fine,Hosur road,Pillar no 119,41fts,0.0,0.0
Bengaluru City,Hulimavu Traffic PS,1.04432e+16,2018,1,1,Road Accidents,Other,City/Town,Near Bus stop,Human Error,No,Simple Injury,Hit pedestrian,Not at  Junction,Straight and flat,NH,Bitumen(Tar),Dry,No influence on accident,Fine,Hsur main road,Pillar no 119,24fts,0.0,0.0
Bengaluru City,Hulimavu Traffic PS,1.04432e+16,2018,1,2,Road Accidents,Other,City/Town,Open area,Human Error,Yes,Simple Injury,Right Turn Collision,Not at  Junction,Straight and flat,Service Road,Bitumen(Tar),Dry,No influence on accident,Fine,"Hosur road, Service road",PILLAR NO 90,45FTS,0.0,0.0
Bengaluru City,Hulimavu Traffic PS,1.04432e+16,2018,1,2,Rail Road Accidents,Junction,City/Town,Open area,Human Error,No,Simple Injury,Right Turn Collision,No signal lights,Straight and flat,City or Town Road,Bitumen(Tar),Dry,No influence on accident,Fine,HULIMAVU LAKE ROAD,ELECTRICAL POLE,26FTS,0.0,0.0
Bengaluru City,Hulimavu Traffic PS,1.04432e+16,2018,1,1,Road Accidents,Curves,City/Town,Open area,Human Error,Yes,Fatal,Hit pedestrian,Not at  Junction,Curve,Expressway,Bitumen(Tar),Dry,No influence on accident,Fine,NICE ROAD,CAUTIONARY BOARD,65FTS,0.0,0.0
Bengaluru City,Hulimavu Traffic PS,1.04432e+16,2018,1,2,Road Accidents,Cross roads,City/Town,Open area,Human Error,Yes,Fatal,Others,No signal lights,Curve,NH,Bitumen(Tar),Ditch or Potholed,No influence on accident,Fine,Hosur main road,Cautionary board,20fts,0.0,0.0
Bengaluru City,Hulimavu Traffic PS,1.04432e+16,2018,1,1,Road Accidents,Junction,City/Town,Near Bus stop,Human Error,No,Simple Injury,Hit pedestrian,No signal lights,Straight and flat,City or Town Road,Bitumen(Tar),Dry,No influence on accident,Fine,B G Road,Electrical pole,21fts,0.0,0.0
Bengaluru City,Hulimavu Traffic PS,1.04432e+16,2018,1,2,Road Accidents,Other,City/Town,Near School or College,Human Error,No,Simple Injury,Head on,Not at  Junction,Straight and flat,City or Town Road,Bitumen(Tar),Dry,Construction Work / Material,Fine,B G Road,Sherwood high school,30fts,0.0,0.0
Bengaluru City,Hulimavu Traffic PS,1.04432e+16,2018,1,1,Road Accidents,Circle,City/Town,Open area,Human Error,Yes,Simple Injury,Hit and Run,Controlled,Straight and flat,City or Town Road,Bitumen(Tar),Dry,No influence on accident,Fine,Doddakammanahalii main road,Nio malti speacility hospital,4 kms,0.0,0.0
Bengaluru City,Hulimavu Traffic PS,1.04432e+16,2018,1,1,Road Accidents,Other,City/Town,Open area,Human Error,No,Damage Only,Hit fixed object,Not at  Junction,Straight and flat,NH,Bitumen(Tar),Dry,No influence on accident,Fine,Hosur road,Pillar no 92,25fts,0.0,0.0
Bengaluru City,Hulimavu Traffic PS,1.04432e+16,2018,1,2,Road Accidents,Other,City/Town,Near Petrol Pump,Human Error,No,Simple Injury,Rear end,Not at  Junction,Straight and flat,NH,Bitumen(Tar),Dry,No influence on accident,Fine,Hosur road,Pillar no 103,26fts,12.881771,77.644465
Bengaluru City,Hulimavu Traffic PS,1.04432e+16,2018,1,2,Road Accidents,Other,City/Town,Open area,Human Error,No,Simple Injury,Rear end,Not at  Junction,Curve and Incline,City or Town Road,Bitumen(Tar),Dry,No influence on accident,Fine,C K Palya road,Sridevi store,20fts,0.0,0.0
Bengaluru City,Hulimavu Traffic PS,1.04432e+16,2018,1,1,Road Accidents,Other,City/Town,Open area,Human Error,Yes,Simple Injury,Hit pedestrian,Not at  Junction,Straight and flat,Service Road,Bitumen(Tar),Dry,No influence on accident,Fine,HOSUR ROAD SERVICE ROAD,PILLAR NO 91,45FTS,0.0,0.0
Bengaluru City,Hulimavu Traffic PS,1.04432e+16,2018,1,2,Road Accidents,Other,City/Town,Open area,Human Error,Yes,Fatal,Others,Not at  Junction,Straight and flat,NH,Bitumen(Tar),Dry,No influence on accident,Fine,HOSUR MAIN ROAD FLYOVER,ELECTRICAL POLE,10FTS,0.0,0.0
Bengaluru City,Hulimavu Traffic PS,1.04432e+16,2018,1,1,Road Accidents,Other,City/Town,Near Bus stop,Human Error,Yes,Fatal,Hit pedestrian,Not at  Junction,Straight and flat,NH,Bitumen(Tar),Dry,No influence on accident,Fine,Hosur main road,Pillar no 73,45 fts,0.0,0.0
Bengaluru City,Hulimavu Traffic PS,1.04432e+16,2018,1,1,Road Accidents,Bridge,City/Town,Open area,Human Error,No,Fatal,Hit fixed object,Not at  Junction,Straight and flat,City or Town Road,Bitumen(Tar),Dry,No influence on accident,Fine,Nice road,Open area,20fts,0.0,0.0
Bengaluru City,Hulimavu Traffic PS,1.04432e+16,2018,1,2,Road Accidents,Other,City/Town,Near a religious place,Human Error,No,Simple Injury,Right Turn Collision,Not at  Junction,Straight and flat,City or Town Road,Bitumen(Tar),Dry,No influence on accident,Fine,B G ROAD,Electrical pole,22FTS,0.0,0.0
Bengaluru City,Hulimavu Traffic PS,1.04432e+16,2018,1,2,Rail Road Accidents,Junction,City/Town,Open area,Human Error,Yes,Grievous Injury,Hit and Run,No signal lights,Straight and flat,City or Town Road,Bitumen(Tar),Dry,No influence on accident,Fine,Arakere main road,Laxmi venkateshwara cement shop,20fts,0.0,0.0
Bengaluru City,Hulimavu Traffic PS,1.04432e+16,2018,1,2,Road Accidents,Other,City/Town,Open area,Human Error,No,Grievous Injury,Right Turn Collision,Not at  Junction,Straight and flat,City or Town Road,Bitumen(Tar),Dry,No influence on accident,Fine,BEGUR LAKE ROAD,ELECTRICAL POLE,35FTS,0.0,0.0
Bengaluru City,Hulimavu Traffic PS,1.04432e+16,2018,1,2,Road Accidents,Rail Crossing manned,City/Town,Open area,Human Error,No,Damage Only,Rear end,Not at  Junction,Straight and flat,NH,Bitumen(Tar),Dry,No influence on accident,Fine,Hosur road Flyover,Electrical Pole,16fts,12.884345,77.642784
Bengaluru City,Hulimavu Traffic PS,1.04432e+16,2018,1,1,Road Accidents,Junction,City/Town,Open area,Human Error,No,Simple Injury,Hit pedestrian,Signal lights Automatic,Straight and flat,NH,Bitumen(Tar),Dry,No influence on accident,Fine,Hosur road,Pillar no 75,8fts,0.0,0.0
Bengaluru City,Hulimavu Traffic PS,1.04432e+16,2018,1,1,Road Accidents,Junction,City/Town,Open area,Human Error,No,Simple Injury,Hit pedestrian,Signal lights Blinking,Straight and flat,NH,Bitumen(Tar),Dry,No influence on accident,Fine,Hosur main road,Pillar no 74,12fts,12.889136,77.63991
Bengaluru City,Hulimavu Traffic PS,1.04432e+16,2018,1,1,Road Accidents,Other,City/Town,Near Bus stop,Human Error,No,Fatal,Hit pedestrian,Not at  Junction,Straight and flat,NH,Bitumen(Tar),Dry,No influence on accident,Fine,Hosur main road,pillar no 119,20fts,0.0,0.0
Bengaluru City,Hulimavu Traffic PS,1.04432e+16,2018,1,2,Road Accidents,Other,City/Town,Open area,Human Error,No,Damage Only,Rear end,Not at  Junction,Straight and flat,NH,Bitumen(Tar),Dry,No influence on accident,Fine,Hosur main road,Pillar no 70,43 fts,0.0,0.0
Bengaluru City,Hulimavu Traffic PS,1.04432e+16,2018,1,2,Road Accidents,Other,City/Town,Near Bus stop,Human Error,Yes,Damage Only,Hit and Run,No signal lights,Straight and flat,City or Town Road,Bitumen(Tar),Dry,No influence on accident,Fine,Begur main road,Commercial stalls,15fts,0.0,0.0
Bengaluru City,Hulimavu Traffic PS,1.04432e+16,2018,1,1,Road Accidents,Other,Villages settlement,Near or inside a village,Human Error,Yes,Simple Injury,Hit pedestrian,Not at  Junction,Straight and flat,Residential Street,Bitumen(Tar),Dry,No influence on accident,Fine,Begur road,Tree,18fts,0.0,0.0
Bengaluru City,Hulimavu Traffic PS,1.04432e+16,2018,1,1,Road Accidents,T Junction,City/Town,Near office complex,Human Error,Yes,Simple Injury,Hit pedestrian,No signal lights,Straight and flat,Service Road,Bitumen(Tar),Dry,No influence on accident,Fine,"osur road, Service road",Airtel office,15fts,0.0,0.0
Bengaluru City,Hulimavu Traffic PS,1.04432e+16,2018,1,1,Road Accidents,Junction,City/Town,Open area,Human Error,Yes,Fatal,Hit pedestrian,No signal lights,Straight and flat,NH,Bitumen(Tar),Dry,No influence on accident,Fine,HOSUR MAIN ROAD,PILLAR NO 91,35FTS,0.0,0.0
Bengaluru City,Hulimavu Traffic PS,1.04432e+16,2018,1,1,Road Accidents,Other,City/Town,Near office complex,Human Error,No,Fatal,Hit pedestrian,Not at  Junction,Straight and flat,NH,Bitumen(Tar),Dry,No influence on accident,Fine,HOSUR MAIN ROAD,PILLAR NO 90,45FTS,0.0,0.0
Bengaluru City,Hulimavu Traffic PS,1.04432e+16,2018,1,1,Road Accidents,Other,City/Town,Open area,Human Error,Yes,Simple Injury,Hit and Run,Controlled,Straight and flat,City or Town Road,Bitumen(Tar),Dry,No influence on accident,Fine,Devarachikkanahalli,Adishakthi yallamma devi nilaya,3kms,0.0,0.0
Bengaluru City,Hulimavu Traffic PS,1.04432e+16,2018,1,2,Road Accidents,Narrow road,City/Town,Open area,Human Error,No,Simple Injury,Others,Controlled,Straight and flat,City or Town Road,Bitumen(Tar),Dry,No influence on accident,Fine,Hosur main road,Pathanjali store,8kms,0.0,0.0
Bengaluru City,Hulimavu Traffic PS,1.04432e+16,2018,1,2,Road Accidents,Narrow road,City/Town,Open area,Human Error,Yes,Simple Injury,Hit and Run,Controlled,Straight and flat,City or Town Road,Bitumen(Tar),Dry,No influence on accident,Fine,Kammanahalli road,Ramaiah garden,2kms,0.0,0.0
Bengaluru City,Hulimavu Traffic PS,1.04432e+16,2018,1,2,Road Accidents,Other,City/Town,Near Petrol Pump,Human Error,No,Grievous Injury,Rear end,Not at  Junction,Straight and flat,City or Town Road,Bitumen(Tar),Dry,No influence on accident,Fine,B G Road,Puncher shop,16fts,0.0,0.0
Bengaluru City,Hulimavu Traffic PS,1.04432e+16,2018,1,2,Road Accidents,Other,City/Town,Near School or College,Human Error,No,Fatal,Rear end,Not at  Junction,Straight and flat,City or Town Road,Bitumen(Tar),Dry,No influence on accident,Fine,Bannerghatta road,Govt school compound,35fts,12.858454,77.589065
Bengaluru City,Hulimavu Traffic PS,1.04432e+16,2018,1,2,Road Accidents,Junction,City/Town,Open area,Human Error,Yes,Grievous Injury,Hit and Run,Controlled,Straight and flat,Residential Street,Bitumen(Tar),Dry,No influence on accident,Fine,Doddakammanahalli,Near muneshwara temple,2 kms,0.0,0.0
Bengaluru City,Hulimavu Traffic PS,1.04432e+16,2018,1,2,Road Accidents,Junction,City/Town,Near office complex,Human Error,Yes,Fatal,Head on,No signal lights,Straight and flat,City or Town Road,Bitumen(Tar),Dry,No influence on accident,Fine,BDA 80FT ROAD,TRANSFARM POLE,50FTS,0.0,0.0
Bengaluru City,Hulimavu Traffic PS,1.04432e+16,2018,1,2,Road Accidents,Cross roads,City/Town,Open area,Human Error,No,Damage Only,Others,No signal lights,Straight and flat,City or Town Road,Bitumen(Tar),Dry,No influence on accident,Fine,B G Road,Name board pole,60fts,0.0,0.0
Bengaluru City,Hulimavu Traffic PS,1.04432e+16,2018,1,3,Road Accidents,Other,City/Town,Open area,Human Error,No,Damage Only,Rear end,Not at  Junction,Straight and flat,NH,Bitumen(Tar),Dry,No influence on accident,Fine,HOSUR MAIN ROAD FLYOVER,DAYANANDA SAGAR UNIVERSITY,50FTS,0.0,0.0
Bengaluru City,Hulimavu Traffic PS,1.04432e+16,2018,1,2,Road Accidents,Other,City/Town,Near office complex,Human Error,No,Fatal,Rear end,Not at  Junction,Straight and flat,Two way,Bitumen(Tar),Dry,No influence on accident,Fine,B G Road,Sumit granites compound,40fts,0.0,0.0
Bengaluru City,Hulimavu Traffic PS,1.04432e+16,2018,1,2,Road Accidents,Other,City/Town,Near a religious place,Human Error,Yes,Simple Injury,Hit and Run,Not at  Junction,Straight and flat,City or Town Road,Bitumen(Tar),Dry,No influence on accident,Fine,Begur road,Tree,30fts,0.0,0.0
Bengaluru City,Hulimavu Traffic PS,1.04432e+16,2018,1,2,Road Accidents,Junction,City/Town,Near Bus stop,Human Error,No,Simple Injury,Right Turn Collision,Signal lights Automatic,Straight and flat,NH,Bitumen(Tar),Dry,No influence on accident,Fine,Hosur road,Pillar no 74,8fts,0.0,0.0
Bengaluru City,Hulimavu Traffic PS,1.04432e+16,2018,1,1,Road Accidents,Other,City/Town,Near School or College,Human Error,No,Simple Injury,Skidding or Self accident,Not at  Junction,Straight and flat,NH,Bitumen(Tar),Dry,No influence on accident,Fine,Hosur road,Pillar no 82,22fts,0.0,0.0
Bengaluru City,Hulimavu Traffic PS,1.04432e+16,2018,1,1,Road Accidents,Other,City/Town,Near office complex,Human Error,No,Simple Injury,Hit pedestrian,Not at  Junction,Straight and flat,Others,Bitumen(Tar),Dry,No influence on accident,Fine,Chamundeshwari nagar Main road,Electrical pole,15fts,0.0,0.0
Bengaluru City,Hulimavu Traffic PS,1.04432e+16,2018,1,2,Road Accidents,Other,City/Town,Open area,Human Error,No,Damage Only,Others,Not at  Junction,Straight and flat,NH,Bitumen(Tar),Dry,No influence on accident,Fine,Hosur main road,Pillar no76,28fts,0.0,0.0
Bengaluru City,Hulimavu Traffic PS,1.04432e+16,2018,1,2,Road Accidents,Other,City/Town,Open area,Human Error,Yes,Fatal,Rear end,Not at  Junction,Straight and flat,Service Road,Bitumen(Tar),Dry,No influence on accident,Fine,"Hosur road, Service road",Pillar no 84,45fts,12.886605,77.641664
Bengaluru City,Hulimavu Traffic PS,1.04432e+16,2018,1,2,Road Accidents,Other,City/Town,Open area,Human Error,No,Damage Only,Head on,Not at  Junction,Straight and flat,Service Road,Bitumen(Tar),Dry,No influence on accident,Fine,Hosur road service road,Pillar no 92,50fts,0.0,0.0
Bengaluru City,Hulimavu Traffic PS,1.04432e+16,2018,1,1,Road Accidents,Junction,City/Town,Open area,Human Error,No,Grievous Injury,Hit pedestrian,No signal lights,Straight and flat,NH,Bitumen(Tar),Dry,No influence on accident,Fine,HOSUR MAIN ROAD,PILLAR NO 91,32FTS,0.0,0.0
Bengaluru City,Hulimavu Traffic PS,1.04432e+16,2018,1,1,Road Accidents,Other,City/Town,Open area,Human Error,Yes,Grievous Injury,Others,Not at  Junction,Straight and flat,City or Town Road,Bitumen(Tar),Dry,No influence on accident,Fine,B G ROAD,ELECTRICAL POLE,25FTS,0.0,0.0
Bengaluru City,Hulimavu Traffic PS,1.04432e+16,2018,1,2,Road Accidents,Other,City/Town,Residential area,Human Error,No,Simple Injury,Head on,No signal lights,Straight and flat,City or Town Road,Bitumen(Tar),Dry,No influence on accident,Fine,Hommadevanahalli main road,Electrical pole,25ft,0.0,0.0
Bengaluru City,Hulimavu Traffic PS,1.04432e+16,2018,1,1,Road Accidents,Other,City/Town,Near Bus stop,Human Error,No,Fatal,Hit fixed object,Not at  Junction,Straight and flat,City or Town Road,Bitumen(Tar),Dry,Not Applicable,Flooding of Slipways/Rivulets,B G Road,Electrical pole,38fts,0.0,0.0
Bengaluru City,Hulimavu Traffic PS,1.04432e+16,2018,1,2,Road Accidents,Junction,City/Town,Near a religious place,Human Error,No,Damage Only,Rear end,Signal lights Automatic,Straight and flat,City or Town Road,Bitumen(Tar),Dry,No influence on accident,Fine,B G Road,Arali mara,30fts,0.0,0.0
Bengaluru City,Hulimavu Traffic PS,1.04432e+16,2018,1,1,Road Accidents,Other,City/Town,Open area,Human Error,No,Fatal,Skidding or Self accident,Not at  Junction,Straight and flat,Others,Bitumen(Tar),Dry,No influence on accident,Fine,Nice road,Begur koppa bridge,20fts,0.0,0.0
Bengaluru City,Hulimavu Traffic PS,1.04432e+16,2018,1,2,Road Accidents,Other,City/Town,Near Bus stop,Human Error,No,Damage Only,Rear end,Not at  Junction,Straight and flat,NH,Bitumen(Tar),Dry,No influence on accident,Fine,HOSUR MAIN ROAD,Pillar no 73,55fts,0.0,0.0
Bengaluru City,Hulimavu Traffic PS,1.04432e+16,2018,1,2,Road Accidents,Other,City/Town,Open area,Human Error,Yes,Fatal,Rear end,Not at  Junction,Straight and flat,City or Town Road,Bitumen(Tar),Dry,No influence on accident,Fine,Bannerghatta road,Pvt house gate,45fts,12.863824,77.591082
Bengaluru City,Hulimavu Traffic PS,1.04432e+16,2018,1,2,Road Accidents,Other,City/Town,Near a religious place,Human Error,Yes,Fatal,Rear end,Not at  Junction,Straight and flat,City or Town Road,Bitumen(Tar),Dry,No influence on accident,Fine,Bannerghatta road,Prestige park square gate,55fts,0.0,0.0
Bengaluru City,Hulimavu Traffic PS,1.04432e+16,2018,1,3,Road Accidents,Junction,City/Town,Open area,Human Error,No,Simple Injury,Head on,No signal lights,Curve,City or Town Road,Bitumen(Tar),Dry,No influence on accident,Fine,BDA ROAD,Electrical pole,40FTS,12.878794,77.609718
Bengaluru City,Hulimavu Traffic PS,1.04432e+16,2018,1,3,Road Accidents,Other,City/Town,Near School or College,Human Error,No,Simple Injury,Rear end,Not at  Junction,Hump,City or Town Road,Bitumen(Tar),Dry,No influence on accident,Fine,B G ROAD,ELECTRICAL POLE,27FTS,12.865951,77.591839
Bengaluru City,Hulimavu Traffic PS,1.04432e+16,2018,1,2,Road Accidents,Other,City/Town,Near or inside a village,Human Error,Yes,Damage Only,Head on,Not at  Junction,Straight and flat,City or Town Road,Bitumen(Tar),Dry,No influence on accident,Fine,AKSHAYA NAGAR ROAD,ELECTRICAL POLE,18FTS,0.0,0.0
Bengaluru City,Hulimavu Traffic PS,1.04432e+16,2018,1,1,Road Accidents,Other,City/Town,Near Bus stop,Human Error,No,Grievous Injury,Hit pedestrian,No signal lights,Straight and flat,NH,Bitumen(Tar),Dry,No influence on accident,Fine,HOSUR MAIN ROAD,PILLAR NO 91,30FTS,0.0,0.0
Bengaluru City,Hulimavu Traffic PS,1.04432e+16,2018,1,2,Road Accidents,Other,City/Town,Near Bus stop,Human Error,No,Damage Only,Right Turn Collision,Not at  Junction,Straight and flat,City or Town Road,Bitumen(Tar),Dry,No influence on accident,Fine,B G Road,ICICI Bank ATM,20fts,0.0,0.0
Bengaluru City,Hulimavu Traffic PS,1.04432e+16,2018,1,2,Road Accidents,Junction,City/Town,Near a religious place,Human Error,Yes,Simple Injury,Hit and Run,No signal lights,Straight and flat,NH,Bitumen(Tar),Dry,No influence on accident,Fine,Hosur road service road,Pillar no 60,55fts,0.0,0.0
Bengaluru City,Hulimavu Traffic PS,1.04432e+16,2018,1,1,Road Accidents,Other,City/Town,Open area,Human Error,No,Damage Only,Skidding or Self accident,Not at  Junction,Straight and flat,City or Town Road,Bitumen(Tar),Dry,No influence on accident,Fine,B G Road,BPL BMTC Bustop,52fts,0.0,0.0
Bengaluru City,Hulimavu Traffic PS,1.04432e+16,2018,1,2,Road Accidents,Other,Rural Areas,Near or inside a village,Human Error,No,Simple Injury,Others,Not at  Junction,Straight and flat,Village Road,Bitumen(Tar),Dry,No influence on accident,Fine,BEGUR MAIN ROAD,ANTHONY BEKARY,15FTS,0.0,0.0
Bengaluru City,Hulimavu Traffic PS,1.04432e+16,2018,1,1,Road Accidents,Other,City/Town,Open area,Human Error,Yes,Simple Injury,Hit pedestrian,Not at  Junction,Others,NH,Bitumen(Tar),Dry,No influence on accident,Fine,HOSUR MAIN ROAD SERVICE ROAD,PILLAR NO 100,46FT,0.0,0.0
Bengaluru City,Hulimavu Traffic PS,1.04432e+16,2018,1,2,Road Accidents,Other,City/Town,Open area,Human Error,Yes,Simple Injury,Hit and Run,Not at  Junction,Straight and flat,NH,Bitumen(Tar),Dry,No influence on accident,Fine,Hosur main road,Pillar no 73,36fts,0.0,0.0
Bengaluru City,Hulimavu Traffic PS,1.04432e+16,2018,1,2,Road Accidents,Other,City/Town,Near School or College,Human Error,Yes,Fatal,Rear end,Not at  Junction,Straight and flat,City or Town Road,Bitumen(Tar),Dry,No influence on accident,Fine,B G Road,Fixed Wooden piece,5fts,0.0,0.0
Bengaluru City,Hulimavu Traffic PS,1.04432e+16,2018,1,1,Road Accidents,Other,City/Town,Near Bus stop,Human Error,No,Fatal,Skidding or Self accident,Not at  Junction,Straight and flat,NH,Bitumen(Tar),Dry,No influence on accident,Light Rain,HOSUR MAIN ROAD,PILLAR NO 119,25FTS,0.0,0.0