DISTRICTNAME,UNITNAME,Crime_No,Year,RI,Noofvehicle_involved,Accident_Classification,Accident_Spot,Accident_Location,Accident_SubLocation,Main_Cause,Hit_Run,Severity,Collision_Type,Junction_Control,Road_Character,Road_Type,Surface_Type,Surface_Condition,Road_Condition,Weather,Accident_Road,Landmark_first,Distance_LandMark_First,Latitude,Longitude
Bengaluru City,Hulimavu Traffic PS,1.04432e+16,2021,1,1,Road Accidents,Narrow road,City/Town,Residential area,Human Error,No,Grievous Injury,Hit pedestrian,Controlled,Straight and flat,Others,Bitumen(Tar),Dry,No influence on accident,Clear,Bannerghatta main road,Yamaha show room,100mts,0.0,0.0
Bengaluru City,Hulimavu Traffic PS,1.04432e+16,2021,1,2,Road Accidents,Narrow road,City/Town,Near or inside a village,Human Error,No,Grievous Injury,Vehicle to Vehicle,Not at  Junction,Straight and flat,Others,Bitumen(Tar),Dry,No influence on accident,Clear,Begur Koppa Main Road,Near Asian Eletricals Shop,3 kms,0.0,0.0
Bengaluru City,Hulimavu Traffic PS,1.04432e+16,2021,1,2,Road Accidents,Junction,City/Town,At pedestrian Crossing,Human Error,Yes,Damage Only,Vehicle to Vehicle,Signal lights Automatic,Straight and flat,Arterial,Bitumen(Tar),Dry,No influence on accident,Clear,Hosur Main Road Kudlugate Junction,Near Kudlugate Junction,8kms,0.0,0.0
Bengaluru City,Hulimavu Traffic PS,1.04432e+16,2021,1,1,Road Accidents,Not Applicable,City/Town,Residential area,Human Error,No,Grievous Injury,Not Applicable,Not at  Junction,Straight and flat,Residential Street,Bitumen(Tar),Dry,No influence on accident,Fine,Hulimavu raghavendra matt road,Electrical pole,40fts,0.0,0.0
Bengaluru City,Hulimavu Traffic PS,1.04432e+16,2021,1,1,Road Accidents,Curves,City/Town,Residential area,Human Error,Yes,Fatal,Hit pedestrian,Uncontrolled,Slight Curve,Others,Bitumen(Tar),Dry,Not Applicable,Clear,Manipal county road,opp Family Bake Super Market,25 ft,0.0,0.0
Bengaluru City,Hulimavu Traffic PS,1.04432e+16,2021,1,1,Road Accidents,Not Applicable,City/Town,Near Bus stop,Human Error,No,Grievous Injury,Not Applicable,Not at  Junction,Straight and flat,Others,Bitumen(Tar),Dry,No influence on accident,Fine,B G Road,Basavanapura bustop,18fts,0.0,0.0
Bengaluru City,Hulimavu Traffic PS,1.04432e+16,2021,1,2,Road Accidents,Not Applicable,Rural Areas,Near a factory industrial area,Human Error,No,Damage Only,Not Applicable,Not at  Junction,Straight and flat,Others,Not Applicable,Muddy,No influence on accident,Fine,Sri Sadguru indane gas gowdan,E,60fts,0.0,0.0
Bengaluru City,Hulimavu Traffic PS,1.04432e+16,2021,1,1,Road Accidents,Not Applicable,City/Town,Near or inside a village,Human Error,No,Grievous Injury,Hit pedestrian,Not at  Junction,Straight and flat,Others,Bitumen(Tar),Dry,No influence on accident,Fine,Doddakammanahalli main road,Electrical pole,12fts,0.0,0.0
Bengaluru City,Hulimavu Traffic PS,1.04432e+16,2021,1,2,Road Accidents,Not Applicable,City/Town,Near office complex,Human Error,No,Damage Only,Vehicle to Vehicle,Not at  Junction,Straight and flat,Others,Bitumen(Tar),Dry,No influence on accident,Fine,Begur main road,Canara bank ATM,15fts,0.0,0.0
Bengaluru City,Hulimavu Traffic PS,1.04432e+16,2021,1,1,Road Accidents,Narrow road,City/Town,Near Bus stop,Human Error,No,Fatal,Hit pedestrian,Uncontrolled,Straight and flat,NH,Bitumen(Tar),Dry,Not Applicable,Clear,"Hosuru Main Road, Singasandra",piller no 120,7 ft,0.0,0.0
Bengaluru City,Hulimavu Traffic PS,1.04432e+16,2021,1,1,Road Accidents,Junction,City/Town,At pedestrian Crossing,Human Error,No,Grievous Injury,Hit pedestrian,Signal lights Automatic,Straight and flat,Others,Bitumen(Tar),Dry,Construction Work / Material,Clear,"Near Shahi Garments, B G Road",Near Shahi Garments,3.5kms,0.0,0.0
Bengaluru City,Hulimavu Traffic PS,1.04432e+16,2021,1,1,Road Accidents,Narrow road,City/Town,Open area,Human Error,No,Grievous Injury,Hit pedestrian,Not at  Junction,Straight and flat,Others,Bitumen(Tar),Dry,No influence on accident,Clear,Ragahavendra Mutt Road Hulimavu,Near S S Enter prises,4km,0.0,0.0
Bengaluru City,Hulimavu Traffic PS,1.04432e+16,2021,1,2,Road Accidents,Junction,City/Town,Open area,Human Error,No,Grievous Injury,Vehicle to Vehicle,Police / Manual,Straight and flat,Others,Bitumen(Tar),Dry,No influence on accident,Fine,Nice road junctiuon,CC Camera pole,43fts,0.0,0.0
Bengaluru City,Hulimavu Traffic PS,1.04432e+16,2021,1,2,Road Accidents,Junction,City/Town,At pedestrian Crossing,Human Error,No,Damage Only,Vehicle to Vehicle,Signal lights Automatic,Straight and flat,NH,Bitumen(Tar),Dry,No influence on accident,Fine,Hosur main road,Pillar no 75,7fts,0.0,0.0
Bengaluru City,Hulimavu Traffic PS,1.04432e+16,2021,1,2,Road Accidents,Narrow road,City/Town,Near Bus stop,Human Error,No,Simple Injury,Vehicle to Vehicle,Not at  Junction,Straight and flat,Major District Road,Bitumen(Tar),Dry,Not Applicable,Clear,Bannerughatta road,near shani mahatham temple,25,0.0,0.0
Bengaluru City,Hulimavu Traffic PS,1.04432e+16,2021,1,1,Road Accidents,Cross roads,City/Town,Residential area,Human Error,Yes,Simple Injury,Not Applicable,No signal lights,Others,Others,Bitumen(Tar),Dry,No influence on accident,Fine,Devarachikkanahalli road,Electrical pole,38fts,0.0,0.0
Bengaluru City,Hulimavu Traffic PS,1.04432e+16,2021,1,2,Road Accidents,Not Applicable,City/Town,Near Bus stop,Human Error,No,Damage Only,Vehicle to Vehicle,Not at  Junction,Straight and flat,Others,Bitumen(Tar),Dry,No influence on accident,Fine,B G ROAD,GOTTIGERE BUSTOP,30,0.0,0.0
Bengaluru City,Hulimavu Traffic PS,1.04432e+16,2021,1,2,Road Accidents,Not Applicable,City/Town,Near a religious place,Human Error,No,Grievous Injury,Not Applicable,Not at  Junction,Straight and flat,Others,Bitumen(Tar),Dry,No influence on accident,Fine,BEGUR LAKE ROAD,Electrical pole,14FTS,0.0,0.0
Bengaluru City,Hulimavu Traffic PS,1.04432e+16,2021,1,2,Road Accidents,Narrow road,City/Town,Residential area,Human Error,No,Simple Injury,Vehicle to Vehicle,Not at  Junction,Straight and flat,Others,Bitumen(Tar),Dry,No influence on accident,Others,Mapipal County Road,Near Samruddhi Kuteera Hotel,5.5kms,0.0,0.0
Bengaluru City,Hulimavu Traffic PS,1.04432e+16,2021,1,1,Road Accidents,Narrow road,City/Town,Near Petrol Pump,Human Error,No,Fatal,Hit pedestrian,Uncontrolled,Straight and flat,NH,Bitumen(Tar),Wet,Not Applicable,Clear,"Hosuru Main Road, Singasandra",Piller No 130,25ft,0.0,0.0
Bengaluru City,Hulimavu Traffic PS,1.04432e+16,2021,1,1,Road Accidents,Narrow road,City/Town,Near a factory industrial area,Human Error,Yes,Grievous Injury,Hit pedestrian,Not at  Junction,Straight and flat,NH,Bitumen(Tar),Dry,No influence on accident,Clear,Hosur Main Road,Near Chikkabegur Gate,7kms,12.885365,77.6417685
Bengaluru City,Hulimavu Traffic PS,1.04432e+16,2021,1,1,Road Accidents,Junction,City/Town,Near Bus stop,Human Error,No,Grievous Injury,Hit pedestrian,Police / Manual,Not Applicable,Others,Bitumen(Tar),Dry,No influence on accident,Fine,B G Road,Cautionary board,13fts,0.0,0.0
Bengaluru City,Hulimavu Traffic PS,1.04432e+16,2021,1,1,Road Accidents,Narrow road,City/Town,Open area,Human Error,No,Simple Injury,Hit pedestrian,Not at  Junction,Straight and flat,NH,Bitumen(Tar),Dry,No influence on accident,Clear,Hosur main road,Near Royal Enfield Showroom,8 kms,0.0,0.0
Bengaluru City,Hulimavu Traffic PS,1.04432e+16,2021,1,2,Road Accidents,Narrow road,City/Town,Residential area,Human Error,No,Simple Injury,Vehicle to Vehicle,Not at  Junction,Straight and flat,Others,Bitumen(Tar),Dry,No influence on accident,Others,"Near Muneshawara Temple ,Hommadevanahali Road",Near Muneshawar Temple,3 kms,0.0,0.0
Bengaluru City,Hulimavu Traffic PS,1.04432e+16,2021,1,2,Road Accidents,Narrow road,City/Town,Open area,Human Error,No,Grievous Injury,Vehicle to Vehicle,Not at  Junction,Straight and flat,Others,Bitumen(Tar),Dry,No influence on accident,Others,Nice  Main Road,Near Chikkakammanahali Lake,3 kms,0.0,0.0
Bengaluru City,Hulimavu Traffic PS,1.04432e+16,2021,1,1,Road Accidents,Narrow road,City/Town,Near Petrol Pump,Human Error,No,Damage Only,Not Applicable,Not at  Junction,Straight and flat,Others,Bitumen(Tar),Dry,No influence on accident,Clear,Begur main road,NearIndian Oil Petrol Pump,6kms,0.0,0.0
Bengaluru City,Hulimavu Traffic PS,1.04432e+16,2021,1,1,Road Accidents,Narrow road,City/Town,Near Petrol Pump,Human Error,No,Grievous Injury,Hit pedestrian,Not at  Junction,Straight and flat,Others,Bitumen(Tar),Dry,No influence on accident,Clear,B G Road,Near Shell Petrol Bunk,250mtr,0.0,0.0
Bengaluru City,Hulimavu Traffic PS,1.04432e+16,2021,1,1,Road Accidents,Not Applicable,City/Town,Near or inside a village,Human Error,No,Grievous Injury,Not Applicable,Not at  Junction,Straight and flat,Others,Bitumen(Tar),Dry,No influence on accident,Fine,HUlimavu Main road,ELECTRICAL POLE,14ft,0.0,0.0
Bengaluru City,Hulimavu Traffic PS,1.04432e+16,2021,1,2,Road Accidents,Junction,City/Town,Residential area,Human Error,No,Grievous Injury,Vehicle to Vehicle,Controlled,Straight and flat,Residential Street,Bitumen(Tar),Dry,No influence on accident,Fine,Bannerghatta main road,Meenakshi residency,200mtr,0.0,0.0
Bengaluru City,Hulimavu Traffic PS,1.04432e+16,2021,1,2,Road Accidents,Narrow road,City/Town,Near a factory industrial area,Human Error,No,Fatal,Vehicle to Vehicle,Not at  Junction,Straight and flat,Major District Road,Bitumen(Tar),Dry,Not Applicable,Clear,Bannrughatta Main Road,Ashook trees,20ft,0.0,0.0
Bengaluru City,Hulimavu Traffic PS,1.04432e+16,2021,1,1,Road Accidents,Not Applicable,City/Town,Near Bus stop,Human Error,No,Simple Injury,Hit pedestrian,Not at  Junction,Others,NH,Bitumen(Tar),Dry,No influence on accident,Fine,Hosur main road,Pillar no 121,12fts,0.0,0.0
Bengaluru City,Hulimavu Traffic PS,1.04432e+16,2021,1,2,Road Accidents,Junction,City/Town,Near or inside a village,Human Error,No,Grievous Injury,Vehicle to Vehicle,No signal lights,Straight and flat,Others,Bitumen(Tar),Dry,No influence on accident,Fine,Doddakammanahalli junjappa lyout road,Electrical pole,12fts,0.0,0.0
Bengaluru City,Hulimavu Traffic PS,1.04432e+16,2021,1,2,Road Accidents,Narrow road,City/Town,Residential area,Human Error,Yes,Damage Only,Vehicle to Vehicle,Not at  Junction,Curve,Others,Bitumen(Tar),Dry,No influence on accident,Clear,Ramanshree Nagar Road,Near Ramanashree Nagar,2km,0.0,0.0
Bengaluru City,Hulimavu Traffic PS,1.04432e+16,2021,1,2,Road Accidents,Narrow road,City/Town,Open area,Human Error,No,Simple Injury,Vehicle to Vehicle,Not at  Junction,Straight and flat,Others,Bitumen(Tar),Dry,No influence on accident,Clear,B G Road,Near Nice Road banashree Hotel,1 kms,0.0,0.0
Bengaluru City,Hulimavu Traffic PS,1.04432e+16,2021,1,2,Road Accidents,Narrow road,City/Town,Residential area,Human Error,No,Damage Only,Vehicle to Vehicle,Not at  Junction,Straight and flat,Residential Street,Bitumen(Tar),Dry,No influence on accident,Fine,Begur village road,Electrical pole,21fts,0.0,0.0
Bengaluru City,Hulimavu Traffic PS,1.04432e+16,2021,1,1,Road Accidents,Not Applicable,City/Town,Open area,Human Error,No,Grievous Injury,Not Applicable,Not at  Junction,Straight and flat,Others,Bitumen(Tar),Dry,No influence on accident,Fine,NICE ROAD,SILVER TREE,15FTS,0.0,0.0
Bengaluru City,Hulimavu Traffic PS,1.04432e+16,2021,1,1,Road Accidents,Narrow road,City/Town,Near a religious place,Human Error,No,Simple Injury,Hit pedestrian,Not at  Junction,Straight and flat,Others,Bitumen(Tar),Dry,No influence on accident,Clear,B G Road,Near Anjaneya swamy Temple,500 me,0.0,0.0
Bengaluru City,Hulimavu Traffic PS,1.04432e+16,2021,1,2,Road Accidents,Narrow road,City/Town,Near a factory industrial area,Human Error,No,Simple Injury,Vehicle to Vehicle,Not at  Junction,Straight and flat,Others,Bitumen(Tar),Dry,No influence on accident,Clear,Hosur Main Road Elivated Fly Over,Near Lay Bye,8kms,0.0,0.0
Bengaluru City,Hulimavu Traffic PS,1.04432e+16,2021,1,2,Rail Road Accidents,Junction,City/Town,Near a religious place,Human Error,No,Grievous Injury,Vehicle to Vehicle,No signal lights,Straight and flat,Service Road,Bitumen(Tar),Dry,No influence on accident,Fine,Hosur road Service road,Metro pillar no 303,25ft,0.0,0.0
Bengaluru City,Hulimavu Traffic PS,1.04432e+16,2021,1,2,Road Accidents,Narrow road,City/Town,Near Petrol Pump,Human Error,No,Grievous Injury,Vehicle to Vehicle,Controlled,Straight and flat,NH,Bitumen(Tar),Dry,No influence on accident,Fine,Hosur main road,Pillar no 99,20fts,0.0,0.0
Bengaluru City,Hulimavu Traffic PS,1.04432e+16,2021,1,1,Road Accidents,Narrow road,City/Town,Near office complex,Human Error,No,Grievous Injury,Hit pedestrian,Not at  Junction,Straight and flat,Others,Bitumen(Tar),Dry,No influence on accident,Clear,Matha School Road,Near R K Mill,6kms,0.0,0.0
Bengaluru City,Hulimavu Traffic PS,1.04432e+16,2021,1,2,Road Accidents,Narrow road,City/Town,Residential area,Human Error,Yes,Simple Injury,Vehicle to Vehicle,Not at  Junction,Straight and flat,Others,Bitumen(Tar),Dry,No influence on accident,Clear,"8  th Cross,Vishawapriya Layout",Near 8 th cross,5kms,0.0,0.0
Bengaluru City,Hulimavu Traffic PS,1.04432e+16,2021,1,1,Road Accidents,Not Applicable,City/Town,Near or inside a village,Human Error,No,Grievous Injury,Hit pedestrian,Not at  Junction,Straight and flat,Others,Bitumen(Tar),Dry,No influence on accident,Fine,Manipal county road,ELECTRICAL POLE,20fts,0.0,0.0
Bengaluru City,Hulimavu Traffic PS,1.04432e+16,2021,1,2,Road Accidents,Not Applicable,City/Town,Open area,Human Error,No,Grievous Injury,Vehicle to Vehicle,Not at  Junction,Straight and flat,Others,Bitumen(Tar),Dry,No influence on accident,Fine,Manipal county road,Electrical pole,20fts,0.0,0.0
Bengaluru City,Hulimavu Traffic PS,1.04432e+16,2021,1,2,Road Accidents,Narrow road,City/Town,Open area,Human Error,No,Grievous Injury,Vehicle to Vehicle,Give way sign,Straight and flat,Others,Bitumen(Tar),Dry,No influence on accident,Fine,Doddakammanahalli road,Electrical pole,6fts,0.0,0.0
Bengaluru City,Hulimavu Traffic PS,1.04432e+16,2021,1,2,Road Accidents,Cross roads,City/Town,Near Hospital,Human Error,No,Fatal,Vehicle to Vehicle,Not at  Junction,Straight and flat,Major District Road,Bitumen(Tar),Dry,Construction Work / Material,Fine,Bannrughatta Main Road,light pole,40ft,0.0,0.0
Bengaluru City,Hulimavu Traffic PS,1.04432e+16,2021,1,2,Road Accidents,Not Applicable,City/Town,Near or inside a village,Human Error,No,Simple Injury,Vehicle to Vehicle,Not at  Junction,Straight and flat,Others,Bitumen(Tar),Dry,No influence on accident,Fine,Hulimavu Main road,Electrical Pole,35fts,0.0,0.0
Bengaluru City,Hulimavu Traffic PS,1.04432e+16,2021,1,1,Road Accidents,Narrow road,City/Town,Residential area,Human Error,No,Simple Injury,Hit pedestrian,Not at  Junction,Straight and flat,Others,Bitumen(Tar),Dry,No influence on accident,Clear,Hulimavu Main Road,Near Brhamalingeshwar Bekary,4kms,0.0,0.0
Bengaluru City,Hulimavu Traffic PS,1.04432e+16,2021,1,2,Road Accidents,Bottleneck,City/Town,Near office complex,Human Error,Yes,Damage Only,Vehicle to Vehicle,Not at  Junction,Straight and flat,Others,Bitumen(Tar),Dry,No influence on accident,Clear,B G Road,Near WE Work,3 kms,0.0,0.0
Bengaluru City,Hulimavu Traffic PS,1.04432e+16,2021,1,1,Road Accidents,Not Applicable,City/Town,Near Bus stop,Human Error,No,Simple Injury,Not Applicable,Not at  Junction,Straight and flat,NH,Bitumen(Tar),Dry,No influence on accident,Fine,Hosur main road,RP 365,30fts,0.0,0.0
Bengaluru City,Hulimavu Traffic PS,1.04432e+16,2021,1,2,Road Accidents,Junction,City/Town,Open area,Human Error,Yes,Fatal,Vehicle to Vehicle,No signal lights,Curve,Expressway,Bitumen(Tar),Dry,No influence on accident,Light Rain,NICE ROAD,Near T Joh College Jnction,1.5 km,0.0,0.0
Bengaluru City,Hulimavu Traffic PS,1.04432e+16,2021,1,1,Road Accidents,Narrow road,City/Town,Near Bus stop,Human Error,Yes,Grievous Injury,Hit pedestrian,Not at  Junction,Straight and flat,Others,Bitumen(Tar),Dry,No influence on accident,Others,B G Road,Near Basavanapura Bus Stop,2km,0.0,0.0
Bengaluru City,Hulimavu Traffic PS,1.04432e+16,2022,1,3,Road Accidents,Curves,City/Town,Residential area,Human Error,No,Grievous Injury,Vehicle to Vehicle,No signal lights,Curve,Others,Bitumen(Tar),Dry,No influence on accident,Clear,Begur Hongasandra Main Road,Near Begur Police Station,0.5kms,0.0,0.0
Bengaluru City,Hulimavu Traffic PS,1.04432e+16,2022,1,2,Road Accidents,Not Applicable,City/Town,Open area,Human Error,No,Damage Only,Vehicle to Vehicle,Not at  Junction,Straight and flat,NH,Bitumen(Tar),Dry,No influence on accident,Fine,Hosur main road,Elivated Fly over pillar no 76,18fts,0.0,0.0
Bengaluru City,Hulimavu Traffic PS,1.04432e+16,2022,1,2,Road Accidents,Junction,City/Town,Residential area,Human Error,No,Grievous Injury,Vehicle to Vehicle,No signal lights,Straight and flat,Others,Bitumen(Tar),Dry,No influence on accident,Fog / Mist,Mahakavi Kalidasa Road,Near RTO Office,4.5kms,0.0,0.0
Bengaluru City,Hulimavu Traffic PS,1.04432e+16,2022,1,2,Road Accidents,Junction,City/Town,Residential area,Human Error,Yes,Grievous Injury,Vehicle to Vehicle,No signal lights,Curve,Others,Bitumen(Tar),Dry,No influence on accident,Clear,Sir M V Road,Near Brick Lange Pub,5 kms,0.0,0.0
Bengaluru City,Hulimavu Traffic PS,1.04432e+16,2022,1,2,Road Accidents,Narrow road,City/Town,Near School or College,Human Error,No,Grievous Injury,Vehicle to Vehicle,Not at  Junction,Straight and flat,Major District Road,Bitumen(Tar),Dry,Not Applicable,Clear,Beguru Hongasandra Main Road,ELECTRICAL POLE,15,0.0,0.0
Bengaluru City,Hulimavu Traffic PS,1.04432e+16,2022,1,2,Road Accidents,Curves,City/Town,Near School or College,Human Error,Yes,Damage Only,Vehicle to Vehicle,No signal lights,Slight Curve,Expressway,Bitumen(Tar),Dry,No influence on accident,Clear,Nice Road,Near  T John College,50 ft,12.849892,77.58892
Bengaluru City,Hulimavu Traffic PS,1.04432e+16,2022,1,2,Road Accidents,Not Applicable,City/Town,Open area,Human Error,No,Grievous Injury,Vehicle to Vehicle,Not Applicable,Straight and flat,Others,Bitumen(Tar),Dry,No influence on accident,Fine,Tejaswini nagar road,GOS,10fts,0.0,0.0
Bengaluru City,Hulimavu Traffic PS,1.04432e+16,2022,1,2,Road Accidents,Narrow road,City/Town,Residential area,Human Error,Not Applicable,Grievous Injury,Vehicle to Vehicle,Not at  Junction,Straight and flat,Others,Bitumen(Tar),Dry,No influence on accident,Others,Gottigere Lake Road,Near Nandhi Woods Apartment,0.5,0.0,0.0
Bengaluru City,Hulimavu Traffic PS,1.04432e+16,2022,1,2,Road Accidents,Narrow road,City/Town,Near School or College,Human Error,Yes,Fatal,Vehicle to Vehicle,Not at  Junction,Straight and flat,State Highway,Bitumen(Tar),Dry,No influence on accident,Clear,Banneughatta Main Road,Near Base PU College,4.5 km,0.0,0.0
Bengaluru City,Hulimavu Traffic PS,1.04432e+16,2022,1,3,Road Accidents,Narrow road,City/Town,Near School or College,Human Error,No,Damage Only,Vehicle to Vehicle,Not at  Junction,Straight and flat,State Highway,Bitumen(Tar),Dry,No influence on accident,Hail or Sleet,Bannerughatta Road,Near L J Iyyeangers Bakery,2 kms,0.0,0.0
Bengaluru City,Hulimavu Traffic PS,1.04432e+16,2022,1,2,Road Accidents,Not Applicable,City/Town,Near Petrol Pump,Human Error,No,Damage Only,Vehicle to Vehicle,Not at  Junction,Straight and flat,NH,Bitumen(Tar),Dry,Not Applicable,Clear,HOSUR MAIN ROAD PILLER NO 98,piller no 98,25ft,0.0,0.0
Bengaluru City,Hulimavu Traffic PS,1.04432e+16,2022,1,1,Road Accidents,Not Applicable,City/Town,Residential area,Human Error,Not Applicable,Grievous Injury,Hit pedestrian,Not Applicable,Straight and flat,Two way,Bitumen(Tar),Dry,Not Applicable,Clear,sai baba tempal 80 ft road,ELECTRICAL POLE,20,0.0,0.0
Bengaluru City,Hulimavu Traffic PS,1.04432e+16,2022,1,1,Road Accidents,Not Applicable,City/Town,Near Bus stop,Human Error,No,Grievous Injury,Not Applicable,Not at  Junction,Straight and flat,NH,Bitumen(Tar),Dry,Not Applicable,Clear,"HOSURU MAIN ROAD, NEAR KUDLUGATE METRO STATION",PILLER NO 68,40 FT,0.0,0.0
Bengaluru City,Hulimavu Traffic PS,1.04432e+16,2022,1,10,Road Accidents,Not Applicable,City/Town,Near office complex,Human Error,No,Grievous Injury,Vehicle to Vehicle,Not at  Junction,Straight and flat,Others,Bitumen(Tar),Dry,No influence on accident,Fine,AECS Layout B Block  9th Main road,Electrical pole,10fts,0.0,0.0
Bengaluru City,Hulimavu Traffic PS,1.04432e+16,2022,1,1,Road Accidents,Not Applicable,City/Town,Residential area,Human Error,No,Simple Injury,Hit bicyclist,Not at  Junction,Straight and flat,Others,Bitumen(Tar),Dry,No influence on accident,Fine,Bisilu maramma/Begur koppa road,Electrical pole,25FTS,0.0,0.0
Bengaluru City,Hulimavu Traffic PS,1.04432e+16,2022,1,1,Road Accidents,Narrow road,City/Town,Near a factory industrial area,Human Error,No,Grievous Injury,Hit pedestrian,Not at  Junction,Straight and flat,NH,Bitumen(Tar),Dry,No influence on accident,Clear,Hosur Main Road,Near Indura Garmnets,8,0.0,0.0
Bengaluru City,Hulimavu Traffic PS,1.04432e+16,2022,1,1,Road Accidents,Curves,City/Town,Residential area,Human Error,No,Grievous Injury,Not Applicable,Not at  Junction,Slight Curve,Minor District Road,Bitumen(Tar),Dry,Not Applicable,Cloudy,Doddakammanahalli main road,Electrical pole,15ft,0.0,0.0
Bengaluru City,Hulimavu Traffic PS,1.04432e+16,2022,1,2,Road Accidents,Narrow road,City/Town,Residential area,Human Error,No,Grievous Injury,Vehicle to Vehicle,Not at  Junction,Straight and flat,Others,Bitumen(Tar),Dry,Not Applicable,Clear,Avani Shrungeri Nagar Road,Electrical Box,8,0.0,0.0
Bengaluru City,Hulimavu Traffic PS,1.04432e+16,2022,1,2,Road Accidents,Cross roads,City/Town,Near Bus stop,Human Error,No,Damage Only,Vehicle to Vehicle,No signal lights,Straight and flat,State Highway,Bitumen(Tar),Dry,Not Applicable,Clear,"Bannerughatta Main Road, Gottegere opp Someshwara Temple",ELECTRICAL POLE,20 ft,0.0,0.0
Bengaluru City,Hulimavu Traffic PS,1.04432e+16,2022,1,1,Road Accidents,Narrow road,City/Town,Residential area,Human Error,Yes,Simple Injury,Not Applicable,No signal lights,Straight and flat,Others,Bitumen(Tar),Dry,Not Applicable,Clear,DLF Road,Electrical Pole,18,0.0,0.0
Bengaluru City,Hulimavu Traffic PS,1.04432e+16,2022,1,2,Road Accidents,Junction,City/Town,Open area,Human Error,No,Grievous Injury,Vehicle to Vehicle,No signal lights,Straight and flat,Others,Bitumen(Tar),Dry,No influence on accident,Fine,Cave temple road,Electrical pole,50fts,0.0,0.0
Bengaluru City,Hulimavu Traffic PS,1.04432e+16,2022,1,4,Road Accidents,Not Applicable,City/Town,Near a recreation place/cinema,Human Error,No,Damage Only,Vehicle to Vehicle,Not Applicable,Not Applicable,Others,Concrete,Dry,Not Applicable,Clear,Minakshi Mall Parking Place,Basement piller,6ft,0.0,0.0
Bengaluru City,Hulimavu Traffic PS,1.04432e+16,2022,1,2,Road Accidents,Narrow road,City/Town,Near Bus stop,Human Error,No,Simple Injury,Vehicle to Vehicle,Not at  Junction,Straight and flat,State Highway,Bitumen(Tar),Dry,No influence on accident,Clear,Bannerughatta Road,Near Himagiri Bus Stop,1.5km,0.0,0.0
Bengaluru City,Hulimavu Traffic PS,1.04432e+16,2022,1,1,Road Accidents,Not Applicable,City/Town,Open area,Human Error,No,Damage Only,Not Applicable,Not at  Junction,Straight and flat,NH,Bitumen(Tar),Dry,No influence on accident,Fine,Hosur main road,Pillar no 60,30fts,0.0,0.0
Bengaluru City,Hulimavu Traffic PS,1.04432e+16,2022,1,2,Road Accidents,Narrow road,City/Town,Near Bus stop,Human Error,No,Damage Only,Vehicle to Vehicle,Not at  Junction,Straight and flat,State Highway,Bitumen(Tar),Dry,No influence on accident,Clear,Bannerughatta Road,Near Annapurna Hotel,1kms,0.0,0.0
Bengaluru City,Hulimavu Traffic PS,1.04432e+16,2022,1,2,Road Accidents,Narrow road,City/Town,Near School or College,Human Error,No,Damage Only,Vehicle to Vehicle,Not at  Junction,Straight and flat,State Highway,Bitumen(Tar),Dry,No influence on accident,Fog / Mist,Bannerughatta Road,Near Carmel Academy School,1.5kms,0.0,0.0
Bengaluru City,Hulimavu Traffic PS,1.04432e+16,2022,1,1,Road Accidents,Cross roads,City/Town,Open area,Human Error,No,Grievous Injury,Hit pedestrian,Not at  Junction,Straight and flat,Minor District Road,Concrete,Dry,Not Applicable,Mist or Fog,Chikkakammanhalli road,compound wall,3 ft,0.0,0.0
Bengaluru City,Hulimavu Traffic PS,1.04432e+16,2022,1,9,Road Accidents,Junction,City/Town,Near Bus stop,Human Error,No,Grievous Injury,Vehicle to Vehicle,Controlled,Straight and flat,NH,Bitumen(Tar),Dry,Not Applicable,Clear,"Near Garvebhavipalya Signal, Hosuru main road",signal pole,15,0.0,0.0
Bengaluru City,Hulimavu Traffic PS,1.04432e+16,2022,1,2,Road Accidents,Narrow road,City/Town,Near Petrol Pump,Human Error,Yes,Damage Only,Vehicle to Vehicle,Not at  Junction,Straight and flat,State Highway,Bitumen(Tar),Dry,No influence on accident,Clear,Bannerughatta Road,Near Indian Oil Petrol Bunk,1kms,0.0,0.0
Bengaluru City,Hulimavu Traffic PS,1.04432e+16,2022,1,2,Road Accidents,Not Applicable,City/Town,Near a religious place,Human Error,No,Damage Only,Vehicle to Vehicle,Not at  Junction,Not Applicable,State Highway,Bitumen(Tar),Dry,Not Applicable,Cloudy,Bannerghatta main road,ELECTRICAL POLE,20ft,0.0,0.0