DISTRICTNAME,UNITNAME,Crime_No,Year,RI,Noofvehicle_involved,Accident_Classification,Accident_Spot,Accident_Location,Accident_SubLocation,Main_Cause,Hit_Run,Severity,Collision_Type,Junction_Control,Road_Character,Road_Type,Surface_Type,Surface_Condition,Road_Condition,Weather,Accident_Road,Landmark_first,Distance_LandMark_First,Latitude,Longitude
Bengaluru City,Hulimavu Traffic PS,1.04432e+16,2023,1,2,Road Accidents,Junction,City/Town,Near Petrol Pump,Human Error,No,Grievous Injury,Vehicle to Vehicle,Controlled,Straight and flat,State Highway,Bitumen(Tar),Dry,Not Applicable,Clear,"Bannerghatta main road, Sai Garments",Metro Pillaer,34ft,0.0,0.0
Bengaluru City,Hulimavu Traffic PS,1.04432e+16,2023,1,2,Road Accidents,Narrow road,City/Town,Open area,Human Error,No,Grievous Injury,Vehicle to Vehicle,Not at  Junction,Straight and flat,Expressway,Concrete,Dry,Not Applicable,Clear,Nice Road,Road Edge,6ft,12.854011,77.604986
Bengaluru City,Hulimavu Traffic PS,1.04432e+16,2023,1,2,Road Accidents,Junction,City/Town,Near or inside a village,Human Error,Yes,Grievous Injury,Vehicle to Vehicle,Police / Manual,Straight and flat,State Highway,Bitumen(Tar),Dry,Not Applicable,Clear,Bannerughatta Road,Electrical Pole,46ft,12.858165,77.588903
Bengaluru City,Hulimavu Traffic PS,1.04432e+16,2023,1,2,Road Accidents,Junction,City/Town,Near Bus stop,Human Error,Not Applicable,Simple Injury,Vehicle to Vehicle,Police / Manual,Straight and flat,Arterial,Bitumen(Tar),Dry,Not Applicable,Clear,Bannerughatta Road,Eletrical  Pole,10ft,0.0,0.0
Bengaluru City,Hulimavu Traffic PS,1.04432e+16,2023,1,1,Road Accidents,Narrow road,City/Town,Open area,Human Error,Not Applicable,Grievous Injury,Not Applicable,Not at  Junction,Straight and flat,Others,Bitumen(Tar),Dry,Not Applicable,Fog / Mist,Yelenahalli Main Road,Road Edge,8ft,0.0,0.0
Bengaluru City,Hulimavu Traffic PS,1.04432e+16,2023,1,2,Road Accidents,Junction,City/Town,At pedestrian Crossing,Human Error,Not Applicable,Simple Injury,Vehicle to Vehicle,Signal lights Automatic,Straight and flat,NH,Bitumen(Tar),Dry,Not Applicable,Clear,Hosur Road,Iron Grill,28ft,0.0,0.0
Bengaluru City,Hulimavu Traffic PS,1.04432e+16,2023,1,1,Road Accidents,Cross roads,City/Town,Residential area,Human Error,Yes,Fatal,Hit pedestrian,Not at  Junction,Straight and flat,Others,Bitumen(Tar),Dry,Not Applicable,Clear,"6 th Main Road,Devarachikkanahalli",Electrical Pole,5ft,0.0,0.0
Bengaluru City,Hulimavu Traffic PS,1.04432e+16,2023,1,2,Road Accidents,Junction,City/Town,Residential area,Human Error,No,Grievous Injury,Vehicle to Vehicle,Uncontrolled,Straight and flat,Minor District Road,Bitumen(Tar),Dry,Not Applicable,Clear,"Near Capital Store, 15th cross, Bhagavathi Layout, Hulimavu, Bangalore",ELECTRICAL POLE,16ft,0.0,0.0
Bengaluru City,Hulimavu Traffic PS,1.04432e+16,2023,1,2,Road Accidents,Not Applicable,City/Town,Residential area,Human Error,Yes,Grievous Injury,Vehicle to Vehicle,Uncontrolled,Straight and flat,State Highway,Bitumen(Tar),Others,Not Applicable,Clear,"INFRONT OF MANTRI RESIDENCY, B G ROAD",B G ROAD,3,12.871061,77.593621
Bengaluru City,Hulimavu Traffic PS,1.04432e+16,2023,1,1,Road Accidents,Narrow road,City/Town,Open area,Human Error,Yes,Grievous Injury,Hit pedestrian,Not at  Junction,Straight and flat,Others,Bitumen(Tar),Dry,Not Applicable,Clear,Manipal County Road,Electrical Pole,15ft,0.0,0.0
Bengaluru City,Hulimavu Traffic PS,1.04432e+16,2023,1,2,Road Accidents,Junction,City/Town,Open area,Human Error,Yes,Damage Only,Vehicle to Vehicle,No signal lights,Curve and Incline,Arterial,Bitumen(Tar),Dry,Not Applicable,Clear,Bannerughatta Road,Electrical Pole,14ft,0.0,0.0
Bengaluru City,Hulimavu Traffic PS,1.04432e+16,2023,1,2,Road Accidents,Narrow road,City/Town,Open area,Human Error,No,Damage Only,Vehicle to Vehicle,No signal lights,Straight and flat,Others,Bitumen(Tar),Dry,Not Applicable,Clear,Begur Hulimavu Road,Road Edge,15ft,0.0,0.0
Bengaluru City,Hulimavu Traffic PS,1.04432e+16,2023,1,1,Road Accidents,Not Applicable,City/Town,Near a factory industrial area,Human Error,Yes,Grievous Injury,Hit pedestrian,Not at  Junction,Straight and flat,Residential Street,Bitumen(Tar),Dry,Not Applicable,Cloudy,"16th main, Beguru Mico Layout",ELECTRICAL POLE,8ft,0.0,0.0
Bengaluru City,Hulimavu Traffic PS,1.04432e+16,2023,1,1,Road Accidents,Narrow road,City/Town,Residential area,Human Error,Yes,Grievous Injury,Hit pedestrian,No signal lights,Straight and flat,Others,Bitumen(Tar),Dry,Not Applicable,Clear,11 th Cross Road Sri Rama Nagar,Electrical Pole,7ft,0.0,0.0
Bengaluru City,Hulimavu Traffic PS,1.04432e+16,2023,1,1,Road Accidents,Not Applicable,City/Town,Residential area,Human Error,Yes,Fatal,Hit pedestrian,Uncontrolled,Straight and flat,State Highway,Bitumen(Tar),Not Applicable,Not Applicable,Not Applicable,Bannerghatta Main Road,Infront of Prestige Square Apartment,1.5 KM,12.845495,77.587539
Bengaluru City,Hulimavu Traffic PS,1.04432e+16,2023,1,1,Road Accidents,Cross roads,City/Town,Residential area,Human Error,Yes,Damage Only,Not Applicable,Not Applicable,Straight and flat,Others,Bitumen(Tar),Dry,Not Applicable,Clear,"2nd Main Road,Deo Hights layout",ELECTRICAL POLE,35ft,0.0,0.0
Bengaluru City,Hulimavu Traffic PS,1.04432e+16,2023,1,2,Road Accidents,Narrow road,City/Town,Open area,Human Error,Not Applicable,Grievous Injury,Vehicle to Vehicle,Not at  Junction,Straight and flat,Others,Bitumen(Tar),Dry,Not Applicable,Clear,"C K Palya Road,Near Radiant Resort",Road Edge,8ft,12.841197,77.592353
Bengaluru City,Hulimavu Traffic PS,1.04432e+16,2023,1,2,Road Accidents,Narrow road,City/Town,Near Hospital,Human Error,Yes,Grievous Injury,Vehicle to Vehicle,Not at  Junction,Straight and flat,State Highway,Bitumen(Tar),Dry,Not Applicable,Clear,"B.G.ROAD,",ELECTRICAL POLE,12FT,12.863037,77.591419
Bengaluru City,Hulimavu Traffic PS,1.04432e+16,2023,1,2,Road Accidents,Narrow road,City/Town,Residential area,Human Error,Yes,Simple Injury,Vehicle to Vehicle,Uncontrolled,Straight and flat,Others,Bitumen(Tar),Dry,Not Applicable,Others,Mapipal County Road,Electrical Pole,7 kms,12.874702,77.648525
Bengaluru City,Hulimavu Traffic PS,1.04432e+16,2023,1,2,Road Accidents,Junction,City/Town,Near or inside a village,Human Error,Not Applicable,Grievous Injury,Vehicle to Vehicle,No signal lights,Straight and flat,Arterial,Bitumen(Tar),Dry,Not Applicable,Clear,Bannerughatta Road,Injured Place,12,0.0,0.0
Bengaluru City,Hulimavu Traffic PS,1.04432e+16,2023,1,2,Road Accidents,Not Applicable,City/Town,Near a factory industrial area,Human Error,No,Damage Only,Vehicle to Vehicle,Not at  Junction,Straight and flat,State Highway,Bitumen(Tar),Dry,Not Applicable,Clear,Bannerghatta main road kalenagrahara,road divider,40,0.0,0.0
Bengaluru City,Hulimavu Traffic PS,1.04432e+16,2023,1,1,Road Accidents,Not Applicable,City/Town,Residential area,Human Error,Yes,Fatal,Hit pedestrian,Not at  Junction,Straight and flat,Major District Road,Bitumen(Tar),Dry,Not Applicable,Clear,beguru koppa main road near snn raj seranity apartment,Electrical pole,22 ft,0.0,0.0
Bengaluru City,Hulimavu Traffic PS,1.04432e+16,2023,1,2,Road Accidents,Cross roads,City/Town,Near School or College,Human Error,Yes,Grievous Injury,Vehicle to Vehicle,Not at  Junction,Straight and flat,Minor District Road,Bitumen(Tar),Dry,Not Applicable,Clear,Devarachikkanahalli road,ELECTRICAL POLE,06 ft,0.0,0.0
Bengaluru City,Hulimavu Traffic PS,1.04432e+16,2023,1,2,Road Accidents,Narrow road,City/Town,Near a recreation place/cinema,Human Error,Yes,Simple Injury,Vehicle to Vehicle,Not Applicable,Straight and flat,State Highway,Bitumen(Tar),Dry,Not Applicable,Others,Bannerughatta Road,Divider,8ft,12.854335,77.588587
Bengaluru City,Hulimavu Traffic PS,1.04432e+16,2023,1,2,Road Accidents,Cross roads,City/Town,Residential area,Human Error,No,Grievous Injury,Vehicle to Vehicle,Not at  Junction,Straight and flat,Minor District Road,Bitumen(Tar),Dry,Not Applicable,Clear,"Royal Shelter Road, Devarchikkanhalli",ELECTRICAL POLE,24,0.0,0.0
Bengaluru City,Hulimavu Traffic PS,1.04432e+16,2023,1,2,Road Accidents,Junction,City/Town,Residential area,Human Error,Yes,Damage Only,Vehicle to Vehicle,Controlled,Straight and flat,State Highway,Bitumen(Tar),Dry,Not Applicable,Clear,"B.G.Road, Kembathahhalli junction",ELECTRICAL POLE,26ft,12.855088,77.588697
Bengaluru City,Hulimavu Traffic PS,1.04432e+16,2023,1,2,Road Accidents,Narrow road,City/Town,Open area,Human Error,No,Grievous Injury,Vehicle to Vehicle,Not at  Junction,Others,Arterial,Bitumen(Tar),Dry,Not Applicable,Fine,"C K Palya Road,Near Radiant Resort",Radient Resort,3 kms,12.841406,77.5911
Bengaluru City,Hulimavu Traffic PS,1.04432e+16,2023,1,2,Road Accidents,Junction,City/Town,Open area,Human Error,Yes,Grievous Injury,Vehicle to Vehicle,Controlled,Straight and flat,State Highway,Bitumen(Tar),Others,Not Applicable,Clear,SHAHI GARMENTS B G ROAD,B G ROAD,5,12.884154,77.596172
Bengaluru City,Hulimavu Traffic PS,1.04432e+16,2023,1,2,Road Accidents,Not Applicable,City/Town,Near Bus stop,Human Error,No,Fatal,Vehicle to Vehicle,Uncontrolled,Straight and flat,State Highway,Bitumen(Tar),Not Applicable,Not Applicable,Fine,NEAR MEEKAHSI MALL B G ROAD,1,3,12.875798,77.595241
Bengaluru City,Hulimavu Traffic PS,1.04432e+16,2023,1,1,Road Accidents,Narrow road,City/Town,Near office complex,Human Error,Not Applicable,Grievous Injury,Hit pedestrian,Not at  Junction,Straight and flat,Sub Arterial,Bitumen(Tar),Dry,Not Applicable,Clear,Manipal county road,ELECTRICAL POLE,5,0.0,0.0
Bengaluru City,Hulimavu Traffic PS,1.04432e+16,2023,1,3,Road Accidents,Narrow road,City/Town,Residential area,Human Error,No,Grievous Injury,Vehicle to Vehicle,Not at  Junction,Straight and flat,Others,Bitumen(Tar),Dry,Not Applicable,Hail or Sleet,Manipal County Road,Electrical Pole,20ft,0.0,0.0
Bengaluru City,Hulimavu Traffic PS,1.04432e+16,2023,1,1,Road Accidents,Not Applicable,City/Town,Near Bus stop,Human Error,No,Fatal,Not Applicable,Not at  Junction,Straight and flat,NH,Bitumen(Tar),Dry,Not Applicable,Clear,"HOSURU MAIN ROAD, NEAR SINGASANDRA BUS STOP",PILLER NO 120,18,0.0,0.0
Bengaluru City,Hulimavu Traffic PS,1.04432e+16,2023,1,2,Road Accidents,Narrow road,City/Town,Near School or College,Human Error,Not Applicable,Damage Only,Vehicle to Vehicle,Not at  Junction,Straight and flat,Expressway,Bitumen(Tar),Dry,Not Applicable,Clear,NICE ROAD,Road Edge,16ft,0.0,0.0
Bengaluru City,Hulimavu Traffic PS,1.04432e+16,2023,1,2,Road Accidents,Narrow road,City/Town,Near a religious place,Human Error,No,Grievous Injury,Vehicle to Vehicle,Not at  Junction,Straight and flat,Others,Bitumen(Tar),Dry,Not Applicable,Clear,"BDA 80FT ROAD,SAIBABA TEMPLE ROAD,NEAR SURAKSHA APPTS,AREKERE.",Road Edge,16ft,0.0,0.0
Bengaluru City,Hulimavu Traffic PS,1.04432e+16,2023,1,2,Road Accidents,Curves,City/Town,Residential area,Human Error,Not Applicable,Damage Only,Vehicle to Vehicle,Not at  Junction,Curve and Incline,Others,Bitumen(Tar),Dry,Not Applicable,Clear,Doddakammanahalli Road,ELECTRICAL POLE,30ft,0.0,0.0
Bengaluru City,Hulimavu Traffic PS,1.04432e+16,2023,1,1,Road Accidents,Narrow road,City/Town,Near or inside a village,Human Error,Not Applicable,Damage Only,Not Applicable,Not at  Junction,Straight and flat,State Highway,Bitumen(Tar),Dry,Not Applicable,Clear,Bannerughatta Road,Electrical Pole,30ft,0.0,0.0
Bengaluru City,Hulimavu Traffic PS,1.04432e+16,2023,1,4,Road Accidents,Not Applicable,City/Town,Near School or College,Human Error,No,Grievous Injury,Vehicle to Vehicle,Uncontrolled,Straight and flat,State Highway,Bitumen(Tar),Dry,Not Applicable,Clear,Bannerughatta Main Road,Electrical Pole,14ft,12.866039,77.591905
Bengaluru City,Hulimavu Traffic PS,1.04432e+16,2023,1,1,Road Accidents,Narrow road,City/Town,Near Hospital,Human Error,No,Grievous Injury,Hit pedestrian,Uncontrolled,Others,Others,Bitumen(Tar),Dry,Not Applicable,Clear,Begur Hongasandra Road,Street Light,18ft,12.877764,77.625558
Bengaluru City,Hulimavu Traffic PS,1.04432e+16,2023,1,2,Road Accidents,Junction,City/Town,Residential area,Human Error,Yes,Simple Injury,Vehicle to Vehicle,Uncontrolled,Straight and flat,NH,Bitumen(Tar),Not Applicable,Not Applicable,Fine,"SERVICE ROAD, SINGASANDRA HOSURU MAIN ROAD",SERVICE ROAD SINGASANDRA HOSUR MAIN ROAD,8,0.0,0.0
Bengaluru City,Hulimavu Traffic PS,1.04432e+16,2023,1,2,Road Accidents,Junction,City/Town,Residential area,Human Error,Yes,Simple Injury,Vehicle to Vehicle,Not at  Junction,Straight and flat,Others,Bitumen(Tar),Dry,Not Applicable,Clear,Hulimavu Road &  Sir M Vishvweraiah Road,Electrical Pole,18ft,0.0,0.0
Bengaluru City,Hulimavu Traffic PS,1.04432e+16,2023,1,1,Road Accidents,Junction,City/Town,Open area,Human Error,Not Applicable,Fatal,Hit pedestrian,Police / Manual,Straight and flat,State Highway,Bitumen(Tar),Dry,Not Applicable,Fog / Mist,Bannerughatta ROad,Electrical Pole,44ft,0.0,0.0
Bengaluru City,Hulimavu Traffic PS,1.04432e+16,2023,1,1,Road Accidents,Curves,City/Town,Residential area,Human Error,No,Fatal,Not Applicable,Uncontrolled,Curve,Minor District Road,Bitumen(Tar),Dry,Not Applicable,Clear,Devarachikkanahalli main  road,ELECTRICAL POLE,47ft,0.0,0.0
Bengaluru City,Hulimavu Traffic PS,1.04432e+16,2023,1,2,Road Accidents,Not Applicable,City/Town,Open area,Human Error,Yes,Grievous Injury,Vehicle to Vehicle,Uncontrolled,Others,Expressway,Concrete,Dry,Not Applicable,Clear,NICE ROAD,Near Chikkakammanahali Lake,2.5,12.854601,77.60723
Bengaluru City,Hulimavu Traffic PS,1.04432e+16,2023,1,1,Road Accidents,Not Applicable,City/Town,Open area,Human Error,No,Fatal,Not Applicable,Uncontrolled,Straight and flat,State Highway,Bitumen(Tar),Not Applicable,Not Applicable,Fine,INFRONT OF LAKSHMI THEATRE B G ROAD,1,1,12.859847,77.590067
Bengaluru City,Hulimavu Traffic PS,1.04432e+16,2023,1,2,Road Accidents,Not Applicable,City/Town,Open area,Human Error,Yes,Fatal,Vehicle to Vehicle,Uncontrolled,Straight and flat,Expressway,Concrete,Not Applicable,Not Applicable,Fine,NEAR CHIKKAKAMANAHALLI LAKE NICE ROAD,3,2.5,12.824156,77.602593
Bengaluru City,Hulimavu Traffic PS,1.04432e+16,2023,1,2,Road Accidents,Not Applicable,City/Town,Residential area,Human Error,Yes,Grievous Injury,Vehicle to Vehicle,Not at  Junction,Straight and flat,Major District Road,Bitumen(Tar),Dry,Not Applicable,Clear,BEGURU KOPPA ROAD,ELECTRICAL POLE,38FT,0.0,0.0
Bengaluru City,Hulimavu Traffic PS,1.04432e+16,2023,1,3,Road Accidents,Narrow road,City/Town,Residential area,Human Error,No,Damage Only,Vehicle to Vehicle,Not at  Junction,Straight and flat,Others,Bitumen(Tar),Dry,Not Applicable,Clear,Hulimavu Main Road,Vedanth Vihas Aptment,4.km,12.880685,77.599976
Bengaluru City,Hulimavu Traffic PS,1.04432e+16,2023,1,2,Road Accidents,Curves,City/Town,Near School or College,Human Error,No,Grievous Injury,Vehicle to Vehicle,Not at  Junction,Slight Curve,Major District Road,Bitumen(Tar),Dry,Not Applicable,Clear,"Nice Road, near T john college",Road Edge,20,0.0,0.0
Bengaluru City,Hulimavu Traffic PS,1.04432e+16,2023,1,2,Road Accidents,Narrow road,City/Town,Residential area,Human Error,Yes,Simple Injury,Vehicle to Vehicle,Not at  Junction,Straight and flat,Others,Bitumen(Tar),Dry,Not Applicable,Clear,Begur Hulimavu Road,Road Divider,8ft,0.0,0.0
Bengaluru City,Hulimavu Traffic PS,1.04432e+16,2023,1,2,Road Accidents,Cross roads,City/Town,Residential area,Human Error,Yes,Grievous Injury,Vehicle to Vehicle,Not at  Junction,Straight and flat,Residential Street,Bitumen(Tar),Dry,Not Applicable,Clear,Nyanappanahalli main road,ELECTRICAL POLE,30FT,0.0,0.0
Bengaluru City,Hulimavu Traffic PS,1.04432e+16,2023,1,1,Road Accidents,Narrow road,City/Town,Residential area,Human Error,No,Grievous Injury,Hit pedestrian,Not at  Junction,Straight and flat,Others,Bitumen(Tar),Dry,Not Applicable,Clear,Nyanappanahalli main road,ELECTRICAL POLE,8 ft,0.0,0.0
Bengaluru City,Hulimavu Traffic PS,1.04432e+16,2023,1,2,Road Accidents,Cross roads,City/Town,Residential area,Human Error,Yes,Grievous Injury,Vehicle to Vehicle,Not at  Junction,Straight and flat,Minor District Road,Bitumen(Tar),Dry,Not Applicable,Clear,Beguru Road,ELECTRICAL POLE,18ft,0.0,0.0
Bengaluru City,Hulimavu Traffic PS,1.04432e+16,2023,1,1,Road Accidents,Not Applicable,City/Town,Affected by encroachments,Human Error,No,Grievous Injury,Not Applicable,Uncontrolled,Straight and flat,Others,Bitumen(Tar),Not Applicable,Not Applicable,Clear,NICE ROAD UNDER PASS,NICE ROAD UNDER PASS,2,12.854314,77.599608
Bengaluru City,Hulimavu Traffic PS,1.04432e+16,2023,1,2,Road Accidents,Junction,City/Town,Near Bus stop,Human Error,Yes,Fatal,Vehicle to Vehicle,Controlled,Others,Others,Bitumen(Tar),Dry,Not Applicable,Fine,10,10,100,12.893639,77.637205
Bengaluru City,Hulimavu Traffic PS,1.04432e+16,2023,1,1,Road Accidents,Not Applicable,City/Town,Narrow bridge or culverts,Human Error,Not Applicable,Fatal,Not Applicable,Uncontrolled,Straight and flat,NH,Bitumen(Tar),Not Applicable,Not Applicable,Fine,HOSUR MAIN ROAD ELEV ATED FLY OVER LAY BYE,10,5,12.882784,77.644219
Bengaluru City,Hulimavu Traffic PS,1.04432e+16,2023,1,2,Road Accidents,Junction,City/Town,Near office complex,Human Error,Yes,Grievous Injury,Vehicle to Vehicle,No signal lights,Straight and flat,State Highway,Bitumen(Tar),Dry,Not Applicable,Clear,Bnnerughatta Road,Metro Piller,20ft,0.0,0.0
Bengaluru City,Hulimavu Traffic PS,1.04432e+16,2023,1,2,Road Accidents,Not Applicable,City/Town,Near a factory industrial area,Human Error,No,Grievous Injury,Vehicle to Vehicle,Uncontrolled,Slight Curve,Residential Street,Bitumen(Tar),Dry,Not Applicable,Clear,"Near Bigbasket store, tejaswininagar, Doddakammanhalli",Road Edge,6ft,0.0,0.0
Bengaluru City,Hulimavu Traffic PS,1.04432e+16,2023,1,1,Road Accidents,Junction,City/Town,Near School or College,Human Error,No,Fatal,Hit pedestrian,Uncontrolled,Straight and flat,Major District Road,Bitumen(Tar),Dry,Not Applicable,Clear,HULIMAVU LAKE ROAD,ELECTRICAL POLE,18FT,0.0,0.0
Bengaluru City,Hulimavu Traffic PS,1.04432e+16,2023,1,3,Road Accidents,Narrow road,City/Town,Residential area,Human Error,No,Fatal,Vehicle to Vehicle,Not at  Junction,Straight and flat,Major District Road,Bitumen(Tar),Dry,Not Applicable,Cloudy,BEGURU KOPPA ROAD,ELECTRICAL POLE,9ft,0.0,0.0
Bengaluru City,Hulimavu Traffic PS,1.04432e+16,2023,1,2,Road Accidents,Circle,City/Town,Near a religious place,Human Error,No,Grievous Injury,Vehicle to Vehicle,Controlled,Straight and flat,Minor District Road,Bitumen(Tar),Dry,Not Applicable,Clear,"Sir M.Vishweshwaraiah Road, Hulimavu",ELECTRICAL POLE,30FT,0.0,0.0
Bengaluru City,Hulimavu Traffic PS,1.04432e+16,2023,1,2,Road Accidents,Narrow road,City/Town,Open area,Human Error,Yes,Fatal,Vehicle to Vehicle,Not at  Junction,Curve,Major District Road,Bitumen(Tar),Dry,Not Applicable,Clear,Begur Koppa Road,Electrical Pole,55ft,0.0,0.0
Bengaluru City,Hulimavu Traffic PS,1.04432e+16,2023,1,2,Road Accidents,Narrow road,City/Town,Residential area,Human Error,Yes,Grievous Injury,Vehicle to Vehicle,Police / Manual,Straight and flat,Others,Bitumen(Tar),Dry,Not Applicable,Clear,Arakere 80 ft BDA Road,Electrical Pole,8ft,12.884761,77.602427
Bengaluru City,Hulimavu Traffic PS,1.04432e+16,2023,1,1,Road Accidents,Not Applicable,City/Town,Residential area,Human Error,No,Grievous Injury,Hit pedestrian,Not at  Junction,Straight and flat,Two way,Bitumen(Tar),Dry,Not Applicable,Clear,akshayanagar Main road,ELECTRICAL POLE,33FT,0.0,0.0
Bengaluru City,Hulimavu Traffic PS,1.04432e+16,2023,1,2,Road Accidents,Narrow road,City/Town,Open area,Human Error,No,Simple Injury,Vehicle to Vehicle,Not at  Junction,Straight and flat,Others,Bitumen(Tar),Dry,Not Applicable,Clear,Hulimavu Lake Road,Road Divider,06ft,0.0,0.0
Bengaluru City,Hulimavu Traffic PS,1.04432e+16,2023,1,1,Road Accidents,Narrow road,City/Town,Residential area,Human Error,Not Applicable,Grievous Injury,Not Applicable,Not at  Junction,Straight and flat,Others,Bitumen(Tar),Dry,Not Applicable,Fog / Mist,BDA 80ft ROAD,DIVIDER,8FT,0.0,0.0
Bengaluru City,Hulimavu Traffic PS,1.04432e+16,2023,1,2,Road Accidents,Narrow road,City/Town,Near office complex,Human Error,Yes,Simple Injury,Vehicle to Vehicle,Not at  Junction,Straight and flat,Others,Bitumen(Tar),Dry,Not Applicable,Clear,Saibaba Temple Road,Electrical Pole,32ft,0.0,0.0
Bengaluru City,Hulimavu Traffic PS,1.04432e+16,2023,1,2,Road Accidents,Narrow road,City/Town,Near or inside a village,Human Error,Not Applicable,Grievous Injury,Vehicle to Vehicle,Not at  Junction,Straight and flat,Others,Bitumen(Tar),Dry,Not Applicable,Clear,Nyanappanahalli Main Road,Road Edge,14ft,0.0,0.0
Bengaluru City,Hulimavu Traffic PS,1.04432e+16,2023,1,2,Rail Road Accidents,Narrow road,City/Town,Near or inside a village,Human Error,Yes,Grievous Injury,Vehicle to Vehicle,Not at  Junction,Straight and flat,Others,Bitumen(Tar),Dry,Not Applicable,Clear,Begur Hongasandra Road,Road EDGE,11ft,12.877366,77.62554
Bengaluru City,Hulimavu Traffic PS,1.04432e+16,2023,1,1,Road Accidents,Narrow road,City/Town,Residential area,Human Error,Yes,Grievous Injury,Vehicle to Vehicle,Uncontrolled,Others,Sub Arterial,Bitumen(Tar),Dry,No influence on accident,Clear,Begur Main Road,Electrical Pole,36,12.878115,77.625166
Bengaluru City,Hulimavu Traffic PS,1.04432e+16,2023,1,1,Road Accidents,Narrow road,City/Town,Open area,Human Error,No,Damage Only,Not Applicable,Not at  Junction,Straight and flat,Others,Bitumen(Tar),Others,Not Applicable,Others,Hulimavu Main Road,Electrical Pole,75ft,0.0,0.0
Bengaluru City,Hulimavu Traffic PS,1.04432e+16,2023,1,3,Rail Road Accidents,Narrow road,City/Town,Open area,Human Error,Not Applicable,Grievous Injury,Vehicle to Vehicle,Not at  Junction,Straight and flat,Two way,Bitumen(Tar),Dry,Not Applicable,Clear,Begur Koppa Road,Road Edge,4ft,0.0,0.0
Bengaluru City,Hulimavu Traffic PS,1.04432e+16,2023,1,4,Road Accidents,Narrow road,City/Town,Near Hospital,Human Error,Not Applicable,Grievous Injury,Vehicle to Vehicle,Not at  Junction,Straight and flat,NH,Bitumen(Tar),Dry,Not Applicable,Clear,Hosur Road Elyvated Flyover,Electrical Pole,6ft,0.0,0.0
Bengaluru City,Hulimavu Traffic PS,1.04432e+16,2023,1,2,Road Accidents,Curves,City/Town,Near a factory industrial area,Human Error,No,Grievous Injury,Vehicle to Vehicle,Not at  Junction,Curve,NH,Bitumen(Tar),Dry,Not Applicable,Clear,"Hosuru Main Road, Opp Tata Showroom",Metro Pillaer,9ft,12.890889,77.63835
Bengaluru City,Hulimavu Traffic PS,1.04432e+16,2023,1,2,Road Accidents,Not Applicable,City/Town,Near Bus stop,Human Error,Yes,Grievous Injury,Vehicle to Vehicle,Uncontrolled,Straight and flat,State Highway,Bitumen(Tar),Dry,Not Applicable,Clear,Bannerughatta  Road,Electrical Pole,18ft,12.865568,77.591851
Bengaluru City,Hulimavu Traffic PS,1.04432e+16,2023,1,2,Road Accidents,Not Applicable,City/Town,Open area,Human Error,No,Grievous Injury,Vehicle to Vehicle,Uncontrolled,Straight and flat,Expressway,Concrete,Dry,Not Applicable,Fine,NICE ROAD,Near  T John College,4kms,12.853117,77.594814
Bengaluru City,Hulimavu Traffic PS,1.04432e+16,2023,1,2,Road Accidents,Not Applicable,City/Town,Near School or College,Human Error,Yes,Grievous Injury,Vehicle to Vehicle,Uncontrolled,Straight and flat,NH,Bitumen(Tar),Dry,Not Applicable,Fine,Hosur Main Road,Near Kudlu Gate Jn,7km,12.888916,77.640079
Bengaluru City,Hulimavu Traffic PS,1.04432e+16,2023,1,2,Road Accidents,Narrow road,City/Town,Residential area,Human Error,No,Grievous Injury,Vehicle to Vehicle,Not Applicable,Straight and flat,Minor District Road,Bitumen(Tar),Dry,Not Applicable,Clear,"Near Indian Oil Petrol bunk, Hulimavu Main Road",Eletrical  Pole,15,0.0,0.0
Bengaluru City,Hulimavu Traffic PS,1.04432e+16,2023,1,2,Road Accidents,Narrow road,City/Town,Open area,Human Error,Not Applicable,Grievous Injury,Vehicle to Vehicle,Not at  Junction,Straight and flat,Expressway,Bitumen(Tar),Dry,Not Applicable,Hail or Sleet,NICE ROAD,SIGN BOARD,65 ft,0.0,0.0
Bengaluru City,Hulimavu Traffic PS,1.04432e+16,2023,1,2,Road Accidents,Narrow road,City/Town,Near Petrol Pump,Human Error,No,Grievous Injury,Vehicle to Vehicle,Not at  Junction,Straight and flat,State Highway,Bitumen(Tar),Dry,Not Applicable,Hail or Sleet,Bannerughatta  Road,Electrical Pole,40ft,0.0,0.0
Bengaluru City,Hulimavu Traffic PS,1.04432e+16,2023,1,2,Road Accidents,Not Applicable,City/Town,Open area,Human Error,Not Applicable,Grievous Injury,Vehicle to Vehicle,Not at  Junction,Straight and flat,Expressway,Concrete,Dry,Not Applicable,Clear,NICE ROAD,Baniyan Tree,32,0.0,0.0
Bengaluru City,Hulimavu Traffic PS,1.04432e+16,2023,1,2,Road Accidents,Narrow road,City/Town,Open area,Human Error,No,Grievous Injury,Vehicle to Vehicle,Not at  Junction,Straight and flat,Expressway,Concrete,Dry,Not Applicable,Cloudy,Nice Road,board,55ft,0.0,0.0