DISTRICTNAME,UNITNAME,Crime_No,Year,RI,Noofvehicle_involved,Accident_Classification,Accident_Spot,Accident_Location,Accident_SubLocation,Main_Cause,Hit_Run,Severity,Collision_Type,Junction_Control,Road_Character,Road_Type,Surface_Type,Surface_Condition,Road_Condition,Weather,Accident_Road,Landmark_first,Distance_LandMark_First,Latitude,Longitude
Bengaluru City,Hulimavu Traffic PS,1.04432e+16,2023,1,2,Road Accidents,Narrow road,City/Town,Open area,Human Error,Not Applicable,Fatal,Vehicle to Vehicle,Signal lights Automatic,Straight and flat,NH,Bitumen(Tar),Dry,Not Applicable,Clear,Hosur Road,Barricade Divider,15ft,12.887481,77.641095
Bengaluru City,Hulimavu Traffic PS,1.04432e+16,2023,1,1,Road Accidents,Not Applicable,City/Town,Open area,Human Error,Not Applicable,Simple Injury,Not Applicable,Uncontrolled,Straight and flat,NH,Bitumen(Tar),Dry,Not Applicable,Fine,Hosur Main Road,Singasandra Metro Station,7km,0.0,0.0
Bengaluru City,Hulimavu Traffic PS,1.04432e+16,2023,1,1,Road Accidents,Not Applicable,City/Town,Open area,Human Error,Not Applicable,Simple Injury,Hit pedestrian,Uncontrolled,Straight and flat,Expressway,Concrete,Dry,Not Applicable,Others,NICE ROAD,Basavanapura Bridge,3 kms,12.853505,77.596965
Bengaluru City,Hulimavu Traffic PS,1.04432e+16,2023,1,2,Road Accidents,Junction,City/Town,Residential area,Human Error,Yes,Grievous Injury,Vehicle to Vehicle,Uncontrolled,Straight and flat,Others,Bitumen(Tar),Not Applicable,Not Applicable,Clear,BEGUR MAIN ROAD,BEGUR MAIN ROAD NEAR ANJENYA TEMPLE,5,12.872775,77.6247
Bengaluru City,Hulimavu Traffic PS,1.04432e+16,2023,1,2,Road Accidents,Narrow road,City/Town,Near School or College,Human Error,No,Simple Injury,Vehicle to Vehicle,Not at  Junction,Straight and flat,Others,Bitumen(Tar),Dry,Not Applicable,Clear,Basavanapuara Road,Road Divider,20ft,0.0,0.0
Bengaluru City,Hulimavu Traffic PS,1.04432e+16,2023,1,2,Road Accidents,Curves,City/Town,Near Hospital,Human Error,Yes,Grievous Injury,Vehicle to Vehicle,Not Applicable,Slight Curve,Major District Road,Bitumen(Tar),Dry,Not Applicable,Clear,BEGURU MAIN ROAD,ELECTRICAL POLE,27FT,0.0,0.0
Bengaluru City,Hulimavu Traffic PS,1.04432e+16,2023,1,2,Road Accidents,Narrow road,City/Town,Open area,Human Error,No,Grievous Injury,Vehicle to Vehicle,Not at  Junction,Straight and flat,Others,Bitumen(Tar),Dry,Not Applicable,Clear,Mylasandra Main Road,Road Edge,12ft,12.86379,77.622833
Bengaluru City,Hulimavu Traffic PS,1.04432e+16,2023,1,2,Road Accidents,Not Applicable,City/Town,Near Petrol Pump,Human Error,Yes,Grievous Injury,Vehicle to Vehicle,Uncontrolled,Straight and flat,NH,Bitumen(Tar),Dry,Not Applicable,Clear,Hosuru Main Road,Metro Piller,23 Ft,12.885524,77.641748
Bengaluru City,Hulimavu Traffic PS,1.04432e+16,2023,1,1,Road Accidents,Narrow road,City/Town,Near School or College,Human Error,Not Applicable,Grievous Injury,Hit pedestrian,Not at  Junction,Straight and flat,State Highway,Bitumen(Tar),Dry,Construction Work / Material,Clear,Bannerughatta Road,Metro Pillaer,15ft,0.0,0.0
Bengaluru City,Hulimavu Traffic PS,1.04432e+16,2023,1,2,Road Accidents,Narrow road,City/Town,Residential area,Human Error,Not Applicable,Simple Injury,Vehicle to Vehicle,Not at  Junction,Straight and flat,Others,Bitumen(Tar),Dry,Not Applicable,Clear,Nyanappanahalli Road,Road Edge,4ft,12.88087,77.617372
Bengaluru City,Hulimavu Traffic PS,1.04432e+16,2023,1,2,Road Accidents,Narrow road,City/Town,Near Hospital,Human Error,Not Applicable,Simple Injury,Vehicle to Vehicle,Uncontrolled,Straight and flat,NH,Bitumen(Tar),Dry,Not Applicable,Clear,Hosur Main Road Kudlugate Junction,Electrical Pole,30ft,12.890398,77.63824
Bengaluru City,Hulimavu Traffic PS,1.04432e+16,2023,1,1,Road Accidents,Circle,City/Town,At pedestrian Crossing,Human Error,No,Fatal,Hit pedestrian,Signal lights Automatic,Others,Others,Bitumen(Tar),Dry,Not Applicable,Fine,100,100,100,12.884237,77.596201
Bengaluru City,Hulimavu Traffic PS,1.04432e+16,2023,1,1,Road Accidents,Not Applicable,City/Town,Residential area,Human Error,Yes,Simple Injury,Hit pedestrian,Uncontrolled,Straight and flat,Others,Bitumen(Tar),Not Applicable,Not Applicable,Fine,INFRONT OF PEARL APARTMENT FAIZULLA STREET GOTTIGERE LAKE ROAD B G ROAD,INFRONT OF PEARL APARTMENT FAIZULLA STREET GOTTIGERE LAKE ROAD,HALF,12.85573,77.589952
Bengaluru City,Jalahalli Traffic PS,1.04432e+16,2016,1,2,Road Accidents,Other,City/Town,Open area,Human Error,No,Damage Only,Head on,Not at  Junction,Straight and flat,City or Town Road,Bitumen(Tar),Dry,No influence on accident,Fine,S.M.Road,Airforce Main gate,10 mtr,0.0,0.0
Bengaluru City,Jalahalli Traffic PS,1.04432e+16,2016,1,1,Road Accidents,Other,City/Town,Open area,Human Error,No,Fatal,Others,Not at  Junction,Straight and flat,City or Town Road,Bitumen(Tar),Dry,No influence on accident,Fine,Hesaragatta main road,Soladeavanahalli PS,30 mtr,0.0,0.0
Bengaluru City,Jalahalli Traffic PS,1.04432e+16,2016,1,2,Road Accidents,Curves,City/Town,Open area,Human Error,No,Simple Injury,Head on,Not at  Junction,Curve,Arterial,Bitumen(Tar),Dry,No influence on accident,Fine,Tharabanahalli cross,tree,30 ft,13.0604,77.2848
Bengaluru City,Jalahalli Traffic PS,1.04432e+16,2016,1,2,Road Accidents,Other,City/Town,Open area,Human Error,No,Fatal,Head on,Not at  Junction,Straight and flat,Arterial,Bitumen(Tar),Dry,No influence on accident,Fine,Hesaragatta main road,SLV Bike Works,30 ft,0.0,0.0
Bengaluru City,Jalahalli Traffic PS,1.04432e+16,2016,1,2,Road Accidents,Other,City/Town,Open area,Human Error,No,Simple Injury,Others,Not at  Junction,Straight and flat,City or Town Road,Bitumen(Tar),Dry,No influence on accident,Fine,S.M.Road,Queeni Convent,30 mtr,0.0,0.0
Bengaluru City,Jalahalli Traffic PS,1.04432e+16,2016,1,2,Road Accidents,T Junction,City/Town,Near a religious place,Human Error,No,Simple Injury,Others,Uncontrolled,Straight and flat,Arterial,Bitumen(Tar),Dry,No influence on accident,Fine,Hesaragatta main road,Suman Bar and Restorant,50 ft,0.0,0.0
Bengaluru City,Jalahalli Traffic PS,1.04432e+16,2016,1,2,Road Accidents,Other,City/Town,Open area,Human Error,No,Simple Injury,Others,Not at  Junction,Straight and flat,City or Town Road,Bitumen(Tar),Dry,No influence on accident,Fine,BFW road,Brigade Apartment,10 mtr,0.0,0.0
Bengaluru City,Jalahalli Traffic PS,1.04432e+16,2016,1,2,Road Accidents,Rail Crossing manned,City/Town,Open area,Human Error,No,Damage Only,Others,Not at  Junction,Straight and flat,City or Town Road,Bitumen(Tar),Dry,Construction Work / Material,Fine,MES Ring road,Over Bridge,56 ft,0.0,0.0
Bengaluru City,Jalahalli Traffic PS,1.04432e+16,2016,1,2,Road Accidents,Rail Crossing manned,City/Town,Open area,Human Error,No,Simple Injury,Rear end,Not at  Junction,Straight and flat,City or Town Road,Bitumen(Tar),Dry,No influence on accident,Fine,MES Ring road,Railway gate,30 mtr,0.0,0.0
Bengaluru City,Jalahalli Traffic PS,1.04432e+16,2016,1,2,Road Accidents,Rail Crossing manned,City/Town,Open area,Human Error,No,Simple Injury,Others,Police / Manual,Straight and flat,City or Town Road,Bitumen(Tar),Dry,Construction Work / Material,Fine,MES Ring road,Electric Pole,26 ft,0.0,0.0
Bengaluru City,Jalahalli Traffic PS,1.04432e+16,2016,1,2,Road Accidents,Other,City/Town,Near School or College,Human Error,No,Grievous Injury,Head on,Uncontrolled,Straight and flat,Arterial,Bitumen(Tar),Dry,No influence on accident,Fine,Hesaragatta main road,Electric pole,20 ft,0.0,0.0
Bengaluru City,Jalahalli Traffic PS,1.04432e+16,2016,1,1,Road Accidents,Other,City/Town,Open area,Human Error,No,Simple Injury,Hit pedestrian,Not at  Junction,Straight and flat,Sub Arterial,Bitumen(Tar),Dry,No influence on accident,Fine,Shetty halli road,tree,16 ft,0.0,0.0
Bengaluru City,Jalahalli Traffic PS,1.04432e+16,2016,1,2,Road Accidents,Other,City/Town,Open area,Human Error,No,Simple Injury,Head on,Not at  Junction,Straight and flat,Arterial,Bitumen(Tar),Dry,No influence on accident,Fine,SM ROAD,LIGHT POLE,18 FT,13.03,77.313
Bengaluru City,Jalahalli Traffic PS,1.04432e+16,2016,1,2,Road Accidents,Round about or Circle,City/Town,Open area,Human Error,No,Damage Only,Side impact or Right angle,Signal lights Manual,Straight and flat,Arterial,Bitumen(Tar),Dry,No influence on accident,Fine,BEL RAOD,POLO,16 FT,0.0,0.0
Bengaluru City,Jalahalli Traffic PS,1.04432e+16,2016,1,2,Road Accidents,Junction,City/Town,Open area,Human Error,Yes,Simple Injury,Side impact or Right angle,Uncontrolled,Straight and flat,Arterial,Bitumen(Tar),Dry,No influence on accident,Fine,MEDARHALLI ROAD,ROAD CROSS EDZE,8FT,0.0,0.0
Bengaluru City,Jalahalli Traffic PS,1.04432e+16,2016,1,2,Rail Road Accidents,Other,City/Town,Open area,Human Error,No,Simple Injury,Rear end,Not at  Junction,Straight and flat,Arterial,Bitumen(Tar),Dry,No influence on accident,Fine,Ring road,Light pole,26 ft,0.0,0.0
Bengaluru City,Jalahalli Traffic PS,1.04432e+16,2016,1,1,Road Accidents,Other,Rural Areas,Open area,Human Error,No,Damage Only,Others,Not at  Junction,Slight Curve,Arterial,Bitumen(Tar),Dry,No influence on accident,Fine,Hesaragatta main road,Tree,30 ft,0.0,0.0
Bengaluru City,Jalahalli Traffic PS,1.04432e+16,2016,1,1,Road Accidents,Culvert,City/Town,Narrow bridge or culverts,Human Error,No,Fatal,Hit pedestrian,Not at  Junction,Straight and flat,City or Town Road,Bitumen(Tar),Dry,No influence on accident,Fine,Hesaragatta main road,Chikkabanavara railway station,40 mtr,0.0,0.0
Bengaluru City,Jalahalli Traffic PS,1.04432e+16,2016,1,1,Road Accidents,T Junction,City/Town,Open area,Human Error,No,Simple Injury,Hit pedestrian,No signal lights,Straight and flat,Arterial,Bitumen(Tar),Dry,No influence on accident,Fine,HMT Road,Sahithya kuta gate,45 km,0.0,0.0
Bengaluru City,Jalahalli Traffic PS,1.04432e+16,2016,1,2,Road Accidents,Curves,City/Town,Open area,Human Error,No,Simple Injury,Rear end,Not at  Junction,Curve,Arterial,Bitumen(Tar),Dry,No influence on accident,Fine,Airforce road,Electric pole,12 FT,0.0,0.0
Bengaluru City,Jalahalli Traffic PS,1.04432e+16,2016,1,2,Road Accidents,Culvert,City/Town,Narrow bridge or culverts,Human Error,No,Damage Only,Rear end,Not at  Junction,Straight and flat,Arterial,Bitumen(Tar),Dry,Construction Work / Material,Fine,MES RING ROAD,RAILWAY GATE,30 FT,0.0,0.0
Bengaluru City,Jalahalli Traffic PS,1.04432e+16,2016,1,2,Road Accidents,Other,City/Town,Open area,Human Error,Yes,Fatal,Rear end,Not at  Junction,Straight and flat,Arterial,Bitumen(Tar),Dry,No influence on accident,Fine,KAMMAGONDANAHALLI M RD,ELECTRIC POLE,8 FT,0.0,0.0
Bengaluru City,Jalahalli Traffic PS,1.04432e+16,2016,1,2,Road Accidents,Cross roads,City/Town,Near Bus stop,Human Error,No,Simple Injury,Head on,No signal lights,Others,City or Town Road,Bitumen(Tar),Dry,No influence on accident,Fine,HMT ROAD,MAHALASA HOTEL,10 mtr,0.0,0.0
Bengaluru City,Jalahalli Traffic PS,1.04432e+16,2016,1,2,Road Accidents,Staggered junction,City/Town,Open area,Human Error,No,Damage Only,Head on,Uncontrolled,Straight and flat,Arterial,Bitumen(Tar),Dry,No influence on accident,Fine,VIDHYARANYAPURA MAIN ROAD,TREE,40FT,0.0,0.0
Bengaluru City,Jalahalli Traffic PS,1.04432e+16,2016,1,1,Road Accidents,Other,City/Town,Open area,Human Error,No,Simple Injury,Others,Not at  Junction,Slight Curve,City or Town Road,Bitumen(Tar),Dry,No influence on accident,Fine,"Tharabanahallli, hesargatta road",Manjushri Bar,40 mtr,13.0552,77.2902
Bengaluru City,Jalahalli Traffic PS,1.04432e+16,2016,1,1,Road Accidents,Other,City/Town,Near a religious place,Human Error,Yes,Simple Injury,Others,Not at  Junction,Straight and flat,Arterial,Bitumen(Tar),Dry,No influence on accident,Fine,K.G.Road,Tree,30 ft,0.0,0.0
Bengaluru City,Jalahalli Traffic PS,1.04432e+16,2016,1,2,Road Accidents,Other,City/Town,Open area,Human Error,No,Fatal,Head on,Not at  Junction,Straight and flat,Arterial,Bitumen(Tar),Dry,No influence on accident,Fine,MES RING ROAD,LIGHT POLE,70FT,13.0237,77.3342
Bengaluru City,Jalahalli Traffic PS,1.04432e+16,2016,1,2,Road Accidents,Junction,City/Town,Open area,Human Error,Yes,Fatal,Right Turn Collision,Uncontrolled,Straight and flat,Sub Arterial,Bitumen(Tar),Dry,No influence on accident,Fine,PIPELINE ROAD,SHIVANNA GARDEN,16 FT,0.0,0.0
Bengaluru City,Jalahalli Traffic PS,1.04432e+16,2016,1,2,Road Accidents,Other,City/Town,Residential area,Human Error,No,Damage Only,Others,Uncontrolled,Others,Arterial,Bitumen(Tar),Others,No influence on accident,Fine,TAAR,LIGHT POLE,20FT,0.0,0.0
Bengaluru City,Jalahalli Traffic PS,1.04432e+16,2016,1,2,Road Accidents,Curves,City/Town,Open area,Human Error,No,Fatal,Rear end,Not at  Junction,Curve,City or Town Road,Bitumen(Tar),Dry,No influence on accident,Fine,Hesaragatta main road,Meenakshi Steel Corporation,30 mtr,13.0449,77.3008
Bengaluru City,Jalahalli Traffic PS,1.04432e+16,2016,1,1,Road Accidents,Other,City/Town,Open area,Human Error,No,Fatal,Hit pedestrian,Not at  Junction,Straight and flat,Arterial,Bitumen(Tar),Dry,No influence on accident,Fine,Byaladakere road,electric pole,10 ft,0.0,0.0
Bengaluru City,Jalahalli Traffic PS,1.04432e+16,2016,1,1,Road Accidents,Other,City/Town,Open area,Human Error,Yes,Simple Injury,Hit and Run,No signal lights,Straight and flat,Arterial,Bitumen(Tar),Dry,No influence on accident,Fine,MUTYALAM 4TH MAIN ROAD,POLO,8,0.0,0.0
Bengaluru City,Jalahalli Traffic PS,1.04432e+16,2016,1,2,Road Accidents,Other,City/Town,Near Bus stop,Human Error,No,Simple Injury,Rear end,Not at  Junction,Straight and flat,City or Town Road,Concrete,Dry,No influence on accident,Fine,BEL U turn MES Ring road,Tree,65 ft,13.0238,77.3332
Bengaluru City,Jalahalli Traffic PS,1.04432e+16,2016,1,2,Road Accidents,Other,City/Town,Near a factory industrial area,Human Error,No,Damage Only,Hit parked vehicle,Not at  Junction,Straight and flat,City or Town Road,Bitumen(Tar),Dry,No influence on accident,Fine,BEL Parkin stand,Tree,20 mtr,0.0,0.0
Bengaluru City,Jalahalli Traffic PS,1.04432e+16,2016,1,2,Road Accidents,Staggered junction,City/Town,Open area,Human Error,No,Fatal,Others,No signal lights,Slight Curve,City or Town Road,Bitumen(Tar),Dry,No influence on accident,Fine,Hesaragatta main road,Tharabanahalli cross,10 mtr,0.0,0.0
Bengaluru City,Jalahalli Traffic PS,1.04432e+16,2016,1,2,Road Accidents,Curves,City/Town,Open area,Human Error,Yes,Fatal,Head on,Not at  Junction,Curve,Arterial,Bitumen(Tar),Dry,No influence on accident,Fine,Hesaragatta main road,Rajatha wood works,40 ft,0.0,0.0
Bengaluru City,Jalahalli Traffic PS,1.04432e+16,2016,1,2,Road Accidents,Circle,City/Town,Open area,Human Error,Yes,Fatal,Others,No signal lights,Curve,City or Town Road,Bitumen(Tar),Dry,No influence on accident,Fine,PIPIELINE ROAD,POLO,8FT,0.0,0.0
Bengaluru City,Jalahalli Traffic PS,1.04432e+16,2016,1,2,Road Accidents,Other,City/Town,Near School or College,Human Error,Yes,Simple Injury,Hit and Run,Not at  Junction,Straight and flat,Sub Arterial,Bitumen(Tar),Dry,No influence on accident,Fine,BEL Hospital road,electric pole,15 ft,0.0,0.0
Bengaluru City,Jalahalli Traffic PS,1.04432e+16,2016,1,2,Road Accidents,Y Junction,City/Town,Open area,Human Error,Yes,Damage Only,Hit and Run,No signal lights,Straight and flat,Arterial,Concrete,Dry,No influence on accident,Fine,ACHARYA COLLEGE ROAD,POLO,30FT,0.0,0.0
Bengaluru City,Jalahalli Traffic PS,1.04432e+16,2016,1,1,Road Accidents,T Junction,City/Town,Open area,Human Error,Yes,Fatal,Hit and Run,No signal lights,Straight and flat,Arterial,Bitumen(Tar),Dry,No influence on accident,Fine,PIEPLINE ROAD,POLO,10 FT,0.0,0.0
Bengaluru City,Jalahalli Traffic PS,1.04432e+16,2016,1,1,Road Accidents,Other,City/Town,Near Petrol Pump,Human Error,No,Simple Injury,Hit pedestrian,No signal lights,Straight and flat,Arterial,Bitumen(Tar),Dry,No influence on accident,Fine,mes road,POLO,25FT,0.0,0.0
Bengaluru City,Jalahalli Traffic PS,1.04432e+16,2016,1,1,Road Accidents,T Junction,City/Town,Open area,Human Error,No,Simple Injury,Others,No signal lights,Straight and flat,City or Town Road,Bitumen(Tar),Dry,No influence on accident,Fine,K G HALLI MAIN ROAD,POLO,23FT,0.0,0.0
Bengaluru City,Jalahalli Traffic PS,1.04432e+16,2016,1,2,Road Accidents,Curves,City/Town,Open area,Human Error,No,Simple Injury,Head on,Not at  Junction,Curve,City or Town Road,Bitumen(Tar),Dry,No influence on accident,Fine,S.M.Road,Electric pole,88 ft,0.0,0.0
Bengaluru City,Jalahalli Traffic PS,1.04432e+16,2016,1,2,Road Accidents,Other,City/Town,Open area,Human Error,No,Simple Injury,Head on,Not at  Junction,Straight and flat,Arterial,Bitumen(Tar),Dry,No influence on accident,Fine,Acharya college road,Kaveri Bake N Wheets,15 ft,0.0,0.0
Bengaluru City,Jalahalli Traffic PS,1.04432e+16,2016,1,1,Road Accidents,Road hump or Rumble strips,City/Town,Open area,Human Error,No,Simple Injury,Rear end,Police / Manual,Straight and flat,City or Town Road,Bitumen(Tar),Dry,No influence on accident,Fine,HMT Road,Near BEL School Junction,10 mtr,0.0,0.0
Bengaluru City,Jalahalli Traffic PS,1.04432e+16,2016,1,2,Road Accidents,Other,City/Town,Open area,Human Error,No,Damage Only,Others,Not at  Junction,Straight and flat,City or Town Road,Bitumen(Tar),Dry,No influence on accident,Fine,MES Ring road,Railway gate,30 mtr,0.0,0.0
Bengaluru City,Jalahalli Traffic PS,1.04432e+16,2016,1,2,Road Accidents,Other,City/Town,Open area,Human Error,No,Damage Only,Others,No signal lights,Straight and flat,City or Town Road,Bitumen(Tar),Dry,No influence on accident,Fine,HMT Road,Mahlasa hotel,20 mtr,0.0,0.0
Bengaluru City,Jalahalli Traffic PS,1.04432e+16,2016,1,1,Road Accidents,Staggered junction,City/Town,Open area,Human Error,No,Simple Injury,Head on,No signal lights,Straight and flat,Arterial,Bitumen(Tar),Dry,No influence on accident,Fine,HMT ROAD,POLO,10FT,0.0,0.0
Bengaluru City,Jalahalli Traffic PS,1.04432e+16,2016,1,2,Road Accidents,Other,City/Town,Open area,Human Error,Yes,Simple Injury,Others,No signal lights,Straight and flat,City or Town Road,Bitumen(Tar),Dry,No influence on accident,Fine,HMT Road,Mahalasa hotel,15 mtr,13.0258,77.3313
Bengaluru City,Jalahalli Traffic PS,1.04432e+16,2016,1,2,Road Accidents,Curves,City/Town,Open area,Human Error,No,Simple Injury,Head on,No signal lights,Curve,Sub Arterial,Bitumen(Tar),Dry,No influence on accident,Fine,ABBIGERE AND LAXMIPURA ROAD,TREE,16FT,0.0,0.0
Bengaluru City,Jalahalli Traffic PS,1.04432e+16,2016,1,2,Road Accidents,Bridge,City/Town,Narrow bridge or culverts,Human Error,No,Damage Only,Rear end,Signal lights Automatic,Straight and flat,Arterial,Bitumen(Tar),Dry,No influence on accident,Fine,RING ROAD SERVICE ROAD,MEDIAN,30 FT,13.0244,77.3323
Bengaluru City,Jalahalli Traffic PS,1.04432e+16,2016,1,2,Road Accidents,T Junction,City/Town,Open area,Human Error,No,Simple Injury,Right Turn Collision,Police / Manual,Straight and flat,Arterial,Bitumen(Tar),Dry,No influence on accident,Fine,HMT Road,Island,10 ft,0.0,0.0
Bengaluru City,Jalahalli Traffic PS,1.04432e+16,2016,1,2,Road Accidents,Culvert,City/Town,Open area,Human Error,Yes,Damage Only,Rear end,Not at  Junction,Straight and flat,Arterial,Bitumen(Tar),Dry,No influence on accident,Fine,MES RING ROAD,LIGHT POLE,40 FT,0.0,0.0
Bengaluru City,Jalahalli Traffic PS,1.04432e+16,2016,1,1,Road Accidents,Bottleneck,City/Town,Open area,Human Error,No,Simple Injury,Head on,No signal lights,Straight and flat,Arterial,Bitumen(Tar),Dry,No influence on accident,Fine,ABBIGERE ROAD,POLO,19FT,0.0,0.0
Bengaluru City,Jalahalli Traffic PS,1.04432e+16,2016,1,2,Road Accidents,Rail Crossing manned,City/Town,Open area,Human Error,No,Damage Only,Others,Police / Manual,Straight and flat,City or Town Road,Bitumen(Tar),Muddy,No influence on accident,Fine,MES Ring road,Railway gate,25 mtr,0.0,0.0
Bengaluru City,Jalahalli Traffic PS,1.04432e+16,2016,1,2,Road Accidents,Other,City/Town,Open area,Human Error,No,Simple Injury,Others,Not at  Junction,Straight and flat,City or Town Road,Bitumen(Tar),Dry,No influence on accident,Fine,"Shivakote, Mathkuru cross",Tree,25 mtr,0.0,0.0
Bengaluru City,Jalahalli Traffic PS,1.04432e+16,2016,1,2,Road Accidents,Culvert,City/Town,Open area,Human Error,No,Damage Only,Rear end,Not at  Junction,Straight and flat,Arterial,Bitumen(Tar),Dry,No influence on accident,Fine,MES RING ROAD,LIGHT POLE,16 T,0.0,0.0
Bengaluru City,Jalahalli Traffic PS,1.04432e+16,2016,1,2,Road Accidents,T Junction,City/Town,Near Bus stop,Human Error,Yes,Simple Injury,Side swipe,Police / Manual,Straight and flat,Arterial,Bitumen(Tar),Dry,No influence on accident,Fine,SM ROAD,ELEC POLE,40 FT,0.0,0.0
Bengaluru City,Jalahalli Traffic PS,1.04432e+16,2016,1,1,Road Accidents,Other,City/Town,Open area,Human Error,No,Simple Injury,Head on,No signal lights,Straight and flat,One way,Bitumen(Tar),Dry,No influence on accident,Fine,HMT ROAD,POLO,26FT,0.0,0.0
Bengaluru City,Jalahalli Traffic PS,1.04432e+16,2016,1,2,Road Accidents,Other,City/Town,Open area,Human Error,No,Simple Injury,Head on,No signal lights,Straight and flat,Two way,Bitumen(Tar),Dry,No influence on accident,Fine,FOREST ROAD,CEMENT SLAB,24FT,0.0,0.0
Bengaluru City,Jalahalli Traffic PS,1.04432e+16,2016,1,2,Road Accidents,Other,City/Town,Open area,Human Error,No,Simple Injury,Others,Not at  Junction,Others,City or Town Road,Bitumen(Tar),Dry,No influence on accident,Fine,HMT School road,Railway bridge,20mtrs,0.0,0.0
Bengaluru City,Jalahalli Traffic PS,1.04432e+16,2016,1,1,Road Accidents,Other,City/Town,Near a religious place,Human Error,No,Simple Injury,Hit pedestrian,Not at  Junction,Straight and flat,City or Town Road,Bitumen(Tar),Dry,No influence on accident,Fine,K.G.halli,Om Shakthi temple,10 mtr,0.0,0.0
Bengaluru City,Jalahalli Traffic PS,1.04432e+16,2016,1,1,Road Accidents,T Junction,City/Town,Open area,Human Error,Yes,Simple Injury,Hit and Run,No signal lights,Straight and flat,Two way,Bitumen(Tar),Dry,No influence on accident,Fine,S M ROAD,TREE,55FT,0.0,0.0
Bengaluru City,Jalahalli Traffic PS,1.04432e+16,2016,1,1,Road Accidents,T Junction,City/Town,Open area,Human Error,No,Damage Only,Skidding or Self accident,Uncontrolled,Straight and flat,City or Town Road,Bitumen(Tar),Dry,No influence on accident,Fine,KAMMAGONDANAHALLI ROAD,TREE,45 FT,0.0,0.0
Bengaluru City,Jalahalli Traffic PS,1.04432e+16,2016,1,2,Road Accidents,Narrow road,City/Town,Open area,Human Error,No,Simple Injury,Head on,Not at  Junction,Straight and flat,City or Town Road,Bitumen(Tar),Dry,No influence on accident,Fine,HMT road,Tree,35 ft,0.0,0.0
Bengaluru City,Jalahalli Traffic PS,1.04432e+16,2016,1,2,Road Accidents,Other,City/Town,Open area,Human Error,No,Simple Injury,Others,Not at  Junction,Straight and flat,City or Town Road,Bitumen(Tar),Dry,No influence on accident,Fine,Hesaragatta main road,Electric pole,30 mtr,0.0,0.0
Bengaluru City,Jalahalli Traffic PS,1.04432e+16,2016,1,2,Road Accidents,Other,City/Town,Open area,Human Error,No,Damage Only,Rear end,No signal lights,Straight and flat,Arterial,Bitumen(Tar),Dry,No influence on accident,Fine,MES Ring road,electric pole,13 ft,0.0,0.0
Bengaluru City,Jalahalli Traffic PS,1.04432e+16,2016,1,2,Road Accidents,Other,City/Town,Near School or College,Human Error,Yes,Damage Only,Rear end,Not at  Junction,Straight and flat,Arterial,Bitumen(Tar),Dry,No influence on accident,Fine,SM Road,SBM Bank Gate,25 ft,0.0,0.0
Bengaluru City,Jalahalli Traffic PS,1.04432e+16,2016,1,2,Road Accidents,Other,City/Town,Open area,Human Error,No,Simple Injury,Head on,No signal lights,Straight and flat,Arterial,Bitumen(Tar),Dry,No influence on accident,Fine,MES ROAD,POLO,15FT,0.0,0.0
Bengaluru City,Jalahalli Traffic PS,1.04432e+16,2016,1,2,Road Accidents,Other,City/Town,Open area,Human Error,No,Simple Injury,Head on,Not at  Junction,Straight and flat,City or Town Road,Bitumen(Tar),Dry,No influence on accident,Fine,Abbigere Forest road,Forest hostel gate,60ft,0.0,0.0
Bengaluru City,Jalahalli Traffic PS,1.04432e+16,2016,1,2,Road Accidents,Other,City/Town,Open area,Human Error,No,Simple Injury,Head on,Not at  Junction,Straight and flat,City or Town Road,Bitumen(Tar),Dry,No influence on accident,Fine,"MES Ring road, near railway gate",Hindustan pvt ltd,18 ft,0.0,0.0
Bengaluru City,Jalahalli Traffic PS,1.04432e+16,2016,1,2,Road Accidents,Other,City/Town,Open area,Human Error,No,Damage Only,Others,Not at  Junction,Straight and flat,City or Town Road,Bitumen(Tar),Dry,No influence on accident,Fine,bEL Ring road Service road,Kuvempu circle,50 mtr,0.0,0.0
Bengaluru City,Jalahalli Traffic PS,1.04432e+16,2016,1,2,Road Accidents,Other,City/Town,Open area,Human Error,No,Simple Injury,Others,Not at  Junction,Straight and flat,City or Town Road,Bitumen(Tar),Dry,No influence on accident,Fine,BFW road,ISRO Quatress,50 mtr,0.0,0.0
Bengaluru City,Jalahalli Traffic PS,1.04432e+16,2016,1,2,Road Accidents,T Junction,City/Town,Open area,Human Error,No,Fatal,Head on,No signal lights,Straight and flat,City or Town Road,Bitumen(Tar),Others,No influence on accident,Fine,Abbigere road,Mathrushri Medicals,25 ft,0.0,0.0
Bengaluru City,Jalahalli Traffic PS,1.04432e+16,2016,1,2,Road Accidents,Junction,City/Town,Open area,Human Error,No,Damage Only,Side swipe,No signal lights,Straight and flat,Arterial,Bitumen(Tar),Dry,No influence on accident,Fine,MES Ring road,Light pole,30 ft,0.0,0.0