DISTRICTNAME,UNITNAME,Crime_No,Year,RI,Noofvehicle_involved,Accident_Classification,Accident_Spot,Accident_Location,Accident_SubLocation,Main_Cause,Hit_Run,Severity,Collision_Type,Junction_Control,Road_Character,Road_Type,Surface_Type,Surface_Condition,Road_Condition,Weather,Accident_Road,Landmark_first,Distance_LandMark_First,Latitude,Longitude
Bengaluru City,Jalahalli Traffic PS,1.04432e+16,2016,1,2,Road Accidents,Circle,City/Town,Narrow bridge or culverts,Human Error,No,Simple Injury,Others,Signal lights Manual,Straight and flat,Arterial,Bitumen(Tar),Dry,No influence on accident,Fine,BEL RAOD,DEVIDER,60FT,0.0,0.0
Bengaluru City,Jalahalli Traffic PS,1.04432e+16,2016,1,1,Road Accidents,Narrow road,City/Town,Near School or College,Human Error,No,Simple Injury,Hit pedestrian,Not at  Junction,Straight and flat,Sub Arterial,Bitumen(Tar),Dry,No influence on accident,Fine,Abbigere Lakshmipur main road,Electric polce,24ft,0.0,0.0
Bengaluru City,Jalahalli Traffic PS,1.04432e+16,2016,1,2,Road Accidents,Other,City/Town,Open area,Human Error,Yes,Simple Injury,Head on,Not at  Junction,Straight and flat,Arterial,Bitumen(Tar),Dry,No influence on accident,Fine,Hesaragatta main road,Tree,25 mtr,0.0,0.0
Bengaluru City,Jalahalli Traffic PS,1.04432e+16,2016,1,2,Road Accidents,Other,City/Town,Open area,Human Error,No,Fatal,Rear end,Not at  Junction,Straight and flat,City or Town Road,Bitumen(Tar),Dry,No influence on accident,Fine,HMT Road,BEL Bus stop,70 ft,0.0,0.0
Bengaluru City,Jalahalli Traffic PS,1.04432e+16,2016,1,2,Road Accidents,Culvert,City/Town,Open area,Human Error,No,Simple Injury,Side impact or Right angle,Signal lights Automatic,Straight and flat,Arterial,Bitumen(Tar),Dry,No influence on accident,Fine,MES Ring road,Near Kuvempu circle,30 mtr,0.0,0.0
Bengaluru City,Jalahalli Traffic PS,1.04432e+16,2016,1,2,Road Accidents,Curves,City/Town,Open area,Human Error,Yes,Simple Injury,Head on,Not at  Junction,Curve,Arterial,Bitumen(Tar),Dry,No influence on accident,Fine,HESARAGATTA MAIN ROAD,ANJANAPPA GARDEN,50 FT,0.0,0.0
Bengaluru City,Jalahalli Traffic PS,1.04432e+16,2016,1,2,Road Accidents,Rail Crossing manned,City/Town,Open area,Human Error,No,Fatal,Others,Not at  Junction,Straight and flat,City or Town Road,Bitumen(Tar),Dry,No influence on accident,Fine,MES Ring road,Raiway track,100 ft,0.0,0.0
Bengaluru City,Jalahalli Traffic PS,1.04432e+16,2016,1,1,Road Accidents,Other,City/Town,Open area,Human Error,Yes,Simple Injury,Hit and Run,Not at  Junction,Straight and flat,Arterial,Bitumen(Tar),Dry,No influence on accident,Fine,Mathkuru cross,Electric pole,30 mtr,0.0,0.0
Bengaluru City,Jalahalli Traffic PS,1.04432e+16,2016,1,2,Road Accidents,Other,City/Town,Residential area,Human Error,No,Simple Injury,Head on,Not at  Junction,Straight and flat,City or Town Road,Bitumen(Tar),Dry,No influence on accident,Fine,Shettihalli-Abbigere road,Pole,39 ft,0.0,0.0
Bengaluru City,Jalahalli Traffic PS,1.04432e+16,2016,1,2,Road Accidents,Staggered junction,City/Town,Residential area,Human Error,Yes,Damage Only,Head on,Not at  Junction,Others,Sub Arterial,Bitumen(Tar),Dry,No influence on accident,Fine,Hesaragatta road,Tree,30 ft,13.0349,77.3026
Bengaluru City,Jalahalli Traffic PS,1.04432e+16,2016,1,1,Road Accidents,Junction,City/Town,At pedestrian Crossing,Human Error,No,Simple Injury,Hit pedestrian,Police / Manual,Straight and flat,City or Town Road,Bitumen(Tar),Dry,No influence on accident,Fine,HMT Road,BSNL Office,20 mtr,13.0256,77.33
Bengaluru City,Jalahalli Traffic PS,1.04432e+16,2016,1,2,Road Accidents,Other,City/Town,Open area,Human Error,Yes,Fatal,Rear end,Not at  Junction,Straight and flat,Sub Arterial,Bitumen(Tar),Dry,No influence on accident,Fine,ABBIGERE MAIN ROAD,ELECTRIC POLE,40 FT,0.0,0.0
Bengaluru City,Jalahalli Traffic PS,1.04432e+16,2016,1,1,Road Accidents,T Junction,City/Town,Open area,Human Error,Yes,Grievous Injury,Head on,No signal lights,Straight and flat,Arterial,Bitumen(Tar),Dry,No influence on accident,Fine,Acharya college road,polo,15ft,0.0,0.0
Bengaluru City,Jalahalli Traffic PS,1.04432e+16,2016,1,2,Road Accidents,Other,City/Town,Open area,Human Error,No,Simple Injury,Head on,Not at  Junction,Straight and flat,Arterial,Bitumen(Tar),Dry,No influence on accident,Fine,"Kereguddadahalli,",Gangadareshvara Kalyana mantapa,25 mtr,0.0,0.0
Bengaluru City,Jalahalli Traffic PS,1.04432e+16,2016,1,1,Road Accidents,Curves,City/Town,Open area,Human Error,No,Fatal,Skidding or Self accident,Not at  Junction,Sharp Curve,City or Town Road,Bitumen(Tar),Dry,No influence on accident,Fine,Hesaragatta main road,Ramanna Garden,40 mtr,0.0,0.0
Bengaluru City,Jalahalli Traffic PS,1.04432e+16,2016,1,1,Road Accidents,Other,City/Town,Open area,Human Error,No,Fatal,Others,No signal lights,Slight Curve,City or Town Road,Bitumen(Tar),Dry,No influence on accident,Fine,KGHalli,Malnad Hotel,20 mtr,0.0,0.0
Bengaluru City,Jalahalli Traffic PS,1.04432e+16,2016,1,2,Road Accidents,Curves,City/Town,Open area,Human Error,No,Simple Injury,Head on,Not at  Junction,Slight Curve,City or Town Road,Bitumen(Tar),Dry,No influence on accident,Fine,Khathanagar road,Canara Bank Property,30 mtr,0.0,0.0
Bengaluru City,Jalahalli Traffic PS,1.04432e+16,2016,1,2,Road Accidents,Other,City/Town,Open area,Human Error,No,Simple Injury,Others,Not at  Junction,Straight and flat,City or Town Road,Bitumen(Tar),Dry,No influence on accident,Fine,Kuvempunagar road,Electric pole,15mtr,0.0,0.0
Bengaluru City,Jalahalli Traffic PS,1.04432e+16,2016,1,2,Road Accidents,Other,City/Town,Open area,Human Error,No,Simple Injury,Others,Not at  Junction,Straight and flat,City or Town Road,Concrete,Dry,No influence on accident,Fine,MES Ring road,BEL Under pass,30 mtr,0.0,0.0
Bengaluru City,Jalahalli Traffic PS,1.04432e+16,2016,1,2,Road Accidents,Narrow road,City/Town,Open area,Human Error,No,Simple Injury,Right Turn Collision,Not at  Junction,Straight and flat,Sub Arterial,Bitumen(Tar),Dry,No influence on accident,Fine,HMT FACTORY ROAD,LIGHT POLE,22 FT,0.0,0.0
Bengaluru City,Jalahalli Traffic PS,1.04432e+16,2016,1,2,Road Accidents,Curves,City/Town,Open area,Human Error,No,Damage Only,Head on,Not Applicable,Curve,City or Town Road,Bitumen(Tar),Dry,No influence on accident,Fine,Hesaraghatta road,Babureddy house,20 mtr,0.0,0.0
Bengaluru City,Jalahalli Traffic PS,1.04432e+16,2016,1,2,Road Accidents,Y Junction,City/Town,Near a factory industrial area,Human Error,No,Damage Only,Head on,Uncontrolled,Straight and flat,Sub Arterial,Bitumen(Tar),Dry,No influence on accident,Fine,HMT Factory Road,Light pole,20 ft,0.0,0.0
Bengaluru City,Jalahalli Traffic PS,1.04432e+16,2016,1,1,Road Accidents,Other,City/Town,Open area,Human Error,No,Simple Injury,Head on,No signal lights,Straight and flat,City or Town Road,Bitumen(Tar),Dry,No influence on accident,Fine,S M ROAD,TREE,9FT,0.0,0.0
Bengaluru City,Jalahalli Traffic PS,1.04432e+16,2016,1,1,Road Accidents,Other,City/Town,Open area,Human Error,No,Simple Injury,Others,Not Applicable,Straight and flat,City or Town Road,Bitumen(Tar),Dry,No influence on accident,Fine,MES Ring road,Green Eco tech Solar Agency,6 ft,0.0,0.0
Bengaluru City,Jalahalli Traffic PS,1.04432e+16,2016,1,2,Road Accidents,Other,City/Town,Residential area,Human Error,No,Simple Injury,Others,Not Applicable,Not Applicable,Not Applicable,Concrete,Dry,Not Applicable,Fine,Inside Prestige Apartment,2031,4 ft,0.0,0.0
Bengaluru City,Jalahalli Traffic PS,1.04432e+16,2016,1,1,Road Accidents,Other,City/Town,Open area,Human Error,Yes,Simple Injury,Hit and Run,Not at  Junction,Straight and flat,City or Town Road,Bitumen(Tar),Dry,No influence on accident,Fine,Chikkabanavara,Sumukha communication,32 ft,0.0,0.0
Bengaluru City,Jalahalli Traffic PS,1.04432e+16,2016,1,1,Road Accidents,Junction,City/Town,Open area,Human Error,No,Simple Injury,Hit pedestrian,Uncontrolled,Straight and flat,Sub Arterial,Bitumen(Tar),Dry,No influence on accident,Fine,"Kasagatta pura, Janatha colony",Electric pole,25 mtr,0.0,0.0
Bengaluru City,Jalahalli Traffic PS,1.04432e+16,2016,1,1,Road Accidents,Other,City/Town,Residential area,Human Error,Yes,Simple Injury,Others,Not at  Junction,Straight and flat,Arterial,Bitumen(Tar),Dry,No influence on accident,Fine,Ragavendra layout,Tree,20 ft,0.0,0.0
Bengaluru City,Jalahalli Traffic PS,1.04432e+16,2016,1,1,Road Accidents,Other,City/Town,Open area,Human Error,No,Simple Injury,Hit pedestrian,Not at  Junction,Straight and flat,City or Town Road,Bitumen(Tar),Dry,No influence on accident,Fine,MES Ring road,Mother Theresa School,30 mtr,0.0,0.0
Bengaluru City,Jalahalli Traffic PS,1.04432e+16,2016,1,2,Road Accidents,Curves,City/Town,Open area,Human Error,No,Simple Injury,Head on,Not at  Junction,Curve,Arterial,Bitumen(Tar),Dry,No influence on accident,Fine,Hesaragatta main road,Electric pole,15 ft,0.0,0.0
Bengaluru City,Jalahalli Traffic PS,1.04432e+16,2016,1,1,Road Accidents,Bridge,City/Town,Open area,Human Error,No,Fatal,Others,Not at  Junction,Straight and flat,City or Town Road,Concrete,Dry,No influence on accident,Fine,MES Ring road,Kuvempu Under pass,10 mtr,0.0,0.0
Bengaluru City,Jalahalli Traffic PS,1.04432e+16,2016,1,2,Road Accidents,T Junction,City/Town,Open area,Human Error,No,Simple Injury,Others,No signal lights,Straight and flat,City or Town Road,Bitumen(Tar),Dry,No influence on accident,Fine,HMT Road,Jalahalli police station,40 mtr,0.0,0.0
Bengaluru City,Jalahalli Traffic PS,1.04432e+16,2016,1,2,Road Accidents,Rail Crossing manned,City/Town,Open area,Human Error,No,Damage Only,Rear end,Not at  Junction,Straight and flat,City or Town Road,Bitumen(Tar),Dry,No influence on accident,Fine,MES Ring road,Railway gate,30 mtr,13.0222,77.3235
Bengaluru City,Jalahalli Traffic PS,1.04432e+16,2016,1,1,Road Accidents,Other,City/Town,Open area,Human Error,No,Simple Injury,Hit pedestrian,Not at  Junction,Straight and flat,City or Town Road,Bitumen(Tar),Dry,No influence on accident,Fine,Air force East road,Tree,20 mtr,0.0,0.0
Bengaluru City,Jalahalli Traffic PS,1.04432e+16,2016,1,1,Road Accidents,Other,City/Town,Near Bus stop,Human Error,No,Simple Injury,Hit pedestrian,Not at  Junction,Straight and flat,Arterial,Bitumen(Tar),Dry,No influence on accident,Fine,ABBIGERE MAIN ROAD,ELEC POLE,10 FT,0.0,0.0
Bengaluru City,Jalahalli Traffic PS,1.04432e+16,2017,1,2,Road Accidents,T Junction,City/Town,Open area,Human Error,Yes,Simple Injury,Head on,No signal lights,Straight and flat,Arterial,Bitumen(Tar),Dry,No influence on accident,Fine,Hesaragatta road,S B Engineering works,60 ft,0.0,0.0
Bengaluru City,Jalahalli Traffic PS,1.04432e+16,2017,1,1,Road Accidents,Bottleneck,City/Town,Open area,Human Error,Yes,Simple Injury,Head on,No signal lights,Straight and flat,Arterial,Bitumen(Tar),Dry,No influence on accident,Fine,MES RING ROAD,POLO,48FT,13.0237,77.3312
Bengaluru City,Jalahalli Traffic PS,1.04432e+16,2017,1,2,Road Accidents,Other,City/Town,Open area,Human Error,No,Simple Injury,Head on,Not at  Junction,Straight and flat,Sub Arterial,Bitumen(Tar),Dry,No influence on accident,Fine,Huralichikkanahalli road,light pole,32,13.115487,77.48623
Bengaluru City,Jalahalli Traffic PS,1.04432e+16,2017,1,1,Road Accidents,Other,City/Town,Open area,Human Error,Yes,Simple Injury,Hit pedestrian,Not at  Junction,Straight and flat,Arterial,Bitumen(Tar),Dry,No influence on accident,Clear,Hesaragatta main road,AGR Concrete hollo block,10 ft,13.086744,77.496082
Bengaluru City,Jalahalli Traffic PS,1.04432e+16,2017,1,2,Road Accidents,Y Junction,City/Town,Open area,Human Error,Yes,Simple Injury,Head on,Uncontrolled,Straight and flat,Arterial,Bitumen(Tar),Dry,No influence on accident,Fine,HMT Road,Uco bank,46 ft,13.050659,77.542676
Bengaluru City,Jalahalli Traffic PS,1.04432e+16,2017,1,2,Road Accidents,Other,City/Town,Near School or College,Human Error,Yes,Simple Injury,Head on,Not at  Junction,Straight and flat,Sub Arterial,Bitumen(Tar),Dry,No influence on accident,Fine,S M Road,Qluny convent,40 ft,13.054568,77.54144
Bengaluru City,Jalahalli Traffic PS,1.04432e+16,2017,1,2,Road Accidents,Other,City/Town,Open area,Human Error,Yes,Simple Injury,Rear end,Not at  Junction,Straight and flat,Arterial,Bitumen(Tar),Dry,No influence on accident,Fine,S M Road,Air force main gate,125 ft,13.052388,77.529403
Bengaluru City,Jalahalli Traffic PS,1.04432e+16,2017,1,3,Road Accidents,Road hump or Rumble strips,City/Town,Near a religious place,Human Error,No,Damage Only,Rear end,Not at  Junction,Hump,Arterial,Bitumen(Tar),Dry,No influence on accident,Fine,HMT road,M S Ramaiah House,20 ft,0.0,0.0
Bengaluru City,Jalahalli Traffic PS,1.04432e+16,2017,1,1,Road Accidents,Other,City/Town,Open area,Human Error,No,Simple Injury,Head on,Not at  Junction,Straight and flat,Arterial,Bitumen(Tar),Dry,No influence on accident,Fine,VIDYARANYAPURA ROAD,TREE,42FT,13.0244,77.3323
Bengaluru City,Jalahalli Traffic PS,1.04432e+16,2017,1,2,Road Accidents,T Junction,City/Town,Near Bus stop,Human Error,No,Simple Injury,Right Turn Collision,Uncontrolled,Others,Arterial,Bitumen(Tar),Dry,No influence on accident,Fine,HMT main road,Kamath Upahar,50 ft,13.0519,77.551963
Bengaluru City,Jalahalli Traffic PS,1.04432e+16,2017,1,1,Road Accidents,Other,City/Town,Residential area,Human Error,No,Simple Injury,Hit pedestrian,Not at  Junction,Straight and flat,Residential Street,Bitumen(Tar),Dry,No influence on accident,Fine,Chikkasandra 5th cross,Complainant house,3 ft,13.064412,77.508734
Bengaluru City,Jalahalli Traffic PS,1.04432e+16,2017,1,1,Road Accidents,Narrow road,City/Town,Near a religious place,Human Error,No,Fatal,Hit pedestrian,Uncontrolled,Straight and flat,Arterial,Bitumen(Tar),Dry,No influence on accident,Fine,Kammagondanahalli main road,Kodanda Rama Swamy temple,10 ft,0.0,0.0
Bengaluru City,Jalahalli Traffic PS,1.04432e+16,2017,1,1,Road Accidents,Narrow road,City/Town,Residential area,Human Error,No,Fatal,Hit pedestrian,Not at  Junction,Straight and flat,Residential Street,Kutcha,Muddy,Construction Work / Material,Fine,Vanithashrama Road,New Constructing house,20 ft,0.0,0.0
Bengaluru City,Jalahalli Traffic PS,1.04432e+16,2017,1,2,Road Accidents,Junction,City/Town,Near Hospital,Human Error,Yes,Simple Injury,Rear end,Uncontrolled,Straight and flat,Arterial,Bitumen(Tar),Dry,No influence on accident,Fine,Hesaragatta mainroad,Sapthagiri Hospita main gate,15ft,13.0414,77.3014
Bengaluru City,Jalahalli Traffic PS,1.04432e+16,2017,1,2,Road Accidents,Curves,City/Town,Open area,Human Error,No,Fatal,Head on,Not at  Junction,Curve,Arterial,Bitumen(Tar),Dry,No influence on accident,Fine,S M ROAD,TREE,24FT,13.0307,77.3144
Bengaluru City,Jalahalli Traffic PS,1.04432e+16,2017,1,2,Road Accidents,Curves,City/Town,Open area,Human Error,No,Simple Injury,Head on,Not at  Junction,Curve,Sub Arterial,Bitumen(Tar),Dry,No influence on accident,Fine,Acharya college road,Tree,18 ft,13.083511,77.492446
Bengaluru City,Jalahalli Traffic PS,1.04432e+16,2017,1,3,Road Accidents,Other,City/Town,Near School or College,Human Error,No,Damage Only,Rear end,Not at  Junction,Straight and flat,Arterial,Bitumen(Tar),Dry,No influence on accident,Fine,SM Road,AFTC Gate,100 mt,13.049196,77.523952
Bengaluru City,Jalahalli Traffic PS,1.04432e+16,2017,1,3,Road Accidents,Bridge,City/Town,Open area,Human Error,No,Simple Injury,Right Turn Collision,Signal lights Automatic,Straight and flat,Arterial,Bitumen(Tar),Dry,No influence on accident,Fine,MES Ring road,Police Umbrela,60 ft,13.043212,77.561224
Bengaluru City,Jalahalli Traffic PS,1.04432e+16,2017,1,1,Road Accidents,Other,City/Town,Open area,Human Error,Yes,Simple Injury,Hit pedestrian,Not at  Junction,Straight and flat,Arterial,Bitumen(Tar),Dry,No influence on accident,Fine,MES RING ROAD,RAJA STORE,10 FT,13.042609,77.550084
Bengaluru City,Jalahalli Traffic PS,1.04432e+16,2017,1,1,Road Accidents,T Junction,City/Town,Near School or College,Human Error,No,Damage Only,Hit fixed object,No signal lights,Straight and flat,Arterial,Bitumen(Tar),Dry,No influence on accident,Fine,MES RING ROAD,ELECTRIC POLE,62 FT,13.0222,77.3235
Bengaluru City,Jalahalli Traffic PS,1.04432e+16,2017,1,3,Road Accidents,T Junction,City/Town,Open area,Human Error,No,Damage Only,Rear end,Not at  Junction,Straight and flat,Arterial,Bitumen(Tar),Dry,No influence on accident,Fine,PIPELINE ROAD,POLO,15FT,13.044273,77.553395
Bengaluru City,Jalahalli Traffic PS,1.04432e+16,2017,1,2,Road Accidents,Curves,City/Town,Open area,Human Error,No,Fatal,Head on,Not at  Junction,Slight Curve,Sub Arterial,Bitumen(Tar),Dry,No influence on accident,Fine,Kereguddadahalli road,Balaji Packaging Industries,32 ft,0.0,0.0
Bengaluru City,Jalahalli Traffic PS,1.04432e+16,2017,1,1,Road Accidents,Other,City/Town,Near School or College,Human Error,No,Simple Injury,Skidding or Self accident,Not at  Junction,Straight and flat,Arterial,Bitumen(Tar),Dry,No influence on accident,Fine,Hesaragatta main road,sapthagiri college gate,3 ft,0.0,0.0
Bengaluru City,Jalahalli Traffic PS,1.04432e+16,2017,1,2,Road Accidents,Round about or Circle,City/Town,Near Bus stop,Human Error,No,Damage Only,Right Turn Collision,Police / Manual,Curve,Arterial,Bitumen(Tar),Dry,No influence on accident,Fine,HMT Main road,BUS Stop,6 ft,0.0,0.0
Bengaluru City,Jalahalli Traffic PS,1.04432e+16,2017,1,1,Road Accidents,Other,City/Town,Near School or College,Human Error,Yes,Simple Injury,Hit pedestrian,Not at  Junction,Straight and flat,Arterial,Bitumen(Tar),Dry,No influence on accident,Fine,S.M.Road,Cluni Convent,55 ft,0.0,0.0
Bengaluru City,Jalahalli Traffic PS,1.04432e+16,2017,1,1,Road Accidents,Road hump or Rumble strips,City/Town,Open area,Human Error,No,Simple Injury,Hit parked vehicle,Uncontrolled,Hump,Arterial,Bitumen(Tar),Dry,No influence on accident,Fine,MES Ring road,Electric pole,23 ft,0.0,0.0
Bengaluru City,Jalahalli Traffic PS,1.04432e+16,2017,1,2,Road Accidents,T Junction,City/Town,Near Bus stop,Human Error,No,Simple Injury,Rear end,Uncontrolled,Straight and flat,Arterial,Bitumen(Tar),Dry,No influence on accident,Fine,Khathanagar road,Bus stop,25ft,13.0316,77.3157
Bengaluru City,Jalahalli Traffic PS,1.04432e+16,2017,1,1,Road Accidents,Curves,City/Town,Near School or College,Human Error,No,Simple Injury,Hit pedestrian,Not at  Junction,Curve,Arterial,Bitumen(Tar),Dry,No influence on accident,Fine,Hesaragatta main road,Sri Sai Ram Institute,15 ft,13.0816,77.2845
Bengaluru City,Jalahalli Traffic PS,1.04432e+16,2017,1,1,Road Accidents,Curves,City/Town,Open area,Human Error,No,Simple Injury,Hit fixed object,Not at  Junction,Curve,Arterial,Bitumen(Tar),Dry,No influence on accident,Fine,SILVEPURA ROAD,ELECTRIC POLE,85FT,13.0502,77.2957
Bengaluru City,Jalahalli Traffic PS,1.04432e+16,2017,1,2,Road Accidents,Other,City/Town,Open area,Human Error,No,Grievous Injury,Head on,Uncontrolled,Straight and flat,Arterial,Bitumen(Tar),Dry,No influence on accident,Fine,ABBIGERE NEELAGIRI THOTA,NEELAGIRI THOPU,42FT,13.043,77.306
Bengaluru City,Jalahalli Traffic PS,1.04432e+16,2017,1,2,Road Accidents,T Junction,City/Town,Near Bus stop,Human Error,No,Damage Only,Head on,Not at  Junction,Straight and flat,Arterial,Bitumen(Tar),Dry,No influence on accident,Fine,HMT ROAD,SBI ATM,28FT,13.051558,77.552058
Bengaluru City,Jalahalli Traffic PS,1.04432e+16,2017,1,2,Road Accidents,T Junction,City/Town,Open area,Human Error,No,Simple Injury,Head on,Not at  Junction,Straight and flat,Arterial,Bitumen(Tar),Dry,No influence on accident,Fine,HESARAGHATTA MAIN ROAD,POLO,14FT,0.0,0.0
Bengaluru City,Jalahalli Traffic PS,1.04432e+16,2017,1,2,Road Accidents,T Junction,City/Town,Open area,Human Error,No,Damage Only,Rear end,Uncontrolled,Straight and flat,Arterial,Bitumen(Tar),Dry,No influence on accident,Fine,MES RING ROAD,BALAJI NURSING ROAD,10 FT,13.04273,77.550598
Bengaluru City,Jalahalli Traffic PS,1.04432e+16,2017,1,2,Road Accidents,T Junction,City/Town,Near a religious place,Human Error,No,Simple Injury,Hit pedestrian,Uncontrolled,Straight and flat,Arterial,Bitumen(Tar),Dry,No influence on accident,Fine,Kempapura road,Electric pole,15 ft,0.0,0.0
Bengaluru City,Jalahalli Traffic PS,1.04432e+16,2017,1,1,Road Accidents,Bridge,City/Town,Open area,Human Error,No,Simple Injury,Hit fixed object,Not at  Junction,Slight Curve,City or Town Road,Bitumen(Tar),Dry,No influence on accident,Fine,MES Ring road,Light pole,33 ft,0.0,0.0
Bengaluru City,Jalahalli Traffic PS,1.04432e+16,2017,1,3,Road Accidents,Other,City/Town,Near School or College,Human Error,No,Simple Injury,Right Turn Collision,Not at  Junction,Straight and flat,Arterial,Bitumen(Tar),Dry,No influence on accident,Fine,Airforce East road,K V School Gate,60 ft,13.0349,77.3238
Bengaluru City,Jalahalli Traffic PS,1.04432e+16,2017,1,1,Road Accidents,Junction,City/Town,Near Hospital,Human Error,No,Simple Injury,Right Turn Collision,Uncontrolled,Straight and flat,Arterial,Bitumen(Tar),Dry,No influence on accident,Fine,HMT FACTORY ROAD,POLO,39FT,13.048843,77.550047
Bengaluru City,Jalahalli Traffic PS,1.04432e+16,2017,1,2,Road Accidents,Other,City/Town,Open area,Human Error,No,Simple Injury,Rear end,Not at  Junction,Straight and flat,Sub Arterial,Bitumen(Tar),Dry,No influence on accident,Fine,Forest road,Renaisance Apartment gate,15 ft,13.063238,77.535252
Bengaluru City,Jalahalli Traffic PS,1.04432e+16,2017,1,1,Road Accidents,Other,City/Town,Open area,Human Error,Yes,Simple Injury,Hit pedestrian,Not at  Junction,Straight and flat,Sub Arterial,Bitumen(Tar),Dry,No influence on accident,Fine,Kuvempunagar road,tree,9 ft,13.060609,77.54413
Bengaluru City,Jalahalli Traffic PS,1.04432e+16,2017,1,2,Road Accidents,Bridge,City/Town,Narrow bridge or culverts,Human Error,Yes,Simple Injury,Rear end,Signal lights Automatic,Straight and flat,Arterial,Bitumen(Tar),Dry,No influence on accident,Fine,MES Ring road,light pole,20 ft,13.043387,77.557287
Bengaluru City,Jalahalli Traffic PS,1.04432e+16,2017,1,1,Road Accidents,Curves,City/Town,Open area,Human Error,No,Simple Injury,Skidding or Self accident,Not at  Junction,Curve,Arterial,Bitumen(Tar),Dry,No influence on accident,Fine,Siluvepura road,tree,60 ft,13.112915,77.502556
Bengaluru City,Jalahalli Traffic PS,1.04432e+16,2017,1,1,Road Accidents,Curves,City/Town,Near a religious place,Human Error,No,Simple Injury,Hit pedestrian,Not at  Junction,Curve,Arterial,Bitumen(Tar),Dry,No influence on accident,Fine,Hesaragatta road,Arkeshvara temple,5 ft,0.0,0.0
Bengaluru City,Jalahalli Traffic PS,1.04432e+16,2017,1,2,Road Accidents,Curves,City/Town,Open area,Human Error,No,Simple Injury,Head on,Not at  Junction,Curve,Arterial,Bitumen(Tar),Dry,No influence on accident,Fine,Hesaragatta main road,Giriyappa Convention hall,40 mtr,13.0656,77.2858
Bengaluru City,Jalahalli Traffic PS,1.04432e+16,2017,1,3,Road Accidents,T Junction,City/Town,Open area,Human Error,No,Damage Only,Head on,Not at  Junction,Straight and flat,Arterial,Bitumen(Tar),Dry,No influence on accident,Fine,HESARGHATTA RD,POLO,18FT,13.0604,77.285
Bengaluru City,Jalahalli Traffic PS,1.04432e+16,2017,1,2,Road Accidents,Curves,City/Town,Open area,Human Error,No,Fatal,Rear end,Not at  Junction,Curve,Arterial,Bitumen(Tar),Dry,No influence on accident,Fine,HESARAGHATTA MAIN ROAD,POLO,40FT,13.0656,77.2858
Bengaluru City,Jalahalli Traffic PS,1.04432e+16,2017,1,2,Road Accidents,T Junction,City/Town,Open area,Human Error,No,Simple Injury,Head on,Signal lights Automatic,Straight and flat,Arterial,Bitumen(Tar),Dry,No influence on accident,Fine,HMT MAIN ROAD,POLO,16FT,13.0323,77.3249
Bengaluru City,Jalahalli Traffic PS,1.04432e+16,2017,1,1,Road Accidents,T Junction,City/Town,Open area,Human Error,No,Simple Injury,Head on,Not at  Junction,Straight and flat,Arterial,Bitumen(Tar),Dry,No influence on accident,Fine,HEASARAGHATTA VILLEGE ROAD,POLO,16FT,13.045468,77.300079
Bengaluru City,Jalahalli Traffic PS,1.04432e+16,2017,1,2,Road Accidents,Other,City/Town,Open area,Human Error,No,Simple Injury,Head on,Not at  Junction,Straight and flat,Sub Arterial,Bitumen(Tar),Dry,No influence on accident,Fine,BFW Road,Jalasoudha office compound,38 ft,13.036972,77.5363
Bengaluru City,Jalahalli Traffic PS,1.04432e+16,2017,1,1,Road Accidents,Other,City/Town,Near a recreation place/cinema,Human Error,No,Simple Injury,Skidding or Self accident,Not at  Junction,Straight and flat,Arterial,Bitumen(Tar),Dry,No influence on accident,Fine,HMT road,HMT Theatre,38 ft,13.049233,77.543221
Bengaluru City,Jalahalli Traffic PS,1.04432e+16,2017,1,2,Road Accidents,Other,City/Town,Open area,Human Error,No,Simple Injury,Rear end,Not at  Junction,Curve,Arterial,Bitumen(Tar),Dry,No influence on accident,Fine,BFW Road,Jalasoudha Apartment,50 mts,13.038161,77.537675
Bengaluru City,Jalahalli Traffic PS,1.04432e+16,2017,1,1,Road Accidents,Other,City/Town,Open area,Human Error,No,Simple Injury,Hit pedestrian,Not at  Junction,Straight and flat,Sub Arterial,Bitumen(Tar),Dry,No influence on accident,Clear,BFW ROAD,CENTRAL WATER COMISION ORIGINAL OFFICE,10 FT,13.041237,77.539009