DISTRICTNAME,UNITNAME,Crime_No,Year,RI,Noofvehicle_involved,Accident_Classification,Accident_Spot,Accident_Location,Accident_SubLocation,Main_Cause,Hit_Run,Severity,Collision_Type,Junction_Control,Road_Character,Road_Type,Surface_Type,Surface_Condition,Road_Condition,Weather,Accident_Road,Landmark_first,Distance_LandMark_First,Latitude,Longitude
Bengaluru City,Jalahalli Traffic PS,1.04432e+16,2017,1,2,Road Accidents,Curves,City/Town,Open area,Human Error,Yes,Simple Injury,Rear end,Not at  Junction,Curve,Sub Arterial,Bitumen(Tar),Dry,No influence on accident,Fine,S M Road,Cluny compound,80 ft,13.054312,77.541161
Bengaluru City,Jalahalli Traffic PS,1.04432e+16,2017,1,1,Road Accidents,Bottleneck,City/Town,Open area,Human Error,No,Simple Injury,Head on,Not at  Junction,Straight and flat,Arterial,Bitumen(Tar),Dry,No influence on accident,Fine,MES RING ROAD,TREE,36FT,0.0,0.0
Bengaluru City,Jalahalli Traffic PS,1.04432e+16,2017,1,2,Road Accidents,Staggered junction,City/Town,Open area,Human Error,No,Simple Injury,Right Turn Collision,No signal lights,Straight and flat,Sub Arterial,Bitumen(Tar),Dry,No influence on accident,Fine,8th cross Ragavendra layout,Lakshminarasimha swami nilaya,10 ft,13.0356,77.3168
Bengaluru City,Jalahalli Traffic PS,1.04432e+16,2017,1,2,Road Accidents,Other,City/Town,Open area,Human Error,No,Simple Injury,Head on,Not at  Junction,Straight and flat,Arterial,Bitumen(Tar),Dry,No influence on accident,Fine,Kereguddadahalli road,Power cross bike point,30 ft,13.080728,77.502725
Bengaluru City,Jalahalli Traffic PS,1.04432e+16,2017,1,2,Road Accidents,T Junction,City/Town,Open area,Human Error,No,Simple Injury,Head on,No signal lights,Straight and flat,Arterial,Bitumen(Tar),Dry,No influence on accident,Fine,Hesaragatta road,M M Hardware and paints,13 ft,0.0,0.0
Bengaluru City,Jalahalli Traffic PS,1.04432e+16,2017,1,2,Road Accidents,Curves,City/Town,Open area,Human Error,No,Simple Injury,Head on,Not at  Junction,Curve,Arterial,Bitumen(Tar),Dry,No influence on accident,Fine,Hesaragatta main road,Telephone Pone,13 ft,0.0,0.0
Bengaluru City,Jalahalli Traffic PS,1.04432e+16,2017,1,1,Road Accidents,T Junction,City/Town,Near a religious place,Human Error,No,Simple Injury,Hit pedestrian,Uncontrolled,Curve,Arterial,Bitumen(Tar),Dry,No influence on accident,Fine,Chikkabanavara main road,Gangamma Temple,60 ft,13.0449,77.3008
Bengaluru City,Jalahalli Traffic PS,1.04432e+16,2017,1,2,Road Accidents,T Junction,City/Town,Open area,Human Error,No,Simple Injury,Others,Not at  Junction,Curve,Arterial,Bitumen(Tar),Dry,No influence on accident,Fine,BEL COLONY ROAD,TREE,38FT,13.04951,77.554942
Bengaluru City,Jalahalli Traffic PS,1.04432e+16,2017,1,2,Road Accidents,Junction,City/Town,Open area,Human Error,Yes,Simple Injury,Hit parked vehicle,No signal lights,Straight and flat,Sub Arterial,Bitumen(Tar),Dry,No influence on accident,Fine,VIDYARANYA PURA ROAD,POLO,8FT,13.0462,77.5559
Bengaluru City,Jalahalli Traffic PS,1.04432e+16,2017,1,2,Road Accidents,T Junction,City/Town,Open area,Human Error,No,Simple Injury,Head on,No signal lights,Straight and flat,Arterial,Bitumen(Tar),Dry,No influence on accident,Fine,Abbigeremain road,Brahma lingeshwara condiments,14 ft,13.076724,77.517257
Bengaluru City,Jalahalli Traffic PS,1.04432e+16,2017,1,2,Road Accidents,Staggered junction,City/Town,Open area,Human Error,No,Damage Only,Hit and Run,No signal lights,Straight and flat,Arterial,Bitumen(Tar),Dry,No influence on accident,Fine,Pipeline road,No 34 Veerabadreshwara nilaya,21 ft,13.068625,77.52746
Bengaluru City,Jalahalli Traffic PS,1.04432e+16,2017,1,1,Road Accidents,T Junction,City/Town,Open area,Human Error,Yes,Simple Injury,Hit pedestrian,Not at  Junction,Curve,Arterial,Bitumen(Tar),Dry,No influence on accident,Fine,K.G.HALLI MAIN ROAD,POLO,12FT,13.060637,77.533892
Bengaluru City,Jalahalli Traffic PS,1.04432e+16,2017,1,2,Road Accidents,Other,City/Town,Open area,Human Error,No,Simple Injury,Head on,Not at  Junction,Straight and flat,Arterial,Bitumen(Tar),Dry,No influence on accident,Fine,HMT Main road,HMT Officers club gate,10 ft,13.054589,77.548993
Bengaluru City,Jalahalli Traffic PS,1.04432e+16,2017,1,1,Road Accidents,Road hump or Rumble strips,City/Town,Open area,Human Error,No,Simple Injury,Others,Not at  Junction,Straight and flat,Arterial,Bitumen(Tar),Dry,No influence on accident,Fine,MES Ring road,Mother theresa School,40 ft,13.042895,77.55074
Bengaluru City,Jalahalli Traffic PS,1.04432e+16,2017,1,2,Road Accidents,Y Junction,City/Town,Open area,Human Error,Yes,Simple Injury,Hit and Run,No signal lights,Hump,City or Town Road,Bitumen(Tar),Dry,No influence on accident,Fine,S.M.Road,Airforce property,20 ft,0.0,0.0
Bengaluru City,Jalahalli Traffic PS,1.04432e+16,2017,1,1,Road Accidents,Other,City/Town,Open area,Human Error,Yes,Simple Injury,Hit pedestrian,Not at  Junction,Straight and flat,City or Town Road,Bitumen(Tar),Dry,No influence on accident,Fine,MES RING ROAD,Dhanalakshmi Book Centre,8 ft,0.0,0.0
Bengaluru City,Jalahalli Traffic PS,1.04432e+16,2017,1,2,Road Accidents,Narrow road,City/Town,Open area,Human Error,No,Simple Injury,Head on,Not at  Junction,Straight and flat,Arterial,Bitumen(Tar),Dry,No influence on accident,Fine,Shettihalli road,Airforce Quatress Gate,10 ft,0.0,0.0
Bengaluru City,Jalahalli Traffic PS,1.04432e+16,2017,1,1,Road Accidents,Curves,City/Town,Near a factory industrial area,Human Error,Yes,Simple Injury,Others,Not at  Junction,Curve,Arterial,Bitumen(Tar),Dry,No influence on accident,Fine,HMT Road,HMT Quatress,20 ft,0.0,0.0
Bengaluru City,Jalahalli Traffic PS,1.04432e+16,2017,1,2,Road Accidents,Other,City/Town,Open area,Human Error,No,Simple Injury,Head on,Not at  Junction,Straight and flat,Arterial,Bitumen(Tar),Dry,No influence on accident,Fine,Hesaragatta road,Chikkabanavara circle,10 mtr,13.0449,77.3008
Bengaluru City,Jalahalli Traffic PS,1.04432e+16,2017,1,2,Road Accidents,Other,City/Town,Open area,Human Error,No,Simple Injury,Rear end,Not at  Junction,Straight and flat,Arterial,Bitumen(Tar),Dry,No influence on accident,Fine,MES RING ROAD,POLO,39,13.0237,77.334
Bengaluru City,Jalahalli Traffic PS,1.04432e+16,2017,1,1,Road Accidents,Other,City/Town,Open area,Human Error,No,Simple Injury,Hit pedestrian,Not at  Junction,Straight and flat,Arterial,Bitumen(Tar),Dry,No influence on accident,Fine,HESARAGHATTA MAIN ROAD,POLO,5FT,0.0,0.0
Bengaluru City,Jalahalli Traffic PS,1.04432e+16,2017,1,1,Road Accidents,T Junction,City/Town,Near Bus stop,Human Error,Yes,Simple Injury,Hit pedestrian,Uncontrolled,Straight and flat,Arterial,Bitumen(Tar),Dry,No influence on accident,Fine,Abbigere main road,State bank of India,64 ft,13.072489,77.523488
Bengaluru City,Jalahalli Traffic PS,1.04432e+16,2017,1,1,Road Accidents,Other,City/Town,Near Hospital,Human Error,Yes,Simple Injury,Hit pedestrian,Not at  Junction,Straight and flat,Arterial,Bitumen(Tar),Dry,No influence on accident,Fine,MES Ring road,Near Balaji nursing home,2 ft,13.042903,77.550918
Bengaluru City,Jalahalli Traffic PS,1.04432e+16,2017,1,2,Road Accidents,Bridge,City/Town,Open area,Human Error,No,Damage Only,Rear end,Not at  Junction,Straight and flat,Arterial,Bitumen(Tar),Dry,No influence on accident,Fine,MES Ring road,Bridge,60 ft,13.043659,77.556718
Bengaluru City,Jalahalli Traffic PS,1.04432e+16,2017,1,2,Road Accidents,Other,City/Town,Open area,Human Error,No,Damage Only,Head on,Not at  Junction,Straight and flat,Arterial,Bitumen(Tar),Dry,No influence on accident,Fine,Vidyaranyapura road,BEL Park,25 ft,13.053424,77.556814
Bengaluru City,Jalahalli Traffic PS,1.04432e+16,2017,1,2,Road Accidents,Round about or Circle,City/Town,Near Bus stop,Human Error,No,Simple Injury,Right Turn Collision,Police / Manual,Slight Curve,Arterial,Bitumen(Tar),Dry,No influence on accident,Fine,HMT road,Rajarathnam Circle,80 ft,0.0,0.0
Bengaluru City,Jalahalli Traffic PS,1.04432e+16,2017,1,2,Road Accidents,Bridge,City/Town,Open area,Human Error,Yes,Simple Injury,Rear end,Not at  Junction,Straight and flat,Arterial,Bitumen(Tar),Dry,No influence on accident,Fine,HMT ROAD,M S RAMAIAHS HOUSE,38 FT,13.0229,77.3325
Bengaluru City,Jalahalli Traffic PS,1.04432e+16,2017,1,2,Road Accidents,T Junction,City/Town,Open area,Human Error,No,Damage Only,Rear end,Not at  Junction,Straight and flat,Arterial,Bitumen(Tar),Dry,No influence on accident,Fine,S  M ROAD,POLO,14FT,13.0317,77.3207
Bengaluru City,Jalahalli Traffic PS,1.04432e+16,2017,1,2,Road Accidents,Junction,City/Town,Open area,Human Error,No,Simple Injury,Head on,Uncontrolled,Slight Curve,Arterial,Bitumen(Tar),Dry,Not Applicable,Fine,abbigere main road,shankar bild frai,5,13.06844,77.530236
Bengaluru City,Jalahalli Traffic PS,1.04432e+16,2017,1,4,Road Accidents,T Junction,City/Town,Open area,Human Error,No,Simple Injury,Rear end,No signal lights,Straight and flat,Arterial,Bitumen(Tar),Dry,No influence on accident,Fine,Abbigere main road,Govt School,30ft,13.070675,77.529752
Bengaluru City,Jalahalli Traffic PS,1.04432e+16,2017,1,2,Road Accidents,Other,City/Town,Open area,Human Error,No,Simple Injury,Head on,Not at  Junction,Straight and flat,Sub Arterial,Bitumen(Tar),Dry,No influence on accident,Fine,Byaladakere road,Purnima Building,20 ft,13.110382,77.527896
Bengaluru City,Jalahalli Traffic PS,1.04432e+16,2017,1,2,Road Accidents,Other,City/Town,Open area,Human Error,No,Simple Injury,Head on,Not at  Junction,Straight and flat,Arterial,Bitumen(Tar),Dry,No influence on accident,Fine,Hesaragatta main road,Max Enterprices,28 ft,13.076317,77.503803
Bengaluru City,Jalahalli Traffic PS,1.04432e+16,2017,1,2,Road Accidents,Junction,City/Town,Open area,Human Error,No,Simple Injury,Side impact or Right angle,Signal lights Automatic,Straight and flat,Arterial,Bitumen(Tar),Dry,No influence on accident,Clear,MES RING ROAD,BEL FACTORY BACK GATE,40 FT,13.043816,77.561221
Bengaluru City,Jalahalli Traffic PS,1.04432e+16,2017,1,2,Road Accidents,Junction,City/Town,Near Hospital,Human Error,No,Simple Injury,Rear end,Uncontrolled,Straight and flat,Arterial,Bitumen(Tar),Dry,No influence on accident,Fine,Hesaragatta main road,Sapthagiri Hospital gate,50 ft,13.070915,77.503905
Bengaluru City,Jalahalli Traffic PS,1.04432e+16,2017,1,2,Road Accidents,T Junction,City/Town,Open area,Human Error,No,Simple Injury,Rear end,Uncontrolled,Straight and flat,Sub Arterial,Bitumen(Tar),Dry,No influence on accident,Clear,BFW ROAD,JALASOUDHA,40 FT,13.037737,77.536941
Bengaluru City,Jalahalli Traffic PS,1.04432e+16,2017,1,3,Road Accidents,Other,City/Town,Open area,Human Error,No,Simple Injury,Rear end,Not at  Junction,Straight and flat,Arterial,Bitumen(Tar),Dry,No influence on accident,Fine,MES Ring road,light pole,9 ft,13.043975,77.555591
Bengaluru City,Jalahalli Traffic PS,1.04432e+16,2017,1,2,Road Accidents,Y Junction,City/Town,Open area,Human Error,Yes,Simple Injury,Head on,Uncontrolled,Straight and flat,Arterial,Bitumen(Tar),Dry,No influence on accident,Fine,HMT Road,Kamath Hotel,35 ft,0.0,0.0
Bengaluru City,Jalahalli Traffic PS,1.04432e+16,2017,1,1,Road Accidents,Other,City/Town,Open area,Human Error,No,Simple Injury,Hit pedestrian,Not at  Junction,Straight and flat,Arterial,Bitumen(Tar),Dry,No influence on accident,Fine,Abbigere main road,Bhavani motors,40 ft,13.055822,77.532989
Bengaluru City,Jalahalli Traffic PS,1.04432e+16,2017,1,2,Road Accidents,T Junction,City/Town,Open area,Human Error,No,Simple Injury,Head on,Not at  Junction,Straight and flat,Arterial,Bitumen(Tar),Dry,No influence on accident,Fine,HESARAGHATTA MAIN ROAD,TREE,16FT,0.0,0.0
Bengaluru City,Jalahalli Traffic PS,1.04432e+16,2017,1,2,Road Accidents,Curves,City/Town,Narrow bridge or culverts,Human Error,No,Damage Only,Rear end,Not at  Junction,Curve,Arterial,Bitumen(Tar),Dry,No influence on accident,Fine,MES ROAD,POLO,13FT,13.044259,77.554947
Bengaluru City,Jalahalli Traffic PS,1.04432e+16,2017,1,2,Road Accidents,Curves,City/Town,Near School or College,Human Error,Yes,Fatal,Hit and Run,Not at  Junction,Curve,Arterial,Bitumen(Tar),Dry,No influence on accident,Fine,S M Road,Asha Kiran School,35 ft,13.05436,77.53118
Bengaluru City,Jalahalli Traffic PS,1.04432e+16,2017,1,2,Road Accidents,Curves,City/Town,Open area,Human Error,No,Simple Injury,Head on,Not at  Junction,Straight and flat,Arterial,Bitumen(Tar),Dry,No influence on accident,Fine,Hesaragatta main road,Kusum Farm gate,8 ft,13.139274,77.456309
Bengaluru City,Jalahalli Traffic PS,1.04432e+16,2017,1,1,Road Accidents,Other,City/Town,Near a religious place,Human Error,No,Simple Injury,Others,Not at  Junction,Straight and flat,Sub Arterial,Bitumen(Tar),Dry,No influence on accident,Clear,SM Road,Ayyappa temple,20 ft,13.0463,77.522498
Bengaluru City,Jalahalli Traffic PS,1.04432e+16,2017,1,1,Road Accidents,Other,City/Town,Open area,Human Error,Yes,Damage Only,Hit fixed object,Not at  Junction,Straight and flat,Arterial,Bitumen(Tar),Dry,No influence on accident,Fine,MES Ring road,Mathaji Hardware,10 ft,13.042259,77.548688
Bengaluru City,Jalahalli Traffic PS,1.04432e+16,2017,1,2,Road Accidents,Other,City/Town,Open area,Human Error,Yes,Simple Injury,Head on,Not at  Junction,Straight and flat,Sub Arterial,Bitumen(Tar),Dry,No influence on accident,Fine,SM Road,Abhinav Enterprices,30 ft,13.054841,77.533481
Bengaluru City,Jalahalli Traffic PS,1.04432e+16,2017,1,1,Road Accidents,Narrow road,City/Town,Near Bus stop,Human Error,No,Simple Injury,Hit pedestrian,Not at  Junction,Straight and flat,Arterial,Bitumen(Tar),Dry,No influence on accident,Fine,HMT Road,Bus Stop,2 ft,0.0,0.0
Bengaluru City,Jalahalli Traffic PS,1.04432e+16,2017,1,2,Road Accidents,Y Junction,City/Town,Narrow bridge or culverts,Human Error,No,Simple Injury,Head on,Uncontrolled,Curve,Arterial,Bitumen(Tar),Dry,No influence on accident,Fine,BFW Road,HMT School,100 mt,0.0,0.0
Bengaluru City,Jalahalli Traffic PS,1.04432e+16,2017,1,2,Road Accidents,Culvert,City/Town,Open area,Human Error,No,Damage Only,Side swipe,Not at  Junction,Straight and flat,Arterial,Bitumen(Tar),Dry,No influence on accident,Fine,MES ring road,Electric pole,30 ft,0.0,0.0
Bengaluru City,Jalahalli Traffic PS,1.04432e+16,2017,1,2,Road Accidents,T Junction,City/Town,Open area,Human Error,No,Simple Injury,Rear end,Signal lights Automatic,Straight and flat,Arterial,Bitumen(Tar),Dry,No influence on accident,Fine,HMT Road,Hotel,45 ft,13.0324,77.3248
Bengaluru City,Jalahalli Traffic PS,1.04432e+16,2017,1,2,Road Accidents,Other,City/Town,Open area,Human Error,Yes,Simple Injury,Hit and Run,Not at  Junction,Straight and flat,Arterial,Bitumen(Tar),Dry,No influence on accident,Fine,HMT Road,Fruit stall,24 ft,13.0311,77.3303
Bengaluru City,Jalahalli Traffic PS,1.04432e+16,2017,1,1,Road Accidents,Staggered junction,City/Town,Open area,Human Error,Yes,Damage Only,Hit fixed object,Uncontrolled,Straight and flat,Sub Arterial,Bitumen(Tar),Dry,No influence on accident,Fine,Abbigere main road,Chaithra Beauty parlour,10 ft,13.063136,77.530679
Bengaluru City,Jalahalli Traffic PS,1.04432e+16,2017,1,1,Road Accidents,Other,City/Town,Open area,Human Error,Yes,Simple Injury,Hit pedestrian,Not at  Junction,Straight and flat,Sub Arterial,Bitumen(Tar),Dry,No influence on accident,Fine,Abbigere main road,Asha chicken centre,5 ft,13.07131,77.526594
Bengaluru City,Jalahalli Traffic PS,1.04432e+16,2017,1,1,Road Accidents,T Junction,City/Town,Open area,Human Error,No,Fatal,Hit pedestrian,Uncontrolled,Straight and flat,Sub Arterial,Bitumen(Tar),Dry,No influence on accident,Fine,Kammagondanahalli main road,Johnson traders,20 ft,13.0588798,77.531888
Bengaluru City,Jalahalli Traffic PS,1.04432e+16,2017,1,2,Road Accidents,Narrow road,City/Town,Open area,Human Error,No,Fatal,Head on,Not at  Junction,Straight and flat,Sub Arterial,Bitumen(Tar),Dry,No influence on accident,Fine,Abbigere Pipeline road,Sri Sai Enterprises,30 ft,13.0356,77.3168
Bengaluru City,Jalahalli Traffic PS,1.04432e+16,2017,1,2,Road Accidents,Other,City/Town,Open area,Human Error,Yes,Fatal,Hit and Run,Not at  Junction,Straight and flat,Arterial,Bitumen(Tar),Dry,No influence on accident,Fine,Hesaragatta main road,Bharath timbers,80 ft,13.0514,77.2943
Bengaluru City,Jalahalli Traffic PS,1.04432e+16,2017,1,2,Road Accidents,Other,City/Town,Open area,Human Error,No,Simple Injury,Rear end,Not at  Junction,Straight and flat,Arterial,Bitumen(Tar),Dry,No influence on accident,Fine,HESARAGHATTA MAIN ROAD,TREE,16FT,0.0,0.0
Bengaluru City,Jalahalli Traffic PS,1.04432e+16,2017,1,2,Road Accidents,T Junction,City/Town,Open area,Human Error,No,Damage Only,Rear end,Police / Manual,Straight and flat,Arterial,Bitumen(Tar),Dry,No influence on accident,Fine,MES RING ROAD,LIGHT POLO,35FT,13.0222,77.3235
Bengaluru City,Jalahalli Traffic PS,1.04432e+16,2017,1,2,Road Accidents,T Junction,City/Town,Open area,Human Error,No,Damage Only,Rear end,Not at  Junction,Straight and flat,Arterial,Bitumen(Tar),Dry,No influence on accident,Fine,MES RING ROAD,POLO,22FT,13.023,77.3279
Bengaluru City,Jalahalli Traffic PS,1.04432e+16,2017,1,2,Road Accidents,Y Junction,City/Town,Open area,Human Error,No,Simple Injury,Head on,Not at  Junction,Curve,Arterial,Bitumen(Tar),Dry,No influence on accident,Fine,ABBIGERE MN RD,POLO,15FT,13.0414,77.3146
Bengaluru City,Jalahalli Traffic PS,1.04432e+16,2017,1,4,Road Accidents,Curves,City/Town,Near School or College,Human Error,No,Damage Only,Rear end,Not at  Junction,Curve,Arterial,Bitumen(Tar),Dry,No influence on accident,Fine,B.F.W ROAD,POLO,16FT,13.0258,77.3313
Bengaluru City,Jalahalli Traffic PS,1.04432e+16,2017,1,1,Road Accidents,Junction,City/Town,Open area,Human Error,No,Simple Injury,Hit pedestrian,No signal lights,Straight and flat,Arterial,Bitumen(Tar),Dry,No influence on accident,Fine,Chikkabanavara,Puncture Shop,60 ft,13.0509,77.2949
Bengaluru City,Jalahalli Traffic PS,1.04432e+16,2017,1,2,Road Accidents,Y Junction,City/Town,Open area,Human Error,No,Simple Injury,Head on,Not at  Junction,Straight and flat,Arterial,Bitumen(Tar),Dry,No influence on accident,Fine,ABBIGERE CHIKKABANAVAR MAIN ROAD,POLO,10FT,13.0356,77.3168
Bengaluru City,Jalahalli Traffic PS,1.04432e+16,2017,1,1,Road Accidents,T Junction,City/Town,Open area,Human Error,Yes,Simple Injury,Hit pedestrian,Not at  Junction,Straight and flat,Village Road,Bitumen(Tar),Dry,No influence on accident,Fine,1ST MAIN ROAD KALA NAGAR,POLO,14FT,13.061217,77.532602
Bengaluru City,Jalahalli Traffic PS,1.04432e+16,2017,1,2,Road Accidents,Round about or Circle,City/Town,In bazaar,Human Error,No,Simple Injury,Rear end,No signal lights,Others,Arterial,Bitumen(Tar),Dry,No influence on accident,Fine,Hesaragatta main road,Santhe circle,10 ft,13.080853,77.501893
Bengaluru City,Jalahalli Traffic PS,1.04432e+16,2017,1,2,Road Accidents,T Junction,City/Town,Open area,Human Error,No,Simple Injury,Rear end,Police / Manual,Straight and flat,Arterial,Bitumen(Tar),Dry,No influence on accident,Clear,MES RING ROAD,CHAITHANYA BAKERY,15 FT,13.041739,77.54719
Bengaluru City,Jalahalli Traffic PS,1.04432e+16,2017,1,1,Road Accidents,Other,City/Town,Open area,Human Error,No,Simple Injury,Hit pedestrian,Not at  Junction,Straight and flat,Sub Arterial,Bitumen(Tar),Dry,No influence on accident,Fine,Kuvempu road,light pole,30 ft,13.06046,77.544161
Bengaluru City,Jalahalli Traffic PS,1.04432e+16,2017,1,1,Road Accidents,T Junction,City/Town,Open area,Human Error,No,Simple Injury,Hit pedestrian,Uncontrolled,Straight and flat,Arterial,Bitumen(Tar),Dry,No influence on accident,Fine,ACHARYA COLLEGE ROAD,TREE,15FT,13.084175,77.486444
Bengaluru City,Jalahalli Traffic PS,1.04432e+16,2017,1,1,Road Accidents,T Junction,City/Town,Open area,Human Error,Yes,Simple Injury,Head on,Not at  Junction,Straight and flat,Arterial,Bitumen(Tar),Dry,No influence on accident,Fine,MES RING ROAD,POLO,12FT,13.04149,77.54685
Bengaluru City,Jalahalli Traffic PS,1.04432e+16,2017,1,2,Road Accidents,T Junction,City/Town,Open area,Human Error,No,Damage Only,Rear end,Not at  Junction,Straight and flat,Arterial,Bitumen(Tar),Dry,No influence on accident,Fine,MES RING ROAD,POLO,9FT,13.041763,77.547241
Bengaluru City,Jalahalli Traffic PS,1.04432e+16,2017,1,2,Road Accidents,T Junction,City/Town,Open area,Human Error,Yes,Simple Injury,Right Turn Collision,Uncontrolled,Straight and flat,Sub Arterial,Bitumen(Tar),Dry,No influence on accident,Fine,HMt Road,Tree,37 ft,0.0,0.0
Bengaluru City,Jalahalli Traffic PS,1.04432e+16,2017,1,2,Road Accidents,Curves,City/Town,Open area,Human Error,No,Fatal,Head on,Not at  Junction,Curve,Arterial,Bitumen(Tar),Dry,No influence on accident,Fine,IIHR Road,Garden,16 ft,0.0,0.0
Bengaluru City,Jalahalli Traffic PS,1.04432e+16,2017,1,2,Road Accidents,T Junction,City/Town,Open area,Human Error,No,Simple Injury,Rear end,Not at  Junction,Straight and flat,Arterial,Bitumen(Tar),Dry,No influence on accident,Fine,HMT MN RD,TREE,36FT,13.0222,77.3235
Bengaluru City,Jalahalli Traffic PS,1.04432e+16,2017,1,2,Road Accidents,T Junction,City/Town,Open area,Human Error,No,Simple Injury,Head on,Not at  Junction,Straight and flat,Arterial,Bitumen(Tar),Dry,No influence on accident,Fine,ABBIGERE MN RD,POLO,36FT,13.0414,77.3146
Bengaluru City,Jalahalli Traffic PS,1.04432e+16,2017,1,2,Road Accidents,Other,City/Town,Open area,Human Error,No,Fatal,Side impact or Right angle,Not at  Junction,Straight and flat,Arterial,Bitumen(Tar),Dry,No influence on accident,Fine,MES ring road,HDFC Bank ATM,8 ft,13.043662,77.553484
Bengaluru City,Jalahalli Traffic PS,1.04432e+16,2017,1,2,Road Accidents,Junction,City/Town,Near Hospital,Human Error,No,Simple Injury,Head on,No signal lights,Straight and flat,Arterial,Bitumen(Tar),Dry,No influence on accident,Fine,HMT ROAD,POLO,28FT,13.030689,77.33063
Bengaluru City,Jalahalli Traffic PS,1.04432e+16,2017,1,2,Road Accidents,T Junction,City/Town,Open area,Human Error,No,Simple Injury,Head on,Uncontrolled,Straight and flat,Arterial,Bitumen(Tar),Dry,No influence on accident,Fine,B F W ROAD,POLO,58FT,13.04017,77.53856
Bengaluru City,Jalahalli Traffic PS,1.04432e+16,2017,1,2,Road Accidents,Round about or Circle,City/Town,Open area,Human Error,No,Damage Only,Side impact or Right angle,No signal lights,Straight and flat,Arterial,Bitumen(Tar),Dry,No influence on accident,Fine,Jalahalli village,Ragavendra condiments,8 ft,13.045206,77.547941
Bengaluru City,Jalahalli Traffic PS,1.04432e+16,2017,1,2,Road Accidents,Narrow road,City/Town,Open area,Human Error,No,Simple Injury,Rear end,Not at  Junction,Straight and flat,Sub Arterial,Bitumen(Tar),Dry,No influence on accident,Fine,Forest road,Tree,15 ft,13.061356,77.537034
Bengaluru City,Jalahalli Traffic PS,1.04432e+16,2018,1,2,Road Accidents,Other,City/Town,Open area,Human Error,No,Simple Injury,Rear end,Not at  Junction,Straight and flat,Arterial,Bitumen(Tar),Dry,No influence on accident,Fine,S.M.Road,Airforce quatress gate,30 ft,13.050862,77.526423
Bengaluru City,Jalahalli Traffic PS,1.04432e+16,2018,1,2,Road Accidents,Other,City/Town,Open area,Human Error,Yes,Simple Injury,Head on,Not at  Junction,Straight and flat,Sub Arterial,Bitumen(Tar),Dry,No influence on accident,Fine,Pipelane road,Transformer,29 ft,13.045627,77.552028
Bengaluru City,Jalahalli Traffic PS,1.04432e+16,2018,1,2,Road Accidents,T Junction,City/Town,Open area,Human Error,No,Simple Injury,Head on,Uncontrolled,Straight and flat,Arterial,Bitumen(Tar),Dry,No influence on accident,Fine,S M Road,Signal board,19 ft,13.050203,77.525573
Bengaluru City,Jalahalli Traffic PS,1.04432e+16,2018,1,2,Road Accidents,Other,City/Town,Open area,Human Error,Yes,Simple Injury,Head on,Not at  Junction,Straight and flat,Sub Arterial,Bitumen(Tar),Dry,No influence on accident,Fine,Vidyaranyapura road,BMTC Bus stop,82,13.058407,77.55913
Bengaluru City,Jalahalli Traffic PS,1.04432e+16,2018,1,1,Road Accidents,T Junction,City/Town,Open area,Human Error,No,Simple Injury,Hit pedestrian,Uncontrolled,Straight and flat,Sub Arterial,Bitumen(Tar),Dry,No influence on accident,Fine,Hesaragatta  village,Balaji chicken,5 ft,13.1332308,77.4844976
Bengaluru City,Jalahalli Traffic PS,1.04432e+16,2018,1,2,Road Accidents,Curves,City/Town,Open area,Human Error,No,Simple Injury,Head on,Uncontrolled,Curve,Sub Arterial,Bitumen(Tar),Dry,No influence on accident,Fine,Hesaragatta main road,Electrc transformer,23 ft,13.138232,77.453532
Bengaluru City,Jalahalli Traffic PS,1.04432e+16,2018,1,2,Road Accidents,Staggered junction,City/Town,Open area,Human Error,Yes,Simple Injury,Right Turn Collision,Police / Manual,Straight and flat,Arterial,Bitumen(Tar),Dry,No influence on accident,Fine,HMT Road,Traffic police umbrella,19 ft,13.053295,77.550909
Bengaluru City,Jalahalli Traffic PS,1.04432e+16,2018,1,2,Road Accidents,Other,City/Town,Open area,Human Error,No,Simple Injury,Head on,Not at  Junction,Straight and flat,Sub Arterial,Bitumen(Tar),Dry,No influence on accident,Fine,Forest road,Electric pole,32 ft,13.061273,77.5371
Bengaluru City,Jalahalli Traffic PS,1.04432e+16,2018,1,2,Road Accidents,T Junction,City/Town,Open area,Human Error,No,Damage Only,Rear end,Uncontrolled,Straight and flat,Sub Arterial,Bitumen(Tar),Dry,No influence on accident,Fine,HMT Main road,Light pole,35 ft,13.046289,77.555881