DISTRICTNAME,UNITNAME,Crime_No,Year,RI,Noofvehicle_involved,Accident_Classification,Accident_Spot,Accident_Location,Accident_SubLocation,Main_Cause,Hit_Run,Severity,Collision_Type,Junction_Control,Road_Character,Road_Type,Surface_Type,Surface_Condition,Road_Condition,Weather,Accident_Road,Landmark_first,Distance_LandMark_First,Latitude,Longitude
Bengaluru City,Jalahalli Traffic PS,1.04432e+16,2018,1,2,Road Accidents,Bridge,City/Town,Open area,Human Error,Yes,Damage Only,Rear end,Not at  Junction,Steep Incline or Climb,Arterial,Bitumen(Tar),Dry,No influence on accident,Fine,Gokula HMT road,Divya Gate way,10 ft,13.040704,77.557237
Bengaluru City,Jalahalli Traffic PS,1.04432e+16,2018,1,2,Road Accidents,T Junction,City/Town,Open area,Human Error,Yes,Simple Injury,Head on,Uncontrolled,Straight and flat,Sub Arterial,Bitumen(Tar),Dry,No influence on accident,Fine,Kammagondanahalli Abbigere main road,Light pole,40 ft,0.0,0.0
Bengaluru City,Jalahalli Traffic PS,1.04432e+16,2018,1,2,Road Accidents,Junction,City/Town,Open area,Human Error,No,Simple Injury,Side impact or Right angle,Uncontrolled,Straight and flat,Arterial,Bitumen(Tar),Dry,No influence on accident,Fine,Hesaragatta road,Danush flower stall,20 ft,13.081171,77.50118
Bengaluru City,Jalahalli Traffic PS,1.04432e+16,2018,1,2,Road Accidents,Other,City/Town,Near Bus stop,Human Error,No,Simple Injury,Head on,Not at  Junction,Straight and flat,Arterial,Bitumen(Tar),Dry,No influence on accident,Fine,HMT Road,HMT House,35 ft,13.054662,77.549084
Bengaluru City,Jalahalli Traffic PS,1.04432e+16,2018,1,1,Road Accidents,Curves,City/Town,Open area,Human Error,No,Simple Injury,Skidding or Self accident,Not at  Junction,Curve,Arterial,Bitumen(Tar),Dry,No influence on accident,Fine,Hesaragatta road,Arkeshwara chowtry compound,2 ft,13.105018,77.474768
Bengaluru City,Jalahalli Traffic PS,1.04432e+16,2018,1,2,Road Accidents,T Junction,City/Town,Open area,Human Error,No,Simple Injury,Head on,No signal lights,Straight and flat,Arterial,Bitumen(Tar),Dry,No influence on accident,Fine,MES Ring road,Nandini Milk parlour,10 ft,13.041711,77.547049
Bengaluru City,Jalahalli Traffic PS,1.04432e+16,2018,1,2,Road Accidents,T Junction,City/Town,Open area,Human Error,No,Fatal,Head on,No signal lights,Curve,Sub Arterial,Bitumen(Tar),Dry,No influence on accident,Fine,Mathkuru cross,IIHR Board,40 ft,13.142915,77.501956
Bengaluru City,Jalahalli Traffic PS,1.04432e+16,2018,1,2,Road Accidents,Y Junction,City/Town,Open area,Human Error,No,Damage Only,Rear end,Uncontrolled,Straight and flat,Arterial,Bitumen(Tar),Dry,No influence on accident,Fine,HMT road,SBI ATM,40 MTR,13.051927,77.552099
Bengaluru City,Jalahalli Traffic PS,1.04432e+16,2018,1,1,Road Accidents,Narrow road,City/Town,Open area,Human Error,No,Simple Injury,Hit fixed object,Not at  Junction,Straight and flat,Arterial,Bitumen(Tar),Dry,No influence on accident,Fine,New BEL Road,Bus stand,39 ft,13.042915,77.561533
Bengaluru City,Jalahalli Traffic PS,1.04432e+16,2018,1,2,Road Accidents,Junction,City/Town,Residential area,Human Error,Yes,Damage Only,Hit parked vehicle,Uncontrolled,Straight and flat,Residential Street,Bitumen(Tar),Dry,No influence on accident,Fine,BEL Qurtress,No NA 209,20 ft,0.0,0.0
Bengaluru City,Jalahalli Traffic PS,1.04432e+16,2018,1,1,Road Accidents,Other,City/Town,Open area,Human Error,No,Fatal,Others,Not at  Junction,Straight and flat,Sub Arterial,Bitumen(Tar),Dry,No influence on accident,Fine,kammagondanahalli abbigere main road,Electric pole,20 ft,0.0,0.0
Bengaluru City,Jalahalli Traffic PS,1.04432e+16,2018,1,1,Road Accidents,Other,City/Town,Open area,Human Error,No,Simple Injury,Hit fixed object,Not at  Junction,Straight and flat,Sub Arterial,Bitumen(Tar),Dry,No influence on accident,Fine,Acharya college road,Electric pole,9 ft,13.08859,77.487876
Bengaluru City,Jalahalli Traffic PS,1.04432e+16,2018,1,1,Road Accidents,Other,City/Town,Near Bus stop,Human Error,Yes,Simple Injury,Hit pedestrian,Not at  Junction,Straight and flat,Sub Arterial,Bitumen(Tar),Dry,No influence on accident,Fine,Vidyaranyapura,Light pole,120 ft,13.045583,77.556569
Bengaluru City,Jalahalli Traffic PS,1.04432e+16,2018,1,1,Road Accidents,Curves,City/Town,Open area,Human Error,No,Simple Injury,Skidding or Self accident,Not at  Junction,Curve,Arterial,Bitumen(Tar),Dry,No influence on accident,Fine,Hesaragatta road,Neelagiri garden,20 ft,13.131788,77.477269
Bengaluru City,Jalahalli Traffic PS,1.04432e+16,2018,1,2,Road Accidents,Narrow road,City/Town,Open area,Human Error,Yes,Damage Only,Head on,Not at  Junction,Straight and flat,Arterial,Bitumen(Tar),Dry,No influence on accident,Fine,MES Ring road Service road,Bus stop,60 ft,13.044066,77.561611
Bengaluru City,Jalahalli Traffic PS,1.04432e+16,2018,1,2,Road Accidents,Other,City/Town,Open area,Human Error,Yes,Simple Injury,Rear end,Not at  Junction,Straight and flat,Arterial,Bitumen(Tar),Dry,No influence on accident,Fine,MES Ring road,tree,80ft,13.043986,77.554139
Bengaluru City,Jalahalli Traffic PS,1.04432e+16,2018,1,2,Road Accidents,Curves,City/Town,Open area,Human Error,No,Simple Injury,Head on,Not at  Junction,Curve,Arterial,Bitumen(Tar),Dry,No influence on accident,Fine,Hesaragatta main road,Tree,20 ft,13.10845,77.483566
Bengaluru City,Jalahalli Traffic PS,1.04432e+16,2018,1,2,Rail Road Accidents,Road hump or Rumble strips,City/Town,Open area,Human Error,Yes,Damage Only,Rear end,Not at  Junction,Straight and flat,Sub Arterial,Bitumen(Tar),Dry,No influence on accident,Fine,BFW road,Brigade gate way apartment,30 ft,13.045577,77.54109
Bengaluru City,Jalahalli Traffic PS,1.04432e+16,2018,1,1,Road Accidents,Curves,City/Town,Open area,Human Error,No,Fatal,Skidding or Self accident,Uncontrolled,Curve,Sub Arterial,Concrete,Dry,Drainage Ditch,Fine,Medarahalli road,BBMP Drinking water unit,5 ft,13.101425,77.530458
Bengaluru City,Jalahalli Traffic PS,1.04432e+16,2018,1,3,Road Accidents,Other,City/Town,Open area,Human Error,No,Simple Injury,Hit bicyclist,Not at  Junction,Straight and flat,Sub Arterial,Bitumen(Tar),Dry,No influence on accident,Fine,Pipeline road,Electric pole,19 ft,0.0,0.0
Bengaluru City,Jalahalli Traffic PS,1.04432e+16,2018,1,2,Road Accidents,Curves,City/Town,Open area,Human Error,No,Fatal,Head on,Not at  Junction,Curve,Arterial,Bitumen(Tar),Dry,No influence on accident,Fine,Hesaragatta main road,Tree,12 ft,13.118569,77.48386
Bengaluru City,Jalahalli Traffic PS,1.04432e+16,2018,1,2,Road Accidents,T Junction,City/Town,Open area,Human Error,Yes,Simple Injury,Rear end,Signal lights Automatic,Straight and flat,Arterial,Bitumen(Tar),Dry,No influence on accident,Fine,S M road,Electric pole,13 ft,13.05673,77.54672
Bengaluru City,Jalahalli Traffic PS,1.04432e+16,2018,1,2,Road Accidents,Bridge,City/Town,Narrow bridge or culverts,Human Error,Yes,Simple Injury,Rear end,Not at  Junction,Others,Arterial,Bitumen(Tar),Dry,No influence on accident,Fine,HMT Road,Light pole,16 ft,13.040632,77.557258
Bengaluru City,Jalahalli Traffic PS,1.04432e+16,2018,1,1,Road Accidents,Road hump or Rumble strips,City/Town,Open area,Human Error,No,Simple Injury,Others,Not at  Junction,Slight Curve,Arterial,Bitumen(Tar),Dry,No influence on accident,Fine,Hesaragatta main road,Chamundeshwari nilaya,20,13.119106,77.484148
Bengaluru City,Jalahalli Traffic PS,1.04432e+16,2018,1,1,Road Accidents,Other,City/Town,Open area,Human Error,No,Simple Injury,Hit pedestrian,Not at  Junction,Straight and flat,Sub Arterial,Bitumen(Tar),Dry,No influence on accident,Fine,HMT Quartress service road,Electric pole,30 ft,13.051453,77.537246
Bengaluru City,Jalahalli Traffic PS,1.04432e+16,2018,1,1,Road Accidents,Junction,City/Town,Open area,Human Error,Yes,Simple Injury,Hit pedestrian,Uncontrolled,Straight and flat,Sub Arterial,Bitumen(Tar),Dry,No influence on accident,Fine,"HMT road, Jalahalli",Light pole,16 ft,13.050117,77.539571
Bengaluru City,Jalahalli Traffic PS,1.04432e+16,2018,1,1,Road Accidents,Narrow road,City/Town,Near Bus stop,Human Error,No,Simple Injury,Hit pedestrian,Not at  Junction,Straight and flat,Sub Arterial,Bitumen(Tar),Dry,No influence on accident,Fine,Kammagondanahalli,Rama Temple,10 ft,13.3063656,77.530602
Bengaluru City,Jalahalli Traffic PS,1.04432e+16,2018,1,1,Road Accidents,Y Junction,City/Town,Near a religious place,Human Error,Yes,Simple Injury,Hit pedestrian,Uncontrolled,Straight and flat,Sub Arterial,Bitumen(Tar),Dry,No influence on accident,Fine,Acharya college road,Sai Baba temple,60 ft,13.077804,77.497457
Bengaluru City,Jalahalli Traffic PS,1.04432e+16,2018,1,2,Road Accidents,Narrow road,City/Town,Open area,Human Error,Yes,Simple Injury,Rear end,Not at  Junction,Straight and flat,Sub Arterial,Bitumen(Tar),Dry,No influence on accident,Fine,Jalahalli village road,water tank,12 ft,13.045905,77.549358
Bengaluru City,Jalahalli Traffic PS,1.04432e+16,2018,1,2,Road Accidents,Staggered junction,City/Town,Open area,Human Error,No,Simple Injury,Head on,Uncontrolled,Straight and flat,Arterial,Bitumen(Tar),Dry,No influence on accident,Fine,HMT main road,SBI Atm,40 ft,13.05142,77.552225
Bengaluru City,Jalahalli Traffic PS,1.04432e+16,2018,1,1,Road Accidents,Bottleneck,City/Town,Open area,Human Error,No,Simple Injury,Skidding or Self accident,Not at  Junction,Straight and flat,Sub Arterial,Bitumen(Tar),Dry,No influence on accident,Fine,New BEL Road,BMTC Bus stop,40 ft,13.043267,77.561306
Bengaluru City,Jalahalli Traffic PS,1.04432e+16,2018,1,2,Road Accidents,Junction,City/Town,Open area,Human Error,No,Damage Only,Rear end,Uncontrolled,Straight and flat,Arterial,Bitumen(Tar),Dry,No influence on accident,Fine,HMT Main road,Nandini Parlour,40 ft,13.0517574,77.551996
Bengaluru City,Jalahalli Traffic PS,1.04432e+16,2018,1,2,Road Accidents,Y Junction,City/Town,Open area,Human Error,No,Simple Injury,Rear end,No signal lights,Straight and flat,Arterial,Bitumen(Tar),Dry,No influence on accident,Fine,HMT Road,Electric pole,22 ft,13.055674,77.547904
Bengaluru City,Jalahalli Traffic PS,1.04432e+16,2018,1,2,Rail Road Accidents,T Junction,City/Town,Open area,Human Error,No,Damage Only,Side impact or Right angle,Uncontrolled,Straight and flat,Sub Arterial,Bitumen(Tar),Dry,No influence on accident,Fine,Sharadamba temple road,Electric pole,5 ft,13.045869,77.546994
Bengaluru City,Jalahalli Traffic PS,1.04432e+16,2018,1,1,Road Accidents,Other,City/Town,Open area,Human Error,Yes,Simple Injury,Hit pedestrian,Not at  Junction,Straight and flat,Sub Arterial,Bitumen(Tar),Dry,No influence on accident,Fine,abbigere chikkabanavara road,Electric pole,6 ft,13.0792,77.506538
Bengaluru City,Jalahalli Traffic PS,1.04432e+16,2018,1,2,Road Accidents,Other,City/Town,Open area,Human Error,No,Simple Injury,Rear end,Not at  Junction,Straight and flat,Arterial,Concrete,Dry,No influence on accident,Fine,MES Ring road,Electric pole,60,13.043542,77.559165
Bengaluru City,Jalahalli Traffic PS,1.04432e+16,2018,1,1,Road Accidents,T Junction,City/Town,Near Hospital,Human Error,No,Simple Injury,Hit pedestrian,Uncontrolled,Straight and flat,Others,Bitumen(Tar),Dry,No influence on accident,Fine,Sapthagiri Hospital Entrence road,Electric pole,10 ft,13.070825,77.53922
Bengaluru City,Jalahalli Traffic PS,1.04432e+16,2018,1,2,Road Accidents,Junction,City/Town,Open area,Human Error,Yes,Simple Injury,Hit and Run,Uncontrolled,Straight and flat,Sub Arterial,Bitumen(Tar),Dry,No influence on accident,Fine,KG Halli,House no 101,40 ft,13.065135,77.53056
Bengaluru City,Jalahalli Traffic PS,1.04432e+16,2018,1,2,Road Accidents,T Junction,City/Town,Open area,Human Error,Yes,Simple Injury,Rear end,Uncontrolled,Straight and flat,Arterial,Bitumen(Tar),Dry,No influence on accident,Fine,MES Ring road,Appolo Pharmacy,30 ft,13.042118,77.548486
Bengaluru City,Jalahalli Traffic PS,1.04432e+16,2018,1,2,Road Accidents,Other,City/Town,Open area,Human Error,No,Simple Injury,Skidding or Self accident,Not at  Junction,Straight and flat,Arterial,Bitumen(Tar),Dry,No influence on accident,Fine,HMT road,electric pole,64 ft,13.046247,77.555955
Bengaluru City,Jalahalli Traffic PS,1.04432e+16,2018,1,2,Road Accidents,Curves,City/Town,Open area,Human Error,No,Damage Only,Rear end,Not at  Junction,Slight Curve,Service Road,Bitumen(Tar),Dry,No influence on accident,Fine,BEL circle to Kuvempu circle service road,Electric light pole,14 ft,13.043772,77.558731
Bengaluru City,Jalahalli Traffic PS,1.04432e+16,2018,1,1,Road Accidents,Curves,City/Town,Open area,Human Error,No,Simple Injury,Skidding or Self accident,Not at  Junction,Curve,Sub Arterial,Bitumen(Tar),Dry,No influence on accident,Fine,Byatha road,Electric Pole,15 ft,13.144459,77.480284
Bengaluru City,Jalahalli Traffic PS,1.04432e+16,2018,1,2,Road Accidents,Other,City/Town,Open area,Human Error,Yes,Damage Only,Hit parked vehicle,Not at  Junction,Straight and flat,Sub Arterial,Bitumen(Tar),Dry,No influence on accident,Fine,Kammagondanahalli road,Arka Gas,20 ft,13.06031,77.531387
Bengaluru City,Jalahalli Traffic PS,1.04432e+16,2018,1,2,Road Accidents,Other,City/Town,Open area,Human Error,Yes,Simple Injury,Rear end,Not at  Junction,Straight and flat,Sub Arterial,Bitumen(Tar),Dry,No influence on accident,Fine,Byaladakere road,Electric Pole,48 ft,13.105524,77.528625
Bengaluru City,Jalahalli Traffic PS,1.04432e+16,2018,1,2,Road Accidents,Curves,City/Town,Open area,Human Error,No,Grievous Injury,Head on,Not at  Junction,Sharp Curve,Sub Arterial,Bitumen(Tar),Dry,No influence on accident,Fine,HMT Factory road,BMTC Bus stop,40 ft,13.049088,77.53582
Bengaluru City,Jalahalli Traffic PS,1.04432e+16,2018,1,1,Road Accidents,Other,City/Town,Open area,Human Error,No,Damage Only,Hit fixed object,Not at  Junction,Straight and flat,Arterial,Bitumen(Tar),Dry,No influence on accident,Fine,Hesaragatta main road,O K Mens Parlour,15 ft,13.114718,77.4825
Bengaluru City,Jalahalli Traffic PS,1.04432e+16,2018,1,2,Road Accidents,T Junction,City/Town,Open area,Human Error,No,Simple Injury,Right Turn Collision,Uncontrolled,Straight and flat,Sub Arterial,Bitumen(Tar),Dry,No influence on accident,Fine,HMT road,Tree,25 ft,13.049585,77.553782
Bengaluru City,Jalahalli Traffic PS,1.04432e+16,2018,1,2,Road Accidents,Other,City/Town,Open area,Human Error,Yes,Simple Injury,Head on,Not at  Junction,Straight and flat,Arterial,Bitumen(Tar),Dry,Engineering Defect of Road,Fine,MES Ring road,Light pole,32 ft,13.043548,77.560711
Bengaluru City,Jalahalli Traffic PS,1.04432e+16,2018,1,2,Road Accidents,Junction,City/Town,Open area,Human Error,No,Simple Injury,Side impact or Right angle,Police / Manual,Straight and flat,Arterial,Bitumen(Tar),Dry,No influence on accident,Fine,HMT Road,KEB Office,30 ft,13.048603,77.55016
Bengaluru City,Jalahalli Traffic PS,1.04432e+16,2018,1,1,Road Accidents,Other,City/Town,Open area,Human Error,Yes,Simple Injury,Hit pedestrian,Not at  Junction,Straight and flat,Sub Arterial,Bitumen(Tar),Dry,No influence on accident,Fine,Forest road,Tree,17 ft,13.058263,77.539969
Bengaluru City,Jalahalli Traffic PS,1.04432e+16,2018,1,2,Road Accidents,Other,City/Town,Open area,Human Error,No,Simple Injury,Rear end,Not at  Junction,Straight and flat,Sub Arterial,Bitumen(Tar),Dry,No influence on accident,Fine,Forest road,Pole,14 ft,13.060394,77.537957
Bengaluru City,Jalahalli Traffic PS,1.04432e+16,2018,1,2,Road Accidents,Other,City/Town,Open area,Human Error,Yes,Simple Injury,Rear end,Not at  Junction,Straight and flat,Arterial,Bitumen(Tar),Dry,No influence on accident,Fine,Hesaragatta main road,pole,16 ft,13.067244,77.503485
Bengaluru City,Jalahalli Traffic PS,1.04432e+16,2018,1,2,Road Accidents,Other,City/Town,Open area,Human Error,No,Fatal,Rear end,Not at  Junction,Straight and flat,Arterial,Bitumen(Tar),Dry,No influence on accident,Fine,MES Ring road,Light pole,35 ft,13.044179,77.562354
Bengaluru City,Jalahalli Traffic PS,1.04432e+16,2018,1,2,Road Accidents,Narrow road,City/Town,Near Bus stop,Human Error,No,Simple Injury,Rear end,Not at  Junction,Straight and flat,Arterial,Bitumen(Tar),Dry,No influence on accident,Fine,HMT ROAD,BUS STAND,120 FT,13.046014,77.556123
Bengaluru City,Jalahalli Traffic PS,1.04432e+16,2018,1,1,Road Accidents,Other,City/Town,Open area,Human Error,No,Simple Injury,Skidding or Self accident,Not at  Junction,Straight and flat,Sub Arterial,Bitumen(Tar),Dry,No influence on accident,Fine,Shettihalli railway parallel road,Tree,15 ft,13.066255,77.519873
Bengaluru City,Jalahalli Traffic PS,1.04432e+16,2018,1,1,Road Accidents,Y Junction,City/Town,Open area,Human Error,No,Simple Injury,Skidding or Self accident,Uncontrolled,Hump,Sub Arterial,Bitumen(Tar),Dry,No influence on accident,Fine,Abbigere Pipe line road,Kodandarama temple,10 ft,13.071179,77.527637
Bengaluru City,Jalahalli Traffic PS,1.04432e+16,2018,1,1,Road Accidents,Other,City/Town,Open area,Human Error,No,Simple Injury,Hit pedestrian,Not at  Junction,Straight and flat,Sub Arterial,Bitumen(Tar),Dry,No influence on accident,Fine,Airforce east road,HDFC Bank,57 ft,13.057159,77.546523
Bengaluru City,Jalahalli Traffic PS,1.04432e+16,2018,1,2,Road Accidents,Junction,City/Town,Open area,Human Error,No,Simple Injury,Rear end,Signal lights Automatic,Straight and flat,Arterial,Bitumen(Tar),Dry,No influence on accident,Fine,HMT road,ELECTRIC POLE,40 FT,13.043941,77.557037
Bengaluru City,Jalahalli Traffic PS,1.04432e+16,2018,1,2,Road Accidents,Other,City/Town,Open area,Human Error,No,Simple Injury,Head on,Not at  Junction,Straight and flat,Sub Arterial,Bitumen(Tar),Dry,No influence on accident,Fine,Jalahalli to Ramachandrapura road,Ruby Apartment,15 ft,13.051162,77.550692
Bengaluru City,Jalahalli Traffic PS,1.04432e+16,2018,1,2,Road Accidents,Junction,City/Town,Open area,Human Error,No,Simple Injury,Side impact or Right angle,Uncontrolled,Straight and flat,Arterial,Bitumen(Tar),Dry,No influence on accident,Fine,HMT road,Tree,20 ft,13.049565,77.55381
Bengaluru City,Jalahalli Traffic PS,1.04432e+16,2018,1,2,Road Accidents,T Junction,City/Town,Open area,Human Error,Yes,Simple Injury,Side impact or Right angle,Uncontrolled,Straight and flat,Arterial,Bitumen(Tar),Dry,No influence on accident,Fine,S M Road,Electric pole,40 ft,13.055057,77.54303
Bengaluru City,Jalahalli Traffic PS,1.04432e+16,2018,1,2,Road Accidents,Staggered junction,City/Town,Open area,Human Error,Yes,Damage Only,Rear end,Uncontrolled,Straight and flat,Sub Arterial,Bitumen(Tar),Dry,No influence on accident,Fine,Abbigere main road,Light pole,35 ft,13.070291,77.528761
Bengaluru City,Jalahalli Traffic PS,1.04432e+16,2018,1,1,Road Accidents,T Junction,City/Town,Open area,Human Error,No,Simple Injury,Hit pedestrian,Police / Manual,Straight and flat,Arterial,Bitumen(Tar),Dry,No influence on accident,Fine,HMT road,Sahithya kuta gate,30 ft,13.050373,77.553203
Bengaluru City,Jalahalli Traffic PS,1.04432e+16,2018,1,1,Road Accidents,Other,City/Town,Open area,Human Error,No,Simple Injury,Hit pedestrian,Not at  Junction,Straight and flat,Sub Arterial,Bitumen(Tar),Dry,No influence on accident,Fine,Acharya college road,Padmavathi Kalyanamantapa,22 ft,0.0,0.0
Bengaluru City,Jalahalli Traffic PS,1.04432e+16,2018,1,2,Road Accidents,Curves,City/Town,Open area,Human Error,No,Simple Injury,Head on,Not at  Junction,Curve,Arterial,Bitumen(Tar),Dry,No influence on accident,Fine,Hesaraghatta road,polo,45ft,13.118961,77.484316
Bengaluru City,Jalahalli Traffic PS,1.04432e+16,2018,1,1,Road Accidents,Other,City/Town,Near a religious place,Human Error,No,Simple Injury,Hit pedestrian,Not at  Junction,Straight and flat,Arterial,Bitumen(Tar),Dry,No influence on accident,Fine,S M Road,ayyappa temple,10 ft,0.0,0.0
Bengaluru City,Jalahalli Traffic PS,1.04432e+16,2018,1,2,Road Accidents,Junction,City/Town,Open area,Human Error,No,Damage Only,Rear end,Uncontrolled,Straight and flat,Arterial,Bitumen(Tar),Dry,No influence on accident,Fine,Hesaragatta main road,Sapthagiri Eng college gate,28 ft,13.070191,77.503845
Bengaluru City,Jalahalli Traffic PS,1.04432e+16,2018,1,2,Road Accidents,Other,City/Town,Open area,Human Error,No,Simple Injury,Rear end,Not at  Junction,Straight and flat,Arterial,Bitumen(Tar),Dry,No influence on accident,Fine,Hesaragatta road,Tree,14 ft,13.071204,77.503766
Bengaluru City,Jalahalli Traffic PS,1.04432e+16,2018,1,1,Road Accidents,Narrow road,City/Town,Open area,Human Error,No,Grievous Injury,Hit pedestrian,Not at  Junction,Straight and flat,Sub Arterial,Bitumen(Tar),Dry,No influence on accident,Fine,Guni agrahara,Krishnappa house,10 ft,0.0,0.0
Bengaluru City,Jalahalli Traffic PS,1.04432e+16,2018,1,1,Road Accidents,Junction,City/Town,Open area,Human Error,No,Simple Injury,Hit pedestrian,Uncontrolled,Straight and flat,Sub Arterial,Bitumen(Tar),Dry,No influence on accident,Fine,AGB Layout,Electric pole,45 ft,13.071338,77.506155
Bengaluru City,Jalahalli Traffic PS,1.04432e+16,2018,1,2,Road Accidents,Curves,City/Town,Open area,Human Error,No,Simple Injury,Head on,Not at  Junction,Curve,Sub Arterial,Bitumen(Tar),Dry,No influence on accident,Fine,Hesaragatta byatha road,Electric pole,16 ft,0.0,0.0
Bengaluru City,Jalahalli Traffic PS,1.04432e+16,2018,1,1,Road Accidents,T Junction,City/Town,Open area,Human Error,No,Simple Injury,Hit pedestrian,Uncontrolled,Straight and flat,Sub Arterial,Bitumen(Tar),Dry,No influence on accident,Fine,Acharya college road,Electric pole,35 ft,0.0,0.0
Bengaluru City,Jalahalli Traffic PS,1.04432e+16,2018,1,2,Road Accidents,Junction,City/Town,Open area,Human Error,Yes,Damage Only,Rear end,Signal lights Automatic,Straight and flat,Arterial,Bitumen(Tar),Dry,No influence on accident,Fine,HMT Road,SBI ATM,80 fee,13.056679,77.546792
Bengaluru City,Jalahalli Traffic PS,1.04432e+16,2018,1,2,Road Accidents,Other,City/Town,Open area,Human Error,Yes,Simple Injury,Rear end,Not at  Junction,Straight and flat,Sub Arterial,Bitumen(Tar),Dry,No influence on accident,Fine,Cikkabanavara lake road,pole,12 ft,13.079786,77.510165
Bengaluru City,Jalahalli Traffic PS,1.04432e+16,2018,1,2,Road Accidents,Junction,City/Town,Residential area,Human Error,Yes,Simple Injury,Side impact or Right angle,Uncontrolled,Straight and flat,Residential Street,Bitumen(Tar),Dry,No influence on accident,Fine,BEL colony,light pole,30 ft,13.045641,77.554011
Bengaluru City,Jalahalli Traffic PS,1.04432e+16,2018,1,2,Other Railway Accidents,Other,City/Town,Open area,Human Error,No,Damage Only,Rear end,Not at  Junction,Straight and flat,Arterial,Bitumen(Tar),Dry,No influence on accident,Fine,MES Ring road,Tree,80 ft,13.043984,77.554142
Bengaluru City,Jalahalli Traffic PS,1.04432e+16,2018,1,2,Road Accidents,Other,City/Town,Near Bus stop,Human Error,Yes,Damage Only,Rear end,Not at  Junction,Straight and flat,Sub Arterial,Bitumen(Tar),Dry,No influence on accident,Fine,HMT Road,Bus stop,35 ft,13.056737,77.546751
Bengaluru City,Jalahalli Traffic PS,1.04432e+16,2018,1,2,Road Accidents,Junction,City/Town,Open area,Human Error,No,Damage Only,Side swipe,Signal lights Automatic,Straight and flat,Arterial,Concrete,Dry,No influence on accident,Fine,MES Ring road,Signal light pole,36 ft,13.043626,77.561201
Bengaluru City,Jalahalli Traffic PS,1.04432e+16,2018,1,2,Road Accidents,Curves,City/Town,Open area,Human Error,Yes,Simple Injury,Rear end,Not at  Junction,Curve,Arterial,Bitumen(Tar),Dry,No influence on accident,Fine,Hesaragatta main road,Suggi Daba,30 ft,13.108036,77.482099
Bengaluru City,Jalahalli Traffic PS,1.04432e+16,2018,1,1,Road Accidents,Curves,City/Town,Open area,Human Error,No,Simple Injury,Hit fixed object,Not at  Junction,Curve,Sub Arterial,Bitumen(Tar),Dry,No influence on accident,Fine,Hesaragatta TB Road,Tree,18 ft,13.129234,77.488078
Bengaluru City,Jalahalli Traffic PS,1.04432e+16,2018,1,2,Road Accidents,Junction,City/Town,Open area,Human Error,No,Simple Injury,Side impact or Right angle,Uncontrolled,Straight and flat,Sub Arterial,Bitumen(Tar),Dry,No influence on accident,Fine,Muthyalamma nagar,Electric pole,35,13.041908,77.548882
Bengaluru City,Jalahalli Traffic PS,1.04432e+16,2018,1,2,Road Accidents,Other,City/Town,Open area,Human Error,No,Simple Injury,Rear end,Not at  Junction,Straight and flat,Arterial,Concrete,Dry,No influence on accident,Fine,MES Ring road,Electric Pole,36 ft,13.043557,77.560807
Bengaluru City,Jalahalli Traffic PS,1.04432e+16,2018,1,1,Road Accidents,Other,City/Town,Near Bus stop,Human Error,No,Simple Injury,Hit pedestrian,Uncontrolled,Straight and flat,Arterial,Bitumen(Tar),Dry,No influence on accident,Fine,Hesaragatta road,Bus stop,5 ft,13.101277,77.480832
Bengaluru City,Jalahalli Traffic PS,1.04432e+16,2018,1,2,Road Accidents,Bridge,City/Town,Narrow bridge or culverts,Human Error,Yes,Simple Injury,Rear end,Not at  Junction,Straight and flat,Sub Arterial,Gravel,Dry,Construction Work / Material,Fine,Byatha road,Tree,18 ft,13.15295,77.473263