DISTRICTNAME,UNITNAME,Crime_No,Year,RI,Noofvehicle_involved,Accident_Classification,Accident_Spot,Accident_Location,Accident_SubLocation,Main_Cause,Hit_Run,Severity,Collision_Type,Junction_Control,Road_Character,Road_Type,Surface_Type,Surface_Condition,Road_Condition,Weather,Accident_Road,Landmark_first,Distance_LandMark_First,Latitude,Longitude
Bengaluru City,Jalahalli Traffic PS,1.04432e+16,2019,1,2,Road Accidents,Bottleneck,City/Town,Open area,Human Error,Yes,Fatal,Vehicle to Vehicle,Not at  Junction,Straight and flat,Arterial,Bitumen(Tar),Dry,No influence on accident,Fine,Hesaraghatta main road,Electrical polo,30,13.090211,77.492667
Bengaluru City,Jalahalli Traffic PS,1.04432e+16,2019,1,2,Road Accidents,Bottleneck,City/Town,Open area,Human Error,No,Simple Injury,Vehicle to Vehicle,Not at  Junction,Straight and flat,Sub Arterial,Bitumen(Tar),Dry,No influence on accident,Fine,HMT Main Road Kadamba hotel,No parking Bord pole,15ft,13.04903,77.547536
Bengaluru City,Jalahalli Traffic PS,1.04432e+16,2019,1,2,Road Accidents,Bottleneck,City/Town,Residential area,Human Error,No,Simple Injury,Vehicle to Vehicle,Not at  Junction,Straight and flat,Sub Arterial,Bitumen(Tar),Dry,No influence on accident,Fine,"Hesaraghatta main road, Near janapriya Apartment",Electric pole,45,0.0,0.0
Bengaluru City,Jalahalli Traffic PS,1.04432e+16,2019,1,2,Road Accidents,Bottleneck,City/Town,Open area,Human Error,Yes,Fatal,Vehicle to Vehicle,Not at  Junction,Straight and flat,Sub Arterial,Bitumen(Tar),Dry,No influence on accident,Fine,"Kadamba Hotel opposit, HMT Main road",Electric pole,12,0.0,0.0
Bengaluru City,Jalahalli Traffic PS,1.04432e+16,2019,1,1,Road Accidents,Bottleneck,City/Town,Near a religious place,Human Error,No,Simple Injury,Hit pedestrian,Not at  Junction,Straight and flat,Sub Arterial,Bitumen(Tar),Dry,No influence on accident,Fine,Sundara nagara HMT Road,electric pole,18ft,0.0,0.0
Bengaluru City,Jalahalli Traffic PS,1.04432e+16,2019,1,2,Road Accidents,Bottleneck,City/Town,Open area,Human Error,No,Grievous Injury,Vehicle to Vehicle,No signal lights,Curve,Two way,Surfaced,Dry,Not Applicable,Fine,"Hesaraghatta road,",near Udupi garden hotel,15,0.0,0.0
Bengaluru City,Jalahalli Traffic PS,1.04432e+16,2019,1,2,Road Accidents,Other,City/Town,Open area,Human Error,No,Simple Injury,Head on,Not at  Junction,Straight and flat,Sub Arterial,Bitumen(Tar),Dry,No influence on accident,Fine,SM road,Electric pole,30 ft,13.054674,77.536465
Bengaluru City,Jalahalli Traffic PS,1.04432e+16,2019,1,1,Road Accidents,Other,City/Town,Open area,Human Error,No,Simple Injury,Skidding or Self accident,Not at  Junction,Straight and flat,Sub Arterial,Bitumen(Tar),Dry,No influence on accident,Fine,Kuvenmpunagar main road,Light pole,25 ft,13.060964,77.544064
Bengaluru City,Jalahalli Traffic PS,1.04432e+16,2019,1,1,Road Accidents,Bottleneck,City/Town,Open area,Human Error,Yes,Fatal,Hit pedestrian,Not at  Junction,Straight and flat,State Highway,Bitumen(Tar),Dry,No influence on accident,Fine,Hesaragatta main road,Govt First grade college,40,13.138891,77.470835
Bengaluru City,Jalahalli Traffic PS,1.04432e+16,2019,1,1,Road Accidents,Bottleneck,City/Town,Near Bus stop,Human Error,No,Simple Injury,Hit pedestrian,Not at  Junction,Straight and flat,Arterial,Bitumen(Tar),Dry,No influence on accident,Fine,HMT Main Road,Tree,45ft,13.048905,77.550702
Bengaluru City,Jalahalli Traffic PS,1.04432e+16,2019,1,2,Road Accidents,Bottleneck,City/Town,Residential area,Human Error,No,Simple Injury,Vehicle to Vehicle,Not at  Junction,Straight and flat,Sub Arterial,Bitumen(Tar),Dry,No influence on accident,Fine,"HMT Road, KKR ruby Aportment opposit",Electric pole,10ft,13.051173,77.550723
Bengaluru City,Jalahalli Traffic PS,1.04432e+16,2019,1,1,Road Accidents,Bottleneck,City/Town,Near a recreation place/cinema,Human Error,No,Simple Injury,Hit pedestrian,Not at  Junction,Straight and flat,Arterial,Bitumen(Tar),Dry,No influence on accident,Fine,"M E S ring road, opposit Shashtriya Shastri cataring",Shastri catarin,30,13.042056,77.547989
Bengaluru City,Jalahalli Traffic PS,1.04432e+16,2019,1,1,Road Accidents,Bottleneck,City/Town,Open area,Human Error,No,Fatal,Hit bicyclist,Not at  Junction,Straight and flat,Sub Arterial,Bitumen(Tar),Dry,No influence on accident,Fine,"KMF road, Near Shyampal Tota",Fish Devolepment Center,18ft,13.142992,77.49531
Bengaluru City,Jalahalli Traffic PS,1.04432e+16,2019,1,2,Road Accidents,Bottleneck,City/Town,Open area,Human Error,No,Fatal,Vehicle to Vehicle,Not at  Junction,Straight and flat,Sub Arterial,Bitumen(Tar),Dry,No influence on accident,Fine,"Kereguddadahalli road, Near Chikkabanavara kere",Electric pole,35ft,0.0,0.0
Bengaluru City,Jalahalli Traffic PS,1.04432e+16,2019,1,1,Road Accidents,Bottleneck,City/Town,Open area,Human Error,No,Simple Injury,Hit pedestrian,Uncontrolled,Straight and flat,Sub Arterial,Bitumen(Tar),Dry,No influence on accident,Fine,Acharya college road,Tree,46 ft,13.07789,77.497454
Bengaluru City,Jalahalli Traffic PS,1.04432e+16,2019,1,2,Road Accidents,T Junction,City/Town,Open area,Human Error,No,Simple Injury,Side swipe,Not at  Junction,Straight and flat,City or Town Road,Bitumen(Tar),Dry,No influence on accident,Fine,Acharya college road,Electrical polo,12 fee,13.07552,77.500962
Bengaluru City,Jalahalli Traffic PS,1.04432e+16,2019,1,1,Road Accidents,Bottleneck,City/Town,Open area,Human Error,No,Simple Injury,Hit pedestrian,Not at  Junction,Straight and flat,Sub Arterial,Bitumen(Tar),Dry,No influence on accident,Fine,gangamma circle,Electric pole,45ft,13.057679,77.546369
Bengaluru City,Jalahalli Traffic PS,1.04432e+16,2019,1,2,Road Accidents,Bottleneck,City/Town,Open area,Human Error,Yes,Fatal,Vehicle to Vehicle,Not at  Junction,Straight and flat,Sub Arterial,Bitumen(Tar),Dry,No influence on accident,Fine,"kalenahalli cross, Mutturu cross, Bengaluru",Tree,35,13.156941,77.509033
Bengaluru City,Jalahalli Traffic PS,1.04432e+16,2019,1,2,Road Accidents,Bottleneck,City/Town,Open area,Human Error,No,Simple Injury,Vehicle to Vehicle,Not at  Junction,Straight and flat,Sub Arterial,Bitumen(Tar),Dry,No influence on accident,Fine,HMT Road NACIN,Nacin Bord,50ft,0.0,0.0
Bengaluru City,Jalahalli Traffic PS,1.04432e+16,2019,1,2,Road Accidents,Bottleneck,City/Town,Open area,Human Error,Yes,Simple Injury,Vehicle to Vehicle,Not at  Junction,Straight and flat,Sub Arterial,Bitumen(Tar),Dry,No influence on accident,Fine,Hesaraghatta main road,Tree,40ft,0.0,0.0
Bengaluru City,Jalahalli Traffic PS,1.04432e+16,2020,1,1,Road Accidents,Bottleneck,City/Town,Open area,Human Error,No,Fatal,Vehicle to Vehicle,Not at  Junction,Straight and flat,Sub Arterial,Bitumen(Tar),Dry,No influence on accident,Fine,"Near Medi Agrahara Bus Stop, Doddbyaladakere",Electric pole,40ft,0.0,0.0
Bengaluru City,Jalahalli Traffic PS,1.04432e+16,2020,1,1,Road Accidents,Bottleneck,City/Town,Open area,Human Error,No,Simple Injury,Hit bicyclist,Not at  Junction,Straight and flat,Sub Arterial,Bitumen(Tar),Dry,No influence on accident,Fine,Near BEL Market HMT Main Road,CC camera Pole,10ft,0.0,0.0
Bengaluru City,Jalahalli Traffic PS,1.04432e+16,2020,1,1,Road Accidents,Bottleneck,City/Town,Open area,Human Error,No,Fatal,Not Applicable,Not at  Junction,Straight and flat,Sub Arterial,Bitumen(Tar),Dry,No influence on accident,Fine,Hesaraghatta Road Tarabanahalli Shubash nagara,Electric Pole 1,25ft,0.0,0.0
Bengaluru City,Jalahalli Traffic PS,1.04432e+16,2020,1,1,Road Accidents,Bottleneck,City/Town,Near Hospital,Human Error,No,Simple Injury,Hit pedestrian,Not at  Junction,Straight and flat,Sub Arterial,Bitumen(Tar),Dry,No influence on accident,Fine,Near Saptagiri Hospital Hesaraghatta main road,Eelectric pole,22ft,0.0,0.0
Bengaluru City,Jalahalli Traffic PS,1.04432e+16,2020,1,2,Road Accidents,Bottleneck,City/Town,Open area,Human Error,No,Simple Injury,Vehicle to Vehicle,Not at  Junction,Straight and flat,Sub Arterial,Bitumen(Tar),Dry,No influence on accident,Fine,ACHARYA COLLEGE ROAD NEAR CAR BAR GANAPATHINAGARA,Electric pole,25ft,0.0,0.0
Bengaluru City,Jalahalli Traffic PS,1.04432e+16,2020,1,1,Road Accidents,Bottleneck,City/Town,Near School or College,Human Error,No,Simple Injury,Hit pedestrian,Not at  Junction,Straight and flat,Sub Arterial,Bitumen(Tar),Dry,No influence on accident,Fine,"MES Ring road, Near mother theresa school",Electric pole,20ft,0.0,0.0
Bengaluru City,Jalahalli Traffic PS,1.04432e+16,2020,1,3,Road Accidents,Bottleneck,City/Town,Open area,Human Error,No,Fatal,Vehicle to Vehicle,Not at  Junction,Hump,Sub Arterial,Bitumen(Tar),Dry,No influence on accident,Fine,Near Dwarakanagara Cross Hesaraghatta main road,Electric pole,12ft,0.0,0.0
Bengaluru City,Jalahalli Traffic PS,1.04432e+16,2020,1,1,Road Accidents,Bottleneck,City/Town,Open area,Human Error,Yes,Fatal,Hit pedestrian,Not at  Junction,Straight and flat,Sub Arterial,Bitumen(Tar),Dry,No influence on accident,Fine,MES Ring road Near IQ Office,Electric pole,10ft,0.0,0.0
Bengaluru City,Jalahalli Traffic PS,1.04432e+16,2020,1,1,Road Accidents,Bottleneck,City/Town,Open area,Human Error,No,Simple Injury,Hit pedestrian,Not at  Junction,Straight and flat,Sub Arterial,Bitumen(Tar),Dry,No influence on accident,Fine,Near KEB Office Chikkabanvara Hesaraghatta mainroad,Electric pole,10ft,0.0,0.0
Bengaluru City,Jalahalli Traffic PS,1.04432e+16,2020,1,1,Road Accidents,Bottleneck,City/Town,Open area,Human Error,No,Fatal,Hit pedestrian,Not at  Junction,Straight and flat,Sub Arterial,Bitumen(Tar),Dry,No influence on accident,Fine,Near Prestige Appartment HMT Tools And Machine Jalahalli bengaluru,Electric pole,8ft,0.0,0.0
Bengaluru City,Jalahalli Traffic PS,1.04432e+16,2020,1,2,Road Accidents,Bottleneck,City/Town,Open area,Human Error,No,Simple Injury,Vehicle to Vehicle,Not at  Junction,Straight and flat,Sub Arterial,Bitumen(Tar),Dry,No influence on accident,Fine,Litel Milenioum School Hesaraghatta Main road,Electric pole,15ft,0.0,0.0
Bengaluru City,Jalahalli Traffic PS,1.04432e+16,2020,1,1,Road Accidents,Bottleneck,City/Town,Open area,Human Error,No,Simple Injury,Hit pedestrian,Not at  Junction,Straight and flat,Sub Arterial,Bitumen(Tar),Dry,No influence on accident,Fine,"Near janata colony, Chikkasandra T Dasarahalli",Honge tree,25ft,0.0,0.0
Bengaluru City,Jalahalli Traffic PS,1.04432e+16,2020,1,2,Road Accidents,Bottleneck,City/Town,Open area,Human Error,No,Simple Injury,Vehicle to Vehicle,Not at  Junction,Straight and flat,Sub Arterial,Bitumen(Tar),Dry,No influence on accident,Fine,11th cross AGB layout chikkasandra,Electic pole,15ft,0.0,0.0
Bengaluru City,Jalahalli Traffic PS,1.04432e+16,2020,1,2,Road Accidents,Bottleneck,City/Town,Open area,Human Error,No,Simple Injury,Vehicle to Vehicle,Not at  Junction,Straight and flat,Sub Arterial,Bitumen(Tar),Dry,No influence on accident,Fine,Hesaraghatta road Opp sapthagiri Hospital,Electric Pole,15ft,0.0,0.0
Bengaluru City,Jalahalli Traffic PS,1.04432e+16,2020,1,1,Road Accidents,Bottleneck,City/Town,Open area,Human Error,No,Simple Injury,Hit pedestrian,Not at  Junction,Straight and flat,Sub Arterial,Bitumen(Tar),Dry,No influence on accident,Fine,"Forest road, Near Air force jalahalli",Electric pole,6ft,0.0,0.0
Bengaluru City,Jalahalli Traffic PS,1.04432e+16,2020,1,1,Road Accidents,Bottleneck,City/Town,Open area,Human Error,No,Simple Injury,Not Applicable,Not at  Junction,Straight and flat,Sub Arterial,Bitumen(Tar),Dry,No influence on accident,Fine,Near Kuvempu circle New BEL Road,Electric pole,12ft,13.042585,77.561645
Bengaluru City,Jalahalli Traffic PS,1.04432e+16,2020,1,2,Road Accidents,Bottleneck,City/Town,Open area,Human Error,No,Simple Injury,Vehicle to Vehicle,Not at  Junction,Straight and flat,Sub Arterial,Bitumen(Tar),Dry,No influence on accident,Fine,"Near Ayyappa Junction, SM Road",Electric pole,25ft,13.045888,77.522243
Bengaluru City,Jalahalli Traffic PS,1.04432e+16,2020,1,1,Road Accidents,Bottleneck,City/Town,Open area,Human Error,No,Simple Injury,Hit pedestrian,Not at  Junction,Straight and flat,Sub Arterial,Bitumen(Tar),Dry,No influence on accident,Fine,"Near Prestige Weligton Appartment, SM road gangamma Circle",Electric pole,25ft,13.054709,77.5448949
Bengaluru City,Jalahalli Traffic PS,1.04432e+16,2020,1,1,Road Accidents,Cross roads,City/Town,Residential area,Human Error,No,Fatal,Hit pedestrian,Not at  Junction,Straight and flat,Sub Arterial,Bitumen(Tar),Dry,No influence on accident,Fine,Bhavu bali nagara jalahalli villege,Electric pole,12ft,0.0,0.0
Bengaluru City,Jalahalli Traffic PS,1.04432e+16,2020,1,1,Road Accidents,Bottleneck,City/Town,Open area,Human Error,No,Fatal,Hit pedestrian,Not at  Junction,Straight and flat,Sub Arterial,Bitumen(Tar),Dry,No influence on accident,Fine,Near Mutyalanagara Junction MES Ring road,Electric pole,8ft,0.0,0.0
Bengaluru City,Jalahalli Traffic PS,1.04432e+16,2020,1,2,Road Accidents,Bottleneck,City/Town,Open area,Human Error,No,Grievous Injury,Vehicle to Vehicle,Not at  Junction,Straight and flat,Sub Arterial,Bitumen(Tar),Dry,No influence on accident,Fine,MES Ring Road BEL U Turen,BMTC Bus stop,15ft,0.0,0.0
Bengaluru City,Jalahalli Traffic PS,1.04432e+16,2020,1,1,Road Accidents,Bottleneck,City/Town,Open area,Human Error,No,Simple Injury,Not Applicable,Not at  Junction,Straight and flat,Sub Arterial,Bitumen(Tar),Dry,No influence on accident,Fine,Byata Hesaraghatta road Near Nrutya villege,Direction Bord,30ft,0.0,0.0
Bengaluru City,Jalahalli Traffic PS,1.04432e+16,2020,1,2,Road Accidents,Bottleneck,City/Town,Open area,Human Error,No,Damage Only,Vehicle to Vehicle,Not at  Junction,Straight and flat,Sub Arterial,Bitumen(Tar),Dry,No influence on accident,Fine,Abbigere,Electric Pole,15ft,0.0,0.0
Bengaluru City,Jalahalli Traffic PS,1.04432e+16,2020,1,2,Road Accidents,Bottleneck,City/Town,Open area,Human Error,No,Fatal,Vehicle to Vehicle,Not at  Junction,Straight and flat,Sub Arterial,Bitumen(Tar),Dry,No influence on accident,Fine,Near BEL Circle Kuvempu Service Road,Electric Pole,8ft,0.0,0.0
Bengaluru City,Jalahalli Traffic PS,1.04432e+16,2020,1,2,Road Accidents,Bottleneck,City/Town,Open area,Human Error,No,Simple Injury,Vehicle to Vehicle,Not at  Junction,Straight and flat,Sub Arterial,Bitumen(Tar),Dry,No influence on accident,Fine,Hesaraghatta Main Road,Electric pole,15ft,0.0,0.0
Bengaluru City,Jalahalli Traffic PS,1.04432e+16,2020,1,2,Road Accidents,Bottleneck,City/Town,Open area,Human Error,No,Simple Injury,Vehicle to Vehicle,Not at  Junction,Straight and flat,Sub Arterial,Bitumen(Tar),Dry,No influence on accident,Fine,Near hesaraghatta bus stop Near Indian Petrol bank,Electric Pole,28ft,0.0,0.0
Bengaluru City,Jalahalli Traffic PS,1.04432e+16,2020,1,2,Road Accidents,Bottleneck,City/Town,Open area,Human Error,No,Fatal,Vehicle to Vehicle,Not at  Junction,Straight and flat,Sub Arterial,Bitumen(Tar),Dry,No influence on accident,Fine,Near Vivekananda School Hesaraghatta main road,direction Bord,35ft,13.140244,77.469074
Bengaluru City,Jalahalli Traffic PS,1.04432e+16,2020,1,1,Road Accidents,Bottleneck,City/Town,Open area,Human Error,No,Simple Injury,Hit pedestrian,Not at  Junction,Straight and flat,Sub Arterial,Bitumen(Tar),Dry,No influence on accident,Fine,"HMT Watch factory Road, Brigade court Yard apartment Near",Electricpole,20ft,13.05133,77.538757
Bengaluru City,Jalahalli Traffic PS,1.04432e+16,2020,1,2,Road Accidents,Bottleneck,City/Town,Open area,Human Error,No,Simple Injury,Vehicle to Vehicle,Not at  Junction,Straight and flat,Sub Arterial,Bitumen(Tar),Dry,No influence on accident,Fine,"NEAR PRESTIGE APPPORTMENT, HMT ROAD, JALAHALLI",Electric Pole,15ft,0.0,0.0
Bengaluru City,Jalahalli Traffic PS,1.04432e+16,2020,1,2,Road Accidents,Bottleneck,City/Town,Open area,Human Error,No,Simple Injury,Vehicle to Vehicle,Not at  Junction,Straight and flat,Sub Arterial,Bitumen(Tar),Dry,No influence on accident,Fine,Lakshmipura Cross Abbigere Kanshiramnagara,Electric Pole,12ft,0.0,0.0
Bengaluru City,Jalahalli Traffic PS,1.04432e+16,2020,1,1,Road Accidents,Bottleneck,City/Town,Open area,Human Error,Yes,Damage Only,Not Applicable,Not at  Junction,Straight and flat,Sub Arterial,Bitumen(Tar),Dry,No influence on accident,Fine,Hesaraghatta,Notice Board,50ft,0.0,0.0
Bengaluru City,Jalahalli Traffic PS,1.04432e+16,2020,1,2,Road Accidents,Bottleneck,City/Town,Open area,Human Error,No,Simple Injury,Vehicle to Vehicle,Not at  Junction,Others,Sub Arterial,Bitumen(Tar),Dry,Not Applicable,Fine,Kumbaralli,Near Manjunatha Bar,17,0.0,0.0
Bengaluru City,Jalahalli Traffic PS,1.04432e+16,2020,1,2,Road Accidents,Bottleneck,City/Town,Open area,Human Error,No,Simple Injury,Vehicle to Vehicle,Not at  Junction,Straight and flat,Sub Arterial,Bitumen(Tar),Dry,No influence on accident,Fine,Mutyalanagara Railway Bridge MES ring Road Jalahalli,Electric pole,10ft,0.0,0.0
Bengaluru City,Jalahalli Traffic PS,1.04432e+16,2020,1,1,Road Accidents,Bottleneck,City/Town,Open area,Human Error,No,Simple Injury,Hit pedestrian,Not at  Junction,Straight and flat,Sub Arterial,Bitumen(Tar),Dry,No influence on accident,Fine,BFW Road L&T Work shope,Electric pole,40ft,0.0,0.0
Bengaluru City,Jalahalli Traffic PS,1.04432e+16,2020,1,2,Road Accidents,Bottleneck,City/Town,Open area,Human Error,No,Simple Injury,Hit pedestrian,Not at  Junction,Straight and flat,Sub Arterial,Bitumen(Tar),Dry,No influence on accident,Fine,"NEar Bismilla Chicken Center, kereguddadahalli abbigere",Electric pole,25ft,13.078298,77.520561
Bengaluru City,Jalahalli Traffic PS,1.04432e+16,2020,1,2,Road Accidents,Bottleneck,City/Town,Open area,Human Error,No,Simple Injury,Vehicle to Vehicle,Not at  Junction,Straight and flat,Sub Arterial,Bitumen(Tar),Dry,No influence on accident,Fine,Near HMT Theater HMT Main Road,Noparking bord pole,15ft,0.0,0.0
Bengaluru City,Jalahalli Traffic PS,1.04432e+16,2020,1,2,Road Accidents,Bottleneck,City/Town,Open area,Human Error,No,Damage Only,Vehicle to Vehicle,Not at  Junction,Straight and flat,Sub Arterial,Bitumen(Tar),Dry,No influence on accident,Fine,Forest road,Electrical Pol,40 ft,0.0,0.0
Bengaluru City,Jalahalli Traffic PS,1.04432e+16,2020,1,2,Road Accidents,Bottleneck,City/Town,Open area,Human Error,No,Simple Injury,Vehicle to Vehicle,Not at  Junction,Straight and flat,Sub Arterial,Bitumen(Tar),Dry,No influence on accident,Fine,Near Air force mess Service Center SM road,Electric pole,35ft,13.051079,77.526723
Bengaluru City,Jalahalli Traffic PS,1.04432e+16,2020,1,1,Road Accidents,Bottleneck,City/Town,Open area,Human Error,Yes,Simple Injury,Hit pedestrian,Not at  Junction,Straight and flat,Others,Bitumen(Tar),Dry,No influence on accident,Fine,Near Rama temple kammagondanahalli,Electric pole,18ft,0.0,0.0
Bengaluru City,Jalahalli Traffic PS,1.04432e+16,2020,1,2,Road Accidents,Bottleneck,City/Town,Open area,Human Error,No,Simple Injury,Vehicle to Vehicle,Not at  Junction,Straight and flat,Sub Arterial,Bitumen(Tar),Dry,No influence on accident,Fine,Near Chikkabanavara railway station oppo 24*7 gyarej,Electric Pole,55ft,0.0,0.0
Bengaluru City,Jalahalli Traffic PS,1.04432e+16,2020,1,2,Road Accidents,Bottleneck,City/Town,Open area,Human Error,Yes,Simple Injury,Vehicle to Vehicle,Not at  Junction,Straight and flat,Sub Arterial,Bitumen(Tar),Dry,Not Applicable,Fine,Air force Station Jalahalli,Electric light pole,20ft,0.0,0.0
Bengaluru City,Jalahalli Traffic PS,1.04432e+16,2020,1,2,Road Accidents,Bottleneck,City/Town,Open area,Human Error,Yes,Simple Injury,Vehicle to Vehicle,Not at  Junction,Straight and flat,Sub Arterial,Bitumen(Tar),Dry,No influence on accident,Fine,Near Rajaratnam HMT Road,BMTC BUS Stop,30ft,0.0,0.0
Bengaluru City,Jalahalli Traffic PS,1.04432e+16,2020,1,2,Road Accidents,Bottleneck,City/Town,Open area,Human Error,No,Fatal,Vehicle to Vehicle,Not at  Junction,Straight and flat,Sub Arterial,Bitumen(Tar),Dry,No influence on accident,Fine,"Near Anjaneya Temple, IIHR Road, Near TB cross",Banian Tree,15ft,0.0,0.0
Bengaluru City,Jalahalli Traffic PS,1.04432e+16,2020,1,1,Road Accidents,Bottleneck,City/Town,Open area,Human Error,No,Simple Injury,Hit pedestrian,Not at  Junction,Straight and flat,Sub Arterial,Bitumen(Tar),Dry,No influence on accident,Fine,Near ganesha Temple chikkabanvara,No Parking Bord,15ft,13.0840619,77.4992993
Bengaluru City,Jalahalli Traffic PS,1.04432e+16,2020,1,1,Road Accidents,Bottleneck,City/Town,Open area,Human Error,No,Simple Injury,Hit pedestrian,Not at  Junction,Straight and flat,Sub Arterial,Bitumen(Tar),Dry,No influence on accident,Fine,"Near Somashettyhalli colony mori, Chikkabanavara",Electric Pole,15ft,0.0,0.0
Bengaluru City,Jalahalli Traffic PS,1.04432e+16,2020,1,2,Road Accidents,Bottleneck,City/Town,Open area,Human Error,Yes,Fatal,Vehicle to Vehicle,Not at  Junction,Straight and flat,Sub Arterial,Bitumen(Tar),Dry,No influence on accident,Fine,Byaladakere near  U trun dabha,Tree,17ft,0.0,0.0
Bengaluru City,Jalahalli Traffic PS,1.04432e+16,2020,1,2,Road Accidents,Bottleneck,City/Town,Open area,Human Error,No,Simple Injury,Vehicle to Vehicle,Not at  Junction,Straight and flat,Sub Arterial,Bitumen(Tar),Dry,No influence on accident,Fine,"Near Vishal Nivas, Mutyalanagar 1st main road, Mutyalanagara Bengaluru City",Electric pole,8ft,13.0416331,77.5540283
Bengaluru City,Jalahalli Traffic PS,1.04432e+16,2020,1,2,Road Accidents,Bottleneck,City/Town,Open area,Human Error,No,Simple Injury,Vehicle to Vehicle,Not at  Junction,Straight and flat,Sub Arterial,Bitumen(Tar),Dry,No influence on accident,Fine,"Near BEL U Trun, MES Ring Road, Jalahalli",e,1,13.043975,77.554673
Bengaluru City,Jalahalli Traffic PS,1.04432e+16,2020,1,2,Road Accidents,Bottleneck,City/Town,Open area,Human Error,No,Simple Injury,Vehicle to Vehicle,Police / Manual,Straight and flat,Sub Arterial,Bitumen(Tar),Dry,No influence on accident,Fine,MES Ring road BEL U turn,No entry Bord pole,40ft,0.0,0.0
Bengaluru City,Jalahalli Traffic PS,1.04432e+16,2020,1,1,Road Accidents,Bottleneck,City/Town,Open area,Human Error,No,Simple Injury,Not Applicable,Not at  Junction,Straight and flat,Sub Arterial,Bitumen(Tar),Dry,No influence on accident,Fine,Near Devegowda bus stop Hesaraghatta Main road,Electric pole,10ft,0.0,0.0
Bengaluru City,Jalahalli Traffic PS,1.04432e+16,2020,1,2,Road Accidents,Bottleneck,City/Town,Open area,Human Error,No,Fatal,Vehicle to Vehicle,Not at  Junction,Straight and flat,Sub Arterial,Bitumen(Tar),Dry,No influence on accident,Fine,Near raja lakshmi Hospital Lakshmipura Main road,Electric Pole,5ft,0.0,0.0
Bengaluru City,Jalahalli Traffic PS,1.04432e+16,2020,1,1,Road Accidents,Bottleneck,City/Town,Open area,Human Error,No,Grievous Injury,Vehicle to Vehicle,Not at  Junction,Straight and flat,Sub Arterial,Bitumen(Tar),Dry,No influence on accident,Fine,Kuvempu Circle Service Road Near Nalanda office,Electric pole,30ft,0.0,0.0
Bengaluru City,Jalahalli Traffic PS,1.04432e+16,2020,1,1,Road Accidents,Bottleneck,City/Town,Open area,Human Error,Yes,Fatal,Hit pedestrian,Not at  Junction,Straight and flat,Sub Arterial,Bitumen(Tar),Dry,No influence on accident,Fine,Dwarakanagara Cross Near JP Ply wood Chikkabanavara,Electric Pole,50 ft,0.0,0.0
Bengaluru City,Jalahalli Traffic PS,1.04432e+16,2020,1,2,Road Accidents,Bottleneck,City/Town,Open area,Human Error,No,Simple Injury,Vehicle to Vehicle,Not at  Junction,Straight and flat,Sub Arterial,Bitumen(Tar),Dry,No influence on accident,Fine,"Near K V School, Air force East Gate",electric pole,30ft,13.064806,77.544191
Bengaluru City,Jalahalli Traffic PS,1.04432e+16,2020,1,2,Road Accidents,Bottleneck,City/Town,Open area,Human Error,No,Simple Injury,Vehicle to Vehicle,Not at  Junction,Straight and flat,Sub Arterial,Bitumen(Tar),Dry,No influence on accident,Fine,Near TB cross Hesaraghatta main road,aRUN BAR and restorent,30ft,0.0,0.0
Bengaluru City,Jalahalli Traffic PS,1.04432e+16,2020,1,2,Road Accidents,Bottleneck,City/Town,Open area,Human Error,No,Fatal,Vehicle to Vehicle,Not at  Junction,Straight and flat,Sub Arterial,Bitumen(Tar),Dry,No influence on accident,Fine,Hesaraghatta Main road  chikkabanavara Railway Station,Electric Pole,10,0.0,0.0
Bengaluru City,Jalahalli Traffic PS,1.04432e+16,2020,1,2,Road Accidents,Circle,City/Town,Open area,Human Error,No,Simple Injury,Vehicle to Vehicle,Not at  Junction,Straight and flat,Sub Arterial,Bitumen(Tar),Dry,No influence on accident,Fine,"Near BEL Circle, HMT Main road Rajaratnam Circle",electric pole,30ft,0.0,0.0
Bengaluru City,Jalahalli Traffic PS,1.04432e+16,2020,1,2,Road Accidents,Bottleneck,City/Town,Near a factory industrial area,Human Error,No,Simple Injury,Vehicle to Vehicle,Not at  Junction,Straight and flat,Sub Arterial,Bitumen(Tar),Dry,No influence on accident,Fine,Near Bel Ground Jalahalli,Direction Bord,15ft,0.0,0.0
Bengaluru City,Jalahalli Traffic PS,1.04432e+16,2020,1,2,Road Accidents,Bottleneck,City/Town,Open area,Human Error,Yes,Fatal,Vehicle to Vehicle,Not at  Junction,Straight and flat,Sub Arterial,Bitumen(Tar),Dry,No influence on accident,Fine,"Near U turn Dhaba, Byaladakere Main , Byaladakere,",Electric pole,12ft,13.1058371,77.5280662