DISTRICTNAME,UNITNAME,Crime_No,Year,RI,Noofvehicle_involved,Accident_Classification,Accident_Spot,Accident_Location,Accident_SubLocation,Main_Cause,Hit_Run,Severity,Collision_Type,Junction_Control,Road_Character,Road_Type,Surface_Type,Surface_Condition,Road_Condition,Weather,Accident_Road,Landmark_first,Distance_LandMark_First,Latitude,Longitude
Bengaluru City,Jalahalli Traffic PS,1.04432e+16,2021,1,2,Road Accidents,Bottleneck,City/Town,Open area,Human Error,No,Fatal,Vehicle to Vehicle,Not at  Junction,Straight and flat,Sub Arterial,Bitumen(Tar),Dry,No influence on accident,Fine,Near Kuvempu Circle Service Road Upramp,Electric pole,24ft,13.04426866,77.5625768
Bengaluru City,Jalahalli Traffic PS,1.04432e+16,2021,1,2,Rail Road Accidents,Bottleneck,City/Town,Open area,Human Error,No,Grievous Injury,Vehicle to Vehicle,Not at  Junction,Straight and flat,Sub Arterial,Bitumen(Tar),Dry,No influence on accident,Fine,"Near Muneshwara and Basavanna Temple, Hesaraghatta main road",Electric pole,15ft,13.138738,77.454701
Bengaluru City,Jalahalli Traffic PS,1.04432e+16,2021,1,2,Road Accidents,Bottleneck,City/Town,Open area,Human Error,No,Grievous Injury,Vehicle to Vehicle,Not at  Junction,Straight and flat,Sub Arterial,Bitumen(Tar),Dry,No influence on accident,Fine,"IIHR Road, Near IIHR Office Ivarakandapura Chikkabanvara",Electric pole,15ft,0.0,0.0
Bengaluru City,Jalahalli Traffic PS,1.04432e+16,2021,1,1,Road Accidents,Cross roads,City/Town,Near Hospital,Human Error,Yes,Fatal,Hit pedestrian,Not at  Junction,Straight and flat,Sub Arterial,Bitumen(Tar),Dry,No influence on accident,Fine,"NRR Hospital Opp, Hesaraghatta main road",Electric pole,10ft,13.0726429,77.5033007
Bengaluru City,Jalahalli Traffic PS,1.04432e+16,2021,1,2,Road Accidents,Bottleneck,City/Town,Open area,Human Error,No,Grievous Injury,Vehicle to Vehicle,Not at  Junction,Straight and flat,Sub Arterial,Bitumen(Tar),Dry,No influence on accident,Fine,"Near Khata nagara, SM Road, Kamagondanahalli, Bengaluru",Electric pole,45ft,13.0541956,77.5321003
Bengaluru City,Jalahalli Traffic PS,1.04432e+16,2021,1,1,Road Accidents,Bottleneck,City/Town,Open area,Human Error,No,Damage Only,Not Applicable,Not at  Junction,Curve,Sub Arterial,Bitumen(Tar),Dry,No influence on accident,Fine,HMT Main road HMT Hospital Bus Stop Jalahalli,Electric pole,25ft,13.048862,77.550763
Bengaluru City,Jalahalli Traffic PS,1.04432e+16,2021,1,2,Road Accidents,Bottleneck,City/Town,Narrow bridge or culverts,Human Error,No,Simple Injury,Vehicle to Vehicle,Not at  Junction,Straight and flat,Sub Arterial,Bitumen(Tar),Dry,No influence on accident,Fine,mutyalanagar railway bridge jalahalli,Electric pole,20ft,13.040873,77.54497
Bengaluru City,Jalahalli Traffic PS,1.04432e+16,2021,1,1,Road Accidents,Bottleneck,City/Town,Open area,Human Error,Yes,Simple Injury,Hit pedestrian,Not at  Junction,Straight and flat,Sub Arterial,Bitumen(Tar),Dry,No influence on accident,Fine,"ABBIGERE FOREST ROAD, Near SM Road jalahalli",Electric pole,15ft,13.05527,77.542807
Bengaluru City,Jalahalli Traffic PS,1.04432e+16,2021,1,2,Road Accidents,Bottleneck,City/Town,Open area,Human Error,No,Grievous Injury,Vehicle to Vehicle,Not at  Junction,Straight and flat,Sub Arterial,Bitumen(Tar),Dry,No influence on accident,Fine,"Near Gramapanchayati Office, Chikkabanavara",Electric pole,29ft,0.0,0.0
Bengaluru City,Jalahalli Traffic PS,1.04432e+16,2021,1,2,Road Accidents,Bottleneck,City/Town,Open area,Human Error,Yes,Grievous Injury,Vehicle to Vehicle,Not at  Junction,Straight and flat,Sub Arterial,Bitumen(Tar),Dry,No influence on accident,Fine,"BEL Bus Stop, HMT Main Road",Traffic Direction Bord,40ft,13.046232,77.555973
Bengaluru City,Jalahalli Traffic PS,1.04432e+16,2021,1,1,Road Accidents,Bottleneck,City/Town,Open area,Human Error,No,Grievous Injury,Hit pedestrian,Not at  Junction,Straight and flat,Sub Arterial,Bitumen(Tar),Dry,No influence on accident,Fine,"Oppo SKB Motores, Ganapathi nagara, Chikkabanvara",Electric pole,1,0.0,0.0
Bengaluru City,Jalahalli Traffic PS,1.04432e+16,2021,1,2,Road Accidents,Bottleneck,City/Town,Open area,Human Error,No,Grievous Injury,Vehicle to Vehicle,Not at  Junction,Others,Sub Arterial,Bitumen(Tar),Dry,No influence on accident,Fine,Air Force West Jalahalli,Electric pole,15ft,0.0,0.0
Bengaluru City,Jalahalli Traffic PS,1.04432e+16,2021,1,2,Road Accidents,Bottleneck,City/Town,Open area,Human Error,No,Fatal,Vehicle to Vehicle,Not at  Junction,Straight and flat,Sub Arterial,Bitumen(Tar),Dry,No influence on accident,Fine,"Near Sri Giri kalyana mantapa, Soladevanahalli",Railway Electric Pole,45ft,13.097154,77.484604
Bengaluru City,Jalahalli Traffic PS,1.04432e+16,2021,1,2,Road Accidents,Bottleneck,City/Town,Open area,Human Error,No,Simple Injury,Vehicle to Vehicle,Not at  Junction,Straight and flat,Sub Arterial,Bitumen(Tar),Dry,No influence on accident,Fine,"Oppo KKB Car Garage, Hesararghatta main road, Chikkabanvara, bangaluru",Electric pole,15ft,13.0850446,77.4987539
Bengaluru City,Jalahalli Traffic PS,1.04432e+16,2021,1,2,Road Accidents,Bottleneck,City/Town,Open area,Human Error,No,Grievous Injury,Vehicle to Vehicle,Not at  Junction,Straight and flat,Sub Arterial,Bitumen(Tar),Dry,No influence on accident,Fine,Tarabanahalli Hesaraghatta main road Bengaluru,Electric pole,30ft,13.104707,77.478439
Bengaluru City,Jalahalli Traffic PS,1.04432e+16,2021,1,2,Road Accidents,Bottleneck,City/Town,Open area,Human Error,No,Damage Only,Vehicle to Vehicle,Not at  Junction,Straight and flat,Sub Arterial,Bitumen(Tar),Dry,No influence on accident,Fine,"Near Air Force bus Stop, Gangamma gudi Jalahalli",Electric pole,15ft,13.0656536,77.5449245
Bengaluru City,Jalahalli Traffic PS,1.04432e+16,2021,1,2,Road Accidents,Bottleneck,City/Town,Open area,Human Error,Yes,Grievous Injury,Vehicle to Vehicle,Not at  Junction,Straight and flat,Sub Arterial,Bitumen(Tar),Dry,No influence on accident,Fine,"Opp indian Petrol bank, HMT Main road, jalahalli",Electric pole,15ft,13.0492782,77.546755
Bengaluru City,Jalahalli Traffic PS,1.04432e+16,2021,1,2,Road Accidents,Bottleneck,City/Town,Open area,Human Error,No,Grievous Injury,Vehicle to Vehicle,Not at  Junction,Straight and flat,Sub Arterial,Bitumen(Tar),Dry,No influence on accident,Fine,"Near BEL Uteun, MES Ring Road jalahalli",Electric pole,30ft,0.0,0.0
Bengaluru City,Jalahalli Traffic PS,1.04432e+16,2021,1,3,Road Accidents,Bottleneck,City/Town,Open area,Human Error,No,Damage Only,Vehicle to Vehicle,Not at  Junction,Straight and flat,Sub Arterial,Bitumen(Tar),Dry,No influence on accident,Fine,"Near Vijaya Sri Convention hall, chikkasandra, Hesaraghatta main road",Electric pole,15ft,13.070475,77.503921
Bengaluru City,Jalahalli Traffic PS,1.04432e+16,2021,1,1,Road Accidents,Bottleneck,City/Town,Open area,Human Error,No,Fatal,Not Applicable,Not at  Junction,Straight and flat,Sub Arterial,Bitumen(Tar),Dry,No influence on accident,Fine,"Near Danish Forem, Hesaraghatta",Electric pole,15ft,13.168544,77.483485
Bengaluru City,Jalahalli Traffic PS,1.04432e+16,2021,1,2,Not Applicable,Bottleneck,City/Town,Open area,Human Error,No,Simple Injury,Vehicle to Vehicle,Not at  Junction,Straight and flat,Sub Arterial,Bitumen(Tar),Dry,No influence on accident,Fine,Abbigere Main road,Electric pole,33ft,13.10770552,77.51732039
Bengaluru City,Jalahalli Traffic PS,1.04432e+16,2021,1,2,Road Accidents,Bottleneck,City/Town,Narrow bridge or culverts,Human Error,Yes,Fatal,Vehicle to Vehicle,Not at  Junction,Straight and flat,One way,Concrete,Dry,No influence on accident,Fine,"Near Benaka Chowtri, Hearaghatta main road",Electric pole,15ft,13.040873,77.54497
Bengaluru City,Jalahalli Traffic PS,1.04432e+16,2021,1,2,Road Accidents,Bottleneck,City/Town,Open area,Human Error,No,Grievous Injury,Vehicle to Vehicle,Not at  Junction,Straight and flat,Sub Arterial,Bitumen(Tar),Dry,No influence on accident,Fine,Near dyanish Form Byata Road Hesaghatta,Electric Transformar,40ft,13.182735,77.484373
Bengaluru City,Jalahalli Traffic PS,1.04432e+16,2021,1,2,Road Accidents,Bottleneck,City/Town,Open area,Not Applicable,No,Grievous Injury,Vehicle to Vehicle,Not at  Junction,Straight and flat,Sub Arterial,Bitumen(Tar),Dry,No influence on accident,Fine,"Papareddy Palya, Somashettyhalli, chikkabanavara",Electric pole,15ft,0.0,0.0
Bengaluru City,Jalahalli Traffic PS,1.04432e+16,2021,1,1,Road Accidents,Bottleneck,City/Town,Open area,Human Error,No,Grievous Injury,Not Applicable,Not at  Junction,Straight and flat,Sub Arterial,Bitumen(Tar),Dry,No influence on accident,Fine,"Near Matkuru villege, Hesaraghatta Hobali Bengaluru",Electric pole,45ft,13.1521799,77.5061383
Bengaluru City,Jalahalli Traffic PS,1.04432e+16,2021,1,2,Road Accidents,Bottleneck,City/Town,Open area,Human Error,No,Fatal,Vehicle to Vehicle,Not at  Junction,Straight and flat,Sub Arterial,Bitumen(Tar),Dry,No influence on accident,Fine,"Opposite 8th and 9th iihr Gate, Ivarakandapura Road",Tree,15ft,13.141315,77.49971
Bengaluru City,Jalahalli Traffic PS,1.04432e+16,2021,1,1,Road Accidents,Bottleneck,City/Town,Open area,Human Error,No,Grievous Injury,Not Applicable,Not at  Junction,Straight and flat,Sub Arterial,Bitumen(Tar),Dry,No influence on accident,Fine,"Near Dwarakanagara Cross, Chikkabanavara Bengaluru-560090",Electric pole,35ft,13.08711,77.495953
Bengaluru City,Jalahalli Traffic PS,1.04432e+16,2022,1,2,Road Accidents,Bottleneck,City/Town,Open area,Human Error,No,Grievous Injury,Vehicle to Vehicle,Not at  Junction,Straight and flat,Sub Arterial,Bitumen(Tar),Dry,No influence on accident,Fine,"Near BEL Circle, HMT Main Road Jalahalli",Electric pole,6ft,13.04609,77.55592
Bengaluru City,Jalahalli Traffic PS,1.04432e+16,2022,1,1,Road Accidents,Bottleneck,City/Town,Open area,Human Error,No,Grievous Injury,Hit pedestrian,Not at  Junction,Straight and flat,Sub Arterial,Bitumen(Tar),Dry,No influence on accident,Fine,"Near 24 7 Gareg, Chikkabanavar, Hesaraghatta Main Road",Electric pole,10 ft,13.06118,77.50877
Bengaluru City,Jalahalli Traffic PS,1.04432e+16,2022,1,2,Road Accidents,Bottleneck,City/Town,Near or inside a village,Not Applicable,No,Grievous Injury,Vehicle to Vehicle,Not at  Junction,Straight and flat,Others,Bitumen(Tar),Dry,Not Applicable,Fine,Sandeep Unnikristan road,electric pole,9ft,13.0555,77.5481
Bengaluru City,Jalahalli Traffic PS,1.04432e+16,2022,1,2,Road Accidents,Narrow road,City/Town,Residential area,Not Applicable,No,Grievous Injury,Vehicle to Vehicle,Not at  Junction,Straight and flat,Forest Road,Bitumen(Tar),Dry,Not Applicable,Clear,"KUVEMPU MAIN ROAD, 1ST CROSS, NAIDU LAOYUT",LIGHT POLCE,37ft,13.0659,77.5434
Bengaluru City,Jalahalli Traffic PS,1.04432e+16,2022,1,2,Road Accidents,Cross roads,City/Town,Near School or College,Human Error,No,Grievous Injury,Vehicle to Vehicle,Uncontrolled,Straight and flat,Others,Bitumen(Tar),Dry,No influence on accident,Fine,Near Appu Biriyani Hotel St Claret College Jalahalli Village,Mango Tree,28 fee,0.0,0.0
Bengaluru City,Jalahalli Traffic PS,1.04432e+16,2022,1,1,Road Accidents,Curves,Rural Areas,Open area,Human Error,No,Fatal,Not Applicable,Give way sign,Curve,Others,Bitumen(Tar),Dry,Not Applicable,Clear,NEAR RANGEGOWDAFARM HOUSE NRUTHYAGRAMA VILLAGE NEAR GOWDIA MATT HESARUGHATTA BANGALORE NORTH,MEADIAM SIZE TREE,35,13.16035,77.4609
Bengaluru City,Jalahalli Traffic PS,1.04432e+16,2022,1,1,Road Accidents,Bottleneck,City/Town,Near School or College,Human Error,Yes,Simple Injury,Hit pedestrian,Not at  Junction,Straight and flat,Others,Bitumen(Tar),Dry,No influence on accident,Fine,"Near K. V School, Airforce East Road, Jalahalli East",Electric pole,0,13.06992,77.54486
Bengaluru City,Jalahalli Traffic PS,1.04432e+16,2022,1,1,Road Accidents,Cross roads,City/Town,Residential area,Not Applicable,No,Fatal,Hit pedestrian,Not at  Junction,Straight and flat,Residential Street,Bitumen(Tar),Dry,Not Applicable,Fine,"KUVEMPU MAIN ROAD, 1ST CROSS, NAIDU LAOYUT",KUVEMPUNAGARA MAIN ROAD,5KM,0.0,0.0
Bengaluru City,Jalahalli Traffic PS,1.04432e+16,2022,1,2,Road Accidents,Narrow road,City/Town,Residential area,Human Error,No,Grievous Injury,Vehicle to Vehicle,Not at  Junction,Straight and flat,Residential Street,Bitumen(Tar),Wet,Not Applicable,Clear,"NEAR PRESTIGE GROUP APPARTMETN, HMT WATCH FACTORY LOAD",ELECTRIC POLE,25ft,13.049049,77.548418
Bengaluru City,Jalahalli Traffic PS,1.04432e+16,2022,1,2,Road Accidents,Narrow road,City/Town,Residential area,Not Applicable,No,Grievous Injury,Vehicle to Vehicle,Not at  Junction,Straight and flat,Minor District Road,Bitumen(Tar),Dry,Not Applicable,Clear,"Near Balamuri Ganpati Temple, Chikkabanavra, Hesargahatta Main Road, Bengaluru",LIGHT POLE,29FT,13.07976,77.505407
Bengaluru City,Jalahalli Traffic PS,1.04432e+16,2022,1,1,Road Accidents,Narrow road,City/Town,Residential area,Not Applicable,No,Grievous Injury,Hit pedestrian,Not at  Junction,Straight and flat,Arterial,Bitumen(Tar),Dry,Not Applicable,Clear,"near kc ashok house, raghavendra layout, kammagondanahalli",LIGHT POLCE,10ft,0.0,0.0
Bengaluru City,Jalahalli Traffic PS,1.04432e+16,2022,1,2,Road Accidents,Bottleneck,City/Town,Open area,Human Error,No,Grievous Injury,Vehicle to Vehicle,Not at  Junction,Straight and flat,Others,Bitumen(Tar),Dry,No influence on accident,Fine,"Near Oil Petrol Bunk,  HMT Quaters Road, Jalahalli",Electric pole,15ft,13.04875,77.54647
Bengaluru City,Jalahalli Traffic PS,1.04432e+16,2022,1,2,Road Accidents,Narrow road,City/Town,Near a factory industrial area,Not Applicable,Not Applicable,Grievous Injury,Vehicle to Vehicle,Not at  Junction,Straight and flat,Residential Street,Bitumen(Tar),Dry,Not Applicable,Clear,"ABBIGERE MAIN ROAD, 7 TH CROSS, B.T.KRISHNAPPA LAYOUT",LIGHT POLE,12ft,13.07572,77.53011
Bengaluru City,Jalahalli Traffic PS,1.04432e+16,2022,1,2,Road Accidents,Not Applicable,City/Town,Near Bus stop,Human Error,Yes,Grievous Injury,Vehicle to Vehicle,No signal lights,Not Applicable,Others,Bitumen(Tar),Ditch or Potholed,No influence on accident,Cloudy,Near HMT musuem Ramachandrapura cross HMT Main rd,light pole,8,0.0,0.0
Bengaluru City,Jalahalli Traffic PS,1.04432e+16,2022,1,2,Road Accidents,Bottleneck,City/Town,Open area,Human Error,No,Damage Only,Vehicle to Vehicle,Not at  Junction,Straight and flat,Sub Arterial,Bitumen(Tar),Dry,No influence on accident,Fine,"Near Bhaskar Wines Mutyalanagara, MES Ring Road, Jalahalli",Electric pole,35ft,13.046028,77.538094
Bengaluru City,Jalahalli Traffic PS,1.04432e+16,2022,1,1,Road Accidents,Junction,City/Town,Near Hospital,Not Applicable,Yes,Grievous Injury,Hit pedestrian,Not Applicable,Straight and flat,State Highway,Bitumen(Tar),Dry,Not Applicable,Fine,Hesaragatta Main Road,Electric pole,26ft,0.0,0.0
Bengaluru City,Jalahalli Traffic PS,1.04432e+16,2022,1,1,Road Accidents,Narrow road,City/Town,Near or inside a village,Not Applicable,No,Grievous Injury,Hit pedestrian,Not at  Junction,Straight and flat,Sub Arterial,Concrete,Dry,Not Applicable,Clear,"NEAR BHAVYA  LADIES TAILOR, DWARAKANAGARA",LIGHT POLCE,25FT,13.087,77.4989
Bengaluru City,Jalahalli Traffic PS,1.04432e+16,2022,1,1,Road Accidents,Bottleneck,City/Town,Open area,Human Error,Yes,Grievous Injury,Hit pedestrian,Not at  Junction,Straight and flat,State Highway,Bitumen(Tar),Dry,No influence on accident,Fine,"Near Indian Oile Petrol Bunk, Hesaraghatta",Electric Pole,15ft,13.136655,77.48102
Bengaluru City,Jalahalli Traffic PS,1.04432e+16,2022,1,1,Road Accidents,Narrow road,Rural Areas,Open area,Not Applicable,No,Grievous Injury,Hit pedestrian,Uncontrolled,Straight and flat,Minor District Road,Bitumen(Tar),Dry,Not Applicable,Clear,"DODDABYALADAKERE ROAD, NEAR UTURN PARADISE DHABA NEAR",LIGHT POLE,12,13.10577,77.56826
Bengaluru City,Jalahalli Traffic PS,1.04432e+16,2022,1,1,Road Accidents,Bottleneck,City/Town,Open area,Human Error,No,Grievous Injury,Not Applicable,Not at  Junction,Straight and flat,Sub Arterial,Bitumen(Tar),Dry,No influence on accident,Fine,Adarsha Film Instutitue Hesaraghatta,Electric Pole,15ft,13.15724,77.470454
Bengaluru City,Jalahalli Traffic PS,1.04432e+16,2022,1,2,Road Accidents,Bottleneck,City/Town,Open area,Human Error,No,Damage Only,Vehicle to Vehicle,Not at  Junction,Straight and flat,Sub Arterial,Bitumen(Tar),Dry,No influence on accident,Fine,"1st Main Road, Sahradhamba Nagar , Jalahalli",Electric pole,10ft,0.0,0.0
Bengaluru City,Jalahalli Traffic PS,1.04432e+16,2022,1,2,Road Accidents,Bottleneck,City/Town,Open area,Human Error,No,Grievous Injury,Vehicle to Vehicle,Not at  Junction,Straight and flat,Sub Arterial,Bitumen(Tar),Dry,No influence on accident,Fine,"MES Ring Road,Guraguntya Palya Towards Hebbal",Electric pole,30 ft,0.0,0.0
Bengaluru City,Jalahalli Traffic PS,1.04432e+16,2022,1,2,Road Accidents,Narrow road,City/Town,Residential area,Not Applicable,No,Grievous Injury,Vehicle to Vehicle,Not at  Junction,Straight and flat,Residential Street,Bitumen(Tar),Dry,Not Applicable,Clear,"near soundarya gardeniya appartment, ramachandrapura main raod, pipe line road",LIGHT POLE,07ft,13.0492,77.5501
Bengaluru City,Jalahalli Traffic PS,1.04432e+16,2022,1,2,Road Accidents,Curves,City/Town,Narrow bridge or culverts,Not Applicable,Yes,Fatal,Vehicle to Vehicle,Not at  Junction,Slight Curve,Major District Road,Bitumen(Tar),Dry,Not Applicable,Clear,MES Ring road Mutyalanagara junction,LIGHT POLE,20ft,0.0,0.0
Bengaluru City,Jalahalli Traffic PS,1.04432e+16,2022,1,2,Road Accidents,Bottleneck,City/Town,Open area,Human Error,No,Grievous Injury,Vehicle to Vehicle,Not at  Junction,Straight and flat,Sub Arterial,Bitumen(Tar),Dry,No influence on accident,Fine,Hesaraghatta main road IIHR office,Electric pole,15ft,0.0,0.0
Bengaluru City,Jalahalli Traffic PS,1.04432e+16,2022,1,1,Road Accidents,Bottleneck,City/Town,Open area,Human Error,No,Grievous Injury,Not Applicable,Not at  Junction,Straight and flat,Others,Bitumen(Tar),Dry,Not Applicable,Fine,"Near Rajalakshmi Hospital, Lakshmipur Main Road, Abbigere, Bengaluru city, karnataka",electric pole,8ft,13.08425,77.53091
Bengaluru City,Jalahalli Traffic PS,1.04432e+16,2022,1,1,Road Accidents,Bottleneck,City/Town,Open area,Human Error,Yes,Damage Only,Not Applicable,Not at  Junction,Straight and flat,Sub Arterial,Bitumen(Tar),Dry,No influence on accident,Fine,"Kammagondanhalli,Opposite SRS Building",Electric pole,35 ft,13.060642,77.531288
Bengaluru City,Jalahalli Traffic PS,1.04432e+16,2022,1,2,Road Accidents,Bottleneck,City/Town,Open area,Human Error,No,Grievous Injury,Vehicle to Vehicle,Not at  Junction,Straight and flat,Sub Arterial,Bitumen(Tar),Dry,No influence on accident,Flooding of Slipways/Rivulets,"Near U Trun Daba, Lakshmipura Main Road",Electric pole,13,13.105726,77.52859
Bengaluru City,Jalahalli Traffic PS,1.04432e+16,2022,1,1,Road Accidents,Bottleneck,City/Town,Near School or College,Human Error,No,Fatal,Hit bicyclist,Not at  Junction,Straight and flat,Sub Arterial,Bitumen(Tar),Dry,No influence on accident,Fine,"Near K. V School, Airforce East Road, Jalahalli East",Electric pole,10 ft,13.06530863,17.54415539
Bengaluru City,Jalahalli Traffic PS,1.04432e+16,2022,1,1,Road Accidents,Bottleneck,City/Town,Open area,Human Error,No,Grievous Injury,Hit pedestrian,Not at  Junction,Straight and flat,State Highway,Bitumen(Tar),Dry,No influence on accident,Fine,"Near Benaka Hospital, MES Ring Road, Mutyala Nagara  Jalahalli",Electric pole,15ft,13.043572,77.552653
Bengaluru City,Jalahalli Traffic PS,1.04432e+16,2022,1,1,Road Accidents,Narrow road,City/Town,Near Bus stop,Human Error,Not Applicable,Grievous Injury,Not Applicable,Signal lights Automatic,Not Applicable,Residential Street,Bitumen(Tar),Ditch or Potholed,Pot holed,Light Rain,NEAR GANGAMMA SIGNAL S M ROAD JALAHALLI BANGALORE,light pole,16,13.056791,77.547608
Bengaluru City,Jalahalli Traffic PS,1.04432e+16,2022,1,2,Road Accidents,Bottleneck,City/Town,Open area,Human Error,Yes,Grievous Injury,Vehicle to Vehicle,Not at  Junction,Straight and flat,Sub Arterial,Bitumen(Tar),Dry,No influence on accident,Fine,"Near Chikkabanavara , Ganigarahalli Main Road",Electric Pole,1,0.0,0.0
Bengaluru City,Jalahalli Traffic PS,1.04432e+16,2022,1,1,Road Accidents,Bottleneck,City/Town,Open area,Human Error,No,Grievous Injury,Hit pedestrian,Not at  Junction,Straight and flat,Sub Arterial,Bitumen(Tar),Dry,No influence on accident,Fine,Near Air force Compound Shettihalli Main road,Electric Pole,33ft,13.05772776,77.5220128
Bengaluru City,Jalahalli Traffic PS,1.04432e+16,2022,1,2,Road Accidents,Narrow road,City/Town,Residential area,Not Applicable,Not Applicable,Grievous Injury,Vehicle to Vehicle,Not at  Junction,Straight and flat,Residential Street,Bitumen(Tar),Dry,Not Applicable,Clear,"near go happy heper market, kereguddadahalli main road",LIGHT POLE,40ft,13.0753,77.517
Bengaluru City,Jalahalli Traffic PS,1.04432e+16,2022,1,2,Road Accidents,Curves,Rural Areas,Near School or College,Not Applicable,Not Applicable,Grievous Injury,Vehicle to Vehicle,Not at  Junction,Curve,Major District Road,Bitumen(Tar),Dry,Not Applicable,Clear,"kakolu main road, near ivarakandapura, hesaraghatta lake",light pole,27ft,0.0,0.0
Bengaluru City,Jalahalli Traffic PS,1.04432e+16,2022,1,1,Road Accidents,Bottleneck,City/Town,Open area,Human Error,No,Grievous Injury,Hit pedestrian,Not at  Junction,Straight and flat,Sub Arterial,Bitumen(Tar),Dry,No influence on accident,Fine,"Hurulichikkanahalli, Hesaraghatta main road",Electric pole,10 ft,0.0,0.0
Bengaluru City,Jalahalli Traffic PS,1.04432e+16,2022,1,3,Road Accidents,Bottleneck,City/Town,Open area,Human Error,Yes,Fatal,Vehicle to Vehicle,Not at  Junction,Straight and flat,State Highway,Bitumen(Tar),Dry,No influence on accident,Fine,"Near Balamuri Ganpati Temple, Chikkabanavra, Hesargahatta Main Road, Bengaluru",Electric pole,8ft,13.083951,77.499476
Bengaluru City,Jalahalli Traffic PS,1.04432e+16,2022,1,1,Road Accidents,Bottleneck,City/Town,Near a religious place,Human Error,No,Grievous Injury,Not Applicable,Not at  Junction,Straight and flat,Sub Arterial,Bitumen(Tar),Dry,No influence on accident,Fine,S. M Road Near Ganagamma Circle,electric pole,12ft,13.05473319,77.54154607
Bengaluru City,Jalahalli Traffic PS,1.04432e+16,2022,1,1,Road Accidents,Bottleneck,City/Town,Open area,Human Error,No,Simple Injury,Hit pedestrian,Not at  Junction,Straight and flat,Others,Bitumen(Tar),Dry,No influence on accident,Fine,Kodagi Thirumalapura Main Road,Electric pole,25ft,13.1246737,77.4879589
Bengaluru City,Jalahalli Traffic PS,1.04432e+16,2022,1,1,Road Accidents,Narrow road,Rural Areas,Residential area,Not Applicable,No,Fatal,Not Applicable,Not at  Junction,Straight and flat,Residential Street,Bitumen(Tar),Dry,Not Applicable,Clear,"DODDABYALADAKERE ROAD, OPPOSITE U-TURN PARADISE DHABA",STREET LIGHT,15FT,13.10577,77.528665
Bengaluru City,Jalahalli Traffic PS,1.04432e+16,2022,1,2,Road Accidents,Narrow road,City/Town,Near Bus stop,Not Applicable,No,Fatal,Vehicle to Vehicle,Signal lights Automatic,Straight and flat,Major District Road,Bitumen(Tar),Dry,Not Applicable,Clear,"OPP SHOP RITE SUPERMARKET, NEAR GANGAMMA CIRCLE, AIRFORCE ROAD,JALAHALLI",LIGHT POLCE,47,0.0,0.0
Bengaluru City,Jalahalli Traffic PS,1.04432e+16,2022,1,1,Road Accidents,Bottleneck,City/Town,Open area,Human Error,No,Simple Injury,Not Applicable,Not at  Junction,Straight and flat,Sub Arterial,Bitumen(Tar),Dry,No influence on accident,Fine,"Near BEL Quatrus, HMT Main Road, Jalahalli Bengaluru City",Electric pole,20ft,13.04682675,77.55560943
Bengaluru City,Jalahalli Traffic PS,1.04432e+16,2022,1,2,Road Accidents,Bottleneck,City/Town,Open area,Human Error,No,Grievous Injury,Vehicle to Vehicle,Not at  Junction,Straight and flat,Sub Arterial,Bitumen(Tar),Dry,No influence on accident,Fine,"Near BEL Marcket, SBI ATM Jalahalli",Direction Bord,30ft,13.05172574,77.55200842
Bengaluru City,Jalahalli Traffic PS,1.04432e+16,2022,1,2,Road Accidents,Bottleneck,City/Town,Open area,Human Error,No,Grievous Injury,Vehicle to Vehicle,Not at  Junction,Straight and flat,Sub Arterial,Bitumen(Tar),Dry,No influence on accident,Fine,"Somashettiyalli Main Road, Guniagrahara",Electric pole,15ft,13.09293268,77.52642406
Bengaluru City,Jalahalli Traffic PS,1.04432e+16,2022,1,1,Road Accidents,Bottleneck,City/Town,Open area,Human Error,Yes,Grievous Injury,Hit pedestrian,Not at  Junction,Straight and flat,Others,Bitumen(Tar),Dry,No influence on accident,Fine,"Near Mosa Church, Siddhartha Nagara",Electric pole,50,0.0,0.0
Bengaluru City,Jalahalli Traffic PS,1.04432e+16,2022,1,1,Road Accidents,Narrow road,City/Town,Residential area,Human Error,No,Grievous Injury,Not Applicable,Not at  Junction,Straight and flat,Residential Street,Bitumen(Tar),Dry,Not Applicable,Clear,"NEAR DS MAX APPARTMENT, KEREGUDDADAHALLI",ligthpole,10FT,13.0801,77.5093
Bengaluru City,Jalahalli Traffic PS,1.04432e+16,2022,1,1,Road Accidents,Narrow road,City/Town,Residential area,Not Applicable,Yes,Simple Injury,Hit bicyclist,Not at  Junction,Straight and flat,Residential Street,Bitumen(Tar),Dry,Not Applicable,Clear,"near union bank, jalahalli village",union bank atm,25ft,0.0,0.0