DISTRICTNAME,UNITNAME,Crime_No,Year,RI,Noofvehicle_involved,Accident_Classification,Accident_Spot,Accident_Location,Accident_SubLocation,Main_Cause,Hit_Run,Severity,Collision_Type,Junction_Control,Road_Character,Road_Type,Surface_Type,Surface_Condition,Road_Condition,Weather,Accident_Road,Landmark_first,Distance_LandMark_First,Latitude,Longitude
Bengaluru City,Jalahalli Traffic PS,1.04432e+16,2022,1,1,Road Accidents,Narrow road,City/Town,Narrow bridge or culverts,Not Applicable,No,Grievous Injury,Hit pedestrian,Not at  Junction,Straight and flat,Residential Street,Bitumen(Tar),Dry,Not Applicable,Clear,"BEL-MATHIKERE MAIN ROAD, NEAR GOKULA BRIDGE",TRAFFICE SIGN BOARD,45FT,0.0,0.0
Bengaluru City,Jalahalli Traffic PS,1.04432e+16,2022,1,2,Road Accidents,Junction,City/Town,Near a factory industrial area,Not Applicable,No,Simple Injury,Vehicle to Vehicle,Signal lights Automatic,Straight and flat,State Highway,Bitumen(Tar),Dry,Pot holed,Clear,"KUVEMPU CIRCLE, NEAR BEL CIRCLE",CCTV POLE,38FT,13.0437,77.561
Bengaluru City,Jalahalli Traffic PS,1.04432e+16,2022,1,2,Road Accidents,Bottleneck,City/Town,Open area,Human Error,No,Grievous Injury,Vehicle to Vehicle,Not at  Junction,Straight and flat,State Highway,Bitumen(Tar),Dry,No influence on accident,Fine,"Near SLV Glass Plywood, Hesaraghatta Main Road, Soladevanahalli",Electric pole,15ft,13.096864,77.485183
Bengaluru City,Jalahalli Traffic PS,1.04432e+16,2022,1,1,Road Accidents,Bottleneck,City/Town,Near a factory industrial area,Human Error,No,Fatal,Not Applicable,Not at  Junction,Straight and flat,Sub Arterial,Bitumen(Tar),Dry,No influence on accident,Fine,H MT Watch Factory Road,e,0,13.03815069,77.5375231
Bengaluru City,Jalahalli Traffic PS,1.04432e+16,2022,1,2,Road Accidents,Bottleneck,City/Town,Open area,Human Error,No,Grievous Injury,Vehicle to Vehicle,Not at  Junction,Straight and flat,Sub Arterial,Bitumen(Tar),Dry,No influence on accident,Fine,Air Force West Jalahalli,Electric pole,25ft,13.0644261,77.5444523
Bengaluru City,Jalahalli Traffic PS,1.04432e+16,2022,1,2,Road Accidents,Bottleneck,City/Town,Residential area,Human Error,No,Simple Injury,Vehicle to Vehicle,Not Applicable,Straight and flat,Others,Bitumen(Tar),Dry,Not Applicable,Fine,HMT MIAN ROAD,ELECTRIC POLE,5FT,13.048775,77.5492286
Bengaluru City,Jalahalli Traffic PS,1.04432e+16,2022,1,2,Road Accidents,Narrow road,City/Town,Residential area,Not Applicable,No,Simple Injury,Vehicle to Vehicle,Not at  Junction,Straight and flat,Residential Street,Concrete,Dry,Not Applicable,Clear,BEL VISITING PARKING,ligthpole,20ft,0.0,0.0
Bengaluru City,Jalahalli Traffic PS,1.04432e+16,2022,1,2,Road Accidents,Junction,City/Town,Near a factory industrial area,Not Applicable,No,Grievous Injury,Vehicle to Vehicle,Not Applicable,Straight and flat,Major District Road,Bitumen(Tar),Dry,Not Applicable,Clear,"KUVEMPU CIRCLE, NEAR BEL CIRCLE",TRAFFIC POLICE CHOWKI,52FT,13.043067,77.552806
Bengaluru City,Jalahalli Traffic PS,1.04432e+16,2022,1,1,Road Accidents,Narrow road,City/Town,Residential area,Not Applicable,Not Applicable,Grievous Injury,Not Applicable,Not at  Junction,Straight and flat,Major District Road,Bitumen(Tar),Dry,Not Applicable,Clear,"Near 24 7 Gareg, Chikkabanavar, Hesaraghatta Main Road",tree,42ft,0.0,0.0
Bengaluru City,Jalahalli Traffic PS,1.04432e+16,2022,1,2,Road Accidents,Narrow road,City/Town,Near School or College,Not Applicable,No,Simple Injury,Vehicle to Vehicle,Not at  Junction,Straight and flat,Others,Bitumen(Tar),Dry,Not Applicable,Fine,"NEAR YASHASH VIDYA KENDRA, SOMASHETTYHALLI",LIGHT POLCE,22FT,0.0,0.0
Bengaluru City,Jalahalli Traffic PS,1.04432e+16,2022,1,1,Road Accidents,Narrow road,City/Town,Near Petrol Pump,Human Error,No,Fatal,Not Applicable,Controlled,Others,Major District Road,Bitumen(Tar),Dry,No influence on accident,Clear,underpass bel mes ring rd,trafffic sign board,15,0.0,0.0
Bengaluru City,Jalahalli Traffic PS,1.04432e+16,2022,1,1,Road Accidents,Narrow road,City/Town,Near office complex,Not Applicable,No,Fatal,Not Applicable,Not at  Junction,Straight and flat,Major District Road,Bitumen(Tar),Dry,Not Applicable,Clear,"NEAR AYYAPPA TEMPLE, MM PLAZA, ABBIGERE MAIN ROAD",LIGHT POLE,15,0.0,0.0
Bengaluru City,Jalahalli Traffic PS,1.04432e+16,2022,1,1,Road Accidents,Curves,Rural Areas,Open area,Not Applicable,No,Grievous Injury,Not Applicable,Not at  Junction,Curve,Major District Road,Bitumen(Tar),Dry,Not Applicable,Clear,"NEAR SAMPANGI RAMAIAH JAMINU THIRUVU, CHIKKABYALADAKERE",LIGHT POLE,49,13.119042,77.52305
Bengaluru City,Jalahalli Traffic PS,1.04432e+16,2022,1,2,Road Accidents,Bottleneck,City/Town,Open area,Human Error,No,Grievous Injury,Vehicle to Vehicle,Not at  Junction,Straight and flat,Sub Arterial,Bitumen(Tar),Dry,No influence on accident,Fine,SM Road Near Ariforce AFTC Gate,Electric Pole,12ft,13.049034,77.523854
Bengaluru City,Jalahalli Traffic PS,1.04432e+16,2022,1,1,Road Accidents,Narrow road,City/Town,Residential area,Not Applicable,No,Grievous Injury,Not Applicable,Not at  Junction,Straight and flat,Residential Street,Bitumen(Tar),Dry,Not Applicable,Clear,"NEAR ACHARYA CLG, ACHARYA CLG ROAD",TRANSFARMER 40 FT,40FT,13.087,77.4863
Bengaluru City,Jalahalli Traffic PS,1.04432e+16,2022,1,2,Road Accidents,Bottleneck,City/Town,Open area,Human Error,Yes,Grievous Injury,Vehicle to Vehicle,Not at  Junction,Straight and flat,Sub Arterial,Bitumen(Tar),Dry,No influence on accident,Fine,"Near Chikkabanvara Kere Near DS Max Appartment, Kereguddadahalli Main Road",Electric pole,25ft,0.0,0.0
Bengaluru City,Jalahalli Traffic PS,1.04432e+16,2022,1,2,Road Accidents,Bottleneck,City/Town,Near School or College,Human Error,Yes,Grievous Injury,Vehicle to Vehicle,Not at  Junction,Straight and flat,Sub Arterial,Bitumen(Tar),Dry,No influence on accident,Fine,Near KV School SM Road Jalahalli,Electric pole,10 ft,13.05444061,77.53770601
Bengaluru City,Jalahalli Traffic PS,1.04432e+16,2022,1,2,Road Accidents,Bottleneck,City/Town,Open area,Human Error,Yes,Grievous Injury,Vehicle to Vehicle,Not at  Junction,Straight and flat,Sub Arterial,Bitumen(Tar),Dry,No influence on accident,Fine,"Near Crista The King Convent School, Mavalipur Main Road, Doddabyaladakere",Electric Pole,15ft,0.0,0.0
Bengaluru City,Jalahalli Traffic PS,1.04432e+16,2022,1,1,Road Accidents,Bottleneck,City/Town,Open area,Human Error,No,Grievous Injury,Not Applicable,Not at  Junction,Straight and flat,Sub Arterial,Bitumen(Tar),Dry,No influence on accident,Fine,"Near Fishari Formar Byata Road, Hesaraghatta Hobali Bengaluru",Tree,15ft,0.0,0.0
Bengaluru City,Jalahalli Traffic PS,1.04432e+16,2022,1,1,Road Accidents,Bottleneck,City/Town,Open area,Human Error,No,Fatal,Not Applicable,Not at  Junction,Straight and flat,Sub Arterial,Bitumen(Tar),Dry,No influence on accident,Fine,"HMT Main ROad, Rajanatnamma Circle",Electric pole,0,12.04572007,77.55632171
Bengaluru City,Jalahalli Traffic PS,1.04432e+16,2022,1,2,Road Accidents,Bottleneck,City/Town,Residential area,Human Error,No,Damage Only,Vehicle to Vehicle,Not at  Junction,Straight and flat,Sub Arterial,Bitumen(Tar),Dry,No influence on accident,Fine,"Near Ashok House, Sharadambhanagara Jalahalli",Electric pole,15ft,0.0,0.0
Bengaluru City,Jalahalli Traffic PS,1.04432e+16,2022,1,1,Road Accidents,Narrow road,City/Town,Near office complex,Not Applicable,No,Grievous Injury,Not Applicable,Not at  Junction,Straight and flat,State Highway,Bitumen(Tar),Dry,Not Applicable,Clear,"nea lakshmi vilas bank, MES Ring road Mutyalanagara junction",LIGHT POLCE,15ft,13.04330527,77.55236098
Bengaluru City,Jalahalli Traffic PS,1.04432e+16,2022,1,1,Road Accidents,Bottleneck,City/Town,Open area,Human Error,No,Fatal,Not Applicable,Not at  Junction,Straight and flat,Sub Arterial,Bitumen(Tar),Dry,No influence on accident,Fine,"SM Road, Shettihalli cross Near  Air force Gate",Electric pole,15ft,0.0,0.0
Bengaluru City,Jalahalli Traffic PS,1.04432e+16,2022,1,1,Road Accidents,Narrow road,Rural Areas,Near office complex,Not Applicable,Not Applicable,Fatal,Not Applicable,Not at  Junction,Straight and flat,Residential Street,Bitumen(Tar),Dry,Not Applicable,Fine,IIHR MAIN ROAD,IIHR MAIN GETE,20 PT,0.0,0.0
Bengaluru City,Jalahalli Traffic PS,1.04432e+16,2022,1,2,Road Accidents,Narrow road,City/Town,Residential area,Not Applicable,Yes,Fatal,Vehicle to Vehicle,Not at  Junction,Straight and flat,Residential Street,Bitumen(Tar),Dry,Not Applicable,Clear,"hmt-bfw main road, hmt railway bridge",LIGHT POLE,45ft,0.0,0.0
Bengaluru City,Jalahalli Traffic PS,1.04432e+16,2022,1,1,Road Accidents,Narrow road,Rural Areas,Open area,Not Applicable,No,Fatal,Not Applicable,Not at  Junction,Straight and flat,Minor District Road,Bitumen(Tar),Dry,Not Applicable,Fine,"NEAR JD FARM, DODDABYALADAKERE-KASAGHATTAPURA MAIN ROAD",LIGHT POLCE,42,0.0,0.0
Bengaluru City,Jalahalli Traffic PS,1.04432e+16,2022,1,2,Road Accidents,Bottleneck,City/Town,Open area,Human Error,No,Grievous Injury,Vehicle to Vehicle,Not at  Junction,Straight and flat,Sub Arterial,Bitumen(Tar),Dry,No influence on accident,Fine,Chikkabanavara Lake Curevs,Electric pole,30ft,13.08019264,77.50901812
Bengaluru City,Jalahalli Traffic PS,1.04432e+16,2022,1,1,Road Accidents,Bottleneck,City/Town,Open area,Human Error,No,Damage Only,Not Applicable,Not at  Junction,Straight and flat,State Highway,Bitumen(Tar),Dry,No influence on accident,Fine,"Near Byata, Hesarghatta Main Road",tree,15ft,13.155279,77.473042
Bengaluru City,Jalahalli Traffic PS,1.04432e+16,2022,1,1,Road Accidents,Circle,City/Town,Open area,Human Error,No,Grievous Injury,Hit pedestrian,Signal lights Automatic,Straight and flat,Sub Arterial,Bitumen(Tar),Dry,No influence on accident,Fine,"Near BEL Circle, HMT Main Road Jalahalli",Electric pole,40,13.04572007,77.55632171
Bengaluru City,Jalahalli Traffic PS,1.04432e+16,2022,1,1,Road Accidents,Curves,Rural Areas,Open area,Not Applicable,No,Grievous Injury,Hit pedestrian,Not at  Junction,Curve,Major District Road,Bitumen(Tar),Dry,Not Applicable,Clear,"near suggi dhaba uralichikkanahalli, hesaraghatta main road,",tree,28ft,13.10782,77.48137
Bengaluru City,Jalahalli Traffic PS,1.04432e+16,2022,1,2,Road Accidents,Curves,Rural Areas,Open area,Not Applicable,No,Grievous Injury,Vehicle to Vehicle,Not Applicable,Curve,Mixed,Bitumen(Tar),Dry,Not Applicable,Fine,"NEAR RANGASWAMY THOTA, MATHKURU VILLAGE",LIGHT POLE,12FT,13.1596,77.5111
Bengaluru City,Jalahalli Traffic PS,1.04432e+16,2022,1,2,Road Accidents,Bottleneck,City/Town,Near Hospital,Not Applicable,No,Grievous Injury,Vehicle to Vehicle,Not Applicable,Straight and flat,State Highway,Bitumen(Tar),Dry,Not Applicable,Fine,KFC.FIZZA HUT OPP SAPTAGIRI HOSPITAL HESARAGHATTA MAIN ROAD,Electric pole,12FT,0.0,0.0
Bengaluru City,Jalahalli Traffic PS,1.04432e+16,2022,1,2,Road Accidents,Narrow road,Rural Areas,Near a factory industrial area,Not Applicable,No,Grievous Injury,Vehicle to Vehicle,Not at  Junction,Straight and flat,Two way,Bitumen(Tar),Dry,Not Applicable,Clear,NEAR HEATCON SESORS PVT LTD,Electric pole,15FT,0.0,0.0
Bengaluru City,Jalahalli Traffic PS,1.04432e+16,2023,1,1,Road Accidents,Narrow road,City/Town,Narrow bridge or culverts,Not Applicable,No,Grievous Injury,Hit pedestrian,Not at  Junction,Straight and flat,Two way,Bitumen(Tar),Dry,Not Applicable,Clear,"NEAR KUVEMPU UNDERPASS, KUVEMPU CIRCLE",LIGHT POLE,52,13.04444,77.55704
Bengaluru City,Jalahalli Traffic PS,1.04432e+16,2023,1,2,Road Accidents,Curves,Rural Areas,Open area,Human Error,No,Grievous Injury,Vehicle to Vehicle,Uncontrolled,Curve,Sub Arterial,Bitumen(Tar),Dry,Not Applicable,Fine,KERE KODI CHIKKABANAVARA TO GANIGARAHALLI VILLAGE,LIGHT POLE,18ft,13.087287,77.506879
Bengaluru City,Jalahalli Traffic PS,1.04432e+16,2023,1,3,Road Accidents,Not Applicable,City/Town,Near Bus stop,Human Error,No,Fatal,Vehicle to Vehicle,Not at  Junction,Straight and flat,State Highway,Bitumen(Tar),Dry,No influence on accident,Others,Opp SLV Glass Plywood & Hardware Shop Soladevanahalli Hesaraghatta Main Road,Tree,29ft,13.096874,77.48534
Bengaluru City,Jalahalli Traffic PS,1.04432e+16,2023,1,2,Road Accidents,Not Applicable,City/Town,Open area,Human Error,No,Simple Injury,Vehicle to Vehicle,Controlled,Others,Two way,Bitumen(Tar),Dry,No influence on accident,Clear,NEAR LAKSHMIPURA RD,LIGHT POLE,35,0.0,0.0
Bengaluru City,Jalahalli Traffic PS,1.04432e+16,2023,1,2,Road Accidents,Bottleneck,City/Town,Open area,Human Error,No,Simple Injury,Vehicle to Vehicle,Uncontrolled,Straight and flat,Sub Arterial,Bitumen(Tar),Ditch or Potholed,Not Applicable,Clear,NEAR ITIGE GOOD PIPE LINE ROAD KEMPAPURA,PRIVATE TOILET,39FT,0.0,0.0
Bengaluru City,Jalahalli Traffic PS,1.04432e+16,2023,1,1,Road Accidents,Bottleneck,City/Town,Open area,Human Error,No,Fatal,Not Applicable,Uncontrolled,Straight and flat,Sub Arterial,Bitumen(Tar),Dry,Not Applicable,Fine,NEAR PRESTIGE WELLINTON APRT NEAR GANGAMMA CIRCLE  SM ROAD,ELECTRICLE POLE,40FT,13.055954,77.545875
Bengaluru City,Jalahalli Traffic PS,1.04432e+16,2023,1,2,Road Accidents,Narrow road,City/Town,Near Bus stop,Human Error,No,Simple Injury,Vehicle to Vehicle,Controlled,Hump,Two way,Bitumen(Tar),Dry,No influence on accident,Others,NEAR BEL RD VIDYARANYAPURA MN RD BANGALORE,LIGHT POLE,32,13.004256,77.555124
Bengaluru City,Jalahalli Traffic PS,1.04432e+16,2023,1,2,Road Accidents,Junction,City/Town,Near office complex,Human Error,Not Applicable,Grievous Injury,Vehicle to Vehicle,No signal lights,Straight and flat,Others,Bitumen(Tar),Dry,Not Applicable,Fine,"NEAR NAGALAND CIRCLE, VIIDYARANYAPURA MAIN ROAD",SIGN BOARD,14FT,13.05311,77.554618
Bengaluru City,Jalahalli Traffic PS,1.04432e+16,2023,1,2,Road Accidents,Bottleneck,City/Town,Residential area,Human Error,Yes,Fatal,Vehicle to Vehicle,Uncontrolled,Straight and flat,Others,Bitumen(Tar),Others,Not Applicable,Fine,NEAR ADANAN COMPANY ACHARYA COLLAGE GANAPATHINAGRAA,ELECTRIC POLE,14FT,0.0,0.0
Bengaluru City,Jalahalli Traffic PS,1.04432e+16,2023,1,1,Road Accidents,Bottleneck,City/Town,Residential area,Human Error,No,Simple Injury,Hit pedestrian,Not at  Junction,Straight and flat,Sub Arterial,Bitumen(Tar),Dry,Not Applicable,Fine,ABBIGERE MAIN RAOD NEAR AYYAPPA BAKERY,ELECTRICL POLE,22FT,0.0,0.0
Bengaluru City,Jalahalli Traffic PS,1.04432e+16,2023,1,2,Road Accidents,Cross roads,Rural Areas,Near or inside a village,Human Error,Yes,Simple Injury,Vehicle to Vehicle,Not at  Junction,Straight and flat,Others,Bitumen(Tar),Dry,Not Applicable,Fine,"NITHINRAVARA THOTA, TARABANAHALLI SILUVEPURA MAIN ROAD, BANGALORE",ELECTRIC POLE,8FT,13.106823,77.483282
Bengaluru City,Jalahalli Traffic PS,1.04432e+16,2023,1,2,Road Accidents,Bottleneck,City/Town,Near office complex,Human Error,Not Applicable,Simple Injury,Vehicle to Vehicle,Not at  Junction,Straight and flat,Others,Bitumen(Tar),Dry,Not Applicable,Fine,"NEAR ELINKO COMPANY, HMT MAIN ROAD JALAHALLI BANGALORE",ELECTRIC POLE,31FT,13.038098,77.537818
Bengaluru City,Jalahalli Traffic PS,1.04432e+16,2023,1,1,Road Accidents,Bottleneck,City/Town,Near Bus stop,Human Error,Not Applicable,Fatal,Not Applicable,Not at  Junction,Straight and flat,Others,Bitumen(Tar),Dry,Not Applicable,Fine,"INFRONT OF PADMANABHAN STEEL SHOP, MEDARAHALLI ABBIGERE MAIN ROAD BANGALORE",ELECTRIC POLE,40FT,13.017778,77.518208
Bengaluru City,Jalahalli Traffic PS,1.04432e+16,2023,1,1,Road Accidents,Junction,City/Town,At pedestrian Crossing,Human Error,No,Grievous Injury,Hit pedestrian,Controlled,Others,Sub Arterial,Bitumen(Tar),Dry,No influence on accident,Clear,near akshay clinic ramachandrapura rd,NEAR CHAITHNYA CLINIC,5FT,13.057719,77.55045
Bengaluru City,Jalahalli Traffic PS,1.04432e+16,2023,1,2,Road Accidents,Narrow road,City/Town,Residential area,Not Applicable,No,Grievous Injury,Vehicle to Vehicle,Not at  Junction,Straight and flat,Sub Arterial,Bitumen(Tar),Dry,Not Applicable,Clear,"NEAR MARUTHI ELECTRICALS, PIPELINE ROAD",LIGHT POLE,18,0.0,0.0
Bengaluru City,Jalahalli Traffic PS,1.04432e+16,2023,1,2,Road Accidents,Circle,City/Town,Near office complex,Human Error,No,Fatal,Vehicle to Vehicle,Uncontrolled,Curve,State Highway,Bitumen(Tar),Dry,Not Applicable,Fine,NEAR HMT MAIN ROAD JALAHALLI,ELECTRIC POLE,28,0.0,0.0
Bengaluru City,Jalahalli Traffic PS,1.04432e+16,2023,1,1,Road Accidents,Bottleneck,City/Town,Open area,Human Error,No,Simple Injury,Not Applicable,Uncontrolled,Straight and flat,Two way,Bitumen(Tar),Dry,Not Applicable,Fine,NEAR SAMBHRAM BOYS HOSTEL MEDI AGRAHARA VILLAGE HESARAGATTA MAIN ROAD,ELECTRIC POLE,38,13.100279,77.531452
Bengaluru City,Jalahalli Traffic PS,1.04432e+16,2023,1,2,Road Accidents,Cross roads,City/Town,Near or inside a village,Human Error,Not Applicable,Damage Only,Vehicle to Vehicle,Not at  Junction,Curve,Others,Bitumen(Tar),Dry,Not Applicable,Fine,"NO 6, 3RD CROSS, SURYA ENCLAVE ABBIGERE",BAU HOUSE,16FT,0.0,0.0
Bengaluru City,Jalahalli Traffic PS,1.04432e+16,2023,1,2,Road Accidents,Circle,City/Town,Near Bus stop,Human Error,Yes,Simple Injury,Vehicle to Vehicle,Not at  Junction,Straight and flat,Others,Bitumen(Tar),Dry,Not Applicable,Fine,"NEAR NAGALAND CIRCLE, BEL COMPANY VIDYARANYAPURA MAIN ROAD",BUS STOP,98FT,13.059177,77.562004
Bengaluru City,Jalahalli Traffic PS,1.04432e+16,2023,1,2,Road Accidents,Narrow road,City/Town,Near office complex,Not Applicable,No,Grievous Injury,Vehicle to Vehicle,Not at  Junction,Straight and flat,Not Applicable,Bitumen(Tar),Dry,Not Applicable,Clear,"near bel post office, bel market, unnikrishnaroad",light pole,23,13.050653,77.552903
Bengaluru City,Jalahalli Traffic PS,1.04432e+16,2023,1,1,Road Accidents,Bottleneck,City/Town,Open area,Human Error,No,Simple Injury,Not Applicable,Uncontrolled,Straight and flat,Sub Arterial,Bitumen(Tar),Dry,Not Applicable,Fine,NEAR BEL UNDER PASS MES RING ROAD JALAHALLI,ELECTRIC POLE,14ft,0.0,0.0
Bengaluru City,Jalahalli Traffic PS,1.04432e+16,2023,1,2,Road Accidents,Bottleneck,City/Town,Open area,Human Error,Yes,Damage Only,Vehicle to Vehicle,Not at  Junction,Straight and flat,Sub Arterial,Bitumen(Tar),Dry,Not Applicable,Fine,MEDIAGRAHARA SMASHANA HESARAGHATTA MAIN ROAD,ELECTRIC POLE,27FT,13.099,77.5321
Bengaluru City,Jalahalli Traffic PS,1.04432e+16,2023,1,4,Road Accidents,Cross roads,Rural Areas,Residential area,Human Error,Not Applicable,Simple Injury,Vehicle to Vehicle,Uncontrolled,Others,State Highway,Bitumen(Tar),Dry,Not Applicable,Fine,NEAR SAI BAR SHOP THORE NAGASANDRA CROSS HESARAGHATTA MN ROAD,MEDIUN TREE,6FT,13.1103,77.4824
Bengaluru City,Jalahalli Traffic PS,1.04432e+16,2023,1,1,Rail Road Accidents,Bottleneck,City/Town,Near Bus stop,Human Error,Not Applicable,Fatal,Not Applicable,Not at  Junction,Straight and flat,Others,Bitumen(Tar),Dry,Not Applicable,Fine,MES RING ROAD,ELECTRIC POLE,8FT,13.042445,77.549194
Bengaluru City,Jalahalli Traffic PS,1.04432e+16,2023,1,1,Road Accidents,Bottleneck,City/Town,Near Bus stop,Human Error,Not Applicable,Grievous Injury,Hit pedestrian,Uncontrolled,Straight and flat,Others,Bitumen(Tar),Dry,Not Applicable,Fine,"NEAR BEL BUS STOP,VIDYARANYAPURA MAIN ROAD,JALAHALLI BANGALORE",BEL BUS STOP,38FT,13.04999,77.557106
Bengaluru City,Jalahalli Traffic PS,1.04432e+16,2023,1,2,Road Accidents,Bottleneck,City/Town,Near office complex,Human Error,Not Applicable,Grievous Injury,Vehicle to Vehicle,Not at  Junction,Straight and flat,Others,Bitumen(Tar),Dry,Not Applicable,Fine,"NEAR DOMESTIC AIRFORCE GATE,JALAHALLI WEST, S M ROAD, BANGALORE",ELECTRIC POLE,51FT,13.052477,77.529535
Bengaluru City,Jalahalli Traffic PS,1.04432e+16,2023,1,2,Road Accidents,Bottleneck,City/Town,Open area,Human Error,Not Applicable,Simple Injury,Vehicle to Vehicle,Not at  Junction,Straight and flat,Sub Arterial,Bitumen(Tar),Dry,Not Applicable,Fine,BEL UNDER PASS MES RING RAOD JALAHALLI,ELECTRICLE POLE,45FT,13.04383,77.56111
Bengaluru City,Jalahalli Traffic PS,1.04432e+16,2023,1,2,Road Accidents,Bottleneck,Rural Areas,Open area,Human Error,No,Simple Injury,Vehicle to Vehicle,Uncontrolled,Others,Others,Bitumen(Tar),Dry,Not Applicable,Fine,SRI BALAJI LAKE VIEW LAYOUT DODDABYALADAREKE MAIN ROAD,OPEN SPACE,5FT,13.10684,77.52823
Bengaluru City,Jalahalli Traffic PS,1.04432e+16,2023,1,2,Road Accidents,Cross roads,City/Town,Open area,Human Error,No,Fatal,Vehicle to Vehicle,Not at  Junction,Curve,Two way,Bitumen(Tar),Dry,Not Applicable,Fine,INFRONT OF NARASAPPANAVARA NURSURY NEAR EKANGI HOTEL T B CROSS HESARAGHHATTA NAIN ROAD,ELECTRIC POLE,16FT,13.1354,77.4843
Bengaluru City,Jalahalli Traffic PS,1.04432e+16,2023,1,3,Road Accidents,Bottleneck,City/Town,Open area,Human Error,No,Simple Injury,Vehicle to Vehicle,Uncontrolled,Straight and flat,Two way,Bitumen(Tar),Dry,Not Applicable,Fine,INFORNT OF BEL OFFICE CLUB VIDYARANYAPURA MAIN ROAD,ELECTRIC POLE,24FT,13.0539042,77.55689794
Bengaluru City,Jalahalli Traffic PS,1.04432e+16,2023,1,1,Road Accidents,Bottleneck,City/Town,Open area,Human Error,No,Fatal,Not Applicable,Uncontrolled,Straight and flat,Two way,Bitumen(Tar),Dry,Not Applicable,Fine,INFRONT OF MEENA BAR AND RESTORANT DASAPPANAPALYA NEAR CHIKKABANAVAR SANTE CIRCLE,ELECTRICLE POLE,34FT,13.079108,77.706851
Bengaluru City,Jalahalli Traffic PS,1.04432e+16,2023,1,2,Road Accidents,Curves,City/Town,Near or inside a village,Human Error,Not Applicable,Fatal,Vehicle to Vehicle,Uncontrolled,Straight and flat,Others,Bitumen(Tar),Dry,Not Applicable,Fine,"SRI SAYI ENCLAVE LAYOUT ROAD,TARABANAHALLI SILUVEPURA MAIN ROAD, BANGALORE",ELECTRIC POLE,32FT,13.105045,77.486194
Bengaluru City,Jalahalli Traffic PS,1.04432e+16,2023,1,1,Road Accidents,Not Applicable,City/Town,Open area,Human Error,Not Applicable,Fatal,Not Applicable,Uncontrolled,Straight and flat,Forest Road,Bitumen(Tar),Dry,No influence on accident,Clear,FOREST RD KUVEMPU NAGARA,light pole,19FT,0.0,0.0
Bengaluru City,Jalahalli Traffic PS,1.04432e+16,2023,1,1,Road Accidents,Bottleneck,City/Town,Near or inside a village,Human Error,No,Simple Injury,Hit pedestrian,Not at  Junction,Straight and flat,Two way,Bitumen(Tar),Dry,Not Applicable,Fine,MES RNG ROAD NEAR UDUPI HOTEL,ELECTRIC POLE,8ft,0.0,0.0
Bengaluru City,Jalahalli Traffic PS,1.04432e+16,2023,1,1,Road Accidents,Circle,City/Town,Near Bus stop,Human Error,Yes,Fatal,Hit pedestrian,Signals (Working),Straight and flat,Others,Bitumen(Tar),Dry,Not Applicable,Fine,"NEAR BEL CIRCLE, KUVEMPU, MES SERVICE ROAD JALAHALLI BANGALORE",ELECTRIC POLE,16FT,13.043711,77.558342
Bengaluru City,Jalahalli Traffic PS,1.04432e+16,2023,1,2,Road Accidents,Circle,City/Town,Near office complex,Human Error,Yes,Fatal,Vehicle to Vehicle,Not at  Junction,Curve,Others,Bitumen(Tar),Dry,Not Applicable,Fine,"NEAR NACIN CIRCLE, HMT MAI ROAD JALAHALLI BANGALORE",ELECTRIC POLE,30FT,13.042518,77.539459
Bengaluru City,Jalahalli Traffic PS,1.04432e+16,2023,1,2,Road Accidents,Bottleneck,City/Town,Near or inside a village,Human Error,No,Simple Injury,Vehicle to Vehicle,Not at  Junction,Straight and flat,Others,Bitumen(Tar),Dry,Not Applicable,Fine,"NEAR MUNESWARA TEMPLE, LAKSHMIPURA ABBIGERE MAIN ROAD BANGALORE",ELECTRIC POLE,23FT,13.088185,77.531222
Bengaluru City,Jalahalli Traffic PS,1.04432e+16,2023,1,1,Road Accidents,Narrow road,Rural Areas,Residential area,Not Applicable,No,Fatal,Not Applicable,Controlled,Straight and flat,Sub Arterial,Bitumen(Tar),Dry,Not Applicable,Clear,"NEAR OLD ANANYA PUBLIC SCHOOL, DODDABYALDAKERE",LIGHT POLE,15,13.118097,77.525338
Bengaluru City,Jalahalli Traffic PS,1.04432e+16,2023,1,1,Road Accidents,Bottleneck,City/Town,Open area,Human Error,No,Fatal,Hit pedestrian,Uncontrolled,Straight and flat,Sub Arterial,Bitumen(Tar),Dry,Not Applicable,Fine,near smil easy dental clinic  guni agrahara,Electric pole,22ft,0.0,0.0
Bengaluru City,Jalahalli Traffic PS,1.04432e+16,2023,1,2,Road Accidents,Bottleneck,City/Town,Open area,Human Error,Yes,Simple Injury,Vehicle to Vehicle,Not at  Junction,Straight and flat,Sub Arterial,Bitumen(Tar),Dry,Not Applicable,Fine,NEAR BFW COMPANY BACK GATE PIPE LINE ROAD JALAHALLI,ELECTRIC POLE,22FT,13.21474,77.315272
Bengaluru City,Jalahalli Traffic PS,1.04432e+16,2023,1,1,Road Accidents,Bottleneck,Rural Areas,Near School or College,Human Error,Not Applicable,Simple Injury,Not Applicable,Uncontrolled,Others,Two way,Bitumen(Tar),Dry,Not Applicable,Fine,"NEAR LITTLE MILENIAM SCHIIL, SAPTHAGIRI COLLAGE MAIN ROAD",ELECTRIC POLE,23FT,13.107,77.59948
Bengaluru City,Jalahalli Traffic PS,1.04432e+16,2023,1,2,Road Accidents,Bottleneck,City/Town,Open area,Human Error,No,Simple Injury,Vehicle to Vehicle,Uncontrolled,Straight and flat,Sub Arterial,Bitumen(Tar),Dry,Not Applicable,Fine,NEAR SHABARI NAGAR BUS STOP TARABANAHALLI MAIN ROAD,ELECTRIC POLE,12FT,13.1091,77.49161
Bengaluru City,Jalahalli Traffic PS,1.04432e+16,2023,1,2,Road Accidents,Junction,City/Town,Open area,Human Error,No,Damage Only,Vehicle to Vehicle,Uncontrolled,Straight and flat,Two way,Bitumen(Tar),Dry,Not Applicable,Fine,HMT MAIN ROAD NEAR ARALIMARA ASHWATH KATTE JALAHALLI,ELECTRIC POLE,10FT,13.04748,77.542414