DISTRICTNAME,UNITNAME,Crime_No,Year,RI,Noofvehicle_involved,Accident_Classification,Accident_Spot,Accident_Location,Accident_SubLocation,Main_Cause,Hit_Run,Severity,Collision_Type,Junction_Control,Road_Character,Road_Type,Surface_Type,Surface_Condition,Road_Condition,Weather,Accident_Road,Landmark_first,Distance_LandMark_First,Latitude,Longitude
Bengaluru City,Jayanagar Traffic PS,1.04432e+16,2017,1,2,Road Accidents,Other,City/Town,Residential area,Human Error,No,Simple Injury,Others,Controlled,Others,City or Town Road,Bitumen(Tar),Dry,Not Applicable,Clear,46th Cross Road,Near Ragigudda Tempel,2.5Km,0.0,0.0
Bengaluru City,Jayanagar Traffic PS,1.04432e+16,2017,1,2,Road Accidents,Other,City/Town,Residential area,Human Error,No,Grievous Injury,Others,Controlled,Others,City or Town Road,Bitumen(Tar),Dry,Not Applicable,Clear,7th Cross,9th Main,3Km,0.0,0.0
Bengaluru City,Jayanagar Traffic PS,1.04432e+16,2017,1,1,Road Accidents,Other,City/Town,Near Bus stop,Human Error,Not Applicable,Not Applicable,Hit animal,Not at  Junction,Others,City or Town Road,Bitumen(Tar),Dry,Not Applicable,Clear,11 B Main Road,5th Block Jayanagara,1.5Km,0.0,0.0
Bengaluru City,Jayanagar Traffic PS,1.04432e+16,2017,1,2,Road Accidents,Circle,City/Town,Open area,Human Error,Yes,Grievous Injury,Hit and Run,Controlled,Not Applicable,City or Town Road,Bitumen(Tar),Dry,Not Applicable,Clear,5th Main 36th Crosss Junction 5th Blcok Jayanagara,5th Main 36th Crosss Junction,1klm,0.0,0.0
Bengaluru City,Jayanagar Traffic PS,1.04432e+16,2018,1,2,Road Accidents,Other,City/Town,Near office complex,Human Error,No,Grievous Injury,Rear end,Not at  Junction,Not Applicable,City or Town Road,Bitumen(Tar),Dry,Not Applicable,Clear,J P 24th Main Swwet Angadi Opp J P Nagar 2nd Phase,J P 24th Main Swwet Angadi Opp,2klm,0.0,0.0
Bengaluru City,Jayanagar Traffic PS,1.04432e+16,2018,1,2,Road Accidents,Junction,City/Town,Open area,Human Error,No,Grievous Injury,Head on,Controlled,Others,City or Town Road,Bitumen(Tar),Dry,Not Applicable,Clear,36th Cross 5th Main Jayanagara 5th Block,36th Cross 5th Main,1klm,0.0,0.0
Bengaluru City,Jayanagar Traffic PS,1.04432e+16,2018,1,2,Road Accidents,Junction,City/Town,Residential area,Human Error,No,Damage Only,Head on,Controlled,Others,City or Town Road,Bitumen(Tar),Dry,Not Applicable,Clear,"7th Mian Road, 33rd Cross Jayangara 4th Block",7th Main Road 33rd Cross Junction,500Mtr,0.0,0.0
Bengaluru City,Jayanagar Traffic PS,1.04432e+16,2018,1,2,Road Accidents,Narrow road,City/Town,Near office complex,Human Error,Yes,Damage Only,Hit and Run,No signal lights,Not Applicable,City or Town Road,Bitumen(Tar),Dry,Not Applicable,Clear,No 887 South End F Cross J P Nagara 2nd Phase,No 887 South End F Cross,2.5Klm,0.0,0.0
Bengaluru City,Jayanagar Traffic PS,1.04432e+16,2018,1,2,Road Accidents,Other,City/Town,Near Hospital,Human Error,No,Grievous Injury,Others,No signal lights,Others,City or Town Road,Bitumen(Tar),Dry,Not Applicable,Clear,9th Cross Road J P Nagara 1st Phase,9th Cross Road,1.5km,0.0,0.0
Bengaluru City,Jayanagar Traffic PS,1.04432e+16,2018,1,2,Road Accidents,Junction,City/Town,Residential area,Human Error,No,Grievous Injury,Head on,Controlled,Others,City or Town Road,Bitumen(Tar),Dry,Not Applicable,Clear,14th Cross 39th Cross Srayan Ayruveda Hospital,14th Cross 39th Cross Srayan Ayruveda Hospital,1.5klm,0.0,0.0
Bengaluru City,Jayanagar Traffic PS,1.04432e+16,2018,1,2,Road Accidents,Cross roads,City/Town,Residential area,Human Error,Yes,Simple Injury,Head on,Not at  Junction,Others,City or Town Road,Bitumen(Tar),Dry,Not Applicable,Clear,14th Main Road,4th T Block jayanagara,1.5Km,0.0,0.0
Bengaluru City,Jayanagar Traffic PS,1.04432e+16,2018,1,1,Road Accidents,Other,City/Town,Residential area,Human Error,Yes,Grievous Injury,Hit and Run,Not at  Junction,Curve,City or Town Road,Bitumen(Tar),Dry,Not Applicable,Clear,7th Cross 27th Main Road,7th Cross 27th Main Road,1.5Klm,0.0,0.0
Bengaluru City,Jayanagar Traffic PS,1.04432e+16,2018,1,2,Road Accidents,Junction,City/Town,Open area,Human Error,Yes,Grievous Injury,Hit and Run,Not at  Junction,Not Applicable,City or Town Road,Bitumen(Tar),Dry,Not Applicable,Clear,33rd Cross 5th Mian Road Jayanagara 4th Block,33rd Cross 5th Mian Road,800Mtr,0.0,0.0
Bengaluru City,Jayanagar Traffic PS,1.04432e+16,2018,1,2,Road Accidents,Junction,City/Town,Open area,Human Error,No,Grievous Injury,Head on,Controlled,Curve,City or Town Road,Concrete,Dry,Not Applicable,Clear,2nd Main 39th Cross Road 8th Block Jayanagar,2nd Main 39th Cross Road,1Km,0.0,0.0
Bengaluru City,Jayanagar Traffic PS,1.04432e+16,2018,1,1,Road Accidents,T Junction,City/Town,Near Hospital,Human Error,No,Grievous Injury,Hit pedestrian,Controlled,Others,City or Town Road,Bitumen(Tar),Dry,Not Applicable,Clear,7th A Cross Indira GandhiCircle J P Nagara 1st Pahse,7th A Cross Indira GandhiCircle,2.5Klm,0.0,0.0
Bengaluru City,Jayanagar Traffic PS,1.04432e+16,2018,1,2,Road Accidents,Other,City/Town,Near Hospital,Human Error,Yes,Grievous Injury,Hit and Run,Not Applicable,Curve,City or Town Road,Bitumen(Tar),Dry,Not Applicable,Clear,16th Cross 33rd Main Road J P Nagara 6th Phase,16th Cross 33rd Main Road,3.5klm,0.0,0.0
Bengaluru City,Jayanagar Traffic PS,1.04432e+16,2018,1,2,Road Accidents,Circle,City/Town,Open area,Human Error,Yes,Grievous Injury,Hit and Run,Controlled,Curve,City or Town Road,Bitumen(Tar),Dry,Not Applicable,Clear,"5th Cross, 32nd Main Road J P Nagara 1st Phase Bengalore",5th Cross 32nd Main Road,2.5klm,0.0,0.0
Bengaluru City,Jayanagar Traffic PS,1.04432e+16,2018,1,1,Road Accidents,Not Applicable,City/Town,Near Hospital,Human Error,No,Grievous Injury,Hit bicyclist,Controlled,Others,City or Town Road,Bitumen(Tar),Dry,Not Applicable,Clear,17th Main road J P Nagara 2nd Phase Bengalore,17th Main road J P Nagara,2klm,12.911641,77.591423
Bengaluru City,Jayanagar Traffic PS,1.04432e+16,2018,1,3,Road Accidents,Other,City/Town,Residential area,Human Error,No,Grievous Injury,Others,Not at  Junction,Curve,City or Town Road,Bitumen(Tar),Dry,Not Applicable,Clear,"37th Cross, 16th Main Road  Jayanagara 4th T Block",37th Cross 16th Main Road  Jayanagara,1klm,0.0,0.0
Bengaluru City,Jayanagar Traffic PS,1.04432e+16,2018,1,2,Road Accidents,Circle,City/Town,Near office complex,Human Error,No,Grievous Injury,Others,Controlled,Curve,City or Town Road,Bitumen(Tar),Dry,Not Applicable,Clear,"15th Cross, 14th Main Road J P Nagar 2nd Phase",15th Cross 14th Main Road,3klm,0.0,0.0
Bengaluru City,Jayanagar Traffic PS,1.04432e+16,2018,1,2,Road Accidents,Junction,City/Town,Residential area,Human Error,No,Grievous Injury,Rear end,Not at  Junction,Curve,City or Town Road,Bitumen(Tar),Dry,Not Applicable,Clear,Brigada Mileniom Aprtment,Brigada Mileniom Aprtment,4klm,0.0,0.0
Bengaluru City,Jayanagar Traffic PS,1.04432e+16,2018,1,2,Road Accidents,Junction,City/Town,Near Hospital,Human Error,Yes,Fatal,Hit and Run,Signal lights Automatic,Others,City or Town Road,Bitumen(Tar),Dry,Not Applicable,Clear,Maternity Hospital Junction Jayanagara 7th Block,Maternity Hospital Junction,1.5klm,0.0,0.0
Bengaluru City,Jayanagar Traffic PS,1.04432e+16,2018,1,2,Road Accidents,T Junction,City/Town,Near Bus stop,Human Error,No,Simple Injury,Others,Controlled,Others,City or Town Road,Bitumen(Tar),Dry,Not Applicable,Clear,9th Cross Road,Near Shilpakala Mantapa,2.5Km,0.0,0.0
Bengaluru City,Jayanagar Traffic PS,1.04432e+16,2018,1,2,Road Accidents,Junction,City/Town,Near office complex,Human Error,No,Grievous Injury,Head on,Controlled,Not Applicable,City or Town Road,Bitumen(Tar),Dry,Not Applicable,Clear,"9th Main, 27th Cross Road C B Junction 3rd Blokc Jayanagara",9th Main 27th Cross Road C B Junction,500Mt,0.0,0.0
Bengaluru City,Jayanagar Traffic PS,1.04432e+16,2018,1,2,Road Accidents,Junction,City/Town,Near office complex,Human Error,No,Grievous Injury,Rear end,Controlled,Others,Others,Bitumen(Tar),Dry,Not Applicable,Clear,S B Junction Jayanagara 3rd Block,S B Junction,1km,0.0,0.0
Bengaluru City,Jayanagar Traffic PS,1.04432e+16,2018,1,1,Road Accidents,Cross roads,City/Town,Near Bus stop,Human Error,No,Fatal,Hit pedestrian,Not at  Junction,Others,City or Town Road,Bitumen(Tar),Dry,Not Applicable,Clear,46th Cross Road,5th Block Jayanagara,2Km,0.0,0.0
Bengaluru City,Jayanagar Traffic PS,1.04432e+16,2018,1,2,Road Accidents,Junction,City/Town,Near Bus stop,Human Error,No,Simple Injury,Head on,Controlled,Curve,City or Town Road,Bitumen(Tar),Dry,Not Applicable,Clear,Banashanakri Bus Stop,Banashanakri Bus Stop,1Klm,0.0,0.0
Bengaluru City,Jayanagar Traffic PS,1.04432e+16,2018,1,1,Road Accidents,Other,City/Town,Near Bus stop,Human Error,No,Grievous Injury,Others,Controlled,Curve,City or Town Road,Bitumen(Tar),Dry,Not Applicable,Clear,K K P Main Road 36th B Cross Rod Junction 7th Block Jayanagara,K K P Main Road 36th B Cross Rod Junction,1.5klm,0.0,0.0
Bengaluru City,Jayanagar Traffic PS,1.04432e+16,2018,1,1,Road Accidents,Circle,City/Town,Near office complex,Human Error,Yes,Grievous Injury,Hit and Run,Signal lights Automatic,Curve,City or Town Road,Bitumen(Tar),Dry,Not Applicable,Clear,Dalmiya Junction J P Nagara 3rd Phase,Dalmiya Junction,3.5KLM,0.0,0.0
Bengaluru City,Jayanagar Traffic PS,1.04432e+16,2018,1,2,Road Accidents,Circle,City/Town,Near Hospital,Human Error,No,Grievous Injury,Others,Controlled,Others,City or Town Road,Bitumen(Tar),Dry,Not Applicable,Clear,Arvenda Junction Jayanagara 5th Phase Bengalore,Arvenda Junction,1.5KLM,0.0,0.0
Bengaluru City,Jayanagar Traffic PS,1.04432e+16,2018,1,1,Road Accidents,Circle,City/Town,Residential area,Human Error,No,Grievous Injury,Skidding or Self accident,Controlled,Curve,City or Town Road,Bitumen(Tar),Dry,Not Applicable,Clear,9th MAin Road Near 1st Pahase,9th Main Road Near Upahara Hotel,2km,0.0,0.0
Bengaluru City,Jayanagar Traffic PS,1.04432e+16,2018,1,2,Road Accidents,Circle,City/Town,Open area,Human Error,No,Damage Only,Others,Give way sign,Others,City or Town Road,Bitumen(Tar),Dry,Not Applicable,Clear,Yadiyuru Circle Jayanagara 6th Block Bengalore,Yadiyuru Circle Jayanagara,1klm,0.0,0.0
Bengaluru City,Jayanagar Traffic PS,1.04432e+16,2018,1,1,Road Accidents,Curves,City/Town,Near office complex,Human Error,Yes,Grievous Injury,Hit pedestrian,Not at  Junction,Curve,City or Town Road,Bitumen(Tar),Dry,Not Applicable,Clear,11th Main Road Geetha Junction Jayanagara 4th Block,11th Main Road Geetha Junction,800Mtr,0.0,0.0
Bengaluru City,Jayanagar Traffic PS,1.04432e+16,2018,1,1,Road Accidents,T Junction,City/Town,Residential area,Human Error,No,Grievous Injury,Hit pedestrian,No signal lights,Others,Residential Street,Bitumen(Tar),Dry,Not Applicable,Clear,"Doresani Palya Main Road, In Front Of Tirumala PG Dorsanipalya, J P Nagar 4th Phase",Doresani Palya Main Road In Front Of Tirumala PG Dorsanipalya,4km,0.0,0.0
Bengaluru City,Jayanagar Traffic PS,1.04432e+16,2018,1,1,Road Accidents,Junction,City/Town,Residential area,Human Error,No,Grievous Injury,Hit pedal cyclist,No signal lights,Others,City or Town Road,Bitumen(Tar),Dry,Not Applicable,Clear,"2nd Main 45th Cross Rad, 8th Block Jayanagar",2nd Main 45th Cross Rad,1klm,0.0,0.0
Bengaluru City,Jayanagar Traffic PS,1.04432e+16,2018,1,2,Road Accidents,Other,City/Town,Near Petrol Pump,Human Error,Yes,Damage Only,Hit and Run,Not at  Junction,Others,City or Town Road,Bitumen(Tar),Dry,Not Applicable,Clear,30th Cross Road Petrol Bunk Opp Jayanagara 4th T Block,30th Cross Road Petrol Bunk Opp,500Mtr,0.0,0.0
Bengaluru City,Jayanagar Traffic PS,1.04432e+16,2018,1,2,Road Accidents,Junction,City/Town,Open area,Human Error,No,Grievous Injury,Rear end,Not at  Junction,Others,City or Town Road,Bitumen(Tar),Dry,Not Applicable,Clear,33rd Cross 5th Main Road Jayanagara 4th T Block,33rd Cross 5th Main Road,800Mtr,0.0,0.0
Bengaluru City,Jayanagar Traffic PS,1.04432e+16,2018,1,2,Road Accidents,Junction,City/Town,Near office complex,Human Error,No,Simple Injury,Head on,Controlled,Others,City or Town Road,Bitumen(Tar),Dry,Not Applicable,Clear,"15th Cross, 35th Main Road J P Ngara 6th Pahse",15th Cross 35th Main Road,3klm,0.0,0.0
Bengaluru City,Jayanagar Traffic PS,1.04432e+16,2018,1,1,Road Accidents,Circle,City/Town,Near office complex,Human Error,No,Grievous Injury,Hit pedestrian,Controlled,Others,City or Town Road,Bitumen(Tar),Dry,Not Applicable,Clear,"9th Cross, 2nd Main Road J P Nagara 3rd Phase Bengalore One Office Opp",9th Cross 2nd Main Road J P Nagara 3rd Phase,3.5,0.0,0.0
Bengaluru City,Jayanagar Traffic PS,1.04432e+16,2018,1,2,Road Accidents,Junction,City/Town,Residential area,Human Error,Yes,Simple Injury,Hit and Run,Controlled,Not Applicable,City or Town Road,Bitumen(Tar),Dry,Not Applicable,Clear,"11th Cross, 17th Main Road J P Nagara 2nd Phase",11th Cross 17th Main Road,2klm,0.0,0.0
Bengaluru City,Jayanagar Traffic PS,1.04432e+16,2018,1,1,Road Accidents,Cross roads,City/Town,Near office complex,Human Error,No,Simple Injury,Hit pedestrian,Controlled,Others,Others,Bitumen(Tar),Dry,Not Applicable,Clear,2nd Main 36th B Craoss Jayanagara 7th Block,2nd Main 36th B Craoss,1klm,0.0,0.0
Bengaluru City,Jayanagar Traffic PS,1.04432e+16,2018,1,2,Road Accidents,Other,City/Town,Residential area,Human Error,No,Grievous Injury,Head on,Not at  Junction,Not Applicable,City or Town Road,Bitumen(Tar),Dry,Not Applicable,Clear,Brigad Plam spring Aprt J P Nagaa 7th Phase Bengalore,Brigad Plam spring Aprt J P Nagaa,5klm,0.0,0.0
Bengaluru City,Jayanagar Traffic PS,1.04432e+16,2018,1,1,Road Accidents,Junction,City/Town,Residential area,Human Error,No,Grievous Injury,Hit pedestrian,Signal lights Automatic,Curve,City or Town Road,Bitumen(Tar),Dry,Not Applicable,Clear,8th Main & 9th Cross Road Junction 3rd Pahse J P Nagar,8th Main & 9th Cross Road Junction,3klm,0.0,0.0
Bengaluru City,Jayanagar Traffic PS,1.04432e+16,2018,1,1,Road Accidents,Other,City/Town,Near Hospital,Human Error,No,Grievous Injury,Hit pedestrian,No signal lights,Others,City or Town Road,Bitumen(Tar),Dry,Not Applicable,Clear,9th Cross Road J P Nagara 1st Pahase Rajshekar Hopsital Opp,9th Cross Road,1.5klm,0.0,0.0
Bengaluru City,Jayanagar Traffic PS,1.04432e+16,2018,1,1,Road Accidents,Cross roads,City/Town,Residential area,Human Error,No,Grievous Injury,Others,Controlled,Others,City or Town Road,Bitumen(Tar),Dry,Not Applicable,Clear,"7th Cross, 3rd Main Road",J P Nagara 1st Phase,1.5KM,0.0,0.0
Bengaluru City,Jayanagar Traffic PS,1.04432e+16,2018,1,1,Road Accidents,Not Applicable,City/Town,Near office complex,Human Error,No,Fatal,Hit pedestrian,Not at  Junction,Others,City or Town Road,Bitumen(Tar),Dry,Not Applicable,Clear,9th Cross Prasiddi Hotel Opp J P Nagara 1st Phase,9th Cross Prasiddi Hotel,2.5km,0.0,0.0
Bengaluru City,Jayanagar Traffic PS,1.04432e+16,2018,1,2,Road Accidents,T Junction,City/Town,Near School or College,Human Error,No,Grievous Injury,Right Turn Collision,Controlled,Others,City or Town Road,Bitumen(Tar),Dry,Not Applicable,Clear,29th Main Road,9th cross Road,1.5Km,0.0,0.0
Bengaluru City,Jayanagar Traffic PS,1.04432e+16,2018,1,2,Road Accidents,T Junction,City/Town,Residential area,Human Error,No,Grievous Injury,Head on,Not at  Junction,Others,City or Town Road,Bitumen(Tar),Dry,Not Applicable,Clear,"14th Cross, 32nd Main Road J P Nagara 1st Pahse",14th Cross 32nd Main Road,2.5km,0.0,0.0
Bengaluru City,Jayanagar Traffic PS,1.04432e+16,2018,1,2,Road Accidents,Junction,City/Town,Near office complex,Human Error,No,Grievous Injury,Head on,Controlled,Curve,City or Town Road,Bitumen(Tar),Dry,Not Applicable,Clear,9th Main Road 35th Cross,9th Main Road 35th Cross,1klm,0.0,0.0
Bengaluru City,Jayanagar Traffic PS,1.04432e+16,2018,1,2,Road Accidents,Junction,City/Town,Residential area,Human Error,Yes,Damage Only,Others,Controlled,Others,City or Town Road,Bitumen(Tar),Dry,Not Applicable,Clear,"10th Cross, 29th Main Road J P Nagar 1st Pahse",10th Cross 29th Main Road,2.5km,0.0,0.0
Bengaluru City,Jayanagar Traffic PS,1.04432e+16,2018,1,2,Road Accidents,Junction,City/Town,Near Bus stop,Human Error,Yes,Grievous Injury,Hit and Run,Controlled,Others,City or Town Road,Bitumen(Tar),Dry,Not Applicable,Clear,33rd Cross,9th Main Road,700mtr,0.0,0.0
Bengaluru City,Jayanagar Traffic PS,1.04432e+16,2018,1,2,Road Accidents,Other,City/Town,Near office complex,Human Error,No,Damage Only,Hit parked vehicle,Controlled,Others,City or Town Road,Bitumen(Tar),Dry,Not Applicable,Clear,9th Cross 2nd Block Jayanagara,9th Cross,1.5klm,0.0,0.0
Bengaluru City,Jayanagar Traffic PS,1.04432e+16,2018,1,2,Road Accidents,Circle,City/Town,Near office complex,Human Error,Yes,Simple Injury,Head on,Controlled,Curve,City or Town Road,Bitumen(Tar),Dry,Not Applicable,Clear,24th Main J P Nagara 5th Pahse,24th Main Road Near Royal School,5klm,12.90041,77.585847
Bengaluru City,Jayanagar Traffic PS,1.04432e+16,2018,1,2,Road Accidents,Circle,City/Town,Residential area,Human Error,No,Grievous Injury,Others,Signals (Working),Curve,City or Town Road,Bitumen(Tar),Dry,Not Applicable,Clear,46th Cross Near Rajlkshmi Junction 8th Block Jayanagara,46th Cross Near Rajlkshmi Junction,1Km,0.0,0.0
Bengaluru City,Jayanagar Traffic PS,1.04432e+16,2018,1,2,Road Accidents,Junction,City/Town,Residential area,Human Error,No,Grievous Injury,Others,Controlled,Others,City or Town Road,Bitumen(Tar),Dry,Not Applicable,Clear,36th Cross JUnction 4th Main Road,36th Cross JUnction 4th Main Road,1klm,0.0,0.0
Bengaluru City,Jayanagar Traffic PS,1.04432e+16,2018,1,2,Road Accidents,Junction,City/Town,Near Petrol Pump,Human Error,No,Fatal,Others,Controlled,Others,City or Town Road,Bitumen(Tar),Dry,Not Applicable,Clear,Soth End Circal,Soth End Circal,1Km,0.0,0.0
Bengaluru City,Jayanagar Traffic PS,1.04432e+16,2018,1,2,Road Accidents,Cross roads,City/Town,Residential area,Human Error,No,Grievous Injury,Rear end,No signal lights,Curve,City or Town Road,Bitumen(Tar),Dry,Not Applicable,Clear,"35th A Cross, 15th Main Road Jayanagara 4th T Block",35th A Cross 15th Main Road,1,0.0,0.0
Bengaluru City,Jayanagar Traffic PS,1.04432e+16,2018,1,2,Road Accidents,Other,City/Town,Residential area,Human Error,No,Simple Injury,Rear end,Not at  Junction,Others,City or Town Road,Bitumen(Tar),Dry,Not Applicable,Clear,Jaraganahalli Main Road,J P Nagara 6th Phase,3.5Km,12.900845,77.574369
Bengaluru City,Jayanagar Traffic PS,1.04432e+16,2018,1,2,Road Accidents,Other,City/Town,Residential area,Human Error,Yes,Grievous Injury,Head on,Controlled,Others,City or Town Road,Bitumen(Tar),Dry,Not Applicable,Clear,9th B Cross And 13th Main Junstion J P Nagara 1st Phase,9th B Cross And 13th Main Junstion,3klm,0.0,0.0
Bengaluru City,Jayanagar Traffic PS,1.04432e+16,2018,1,2,Road Accidents,T Junction,City/Town,Open area,Human Error,No,Grievous Injury,Head on,Controlled,Curve,City or Town Road,Bitumen(Tar),Dry,Not Applicable,Clear,3rd Main 44th Cross Road 8th Block Jayanagara,3rd Main 44th Cross Road,1klm,0.0,0.0
Bengaluru City,Jayanagar Traffic PS,1.04432e+16,2018,1,1,Road Accidents,Cross roads,City/Town,Near Hospital,Human Error,No,Grievous Injury,Hit bicyclist,Not at  Junction,Others,City or Town Road,Bitumen(Tar),Dry,Not Applicable,Clear,15th Cross Ring Road,Near Pampapathi Veternari Hospital,3.5Km,0.0,0.0
Bengaluru City,Jayanagar Traffic PS,1.04432e+16,2018,1,1,Road Accidents,Other,City/Town,Near Bus stop,Human Error,No,Grievous Injury,Not Applicable,Not at  Junction,Not Applicable,City or Town Road,Bitumen(Tar),Dry,Not Applicable,Clear,9th Main 46th Cross Jayanagara 5th Block,9th Main 46th Cross,1.5klm,0.0,0.0
Bengaluru City,Jayanagar Traffic PS,1.04432e+16,2018,1,2,Road Accidents,Cross roads,City/Town,Residential area,Human Error,Yes,Fatal,Hit and Run,Not at  Junction,Others,City or Town Road,Bitumen(Tar),Dry,Not Applicable,Clear,11th A Main 39th Cross 4thT Block Jayanagara,11th A Main 39th Cross,1klm,0.0,0.0
Bengaluru City,Jayanagar Traffic PS,1.04432e+16,2018,1,2,Road Accidents,Junction,City/Town,Residential area,Human Error,Yes,Grievous Injury,Head on,Controlled,Others,City or Town Road,Bitumen(Tar),Dry,Not Applicable,Clear,6th Main 4th Cros J P Nagara 3rd Phase,6th Main 4th Cros,2.5km,0.0,0.0
Bengaluru City,Jayanagar Traffic PS,1.04432e+16,2018,1,1,Road Accidents,Junction,City/Town,Near office complex,Human Error,Yes,Grievous Injury,Hit and Run,Controlled,Not Applicable,City or Town Road,Bitumen(Tar),Dry,Not Applicable,Clear,15th Cross Ring Road J P Nagara 6th Phase,15th Cross Ring Road,2km,0.0,0.0
Bengaluru City,Jayanagar Traffic PS,1.04432e+16,2018,1,2,Road Accidents,Junction,City/Town,Residential area,Human Error,Yes,Grievous Injury,Hit and Run,Controlled,Others,City or Town Road,Bitumen(Tar),Dry,Not Applicable,Clear,36th Cross Road,3rd Main Road,800,0.0,0.0
Bengaluru City,Jayanagar Traffic PS,1.04432e+16,2018,1,1,Road Accidents,T Junction,City/Town,Residential area,Human Error,No,Grievous Injury,Others,No signal lights,Others,City or Town Road,Bitumen(Tar),Dry,Not Applicable,Clear,25th Cross Road Jayanagar 6th Block,25th Cross Road,1.5klm,0.0,0.0
Bengaluru City,Jayanagar Traffic PS,1.04432e+16,2018,1,1,Road Accidents,Other,City/Town,Near Hospital,Human Error,No,Grievous Injury,Hit pedestrian,Controlled,Curve,City or Town Road,Bitumen(Tar),Dry,Not Applicable,Clear,27th Cross Yadiyour Junction Nerar Jayanagara 6th Block,27th Cross Yadiyour Junction Nerar,1klm,0.0,0.0
Bengaluru City,Jayanagar Traffic PS,1.04432e+16,2018,1,2,Road Accidents,Junction,City/Town,Near office complex,Human Error,Yes,Grievous Injury,Hit and Run,No signal lights,Curve,City or Town Road,Bitumen(Tar),Dry,Pot holed,Clear,"33rd Cross, 7th Main Jayanagara 4th Block Bengalore",33rd Cross 7th Main Jayanagara,600mtr,0.0,0.0
Bengaluru City,Jayanagar Traffic PS,1.04432e+16,2018,1,2,Road Accidents,Cross roads,City/Town,Near Hospital,Human Error,No,Simple Injury,Rear end,Controlled,Others,City or Town Road,Bitumen(Tar),Dry,Not Applicable,Clear,9th Cross Road,18th Main Road,1.5Km,12.9265193,77.5821802
Bengaluru City,Jayanagar Traffic PS,1.04432e+16,2018,1,1,Road Accidents,T Junction,City/Town,Near Bus stop,Human Error,No,Fatal,Hit pedestrian,Controlled,Others,City or Town Road,Bitumen(Tar),Dry,Not Applicable,Clear,30th Cross Near Puttatnna Opp BMTC Bus Stop Jayanagara 4th Block,30th Cross Near Puttatnna Opp BMTC Bus Stop,500Mtr,0.0,0.0
Bengaluru City,Jayanagar Traffic PS,1.04432e+16,2018,1,1,Road Accidents,Other,City/Town,Near Bus stop,Human Error,No,Grievous Injury,Hit pedestrian,Controlled,Others,City or Town Road,Bitumen(Tar),Dry,Not Applicable,Clear,Kanakapura Main Road Banashankari Bus Stop Opp 8th Block Jayanagara,Kanakapura Main Road Banashankari Bus Stop Opp,1.5klm,0.0,0.0
Bengaluru City,Jayanagar Traffic PS,1.04432e+16,2018,1,3,Road Accidents,Junction,City/Town,Near Bus stop,Human Error,Yes,Grievous Injury,Hit and Run,Not at  Junction,Others,City or Town Road,Bitumen(Tar),Dry,Not Applicable,Clear,24th Mai Road Kaveri Hotel Oppa J P Nagara 5th Pahse,24th Mai Road Kaveri Hotel Oppa,3.5klm,0.0,0.0
Bengaluru City,Jayanagar Traffic PS,1.04432e+16,2018,1,1,Road Accidents,Not Applicable,City/Town,Near office complex,Human Error,Yes,Grievous Injury,Hit and Run,Controlled,Curve,City or Town Road,Bitumen(Tar),Dry,Not Applicable,Clear,In Frount Of Food World 7th Block Jayanagara,In Frount Of Food World,1klm,0.0,0.0
Bengaluru City,Jayanagar Traffic PS,1.04432e+16,2018,1,1,Road Accidents,Other,City/Town,Near office complex,Human Error,No,Grievous Injury,Hit pedestrian,No signal lights,Others,City or Town Road,Bitumen(Tar),Dry,Not Applicable,Clear,9th Cross Road J P Nagara 1st Pahse,9th Cross Road,2klm,0.0,0.0
Bengaluru City,Jayanagar Traffic PS,1.04432e+16,2018,1,1,Road Accidents,Junction,City/Town,Near office complex,Human Error,No,Grievous Injury,Hit pedestrian,Signal lights Automatic,Others,City or Town Road,Bitumen(Tar),Dry,Not Applicable,Clear,IG CIRCLE J P Nagara 1st Pahse,IG CIRCLE,2klm,0.0,0.0
Bengaluru City,Jayanagar Traffic PS,1.04432e+16,2018,1,1,Road Accidents,Other,City/Town,Near Hospital,Human Error,Yes,Grievous Injury,Hit pedestrian,Controlled,Curve,City or Town Road,Bitumen(Tar),Dry,Not Applicable,Clear,15th Cross Ring Road J P Nagara 6th Phase Sprit World Shop,15th Cross Ring Road,3km,0.0,0.0
Bengaluru City,Jayanagar Traffic PS,1.04432e+16,2018,1,2,Road Accidents,Junction,City/Town,Residential area,Human Error,No,Damage Only,Head on,No signal lights,Others,City or Town Road,Bitumen(Tar),Dry,Not Applicable,Clear,12th Cross J P Nagara 2nd Phase Bengalore,12th Cross J P Nagara,2klm,0.0,0.0
Bengaluru City,Jayanagar Traffic PS,1.04432e+16,2018,1,2,Road Accidents,Other,City/Town,Near office complex,Human Error,Yes,Damage Only,Others,Signal lights Automatic,Curve,City or Town Road,Bitumen(Tar),Dry,Not Applicable,Clear,Panduranga Nagar Road & B G Road Junction J P Nagar 7th Phase,Panduranga Nagar Road & B G Road Junction,4klm,0.0,0.0