DISTRICTNAME,UNITNAME,Crime_No,Year,RI,Noofvehicle_involved,Accident_Classification,Accident_Spot,Accident_Location,Accident_SubLocation,Main_Cause,Hit_Run,Severity,Collision_Type,Junction_Control,Road_Character,Road_Type,Surface_Type,Surface_Condition,Road_Condition,Weather,Accident_Road,Landmark_first,Distance_LandMark_First,Latitude,Longitude
Bengaluru City,Jayanagar Traffic PS,1.04432e+16,2018,1,2,Road Accidents,Other,City/Town,Residential area,Human Error,No,Grievous Injury,Hit pedal cyclist,Not Applicable,Others,City or Town Road,Bitumen(Tar),Dry,Not Applicable,Clear,Service Road In Frount O Nandhini Lake View Apt 7th Pahse  J P Nagar,Service Road In Frount O Nandhini Lake View Apt,4klm,12.8970447,77.5799303
Bengaluru City,Jayanagar Traffic PS,1.04432e+16,2018,1,2,Road Accidents,Junction,City/Town,Near office complex,Human Error,No,Not Applicable,Head on,Controlled,Others,City or Town Road,Bitumen(Tar),Dry,Not Applicable,Clear,9th Main & 33rd Cross Junction 4th Block Jayanagara Bengalore 11,9th Main & 33rd Cross Junction,1klm,12.926325,77.583744
Bengaluru City,Jayanagar Traffic PS,1.04432e+16,2018,1,2,Road Accidents,Junction,City/Town,Near Hospital,Human Error,Yes,Simple Injury,Hit and Run,Not at  Junction,Curve,City or Town Road,Bitumen(Tar),Dry,Not Applicable,Clear,Byrsandra Main Road Nera Indira Canteen,Byrsandra Main Road Nera Indira Canteen,1.5klm,0.0,0.0
Bengaluru City,Jayanagar Traffic PS,1.04432e+16,2018,1,2,Road Accidents,Circle,City/Town,Residential area,Human Error,No,Fatal,Hit bicyclist,Controlled,Others,City or Town Road,Bitumen(Tar),Dry,Not Applicable,Clear,42nd Cross. 2nd Main Road,Jayanagara 8th Block,1.5Km,12.918999,77.577848
Bengaluru City,Jayanagar Traffic PS,1.04432e+16,2018,1,1,Road Accidents,Circle,City/Town,Near office complex,Human Error,No,Grievous Injury,Others,Controlled,Curve,City or Town Road,Bitumen(Tar),Dry,Not Applicable,Clear,24th Main J P Nagara 18th Cross Junction,4klm,4KLM,0.0,0.0
Bengaluru City,Jayanagar Traffic PS,1.04432e+16,2018,1,2,Road Accidents,Junction,City/Town,Near office complex,Human Error,Yes,Damage Only,Hit and Run,Controlled,Others,City or Town Road,Bitumen(Tar),Dry,Not Applicable,Clear,2nd Main 41 Cross Junction Jayanagara 8th Block,2nd Main 41 Cross Junction,1klm,0.0,0.0
Bengaluru City,Jayanagar Traffic PS,1.04432e+16,2019,1,2,Road Accidents,Junction,City/Town,Near office complex,Human Error,No,Grievous Injury,Vehicle to Vehicle,Controlled,Others,Two way,Bitumen(Tar),Dry,Not Applicable,Clear,33rd Cross Road,7th Main Road,500mtr,0.0,0.0
Bengaluru City,Jayanagar Traffic PS,1.04432e+16,2019,1,2,Road Accidents,Junction,City/Town,Near a religious place,Human Error,No,Grievous Injury,Vehicle to Vehicle,Signal lights Automatic,Others,Two way,Bitumen(Tar),Dry,Not Applicable,Clear,27th Cross Junction Jayanagara 3rd Block,27th Cross Junction,500Mtr,0.0,0.0
Bengaluru City,Jayanagar Traffic PS,1.04432e+16,2019,1,2,Road Accidents,Circle,City/Town,Near Petrol Pump,Human Error,No,Grievous Injury,Vehicle to Vehicle,No signal lights,Curve,Two way,Bitumen(Tar),Dry,Not Applicable,Clear,"T Mariyappa road Madhvan Park Circle, Jayanagara 1st Block Begalore",T Mariyappa road Madhvan Park Circle,1klm,0.0,0.0
Bengaluru City,Jayanagar Traffic PS,1.04432e+16,2019,1,2,Road Accidents,Junction,City/Town,Near office complex,Human Error,No,Grievous Injury,Vehicle to Vehicle,Signal lights Automatic,Curve,Two way,Bitumen(Tar),Dry,Not Applicable,Clear,Dalmiya Junction J P Nagara 4th Phase,Dalmiya Junction,3klm,0.0,0.0
Bengaluru City,Jayanagar Traffic PS,1.04432e+16,2019,1,1,Road Accidents,Junction,City/Town,Open area,Human Error,Yes,Simple Injury,Not Applicable,Signal lights Automatic,Others,Two way,Bitumen(Tar),Dry,Not Applicable,Clear,8th Main 9th Cross Junction J P Nagara 3rd phase,8th Main 9th Cross Junction,3klm,12.910217,77.595341
Bengaluru City,Jayanagar Traffic PS,1.04432e+16,2019,1,2,Road Accidents,Narrow road,City/Town,Near office complex,Human Error,No,Grievous Injury,Vehicle to Vehicle,No signal lights,Others,Two way,Bitumen(Tar),Dry,Not Applicable,Clear,Puttenhalli Main Road 6th Phase Near J P nagara 7th Phase,Puttenhalli Main Road 6th Phase Near,6km,0.0,0.0
Bengaluru City,Jayanagar Traffic PS,1.04432e+16,2019,1,1,Road Accidents,Cross roads,City/Town,Near Hospital,Human Error,Yes,Grievous Injury,Hit pedestrian,No signal lights,Curve,Two way,Bitumen(Tar),Dry,Not Applicable,Clear,"15th Cross Road Appolo Hospital, Jayanagara 2nd Block Bengalore",15th Cross Road Appolo Hospital,1km,0.0,0.0
Bengaluru City,Jayanagar Traffic PS,1.04432e+16,2019,1,2,Road Accidents,Junction,City/Town,Near School or College,Human Error,Yes,Grievous Injury,Vehicle to Vehicle,No signal lights,Others,Two way,Bitumen(Tar),Dry,Not Applicable,Clear,7th Main Road,Urben lader,3Km,0.0,0.0
Bengaluru City,Jayanagar Traffic PS,1.04432e+16,2019,1,2,Road Accidents,Narrow road,City/Town,Residential area,Human Error,No,Fatal,Vehicle to Vehicle,Controlled,Curve,Two way,Bitumen(Tar),Dry,Not Applicable,Clear,Near Lalbag South Geat Siddapur Junction Jayanagara 1st Block,Near Lalbag South Geat,2klm,0.0,0.0
Bengaluru City,Jayanagar Traffic PS,1.04432e+16,2019,1,2,Road Accidents,Junction,City/Town,Near School or College,Human Error,No,Fatal,Vehicle to Vehicle,Signal lights Automatic,Others,Others,Bitumen(Tar),Dry,Not Applicable,Clear,8th Main 9th Cross Junction J P Nagara 3rd Phase,8th Main 9th Cross Junction,2klm,0.0,0.0
Bengaluru City,Jayanagar Traffic PS,1.04432e+16,2019,1,2,Road Accidents,Junction,City/Town,Near office complex,Human Error,Yes,Grievous Injury,Vehicle to Vehicle,Not at  Junction,Others,Two way,Bitumen(Tar),Dry,Not Applicable,Clear,33rd Cross And 6th Main Road Junction Jayanagara 4th Block,33rd Cross And 6th Main Road Junction,100mtr,12.926387,77.581137
Bengaluru City,Jayanagar Traffic PS,1.04432e+16,2019,1,1,Road Accidents,Not Applicable,City/Town,Open area,Human Error,Yes,Fatal,Hit pedestrian,Not at  Junction,Straight and flat,Two way,Bitumen(Tar),Dry,Not Applicable,Clear,10th Main Road Shalini Groundd Near 5th Block Jayanagara,10th Main Road Shalini Groundd Near,0.5km,0.0,0.0
Bengaluru City,Jayanagar Traffic PS,1.04432e+16,2019,1,2,Road Accidents,Not Applicable,City/Town,Near a religious place,Human Error,No,Grievous Injury,Vehicle to Vehicle,Not at  Junction,Straight and flat,Two way,Bitumen(Tar),Dry,Not Applicable,Clear,Metro Pillar No 50 4th Main Road Near 22nd Cross Jayanagara 6th Block Bengalore,Metro Pillar No 50 4th Main Road Near 22nd Cross,400mtr,0.0,0.0
Bengaluru City,Jayanagar Traffic PS,1.04432e+16,2019,1,2,Road Accidents,Junction,City/Town,In bazaar,Human Error,Yes,Grievous Injury,Vehicle to Vehicle,No signal lights,Straight and flat,Two way,Bitumen(Tar),Dry,Not Applicable,Clear,4th Cross Road & 3rd Main Road Junction,Dolars Colony,3Km,0.0,0.0
Bengaluru City,Jayanagar Traffic PS,1.04432e+16,2019,1,2,Road Accidents,Not Applicable,City/Town,Near Petrol Pump,Human Error,No,Grievous Injury,Vehicle to Vehicle,Not Applicable,Others,Others,Not Applicable,Others,Not Applicable,Clear,Sampagi Mara Junction Near H P Petrol Bank J P Nagara 2nd Phase,Sampagi Mara Junction Near H P Petrol Bank,2klm,0.0,0.0
Bengaluru City,Jayanagar Traffic PS,1.04432e+16,2019,1,2,Road Accidents,Junction,City/Town,Residential area,Human Error,Yes,Grievous Injury,Vehicle to Vehicle,No signal lights,Others,Two way,Bitumen(Tar),Dry,Not Applicable,Clear,7th Main Road,11th Cross Road,3km,0.0,0.0
Bengaluru City,Jayanagar Traffic PS,1.04432e+16,2019,1,1,Road Accidents,Not Applicable,City/Town,Near Petrol Pump,Human Error,Yes,Fatal,Hit pedestrian,Signal lights Automatic,Straight and flat,Two way,Bitumen(Tar),Dry,Not Applicable,Clear,8th Main 9th Cross Road J P Nagara 3rd Phase,8th Main 9th Cross Road,2klm,0.0,0.0
Bengaluru City,Jayanagar Traffic PS,1.04432e+16,2019,1,1,Road Accidents,Cross roads,City/Town,Residential area,Human Error,No,Grievous Injury,Hit pedestrian,Not at  Junction,Others,Two way,Bitumen(Tar),Dry,Not Applicable,Clear,Dallors Colony 2nd Cross J P Nagara 2nd Phase,Dallors Colony 2nd Cross,3klm,0.0,0.0
Bengaluru City,Jayanagar Traffic PS,1.04432e+16,2019,1,1,Road Accidents,Cross roads,City/Town,Residential area,Human Error,No,Grievous Injury,Hit pedestrian,Controlled,Curve,Two way,Bitumen(Tar),Dry,Not Applicable,Clear,Nera Jaraganhalli Park J P Nagar 6th Phase,Nera Jaraganhalli Park,4klm,0.0,0.0
Bengaluru City,Jayanagar Traffic PS,1.04432e+16,2019,1,2,Road Accidents,Circle,City/Town,Near office complex,Human Error,Yes,Grievous Injury,Vehicle to Vehicle,Controlled,Others,Two way,Bitumen(Tar),Dry,Not Applicable,Clear,Opp Malbar Diamond Shop Jayanagara 3rd Block,Opp Malbar Diamond Shop,1klm,0.0,0.0
Bengaluru City,Jayanagar Traffic PS,1.04432e+16,2019,1,2,Rail Road Accidents,Junction,City/Town,Near office complex,Human Error,No,Grievous Injury,Vehicle to Vehicle,Signal lights Automatic,Not Applicable,Two way,Bitumen(Tar),Dry,Not Applicable,Clear,R V Dental Collage Junction J P Nagara 1st Phase,R V Dental Collage Junction,2klm,0.0,0.0
Bengaluru City,Jayanagar Traffic PS,1.04432e+16,2019,1,2,Road Accidents,Junction,City/Town,Near office complex,Human Error,Yes,Fatal,Vehicle to Vehicle,Controlled,Others,Not Applicable,Bitumen(Tar),Dry,Not Applicable,Clear,Near Aravinda Junction J P Nagara 1st phase,Near Aravinda Junction,1.5klm,0.0,0.0
Bengaluru City,Jayanagar Traffic PS,1.04432e+16,2019,1,2,Road Accidents,Junction,City/Town,Residential area,Human Error,Yes,Grievous Injury,Vehicle to Vehicle,No signal lights,Curve,Two way,Bitumen(Tar),Dry,Not Applicable,Clear,8th Main Road,4th Cross Road,3Km,0.0,0.0
Bengaluru City,Jayanagar Traffic PS,1.04432e+16,2019,1,1,Road Accidents,Not Applicable,City/Town,Residential area,Human Error,Yes,Grievous Injury,Hit pedestrian,Controlled,Straight and flat,Two way,Bitumen(Tar),Dry,Not Applicable,Clear,5th Main Road,BMES Gov Urdu School,2Km,0.0,0.0
Bengaluru City,Jayanagar Traffic PS,1.04432e+16,2019,1,2,Road Accidents,Junction,City/Town,Near Bus stop,Human Error,No,Grievous Injury,Vehicle to Vehicle,Signal lights Automatic,Straight and flat,Two way,Bitumen(Tar),Dry,Not Applicable,Clear,46th Cross Road,18th Main,1.5Km,0.0,0.0
Bengaluru City,Jayanagar Traffic PS,1.04432e+16,2019,1,2,Road Accidents,Junction,City/Town,Residential area,Human Error,No,Damage Only,Vehicle to Vehicle,No signal lights,Others,Two way,Bitumen(Tar),Dry,Not Applicable,Clear,33rd Cross Road,5th Main Road,500Mtr,0.0,0.0
Bengaluru City,Jayanagar Traffic PS,1.04432e+16,2019,1,2,Road Accidents,Junction,City/Town,Near a religious place,Human Error,Yes,Grievous Injury,Vehicle to Vehicle,Signal lights Automatic,Others,Two way,Bitumen(Tar),Dry,Not Applicable,Clear,4th Main Road Opp Nimishambha Tempal Jayanagara 3rd Block,4th Main Road Opp Nimishambha Tempal,500Mtr,0.0,0.0
Bengaluru City,Jayanagar Traffic PS,1.04432e+16,2019,1,2,Road Accidents,Not Applicable,City/Town,Residential area,Human Error,No,Damage Only,Vehicle to Vehicle,No signal lights,Not Applicable,Two way,Bitumen(Tar),Dry,Not Applicable,Clear,"Inrount Of dharsha Rhythem Apartment , Pandurang Nagara Bengalore City",Inrount Of dharsha Rhythem Apartment,3klm,0.0,0.0
Bengaluru City,Jayanagar Traffic PS,1.04432e+16,2019,1,1,Road Accidents,Not Applicable,City/Town,Residential area,Human Error,No,Fatal,Hit animal,No signal lights,Straight and flat,Two way,Bitumen(Tar),Dry,Not Applicable,Clear,4th Main Near 7th Cross J P Nagara 4th Phase,4th Main Near 7th Cross,2klm,12.903897,77.595343
Bengaluru City,Jayanagar Traffic PS,1.04432e+16,2019,1,2,Road Accidents,Cross roads,City/Town,Near office complex,Human Error,No,Simple Injury,Vehicle to Vehicle,No signal lights,Others,Two way,Bitumen(Tar),Dry,Not Applicable,Clear,24th Main Road 12th  Cross Road J P Nagara 2nd Phase,24th Main Road 12th  Cross Road,3klm,0.0,0.0
Bengaluru City,Jayanagar Traffic PS,1.04432e+16,2019,1,2,Road Accidents,Not Applicable,City/Town,Near School or College,Human Error,Yes,Damage Only,Vehicle to Vehicle,Not at  Junction,Others,Not Applicable,Bitumen(Tar),Dry,Not Applicable,Clear,Brigade Mileniom Nera M L R Kalyana Mantap J P Nagar,Brigade Mileniom Nera M L R Kalyana,3.5klm,0.0,0.0
Bengaluru City,Jayanagar Traffic PS,1.04432e+16,2019,1,1,Road Accidents,Junction,City/Town,Near office complex,Human Error,Yes,Simple Injury,Hit pedestrian,No signal lights,Straight and flat,Two way,Bitumen(Tar),Dry,Not Applicable,Clear,"Near Adithya Hotel, 2nd Phase J P Nagara",Near Adithya Hotel,2klm,0.0,0.0
Bengaluru City,Jayanagar Traffic PS,1.04432e+16,2019,1,2,Road Accidents,Circle,City/Town,Near office complex,Human Error,No,Grievous Injury,Vehicle to Vehicle,Not at  Junction,Others,Two way,Bitumen(Tar),Dry,Not Applicable,Clear,"Arekere Micolayout Main Road, 1st Main J P Nagara",Arekere Micolayout Main Road,3.5klm,0.0,0.0
Bengaluru City,Jayanagar Traffic PS,1.04432e+16,2019,1,2,Road Accidents,Junction,City/Town,Residential area,Human Error,No,Grievous Injury,Vehicle to Vehicle,No signal lights,Others,Others,Bitumen(Tar),Dry,Not Applicable,Clear,8th Main Road 16th cross Road Junction Jayanagar 3rd Block,16th cross Road Junction,500 Mt,12.935852,77.582735
Bengaluru City,Jayanagar Traffic PS,1.04432e+16,2019,1,2,Road Accidents,Junction,City/Town,Near office complex,Human Error,Yes,Grievous Injury,Vehicle to Vehicle,No signal lights,Others,Two way,Bitumen(Tar),Dry,Not Applicable,Clear,Near Sangam Circle 2nd Main 8th Block  Jayanagar,Near Sangam Circle 2nd Main,1klm,0.0,0.0
Bengaluru City,Jayanagar Traffic PS,1.04432e+16,2019,1,1,Road Accidents,Not Applicable,City/Town,Near office complex,Human Error,Yes,Grievous Injury,Hit pedestrian,Not at  Junction,Straight and flat,Two way,Bitumen(Tar),Dry,Not Applicable,Clear,15th Cross Road Ring Road Sindura Kalyanamantap,15th Cross Road Ring Road,2klm,0.0,0.0
Bengaluru City,Jayanagar Traffic PS,1.04432e+16,2019,1,2,Road Accidents,Not Applicable,City/Town,Open area,Human Error,Yes,Fatal,Vehicle to Vehicle,No signal lights,Straight and flat,Two way,Bitumen(Tar),Dry,Not Applicable,Others,4th Main Road Near Metro Pillar No P-4 4th Cross jayanagara 4th Block,4th Main Road Near Metro,0.5klm,0.0,0.0
Bengaluru City,Jayanagar Traffic PS,1.04432e+16,2019,1,1,Road Accidents,Cross roads,City/Town,Narrow bridge or culverts,Human Error,No,Fatal,Hit pedestrian,Not at  Junction,Others,Two way,Bitumen(Tar),Dry,Not Applicable,Clear,Near Dalmiya Junction 15th Cross Ring Road 14th Main Road J P Nagara 2nd Phase,Near Dalmiya Junction 15th Cross Ring Road 14th Main Road,3Km,0.0,0.0
Bengaluru City,Jayanagar Traffic PS,1.04432e+16,2019,1,1,Road Accidents,Cross roads,City/Town,Open area,Human Error,Yes,Grievous Injury,Hit pedestrian,Signal lights Not working,Curve,Two way,Bitumen(Tar),Dry,Not Applicable,Clear,Siddapura Main Road Opp Lal Bagh South Gate Jayanagara 1st Block,Siddapura Main Road Opp Lal Bagh South Gate,2klm,0.0,0.0
Bengaluru City,Jayanagar Traffic PS,1.04432e+16,2019,1,1,Road Accidents,Not Applicable,City/Town,Near office complex,Human Error,Yes,Grievous Injury,Hit pedestrian,No signal lights,Straight and flat,Two way,Bitumen(Tar),Dry,Not Applicable,Clear,In Frount Of Vijaya Bank Near Ganesha Templae Arekere Mico layout Main Road,In Frount Of Vijaya Bank Near Ganesha,3.5klm,12.891083,77.595161
Bengaluru City,Jayanagar Traffic PS,1.04432e+16,2019,1,1,Road Accidents,Junction,City/Town,Near office complex,Human Error,Yes,Grievous Injury,Hit pedestrian,No signal lights,Not Applicable,Two way,Bitumen(Tar),Dry,Not Applicable,Clear,16th  Cross Road & 18th Main Road Junction J P Nagara 5th Phase,16th  Cross Road & 18th Main Road Junction,2klm,0.0,0.0
Bengaluru City,Jayanagar Traffic PS,1.04432e+16,2019,1,1,Road Accidents,Junction,City/Town,Near Bus stop,Human Error,No,Grievous Injury,Hit pedestrian,Signal lights Automatic,Straight and flat,Two way,Bitumen(Tar),Dry,Not Applicable,Clear,Bansahankari Circle Near BSK Bus Stop Kanakapur Main Road Jayanagara 8th Block,Bansahankari Circle Near BSK Bus Stop Kanakapur Main Road,1.5klm,0.0,0.0
Bengaluru City,Jayanagar Traffic PS,1.04432e+16,2019,1,1,Road Accidents,Not Applicable,City/Town,Near office complex,Human Error,No,Fatal,Hit pedestrian,Not at  Junction,Straight and flat,Two way,Bitumen(Tar),Dry,Not Applicable,Clear,"15th Cross 14th Main Road, J P nagara 2nd Phase Bengalore",15th Cross 14th Main Road,2.5klm,0.0,0.0
Bengaluru City,Jayanagar Traffic PS,1.04432e+16,2019,1,1,Road Accidents,Not Applicable,City/Town,Open area,Human Error,No,Fatal,Not Applicable,Not at  Junction,Straight and flat,Not Applicable,Bitumen(Tar),Dry,Not Applicable,Clear,Near House No 185 Kothanuru Dinne Main J R Lavender Apartment Road J P Nagar 8th Phase,Near House No 185 Kothanuru Dinne Main J R Lavender Apartment Road,4klm,0.0,0.0
Bengaluru City,Jayanagar Traffic PS,1.04432e+16,2019,1,2,Road Accidents,Not Applicable,City/Town,Near office complex,Human Error,Yes,Fatal,Vehicle to Vehicle,Not at  Junction,Straight and flat,Two way,Bitumen(Tar),Dry,Not Applicable,Clear,"IDBI Bank Opp, 24th Road J P Nagara 5th Phase",IDBI Bank Opp 24th Road,3kkm,12.904009,77.585755
Bengaluru City,Jayanagar Traffic PS,1.04432e+16,2019,1,1,Road Accidents,Narrow road,City/Town,Residential area,Human Error,No,Grievous Injury,Hit pedestrian,No signal lights,Not Applicable,Two way,Bitumen(Tar),Dry,Not Applicable,Clear,7th Cross Near 2nd Main Road Siddapura 1st Block Jayanagar,7th Cross Near 2nd Main Road,2klm,12.942811,77.592916
Bengaluru City,Jayanagar Traffic PS,1.04432e+16,2019,1,2,Road Accidents,Junction,City/Town,Near office complex,Human Error,Yes,Grievous Injury,Vehicle to Vehicle,No signal lights,Straight and flat,Two way,Bitumen(Tar),Dry,Not Applicable,Clear,"Near Pue Coffee Shop 36th Cross, 6th Main jayanagara 5th Block Bengalaore",Near Pue Coffee Shop 36th Cross 6th Main,4klm,0.0,0.0
Bengaluru City,Jayanagar Traffic PS,1.04432e+16,2019,1,2,Road Accidents,Junction,City/Town,Near office complex,Human Error,Yes,Grievous Injury,Vehicle to Vehicle,Signal lights Automatic,Others,Two way,Bitumen(Tar),Dry,Not Applicable,Clear,Near J S S Junction Jayanagara 8th Block,Near J S S Junction,1.5klm,0.0,0.0
Bengaluru City,Jayanagar Traffic PS,1.04432e+16,2019,1,1,Road Accidents,Not Applicable,City/Town,Near Hospital,Human Error,No,Fatal,Not Applicable,Not at  Junction,Curve,Two way,Bitumen(Tar),Dry,Not Applicable,Clear,Under Bridge Of Nimhans Hospital Campus Siddapura,Under Bridge Of Nimhans,2km,12.941151,77.597499
Bengaluru City,Jayanagar Traffic PS,1.04432e+16,2019,1,1,Road Accidents,Narrow road,City/Town,Residential area,Human Error,No,Fatal,Not Applicable,Not at  Junction,Straight and flat,Two way,Bitumen(Tar),Dry,Not Applicable,Clear,"14th Cross, 33rd main Road",J P nagara 1st Phase,2.5 KM,12.907088,77.580293
Bengaluru City,Jayanagar Traffic PS,1.04432e+16,2019,1,1,Road Accidents,Junction,City/Town,Near office complex,Human Error,No,Grievous Injury,Hit pedestrian,Signal lights Automatic,Others,One way,Bitumen(Tar),Dry,Not Applicable,Clear,Canara Bank Junction 27th Cross Road Jayanagara 3rd Block,Canara Bank Junction 27th Cross Road,200mtr,0.0,0.0
Bengaluru City,Jayanagar Traffic PS,1.04432e+16,2019,1,2,Rail Road Accidents,Junction,City/Town,Near office complex,Human Error,Yes,Grievous Injury,Vehicle to Vehicle,No signal lights,Others,Two way,Bitumen(Tar),Dry,Not Applicable,Others,16th Main Road BES Collage Near 4th T Block Jayanagar,16th Main Road BES Collage Near,1km,0.0,0.0
Bengaluru City,Jayanagar Traffic PS,1.04432e+16,2019,1,1,Road Accidents,Not Applicable,City/Town,Near Hospital,Human Error,Yes,Simple Injury,Hit pedestrian,Not at  Junction,Others,One way,Bitumen(Tar),Dry,Not Applicable,Clear,Opp Mallige Hospital Siddapura main Road,Opp Mallige Hospital Siddapura main Road,2.5klm,0.0,0.0
Bengaluru City,Jayanagar Traffic PS,1.04432e+16,2019,1,2,Road Accidents,Circle,City/Town,Open area,Human Error,Yes,Fatal,Vehicle to Vehicle,Signals (Not working),Others,Others,Bitumen(Tar),Dry,Not Applicable,Clear,Lal Baga South Geat Near Siddapura Main Road Jayanagara 1st Block,Lal Baga South Geat Near Siddapura Main Road,2klm,0.0,0.0
Bengaluru City,Jayanagar Traffic PS,1.04432e+16,2019,1,2,Road Accidents,Cross roads,City/Town,Open area,Human Error,No,Grievous Injury,Vehicle to Vehicle,No signal lights,Not Applicable,Others,Bitumen(Tar),Dry,Not Applicable,Clear,11th B Cross Near K E B power House J P Nagara 1st Phase,11th B Cross Near K E B power House,2klm,12.908134,77.580748
Bengaluru City,Jayanagar Traffic PS,1.04432e+16,2019,1,1,Road Accidents,Not Applicable,City/Town,Near office complex,Human Error,No,Grievous Injury,Hit pedestrian,No signal lights,Straight and flat,Two way,Bitumen(Tar),Not Applicable,Not Applicable,Clear,15th Cross Ring Road Max Showroom J P Nagar 4th Phase,15th Cross Ring Road Max Showroom,3klm,0.0,0.0
Bengaluru City,Jayanagar Traffic PS,1.04432e+16,2019,1,2,Road Accidents,Junction,City/Town,Near office complex,Human Error,Yes,Grievous Injury,Vehicle to Vehicle,Signal lights Automatic,Others,Two way,Bitumen(Tar),Dry,Not Applicable,Clear,3rd Main Road Near Dalmia Junction J P Nagara 3rd Phase Bengalore,3rd Main Road Near Dalmia Junction,3km,0.0,0.0
Bengaluru City,Jayanagar Traffic PS,1.04432e+16,2019,1,1,Road Accidents,Curves,City/Town,Near office complex,Human Error,No,Grievous Injury,Hit pedestrian,Controlled,Others,Two way,Bitumen(Tar),Dry,Not Applicable,Clear,24th Main Road,17th Cross Road,3Km,0.0,0.0
Bengaluru City,Jayanagar Traffic PS,1.04432e+16,2019,1,1,Road Accidents,Cross roads,City/Town,Near Hospital,Human Error,No,Grievous Injury,Hit pedestrian,No signal lights,Straight and flat,Two way,Bitumen(Tar),Dry,Not Applicable,Clear,9th Cross J P Nagara 1st Phase,9th Cross,1.5klm,0.0,0.0
Bengaluru City,Jayanagar Traffic PS,1.04432e+16,2019,1,2,Road Accidents,Junction,City/Town,Near Petrol Pump,Human Error,No,Grievous Injury,Vehicle to Vehicle,Signals (Working),Curve,Two way,Bitumen(Tar),Dry,Not Applicable,Clear,Soth End Circal,Jayanagara 2nd Block,1Km,0.0,0.0
Bengaluru City,Jayanagar Traffic PS,1.04432e+16,2019,1,1,Road Accidents,Junction,City/Town,Near School or College,Human Error,No,Grievous Injury,Hit pedestrian,No signal lights,Others,Two way,Bitumen(Tar),Dry,Not Applicable,Clear,Oxford English School J P Nagara 1st Phase,Oxford English School,2klm,0.0,0.0
Bengaluru City,Jayanagar Traffic PS,1.04432e+16,2019,1,1,Road Accidents,Junction,City/Town,Near office complex,Human Error,Yes,Grievous Injury,Hit pedestrian,Signal lights Automatic,Others,Not Applicable,Bitumen(Tar),Dry,Not Applicable,Clear,35th Main Road 15th Cross Road Junction J P Nagara 6th Phase,35th Main Road 15th Cross Road Junction,2klm,12.906462,77.578239
Bengaluru City,Jayanagar Traffic PS,1.04432e+16,2019,1,1,Road Accidents,Not Applicable,City/Town,Residential area,Human Error,Yes,Fatal,Hit pedestrian,Not at  Junction,Others,Others,Concrete,Dry,Not Applicable,Clear,Thaeamandala Layout Pipe Line Road 4th Cross,Thaeamandala Layout Pipe Line Road,2km,12.914441,77.575799
Bengaluru City,Jayanagar Traffic PS,1.04432e+16,2019,1,1,Road Accidents,Junction,City/Town,Near office complex,Human Error,No,Grievous Injury,Hit pedestrian,No signal lights,Curve,Two way,Bitumen(Tar),Dry,Not Applicable,Clear,30th Cross Opp Maiyas Hotel Jayanagara 4th Block,30th Cross Opp Maiyas Hotel,100mtr,0.0,0.0
Bengaluru City,Jayanagar Traffic PS,1.04432e+16,2019,1,2,Road Accidents,Cross roads,City/Town,Open area,Human Error,No,Grievous Injury,Vehicle to Vehicle,No signal lights,Others,Two way,Bitumen(Tar),Dry,Not Applicable,Clear,15th Cross Road,J P Nagara 2rd Phase,3km,0.0,0.0
Bengaluru City,Jayanagar Traffic PS,1.04432e+16,2019,1,1,Road Accidents,Junction,City/Town,Residential area,Human Error,Yes,Fatal,Hit bicyclist,No signal lights,Others,One way,Bitumen(Tar),Dry,Not Applicable,Clear,8th Main Road Kanakna Pally Near Indira Canteen Hutta Circle,8th Main Road Kanakna Pally Near Indira Canteen Hutta Circle,1.5klm,0.0,0.0
Bengaluru City,Jayanagar Traffic PS,1.04432e+16,2019,1,2,Road Accidents,Junction,City/Town,Residential area,Human Error,Yes,Grievous Injury,Vehicle to Vehicle,Controlled,Others,Two way,Bitumen(Tar),Dry,Not Applicable,Clear,10th C Main 3rd Cross Jayanagara 1st Block,10th C Main 3rd,2klm,0.0,0.0
Bengaluru City,Jayanagar Traffic PS,1.04432e+16,2019,1,1,Road Accidents,Not Applicable,City/Town,Open area,Human Error,No,Fatal,Hit pedestrian,Not at  Junction,Others,Others,Bitumen(Tar),Dry,Not Applicable,Clear,Ragigudda Anjanaiah Temple Opp J P Nagara 2nd Phase,Ragigudda Anjanaiah Temple Opp,2.5klm,0.0,0.0
Bengaluru City,Jayanagar Traffic PS,1.04432e+16,2019,1,1,Road Accidents,Junction,City/Town,Near office complex,Human Error,Yes,Grievous Injury,Hit pedestrian,Signal lights Automatic,Others,Not Applicable,Bitumen(Tar),Dry,Not Applicable,Clear,"Neer Sarajkkr Junction, 15th Cross Outer Ringa Road J P Nagar 6th Phase",Neer Sarajkkr Junction 15th Cross Outer Ringa Road,2klm,12.906518,77.573376
Bengaluru City,Jayanagar Traffic PS,1.04432e+16,2019,1,1,Road Accidents,Not Applicable,City/Town,Near Hospital,Human Error,Yes,Grievous Injury,Not Applicable,No signal lights,Others,Two way,Bitumen(Tar),Dry,Not Applicable,Clear,17th Main Road 2nd A Cross J P Nagara 2nd Phase,17th Mian Road 17th Main Road 2nd A Cross,2klm,0.0,0.0