DISTRICTNAME,UNITNAME,Crime_No,Year,RI,Noofvehicle_involved,Accident_Classification,Accident_Spot,Accident_Location,Accident_SubLocation,Main_Cause,Hit_Run,Severity,Collision_Type,Junction_Control,Road_Character,Road_Type,Surface_Type,Surface_Condition,Road_Condition,Weather,Accident_Road,Landmark_first,Distance_LandMark_First,Latitude,Longitude
Bengaluru City,Jayanagar Traffic PS,1.04432e+16,2019,1,2,Road Accidents,Junction,City/Town,Near office complex,Human Error,No,Damage Only,Vehicle to Vehicle,No signal lights,Others,Two way,Bitumen(Tar),Dry,Not Applicable,Clear,5th cross 26th Main Inchara Hotel J P Nagara 6th Phase,5th cross 26th Main Inchara Hotel,3klm,0.0,0.0
Bengaluru City,Jayanagar Traffic PS,1.04432e+16,2019,1,1,Road Accidents,Narrow road,City/Town,Near a religious place,Human Error,No,Grievous Injury,Hit pedestrian,Not at  Junction,Others,One way,Bitumen(Tar),Dry,Not Applicable,Clear,South End Circle Near Bigg Bell Bengalore,South End Circle,1km,0.0,0.0
Bengaluru City,Jayanagar Traffic PS,1.04432e+16,2019,1,2,Road Accidents,Junction,City/Town,In bazaar,Human Error,No,Grievous Injury,Vehicle to Vehicle,Controlled,Others,Two way,Bitumen(Tar),Dry,Not Applicable,Clear,"25th Main Road, Southend B Cross Road",Near Bangalore Central Mall,2.5Km,0.0,0.0
Bengaluru City,Jayanagar Traffic PS,1.04432e+16,2019,1,2,Road Accidents,Junction,City/Town,Residential area,Human Error,No,Grievous Injury,Vehicle to Vehicle,No signal lights,Others,Two way,Bitumen(Tar),Dry,Not Applicable,Clear,14th main Road 34th Cross Junction Jayanagara 4th T Block,14th Main Riad,1km,0.0,0.0
Bengaluru City,Jayanagar Traffic PS,1.04432e+16,2019,1,2,Road Accidents,Not Applicable,City/Town,Near office complex,Human Error,Yes,Grievous Injury,Vehicle to Vehicle,No signal lights,Straight and flat,Two way,Bitumen(Tar),Dry,Not Applicable,Clear,24th Main Road J P nagara 2nd Phase Opp LIC Office Bengalore,24th Main Road J P nagara 2nd Phase Opp,2klm,12.913967,77.585756
Bengaluru City,Jayanagar Traffic PS,1.04432e+16,2019,1,1,Road Accidents,Junction,City/Town,Near office complex,Human Error,Yes,Grievous Injury,Hit pedestrian,No signal lights,Others,Others,Bitumen(Tar),Dry,Not Applicable,Clear,35th Main Road 10th Cross Junction J P Nagar,35th Main Road 10th Cross Road Junction,2klm,12.908977,77.57782
Bengaluru City,Jayanagar Traffic PS,1.04432e+16,2019,1,2,Road Accidents,Junction,City/Town,Near Hospital,Human Error,No,Grievous Injury,Vehicle to Vehicle,Signal lights Automatic,Others,Two way,Bitumen(Tar),Dry,Not Applicable,Clear,24th Main Road 9th Cross Road R V Dentel Junction J P Nagara 1st Phase,24th Main Road 9th Cross Road R V Dentel Junction,2klm,0.0,0.0
Bengaluru City,Jayanagar Traffic PS,1.04432e+16,2020,1,1,Road Accidents,Not Applicable,City/Town,Near School or College,Human Error,No,Grievous Injury,Hit bicyclist,Not at  Junction,Straight and flat,Two way,Bitumen(Tar),Dry,Not Applicable,Clear,Brigade Millenium Road Near M L R Kalyana Mantapa J P Nagar 7th Phase,Brigade Millenium Road,3klm,0.0,0.0
Bengaluru City,Jayanagar Traffic PS,1.04432e+16,2020,1,2,Road Accidents,Not Applicable,City/Town,Near School or College,Human Error,No,Fatal,Not Applicable,Not at  Junction,Not Applicable,Two way,Bitumen(Tar),Dry,Not Applicable,Clear,"Acchappa Layout Road, Near Narayana School, BOB Colony, J P Nagar 7th Phase Bengalore",School BOB Colony,4klm,0.0,0.0
Bengaluru City,Jayanagar Traffic PS,1.04432e+16,2020,1,2,Road Accidents,Not Applicable,City/Town,Near office complex,Human Error,Yes,Grievous Injury,Vehicle to Vehicle,Not at  Junction,Others,Two way,Bitumen(Tar),Dry,Not Applicable,Clear,15th Cross Outer Ring Road Near More Shopping Mall J P Nagara 3rd Phase Bengalore,15th Cross Outer Ring Road Near More Shopping Mall,3klm,0.0,0.0
Bengaluru City,Jayanagar Traffic PS,1.04432e+16,2020,1,2,Road Accidents,Not Applicable,City/Town,Near office complex,Human Error,Yes,Fatal,Vehicle to Vehicle,Not at  Junction,Straight and flat,One way,Bitumen(Tar),Dry,Not Applicable,Clear,"Elephant Rock Road, Opp Kalyan Jewellers jayanagara 3rd Block",Elephant Rock Road Opp Kalyan Jewellers,800Mtr,0.0,0.0
Bengaluru City,Jayanagar Traffic PS,1.04432e+16,2020,1,2,Road Accidents,Not Applicable,City/Town,Near office complex,Human Error,No,Grievous Injury,Vehicle to Vehicle,No signal lights,Straight and flat,One way,Bitumen(Tar),Dry,Not Applicable,Clear,"Marigowda Road, Opp Girias Show Room, jayanagara 2nd Block",Marigowda Road Opp Girias Show Room,1.5klm,0.0,0.0
Bengaluru City,Jayanagar Traffic PS,1.04432e+16,2020,1,1,Road Accidents,Junction,City/Town,Near office complex,Human Error,Yes,Grievous Injury,Hit pedestrian,No signal lights,Others,Two way,Bitumen(Tar),Dry,Not Applicable,Clear,15th Ring Road Near 6th B Main Road J P Nagar 3rd Phase,15th Ring Road Near 6th B Main Road,4klm,0.0,0.0
Bengaluru City,Jayanagar Traffic PS,1.04432e+16,2020,1,1,Road Accidents,Not Applicable,City/Town,Near office complex,Human Error,No,Grievous Injury,Hit pedestrian,No signal lights,Others,Two way,Bitumen(Tar),Dry,Not Applicable,Clear,Siddapura Main Road Maati Story Opp Jayanagara 1st Block,Siddapura Main Road Maati Story Opp,1.5klm,0.0,0.0
Bengaluru City,Jayanagar Traffic PS,1.04432e+16,2020,1,1,Road Accidents,Not Applicable,City/Town,Near office complex,Human Error,Yes,Fatal,Hit pedestrian,No signal lights,Others,Two way,Bitumen(Tar),Dry,Not Applicable,Clear,"15th Cross Ring Road, Dolimiya Fly Over 4th Phase J P Nagara",15th Cross Ring Road Dolimiya Fly Over,3klm,0.0,0.0
Bengaluru City,Jayanagar Traffic PS,1.04432e+16,2020,1,2,Road Accidents,Junction,City/Town,Residential area,Human Error,Yes,Fatal,Vehicle to Vehicle,No signal lights,Others,Two way,Bitumen(Tar),Dry,Not Applicable,Clear,"15th Main, 38th Cross Road Junction Jayanagara 4th T Block Bengalore",15th Main 38th Cross Road Junction,1.5klm,0.0,0.0
Bengaluru City,Jayanagar Traffic PS,1.04432e+16,2020,1,2,Road Accidents,Junction,City/Town,Open area,Human Error,Yes,Grievous Injury,Vehicle to Vehicle,No signal lights,Others,Two way,Bitumen(Tar),Dry,Not Applicable,Clear,9th Main 46th Cross Junction 5th Block Jayanagara,9th Main 46th Cross Junction,1klm,0.0,0.0
Bengaluru City,Jayanagar Traffic PS,1.04432e+16,2020,1,2,Road Accidents,Not Applicable,City/Town,Open area,Human Error,Yes,Grievous Injury,Vehicle to Vehicle,Not at  Junction,Curve,Two way,Bitumen(Tar),Dry,Not Applicable,Clear,Near Lalbag South Geat Siddapur Main Road,Near Lalbag South Geat,2klm,0.0,0.0
Bengaluru City,Jayanagar Traffic PS,1.04432e+16,2020,1,2,Road Accidents,Not Applicable,City/Town,Near office complex,Human Error,Yes,Grievous Injury,Vehicle to Vehicle,Signal lights Not working,Curve,Two way,Concrete,Dry,Not Applicable,Clear,"Kanakapura Main Road, 1st B Main Road Junction, Jayanagara 8th Block",Kanakapura Main Road 1st B Main Road Junction,1klm,0.0,0.0
Bengaluru City,Jayanagar Traffic PS,1.04432e+16,2020,1,1,Road Accidents,Junction,City/Town,Near office complex,Human Error,No,Grievous Injury,Hit pedestrian,Not at  Junction,Others,Two way,Bitumen(Tar),Dry,Not Applicable,Clear,Naer Kalyani Magnum J P Nagar  4th Phase Bengalore,Naer Kalyani Magnum,3klm,0.0,0.0
Bengaluru City,Jayanagar Traffic PS,1.04432e+16,2020,1,1,Road Accidents,Junction,City/Town,Residential area,Human Error,Yes,Grievous Injury,Hit pedestrian,No signal lights,Others,Two way,Bitumen(Tar),Dry,Not Applicable,Clear,"9th Cross Road, And  29th Main Road Junction, J P Nagar 1st Phase",9th Cross Road And  29th Main Road Junction,2klm,0.0,0.0
Bengaluru City,Jayanagar Traffic PS,1.04432e+16,2020,1,1,Road Accidents,Narrow road,City/Town,Near office complex,Human Error,No,Fatal,Not Applicable,No signal lights,Others,Two way,Bitumen(Tar),Dry,Not Applicable,Clear,Rajiva Gandhi Road Near Udupi Grand Hotel Jaraganahalli J P Nagara 6th Phase,Rajiva Gandhi Road Near Udupi Grand Hotel,2klm,0.0,0.0
Bengaluru City,Jayanagar Traffic PS,1.04432e+16,2020,1,1,Road Accidents,Junction,City/Town,Near Hospital,Human Error,Yes,Grievous Injury,Hit pedestrian,No signal lights,Others,Two way,Bitumen(Tar),Dry,Not Applicable,Clear,Byrasandra Main Road Opp Siddapura Police Station Bengalore,Byrasandra Main Road Opp,1 1/2,0.0,0.0
Bengaluru City,Jayanagar Traffic PS,1.04432e+16,2020,1,2,Road Accidents,Not Applicable,City/Town,Near office complex,Human Error,Yes,Simple Injury,Vehicle to Vehicle,Not at  Junction,Others,Two way,Bitumen(Tar),Dry,Not Applicable,Clear,Ring Road 15th Cross Opp Damro Furniture Shop J P Nagara 5th Phase,Ring Road 15th Cross Opp Damro Furniture Shop,2km,0.0,0.0
Bengaluru City,Jayanagar Traffic PS,1.04432e+16,2020,1,2,Road Accidents,Not Applicable,City/Town,Near office complex,Human Error,Yes,Grievous Injury,Vehicle to Vehicle,Not at  Junction,Others,Two way,Bitumen(Tar),Dry,Not Applicable,Clear,8th Main Road SLV hotel Opp J P Nagara 3rd Pahse,8th Main Road SLV hotel Opp,3klm,12.915072,77.59502
Bengaluru City,Jayanagar Traffic PS,1.04432e+16,2020,1,2,Road Accidents,Junction,City/Town,Residential area,Human Error,No,Grievous Injury,Vehicle to Vehicle,No signal lights,Others,Two way,Bitumen(Tar),Dry,Not Applicable,Clear,33rd Cross Road And 7th Mian Road Junction Jayanagara 4th Block,33rd Cross Road And 7th Mian Road Junction,02.klm,0.0,0.0
Bengaluru City,Jayanagar Traffic PS,1.04432e+16,2020,1,2,Road Accidents,Junction,City/Town,Residential area,Human Error,Yes,Damage Only,Vehicle to Vehicle,No signal lights,Others,Two way,Bitumen(Tar),Dry,Not Applicable,Clear,"46th Cross Road, Sangam Circle, Jayanagar 8th Block",46th Cross Road Sangam Circle,1klm,0.0,0.0
Bengaluru City,Jayanagar Traffic PS,1.04432e+16,2020,1,2,Road Accidents,Not Applicable,City/Town,Near Bus stop,Human Error,No,Grievous Injury,Vehicle to Vehicle,Not at  Junction,Straight and flat,One way,Concrete,Dry,Not Applicable,Clear,"30th Cross Road, Nera B M T C Bus Stop Jayanagara 4th Block",30th Cross Road Nera B M T C Bus Stop,500mt,0.0,0.0
Bengaluru City,Jayanagar Traffic PS,1.04432e+16,2020,1,1,Road Accidents,Narrow road,City/Town,Residential area,Human Error,No,Fatal,Not Applicable,Not at  Junction,Curve,Two way,Bitumen(Tar),Dry,Not Applicable,Clear,"1st Main Road, Near Open Site Ashtalakashmi Layout J P Nagara 6th Phase Bengalore",1st Main Road Near Open Site Ashtalakashmi Layout,3klm,0.0,0.0
Bengaluru City,Jayanagar Traffic PS,1.04432e+16,2020,1,2,Road Accidents,Junction,City/Town,Open area,Human Error,No,Grievous Injury,Vehicle to Vehicle,No signal lights,Others,Two way,Bitumen(Tar),Dry,Not Applicable,Clear,"33rd Cross, 4th Main  Road Junction, jayangara 4th Block",33rd Cross 4th Main  Road Junction,500mtr,0.0,0.0
Bengaluru City,Jayanagar Traffic PS,1.04432e+16,2020,1,1,Road Accidents,Junction,City/Town,Near office complex,Human Error,Yes,Grievous Injury,Hit pedestrian,No signal lights,Others,Two way,Bitumen(Tar),Dry,Not Applicable,Clear,"8th Mian Road, 22nd Cross Road, Jayangara 3rd Block",8th Mian Road 22nd Cross Road,600mtr,0.0,0.0
Bengaluru City,Jayanagar Traffic PS,1.04432e+16,2020,1,1,Road Accidents,Not Applicable,City/Town,Near office complex,Human Error,No,Fatal,Not Applicable,No signal lights,Straight and flat,One way,Bitumen(Tar),Dry,Not Applicable,Clear,Ring Road 15th Cross Near More Shopping  Mall J P Nagar 3rd Phase,Ring Road 15th Cross Near More Shopping  Mall,3km,0.0,0.0
Bengaluru City,Jayanagar Traffic PS,1.04432e+16,2020,1,2,Road Accidents,Not Applicable,City/Town,Open area,Human Error,Yes,Grievous Injury,Vehicle to Vehicle,No signal lights,Others,One way,Bitumen(Tar),Dry,Not Applicable,Clear,"4th Main Road, Near 40th Cross Road 5th block Jayanagara",4th Main Road Near 40th Cross Road,1klm,0.0,0.0
Bengaluru City,Jayanagar Traffic PS,1.04432e+16,2020,1,2,Road Accidents,Junction,City/Town,Open area,Human Error,No,Grievous Injury,Vehicle to Vehicle,No signal lights,Others,Two way,Bitumen(Tar),Dry,Not Applicable,Clear,"5th Main Road, 33rd cross Junction Jayanagara 4th Block",5th Main Road 33rd cross Junction,500mtr,0.0,0.0
Bengaluru City,Jayanagar Traffic PS,1.04432e+16,2020,1,2,Road Accidents,Junction,City/Town,Near office complex,Human Error,Yes,Fatal,Vehicle to Vehicle,No signal lights,Others,One way,Bitumen(Tar),Wet,Not Applicable,Light Rain,15th Cross Ring Road & 14th Main Road Junction J P Nagara 5th Phase,15th Cross Ring Road & 14th Main Road Junction,3klm,0.0,0.0
Bengaluru City,Jayanagar Traffic PS,1.04432e+16,2020,1,1,Road Accidents,Not Applicable,City/Town,Near Hospital,Human Error,Yes,Grievous Injury,Not Applicable,Not at  Junction,Others,Not Applicable,Not Applicable,Dry,Not Applicable,Clear,Infront Of Nmihans Hospital Emergency Siddapur Jayanagara 1st Block,Infront Of Nmihans Hospital Emergency Siddapur,2klm,0.0,0.0
Bengaluru City,Jayanagar Traffic PS,1.04432e+16,2020,1,1,Road Accidents,Not Applicable,City/Town,At pedestrian Crossing,Human Error,Yes,Fatal,Hit pedestrian,Not Applicable,Others,One way,Bitumen(Tar),Dry,Not Applicable,Clear,Kanakapura Main Road Near BSK Metro Station jayanagara 8th Block,Kanakapura Main Road Near BSK Metro Station,1.5klm,0.0,0.0
Bengaluru City,Jayanagar Traffic PS,1.04432e+16,2020,1,2,Road Accidents,Not Applicable,City/Town,Near Petrol Pump,Not Applicable,Yes,Grievous Injury,Vehicle to Vehicle,No signal lights,Straight and flat,Two way,Bitumen(Tar),Dry,Not Applicable,Clear,"Opp Essar Petrol Bunk, 24th Main Road, J P Nagar 2nd Phase Bengalore",Opp Essar Petrol Bunk 24th Main Road,2.5klm,0.0,0.0
Bengaluru City,Jayanagar Traffic PS,1.04432e+16,2020,1,1,Road Accidents,Not Applicable,City/Town,Residential area,Human Error,Yes,Grievous Injury,Hit pedestrian,No signal lights,Not Applicable,Two way,Bitumen(Tar),Dry,Not Applicable,Clear,"House No 23 Near, 11th Main Road, Nataraj Layout, J P Nagara 7th Phase",House No 23 Near 11th Main Road Nataraj Layout,3klm,0.0,0.0
Bengaluru City,Jayanagar Traffic PS,1.04432e+16,2020,1,1,Road Accidents,Not Applicable,City/Town,Near Hospital,Human Error,Yes,Grievous Injury,Hit pedestrian,No signal lights,Others,Two way,Bitumen(Tar),Dry,Not Applicable,Clear,"Near Hitech kidney Hospitel, 32nd Cross Road, 7th block Jayanagara",Near Hitech kidney Hospitel 32nd Cross Road,300mtr,0.0,0.0
Bengaluru City,Jayanagar Traffic PS,1.04432e+16,2020,1,1,Road Accidents,Not Applicable,City/Town,Near Hospital,Human Error,No,Fatal,Not Applicable,No signal lights,Others,Two way,Concrete,Dry,Not Applicable,Clear,Kanakapura Main Road Near NetraDhama Hospital,Kanakapura Main Road,1klm,0.0,0.0
Bengaluru City,Jayanagar Traffic PS,1.04432e+16,2020,1,1,Road Accidents,Junction,City/Town,Near office complex,Human Error,Yes,Fatal,Hit pedestrian,No signal lights,Others,Two way,Bitumen(Tar),Dry,Construction Work / Material,Clear,"46th Cross Road, Marenhalli Metro Construction, Jayanagara 5th Block",46th Cross Road Marenhalli Metro Construction,1.5klm,0.0,0.0
Bengaluru City,Jayanagar Traffic PS,1.04432e+16,2020,1,2,Road Accidents,Cross roads,City/Town,Near Petrol Pump,Human Error,No,Grievous Injury,Vehicle to Vehicle,No signal lights,Others,Two way,Bitumen(Tar),Dry,Not Applicable,Clear,"Near Nayara Petrol Bunk, Brigade Millenium Road, Nataraj Layout J P Nagara 7th Phase",Near Nayara Petrol Bunk Brigade Millenium Road Nataraj Layout,5klm,0.0,0.0
Bengaluru City,Jayanagar Traffic PS,1.04432e+16,2020,1,1,Road Accidents,Not Applicable,City/Town,Residential area,Human Error,No,Fatal,Not Applicable,Not at  Junction,Others,Two way,Bitumen(Tar),Dry,Not Applicable,Clear,"1st Cros Road, Sun City Layout, J P Nagar 7th Phase",1st Cros Road Sun City Layout,6.5klm,0.0,0.0
Bengaluru City,Jayanagar Traffic PS,1.04432e+16,2020,1,2,Road Accidents,Junction,City/Town,Near office complex,Human Error,No,Grievous Injury,Vehicle to Vehicle,No signal lights,Not Applicable,One way,Bitumen(Tar),Dry,Not Applicable,Clear,Near Nexa Show Room 20th Main 15th Cross Ring Road Junction J P Nagar 2nd Phase,Near Nexa Show Room 20th Main 15th Cross Ring Road Junction,3klm,0.0,0.0
Bengaluru City,Jayanagar Traffic PS,1.04432e+16,2020,1,2,Road Accidents,Junction,City/Town,Residential area,Human Error,No,Grievous Injury,Vehicle to Vehicle,No signal lights,Others,Two way,Bitumen(Tar),Dry,Not Applicable,Clear,J P Nagara 2nd Phase 14th Cross Road,14th Cross Road,3Km,0.0,0.0
Bengaluru City,Jayanagar Traffic PS,1.04432e+16,2020,1,1,Road Accidents,Curves,City/Town,Residential area,Human Error,No,Fatal,Not Applicable,No signal lights,Curve,Two way,Bitumen(Tar),Dry,Not Applicable,Clear,Wood Rose Club Back Gate Road. J P Nagar 7th Phase Bengalore,Wood Rose Club Back Gate Road J P Nagar,2klm,0.0,0.0
Bengaluru City,Jayanagar Traffic PS,1.04432e+16,2020,1,2,Road Accidents,Not Applicable,City/Town,Residential area,Human Error,No,Grievous Injury,Vehicle to Vehicle,No signal lights,Straight and flat,Two way,Bitumen(Tar),Dry,Not Applicable,Clear,"Kanakanapalya Main Road, jayanagara 2nd Block Bengalore",Kanakanapalya Main Road,2klm,0.0,0.0
Bengaluru City,Jayanagar Traffic PS,1.04432e+16,2020,1,2,Road Accidents,Junction,City/Town,Near a religious place,Human Error,No,Grievous Injury,Vehicle to Vehicle,No signal lights,Others,Two way,Bitumen(Tar),Dry,Not Applicable,Clear,"Ganesh Temple Junction Arekere Micolayout Main Road, Main J P Nagara",Ganesh Temple Junction,3klm,0.0,0.0
Bengaluru City,Jayanagar Traffic PS,1.04432e+16,2020,1,2,Road Accidents,Circle,City/Town,Near office complex,Human Error,No,Grievous Injury,Vehicle to Vehicle,No signal lights,Others,Two way,Bitumen(Tar),Dry,Not Applicable,Clear,46th Cross And 9th Main Road Junction Jayanagara 5th Block,46th Cross And 9th Main Road Junction,1.5KLM,0.0,0.0
Bengaluru City,Jayanagar Traffic PS,1.04432e+16,2020,1,1,Road Accidents,Junction,City/Town,Near office complex,Human Error,No,Fatal,Not Applicable,No signal lights,Others,Two way,Bitumen(Tar),Dry,Not Applicable,Clear,"7th Main Road, 36th Cross Junction, Jayanagara 4th Block",7th Main Road 36th Cross,500mt,0.0,0.0
Bengaluru City,Jayanagar Traffic PS,1.04432e+16,2020,1,2,Road Accidents,Junction,City/Town,Near office complex,Human Error,Yes,Grievous Injury,Vehicle to Vehicle,No signal lights,Others,One way,Bitumen(Tar),Dry,Not Applicable,Clear,"46th Cross Road, And 9th Main Road, Junction Jayanagara 5th Block",46th Cross Road And 9th Main Road Junction,1km,0.0,0.0
Bengaluru City,Jayanagar Traffic PS,1.04432e+16,2020,1,2,Road Accidents,Not Applicable,City/Town,Near office complex,Human Error,No,Grievous Injury,Vehicle to Vehicle,No signal lights,Others,Two way,Bitumen(Tar),Dry,Not Applicable,Clear,7th Main Road Infront Of Travel Visa Xperts jayanagara 4th Block,7th Main Road Infront Of Travel Visa Xperts,100mtr,0.0,0.0
Bengaluru City,Jayanagar Traffic PS,1.04432e+16,2020,1,2,Road Accidents,Not Applicable,City/Town,Near office complex,Human Error,Yes,Grievous Injury,Vehicle to Vehicle,Not at  Junction,Others,Two way,Bitumen(Tar),Dry,Not Applicable,Clear,"J P Nagara 2nd Pahse 15th Cross Road, Ring Road Near Pump House",Ring Road 15th Cross Near Pump House,3klm,0.0,0.0
Bengaluru City,Jayanagar Traffic PS,1.04432e+16,2020,1,2,Road Accidents,Junction,City/Town,Open area,Human Error,No,Grievous Injury,Vehicle to Vehicle,Police / Manual,Others,Two way,Bitumen(Tar),Dry,Not Applicable,Clear,Ring Road 15th Cross Near Vijay Wheel Alinement 15th Phase J P Nagara,Ring Road 15th Cross Near Vijay Wheel Alinement,2.5klm,0.0,0.0
Bengaluru City,Jayanagar Traffic PS,1.04432e+16,2020,1,2,Road Accidents,Not Applicable,City/Town,Near School or College,Human Error,Yes,Grievous Injury,Vehicle to Vehicle,Not at  Junction,Not Applicable,Others,Bitumen(Tar),Dry,Not Applicable,Clear,"32nd Cross, 2nd Main Near, Bengalore Internationl School jayanagara 7th Block",32nd Cross 2nd Main Near Bengalore Internationl School,500mtr,0.0,0.0
Bengaluru City,Jayanagar Traffic PS,1.04432e+16,2020,1,2,Road Accidents,Junction,City/Town,Near office complex,Human Error,Yes,Grievous Injury,Vehicle to Vehicle,No signal lights,Others,Two way,Bitumen(Tar),Wet,Not Applicable,Cloudy,"10th Cross Road, Sarakki Main Road, J P Nagara 1st Phase",10th Cross Road Sarakki Main Road,2klm,0.0,0.0
Bengaluru City,Jayanagar Traffic PS,1.04432e+16,2020,1,2,Road Accidents,Junction,City/Town,Near office complex,Human Error,No,Grievous Injury,Vehicle to Vehicle,No signal lights,Others,Two way,Bitumen(Tar),Dry,Not Applicable,Clear,"12th Cross Road, 21st Main Road Junction J P Nagara 2nd Phase",12th Cross Road 21st Main Road Junction,2klm,0.0,0.0
Bengaluru City,Jayanagar Traffic PS,1.04432e+16,2020,1,1,Road Accidents,Not Applicable,City/Town,Near office complex,Human Error,Yes,Grievous Injury,Hit pedestrian,Not at  Junction,Others,Two way,Bitumen(Tar),Dry,Not Applicable,Clear,"Kankapura Main Road Metro Piller No EP 38, Opp Prestige Blu Park Office Shakamabri Nagara BSK",Kanakapura Main Road Metro Piller No EP 38 Opp Prestige Blu Park Office,1klm,0.0,0.0
Bengaluru City,Jayanagar Traffic PS,1.04432e+16,2020,1,1,Road Accidents,Not Applicable,City/Town,Residential area,Human Error,Yes,Grievous Injury,Hit pedestrian,No signal lights,Others,Two way,Bitumen(Tar),Dry,Not Applicable,Clear,"No:09, 3rd Cross, Vianayakangara J P Nagara 5th Phase",No 09 3rd Cross Vianayakangara,3klm,0.0,0.0
Bengaluru City,Jayanagar Traffic PS,1.04432e+16,2020,1,1,Road Accidents,Curves,City/Town,Near office complex,Human Error,Yes,Fatal,Hit pedestrian,No signal lights,Others,Two way,Bitumen(Tar),Dry,Not Applicable,Clear,"46th Cross Road, Snagam Circle Jayanagara 8th Block Bengalore",46th Cross Road Snagam Circle,1klm,0.0,0.0
Bengaluru City,Jayanagar Traffic PS,1.04432e+16,2021,1,2,Road Accidents,Junction,City/Town,Near office complex,Human Error,Yes,Simple Injury,Vehicle to Vehicle,No signal lights,Others,Two way,Bitumen(Tar),Dry,Not Applicable,Clear,"7th Cross, Vinayaka Nagara, 5th Phase J P Nagar",7th Cross Vinayaka Nagara,3.5Km,0.0,0.0
Bengaluru City,Jayanagar Traffic PS,1.04432e+16,2021,1,1,Road Accidents,Not Applicable,City/Town,In bazaar,Human Error,No,Simple Injury,Hit pedestrian,Uncontrolled,Straight and flat,Two way,Bitumen(Tar),Dry,Not Applicable,Clear,11th Main Road,Near Swarna Abharana,1 km,0.0,0.0
Bengaluru City,Jayanagar Traffic PS,1.04432e+16,2021,1,2,Road Accidents,Cross roads,City/Town,Residential area,Human Error,No,Grievous Injury,Vehicle to Vehicle,Uncontrolled,Straight and flat,Two way,Bitumen(Tar),Dry,Not Applicable,Clear,3rd Cross And 18th A Main Road,Near B B M P Ground,3 K M,0.0,0.0
Bengaluru City,Jayanagar Traffic PS,1.04432e+16,2021,1,2,Road Accidents,Narrow road,City/Town,Residential area,Human Error,Yes,Grievous Injury,Vehicle to Vehicle,Uncontrolled,Straight and flat,Two way,Bitumen(Tar),Dry,Not Applicable,Clear,Panduranga Nagar Main Road,Near Adhrash Ridham Aparts,5 K M,0.0,0.0
Bengaluru City,Jayanagar Traffic PS,1.04432e+16,2021,1,1,Road Accidents,Cross roads,City/Town,Residential area,Human Error,Yes,Grievous Injury,Hit pedestrian,Uncontrolled,Straight and flat,Residential Street,Bitumen(Tar),Dry,Not Applicable,Clear,"7th Cross, Shakambarinagara J P nagara 1st Phase",Near Siddivinayaka General Store,2 K M,0.0,0.0
Bengaluru City,Jayanagar Traffic PS,1.04432e+16,2021,1,2,Road Accidents,Junction,City/Town,Near office complex,Human Error,No,Grievous Injury,Vehicle to Vehicle,No signal lights,Curve,Two way,Bitumen(Tar),Dry,Not Applicable,Clear,"21st Main Road, 9th Cross Road J P Nagar Bengalore",21st Main Road 9th Cross Road,3klm,0.0,0.0
Bengaluru City,Jayanagar Traffic PS,1.04432e+16,2021,1,2,Road Accidents,Not Applicable,City/Town,Residential area,Human Error,No,Damage Only,Vehicle to Vehicle,Not at  Junction,Others,Two way,Bitumen(Tar),Dry,Not Applicable,Clear,"17th Main Road, J P Nagara 2nd Phase",17th Main Road,2km,0.0,0.0
Bengaluru City,Jayanagar Traffic PS,1.04432e+16,2021,1,2,Road Accidents,Curves,City/Town,Near Bus stop,Human Error,No,Grievous Injury,Vehicle to Vehicle,No signal lights,Curve,Service Road,Bitumen(Tar),Dry,Construction Work / Material,Clear,Near Marenahalli Metro Station 46th Cross J P Nagara 5th Phase,Near Marenahalli Metro Station 46th Cross,2km,0.0,0.0
Bengaluru City,Jayanagar Traffic PS,1.04432e+16,2021,1,1,Road Accidents,Not Applicable,City/Town,Near office complex,Human Error,Yes,Simple Injury,Hit pedestrian,Not at  Junction,Others,Two way,Bitumen(Tar),Dry,Not Applicable,Clear,"15th Cross Ring Road, Near Delmiya Flyover J P Nagar 3rd Phase",15th Cross Ring Road Near Delmiya Flyover,4km,0.0,0.0
Bengaluru City,Jayanagar Traffic PS,1.04432e+16,2021,1,2,Road Accidents,Junction,City/Town,In bazaar,Human Error,Yes,Grievous Injury,Vehicle to Vehicle,Uncontrolled,Straight and flat,Two way,Bitumen(Tar),Dry,Not Applicable,Clear,1st Main Road And 4th Cross Junction,Near Bannegugatta Road,5 K M,0.0,0.0
Bengaluru City,Jayanagar Traffic PS,1.04432e+16,2021,1,1,Road Accidents,Narrow road,City/Town,Near Hospital,Human Error,Yes,Grievous Injury,Hit pedestrian,Uncontrolled,Straight and flat,Two way,Bitumen(Tar),Dry,Not Applicable,Clear,9th Cross J P Nagara 1st Phase,Near Aster R V Hospital,2 km,0.0,0.0