DISTRICTNAME,UNITNAME,Crime_No,Year,RI,Noofvehicle_involved,Accident_Classification,Accident_Spot,Accident_Location,Accident_SubLocation,Main_Cause,Hit_Run,Severity,Collision_Type,Junction_Control,Road_Character,Road_Type,Surface_Type,Surface_Condition,Road_Condition,Weather,Accident_Road,Landmark_first,Distance_LandMark_First,Latitude,Longitude
Bengaluru City,Jayanagar Traffic PS,1.04432e+16,2022,1,2,Road Accidents,Not Applicable,City/Town,Residential area,Human Error,No,Grievous Injury,Not Applicable,Uncontrolled,Straight and flat,Two way,Bitumen(Tar),Dry,Not Applicable,Clear,24th Main Road Near Naar Kia Show Room,Near Kia Show Room,2 Km,0.0,0.0
Bengaluru City,Jayanagar Traffic PS,1.04432e+16,2022,1,1,Road Accidents,Not Applicable,City/Town,Near Bus stop,Human Error,No,Simple Injury,Hit pedestrian,Uncontrolled,Straight and flat,Two way,Bitumen(Tar),Dry,No influence on accident,Clear,Puttenhalli Main Road 6th Phase Near J P nagara 7th Phase,Near Puttenahalli Circle,3 K M,0.0,0.0
Bengaluru City,Jayanagar Traffic PS,1.04432e+16,2022,1,3,Road Accidents,Not Applicable,City/Town,Near Petrol Pump,Human Error,No,Grievous Injury,Vehicle to Vehicle,Uncontrolled,Straight and flat,Two way,Bitumen(Tar),Dry,No influence on accident,Clear,Ring Road 15th Corss,Near Shell Petro Bunk,2 K M,0.0,0.0
Bengaluru City,Jayanagar Traffic PS,1.04432e+16,2022,1,2,Road Accidents,Junction,City/Town,In bazaar,Human Error,No,Grievous Injury,Vehicle to Vehicle,Uncontrolled,Straight and flat,Two way,Concrete,Dry,Not Applicable,Fine,T Mariyappa Road,Near Giriyas Show Room,1 K M,0.0,0.0
Bengaluru City,Jayanagar Traffic PS,1.04432e+16,2022,1,1,Not Applicable,Not Applicable,City/Town,In bazaar,Not Applicable,Yes,Fatal,Not Applicable,Not Applicable,Not Applicable,Not Applicable,Not Applicable,Not Applicable,Not Applicable,Not Applicable,Dr Marigowda,Near Kidwai Hospital,300,0.0,0.0
Bengaluru City,Jayanagar Traffic PS,1.04432e+16,2022,1,1,Road Accidents,Not Applicable,City/Town,In bazaar,Human Error,Yes,Grievous Injury,Hit pedestrian,Uncontrolled,Straight and flat,Not Applicable,Bitumen(Tar),Dry,Not Applicable,Clear,11th Main Road,Opp K C C Building,1 K M,0.0,0.0
Bengaluru City,Jayanagar Traffic PS,1.04432e+16,2022,1,2,Road Accidents,Circle,City/Town,Near Petrol Pump,Not Applicable,Yes,Fatal,Vehicle to Vehicle,Signals (Working),Others,Others,Not Applicable,Not Applicable,Not Applicable,Fine,"4th Main, South End Circle Junction",South End Cirlce,2 KM,0.0,0.0
Bengaluru City,Jayanagar Traffic PS,1.04432e+16,2022,1,1,Road Accidents,Not Applicable,City/Town,In bazaar,Human Error,No,Grievous Injury,Hit pedestrian,Uncontrolled,Straight and flat,Two way,Bitumen(Tar),Dry,Not Applicable,Clear,27th Cross,Near Swapna Books stall,500mtr,0.0,0.0
Bengaluru City,Jayanagar Traffic PS,1.04432e+16,2022,1,1,Not Applicable,Not Applicable,City/Town,Residential area,Not Applicable,No,Fatal,Hit pedestrian,Not Applicable,Not Applicable,Not Applicable,Not Applicable,Not Applicable,Not Applicable,Not Applicable,13th Cross,Near indiraghndhi,3 km,0.0,0.0
Bengaluru City,Jayanagar Traffic PS,1.04432e+16,2022,1,1,Road Accidents,Junction,City/Town,Near Bus stop,Human Error,Yes,Grievous Injury,Hit pedestrian,Signal lights Automatic,Straight and flat,Two way,Bitumen(Tar),Dry,No influence on accident,Clear,Kanakapura Main Road,Near B S K Stop,1.5 KM,0.0,0.0
Bengaluru City,Jayanagar Traffic PS,1.04432e+16,2022,1,1,Road Accidents,Not Applicable,City/Town,Near Hospital,Human Error,Yes,Grievous Injury,Hit pedestrian,Uncontrolled,Straight and flat,Two way,Bitumen(Tar),Dry,Not Applicable,Clear,Hosur Main Road,Near Nimhans Hospital Admin Office,60 M,0.0,0.0
Bengaluru City,Jayanagar Traffic PS,1.04432e+16,2022,1,2,Road Accidents,Junction,City/Town,Near Bus stop,Human Error,No,Grievous Injury,Vehicle to Vehicle,Signal lights Automatic,Straight and flat,One way,Bitumen(Tar),Dry,No influence on accident,Clear,9th Main Road,Near Sindicate Bank,1 K M,0.0,0.0
Bengaluru City,Jayanagar Traffic PS,1.04432e+16,2022,1,1,Road Accidents,Not Applicable,City/Town,Residential area,Human Error,Yes,Grievous Injury,Hit pedestrian,Uncontrolled,Slight Curve,Others,Concrete,Dry,No influence on accident,Clear,Elate Exit Road,Near A10 Building,10 M,0.0,0.0
Bengaluru City,Jayanagar Traffic PS,1.04432e+16,2022,1,1,Road Accidents,Junction,City/Town,Near School or College,Human Error,Yes,Fatal,Hit pedestrian,Uncontrolled,Straight and flat,Two way,Bitumen(Tar),Dry,Not Applicable,Fine,25th Crosss Road,Near R V Pu College,10 M,0.0,0.0
Bengaluru City,Jayanagar Traffic PS,1.04432e+16,2022,1,2,Road Accidents,Junction,City/Town,Near a religious place,Human Error,Yes,Grievous Injury,Vehicle to Vehicle,Signal lights Automatic,Straight and flat,Two way,Bitumen(Tar),Dry,No influence on accident,Clear,4th Main Road,Near Abhaya Ganapathi Temple,20 M,0.0,0.0
Bengaluru City,Jayanagar Traffic PS,1.04432e+16,2022,1,2,Road Accidents,Junction,City/Town,In bazaar,Not Applicable,No,Fatal,Vehicle to Vehicle,No signal lights,Curve,Others,Not Applicable,Not Applicable,Not Applicable,Not Applicable,8th Main Road,NEar SLV Hotel,3.5 KM,0.0,0.0
Bengaluru City,Jayanagar Traffic PS,1.04432e+16,2022,1,2,Road Accidents,Junction,City/Town,Near School or College,Human Error,No,Grievous Injury,Vehicle to Vehicle,Uncontrolled,Straight and flat,Two way,Bitumen(Tar),Dry,No influence on accident,Fine,14th Main Road,Near VET College,20 M,0.0,0.0
Bengaluru City,Jayanagar Traffic PS,1.04432e+16,2022,1,1,Road Accidents,Not Applicable,City/Town,In bazaar,Human Error,Yes,Grievous Injury,Hit pedestrian,Uncontrolled,Straight and flat,Two way,Bitumen(Tar),Dry,Not Applicable,Fine,Puttenhalli Main Road 6th Phase Near J P nagara 7th Phase,Near Inchara Hotel,3 K M,0.0,0.0
Bengaluru City,Jayanagar Traffic PS,1.04432e+16,2022,1,1,Road Accidents,Not Applicable,City/Town,In bazaar,Human Error,Yes,Grievous Injury,Hit pedestrian,Uncontrolled,Straight and flat,Two way,Bitumen(Tar),Dry,No influence on accident,Clear,Ring Road 15th Cross J P Nagar 3rd Phase,Near Max Showroom,3 K M,0.0,0.0
Bengaluru City,Jayanagar Traffic PS,1.04432e+16,2022,1,1,Not Applicable,Not Applicable,City/Town,Residential area,Not Applicable,No,Fatal,Not Applicable,Not Applicable,Not Applicable,Two way,Not Applicable,Muddy,Not Applicable,Not Applicable,"27th Cross, 6th Block Jayanagara",Opp JAB Building,0.3,12.930923,77.578591
Bengaluru City,Jayanagar Traffic PS,1.04432e+16,2022,1,2,Road Accidents,Junction,City/Town,Near School or College,Human Error,Yes,Grievous Injury,Vehicle to Vehicle,Uncontrolled,Straight and flat,Two way,Bitumen(Tar),Dry,Not Applicable,Clear,32nd Cross and 5th Main Road Junction,Near Tea Villa Cafe,200mtr,12.92764,77.58084
Bengaluru City,Jayanagar Traffic PS,1.04432e+16,2022,1,2,Road Accidents,Not Applicable,City/Town,In bazaar,Not Applicable,Yes,Fatal,Vehicle to Vehicle,Not Applicable,Not Applicable,Others,Not Applicable,Not Applicable,Not Applicable,Others,15th Cross RIng Road,Near Sampigemar Junction,5,0.0,0.0
Bengaluru City,Jayanagar Traffic PS,1.04432e+16,2022,1,1,Road Accidents,Road hump or Rumble strips,City/Town,Near Bus stop,Human Error,Yes,Grievous Injury,Not Applicable,Uncontrolled,Hump,Two way,Bitumen(Tar),Dry,Not Applicable,Clear,4th Main Road Near Nanda Theatre,Near Nanda Theatre,1 K M,0.0,0.0
Bengaluru City,Jayanagar Traffic PS,1.04432e+16,2022,1,1,Road Accidents,Not Applicable,City/Town,Residential area,Human Error,Yes,Damage Only,Not Applicable,Uncontrolled,Straight and flat,Two way,Bitumen(Tar),Dry,Not Applicable,Fine,Nimhans Qarters,Near Nimhans Hospital Quaters,100 M,0.0,0.0
Bengaluru City,Jayanagar Traffic PS,1.04432e+16,2022,1,1,Road Accidents,Not Applicable,City/Town,Near Petrol Pump,Human Error,Yes,Grievous Injury,Hit pedestrian,Uncontrolled,Straight and flat,Two way,Bitumen(Tar),Dry,Not Applicable,Fine,Ring Road 15th Cross J P Nagar 6th  Phase,Near Sindura Convension Centre,3 K M,0.0,0.0
Bengaluru City,Jayanagar Traffic PS,1.04432e+16,2022,1,2,Road Accidents,Junction,City/Town,Near School or College,Human Error,No,Simple Injury,Vehicle to Vehicle,Uncontrolled,Straight and flat,Two way,Bitumen(Tar),Dry,Not Applicable,Fine,16th Main Road BES Collage Near 4th T Block Jayanagar,Near B E S College,1 K M,0.0,0.0
Bengaluru City,Jayanagar Traffic PS,1.04432e+16,2022,1,2,Road Accidents,Junction,City/Town,Near Petrol Pump,Human Error,Yes,Grievous Injury,Vehicle to Vehicle,Signal lights Automatic,Straight and flat,Two way,Bitumen(Tar),Dry,No influence on accident,Clear,8th Main Road,Near Indian Oil Petrol Bunk,3 K M,0.0,0.0
Bengaluru City,Jayanagar Traffic PS,1.04432e+16,2022,1,2,Road Accidents,Junction,City/Town,Near Hospital,Human Error,No,Grievous Injury,Vehicle to Vehicle,Uncontrolled,Straight and flat,Two way,Bitumen(Tar),Dry,Not Applicable,Clear,7th Main Road and 36th Cross Junction,Near MES Ground,500 M,0.0,0.0
Bengaluru City,Jayanagar Traffic PS,1.04432e+16,2022,1,2,Road Accidents,Junction,City/Town,Residential area,Human Error,No,Grievous Injury,Vehicle to Vehicle,Uncontrolled,Straight and flat,Two way,Bitumen(Tar),Dry,No influence on accident,Clear,1st Main road and 40th Cross,Near SBI bank,20 M,0.0,0.0
Bengaluru City,Jayanagar Traffic PS,1.04432e+16,2022,1,1,Road Accidents,Cross roads,City/Town,Near a religious place,Human Error,No,Grievous Injury,Not Applicable,Uncontrolled,Slight Curve,Two way,Bitumen(Tar),Dry,No influence on accident,Clear,46th Cross,Near Aravinda Junction,100 M,0.0,0.0
Bengaluru City,Jayanagar Traffic PS,1.04432e+16,2022,1,1,Road Accidents,Not Applicable,City/Town,Residential area,Human Error,Yes,Grievous Injury,Hit pedestrian,Uncontrolled,Straight and flat,Two way,Bitumen(Tar),Dry,Not Applicable,Clear,"1st Main Road, Near J S S Auditorium",Near J S S Auditorium,1 K M,0.0,0.0
Bengaluru City,Jayanagar Traffic PS,1.04432e+16,2022,1,1,Road Accidents,Not Applicable,City/Town,Near Hospital,Human Error,Yes,Damage Only,Not Applicable,Uncontrolled,Sharp Curve,Two way,Bitumen(Tar),Dry,Not Applicable,Clear,Hosur Road,Near Kidwai Hospital,2 K M,0.0,0.0
Bengaluru City,Jayanagar Traffic PS,1.04432e+16,2022,1,2,Road Accidents,Not Applicable,City/Town,In bazaar,Human Error,Yes,Grievous Injury,Vehicle to Vehicle,Uncontrolled,Straight and flat,Two way,Bitumen(Tar),Dry,No influence on accident,Clear,46th Cross,Near Adharsh Garden,1.5KM,0.0,0.0
Bengaluru City,Jayanagar Traffic PS,1.04432e+16,2022,1,1,Road Accidents,Not Applicable,City/Town,Near School or College,Human Error,Yes,Grievous Injury,Hit bicyclist,Uncontrolled,Straight and flat,Two way,Bitumen(Tar),Dry,Not Applicable,Clear,15th Cross,Near La Marvela Hotel,50 M,0.0,0.0
Bengaluru City,Jayanagar Traffic PS,1.04432e+16,2022,1,2,Road Accidents,Junction,City/Town,In bazaar,Human Error,Yes,Grievous Injury,Vehicle to Vehicle,Uncontrolled,Straight and flat,Two way,Bitumen(Tar),Dry,Not Applicable,Clear,2nd Main Road And 40th Cross Junction,Near Adhishwar Market,50 M,0.0,0.0
Bengaluru City,Jayanagar Traffic PS,1.04432e+16,2022,1,2,Road Accidents,Not Applicable,City/Town,Near School or College,Human Error,Yes,Simple Injury,Vehicle to Vehicle,Uncontrolled,Straight and flat,Two way,Bitumen(Tar),Dry,Not Applicable,Fine,24th Main Road,Near Royal School,3km,0.0,0.0
Bengaluru City,Jayanagar Traffic PS,1.04432e+16,2022,1,1,Road Accidents,Circle,City/Town,Near School or College,Human Error,No,Grievous Injury,Not Applicable,Uncontrolled,Slight Curve,Two way,Bitumen(Tar),Dry,No influence on accident,Clear,Kottanur Main Road,Infront of Puttenahalli Govt School,4 K M,0.0,0.0
Bengaluru City,Jayanagar Traffic PS,1.04432e+16,2022,1,2,Road Accidents,Not Applicable,City/Town,Near office complex,Human Error,No,Grievous Injury,Vehicle to Vehicle,Uncontrolled,Straight and flat,Two way,Bitumen(Tar),Dry,Not Applicable,Clear,9th Cross,Near Future Enterprices,2 K M,0.0,0.0
Bengaluru City,Jayanagar Traffic PS,1.04432e+16,2022,1,2,Road Accidents,Junction,City/Town,In bazaar,Human Error,No,Grievous Injury,Vehicle to Vehicle,Uncontrolled,Straight and flat,Two way,Bitumen(Tar),Dry,Not Applicable,Fine,46th Cross And 9th Main Road Junction Jayanagara 5th Block,Near Cell Petrol Bunk,1 K M,0.0,0.0
Bengaluru City,Jayanagar Traffic PS,1.04432e+16,2022,1,1,Road Accidents,Junction,City/Town,In bazaar,Human Error,Yes,Grievous Injury,Not Applicable,Uncontrolled,Straight and flat,Two way,Bitumen(Tar),Dry,Not Applicable,Clear,1st Main Road,Near Mini Forest Park,30 M,0.0,0.0
Bengaluru City,Jayanagar Traffic PS,1.04432e+16,2022,1,2,Road Accidents,Junction,City/Town,Residential area,Human Error,No,Grievous Injury,Vehicle to Vehicle,Uncontrolled,Straight and flat,Residential Street,Bitumen(Tar),Dry,Not Applicable,Fine,10th Main Road,Near T Mariyappa Road,1 K M,0.0,0.0
Bengaluru City,Jayanagar Traffic PS,1.04432e+16,2022,1,1,Road Accidents,Junction,City/Town,Near Petrol Pump,Human Error,Yes,Grievous Injury,Vehicle to Vehicle,Signal lights Automatic,Straight and flat,Two way,Bitumen(Tar),Dry,No influence on accident,Clear,South End Circle Junction,Near Bharath Petrolium Bunk,30 M,0.0,0.0
Bengaluru City,Jayanagar Traffic PS,1.04432e+16,2022,1,2,Road Accidents,Not Applicable,City/Town,In bazaar,Human Error,No,Grievous Injury,Vehicle to Vehicle,Police / Manual,Straight and flat,Two way,Bitumen(Tar),Dry,No influence on accident,Clear,Ring Road 15th Corss,Near Orion Service Centre,20 M,0.0,0.0
Bengaluru City,Jayanagar Traffic PS,1.04432e+16,2022,1,1,Road Accidents,Cross roads,City/Town,Residential area,Human Error,Yes,Grievous Injury,Not Applicable,Uncontrolled,Straight and flat,Two way,Bitumen(Tar),Dry,No influence on accident,Clear,1st A Cross,Near Boomika Clasic Apartment,20 M,0.0,0.0
Bengaluru City,Jayanagar Traffic PS,1.04432e+16,2022,1,1,Road Accidents,Junction,City/Town,Near Bus stop,Human Error,No,Simple Injury,Hit pedestrian,Signal lights Automatic,Straight and flat,Two way,Bitumen(Tar),Dry,No influence on accident,Fine,kanakapura Main Road,Near BMTC Bus stop,30 M,0.0,0.0
Bengaluru City,Jayanagar Traffic PS,1.04432e+16,2022,1,2,Road Accidents,Junction,City/Town,Near Bus stop,Human Error,No,Grievous Injury,Vehicle to Vehicle,Signal lights Blinking,Straight and flat,Two way,Bitumen(Tar),Dry,Not Applicable,Clear,Kanakapura Main Road,Near Banashankari Bus stop,1.5 KM,0.0,0.0
Bengaluru City,Jayanagar Traffic PS,1.04432e+16,2022,1,2,Road Accidents,Junction,City/Town,In bazaar,Human Error,No,Grievous Injury,Vehicle to Vehicle,Uncontrolled,Straight and flat,Two way,Bitumen(Tar),Dry,Not Applicable,Clear,33rd Main road and 16th Cross,Near Vinayaka Cafe,3 K M,12.905814,77.580342
Bengaluru City,Jayanagar Traffic PS,1.04432e+16,2022,1,2,Road Accidents,Not Applicable,City/Town,Residential area,Human Error,No,Grievous Injury,Vehicle to Vehicle,Uncontrolled,Straight and flat,Two way,Bitumen(Tar),Dry,Not Applicable,Fine,Ring Road 15th Cross J P Nagar 4th Phase,Near Dolmiya Fly Over,4 K M,0.0,0.0
Bengaluru City,Jayanagar Traffic PS,1.04432e+16,2022,1,1,Road Accidents,Not Applicable,City/Town,In bazaar,Human Error,No,Grievous Injury,Not Applicable,Uncontrolled,Straight and flat,Two way,Bitumen(Tar),Dry,Not Applicable,Clear,9th A Main Road and 40th Cross Junction,Near Adhiswar Showroom,1 K M,0.0,0.0
Bengaluru City,Jayanagar Traffic PS,1.04432e+16,2022,1,2,Road Accidents,Not Applicable,City/Town,In bazaar,Human Error,No,Simple Injury,Vehicle to Vehicle,Uncontrolled,Sharp Curve,Two way,Bitumen(Tar),Dry,Not Applicable,Light Rain,Puttenhalli Main Road 7th Phase Near J P nagara 7th Phase,Near 4th Main Road Junction,4 K m,0.0,0.0
Bengaluru City,Jayanagar Traffic PS,1.04432e+16,2022,1,1,Road Accidents,Not Applicable,City/Town,In bazaar,Human Error,No,Grievous Injury,Not Applicable,Uncontrolled,Straight and flat,Two way,Bitumen(Tar),Dry,Not Applicable,Clear,46th Cross,Near Sangam Circle,1.5 Km,0.0,0.0
Bengaluru City,Jayanagar Traffic PS,1.04432e+16,2022,1,3,Road Accidents,Not Applicable,City/Town,Near Hospital,Human Error,No,Grievous Injury,Vehicle to Vehicle,Uncontrolled,Straight and flat,Two way,Bitumen(Tar),Dry,Not Applicable,Clear,Dr.Marigowda Road,Near Nimhans Convention Gate,2 K M,0.0,0.0
Bengaluru City,Jayanagar Traffic PS,1.04432e+16,2022,1,2,Road Accidents,Circle,City/Town,In bazaar,Not Applicable,Yes,Fatal,Vehicle to Vehicle,Signal lights Automatic,Not Applicable,Major District Road,Bitumen(Tar),Not Applicable,Not Applicable,Clear,RV Road,Metro pillar,20,0.0,0.0
Bengaluru City,Jayanagar Traffic PS,1.04432e+16,2022,1,2,Road Accidents,Junction,City/Town,Residential area,Human Error,Yes,Simple Injury,Vehicle to Vehicle,Uncontrolled,Straight and flat,Two way,Concrete,Dry,Not Applicable,Clear,1st Main Road and Rajarajeswari Temple Road,Near Rajarajeswari temple,1km,0.0,0.0
Bengaluru City,Jayanagar Traffic PS,1.04432e+16,2022,1,1,Road Accidents,Not Applicable,City/Town,Near Petrol Pump,Human Error,No,Grievous Injury,Hit pedestrian,Uncontrolled,Straight and flat,Two way,Bitumen(Tar),Dry,Not Applicable,Clear,Ring Road 15th Cross J P Nagar 1st  Phase,Near Sindura Convension Centre,3 K M,0.0,0.0
Bengaluru City,Jayanagar Traffic PS,1.04432e+16,2022,1,2,Road Accidents,Not Applicable,City/Town,Near office complex,Human Error,No,Grievous Injury,Vehicle to Vehicle,Uncontrolled,Straight and flat,Two way,Bitumen(Tar),Dry,Not Applicable,Clear,"9th Cross, J P Nagara 1st phase",In Frount Of Indian Bank,2 K M,0.0,0.0
Bengaluru City,Jayanagar Traffic PS,1.04432e+16,2022,1,1,Road Accidents,Not Applicable,City/Town,In bazaar,Human Error,Yes,Grievous Injury,Hit pedestrian,Uncontrolled,Straight and flat,Two way,Bitumen(Tar),Dry,Not Applicable,Fine,Someswaranagara Main Road,In front of Nandhini Ice Creame Parlar,2 K m,0.0,0.0
Bengaluru City,Jayanagar Traffic PS,1.04432e+16,2022,1,1,Road Accidents,Not Applicable,City/Town,Near Hospital,Not Applicable,No,Fatal,Not Applicable,Not Applicable,Not Applicable,Others,Not Applicable,Not Applicable,Not Applicable,Not Applicable,Dr Marigowda,Near Kidwai Hospital,2.5 KM,0.0,0.0
Bengaluru City,Jayanagar Traffic PS,1.04432e+16,2022,1,3,Road Accidents,Not Applicable,City/Town,Residential area,Human Error,No,Simple Injury,Vehicle to Vehicle,Uncontrolled,Straight and flat,Two way,Bitumen(Tar),Dry,Not Applicable,Clear,kanakapura Main Road,Near Yadeyur Lake,50 M,0.0,0.0
Bengaluru City,Jayanagar Traffic PS,1.04432e+16,2022,1,2,Road Accidents,Junction,City/Town,In bazaar,Human Error,Yes,Grievous Injury,Vehicle to Vehicle,Uncontrolled,Straight and flat,Two way,Bitumen(Tar),Dry,Not Applicable,Clear,9th Cross and 5th Main Road,Near Acteve Hotel,2 K M,0.0,0.0
Bengaluru City,Jayanagar Traffic PS,1.04432e+16,2022,1,2,Road Accidents,Junction,City/Town,Near School or College,Human Error,No,Grievous Injury,Vehicle to Vehicle,Uncontrolled,Others,Two way,Bitumen(Tar),Dry,No influence on accident,Fine,16th Main Road,Near BES School,50 M,0.0,0.0
Bengaluru City,Jayanagar Traffic PS,1.04432e+16,2022,1,1,Road Accidents,Junction,City/Town,In bazaar,Human Error,Yes,Grievous Injury,Hit pedestrian,Signal lights Automatic,Straight and flat,Two way,Bitumen(Tar),Dry,Not Applicable,Clear,Kottanur Main Road,Near Brigade Apartment,100 M,0.0,0.0
Bengaluru City,Jayanagar Traffic PS,1.04432e+16,2022,1,1,Road Accidents,Cross roads,City/Town,Residential area,Human Error,Yes,Grievous Injury,Hit pedestrian,Uncontrolled,Straight and flat,Two way,Bitumen(Tar),Dry,No influence on accident,Clear,"2nd Cross Road,",Near Ragigudda temple,60 M,0.0,0.0
Bengaluru City,Jayanagar Traffic PS,1.04432e+16,2022,1,2,Road Accidents,Not Applicable,City/Town,In bazaar,Human Error,Yes,Grievous Injury,Vehicle to Vehicle,Uncontrolled,Straight and flat,Two way,Bitumen(Tar),Dry,Not Applicable,Clear,8th Main Road,Infront Of Suhas Medicals,1,0.0,0.0
Bengaluru City,Jayanagar Traffic PS,1.04432e+16,2022,1,1,Road Accidents,Not Applicable,City/Town,In bazaar,Human Error,No,Grievous Injury,Hit pedestrian,Uncontrolled,Straight and flat,Two way,Bitumen(Tar),Dry,Not Applicable,Clear,"9th Main Road, 5th Block Jayanagara",Near Thard Wave Coffee Shop,1 KM,0.0,0.0
Bengaluru City,Jayanagar Traffic PS,1.04432e+16,2023,1,2,Road Accidents,Junction,City/Town,Near a religious place,Human Error,Yes,Grievous Injury,Vehicle to Vehicle,Police / Manual,Straight and flat,Two way,Bitumen(Tar),Dry,Not Applicable,Fine,Brigade Millenium Road,Near Ganesh temple,20 M,0.0,0.0
Bengaluru City,Jayanagar Traffic PS,1.04432e+16,2023,1,1,Road Accidents,Not Applicable,City/Town,In bazaar,Not Applicable,No,Fatal,Not Applicable,Not Applicable,Straight and flat,Others,Bitumen(Tar),Others,Not Applicable,Others,15th cross ring road,near suzuki 2 wheeler showroom,20 Ft,0.0,0.0
Bengaluru City,Jayanagar Traffic PS,1.04432e+16,2023,1,1,Road Accidents,Junction,City/Town,Near Bus stop,Human Error,No,Grievous Injury,Hit pedestrian,Uncontrolled,Straight and flat,Two way,Bitumen(Tar),Dry,Not Applicable,Fine,Kakanapura Main Road,Near TTMC BMTC BUS Stop Banashankari,20 M,12.916965,77.573485
Bengaluru City,Jayanagar Traffic PS,1.04432e+16,2023,1,2,Road Accidents,Not Applicable,City/Town,Residential area,Not Applicable,Yes,Simple Injury,Vehicle to Vehicle,Not at  Junction,Straight and flat,Arterial,Bitumen(Tar),Dry,Not Applicable,Clear,"J P Nagar 5th phase, 15th Cross, Ringroad,",Go Pizza,50 F,12.906274,77.590551
Bengaluru City,Jayanagar Traffic PS,1.04432e+16,2023,1,1,Road Accidents,Not Applicable,City/Town,In bazaar,Human Error,Yes,Grievous Injury,Hit pedestrian,Uncontrolled,Straight and flat,Two way,Bitumen(Tar),Dry,Not Applicable,Fine,9th Main Road,Opp Subh Juvellers,10 M,0.0,0.0
Bengaluru City,Jayanagar Traffic PS,1.04432e+16,2023,1,1,Road Accidents,Junction,City/Town,Near Petrol Pump,Human Error,Yes,Simple Injury,Hit pedestrian,Signal lights Automatic,Straight and flat,Two way,Bitumen(Tar),Dry,Not Applicable,Clear,South End Circle Junction,Near H P Petrol Bunk,30 M,0.0,0.0
Bengaluru City,Jayanagar Traffic PS,1.04432e+16,2023,1,2,Road Accidents,Junction,City/Town,Residential area,Human Error,Yes,Grievous Injury,Vehicle to Vehicle,Uncontrolled,Straight and flat,Two way,Bitumen(Tar),Dry,Not Applicable,Clear,31st Main Road and 13th Cross,Near Nataraja Park,30 M,0.0,0.0
Bengaluru City,Jayanagar Traffic PS,1.04432e+16,2023,1,2,Road Accidents,Junction,City/Town,Near Bus stop,Human Error,Yes,Damage Only,Vehicle to Vehicle,Uncontrolled,Straight and flat,Two way,Bitumen(Tar),Dry,No influence on accident,Fine,"5th Main Road,",Near Mico Layout Bus stop,30 M,0.0,0.0
Bengaluru City,Jayanagar Traffic PS,1.04432e+16,2023,1,1,Road Accidents,Not Applicable,City/Town,In bazaar,Not Applicable,Yes,Fatal,Hit pedestrian,Not Applicable,Not Applicable,Arterial,Not Applicable,Not Applicable,Not Applicable,Not Applicable,15th cross ring road,Near Shell Petrol Bunk,30feet,12.906401,77.579074
Bengaluru City,Jayanagar Traffic PS,1.04432e+16,2023,1,1,Road Accidents,Cross roads,City/Town,Near School or College,Human Error,No,Grievous Injury,Hit pedestrian,Uncontrolled,Straight and flat,Two way,Bitumen(Tar),Dry,No influence on accident,Clear,9th Corss,Near Jayasrhee Public School,10 M,12.911429,77.573363
Bengaluru City,Jayanagar Traffic PS,1.04432e+16,2023,1,1,Road Accidents,Not Applicable,City/Town,In bazaar,Human Error,No,Grievous Injury,Hit pedestrian,Uncontrolled,Straight and flat,One way,Concrete,Dry,Not Applicable,Clear,30th Cross Road,Near 10th Main Road,30 M,12.928646,77.585246
Bengaluru City,Jayanagar Traffic PS,1.04432e+16,2023,1,2,Road Accidents,Bottleneck,City/Town,Open area,Not Applicable,No,Fatal,Vehicle to Vehicle,Not Applicable,Straight and flat,Sub Arterial,Bitumen(Tar),Dry,Not Applicable,Not Applicable,Jayanagar Metro Station 4th Main Rioad,Metro pillar,20 mtr,12.929222,77.580129
Bengaluru City,Jayanagar Traffic PS,1.04432e+16,2023,1,1,Road Accidents,Junction,City/Town,Residential area,Human Error,Yes,Simple Injury,Hit pedestrian,Uncontrolled,Straight and flat,Two way,Bitumen(Tar),Dry,Not Applicable,Fine,40th Cross and 7th Main Road Junction,Near Vasista Apartement,10 M,12.919916,77.581873
Bengaluru City,Jayanagar Traffic PS,1.04432e+16,2023,1,1,Road Accidents,Junction,City/Town,In bazaar,Not Applicable,No,Fatal,Not Applicable,No signal lights,Not Applicable,Major District Road,Bitumen(Tar),Not Applicable,Not Applicable,Not Applicable,15th cross ring road,Opp Selco company,40 ft,0.0,0.0
Bengaluru City,Jayanagar Traffic PS,1.04432e+16,2023,1,2,Road Accidents,Junction,City/Town,Residential area,Human Error,No,Grievous Injury,Vehicle to Vehicle,Uncontrolled,Straight and flat,Two way,Bitumen(Tar),Dry,Not Applicable,Clear,33rd Cross Road,Near Kanthisweet Shop,100,0.0,0.0
Bengaluru City,Jayanagar Traffic PS,1.04432e+16,2023,1,2,Road Accidents,Junction,City/Town,In bazaar,Not Applicable,No,Fatal,Vehicle to Vehicle,Not Applicable,Not Applicable,Others,Not Applicable,Not Applicable,Not Applicable,Clear,9 cross,Near Signal,20 Ft,0.0,0.0
Bengaluru City,Jayanagar Traffic PS,1.04432e+16,2023,1,1,Road Accidents,Not Applicable,City/Town,Near Bus stop,Human Error,No,Grievous Injury,Hit pedestrian,Uncontrolled,Straight and flat,One way,Bitumen(Tar),Dry,No influence on accident,Clear,9th Main Road,Near Balaji Medicals,5 M,0.0,0.0