DISTRICTNAME,UNITNAME,Crime_No,Year,RI,Noofvehicle_involved,Accident_Classification,Accident_Spot,Accident_Location,Accident_SubLocation,Main_Cause,Hit_Run,Severity,Collision_Type,Junction_Control,Road_Character,Road_Type,Surface_Type,Surface_Condition,Road_Condition,Weather,Accident_Road,Landmark_first,Distance_LandMark_First,Latitude,Longitude
Bengaluru City,Jeevan Bhima Nagar (Indiranagar) Traffic  PS,1.04432e+16,2016,1,2,Not Applicable,Not Applicable,City/Town,Open area,Human Error,Not Applicable,Grievous Injury,Others,Not at  Junction,Not Applicable,City or Town Road,Bitumen(Tar),Dry,No influence on accident,Clear,12TH MAIN ROAD,100,300,0.0,0.0
Bengaluru City,Jeevan Bhima Nagar (Indiranagar) Traffic  PS,1.04432e+16,2016,1,2,Road Accidents,Other,City/Town,Near Bus stop,Human Error,No,Damage Only,Not Applicable,Not at  Junction,Not Applicable,City or Town Road,Bitumen(Tar),Dry,No influence on accident,Fine,LIC CROSS BDA COMPLEX INDIARA NAGAER,100 FT ROAD,300,0.0,0.0
Bengaluru City,Jeevan Bhima Nagar (Indiranagar) Traffic  PS,1.04432e+16,2016,1,1,Road Accidents,Cross roads,City/Town,Open area,Human Error,Yes,Grievous Injury,Others,Not at  Junction,Not Applicable,City or Town Road,Bitumen(Tar),Dry,No influence on accident,Clear,CMH ROAD LAXMIPURA,100,300,0.0,0.0
Bengaluru City,Jeevan Bhima Nagar (Indiranagar) Traffic  PS,1.04432e+16,2016,1,2,Road Accidents,Narrow road,City/Town,In bazaar,Human Error,Yes,Grievous Injury,Hit and Run,Not Applicable,Not Applicable,City or Town Road,Bitumen(Tar),Dry,Not Applicable,Fine,100 FEET ROAD INDIRANAGARA,100 FEET ROAD INDIRANAGARA,200,0.0,0.0
Bengaluru City,Jeevan Bhima Nagar (Indiranagar) Traffic  PS,1.04432e+16,2016,1,1,Road Accidents,Junction,City/Town,Near Hospital,Human Error,No,Damage Only,Others,Signal lights Automatic,Not Applicable,NH,Bitumen(Tar),Dry,Not Applicable,Clear,O M ROAD INDIRANAGARA,O M ROAD INDIRANAGARA,500,0.0,0.0
Bengaluru City,Jeevan Bhima Nagar (Indiranagar) Traffic  PS,1.04432e+16,2016,1,1,Road Accidents,Junction,City/Town,Open area,Human Error,No,Simple Injury,Skidding or Self accident,Signal lights Automatic,Curve,City or Town Road,Bitumen(Tar),Dry,Not Applicable,Clear,O M ROAD 100FEET ROAD JUNCTION,O M ROAD 100FEET ROAD JUNCTION,100,0.0,0.0
Bengaluru City,Jeevan Bhima Nagar (Indiranagar) Traffic  PS,1.04432e+16,2016,1,2,Road Accidents,Junction,City/Town,Open area,Human Error,Yes,Grievous Injury,Hit and Run,Signal lights Automatic,Curve and Incline,City or Town Road,Bitumen(Tar),Dry,Not Applicable,Fine,O M ROAD NEAR 100 FEET ROAD JUNCTION,O M ROAD NEAR 100 FEET ROAD JUNCTION,2KM,0.0,0.0
Bengaluru City,Jeevan Bhima Nagar (Indiranagar) Traffic  PS,1.04432e+16,2016,1,2,Road Accidents,Junction,City/Town,Residential area,Human Error,No,Grievous Injury,Run Off Road,Signal lights Automatic,Straight and flat,City or Town Road,Bitumen(Tar),Dry,Not Applicable,Fine,100 FEETV ROAD,SBI BANK,200MTR,0.0,0.0
Bengaluru City,Jeevan Bhima Nagar (Indiranagar) Traffic  PS,1.04432e+16,2016,1,2,Road Accidents,Narrow road,City/Town,Open area,Human Error,No,Simple Injury,Not Applicable,Not Applicable,Not Applicable,City or Town Road,Bitumen(Tar),Dry,Not Applicable,Clear,C M H ROAD METRO STATION,C M H ROAD METRO STATION,100,0.0,0.0
Bengaluru City,Jeevan Bhima Nagar (Indiranagar) Traffic  PS,1.04432e+16,2016,1,1,Road Accidents,Narrow road,City/Town,Open area,Human Error,No,Fatal,Skidding or Self accident,Not Applicable,Not Applicable,City or Town Road,Bitumen(Tar),Dry,Not Applicable,Clear,OLD BYYAPANAHALLI MAIN ROAD,OLD BYYAPANAHALLI MAIN ROAD,500,0.0,0.0
Bengaluru City,Jeevan Bhima Nagar (Indiranagar) Traffic  PS,1.04432e+16,2016,1,1,Road Accidents,Narrow road,City/Town,Near Bus stop,Human Error,Yes,Simple Injury,Hit and Run,Controlled,Not Applicable,City or Town Road,Bitumen(Tar),Dry,No influence on accident,Clear,J B NAGAR,JB NAGAR MAIN ROAD,1,0.0,0.0
Bengaluru City,Jeevan Bhima Nagar (Indiranagar) Traffic  PS,1.04432e+16,2016,1,2,Road Accidents,Narrow road,City/Town,Residential area,Human Error,Not Applicable,Grievous Injury,Others,Not at  Junction,Not Applicable,City or Town Road,Bitumen(Tar),Dry,No influence on accident,Clear,j b nagar,100,300,0.0,0.0
Bengaluru City,Jeevan Bhima Nagar (Indiranagar) Traffic  PS,1.04432e+16,2016,1,2,Road Accidents,Narrow road,City/Town,Near Hospital,Human Error,No,Simple Injury,Others,Not at  Junction,Not Applicable,City or Town Road,Bitumen(Tar),Dry,Not Applicable,Fine,DOUBLE ROAD NEAR AISHWARYA BAR,DOUBLE ROAD NEAR AISHWARYA BAR,2KM,0.0,0.0
Bengaluru City,Jeevan Bhima Nagar (Indiranagar) Traffic  PS,1.04432e+16,2016,1,1,Road Accidents,Cross roads,City/Town,Near School or College,Human Error,Yes,Grievous Injury,Hit pedestrian,Not Applicable,Curve,Residential Street,Concrete,Dry,Not Applicable,Fine,MALESH PALYA NEAR GLOBAL CITY INTERNATIONAL SCHOOL,MALESH PALYA NEAR GLOBAL CITY INTERNATIONAL SCHOOL,100,0.0,0.0
Bengaluru City,Jeevan Bhima Nagar (Indiranagar) Traffic  PS,1.04432e+16,2016,1,2,Road Accidents,Narrow road,City/Town,Near a religious place,Human Error,No,Fatal,Hit bicyclist,Not Applicable,Not Applicable,City or Town Road,Bitumen(Tar),Dry,Not Applicable,Clear,S D ROAD NEAR SACRED HEART CHURCH,S D ROAD NEAR SACRED HEART CHURCH,300,0.0,0.0
Bengaluru City,Jeevan Bhima Nagar (Indiranagar) Traffic  PS,1.04432e+16,2016,1,2,Road Accidents,Narrow road,City/Town,Open area,Human Error,No,Damage Only,Others,Not at  Junction,Curve,City or Town Road,Bitumen(Tar),Dry,Not Applicable,Clear,S D ROAD,S D ROAD,2KM,0.0,0.0
Bengaluru City,Jeevan Bhima Nagar (Indiranagar) Traffic  PS,1.04432e+16,2016,1,1,Road Accidents,Cross roads,City/Town,Open area,Human Error,No,Simple Injury,Skidding or Self accident,Not at  Junction,Curve,City or Town Road,Bitumen(Tar),Dry,Not Applicable,Fine,BINAMANGALA CROSS ROAD,BINAMANGALA CROSS ROAD,2 KM,0.0,0.0
Bengaluru City,Jeevan Bhima Nagar (Indiranagar) Traffic  PS,1.04432e+16,2016,1,2,Road Accidents,Narrow road,City/Town,Near School or College,Human Error,No,Simple Injury,Hit bicyclist,Not Applicable,Hump,City or Town Road,Bitumen(Tar),Dry,Not Applicable,Clear,KAKGGADAS PURA MAIN ROAD,KAKGGADAS PURA MAIN ROAD,500,0.0,0.0
Bengaluru City,Jeevan Bhima Nagar (Indiranagar) Traffic  PS,1.04432e+16,2016,1,1,Road Accidents,Narrow road,City/Town,Open area,Human Error,No,Not Applicable,Hit animal,Not Applicable,Not Applicable,Residential Street,Bitumen(Tar),Dry,Not Applicable,Fine,1ST MAIN 1ST CROSS DIFFENCE CALOMY,1ST MAIN 1ST CROSS DIFFENCE CALOMY,1 KM,0.0,0.0
Bengaluru City,Jeevan Bhima Nagar (Indiranagar) Traffic  PS,1.04432e+16,2016,1,1,Road Accidents,Narrow road,City/Town,Open area,Not Applicable,Not Applicable,Not Applicable,Not Applicable,Not at  Junction,Others,City or Town Road,Bitumen(Tar),Dry,No influence on accident,Clear,NGEF JUNCTION,100,300,0.0,0.0
Bengaluru City,Jeevan Bhima Nagar (Indiranagar) Traffic  PS,1.04432e+16,2016,1,2,Road Accidents,Narrow road,City/Town,Open area,Human Error,No,Simple Injury,Hit bicyclist,Not at  Junction,Not Applicable,City or Town Road,Bitumen(Tar),Dry,No influence on accident,Fine,S D ROAD,S D ROAD,1KMN,0.0,0.0
Bengaluru City,Jeevan Bhima Nagar (Indiranagar) Traffic  PS,1.04432e+16,2016,1,1,Road Accidents,Junction,City/Town,Open area,Human Error,Yes,Simple Injury,Hit pedal cyclist,Signal lights Automatic,Not Applicable,City or Town Road,Bitumen(Tar),Dry,Not Applicable,Fine,100 FEET O M ROAD JUNCTION,100 FEET O M ROAD JUNCTION,500,0.0,0.0
Bengaluru City,Jeevan Bhima Nagar (Indiranagar) Traffic  PS,1.04432e+16,2016,1,1,Road Accidents,Cross roads,City/Town,Residential area,Human Error,No,Damage Only,Others,Not Applicable,Not Applicable,City or Town Road,Bitumen(Tar),Dry,Not Applicable,Fine,DRDO QUEATERS C V RAMAN NAGARA,DRDO QUEATERS C V RAMAN NAGARA,100,0.0,0.0
Bengaluru City,Jeevan Bhima Nagar (Indiranagar) Traffic  PS,1.04432e+16,2016,1,2,Road Accidents,Junction,City/Town,Near Petrol Pump,Human Error,No,Damage Only,Not Applicable,Signal lights Automatic,Not Applicable,City or Town Road,Bitumen(Tar),Dry,Not Applicable,Fine,O M ROAD INDIRANAGARA P S,O M ROAD INDIRANAGARA P S,2.5KM,0.0,0.0
Bengaluru City,Jeevan Bhima Nagar (Indiranagar) Traffic  PS,1.04432e+16,2016,1,1,Not Applicable,Bridge,City/Town,In bazaar,Human Error,No,Damage Only,Drowned,Controlled,Crest of hill,City or Town Road,Bitumen(Tar),Dry,Not Applicable,Clear,O M ROAD,O M ROAD,2KM,0.0,0.0
Bengaluru City,Jeevan Bhima Nagar (Indiranagar) Traffic  PS,1.04432e+16,2016,1,1,Road Accidents,Junction,City/Town,Near Hospital,Human Error,Yes,Grievous Injury,Hit and Run,Signal lights Automatic,Not Applicable,City or Town Road,Bitumen(Tar),Dry,Not Applicable,Fine,NEAR ESI HOSPITAL,NEAR ESI HOSPITAL,2KM,0.0,0.0
Bengaluru City,Jeevan Bhima Nagar (Indiranagar) Traffic  PS,1.04432e+16,2016,1,2,Road Accidents,Other,City/Town,Open area,Human Error,No,Grievous Injury,Others,Not Applicable,Not Applicable,City or Town Road,Bitumen(Tar),Dry,No influence on accident,Clear,L B SHASRI NAGAR,100,300,0.0,0.0
Bengaluru City,Jeevan Bhima Nagar (Indiranagar) Traffic  PS,1.04432e+16,2016,1,2,Road Accidents,Not Applicable,City/Town,Near Bus stop,Human Error,No,Damage Only,Not Applicable,Not at  Junction,Not Applicable,City or Town Road,Bitumen(Tar),Dry,No influence on accident,Clear,O M ROAD,100,300,0.0,0.0
Bengaluru City,Jeevan Bhima Nagar (Indiranagar) Traffic  PS,1.04432e+16,2016,1,1,Road Accidents,More than four arms,City/Town,Open area,Human Error,Yes,Grievous Injury,Hit pedestrian,Not at  Junction,Incline,City or Town Road,Bitumen(Tar),Dry,No influence on accident,Fine,O M ROAD,100,300,0.0,0.0
Bengaluru City,Jeevan Bhima Nagar (Indiranagar) Traffic  PS,1.04432e+16,2016,1,1,Road Accidents,Narrow road,City/Town,Near a religious place,Human Error,No,Fatal,Hit pedestrian,Not at  Junction,Not Applicable,City or Town Road,Bitumen(Tar),Dry,Not Applicable,Clear,S D ROAD,S D ROAD,500,0.0,0.0
Bengaluru City,Jeevan Bhima Nagar (Indiranagar) Traffic  PS,1.04432e+16,2016,1,2,Road Accidents,Narrow road,City/Town,Near Bus stop,Human Error,No,Damage Only,Not Applicable,Not at  Junction,Not Applicable,City or Town Road,Bitumen(Tar),Dry,No influence on accident,Clear,O M ROAD,100,300,0.0,0.0
Bengaluru City,Jeevan Bhima Nagar (Indiranagar) Traffic  PS,1.04432e+16,2016,1,1,Road Accidents,More than four arms,City/Town,Open area,Human Error,No,Grievous Injury,Others,Not at  Junction,Not Applicable,City or Town Road,Bitumen(Tar),Dry,No influence on accident,Clear,100 FT ROAD,100 FT ROAD,300,0.0,0.0
Bengaluru City,Jeevan Bhima Nagar (Indiranagar) Traffic  PS,1.04432e+16,2016,1,1,Road Accidents,Narrow road,City/Town,At pedestrian Crossing,Human Error,Yes,Grievous Injury,Hit and Run,Not at  Junction,Others,City or Town Road,Bitumen(Tar),Dry,No influence on accident,Clear,double road,300,100,0.0,0.0
Bengaluru City,Jeevan Bhima Nagar (Indiranagar) Traffic  PS,1.04432e+16,2016,1,2,Road Accidents,Other,City/Town,Near office complex,Human Error,No,Grievous Injury,Others,Not Applicable,Not Applicable,City or Town Road,Bitumen(Tar),Dry,No influence on accident,Clear,BIG BAZR JUNCTION,100,300,0.0,0.0
Bengaluru City,Jeevan Bhima Nagar (Indiranagar) Traffic  PS,1.04432e+16,2016,1,1,Road Accidents,Narrow road,City/Town,Near Petrol Pump,Human Error,No,Grievous Injury,Hit pedestrian,Not Applicable,Not Applicable,City or Town Road,Bitumen(Tar),Dry,Not Applicable,Clear,J B NAGARA MAIN ROAD NEAR INDIAN OIL PETROL BUNK,J B NAGARA MAIN ROAD NEAR INDIAN OIL PETROL BUNK,100,0.0,0.0
Bengaluru City,Jeevan Bhima Nagar (Indiranagar) Traffic  PS,1.04432e+16,2016,1,1,Road Accidents,Cross roads,City/Town,Near a religious place,Human Error,Yes,Damage Only,Hit and Run,Not at  Junction,Curve,Residential Street,Bitumen(Tar),Dry,Not Applicable,Fine,13 TH MAIN 4 TH CROSS NEAR SRI RAMA TEMPAL DOOPANAHALLI,13 TH MAIN 4 TH CROSS NEAR SRI RAMA TEMPAL DOOPANAHALLI,2KM,0.0,0.0
Bengaluru City,Jeevan Bhima Nagar (Indiranagar) Traffic  PS,1.04432e+16,2016,1,2,Road Accidents,Narrow road,City/Town,Open area,Human Error,No,Damage Only,Rear end,Not at  Junction,Not Applicable,City or Town Road,Bitumen(Tar),Dry,Not Applicable,Fine,DOUBLE ROAD,DOUBLE ROAD,2KM,0.0,0.0
Bengaluru City,Jeevan Bhima Nagar (Indiranagar) Traffic  PS,1.04432e+16,2016,1,2,Road Accidents,Not Applicable,City/Town,Open area,Human Error,No,Grievous Injury,Hit bicyclist,Not Applicable,Curve,City or Town Road,Bitumen(Tar),Dry,Not Applicable,Clear,DOMALUR FLY OVER INDIRANAGARA,DOMALUR FLY OVER INDIRANAGARA,1 KM,0.0,0.0
Bengaluru City,Jeevan Bhima Nagar (Indiranagar) Traffic  PS,1.04432e+16,2016,1,1,Road Accidents,Narrow road,City/Town,Open area,Human Error,No,Fatal,Skidding or Self accident,No signal lights,Curve,City or Town Road,Bitumen(Tar),Dry,Not Applicable,Clear,SADANANDA NAGARA MAIN ROAD,SADANANDA NAGARA MAIN ROAD,500,0.0,0.0
Bengaluru City,Jeevan Bhima Nagar (Indiranagar) Traffic  PS,1.04432e+16,2016,1,1,Road Accidents,Junction,City/Town,Near Bus stop,Human Error,No,Grievous Injury,Hit pedal cyclist,Police / Manual,Not Applicable,City or Town Road,Bitumen(Tar),Dry,Not Applicable,Clear,O M ROAD KALPALLI JUNCTION,O M ROAD KALPALLI JUNCTION,100,0.0,0.0
Bengaluru City,Jeevan Bhima Nagar (Indiranagar) Traffic  PS,1.04432e+16,2016,1,2,Road Accidents,Narrow road,City/Town,Near School or College,Human Error,No,Simple Injury,Rear end,Not Applicable,Not Applicable,City or Town Road,Bitumen(Tar),Dry,Not Applicable,Clear,J B NAGARA MAIN ROAD NEAR GOVT SCHOOL,J B NAGARA MAIN ROAD NEAR GOVT SCHOOL,200,0.0,0.0
Bengaluru City,Jeevan Bhima Nagar (Indiranagar) Traffic  PS,1.04432e+16,2016,1,2,Road Accidents,Narrow road,City/Town,Open area,Human Error,No,Grievous Injury,Not Applicable,Not at  Junction,Not Applicable,City or Town Road,Bitumen(Tar),Dry,No influence on accident,Clear,O M ROAD,100,300,0.0,0.0
Bengaluru City,Jeevan Bhima Nagar (Indiranagar) Traffic  PS,1.04432e+16,2016,1,2,Road Accidents,Junction,City/Town,Open area,Human Error,No,Grievous Injury,Not Applicable,Signal lights Automatic,Others,City or Town Road,Bitumen(Tar),Dry,No influence on accident,Clear,BMSRI JUNCTION,100,300,0.0,0.0
Bengaluru City,Jeevan Bhima Nagar (Indiranagar) Traffic  PS,1.04432e+16,2016,1,2,Road Accidents,Junction,City/Town,Open area,Human Error,No,Grievous Injury,Hit bicyclist,Signal lights Automatic,Not Applicable,City or Town Road,Bitumen(Tar),Dry,Not Applicable,Fine,100 FEET ROAD INDIRANGARA 12 TH MAIN JUNCTION,100 FEET ROAD INDIRANGARA 12 TH MAIN JUNCTION,100,0.0,0.0
Bengaluru City,Jeevan Bhima Nagar (Indiranagar) Traffic  PS,1.04432e+16,2016,1,1,Road Accidents,Cross roads,City/Town,Open area,Human Error,Yes,Grievous Injury,Hit pedal cyclist,Not Applicable,Not Applicable,Residential Street,Bitumen(Tar),Dry,Not Applicable,Clear,#02 18 TH A CROSS LAXMIPURAM,LAXMIPURAM,300,0.0,0.0
Bengaluru City,Jeevan Bhima Nagar (Indiranagar) Traffic  PS,1.04432e+16,2016,1,2,Road Accidents,Junction,City/Town,Open area,Human Error,No,Simple Injury,Head on,Police / Manual,Not Applicable,City or Town Road,Bitumen(Tar),Dry,Not Applicable,Clear,S D ROAD JB NAGARA JUNCTION,S D ROAD JB NAGARA JUNCTION,500,0.0,0.0
Bengaluru City,Jeevan Bhima Nagar (Indiranagar) Traffic  PS,1.04432e+16,2016,1,2,Road Accidents,Narrow road,City/Town,Near office complex,Human Error,No,Grievous Injury,Hit bicyclist,No signal lights,Not Applicable,City or Town Road,Bitumen(Tar),Dry,Not Applicable,Fine,C M H ROAD,C M H ROAD,2KM,0.0,0.0
Bengaluru City,Jeevan Bhima Nagar (Indiranagar) Traffic  PS,1.04432e+16,2016,1,2,Road Accidents,Narrow road,City/Town,Open area,Human Error,Yes,Grievous Injury,Hit and Run,Not at  Junction,Not Applicable,City or Town Road,Bitumen(Tar),Dry,No influence on accident,Clear,OLD MADRSH ROAD,100,300,0.0,0.0
Bengaluru City,Jeevan Bhima Nagar (Indiranagar) Traffic  PS,1.04432e+16,2016,1,2,Road Accidents,Not Applicable,City/Town,Near Bus stop,Human Error,No,Damage Only,Others,Not at  Junction,Others,City or Town Road,Bitumen(Tar),Dry,No influence on accident,Clear,O M ROAD NEAR 100 FEET ROAD,100,300,0.0,0.0
Bengaluru City,Jeevan Bhima Nagar (Indiranagar) Traffic  PS,1.04432e+16,2016,1,1,Road Accidents,Other,City/Town,Near Bus stop,Human Error,Yes,Fatal,Hit and Run,Not Applicable,Not Applicable,City or Town Road,Bitumen(Tar),Dry,Not Applicable,Clear,O M ROAD OPP BMTC DIPO,O M ROAD OPP BMTC DIPO,300,0.0,0.0
Bengaluru City,Jeevan Bhima Nagar (Indiranagar) Traffic  PS,1.04432e+16,2016,1,2,Road Accidents,Narrow road,City/Town,Open area,Human Error,Yes,Grievous Injury,Hit and Run,No signal lights,Not Applicable,City or Town Road,Bitumen(Tar),Dry,Not Applicable,Clear,S D ROAD MICAL PALYA,S D ROAD MICAL PALYA,500,0.0,0.0
Bengaluru City,Jeevan Bhima Nagar (Indiranagar) Traffic  PS,1.04432e+16,2016,1,2,Road Accidents,Narrow road,City/Town,Near Bus stop,Human Error,No,Simple Injury,Hit bicyclist,Not at  Junction,Not Applicable,City or Town Road,Bitumen(Tar),Dry,Not Applicable,Clear,SADANANDA NAGARA MAIN ROAD NEAR APSRTC BUS STOP,SADANANDA NAGARA MAIN ROAD NEAR APSRTC BUS STOP,500,0.0,0.0
Bengaluru City,Jeevan Bhima Nagar (Indiranagar) Traffic  PS,1.04432e+16,2016,1,1,Not Applicable,Narrow road,City/Town,Near Petrol Pump,Human Error,Yes,Simple Injury,Hit pedestrian,Not Applicable,Not Applicable,City or Town Road,Bitumen(Tar),Dry,Not Applicable,Fine,O M ROAD NEAR INDIRANAGARA P S,O M ROAD NEAR INDIRANAGARA P S,100,0.0,0.0
Bengaluru City,Jeevan Bhima Nagar (Indiranagar) Traffic  PS,1.04432e+16,2016,1,1,Road Accidents,Narrow road,City/Town,Open area,Human Error,Yes,Grievous Injury,Hit pedal cyclist,Not at  Junction,Not Applicable,City or Town Road,Bitumen(Tar),Dry,Not Applicable,Clear,G M PALYA,300,100,0.0,0.0
Bengaluru City,Jeevan Bhima Nagar (Indiranagar) Traffic  PS,1.04432e+16,2016,1,2,Road Accidents,Not Applicable,City/Town,Open area,Human Error,Yes,Grievous Injury,Others,Not at  Junction,Not Applicable,City or Town Road,Bitumen(Tar),Dry,No influence on accident,Clear,12 TH MAIN,100,300,0.0,0.0
Bengaluru City,Jeevan Bhima Nagar (Indiranagar) Traffic  PS,1.04432e+16,2016,1,2,Road Accidents,Junction,City/Town,Near Bus stop,Human Error,No,Simple Injury,Run Off Road,Signal lights Automatic,Others,City or Town Road,Bitumen(Tar),Dry,Not Applicable,Fine,DOUBLE ROAD,BUSSTOP,500MTR,0.0,0.0
Bengaluru City,Jeevan Bhima Nagar (Indiranagar) Traffic  PS,1.04432e+16,2016,1,1,Road Accidents,Narrow road,City/Town,Near Hospital,Human Error,No,Grievous Injury,Hit pedestrian,Not Applicable,Curve,City or Town Road,Bitumen(Tar),Dry,Not Applicable,Clear,SD ROAD NEAR HAL HAOSPITAL,SD ROAD NEAR HAL HAOSPITAL,1KM,0.0,0.0
Bengaluru City,Jeevan Bhima Nagar (Indiranagar) Traffic  PS,1.04432e+16,2016,1,2,Road Accidents,Junction,City/Town,Open area,Human Error,Yes,Grievous Injury,Overturning,Signal lights Automatic,Curve,City or Town Road,Concrete,Dry,Not Applicable,Fine,O M ROAD,POLICE STATION,200MTR,0.0,0.0
Bengaluru City,Jeevan Bhima Nagar (Indiranagar) Traffic  PS,1.04432e+16,2016,1,1,Not Applicable,More than four arms,City/Town,Open area,Human Error,Yes,Fatal,Hit and Run,Not Applicable,Others,City or Town Road,Bitumen(Tar),Dry,Not Applicable,Fine,BYYASANDR MN RD,SUBHA SUPER MARKET,300,0.0,0.0
Bengaluru City,Jeevan Bhima Nagar (Indiranagar) Traffic  PS,1.04432e+16,2016,1,2,Road Accidents,Junction,City/Town,Open area,Human Error,No,Damage Only,Not Applicable,Signal lights Automatic,Others,City or Town Road,Bitumen(Tar),Dry,No influence on accident,Clear,100 FEET ROAD,100,300,0.0,0.0
Bengaluru City,Jeevan Bhima Nagar (Indiranagar) Traffic  PS,1.04432e+16,2016,1,1,Road Accidents,Narrow road,City/Town,Near Bus stop,Human Error,Yes,Simple Injury,Hit and Run,Controlled,Not Applicable,NH,Bitumen(Tar),Dry,No influence on accident,Clear,OM ROAD,OM ROAD,2,0.0,0.0
Bengaluru City,Jeevan Bhima Nagar (Indiranagar) Traffic  PS,1.04432e+16,2016,1,2,Road Accidents,T Junction,City/Town,Near Hospital,Human Error,No,Damage Only,Not Applicable,Controlled,Curve,City or Town Road,Bitumen(Tar),Dry,Not Applicable,Fine,E S I HOSPITAL JUNCTION,E S I HOSPITAL JUNCTION,2KM,0.0,0.0
Bengaluru City,Jeevan Bhima Nagar (Indiranagar) Traffic  PS,1.04432e+16,2016,1,2,Road Accidents,Cross roads,City/Town,In bazaar,Human Error,Yes,Simple Injury,Hit and Run,Not Applicable,Not Applicable,City or Town Road,Bitumen(Tar),Dry,Not Applicable,Clear,C M H ROAD 14 TH CROSS NEAR HOPCOMS,C M H ROAD 14 TH CROSS NEAR HOPCOMS,500,0.0,0.0
Bengaluru City,Jeevan Bhima Nagar (Indiranagar) Traffic  PS,1.04432e+16,2016,1,1,Road Accidents,Narrow road,City/Town,Near School or College,Human Error,Yes,Grievous Injury,Hit and Run,No signal lights,Not Applicable,City or Town Road,Bitumen(Tar),Dry,Not Applicable,Clear,KAGGADASAPURA MAIN ROAD NEAR SCT COLLEGE,KAGGADASAPURA MAIN ROAD NEAR SCT COLLEGE,500,0.0,0.0
Bengaluru City,Jeevan Bhima Nagar (Indiranagar) Traffic  PS,1.04432e+16,2016,1,2,Road Accidents,Cross roads,City/Town,Residential area,Human Error,Yes,Damage Only,Others,Not Applicable,Not Applicable,Residential Street,Bitumen(Tar),Dry,Not Applicable,Fine,14 TH MAIN NEAR JAIN COLLEGE,14 TH MAIN NEAR JAIN COLLEGE,500,0.0,0.0
Bengaluru City,Jeevan Bhima Nagar (Indiranagar) Traffic  PS,1.04432e+16,2016,1,2,Road Accidents,Not Applicable,City/Town,Open area,Human Error,No,Grievous Injury,Others,Not Applicable,Not Applicable,City or Town Road,Bitumen(Tar),Dry,Not Applicable,Clear,O M ROAD,O M ROAD,500,0.0,0.0
Bengaluru City,Jeevan Bhima Nagar (Indiranagar) Traffic  PS,1.04432e+16,2016,1,1,Road Accidents,Junction,City/Town,In bazaar,Human Error,Yes,Grievous Injury,Hit pedestrian,Signal lights Automatic,Not Applicable,City or Town Road,Bitumen(Tar),Dry,Not Applicable,Clear,KFC JUNCTION INDIRANAGAR,KFC JUNCTION INDIRANAGAR,200,0.0,0.0
Bengaluru City,Jeevan Bhima Nagar (Indiranagar) Traffic  PS,1.04432e+16,2016,1,1,Road Accidents,Cross roads,City/Town,Residential area,Human Error,No,Not Applicable,Not Applicable,Not Applicable,Not Applicable,Residential Street,Bitumen(Tar),Dry,Not Applicable,Fine,DIFENCY CALONY INDIRANAGARA,DIFENCY CALONY INDIRANAGARA,3000,0.0,0.0
Bengaluru City,Jeevan Bhima Nagar (Indiranagar) Traffic  PS,1.04432e+16,2016,1,2,Road Accidents,Bridge,City/Town,Narrow bridge or culverts,Human Error,Yes,Grievous Injury,Hit and Run,Not at  Junction,Others,City or Town Road,Bitumen(Tar),Dry,No influence on accident,Clear,DOMALOOR BRIDGE,100,300,0.0,0.0
Bengaluru City,Jeevan Bhima Nagar (Indiranagar) Traffic  PS,1.04432e+16,2016,1,2,Road Accidents,Narrow road,City/Town,Open area,Human Error,No,Damage Only,Not Applicable,Not at  Junction,Not Applicable,City or Town Road,Bitumen(Tar),Dry,No influence on accident,Fine,BIG BAZAR,100,3KM,0.0,0.0
Bengaluru City,Jeevan Bhima Nagar (Indiranagar) Traffic  PS,1.04432e+16,2016,1,2,Road Accidents,Junction,City/Town,Open area,Human Error,No,Grievous Injury,Others,Signal lights Automatic,Others,City or Town Road,Bitumen(Tar),Dry,No influence on accident,Fine,O M ROAD,100,200,0.0,0.0
Bengaluru City,Jeevan Bhima Nagar (Indiranagar) Traffic  PS,1.04432e+16,2016,1,2,Road Accidents,Not Applicable,City/Town,Near office complex,Human Error,No,Grievous Injury,Not Applicable,Not at  Junction,Not Applicable,City or Town Road,Bitumen(Tar),Dry,No influence on accident,Clear,6 TH CROSS,100,300,0.0,0.0
Bengaluru City,Jeevan Bhima Nagar (Indiranagar) Traffic  PS,1.04432e+16,2016,1,1,Road Accidents,Narrow road,City/Town,Near Hospital,Human Error,No,Fatal,Not Applicable,Controlled,Gentle Incline or Climb,City or Town Road,Bitumen(Tar),Dry,No influence on accident,Clear,CMH ROAD,CMH ROAD,1,0.0,0.0
Bengaluru City,Jeevan Bhima Nagar (Indiranagar) Traffic  PS,1.04432e+16,2016,1,2,Road Accidents,Junction,City/Town,Open area,Human Error,No,Grievous Injury,Hit bicyclist,No signal lights,Not Applicable,City or Town Road,Bitumen(Tar),Dry,Not Applicable,Clear,ESI ROAD NEAR HAMBUR HOTEL,ESI ROAD NEAR HAMBUR HOTEL,300,0.0,0.0
Bengaluru City,Jeevan Bhima Nagar (Indiranagar) Traffic  PS,1.04432e+16,2016,1,2,Road Accidents,Other,City/Town,Open area,Human Error,No,Damage Only,Head on,Not at  Junction,Not Applicable,City or Town Road,Bitumen(Tar),Dry,Not Applicable,Clear,S D ROAD,S D ROAD,2KM,0.0,0.0
Bengaluru City,Jeevan Bhima Nagar (Indiranagar) Traffic  PS,1.04432e+16,2016,1,2,Road Accidents,Narrow road,City/Town,Open area,Human Error,No,Grievous Injury,Head on,Not Applicable,Not Applicable,City or Town Road,Bitumen(Tar),Dry,Not Applicable,Clear,MALESH PALYA MAIN ROAD NEAR BEML JUNCTION,MALESH PALYA MAIN ROAD NEAR BEML JUNCTION,200,0.0,0.0
Bengaluru City,Jeevan Bhima Nagar (Indiranagar) Traffic  PS,1.04432e+16,2016,1,2,Road Accidents,Narrow road,City/Town,Open area,Human Error,No,Simple Injury,Hit bicyclist,Not at  Junction,Others,City or Town Road,Bitumen(Tar),Dry,Not Applicable,Fine,12 TH MAIN ROAD 100 FEET ROAD INDIRANAGARA,12 TH MAIN ROAD 100 FEET ROAD INDIRANAGARA,1 KM,0.0,0.0
Bengaluru City,Jeevan Bhima Nagar (Indiranagar) Traffic  PS,1.04432e+16,2016,1,1,Road Accidents,Cross roads,City/Town,Near a religious place,Human Error,Yes,Grievous Injury,Hit and Run,No signal lights,Curve,City or Town Road,Bitumen(Tar),Dry,Not Applicable,Clear,KAGGADAS PUARA MAIN ROAD NEAR ANJANAYA TEMPAL,KAGGADAS PUARA MAIN ROAD NEAR ANJANAYA TEMPAL,3KM,0.0,0.0