DISTRICTNAME,UNITNAME,Crime_No,Year,RI,Noofvehicle_involved,Accident_Classification,Accident_Spot,Accident_Location,Accident_SubLocation,Main_Cause,Hit_Run,Severity,Collision_Type,Junction_Control,Road_Character,Road_Type,Surface_Type,Surface_Condition,Road_Condition,Weather,Accident_Road,Landmark_first,Distance_LandMark_First,Latitude,Longitude
Bengaluru City,Jeevan Bhima Nagar (Indiranagar) Traffic  PS,1.04432e+16,2017,1,2,Road Accidents,Cross roads,City/Town,Open area,Human Error,Yes,Grievous Injury,Hit and Run,Not Applicable,Curve,City or Town Road,Bitumen(Tar),Dry,Not Applicable,Fine,SADANANDA NAGARA MAIN ROAD NEAR BYYPANAHALLI METRO STATION,SADANANDA NAGARA MAIN ROAD NEAR BYYPANAHALLI METRO STATION,300,0.0,0.0
Bengaluru City,Jeevan Bhima Nagar (Indiranagar) Traffic  PS,1.04432e+16,2017,1,1,Rail Road Accidents,Narrow road,City/Town,Near Bus stop,Human Error,No,Fatal,Hit pedestrian,Not at  Junction,Not Applicable,NH,Bitumen(Tar),Dry,Not Applicable,Fine,OLD MADRAS ROAD NEAR S G PALYA JUNCTION,OLD MADRAS ROAD NEAR S G PALYA JUNCTION,300,0.0,0.0
Bengaluru City,Jeevan Bhima Nagar (Indiranagar) Traffic  PS,1.04432e+16,2017,1,1,Road Accidents,Junction,City/Town,At pedestrian Crossing,Human Error,No,Grievous Injury,Hit pedestrian,Controlled,Not Applicable,City or Town Road,Bitumen(Tar),Dry,Not Applicable,Fine,RD,500,200,0.0,0.0
Bengaluru City,Jeevan Bhima Nagar (Indiranagar) Traffic  PS,1.04432e+16,2017,1,1,Road Accidents,Narrow road,City/Town,Open area,Human Error,No,Grievous Injury,Hit bicyclist,Not at  Junction,Not Applicable,City or Town Road,Concrete,Dry,Not Applicable,Fine,O MROAD,O M ROAD,3 KM,0.0,0.0
Bengaluru City,Jeevan Bhima Nagar (Indiranagar) Traffic  PS,1.04432e+16,2017,1,2,Road Accidents,Cross roads,City/Town,Residential area,Human Error,No,Grievous Injury,Hit bicyclist,Not Applicable,Not Applicable,City or Town Road,Bitumen(Tar),Dry,Not Applicable,Fine,80 FEET ROAD 4TH MAIN 1 ST CROSS,80 FEET ROAD 4TH MAIN 1 ST CROSS,300,0.0,0.0
Bengaluru City,Jeevan Bhima Nagar (Indiranagar) Traffic  PS,1.04432e+16,2017,1,2,Road Accidents,Circle,City/Town,Near Hospital,Human Error,Not Applicable,Grievous Injury,Rear end,Controlled,Others,City or Town Road,Concrete,Dry,Not Applicable,Clear,SD ROAD,NEAR HAL HOSPITAL,0.5KM,0.0,0.0
Bengaluru City,Jeevan Bhima Nagar (Indiranagar) Traffic  PS,1.04432e+16,2017,1,2,Road Accidents,Junction,City/Town,Open area,Human Error,No,Damage Only,Not Applicable,Police / Manual,Curve,City or Town Road,Bitumen(Tar),Dry,Not Applicable,Clear,13 TH MAIN INDIRANAGARA,13 TH MAIN INDIRANAGARA,300,0.0,0.0
Bengaluru City,Jeevan Bhima Nagar (Indiranagar) Traffic  PS,1.04432e+16,2017,1,2,Road Accidents,Junction,City/Town,Open area,Vehicle Defect,No,Damage Only,Rear end,Signal lights Automatic,Not Applicable,City or Town Road,Concrete,Dry,Not Applicable,Fine,O M ROAD,O M ROAD,2,0.0,0.0
Bengaluru City,Jeevan Bhima Nagar (Indiranagar) Traffic  PS,1.04432e+16,2017,1,1,Road Accidents,Cross roads,City/Town,Residential area,Not Applicable,No,Simple Injury,Hit pedestrian,No signal lights,Hump,Residential Street,Concrete,Dry,Pot holed,Fine,B S CALONY INDIRANGARA,B S CALONY INDIRANAGARA,1.5 KM,0.0,0.0
Bengaluru City,Jeevan Bhima Nagar (Indiranagar) Traffic  PS,1.04432e+16,2017,1,3,Road Accidents,Narrow road,City/Town,Open area,Human Error,No,Simple Injury,Hit bicyclist,Not at  Junction,Curve,City or Town Road,Concrete,Dry,Not Applicable,Fine,O M ROAD,O M ROAD,2.5 KM,0.0,0.0
Bengaluru City,Jeevan Bhima Nagar (Indiranagar) Traffic  PS,1.04432e+16,2017,1,2,Road Accidents,Narrow road,City/Town,Near Bus stop,Human Error,Yes,Grievous Injury,Hit and Run,No signal lights,Straight and flat,City or Town Road,Concrete,Dry,Not Applicable,Fine,O M ROAD,METRO STATION,200MTR,0.0,0.0
Bengaluru City,Jeevan Bhima Nagar (Indiranagar) Traffic  PS,1.04432e+16,2017,1,1,Road Accidents,Cross roads,City/Town,Residential area,Human Error,No,Grievous Injury,Hit pedestrian,Not Applicable,Not Applicable,Residential Street,Bitumen(Tar),Dry,Not Applicable,Fine,G M PALYA KEMPEGOWDA CALONY,G M PALYA KEMPEGOWDA CALONY,200,0.0,0.0
Bengaluru City,Jeevan Bhima Nagar (Indiranagar) Traffic  PS,1.04432e+16,2017,1,2,Road Accidents,Junction,City/Town,Near Bus stop,Human Error,No,Grievous Injury,Hit bicyclist,Signal lights Automatic,Not Applicable,City or Town Road,Bitumen(Tar),Dry,Not Applicable,Fine,S D ROAD NEAR BEML JUNCTION,S D ROAD NEAR BEML JUNCTION,100,0.0,0.0
Bengaluru City,Jeevan Bhima Nagar (Indiranagar) Traffic  PS,1.04432e+16,2017,1,1,Road Accidents,Narrow road,City/Town,At pedestrian Crossing,Human Error,No,Damage Only,Hit pedestrian,Controlled,Not Applicable,City or Town Road,Bitumen(Tar),Dry,No influence on accident,Fine,80 FEET ROAD,80 FEET ROAD,1,0.0,0.0
Bengaluru City,Jeevan Bhima Nagar (Indiranagar) Traffic  PS,1.04432e+16,2017,1,2,Road Accidents,Cross roads,City/Town,Open area,Human Error,No,Grievous Injury,Head on,Uncontrolled,Others,City or Town Road,Bitumen(Tar),Dry,Not Applicable,Clear,08TH A CROSS,TVS SHOWROOM,300,0.0,0.0
Bengaluru City,Jeevan Bhima Nagar (Indiranagar) Traffic  PS,1.04432e+16,2017,1,2,Road Accidents,Cross roads,City/Town,Near Hospital,Human Error,Yes,Grievous Injury,Hit and Run,Not Applicable,Curve,City or Town Road,Bitumen(Tar),Dry,Not Applicable,Fine,O M ROAD NEAR VIVEKANADA METRO STATION NEW BYYAPANAHALLI CROSS,O M ROAD NEAR VIVEKANADA METRO STATION NEW BYYAPANAHALLI CROSS,500,0.0,0.0
Bengaluru City,Jeevan Bhima Nagar (Indiranagar) Traffic  PS,1.04432e+16,2017,1,1,Road Accidents,Cross roads,City/Town,Open area,Human Error,Yes,Grievous Injury,Not Applicable,Not Applicable,Not Applicable,City or Town Road,Bitumen(Tar),Dry,Not Applicable,Fine,NEAR BYYPANAHALLI RAILWAY POLICE STATION BANGALURU CITY,NEAR BYYPANAHALLI RAILWAY POLICE STATION BANGALURU CITY,500,0.0,0.0
Bengaluru City,Jeevan Bhima Nagar (Indiranagar) Traffic  PS,1.04432e+16,2017,1,2,Not Applicable,Junction,City/Town,Near Bus stop,Human Error,Yes,Grievous Injury,Hit and Run,Controlled,Curve,City or Town Road,Concrete,Dry,Not Applicable,Clear,beml gate,NEAR BEML JUNCTION,1 KM,0.0,0.0
Bengaluru City,Jeevan Bhima Nagar (Indiranagar) Traffic  PS,1.04432e+16,2017,1,1,Road Accidents,Not Applicable,City/Town,At pedestrian Crossing,Human Error,Yes,Grievous Injury,Hit and Run,Controlled,Others,City or Town Road,Concrete,Dry,Not Applicable,Clear,OLD AIRPORT ROAD,NEAR RAJESHWARI THEATRE,1.5 KM,0.0,0.0
Bengaluru City,Jeevan Bhima Nagar (Indiranagar) Traffic  PS,1.04432e+16,2017,1,2,Road Accidents,Other,City/Town,Open area,Human Error,No,Grievous Injury,Rear end,Not at  Junction,Hump,City or Town Road,Concrete,Dry,Not Applicable,Fine,KAGDAS PURA MAIN ROAD,KAGDAS PURA MAIN ROAD,2KM,0.0,0.0
Bengaluru City,Jeevan Bhima Nagar (Indiranagar) Traffic  PS,1.04432e+16,2017,1,2,Road Accidents,Bottleneck,City/Town,Near School or College,Human Error,Yes,Damage Only,Hit and Run,Not Applicable,Not Applicable,One way,Concrete,Dry,Not Applicable,Fine,100 FT ROAD,100 FT ROAD,1.5KM,0.0,0.0
Bengaluru City,Jeevan Bhima Nagar (Indiranagar) Traffic  PS,1.04432e+16,2017,1,2,Road Accidents,Other,City/Town,Near office complex,Human Error,No,Damage Only,Rear end,Not at  Junction,Not Applicable,City or Town Road,Concrete,Dry,Not Applicable,Fine,BAGMANE TECK PARK,BAGMANE TECK PARK,2,0.0,0.0
Bengaluru City,Jeevan Bhima Nagar (Indiranagar) Traffic  PS,1.04432e+16,2017,1,2,Road Accidents,Other,City/Town,Open area,Human Error,No,Simple Injury,Others,Not Applicable,Hump,City or Town Road,Not Applicable,Dry,Not Applicable,Fine,DOUBLE ROAD,DOUBLE ROAD,2,0.0,0.0
Bengaluru City,Jeevan Bhima Nagar (Indiranagar) Traffic  PS,1.04432e+16,2017,1,2,Road Accidents,Cross roads,City/Town,Residential area,Human Error,Yes,Grievous Injury,Hit bicyclist,Not Applicable,Not Applicable,City or Town Road,Bitumen(Tar),Dry,Not Applicable,Clear,12 TH A MAIN 8 THCROSS INDIRANAGARA,12 TH A MAIN 8 THCROSS INDIRANAGARA,200,0.0,0.0
Bengaluru City,Jeevan Bhima Nagar (Indiranagar) Traffic  PS,1.04432e+16,2017,1,1,Not Applicable,Not Applicable,City/Town,Near Bus stop,Human Error,No,Damage Only,Not Applicable,Controlled,Not Applicable,City or Town Road,Bitumen(Tar),Dry,No influence on accident,Clear,byyappanhalli metro,metro,2,0.0,0.0
Bengaluru City,Jeevan Bhima Nagar (Indiranagar) Traffic  PS,1.04432e+16,2017,1,2,Not Applicable,Cross roads,City/Town,Near office complex,Human Error,Yes,Grievous Injury,Hit and Run,No signal lights,Not Applicable,City or Town Road,Bitumen(Tar),Dry,Not Applicable,Fine,BTPNEAR COGNITANT TECNOLAGY COMPANY,BTPNEAR COGNITANT TECNOLAGY COMPANY,300,0.0,0.0
Bengaluru City,Jeevan Bhima Nagar (Indiranagar) Traffic  PS,1.04432e+16,2017,1,1,Not Applicable,More than four arms,City/Town,Near office complex,Human Error,Yes,Grievous Injury,Hit and Run,Controlled,Others,One way,Bitumen(Tar),Dry,Not Applicable,Fine,OLD AIRPORT RD,NEAR UDAPI HOTEL,300,0.0,0.0
Bengaluru City,Jeevan Bhima Nagar (Indiranagar) Traffic  PS,1.04432e+16,2017,1,2,Road Accidents,Cross roads,City/Town,Near a recreation place/cinema,Human Error,Yes,Grievous Injury,Hit and Run,Police / Manual,Others,City or Town Road,Concrete,Dry,Not Applicable,Clear,OM ROAD,NEAR UDUPI PARK HOTEL,1.5 KM,0.0,0.0
Bengaluru City,Jeevan Bhima Nagar (Indiranagar) Traffic  PS,1.04432e+16,2017,1,2,Road Accidents,Other,City/Town,Near Bus stop,Human Error,No,Damage Only,Hit and Run,Not Applicable,Curve,City or Town Road,Bitumen(Tar),Dry,Not Applicable,Fine,OLD MADRAS ROAD NEAR INDIRAAGARA BMTC DIPO,OLD MADRAS ROAD NEAR INDIRAAGARA BMTC DIPO,100,0.0,0.0
Bengaluru City,Jeevan Bhima Nagar (Indiranagar) Traffic  PS,1.04432e+16,2017,1,2,Road Accidents,Rail Crossing Unmanned,City/Town,Open area,Human Error,No,Damage Only,Rear end,Not Applicable,Not Applicable,Not Applicable,Concrete,Dry,Not Applicable,Fine,KALPALLI RAILWAY GATE,KALPALLI RALWAY GATE,2,0.0,0.0
Bengaluru City,Jeevan Bhima Nagar (Indiranagar) Traffic  PS,1.04432e+16,2017,1,2,Not Applicable,Junction,City/Town,Open area,Human Error,No,Damage Only,Rear end,Police / Manual,Not Applicable,City or Town Road,Concrete,Dry,Not Applicable,Fine,13 TH MAIN ROASD,13 TH MAIN ROASD,1,0.0,0.0
Bengaluru City,Jeevan Bhima Nagar (Indiranagar) Traffic  PS,1.04432e+16,2017,1,2,Not Applicable,Narrow road,City/Town,Near Bus stop,Human Error,Yes,Grievous Injury,Hit bicyclist,Not Applicable,Not Applicable,City or Town Road,Bitumen(Tar),Dry,Not Applicable,Fine,C M H ROAD INDIRANAGFARA,C M H ROAD INDIRANAGARA,500,0.0,0.0
Bengaluru City,Jeevan Bhima Nagar (Indiranagar) Traffic  PS,1.04432e+16,2017,1,2,Road Accidents,Junction,City/Town,Near School or College,Human Error,No,Simple Injury,Hit bicyclist,Signal lights Automatic,Not Applicable,NH,Bitumen(Tar),Dry,Not Applicable,Clear,OLD MADRAS ROAD NEAR NGEF JUNCTION,OLD MADRAS ROAD NEAR NGEF JUNCTION,200,0.0,0.0
Bengaluru City,Jeevan Bhima Nagar (Indiranagar) Traffic  PS,1.04432e+16,2017,1,1,Road Accidents,Cross roads,City/Town,Near office complex,Human Error,Yes,Grievous Injury,Hit pedestrian,Police / Manual,Not Applicable,City or Town Road,Bitumen(Tar),Dry,Not Applicable,Fine,NEAR BAGMANE TECK PARK C V RAMAN NAGARA,NEAR BAGMANE TECK PARK C V RAMAN NAGARA,500,0.0,0.0
Bengaluru City,Jeevan Bhima Nagar (Indiranagar) Traffic  PS,1.04432e+16,2017,1,2,Road Accidents,Round about or Circle,City/Town,Near Bus stop,Human Error,No,Grievous Injury,Others,Signal lights Automatic,Others,City or Town Road,Concrete,Dry,No influence on accident,Clear,AIRPORT ROAD,NEAR PRIYA BAR,1 KM,0.0,0.0
Bengaluru City,Jeevan Bhima Nagar (Indiranagar) Traffic  PS,1.04432e+16,2017,1,1,Not Applicable,Circle,City/Town,At pedestrian Crossing,Human Error,Not Applicable,Grievous Injury,Hit pedestrian,Controlled,Straight and flat,City or Town Road,Bitumen(Tar),Dry,Not Applicable,Clear,OLD AIRPORT ROAD,NEAR RAJESHWARI THEATRE,1 KM,0.0,0.0
Bengaluru City,Jeevan Bhima Nagar (Indiranagar) Traffic  PS,1.04432e+16,2017,1,2,Road Accidents,Narrow road,City/Town,Residential area,Human Error,No,Simple Injury,Others,Not Applicable,Not Applicable,City or Town Road,Bitumen(Tar),Dry,No influence on accident,Clear,80 FFET ROAD,80 FFET ROAD,2.5,0.0,0.0
Bengaluru City,Jeevan Bhima Nagar (Indiranagar) Traffic  PS,1.04432e+16,2017,1,1,Not Applicable,Narrow road,City/Town,Near office complex,Human Error,No,Grievous Injury,Hit pedestrian,Not Applicable,Not Applicable,City or Town Road,Bitumen(Tar),Dry,Not Applicable,Fine,OLD AIR PORT ROAD OPP SNS COMPLEX,OLD AIR PORT ROAD OPP SNS COMPLEX,300,0.0,0.0
Bengaluru City,Jeevan Bhima Nagar (Indiranagar) Traffic  PS,1.04432e+16,2017,1,1,Road Accidents,Not Applicable,City/Town,Near Bus stop,Human Error,Not Applicable,Damage Only,Not Applicable,Not Applicable,Not Applicable,City or Town Road,Bitumen(Tar),Wet,No influence on accident,Clear,WIND TUNEL ROAD,WIND TUNEL ROAD,1.5,0.0,0.0
Bengaluru City,Jeevan Bhima Nagar (Indiranagar) Traffic  PS,1.04432e+16,2017,1,1,Road Accidents,Narrow road,City/Town,Open area,Human Error,No,Grievous Injury,Hit pedestrian,Not Applicable,Not Applicable,City or Town Road,Bitumen(Tar),Dry,Not Applicable,Fine,6TH CROSS LEELA PALACE,6TH CROSS LEELA PALACE,500,0.0,0.0
Bengaluru City,Jeevan Bhima Nagar (Indiranagar) Traffic  PS,1.04432e+16,2017,1,2,Road Accidents,Narrow road,City/Town,Open area,Human Error,Yes,Simple Injury,Hit and Run,Not Applicable,Not Applicable,City or Town Road,Not Applicable,Others,Not Applicable,Fine,KAGGDAS PUARA MIN RAOAD NEAR TANDOORI HOTEL,KAGGADAS PURA MAIN ROAD,2.5,0.0,0.0
Bengaluru City,Jeevan Bhima Nagar (Indiranagar) Traffic  PS,1.04432e+16,2017,1,2,Road Accidents,T Junction,City/Town,Near Bus stop,Human Error,No,Simple Injury,Rear end,Signal lights Automatic,Not Applicable,City or Town Road,Concrete,Dry,Not Applicable,Fine,O M ROASD,O M ROAD,2,0.0,0.0
Bengaluru City,Jeevan Bhima Nagar (Indiranagar) Traffic  PS,1.04432e+16,2017,1,1,Road Accidents,Y Junction,City/Town,Near a factory industrial area,Not Applicable,No,Simple Injury,Hit pedestrian,Signal lights Automatic,Others,City or Town Road,Concrete,Dry,Not Applicable,Clear,O M ROAD,O M ROAD NEAR VIVEKANADA METRO STATION,2,0.0,0.0
Bengaluru City,Jeevan Bhima Nagar (Indiranagar) Traffic  PS,1.04432e+16,2017,1,2,Road Accidents,T Junction,City/Town,Near a religious place,Human Error,No,Simple Injury,Others,Signal lights Automatic,Not Applicable,Others,Concrete,Dry,Not Applicable,Clear,O M ROAD,O M ROAD,2,0.0,0.0
Bengaluru City,Jeevan Bhima Nagar (Indiranagar) Traffic  PS,1.04432e+16,2017,1,2,Road Accidents,Other,City/Town,Residential area,Human Error,Yes,Simple Injury,Hit and Run,Not Applicable,Not Applicable,City or Town Road,Bitumen(Tar),Dry,Not Applicable,Fine,KGA ROAD NEAR CRSSANA VETARNARY HOSPITAL,KGA ROAD NEAR CRSSANA VETARNARY HOSPITAL,200,0.0,0.0
Bengaluru City,Jeevan Bhima Nagar (Indiranagar) Traffic  PS,1.04432e+16,2017,1,2,Road Accidents,Other,City/Town,Near a factory industrial area,Human Error,Not Applicable,Simple Injury,Others,Police / Manual,Others,City or Town Road,Bitumen(Tar),Dry,Pot holed,Clear,APJ ABDUL KALAM ROAD,NEAR BTP,1.5 KM,0.0,0.0
Bengaluru City,Jeevan Bhima Nagar (Indiranagar) Traffic  PS,1.04432e+16,2018,1,2,Road Accidents,Junction,City/Town,Open area,Human Error,No,Damage Only,Head on,Controlled,Not Applicable,City or Town Road,Bitumen(Tar),Dry,Not Applicable,Fine,06TH CROSS,200,20,0.0,0.0
Bengaluru City,Jeevan Bhima Nagar (Indiranagar) Traffic  PS,1.04432e+16,2018,1,2,Road Accidents,Circle,City/Town,Near Bus stop,Human Error,No,Damage Only,Others,Not Applicable,Curve,City or Town Road,Bitumen(Tar),Dry,Not Applicable,Fine,500,200,200,0.0,0.0
Bengaluru City,Jeevan Bhima Nagar (Indiranagar) Traffic  PS,1.04432e+16,2018,1,2,Road Accidents,Narrow road,City/Town,Open area,Human Error,Yes,Simple Injury,Hit and Run,Not Applicable,Not Applicable,City or Town Road,Concrete,Dry,No influence on accident,Clear,FAIR WIND EGL CAMPUS,FAIR WIND EGL CAMPUS,2.0 KM,0.0,0.0
Bengaluru City,Jeevan Bhima Nagar (Indiranagar) Traffic  PS,1.04432e+16,2018,1,1,Road Accidents,More than four arms,City/Town,In bazaar,Human Error,No,Grievous Injury,Hit pedestrian,Uncontrolled,Incline,City or Town Road,Bitumen(Tar),Dry,Not Applicable,Fine,WIND TUNNEL RD,TOP IN TOWN,200,0.0,0.0
Bengaluru City,Jeevan Bhima Nagar (Indiranagar) Traffic  PS,1.04432e+16,2018,1,1,Road Accidents,More than four arms,City/Town,In bazaar,Human Error,No,Grievous Injury,Hit pedestrian,Not Applicable,Not Applicable,City or Town Road,Bitumen(Tar),Dry,Not Applicable,Fine,O.M.RD,200,20,0.0,0.0
Bengaluru City,Jeevan Bhima Nagar (Indiranagar) Traffic  PS,1.04432e+16,2018,1,1,Road Accidents,Cross roads,City/Town,Near office complex,Human Error,No,Simple Injury,Hit pedestrian,Signal lights Blinking,Incline,Others,Bitumen(Tar),Ditch or Potholed,Not Applicable,Fine,500,200,200,0.0,0.0
Bengaluru City,Jeevan Bhima Nagar (Indiranagar) Traffic  PS,1.04432e+16,2018,1,2,Road Accidents,More than four arms,City/Town,In bazaar,Human Error,No,Fatal,Rear end,Not at  Junction,Others,City or Town Road,Bitumen(Tar),Dry,Not Applicable,Fine,OLD AIRPORT RD,BANGALORE ONE OFFICES,200,0.0,0.0
Bengaluru City,Jeevan Bhima Nagar (Indiranagar) Traffic  PS,1.04432e+16,2018,1,1,Road Accidents,More than four arms,City/Town,Near office complex,Human Error,No,Fatal,Hit fixed object,Not at  Junction,Not Applicable,City or Town Road,Bitumen(Tar),Dry,Not Applicable,Fine,OLD AIRPORT RD,200,20,0.0,0.0
Bengaluru City,Jeevan Bhima Nagar (Indiranagar) Traffic  PS,1.04432e+16,2018,1,1,Road Accidents,Cross roads,City/Town,Near office complex,Human Error,Yes,Grievous Injury,Hit and Run,No signal lights,Not Applicable,City or Town Road,Bitumen(Tar),Dry,Not Applicable,Fine,01ST CROSS,200,200,0.0,0.0
Bengaluru City,Jeevan Bhima Nagar (Indiranagar) Traffic  PS,1.04432e+16,2018,1,2,Road Accidents,Narrow road,City/Town,Open area,Human Error,No,Damage Only,Rear end,Not at  Junction,Not Applicable,City or Town Road,Bitumen(Tar),Dry,Not Applicable,Fine,NEAR KAGGADASPURA RAILWAY GATE,NEAR KAGGADASPURA RAILWAY GATE,1,0.0,0.0
Bengaluru City,Jeevan Bhima Nagar (Indiranagar) Traffic  PS,1.04432e+16,2018,1,1,Road Accidents,Narrow road,City/Town,Residential area,Human Error,No,Fatal,Others,Controlled,Not Applicable,City or Town Road,Bitumen(Tar),Dry,No influence on accident,Clear,S G PALYA MAIN ROAD,S G PALYA MAIN ROAD,2.0 KM,0.0,0.0
Bengaluru City,Jeevan Bhima Nagar (Indiranagar) Traffic  PS,1.04432e+16,2018,1,1,Rail Road Accidents,Narrow road,City/Town,Open area,Human Error,Yes,Simple Injury,Not Applicable,Controlled,Not Applicable,City or Town Road,Bitumen(Tar),Dry,No influence on accident,Clear,KAGGADASPURA,KAGGADASPURA,2,0.0,0.0
Bengaluru City,Jeevan Bhima Nagar (Indiranagar) Traffic  PS,1.04432e+16,2018,1,2,Road Accidents,Narrow road,City/Town,Open area,Human Error,No,Fatal,Others,Not Applicable,Not Applicable,City or Town Road,Bitumen(Tar),Dry,No influence on accident,Clear,LIC COONY THIPPASANDRA,LIC COONY THIPPASANDRA,2.0 KM,0.0,0.0
Bengaluru City,Jeevan Bhima Nagar (Indiranagar) Traffic  PS,1.04432e+16,2018,1,2,Road Accidents,More than four arms,City/Town,Near Bus stop,Human Error,Yes,Grievous Injury,Hit and Run,No signal lights,Not Applicable,City or Town Road,Bitumen(Tar),Dry,Not Applicable,Fine,500,200,200,0.0,0.0
Bengaluru City,Jeevan Bhima Nagar (Indiranagar) Traffic  PS,1.04432e+16,2018,1,2,Road Accidents,Cross roads,City/Town,Open area,Human Error,No,Grievous Injury,Head on,No signal lights,Curve,City or Town Road,Bitumen(Tar),Dry,Not Applicable,Fine,06TH CROSS,200,20,0.0,0.0
Bengaluru City,Jeevan Bhima Nagar (Indiranagar) Traffic  PS,1.04432e+16,2018,1,1,Road Accidents,Junction,City/Town,Open area,Human Error,Yes,Simple Injury,Hit pedestrian,Controlled,Not Applicable,City or Town Road,Bitumen(Tar),Dry,Not Applicable,Fine,SD ROAD,200,2,0.0,0.0
Bengaluru City,Jeevan Bhima Nagar (Indiranagar) Traffic  PS,1.04432e+16,2018,1,2,Road Accidents,Junction,City/Town,Near Hospital,Human Error,No,Simple Injury,Right Turn Collision,Controlled,Not Applicable,City or Town Road,Bitumen(Tar),Dry,Not Applicable,Fine,MANIPAL HOSPITAL,200,200,0.0,0.0
Bengaluru City,Jeevan Bhima Nagar (Indiranagar) Traffic  PS,1.04432e+16,2018,1,1,Road Accidents,Cross roads,City/Town,Near Bus stop,Human Error,No,Grievous Injury,Hit pedestrian,Give way sign,Others,Others,Bitumen(Tar),Dry,Not Applicable,Fine,01ST CROSS,200,200,0.0,0.0
Bengaluru City,Jeevan Bhima Nagar (Indiranagar) Traffic  PS,1.04432e+16,2018,1,2,Road Accidents,Y Junction,City/Town,Open area,Human Error,No,Grievous Injury,Rear end,Signal lights Blinking,Not Applicable,Two way,Bitumen(Tar),Dry,Not Applicable,Fine,S.D.RD,200,200,0.0,0.0
Bengaluru City,Jeevan Bhima Nagar (Indiranagar) Traffic  PS,1.04432e+16,2018,1,1,Road Accidents,Cross roads,City/Town,Residential area,Human Error,No,Grievous Injury,Hit pedestrian,Not Applicable,Not Applicable,City or Town Road,Bitumen(Tar),Dry,Not Applicable,Fine,01ST MN,200,200,0.0,0.0
Bengaluru City,Jeevan Bhima Nagar (Indiranagar) Traffic  PS,1.04432e+16,2018,1,1,Road Accidents,More than four arms,City/Town,At pedestrian Crossing,Human Error,Yes,Grievous Injury,Hit pedestrian,Give way sign,Others,City or Town Road,Bitumen(Tar),Dry,Not Applicable,Fine,OLD AIRPORT RD,OLD AIRPORT RD,200,0.0,0.0
Bengaluru City,Jeevan Bhima Nagar (Indiranagar) Traffic  PS,1.04432e+16,2018,1,2,Road Accidents,Junction,City/Town,In bazaar,Human Error,No,Grievous Injury,Others,Controlled,Others,City or Town Road,Bitumen(Tar),Dry,Not Applicable,Fine,BIG BAZAR JUNCTION,200,200,0.0,0.0
Bengaluru City,Jeevan Bhima Nagar (Indiranagar) Traffic  PS,1.04432e+16,2018,1,2,Road Accidents,More than four arms,City/Town,Open area,Human Error,Yes,Grievous Injury,Rear end,Not Applicable,Others,City or Town Road,Bitumen(Tar),Dry,Not Applicable,Fine,NEAR MORE SUPER MARKET,200,200,0.0,0.0
Bengaluru City,Jeevan Bhima Nagar (Indiranagar) Traffic  PS,1.04432e+16,2018,1,1,Road Accidents,Junction,City/Town,Open area,Human Error,No,Grievous Injury,Run Off Road,Controlled,Not Applicable,City or Town Road,Bitumen(Tar),Dry,Not Applicable,Fine,S.D.RD,200,200,0.0,0.0
Bengaluru City,Jeevan Bhima Nagar (Indiranagar) Traffic  PS,1.04432e+16,2018,1,2,Road Accidents,Junction,City/Town,Open area,Human Error,Yes,Grievous Injury,Rear end,Controlled,Not Applicable,City or Town Road,Bitumen(Tar),Dry,Not Applicable,Fine,BSNL JUNCTION,200,200,0.0,0.0
Bengaluru City,Jeevan Bhima Nagar (Indiranagar) Traffic  PS,1.04432e+16,2018,1,2,Road Accidents,Cross roads,City/Town,In bazaar,Human Error,No,Damage Only,Vehicle to Vehicle,Controlled,Others,Others,Bitumen(Tar),Dry,Not Applicable,Fine,500,200,200,0.0,0.0
Bengaluru City,Jeevan Bhima Nagar (Indiranagar) Traffic  PS,1.04432e+16,2018,1,2,Road Accidents,Circle,City/Town,Open area,Human Error,No,Grievous Injury,Not Applicable,Controlled,Others,Others,Bitumen(Tar),Dry,Not Applicable,Fine,CHELLAGHATTA,500,300,0.0,0.0
Bengaluru City,Jeevan Bhima Nagar (Indiranagar) Traffic  PS,1.04432e+16,2018,1,1,Road Accidents,More than four arms,City/Town,Near office complex,Human Error,No,Grievous Injury,Hit pedestrian,Controlled,Others,City or Town Road,Bitumen(Tar),Dry,Not Applicable,Fine,OLD AIRPORT RD,MANIPAL JUNCTION,200,0.0,0.0
Bengaluru City,Jeevan Bhima Nagar (Indiranagar) Traffic  PS,1.04432e+16,2018,1,1,Road Accidents,More than four arms,City/Town,At pedestrian Crossing,Human Error,Yes,Grievous Injury,Hit and Run,Not Applicable,Others,City or Town Road,Bitumen(Tar),Dry,Not Applicable,Fine,500,200,200,0.0,0.0
Bengaluru City,Jeevan Bhima Nagar (Indiranagar) Traffic  PS,1.04432e+16,2018,1,1,Road Accidents,Other,City/Town,Near Bus stop,Not Applicable,No,Damage Only,Run Off Road,Not Applicable,Not Applicable,City or Town Road,Bitumen(Tar),Dry,Engineering Defect of Road,Clear,NEAR METRO STATION,METRO STATION,3.5,0.0,0.0
Bengaluru City,Jeevan Bhima Nagar (Indiranagar) Traffic  PS,1.04432e+16,2018,1,2,Road Accidents,Cross roads,City/Town,Residential area,Human Error,Yes,Fatal,Hit and Run,Uncontrolled,Slight Curve,City or Town Road,Bitumen(Tar),Dry,Not Applicable,Fine,03RD MAIN RD,PHOENIC ENCLAVE,200,0.0,0.0
Bengaluru City,Jeevan Bhima Nagar (Indiranagar) Traffic  PS,1.04432e+16,2018,1,1,Road Accidents,Cross roads,City/Town,Residential area,Human Error,Yes,Grievous Injury,Hit and Run,Not Applicable,Not Applicable,City or Town Road,Bitumen(Tar),Dry,Not Applicable,Fine,DRDO RD,200,200,0.0,0.0
Bengaluru City,Jeevan Bhima Nagar (Indiranagar) Traffic  PS,1.04432e+16,2018,1,1,Road Accidents,More than four arms,City/Town,Near Bus stop,Human Error,Yes,Grievous Injury,Hit and Run,No signal lights,Others,City or Town Road,Bitumen(Tar),Dry,Not Applicable,Fine,PETROL BUNK,PETROL BUNK,20,0.0,0.0
Bengaluru City,Jeevan Bhima Nagar (Indiranagar) Traffic  PS,1.04432e+16,2018,1,1,Road Accidents,Circle,City/Town,In bazaar,Human Error,No,Fatal,Hit pedestrian,Uncontrolled,Others,Residential Street,Bitumen(Tar),Dry,Not Applicable,Fine,RAM TEMPLE,RAM TEMPLE,200,0.0,0.0
Bengaluru City,Jeevan Bhima Nagar (Indiranagar) Traffic  PS,1.04432e+16,2018,1,2,Road Accidents,T Junction,City/Town,Open area,Human Error,No,Damage Only,Right Turn Collision,Signal lights Automatic,Not Applicable,City or Town Road,Bitumen(Tar),Dry,Not Applicable,Fine,MANIPAL HOSPITAL,200,200,0.0,0.0