DISTRICTNAME,UNITNAME,Crime_No,Year,RI,Noofvehicle_involved,Accident_Classification,Accident_Spot,Accident_Location,Accident_SubLocation,Main_Cause,Hit_Run,Severity,Collision_Type,Junction_Control,Road_Character,Road_Type,Surface_Type,Surface_Condition,Road_Condition,Weather,Accident_Road,Landmark_first,Distance_LandMark_First,Latitude,Longitude
Bengaluru City,Jeevan Bhima Nagar (Indiranagar) Traffic  PS,1.04432e+16,2019,1,1,Road Accidents,Circle,City/Town,Near Bus stop,Human Error,No,Grievous Injury,Hit pedestrian,Not at  Junction,Curve,Others,Bitumen(Tar),Dry,Not Applicable,Fine,bus stop,200,200,0.0,0.0
Bengaluru City,Jeevan Bhima Nagar (Indiranagar) Traffic  PS,1.04432e+16,2019,1,2,Road Accidents,Circle,City/Town,In bazaar,Not Applicable,Yes,Simple Injury,Vehicle to Vehicle,Signal lights Automatic,Not Applicable,NH,Bitumen(Tar),Dry,Not Applicable,Clear,OM ROAD,NEAR BIG BAZAR,4,0.0,0.0
Bengaluru City,Jeevan Bhima Nagar (Indiranagar) Traffic  PS,1.04432e+16,2019,1,2,Not Applicable,Circle,City/Town,Near Hospital,Not Applicable,Yes,Damage Only,Vehicle to Vehicle,Controlled,Straight and flat,Two way,Bitumen(Tar),Dry,Not Applicable,Fine,SD ROAD,NEAR HAL HOSPITAL,1,0.0,0.0
Bengaluru City,Jeevan Bhima Nagar (Indiranagar) Traffic  PS,1.04432e+16,2019,1,2,Road Accidents,Junction,City/Town,Open area,Human Error,Yes,Grievous Injury,Vehicle to Vehicle,Signal lights Automatic,Straight and flat,NH,Bitumen(Tar),Dry,Not Applicable,Fine,NGEF,NEAR SIGNAL,3,0.0,0.0
Bengaluru City,Jeevan Bhima Nagar (Indiranagar) Traffic  PS,1.04432e+16,2019,1,2,Road Accidents,Narrow road,City/Town,Near Bus stop,Human Error,Yes,Grievous Injury,Vehicle to Vehicle,No signal lights,Others,Others,Bitumen(Tar),Dry,Not Applicable,Fine,6TH CROSS .CHALAGATTA MAIN ROAD,6TH CROSS  NEAR STATUS HOTAN,1.5KM,0.0,0.0
Bengaluru City,Jeevan Bhima Nagar (Indiranagar) Traffic  PS,1.04432e+16,2019,1,2,Road Accidents,Circle,City/Town,Near Bus stop,Human Error,No,Damage Only,Vehicle to Vehicle,Controlled,Straight and flat,Others,Bitumen(Tar),Dry,No influence on accident,Clear,NEAR HAL BUS STOP,NEAR HAL BUS STOP,1,0.0,0.0
Bengaluru City,Jeevan Bhima Nagar (Indiranagar) Traffic  PS,1.04432e+16,2019,1,1,Road Accidents,Circle,City/Town,Open area,Human Error,Yes,Grievous Injury,Hit pedestrian,Controlled,Others,City or Town Road,Bitumen(Tar),Dry,Not Applicable,Fine,500,200,200,0.0,0.0
Bengaluru City,Jeevan Bhima Nagar (Indiranagar) Traffic  PS,1.04432e+16,2019,1,1,Road Accidents,Cross roads,City/Town,Open area,Human Error,Yes,Grievous Injury,Others,Uncontrolled,Others,City or Town Road,Bitumen(Tar),Dry,Not Applicable,Fine,500,200,200,0.0,0.0
Bengaluru City,Jeevan Bhima Nagar (Indiranagar) Traffic  PS,1.04432e+16,2019,1,1,Road Accidents,More than four arms,City/Town,Open area,Human Error,No,Grievous Injury,Hit pedestrian,Not at  Junction,Others,City or Town Road,Bitumen(Tar),Dry,Not Applicable,Fine,500,200,200,0.0,0.0
Bengaluru City,Jeevan Bhima Nagar (Indiranagar) Traffic  PS,1.04432e+16,2019,1,2,Road Accidents,Junction,City/Town,Near Bus stop,Human Error,Yes,Damage Only,Vehicle to Vehicle,Controlled,Others,Sub Arterial,Bitumen(Tar),Dry,Not Applicable,Fine,500,200,200,0.0,0.0
Bengaluru City,Jeevan Bhima Nagar (Indiranagar) Traffic  PS,1.04432e+16,2019,1,1,Road Accidents,Cross roads,City/Town,Near School or College,Human Error,No,Simple Injury,Hit pedestrian,No signal lights,Others,Others,Bitumen(Tar),Dry,Not Applicable,Fine,14TH MAIN,NEW HARIZAIN SCHOOL,1KM,0.0,0.0
Bengaluru City,Jeevan Bhima Nagar (Indiranagar) Traffic  PS,1.04432e+16,2019,1,1,Road Accidents,Junction,City/Town,In bazaar,Human Error,No,Fatal,Hit pedestrian,Signals (Working),Others,NH,Bitumen(Tar),Dry,Not Applicable,Fine,BIG BAZAR JUNCTION,NEAR GOPALAN MALL,1.5 KM,0.0,0.0
Bengaluru City,Jeevan Bhima Nagar (Indiranagar) Traffic  PS,1.04432e+16,2019,1,2,Road Accidents,Junction,City/Town,Near office complex,Human Error,No,Grievous Injury,Vehicle to Vehicle,No signal lights,Others,Others,Bitumen(Tar),Dry,Not Applicable,Fine,OLD AIRPORT ROAD,RAJESAVARI THETER,2.00KM,0.0,0.0
Bengaluru City,Jeevan Bhima Nagar (Indiranagar) Traffic  PS,1.04432e+16,2019,1,2,Road Accidents,T Junction,City/Town,Residential area,Human Error,No,Grievous Injury,Right Turn Collision,No signal lights,Others,City or Town Road,Bitumen(Tar),Dry,Not Applicable,Fine,500,200,200,0.0,0.0
Bengaluru City,Jeevan Bhima Nagar (Indiranagar) Traffic  PS,1.04432e+16,2019,1,2,Road Accidents,Cross roads,City/Town,Open area,Human Error,Yes,Simple Injury,Vehicle to Vehicle,Not at  Junction,Others,Others,Bitumen(Tar),Dry,Not Applicable,Fine,500,200,200,0.0,0.0
Bengaluru City,Jeevan Bhima Nagar (Indiranagar) Traffic  PS,1.04432e+16,2019,1,2,Road Accidents,Not Applicable,City/Town,Open area,Human Error,Yes,Simple Injury,Hit parked vehicle,Uncontrolled,Others,City or Town Road,Bitumen(Tar),Dry,Not Applicable,Fine,500,200,200,0.0,0.0
Bengaluru City,Jeevan Bhima Nagar (Indiranagar) Traffic  PS,1.04432e+16,2019,1,2,Road Accidents,Narrow road,City/Town,Near Hospital,Human Error,No,Grievous Injury,Not Applicable,Not Applicable,Not Applicable,Others,Bitumen(Tar),Dry,No influence on accident,Clear,HAL MARKET,HAL MARKET,1.5 K,0.0,0.0
Bengaluru City,Jeevan Bhima Nagar (Indiranagar) Traffic  PS,1.04432e+16,2019,1,2,Road Accidents,Not Applicable,City/Town,Near Bus stop,Human Error,No,Grievous Injury,Vehicle to Vehicle,Give way sign,Straight and flat,Others,Bitumen(Tar),Dry,Not Applicable,Fine,500,200,200,0.0,0.0
Bengaluru City,Jeevan Bhima Nagar (Indiranagar) Traffic  PS,1.04432e+16,2019,1,2,Road Accidents,Narrow road,City/Town,Near Bus stop,Not Applicable,No,Simple Injury,Vehicle to Vehicle,Not Applicable,Not Applicable,Not Applicable,Bitumen(Tar),Dry,Not Applicable,Fine,MALLESH PALYA,BUS STOP,2,0.0,0.0
Bengaluru City,Jeevan Bhima Nagar (Indiranagar) Traffic  PS,1.04432e+16,2019,1,1,Road Accidents,Junction,City/Town,Near a factory industrial area,Human Error,No,Grievous Injury,Not Applicable,No signal lights,Others,Two way,Bitumen(Tar),Dry,Not Applicable,Fine,500,200,200,0.0,0.0
Bengaluru City,Jeevan Bhima Nagar (Indiranagar) Traffic  PS,1.04432e+16,2019,1,1,Road Accidents,Narrow road,City/Town,At pedestrian Crossing,Human Error,No,Fatal,Hit pedestrian,Not Applicable,Not Applicable,NH,Bitumen(Tar),Dry,No influence on accident,Fine,"Infront of sampuran mount fort college, Old madras road, Bangalore",OLD MADRAS ROAD,2.0 km,0.0,0.0
Bengaluru City,Jeevan Bhima Nagar (Indiranagar) Traffic  PS,1.04432e+16,2019,1,1,Road Accidents,Cross roads,City/Town,Near office complex,Human Error,No,Fatal,Not Applicable,Not at  Junction,Curve,Others,Bitumen(Tar),Dry,Not Applicable,Fine,OLD BAYPPNAHALI,NEAR WATER TANK,2.0KM,0.0,0.0
Bengaluru City,Jeevan Bhima Nagar (Indiranagar) Traffic  PS,1.04432e+16,2019,1,2,Road Accidents,Junction,City/Town,Near Bus stop,Human Error,No,Damage Only,Vehicle to Vehicle,Police / Manual,Others,Others,Bitumen(Tar),Dry,Not Applicable,Clear,AIRPORT ROAD,NEAR CHALGHATTA,200,0.0,0.0
Bengaluru City,Jeevan Bhima Nagar (Indiranagar) Traffic  PS,1.04432e+16,2019,1,1,Road Accidents,Junction,City/Town,Open area,Human Error,Yes,Grievous Injury,Hit pedestrian,Controlled,Others,City or Town Road,Bitumen(Tar),Dry,Not Applicable,Fine,500,200,200,0.0,0.0
Bengaluru City,Jeevan Bhima Nagar (Indiranagar) Traffic  PS,1.04432e+16,2019,1,2,Road Accidents,Not Applicable,City/Town,Near Hospital,Human Error,Yes,Grievous Injury,Vehicle to Vehicle,No signal lights,Others,Two way,Bitumen(Tar),Dry,Not Applicable,Fine,KAGGADAPURA,200,200,0.0,0.0
Bengaluru City,Jeevan Bhima Nagar (Indiranagar) Traffic  PS,1.04432e+16,2019,1,1,Road Accidents,Narrow road,City/Town,In bazaar,Human Error,Yes,Grievous Injury,Hit pedestrian,Controlled,Others,NH,Bitumen(Tar),Dry,Not Applicable,Clear,OM ROAD,NEAR GOPALAN MALL,5,0.0,0.0
Bengaluru City,Jeevan Bhima Nagar (Indiranagar) Traffic  PS,1.04432e+16,2019,1,2,Road Accidents,Junction,City/Town,Open area,Human Error,No,Grievous Injury,Vehicle to Vehicle,Controlled,Curve,Not Applicable,Bitumen(Tar),Dry,Not Applicable,Clear,SADANANDA NAGAR MAIN ROAD,NEAR 4TH MAIN,4 KM,0.0,0.0
Bengaluru City,Jeevan Bhima Nagar (Indiranagar) Traffic  PS,1.04432e+16,2019,1,2,Road Accidents,Cross roads,City/Town,Residential area,Human Error,Yes,Grievous Injury,Vehicle to Vehicle,Give way sign,Straight and flat,Others,Bitumen(Tar),Dry,Not Applicable,Fine,500,200,200,0.0,0.0
Bengaluru City,Jeevan Bhima Nagar (Indiranagar) Traffic  PS,1.04432e+16,2019,1,1,Not Applicable,Circle,City/Town,At pedestrian Crossing,Not Applicable,Yes,Grievous Injury,Hit pedestrian,Controlled,Not Applicable,NH,Not Applicable,Dry,Not Applicable,Clear,OM ROAD,NEAR NGEF JUNCTION,2,0.0,0.0
Bengaluru City,Jeevan Bhima Nagar (Indiranagar) Traffic  PS,1.04432e+16,2019,1,1,Road Accidents,Cross roads,City/Town,Near Bus stop,Human Error,No,Grievous Injury,Not Applicable,Give way sign,Not Applicable,Others,Bitumen(Tar),Dry,Not Applicable,Fine,DRDO RD,200,200,0.0,0.0
Bengaluru City,Jeevan Bhima Nagar (Indiranagar) Traffic  PS,1.04432e+16,2019,1,2,Road Accidents,Not Applicable,City/Town,Open area,Human Error,No,Damage Only,Others,Not Applicable,Not Applicable,City or Town Road,Bitumen(Tar),Dry,No influence on accident,Not Applicable,NGEF JUNCTION,NGEF JUNCTION,2,0.0,0.0
Bengaluru City,Jeevan Bhima Nagar (Indiranagar) Traffic  PS,1.04432e+16,2019,1,2,Road Accidents,Not Applicable,City/Town,In bazaar,Not Applicable,No,Damage Only,Vehicle to Vehicle,Controlled,Not Applicable,Not Applicable,Bitumen(Tar),Dry,Not Applicable,Clear,4TH MAIN,NEAR SUPER MARKET,2.2,0.0,0.0
Bengaluru City,Jeevan Bhima Nagar (Indiranagar) Traffic  PS,1.04432e+16,2019,1,1,Road Accidents,Curves,City/Town,Residential area,Human Error,No,Fatal,Not Applicable,No signal lights,Slight Curve,Others,Bitumen(Tar),Dry,Not Applicable,Fine,500,200,200,0.0,0.0
Bengaluru City,Jeevan Bhima Nagar (Indiranagar) Traffic  PS,1.04432e+16,2019,1,2,Road Accidents,Circle,City/Town,Open area,Human Error,Yes,Grievous Injury,Vehicle to Vehicle,Controlled,Others,Two way,Bitumen(Tar),Dry,Not Applicable,Fine,500,200,200,0.0,0.0
Bengaluru City,Jeevan Bhima Nagar (Indiranagar) Traffic  PS,1.04432e+16,2019,1,1,Road Accidents,Junction,City/Town,Near Bus stop,Human Error,Yes,Grievous Injury,Hit pedestrian,No signal lights,Curve,Others,Bitumen(Tar),Dry,Not Applicable,Fine,bus stop,200,200,0.0,0.0
Bengaluru City,Jeevan Bhima Nagar (Indiranagar) Traffic  PS,1.04432e+16,2019,1,1,Not Applicable,Junction,City/Town,Near Bus stop,Human Error,No,Grievous Injury,Hit pedestrian,Controlled,Straight and flat,NH,Bitumen(Tar),Dry,Not Applicable,Fine,OM ROAD,NEAR RMZ,3,0.0,0.0
Bengaluru City,Jeevan Bhima Nagar (Indiranagar) Traffic  PS,1.04432e+16,2019,1,2,Not Applicable,Not Applicable,City/Town,Near Petrol Pump,Human Error,Yes,Grievous Injury,Vehicle to Vehicle,Controlled,Others,Others,Bitumen(Tar),Dry,Not Applicable,Clear,JB NAGAR MAIN ROAD,NEAR INDIAN OIL PETROL BUNK,0.5,0.0,0.0
Bengaluru City,Jeevan Bhima Nagar (Indiranagar) Traffic  PS,1.04432e+16,2019,1,2,Road Accidents,Junction,City/Town,Open area,Human Error,Yes,Simple Injury,Vehicle to Vehicle,Controlled,Not Applicable,NH,Bitumen(Tar),Dry,Not Applicable,Fine,500,200,200,0.0,0.0
Bengaluru City,Jeevan Bhima Nagar (Indiranagar) Traffic  PS,1.04432e+16,2019,1,2,Road Accidents,Junction,City/Town,Open area,Human Error,No,Grievous Injury,Vehicle to Vehicle,Controlled,Others,State Highway,Bitumen(Tar),Dry,Not Applicable,Fine,500,200,200,0.0,0.0
Bengaluru City,Jeevan Bhima Nagar (Indiranagar) Traffic  PS,1.04432e+16,2019,1,2,Road Accidents,Narrow road,City/Town,Open area,Human Error,No,Grievous Injury,Not Applicable,Not Applicable,Not Applicable,Others,Bitumen(Tar),Dry,No influence on accident,Clear,12TH A MAIN,NEAR GANESH TEMPLE,1 K M,0.0,0.0
Bengaluru City,Jeevan Bhima Nagar (Indiranagar) Traffic  PS,1.04432e+16,2019,1,1,Not Applicable,Not Applicable,City/Town,In bazaar,Human Error,No,Damage Only,Not Applicable,Controlled,Straight and flat,NH,Bitumen(Tar),Dry,Not Applicable,Clear,OM ROAD,NEAR BENNIGANAHALLI,500,0.0,0.0
Bengaluru City,Jeevan Bhima Nagar (Indiranagar) Traffic  PS,1.04432e+16,2019,1,2,Not Applicable,Not Applicable,City/Town,Near Bus stop,Human Error,Yes,Grievous Injury,Vehicle to Vehicle,Not Applicable,Straight and flat,Others,Bitumen(Tar),Dry,Not Applicable,Clear,KAGGADASAPURA,NEAR COFFIDAY,5,0.0,0.0
Bengaluru City,Jeevan Bhima Nagar (Indiranagar) Traffic  PS,1.04432e+16,2019,1,1,Road Accidents,Narrow road,City/Town,Open area,Human Error,No,Fatal,Hit pedestrian,Not Applicable,Curve,Others,Bitumen(Tar),Dry,No influence on accident,Clear,SADANADANAGAR MAIN ROAD FOORPATH,NEAR NGEF JUNCTION,2.0 KM,12.98767,77.648666
Bengaluru City,Jeevan Bhima Nagar (Indiranagar) Traffic  PS,1.04432e+16,2019,1,2,Road Accidents,Junction,City/Town,In bazaar,Human Error,No,Grievous Injury,Vehicle to Vehicle,Controlled,Straight and flat,Two way,Bitumen(Tar),Dry,Not Applicable,Clear,NEAR BIG PICTURE,NEAR BIG PICTURE,1,0.0,0.0
Bengaluru City,Jeevan Bhima Nagar (Indiranagar) Traffic  PS,1.04432e+16,2019,1,2,Road Accidents,Not Applicable,Rural Areas,Near office complex,Human Error,Yes,Grievous Injury,Vehicle to Vehicle,Not at  Junction,Others,Others,Bitumen(Tar),Dry,Not Applicable,Fine,NEAR ISRO JUNCTION,NEAR GOLDEN ENCLEVE,1.5 KM,0.0,0.0
Bengaluru City,Jeevan Bhima Nagar (Indiranagar) Traffic  PS,1.04432e+16,2019,1,1,Road Accidents,Cross roads,City/Town,Near School or College,Human Error,No,Grievous Injury,Hit pedestrian,Not Applicable,Others,City or Town Road,Bitumen(Tar),Dry,Not Applicable,Fine,500,200,200,0.0,0.0
Bengaluru City,Jeevan Bhima Nagar (Indiranagar) Traffic  PS,1.04432e+16,2019,1,1,Not Applicable,Junction,City/Town,Near Petrol Pump,Human Error,Yes,Grievous Injury,Hit pedestrian,Controlled,Straight and flat,Two way,Bitumen(Tar),Dry,Not Applicable,Fine,OLD AIRPORT ROAD,NEAR PETROL BUMP,3,0.0,0.0
Bengaluru City,Jeevan Bhima Nagar (Indiranagar) Traffic  PS,1.04432e+16,2019,1,1,Not Applicable,Not Applicable,City/Town,Residential area,Human Error,Not Applicable,Grievous Injury,Not Applicable,Controlled,Not Applicable,Two way,Bitumen(Tar),Dry,Not Applicable,Clear,SD ROAD,GEETHANJALI CORNER,1,0.0,0.0
Bengaluru City,Jeevan Bhima Nagar (Indiranagar) Traffic  PS,1.04432e+16,2019,1,2,Road Accidents,Junction,City/Town,Open area,Human Error,No,Grievous Injury,Rear end,Controlled,Others,City or Town Road,Bitumen(Tar),Dry,Not Applicable,Fine,500,200,200,0.0,0.0
Bengaluru City,Jeevan Bhima Nagar (Indiranagar) Traffic  PS,1.04432e+16,2019,1,1,Road Accidents,Cross roads,City/Town,In bazaar,Human Error,Yes,Not Applicable,Hit pedestrian,Controlled,Not Applicable,Two way,Bitumen(Tar),Dry,Not Applicable,Fine,HAL,NEAR HAL MARKET,1,0.0,0.0
Bengaluru City,Jeevan Bhima Nagar (Indiranagar) Traffic  PS,1.04432e+16,2019,1,2,Road Accidents,Junction,City/Town,Open area,Human Error,No,Grievous Injury,Right Turn Collision,Controlled,Others,City or Town Road,Bitumen(Tar),Dry,Not Applicable,Fine,500,200,200,0.0,0.0
Bengaluru City,Jeevan Bhima Nagar (Indiranagar) Traffic  PS,1.04432e+16,2019,1,1,Road Accidents,More than four arms,City/Town,Open area,Human Error,No,Grievous Injury,Others,Not Applicable,Others,City or Town Road,Bitumen(Tar),Dry,Not Applicable,Fine,500,200,200,0.0,0.0
Bengaluru City,Jeevan Bhima Nagar (Indiranagar) Traffic  PS,1.04432e+16,2019,1,2,Not Applicable,Junction,City/Town,Near Hospital,Not Applicable,No,Grievous Injury,Not Applicable,Controlled,Others,NH,Bitumen(Tar),Dry,Not Applicable,Clear,KALPALLI RAILWAY GATE,NEAR KALPALLI RAILWAY GATE,2,0.0,0.0
Bengaluru City,Jeevan Bhima Nagar (Indiranagar) Traffic  PS,1.04432e+16,2019,1,2,Road Accidents,Narrow road,City/Town,Near Bus stop,Human Error,Yes,Fatal,Vehicle to Vehicle,Not Applicable,Not Applicable,Others,Bitumen(Tar),Dry,No influence on accident,Not Applicable,NEAR BYYAPPANHALLI METRO QTRS,OLD MADRAS ROAD,2,0.0,0.0
Bengaluru City,Jeevan Bhima Nagar (Indiranagar) Traffic  PS,1.04432e+16,2019,1,3,Road Accidents,Cross roads,City/Town,Residential area,Human Error,Yes,Damage Only,Vehicle to Vehicle,Controlled,Incline,Two way,Bitumen(Tar),Dry,Not Applicable,Clear,SD ROAD,MICHAL PALYA,1,0.0,0.0
Bengaluru City,Jeevan Bhima Nagar (Indiranagar) Traffic  PS,1.04432e+16,2020,1,2,Road Accidents,Junction,City/Town,Near Bus stop,Human Error,No,Grievous Injury,Vehicle to Vehicle,Signal lights Automatic,Others,Others,Bitumen(Tar),Dry,Not Applicable,Fine,OLD MADARS ROAD,NEAR METRO,2.0KM,0.0,0.0
Bengaluru City,Jeevan Bhima Nagar (Indiranagar) Traffic  PS,1.04432e+16,2020,1,2,Road Accidents,Narrow road,City/Town,Near Bus stop,Human Error,Not Applicable,Damage Only,Vehicle to Vehicle,Not Applicable,Others,Others,Bitumen(Tar),Dry,Not Applicable,Fine,SADANADANAGAR MAIN ROAD,1st main,3.0 KM,0.0,0.0
Bengaluru City,Jeevan Bhima Nagar (Indiranagar) Traffic  PS,1.04432e+16,2020,1,1,Road Accidents,Not Applicable,City/Town,Open area,Human Error,No,Grievous Injury,Not Applicable,Not at  Junction,Not Applicable,Two way,Bitumen(Tar),Dry,Not Applicable,Others,bus stop,500,200,0.0,0.0
Bengaluru City,Jeevan Bhima Nagar (Indiranagar) Traffic  PS,1.04432e+16,2020,1,1,Road Accidents,Junction,City/Town,Near School or College,Human Error,No,Grievous Injury,Hit pedestrian,No signal lights,Others,Others,Bitumen(Tar),Dry,Not Applicable,Fine,SD ROAD,NEAR SCHOOL,1.0KM,0.0,0.0
Bengaluru City,Jeevan Bhima Nagar (Indiranagar) Traffic  PS,1.04432e+16,2020,1,2,Road Accidents,Junction,City/Town,Near office complex,Human Error,No,Grievous Injury,Vehicle to Vehicle,Signal lights Automatic,Others,Others,Bitumen(Tar),Dry,Not Applicable,Fine,OLD MADARS ROAD,NEAR BIG BAZAR JUNCTION,2.5 KM,0.0,0.0
Bengaluru City,Jeevan Bhima Nagar (Indiranagar) Traffic  PS,1.04432e+16,2020,1,2,Road Accidents,Circle,City/Town,Near School or College,Human Error,No,Damage Only,Vehicle to Vehicle,Controlled,Not Applicable,Two way,Bitumen(Tar),Dry,Not Applicable,Fine,SD ROAD,200,200,0.0,0.0
Bengaluru City,Jeevan Bhima Nagar (Indiranagar) Traffic  PS,1.04432e+16,2020,1,2,Road Accidents,Junction,City/Town,Near School or College,Human Error,No,Simple Injury,Vehicle to Vehicle,Police / Manual,Others,Others,Bitumen(Tar),Dry,Not Applicable,Fine,OLD AIRPORT ROAD,NEAR VV COLLEGE,1.5KM,0.0,0.0
Bengaluru City,Jeevan Bhima Nagar (Indiranagar) Traffic  PS,1.04432e+16,2020,1,2,Road Accidents,Junction,City/Town,Near office complex,Human Error,No,Grievous Injury,Vehicle to Vehicle,Not at  Junction,Others,Others,Bitumen(Tar),Dry,Not Applicable,Fine,SD ROAD,NEAR HAL MARKET,1.5 KM,0.0,0.0
Bengaluru City,Jeevan Bhima Nagar (Indiranagar) Traffic  PS,1.04432e+16,2020,1,2,Road Accidents,Junction,City/Town,Near office complex,Human Error,Yes,Grievous Injury,Vehicle to Vehicle,Signal lights Automatic,Others,Others,Bitumen(Tar),Dry,Not Applicable,Fine,OLD AIR PORT ROAD ISRO J,OLD AIR PORT ROAD ISRO,1.0KM,0.0,0.0
Bengaluru City,Jeevan Bhima Nagar (Indiranagar) Traffic  PS,1.04432e+16,2020,1,2,Road Accidents,Narrow road,City/Town,Near School or College,Human Error,No,Simple Injury,Vehicle to Vehicle,Not at  Junction,Others,Others,Bitumen(Tar),Dry,Not Applicable,Fine,SD ROAD,NEAR HAL PIBLIC SCHOOL,1.5 KM,0.0,0.0
Bengaluru City,Jeevan Bhima Nagar (Indiranagar) Traffic  PS,1.04432e+16,2020,1,1,Road Accidents,Narrow road,City/Town,Residential area,Human Error,No,Fatal,Hit pedestrian,Police / Manual,Hump,Others,Bitumen(Tar),Dry,Not Applicable,Fine,SADANADANAGARA BDA PARK,NEAR BDA PARK,2.5 KM,12.997118,77.661862
Bengaluru City,Jeevan Bhima Nagar (Indiranagar) Traffic  PS,1.04432e+16,2020,1,1,Road Accidents,Not Applicable,City/Town,Near office complex,Human Error,No,Grievous Injury,Hit pedestrian,No signal lights,Others,Others,Bitumen(Tar),Dry,Not Applicable,Fine,SD ROAD,NEAR ADE GATE,2.00KM,0.0,0.0
Bengaluru City,Jeevan Bhima Nagar (Indiranagar) Traffic  PS,1.04432e+16,2020,1,2,Road Accidents,Not Applicable,City/Town,Near Bus stop,Human Error,No,Grievous Injury,Vehicle to Vehicle,Not Applicable,Others,Expressway,Bitumen(Tar),Dry,Not Applicable,Fine,O.M.ROAD,200,200,0.0,0.0
Bengaluru City,Jeevan Bhima Nagar (Indiranagar) Traffic  PS,1.04432e+16,2020,1,1,Road Accidents,Narrow road,City/Town,Open area,Human Error,No,Fatal,Not Applicable,Not Applicable,Not Applicable,Others,Bitumen(Tar),Dry,No influence on accident,Fine,"INFRONT OF GARRISON ENG DIVISION, DRDO CAMPUS",NEAR S D ROAD,1.5 KM,0.0,0.0
Bengaluru City,Jeevan Bhima Nagar (Indiranagar) Traffic  PS,1.04432e+16,2020,1,2,Road Accidents,Narrow road,City/Town,Near office complex,Human Error,No,Grievous Injury,Vehicle to Vehicle,Not Applicable,Not Applicable,Others,Bitumen(Tar),Dry,Not Applicable,Fine,OLD MADARS ROAD,NEAR GOPALAN MALL,2.5 KM,0.0,0.0
Bengaluru City,Jeevan Bhima Nagar (Indiranagar) Traffic  PS,1.04432e+16,2020,1,2,Road Accidents,Junction,City/Town,Near Bus stop,Human Error,No,Fatal,Vehicle to Vehicle,Not Applicable,Others,Others,Bitumen(Tar),Dry,Not Applicable,Fine,10 TH MAIN MALLESHAPALLYA MAIN ROAD,NEAR 10TH MAIN,2.0 KM,0.0,0.0
Bengaluru City,Jeevan Bhima Nagar (Indiranagar) Traffic  PS,1.04432e+16,2020,1,2,Road Accidents,Junction,City/Town,Near Bus stop,Human Error,No,Fatal,Vehicle to Vehicle,Signal lights Automatic,Others,Others,Bitumen(Tar),Dry,Not Applicable,Fine,OLD AIRPORT ROAD,NEAR HAL SIGNAL,1.5 KM,0.0,0.0
Bengaluru City,Jeevan Bhima Nagar (Indiranagar) Traffic  PS,1.04432e+16,2020,1,1,Road Accidents,Not Applicable,City/Town,Open area,Human Error,No,Grievous Injury,Hit pedestrian,No signal lights,Hump,Two way,Bitumen(Tar),Dry,Not Applicable,Fine,SADANADANAGAR MN,200,1KM,0.0,0.0
Bengaluru City,Jeevan Bhima Nagar (Indiranagar) Traffic  PS,1.04432e+16,2020,1,2,Road Accidents,Circle,City/Town,Near Bus stop,Human Error,No,Grievous Injury,Vehicle to Vehicle,Signal lights Automatic,Curve,Others,Bitumen(Tar),Dry,Not Applicable,Fine,HAL SIGNAL,NEAR HAL BUS STOP,2.0 KM,0.0,0.0
Bengaluru City,Jeevan Bhima Nagar (Indiranagar) Traffic  PS,1.04432e+16,2020,1,2,Road Accidents,Junction,City/Town,Near Bus stop,Human Error,No,Grievous Injury,Vehicle to Vehicle,Signal lights Automatic,Others,Others,Bitumen(Tar),Dry,Not Applicable,Fine,NAER NGEF OM ROAD,NEAR NGEF,2.5 KM,0.0,0.0
Bengaluru City,Jeevan Bhima Nagar (Indiranagar) Traffic  PS,1.04432e+16,2020,1,2,Road Accidents,Junction,City/Town,Near Bus stop,Human Error,No,Grievous Injury,Vehicle to Vehicle,Police / Manual,Not Applicable,Others,Bitumen(Tar),Dry,Not Applicable,Fine,"6TH CROSS ,JBN MAIN ROAD",NEAR 6TH CROSS JB NAGARA MAIN ROAD,1.00KM,0.0,0.0
Bengaluru City,Jeevan Bhima Nagar (Indiranagar) Traffic  PS,1.04432e+16,2020,1,1,Road Accidents,Not Applicable,City/Town,Open area,Human Error,No,Fatal,Not Applicable,No signal lights,Straight and flat,Others,Bitumen(Tar),Dry,Not Applicable,Fine,OLD AIRPORT ROAD,200,200,0.0,0.0
Bengaluru City,Jeevan Bhima Nagar (Indiranagar) Traffic  PS,1.04432e+16,2020,1,1,Road Accidents,Not Applicable,City/Town,Near office complex,Human Error,No,Grievous Injury,Hit pedestrian,No signal lights,Others,Others,Bitumen(Tar),Dry,Not Applicable,Fine,OLD AIRPORT ROAD,NEAR INDRA CATEEN,1.5KM,0.0,0.0
Bengaluru City,Jeevan Bhima Nagar (Indiranagar) Traffic  PS,1.04432e+16,2020,1,2,Road Accidents,Narrow road,City/Town,Near office complex,Human Error,No,Grievous Injury,Vehicle to Vehicle,Not Applicable,Others,Others,Bitumen(Tar),Dry,Not Applicable,Fine,JBN MAIN ROAD,NEAR PRINT SHOP,0.5 KM,0.0,0.0
Bengaluru City,Jeevan Bhima Nagar (Indiranagar) Traffic  PS,1.04432e+16,2020,1,2,Road Accidents,Circle,City/Town,Near School or College,Human Error,No,Grievous Injury,Vehicle to Vehicle,Police / Manual,Curve,Others,Bitumen(Tar),Dry,Not Applicable,Fine,SD ROAD,NEAR HAL PAEK,1KM,0.0,0.0
Bengaluru City,Jeevan Bhima Nagar (Indiranagar) Traffic  PS,1.04432e+16,2020,1,2,Road Accidents,Narrow road,City/Town,Near Hospital,Human Error,No,Grievous Injury,Vehicle to Vehicle,Not at  Junction,Others,Others,Bitumen(Tar),Dry,Not Applicable,Fine,SD ROAD,NEAR HAL HOSPETAL,1.5 K,0.0,0.0
Bengaluru City,Jeevan Bhima Nagar (Indiranagar) Traffic  PS,1.04432e+16,2020,1,2,Road Accidents,Circle,City/Town,Open area,Human Error,Yes,Simple Injury,Vehicle to Vehicle,Controlled,Not Applicable,Others,Bitumen(Tar),Dry,Not Applicable,Fine,O.M.ROAD,200,200,0.0,0.0
Bengaluru City,Jeevan Bhima Nagar (Indiranagar) Traffic  PS,1.04432e+16,2020,1,1,Road Accidents,Narrow road,City/Town,Near office complex,Human Error,No,Simple Injury,Hit pedestrian,Not Applicable,Others,Others,Bitumen(Tar),Dry,Not Applicable,Fine,OLD AIRPORT ROAD,NEAR SNS ARCADE,1.5 KM,0.0,0.0
Bengaluru City,Jeevan Bhima Nagar (Indiranagar) Traffic  PS,1.04432e+16,2020,1,2,Road Accidents,Junction,City/Town,Near office complex,Human Error,No,Grievous Injury,Vehicle to Vehicle,Police / Manual,Not Applicable,Others,Bitumen(Tar),Dry,Not Applicable,Fine,SURAJANADAS ROAD,NEAR AEROSPEAS,1 KM,0.0,0.0
Bengaluru City,Jeevan Bhima Nagar (Indiranagar) Traffic  PS,1.04432e+16,2020,1,2,Road Accidents,Narrow road,City/Town,Near office complex,Human Error,Yes,Grievous Injury,Vehicle to Vehicle,Not at  Junction,Not Applicable,Others,Bitumen(Tar),Dry,Not Applicable,Fine,OLD AIRPORT ROAD,NEAR BUS STOP,2.0 KM,0.0,0.0