DISTRICTNAME,UNITNAME,Crime_No,Year,RI,Noofvehicle_involved,Accident_Classification,Accident_Spot,Accident_Location,Accident_SubLocation,Main_Cause,Hit_Run,Severity,Collision_Type,Junction_Control,Road_Character,Road_Type,Surface_Type,Surface_Condition,Road_Condition,Weather,Accident_Road,Landmark_first,Distance_LandMark_First,Latitude,Longitude
Bengaluru City,Jeevan Bhima Nagar (Indiranagar) Traffic  PS,1.04432e+16,2023,1,1,Road Accidents,Junction,City/Town,Near office complex,Human Error,No,Fatal,Hit pedestrian,Signal lights Automatic,Others,Others,Concrete,Dry,Not Applicable,Fine,SD RD,BEML JUNCTION,1.5KM,0.0,0.0
Bengaluru City,Jeevan Bhima Nagar (Indiranagar) Traffic  PS,1.04432e+16,2023,1,2,Road Accidents,Narrow road,City/Town,Near School or College,Human Error,No,Grievous Injury,Vehicle to Vehicle,Police / Manual,Others,Others,Bitumen(Tar),Dry,Not Applicable,Fine,JB NAGARA MAIN RD,6TH CROSS,1.5KM,12.968402,77.650595
Bengaluru City,Jeevan Bhima Nagar (Indiranagar) Traffic  PS,1.04432e+16,2023,1,2,Road Accidents,Junction,City/Town,Near Bus stop,Human Error,No,Grievous Injury,Vehicle to Vehicle,Police / Manual,Others,Others,Bitumen(Tar),Dry,Not Applicable,Fine,OM RD,METRO,2.5KM,12.986213,77.64597
Bengaluru City,Jeevan Bhima Nagar (Indiranagar) Traffic  PS,1.04432e+16,2023,1,2,Road Accidents,Narrow road,City/Town,In bazaar,Human Error,Yes,Fatal,Vehicle to Vehicle,Not at  Junction,Others,Others,Bitumen(Tar),Dry,Not Applicable,Fine,KAGGDASAPURA,NEAR DURALAXMI APRT,2.5KM,12.975397,77.678936
Bengaluru City,Jeevan Bhima Nagar (Indiranagar) Traffic  PS,1.04432e+16,2023,1,2,Road Accidents,Junction,City/Town,Near Bus stop,Human Error,No,Grievous Injury,Vehicle to Vehicle,Not at  Junction,Hump,Others,Bitumen(Tar),Dry,Not Applicable,Fine,SD RD,BEML JUNCTION,1.5KM,12.971866,77.658397
Bengaluru City,Jeevan Bhima Nagar (Indiranagar) Traffic  PS,1.04432e+16,2023,1,4,Road Accidents,Narrow road,City/Town,In bazaar,Human Error,No,Grievous Injury,Vehicle to Vehicle,Not Applicable,Others,One way,Bitumen(Tar),Dry,Not Applicable,Fine,THIPPASANDRAMAIN RD,NEAR IYENGAR BAKERY,2.5KM,0.0,0.0
Bengaluru City,Jeevan Bhima Nagar (Indiranagar) Traffic  PS,1.04432e+16,2023,1,1,Road Accidents,Narrow road,City/Town,Residential area,Human Error,No,Fatal,Not Applicable,Not Applicable,Others,Others,Bitumen(Tar),Dry,Not Applicable,Fine,KALPALLI MAIN RD,KALPALLI MAIN  RD,3.0KM,0.0,0.0
Bengaluru City,Jeevan Bhima Nagar (Indiranagar) Traffic  PS,1.04432e+16,2023,1,1,Road Accidents,Not Applicable,City/Town,Near School or College,Human Error,No,Grievous Injury,Not Applicable,No signal lights,Others,Others,Bitumen(Tar),Dry,Not Applicable,Fine,11TH MAIN,JAIN COLLEGE,2.5KM,0.0,0.0
Bengaluru City,Jeevan Bhima Nagar (Indiranagar) Traffic  PS,1.04432e+16,2023,1,1,Road Accidents,Curves,City/Town,Residential area,Human Error,Yes,Grievous Injury,Hit pedestrian,Not Applicable,Others,Others,Bitumen(Tar),Dry,Not Applicable,Fine,SG PALAYA,NEAR ASIAN APT,2.5KM,0.0,0.0
Bengaluru City,Jeevan Bhima Nagar (Indiranagar) Traffic  PS,1.04432e+16,2023,1,3,Road Accidents,Narrow road,City/Town,Near Hospital,Human Error,No,Grievous Injury,Vehicle to Vehicle,Not Applicable,Others,Others,Bitumen(Tar),Dry,Not Applicable,Fine,KALPALLI MAIN RD,NEAR ISOLATION HOSPITAL,2.5KM,12.98514,77.64247
Bengaluru City,Jeevan Bhima Nagar (Indiranagar) Traffic  PS,1.04432e+16,2023,1,2,Road Accidents,Curves,City/Town,Near Hospital,Human Error,No,Grievous Injury,Vehicle to Vehicle,Not at  Junction,Others,Others,Bitumen(Tar),Dry,Not Applicable,Fine,CMH RD,CMH HOSPITAL,1.5KM,0.0,0.0
Bengaluru City,K G Halli Traffic PS,1.04432e+16,2017,1,1,Not Applicable,Other,City/Town,In bazaar,Not Applicable,Yes,Simple Injury,Others,Signals (Working),Curve,Expressway,Bitumen(Tar),Dry,Not Applicable,Dust Storn,HENNUR MAIN ROAD,OPEN AREA,20,0.0,0.0
Bengaluru City,K G Halli Traffic PS,1.04432e+16,2017,1,1,Road Accidents,Railway crossing,City/Town,Residential area,Not Applicable,No,Grievous Injury,Hit pedestrian,Not Applicable,Not Applicable,Two way,Kutcha,Dry,Construction Work / Material,Clear,Veerannapalya Main road,Near Veerannapalya Railway Gate,200 Ft,0.0,0.0
Bengaluru City,K G Halli Traffic PS,1.04432e+16,2017,1,1,Road Accidents,Other,City/Town,Open area,Human Error,Yes,Simple Injury,Others,Controlled,Others,City or Town Road,Not Applicable,Dry,Not Applicable,Clear,Open area,Opp Dr B R Ambedkar Hospital,3m,0.0,0.0
Bengaluru City,K G Halli Traffic PS,1.04432e+16,2017,1,1,Road Accidents,Other,City/Town,Open area,Vehicle Defect,No,Simple Injury,Others,Controlled,Others,City or Town Road,Bitumen(Tar),Dry,Not Applicable,Clear,GANESHA TEMPLE ROAD NEAR BDA PARK BANAGLURU,HBR LAY OUT,2 KM E,13.028373,77.628311
Bengaluru City,K G Halli Traffic PS,1.04432e+16,2017,1,2,Road Accidents,Narrow road,City/Town,Open area,Not Applicable,No,Simple Injury,Others,Controlled,Others,City or Town Road,Bitumen(Tar),Dry,Not Applicable,Clear,40 FT ROAD,K G HALLI CIRCLE,0.3 KM,13.021255,77.618711
Bengaluru City,K G Halli Traffic PS,1.04432e+16,2017,1,1,Road Accidents,Narrow road,City/Town,Near a religious place,Human Error,No,Simple Injury,Hit fixed object,Not at  Junction,Not Applicable,City or Town Road,Concrete,Dry,Not Applicable,Clear,Nagavara Main Road,Shivalinga Temple,50 Ft,0.0,0.0
Bengaluru City,K G Halli Traffic PS,1.04432e+16,2017,1,1,Road Accidents,Other,City/Town,Open area,Human Error,Not Applicable,Simple Injury,Others,Controlled,Others,City or Town Road,Not Applicable,Dry,Not Applicable,Clear,NAGAWARA MAIN ROAD,R SRINIVAS HAIR STAYLE SHOP,30FT,0.0,0.0
Bengaluru City,K G Halli Traffic PS,1.04432e+16,2017,1,2,Road Accidents,Narrow road,City/Town,Near a religious place,Human Error,No,Simple Injury,Hit parked vehicle,No signal lights,Not Applicable,City or Town Road,Concrete,Dry,Not Applicable,Clear,Ramadev Garden 80 Feet Road,Ammas Bakery,90 Ft,0.0,0.0
Bengaluru City,K G Halli Traffic PS,1.04432e+16,2017,1,1,Road Accidents,Other,City/Town,Near Bus stop,Human Error,Not Applicable,Fatal,Others,Not Applicable,Others,Two way,Bitumen(Tar),Others,Not Applicable,Snow,80 Feet Road,Tar Road,1,0.0,0.0
Bengaluru City,K G Halli Traffic PS,1.04432e+16,2017,1,1,Road Accidents,Other,City/Town,Open area,Human Error,No,Simple Injury,Others,Uncontrolled,Others,City or Town Road,Bitumen(Tar),Dry,Not Applicable,Clear,Hennur Cross,Amezan Office,30 m,0.0,0.0
Bengaluru City,K G Halli Traffic PS,1.04432e+16,2017,1,2,Road Accidents,Narrow road,City/Town,Near Bus stop,Human Error,No,Grievous Injury,Head on,Not at  Junction,Straight and flat,City or Town Road,Bitumen(Tar),Dry,Not Applicable,Clear,Kavalbairasandra Main Road,Shiva Electricals,100 Ft,0.0,0.0
Bengaluru City,K G Halli Traffic PS,1.04432e+16,2017,1,2,Road Accidents,Other,City/Town,Near Hospital,Not Applicable,Not Applicable,Grievous Injury,Others,Not Applicable,Others,Others,Bitumen(Tar),Others,Not Applicable,Not Applicable,Not Applicale,Not Applicale,1 KM,0.0,0.0
Bengaluru City,K G Halli Traffic PS,1.04432e+16,2017,1,2,Road Accidents,Circle,City/Town,Open area,Not Applicable,No,Simple Injury,Others,Controlled,Others,City or Town Road,Bitumen(Tar),Dry,Not Applicable,Clear,hennur road,iscon temple,0.5 km,0.0,0.0
Bengaluru City,K G Halli Traffic PS,1.04432e+16,2017,1,2,Road Accidents,Other,City/Town,Near Bus stop,Vehicle Defect,Yes,Simple Injury,Others,Police / Manual,Others,City or Town Road,Bitumen(Tar),Dry,Not Applicable,Clear,k g halli rail way Gate Road,Near Railway gate,1km N,13.026524,77.620142
Bengaluru City,K G Halli Traffic PS,1.04432e+16,2017,1,1,Road Accidents,Other,City/Town,Open area,Not Applicable,No,Simple Injury,Others,Controlled,Others,City or Town Road,Bitumen(Tar),Dry,Not Applicable,Clear,NEAR BDA COMPLEX HBR LAY OUT,BDA COMPLEX,1 KM,13.025092,77.62771
Bengaluru City,K G Halli Traffic PS,1.04432e+16,2017,1,2,Road Accidents,T Junction,City/Town,In bazaar,Not Applicable,Not Applicable,Simple Injury,Others,No signal lights,Not Applicable,City or Town Road,Bitumen(Tar),Others,Not Applicable,Not Applicable,Not Applicale,Not Applicale,50 mit,0.0,0.0
Bengaluru City,K G Halli Traffic PS,1.04432e+16,2017,1,1,Road Accidents,Other,City/Town,Open area,Human Error,Not Applicable,Simple Injury,Others,Controlled,Others,City or Town Road,Bitumen(Tar),Dry,Not Applicable,Clear,NAGAWARA MAIN ROAD,RAJATHA APARTMENT,30FT,0.0,0.0
Bengaluru City,K G Halli Traffic PS,1.04432e+16,2017,1,2,Road Accidents,Other,City/Town,Open area,Human Error,Yes,Simple Injury,Others,Controlled,Others,City or Town Road,Bitumen(Tar),Dry,Not Applicable,Clear,NAGAWARA MAIN ROAD,BANGALORE NURSING HOME,30FT,0.0,0.0
Bengaluru City,K G Halli Traffic PS,1.04432e+16,2018,1,2,Road Accidents,Narrow road,City/Town,Near Hospital,Human Error,No,Grievous Injury,Not Applicable,Not at  Junction,Not Applicable,City or Town Road,Bitumen(Tar),Dry,Not Applicable,Clear,80 Feet Road HBR Layout,Andra Bank,50 Ft,0.0,0.0
Bengaluru City,K G Halli Traffic PS,1.04432e+16,2018,1,1,Road Accidents,Cross roads,City/Town,Near Hospital,Human Error,No,Simple Injury,Hit pedestrian,No signal lights,Others,City or Town Road,Bitumen(Tar),Dry,Not Applicable,Clear,Nagawara main road Near sai hospital,Near Nagalinga temple,0.5 km,0.0,0.0
Bengaluru City,K G Halli Traffic PS,1.04432e+16,2018,1,2,Road Accidents,Narrow road,City/Town,Near Hospital,Human Error,Not Applicable,Grievous Injury,Others,Not Applicable,Others,Others,Gravel,Dry,Not Applicable,Clear,Samadan Nagar,Dr Amc road,0.5 km,0.0,0.0
Bengaluru City,K G Halli Traffic PS,1.04432e+16,2018,1,1,Road Accidents,Cross roads,City/Town,Residential area,Human Error,Not Applicable,Damage Only,Hit fixed object,Controlled,Others,City or Town Road,Bitumen(Tar),Dry,Not Applicable,Others,BM Layout venkateshpura,House No 655 to South,10 ft,0.0,0.0
Bengaluru City,K G Halli Traffic PS,1.04432e+16,2018,1,1,Road Accidents,Cross roads,City/Town,Near Bus stop,Vehicle Defect,No,Simple Injury,Hit pedestrian,No signal lights,Straight and flat,City or Town Road,Bitumen(Tar),Dry,Not Applicable,Snow,"Forest Area, Near Ring road, HBR layout, Kalyan nagar",HBR layout,2 km E,0.0,0.0
Bengaluru City,K G Halli Traffic PS,1.04432e+16,2018,1,1,Road Accidents,Narrow road,City/Town,Residential area,Human Error,No,Grievous Injury,Not Applicable,Not at  Junction,Not Applicable,Two way,Bitumen(Tar),Dry,Not Applicable,Clear,9th Main road,House,15 Ft,0.0,0.0
Bengaluru City,K G Halli Traffic PS,1.04432e+16,2018,1,2,Road Accidents,Cross roads,City/Town,Residential area,Human Error,No,Grievous Injury,Others,Not at  Junction,Curve,City or Town Road,Bitumen(Tar),Dry,Not Applicable,Clear,Near forest office road ganesha temple road HBR Layout nagavara service road,Tender cocount shop to east,15ft,0.0,0.0
Bengaluru City,K G Halli Traffic PS,1.04432e+16,2018,1,1,Road Accidents,Narrow road,City/Town,Near office complex,Human Error,No,Simple Injury,Others,Controlled,Others,City or Town Road,Bitumen(Tar),Dry,Not Applicable,Heavy Rain,"Near BDA Complex, Near Narendra Tent Road",HBR layout,2 km E,0.0,0.0
Bengaluru City,K G Halli Traffic PS,1.04432e+16,2018,1,2,Road Accidents,Other,City/Town,Open area,Vehicle Defect,Yes,Fatal,Others,Not Applicable,Others,City or Town Road,Bitumen(Tar),Dry,Not Applicable,Clear,"Nagavara Main Road, Near A.S Bismilla store",k g halli Railway Gate,1km N,0.0,0.0
Bengaluru City,K G Halli Traffic PS,1.04432e+16,2018,1,2,Road Accidents,Narrow road,City/Town,Near Bus stop,Human Error,No,Simple Injury,Hit bicyclist,Signal lights Automatic,Straight and flat,City or Town Road,Bitumen(Tar),Dry,Not Applicable,Fine,Near Govindapura signal govindapur K G Halli Bengalur,towards north Ammas Bakery,15ft,0.0,0.0
Bengaluru City,K G Halli Traffic PS,1.04432e+16,2018,1,1,Road Accidents,Cross roads,City/Town,Residential area,Human Error,Yes,Fatal,Hit pedestrian,Not Applicable,Sharp Curve,Two way,Bitumen(Tar),Dry,Not Applicable,Clear,Near R K Choutry 4th cross KHB main road R T Nagar post bengalore,accident place towards to west Wood shop,15ft,0.0,0.0
Bengaluru City,K G Halli Traffic PS,1.04432e+16,2018,1,1,Road Accidents,Other,City/Town,At pedestrian Crossing,Vehicle Defect,Yes,Simple Injury,Others,Give way sign,Others,City or Town Road,Bitumen(Tar),Dry,Not Applicable,Clear,D J halli Sakkare Mandi,Modi road,4 km,0.0,0.0
Bengaluru City,K G Halli Traffic PS,1.04432e+16,2018,1,2,Road Accidents,Narrow road,City/Town,Open area,Human Error,No,Simple Injury,Others,Controlled,Others,City or Town Road,Bitumen(Tar),Dry,Not Applicable,Clear,"Infront of Eidga Complex ,Periar circle",Periar Circle,2Km S,0.0,0.0
Bengaluru City,K G Halli Traffic PS,1.04432e+16,2018,1,1,Road Accidents,Other,City/Town,Near Bus stop,Vehicle Defect,No,Simple Injury,Others,No signal lights,Others,City or Town Road,Kutcha,Dry,Not Applicable,Clear,"MANYATHA TEK PARK NEAR SKYWALK SERVICE ROAD, NAGAWARA",NAGAWARA RING ROAD SERVICE,3 KM N,0.0,0.0
Bengaluru City,K G Halli Traffic PS,1.04432e+16,2018,1,2,Road Accidents,Narrow road,City/Town,Near Petrol Pump,Human Error,No,Grievous Injury,Others,Give way sign,Not Applicable,City or Town Road,Bitumen(Tar),Dry,No influence on accident,Clear,"Nagawara main road, near gas petrol pump Bangalore",HBR Layout 5th block,2 km N,0.0,0.0
Bengaluru City,K G Halli Traffic PS,1.04432e+16,2018,1,1,Road Accidents,T Junction,City/Town,Residential area,Vehicle Defect,Yes,Simple Injury,Others,No signal lights,Others,City or Town Road,Bitumen(Tar),Dry,Not Applicable,Clear,jam jam shadi mahal road,Govindapura,2k m N,0.0,0.0
Bengaluru City,K G Halli Traffic PS,1.04432e+16,2018,1,2,Road Accidents,Narrow road,City/Town,Near a recreation place/cinema,Human Error,Yes,Fatal,Hit and Run,Controlled,Others,City or Town Road,Bitumen(Tar),Dry,Not Applicable,Others,"Near Narendra tent road, k g halli",Near nagendra tent,1.5 km,0.0,0.0
Bengaluru City,K G Halli Traffic PS,1.04432e+16,2018,1,1,Road Accidents,Other,City/Town,Near Bus stop,Not Applicable,Yes,Simple Injury,Hit and Run,Uncontrolled,Straight and flat,City or Town Road,Bitumen(Tar),Dry,Not Applicable,Very Cold,HBR petrol bank 80feet road,HBR layout Near petrol bank,1.5 km,0.0,0.0
Bengaluru City,K G Halli Traffic PS,1.04432e+16,2018,1,1,Road Accidents,Narrow road,City/Town,At pedestrian Crossing,Human Error,Yes,Simple Injury,Hit and Run,Controlled,Others,City or Town Road,Bitumen(Tar),Dry,Not Applicable,Clear,"Near Splash Innovative Painting for Shop No. 159/1, 80 feet road, HBR layout, 2nd block, Bangaluru",Splash Innovative paintung for cars to North,5ft,0.0,0.0
Bengaluru City,K G Halli Traffic PS,1.04432e+16,2018,1,1,Road Accidents,Narrow road,City/Town,Near Bus stop,Human Error,Yes,Grievous Injury,Hit and Run,Police / Manual,Others,City or Town Road,Bitumen(Tar),Dry,Not Applicable,Others,80 Feet Road HBR Layout,om shakthi  Electricals,15 ft,0.0,0.0
Bengaluru City,K G Halli Traffic PS,1.04432e+16,2018,1,1,Road Accidents,Narrow road,City/Town,Near Petrol Pump,Human Error,No,Grievous Injury,Hit pedestrian,Not at  Junction,Not Applicable,City or Town Road,Bitumen(Tar),Dry,No influence on accident,Clear,Kavalbairasandra Main Road,Indian oil Petrol pump,1.5 KM,0.0,0.0
Bengaluru City,K G Halli Traffic PS,1.04432e+16,2018,1,2,Road Accidents,Cross roads,City/Town,Near Petrol Pump,Human Error,No,Damage Only,Others,Not Applicable,Others,City or Town Road,Bitumen(Tar),Dry,Not Applicable,Clear,HBR petrol bank 80feet road,Near Krishna sagar hotel,2.5 km,0.0,0.0
Bengaluru City,K G Halli Traffic PS,1.04432e+16,2018,1,1,Road Accidents,Cross roads,City/Town,Near School or College,Human Error,No,Fatal,Hit pedestrian,No signal lights,Others,City or Town Road,Bitumen(Tar),Dry,Not Applicable,Clear,Near Govt school Nagawara,Nagawara main road,0.5,0.0,0.0
Bengaluru City,K G Halli Traffic PS,1.04432e+16,2019,1,2,Road Accidents,Curves,City/Town,Near office complex,Human Error,No,Simple Injury,Vehicle to Vehicle,Police / Manual,Curve,Others,Bitumen(Tar),Dry,Not Applicable,Fine,Near Lakshmi vilas Bank HBR Layot Bengalore,Towards to East DTDC Express courier Shop,89feet,0.0,0.0
Bengaluru City,K G Halli Traffic PS,1.04432e+16,2019,1,1,Road Accidents,Junction,City/Town,Near Hospital,Human Error,No,Grievous Injury,Hit fixed object,Signal lights Automatic,Others,Service Road,Bitumen(Tar),Dry,Not Applicable,Clear,opp chris hospital hennuru juncrion,BDA PARK,20 ft,13.029161,77.631267
Bengaluru City,K G Halli Traffic PS,1.04432e+16,2019,1,1,Road Accidents,Curves,City/Town,Residential area,Human Error,No,Fatal,Not Applicable,Controlled,Curve,Two way,Bitumen(Tar),Dry,Not Applicable,Clear,14th cross road 13th main Fathima layout Govindapura bengaluru,Towards to south Rajesh House,5ft,13.030604,77.614972
Bengaluru City,K G Halli Traffic PS,1.04432e+16,2019,1,2,Road Accidents,Narrow road,City/Town,Open area,Vehicle Defect,No,Damage Only,Vehicle to Vehicle,Uncontrolled,Straight and flat,Service Road,Bitumen(Tar),Dry,Not Applicable,Clear,1st stage 4th block HBR Layout,1 tree,10 ft,13.031403,77.630209
Bengaluru City,K G Halli Traffic PS,1.04432e+16,2019,1,1,Road Accidents,Narrow road,City/Town,Near a recreation place/cinema,Human Error,Yes,Fatal,Hit pedestrian,Not Applicable,Not Applicable,Others,Bitumen(Tar),Dry,Not Applicable,Clear,"Infron of Devi bar, V Nagenahalli Main road, Kanakanagara",Devi bar,4 ft,13.033343,77.605364
Bengaluru City,K G Halli Traffic PS,1.04432e+16,2019,1,2,Road Accidents,Cross roads,City/Town,In bazaar,Human Error,Yes,Simple Injury,Others,Controlled,Straight and flat,City or Town Road,Bitumen(Tar),Dry,Not Applicable,Clear,infront of kanaka Nagar main road,Near Veeranna palya Railway gate,100 ft,13.039147,77.610707
Bengaluru City,K G Halli Traffic PS,1.04432e+16,2019,1,1,Road Accidents,Circle,City/Town,Near Bus stop,Human Error,Yes,Simple Injury,Hit pedestrian,Controlled,Straight and flat,Two way,Bitumen(Tar),Dry,Not Applicable,Others,"Periyar Circle, Modi Road, D J Halli",A R Store,45 ft,13.008568,77.6132749
Bengaluru City,K G Halli Traffic PS,1.04432e+16,2019,1,2,Road Accidents,Narrow road,City/Town,Near Bus stop,Human Error,No,Simple Injury,Vehicle to Vehicle,Not Applicable,Straight and flat,Others,Bitumen(Tar),Dry,Not Applicable,Clear,Infront of Fathima Davakhana near Govindapura Junction Nagawara main road bengalore,Towards to west Fathima Davakhana,10ft,13.03152,77.621508
Bengaluru City,K G Halli Traffic PS,1.04432e+16,2019,1,2,Road Accidents,Narrow road,City/Town,Residential area,Human Error,Yes,Simple Injury,Vehicle to Vehicle,Controlled,Straight and flat,Two way,Bitumen(Tar),Dry,Not Applicable,Others,"Nisarga bar road, L.R Bande, K g halli",Shoyab bulet garrage,10ft,13.029566,77.610937
Bengaluru City,K G Halli Traffic PS,1.04432e+16,2019,1,2,Road Accidents,Cross roads,City/Town,Residential area,Human Error,No,Grievous Injury,Hit bicyclist,Controlled,Curve,City or Town Road,Bitumen(Tar),Dry,Not Applicable,Others,Near Shampura railway gate,Deepa Marbal and stones shop,10 ft,13.028691,77.615682
Bengaluru City,K G Halli Traffic PS,1.04432e+16,2019,1,2,Road Accidents,Narrow road,City/Town,Near School or College,Human Error,No,Simple Injury,Others,Police / Manual,Straight and flat,City or Town Road,Bitumen(Tar),Dry,Not Applicable,Very Hot,near sriram temple HBR layout,near sriram temple HBR layout,20 ft,13.018247,77.628285
Bengaluru City,K G Halli Traffic PS,1.04432e+16,2019,1,1,Road Accidents,Cross roads,City/Town,Near a religious place,Vehicle Defect,No,Fatal,Not Applicable,Controlled,Curve,Two way,Bitumen(Tar),Dry,Not Applicable,Clear,"Opp road of P and T Gate Road, Kaval Byrasandra",Pyra Rajimente training Certer,50 ft,13.020121,77.604083
Bengaluru City,K G Halli Traffic PS,1.04432e+16,2019,1,1,Road Accidents,Curves,City/Town,Near office complex,Human Error,Yes,Simple Injury,Hit pedestrian,No signal lights,Curve,Two way,Bitumen(Tar),Dry,Not Applicable,Others,"Near Govindapura railway gate ,Govindapura",Mercury Management and technical,10 ft,13.033454,77.612148
Bengaluru City,K G Halli Traffic PS,1.04432e+16,2019,1,2,Road Accidents,Narrow road,City/Town,Residential area,Human Error,No,Simple Injury,Vehicle to Vehicle,Not Applicable,Others,Others,Bitumen(Tar),Dry,Not Applicable,Others,"2nd cross,Ramadev Garden,Near Ayodya Juncation,HBR Layout",Electric Pool,8ft,0.0,0.0
Bengaluru City,K G Halli Traffic PS,1.04432e+16,2019,1,2,Road Accidents,Narrow road,City/Town,Near office complex,Human Error,Yes,Simple Injury,Vehicle to Vehicle,Police / Manual,Straight and flat,Two way,Bitumen(Tar),Dry,Not Applicable,Clear,Telephone exchange opp HBR layout 3rd block near hilal masjid,towards to west one tree,15ft,13.027387,77.626121
Bengaluru City,K G Halli Traffic PS,1.04432e+16,2019,1,1,Road Accidents,Narrow road,City/Town,Residential area,Human Error,Yes,Simple Injury,Hit pedestrian,Not at  Junction,Others,Others,Bitumen(Tar),Dry,Not Applicable,Clear,"KHB Road,Bhiend  P &T Qtrs ,Kavalabyrasandra ,Bengaluru",1,5,13.024657,77.6052569
Bengaluru City,K G Halli Traffic PS,1.04432e+16,2019,1,2,Road Accidents,Narrow road,City/Town,Residential area,Human Error,Yes,Grievous Injury,Vehicle to Vehicle,Police / Manual,Straight and flat,Two way,Bitumen(Tar),Dry,Not Applicable,Fine,Near Sana Masjid 5th cross Dubai Layout k g halli,Towards to East Electrical Poll,12feet,0.0,0.0
Bengaluru City,K G Halli Traffic PS,1.04432e+16,2019,1,1,Road Accidents,Cross roads,City/Town,Near Bus stop,Human Error,No,Fatal,Hit pedestrian,Police / Manual,Straight and flat,City or Town Road,Bitumen(Tar),Dry,Not Applicable,Clear,A K COLONY NEAR PERIYAR CIRCLE TANNERY ROAD K G HALLI BENGALURU,Towards east Laxmi Venkateswar Store,15 ft,13.007863,77.612899
Bengaluru City,K G Halli Traffic PS,1.04432e+16,2019,1,2,Road Accidents,Curves,City/Town,Near office complex,Human Error,Yes,Simple Injury,Vehicle to Vehicle,Police / Manual,Curve,Two way,Bitumen(Tar),Dry,Not Applicable,Fine,k g halli Sarvodaya nagar church cross road 1st cross infront of  HKGN wood works,Towards to north HKGN wood shop,15ft,13.028162,77.619326
Bengaluru City,K G Halli Traffic PS,1.04432e+16,2019,1,2,Road Accidents,Narrow road,City/Town,Near Hospital,Human Error,Yes,Simple Injury,Vehicle to Vehicle,Controlled,Straight and flat,Two way,Bitumen(Tar),Dry,Not Applicable,Others,"Gadhi Nagar Road Cross, K G Halli",Lababin Masid,10ft,13.023562,77.619464
Bengaluru City,K G Halli Traffic PS,1.04432e+16,2019,1,2,Road Accidents,Narrow road,City/Town,Residential area,Human Error,No,Damage Only,Others,No signal lights,Straight and flat,Residential Street,Bitumen(Tar),Dry,Not Applicable,Others,Yasheen nagar 1th main road,towards east and west KEB Transform,60 FT,13.023284,77.6244159
Bengaluru City,K G Halli Traffic PS,1.04432e+16,2019,1,1,Road Accidents,Narrow road,City/Town,Residential area,Human Error,No,Simple Injury,Hit pedestrian,Controlled,Straight and flat,Two way,Bitumen(Tar),Dry,Not Applicable,Others,HBR Layout Bangaluru,Forest Area,40feet,0.0,0.0
Bengaluru City,K G Halli Traffic PS,1.04432e+16,2019,1,2,Road Accidents,Narrow road,City/Town,Residential area,Human Error,No,Simple Injury,Others,No signal lights,Straight and flat,City or Town Road,Bitumen(Tar),Dry,Not Applicable,Clear,"Opposie of Raghavendra temple , L R Bande shampura",Shri Guru Raghavendra Seva trust,10 ft,13.027579,77.609388
Bengaluru City,K G Halli Traffic PS,1.04432e+16,2019,1,2,Road Accidents,Narrow road,City/Town,Near office complex,Human Error,Yes,Grievous Injury,Vehicle to Vehicle,Controlled,Hump,One way,Bitumen(Tar),Dry,Not Applicable,Others,"In front of iskan Goshala Temple ,Kacharakanahalli",Iskhan view Aprotment,55FT,13.018764,77.6281379
Bengaluru City,K G Halli Traffic PS,1.04432e+16,2019,1,1,Road Accidents,Narrow road,City/Town,In bazaar,Human Error,Yes,Simple Injury,Hit pedestrian,Not at  Junction,Straight and flat,Residential Street,Bitumen(Tar),Dry,No influence on accident,Not Applicable,"Infornt of house of fashion cloth shop ,1st cross,chanakya layout Nagavara",Hajir enclave,20 ft,13.039801,77.620206
Bengaluru City,K G Halli Traffic PS,1.04432e+16,2019,1,2,Road Accidents,Narrow road,City/Town,Near office complex,Human Error,No,Simple Injury,Others,Controlled,Others,City or Town Road,Bitumen(Tar),Dry,Not Applicable,Others,Near periyar circle,Near BBMP Office,20 ft,13.008507,77.613214
Bengaluru City,K G Halli Traffic PS,1.04432e+16,2019,1,1,Road Accidents,Narrow road,City/Town,Near a religious place,Human Error,Yes,Grievous Injury,Hit pedestrian,Not at  Junction,Others,Two way,Bitumen(Tar),Dry,Not Applicable,Clear,HBR Layout 1st stage 2nd black 80th main road,accident place towards to north power pole,5ft,13.021218,77.625026
Bengaluru City,K G Halli Traffic PS,1.04432e+16,2019,1,1,Road Accidents,Narrow road,City/Town,Near a religious place,Human Error,Yes,Simple Injury,Hit pedestrian,Not at  Junction,Straight and flat,Two way,Bitumen(Tar),Dry,Not Applicable,Clear,"opp road iscan temple road, HBR Layout  80 ft road bengaluru city",towards to east no 123 residential house,60ft,13.018942,77.628175