DISTRICTNAME,UNITNAME,Crime_No,Year,RI,Noofvehicle_involved,Accident_Classification,Accident_Spot,Accident_Location,Accident_SubLocation,Main_Cause,Hit_Run,Severity,Collision_Type,Junction_Control,Road_Character,Road_Type,Surface_Type,Surface_Condition,Road_Condition,Weather,Accident_Road,Landmark_first,Distance_LandMark_First,Latitude,Longitude
Bengaluru City,K G Halli Traffic PS,1.04432e+16,2020,1,1,Road Accidents,Not Applicable,City/Town,Open area,Human Error,Yes,Grievous Injury,Hit pedestrian,Not Applicable,Others,Others,Kutcha,Dry,Not Applicable,Clear,"SB colum shop premises, 80 feet road, Kacharakanahalli, HBR Layout",Electric Pole,15 ft,0.0,0.0
Bengaluru City,K G Halli Traffic PS,1.04432e+16,2020,1,2,Road Accidents,Cross roads,City/Town,Near School or College,Human Error,Yes,Grievous Injury,Vehicle to Vehicle,Not Applicable,Straight and flat,Two way,Bitumen(Tar),Dry,Not Applicable,Clear,"Near JSS School, Jss Public School Cross, HBR Layout, Bangalore-560043",JSS Public School,20Ft,0.0,0.0
Bengaluru City,K G Halli Traffic PS,1.04432e+16,2020,1,1,Road Accidents,Narrow road,City/Town,Near a religious place,Human Error,Yes,Grievous Injury,Hit pedestrian,Not at  Junction,Straight and flat,Residential Street,Bitumen(Tar),Dry,Not Applicable,Clear,"Infront of LJ Iyyangar cake house bakery, Shahadab nagar main road, shahadab nagar, D.J. Halli",Electric Pole,5 Ft,0.0,0.0
Bengaluru City,K G Halli Traffic PS,1.04432e+16,2020,1,2,Road Accidents,Narrow road,City/Town,Residential area,Human Error,Yes,Simple Injury,Vehicle to Vehicle,Not at  Junction,Straight and flat,Residential Street,Bitumen(Tar),Dry,Not Applicable,Clear,"In front of Saiful Chicken centre, L R Bande main road,Kavalbaira sandra, Bangalore-32",Saiful Chicken Shop,25 ft,0.0,0.0
Bengaluru City,K G Halli Traffic PS,1.04432e+16,2020,1,2,Road Accidents,Cross roads,City/Town,Near a religious place,Human Error,Yes,Grievous Injury,Vehicle to Vehicle,Not at  Junction,Straight and flat,Sub Arterial,Bitumen(Tar),Dry,Not Applicable,Clear,"Near Santhe Market, 80 Feet Road HBR Layout",Electric Pole,50,0.0,0.0
Bengaluru City,K G Halli Traffic PS,1.04432e+16,2020,1,2,Road Accidents,Cross roads,City/Town,Residential area,Human Error,No,Grievous Injury,Vehicle to Vehicle,Not Applicable,Straight and flat,Two way,Bitumen(Tar),Dry,Not Applicable,Clear,"Infront of SVL Trading corporation, 5th Block, 1st cross, 1st main, HBR Layout",Electric Pole,15 ft,0.0,0.0
Bengaluru City,K G Halli Traffic PS,1.04432e+16,2020,1,2,Road Accidents,Narrow road,City/Town,Near Hospital,Human Error,No,Grievous Injury,Vehicle to Vehicle,Not at  Junction,Straight and flat,Two way,Bitumen(Tar),Dry,Not Applicable,Clear,"Near Adarsh medicals, Nagawara Main road, Nagawara",Hai Mathaji Electricals and Hardware,20 Ft,0.0,0.0
Bengaluru City,K G Halli Traffic PS,1.04432e+16,2020,1,1,Road Accidents,Cross roads,City/Town,Near a factory industrial area,Human Error,No,Grievous Injury,Hit pedestrian,Not Applicable,Straight and flat,Two way,Bitumen(Tar),Dry,Not Applicable,Clear,"In front Nanjundeshwara bar, Kanaka nagar road",No 41 Khaleem building,7 Ft,0.0,0.0
Bengaluru City,K G Halli Traffic PS,1.04432e+16,2020,1,2,Road Accidents,Narrow road,City/Town,Near Bus stop,Human Error,Yes,Simple Injury,Vehicle to Vehicle,Uncontrolled,Straight and flat,Two way,Bitumen(Tar),Dry,Not Applicable,Clear,"in front of KHB gate,",Mangaluru kepe,20 ft,0.0,0.0
Bengaluru City,K G Halli Traffic PS,1.04432e+16,2020,1,1,Road Accidents,Cross roads,City/Town,Near a factory industrial area,Human Error,Yes,Grievous Injury,Not Applicable,Not at  Junction,Curve,Others,Kutcha,Dry,Not Applicable,Clear,"Infront of mohammadia masjid, Nala road, HBR Layout",Mohammadia Masjid,20 Ft,0.0,0.0
Bengaluru City,K G Halli Traffic PS,1.04432e+16,2020,1,3,Road Accidents,Narrow road,City/Town,Near Petrol Pump,Human Error,Yes,Simple Injury,Vehicle to Vehicle,Controlled,Straight and flat,Two way,Bitumen(Tar),Others,Not Applicable,Others,Between HP petrol Bunk to Hennur main roa,Towards North Capital Aluminum Shop,6 Feet,0.0,0.0
Bengaluru City,K G Halli Traffic PS,1.04432e+16,2020,1,2,Road Accidents,Narrow road,City/Town,Near a religious place,Human Error,Yes,Simple Injury,Vehicle to Vehicle,Not Applicable,Not Applicable,Two way,Bitumen(Tar),Dry,Not Applicable,Clear,"RO Water purifier plant, Near Yaseen Nagar railway gate, 80th Main road, HBR Layout, Bangalore-43",Under construction Building,62 Ft,0.0,0.0
Bengaluru City,K G Halli Traffic PS,1.04432e+16,2020,1,2,Road Accidents,Cross roads,City/Town,Near School or College,Human Error,Yes,Grievous Injury,Vehicle to Vehicle,Not Applicable,Straight and flat,Two way,Bitumen(Tar),Dry,Not Applicable,Clear,"Near Santhe Market, 80 Feet Road HBR Layout",Electric Pole,55 Ft,0.0,0.0
Bengaluru City,K G Halli Traffic PS,1.04432e+16,2020,1,2,Road Accidents,Narrow road,City/Town,Near Bus stop,Vehicle Defect,No,Simple Injury,Vehicle to Vehicle,Controlled,Straight and flat,Two way,Bitumen(Tar),Others,Not Applicable,Clear,"Infront of Ration Depo and Lassi shop, venkateshpura",Lassi shop,10,0.0,0.0
Bengaluru City,K G Halli Traffic PS,1.04432e+16,2020,1,1,Road Accidents,Junction,City/Town,Near a factory industrial area,Human Error,No,Grievous Injury,Hit pedestrian,Signal lights Automatic,Not Applicable,Two way,Bitumen(Tar),Dry,No influence on accident,Clear,Govindpura Signal,Electric Pole,15 ft,0.0,0.0
Bengaluru City,K G Halli Traffic PS,1.04432e+16,2020,1,1,Road Accidents,Narrow road,City/Town,Near a religious place,Human Error,No,Fatal,Not Applicable,Not Applicable,Not Applicable,Residential Street,Bitumen(Tar),Dry,No influence on accident,Clear,"In front of Sri Narasimhaswamy and Venugopalaswamy Temple, Vinayaka temple street, mukthi nagar,B-45",In front of Sri Narasimhaswamy and Venugopalaswamy Temple,35 Ft,0.0,0.0
Bengaluru City,K G Halli Traffic PS,1.04432e+16,2020,1,1,Road Accidents,Narrow road,City/Town,Near Hospital,Human Error,Yes,Grievous Injury,Not Applicable,Police / Manual,Not Applicable,Two way,Bitumen(Tar),Dry,Not Applicable,Clear,"JMJ Hospital Cross road, Nagawara main road, Nagawara",Electric Pole,20 Ft,0.0,0.0
Bengaluru City,K G Halli Traffic PS,1.04432e+16,2021,1,1,Road Accidents,Cross roads,City/Town,Residential area,Human Error,No,Grievous Injury,Not Applicable,Not Applicable,Not Applicable,Residential Street,Bitumen(Tar),Not Applicable,Not Applicable,Not Applicable,pillanna gardan 3rd stage 2nd main 2nd cross infront of umar man saloon,telephone pole,2ft,0.0,0.0
Bengaluru City,K G Halli Traffic PS,1.04432e+16,2021,1,1,Road Accidents,Not Applicable,City/Town,Near office complex,Human Error,No,Grievous Injury,Hit bicyclist,Not at  Junction,Straight and flat,Two way,Bitumen(Tar),Not Applicable,Not Applicable,Clear,"80 Feet Road HBR Layout, Near Karnatak store",Electricity Pole No 10000545019,3 Ft,0.0,0.0
Bengaluru City,K G Halli Traffic PS,1.04432e+16,2021,1,3,Road Accidents,Narrow road,City/Town,Near Bus stop,Human Error,No,Grievous Injury,Vehicle to Vehicle,Not at  Junction,Straight and flat,Not Applicable,Bitumen(Tar),Dry,Not Applicable,Not Applicable,"Near Venkateshpura bus stop, Nagawara main road, KG Halli, Bengaluru City-560045",Electricity Pole,5 Ft,0.0,0.0
Bengaluru City,K G Halli Traffic PS,1.04432e+16,2021,1,1,Road Accidents,Narrow road,City/Town,Near a factory industrial area,Human Error,No,Fatal,Hit bicyclist,Not Applicable,Straight and flat,Major District Road,Bitumen(Tar),Dry,Not Applicable,Clear,"Infront of J K Steel traders godown, KHB colony main road, R T Nagar post",J K Steel traders godown,16 Ft,0.0,0.0
Bengaluru City,K G Halli Traffic PS,1.04432e+16,2021,1,2,Road Accidents,Narrow road,City/Town,Near a recreation place/cinema,Human Error,No,Grievous Injury,Vehicle to Vehicle,Not at  Junction,Straight and flat,Two way,Bitumen(Tar),Dry,Not Applicable,Clear,"Infront of Priya Bar, Near Bilal water Tank, AC main road, Pillanna Garden 2nd stage, Bengaluru city",Priya Bar and restaurant,27 Ft,0.0,0.0
Bengaluru City,K G Halli Traffic PS,1.04432e+16,2021,1,2,Road Accidents,Junction,City/Town,Near Petrol Pump,Human Error,No,Fatal,Vehicle to Vehicle,Uncontrolled,Straight and flat,Major District Road,Bitumen(Tar),Dry,Not Applicable,Clear,"Infront of Gajanana wines, 80 Ft road, HBR Layout 3rd block Bengaluru city",Electric Pole,5 Ft,0.0,0.0
Bengaluru City,K G Halli Traffic PS,1.04432e+16,2021,1,2,Road Accidents,Curves,City/Town,Near a religious place,Human Error,Yes,Grievous Injury,Vehicle to Vehicle,Not at  Junction,Curve,Service Road,Bitumen(Tar),Dry,Not Applicable,Clear,"Infront of HN Timbers, Hennur Jn towards Nagawara Jn Service road, 3rd block HBR Layout",Electric Pole,14 Ft,0.0,0.0
Bengaluru City,K G Halli Traffic PS,1.04432e+16,2021,1,2,Road Accidents,Narrow road,City/Town,Near Bus stop,Human Error,No,Damage Only,Vehicle to Vehicle,Not at  Junction,Straight and flat,Service Road,Bitumen(Tar),Dry,Not Applicable,Clear,"Infront of busstop, Service road, HBCS Layoit, Vayyalikaval, Nagawara",Electric pol,10 Ft,0.0,0.0
Bengaluru City,K G Halli Traffic PS,1.04432e+16,2021,1,1,Road Accidents,Not Applicable,City/Town,Open area,Human Error,Yes,Grievous Injury,Hit pedestrian,Not Applicable,Not Applicable,Others,Kutcha,Dry,Not Applicable,Clear,"Infront of Haseena Mahal, KB Sandra, Bangalore-560032",Haseena Shadi Mahal,02 Ft,0.0,0.0
Bengaluru City,K G Halli Traffic PS,1.04432e+16,2021,1,1,Road Accidents,Narrow road,City/Town,Near office complex,Human Error,No,Grievous Injury,Hit pedestrian,Not at  Junction,Straight and flat,Two way,Bitumen(Tar),Dry,Not Applicable,Clear,80 Feet Road HBR Layout,Tree,14 Ft,0.0,0.0
Bengaluru City,K G Halli Traffic PS,1.04432e+16,2021,1,1,Road Accidents,Narrow road,City/Town,Near Petrol Pump,Human Error,Yes,Grievous Injury,Hit pedestrian,Not at  Junction,Straight and flat,Not Applicable,Bitumen(Tar),Dry,Not Applicable,Clear,"Infront of Reliance fresh mart, KHB Main road, Kanakanagar, R.T. Nagar post",Electric Pole,8 Ft,13.030504,77.6081481
Bengaluru City,K G Halli Traffic PS,1.04432e+16,2021,1,1,Road Accidents,Narrow road,City/Town,Near office complex,Human Error,No,Simple Injury,Hit pedestrian,Not at  Junction,Straight and flat,Two way,Bitumen(Tar),Dry,Not Applicable,Clear,"7th main, Near Udupi Restaurant, LR Bande",1 Tree,02 Ft,0.0,0.0
Bengaluru City,K G Halli Traffic PS,1.04432e+16,2021,1,1,Road Accidents,Narrow road,City/Town,Near a religious place,Human Error,Yes,Grievous Injury,Hit pedestrian,Not at  Junction,Straight and flat,Others,Bitumen(Tar),Dry,Not Applicable,Clear,"Near Church Cross, Nagawara main road, KG halli, Bengaluru City-560045.",One Tree,5 Ft,0.0,0.0
Bengaluru City,K G Halli Traffic PS,1.04432e+16,2021,1,3,Road Accidents,Narrow road,City/Town,Residential area,Human Error,No,Damage Only,Vehicle to Vehicle,Not Applicable,Straight and flat,Residential Street,Bitumen(Tar),Dry,Not Applicable,Clear,"Beside Vijay trading company, 1st cross, ramadev garden, K K Halli, HBR Layout",Chamundi work shop compound,03 Ft,0.0,0.0
Bengaluru City,K G Halli Traffic PS,1.04432e+16,2021,1,1,Road Accidents,Narrow road,City/Town,Near Hospital,Human Error,Yes,Grievous Injury,Hit pedestrian,Not at  Junction,Straight and flat,Others,Bitumen(Tar),Dry,Not Applicable,Clear,"Infront of Swarna plywood and glasses, AMC main road, KB Sandra, Bengaluru City-560032",Tree,12 Ft,0.0,0.0
Bengaluru City,K G Halli Traffic PS,1.04432e+16,2021,1,1,Road Accidents,Cross roads,City/Town,Residential area,Human Error,Yes,Fatal,Hit pedestrian,Not Applicable,Straight and flat,Minor District Road,Bitumen(Tar),Dry,Not Applicable,Clear,"Opp. to fresh mart general store, near 5th cross, Old bagalur layout main road, Sagaypuram",Borewell pipe,10 Ft,0.0,0.0
Bengaluru City,K G Halli Traffic PS,1.04432e+16,2021,1,1,Road Accidents,Narrow road,City/Town,Near a religious place,Human Error,No,Fatal,Not Applicable,Not Applicable,Straight and flat,Major District Road,Bitumen(Tar),Dry,Not Applicable,Clear,"Infront of karnataka floor mill, Near Arabic college, Nagawara main road",Tree,17 Ft,0.0,0.0
Bengaluru City,K G Halli Traffic PS,1.04432e+16,2021,1,1,Road Accidents,Cross roads,City/Town,Near School or College,Human Error,Yes,Grievous Injury,Hit bicyclist,Not at  Junction,Curve,Sub Arterial,Bitumen(Tar),Dry,Not Applicable,Clear,"Near TTG Two wheeler service station, Old NP Factory road, Doddanna nagar, K B Sandra B-45",Electric Pole,6 Ft,0.0,0.0
Bengaluru City,K G Halli Traffic PS,1.04432e+16,2021,1,1,Road Accidents,Narrow road,City/Town,Near Bus stop,Human Error,Yes,Grievous Injury,Not Applicable,Police / Manual,Straight and flat,Two way,Bitumen(Tar),Dry,Not Applicable,Clear,near davis  road bus stop,davis road bus stop,0.2 km,0.0,0.0
Bengaluru City,K G Halli Traffic PS,1.04432e+16,2022,1,1,Road Accidents,Curves,City/Town,Near office complex,Human Error,No,Fatal,Not Applicable,Not Applicable,Slight Curve,Service Road,Bitumen(Tar),Dry,Not Applicable,Clear,"Opp. to Skyline Infotech solution, right side service road, Manyatha Skywalk towards Nagawara Jn",Nagawara Flyover,1 Ft,13.040404,77.62193
Bengaluru City,K G Halli Traffic PS,1.04432e+16,2022,1,2,Not Applicable,Not Applicable,City/Town,Near Bus stop,Not Applicable,No,Damage Only,Vehicle to Vehicle,Not Applicable,Not Applicable,Others,Bitumen(Tar),Dry,Not Applicable,Clear,BMTC BUS STOP,KB SANDRA BUS STOP,0.1 KM,13.026499,77.615005
Bengaluru City,K G Halli Traffic PS,1.04432e+16,2022,1,1,Road Accidents,Narrow road,City/Town,Residential area,Human Error,No,Grievous Injury,Hit pedestrian,Not Applicable,Not Applicable,Residential Street,Bitumen(Tar),Dry,Not Applicable,Clear,"Opp to bruz al baraka apts, 4th Cross, Kaveri nagar, R.t. Nagar Post, Bangalore-560032",Electric Pole,8 Ft,0.0,0.0
Bengaluru City,K G Halli Traffic PS,1.04432e+16,2022,1,2,Road Accidents,Narrow road,City/Town,Residential area,Not Applicable,Yes,Grievous Injury,Vehicle to Vehicle,Not at  Junction,Others,Two way,Bitumen(Tar),Dry,Not Applicable,Clear,Veerannapalya Main Road,Near Indira Centeen,100 mt,13.038613,77.614266
Bengaluru City,K G Halli Traffic PS,1.04432e+16,2022,1,1,Road Accidents,Narrow road,City/Town,In bazaar,Not Applicable,No,Simple Injury,Hit pedestrian,Controlled,Others,Others,Bitumen(Tar),Dry,Not Applicable,Clear,Hennur Main Road,Near Shobha Hyper Market,100 Ft,13.029988,77.613093
Bengaluru City,K G Halli Traffic PS,1.04432e+16,2022,1,2,Road Accidents,Narrow road,City/Town,Residential area,Not Applicable,No,Grievous Injury,Vehicle to Vehicle,Uncontrolled,Curve,Sub Arterial,Bitumen(Tar),Dry,Not Applicable,Clear,HBR 10TH CROSS,HBR 10TH CROSS,0.2,13.026363,77.624952
Bengaluru City,K G Halli Traffic PS,1.04432e+16,2022,1,1,Road Accidents,Narrow road,City/Town,Residential area,Not Applicable,Yes,Grievous Injury,Hit pedestrian,Police / Manual,Not Applicable,Others,Bitumen(Tar),Dry,Not Applicable,Clear,L R Bande & Ragavendra Temple Road Junction,Ragavendra Temple,1km,13.029586,77.60937
Bengaluru City,K G Halli Traffic PS,1.04432e+16,2022,1,3,Road Accidents,Narrow road,City/Town,Residential area,Not Applicable,No,Grievous Injury,Vehicle to Vehicle,Not Applicable,Others,One way,Bitumen(Tar),Dry,Not Applicable,Clear,"2nd Block, HBR Layout",Near Savera Hotel,100 Ft,13.005871,77.611828
Bengaluru City,K G Halli Traffic PS,1.04432e+16,2022,1,2,Road Accidents,Narrow road,City/Town,Near Petrol Pump,Human Error,No,Grievous Injury,Vehicle to Vehicle,Uncontrolled,Straight and flat,Major District Road,Bitumen(Tar),Dry,Not Applicable,Clear,"Near Uni Gas bunk, Near Glass Factory, Nagawara main road, KG halli, Bengaluru city",Electric pole 10014417770,13 Ft,13.034714,77.622826
Bengaluru City,K G Halli Traffic PS,1.04432e+16,2022,1,1,Not Applicable,Narrow road,City/Town,Open area,Not Applicable,No,Damage Only,Not Applicable,Police / Manual,Others,Others,Bitumen(Tar),Dry,Not Applicable,Clear,Nagavara Main Road,Near Govindapura Signal,100 mt,13.032009,77.621865
Bengaluru City,K G Halli Traffic PS,1.04432e+16,2022,1,2,Road Accidents,Junction,City/Town,Residential area,Not Applicable,No,Simple Injury,Vehicle to Vehicle,Controlled,Not Applicable,Sub Arterial,Bitumen(Tar),Dry,Not Applicable,Clear,80 Feet Road HBR Layout,AYODHYA JUNCTION HBR,0.2,13.039346,77.619346
Bengaluru City,K G Halli Traffic PS,1.04432e+16,2022,1,1,Road Accidents,Narrow road,City/Town,Residential area,Not Applicable,Yes,Grievous Injury,Hit pedestrian,Uncontrolled,Not Applicable,Sub Arterial,Bitumen(Tar),Dry,No influence on accident,Clear,RAGHAVENDRA TEMPLE ROAD,RAGHAVENDRA TEMPLE ROAD,0.2,13.020643,77.613093
Bengaluru City,K G Halli Traffic PS,1.04432e+16,2022,1,1,Road Accidents,Rail Crossing manned,City/Town,Residential area,Not Applicable,Yes,Grievous Injury,Hit pedestrian,Not Applicable,Not Applicable,Residential Street,Bitumen(Tar),Dry,Not Applicable,Clear,"HBR 2nd Block, 1st Main Road",Near Water tank,100 mt,13.020643,77.613951
Bengaluru City,K G Halli Traffic PS,1.04432e+16,2022,1,2,Road Accidents,Narrow road,City/Town,Residential area,Not Applicable,Yes,Grievous Injury,Vehicle to Vehicle,Not Applicable,Not Applicable,Arterial,Bitumen(Tar),Dry,Not Applicable,Clear,Nagavara Main Road,opp new constructing railway station,0.5km,13.041461,77.630991
Bengaluru City,K G Halli Traffic PS,1.04432e+16,2022,1,1,Road Accidents,Narrow road,City/Town,Open area,Not Applicable,No,Grievous Injury,Not Applicable,Police / Manual,Others,Two way,Bitumen(Tar),Dry,Not Applicable,Clear,Plyground,Fathima Store,100 mt,13.036013,77.613934
Bengaluru City,K G Halli Traffic PS,1.04432e+16,2022,1,1,Road Accidents,Narrow road,City/Town,Near Hospital,Not Applicable,Yes,Fatal,Hit pedestrian,Police / Manual,Straight and flat,Two way,Bitumen(Tar),Dry,Not Applicable,Clear,JMJ Hospital Road,JMJ Hospital,0.5 km,13.040616,77.619393
Bengaluru City,K G Halli Traffic PS,1.04432e+16,2022,1,2,Road Accidents,Narrow road,City/Town,Open area,Not Applicable,Yes,Grievous Injury,Vehicle to Vehicle,Signal lights Automatic,Others,Service Road,Bitumen(Tar),Dry,Not Applicable,Clear,Hennur Junction towaeds Nagawara Service Road,H N Timber,100 mt,13.027938,77.63196
Bengaluru City,K G Halli Traffic PS,1.04432e+16,2022,1,2,Road Accidents,Not Applicable,City/Town,Near Hospital,Human Error,No,Grievous Injury,Vehicle to Vehicle,Not at  Junction,Straight and flat,Two way,Bitumen(Tar),Dry,Not Applicable,Clear,"Opp. to Dakshina ayodya keshtra srirama temple, 80 feet road, HBR layout, Bengaluru city-560043",Electrical pole,16 Ft,13.018785,77.628227
Bengaluru City,K G Halli Traffic PS,1.04432e+16,2022,1,1,Road Accidents,Cross roads,City/Town,Residential area,Not Applicable,No,Fatal,Hit pedestrian,Police / Manual,Not Applicable,Two way,Bitumen(Tar),Dry,Not Applicable,Clear,DAVIS ROAD,INFRONT OF MENS FASHION HUB CLOTH SHOP,1.5 KM,13.005871,77.615005
Bengaluru City,K G Halli Traffic PS,1.04432e+16,2022,1,2,Road Accidents,Narrow road,City/Town,Residential area,Not Applicable,No,Fatal,Vehicle to Vehicle,Not Applicable,Not Applicable,Two way,Bitumen(Tar),Dry,Not Applicable,Clear,KHB Main Road,Food Hub,50 met,13.040929,77.61604
Bengaluru City,K G Halli Traffic PS,1.04432e+16,2022,1,2,Road Accidents,Narrow road,City/Town,Near School or College,Not Applicable,No,Grievous Injury,Vehicle to Vehicle,Police / Manual,Not Applicable,Two way,Bitumen(Tar),Dry,Not Applicable,Clear,HBR Layout 1st stage,Arebic College,100 Ft,13.031561,77.62301
Bengaluru City,K G Halli Traffic PS,1.04432e+16,2022,1,1,Road Accidents,Not Applicable,City/Town,Near office complex,Human Error,Yes,Fatal,Hit pedestrian,Not at  Junction,Straight and flat,Two way,Bitumen(Tar),Dry,Not Applicable,Clear,"In front of Narendra Tent, Opp. to Popular radiator work, 80 Feet road, HBR layout",Narendra Tent,39 Ft,0.0,0.0
Bengaluru City,K G Halli Traffic PS,1.04432e+16,2022,1,1,Road Accidents,Narrow road,City/Town,Near Bus stop,Human Error,Yes,Grievous Injury,Hit pedestrian,Not at  Junction,Straight and flat,Major District Road,Bitumen(Tar),Dry,Not Applicable,Clear,"Infront of Sapthagiri Telecom Shop, Near Nagawara Bus stop, Nagawara main road, Bengaluru city560045",One Tree,10 Ft,13.038118,77.623538
Bengaluru City,K G Halli Traffic PS,1.04432e+16,2022,1,1,Road Accidents,Narrow road,City/Town,Near Bus stop,Not Applicable,No,Fatal,Hit pedestrian,Uncontrolled,Curve,Arterial,Bitumen(Tar),Dry,Not Applicable,Clear,DINNUR MAIN ROAD,NEAR BMTC BUS STOP DINNUR MAIN ROAD,0.2,13.040566,77.622562
Bengaluru City,K G Halli Traffic PS,1.04432e+16,2022,1,2,Road Accidents,Narrow road,City/Town,Narrow bridge or culverts,Not Applicable,No,Damage Only,Vehicle to Vehicle,Not at  Junction,Not Applicable,Arterial,Bitumen(Tar),Dry,Not Applicable,Clear,RING ROAD,UPPER RAMP NAGAWARA,0.2,13.037912,77.625867
Bengaluru City,K G Halli Traffic PS,1.04432e+16,2022,1,1,Road Accidents,Not Applicable,City/Town,Near office complex,Human Error,Yes,Grievous Injury,Hit pedestrian,Not at  Junction,Straight and flat,Not Applicable,Bitumen(Tar),Dry,Not Applicable,Clear,"Opp. to Mahalakshmi motors, Near Kaveri Jewellers, KHB colony main road, Manorayanaplaya, RT Nagar",Mahalakshmi motors,13 Ft,13.030602,77.608065
Bengaluru City,K G Halli Traffic PS,1.04432e+16,2023,1,1,Road Accidents,Narrow road,City/Town,Near School or College,Not Applicable,No,Simple Injury,Not Applicable,Not at  Junction,Not Applicable,Residential Street,Bitumen(Tar),Dry,Not Applicable,Clear,Nagavara Main Road,Near Arebic Collage,100mt,13.039346,77.619346
Bengaluru City,K G Halli Traffic PS,1.04432e+16,2023,1,2,Road Accidents,Circle,City/Town,Residential area,Human Error,No,Grievous Injury,Vehicle to Vehicle,Controlled,Others,Residential Street,Bitumen(Tar),Dry,Not Applicable,Clear,Lingarajapuram Road,In fornt of lifestyle larret apartment,1,0.0,0.0
Bengaluru City,K G Halli Traffic PS,1.04432e+16,2023,1,2,Road Accidents,Narrow road,City/Town,Open area,Not Applicable,No,Grievous Injury,Vehicle to Vehicle,Not Applicable,Not Applicable,Arterial,Bitumen(Tar),Dry,Not Applicable,Clear,Outer Ring Road,Near Hosmat Hospital,100 ft,13.028133,77.632454
Bengaluru City,K G Halli Traffic PS,1.04432e+16,2023,1,2,Road Accidents,Narrow road,City/Town,Open area,Not Applicable,Yes,Simple Injury,Vehicle to Vehicle,Not Applicable,Not Applicable,Not Applicable,Bitumen(Tar),Dry,Not Applicable,Clear,Veerannapalya Main Road,Near Shop well Mart,50 mtr,13.039002,77.613269
Bengaluru City,K G Halli Traffic PS,1.04432e+16,2023,1,1,Road Accidents,Narrow road,City/Town,Residential area,Not Applicable,No,Grievous Injury,Not Applicable,Uncontrolled,Not Applicable,Arterial,Bitumen(Tar),Not Applicable,Not Applicable,Clear,10TH MAIN HBR,HBR 10TH MAIN,0.2 km,0.0,0.0
Bengaluru City,K G Halli Traffic PS,1.04432e+16,2023,1,1,Road Accidents,Narrow road,City/Town,Near Bus stop,Human Error,No,Grievous Injury,Hit pedestrian,Not Applicable,Not Applicable,Minor District Road,Bitumen(Tar),Dry,Not Applicable,Clear,Shampur main road,High mask light,22,13.008429,77.589577
Bengaluru City,K G Halli Traffic PS,1.04432e+16,2023,1,2,Road Accidents,Narrow road,City/Town,Open area,Not Applicable,Yes,Simple Injury,Vehicle to Vehicle,Not Applicable,Not Applicable,Residential Street,Bitumen(Tar),Dry,Not Applicable,Clear,KHB Main Road,K C Comfort Shop,50 ft,13.03251,77.60866
Bengaluru City,K G Halli Traffic PS,1.04432e+16,2023,1,2,Road Accidents,Narrow road,City/Town,Open area,Not Applicable,Yes,Grievous Injury,Vehicle to Vehicle,Not Applicable,Not Applicable,Others,Bitumen(Tar),Dry,Not Applicable,Clear,Outer Ring Road,Near Bhima Juwellers,50 ft,0.0,0.0
Bengaluru City,K G Halli Traffic PS,1.04432e+16,2023,1,1,Road Accidents,Narrow road,City/Town,Residential area,Not Applicable,Yes,Fatal,Hit pedestrian,Not Applicable,Not Applicable,Two way,Bitumen(Tar),Ditch or Potholed,No influence on accident,Clear,Nagawara Main Road,Veera Hanuman Store,50 ft,13.014627,77.617177
Bengaluru City,K G Halli Traffic PS,1.04432e+16,2023,1,2,Road Accidents,Cross roads,City/Town,Residential area,Not Applicable,No,Grievous Injury,Vehicle to Vehicle,Not Applicable,Not Applicable,Residential Street,Bitumen(Tar),Dry,Not Applicable,Clear,L R Bande Main Road,Nisarga Bar,50 met,0.0,0.0
Bengaluru City,K G Halli Traffic PS,1.04432e+16,2023,1,1,Road Accidents,Narrow road,City/Town,Residential area,Not Applicable,Yes,Grievous Injury,Hit pedestrian,Not Applicable,Not Applicable,Sub Arterial,Bitumen(Tar),Dry,Not Applicable,Clear,L R Bande Main Road,Near BBMP Park,50 mtr,13.020584,77.611828
Bengaluru City,K G Halli Traffic PS,1.04432e+16,2023,1,1,Road Accidents,Narrow road,City/Town,Near office complex,Not Applicable,No,Fatal,Hit pedestrian,Not Applicable,Not Applicable,Arterial,Bitumen(Tar),Dry,Not Applicable,Clear,Veerannapalya Main Road,Near Sri Bhairava Condiments Shop,50 mtr,13.026499,77.613951
Bengaluru City,K G Halli Traffic PS,1.04432e+16,2023,1,1,Road Accidents,Narrow road,City/Town,Residential area,Not Applicable,Yes,Grievous Injury,Hit pedestrian,Uncontrolled,Others,Arterial,Bitumen(Tar),Dry,Not Applicable,Clear,1ST MAIN,NEAR BBMP OFFICE SHAMPURA,0.2,0.0,0.0