DISTRICTNAME,UNITNAME,Crime_No,Year,RI,Noofvehicle_involved,Accident_Classification,Accident_Spot,Accident_Location,Accident_SubLocation,Main_Cause,Hit_Run,Severity,Collision_Type,Junction_Control,Road_Character,Road_Type,Surface_Type,Surface_Condition,Road_Condition,Weather,Accident_Road,Landmark_first,Distance_LandMark_First,Latitude,Longitude
Bengaluru City,K G Halli Traffic PS,1.04432e+16,2023,1,1,Road Accidents,Narrow road,City/Town,Residential area,Not Applicable,No,Grievous Injury,Not Applicable,Not at  Junction,Not Applicable,Residential Street,Bitumen(Tar),Dry,Not Applicable,Clear,KHB Main Road,Near Manohar Hospital,50 ft,13.024755,77.605317
Bengaluru City,K G Halli Traffic PS,1.04432e+16,2023,1,1,Road Accidents,Narrow road,City/Town,Near Bus stop,Not Applicable,No,Grievous Injury,Hit pedestrian,Not Applicable,Not Applicable,Not Applicable,Bitumen(Tar),Dry,Not Applicable,Clear,Outer Ring Road,Near Hennur Cross Bus Stop,50 ft,0.0,0.0
Bengaluru City,K G Halli Traffic PS,1.04432e+16,2023,1,1,Road Accidents,Narrow road,City/Town,Near a religious place,Human Error,No,Grievous Injury,Hit bicyclist,Not Applicable,Not Applicable,Major District Road,Bitumen(Tar),Dry,Not Applicable,Clear,"80 Ft road, HBR Layout",Electric pole,54 ft,13.019318,77.602535
Bengaluru City,K G Halli Traffic PS,1.04432e+16,2023,1,2,Road Accidents,Narrow road,City/Town,In bazaar,Not Applicable,No,Grievous Injury,Vehicle to Vehicle,Not Applicable,Not Applicable,Residential Street,Bitumen(Tar),Dry,Not Applicable,Clear,80 Feet Road HBR Layout,Near Market,100 ft,0.0,0.0
Bengaluru City,K G Halli Traffic PS,1.04432e+16,2023,1,1,Road Accidents,Narrow road,City/Town,Near School or College,Not Applicable,No,Grievous Injury,Not Applicable,Controlled,Not Applicable,Others,Bitumen(Tar),Dry,Not Applicable,Clear,Vyalikaval Layout,Near Indian Public School,200 mr,0.0,0.0
Bengaluru City,K G Halli Traffic PS,1.04432e+16,2023,1,2,Road Accidents,Narrow road,City/Town,Open area,Not Applicable,No,Grievous Injury,Vehicle to Vehicle,Not at  Junction,Not Applicable,Not Applicable,Bitumen(Tar),Dry,Not Applicable,Clear,Outer Ring Road,Near Malabar Hotel,100 ft,0.0,0.0
Bengaluru City,K G Halli Traffic PS,1.04432e+16,2023,1,2,Road Accidents,Narrow road,City/Town,Open area,Not Applicable,No,Grievous Injury,Vehicle to Vehicle,Not Applicable,Not Applicable,Arterial,Bitumen(Tar),Dry,Not Applicable,Clear,"Outer Ring Road, Service Road",Near Vintegra Office,200 mr,13.034569,77.62871
Bengaluru City,K G Halli Traffic PS,1.04432e+16,2023,1,1,Road Accidents,Narrow road,City/Town,Near a factory industrial area,Human Error,Yes,Grievous Injury,Hit pedestrian,Not Applicable,Not Applicable,Arterial,Bitumen(Tar),Dry,Not Applicable,Clear,Govindapura Main Road,Chappal Shop,4 Ft,13.020586,77.611843
Bengaluru City,K G Halli Traffic PS,1.04432e+16,2023,1,1,Road Accidents,Narrow road,City/Town,Open area,Not Applicable,No,Simple Injury,Not Applicable,Not at  Junction,Not Applicable,Service Road,Bitumen(Tar),Dry,Not Applicable,Clear,Nagavara Service Road,Near Forest Office,50 Ft,0.0,0.0
Bengaluru City,K G Halli Traffic PS,1.04432e+16,2023,1,2,Road Accidents,Not Applicable,City/Town,Open area,Not Applicable,Yes,Grievous Injury,Hit pedestrian,Not Applicable,Not Applicable,Arterial,Bitumen(Tar),Dry,Not Applicable,Clear,Govindapura Main Road,Near 13th Cross,50 mtr,0.0,0.0
Bengaluru City,K G Halli Traffic PS,1.04432e+16,2023,1,1,Road Accidents,Narrow road,City/Town,Near Petrol Pump,Human Error,No,Fatal,Hit pedestrian,Not Applicable,Straight and flat,Major District Road,Bitumen(Tar),Dry,Not Applicable,Clear,Tannery road,LRS suiwing machine shop,22 ft,13.008382,77.589577
Bengaluru City,K G Halli Traffic PS,1.04432e+16,2023,1,2,Road Accidents,Narrow road,City/Town,Residential area,Not Applicable,Yes,Grievous Injury,Vehicle to Vehicle,Not Applicable,Not Applicable,Arterial,Bitumen(Tar),Dry,Not Applicable,Clear,KHB Main Road,Near R K palce,100 mt,0.0,0.0
Bengaluru City,K G Halli Traffic PS,1.04432e+16,2023,1,1,Road Accidents,Narrow road,City/Town,Near Bus stop,Not Applicable,Yes,Grievous Injury,Hit pedestrian,Controlled,Others,Residential Street,Bitumen(Tar),Dry,Not Applicable,Clear,Nagavara Main Road,Near Venkateshpura Bus Stop,100 ft,13.020643,77.613951
Bengaluru City,K G Halli Traffic PS,1.04432e+16,2023,1,2,Road Accidents,Junction,City/Town,Narrow bridge or culverts,Not Applicable,Yes,Grievous Injury,Vehicle to Vehicle,Controlled,Not Applicable,Not Applicable,Bitumen(Tar),Dry,Not Applicable,Clear,Nagavara Main Road,Nagawara Flyover,50 ft,0.0,0.0
Bengaluru City,K G Halli Traffic PS,1.04432e+16,2023,1,2,Road Accidents,Narrow road,City/Town,Open area,Not Applicable,No,Damage Only,Vehicle to Vehicle,Uncontrolled,Straight and flat,Arterial,Bitumen(Tar),Dry,Not Applicable,Clear,RING ROAD,RING ROAD,0.2 KM,0.0,0.0
Bengaluru City,K G Halli Traffic PS,1.04432e+16,2023,1,1,Road Accidents,Narrow road,City/Town,Residential area,Not Applicable,No,Grievous Injury,Hit pedestrian,Not at  Junction,Not Applicable,Arterial,Bitumen(Tar),Dry,Not Applicable,Clear,Veerannapalya Main Road,Near Chaithany Schoool,100 mt,0.0,0.0
Bengaluru City,K G Halli Traffic PS,1.04432e+16,2023,1,1,Road Accidents,Narrow road,City/Town,Residential area,Not Applicable,Yes,Simple Injury,Hit pedestrian,Not Applicable,Not Applicable,Residential Street,Bitumen(Tar),Dry,Not Applicable,Clear,KHB Main Road,Family Super Market,50ft,0.0,0.0
Bengaluru City,K G Halli Traffic PS,1.04432e+16,2023,1,1,Road Accidents,Narrow road,City/Town,Open area,Human Error,No,Fatal,Hit bicyclist,Not Applicable,Straight and flat,Major District Road,Concrete,Dry,Not Applicable,Clear,ORR Hennur Jn Towards Nagavara Jn,Smart Point,38 Ft,13.033769,77.628965
Bengaluru City,K G Halli Traffic PS,1.04432e+16,2023,1,1,Road Accidents,Narrow road,City/Town,Residential area,Not Applicable,No,Grievous Injury,Hit pedestrian,Not Applicable,Not Applicable,Residential Street,Bitumen(Tar),Dry,Not Applicable,Clear,L R Bhande Main Road,Near Moto Junction Shop,100 ft,13.029837,77.60842
Bengaluru City,K G Halli Traffic PS,1.04432e+16,2023,1,2,Road Accidents,Narrow road,City/Town,Near Petrol Pump,Human Error,No,Fatal,Vehicle to Vehicle,Not at  Junction,Straight and flat,Major District Road,Bitumen(Tar),Dry,Not Applicable,Clear,"80 Feet road, HBR Layout",Electric pole,39 Fee,13.026474,77.63102
Bengaluru City,K G Halli Traffic PS,1.04432e+16,2023,1,1,Road Accidents,Narrow road,City/Town,Near Hospital,Not Applicable,Yes,Grievous Injury,Hit pedestrian,Not Applicable,Others,Others,Bitumen(Tar),Dry,Not Applicable,Clear,HBR Layout Road,Near Precious Hospital,50 mtr,13.021172,77.628291
Bengaluru City,K G Halli Traffic PS,1.04432e+16,2023,1,2,Road Accidents,Narrow road,City/Town,Near a religious place,Not Applicable,Yes,Fatal,Vehicle to Vehicle,Controlled,Not Applicable,Arterial,Bitumen(Tar),Dry,No influence on accident,Clear,80 Feet Road HBR Layout,opp ammas Bakery,100ft,0.0,0.0
Bengaluru City,K G Halli Traffic PS,1.04432e+16,2023,1,2,Road Accidents,Curves,City/Town,Near Bus stop,Human Error,No,Damage Only,Vehicle to Vehicle,Controlled,Others,Arterial,Bitumen(Tar),Dry,Not Applicable,Clear,Nagavara seavice road,Nagawara Flyover,20 Ft,0.0,0.0
Bengaluru City,K G Halli Traffic PS,1.04432e+16,2023,1,1,Road Accidents,Curves,City/Town,Near a religious place,Not Applicable,Yes,Grievous Injury,Hit pedestrian,Not Applicable,Curve,Arterial,Bitumen(Tar),Dry,Not Applicable,Clear,6th Cross Modi Road,Near Provision Shop,50 mtr,13.028722,77.621158
Bengaluru City,K.R.Puram Traffic PS,1.04432e+16,2016,1,1,Road Accidents,Other,City/Town,Near Hospital,Human Error,No,Fatal,Hit pedestrian,No signal lights,Others,NH,Bitumen(Tar),Dry,No influence on accident,Clear,OLD MADRAS ROAD,1,1,0.0,0.0
Bengaluru City,K.R.Puram Traffic PS,1.04432e+16,2016,1,2,Road Accidents,Cross roads,City/Town,Near office complex,Human Error,Yes,Damage Only,Head on,No signal lights,Others,Others,Bitumen(Tar),Dry,No influence on accident,Fine,MDP,1,5,0.0,0.0
Bengaluru City,K.R.Puram Traffic PS,1.04432e+16,2016,1,1,Road Accidents,Other,City/Town,Narrow bridge or culverts,Human Error,No,Fatal,Hit pedestrian,No signal lights,Others,NH,Bitumen(Tar),Dry,No influence on accident,Clear,OMR,1,2,0.0,0.0
Bengaluru City,K.R.Puram Traffic PS,1.04432e+16,2016,1,2,Road Accidents,Other,City/Town,Near Hospital,Human Error,No,Simple Injury,Others,No signal lights,Others,Others,Bitumen(Tar),Dry,No influence on accident,Clear,OM ROAD,1,5,0.0,0.0
Bengaluru City,K.R.Puram Traffic PS,1.04432e+16,2016,1,1,Road Accidents,Other,City/Town,Near School or College,Human Error,Yes,Grievous Injury,Hit pedestrian,No signal lights,Others,Others,Bitumen(Tar),Dry,No influence on accident,Clear,M.D.PURA RING ROAD,1,4,0.0,0.0
Bengaluru City,K.R.Puram Traffic PS,1.04432e+16,2016,1,2,Road Accidents,Other,City/Town,In bazaar,Human Error,No,Fatal,Others,No signal lights,Others,Two way,Bitumen(Tar),Dry,No influence on accident,Clear,OLD MADRAS ROAD,1,4,0.0,0.0
Bengaluru City,K.R.Puram Traffic PS,1.04432e+16,2016,1,2,Road Accidents,Bridge,City/Town,Near a factory industrial area,Human Error,Not Applicable,Grievous Injury,Hit and Run,Controlled,Not Applicable,City or Town Road,Bitumen(Tar),Dry,Not Applicable,Fine,ITI COLONY MAIN ROAD,A,3KM,0.0,0.0
Bengaluru City,K.R.Puram Traffic PS,1.04432e+16,2016,1,2,Road Accidents,Narrow road,City/Town,Open area,Human Error,Not Applicable,Grievous Injury,Hit and Run,Controlled,Not Applicable,City or Town Road,Bitumen(Tar),Dry,Not Applicable,Clear,M D PURA RING ROAD,A,27,0.0,0.0
Bengaluru City,K.R.Puram Traffic PS,1.04432e+16,2016,1,2,Road Accidents,Narrow road,City/Town,Open area,Human Error,Not Applicable,Grievous Injury,Hit and Run,Controlled,Not Applicable,Two way,Bitumen(Tar),Dry,Not Applicable,Clear,KASTHURINAGARA,A,4KM,0.0,0.0
Bengaluru City,K.R.Puram Traffic PS,1.04432e+16,2016,1,2,Rail Road Accidents,Narrow road,City/Town,Open area,Human Error,Not Applicable,Damage Only,Hit and Run,Controlled,Not Applicable,Two way,Bitumen(Tar),Dry,Not Applicable,Clear,M.D PURAM RING ROAD,A,5KM,0.0,0.0
Bengaluru City,K.R.Puram Traffic PS,1.04432e+16,2016,1,2,Road Accidents,Cross roads,City/Town,Near Bus stop,Human Error,No,Damage Only,Rear end,Signal lights Automatic,Others,Two way,Not Applicable,Dry,Not Applicable,Clear,O M ROAD NEAR T C PALYA JUNCTION,A,24FEET,0.0,0.0
Bengaluru City,K.R.Puram Traffic PS,1.04432e+16,2016,1,2,Road Accidents,Narrow road,City/Town,Open area,Human Error,Not Applicable,Damage Only,Hit and Run,Controlled,Incline,City or Town Road,Bitumen(Tar),Dry,Not Applicable,Fine,DODDANAKUNDI,A,5KM,0.0,0.0
Bengaluru City,K.R.Puram Traffic PS,1.04432e+16,2016,1,1,Road Accidents,Other,City/Town,Near office complex,Human Error,Yes,Grievous Injury,Hit and Run,No signal lights,Others,Others,Bitumen(Tar),Dry,No influence on accident,Clear,OMR,1,3,0.0,0.0
Bengaluru City,K.R.Puram Traffic PS,1.04432e+16,2016,1,1,Road Accidents,Other,City/Town,Near Bus stop,Human Error,No,Grievous Injury,Hit pedestrian,No signal lights,Others,Others,Bitumen(Tar),Dry,No influence on accident,Others,RMN,1,5,0.0,0.0
Bengaluru City,K.R.Puram Traffic PS,1.04432e+16,2016,1,1,Road Accidents,Other,City/Town,Near Bus stop,Human Error,No,Grievous Injury,Hit pedestrian,No signal lights,Others,Others,Bitumen(Tar),Dry,No influence on accident,Clear,J,1,2,0.0,0.0
Bengaluru City,K.R.Puram Traffic PS,1.04432e+16,2016,1,2,Road Accidents,Other,City/Town,Near Hospital,Human Error,Yes,Simple Injury,Others,No signal lights,Others,Others,Bitumen(Tar),Dry,No influence on accident,Clear,"R,M,NAGAR",2,2,0.0,0.0
Bengaluru City,K.R.Puram Traffic PS,1.04432e+16,2016,1,1,Road Accidents,Other,City/Town,Near Bus stop,Human Error,No,Simple Injury,Hit pedestrian,No signal lights,Others,Others,Bitumen(Tar),Dry,No influence on accident,Clear,white field road,1,5,0.0,0.0
Bengaluru City,K.R.Puram Traffic PS,1.04432e+16,2016,1,2,Road Accidents,Other,City/Town,Near Hospital,Human Error,Yes,Grievous Injury,Others,No signal lights,Others,Two way,Bitumen(Tar),Dry,No influence on accident,Clear,r.m.nagar ring road,1,5,0.0,0.0
Bengaluru City,K.R.Puram Traffic PS,1.04432e+16,2016,1,2,Road Accidents,Other,City/Town,Near Bus stop,Human Error,No,Grievous Injury,Others,No signal lights,Others,Others,Bitumen(Tar),Dry,No influence on accident,Others,WF ROAD,1,4,0.0,0.0
Bengaluru City,K.R.Puram Traffic PS,1.04432e+16,2016,1,2,Road Accidents,Other,City/Town,Narrow bridge or culverts,Human Error,Yes,Simple Injury,Others,No signal lights,Others,Others,Bitumen(Tar),Dry,No influence on accident,Others,1,1,3,0.0,0.0
Bengaluru City,K.R.Puram Traffic PS,1.04432e+16,2016,1,1,Road Accidents,Narrow road,City/Town,Near Bus stop,Not Applicable,No,Simple Injury,Hit pedestrian,No signal lights,Others,NH,Bitumen(Tar),Dry,Not Applicable,Fine,Old Madras road,1,4,0.0,0.0
Bengaluru City,K.R.Puram Traffic PS,1.04432e+16,2016,1,1,Road Accidents,Narrow road,City/Town,Open area,Human Error,Not Applicable,Simple Injury,Hit and Run,Controlled,Not Applicable,Two way,Bitumen(Tar),Dry,Not Applicable,Clear,WHITE FEILD ROAD,A,5KM,0.0,0.0
Bengaluru City,K.R.Puram Traffic PS,1.04432e+16,2016,1,2,Road Accidents,Narrow road,City/Town,Near a factory industrial area,Human Error,Not Applicable,Simple Injury,Hit and Run,Controlled,Not Applicable,Two way,Bitumen(Tar),Dry,Not Applicable,Fine,WHITE FILED MAIN ROAD,A,5KM,0.0,0.0
Bengaluru City,K.R.Puram Traffic PS,1.04432e+16,2016,1,1,Road Accidents,Narrow road,City/Town,Open area,Human Error,Not Applicable,Damage Only,Hit and Run,Controlled,Hump,Two way,Bitumen(Tar),Dry,Not Applicable,Fine,WHITE FILED MAIN ROAD,A,5KM,0.0,0.0
Bengaluru City,K.R.Puram Traffic PS,1.04432e+16,2016,1,2,Road Accidents,Narrow road,City/Town,Narrow bridge or culverts,Human Error,Not Applicable,Grievous Injury,Hit and Run,Controlled,Not Applicable,City or Town Road,Bitumen(Tar),Dry,Not Applicable,Clear,R M NAGAR,A,4KM,0.0,0.0
Bengaluru City,K.R.Puram Traffic PS,1.04432e+16,2016,1,2,Road Accidents,Narrow road,City/Town,Open area,Human Error,Not Applicable,Simple Injury,Hit and Run,Controlled,Not Applicable,City or Town Road,Bitumen(Tar),Dry,Not Applicable,Fine,WHITE FEILD ROAD,A,5KM,0.0,0.0
Bengaluru City,K.R.Puram Traffic PS,1.04432e+16,2016,1,2,Road Accidents,Narrow road,City/Town,Open area,Human Error,Not Applicable,Grievous Injury,Hit and Run,Give way sign,Not Applicable,City or Town Road,Bitumen(Tar),Dry,Not Applicable,Clear,KALKERE ROAD,A,4KM,0.0,0.0
Bengaluru City,K.R.Puram Traffic PS,1.04432e+16,2016,1,2,Road Accidents,Cross roads,City/Town,Near Bus stop,Human Error,Yes,Damage Only,Hit and Run,No signal lights,Others,City or Town Road,Not Applicable,Dry,Not Applicable,Clear,O M ROAD NEAR M M TEMPLE,A,65FEET,0.0,0.0
Bengaluru City,K.R.Puram Traffic PS,1.04432e+16,2016,1,2,Road Accidents,Bridge,City/Town,Near office complex,Human Error,Yes,Damage Only,Rear end,No signal lights,Others,State Highway,Bitumen(Tar),Dry,No influence on accident,Clear,rmn,1,5,77.66328322,13.00242924
Bengaluru City,K.R.Puram Traffic PS,1.04432e+16,2016,1,1,Road Accidents,Other,City/Town,Narrow bridge or culverts,Human Error,No,Fatal,Hit pedestrian,No signal lights,Others,NH,Bitumen(Tar),Dry,No influence on accident,Others,OMR,1,2,77.67122646,12.99761587
Bengaluru City,K.R.Puram Traffic PS,1.04432e+16,2016,1,1,Road Accidents,Other,City/Town,Near Bus stop,Human Error,No,Grievous Injury,Hit pedestrian,No signal lights,Others,Others,Bitumen(Tar),Dry,No influence on accident,Clear,1,1,5,0.0,0.0
Bengaluru City,K.R.Puram Traffic PS,1.04432e+16,2016,1,2,Road Accidents,Other,City/Town,Near a religious place,Human Error,Yes,Grievous Injury,Others,No signal lights,Others,Others,Bitumen(Tar),Dry,No influence on accident,Others,RMN,1,1,0.0,0.0
Bengaluru City,K.R.Puram Traffic PS,1.04432e+16,2016,1,2,Road Accidents,Other,City/Town,In bazaar,Human Error,No,Grievous Injury,Head on,No signal lights,Others,Two way,Bitumen(Tar),Dry,No influence on accident,Clear,OLD MADRAS ROAD,1,4,0.0,0.0
Bengaluru City,K.R.Puram Traffic PS,1.04432e+16,2016,1,2,Road Accidents,Cross roads,City/Town,Near Bus stop,Human Error,Yes,Damage Only,Hit and Run,No signal lights,Not Applicable,City or Town Road,Not Applicable,Dry,Not Applicable,Clear,R M NAGARA RING ROAD KASTHURI NAGARA,A,26FEET,0.0,0.0
Bengaluru City,K.R.Puram Traffic PS,1.04432e+16,2016,1,2,Road Accidents,Narrow road,City/Town,Open area,Human Error,Not Applicable,Damage Only,Hit and Run,Controlled,Not Applicable,City or Town Road,Bitumen(Tar),Dry,Not Applicable,Clear,WHITE FEILD ROAD,A,5KM,0.0,0.0
Bengaluru City,K.R.Puram Traffic PS,1.04432e+16,2016,1,2,Road Accidents,Circle,City/Town,Near office complex,Human Error,No,Grievous Injury,Rear end,No signal lights,Curve,City or Town Road,Not Applicable,Dry,Not Applicable,Clear,ALPINE ECO APTS DODDANEKUNDI,A,55FEET,0.0,0.0
Bengaluru City,K.R.Puram Traffic PS,1.04432e+16,2016,1,1,Road Accidents,Narrow road,City/Town,Open area,Human Error,Yes,Grievous Injury,Hit and Run,Controlled,Incline,City or Town Road,Bitumen(Tar),Dry,Not Applicable,Clear,O M ROAD NEAR TIN FACTORY,A,5KM,0.0,0.0
Bengaluru City,K.R.Puram Traffic PS,1.04432e+16,2016,1,1,Road Accidents,Narrow road,City/Town,Near office complex,Human Error,Not Applicable,Grievous Injury,Hit and Run,Controlled,Not Applicable,City or Town Road,Bitumen(Tar),Dry,Not Applicable,Clear,KALKERE ROAD,A,5KM,0.0,0.0
Bengaluru City,K.R.Puram Traffic PS,1.04432e+16,2016,1,2,Rail Road Accidents,Narrow road,City/Town,Open area,Human Error,Not Applicable,Damage Only,Hit and Run,Controlled,Incline,Not Applicable,Bitumen(Tar),Dry,Not Applicable,Fine,WHITE FEILD ROAD,A,5KM,0.0,0.0
Bengaluru City,K.R.Puram Traffic PS,1.04432e+16,2016,1,2,Road Accidents,Narrow road,City/Town,Near office complex,Human Error,Not Applicable,Simple Injury,Hit and Run,Controlled,Not Applicable,City or Town Road,Bitumen(Tar),Dry,Not Applicable,Clear,"T C Palya main road, Near SBI Bank",A,3KM,0.0,0.0
Bengaluru City,K.R.Puram Traffic PS,1.04432e+16,2016,1,2,Road Accidents,Narrow road,City/Town,Open area,Human Error,Not Applicable,Simple Injury,Hit and Run,Controlled,Not Applicable,City or Town Road,Bitumen(Tar),Dry,Not Applicable,Clear,T C PALAY,A,4KM,0.0,0.0
Bengaluru City,K.R.Puram Traffic PS,1.04432e+16,2016,1,1,Not Applicable,Other,City/Town,Open area,Human Error,No,Grievous Injury,Side swipe,Controlled,Others,Two way,Bitumen(Tar),Others,No influence on accident,Wind,RING ROAD,RING ROAD,3 KM,0.0,0.0
Bengaluru City,K.R.Puram Traffic PS,1.04432e+16,2016,1,2,Road Accidents,Narrow road,City/Town,Open area,Human Error,Not Applicable,Damage Only,Hit and Run,Controlled,Incline,City or Town Road,Bitumen(Tar),Dry,Not Applicable,Fine,WHITE FEILD ROAD,A,5KM,0.0,0.0
Bengaluru City,K.R.Puram Traffic PS,1.04432e+16,2016,1,1,Road Accidents,Cross roads,Not Applicable,Open area,Human Error,Yes,Fatal,Hit and Run,Controlled,Not Applicable,City or Town Road,Bitumen(Tar),Dry,Not Applicable,Clear,KASTHURINAGARA,A,5km,0.0,0.0
Bengaluru City,K.R.Puram Traffic PS,1.04432e+16,2016,1,1,Road Accidents,Narrow road,City/Town,Near School or College,Human Error,Not Applicable,Grievous Injury,Hit and Run,Controlled,Not Applicable,Two way,Bitumen(Tar),Dry,Not Applicable,Clear,BASAVANPURA MAIN ROAD,A,2KM,0.0,0.0
Bengaluru City,K.R.Puram Traffic PS,1.04432e+16,2016,1,3,Road Accidents,Culvert,City/Town,Narrow bridge or culverts,Human Error,No,Damage Only,Head on,No signal lights,Others,NH,Bitumen(Tar),Dry,No influence on accident,Clear,rmn,1,5,0.0,0.0
Bengaluru City,K.R.Puram Traffic PS,1.04432e+16,2016,1,2,Rail Road Accidents,Other,City/Town,Near Bus stop,Human Error,No,Damage Only,Others,No signal lights,Others,NH,Bitumen(Tar),Dry,No influence on accident,Clear,s,1,100mtr,0.0,0.0
Bengaluru City,K.R.Puram Traffic PS,1.04432e+16,2016,1,1,Rail Road Accidents,Other,City/Town,Near Bus stop,Human Error,No,Damage Only,Others,No signal lights,Others,NH,Bitumen(Tar),Dry,No influence on accident,Clear,s,1,3,0.0,0.0
Bengaluru City,K.R.Puram Traffic PS,1.04432e+16,2016,1,1,Road Accidents,Other,City/Town,Near Bus stop,Human Error,No,Simple Injury,Hit pedestrian,No signal lights,Others,Two way,Bitumen(Tar),Dry,No influence on accident,Clear,s,1,3,0.0,0.0
Bengaluru City,K.R.Puram Traffic PS,1.04432e+16,2016,1,1,Road Accidents,Other,City/Town,Near Hospital,Human Error,No,Grievous Injury,Hit pedestrian,No signal lights,Others,Others,Bitumen(Tar),Dry,No influence on accident,Clear,TCP MAIN ROAD,1,4,0.0,0.0
Bengaluru City,K.R.Puram Traffic PS,1.04432e+16,2016,1,1,Road Accidents,Other,City/Town,Near office complex,Human Error,No,Simple Injury,Hit pedestrian,No signal lights,Others,Others,Bitumen(Tar),Dry,No influence on accident,Others,HOODI,1,4,0.0,0.0
Bengaluru City,K.R.Puram Traffic PS,1.04432e+16,2016,1,1,Road Accidents,Other,City/Town,Near a religious place,Human Error,No,Simple Injury,Others,No signal lights,Others,Others,Bitumen(Tar),Dry,No influence on accident,Others,KALKERE MAIN ROAD,1,6,0.0,0.0
Bengaluru City,K.R.Puram Traffic PS,1.04432e+16,2016,1,1,Road Accidents,Other,City/Town,Narrow bridge or culverts,Human Error,No,Simple Injury,Hit bicyclist,No signal lights,Others,Others,Bitumen(Tar),Dry,No influence on accident,Clear,KASTURI NAGAR,1,5,0.0,0.0
Bengaluru City,K.R.Puram Traffic PS,1.04432e+16,2016,1,2,Road Accidents,Other,City/Town,Near Bus stop,Human Error,No,Damage Only,Others,No signal lights,Others,Others,Bitumen(Tar),Dry,No influence on accident,Clear,EMC2,1,4,0.0,0.0
Bengaluru City,K.R.Puram Traffic PS,1.04432e+16,2016,1,1,Road Accidents,Narrow road,City/Town,Open area,Human Error,No,Grievous Injury,Others,No signal lights,Straight and flat,City or Town Road,Bitumen(Tar),Dry,Not Applicable,Fine,"T C PALAY MAIN ROAD, INFORNT OF YSHWARYA KALYAN MANTAP",SHOP,9FEET,0.0,0.0
Bengaluru City,K.R.Puram Traffic PS,1.04432e+16,2016,1,1,Road Accidents,Narrow road,City/Town,Narrow bridge or culverts,Human Error,Not Applicable,Simple Injury,Hit and Run,Controlled,Not Applicable,NH,Bitumen(Tar),Dry,Not Applicable,Clear,O M ROAD,A,1KM,0.0,0.0
Bengaluru City,K.R.Puram Traffic PS,1.04432e+16,2016,1,1,Rail Road Accidents,Narrow road,City/Town,Open area,Human Error,Not Applicable,Simple Injury,Hit and Run,Controlled,Not Applicable,City or Town Road,Bitumen(Tar),Dry,Not Applicable,Clear,A,A,4KM,0.0,0.0
Bengaluru City,K.R.Puram Traffic PS,1.04432e+16,2016,1,1,Road Accidents,Cross roads,City/Town,At pedestrian Crossing,Human Error,Yes,Grievous Injury,Hit and Run,No signal lights,Others,City or Town Road,Not Applicable,Dry,Not Applicable,Clear,IN FRONT OF STALIN GIM UDAYANAGARA MAIN ROAD,A,19FEET,0.0,0.0
Bengaluru City,K.R.Puram Traffic PS,1.04432e+16,2016,1,1,Road Accidents,Bridge,City/Town,Near a factory industrial area,Human Error,Yes,Fatal,Hit and Run,Controlled,Not Applicable,NH,Bitumen(Tar),Dry,Not Applicable,Clear,OM ROAD MUTHU MARIYAMMA TEMPLE,A,75FEET,0.0,0.0
Bengaluru City,K.R.Puram Traffic PS,1.04432e+16,2016,1,1,Road Accidents,Narrow road,City/Town,Open area,Human Error,Yes,Fatal,Rear end,Controlled,Not Applicable,City or Town Road,Bitumen(Tar),Dry,Not Applicable,Clear,O M ROAD,A,3KM,13.19,77.432083
Bengaluru City,K.R.Puram Traffic PS,1.04432e+16,2016,1,2,Road Accidents,Cross roads,City/Town,Near Bus stop,Human Error,No,Simple Injury,Rear end,Signal lights Automatic,Others,Two way,Not Applicable,Dry,Not Applicable,Clear,O M ROAD BATTRAHLLI JUNCTION,A,20FEET,0.0,0.0
Bengaluru City,K.R.Puram Traffic PS,1.04432e+16,2016,1,1,Road Accidents,Narrow road,City/Town,Open area,Human Error,Not Applicable,Grievous Injury,Hit and Run,Controlled,Not Applicable,City or Town Road,Bitumen(Tar),Dry,Not Applicable,Clear,A NARAYANAPURA,A,3KM,0.0,0.0
Bengaluru City,K.R.Puram Traffic PS,1.04432e+16,2016,1,1,Road Accidents,Cross roads,City/Town,Residential area,Human Error,Yes,Fatal,Hit pedestrian,No signal lights,Others,Residential Street,Bitumen(Tar),Dry,No influence on accident,Clear,A.NARAYANAPURA,1,4,0.0,0.0
Bengaluru City,K.R.Puram Traffic PS,1.04432e+16,2016,1,1,Road Accidents,Culvert,City/Town,Near Bus stop,Human Error,No,Grievous Injury,Hit pedestrian,No signal lights,Others,NH,Bitumen(Tar),Dry,No influence on accident,Clear,omr,1,3,0.0,0.0
Bengaluru City,K.R.Puram Traffic PS,1.04432e+16,2016,1,2,Road Accidents,Bridge,City/Town,Near Bus stop,Human Error,Yes,Fatal,Head on,No signal lights,Others,NH,Bitumen(Tar),Dry,No influence on accident,Clear,OMR,1,2,0.0,0.0
Bengaluru City,K.R.Puram Traffic PS,1.04432e+16,2016,1,2,Road Accidents,Other,City/Town,Near Bus stop,Human Error,No,Grievous Injury,Head on,No signal lights,Others,Others,Bitumen(Tar),Dry,No influence on accident,Others,WHITE FIELD ROAD,1,5,0.0,0.0
Bengaluru City,K.R.Puram Traffic PS,1.04432e+16,2016,1,1,Road Accidents,Other,City/Town,Near Hospital,Human Error,Yes,Grievous Injury,Others,No signal lights,Others,Others,Bitumen(Tar),Dry,No influence on accident,Clear,0,1,3,0.0,0.0
Bengaluru City,K.R.Puram Traffic PS,1.04432e+16,2016,1,1,Road Accidents,Other,City/Town,Near Bus stop,Human Error,No,Damage Only,Others,No signal lights,Others,Others,Bitumen(Tar),Dry,No influence on accident,Clear,WHITE FIELD ROAD,1,4,0.0,0.0