DISTRICTNAME,UNITNAME,Crime_No,Year,RI,Noofvehicle_involved,Accident_Classification,Accident_Spot,Accident_Location,Accident_SubLocation,Main_Cause,Hit_Run,Severity,Collision_Type,Junction_Control,Road_Character,Road_Type,Surface_Type,Surface_Condition,Road_Condition,Weather,Accident_Road,Landmark_first,Distance_LandMark_First,Latitude,Longitude
Bengaluru City,K.R.Puram Traffic PS,1.04432e+16,2016,1,2,Road Accidents,Other,City/Town,At pedestrian Crossing,Human Error,No,Grievous Injury,Head on,No signal lights,Others,Two way,Bitumen(Tar),Dry,No influence on accident,Clear,ITI GATE SERVICE ROAD,1,2,0.0,0.0
Bengaluru City,K.R.Puram Traffic PS,1.04432e+16,2016,1,2,Road Accidents,Other,City/Town,In bazaar,Human Error,Yes,Grievous Injury,Head on,No signal lights,Others,Others,Bitumen(Tar),Dry,No influence on accident,Clear,WHITE FIELD ROAD,1,6,0.0,0.0
Bengaluru City,K.R.Puram Traffic PS,1.04432e+16,2016,1,1,Road Accidents,Other,City/Town,In bazaar,Human Error,Yes,Simple Injury,Others,No signal lights,Others,Others,Bitumen(Tar),Dry,No influence on accident,Clear,M.D.PURA RING ROAD,1,4,0.0,0.0
Bengaluru City,K.R.Puram Traffic PS,1.04432e+16,2016,1,1,Road Accidents,Other,City/Town,Near Hospital,Human Error,Yes,Fatal,Hit pedestrian,No signal lights,Others,Others,Bitumen(Tar),Dry,No influence on accident,Fine,OLD MADRAS ROAD,1,4,0.0,0.0
Bengaluru City,K.R.Puram Traffic PS,1.04432e+16,2016,1,1,Road Accidents,Other,City/Town,Near Hospital,Human Error,No,Grievous Injury,Others,No signal lights,Others,Others,Bitumen(Tar),Dry,No influence on accident,Fine,M.D.PURA RING ROAD,1,5,0.0,0.0
Bengaluru City,K.R.Puram Traffic PS,1.04432e+16,2016,1,2,Road Accidents,Other,City/Town,Near Bus stop,Human Error,No,Damage Only,Others,No signal lights,Others,Others,Bitumen(Tar),Dry,No influence on accident,Fine,1,1,4,0.0,0.0
Bengaluru City,K.R.Puram Traffic PS,1.04432e+16,2016,1,2,Road Accidents,Other,City/Town,In bazaar,Human Error,Yes,Grievous Injury,Not Applicable,No signal lights,Others,Others,Bitumen(Tar),Dry,No influence on accident,Clear,HOODI BRIDGE,1,4,0.0,0.0
Bengaluru City,K.R.Puram Traffic PS,1.04432e+16,2016,1,1,Road Accidents,Cross roads,Not Applicable,Near office complex,Human Error,Yes,Grievous Injury,Hit and Run,No signal lights,Curve,City or Town Road,Not Applicable,Dry,Not Applicable,Clear,WHITE FEILD ROAD,A,18FEET,0.0,0.0
Bengaluru City,K.R.Puram Traffic PS,1.04432e+16,2016,1,2,Road Accidents,Narrow road,City/Town,Open area,Human Error,Not Applicable,Simple Injury,Hit and Run,Controlled,Not Applicable,Village Road,Bitumen(Tar),Dry,Not Applicable,Fine,O M ROAD NEAR T C PALAY JUCTION,A,1KM,0.0,0.0
Bengaluru City,K.R.Puram Traffic PS,1.04432e+16,2016,1,2,Road Accidents,Narrow road,City/Town,Open area,Human Error,Not Applicable,Damage Only,Hit and Run,Controlled,Not Applicable,City or Town Road,Bitumen(Tar),Dry,Not Applicable,Clear,WHITE FEILD ROAD,A,3KM,0.0,0.0
Bengaluru City,K.R.Puram Traffic PS,1.04432e+16,2016,1,2,Road Accidents,Narrow road,City/Town,Near a factory industrial area,Human Error,Not Applicable,Damage Only,Hit and Run,Controlled,Not Applicable,City or Town Road,Bitumen(Tar),Dry,Not Applicable,Fine,WHITE FILED MAIN ROAD,A,4KM,0.0,0.0
Bengaluru City,K.R.Puram Traffic PS,1.04432e+16,2016,1,1,Road Accidents,Narrow road,City/Town,Open area,Human Error,Not Applicable,Simple Injury,Hit and Run,Controlled,Not Applicable,Two way,Bitumen(Tar),Dry,Not Applicable,Fine,WHITE FIELD MAIN ROAD,A,4KM,0.0,0.0
Bengaluru City,K.R.Puram Traffic PS,1.04432e+16,2016,1,2,Road Accidents,Cross roads,City/Town,Near office complex,Human Error,No,Damage Only,Rear end,No signal lights,Others,City or Town Road,Bitumen(Tar),Dry,Not Applicable,Clear,M D PURA PURA RINGE ROAD NEAR E M C Sqqare,A,22FEET,0.0,0.0
Bengaluru City,K.R.Puram Traffic PS,1.04432e+16,2016,1,2,Road Accidents,Narrow road,Not Applicable,Residential area,Human Error,Not Applicable,Damage Only,Hit and Run,Controlled,Not Applicable,City or Town Road,Bitumen(Tar),Dry,Not Applicable,Clear,O.M ROAD,A,2KM,0.0,0.0
Bengaluru City,K.R.Puram Traffic PS,1.04432e+16,2016,1,1,Road Accidents,Narrow road,City/Town,Open area,Human Error,Not Applicable,Grievous Injury,Hit and Run,Controlled,Not Applicable,City or Town Road,Bitumen(Tar),Dry,Not Applicable,Clear,SHYGENAHALLI,A,4KM,0.0,0.0
Bengaluru City,K.R.Puram Traffic PS,1.04432e+16,2016,1,1,Road Accidents,Narrow road,City/Town,Narrow bridge or culverts,Human Error,Not Applicable,Damage Only,Hit and Run,Controlled,Not Applicable,City or Town Road,Bitumen(Tar),Dry,Not Applicable,Clear,M D PURA RING ROAD,A,4KM,0.0,0.0
Bengaluru City,K.R.Puram Traffic PS,1.04432e+16,2016,1,1,Road Accidents,Narrow road,City/Town,Open area,Human Error,Not Applicable,Grievous Injury,Hit and Run,Controlled,Not Applicable,City or Town Road,Bitumen(Tar),Dry,Not Applicable,Clear,WHITE FEILD ROAD,A,5KM,0.0,0.0
Bengaluru City,K.R.Puram Traffic PS,1.04432e+16,2016,1,1,Road Accidents,Cross roads,City/Town,Narrow bridge or culverts,Human Error,No,Grievous Injury,Hit pedestrian,No signal lights,Others,City or Town Road,Not Applicable,Dry,Not Applicable,Clear,R M NAGARA RING ROAD KASTHURI NAGARA BRIDGE,A,42FEET,0.0,0.0
Bengaluru City,K.R.Puram Traffic PS,1.04432e+16,2016,1,1,Road Accidents,Other,City/Town,Near office complex,Human Error,No,Fatal,Others,No signal lights,Others,NH,Bitumen(Tar),Dry,No influence on accident,Fine,RMN,1,6,77.66189751,13.01620483
Bengaluru City,K.R.Puram Traffic PS,1.04432e+16,2016,1,2,Road Accidents,Other,City/Town,Near office complex,Human Error,No,Simple Injury,Others,No signal lights,Others,One way,Bitumen(Tar),Dry,No influence on accident,Clear,RMN,1,1,0.0,0.0
Bengaluru City,K.R.Puram Traffic PS,1.04432e+16,2016,1,1,Road Accidents,Other,City/Town,Near a religious place,Human Error,No,Grievous Injury,Others,No signal lights,Others,Others,Bitumen(Tar),Dry,No influence on accident,Clear,1,1,1,0.0,0.0
Bengaluru City,K.R.Puram Traffic PS,1.04432e+16,2016,1,1,Road Accidents,Other,City/Town,Open area,Human Error,Yes,Damage Only,Hit and Run,No signal lights,Straight and flat,City or Town Road,Bitumen(Tar),Dry,Not Applicable,Fine,"WHITE FIELD ROAD, INFORNT OF PHONIX MALL",MALL,15FEET,0.0,0.0
Bengaluru City,K.R.Puram Traffic PS,1.04432e+16,2016,1,1,Road Accidents,Cross roads,City/Town,Near Bus stop,Human Error,Not Applicable,Simple Injury,Hit and Run,Controlled,Not Applicable,City or Town Road,Bitumen(Tar),Dry,Not Applicable,Clear,R M NAGAR RING ROAD,A,5KM,0.0,0.0
Bengaluru City,K.R.Puram Traffic PS,1.04432e+16,2016,1,3,Road Accidents,Narrow road,City/Town,Narrow bridge or culverts,Human Error,Not Applicable,Simple Injury,Hit and Run,Controlled,Hump,City or Town Road,Bitumen(Tar),Dry,Not Applicable,Fine,R M NAGAR MAIN ROAD,A,5KM,0.0,0.0
Bengaluru City,K.R.Puram Traffic PS,1.04432e+16,2016,1,1,Road Accidents,Narrow road,City/Town,Open area,Human Error,Not Applicable,Simple Injury,Hit and Run,Controlled,Incline,City or Town Road,Bitumen(Tar),Dry,Not Applicable,Fine,O MROAD,A,3KM,0.0,0.0
Bengaluru City,K.R.Puram Traffic PS,1.04432e+16,2016,1,1,Road Accidents,Cross roads,City/Town,Open area,Human Error,Yes,Simple Injury,Hit pedestrian,No signal lights,Others,NH,Bitumen(Tar),Dry,No influence on accident,Others,OLD MADRAS ROAD,1,3,0.0,0.0
Bengaluru City,K.R.Puram Traffic PS,1.04432e+16,2016,1,1,Road Accidents,Other,City/Town,Near Bus stop,Human Error,Yes,Simple Injury,Hit pedestrian,No signal lights,Others,Others,Bitumen(Tar),Dry,No influence on accident,Snow,B.CHANNASANDRA BUS STOP,1,5,0.0,0.0
Bengaluru City,K.R.Puram Traffic PS,1.04432e+16,2016,1,1,Road Accidents,Other,City/Town,Near Petrol Pump,Human Error,No,Grievous Injury,Head on,No signal lights,Others,Others,Bitumen(Tar),Dry,No influence on accident,Clear,WFR,1,5,77.71312018,12.9897435
Bengaluru City,K.R.Puram Traffic PS,1.04432e+16,2016,1,1,Road Accidents,Other,City/Town,Near Petrol Pump,Human Error,Yes,Damage Only,Others,No signal lights,Others,Others,Bitumen(Tar),Dry,No influence on accident,Others,1,1,3,0.0,0.0
Bengaluru City,K.R.Puram Traffic PS,1.04432e+16,2016,1,2,Road Accidents,Other,City/Town,Near School or College,Human Error,Yes,Fatal,Others,No signal lights,Others,Others,Bitumen(Tar),Dry,No influence on accident,Clear,T.C.PALYA MAIN ROAD,1,4,0.0,0.0
Bengaluru City,K.R.Puram Traffic PS,1.04432e+16,2016,1,2,Road Accidents,Other,City/Town,Near Hospital,Human Error,Yes,Simple Injury,Others,No signal lights,Others,Others,Bitumen(Tar),Dry,No influence on accident,Clear,OMR,1,1,0.0,0.0
Bengaluru City,K.R.Puram Traffic PS,1.04432e+16,2016,1,1,Road Accidents,Other,City/Town,Near Hospital,Human Error,Yes,Grievous Injury,Hit pedestrian,No signal lights,Others,NH,Bitumen(Tar),Dry,No influence on accident,Clear,1,1,0,0.0,0.0
Bengaluru City,K.R.Puram Traffic PS,1.04432e+16,2016,1,2,Road Accidents,Other,City/Town,In bazaar,Human Error,No,Simple Injury,Hit pedestrian,No signal lights,Others,Others,Bitumen(Tar),Dry,No influence on accident,Clear,R.M.NAGAR RING ROAD,1,5,0.0,0.0
Bengaluru City,K.R.Puram Traffic PS,1.04432e+16,2016,1,1,Road Accidents,Other,City/Town,In bazaar,Human Error,No,Fatal,Others,No signal lights,Others,Others,Bitumen(Tar),Dry,No influence on accident,Others,M.D.PURA RING ROAD,1,4,0.0,0.0
Bengaluru City,K.R.Puram Traffic PS,1.04432e+16,2016,1,1,Road Accidents,Other,City/Town,Near Bus stop,Human Error,Yes,Grievous Injury,Others,No signal lights,Others,Others,Bitumen(Tar),Dry,No influence on accident,Clear,KODIGEHALLI MAIN ROAD,1,4,0.0,0.0
Bengaluru City,K.R.Puram Traffic PS,1.04432e+16,2016,1,1,Road Accidents,Other,City/Town,Open area,Human Error,No,Fatal,Hit pedestrian,No signal lights,Others,Others,Bitumen(Tar),Dry,No influence on accident,Clear,R.M.NAGAR MAIN ROAD,1,3,0.0,0.0
Bengaluru City,K.R.Puram Traffic PS,1.04432e+16,2016,1,2,Road Accidents,Narrow road,City/Town,Open area,Human Error,Not Applicable,Simple Injury,Hit and Run,Controlled,Not Applicable,City or Town Road,Bitumen(Tar),Dry,Not Applicable,Clear,WHITE FEILD ROAD,A,5KM,0.0,0.0
Bengaluru City,K.R.Puram Traffic PS,1.04432e+16,2016,1,1,Not Applicable,Other,City/Town,Open area,Not Applicable,No,Not Applicable,Not Applicable,Not at  Junction,Straight and flat,City or Town Road,Bitumen(Tar),Dry,Not Applicable,Fine,MAHADEVAPUR,SHOW ROOM,10FEET,0.0,0.0
Bengaluru City,K.R.Puram Traffic PS,1.04432e+16,2016,1,1,Road Accidents,Cross roads,City/Town,Near Bus stop,Human Error,Not Applicable,Fatal,Hit and Run,Controlled,Not Applicable,City or Town Road,Bitumen(Tar),Dry,Not Applicable,Fine,R M NAGAR RING ROAD,A,4KM,0.0,0.0
Bengaluru City,K.R.Puram Traffic PS,1.04432e+16,2016,1,1,Road Accidents,Narrow road,Not Applicable,Open area,Human Error,Not Applicable,Simple Injury,Hit and Run,Controlled,Not Applicable,NH,Bitumen(Tar),Dry,Not Applicable,Fine,O M ROAD,A,3KM,0.0,0.0
Bengaluru City,K.R.Puram Traffic PS,1.04432e+16,2016,1,1,Road Accidents,Bridge,City/Town,Near Petrol Pump,Human Error,Yes,Fatal,Hit and Run,Controlled,Not Applicable,Two way,Bitumen(Tar),Dry,Not Applicable,Clear,OM ROAD TIN FACTORY,A,3KM,0.0,0.0
Bengaluru City,K.R.Puram Traffic PS,1.04432e+16,2016,1,1,Road Accidents,Narrow road,City/Town,Near a factory industrial area,Human Error,Not Applicable,Grievous Injury,Hit and Run,Controlled,Not Applicable,City or Town Road,Bitumen(Tar),Dry,Not Applicable,Clear,O M ROAD NEAR TIN FACTORY,A,4KM,0.0,0.0
Bengaluru City,K.R.Puram Traffic PS,1.04432e+16,2016,1,2,Road Accidents,Narrow road,Not Applicable,Open area,Human Error,Not Applicable,Damage Only,Hit and Run,Controlled,Not Applicable,Two way,Bitumen(Tar),Dry,Not Applicable,Clear,WHITE FEILD ROAD,A,4KM,0.0,0.0
Bengaluru City,K.R.Puram Traffic PS,1.04432e+16,2016,1,1,Road Accidents,Cross roads,City/Town,Near Bus stop,Human Error,No,Grievous Injury,Rear end,No signal lights,Curve,City or Town Road,Not Applicable,Dry,Not Applicable,Clear,M D PURA RING RAD OPP BLKE ZONE,A,22FEET,0.0,0.0
Bengaluru City,K.R.Puram Traffic PS,1.04432e+16,2016,1,2,Road Accidents,Cross roads,City/Town,Narrow bridge or culverts,Human Error,Yes,Damage Only,Hit and Run,No signal lights,Others,Two way,Not Applicable,Dry,Not Applicable,Clear,R M NAGARA RING ROAD KASTHURI NAGARA BRIDG,A,16FEET,0.0,0.0
Bengaluru City,K.R.Puram Traffic PS,1.04432e+16,2016,1,2,Road Accidents,Cross roads,City/Town,Near office complex,Human Error,Yes,Simple Injury,Hit and Run,No signal lights,Others,City or Town Road,Not Applicable,Dry,Not Applicable,Clear,O M ROAD NEAR I T I CORPATE OFFICE,A,30FEET,0.0,0.0
Bengaluru City,K.R.Puram Traffic PS,1.04432e+16,2016,1,2,Road Accidents,Narrow road,City/Town,Open area,Human Error,Not Applicable,Grievous Injury,Hit and Run,Controlled,Not Applicable,City or Town Road,Bitumen(Tar),Dry,Not Applicable,Clear,WHITE FEILD ROAD,A,5KM,0.0,0.0
Bengaluru City,K.R.Puram Traffic PS,1.04432e+16,2016,1,2,Road Accidents,Narrow road,City/Town,Open area,Human Error,Not Applicable,Damage Only,Hit and Run,Controlled,Not Applicable,Two way,Bitumen(Tar),Dry,Not Applicable,Not Applicable,R M NAGAR,A,3KM,0.0,0.0
Bengaluru City,K.R.Puram Traffic PS,1.04432e+16,2016,1,1,Road Accidents,Bridge,City/Town,Narrow bridge or culverts,Human Error,Not Applicable,Grievous Injury,Hit and Run,Controlled,Not Applicable,Two way,Bitumen(Tar),Dry,Not Applicable,Clear,MAHADEVPURA RING ROAD,A,2KM,0.0,0.0
Bengaluru City,K.R.Puram Traffic PS,1.04432e+16,2016,1,1,Road Accidents,Bridge,City/Town,Near Hospital,Human Error,No,Simple Injury,Others,No signal lights,Others,Others,Bitumen(Tar),Dry,No influence on accident,Others,wf road,1,6,0.0,0.0
Bengaluru City,K.R.Puram Traffic PS,1.04432e+16,2016,1,1,Road Accidents,Other,City/Town,Near Hospital,Human Error,No,Grievous Injury,Hit pedestrian,No signal lights,Others,Others,Bitumen(Tar),Dry,No influence on accident,Others,MDP,1,5,0.0,0.0
Bengaluru City,K.R.Puram Traffic PS,1.04432e+16,2016,1,1,Road Accidents,Other,City/Town,Near Bus stop,Human Error,No,Damage Only,Others,No signal lights,Others,Others,Bitumen(Tar),Dry,No influence on accident,Fine,WFR,1,4,0.0,0.0
Bengaluru City,K.R.Puram Traffic PS,1.04432e+16,2016,1,1,Road Accidents,Other,City/Town,Near office complex,Human Error,Yes,Grievous Injury,Hit pedestrian,No signal lights,Others,Others,Bitumen(Tar),Dry,No influence on accident,Clear,a,1,3,0.0,0.0
Bengaluru City,K.R.Puram Traffic PS,1.04432e+16,2016,1,2,Road Accidents,Other,City/Town,Near Hospital,Human Error,No,Damage Only,Others,No signal lights,Others,Others,Bitumen(Tar),Dry,No influence on accident,Clear,WHITE FIELD ROAD,1,4,0.0,0.0
Bengaluru City,K.R.Puram Traffic PS,1.04432e+16,2016,1,1,Road Accidents,Narrow road,Not Applicable,Open area,Human Error,Not Applicable,Fatal,Hit and Run,Controlled,Not Applicable,Two way,Bitumen(Tar),Dry,No influence on accident,Clear,o m road,A,2KM,0.0,0.0
Bengaluru City,K.R.Puram Traffic PS,1.04432e+16,2016,1,2,Road Accidents,Cross roads,City/Town,Near Hospital,Human Error,No,Damage Only,Rear end,No signal lights,Others,City or Town Road,Not Applicable,Dry,Not Applicable,Clear,O M ROAD K R PURA GOVT HOSPITAL,A,30FEET,0.0,0.0
Bengaluru City,K.R.Puram Traffic PS,1.04432e+16,2016,1,2,Road Accidents,Culvert,City/Town,Near Bus stop,Human Error,Not Applicable,Damage Only,Hit and Run,Controlled,Not Applicable,Two way,Bitumen(Tar),Dry,Not Applicable,Clear,WHITE FEILD ROAD,A,4KM,0.0,0.0
Bengaluru City,K.R.Puram Traffic PS,1.04432e+16,2016,1,1,Road Accidents,Narrow road,City/Town,Open area,Human Error,Not Applicable,Grievous Injury,Hit and Run,Controlled,Incline,City or Town Road,Bitumen(Tar),Dry,Not Applicable,Clear,O M ROAD,A,3KM,0.0,0.0
Bengaluru City,K.R.Puram Traffic PS,1.04432e+16,2016,1,1,Road Accidents,Narrow road,City/Town,Open area,Human Error,Not Applicable,Grievous Injury,Hit and Run,Controlled,Not Applicable,NH,Bitumen(Tar),Dry,Not Applicable,Clear,O M ROAD,A,2.5KM,0.0,0.0
Bengaluru City,K.R.Puram Traffic PS,1.04432e+16,2016,1,1,Road Accidents,Narrow road,City/Town,Open area,Human Error,No,Fatal,Hit pedestrian,Uncontrolled,Others,Expressway,Surfaced,Wet,Not Applicable,Fine,"Old Madras road,",a,18,0.0,0.0
Bengaluru City,K.R.Puram Traffic PS,1.04432e+16,2016,1,2,Road Accidents,Cross roads,City/Town,Near office complex,Human Error,No,Grievous Injury,Rear end,No signal lights,Curve,City or Town Road,Gravel,Dry,Not Applicable,Clear,basavanapura main road govt school,A,28FEET,0.0,0.0
Bengaluru City,K.R.Puram Traffic PS,1.04432e+16,2016,1,3,Road Accidents,Narrow road,City/Town,Open area,Human Error,Not Applicable,Damage Only,Hit and Run,Controlled,Not Applicable,Two way,Bitumen(Tar),Dry,Not Applicable,Fine,"O.M Road,  T .C Palya Juction",A,24FEET,0.0,0.0
Bengaluru City,K.R.Puram Traffic PS,1.04432e+16,2016,1,2,Road Accidents,Other,City/Town,Near office complex,Human Error,No,Damage Only,Others,No signal lights,Others,NH,Bitumen(Tar),Dry,No influence on accident,Clear,ORR,10,5,0.0,0.0
Bengaluru City,K.R.Puram Traffic PS,1.04432e+16,2016,1,2,Road Accidents,Other,City/Town,Near office complex,Human Error,No,Grievous Injury,Others,No signal lights,Others,NH,Bitumen(Tar),Dry,No influence on accident,Clear,OMR ROAD,1,4,0.0,0.0
Bengaluru City,K.R.Puram Traffic PS,1.04432e+16,2016,1,2,Road Accidents,Other,City/Town,Near Bus stop,Human Error,No,Grievous Injury,Others,No signal lights,Others,Others,Bitumen(Tar),Dry,No influence on accident,Fine,MDP,1,4,0.0,0.0
Bengaluru City,K.R.Puram Traffic PS,1.04432e+16,2016,1,1,Road Accidents,Other,City/Town,Near Bus stop,Human Error,Yes,Grievous Injury,Hit pedestrian,No signal lights,Others,Others,Bitumen(Tar),Dry,No influence on accident,Clear,A,1,4,0.0,0.0
Bengaluru City,K.R.Puram Traffic PS,1.04432e+16,2016,1,2,Road Accidents,Other,City/Town,Near Hospital,Human Error,No,Damage Only,Others,No signal lights,Others,Others,Bitumen(Tar),Dry,No influence on accident,Clear,OLD MADRAS ROAD,1,2,0.0,0.0
Bengaluru City,K.R.Puram Traffic PS,1.04432e+16,2016,1,3,Road Accidents,Other,City/Town,Near Hospital,Human Error,No,Simple Injury,Head on,No signal lights,Others,Others,Bitumen(Tar),Dry,No influence on accident,Clear,WHITE FIELD MAIN ROAD,1,4,0.0,0.0
Bengaluru City,K.R.Puram Traffic PS,1.04432e+16,2016,1,1,Road Accidents,Other,City/Town,In bazaar,Human Error,No,Fatal,Others,No signal lights,Others,Others,Bitumen(Tar),Dry,No influence on accident,Clear,WHITE FIELD ROAD,1,3,0.0,0.0
Bengaluru City,K.R.Puram Traffic PS,1.04432e+16,2016,1,1,Road Accidents,Narrow road,City/Town,Near Hospital,Human Error,No,Simple Injury,Hit pedestrian,No signal lights,Others,Others,Bitumen(Tar),Dry,No influence on accident,Clear,R M Nagar main road.,1,4 km,0.0,0.0
Bengaluru City,K.R.Puram Traffic PS,1.04432e+16,2016,1,2,Road Accidents,Narrow road,City/Town,Open area,Human Error,Not Applicable,Simple Injury,Hit and Run,Controlled,Not Applicable,City or Town Road,Bitumen(Tar),Dry,Not Applicable,Clear,WHITE FEILD ROAD,A,5KM,0.0,0.0
Bengaluru City,K.R.Puram Traffic PS,1.04432e+16,2016,1,2,Road Accidents,Narrow road,City/Town,Open area,Human Error,Not Applicable,Simple Injury,Hit and Run,Controlled,Not Applicable,Two way,Bitumen(Tar),Dry,Not Applicable,Clear,KODIGEHALLI,A,5KM,0.0,0.0
Bengaluru City,K.R.Puram Traffic PS,1.04432e+16,2016,1,1,Road Accidents,Narrow road,City/Town,Open area,Human Error,Not Applicable,Grievous Injury,Hit and Run,Controlled,Not Applicable,NH,Bitumen(Tar),Dry,Not Applicable,Clear,M D PURA RING ROAD,A,6KM,0.0,0.0
Bengaluru City,K.R.Puram Traffic PS,1.04432e+16,2016,1,2,Road Accidents,Narrow road,City/Town,Open area,Human Error,Not Applicable,Simple Injury,Hit and Run,Controlled,Incline,City or Town Road,Bitumen(Tar),Dry,Not Applicable,Clear,O M ROAD,A,3KM,0.0,0.0
Bengaluru City,K.R.Puram Traffic PS,1.04432e+16,2016,1,1,Road Accidents,Narrow road,Not Applicable,Near a factory industrial area,Human Error,Not Applicable,Simple Injury,Hit and Run,Controlled,Not Applicable,Village Road,Bitumen(Tar),Dry,Not Applicable,Clear,GRAPHITE INDIA ROAD,A,6KM,0.0,0.0
Bengaluru City,K.R.Puram Traffic PS,1.04432e+16,2016,1,2,Road Accidents,Narrow road,City/Town,Near a factory industrial area,Human Error,Not Applicable,Damage Only,Hit and Run,Controlled,Incline,Two way,Bitumen(Tar),Dry,Not Applicable,Clear,WHITE FIELD ROAD,A,4KM,0.0,0.0
Bengaluru City,K.R.Puram Traffic PS,1.04432e+16,2016,1,2,Road Accidents,Narrow road,City/Town,Narrow bridge or culverts,Human Error,Not Applicable,Simple Injury,Hit and Run,Controlled,Not Applicable,City or Town Road,Bitumen(Tar),Dry,Not Applicable,Clear,O M ROAD,A,3KM,0.0,0.0
Bengaluru City,K.R.Puram Traffic PS,1.04432e+16,2016,1,1,Road Accidents,Narrow road,City/Town,Open area,Human Error,Not Applicable,Grievous Injury,Hit and Run,Controlled,Not Applicable,City or Town Road,Bitumen(Tar),Dry,Not Applicable,Clear,BASAVANPURA MAIN ROAD,A,3KM,0.0,0.0
Bengaluru City,K.R.Puram Traffic PS,1.04432e+16,2016,1,2,Road Accidents,Narrow road,City/Town,Affected by encroachments,Human Error,No,Simple Injury,Rear end,Not at  Junction,Not Applicable,City or Town Road,Surfaced,Dry,Not Applicable,Fine,"M D Pura ring road, Near EMC Squire",a,46,0.0,0.0
Bengaluru City,K.R.Puram Traffic PS,1.04432e+16,2016,1,1,Road Accidents,Narrow road,City/Town,Open area,Human Error,Not Applicable,Fatal,Hit and Run,Controlled,Not Applicable,Two way,Bitumen(Tar),Dry,Not Applicable,Clear,OLD MADRAS  ROAD,A,3KM,12.595479,77.402219
Bengaluru City,K.R.Puram Traffic PS,1.04432e+16,2016,1,1,Road Accidents,Cross roads,City/Town,Near office complex,Human Error,Yes,Grievous Injury,Hit and Run,No signal lights,Curve,City or Town Road,Not Applicable,Dry,Not Applicable,Clear,O M ROAD K R PURA,A,28FEET,0.0,0.0
Bengaluru City,K.R.Puram Traffic PS,1.04432e+16,2016,1,2,Road Accidents,Cross roads,City/Town,Near office complex,Human Error,Yes,Damage Only,Hit and Run,No signal lights,Not Applicable,Two way,Not Applicable,Dry,Not Applicable,Clear,M D PURA RING ROAD E M C sqqure,A,46FEET,0.0,0.0
Bengaluru City,K.R.Puram Traffic PS,1.04432e+16,2016,1,1,Road Accidents,Other,City/Town,Near Hospital,Human Error,Yes,Fatal,Hit and Run,Not Applicable,Not Applicable,City or Town Road,Surfaced,Dry,Not Applicable,Clear,"Old Madras road, near Bhattarahalli",a,16,0.0,0.0
Bengaluru City,K.R.Puram Traffic PS,1.04432e+16,2016,1,2,Road Accidents,Other,City/Town,Near Bus stop,Human Error,No,Damage Only,Others,No signal lights,Others,Others,Bitumen(Tar),Dry,No influence on accident,Others,HOODI,1,5,0.0,0.0
Bengaluru City,K.R.Puram Traffic PS,1.04432e+16,2016,1,1,Road Accidents,Other,City/Town,Narrow bridge or culverts,Human Error,No,Grievous Injury,Others,No signal lights,Others,Others,Bitumen(Tar),Dry,No influence on accident,Clear,rmn,1,6,0.0,0.0
Bengaluru City,K.R.Puram Traffic PS,1.04432e+16,2016,1,1,Road Accidents,Other,City/Town,Near office complex,Human Error,No,Grievous Injury,Others,No signal lights,Others,Others,Bitumen(Tar),Dry,No influence on accident,Clear,1,1,3,0.0,0.0
Bengaluru City,K.R.Puram Traffic PS,1.04432e+16,2016,1,2,Road Accidents,Other,City/Town,Near Bus stop,Human Error,No,Grievous Injury,Others,No signal lights,Others,Others,Bitumen(Tar),Dry,No influence on accident,Others,RMN,1,1,0.0,0.0
Bengaluru City,K.R.Puram Traffic PS,1.04432e+16,2016,1,2,Road Accidents,Other,City/Town,Near Hospital,Human Error,No,Damage Only,Others,No signal lights,Others,Others,Bitumen(Tar),Dry,No influence on accident,Clear,M.D.PURA RING ROAD,1,5,0.0,0.0
Bengaluru City,K.R.Puram Traffic PS,1.04432e+16,2016,1,1,Road Accidents,Other,City/Town,Near Bus stop,Human Error,No,Fatal,Others,No signal lights,Others,Others,Bitumen(Tar),Dry,No influence on accident,Clear,MAHADEVAPURA RING ROAD,1,3,0.0,0.0
Bengaluru City,K.R.Puram Traffic PS,1.04432e+16,2016,1,2,Road Accidents,Other,City/Town,Near Bus stop,Human Error,Yes,Grievous Injury,Others,No signal lights,Others,NH,Bitumen(Tar),Dry,No influence on accident,Snow,omr,1,3,0.0,0.0
Bengaluru City,K.R.Puram Traffic PS,1.04432e+16,2016,1,2,Road Accidents,Other,City/Town,Near Bus stop,Human Error,No,Damage Only,Others,No signal lights,Others,NH,Bitumen(Tar),Dry,No influence on accident,Clear,OLD MADRAS ROAD,3,2,0.0,0.0
Bengaluru City,K.R.Puram Traffic PS,1.04432e+16,2016,1,2,Road Accidents,Other,City/Town,Near Bus stop,Human Error,Yes,Grievous Injury,Others,No signal lights,Others,Others,Bitumen(Tar),Dry,No influence on accident,Clear,1,2,2,0.0,0.0
Bengaluru City,K.R.Puram Traffic PS,1.04432e+16,2016,1,1,Road Accidents,Narrow road,City/Town,Open area,Human Error,No,Damage Only,Rear end,Controlled,Not Applicable,City or Town Road,Bitumen(Tar),Dry,Not Applicable,Clear,MAHADEVAPURA,A,4KM,0.0,0.0
Bengaluru City,K.R.Puram Traffic PS,1.04432e+16,2016,1,1,Road Accidents,Narrow road,City/Town,Open area,Human Error,Not Applicable,Simple Injury,Hit and Run,Controlled,Incline,City or Town Road,Bitumen(Tar),Dry,Not Applicable,Fine,MAHADEVPURA RING ROAD NEAR RAINBOW HOSPITAL,A,5KM,0.0,0.0