DISTRICTNAME,UNITNAME,Crime_No,Year,RI,Noofvehicle_involved,Accident_Classification,Accident_Spot,Accident_Location,Accident_SubLocation,Main_Cause,Hit_Run,Severity,Collision_Type,Junction_Control,Road_Character,Road_Type,Surface_Type,Surface_Condition,Road_Condition,Weather,Accident_Road,Landmark_first,Distance_LandMark_First,Latitude,Longitude
Bengaluru City,K.R.Puram Traffic PS,1.04432e+16,2016,1,2,Road Accidents,Narrow road,City/Town,Open area,Human Error,Not Applicable,Damage Only,Hit and Run,Controlled,Not Applicable,Not Applicable,Bitumen(Tar),Dry,Not Applicable,Fine,R M NAGAR RING ROAD,A,5KM,0.0,0.0
Bengaluru City,K.R.Puram Traffic PS,1.04432e+16,2016,1,2,Road Accidents,Narrow road,City/Town,Open area,Human Error,Not Applicable,Grievous Injury,Hit and Run,Controlled,Not Applicable,City or Town Road,Bitumen(Tar),Dry,Not Applicable,Clear,O M ROAD NEAR T C PALAY JUCTION,A,1KM,0.0,0.0
Bengaluru City,K.R.Puram Traffic PS,1.04432e+16,2016,1,2,Road Accidents,Narrow road,City/Town,Open area,Human Error,Not Applicable,Damage Only,Hit and Run,Controlled,Incline,Two way,Bitumen(Tar),Dry,Not Applicable,Fine,O M ROAD,A,1KM,0.0,0.0
Bengaluru City,K.R.Puram Traffic PS,1.04432e+16,2016,1,1,Road Accidents,Circle,City/Town,Open area,Human Error,Not Applicable,Damage Only,Hit puchcart,Controlled,Not Applicable,Not Applicable,Bitumen(Tar),Dry,Not Applicable,Clear,R M NAGAR MAIN ROAD,A,3KM,0.0,0.0
Bengaluru City,K.R.Puram Traffic PS,1.04432e+16,2016,1,1,Road Accidents,Narrow road,City/Town,Near a religious place,Human Error,Yes,Fatal,Hit and Run,Not Applicable,Not Applicable,NH,Surfaced,Dry,Not Applicable,Fine,"O M road, Near durag maheswari temple",1,20,0.0,0.0
Bengaluru City,K.R.Puram Traffic PS,1.04432e+16,2016,1,1,Road Accidents,Narrow road,Not Applicable,Open area,Human Error,Not Applicable,Damage Only,Hit and Run,Controlled,Not Applicable,City or Town Road,Bitumen(Tar),Dry,Not Applicable,Clear,MAHADEVPURA RING ROAD,A,5KM,0.0,0.0
Bengaluru City,K.R.Puram Traffic PS,1.04432e+16,2016,1,1,Road Accidents,Other,City/Town,Near Hospital,Human Error,Yes,Simple Injury,Others,No signal lights,Others,Others,Bitumen(Tar),Dry,No influence on accident,Clear,WHITEFIELD ROAD,1,6,0.0,0.0
Bengaluru City,K.R.Puram Traffic PS,1.04432e+16,2016,1,1,Road Accidents,Other,City/Town,Near office complex,Human Error,No,Simple Injury,Hit pedestrian,No signal lights,Others,Others,Bitumen(Tar),Dry,No influence on accident,Clear,GEMS SCHOOL,1,3,77.69644797,13.00519501
Bengaluru City,K.R.Puram Traffic PS,1.04432e+16,2016,1,2,Road Accidents,Other,City/Town,Near Hospital,Human Error,No,Fatal,Head on,No signal lights,Others,One way,Bitumen(Tar),Dry,No influence on accident,Clear,1,1,4,0.0,0.0
Bengaluru City,K.R.Puram Traffic PS,1.04432e+16,2016,1,2,Road Accidents,Other,City/Town,At pedestrian Crossing,Human Error,No,Damage Only,Others,No signal lights,Others,Others,Bitumen(Tar),Dry,No influence on accident,Clear,WF ROAD,1,5,0.0,0.0
Bengaluru City,K.R.Puram Traffic PS,1.04432e+16,2016,1,1,Road Accidents,Other,City/Town,Near or inside a village,Human Error,No,Grievous Injury,Others,No signal lights,Others,Others,Bitumen(Tar),Dry,No influence on accident,Clear,1,1,1,0.0,0.0
Bengaluru City,K.R.Puram Traffic PS,1.04432e+16,2016,1,1,Road Accidents,Narrow road,City/Town,Open area,Human Error,Not Applicable,Simple Injury,Hit and Run,Controlled,Not Applicable,City or Town Road,Bitumen(Tar),Dry,Not Applicable,Clear,O M ROAD,A,3KM,0.0,0.0
Bengaluru City,K.R.Puram Traffic PS,1.04432e+16,2016,1,2,Road Accidents,Narrow road,Not Applicable,Open area,Human Error,No,Simple Injury,Hit and Run,Controlled,Not Applicable,City or Town Road,Bitumen(Tar),Dry,Not Applicable,Clear,O M ROAD,A,2KM,0.0,0.0
Bengaluru City,K.R.Puram Traffic PS,1.04432e+16,2016,1,2,Road Accidents,Narrow road,City/Town,Near office complex,Human Error,Not Applicable,Grievous Injury,Hit and Run,Controlled,Not Applicable,City or Town Road,Bitumen(Tar),Dry,Not Applicable,Clear,BASAVANPURA MAIN ROAD,A,6FEET,0.0,0.0
Bengaluru City,K.R.Puram Traffic PS,1.04432e+16,2016,1,2,Road Accidents,Narrow road,City/Town,Near a factory industrial area,Human Error,Yes,Fatal,Hit and Run,Controlled,Not Applicable,Not Applicable,Bitumen(Tar),Dry,Not Applicable,Clear,DODDANAKUDI,A,6KM,0.0,0.0
Bengaluru City,K.R.Puram Traffic PS,1.04432e+16,2016,1,1,Road Accidents,Other,City/Town,Near Petrol Pump,Human Error,Yes,Grievous Injury,Others,Uncontrolled,Others,Two way,Bitumen(Tar),Dry,No influence on accident,Wind,RING ROAD,RING ROAD,5,0.0,0.0
Bengaluru City,K.R.Puram Traffic PS,1.04432e+16,2016,1,2,Road Accidents,Cross roads,City/Town,Near Bus stop,Human Error,Yes,Simple Injury,Rear end,No signal lights,Curve,City or Town Road,Not Applicable,Dry,Not Applicable,Clear,VIGENAPURA 2ND A CROSS,A,22FEET,0.0,0.0
Bengaluru City,K.R.Puram Traffic PS,1.04432e+16,2016,1,2,Road Accidents,Narrow road,City/Town,Near a factory industrial area,Human Error,Not Applicable,Damage Only,Hit and Run,Controlled,Not Applicable,City or Town Road,Bitumen(Tar),Dry,Not Applicable,Clear,GRAPHITE INDIA ROAD,A,5KM,0.0,0.0
Bengaluru City,K.R.Puram Traffic PS,1.04432e+16,2016,1,1,Road Accidents,Other,City/Town,Near office complex,Human Error,No,Damage Only,Others,No signal lights,Others,Not Applicable,Bitumen(Tar),Dry,No influence on accident,Clear,mdp,1,5,0.0,0.0
Bengaluru City,K.R.Puram Traffic PS,1.04432e+16,2016,1,2,Road Accidents,Other,City/Town,Near office complex,Human Error,Yes,Fatal,Others,No signal lights,Others,NH,Bitumen(Tar),Dry,No influence on accident,Clear,omr,1,3,0.0,0.0
Bengaluru City,K.R.Puram Traffic PS,1.04432e+16,2016,1,1,Road Accidents,Other,City/Town,Near Hospital,Human Error,No,Damage Only,Rear end,No signal lights,Others,Others,Bitumen(Tar),Ditch or Potholed,No influence on accident,Clear,rain bow,1,6,0.0,0.0
Bengaluru City,K.R.Puram Traffic PS,1.04432e+16,2016,1,1,Road Accidents,Other,City/Town,At pedestrian Crossing,Human Error,No,Grievous Injury,Others,No signal lights,Others,Others,Bitumen(Tar),Dry,No influence on accident,Clear,1,1,3,0.0,0.0
Bengaluru City,K.R.Puram Traffic PS,1.04432e+16,2016,1,1,Road Accidents,Other,City/Town,Near Bus stop,Human Error,No,Grievous Injury,Hit pedestrian,No signal lights,Others,Others,Bitumen(Tar),Dry,No influence on accident,Clear,WFR,1,5,0.0,0.0
Bengaluru City,K.R.Puram Traffic PS,1.04432e+16,2016,1,2,Road Accidents,Other,City/Town,Near Bus stop,Human Error,No,Grievous Injury,Others,No signal lights,Others,Others,Bitumen(Tar),Dry,No influence on accident,Clear,OMR,1,5,0.0,0.0
Bengaluru City,K.R.Puram Traffic PS,1.04432e+16,2016,1,2,Road Accidents,Other,City/Town,Open area,Human Error,No,Not Applicable,Others,No signal lights,Others,Others,Bitumen(Tar),Dry,No influence on accident,Clear,S,1,2,0.0,0.0
Bengaluru City,K.R.Puram Traffic PS,1.04432e+16,2016,1,1,Road Accidents,Other,City/Town,Open area,Human Error,Yes,Simple Injury,Hit pedestrian,No signal lights,Others,Others,Bitumen(Tar),Dry,No influence on accident,Clear,OLD MADRAS ROAD,1,1,0.0,0.0
Bengaluru City,K.R.Puram Traffic PS,1.04432e+16,2016,1,1,Road Accidents,Bridge,City/Town,Near Hospital,Human Error,Yes,Fatal,Others,No signal lights,Others,Others,Bitumen(Tar),Dry,No influence on accident,Clear,OLD MADRAS ROAD,1,3,0.0,0.0
Bengaluru City,K.R.Puram Traffic PS,1.04432e+16,2016,1,2,Road Accidents,Cross roads,City/Town,Near Bus stop,Human Error,Yes,Simple Injury,Hit and Run,No signal lights,Not Applicable,City or Town Road,Bitumen(Tar),Dry,Not Applicable,Clear,O M ROAD NEAR M M TEMPLE,A,11FEET,0.0,0.0
Bengaluru City,K.R.Puram Traffic PS,1.04432e+16,2016,1,2,Road Accidents,Narrow road,Not Applicable,Open area,Human Error,Not Applicable,Simple Injury,Hit and Run,Controlled,Not Applicable,Two way,Bitumen(Tar),Dry,No influence on accident,Clear,ITI MAIN ROAD,A,2KM,0.0,0.0
Bengaluru City,K.R.Puram Traffic PS,1.04432e+16,2016,1,2,Road Accidents,Cross roads,City/Town,Near Bus stop,Human Error,No,Simple Injury,Rear end,No signal lights,Not Applicable,City or Town Road,Bitumen(Tar),Dry,Not Applicable,Clear,R M NAGAR RING ROAD KASHURI NAGAR,A,14FEET,0.0,0.0
Bengaluru City,K.R.Puram Traffic PS,1.04432e+16,2016,1,2,Road Accidents,Narrow road,City/Town,Open area,Human Error,Not Applicable,Grievous Injury,Hit and Run,Controlled,Not Applicable,NH,Bitumen(Tar),Dry,Not Applicable,Clear,O M ROAD,A,2KM,0.0,0.0
Bengaluru City,K.R.Puram Traffic PS,1.04432e+16,2016,1,1,Road Accidents,Bridge,City/Town,Near Bus stop,Human Error,No,Grievous Injury,Rear end,No signal lights,Not Applicable,Others,Not Applicable,Dry,Not Applicable,Clear,O M ROAD K R PURA HANGING BRIDGE,A,20FEET,0.0,0.0
Bengaluru City,K.R.Puram Traffic PS,1.04432e+16,2016,1,2,Road Accidents,Cross roads,City/Town,Near office complex,Human Error,No,Damage Only,Rear end,No signal lights,Others,City or Town Road,Not Applicable,Dry,Not Applicable,Clear,M D PURA RING ROAD NEAR HUNDAI SHOW ROOM,A,32FEET,0.0,0.0
Bengaluru City,K.R.Puram Traffic PS,1.04432e+16,2016,1,1,Road Accidents,Other,City/Town,Near Bus stop,Human Error,No,Grievous Injury,Rear end,No signal lights,Not Applicable,Two way,Not Applicable,Dry,Not Applicable,Clear,mahadevapura ring road,A,28FEET,0.0,0.0
Bengaluru City,K.R.Puram Traffic PS,1.04432e+16,2016,1,2,Road Accidents,Cross roads,City/Town,Open area,Human Error,No,Damage Only,Rear end,Signal lights Automatic,Curve,City or Town Road,Not Applicable,Dry,Not Applicable,Clear,BASAVANAPURA ROAD NEAR GOVT SCHOOL,A,24FEET,0.0,0.0
Bengaluru City,K.R.Puram Traffic PS,1.04432e+16,2016,1,2,Road Accidents,Cross roads,City/Town,Near Hospital,Human Error,No,Damage Only,Rear end,No signal lights,Curve,City or Town Road,Not Applicable,Dry,Not Applicable,Clear,T C PALYA MAIN ROAD OPP KOSHYS HOSPITAL,A,24FEET,0.0,0.0
Bengaluru City,K.R.Puram Traffic PS,1.04432e+16,2016,1,1,Road Accidents,Other,City/Town,Near Hospital,Human Error,No,Simple Injury,Others,No signal lights,Others,Others,Bitumen(Tar),Dry,No influence on accident,Others,rmn,1,6,0.0,0.0
Bengaluru City,K.R.Puram Traffic PS,1.04432e+16,2016,1,1,Road Accidents,Other,City/Town,Near Hospital,Human Error,No,Grievous Injury,Others,No signal lights,Others,Two way,Bitumen(Tar),Dry,No influence on accident,Clear,1,1,3,0.0,0.0
Bengaluru City,K.R.Puram Traffic PS,1.04432e+16,2016,1,1,Road Accidents,Offset,City/Town,Near Bus stop,Human Error,Yes,Grievous Injury,Hit pedestrian,No signal lights,Others,Others,Bitumen(Tar),Dry,No influence on accident,Clear,OMR,1,1,0.0,0.0
Bengaluru City,K.R.Puram Traffic PS,1.04432e+16,2016,1,2,Road Accidents,Other,City/Town,Near Bus stop,Human Error,Yes,Damage Only,Others,No signal lights,Others,Others,Bitumen(Tar),Dry,No influence on accident,Clear,KALKERE MAIN ROAD,1,5,0.0,0.0
Bengaluru City,K.R.Puram Traffic PS,1.04432e+16,2016,1,1,Road Accidents,Narrow road,City/Town,Open area,Human Error,No,Damage Only,Rear end,Controlled,Not Applicable,City or Town Road,Bitumen(Tar),Dry,No influence on accident,Clear,MAHADEVAPURAM,A,4KM,0.0,0.0
Bengaluru City,K.R.Puram Traffic PS,1.04432e+16,2016,1,2,Road Accidents,Cross roads,City/Town,Near office complex,Human Error,Yes,Damage Only,Hit and Run,No signal lights,Not Applicable,City or Town Road,Not Applicable,Dry,Not Applicable,Clear,white field road in frontof bhourka company,A,54FEET,0.0,0.0
Bengaluru City,K.R.Puram Traffic PS,1.04432e+16,2016,1,2,Road Accidents,Narrow road,City/Town,Near Bus stop,Human Error,Not Applicable,Simple Injury,Hit and Run,Controlled,Not Applicable,City or Town Road,Bitumen(Tar),Dry,Not Applicable,Clear,R M NAGAR,A,5KM,0.0,0.0
Bengaluru City,K.R.Puram Traffic PS,1.04432e+16,2016,1,1,Road Accidents,Narrow road,City/Town,Open area,Human Error,Not Applicable,Simple Injury,Hit and Run,Controlled,Not Applicable,City or Town Road,Bitumen(Tar),Dry,Not Applicable,Fine,WHITE FEILD ROAD,A,4KM,0.0,0.0
Bengaluru City,K.R.Puram Traffic PS,1.04432e+16,2016,1,3,Road Accidents,Cross roads,City/Town,Narrow bridge or culverts,Human Error,No,Grievous Injury,Rear end,No signal lights,Curve,City or Town Road,Gravel,Dry,Not Applicable,Clear,O M ROAD K R PURA FIY AVER BRIDGEE ROAD,A,20FEET,0.0,0.0
Bengaluru City,K.R.Puram Traffic PS,1.04432e+16,2016,1,2,Road Accidents,Cross roads,City/Town,Residential area,Human Error,Yes,Grievous Injury,Hit and Run,No signal lights,Others,City or Town Road,Not Applicable,Dry,Not Applicable,Clear,HOODI ROAD NEAR GOPALAN APTS,A,30FEET,0.0,0.0
Bengaluru City,K.R.Puram Traffic PS,1.04432e+16,2016,1,1,Road Accidents,Other,City/Town,Narrow bridge or culverts,Human Error,Yes,Fatal,Others,No signal lights,Others,Others,Bitumen(Tar),Dry,No influence on accident,Clear,OLD MADRAS ROAD,1,4,77.66421872,12.99458072
Bengaluru City,K.R.Puram Traffic PS,1.04432e+16,2016,1,1,Road Accidents,Other,City/Town,Near Hospital,Human Error,No,Grievous Injury,Head on,No signal lights,Others,Others,Bitumen(Tar),Dry,No influence on accident,Clear,RMN,1,5,0.0,0.0
Bengaluru City,K.R.Puram Traffic PS,1.04432e+16,2016,1,2,Road Accidents,Other,City/Town,Near Hospital,Human Error,No,Grievous Injury,Others,No signal lights,Others,Others,Bitumen(Tar),Dry,No influence on accident,Clear,NRI,1,6,0.0,0.0
Bengaluru City,K.R.Puram Traffic PS,1.04432e+16,2016,1,2,Road Accidents,Other,City/Town,Near Bus stop,Human Error,Yes,Fatal,Others,No signal lights,Others,Others,Bitumen(Tar),Dry,No influence on accident,Clear,RMN,1,6,0.0,0.0
Bengaluru City,K.R.Puram Traffic PS,1.04432e+16,2016,1,1,Road Accidents,Other,City/Town,Near Bus stop,Human Error,Yes,Grievous Injury,Others,No signal lights,Others,Others,Bitumen(Tar),Dry,No influence on accident,Clear,MDP,1,3,0.0,0.0
Bengaluru City,K.R.Puram Traffic PS,1.04432e+16,2016,1,2,Road Accidents,Other,City/Town,Near office complex,Human Error,Yes,Grievous Injury,Others,No signal lights,Others,Others,Bitumen(Tar),Dry,No influence on accident,Others,1,1,5,0.0,0.0
Bengaluru City,K.R.Puram Traffic PS,1.04432e+16,2016,1,1,Road Accidents,Other,City/Town,Near office complex,Human Error,Yes,Fatal,Others,No signal lights,Others,Others,Bitumen(Tar),Dry,No influence on accident,Clear,WHITE FIELD ROAD,1,2,0.0,0.0
Bengaluru City,K.R.Puram Traffic PS,1.04432e+16,2016,1,1,Road Accidents,Other,City/Town,Near Bus stop,Human Error,No,Damage Only,Others,No signal lights,Others,Others,Bitumen(Tar),Dry,No influence on accident,Fine,graphite india road,1,5,0.0,0.0
Bengaluru City,K.R.Puram Traffic PS,1.04432e+16,2016,1,2,Road Accidents,Other,City/Town,Near Bus stop,Human Error,No,Damage Only,Hit pedestrian,No signal lights,Others,Others,Bitumen(Tar),Dry,No influence on accident,Clear,M.D.PURA RING ROAD,1,5,0.0,0.0
Bengaluru City,K.R.Puram Traffic PS,1.04432e+16,2016,1,1,Road Accidents,Other,City/Town,Open area,Human Error,Yes,Fatal,Others,No signal lights,Others,Others,Bitumen(Tar),Dry,No influence on accident,Others,R.M.NAGAR,1,1,0.0,0.0
Bengaluru City,K.R.Puram Traffic PS,1.04432e+16,2016,1,1,Road Accidents,Other,City/Town,Near Hospital,Human Error,No,Grievous Injury,Others,No signal lights,Others,NH,Bitumen(Tar),Dry,No influence on accident,Clear,OLD MADRAS ROAD,1,3,0.0,0.0
Bengaluru City,K.R.Puram Traffic PS,1.04432e+16,2016,1,2,Road Accidents,Other,City/Town,Near Bus stop,Human Error,Yes,Grievous Injury,Others,No signal lights,Others,Others,Bitumen(Tar),Dry,No influence on accident,Clear,OLD MADRAS ROAD,1,1,0.0,0.0
Bengaluru City,K.R.Puram Traffic PS,1.04432e+16,2016,1,2,Road Accidents,Other,City/Town,Near Bus stop,Human Error,Yes,Grievous Injury,Others,No signal lights,Others,Others,Bitumen(Tar),Dry,No influence on accident,Clear,R.M.NAGAR,1,5,0.0,0.0
Bengaluru City,K.R.Puram Traffic PS,1.04432e+16,2016,1,1,Road Accidents,Narrow road,City/Town,Open area,Human Error,Not Applicable,Simple Injury,Hit and Run,Controlled,Not Applicable,NH,Bitumen(Tar),Dry,Not Applicable,Fine,O M ROAD,A,4KM,0.0,0.0
Bengaluru City,K.R.Puram Traffic PS,1.04432e+16,2016,1,2,Road Accidents,Cross roads,City/Town,Near Bus stop,Human Error,No,Damage Only,Rear end,Signal lights Automatic,Not Applicable,City or Town Road,Bitumen(Tar),Dry,Not Applicable,Clear,O M ROAD NEAR BATTARAHALLI JUNCTION,A,10FEET,0.0,0.0
Bengaluru City,K.R.Puram Traffic PS,1.04432e+16,2016,1,2,Road Accidents,Narrow road,City/Town,Open area,Human Error,Not Applicable,Grievous Injury,Hit and Run,Controlled,Not Applicable,City or Town Road,Bitumen(Tar),Dry,Not Applicable,Clear,R M NAGAR,A,4KM,0.0,0.0
Bengaluru City,K.R.Puram Traffic PS,1.04432e+16,2016,1,2,Road Accidents,Narrow road,City/Town,Near office complex,Human Error,Not Applicable,Simple Injury,Hit and Run,Controlled,Not Applicable,City or Town Road,Bitumen(Tar),Dry,Not Applicable,Fine,WHITE FEILD ROAD,A,5KM,0.0,0.0
Bengaluru City,K.R.Puram Traffic PS,1.04432e+16,2016,1,1,Rail Road Accidents,Narrow road,City/Town,Open area,Human Error,Not Applicable,Simple Injury,Hit and Run,Controlled,Incline,City or Town Road,Bitumen(Tar),Dry,Not Applicable,Fine,DODDANAKUDI,A,1KM,0.0,0.0
Bengaluru City,K.R.Puram Traffic PS,1.04432e+16,2016,1,1,Road Accidents,Narrow road,City/Town,Near Petrol Pump,Not Applicable,Not Applicable,Fatal,Hit and Run,Controlled,Not Applicable,City or Town Road,Bitumen(Tar),Dry,Not Applicable,Clear,RAMAMURTHY NAGAR,A,4KM,0.0,0.0
Bengaluru City,K.R.Puram Traffic PS,1.04432e+16,2016,1,1,Road Accidents,Bridge,City/Town,Near office complex,Human Error,No,Simple Injury,Head on,No signal lights,Others,Two way,Bitumen(Tar),Dry,No influence on accident,Others,MDP,1,3,0.0,0.0
Bengaluru City,K.R.Puram Traffic PS,1.04432e+16,2016,1,1,Road Accidents,Other,City/Town,Near Bus stop,Human Error,Yes,Simple Injury,Others,No signal lights,Others,Others,Bitumen(Tar),Dry,No influence on accident,Clear,bhattarahalli,1,1,0.0,0.0
Bengaluru City,K.R.Puram Traffic PS,1.04432e+16,2016,1,1,Road Accidents,Other,City/Town,Near Bus stop,Human Error,Yes,Grievous Injury,Others,No signal lights,Others,Others,Bitumen(Tar),Ditch or Potholed,No influence on accident,Snow,1,1,3,0.0,0.0
Bengaluru City,K.R.Puram Traffic PS,1.04432e+16,2016,1,2,Road Accidents,Other,City/Town,Near Hospital,Human Error,Yes,Simple Injury,Others,No signal lights,Others,Others,Bitumen(Tar),Dry,No influence on accident,Clear,M.D.PURA,1,4,0.0,0.0
Bengaluru City,K.R.Puram Traffic PS,1.04432e+16,2016,1,2,Other Railway Accidents,Other,City/Town,Near Bus stop,Human Error,Yes,Grievous Injury,Others,No signal lights,Others,Others,Bitumen(Tar),Dry,No influence on accident,Others,T.C.PALYA,1,1,0.0,0.0
Bengaluru City,K.R.Puram Traffic PS,1.04432e+16,2016,1,1,Road Accidents,Curves,City/Town,Open area,Human Error,Yes,Simple Injury,Head on,No signal lights,Others,Others,Bitumen(Tar),Dry,No influence on accident,Clear,OMR,1,3,0.0,0.0
Bengaluru City,K.R.Puram Traffic PS,1.04432e+16,2016,1,2,Road Accidents,Other,City/Town,In bazaar,Human Error,Yes,Damage Only,Head on,No signal lights,Others,Others,Bitumen(Tar),Dry,No influence on accident,Clear,WHITE FIELD ROAD,1,4,0.0,0.0
Bengaluru City,K.R.Puram Traffic PS,1.04432e+16,2016,1,1,Road Accidents,Other,City/Town,In bazaar,Human Error,Yes,Grievous Injury,Others,No signal lights,Others,Others,Bitumen(Tar),Dry,No influence on accident,Clear,R.M.NAGAR,1,4,0.0,0.0
Bengaluru City,K.R.Puram Traffic PS,1.04432e+16,2016,1,1,Road Accidents,Other,City/Town,Open area,Human Error,No,Simple Injury,Hit pedestrian,No signal lights,Others,Others,Bitumen(Tar),Dry,No influence on accident,Others,1,1,3,0.0,0.0
Bengaluru City,K.R.Puram Traffic PS,1.04432e+16,2016,1,2,Road Accidents,Other,Rural Areas,Near Hospital,Human Error,Yes,Damage Only,Others,No signal lights,Others,Others,Bitumen(Tar),Dry,No influence on accident,Clear,YES,4,2,0.0,0.0
Bengaluru City,K.R.Puram Traffic PS,1.04432e+16,2016,1,1,Road Accidents,Other,City/Town,Narrow bridge or culverts,Human Error,No,Damage Only,Others,No signal lights,Others,NH,Bitumen(Tar),Dry,No influence on accident,Others,RMN,1,5,0.0,0.0
Bengaluru City,K.R.Puram Traffic PS,1.04432e+16,2016,1,2,Road Accidents,Narrow road,Not Applicable,Open area,Human Error,Not Applicable,Simple Injury,Hit and Run,Controlled,Not Applicable,NH,Bitumen(Tar),Dry,Not Applicable,Clear,O M ROAD DEEPA HOSPITAL,A,1KM,0.0,0.0
Bengaluru City,K.R.Puram Traffic PS,1.04432e+16,2016,1,1,Road Accidents,Cross roads,City/Town,Near office complex,Human Error,Yes,Damage Only,Rear end,No signal lights,Not Applicable,City or Town Road,Bitumen(Tar),Dry,Not Applicable,Clear,12TH CROSS B main road cksya nagar,A,36FEET,0.0,0.0
Bengaluru City,K.R.Puram Traffic PS,1.04432e+16,2016,1,2,Road Accidents,Cross roads,City/Town,Near Petrol Pump,Human Error,No,Grievous Injury,Rear end,No signal lights,Curve,City or Town Road,Not Applicable,Dry,Not Applicable,Clear,KALKERE MAIN ROAD NEAR HP PETROL BUNK,A,20FEET,0.0,0.0
Bengaluru City,K.R.Puram Traffic PS,1.04432e+16,2016,1,2,Road Accidents,Narrow road,City/Town,Near office complex,Human Error,Not Applicable,Fatal,Hit and Run,Controlled,Not Applicable,Two way,Bitumen(Tar),Dry,Not Applicable,Clear,OLD MADRAS ROAD,A,2KM,0.0,0.0
Bengaluru City,K.R.Puram Traffic PS,1.04432e+16,2016,1,1,Road Accidents,Narrow road,City/Town,Residential area,Human Error,Not Applicable,Simple Injury,Hit and Run,Controlled,Not Applicable,City or Town Road,Bitumen(Tar),Dry,Not Applicable,Clear,KASTHURINAGARA,A,4KM,0.0,0.0
Bengaluru City,K.R.Puram Traffic PS,1.04432e+16,2016,1,1,Road Accidents,Narrow road,City/Town,Near office complex,Human Error,Not Applicable,Fatal,Hit and Run,Controlled,Not Applicable,Two way,Bitumen(Tar),Dry,Not Applicable,Clear,MAHADEVPURA RING ROAD,A,6KM,0.0,0.0
Bengaluru City,K.R.Puram Traffic PS,1.04432e+16,2016,1,1,Road Accidents,Narrow road,City/Town,Near Petrol Pump,Human Error,Not Applicable,Fatal,Hit and Run,Controlled,Not Applicable,City or Town Road,Bitumen(Tar),Dry,Not Applicable,Clear,MAHADEVPURA,A,5KM,0.0,0.0
Bengaluru City,K.R.Puram Traffic PS,1.04432e+16,2016,1,2,Road Accidents,Cross roads,City/Town,In bazaar,Human Error,No,Grievous Injury,Rear end,No signal lights,Curve,Service Road,Not Applicable,Dry,Not Applicable,Clear,O M ROAD BATTARAHALLI NEAR  ADYAR ANANDA BAVANA HOTEL,A,24FEET,0.0,0.0
Bengaluru City,K.R.Puram Traffic PS,1.04432e+16,2016,1,1,Road Accidents,Cross roads,City/Town,Near Bus stop,Human Error,No,Grievous Injury,Rear end,No signal lights,Curve,One way,Not Applicable,Dry,Not Applicable,Clear,O M ROAD I T I COLONY EAST 4TH CROSS,A,19FEET,0.0,0.0
Bengaluru City,K.R.Puram Traffic PS,1.04432e+16,2016,1,1,Road Accidents,Bridge,City/Town,Narrow bridge or culverts,Human Error,No,Fatal,Hit and Run,Controlled,Not Applicable,NH,Bitumen(Tar),Dry,Not Applicable,Fine,OLD MADRAS  ROAD,A,2KM,0.0,0.0
Bengaluru City,K.R.Puram Traffic PS,1.04432e+16,2016,1,2,Road Accidents,T Junction,City/Town,Open area,Human Error,Yes,Damage Only,Hit and Run,Controlled,Straight and flat,City or Town Road,Bitumen(Tar),Dry,Not Applicable,Clear,"WHITE FIELD ROAD, NEAR NEW LIGHT JUNCTION",Hotel,10feet,0.0,0.0
Bengaluru City,K.R.Puram Traffic PS,1.04432e+16,2016,1,1,Road Accidents,Narrow road,City/Town,Near office complex,Human Error,Yes,Fatal,Hit and Run,Uncontrolled,Not Applicable,City or Town Road,Surfaced,Dry,Not Applicable,Fine,"M D Pura ring road, EMc Squire",A,39,0.0,0.0
Bengaluru City,K.R.Puram Traffic PS,1.04432e+16,2016,1,1,Road Accidents,Cross roads,City/Town,Near School or College,Human Error,Yes,Simple Injury,Hit and Run,No signal lights,Others,City or Town Road,Bitumen(Tar),Dry,Not Applicable,Clear,KALKERE MAIN ROAD,A,24FEET,0.0,0.0
Bengaluru City,K.R.Puram Traffic PS,1.04432e+16,2016,1,1,Road Accidents,Other,City/Town,Near office complex,Human Error,No,Simple Injury,Hit pedestrian,No signal lights,Others,Others,Bitumen(Tar),Dry,No influence on accident,Others,ALPIN,1,6,0.0,0.0
Bengaluru City,K.R.Puram Traffic PS,1.04432e+16,2016,1,1,Road Accidents,Other,City/Town,Near office complex,Human Error,No,Grievous Injury,Hit pedestrian,No signal lights,Others,Others,Bitumen(Tar),Dry,No influence on accident,Clear,MDP,1,3,0.0,0.0
Bengaluru City,K.R.Puram Traffic PS,1.04432e+16,2016,1,1,Road Accidents,Other,City/Town,Near Bus stop,Human Error,No,Grievous Injury,Others,No signal lights,Others,Others,Bitumen(Tar),Dry,No influence on accident,Others,RMN,1,6,0.0,0.0
Bengaluru City,K.R.Puram Traffic PS,1.04432e+16,2016,1,1,Road Accidents,Other,City/Town,Near office complex,Human Error,No,Grievous Injury,Hit pedestrian,No signal lights,Others,Others,Bitumen(Tar),Dry,No influence on accident,Clear,R.M.NAGAR RING ROAD,1,3,0.0,0.0
Bengaluru City,K.R.Puram Traffic PS,1.04432e+16,2016,1,2,Road Accidents,Other,City/Town,Near Hospital,Human Error,No,Grievous Injury,Head on,No signal lights,Others,NH,Bitumen(Tar),Dry,No influence on accident,Clear,WHITE FILED ROAD,1,1,0.0,0.0
Bengaluru City,K.R.Puram Traffic PS,1.04432e+16,2016,1,1,Road Accidents,Junction,City/Town,Near Bus stop,Human Error,No,Grievous Injury,Hit pedestrian,No signal lights,Others,Others,Bitumen(Tar),Dry,No influence on accident,Others,WHITE FIELD ROAD,1,3,0.0,0.0
Bengaluru City,K.R.Puram Traffic PS,1.04432e+16,2016,1,2,Road Accidents,Other,City/Town,Open area,Human Error,No,Damage Only,Others,No signal lights,Others,Others,Bitumen(Tar),Dry,No influence on accident,Clear,WHITE FIELD ROAD,1,2,0.0,0.0