DISTRICTNAME,UNITNAME,Crime_No,Year,RI,Noofvehicle_involved,Accident_Classification,Accident_Spot,Accident_Location,Accident_SubLocation,Main_Cause,Hit_Run,Severity,Collision_Type,Junction_Control,Road_Character,Road_Type,Surface_Type,Surface_Condition,Road_Condition,Weather,Accident_Road,Landmark_first,Distance_LandMark_First,Latitude,Longitude
Bengaluru City,K.R.Puram Traffic PS,1.04432e+16,2016,1,2,Road Accidents,Other,City/Town,Near Hospital,Human Error,Yes,Damage Only,Head on,No signal lights,Others,Others,Bitumen(Tar),Dry,No influence on accident,Others,R.M.NAGAR,1,4,0.0,0.0
Bengaluru City,K.R.Puram Traffic PS,1.04432e+16,2016,1,1,Road Accidents,Other,City/Town,In bazaar,Human Error,Yes,Fatal,Hit pedestrian,No signal lights,Others,Others,Bitumen(Tar),Dry,No influence on accident,Clear,WHITE FILED ROAD,1,5,0.0,0.0
Bengaluru City,K.R.Puram Traffic PS,1.04432e+16,2016,1,1,Road Accidents,Other,City/Town,Near Bus stop,Human Error,Yes,Simple Injury,Hit pedestrian,No signal lights,Others,NH,Bitumen(Tar),Dry,No influence on accident,Clear,WHITE FIELD,1,4,0.0,0.0
Bengaluru City,K.R.Puram Traffic PS,1.04432e+16,2016,1,3,Road Accidents,Other,City/Town,In bazaar,Human Error,No,Damage Only,Others,No signal lights,Others,Others,Bitumen(Tar),Dry,No influence on accident,Others,wfr,5,1,0.0,0.0
Bengaluru City,K.R.Puram Traffic PS,1.04432e+16,2016,1,1,Road Accidents,Other,City/Town,Near Bus stop,Human Error,Yes,Fatal,Others,No signal lights,Others,Others,Bitumen(Tar),Dry,No influence on accident,Clear,R.M.NAGAR RING ROAD,1,5,0.0,0.0
Bengaluru City,K.R.Puram Traffic PS,1.04432e+16,2016,1,1,Road Accidents,Narrow road,City/Town,Near Bus stop,Human Error,Not Applicable,Simple Injury,Hit and Run,Controlled,Incline,City or Town Road,Bitumen(Tar),Dry,Not Applicable,Fine,"O M ROAD, NEAR ITI COLONY GATE",A,1KM,0.0,0.0
Bengaluru City,K.R.Puram Traffic PS,1.04432e+16,2016,1,2,Road Accidents,Narrow road,City/Town,Open area,Human Error,Not Applicable,Damage Only,Hit and Run,Controlled,Not Applicable,City or Town Road,Bitumen(Tar),Dry,Not Applicable,Clear,R M NAGAR RING ROAD,A,5KM,0.0,0.0
Bengaluru City,K.R.Puram Traffic PS,1.04432e+16,2016,1,1,Road Accidents,Cross roads,City/Town,Near office complex,Human Error,No,Simple Injury,Rear end,No signal lights,Not Applicable,City or Town Road,Bitumen(Tar),Dry,Not Applicable,Clear,white filed road garudacharpalya near vst,A,26FEET,0.0,0.0
Bengaluru City,K.R.Puram Traffic PS,1.04432e+16,2016,1,1,Road Accidents,Bridge,City/Town,Narrow bridge or culverts,Human Error,Yes,Simple Injury,Hit and Run,No signal lights,Not Applicable,City or Town Road,Bitumen(Tar),Dry,Not Applicable,Clear,O M ROAD K R PURA HANGENGE BRIDGE,A,20FEET,0.0,0.0
Bengaluru City,K.R.Puram Traffic PS,1.04432e+16,2016,1,1,Road Accidents,Narrow road,City/Town,Open area,Human Error,Not Applicable,Simple Injury,Hit and Run,Controlled,Incline,City or Town Road,Bitumen(Tar),Dry,Not Applicable,Fine,T V PALYA MAIN ROAD,A,4KM,0.0,0.0
Bengaluru City,K.R.Puram Traffic PS,1.04432e+16,2016,1,2,Road Accidents,Narrow road,City/Town,Near Bus stop,Human Error,Not Applicable,Simple Injury,Hit and Run,Controlled,Not Applicable,Two way,Bitumen(Tar),Dry,Not Applicable,Fine,CHANISADRA,A,5KM,0.0,0.0
Bengaluru City,K.R.Puram Traffic PS,1.04432e+16,2016,1,2,Road Accidents,Narrow road,City/Town,Open area,Human Error,Not Applicable,Simple Injury,Hit and Run,Controlled,Not Applicable,City or Town Road,Bitumen(Tar),Dry,Not Applicable,Clear,R M NAGARR,A,5KM,0.0,0.0
Bengaluru City,K.R.Puram Traffic PS,1.04432e+16,2016,1,2,Rail Road Accidents,Narrow road,City/Town,Open area,Human Error,Not Applicable,Damage Only,Hit and Run,Controlled,Incline,City or Town Road,Bitumen(Tar),Dry,Not Applicable,Fine,R M NAGAR MAIN ROAD,A,4KM,0.0,0.0
Bengaluru City,K.R.Puram Traffic PS,1.04432e+16,2016,1,1,Road Accidents,Cross roads,City/Town,Near Bus stop,Human Error,No,Grievous Injury,Rear end,Signal lights Automatic,Not Applicable,City or Town Road,Not Applicable,Dry,Not Applicable,Clear,R M NAGARA MAIN ROAD,A,13FEET,0.0,0.0
Bengaluru City,K.R.Puram Traffic PS,1.04432e+16,2016,1,2,Road Accidents,Narrow road,City/Town,In bazaar,Human Error,Not Applicable,Grievous Injury,Hit and Run,Controlled,Not Applicable,City or Town Road,Bitumen(Tar),Dry,Not Applicable,Clear,WHITE FEILD ROAD,A,5KM,0.0,0.0
Bengaluru City,K.R.Puram Traffic PS,1.04432e+16,2016,1,1,Road Accidents,Narrow road,City/Town,Open area,Human Error,Not Applicable,Grievous Injury,Hit and Run,Controlled,Not Applicable,NH,Bitumen(Tar),Dry,Not Applicable,Clear,SHYGENAHALLI,A,4KM,0.0,0.0
Bengaluru City,K.R.Puram Traffic PS,1.04432e+16,2017,1,1,Road Accidents,Cross roads,City/Town,In bazaar,Human Error,Yes,Grievous Injury,Hit and Run,No signal lights,Curve,Others,Gravel,Dry,Not Applicable,Clear,M D PURA RING ROAD NEAR  BAHAGINI HOTELA,A,27FEET,0.0,0.0
Bengaluru City,K.R.Puram Traffic PS,1.04432e+16,2017,1,2,Road Accidents,Narrow road,City/Town,In bazaar,Human Error,Yes,Grievous Injury,Head on,Uncontrolled,Others,City or Town Road,Surfaced,Dry,Not Applicable,Fine,R M Nagara main road,a,22,0.0,0.0
Bengaluru City,K.R.Puram Traffic PS,1.04432e+16,2017,1,2,Road Accidents,Narrow road,Not Applicable,Affected by encroachments,Human Error,Yes,Grievous Injury,Hit and Run,Uncontrolled,Straight and flat,Others,Surfaced,Dry,Not Applicable,Clear,MAHADEVPURA RING ROAD,MAHADEVPURA RING ROAD,5 KM,0.0,0.0
Bengaluru City,K.R.Puram Traffic PS,1.04432e+16,2017,1,1,Road Accidents,Bridge,City/Town,Near Bus stop,Vehicle Defect,Yes,Damage Only,Hit and Run,Uncontrolled,Hump,One way,Surfaced,Dry,Not Applicable,Clear,KASTURI NAGAR,KASTURI NAGAR,5 KM,0.0,0.0
Bengaluru City,K.R.Puram Traffic PS,1.04432e+16,2017,1,1,Road Accidents,Other,Not Applicable,At pedestrian Crossing,Human Error,Yes,Grievous Injury,Hit and Run,Uncontrolled,Hump,Others,Surfaced,Dry,Not Applicable,Clear,MAHADEVPURA RING ROAD,M D PURA,5 KM,0.0,0.0
Bengaluru City,K.R.Puram Traffic PS,1.04432e+16,2017,1,1,Road Accidents,Narrow road,Not Applicable,Open area,Human Error,Not Applicable,Damage Only,Others,Controlled,Not Applicable,City or Town Road,Bitumen(Tar),Dry,Not Applicable,Clear,R. M.NAGAR MAIN ROAD,A,4KM,0.0,0.0
Bengaluru City,K.R.Puram Traffic PS,1.04432e+16,2017,1,2,Road Accidents,Cross roads,City/Town,Near office complex,Human Error,Yes,Simple Injury,Hit and Run,No signal lights,Curve,City or Town Road,Gravel,Dry,Not Applicable,Clear,3rd A MAIN BHARTH GAS GODAN,A,25FEET,0.0,0.0
Bengaluru City,K.R.Puram Traffic PS,1.04432e+16,2017,1,1,Road Accidents,Narrow road,City/Town,Near a religious place,Human Error,Yes,Simple Injury,Hit and Run,Not at  Junction,Not Applicable,City or Town Road,Surfaced,Dry,Not Applicable,Clear,"T C Palya main road, Near SBI Bank",a,38,0.0,0.0
Bengaluru City,K.R.Puram Traffic PS,1.04432e+16,2017,1,1,Road Accidents,Narrow road,City/Town,Near Bus stop,Human Error,No,Fatal,Hit bicyclist,Not at  Junction,Not Applicable,City or Town Road,Surfaced,Dry,Not Applicable,Fine,R M Nagara ring road,a,28 fee,0.0,0.0
Bengaluru City,K.R.Puram Traffic PS,1.04432e+16,2017,1,2,Road Accidents,Cross roads,City/Town,Near a factory industrial area,Human Error,Not Applicable,Grievous Injury,Hit and Run,Controlled,Not Applicable,Not Applicable,Bitumen(Tar),Dry,Not Applicable,Clear,GRAPHITE INDIA ROAD,A,28FEET,0.0,0.0
Bengaluru City,K.R.Puram Traffic PS,1.04432e+16,2017,1,1,Road Accidents,Bridge,City/Town,Near Bus stop,Human Error,Yes,Grievous Injury,Hit and Run,Not at  Junction,Others,City or Town Road,Surfaced,Dry,Not Applicable,Fine,"Kasthuringara bridge down ramp, O M Road, Near M M Temple",a,10,0.0,0.0
Bengaluru City,K.R.Puram Traffic PS,1.04432e+16,2017,1,2,Road Accidents,Narrow road,City/Town,Near office complex,Human Error,Yes,Fatal,Hit and Run,Not Applicable,Not Applicable,Two way,Surfaced,Dry,Not Applicable,Clear,"R M Nagara ring road, Near Big Bazar",a,33,0.0,0.0
Bengaluru City,K.R.Puram Traffic PS,1.04432e+16,2017,1,1,Road Accidents,Narrow road,City/Town,Near office complex,Human Error,Yes,Grievous Injury,Hit and Run,Not at  Junction,Not Applicable,City or Town Road,Surfaced,Others,Not Applicable,Fine,"R M Nagara main road, Dooravani Medicales near.",a,33,0.0,0.0
Bengaluru City,K.R.Puram Traffic PS,1.04432e+16,2017,1,2,Road Accidents,T Junction,City/Town,In bazaar,Not Applicable,No,Fatal,Head on,No signal lights,Straight and flat,City or Town Road,Bitumen(Tar),Dry,Not Applicable,Others,R M NAGAR MAIN ROAD,KEB POLE,38FEET,0.0,0.0
Bengaluru City,K.R.Puram Traffic PS,1.04432e+16,2017,1,2,Road Accidents,Narrow road,Not Applicable,Open area,Human Error,Not Applicable,Damage Only,Hit and Run,Controlled,Not Applicable,City or Town Road,Bitumen(Tar),Dry,Not Applicable,Fine,MAHADEVPURA,A,3KM,0.0,0.0
Bengaluru City,K.R.Puram Traffic PS,1.04432e+16,2017,1,2,Road Accidents,Other,City/Town,Open area,Not Applicable,Not Applicable,Simple Injury,Hit and Run,Controlled,Not Applicable,City or Town Road,Bitumen(Tar),Dry,Not Applicable,Clear,OMBER LAYOUT,A,3KM,0.0,0.0
Bengaluru City,K.R.Puram Traffic PS,1.04432e+16,2017,1,1,Road Accidents,Cross roads,City/Town,Near or inside a village,Human Error,No,Grievous Injury,Rear end,No signal lights,Others,City or Town Road,Gravel,Dry,Not Applicable,Clear,venakateshwra layout road mahadevapura,A,10feet,0.0,0.0
Bengaluru City,K.R.Puram Traffic PS,1.04432e+16,2017,1,2,Road Accidents,Narrow road,City/Town,Open area,Human Error,Not Applicable,Damage Only,Hit and Run,Controlled,Not Applicable,City or Town Road,Bitumen(Tar),Dry,Not Applicable,Clear,GRAPHIITE INDIA SINGAL,A,3KM,0.0,0.0
Bengaluru City,K.R.Puram Traffic PS,1.04432e+16,2017,1,2,Road Accidents,Cross roads,City/Town,Near office complex,Human Error,No,Simple Injury,Rear end,No signal lights,Not Applicable,City or Town Road,Not Applicable,Dry,Not Applicable,Clear,VENAKATSWAR LAYOUT,A,5FEET,0.0,0.0
Bengaluru City,K.R.Puram Traffic PS,1.04432e+16,2017,1,2,Road Accidents,Narrow road,Not Applicable,Open area,Human Error,Not Applicable,Simple Injury,Rear end,Controlled,Not Applicable,City or Town Road,Bitumen(Tar),Dry,Not Applicable,Clear,O M RING ROAD,A,4KM,0.0,0.0
Bengaluru City,K.R.Puram Traffic PS,1.04432e+16,2017,1,1,Road Accidents,Narrow road,Not Applicable,Open area,Human Error,Not Applicable,Fatal,Rear end,Controlled,Not Applicable,NH,Bitumen(Tar),Dry,Not Applicable,Clear,O M ROAD,A,2KM,0.0,0.0
Bengaluru City,K.R.Puram Traffic PS,1.04432e+16,2017,1,2,Road Accidents,Narrow road,City/Town,Open area,Human Error,Not Applicable,Simple Injury,Rear end,Controlled,Not Applicable,City or Town Road,Bitumen(Tar),Dry,Not Applicable,Clear,KASTURENAGAR,A,3KM,0.0,0.0
Bengaluru City,K.R.Puram Traffic PS,1.04432e+16,2017,1,1,Road Accidents,Cross roads,City/Town,Near Bus stop,Human Error,No,Simple Injury,Rear end,No signal lights,Others,City or Town Road,Bitumen(Tar),Dry,Not Applicable,Clear,R M NAGAR MAIN ROAD,A,13FEET,0.0,0.0
Bengaluru City,K.R.Puram Traffic PS,1.04432e+16,2017,1,2,Road Accidents,Narrow road,City/Town,Near a factory industrial area,Human Error,Not Applicable,Simple Injury,Rear end,Controlled,Not Applicable,City or Town Road,Bitumen(Tar),Dry,Not Applicable,Clear,WHITE FEILD ROAD,A,5KM,0.0,0.0
Bengaluru City,K.R.Puram Traffic PS,1.04432e+16,2017,1,2,Road Accidents,Narrow road,City/Town,Open area,Human Error,Not Applicable,Fatal,Rear end,Controlled,Not Applicable,City or Town Road,Bitumen(Tar),Dry,Not Applicable,Clear,O M ROAD,A,3KM,13.004872,77.684342
Bengaluru City,K.R.Puram Traffic PS,1.04432e+16,2017,1,2,Road Accidents,Cross roads,City/Town,Near School or College,Human Error,Yes,Grievous Injury,Hit and Run,No signal lights,Others,City or Town Road,Bitumen(Tar),Dry,Not Applicable,Clear,BASAVANNA NAGAR NEAR GOPALAN SCHOOL,A,12FEET,0.0,0.0
Bengaluru City,K.R.Puram Traffic PS,1.04432e+16,2017,1,1,Road Accidents,Narrow road,City/Town,Open area,Human Error,No,Damage Only,Rear end,Controlled,Not Applicable,City or Town Road,Bitumen(Tar),Dry,Not Applicable,Clear,GRAPHITE INDIA ROAD,A,5KM,0.0,0.0
Bengaluru City,K.R.Puram Traffic PS,1.04432e+16,2017,1,1,Road Accidents,Narrow road,City/Town,At pedestrian Crossing,Human Error,Yes,Fatal,Hit and Run,Signal lights Blinking,Others,Two way,Surfaced,Others,Not Applicable,Clear,"WHITE FIELD ROAD, OPP. MAHAVEER PLASTIC STORE. HOODI JUNCTION",A,28,12.992326,77.716418
Bengaluru City,K.R.Puram Traffic PS,1.04432e+16,2017,1,1,Road Accidents,Cross roads,City/Town,In bazaar,Human Error,Yes,Grievous Injury,Hit and Run,No signal lights,Others,City or Town Road,Bitumen(Tar),Dry,Not Applicable,Clear,R M NAGAR RINGE ROAD INFRONT OF HORAMAVU BIG BAJAR,A,16FEET,0.0,0.0
Bengaluru City,K.R.Puram Traffic PS,1.04432e+16,2017,1,1,Road Accidents,Narrow road,City/Town,Open area,Human Error,Not Applicable,Simple Injury,Hit and Run,Controlled,Not Applicable,City or Town Road,Bitumen(Tar),Dry,Not Applicable,Clear,UDAYANAGAR,A,3KM,0.0,0.0
Bengaluru City,K.R.Puram Traffic PS,1.04432e+16,2017,1,1,Road Accidents,Narrow road,Not Applicable,Open area,Human Error,Not Applicable,Simple Injury,Rear end,Controlled,Not Applicable,Not Applicable,Bitumen(Tar),Dry,Not Applicable,Clear,ITI SERVIEC ROAD,A,2KM,0.0,0.0
Bengaluru City,K.R.Puram Traffic PS,1.04432e+16,2017,1,2,Rail Road Accidents,Narrow road,Not Applicable,Open area,Human Error,Not Applicable,Damage Only,Hit and Run,Controlled,Not Applicable,City or Town Road,Bitumen(Tar),Dry,Not Applicable,Clear,OMBR LAYOUT,A,2KM,0.0,0.0
Bengaluru City,K.R.Puram Traffic PS,1.04432e+16,2017,1,2,Road Accidents,Narrow road,Not Applicable,Open area,Human Error,Not Applicable,Damage Only,Rear end,Controlled,Not Applicable,City or Town Road,Bitumen(Tar),Dry,Not Applicable,Clear,O M ROAD,A,3KM,0.0,0.0
Bengaluru City,K.R.Puram Traffic PS,1.04432e+16,2017,1,1,Rail Road Accidents,Narrow road,Not Applicable,Open area,Human Error,Not Applicable,Damage Only,Rear end,Controlled,Not Applicable,City or Town Road,Bitumen(Tar),Dry,Not Applicable,Clear,O M  ROAD,A,3KM,0.0,0.0
Bengaluru City,K.R.Puram Traffic PS,1.04432e+16,2017,1,2,Road Accidents,Bridge,Not Applicable,Near Bus stop,Human Error,Not Applicable,Grievous Injury,Hit and Run,Controlled,Not Applicable,NH,Bitumen(Tar),Dry,Not Applicable,Fine,O. M ROAD,A,20 FEE,0.0,0.0
Bengaluru City,K.R.Puram Traffic PS,1.04432e+16,2017,1,2,Road Accidents,T Junction,City/Town,In bazaar,Human Error,Yes,Grievous Injury,Right Turn Collision,Not at  Junction,Straight and flat,City or Town Road,Bitumen(Tar),Dry,Not Applicable,Clear,T.C. PALYA JUNCTION NEAR ANANAPURA  JUNCTION,INFORNT OF NAIDU HOTEL,30FEET,0.0,0.0
Bengaluru City,K.R.Puram Traffic PS,1.04432e+16,2017,1,4,Road Accidents,Narrow road,City/Town,Residential area,Human Error,Not Applicable,Damage Only,Hit and Run,Controlled,Not Applicable,City or Town Road,Bitumen(Tar),Dry,Not Applicable,Clear,GAYTHRI LAYOUT,A,2 KM,0.0,0.0
Bengaluru City,K.R.Puram Traffic PS,1.04432e+16,2017,1,1,Road Accidents,Cross roads,City/Town,Near office complex,Human Error,Yes,Grievous Injury,Rear end,No signal lights,Others,City or Town Road,Gravel,Dry,Not Applicable,Clear,WHITE FIELD ROAD INFORNT OF METRO MALL,A,32FEET,0.0,0.0
Bengaluru City,K.R.Puram Traffic PS,1.04432e+16,2017,1,2,Road Accidents,Y Junction,City/Town,Open area,Human Error,Not Applicable,Simple Injury,Hit and Run,No signal lights,Not Applicable,City or Town Road,Bitumen(Tar),Dry,Not Applicable,Clear,OM Road Pai Layout junction,A,3KM,0.0,0.0
Bengaluru City,K.R.Puram Traffic PS,1.04432e+16,2017,1,2,Road Accidents,Cross roads,City/Town,Near Bus stop,Human Error,No,Grievous Injury,Rear end,No signal lights,Curve,City or Town Road,Gravel,Dry,Not Applicable,Clear,graphite india road near  sitram palya junctin,A,32FEET,0.0,0.0
Bengaluru City,K.R.Puram Traffic PS,1.04432e+16,2017,1,2,Rail Road Accidents,Narrow road,City/Town,Open area,Human Error,Not Applicable,Damage Only,Rear end,Controlled,Not Applicable,City or Town Road,Bitumen(Tar),Dry,Construction Work / Material,Clear,M D PURA RING ROAD,A,5KM,0.0,0.0
Bengaluru City,K.R.Puram Traffic PS,1.04432e+16,2017,1,1,Road Accidents,Cross roads,City/Town,Near Bus stop,Human Error,No,Grievous Injury,Rear end,No signal lights,Others,City or Town Road,Bitumen(Tar),Dry,Not Applicable,Clear,O M ROAD K R PURA  POLICE QUTRS BUS STOP,A,12FEET,0.0,0.0
Bengaluru City,K.R.Puram Traffic PS,1.04432e+16,2017,1,2,Road Accidents,Narrow road,City/Town,Open area,Human Error,Not Applicable,Damage Only,Rear end,Controlled,Not Applicable,City or Town Road,Bitumen(Tar),Dry,Not Applicable,Clear,WHITE FEILD ROAD,A,5KM,0.0,0.0
Bengaluru City,K.R.Puram Traffic PS,1.04432e+16,2017,1,2,Rail Road Accidents,Narrow road,City/Town,Open area,Human Error,Not Applicable,Damage Only,Rear end,Controlled,Not Applicable,City or Town Road,Bitumen(Tar),Dry,Not Applicable,Clear,O M ROAD,A,2KM,0.0,0.0
Bengaluru City,K.R.Puram Traffic PS,1.04432e+16,2017,1,2,Road Accidents,Narrow road,City/Town,Open area,Human Error,No,Damage Only,Rear end,Controlled,Not Applicable,City or Town Road,Bitumen(Tar),Dry,Not Applicable,Clear,WHITE FILD ROAD,A,5KM,0.0,0.0
Bengaluru City,K.R.Puram Traffic PS,1.04432e+16,2017,1,1,Rail Road Accidents,Narrow road,Not Applicable,Open area,Human Error,Not Applicable,Simple Injury,Rear end,Controlled,Not Applicable,City or Town Road,Bitumen(Tar),Dry,Not Applicable,Clear,HOYSALA NAGAR,A,3KM,0.0,0.0
Bengaluru City,K.R.Puram Traffic PS,1.04432e+16,2017,1,2,Rail Road Accidents,Narrow road,Not Applicable,Open area,Human Error,Not Applicable,Simple Injury,Rear end,Controlled,Not Applicable,City or Town Road,Bitumen(Tar),Dry,Not Applicable,Clear,M D PURA,A,5KM,0.0,0.0
Bengaluru City,K.R.Puram Traffic PS,1.04432e+16,2017,1,1,Road Accidents,Narrow road,Not Applicable,At pedestrian Crossing,Human Error,Yes,Grievous Injury,Hit and Run,Uncontrolled,Straight and flat,One way,Surfaced,Dry,Not Applicable,Clear,"O M ROAD, NEAR ITI COLONY GATE",O M ROAD,1 K M,0.0,0.0
Bengaluru City,K.R.Puram Traffic PS,1.04432e+16,2017,1,2,Road Accidents,Other,City/Town,Open area,Human Error,No,Grievous Injury,Others,No signal lights,Straight and flat,City or Town Road,Bitumen(Tar),Dry,Not Applicable,Fine,WHITE FIELD ROAD NEAR KEB OFFICE,KEB OFFICE GATE,3FEET,0.0,0.0
Bengaluru City,K.R.Puram Traffic PS,1.04432e+16,2017,1,1,Road Accidents,Junction,Not Applicable,Affected by encroachments,Human Error,Yes,Grievous Injury,Side swipe,Uncontrolled,Straight and flat,One way,Surfaced,Dry,Not Applicable,Clear,NEAR K R PURAM RAILWAY STATION,NEAR K R PURAM RAILWAY STATION,2 KM,0.0,0.0
Bengaluru City,K.R.Puram Traffic PS,1.04432e+16,2017,1,2,Road Accidents,Cross roads,Not Applicable,In bazaar,Vehicle Defect,Yes,Damage Only,Hit and Run,Uncontrolled,Hump,One way,Surfaced,Dry,Not Applicable,Clear,"O M ROAD,Near Uday Nagar Cross",Tin Factory,3 Km,0.0,0.0
Bengaluru City,K.R.Puram Traffic PS,1.04432e+16,2017,1,2,Road Accidents,Bridge,City/Town,Narrow bridge or culverts,Human Error,Not Applicable,Simple Injury,Hit and Run,Controlled,Not Applicable,Residential Street,Bitumen(Tar),Dry,Not Applicable,Clear,KASTHURINAGAR BRIDGE,A,3KM,0.0,0.0
Bengaluru City,K.R.Puram Traffic PS,1.04432e+16,2017,1,1,Road Accidents,Junction,City/Town,Near Bus stop,Human Error,Yes,Grievous Injury,Hit and Run,Uncontrolled,Not Applicable,Others,Not Applicable,Dry,Not Applicable,Fine,"White Field road, M D Pura bus stop",1,10,0.0,0.0
Bengaluru City,K.R.Puram Traffic PS,1.04432e+16,2017,1,2,Road Accidents,Narrow road,City/Town,Narrow bridge or culverts,Human Error,Not Applicable,Damage Only,Hit and Run,Controlled,Not Applicable,City or Town Road,Bitumen(Tar),Dry,Not Applicable,Clear,mahadevapura Ring Road,a,3km,0.0,0.0
Bengaluru City,K.R.Puram Traffic PS,1.04432e+16,2017,1,1,Road Accidents,Junction,City/Town,Near Bus stop,Human Error,Yes,Grievous Injury,Hit and Run,Signal lights Not working,Others,NH,Surfaced,Dry,Not Applicable,Clear,"Old Madras road, Near Devasandra junction",A,30,0.0,0.0
Bengaluru City,K.R.Puram Traffic PS,1.04432e+16,2017,1,2,Road Accidents,Cross roads,City/Town,Near office complex,Human Error,Yes,Fatal,Hit and Run,No signal lights,Others,City or Town Road,Bitumen(Tar),Dry,Not Applicable,Clear,GRAPHITE INDIA ROAD GUJARATH PETRO SENTISES,A,15FEET,12.977602,77.707658
Bengaluru City,K.R.Puram Traffic PS,1.04432e+16,2017,1,1,Rail Road Accidents,Narrow road,Not Applicable,Open area,Human Error,Not Applicable,Fatal,Rear end,Controlled,Not Applicable,City or Town Road,Bitumen(Tar),Dry,Not Applicable,Clear,M D PURAM,A,2KM,12.995172,77.684411
Bengaluru City,K.R.Puram Traffic PS,1.04432e+16,2017,1,1,Rail Road Accidents,Narrow road,City/Town,Open area,Human Error,Not Applicable,Damage Only,Rear end,Controlled,Not Applicable,City or Town Road,Bitumen(Tar),Dry,Not Applicable,Clear,o m road,A,2KM,0.0,0.0
Bengaluru City,K.R.Puram Traffic PS,1.04432e+16,2017,1,2,Rail Road Accidents,Narrow road,City/Town,Open area,Human Error,Not Applicable,Simple Injury,Rear end,Controlled,Not Applicable,City or Town Road,Bitumen(Tar),Dry,Not Applicable,Clear,O M ROAD,A,2KM,0.0,0.0
Bengaluru City,K.R.Puram Traffic PS,1.04432e+16,2017,1,2,Rail Road Accidents,Narrow road,City/Town,Open area,Human Error,Not Applicable,Simple Injury,Hit and Run,Controlled,Not Applicable,City or Town Road,Bitumen(Tar),Dry,Not Applicable,Clear,O M ROD,A,2KM,0.0,0.0
Bengaluru City,K.R.Puram Traffic PS,1.04432e+16,2017,1,2,Road Accidents,Narrow road,Not Applicable,Open area,Human Error,Not Applicable,Damage Only,Rear end,Controlled,Not Applicable,City or Town Road,Bitumen(Tar),Dry,Not Applicable,Clear,O M ROAD,A,2KM,0.0,0.0
Bengaluru City,K.R.Puram Traffic PS,1.04432e+16,2017,1,2,Rail Road Accidents,Narrow road,Not Applicable,Open area,Human Error,Not Applicable,Simple Injury,Rear end,Controlled,Not Applicable,City or Town Road,Bitumen(Tar),Dry,Not Applicable,Clear,O M ROAD,A,2KM,0.0,0.0
Bengaluru City,K.R.Puram Traffic PS,1.04432e+16,2017,1,2,Rail Road Accidents,Narrow road,Not Applicable,Open area,Human Error,Not Applicable,Simple Injury,Hit and Run,Controlled,Not Applicable,City or Town Road,Bitumen(Tar),Dry,Not Applicable,Clear,WHITE FEILD ROAD,A,5KM,0.0,0.0
Bengaluru City,K.R.Puram Traffic PS,1.04432e+16,2017,1,2,Road Accidents,Narrow road,Not Applicable,Open area,Human Error,Not Applicable,Damage Only,Rear end,Controlled,Not Applicable,City or Town Road,Bitumen(Tar),Dry,Not Applicable,Clear,WHITE FEILD ROAD,A,3km,0.0,0.0
Bengaluru City,K.R.Puram Traffic PS,1.04432e+16,2017,1,1,Road Accidents,Bridge,City/Town,Narrow bridge or culverts,Human Error,No,Fatal,Skidding or Self accident,Uncontrolled,Others,Two way,Surfaced,Muddy,Not Applicable,Clear,"R M Nagara ring road, kasthuringara bridge",a,28,0.0,0.0
Bengaluru City,K.R.Puram Traffic PS,1.04432e+16,2017,1,2,Road Accidents,Narrow road,City/Town,Narrow bridge or culverts,Human Error,Yes,Fatal,Hit and Run,Uncontrolled,Others,Two way,Surfaced,Dry,Not Applicable,Fine,"R M Nagara ring road, Kasthurinagara bridge",a,14,0.0,0.0
Bengaluru City,K.R.Puram Traffic PS,1.04432e+16,2017,1,2,Road Accidents,Cross roads,City/Town,Near Hospital,Human Error,Yes,Damage Only,Rear end,No signal lights,Curve,City or Town Road,Gravel,Dry,Not Applicable,Clear,M D PURA RING ROAD RAIN BOW HOSPITAL,A,20FEET,0.0,0.0
Bengaluru City,K.R.Puram Traffic PS,1.04432e+16,2017,1,1,Road Accidents,Other,City/Town,Open area,Human Error,Not Applicable,Grievous Injury,Hit and Run,No signal lights,Incline,City or Town Road,Bitumen(Tar),Dry,Not Applicable,Fine,WHITE FIELD ROAD,A,3KM,0.0,0.0
Bengaluru City,K.R.Puram Traffic PS,1.04432e+16,2017,1,1,Road Accidents,Narrow road,City/Town,Open area,Human Error,Yes,Fatal,Hit and Run,Controlled,Not Applicable,Two way,Bitumen(Tar),Dry,Not Applicable,Clear,OLD MADRAS  ROAD,A,28FEET,0.0,0.0
Bengaluru City,K.R.Puram Traffic PS,1.04432e+16,2017,1,2,Road Accidents,Cross roads,City/Town,Near Bus stop,Vehicle Defect,Yes,Not Applicable,Hit and Run,No signal lights,Others,Village Road,Not Applicable,Dry,Not Applicable,Others,NRI LAYOUT,A,17FEET,0.0,0.0
Bengaluru City,K.R.Puram Traffic PS,1.04432e+16,2017,1,1,Road Accidents,Narrow road,City/Town,At pedestrian Crossing,Human Error,No,Grievous Injury,Hit pedestrian,Not at  Junction,Others,Others,Surfaced,Others,Not Applicable,Clear,"White Field road, Near S B M Bank",A,8,0.0,0.0
Bengaluru City,K.R.Puram Traffic PS,1.04432e+16,2017,1,2,Road Accidents,Curves,City/Town,Narrow bridge or culverts,Human Error,No,Damage Only,Rear end,No signal lights,Curve,City or Town Road,Not Applicable,Dry,Not Applicable,Clear,R M NAGARA BRIDGE,A,B,0.0,0.0
Bengaluru City,K.R.Puram Traffic PS,1.04432e+16,2017,1,2,Rail Road Accidents,Cross roads,City/Town,Open area,Human Error,No,Damage Only,Rear end,No signal lights,Others,City or Town Road,Bitumen(Tar),Dry,Not Applicable,Clear,R M NAGAR RING ROAD SIGNAL,A,12FEET,0.0,0.0
Bengaluru City,K.R.Puram Traffic PS,1.04432e+16,2017,1,1,Road Accidents,Narrow road,Not Applicable,Open area,Human Error,Not Applicable,Simple Injury,Rear end,Controlled,Not Applicable,City or Town Road,Bitumen(Tar),Dry,Not Applicable,Clear,WHITE FEILD ROAD,A,5KM,0.0,0.0