DISTRICTNAME,UNITNAME,Crime_No,Year,RI,Noofvehicle_involved,Accident_Classification,Accident_Spot,Accident_Location,Accident_SubLocation,Main_Cause,Hit_Run,Severity,Collision_Type,Junction_Control,Road_Character,Road_Type,Surface_Type,Surface_Condition,Road_Condition,Weather,Accident_Road,Landmark_first,Distance_LandMark_First,Latitude,Longitude
Bengaluru City,K.R.Puram Traffic PS,1.04432e+16,2019,1,1,Rail Road Accidents,Narrow road,City/Town,Open area,Human Error,No,Simple Injury,Not Applicable,Controlled,Not Applicable,Others,Bitumen(Tar),Dry,Not Applicable,Clear,O M ROAD BATTARAHALLI JUCTION,A,3KM,13.019612,77.708895
Bengaluru City,K.R.Puram Traffic PS,1.04432e+16,2019,1,2,Road Accidents,Cross roads,City/Town,Residential area,Human Error,Yes,Fatal,Vehicle to Vehicle,No signal lights,Curve,One way,Not Applicable,Dry,Not Applicable,Clear,HOODI ROAD SRINIVASAREDDY PG BULDINGE,A,13FEET,12.994341,77.717815
Bengaluru City,K.R.Puram Traffic PS,1.04432e+16,2019,1,1,Road Accidents,Junction,City/Town,Residential area,Human Error,No,Fatal,Hit pedestrian,No signal lights,Hump,Residential Street,Not Applicable,Dry,Not Applicable,Clear,M D PURA RINGE ROAD  IN FRONT OF NCC APTS,A,8FEET,12.993803,77.686615
Bengaluru City,K.R.Puram Traffic PS,1.04432e+16,2019,1,1,Road Accidents,Cross roads,City/Town,Near or inside a village,Human Error,No,Grievous Injury,Hit pedestrian,No signal lights,Not Applicable,Not Applicable,Bitumen(Tar),Dry,Not Applicable,Clear,NEAR CHENAMMA TEMPLE VIJINAPURA,INFRONT OF GANGAMMA HOUS,12FEET,0.0,0.0
Bengaluru City,K.R.Puram Traffic PS,1.04432e+16,2019,1,2,Road Accidents,Narrow road,City/Town,Open area,Human Error,Not Applicable,Damage Only,Vehicle to Vehicle,Controlled,Not Applicable,Others,Bitumen(Tar),Dry,Not Applicable,Clear,M D PURAM RING ROAD,A,5KM,0.0,0.0
Bengaluru City,K.R.Puram Traffic PS,1.04432e+16,2019,1,2,Road Accidents,Bridge,City/Town,Near School or College,Not Applicable,No,Damage Only,Rear end,No signal lights,Others,City or Town Road,Not Applicable,Dry,Not Applicable,Clear,WHITE FIELD ROAD NEAR LOWRY BRIDGE,A,5 FEET,13.000227,77.681253
Bengaluru City,K.R.Puram Traffic PS,1.04432e+16,2019,1,1,Road Accidents,Narrow road,Not Applicable,Open area,Human Error,Not Applicable,Grievous Injury,Rear end,Controlled,Not Applicable,City or Town Road,Bitumen(Tar),Dry,Not Applicable,Clear,NEW PLAWAVRS,A,3KM,12.993911,77.666365
Bengaluru City,K.R.Puram Traffic PS,1.04432e+16,2019,1,2,Road Accidents,Junction,City/Town,Open area,Human Error,Yes,Grievous Injury,Side impact or Right angle,Uncontrolled,Not Applicable,City or Town Road,Bitumen(Tar),Dry,Not Applicable,Fine,4th Cross infront of medi plus medical shop,med plus,4km to,0.0,0.0
Bengaluru City,K.R.Puram Traffic PS,1.04432e+16,2019,1,2,Road Accidents,Narrow road,Not Applicable,Open area,Human Error,Not Applicable,Damage Only,Rear end,Controlled,Not Applicable,City or Town Road,Bitumen(Tar),Dry,Not Applicable,Clear,ALPHINE APTS,A,3KM,12.973452,77.703003
Bengaluru City,K.R.Puram Traffic PS,1.04432e+16,2019,1,2,Road Accidents,Other,City/Town,Near Hospital,Not Applicable,No,Damage Only,Others,No signal lights,Others,City or Town Road,Bitumen(Tar),Others,Not Applicable,Fine,WHITE FIELD ROAD NEAR ZZURI HOTEL,MAYURA BEKARY,4KM,0.0,0.0
Bengaluru City,K.R.Puram Traffic PS,1.04432e+16,2019,1,2,Road Accidents,Narrow road,Not Applicable,Open area,Human Error,Not Applicable,Fatal,Hit and Run,Controlled,Not Applicable,City or Town Road,Bitumen(Tar),Dry,Not Applicable,Clear,R M NAGAR MAIN ROAD HONDA CITY SERVICE CENTER,A,B,13.012709,77.664426
Bengaluru City,K.R.Puram Traffic PS,1.04432e+16,2019,1,1,Road Accidents,Narrow road,Not Applicable,Open area,Human Error,Not Applicable,Simple Injury,Rear end,Controlled,Not Applicable,City or Town Road,Bitumen(Tar),Dry,Not Applicable,Clear,doddanakundi,a,5km,12.979758,77.6948
Bengaluru City,K.R.Puram Traffic PS,1.04432e+16,2019,1,2,Road Accidents,Not Applicable,City/Town,Near Bus stop,Human Error,Yes,Grievous Injury,Not Applicable,No signal lights,Others,Others,Not Applicable,Dry,Not Applicable,Others,R M  NGAR RING ROAD Kasthuri nagar bridge,a,14feet,12.997717,77.663944
Bengaluru City,K.R.Puram Traffic PS,1.04432e+16,2019,1,1,Road Accidents,Cross roads,City/Town,Residential area,Human Error,Yes,Grievous Injury,Not Applicable,No signal lights,Curve,Others,Not Applicable,Dry,Not Applicable,Clear,O M ROAD ROYAL RESIDENCE HOTEL,A,5FEET,13.024491,77.716951
Bengaluru City,K.R.Puram Traffic PS,1.04432e+16,2019,1,1,Road Accidents,Cross roads,City/Town,Near Bus stop,Human Error,No,Grievous Injury,Not Applicable,No signal lights,Curve,One way,Not Applicable,Dry,Not Applicable,Clear,I T I DEPO ROAD,A,5FEET,13.003383,77.682352
Bengaluru City,K.R.Puram Traffic PS,1.04432e+16,2019,1,2,Road Accidents,Narrow road,City/Town,Near Bus stop,Not Applicable,No,Fatal,Vehicle to Vehicle,Not Applicable,Others,Others,Bitumen(Tar),Dry,Not Applicable,Clear,R.M.NAGAR.INFRONT OF UNILET.BENGALURU CITY,A,28,13.012621,77.664602
Bengaluru City,K.R.Puram Traffic PS,1.04432e+16,2019,1,2,Road Accidents,Not Applicable,City/Town,Near Bus stop,Human Error,Yes,Grievous Injury,Vehicle to Vehicle,Not Applicable,Hump,Others,Not Applicable,Dry,Not Applicable,Clear,M D PURA RINGE ROAD NEAR B NARAYANAPURA BUS STOP,A,32FEET,0.0,0.0
Bengaluru City,K.R.Puram Traffic PS,1.04432e+16,2019,1,2,Road Accidents,Cross roads,City/Town,Residential area,Human Error,No,Simple Injury,Vehicle to Vehicle,No signal lights,Others,Not Applicable,Not Applicable,Dry,Not Applicable,Clear,R M NAGAR RINGE ROAD BIG BAZAR,A,9FEET,13.017555,77.659534
Bengaluru City,K.R.Puram Traffic PS,1.04432e+16,2019,1,2,Road Accidents,Narrow road,City/Town,Narrow bridge or culverts,Not Applicable,No,Grievous Injury,Vehicle to Vehicle,Give way sign,Others,NH,Bitumen(Tar),Dry,Not Applicable,Clear,O M ROAD NEAR I T I GATE,A1,32FT,13.0078,77.689454
Bengaluru City,K.R.Puram Traffic PS,1.04432e+16,2019,1,2,Road Accidents,Not Applicable,City/Town,Near Bus stop,Human Error,Yes,Damage Only,Vehicle to Vehicle,Not Applicable,Others,One way,Not Applicable,Dry,Not Applicable,Clear,RM NAGAR MAIN ROAD INFRONT OF BATA SHOROOM,A,25FEET,13.011441,77.674916
Bengaluru City,K.R.Puram Traffic PS,1.04432e+16,2019,1,1,Road Accidents,Not Applicable,City/Town,Near Bus stop,Human Error,No,Grievous Injury,Hit pedestrian,No signal lights,Others,Others,Bitumen(Tar),Dry,Not Applicable,Clear,MAHADEVAPURA RING ROAD INFRONT OF  INDIAN OIL PETROL BUNK,STREET LIGHT,23FEET,12.987067,77.690161
Bengaluru City,K.R.Puram Traffic PS,1.04432e+16,2019,1,2,Road Accidents,Junction,City/Town,Near Bus stop,Not Applicable,No,Grievous Injury,Vehicle to Vehicle,Controlled,Others,NH,Bitumen(Tar),Dry,Not Applicable,Clear,O M ROAD NEAR I T I GATE,A1,20FT,13.005188,77.684933
Bengaluru City,K.R.Puram Traffic PS,1.04432e+16,2019,1,2,Road Accidents,Narrow road,Not Applicable,Open area,Human Error,Not Applicable,Damage Only,Rear end,Controlled,Not Applicable,City or Town Road,Bitumen(Tar),Dry,Not Applicable,Clear,O M ROAD SATHYA SAI HOSPITAL,A,4KM,13.021928,77.712843
Bengaluru City,K.R.Puram Traffic PS,1.04432e+16,2019,1,1,Road Accidents,Narrow road,Not Applicable,Open area,Human Error,Not Applicable,Simple Injury,Rear end,Controlled,Not Applicable,City or Town Road,Bitumen(Tar),Dry,Not Applicable,Clear,M D PURAM,A,4KM,0.0,0.0
Bengaluru City,K.R.Puram Traffic PS,1.04432e+16,2019,1,2,Road Accidents,Narrow road,City/Town,Near Bus stop,Not Applicable,Yes,Damage Only,Vehicle to Vehicle,Controlled,Not Applicable,State Highway,Bitumen(Tar),Dry,Not Applicable,Clear,O M ROAD,A,3KM,12.997967,77.671208
Bengaluru City,K.R.Puram Traffic PS,1.04432e+16,2019,1,1,Road Accidents,Narrow road,Not Applicable,Open area,Human Error,Not Applicable,Simple Injury,Rear end,Controlled,Not Applicable,City or Town Road,Concrete,Dry,Not Applicable,Clear,"NO 84,R M S COLONY",A,4KM,13.019499,77.710089
Bengaluru City,K.R.Puram Traffic PS,1.04432e+16,2019,1,2,Road Accidents,Cross roads,City/Town,Near School or College,Human Error,Yes,Grievous Injury,Vehicle to Vehicle,No signal lights,Others,One way,Not Applicable,Dry,Not Applicable,Clear,B M A COLLEGE ROAD IN FORNT OF VIBGAYOR SCHOOL,A,8FEET,12.977654,77.692175
Bengaluru City,K.R.Puram Traffic PS,1.04432e+16,2019,1,2,Road Accidents,Cross roads,City/Town,Residential area,Human Error,No,Grievous Injury,Not Applicable,No signal lights,Others,One way,Not Applicable,Dry,Not Applicable,Clear,O M ROAD I T I B AREA QTRS,A,34FEET,13.007262,77.41233
Bengaluru City,K.R.Puram Traffic PS,1.04432e+16,2019,1,2,Road Accidents,Cross roads,City/Town,Near Petrol Pump,Human Error,Yes,Grievous Injury,Not Applicable,No signal lights,Not Applicable,One way,Not Applicable,Dry,Not Applicable,Clear,BASAVANPURA MAIN ROAD ESSAR PETROL NEAR,A,5FEET,13.014163,77.709542
Bengaluru City,K.R.Puram Traffic PS,1.04432e+16,2019,1,1,Road Accidents,Not Applicable,City/Town,Narrow bridge or culverts,Human Error,Yes,Grievous Injury,Not Applicable,No signal lights,Not Applicable,Others,Not Applicable,Dry,Not Applicable,Clear,R M NAGAR BRIDGE ROAD,A,43FEET,13.013185,77.862055
Bengaluru City,K.R.Puram Traffic PS,1.04432e+16,2019,1,2,Road Accidents,Curves,City/Town,Near Bus stop,Human Error,Yes,Simple Injury,Vehicle to Vehicle,No signal lights,Others,NH,Bitumen(Tar),Dry,Not Applicable,Clear,OM ROAD PAI LAYOUT  NEAR DOMINOS  PIZZA,STREET LIGHT,32FEET,0.0,0.0
Bengaluru City,K.R.Puram Traffic PS,1.04432e+16,2019,1,2,Road Accidents,Circle,City/Town,Near Bus stop,Human Error,Yes,Damage Only,Vehicle to Vehicle,No signal lights,Curve,Others,Not Applicable,Dry,Not Applicable,Clear,R M NAGAR RINGE ROAD  NEAR BIGE BAZAR,A,16FEET,0.0,0.0
Bengaluru City,K.R.Puram Traffic PS,1.04432e+16,2019,1,2,Road Accidents,Narrow road,City/Town,Near Bus stop,Human Error,Yes,Damage Only,Vehicle to Vehicle,Give way sign,Others,NH,Not Applicable,Dry,Not Applicable,Clear,O M ROAD INFRONT OF M MTEMPLE,A1,5FEET,12.996868,77.669018
Bengaluru City,K.R.Puram Traffic PS,1.04432e+16,2019,1,1,Road Accidents,Narrow road,City/Town,Near Bus stop,Human Error,No,Fatal,Not Applicable,Not Applicable,Curve,Service Road,Not Applicable,Dry,Not Applicable,Clear,"M.D PURA RING ROAD,NEAR BAGMANE TRCH PARK",A1,20FEET,12.982291,77.693277
Bengaluru City,K.R.Puram Traffic PS,1.04432e+16,2019,1,4,Road Accidents,Cross roads,City/Town,In bazaar,Human Error,No,Grievous Injury,Rear end,No signal lights,Others,City or Town Road,Not Applicable,Dry,Not Applicable,Clear,SARASWATHI NAGR 2ND CROSS NEAR MANJUNATHA MEDICALES,A,2 FEET,0.0,0.0
Bengaluru City,K.R.Puram Traffic PS,1.04432e+16,2019,1,1,Not Applicable,Not Applicable,City/Town,Residential area,Human Error,Yes,Grievous Injury,Hit pedestrian,No signal lights,Not Applicable,Residential Street,Bitumen(Tar),Dry,Not Applicable,Clear,"BASAVANAGARA, NEAR BASAWESWARA TEMPLE",A,15,0.0,0.0
Bengaluru City,K.R.Puram Traffic PS,1.04432e+16,2019,1,1,Road Accidents,Narrow road,Not Applicable,Open area,Human Error,Not Applicable,Grievous Injury,Hit and Run,Controlled,Not Applicable,City or Town Road,Bitumen(Tar),Ditch or Potholed,Not Applicable,Clear,m d pura,a,5km,12.994119,77.685379
Bengaluru City,K.R.Puram Traffic PS,1.04432e+16,2019,1,1,Road Accidents,Narrow road,Not Applicable,Open area,Human Error,Not Applicable,Simple Injury,Rear end,Controlled,Not Applicable,City or Town Road,Bitumen(Tar),Dry,Not Applicable,Clear,R M NAGAR,A,3KM,0.0,0.0
Bengaluru City,K.R.Puram Traffic PS,1.04432e+16,2019,1,1,Road Accidents,Narrow road,Not Applicable,Open area,Human Error,Not Applicable,Grievous Injury,Rear end,Controlled,Not Applicable,City or Town Road,Bitumen(Tar),Dry,Not Applicable,Clear,M D PURAM,A,2KM,12.994306,77.684935
Bengaluru City,K.R.Puram Traffic PS,1.04432e+16,2019,1,1,Road Accidents,Narrow road,Not Applicable,Open area,Human Error,Not Applicable,Grievous Injury,Right Turn Collision,Controlled,Not Applicable,City or Town Road,Bitumen(Tar),Dry,Not Applicable,Clear,O M ROAD,A,2KM,0.0,0.0
Bengaluru City,K.R.Puram Traffic PS,1.04432e+16,2019,1,2,Road Accidents,Narrow road,Not Applicable,Open area,Human Error,Not Applicable,Grievous Injury,Rear end,Controlled,Not Applicable,City or Town Road,Bitumen(Tar),Dry,Not Applicable,Clear,m d puram ring road,a,4km,0.0,0.0
Bengaluru City,K.R.Puram Traffic PS,1.04432e+16,2019,1,2,Road Accidents,Narrow road,Not Applicable,Open area,Human Error,Not Applicable,Damage Only,Rear end,Controlled,Not Applicable,City or Town Road,Bitumen(Tar),Dry,Not Applicable,Clear,R M NAGAR,A,4KM,0.0,0.0
Bengaluru City,K.R.Puram Traffic PS,1.04432e+16,2019,1,1,Road Accidents,Narrow road,Not Applicable,Open area,Human Error,Not Applicable,Grievous Injury,Rear end,Controlled,Not Applicable,City or Town Road,Bitumen(Tar),Dry,Not Applicable,Clear,M D PURAM RING ROAD,A,5KM,12.982879,77.692553
Bengaluru City,K.R.Puram Traffic PS,1.04432e+16,2019,1,1,Road Accidents,Cross roads,City/Town,In bazaar,Vehicle Defect,Yes,Grievous Injury,Hit pedestrian,No signal lights,Others,Others,Bitumen(Tar),Dry,Not Applicable,Fine,6th cross vijinapura,srinivasa milk paurler,3km,0.0,0.0
Bengaluru City,K.R.Puram Traffic PS,1.04432e+16,2019,1,2,Road Accidents,Narrow road,Not Applicable,Open area,Human Error,Not Applicable,Simple Injury,Rear end,Controlled,Not Applicable,City or Town Road,Bitumen(Tar),Dry,Not Applicable,Clear,M D PURAM,A,4KM,0.0,0.0
Bengaluru City,K.R.Puram Traffic PS,1.04432e+16,2019,1,1,Road Accidents,Narrow road,Not Applicable,Open area,Human Error,Not Applicable,Grievous Injury,Rear end,Controlled,Not Applicable,City or Town Road,Bitumen(Tar),Dry,Not Applicable,Clear,M D PURAM  EMC 2,A,4KM,12.982958,77.692697
Bengaluru City,K.R.Puram Traffic PS,1.04432e+16,2019,1,1,Road Accidents,Junction,City/Town,Residential area,Human Error,No,Grievous Injury,Not Applicable,No signal lights,Others,Residential Street,Not Applicable,Dry,Not Applicable,Clear,M D PURA RING ROAD,A1,12FEET,12.989305,77.688875
Bengaluru City,K.R.Puram Traffic PS,1.04432e+16,2019,1,2,Road Accidents,Narrow road,City/Town,Open area,Human Error,No,Simple Injury,Vehicle to Vehicle,Controlled,Not Applicable,NH,Bitumen(Tar),Dry,Not Applicable,Clear,T C Palya Main Road,A,3KM,13.020726,77.686199
Bengaluru City,K.R.Puram Traffic PS,1.04432e+16,2019,1,2,Road Accidents,Not Applicable,City/Town,Open area,Human Error,No,Simple Injury,Vehicle to Vehicle,Controlled,Not Applicable,Others,Bitumen(Tar),Dry,Not Applicable,Clear,O M ROAD K R IN HOTEL,A,2KM,13.014401,77.700495
Bengaluru City,K.R.Puram Traffic PS,1.04432e+16,2019,1,1,Road Accidents,Narrow road,City/Town,Open area,Human Error,Yes,Fatal,Hit pedestrian,Not at  Junction,Straight and flat,Two way,Concrete,Dry,Not Applicable,Fine,"R M NAGARA RING ROAD, NEAR AMBIKA TIMBER, KASTHURINAGARA",A,16,13.008287,77.662507
Bengaluru City,K.R.Puram Traffic PS,1.04432e+16,2019,1,1,Road Accidents,Cross roads,City/Town,Residential area,Human Error,No,Grievous Injury,Not Applicable,Not Applicable,Curve,One way,Not Applicable,Dry,No influence on accident,Clear,M D PURA RINGE ROAD IN FRNOT OF NAGARJUNA APARMENTS,A,18FEET,12.994001,77.685435
Bengaluru City,K.R.Puram Traffic PS,1.04432e+16,2019,1,1,Road Accidents,Narrow road,City/Town,Near Hospital,Human Error,No,Fatal,Not Applicable,Not at  Junction,Straight and flat,One way,Bitumen(Tar),Dry,Not Applicable,Fine,"M D PURA RING ROAD, NEAR SELAM BRIDGE",A,39,12.971765,77.699337
Bengaluru City,K.R.Puram Traffic PS,1.04432e+16,2019,1,2,Road Accidents,Cross roads,City/Town,Near a religious place,Human Error,Yes,Simple Injury,Vehicle to Vehicle,No signal lights,Others,Service Road,Bitumen(Tar),Others,Not Applicable,Clear,M D PURA NEAR MAHESWARI TEMPLE,STREET LIGHT,18FEET,12.989845,77.672333
Bengaluru City,K.R.Puram Traffic PS,1.04432e+16,2019,1,1,Road Accidents,Narrow road,City/Town,Near School or College,Not Applicable,Yes,Grievous Injury,Hit pedestrian,No signal lights,Not Applicable,Others,Not Applicable,Dry,Not Applicable,Clear,OMBR LAYOUT CMR COLLAGE ROAD NEAR UDIPI  HOTEL BENGALURU,A,26FEET,0.0,0.0
Bengaluru City,K.R.Puram Traffic PS,1.04432e+16,2019,1,2,Road Accidents,Cross roads,City/Town,Residential area,Not Applicable,Yes,Damage Only,Vehicle to Vehicle,No signal lights,Not Applicable,Not Applicable,Not Applicable,Dry,Not Applicable,Clear,M D PURA RINGE ROAD IN FRONT OF BAGAMANE TECH PARCK,A,22FEET,12.982527,77.692987
Bengaluru City,K.R.Puram Traffic PS,1.04432e+16,2019,1,1,Road Accidents,Narrow road,City/Town,Near Petrol Pump,Human Error,No,Fatal,Not Applicable,Not at  Junction,Curve,Others,Not Applicable,Dry,Not Applicable,Clear,KALKERE MAIN ROAD .NEAR BHARATH PETROL BUNK OLD SANTHE ROAD,A,24FEET,13.01854,77.677859
Bengaluru City,K.R.Puram Traffic PS,1.04432e+16,2019,1,1,Road Accidents,Narrow road,City/Town,Near Bus stop,Human Error,No,Fatal,Hit pedestrian,No signal lights,Others,Service Road,Not Applicable,Dry,Not Applicable,Clear,NEAR NCC APARTMENT.B NARAYANPURA,A,15FEET,12.994306,77.684949
Bengaluru City,K.R.Puram Traffic PS,1.04432e+16,2019,1,1,Road Accidents,Junction,City/Town,Near Hospital,Human Error,No,Simple Injury,Not Applicable,Not Applicable,Others,NH,Not Applicable,Dry,Not Applicable,Clear,O M ROAD K R PURA GOVT HOSPITAL,A,12FEET,13.008263,77.692422
Bengaluru City,K.R.Puram Traffic PS,1.04432e+16,2019,1,2,Road Accidents,Curves,City/Town,Near Petrol Pump,Human Error,No,Grievous Injury,Vehicle to Vehicle,Not Applicable,Others,NH,Not Applicable,Dry,Not Applicable,Clear,"OM ROAD ,KR PURA PETROL BUNK",A,5 FEET,13.007927,77.691432
Bengaluru City,K.R.Puram Traffic PS,1.04432e+16,2019,1,2,Road Accidents,Narrow road,Not Applicable,Open area,Human Error,Not Applicable,Damage Only,Rear end,Controlled,Not Applicable,City or Town Road,Bitumen(Tar),Dry,Not Applicable,Clear,O M ROAD I T I GATE,A,3KM,13.005281,77.685237
Bengaluru City,K.R.Puram Traffic PS,1.04432e+16,2019,1,2,Road Accidents,Curves,City/Town,Near Bus stop,Human Error,Yes,Grievous Injury,Vehicle to Vehicle,Not at  Junction,Curve,Others,Bitumen(Tar),Dry,Not Applicable,Clear,K CHANNASANDRA ROAD OPP TYLES STORE BENGALUR,A1,20FEET,13.041746,77.679702
Bengaluru City,K.R.Puram Traffic PS,1.04432e+16,2019,1,1,Road Accidents,Narrow road,Not Applicable,Open area,Human Error,Not Applicable,Simple Injury,Rear end,Controlled,Not Applicable,Not Applicable,Bitumen(Tar),Dry,Not Applicable,Clear,DEVASANDRA,A,2KM,0.0,0.0
Bengaluru City,K.R.Puram Traffic PS,1.04432e+16,2019,1,1,Rail Road Accidents,Narrow road,Not Applicable,Open area,Human Error,Not Applicable,Simple Injury,Rear end,Controlled,Not Applicable,City or Town Road,Not Applicable,Dry,Not Applicable,Clear,o m road,a,3km,13.021968,77.712877
Bengaluru City,K.R.Puram Traffic PS,1.04432e+16,2019,1,2,Road Accidents,Narrow road,City/Town,Open area,Human Error,No,Damage Only,Vehicle to Vehicle,Controlled,Not Applicable,Not Applicable,Concrete,Dry,Not Applicable,Not Applicable,T C PALYA MAIN ROAD NEAR DEVASANDRA,A,2KM,13.020664,77.684224
Bengaluru City,K.R.Puram Traffic PS,1.04432e+16,2019,1,2,Road Accidents,Cross roads,City/Town,Residential area,Human Error,Yes,Grievous Injury,Not Applicable,No signal lights,Curve,Others,Not Applicable,Dry,Not Applicable,Clear,GRAPHITE INDIA FACTORY BEHAND ROAD INFRONT OF  GM APARTMENT,A,5FEET,12.978177,77.708397
Bengaluru City,K.R.Puram Traffic PS,1.04432e+16,2019,1,2,Road Accidents,Not Applicable,City/Town,Residential area,Human Error,Yes,Grievous Injury,Vehicle to Vehicle,No signal lights,Others,NH,Not Applicable,Dry,Not Applicable,Clear,O M ROAD  K R PURA TRAFFICE STATION,A,10FEET,13.008199,77.694012
Bengaluru City,K.R.Puram Traffic PS,1.04432e+16,2019,1,2,Road Accidents,Not Applicable,City/Town,Near Hospital,Not Applicable,No,Grievous Injury,Vehicle to Vehicle,No signal lights,Not Applicable,One way,Not Applicable,Dry,Not Applicable,Clear,O M ROAD NEAR SATHAYA SAI HOSPITAL,A,12FEET,13.021402,77.713165
Bengaluru City,K.R.Puram Traffic PS,1.04432e+16,2019,1,2,Road Accidents,Narrow road,City/Town,Near Bus stop,Human Error,No,Grievous Injury,Vehicle to Vehicle,Not Applicable,Others,NH,Not Applicable,Dry,Not Applicable,Clear,"O M ROAD INFRONT OF SHREE RAM HOSPITAL ,K R PURA",A1,18FEET,13.008468,77.693825
Bengaluru City,K.R.Puram Traffic PS,1.04432e+16,2019,1,1,Road Accidents,Not Applicable,City/Town,Near Bus stop,Human Error,No,Simple Injury,Not Applicable,No signal lights,Not Applicable,NH,Bitumen(Tar),Not Applicable,Not Applicable,Clear,O M ROAD NEAR GANEESH TEMPLE,KEMPEGWODA STATUE,27FEET,13.008196,77.694919
Bengaluru City,K.R.Puram Traffic PS,1.04432e+16,2019,1,2,Road Accidents,Not Applicable,City/Town,Near Bus stop,Human Error,No,Simple Injury,Vehicle to Vehicle,No signal lights,Others,Others,Bitumen(Tar),Not Applicable,Not Applicable,Clear,MAHADEVAPURA RING ROAD NEAR MAHADEVAPURA BRIDGE,STREET LIGHT,25FEET,12.992697,77.686359
Bengaluru City,K.R.Puram Traffic PS,1.04432e+16,2019,1,1,Road Accidents,Other,City/Town,At pedestrian Crossing,Human Error,No,Grievous Injury,Hit pedestrian,Not at  Junction,Not Applicable,City or Town Road,Bitumen(Tar),Dry,Not Applicable,Clear,"WHITE CITY LAYOUT, 5 TH MAIN ROAD",A,25,0.0,0.0
Bengaluru City,K.R.Puram Traffic PS,1.04432e+16,2019,1,1,Road Accidents,Other,City/Town,Residential area,Not Applicable,No,Grievous Injury,Rear end,Not Applicable,Hump,City or Town Road,Not Applicable,Dry,Not Applicable,Clear,M D PURA RING ROAD,A,10 FEE,0.0,0.0
Bengaluru City,K.R.Puram Traffic PS,1.04432e+16,2019,1,1,Road Accidents,Other,City/Town,Near Bus stop,Human Error,Yes,Fatal,Hit and Run,No signal lights,Others,City or Town Road,Not Applicable,Dry,Not Applicable,Clear,R M NAGAR NEAR KASTHURI NAGAR,A,5 FEET,13.003743,77.663245
Bengaluru City,K.R.Puram Traffic PS,1.04432e+16,2019,1,1,Road Accidents,Narrow road,Not Applicable,Open area,Human Error,Not Applicable,Grievous Injury,Hit and Run,Controlled,Not Applicable,City or Town Road,Bitumen(Tar),Dry,Not Applicable,Clear,M D PURAM RING ROAD,A,4KM,12.994532,77.684883
Bengaluru City,K.R.Puram Traffic PS,1.04432e+16,2019,1,2,Road Accidents,Narrow road,Not Applicable,Open area,Human Error,Not Applicable,Damage Only,Rear end,Controlled,Not Applicable,City or Town Road,Not Applicable,Dry,Not Applicable,Clear,O M ROAD,A,2KM,0.0,0.0
Bengaluru City,K.R.Puram Traffic PS,1.04432e+16,2019,1,1,Road Accidents,Narrow road,Not Applicable,Open area,Human Error,Not Applicable,Grievous Injury,Hit and Run,Controlled,Not Applicable,City or Town Road,Bitumen(Tar),Dry,Not Applicable,Clear,S E A COLLEGE,A,3KM,0.0,0.0
Bengaluru City,K.R.Puram Traffic PS,1.04432e+16,2019,1,2,Road Accidents,Narrow road,City/Town,Near Petrol Pump,Human Error,Yes,Fatal,Vehicle to Vehicle,Not at  Junction,Straight and flat,Service Road,Bitumen(Tar),Dry,Not Applicable,Cloudy,"MAHADEVAPUR RING ROAD, NEAR KABAB MAGIC HOTEL",C,30,12.978699,77.695381
Bengaluru City,K.R.Puram Traffic PS,1.04432e+16,2019,1,2,Road Accidents,Junction,City/Town,Near Hospital,Human Error,No,Damage Only,Not Applicable,No signal lights,Hump,Service Road,Gravel,Dry,Not Applicable,Clear,M D PURA RING ROAD NEAR BAINBOW HOSPITAL,A,39FEET,12.975318,77.697462
Bengaluru City,K.R.Puram Traffic PS,1.04432e+16,2019,1,2,Road Accidents,Cross roads,City/Town,Open area,Human Error,Yes,Grievous Injury,Vehicle to Vehicle,No signal lights,Others,One way,Not Applicable,Dry,Not Applicable,Clear,SIGEHALLI MAIN ROAD NEAR PALY GORUND,A,6FEET,13.012325,77.76498
Bengaluru City,K.R.Puram Traffic PS,1.04432e+16,2019,1,1,Road Accidents,Cross roads,City/Town,Residential area,Human Error,Yes,Grievous Injury,Not Applicable,No signal lights,Not Applicable,Not Applicable,Not Applicable,Dry,Not Applicable,Others,B NARAYANAPURA 1ST CROSS H P  SOFT WARE,A,2FEET,12.993918,77.678607
Bengaluru City,K.R.Puram Traffic PS,1.04432e+16,2019,1,2,Road Accidents,Cross roads,City/Town,Residential area,Human Error,No,Simple Injury,Vehicle to Vehicle,No signal lights,Others,One way,Not Applicable,Dry,Not Applicable,Clear,DODDABANASAWADI MAIN ROAD AQENA SPORTS ARENA,A,5FEET,0.0,0.0
Bengaluru City,K.R.Puram Traffic PS,1.04432e+16,2019,1,2,Road Accidents,Cross roads,City/Town,Residential area,Not Applicable,No,Grievous Injury,Vehicle to Vehicle,No signal lights,Straight and flat,Service Road,Bitumen(Tar),Dry,Not Applicable,Clear,BRIGDEGE BACK GATE INFRONT OF KAVYA BAR GARUDCHAR PALYA,A,3 FEET,0.0,0.0
Bengaluru City,K.R.Puram Traffic PS,1.04432e+16,2019,1,1,Road Accidents,Cross roads,City/Town,Residential area,Human Error,Yes,Simple Injury,Not Applicable,No signal lights,Hump,One way,Not Applicable,Dry,Not Applicable,Clear,AYYAPPA NAGAR MAIN ROAD IN FRONT OG BCAMBRIDGE GARDEN,A,18FEET,0.0,0.0
Bengaluru City,K.R.Puram Traffic PS,1.04432e+16,2019,1,1,Road Accidents,Junction,City/Town,Near School or College,Human Error,Yes,Grievous Injury,Hit pedestrian,No signal lights,Others,Others,Not Applicable,Dry,Not Applicable,Clear,OM ROAD K.R PURA GOVT COLLEGE JUNCATION K.R.PURA,A,32FEET,13.013198,77.699736