DISTRICTNAME,UNITNAME,Crime_No,Year,RI,Noofvehicle_involved,Accident_Classification,Accident_Spot,Accident_Location,Accident_SubLocation,Main_Cause,Hit_Run,Severity,Collision_Type,Junction_Control,Road_Character,Road_Type,Surface_Type,Surface_Condition,Road_Condition,Weather,Accident_Road,Landmark_first,Distance_LandMark_First,Latitude,Longitude
Bengaluru City,K.R.Puram Traffic PS,1.04432e+16,2019,1,1,Road Accidents,Cross roads,City/Town,Near Bus stop,Human Error,No,Grievous Injury,Hit pedestrian,Not Applicable,Curve,Others,Not Applicable,Dry,Not Applicable,Clear,WEITE FIELD.L&T CIRCLE IN FRONT OF KPTO,A1,10FEET,12.0977174,77.719534
Bengaluru City,K.R.Puram Traffic PS,1.04432e+16,2019,1,2,Road Accidents,Culvert,City/Town,Residential area,Human Error,Yes,Grievous Injury,Hit and Run,No signal lights,Not Applicable,City or Town Road,Bitumen(Tar),Dry,Not Applicable,Clear,"VIJANAPURA BRIDGE, NEAR R M NAGARA RING ROAD",A,24,0.0,0.0
Bengaluru City,K.R.Puram Traffic PS,1.04432e+16,2019,1,2,Road Accidents,Narrow road,Not Applicable,Open area,Human Error,Not Applicable,Grievous Injury,Rear end,Controlled,Not Applicable,City or Town Road,Bitumen(Tar),Dry,Not Applicable,Clear,M D PURAM RING ROAD,A,4KM,12.994455,77.684843
Bengaluru City,K.R.Puram Traffic PS,1.04432e+16,2019,1,2,Road Accidents,Narrow road,City/Town,Open area,Human Error,Not Applicable,Damage Only,Rear end,Controlled,Not Applicable,City or Town Road,Bitumen(Tar),Dry,Not Applicable,Clear,O M ROAD,A,2KM,12.997012,77.669692
Bengaluru City,K.R.Puram Traffic PS,1.04432e+16,2019,1,2,Road Accidents,Narrow road,Not Applicable,Open area,Human Error,Not Applicable,Damage Only,Rear end,Controlled,Not Applicable,City or Town Road,Bitumen(Tar),Dry,Not Applicable,Clear,WHITE FIELD ROAD,A,5KM,0.0,0.0
Bengaluru City,K.R.Puram Traffic PS,1.04432e+16,2019,1,1,Road Accidents,Narrow road,Not Applicable,Open area,Human Error,No,Grievous Injury,Rear end,Controlled,Not Applicable,City or Town Road,Bitumen(Tar),Dry,Not Applicable,Clear,M D PURAM RING ROAD,A,4KM,0.0,0.0
Bengaluru City,K.R.Puram Traffic PS,1.04432e+16,2019,1,2,Road Accidents,Narrow road,Not Applicable,Open area,Human Error,Not Applicable,Fatal,Rear end,Controlled,Not Applicable,City or Town Road,Bitumen(Tar),Dry,Not Applicable,Clear,O M ROAD MEDAHALLI,A,2KM,0.0,0.0
Bengaluru City,K.R.Puram Traffic PS,1.04432e+16,2019,1,2,Road Accidents,Narrow road,Not Applicable,Open area,Human Error,Not Applicable,Grievous Injury,Hit and Run,Controlled,Not Applicable,City or Town Road,Bitumen(Tar),Dry,Not Applicable,Clear,R M NAGAR RING ROAD,A,5KM,0.0,0.0
Bengaluru City,K.R.Puram Traffic PS,1.04432e+16,2019,1,2,Road Accidents,Curves,City/Town,Near a factory industrial area,Not Applicable,No,Grievous Injury,Vehicle to Vehicle,No signal lights,Slight Curve,Sub Arterial,Bitumen(Tar),Dry,Not Applicable,Clear,"R.M.Nagar Ring Road, Unser Pass",Near ASR Convention Hall,4km,0.0,0.0
Bengaluru City,K.R.Puram Traffic PS,1.04432e+16,2019,1,2,Road Accidents,Not Applicable,City/Town,Open area,Not Applicable,No,Damage Only,Vehicle to Vehicle,No signal lights,Others,Arterial,Bitumen(Tar),Dry,Not Applicable,Clear,"white filed  road, infront of udyanagar cross",bridge wall,3km,12.997648,77.671229
Bengaluru City,K.R.Puram Traffic PS,1.04432e+16,2019,1,2,Road Accidents,Cross roads,City/Town,Residential area,Human Error,No,Grievous Injury,Vehicle to Vehicle,No signal lights,Hump,Service Road,Not Applicable,Dry,Not Applicable,Clear,O M ROAD NEAR K E B OFFICE,A,9FEET,0.0,0.0
Bengaluru City,K.R.Puram Traffic PS,1.04432e+16,2019,1,1,Road Accidents,Cross roads,City/Town,Residential area,Human Error,No,Fatal,Not Applicable,No signal lights,Others,One way,Not Applicable,Dry,Not Applicable,Clear,MAHADEVAPURA RINGE ROAD B NARAYANAPURA HDFC BANK,A,8FEET,0.0,0.0
Bengaluru City,K.R.Puram Traffic PS,1.04432e+16,2019,1,2,Road Accidents,Junction,City/Town,Near Petrol Pump,Not Applicable,Yes,Grievous Injury,Vehicle to Vehicle,Controlled,Straight and flat,State Highway,Bitumen(Tar),Dry,Not Applicable,Clear,O M ROAD NEAR TIN FACTORY,CORRENT FILLER,26FT,0.0,0.0
Bengaluru City,K.R.Puram Traffic PS,1.04432e+16,2019,1,1,Road Accidents,Narrow road,City/Town,Narrow bridge or culverts,Human Error,No,Fatal,Not Applicable,Not Applicable,Straight and flat,NH,Bitumen(Tar),Dry,Not Applicable,Fine,"OLD MADRAS ROAD, K R PURA BRIDGE ROAD.",A,33,13.000987,77.678056
Bengaluru City,K.R.Puram Traffic PS,1.04432e+16,2019,1,2,Road Accidents,Narrow road,City/Town,Open area,Not Applicable,Yes,Fatal,Vehicle to Vehicle,Signal lights Manual,Not Applicable,NH,Bitumen(Tar),Dry,Not Applicable,Clear,O M ROAD BHATARAHALLI SIGNAL,A1,12FT,13.019623,77.7086832
Bengaluru City,K.R.Puram Traffic PS,1.04432e+16,2019,1,2,Road Accidents,Narrow road,Not Applicable,Open area,Human Error,Not Applicable,Damage Only,Rear end,Controlled,Not Applicable,City or Town Road,Bitumen(Tar),Dry,Not Applicable,Clear,M D PURAM RING RODA,A,5KM,0.0,0.0
Bengaluru City,K.R.Puram Traffic PS,1.04432e+16,2019,1,2,Road Accidents,Narrow road,Not Applicable,Open area,Human Error,No,Damage Only,Hit and Run,Controlled,Not Applicable,City or Town Road,Bitumen(Tar),Dry,Not Applicable,Clear,R M NAGAR RING ROAD,A,4KM,13.002698,77.663351
Bengaluru City,K.R.Puram Traffic PS,1.04432e+16,2019,1,2,Road Accidents,Narrow road,Not Applicable,Open area,Human Error,Not Applicable,Grievous Injury,Hit and Run,Controlled,Not Applicable,City or Town Road,Bitumen(Tar),Dry,Not Applicable,Clear,WHITE FIELD ROAD,A,3KM,0.0,0.0
Bengaluru City,K.R.Puram Traffic PS,1.04432e+16,2019,1,2,Road Accidents,Narrow road,Not Applicable,Open area,Human Error,Not Applicable,Grievous Injury,Hit and Run,Controlled,Not Applicable,City or Town Road,Bitumen(Tar),Dry,Not Applicable,Clear,M D PURAM RING ROAD,A,5KM,12.989258,77.688695
Bengaluru City,K.R.Puram Traffic PS,1.04432e+16,2019,1,1,Rail Road Accidents,Narrow road,Not Applicable,Open area,Human Error,Not Applicable,Simple Injury,Rear end,Controlled,Not Applicable,City or Town Road,Bitumen(Tar),Dry,Not Applicable,Clear,M D PURAM,A,4KM,13.0052722,77.685249
Bengaluru City,K.R.Puram Traffic PS,1.04432e+16,2019,1,1,Road Accidents,Junction,City/Town,Narrow bridge or culverts,Human Error,No,Grievous Injury,Not Applicable,No signal lights,Others,Others,Not Applicable,Dry,Not Applicable,Clear,R M NAGAR RINGE ROAD HORAMAVU BRIDGE,A,27FEET,13.0190092,77.655955
Bengaluru City,K.R.Puram Traffic PS,1.04432e+16,2019,1,1,Road Accidents,Not Applicable,City/Town,Residential area,Human Error,No,Grievous Injury,Not Applicable,No signal lights,Others,One way,Not Applicable,Dry,Not Applicable,Clear,KALKERE MAIN ROAD NEAR  ANJINEYA TEMPALE,A,10FEET,0.0,0.0
Bengaluru City,K.R.Puram Traffic PS,1.04432e+16,2019,1,2,Road Accidents,Cross roads,City/Town,Residential area,Human Error,No,Fatal,Vehicle to Vehicle,No signal lights,Others,Service Road,Not Applicable,Dry,Not Applicable,Clear,O M ROAD K R PURA BRIDGE MASHIDI ROAD,A,35FEET,0.0,0.0
Bengaluru City,K.R.Puram Traffic PS,1.04432e+16,2019,1,2,Road Accidents,Cross roads,City/Town,Near Bus stop,Human Error,Yes,Grievous Injury,Vehicle to Vehicle,No signal lights,Curve,Service Road,Not Applicable,Dry,Not Applicable,Clear,I T I DIPO ROAD I T I BUS STOP,A,20FEET,13.002185,77.683233
Bengaluru City,K.R.Puram Traffic PS,1.04432e+16,2019,1,1,Road Accidents,Narrow road,City/Town,Near Bus stop,Human Error,No,Fatal,Not Applicable,Not Applicable,Others,Service Road,Not Applicable,Dry,Not Applicable,Clear,O.M ROAD .ITI SERVIUCE ROAD NEARSPEED BREKAER,A,50FEET,13.004111,77.683052
Bengaluru City,K.R.Puram Traffic PS,1.04432e+16,2019,1,2,Road Accidents,Cross roads,City/Town,Near Bus stop,Human Error,No,Grievous Injury,Vehicle to Vehicle,Not at  Junction,Others,Service Road,Not Applicable,Dry,Not Applicable,Clear,"nandhanam coloy 10TH MAIN ,INFRONT OF SANJU SUPER MERKET",A,8FEET,13.022044,77.659486
Bengaluru City,K.R.Puram Traffic PS,1.04432e+16,2019,1,1,Road Accidents,Narrow road,Not Applicable,Open area,Human Error,Not Applicable,Grievous Injury,Hit and Run,Controlled,Not Applicable,City or Town Road,Bitumen(Tar),Dry,Not Applicable,Clear,M D PURAM RING ROAD,A,5KM,0.0,0.0
Bengaluru City,K.R.Puram Traffic PS,1.04432e+16,2019,1,2,Not Applicable,Other,City/Town,Near a factory industrial area,Human Error,Yes,Not Applicable,Hit and Run,Uncontrolled,Not Applicable,Others,Bitumen(Tar),Dry,Not Applicable,Others,"HOODI ROAD, NEAR GOLDEN STAR APARTMENTS.",A,30,0.0,0.0
Bengaluru City,K.R.Puram Traffic PS,1.04432e+16,2019,1,1,Road Accidents,Narrow road,City/Town,Near Bus stop,Human Error,Yes,Fatal,Hit pedestrian,Not at  Junction,Straight and flat,Others,Bitumen(Tar),Dry,Not Applicable,Clear,"R M NAGARA RING ROAD, NEAR VIJAYA BANK COLONY BUS STOP.",A,12,13.017055,77.660307
Bengaluru City,K.R.Puram Traffic PS,1.04432e+16,2019,1,2,Road Accidents,Narrow road,Not Applicable,Open area,Human Error,Not Applicable,Simple Injury,Hit and Run,Controlled,Not Applicable,City or Town Road,Bitumen(Tar),Dry,Not Applicable,Clear,M D PURAM RING ROAD,A,4KM,0.0,0.0
Bengaluru City,K.R.Puram Traffic PS,1.04432e+16,2019,1,2,Road Accidents,Narrow road,Not Applicable,Open area,Human Error,Not Applicable,Simple Injury,Rear end,Controlled,Not Applicable,City or Town Road,Bitumen(Tar),Dry,Not Applicable,Clear,O M ROAD,A,2KM,13.019478,77.708434
Bengaluru City,K.R.Puram Traffic PS,1.04432e+16,2019,1,2,Road Accidents,Narrow road,Not Applicable,Open area,Human Error,Not Applicable,Damage Only,Rear end,Controlled,Not Applicable,City or Town Road,Bitumen(Tar),Dry,Not Applicable,Clear,T C PALYA MAIN RAOD,A,3KM,13.020511,77.675795
Bengaluru City,K.R.Puram Traffic PS,1.04432e+16,2019,1,2,Road Accidents,Narrow road,City/Town,Near Hospital,Human Error,No,Fatal,Vehicle to Vehicle,Not at  Junction,Straight and flat,NH,Bitumen(Tar),Dry,Not Applicable,Fine,"OLD MADRAS ROAD, OPP. L G BAR, BHATTARAHALLI",A,30,13.023139,77.714663
Bengaluru City,K.R.Puram Traffic PS,1.04432e+16,2019,1,1,Road Accidents,Narrow road,City/Town,Near Bus stop,Human Error,Yes,Fatal,Hit pedestrian,Not Applicable,Not Applicable,NH,Not Applicable,Dry,Not Applicable,Clear,"R M NAGAR RING ROAD, KASTHURINAGAR BRIDGE ROAD",A,25FEET,12.997291,77.664085
Bengaluru City,K.R.Puram Traffic PS,1.04432e+16,2019,1,2,Road Accidents,Not Applicable,City/Town,Near Bus stop,Human Error,Yes,Damage Only,Vehicle to Vehicle,No signal lights,Curve,NH,Not Applicable,Dry,Not Applicable,Clear,"O.M.ROAD .KR,PURAM .FLY OVER ,BENGALURU CITY ,KARANATAKA.560036",A,15 FET,12.997074,77.669769
Bengaluru City,K.R.Puram Traffic PS,1.04432e+16,2019,1,2,Road Accidents,Cross roads,City/Town,Near Hospital,Human Error,No,Grievous Injury,Not Applicable,No signal lights,Hump,Others,Not Applicable,Dry,Not Applicable,Clear,O M ROAD BATTARAHALLI NEAR SATHYA SAI HOSPITAL,A,14FEET,13.021805,77.712801
Bengaluru City,K.R.Puram Traffic PS,1.04432e+16,2019,1,1,Road Accidents,Cross roads,City/Town,Residential area,Human Error,Yes,Grievous Injury,Not Applicable,No signal lights,Others,Not Applicable,Not Applicable,Dry,Not Applicable,Clear,WHITENFHILAD ROAD BEML SHO ROME,A,24FEET,12.996044,77.693752
Bengaluru City,K.R.Puram Traffic PS,1.04432e+16,2019,1,1,Road Accidents,Junction,City/Town,In bazaar,Human Error,No,Fatal,Hit pedestrian,Not Applicable,Others,Others,Not Applicable,Dry,Not Applicable,Clear,M D PURA RINGE ROAD INFRONT OF MORE MARKET,A,12FEET,12.988772,77.689195
Bengaluru City,K.R.Puram Traffic PS,1.04432e+16,2019,1,2,Road Accidents,Cross roads,City/Town,Residential area,Human Error,Yes,Damage Only,Vehicle to Vehicle,No signal lights,Not Applicable,Others,Not Applicable,Dry,Not Applicable,Clear,R M NAGAR MAIN ROAD IN FRONT OF BATASHOW ROOM,A,8FEET,13.011305,77.674968
Bengaluru City,K.R.Puram Traffic PS,1.04432e+16,2019,1,2,Road Accidents,Cross roads,City/Town,Near Petrol Pump,Human Error,Yes,Damage Only,Vehicle to Vehicle,No signal lights,Hump,Service Road,Not Applicable,Dry,Not Applicable,Clear,WHITE FIELD ROAD NEAR HP PETROL BUNK,A,12FEET,0.0,0.0
Bengaluru City,K.R.Puram Traffic PS,1.04432e+16,2019,1,3,Road Accidents,Junction,City/Town,Near Bus stop,Human Error,No,Grievous Injury,Vehicle to Vehicle,Signal lights Automatic,Others,Not Applicable,Not Applicable,Dry,Not Applicable,Clear,O.M ROAD TIN FACTORY BENGALURU,A,5FEET,12.996953,77.669548
Bengaluru City,K.R.Puram Traffic PS,1.04432e+16,2019,1,2,Road Accidents,Not Applicable,City/Town,In bazaar,Human Error,Yes,Damage Only,Vehicle to Vehicle,No signal lights,Others,Others,Bitumen(Tar),Dry,Not Applicable,Clear,M D PURA RING ROAD INFRONT OFF TATAL MAAL,STREET LIGHT,22FEET,12.97963,77.694744
Bengaluru City,K.R.Puram Traffic PS,1.04432e+16,2019,1,2,Road Accidents,Narrow road,Not Applicable,Open area,Human Error,Not Applicable,Grievous Injury,Hit and Run,Controlled,Not Applicable,City or Town Road,Bitumen(Tar),Dry,Not Applicable,Clear,O M ROAD,A,3KM,0.0,0.0
Bengaluru City,K.R.Puram Traffic PS,1.04432e+16,2019,1,2,Road Accidents,Narrow road,Not Applicable,Open area,Human Error,Not Applicable,Grievous Injury,Hit and Run,Controlled,Not Applicable,City or Town Road,Not Applicable,Dry,Not Applicable,Clear,R M NAGAR RING ROAD,A,4KM,13.012733,77.664493
Bengaluru City,K.R.Puram Traffic PS,1.04432e+16,2019,1,2,Road Accidents,Narrow road,Not Applicable,Open area,Human Error,Not Applicable,Grievous Injury,Hit and Run,Controlled,Not Applicable,City or Town Road,Bitumen(Tar),Dry,Not Applicable,Clear,O M ROAD BATTARAHALLI,A,2KM,13.019431,77.708574
Bengaluru City,K.R.Puram Traffic PS,1.04432e+16,2019,1,2,Road Accidents,Narrow road,City/Town,Open area,Human Error,Not Applicable,Grievous Injury,Rear end,Controlled,Not Applicable,City or Town Road,Bitumen(Tar),Dry,Not Applicable,Clear,BATTARAHALLI,A,3KM,13.019942,77.714683
Bengaluru City,K.R.Puram Traffic PS,1.04432e+16,2019,1,2,Road Accidents,Narrow road,City/Town,Open area,Human Error,Not Applicable,Simple Injury,Not Applicable,Controlled,Not Applicable,Not Applicable,Bitumen(Tar),Dry,Not Applicable,Clear,HHODI KODIHALLI,B,4KM,12.998104,77.721618
Bengaluru City,K.R.Puram Traffic PS,1.04432e+16,2019,1,2,Road Accidents,Narrow road,City/Town,Residential area,Human Error,Not Applicable,Fatal,Vehicle to Vehicle,Not at  Junction,Straight and flat,Residential Street,Bitumen(Tar),Dry,Not Applicable,Clear,"ammaiah road,mahadevapura",A,8 feet,0.0,0.0
Bengaluru City,K.R.Puram Traffic PS,1.04432e+16,2019,1,2,Road Accidents,Narrow road,City/Town,Open area,Human Error,No,Damage Only,Vehicle to Vehicle,Controlled,Not Applicable,Others,Bitumen(Tar),Dry,Not Applicable,Clear,O M ROAD GHUGA MOHAL,A,4KM,12.998713,77.672743
Bengaluru City,K.R.Puram Traffic PS,1.04432e+16,2019,1,1,Road Accidents,Road hump or Rumble strips,City/Town,Residential area,Human Error,No,Fatal,Not Applicable,Uncontrolled,Hump,Arterial,Bitumen(Tar),Dry,Not Applicable,Clear,"ITI COLONY MAIN ROAD, NEAR BSNL OFFICE",A,31,13.009123,77.682667
Bengaluru City,K.R.Puram Traffic PS,1.04432e+16,2019,1,3,Road Accidents,Cross roads,City/Town,Residential area,Human Error,No,Fatal,Vehicle to Vehicle,No signal lights,Not Applicable,One way,Not Applicable,Dry,Not Applicable,Clear,K CHANNASANDRA KLKERE MAIN ROAD,A,5FEET,13.041299,77.679727
Bengaluru City,K.R.Puram Traffic PS,1.04432e+16,2019,1,1,Road Accidents,Not Applicable,City/Town,Near Bus stop,Human Error,Yes,Grievous Injury,Not Applicable,No signal lights,Others,NH,Not Applicable,Dry,Not Applicable,Clear,O M ROAD HORANADU ANNAPURANESHWARI HOTEL,A,7FEET,13.008405,77.675622
Bengaluru City,K.R.Puram Traffic PS,1.04432e+16,2019,1,2,Road Accidents,Junction,City/Town,Near Bus stop,Human Error,No,Grievous Injury,Vehicle to Vehicle,Signal lights Automatic,Others,Others,Not Applicable,Dry,Not Applicable,Clear,"R M NAGAR ,JUNACATION",A,18FEET,13.013299,77.662202
Bengaluru City,K.R.Puram Traffic PS,1.04432e+16,2019,1,1,Road Accidents,Not Applicable,City/Town,Near Petrol Pump,Human Error,No,Grievous Injury,Not Applicable,No signal lights,Others,Others,Bitumen(Tar),Dry,Not Applicable,Clear,R M NAGAR RING ROAD NEAR I O C PETROL BUNCK,SREET LIGHT,28FEET,13.013512,77.662202
Bengaluru City,K.R.Puram Traffic PS,1.04432e+16,2019,1,1,Road Accidents,Narrow road,Not Applicable,Open area,Human Error,Not Applicable,Grievous Injury,Rear end,Not Applicable,Not Applicable,City or Town Road,Bitumen(Tar),Dry,Not Applicable,Clear,o m road,A,3KM,0.0,0.0
Bengaluru City,K.R.Puram Traffic PS,1.04432e+16,2019,1,2,Road Accidents,Narrow road,City/Town,Near Hospital,Human Error,Yes,Fatal,Hit and Run,Not at  Junction,Not Applicable,City or Town Road,Bitumen(Tar),Dry,Not Applicable,Fine,"O M ROAD, BHATTARAHALLI SERVICE ROAD, OPP. L G BAR",A,12 FEE,13.023247,77.714774
Bengaluru City,K.R.Puram Traffic PS,1.04432e+16,2019,1,1,Road Accidents,Narrow road,Not Applicable,Open area,Human Error,Not Applicable,Grievous Injury,Rear end,Controlled,Not Applicable,City or Town Road,Bitumen(Tar),Dry,Not Applicable,Clear,WHITE FIELD ROAD,A,5KM,12.992293,77.718817
Bengaluru City,K.R.Puram Traffic PS,1.04432e+16,2019,1,2,Rail Road Accidents,Narrow road,Not Applicable,Open area,Human Error,Not Applicable,Grievous Injury,Hit and Run,Controlled,Not Applicable,City or Town Road,Bitumen(Tar),Dry,Not Applicable,Clear,O M ROAD,A,4KM,13.013165,77.699676
Bengaluru City,K.R.Puram Traffic PS,1.04432e+16,2019,1,1,Road Accidents,Narrow road,City/Town,Near office complex,Human Error,No,Fatal,Hit fixed object,Not Applicable,Not Applicable,City or Town Road,Bitumen(Tar),Dry,Not Applicable,Clear,"M D PURA RING ROAD, NEAR BAGMANE TECH PARK",A,33,0.0,0.0
Bengaluru City,K.R.Puram Traffic PS,1.04432e+16,2019,1,2,Road Accidents,Narrow road,Not Applicable,Open area,Human Error,Not Applicable,Simple Injury,Rear end,Controlled,Not Applicable,City or Town Road,Concrete,Dry,Not Applicable,Clear,OMBR LAYOUT,A,2KM,0.0,0.0
Bengaluru City,K.R.Puram Traffic PS,1.04432e+16,2019,1,2,Rail Road Accidents,Narrow road,Not Applicable,Open area,Human Error,Not Applicable,Simple Injury,Rear end,Controlled,Not Applicable,City or Town Road,Bitumen(Tar),Dry,Not Applicable,Clear,R M NAGAR RING ROAD,A,5KM,0.0,0.0
Bengaluru City,K.R.Puram Traffic PS,1.04432e+16,2019,1,1,Road Accidents,Circle,Not Applicable,Open area,Human Error,Not Applicable,Grievous Injury,Hit and Run,Controlled,Not Applicable,City or Town Road,Bitumen(Tar),Dry,Not Applicable,Clear,white field road,a,5km,0.0,0.0
Bengaluru City,K.R.Puram Traffic PS,1.04432e+16,2019,1,2,Road Accidents,Circle,City/Town,Near Bus stop,Human Error,Yes,Fatal,Vehicle to Vehicle,No signal lights,Others,Others,Not Applicable,Dry,Not Applicable,Clear,"M.D.PURA MAIN ROAD NEAR HDFC BANK ,BENGALURU  CITY.",A,22FEET,12.996283,77.683813
Bengaluru City,K.R.Puram Traffic PS,1.04432e+16,2019,1,1,Road Accidents,Narrow road,Not Applicable,Open area,Human Error,Not Applicable,Simple Injury,Rear end,Controlled,Not Applicable,City or Town Road,Bitumen(Tar),Dry,Not Applicable,Clear,M D PURAM RING ROAD,A,4KM,0.0,0.0
Bengaluru City,K.R.Puram Traffic PS,1.04432e+16,2019,1,2,Road Accidents,Narrow road,Not Applicable,Open area,Human Error,Not Applicable,Damage Only,Rear end,Controlled,Not Applicable,City or Town Road,Bitumen(Tar),Dry,Not Applicable,Clear,graphit indian road,a,5km,12.978036,77.709752
Bengaluru City,K.R.Puram Traffic PS,1.04432e+16,2019,1,2,Road Accidents,Narrow road,City/Town,Near Bus stop,Human Error,No,Grievous Injury,Vehicle to Vehicle,Not Applicable,Others,Service Road,Not Applicable,Dry,Not Applicable,Clear,R.M NAGAR RING ROAD SERVICE ROAD,A,17FEET,0.0,0.0
Bengaluru City,K.R.Puram Traffic PS,1.04432e+16,2019,1,2,Road Accidents,Not Applicable,City/Town,Open area,Human Error,No,Simple Injury,Vehicle to Vehicle,Controlled,Not Applicable,Not Applicable,Bitumen(Tar),Dry,Not Applicable,Clear,WHITE FIELD ROAD,A,3KM,12.99044,77.723645
Bengaluru City,K.R.Puram Traffic PS,1.04432e+16,2019,1,1,Road Accidents,Cross roads,City/Town,Residential area,Human Error,Yes,Grievous Injury,Not Applicable,No signal lights,Hump,One way,Not Applicable,Dry,Not Applicable,Clear,O M B R LAYOUTR,A,12 FEE,13.008951,77.654584
Bengaluru City,K.R.Puram Traffic PS,1.04432e+16,2019,1,2,Road Accidents,Cross roads,City/Town,Near Bus stop,Human Error,Yes,Damage Only,Not Applicable,Not Applicable,Others,Not Applicable,Not Applicable,Dry,Not Applicable,Clear,O M ROAD K R PURA RAIL WAY STATION,A,12FEET,13.001058,77.678229
Bengaluru City,K.R.Puram Traffic PS,1.04432e+16,2019,1,1,Road Accidents,Cross roads,City/Town,Near Bus stop,Human Error,No,Grievous Injury,Not Applicable,No signal lights,Others,Service Road,Not Applicable,Dry,Pot holed,Clear,O M ROAD SERVICE ROAD T JUNCTION,A,16FEET,13.003456,77.682475
Bengaluru City,K.R.Puram Traffic PS,1.04432e+16,2019,1,1,Road Accidents,Cross roads,City/Town,Residential area,Human Error,No,Grievous Injury,Hit pedestrian,No signal lights,Curve,One way,Not Applicable,Dry,Not Applicable,Clear,HOODI ROAD NEAR ASHWATHA KATTE,A,12FEET,12.994879,77.717807
Bengaluru City,K.R.Puram Traffic PS,1.04432e+16,2019,1,1,Road Accidents,Curves,City/Town,Near Bus stop,Human Error,No,Grievous Injury,Hit pedestrian,No signal lights,Others,Not Applicable,Not Applicable,Dry,Not Applicable,Clear,"O,M ROAD INFRONT OF K,R,PURAM .MARKET BENGALURU",A,5FEET,0.0,0.0
Bengaluru City,K.R.Puram Traffic PS,1.04432e+16,2019,1,2,Road Accidents,Cross roads,City/Town,Residential area,Human Error,Yes,Grievous Injury,Vehicle to Vehicle,Not Applicable,Hump,NH,Not Applicable,Dry,Not Applicable,Clear,O M ROAD  I T I GETA,A,28FEET,0.0,0.0
Bengaluru City,K.R.Puram Traffic PS,1.04432e+16,2019,1,2,Road Accidents,Not Applicable,City/Town,Near School or College,Human Error,No,Damage Only,Vehicle to Vehicle,No signal lights,Others,Others,Bitumen(Tar),Not Applicable,Not Applicable,Clear,WHITE FILED ROAD NEAR CHITANYA TECKONW SCHOOL HOODI,STREET LIGHT,25FEET,12.992251,77.71881
Bengaluru City,K.R.Puram Traffic PS,1.04432e+16,2019,1,2,Road Accidents,Narrow road,Not Applicable,Open area,Human Error,Not Applicable,Grievous Injury,Hit and Run,Controlled,Not Applicable,City or Town Road,Bitumen(Tar),Dry,Not Applicable,Clear,o m road,a,3km,13.008103,77.692647
Bengaluru City,K.R.Puram Traffic PS,1.04432e+16,2019,1,2,Rail Road Accidents,Narrow road,Not Applicable,Open area,Human Error,Not Applicable,Grievous Injury,Hit and Run,Controlled,Not Applicable,City or Town Road,Bitumen(Tar),Dry,Not Applicable,Clear,o m road,a,5km,13.008284,77.692704
Bengaluru City,K.R.Puram Traffic PS,1.04432e+16,2019,1,2,Road Accidents,Cross roads,City/Town,Open area,Human Error,Yes,Damage Only,Hit parked vehicle,No signal lights,Not Applicable,City or Town Road,Bitumen(Tar),Dry,Not Applicable,Fine,2nd cross,ragavendra,4km,13.021255,77.676569
Bengaluru City,K.R.Puram Traffic PS,1.04432e+16,2019,1,1,Road Accidents,Narrow road,City/Town,Near Bus stop,Human Error,No,Fatal,Hit pedestrian,Not at  Junction,Straight and flat,NH,Bitumen(Tar),Dry,Not Applicable,Fine,"OLD MADRAS ROAD, NEAR ITI GATE",A,33,12.993997,77.685259
Bengaluru City,K.R.Puram Traffic PS,1.04432e+16,2019,1,2,Rail Road Accidents,Narrow road,Not Applicable,Open area,Human Error,Not Applicable,Simple Injury,Hit and Run,Controlled,Not Applicable,City or Town Road,Bitumen(Tar),Dry,Not Applicable,Clear,GARPHITE INDIAN,A,2KM,0.0,0.0
Bengaluru City,K.R.Puram Traffic PS,1.04432e+16,2019,1,2,Rail Road Accidents,Narrow road,Not Applicable,Open area,Human Error,Not Applicable,Simple Injury,Hit and Run,Controlled,Not Applicable,City or Town Road,Bitumen(Tar),Dry,Not Applicable,Clear,AYYAPPANAGAR,A,3KM,13.004359,77.710879
Bengaluru City,K.R.Puram Traffic PS,1.04432e+16,2019,1,1,Road Accidents,Narrow road,City/Town,Open area,Human Error,No,Simple Injury,Vehicle to Vehicle,Controlled,Not Applicable,Others,Bitumen(Tar),Dry,Not Applicable,Clear,O M ROAD SATHYA SAI,A,3KM,13.02215,77.712649
Bengaluru City,K.R.Puram Traffic PS,1.04432e+16,2019,1,2,Road Accidents,Narrow road,City/Town,Near office complex,Human Error,No,Fatal,Vehicle to Vehicle,Not at  Junction,Straight and flat,Arterial,Concrete,Dry,Not Applicable,Fine,"MAHADEVAPURA RING ROAD, SERVICE ROAD, OPP. CHOLE CHOWKI DHABA",A,18,12.982141,77.692793
Bengaluru City,K.R.Puram Traffic PS,1.04432e+16,2019,1,2,Road Accidents,Circle,City/Town,Near Bus stop,Human Error,No,Grievous Injury,Not Applicable,No signal lights,Others,One way,Gravel,Dry,Not Applicable,Clear,M D PURA RING ROAD B NARAYANAPURA BUS STOP,A,36FEET,12.996882,77.683498
Bengaluru City,K.R.Puram Traffic PS,1.04432e+16,2019,1,1,Road Accidents,Cross roads,City/Town,Near Bus stop,Human Error,Yes,Grievous Injury,Not Applicable,Not Applicable,Others,Others,Not Applicable,Dry,Not Applicable,Clear,O M ROAD  BATTARAHALLI SARVES ROAD,A,12FEET,13.019123,77.707611
Bengaluru City,K.R.Puram Traffic PS,1.04432e+16,2019,1,1,Road Accidents,Junction,City/Town,Near Hospital,Human Error,No,Fatal,Not Applicable,No signal lights,Others,Others,Not Applicable,Dry,Not Applicable,Clear,M D PURA RINGE ROAD RAINBOW HOSPITAL,A,16FEET,12.974922,77.697453
Bengaluru City,K.R.Puram Traffic PS,1.04432e+16,2019,1,1,Road Accidents,Cross roads,City/Town,Residential area,Human Error,Yes,Grievous Injury,Not Applicable,Not Applicable,Others,One way,Not Applicable,Dry,Not Applicable,Clear,KAVEERINAGAR MAIN ROAD,A,2FEET,12.993757,77.703794