DISTRICTNAME,UNITNAME,Crime_No,Year,RI,Noofvehicle_involved,Accident_Classification,Accident_Spot,Accident_Location,Accident_SubLocation,Main_Cause,Hit_Run,Severity,Collision_Type,Junction_Control,Road_Character,Road_Type,Surface_Type,Surface_Condition,Road_Condition,Weather,Accident_Road,Landmark_first,Distance_LandMark_First,Latitude,Longitude
Bengaluru City,K.R.Puram Traffic PS,1.04432e+16,2019,1,2,Road Accidents,Curves,City/Town,Near Hospital,Human Error,No,Grievous Injury,Vehicle to Vehicle,Not at  Junction,Others,Others,Not Applicable,Dry,Not Applicable,Clear,"KALKERE MAIN ROAD ,K CHANNASANDRA INFRONT OF OMKAR MEDICIAL STORE,",A,5FEET,13.037863,77.683606
Bengaluru City,K.R.Puram Traffic PS,1.04432e+16,2019,1,2,Road Accidents,Cross roads,City/Town,Near Petrol Pump,Human Error,No,Grievous Injury,Vehicle to Vehicle,Not at  Junction,Not Applicable,Others,Not Applicable,Dry,Not Applicable,Clear,BASAVANAPUR MAIN ROAD INFRONT OF HDFC ATM,A1,5FEET,13.016092,77.709317
Bengaluru City,K.R.Puram Traffic PS,1.04432e+16,2019,1,2,Road Accidents,Not Applicable,City/Town,Narrow bridge or culverts,Human Error,No,Grievous Injury,Vehicle to Vehicle,No signal lights,Others,Others,Not Applicable,Dry,Not Applicable,Clear,M D PURA RINGE ROAD DODDANAKUNDI BRIDGE ROAD,A,17FEET,12.976298,77.696889
Bengaluru City,K.R.Puram Traffic PS,1.04432e+16,2019,1,1,Road Accidents,Narrow road,City/Town,Narrow bridge or culverts,Human Error,No,Fatal,Not Applicable,Not at  Junction,Not Applicable,NH,Bitumen(Tar),Not Applicable,Not Applicable,Fine,"OLD MADRAS ROAD, K R PURA CABLE BRIDGE",A,32,13.002485,77.680391
Bengaluru City,K.R.Puram Traffic PS,1.04432e+16,2019,1,1,Road Accidents,Not Applicable,City/Town,Near office complex,Human Error,No,Grievous Injury,Hit pedestrian,No signal lights,Others,Others,Bitumen(Tar),Others,Not Applicable,Clear,1ST MAIN ROAD IN FRONT OF I J APARTMENT OF BETHAL NAGARA K R PURA,STREET LIGHT,23FEET,13.011764,77.717595
Bengaluru City,K.R.Puram Traffic PS,1.04432e+16,2019,1,2,Road Accidents,Cross roads,City/Town,Residential area,Human Error,Yes,Grievous Injury,Vehicle to Vehicle,No signal lights,Others,Two way,Not Applicable,Dry,Not Applicable,Clear,R M NAGAR MAIN ROAD NEAR M ORE MEGA MART,A,2 FEET,0.0,0.0
Bengaluru City,K.R.Puram Traffic PS,1.04432e+16,2019,1,2,Road Accidents,Narrow road,Not Applicable,Open area,Human Error,Not Applicable,Grievous Injury,Rear end,Controlled,Not Applicable,City or Town Road,Bitumen(Tar),Dry,Not Applicable,Clear,M D PURAM RING ROAD,A,5KM,12.982839,77.692615
Bengaluru City,K.R.Puram Traffic PS,1.04432e+16,2019,1,1,Road Accidents,Narrow road,Not Applicable,Open area,Human Error,Not Applicable,Grievous Injury,Rear end,Controlled,Not Applicable,City or Town Road,Bitumen(Tar),Dry,Not Applicable,Clear,M D PURAM RING ROAD,A,5KM,0.0,0.0
Bengaluru City,K.R.Puram Traffic PS,1.04432e+16,2019,1,1,Road Accidents,Cross roads,City/Town,In bazaar,Human Error,No,Fatal,Rear end,No signal lights,Not Applicable,City or Town Road,Not Applicable,Dry,Not Applicable,Clear,GRAPHITE INDIA BACK SIDE ROAD  IN FORNT OF ASIAN PAINTS GODOWN,A,5 FEET,12.978134,77.707378
Bengaluru City,K.R.Puram Traffic PS,1.04432e+16,2019,1,1,Road Accidents,Narrow road,Not Applicable,Open area,Human Error,Not Applicable,Fatal,Hit and Run,Controlled,Not Applicable,City or Town Road,Bitumen(Tar),Dry,No influence on accident,Clear,M D PURAM RING ROd,A,4KM,12.994843,77.684918
Bengaluru City,K.R.Puram Traffic PS,1.04432e+16,2019,1,1,Road Accidents,Narrow road,Not Applicable,Open area,Human Error,Not Applicable,Grievous Injury,Rear end,Controlled,Not Applicable,City or Town Road,Bitumen(Tar),Dry,Not Applicable,Clear,R M NAGAR,A,4KM,0.0,0.0
Bengaluru City,K.R.Puram Traffic PS,1.04432e+16,2019,1,2,Road Accidents,Narrow road,Not Applicable,Open area,Human Error,Not Applicable,Damage Only,Rear end,Controlled,Not Applicable,City or Town Road,Bitumen(Tar),Dry,Not Applicable,Clear,R M NAGAR,A,4KM,13.001959,77.663357
Bengaluru City,K.R.Puram Traffic PS,1.04432e+16,2019,1,2,Road Accidents,Narrow road,Not Applicable,Open area,Human Error,Not Applicable,Damage Only,Hit and Run,Controlled,Crest of hill,City or Town Road,Bitumen(Tar),Dry,Not Applicable,Clear,R M NAGAR RING ROAD,A,4KM,0.0,0.0
Bengaluru City,K.R.Puram Traffic PS,1.04432e+16,2019,1,1,Road Accidents,Cross roads,City/Town,Residential area,Not Applicable,No,Grievous Injury,Hit pedestrian,No signal lights,Straight and flat,Arterial,Bitumen(Tar),Dry,Not Applicable,Clear,Jubli school Main Road,kaverisweets,5ft,0.0,0.0
Bengaluru City,K.R.Puram Traffic PS,1.04432e+16,2019,1,2,Road Accidents,Junction,City/Town,Near School or College,Human Error,Yes,Grievous Injury,Vehicle to Vehicle,Signal lights Automatic,Not Applicable,Service Road,Not Applicable,Others,Not Applicable,Clear,"O.M.ROAD.SERVICE ROAD,NEAR DEVU BEKARY,BENGALURU CITY",A,14 FEE,13.017353,77.705317
Bengaluru City,K.R.Puram Traffic PS,1.04432e+16,2019,1,2,Road Accidents,Narrow road,City/Town,Near Bus stop,Human Error,No,Fatal,Vehicle to Vehicle,Not at  Junction,Straight and flat,NH,Bitumen(Tar),Dry,Not Applicable,Fine,"OLD MADRAS ROAD, NEAR TIN FACTORY, K R PURA BRIDGE.",A,32,12.997076,77.669566
Bengaluru City,K.R.Puram Traffic PS,1.04432e+16,2019,1,2,Road Accidents,Cross roads,City/Town,Residential area,Human Error,No,Grievous Injury,Not Applicable,No signal lights,Curve,One way,Not Applicable,Dry,Not Applicable,Clear,I T I COLONY MAIN ROAD B S N L OFFICE NEAR,A,25FEET,13.009858,77.682219
Bengaluru City,K.R.Puram Traffic PS,1.04432e+16,2019,1,1,Road Accidents,Circle,City/Town,In bazaar,Human Error,Yes,Fatal,Hit pedestrian,No signal lights,Hump,NH,Not Applicable,Dry,Not Applicable,Clear,o m road vinayaka jewellery silk sarees shop road,A,25FEET,13.008455,77.695287
Bengaluru City,K.R.Puram Traffic PS,1.04432e+16,2019,1,2,Road Accidents,Cross roads,City/Town,Residential area,Human Error,Yes,Fatal,Vehicle to Vehicle,No signal lights,Hump,Residential Street,Not Applicable,Dry,Not Applicable,Clear,M D PURA RINGE ROAD SARVICE ROAD IN FRONRT OF  KERALA HOTEL,A,14FEET,12.980275,77.694017
Bengaluru City,K.R.Puram Traffic PS,1.04432e+16,2019,1,2,Road Accidents,Not Applicable,City/Town,Residential area,Human Error,No,Simple Injury,Vehicle to Vehicle,No signal lights,Others,NH,Not Applicable,Dry,Not Applicable,Clear,O M ROAD BATTARAHALLI RTO OFFICE,A,23FEET,13.023131,77.715212
Bengaluru City,K.R.Puram Traffic PS,1.04432e+16,2019,1,2,Road Accidents,Junction,City/Town,Near Hospital,Human Error,Yes,Simple Injury,Vehicle to Vehicle,Signal lights Automatic,Others,NH,Bitumen(Tar),Not Applicable,Not Applicable,Clear,"O M ROAD ,KR PURA GOVT. HOSPITAL SIGNAL",STREET LIGHT,38FEET,13.008315,77.692682
Bengaluru City,K.R.Puram Traffic PS,1.04432e+16,2020,1,1,Road Accidents,Not Applicable,City/Town,Near Bus stop,Human Error,No,Grievous Injury,Hit pedestrian,No signal lights,Others,Others,Bitumen(Tar),Dry,Not Applicable,Clear,ALADAMARA ROAD NEAR SHANIMAHATMA TEMPLE R M NAGARMAIN ROAD,STREET LIGHT,13FEET,13.012642,77.677233
Bengaluru City,K.R.Puram Traffic PS,1.04432e+16,2020,1,2,Road Accidents,Not Applicable,City/Town,Near Hospital,Human Error,No,Damage Only,Vehicle to Vehicle,No signal lights,Others,Others,Bitumen(Tar),Dry,Not Applicable,Clear,O M ROAD NEAR  K R PURA EXTENTION,STRRET LIGHT,23FEET,13.012868,77.699649
Bengaluru City,K.R.Puram Traffic PS,1.04432e+16,2020,1,2,Road Accidents,Not Applicable,City/Town,Near Bus stop,Human Error,Yes,Simple Injury,Vehicle to Vehicle,Signal lights Automatic,Not Applicable,Others,Bitumen(Tar),Not Applicable,Not Applicable,Clear,RAMAMURTHI NAGAR SIGNAL,STREET LIGHT,28FEET,13.013214,77.662376
Bengaluru City,K.R.Puram Traffic PS,1.04432e+16,2020,1,1,Road Accidents,Circle,City/Town,Near Petrol Pump,Human Error,No,Fatal,Hit pedestrian,Not Applicable,Curve,Others,Bitumen(Tar),Dry,Not Applicable,Clear,WHITE FIELD ROAD NEAR SHEL PETROL BUNK,A1,28FEET,12.998348,77.688756
Bengaluru City,K.R.Puram Traffic PS,1.04432e+16,2020,1,1,Road Accidents,Junction,City/Town,Near Hospital,Human Error,No,Grievous Injury,Hit pedestrian,Not Applicable,Others,Service Road,Bitumen(Tar),Dry,Not Applicable,Clear,O M ROAD SERVICE ROAD NEAR BHATTARAHALLI JELLI LORRY STAND,A1,20FEET,13.020353,77.710357
Bengaluru City,K.R.Puram Traffic PS,1.04432e+16,2020,1,1,Road Accidents,Junction,City/Town,Narrow bridge or culverts,Human Error,Yes,Grievous Injury,Not Applicable,No signal lights,Not Applicable,Others,Not Applicable,Dry,Not Applicable,Clear,M D PURA RINGE ROAD  M D PURA BRIDGE,A,12 FEE,12.991139,77.687468
Bengaluru City,K.R.Puram Traffic PS,1.04432e+16,2020,1,2,Road Accidents,Circle,City/Town,Near Bus stop,Human Error,No,Grievous Injury,Vehicle to Vehicle,No signal lights,Others,One way,Not Applicable,Dry,Not Applicable,Clear,r m nagar ringe road service road,a,8feet,13.004847,77.662942
Bengaluru City,K.R.Puram Traffic PS,1.04432e+16,2020,1,2,Road Accidents,Not Applicable,City/Town,Near Bus stop,Human Error,No,Grievous Injury,Vehicle to Vehicle,No signal lights,Others,Others,Bitumen(Tar),Dry,Not Applicable,Clear,R M NAGAR RING ROAD SERVICE ROAD NEAR KASTURI NAGA BUS STOP,STREET LIGHT,21FEET,13.003525,77.66338
Bengaluru City,K.R.Puram Traffic PS,1.04432e+16,2020,1,1,Road Accidents,Not Applicable,City/Town,Narrow bridge or culverts,Not Applicable,No,Grievous Injury,Hit pedestrian,No signal lights,Others,Others,Bitumen(Tar),Dry,Not Applicable,Clear,R M NAGARA RING ROAD KASTURINAGARA SERVICE ROAD BUS STAND,A1,23 FET,13.003731,77.663482
Bengaluru City,K.R.Puram Traffic PS,1.04432e+16,2020,1,2,Road Accidents,Not Applicable,City/Town,Near Bus stop,Human Error,Yes,Grievous Injury,Vehicle to Vehicle,No signal lights,Others,Others,Bitumen(Tar),Dry,Not Applicable,Clear,WHITE FEELD ROAD INFRONT OFF ZOORY HOTLE,STREET LIGHT,16FEET,12.990509,77.72297
Bengaluru City,K.R.Puram Traffic PS,1.04432e+16,2020,1,2,Road Accidents,Narrow road,City/Town,Near Bus stop,Human Error,Yes,Fatal,Vehicle to Vehicle,Signal lights Automatic,Straight and flat,NH,Bitumen(Tar),Dry,Not Applicable,Fine,"O M ROAD, T C PALYA JNCTION",A,32,13.017183,77.704418
Bengaluru City,K.R.Puram Traffic PS,1.04432e+16,2020,1,1,Road Accidents,Not Applicable,City/Town,Near Hospital,Human Error,No,Fatal,Not Applicable,Not at  Junction,Not Applicable,Others,Bitumen(Tar),Dry,Not Applicable,Clear,ALPHANIC ROAD NEAR RAINBOW HOSPITAL DODDANAKUNDI,A1,28FEET,12.97483,77.697762
Bengaluru City,K.R.Puram Traffic PS,1.04432e+16,2020,1,2,Road Accidents,Not Applicable,City/Town,Near Hospital,Human Error,Yes,Grievous Injury,Vehicle to Vehicle,No signal lights,Others,Others,Bitumen(Tar),Dry,Not Applicable,Clear,M D PURA RING ROAD NEAR RAIBWO HOSPITAL,STREET LIGHT,25FEET,12.974961,77.697411
Bengaluru City,K.R.Puram Traffic PS,1.04432e+16,2020,1,2,Road Accidents,Not Applicable,City/Town,Near Bus stop,Human Error,Yes,Grievous Injury,Vehicle to Vehicle,No signal lights,Others,Others,Bitumen(Tar),Dry,Not Applicable,Clear,R M NAGAR RING ROAD NEAR UNDER BRIDG,STREET LIGHT,35FEET,13.01284,77.662294
Bengaluru City,K.R.Puram Traffic PS,1.04432e+16,2020,1,1,Road Accidents,Narrow road,City/Town,Near Bus stop,Not Applicable,No,Fatal,Not Applicable,Not Applicable,Straight and flat,Mixed,Concrete,Not Applicable,Not Applicable,Fine,R M NAGARA RING ROAD NEAR KASTHURINAGARA BRIDGE,A,32,13.00287,77.663164
Bengaluru City,K.R.Puram Traffic PS,1.04432e+16,2020,1,1,Road Accidents,Junction,City/Town,Near Bus stop,Human Error,No,Grievous Injury,Hit pedestrian,No signal lights,Not Applicable,Others,Bitumen(Tar),Dry,Not Applicable,Clear,WHITE FILED ROAD  NEAR K  R PURA RAILWAY STATION,STREET LIGHT,25FEET,13.000324,77.676589
Bengaluru City,K.R.Puram Traffic PS,1.04432e+16,2020,1,2,Road Accidents,Junction,City/Town,Residential area,Human Error,No,Grievous Injury,Vehicle to Vehicle,No signal lights,Others,NH,Not Applicable,Dry,Not Applicable,Clear,O M ROAD  IN FRONT OF NANDAN HOTEL,A,32FEET,13.008482,77.69597
Bengaluru City,K.R.Puram Traffic PS,1.04432e+16,2020,1,1,Road Accidents,Not Applicable,City/Town,Near Bus stop,Human Error,Yes,Grievous Injury,Hit pedestrian,No signal lights,Others,Others,Bitumen(Tar),Not Applicable,Not Applicable,Clear,R M NAGAR RING ROAD INFRONT OFF BIG BAZZAR,STREET LIGHT,23FEET,13.017454,77.659163
Bengaluru City,K.R.Puram Traffic PS,1.04432e+16,2020,1,2,Road Accidents,Not Applicable,City/Town,Near Hospital,Human Error,Yes,Damage Only,Vehicle to Vehicle,No signal lights,Not Applicable,NH,Bitumen(Tar),Dry,Not Applicable,Clear,O M ROAD  NEAR SATYA SAI HOPITAL,STREET LIGHT,28FEET,0.0,0.0
Bengaluru City,K.R.Puram Traffic PS,1.04432e+16,2020,1,2,Road Accidents,Not Applicable,City/Town,Near Bus stop,Human Error,No,Simple Injury,Vehicle to Vehicle,No signal lights,Others,Others,Bitumen(Tar),Dry,Not Applicable,Clear,HOODI GRAFAITE ROAD NEAR LORY STAND,STREET LIGHT,15FEET,12.991221,77.714853
Bengaluru City,K.R.Puram Traffic PS,1.04432e+16,2020,1,2,Road Accidents,Not Applicable,City/Town,Near Bus stop,Human Error,No,Grievous Injury,Vehicle to Vehicle,No signal lights,Others,Others,Bitumen(Tar),Dry,Not Applicable,Clear,R M NAGAR RING ROAD  NEAR KASTURINAGAR BUS STOP,STREET LIGHT,39FEET,13.004193,77.663264
Bengaluru City,K.R.Puram Traffic PS,1.04432e+16,2020,1,1,Road Accidents,Not Applicable,City/Town,Near Bus stop,Human Error,No,Grievous Injury,Hit pedestrian,No signal lights,Not Applicable,Others,Bitumen(Tar),Dry,Not Applicable,Clear,M D PURA RING ROAD INFRONT OFF TRUE VALLY,STREET LIGHT,26FEET,12.989289,77.688644
Bengaluru City,K.R.Puram Traffic PS,1.04432e+16,2020,1,1,Road Accidents,Narrow road,City/Town,Narrow bridge or culverts,Not Applicable,Yes,Fatal,Hit pedestrian,Not at  Junction,Others,Others,Bitumen(Tar),Dry,Not Applicable,Clear,M D PURA,A1,32FT,12.994874,77.684814
Bengaluru City,K.R.Puram Traffic PS,1.04432e+16,2020,1,1,Road Accidents,Narrow road,City/Town,Narrow bridge or culverts,Not Applicable,Yes,Damage Only,Not Applicable,Controlled,Others,Others,Bitumen(Tar),Dry,Not Applicable,Clear,R M NAGARA RING ROAD NEAR KASTURI NAGARA,A1,15,13.003694,77.663274
Bengaluru City,K.R.Puram Traffic PS,1.04432e+16,2020,1,2,Road Accidents,Circle,City/Town,Near School or College,Human Error,No,Damage Only,Vehicle to Vehicle,Not Applicable,Curve,Others,Bitumen(Tar),Dry,Not Applicable,Clear,O M B R LEY-OUT NEAR CMR LAW COLLEGE,A1,28FEET,13.006076,77.648542
Bengaluru City,K.R.Puram Traffic PS,1.04432e+16,2020,1,1,Road Accidents,Junction,City/Town,Near Bus stop,Human Error,No,Grievous Injury,Not Applicable,No signal lights,Others,One way,Not Applicable,Dry,Not Applicable,Clear,R M NAGAR MAIN ROAD ALADAMARA BUS STOP,A,8FEET,13.011452,77.676775
Bengaluru City,K.R.Puram Traffic PS,1.04432e+16,2020,1,1,Road Accidents,Junction,City/Town,Residential area,Human Error,No,Fatal,Not Applicable,No signal lights,Others,Others,Not Applicable,Dry,Not Applicable,Clear,M D PURA RINGE ROAD IN FRONT OFB EMC 2,A,32FEET,12.984258,77.69199
Bengaluru City,K.R.Puram Traffic PS,1.04432e+16,2020,1,1,Road Accidents,Cross roads,City/Town,Near Bus stop,Human Error,No,Grievous Injury,Hit pedestrian,Not Applicable,Curve,Not Applicable,Not Applicable,Dry,Not Applicable,Clear,R MNAGAR RING ROAD NEAR KASTHURINAGAR SERIVCE ROAD,A1,21FEET,13.003654,77.6634456
Bengaluru City,K.R.Puram Traffic PS,1.04432e+16,2020,1,2,Road Accidents,Not Applicable,City/Town,Near Bus stop,Human Error,Yes,Grievous Injury,Vehicle to Vehicle,No signal lights,Not Applicable,Others,Bitumen(Tar),Dry,Not Applicable,Clear,O M ROAD  SERVICE ROAD NEAR INDIAN PETROL BUNK,STREET LIGHT,22FEET,13.00319,77.682009
Bengaluru City,K.R.Puram Traffic PS,1.04432e+16,2020,1,2,Road Accidents,Not Applicable,City/Town,Near a factory industrial area,Human Error,Yes,Simple Injury,Vehicle to Vehicle,No signal lights,Others,Others,Bitumen(Tar),Dry,Not Applicable,Clear,ALFAIN RAOD  NEAR ALFANICA APPARTMENT,STREET LIGHT,25 FEE,12.972679,77.700803
Bengaluru City,K.R.Puram Traffic PS,1.04432e+16,2020,1,2,Road Accidents,Curves,City/Town,Near Petrol Pump,Human Error,No,Grievous Injury,Vehicle to Vehicle,No signal lights,Curve,Others,Concrete,Dry,Not Applicable,Clear,R M NAGAR MAIN ROAD  NFAR ASR KALYANA MANTAP,STREET LIGHT,21FEET,13.016426,77.661758
Bengaluru City,K.R.Puram Traffic PS,1.04432e+16,2020,1,2,Road Accidents,Cross roads,City/Town,Near Bus stop,Human Error,No,Damage Only,Vehicle to Vehicle,Not Applicable,Not Applicable,Not Applicable,Bitumen(Tar),Dry,Not Applicable,Clear,O M ROADNEAR KR OPUR BRIDGE,A1,9FEET,12.998743,77.673099
Bengaluru City,K.R.Puram Traffic PS,1.04432e+16,2020,1,1,Road Accidents,Junction,City/Town,Near Bus stop,Human Error,No,Fatal,Hit pedestrian,Signal lights Automatic,Others,Others,Bitumen(Tar),Not Applicable,Not Applicable,Clear,O M ROAD NEAR TIN FACTORY,STREET LIGHT,30FEET,12.996934,77.669319
Bengaluru City,K.R.Puram Traffic PS,1.04432e+16,2020,1,2,Road Accidents,Not Applicable,City/Town,Residential area,Human Error,Yes,Grievous Injury,Vehicle to Vehicle,No signal lights,Others,Others,Not Applicable,Dry,Not Applicable,Clear,O M ROAD IN FRONT OF RAVANI TIMBERS,A,33FEET,13.020658,77.710493
Bengaluru City,K.R.Puram Traffic PS,1.04432e+16,2020,1,2,Road Accidents,Not Applicable,City/Town,Near a religious place,Human Error,Yes,Grievous Injury,Vehicle to Vehicle,No signal lights,Others,Others,Bitumen(Tar),Dry,Not Applicable,Clear,WHITE FEELDROAD NEAR DARGA MOHALLA,STEET LIGHT,23FEET,12.998137,77.671641
Bengaluru City,K.R.Puram Traffic PS,1.04432e+16,2020,1,2,Road Accidents,Narrow road,City/Town,Near Hospital,Not Applicable,No,Simple Injury,Vehicle to Vehicle,Controlled,Not Applicable,NH,Bitumen(Tar),Dry,Not Applicable,Clear,O M ROAD K R PURA GOVT HOSPITAL,A1,14,13.008237,77.692541
Bengaluru City,K.R.Puram Traffic PS,1.04432e+16,2020,1,2,Road Accidents,Not Applicable,City/Town,Near Bus stop,Human Error,Yes,Fatal,Vehicle to Vehicle,No signal lights,Not Applicable,Others,Bitumen(Tar),Dry,Not Applicable,Clear,R M NAGAR  RING ROAD SERVICE ROAD,STREET LIGHT,36FEET,13.008678,77.662681
Bengaluru City,K.R.Puram Traffic PS,1.04432e+16,2020,1,2,Road Accidents,Not Applicable,City/Town,Near Bus stop,Human Error,No,Grievous Injury,Vehicle to Vehicle,No signal lights,Others,Others,Bitumen(Tar),Dry,Not Applicable,Clear,M D PURA RING ROAD NEAR DODDANEKKUNDI BRIDGE,STREET LIGHT,42FEET,12.982288,77.693119
Bengaluru City,K.R.Puram Traffic PS,1.04432e+16,2020,1,2,Road Accidents,Narrow road,City/Town,Near Bus stop,Not Applicable,Yes,Grievous Injury,Vehicle to Vehicle,Not at  Junction,Others,NH,Bitumen(Tar),Dry,Not Applicable,Clear,O M ROAD SERVICE ROAD A2B HOTEL,A1,56FT,13.019991,77.709719
Bengaluru City,K.R.Puram Traffic PS,1.04432e+16,2020,1,2,Road Accidents,Narrow road,City/Town,Narrow bridge or culverts,Human Error,Yes,Fatal,Vehicle to Vehicle,Not at  Junction,Straight and flat,NH,Bitumen(Tar),Dry,Not Applicable,Fine,"OLD MADRAS ROAD, MEDHALLI BRIDGE ROAD,",A,32,13.025804,77.719782
Bengaluru City,K.R.Puram Traffic PS,1.04432e+16,2020,1,3,Road Accidents,Junction,City/Town,Near Bus stop,Human Error,No,Grievous Injury,Vehicle to Vehicle,Signal lights Automatic,Others,NH,Bitumen(Tar),Dry,Not Applicable,Clear,O M ROAD TC PAYA SIGNAL,SIGNAL LIGHT FOAL,52FEET,13.017065,77.704572
Bengaluru City,K.R.Puram Traffic PS,1.04432e+16,2020,1,2,Road Accidents,Not Applicable,City/Town,Near Bus stop,Human Error,No,Simple Injury,Vehicle to Vehicle,Not at  Junction,Curve,One way,Bitumen(Tar),Dry,Not Applicable,Clear,DISEL SHED ROAD KR PURA,A1,4FEET,13.007128,77.692566
Bengaluru City,K.R.Puram Traffic PS,1.04432e+16,2020,1,2,Road Accidents,Narrow road,City/Town,Open area,Not Applicable,No,Simple Injury,Vehicle to Vehicle,Not at  Junction,Others,Others,Bitumen(Tar),Dry,Not Applicable,Clear,DEVASANDRA MAIN ROAD NEAR KAVERI APTICLES,A1,25,13.005207,77.702505
Bengaluru City,K.R.Puram Traffic PS,1.04432e+16,2020,1,1,Road Accidents,Junction,City/Town,Near Bus stop,Human Error,No,Damage Only,Not Applicable,Signal lights Automatic,Not Applicable,NH,Bitumen(Tar),Dry,Not Applicable,Clear,"O M ROAD K R PURA GOVT, COLLEGE SIGNAL INFRONT OF ADISWARA SHO ROOM",STREET LIGHT,20FEET,13.01298,77.699611
Bengaluru City,K.R.Puram Traffic PS,1.04432e+16,2020,1,1,Road Accidents,Narrow road,City/Town,Near office complex,Human Error,Yes,Fatal,Hit pedestrian,Not at  Junction,Not Applicable,Others,Bitumen(Tar),Dry,Not Applicable,Fine,"M D PURA RING ROAD, OPP. EMC SQUARE.",A,32,12.986044,77.690788
Bengaluru City,K.R.Puram Traffic PS,1.04432e+16,2020,1,2,Road Accidents,Road hump or Rumble strips,City/Town,Near Bus stop,Human Error,Yes,Damage Only,Vehicle to Vehicle,Signal lights Automatic,Others,NH,Bitumen(Tar),Dry,Not Applicable,Clear,O M ROAD NEAR  NEW K R PURA TRAFFIC POLICE STATION,STREET LIGHT,28FEET,13.011756,77.698885
Bengaluru City,K.R.Puram Traffic PS,1.04432e+16,2020,1,1,Road Accidents,Junction,City/Town,Near Hospital,Human Error,Yes,Simple Injury,Not Applicable,No signal lights,Others,Two way,Not Applicable,Dry,Not Applicable,Clear,M D PURA RINGE ROAD IN FRONT OF RAINBOW HOSPITAL,A,31FEET,12.975053,77.697529
Bengaluru City,K.R.Puram Traffic PS,1.04432e+16,2020,1,1,Road Accidents,Junction,City/Town,Residential area,Human Error,No,Grievous Injury,Not Applicable,No signal lights,Others,Residential Street,Not Applicable,Dry,Not Applicable,Clear,WHITE FILED ROAD NEAR DECATHLON,A,18FEET,12.994369,77.700725
Bengaluru City,K.R.Puram Traffic PS,1.04432e+16,2020,1,1,Road Accidents,Curves,City/Town,Near Bus stop,Human Error,Yes,Simple Injury,Hit pedestrian,Not at  Junction,Others,NH,Bitumen(Tar),Dry,Not Applicable,Clear,O MROAD NEAR ITI GATE,A1,20FEET,13.005017,77.68503
Bengaluru City,K.R.Puram Traffic PS,1.04432e+16,2020,1,1,Road Accidents,Not Applicable,City/Town,Near Bus stop,Human Error,No,Grievous Injury,Hit pedestrian,Not at  Junction,Curve,Others,Not Applicable,Dry,Not Applicable,Clear,"M D PURA  RING ROAD ,INFRONT OF TOTAN MALL",A1,14FEET,12.979687,77.694764
Bengaluru City,K.R.Puram Traffic PS,1.04432e+16,2020,1,2,Road Accidents,Cross roads,City/Town,Near Bus stop,Human Error,Yes,Grievous Injury,Vehicle to Vehicle,Not Applicable,Curve,Others,Bitumen(Tar),Dry,Not Applicable,Clear,R M NAGAR MAIN ROAD NEAR MANIPAL CLINIK,A1,20FEET,13.011672,77.670076
Bengaluru City,K.R.Puram Traffic PS,1.04432e+16,2020,1,1,Road Accidents,Not Applicable,City/Town,Near a religious place,Human Error,No,Grievous Injury,Not Applicable,No signal lights,Others,Others,Bitumen(Tar),Dry,Not Applicable,Clear,GARUDACHAL PALYA NEAR ANJANEYA TEMPLE,STREET LIGHT,0,12.990722,77.70028
Bengaluru City,K.R.Puram Traffic PS,1.04432e+16,2020,1,1,Road Accidents,Curves,City/Town,Near office complex,Human Error,No,Fatal,Not Applicable,No signal lights,Curve,NH,Bitumen(Tar),Dry,Not Applicable,Fine,"OLD MADRAS ROAD, OPP. APOLO PHARMACY, K R PURA",A,32,0.0,0.0
Bengaluru City,K.R.Puram Traffic PS,1.04432e+16,2020,1,2,Road Accidents,Not Applicable,City/Town,Near Bus stop,Human Error,No,Grievous Injury,Vehicle to Vehicle,Signal lights Automatic,Others,NH,Bitumen(Tar),Dry,Not Applicable,Clear,O M ROAD BATTARAHALLI SERVICE ROAD INFRONT OF A2B HOTEL,STREET LIGHT,20FEET,13.019957,77.70967
Bengaluru City,K.R.Puram Traffic PS,1.04432e+16,2020,1,1,Road Accidents,Cross roads,City/Town,Residential area,Human Error,Yes,Grievous Injury,Vehicle to Vehicle,No signal lights,Others,Others,Not Applicable,Dry,Not Applicable,Clear,KLKERE MAIN ROAD MORE SUPER MARKET,A,29FEET,13.019425,77.678175
Bengaluru City,K.R.Puram Traffic PS,1.04432e+16,2020,1,2,Road Accidents,Not Applicable,City/Town,Near Bus stop,Human Error,No,Grievous Injury,Vehicle to Vehicle,Not at  Junction,Not Applicable,Others,Bitumen(Tar),Dry,Not Applicable,Clear,SEEGEHALLI MAIN ROAD NEAR KARAVALI HOTEL,A1,24FEET,13.006214,77.716984
Bengaluru City,K.R.Puram Traffic PS,1.04432e+16,2020,1,2,Road Accidents,Narrow road,City/Town,Residential area,Not Applicable,Yes,Grievous Injury,Vehicle to Vehicle,Not Applicable,Others,Others,Bitumen(Tar),Dry,Not Applicable,Clear,M D PURA RING ROAD NEAR  N C C APTS,A1,7FT,12.993966,77.685169
Bengaluru City,K.R.Puram Traffic PS,1.04432e+16,2020,1,1,Road Accidents,Cross roads,City/Town,Near Bus stop,Human Error,No,Grievous Injury,Hit pedestrian,Not Applicable,Curve,Not Applicable,Bitumen(Tar),Dry,Not Applicable,Clear,M D PURA RING ROAD NEAR GOLD STONE BILIDING,A1,20FEET,12.983798,77.692126
Bengaluru City,K.R.Puram Traffic PS,1.04432e+16,2020,1,1,Road Accidents,Narrow road,City/Town,Open area,Not Applicable,Yes,Grievous Injury,Hit pedestrian,No signal lights,Straight and flat,Others,Bitumen(Tar),Dry,Not Applicable,Clear,T C PALYA MAIN ROAD INFRONT OF URBEN TREDRS,A1,43FT,13.021192,77.679328
Bengaluru City,K.R.Puram Traffic PS,1.04432e+16,2020,1,1,Road Accidents,Not Applicable,City/Town,Near Petrol Pump,Human Error,No,Fatal,Not Applicable,No signal lights,Others,Others,Bitumen(Tar),Dry,Not Applicable,Clear,R M NAGAR MAIN ROAD INFRONT OFF SELL PETROL PUMP,STREET LIGHT,28FEET,13.011561,77.672678