DISTRICTNAME,UNITNAME,Crime_No,Year,RI,Noofvehicle_involved,Accident_Classification,Accident_Spot,Accident_Location,Accident_SubLocation,Main_Cause,Hit_Run,Severity,Collision_Type,Junction_Control,Road_Character,Road_Type,Surface_Type,Surface_Condition,Road_Condition,Weather,Accident_Road,Landmark_first,Distance_LandMark_First,Latitude,Longitude
Bengaluru City,K.R.Puram Traffic PS,1.04432e+16,2020,1,1,Road Accidents,Narrow road,City/Town,Near a factory industrial area,Human Error,No,Fatal,Not Applicable,Not at  Junction,Not Applicable,Mixed,Bitumen(Tar),Dry,Not Applicable,Fine,"M D PURA RING ROAD, NEAR MTB KALYANA MANTAPA",A,32,12.982697,77.692702
Bengaluru City,K.R.Puram Traffic PS,1.04432e+16,2020,1,1,Road Accidents,Narrow road,City/Town,Near Bus stop,Not Applicable,No,Grievous Injury,Not Applicable,No signal lights,Others,Others,Bitumen(Tar),Dry,Not Applicable,Clear,R M NAGARA RING ROAD SERVICE ROAD KASTURI NAGARA,A1,36,13.003056,77.663117
Bengaluru City,K.R.Puram Traffic PS,1.04432e+16,2020,1,1,Road Accidents,Narrow road,City/Town,Near Bus stop,Not Applicable,No,Grievous Injury,Hit pedestrian,No signal lights,Others,Others,Bitumen(Tar),Dry,Not Applicable,Clear,M D PURA RING ROAD B NARAYANAPURA BUS STOP,A1,26,12.995926,77.684064
Bengaluru City,K.R.Puram Traffic PS,1.04432e+16,2020,1,2,Road Accidents,Junction,City/Town,Near Bus stop,Human Error,No,Damage Only,Vehicle to Vehicle,Signal lights Automatic,Others,Others,Bitumen(Tar),Dry,Not Applicable,Clear,white feeld road near lorry school,STRRT LIGHT,23FEET,13.000398,77.679309
Bengaluru City,K.R.Puram Traffic PS,1.04432e+16,2020,1,2,Road Accidents,Not Applicable,City/Town,Near Bus stop,Human Error,No,Damage Only,Vehicle to Vehicle,No signal lights,Others,Others,Bitumen(Tar),Dry,Not Applicable,Clear,O M ROAD INFRONT ITI B AREA QVATERS,STREET LIGHT,35FEET,13.00793,77.68941
Bengaluru City,K.R.Puram Traffic PS,1.04432e+16,2020,1,2,Road Accidents,Cross roads,City/Town,Near Bus stop,Human Error,No,Grievous Injury,Vehicle to Vehicle,Not at  Junction,Curve,Others,Not Applicable,Dry,Not Applicable,Clear,WHITEFIELD ROAD K R PURA RAWLY SAION  INFOMT OF DARAGH MOHSLLA,A,26FEET,12.99973,77.67579
Bengaluru City,K.R.Puram Traffic PS,1.04432e+16,2020,1,1,Road Accidents,Narrow road,City/Town,Narrow bridge or culverts,Not Applicable,No,Fatal,Hit bicyclist,No signal lights,Others,NH,Bitumen(Tar),Dry,Not Applicable,Clear,O M ROAD K R PURA BRIDGE,A1,9FT,13.003785,77.6822944
Bengaluru City,K.R.Puram Traffic PS,1.04432e+16,2020,1,2,Road Accidents,Curves,City/Town,Near Bus stop,Human Error,No,Fatal,Not Applicable,Not at  Junction,Curve,Others,Bitumen(Tar),Dry,Not Applicable,Clear,MAHADEVAPURA RING ROAD EMC SQUARE,A1,17 FEE,12.982691,77.692849
Bengaluru City,K.R.Puram Traffic PS,1.04432e+16,2020,1,1,Road Accidents,Circle,City/Town,Near Bus stop,Human Error,No,Grievous Injury,Hit pedestrian,Signal lights Automatic,Not Applicable,Others,Bitumen(Tar),Dry,Not Applicable,Clear,WHITE FOLED ROAD NEAR HOODI CERCLE,STREET LIGHT,6FEET,12.992212,77.716233
Bengaluru City,K.R.Puram Traffic PS,1.04432e+16,2020,1,1,Road Accidents,Junction,City/Town,Near Hospital,Human Error,No,Fatal,Hit pedestrian,Signal lights Automatic,Others,NH,Bitumen(Tar),Dry,Not Applicable,Clear,O M ROAD NEAR BRUS BAR BENGALUR,A1,20FEET,13.022738,77.714034
Bengaluru City,K.R.Puram Traffic PS,1.04432e+16,2020,1,3,Road Accidents,Narrow road,City/Town,Open area,Not Applicable,No,Grievous Injury,Vehicle to Vehicle,Not at  Junction,Others,NH,Bitumen(Tar),Dry,Not Applicable,Clear,O M ROAD M M TEMPLE,A1,7FEET,12.996902,77.669205
Bengaluru City,K.R.Puram Traffic PS,1.04432e+16,2020,1,1,Road Accidents,Narrow road,City/Town,Open area,Not Applicable,No,Fatal,Not Applicable,Not at  Junction,Others,Others,Bitumen(Tar),Dry,Not Applicable,Clear,R M NAGARA RING ROAD INFRONT OF  A S R CHOURTY,A1,32FEET,13.016431,77.661586
Bengaluru City,K.R.Puram Traffic PS,1.04432e+16,2020,1,2,Road Accidents,Cross roads,City/Town,Residential area,Human Error,No,Grievous Injury,Vehicle to Vehicle,No signal lights,Others,Others,Not Applicable,Dry,Not Applicable,Clear,WHITE FILED ROAD IN FRONT OF K E B,A,18FEET,12.992531,77.711458
Bengaluru City,K.R.Puram Traffic PS,1.04432e+16,2020,1,1,Road Accidents,Not Applicable,City/Town,Near Bus stop,Human Error,No,Fatal,Not Applicable,Not at  Junction,Others,Service Road,Bitumen(Tar),Dry,Not Applicable,Clear,M D PURA RING SARVICE ROAD IN FRONT OF BAGaMANE teach park,A1,28FEET,12.982658,77.693033
Bengaluru City,K.R.Puram Traffic PS,1.04432e+16,2020,1,1,Road Accidents,Cross roads,City/Town,Near Bus stop,Human Error,No,Fatal,Vehicle to Vehicle,Not Applicable,Curve,NH,Not Applicable,Dry,Not Applicable,Clear,"RAMAMURTHY NAGARA RING ROAD , NEAR UNDER PASS",A1,14FEET,13.013361,77.662202
Bengaluru City,K.R.Puram Traffic PS,1.04432e+16,2020,1,1,Road Accidents,Cross roads,City/Town,Near Bus stop,Human Error,No,Grievous Injury,Not Applicable,Not Applicable,Curve,Others,Not Applicable,Dry,Not Applicable,Clear,R M NAGAR RING ROAD NEAR HORAMAVU BRIDGE,A1,15FEET,13.018453,77.65709
Bengaluru City,K.R.Puram Traffic PS,1.04432e+16,2020,1,1,Road Accidents,Narrow road,City/Town,Near Bus stop,Human Error,No,Fatal,Not Applicable,Not at  Junction,Slight Curve,NH,Surfaced,Dry,Not Applicable,Clear,"O M ROAD, OPP. NANDANA HOTEL",A,32,13.008404,77.695825
Bengaluru City,K.R.Puram Traffic PS,1.04432e+16,2020,1,2,Road Accidents,Not Applicable,City/Town,Near Bus stop,Human Error,No,Damage Only,Vehicle to Vehicle,No signal lights,Not Applicable,Others,Bitumen(Tar),Dry,Not Applicable,Clear,R M NAGAR RING ROAD NEAR CHINNASANDRA BUS STOP,STREET LIGHT,32FEET,13.010965,77.662503
Bengaluru City,K.R.Puram Traffic PS,1.04432e+16,2020,1,1,Road Accidents,Cross roads,City/Town,Near Bus stop,Human Error,No,Fatal,Not Applicable,Not at  Junction,Curve,Service Road,Bitumen(Tar),Dry,Not Applicable,Clear,R M NAGARA RING SERVICE ROAD NEAR ASR KALYANA MANTAPA,A1,20FEET,13.016463,77.661359
Bengaluru City,K.R.Puram Traffic PS,1.04432e+16,2020,1,2,Road Accidents,Not Applicable,City/Town,Near Bus stop,Human Error,No,Damage Only,Vehicle to Vehicle,No signal lights,Others,Others,Bitumen(Tar),Not Applicable,Not Applicable,Clear,TC PALLYA MAIN ROAD INFRONT OF FMUNESWARA NAGARA MEDICAL SHOP,STREET LIGHT,25FEET,13.018373,77.672151
Bengaluru City,K.R.Puram Traffic PS,1.04432e+16,2020,1,1,Road Accidents,Curves,City/Town,Near office complex,Human Error,No,Fatal,Not Applicable,Not at  Junction,Curve,NH,Bitumen(Tar),Dry,Not Applicable,Fine,"OLD MADRAS ROAD, K R PURA, OPP. RAMDEV SAGAR HOTEL",A,32,0.0,0.0
Bengaluru City,K.R.Puram Traffic PS,1.04432e+16,2020,1,2,Road Accidents,Junction,City/Town,Near Hospital,Human Error,No,Grievous Injury,Vehicle to Vehicle,Signals (Working),Not Applicable,NH,Bitumen(Tar),Dry,Not Applicable,Clear,"O M ROAD, BHATTARAHALLI SIGNAL, BENGALURU CITY",A1,20FEET,13.01962,77.708663
Bengaluru City,K.R.Puram Traffic PS,1.04432e+16,2020,1,2,Road Accidents,Cross roads,City/Town,Near Bus stop,Human Error,No,Grievous Injury,Vehicle to Vehicle,Not at  Junction,Curve,Others,Bitumen(Tar),Dry,Not Applicable,Clear,R M NAGAR  RING ROAD SERVICE ROAD,A1,20FEET,13.00176,77.66192
Bengaluru City,K.R.Puram Traffic PS,1.04432e+16,2020,1,2,Road Accidents,Cross roads,City/Town,Residential area,Human Error,Yes,Grievous Injury,Vehicle to Vehicle,No signal lights,Others,Others,Not Applicable,Dry,Not Applicable,Clear,WHITE FILIDE ROADINDRISTRIAIL ARIA,A,18FEET,12.991075,77.707127
Bengaluru City,K.R.Puram Traffic PS,1.04432e+16,2020,1,2,Road Accidents,Not Applicable,City/Town,Near Bus stop,Human Error,Yes,Fatal,Vehicle to Vehicle,Not Applicable,Others,Service Road,Bitumen(Tar),Dry,Not Applicable,Clear,MD PURA RING SERVICE ROAD INFRONT OF TRUE VALUE CAR SHOW ROOM,A1,4FEET,12.988802,77.68881
Bengaluru City,K.R.Puram Traffic PS,1.04432e+16,2021,1,2,Road Accidents,Cross roads,City/Town,Residential area,Human Error,Yes,Damage Only,Vehicle to Vehicle,No signal lights,Others,Others,Not Applicable,Dry,Not Applicable,Clear,M D PURA RINGE ROAD  AQVA WATER PLANT,A,5FEET,12.99644,77.690409
Bengaluru City,K.R.Puram Traffic PS,1.04432e+16,2021,1,2,Road Accidents,Not Applicable,City/Town,Residential area,Human Error,Yes,Damage Only,Vehicle to Vehicle,Not at  Junction,Straight and flat,Others,Bitumen(Tar),Dry,Not Applicable,Clear,DIESEL SHED ROAD INFRONT OF TALUK OFFICE,A,26FEET,13.004962,77.692684
Bengaluru City,K.R.Puram Traffic PS,1.04432e+16,2021,1,2,Road Accidents,Junction,City/Town,Open area,Human Error,No,Grievous Injury,Vehicle to Vehicle,Signal lights Automatic,Straight and flat,Others,Bitumen(Tar),Dry,Not Applicable,Clear,WHITE FIELD ROAD NEAR NEW LIGHT JUNCTION,A,38FEET,13.000187,77.676624
Bengaluru City,K.R.Puram Traffic PS,1.04432e+16,2021,1,1,Road Accidents,Not Applicable,City/Town,Near School or College,Human Error,No,Grievous Injury,Hit pedestrian,Not at  Junction,Straight and flat,Not Applicable,Bitumen(Tar),Dry,Not Applicable,Clear,INFRONT OF I T I CENTROL SCHOOL,A,26FEET,13.007214,77.683764
Bengaluru City,K.R.Puram Traffic PS,1.04432e+16,2021,1,2,Road Accidents,Cross roads,City/Town,Residential area,Human Error,No,Fatal,Vehicle to Vehicle,No signal lights,Not Applicable,Others,Not Applicable,Dry,Not Applicable,Clear,GRAPHITE INDIA ROAD BRIGADE SIUTH FELELD BULDING,A1,48FEET,0.0,0.0
Bengaluru City,K.R.Puram Traffic PS,1.04432e+16,2021,1,1,Road Accidents,Narrow road,City/Town,Open area,Human Error,No,Fatal,Hit pedestrian,Not Applicable,Straight and flat,Others,Bitumen(Tar),Dry,Not Applicable,Fine,RAMAMURTHY NAGAR RING ROAD,GILMA SHOW ROOM,4 K  M,0.0,0.0
Bengaluru City,K.R.Puram Traffic PS,1.04432e+16,2021,1,1,Road Accidents,Cross roads,City/Town,Near Hospital,Human Error,Yes,Fatal,Hit pedestrian,Not Applicable,Not Applicable,Others,Bitumen(Tar),Wet,Pot holed,Light Rain,"2nd main road, Kasthuri Nagar, Bangalore city",infront of ICICI Bank ATM,3.5 km,0.0,0.0
Bengaluru City,K.R.Puram Traffic PS,1.04432e+16,2021,1,1,Road Accidents,Not Applicable,City/Town,Near Petrol Pump,Human Error,No,Grievous Injury,Not Applicable,Not Applicable,Not Applicable,Not Applicable,Not Applicable,Dry,Not Applicable,Clear,TIN FACTROY NEAR HP PETROL BUNK,A1,12FEET,0.0,0.0
Bengaluru City,K.R.Puram Traffic PS,1.04432e+16,2021,1,1,Road Accidents,Cross roads,City/Town,Residential area,Human Error,Yes,Grievous Injury,Vehicle to Vehicle,No signal lights,Hump,Others,Not Applicable,Dry,Not Applicable,Clear,IN FRONT OF SATAFI PACKERS AND MOVERS BHATTARAHALLI,A1,5FEET,0.0,0.0
Bengaluru City,K.R.Puram Traffic PS,1.04432e+16,2021,1,2,Road Accidents,Circle,City/Town,Near Bus stop,Human Error,Yes,Fatal,Vehicle to Vehicle,No signal lights,Others,Residential Street,Bitumen(Tar),Not Applicable,No influence on accident,Fine,"TC Palya Main road, Kalkere cross",Near Shel petrol pump,4.5,0.0,0.0
Bengaluru City,K.R.Puram Traffic PS,1.04432e+16,2021,1,2,Road Accidents,Cross roads,City/Town,Near Bus stop,Human Error,No,Simple Injury,Vehicle to Vehicle,Not at  Junction,Not Applicable,Not Applicable,Bitumen(Tar),Dry,Not Applicable,Clear,KODIGEHALLI MAIN ROAD INFRONT OF ALPA GARDEN,A1,12FEET,13.003926,77.721638
Bengaluru City,K.R.Puram Traffic PS,1.04432e+16,2021,1,1,Road Accidents,Narrow road,City/Town,Open area,Not Applicable,No,Fatal,Not Applicable,Not at  Junction,Others,Others,Bitumen(Tar),Dry,Not Applicable,Clear,WHITE FIELD ROAD INFRONT OF LOWRI SCHOOL,A1,43,13.000336,77.679176
Bengaluru City,K.R.Puram Traffic PS,1.04432e+16,2021,1,2,Road Accidents,Cross roads,City/Town,Residential area,Human Error,Yes,Grievous Injury,Vehicle to Vehicle,No signal lights,Others,Others,Not Applicable,Dry,Not Applicable,Clear,FIRE STATION ROAD IN FRONT OF MAHENDRA ELECTRICAL COMPNY,A,10FEET,0.0,0.0
Bengaluru City,K.R.Puram Traffic PS,1.04432e+16,2021,1,2,Road Accidents,Not Applicable,City/Town,Residential area,Human Error,No,Grievous Injury,Vehicle to Vehicle,Not Applicable,Others,NH,Not Applicable,Dry,Not Applicable,Clear,O M ROAD BATTARAHALLI JUNCTION,A,15FEET,0.0,0.0
Bengaluru City,K.R.Puram Traffic PS,1.04432e+16,2021,1,1,Road Accidents,Cross roads,City/Town,Residential area,Human Error,No,Grievous Injury,Not Applicable,No signal lights,Others,Not Applicable,Not Applicable,Dry,Not Applicable,Clear,T C PALYA MAIN ROAD RAGAVENDRA CIRCLE,A1,15FEET,0.0,0.0
Bengaluru City,K.R.Puram Traffic PS,1.04432e+16,2021,1,1,Road Accidents,Cross roads,City/Town,Near a factory industrial area,Human Error,Yes,Fatal,Hit pedestrian,Not at  Junction,Straight and flat,Others,Bitumen(Tar),Others,Not Applicable,Fine,other road,Near Udupi hotel,3.5 km,0.0,0.0
Bengaluru City,K.R.Puram Traffic PS,1.04432e+16,2021,1,1,Road Accidents,Not Applicable,City/Town,Open area,Human Error,No,Fatal,Hit pedestrian,Not Applicable,Others,NH,Bitumen(Tar),Others,Not Applicable,Snow,Old Madras road,Cambridge college,1 km,0.0,0.0
Bengaluru City,K.R.Puram Traffic PS,1.04432e+16,2021,1,1,Road Accidents,Cross roads,City/Town,Residential area,Human Error,Yes,Grievous Injury,Vehicle to Vehicle,No signal lights,Not Applicable,Not Applicable,Not Applicable,Dry,Not Applicable,Clear,SHIGEHALLI MAIN ROAD NEAR INDIAN GAS GODAN,A,5FEET,13.014251,77.717002
Bengaluru City,K.R.Puram Traffic PS,1.04432e+16,2021,1,1,Road Accidents,Narrow road,City/Town,Narrow bridge or culverts,Not Applicable,No,Fatal,Not Applicable,Not Applicable,Others,Others,Bitumen(Tar),Dry,Not Applicable,Clear,"M,D PURA RING ROAD SARVICE ROAD CHINNAPPA LAYOUT CROSS ROAD",A1,28,12.985748,77.691176
Bengaluru City,K.R.Puram Traffic PS,1.04432e+16,2021,1,1,Road Accidents,Cross roads,City/Town,Residential area,Human Error,No,Simple Injury,Not Applicable,No signal lights,Hump,Others,Not Applicable,Dry,Not Applicable,Clear,O M ROAD SERVICE ROAD NEAR WHITE CITY LAY OUT,A,14FEET,13.022,77.713162
Bengaluru City,K.R.Puram Traffic PS,1.04432e+16,2021,1,1,Road Accidents,Not Applicable,City/Town,Residential area,Human Error,Yes,Simple Injury,Not Applicable,No signal lights,Hump,Others,Not Applicable,Dry,Not Applicable,Clear,YARAYYANAPLAYA ROAD IN FRONT OF SVS APTS,A,5FEET,13.012828,77.673107
Bengaluru City,K.R.Puram Traffic PS,1.04432e+16,2021,1,2,Road Accidents,Narrow road,City/Town,Near Bus stop,Human Error,No,Simple Injury,Vehicle to Vehicle,Not at  Junction,Curve,Others,Bitumen(Tar),Dry,Not Applicable,Clear,WHITE FIELD MAIN ROAD NEAR K R PURA RAILWAY STATION,A1,28FEET,13.000088,77.676603
Bengaluru City,K.R.Puram Traffic PS,1.04432e+16,2021,1,1,Road Accidents,Not Applicable,City/Town,Near Petrol Pump,Human Error,Yes,Grievous Injury,Hit pedestrian,Not at  Junction,Straight and flat,Others,Bitumen(Tar),Dry,Not Applicable,Clear,WHITE FIELD ROAD NEAR SHELL PETROL BUNK,A,28FEET,0.0,0.0
Bengaluru City,K.R.Puram Traffic PS,1.04432e+16,2021,1,1,Road Accidents,Cross roads,City/Town,Residential area,Human Error,Yes,Grievous Injury,Hit pedestrian,No signal lights,Others,Others,Bitumen(Tar),Dry,Not Applicable,Clear,UDAYA NAGAR MAIN ROAD NEAR ANJANEYA TEMPALE,A,1 FEET,0.0,0.0
Bengaluru City,K.R.Puram Traffic PS,1.04432e+16,2021,1,2,Road Accidents,Narrow road,City/Town,Residential area,Human Error,Yes,Fatal,Vehicle to Vehicle,Not Applicable,Straight and flat,Residential Street,Bitumen(Tar),Dry,Not Applicable,Clear,BANASAWADI MAIN ROAD,NAYAKS MAHALSA,07 K M,0.0,0.0
Bengaluru City,K.R.Puram Traffic PS,1.04432e+16,2021,1,2,Road Accidents,Not Applicable,City/Town,Residential area,Human Error,No,Grievous Injury,Vehicle to Vehicle,Not Applicable,Others,Others,Not Applicable,Dry,Not Applicable,Clear,mahadevapura ringe road in front of lowry school,a1,2feet,0.0,0.0
Bengaluru City,K.R.Puram Traffic PS,1.04432e+16,2021,1,2,Road Accidents,Cross roads,City/Town,Residential area,Human Error,No,Grievous Injury,Vehicle to Vehicle,No signal lights,Others,Not Applicable,Not Applicable,Dry,Not Applicable,Clear,T CPALYA MAIN ROAD NITHIN BANKARS SHOP,A,15FEET,0.0,0.0
Bengaluru City,K.R.Puram Traffic PS,1.04432e+16,2021,1,2,Road Accidents,Cross roads,City/Town,Residential area,Human Error,Yes,Grievous Injury,Vehicle to Vehicle,No signal lights,Others,Not Applicable,Not Applicable,Dry,Not Applicable,Clear,MAHADEVAPURA RINGE ROAD DODDANAKUNDI FLYOVER,A,40FEET,0.0,0.0
Bengaluru City,K.R.Puram Traffic PS,1.04432e+16,2021,1,2,Road Accidents,Junction,City/Town,Near Bus stop,Human Error,Yes,Grievous Injury,Vehicle to Vehicle,No signal lights,Others,Others,Not Applicable,Dry,Not Applicable,Clear,O M ROAD IN FRONT OF ITI DEPO,A,6FEET,13.002037,77.683226
Bengaluru City,K.R.Puram Traffic PS,1.04432e+16,2021,1,2,Road Accidents,Cross roads,City/Town,Residential area,Human Error,No,Fatal,Vehicle to Vehicle,No signal lights,Others,Not Applicable,Not Applicable,Dry,Not Applicable,Clear,HOODI ROAD HANKUR DABA NEAR H K G N ELECTRICALS,A1,8FEET,0.0,0.0
Bengaluru City,K.R.Puram Traffic PS,1.04432e+16,2021,1,2,Road Accidents,Not Applicable,City/Town,Residential area,Human Error,Yes,Grievous Injury,Vehicle to Vehicle,No signal lights,Others,Others,Not Applicable,Dry,Not Applicable,Clear,MAHADEVAPURA BRIDGE ROAD MARUTHI CLINIC,A,10FEET,0.0,0.0
Bengaluru City,K.R.Puram Traffic PS,1.04432e+16,2021,1,2,Rail Road Accidents,Not Applicable,City/Town,Residential area,Human Error,No,Damage Only,Vehicle to Vehicle,No signal lights,Others,Others,Not Applicable,Dry,Not Applicable,Clear,R M NAGAR RINGE ROAD KASTHURI NAGAR FLY OVER,A,20FEET,0.0,0.0
Bengaluru City,K.R.Puram Traffic PS,1.04432e+16,2021,1,1,Road Accidents,Narrow road,Rural Areas,Residential area,Human Error,No,Grievous Injury,Hit pedestrian,Uncontrolled,Straight and flat,Expressway,Bitumen(Tar),Dry,Not Applicable,Clear,MAHADEVAPURA  MAIN ROAD,CELEBRITY MANSION,04 K M,0.0,0.0
Bengaluru City,K.R.Puram Traffic PS,1.04432e+16,2021,1,2,Road Accidents,Cross roads,City/Town,Near Petrol Pump,Human Error,Yes,Damage Only,Vehicle to Vehicle,No signal lights,Not Applicable,Not Applicable,Not Applicable,Dry,Not Applicable,Clear,KALKERE MAIN ROAD BHARTH PETROL BUNK,A1,15FEET,0.0,0.0
Bengaluru City,K.R.Puram Traffic PS,1.04432e+16,2021,1,1,Road Accidents,Narrow road,City/Town,Residential area,Human Error,No,Fatal,Not Applicable,Not at  Junction,Others,Service Road,Bitumen(Tar),Dry,Not Applicable,Clear,R M NAGARA RING ROAD SERVICE ROAD INFRONT OF MATAJI FURNICTUR,A1,28FEET,13.018056,77.657557
Bengaluru City,K.R.Puram Traffic PS,1.04432e+16,2021,1,2,Rail Road Accidents,Junction,City/Town,Residential area,Human Error,No,Damage Only,Vehicle to Vehicle,Not Applicable,Not Applicable,Others,Not Applicable,Dry,Not Applicable,Clear,O M ROAD IN FRONT OF M M TEMPLE,A,35FEET,12.996498,77.668225
Bengaluru City,K.R.Puram Traffic PS,1.04432e+16,2021,1,2,Road Accidents,Not Applicable,City/Town,Narrow bridge or culverts,Human Error,Yes,Damage Only,Vehicle to Vehicle,No signal lights,Others,Others,Not Applicable,Dry,Not Applicable,Clear,M D PURA RINGE ROAD NEAR SELAM RAILWAY BRIDGE,A,6FEET,12.974702,77.697715
Bengaluru City,K.R.Puram Traffic PS,1.04432e+16,2021,1,2,Road Accidents,Not Applicable,City/Town,Near Petrol Pump,Human Error,Yes,Grievous Injury,Vehicle to Vehicle,No signal lights,Others,Service Road,Not Applicable,Dry,Not Applicable,Clear,O M ROAD SERVICE ROAD NEAR INDIAN OILL PETROL BUNK,A,14FEET,13.003339,77.682275
Bengaluru City,K.R.Puram Traffic PS,1.04432e+16,2021,1,2,Road Accidents,Not Applicable,City/Town,Open area,Human Error,No,Simple Injury,Vehicle to Vehicle,Not at  Junction,Straight and flat,One way,Bitumen(Tar),Dry,Not Applicable,Clear,WHITE FIELD ROAD ROAD IN FRONT OF K E B IN HOODI,A,5 FEET,12.992546,77.711581
Bengaluru City,K.R.Puram Traffic PS,1.04432e+16,2021,1,2,Road Accidents,Narrow road,City/Town,Narrow bridge or culverts,Human Error,Yes,Fatal,Vehicle to Vehicle,Uncontrolled,Straight and flat,NH,Bitumen(Tar),Dry,Not Applicable,Others,OM ROAD,ITI OFFICE,1 KMS,0.0,0.0
Bengaluru City,K.R.Puram Traffic PS,1.04432e+16,2021,1,1,Road Accidents,Narrow road,City/Town,Open area,Human Error,No,Fatal,Not Applicable,Uncontrolled,Straight and flat,Service Road,Bitumen(Tar),Dry,Not Applicable,Fog / Mist,R M NAGAR  RING ROAD SERVICE ROAD,LAKKI FURNITURE SHOW ROOM,3.5 KM,0.0,0.0
Bengaluru City,K.R.Puram Traffic PS,1.04432e+16,2021,1,1,Road Accidents,Cross roads,City/Town,Residential area,Human Error,No,Grievous Injury,Not Applicable,No signal lights,Others,Not Applicable,Not Applicable,Dry,Not Applicable,Clear,I T P L MAIN ROAD NEAR KTPO COMPUND,A,15FEET,0.0,0.0
Bengaluru City,K.R.Puram Traffic PS,1.04432e+16,2021,1,2,Road Accidents,Not Applicable,City/Town,Near Bus stop,Human Error,Yes,Grievous Injury,Vehicle to Vehicle,Not at  Junction,Others,Mixed,Bitumen(Tar),Dry,Not Applicable,Clear,RM NAGAR RING ROAD RM NAGAR BRIDGE UNDER PASS,A1,42FEET,13.013269,77.662212
Bengaluru City,K.R.Puram Traffic PS,1.04432e+16,2021,1,2,Road Accidents,Not Applicable,City/Town,Near Hospital,Human Error,No,Grievous Injury,Vehicle to Vehicle,Not at  Junction,Others,Service Road,Bitumen(Tar),Dry,Not Applicable,Clear,O M ROAD K R PURA RTO OFFICE,A1,50FEET,13.023866,77.71629
Bengaluru City,K.R.Puram Traffic PS,1.04432e+16,2021,1,2,Road Accidents,Cross roads,City/Town,Near Bus stop,Human Error,No,Simple Injury,Vehicle to Vehicle,Not Applicable,Others,Service Road,Bitumen(Tar),Dry,Not Applicable,Clear,O M ROAD SEVIRCE ROAD DOMINOS PIZZA NEAR,A,22FEET,13.017644,77.70571
Bengaluru City,K.R.Puram Traffic PS,1.04432e+16,2021,1,2,Road Accidents,Junction,City/Town,Near Bus stop,Human Error,No,Damage Only,Vehicle to Vehicle,Not Applicable,Not Applicable,Others,Not Applicable,Dry,Not Applicable,Clear,RAMAMURTY NAGAR SINGANAL,A,18FEET,13.01322,77.662318
Bengaluru City,K.R.Puram Traffic PS,1.04432e+16,2021,1,2,Road Accidents,Cross roads,City/Town,Residential area,Human Error,No,Simple Injury,Vehicle to Vehicle,No signal lights,Not Applicable,Not Applicable,Not Applicable,Dry,Not Applicable,Clear,KITHAGANURU MAIN ROAD IN FRONT OF NEW MALABAR RESTORENT,A,2FEET,13.024275,77.706943
Bengaluru City,K.R.Puram Traffic PS,1.04432e+16,2021,1,2,Road Accidents,Narrow road,City/Town,Near office complex,Human Error,No,Simple Injury,Vehicle to Vehicle,Not at  Junction,Others,NH,Bitumen(Tar),Dry,Not Applicable,Clear,M D PURA RING ROAD NEAR MORE MARKET BRIDGE,A1,28FEET,12.989975,77.68844
Bengaluru City,K.R.Puram Traffic PS,1.04432e+16,2021,1,2,Road Accidents,Not Applicable,City/Town,Narrow bridge or culverts,Human Error,No,Grievous Injury,Vehicle to Vehicle,No signal lights,Others,Others,Not Applicable,Dry,Not Applicable,Clear,M D PURA RIBGE ROAD NEAR M D PURA BRIDGE,A1,28FEET,12.991141,77.687466
Bengaluru City,K.R.Puram Traffic PS,1.04432e+16,2021,1,2,Road Accidents,Not Applicable,City/Town,Residential area,Human Error,Yes,Simple Injury,Vehicle to Vehicle,No signal lights,Others,Others,Not Applicable,Dry,Not Applicable,Clear,HORAMAVU MAIN ROAD NEAR PRSTIGE GRUP APRTMENT,A1,5FEET,0.0,0.0
Bengaluru City,K.R.Puram Traffic PS,1.04432e+16,2021,1,2,Road Accidents,Not Applicable,City/Town,Residential area,Human Error,No,Damage Only,Vehicle to Vehicle,Not Applicable,Not Applicable,Others,Not Applicable,Dry,Not Applicable,Clear,white fhield main road M R F TYER SHOW ROOM,A1,A1,0.0,0.0
Bengaluru City,K.R.Puram Traffic PS,1.04432e+16,2021,1,2,Road Accidents,Cross roads,City/Town,Residential area,Human Error,No,Damage Only,Vehicle to Vehicle,No signal lights,Others,Not Applicable,Not Applicable,Dry,Not Applicable,Clear,KASTHURI NAGAR MAIN ROAD 2 ND MAIN 1ST AA CROSS,A,2FEET,0.0,0.0
Bengaluru City,K.R.Puram Traffic PS,1.04432e+16,2021,1,2,Road Accidents,Cross roads,City/Town,Near School or College,Human Error,No,Grievous Injury,Vehicle to Vehicle,Uncontrolled,Straight and flat,Others,Bitumen(Tar),Dry,Not Applicable,Clear,KITHAGANURU MAIN ROAD,GARDEN CITY COLLEGE,2.5,0.0,0.0
Bengaluru City,K.R.Puram Traffic PS,1.04432e+16,2021,1,2,Road Accidents,Circle,City/Town,Near Hospital,Human Error,No,Simple Injury,Vehicle to Vehicle,Not Applicable,Curve,NH,Bitumen(Tar),Dry,Not Applicable,Clear,OM ROAD K R PURA GOVT HOSPITAL SIGNAL,A,30FEET,13.008217,77.692421
Bengaluru City,K.R.Puram Traffic PS,1.04432e+16,2021,1,2,Road Accidents,Narrow road,City/Town,Open area,Human Error,No,Fatal,Vehicle to Vehicle,Uncontrolled,Straight and flat,Expressway,Bitumen(Tar),Dry,Not Applicable,Fog / Mist,O M ROAD,STEEL  FACTORY,02 K M,0.0,0.0
Bengaluru City,K.R.Puram Traffic PS,1.04432e+16,2021,1,2,Road Accidents,Not Applicable,City/Town,Near Petrol Pump,Human Error,No,Grievous Injury,Not Applicable,Not Applicable,Others,Not Applicable,Not Applicable,Dry,Not Applicable,Clear,TINFACTORY BRIDGE DOWN RAMP IN FRONT OF H P PETROL BUNK,A,40 FEE,0.0,0.0
Bengaluru City,K.R.Puram Traffic PS,1.04432e+16,2021,1,1,Rail Road Accidents,Not Applicable,City/Town,Residential area,Human Error,Yes,Grievous Injury,Not Applicable,No signal lights,Not Applicable,Others,Not Applicable,Dry,Not Applicable,Clear,M D PURA RINGE ROAD IN FRONT OF MORE MARKET,A,5FEET,0.0,0.0
Bengaluru City,K.R.Puram Traffic PS,1.04432e+16,2021,1,1,Not Applicable,Cross roads,City/Town,Near School or College,Human Error,Yes,Fatal,Hit pedestrian,Not at  Junction,Straight and flat,Others,Bitumen(Tar),Dry,Not Applicable,Clear,Jayanthi Grama main road,Near Malnad Hotel,3.5 km,0.0,0.0