DISTRICTNAME,UNITNAME,Crime_No,Year,RI,Noofvehicle_involved,Accident_Classification,Accident_Spot,Accident_Location,Accident_SubLocation,Main_Cause,Hit_Run,Severity,Collision_Type,Junction_Control,Road_Character,Road_Type,Surface_Type,Surface_Condition,Road_Condition,Weather,Accident_Road,Landmark_first,Distance_LandMark_First,Latitude,Longitude
Bengaluru City,K.R.Puram Traffic PS,1.04432e+16,2021,1,1,Road Accidents,Not Applicable,City/Town,Near Hospital,Human Error,Yes,Fatal,Hit pedestrian,Not Applicable,Straight and flat,NH,Bitumen(Tar),Others,Not Applicable,Clear,"OLD MADRAS ROAD, K R PURA, OPP. RAMDEV SAGAR HOTEL",Near Sathya Sai Hospital,1.5 KM,0.0,0.0
Bengaluru City,K.R.Puram Traffic PS,1.04432e+16,2021,1,2,Road Accidents,Cross roads,City/Town,Residential area,Human Error,Yes,Grievous Injury,Vehicle to Vehicle,Not Applicable,Others,Not Applicable,Not Applicable,Dry,Not Applicable,Clear,BENIGANAHALLI V F M HONDA SHO ROOM,A1,5feet,0.0,0.0
Bengaluru City,K.R.Puram Traffic PS,1.04432e+16,2021,1,2,Road Accidents,Junction,City/Town,Residential area,Human Error,No,Grievous Injury,Vehicle to Vehicle,Signal lights Automatic,Straight and flat,NH,Bitumen(Tar),Dry,Not Applicable,Clear,O M ROAD NEAR GOVT COLLEGE SIGNAL JUNCTION,A,39,13.013266,77.699645
Bengaluru City,K.R.Puram Traffic PS,1.04432e+16,2021,1,2,Road Accidents,Cross roads,City/Town,Residential area,Human Error,No,Grievous Injury,Vehicle to Vehicle,Not Applicable,Others,NH,Not Applicable,Dry,Not Applicable,Clear,O M ROAD T C PALYA SIGANAL,A,2FEET,0.0,0.0
Bengaluru City,K.R.Puram Traffic PS,1.04432e+16,2021,1,2,Road Accidents,Junction,City/Town,Residential area,Human Error,No,Simple Injury,Vehicle to Vehicle,No signal lights,Others,Not Applicable,Not Applicable,Dry,Not Applicable,Clear,WHITE FIELD ROAD B NARAYANAPURA HONDA CAR SHO ROME,A,5FEET,0.0,0.0
Bengaluru City,K.R.Puram Traffic PS,1.04432e+16,2021,1,2,Road Accidents,Narrow road,City/Town,Open area,Human Error,No,Grievous Injury,Vehicle to Vehicle,Uncontrolled,Straight and flat,Others,Bitumen(Tar),Dry,Not Applicable,Clear,KITTAGANUR MAIN ROAD,SHISHUMANDIR,2.5,0.0,0.0
Bengaluru City,K.R.Puram Traffic PS,1.04432e+16,2021,1,2,Road Accidents,Junction,City/Town,Near Hospital,Human Error,No,Grievous Injury,Vehicle to Vehicle,Controlled,Straight and flat,Expressway,Bitumen(Tar),Dry,Not Applicable,Clear,O M ROAD,GOVT HOSPITAL,01 K M,0.0,0.0
Bengaluru City,K.R.Puram Traffic PS,1.04432e+16,2021,1,2,Road Accidents,Cross roads,City/Town,Residential area,Human Error,No,Simple Injury,Vehicle to Vehicle,No signal lights,Others,Others,Not Applicable,Dry,Not Applicable,Clear,VIJINAPURA ROAD IN FRONT OF MED PLUS MEDICLE STORE,A,3FEET,13.009665,77.667482
Bengaluru City,K.R.Puram Traffic PS,1.04432e+16,2021,1,2,Road Accidents,Narrow road,City/Town,Open area,Human Error,Yes,Grievous Injury,Vehicle to Vehicle,Not at  Junction,Not Applicable,Others,Bitumen(Tar),Dry,Not Applicable,Clear,MD PURA RING ROAD SERVICE INFRONT OF MOREMARKET,A,20FEET,12.989348,77.688606
Bengaluru City,K.R.Puram Traffic PS,1.04432e+16,2021,1,2,Road Accidents,Not Applicable,City/Town,Residential area,Human Error,Not Applicable,Fatal,Vehicle to Vehicle,Not at  Junction,Straight and flat,Others,Bitumen(Tar),Dry,Not Applicable,Clear,M D PURA RING ROAD INFRONT OF GOLD STONE BUILDING,A,16FEET,0.0,0.0
Bengaluru City,K.R.Puram Traffic PS,1.04432e+16,2021,1,1,Road Accidents,Cross roads,City/Town,Residential area,Human Error,No,Grievous Injury,Not Applicable,No signal lights,Others,Others,Not Applicable,Dry,Not Applicable,Clear,IN FRONT OF F T H DAILY  COMPANY F T H ROAD,A1,40FEET,0.0,0.0
Bengaluru City,K.R.Puram Traffic PS,1.04432e+16,2021,1,1,Road Accidents,Narrow road,City/Town,Near Hospital,Not Applicable,No,Fatal,Not Applicable,Not at  Junction,Straight and flat,Residential Street,Bitumen(Tar),Dry,Not Applicable,Clear,P W D ROAD NEAR MED PLUS STORE,A1,1FT,0.0,0.0
Bengaluru City,K.R.Puram Traffic PS,1.04432e+16,2021,1,1,Road Accidents,Cross roads,City/Town,Near Bus stop,Human Error,Yes,Grievous Injury,Not Applicable,Not Applicable,Others,NH,Not Applicable,Dry,Not Applicable,Clear,O M ROAD NEAR I T I BUS STOP,A,50FEET,0.0,0.0
Bengaluru City,K.R.Puram Traffic PS,1.04432e+16,2021,1,1,Road Accidents,Not Applicable,City/Town,Open area,Human Error,No,Fatal,Not Applicable,Not at  Junction,Not Applicable,NH,Bitumen(Tar),Not Applicable,Not Applicable,Others,"OLD MADRAS ROAD, K R PURA, OPP. RAMDEV SAGAR HOTEL",Near LG Bar,1.5 KM,0.0,0.0
Bengaluru City,K.R.Puram Traffic PS,1.04432e+16,2021,1,1,Road Accidents,Circle,City/Town,Near Bus stop,Human Error,Not Applicable,Fatal,Not Applicable,No signal lights,Hump,Two way,Bitumen(Tar),Dry,Not Applicable,Fine,WHITE FIELD,Infront of Decathlon,4 KM,0.0,0.0
Bengaluru City,K.R.Puram Traffic PS,1.04432e+16,2021,1,2,Road Accidents,Cross roads,City/Town,Residential area,Human Error,No,Grievous Injury,Vehicle to Vehicle,No signal lights,Others,Others,Not Applicable,Dry,Not Applicable,Clear,O M ROAD K R PURA GOVT COLLEGE JUNCTION,A,40FEET,0.0,0.0
Bengaluru City,K.R.Puram Traffic PS,1.04432e+16,2021,1,2,Road Accidents,Not Applicable,City/Town,Near Bus stop,Human Error,Yes,Damage Only,Vehicle to Vehicle,Not at  Junction,Others,Others,Bitumen(Tar),Dry,Not Applicable,Clear,O M ROAD CABLE BRIDGE NEAR HOSAKOTE BUS STOP,A1,20FEET,12.997587,77.670574
Bengaluru City,K.R.Puram Traffic PS,1.04432e+16,2021,1,1,Road Accidents,Junction,City/Town,Near Hospital,Human Error,Yes,Grievous Injury,Not Applicable,Not Applicable,Others,NH,Not Applicable,Dry,Not Applicable,Clear,O M ROAD K R PURA GOVT HOSPITAL SINGANAL,A,15FEET,0.0,0.0
Bengaluru City,K.R.Puram Traffic PS,1.04432e+16,2021,1,1,Road Accidents,Cross roads,City/Town,Open area,Human Error,Yes,Grievous Injury,Not Applicable,No signal lights,Others,Others,Not Applicable,Dry,Not Applicable,Clear,DEVASANDRA MAIN ROAD 3RD CROSS SANJANA APTS,A,20FEET,0.0,0.0
Bengaluru City,K.R.Puram Traffic PS,1.04432e+16,2021,1,2,Road Accidents,Not Applicable,City/Town,Residential area,Human Error,No,Grievous Injury,Vehicle to Vehicle,No signal lights,Others,Not Applicable,Not Applicable,Dry,Not Applicable,Clear,WHITE FIELD ROAD IN FRONT OF ABB COMPNY,A,18FEET,0.0,0.0
Bengaluru City,K.R.Puram Traffic PS,1.04432e+16,2021,1,3,Road Accidents,Not Applicable,City/Town,Residential area,Human Error,No,Simple Injury,Not Applicable,Not Applicable,Others,Others,Not Applicable,Dry,Not Applicable,Clear,KALKERE MAIN ROAD MUTHU MOTORS WORKS GARAGE,A,5FEET,0.0,0.0
Bengaluru City,K.R.Puram Traffic PS,1.04432e+16,2021,1,2,Road Accidents,Not Applicable,City/Town,Residential area,Human Error,Yes,Grievous Injury,Vehicle to Vehicle,No signal lights,Not Applicable,Service Road,Not Applicable,Dry,Not Applicable,Clear,RAMAMURTHY NAGAR RINGE ROAD  SARVICE ROAD NEAR SAI PANICHARS,A,25FEET,0.0,0.0
Bengaluru City,K.R.Puram Traffic PS,1.04432e+16,2021,1,2,Road Accidents,Narrow road,City/Town,Near a factory industrial area,Human Error,No,Fatal,Vehicle to Vehicle,Not at  Junction,Straight and flat,One way,Bitumen(Tar),Others,No influence on accident,Fine,White field main road,In front of Bharath fuel station,2 km,0.0,0.0
Bengaluru City,K.R.Puram Traffic PS,1.04432e+16,2021,1,2,Road Accidents,Circle,City/Town,Near Bus stop,Human Error,Yes,Fatal,Vehicle to Vehicle,Not at  Junction,Curve,Service Road,Bitumen(Tar),Dry,Not Applicable,Clear,O M ROAD BHATTARAHALLI SERVICE ROAD INFRONT OF UNILET STORES,A1,20FEET,13.018583,77.706727
Bengaluru City,K.R.Puram Traffic PS,1.04432e+16,2021,1,2,Road Accidents,Not Applicable,City/Town,Open area,Human Error,Yes,Fatal,Vehicle to Vehicle,No signal lights,Straight and flat,NH,Bitumen(Tar),Dry,Not Applicable,Clear,O M ROAD I T I GATE K E B,A,8FEET,13.005923,77.68673
Bengaluru City,K.R.Puram Traffic PS,1.04432e+16,2021,1,2,Road Accidents,Junction,City/Town,Open area,Human Error,Not Applicable,Grievous Injury,Vehicle to Vehicle,No signal lights,Straight and flat,One way,Bitumen(Tar),Dry,Not Applicable,Clear,WHITEFIELD ROAD NEAR E S I JUNCTION,A,24FEET,12.992897,77.705761
Bengaluru City,K.R.Puram Traffic PS,1.04432e+16,2021,1,2,Road Accidents,Cross roads,City/Town,Residential area,Human Error,No,Grievous Injury,Vehicle to Vehicle,No signal lights,Not Applicable,Others,Not Applicable,Dry,Not Applicable,Clear,HOODI ROAD NEAR  GOPALAN GRAND APTS,A,15FEET,0.0,0.0
Bengaluru City,K.R.Puram Traffic PS,1.04432e+16,2021,1,2,Road Accidents,Cross roads,City/Town,Residential area,Human Error,No,Simple Injury,Vehicle to Vehicle,No signal lights,Others,Others,Not Applicable,Dry,Not Applicable,Clear,WHITE FIELD MAIN ROAD IN FRONT OF JURI HOTEL,A,12FEET,0.0,0.0
Bengaluru City,K.R.Puram Traffic PS,1.04432e+16,2021,1,2,Road Accidents,Cross roads,City/Town,Residential area,Human Error,No,Damage Only,Vehicle to Vehicle,No signal lights,Others,Not Applicable,Not Applicable,Dry,Not Applicable,Clear,BASAVANAPURA MAIN ROAD NEAR  LAKSHMI NARAYANA BHAVANA,A,5FEET,0.0,0.0
Bengaluru City,K.R.Puram Traffic PS,1.04432e+16,2021,1,2,Road Accidents,Narrow road,City/Town,Near School or College,Not Applicable,No,Fatal,Vehicle to Vehicle,Signal lights Manual,Others,NH,Bitumen(Tar),Dry,Not Applicable,Clear,O M ROAD K R PURA GOVT COLLEGE SIGNAL,A,38,13.013273,77.699613
Bengaluru City,K.R.Puram Traffic PS,1.04432e+16,2021,1,1,Road Accidents,Curves,City/Town,Residential area,Human Error,Yes,Grievous Injury,Not Applicable,No signal lights,Others,Others,Not Applicable,Dry,Not Applicable,Clear,O M ROAD K R PURA IN FROONT OF DURGA PARAMESHVRI TEMPLE,A,6FEET,13.008886,77.696343
Bengaluru City,K.R.Puram Traffic PS,1.04432e+16,2021,1,1,Road Accidents,Narrow road,City/Town,Open area,Human Error,Not Applicable,Fatal,Not Applicable,Not at  Junction,Straight and flat,Others,Bitumen(Tar),Dry,Not Applicable,Clear,R M NAGAR RING ROAD INFRONT OF A S R COULTRY,A,32FEET,13.016459,77.661732
Bengaluru City,K.R.Puram Traffic PS,1.04432e+16,2021,1,1,Road Accidents,Not Applicable,City/Town,Residential area,Human Error,Yes,Grievous Injury,Not Applicable,No signal lights,Others,Residential Street,Not Applicable,Dry,Not Applicable,Clear,O M ROAD K R PURA IN FRONT OF CHANDRA MOTORS,A,39FEET,13.010466,77.697604
Bengaluru City,K.R.Puram Traffic PS,1.04432e+16,2021,1,2,Road Accidents,Narrow road,City/Town,Open area,Human Error,No,Grievous Injury,Vehicle to Vehicle,Not Applicable,Others,NH,Bitumen(Tar),Dry,Not Applicable,Clear,O M ROAD KARTHIK MOTORS U TURN,A,8FEET,13.010275,77.697595
Bengaluru City,K.R.Puram Traffic PS,1.04432e+16,2021,1,2,Road Accidents,Not Applicable,City/Town,Open area,Human Error,No,Simple Injury,Vehicle to Vehicle,Not at  Junction,Straight and flat,NH,Bitumen(Tar),Dry,Not Applicable,Clear,O M ROAD IN FRONTOF MANASA HOTEL,A,6FEET,13.008349,77.693528
Bengaluru City,K.R.Puram Traffic PS,1.04432e+16,2021,1,2,Road Accidents,Not Applicable,City/Town,Residential area,Human Error,Yes,Grievous Injury,Vehicle to Vehicle,Not Applicable,Others,NH,Not Applicable,Dry,Not Applicable,Clear,O M ROAD SERVICE ROAD DOMINEZ PIZZA,A,4FEET,0.0,0.0
Bengaluru City,K.R.Puram Traffic PS,1.04432e+16,2021,1,1,Road Accidents,Not Applicable,City/Town,Open area,Human Error,Yes,Simple Injury,Not Applicable,No signal lights,Others,NH,Not Applicable,Dry,Not Applicable,Clear,O M ROAD K R PURA TRFFICE POLICE STATION,A,30FEET,0.0,0.0
Bengaluru City,K.R.Puram Traffic PS,1.04432e+16,2021,1,1,Road Accidents,Road hump or Rumble strips,City/Town,Open area,Human Error,Not Applicable,Fatal,Not Applicable,No signal lights,Others,Others,Concrete,Others,Not Applicable,Clear,"Near BBMP WATER PLANRT, MUNESHWARA NAGARA, TC PALYA MAIN ROAD",STREET LIGHT,20 FEE,0.0,0.0
Bengaluru City,K.R.Puram Traffic PS,1.04432e+16,2021,1,1,Road Accidents,Not Applicable,City/Town,Near Hospital,Human Error,No,Grievous Injury,Not Applicable,Not Applicable,Others,Others,Not Applicable,Dry,Not Applicable,Clear,O M ROAD BATTARAHALLI SATHYA SAI HOSPITAL,A,12FEET,0.0,0.0
Bengaluru City,K.R.Puram Traffic PS,1.04432e+16,2021,1,2,Road Accidents,Cross roads,City/Town,Residential area,Human Error,Yes,Grievous Injury,Vehicle to Vehicle,No signal lights,Not Applicable,Others,Not Applicable,Dry,Not Applicable,Clear,B NARAYANAPURA 3RD CROSS,A1,5FEET,0.0,0.0
Bengaluru City,K.R.Puram Traffic PS,1.04432e+16,2021,1,1,Road Accidents,Not Applicable,City/Town,Near Bus stop,Human Error,Yes,Grievous Injury,Hit pedestrian,No signal lights,Others,Others,Bitumen(Tar),Others,Not Applicable,Clear,DODDA BANASWADI MAIN ROAD  INFRONT OF SR ENTERPRISES,STREET LIGHT,40FEET,0.0,0.0
Bengaluru City,K.R.Puram Traffic PS,1.04432e+16,2021,1,2,Road Accidents,Cross roads,City/Town,Residential area,Human Error,No,Grievous Injury,Vehicle to Vehicle,Not Applicable,Others,Others,Not Applicable,Dry,Not Applicable,Clear,WHITE FIELDE MAIN ROAD NEAR TANSI HONDA SHOWROOM,A1,40FEET,0.0,0.0
Bengaluru City,K.R.Puram Traffic PS,1.04432e+16,2021,1,1,Road Accidents,Narrow road,City/Town,At pedestrian Crossing,Human Error,Yes,Grievous Injury,Hit pedestrian,Uncontrolled,Straight and flat,Others,Bitumen(Tar),Dry,Not Applicable,Fine,T C PALYA MAIN ROAD,SAI GARDEN,02 K M,0.0,0.0
Bengaluru City,K.R.Puram Traffic PS,1.04432e+16,2021,1,1,Road Accidents,Curves,City/Town,Residential area,Human Error,Not Applicable,Fatal,Not Applicable,No signal lights,Others,Not Applicable,Bitumen(Tar),Dry,Not Applicable,Clear,R M NAGARA RING ROAD INFRONT OF ASR,A,32FEET,13.016455,77.66148
Bengaluru City,K.R.Puram Traffic PS,1.04432e+16,2021,1,2,Road Accidents,Junction,City/Town,Open area,Human Error,Yes,Damage Only,Vehicle to Vehicle,Signal lights Automatic,Straight and flat,NH,Bitumen(Tar),Dry,Not Applicable,Clear,O M ROAD INFRONT OF M M TEMPLE,A,28FEET,12.996886,77.669143
Bengaluru City,K.R.Puram Traffic PS,1.04432e+16,2021,1,2,Road Accidents,Narrow road,City/Town,Near Bus stop,Human Error,Yes,Fatal,Vehicle to Vehicle,Uncontrolled,Straight and flat,Expressway,Bitumen(Tar),Dry,Not Applicable,Fine,OM ROAD,MUTHUMARIYAMMA TEMPLE,02 K M,0.0,0.0
Bengaluru City,K.R.Puram Traffic PS,1.04432e+16,2021,1,1,Road Accidents,Curves,City/Town,Residential area,Human Error,No,Fatal,Not Applicable,No signal lights,Curve,Others,Concrete,Others,Not Applicable,Clear,R M NAGAR RING ROAD NEAR ASR KALYANA MANTAP INFRONT OF SMR VINAY RIJENSCY APPARTMENT,STREET LIGHT,35 ft,13.015943,77.662072
Bengaluru City,K.R.Puram Traffic PS,1.04432e+16,2021,1,2,Road Accidents,Cross roads,City/Town,Residential area,Human Error,No,Grievous Injury,Vehicle to Vehicle,No signal lights,Others,Others,Not Applicable,Dry,Not Applicable,Clear,doctor lay out 1 st main road near pristain park vivs appartment,A,15FEET,0.0,0.0
Bengaluru City,K.R.Puram Traffic PS,1.04432e+16,2021,1,1,Not Applicable,Not Applicable,City/Town,Near Bus stop,Not Applicable,Not Applicable,Grievous Injury,Hit pedestrian,Not Applicable,Others,Others,Not Applicable,Dry,Not Applicable,Clear,RING ROAD,NEAR MAHADEVAPURA FLY OVER,0.25 K,0.0,0.0
Bengaluru City,K.R.Puram Traffic PS,1.04432e+16,2021,1,2,Road Accidents,Not Applicable,City/Town,Residential area,Human Error,No,Grievous Injury,Vehicle to Vehicle,No signal lights,Others,Residential Street,Not Applicable,Dry,Not Applicable,Clear,M d pura ringe road in front of manyatha tek park,a,28feet,0.0,0.0
Bengaluru City,K.R.Puram Traffic PS,1.04432e+16,2021,1,2,Road Accidents,Cross roads,City/Town,Residential area,Human Error,No,Grievous Injury,Vehicle to Vehicle,No signal lights,Others,Not Applicable,Not Applicable,Dry,Not Applicable,Clear,I T I SARVCE ROAD NEAR I T I GATE,A,5FEET,0.0,0.0
Bengaluru City,K.R.Puram Traffic PS,1.04432e+16,2021,1,2,Road Accidents,Cross roads,City/Town,Residential area,Human Error,Yes,Grievous Injury,Vehicle to Vehicle,No signal lights,Others,Others,Not Applicable,Dry,Not Applicable,Clear,T C PALYA MAIN ROAD T C PALYA CHURCH,A,35FEET,0.0,0.0
Bengaluru City,K.R.Puram Traffic PS,1.04432e+16,2021,1,1,Road Accidents,Cross roads,City/Town,Residential area,Human Error,Yes,Simple Injury,Hit pedestrian,Not at  Junction,Others,Service Road,Bitumen(Tar),Dry,Not Applicable,Clear,THIGALAR PALYA ROAD INFRONT OF CBR AKRUTHI APTS,A1,2FEET,12.994654,77.721083
Bengaluru City,K.R.Puram Traffic PS,1.04432e+16,2021,1,1,Road Accidents,Not Applicable,City/Town,Open area,Human Error,Yes,Fatal,Hit pedestrian,No signal lights,Not Applicable,NH,Bitumen(Tar),Dry,Not Applicable,Clear,O M ROAD INFRONT OF BLACK BIRD CLOTH SHOP,A,30FEET,13.009503,77.696834
Bengaluru City,K.R.Puram Traffic PS,1.04432e+16,2021,1,1,Road Accidents,Not Applicable,City/Town,Residential area,Human Error,No,Fatal,Hit pedestrian,Not at  Junction,Others,Others,Bitumen(Tar),Dry,Not Applicable,Clear,W F ROAD IN FRONT OF V S T,A,16FEET,12.994319,77.700507
Bengaluru City,K.R.Puram Traffic PS,1.04432e+16,2021,1,2,Road Accidents,Not Applicable,City/Town,Open area,Human Error,No,Grievous Injury,Vehicle to Vehicle,Not at  Junction,Straight and flat,Not Applicable,Bitumen(Tar),Dry,Not Applicable,Clear,MAHADEVAPURA RING ROAD INFRONT OF I C I C I BANK,A,28FEET,12.994135,77.685378
Bengaluru City,K.R.Puram Traffic PS,1.04432e+16,2021,1,2,Road Accidents,Cross roads,City/Town,Near School or College,Human Error,No,Grievous Injury,Vehicle to Vehicle,No signal lights,Others,Two way,Not Applicable,Dry,Not Applicable,Clear,ESI MAIN ROAD IN FRONT OF GOPALAN NATIONAL SCHOLL,A,12FEET,12.986202,77.707822
Bengaluru City,K.R.Puram Traffic PS,1.04432e+16,2021,1,2,Road Accidents,Not Applicable,City/Town,Residential area,Human Error,No,Grievous Injury,Vehicle to Vehicle,Not at  Junction,Straight and flat,Service Road,Bitumen(Tar),Dry,Not Applicable,Clear,R M NAGRA RING ROAD KASTURINAGARA SERVICE ROAD NEAR BRIDGE,A,8FEET,12.999673,77.663596
Bengaluru City,K.R.Puram Traffic PS,1.04432e+16,2021,1,2,Road Accidents,Junction,City/Town,In bazaar,Human Error,No,Grievous Injury,Vehicle to Vehicle,Not Applicable,Not Applicable,Others,Not Applicable,Dry,Not Applicable,Clear,WHITE FIELD ROAD HOODI JUNCTION,A,38FEET,0.0,0.0
Bengaluru City,K.R.Puram Traffic PS,1.04432e+16,2021,1,1,Road Accidents,Cross roads,City/Town,Near Bus stop,Human Error,No,Fatal,Not Applicable,No signal lights,Others,Others,Not Applicable,Dry,Not Applicable,Clear,M D PURA RING ROAD NEAR N CC APRTMENT BUS STOP,A,2FEET,0.0,0.0
Bengaluru City,K.R.Puram Traffic PS,1.04432e+16,2021,1,2,Road Accidents,Cross roads,City/Town,Near Bus stop,Human Error,No,Grievous Injury,Vehicle to Vehicle,No signal lights,Others,Others,Not Applicable,Dry,Not Applicable,Clear,R M NAGAR RINGE ROAD KSTHURI NAGAR BUS STOP,A1,10FEET,0.0,0.0
Bengaluru City,K.R.Puram Traffic PS,1.04432e+16,2021,1,2,Road Accidents,Not Applicable,City/Town,Residential area,Human Error,Yes,Grievous Injury,Vehicle to Vehicle,No signal lights,Others,Not Applicable,Not Applicable,Dry,Not Applicable,Clear,WHITE FIELD ROAD SHUBA SAGAR HOTEL,A1,25FEET,0.0,0.0
Bengaluru City,K.R.Puram Traffic PS,1.04432e+16,2021,1,2,Road Accidents,Cross roads,City/Town,Residential area,Human Error,Yes,Grievous Injury,Vehicle to Vehicle,No signal lights,Others,One way,Not Applicable,Dry,Not Applicable,Clear,AYYAPPANAGAR MAIN ROAD KRISHNA COMMUNITY HALL,A,10FEET,0.0,0.0
Bengaluru City,K.R.Puram Traffic PS,1.04432e+16,2021,1,2,Road Accidents,Cross roads,City/Town,Residential area,Human Error,No,Simple Injury,Vehicle to Vehicle,Not at  Junction,Others,Service Road,Bitumen(Tar),Dry,Not Applicable,Clear,YARAYANNA PALYA MAIN ROAD INFRONT OF S V S SIR NILAYAM APTS,A1,20FEET,13.012818,77.673099
Bengaluru City,K.R.Puram Traffic PS,1.04432e+16,2021,1,2,Road Accidents,Cross roads,City/Town,Near Petrol Pump,Human Error,No,Grievous Injury,Vehicle to Vehicle,No signal lights,Others,Others,Not Applicable,Dry,Not Applicable,Clear,I T I COLONY ROAD NEAR PETROL BUNK,A1,22FEET,0.0,0.0
Bengaluru City,K.R.Puram Traffic PS,1.04432e+16,2021,1,1,Road Accidents,Not Applicable,City/Town,Residential area,Human Error,Yes,Grievous Injury,Not Applicable,No signal lights,Others,Others,Not Applicable,Dry,Not Applicable,Clear,AKSHYA NAGAR MAIN ROAD RAMDEV FATION SHOP,A1,33FEET,0.0,0.0
Bengaluru City,K.R.Puram Traffic PS,1.04432e+16,2021,1,2,Road Accidents,Not Applicable,City/Town,Narrow bridge or culverts,Human Error,Yes,Grievous Injury,Vehicle to Vehicle,No signal lights,Others,Others,Not Applicable,Dry,Not Applicable,Clear,R M NAGAR RINGE ROAD KASTHURI NAGAR BRIDGE,A,5FEET,0.0,0.0
Bengaluru City,K.R.Puram Traffic PS,1.04432e+16,2021,1,2,Road Accidents,Not Applicable,City/Town,Residential area,Human Error,No,Grievous Injury,Vehicle to Vehicle,No signal lights,Not Applicable,Two way,Not Applicable,Ditch or Potholed,Not Applicable,Clear,R M NAGAR MAIN ROAD VENKATESHWAR PROVISION,A,10FEET,0.0,0.0
Bengaluru City,K.R.Puram Traffic PS,1.04432e+16,2021,1,2,Road Accidents,Cross roads,City/Town,Residential area,Human Error,No,Grievous Injury,Vehicle to Vehicle,No signal lights,Not Applicable,Not Applicable,Not Applicable,Dry,Not Applicable,Clear,WHITEFIELD MAIN ROAD IN FRONT OF TATA ELEXI APARTMENT,A,20FEET,0.0,0.0
Bengaluru City,K.R.Puram Traffic PS,1.04432e+16,2021,1,1,Road Accidents,Cross roads,City/Town,Residential area,Human Error,Yes,Simple Injury,Hit pedestrian,Not Applicable,Not Applicable,Others,Bitumen(Tar),Dry,Not Applicable,Clear,VENKATESWAR TENT ROAD INFRONT OF BRAMHALINGESWARA JUICE CENTER,A,20FEET,13.003196,77.695474
Bengaluru City,K.R.Puram Traffic PS,1.04432e+16,2021,1,2,Road Accidents,Junction,City/Town,Near Bus stop,Human Error,No,Simple Injury,Vehicle to Vehicle,Signal lights Automatic,Others,NH,Bitumen(Tar),Dry,Not Applicable,Clear,O M ROAD NEAR BHATTARAHALLI SIGNAL,A1,20FEET,13.019833,77.709134
Bengaluru City,K.R.Puram Traffic PS,1.04432e+16,2021,1,2,Road Accidents,Cross roads,City/Town,Residential area,Human Error,No,Damage Only,Vehicle to Vehicle,No signal lights,Not Applicable,Others,Not Applicable,Dry,Not Applicable,Clear,MEDAHALLI  MAIN ROAD PARVATHI NAGAR IN FRONT OF GANESH TEMPLE,A,5FEET,13.031774,77.716026
Bengaluru City,K.R.Puram Traffic PS,1.04432e+16,2021,1,2,Road Accidents,Cross roads,City/Town,Residential area,Human Error,Yes,Grievous Injury,Vehicle to Vehicle,No signal lights,Not Applicable,Others,Not Applicable,Dry,Not Applicable,Clear,HORAMAVU MAIN ROAD NEAR RAJALAKSHMI ELECTRICLES,A,5FEET,0.0,0.0
Bengaluru City,K.R.Puram Traffic PS,1.04432e+16,2021,1,1,Road Accidents,Not Applicable,City/Town,Residential area,Human Error,Yes,Grievous Injury,Not Applicable,No signal lights,Others,Others,Not Applicable,Dry,Not Applicable,Clear,DEVASANDRA MAIN ROAD K R PURA AUTO STOP K R PURA MARKET,A,28FEET,0.0,0.0
Bengaluru City,K.R.Puram Traffic PS,1.04432e+16,2021,1,2,Road Accidents,Cross roads,City/Town,Near Hospital,Human Error,Yes,Grievous Injury,Vehicle to Vehicle,Not Applicable,Others,Not Applicable,Not Applicable,Dry,Not Applicable,Clear,DODDABANSVADI MAIN ROAD RASHI DIAGNOSTIC,A,5FEET,0.0,0.0
Bengaluru City,K.R.Puram Traffic PS,1.04432e+16,2021,1,2,Road Accidents,Cross roads,City/Town,Near Hospital,Human Error,Yes,Grievous Injury,Vehicle to Vehicle,Not Applicable,Not Applicable,Not Applicable,Not Applicable,Dry,Not Applicable,Clear,O M ROAD NEAR DEEPA HOSPITAL,A,10 FEE,0.0,0.0
Bengaluru City,K.R.Puram Traffic PS,1.04432e+16,2021,1,2,Road Accidents,Not Applicable,City/Town,Residential area,Human Error,Yes,Grievous Injury,Vehicle to Vehicle,No signal lights,Not Applicable,Residential Street,Not Applicable,Dry,Not Applicable,Clear,WHITEFIELD MAIN ROAD NEAR ZURI HOTEL,A,10FEET,0.0,0.0
Bengaluru City,K.R.Puram Traffic PS,1.04432e+16,2022,1,2,Road Accidents,Not Applicable,City/Town,Residential area,Human Error,Yes,Fatal,Vehicle to Vehicle,No signal lights,Straight and flat,Not Applicable,Bitumen(Tar),Dry,No influence on accident,Clear,maragondahalli main road,shine motors,2.5 km,0.0,0.0
Bengaluru City,K.R.Puram Traffic PS,1.04432e+16,2022,1,1,Road Accidents,Not Applicable,City/Town,Residential area,Human Error,No,Grievous Injury,Not Applicable,No signal lights,Others,Others,Not Applicable,Dry,Not Applicable,Clear,BAGHAMNE TECH PARK ACCENTURE BULDING TOWER-A BASEMENT-1,A,20FEET,0.0,0.0
Bengaluru City,K.R.Puram Traffic PS,1.04432e+16,2022,1,2,Road Accidents,Circle,City/Town,Near Bus stop,Human Error,Yes,Fatal,Vehicle to Vehicle,Uncontrolled,Others,Others,Bitumen(Tar),Not Applicable,No influence on accident,Fine,"TC Palya Main road,",Near cauvery high fashion,5 km,0.0,0.0
Bengaluru City,K.R.Puram Traffic PS,1.04432e+16,2022,1,1,Road Accidents,Cross roads,City/Town,Residential area,Human Error,Yes,Grievous Injury,Hit pedestrian,Uncontrolled,Straight and flat,One way,Bitumen(Tar),Dry,Not Applicable,Fine,JAYANTHI NAGAR MAIN ROAD,ACES CAR SEAT COVERS SHOP,04 K M,0.0,0.0
Bengaluru City,K.R.Puram Traffic PS,1.04432e+16,2022,1,1,Road Accidents,Junction,City/Town,Residential area,Human Error,Yes,Grievous Injury,Not Applicable,Not Applicable,Others,Others,Not Applicable,Dry,Not Applicable,Clear,MAHADEVAPURA RING ROAD DODDANAKUNDI CIRCLE,A,30FEET,0.0,0.0