DISTRICTNAME,UNITNAME,Crime_No,Year,RI,Noofvehicle_involved,Accident_Classification,Accident_Spot,Accident_Location,Accident_SubLocation,Main_Cause,Hit_Run,Severity,Collision_Type,Junction_Control,Road_Character,Road_Type,Surface_Type,Surface_Condition,Road_Condition,Weather,Accident_Road,Landmark_first,Distance_LandMark_First,Latitude,Longitude
Bengaluru City,K.R.Puram Traffic PS,1.04432e+16,2022,1,1,Road Accidents,Narrow road,City/Town,At pedestrian Crossing,Human Error,Yes,Grievous Injury,Hit pedestrian,Not Applicable,Straight and flat,Expressway,Bitumen(Tar),Dry,Not Applicable,Fog / Mist,MAHADEVAPURA RING ROAD,GOOGLE BUILDING,3 K M,0.0,0.0
Bengaluru City,K.R.Puram Traffic PS,1.04432e+16,2022,1,1,Road Accidents,Narrow road,City/Town,Near Bus stop,Human Error,Yes,Grievous Injury,Hit pedestrian,Uncontrolled,Straight and flat,Expressway,Bitumen(Tar),Dry,Not Applicable,Fine,MAHADEVAPURA RING ROAD,EMC2 BUILDING,04 K M,0.0,0.0
Bengaluru City,K.R.Puram Traffic PS,1.04432e+16,2022,1,1,Road Accidents,Not Applicable,City/Town,Near Bus stop,Human Error,No,Grievous Injury,Hit bicyclist,Not Applicable,Others,Arterial,Bitumen(Tar),Dry,No influence on accident,Fog / Mist,NEAR BRIGADE METRO POLIS BACK GATE GARUDACHAR PALYA HOODI,HOODI,3 KM,0.0,0.0
Bengaluru City,K.R.Puram Traffic PS,1.04432e+16,2022,1,2,Road Accidents,Road hump or Rumble strips,City/Town,Near Bus stop,Human Error,No,Grievous Injury,Vehicle to Vehicle,Uncontrolled,Straight and flat,State Highway,Bitumen(Tar),Dry,No influence on accident,Clear,RING ROAD NEAR KASTURI NAGAR BUS STOP R M NAGAR,KASTHURI NAGAR BRIDGE,4 KM,0.0,0.0
Bengaluru City,K.R.Puram Traffic PS,1.04432e+16,2022,1,2,Road Accidents,Not Applicable,City/Town,Open area,Human Error,Yes,Fatal,Vehicle to Vehicle,Not at  Junction,Straight and flat,Others,Bitumen(Tar),Dry,Not Applicable,Fog / Mist,NEAR RAMAMURTHINAGAR SIGNAL UNDER PASS RAMAMURTHINAGAR RING ROAD,A1,3,0.0,0.0
Bengaluru City,K.R.Puram Traffic PS,1.04432e+16,2022,1,2,Road Accidents,Not Applicable,City/Town,Open area,Human Error,Yes,Fatal,Vehicle to Vehicle,Not Applicable,Others,Others,Bitumen(Tar),Dry,Not Applicable,Fog / Mist,UPPER RAMP OF K R PURAM HANGING BRIDGE OPPOSITE MASJID,OPPOSITE MASJID,03 KM,0.0,0.0
Bengaluru City,K.R.Puram Traffic PS,1.04432e+16,2022,1,1,Road Accidents,Cross roads,City/Town,Residential area,Human Error,No,Grievous Injury,Hit pedestrian,Uncontrolled,Straight and flat,Others,Bitumen(Tar),Dry,Not Applicable,Fine,WHITE FIELD MAIN ROAD,SRINIDHI HOTEL,03 K M,0.0,0.0
Bengaluru City,K.R.Puram Traffic PS,1.04432e+16,2022,1,2,Road Accidents,Not Applicable,City/Town,Residential area,Human Error,No,Grievous Injury,Vehicle to Vehicle,No signal lights,Others,Mixed,Not Applicable,Dry,Not Applicable,Clear,O M ROAD BATTARAHALLI SERVICE ROAD,A1,8FEET,0.0,0.0
Bengaluru City,K.R.Puram Traffic PS,1.04432e+16,2022,1,2,Road Accidents,Junction,City/Town,Near School or College,Not Applicable,Yes,Fatal,Vehicle to Vehicle,Controlled,Straight and flat,Not Applicable,Not Applicable,Dry,Not Applicable,Very Hot,KRPURAM  GOVT COLLEGE JUNCTION,A,5 FEET,0.0,0.0
Bengaluru City,K.R.Puram Traffic PS,1.04432e+16,2022,1,2,Road Accidents,Narrow road,City/Town,Residential area,Human Error,Yes,Grievous Injury,Vehicle to Vehicle,Uncontrolled,Straight and flat,Others,Bitumen(Tar),Dry,Not Applicable,Fine,HOODI  MAIN ROAD,SUMADHURA NANDANAM APARTMENT,3  K M,0.0,0.0
Bengaluru City,K.R.Puram Traffic PS,1.04432e+16,2022,1,1,Road Accidents,Narrow road,City/Town,Open area,Road Environment Defect,No,Fatal,Not Applicable,Not Applicable,Hump,Others,Bitumen(Tar),Dry,Not Applicable,Clear,OPPOSITE TO GAS STATION  KASTURI NAGAR MAIN ROAD  BENGALORE  CITY,OPPOSITE GAS STATION,3,0.0,0.0
Bengaluru City,K.R.Puram Traffic PS,1.04432e+16,2022,1,2,Road Accidents,Narrow road,City/Town,Near office complex,Human Error,No,Grievous Injury,Vehicle to Vehicle,Uncontrolled,Straight and flat,Expressway,Bitumen(Tar),Dry,Not Applicable,Fine,O M  ROAD,GRT JEWELERS SHOP,0.5 KM,0.0,0.0
Bengaluru City,K.R.Puram Traffic PS,1.04432e+16,2022,1,1,Road Accidents,Not Applicable,City/Town,Near School or College,Human Error,Not Applicable,Fatal,Not Applicable,Not Applicable,Straight and flat,Others,Bitumen(Tar),Dry,Not Applicable,Clear,"NEAR HOLY VISION SCHOOL, PWD MAIN ROAD KAGGADASAPURA,A NARAYANAPURA",HOLI VISION SCHOOL,3.5,0.0,0.0
Bengaluru City,K.R.Puram Traffic PS,1.04432e+16,2022,1,2,Road Accidents,Not Applicable,City/Town,Open area,Human Error,Yes,Fatal,Vehicle to Vehicle,Not Applicable,Straight and flat,Others,Bitumen(Tar),Dry,Not Applicable,Clear,NEAR POORVIKA MOBILES SHOP K R PURAM OM ROAD,POORVIKA MOBILE SHOP,500 MT,0.0,0.0
Bengaluru City,K.R.Puram Traffic PS,1.04432e+16,2022,1,1,Road Accidents,Circle,City/Town,Near Petrol Pump,Human Error,Yes,Grievous Injury,Hit pedestrian,Stop sign,Curve,Arterial,Bitumen(Tar),Dry,No influence on accident,Clear,NEAR INDIAN OIL PETROL BUNK GRAFITE INDIA CIRCLE HOODI,NEAR INDIAN OIL PETROL BUNK GRAFITE INDIA CIRCLE HOODI,3 KM,0.0,0.0
Bengaluru City,K.R.Puram Traffic PS,1.04432e+16,2022,1,2,Road Accidents,Not Applicable,City/Town,Open area,Human Error,Yes,Grievous Injury,Vehicle to Vehicle,Controlled,Hump,Arterial,Bitumen(Tar),Dry,No influence on accident,Clear,WHITW FIELD MAIN ROAD NEAR  B NARAYANAPUAR BUS STOP,WHITW FIELD MAIN ROAD NEAR  B NARAYANAPUAR BUS STOP,4 KM,0.0,0.0
Bengaluru City,K.R.Puram Traffic PS,1.04432e+16,2022,1,2,Road Accidents,Curves,City/Town,Open area,Human Error,Yes,Grievous Injury,Hit pedestrian,Not at  Junction,Straight and flat,Arterial,Bitumen(Tar),Dry,Not Applicable,Clear,2ND MAIN ROAD NEAR WHITE TEAK COMPANY GRAPHITE INDIA,2ND MAIN ROAD NEAR WHITE TEAK COMPANY GRAPHITE INDIA,5 KM,0.0,0.0
Bengaluru City,K.R.Puram Traffic PS,1.04432e+16,2022,1,1,Road Accidents,Narrow road,City/Town,At pedestrian Crossing,Human Error,Yes,Grievous Injury,Hit pedestrian,Controlled,Straight and flat,Expressway,Bitumen(Tar),Dry,Not Applicable,Clear,MAHADEVAPURA RING ROAD,UDUPI HOTEL,04 K M,0.0,0.0
Bengaluru City,K.R.Puram Traffic PS,1.04432e+16,2022,1,2,Road Accidents,Junction,City/Town,Narrow bridge or culverts,Human Error,Yes,Fatal,Vehicle to Vehicle,No signal lights,Curve,Sub Arterial,Bitumen(Tar),Dry,Not Applicable,Clear,White field main road,KR Pura Railway station,2.5 km,0.0,0.0
Bengaluru City,K.R.Puram Traffic PS,1.04432e+16,2022,1,2,Road Accidents,Not Applicable,City/Town,Residential area,Human Error,Yes,Grievous Injury,Vehicle to Vehicle,Not Applicable,Others,Not Applicable,Not Applicable,Dry,Not Applicable,Clear,O M ROAD ITI GATE GUSE GODAN,A,40FEET,0.0,0.0
Bengaluru City,K.R.Puram Traffic PS,1.04432e+16,2022,1,2,Road Accidents,Narrow road,City/Town,Residential area,Human Error,No,Grievous Injury,Vehicle to Vehicle,Uncontrolled,Straight and flat,Expressway,Bitumen(Tar),Dry,Not Applicable,Fog / Mist,M D PURA RING ROAD,RENAULT CAR SHO ROOM,03 K M,0.0,0.0
Bengaluru City,K.R.Puram Traffic PS,1.04432e+16,2022,1,2,Road Accidents,Not Applicable,City/Town,Near Bus stop,Human Error,No,Grievous Injury,Vehicle to Vehicle,No signal lights,Not Applicable,Others,Not Applicable,Dry,Not Applicable,Clear,TIN FACTORY BUS STOP NEAR FLYOVER,A,5FEET,0.0,0.0
Bengaluru City,K.R.Puram Traffic PS,1.04432e+16,2022,1,2,Road Accidents,Narrow road,City/Town,Near Petrol Pump,Human Error,Yes,Fatal,Vehicle to Vehicle,Not Applicable,Straight and flat,Not Applicable,Bitumen(Tar),Dry,Not Applicable,Clear,INFRONT OF HP PETROL BUNK NEAR RTO OFFICE BHATTARAHALLI OM ROAD,HP PETROL BUNK,1.5,0.0,0.0
Bengaluru City,K.R.Puram Traffic PS,1.04432e+16,2022,1,2,Road Accidents,Narrow road,City/Town,Near Bus stop,Human Error,Yes,Grievous Injury,Vehicle to Vehicle,Uncontrolled,Straight and flat,Expressway,Bitumen(Tar),Dry,Not Applicable,Fine,O M ROAD,ASHRAYA HOTEL,02 K M,0.0,0.0
Bengaluru City,K.R.Puram Traffic PS,1.04432e+16,2022,1,2,Road Accidents,Narrow road,City/Town,Open area,Human Error,Yes,Fatal,Vehicle to Vehicle,Not Applicable,Straight and flat,Others,Bitumen(Tar),Dry,Not Applicable,Clear,"ON THE FLYOVER, NEAR TIN FACTORY BUS STOP, RING ROAD",LIGHT FOLE,2,0.0,0.0
Bengaluru City,K.R.Puram Traffic PS,1.04432e+16,2022,1,2,Not Applicable,Junction,City/Town,Open area,Human Error,Yes,Grievous Injury,Vehicle to Vehicle,Controlled,Others,Arterial,Bitumen(Tar),Dry,Not Applicable,Clear,GRAFITE INDIA SIGNAL NEAR PRASTIGE APARTMENT,GRAFITE INDIA SIGNAL NEAR PRASTIGE APPARTMENT,4 KM,0.0,0.0
Bengaluru City,K.R.Puram Traffic PS,1.04432e+16,2022,1,1,Road Accidents,Junction,City/Town,Near Bus stop,Human Error,Yes,Grievous Injury,Hit pedestrian,Uncontrolled,Straight and flat,Expressway,Bitumen(Tar),Dry,Not Applicable,Fog / Mist,OM ROAD,MANASA HOTEL,01 KM,0.0,0.0
Bengaluru City,K.R.Puram Traffic PS,1.04432e+16,2022,1,1,Road Accidents,Not Applicable,City/Town,Open area,Human Error,Yes,Fatal,Hit pedestrian,Not at  Junction,Straight and flat,Others,Bitumen(Tar),Dry,Not Applicable,Clear,Near nandana bekari jayanthi nagara ramamurthinagara,A1,2.5,0.0,0.0
Bengaluru City,K.R.Puram Traffic PS,1.04432e+16,2022,1,1,Road Accidents,Curves,City/Town,Narrow bridge or culverts,Human Error,Not Applicable,Simple Injury,Not Applicable,Controlled,Straight and flat,Arterial,Bitumen(Tar),Dry,No influence on accident,Clear,HANGING BRIDGE K R PURA,HANGING BRIDGE K R PURA,2 km,0.0,0.0
Bengaluru City,K.R.Puram Traffic PS,1.04432e+16,2022,1,1,Road Accidents,Circle,City/Town,Near Bus stop,Human Error,Yes,Grievous Injury,Hit pedestrian,Controlled,Curve,Arterial,Bitumen(Tar),Dry,Construction Work / Material,Clear,NEAR HP PETROL BUNK OUTER RING ROAD TIN FACTORY BENGALURU CITY,NEAR HP PETROL BUNK OUTER RING ROAD TIN FACTORY BENGALURU CITY,3 KM,0.0,0.0
Bengaluru City,K.R.Puram Traffic PS,1.04432e+16,2022,1,1,Road Accidents,Offset,City/Town,Open area,Human Error,Not Applicable,Grievous Injury,Not Applicable,Uncontrolled,Others,Arterial,Bitumen(Tar),Dry,No influence on accident,Clear,NEAR GLASS HARY BUILDING KASTURI NAGAR OMBR LAYOUT,NEAR GLASS HARY BUILDING KASTURI NAGAR OMBR LAYOUT,5 KM,0.0,0.0
Bengaluru City,K.R.Puram Traffic PS,1.04432e+16,2022,1,1,Road Accidents,Not Applicable,City/Town,Open area,Human Error,Yes,Fatal,Hit pedestrian,Not Applicable,Straight and flat,Others,Bitumen(Tar),Dry,Not Applicable,Fog / Mist,NEAR ITI COLONY EXIT GATE DOORAVANI NAGAR BANGALORE CITY,A1,02 KM,0.0,0.0
Bengaluru City,K.R.Puram Traffic PS,1.04432e+16,2022,1,2,Road Accidents,Narrow road,City/Town,Residential area,Human Error,Yes,Grievous Injury,Vehicle to Vehicle,Uncontrolled,Straight and flat,Residential Street,Bitumen(Tar),Dry,Not Applicable,Fine,JAYANTHI NAGAR MAIN ROAD,SHEK BEKARY,4 K M,0.0,0.0
Bengaluru City,K.R.Puram Traffic PS,1.04432e+16,2022,1,2,Road Accidents,Not Applicable,City/Town,Open area,Not Applicable,Yes,Fatal,Vehicle to Vehicle,Not Applicable,Straight and flat,Others,Bitumen(Tar),Dry,Not Applicable,Clear,Near Chamundeshwari Temple Jayanthi Grama main Road Horamavu,A1,35FEET,0.0,0.0
Bengaluru City,K.R.Puram Traffic PS,1.04432e+16,2022,1,2,Road Accidents,Not Applicable,City/Town,Near Petrol Pump,Human Error,No,Grievous Injury,Vehicle to Vehicle,Not Applicable,Others,Others,Not Applicable,Dry,Not Applicable,Clear,MM TEMPLE BHARATH PETROL BUNK,A,5FEET,0.0,0.0
Bengaluru City,K.R.Puram Traffic PS,1.04432e+16,2022,1,1,Road Accidents,Narrow road,City/Town,Near Bus stop,Human Error,Yes,Simple Injury,Hit bicyclist,Uncontrolled,Straight and flat,Expressway,Bitumen(Tar),Dry,Not Applicable,Fine,GARUDACHAR PALYA  ROAD,TRANS WASY RELCATION  INDIAN PVT,05 K M,0.0,0.0
Bengaluru City,K.R.Puram Traffic PS,1.04432e+16,2022,1,2,Road Accidents,Not Applicable,City/Town,Open area,Human Error,Yes,Grievous Injury,Vehicle to Vehicle,No signal lights,Others,Not Applicable,Not Applicable,Dry,Not Applicable,Clear,T C PALYA MAIN ROAD GEETH CLINIC,A,30FEET,0.0,0.0
Bengaluru City,K.R.Puram Traffic PS,1.04432e+16,2022,1,2,Road Accidents,Not Applicable,City/Town,Near Bus stop,Not Applicable,Not Applicable,Damage Only,Vehicle to Vehicle,Not Applicable,Others,One way,Bitumen(Tar),Dry,Not Applicable,Clear,Near Kasturi Nagar Bus stop Kasturi Nagar,Ring road,04 K M,0.0,0.0
Bengaluru City,K.R.Puram Traffic PS,1.04432e+16,2022,1,2,Road Accidents,Narrow road,City/Town,Near Hospital,Human Error,Yes,Grievous Injury,Vehicle to Vehicle,Uncontrolled,Straight and flat,Expressway,Bitumen(Tar),Dry,Not Applicable,Clear,T C PALYA MAIN ROAD,KOSHYS HOSPITAL,03 K M,0.0,0.0
Bengaluru City,K.R.Puram Traffic PS,1.04432e+16,2022,1,2,Road Accidents,Not Applicable,City/Town,Near School or College,Human Error,No,Grievous Injury,Vehicle to Vehicle,Controlled,Straight and flat,Arterial,Bitumen(Tar),Dry,No influence on accident,Clear,FRONT OF CHATHNYA SCHOOL RAJAPALYA,FRONT OF CHATHNYA SCHOOL RAJAPALYA,3 KM,0.0,0.0
Bengaluru City,K.R.Puram Traffic PS,1.04432e+16,2022,1,3,Road Accidents,Not Applicable,City/Town,Open area,Human Error,Yes,Simple Injury,Vehicle to Vehicle,Not Applicable,Straight and flat,NH,Bitumen(Tar),Dry,Not Applicable,Fog / Mist,OM ROAD NEAR  BHATTARAHALLI SIGNAL,NEAR BHATTARAHALLI SIGNAL,1.5,0.0,0.0
Bengaluru City,K.R.Puram Traffic PS,1.04432e+16,2022,1,1,Road Accidents,Junction,City/Town,Near Petrol Pump,Human Error,Not Applicable,Grievous Injury,Hit bicyclist,Controlled,Others,Arterial,Bitumen(Tar),Dry,No influence on accident,Clear,NEAR SAP LAB GRAPHITE INDIA CIRCLE HOODI BENGALURU CITY,NEAR SAP LAB GRAPHITE INDIA CIRCLE HOODI BENGALURU CITY,3 KM,0.0,0.0
Bengaluru City,K.R.Puram Traffic PS,1.04432e+16,2022,1,1,Road Accidents,Circle,City/Town,Near Petrol Pump,Human Error,Yes,Grievous Injury,Not Applicable,Uncontrolled,Others,Arterial,Bitumen(Tar),Dry,No influence on accident,Clear,NEAR TIN FACTORY OUTER RING ROAD BENGALURU CITY,NEAR TIN FACTORY OUTER RING ROAD BENGALURU CITY,3 KM,0.0,0.0
Bengaluru City,K.R.Puram Traffic PS,1.04432e+16,2022,1,2,Road Accidents,Curves,City/Town,Open area,Human Error,Yes,Grievous Injury,Vehicle to Vehicle,Controlled,Incline,Arterial,Bitumen(Tar),Dry,No influence on accident,Clear,NEAR SADANANDA RAILWAY UNDER PASS RAILWAY PARLAL ROAD KSTURI NAGAR,NEAR SADANANDA RAILWAY UNDER PASS RAILWAY PARLAL ROAD KSTURI NAGAR,5 KM,0.0,0.0
Bengaluru City,K.R.Puram Traffic PS,1.04432e+16,2022,1,2,Road Accidents,Junction,City/Town,Near Hospital,Human Error,No,Grievous Injury,Vehicle to Vehicle,Stop sign,Hump,Major District Road,Bitumen(Tar),Dry,No influence on accident,Clear,NEAR GOVT HOSPITAL OLD MADRAS ROAD K  R PURA,NEAR GOVT HOSPITAL OLD MADRAS ROAD K  R PURA,2 KM,0.0,0.0
Bengaluru City,K.R.Puram Traffic PS,1.04432e+16,2022,1,2,Road Accidents,Not Applicable,City/Town,Near Petrol Pump,Human Error,No,Fatal,Vehicle to Vehicle,Not at  Junction,Straight and flat,NH,Bitumen(Tar),Dry,No influence on accident,Fine,"OLD MADRAS ROAD, K R PURA, OPP. RAMDEV SAGAR HOTEL",ITI compound,1.3 km,0.0,0.0
Bengaluru City,K.R.Puram Traffic PS,1.04432e+16,2022,1,2,Road Accidents,Not Applicable,City/Town,Residential area,Human Error,No,Grievous Injury,Vehicle to Vehicle,No signal lights,Others,Others,Not Applicable,Dry,Not Applicable,Clear,M D PURA RING ROAD DODDANKUNDHI FLYOVER,A,25FEET,0.0,0.0
Bengaluru City,K.R.Puram Traffic PS,1.04432e+16,2022,1,1,Road Accidents,Not Applicable,City/Town,Residential area,Human Error,Yes,Grievous Injury,Hit pedestrian,Not Applicable,Others,Not Applicable,Not Applicable,Dry,Not Applicable,Clear,GARUDACHAR PALYA,A,30FEET,0.0,0.0
Bengaluru City,K.R.Puram Traffic PS,1.04432e+16,2022,1,1,Road Accidents,Narrow road,City/Town,Open area,Human Error,No,Grievous Injury,Hit pedestrian,Uncontrolled,Straight and flat,Expressway,Bitumen(Tar),Dry,Not Applicable,Fog / Mist,MAHADEVAPURA RING ROAD,SALEM BRIDGE,4 K M,0.0,0.0
Bengaluru City,K.R.Puram Traffic PS,1.04432e+16,2022,1,2,Road Accidents,Not Applicable,City/Town,Residential area,Human Error,No,Damage Only,Vehicle to Vehicle,No signal lights,Others,Others,Not Applicable,Dry,Not Applicable,Clear,O M ROAD NEAR T C PALYA SIGNAL,A,40FEET,0.0,0.0
Bengaluru City,K.R.Puram Traffic PS,1.04432e+16,2022,1,1,Road Accidents,Narrow road,City/Town,Near Bus stop,Human Error,No,Grievous Injury,Not Applicable,Uncontrolled,Straight and flat,Expressway,Bitumen(Tar),Dry,Not Applicable,Others,O M ROAD,BALAJI HOTEL,100 ME,0.0,0.0
Bengaluru City,K.R.Puram Traffic PS,1.04432e+16,2022,1,3,Road Accidents,Cross roads,City/Town,Open area,Human Error,No,Damage Only,Vehicle to Vehicle,Uncontrolled,Straight and flat,Expressway,Bitumen(Tar),Not Applicable,Not Applicable,Fine,MAHADEVAPURA RING ROAD,KASTURI NAGAR BUS STOP,05 K M,0.0,0.0
Bengaluru City,K.R.Puram Traffic PS,1.04432e+16,2022,1,2,Road Accidents,Not Applicable,City/Town,Near Bus stop,Human Error,Yes,Simple Injury,Vehicle to Vehicle,Not Applicable,Straight and flat,Others,Bitumen(Tar),Dry,Not Applicable,Fog / Mist,NEAR RAJAPALYA BUS STOP HOODI WHITE FIELD ROAD,NEAR RAJAPALYA BUS STOP,05 K M,0.0,0.0
Bengaluru City,K.R.Puram Traffic PS,1.04432e+16,2022,1,1,Road Accidents,Narrow road,City/Town,Near Petrol Pump,Human Error,No,Fatal,Hit pedestrian,Not Applicable,Others,Others,Bitumen(Tar),Dry,Construction Work / Material,Clear,Mahadevapura  main road Near petrol Bunk Mahadevapura,PETROL BUNK,2,0.0,0.0
Bengaluru City,K.R.Puram Traffic PS,1.04432e+16,2022,1,2,Road Accidents,Junction,City/Town,Near Bus stop,Human Error,Not Applicable,Grievous Injury,Vehicle to Vehicle,Signal lights Automatic,Not Applicable,Two way,Bitumen(Tar),Dry,Not Applicable,Cloudy,R M NAGAR RING ROAD,RELIANCE DIGITAL,4 K M,0.0,0.0
Bengaluru City,K.R.Puram Traffic PS,1.04432e+16,2022,1,2,Road Accidents,Circle,City/Town,Open area,Not Applicable,Not Applicable,Damage Only,Vehicle to Vehicle,Uncontrolled,Curve,Service Road,Bitumen(Tar),Dry,No influence on accident,Clear,NEAR T C PALYA  BRIDGE R M NAGAR SIGNAL BENGALURU CITY,NEAR T C PALYA,2 KM,0.0,0.0
Bengaluru City,K.R.Puram Traffic PS,1.04432e+16,2022,1,1,Road Accidents,Not Applicable,City/Town,Open area,Human Error,Not Applicable,Fatal,Not Applicable,Not Applicable,Others,Others,Bitumen(Tar),Dry,Not Applicable,Fog / Mist,OPPOSITE ANGALA PARAMESHWARI VEGITABLE SHOP RING ROAD ON MAHADEVAPURA FLYOVER,ANGALA PARAMESHWARI,2.5,0.0,0.0
Bengaluru City,K.R.Puram Traffic PS,1.04432e+16,2022,1,2,Road Accidents,Junction,City/Town,Open area,Human Error,Not Applicable,Grievous Injury,Vehicle to Vehicle,Controlled,Straight and flat,Arterial,Bitumen(Tar),Dry,No influence on accident,Clear,NEAR BVNH SCHOOL DEVASANDRA MAIN ROAD K R PURA,NEAR BVNH SCHOOL DEVASANDRA MAIN ROAD K R PURA,2 KM,0.0,0.0
Bengaluru City,K.R.Puram Traffic PS,1.04432e+16,2022,1,2,Road Accidents,Junction,City/Town,Open area,Human Error,Yes,Damage Only,Vehicle to Vehicle,Controlled,Straight and flat,Others,Bitumen(Tar),Dry,No influence on accident,Clear,NEAR GARUDACHAR PALYA METRO STATION GARUDACHAR PALYA,NEAR GARUDACHAR PALYA METRO STATION GARUDACHAR PALYA,3  K M,0.0,0.0
Bengaluru City,K.R.Puram Traffic PS,1.04432e+16,2022,1,2,Road Accidents,Narrow road,City/Town,Near Bus stop,Human Error,No,Grievous Injury,Vehicle to Vehicle,Uncontrolled,Straight and flat,Others,Bitumen(Tar),Dry,Not Applicable,Clear,HOODI MAIN RAOD,GOPALAN APARTMENT,4 K M,0.0,0.0
Bengaluru City,K.R.Puram Traffic PS,1.04432e+16,2022,1,1,Road Accidents,Not Applicable,City/Town,Residential area,Human Error,No,Grievous Injury,Not Applicable,Not Applicable,Others,Others,Not Applicable,Dry,Not Applicable,Clear,TINFCTORY MRF EXCLUSIVE,A,35FEET,0.0,0.0
Bengaluru City,K.R.Puram Traffic PS,1.04432e+16,2022,1,2,Road Accidents,Narrow road,City/Town,Residential area,Human Error,Yes,Simple Injury,Vehicle to Vehicle,Uncontrolled,Straight and flat,Residential Street,Bitumen(Tar),Dry,Not Applicable,Fine,RAMAMUTHY NAGAR MAIN ROAD,MUNESHWARA SWAMY TEMPLE,03 K M,0.0,0.0
Bengaluru City,K.R.Puram Traffic PS,1.04432e+16,2022,1,2,Road Accidents,Narrow road,City/Town,Residential area,Human Error,Yes,Grievous Injury,Vehicle to Vehicle,Uncontrolled,Straight and flat,Expressway,Bitumen(Tar),Dry,Not Applicable,Fog / Mist,OM ROAD,A2B HOPTEL,02 K M,0.0,0.0
Bengaluru City,K.R.Puram Traffic PS,1.04432e+16,2022,1,1,Road Accidents,Cross roads,City/Town,Residential area,Human Error,Yes,Simple Injury,Hit pedestrian,Uncontrolled,Straight and flat,Residential Street,Bitumen(Tar),Dry,Not Applicable,Fine,WHITE FIELD MAIN ROAD,SHANI MAHATMA TEMPLE,02 K M,0.0,0.0
Bengaluru City,K.R.Puram Traffic PS,1.04432e+16,2022,1,1,Road Accidents,Narrow road,City/Town,Near Bus stop,Human Error,No,Grievous Injury,Hit pedestrian,Uncontrolled,Straight and flat,Service Road,Bitumen(Tar),Dry,Not Applicable,Clear,RING ROAD,SKY WALK,3.5 K,0.0,0.0
Bengaluru City,K.R.Puram Traffic PS,1.04432e+16,2022,1,2,Road Accidents,Narrow road,City/Town,Residential area,Human Error,No,Grievous Injury,Vehicle to Vehicle,Uncontrolled,Straight and flat,Expressway,Bitumen(Tar),Dry,Not Applicable,Fine,AYYAPPANAGAR MAIN ROAD,RELIANCE FRESH,2.5 K,0.0,0.0
Bengaluru City,K.R.Puram Traffic PS,1.04432e+16,2022,1,2,Road Accidents,Not Applicable,City/Town,Open area,Human Error,Yes,Fatal,Vehicle to Vehicle,Not Applicable,Others,Others,Bitumen(Tar),Dry,Not Applicable,Clear,NEAR HONDA CAR SHOW ROOM B NARAYANAPURA  WHITE FIELD ROAD,NEAR HONDA CAR SHOE ROOM,3,0.0,0.0
Bengaluru City,K.R.Puram Traffic PS,1.04432e+16,2022,1,2,Road Accidents,Not Applicable,City/Town,Near School or College,Human Error,Yes,Grievous Injury,Vehicle to Vehicle,Uncontrolled,Straight and flat,Arterial,Bitumen(Tar),Dry,No influence on accident,Clear,NEAR RAMAN VIDYA NIKETHAN SCHOOL T C PALYA MAIN ROAD,NEAR RAMAN VIDYA NIKETHAN SCHOOL T C PALYA MAIN ROAD,4 KM,0.0,0.0
Bengaluru City,K.R.Puram Traffic PS,1.04432e+16,2022,1,1,Road Accidents,Not Applicable,City/Town,Near Bus stop,Human Error,No,Fatal,Not Applicable,Not Applicable,Straight and flat,Others,Bitumen(Tar),Dry,Not Applicable,Fog / Mist,NEAR SINGAIAHNAPALYA BUS STOP,NEAR BUS STOP,03 KM,0.0,0.0
Bengaluru City,K.R.Puram Traffic PS,1.04432e+16,2022,1,1,Not Applicable,Curves,City/Town,At pedestrian Crossing,Human Error,Yes,Grievous Injury,Hit pedestrian,Controlled,Curve,Arterial,Bitumen(Tar),Dry,No influence on accident,Clear,NEAR ITI GATE GAIL GAS BUNK OM ROAD K R PURA BENGALURU CITY,NEAR ITI GATE GAIL GAS BUNK OM ROAD K R PURA BENGALURU CITY,2 KM,0.0,0.0
Bengaluru City,K.R.Puram Traffic PS,1.04432e+16,2022,1,1,Road Accidents,Cross roads,City/Town,Near Bus stop,Human Error,Yes,Grievous Injury,Hit pedestrian,Uncontrolled,Straight and flat,Arterial,Bitumen(Tar),Dry,No influence on accident,Clear,NEAR OM SHAKTHI TEMPLE GARUDHACHAR PALYA,NEAR OM SHAKTHI TEMPLE GARUDHACHAR PALYA,3KM PS,0.0,0.0
Bengaluru City,K.R.Puram Traffic PS,1.04432e+16,2022,1,1,Road Accidents,Narrow road,City/Town,Near Bus stop,Human Error,No,Grievous Injury,Hit pedestrian,Controlled,Straight and flat,Residential Street,Bitumen(Tar),Dry,Not Applicable,Clear,WHITE FIELD ROAD,INDIRA CENTEEN,3.5 K,0.0,0.0
Bengaluru City,K.R.Puram Traffic PS,1.04432e+16,2022,1,2,Road Accidents,Not Applicable,City/Town,Residential area,Human Error,No,Grievous Injury,Vehicle to Vehicle,Not Applicable,Others,Not Applicable,Not Applicable,Dry,Not Applicable,Clear,WHITE FIELD MAIN ROAD NEAR HYNDI CAR SHOW ROOM,A1,50FEET,0.0,0.0
Bengaluru City,K.R.Puram Traffic PS,1.04432e+16,2022,1,1,Road Accidents,Narrow road,City/Town,At pedestrian Crossing,Human Error,No,Grievous Injury,Hit pedestrian,Uncontrolled,Straight and flat,Expressway,Bitumen(Tar),Dry,Not Applicable,Fine,T C PALYA MAIN ROAD,NEAR JOSMAT,01 K M,0.0,0.0
Bengaluru City,K.R.Puram Traffic PS,1.04432e+16,2022,1,1,Road Accidents,Not Applicable,City/Town,Residential area,Human Error,No,Grievous Injury,Not Applicable,Not Applicable,Others,Others,Not Applicable,Dry,Not Applicable,Clear,R M NAGAR RING ROAD IN FRONT OF HDFC BANK,A,8FEET,0.0,0.0
Bengaluru City,K.R.Puram Traffic PS,1.04432e+16,2022,1,2,Road Accidents,Narrow road,City/Town,Open area,Human Error,Yes,Grievous Injury,Vehicle to Vehicle,Uncontrolled,Straight and flat,Expressway,Bitumen(Tar),Dry,Not Applicable,Fine,OM ROAD,MEDAHALLI BRIDGE,02 K M,0.0,0.0
Bengaluru City,K.R.Puram Traffic PS,1.04432e+16,2022,1,1,Road Accidents,Narrow road,City/Town,Narrow bridge or culverts,Human Error,No,Fatal,Not Applicable,Not Applicable,Straight and flat,NH,Bitumen(Tar),Dry,Not Applicable,Fog / Mist,Medahalli  flyover towards KR Puram Medahalli,MEDAHALLI,3.5,0.0,0.0
Bengaluru City,K.R.Puram Traffic PS,1.04432e+16,2022,1,2,Road Accidents,Not Applicable,City/Town,Near Bus stop,Not Applicable,Yes,Grievous Injury,Vehicle to Vehicle,Not Applicable,Not Applicable,NH,Not Applicable,Dry,Not Applicable,Fog / Mist,"OLD MADRAS ROAD, NEAR ITI GATE",Near ITI Bus stop,2.0 km,0.0,0.0
Bengaluru City,K.R.Puram Traffic PS,1.04432e+16,2022,1,2,Road Accidents,Not Applicable,City/Town,Near Petrol Pump,Not Applicable,No,Grievous Injury,Vehicle to Vehicle,Not Applicable,Not Applicable,Service Road,Bitumen(Tar),Dry,Not Applicable,Fog / Mist,"Ring road SERVICE ROAD, Mahadevapura",NEAR NCC APPARTMENT,5.0 KM,0.0,0.0