DISTRICTNAME,UNITNAME,Crime_No,Year,RI,Noofvehicle_involved,Accident_Classification,Accident_Spot,Accident_Location,Accident_SubLocation,Main_Cause,Hit_Run,Severity,Collision_Type,Junction_Control,Road_Character,Road_Type,Surface_Type,Surface_Condition,Road_Condition,Weather,Accident_Road,Landmark_first,Distance_LandMark_First,Latitude,Longitude
Bengaluru City,K.R.Puram Traffic PS,1.04432e+16,2022,1,1,Road Accidents,Narrow road,City/Town,Residential area,Human Error,No,Grievous Injury,Vehicle to Vehicle,Uncontrolled,Straight and flat,Expressway,Bitumen(Tar),Dry,Not Applicable,Clear,RAMAMURTHY NAGAR RING ROAD,5M SQUARE BUILDING,05  KM,0.0,0.0
Bengaluru City,K.R.Puram Traffic PS,1.04432e+16,2022,1,1,Road Accidents,Narrow road,City/Town,Near Bus stop,Human Error,No,Simple Injury,Hit pedestrian,Uncontrolled,Straight and flat,Others,Bitumen(Tar),Dry,Not Applicable,Fog / Mist,ITI ROAD,BSNL OFFICE,01 K M,0.0,0.0
Bengaluru City,K.R.Puram Traffic PS,1.04432e+16,2022,1,1,Road Accidents,Offset,City/Town,Open area,Human Error,Yes,Grievous Injury,Not Applicable,Controlled,Straight and flat,Major District Road,Bitumen(Tar),Dry,Not Applicable,Clear,OLD MADRAS ROAD MEDAHALLI FLY OVER MEDAHALLI VILLAGE,HOTEL RESDENCY,2 KM,0.0,0.0
Bengaluru City,K.R.Puram Traffic PS,1.04432e+16,2022,1,1,Road Accidents,Junction,City/Town,Near Bus stop,Human Error,Yes,Grievous Injury,Hit pedestrian,Not Applicable,Straight and flat,Sub Arterial,Bitumen(Tar),Dry,No influence on accident,Clear,NEAR B NARAYANAPUR BUS STOP,NEAR B NARAYANAPUR BUS STOP,3 KM,0.0,0.0
Bengaluru City,K.R.Puram Traffic PS,1.04432e+16,2022,1,2,Road Accidents,Circle,City/Town,Near Bus stop,Human Error,No,Damage Only,Vehicle to Vehicle,Signal lights Manual,Straight and flat,Major District Road,Bitumen(Tar),Dry,No influence on accident,Clear,NEAR BHATTARAHALLI SIGNAL OM ROAD K R PURA,NEAR BHATTARAHALLI SIGNAL OM ROAD K R PURA,2 KM,0.0,0.0
Bengaluru City,K.R.Puram Traffic PS,1.04432e+16,2022,1,1,Road Accidents,Not Applicable,City/Town,Open area,Human Error,No,Grievous Injury,Vehicle to Vehicle,Controlled,Straight and flat,NH,Bitumen(Tar),Dry,No influence on accident,Clear,ON THE FLYOVER MEDAHALLI OM ROAD BHATTARAHALLI K R PURA,ON THE FLYOVER MEDAHALLI OM ROAD BHATTARAHALLI K R PURA,3 KM,0.0,0.0
Bengaluru City,K.R.Puram Traffic PS,1.04432e+16,2022,1,2,Road Accidents,Narrow road,City/Town,Near Bus stop,Human Error,Yes,Grievous Injury,Vehicle to Vehicle,Uncontrolled,Straight and flat,Expressway,Bitumen(Tar),Dry,Not Applicable,Fine,RAMAMURTHY NAGAR MAIN RAOD,D MART,04 K M,0.0,0.0
Bengaluru City,K.R.Puram Traffic PS,1.04432e+16,2022,1,2,Road Accidents,Cross roads,City/Town,Near Bus stop,Human Error,Yes,Grievous Injury,Vehicle to Vehicle,No signal lights,Others,Not Applicable,Not Applicable,Dry,Not Applicable,Clear,WHITE FIELD ROAD K R PURA RAILWAY STATION,A,30FEET,0.0,0.0
Bengaluru City,K.R.Puram Traffic PS,1.04432e+16,2022,1,1,Road Accidents,Narrow road,City/Town,Open area,Human Error,Yes,Grievous Injury,Hit pedestrian,Uncontrolled,Straight and flat,Others,Bitumen(Tar),Dry,Not Applicable,Fog / Mist,O M ROAD,PURVIKA MOBILE SHOP,100 ME,0.0,0.0
Bengaluru City,K.R.Puram Traffic PS,1.04432e+16,2022,1,1,Road Accidents,Not Applicable,City/Town,Residential area,Human Error,No,Grievous Injury,Not Applicable,Not Applicable,Others,Not Applicable,Not Applicable,Dry,Not Applicable,Clear,MAHADEVAPURA RING ROAD LOWRY MEMORIYAL SCHOOL,A,5FEET,0.0,0.0
Bengaluru City,K.R.Puram Traffic PS,1.04432e+16,2022,1,2,Road Accidents,Narrow road,City/Town,Near Bus stop,Human Error,Yes,Fatal,Vehicle to Vehicle,Not Applicable,Straight and flat,Service Road,Bitumen(Tar),Dry,Not Applicable,Clear,R M NAGAR RING ROAD  NEAR KASTHURINAGR  BUS STOP SERVICE ROAD,NEAR BUS STOP,3,0.0,0.0
Bengaluru City,K.R.Puram Traffic PS,1.04432e+16,2022,1,2,Road Accidents,Narrow road,City/Town,Open area,Human Error,Yes,Grievous Injury,Vehicle to Vehicle,Uncontrolled,Straight and flat,Service Road,Bitumen(Tar),Dry,Not Applicable,Clear,MAHADEVAPURA RINGR OAD,ICICI BANK,04 K M,0.0,0.0
Bengaluru City,K.R.Puram Traffic PS,1.04432e+16,2022,1,2,Road Accidents,Narrow road,City/Town,Open area,Human Error,No,Grievous Injury,Vehicle to Vehicle,Uncontrolled,Slight Curve,Arterial,Bitumen(Tar),Dry,No influence on accident,Clear,NEAR B NARAYANAPUR,NEAR B NARAYANAPUR,3 KM,0.0,0.0
Bengaluru City,K.R.Puram Traffic PS,1.04432e+16,2022,1,2,Road Accidents,Junction,City/Town,Near School or College,Human Error,Yes,Grievous Injury,Vehicle to Vehicle,Signals (Working),Straight and flat,Others,Bitumen(Tar),Dry,No influence on accident,Clear,NEAR GOVERNMENT COLLEGE JUCTION OM ROAD K R PURA,NEAR GOVERNMENT COLLEGE JUCTION OM ROAD K R PURA,1 km,0.0,0.0
Bengaluru City,K.R.Puram Traffic PS,1.04432e+16,2022,1,1,Road Accidents,Not Applicable,City/Town,Open area,Human Error,Not Applicable,Fatal,Not Applicable,Not Applicable,Hump,NH,Bitumen(Tar),Dry,Not Applicable,Mist or Fog,"Opp Bhagini Hotel, Bhattarahalli , old Madras road service road Bengalore",Bhagini Hotel,2KM,0.0,0.0
Bengaluru City,K.R.Puram Traffic PS,1.04432e+16,2022,1,2,Road Accidents,Narrow road,City/Town,Near Bus stop,Human Error,Yes,Grievous Injury,Vehicle to Vehicle,Uncontrolled,Straight and flat,Expressway,Bitumen(Tar),Dry,Not Applicable,Fine,WHITEFIELD MAIN ROAD,V R MALL,03 KM,0.0,0.0
Bengaluru City,K.R.Puram Traffic PS,1.04432e+16,2022,1,2,Road Accidents,Not Applicable,City/Town,Open area,Human Error,Yes,Grievous Injury,Vehicle to Vehicle,Uncontrolled,Straight and flat,Arterial,Bitumen(Tar),Dry,No influence on accident,Clear,NEAR ANJANEYA TEMPLE HOYSALA NAGAR,NEAR ANJANEYA TEMPLE HOYSALA NAGAR,4 KM,0.0,0.0
Bengaluru City,K.R.Puram Traffic PS,1.04432e+16,2023,1,1,Road Accidents,Narrow road,City/Town,Near Bus stop,Human Error,No,Grievous Injury,Hit pedestrian,Uncontrolled,Straight and flat,Others,Bitumen(Tar),Dry,Not Applicable,Fine,WHITEFILED MAIN ROAD,VINOD BAR,02 K M,0.0,0.0
Bengaluru City,K.R.Puram Traffic PS,1.04432e+16,2023,1,2,Road Accidents,Narrow road,City/Town,Near Bus stop,Human Error,No,Grievous Injury,Vehicle to Vehicle,Uncontrolled,Straight and flat,Expressway,Bitumen(Tar),Dry,Not Applicable,Fog / Mist,T C PALYA MAIN ROAD,JOCKY SHOW ROOM,03 K M,0.0,0.0
Bengaluru City,K.R.Puram Traffic PS,1.04432e+16,2023,1,1,Not Applicable,Not Applicable,City/Town,Open area,Human Error,Not Applicable,Grievous Injury,Vehicle to Vehicle,Controlled,Straight and flat,Arterial,Bitumen(Tar),Dry,No influence on accident,Clear,NEAR SANGEETHA MOBILE SHOW ROOM ON ROAD K R PURA,NEAR SANGEETHA MOBILE SHOW ROOM ON ROAD K R PURA,3 KM,0.0,0.0
Bengaluru City,K.R.Puram Traffic PS,1.04432e+16,2023,1,1,Road Accidents,Not Applicable,City/Town,Open area,Human Error,Yes,Fatal,Hit pedestrian,Not at  Junction,Straight and flat,Others,Bitumen(Tar),Dry,Not Applicable,Clear,"JAYANTHI NAGARA MAIN ROA, NEAR D MART READY SHOP, BENGALORE",A1,5 FEET,0.0,0.0
Bengaluru City,K.R.Puram Traffic PS,1.04432e+16,2023,1,2,Road Accidents,Circle,City/Town,Open area,Human Error,Yes,Grievous Injury,Vehicle to Vehicle,Not Applicable,Others,Others,Bitumen(Tar),Dry,Not Applicable,Clear,DHARAMASHATRA BAKARY RAGHAVENDRA NAGAR,DHARAMASHATRA BAKARY RAGHAVENDRA NAGAR,2 KM,13.019255,77.675695
Bengaluru City,K.R.Puram Traffic PS,1.04432e+16,2023,1,2,Road Accidents,Junction,City/Town,Near Bus stop,Human Error,Yes,Grievous Injury,Vehicle to Vehicle,Uncontrolled,Straight and flat,Expressway,Bitumen(Tar),Dry,Not Applicable,Fine,KODIGEHALLI MAIN ROAD,NANDHINI MILK PARLOUR,03 K M,12.99827,77.721707
Bengaluru City,K.R.Puram Traffic PS,1.04432e+16,2023,1,1,Road Accidents,Not Applicable,City/Town,Near Hospital,Human Error,No,Grievous Injury,Hit pedestrian,Controlled,Others,Major District Road,Bitumen(Tar),Others,Not Applicable,Clear,S S BAR BATTARAHALLI OM ROAD K R PURA,S S BAR,2 KM,13.021446,77.711084
Bengaluru City,K.R.Puram Traffic PS,1.04432e+16,2023,1,2,Road Accidents,Junction,City/Town,Near Bus stop,Human Error,No,Grievous Injury,Vehicle to Vehicle,Police / Manual,Straight and flat,Major District Road,Bitumen(Tar),Dry,No influence on accident,Clear,T C PALYA SERVICE ROAD OLD MADRAS ROAD NEAR UNILET BUILDING K R PURA,T C PALYA SERVICE ROAD OLD MADRAS ROAD NEAR UNILET BUILDING K R PURA,2 KM,0.0,0.0
Bengaluru City,K.R.Puram Traffic PS,1.04432e+16,2023,1,1,Road Accidents,Not Applicable,City/Town,Open area,Human Error,Yes,Simple Injury,Hit pedestrian,Not Applicable,Straight and flat,Others,Bitumen(Tar),Dry,Not Applicable,Clear,A K COLONY NEAR DARGA K R PURAM,A1,01 KM,0.0,0.0
Bengaluru City,K.R.Puram Traffic PS,1.04432e+16,2023,1,2,Road Accidents,Not Applicable,City/Town,Open area,Human Error,Yes,Grievous Injury,Vehicle to Vehicle,Not Applicable,Others,NH,Bitumen(Tar),Dry,Not Applicable,Clear,ON THE FLYOVER NEAR KODANDARAMA TEMPLE MEDAHALLI OM ROAD,A1,4,0.0,0.0
Bengaluru City,K.R.Puram Traffic PS,1.04432e+16,2023,1,2,Road Accidents,Not Applicable,City/Town,Open area,Human Error,No,Grievous Injury,Vehicle to Vehicle,Controlled,Not Applicable,Arterial,Bitumen(Tar),Dry,No influence on accident,Clear,K R PURA HANGING BRIDGE,K R PURA HANGING BRIDGE,2 KM,0.0,0.0
Bengaluru City,K.R.Puram Traffic PS,1.04432e+16,2023,1,2,Road Accidents,Not Applicable,City/Town,Near Hospital,Human Error,Yes,Grievous Injury,Vehicle to Vehicle,Not Applicable,Straight and flat,Service Road,Bitumen(Tar),Dry,Not Applicable,Clear,ITI SERVICE ROAD NEAR K R PURAM GOVT HOSPITAL,A1,01 KM,0.0,0.0
Bengaluru City,K.R.Puram Traffic PS,1.04432e+16,2023,1,1,Road Accidents,Not Applicable,City/Town,Near Bus stop,Human Error,Yes,Grievous Injury,Vehicle to Vehicle,Uncontrolled,Others,Arterial,Bitumen(Tar),Dry,No influence on accident,Clear,NEAR A2B HOTEL BHATTARAHALLI MAIN ROAD K R PURA,NEAR A2B HOTEL BHATTARAHALLI MAIN ROAD K R PURA,2 KM,0.0,0.0
Bengaluru City,K.R.Puram Traffic PS,1.04432e+16,2023,1,2,Rail Road Accidents,Not Applicable,City/Town,Residential area,Human Error,Yes,Damage Only,Vehicle to Vehicle,Not Applicable,Others,Arterial,Concrete,Dry,No influence on accident,Clear,NO.107 2ND WEST CROSS RICHES GARDEN KALKERE,NO 107 2ND WEST CROSS RICHES GARDEN KALKERE,4 KM,0.0,0.0
Bengaluru City,K.R.Puram Traffic PS,1.04432e+16,2023,1,1,Road Accidents,Road hump or Rumble strips,City/Town,Near Hospital,Human Error,No,Damage Only,Not Applicable,Controlled,Straight and flat,NH,Bitumen(Tar),Dry,No influence on accident,Clear,NEAR KR PURA BHATTARAHALLI RTO OFFICE OM ROAD,NEAR KR PURA BHATTARAHALLI RTO OFFICE OM ROAD,2 KM,0.0,0.0
Bengaluru City,K.R.Puram Traffic PS,1.04432e+16,2023,1,2,Rail Road Accidents,Not Applicable,City/Town,In bazaar,Human Error,No,Damage Only,Vehicle to Vehicle,Not Applicable,Curve,Others,Bitumen(Tar),Dry,Drainage Ditch,Clear,RAMAMURTHY NAGAR UNDER PASS R M NAGAR,RAMAMURTHY NAGAR UNDER PASS R M NAGAR,2 KM,0.0,0.0
Bengaluru City,K.R.Puram Traffic PS,1.04432e+16,2023,1,1,Road Accidents,Curves,City/Town,In bazaar,Human Error,No,Grievous Injury,Hit pedestrian,Controlled,Curve,Arterial,Bitumen(Tar),Dry,No influence on accident,Clear,NEAR KATTE VINAYAK TEMPLE OM ROAD K R PURAM,NEAR KATTE VINAYAK TEMPLE OM ROAD K R PURAM,1 KM,0.0,0.0
Bengaluru City,K.R.Puram Traffic PS,1.04432e+16,2023,1,1,Road Accidents,Junction,City/Town,Near Hospital,Human Error,Yes,Grievous Injury,Vehicle to Vehicle,Uncontrolled,Curve,One way,Bitumen(Tar),Dry,No influence on accident,Clear,HORAMAVU UNDER PASS JAYANTHI NAGAR MAIN ROAD R M NAGR,HORAMAVU UNDER PASS JAYANTHI NAGAR MAIN ROAD R M NAGR,2 KM,0.0,0.0
Bengaluru City,K.R.Puram Traffic PS,1.04432e+16,2023,1,1,Road Accidents,Not Applicable,City/Town,Open area,Human Error,Yes,Fatal,Hit pedestrian,Not Applicable,Straight and flat,Others,Bitumen(Tar),Dry,Not Applicable,Clear,SRI DURGI TEA STALL OPPOSITE BANASAWADI NEAR RAMAMURTHY SIGNAL,A,05 KM,0.0,0.0
Bengaluru City,K.R.Puram Traffic PS,1.04432e+16,2023,1,1,Road Accidents,Junction,City/Town,Near Hospital,Not Applicable,No,Fatal,Hit pedestrian,Signals (Working),Not Applicable,Expressway,Surfaced,Others,Not Applicable,Fine,"GOVT HOSPITAL JUNCTION, OLD MADRAS ROAD. K R PURAM, BANGALORE",0,0,0.0,0.0
Bengaluru City,K.R.Puram Traffic PS,1.04432e+16,2023,1,2,Not Applicable,Junction,City/Town,Near Bus stop,Human Error,No,Damage Only,Vehicle to Vehicle,Not Applicable,Curve,Arterial,Bitumen(Tar),Dry,Not Applicable,Clear,NEAR TIN FACTORY DOWN RAMP K R PURA ROAD,NEAR TIN FACTORY DOWN RAMP K R PURA ROAD,2 KM,0.0,0.0
Bengaluru City,K.R.Puram Traffic PS,1.04432e+16,2023,1,2,Road Accidents,Not Applicable,City/Town,Near Bus stop,Human Error,Not Applicable,Simple Injury,Vehicle to Vehicle,Not Applicable,Others,NH,Bitumen(Tar),Dry,No influence on accident,Clear,NEAR BHATTARAHALLI SIGNAL  OM ROAD K R PURA,NEAR BHATTARAHALLI SIGNAL  OM ROAD K R PURA,2 KM,13.019355,77.708337
Bengaluru City,K.R.Puram Traffic PS,1.04432e+16,2023,1,1,Other Railway Accidents,Not Applicable,City/Town,In bazaar,Human Error,Not Applicable,Grievous Injury,Not Applicable,Controlled,Others,Others,Bitumen(Tar),Dry,Not Applicable,Clear,KASTURI NAGAR SERVICE ROAD RAMAMURTHY NAGAR,KASTURI NAGAR SERVICE,3 KM,13.003439,77.662941
Bengaluru City,K.R.Puram Traffic PS,1.04432e+16,2023,1,1,Road Accidents,Narrow road,City/Town,Open area,Human Error,Yes,Simple Injury,Hit pedestrian,Uncontrolled,Straight and flat,Expressway,Bitumen(Tar),Dry,Not Applicable,Fine,O M ROAD,MUTHU MARIYAMMA TEMPLE,02 K M,12.997512,77.670084
Bengaluru City,K.R.Puram Traffic PS,1.04432e+16,2023,1,2,Road Accidents,Narrow road,City/Town,Open area,Vehicle Defect,No,Damage Only,Vehicle to Vehicle,Uncontrolled,Straight and flat,Expressway,Bitumen(Tar),Dry,Not Applicable,Clear,T C PALYA MAIN ROAD,RAJAN ENTERPRISESS,4,13.020447,77.690957
Bengaluru City,K.R.Puram Traffic PS,1.04432e+16,2023,1,2,Road Accidents,Narrow road,City/Town,Residential area,Human Error,Yes,Grievous Injury,Vehicle to Vehicle,Controlled,Straight and flat,Arterial,Bitumen(Tar),Not Applicable,Not Applicable,Clear,JAYANTHTI NAGAR MAIN ROAD NEAR VIBGYAR SCHOOL,NEAR VIBGYOT SCHOOL,5KM,13.024503,77.668721
Bengaluru City,K.R.Puram Traffic PS,1.04432e+16,2023,1,2,Road Accidents,Narrow road,City/Town,Residential area,Not Applicable,No,Grievous Injury,Vehicle to Vehicle,Uncontrolled,Straight and flat,Two way,Bitumen(Tar),Dry,Not Applicable,Clear,T C PALYA MAIN ROAD,1,3 km,13.024,77.694212
Bengaluru City,K.R.Puram Traffic PS,1.04432e+16,2023,1,1,Road Accidents,Narrow road,City/Town,Near Bus stop,Human Error,Yes,Grievous Injury,Not Applicable,Uncontrolled,Straight and flat,Expressway,Bitumen(Tar),Dry,Not Applicable,Fine,RAMAMURTHY NAGAR RING ROAD,KASTURI NAGAR BUS STOP,03 K M,13.004317,77.662975
Bengaluru City,K.R.Puram Traffic PS,1.04432e+16,2023,1,1,Road Accidents,Not Applicable,City/Town,Residential area,Human Error,Yes,Grievous Injury,Hit pedestrian,Not Applicable,Others,Not Applicable,Bitumen(Tar),Dry,No influence on accident,Clear,5TH CROSS MOTHER TERASHA SCHOOL RAOD VARANASHI MAIN ROAD,5TH CROSS MOTHER TERASHA SCHOOL RAOD VARANASHI MAIN ROAD,3 KM,0.0,0.0
Bengaluru City,K.R.Puram Traffic PS,1.04432e+16,2023,1,2,Road Accidents,Rail Crossing Unmanned,City/Town,Near Hospital,Human Error,Yes,Grievous Injury,Vehicle to Vehicle,Not Applicable,Others,Not Applicable,Bitumen(Tar),Dry,Not Applicable,Others,NEAR ITI GATE SERVICE ROAD,ITI SERVICE ROAD,2KM,0.0,0.0
Bengaluru City,K.R.Puram Traffic PS,1.04432e+16,2023,1,2,Road Accidents,Circle,City/Town,In bazaar,Human Error,Not Applicable,Simple Injury,Vehicle to Vehicle,No signal lights,Curve,Arterial,Bitumen(Tar),Dry,Not Applicable,Clear,NEAR GANAPATHI CIRCLE PARAVTHI NAGAR MEDAHALLI MAIN ROAD,NEAR GANAPATHI CIRCLE PARAVTHI NAGAR MEDAHALLI MAIN ROAD,1 KM,0.0,0.0
Bengaluru City,K.R.Puram Traffic PS,1.04432e+16,2023,1,2,Road Accidents,Junction,City/Town,Near Hospital,Human Error,Yes,Grievous Injury,Vehicle to Vehicle,Controlled,Curve and Incline,NH,Bitumen(Tar),Dry,No influence on accident,Clear,ALTOR HOSPITAL T C PALYA,T C PALYA JUNCTION,1KM,0.0,0.0
Bengaluru City,K.R.Puram Traffic PS,1.04432e+16,2023,1,2,Not Applicable,Not Applicable,City/Town,Narrow bridge or culverts,Human Error,No,Simple Injury,Vehicle to Vehicle,Not Applicable,Not Applicable,Arterial,Bitumen(Tar),Dry,Not Applicable,Clear,NEAR K R PURA HANGING BRIDGE,NEAR K R PURA HANGING BRIDGE,3 KM,13.003052,77.679981
Bengaluru City,K.R.Puram Traffic PS,1.04432e+16,2023,1,2,Road Accidents,Not Applicable,City/Town,Near Hospital,Human Error,No,Grievous Injury,Vehicle to Vehicle,Not Applicable,Incline,Arterial,Bitumen(Tar),Dry,No influence on accident,Clear,NEAR JOSHNA HOSPITAL T C PALYA MAIN ROAD,NEAR JOSHNA HOSPITAL T C PALYA MAIN ROAD,3 KM,13.020656,77.685018
Bengaluru City,K.R.Puram Traffic PS,1.04432e+16,2023,1,2,Road Accidents,Not Applicable,City/Town,Open area,Human Error,Yes,Grievous Injury,Vehicle to Vehicle,Not Applicable,Others,Others,Bitumen(Tar),Dry,No influence on accident,Fine,5TH CROSS BHUVANAGIRI BANSAWADI,KANTHI SWEETS,5 KM,13.012868,77.650182
Bengaluru City,K.R.Puram Traffic PS,1.04432e+16,2023,1,1,Road Accidents,Cross roads,City/Town,Residential area,Not Applicable,Yes,Fatal,Hit pedestrian,Not at  Junction,Straight and flat,Residential Street,Surfaced,Others,Not Applicable,Fine,5TH D CROSS ROAD,16,0,13.022744,77.693084
Bengaluru City,K.R.Puram Traffic PS,1.04432e+16,2023,1,2,Road Accidents,Not Applicable,City/Town,Near Bus stop,Human Error,Yes,Not Applicable,Vehicle to Vehicle,Controlled,Others,Others,Bitumen(Tar),Dry,Not Applicable,Clear,KASTURI NAGAR DOWN RAMP RAMAMURTHY NAGAR,GRAND SESON HOTEL,4 KM,13.002415,77.664049
Bengaluru City,K.R.Puram Traffic PS,1.04432e+16,2023,1,2,Rail Road Accidents,Not Applicable,City/Town,Near Bus stop,Not Applicable,Not Applicable,Fatal,Vehicle to Vehicle,Not at  Junction,Straight and flat,Service Road,Surfaced,Dry,Not Applicable,Fine,OUTER RING ROAD SERVICE ROAD,0,0,13.004606,77.662828
Bengaluru City,K.R.Puram Traffic PS,1.04432e+16,2023,1,2,Road Accidents,Junction,City/Town,Near Bus stop,Human Error,No,Damage Only,Vehicle to Vehicle,Controlled,Straight and flat,Expressway,Bitumen(Tar),Dry,Not Applicable,Clear,O M ROAD,K R IN HOTEL,500 ME,13.012429,77.699953
Bengaluru City,K.R.Puram Traffic PS,1.04432e+16,2023,1,1,Road Accidents,Narrow road,City/Town,Residential area,Human Error,Yes,Grievous Injury,Hit pedestrian,Uncontrolled,Straight and flat,Others,Bitumen(Tar),Dry,Not Applicable,Fine,HORAMAVU MAIN ROAD,HDFC BANK,06 K M,0.0,0.0
Bengaluru City,K.R.Puram Traffic PS,1.04432e+16,2023,1,2,Road Accidents,Circle,City/Town,Open area,Human Error,Yes,Damage Only,Vehicle to Vehicle,Controlled,Curve,NH,Bitumen(Tar),Dry,Not Applicable,Fine,O M ROAD NEAR GANESH TEMPLE,O M ROAD NEAR GANESH TEMPLE,1 KM,13.008959,77.695661
Bengaluru City,K.R.Puram Traffic PS,1.04432e+16,2023,1,1,Road Accidents,Not Applicable,City/Town,Open area,Human Error,No,Simple Injury,Not Applicable,Not Applicable,Straight and flat,Others,Bitumen(Tar),Dry,Not Applicable,Clear,"KASTURI NAGARA BRIDGE DOWN RUMP NEAR, RAMA MURTHY NAGARA RING ROAD, BANGALORE",A1,4 K M,0.0,0.0
Bengaluru City,K.R.Puram Traffic PS,1.04432e+16,2023,1,2,Road Accidents,Narrow road,City/Town,Open area,Vehicle Defect,No,Damage Only,Vehicle to Vehicle,Uncontrolled,Straight and flat,Others,Bitumen(Tar),Dry,Not Applicable,Clear,R M NAGAR RING ROAD,GRAND SESSION HOTEL,05 K M,0.0,0.0
Bengaluru City,K.R.Puram Traffic PS,1.04432e+16,2023,1,2,Road Accidents,Junction,City/Town,Near Hospital,Human Error,Yes,Grievous Injury,Vehicle to Vehicle,Controlled,Others,Arterial,Bitumen(Tar),Dry,No influence on accident,Clear,GRT JEWELLES OPP K R PURA,GRT JEWELLES OPP K R PURA,1 KM,0.0,0.0
Bengaluru City,K.R.Puram Traffic PS,1.04432e+16,2023,1,1,Road Accidents,Not Applicable,City/Town,In bazaar,Human Error,Yes,Fatal,Hit pedestrian,Not Applicable,Straight and flat,Others,Bitumen(Tar),Dry,Not Applicable,Fog / Mist,EASY BAZAR OPPOSITE HORAMAVU MAIN ROAD,A1,06 KM,0.0,0.0
Bengaluru City,K.R.Puram Traffic PS,1.04432e+16,2023,1,2,Road Accidents,Not Applicable,City/Town,Residential area,Not Applicable,No,Fatal,Hit pedestrian,Not at  Junction,Not Applicable,Others,Concrete,Others,Not Applicable,Fine,1,0,1,0.0,0.0
Bengaluru City,K.R.Puram Traffic PS,1.04432e+16,2023,1,1,Road Accidents,Not Applicable,City/Town,Near Bus stop,Not Applicable,No,Fatal,Hit pedestrian,Not at  Junction,Not Applicable,Others,Surfaced,Others,Not Applicable,Fine,O M ROAD,0,1,0.0,0.0
Bengaluru City,K.R.Puram Traffic PS,1.04432e+16,2023,1,2,Road Accidents,Junction,City/Town,Near Hospital,Human Error,Yes,Simple Injury,Vehicle to Vehicle,Controlled,Straight and flat,Expressway,Bitumen(Tar),Dry,Not Applicable,Flooding of Slipways/Rivulets,OM ROAD,GOVT HOSPITAL,01 K M,13.012544,77.699824
Bengaluru City,K.R.Puram Traffic PS,1.04432e+16,2023,1,2,Road Accidents,Junction,City/Town,Near Petrol Pump,Not Applicable,No,Fatal,Vehicle to Vehicle,Uncontrolled,Others,Two way,Surfaced,Others,Not Applicable,Fine,ROAD,0,0,0.0,0.0
Bengaluru City,K.R.Puram Traffic PS,1.04432e+16,2023,1,2,Road Accidents,Narrow road,City/Town,Near Bus stop,Human Error,Yes,Grievous Injury,Vehicle to Vehicle,Uncontrolled,Straight and flat,Expressway,Bitumen(Tar),Dry,Not Applicable,Fine,O M ROAD,ITI GATE,02 K M,13.005279,77.686488
Bengaluru City,K.R.Puram Traffic PS,1.04432e+16,2023,1,1,Road Accidents,Cross roads,City/Town,In bazaar,Human Error,Yes,Grievous Injury,Hit pedestrian,Not Applicable,Not Applicable,Arterial,Bitumen(Tar),Dry,No influence on accident,Clear,NEAR SRI ANJANEYA TEMPLE BASAVANPUR K R PURA,NEAR SRI ANJANEYA TEMPLE BASAVANPUR K R PURA,2 KM,0.0,0.0
Bengaluru City,K.R.Puram Traffic PS,1.04432e+16,2023,1,2,Road Accidents,Narrow road,City/Town,Near Bus stop,Human Error,No,Grievous Injury,Vehicle to Vehicle,Uncontrolled,Straight and flat,Expressway,Bitumen(Tar),Dry,Not Applicable,Clear,WHITE FIELD MAIN ROAD,HONDA CAR SHOW ROOM,03 K M,0.0,0.0
Bengaluru City,K.R.Puram Traffic PS,1.04432e+16,2023,1,2,Road Accidents,Not Applicable,City/Town,Near Petrol Pump,Human Error,Not Applicable,Damage Only,Vehicle to Vehicle,Not Applicable,Straight and flat,NH,Bitumen(Tar),Dry,Not Applicable,Fog / Mist,NEAR BHATTARAHALLI H P PETROL BUNK OM ROAD,HP PETROL BUNK,2,0.0,0.0
Bengaluru City,K.R.Puram Traffic PS,1.04432e+16,2023,1,3,Rail Road Accidents,Junction,City/Town,Near Hospital,Human Error,No,Damage Only,Vehicle to Vehicle,Stop sign,Straight and flat,Arterial,Bitumen(Tar),Dry,No influence on accident,Clear,NEAR K R PURA GOVT HOSPITAL SIGNAL OM ROAD,NEAR K R PURA GOVT HOSPITAL SIGNAL OM ROAD,1 KM,0.0,0.0
Bengaluru City,K.R.Puram Traffic PS,1.04432e+16,2023,1,2,Rail Road Accidents,Narrow road,City/Town,Open area,Human Error,Yes,Grievous Injury,Vehicle to Vehicle,Controlled,Straight and flat,Expressway,Bitumen(Tar),Dry,No influence on accident,Clear,NEAR ITI GATE OM ROAD K R PURA,NEAR ITI GATE OM ROAD K R PURA,2 KM,0.0,0.0
Bengaluru City,K.R.Puram Traffic PS,1.04432e+16,2023,1,1,Road Accidents,Junction,City/Town,Open area,Human Error,Not Applicable,Grievous Injury,Vehicle to Vehicle,Not at  Junction,Straight and flat,NH,Bitumen(Tar),Others,No influence on accident,Clear,NEAR EVOMA HOTEL SRVICE ROAD OM ROAD BHATTARAHALLI,NEAR EVOMA HOTEL SRVICE ROAD OM ROAD BHATTARAHALLI,2 KM,0.0,0.0
Bengaluru City,K.R.Puram Traffic PS,1.04432e+16,2023,1,2,Road Accidents,Narrow road,City/Town,Near Bus stop,Human Error,Yes,Grievous Injury,Vehicle to Vehicle,Uncontrolled,Straight and flat,Expressway,Bitumen(Tar),Dry,Not Applicable,Fine,KASTHURI NAGAR  MAIN ROAD,SWATHI MEDICAL,05 K M,0.0,0.0
Bengaluru City,K.R.Puram Traffic PS,1.04432e+16,2023,1,2,Road Accidents,Not Applicable,City/Town,Open area,Human Error,Not Applicable,Grievous Injury,Vehicle to Vehicle,Uncontrolled,Not Applicable,Others,Bitumen(Tar),Dry,Not Applicable,Clear,BASAVANPURA MAIN ROAD NEAR INDUS VALLY COLLEGE,BASAVANPURA MAIN ROAD NEAR INDUS VALLY COLLEGE,2 KM,13.009962,77.706031
Bengaluru City,K.R.Puram Traffic PS,1.04432e+16,2023,1,2,Road Accidents,Not Applicable,City/Town,Open area,Human Error,Yes,Simple Injury,Vehicle to Vehicle,Not Applicable,Others,Not Applicable,Bitumen(Tar),Dry,No influence on accident,Clear,NEAR RAMAMURTHY NAGAR UNDER PASS,NEAR RAMAMURTHY NAGAR UNDER PASS,2KM,0.0,0.0
Bengaluru City,K.R.Puram Traffic PS,1.04432e+16,2023,1,2,Road Accidents,Narrow road,City/Town,Near Bus stop,Vehicle Defect,No,Damage Only,Vehicle to Vehicle,Uncontrolled,Straight and flat,Expressway,Bitumen(Tar),Dry,Not Applicable,Fine,O M ROAD,DURGAPARAMESHWARI TEMPLE,01 K M,0.0,0.0
Bengaluru City,K.R.Puram Traffic PS,1.04432e+16,2023,1,1,Road Accidents,Cross roads,City/Town,Residential area,Human Error,No,Grievous Injury,Hit pedestrian,Uncontrolled,Straight and flat,Residential Street,Bitumen(Tar),Dry,Not Applicable,Fine,HOYSALA NAGAR 8TH MAIN ROAD,R L CHICKEN SHOP,05 K M,0.0,0.0
Bengaluru City,K.R.Puram Traffic PS,1.04432e+16,2023,1,1,Rail Road Accidents,Circle,City/Town,In bazaar,Human Error,No,Grievous Injury,Hit pedestrian,Controlled,Others,Major District Road,Bitumen(Tar),Dry,No influence on accident,Clear,NEAR BBMP OFFICE OM ROAD K R PURA,NEAR BBMP OFFICE OM ROAD K R PURA,1 KM P,0.0,0.0