DISTRICTNAME,UNITNAME,Crime_No,Year,RI,Noofvehicle_involved,Accident_Classification,Accident_Spot,Accident_Location,Accident_SubLocation,Main_Cause,Hit_Run,Severity,Collision_Type,Junction_Control,Road_Character,Road_Type,Surface_Type,Surface_Condition,Road_Condition,Weather,Accident_Road,Landmark_first,Distance_LandMark_First,Latitude,Longitude
Bengaluru City,K.R.Puram Traffic PS,1.04432e+16,2023,1,2,Road Accidents,Not Applicable,City/Town,Near Hospital,Human Error,No,Grievous Injury,Vehicle to Vehicle,Not Applicable,Others,Arterial,Bitumen(Tar),Dry,Not Applicable,Clear,RAJA RAMA MEDICAL STORE T C PLAYA MAIN ROAD,RAJA RAMA MEDICAL STORE T C PLAYA MAIN ROAD,2 KM,13.021931,77.698453
Bengaluru City,K.R.Puram Traffic PS,1.04432e+16,2023,1,1,Road Accidents,Not Applicable,City/Town,Near Bus stop,Not Applicable,No,Fatal,Not Applicable,Uncontrolled,Others,Major District Road,Surfaced,Muddy,Not Applicable,Clear,K R PURAM HANGING BRIDGE,0,0,13.004027,77.683205
Bengaluru City,K.R.Puram Traffic PS,1.04432e+16,2023,1,2,Road Accidents,Junction,City/Town,Near Bus stop,Human Error,Yes,Damage Only,Vehicle to Vehicle,Controlled,Straight and flat,Expressway,Bitumen(Tar),Dry,Not Applicable,Clear,O M ROAD,BUS STOP,01 K M,13.016422,77.703664
Bengaluru City,K.R.Puram Traffic PS,1.04432e+16,2023,1,2,Road Accidents,Junction,City/Town,Near Bus stop,Human Error,Yes,Simple Injury,Vehicle to Vehicle,Controlled,Straight and flat,Expressway,Bitumen(Tar),Dry,Not Applicable,Fine,O M ROAD,YAMAHA RACING,1.5 K,13.016422,77.703889
Bengaluru City,K.R.Puram Traffic PS,1.04432e+16,2023,1,2,Road Accidents,Cross roads,City/Town,Near Bus stop,Human Error,No,Grievous Injury,Vehicle to Vehicle,Controlled,Straight and flat,Expressway,Bitumen(Tar),Dry,Not Applicable,Fine,RAMAMURTHY NAGAR RING ROAD,H P PETROL BUNK,04 K M,13.009868,77.662297
Bengaluru City,K.R.Puram Traffic PS,1.04432e+16,2023,1,2,Road Accidents,Junction,City/Town,Near Bus stop,Vehicle Defect,No,Damage Only,Vehicle to Vehicle,Controlled,Straight and flat,Expressway,Bitumen(Tar),Dry,Not Applicable,Fog / Mist,O M ROAD,BAJAJ SHOW ROOM,1.5 K,0.0,0.0
Bengaluru City,K.R.Puram Traffic PS,1.04432e+16,2023,1,1,Road Accidents,Junction,City/Town,Near Bus stop,Human Error,No,Grievous Injury,Not Applicable,Controlled,Straight and flat,Expressway,Bitumen(Tar),Dry,Not Applicable,Fine,O M ROAD,HORANADU ANNALAKSHMI HOTEL,01 K M,0.0,0.0
Bengaluru City,K.R.Puram Traffic PS,1.04432e+16,2023,1,2,Road Accidents,Curves,City/Town,Near Hospital,Human Error,Not Applicable,Damage Only,Vehicle to Vehicle,Not Applicable,Curve,Arterial,Bitumen(Tar),Dry,Not Applicable,Clear,NEAR SHANTI NILAY HOSPITAL T C PALYA MAIN ROAD K R PURA,NEAR SHANTI NILAY HOSPITAL T C PALYA MAIN ROAD K R PURA,2 KM P,0.0,0.0
Bengaluru City,K.R.Puram Traffic PS,1.04432e+16,2023,1,1,Road Accidents,Not Applicable,City/Town,Open area,Human Error,No,Fatal,Hit pedestrian,Not at  Junction,Straight and flat,Others,Bitumen(Tar),Dry,Not Applicable,Clear,"Opposite Sumeer Traders, beside Vinayaka jewellers, kumbara bidhi old madras road K R Puram",A1,500 MT,0.0,0.0
Bengaluru City,K.R.Puram Traffic PS,1.04432e+16,2023,1,1,Rail Road Accidents,Junction,City/Town,Narrow bridge or culverts,Human Error,No,Grievous Injury,Vehicle to Vehicle,Controlled,Others,Arterial,Bitumen(Tar),Dry,No influence on accident,Clear,NEAR B CHANNASANDRA SKY WALK R M NAGAR RING ROAD,NEAR B CHANNASANDRA SKY WALK R M NAGAR RING ROAD,2KM,0.0,0.0
Bengaluru City,K.R.Puram Traffic PS,1.04432e+16,2023,1,2,Road Accidents,Junction,City/Town,Open area,Human Error,No,Fatal,Vehicle to Vehicle,Not Applicable,Straight and flat,NH,Bitumen(Tar),Dry,Not Applicable,Clear,NEAR T C PALYA SIGNAL OM ROAD K R PURAM BANGALORE,A1,1 KM,0.0,0.0
Bengaluru City,K.R.Puram Traffic PS,1.04432e+16,2023,1,3,Road Accidents,Not Applicable,City/Town,Open area,Human Error,Yes,Damage Only,Vehicle to Vehicle,Uncontrolled,Straight and flat,Major District Road,Bitumen(Tar),Dry,No influence on accident,Clear,RING ROAD NEAR  KASTURI NAGAR UPER RAMP,RING ROAD NEAR  KASTURI NAGAR UPER RAMP,2 KM P,0.0,0.0
Bengaluru City,K.R.Puram Traffic PS,1.04432e+16,2023,1,3,Road Accidents,Narrow road,City/Town,Near Bus stop,Human Error,No,Damage Only,Vehicle to Vehicle,Uncontrolled,Straight and flat,Others,Bitumen(Tar),Dry,Not Applicable,Fine,RAMAMURTHY NAGAR RING ROAD,SURAJ FURNITURE,06 K M,0.0,0.0
Bengaluru City,K.R.Puram Traffic PS,1.04432e+16,2023,1,2,Rail Road Accidents,Cross roads,City/Town,Residential area,Human Error,Not Applicable,Grievous Injury,Vehicle to Vehicle,Controlled,Curve,Service Road,Bitumen(Tar),Dry,Not Applicable,Clear,K C DAS SWEETS SHOP BANJAR ARCH HORAMAVU KALKERE MAIN ROAD,K C DAS SWEETS SHOP BANJAR ARCH HORAMAVU KALKERE MAIN ROAD,5 KM,13.028767,77.663904
Bengaluru City,K.R.Puram Traffic PS,1.04432e+16,2023,1,1,Road Accidents,Narrow road,City/Town,Near Bus stop,Human Error,Yes,Grievous Injury,Hit pedestrian,Uncontrolled,Straight and flat,Others,Bitumen(Tar),Dry,Not Applicable,Fine,T C PALYA MAIN ROAD,GANAPATHI HELTH CARE,02 K M,13.016767,77.669115
Bengaluru City,K.R.Puram Traffic PS,1.04432e+16,2023,1,2,Rail Road Accidents,Circle,City/Town,Open area,Human Error,No,Grievous Injury,Vehicle to Vehicle,Controlled,Curve,Others,Bitumen(Tar),Dry,Not Applicable,Clear,OPP ICICI BANK KASTURI NAGAR,OPP ICICI BANK,2KM,13.009701,77.659516
Bengaluru City,K.R.Puram Traffic PS,1.04432e+16,2023,1,1,Road Accidents,Narrow road,City/Town,Near Bus stop,Human Error,Yes,Grievous Injury,Not Applicable,Uncontrolled,Straight and flat,Expressway,Bitumen(Tar),Dry,Not Applicable,Fine,RAMAMURTHY NAGRA RING ROAD,ASR KALYANAMANTAPPA,2,13.01729,77.660192
Bengaluru City,K.R.Puram Traffic PS,1.04432e+16,2023,1,2,Rail Road Accidents,Not Applicable,City/Town,Residential area,Human Error,Not Applicable,Grievous Injury,Vehicle to Vehicle,Controlled,Curve,NH,Bitumen(Tar),Dry,Not Applicable,Clear,OM ROAD MEDAHALLI BRIDGE TOWARDS HOSAKOTE,OM ROAD MEDAHALLI BRIDGE TOWARDS HOSAKOTE,2 KM,13.025015,77.719356
Bengaluru City,K.R.Puram Traffic PS,1.04432e+16,2023,1,1,Road Accidents,Narrow road,City/Town,Near Bus stop,Human Error,Yes,Grievous Injury,Vehicle to Vehicle,Uncontrolled,Straight and flat,Expressway,Bitumen(Tar),Dry,Not Applicable,Clear,RAMAMUTHY NAGAR MAIN ROAD,UTTAM SAGAR HOTEL,02 K M,13.024802,77.684486
Bengaluru City,K.R.Puram Traffic PS,1.04432e+16,2023,1,2,Road Accidents,Narrow road,City/Town,Narrow bridge or culverts,Vehicle Defect,Yes,Damage Only,Vehicle to Vehicle,Uncontrolled,Straight and flat,Expressway,Bitumen(Tar),Dry,Not Applicable,Fine,OM ROAD,K R PURA HANGING BRIDGE,03 K M,12.998118,77.670773
Bengaluru City,K.R.Puram Traffic PS,1.04432e+16,2023,1,2,Road Accidents,Not Applicable,City/Town,Open area,Human Error,Yes,Simple Injury,Vehicle to Vehicle,Not Applicable,Straight and flat,Others,Bitumen(Tar),Dry,Not Applicable,Clear,IN FRONT OF BLR 34 BAR & RESTAURANT NEAR DODDANEKKUNDHI CIRCALE RING ROAD,A1,05 KM,0.0,0.0
Bengaluru City,K.R.Puram Traffic PS,1.04432e+16,2023,1,1,Road Accidents,Not Applicable,City/Town,Near Hospital,Human Error,Yes,Fatal,Hit pedestrian,Not at  Junction,Straight and flat,Others,Bitumen(Tar),Dry,Not Applicable,Fog / Mist,"Naear Satya Sai Hospital, opposite Punture shop, old madras road, bhattarahalli, Bengalore",A1,02 K M,0.0,0.0
Bengaluru City,K.R.Puram Traffic PS,1.04432e+16,2023,1,2,Road Accidents,Not Applicable,City/Town,Open area,Human Error,Yes,Fatal,Vehicle to Vehicle,Not Applicable,Straight and flat,Others,Bitumen(Tar),Dry,Not Applicable,Fog / Mist,NEAR RAMPURA LAKE DRINAGE,A1,06 KM,0.0,0.0
Bengaluru City,K.R.Puram Traffic PS,1.04432e+16,2023,1,1,Road Accidents,Narrow road,City/Town,Near Bus stop,Human Error,Yes,Grievous Injury,Hit pedestrian,Uncontrolled,Straight and flat,Expressway,Bitumen(Tar),Dry,Not Applicable,Fine,T C PALYA MAIN ROAD,KRISHNA SAGAR HOTEL,05 K M,13.021241,77.67865
Bengaluru City,K.R.Puram Traffic PS,1.04432e+16,2023,1,1,Not Applicable,Not Applicable,City/Town,Near Hospital,Human Error,Yes,Damage Only,Vehicle to Vehicle,Not Applicable,Curve,Arterial,Bitumen(Tar),Dry,Not Applicable,Others,4TH CROSS NRI LAYOUT KALKERE,NRI LAYOUT KALKERE,3 KM,13.035122,77.682331
Bengaluru City,K.R.Puram Traffic PS,1.04432e+16,2023,1,2,Road Accidents,Not Applicable,City/Town,Near Bus stop,Human Error,No,Damage Only,Vehicle to Vehicle,Controlled,Straight and flat,Not Applicable,Bitumen(Tar),Dry,Not Applicable,Clear,NEAR IFB INDUSTRIES MAHADEVAPURA,NEAR IFB INDUSTRIRS,2 KM,0.0,0.0
Bengaluru City,K.R.Puram Traffic PS,1.04432e+16,2023,1,8,Road Accidents,Junction,City/Town,Near Hospital,Human Error,No,Grievous Injury,Vehicle to Vehicle,Controlled,Straight and flat,Expressway,Bitumen(Tar),Dry,Not Applicable,Clear,OM ROAD,GOVT HOSPITAL,1 K M,0.0,0.0
Bengaluru City,K.R.Puram Traffic PS,1.04432e+16,2023,1,2,Road Accidents,Cross roads,City/Town,Open area,Human Error,No,Grievous Injury,Vehicle to Vehicle,Not at  Junction,Curve,Arterial,Bitumen(Tar),Dry,No influence on accident,Clear,NEAR KALKERE CROSS KANAKA NAGAR MAIN ROAD R M NAGAR,NEAR KALKERE CROSS KANAKA NAGAR MAIN ROAD R M NAGAR,2 KM,0.0,0.0
Bengaluru City,K.R.Puram Traffic PS,1.04432e+16,2023,1,2,Road Accidents,Not Applicable,City/Town,Open area,Human Error,Yes,Simple Injury,Vehicle to Vehicle,Not Applicable,Others,Expressway,Bitumen(Tar),Dry,No influence on accident,Clear,NEAR GRAND SEASON HOTEL KASTURI NAGAR,NEAR GRAND SEASON HOTEL KASTURI NAGAR,4 KM,0.0,0.0
Bengaluru City,K.R.Puram Traffic PS,1.04432e+16,2023,1,2,Road Accidents,Narrow road,City/Town,Near Bus stop,Vehicle Defect,No,Damage Only,Vehicle to Vehicle,Uncontrolled,Straight and flat,Expressway,Bitumen(Tar),Dry,Not Applicable,Fine,K R PURA ROAD,A J ZEROX SHOP,500,0.0,0.0
Bengaluru City,K.R.Puram Traffic PS,1.04432e+16,2023,1,2,Road Accidents,Narrow road,City/Town,Open area,Human Error,Yes,Grievous Injury,Vehicle to Vehicle,Not Applicable,Curve,Arterial,Bitumen(Tar),Dry,No influence on accident,Clear,NEAR ANJENEY TEMPLE KALKERE,NEAR ANJENEY TEMPLE KALKERE,3KM PS,0.0,0.0
Bengaluru City,K.R.Puram Traffic PS,1.04432e+16,2023,1,2,Road Accidents,Narrow road,City/Town,Near Bus stop,Human Error,Not Applicable,Grievous Injury,Vehicle to Vehicle,Not Applicable,Curve,Major District Road,Bitumen(Tar),Dry,Not Applicable,Clear,MUTTU MARIYAMMA TEMPLE NEAR  KR PURAM ROAD,MUTTU MARIYAMMA TEMPLE NEAR  KR PURAM ROAD,2 KM P,12.997501,77.669923
Bengaluru City,K.R.Puram Traffic PS,1.04432e+16,2023,1,1,Road Accidents,Not Applicable,City/Town,Near Hospital,Not Applicable,Not Applicable,Fatal,Not Applicable,Not at  Junction,Straight and flat,Service Road,Surfaced,Dry,Not Applicable,Clear,BHATTARAHALLI SERVICE ROAD,0,0,0.0,0.0
Bengaluru City,K.R.Puram Traffic PS,1.04432e+16,2023,1,1,Road Accidents,Not Applicable,City/Town,Near Bus stop,Not Applicable,Not Applicable,Fatal,Not Applicable,Not at  Junction,Not Applicable,Service Road,Surfaced,Dry,Not Applicable,Fine,RAMAMURTHY NAGAR SERVICE ROAD,0,0,13.012644,77.662474
Bengaluru City,K.R.Puram Traffic PS,1.04432e+16,2023,1,1,Road Accidents,Junction,City/Town,Near Bus stop,Human Error,Yes,Grievous Injury,Hit pedestrian,Uncontrolled,Straight and flat,Others,Bitumen(Tar),Dry,Not Applicable,Clear,BASAVANAPURA MAIN ROAD,A R FURNITURE SHOP,03 K M,13.011049,77.710011
Bengaluru City,K.R.Puram Traffic PS,1.04432e+16,2023,1,1,Road Accidents,Bottleneck,City/Town,Residential area,Human Error,No,Simple Injury,Hit pedestrian,Controlled,Straight and flat,Two way,Bitumen(Tar),Not Applicable,Not Applicable,Clear,RTO OFFICE OPPOSITE SERVICE ROAD BHATTARAHALLI,RTO OFFICE BHATTARAHALLI,5KM,13.021446,77.711083
Bengaluru City,K.R.Puram Traffic PS,1.04432e+16,2023,1,2,Road Accidents,Not Applicable,City/Town,Open area,Human Error,Yes,Damage Only,Vehicle to Vehicle,Not Applicable,Not Applicable,Major District Road,Bitumen(Tar),Dry,Not Applicable,Clear,KASTURI NAGAR BUS STOP,KASTURI NAGAR BUS STOP,3 KM,13.01729,77.660192
Bengaluru City,K.R.Puram Traffic PS,1.04432e+16,2023,1,2,Road Accidents,Narrow road,City/Town,Near Bus stop,Human Error,No,Damage Only,Vehicle to Vehicle,Uncontrolled,Straight and flat,Expressway,Bitumen(Tar),Dry,Not Applicable,Clear,MARGONDANAHALLI MAIN ROAD,INDIAN TIMBERS,03 K M,13.028617,77.692321
Bengaluru City,K.R.Puram Traffic PS,1.04432e+16,2023,1,2,Road Accidents,Junction,City/Town,Open area,Human Error,No,Simple Injury,Vehicle to Vehicle,Uncontrolled,Straight and flat,One way,Bitumen(Tar),Dry,No influence on accident,Clear,NEAR TIN FACTORY BUS STOP OLD MADRAS ROAD K R PURA,NEAR TIN FACTORY BUS STOP OLD MADRAS ROAD K R PURA,2 KM,0.0,0.0
Bengaluru City,K.R.Puram Traffic PS,1.04432e+16,2023,1,1,Road Accidents,Not Applicable,City/Town,Open area,Human Error,Not Applicable,Fatal,Not Applicable,Not Applicable,Straight and flat,Others,Bitumen(Tar),Dry,Not Applicable,Fog / Mist,NEAR KANTHI SWEETS ANANDAPURA CIRCLE TC PALYA MAIN ROAD,A1,05 KM,0.0,0.0
Bengaluru City,K.R.Puram Traffic PS,1.04432e+16,2023,1,2,Road Accidents,Cross roads,City/Town,Open area,Human Error,Yes,Grievous Injury,Vehicle to Vehicle,Not Applicable,Others,Others,Bitumen(Tar),Dry,Not Applicable,Clear,NEAR BHARATH PETROL BUNK ANANDPURA CIRCLE T C PALYA,BHARATH PETROL BUNK,2 KM,13.024053,77.694084
Bengaluru City,K.R.Puram Traffic PS,1.04432e+16,2023,1,2,Road Accidents,Narrow road,City/Town,In bazaar,Human Error,Yes,Damage Only,Vehicle to Vehicle,Not Applicable,Not Applicable,NH,Bitumen(Tar),Others,Not Applicable,Clear,OPP RELIANCE SMART BAZAR STORE VIJAY BANK COLONY BANASAWADI,OPP RELIANCE SMART BAZAR STORE VIJAY BANK COLONY BANASAWADI,5KM,0.0,0.0
Bengaluru City,K.R.Puram Traffic PS,1.04432e+16,2023,1,2,Road Accidents,Junction,City/Town,Near Bus stop,Human Error,No,Grievous Injury,Vehicle to Vehicle,Controlled,Straight and flat,Expressway,Bitumen(Tar),Dry,Not Applicable,Fog / Mist,RAMAMURTHY NAGAR MAIN ROAD,BABY CAR,05 K M,0.0,0.0
Bengaluru City,K.R.Puram Traffic PS,1.04432e+16,2023,1,1,Other Railway Accidents,Junction,City/Town,Near Petrol Pump,Human Error,No,Grievous Injury,Vehicle to Vehicle,Signals (Working),Straight and flat,Arterial,Bitumen(Tar),Dry,Not Applicable,Clear,NEAR BHATTARAHALLI SIGNAL,NEAR BHATTARAHALLI SIGNAL,2 KM,0.0,0.0
Bengaluru City,K.R.Puram Traffic PS,1.04432e+16,2023,1,1,Rail Road Accidents,Not Applicable,City/Town,Residential area,Human Error,Yes,Grievous Injury,Hit pedestrian,Not Applicable,Others,Others,Bitumen(Tar),Dry,Not Applicable,Clear,NEAR PETER ENGLAND SHOP R M NAGAR MAIN ROAD,R M NAGAR MAIN ROAD,3 KM,13.011729,77.669923
Bengaluru City,K.R.Puram Traffic PS,1.04432e+16,2023,1,2,Road Accidents,Narrow road,City/Town,Near Bus stop,Human Error,Yes,Grievous Injury,Vehicle to Vehicle,Uncontrolled,Straight and flat,Expressway,Bitumen(Tar),Dry,Not Applicable,Clear,RAMAMUTHY NAGAR MAIN ROAD,UTTAM SAGAR HOTEL,02 K M,13.01218,77.666809
Bengaluru City,K.R.Puram Traffic PS,1.04432e+16,2023,1,2,Not Applicable,Junction,City/Town,In bazaar,Human Error,No,Grievous Injury,Vehicle to Vehicle,Not Applicable,Curve,Arterial,Bitumen(Tar),Dry,Not Applicable,Clear,NEAR SHASTRI MEMORIYAL SCHOOL SEEGAHALLI MAIN ROAD  K R PURA,NEAR SHASTRI MEMORIYAL SCHOOL SEEGAHALLI MAIN ROAD  K R PURA,2 KM,13.015178,77.711974
Bengaluru City,K.R.Puram Traffic PS,1.04432e+16,2023,1,1,Road Accidents,Narrow road,City/Town,Near Bus stop,Human Error,Yes,Grievous Injury,Hit pedestrian,Uncontrolled,Straight and flat,Expressway,Bitumen(Tar),Dry,Not Applicable,Fine,OM ROAD,ITI BUS STOP,01 K M,0.0,0.0
Bengaluru City,K.R.Puram Traffic PS,1.04432e+16,2023,1,1,Not Applicable,Not Applicable,City/Town,Open area,Human Error,Yes,Grievous Injury,Hit pedestrian,Controlled,Not Applicable,NH,Bitumen(Tar),Dry,Not Applicable,Clear,NEAR ITI GATE OM ROAD K RPUR,ITI GATE,2 KM,0.0,0.0
Bengaluru City,K.R.Puram Traffic PS,1.04432e+16,2023,1,2,Rail Road Accidents,Narrow road,City/Town,Open area,Human Error,Yes,Grievous Injury,Vehicle to Vehicle,Not Applicable,Others,Others,Bitumen(Tar),Dry,No influence on accident,Clear,NEAR SIA SERANITY LAYOUT KURUDUSONENHALLI SEGEHALLI,NEAR SIA SERANITY LAYOUT KURUDUSONENHALLI SEGEHALLI,2 KM,0.0,0.0
Bengaluru City,K.R.Puram Traffic PS,1.04432e+16,2023,1,1,Road Accidents,Not Applicable,City/Town,Near Petrol Pump,Human Error,Yes,Fatal,Hit pedestrian,Not Applicable,Straight and flat,Others,Bitumen(Tar),Dry,Not Applicable,Fog / Mist,"GOKUL SERVICE STATION, BHARATH PETROL PUMP, TIN FACTORY, BENGALORE",A1,1.5 KM,12.997721,77.670336
Bengaluru City,K.R.Puram Traffic PS,1.04432e+16,2023,1,2,Road Accidents,Curves,City/Town,Open area,Human Error,No,Damage Only,Vehicle to Vehicle,Controlled,Not Applicable,NH,Concrete,Dry,No influence on accident,Clear,NEAR MEDAHALLI BRIDGE UNDER PASS MEDAHALLI,NEAR MEDAHALLI BRIDGE UNDER PASS MEDAHALLI,3 KM,0.0,0.0
Bengaluru City,K.R.Puram Traffic PS,1.04432e+16,2023,1,2,Road Accidents,Not Applicable,City/Town,Near Petrol Pump,Human Error,Not Applicable,Grievous Injury,Vehicle to Vehicle,Not Applicable,Curve,Others,Bitumen(Tar),Dry,Not Applicable,Others,NEAR BATTRAHALLI SIGNAL O M ROAD,NEAR BATTRAHALLI SIGNAL O M ROAD,2 KM,13.025015,77.719356
Bengaluru City,K.R.Puram Traffic PS,1.04432e+16,2023,1,2,Road Accidents,Narrow road,City/Town,Residential area,Human Error,No,Grievous Injury,Vehicle to Vehicle,Controlled,Straight and flat,Arterial,Bitumen(Tar),Not Applicable,Not Applicable,Clear,NEAR INDAIN OIL PETROL BUNK,BATTARAHALLI,2KM,13.018565,77.70727
Bengaluru City,K.R.Puram Traffic PS,1.04432e+16,2023,1,2,Road Accidents,Narrow road,City/Town,Near Bus stop,Human Error,Yes,Damage Only,Vehicle to Vehicle,Uncontrolled,Straight and flat,Expressway,Bitumen(Tar),Dry,Not Applicable,Fog / Mist,HOYSALA NAGAR 3RD MAIN ROAD,KUMBAKONAM HOTAL,05 K M,13.015304,77.665395
Bengaluru City,K.R.Puram Traffic PS,1.04432e+16,2023,1,1,Road Accidents,Narrow road,City/Town,Near Bus stop,Human Error,No,Grievous Injury,Hit pedestrian,Uncontrolled,Straight and flat,Expressway,Bitumen(Tar),Dry,Not Applicable,Fine,RING ROAD,HP PETROL BUNK,03 K M,0.0,0.0
Bengaluru City,K.R.Puram Traffic PS,1.04432e+16,2023,1,2,Road Accidents,Junction,City/Town,Near Bus stop,Human Error,No,Damage Only,Vehicle to Vehicle,Controlled,Straight and flat,Expressway,Bitumen(Tar),Dry,No influence on accident,Clear,NEAR T C PALYA SIGANAL OLD MADRAS ROAD K R PURA,NEAR T C PALYA SIGANAL OLD MADRAS ROAD K R PURA,1 KM,0.0,0.0
Bengaluru City,K.R.Puram Traffic PS,1.04432e+16,2023,1,1,Rail Road Accidents,Not Applicable,City/Town,Open area,Human Error,Not Applicable,Grievous Injury,Vehicle to Vehicle,Uncontrolled,Straight and flat,Others,Bitumen(Tar),Dry,No influence on accident,Clear,NEAR BAGAMANE TECH PARK SERVICE ROAD DODDNEKKUNDI MAHADEVAPUR RING ROAD,NEAR BAGAMANE TECH PARK SERVICE ROAD DODDNEKKUNDI MAHADEVAPUR RING ROAD,3 KM,0.0,0.0
Bengaluru City,K.R.Puram Traffic PS,1.04432e+16,2023,1,1,Road Accidents,Narrow road,City/Town,Residential area,Human Error,No,Grievous Injury,Hit bicyclist,Uncontrolled,Straight and flat,Others,Bitumen(Tar),Dry,Not Applicable,Fine,WHITE FIELD MAIN ROAD,ABB COMPANY,05 K M,0.0,0.0
Bengaluru City,K.R.Puram Traffic PS,1.04432e+16,2023,1,2,Not Applicable,Curves,City/Town,Near Bus stop,Human Error,Not Applicable,Grievous Injury,Vehicle to Vehicle,Uncontrolled,Curve,Others,Bitumen(Tar),Dry,Not Applicable,Clear,RAMAMURTHY NAGAR MAIN ROAD NEAR ALADAMARA BUS STOP,ALADA MARA BUS STOP,3KM PS,0.0,0.0
Bengaluru City,K.R.Puram Traffic PS,1.04432e+16,2023,1,1,Road Accidents,Junction,City/Town,Open area,Human Error,No,Grievous Injury,Hit pedestrian,Not at  Junction,Others,Others,Bitumen(Tar),Dry,No influence on accident,Clear,WHITEFIELD MAIN ROAD GARUDACHAR PALYA BGRADE METRO STATION POLICE APPARTMENT,WHITEFIELD MAIN ROAD GARUDACHAR PALYA BGRADE METRO STATION POLICE APPARTMENT,2 KM,0.0,0.0
Bengaluru City,K.R.Puram Traffic PS,1.04432e+16,2023,1,2,Road Accidents,Cross roads,City/Town,Near Bus stop,Human Error,No,Grievous Injury,Vehicle to Vehicle,Uncontrolled,Straight and flat,Expressway,Bitumen(Tar),Dry,Not Applicable,Fine,WHITE FIELD MAIN ROAD,BUS STOP,06 K M,0.0,0.0
Bengaluru City,K.R.Puram Traffic PS,1.04432e+16,2023,1,2,Road Accidents,Junction,City/Town,Open area,Human Error,Yes,Grievous Injury,Vehicle to Vehicle,Controlled,Curve,Arterial,Bitumen(Tar),Dry,No influence on accident,Clear,NEAR MEDAHALLI BRIDGE MEDAHALLI SERVICE ROAD,NEAR MEDAHALLI BRIDGE MEDAHALLI SERVICE ROAD,3 KM,0.0,0.0
Bengaluru City,K.R.Puram Traffic PS,1.04432e+16,2023,1,2,Road Accidents,Not Applicable,City/Town,Open area,Human Error,Yes,Grievous Injury,Vehicle to Vehicle,Not Applicable,Others,Arterial,Bitumen(Tar),Dry,No influence on accident,Clear,NEAR EVOMA HOTEL BHATTARAHALLI SERVICE ROAD K R PURA,NEAR EVOMA HOTEL BHATTARAHALLI SERVICE ROAD K R PURA,2 KM,0.0,0.0
Bengaluru City,K.R.Puram Traffic PS,1.04432e+16,2023,1,1,Road Accidents,Narrow road,City/Town,Near Bus stop,Human Error,No,Grievous Injury,Hit pedestrian,Controlled,Straight and flat,Expressway,Bitumen(Tar),Dry,Not Applicable,Clear,O M ROAD,A2B HOTEL,04 K M,0.0,0.0
Bengaluru City,K.R.Puram Traffic PS,1.04432e+16,2023,1,2,Road Accidents,Junction,City/Town,Near Bus stop,Vehicle Defect,No,Damage Only,Vehicle to Vehicle,Controlled,Straight and flat,Others,Bitumen(Tar),Dry,Not Applicable,Fine,BANASAWADI MAIN ROAD,STEEL FACTORY,2 K M,0.0,0.0
Bengaluru City,K.R.Puram Traffic PS,1.04432e+16,2023,1,4,Not Applicable,Railway crossing,City/Town,Open area,Human Error,Yes,Grievous Injury,Vehicle to Vehicle,Not Applicable,Incline,NH,Bitumen(Tar),Dry,No influence on accident,Clear,NEAR RAILWAY UNDER PASS HORAMVU MAIN ROAD,NEAR RAILWAY UNDER PASS HORAMVU MAIN ROAD,5 KM,0.0,0.0
Bengaluru City,K.R.Puram Traffic PS,1.04432e+16,2023,1,2,Rail Road Accidents,Cross roads,City/Town,Open area,Human Error,Yes,Grievous Injury,Vehicle to Vehicle,Not Applicable,Others,Arterial,Bitumen(Tar),Dry,No influence on accident,Clear,NEAR KAVERY BAKARY DEVASANDRA MAIN ROAD K R PURA,NEAR KAVERY BAKARY DEVASANDRA MAIN ROAD K R PURA,2 KM,0.0,0.0
Bengaluru City,K.R.Puram Traffic PS,1.04432e+16,2023,1,2,Road Accidents,Junction,City/Town,Near Bus stop,Human Error,Yes,Damage Only,Vehicle to Vehicle,Controlled,Straight and flat,NH,Bitumen(Tar),Dry,No influence on accident,Clear,NEAR BATARAHALLI SIGNAL O M ROAD K R PURA,NEAR BATARAHALLI SIGNAL O M ROAD K R PURA,2 KM,0.0,0.0
Bengaluru City,K.R.Puram Traffic PS,1.04432e+16,2023,1,1,Road Accidents,Curves,City/Town,Open area,Human Error,No,Grievous Injury,Vehicle to Vehicle,Uncontrolled,Others,Arterial,Bitumen(Tar),Dry,No influence on accident,Clear,NEAR VINAYAK TEMPLE 14TH  CROSS VINAYAKA NAGAR K R PURA,NEAR VINAYAK TEMPLE 14TH  CROSS VINAYAKA NAGAR K R PURA,2 KM P,0.0,0.0
Bengaluru City,K.R.Puram Traffic PS,1.04432e+16,2023,1,2,Not Applicable,Not Applicable,City/Town,Open area,Human Error,No,Simple Injury,Vehicle to Vehicle,Not at  Junction,Others,Others,Bitumen(Tar),Dry,Not Applicable,Clear,NEAR CRIST OPTICALS PLACE T C PALYA MAIN ROAD,NEAR CRIST OPTICALS PLACE T C PALYA MAIN ROAD,1 KM,0.0,0.0
Bengaluru City,K.R.Puram Traffic PS,1.04432e+16,2023,1,1,Road Accidents,Not Applicable,City/Town,Near Bus stop,Human Error,Yes,Fatal,Hit pedestrian,Not Applicable,Straight and flat,NH,Bitumen(Tar),Dry,Not Applicable,Fog / Mist,NEAR MEDAHALLI BUS STOP OM ROAD MEDAHALLI BENGALORE,A1,05 KM,0.0,0.0
Bengaluru City,K.R.Puram Traffic PS,1.04432e+16,2023,1,2,Not Applicable,Not Applicable,City/Town,Near Petrol Pump,Human Error,Yes,Damage Only,Vehicle to Vehicle,Controlled,Not Applicable,Arterial,Bitumen(Tar),Dry,No influence on accident,Clear,NEAR H P PETROL BUNK O M ROAD,NEAR H P PETROL BUNK O M ROAD,2 KM,12.998118,77.670773
Bengaluru City,K.R.Puram Traffic PS,1.04432e+16,2023,1,3,Road Accidents,Junction,City/Town,Residential area,Human Error,Yes,Simple Injury,Vehicle to Vehicle,Controlled,Straight and flat,Expressway,Bitumen(Tar),Dry,Not Applicable,Clear,T C PALYA SIGNAL,T C PALYA SIGNAL,1KM,13.016969,77.704546
Bengaluru City,K.R.Puram Traffic PS,1.04432e+16,2023,1,1,Road Accidents,Cross roads,City/Town,Residential area,Not Applicable,No,Fatal,Hit pedestrian,Not at  Junction,Straight and flat,Residential Street,Surfaced,Muddy,Not Applicable,Fine,ROAD,HOUSE NO 106,0,13.046159,77.679897
Bengaluru City,Kamakshipalya Traffic PS,1.04432e+16,2016,1,2,Road Accidents,Narrow road,City/Town,Residential area,Not Applicable,No,Grievous Injury,Others,No signal lights,Straight and flat,City or Town Road,Bitumen(Tar),Dry,Not Applicable,Fine,BENGALURU V V ROAD,NEAR MUNESHWARA TEMPLE,5 KM,0.0,0.0
Bengaluru City,Kamakshipalya Traffic PS,1.04432e+16,2016,1,1,Road Accidents,Narrow road,City/Town,Open area,Human Error,No,Grievous Injury,Not Applicable,No signal lights,Not Applicable,Two way,Not Applicable,Not Applicable,Not Applicable,Clear,Magadi Main Road,Magadi Main Road,3.5 KM,0.0,0.0
Bengaluru City,Kamakshipalya Traffic PS,1.04432e+16,2016,1,2,Road Accidents,Curves,City/Town,Near School or College,Human Error,No,Grievous Injury,Not Applicable,Not Applicable,Curve,Two way,Not Applicable,Not Applicable,Not Applicable,Clear,Nagarbhavi Ring Road,Nagarbhavi Ring Road,5 km,0.0,0.0