DISTRICTNAME,UNITNAME,Crime_No,Year,RI,Noofvehicle_involved,Accident_Classification,Accident_Spot,Accident_Location,Accident_SubLocation,Main_Cause,Hit_Run,Severity,Collision_Type,Junction_Control,Road_Character,Road_Type,Surface_Type,Surface_Condition,Road_Condition,Weather,Accident_Road,Landmark_first,Distance_LandMark_First,Latitude,Longitude
Bengaluru City,Kamakshipalya Traffic PS,1.04432e+16,2016,1,1,Road Accidents,Narrow road,City/Town,Near office complex,Human Error,Yes,Grievous Injury,Others,Not at  Junction,Not Applicable,City or Town Road,Bitumen(Tar),Dry,No influence on accident,Fine,Nagarbhavi Ring Road,near deepa complex,4km,0.0,0.0
Bengaluru City,Kamakshipalya Traffic PS,1.04432e+16,2016,1,2,Road Accidents,Not Applicable,City/Town,Open area,Human Error,Yes,Grievous Injury,Not Applicable,Controlled,Not Applicable,Not Applicable,Not Applicable,Not Applicable,Not Applicable,Clear,Magadi Main Road,Sumanahalli  Junction,2 km,0.0,0.0
Bengaluru City,Kamakshipalya Traffic PS,1.04432e+16,2016,1,2,Road Accidents,Narrow road,City/Town,Narrow bridge or culverts,Human Error,No,Grievous Injury,Head on,No signal lights,Straight and flat,City or Town Road,Bitumen(Tar),Dry,No influence on accident,Fine,Sumanahalli flyover road,sumanahalli flyover road,2km,0.0,0.0
Bengaluru City,Kamakshipalya Traffic PS,1.04432e+16,2016,1,1,Road Accidents,Narrow road,City/Town,Near School or College,Human Error,No,Grievous Injury,Head on,No signal lights,Straight and flat,City or Town Road,Bitumen(Tar),Dry,No influence on accident,Fine,Bengaluru VV road,vv,4km,0.0,0.0
Bengaluru City,Kamakshipalya Traffic PS,1.04432e+16,2016,1,2,Road Accidents,Narrow road,City/Town,Near Bus stop,Human Error,Yes,Grievous Injury,Hit and Run,No signal lights,Not Applicable,City or Town Road,Bitumen(Tar),Dry,No influence on accident,Fine,Nagarbhavi Ring Road,mallathhalli,4 km,0.0,0.0
Bengaluru City,Kamakshipalya Traffic PS,1.04432e+16,2016,1,1,Road Accidents,Not Applicable,City/Town,Near School or College,Human Error,No,Grievous Injury,Not Applicable,Controlled,Not Applicable,Not Applicable,Not Applicable,Not Applicable,Not Applicable,Clear,Nagarabhavi ring road,Vokkaliga Sangha School,4 Km,0.0,0.0
Bengaluru City,Kamakshipalya Traffic PS,1.04432e+16,2016,1,1,Road Accidents,Narrow road,City/Town,Open area,Human Error,No,Grievous Injury,Not Applicable,No signal lights,Not Applicable,Not Applicable,Not Applicable,Not Applicable,Not Applicable,Clear,D Group Layout Main Road,Maruthi Medical Shop,4 Km,0.0,0.0
Bengaluru City,Kamakshipalya Traffic PS,1.04432e+16,2016,1,1,Road Accidents,Narrow road,City/Town,In bazaar,Human Error,No,Fatal,Head on,No signal lights,Straight and flat,City or Town Road,Bitumen(Tar),Dry,No influence on accident,Fine,RING ROAD,RING ROAD,4KM,0.0,0.0
Bengaluru City,Kamakshipalya Traffic PS,1.04432e+16,2016,1,2,Road Accidents,Narrow road,City/Town,Narrow bridge or culverts,Human Error,No,Fatal,Head on,No signal lights,Straight and flat,City or Town Road,Bitumen(Tar),Dry,No influence on accident,Fine,RING ROAD,2KM,2KM,0.0,0.0
Bengaluru City,Kamakshipalya Traffic PS,1.04432e+16,2016,1,1,Road Accidents,Narrow road,City/Town,In bazaar,Human Error,No,Grievous Injury,Head on,Not at  Junction,Straight and flat,City or Town Road,Bitumen(Tar),Dry,No influence on accident,Fine,nagarbhavi road,nagarbhavi road,4km,0.0,0.0
Bengaluru City,Kamakshipalya Traffic PS,1.04432e+16,2016,1,1,Road Accidents,Narrow road,City/Town,Open area,Human Error,Yes,Fatal,Hit and Run,No signal lights,Not Applicable,City or Town Road,Bitumen(Tar),Dry,No influence on accident,Fine,SUMANAHALLI FLY OVER RING ROAD,SUMANAHALLI FLYOVER,1KM,0.0,0.0
Bengaluru City,Kamakshipalya Traffic PS,1.04432e+16,2016,1,2,Road Accidents,T Junction,City/Town,Open area,Vehicle Defect,No,Grievous Injury,Not Applicable,Controlled,Not Applicable,Not Applicable,Not Applicable,Not Applicable,Not Applicable,Clear,Magadi Main Road,Srigandadakaval Junstion,4 Km,0.0,0.0
Bengaluru City,Kamakshipalya Traffic PS,1.04432e+16,2016,1,2,Road Accidents,Other,City/Town,Residential area,Human Error,Yes,Grievous Injury,Hit bicyclist,Not at  Junction,Straight and flat,City or Town Road,Bitumen(Tar),Dry,No influence on accident,Fine,Kebballi Main Road,kebballi Main Road,3 km,0.0,0.0
Bengaluru City,Kamakshipalya Traffic PS,1.04432e+16,2016,1,2,Road Accidents,Not Applicable,City/Town,Open area,Human Error,Yes,Grievous Injury,Not Applicable,Not Applicable,Not Applicable,Not Applicable,Not Applicable,Not Applicable,Not Applicable,Clear,Hegganahalli Main Road,Neelagiri Thopu Road,3.5 KM,0.0,0.0
Bengaluru City,Kamakshipalya Traffic PS,1.04432e+16,2016,1,1,Road Accidents,Narrow road,City/Town,Near office complex,Human Error,No,Grievous Injury,Not Applicable,Controlled,Not Applicable,Not Applicable,Not Applicable,Not Applicable,Not Applicable,Clear,Telecom Layout Main Road,Trypeas Telecom Pvt Ltd,4 Km,0.0,0.0
Bengaluru City,Kamakshipalya Traffic PS,1.04432e+16,2016,1,2,Road Accidents,Not Applicable,City/Town,Open area,Vehicle Defect,Yes,Fatal,Not Applicable,Controlled,Not Applicable,Not Applicable,Not Applicable,Not Applicable,Not Applicable,Clear,Ullala Main Road,Amma Ashrama Junction,4 Km,0.0,0.0
Bengaluru City,Kamakshipalya Traffic PS,1.04432e+16,2016,1,2,Road Accidents,Junction,City/Town,In bazaar,Human Error,No,Simple Injury,Head on,No signal lights,Hump,City or Town Road,Bitumen(Tar),Dry,No influence on accident,Fine,SUMANAHALLI,SUMANAHALLI,2KM,0.0,0.0
Bengaluru City,Kamakshipalya Traffic PS,1.04432e+16,2016,1,2,Road Accidents,Narrow road,City/Town,Narrow bridge or culverts,Human Error,No,Grievous Injury,Head on,Not at  Junction,Others,City or Town Road,Bitumen(Tar),Dry,No influence on accident,Fine,SUMANAHALLI SERVICE ROAD,31ST BMTC DEPOT,2KM,0.0,0.0
Bengaluru City,Kamakshipalya Traffic PS,1.04432e+16,2016,1,1,Road Accidents,Other,City/Town,Near Hospital,Human Error,No,Grievous Injury,Hit pedestrian,Not at  Junction,Straight and flat,City or Town Road,Bitumen(Tar),Dry,No influence on accident,Fine,Magadi Main Road,AASHRAYA HOSPITAL,3 km,0.0,0.0
Bengaluru City,Kamakshipalya Traffic PS,1.04432e+16,2016,1,2,Road Accidents,Narrow road,City/Town,In bazaar,Human Error,Yes,Fatal,Head on,No signal lights,Straight and flat,City or Town Road,Bitumen(Tar),Dry,No influence on accident,Fine,Magadi main road,kottigepalya,2km,0.0,0.0
Bengaluru City,Kamakshipalya Traffic PS,1.04432e+16,2016,1,2,Road Accidents,Narrow road,City/Town,Narrow bridge or culverts,Human Error,No,Grievous Injury,Hit pedal cyclist,Not at  Junction,Straight and flat,City or Town Road,Bitumen(Tar),Dry,No influence on accident,Fine,service road,service road,2km,0.0,0.0
Bengaluru City,Kamakshipalya Traffic PS,1.04432e+16,2016,1,2,Road Accidents,Other,City/Town,Residential area,Human Error,No,Damage Only,Others,No signal lights,Not Applicable,Two way,Not Applicable,Not Applicable,Not Applicable,Clear,Kamakshipalya Traffic Police Station,Kamakshipalya Traffic Police Station,0.5 KM,0.0,0.0
Bengaluru City,Kamakshipalya Traffic PS,1.04432e+16,2016,1,2,Road Accidents,Bridge,City/Town,Open area,Human Error,No,Grievous Injury,Hit bicyclist,Not Applicable,Straight and flat,Two way,Bitumen(Tar),Dry,No influence on accident,Fine,Flyover Ring Road,Bridge,2 km,0.0,0.0
Bengaluru City,Kamakshipalya Traffic PS,1.04432e+16,2016,1,2,Not Applicable,Narrow road,City/Town,Open area,Vehicle Defect,No,Damage Only,Others,Controlled,Others,Two way,Not Applicable,Not Applicable,Not Applicable,Clear,Sumanahalli flyover ring road,Sumanahalli flyover ring road,1.5 km,0.0,0.0
Bengaluru City,Kamakshipalya Traffic PS,1.04432e+16,2016,1,2,Road Accidents,Narrow road,City/Town,In bazaar,Human Error,No,Damage Only,Rear end,Not at  Junction,Straight and flat,City or Town Road,Bitumen(Tar),Dry,No influence on accident,Fine,Ullala main road,SBI bank,5km,0.0,0.0
Bengaluru City,Kamakshipalya Traffic PS,1.04432e+16,2016,1,2,Road Accidents,Narrow road,City/Town,In bazaar,Human Error,No,Fatal,Head on,No signal lights,Straight and flat,City or Town Road,Bitumen(Tar),Dry,No influence on accident,Fine,SERVICE ROAD,SERVICE ROAD,4KM,0.0,0.0
Bengaluru City,Kamakshipalya Traffic PS,1.04432e+16,2016,1,2,Road Accidents,Narrow road,City/Town,Near office complex,Human Error,Yes,Simple Injury,Head on,No signal lights,Straight and flat,City or Town Road,Bitumen(Tar),Dry,No influence on accident,Fine,magadi main road,pooja kalyanamatapa,1km,0.0,0.0
Bengaluru City,Kamakshipalya Traffic PS,1.04432e+16,2016,1,2,Not Applicable,Other,City/Town,Open area,Human Error,No,Damage Only,Not Applicable,Controlled,Not Applicable,Two way,Not Applicable,Not Applicable,Not Applicable,Clear,Dr.Siddaiah Puranik Road,Siddaiah Puranik Road,2 km,0.0,0.0
Bengaluru City,Kamakshipalya Traffic PS,1.04432e+16,2016,1,2,Road Accidents,Narrow road,City/Town,Narrow bridge or culverts,Human Error,No,Fatal,Head on,Not at  Junction,Straight and flat,City or Town Road,Bitumen(Tar),Dry,No influence on accident,Fine,service road,service road,3km,0.0,0.0
Bengaluru City,Kamakshipalya Traffic PS,1.04432e+16,2016,1,1,Road Accidents,Narrow road,City/Town,Open area,Not Applicable,Yes,Grievous Injury,Others,No signal lights,Not Applicable,Two way,Not Applicable,Not Applicable,Not Applicable,Clear,Kebbehalla Main Road,Kebbehalla Main Road,4 km,0.0,0.0
Bengaluru City,Kamakshipalya Traffic PS,1.04432e+16,2016,1,3,Road Accidents,Not Applicable,City/Town,Open area,Vehicle Defect,No,Grievous Injury,Others,Controlled,Not Applicable,Not Applicable,Not Applicable,Not Applicable,Not Applicable,Clear,Ullala Main Road,Rank Opticals,4 Km,0.0,0.0
Bengaluru City,Kamakshipalya Traffic PS,1.04432e+16,2016,1,2,Road Accidents,Narrow road,City/Town,Narrow bridge or culverts,Human Error,No,Grievous Injury,Others,Not at  Junction,Not Applicable,City or Town Road,Bitumen(Tar),Dry,No influence on accident,Fine,TAX BHAVAN ROAD,TAX BHAVAN,4 KM,0.0,0.0
Bengaluru City,Kamakshipalya Traffic PS,1.04432e+16,2016,1,2,Road Accidents,Not Applicable,City/Town,Open area,Human Error,No,Fatal,Not Applicable,Controlled,Not Applicable,Not Applicable,Not Applicable,Not Applicable,Not Applicable,Clear,Magadi Main Road,Sri Lakshmi Multi Speciality Hospital,2 KM,0.0,0.0
Bengaluru City,Kamakshipalya Traffic PS,1.04432e+16,2016,1,2,Road Accidents,Narrow road,City/Town,Open area,Human Error,Yes,Grievous Injury,Hit and Run,No signal lights,Not Applicable,Two way,Surfaced,Dry,Not Applicable,Clear,Near Sumanahalli Junction,Near Sumanahalli Junction,1.5 km,0.0,0.0
Bengaluru City,Kamakshipalya Traffic PS,1.04432e+16,2016,1,2,Road Accidents,Junction,City/Town,Residential area,Human Error,Yes,Grievous Injury,Hit and Run,No signal lights,Others,City or Town Road,Bitumen(Tar),Dry,Not Applicable,Fine,Gidadakonenahalli main road,Muddinapalya,5 km,0.0,0.0
Bengaluru City,Kamakshipalya Traffic PS,1.04432e+16,2016,1,1,Road Accidents,Other,City/Town,Residential area,Human Error,No,Grievous Injury,Hit pedestrian,Not at  Junction,Straight and flat,City or Town Road,Bitumen(Tar),Dry,No influence on accident,Fine,Nagarbhavi Ring Road,BDA Complex,4 km,0.0,0.0
Bengaluru City,Kamakshipalya Traffic PS,1.04432e+16,2016,1,2,Road Accidents,Culvert,City/Town,In bazaar,Human Error,Yes,Fatal,Hit and Run,No signal lights,Crest of hill,City or Town Road,Bitumen(Tar),Dry,No influence on accident,Flooding of Slipways/Rivulets,NAGARBHAVI ROAD,NAGARBHAVI ROAD,1KM,0.0,0.0
Bengaluru City,Kamakshipalya Traffic PS,1.04432e+16,2016,1,2,Road Accidents,Narrow road,City/Town,Narrow bridge or culverts,Human Error,Yes,Grievous Injury,Others,Not at  Junction,Slight Curve,City or Town Road,Bitumen(Tar),Dry,No influence on accident,Fine,NAGARBHAVI FLYOVER RING ROAD,NEAR MAHADESHWARA TEMPLE,4 KM,0.0,0.0
Bengaluru City,Kamakshipalya Traffic PS,1.04432e+16,2016,1,1,Road Accidents,Other,City/Town,Near School or College,Human Error,No,Grievous Injury,Skidding or Self accident,Not at  Junction,Hump,City or Town Road,Bitumen(Tar),Dry,No influence on accident,Fine,University Road,Gandhi Bhavan,5 km,0.0,0.0
Bengaluru City,Kamakshipalya Traffic PS,1.04432e+16,2016,1,2,Road Accidents,Narrow road,City/Town,Open area,Human Error,No,Grievous Injury,Others,No signal lights,Not Applicable,Others,Not Applicable,Not Applicable,Not Applicable,Clear,Nagarabhavi Flyover Ring Road,Nagarabhavi Flyover Ring Road,5 km,0.0,0.0
Bengaluru City,Kamakshipalya Traffic PS,1.04432e+16,2016,1,2,Road Accidents,Narrow road,City/Town,Near Bus stop,Human Error,Yes,Damage Only,Hit and Run,No signal lights,Not Applicable,Two way,Not Applicable,Not Applicable,Not Applicable,Clear,Kottigepalya Bus Stop,Kottigepalya Bus Stop,3 km,0.0,0.0
Bengaluru City,Kamakshipalya Traffic PS,1.04432e+16,2016,1,2,Road Accidents,Narrow road,City/Town,Open area,Human Error,No,Grievous Injury,Not Applicable,Controlled,Not Applicable,Two way,Not Applicable,Not Applicable,Not Applicable,Clear,Near RNS Politechnic College,Hegganahalli Main Road,4 km,0.0,0.0
Bengaluru City,Kamakshipalya Traffic PS,1.04432e+16,2016,1,2,Road Accidents,Narrow road,City/Town,Near Bus stop,Human Error,No,Grievous Injury,Others,Not at  Junction,Straight and flat,City or Town Road,Bitumen(Tar),Dry,No influence on accident,Fine,sumanahalli service road,near sumanahalli junction,1.5km,0.0,0.0
Bengaluru City,Kamakshipalya Traffic PS,1.04432e+16,2016,1,3,Road Accidents,Bridge,City/Town,Open area,Not Applicable,Yes,Grievous Injury,Hit and Run,No signal lights,Others,Two way,Not Applicable,Not Applicable,Not Applicable,Clear,Sumanahalli flyover ring road,Sumanahalli flyover ring road,2 km,0.0,0.0
Bengaluru City,Kamakshipalya Traffic PS,1.04432e+16,2016,1,1,Road Accidents,Narrow road,City/Town,Near Bus stop,Human Error,Yes,Grievous Injury,Hit and Run,No signal lights,Not Applicable,Two way,Not Applicable,Muddy,Not Applicable,Clear,"Near BMTC 31 st Dipo, Service Road",Service Road,1 km,0.0,0.0
Bengaluru City,Kamakshipalya Traffic PS,1.04432e+16,2016,1,1,Road Accidents,Bridge,City/Town,Open area,Human Error,Yes,Grievous Injury,Hit pedestrian,Not Applicable,Straight and flat,City or Town Road,Bitumen(Tar),Dry,No influence on accident,Fine,Nagarbhavi Flyover Ring Road,Bridge,3 km,0.0,0.0
Bengaluru City,Kamakshipalya Traffic PS,1.04432e+16,2016,1,1,Road Accidents,Narrow road,City/Town,Residential area,Not Applicable,No,Simple Injury,Others,Not at  Junction,Others,City or Town Road,Bitumen(Tar),Dry,Not Applicable,Fine,"5TH CROSS, MUNESHWARANAGAR",5TH CROSS,3 KM,0.0,0.0
Bengaluru City,Kamakshipalya Traffic PS,1.04432e+16,2016,1,2,Road Accidents,Narrow road,City/Town,Open area,Human Error,Yes,Grievous Injury,Not Applicable,Controlled,Not Applicable,Not Applicable,Not Applicable,Not Applicable,Not Applicable,Clear,Nagarabhavi ring road,Maralu Stand,4 Km,0.0,0.0
Bengaluru City,Kamakshipalya Traffic PS,1.04432e+16,2016,1,1,Road Accidents,Narrow road,City/Town,Near a factory industrial area,Vehicle Defect,Yes,Fatal,Others,Controlled,Incline,Not Applicable,Not Applicable,Not Applicable,Not Applicable,Clear,Sunkadakatte,Hoysalanagar,4 Km,0.0,0.0
Bengaluru City,Kamakshipalya Traffic PS,1.04432e+16,2016,1,1,Road Accidents,Narrow road,City/Town,Open area,Human Error,No,Simple Injury,Not Applicable,No signal lights,Not Applicable,Two way,Not Applicable,Not Applicable,Not Applicable,Clear,Nagarbhavi Ring Road,Nagarbhavi Ring Road,4 km,0.0,0.0
Bengaluru City,Kamakshipalya Traffic PS,1.04432e+16,2016,1,2,Not Applicable,Narrow road,City/Town,Near Bus stop,Human Error,No,Grievous Injury,Not Applicable,No signal lights,Not Applicable,Not Applicable,Surfaced,Not Applicable,Not Applicable,Clear,Near Sumanahalli BMTC Depo,Sumanahalli Ring Road,1.5 km,0.0,0.0
Bengaluru City,Kamakshipalya Traffic PS,1.04432e+16,2016,1,2,Road Accidents,Narrow road,City/Town,Narrow bridge or culverts,Human Error,No,Grievous Injury,Head on,Not at  Junction,Steep Incline or Climb,City or Town Road,Bitumen(Tar),Dry,No influence on accident,Fine,nagarbhavi flyover ring road,Mahadeshwara temple,4km,0.0,0.0
Bengaluru City,Kamakshipalya Traffic PS,1.04432e+16,2016,1,2,Road Accidents,Not Applicable,City/Town,Near Bus stop,Human Error,No,Grievous Injury,Not Applicable,Not Applicable,Not Applicable,Not Applicable,Not Applicable,Not Applicable,Not Applicable,Clear,Magadi Main Road,Sunkadakatte Bus Stand,4 Km,0.0,0.0
Bengaluru City,Kamakshipalya Traffic PS,1.04432e+16,2016,1,5,Road Accidents,Not Applicable,City/Town,Near Bus stop,Human Error,No,Fatal,Not Applicable,Not Applicable,Not Applicable,Not Applicable,Not Applicable,Not Applicable,Not Applicable,Clear,Magadi Main Road,Kottigepalya BMTC BUS Stop,4 Km,0.0,0.0
Bengaluru City,Kamakshipalya Traffic PS,1.04432e+16,2016,1,2,Road Accidents,Culvert,City/Town,Narrow bridge or culverts,Human Error,No,Simple Injury,Head on,Not Applicable,Not Applicable,City or Town Road,Bitumen(Tar),Dry,No influence on accident,Clear,sumanahalli flyover ring road,sumanahalli flyover,1.5 km,0.0,0.0
Bengaluru City,Kamakshipalya Traffic PS,1.04432e+16,2016,1,1,Road Accidents,Narrow road,City/Town,Near Bus stop,Human Error,No,Grievous Injury,Not Applicable,Not at  Junction,Not Applicable,Two way,Bitumen(Tar),Others,Not Applicable,Clear,Hegganahalli Main Road,Hegganahalli Main Road,5 km,0.0,0.0
Bengaluru City,Kamakshipalya Traffic PS,1.04432e+16,2016,1,2,Road Accidents,Other,City/Town,Near office complex,Human Error,Yes,Grievous Injury,Hit bicyclist,Not Applicable,Straight and flat,City or Town Road,Bitumen(Tar),Dry,No influence on accident,Fine,sumanahalli Ring Road,Bus depot,2 km,0.0,0.0
Bengaluru City,Kamakshipalya Traffic PS,1.04432e+16,2016,1,2,Road Accidents,Bridge,City/Town,Open area,Human Error,Yes,Simple Injury,Hit bicyclist,Police / Manual,Others,City or Town Road,Bitumen(Tar),Dry,No influence on accident,Fine,Malagala Road,Under Pass,2 km,0.0,0.0
Bengaluru City,Kamakshipalya Traffic PS,1.04432e+16,2016,1,2,Road Accidents,Bridge,City/Town,In bazaar,Human Error,Yes,Fatal,Head on,No signal lights,Curve and Incline,City or Town Road,Bitumen(Tar),Dry,No influence on accident,Fine,KAMAKSHIAPLAY BUSSTOP,KAMAKSHIPALY BUS STOP,1KM,0.0,0.0
Bengaluru City,Kamakshipalya Traffic PS,1.04432e+16,2016,1,3,Road Accidents,Narrow road,City/Town,Near Bus stop,Not Applicable,Yes,Damage Only,Hit and Run,No signal lights,Straight and flat,City or Town Road,Bitumen(Tar),Dry,Not Applicable,Fine,MAGADI MAIN ROAD,SANNAKKIBAYALU BUSSTOP,2 KM,0.0,0.0
Bengaluru City,Kamakshipalya Traffic PS,1.04432e+16,2016,1,2,Road Accidents,Narrow road,City/Town,In bazaar,Human Error,No,Grievous Injury,Head on,No signal lights,Straight and flat,City or Town Road,Bitumen(Tar),Dry,No influence on accident,Fine,MUDDINAPALYA,VISHWESHWARAIAH CLUB,4KM,0.0,0.0
Bengaluru City,Kamakshipalya Traffic PS,1.04432e+16,2016,1,2,Road Accidents,Bridge,City/Town,Open area,Human Error,No,Damage Only,Rear end,Not Applicable,Straight and flat,City or Town Road,Bitumen(Tar),Dry,No influence on accident,Fine,Nagarbhavi Flyover Ring Road,Bridge,3 km,0.0,0.0
Bengaluru City,Kamakshipalya Traffic PS,1.04432e+16,2016,1,1,Road Accidents,Other,City/Town,Near School or College,Human Error,No,Simple Injury,Hit pedestrian,Not Applicable,Straight and flat,City or Town Road,Bitumen(Tar),Dry,No influence on accident,Fine,Nagarbhavi Ring Road,PVP Collage,6 Km,0.0,0.0
Bengaluru City,Kamakshipalya Traffic PS,1.04432e+16,2016,1,1,Road Accidents,Narrow road,City/Town,Open area,Human Error,Yes,Grievous Injury,Hit and Run,No signal lights,Not Applicable,One way,Not Applicable,Not Applicable,Not Applicable,Clear,Sunkadakatte,Sunkadakatte,2 km,0.0,0.0
Bengaluru City,Kamakshipalya Traffic PS,1.04432e+16,2016,1,2,Road Accidents,Not Applicable,City/Town,Open area,Human Error,No,Fatal,Not Applicable,Not Applicable,Not Applicable,Two way,Not Applicable,Not Applicable,Not Applicable,Clear,Magadi Main Road,Balaji Wine Store,4 Km,0.0,0.0
Bengaluru City,Kamakshipalya Traffic PS,1.04432e+16,2016,1,1,Road Accidents,Other,City/Town,Near a religious place,Human Error,No,Fatal,Skidding or Self accident,Not at  Junction,Straight and flat,City or Town Road,Bitumen(Tar),Dry,No influence on accident,Fine,Nagarabhavi Flyover Ring Road,MAHADESHWAR TEMPLE,3 km,0.0,0.0
Bengaluru City,Kamakshipalya Traffic PS,1.04432e+16,2016,1,1,Road Accidents,Bridge,City/Town,Narrow bridge or culverts,Not Applicable,No,Grievous Injury,Hit and Run,No signal lights,Curve,City or Town Road,Bitumen(Tar),Dry,No influence on accident,Fine,MAGADI MAIN ROAD,MAGADI MAIN ROAD,1KM,0.0,0.0
Bengaluru City,Kamakshipalya Traffic PS,1.04432e+16,2016,1,2,Road Accidents,Culvert,City/Town,Narrow bridge or culverts,Human Error,No,Grievous Injury,Drowned,Not Applicable,Curve and Incline,City or Town Road,Bitumen(Tar),Dry,No influence on accident,Fine,RING ROAD OF SUMANAHALLI,SUMNAHALLI,1KM,0.0,0.0
Bengaluru City,Kamakshipalya Traffic PS,1.04432e+16,2016,1,2,Road Accidents,Narrow road,City/Town,Near Bus stop,Human Error,No,Fatal,Head on,No signal lights,Others,City or Town Road,Bitumen(Tar),Dry,No influence on accident,Fine,MAGADI MAIN ROAD,BELLADAHANUMANTHAPPA ROAD CROSS,3KM,0.0,0.0
Bengaluru City,Kamakshipalya Traffic PS,1.04432e+16,2016,1,1,Road Accidents,Narrow road,City/Town,Near Bus stop,Not Applicable,No,Simple Injury,Hit pedestrian,No signal lights,Others,City or Town Road,Bitumen(Tar),Dry,No influence on accident,Fine,Magadi main road,kebbehalla junction,3 km,0.0,0.0
Bengaluru City,Kamakshipalya Traffic PS,1.04432e+16,2016,1,2,Road Accidents,Narrow road,City/Town,Near School or College,Not Applicable,No,Grievous Injury,Others,No signal lights,Others,City or Town Road,Bitumen(Tar),Dry,Not Applicable,Fine,Bengaluru V V Road,near Gandhi Bhavan,5 km,0.0,0.0
Bengaluru City,Kamakshipalya Traffic PS,1.04432e+16,2016,1,2,Road Accidents,Other,City/Town,Near Bus stop,Human Error,Yes,Grievous Injury,Hit bicyclist,Not Applicable,Straight and flat,City or Town Road,Bitumen(Tar),Dry,No influence on accident,Fine,Magadi Main Road,Bus Stop,500m,0.0,0.0
Bengaluru City,Kamakshipalya Traffic PS,1.04432e+16,2016,1,5,Road Accidents,Narrow road,City/Town,Near Bus stop,Human Error,No,Grievous Injury,Head on,Signal lights Automatic,Straight and flat,City or Town Road,Bitumen(Tar),Dry,No influence on accident,Fine,MAGADI MAIN ROAD,SRIGANDHADAKAVALU JUNCTION,2.5 KM,0.0,0.0
Bengaluru City,Kamakshipalya Traffic PS,1.04432e+16,2016,1,2,Road Accidents,Narrow road,City/Town,Near Hospital,Human Error,Yes,Grievous Injury,Hit and Run,No signal lights,Not Applicable,Two way,Not Applicable,Not Applicable,Not Applicable,Clear,Near Unity Lifeline Hospital,Nagarabhavi Ring Road,5 km,0.0,0.0
Bengaluru City,Kamakshipalya Traffic PS,1.04432e+16,2016,1,1,Road Accidents,Other,City/Town,Open area,Human Error,No,Grievous Injury,Hit pedestrian,Not at  Junction,Straight and flat,City or Town Road,Bitumen(Tar),Dry,No influence on accident,Fine,Sumanahalli flyover ring road,Naer bda complex,3 km,0.0,0.0
Bengaluru City,Kamakshipalya Traffic PS,1.04432e+16,2016,1,1,Road Accidents,Narrow road,City/Town,Residential area,Human Error,No,Grievous Injury,Hit pedestrian,Not at  Junction,Not Applicable,Residential Street,Bitumen(Tar),Dry,No influence on accident,Fine,Vrushabhavathinagar 4 th cross,4th cross,1km,0.0,0.0
Bengaluru City,Kamakshipalya Traffic PS,1.04432e+16,2016,1,2,Road Accidents,Culvert,City/Town,Near a factory industrial area,Human Error,No,Grievous Injury,Hit and Run,No signal lights,Curve and Incline,City or Town Road,Bitumen(Tar),Dry,No influence on accident,Fine,MAGADI MAIN ROAD,MAGADI MAIN ROAD,3KM,0.0,0.0
Bengaluru City,Kamakshipalya Traffic PS,1.04432e+16,2016,1,1,Road Accidents,Narrow road,City/Town,Near School or College,Human Error,Yes,Grievous Injury,Others,Controlled,Not Applicable,Not Applicable,Not Applicable,Not Applicable,Not Applicable,Clear,Nagarbhavi Ring Road,Vokkaliga Sangha College,4 Km,0.0,0.0
Bengaluru City,Kamakshipalya Traffic PS,1.04432e+16,2016,1,2,Road Accidents,Narrow road,City/Town,Near Bus stop,Human Error,No,Simple Injury,Head on,No signal lights,Straight and flat,City or Town Road,Bitumen(Tar),Dry,No influence on accident,Fine,Nagarbhavi ring road,ring road,4 km,0.0,0.0
Bengaluru City,Kamakshipalya Traffic PS,1.04432e+16,2016,1,1,Road Accidents,Not Applicable,City/Town,Open area,Human Error,No,Damage Only,Not Applicable,Not Applicable,Not Applicable,Not Applicable,Not Applicable,Not Applicable,Not Applicable,Clear,Nagarbhavi Ring Road,Ullala Junction,4.5 Km,0.0,0.0
Bengaluru City,Kamakshipalya Traffic PS,1.04432e+16,2016,1,1,Road Accidents,Junction,City/Town,At pedestrian Crossing,Human Error,Yes,Fatal,Drowned,Signal lights Automatic,Hump,City or Town Road,Bitumen(Tar),Dry,Engineering Defect of Road,Fine,AYURE CENTER,RING ROD OF NAGARABHAVI,2.5KM,0.0,0.0
Bengaluru City,Kamakshipalya Traffic PS,1.04432e+16,2016,1,2,Road Accidents,Narrow road,City/Town,In bazaar,Human Error,No,Fatal,Head on,No signal lights,Straight and flat,City or Town Road,Bitumen(Tar),Dry,No influence on accident,Fine,MAGADI RAOD,MAGADI ROAD,3KM,0.0,0.0