DISTRICTNAME,UNITNAME,Crime_No,Year,RI,Noofvehicle_involved,Accident_Classification,Accident_Spot,Accident_Location,Accident_SubLocation,Main_Cause,Hit_Run,Severity,Collision_Type,Junction_Control,Road_Character,Road_Type,Surface_Type,Surface_Condition,Road_Condition,Weather,Accident_Road,Landmark_first,Distance_LandMark_First,Latitude,Longitude
Bengaluru City,Kamakshipalya Traffic PS,1.04432e+16,2016,1,1,Road Accidents,Narrow road,City/Town,Open area,Human Error,Yes,Grievous Injury,Not Applicable,No signal lights,Not Applicable,Two way,Not Applicable,Not Applicable,Not Applicable,Clear,Sumanahalli flyover ring road,service road,2 km,0.0,0.0
Bengaluru City,Kamakshipalya Traffic PS,1.04432e+16,2016,1,1,Road Accidents,Narrow road,City/Town,Residential area,Human Error,No,Simple Injury,Head on,Not at  Junction,Not Applicable,City or Town Road,Bitumen(Tar),Dry,No influence on accident,Fine,kamakshipalya 1st main,near ambabhavani temple,1km,0.0,0.0
Bengaluru City,Kamakshipalya Traffic PS,1.04432e+16,2016,1,2,Road Accidents,Culvert,City/Town,In bazaar,Human Error,No,Grievous Injury,Drowned,Controlled,Curve,City or Town Road,Bitumen(Tar),Dry,No influence on accident,Fine,SERVICE ROAD BRIDGE NAGARBHAVI,MAIN ROAD OF NAGARABHAVI,1KM,0.0,0.0
Bengaluru City,Kamakshipalya Traffic PS,1.04432e+16,2016,1,2,Road Accidents,Other,City/Town,Near Bus stop,Human Error,Yes,Grievous Injury,Hit pedestrian,Not at  Junction,Straight and flat,City or Town Road,Bitumen(Tar),Dry,No influence on accident,Fine,Magadi Main Road,Bus Stop,2 km,0.0,0.0
Bengaluru City,Kamakshipalya Traffic PS,1.04432e+16,2016,1,2,Road Accidents,Cross roads,City/Town,Near a religious place,Human Error,No,Grievous Injury,Hit bicyclist,Not Applicable,Straight and flat,City or Town Road,Bitumen(Tar),Dry,No influence on accident,Fine,Kalayanagar,Mahatma Ghandi Park,4 km,0.0,0.0
Bengaluru City,Kamakshipalya Traffic PS,1.04432e+16,2016,1,2,Road Accidents,Other,City/Town,Open area,Human Error,No,Fatal,Hit bicyclist,Controlled,Not Applicable,Two way,Not Applicable,Others,Not Applicable,Clear,Bengaluru Univercity Road,Bengaluru Univercity Road,4 km,0.0,0.0
Bengaluru City,Kamakshipalya Traffic PS,1.04432e+16,2016,1,1,Road Accidents,Narrow road,City/Town,Open area,Human Error,No,Damage Only,Not Applicable,Controlled,Not Applicable,Not Applicable,Not Applicable,Not Applicable,Not Applicable,Clear,Malagala Main Road,Malagala Main Road,5 km,0.0,0.0
Bengaluru City,Kamakshipalya Traffic PS,1.04432e+16,2016,1,1,Road Accidents,Narrow road,City/Town,Near School or College,Human Error,No,Grievous Injury,Hit pedestrian,Not Applicable,Straight and flat,City or Town Road,Bitumen(Tar),Dry,No influence on accident,Fine,Nandagokul Road,Nandagokul School,1 km,0.0,0.0
Bengaluru City,Kamakshipalya Traffic PS,1.04432e+16,2016,1,2,Road Accidents,Narrow road,City/Town,Residential area,Human Error,Yes,Simple Injury,Hit and Run,No signal lights,Others,City or Town Road,Bitumen(Tar),Dry,Not Applicable,Fine,SUMANAHALLI FLYOVER RING ROAD,RING ROAD,2 KM,0.0,0.0
Bengaluru City,Kamakshipalya Traffic PS,1.04432e+16,2016,1,2,Road Accidents,Other,City/Town,Near a religious place,Human Error,No,Grievous Injury,Hit bicyclist,Not at  Junction,Straight and flat,City or Town Road,Bitumen(Tar),Dry,No influence on accident,Fine,Nagarbhavi Ring Road,Deepa Complex,4 km,0.0,0.0
Bengaluru City,Kamakshipalya Traffic PS,1.04432e+16,2016,1,2,Road Accidents,Narrow road,City/Town,Open area,Human Error,Yes,Fatal,Not Applicable,No signal lights,Not Applicable,Not Applicable,Not Applicable,Others,Not Applicable,Clear,Sumanahalli flyover ring road,Durgashree Grand Hotel,2 km,0.0,0.0
Bengaluru City,Kamakshipalya Traffic PS,1.04432e+16,2016,1,2,Road Accidents,Other,City/Town,Residential area,Not Applicable,Not Applicable,Damage Only,Others,Controlled,Not Applicable,Two way,Not Applicable,Not Applicable,Not Applicable,Clear,Magadi Main Road,unkadakatte,5 km,0.0,0.0
Bengaluru City,Kamakshipalya Traffic PS,1.04432e+16,2016,1,2,Road Accidents,Narrow road,City/Town,Narrow bridge or culverts,Human Error,No,Grievous Injury,Others,No signal lights,Not Applicable,Two way,Not Applicable,Not Applicable,Not Applicable,Clear,Sumanahalli flyover Ring Road Service road,Near Sumanahalli Trust,2 km,0.0,0.0
Bengaluru City,Kamakshipalya Traffic PS,1.04432e+16,2016,1,1,Road Accidents,Narrow road,City/Town,At pedestrian Crossing,Human Error,No,Fatal,Hit pedestrian,Not at  Junction,Others,City or Town Road,Bitumen(Tar),Dry,No influence on accident,Fine,magadi main road,sumanahalli,2km,0.0,0.0
Bengaluru City,Kamakshipalya Traffic PS,1.04432e+16,2016,1,1,Road Accidents,Other,City/Town,Near Bus stop,Human Error,No,Damage Only,Hit pedestrian,Not Applicable,Straight and flat,City or Town Road,Bitumen(Tar),Dry,No influence on accident,Fine,Magadi Main Road,Bus Stop,1.5 km,0.0,0.0
Bengaluru City,Kamakshipalya Traffic PS,1.04432e+16,2016,1,2,Road Accidents,Cross roads,City/Town,At pedestrian Crossing,Human Error,Yes,Grievous Injury,Hit pedestrian,Not at  Junction,Straight and flat,City or Town Road,Bitumen(Tar),Dry,No influence on accident,Fine,ULLALA MAIN ROAD,ULLALA MAIN ROAD,5KM,0.0,0.0
Bengaluru City,Kamakshipalya Traffic PS,1.04432e+16,2016,1,2,Road Accidents,T Junction,City/Town,Open area,Human Error,No,Grievous Injury,Others,Uncontrolled,Not Applicable,Two way,Not Applicable,Not Applicable,Not Applicable,Clear,Sumanahalli  Junction,Sumanahalli  Junction,1.5 km,0.0,0.0
Bengaluru City,Kamakshipalya Traffic PS,1.04432e+16,2016,1,2,Road Accidents,Other,City/Town,Near Bus stop,Human Error,Yes,Simple Injury,Hit and Run,No signal lights,Not Applicable,Two way,Not Applicable,Not Applicable,Not Applicable,Clear,sumanahalli Ring Road,sumanahalli Ring Road,2 km,0.0,0.0
Bengaluru City,Kamakshipalya Traffic PS,1.04432e+16,2016,1,1,Road Accidents,Cross roads,City/Town,In bazaar,Human Error,No,Fatal,Head on,Not Applicable,Straight and flat,City or Town Road,Bitumen(Tar),Dry,No influence on accident,Fine,AD HALLI,AD HALLI,2KM,0.0,0.0
Bengaluru City,Kamakshipalya Traffic PS,1.04432e+16,2016,1,2,Road Accidents,Narrow road,City/Town,In bazaar,Human Error,No,Grievous Injury,Head on,Not at  Junction,Others,City or Town Road,Bitumen(Tar),Dry,No influence on accident,Fine,hegganahalli main road,near sollapuradamma temple,3km,0.0,0.0
Bengaluru City,Kamakshipalya Traffic PS,1.04432e+16,2016,1,2,Road Accidents,Bridge,City/Town,In bazaar,Human Error,Yes,Grievous Injury,Hit and Run,No signal lights,Straight and flat,City or Town Road,Bitumen(Tar),Dry,No influence on accident,Fine,nagarbhavi,Nammurathindi hotel,4km,0.0,0.0
Bengaluru City,Kamakshipalya Traffic PS,1.04432e+16,2016,1,2,Road Accidents,Narrow road,City/Town,Near Hospital,Not Applicable,Not Applicable,Damage Only,Others,No signal lights,Not Applicable,Two way,Not Applicable,Not Applicable,Not Applicable,Clear,Nagarbhavi Ring Road,Nagarbhavi Ring Road,5 km,0.0,0.0
Bengaluru City,Kamakshipalya Traffic PS,1.04432e+16,2016,1,2,Road Accidents,Other,City/Town,Near Bus stop,Human Error,Yes,Grievous Injury,Hit and Run,Not Applicable,Straight and flat,City or Town Road,Bitumen(Tar),Dry,No influence on accident,Fine,sumanahalli Ring Road,Bus depot,2 km,0.0,0.0
Bengaluru City,Kamakshipalya Traffic PS,1.04432e+16,2016,1,1,Road Accidents,Culvert,City/Town,In bazaar,Human Error,Yes,Fatal,Hit and Run,Controlled,Curve and Incline,City or Town Road,Bitumen(Tar),Dry,No influence on accident,Fine,DASARAHALLI,DASARAHALLI,2KM,0.0,0.0
Bengaluru City,Kamakshipalya Traffic PS,1.04432e+16,2016,1,2,Not Applicable,Narrow road,City/Town,Near a religious place,Not Applicable,Not Applicable,Damage Only,Others,Controlled,Not Applicable,Two way,Not Applicable,Not Applicable,Not Applicable,Clear,Nagarabhavi Flyover Ring Road,Nagarabhavi Flyover Ring Road,5 km,0.0,0.0
Bengaluru City,Kamakshipalya Traffic PS,1.04432e+16,2016,1,1,Road Accidents,Culvert,City/Town,Near a factory industrial area,Human Error,Yes,Fatal,Hit and Run,Give way sign,Curve and Incline,City or Town Road,Bitumen(Tar),Dry,No influence on accident,Fine,BEGGERS COLONY,BEGGERS COLONY,1KM,0.0,0.0
Bengaluru City,Kamakshipalya Traffic PS,1.04432e+16,2016,1,1,Road Accidents,Narrow road,City/Town,Near a religious place,Human Error,No,Grievous Injury,Not Applicable,Not at  Junction,Not Applicable,Not Applicable,Not Applicable,Not Applicable,Not Applicable,Clear,Hegganahalli Main Road,sollapuradamma temple,4 Km,0.0,0.0
Bengaluru City,Kamakshipalya Traffic PS,1.04432e+16,2016,1,2,Road Accidents,Not Applicable,City/Town,Open area,Vehicle Defect,Not Applicable,Damage Only,Not Applicable,Controlled,Not Applicable,Two way,Not Applicable,Not Applicable,Not Applicable,Clear,West Of Chord Road,West Of Chord Road,3 km,0.0,0.0
Bengaluru City,Kamakshipalya Traffic PS,1.04432e+16,2016,1,2,Road Accidents,Narrow road,City/Town,Residential area,Human Error,No,Grievous Injury,Others,No signal lights,Not Applicable,Mixed,Not Applicable,Not Applicable,Not Applicable,Clear,Nagarabhavi 2nd Stage,Nagarabhavi 2nd Stage,3.5 KM,0.0,0.0
Bengaluru City,Kamakshipalya Traffic PS,1.04432e+16,2016,1,1,Road Accidents,Narrow road,City/Town,Near Bus stop,Human Error,No,Grievous Injury,Not Applicable,No signal lights,Not Applicable,Two way,Not Applicable,Not Applicable,Not Applicable,Clear,Near Sunkadakatte Bus Stand,Near Sunkadakatte Bus Stand,2 km,0.0,0.0
Bengaluru City,Kamakshipalya Traffic PS,1.04432e+16,2016,1,2,Road Accidents,Narrow road,City/Town,Near a factory industrial area,Not Applicable,No,Simple Injury,Not Applicable,Not at  Junction,Others,City or Town Road,Bitumen(Tar),Dry,Not Applicable,Fine,Hegganahalli main road,Near Sollapuradamma temple,3 km,0.0,0.0
Bengaluru City,Kamakshipalya Traffic PS,1.04432e+16,2016,1,2,Road Accidents,Narrow road,City/Town,Near Bus stop,Human Error,No,Grievous Injury,Others,No signal lights,Others,City or Town Road,Bitumen(Tar),Dry,Not Applicable,Fine,hegganahalli main road,Hegganahalli main road,3 km,0.0,0.0
Bengaluru City,Kamakshipalya Traffic PS,1.04432e+16,2016,1,1,Road Accidents,Other,City/Town,Near a religious place,Human Error,Yes,Grievous Injury,Hit pedestrian,Not Applicable,Straight and flat,City or Town Road,Bitumen(Tar),Dry,No influence on accident,Fine,West Of Chord Road,Swamy Narayan Mandir,3 km,0.0,0.0
Bengaluru City,Kamakshipalya Traffic PS,1.04432e+16,2016,1,1,Road Accidents,Junction,City/Town,Near Bus stop,Human Error,No,Grievous Injury,Hit pedestrian,Signal lights Automatic,Straight and flat,City or Town Road,Bitumen(Tar),Dry,No influence on accident,Fine,sumanahalli junction,sumanahalli junction,2km,0.0,0.0
Bengaluru City,Kamakshipalya Traffic PS,1.04432e+16,2016,1,2,Not Applicable,Narrow road,City/Town,Near a religious place,Human Error,No,Grievous Injury,Others,No signal lights,Not Applicable,Two way,Not Applicable,Not Applicable,Not Applicable,Clear,Nagarabhavi Ring Road,Nagarabhavi Ring Road,4km,0.0,0.0
Bengaluru City,Kamakshipalya Traffic PS,1.04432e+16,2016,1,2,Road Accidents,Other,City/Town,Residential area,Human Error,Yes,Grievous Injury,Hit bicyclist,Not Applicable,Straight and flat,City or Town Road,Bitumen(Tar),Dry,No influence on accident,Fine,Muddinpalya Main Road,Visheshwaraiah Layout,5 km,0.0,0.0
Bengaluru City,Kamakshipalya Traffic PS,1.04432e+16,2016,1,1,Road Accidents,Other,City/Town,Near School or College,Human Error,Yes,Grievous Injury,Hit pedestrian,Signal lights Automatic,Straight and flat,City or Town Road,Bitumen(Tar),Dry,No influence on accident,Fine,Nagarbhavi Main Road,collage,4 km,0.0,0.0
Bengaluru City,Kamakshipalya Traffic PS,1.04432e+16,2016,1,2,Road Accidents,Not Applicable,City/Town,Open area,Human Error,No,Grievous Injury,Not Applicable,Controlled,Not Applicable,Not Applicable,Not Applicable,Not Applicable,Not Applicable,Clear,Annapurneshwari Nagar,Srigandadakavla,4 Km,0.0,0.0
Bengaluru City,Kamakshipalya Traffic PS,1.04432e+16,2016,1,2,Road Accidents,Not Applicable,City/Town,Open area,Vehicle Defect,No,Damage Only,Not Applicable,Not Applicable,Not Applicable,Two way,Not Applicable,Not Applicable,Not Applicable,Clear,"ISEC Road, Nagarabhavi",NGEF Layout,4 Km,0.0,0.0
Bengaluru City,Kamakshipalya Traffic PS,1.04432e+16,2016,1,2,Road Accidents,Other,City/Town,Near a recreation place/cinema,Human Error,Yes,Damage Only,Hit and Run,Not at  Junction,Straight and flat,City or Town Road,Bitumen(Tar),Dry,No influence on accident,Fine,Hegganahalli Main Raod,Mohan Theatre,3 km,0.0,0.0
Bengaluru City,Kamakshipalya Traffic PS,1.04432e+16,2016,1,1,Road Accidents,Narrow road,City/Town,Near Bus stop,Human Error,No,Fatal,Others,No signal lights,Straight and flat,City or Town Road,Bitumen(Tar),Dry,No influence on accident,Fine,ULLALA MAIN ROAD,MUNESHWARANAGAR,5KM,0.0,0.0
Bengaluru City,Kamakshipalya Traffic PS,1.04432e+16,2016,1,2,Road Accidents,Narrow road,City/Town,Residential area,Human Error,No,Grievous Injury,Not Applicable,No signal lights,Not Applicable,Not Applicable,Not Applicable,Not Applicable,Not Applicable,Clear,Railway Layout,Railway Layout,6 Km,0.0,0.0
Bengaluru City,Kamakshipalya Traffic PS,1.04432e+16,2016,1,1,Road Accidents,Narrow road,City/Town,Open area,Human Error,No,Grievous Injury,Hit pedestrian,Not Applicable,Others,Others,Bitumen(Tar),Dry,No influence on accident,Fine,"Sannakki Bayalu Totad road, sumanahalli",Sannakki Bayalu,2 km,0.0,0.0
Bengaluru City,Kamakshipalya Traffic PS,1.04432e+16,2016,1,2,Road Accidents,Junction,City/Town,In bazaar,Human Error,No,Fatal,Hit pedal cyclist,No signal lights,Straight and flat,City or Town Road,Bitumen(Tar),Dry,No influence on accident,Fine,ANNAPURNESHWARINAGAR,ANNAPURNESHWARINAGAR,4KM,0.0,0.0
Bengaluru City,Kamakshipalya Traffic PS,1.04432e+16,2016,1,2,Road Accidents,Curves,City/Town,Open area,Human Error,Yes,Grievous Injury,Hit and Run,No signal lights,Curve,Two way,Not Applicable,Not Applicable,Not Applicable,Clear,Magadi Main Road,magadi main road,3.5 KM,0.0,0.0
Bengaluru City,Kamakshipalya Traffic PS,1.04432e+16,2016,1,1,Road Accidents,Narrow road,City/Town,Narrow bridge or culverts,Human Error,No,Simple Injury,Head on,No signal lights,Straight and flat,City or Town Road,Bitumen(Tar),Dry,No influence on accident,Fine,nagarbavi flyover ring road,durgashree hotel,2km,0.0,0.0
Bengaluru City,Kamakshipalya Traffic PS,1.04432e+16,2016,1,1,Road Accidents,Cross roads,City/Town,At pedestrian Crossing,Human Error,No,Grievous Injury,Head on,Give way sign,Curve,City or Town Road,Bitumen(Tar),Dry,No influence on accident,Fine,SUNKADAKATTE MAIN ROAD,SUNKADAKATTE MAIN ROAD,1KM,0.0,0.0
Bengaluru City,Kamakshipalya Traffic PS,1.04432e+16,2016,1,1,Road Accidents,Narrow road,City/Town,At pedestrian Crossing,Human Error,Yes,Grievous Injury,Hit pedestrian,Not at  Junction,Not Applicable,City or Town Road,Bitumen(Tar),Dry,No influence on accident,Fine,Annapurneshwarinagar main road,Near Coffee katte,4km,0.0,0.0
Bengaluru City,Kamakshipalya Traffic PS,1.04432e+16,2016,1,2,Road Accidents,Curves,City/Town,Residential area,Human Error,No,Grievous Injury,Hit bicyclist,No signal lights,Straight and flat,City or Town Road,Bitumen(Tar),Dry,No influence on accident,Fine,Magadi Main Road,Govindappa Bakary,3 km,0.0,0.0
Bengaluru City,Kamakshipalya Traffic PS,1.04432e+16,2016,1,2,Road Accidents,Bridge,City/Town,Narrow bridge or culverts,Human Error,Yes,Grievous Injury,Hit and Run,No signal lights,Not Applicable,NH,Not Applicable,Not Applicable,Not Applicable,Clear,Sumanahalli flyover Service road,Flyover,2 km,0.0,0.0
Bengaluru City,Kamakshipalya Traffic PS,1.04432e+16,2016,1,1,Road Accidents,Other,City/Town,Open area,Human Error,No,Grievous Injury,Not Applicable,No signal lights,Not Applicable,Not Applicable,Not Applicable,Not Applicable,Not Applicable,Clear,Rajajinagar Industrial Town,Rajajinagar Industrial Town,4 km,0.0,0.0
Bengaluru City,Kamakshipalya Traffic PS,1.04432e+16,2016,1,2,Road Accidents,Narrow road,City/Town,Near Bus stop,Human Error,No,Fatal,Others,Not at  Junction,Straight and flat,City or Town Road,Bitumen(Tar),Dry,No influence on accident,Fine,MAGADI MAIN ROAD,SUNKADKATTE,2KM,0.0,0.0
Bengaluru City,Kamakshipalya Traffic PS,1.04432e+16,2016,1,1,Road Accidents,Other,City/Town,Near Bus stop,Human Error,No,Damage Only,Not Applicable,Not Applicable,Not Applicable,Two way,Not Applicable,Not Applicable,Not Applicable,Clear,sumanahalli Ring Road,Near BMTC 31 st Dipo,4 km,0.0,0.0
Bengaluru City,Kamakshipalya Traffic PS,1.04432e+16,2016,1,2,Road Accidents,Other,City/Town,Open area,Not Applicable,No,Grievous Injury,Not Applicable,Not Applicable,Not Applicable,Two way,Not Applicable,Others,Not Applicable,Clear,Nagarabhavi Ring Road,Papareddypalya BBMP Ground,4 km,0.0,0.0
Bengaluru City,Kamakshipalya Traffic PS,1.04432e+16,2016,1,2,Road Accidents,Bridge,City/Town,Narrow bridge or culverts,Human Error,No,Damage Only,Head on,Not at  Junction,Others,City or Town Road,Bitumen(Tar),Dry,No influence on accident,Fine,SERVICE ROAD,NAGARBHAVI,4KM,0.0,0.0
Bengaluru City,Kamakshipalya Traffic PS,1.04432e+16,2016,1,1,Road Accidents,Narrow road,City/Town,Near Bus stop,Human Error,Yes,Grievous Injury,Hit and Run,Not at  Junction,Others,City or Town Road,Bitumen(Tar),Dry,No influence on accident,Fine,MAGADI MAIN ROAD,NEAR SUMANAHALLI,1.5 KM,0.0,0.0
Bengaluru City,Kamakshipalya Traffic PS,1.04432e+16,2016,1,2,Road Accidents,Narrow road,City/Town,Near Hospital,Human Error,No,Fatal,Hit and Run,Not at  Junction,Not Applicable,City or Town Road,Bitumen(Tar),Dry,No influence on accident,Fine,MAGADI MAIN ROAD,NEAR ASHRAYA HOSPITAL,3KM,0.0,0.0
Bengaluru City,Kamakshipalya Traffic PS,1.04432e+16,2016,1,2,Road Accidents,Junction,City/Town,Near Hospital,Human Error,No,Grievous Injury,Head on,No signal lights,Straight and flat,City or Town Road,Bitumen(Tar),Dry,No influence on accident,Fine,Magadi main road,Near Ashraya hospital,3km,0.0,0.0
Bengaluru City,Kamakshipalya Traffic PS,1.04432e+16,2016,1,2,Road Accidents,Narrow road,City/Town,Near Bus stop,Human Error,No,Fatal,Head on,No signal lights,Straight and flat,City or Town Road,Bitumen(Tar),Dry,No influence on accident,Fine,nagarbhavi ring road,mallathhalli,4km,0.0,0.0
Bengaluru City,Kamakshipalya Traffic PS,1.04432e+16,2016,1,1,Not Applicable,Narrow road,City/Town,Near Bus stop,Human Error,No,Grievous Injury,Others,No signal lights,Not Applicable,Two way,Not Applicable,Not Applicable,Not Applicable,Clear,Kottigepalya Bus Stop,Kottigepalya Bus Stop,4 km,0.0,0.0
Bengaluru City,Kamakshipalya Traffic PS,1.04432e+16,2016,1,2,Road Accidents,Other,City/Town,Near School or College,Human Error,No,Fatal,Hit bicyclist,Not Applicable,Straight and flat,City or Town Road,Bitumen(Tar),Dry,No influence on accident,Fine,Nagarbhavi Main Road,Ambedkar Collage,5 km,0.0,0.0
Bengaluru City,Kamakshipalya Traffic PS,1.04432e+16,2016,1,1,Road Accidents,Junction,City/Town,Near School or College,Vehicle Defect,No,Fatal,Not Applicable,Controlled,Not Applicable,Two way,Not Applicable,Not Applicable,Not Applicable,Clear,Nagarbhavi Ring Road,Ambedkar College,5 km,0.0,0.0
Bengaluru City,Kamakshipalya Traffic PS,1.04432e+16,2016,1,2,Road Accidents,Narrow road,City/Town,Narrow bridge or culverts,Human Error,No,Damage Only,Rear end,Not at  Junction,Not Applicable,City or Town Road,Bitumen(Tar),Dry,No influence on accident,Clear,NAGARBHAVI FLYOVER RING ROAD,RING ROAD,4KM,0.0,0.0
Bengaluru City,Kamakshipalya Traffic PS,1.04432e+16,2016,1,2,Road Accidents,Narrow road,City/Town,In bazaar,Human Error,Yes,Grievous Injury,Others,No signal lights,Others,Two way,Not Applicable,Others,Not Applicable,Clear,Muddinpalya Main Road,Muddinpalya Main Road,6 Km,0.0,0.0
Bengaluru City,Kamakshipalya Traffic PS,1.04432e+16,2016,1,2,Road Accidents,Narrow road,City/Town,Narrow bridge or culverts,Human Error,No,Simple Injury,Head on,No signal lights,Straight and flat,City or Town Road,Bitumen(Tar),Dry,No influence on accident,Fine,NAGARBHAVI FLYOVER RING ROAD,MAHADESHWARA TEMPLE,4KM,0.0,0.0
Bengaluru City,Kamakshipalya Traffic PS,1.04432e+16,2016,1,2,Road Accidents,Narrow road,City/Town,Open area,Human Error,No,Grievous Injury,Not Applicable,Not Applicable,Others,Not Applicable,Not Applicable,Others,Not Applicable,Clear,Near Janapriya Apartment,Sunkadakatte,3 km,0.0,0.0
Bengaluru City,Kamakshipalya Traffic PS,1.04432e+16,2016,1,2,Not Applicable,Other,City/Town,Open area,Human Error,Not Applicable,Damage Only,Others,No signal lights,Not Applicable,Two way,Not Applicable,Not Applicable,Not Applicable,Clear,Sumanahalli flyover Ring Road Service road,Malagal Under Pass,5 km,0.0,0.0
Bengaluru City,Kamakshipalya Traffic PS,1.04432e+16,2016,1,1,Road Accidents,Other,City/Town,Near Petrol Pump,Human Error,Yes,Simple Injury,Hit pedestrian,Not at  Junction,Straight and flat,City or Town Road,Bitumen(Tar),Dry,No influence on accident,Fine,Magdi Main Road,Viajya Bank,3 km,0.0,0.0
Bengaluru City,Kamakshipalya Traffic PS,1.04432e+16,2016,1,1,Road Accidents,Other,City/Town,Open area,Human Error,Yes,Simple Injury,Not Applicable,Not Applicable,Not Applicable,Two way,Not Applicable,Not Applicable,Not Applicable,Clear,Malagala Main Road,Malagala,5 km,0.0,0.0
Bengaluru City,Kamakshipalya Traffic PS,1.04432e+16,2016,1,1,Road Accidents,Narrow road,City/Town,Open area,Vehicle Defect,No,Grievous Injury,Not Applicable,Controlled,Not Applicable,Not Applicable,Not Applicable,Not Applicable,Not Applicable,Clear,Nagarbhavi Flyover Ring Road,Nagarabhavi,4 Km,0.0,0.0
Bengaluru City,Kamakshipalya Traffic PS,1.04432e+16,2016,1,1,Road Accidents,Other,City/Town,Narrow bridge or culverts,Human Error,No,Fatal,Skidding or Self accident,Not at  Junction,Straight and flat,City or Town Road,Bitumen(Tar),Dry,No influence on accident,Fine,Nagarbhavi Flyover Service Road,BRIDGE,3 km,0.0,0.0
Bengaluru City,Kamakshipalya Traffic PS,1.04432e+16,2016,1,2,Road Accidents,Bridge,City/Town,Open area,Human Error,Yes,Grievous Injury,Hit bicyclist,Not Applicable,Straight and flat,City or Town Road,Bitumen(Tar),Dry,No influence on accident,Fine,Sumanahalli flyover ring road,Bridge,2 km,0.0,0.0
Bengaluru City,Kamakshipalya Traffic PS,1.04432e+16,2016,1,2,Road Accidents,Narrow road,City/Town,Narrow bridge or culverts,Human Error,Yes,Fatal,Hit pedal cyclist,Not at  Junction,Straight and flat,City or Town Road,Bitumen(Tar),Dry,No influence on accident,Fine,sumanahalli service road,sumanahalli underpass,2km,0.0,0.0
Bengaluru City,Kamakshipalya Traffic PS,1.04432e+16,2016,1,1,Road Accidents,Not Applicable,City/Town,Near Petrol Pump,Human Error,Yes,Grievous Injury,Hit pedal cyclist,Uncontrolled,Straight and flat,City or Town Road,Bitumen(Tar),Dry,No influence on accident,Fine,Ullal Main Road,Vidyaniketan School,5 km,0.0,0.0
Bengaluru City,Kamakshipalya Traffic PS,1.04432e+16,2016,1,2,Road Accidents,Not Applicable,City/Town,Near a religious place,Vehicle Defect,No,Simple Injury,Not Applicable,Not Applicable,Not Applicable,Service Road,Not Applicable,Not Applicable,Not Applicable,Clear,Nagarbhavi Flyover Service Road,Mahadeshwara Temple,4 Km,0.0,0.0
Bengaluru City,Kamakshipalya Traffic PS,1.04432e+16,2016,1,1,Road Accidents,Other,City/Town,Open area,Human Error,No,Simple Injury,Others,Not Applicable,Not Applicable,Two way,Not Applicable,Others,Not Applicable,Others,"NearLorry Stand, Nagarabhavi Ring Road",Ring Road,4 km,0.0,0.0
Bengaluru City,Kamakshipalya Traffic PS,1.04432e+16,2016,1,2,Not Applicable,Narrow road,City/Town,Open area,Human Error,No,Damage Only,Others,No signal lights,Not Applicable,Two way,Not Applicable,Not Applicable,Not Applicable,Clear,Nagarbhavi Flyover Ring Road,Nagarbhavi Flyover Ring Road,3.5 KM,0.0,0.0
Bengaluru City,Kamakshipalya Traffic PS,1.04432e+16,2016,1,1,Road Accidents,Other,City/Town,Near Bus stop,Human Error,No,Grievous Injury,Not Applicable,Controlled,Not Applicable,Two way,Not Applicable,Others,Not Applicable,Clear,sumanahalli Ring Road,Opp 31 BMTC Depo,1.5 km,0.0,0.0
Bengaluru City,Kamakshipalya Traffic PS,1.04432e+16,2016,1,1,Road Accidents,Narrow road,City/Town,In bazaar,Human Error,No,Grievous Injury,Head on,Not at  Junction,Others,City or Town Road,Bitumen(Tar),Dry,No influence on accident,Fine,MAGADI MAIN ROAD,KEMPEGOWDA KALYANAMANTAPA,2KM,0.0,0.0
Bengaluru City,Kamakshipalya Traffic PS,1.04432e+16,2016,1,1,Road Accidents,Cross roads,City/Town,Residential area,Human Error,No,Grievous Injury,Head on,No signal lights,Straight and flat,City or Town Road,Bitumen(Tar),Dry,No influence on accident,Fine,KAMAKSHIPALYA,SWAYAMPRABHA KALYANAMANTAPA ROAD,500M,0.0,0.0
Bengaluru City,Kamakshipalya Traffic PS,1.04432e+16,2016,1,2,Road Accidents,Narrow road,City/Town,Open area,Human Error,Yes,Simple Injury,Not Applicable,Controlled,Not Applicable,Not Applicable,Not Applicable,Not Applicable,Not Applicable,Clear,Sunkadakatte,Janapriya appartment,5 km,0.0,0.0
Bengaluru City,Kamakshipalya Traffic PS,1.04432e+16,2016,1,2,Road Accidents,Narrow road,City/Town,In bazaar,Human Error,No,Grievous Injury,Head on,Not at  Junction,Straight and flat,City or Town Road,Bitumen(Tar),Dry,No influence on accident,Fine,Nagarbhavi main road,near MK Ahmed store,4km,0.0,0.0