DISTRICTNAME,UNITNAME,Crime_No,Year,RI,Noofvehicle_involved,Accident_Classification,Accident_Spot,Accident_Location,Accident_SubLocation,Main_Cause,Hit_Run,Severity,Collision_Type,Junction_Control,Road_Character,Road_Type,Surface_Type,Surface_Condition,Road_Condition,Weather,Accident_Road,Landmark_first,Distance_LandMark_First,Latitude,Longitude
Bengaluru City,Kamakshipalya Traffic PS,1.04432e+16,2017,1,1,Road Accidents,Other,City/Town,Near Bus stop,Human Error,No,Grievous Injury,Hit pedestrian,Not at  Junction,Straight and flat,City or Town Road,Bitumen(Tar),Dry,No influence on accident,Fine,Old Ring Road,BUS STOP,4 Km,0.0,0.0
Bengaluru City,Kamakshipalya Traffic PS,1.04432e+16,2017,1,2,Road Accidents,Other,City/Town,Near Bus stop,Human Error,No,Grievous Injury,Hit bicyclist,Not at  Junction,Straight and flat,City or Town Road,Bitumen(Tar),Dry,No influence on accident,Fine,Old Ring Road,Near Bus Stop,5 KM,0.0,0.0
Bengaluru City,Kamakshipalya Traffic PS,1.04432e+16,2017,1,2,Road Accidents,Curves,City/Town,Near a religious place,Human Error,No,Simple Injury,Hit bicyclist,Not at  Junction,Curve,City or Town Road,Bitumen(Tar),Dry,Not Applicable,Fine,Hegganahalli Main Road,sollapuradamma temple,4 Km,0.0,0.0
Bengaluru City,Kamakshipalya Traffic PS,1.04432e+16,2017,1,2,Road Accidents,Narrow road,City/Town,Near Bus stop,Human Error,No,Grievous Injury,Rear end,No signal lights,Straight and flat,City or Town Road,Bitumen(Tar),Dry,No influence on accident,Clear,Outer Ring road,Near BMTC Depot Summanahalli,2 KM,0.0,0.0
Bengaluru City,Kamakshipalya Traffic PS,1.04432e+16,2017,1,2,Road Accidents,Cross roads,City/Town,Residential area,Human Error,Yes,Grievous Injury,Hit bicyclist,Not at  Junction,Straight and flat,City or Town Road,Bitumen(Tar),Dry,No influence on accident,Fine,Annaprneshwari Nagara Road,2nd Main,4 KM,0.0,0.0
Bengaluru City,Kamakshipalya Traffic PS,1.04432e+16,2017,1,1,Road Accidents,Narrow road,City/Town,Near Bus stop,Human Error,No,Damage Only,Head on,No signal lights,Straight and flat,City or Town Road,Bitumen(Tar),Dry,No influence on accident,Clear,Nagarabhavi main road,Near MK ahmed store,4km,0.0,0.0
Bengaluru City,Kamakshipalya Traffic PS,1.04432e+16,2017,1,2,Road Accidents,Narrow road,City/Town,Narrow bridge or culverts,Not Applicable,No,Fatal,Others,No signal lights,Others,City or Town Road,Bitumen(Tar),Dry,No influence on accident,Fine,MUDDINAPALYA MAIN ROAD,MAIN ROAD,4 KM,0.0,0.0
Bengaluru City,Kamakshipalya Traffic PS,1.04432e+16,2017,1,2,Road Accidents,Narrow road,City/Town,Near School or College,Human Error,Yes,Simple Injury,Hit and Run,No signal lights,Others,City or Town Road,Bitumen(Tar),Dry,Not Applicable,Fine,BEngaluru vv road,gandhi bhavan,4 km,0.0,0.0
Bengaluru City,Kamakshipalya Traffic PS,1.04432e+16,2017,1,1,Road Accidents,Cross roads,City/Town,Near a religious place,Human Error,No,Simple Injury,Hit pedestrian,Not Applicable,Straight and flat,City or Town Road,Bitumen(Tar),Dry,Not Applicable,Fine,Maruthi main road,Maruthi main road,1 km,0.0,0.0
Bengaluru City,Kamakshipalya Traffic PS,1.04432e+16,2017,1,1,Road Accidents,More than four arms,City/Town,Narrow bridge or culverts,Human Error,Not Applicable,Grievous Injury,Hit animal,No signal lights,Curve,City or Town Road,Bitumen(Tar),Dry,No influence on accident,Fine,papareddy palya bengaluru,papareddypalya bengaluru,4km,0.0,0.0
Bengaluru City,Kamakshipalya Traffic PS,1.04432e+16,2017,1,1,Road Accidents,Circle,City/Town,In bazaar,Human Error,No,Grievous Injury,Drowned,Controlled,Curve,City or Town Road,Bitumen(Tar),Dry,No influence on accident,Fine,sollapuradamma temple,sollapuradamma temple,3km,0.0,0.0
Bengaluru City,Kamakshipalya Traffic PS,1.04432e+16,2017,1,1,Road Accidents,Not Applicable,City/Town,Residential area,Human Error,Yes,Grievous Injury,Not Applicable,Not Applicable,Not Applicable,Two way,Not Applicable,Not Applicable,Not Applicable,Clear,Ullal Road,8th Cross,5 Km,0.0,0.0
Bengaluru City,Kamakshipalya Traffic PS,1.04432e+16,2017,1,1,Road Accidents,Narrow road,City/Town,Near Bus stop,Human Error,No,Grievous Injury,Rear end,No signal lights,Straight and flat,City or Town Road,Bitumen(Tar),Dry,No influence on accident,Clear,SANNKI BAYALU ROAD,kamakshipalya,1.5 KM,0.0,0.0
Bengaluru City,Kamakshipalya Traffic PS,1.04432e+16,2017,1,1,Road Accidents,Narrow road,City/Town,Open area,Human Error,No,Grievous Injury,Others,Not at  Junction,Straight and flat,Service Road,Bitumen(Tar),Dry,No influence on accident,Fine,Sumanahalli Service Road,Sumanahalli Junction,2 km,0.0,0.0
Bengaluru City,Kamakshipalya Traffic PS,1.04432e+16,2017,1,2,Road Accidents,Other,City/Town,Near Petrol Pump,Human Error,No,Grievous Injury,Hit bicyclist,Not at  Junction,Straight and flat,City or Town Road,Bitumen(Tar),Dry,No influence on accident,Fine,Magdi Main Road,Nera Weigh Bridge,03 Km,0.0,0.0
Bengaluru City,Kamakshipalya Traffic PS,1.04432e+16,2017,1,2,Road Accidents,Narrow road,City/Town,Near office complex,Human Error,No,Damage Only,Others,Not at  Junction,Curve,City or Town Road,Bitumen(Tar),Dry,No influence on accident,Clear,Magadi main road,1km,1km,0.0,0.0
Bengaluru City,Kamakshipalya Traffic PS,1.04432e+16,2017,1,1,Not Applicable,Not Applicable,Not Applicable,Open area,Not Applicable,Not Applicable,Not Applicable,Not Applicable,Not Applicable,Not Applicable,City or Town Road,Bitumen(Tar),Dry,Not Applicable,Not Applicable,Magadi main road,Near Janapriya,3 km,0.0,0.0
Bengaluru City,Kamakshipalya Traffic PS,1.04432e+16,2017,1,1,Road Accidents,Narrow road,City/Town,Near Bus stop,Not Applicable,Yes,Simple Injury,Hit and Run,No signal lights,Not Applicable,City or Town Road,Bitumen(Tar),Dry,Not Applicable,Fine,RING ROAD,RING ROAD,2 KM,0.0,0.0
Bengaluru City,Kamakshipalya Traffic PS,1.04432e+16,2017,1,2,Road Accidents,Not Applicable,City/Town,Near a religious place,Human Error,No,Damage Only,Rear end,Not Applicable,Straight and flat,City or Town Road,Bitumen(Tar),Dry,Not Applicable,Fine,Nagarbhavi Flyover Ring Road,Nagarbhavi Flyover Ring Road,4 km,0.0,0.0
Bengaluru City,Kamakshipalya Traffic PS,1.04432e+16,2017,1,1,Road Accidents,Other,City/Town,Residential area,Human Error,No,Grievous Injury,Hit pedestrian,Not at  Junction,Curve,City or Town Road,Bitumen(Tar),Dry,No influence on accident,Fine,ullala main road,Main Road,5 Km,0.0,0.0
Bengaluru City,Kamakshipalya Traffic PS,1.04432e+16,2017,1,2,Road Accidents,Narrow road,City/Town,Near Bus stop,Human Error,No,Grievous Injury,Rear end,Not at  Junction,Straight and flat,City or Town Road,Bitumen(Tar),Dry,No influence on accident,Fine,RINGROAD,OLD RING ROAD,4KM,0.0,0.0
Bengaluru City,Kamakshipalya Traffic PS,1.04432e+16,2017,1,2,Road Accidents,Narrow road,City/Town,Near Petrol Pump,Human Error,No,Simple Injury,Rear end,Not at  Junction,Straight and flat,City or Town Road,Bitumen(Tar),Dry,No influence on accident,Fine,nagarbhavi main road,4km towards south,4km,0.0,0.0
Bengaluru City,Kamakshipalya Traffic PS,1.04432e+16,2017,1,1,Road Accidents,Narrow road,City/Town,Narrow bridge or culverts,Human Error,No,Grievous Injury,Drowned,Not Applicable,Gentle Incline or Climb,City or Town Road,Bitumen(Tar),Dry,No influence on accident,Fine,Ramasandra undraass,nagasandra undrpass,6km,0.0,0.0
Bengaluru City,Kamakshipalya Traffic PS,1.04432e+16,2017,1,1,Road Accidents,Narrow road,City/Town,At pedestrian Crossing,Human Error,No,Fatal,Head on,No signal lights,Straight and flat,City or Town Road,Bitumen(Tar),Dry,No influence on accident,Clear,Old Ring road,near Ambedkar college,4km,0.0,0.0
Bengaluru City,Kamakshipalya Traffic PS,1.04432e+16,2017,1,1,Road Accidents,Narrow road,City/Town,Near School or College,Human Error,Yes,Grievous Injury,Head on,No signal lights,Straight and flat,City or Town Road,Bitumen(Tar),Dry,No influence on accident,Clear,RING ROAD,NAER OKKALIGARU SCHOOL,3 KM,0.0,0.0
Bengaluru City,Kamakshipalya Traffic PS,1.04432e+16,2017,1,1,Road Accidents,Other,City/Town,Near Bus stop,Human Error,Yes,Grievous Injury,Hit pedestrian,Not at  Junction,Straight and flat,City or Town Road,Bitumen(Tar),Dry,No influence on accident,Fine,Magadi Main Road,Bus Stop,3 Km,0.0,0.0
Bengaluru City,Kamakshipalya Traffic PS,1.04432e+16,2017,1,2,Road Accidents,Narrow road,City/Town,Near Petrol Pump,Human Error,Yes,Grievous Injury,Head on,No signal lights,Straight and flat,City or Town Road,Bitumen(Tar),Dry,No influence on accident,Clear,HEGGANAHALLI,Opp Rajendra Polytechnic,3 Km,0.0,0.0
Bengaluru City,Kamakshipalya Traffic PS,1.04432e+16,2017,1,1,Road Accidents,Narrow road,City/Town,Open area,Human Error,No,Grievous Injury,Head on,No signal lights,Straight and flat,City or Town Road,Bitumen(Tar),Dry,No influence on accident,Clear,service road,2km,2km,0.0,0.0
Bengaluru City,Kamakshipalya Traffic PS,1.04432e+16,2017,1,2,Not Applicable,Other,City/Town,Residential area,Human Error,No,Grievous Injury,Hit bicyclist,Not at  Junction,Straight and flat,State Highway,Bitumen(Tar),Dry,No influence on accident,Fine,Magdi Main Road,Near Kaveri Driving School,3 Km,0.0,0.0
Bengaluru City,Kamakshipalya Traffic PS,1.04432e+16,2017,1,1,Road Accidents,Narrow road,City/Town,Residential area,Human Error,Yes,Grievous Injury,Head on,No signal lights,Straight and flat,City or Town Road,Bitumen(Tar),Dry,No influence on accident,Clear,5th main Road,Kamakshipalya,1km,0.0,0.0
Bengaluru City,Kamakshipalya Traffic PS,1.04432e+16,2017,1,1,Road Accidents,Not Applicable,City/Town,Near a religious place,Human Error,No,Simple Injury,Hit pedestrian,Not Applicable,Straight and flat,City or Town Road,Bitumen(Tar),Dry,Not Applicable,Fine,Nagarbhavi Ring Road,Durga Grand Hotel,2 km,0.0,0.0
Bengaluru City,Kamakshipalya Traffic PS,1.04432e+16,2017,1,1,Road Accidents,Other,City/Town,Residential area,Human Error,Yes,Simple Injury,Hit pedestrian,Not Applicable,Straight and flat,City or Town Road,Bitumen(Tar),Dry,Not Applicable,Fine,"11th Main Road, Maruthi Nagar",Maruthi Nagar,1.5 km,0.0,0.0
Bengaluru City,Kamakshipalya Traffic PS,1.04432e+16,2017,1,2,Road Accidents,Narrow road,City/Town,Open area,Human Error,Yes,Fatal,Hit and Run,No signal lights,Not Applicable,City or Town Road,Bitumen(Tar),Dry,No influence on accident,Clear,NAGARBHAVI RING ROAD,NEAR KALAGRAMA,4 KM,0.0,0.0
Bengaluru City,Kamakshipalya Traffic PS,1.04432e+16,2017,1,2,Road Accidents,Narrow road,City/Town,Near School or College,Human Error,No,Grievous Injury,Others,No signal lights,Not Applicable,City or Town Road,Bitumen(Tar),Dry,Not Applicable,Fine,VV ROAD,VV ROAD,4 KM,0.0,0.0
Bengaluru City,Kamakshipalya Traffic PS,1.04432e+16,2017,1,1,Road Accidents,Not Applicable,City/Town,Near Bus stop,Human Error,No,Simple Injury,Hit pedestrian,Not Applicable,Straight and flat,City or Town Road,Bitumen(Tar),Dry,Not Applicable,Fine,Mariyappanapalya Bus Stop Near,Mariyappanapalya Bus Stop Near,5km,0.0,0.0
Bengaluru City,Kamakshipalya Traffic PS,1.04432e+16,2017,1,2,Road Accidents,Narrow road,City/Town,Narrow bridge or culverts,Human Error,No,Simple Injury,Others,Not at  Junction,Curve,City or Town Road,Bitumen(Tar),Dry,Not Applicable,Fine,Magadi main road,Near Veeresh kalyana mantapa,1km,0.0,0.0
Bengaluru City,Kamakshipalya Traffic PS,1.04432e+16,2017,1,1,Road Accidents,Not Applicable,City/Town,Near School or College,Human Error,No,Simple Injury,Hit pedestrian,Not Applicable,Straight and flat,City or Town Road,Bitumen(Tar),Dry,Not Applicable,Fine,Bengaluru Univercity Road,Bengaluru Univercity Road,5 km,0.0,0.0
Bengaluru City,Kamakshipalya Traffic PS,1.04432e+16,2017,1,2,Road Accidents,Cross roads,City/Town,Residential area,Human Error,No,Grievous Injury,Hit pedestrian,Uncontrolled,Curve,City or Town Road,Bitumen(Tar),Dry,Not Applicable,Fine,"4 th D cross, Kamakshipalya",4TH D cross kamakshipalya,1 km,0.0,0.0
Bengaluru City,Kamakshipalya Traffic PS,1.04432e+16,2017,1,1,Road Accidents,Cross roads,City/Town,Near Bus stop,Human Error,No,Grievous Injury,Hit pedestrian,Signal lights Automatic,Straight and flat,City or Town Road,Bitumen(Tar),Dry,No influence on accident,Clear,magadi road,sumanahalli junction,1.5km,0.0,0.0
Bengaluru City,Kamakshipalya Traffic PS,1.04432e+16,2017,1,2,Road Accidents,Narrow road,City/Town,Near Bus stop,Human Error,No,Grievous Injury,Head on,No signal lights,Straight and flat,City or Town Road,Bitumen(Tar),Dry,No influence on accident,Clear,Kalyananagara cross,Nagarabhavi ring road,3 KM,12.968211,77.512784
Bengaluru City,Kamakshipalya Traffic PS,1.04432e+16,2017,1,2,Road Accidents,Bridge,City/Town,Near School or College,Human Error,Yes,Grievous Injury,Hit bicyclist,Not at  Junction,Straight and flat,City or Town Road,Bitumen(Tar),Dry,No influence on accident,Fine,UNIVERSITY MAIN ROAD,university,4 Km,0.0,0.0
Bengaluru City,Kamakshipalya Traffic PS,1.04432e+16,2017,1,1,Road Accidents,Narrow road,City/Town,Near Bus stop,Human Error,No,Grievous Injury,Head on,No signal lights,Straight and flat,City or Town Road,Bitumen(Tar),Dry,No influence on accident,Clear,MAGADI MAIN ROAD,SUNKADAKATTE BUS STOP,3 KM,0.0,0.0
Bengaluru City,Kamakshipalya Traffic PS,1.04432e+16,2017,1,1,Road Accidents,Narrow road,City/Town,Open area,Human Error,Yes,Grievous Injury,Head on,Not at  Junction,Straight and flat,City or Town Road,Bitumen(Tar),Dry,No influence on accident,Clear,thotada road,sannakkibayalu,2km,0.0,0.0
Bengaluru City,Kamakshipalya Traffic PS,1.04432e+16,2017,1,1,Road Accidents,Narrow road,City/Town,Near Bus stop,Human Error,Yes,Grievous Injury,Head on,No signal lights,Straight and flat,City or Town Road,Bitumen(Tar),Dry,No influence on accident,Clear,Old ring road,Near Vokkaligara sangha hostel,2.5km,0.0,0.0
Bengaluru City,Kamakshipalya Traffic PS,1.04432e+16,2017,1,1,Road Accidents,Other,City/Town,Near School or College,Human Error,No,Simple Injury,Hit pedestrian,Not at  Junction,Straight and flat,City or Town Road,Bitumen(Tar),Dry,No influence on accident,Fine,Ring Road,Near School,5 Km,0.0,0.0
Bengaluru City,Kamakshipalya Traffic PS,1.04432e+16,2017,1,1,Road Accidents,Narrow road,City/Town,Near office complex,Human Error,No,Grievous Injury,Others,No signal lights,Straight and flat,City or Town Road,Bitumen(Tar),Dry,No influence on accident,Clear,TENT ROAD,Sunkadakatte,3 Km,0.0,0.0
Bengaluru City,Kamakshipalya Traffic PS,1.04432e+16,2017,1,1,Road Accidents,Narrow road,City/Town,Near School or College,Human Error,Yes,Grievous Injury,Head on,No signal lights,Straight and flat,City or Town Road,Bitumen(Tar),Dry,No influence on accident,Clear,Magadi main road,Near GT eductions,3km,0.0,0.0
Bengaluru City,Kamakshipalya Traffic PS,1.04432e+16,2017,1,2,Road Accidents,Narrow road,City/Town,Near Hospital,Human Error,Yes,Simple Injury,Rear end,No signal lights,Straight and flat,City or Town Road,Bitumen(Tar),Dry,No influence on accident,Clear,Old outer ring road,Sonnenahalli circle,6km,0.0,0.0
Bengaluru City,Kamakshipalya Traffic PS,1.04432e+16,2017,1,2,Road Accidents,Other,City/Town,Near Bus stop,Not Applicable,Yes,Damage Only,Hit and Run,No signal lights,Others,City or Town Road,Bitumen(Tar),Dry,Not Applicable,Fine,SUMANAHALLI,SUMANAHALLI,2KM,0.0,0.0
Bengaluru City,Kamakshipalya Traffic PS,1.04432e+16,2017,1,2,Road Accidents,Circle,City/Town,Near Bus stop,Not Applicable,No,Simple Injury,Not Applicable,Signals (Not working),Others,City or Town Road,Bitumen(Tar),Dry,Not Applicable,Fine,ULLALA CIRCLE,ULLALA,5 KM,0.0,0.0
Bengaluru City,Kamakshipalya Traffic PS,1.04432e+16,2017,1,1,Road Accidents,Cross roads,City/Town,Near Petrol Pump,Human Error,Not Applicable,Damage Only,Skidding or Self accident,Not Applicable,Curve,City or Town Road,Bitumen(Tar),Dry,Not Applicable,Fine,Muddinpalya Main Road,Muddinpalya Main Road,4 km,0.0,0.0
Bengaluru City,Kamakshipalya Traffic PS,1.04432e+16,2017,1,2,Road Accidents,Cross roads,City/Town,Residential area,Human Error,No,Damage Only,Hit parked vehicle,Not Applicable,Straight and flat,City or Town Road,Bitumen(Tar),Dry,Not Applicable,Fine,Khb colony,Khb colony,1 km,0.0,0.0
Bengaluru City,Kamakshipalya Traffic PS,1.04432e+16,2017,1,2,Road Accidents,Curves,City/Town,Narrow bridge or culverts,Human Error,Not Applicable,Grievous Injury,Drowned,Signal lights Automatic,Curve and Incline,City or Town Road,Bitumen(Tar),Dry,No influence on accident,Fine,nagarabhavi ring road,nagarabhavi ring road,2 Km,0.0,0.0
Bengaluru City,Kamakshipalya Traffic PS,1.04432e+16,2017,1,1,Road Accidents,Culvert,City/Town,Narrow bridge or culverts,Human Error,Not Applicable,Grievous Injury,Hit and Run,Give way sign,Curve,City or Town Road,Bitumen(Tar),Dry,No influence on accident,Fine,nagarabhavi ring road,nagarabhavi ring road,4km,0.0,0.0
Bengaluru City,Kamakshipalya Traffic PS,1.04432e+16,2017,1,2,Road Accidents,Bridge,City/Town,Narrow bridge or culverts,Human Error,No,Grievous Injury,Head on,Give way sign,Curve,City or Town Road,Bitumen(Tar),Dry,No influence on accident,Fine,chikkabasti road,chikkabasti road,2 Km,0.0,0.0
Bengaluru City,Kamakshipalya Traffic PS,1.04432e+16,2017,1,1,Road Accidents,Narrow road,City/Town,At pedestrian Crossing,Human Error,No,Grievous Injury,Drowned,No signal lights,Curve,City or Town Road,Bitumen(Tar),Dry,No influence on accident,Fine,dr.siddaiah puranik road,siddaiah puranik road,2.5km,0.0,0.0
Bengaluru City,Kamakshipalya Traffic PS,1.04432e+16,2017,1,3,Road Accidents,Bottleneck,City/Town,At pedestrian Crossing,Human Error,Not Applicable,Damage Only,Hit puchcart,Give way sign,Curve,City or Town Road,Bitumen(Tar),Dry,No influence on accident,Fine,nagarabhavi ring road,nagarabhavi ring road,5 Km,0.0,0.0
Bengaluru City,Kamakshipalya Traffic PS,1.04432e+16,2017,1,2,Road Accidents,Junction,City/Town,Open area,Human Error,Yes,Grievous Injury,Others,Controlled,Not Applicable,Two way,Not Applicable,Not Applicable,Not Applicable,Clear,Sumanahalli Service Road,sumanahalli junction,3 Km,0.0,0.0
Bengaluru City,Kamakshipalya Traffic PS,1.04432e+16,2017,1,1,Road Accidents,Other,City/Town,Residential area,Human Error,No,Simple Injury,Hit pedestrian,Not at  Junction,Straight and flat,City or Town Road,Bitumen(Tar),Dry,No influence on accident,Fine,Srinivas Nagar Road,Manjunath Medical Shop Near,5 Km,0.0,0.0
Bengaluru City,Kamakshipalya Traffic PS,1.04432e+16,2017,1,2,Road Accidents,Narrow road,City/Town,Near Bus stop,Human Error,Yes,Simple Injury,Head on,No signal lights,Straight and flat,City or Town Road,Bitumen(Tar),Dry,No influence on accident,Clear,MAGADI MAIN ROAD,NEAR MED PLUS MEDICAL SHOP,4 KM,0.0,0.0
Bengaluru City,Kamakshipalya Traffic PS,1.04432e+16,2017,1,2,Road Accidents,Narrow road,Villages settlement,Near Bus stop,Human Error,No,Grievous Injury,Head on,No signal lights,Straight and flat,City or Town Road,Bitumen(Tar),Dry,No influence on accident,Clear,ULLALA BRIDGE CIRCLE,NEAR MANGANAHALLI UNDER PSS,5 KM,0.0,0.0
Bengaluru City,Kamakshipalya Traffic PS,1.04432e+16,2017,1,2,Road Accidents,Narrow road,City/Town,Near office complex,Human Error,Yes,Grievous Injury,Head on,No signal lights,Straight and flat,City or Town Road,Bitumen(Tar),Dry,No influence on accident,Clear,Old ring road,Near Anjaneya temple Nagadevanahalli,6KM,0.0,0.0
Bengaluru City,Kamakshipalya Traffic PS,1.04432e+16,2017,1,1,Road Accidents,Narrow road,City/Town,Near Bus stop,Human Error,No,Grievous Injury,Rear end,No signal lights,Straight and flat,City or Town Road,Bitumen(Tar),Dry,No influence on accident,Clear,Sumanahalli ring road,Sumanahalli ring road service road,2 Km,0.0,0.0
Bengaluru City,Kamakshipalya Traffic PS,1.04432e+16,2017,1,2,Road Accidents,Narrow road,City/Town,Near Bus stop,Human Error,Yes,Grievous Injury,Rear end,No signal lights,Straight and flat,City or Town Road,Bitumen(Tar),Dry,No influence on accident,Clear,Magadi main road,Kottigepalya,3 KM,0.0,0.0
Bengaluru City,Kamakshipalya Traffic PS,1.04432e+16,2017,1,2,Road Accidents,Other,City/Town,Near School or College,Human Error,No,Grievous Injury,Hit bicyclist,Not at  Junction,Straight and flat,City or Town Road,Bitumen(Tar),Dry,No influence on accident,Fine,University Road,university,4 Km,0.0,0.0
Bengaluru City,Kamakshipalya Traffic PS,1.04432e+16,2017,1,1,Road Accidents,Narrow road,City/Town,Near Bus stop,Human Error,No,Grievous Injury,Head on,No signal lights,Straight and flat,City or Town Road,Bitumen(Tar),Dry,No influence on accident,Clear,Hegganahalli main road,near mallige hospital,3 Km,0.0,0.0
Bengaluru City,Kamakshipalya Traffic PS,1.04432e+16,2017,1,2,Road Accidents,Junction,City/Town,Narrow bridge or culverts,Human Error,No,Simple Injury,Not Applicable,Uncontrolled,Curve,City or Town Road,Bitumen(Tar),Dry,Not Applicable,Fine,Nagarbhavi service road,Nagarbhavi,4 km,0.0,0.0
Bengaluru City,Kamakshipalya Traffic PS,1.04432e+16,2017,1,2,Road Accidents,Cross roads,City/Town,Near School or College,Human Error,No,Simple Injury,Hit bicyclist,Not Applicable,Curve,City or Town Road,Bitumen(Tar),Dry,Not Applicable,Fine,"4th cross, Ullal",Ullal Main road,5 km,0.0,0.0
Bengaluru City,Kamakshipalya Traffic PS,1.04432e+16,2017,1,1,Road Accidents,Circle,City/Town,Near Bus stop,Human Error,Yes,Grievous Injury,Hit and Run,Signal lights Automatic,Straight and flat,City or Town Road,Bitumen(Tar),Dry,No influence on accident,Fine,NEAR SUMANAHALLI JUNCTION,SUMANAHALLI JUNCTION,2 KM,0.0,0.0
Bengaluru City,Kamakshipalya Traffic PS,1.04432e+16,2017,1,1,Road Accidents,Cross roads,City/Town,In bazaar,Human Error,Not Applicable,Grievous Injury,Drowned,Not at  Junction,Curve,City or Town Road,Bitumen(Tar),Dry,No influence on accident,Fine,sumanahalli junction,sumanahalli junction,2 Km,0.0,0.0
Bengaluru City,Kamakshipalya Traffic PS,1.04432e+16,2017,1,1,Road Accidents,Narrow road,City/Town,Near Bus stop,Human Error,No,Grievous Injury,Skidding or Self accident,No signal lights,Straight and flat,City or Town Road,Bitumen(Tar),Dry,No influence on accident,Clear,Hegganahalli Main road,Near Nilagiri thopu,3 Km,0.0,0.0
Bengaluru City,Kamakshipalya Traffic PS,1.04432e+16,2017,1,5,Road Accidents,Circle,City/Town,Near office complex,Not Applicable,No,Damage Only,Others,No signal lights,Others,City or Town Road,Bitumen(Tar),Dry,Not Applicable,Clear,MAIN ROAD,ANNAPURNESHWARINAGAR,3 KM,0.0,0.0
Bengaluru City,Kamakshipalya Traffic PS,1.04432e+16,2017,1,1,Road Accidents,Cross roads,City/Town,Near Bus stop,Human Error,No,Simple Injury,Hit pedestrian,Not at  Junction,Straight and flat,City or Town Road,Bitumen(Tar),Dry,Not Applicable,Fine,Near Hegganahalli Cross,Near Hegganahalli Cross,3 km,0.0,0.0
Bengaluru City,Kamakshipalya Traffic PS,1.04432e+16,2017,1,2,Road Accidents,Other,City/Town,Near Hospital,Human Error,Yes,Grievous Injury,Hit bicyclist,Not at  Junction,Straight and flat,City or Town Road,Bitumen(Tar),Dry,No influence on accident,Fine,dr.siddaiah puranik road,Main Road,1km,0.0,0.0
Bengaluru City,Kamakshipalya Traffic PS,1.04432e+16,2017,1,1,Road Accidents,Narrow road,City/Town,Near Bus stop,Human Error,No,Grievous Injury,Head on,Not at  Junction,Straight and flat,City or Town Road,Bitumen(Tar),Dry,No influence on accident,Clear,magadi main road,bmtc bus stand near,3km,0.0,0.0
Bengaluru City,Kamakshipalya Traffic PS,1.04432e+16,2017,1,1,Road Accidents,Not Applicable,City/Town,Near Bus stop,Human Error,No,Grievous Injury,Others,Not Applicable,Not Applicable,Not Applicable,Not Applicable,Not Applicable,Not Applicable,Clear,mariyappanapalya Road,Near Bus Stop,4 Km,0.0,0.0
Bengaluru City,Kamakshipalya Traffic PS,1.04432e+16,2017,1,1,Road Accidents,Narrow road,City/Town,Near Bus stop,Human Error,No,Grievous Injury,Skidding or Self accident,No signal lights,Straight and flat,City or Town Road,Bitumen(Tar),Dry,No influence on accident,Clear,MAGADI MAIN ROAD,Near kottigepalya bus stop,3 KM,0.0,0.0
Bengaluru City,Kamakshipalya Traffic PS,1.04432e+16,2017,1,1,Road Accidents,Narrow road,City/Town,Near Bus stop,Human Error,Yes,Grievous Injury,Head on,No signal lights,Straight and flat,City or Town Road,Bitumen(Tar),Dry,No influence on accident,Clear,SUMANAHALLI RING ROAD,NEAR CHAWDESHWARI NAGRA,2 KM,0.0,0.0
Bengaluru City,Kamakshipalya Traffic PS,1.04432e+16,2017,1,2,Road Accidents,Narrow road,City/Town,Near School or College,Human Error,No,Grievous Injury,Rear end,No signal lights,Straight and flat,City or Town Road,Bitumen(Tar),Dry,No influence on accident,Clear,Magadi main road,OKKALIGARA COLLAGE,2.5km,0.0,0.0
Bengaluru City,Kamakshipalya Traffic PS,1.04432e+16,2017,1,1,Road Accidents,Other,City/Town,Near a factory industrial area,Human Error,Yes,Grievous Injury,Hit pedestrian,Not at  Junction,Straight and flat,State Highway,Bitumen(Tar),Dry,No influence on accident,Fine,Magadi main road,Wild Craft Factory,4 Km,0.0,0.0
Bengaluru City,Kamakshipalya Traffic PS,1.04432e+16,2017,1,2,Road Accidents,Narrow road,City/Town,Near Bus stop,Human Error,No,Grievous Injury,Head on,No signal lights,Straight and flat,City or Town Road,Bitumen(Tar),Dry,No influence on accident,Clear,Nagarabhavi ring road,Near BDA complex,3 KM,0.0,0.0