DISTRICTNAME,UNITNAME,Crime_No,Year,RI,Noofvehicle_involved,Accident_Classification,Accident_Spot,Accident_Location,Accident_SubLocation,Main_Cause,Hit_Run,Severity,Collision_Type,Junction_Control,Road_Character,Road_Type,Surface_Type,Surface_Condition,Road_Condition,Weather,Accident_Road,Landmark_first,Distance_LandMark_First,Latitude,Longitude
Bengaluru City,Kamakshipalya Traffic PS,1.04432e+16,2018,1,2,Road Accidents,Cross roads,City/Town,Residential area,Human Error,No,Grievous Injury,Hit bicyclist,Not at  Junction,Straight and flat,City or Town Road,Bitumen(Tar),Dry,No influence on accident,Fine,Asta Gram Layout,Layout,1 Km,0.0,0.0
Bengaluru City,Kamakshipalya Traffic PS,1.04432e+16,2018,1,2,Road Accidents,Other,City/Town,Near office complex,Human Error,No,Grievous Injury,Hit bicyclist,Not at  Junction,Straight and flat,City or Town Road,Bitumen(Tar),Dry,No influence on accident,Fine,Terege Bhavan Road,Terege Bhavan,4 Km,0.0,0.0
Bengaluru City,Kamakshipalya Traffic PS,1.04432e+16,2018,1,1,Road Accidents,Narrow road,City/Town,Near Bus stop,Human Error,No,Grievous Injury,Head on,No signal lights,Straight and flat,City or Town Road,Bitumen(Tar),Dry,No influence on accident,Clear,Nagarbhavi ring road,deepa complex,4km,0.0,0.0
Bengaluru City,Kamakshipalya Traffic PS,1.04432e+16,2018,1,2,Road Accidents,Other,City/Town,Open area,Human Error,Yes,Grievous Injury,Hit bicyclist,Not at  Junction,Straight and flat,City or Town Road,Bitumen(Tar),Dry,No influence on accident,Fine,Main Road,Ullal,5 Km,0.0,0.0
Bengaluru City,Kamakshipalya Traffic PS,1.04432e+16,2018,1,2,Road Accidents,Narrow road,City/Town,Open area,Human Error,No,Simple Injury,Rear end,No signal lights,Straight and flat,City or Town Road,Bitumen(Tar),Dry,No influence on accident,Clear,Amma Ashrama Road,Near Drinage,7km,0.0,0.0
Bengaluru City,Kamakshipalya Traffic PS,1.04432e+16,2018,1,1,Road Accidents,Narrow road,City/Town,Open area,Human Error,No,Grievous Injury,Head on,No signal lights,Straight and flat,City or Town Road,Bitumen(Tar),Dry,No influence on accident,Clear,ring road,sumnahalli flyover,2km,0.0,0.0
Bengaluru City,Kamakshipalya Traffic PS,1.04432e+16,2018,1,3,Road Accidents,Other,City/Town,Near School or College,Human Error,No,Grievous Injury,Hit bicyclist,Not at  Junction,Straight and flat,City or Town Road,Bitumen(Tar),Dry,No influence on accident,Fine,University Road,Near University,4 Km,0.0,0.0
Bengaluru City,Kamakshipalya Traffic PS,1.04432e+16,2018,1,1,Road Accidents,Narrow road,City/Town,Residential area,Human Error,Yes,Grievous Injury,Head on,No signal lights,Straight and flat,City or Town Road,Bitumen(Tar),Dry,No influence on accident,Clear,8th Main Road,Infront of House No 22,1Km,0.0,0.0
Bengaluru City,Kamakshipalya Traffic PS,1.04432e+16,2018,1,1,Road Accidents,Narrow road,City/Town,Open area,Human Error,No,Fatal,Head on,No signal lights,Straight and flat,City or Town Road,Bitumen(Tar),Dry,No influence on accident,Clear,Magadi Main Road,Opp Balaji Wains Store,3.5km,0.0,0.0
Bengaluru City,Kamakshipalya Traffic PS,1.04432e+16,2018,1,1,Road Accidents,Other,City/Town,Open area,Human Error,No,Simple Injury,Others,Not at  Junction,Straight and flat,City or Town Road,Bitumen(Tar),Dry,No influence on accident,Fine,Pipelane Road,Near Ganapathi Temple,3 Km,0.0,0.0
Bengaluru City,Kamakshipalya Traffic PS,1.04432e+16,2018,1,1,Road Accidents,Narrow road,City/Town,Near School or College,Human Error,No,Simple Injury,Rear end,No signal lights,Straight and flat,City or Town Road,Bitumen(Tar),Dry,No influence on accident,Clear,Bengaluru University Road,Near Gandhi Bhavana,5 Km,0.0,0.0
Bengaluru City,Kamakshipalya Traffic PS,1.04432e+16,2018,1,2,Road Accidents,Narrow road,City/Town,Near School or College,Human Error,No,Grievous Injury,Head on,No signal lights,Straight and flat,City or Town Road,Bitumen(Tar),Dry,No influence on accident,Clear,Bengaluru University Road,Near Administrative Building,4 Km,0.0,0.0
Bengaluru City,Kamakshipalya Traffic PS,1.04432e+16,2018,1,1,Road Accidents,Narrow road,City/Town,Near office complex,Human Error,Yes,Grievous Injury,Hit pedestrian,Not Applicable,Straight and flat,City or Town Road,Bitumen(Tar),Dry,No influence on accident,Clear,hegganahalli main road,mohan talkies,3km,0.0,0.0
Bengaluru City,Kamakshipalya Traffic PS,1.04432e+16,2018,1,1,Road Accidents,Other,City/Town,Open area,Human Error,No,Fatal,Hit pedestrian,Not at  Junction,Straight and flat,Two way,Bitumen(Tar),Dry,No influence on accident,Fine,Old Ring road,Near Club,3 Km,0.0,0.0
Bengaluru City,Kamakshipalya Traffic PS,1.04432e+16,2018,1,2,Road Accidents,Narrow road,City/Town,Near office complex,Human Error,No,Grievous Injury,Head on,No signal lights,Straight and flat,City or Town Road,Bitumen(Tar),Dry,No influence on accident,Clear,MUddinapalya main road,4km southwest,4km,0.0,0.0
Bengaluru City,Kamakshipalya Traffic PS,1.04432e+16,2018,1,1,Road Accidents,Other,City/Town,Residential area,Human Error,Yes,Grievous Injury,Rear end,Uncontrolled,Straight and flat,City or Town Road,Bitumen(Tar),Dry,No influence on accident,Clear,Nisarga road,muneshwara layout,3km,0.0,0.0
Bengaluru City,Kamakshipalya Traffic PS,1.04432e+16,2018,1,2,Road Accidents,Narrow road,City/Town,Residential area,Human Error,No,Grievous Injury,Head on,No signal lights,Straight and flat,City or Town Road,Bitumen(Tar),Dry,No influence on accident,Clear,6th Main,sri lakshmi store,1km,0.0,0.0
Bengaluru City,Kamakshipalya Traffic PS,1.04432e+16,2018,1,1,Road Accidents,Narrow road,City/Town,Near Bus stop,Human Error,No,Grievous Injury,Others,No signal lights,Straight and flat,City or Town Road,Bitumen(Tar),Dry,No influence on accident,Clear,Manganahalli Main Road,Near Oxford college,6km,0.0,0.0
Bengaluru City,Kamakshipalya Traffic PS,1.04432e+16,2018,1,1,Road Accidents,Cross roads,City/Town,Residential area,Human Error,No,Simple Injury,Hit pedestrian,Not at  Junction,Straight and flat,City or Town Road,Bitumen(Tar),Dry,No influence on accident,Fine,2nd Cross,Near Veerbhadreshwar Provision Store,2 Km,0.0,0.0
Bengaluru City,Kamakshipalya Traffic PS,1.04432e+16,2018,1,2,Road Accidents,Cross roads,City/Town,Near a factory industrial area,Human Error,Yes,Simple Injury,Hit and Run,Not at  Junction,Straight and flat,City or Town Road,Bitumen(Tar),Dry,No influence on accident,Fine,Tent Road,Near Anita Bakery,3 Km,0.0,0.0
Bengaluru City,Kamakshipalya Traffic PS,1.04432e+16,2018,1,2,Road Accidents,Narrow road,City/Town,Near Petrol Pump,Human Error,No,Grievous Injury,Rear end,No signal lights,Straight and flat,City or Town Road,Bitumen(Tar),Dry,No influence on accident,Clear,Old Ring Road,Near Mariyappanapalya,7Km,0.0,0.0
Bengaluru City,Kamakshipalya Traffic PS,1.04432e+16,2018,1,2,Road Accidents,More than four arms,City/Town,Open area,Human Error,No,Simple Injury,Rear end,Not at  Junction,Straight and flat,Two way,Bitumen(Tar),Dry,No influence on accident,Fine,Ring Road,Two Way,3 Km,0.0,0.0
Bengaluru City,Kamakshipalya Traffic PS,1.04432e+16,2018,1,1,Road Accidents,Narrow road,City/Town,Near Bus stop,Human Error,Yes,Grievous Injury,Head on,No signal lights,Straight and flat,City or Town Road,Bitumen(Tar),Dry,No influence on accident,Clear,hegganahalli main road,Near Matha family restaurant,4km,0.0,0.0
Bengaluru City,Kamakshipalya Traffic PS,1.04432e+16,2018,1,2,Road Accidents,Other,City/Town,Near Hospital,Human Error,Yes,Grievous Injury,Hit bicyclist,Not at  Junction,Straight and flat,City or Town Road,Bitumen(Tar),Dry,No influence on accident,Fine,Old ring Road,Hospital Near,4 Km,0.0,0.0
Bengaluru City,Kamakshipalya Traffic PS,1.04432e+16,2018,1,1,Road Accidents,Other,City/Town,Near Bus stop,Human Error,No,Grievous Injury,Hit pedestrian,Not at  Junction,Straight and flat,Two way,Bitumen(Tar),Dry,No influence on accident,Fine,Old Ring Road,Bus Stop,5 Km,0.0,0.0
Bengaluru City,Kamakshipalya Traffic PS,1.04432e+16,2018,1,1,Road Accidents,Other,City/Town,Near a religious place,Human Error,No,Grievous Injury,Hit pedestrian,Not at  Junction,Straight and flat,Service Road,Bitumen(Tar),Dry,No influence on accident,Fine,Outer Ring Road,Ring Road,4 Km,0.0,0.0
Bengaluru City,Kamakshipalya Traffic PS,1.04432e+16,2018,1,2,Road Accidents,Other,City/Town,Open area,Human Error,Yes,Grievous Injury,Hit bicyclist,Not at  Junction,Straight and flat,City or Town Road,Bitumen(Tar),Dry,No influence on accident,Fine,Manganahalli,Dodd Basti Circle,5 Km,0.0,0.0
Bengaluru City,Kamakshipalya Traffic PS,1.04432e+16,2018,1,2,Road Accidents,Other,City/Town,Near School or College,Human Error,No,Grievous Injury,Hit bicyclist,Not at  Junction,Straight and flat,City or Town Road,Bitumen(Tar),Dry,No influence on accident,Fine,Ullal Main Road,Near Sarojamma Memorial School,5 Km,0.0,0.0
Bengaluru City,Kamakshipalya Traffic PS,1.04432e+16,2018,1,2,Road Accidents,Other,City/Town,Residential area,Human Error,No,Grievous Injury,Hit bicyclist,No signal lights,Straight and flat,Two way,Bitumen(Tar),Dry,No influence on accident,Fine,Old Ring Road,Near Ammaashram Arch,6 km,0.0,0.0
Bengaluru City,Kamakshipalya Traffic PS,1.04432e+16,2018,1,2,Road Accidents,Narrow road,City/Town,Open area,Human Error,No,Simple Injury,Rear end,No signal lights,Straight and flat,City or Town Road,Bitumen(Tar),Dry,No influence on accident,Clear,Sumanahalli Ring Road,Near Sumanahalli Bridge,1km,0.0,0.0
Bengaluru City,Kamakshipalya Traffic PS,1.04432e+16,2018,1,1,Road Accidents,Narrow road,City/Town,Near a factory industrial area,Human Error,No,Grievous Injury,Head on,No signal lights,Straight and flat,City or Town Road,Bitumen(Tar),Dry,No influence on accident,Clear,"Ramamandira Road, Kavaripura",Near Manjunatha Bekary,1km,0.0,0.0
Bengaluru City,Kamakshipalya Traffic PS,1.04432e+16,2018,1,2,Road Accidents,Narrow road,City/Town,Near School or College,Human Error,No,Grievous Injury,Head on,No signal lights,Straight and flat,City or Town Road,Bitumen(Tar),Dry,No influence on accident,Clear,Nagarabhavi 2nd stage Therigebhavana road,Near sofiya school,4km,0.0,0.0
Bengaluru City,Kamakshipalya Traffic PS,1.04432e+16,2018,1,2,Road Accidents,More than four arms,City/Town,Near Hospital,Human Error,No,Grievous Injury,Rear end,Not at  Junction,Straight and flat,State Highway,Bitumen(Tar),Dry,No influence on accident,Fine,Magadi Main Road,State Highway,3 Km,0.0,0.0
Bengaluru City,Kamakshipalya Traffic PS,1.04432e+16,2018,1,3,Road Accidents,Junction,City/Town,Open area,Human Error,No,Damage Only,Rear end,Signal lights Automatic,Straight and flat,City or Town Road,Bitumen(Tar),Dry,No influence on accident,Clear,Magadi main road,srigandhadakavalu junction,2.5km,0.0,0.0
Bengaluru City,Kamakshipalya Traffic PS,1.04432e+16,2018,1,1,Road Accidents,Junction,City/Town,Near Bus stop,Human Error,Yes,Grievous Injury,Head on,Signal lights Automatic,Straight and flat,City or Town Road,Bitumen(Tar),Dry,No influence on accident,Clear,Magadi main road,sumanahalli,2km,0.0,0.0
Bengaluru City,Kamakshipalya Traffic PS,1.04432e+16,2018,1,2,Road Accidents,Narrow road,City/Town,Near School or College,Human Error,Yes,Simple Injury,Head on,No signal lights,Straight and flat,City or Town Road,Bitumen(Tar),Dry,No influence on accident,Clear,Bengaluru University Road,Near Architechral Building,6 Km,0.0,0.0
Bengaluru City,Kamakshipalya Traffic PS,1.04432e+16,2018,1,2,Road Accidents,Narrow road,City/Town,Near office complex,Human Error,Yes,Grievous Injury,Rear end,Not at  Junction,Straight and flat,City or Town Road,Bitumen(Tar),Dry,No influence on accident,Clear,Dr.Siddaiah Puranik road,havanur circle,1km,0.0,0.0
Bengaluru City,Kamakshipalya Traffic PS,1.04432e+16,2018,1,2,Road Accidents,Other,City/Town,Near School or College,Human Error,No,Grievous Injury,Hit bicyclist,Not at  Junction,Straight and flat,City or Town Road,Bitumen(Tar),Dry,No influence on accident,Fine,Railway Layout,Railway Layout,5 Km,0.0,0.0
Bengaluru City,Kamakshipalya Traffic PS,1.04432e+16,2018,1,2,Road Accidents,Other,City/Town,Open area,Human Error,Yes,Grievous Injury,Hit bicyclist,Not at  Junction,Straight and flat,Two way,Bitumen(Tar),Dry,No influence on accident,Fine,Outer Ring Road,Near Mahadeshwara Temple,3 Km,0.0,0.0
Bengaluru City,Kamakshipalya Traffic PS,1.04432e+16,2018,1,1,Road Accidents,Narrow road,City/Town,Open area,Human Error,No,Grievous Injury,Head on,No signal lights,Straight and flat,City or Town Road,Bitumen(Tar),Dry,No influence on accident,Clear,Sumanahalli ring Road Service Road,Sumanahalli Junction,2 Km,0.0,0.0
Bengaluru City,Kamakshipalya Traffic PS,1.04432e+16,2018,1,1,Road Accidents,Narrow road,City/Town,Open area,Human Error,No,Simple Injury,Head on,No signal lights,Straight and flat,City or Town Road,Bitumen(Tar),Dry,No influence on accident,Clear,Old Ring road,Near RK wains,5 Km,0.0,0.0
Bengaluru City,Kamakshipalya Traffic PS,1.04432e+16,2018,1,2,Road Accidents,Other,City/Town,Near Bus stop,Human Error,No,Grievous Injury,Hit bicyclist,Not at  Junction,Straight and flat,Two way,Bitumen(Tar),Dry,No influence on accident,Fine,Sumanahalli ring Road,Chowdeshwari Bus Stop,2 Km,0.0,0.0
Bengaluru City,Kamakshipalya Traffic PS,1.04432e+16,2018,1,1,Road Accidents,Narrow road,City/Town,Near School or College,Human Error,No,Grievous Injury,Skidding or Self accident,No signal lights,Others,City or Town Road,Bitumen(Tar),Dry,No influence on accident,Clear,Vigeneshwaranagar main road,Near Arunodaya school,3km,0.0,0.0
Bengaluru City,Kamakshipalya Traffic PS,1.04432e+16,2018,1,1,Road Accidents,Narrow road,City/Town,Open area,Human Error,No,Grievous Injury,Hit pedestrian,No signal lights,Straight and flat,City or Town Road,Bitumen(Tar),Dry,No influence on accident,Clear,service road,malagala underpass,2km,0.0,0.0
Bengaluru City,Kamakshipalya Traffic PS,1.04432e+16,2018,1,2,Road Accidents,Narrow road,City/Town,In bazaar,Human Error,No,Grievous Injury,Head on,No signal lights,Straight and flat,City or Town Road,Bitumen(Tar),Dry,No influence on accident,Clear,Magadi main road,Near Navarathana Bar,1Km,0.0,0.0
Bengaluru City,Kamakshipalya Traffic PS,1.04432e+16,2018,1,1,Road Accidents,Other,City/Town,Near Bus stop,Human Error,No,Grievous Injury,Hit pedestrian,Not at  Junction,Straight and flat,City or Town Road,Bitumen(Tar),Dry,No influence on accident,Fine,Old Ring Road,Bus Stop,5 Km,0.0,0.0
Bengaluru City,Kamakshipalya Traffic PS,1.04432e+16,2018,1,1,Road Accidents,Narrow road,City/Town,Open area,Human Error,No,Fatal,Hit pedestrian,Not at  Junction,Straight and flat,Two way,Bitumen(Tar),Dry,No influence on accident,Fine,Ring Road,Near Malagal Under Pass,4 Km,0.0,0.0
Bengaluru City,Kamakshipalya Traffic PS,1.04432e+16,2018,1,1,Road Accidents,Other,City/Town,Near School or College,Human Error,No,Grievous Injury,Others,Police / Manual,Straight and flat,City or Town Road,Bitumen(Tar),Dry,No influence on accident,Fine,University Road,Gate,5 Km,0.0,0.0
Bengaluru City,Kamakshipalya Traffic PS,1.04432e+16,2018,1,1,Road Accidents,Other,City/Town,Near Hospital,Human Error,Yes,Grievous Injury,Head on,Uncontrolled,Straight and flat,City or Town Road,Bitumen(Tar),Dry,No influence on accident,Clear,service road,vijaya Nethralaya,3km,0.0,0.0
Bengaluru City,Kamakshipalya Traffic PS,1.04432e+16,2018,1,2,Road Accidents,Narrow road,City/Town,Residential area,Human Error,No,Grievous Injury,Head on,No signal lights,Others,City or Town Road,Bitumen(Tar),Dry,No influence on accident,Clear,ullala main road,5km towards north,5km,0.0,0.0
Bengaluru City,Kamakshipalya Traffic PS,1.04432e+16,2018,1,1,Road Accidents,Narrow road,City/Town,Near office complex,Human Error,Yes,Grievous Injury,Head on,No signal lights,Straight and flat,City or Town Road,Bitumen(Tar),Dry,No influence on accident,Clear,Nagarabhavi Ring Road,Near BDA Complex,2.5km,0.0,0.0
Bengaluru City,Kamakshipalya Traffic PS,1.04432e+16,2018,1,2,Road Accidents,Narrow road,City/Town,Residential area,Human Error,Yes,Grievous Injury,Hit and Run,Not at  Junction,Straight and flat,Others,Bitumen(Tar),Dry,No influence on accident,Clear,malagala,suzuki showroom,2km,0.0,0.0
Bengaluru City,Kamakshipalya Traffic PS,1.04432e+16,2018,1,2,Road Accidents,Narrow road,City/Town,Near office complex,Human Error,No,Grievous Injury,Rear end,Not at  Junction,Straight and flat,City or Town Road,Bitumen(Tar),Dry,No influence on accident,Clear,Old ring road,Near Chowdeshwari Hotel,2km,0.0,0.0
Bengaluru City,Kamakshipalya Traffic PS,1.04432e+16,2018,1,2,Road Accidents,Other,City/Town,Near Petrol Pump,Human Error,No,Grievous Injury,Hit pedestrian,Not at  Junction,Straight and flat,City or Town Road,Bitumen(Tar),Dry,No influence on accident,Fine,Muddinapalay Main Road,Near Petrol Bunk,4 Km,0.0,0.0
Bengaluru City,Kamakshipalya Traffic PS,1.04432e+16,2018,1,1,Road Accidents,Narrow road,City/Town,Near Bus stop,Human Error,No,Grievous Injury,Head on,No signal lights,Straight and flat,City or Town Road,Bitumen(Tar),Dry,No influence on accident,Clear,Magadi Main Road,Near BMTC bus stop Sunkadakatte,3km,0.0,0.0
Bengaluru City,Kamakshipalya Traffic PS,1.04432e+16,2018,1,2,Road Accidents,Narrow road,City/Town,Open area,Human Error,No,Grievous Injury,Rear end,No signal lights,Straight and flat,City or Town Road,Bitumen(Tar),Dry,No influence on accident,Clear,Therige Bhavana Road,Near Terege Bhavana,4 Km,0.0,0.0
Bengaluru City,Kamakshipalya Traffic PS,1.04432e+16,2018,1,2,Road Accidents,Bridge,City/Town,Open area,Human Error,No,Damage Only,Rear end,No signal lights,Straight and flat,City or Town Road,Bitumen(Tar),Dry,No influence on accident,Clear,Nagarabhavi Outer Ring Road,Near Terege Bhava Under Pass,3 Km,0.0,0.0
Bengaluru City,Kamakshipalya Traffic PS,1.04432e+16,2018,1,1,Road Accidents,Narrow road,City/Town,Residential area,Human Error,No,Fatal,Rear end,No signal lights,Straight and flat,City or Town Road,Bitumen(Tar),Dry,No influence on accident,Clear,"6th Main Road, KHB Colony",Near 4th Cross,0.5km,0.0,0.0
Bengaluru City,Kamakshipalya Traffic PS,1.04432e+16,2018,1,2,Road Accidents,Narrow road,City/Town,Near Bus stop,Human Error,Yes,Fatal,Head on,No signal lights,Straight and flat,City or Town Road,Bitumen(Tar),Dry,No influence on accident,Clear,Ullala road,ullala road,6km,0.0,0.0
Bengaluru City,Kamakshipalya Traffic PS,1.04432e+16,2018,1,1,Road Accidents,Narrow road,City/Town,Open area,Human Error,No,Grievous Injury,Head on,No signal lights,Straight and flat,City or Town Road,Bitumen(Tar),Dry,No influence on accident,Clear,Tent road,Near car garauge,4km,0.0,0.0
Bengaluru City,Kamakshipalya Traffic PS,1.04432e+16,2018,1,2,Road Accidents,Narrow road,City/Town,Near office complex,Human Error,No,Grievous Injury,Hit bicyclist,Not at  Junction,Others,Service Road,Bitumen(Tar),Dry,No influence on accident,Fine,Service Road,Near Terege Bhavan,3 Km,0.0,0.0
Bengaluru City,Kamakshipalya Traffic PS,1.04432e+16,2018,1,2,Road Accidents,More than four arms,City/Town,Open area,Human Error,No,Grievous Injury,Rear end,Not at  Junction,Straight and flat,Two way,Bitumen(Tar),Dry,No influence on accident,Fine,Flyover Ring Road,Ring Road,3 Km,0.0,0.0
Bengaluru City,Kamakshipalya Traffic PS,1.04432e+16,2018,1,1,Road Accidents,Curves,City/Town,Near Bus stop,Human Error,No,Grievous Injury,Drowned,Not at  Junction,Curve,City or Town Road,Bitumen(Tar),Dry,No influence on accident,Fine,Old Ring Road,Near Bus Stop,5 Km,0.0,0.0
Bengaluru City,Kamakshipalya Traffic PS,1.04432e+16,2018,1,2,Road Accidents,Narrow road,City/Town,Residential area,Human Error,Yes,Grievous Injury,Head on,No signal lights,Straight and flat,City or Town Road,Bitumen(Tar),Dry,No influence on accident,Clear,health layout,health layout,3km,0.0,0.0
Bengaluru City,Kamakshipalya Traffic PS,1.04432e+16,2018,1,1,Road Accidents,Narrow road,City/Town,Residential area,Human Error,Yes,Grievous Injury,Head on,No signal lights,Not Applicable,City or Town Road,Bitumen(Tar),Dry,No influence on accident,Clear,1st main,kamakshipalya,1km,0.0,0.0
Bengaluru City,Kamakshipalya Traffic PS,1.04432e+16,2018,1,1,Road Accidents,Cross roads,City/Town,Residential area,Human Error,Yes,Grievous Injury,Hit pedestrian,Not at  Junction,Straight and flat,City or Town Road,Bitumen(Tar),Dry,No influence on accident,Fine,Kebbehall Road,Road,4 Km,0.0,0.0
Bengaluru City,Kamakshipalya Traffic PS,1.04432e+16,2018,1,2,Road Accidents,Junction,City/Town,Residential area,Human Error,No,Grievous Injury,Rear end,No signal lights,Straight and flat,City or Town Road,Bitumen(Tar),Dry,No influence on accident,Clear,11th main,Nagarbhavi,4km,0.0,0.0
Bengaluru City,Kamakshipalya Traffic PS,1.04432e+16,2018,1,2,Road Accidents,Narrow road,City/Town,Near Hospital,Human Error,No,Grievous Injury,Rear end,No signal lights,Straight and flat,City or Town Road,Bitumen(Tar),Dry,No influence on accident,Clear,Nagarbhavi main road,sunshine bar near,4km,0.0,0.0
Bengaluru City,Kamakshipalya Traffic PS,1.04432e+16,2018,1,2,Road Accidents,Narrow road,City/Town,Near Bus stop,Human Error,Yes,Grievous Injury,Rear end,No signal lights,Straight and flat,City or Town Road,Bitumen(Tar),Dry,No influence on accident,Clear,Magadi Main Road,Near Muttut Finance,3km,0.0,0.0
Bengaluru City,Kamakshipalya Traffic PS,1.04432e+16,2018,1,2,Road Accidents,Bridge,City/Town,Narrow bridge or culverts,Human Error,No,Simple Injury,Rear end,No signal lights,Straight and flat,City or Town Road,Bitumen(Tar),Dry,No influence on accident,Clear,service road,Nammura Thindi Hotel,4km,0.0,0.0
Bengaluru City,Kamakshipalya Traffic PS,1.04432e+16,2018,1,2,Road Accidents,Other,City/Town,Open area,Human Error,No,Grievous Injury,Hit bicyclist,Not at  Junction,Straight and flat,City or Town Road,Bitumen(Tar),Dry,No influence on accident,Fine,9th Main Road,9th Main Road,5 Km,0.0,0.0
Bengaluru City,Kamakshipalya Traffic PS,1.04432e+16,2018,1,1,Road Accidents,Narrow road,City/Town,Residential area,Human Error,Yes,Grievous Injury,Head on,No signal lights,Straight and flat,City or Town Road,Bitumen(Tar),Dry,No influence on accident,Clear,Ullal Main Road,Near Jenugudu Apartment,6 Km,0.0,0.0
Bengaluru City,Kamakshipalya Traffic PS,1.04432e+16,2018,1,1,Road Accidents,Narrow road,City/Town,Near office complex,Human Error,No,Grievous Injury,Others,No signal lights,Straight and flat,City or Town Road,Bitumen(Tar),Dry,No influence on accident,Clear,Tent road,Kenchamma Narayanappa choutry,3km,0.0,0.0
Bengaluru City,Kamakshipalya Traffic PS,1.04432e+16,2018,1,1,Road Accidents,Junction,City/Town,Near Bus stop,Human Error,No,Grievous Injury,Head on,Signal lights Automatic,Straight and flat,City or Town Road,Bitumen(Tar),Dry,No influence on accident,Clear,Sumanahalli,sumanahali bus stop,2km,0.0,0.0
Bengaluru City,Kamakshipalya Traffic PS,1.04432e+16,2018,1,2,Road Accidents,Narrow road,City/Town,Residential area,Human Error,Yes,Grievous Injury,Hit and Run,No signal lights,Straight and flat,City or Town Road,Bitumen(Tar),Dry,No influence on accident,Clear,kebbehalla main road,20th cross,3km,0.0,0.0
Bengaluru City,Kamakshipalya Traffic PS,1.04432e+16,2018,1,2,Road Accidents,Narrow road,City/Town,Residential area,Human Error,Yes,Grievous Injury,Head on,No signal lights,Straight and flat,City or Town Road,Bitumen(Tar),Dry,No influence on accident,Clear,BDA 60ft Road Jnanajyothi Nagara,Near JnanaGanapathi Temple,6 Km,0.0,0.0
Bengaluru City,Kamakshipalya Traffic PS,1.04432e+16,2018,1,2,Road Accidents,Other,City/Town,Open area,Human Error,No,Simple Injury,Head on,No signal lights,Straight and flat,City or Town Road,Bitumen(Tar),Dry,No influence on accident,Fine,Ullal Basti Raod,Ullal Basti Circle,6 Km,0.0,0.0
Bengaluru City,Kamakshipalya Traffic PS,1.04432e+16,2018,1,2,Road Accidents,Narrow road,City/Town,Near a factory industrial area,Human Error,Yes,Simple Injury,Head on,No signal lights,Straight and flat,City or Town Road,Bitumen(Tar),Dry,No influence on accident,Clear,Rama Mandira Road,Near Aladamara,1.5 Km,0.0,0.0
Bengaluru City,Kamakshipalya Traffic PS,1.04432e+16,2018,1,3,Road Accidents,Narrow road,City/Town,Residential area,Human Error,No,Damage Only,Head on,No signal lights,Straight and flat,City or Town Road,Bitumen(Tar),Dry,No influence on accident,Clear,31st cross,D group layout,3km,0.0,0.0
Bengaluru City,Kamakshipalya Traffic PS,1.04432e+16,2018,1,1,Road Accidents,Narrow road,City/Town,Near Hospital,Human Error,Yes,Grievous Injury,Head on,Not at  Junction,Straight and flat,City or Town Road,Bitumen(Tar),Dry,No influence on accident,Clear,Magadi main road,Sunkadakatte,3km,0.0,0.0
Bengaluru City,Kamakshipalya Traffic PS,1.04432e+16,2018,1,1,Road Accidents,Other,City/Town,Open area,Human Error,No,Grievous Injury,Skidding or Self accident,Not at  Junction,Straight and flat,City or Town Road,Bitumen(Tar),Dry,No influence on accident,Fine,Nagarabhavi Ring Road,Ring road,4 Km,0.0,0.0
Bengaluru City,Kamakshipalya Traffic PS,1.04432e+16,2018,1,1,Road Accidents,Narrow road,City/Town,Residential area,Human Error,No,Grievous Injury,Head on,No signal lights,Straight and flat,City or Town Road,Bitumen(Tar),Dry,No influence on accident,Clear,Srinivasanagara Main Road,Near Sadana Mobile Shop,3KM,0.0,0.0