DISTRICTNAME,UNITNAME,Crime_No,Year,RI,Noofvehicle_involved,Accident_Classification,Accident_Spot,Accident_Location,Accident_SubLocation,Main_Cause,Hit_Run,Severity,Collision_Type,Junction_Control,Road_Character,Road_Type,Surface_Type,Surface_Condition,Road_Condition,Weather,Accident_Road,Landmark_first,Distance_LandMark_First,Latitude,Longitude
Bengaluru City,Kamakshipalya Traffic PS,1.04432e+16,2018,1,2,Road Accidents,Other,City/Town,Residential area,Human Error,No,Fatal,Hit bicyclist,Not at  Junction,Straight and flat,Two way,Bitumen(Tar),Dry,No influence on accident,Fine,Old Ring Road,Near Nanjundeshwar Traders,7 Km,0.0,0.0
Bengaluru City,Kamakshipalya Traffic PS,1.04432e+16,2018,1,2,Road Accidents,Other,City/Town,Residential area,Human Error,No,Grievous Injury,Hit bicyclist,Not at  Junction,Straight and flat,City or Town Road,Bitumen(Tar),Dry,No influence on accident,Fine,Hegganahalli Main Road,Near Nilagiri Thopu Bus Stop,3 Km,0.0,0.0
Bengaluru City,Kamakshipalya Traffic PS,1.04432e+16,2018,1,2,Road Accidents,Other,City/Town,Residential area,Human Error,No,Grievous Injury,Hit bicyclist,Not at  Junction,Straight and flat,City or Town Road,Bitumen(Tar),Dry,No influence on accident,Fine,Ullal Main Road,Mian Road,5 Km,0.0,0.0
Bengaluru City,Kamakshipalya Traffic PS,1.04432e+16,2018,1,4,Road Accidents,Junction,City/Town,Near Bus stop,Human Error,No,Damage Only,Rear end,Signal lights Automatic,Straight and flat,City or Town Road,Bitumen(Tar),Dry,No influence on accident,Clear,Magadi main road,susmanahalli,2km,0.0,0.0
Bengaluru City,Kamakshipalya Traffic PS,1.04432e+16,2018,1,2,Road Accidents,Other,City/Town,Open area,Human Error,Yes,Grievous Injury,Hit bicyclist,Not at  Junction,Straight and flat,City or Town Road,Bitumen(Tar),Dry,No influence on accident,Fine,Ring Road,Ring road,3 Km,0.0,0.0
Bengaluru City,Kamakshipalya Traffic PS,1.04432e+16,2018,1,2,Road Accidents,Other,City/Town,Open area,Human Error,No,Grievous Injury,Hit bicyclist,Not at  Junction,Straight and flat,City or Town Road,Bitumen(Tar),Dry,No influence on accident,Fine,Magadi Main Road,Main Road,3 Km,0.0,0.0
Bengaluru City,Kamakshipalya Traffic PS,1.04432e+16,2018,1,2,Road Accidents,Cross roads,City/Town,Near Hospital,Human Error,No,Grievous Injury,Head on,No signal lights,Straight and flat,City or Town Road,Bitumen(Tar),Dry,No influence on accident,Clear,service road,nagarbhavi underpass,4km,0.0,0.0
Bengaluru City,Kamakshipalya Traffic PS,1.04432e+16,2018,1,1,Road Accidents,Narrow road,City/Town,Residential area,Human Error,No,Grievous Injury,Head on,No signal lights,Straight and flat,City or Town Road,Bitumen(Tar),Dry,No influence on accident,Clear,SONNENAHALLI ROAD,MARUTHINAGAR,7KM,0.0,0.0
Bengaluru City,Kamakshipalya Traffic PS,1.04432e+16,2018,1,2,Road Accidents,Narrow road,City/Town,Residential area,Human Error,No,Grievous Injury,Head on,No signal lights,Straight and flat,Residential Street,Bitumen(Tar),Dry,No influence on accident,Clear,10th Main Road,Near Sri Anjaneyaswamy wood works,4Km,0.0,0.0
Bengaluru City,Kamakshipalya Traffic PS,1.04432e+16,2018,1,2,Road Accidents,Narrow road,City/Town,Open area,Human Error,No,Grievous Injury,Rear end,No signal lights,Straight and flat,City or Town Road,Bitumen(Tar),Dry,No influence on accident,Clear,Nagarbhavi ring road,Near Deepashree Hospital,2km,0.0,0.0
Bengaluru City,Kamakshipalya Traffic PS,1.04432e+16,2018,1,2,Road Accidents,Other,City/Town,Residential area,Human Error,No,Grievous Injury,Hit bicyclist,Not at  Junction,Straight and flat,State Highway,Bitumen(Tar),Dry,No influence on accident,Fine,Magadi Main Road,Near Durgashri Grand Hotel,3 km,0.0,0.0
Bengaluru City,Kamakshipalya Traffic PS,1.04432e+16,2018,1,2,Road Accidents,T Junction,City/Town,Near office complex,Human Error,No,Grievous Injury,Head on,No signal lights,Straight and flat,City or Town Road,Bitumen(Tar),Dry,No influence on accident,Clear,nagarbhavi ;main road,cool junction,4km,0.0,0.0
Bengaluru City,Kamakshipalya Traffic PS,1.04432e+16,2018,1,1,Road Accidents,Narrow road,City/Town,Residential area,Human Error,No,Fatal,Head on,No signal lights,Straight and flat,City or Town Road,Bitumen(Tar),Dry,No influence on accident,Clear,Nagarbhavi 11th block main road,4km,4km,0.0,0.0
Bengaluru City,Kamakshipalya Traffic PS,1.04432e+16,2018,1,2,Road Accidents,More than four arms,City/Town,Open area,Human Error,No,Damage Only,Head on,No signal lights,Straight and flat,City or Town Road,Bitumen(Tar),Dry,No influence on accident,Clear,Nice Road,Near Ramasandra Bridge,7Km,0.0,0.0
Bengaluru City,Kamakshipalya Traffic PS,1.04432e+16,2018,1,2,Road Accidents,More than four arms,City/Town,Open area,Human Error,Yes,Simple Injury,Hit and Run,Not at  Junction,Straight and flat,City or Town Road,Bitumen(Tar),Dry,No influence on accident,Fine,Nagarabhavi Ring Road,Near Annapurneshwari Police Station,3.5 km,0.0,0.0
Bengaluru City,Kamakshipalya Traffic PS,1.04432e+16,2018,1,1,Road Accidents,Narrow road,City/Town,Residential area,Human Error,No,Damage Only,Head on,No signal lights,Straight and flat,City or Town Road,Bitumen(Tar),Dry,No influence on accident,Clear,Kottige palya 1st main road,Near Arpitha exports,3km,0.0,0.0
Bengaluru City,Kamakshipalya Traffic PS,1.04432e+16,2018,1,1,Road Accidents,Other,City/Town,Near Bus stop,Human Error,No,Grievous Injury,Hit pedestrian,Police / Manual,Straight and flat,City or Town Road,Bitumen(Tar),Dry,No influence on accident,Fine,Magadi Main Road,Near Bus Stop,0.5 Km,0.0,0.0
Bengaluru City,Kamakshipalya Traffic PS,1.04432e+16,2018,1,2,Road Accidents,Other,City/Town,Residential area,Human Error,Yes,Grievous Injury,Hit bicyclist,Not at  Junction,Straight and flat,City or Town Road,Bitumen(Tar),Dry,No influence on accident,Fine,Ullal Main Road,Main Road,5 Km,0.0,0.0
Bengaluru City,Kamakshipalya Traffic PS,1.04432e+16,2018,1,2,Road Accidents,Other,City/Town,Open area,Human Error,No,Grievous Injury,Hit bicyclist,Not at  Junction,Straight and flat,City or Town Road,Bitumen(Tar),Dry,No influence on accident,Fine,Telicom Layout,Near Sitar Hotel,4 Km,0.0,0.0
Bengaluru City,Kamakshipalya Traffic PS,1.04432e+16,2018,1,2,Road Accidents,More than four arms,City/Town,Near Petrol Pump,Human Error,Yes,Grievous Injury,Hit bicyclist,Not at  Junction,Curve,City or Town Road,Bitumen(Tar),Dry,No influence on accident,Fine,Old Ring road,Nera Petrol Bunk,5 Km,0.0,0.0
Bengaluru City,Kamakshipalya Traffic PS,1.04432e+16,2018,1,1,Road Accidents,Narrow road,City/Town,Open area,Human Error,No,Grievous Injury,Others,No signal lights,Straight and flat,City or Town Road,Bitumen(Tar),Dry,No influence on accident,Clear,nice road,manganahalli underpass,5km,0.0,0.0
Bengaluru City,Kamakshipalya Traffic PS,1.04432e+16,2018,1,1,Road Accidents,Narrow road,City/Town,Open area,Human Error,No,Grievous Injury,Others,No signal lights,Straight and flat,City or Town Road,Bitumen(Tar),Dry,No influence on accident,Clear,Malagala service road,Malagala Under Pass service Road,2.5Km,0.0,0.0
Bengaluru City,Kamakshipalya Traffic PS,1.04432e+16,2018,1,1,Road Accidents,Narrow road,City/Town,Residential area,Human Error,No,Grievous Injury,Head on,No signal lights,Straight and flat,City or Town Road,Bitumen(Tar),Dry,No influence on accident,Clear,Janatha colony,janatha colony,6km,0.0,0.0
Bengaluru City,Kamakshipalya Traffic PS,1.04432e+16,2018,1,1,Road Accidents,Cross roads,City/Town,Residential area,Human Error,Yes,Grievous Injury,Head on,Not at  Junction,Straight and flat,City or Town Road,Bitumen(Tar),Dry,No influence on accident,Clear,Old ring road,NEAR AYODYA HOTEL,2.5 KM,0.0,0.0
Bengaluru City,Kamakshipalya Traffic PS,1.04432e+16,2018,1,2,Road Accidents,Other,City/Town,Near School or College,Human Error,No,Grievous Injury,Head on,Not Applicable,Straight and flat,City or Town Road,Bitumen(Tar),Dry,No influence on accident,Clear,Bengaluru VV road,Bengaluru VV office,5km,0.0,0.0
Bengaluru City,Kamakshipalya Traffic PS,1.04432e+16,2018,1,2,Road Accidents,Bridge,City/Town,Open area,Human Error,No,Simple Injury,Rear end,No signal lights,Slight Curve,City or Town Road,Bitumen(Tar),Dry,No influence on accident,Clear,Nagarabhavi Ring Road,Near Nammura Thindi hotel Under pass flyover Ring Road,4 Km,0.0,0.0
Bengaluru City,Kamakshipalya Traffic PS,1.04432e+16,2018,1,1,Road Accidents,Cross roads,City/Town,Residential area,Human Error,No,Simple Injury,Hit pedestrian,Not at  Junction,Straight and flat,City or Town Road,Bitumen(Tar),Dry,No influence on accident,Fine,1st Cross Road,Channappa Layout,3 Km,0.0,0.0
Bengaluru City,Kamakshipalya Traffic PS,1.04432e+16,2018,1,1,Road Accidents,Narrow road,City/Town,Near Bus stop,Human Error,No,Grievous Injury,Head on,No signal lights,Straight and flat,City or Town Road,Bitumen(Tar),Dry,No influence on accident,Clear,Magadi Main Road,Near Pai Mobile Shop,3KM,0.0,0.0
Bengaluru City,Kamakshipalya Traffic PS,1.04432e+16,2018,1,2,Road Accidents,Narrow road,City/Town,Near office complex,Human Error,Yes,Grievous Injury,Rear end,No signal lights,Straight and flat,City or Town Road,Bitumen(Tar),Dry,No influence on accident,Clear,Old Ring Road,Near SVK Kalyanamantapa,5 Km,0.0,0.0
Bengaluru City,Kamakshipalya Traffic PS,1.04432e+16,2018,1,1,Road Accidents,Narrow road,City/Town,Near Petrol Pump,Human Error,No,Simple Injury,Not Applicable,No signal lights,Slight Curve,City or Town Road,Bitumen(Tar),Dry,No influence on accident,Clear,Magadi Main Road,Nea Bharath Petrol Bunk,2 Km,0.0,0.0
Bengaluru City,Kamakshipalya Traffic PS,1.04432e+16,2018,1,1,Road Accidents,Junction,City/Town,Near Bus stop,Human Error,No,Simple Injury,Head on,Signal lights Automatic,Straight and flat,City or Town Road,Bitumen(Tar),Dry,No influence on accident,Clear,Magadi Main Road,Sumanahalli Junction,1 Km,0.0,0.0
Bengaluru City,Kamakshipalya Traffic PS,1.04432e+16,2018,1,1,Road Accidents,Narrow road,City/Town,Residential area,Human Error,No,Grievous Injury,Head on,No signal lights,Straight and flat,City or Town Road,Bitumen(Tar),Dry,No influence on accident,Clear,Doddabasti,Near Madarasa,7 Km,0.0,0.0
Bengaluru City,Kamakshipalya Traffic PS,1.04432e+16,2018,1,1,Road Accidents,Narrow road,City/Town,Open area,Human Error,No,Grievous Injury,Others,No signal lights,Straight and flat,City or Town Road,Bitumen(Tar),Dry,No influence on accident,Clear,Vigeneshwaranagar main road,3km,3km,0.0,0.0
Bengaluru City,Kamakshipalya Traffic PS,1.04432e+16,2018,1,1,Road Accidents,Narrow road,City/Town,Open area,Human Error,No,Grievous Injury,Skidding or Self accident,Not at  Junction,Straight and flat,City or Town Road,Bitumen(Tar),Dry,No influence on accident,Fine,Vigneshwar Main Road,Main Road,4 km,0.0,0.0
Bengaluru City,Kamakshipalya Traffic PS,1.04432e+16,2018,1,2,Road Accidents,Junction,City/Town,Near Hospital,Human Error,Yes,Fatal,Head on,No signal lights,Straight and flat,City or Town Road,Bitumen(Tar),Dry,No influence on accident,Clear,muddinapalya main road,muddinapalya,3km,0.0,0.0
Bengaluru City,Kamakshipalya Traffic PS,1.04432e+16,2018,1,2,Road Accidents,Narrow road,City/Town,Near office complex,Human Error,No,Damage Only,Rear end,No signal lights,Straight and flat,City or Town Road,Bitumen(Tar),Dry,No influence on accident,Clear,Magadi Main Road,Near Navarathna Bar,1km,0.0,0.0
Bengaluru City,Kamakshipalya Traffic PS,1.04432e+16,2018,1,2,Road Accidents,Narrow road,City/Town,Residential area,Human Error,No,Grievous Injury,Head on,No signal lights,Curve,City or Town Road,Bitumen(Tar),Dry,No influence on accident,Clear,"1st H Cross, 1st Cross Junction",Sharada colony,1km,0.0,0.0
Bengaluru City,Kamakshipalya Traffic PS,1.04432e+16,2018,1,2,Road Accidents,Narrow road,City/Town,Open area,Human Error,No,Grievous Injury,Head on,No signal lights,Straight and flat,City or Town Road,Bitumen(Tar),Dry,No influence on accident,Clear,Magadi main road,Sumahalli Junction,2km,0.0,0.0
Bengaluru City,Kamakshipalya Traffic PS,1.04432e+16,2018,1,1,Road Accidents,Other,City/Town,Near Hospital,Human Error,No,Fatal,Hit pedestrian,Not at  Junction,Steep Incline or Climb,State Highway,Bitumen(Tar),Dry,No influence on accident,Fine,Magadi Main Road,Near Srigndhadakavalu Junction,3 Km,0.0,0.0
Bengaluru City,Kamakshipalya Traffic PS,1.04432e+16,2018,1,2,Road Accidents,Other,City/Town,Open area,Human Error,No,Fatal,Hit bicyclist,Not at  Junction,Curve,Service Road,Bitumen(Tar),Dry,No influence on accident,Fine,Sumanahalli ring Road Service Road,Service Road,2 Km,0.0,0.0
Bengaluru City,Kamakshipalya Traffic PS,1.04432e+16,2018,1,1,Road Accidents,Junction,City/Town,Residential area,Human Error,No,Grievous Injury,Head on,No signal lights,Straight and flat,City or Town Road,Bitumen(Tar),Dry,No influence on accident,Clear,ullala main road,4th main,6km,0.0,0.0
Bengaluru City,Kamakshipalya Traffic PS,1.04432e+16,2018,1,1,Road Accidents,Other,City/Town,Near Bus stop,Human Error,No,Grievous Injury,Hit pedestrian,Not at  Junction,Straight and flat,City or Town Road,Bitumen(Tar),Dry,No influence on accident,Fine,Old Ring Road,Near Mariyappanapalya Bus Stan,6 Km,0.0,0.0
Bengaluru City,Kamakshipalya Traffic PS,1.04432e+16,2018,1,1,Road Accidents,Narrow road,City/Town,Near Bus stop,Human Error,Yes,Grievous Injury,Head on,No signal lights,Straight and flat,City or Town Road,Bitumen(Tar),Dry,No influence on accident,Clear,Old Ring Road,Near Ullala BMTC Bus stop,5km,0.0,0.0
Bengaluru City,Kamakshipalya Traffic PS,1.04432e+16,2019,1,1,Road Accidents,Narrow road,City/Town,Near Bus stop,Human Error,No,Grievous Injury,Skidding or Self accident,No signal lights,Slight Curve,City or Town Road,Bitumen(Tar),Dry,No influence on accident,Clear,Old Ring road,Near Ullala Signal,6km,0.0,0.0
Bengaluru City,Kamakshipalya Traffic PS,1.04432e+16,2019,1,2,Road Accidents,Cross roads,City/Town,Open area,Human Error,No,Grievous Injury,Side impact or Right angle,Uncontrolled,Straight and flat,City or Town Road,Bitumen(Tar),Dry,No influence on accident,Fine,Jnanabharathi Layout Main Road,Near Jnanaganapathi Park,6km,0.0,0.0
Bengaluru City,Kamakshipalya Traffic PS,1.04432e+16,2019,1,1,Road Accidents,Other,City/Town,Open area,Human Error,No,Damage Only,Side swipe,Not at  Junction,Straight and flat,City or Town Road,Bitumen(Tar),Dry,No influence on accident,Fine,Flyover Ring Road,Near Nagarabhavi Under Pass,5 Km,0.0,0.0
Bengaluru City,Kamakshipalya Traffic PS,1.04432e+16,2019,1,2,Road Accidents,Narrow road,City/Town,Open area,Human Error,Yes,Grievous Injury,Hit and Run,No signal lights,Straight and flat,City or Town Road,Bitumen(Tar),Dry,No influence on accident,Clear,Sumanahalli ring Road,Near JK Tyres Sumanahalli Ring Road,3km,0.0,0.0
Bengaluru City,Kamakshipalya Traffic PS,1.04432e+16,2019,1,2,Road Accidents,Narrow road,City/Town,Near office complex,Human Error,Yes,Simple Injury,Hit and Run,No signal lights,Straight and flat,City or Town Road,Bitumen(Tar),Dry,No influence on accident,Clear,Old Ring Road,Near BDA Complex,3 Km,0.0,0.0
Bengaluru City,Kamakshipalya Traffic PS,1.04432e+16,2019,1,1,Road Accidents,Other,City/Town,Residential area,Human Error,No,Grievous Injury,Hit pedestrian,Not at  Junction,Straight and flat,City or Town Road,Bitumen(Tar),Dry,No influence on accident,Fine,Main Road,Health Layout,4 Km,0.0,0.0
Bengaluru City,Kamakshipalya Traffic PS,1.04432e+16,2019,1,2,Road Accidents,Junction,City/Town,Near Bus stop,Human Error,No,Damage Only,Side swipe,Controlled,Straight and flat,City or Town Road,Bitumen(Tar),Dry,No influence on accident,Fine,Old Ring Road,Kengunte Signal,5 Km,0.0,0.0
Bengaluru City,Kamakshipalya Traffic PS,1.04432e+16,2019,1,1,Road Accidents,Other,City/Town,Open area,Human Error,No,Damage Only,Hit animal,Not at  Junction,Straight and flat,City or Town Road,Bitumen(Tar),Dry,No influence on accident,Fine,Nagarabhavi Outer Ring Road,Near Ravi Zim Jinction,2.5 Km,0.0,0.0
Bengaluru City,Kamakshipalya Traffic PS,1.04432e+16,2019,1,2,Road Accidents,Narrow road,City/Town,Near a factory industrial area,Human Error,No,Grievous Injury,Vehicle to Vehicle,Not at  Junction,Straight and flat,Others,Bitumen(Tar),Dry,No influence on accident,Clear,2nd main Kottigepalya,2nd Main Road,2.5 Km,0.0,0.0
Bengaluru City,Kamakshipalya Traffic PS,1.04432e+16,2019,1,2,Road Accidents,Narrow road,City/Town,Open area,Human Error,No,Damage Only,Vehicle to Vehicle,Not at  Junction,Straight and flat,Others,Bitumen(Tar),Dry,No influence on accident,Clear,Therige Bhavana Road,Outer Ring Road,4 Km,0.0,0.0
Bengaluru City,Kamakshipalya Traffic PS,1.04432e+16,2019,1,1,Road Accidents,Narrow road,City/Town,Residential area,Human Error,Yes,Simple Injury,Hit pedestrian,Not at  Junction,Straight and flat,Residential Street,Bitumen(Tar),Dry,No influence on accident,Clear,Near BDA Aparment,Near BDA apartment,7 Km,0.0,0.0
Bengaluru City,Kamakshipalya Traffic PS,1.04432e+16,2019,1,2,Road Accidents,Narrow road,City/Town,Narrow bridge or culverts,Human Error,No,Damage Only,Vehicle to Vehicle,Not Applicable,Straight and flat,Others,Bitumen(Tar),Dry,No influence on accident,Clear,"Nera Nammurathindi Hot el Under Pass,",Outer Ring Road,4 Km,0.0,0.0
Bengaluru City,Kamakshipalya Traffic PS,1.04432e+16,2019,1,1,Road Accidents,Junction,City/Town,Near School or College,Human Error,Yes,Simple Injury,Hit pedestrian,Controlled,Straight and flat,Two way,Bitumen(Tar),Dry,No influence on accident,Clear,Old Ring Road,Kengunte junction,4km,0.0,0.0
Bengaluru City,Kamakshipalya Traffic PS,1.04432e+16,2019,1,2,Road Accidents,Narrow road,City/Town,Affected by encroachments,Human Error,No,Fatal,Vehicle to Vehicle,Not at  Junction,Straight and flat,Others,Bitumen(Tar),Dry,No influence on accident,Clear,Old Ring Road,Near IndiraGandhi National Kala Kendra,4 Km,0.0,0.0
Bengaluru City,Kamakshipalya Traffic PS,1.04432e+16,2019,1,1,Road Accidents,Narrow road,City/Town,Near School or College,Human Error,No,Grievous Injury,Not Applicable,Not at  Junction,Straight and flat,Others,Bitumen(Tar),Dry,No influence on accident,Clear,Vgneshwara Nagara Main road,Near Arunodaya School,4 Km,0.0,0.0
Bengaluru City,Kamakshipalya Traffic PS,1.04432e+16,2019,1,1,Road Accidents,Cross roads,City/Town,Near a religious place,Human Error,Not Applicable,Grievous Injury,Hit pedestrian,Not at  Junction,Straight and flat,Two way,Bitumen(Tar),Dry,No influence on accident,Clear,Gurupriya Kalyanamantapa Road,Near Narasimha Swami Nilaya,1Km,0.0,0.0
Bengaluru City,Kamakshipalya Traffic PS,1.04432e+16,2019,1,2,Road Accidents,Bridge,City/Town,Open area,Human Error,No,Grievous Injury,Rear end,Not at  Junction,Straight and flat,Sub Arterial,Bitumen(Tar),Dry,No influence on accident,Fine,Sumanahalli Outer Ring Road,Sumanahalli Bridge,2 Km,0.0,0.0
Bengaluru City,Kamakshipalya Traffic PS,1.04432e+16,2019,1,2,Road Accidents,Narrow road,City/Town,Near School or College,Human Error,No,Fatal,Rear end,Uncontrolled,Straight and flat,City or Town Road,Bitumen(Tar),Dry,No influence on accident,Clear,Bengaluru VV road,Bengaluru VV office,4km,0.0,0.0
Bengaluru City,Kamakshipalya Traffic PS,1.04432e+16,2019,1,2,Road Accidents,Other,City/Town,Open area,Human Error,Yes,Simple Injury,Rear end,Not at  Junction,Straight and flat,City or Town Road,Bitumen(Tar),Dry,No influence on accident,Fine,Mallathahalli Main Road,Old Ring Road Near,6 Km,0.0,0.0
Bengaluru City,Kamakshipalya Traffic PS,1.04432e+16,2019,1,2,Road Accidents,Narrow road,City/Town,Near office complex,Human Error,No,Grievous Injury,Head on,Uncontrolled,Straight and flat,City or Town Road,Bitumen(Tar),Dry,No influence on accident,Clear,Ullala main road,pu college,6km,0.0,0.0
Bengaluru City,Kamakshipalya Traffic PS,1.04432e+16,2019,1,2,Road Accidents,Other,City/Town,Open area,Human Error,No,Simple Injury,Side swipe,Not at  Junction,Straight and flat,City or Town Road,Bitumen(Tar),Dry,No influence on accident,Fine,Service Road,Malagal Underpass,3 Km,0.0,0.0
Bengaluru City,Kamakshipalya Traffic PS,1.04432e+16,2019,1,1,Road Accidents,Narrow road,City/Town,Near office complex,Human Error,No,Grievous Injury,Vehicle to Vehicle,Not at  Junction,Straight and flat,State Highway,Bitumen(Tar),Dry,No influence on accident,Clear,Magadi Main Road,Pooja Kalyana Mantapa,1 Km,0.0,0.0
Bengaluru City,Kamakshipalya Traffic PS,1.04432e+16,2019,1,2,Road Accidents,Junction,City/Town,Residential area,Human Error,Yes,Grievous Injury,Vehicle to Vehicle,No signal lights,Straight and flat,Others,Bitumen(Tar),Dry,No influence on accident,Clear,4th main kebbehalla road,s g kaval,2km,0.0,0.0
Bengaluru City,Kamakshipalya Traffic PS,1.04432e+16,2019,1,2,Road Accidents,Narrow road,City/Town,Open area,Human Error,No,Simple Injury,Vehicle to Vehicle,Not Applicable,Straight and flat,Others,Bitumen(Tar),Dry,No influence on accident,Clear,Nagarabhavi Main Road,Near M K Ahmed Store,4 Km,0.0,0.0
Bengaluru City,Kamakshipalya Traffic PS,1.04432e+16,2019,1,2,Road Accidents,Narrow road,City/Town,Open area,Human Error,Not Applicable,Damage Only,Vehicle to Vehicle,Not at  Junction,Straight and flat,Others,Bitumen(Tar),Dry,No influence on accident,Clear,Near Summanahalli Cemetry,Summanahalli Ring Road,1 Km,0.0,0.0
Bengaluru City,Kamakshipalya Traffic PS,1.04432e+16,2019,1,2,Road Accidents,Junction,City/Town,Open area,Human Error,Yes,Grievous Injury,Vehicle to Vehicle,Signal lights Automatic,Straight and flat,State Highway,Bitumen(Tar),Dry,No influence on accident,Clear,Magadi Main Road,Srigandhadakavlu Junction,2.5 Km,0.0,0.0
Bengaluru City,Kamakshipalya Traffic PS,1.04432e+16,2019,1,1,Road Accidents,Narrow road,City/Town,Near Bus stop,Human Error,Yes,Grievous Injury,Hit pedestrian,Not at  Junction,Straight and flat,State Highway,Bitumen(Tar),Dry,No influence on accident,Clear,Near Bus Stop,Magadi Main Road,3 Km,0.0,0.0
Bengaluru City,Kamakshipalya Traffic PS,1.04432e+16,2019,1,2,Road Accidents,Narrow road,City/Town,Near office complex,Human Error,No,Grievous Injury,Not Applicable,Not Applicable,Straight and flat,Two way,Bitumen(Tar),Dry,No influence on accident,Clear,Old Ring Road,near svk convention hall,5km,0.0,0.0
Bengaluru City,Kamakshipalya Traffic PS,1.04432e+16,2019,1,1,Road Accidents,Narrow road,City/Town,Open area,Human Error,No,Fatal,Skidding or Self accident,Uncontrolled,Straight and flat,City or Town Road,Bitumen(Tar),Dry,No influence on accident,Clear,100 feet road Manganahalli circle,100 feet road,6km,0.0,0.0
Bengaluru City,Kamakshipalya Traffic PS,1.04432e+16,2019,1,2,Road Accidents,Narrow road,City/Town,Open area,Human Error,No,Grievous Injury,Rear end,Not at  Junction,Straight and flat,City or Town Road,Bitumen(Tar),Dry,No influence on accident,Clear,NAGARBHAVI RING ROAD,3KM,3KM,0.0,0.0
Bengaluru City,Kamakshipalya Traffic PS,1.04432e+16,2019,1,2,Road Accidents,Other,City/Town,Near Hospital,Human Error,Yes,Simple Injury,Rear end,Not at  Junction,Straight and flat,Two way,Bitumen(Tar),Dry,No influence on accident,Fine,Nagarabhavi Main Road,Shuchi Ruchi Hotel,3 Km,0.0,0.0
Bengaluru City,Kamakshipalya Traffic PS,1.04432e+16,2019,1,2,Road Accidents,Narrow road,City/Town,Near School or College,Human Error,No,Grievous Injury,Head on,Uncontrolled,Straight and flat,City or Town Road,Bitumen(Tar),Dry,No influence on accident,Clear,Ullala main road,mangalore pu college,6km,0.0,0.0
Bengaluru City,Kamakshipalya Traffic PS,1.04432e+16,2019,1,1,Road Accidents,Narrow road,City/Town,Near Bus stop,Human Error,Yes,Simple Injury,Hit and Run,No signal lights,Others,City or Town Road,Bitumen(Tar),Dry,No influence on accident,Clear,Magadi Main Road,Near Kottigepalya Bus stop,2.5Km,0.0,0.0
Bengaluru City,Kamakshipalya Traffic PS,1.04432e+16,2019,1,2,Road Accidents,Junction,City/Town,Near office complex,Human Error,Yes,Simple Injury,Hit and Run,No signal lights,Straight and flat,City or Town Road,Bitumen(Tar),Dry,No influence on accident,Clear,Old Ring Road,Near BDA Complex,3 Km,0.0,0.0
Bengaluru City,Kamakshipalya Traffic PS,1.04432e+16,2019,1,2,Road Accidents,Narrow road,City/Town,Near office complex,Human Error,No,Grievous Injury,Head on,Signal lights Automatic,Straight and flat,City or Town Road,Bitumen(Tar),Dry,No influence on accident,Clear,KENGUNTE,KENGUNTE,4KM,0.0,0.0
Bengaluru City,Kamakshipalya Traffic PS,1.04432e+16,2019,1,2,Road Accidents,Circle,City/Town,Open area,Human Error,No,Grievous Injury,Rear end,No signal lights,Straight and flat,City or Town Road,Bitumen(Tar),Dry,Engineering Defect of Road,Clear,pipeline road,13th cross,3km,0.0,0.0
Bengaluru City,Kamakshipalya Traffic PS,1.04432e+16,2019,1,2,Road Accidents,Narrow road,City/Town,Residential area,Human Error,No,Grievous Injury,Head on,No signal lights,Straight and flat,City or Town Road,Bitumen(Tar),Dry,No influence on accident,Clear,Sonnenahalli road,vijaya hospital,6km,0.0,0.0
Bengaluru City,Kamakshipalya Traffic PS,1.04432e+16,2019,1,2,Road Accidents,Other,City/Town,Near Petrol Pump,Human Error,No,Simple Injury,Side swipe,Not at  Junction,Straight and flat,City or Town Road,Bitumen(Tar),Dry,No influence on accident,Fine,Old Ring Road,Near Deepa Complex,4 Km,0.0,0.0