DISTRICTNAME,UNITNAME,Crime_No,Year,RI,Noofvehicle_involved,Accident_Classification,Accident_Spot,Accident_Location,Accident_SubLocation,Main_Cause,Hit_Run,Severity,Collision_Type,Junction_Control,Road_Character,Road_Type,Surface_Type,Surface_Condition,Road_Condition,Weather,Accident_Road,Landmark_first,Distance_LandMark_First,Latitude,Longitude
Bengaluru City,Kamakshipalya Traffic PS,1.04432e+16,2021,1,2,Road Accidents,Narrow road,City/Town,Open area,Human Error,Yes,Simple Injury,Vehicle to Vehicle,Not at  Junction,Straight and flat,Others,Concrete,Dry,No influence on accident,Clear,Outer Ring Road,Near Kairuchi Hotel,1 Km,0.0,0.0
Bengaluru City,Kamakshipalya Traffic PS,1.04432e+16,2021,1,2,Road Accidents,Narrow road,City/Town,Residential area,Human Error,Not Applicable,Simple Injury,Vehicle to Vehicle,Not at  Junction,Straight and flat,Residential Street,Bitumen(Tar),Dry,No influence on accident,Clear,"Nagarabhavi 10th Block, 2nd Main Road",2nd Main Road,3KM,0.0,0.0
Bengaluru City,Kamakshipalya Traffic PS,1.04432e+16,2021,1,1,Road Accidents,Not Applicable,City/Town,Near School or College,Human Error,No,Grievous Injury,Not Applicable,Not at  Junction,Curve,Residential Street,Bitumen(Tar),Dry,Not Applicable,Clear,"Near Arunodaya school,Vigneshwar Main Road",Near Arunodaya School,4KM,0.0,0.0
Bengaluru City,Kamakshipalya Traffic PS,1.04432e+16,2021,1,3,Road Accidents,Narrow road,City/Town,Open area,Human Error,Not Applicable,Damage Only,Vehicle to Vehicle,Not at  Junction,Straight and flat,Others,Bitumen(Tar),Dry,No influence on accident,Clear,Summanahalli Outer Ring Road,Summnahalli Flyover,1 KM,0.0,0.0
Bengaluru City,Kamakshipalya Traffic PS,1.04432e+16,2021,1,2,Road Accidents,Junction,City/Town,Near office complex,Human Error,No,Grievous Injury,Vehicle to Vehicle,Uncontrolled,Straight and flat,Others,Bitumen(Tar),Dry,No influence on accident,Clear,Amma Ashrama road,RN complex,6km,0.0,0.0
Bengaluru City,Kamakshipalya Traffic PS,1.04432e+16,2021,1,2,Road Accidents,Cross roads,City/Town,Near School or College,Human Error,No,Grievous Injury,Vehicle to Vehicle,Not Applicable,Others,Minor District Road,Concrete,Dry,Not Applicable,Clear,Old Outer Ring Kengunte,Near Ambedkar College Main Gate,6Km,0.0,0.0
Bengaluru City,Kamakshipalya Traffic PS,1.04432e+16,2021,1,2,Road Accidents,Not Applicable,City/Town,Near a factory industrial area,Human Error,No,Fatal,Vehicle to Vehicle,Not at  Junction,Straight and flat,Residential Street,Bitumen(Tar),Dry,Not Applicable,Clear,15th Cross 4th Main Road Kaveripur Bangalore,Near S M Industry,1.9,0.0,0.0
Bengaluru City,Kamakshipalya Traffic PS,1.04432e+16,2021,1,3,Road Accidents,Narrow road,City/Town,Residential area,Human Error,No,Damage Only,Vehicle to Vehicle,Not Applicable,Straight and flat,Residential Street,Bitumen(Tar),Dry,Not Applicable,Clear,1St L Main Road  Nagarabhavi 2nd Stage,Near Hose No 214,3Km,0.0,0.0
Bengaluru City,Kamakshipalya Traffic PS,1.04432e+16,2021,1,1,Road Accidents,Not Applicable,City/Town,Residential area,Human Error,No,Fatal,Not Applicable,Not Applicable,Straight and flat,Others,Bitumen(Tar),Dry,Not Applicable,Clear,Jnanabharathi RTO Main Road,Near Banyan Tree,8KM,0.0,0.0
Bengaluru City,Kamakshipalya Traffic PS,1.04432e+16,2021,1,1,Road Accidents,Junction,City/Town,Near office complex,Human Error,Yes,Fatal,Hit pedestrian,No signal lights,Straight and flat,Others,Bitumen(Tar),Dry,No influence on accident,Clear,Nagarabhavi 80 Ft Road,Near Reliance Trends,3.5 Km,0.0,0.0
Bengaluru City,Kamakshipalya Traffic PS,1.04432e+16,2021,1,2,Road Accidents,Narrow road,City/Town,Near office complex,Human Error,No,Grievous Injury,Vehicle to Vehicle,Not at  Junction,Straight and flat,Others,Bitumen(Tar),Dry,No influence on accident,Clear,Bengalore University Main Road,Near University Head Office,6 Km,0.0,0.0
Bengaluru City,Kamakshipalya Traffic PS,1.04432e+16,2021,1,2,Road Accidents,Narrow road,City/Town,Open area,Human Error,No,Simple Injury,Vehicle to Vehicle,Not at  Junction,Straight and flat,Others,Bitumen(Tar),Dry,No influence on accident,Clear,Ring Road,Manganahalli Circle,6km,0.0,0.0
Bengaluru City,Kamakshipalya Traffic PS,1.04432e+16,2021,1,1,Road Accidents,Junction,City/Town,Near a recreation place/cinema,Human Error,Not Applicable,Fatal,Not Applicable,Give way sign,Straight and flat,Others,Bitumen(Tar),Dry,No influence on accident,Clear,Nagarabhavi Main Road,Near Nammura Thindi Hotel Underpass,3 Km,0.0,0.0
Bengaluru City,Kamakshipalya Traffic PS,1.04432e+16,2021,1,2,Road Accidents,Narrow road,City/Town,Near office complex,Human Error,Not Applicable,Grievous Injury,Vehicle to Vehicle,Not at  Junction,Straight and flat,Others,Bitumen(Tar),Dry,No influence on accident,Clear,Manganahalli Ring Road,Near Shivu Enterprises,7km,0.0,0.0
Bengaluru City,Kamakshipalya Traffic PS,1.04432e+16,2021,1,1,Road Accidents,Cross roads,City/Town,Near School or College,Human Error,No,Grievous Injury,Hit pedestrian,Not at  Junction,Others,Others,Concrete,Dry,Not Applicable,Clear,Old Outer Ring Road,Near Ambedkar College,5Km,0.0,0.0
Bengaluru City,Kamakshipalya Traffic PS,1.04432e+16,2021,1,2,Road Accidents,Circle,City/Town,Near Bus stop,Human Error,No,Simple Injury,Vehicle to Vehicle,Not at  Junction,Straight and flat,Residential Street,Bitumen(Tar),Dry,Not Applicable,Clear,Shivaji Circle Chikkabasati Main Road Ullala Upnagar,Near Shivaji Circle,7Km,0.0,0.0
Bengaluru City,Kamakshipalya Traffic PS,1.04432e+16,2021,1,2,Road Accidents,Not Applicable,City/Town,Near School or College,Human Error,No,Simple Injury,Vehicle to Vehicle,Uncontrolled,Straight and flat,Others,Bitumen(Tar),Dry,No influence on accident,Clear,12th main road,Near Amruthanandamayi school,7km,0.0,0.0
Bengaluru City,Kamakshipalya Traffic PS,1.04432e+16,2021,1,1,Road Accidents,Not Applicable,City/Town,Near a factory industrial area,Not Applicable,Not Applicable,Damage Only,Not Applicable,Not at  Junction,Others,Others,Concrete,Dry,No influence on accident,Clear,Kottigealya,Old Ring road,3km,0.0,0.0
Bengaluru City,Kamakshipalya Traffic PS,1.04432e+16,2021,1,1,Road Accidents,Narrow road,City/Town,Near Bus stop,Human Error,No,Grievous Injury,Hit pedestrian,Not at  Junction,Straight and flat,Others,Bitumen(Tar),Dry,No influence on accident,Clear,old Ring Road,Near Aladamara Stop,4km,0.0,0.0
Bengaluru City,Kamakshipalya Traffic PS,1.04432e+16,2021,1,2,Road Accidents,Junction,City/Town,Narrow bridge or culverts,Human Error,Not Applicable,Simple Injury,Vehicle to Vehicle,Uncontrolled,Curve and Incline,Service Road,Concrete,Dry,No influence on accident,Clear,Summanahalli Service Road,Near Summanahalli Underpass,2km,0.0,0.0
Bengaluru City,Kamakshipalya Traffic PS,1.04432e+16,2021,1,1,Road Accidents,Junction,City/Town,Narrow bridge or culverts,Human Error,Not Applicable,Fatal,Not Applicable,Not Applicable,Others,Arterial,Concrete,Dry,No influence on accident,Clear,Sumanahalli Outer Ring road Service Road,Near Malagala Under Pass,2 Km,0.0,0.0
Bengaluru City,Kamakshipalya Traffic PS,1.04432e+16,2021,1,2,Not Applicable,Narrow road,City/Town,Near School or College,Human Error,Not Applicable,Damage Only,Vehicle to Vehicle,Not Applicable,Straight and flat,Others,Bitumen(Tar),Dry,No influence on accident,Clear,University Main Road,Near University Girls Hostel,6Km,0.0,0.0
Bengaluru City,Kamakshipalya Traffic PS,1.04432e+16,2021,1,1,Road Accidents,Narrow road,City/Town,Near a factory industrial area,Human Error,No,Fatal,Not Applicable,Not at  Junction,Straight and flat,Others,Bitumen(Tar),Dry,No influence on accident,Clear,Pipeline Road,Sunkadakatte,4km,0.0,0.0
Bengaluru City,Kamakshipalya Traffic PS,1.04432e+16,2021,1,2,Road Accidents,Junction,City/Town,Near Bus stop,Human Error,Not Applicable,Simple Injury,Vehicle to Vehicle,Signal lights Automatic,Straight and flat,State Highway,Bitumen(Tar),Dry,No influence on accident,Clear,Magadi Main Road,Near Summnahalli Junction,1 km,0.0,0.0
Bengaluru City,Kamakshipalya Traffic PS,1.04432e+16,2021,1,2,Road Accidents,Circle,City/Town,Near Bus stop,Human Error,Not Applicable,Grievous Injury,Vehicle to Vehicle,Signal lights Automatic,Straight and flat,Others,Concrete,Dry,No influence on accident,Clear,OLD RING ROAD,NEAR BUS STOP,5 KM,0.0,0.0
Bengaluru City,Kamakshipalya Traffic PS,1.04432e+16,2021,1,2,Road Accidents,Narrow road,City/Town,Narrow bridge or culverts,Human Error,No,Fatal,Vehicle to Vehicle,Uncontrolled,Straight and flat,One way,Bitumen(Tar),Dry,No influence on accident,Clear,NICE ROAD,MANGANAHALLI UNDERPASS,9KM,0.0,0.0
Bengaluru City,Kamakshipalya Traffic PS,1.04432e+16,2021,1,1,Road Accidents,Narrow road,City/Town,Open area,Human Error,Not Applicable,Fatal,Hit pedestrian,Not at  Junction,Straight and flat,Service Road,Bitumen(Tar),Dry,Not Applicable,Clear,Sumanahalli Ring Road Service Road,Near Salarpuriya Apartment,1.5 kl,0.0,0.0
Bengaluru City,Kamakshipalya Traffic PS,1.04432e+16,2021,1,3,Road Accidents,Not Applicable,City/Town,Open area,Human Error,No,Damage Only,Vehicle to Vehicle,Not Applicable,Straight and flat,Others,Concrete,Dry,Not Applicable,Clear,"Old Annapuraneshar Police station Ring Road Nagarabhavi,Bangalore City",Near Old Annapuraneshwar Police station,4km,0.0,0.0
Bengaluru City,Kamakshipalya Traffic PS,1.04432e+16,2021,1,2,Road Accidents,Narrow road,City/Town,Residential area,Human Error,Yes,Grievous Injury,Vehicle to Vehicle,Not Applicable,Straight and flat,Residential Street,Bitumen(Tar),Dry,Not Applicable,Clear,Near Vidhya Vahani School srigandhada Kavalu,Near Lovely Aqava Pet Shop,4km,0.0,0.0
Bengaluru City,Kamakshipalya Traffic PS,1.04432e+16,2021,1,1,Road Accidents,Narrow road,City/Town,Near Bus stop,Human Error,No,Grievous Injury,Hit pedestrian,Not Applicable,Straight and flat,Others,Bitumen(Tar),Dry,Not Applicable,Clear,Magadi Main Road,Near Kottigepalya Bus Stop,1.5 Km,0.0,0.0
Bengaluru City,Kamakshipalya Traffic PS,1.04432e+16,2021,1,2,Road Accidents,Narrow road,City/Town,Near office complex,Human Error,Not Applicable,Damage Only,Vehicle to Vehicle,Not at  Junction,Straight and flat,Others,Bitumen(Tar),Dry,No influence on accident,Clear,80ft Main Road,Near Titan Eye Showroom,6 km,0.0,0.0
Bengaluru City,Kamakshipalya Traffic PS,1.04432e+16,2021,1,2,Road Accidents,Narrow road,City/Town,In bazaar,Human Error,Yes,Grievous Injury,Vehicle to Vehicle,Not at  Junction,Straight and flat,Others,Bitumen(Tar),Dry,Not Applicable,Clear,Magadi Main Road,Near Pooravika Mobile Sho,600Mtr,0.0,0.0
Bengaluru City,Kamakshipalya Traffic PS,1.04432e+16,2021,1,2,Road Accidents,Circle,City/Town,Near Bus stop,Human Error,No,Damage Only,Vehicle to Vehicle,Signal lights Automatic,Straight and flat,State Highway,Bitumen(Tar),Dry,Not Applicable,Clear,Sumanahalli Circle Magadi Main Road,Near Sumanahalli Circle,1.5,0.0,0.0
Bengaluru City,Kamakshipalya Traffic PS,1.04432e+16,2021,1,1,Road Accidents,Narrow road,City/Town,Near School or College,Human Error,Yes,Grievous Injury,Hit pedestrian,Not Applicable,Straight and flat,Residential Street,Bitumen(Tar),Dry,Not Applicable,Clear,1st Main Mutturayaswami Nagar,Near Govt School,8km,0.0,0.0
Bengaluru City,Kamakshipalya Traffic PS,1.04432e+16,2021,1,1,Road Accidents,Narrow road,City/Town,Residential area,Human Error,Not Applicable,Simple Injury,Hit pedestrian,Not at  Junction,Straight and flat,Others,Bitumen(Tar),Dry,No influence on accident,Clear,"Near Ring Road,Nagarabhavi 2nd Stage,2nd Main",Ner Ring Road,3km,0.0,0.0
Bengaluru City,Kamakshipalya Traffic PS,1.04432e+16,2021,1,2,Road Accidents,Narrow road,City/Town,Open area,Human Error,Not Applicable,Grievous Injury,Vehicle to Vehicle,Uncontrolled,Straight and flat,Others,Bitumen(Tar),Dry,No influence on accident,Clear,"60 ft Main Road, Dhananayakanahalli Main Road",Near 3rd Cross Road,7 Km,0.0,0.0
Bengaluru City,Kamakshipalya Traffic PS,1.04432e+16,2021,1,1,Road Accidents,Narrow road,City/Town,Near School or College,Human Error,Not Applicable,Fatal,Not Applicable,Uncontrolled,Hump,Others,Bitumen(Tar),Dry,No influence on accident,Clear,Old Ring Road,Near PVP School,7 KM,0.0,0.0
Bengaluru City,Kamakshipalya Traffic PS,1.04432e+16,2021,1,1,Road Accidents,Narrow road,City/Town,Near a religious place,Human Error,Not Applicable,Grievous Injury,Not Applicable,Not at  Junction,Straight and flat,Others,Bitumen(Tar),Dry,No influence on accident,Clear,Shivakumar Temple Road,Near Shiva Temple,8km,0.0,0.0
Bengaluru City,Kamakshipalya Traffic PS,1.04432e+16,2021,1,1,Road Accidents,Junction,City/Town,Near or inside a village,Human Error,Not Applicable,Grievous Injury,Not Applicable,Uncontrolled,Straight and flat,Others,Bitumen(Tar),Dry,No influence on accident,Clear,P&T layouy Road,Near Ganesha Temple,3km,0.0,0.0
Bengaluru City,Kamakshipalya Traffic PS,1.04432e+16,2021,1,3,Road Accidents,Narrow road,City/Town,Near a factory industrial area,Human Error,Not Applicable,Grievous Injury,Vehicle to Vehicle,Not at  Junction,Straight and flat,State Highway,Bitumen(Tar),Dry,No influence on accident,Clear,Mysore Road,Near Jayaramdas Signal,7 km,0.0,0.0
Bengaluru City,Kamakshipalya Traffic PS,1.04432e+16,2021,1,2,Road Accidents,Junction,City/Town,Near a recreation place/cinema,Human Error,Yes,Simple Injury,Vehicle to Vehicle,Uncontrolled,Straight and flat,Residential Street,Bitumen(Tar),Dry,No influence on accident,Clear,4th Cross,Near Highlines hyper Market,3 km,0.0,0.0
Bengaluru City,Kamakshipalya Traffic PS,1.04432e+16,2021,1,1,Road Accidents,Narrow road,City/Town,Near office complex,Human Error,Not Applicable,Fatal,Hit pedestrian,Not Applicable,Straight and flat,Others,Concrete,Dry,No influence on accident,Clear,Nagarbavi Outer Ring Road,Near Karavali Lunch Home,1.5 Km,0.0,0.0
Bengaluru City,Kamakshipalya Traffic PS,1.04432e+16,2021,1,2,Road Accidents,Narrow road,City/Town,Near School or College,Human Error,Not Applicable,Grievous Injury,Vehicle to Vehicle,Uncontrolled,Straight and flat,Others,Bitumen(Tar),Dry,No influence on accident,Clear,Nice Road,Near  Hill Public School,8 Km,0.0,0.0
Bengaluru City,Kamakshipalya Traffic PS,1.04432e+16,2021,1,1,Road Accidents,Narrow road,City/Town,Open area,Road Environment Defect,No,Fatal,Not Applicable,Not Applicable,Straight and flat,Others,Bitumen(Tar),Dry,Engineering Defect of Road,Clear,Nice Road,Near Ramasandra Lake,5Km,12.949409,77.471809
Bengaluru City,Kamakshipalya Traffic PS,1.04432e+16,2021,1,1,Road Accidents,Narrow road,City/Town,Open area,Human Error,No,Grievous Injury,Hit pedestrian,Not at  Junction,Straight and flat,Service Road,Bitumen(Tar),Dry,No influence on accident,Clear,Sumanahalli Outer Ring Road Service Road,Near Salarpuriya Apartments,2KM,0.0,0.0
Bengaluru City,Kamakshipalya Traffic PS,1.04432e+16,2021,1,1,Road Accidents,Narrow road,City/Town,Near a factory industrial area,Human Error,No,Simple Injury,Not Applicable,Not at  Junction,Straight and flat,Residential Street,Bitumen(Tar),Dry,Not Applicable,Clear,Tent Road Sunkadkatte,Opposite M R Industries,3km,0.0,0.0
Bengaluru City,Kamakshipalya Traffic PS,1.04432e+16,2021,1,2,Rail Road Accidents,Circle,City/Town,Near School or College,Human Error,No,Grievous Injury,Vehicle to Vehicle,Not at  Junction,Straight and flat,Residential Street,Bitumen(Tar),Dry,Not Applicable,Clear,Amma Ashrama Road,Near Amma Ashrama Circle,6Km,0.0,0.0
Bengaluru City,Kamakshipalya Traffic PS,1.04432e+16,2021,1,1,Road Accidents,Narrow road,City/Town,Near Bus stop,Human Error,No,Grievous Injury,Hit pedestrian,Not at  Junction,Straight and flat,Others,Concrete,Dry,Not Applicable,Clear,Near Choudeshawri  NagarBus Stop Outer Ring Road,Near Choudeshwari NagarBus Stop,2KM,0.0,0.0
Bengaluru City,Kamakshipalya Traffic PS,1.04432e+16,2021,1,2,Road Accidents,Circle,City/Town,Open area,Human Error,Not Applicable,Grievous Injury,Vehicle to Vehicle,Not at  Junction,Straight and flat,Sub Arterial,Bitumen(Tar),Dry,No influence on accident,Clear,Pipe Line Road,Near Metro Layout Circle,5km,0.0,0.0
Bengaluru City,Kamakshipalya Traffic PS,1.04432e+16,2021,1,2,Road Accidents,Junction,City/Town,Open area,Human Error,Not Applicable,Grievous Injury,Vehicle to Vehicle,Uncontrolled,Straight and flat,Others,Bitumen(Tar),Dry,No influence on accident,Clear,Pampa Mahakavi Road,Near 4th Cross,6km,0.0,0.0
Bengaluru City,Kamakshipalya Traffic PS,1.04432e+16,2021,1,2,Road Accidents,Narrow road,City/Town,Open area,Human Error,Not Applicable,Simple Injury,Vehicle to Vehicle,Uncontrolled,Straight and flat,Others,Bitumen(Tar),Dry,No influence on accident,Clear,Amma Ashrama Road,Near Park,6km,0.0,0.0
Bengaluru City,Kamakshipalya Traffic PS,1.04432e+16,2021,1,2,Road Accidents,Narrow road,City/Town,Near a recreation place/cinema,Human Error,Not Applicable,Grievous Injury,Vehicle to Vehicle,Not Applicable,Straight and flat,Others,Bitumen(Tar),Dry,No influence on accident,Clear,Hegganahalli Main Road,Near Mohan talkies,8 KM,0.0,0.0
Bengaluru City,Kamakshipalya Traffic PS,1.04432e+16,2021,1,1,Road Accidents,Narrow road,City/Town,Near office complex,Human Error,Not Applicable,Grievous Injury,Hit pedestrian,Not at  Junction,Straight and flat,Others,Bitumen(Tar),Dry,No influence on accident,Clear,OLD RING ROAD,OLD RING ROAD,12 KM,0.0,0.0
Bengaluru City,Kamakshipalya Traffic PS,1.04432e+16,2021,1,2,Road Accidents,Narrow road,City/Town,Near Bus stop,Human Error,Yes,Grievous Injury,Vehicle to Vehicle,No signal lights,Straight and flat,State Highway,Bitumen(Tar),Dry,No influence on accident,Clear,Magadi main road,Kottigepalya bus stop,2.5km,0.0,0.0
Bengaluru City,Kamakshipalya Traffic PS,1.04432e+16,2021,1,3,Road Accidents,Junction,City/Town,Residential area,Vehicle Defect,No,Damage Only,Vehicle to Vehicle,Not Applicable,Sharp Curve,Others,Bitumen(Tar),Dry,No influence on accident,Clear,5th Main,opp to House No 38,3.5km,0.0,0.0
Bengaluru City,Kamakshipalya Traffic PS,1.04432e+16,2021,1,1,Road Accidents,Narrow road,City/Town,Open area,Human Error,Yes,Grievous Injury,Vehicle to Vehicle,Not at  Junction,Straight and flat,Service Road,Bitumen(Tar),Dry,No influence on accident,Clear,Outer Ring Road Service Road,Near summanahalli Junction,1 Km,0.0,0.0
Bengaluru City,Kamakshipalya Traffic PS,1.04432e+16,2021,1,2,Road Accidents,Not Applicable,City/Town,Near or inside a village,Human Error,No,Simple Injury,Vehicle to Vehicle,Not Applicable,Straight and flat,Residential Street,Bitumen(Tar),Ditch or Potholed,Not Applicable,Clear,12Th Main Sannkibailu Kamakshipalya,Near Madhu Matan Stall,2Km,0.0,0.0
Bengaluru City,Kamakshipalya Traffic PS,1.04432e+16,2021,1,1,Road Accidents,Narrow road,City/Town,Near Bus stop,Human Error,No,Fatal,Not Applicable,Not Applicable,Straight and flat,Arterial,Concrete,Dry,No influence on accident,Clear,Nagarabhavi Outer Ring Road,Near Kalyananagara Bus Stop,4 KM 1,0.0,0.0
Bengaluru City,Kamakshipalya Traffic PS,1.04432e+16,2021,1,2,Road Accidents,Junction,City/Town,Narrow bridge or culverts,Human Error,Yes,Fatal,Vehicle to Vehicle,Signal lights Automatic,Straight and flat,State Highway,Bitumen(Tar),Dry,No influence on accident,Clear,Magadi Main Road,Near Sumanhalli Junction,2 Km,0.0,0.0
Bengaluru City,Kamakshipalya Traffic PS,1.04432e+16,2021,1,2,Road Accidents,Narrow road,City/Town,Near Hospital,Human Error,Not Applicable,Grievous Injury,Vehicle to Vehicle,Not at  Junction,Straight and flat,Others,Bitumen(Tar),Dry,No influence on accident,Clear,Dr Siddiah Puranika Road,Near Adhishakthi Auto Consultant,7Mtr,0.0,0.0
Bengaluru City,Kamakshipalya Traffic PS,1.04432e+16,2021,1,1,Road Accidents,Junction,City/Town,Near Bus stop,Human Error,Not Applicable,Simple Injury,Hit pedestrian,Signal lights Automatic,Straight and flat,State Highway,Bitumen(Tar),Dry,No influence on accident,Clear,Magadi Main Road,Magadi Main Road,1.5km,0.0,0.0
Bengaluru City,Kamakshipalya Traffic PS,1.04432e+16,2021,1,3,Road Accidents,Junction,City/Town,Near Hospital,Human Error,No,Simple Injury,Vehicle to Vehicle,Signal lights Automatic,Straight and flat,State Highway,Bitumen(Tar),Dry,No influence on accident,Clear,Magadi Main Road,Srigandhada Kavalu Junction,2.5 km,0.0,0.0
Bengaluru City,Kamakshipalya Traffic PS,1.04432e+16,2021,1,2,Road Accidents,Curves,City/Town,Near a factory industrial area,Human Error,Not Applicable,Grievous Injury,Vehicle to Vehicle,Not at  Junction,Curve and Incline,Others,Bitumen(Tar),Dry,No influence on accident,Clear,Kebbehalla Main Road,Health layout,3.5km,0.0,0.0
Bengaluru City,Kamakshipalya Traffic PS,1.04432e+16,2021,1,1,Road Accidents,Narrow road,City/Town,Residential area,Human Error,Not Applicable,Fatal,Hit pedestrian,Not Applicable,Straight and flat,Others,Bitumen(Tar),Dry,No influence on accident,Clear,NGEF Layout Main Road,Near Bharath Fabrication,6 Km,0.0,0.0
Bengaluru City,Kamakshipalya Traffic PS,1.04432e+16,2021,1,2,Road Accidents,Narrow road,City/Town,Near office complex,Human Error,Not Applicable,Simple Injury,Vehicle to Vehicle,Not Applicable,Straight and flat,Others,Bitumen(Tar),Dry,No influence on accident,Clear,Muddinapalya Main Road,Near Mahalaksmi hardware And Glass Shop,3 Km,0.0,0.0
Bengaluru City,Kamakshipalya Traffic PS,1.04432e+16,2021,1,1,Road Accidents,Narrow road,City/Town,Near School or College,Human Error,Not Applicable,Grievous Injury,Not Applicable,Not at  Junction,Straight and flat,Others,Bitumen(Tar),Dry,No influence on accident,Clear,Hegganahlli Main Road,Near Arunodaya School,5 km,0.0,0.0
Bengaluru City,Kamakshipalya Traffic PS,1.04432e+16,2021,1,3,Road Accidents,Not Applicable,City/Town,Near Petrol Pump,Human Error,No,Grievous Injury,Vehicle to Vehicle,No signal lights,Straight and flat,State Highway,Bitumen(Tar),Dry,Not Applicable,Clear,Near Bharth Petrol Bunk magadi Main Road,Near Bharath Petrol Bunk,600mtr,0.0,0.0
Bengaluru City,Kamakshipalya Traffic PS,1.04432e+16,2021,1,2,Road Accidents,Not Applicable,City/Town,Near Petrol Pump,Human Error,No,Damage Only,Vehicle to Vehicle,Not Applicable,Straight and flat,Minor District Road,Concrete,Dry,Not Applicable,Clear,Old Outer Ring Road Kengunte Main Road,Near Hp Petrol Bunk,5Km,0.0,0.0
Bengaluru City,Kamakshipalya Traffic PS,1.04432e+16,2021,1,1,Road Accidents,Narrow road,City/Town,Open area,Human Error,Not Applicable,Fatal,Not Applicable,Not Applicable,Straight and flat,NH,Bitumen(Tar),Dry,No influence on accident,Clear,Nice Road,Near Ullala Bridge Nice Road,7KM,0.0,0.0
Bengaluru City,Kamakshipalya Traffic PS,1.04432e+16,2021,1,1,Road Accidents,Circle,City/Town,At pedestrian Crossing,Human Error,Yes,Fatal,Hit pedestrian,Signal lights Blinking,Straight and flat,Others,Concrete,Dry,No influence on accident,Clear,Old Ring Road,Near Sri Kenchamuniyappa Circle,5 KM,12.957584,77.503154
Bengaluru City,Kamakshipalya Traffic PS,1.04432e+16,2021,1,1,Road Accidents,Narrow road,City/Town,Open area,Human Error,Yes,Grievous Injury,Hit pedestrian,Not Applicable,Straight and flat,Others,Bitumen(Tar),Dry,No influence on accident,Clear,Annapoorneshawari Nagara,Near Polur Bear Ice Crime Parluor,5 KM,0.0,0.0
Bengaluru City,Kamakshipalya Traffic PS,1.04432e+16,2021,1,1,Road Accidents,Narrow road,City/Town,In bazaar,Human Error,No,Grievous Injury,Hit pedestrian,Not Applicable,Straight and flat,Service Road,Bitumen(Tar),Dry,Not Applicable,Clear,Near Aditya Bar 6Th Main Road Vrushbhavathi Nagara,Near aditya Bar,700,0.0,0.0
Bengaluru City,Kamakshipalya Traffic PS,1.04432e+16,2021,1,1,Road Accidents,Junction,City/Town,Near Bus stop,Human Error,Not Applicable,Simple Injury,Hit pedestrian,Controlled,Straight and flat,State Highway,Bitumen(Tar),Dry,Not Applicable,Clear,Magadi Main Road,Near Sumanahalli Bus Stop,1.5,0.0,0.0
Bengaluru City,Kamakshipalya Traffic PS,1.04432e+16,2021,1,2,Road Accidents,Narrow road,City/Town,Residential area,Human Error,Yes,Grievous Injury,Vehicle to Vehicle,Not at  Junction,Straight and flat,State Highway,Bitumen(Tar),Dry,Not Applicable,Clear,Near Magadi Road,Magadi Main Road,600,0.0,0.0
Bengaluru City,Kamakshipalya Traffic PS,1.04432e+16,2021,1,2,Road Accidents,Narrow road,City/Town,In bazaar,Human Error,No,Grievous Injury,Vehicle to Vehicle,Not at  Junction,Straight and flat,Residential Street,Bitumen(Tar),Dry,Not Applicable,Clear,50 Feet Road Balaji Layout Mallathahalli,Near Sri Krishna Hardwer,5KM,0.0,0.0
Bengaluru City,Kamakshipalya Traffic PS,1.04432e+16,2021,1,1,Road Accidents,Narrow road,City/Town,Near Bus stop,Human Error,Not Applicable,Fatal,Not Applicable,Not Applicable,Straight and flat,Others,Concrete,Dry,No influence on accident,Clear,Summanahalli Outer Ring Road,Near 31 BMTC Bus Depot,1.5 Km,0.0,0.0
Bengaluru City,Kamakshipalya Traffic PS,1.04432e+16,2021,1,2,Road Accidents,Not Applicable,City/Town,Near Bus stop,Human Error,No,Grievous Injury,Vehicle to Vehicle,Not at  Junction,Not Applicable,Others,Concrete,Others,Not Applicable,Fine,"Old RingRoad, Mariyappanapalya",Near Bus Stop,6KM,0.0,0.0