DISTRICTNAME,UNITNAME,Crime_No,Year,RI,Noofvehicle_involved,Accident_Classification,Accident_Spot,Accident_Location,Accident_SubLocation,Main_Cause,Hit_Run,Severity,Collision_Type,Junction_Control,Road_Character,Road_Type,Surface_Type,Surface_Condition,Road_Condition,Weather,Accident_Road,Landmark_first,Distance_LandMark_First,Latitude,Longitude
Bengaluru City,Kamakshipalya Traffic PS,1.04432e+16,2021,1,2,Rail Road Accidents,Not Applicable,City/Town,Residential area,Human Error,No,Grievous Injury,Vehicle to Vehicle,Not at  Junction,Others,Others,Bitumen(Tar),Dry,Not Applicable,Clear,5 main Road Vinayaka Layout Nagarabhavi bangalore,5th main vinayaka laout,4km,0.0,0.0
Bengaluru City,Kamakshipalya Traffic PS,1.04432e+16,2021,1,1,Road Accidents,Not Applicable,City/Town,Residential area,Human Error,No,Grievous Injury,Hit pedestrian,Not at  Junction,Others,Residential Street,Bitumen(Tar),Dry,Not Applicable,Clear,Opposite,Near Kabab,2.5km,0.0,0.0
Bengaluru City,Kamakshipalya Traffic PS,1.04432e+16,2021,1,1,Road Accidents,Narrow road,City/Town,Near Hospital,Human Error,Yes,Grievous Injury,Hit pedestrian,Not Applicable,Straight and flat,Others,Bitumen(Tar),Dry,Not Applicable,Clear,Near Unani Hospital Magadi Magadi Main Road,Near Unani Hospital,2.5 Km,0.0,0.0
Bengaluru City,Kamakshipalya Traffic PS,1.04432e+16,2021,1,1,Road Accidents,Narrow road,City/Town,Near a factory industrial area,Human Error,Not Applicable,Fatal,Hit pedestrian,Not Applicable,Not Applicable,State Highway,Bitumen(Tar),Dry,No influence on accident,Clear,Magadi Main Road,Near Beggers Colony Sales Godown,1.5 Km,0.0,0.0
Bengaluru City,Kamakshipalya Traffic PS,1.04432e+16,2021,1,1,Road Accidents,Not Applicable,City/Town,Near or inside a village,Human Error,No,Grievous Injury,Hit pedestrian,Not at  Junction,Straight and flat,Others,Bitumen(Tar),Dry,Not Applicable,Clear,Malgala Main road Near 15th Cross BangaloreCity,Mahesh Hardwer And Plywoods Shop Opposite,2km,0.0,0.0
Bengaluru City,Kamakshipalya Traffic PS,1.04432e+16,2021,1,3,Road Accidents,Not Applicable,City/Town,Residential area,Human Error,No,Damage Only,Vehicle to Vehicle,Not at  Junction,Straight and flat,Residential Street,Bitumen(Tar),Dry,Not Applicable,Clear,Near Gandhi Park Nagarabhavi 2nd Stage,Infront Green House Vegeteble Shop,5km,0.0,0.0
Bengaluru City,Kamakshipalya Traffic PS,1.04432e+16,2021,1,3,Road Accidents,Narrow road,City/Town,Near Bus stop,Human Error,No,Grievous Injury,Vehicle to Vehicle,Not at  Junction,Others,Others,Bitumen(Tar),Dry,Not Applicable,Clear,Outer Ring Road,Near Sumanahalli BMTC Depo,3 Km,0.0,0.0
Bengaluru City,Kamakshipalya Traffic PS,1.04432e+16,2021,1,1,Road Accidents,Narrow road,City/Town,Near School or College,Human Error,No,Grievous Injury,Hit pedestrian,Not at  Junction,Straight and flat,Residential Street,Bitumen(Tar),Dry,Not Applicable,Clear,Near Arunodaya School Vigneshwar Nagar Sunkadakatte,Near Arunodaya School,5Km,0.0,0.0
Bengaluru City,Kamakshipalya Traffic PS,1.04432e+16,2021,1,2,Road Accidents,Narrow road,City/Town,Near Petrol Pump,Human Error,Yes,Grievous Injury,Vehicle to Vehicle,Not Applicable,Straight and flat,Others,Bitumen(Tar),Dry,Not Applicable,Clear,Muddinpalya Main Road,Bharath Petrol Bunk,5Km,0.0,0.0
Bengaluru City,Kamakshipalya Traffic PS,1.04432e+16,2021,1,2,Road Accidents,Junction,City/Town,Near a factory industrial area,Human Error,No,Grievous Injury,Vehicle to Vehicle,No signal lights,Straight and flat,State Highway,Bitumen(Tar),Dry,Not Applicable,Clear,Magadi Main Road,Near Navaratna Bar,1.5,0.0,0.0
Bengaluru City,Kamakshipalya Traffic PS,1.04432e+16,2021,1,2,Road Accidents,Narrow road,City/Town,Near office complex,Human Error,Not Applicable,Simple Injury,Vehicle to Vehicle,Not Applicable,Straight and flat,Others,Bitumen(Tar),Dry,No influence on accident,Clear,Amma Asharama Main Road,Near Idugunji Enterprises,7 KM,0.0,0.0
Bengaluru City,Kamakshipalya Traffic PS,1.04432e+16,2021,1,1,Road Accidents,Junction,City/Town,Near School or College,Human Error,Not Applicable,Fatal,Not Applicable,Uncontrolled,Straight and flat,Others,Bitumen(Tar),Dry,No influence on accident,Clear,Bengaluru University Main Road,Near Muneshwara Temple,6 Km,0.0,0.0
Bengaluru City,Kamakshipalya Traffic PS,1.04432e+16,2021,1,3,Road Accidents,Not Applicable,City/Town,Near School or College,Human Error,Not Applicable,Damage Only,Vehicle to Vehicle,Not Applicable,Straight and flat,Others,Concrete,Dry,Engineering Defect of Road,Clear,Old Ring Road,Near Dr Ambedkar Technical institute,2 KM,0.0,0.0
Bengaluru City,Kamakshipalya Traffic PS,1.04432e+16,2021,1,1,Road Accidents,Not Applicable,City/Town,Near a factory industrial area,Human Error,No,Grievous Injury,Hit pedestrian,Not at  Junction,Others,Others,Bitumen(Tar),Dry,Not Applicable,Clear,1st main Road kaveripur Kamakshipalya,Near Temple,700mtr,0.0,0.0
Bengaluru City,Kamakshipalya Traffic PS,1.04432e+16,2021,1,2,Road Accidents,Narrow road,City/Town,Residential area,Human Error,Not Applicable,Grievous Injury,Vehicle to Vehicle,Not at  Junction,Straight and flat,Others,Concrete,Dry,Not Applicable,Clear,"Pipe Line Road, Sunkadakatte",Sunkadakatte,3KM,0.0,0.0
Bengaluru City,Kamakshipalya Traffic PS,1.04432e+16,2021,1,2,Road Accidents,Junction,City/Town,Open area,Human Error,No,Grievous Injury,Vehicle to Vehicle,No signal lights,Straight and flat,Others,Bitumen(Tar),Dry,Not Applicable,Clear,Ullala Lake Road,Near Ullala Lake,9Km,0.0,0.0
Bengaluru City,Kamakshipalya Traffic PS,1.04432e+16,2021,1,1,Road Accidents,Narrow road,City/Town,Near Bus stop,Human Error,No,Grievous Injury,Hit pedestrian,Not at  Junction,Straight and flat,State Highway,Bitumen(Tar),Dry,Not Applicable,Clear,Near Kottigepalya Bus Stop Magadi Main Road,Near Kottigepalya Bus Stop,2KM,0.0,0.0
Bengaluru City,Kamakshipalya Traffic PS,1.04432e+16,2021,1,1,Road Accidents,Narrow road,City/Town,Near office complex,Human Error,Not Applicable,Fatal,Not Applicable,Uncontrolled,Straight and flat,Others,Bitumen(Tar),Dry,No influence on accident,Clear,Outer Ring Road,Near Annapurnesharinagara Police Station,2 km,0.0,0.0
Bengaluru City,Kamakshipalya Traffic PS,1.04432e+16,2021,1,2,Road Accidents,Cross roads,City/Town,Open area,Human Error,No,Fatal,Vehicle to Vehicle,No signal lights,Straight and flat,Two way,Bitumen(Tar),Dry,No influence on accident,Clear,"Sir M V Layout, Rashtrakavi kuvempu road",near pampa mahakavi road,6km,0.0,0.0
Bengaluru City,Kamakshipalya Traffic PS,1.04432e+16,2021,1,2,Road Accidents,Narrow road,City/Town,Narrow bridge or culverts,Human Error,Not Applicable,Grievous Injury,Vehicle to Vehicle,Uncontrolled,Straight and flat,Others,Bitumen(Tar),Dry,No influence on accident,Clear,Nice Road,Near Ullala Bridge,7kM,0.0,0.0
Bengaluru City,Kamakshipalya Traffic PS,1.04432e+16,2021,1,2,Road Accidents,Junction,City/Town,Near Hospital,Human Error,Not Applicable,Grievous Injury,Vehicle to Vehicle,No signal lights,Straight and flat,Others,Bitumen(Tar),Dry,No influence on accident,Clear,Old Ring Road,Near Unity Life Line Hospital,1.5 Km,0.0,0.0
Bengaluru City,Kamakshipalya Traffic PS,1.04432e+16,2021,1,1,Road Accidents,Narrow road,City/Town,Near School or College,Human Error,Not Applicable,Grievous Injury,Not Applicable,Not Applicable,Straight and flat,Others,Bitumen(Tar),Dry,No influence on accident,Clear,Bengaluru University Main Road,Near Railway Bridge,7 Km,0.0,0.0
Bengaluru City,Kamakshipalya Traffic PS,1.04432e+16,2021,1,1,Road Accidents,Junction,City/Town,Open area,Human Error,No,Damage Only,Not Applicable,Signal lights Automatic,Straight and flat,Major District Road,Bitumen(Tar),Dry,Not Applicable,Others,Near shri gandhad kavlu magadi main Road,Near shrigandhad kavlu junction,2.5 km,0.0,0.0
Bengaluru City,Kamakshipalya Traffic PS,1.04432e+16,2021,1,1,Road Accidents,Not Applicable,City/Town,Near Petrol Pump,Human Error,Yes,Grievous Injury,Vehicle to Vehicle,Not at  Junction,Straight and flat,Service Road,Bitumen(Tar),Dry,Not Applicable,Clear,Outer Ring Road Sumanahalli,Near Bharth Petrol Bunk,2.5km,0.0,0.0
Bengaluru City,Kamakshipalya Traffic PS,1.04432e+16,2021,1,1,Road Accidents,Cross roads,City/Town,In bazaar,Human Error,No,Grievous Injury,Hit pedestrian,Not Applicable,Straight and flat,Residential Street,Bitumen(Tar),Dry,Not Applicable,Clear,60Feet Road Nagarabhavi,Near Bangar Pete Chats Shop,3.5Km,0.0,0.0
Bengaluru City,Kamakshipalya Traffic PS,1.04432e+16,2022,1,1,Road Accidents,Cross roads,City/Town,Open area,Human Error,No,Fatal,Hit pedestrian,Not at  Junction,Not Applicable,One way,Bitumen(Tar),Dry,Not Applicable,Clear,Near Bramha Devar Gutta Nice Road,Rock line School,150 Mt,0.0,0.0
Bengaluru City,Kamakshipalya Traffic PS,1.04432e+16,2022,1,2,Road Accidents,Narrow road,City/Town,Near Hospital,Human Error,Not Applicable,Fatal,Vehicle to Vehicle,Uncontrolled,Straight and flat,Sub Arterial,Concrete,Dry,Not Applicable,Clear,Old ring road,Near Aryan Hospital,7 K M,0.0,0.0
Bengaluru City,Kamakshipalya Traffic PS,1.04432e+16,2022,1,1,Road Accidents,Narrow road,City/Town,At pedestrian Crossing,Human Error,Not Applicable,Fatal,Hit pedestrian,Give way sign,Not Applicable,Sub Arterial,Concrete,Dry,Not Applicable,Clear,"Opp Ambedkar college, Old ring road,",Opp Ambedkar College,6 K M,0.0,0.0
Bengaluru City,Kamakshipalya Traffic PS,1.04432e+16,2022,1,2,Road Accidents,Junction,City/Town,Near School or College,Human Error,No,Fatal,Vehicle to Vehicle,Not Applicable,Straight and flat,Sub Arterial,Bitumen(Tar),Dry,No influence on accident,Clear,Ullala Main Road,Near Joshi Nursing School,7.5km,0.0,0.0
Bengaluru City,Kamakshipalya Traffic PS,1.04432e+16,2022,1,1,Road Accidents,Narrow road,City/Town,Residential area,Human Error,Yes,Grievous Injury,Hit pedestrian,Not at  Junction,Others,Sub Arterial,Bitumen(Tar),Dry,Not Applicable,Clear,"At House 31, 02nd Cross",Padmashree Hostel,33,0.0,0.0
Bengaluru City,Kamakshipalya Traffic PS,1.04432e+16,2022,1,2,Road Accidents,Narrow road,City/Town,Open area,Human Error,Yes,Grievous Injury,Vehicle to Vehicle,Not at  Junction,Others,Expressway,Bitumen(Tar),Dry,Not Applicable,Clear,"Outer Ring Road, Service Road",Sree Vinayaka Nilaya,74,12.964217,77.512186
Bengaluru City,Kamakshipalya Traffic PS,1.04432e+16,2022,1,2,Road Accidents,Junction,City/Town,Open area,Human Error,No,Damage Only,Vehicle to Vehicle,Not Applicable,Others,Arterial,Bitumen(Tar),Dry,Not Applicable,Clear,Doddabasti Doubal Road,Sri nagavasuki Subramanya Tempal,100ft,0.0,0.0
Bengaluru City,Kamakshipalya Traffic PS,1.04432e+16,2022,1,2,Road Accidents,Narrow road,City/Town,Open area,Human Error,Yes,Damage Only,Vehicle to Vehicle,Not at  Junction,Others,Sub Arterial,Bitumen(Tar),Dry,Not Applicable,Clear,Ullala Dubal Road,Chandru ENT Center,40,0.0,0.0
Bengaluru City,Kamakshipalya Traffic PS,1.04432e+16,2022,1,1,Road Accidents,Narrow road,City/Town,Open area,Human Error,No,Grievous Injury,Hit pedestrian,Not at  Junction,Others,Arterial,Bitumen(Tar),Dry,Not Applicable,Clear,Malagala Bus Stop,Anjandrii woods,8Ft,0.0,0.0
Bengaluru City,Kamakshipalya Traffic PS,1.04432e+16,2022,1,1,Road Accidents,Curves,City/Town,Open area,Human Error,No,Grievous Injury,Not Applicable,Uncontrolled,Curve,Others,Concrete,Dry,Not Applicable,Clear,"Nammora Thindi Hotel Junction Uppar Flyover, Nagarabhavi Outre Ring Road",Nagarabhavi Outre Ring Road,4KM,0.0,0.0
Bengaluru City,Kamakshipalya Traffic PS,1.04432e+16,2022,1,1,Road Accidents,Narrow road,City/Town,Near School or College,Human Error,No,Grievous Injury,Hit pedestrian,Not Applicable,Straight and flat,State Highway,Bitumen(Tar),Dry,Not Applicable,Clear,"Magadi main road,",Magadi main road,4 kM,0.0,0.0
Bengaluru City,Kamakshipalya Traffic PS,1.04432e+16,2022,1,2,Road Accidents,Narrow road,City/Town,Near Bus stop,Not Applicable,No,Damage Only,Vehicle to Vehicle,Give way sign,Straight and flat,Sub Arterial,Concrete,Dry,Not Applicable,Clear,"Old Ring road, Mariyappanapalya",Mariyappanapalya,7.5km,0.0,0.0
Bengaluru City,Kamakshipalya Traffic PS,1.04432e+16,2022,1,3,Road Accidents,Curves,City/Town,Open area,Human Error,No,Fatal,Not Applicable,Uncontrolled,Slight Curve,Arterial,Concrete,Dry,Not Applicable,Fine,Nagarabhavi Ring road,1,1,0.0,0.0
Bengaluru City,Kamakshipalya Traffic PS,1.04432e+16,2022,1,1,Road Accidents,Narrow road,City/Town,Open area,Human Error,Yes,Fatal,Hit pedestrian,Not Applicable,Straight and flat,Sub Arterial,Bitumen(Tar),Dry,Not Applicable,Clear,"Old Double road Ullala, Visweshwaraiah layout road,",Kenchanapura Cross,13 K M,0.0,0.0
Bengaluru City,Kamakshipalya Traffic PS,1.04432e+16,2022,1,1,Road Accidents,Not Applicable,City/Town,Open area,Human Error,No,Grievous Injury,Hit pedestrian,Uncontrolled,Others,Residential Street,Bitumen(Tar),Dry,Not Applicable,Fine,"opp Mallathahalli bus stop, Old ring road",Electrical Pole,42feet,0.0,0.0
Bengaluru City,Kamakshipalya Traffic PS,1.04432e+16,2022,1,1,Road Accidents,Circle,City/Town,Near School or College,Human Error,Yes,Fatal,Not Applicable,Uncontrolled,Straight and flat,Sub Arterial,Bitumen(Tar),Dry,Not Applicable,Fine,Jnanabharathi Main Road,Tree,50,0.0,0.0
Bengaluru City,Kamakshipalya Traffic PS,1.04432e+16,2022,1,2,Road Accidents,Not Applicable,City/Town,Residential area,Human Error,No,Grievous Injury,Vehicle to Vehicle,Uncontrolled,Others,Residential Street,Bitumen(Tar),Dry,Not Applicable,Fine,Kamakshipalya Pooja Kalyan Mantapa,electrical Pole,15feet,0.0,0.0
Bengaluru City,Kamakshipalya Traffic PS,1.04432e+16,2022,1,1,Road Accidents,Narrow road,City/Town,Open area,Human Error,Yes,Grievous Injury,Hit pedestrian,No signal lights,Not Applicable,Arterial,Bitumen(Tar),Dry,Not Applicable,Clear,"Old Ring Road, Nagadevanahalli Bus Stop",Yokohama,20ft,0.0,0.0
Bengaluru City,Kamakshipalya Traffic PS,1.04432e+16,2022,1,2,Road Accidents,Narrow road,City/Town,Residential area,Human Error,No,Damage Only,Vehicle to Vehicle,Give way sign,Straight and flat,Sub Arterial,Bitumen(Tar),Dry,Not Applicable,Clear,"Magadi Main road,",Ashraya Junction,3.5,0.0,0.0
Bengaluru City,Kamakshipalya Traffic PS,1.04432e+16,2022,1,1,Road Accidents,Narrow road,City/Town,Near School or College,Human Error,No,Grievous Injury,Hit pedestrian,Not Applicable,Straight and flat,Others,Bitumen(Tar),Dry,Not Applicable,Clear,Doddabasthi Main Road,Near Nammura Tindi Hotel,13 KM,0.0,0.0
Bengaluru City,Kamakshipalya Traffic PS,1.04432e+16,2022,1,1,Road Accidents,Junction,City/Town,Near office complex,Human Error,No,Simple Injury,Hit bicyclist,Uncontrolled,Straight and flat,Others,Bitumen(Tar),Dry,No influence on accident,Clear,60 Ft Roaad,Near SV Enterprisess,7 Km,0.0,0.0
Bengaluru City,Kamakshipalya Traffic PS,1.04432e+16,2022,1,1,Road Accidents,Not Applicable,City/Town,Near School or College,Human Error,No,Fatal,Hit pedestrian,Not Applicable,Straight and flat,Arterial,Concrete,Dry,No influence on accident,Clear,Old Ring Road,Near PVP School,7.5 Km,0.0,0.0
Bengaluru City,Kamakshipalya Traffic PS,1.04432e+16,2022,1,2,Road Accidents,Narrow road,City/Town,Near Bus stop,Human Error,Yes,Damage Only,Vehicle to Vehicle,Not Applicable,Straight and flat,Sub Arterial,Concrete,Dry,Not Applicable,Clear,"Outer ring road, Near BMTC Bus dipot Choudeshwari Bus Stop",Near choudeshwari bus stop,4 KM,0.0,0.0
Bengaluru City,Kamakshipalya Traffic PS,1.04432e+16,2022,1,2,Road Accidents,Not Applicable,City/Town,Residential area,Human Error,No,Grievous Injury,Vehicle to Vehicle,Controlled,Others,Residential Street,Bitumen(Tar),Dry,Not Applicable,Fine,OLD RING ROAD NEAR DAMRO SHOW ROOM,ELECTRICAL POLE,70FEET,0.0,0.0
Bengaluru City,Kamakshipalya Traffic PS,1.04432e+16,2022,1,1,Road Accidents,Narrow road,City/Town,Open area,Human Error,No,Grievous Injury,Hit pedestrian,Uncontrolled,Others,Residential Street,Bitumen(Tar),Dry,Not Applicable,Fine,Muddinapalya main road near florish apartment,electrical pole,25feet,0.0,0.0
Bengaluru City,Kamakshipalya Traffic PS,1.04432e+16,2022,1,1,Road Accidents,Not Applicable,City/Town,Residential area,Human Error,Yes,Fatal,Hit pedestrian,Uncontrolled,Straight and flat,Residential Street,Bitumen(Tar),Dry,Not Applicable,Fine,Madduramma Layout 5 th Cross,Electric Pole,23,0.129975,0.77507637
Bengaluru City,Kamakshipalya Traffic PS,1.04432e+16,2022,1,2,Road Accidents,Not Applicable,City/Town,Residential area,Human Error,No,Grievous Injury,Vehicle to Vehicle,Uncontrolled,Others,Residential Street,Bitumen(Tar),Dry,Not Applicable,Fine,Ullala Double Road Near Mariyappan palya,Electrical Pole,6feet,0.0,0.0
Bengaluru City,Kamakshipalya Traffic PS,1.04432e+16,2022,1,3,Road Accidents,Narrow road,City/Town,Open area,Human Error,No,Damage Only,Vehicle to Vehicle,Not at  Junction,Others,Arterial,Bitumen(Tar),Dry,Not Applicable,Clear,"Outer Ring Road, BMTC Bus Depo",BMTC Bus Depo,36 Ft,0.0,0.0
Bengaluru City,Kamakshipalya Traffic PS,1.04432e+16,2022,1,2,Road Accidents,Narrow road,City/Town,Open area,Human Error,No,Grievous Injury,Vehicle to Vehicle,Not at  Junction,Others,Sub Arterial,Bitumen(Tar),Dry,Not Applicable,Clear,Pariksha Bhavan,Pariksha Bhavan,32,0.0,0.0
Bengaluru City,Kamakshipalya Traffic PS,1.04432e+16,2022,1,1,Road Accidents,Narrow road,City/Town,Near Bus stop,Human Error,No,Grievous Injury,Hit pedestrian,Not Applicable,Straight and flat,State Highway,Bitumen(Tar),Dry,Not Applicable,Clear,Near Kottigepalya Bus Stop Magadi Main Road,Near Kottigepalya Bus stop,3Km,0.0,0.0
Bengaluru City,Kamakshipalya Traffic PS,1.04432e+16,2022,1,2,Road Accidents,Junction,City/Town,Open area,Human Error,No,Grievous Injury,Vehicle to Vehicle,No signal lights,Not Applicable,Others,Bitumen(Tar),Dry,Not Applicable,Clear,"100 Feet Road, 6th Block, Vishweswaraiah Layout",Vishweswaraiah Layout,8KM,0.0,0.0
Bengaluru City,Kamakshipalya Traffic PS,1.04432e+16,2022,1,2,Road Accidents,Circle,City/Town,Open area,Human Error,No,Grievous Injury,Vehicle to Vehicle,Uncontrolled,Not Applicable,Others,Concrete,Others,Not Applicable,Clear,"Near PapareddyPalya Circle, Old Ring Road, Nagarabhavi",Nagarabhavi Old Ring Road,4KM,0.0,0.0
Bengaluru City,Kamakshipalya Traffic PS,1.04432e+16,2022,1,1,Road Accidents,Not Applicable,City/Town,Near a factory industrial area,Human Error,No,Damage Only,Not Applicable,Uncontrolled,Straight and flat,Others,Bitumen(Tar),Dry,Not Applicable,Clear,Vighneshwara Nagar Sunkadakatte,Near Nishanth Moulding Company,5Km,0.0,0.0
Bengaluru City,Kamakshipalya Traffic PS,1.04432e+16,2022,1,2,Road Accidents,Junction,City/Town,Open area,Human Error,No,Simple Injury,Vehicle to Vehicle,No signal lights,Others,Service Road,Concrete,Dry,Not Applicable,Clear,Malagala Under Pass Nagarabhavi Outer Ring Road,Near Malagal Under Pass,2.5 Km,0.0,0.0
Bengaluru City,Kamakshipalya Traffic PS,1.04432e+16,2022,1,1,Road Accidents,Narrow road,City/Town,Residential area,Human Error,Not Applicable,Grievous Injury,Not Applicable,Give way sign,Straight and flat,Sub Arterial,Bitumen(Tar),Dry,Not Applicable,Clear,"L Street 1st Mai road,",Nagarabhavi,2 KM,0.0,0.0
Bengaluru City,Kamakshipalya Traffic PS,1.04432e+16,2022,1,1,Road Accidents,Not Applicable,City/Town,Near Bus stop,Human Error,Not Applicable,Fatal,Hit pedestrian,No signal lights,Straight and flat,Sub Arterial,Bitumen(Tar),Dry,No influence on accident,Clear,Hegganahalli Main Road,Near Neelagirithopu Bus Stop,8 Km,0.0,0.0
Bengaluru City,Kamakshipalya Traffic PS,1.04432e+16,2022,1,2,Road Accidents,Narrow road,City/Town,Open area,Human Error,No,Grievous Injury,Vehicle to Vehicle,Not at  Junction,Others,State Highway,Bitumen(Tar),Dry,Not Applicable,Clear,Oppt Samruddi Hotel,Oppt Samruddi Hotel,10ft,0.0,0.0
Bengaluru City,Kamakshipalya Traffic PS,1.04432e+16,2022,1,1,Road Accidents,Not Applicable,City/Town,Near Bus stop,Human Error,Not Applicable,Fatal,Not Applicable,Uncontrolled,Straight and flat,Sub Arterial,Concrete,Dry,No influence on accident,Clear,Nagarabhavi  Ouuter Ring Road,Near Sumanahalli Cemetry,2 km,0.0,0.0
Bengaluru City,Kamakshipalya Traffic PS,1.04432e+16,2022,1,2,Road Accidents,Not Applicable,City/Town,Open area,Human Error,No,Grievous Injury,Vehicle to Vehicle,Uncontrolled,Others,Arterial,Concrete,Dry,Not Applicable,Fine,Nagarabhavi Outer Ring Road Near Annapurneshwari Old Satation,electrical Pole,61feet,0.0,0.0
Bengaluru City,Kamakshipalya Traffic PS,1.04432e+16,2022,1,1,Road Accidents,Not Applicable,City/Town,Near office complex,Human Error,No,Fatal,Hit pedestrian,Uncontrolled,Straight and flat,One way,Concrete,Others,Not Applicable,Fine,Ring road,ICICI Bank,Car Sh,0.0,0.0
Bengaluru City,Kamakshipalya Traffic PS,1.04432e+16,2022,1,2,Road Accidents,Narrow road,City/Town,Near Petrol Pump,Human Error,Yes,Grievous Injury,Vehicle to Vehicle,Not at  Junction,Others,State Highway,Bitumen(Tar),Dry,Not Applicable,Clear,"Magadi Road, Bharath Petrol Bank",bharath Petrol Bank,50FT,0.0,0.0
Bengaluru City,Kamakshipalya Traffic PS,1.04432e+16,2022,1,1,Road Accidents,Narrow road,City/Town,Near office complex,Human Error,No,Grievous Injury,Hit pedestrian,Not at  Junction,Others,Sub Arterial,Bitumen(Tar),Dry,Not Applicable,Clear,Near Divya Fashioners Shop,Divya Fashioners Shop,22 Ft,0.0,0.0
Bengaluru City,Kamakshipalya Traffic PS,1.04432e+16,2022,1,1,Road Accidents,Narrow road,City/Town,Open area,Human Error,No,Simple Injury,Hit pedestrian,Not at  Junction,Others,Arterial,Bitumen(Tar),Dry,Not Applicable,Clear,Kavana  Condiments,Sara Digital,11,0.0,0.0
Bengaluru City,Kamakshipalya Traffic PS,1.04432e+16,2022,1,2,Road Accidents,Junction,City/Town,Open area,Human Error,Yes,Grievous Injury,Vehicle to Vehicle,No signal lights,Others,Arterial,Bitumen(Tar),Others,Not Applicable,Clear,SLV Juice,SLV Juice,35Ft,0.0,0.0
Bengaluru City,Kamakshipalya Traffic PS,1.04432e+16,2022,1,2,Road Accidents,Not Applicable,City/Town,Narrow bridge or culverts,Human Error,Yes,Fatal,Vehicle to Vehicle,Uncontrolled,Straight and flat,Sub Arterial,Concrete,Dry,No influence on accident,Clear,Outer Ring Road,Near Arwin Vidya Mandira,3.5 km,0.0,0.0
Bengaluru City,Kamakshipalya Traffic PS,1.04432e+16,2022,1,1,Road Accidents,Narrow road,City/Town,Open area,Human Error,No,Grievous Injury,Hit pedestrian,Not at  Junction,Others,One way,Bitumen(Tar),Dry,Not Applicable,Clear,Kottigepalya Bus Stop,Sri Ganesh Upahara,34 Ft,0.0,0.0
Bengaluru City,Kamakshipalya Traffic PS,1.04432e+16,2022,1,2,Road Accidents,Not Applicable,City/Town,Open area,Human Error,No,Grievous Injury,Vehicle to Vehicle,Uncontrolled,Others,Residential Street,Bitumen(Tar),Dry,Not Applicable,Fine,"Jnanabharathi University Main Road, Near Pradarshan Kal Vibhaga",Tree,12feet,0.0,0.0
Bengaluru City,Kamakshipalya Traffic PS,1.04432e+16,2022,1,2,Road Accidents,Narrow road,City/Town,Near School or College,Human Error,No,Damage Only,Vehicle to Vehicle,Not at  Junction,Straight and flat,Others,Bitumen(Tar),Dry,Not Applicable,Clear,Near Chaitanya School Old Outer Ring Road,Near Chaitanya School,10 KM,0.0,0.0
Bengaluru City,Kamakshipalya Traffic PS,1.04432e+16,2022,1,2,Road Accidents,Not Applicable,City/Town,Near Hospital,Human Error,No,Grievous Injury,Vehicle to Vehicle,Uncontrolled,Others,State Highway,Bitumen(Tar),Others,Not Applicable,Clear,"Magadi Main Road,",Magadi Main Road,4KM,0.0,0.0
Bengaluru City,Kamakshipalya Traffic PS,1.04432e+16,2022,1,2,Road Accidents,Junction,City/Town,Open area,Human Error,No,Grievous Injury,Vehicle to Vehicle,Uncontrolled,Not Applicable,Others,Bitumen(Tar),Others,Not Applicable,Clear,"Near SLN Baik Gyarej, Old Outre Ring Road,  Ullala Upanagara",Ullala Old Outre Ring Road,12 KM,0.0,0.0
Bengaluru City,Kamakshipalya Traffic PS,1.04432e+16,2022,1,2,Road Accidents,Not Applicable,City/Town,Near Bus stop,Human Error,No,Grievous Injury,Vehicle to Vehicle,Not at  Junction,Straight and flat,State Highway,Bitumen(Tar),Dry,Not Applicable,Clear,Magadi Main Road,Near Kottigepalya Bus Stop,2.5 Km,0.0,0.0
Bengaluru City,Kamakshipalya Traffic PS,1.04432e+16,2022,1,1,Road Accidents,Cross roads,City/Town,Open area,Human Error,No,Grievous Injury,Hit pedestrian,Not at  Junction,Slight Curve,Sub Arterial,Bitumen(Tar),Dry,Not Applicable,Clear,Near Bramhasri Upahar Hotel,Near Bramhasri Upahar Hotel,20ft,0.0,0.0
Bengaluru City,Kamakshipalya Traffic PS,1.04432e+16,2022,1,2,Not Applicable,Narrow road,City/Town,Residential area,Human Error,No,Grievous Injury,Vehicle to Vehicle,No signal lights,Others,Residential Street,Bitumen(Tar),Not Applicable,Not Applicable,Clear,K K Layout Main Road,PapareddyPalya,5KM,0.0,0.0
Bengaluru City,Kamakshipalya Traffic PS,1.04432e+16,2022,1,2,Road Accidents,Junction,City/Town,Open area,Human Error,No,Grievous Injury,Vehicle to Vehicle,Uncontrolled,Straight and flat,Arterial,Bitumen(Tar),Dry,No influence on accident,Clear,Malagala Under pass,Malagala Under pass,3 km,0.0,0.0
Bengaluru City,Kamakshipalya Traffic PS,1.04432e+16,2022,1,3,Road Accidents,Curves,City/Town,Open area,Human Error,Yes,Grievous Injury,Vehicle to Vehicle,Not at  Junction,Others,Arterial,Bitumen(Tar),Dry,Not Applicable,Clear,"Outer Ring Road, nammura Tindi Hotel",Nmmura Thindi,180,0.0,0.0