DISTRICTNAME,UNITNAME,Crime_No,Year,RI,Noofvehicle_involved,Accident_Classification,Accident_Spot,Accident_Location,Accident_SubLocation,Main_Cause,Hit_Run,Severity,Collision_Type,Junction_Control,Road_Character,Road_Type,Surface_Type,Surface_Condition,Road_Condition,Weather,Accident_Road,Landmark_first,Distance_LandMark_First,Latitude,Longitude
Bengaluru City,Kamakshipalya Traffic PS,1.04432e+16,2022,1,2,Road Accidents,Not Applicable,Rural Areas,Residential area,Human Error,No,Damage Only,Vehicle to Vehicle,Uncontrolled,Others,Residential Street,Bitumen(Tar),Dry,Not Applicable,Fine,"NAGARABHAVI OUTER RING, NAMMUR THINDI HOTEL",ELECTRICAL POLE,30FEET,0.0,0.0
Bengaluru City,Kamakshipalya Traffic PS,1.04432e+16,2022,1,1,Road Accidents,Narrow road,City/Town,Open area,Human Error,No,Grievous Injury,Hit pedestrian,Uncontrolled,Others,Residential Street,Bitumen(Tar),Dry,Not Applicable,Fine,Old outer ring road Near Shivakumar swamy Kalyan Mantap,elecrtrical pole,15feet,0.0,0.0
Bengaluru City,Kamakshipalya Traffic PS,1.04432e+16,2022,1,1,Road Accidents,Junction,City/Town,Near Bus stop,Human Error,No,Grievous Injury,Hit pedestrian,No signal lights,Others,State Highway,Bitumen(Tar),Dry,Not Applicable,Clear,1st Main Kamakshipalya,Thirumala Bar,38 Ft,12.983902,77.528991
Bengaluru City,Kamakshipalya Traffic PS,1.04432e+16,2022,1,1,Road Accidents,Narrow road,City/Town,Open area,Human Error,No,Grievous Injury,Hit pedestrian,Not at  Junction,Others,Sub Arterial,Bitumen(Tar),Dry,Not Applicable,Clear,Near Arunodaya School,Arunodaya School,28 Ft,0.0,0.0
Bengaluru City,Kamakshipalya Traffic PS,1.04432e+16,2022,1,2,Road Accidents,Narrow road,City/Town,Near a religious place,Human Error,No,Grievous Injury,Vehicle to Vehicle,Not Applicable,Straight and flat,Others,Concrete,Dry,Not Applicable,Clear,Old Outer Ring Road Papareddyapalya,Near Hindu Dharamika Bhavan,4 Km,0.0,0.0
Bengaluru City,Kamakshipalya Traffic PS,1.04432e+16,2022,1,1,Road Accidents,Not Applicable,City/Town,Near School or College,Human Error,No,Grievous Injury,Not Applicable,Uncontrolled,Straight and flat,One way,Bitumen(Tar),Dry,Not Applicable,Clear,Old Outer ring road,Elcectric Pole,1,0.0,0.0
Bengaluru City,Kamakshipalya Traffic PS,1.04432e+16,2022,1,2,Road Accidents,Road hump or Rumble strips,City/Town,Open area,Human Error,No,Fatal,Vehicle to Vehicle,Uncontrolled,Straight and flat,Two way,Bitumen(Tar),Wet,Not Applicable,Fine,alagala Main road,Sumantrh Hotel,1,0.0,0.0
Bengaluru City,Kamakshipalya Traffic PS,1.04432e+16,2022,1,1,Road Accidents,Not Applicable,City/Town,Open area,Human Error,No,Fatal,Not Applicable,Uncontrolled,Straight and flat,NH,Concrete,Others,Not Applicable,Fine,Nice Road,1,30,0.0,0.0
Bengaluru City,Kamakshipalya Traffic PS,1.04432e+16,2022,1,2,Road Accidents,Narrow road,City/Town,Near School or College,Human Error,No,Grievous Injury,Vehicle to Vehicle,Not Applicable,Others,Sub Arterial,Bitumen(Tar),Dry,Not Applicable,Clear,Jnanabarathi Campus,Near Pariksha Bhavan,20ft,0.0,0.0
Bengaluru City,Kamakshipalya Traffic PS,1.04432e+16,2022,1,2,Road Accidents,Narrow road,City/Town,Open area,Human Error,Yes,Grievous Injury,Vehicle to Vehicle,Not at  Junction,Others,Sub Arterial,Bitumen(Tar),Dry,Not Applicable,Clear,Fire Cools,Fire Cools,20ft,0.0,0.0
Bengaluru City,Kamakshipalya Traffic PS,1.04432e+16,2022,1,2,Road Accidents,Narrow road,City/Town,Near Bus stop,Human Error,Not Applicable,Grievous Injury,Vehicle to Vehicle,Uncontrolled,Incline,State Highway,Bitumen(Tar),Dry,No influence on accident,Clear,Magadi main Road,Near Kottigepalya Bus Stop,2.5 Km,0.0,0.0
Bengaluru City,Kamakshipalya Traffic PS,1.04432e+16,2022,1,2,Road Accidents,Narrow road,City/Town,Near School or College,Human Error,No,Grievous Injury,Vehicle to Vehicle,Not Applicable,Straight and flat,Others,Bitumen(Tar),Dry,Not Applicable,Clear,Near Railway Track Jnanabharathi,Near Jnanabharathi Railway Track,10 Km,0.0,0.0
Bengaluru City,Kamakshipalya Traffic PS,1.04432e+16,2022,1,1,Road Accidents,Narrow road,City/Town,Near Bus stop,Human Error,Not Applicable,Simple Injury,Hit pedestrian,Uncontrolled,Straight and flat,Arterial,Bitumen(Tar),Dry,No influence on accident,Clear,Old Ring Road,Near Ullala Junction,5 Km,0.0,0.0
Bengaluru City,Kamakshipalya Traffic PS,1.04432e+16,2022,1,2,Road Accidents,Junction,City/Town,Near School or College,Human Error,Not Applicable,Damage Only,Vehicle to Vehicle,Signal lights Automatic,Straight and flat,Sub Arterial,Bitumen(Tar),Dry,No influence on accident,Clear,Univesrsity Main Road,Near Jnanbharathi signal,6 Km,0.0,0.0
Bengaluru City,Kamakshipalya Traffic PS,1.04432e+16,2022,1,1,Road Accidents,Not Applicable,City/Town,Narrow bridge or culverts,Human Error,Not Applicable,Fatal,Not Applicable,Not Applicable,Straight and flat,Arterial,Concrete,Dry,No influence on accident,Clear,Outer Ring Road,Near Malagala  under Pass,2 Km,0.0,0.0
Bengaluru City,Kamakshipalya Traffic PS,1.04432e+16,2022,1,1,Road Accidents,Junction,City/Town,Near Bus stop,Human Error,Not Applicable,Grievous Injury,Hit pedestrian,Signal lights Blinking,Not Applicable,Others,Concrete,Dry,No influence on accident,Clear,Nagrabhavi  outer Ring Road,Near Ravi Gym Bus stop,2.5 Km,0.0,0.0
Bengaluru City,Kamakshipalya Traffic PS,1.04432e+16,2022,1,1,Road Accidents,Offset,City/Town,Near Bus stop,Human Error,Yes,Grievous Injury,Hit pedestrian,Signal lights Blinking,Straight and flat,State Highway,Bitumen(Tar),Dry,No influence on accident,Clear,Magadi Main Road,Near Kottigepalya Bus Stop,2.5,0.0,0.0
Bengaluru City,Kamakshipalya Traffic PS,1.04432e+16,2022,1,2,Road Accidents,Junction,City/Town,Near Hospital,Human Error,Yes,Grievous Injury,Vehicle to Vehicle,Not Applicable,Others,Arterial,Bitumen(Tar),Dry,Not Applicable,Clear,Oppt Unity Life Line Hospital,Unity Life Line Hospital,28 Ft,0.0,0.0
Bengaluru City,Kamakshipalya Traffic PS,1.04432e+16,2022,1,1,Road Accidents,Narrow road,City/Town,Open area,Human Error,Yes,Grievous Injury,Hit pedestrian,Not at  Junction,Others,Two way,Concrete,Dry,Not Applicable,Clear,Outer Ring Road,Near BMTC Depo,3KM,0.0,0.0
Bengaluru City,Kamakshipalya Traffic PS,1.04432e+16,2022,1,1,Road Accidents,Narrow road,City/Town,Open area,Human Error,Not Applicable,Grievous Injury,Not Applicable,Uncontrolled,Straight and flat,One way,Bitumen(Tar),Dry,Pot holed,Fine,Service road,1,25,0.0,0.0
Bengaluru City,Kamakshipalya Traffic PS,1.04432e+16,2022,1,2,Road Accidents,Not Applicable,City/Town,Open area,Human Error,No,Fatal,Vehicle to Vehicle,Uncontrolled,Straight and flat,NH,Bitumen(Tar),Dry,Not Applicable,Fine,Nice Orad,Board,50,0.0,0.0
Bengaluru City,Kamakshipalya Traffic PS,1.04432e+16,2022,1,1,Road Accidents,Junction,City/Town,Residential area,Human Error,No,Grievous Injury,Hit pedestrian,No signal lights,Others,Sub Arterial,Bitumen(Tar),Dry,Not Applicable,Clear,Guru Ragavendra Juse & Candimentes,Guru Ragavendra Juse & Candimentes,3 Ft,0.0,0.0
Bengaluru City,Kamakshipalya Traffic PS,1.04432e+16,2022,1,2,Road Accidents,Not Applicable,City/Town,Near a factory industrial area,Human Error,Yes,Fatal,Hit pedestrian,Uncontrolled,Straight and flat,Others,Bitumen(Tar),Dry,Not Applicable,Fine,Ramamndira Road Kaveripura Kamakshipalaya,Street light Pole,15,0.0,0.0
Bengaluru City,Kamakshipalya Traffic PS,1.04432e+16,2022,1,2,Road Accidents,Narrow road,City/Town,Residential area,Human Error,No,Fatal,Vehicle to Vehicle,Uncontrolled,Others,Residential Street,Concrete,Dry,Not Applicable,Fine,"Magadi Main Road, Ashraya Hospital Junction",electrical Pole,40feet,0.0,0.0
Bengaluru City,Kamakshipalya Traffic PS,1.04432e+16,2022,1,1,Road Accidents,Junction,City/Town,Near office complex,Human Error,Not Applicable,Grievous Injury,Hit pedestrian,Uncontrolled,Straight and flat,Sub Arterial,Bitumen(Tar),Dry,No influence on accident,Clear,Kebbehalla main Road,Near Raw man Cloth Center,3.5 Km,0.0,0.0
Bengaluru City,Kamakshipalya Traffic PS,1.04432e+16,2022,1,2,Road Accidents,Narrow road,City/Town,Residential area,Human Error,Yes,Grievous Injury,Vehicle to Vehicle,Not Applicable,Straight and flat,Residential Street,Bitumen(Tar),Dry,Not Applicable,Clear,Budda Hostel Road,Near Vinayak Enterprises,4Km,0.0,0.0
Bengaluru City,Kamakshipalya Traffic PS,1.04432e+16,2022,1,1,Road Accidents,Junction,City/Town,Near a factory industrial area,Human Error,No,Damage Only,Not Applicable,No signal lights,Gentle Incline or Climb,Service Road,Concrete,Dry,No influence on accident,Clear,Oter Ring Road Servie Road,Near Malagala Under Pass,2.5 KM,0.0,0.0
Bengaluru City,Kamakshipalya Traffic PS,1.04432e+16,2022,1,2,Road Accidents,Narrow road,City/Town,Open area,Human Error,Yes,Grievous Injury,Vehicle to Vehicle,Not at  Junction,Others,Not Applicable,Bitumen(Tar),Dry,Not Applicable,Clear,Near Frist Cry Shop old Outer Ring Road,Frist Cry Shop,48ft,0.0,0.0
Bengaluru City,Kamakshipalya Traffic PS,1.04432e+16,2022,1,2,Road Accidents,Not Applicable,City/Town,Residential area,Human Error,Yes,Damage Only,Vehicle to Vehicle,Not at  Junction,Others,Others,Bitumen(Tar),Dry,Not Applicable,Clear,"House NO:178/4, 04th Main Sunkadakatte",mane,30Ft,0.0,0.0
Bengaluru City,Kamakshipalya Traffic PS,1.04432e+16,2022,1,1,Road Accidents,Narrow road,City/Town,Open area,Human Error,No,Grievous Injury,Not Applicable,Not at  Junction,Not Applicable,NH,Bitumen(Tar),Dry,Not Applicable,Clear,"Near ramasandra Lake, NICE Road",Near Ramasandra Lake,108 Ft,0.0,0.0
Bengaluru City,Kamakshipalya Traffic PS,1.04432e+16,2022,1,1,Road Accidents,Not Applicable,City/Town,Residential area,Human Error,No,Grievous Injury,Not Applicable,Uncontrolled,Others,Residential Street,Bitumen(Tar),Dry,Not Applicable,Fine,Nagarabhavi ring road opp sri male mahadeshwar temple,electrical pole,10feet,0.0,0.0
Bengaluru City,Kamakshipalya Traffic PS,1.04432e+16,2022,1,1,Road Accidents,Narrow road,City/Town,Open area,Human Error,No,Grievous Injury,Vehicle to Vehicle,No signal lights,Others,Others,Bitumen(Tar),Dry,Not Applicable,Clear,Jnanabarathi Police Station,Jnanabarathi Police Station,45 Ft,0.0,0.0
Bengaluru City,Kamakshipalya Traffic PS,1.04432e+16,2022,1,1,Road Accidents,Not Applicable,City/Town,Residential area,Human Error,No,Grievous Injury,Hit pedestrian,Controlled,Others,Sub Arterial,Concrete,Dry,Not Applicable,Fine,"Older outer ring road, near nagarabhavi 80feet road",electrical pole,50feet,0.0,0.0
Bengaluru City,Kamakshipalya Traffic PS,1.04432e+16,2022,1,1,Road Accidents,Narrow road,City/Town,Residential area,Human Error,No,Grievous Injury,Not Applicable,Not Applicable,Straight and flat,Others,Bitumen(Tar),Dry,Not Applicable,Clear,60 Feet Road Health Layout Nagarabhavi,Near SBI ATM,5KM,0.0,0.0
Bengaluru City,Kamakshipalya Traffic PS,1.04432e+16,2022,1,1,Road Accidents,Narrow road,City/Town,In bazaar,Human Error,Yes,Grievous Injury,Hit pedestrian,No signal lights,Straight and flat,State Highway,Bitumen(Tar),Dry,Not Applicable,Clear,Navaratna Bar Magadi Main Road,Near Navaratna Bar,600Mtr,0.0,0.0
Bengaluru City,Kamakshipalya Traffic PS,1.04432e+16,2022,1,2,Road Accidents,Narrow road,City/Town,Narrow bridge or culverts,Human Error,Not Applicable,Grievous Injury,Vehicle to Vehicle,Not Applicable,Straight and flat,Arterial,Bitumen(Tar),Dry,No influence on accident,Clear,magadi mainRoad,Near Salarpuriya Apartment,1 Km,0.0,0.0
Bengaluru City,Kamakshipalya Traffic PS,1.04432e+16,2022,1,2,Road Accidents,Narrow road,City/Town,Residential area,Human Error,No,Damage Only,Vehicle to Vehicle,Uncontrolled,Straight and flat,Others,Bitumen(Tar),Dry,Not Applicable,Clear,Amma Ashram Main Road,Near Apollo Pharmacy,10,0.0,0.0
Bengaluru City,Kamakshipalya Traffic PS,1.04432e+16,2022,1,2,Road Accidents,Cross roads,City/Town,Residential area,Human Error,Yes,Grievous Injury,Vehicle to Vehicle,Not at  Junction,Straight and flat,Others,Bitumen(Tar),Dry,Not Applicable,Clear,1St Main Road BDA Layout 4Th Block,Near 1St Main Road,3.5Km,0.0,0.0
Bengaluru City,Kamakshipalya Traffic PS,1.04432e+16,2022,1,2,Road Accidents,Narrow road,City/Town,Near office complex,Human Error,Yes,Grievous Injury,Vehicle to Vehicle,Give way sign,Straight and flat,State Highway,Bitumen(Tar),Dry,No influence on accident,Clear,Magadi main road,Near Muruli corner  magadi main road sunkadakatte,3.5 KM,0.0,0.0
Bengaluru City,Kamakshipalya Traffic PS,1.04432e+16,2022,1,1,Road Accidents,Narrow road,City/Town,Near office complex,Human Error,No,Grievous Injury,Hit pedestrian,Not at  Junction,Others,Two way,Bitumen(Tar),Dry,Not Applicable,Clear,"Infront Of Guru Bar, Muddinapalya",Guru Bar,8 Metr,0.0,0.0
Bengaluru City,Kamakshipalya Traffic PS,1.04432e+16,2022,1,2,Road Accidents,Cross roads,City/Town,Narrow bridge or culverts,Human Error,No,Grievous Injury,Vehicle to Vehicle,Give way sign,Straight and flat,Service Road,Bitumen(Tar),Dry,Not Applicable,Clear,Malagala Under pass,Malagala Under pass,3km,0.0,0.0
Bengaluru City,Kamakshipalya Traffic PS,1.04432e+16,2022,1,2,Road Accidents,Not Applicable,City/Town,Residential area,Human Error,No,Damage Only,Vehicle to Vehicle,Uncontrolled,Others,Residential Street,Bitumen(Tar),Dry,Not Applicable,Others,Sumanahalli ring road near Nexus Show Room,electricla Pole,25feet,0.0,0.0
Bengaluru City,Kamakshipalya Traffic PS,1.04432e+16,2022,1,1,Road Accidents,Narrow road,City/Town,Near School or College,Human Error,Yes,Grievous Injury,Hit pedestrian,Not at  Junction,Others,Others,Bitumen(Tar),Dry,Not Applicable,Clear,"Vishweshwaraiah Circle , Near Chaitanya PU Collage",Chaitanya PU Collage,60ft,0.0,0.0
Bengaluru City,Kamakshipalya Traffic PS,1.04432e+16,2022,1,2,Road Accidents,Not Applicable,City/Town,Open area,Human Error,No,Grievous Injury,Vehicle to Vehicle,Uncontrolled,Others,Major District Road,Bitumen(Tar),Dry,Not Applicable,Fine,Nagarabhavi Outer ring road near Ravi jim,electrical pole,40feet,0.0,0.0
Bengaluru City,Kamakshipalya Traffic PS,1.04432e+16,2022,1,2,Road Accidents,Not Applicable,City/Town,Open area,Human Error,No,Grievous Injury,Vehicle to Vehicle,Uncontrolled,Others,Residential Street,Concrete,Dry,Not Applicable,Fine,Nagarabhavi outer ring road near mahadeshwar temple,Electrical Pole,30feet,0.0,0.0
Bengaluru City,Kamakshipalya Traffic PS,1.04432e+16,2022,1,1,Road Accidents,Narrow road,City/Town,Open area,Human Error,No,Grievous Injury,Not Applicable,Uncontrolled,Others,Residential Street,Bitumen(Tar),Dry,Not Applicable,Fine,Bangalore University Main Road Near Jnanabharathi Police station,Electrical pole,16feet,0.0,0.0
Bengaluru City,Kamakshipalya Traffic PS,1.04432e+16,2022,1,2,Road Accidents,Junction,City/Town,Near School or College,Human Error,No,Fatal,Vehicle to Vehicle,Uncontrolled,Straight and flat,Sub Arterial,Concrete,Dry,No influence on accident,Light Rain,Ring road,1,1,0.0,0.0
Bengaluru City,Kamakshipalya Traffic PS,1.04432e+16,2022,1,2,Road Accidents,Narrow road,City/Town,Narrow bridge or culverts,Human Error,Yes,Fatal,Vehicle to Vehicle,Not at  Junction,Straight and flat,Service Road,Bitumen(Tar),Dry,No influence on accident,Clear,Nagarabhavi Outer Ring Road Service Road,At Beggars Colony Gate,2.5 km,12.991196,77.520597
Bengaluru City,Kamakshipalya Traffic PS,1.04432e+16,2022,1,2,Road Accidents,Narrow road,City/Town,Open area,Human Error,Yes,Grievous Injury,Vehicle to Vehicle,Not at  Junction,Others,Sub Arterial,Bitumen(Tar),Dry,Not Applicable,Clear,DS Max Santrupathi Nest apt,DS Max Santrupathi Nest apt,10ft,0.0,0.0
Bengaluru City,Kamakshipalya Traffic PS,1.04432e+16,2022,1,1,Road Accidents,Narrow road,City/Town,Open area,Human Error,No,Grievous Injury,Hit pedestrian,No signal lights,Others,Arterial,Bitumen(Tar),Dry,Not Applicable,Clear,Nera Muneshwra Tempal,Muttut Finance,30Ft,0.0,0.0
Bengaluru City,Kamakshipalya Traffic PS,1.04432e+16,2022,1,2,Road Accidents,Narrow road,City/Town,Open area,Human Error,Yes,Grievous Injury,Vehicle to Vehicle,No signal lights,Others,Sub Arterial,Bitumen(Tar),Dry,Not Applicable,Clear,Pipeline Line Road,Near BWSSB Office,25Ft,0.0,0.0
Bengaluru City,Kamakshipalya Traffic PS,1.04432e+16,2022,1,2,Road Accidents,Junction,City/Town,Near School or College,Human Error,No,Grievous Injury,Vehicle to Vehicle,Signal lights Automatic,Straight and flat,Others,Bitumen(Tar),Dry,Not Applicable,Clear,Jnanabharathi Siganals Mysore Road Jnanabharathi,Jnanabarathi Singal,10Km,0.0,0.0
Bengaluru City,Kamakshipalya Traffic PS,1.04432e+16,2022,1,1,Road Accidents,Curves,City/Town,Open area,Human Error,No,Fatal,Not Applicable,Not Applicable,Curve,Service Road,Bitumen(Tar),Not Applicable,Not Applicable,Clear,Outer Ring Road Sarvice Road,Nammora Thindi Hotel underpass,5 KM,0.0,0.0
Bengaluru City,Kamakshipalya Traffic PS,1.04432e+16,2022,1,2,Road Accidents,Junction,City/Town,Open area,Human Error,Yes,Damage Only,Vehicle to Vehicle,No signal lights,Others,Arterial,Bitumen(Tar),Dry,Not Applicable,Clear,"Sir MV Layout 4th Block, Nera Hanumanthegowda House",Hanumanthegowda House,45,0.0,0.0
Bengaluru City,Kamakshipalya Traffic PS,1.04432e+16,2022,1,1,Road Accidents,Narrow road,City/Town,Near Bus stop,Human Error,No,Grievous Injury,Hit pedestrian,Give way sign,Straight and flat,Sub Arterial,Bitumen(Tar),Dry,Not Applicable,Clear,"Old ring road,",Old ring road Kengunte Bengaluru,5.5 Km,0.0,0.0
Bengaluru City,Kamakshipalya Traffic PS,1.04432e+16,2022,1,3,Road Accidents,Not Applicable,City/Town,Residential area,Human Error,No,Simple Injury,Vehicle to Vehicle,Uncontrolled,Others,Residential Street,Bitumen(Tar),Dry,Not Applicable,Fine,Nagarabhavi Outer ring road Near Nammur thindi Hotel,Electrical pole,48feet,0.0,0.0
Bengaluru City,Kamakshipalya Traffic PS,1.04432e+16,2022,1,1,Road Accidents,Not Applicable,City/Town,Near office complex,Human Error,Not Applicable,Fatal,Hit pedestrian,Not Applicable,Straight and flat,Sub Arterial,Concrete,Dry,No influence on accident,Clear,Nagarabhavi Outer Ring Road,Opp Canara Bank,2.5,0.0,0.0
Bengaluru City,Kamakshipalya Traffic PS,1.04432e+16,2022,1,1,Road Accidents,Junction,City/Town,Near Bus stop,Human Error,Not Applicable,Grievous Injury,Hit pedestrian,Not at  Junction,Straight and flat,State Highway,Bitumen(Tar),Dry,No influence on accident,Clear,Magadi main Road,Near Kamakshipalya Traffic Police Station,500 mt,0.0,0.0
Bengaluru City,Kamakshipalya Traffic PS,1.04432e+16,2022,1,1,Road Accidents,Narrow road,City/Town,Near a factory industrial area,Human Error,No,Simple Injury,Hit pedestrian,Not Applicable,Straight and flat,Service Road,Bitumen(Tar),Dry,Not Applicable,Clear,Nagarabhavi Ring Road Service Road,Near Tv 6 Office,6Km,0.0,0.0
Bengaluru City,Kamakshipalya Traffic PS,1.04432e+16,2022,1,2,Road Accidents,Not Applicable,City/Town,Residential area,Human Error,No,Damage Only,Vehicle to Vehicle,Uncontrolled,Straight and flat,Others,Bitumen(Tar),Dry,Not Applicable,Clear,Hoysalanagara Main Road,Hoysalanagara Main Road,6km,0.0,0.0
Bengaluru City,Kamakshipalya Traffic PS,1.04432e+16,2022,1,2,Road Accidents,Junction,City/Town,Open area,Human Error,No,Grievous Injury,Vehicle to Vehicle,Uncontrolled,Straight and flat,Others,Bitumen(Tar),Not Applicable,Not Applicable,Clear,Near Ramasandra Lake 4th Block Dubbol Road Vishweswaraiah Layout,Near Ramasandra Lake,12 KM,0.0,0.0
Bengaluru City,Kamakshipalya Traffic PS,1.04432e+16,2022,1,1,Road Accidents,Narrow road,City/Town,Open area,Human Error,No,Grievous Injury,Hit pedestrian,Not at  Junction,Straight and flat,Others,Bitumen(Tar),Dry,Not Applicable,Clear,Mangnahalli Main Road,Near Reemart,10 Km,0.0,0.0
Bengaluru City,Kamakshipalya Traffic PS,1.04432e+16,2022,1,1,Road Accidents,Narrow road,City/Town,Near Bus stop,Human Error,No,Grievous Injury,Hit pedestrian,Give way sign,Slight Curve,State Highway,Bitumen(Tar),Dry,Not Applicable,Clear,"Near Kottigepalya Bus Stop,",Kottigepalya Bus stop,3km,0.0,0.0
Bengaluru City,Kamakshipalya Traffic PS,1.04432e+16,2022,1,1,Road Accidents,Narrow road,City/Town,Open area,Human Error,Yes,Grievous Injury,Hit pedestrian,Not at  Junction,Others,Arterial,Concrete,Dry,Not Applicable,Clear,"Old  Outer Ring Road, Mobile One Shope",Mobile One Shope,20Ft,0.0,0.0
Bengaluru City,Kamakshipalya Traffic PS,1.04432e+16,2022,1,1,Road Accidents,Not Applicable,City/Town,Residential area,Human Error,No,Grievous Injury,Hit pedestrian,Uncontrolled,Others,Residential Street,Bitumen(Tar),Dry,Not Applicable,Fine,HEGGANAHALLI MAIN ROAD NEAR KTG COLLAGE,ELECTRICAL POLE,10FEET,0.0,0.0
Bengaluru City,Kamakshipalya Traffic PS,1.04432e+16,2022,1,1,Road Accidents,Not Applicable,City/Town,Open area,Human Error,No,Grievous Injury,Hit pedestrian,Uncontrolled,Others,Residential Street,Bitumen(Tar),Dry,Not Applicable,Fine,Nagarabhavi BDA Complex Near Canar Bank ATM,electrical pole,6feet,0.0,0.0
Bengaluru City,Kamakshipalya Traffic PS,1.04432e+16,2022,1,1,Road Accidents,Not Applicable,City/Town,Near School or College,Human Error,No,Fatal,Not Applicable,Uncontrolled,Straight and flat,Two way,Bitumen(Tar),Dry,Not Applicable,Fine,JNB Main road,Tree,25,12.939561,77.507949
Bengaluru City,Kamakshipalya Traffic PS,1.04432e+16,2022,1,2,Road Accidents,Not Applicable,City/Town,Near Bus stop,Human Error,No,Fatal,Vehicle to Vehicle,Uncontrolled,Straight and flat,One way,Bitumen(Tar),Dry,Not Applicable,Fine,Magadi Main road,Street Light,23,12.987895,77.515648
Bengaluru City,Kamakshipalya Traffic PS,1.04432e+16,2022,1,2,Road Accidents,Curves,City/Town,Narrow bridge or culverts,Human Error,Not Applicable,Fatal,Vehicle to Vehicle,Not Applicable,Curve,Sub Arterial,Bitumen(Tar),Dry,No influence on accident,Clear,University Main Road,Near Railway Bridge,7 Km,12.93738859,77.5111602
Bengaluru City,Kamakshipalya Traffic PS,1.04432e+16,2022,1,2,Road Accidents,Not Applicable,City/Town,Residential area,Human Error,No,Grievous Injury,Vehicle to Vehicle,Uncontrolled,Others,Residential Street,Concrete,Dry,Not Applicable,Others,Nagarabhavi outer ring road Near Beggers colony Compound,electrical pole,20feet,12.994301,77.521842
Bengaluru City,Kamakshipalya Traffic PS,1.04432e+16,2022,1,2,Road Accidents,Not Applicable,City/Town,Open area,Human Error,No,Simple Injury,Vehicle to Vehicle,Controlled,Curve,Residential Street,Concrete,Dry,Not Applicable,Fine,"Older Ring Road, Near Kengunte Circle",Electrical Pole,40feet,0.0,0.0
Bengaluru City,Kamakshipalya Traffic PS,1.04432e+16,2022,1,2,Road Accidents,Narrow road,City/Town,Near a religious place,Human Error,Yes,Grievous Injury,Vehicle to Vehicle,Not at  Junction,Others,Sub Arterial,Bitumen(Tar),Dry,Not Applicable,Clear,"Oppt Just Bake, Nagarabhavi",Just Bake,20Ft,0.0,0.0
Bengaluru City,Kamakshipalya Traffic PS,1.04432e+16,2022,1,1,Road Accidents,Narrow road,City/Town,Near Bus stop,Human Error,Yes,Grievous Injury,Hit pedestrian,Give way sign,Straight and flat,Sub Arterial,Concrete,Dry,Not Applicable,Clear,"Old ring road,",Mallathahalli,5km,0.0,0.0
Bengaluru City,Kamakshipalya Traffic PS,1.04432e+16,2022,1,1,Road Accidents,Narrow road,City/Town,Residential area,Human Error,Yes,Fatal,Hit pedestrian,Not Applicable,Straight and flat,Residential Street,Bitumen(Tar),Dry,Not Applicable,Clear,"Near Gagangowda Moton Shop,  12th Cross, 2nd Main Road, Kaveripura",Kaveripura 2nd Main Road,2km,0.0,0.0
Bengaluru City,Kamakshipalya Traffic PS,1.04432e+16,2022,1,2,Road Accidents,Narrow road,City/Town,Near office complex,Human Error,Yes,Fatal,Vehicle to Vehicle,Not Applicable,Others,Service Road,Bitumen(Tar),Dry,No influence on accident,Clear,Outer Ring Road Service Road,Near Nagarabhavi Culvert,3 Km,0.0,0.0
Bengaluru City,Kamakshipalya Traffic PS,1.04432e+16,2022,1,2,Road Accidents,Cross roads,City/Town,Residential area,Human Error,Yes,Grievous Injury,Vehicle to Vehicle,Not at  Junction,Straight and flat,Others,Bitumen(Tar),Dry,Not Applicable,Clear,80 Feet Road Nagarabhavi,Near Swathi Party Hall,5.5,0.0,0.0
Bengaluru City,Kamakshipalya Traffic PS,1.04432e+16,2022,1,1,Road Accidents,Narrow road,City/Town,Near School or College,Human Error,No,Grievous Injury,Hit pedestrian,Not at  Junction,Straight and flat,Residential Street,Bitumen(Tar),Dry,Not Applicable,Clear,Vigneshwar Main Road,Near Arunodaya School,7Km,0.0,0.0
Bengaluru City,Kamakshipalya Traffic PS,1.04432e+16,2022,1,2,Road Accidents,Narrow road,City/Town,Open area,Human Error,Yes,Grievous Injury,Vehicle to Vehicle,Not at  Junction,Others,Arterial,Bitumen(Tar),Dry,Not Applicable,Clear,"oppt Pariksha Bhavana, Ganddi  Road",oppt Pariksha Bhavana,85 Ft,0.0,0.0
Bengaluru City,Kamakshipalya Traffic PS,1.04432e+16,2022,1,2,Road Accidents,Not Applicable,City/Town,Residential area,Human Error,No,Grievous Injury,Vehicle to Vehicle,Uncontrolled,Others,Residential Street,Bitumen(Tar),Dry,Not Applicable,Fine,Near D Mart Magadi Main Road Near D Mart,electrical pole,35feet,0.0,0.0
Bengaluru City,Kamakshipalya Traffic PS,1.04432e+16,2022,1,1,Road Accidents,Narrow road,City/Town,Open area,Human Error,Not Applicable,Grievous Injury,Hit pedestrian,Not Applicable,Straight and flat,Sub Arterial,Bitumen(Tar),Dry,No influence on accident,Clear,Doddabasti Main Road,Near M M beauty Parlour,8Km,0.0,0.0