DISTRICTNAME,UNITNAME,Crime_No,Year,RI,Noofvehicle_involved,Accident_Classification,Accident_Spot,Accident_Location,Accident_SubLocation,Main_Cause,Hit_Run,Severity,Collision_Type,Junction_Control,Road_Character,Road_Type,Surface_Type,Surface_Condition,Road_Condition,Weather,Accident_Road,Landmark_first,Distance_LandMark_First,Latitude,Longitude
Bengaluru City,Kamakshipalya Traffic PS,1.04432e+16,2022,1,2,Road Accidents,Cross roads,City/Town,Residential area,Human Error,No,Grievous Injury,Vehicle to Vehicle,Not Applicable,Straight and flat,Residential Street,Bitumen(Tar),Dry,Not Applicable,Clear,Near Gandhi Park Nagarabhavi Bangalore,Near Gandhi Park,4 Km,0.0,0.0
Bengaluru City,Kamakshipalya Traffic PS,1.04432e+16,2022,1,1,Road Accidents,Curves,City/Town,Near office complex,Human Error,Not Applicable,Grievous Injury,Not Applicable,Not Applicable,Curve,Arterial,Concrete,Dry,No influence on accident,Clear,Outer Ring Road,Near Nammuru Thindi Hotel Under pass,6km,0.0,0.0
Bengaluru City,Kamakshipalya Traffic PS,1.04432e+16,2022,1,2,Road Accidents,Narrow road,City/Town,In bazaar,Human Error,No,Damage Only,Vehicle to Vehicle,Not at  Junction,Straight and flat,Residential Street,Bitumen(Tar),Dry,Not Applicable,Clear,Kebbehalla Main Road,Near Dhanavika Condiments,7Km,0.0,0.0
Bengaluru City,Kamakshipalya Traffic PS,1.04432e+16,2022,1,2,Road Accidents,Narrow road,City/Town,Near Hospital,Human Error,No,Grievous Injury,Vehicle to Vehicle,Not Applicable,Straight and flat,Others,Bitumen(Tar),Dry,Not Applicable,Clear,Siddaiah Puranika Road,Near Sushar Technology,1Km,0.0,0.0
Bengaluru City,Kamakshipalya Traffic PS,1.04432e+16,2022,1,1,Road Accidents,Not Applicable,City/Town,Near Bus stop,Human Error,Not Applicable,Fatal,Hit pedestrian,Uncontrolled,Straight and flat,Arterial,Concrete,Dry,No influence on accident,Clear,Nagarbhavi Outer Ring Road,Near chowdeshwari Nagara Bus Stop,2 Km,0.0,0.0
Bengaluru City,Kamakshipalya Traffic PS,1.04432e+16,2022,1,2,Road Accidents,Narrow road,City/Town,Open area,Human Error,No,Grievous Injury,Vehicle to Vehicle,Not at  Junction,Not Applicable,Others,Bitumen(Tar),Dry,Not Applicable,Clear,"Near Warrior Bakery, University",NS Warrior Bakery,20 ft,0.0,0.0
Bengaluru City,Kamakshipalya Traffic PS,1.04432e+16,2022,1,2,Road Accidents,Narrow road,City/Town,Open area,Human Error,Yes,Damage Only,Vehicle to Vehicle,Not at  Junction,Others,Residential Street,Bitumen(Tar),Dry,Not Applicable,Clear,Malagala Main Road,Mane no 45,26 ft,0.0,0.0
Bengaluru City,Kamakshipalya Traffic PS,1.04432e+16,2022,1,1,Road Accidents,Narrow road,City/Town,Open area,Human Error,Yes,Simple Injury,Hit pedestrian,Not at  Junction,Others,Others,Bitumen(Tar),Dry,Not Applicable,Clear,SBI Bank Jnanajyothinagara,SBI Banka,28 Ft,0.0,0.0
Bengaluru City,Kamakshipalya Traffic PS,1.04432e+16,2022,1,2,Road Accidents,Curves,City/Town,Open area,Human Error,Yes,Fatal,Vehicle to Vehicle,Uncontrolled,Slight Curve,Arterial,Concrete,Dry,Not Applicable,Fine,Outer ring road,1,1,0.0,0.0
Bengaluru City,Kamakshipalya Traffic PS,1.04432e+16,2022,1,1,Road Accidents,Narrow road,City/Town,Open area,Human Error,No,Grievous Injury,Not Applicable,Not at  Junction,Others,Arterial,Bitumen(Tar),Dry,Not Applicable,Clear,Infront Of tushar Arcade,Tushar Arcade,66,0.0,0.0
Bengaluru City,Kamakshipalya Traffic PS,1.04432e+16,2022,1,2,Road Accidents,Narrow road,City/Town,Open area,Human Error,No,Damage Only,Vehicle to Vehicle,Not Applicable,Others,Arterial,Bitumen(Tar),Dry,Not Applicable,Clear,"Near Tushar Arcade, Nagarabhavi  Outer Ring Road",Tushar Arcade,60Ft,0.0,0.0
Bengaluru City,Kamakshipalya Traffic PS,1.04432e+16,2022,1,2,Road Accidents,Narrow road,City/Town,Open area,Human Error,No,Damage Only,Vehicle to Vehicle,Uncontrolled,Others,Residential Street,Bitumen(Tar),Dry,Not Applicable,Fine,Nagarabhavi Outer Ring road Near Nammur thindi Fly over,Electrical pole,50feet,0.0,0.0
Bengaluru City,Kamakshipalya Traffic PS,1.04432e+16,2022,1,2,Road Accidents,Not Applicable,City/Town,Residential area,Human Error,No,Grievous Injury,Vehicle to Vehicle,Controlled,Others,Residential Street,Bitumen(Tar),Dry,Not Applicable,Fine,Muddinapalya main road near Muddinapalya circle,Electrical Pole,30feet,0.0,0.0
Bengaluru City,Kamakshipalya Traffic PS,1.04432e+16,2022,1,2,Road Accidents,Not Applicable,City/Town,Open area,Human Error,No,Grievous Injury,Vehicle to Vehicle,Uncontrolled,Others,Residential Street,Bitumen(Tar),Dry,Not Applicable,Fine,Sumanahalli Junction,Electrical Pole,15feet,0.0,0.0
Bengaluru City,Kamakshipalya Traffic PS,1.04432e+16,2022,1,1,Road Accidents,Narrow road,City/Town,Residential area,Human Error,No,Grievous Injury,Not Applicable,Uncontrolled,Others,Sub Arterial,Bitumen(Tar),Dry,Not Applicable,Fine,Malagala Under Pass,electrical pole,25feet,0.0,0.0
Bengaluru City,Kamakshipalya Traffic PS,1.04432e+16,2022,1,1,Road Accidents,Junction,City/Town,Open area,Human Error,Yes,Grievous Injury,Hit pedestrian,Uncontrolled,Others,Sub Arterial,Bitumen(Tar),Dry,Not Applicable,Clear,1st  Main Upadya Layout,House 90,43,0.0,0.0
Bengaluru City,Kamakshipalya Traffic PS,1.04432e+16,2022,1,1,Road Accidents,Narrow road,City/Town,Residential area,Human Error,No,Grievous Injury,Hit pedestrian,Not Applicable,Straight and flat,Residential Street,Bitumen(Tar),Dry,Not Applicable,Clear,Near Muneshwar Temple Magadi Main Road,Near Muneshwar Temple,1.5 Km,0.0,0.0
Bengaluru City,Kamakshipalya Traffic PS,1.04432e+16,2022,1,2,Road Accidents,Narrow road,City/Town,Open area,Human Error,No,Grievous Injury,Vehicle to Vehicle,Not at  Junction,Straight and flat,NH,Concrete,Dry,Not Applicable,Clear,Nice Road,Near Ullala Bridge,7Km,0.0,0.0
Bengaluru City,Kamakshipalya Traffic PS,1.04432e+16,2022,1,1,Road Accidents,Cross roads,City/Town,Residential area,Human Error,No,Grievous Injury,Not Applicable,No signal lights,Others,Residential Street,Bitumen(Tar),Dry,Not Applicable,Clear,Near Anjeneya Swamy Temple,Near Anjeneya Swamy,1.5,0.0,0.0
Bengaluru City,Kamakshipalya Traffic PS,1.04432e+16,2022,1,1,Road Accidents,Not Applicable,City/Town,Open area,Human Error,No,Fatal,Not Applicable,Uncontrolled,Not Applicable,NH,Concrete,Others,Not Applicable,Clear,"Near Ramasandra Lake, Nice Road",Nice Road,14 KM,0.0,0.0
Bengaluru City,Kamakshipalya Traffic PS,1.04432e+16,2022,1,1,Road Accidents,Narrow road,City/Town,Near Bus stop,Human Error,No,Fatal,Hit pedestrian,Not at  Junction,Not Applicable,Others,Bitumen(Tar),Dry,No influence on accident,Clear,2nd Cross Road,Near Mutthumariyamma Temple,7.5 Km,0.0,0.0
Bengaluru City,Kamakshipalya Traffic PS,1.04432e+16,2022,1,2,Road Accidents,Junction,City/Town,Near School or College,Human Error,Not Applicable,Grievous Injury,Vehicle to Vehicle,Signal lights Automatic,Straight and flat,Arterial,Concrete,Dry,No influence on accident,Clear,Old Ring Road,Near kengunte junction,5 km,0.0,0.0
Bengaluru City,Kamakshipalya Traffic PS,1.04432e+16,2022,1,1,Road Accidents,Narrow road,City/Town,Open area,Human Error,No,Simple Injury,Not Applicable,Give way sign,Straight and flat,Arterial,Concrete,Dry,No influence on accident,Clear,Summanahalli Plyover road,Summanahalli Plyover,2 K M,0.0,0.0
Bengaluru City,Kamakshipalya Traffic PS,1.04432e+16,2022,1,2,Road Accidents,Junction,City/Town,Near Hospital,Human Error,Not Applicable,Grievous Injury,Vehicle to Vehicle,Signal lights Blinking,Straight and flat,State Highway,Bitumen(Tar),Dry,No influence on accident,Clear,Magadi main Road,Ashraya Hospital,4 Km,0.0,0.0
Bengaluru City,Kamakshipalya Traffic PS,1.04432e+16,2022,1,2,Road Accidents,Narrow road,City/Town,Near office complex,Human Error,Yes,Fatal,Vehicle to Vehicle,Not at  Junction,Others,Two way,Bitumen(Tar),Dry,Not Applicable,Clear,"Near Bescom Office, Neelagiri Thopu, Hoysala Nagara Main Road",Bescom Office,47 Mtr,0.0,0.0
Bengaluru City,Kamakshipalya Traffic PS,1.04432e+16,2022,1,2,Road Accidents,Not Applicable,City/Town,Residential area,Human Error,No,Grievous Injury,Vehicle to Vehicle,Controlled,Others,Residential Street,Bitumen(Tar),Dry,Not Applicable,Fine,BHUVANESHWARI NAGAR MAIN ROAD,ELECTRICAL POLE,37FEET,0.0,0.0
Bengaluru City,Kamakshipalya Traffic PS,1.04432e+16,2022,1,2,Road Accidents,Junction,City/Town,Open area,Human Error,Yes,Grievous Injury,Vehicle to Vehicle,No signal lights,Others,Arterial,Bitumen(Tar),Dry,Not Applicable,Others,Near Ambedakar Collage main Gate,Near Ambedakar Collage main Gate,25ft,0.0,0.0
Bengaluru City,Kamakshipalya Traffic PS,1.04432e+16,2022,1,2,Road Accidents,Not Applicable,City/Town,Open area,Not Applicable,No,Fatal,Vehicle to Vehicle,Uncontrolled,Straight and flat,One way,Concrete,Dry,No influence on accident,Fine,Outer ring road,Tree,1,0.0,0.0
Bengaluru City,Kamakshipalya Traffic PS,1.04432e+16,2022,1,2,Road Accidents,Not Applicable,City/Town,Near School or College,Human Error,No,Fatal,Vehicle to Vehicle,Uncontrolled,Slight Curve,State Highway,Bitumen(Tar),Dry,Not Applicable,Light Rain,OLD Ring road,1,1,0.0,0.0
Bengaluru City,Kamakshipalya Traffic PS,1.04432e+16,2022,1,2,Road Accidents,Not Applicable,City/Town,Open area,Human Error,No,Grievous Injury,Vehicle to Vehicle,Controlled,Others,Residential Street,Bitumen(Tar),Dry,Not Applicable,Fine,Sumanahalli Outer Ring Road,tree,12feet,0.0,0.0
Bengaluru City,Kamakshipalya Traffic PS,1.04432e+16,2022,1,1,Road Accidents,Narrow road,City/Town,Open area,Human Error,No,Grievous Injury,Hit pedestrian,Not at  Junction,Others,Others,Bitumen(Tar),Dry,Not Applicable,Others,Nexa Show Room,Nexa Show Room,20ft,0.0,0.0
Bengaluru City,Kamakshipalya Traffic PS,1.04432e+16,2022,1,1,Road Accidents,Narrow road,City/Town,Near office complex,Human Error,No,Grievous Injury,Hit pedestrian,No signal lights,Not Applicable,State Highway,Bitumen(Tar),Dry,Not Applicable,Clear,Oppt Saraswathi Automotive,Saraswathi Automotive,12Ft,0.0,0.0
Bengaluru City,Kamakshipalya Traffic PS,1.04432e+16,2022,1,1,Road Accidents,Narrow road,City/Town,Near office complex,Human Error,Not Applicable,Grievous Injury,Hit pedestrian,Not Applicable,Straight and flat,State Highway,Bitumen(Tar),Dry,No influence on accident,Clear,Magadi main Road,Near Sriranga bar,3.5 Km,0.0,0.0
Bengaluru City,Kamakshipalya Traffic PS,1.04432e+16,2022,1,1,Road Accidents,Not Applicable,City/Town,Near School or College,Human Error,Not Applicable,Fatal,Not Applicable,Not Applicable,Straight and flat,NH,Concrete,Dry,No influence on accident,Clear,Nice Road,Hill Rock Public School,11 Km,0.0,0.0
Bengaluru City,Kamakshipalya Traffic PS,1.04432e+16,2022,1,2,Road Accidents,Cross roads,City/Town,Near a factory industrial area,Human Error,Yes,Simple Injury,Vehicle to Vehicle,Not Applicable,Straight and flat,Residential Street,Bitumen(Tar),Dry,Not Applicable,Clear,Tent Road Sunkdakktte,Near Blu Water Shop,2.3 Km,0.0,0.0
Bengaluru City,Kamakshipalya Traffic PS,1.04432e+16,2022,1,1,Road Accidents,Narrow road,City/Town,Open area,Human Error,Not Applicable,Fatal,Not Applicable,Give way sign,Not Applicable,Sub Arterial,Not Applicable,Dry,Not Applicable,Clear,"Outer ring road, sumanahalli",Sumanahalli fly over,3 KM,0.0,0.0
Bengaluru City,Kamakshipalya Traffic PS,1.04432e+16,2022,1,1,Road Accidents,Junction,City/Town,Near School or College,Human Error,No,Fatal,Not Applicable,Signal lights Automatic,Straight and flat,Arterial,Concrete,Dry,No influence on accident,Clear,Old Ring Road,Near kengunte Junction,5 Km,0.0,0.0
Bengaluru City,Kamakshipalya Traffic PS,1.04432e+16,2022,1,1,Road Accidents,Narrow road,City/Town,Residential area,Human Error,No,Grievous Injury,Not Applicable,Uncontrolled,Straight and flat,One way,Bitumen(Tar),Dry,Not Applicable,Fine,BDA road,1,35,0.0,0.0
Bengaluru City,Kamakshipalya Traffic PS,1.04432e+16,2022,1,1,Road Accidents,Junction,City/Town,At pedestrian Crossing,Human Error,No,Fatal,Hit pedestrian,Uncontrolled,Curve,Sub Arterial,Bitumen(Tar),Not Applicable,Not Applicable,Heavy Rain,service road,1,1,0.0,0.0
Bengaluru City,Kamakshipalya Traffic PS,1.04432e+16,2022,1,1,Road Accidents,Not Applicable,City/Town,Open area,Human Error,Not Applicable,Fatal,Not Applicable,Not Applicable,Not Applicable,Not Applicable,Not Applicable,Dry,Not Applicable,Clear,University Road,Near Jnanabarathi Campas,7 Km,12.952502,77.500959
Bengaluru City,Kamakshipalya Traffic PS,1.04432e+16,2022,1,2,Road Accidents,Not Applicable,City/Town,Open area,Human Error,No,Fatal,Vehicle to Vehicle,Uncontrolled,Straight and flat,Arterial,Bitumen(Tar),Dry,Not Applicable,Fine,Nice Road,1,1,0.0,0.0
Bengaluru City,Kamakshipalya Traffic PS,1.04432e+16,2022,1,2,Road Accidents,Narrow road,City/Town,Open area,Human Error,Yes,Grievous Injury,Vehicle to Vehicle,Not at  Junction,Others,Others,Bitumen(Tar),Dry,Not Applicable,Clear,Sumanahalli Fly over,Bus Stand,20 FT,0.0,0.0
Bengaluru City,Kamakshipalya Traffic PS,1.04432e+16,2022,1,1,Road Accidents,Narrow road,City/Town,Near a religious place,Human Error,No,Grievous Injury,Hit pedestrian,Give way sign,Straight and flat,Sub Arterial,Concrete,Dry,Not Applicable,Clear,"Old ring road, papareddy palya",Old ring road,4KM,0.0,0.0
Bengaluru City,Kamakshipalya Traffic PS,1.04432e+16,2022,1,2,Road Accidents,Narrow road,City/Town,Near Bus stop,Human Error,Not Applicable,Fatal,Vehicle to Vehicle,Not at  Junction,Straight and flat,Sub Arterial,Concrete,Dry,No influence on accident,Clear,Nagarabhavi Outer Ring Road,Near chowdeshwari Bus Stop,2.5,12.994487,77.522093
Bengaluru City,Kamakshipalya Traffic PS,1.04432e+16,2022,1,2,Road Accidents,Not Applicable,City/Town,Residential area,Human Error,No,Damage Only,Vehicle to Vehicle,Controlled,Others,Residential Street,Bitumen(Tar),Dry,Not Applicable,Fine,"magadi Main Road, Near Shreya Junction",Electrical Pole,25feet,0.0,0.0
Bengaluru City,Kamakshipalya Traffic PS,1.04432e+16,2022,1,1,Road Accidents,Cross roads,City/Town,Near a factory industrial area,Human Error,No,Grievous Injury,Vehicle to Vehicle,Not Applicable,Straight and flat,State Highway,Bitumen(Tar),Dry,Not Applicable,Clear,Magadi Road,Near Wildcraft Factory,2Km,0.0,0.0
Bengaluru City,Kamakshipalya Traffic PS,1.04432e+16,2022,1,1,Road Accidents,Not Applicable,City/Town,Narrow bridge or culverts,Human Error,No,Grievous Injury,Not Applicable,Not Applicable,Straight and flat,Arterial,Bitumen(Tar),Dry,No influence on accident,Clear,Nagarabhavi Outer Ring Road,Sumnahalli Flyover,2 Km,0.0,0.0
Bengaluru City,Kamakshipalya Traffic PS,1.04432e+16,2022,1,1,Road Accidents,Narrow road,City/Town,Near Bus stop,Human Error,No,Grievous Injury,Hit pedestrian,Give way sign,Straight and flat,State Highway,Bitumen(Tar),Dry,Not Applicable,Clear,Magadi road Summanahalli bus stop,Magadi road Summanahalli bus stop,2 km,0.0,0.0
Bengaluru City,Kamakshipalya Traffic PS,1.04432e+16,2022,1,1,Road Accidents,Narrow road,City/Town,Near a religious place,Human Error,No,Grievous Injury,Hit pedestrian,Give way sign,Straight and flat,Sub Arterial,Bitumen(Tar),Dry,No influence on accident,Clear,Near Gangamma Temple,Nagadevanalli,7 KM,0.0,0.0
Bengaluru City,Kamakshipalya Traffic PS,1.04432e+16,2022,1,1,Road Accidents,Not Applicable,City/Town,Near School or College,Human Error,Not Applicable,Fatal,Not Applicable,Uncontrolled,Straight and flat,NH,Concrete,Dry,No influence on accident,Clear,Nice Road,Near Hill Rock Public School,7 km,0.0,0.0
Bengaluru City,Kamakshipalya Traffic PS,1.04432e+16,2022,1,1,Road Accidents,Junction,City/Town,Narrow bridge or culverts,Human Error,No,Fatal,Hit pedestrian,Signal lights Automatic,Straight and flat,State Highway,Bitumen(Tar),Dry,No influence on accident,Clear,Sumanahalli Junction,Magadi Main Road,2 km,0.0,0.0
Bengaluru City,Kamakshipalya Traffic PS,1.04432e+16,2022,1,2,Road Accidents,Junction,City/Town,Near School or College,Human Error,Not Applicable,Fatal,Vehicle to Vehicle,Signal lights Automatic,Steep Incline or Climb,State Highway,Bitumen(Tar),Dry,No influence on accident,Clear,Magadi main Road,Near Srignada Kaval Junction,3 km,0.0,0.0
Bengaluru City,Kamakshipalya Traffic PS,1.04432e+16,2022,1,1,Road Accidents,Narrow road,City/Town,Near office complex,Human Error,No,Grievous Injury,Hit pedestrian,Not at  Junction,Others,Residential Street,Bitumen(Tar),Dry,Not Applicable,Clear,Near Bhodebhande Anjeneya swamy Tempal,Byrawshwra Pravision,38 Ft,0.0,0.0
Bengaluru City,Kamakshipalya Traffic PS,1.04432e+16,2022,1,1,Road Accidents,Narrow road,City/Town,Open area,Human Error,Not Applicable,Fatal,Not Applicable,Give way sign,Not Applicable,Sub Arterial,Concrete,Dry,Not Applicable,Not Applicable,"Outer ring road,",Near Mahadeswara Temple,5 K M,0.0,0.0
Bengaluru City,Kamakshipalya Traffic PS,1.04432e+16,2022,1,1,Road Accidents,Narrow road,City/Town,Open area,Human Error,Yes,Grievous Injury,Hit pedestrian,Not at  Junction,Others,Sub Arterial,Bitumen(Tar),Dry,Not Applicable,Clear,Near Chowdeshwari Bus Stop,Bus Stop,20Ft,0.0,0.0
Bengaluru City,Kamakshipalya Traffic PS,1.04432e+16,2022,1,1,Road Accidents,Not Applicable,City/Town,Residential area,Human Error,No,Grievous Injury,Not Applicable,Uncontrolled,Others,Residential Street,Bitumen(Tar),Dry,Not Applicable,Fine,"Bangalore university main Road, Near Muneshwar Temple",Tree,23feet,0.0,0.0
Bengaluru City,Kamakshipalya Traffic PS,1.04432e+16,2022,1,2,Road Accidents,Not Applicable,City/Town,Residential area,Human Error,No,Grievous Injury,Vehicle to Vehicle,Uncontrolled,Others,Residential Street,Bitumen(Tar),Dry,Not Applicable,Fine,"Mallathahalli U Turn Ring Road,",Electrical Pole,25feet,0.0,0.0
Bengaluru City,Kamakshipalya Traffic PS,1.04432e+16,2022,1,1,Road Accidents,Narrow road,City/Town,Near Bus stop,Human Error,No,Grievous Injury,Hit pedestrian,Not at  Junction,Others,Arterial,Bitumen(Tar),Dry,Not Applicable,Clear,Nagadevanahalii Bus Stop,Bus Stop,22Ft,0.0,0.0
Bengaluru City,Kamakshipalya Traffic PS,1.04432e+16,2023,1,2,Road Accidents,Not Applicable,City/Town,Residential area,Human Error,No,Grievous Injury,Vehicle to Vehicle,Uncontrolled,Others,Residential Street,Bitumen(Tar),Dry,Not Applicable,Fine,Mysore Road R R nagar Arch,Electrical Pole,40feet,0.0,0.0
Bengaluru City,Kamakshipalya Traffic PS,1.04432e+16,2023,1,1,Road Accidents,Narrow road,City/Town,Near Bus stop,Human Error,Yes,Grievous Injury,Hit pedestrian,Signal lights Blinking,Gentle Incline or Climb,State Highway,Bitumen(Tar),Dry,No influence on accident,Clear,Magadi Main Road,At Kottigepalya Bus Stop,3 Km,0.0,0.0
Bengaluru City,Kamakshipalya Traffic PS,1.04432e+16,2023,1,2,Road Accidents,Not Applicable,City/Town,Open area,Human Error,No,Grievous Injury,Vehicle to Vehicle,Controlled,Curve,Residential Street,Bitumen(Tar),Dry,Not Applicable,Fine,Kamakshipalya sannakkibayalu Road near Sumuka Condiments,Electrical POle,16feet,0.0,0.0
Bengaluru City,Kamakshipalya Traffic PS,1.04432e+16,2023,1,1,Road Accidents,Narrow road,City/Town,Open area,Human Error,No,Grievous Injury,Hit pedestrian,Uncontrolled,Others,Residential Street,Bitumen(Tar),Dry,Not Applicable,Fine,"Opp Coffe Katte, Annapurneshwari Nagar Main Road",Electrical Pole,15feet,0.0,0.0
Bengaluru City,Kamakshipalya Traffic PS,1.04432e+16,2023,1,1,Road Accidents,Not Applicable,City/Town,Residential area,Human Error,No,Grievous Injury,Not Applicable,Uncontrolled,Others,Residential Street,Concrete,Dry,Not Applicable,Fine,Nagararabhavi outer ring road near Sumanahalli of fly over,road devider,10feet,0.0,0.0
Bengaluru City,Kamakshipalya Traffic PS,1.04432e+16,2023,1,2,Road Accidents,Narrow road,City/Town,Open area,Human Error,No,Grievous Injury,Vehicle to Vehicle,No signal lights,Others,Arterial,Concrete,Dry,Not Applicable,Clear,Near Thushar Arcade outer Ring Road,Near Thushar Arcade,20ft,0.0,0.0
Bengaluru City,Kamakshipalya Traffic PS,1.04432e+16,2023,1,2,Road Accidents,Not Applicable,City/Town,Open area,Human Error,No,Grievous Injury,Vehicle to Vehicle,Not Applicable,Others,Residential Street,Bitumen(Tar),Dry,Not Applicable,Fine,magadi main road near channakeshava hospital,Electricla pole,40feet,0.0,0.0
Bengaluru City,Kamakshipalya Traffic PS,1.04432e+16,2023,1,1,Road Accidents,Narrow road,City/Town,Open area,Human Error,No,Grievous Injury,Hit pedestrian,Not at  Junction,Hump,Arterial,Bitumen(Tar),Dry,Not Applicable,Clear,Near Bharath Petro Bank,Near Bharath Petro Bank,20Ft,13.139914,77.375675
Bengaluru City,Kamakshipalya Traffic PS,1.04432e+16,2023,1,1,Road Accidents,Narrow road,City/Town,Near Bus stop,Human Error,No,Grievous Injury,Not Applicable,Not at  Junction,Others,Arterial,Concrete,Dry,Not Applicable,Clear,Ravi gay Bus stand,Ravi gay Bus stand,47Ft,12.972247,77.512688
Bengaluru City,Kamakshipalya Traffic PS,1.04432e+16,2023,1,2,Road Accidents,Circle,City/Town,Residential area,Human Error,No,Grievous Injury,Vehicle to Vehicle,Uncontrolled,Others,Residential Street,Bitumen(Tar),Dry,Not Applicable,Others,"Old outer ring road, Magadi main Road",Electrical POle,25feet,12.548797,77.248795
Bengaluru City,Kamakshipalya Traffic PS,1.04432e+16,2023,1,2,Road Accidents,Not Applicable,City/Town,Residential area,Human Error,No,Grievous Injury,Vehicle to Vehicle,Uncontrolled,Others,Arterial,Concrete,Dry,Not Applicable,Fine,"Opp Indian oil petrol Bunk, Nagarabhavi outer ring road",Electrical Pole,35feet,12.548795,77.548795
Bengaluru City,Kamakshipalya Traffic PS,1.04432e+16,2023,1,1,Road Accidents,Narrow road,City/Town,Open area,Human Error,No,Damage Only,Vehicle to Vehicle,Not at  Junction,Others,Arterial,Bitumen(Tar),Dry,Not Applicable,Others,Thusar Arcsde,Thusar Arcsde,30,12.961025,77.512688
Bengaluru City,Kamakshipalya Traffic PS,1.04432e+16,2023,1,2,Road Accidents,Not Applicable,City/Town,Open area,Human Error,Yes,Grievous Injury,Vehicle to Vehicle,Not Applicable,Not Applicable,Two way,Bitumen(Tar),Dry,No influence on accident,Clear,MUDDINAPALYA MAIN ROAD,NEAR GREEN HOUSE,5 KM,12.971565,77.498696
Bengaluru City,Kamakshipalya Traffic PS,1.04432e+16,2023,1,2,Road Accidents,Narrow road,City/Town,Near a factory industrial area,Not Applicable,Not Applicable,Damage Only,Vehicle to Vehicle,Not Applicable,Straight and flat,State Highway,Bitumen(Tar),Dry,Not Applicable,Clear,Magadi main road,magadi main road,2,0.0,0.0
Bengaluru City,Kamakshipalya Traffic PS,1.04432e+16,2023,1,3,Road Accidents,Not Applicable,City/Town,Open area,Human Error,No,Grievous Injury,Vehicle to Vehicle,Controlled,Others,State Highway,Bitumen(Tar),Dry,Not Applicable,Fine,"magadi main road, Opp Dominos Pizza",tree,35feet,0.0,0.0
Bengaluru City,Kamakshipalya Traffic PS,1.04432e+16,2023,1,2,Road Accidents,Not Applicable,City/Town,Open area,Human Error,No,Damage Only,Vehicle to Vehicle,Uncontrolled,Others,Residential Street,Concrete,Dry,Not Applicable,Fine,Nagarabhavi outer ring road Near BMTC Bus Dipo,Electrical Pole,25feet,0.0,0.0
Bengaluru City,Kamakshipalya Traffic PS,1.04432e+16,2023,1,1,Road Accidents,Narrow road,City/Town,Open area,Human Error,Not Applicable,Grievous Injury,Hit pedestrian,Not at  Junction,Others,State Highway,Bitumen(Tar),Dry,Not Applicable,Clear,"MagadiMain Road, Bharath Color Lab",Bharath Color Lab,48Ft,0.0,0.0
Bengaluru City,Kamakshipalya Traffic PS,1.04432e+16,2023,1,1,Road Accidents,Not Applicable,City/Town,Near School or College,Human Error,No,Fatal,Not Applicable,Not at  Junction,Straight and flat,Residential Street,Bitumen(Tar),Dry,No influence on accident,Clear,60FT ROAD VISHESHWARAIAH LAYOUT,AT KLE COLLEGE,4.5,0.0,0.0
Bengaluru City,Kamakshipalya Traffic PS,1.04432e+16,2023,1,1,Road Accidents,Junction,City/Town,Near office complex,Human Error,Not Applicable,Fatal,Not Applicable,Uncontrolled,Straight and flat,Sub Arterial,Bitumen(Tar),Dry,No influence on accident,Clear,Andrahalli Main Road,At Maruthi Medical Shop,8 Km,0.0,0.0
Bengaluru City,Kamakshipalya Traffic PS,1.04432e+16,2023,1,2,Road Accidents,Not Applicable,City/Town,Open area,Human Error,No,Grievous Injury,Vehicle to Vehicle,Controlled,Others,Residential Street,Bitumen(Tar),Dry,Not Applicable,Fine,"Andrahalli main road, Syndicate Bank Colony",Electrical Pole,25feet,0.0,0.0
Bengaluru City,Kamakshipalya Traffic PS,1.04432e+16,2023,1,1,Road Accidents,Narrow road,City/Town,Open area,Human Error,No,Grievous Injury,Not Applicable,Uncontrolled,Others,Residential Street,Bitumen(Tar),Dry,Not Applicable,Fine,"Muddinapalya main road, near Nanjundeshwari Temple",Electrical Pole,45feet,12.584787,77.331379
Bengaluru City,Kamakshipalya Traffic PS,1.04432e+16,2023,1,2,Road Accidents,Junction,City/Town,Open area,Human Error,No,Damage Only,Vehicle to Vehicle,No signal lights,Others,Sub Arterial,Bitumen(Tar),Dry,Not Applicable,Clear,Shree Medicales Oppt,Shree Medicales,10 mTr,12.834174,79.703644
Bengaluru City,Kamakshipalya Traffic PS,1.04432e+16,2023,1,2,Road Accidents,Narrow road,City/Town,Near Petrol Pump,Human Error,Yes,Fatal,Vehicle to Vehicle,Not at  Junction,Straight and flat,Sub Arterial,Bitumen(Tar),Dry,No influence on accident,Clear,Outer ring Road Service Road,Nar BMTC Bus Depot,2.5,12.984556,77.556545
Bengaluru City,Kamakshipalya Traffic PS,1.04432e+16,2023,1,2,Road Accidents,Not Applicable,City/Town,Open area,Human Error,No,Grievous Injury,Vehicle to Vehicle,Uncontrolled,Others,Arterial,Concrete,Dry,Not Applicable,Fine,Nice road,Go Slow Board,15feet,12.548795,77.524879