DISTRICTNAME,UNITNAME,Crime_No,Year,RI,Noofvehicle_involved,Accident_Classification,Accident_Spot,Accident_Location,Accident_SubLocation,Main_Cause,Hit_Run,Severity,Collision_Type,Junction_Control,Road_Character,Road_Type,Surface_Type,Surface_Condition,Road_Condition,Weather,Accident_Road,Landmark_first,Distance_LandMark_First,Latitude,Longitude
Bengaluru City,Kamakshipalya Traffic PS,1.04432e+16,2023,1,2,Road Accidents,Junction,City/Town,Open area,Human Error,No,Damage Only,Vehicle to Vehicle,No signal lights,Others,State Highway,Bitumen(Tar),Dry,Not Applicable,Clear,Byadarahalli Police Station Oppt,Byadarahalli Police Station Oppt,20,22.98677,77.49125
Bengaluru City,Kamakshipalya Traffic PS,1.04432e+16,2023,1,1,Road Accidents,Narrow road,City/Town,Near Bus stop,Human Error,No,Fatal,Hit pedestrian,Uncontrolled,Straight and flat,State Highway,Bitumen(Tar),Dry,Not Applicable,Clear,Magadi main road,Shtreet light pole,25ft,12.98713,77.491998
Bengaluru City,Kamakshipalya Traffic PS,1.04432e+16,2023,1,1,Road Accidents,Junction,City/Town,Near Bus stop,Not Applicable,Not Applicable,Not Applicable,Hit pedestrian,Not Applicable,Slight Curve,Others,Not Applicable,Others,Not Applicable,Fine,kottige palya bus stop,kottigepalya,2 km,12.971599,77.594566
Bengaluru City,Kamakshipalya Traffic PS,1.04432e+16,2023,1,2,Road Accidents,Narrow road,City/Town,Near Hospital,Human Error,No,Grievous Injury,Vehicle to Vehicle,Not Applicable,Others,Arterial,Bitumen(Tar),Dry,Not Applicable,Clear,SSM Hospital,SSM Hospital,20Mt,13.006752,77.561737
Bengaluru City,Kamakshipalya Traffic PS,1.04432e+16,2023,1,1,Road Accidents,Narrow road,City/Town,Near office complex,Human Error,Yes,Grievous Injury,Hit pedestrian,Not at  Junction,Not Applicable,Sub Arterial,Bitumen(Tar),Dry,No influence on accident,Clear,60 St BDA Complex Road,At KLE Collage Gate,4.5,0.0,0.0
Bengaluru City,Kamakshipalya Traffic PS,1.04432e+16,2023,1,2,Road Accidents,Narrow road,City/Town,Near office complex,Human Error,No,Grievous Injury,Vehicle to Vehicle,Give way sign,Straight and flat,Sub Arterial,Bitumen(Tar),Dry,Not Applicable,Clear,Cross road,electic pole,16ft,0.0,0.0
Bengaluru City,Kamakshipalya Traffic PS,1.04432e+16,2023,1,1,Road Accidents,Junction,City/Town,Open area,Human Error,No,Grievous Injury,Hit pedestrian,Uncontrolled,Others,State Highway,Bitumen(Tar),Dry,Not Applicable,Clear,Pipeline Road Kodigehalli Bridge,Pipeline Road Kodigehalli Bridge,20 Ft,0.0,0.0
Bengaluru City,Kamakshipalya Traffic PS,1.04432e+16,2023,1,2,Road Accidents,Junction,City/Town,Near Hospital,Human Error,No,Grievous Injury,Vehicle to Vehicle,No signal lights,Straight and flat,Sub Arterial,Bitumen(Tar),Dry,Not Applicable,Clear,Nagarabhavi road,Near Traffic blinker,15,0.0,0.0
Bengaluru City,Kamakshipalya Traffic PS,1.04432e+16,2023,1,1,Road Accidents,Narrow road,City/Town,Open area,Human Error,No,Grievous Injury,Hit pedestrian,Not at  Junction,Others,Others,Bitumen(Tar),Dry,Not Applicable,Clear,Andrahalli Main rOad,Lakshimi venlateshwara Hotel,8Ft,0.0,0.0
Bengaluru City,Kamakshipalya Traffic PS,1.04432e+16,2023,1,1,Road Accidents,Narrow road,City/Town,Open area,Human Error,No,Grievous Injury,Not Applicable,Not at  Junction,Not Applicable,State Highway,Bitumen(Tar),Dry,Not Applicable,Clear,SV Marketung,Just Bake,40Ft,0.0,0.0
Bengaluru City,Kamakshipalya Traffic PS,1.04432e+16,2023,1,2,Road Accidents,Narrow road,City/Town,Open area,Human Error,No,Damage Only,Vehicle to Vehicle,Uncontrolled,Others,Residential Street,Concrete,Dry,Not Applicable,Fine,"Near Ravi Gym Junction, Nagarabhavi outer ring road",Electrical pole,19feet,0.0,0.0
Bengaluru City,Kamakshipalya Traffic PS,1.04432e+16,2023,1,2,Road Accidents,Junction,City/Town,Open area,Human Error,No,Damage Only,Vehicle to Vehicle,Signal lights Automatic,Others,Others,Bitumen(Tar),Dry,Not Applicable,Clear,Srigandada Kaval Juncatiom,Mahadeva Hardwar,35ft,12.582896,77.301679
Bengaluru City,Kamakshipalya Traffic PS,1.04432e+16,2023,1,2,Road Accidents,Narrow road,City/Town,Near Bus stop,Human Error,Yes,Grievous Injury,Vehicle to Vehicle,Not at  Junction,Straight and flat,Sub Arterial,Bitumen(Tar),Dry,Not Applicable,Clear,Byadarahalli Bus stop,Byadarahalli,20,0.0,0.0
Bengaluru City,Kamakshipalya Traffic PS,1.04432e+16,2023,1,2,Road Accidents,Cross roads,City/Town,Open area,Human Error,No,Grievous Injury,Vehicle to Vehicle,Not Applicable,Straight and flat,Sub Arterial,Concrete,Dry,Not Applicable,Clear,Chowdeshwari BusStop,Chowdeshwari Bus Stop,60,12.997639,77.523646
Bengaluru City,Kamakshipalya Traffic PS,1.04432e+16,2023,1,2,Road Accidents,Narrow road,City/Town,Residential area,Human Error,No,Damage Only,Vehicle to Vehicle,Not at  Junction,Others,Sub Arterial,Bitumen(Tar),Dry,Not Applicable,Clear,No-52 Meese ramana Road,Meese ramana Road,5,12.582079,77.345031
Bengaluru City,Kamakshipalya Traffic PS,1.04432e+16,2023,1,2,Road Accidents,Narrow road,City/Town,Open area,Human Error,No,Grievous Injury,Vehicle to Vehicle,Not at  Junction,Others,Arterial,Bitumen(Tar),Dry,Not Applicable,Clear,Oopt Herohalli Post Office,Oopt Herohalli Post Office,20 mtr,12.990615,77.487875
Bengaluru City,Kamakshipalya Traffic PS,1.04432e+16,2023,1,2,Road Accidents,Junction,City/Town,Near a factory industrial area,Human Error,No,Fatal,Vehicle to Vehicle,Signal lights Automatic,Straight and flat,State Highway,Bitumen(Tar),Dry,No influence on accident,Clear,Magadi Main Road,at sumanahali junction,2 km,12.987316,77.519743
Bengaluru City,Kamakshipalya Traffic PS,1.04432e+16,2023,1,2,Road Accidents,Not Applicable,City/Town,Open area,Human Error,No,Grievous Injury,Vehicle to Vehicle,Controlled,Others,Residential Street,Bitumen(Tar),Dry,Not Applicable,Fine,"Near Malagal Under Pass, Nagarabhavi main road",electricla pole,25,0.0,0.0
Bengaluru City,Kamakshipalya Traffic PS,1.04432e+16,2023,1,2,Road Accidents,Narrow road,City/Town,Near a religious place,Human Error,No,Grievous Injury,Vehicle to Vehicle,Not Applicable,Straight and flat,State Highway,Bitumen(Tar),Dry,Not Applicable,Clear,Magadi main road,electrical pole,20ft,0.0,0.0
Bengaluru City,Kamakshipalya Traffic PS,1.04432e+16,2023,1,1,Road Accidents,Narrow road,City/Town,Near Petrol Pump,Human Error,Not Applicable,Grievous Injury,Not Applicable,Not Applicable,Straight and flat,Sub Arterial,Concrete,Dry,No influence on accident,Clear,Outr Ring Road,At Indian Oil Petrol Bunk,2.5 Km,0.0,0.0
Bengaluru City,Kamakshipalya Traffic PS,1.04432e+16,2023,1,3,Road Accidents,Not Applicable,City/Town,Open area,Human Error,No,Grievous Injury,Vehicle to Vehicle,Uncontrolled,Others,Residential Street,Bitumen(Tar),Dry,Not Applicable,Fine,"Near BMTC Deport, Service road, outer ring road, sumanahalli",electrical pole,36feet,0.0,0.0
Bengaluru City,Kamakshipalya Traffic PS,1.04432e+16,2023,1,1,Road Accidents,Not Applicable,City/Town,Residential area,Human Error,No,Grievous Injury,Not Applicable,Uncontrolled,Not Applicable,Residential Street,Bitumen(Tar),Dry,Not Applicable,Fine,Kachoahalli main road near Site no 332,tree,8feet,0.0,0.0
Bengaluru City,Kamakshipalya Traffic PS,1.04432e+16,2023,1,1,Road Accidents,Not Applicable,City/Town,Open area,Human Error,Not Applicable,Fatal,Hit pedestrian,Not Applicable,Straight and flat,State Highway,Bitumen(Tar),Dry,No influence on accident,Clear,MAGADI MAIN ROAD,PRAJWAL SCHOOL KEMPEGOWDA NAGARA,7 KM,0.0,0.0
Bengaluru City,Kamakshipalya Traffic PS,1.04432e+16,2023,1,1,Road Accidents,Not Applicable,City/Town,Open area,Human Error,No,Grievous Injury,Hit pedestrian,Uncontrolled,Others,Residential Street,Bitumen(Tar),Dry,Not Applicable,Fine,"Mahadeshwar Nagar, Neelagiri Thopu main road",Electrical Pole,20feet,0.0,0.0
Bengaluru City,Kamakshipalya Traffic PS,1.04432e+16,2023,1,1,Road Accidents,Curves,City/Town,Near a recreation place/cinema,Human Error,Not Applicable,Fatal,Not Applicable,Uncontrolled,Curve and Incline,State Highway,Bitumen(Tar),Dry,No influence on accident,Clear,Magadi Main Road,Near dhananja Palce,300Mtr,0.0,0.0
Bengaluru City,Kamakshipalya Traffic PS,1.04432e+16,2023,1,2,Road Accidents,Not Applicable,City/Town,Residential area,Human Error,No,Grievous Injury,Vehicle to Vehicle,Uncontrolled,Others,Residential Street,Bitumen(Tar),Dry,Not Applicable,Fine,"Behind KLE School, 5th Block, 3rd Cross, Annapurneshwari nagar",Electrical Pole,22feet,0.0,0.0
Bengaluru City,Kamakshipalya Traffic PS,1.04432e+16,2023,1,2,Road Accidents,Narrow road,City/Town,Open area,Human Error,No,Damage Only,Vehicle to Vehicle,Not at  Junction,Others,Sub Arterial,Bitumen(Tar),Dry,Not Applicable,Clear,Sri Sai Chaithanya Car Sales,Sri Sai Chaithanya Car Sales,20mt,12.9845,77.511677
Bengaluru City,Kamakshipalya Traffic PS,1.04432e+16,2023,1,2,Road Accidents,Junction,City/Town,Near office complex,Human Error,No,Fatal,Vehicle to Vehicle,Give way sign,Straight and flat,State Highway,Bitumen(Tar),Dry,Not Applicable,Clear,State --,East west College Junction,8km,12.98564,77.546056
Bengaluru City,Kamakshipalya Traffic PS,1.04432e+16,2023,1,1,Road Accidents,Junction,City/Town,Near Bus stop,Human Error,Not Applicable,Fatal,Hit pedestrian,Signal lights Automatic,Straight and flat,Sub Arterial,Concrete,Dry,No influence on accident,Clear,Old Outer Ring Road,Near To Kengunte Junction,5 km,12.960445,77.54065
Bengaluru City,Kamakshipalya Traffic PS,1.04432e+16,2023,1,1,Road Accidents,Cross roads,City/Town,Residential area,Human Error,Yes,Grievous Injury,Hit pedestrian,Not Applicable,Straight and flat,Sub Arterial,Bitumen(Tar),Dry,Not Applicable,Clear,Amba Maheshwari Temple Road,Ambamaheshwari Temple Road,20,12.575518,77.324388
Bengaluru City,Kamakshipalya Traffic PS,1.04432e+16,2023,1,2,Road Accidents,Junction,City/Town,Open area,Human Error,No,Damage Only,Vehicle to Vehicle,Police / Manual,Others,Sub Arterial,Bitumen(Tar),Dry,Not Applicable,Clear,Malagala Under Pass,Malagala Under Pass,20,12.899162,77.616859
Bengaluru City,Kamakshipalya Traffic PS,1.04432e+16,2023,1,2,Road Accidents,Not Applicable,City/Town,Residential area,Human Error,No,Grievous Injury,Vehicle to Vehicle,Uncontrolled,Others,Residential Street,Bitumen(Tar),Dry,Not Applicable,Fine,"Muddinapalya Circle Near Giriyamma Circle, New Trand Marketing Shop",Electronic Pole,30feet,0.0,0.0
Bengaluru City,Kamakshipalya Traffic PS,1.04432e+16,2023,1,2,Road Accidents,Junction,City/Town,Open area,Human Error,No,Damage Only,Vehicle to Vehicle,No signal lights,Others,Others,Bitumen(Tar),Dry,Not Applicable,Clear,Malagala Under Pass,factory,20Ft,0.0,0.0
Bengaluru City,Kamakshipalya Traffic PS,1.04432e+16,2023,1,1,Road Accidents,Junction,City/Town,Residential area,Human Error,No,Grievous Injury,Not Applicable,Police / Manual,Hump,Residential Street,Bitumen(Tar),Dry,Not Applicable,Fine,Nagarabhavi outer ring road Near malagal Under Pass,Electrical Pole,40feet,0.0,0.0
Bengaluru City,Kamakshipalya Traffic PS,1.04432e+16,2023,1,2,Road Accidents,Junction,City/Town,Open area,Human Error,No,Grievous Injury,Vehicle to Vehicle,Uncontrolled,Others,Residential Street,Bitumen(Tar),Dry,Not Applicable,Fine,"Magadi main road, sunkadakatte",Electrical,08feet,0.0,0.0
Bengaluru City,Kamakshipalya Traffic PS,1.04432e+16,2023,1,2,Road Accidents,Junction,City/Town,Near office complex,Human Error,No,Grievous Injury,Vehicle to Vehicle,Uncontrolled,Straight and flat,Sub Arterial,Bitumen(Tar),Dry,No influence on accident,Clear,Andra halli main Road,AT SLV Store,6.5 Km,13.01026168,77.49657165
Bengaluru City,Kamakshipalya Traffic PS,1.04432e+16,2023,1,3,Road Accidents,Junction,City/Town,Near office complex,Human Error,No,Grievous Injury,Vehicle to Vehicle,No signal lights,Others,Arterial,Bitumen(Tar),Dry,Not Applicable,Clear,BBMP Office Oppt,BBMP Office,52,0.0,0.0
Bengaluru City,Kamakshipalya Traffic PS,1.04432e+16,2023,1,2,Road Accidents,Circle,City/Town,Near office complex,Human Error,Yes,Fatal,Vehicle to Vehicle,Uncontrolled,Straight and flat,Arterial,Concrete,Dry,No influence on accident,Clear,Old Ring Road,At Papareddypalya Cercle,4 Km,12.971834,77.507723
Bengaluru City,Kamakshipalya Traffic PS,1.04432e+16,2023,1,2,Road Accidents,Not Applicable,City/Town,Residential area,Human Error,No,Grievous Injury,Vehicle to Vehicle,Uncontrolled,Others,State Highway,Bitumen(Tar),Dry,Not Applicable,Fine,Magadi Main Road Near Pooja Choutri,Electrical Pole,30feet,0.0,0.0
Bengaluru City,Kamakshipalya Traffic PS,1.04432e+16,2023,1,1,Road Accidents,Not Applicable,Rural Areas,Open area,Human Error,No,Grievous Injury,Hit pedestrian,Uncontrolled,Others,Residential Street,Bitumen(Tar),Dry,Not Applicable,Fine,Outer ring road Near Malagal s m Electronics,Elecctrical Pole,40feet,0.0,0.0
Bengaluru City,Kamakshipalya Traffic PS,1.04432e+16,2023,1,2,Road Accidents,Narrow road,City/Town,Open area,Human Error,No,Grievous Injury,Vehicle to Vehicle,Not at  Junction,Not Applicable,Arterial,Bitumen(Tar),Dry,Not Applicable,Clear,Dum Beriyani Hotel,Hotel Adithya,45,0.0,0.0
Bengaluru City,Kamakshipalya Traffic PS,1.04432e+16,2023,1,1,Road Accidents,Narrow road,City/Town,Near Bus stop,Human Error,No,Grievous Injury,Not Applicable,Not at  Junction,Others,Arterial,Concrete,Dry,Not Applicable,Clear,Papareddy Palya SK Inspire,SK Inspire,33Ft,12.972274,77.508051
Bengaluru City,Kamakshipalya Traffic PS,1.04432e+16,2023,1,2,Road Accidents,Junction,City/Town,Near office complex,Human Error,No,Fatal,Vehicle to Vehicle,Give way sign,Straight and flat,State Highway,Bitumen(Tar),Dry,Not Applicable,Clear,Magadi main road,East west Collge juncion,8  K M,12.985651,77.484244
Bengaluru City,Kamakshipalya Traffic PS,1.04432e+16,2023,1,1,Road Accidents,Not Applicable,Rural Areas,Open area,Human Error,No,Grievous Injury,Not Applicable,Uncontrolled,Others,Residential Street,Bitumen(Tar),Dry,Not Applicable,Fine,"old ring road, Near Raghavendra Mata",Electrical Pole,30feet,12.548979,77.524879
Bengaluru City,Kamakshipalya Traffic PS,1.04432e+16,2023,1,2,Road Accidents,Junction,City/Town,Open area,Human Error,No,Damage Only,Vehicle to Vehicle,Not at  Junction,Others,Sub Arterial,Bitumen(Tar),Dry,Not Applicable,Clear,Sridhar Ceramies,Sridhar Ceramies,25Mtr,12.594366,77.665521
Bengaluru City,Kamakshipalya Traffic PS,1.04432e+16,2023,1,2,Not Applicable,Narrow road,City/Town,Narrow bridge or culverts,Human Error,No,Grievous Injury,Vehicle to Vehicle,Not at  Junction,Hump,Arterial,Concrete,Dry,No influence on accident,Clear,Nagarabhavi outer ring road,near thushar arcade,3 km,12.962146,77.512264
Bengaluru City,Kamakshipalya Traffic PS,1.04432e+16,2023,1,2,Road Accidents,Not Applicable,City/Town,Residential area,Human Error,No,Grievous Injury,Vehicle to Vehicle,Controlled,Others,Residential Street,Bitumen(Tar),Dry,Not Applicable,Fine,"Opp Sri ranga zone, Muddinapalya main road",Electrical Pole,15feet,12.548795,77.254879
Bengaluru City,Kamakshipalya Traffic PS,1.04432e+16,2023,1,2,Road Accidents,Narrow road,City/Town,Open area,Human Error,No,Damage Only,Vehicle to Vehicle,Not at  Junction,Others,State Highway,Bitumen(Tar),Dry,Not Applicable,Clear,Nice Road Juncation,Nice Road Juncation,25 Ft,12.96988,77.55731
Bengaluru City,Kamakshipalya Traffic PS,1.04432e+16,2023,1,2,Road Accidents,Junction,City/Town,Residential area,Human Error,No,Grievous Injury,Vehicle to Vehicle,Uncontrolled,Straight and flat,Sub Arterial,Bitumen(Tar),Dry,Not Applicable,Clear,Priyadarshini layout,Electrical pole,15ft,0.0,0.0
Bengaluru City,Kamakshipalya Traffic PS,1.04432e+16,2023,1,2,Road Accidents,Not Applicable,City/Town,Open area,Human Error,No,Grievous Injury,Vehicle to Vehicle,Uncontrolled,Others,Residential Street,Bitumen(Tar),Dry,Not Applicable,Fine,"Vishwasvaraiah 5th Block, KLE Law College road",Electrical Pole,50feet,0.0,0.0
Bengaluru City,Kamakshipalya Traffic PS,1.04432e+16,2023,1,2,Road Accidents,Not Applicable,City/Town,Open area,Human Error,Not Applicable,Fatal,Vehicle to Vehicle,Uncontrolled,Straight and flat,NH,Concrete,Dry,No influence on accident,Clear,Nice Road National Highway,Kodigehalli Brigde,10 Km,0.0,0.0
Bengaluru City,Kamakshipalya Traffic PS,1.04432e+16,2023,1,2,Road Accidents,Not Applicable,City/Town,Open area,Human Error,Yes,Damage Only,Vehicle to Vehicle,Uncontrolled,Others,Residential Street,Bitumen(Tar),Dry,Not Applicable,Flooding of Slipways/Rivulets,"magadi main road, Herohalli Cross junction",Electrical pole,20feet,0.0,0.0
Bengaluru City,Kamakshipalya Traffic PS,1.04432e+16,2023,1,2,Road Accidents,Not Applicable,City/Town,Open area,Human Error,No,Grievous Injury,Vehicle to Vehicle,Uncontrolled,Others,Residential Street,Bitumen(Tar),Dry,Not Applicable,Others,"Near Darshan Bakery, Andrahalli main road",Electrical Pole,45feet,0.0,0.0
Bengaluru City,Kamakshipalya Traffic PS,1.04432e+16,2023,1,1,Road Accidents,Not Applicable,City/Town,Residential area,Human Error,Not Applicable,Grievous Injury,Not Applicable,Controlled,Hump,Residential Street,Bitumen(Tar),Dry,Not Applicable,Fine,Andrahalli kain road near anupama School,Electrical pole,15feet,12.548795,77.215487
Bengaluru City,Kamakshipalya Traffic PS,1.04432e+16,2023,1,2,Road Accidents,Junction,City/Town,Open area,Human Error,Yes,Grievous Injury,Vehicle to Vehicle,Uncontrolled,Others,State Highway,Bitumen(Tar),Dry,Not Applicable,Clear,"Magadi MainRoad, Anjanahgara",Anajananagara,20mtr,12.897676,77.03653
Bengaluru City,Kamakshipalya Traffic PS,1.04432e+16,2023,1,2,Rail Road Accidents,Narrow road,City/Town,Open area,Human Error,No,Simple Injury,Vehicle to Vehicle,Not at  Junction,Others,Arterial,Bitumen(Tar),Dry,Not Applicable,Clear,Oppt Thushar Arcade,Oppt Thushar Arcade,65 Ft,12.961025,77.512688
Bengaluru City,Kamakshipalya Traffic PS,1.04432e+16,2023,1,2,Road Accidents,Narrow road,City/Town,Residential area,Human Error,Yes,Grievous Injury,Vehicle to Vehicle,Not at  Junction,Straight and flat,Sub Arterial,Bitumen(Tar),Dry,Not Applicable,Clear,Hegganahalli Main Road,Nanjudeshwara Waybridge,20,12.998401,77.50324
Bengaluru City,Kamakshipalya Traffic PS,1.04432e+16,2023,1,2,Road Accidents,Narrow road,City/Town,Near Bus stop,Human Error,Yes,Grievous Injury,Vehicle to Vehicle,No signal lights,Straight and flat,Arterial,Bitumen(Tar),Dry,Not Applicable,Clear,Kamakshipalya,Srinivas bar,20,12.984371,77.528034
Bengaluru City,Kamakshipalya Traffic PS,1.04432e+16,2023,1,1,Road Accidents,Junction,City/Town,Open area,Human Error,No,Grievous Injury,Hit pedestrian,No signal lights,Others,Sub Arterial,Bitumen(Tar),Dry,Not Applicable,Clear,Oppt Srini Fashion,Oppt Srini Fashion,20,13.031359,77.570244
Bengaluru City,Kamakshipalya Traffic PS,1.04432e+16,2023,1,1,Road Accidents,Circle,City/Town,At pedestrian Crossing,Human Error,No,Fatal,Hit pedestrian,Police / Manual,Others,Sub Arterial,Bitumen(Tar),Dry,No influence on accident,Clear,1st main road kamashipalya,near Muttot Finance,1 km,12.935681,77.512866
Bengaluru City,Kamakshipalya Traffic PS,1.04432e+16,2023,1,1,Road Accidents,Narrow road,City/Town,Residential area,Human Error,Yes,Grievous Injury,Hit pedestrian,Not Applicable,Straight and flat,Two way,Bitumen(Tar),Dry,No influence on accident,Clear,2 MAIN MALLATHAHALLI,NEAR PATALAMMA TEMPLE,5 KM,12.96187,77.503371
Bengaluru City,Kamakshipalya Traffic PS,1.04432e+16,2023,1,2,Road Accidents,Narrow road,City/Town,Open area,Human Error,No,Grievous Injury,Vehicle to Vehicle,Not at  Junction,Others,Arterial,Bitumen(Tar),Dry,Not Applicable,Others,Karnataka Car Garag,Karnataka Car Garag,8 Ft,0.0,0.0
Bengaluru City,Kamakshipalya Traffic PS,1.04432e+16,2023,1,4,Road Accidents,Junction,City/Town,Open area,Human Error,Yes,Simple Injury,Vehicle to Vehicle,Signal lights Automatic,Straight and flat,State Highway,Bitumen(Tar),Dry,Not Applicable,Clear,Srigandada Kaval,Eletrical,10ft,0.0,0.0
Bengaluru City,Kamakshipalya Traffic PS,1.04432e+16,2023,1,2,Road Accidents,Not Applicable,City/Town,Open area,Human Error,Yes,Grievous Injury,Vehicle to Vehicle,Uncontrolled,Others,Residential Street,Bitumen(Tar),Dry,Not Applicable,Fine,"Outer ring road Sumanahalli Fly over, Near Leprosy Rehabitation Center",Electrical Pole,30feet,0.0,0.0
Bengaluru City,Kamakshipalya Traffic PS,1.04432e+16,2023,1,1,Road Accidents,Not Applicable,City/Town,Open area,Human Error,No,Grievous Injury,Hit pedestrian,Uncontrolled,Others,Residential Street,Concrete,Dry,Not Applicable,Fine,"Old OUter ring road, Sapthagiri bar sand lorry sand",Electrical pole,15feet,0.0,0.0
Bengaluru City,Kamakshipalya Traffic PS,1.04432e+16,2023,1,1,Road Accidents,Not Applicable,City/Town,Open area,Human Error,No,Grievous Injury,Hit pedestrian,Uncontrolled,Others,Residential Street,Bitumen(Tar),Dry,Not Applicable,Fine,NAGARABHAVI RING ROAD,65FEET,15FEET,0.0,0.0
Bengaluru City,Kamakshipalya Traffic PS,1.04432e+16,2023,1,2,Road Accidents,Curves,City/Town,Open area,Human Error,Not Applicable,Damage Only,Vehicle to Vehicle,Give way sign,Curve,Sub Arterial,Concrete,Dry,Not Applicable,Not Applicable,"Nagarabhavi Outer ring road,",Near electrical pole,55 cm,0.0,0.0
Bengaluru City,Kamakshipalya Traffic PS,1.04432e+16,2023,1,2,Road Accidents,Narrow road,City/Town,Open area,Human Error,No,Fatal,Vehicle to Vehicle,Give way sign,Straight and flat,Sub Arterial,Concrete,Dry,Not Applicable,Cloudy,"Nagarabhavi Outer ring road,",electircal pole,35ft,0.0,0.0
Bengaluru City,Kamakshipalya Traffic PS,1.04432e+16,2023,1,1,Road Accidents,Not Applicable,City/Town,Residential area,Human Error,Yes,Grievous Injury,Hit pedestrian,Uncontrolled,Others,Residential Street,Bitumen(Tar),Dry,Not Applicable,Fine,"Lingadeeranahalli main road, Near Bangar pet Chats",Electrical Pole,7feet,0.0,0.0
Bengaluru City,Kamakshipalya Traffic PS,1.04432e+16,2023,1,2,Road Accidents,Not Applicable,City/Town,Open area,Human Error,No,Grievous Injury,Vehicle to Vehicle,Uncontrolled,Others,Residential Street,Bitumen(Tar),Dry,Not Applicable,Fine,"magadi main road, Tunganagar",Electrical pole,45feet,0.0,0.0
Bengaluru City,Kamakshipalya Traffic PS,1.04432e+16,2023,1,2,Road Accidents,Not Applicable,City/Town,Residential area,Human Error,No,Grievous Injury,Vehicle to Vehicle,Uncontrolled,Others,Residential Street,Bitumen(Tar),Dry,Not Applicable,Fine,"Near Doddamma Temple Junction, Vishveshwaraiah 5th block, md",Electrical Pole,35feet,0.0,0.0
Bengaluru City,Kamakshipalya Traffic PS,1.04432e+16,2023,1,1,Road Accidents,Junction,City/Town,Open area,Human Error,Yes,Grievous Injury,Hit pedestrian,No signal lights,Others,State Highway,Bitumen(Tar),Others,Not Applicable,Clear,Asraya Hospital juncation,Bank Of Baroda,25 Ft,0.0,0.0
Bengaluru City,Kamakshipalya Traffic PS,1.04432e+16,2023,1,1,Road Accidents,Not Applicable,City/Town,Open area,Human Error,No,Grievous Injury,Not Applicable,Uncontrolled,Others,Residential Street,Bitumen(Tar),Dry,Not Applicable,Fine,"Outer Ring Road Serive road, Sumanahalli BMTC Bus Stop",Tree,20feet,0.0,0.0
Bengaluru City,Kamakshipalya Traffic PS,1.04432e+16,2023,1,2,Road Accidents,Junction,City/Town,Near office complex,Human Error,No,Grievous Injury,Vehicle to Vehicle,Signal lights Automatic,Dip or trough,Sub Arterial,Concrete,Dry,No influence on accident,Clear,Old Ring Road Kengunte,At Kengunte Junction,4.5 km,12.985626,77.568524
Bengaluru City,Kamakshipalya Traffic PS,1.04432e+16,2023,1,1,Road Accidents,Junction,Rural Areas,Residential area,Human Error,No,Grievous Injury,Hit pedestrian,Uncontrolled,Others,Residential Street,Bitumen(Tar),Dry,Not Applicable,Fine,Nagarabhavi Outer Ring Road,electrical Pole,25feet,12.548795,77.524875
Bengaluru City,Kamakshipalya Traffic PS,1.04432e+16,2023,1,2,Road Accidents,Narrow road,City/Town,Residential area,Human Error,Yes,Fatal,Vehicle to Vehicle,Uncontrolled,Straight and flat,Sub Arterial,Bitumen(Tar),Dry,Not Applicable,Clear,Andrahalli main road,Srirama Sweets,28ft,12.994343,77.488927
Bengaluru City,Kamakshipalya Traffic PS,1.04432e+16,2023,1,2,Road Accidents,Narrow road,City/Town,Open area,Human Error,No,Grievous Injury,Vehicle to Vehicle,Not Applicable,Not Applicable,Sub Arterial,Concrete,Dry,Not Applicable,Clear,SUMANAHALLI FLYOVER,SUMANAHALLI FLYOVER,80,12.98678,77.52072
Bengaluru City,Kamakshipalya Traffic PS,1.04432e+16,2023,1,1,Road Accidents,Circle,City/Town,At pedestrian Crossing,Human Error,No,Grievous Injury,Hit pedestrian,Uncontrolled,Straight and flat,State Highway,Bitumen(Tar),Dry,Not Applicable,Clear,Eastwest College Road,Eastwest College,60,12.96988,77.55731
Bengaluru City,Kamakshipalya Traffic PS,1.04432e+16,2023,1,2,Road Accidents,Junction,City/Town,Open area,Human Error,No,Grievous Injury,Vehicle to Vehicle,Police / Manual,Others,Arterial,Bitumen(Tar),Dry,Not Applicable,Clear,Namurathindi Under Pass,Namurathindi Hotel,80Ft,12.961025,77.512688
Bengaluru City,Kamakshipalya Traffic PS,1.04432e+16,2023,1,1,Road Accidents,Narrow road,City/Town,Near Bus stop,Human Error,No,Grievous Injury,Hit pedestrian,Not at  Junction,Others,State Highway,Bitumen(Tar),Dry,Not Applicable,Clear,"Magadi Main Road, Kottigepalya Bus Stop",Kottigepalya Bus Stop,20 Ft,12.988376,77.51625