DISTRICTNAME,UNITNAME,Crime_No,Year,RI,Noofvehicle_involved,Accident_Classification,Accident_Spot,Accident_Location,Accident_SubLocation,Main_Cause,Hit_Run,Severity,Collision_Type,Junction_Control,Road_Character,Road_Type,Surface_Type,Surface_Condition,Road_Condition,Weather,Accident_Road,Landmark_first,Distance_LandMark_First,Latitude,Longitude
Bengaluru City,Kamakshipalya Traffic PS,1.04432e+16,2023,1,2,Road Accidents,Narrow road,City/Town,Open area,Human Error,No,Grievous Injury,Vehicle to Vehicle,Not at  Junction,Others,Others,Bitumen(Tar),Dry,Not Applicable,Clear,Nayara Petrol Bunk,Nayara Petrol Bunk,20ft,0.0,0.0
Bengaluru City,Kamakshipalya Traffic PS,1.04432e+16,2023,1,2,Road Accidents,Not Applicable,City/Town,Open area,Human Error,No,Damage Only,Vehicle to Vehicle,Uncontrolled,Others,Residential Street,Bitumen(Tar),Dry,Not Applicable,Others,"infront of house no 502, sai comfert, 11st cross, 2nd main road",tree,t20fee,0.0,0.0
Bengaluru City,Kamakshipalya Traffic PS,1.04432e+16,2023,1,2,Road Accidents,Not Applicable,City/Town,Open area,Human Error,Yes,Grievous Injury,Vehicle to Vehicle,Uncontrolled,Others,Residential Street,Bitumen(Tar),Dry,Not Applicable,Fine,"Old outer Ring road,  Near Anjanadri & Play Woods",Electricla Pole,17feet,0.0,0.0
Bengaluru City,Kamakshipalya Traffic PS,1.04432e+16,2023,1,1,Road Accidents,Offset,City/Town,Open area,Human Error,No,Grievous Injury,Vehicle to Vehicle,Uncontrolled,Others,Residential Street,Bitumen(Tar),Dry,Not Applicable,Fine,Opp Water Board Sunkadakatte pipe line road,Compound wall,20feet,0.0,0.0
Bengaluru City,Kamakshipalya Traffic PS,1.04432e+16,2023,1,1,Road Accidents,Not Applicable,City/Town,Open area,Human Error,No,Grievous Injury,Hit pedestrian,Controlled,Others,Residential Street,Bitumen(Tar),Dry,Not Applicable,Fine,"Meenakshi Nagar, 3rd Cross, Kamakshipalya",Electrical Pole,25feet,0.0,0.0
Bengaluru City,Kamakshipalya Traffic PS,1.04432e+16,2023,1,1,Road Accidents,Junction,City/Town,Near a recreation place/cinema,Human Error,Yes,Fatal,Hit pedestrian,Uncontrolled,Straight and flat,State Highway,Bitumen(Tar),Dry,No influence on accident,Clear,Magadi Main Road,At Ranganath Bar and Restorent,8km,0.0,0.0
Bengaluru City,Kamakshipalya Traffic PS,1.04432e+16,2023,1,2,Road Accidents,Narrow road,City/Town,Near Petrol Pump,Human Error,No,Grievous Injury,Vehicle to Vehicle,Not at  Junction,Others,Arterial,Concrete,Dry,Not Applicable,Clear,Outer Ring Road,JK Tyres,25 Mtr,0.0,0.0
Bengaluru City,Kamakshipalya Traffic PS,1.04432e+16,2023,1,2,Road Accidents,Offset,City/Town,Open area,Human Error,Not Applicable,Grievous Injury,Vehicle to Vehicle,Not Applicable,Not Applicable,Sub Arterial,Concrete,Dry,No influence on accident,Clear,Outer Ring Road,At sumanahalli Flyover,2km,0.0,0.0
Bengaluru City,Kamakshipalya Traffic PS,1.04432e+16,2023,1,1,Road Accidents,Not Applicable,City/Town,Near or inside a village,Human Error,Not Applicable,Fatal,Not Applicable,Not Applicable,Straight and flat,NH,Concrete,Dry,No influence on accident,Clear,NICE ROAD,At Kachohalli Under Pass,8,12.999698,77.473998
Bengaluru City,Kamakshipalya Traffic PS,1.04432e+16,2023,1,2,Road Accidents,Not Applicable,City/Town,Open area,Human Error,No,Grievous Injury,Vehicle to Vehicle,Uncontrolled,Others,Residential Street,Bitumen(Tar),Dry,Not Applicable,Fine,"Magadi Road, Nice Road, Near Nice Road Junction",Electrical Pole,52,0.0,0.0
Bengaluru City,Kamakshipalya Traffic PS,1.04432e+16,2023,1,1,Road Accidents,Not Applicable,City/Town,Open area,Human Error,No,Grievous Injury,Hit pedestrian,Not Applicable,Others,Residential Street,Bitumen(Tar),Dry,Not Applicable,Fine,"Magadi main road, Sumanalli Junction",Electrical Pole,40feet,0.0,0.0
Bengaluru City,Kamakshipalya Traffic PS,1.04432e+16,2023,1,1,Road Accidents,Curves,City/Town,Near School or College,Human Error,Yes,Fatal,Hit pedestrian,Uncontrolled,Curve,Others,Concrete,Dry,No influence on accident,Clear,Chakaranagara Main Road,Beside Of Filter Water Unit,9 Km,0.0,0.0
Bengaluru City,Kamakshipalya Traffic PS,1.04432e+16,2023,1,2,Road Accidents,Not Applicable,City/Town,Open area,Human Error,No,Grievous Injury,Vehicle to Vehicle,Uncontrolled,Straight and flat,Residential Street,Bitumen(Tar),Dry,Not Applicable,Fine,"Andrahalli main road, Near Omkar Enter Prises",Electrical Pole,35feet,12.548725,77.254879
Bengaluru City,Kamakshipalya Traffic PS,1.04432e+16,2023,1,2,Road Accidents,Narrow road,City/Town,Open area,Human Error,No,Grievous Injury,Vehicle to Vehicle,Not Applicable,Straight and flat,Sub Arterial,Concrete,Dry,No influence on accident,Clear,outer ring road,swimming fool,5 km,12.977101,77.514201
Bengaluru City,Kamakshipalya Traffic PS,1.04432e+16,2023,1,2,Road Accidents,Narrow road,City/Town,Open area,Human Error,No,Grievous Injury,Vehicle to Vehicle,Not Applicable,Straight and flat,State Highway,Bitumen(Tar),Dry,Not Applicable,Clear,Byadarahalli,Byadarahalli,40,12.964585,77.562546
Bengaluru City,Kamakshipalya Traffic PS,1.04432e+16,2023,1,2,Road Accidents,Narrow road,City/Town,Open area,Human Error,No,Grievous Injury,Vehicle to Vehicle,Not at  Junction,Others,Arterial,Bitumen(Tar),Dry,Not Applicable,Clear,Satva Aprt,Satva Aprt,56,12.563093,77.362999
Bengaluru City,Kamakshipalya Traffic PS,1.04432e+16,2023,1,1,Road Accidents,Circle,City/Town,Open area,Human Error,No,Grievous Injury,Hit pedestrian,Uncontrolled,Others,Residential Street,Bitumen(Tar),Dry,Not Applicable,Fine,Nagadevanahalli 7th Cross road,Electrical pole,14feet,0.0,0.0
Bengaluru City,Kamakshipalya Traffic PS,1.04432e+16,2023,1,1,Road Accidents,Narrow road,City/Town,Residential area,Human Error,No,Damage Only,Hit animal,No signal lights,Others,Sub Arterial,Bitumen(Tar),Dry,Not Applicable,Clear,No-298,No 298,10Ft,0.0,0.0
Bengaluru City,Kamakshipalya Traffic PS,1.04432e+16,2023,1,1,Road Accidents,Narrow road,City/Town,Open area,Human Error,Yes,Simple Injury,Hit pedestrian,Uncontrolled,Not Applicable,Residential Street,Bitumen(Tar),Dry,Not Applicable,Fine,"Infront of vokkaliga PU College, Old Ring road Srigandakaval",Electrical Pole,17feet,0.0,0.0
Bengaluru City,Kamakshipalya Traffic PS,1.04432e+16,2023,1,1,Road Accidents,Junction,City/Town,Near Bus stop,Human Error,Yes,Fatal,Hit pedestrian,No signal lights,Straight and flat,State Highway,Bitumen(Tar),Dry,No influence on accident,Clear,MAGADI MAIN ROAD,AT MAHADESHWARA NAGARA CROSS JUNCTION,6,0.0,0.0
Bengaluru City,Kamakshipalya Traffic PS,1.04432e+16,2023,1,2,Road Accidents,Not Applicable,City/Town,Open area,Human Error,No,Grievous Injury,Vehicle to Vehicle,Controlled,Others,Residential Street,Bitumen(Tar),Dry,Not Applicable,Fine,"Nagarabhavi outer ring roa,",Tree,18feet,12.9635708,7.5126213
Bengaluru City,Kamakshipalya Traffic PS,1.04432e+16,2023,1,2,Road Accidents,Junction,City/Town,Residential area,Human Error,Yes,Grievous Injury,Vehicle to Vehicle,Controlled,Others,State Highway,Bitumen(Tar),Dry,Not Applicable,Fine,"MAGADI MAIN ROAD, NEAR MUDDINAPALYA CROSS JUNCTION",ELECTRICAL POLE,40FEET,0.0,0.0
Bengaluru City,Kamakshipalya Traffic PS,1.04432e+16,2023,1,1,Road Accidents,Narrow road,City/Town,Open area,Human Error,No,Grievous Injury,Hit pedestrian,No signal lights,Others,Arterial,Bitumen(Tar),Dry,Not Applicable,Clear,Near Orchid School,Near Orchid School,20Mtrs,0.0,0.0
Bengaluru City,Kamakshipalya Traffic PS,1.04432e+16,2023,1,1,Road Accidents,Offset,City/Town,Near office complex,Human Error,No,Fatal,Hit pedestrian,Uncontrolled,Straight and flat,State Highway,Bitumen(Tar),Dry,No influence on accident,Clear,Magadi main Road,At Poorvika MoblieShop,700mt,0.0,0.0
Bengaluru City,Kamakshipalya Traffic PS,1.04432e+16,2023,1,2,Road Accidents,Not Applicable,City/Town,Open area,Human Error,No,Grievous Injury,Vehicle to Vehicle,Uncontrolled,Others,Residential Street,Bitumen(Tar),Dry,Not Applicable,Fine,"Magadi main road Near Herohalli Cross, Channakeshava hospital",electrical Pole,30feet,0.0,0.0
Bengaluru City,Kamakshipalya Traffic PS,1.04432e+16,2023,1,1,Road Accidents,Junction,City/Town,Near a religious place,Human Error,No,Fatal,Not Applicable,Uncontrolled,Straight and flat,State Highway,Bitumen(Tar),Dry,No influence on accident,Clear,Magadi Main Road,Near Anjeneya Temple,7 Km,12.984576,77.553011
Bengaluru City,Kamakshipalya Traffic PS,1.04432e+16,2023,1,1,Road Accidents,Not Applicable,City/Town,Open area,Human Error,Yes,Damage Only,Vehicle to Vehicle,Not at  Junction,Others,Others,Bitumen(Tar),Dry,Not Applicable,Clear,Nice Road Toll,Nice Road Toll,20,12.98995,77.47285
Bengaluru City,Kamakshipalya Traffic PS,1.04432e+16,2023,1,3,Road Accidents,Narrow road,City/Town,Open area,Human Error,No,Damage Only,Vehicle to Vehicle,Not at  Junction,Hump,Arterial,Bitumen(Tar),Dry,Not Applicable,Clear,Tushar Arcade Oppt,Tushar Arcade Oppt,20,12.961025,77.512688
Bengaluru City,Kamakshipalya Traffic PS,1.04432e+16,2023,1,2,Road Accidents,Narrow road,City/Town,Open area,Human Error,Yes,Grievous Injury,Vehicle to Vehicle,No signal lights,Others,Arterial,Bitumen(Tar),Dry,Not Applicable,Clear,Jodimuneshwara Tempal,Jodimuneshwara Tempal,20DT,13.010816,77.493259
Bengaluru City,Kamakshipalya Traffic PS,1.04432e+16,2023,1,2,Road Accidents,Junction,City/Town,Near Bus stop,Human Error,Yes,Grievous Injury,Vehicle to Vehicle,No signal lights,Others,Arterial,Bitumen(Tar),Dry,Not Applicable,Clear,Purab Restobar,Purab Restobar,30,12.97182,77.5079
Bengaluru City,Kamakshipalya Traffic PS,1.04432e+16,2023,1,2,Road Accidents,Not Applicable,City/Town,Residential area,Human Error,No,Grievous Injury,Vehicle to Vehicle,Not at  Junction,Straight and flat,Sub Arterial,Bitumen(Tar),Dry,Not Applicable,Clear,Paparedypalya,Paparedypalya,60,12.961025,77.512688
Bengaluru City,Kamakshipalya Traffic PS,1.04432e+16,2023,1,2,Road Accidents,Not Applicable,City/Town,Open area,Human Error,Not Applicable,Fatal,Vehicle to Vehicle,Uncontrolled,Straight and flat,One way,Bitumen(Tar),Dry,No influence on accident,Clear,Ullala 100 Ft Double Road,Near Anjanadri Sales & Service,9 Km,12.9609783,77.4792983
Bengaluru City,Kamakshipalya Traffic PS,1.04432e+16,2023,1,2,Road Accidents,Narrow road,City/Town,Open area,Human Error,No,Grievous Injury,Vehicle to Vehicle,Not at  Junction,Others,State Highway,Bitumen(Tar),Dry,Not Applicable,Clear,Rajacaluvy,Drainage,20Ft,0.0,0.0
Bengaluru City,Kamakshipalya Traffic PS,1.04432e+16,2023,1,2,Road Accidents,Not Applicable,City/Town,Open area,Human Error,No,Grievous Injury,Vehicle to Vehicle,Controlled,Others,Residential Street,Bitumen(Tar),Dry,Not Applicable,Fine,"Belvin School, Laksmidevi Nagar",Electrical pole,15feet,0.0,0.0
Bengaluru City,Kamakshipalya Traffic PS,1.04432e+16,2023,1,1,Road Accidents,Not Applicable,City/Town,Residential area,Human Error,No,Grievous Injury,Hit pedestrian,Uncontrolled,Hump,Residential Street,Bitumen(Tar),Dry,Not Applicable,Fine,Kaveripura Kamakshipalya,Electrical Pole,12feet,0.0,0.0
Bengaluru City,Kamakshipalya Traffic PS,1.04432e+16,2023,1,1,Road Accidents,Not Applicable,City/Town,Residential area,Human Error,Yes,Grievous Injury,Hit pedestrian,Uncontrolled,Others,Residential Street,Concrete,Dry,Not Applicable,Fine,"Near Anjanagara Bus Stop, Magadi main road",Electrical Pole,15feet,0.0,0.0
Bengaluru City,Kamakshipalya Traffic PS,1.04432e+16,2023,1,2,Road Accidents,Cross roads,City/Town,Open area,Not Applicable,No,Grievous Injury,Vehicle to Vehicle,Not Applicable,Others,Sub Arterial,Bitumen(Tar),Dry,Not Applicable,Clear,PIPELINE ROAD,BWSSB WATER PUMP,30 F,12.993818,77.513721
Bengaluru City,Kamakshipalya Traffic PS,1.04432e+16,2023,1,1,Road Accidents,Not Applicable,City/Town,Open area,Human Error,No,Grievous Injury,Hit pedestrian,Uncontrolled,Others,State Highway,Bitumen(Tar),Dry,Not Applicable,Fine,"magadi main road, near byadarahalli bus stop",Electrical pole,45feet,12.548795,77.254879
Bengaluru City,Kamakshipalya Traffic PS,1.04432e+16,2023,1,2,Road Accidents,Narrow road,City/Town,Open area,Human Error,No,Grievous Injury,Vehicle to Vehicle,Not Applicable,Others,Arterial,Bitumen(Tar),Dry,Not Applicable,Clear,Skanda Co Oprative Bank,Skanda Co Oprative Bank,20mt,12.980769,77.50609
Bengaluru City,Kamakshipalya Traffic PS,1.04432e+16,2023,1,2,Road Accidents,Junction,City/Town,Open area,Human Error,No,Grievous Injury,Vehicle to Vehicle,No signal lights,Others,Arterial,Concrete,Dry,Not Applicable,Clear,Malagala Under Pass,Bus Stop,20Ft,12.972442,77.580643
Bengaluru City,Kamakshipalya Traffic PS,1.04432e+16,2023,1,1,Road Accidents,Narrow road,City/Town,Near Bus stop,Human Error,Yes,Simple Injury,Hit pedestrian,Not at  Junction,Straight and flat,State Highway,Bitumen(Tar),Dry,Not Applicable,Clear,Anjananagara Bus stop,Anjananagar,60,12.983547,77.494574
Bengaluru City,Kamakshipalya Traffic PS,1.04432e+16,2023,1,2,Road Accidents,Junction,City/Town,Open area,Human Error,No,Fatal,Vehicle to Vehicle,Signal lights Blinking,Straight and flat,Major District Road,Concrete,Dry,No influence on accident,Clear,Nice Road,Magadi Toll,8,12.991468,77.472604
Bengaluru City,Kengeri Traffic PS,1.04432e+16,2016,1,2,Road Accidents,Narrow road,City/Town,Narrow bridge or culverts,Human Error,No,Simple Injury,Head on,Uncontrolled,Straight and flat,NH,Bitumen(Tar),Dry,No influence on accident,Fine,MYSORE ROAD NEAR  CHEKPOST,KENGERI,2K.M,0.0,0.0
Bengaluru City,Kengeri Traffic PS,1.04432e+16,2016,1,3,Road Accidents,Narrow road,City/Town,Near office complex,Human Error,No,Simple Injury,Head on,Uncontrolled,Straight and flat,Others,Bitumen(Tar),Dry,No influence on accident,Fine,HALAGEVADERAHALLI MAIN ROAD R R NAGARA,KENGERI,3K.M,0.0,0.0
Bengaluru City,Kengeri Traffic PS,1.04432e+16,2016,1,2,Road Accidents,Narrow road,City/Town,Open area,Human Error,No,Grievous Injury,Head on,Uncontrolled,Straight and flat,Others,Bitumen(Tar),Dry,No influence on accident,Fine,UTTARAHALLI MAIN ROAD NEAR VRUSHBHAVATHI RIVER BRIDGE,KENGERI,1K.M,0.0,0.0
Bengaluru City,Kengeri Traffic PS,1.04432e+16,2016,1,2,Road Accidents,Narrow road,City/Town,Open area,Human Error,No,Grievous Injury,Head on,Uncontrolled,Straight and flat,Others,Bitumen(Tar),Dry,No influence on accident,Fine,RR NAGARA OPP SHOBHA APPAETEMENT,RR NAGARA,4K.M,0.0,0.0
Bengaluru City,Kengeri Traffic PS,1.04432e+16,2016,1,2,Road Accidents,Narrow road,City/Town,Residential area,Human Error,No,Grievous Injury,Side impact or Right angle,Uncontrolled,Straight and flat,Others,Bitumen(Tar),Dry,No influence on accident,Fine,PAPAIAH KALYANA MANTAPA ROAD WATER TANK NEAR RR NAGARA,R R NAGARA,3K.M,0.0,0.0
Bengaluru City,Kengeri Traffic PS,1.04432e+16,2016,1,1,Road Accidents,Narrow road,City/Town,Residential area,Human Error,Yes,Grievous Injury,Hit pedestrian,Uncontrolled,Straight and flat,Others,Bitumen(Tar),Dry,No influence on accident,Fine,MTS MAIN ROAD OPP GEETHNAJALI STORE,KENGERI,3K.M,0.0,0.0
Bengaluru City,Kengeri Traffic PS,1.04432e+16,2016,1,1,Road Accidents,Curves,City/Town,Near a religious place,Human Error,No,Grievous Injury,Hit pedestrian,Uncontrolled,Curve,Others,Bitumen(Tar),Dry,No influence on accident,Fine,RR NAGARA RAJARAJESWARI TEMPLE,R R NAGARA,4K.M,0.0,0.0
Bengaluru City,Kengeri Traffic PS,1.04432e+16,2016,1,1,Road Accidents,Narrow road,City/Town,Open area,Human Error,No,Simple Injury,Hit pedestrian,Controlled,Incline,Others,Bitumen(Tar),Dry,Not Applicable,Clear,RR NAGARA DOUBLE,AYYAPPA GAREG,40ME,0.0,0.0
Bengaluru City,Kengeri Traffic PS,1.04432e+16,2016,1,1,Road Accidents,Narrow road,City/Town,Open area,Human Error,Yes,Simple Injury,Hit pedestrian,Uncontrolled,Straight and flat,Others,Bitumen(Tar),Dry,No influence on accident,Very Cold,KENGERI UPANAGARA MAIN ROAD NEAR VIJAYA BANK,KENGERI,1K.M,0.0,0.0
Bengaluru City,Kengeri Traffic PS,1.04432e+16,2016,1,2,Road Accidents,Junction,City/Town,Near a religious place,Human Error,No,Simple Injury,Rear end,Uncontrolled,Straight and flat,NH,Bitumen(Tar),Dry,No influence on accident,Fine,MYSORE ROAD OPP. VISHWA VAKKALIGARA MUTT,KENEGRI,2KM,0.0,0.0
Bengaluru City,Kengeri Traffic PS,1.04432e+16,2016,1,1,Road Accidents,Road hump or Rumble strips,City/Town,Near Hospital,Human Error,Yes,Grievous Injury,Others,Uncontrolled,Hump,NH,Bitumen(Tar),Dry,No influence on accident,Fine,MYSORE ROAD NEAR RR HOPITAL,KENGERI,3K.M,0.0,0.0
Bengaluru City,Kengeri Traffic PS,1.04432e+16,2016,1,1,Road Accidents,Narrow road,City/Town,Near or inside a village,Human Error,No,Fatal,Hit pedestrian,Uncontrolled,Straight and flat,Others,Bitumen(Tar),Dry,No influence on accident,Fine,kuvempu road opp.adil tea stall,kengei,1k.m,0.0,0.0
Bengaluru City,Kengeri Traffic PS,1.04432e+16,2016,1,1,Road Accidents,Junction,City/Town,Residential area,Human Error,No,Grievous Injury,Hit pedestrian,Uncontrolled,Straight and flat,Others,Bitumen(Tar),Dry,No influence on accident,Fine,KEMPEGOWDA DOUBLE ROAD RR NAGARA,RR NAGARA,3K.M,0.0,0.0
Bengaluru City,Kengeri Traffic PS,1.04432e+16,2016,1,2,Road Accidents,Junction,City/Town,Near School or College,Human Error,No,Grievous Injury,Side impact or Right angle,No signal lights,Straight and flat,Others,Bitumen(Tar),Dry,No influence on accident,Fine,DOUBALE ROAD AND KENCENAHALLI MAIN ROAD JUNCTION,KENGERI,3K.M,0.0,0.0
Bengaluru City,Kengeri Traffic PS,1.04432e+16,2016,1,2,Road Accidents,Junction,City/Town,Near office complex,Human Error,No,Simple Injury,Side impact or Right angle,No signal lights,Straight and flat,Others,Bitumen(Tar),Dry,No influence on accident,Fine,R R NAGARA DOUBLE ROAD AND KRISHNA MEDICAL,R R NAGARA,4K.M,0.0,0.0
Bengaluru City,Kengeri Traffic PS,1.04432e+16,2016,1,1,Road Accidents,Narrow road,City/Town,Near a religious place,Human Error,No,Fatal,Hit pedestrian,Uncontrolled,Straight and flat,NH,Bitumen(Tar),Dry,No influence on accident,Fine,MYSORE ROAD AND CHECK POST,KENGERI,2K.M,0.0,0.0
Bengaluru City,Kengeri Traffic PS,1.04432e+16,2016,1,2,Road Accidents,Curves,City/Town,Near a religious place,Human Error,No,Damage Only,Head on,Uncontrolled,Curve,Others,Bitumen(Tar),Dry,No influence on accident,Fine,UTTARAHALLI MAIN ROAD OPP SAVAN DARBAR ASHRAM,KENGERI,1K.M,0.0,0.0
Bengaluru City,Kengeri Traffic PS,1.04432e+16,2016,1,1,Road Accidents,Culvert,City/Town,Narrow bridge or culverts,Human Error,Yes,Fatal,Hit pedestrian,Uncontrolled,Straight and flat,NH,Bitumen(Tar),Dry,No influence on accident,Not Applicable,MYSORE ROAD NEAR KENGERI UPANGARA BRIDGE,H K HOSPITAL,50ME,0.0,0.0
Bengaluru City,Kengeri Traffic PS,1.04432e+16,2016,1,2,Road Accidents,Narrow road,City/Town,Near Hospital,Human Error,Yes,Grievous Injury,Head on,Uncontrolled,Straight and flat,Others,Bitumen(Tar),Dry,No influence on accident,Fine,UTTARAHALLI MAIN ROAD NEAR BGS ARCH,KENGERI,2K.M,0.0,0.0
Bengaluru City,Kengeri Traffic PS,1.04432e+16,2016,1,2,Road Accidents,Narrow road,City/Town,Near Petrol Pump,Human Error,No,Grievous Injury,Side impact or Right angle,Uncontrolled,Straight and flat,Others,Bitumen(Tar),Dry,No influence on accident,Fine,KENGERI UPNAGARA NAGARA OPP IOC BUNK,KENGERI,1K.M,0.0,0.0
Bengaluru City,Kengeri Traffic PS,1.04432e+16,2016,1,1,Road Accidents,Curves,City/Town,Near office complex,Human Error,No,Simple Injury,Hit pedestrian,Uncontrolled,Curve,NH,Bitumen(Tar),Dry,No influence on accident,Fine,MYSORE ROAD OPP KARNATAKA HINDU MILITARY HOTEL,KENGERI,1K.M,0.0,0.0
Bengaluru City,Kengeri Traffic PS,1.04432e+16,2016,1,2,Road Accidents,Narrow road,City/Town,Open area,Human Error,No,Fatal,Right Turn Collision,Uncontrolled,Straight and flat,Others,Bitumen(Tar),Dry,No influence on accident,Fine,GANAKAL MAIN ROAD NEAR ADITYA BEKARY,KENGERI,3K.M,0.0,0.0
Bengaluru City,Kengeri Traffic PS,1.04432e+16,2016,1,2,Road Accidents,Narrow road,City/Town,Open area,Human Error,Yes,Damage Only,Rear end,Uncontrolled,Straight and flat,NH,Bitumen(Tar),Dry,No influence on accident,Fine,MYSORE ROAD NEAR MAILSANDRA JUNCTION,KEB POLE,22ME,0.0,0.0
Bengaluru City,Kengeri Traffic PS,1.04432e+16,2016,1,1,Road Accidents,Junction,City/Town,Residential area,Human Error,Yes,Simple Injury,Hit bicyclist,Uncontrolled,Straight and flat,Others,Bitumen(Tar),Dry,No influence on accident,Fine,4TH MAIN ROAD AND SRI SANGAMESHWAR TEMPLE ROAD JUNCTION R R NAGARA,R R NAGARA,4K.M,0.0,0.0
Bengaluru City,Kengeri Traffic PS,1.04432e+16,2016,1,1,Road Accidents,Narrow road,City/Town,Open area,Human Error,No,Damage Only,Hit fixed object,Uncontrolled,Straight and flat,NH,Bitumen(Tar),Dry,No influence on accident,Fine,MYSORE ROAD NEAR DUBHASIPALYA,KENGERI,2K.M,0.0,0.0
Bengaluru City,Kengeri Traffic PS,1.04432e+16,2016,1,2,Road Accidents,Narrow road,City/Town,Narrow bridge or culverts,Human Error,No,Damage Only,Rear end,Uncontrolled,Straight and flat,Others,Concrete,Dry,No influence on accident,Fine,NICE ROAD NEAR RAILWAY BRIDGE,KENGERI,3K.M,0.0,0.0
Bengaluru City,Kengeri Traffic PS,1.04432e+16,2016,1,1,Road Accidents,Narrow road,City/Town,Residential area,Human Error,Yes,Grievous Injury,Hit pedestrian,Controlled,Straight and flat,Others,Bitumen(Tar),Dry,Not Applicable,Clear,Hakkipikki colony KENGERI UPANAGARA,HAKKIPIKKI COLONY,1.5km,0.0,0.0
Bengaluru City,Kengeri Traffic PS,1.04432e+16,2016,1,2,Road Accidents,Curves,City/Town,Near Hospital,Human Error,No,Grievous Injury,Rear end,Uncontrolled,Curve,NH,Bitumen(Tar),Dry,No influence on accident,Clear,Mysore Main road NEAR GOVT HOSPITAL,GOVT HOSPITAL,50 ME,0.0,0.0
Bengaluru City,Kengeri Traffic PS,1.04432e+16,2016,1,1,Road Accidents,Narrow road,City/Town,Near a religious place,Human Error,No,Simple Injury,Hit pedestrian,Uncontrolled,Straight and flat,NH,Bitumen(Tar),Dry,No influence on accident,Fine,MYSORE ROAD NEAR CHEK POST,KENGERI,1K.M,0.0,0.0
Bengaluru City,Kengeri Traffic PS,1.04432e+16,2016,1,2,Road Accidents,Junction,City/Town,Open area,Human Error,Yes,Fatal,Rear end,No signal lights,Straight and flat,NH,Bitumen(Tar),Dry,No influence on accident,Fine,MYSORE ROAD AND MAILASANDRA JUNCTION,KENGERI,1K.M,0.0,0.0
Bengaluru City,Kengeri Traffic PS,1.04432e+16,2016,1,2,Road Accidents,Narrow road,City/Town,Open area,Human Error,No,Grievous Injury,Head on,Uncontrolled,Straight and flat,Others,Bitumen(Tar),Dry,No influence on accident,Fine,PATTANNA GERE MAIN MAIN ROAD NEAR MARAMMA TEMPLE,RR NAGARA,2K.M,0.0,0.0
Bengaluru City,Kengeri Traffic PS,1.04432e+16,2016,1,2,Road Accidents,Junction,City/Town,Near Petrol Pump,Human Error,Yes,Simple Injury,Side impact or Right angle,Uncontrolled,Straight and flat,NH,Bitumen(Tar),Dry,No influence on accident,Fine,MYSORE ROAD AND PATTANAGERE ROAD JUNCTION,KENGERI,2K.M,0.0,0.0
Bengaluru City,Kengeri Traffic PS,1.04432e+16,2016,1,2,Road Accidents,Narrow road,City/Town,Open area,Human Error,No,Grievous Injury,Hit parked vehicle,Uncontrolled,Straight and flat,Expressway,Concrete,Dry,No influence on accident,Fine,NICE ROAD DODDABELE BRIDGE,KENGERI,2K.M,0.0,0.0
Bengaluru City,Kengeri Traffic PS,1.04432e+16,2016,1,2,Road Accidents,Narrow road,City/Town,Open area,Human Error,No,Damage Only,Side impact or Right angle,Uncontrolled,Straight and flat,NH,Bitumen(Tar),Dry,No influence on accident,Fine,MYSORE ROAD AND KENGERI BMTC BUS STOP,KENGERI,1K.M,0.0,0.0
Bengaluru City,Kengeri Traffic PS,1.04432e+16,2016,1,2,Road Accidents,Junction,City/Town,Open area,Human Error,Yes,Simple Injury,Rear end,Uncontrolled,Straight and flat,NH,Bitumen(Tar),Dry,No influence on accident,Fine,MYSORE ROAD NEAR NICE ROAD JUNCTION,KENGERI,1K.M,0.0,0.0
Bengaluru City,Kengeri Traffic PS,1.04432e+16,2016,1,2,Road Accidents,Junction,City/Town,Near Hospital,Human Error,Yes,Fatal,Rear end,No signal lights,Straight and flat,NH,Bitumen(Tar),Dry,No influence on accident,Fine,MYSORE ROAD NEAR RR HOSPITAL OPP MMP MEDICAL,MMP MEDICAL,20ME,0.0,0.0
Bengaluru City,Kengeri Traffic PS,1.04432e+16,2016,1,2,Road Accidents,Junction,City/Town,Narrow bridge or culverts,Human Error,Yes,Grievous Injury,Right Turn Collision,Uncontrolled,Straight and flat,Others,Bitumen(Tar),Dry,No influence on accident,Fine,KENGERI UPANAGARA NEAR VIJAY BANK,KENGERI,10 ME,0.0,0.0
Bengaluru City,Kengeri Traffic PS,1.04432e+16,2016,1,2,Road Accidents,Narrow road,City/Town,Open area,Human Error,No,Damage Only,Rear end,Uncontrolled,Straight and flat,Others,Bitumen(Tar),Dry,No influence on accident,Fine,R R NAGARA MAIN ROAD OPP BATA SHOW ROOM,R R NAGARA,4K.M,0.0,0.0
Bengaluru City,Kengeri Traffic PS,1.04432e+16,2016,1,2,Road Accidents,Narrow road,City/Town,Open area,Human Error,No,Grievous Injury,Head on,Uncontrolled,Straight and flat,Others,Bitumen(Tar),Dry,No influence on accident,Fine,KENGERI UPANAGARA OPP.H M BIKE,KENGERI,2K.M,0.0,0.0
Bengaluru City,Kengeri Traffic PS,1.04432e+16,2016,1,2,Road Accidents,Narrow road,City/Town,Near Petrol Pump,Human Error,Yes,Grievous Injury,Side impact or Right angle,Uncontrolled,Straight and flat,Others,Bitumen(Tar),Dry,No influence on accident,Fine,KENGERI UPANAGARA MAIN ROAD OPP SHELL PETROL BUNK,KENGERI,1K.M,0.0,0.0