DISTRICTNAME,UNITNAME,Crime_No,Year,RI,Noofvehicle_involved,Accident_Classification,Accident_Spot,Accident_Location,Accident_SubLocation,Main_Cause,Hit_Run,Severity,Collision_Type,Junction_Control,Road_Character,Road_Type,Surface_Type,Surface_Condition,Road_Condition,Weather,Accident_Road,Landmark_first,Distance_LandMark_First,Latitude,Longitude
Bengaluru City,Kengeri Traffic PS,1.04432e+16,2018,1,1,Road Accidents,Narrow road,City/Town,Open area,Human Error,No,Fatal,Hit pedestrian,Uncontrolled,Straight and flat,Expressway,Bitumen(Tar),Dry,No influence on accident,Clear,Nice Road,Near Chennasandra Briedge,12 km,0.0,0.0
Bengaluru City,Kengeri Traffic PS,1.04432e+16,2018,1,2,Road Accidents,Narrow road,City/Town,Near Bus stop,Human Error,No,Damage Only,Rear end,Uncontrolled,Straight and flat,NH,Bitumen(Tar),Dry,No influence on accident,Fine,MYSORE ROAD OPP SATTALITE BUS STOP,SATTALITE BUS STOP,50ME,0.0,0.0
Bengaluru City,Kengeri Traffic PS,1.04432e+16,2018,1,2,Road Accidents,Junction,City/Town,Near Bus stop,Human Error,No,Damage Only,Side impact or Right angle,Controlled,Others,City or Town Road,Bitumen(Tar),Dry,No influence on accident,Clear,UTTARAHALLI MAIN ROAD,Opp BGS Arch,1 KM,0.0,0.0
Bengaluru City,Kengeri Traffic PS,1.04432e+16,2018,1,2,Road Accidents,Narrow road,City/Town,Near office complex,Human Error,Yes,Grievous Injury,Overturning,Controlled,Straight and flat,City or Town Road,Bitumen(Tar),Dry,No influence on accident,Clear,Kengeri Uttarahalli Main Road,Opp Vishwas Wiegh Bridge,4 KM,0.0,0.0
Bengaluru City,Kengeri Traffic PS,1.04432e+16,2018,1,2,Road Accidents,Narrow road,City/Town,Open area,Human Error,No,Fatal,Rear end,Uncontrolled,Straight and flat,NH,Bitumen(Tar),Dry,No influence on accident,Fine,MYSORE ROAD OPP PAVAMAN LODGE,PAVAMAN LODGE,100MET,0.0,0.0
Bengaluru City,Kengeri Traffic PS,1.04432e+16,2018,1,2,Road Accidents,Staggered junction,City/Town,Open area,Human Error,Yes,Grievous Injury,Head on,Controlled,Straight and flat,City or Town Road,Bitumen(Tar),Dry,No influence on accident,Clear,Kommaghatta Main Road,Near Beedi Colony Kommaghatt Road,2 KM,0.0,0.0
Bengaluru City,Kengeri Traffic PS,1.04432e+16,2018,1,2,Road Accidents,Narrow road,City/Town,Open area,Human Error,No,Grievous Injury,Head on,No signal lights,Straight and flat,City or Town Road,Bitumen(Tar),Dry,No influence on accident,Clear,Kodipalya Road,Near Konasandra Lake,2 KM,0.0,0.0
Bengaluru City,Kengeri Traffic PS,1.04432e+16,2018,1,2,Road Accidents,Junction,City/Town,Residential area,Human Error,No,Simple Injury,Side impact or Right angle,Uncontrolled,Straight and flat,Others,Bitumen(Tar),Dry,No influence on accident,Fine,KENGERI UPANAGARA DUBHASIPALYA MAIN ROAD AND VADDARAPALYA 1ST MAIN ROAD JUCTION,HOUSE NO46,10ME,0.0,0.0
Bengaluru City,Kengeri Traffic PS,1.04432e+16,2018,1,2,Road Accidents,Junction,City/Town,Open area,Human Error,Yes,Grievous Injury,Side impact or Right angle,Uncontrolled,Straight and flat,Others,Bitumen(Tar),Dry,No influence on accident,Fine,80 feet road near bda toll bsk 6th stage,bda toll,50me,0.0,0.0
Bengaluru City,Kengeri Traffic PS,1.04432e+16,2018,1,2,Road Accidents,Narrow road,City/Town,Open area,Human Error,No,Simple Injury,Hit parked vehicle,Uncontrolled,Straight and flat,NH,Bitumen(Tar),Dry,No influence on accident,Fine,MYSORE ROAD NEA METRO MALL KENGERI,METRO MALL KENGERI,50ME,0.0,0.0
Bengaluru City,Kengeri Traffic PS,1.04432e+16,2018,1,2,Road Accidents,Junction,City/Town,Open area,Human Error,No,Grievous Injury,Side impact or Right angle,Uncontrolled,Straight and flat,Others,Bitumen(Tar),Dry,No influence on accident,Fine,GLOBAL VILLAGE BACK GATE PATTANNAGERE,GLOBAL VILLAGE BACK GATE,10ME,0.0,0.0
Bengaluru City,Kengeri Traffic PS,1.04432e+16,2018,1,2,Road Accidents,Staggered junction,City/Town,Near School or College,Human Error,No,Fatal,Rear end,Controlled,Slight Curve,NH,Bitumen(Tar),Dry,Construction Work / Material,Clear,Mysore road,Opp Bim bizz,2 KM,0.0,0.0
Bengaluru City,Kengeri Traffic PS,1.04432e+16,2018,1,7,Road Accidents,Narrow road,City/Town,In bazaar,Human Error,No,Grievous Injury,Hit pedestrian,Not at  Junction,Straight and flat,City or Town Road,Bitumen(Tar),Dry,No influence on accident,Clear,near aralimaradakatte,R R Nagara Javaregowdana Doddi,6 KM,0.0,0.0
Bengaluru City,Kengeri Traffic PS,1.04432e+16,2018,1,2,Road Accidents,Narrow road,City/Town,Narrow bridge or culverts,Human Error,Yes,Grievous Injury,Rear end,Uncontrolled,Straight and flat,Others,Concrete,Dry,No influence on accident,Fine,NICE ROAD NEAR CHENNASANDRA BRIDGE,CHENNASANDRA BRIDGE,50ME,0.0,0.0
Bengaluru City,Kengeri Traffic PS,1.04432e+16,2018,1,1,Road Accidents,Bridge,City/Town,Narrow bridge or culverts,Human Error,Yes,Fatal,Hit and Run,Uncontrolled,Straight and flat,Others,Bitumen(Tar),Dry,No influence on accident,Fine,NICE ROAD AND MYSORE ROAD PLY OVER,MYSORE  ROAD PLY OVER,10ME,0.0,0.0
Bengaluru City,Kengeri Traffic PS,1.04432e+16,2018,1,1,Road Accidents,Narrow road,City/Town,Open area,Human Error,Yes,Fatal,Hit and Run,Uncontrolled,Straight and flat,Others,Bitumen(Tar),Dry,No influence on accident,Fine,KENGERI UPANAGARA MAIN ROAD OPP DONNE BIRIYANI SHOP,DONNE BIRIYANI,10ME,0.0,0.0
Bengaluru City,Kengeri Traffic PS,1.04432e+16,2018,1,1,Road Accidents,Curves,City/Town,Residential area,Human Error,Yes,Grievous Injury,Hit pedestrian,Uncontrolled,Curve,Others,Bitumen(Tar),Dry,No influence on accident,Fine,5TH CROSS OPP R R NAGARA OUT POST R R NAGARA,R R NAGARA OUT POST,05ME,0.0,0.0
Bengaluru City,Kengeri Traffic PS,1.04432e+16,2018,1,2,Road Accidents,Narrow road,City/Town,Narrow bridge or culverts,Human Error,No,Grievous Injury,Side impact or Right angle,Uncontrolled,Straight and flat,Others,Bitumen(Tar),Dry,No influence on accident,Fine,NICE ROAD NEAR KONASANDRA BRIDGE,KONASANDRA BRIDGE,50ME,0.0,0.0
Bengaluru City,Kengeri Traffic PS,1.04432e+16,2018,1,2,Road Accidents,Narrow road,City/Town,Near office complex,Human Error,No,Grievous Injury,Rear end,Uncontrolled,Straight and flat,One way,Bitumen(Tar),Dry,No influence on accident,Fine,R R NAGARA MAIN ROAD OPP SBI BANK,SBI BANK,40ME,0.0,0.0
Bengaluru City,Kengeri Traffic PS,1.04432e+16,2018,1,1,Road Accidents,Narrow road,City/Town,Near Bus stop,Human Error,Yes,Grievous Injury,Hit pedestrian,Uncontrolled,Straight and flat,NH,Bitumen(Tar),Dry,No influence on accident,Fine,MYSORE ROAD NEAR SATTALITE BUS STOP KENGERI,SATTALITE BUS STOP,4,0.0,0.0
Bengaluru City,Kengeri Traffic PS,1.04432e+16,2018,1,1,Road Accidents,Narrow road,City/Town,Near Hospital,Human Error,No,Grievous Injury,Hit pedestrian,Controlled,Straight and flat,City or Town Road,Bitumen(Tar),Dry,No influence on accident,Clear,K S Town,Near Adarsha Hospital,3 KM,0.0,0.0
Bengaluru City,Kengeri Traffic PS,1.04432e+16,2018,1,2,Road Accidents,Narrow road,City/Town,Open area,Human Error,No,Simple Injury,Skidding or Self accident,Controlled,Straight and flat,Expressway,Bitumen(Tar),Dry,No influence on accident,Clear,Nice Road,Near Kommaghatta Briedge,6 KM,0.0,0.0
Bengaluru City,Kengeri Traffic PS,1.04432e+16,2018,1,1,Road Accidents,Narrow road,City/Town,Open area,Human Error,Yes,Grievous Injury,Hit pedestrian,Not at  Junction,Straight and flat,Expressway,Bitumen(Tar),Dry,No influence on accident,Clear,Nice Road,Near Konasandra Darga,2 KM,0.0,0.0
Bengaluru City,Kengeri Traffic PS,1.04432e+16,2018,1,1,Road Accidents,Narrow road,City/Town,Near Bus stop,Human Error,Yes,Simple Injury,Rear end,Controlled,Straight and flat,City or Town Road,Bitumen(Tar),Dry,No influence on accident,Clear,K S Town,Near Andhra Bank,2 KM,0.0,0.0
Bengaluru City,Kengeri Traffic PS,1.04432e+16,2018,1,1,Road Accidents,Narrow road,City/Town,Residential area,Human Error,Yes,Damage Only,Hit fixed object,Uncontrolled,Straight and flat,Others,Bitumen(Tar),Dry,No influence on accident,Fine,PANCHASHEELA LAYOUT KRISHNPPA BLOCK 3RD CROSS R R NAGARA,SRI BAIRAVESWARA NILAYA,10ME,0.0,0.0
Bengaluru City,Kengeri Traffic PS,1.04432e+16,2018,1,2,Road Accidents,Curves,City/Town,Open area,Human Error,No,Damage Only,Rear end,Uncontrolled,Straight and flat,Others,Bitumen(Tar),Dry,No influence on accident,Fine,NICE ROAD NEAR KENGERI TOLL,RAILWAY BRIDGE,20ME,0.0,0.0
Bengaluru City,Kengeri Traffic PS,1.04432e+16,2018,1,1,Road Accidents,Curves,City/Town,Open area,Human Error,Yes,Grievous Injury,Hit pedestrian,Uncontrolled,Straight and flat,Others,Bitumen(Tar),Dry,No influence on accident,Fine,UTTARAHALLI MAIN ROAD NEAR MAHAVEERA APP,MAHAVEERA APP,50ME,0.0,0.0
Bengaluru City,Kengeri Traffic PS,1.04432e+16,2018,1,1,Road Accidents,Narrow road,City/Town,Residential area,Human Error,No,Grievous Injury,Hit pedestrian,Uncontrolled,Straight and flat,Others,Bitumen(Tar),Dry,No influence on accident,Fine,E ROAD OPP NARAYANA GOWDA HOUSE R R NAGARA,NARAYANA GOWDA HOUSE R R NAGARA,10ME,0.0,0.0
Bengaluru City,Kengeri Traffic PS,1.04432e+16,2018,1,2,Road Accidents,Narrow road,City/Town,Open area,Human Error,Yes,Fatal,Rear end,Uncontrolled,Straight and flat,Others,Bitumen(Tar),Dry,No influence on accident,Fine,NICE ROAD NEA BAIROHALLI BRIDGE,BAIROHALLI BRIDGE,50ME,0.0,0.0
Bengaluru City,Kengeri Traffic PS,1.04432e+16,2018,1,2,Road Accidents,Narrow road,City/Town,Open area,Human Error,No,Fatal,Rear end,Uncontrolled,Straight and flat,NH,Bitumen(Tar),Dry,Construction Work / Material,Fine,MYSORE ROAD NEAR NICE ROAD BRIDGE KENGERI,NICE BRDIGE,50ME,0.0,0.0
Bengaluru City,Kengeri Traffic PS,1.04432e+16,2018,1,2,Road Accidents,Cross roads,City/Town,Near a religious place,Human Error,Yes,Grievous Injury,Head on,Controlled,Straight and flat,City or Town Road,Bitumen(Tar),Dry,No influence on accident,Clear,R R Temple Road,Near R R Temple,5 KM,0.0,0.0
Bengaluru City,Kengeri Traffic PS,1.04432e+16,2018,1,2,Road Accidents,Junction,City/Town,Residential area,Human Error,No,Damage Only,Side impact or Right angle,Uncontrolled,Straight and flat,Others,Bitumen(Tar),Dry,No influence on accident,Fine,IDEAL HOMES MAIN ROAD SRI MARUTHI REAL ESTATE ENTERPRISES NEAR,MARUTHI REAL ESTATE ENTERPRISES NEAR,10ME,0.0,0.0
Bengaluru City,Kengeri Traffic PS,1.04432e+16,2018,1,1,Road Accidents,Narrow road,City/Town,Near Bus stop,Human Error,No,Grievous Injury,Hit pedestrian,Controlled,Straight and flat,City or Town Road,Bitumen(Tar),Dry,No influence on accident,Clear,K S Town,Near Bagalore One Center,1.5 KM,0.0,0.0
Bengaluru City,Kengeri Traffic PS,1.04432e+16,2018,1,1,Road Accidents,Curves,City/Town,Near Bus stop,Human Error,No,Grievous Injury,Hit pedestrian,Uncontrolled,Curve,NH,Bitumen(Tar),Dry,No influence on accident,Clear,MYSORE ROAD SATTALITE BUS STOP,KENGERI TR,1K.M,0.0,0.0
Bengaluru City,Kengeri Traffic PS,1.04432e+16,2018,1,2,Road Accidents,Other,City/Town,Near a factory industrial area,Human Error,No,Damage Only,Hit parked vehicle,Not at  Junction,Slight Curve,NH,Bitumen(Tar),Dry,No influence on accident,Clear,Mysore road,Opp IMAC Factory,1 KM,0.0,0.0
Bengaluru City,Kengeri Traffic PS,1.04432e+16,2018,1,2,Road Accidents,Narrow road,City/Town,Near Bus stop,Human Error,No,Damage Only,Rear end,Controlled,Straight and flat,NH,Bitumen(Tar),Dry,Construction Work / Material,Clear,Mysore road,Near Kengeri BMTC Bus Stand,1 km,0.0,0.0
Bengaluru City,Kengeri Traffic PS,1.04432e+16,2018,1,1,Road Accidents,Narrow road,City/Town,Near Bus stop,Human Error,No,Grievous Injury,Hit pedestrian,Controlled,Straight and flat,City or Town Road,Bitumen(Tar),Dry,No influence on accident,Clear,K S Town Main Road,Near Vodafone Store,2 km,0.0,0.0
Bengaluru City,Kengeri Traffic PS,1.04432e+16,2018,1,2,Road Accidents,Circle,City/Town,Near Bus stop,Human Error,No,Grievous Injury,Head on,Controlled,Slight Curve,City or Town Road,Bitumen(Tar),Dry,No influence on accident,Clear,Near Arunachalam Circle,near Aruncchalam circle,4 KM,0.0,0.0
Bengaluru City,Kengeri Traffic PS,1.04432e+16,2018,1,1,Road Accidents,Curves,City/Town,Near a factory industrial area,Human Error,No,Grievous Injury,Skidding or Self accident,Uncontrolled,Curve,NH,Bitumen(Tar),Dry,No influence on accident,Fine,MYSORE ROAD NEAR ARAVINDA GARMENTS,ARAVINDA GARMENTS,10ME,0.0,0.0
Bengaluru City,Kengeri Traffic PS,1.04432e+16,2018,1,1,Road Accidents,Narrow road,City/Town,Near School or College,Human Error,No,Grievous Injury,Hit pedestrian,Uncontrolled,Straight and flat,Others,Bitumen(Tar),Dry,No influence on accident,Fine,GANAKAL MAIN ROAD OPP JSS SCHOOL,JSS SCHOOL,10ME,0.0,0.0
Bengaluru City,Kengeri Traffic PS,1.04432e+16,2018,1,2,Road Accidents,Narrow road,City/Town,Near School or College,Human Error,No,Grievous Injury,Head on,Not at  Junction,Straight and flat,City or Town Road,Bitumen(Tar),Dry,No influence on accident,Clear,Kengeri Parallal Road,Near Railway Crossing Gate,2 km,0.0,0.0
Bengaluru City,Kengeri Traffic PS,1.04432e+16,2018,1,4,Road Accidents,Narrow road,City/Town,Open area,Human Error,No,Grievous Injury,Hit parked vehicle,Uncontrolled,Straight and flat,Others,Concrete,Dry,No influence on accident,Fine,NICE ROAD HEMMIGEPURA BRIDGE DOWN KENGERI,HEMMIGEPURA BRIDGE,10ME,0.0,0.0
Bengaluru City,Kengeri Traffic PS,1.04432e+16,2018,1,2,Road Accidents,Junction,City/Town,Near Bus stop,Human Error,No,Damage Only,Side impact or Right angle,Uncontrolled,Straight and flat,NH,Bitumen(Tar),Dry,No influence on accident,Fine,MYSORE ROAD NEAR SATTALITE BUS STOP KENGERI,KENGERI TR PS,50,0.0,0.0
Bengaluru City,Kengeri Traffic PS,1.04432e+16,2018,1,2,Road Accidents,Narrow road,City/Town,Open area,Human Error,Yes,Damage Only,Rear end,Uncontrolled,Straight and flat,NH,Bitumen(Tar),Dry,No influence on accident,Fine,MYSORE ROAD NEAR DUBHASIPALYA,CHETHAN DHABA,10ME,0.0,0.0
Bengaluru City,Kengeri Traffic PS,1.04432e+16,2018,1,2,Road Accidents,Junction,City/Town,Near Bus stop,Human Error,Yes,Grievous Injury,Hit parked vehicle,Controlled,Straight and flat,City or Town Road,Bitumen(Tar),Dry,No influence on accident,Clear,K S Town Main Road,Shankarnag Circle,1 KM,0.0,0.0
Bengaluru City,Kengeri Traffic PS,1.04432e+16,2018,1,2,Road Accidents,Narrow road,City/Town,Near Bus stop,Human Error,No,Grievous Injury,Rear end,Controlled,Straight and flat,Expressway,Bitumen(Tar),Dry,No influence on accident,Clear,Mysore road,Near Satallite Bus Stand,1 km,0.0,0.0
Bengaluru City,Kengeri Traffic PS,1.04432e+16,2018,1,1,Road Accidents,Narrow road,City/Town,Residential area,Human Error,No,Grievous Injury,Hit bicyclist,Not Applicable,Slight Curve,City or Town Road,Bitumen(Tar),Dry,No influence on accident,Clear,Railway Prallal Road K S town,Near Dubasipalya Rialway Crossing,3 km,0.0,0.0
Bengaluru City,Kengeri Traffic PS,1.04432e+16,2018,1,2,Road Accidents,Narrow road,City/Town,Open area,Human Error,No,Damage Only,Skidding or Self accident,Uncontrolled,Straight and flat,Others,Concrete,Dry,No influence on accident,Fine,NICE ROAD OPP SOMA COMPANY,SOMA COMPANY,50ME,0.0,0.0
Bengaluru City,Kengeri Traffic PS,1.04432e+16,2018,1,2,Road Accidents,Narrow road,City/Town,Open area,Human Error,No,Damage Only,Rear end,Uncontrolled,Straight and flat,Others,Bitumen(Tar),Dry,No influence on accident,Fine,MYSORE ROAD NEAR KENGERI POLICE STATION,KENGERI TR PS,10ME,0.0,0.0
Bengaluru City,Kengeri Traffic PS,1.04432e+16,2018,1,2,Rail Road Accidents,Narrow road,City/Town,Near Bus stop,Human Error,No,Grievous Injury,Head on,Controlled,Straight and flat,City or Town Road,Bitumen(Tar),Dry,No influence on accident,Clear,K S Town Main Road,Near Ganesh Temple,800mtr,0.0,0.0
Bengaluru City,Kengeri Traffic PS,1.04432e+16,2018,1,2,Road Accidents,Junction,City/Town,Near Hospital,Human Error,No,Grievous Injury,Side impact or Right angle,Uncontrolled,Straight and flat,Others,Bitumen(Tar),Dry,No influence on accident,Fine,6TH CROSS AND 4TH MAIN ROAD JUNCTION KENGEI UPANGARA,SHREYA HOSPITAL,30ME,0.0,0.0
Bengaluru City,Kengeri Traffic PS,1.04432e+16,2018,1,2,Road Accidents,Narrow road,City/Town,Open area,Human Error,No,Grievous Injury,Hit pedestrian,Uncontrolled,Straight and flat,Others,Concrete,Dry,No influence on accident,Fine,NICE ROAD NEAR DOUSAZA NAGARA BRIDGE,DOUSAZA NAGARA BRIDGE,10ME,0.0,0.0
Bengaluru City,Kengeri Traffic PS,1.04432e+16,2018,1,1,Road Accidents,Narrow road,City/Town,Open area,Human Error,No,Grievous Injury,Hit pedestrian,Uncontrolled,Straight and flat,Others,Bitumen(Tar),Dry,No influence on accident,Fine,GATTIGERE 4THCROSS OPP SUGUNA APPT R R NAGARA,SUGUNA APPT,10ME,0.0,0.0
Bengaluru City,Kengeri Traffic PS,1.04432e+16,2018,1,2,Road Accidents,Narrow road,City/Town,Near Bus stop,Human Error,No,Grievous Injury,Head on,Controlled,Straight and flat,City or Town Road,Bitumen(Tar),Dry,No influence on accident,Clear,Uttarahalli Main Road,Near Bharath Petrol Bunk,5 KM,0.0,0.0
Bengaluru City,Kengeri Traffic PS,1.04432e+16,2018,1,1,Road Accidents,Narrow road,City/Town,Near School or College,Human Error,Yes,Fatal,Hit pedestrian,Uncontrolled,Straight and flat,NH,Bitumen(Tar),Dry,No influence on accident,Fine,MYSORE ROAD NEAR R V COLLAGE KENGERI,VRL OFFICE,50ME,0.0,0.0
Bengaluru City,Kengeri Traffic PS,1.04432e+16,2018,1,3,Road Accidents,Narrow road,City/Town,In bazaar,Human Error,No,Grievous Injury,Hit parked vehicle,Controlled,Straight and flat,City or Town Road,Bitumen(Tar),Dry,No influence on accident,Clear,Kengeri Uttarahalli Main Road,Tirumala Bar,3 KM,0.0,0.0
Bengaluru City,Kengeri Traffic PS,1.04432e+16,2018,1,2,Road Accidents,Narrow road,City/Town,Open area,Human Error,No,Grievous Injury,Rear end,Uncontrolled,Straight and flat,Others,Bitumen(Tar),Dry,No influence on accident,Fine,KENGERI UPANAGARA MAIN ROAD OPP SUZUKI SHOW ROOM,SUZUKI SHOW ROOM,40ME,0.0,0.0
Bengaluru City,Kengeri Traffic PS,1.04432e+16,2019,1,2,Road Accidents,Narrow road,City/Town,Near Bus stop,Human Error,No,Simple Injury,Head on,Controlled,Straight and flat,City or Town Road,Bitumen(Tar),Dry,No influence on accident,Clear,Kengeri Uttarahalli Main Road,Near Mantri Appartment,6 KM,0.0,0.0
Bengaluru City,Kengeri Traffic PS,1.04432e+16,2019,1,2,Road Accidents,Narrow road,City/Town,Open area,Human Error,Yes,Grievous Injury,Overturning,Controlled,Straight and flat,City or Town Road,Bitumen(Tar),Dry,No influence on accident,Clear,ganakal main road,Near Aditya Bakery,5 KM,0.0,0.0
Bengaluru City,Kengeri Traffic PS,1.04432e+16,2019,1,2,Road Accidents,Narrow road,City/Town,Near office complex,Human Error,Yes,Simple Injury,Hit and Run,Controlled,Straight and flat,City or Town Road,Bitumen(Tar),Dry,No influence on accident,Clear,R R Nagara Main Road,Opp L J Iyenger Bakery,6 km,0.0,0.0
Bengaluru City,Kengeri Traffic PS,1.04432e+16,2019,1,2,Road Accidents,Narrow road,City/Town,Open area,Human Error,No,Grievous Injury,Skidding or Self accident,Controlled,Straight and flat,City or Town Road,Bitumen(Tar),Dry,No influence on accident,Clear,Forest Layout Railway Paralal Road,Near Jayaramdas Railway Gate,6km,0.0,0.0
Bengaluru City,Kengeri Traffic PS,1.04432e+16,2019,1,2,Road Accidents,Cross roads,City/Town,Near Bus stop,Human Error,Yes,Grievous Injury,Head on,Controlled,Straight and flat,City or Town Road,Bitumen(Tar),Dry,No influence on accident,Clear,kenchenahalli road,rr nagar,3 KM,0.0,0.0
Bengaluru City,Kengeri Traffic PS,1.04432e+16,2019,1,2,Road Accidents,Narrow road,City/Town,Near Bus stop,Human Error,Yes,Grievous Injury,Hit parked vehicle,Controlled,Straight and flat,NH,Bitumen(Tar),Dry,No influence on accident,Clear,Near Dubasipalya Bus Stop,Opp Iravatha Hotel,2 KM,0.0,0.0
Bengaluru City,Kengeri Traffic PS,1.04432e+16,2019,1,3,Road Accidents,Narrow road,City/Town,Near Bus stop,Human Error,No,Damage Only,Hit parked vehicle,Controlled,Straight and flat,NH,Bitumen(Tar),Dry,No influence on accident,Clear,Mysore Road,Near Nice Road Junction  Kengeri,2,0.0,0.0
Bengaluru City,Kengeri Traffic PS,1.04432e+16,2019,1,2,Road Accidents,Narrow road,City/Town,Open area,Human Error,No,Simple Injury,Vehicle to Vehicle,Uncontrolled,Straight and flat,NH,Bitumen(Tar),Dry,No influence on accident,Clear,Near Vrushabavathi River,Nice Road,5 KM,0.0,0.0
Bengaluru City,Kengeri Traffic PS,1.04432e+16,2019,1,2,Not Applicable,Narrow road,City/Town,Residential area,Not Applicable,No,Simple Injury,Vehicle to Vehicle,Not Applicable,Others,Others,Bitumen(Tar),Others,Not Applicable,Others,Krishna Garden,Near Nayi mane,4 KM,0.0,0.0
Bengaluru City,Kengeri Traffic PS,1.04432e+16,2019,1,1,Road Accidents,Not Applicable,City/Town,Near Hospital,Not Applicable,Not Applicable,Fatal,Not Applicable,Not Applicable,Not Applicable,Not Applicable,Not Applicable,Not Applicable,Not Applicable,Others,"Near hk hospital,  Mysore road",1,1 Km,0.0,0.0
Bengaluru City,Kengeri Traffic PS,1.04432e+16,2019,1,1,Road Accidents,Not Applicable,City/Town,Open area,Not Applicable,Not Applicable,Fatal,Not Applicable,Not Applicable,Not Applicable,Not Applicable,Not Applicable,Not Applicable,Not Applicable,Others,Opp White Palace,1,2 KM,0.0,0.0
Bengaluru City,Kengeri Traffic PS,1.04432e+16,2019,1,1,Not Applicable,Not Applicable,City/Town,Open area,Not Applicable,Not Applicable,Fatal,Not Applicable,Not at  Junction,Not Applicable,Not Applicable,Not Applicable,Not Applicable,Not Applicable,Others,Kengeri Nce Road,1,2km,0.0,0.0
Bengaluru City,Kengeri Traffic PS,1.04432e+16,2019,1,2,Not Applicable,Not Applicable,City/Town,In bazaar,Not Applicable,Not Applicable,Simple Injury,Not Applicable,Not Applicable,Not Applicable,Not Applicable,Not Applicable,Not Applicable,Not Applicable,Clear,RR Nagara,Near MRF Shorum,5km,0.0,0.0
Bengaluru City,Kengeri Traffic PS,1.04432e+16,2019,1,2,Rail Road Accidents,Not Applicable,City/Town,Open area,Not Applicable,Not Applicable,Simple Injury,Vehicle to Vehicle,Not Applicable,Not Applicable,Not Applicable,Not Applicable,Others,Not Applicable,Others,Mysore Road,1,2 km,0.0,0.0
Bengaluru City,Kengeri Traffic PS,1.04432e+16,2019,1,4,Road Accidents,Narrow road,City/Town,Open area,Human Error,No,Grievous Injury,Rear end,Not Applicable,Straight and flat,Expressway,Bitumen(Tar),Dry,No influence on accident,Clear,Nice Road,Near Doddabele Briedge,4 KM,0.0,0.0
Bengaluru City,Kengeri Traffic PS,1.04432e+16,2019,1,1,Road Accidents,Narrow road,City/Town,Open area,Human Error,No,Grievous Injury,Hit pedestrian,Controlled,Straight and flat,City or Town Road,Bitumen(Tar),Dry,No influence on accident,Clear,Halagevaderahalli Main Road,Halagevaderahalli Main Road,5 KM,0.0,0.0
Bengaluru City,Kengeri Traffic PS,1.04432e+16,2019,1,2,Road Accidents,Narrow road,City/Town,Near a religious place,Human Error,Yes,Grievous Injury,Vehicle to Vehicle,Controlled,Straight and flat,Two way,Bitumen(Tar),Dry,No influence on accident,Clear,K S Town Main Road,Near Ganesha Temple,1,0.0,0.0
Bengaluru City,Kengeri Traffic PS,1.04432e+16,2019,1,1,Road Accidents,Narrow road,City/Town,Open area,Human Error,Not Applicable,Grievous Injury,Vehicle to Vehicle,Uncontrolled,Straight and flat,NH,Bitumen(Tar),Dry,No influence on accident,Clear,Nice Road,Near Doddabele Briedge,3 km,0.0,0.0
Bengaluru City,Kengeri Traffic PS,1.04432e+16,2019,1,1,Road Accidents,Narrow road,City/Town,Near Bus stop,Human Error,No,Grievous Injury,Hit pedestrian,Not at  Junction,Straight and flat,Service Road,Bitumen(Tar),Dry,No influence on accident,Clear,Kengeri Railway Station Road,Near Kengeri Railway Station,1 KM,0.0,0.0
Bengaluru City,Kengeri Traffic PS,1.04432e+16,2019,1,2,Road Accidents,Narrow road,City/Town,Near Petrol Pump,Human Error,Yes,Simple Injury,Vehicle to Vehicle,Controlled,Straight and flat,Two way,Bitumen(Tar),Dry,No influence on accident,Clear,R R Nagar Main Road,near Jainpax Petrol Bunk,6 KM,0.0,0.0
Bengaluru City,Kengeri Traffic PS,1.04432e+16,2019,1,1,Not Applicable,Not Applicable,City/Town,Open area,Not Applicable,No,Not Applicable,Not Applicable,Not Applicable,Not Applicable,Others,Not Applicable,Not Applicable,Not Applicable,Not Applicable,Krishna gardan Main,Near tempal,4km,0.0,0.0
Bengaluru City,Kengeri Traffic PS,1.04432e+16,2019,1,2,Not Applicable,Not Applicable,City/Town,Open area,Not Applicable,Not Applicable,Simple Injury,Not Applicable,Not Applicable,Not Applicable,Not Applicable,Not Applicable,Not Applicable,Not Applicable,Clear,Jayanna Circle,1,2,0.0,0.0
Bengaluru City,Kengeri Traffic PS,1.04432e+16,2019,1,2,Road Accidents,Junction,City/Town,Near Bus stop,Not Applicable,No,Fatal,Vehicle to Vehicle,No signal lights,Others,Two way,Not Applicable,Dry,Not Applicable,Clear,Uttarahalli road,Near Gwodara Hotel,4 Km,0.0,0.0
Bengaluru City,Kengeri Traffic PS,1.04432e+16,2019,1,1,Road Accidents,Cross roads,City/Town,Near office complex,Human Error,Not Applicable,Simple Injury,Hit pedestrian,Police / Manual,Not Applicable,Not Applicable,Not Applicable,Not Applicable,Not Applicable,Others,Uttarahalli Main Road,1,2KM,0.0,0.0
Bengaluru City,Kengeri Traffic PS,1.04432e+16,2019,1,1,Not Applicable,Not Applicable,City/Town,Open area,Not Applicable,Not Applicable,Simple Injury,Not Applicable,Not Applicable,Not Applicable,Not Applicable,Not Applicable,Not Applicable,Not Applicable,Clear,Nice road,Near leck hosakerahalli,5km,0.0,0.0