DISTRICTNAME,UNITNAME,Crime_No,Year,RI,Noofvehicle_involved,Accident_Classification,Accident_Spot,Accident_Location,Accident_SubLocation,Main_Cause,Hit_Run,Severity,Collision_Type,Junction_Control,Road_Character,Road_Type,Surface_Type,Surface_Condition,Road_Condition,Weather,Accident_Road,Landmark_first,Distance_LandMark_First,Latitude,Longitude
Bengaluru City,Kengeri Traffic PS,1.04432e+16,2019,1,1,Not Applicable,Junction,City/Town,Near Bus stop,Not Applicable,Not Applicable,Simple Injury,Not Applicable,Not at  Junction,Others,One way,Not Applicable,Not Applicable,Not Applicable,Not Applicable,Channasandra Bus Stop,1,2 Km,0.0,0.0
Bengaluru City,Kengeri Traffic PS,1.04432e+16,2019,1,2,Road Accidents,Not Applicable,City/Town,Open area,Human Error,Not Applicable,Simple Injury,Vehicle to Vehicle,Not Applicable,Others,Others,Concrete,Dry,Not Applicable,Fine,sri veerabhadresar candiments,v laggacy,5km,0.0,0.0
Bengaluru City,Kengeri Traffic PS,1.04432e+16,2019,1,2,Road Accidents,Narrow road,City/Town,Near Bus stop,Human Error,Yes,Fatal,Rear end,Controlled,Straight and flat,City or Town Road,Bitumen(Tar),Dry,No influence on accident,Clear,R R Nagara Main Road,Opp Royal Enfield Showroom,6 KM,0.0,0.0
Bengaluru City,Kengeri Traffic PS,1.04432e+16,2019,1,2,Road Accidents,Narrow road,City/Town,Open area,Human Error,No,Fatal,Head on,Controlled,Straight and flat,City or Town Road,Bitumen(Tar),Dry,No influence on accident,Fine,Byrohalli Main Road,Near Satallite Club K S Town,4 KM,0.0,0.0
Bengaluru City,Kengeri Traffic PS,1.04432e+16,2019,1,2,Road Accidents,Narrow road,City/Town,Open area,Human Error,Not Applicable,Grievous Injury,Right Turn Collision,Give way sign,Straight and flat,Expressway,Bitumen(Tar),Dry,No influence on accident,Clear,Nice Road,Near Chikkanahalli Bridge,5 KM,0.0,0.0
Bengaluru City,Kengeri Traffic PS,1.04432e+16,2019,1,2,Road Accidents,Narrow road,City/Town,Open area,Human Error,No,Damage Only,Skidding or Self accident,Controlled,Straight and flat,City or Town Road,Bitumen(Tar),Dry,No influence on accident,Clear,doddabele Main Road,Opp Noor Pharma,1.5 KM,0.0,0.0
Bengaluru City,Kengeri Traffic PS,1.04432e+16,2019,1,1,Road Accidents,Narrow road,City/Town,Open area,Human Error,No,Simple Injury,Vehicle to Vehicle,Uncontrolled,Straight and flat,NH,Bitumen(Tar),Dry,No influence on accident,Clear,Nice Road,Near Konasandra Darga,5 KM,0.0,0.0
Bengaluru City,Kengeri Traffic PS,1.04432e+16,2019,1,2,Road Accidents,Cross roads,City/Town,Residential area,Human Error,Yes,Damage Only,Hit parked vehicle,Controlled,Straight and flat,Service Road,Bitumen(Tar),Dry,No influence on accident,Clear,Kempegowda double Road,Kempe Gowda Double Road,6 KM,0.0,0.0
Bengaluru City,Kengeri Traffic PS,1.04432e+16,2019,1,2,Road Accidents,Narrow road,City/Town,Open area,Human Error,No,Simple Injury,Rear end,Uncontrolled,Straight and flat,City or Town Road,Bitumen(Tar),Dry,No influence on accident,Clear,Kodipalya Road,Near lakshmi Temple,5 KM,0.0,0.0
Bengaluru City,Kengeri Traffic PS,1.04432e+16,2019,1,2,Road Accidents,Junction,City/Town,Near Bus stop,Human Error,No,Fatal,Right Turn Collision,Controlled,Straight and flat,NH,Bitumen(Tar),Dry,No influence on accident,Clear,Mysore Road,At dubasipalya Junction,1.5KM,0.0,0.0
Bengaluru City,Kengeri Traffic PS,1.04432e+16,2019,1,1,Road Accidents,Narrow road,City/Town,Open area,Human Error,Yes,Grievous Injury,Hit pedestrian,Uncontrolled,Straight and flat,Expressway,Bitumen(Tar),Dry,No influence on accident,Clear,Nice Road,Near Kommaghatta Briedge,2 km,0.0,0.0
Bengaluru City,Kengeri Traffic PS,1.04432e+16,2019,1,2,Road Accidents,Cross roads,City/Town,Near Bus stop,Human Error,Yes,Grievous Injury,Head on,Controlled,Straight and flat,City or Town Road,Bitumen(Tar),Dry,No influence on accident,Clear,R R Nagara Javaregowdana Doddi Road,Near Aralikatte Tree R R Nagara,6 km,0.0,0.0
Bengaluru City,Kengeri Traffic PS,1.04432e+16,2019,1,2,Road Accidents,Narrow road,City/Town,Open area,Human Error,No,Simple Injury,Rear end,Controlled,Straight and flat,Expressway,Bitumen(Tar),Dry,No influence on accident,Clear,Nice Road,Near Konasandra Darga,3 KM,0.0,0.0
Bengaluru City,Kengeri Traffic PS,1.04432e+16,2019,1,1,Road Accidents,Narrow road,City/Town,Near Bus stop,Human Error,Yes,Grievous Injury,Hit pedestrian,Controlled,Straight and flat,NH,Bitumen(Tar),Dry,No influence on accident,Clear,Mysore Road,Opp Imac,1.5 KM,0.0,0.0
Bengaluru City,Kengeri Traffic PS,1.04432e+16,2019,1,1,Road Accidents,Cross roads,City/Town,Residential area,Human Error,Yes,Grievous Injury,Hit pedestrian,Not at  Junction,Straight and flat,Residential Street,Bitumen(Tar),Dry,No influence on accident,Cloudy,Krishna Garden,Near Glass Store,4 KM,0.0,0.0
Bengaluru City,Kengeri Traffic PS,1.04432e+16,2019,1,1,Road Accidents,Narrow road,City/Town,Near Hospital,Human Error,Yes,Grievous Injury,Hit pedestrian,Controlled,Straight and flat,NH,Bitumen(Tar),Dry,No influence on accident,Light Rain,Mysore Road,Opp Kengeri Government Hospital,500mtr,0.0,0.0
Bengaluru City,Kengeri Traffic PS,1.04432e+16,2019,1,2,Not Applicable,Curves,City/Town,Open area,Not Applicable,Not Applicable,Simple Injury,Vehicle to Vehicle,Not Applicable,Others,Not Applicable,Not Applicable,Not Applicable,Not Applicable,Clear,nice road,1,2 KM,0.0,0.0
Bengaluru City,Kengeri Traffic PS,1.04432e+16,2019,1,1,Not Applicable,Junction,City/Town,Open area,Not Applicable,Not Applicable,Simple Injury,Vehicle to Vehicle,Not at  Junction,Incline,Others,Not Applicable,Not Applicable,Not Applicable,Others,"Byrohalli Main Road,",1,3 Km,0.0,0.0
Bengaluru City,Kengeri Traffic PS,1.04432e+16,2019,1,2,Road Accidents,Circle,City/Town,Near a religious place,Human Error,No,Grievous Injury,Head on,Controlled,Straight and flat,City or Town Road,Bitumen(Tar),Dry,No influence on accident,Clear,K S Town,Near Ganesha Temple,800mtr,0.0,0.0
Bengaluru City,Kengeri Traffic PS,1.04432e+16,2019,1,2,Road Accidents,Junction,City/Town,Residential area,Human Error,No,Grievous Injury,Side impact or Right angle,Uncontrolled,Straight and flat,Others,Bitumen(Tar),Dry,No influence on accident,Fine,CONCARD LAYOUT NEAR BRUNDAVANA CONIDMENTS SHOP KENGERI,BRUNDAVANA CONDIMENTS,10ME,0.0,0.0
Bengaluru City,Kengeri Traffic PS,1.04432e+16,2019,1,1,Road Accidents,Narrow road,City/Town,Open area,Human Error,Yes,Grievous Injury,Hit pedestrian,Uncontrolled,Curve,Others,Bitumen(Tar),Dry,No influence on accident,Fine,UTTARAHALLI MAIN ROAD NEAR V V CONVITION HALL KENGERI,V V HALL,100ME,0.0,0.0
Bengaluru City,Kengeri Traffic PS,1.04432e+16,2019,1,1,Road Accidents,Bridge,City/Town,Narrow bridge or culverts,Human Error,No,Damage Only,Hit fixed object,Uncontrolled,Straight and flat,Others,Bitumen(Tar),Dry,No influence on accident,Fine,MYSORE ROAD AND NICE ROAD BRIDGE KENGERI,MYSORE ROAD BRIDGE,50ME,0.0,0.0
Bengaluru City,Kengeri Traffic PS,1.04432e+16,2019,1,1,Road Accidents,Narrow road,City/Town,Near office complex,Human Error,Yes,Fatal,Skidding or Self accident,Uncontrolled,Straight and flat,City or Town Road,Bitumen(Tar),Dry,No influence on accident,Clear,Kommaghatta Main Road,Near Tibbadevi Enter Prises,1,0.0,0.0
Bengaluru City,Kengeri Traffic PS,1.04432e+16,2019,1,1,Road Accidents,Narrow road,City/Town,Open area,Human Error,Yes,Grievous Injury,Hit pedestrian,Controlled,Straight and flat,City or Town Road,Bitumen(Tar),Dry,No influence on accident,Clear,dubasipalya main Road,Near Home,2 KM,0.0,0.0
Bengaluru City,Kengeri Traffic PS,1.04432e+16,2019,1,2,Road Accidents,Cross roads,City/Town,Near a religious place,Human Error,No,Simple Injury,Vehicle to Vehicle,Controlled,Others,Residential Street,Bitumen(Tar),Dry,No influence on accident,Clear,K S Town 6th Main Road,Near Kalikamba Temple,2 KM,0.0,0.0
Bengaluru City,Kengeri Traffic PS,1.04432e+16,2019,1,3,Road Accidents,Road hump or Rumble strips,City/Town,Open area,Not Applicable,Not Applicable,Simple Injury,Vehicle to Vehicle,Not at  Junction,Hump,Mixed,Not Applicable,Not Applicable,Not Applicable,Others,"bm road, near RV collage",1,2 km,0.0,0.0
Bengaluru City,Kengeri Traffic PS,1.04432e+16,2019,1,1,Not Applicable,Junction,City/Town,Open area,Not Applicable,Not Applicable,Simple Injury,Hit pedestrian,Not at  Junction,Not Applicable,Not Applicable,Not Applicable,Not Applicable,Not Applicable,Not Applicable,"Near Mandya Wine, RR Nagara",1,2 KM,0.0,0.0
Bengaluru City,Kengeri Traffic PS,1.04432e+16,2019,1,2,Road Accidents,Not Applicable,City/Town,Open area,Human Error,Not Applicable,Simple Injury,Vehicle to Vehicle,Not Applicable,Others,State Highway,Concrete,Dry,Not Applicable,Fine,mysore road,roayal ok,3,0.0,0.0
Bengaluru City,Kengeri Traffic PS,1.04432e+16,2019,1,1,Road Accidents,Narrow road,City/Town,Open area,Human Error,No,Damage Only,Skidding or Self accident,Uncontrolled,Straight and flat,Others,Bitumen(Tar),Dry,No influence on accident,Fine,NICE ROAD NEAR KOMMAGATTA PLYOVER KENGERI,KOMMAGATTA PLYOVER,40ME,0.0,0.0
Bengaluru City,Kengeri Traffic PS,1.04432e+16,2019,1,2,Road Accidents,Narrow road,City/Town,Near School or College,Human Error,Yes,Grievous Injury,Head on,Controlled,Straight and flat,City or Town Road,Bitumen(Tar),Dry,No influence on accident,Clear,Kengeri Uttarahalli Main Road,Near Carmel Public School,1 KM,0.0,0.0
Bengaluru City,Kengeri Traffic PS,1.04432e+16,2019,1,1,Road Accidents,Narrow road,City/Town,Open area,Human Error,No,Grievous Injury,Rear end,Controlled,Steep Incline or Climb,Expressway,Bitumen(Tar),Dry,No influence on accident,Clear,Nice Road,Near Mysore Road Exit Toll,2 km,0.0,0.0
Bengaluru City,Kengeri Traffic PS,1.04432e+16,2019,1,1,Road Accidents,Narrow road,City/Town,Open area,Human Error,No,Fatal,Hit pedestrian,Controlled,Straight and flat,Others,Bitumen(Tar),Dry,No influence on accident,Clear,BEMl 10th blck,Near Srinivasapur cross,4km,0.0,0.0
Bengaluru City,Kengeri Traffic PS,1.04432e+16,2019,1,1,Road Accidents,Narrow road,City/Town,Near Bus stop,Human Error,No,Grievous Injury,Hit pedestrian,Not at  Junction,Straight and flat,Two way,Bitumen(Tar),Dry,No influence on accident,Clear,Javaharlal Nehru Road,Near Arunachalam Circle,5,0.0,0.0
Bengaluru City,Kengeri Traffic PS,1.04432e+16,2019,1,1,Road Accidents,Narrow road,City/Town,Open area,Human Error,No,Grievous Injury,Hit pedestrian,Controlled,Straight and flat,NH,Bitumen(Tar),Dry,No influence on accident,Clear,Mysore Road,Near IMAC Kengeri,800mtr,0.0,0.0
Bengaluru City,Kengeri Traffic PS,1.04432e+16,2019,1,1,Road Accidents,Not Applicable,City/Town,Open area,Not Applicable,Not Applicable,Not Applicable,Not Applicable,Not Applicable,Not Applicable,Not Applicable,Not Applicable,Others,Not Applicable,Not Applicable,Kengeri Upnagara Main Road,1,1 Km,0.0,0.0
Bengaluru City,Kengeri Traffic PS,1.04432e+16,2019,1,2,Not Applicable,Narrow road,City/Town,Open area,Not Applicable,Not Applicable,Grievous Injury,Vehicle to Vehicle,Not Applicable,Not Applicable,Two way,Not Applicable,Not Applicable,Not Applicable,Not Applicable,Kengeri Upnagara Main Road,1,1 Km,0.0,0.0
Bengaluru City,Kengeri Traffic PS,1.04432e+16,2019,1,2,Not Applicable,Junction,City/Town,Open area,Not Applicable,Not Applicable,Simple Injury,Vehicle to Vehicle,Controlled,Not Applicable,NH,Not Applicable,Not Applicable,Not Applicable,Others,Nice Road Junction,1,3 KM,0.0,0.0
Bengaluru City,Kengeri Traffic PS,1.04432e+16,2019,1,2,Not Applicable,Curves,City/Town,Open area,Not Applicable,Not Applicable,Simple Injury,Vehicle to Vehicle,Not Applicable,Incline,Not Applicable,Not Applicable,Not Applicable,Not Applicable,Not Applicable,Mylasandra,1,3 km,0.0,0.0
Bengaluru City,Kengeri Traffic PS,1.04432e+16,2019,1,2,Road Accidents,Narrow road,City/Town,Near Hospital,Human Error,No,Grievous Injury,Head on,Controlled,Straight and flat,City or Town Road,Bitumen(Tar),Dry,No influence on accident,Clear,Kengeri Uttarahalli Main Road,Near Nirmalagiri Hospital Cross,1.5 KM,0.0,0.0
Bengaluru City,Kengeri Traffic PS,1.04432e+16,2019,1,2,Road Accidents,Narrow road,City/Town,Open area,Human Error,No,Grievous Injury,Side impact or Right angle,Uncontrolled,Straight and flat,Others,Bitumen(Tar),Dry,No influence on accident,Fine,UTTARAHALLI MAIN ROAD OPP DOMINAS PIZZAS KENGERI,DOMINAS PIZZAS KENGERI,50ME,0.0,0.0
Bengaluru City,Kengeri Traffic PS,1.04432e+16,2019,1,1,Road Accidents,Narrow road,City/Town,Near Bus stop,Human Error,No,Grievous Injury,Hit pedestrian,Controlled,Straight and flat,City or Town Road,Bitumen(Tar),Dry,No influence on accident,Clear,Kengeri Upnagara Main Road,Opp Orange Bar,2 KM,0.0,0.0
Bengaluru City,Kengeri Traffic PS,1.04432e+16,2019,1,2,Road Accidents,Narrow road,City/Town,Near Bus stop,Human Error,Yes,Simple Injury,Vehicle to Vehicle,Controlled,Straight and flat,Major District Road,Bitumen(Tar),Dry,No influence on accident,Clear,K S Town Main Road,Near Church Bus Stop,2,0.0,0.0
Bengaluru City,Kengeri Traffic PS,1.04432e+16,2019,1,2,Road Accidents,Narrow road,City/Town,Open area,Human Error,Yes,Grievous Injury,Vehicle to Vehicle,Uncontrolled,Straight and flat,Expressway,Bitumen(Tar),Dry,No influence on accident,Clear,Nice Road,Near BDA Toll Nice Road,7 KM,0.0,0.0
Bengaluru City,Kengeri Traffic PS,1.04432e+16,2019,1,2,Road Accidents,Narrow road,City/Town,Near office complex,Human Error,Yes,Grievous Injury,Vehicle to Vehicle,Controlled,Straight and flat,Two way,Bitumen(Tar),Dry,No influence on accident,Clear,K S Town Main Road,Near TMB Bank,1.5 KM,0.0,0.0
Bengaluru City,Kengeri Traffic PS,1.04432e+16,2019,1,2,Not Applicable,Junction,City/Town,Near Bus stop,Human Error,Yes,Grievous Injury,Vehicle to Vehicle,Controlled,Others,Others,Not Applicable,Dry,No influence on accident,Clear,KommaGatta Road,Near satalait club,2Km,0.0,0.0
Bengaluru City,Kengeri Traffic PS,1.04432e+16,2019,1,1,Road Accidents,Not Applicable,City/Town,Open area,Not Applicable,Not Applicable,Simple Injury,Not Applicable,Not Applicable,Not Applicable,NH,Not Applicable,Not Applicable,Not Applicable,Not Applicable,Nice Road,1,1,0.0,0.0
Bengaluru City,Kengeri Traffic PS,1.04432e+16,2019,1,1,Road Accidents,Not Applicable,City/Town,Open area,Human Error,Not Applicable,Simple Injury,Not Applicable,Not Applicable,Not Applicable,Others,Concrete,Dry,Not Applicable,Fine,Bengalore Mysore Road,Mylasandra Junction,1km,0.0,0.0
Bengaluru City,Kengeri Traffic PS,1.04432e+16,2019,1,2,Road Accidents,Not Applicable,City/Town,Open area,Human Error,Not Applicable,Simple Injury,Vehicle to Vehicle,Not Applicable,Others,Others,Concrete,Dry,Not Applicable,Fine,R R Nagar BDA complex Road,MRP Spirit,6km,0.0,0.0
Bengaluru City,Kengeri Traffic PS,1.04432e+16,2019,1,1,Road Accidents,Narrow road,City/Town,Near Bus stop,Human Error,No,Simple Injury,Hit pedestrian,Controlled,Straight and flat,NH,Bitumen(Tar),Dry,No influence on accident,Clear,Mysore Road,Opp White Palace,2.6 KM,0.0,0.0
Bengaluru City,Kengeri Traffic PS,1.04432e+16,2019,1,2,Road Accidents,Bottleneck,City/Town,Near Hospital,Human Error,Yes,Damage Only,Right Turn Collision,Controlled,Curve,NH,Bitumen(Tar),Dry,Construction Work / Material,Clear,Mysore Road,Near Doddabele Junction,800mtr,0.0,0.0
Bengaluru City,Kengeri Traffic PS,1.04432e+16,2019,1,2,Road Accidents,Narrow road,City/Town,Near Bus stop,Human Error,No,Grievous Injury,Head on,Controlled,Straight and flat,City or Town Road,Bitumen(Tar),Dry,No influence on accident,Clear,Uttarahalli Main Road,Near BGS Bus Stop,2 km,0.0,0.0
Bengaluru City,Kengeri Traffic PS,1.04432e+16,2019,1,2,Road Accidents,Narrow road,City/Town,Near Bus stop,Human Error,No,Grievous Injury,Rear end,Controlled,Straight and flat,NH,Bitumen(Tar),Dry,No influence on accident,Clear,Mysore Road,Opp Iravatha Hotel,1.5 KM,0.0,0.0
Bengaluru City,Kengeri Traffic PS,1.04432e+16,2019,1,1,Road Accidents,Cross roads,City/Town,Near Bus stop,Human Error,Yes,Grievous Injury,Hit pedestrian,Controlled,Straight and flat,City or Town Road,Bitumen(Tar),Dry,No influence on accident,Clear,Dwaraka Nagara Road,Near Venkateshwara Motors,6 KM,0.0,0.0
Bengaluru City,Kengeri Traffic PS,1.04432e+16,2019,1,1,Road Accidents,Narrow road,City/Town,Open area,Human Error,Not Applicable,Simple Injury,Skidding or Self accident,Uncontrolled,Straight and flat,Expressway,Concrete,Dry,No influence on accident,Clear,Nice Road,Near Konasandra Darga,5 KM,0.0,0.0
Bengaluru City,Kengeri Traffic PS,1.04432e+16,2019,1,1,Road Accidents,Junction,City/Town,Near Bus stop,Human Error,No,Simple Injury,Hit pedestrian,Controlled,Straight and flat,NH,Bitumen(Tar),Dry,No influence on accident,Clear,Mysore Road,Near Dubasipalya Junction,2,0.0,0.0
Bengaluru City,Kengeri Traffic PS,1.04432e+16,2019,1,2,Road Accidents,Narrow road,City/Town,Open area,Human Error,Yes,Simple Injury,Vehicle to Vehicle,Uncontrolled,Straight and flat,Expressway,Bitumen(Tar),Dry,No influence on accident,Clear,Nice Road,Near Ganakal Briedge,7 KM,0.0,0.0
Bengaluru City,Kengeri Traffic PS,1.04432e+16,2019,1,1,Road Accidents,Narrow road,City/Town,Near Hospital,Human Error,Yes,Grievous Injury,Hit pedestrian,Not at  Junction,Straight and flat,Two way,Bitumen(Tar),Dry,No influence on accident,Clear,R R Nagar Main Road,Near R C Hospital,6 KM,0.0,0.0
Bengaluru City,Kengeri Traffic PS,1.04432e+16,2019,1,1,Not Applicable,Curves,City/Town,Residential area,Not Applicable,No,Simple Injury,Hit pedestrian,Controlled,Others,Not Applicable,Not Applicable,Dry,No influence on accident,Clear,K.S. Twon,Near Tempal,3,0.0,0.0
Bengaluru City,Kengeri Traffic PS,1.04432e+16,2019,1,2,Road Accidents,Not Applicable,City/Town,Open area,Not Applicable,Not Applicable,Simple Injury,Not Applicable,Stop sign,Not Applicable,Not Applicable,Not Applicable,Not Applicable,Not Applicable,Others,Nice Road,1,2,0.0,0.0
Bengaluru City,Kengeri Traffic PS,1.04432e+16,2019,1,1,Not Applicable,Circle,City/Town,Near Bus stop,Human Error,Not Applicable,Fatal,Hit animal,No signal lights,Not Applicable,Not Applicable,Not Applicable,Not Applicable,Not Applicable,Not Applicable,Mysore road,Near Dubhasipalya,3,0.0,0.0
Bengaluru City,Kengeri Traffic PS,1.04432e+16,2019,1,2,Not Applicable,Narrow road,City/Town,Open area,Not Applicable,No,Fatal,Not Applicable,No signal lights,Not Applicable,NH,Not Applicable,Not Applicable,No influence on accident,Not Applicable,Naice road,Near Sompura,5,0.0,0.0
Bengaluru City,Kengeri Traffic PS,1.04432e+16,2019,1,2,Road Accidents,Junction,City/Town,Open area,Not Applicable,Not Applicable,Simple Injury,Vehicle to Vehicle,Controlled,Others,One way,Not Applicable,Others,Not Applicable,Fine,"Near Krishna sagar Hotel, Kengeri Upanagara",1,2 km,0.0,0.0
Bengaluru City,Kengeri Traffic PS,1.04432e+16,2019,1,2,Road Accidents,Curves,City/Town,Open area,Human Error,No,Simple Injury,Hit parked vehicle,Controlled,Steep Incline or Climb,City or Town Road,Bitumen(Tar),Dry,No influence on accident,Clear,ganakal main road,Near Aditya Bakery,4 KM,0.0,0.0
Bengaluru City,Kengeri Traffic PS,1.04432e+16,2019,1,2,Road Accidents,Cross roads,City/Town,Residential area,Human Error,No,Fatal,Head on,Not at  Junction,Slight Curve,City or Town Road,Bitumen(Tar),Dry,No influence on accident,Clear,R R Nagara 6th Main Road,Near Brundavana Apartment,5 KM,0.0,0.0
Bengaluru City,Kengeri Traffic PS,1.04432e+16,2019,1,2,Road Accidents,Cross roads,City/Town,Near Bus stop,Human Error,No,Grievous Injury,Head on,Controlled,Straight and flat,City or Town Road,Bitumen(Tar),Dry,No influence on accident,Clear,R R Nagara,Near Nandan Palace Hotel,5 KM,0.0,0.0
Bengaluru City,Kengeri Traffic PS,1.04432e+16,2019,1,1,Road Accidents,Narrow road,City/Town,Open area,Human Error,No,Grievous Injury,Skidding or Self accident,Controlled,Straight and flat,City or Town Road,Bitumen(Tar),Dry,No influence on accident,Clear,Halagevaderahalli Main Road,Near Halagevaderahalli lake,5 KM,0.0,0.0
Bengaluru City,Kengeri Traffic PS,1.04432e+16,2019,1,1,Road Accidents,Narrow road,City/Town,Near Bus stop,Human Error,Yes,Fatal,Hit pedestrian,Controlled,Straight and flat,NH,Bitumen(Tar),Dry,No influence on accident,Clear,Mysore Road,Near Kengeri BMTC Bus Stand,1,0.0,0.0
Bengaluru City,Kengeri Traffic PS,1.04432e+16,2019,1,1,Road Accidents,Narrow road,City/Town,Near School or College,Human Error,No,Grievous Injury,Hit pedestrian,Controlled,Straight and flat,NH,Bitumen(Tar),Dry,No influence on accident,Clear,Mysore Road,Near R V Collage,3 KM,0.0,0.0
Bengaluru City,Kengeri Traffic PS,1.04432e+16,2019,1,1,Not Applicable,Not Applicable,City/Town,Open area,Not Applicable,Not Applicable,Fatal,Not Applicable,Not at  Junction,Not Applicable,Not Applicable,Not Applicable,Not Applicable,Not Applicable,Not Applicable,Myore road,Near Mylasandra,3,0.0,0.0
Bengaluru City,Kengeri Traffic PS,1.04432e+16,2019,1,2,Road Accidents,Narrow road,City/Town,Open area,Not Applicable,Not Applicable,Simple Injury,Vehicle to Vehicle,Give way sign,Not Applicable,One way,Gravel,Not Applicable,Not Applicable,Others,Kengeri Uttarahalli Main Road,1,2 KM,0.0,0.0
Bengaluru City,Kengeri Traffic PS,1.04432e+16,2019,1,2,Not Applicable,Junction,City/Town,Open area,Not Applicable,Not Applicable,Simple Injury,Vehicle to Vehicle,Not at  Junction,Not Applicable,Not Applicable,Not Applicable,Not Applicable,Not Applicable,Others,Konaandra Lake,1,2km,0.0,0.0
Bengaluru City,Kengeri Traffic PS,1.04432e+16,2019,1,1,Road Accidents,Not Applicable,City/Town,Open area,Not Applicable,Not Applicable,Simple Injury,Not Applicable,Not Applicable,Not Applicable,State Highway,Not Applicable,Not Applicable,Not Applicable,Others,Near Mysore road Bride,1,2 Km,0.0,0.0
Bengaluru City,Kengeri Traffic PS,1.04432e+16,2019,1,2,Road Accidents,Junction,City/Town,Open area,Human Error,No,Simple Injury,Not Applicable,Controlled,Others,State Highway,Bitumen(Tar),Dry,Not Applicable,Fine,Uttaralli road,Near Vishnuvardan samhadi,3km,0.0,0.0
Bengaluru City,Kengeri Traffic PS,1.04432e+16,2019,1,1,Not Applicable,Not Applicable,City/Town,Open area,Human Error,Not Applicable,Grievous Injury,Hit pedestrian,Not at  Junction,Others,Others,Concrete,Dry,Not Applicable,Fine,Dubasipalya Jucntion,Kia Showroom,1 Km,0.0,0.0
Bengaluru City,Kengeri Traffic PS,1.04432e+16,2019,1,2,Road Accidents,Narrow road,City/Town,Open area,Human Error,No,Damage Only,Rear end,Uncontrolled,Straight and flat,Expressway,Bitumen(Tar),Dry,No influence on accident,Clear,Nice Road,Hemmigepura Bridge Below,6 KM,0.0,0.0
Bengaluru City,Kengeri Traffic PS,1.04432e+16,2019,1,2,Road Accidents,Narrow road,City/Town,Near School or College,Human Error,Yes,Grievous Injury,Head on,Controlled,Steep Incline or Climb,City or Town Road,Bitumen(Tar),Dry,No influence on accident,Clear,Uttarahalli Main Road,Near J S S Collage,3 KM,0.0,0.0
Bengaluru City,Kengeri Traffic PS,1.04432e+16,2019,1,2,Road Accidents,Circle,City/Town,Near Bus stop,Human Error,No,Simple Injury,Vehicle to Vehicle,Controlled,Straight and flat,Two way,Bitumen(Tar),Dry,No influence on accident,Clear,R R Nagar Main Road,Near Jaynna Circle,6 KM,0.0,0.0
Bengaluru City,Kengeri Traffic PS,1.04432e+16,2019,1,1,Road Accidents,Narrow road,City/Town,Near Bus stop,Human Error,No,Grievous Injury,Hit pedestrian,Controlled,Straight and flat,NH,Bitumen(Tar),Dry,No influence on accident,Clear,Mysore Road,Near BMTC Bus Stop,1 KM,0.0,0.0
Bengaluru City,Kengeri Traffic PS,1.04432e+16,2019,1,2,Road Accidents,Narrow road,City/Town,Near a religious place,Human Error,No,Grievous Injury,Vehicle to Vehicle,Controlled,Straight and flat,Two way,Bitumen(Tar),Dry,No influence on accident,Clear,Nimishambha Temple Road,Near Nimishambha Temple,6 KM,0.0,0.0
Bengaluru City,Kengeri Traffic PS,1.04432e+16,2019,1,1,Not Applicable,Not Applicable,City/Town,Open area,Not Applicable,Not Applicable,Not Applicable,Not Applicable,Not Applicable,Not Applicable,Not Applicable,Kutcha,Muddy,Not Applicable,Others,Kengeri Upnagara Main Road,1,2 KM,0.0,0.0
Bengaluru City,Kengeri Traffic PS,1.04432e+16,2019,1,2,Road Accidents,Not Applicable,City/Town,Open area,Human Error,Not Applicable,Simple Injury,Hit bicyclist,Not Applicable,Others,Two way,Concrete,Dry,Not Applicable,Fine,Sri devitifan senter,devitifan senter,2 km,0.0,0.0
Bengaluru City,Kengeri Traffic PS,1.04432e+16,2019,1,1,Road Accidents,Road hump or Rumble strips,City/Town,Open area,Human Error,Not Applicable,Simple Injury,Not Applicable,Not Applicable,Hump,Others,Concrete,Dry,Not Applicable,Fine,Near Shakti Hils Resort Back gate,Swarg rani school,5 KM,0.0,0.0
Bengaluru City,Kengeri Traffic PS,1.04432e+16,2019,1,2,Road Accidents,Narrow road,City/Town,Near School or College,Human Error,No,Grievous Injury,Overturning,Controlled,Straight and flat,City or Town Road,Bitumen(Tar),Dry,No influence on accident,Clear,K S Town Railway Paralal Road,Near NPS School,2,0.0,0.0
Bengaluru City,Kengeri Traffic PS,1.04432e+16,2019,1,2,Road Accidents,Narrow road,City/Town,Near Bus stop,Human Error,No,Grievous Injury,Rear end,Controlled,Straight and flat,City or Town Road,Bitumen(Tar),Dry,No influence on accident,Clear,Halagevaderahalli Main Road,Halagevaderahalli Main Road,4 KM,0.0,0.0