DISTRICTNAME,UNITNAME,Crime_No,Year,RI,Noofvehicle_involved,Accident_Classification,Accident_Spot,Accident_Location,Accident_SubLocation,Main_Cause,Hit_Run,Severity,Collision_Type,Junction_Control,Road_Character,Road_Type,Surface_Type,Surface_Condition,Road_Condition,Weather,Accident_Road,Landmark_first,Distance_LandMark_First,Latitude,Longitude
Bengaluru City,Kengeri Traffic PS,1.04432e+16,2019,1,1,Road Accidents,Narrow road,City/Town,At pedestrian Crossing,Human Error,No,Grievous Injury,Hit pedestrian,Controlled,Straight and flat,City or Town Road,Bitumen(Tar),Dry,No influence on accident,Clear,Uttarahalli Main Road,Opp Mathaji Shop,3 KM,0.0,0.0
Bengaluru City,Kengeri Traffic PS,1.04432e+16,2019,1,1,Road Accidents,Narrow road,City/Town,Near Bus stop,Human Error,No,Grievous Injury,Hit pedestrian,Controlled,Straight and flat,NH,Bitumen(Tar),Dry,No influence on accident,Clear,Mysore Road,Near R V Collage,2 KM,0.0,0.0
Bengaluru City,Kengeri Traffic PS,1.04432e+16,2019,1,2,Road Accidents,Narrow road,City/Town,Near School or College,Human Error,Yes,Grievous Injury,Vehicle to Vehicle,Not at  Junction,Straight and flat,Service Road,Bitumen(Tar),Dry,No influence on accident,Clear,Uttarahalli Main Road,Near RNSIT Collage,5 KM,0.0,0.0
Bengaluru City,Kengeri Traffic PS,1.04432e+16,2019,1,3,Road Accidents,Not Applicable,City/Town,Open area,Not Applicable,Not Applicable,Fatal,Vehicle to Vehicle,Not Applicable,Not Applicable,Not Applicable,Not Applicable,Not Applicable,Not Applicable,Others,Pattanagere Road,Near Medplas,4 KM,0.0,0.0
Bengaluru City,Kengeri Traffic PS,1.04432e+16,2019,1,1,Road Accidents,Not Applicable,City/Town,Open area,Human Error,Not Applicable,Fatal,Not Applicable,Uncontrolled,Others,Others,Concrete,Dry,Not Applicable,Fine,shakti hils resort,channasandra,6,0.0,0.0
Bengaluru City,Kengeri Traffic PS,1.04432e+16,2019,1,1,Road Accidents,Cross roads,City/Town,Open area,Human Error,No,Simple Injury,Hit bicyclist,Not Applicable,Curve,Others,Concrete,Dry,No influence on accident,Fine,Javaregowdana doddi,5km,5km,0.0,0.0
Bengaluru City,Kengeri Traffic PS,1.04432e+16,2019,1,1,Road Accidents,Narrow road,City/Town,Open area,Human Error,Yes,Simple Injury,Hit and Run,Uncontrolled,Straight and flat,Others,Bitumen(Tar),Dry,No influence on accident,Fine,KEREKODI MAIN ROAD NEAR SRI MAHADESWARA TEMPLE R R NAGARA,MAHADESWARA TEMPLE,30ME,0.0,0.0
Bengaluru City,Kengeri Traffic PS,1.04432e+16,2019,1,2,Road Accidents,Narrow road,City/Town,Open area,Human Error,No,Grievous Injury,Rear end,Controlled,Straight and flat,City or Town Road,Bitumen(Tar),Dry,No influence on accident,Clear,sonnenahalli Road,Near Yettu basavnna Temple,3 km,0.0,0.0
Bengaluru City,Kengeri Traffic PS,1.04432e+16,2019,1,2,Road Accidents,Cross roads,City/Town,Near Hospital,Human Error,No,Grievous Injury,Vehicle to Vehicle,Not at  Junction,Incline,Service Road,Bitumen(Tar),Dry,No influence on accident,Clear,R R Nagar SSNMC Hospital Road,Near SSNMC Hospital,6,0.0,0.0
Bengaluru City,Kengeri Traffic PS,1.04432e+16,2019,1,2,Road Accidents,Narrow road,City/Town,Open area,Human Error,No,Simple Injury,Vehicle to Vehicle,Controlled,Straight and flat,Expressway,Bitumen(Tar),Dry,No influence on accident,Clear,Nice Road,Near Kengeri Toll Nice Road,3,0.0,0.0
Bengaluru City,Kengeri Traffic PS,1.04432e+16,2019,1,2,Road Accidents,Narrow road,City/Town,Near School or College,Human Error,No,Grievous Injury,Vehicle to Vehicle,Controlled,Straight and flat,Two way,Bitumen(Tar),Dry,No influence on accident,Clear,Railway Parallal Road,Near NPS School,2 KM,0.0,0.0
Bengaluru City,Kengeri Traffic PS,1.04432e+16,2019,1,2,Not Applicable,Not Applicable,City/Town,Open area,Not Applicable,Not Applicable,Simple Injury,Vehicle to Vehicle,Not Applicable,Incline,State Highway,Not Applicable,Not Applicable,Not Applicable,Not Applicable,nice road,1,2 KM,0.0,0.0
Bengaluru City,Kengeri Traffic PS,1.04432e+16,2019,1,1,Not Applicable,Rail Crossing manned,City/Town,Open area,Not Applicable,Not Applicable,Not Applicable,Hit pedestrian,Not at  Junction,Not Applicable,One way,Not Applicable,Not Applicable,Not Applicable,Others,Mysore Road,1,1 Km,0.0,0.0
Bengaluru City,Kengeri Traffic PS,1.04432e+16,2019,1,2,Not Applicable,Not Applicable,City/Town,Open area,Not Applicable,Not Applicable,Simple Injury,Vehicle to Vehicle,Not at  Junction,Not Applicable,NH,Not Applicable,Not Applicable,Not Applicable,Not Applicable,Munivenkatappa Rangha Mandira,1,3 KM,0.0,0.0
Bengaluru City,Kengeri Traffic PS,1.04432e+16,2019,1,2,Road Accidents,Not Applicable,City/Town,Open area,Human Error,Not Applicable,Simple Injury,Vehicle to Vehicle,Not Applicable,Others,Others,Concrete,Dry,Not Applicable,Fine,Sri veerabadhreswar candiments,V leggesy,5,0.0,0.0
Bengaluru City,Kengeri Traffic PS,1.04432e+16,2019,1,2,Road Accidents,Not Applicable,City/Town,Open area,Human Error,Not Applicable,Simple Injury,Vehicle to Vehicle,Not Applicable,Not Applicable,State Highway,Concrete,Dry,Not Applicable,Fine,rainbo bridge,Mysore road,0.5km,0.0,0.0
Bengaluru City,Kengeri Traffic PS,1.04432e+16,2019,1,2,Road Accidents,Narrow road,City/Town,Open area,Human Error,No,Grievous Injury,Hit parked vehicle,Uncontrolled,Straight and flat,Others,Bitumen(Tar),Dry,No influence on accident,Fine,NICE ROAD NEAR KOMMAGATTA PLYOVER KENGERI,KOMMAGATTA PLYOVER,50ME,0.0,0.0
Bengaluru City,Kengeri Traffic PS,1.04432e+16,2019,1,1,Road Accidents,Narrow road,City/Town,Near office complex,Human Error,Yes,Fatal,Hit pedestrian,Controlled,Straight and flat,Two way,Bitumen(Tar),Dry,No influence on accident,Clear,R R Nagara Main Road,Opp Royal Enfield Showroom,5 KM,0.0,0.0
Bengaluru City,Kengeri Traffic PS,1.04432e+16,2019,1,1,Road Accidents,Junction,City/Town,Residential area,Human Error,No,Grievous Injury,Hit pedestrian,Uncontrolled,Straight and flat,Others,Bitumen(Tar),Dry,No influence on accident,Fine,12TH MAIN ROAD NEAR SRI LAKSHMI SUPER MARKET R R NAGARA,SRI LAKSHMI SUPER MARKER,10,0.0,0.0
Bengaluru City,Kengeri Traffic PS,1.04432e+16,2019,1,1,Road Accidents,Narrow road,City/Town,Near Bus stop,Human Error,Yes,Simple Injury,Hit pedestrian,Controlled,Straight and flat,City or Town Road,Bitumen(Tar),Dry,No influence on accident,Clear,K S Town Main Road,near Shirke Bus Stop,3 KM,0.0,0.0
Bengaluru City,Kengeri Traffic PS,1.04432e+16,2019,1,2,Road Accidents,Narrow road,City/Town,Near Bus stop,Human Error,No,Damage Only,Rear end,Controlled,Straight and flat,NH,Bitumen(Tar),Dry,No influence on accident,Clear,Mysore Road,Near Nice Road Junction  Kengeri,2 KM,0.0,0.0
Bengaluru City,Kengeri Traffic PS,1.04432e+16,2019,1,2,Road Accidents,Narrow road,City/Town,Near Hospital,Human Error,Yes,Grievous Injury,Vehicle to Vehicle,Not at  Junction,Straight and flat,Service Road,Bitumen(Tar),Dry,No influence on accident,Clear,RR Nagar Double Road,Opp Orthem Hospital,5 KM,0.0,0.0
Bengaluru City,Kengeri Traffic PS,1.04432e+16,2019,1,1,Road Accidents,Narrow road,City/Town,Near Bus stop,Human Error,No,Grievous Injury,Hit pedestrian,Controlled,Straight and flat,Two way,Bitumen(Tar),Dry,No influence on accident,Clear,Krishnappa layout Main Road,Near Brahmalingeshwara Hotel,6 KM,0.0,0.0
Bengaluru City,Kengeri Traffic PS,1.04432e+16,2019,1,2,Road Accidents,Not Applicable,City/Town,Near School or College,Not Applicable,Not Applicable,Simple Injury,Vehicle to Vehicle,Not at  Junction,Not Applicable,Not Applicable,Not Applicable,Not Applicable,Not Applicable,Others,Near Surana Collage,1,1km,0.0,0.0
Bengaluru City,Kengeri Traffic PS,1.04432e+16,2019,1,1,Road Accidents,Junction,City/Town,Open area,Not Applicable,Not Applicable,Grievous Injury,Not Applicable,Not Applicable,Not Applicable,Not Applicable,Not Applicable,Not Applicable,Not Applicable,Not Applicable,nice road,1,2km,0.0,0.0
Bengaluru City,Kengeri Traffic PS,1.04432e+16,2019,1,1,Road Accidents,Not Applicable,City/Town,Open area,Not Applicable,Not Applicable,Simple Injury,Not Applicable,Not Applicable,Not Applicable,Not Applicable,Not Applicable,Not Applicable,Not Applicable,Others,Near Ganakal Bridge,1,2 km,0.0,0.0
Bengaluru City,Kengeri Traffic PS,1.04432e+16,2019,1,2,Not Applicable,Not Applicable,City/Town,Open area,Not Applicable,Not Applicable,Simple Injury,Vehicle to Vehicle,Not at  Junction,Others,Others,Not Applicable,Not Applicable,Not Applicable,Others,Kengeri Satlight Club,1,3 km,0.0,0.0
Bengaluru City,Kengeri Traffic PS,1.04432e+16,2019,1,1,Road Accidents,Not Applicable,City/Town,Open area,Human Error,Yes,Damage Only,Not Applicable,Not Applicable,Not Applicable,NH,Concrete,Dry,Construction Work / Material,Fine,Nice road,mysore road,3km,0.0,0.0
Bengaluru City,Kengeri Traffic PS,1.04432e+16,2019,1,4,Road Accidents,Junction,City/Town,Open area,Human Error,No,Grievous Injury,Side impact or Right angle,Uncontrolled,Straight and flat,Others,Bitumen(Tar),Dry,No influence on accident,Fine,MONISHA CORNER R R NAGARA,MONISHA CORNER,20ME,0.0,0.0
Bengaluru City,Kengeri Traffic PS,1.04432e+16,2019,1,1,Road Accidents,Narrow road,City/Town,Near School or College,Human Error,No,Simple Injury,Hit pedestrian,Controlled,Straight and flat,NH,Bitumen(Tar),Dry,No influence on accident,Clear,Mysore Road,Near R V Collage,2 KM,0.0,0.0
Bengaluru City,Kengeri Traffic PS,1.04432e+16,2019,1,1,Road Accidents,Narrow road,City/Town,Near Bus stop,Human Error,Not Applicable,Not Applicable,Hit pedestrian,Controlled,Straight and flat,Two way,Bitumen(Tar),Dry,No influence on accident,Clear,R R Nagar Main Road,Near Raymond Showroom,3 km,0.0,0.0
Bengaluru City,Kengeri Traffic PS,1.04432e+16,2019,1,2,Road Accidents,Circle,City/Town,Near School or College,Human Error,No,Grievous Injury,Vehicle to Vehicle,Controlled,Straight and flat,Major District Road,Bitumen(Tar),Dry,No influence on accident,Clear,Uttarahalli Main Road,Near J S S Collage,1 KM,0.0,0.0
Bengaluru City,Kengeri Traffic PS,1.04432e+16,2019,1,1,Road Accidents,Narrow road,City/Town,Near Bus stop,Not Applicable,Yes,Grievous Injury,Hit pedestrian,Controlled,Straight and flat,Two way,Bitumen(Tar),Dry,No influence on accident,Clear,R R Nagar Main Road,Near Meenakshi Kalyana Mantapa,2 KM,0.0,0.0
Bengaluru City,Kengeri Traffic PS,1.04432e+16,2019,1,1,Road Accidents,Narrow road,City/Town,Near Bus stop,Human Error,No,Simple Injury,Hit pedestrian,Controlled,Straight and flat,NH,Bitumen(Tar),Dry,No influence on accident,Clear,Mysore Road,Near Jayaramdas Bus Stop,2.6 KM,0.0,0.0
Bengaluru City,Kengeri Traffic PS,1.04432e+16,2019,1,2,Not Applicable,Circle,City/Town,Open area,Not Applicable,Not Applicable,Simple Injury,Vehicle to Vehicle,Not Applicable,Not Applicable,Not Applicable,Not Applicable,Not Applicable,Not Applicable,Others,Arunachalm Circle,circle,5 KM,0.0,0.0
Bengaluru City,Kengeri Traffic PS,1.04432e+16,2019,1,2,Not Applicable,Not Applicable,City/Town,Open area,Not Applicable,Yes,Grievous Injury,Not Applicable,Not Applicable,Not Applicable,Not Applicable,Not Applicable,Not Applicable,Not Applicable,Clear,uttarahalli Road,Near Svan dharabar Asrama,2,0.0,0.0
Bengaluru City,Kengeri Traffic PS,1.04432e+16,2019,1,1,Not Applicable,Narrow road,City/Town,Open area,Not Applicable,Not Applicable,Simple Injury,Vehicle to Vehicle,Not Applicable,Not Applicable,Others,Not Applicable,Not Applicable,Not Applicable,Others,Nice Road,1,2 km,0.0,0.0
Bengaluru City,Kengeri Traffic PS,1.04432e+16,2019,1,2,Road Accidents,Narrow road,City/Town,Open area,Human Error,Yes,Simple Injury,Overturning,Controlled,Straight and flat,Expressway,Bitumen(Tar),Dry,No influence on accident,Clear,Nice Road,Near Kengeri Toll Nice Road,2 KM,0.0,0.0
Bengaluru City,Kengeri Traffic PS,1.04432e+16,2019,1,2,Road Accidents,Narrow road,City/Town,Near Bus stop,Human Error,No,Fatal,Hit pedestrian,Not at  Junction,Straight and flat,NH,Bitumen(Tar),Dry,No influence on accident,Clear,Mysore Road,Near Pattannagere Junction,1.5 KM,0.0,0.0
Bengaluru City,Kengeri Traffic PS,1.04432e+16,2019,1,2,Road Accidents,Narrow road,City/Town,Near School or College,Human Error,No,Grievous Injury,Side impact or Right angle,Controlled,Straight and flat,City or Town Road,Bitumen(Tar),Dry,No influence on accident,Clear,Kengeri Uttarahalli Main Road,Near Cormel Public School,900mtr,0.0,0.0
Bengaluru City,Kengeri Traffic PS,1.04432e+16,2019,1,1,Not Applicable,Narrow road,City/Town,Open area,Not Applicable,No,Simple Injury,Not Applicable,Not Applicable,Not Applicable,Others,Not Applicable,Not Applicable,Not Applicable,Others,Nice Road,Nice Road,4km,0.0,0.0
Bengaluru City,Kengeri Traffic PS,1.04432e+16,2019,1,1,Not Applicable,Not Applicable,City/Town,Open area,Not Applicable,Not Applicable,Not Applicable,Not Applicable,Police / Manual,Others,Not Applicable,Not Applicable,Not Applicable,Not Applicable,Others,Mysore Road,1,2.6 KM,0.0,0.0
Bengaluru City,Kengeri Traffic PS,1.04432e+16,2019,1,1,Road Accidents,Not Applicable,City/Town,Open area,Not Applicable,Not Applicable,Simple Injury,Hit pedestrian,Not at  Junction,Not Applicable,Not Applicable,Not Applicable,Not Applicable,Not Applicable,Not Applicable,Nera RV Collage,1,1km,0.0,0.0
Bengaluru City,Kengeri Traffic PS,1.04432e+16,2019,1,2,Not Applicable,Not Applicable,City/Town,In bazaar,Not Applicable,Yes,Fatal,Not Applicable,Not Applicable,Not Applicable,Not Applicable,Not Applicable,Not Applicable,Not Applicable,Not Applicable,Kengeri st twon,Near hosahla circal,3,0.0,0.0
Bengaluru City,Kengeri Traffic PS,1.04432e+16,2019,1,1,Not Applicable,Not Applicable,City/Town,Near Bus stop,Not Applicable,Not Applicable,Not Applicable,Hit bicyclist,Not Applicable,Not Applicable,Not Applicable,Not Applicable,Not Applicable,Not Applicable,Others,Mysore Road,1,1 Km,0.0,0.0
Bengaluru City,Kengeri Traffic PS,1.04432e+16,2019,1,1,Not Applicable,Junction,City/Town,Open area,Not Applicable,Not Applicable,Simple Injury,Vehicle to Vehicle,Not Applicable,Not Applicable,Not Applicable,Not Applicable,Not Applicable,Not Applicable,Others,Nice Road,1,4km,0.0,0.0
Bengaluru City,Kengeri Traffic PS,1.04432e+16,2019,1,2,Not Applicable,Not Applicable,City/Town,Open area,Not Applicable,Not Applicable,Not Applicable,Vehicle to Vehicle,Not at  Junction,Incline,Not Applicable,Not Applicable,Not Applicable,Not Applicable,Others,"Near Savandarbar Ashrama,",1,2km,0.0,0.0
Bengaluru City,Kengeri Traffic PS,1.04432e+16,2019,1,2,Not Applicable,Cross roads,City/Town,Open area,Not Applicable,Not Applicable,Simple Injury,Vehicle to Vehicle,Not Applicable,Not Applicable,Others,Not Applicable,Not Applicable,Not Applicable,Others,Uttarahalli Main Road,1,3 km,0.0,0.0
Bengaluru City,Kengeri Traffic PS,1.04432e+16,2019,1,1,Road Accidents,Junction,City/Town,Open area,Human Error,No,Fatal,Hit pedestrian,Uncontrolled,Straight and flat,NH,Bitumen(Tar),Dry,No influence on accident,Fine,MYSORE ROAD AND MAILASANDRA JUCTION,MAILASANDRA,10ME,0.0,0.0
Bengaluru City,Kengeri Traffic PS,1.04432e+16,2019,1,2,Road Accidents,Narrow road,City/Town,Open area,Human Error,No,Damage Only,Head on,Uncontrolled,Straight and flat,Others,Bitumen(Tar),Dry,No influence on accident,Fine,LEGASY KALYANA MANTAPA OPP SHOBHA APP R R NAGARA,SHOBHA APP,30ME,0.0,0.0
Bengaluru City,Kengeri Traffic PS,1.04432e+16,2019,1,2,Road Accidents,Narrow road,City/Town,Near Bus stop,Human Error,No,Grievous Injury,Head on,Controlled,Straight and flat,City or Town Road,Bitumen(Tar),Dry,No influence on accident,Clear,Uttarahalli Main Road,Near BGS Bus Stop,1.5 KM,0.0,0.0
Bengaluru City,Kengeri Traffic PS,1.04432e+16,2019,1,1,Road Accidents,Narrow road,City/Town,Open area,Human Error,No,Fatal,Not Applicable,Uncontrolled,Straight and flat,Expressway,Bitumen(Tar),Dry,No influence on accident,Clear,Nice Road,Near Vrushabavathi River Bridge,4 KM,0.0,0.0
Bengaluru City,Kengeri Traffic PS,1.04432e+16,2019,1,2,Road Accidents,Narrow road,City/Town,Open area,Human Error,No,Fatal,Rear end,Uncontrolled,Straight and flat,Expressway,Bitumen(Tar),Dry,No influence on accident,Clear,Nice Road,Near Doddabele Briedge,2,0.0,0.0
Bengaluru City,Kengeri Traffic PS,1.04432e+16,2019,1,1,Road Accidents,Narrow road,City/Town,Near office complex,Human Error,No,Grievous Injury,Hit pedestrian,Controlled,Straight and flat,NH,Bitumen(Tar),Dry,No influence on accident,Clear,Mysore Road,Mysore Road Shahi Garments Opposite,2 KM,0.0,0.0
Bengaluru City,Kengeri Traffic PS,1.04432e+16,2019,1,2,Road Accidents,Narrow road,City/Town,Open area,Human Error,No,Fatal,Rear end,Controlled,Straight and flat,Expressway,Bitumen(Tar),Dry,No influence on accident,Clear,Nice Road,Near Sompura Nice Toll,7 KM,0.0,0.0
Bengaluru City,Kengeri Traffic PS,1.04432e+16,2019,1,2,Road Accidents,Narrow road,City/Town,Residential area,Human Error,Yes,Grievous Injury,Vehicle to Vehicle,Controlled,Straight and flat,Two way,Bitumen(Tar),Dry,No influence on accident,Clear,Mylasandra Main Road,Near Global Village back Gate,1.5,0.0,0.0
Bengaluru City,Kengeri Traffic PS,1.04432e+16,2019,1,2,Not Applicable,Not Applicable,City/Town,Open area,Not Applicable,Not Applicable,Not Applicable,Vehicle to Vehicle,Not Applicable,Not Applicable,Not Applicable,Not Applicable,Not Applicable,Not Applicable,Not Applicable,Uttarahalli Main Road,1,2.6 KM,0.0,0.0
Bengaluru City,Kengeri Traffic PS,1.04432e+16,2019,1,1,Not Applicable,Narrow road,City/Town,Open area,Not Applicable,No,Not Applicable,Not Applicable,Not Applicable,Not Applicable,NH,Not Applicable,Not Applicable,No influence on accident,Not Applicable,Naice Road,4,4,0.0,0.0
Bengaluru City,Kengeri Traffic PS,1.04432e+16,2019,1,2,Not Applicable,Not Applicable,City/Town,Narrow bridge or culverts,Not Applicable,Not Applicable,Simple Injury,Not Applicable,Uncontrolled,Not Applicable,Not Applicable,Not Applicable,Not Applicable,Not Applicable,Others,Nice Road,1,2 Km,0.0,0.0
Bengaluru City,Kengeri Traffic PS,1.04432e+16,2019,1,2,Road Accidents,Not Applicable,City/Town,Open area,Human Error,Yes,Fatal,Vehicle to Vehicle,Not Applicable,Others,NH,Concrete,Dry,Not Applicable,Fine,Nice Road,Vrushbhavti bridge,3kM,0.0,0.0
Bengaluru City,Kengeri Traffic PS,1.04432e+16,2020,1,2,Road Accidents,Offset,City/Town,Open area,Human Error,Not Applicable,Simple Injury,Vehicle to Vehicle,Not Applicable,Not Applicable,Not Applicable,Concrete,Dry,Not Applicable,Fine,R R Nagar Vasan I care Infort ICICI Bank,ICICI NBank,5 KM,0.0,0.0
Bengaluru City,Kengeri Traffic PS,1.04432e+16,2020,1,2,Road Accidents,Not Applicable,City/Town,Open area,Human Error,Yes,Grievous Injury,Vehicle to Vehicle,Not Applicable,Others,Others,Bitumen(Tar),Dry,Not Applicable,Fine,Uttarahalli Main Road,Naksha Apartment,1.5 KM,0.0,0.0
Bengaluru City,Kengeri Traffic PS,1.04432e+16,2020,1,2,Road Accidents,Not Applicable,City/Town,Open area,Human Error,Not Applicable,Grievous Injury,Vehicle to Vehicle,Not Applicable,Curve,Others,Concrete,Dry,Not Applicable,Fine,Uttarhalli Main Road,Mahaveer Lake Aportment,2km,0.0,0.0
Bengaluru City,Kengeri Traffic PS,1.04432e+16,2020,1,1,Road Accidents,Not Applicable,City/Town,Open area,Human Error,Yes,Grievous Injury,Hit pedestrian,Not Applicable,Not Applicable,Others,Bitumen(Tar),Dry,Not Applicable,Fine,Kommaghatta Main Road,KHB Dimond Appartment,2 km,0.0,0.0
Bengaluru City,Kengeri Traffic PS,1.04432e+16,2020,1,2,Not Applicable,Narrow road,City/Town,Open area,Not Applicable,No,Fatal,Not Applicable,Not Applicable,Not Applicable,Not Applicable,Not Applicable,Not Applicable,No influence on accident,Fine,Nice Road,Near sompuru tool,5km,0.0,0.0
Bengaluru City,Kengeri Traffic PS,1.04432e+16,2020,1,2,Road Accidents,Junction,City/Town,Open area,Human Error,No,Fatal,Vehicle to Vehicle,No signal lights,Not Applicable,NH,Bitumen(Tar),Dry,Engineering Defect of Road,Fine,mysore road,Nice Bridge,1.5KM,0.0,0.0
Bengaluru City,Kengeri Traffic PS,1.04432e+16,2020,1,2,Road Accidents,Not Applicable,City/Town,Open area,Human Error,No,Fatal,Vehicle to Vehicle,Not Applicable,Curve,Others,Bitumen(Tar),Dry,Not Applicable,Fine,Ullal Main Road Etto Basavanna Cercle Clab,Etto Basavanna Cercle Club,2.5KM,0.0,0.0
Bengaluru City,Kengeri Traffic PS,1.04432e+16,2020,1,1,Not Applicable,Not Applicable,City/Town,Open area,Not Applicable,Yes,Fatal,Not Applicable,Not at  Junction,Not Applicable,Not Applicable,Not Applicable,Not Applicable,Not Applicable,Fine,Nice Road,NEAR RAILVE BRIDGE,2km,12.5412,77.2812
Bengaluru City,Kengeri Traffic PS,1.04432e+16,2020,1,2,Road Accidents,Narrow road,City/Town,Open area,Human Error,Not Applicable,Simple Injury,Vehicle to Vehicle,Not Applicable,Not Applicable,NH,Bitumen(Tar),Dry,Not Applicable,Fine,Myore road,Nice Bridge,1,0.0,0.0
Bengaluru City,Kengeri Traffic PS,1.04432e+16,2020,1,2,Road Accidents,Not Applicable,City/Town,Open area,Human Error,Not Applicable,Grievous Injury,Vehicle to Vehicle,Not at  Junction,Others,Others,Concrete,Dry,Not Applicable,Fine,Nice Road,Channasandra Bridge,4km,0.0,0.0
Bengaluru City,Kengeri Traffic PS,1.04432e+16,2020,1,1,Road Accidents,Cross roads,City/Town,Open area,Human Error,Not Applicable,Fatal,Hit pedestrian,Not Applicable,Others,Major District Road,Bitumen(Tar),Dry,Not Applicable,Fine,Kommaghatta Main Road,Lake Vewe Appartment,2km,0.0,0.0
Bengaluru City,Kengeri Traffic PS,1.04432e+16,2020,1,1,Road Accidents,Not Applicable,City/Town,Open area,Human Error,Not Applicable,Fatal,Not Applicable,Not Applicable,Straight and flat,Others,Concrete,Dry,Not Applicable,Fine,Nice Road,Sompura Toll,11 km,0.0,0.0
Bengaluru City,Kengeri Traffic PS,1.04432e+16,2020,1,2,Road Accidents,Junction,City/Town,Open area,Human Error,No,Simple Injury,Vehicle to Vehicle,Not Applicable,Not Applicable,Others,Not Applicable,Dry,Not Applicable,Fine,Uttarahalli Main Road,Aditya Bekary,4KM,0.0,0.0
Bengaluru City,Kengeri Traffic PS,1.04432e+16,2020,1,2,Road Accidents,Not Applicable,City/Town,Open area,Human Error,Not Applicable,Grievous Injury,Vehicle to Vehicle,Uncontrolled,Others,Others,Bitumen(Tar),Dry,Not Applicable,Fine,Nice Road,Nice Road Raolwa station,3 Km,0.0,0.0
Bengaluru City,Kengeri Traffic PS,1.04432e+16,2020,1,2,Road Accidents,Not Applicable,City/Town,Open area,Human Error,No,Grievous Injury,Vehicle to Vehicle,Not at  Junction,Slight Curve,Others,Not Applicable,Dry,Not Applicable,Fine,Nice Road,Gankall bridge,6km,0.0,0.0
Bengaluru City,Kengeri Traffic PS,1.04432e+16,2020,1,2,Road Accidents,Cross roads,City/Town,Open area,Human Error,No,Grievous Injury,Vehicle to Vehicle,Not Applicable,Others,Others,Concrete,Dry,Not Applicable,Fine,Nice Road,Nice Office,4 KM,0.0,0.0
Bengaluru City,Kengeri Traffic PS,1.04432e+16,2020,1,2,Road Accidents,Not Applicable,City/Town,Open area,Human Error,No,Not Applicable,Vehicle to Vehicle,Not at  Junction,Slight Curve,NH,Bitumen(Tar),Dry,Not Applicable,Fine,Mysore Bengalore Main Road,Dubasipalya Junction,1km,0.0,0.0
Bengaluru City,Kengeri Traffic PS,1.04432e+16,2020,1,2,Road Accidents,Not Applicable,City/Town,Near Bus stop,Human Error,No,Fatal,Vehicle to Vehicle,Not Applicable,Hump,NH,Bitumen(Tar),Dry,Not Applicable,Fine,Mysore Bengalore Main Road,Pavamana Lodge,0.5KM,0.0,0.0
Bengaluru City,Kengeri Traffic PS,1.04432e+16,2020,1,2,Road Accidents,Cross roads,City/Town,Open area,Human Error,Not Applicable,Grievous Injury,Vehicle to Vehicle,Not Applicable,Others,Others,Bitumen(Tar),Dry,Not Applicable,Fine,Gankal 80Ft Road,Ashiravad Solar,4km,0.0,0.0
Bengaluru City,Kengeri Traffic PS,1.04432e+16,2020,1,2,Road Accidents,Cross roads,City/Town,Open area,Human Error,Not Applicable,Simple Injury,Vehicle to Vehicle,Not Applicable,Others,Others,Concrete,Dry,Not Applicable,Fine,R R Nagar,V R Rice world,5km,0.0,0.0
Bengaluru City,Kengeri Traffic PS,1.04432e+16,2020,1,2,Not Applicable,Not Applicable,City/Town,Open area,Human Error,Not Applicable,Simple Injury,Vehicle to Vehicle,Not Applicable,Others,Others,Concrete,Dry,Not Applicable,Fine,Mylasandra Main Road,ReddiComplex,4Km,0.0,0.0
Bengaluru City,Kengeri Traffic PS,1.04432e+16,2020,1,2,Road Accidents,Not Applicable,City/Town,Open area,Human Error,Not Applicable,Fatal,Vehicle to Vehicle,Not Applicable,Others,Service Road,Bitumen(Tar),Dry,Not Applicable,Fine,R R Nagar Main Road,Asian Paints,4Km,0.0,0.0
Bengaluru City,Kengeri Traffic PS,1.04432e+16,2020,1,2,Road Accidents,Not Applicable,City/Town,Near Bus stop,Human Error,Not Applicable,Damage Only,Vehicle to Vehicle,Not at  Junction,Curve,Others,Bitumen(Tar),Dry,Not Applicable,Fine,Kengeri Upnagara Main Road,Near Kabir Matha,1 Km,0.0,0.0
Bengaluru City,Kengeri Traffic PS,1.04432e+16,2020,1,2,Road Accidents,Not Applicable,City/Town,Open area,Human Error,No,Grievous Injury,Vehicle to Vehicle,Not Applicable,Others,Others,Bitumen(Tar),Dry,Not Applicable,Not Applicable,R R Nagar Main Road,jain  College,6km,0.0,0.0
Bengaluru City,Kengeri Traffic PS,1.04432e+16,2020,1,1,Road Accidents,Rail Crossing Unmanned,City/Town,Near School or College,Human Error,Not Applicable,Grievous Injury,Hit pedestrian,Not Applicable,Curve,Service Road,Bitumen(Tar),Dry,Not Applicable,Fine,NPS School Road,NPS School,1.5Km,0.0,0.0
Bengaluru City,Kengeri Traffic PS,1.04432e+16,2020,1,1,Not Applicable,Not Applicable,City/Town,Near School or College,Human Error,Not Applicable,Simple Injury,Hit pedestrian,Not Applicable,Others,NH,Bitumen(Tar),Dry,Not Applicable,Fine,Mysore Bengalore Main Road,RV College,3Km,0.0,0.0