DISTRICTNAME,UNITNAME,Crime_No,Year,RI,Noofvehicle_involved,Accident_Classification,Accident_Spot,Accident_Location,Accident_SubLocation,Main_Cause,Hit_Run,Severity,Collision_Type,Junction_Control,Road_Character,Road_Type,Surface_Type,Surface_Condition,Road_Condition,Weather,Accident_Road,Landmark_first,Distance_LandMark_First,Latitude,Longitude
Bengaluru City,Kengeri Traffic PS,1.04432e+16,2020,1,2,Road Accidents,Not Applicable,City/Town,Open area,Human Error,Not Applicable,Simple Injury,Not Applicable,Not at  Junction,Straight and flat,Others,Concrete,Dry,Not Applicable,Fine,Uttarahalli Main Road,Sheshadrip puram college,2 km,0.0,0.0
Bengaluru City,Kengeri Traffic PS,1.04432e+16,2020,1,1,Road Accidents,Not Applicable,City/Town,Near Bus stop,Human Error,Not Applicable,Simple Injury,Hit pedestrian,Not Applicable,Others,Others,Bitumen(Tar),Dry,Not Applicable,Fine,Uttarahalli Main Road,Channasandra Bus stop,3.5 KM,0.0,0.0
Bengaluru City,Kengeri Traffic PS,1.04432e+16,2020,1,2,Road Accidents,Not Applicable,City/Town,Open area,Human Error,Not Applicable,Simple Injury,Vehicle to Vehicle,Police / Manual,Not Applicable,NH,Bitumen(Tar),Dry,Not Applicable,Fine,Mysuru Road,Madhu Bunk,1 km,0.0,0.0
Bengaluru City,Kengeri Traffic PS,1.04432e+16,2020,1,2,Road Accidents,Not Applicable,City/Town,Open area,Human Error,Not Applicable,Fatal,Vehicle to Vehicle,Not Applicable,Others,NH,Bitumen(Tar),Dry,Not Applicable,Fine,Myore road,Rainbo Bridge,200 mt,0.0,0.0
Bengaluru City,Kengeri Traffic PS,1.04432e+16,2020,1,1,Not Applicable,Not Applicable,City/Town,Open area,Not Applicable,Not Applicable,Fatal,Not Applicable,Not Applicable,Not Applicable,Two way,Gravel,Dry,Not Applicable,Clear,RR Nagara Main,Near Bramhi Hotel,4km,0.0,0.0
Bengaluru City,Kengeri Traffic PS,1.04432e+16,2020,1,2,Road Accidents,Not Applicable,City/Town,Open area,Human Error,Not Applicable,Grievous Injury,Vehicle to Vehicle,Not Applicable,Others,Not Applicable,Bitumen(Tar),Dry,Not Applicable,Fine,Nice Road,Exit junction,4km,0.0,0.0
Bengaluru City,Kengeri Traffic PS,1.04432e+16,2020,1,2,Road Accidents,Not Applicable,City/Town,Residential area,Human Error,Not Applicable,Grievous Injury,Vehicle to Vehicle,Not Applicable,Others,NH,Bitumen(Tar),Dry,Construction Work / Material,Fine,Myore road,BDA Apportment,1.5KM,0.0,0.0
Bengaluru City,Kengeri Traffic PS,1.04432e+16,2020,1,1,Road Accidents,Offset,City/Town,Open area,Human Error,Not Applicable,Damage Only,Not Applicable,Not at  Junction,Others,Others,Concrete,Dry,Not Applicable,Fine,Nice Road,Konasandra Darga,4 KM,0.0,0.0
Bengaluru City,Kengeri Traffic PS,1.04432e+16,2020,1,2,Road Accidents,Not Applicable,City/Town,Open area,Human Error,No,Damage Only,Vehicle to Vehicle,Not Applicable,Others,Others,Concrete,Flooded,Not Applicable,Fine,Nice Road,Near Railwy Bridge,6km,0.0,0.0
Bengaluru City,Kengeri Traffic PS,1.04432e+16,2020,1,2,Road Accidents,Junction,Rural Areas,Open area,Human Error,Not Applicable,Grievous Injury,Vehicle to Vehicle,Not Applicable,Others,Others,Concrete,Dry,Not Applicable,Fine,Park Road,Park,1.5 KM,0.0,0.0
Bengaluru City,Kengeri Traffic PS,1.04432e+16,2020,1,1,Road Accidents,Not Applicable,City/Town,Open area,Human Error,Not Applicable,Fatal,Not Applicable,Not Applicable,Curve,Others,Concrete,Dry,Not Applicable,Fine,Nice Road,Chikkenhalli,2Km,0.0,0.0
Bengaluru City,Kengeri Traffic PS,1.04432e+16,2020,1,1,Road Accidents,Not Applicable,City/Town,Open area,Human Error,No,Grievous Injury,Vehicle to Vehicle,Not at  Junction,Not Applicable,NH,Bitumen(Tar),Dry,Not Applicable,Fine,Mysore Bengalore Main Road,Kia Shoroom,1.5Km,0.0,0.0
Bengaluru City,Kengeri Traffic PS,1.04432e+16,2020,1,2,Road Accidents,Not Applicable,City/Town,Open area,Human Error,No,Damage Only,Vehicle to Vehicle,Not at  Junction,Not Applicable,Others,Concrete,Dry,Not Applicable,Fine,Nice Road,Nice Bridge,4KM,0.0,0.0
Bengaluru City,Kengeri Traffic PS,1.04432e+16,2020,1,2,Road Accidents,Not Applicable,City/Town,Open area,Human Error,No,Grievous Injury,Vehicle to Vehicle,Not at  Junction,Not Applicable,Others,Concrete,Dry,Not Applicable,Fine,Nice Road,BDA Toll,2 km,0.0,0.0
Bengaluru City,Kengeri Traffic PS,1.04432e+16,2020,1,2,Road Accidents,Not Applicable,City/Town,Open area,Human Error,No,Fatal,Vehicle to Vehicle,Not Applicable,Others,Others,Concrete,Dry,Not Applicable,Fine,Nice Road,Konasandra Darga,3km,0.0,0.0
Bengaluru City,Kengeri Traffic PS,1.04432e+16,2020,1,2,Road Accidents,Not Applicable,City/Town,Open area,Human Error,Not Applicable,Fatal,Vehicle to Vehicle,Not Applicable,Others,Others,Concrete,Dry,Not Applicable,Fine,Nice Road,Komaghatta Lake,3km,0.0,0.0
Bengaluru City,Kengeri Traffic PS,1.04432e+16,2020,1,2,Road Accidents,Not Applicable,City/Town,Open area,Human Error,Yes,Grievous Injury,Vehicle to Vehicle,Not at  Junction,Others,Others,Bitumen(Tar),Dry,Not Applicable,Fine,V V Layout 100 Feet road,Dhananayakanahalli Junction,3 Km,0.0,0.0
Bengaluru City,Kengeri Traffic PS,1.04432e+16,2020,1,2,Road Accidents,Not Applicable,City/Town,Open area,Human Error,No,Fatal,Vehicle to Vehicle,Not Applicable,Not Applicable,NH,Bitumen(Tar),Dry,Not Applicable,Fine,mysore road,BDA Apportment,1 Km,0.0,0.0
Bengaluru City,Kengeri Traffic PS,1.04432e+16,2020,1,2,Rail Road Accidents,Not Applicable,City/Town,Open area,Human Error,No,Grievous Injury,Vehicle to Vehicle,Not Applicable,Straight and flat,Not Applicable,Bitumen(Tar),Dry,Not Applicable,Fine,Gankal Main Road,Sri MRP,4km,0.0,0.0
Bengaluru City,Kengeri Traffic PS,1.04432e+16,2020,1,2,Road Accidents,Not Applicable,City/Town,Open area,Human Error,Not Applicable,Simple Injury,Not Applicable,Not Applicable,Not Applicable,Not Applicable,Concrete,Dry,Not Applicable,Fine,Nice Road,Ramasndra Bridge,3Km,0.0,0.0
Bengaluru City,Kengeri Traffic PS,1.04432e+16,2020,1,2,Road Accidents,Not Applicable,City/Town,Residential area,Human Error,Not Applicable,Damage Only,Vehicle to Vehicle,Not Applicable,Not Applicable,Others,Bitumen(Tar),Dry,Not Applicable,Fine,"#816, 2Nd Cross Road",Pradeep House,500mtr,0.0,0.0
Bengaluru City,Kengeri Traffic PS,1.04432e+16,2020,1,2,Road Accidents,Not Applicable,City/Town,Near Petrol Pump,Human Error,Not Applicable,Simple Injury,Vehicle to Vehicle,Not at  Junction,Curve,Not Applicable,Bitumen(Tar),Dry,Not Applicable,Fine,R R nagara main Road,MRP Out Late,4 KM,0.0,0.0
Bengaluru City,Kengeri Traffic PS,1.04432e+16,2020,1,1,Road Accidents,Not Applicable,City/Town,Open area,Human Error,Yes,Simple Injury,Hit pedestrian,Not Applicable,Not Applicable,Others,Concrete,Dry,Not Applicable,Fine,Uttarahalli Main Road,Srinivaspura Bus stop,4km,0.0,0.0
Bengaluru City,Kengeri Traffic PS,1.04432e+16,2020,1,2,Road Accidents,Not Applicable,City/Town,Near School or College,Human Error,No,Grievous Injury,Vehicle to Vehicle,Not Applicable,Curve,Others,Bitumen(Tar),Dry,Not Applicable,Fine,Railway Parallal Road,NPS School,1.5KM,0.0,0.0
Bengaluru City,Kengeri Traffic PS,1.04432e+16,2020,1,1,Road Accidents,Road hump or Rumble strips,City/Town,Open area,Human Error,Not Applicable,Simple Injury,Not Applicable,Not Applicable,Hump,Others,Concrete,Dry,Not Applicable,Fine,Near Konasandra lake,Lake,2km,0.0,0.0
Bengaluru City,Kengeri Traffic PS,1.04432e+16,2020,1,2,Road Accidents,Not Applicable,City/Town,Open area,Human Error,Not Applicable,Grievous Injury,Vehicle to Vehicle,Not Applicable,Not Applicable,NH,Concrete,Dry,Not Applicable,Fine,mysore road,Doddabele Junction,1 Km,0.0,0.0
Bengaluru City,Kengeri Traffic PS,1.04432e+16,2020,1,1,Road Accidents,Narrow road,City/Town,Open area,Human Error,Not Applicable,Grievous Injury,Not Applicable,Not at  Junction,Not Applicable,Others,Concrete,Dry,Not Applicable,Fine,Nice Road,Cinmya School,3km,0.0,0.0
Bengaluru City,Kengeri Traffic PS,1.04432e+16,2020,1,1,Road Accidents,Not Applicable,City/Town,Open area,Human Error,Not Applicable,Fatal,Not Applicable,Not at  Junction,Not Applicable,Service Road,Bitumen(Tar),Dry,Pot holed,Fine,Uttarhalli Main Road,Krishna Leela Hotel,3Km,0.0,0.0
Bengaluru City,Kengeri Traffic PS,1.04432e+16,2020,1,2,Road Accidents,Road hump or Rumble strips,City/Town,Open area,Human Error,Not Applicable,Grievous Injury,Vehicle to Vehicle,Not Applicable,Others,Others,Bitumen(Tar),Dry,No influence on accident,Fine,Kommaghatta Main Road,Chitagara,2 km,0.0,0.0
Bengaluru City,Kengeri Traffic PS,1.04432e+16,2020,1,2,Road Accidents,Not Applicable,City/Town,Open area,Human Error,Not Applicable,Grievous Injury,Vehicle to Vehicle,Not Applicable,Sharp Curve,Others,Concrete,Dry,Pot holed,Fine,Nice Road,BDA Toll,3Km,0.0,0.0
Bengaluru City,Kengeri Traffic PS,1.04432e+16,2020,1,2,Road Accidents,Not Applicable,City/Town,Open area,Human Error,No,Simple Injury,Vehicle to Vehicle,Not Applicable,Steep Incline or Climb,Others,Bitumen(Tar),Dry,Pot holed,Fine,Uttarhalli Main Road,Vishnuvardhan Samadhi,3Km,0.0,0.0
Bengaluru City,Kengeri Traffic PS,1.04432e+16,2020,1,2,Not Applicable,Circle,City/Town,Near Bus stop,Not Applicable,No,Simple Injury,Vehicle to Vehicle,Not Applicable,Not Applicable,NH,Not Applicable,Not Applicable,Not Applicable,Fine,Mysuru Road,NearRV Colleze,2.5 Km,0.0,0.0
Bengaluru City,Kengeri Traffic PS,1.04432e+16,2020,1,2,Road Accidents,Not Applicable,City/Town,Open area,Human Error,Not Applicable,Damage Only,Not Applicable,Not at  Junction,Others,Others,Concrete,Dry,Not Applicable,Fine,Nice Road,Chanasandra Bridge,5 KM,0.0,0.0
Bengaluru City,Kengeri Traffic PS,1.04432e+16,2020,1,1,Not Applicable,Junction,City/Town,Open area,Not Applicable,No,Fatal,Hit pedestrian,Not Applicable,Others,NH,Not Applicable,Dry,Drainage Ditch,Fine,Mysuru Road,Near Bus stand,1 km,0.0,0.0
Bengaluru City,Kengeri Traffic PS,1.04432e+16,2020,1,2,Not Applicable,Not Applicable,City/Town,Open area,Human Error,Not Applicable,Grievous Injury,Vehicle to Vehicle,Not Applicable,Straight and flat,Others,Concrete,Dry,Not Applicable,Fine,Nice Road,Sompura toll,5 KM,0.0,0.0
Bengaluru City,Kengeri Traffic PS,1.04432e+16,2020,1,2,Road Accidents,Junction,City/Town,Open area,Human Error,Not Applicable,Grievous Injury,Vehicle to Vehicle,No signal lights,Others,NH,Bitumen(Tar),Dry,Not Applicable,Fine,Mysore Bengalore Main Road,Dubhasipalya Junction,1.5Km,0.0,0.0
Bengaluru City,Kengeri Traffic PS,1.04432e+16,2020,1,1,Road Accidents,Not Applicable,City/Town,Open area,Human Error,Not Applicable,Grievous Injury,Not Applicable,Not Applicable,Others,NH,Bitumen(Tar),Dry,Not Applicable,Fine,Mysore Bengalore Main Road,MBR Apportment,1 km,0.0,0.0
Bengaluru City,Kengeri Traffic PS,1.04432e+16,2020,1,2,Road Accidents,Not Applicable,City/Town,Residential area,Human Error,Not Applicable,Grievous Injury,Vehicle to Vehicle,Not Applicable,Others,Residential Street,Bitumen(Tar),Dry,Not Applicable,Fine,Javaregoudana Doddi Main Road,Arali Mara,5 KM,0.0,0.0
Bengaluru City,Kengeri Traffic PS,1.04432e+16,2020,1,1,Road Accidents,Not Applicable,City/Town,Near office complex,Human Error,Not Applicable,Grievous Injury,Hit pedestrian,Not Applicable,Others,Others,Bitumen(Tar),Dry,Not Applicable,Fine,Kengeri Upangara Main Road,The Gril Thril Hotel,2Km,0.0,0.0
Bengaluru City,Kengeri Traffic PS,1.04432e+16,2020,1,2,Road Accidents,Bottleneck,City/Town,Open area,Human Error,Not Applicable,Grievous Injury,Hit animal,Not Applicable,Hump,One way,Bitumen(Tar),Dry,Not Applicable,Others,UIttharahalli Road,Sriniaspura Cross,4km,0.0,0.0
Bengaluru City,Kengeri Traffic PS,1.04432e+16,2020,1,2,Road Accidents,Not Applicable,City/Town,Near Hospital,Human Error,Not Applicable,Grievous Injury,Vehicle to Vehicle,Not Applicable,Not Applicable,NH,Bitumen(Tar),Dry,Not Applicable,Fine,Mysore Bengalore Main Road,Near HK Hospital,1/2 km,0.0,0.0
Bengaluru City,Kengeri Traffic PS,1.04432e+16,2020,1,2,Road Accidents,Not Applicable,City/Town,Residential area,Human Error,Not Applicable,Grievous Injury,Vehicle to Vehicle,Not Applicable,Curve,NH,Bitumen(Tar),Dry,No influence on accident,Fine,Mysore Bengalore Main Road,Indra Preasta  Apportment,2Km,0.0,0.0
Bengaluru City,Kengeri Traffic PS,1.04432e+16,2020,1,1,Road Accidents,Offset,City/Town,Open area,Human Error,No,Grievous Injury,Hit pedestrian,Not Applicable,Others,Others,Bitumen(Tar),Dry,Not Applicable,Fine,Kempegowda Double Road,Shakti Club Cricket Ground,5 KM,0.0,0.0
Bengaluru City,Kengeri Traffic PS,1.04432e+16,2020,1,2,Road Accidents,Junction,City/Town,Open area,Human Error,Not Applicable,Grievous Injury,Vehicle to Vehicle,Not Applicable,Curve,Others,Concrete,Dry,Not Applicable,Fine,R R Nagar Main Road,Total Gas,5 KM,0.0,0.0
Bengaluru City,Kengeri Traffic PS,1.04432e+16,2020,1,2,Road Accidents,Not Applicable,City/Town,Open area,Human Error,Not Applicable,Fatal,Vehicle to Vehicle,Not Applicable,Others,NH,Concrete,Dry,Not Applicable,Fine,Mysuru Road,Shel Petrol Bunk,1 km,0.0,0.0
Bengaluru City,Kengeri Traffic PS,1.04432e+16,2020,1,2,Road Accidents,Not Applicable,City/Town,Residential area,Human Error,No,Damage Only,Vehicle to Vehicle,Not Applicable,Others,Residential Street,Concrete,Dry,Not Applicable,Fine,IB Layout,IB Layouy,2km,0.0,0.0
Bengaluru City,Kengeri Traffic PS,1.04432e+16,2020,1,2,Road Accidents,Not Applicable,City/Town,Open area,Human Error,Not Applicable,Simple Injury,Vehicle to Vehicle,Not Applicable,Straight and flat,Others,Concrete,Dry,Not Applicable,Fine,Uttarahalli Main Road,MRP Spirit,1.5 KM,0.0,0.0
Bengaluru City,Kengeri Traffic PS,1.04432e+16,2020,1,1,Road Accidents,Offset,City/Town,Open area,Human Error,Not Applicable,Fatal,Not Applicable,Not at  Junction,Not Applicable,Others,Concrete,Dry,Not Applicable,Fine,Doddabele Main Road,Swati Main dor,2.5 Km,0.0,0.0
Bengaluru City,Kengeri Traffic PS,1.04432e+16,2020,1,1,Not Applicable,Offset,City/Town,Open area,Human Error,Not Applicable,Fatal,Not Applicable,Not at  Junction,Hump,Others,Bitumen(Tar),Dry,Not Applicable,Fine,Uttarahalli Main Road,Mantri Appartment,3km,0.0,0.0
Bengaluru City,Kengeri Traffic PS,1.04432e+16,2020,1,2,Not Applicable,Not Applicable,City/Town,Near Bus stop,Not Applicable,Not Applicable,Damage Only,Not Applicable,Not Applicable,Not Applicable,NH,Gravel,Not Applicable,Not Applicable,Fine,Mysuru Road,Near Metro,3Km,0.0,0.0
Bengaluru City,Kengeri Traffic PS,1.04432e+16,2020,1,2,Road Accidents,Not Applicable,City/Town,Near Bus stop,Human Error,No,Simple Injury,Vehicle to Vehicle,Not Applicable,Others,Others,Bitumen(Tar),Dry,Not Applicable,Fine,Mysore Bengalore Main Road,Near Namma Metro,1 km,0.0,0.0
Bengaluru City,Kengeri Traffic PS,1.04432e+16,2020,1,2,Road Accidents,Not Applicable,City/Town,Near office complex,Human Error,Not Applicable,Not Applicable,Vehicle to Vehicle,Not at  Junction,Not Applicable,Others,Bitumen(Tar),Dry,Pot holed,Fine,Kengeri Upnagara Main Road,Near Kabir Matha,2km,0.0,0.0
Bengaluru City,Kengeri Traffic PS,1.04432e+16,2020,1,1,Not Applicable,Not Applicable,City/Town,Residential area,Human Error,No,Grievous Injury,Hit pedestrian,Not Applicable,Not Applicable,Others,Concrete,Not Applicable,Not Applicable,Not Applicable,Best appartment,Best Appartment,7 KM,0.0,0.0
Bengaluru City,Kengeri Traffic PS,1.04432e+16,2020,1,3,Road Accidents,Not Applicable,City/Town,Open area,Human Error,No,Fatal,Vehicle to Vehicle,Not Applicable,Incline,NH,Bitumen(Tar),Dry,Not Applicable,Fine,Mysore Bengalore Main Road,Iravata Hotel,1 km,0.0,0.0
Bengaluru City,Kengeri Traffic PS,1.04432e+16,2020,1,2,Road Accidents,Not Applicable,City/Town,Residential area,Human Error,Yes,Grievous Injury,Vehicle to Vehicle,Not Applicable,Others,Others,Bitumen(Tar),Dry,Not Applicable,Fine,Kommaghatta Main Road,Chitagara,2 km,0.0,0.0
Bengaluru City,Kengeri Traffic PS,1.04432e+16,2021,1,2,Road Accidents,Not Applicable,City/Town,Open area,Human Error,No,Simple Injury,Vehicle to Vehicle,Not Applicable,Others,Others,Concrete,Dry,Drainage Ditch,Fine,Nice Road,Doddabele Bridge,2.5KM,0.0,0.0
Bengaluru City,Kengeri Traffic PS,1.04432e+16,2021,1,2,Road Accidents,Not Applicable,City/Town,Open area,Human Error,No,Damage Only,Vehicle to Vehicle,Stop sign,Others,Others,Concrete,Dry,Drainage Ditch,Fine,Nice Road,Komaghatta Lake,4.5 KM,0.0,0.0
Bengaluru City,Kengeri Traffic PS,1.04432e+16,2021,1,1,Road Accidents,Not Applicable,City/Town,Near Bus stop,Human Error,No,Simple Injury,Vehicle to Vehicle,Not at  Junction,Others,NH,Bitumen(Tar),Dry,Not Applicable,Fine,Mylasandra Main Road,RV Collage,2km,0.0,0.0
Bengaluru City,Kengeri Traffic PS,1.04432e+16,2021,1,1,Road Accidents,Offset,City/Town,Open area,Human Error,No,Grievous Injury,Not Applicable,Not at  Junction,Others,Others,Concrete,Dry,No influence on accident,Fine,Nice Road,Babasahebpalya Railwy Bridge,3Km,0.0,0.0
Bengaluru City,Kengeri Traffic PS,1.04432e+16,2021,1,1,Road Accidents,Not Applicable,City/Town,Open area,Human Error,No,Grievous Injury,Hit pedestrian,Not Applicable,Others,Others,Concrete,Dry,Pot holed,Fine,Nice Road,Ganakal road,6 KM,0.0,0.0
Bengaluru City,Kengeri Traffic PS,1.04432e+16,2021,1,2,Road Accidents,Junction,City/Town,Open area,Human Error,No,Simple Injury,Vehicle to Vehicle,Police / Manual,Not Applicable,Others,Bitumen(Tar),Dry,Not Applicable,Fine,R R Nagar Main Road,Pattanagere Cercle,6km,0.0,0.0
Bengaluru City,Kengeri Traffic PS,1.04432e+16,2021,1,1,Road Accidents,Offset,City/Town,Open area,Human Error,No,Damage Only,Not Applicable,Not Applicable,Others,Others,Concrete,Dry,Not Applicable,Fine,Nice Road,Byrohalli bridge,3 km,0.0,0.0
Bengaluru City,Kengeri Traffic PS,1.04432e+16,2021,1,1,Road Accidents,Offset,City/Town,Open area,Human Error,No,Grievous Injury,Not Applicable,Not Applicable,Others,Others,Bitumen(Tar),Dry,Not Applicable,Fine,Nice Road,Nice Office,5km,0.0,0.0
Bengaluru City,Kengeri Traffic PS,1.04432e+16,2021,1,2,Road Accidents,Not Applicable,City/Town,Near Petrol Pump,Human Error,Yes,Grievous Injury,Vehicle to Vehicle,Not Applicable,Not Applicable,NH,Bitumen(Tar),Not Applicable,Not Applicable,Not Applicable,Bengalore Mysore Road,near tata motars,4km,0.0,0.0
Bengaluru City,Kengeri Traffic PS,1.04432e+16,2021,1,2,Not Applicable,Cross roads,City/Town,Near or inside a village,Human Error,No,Grievous Injury,Vehicle to Vehicle,Not Applicable,Not Applicable,Others,Not Applicable,Not Applicable,Not Applicable,Not Applicable,Near Konasandra lake,Near Konasandra lake,03 km,0.0,0.0
Bengaluru City,Kengeri Traffic PS,1.04432e+16,2021,1,2,Road Accidents,Junction,City/Town,Residential area,Human Error,No,Damage Only,Vehicle to Vehicle,Police / Manual,Curve and Incline,NH,Bitumen(Tar),Dry,Not Applicable,Fine,Mylasandra Main Road,Madhu Junction,1 Km,0.0,0.0
Bengaluru City,Kengeri Traffic PS,1.04432e+16,2021,1,2,Road Accidents,Not Applicable,City/Town,Open area,Human Error,No,Grievous Injury,Vehicle to Vehicle,Not at  Junction,Others,Others,Bitumen(Tar),Dry,Pot holed,Fine,Uttarhalli Main Road,Abhiman Studio,2KM,0.0,0.0
Bengaluru City,Kengeri Traffic PS,1.04432e+16,2021,1,2,Road Accidents,Not Applicable,City/Town,Residential area,Human Error,Not Applicable,Simple Injury,Vehicle to Vehicle,Not at  Junction,Hump,Others,Concrete,Dry,Not Applicable,Fine,Old Manipal Road R R Nagar,Sayi Nandana Appartment,4 KM,0.0,0.0
Bengaluru City,Kengeri Traffic PS,1.04432e+16,2021,1,1,Road Accidents,Junction,City/Town,Near Bus stop,Human Error,Not Applicable,Grievous Injury,Hit pedestrian,Not Applicable,Not Applicable,Others,Not Applicable,Not Applicable,Not Applicable,Not Applicable,Near Srinivasapura BMTC Bus stop,Near Bus stand,04 km,0.0,0.0
Bengaluru City,Kengeri Traffic PS,1.04432e+16,2021,1,1,Not Applicable,Not Applicable,City/Town,Residential area,Human Error,Yes,Grievous Injury,Hit pedestrian,Not Applicable,Not Applicable,Not Applicable,Not Applicable,Others,Not Applicable,Not Applicable,Near Maruthi Medical Store 80 Ft Road  Kengeri,Near Maruthi Medicals,2Km,0.0,0.0
Bengaluru City,Kengeri Traffic PS,1.04432e+16,2021,1,2,Road Accidents,Cross roads,City/Town,Near Bus stop,Human Error,No,Grievous Injury,Vehicle to Vehicle,Uncontrolled,Others,Not Applicable,Not Applicable,Others,Not Applicable,Others,Uttarhalli Main Road,Near Kodipalya Cross,1 km,0.0,0.0
Bengaluru City,Kengeri Traffic PS,1.04432e+16,2021,1,1,Not Applicable,Not Applicable,City/Town,Open area,Not Applicable,No,Not Applicable,Not Applicable,Not Applicable,Not Applicable,Others,Not Applicable,Not Applicable,Not Applicable,Not Applicable,RR Nagara Main,Near RR Nagara Ps,5KM,0.0,0.0
Bengaluru City,Kengeri Traffic PS,1.04432e+16,2021,1,2,Road Accidents,Not Applicable,City/Town,Near School or College,Human Error,No,Grievous Injury,Vehicle to Vehicle,Not Applicable,Others,Others,Bitumen(Tar),Dry,Not Applicable,Fine,Uttarahalli Main Road,JSS Boys Hostel,4 KM,0.0,0.0
Bengaluru City,Kengeri Traffic PS,1.04432e+16,2021,1,2,Road Accidents,Not Applicable,City/Town,Open area,Human Error,No,Simple Injury,Vehicle to Vehicle,Not Applicable,Not Applicable,Others,Concrete,Dry,Pot holed,Fine,Nice Road,hemmoigepura Bridge,5km,0.0,0.0
Bengaluru City,Kengeri Traffic PS,1.04432e+16,2021,1,2,Road Accidents,Not Applicable,City/Town,Residential area,Human Error,No,Grievous Injury,Vehicle to Vehicle,Not Applicable,Others,Others,Bitumen(Tar),Dry,Not Applicable,Fine,Shaneswara Temple Road,Shaneswara Teple,5km,0.0,0.0
Bengaluru City,Kengeri Traffic PS,1.04432e+16,2021,1,2,Road Accidents,Junction,City/Town,Open area,Human Error,No,Damage Only,Vehicle to Vehicle,No signal lights,Others,Others,Bitumen(Tar),Dry,No influence on accident,Fine,Kengeri Sattalite Club,Sattalite Club,2.5KM,0.0,0.0
Bengaluru City,Kengeri Traffic PS,1.04432e+16,2021,1,2,Road Accidents,Not Applicable,City/Town,Open area,Human Error,Yes,Fatal,Vehicle to Vehicle,Not Applicable,Others,Others,Concrete,Dry,No influence on accident,Fine,Nice Road,Komaghatta Lake,5 KM,0.0,0.0
Bengaluru City,Kengeri Traffic PS,1.04432e+16,2021,1,4,Road Accidents,Offset,Rural Areas,Open area,Human Error,No,Damage Only,Vehicle to Vehicle,Not at  Junction,Others,Others,Concrete,Dry,Pot holed,Fine,Nice Road,Komaghatta Brige,5 KM,0.0,0.0
Bengaluru City,Kengeri Traffic PS,1.04432e+16,2021,1,2,Road Accidents,Not Applicable,City/Town,Open area,Human Error,Not Applicable,Grievous Injury,Vehicle to Vehicle,Not at  Junction,Others,Others,Bitumen(Tar),Dry,Not Applicable,Fine,Uttarahalli Main Road,Mahaveer Lake Appartement,2 km,0.0,0.0
Bengaluru City,Kengeri Traffic PS,1.04432e+16,2021,1,2,Road Accidents,Not Applicable,City/Town,Residential area,Human Error,No,Fatal,Vehicle to Vehicle,Not Applicable,Not Applicable,Others,Bitumen(Tar),Dry,Not Applicable,Fine,R R Nagar Main Road,R R Biriyani,6km,0.0,0.0
Bengaluru City,Kengeri Traffic PS,1.04432e+16,2021,1,2,Road Accidents,Not Applicable,City/Town,Open area,Human Error,No,Fatal,Vehicle to Vehicle,Not at  Junction,Hump,NH,Bitumen(Tar),Dry,Pot holed,Fine,Mysore Road,Nice Junction,2 km,0.0,0.0
Bengaluru City,Kengeri Traffic PS,1.04432e+16,2021,1,2,Road Accidents,Not Applicable,City/Town,Open area,Human Error,No,Damage Only,Vehicle to Vehicle,Not Applicable,Curve,NH,Bitumen(Tar),Dry,Not Applicable,Fine,Mylasandra Main Road,BDA Apportment,1.5 KM,0.0,0.0
Bengaluru City,Kengeri Traffic PS,1.04432e+16,2021,1,3,Road Accidents,Not Applicable,City/Town,Open area,Human Error,Yes,Fatal,Vehicle to Vehicle,Not at  Junction,Others,Others,Concrete,Dry,Not Applicable,Fine,Nice Road,Konasandra Lake,4km,0.0,0.0
Bengaluru City,Kengeri Traffic PS,1.04432e+16,2021,1,2,Road Accidents,Not Applicable,City/Town,Open area,Human Error,Not Applicable,Simple Injury,Vehicle to Vehicle,Not at  Junction,Others,Others,Concrete,Dry,Pot holed,Fine,Nice Road,Nice Office,4 KM,0.0,0.0
Bengaluru City,Kengeri Traffic PS,1.04432e+16,2021,1,2,Road Accidents,Not Applicable,City/Town,Open area,Human Error,No,Grievous Injury,Vehicle to Vehicle,Not Applicable,Others,NH,Bitumen(Tar),Dry,Not Applicable,Fine,mysore road,Mailasandra bus Stop,1.5 KM,0.0,0.0
Bengaluru City,Kengeri Traffic PS,1.04432e+16,2021,1,2,Road Accidents,Not Applicable,City/Town,Open area,Human Error,No,Grievous Injury,Vehicle to Vehicle,Not at  Junction,Incline,Others,Bitumen(Tar),Dry,Not Applicable,Fine,R R Nagar Main Road,S S Hindu Miltry Hotel,6km,0.0,0.0
Bengaluru City,Kengeri Traffic PS,1.04432e+16,2021,1,2,Road Accidents,Junction,City/Town,Residential area,Human Error,No,Damage Only,Vehicle to Vehicle,Controlled,Not Applicable,NH,Bitumen(Tar),Dry,Not Applicable,Fine,Mylasandra Main Road,Madhu Bunk,1 km,0.0,0.0
Bengaluru City,Kengeri Traffic PS,1.04432e+16,2021,1,1,Road Accidents,Road hump or Rumble strips,City/Town,Residential area,Human Error,No,Fatal,Not Applicable,Not Applicable,Not Applicable,Others,Bitumen(Tar),Dry,Not Applicable,Fine,Silver Weves Royal Appartment,Silver Wevs Royal Appartment,4 KM,0.0,0.0
Bengaluru City,Kengeri Traffic PS,1.04432e+16,2021,1,2,Road Accidents,Not Applicable,City/Town,Open area,Human Error,Not Applicable,Grievous Injury,Vehicle to Vehicle,Not Applicable,Others,Others,Bitumen(Tar),Dry,Drainage Ditch,Fine,Kengeri Upnagara Main Road,Bethesda Church,2 km,0.0,0.0