DISTRICTNAME,UNITNAME,Crime_No,Year,RI,Noofvehicle_involved,Accident_Classification,Accident_Spot,Accident_Location,Accident_SubLocation,Main_Cause,Hit_Run,Severity,Collision_Type,Junction_Control,Road_Character,Road_Type,Surface_Type,Surface_Condition,Road_Condition,Weather,Accident_Road,Landmark_first,Distance_LandMark_First,Latitude,Longitude
Bengaluru City,Kengeri Traffic PS,1.04432e+16,2021,1,1,Road Accidents,Offset,City/Town,Open area,Human Error,Yes,Fatal,Not Applicable,Uncontrolled,Hump,Others,Bitumen(Tar),Dry,Not Applicable,Fine,Komaghatta Main Road,Radha Timbers,2 km,0.0,0.0
Bengaluru City,Kengeri Traffic PS,1.04432e+16,2021,1,2,Road Accidents,Offset,City/Town,Near Bus stop,Human Error,Yes,Fatal,Vehicle to Vehicle,Not Applicable,Others,NH,Bitumen(Tar),Dry,Pot holed,Fine,Mylasandra Main Road,R V Collage Metro station,2km,0.0,0.0
Bengaluru City,Kengeri Traffic PS,1.04432e+16,2021,1,2,Road Accidents,Curves,City/Town,Open area,Human Error,No,Not Applicable,Vehicle to Vehicle,Not Applicable,Others,Others,Bitumen(Tar),Dry,Not Applicable,Fine,UIttharahalli Road,Lake Vewe Appartment,2km,0.0,0.0
Bengaluru City,Kengeri Traffic PS,1.04432e+16,2021,1,1,Road Accidents,Not Applicable,City/Town,Open area,Human Error,No,Grievous Injury,Hit pedestrian,Not at  Junction,Others,Others,Concrete,Dry,Not Applicable,Fine,Mysuru Road,VRL Office,3km,0.0,0.0
Bengaluru City,Kengeri Traffic PS,1.04432e+16,2021,1,2,Road Accidents,Not Applicable,City/Town,Open area,Human Error,Yes,Damage Only,Vehicle to Vehicle,Not Applicable,Incline,Others,Bitumen(Tar),Dry,Not Applicable,Fine,Halagevaderahalli Junction,Halagevaderahalli junction,4 KM,0.0,0.0
Bengaluru City,Kengeri Traffic PS,1.04432e+16,2021,1,2,Road Accidents,Narrow road,City/Town,Near School or College,Human Error,Yes,Grievous Injury,Vehicle to Vehicle,Not at  Junction,Others,Two way,Not Applicable,Not Applicable,Not Applicable,Fine,Uttarhalli Main Road,Near Carmel School,0.5KM,0.0,0.0
Bengaluru City,Kengeri Traffic PS,1.04432e+16,2021,1,2,Not Applicable,Junction,City/Town,Near Bus stop,Human Error,No,Grievous Injury,Vehicle to Vehicle,Not Applicable,Others,NH,Not Applicable,Others,Not Applicable,Others,Mysore Bengalore Main Road,Near Jairamdas Railway Gate,4km,0.0,0.0
Bengaluru City,Kengeri Traffic PS,1.04432e+16,2021,1,2,Road Accidents,Not Applicable,City/Town,Open area,Human Error,No,Grievous Injury,Vehicle to Vehicle,Not Applicable,Others,Others,Concrete,Dry,Not Applicable,Fine,Nice Road,Near Railwy Bridge,5 KM,0.0,0.0
Bengaluru City,Kengeri Traffic PS,1.04432e+16,2021,1,1,Road Accidents,Junction,City/Town,Near Bus stop,Not Applicable,No,Grievous Injury,Hit pedestrian,Police / Manual,Curve,NH,Not Applicable,Others,Not Applicable,Fine,Near Dubasipalya Bus Stop,Near Dubasipalya,2Km,0.0,0.0
Bengaluru City,Kengeri Traffic PS,1.04432e+16,2021,1,1,Road Accidents,Not Applicable,City/Town,Open area,Human Error,Yes,Grievous Injury,Hit pedestrian,Not Applicable,Not Applicable,Not Applicable,Not Applicable,Not Applicable,Not Applicable,Not Applicable,Near Vidyuth Chitagara,Near Vidyuth Chithagara,1.5Km,0.0,0.0
Bengaluru City,Kengeri Traffic PS,1.04432e+16,2021,1,2,Road Accidents,Junction,City/Town,Near Bus stop,Human Error,No,Grievous Injury,Vehicle to Vehicle,Police / Manual,Others,NH,Bitumen(Tar),Dry,Pot holed,Fine,Mysore Road,Jairam Das Junction,4km,0.0,0.0
Bengaluru City,Kengeri Traffic PS,1.04432e+16,2021,1,1,Road Accidents,Offset,City/Town,Open area,Human Error,Not Applicable,Grievous Injury,Not Applicable,Stop sign,Not Applicable,Others,Concrete,Dry,Not Applicable,Fine,Railway Parallal Road,BSNL Junction,1 Km,0.0,0.0
Bengaluru City,Kengeri Traffic PS,1.04432e+16,2021,1,1,Road Accidents,Not Applicable,City/Town,Open area,Human Error,Not Applicable,Fatal,Vehicle to Vehicle,Not Applicable,Not Applicable,Others,Concrete,Dry,No influence on accident,Fine,Nice Road,Near Byrohalli BVridge,2km,0.0,0.0
Bengaluru City,Kengeri Traffic PS,1.04432e+16,2021,1,2,Not Applicable,Not Applicable,City/Town,Open area,Not Applicable,Yes,Fatal,Not Applicable,Not Applicable,Not Applicable,Not Applicable,Not Applicable,Not Applicable,No influence on accident,Clear,RR Nagara Main Road,Near BDA Complex,5km,0.0,0.0
Bengaluru City,Kengeri Traffic PS,1.04432e+16,2021,1,2,Road Accidents,Not Applicable,City/Town,Residential area,Human Error,No,Grievous Injury,Vehicle to Vehicle,Not at  Junction,Others,Others,Bitumen(Tar),Dry,Not Applicable,Fine,Near Anjaneya Swamy Temple,Anjanyes Swamy Temple,6 KM,0.0,0.0
Bengaluru City,Kengeri Traffic PS,1.04432e+16,2021,1,2,Road Accidents,Not Applicable,City/Town,Open area,Human Error,No,Grievous Injury,Vehicle to Vehicle,Not at  Junction,Others,NH,Bitumen(Tar),Dry,Pot holed,Fine,Mysore Road,Poornima Palace,2 km,0.0,0.0
Bengaluru City,Kengeri Traffic PS,1.04432e+16,2021,1,2,Road Accidents,Not Applicable,City/Town,Open area,Human Error,No,Grievous Injury,Vehicle to Vehicle,Not Applicable,Others,Others,Bitumen(Tar),Dry,Not Applicable,Fine,Uttarahalli Main Road,MRP Out Late,2 km,0.0,0.0
Bengaluru City,Kengeri Traffic PS,1.04432e+16,2021,1,1,Road Accidents,Not Applicable,City/Town,Near Bus stop,Not Applicable,No,Damage Only,Not Applicable,Not Applicable,Not Applicable,NH,Not Applicable,Not Applicable,Not Applicable,Fine,Mysuru Road,Near Bus stand,1/2 Km,0.0,0.0
Bengaluru City,Kengeri Traffic PS,1.04432e+16,2021,1,1,Road Accidents,Not Applicable,City/Town,Open area,Human Error,No,Fatal,Hit pedestrian,Not at  Junction,Others,Others,Concrete,Dry,Not Applicable,Fine,Nice Road,Channasandra Bridge,4km,0.0,0.0
Bengaluru City,Kengeri Traffic PS,1.04432e+16,2021,1,1,Road Accidents,Cross roads,City/Town,Near Hospital,Human Error,No,Grievous Injury,Hit pedestrian,Not at  Junction,Others,Service Road,Bitumen(Tar),Dry,Not Applicable,Fine,Mukambika Nagar,Raghavendra Medical,3Km,0.0,0.0
Bengaluru City,Kengeri Traffic PS,1.04432e+16,2021,1,2,Road Accidents,Not Applicable,City/Town,Near Bus stop,Human Error,No,Grievous Injury,Vehicle to Vehicle,Stop sign,Steep Incline or Climb,NH,Concrete,Dry,Not Applicable,Fine,Mysore Road,Metro Stastion,1 Km,0.0,0.0
Bengaluru City,Kengeri Traffic PS,1.04432e+16,2021,1,2,Road Accidents,Not Applicable,City/Town,Near Bus stop,Human Error,Not Applicable,Damage Only,Vehicle to Vehicle,Signal lights Manual,Not Applicable,NH,Bitumen(Tar),Dry,Not Applicable,Fine,Mysore Road,Madhu Junction,1km,0.0,0.0
Bengaluru City,Kengeri Traffic PS,1.04432e+16,2021,1,2,Road Accidents,Not Applicable,City/Town,Residential area,Human Error,No,Damage Only,Vehicle to Vehicle,Not at  Junction,Others,NH,Concrete,Dry,Not Applicable,Fine,Mysore Road,Kengeri Police Station,10MTR,0.0,0.0
Bengaluru City,Kengeri Traffic PS,1.04432e+16,2021,1,2,Road Accidents,Not Applicable,City/Town,Near School or College,Human Error,No,Grievous Injury,Vehicle to Vehicle,Not Applicable,Slight Curve,Others,Bitumen(Tar),Dry,Not Applicable,Fine,Bangrappa Ngar Main Road,Global College,7km,0.0,0.0
Bengaluru City,Kengeri Traffic PS,1.04432e+16,2021,1,2,Road Accidents,Not Applicable,City/Town,Open area,Human Error,Not Applicable,Fatal,Vehicle to Vehicle,Not Applicable,Others,Others,Bitumen(Tar),Dry,Not Applicable,Fine,Uttarhalli Main Road,Renu Intiriar,5km,0.0,0.0
Bengaluru City,Kengeri Traffic PS,1.04432e+16,2021,1,1,Road Accidents,Offset,City/Town,Open area,Human Error,Yes,Grievous Injury,Not Applicable,Not Applicable,Others,Others,Bitumen(Tar),Dry,Drainage Ditch,Fine,Uttarhalli Main Road,MRP Out Let,1.5Km,0.0,0.0
Bengaluru City,Kengeri Traffic PS,1.04432e+16,2021,1,1,Road Accidents,Not Applicable,City/Town,Open area,Human Error,Yes,Damage Only,Not Applicable,Not at  Junction,Not Applicable,Others,Concrete,Dry,Not Applicable,Fine,Nice Road,Nice Toll Bhoot,2km,0.0,0.0
Bengaluru City,Kengeri Traffic PS,1.04432e+16,2021,1,2,Road Accidents,Not Applicable,City/Town,Open area,Human Error,No,Simple Injury,Vehicle to Vehicle,Not at  Junction,Not Applicable,NH,Bitumen(Tar),Dry,Construction Work / Material,Fine,Mylasandra Main Road,MBR Shangrila Apparrtement,2 km,0.0,0.0
Bengaluru City,Kengeri Traffic PS,1.04432e+16,2021,1,2,Road Accidents,Not Applicable,City/Town,Open area,Human Error,No,Grievous Injury,Vehicle to Vehicle,Not at  Junction,Straight and flat,Others,Concrete,Dry,Not Applicable,Fine,Nice Road,Railwy Bridge,3km,0.0,0.0
Bengaluru City,Kengeri Traffic PS,1.04432e+16,2021,1,2,Road Accidents,Curves,City/Town,Near a religious place,Human Error,No,Simple Injury,Vehicle to Vehicle,Not Applicable,Not Applicable,NH,Bitumen(Tar),Others,No influence on accident,Fine,Near kengeri Jamia Masidi,Near Jamia masidi,0.5km,0.0,0.0
Bengaluru City,Kengeri Traffic PS,1.04432e+16,2021,1,2,Road Accidents,Not Applicable,City/Town,Open area,Human Error,Not Applicable,Simple Injury,Vehicle to Vehicle,No signal lights,Others,Others,Bitumen(Tar),Dry,Not Applicable,Fine,Double Road,Kanakadas Cercle,5km,0.0,0.0
Bengaluru City,Kengeri Traffic PS,1.04432e+16,2021,1,1,Road Accidents,Not Applicable,City/Town,Open area,Human Error,Yes,Fatal,Hit pedestrian,Not at  Junction,Not Applicable,Others,Concrete,Dry,Not Applicable,Fine,Nice Road,Nice Office,4km,0.0,0.0
Bengaluru City,Kengeri Traffic PS,1.04432e+16,2021,1,2,Road Accidents,Junction,City/Town,Residential area,Human Error,No,Grievous Injury,Vehicle to Vehicle,Not Applicable,Others,Others,Bitumen(Tar),Dry,Not Applicable,Others,Kengeri Upanagara 4th Main 3rd Cross Road,Park,2 km,0.0,0.0
Bengaluru City,Kengeri Traffic PS,1.04432e+16,2021,1,2,Road Accidents,Not Applicable,City/Town,Open area,Human Error,No,Fatal,Vehicle to Vehicle,Not at  Junction,Others,Others,Concrete,Dry,Drainage Ditch,Fine,Nice Road,Nice Road Exit Junction,2 km,0.0,0.0
Bengaluru City,Kengeri Traffic PS,1.04432e+16,2021,1,2,Road Accidents,Not Applicable,City/Town,Residential area,Human Error,No,Grievous Injury,Vehicle to Vehicle,Not at  Junction,Others,Others,Bitumen(Tar),Dry,Not Applicable,Fine,Uttarahalli Main Road,Ram Mandir Temple,4km,0.0,0.0
Bengaluru City,Kengeri Traffic PS,1.04432e+16,2021,1,2,Road Accidents,Not Applicable,City/Town,Residential area,Human Error,Not Applicable,Damage Only,Vehicle to Vehicle,Not at  Junction,Others,Others,Not Applicable,Others,Not Applicable,Others,RR Nagara Main Road,Near Aishwarya Bar,6.5 km,0.0,0.0
Bengaluru City,Kengeri Traffic PS,1.04432e+16,2021,1,2,Road Accidents,Not Applicable,City/Town,Open area,Human Error,No,Damage Only,Vehicle to Vehicle,Not at  Junction,Sharp Curve,Others,Bitumen(Tar),Dry,Pot holed,Fine,Lakshmi Temple Road,Komaghatta Lake,3km,0.0,0.0
Bengaluru City,Kengeri Traffic PS,1.04432e+16,2021,1,2,Road Accidents,Not Applicable,City/Town,Near School or College,Human Error,Not Applicable,Grievous Injury,Vehicle to Vehicle,Not at  Junction,Not Applicable,Others,Bitumen(Tar),Dry,Not Applicable,Fine,Swarga Rani School Gate,Swarga Rani School,6km,0.0,0.0
Bengaluru City,Kengeri Traffic PS,1.04432e+16,2021,1,1,Road Accidents,Not Applicable,City/Town,Open area,Human Error,Not Applicable,Grievous Injury,Hit pedestrian,Not at  Junction,Steep Incline or Climb,Others,Bitumen(Tar),Dry,Not Applicable,Fine,Komaghatta Main Road,Near Smruddi Hotel,2Km,0.0,0.0
Bengaluru City,Kengeri Traffic PS,1.04432e+16,2021,1,1,Road Accidents,Cross roads,City/Town,Open area,Human Error,Not Applicable,Grievous Injury,Not Applicable,Not Applicable,Not Applicable,Expressway,Not Applicable,Others,Not Applicable,Clear,Towards Kengeri upanagara,Near Railwy Bridge,0.5km,0.0,0.0
Bengaluru City,Kengeri Traffic PS,1.04432e+16,2021,1,1,Road Accidents,Offset,City/Town,Residential area,Human Error,No,Damage Only,Not Applicable,Not at  Junction,Others,NH,Bitumen(Tar),Dry,Not Applicable,Fine,Mylasandra Main Road,White palace,2 km,0.0,0.0
Bengaluru City,Kengeri Traffic PS,1.04432e+16,2021,1,2,Road Accidents,Not Applicable,City/Town,Open area,Human Error,No,Grievous Injury,Vehicle to Vehicle,Not Applicable,Others,Others,Concrete,Dry,Not Applicable,Fine,Nice Road,RNSIT Bridge,6 KM,0.0,0.0
Bengaluru City,Kengeri Traffic PS,1.04432e+16,2021,1,1,Road Accidents,Not Applicable,City/Town,Open area,Human Error,No,Grievous Injury,Hit pedestrian,Not at  Junction,Not Applicable,Others,Bitumen(Tar),Dry,Not Applicable,Fine,Idieal Home Main Road,namadhari Fresh,5.5Km,0.0,0.0
Bengaluru City,Kengeri Traffic PS,1.04432e+16,2021,1,2,Road Accidents,Not Applicable,City/Town,Open area,Human Error,Yes,Fatal,Vehicle to Vehicle,Not at  Junction,Not Applicable,Others,Bitumen(Tar),Dry,Not Applicable,Fine,Nice Road,Komaghatta Bridge,3 Km,0.0,0.0
Bengaluru City,Kengeri Traffic PS,1.04432e+16,2021,1,2,Road Accidents,Curves,City/Town,Open area,Human Error,Yes,Simple Injury,Vehicle to Vehicle,Not Applicable,Others,One way,Bitumen(Tar),Flooded,Not Applicable,Fine,Dubasipalya Main Road,Railwy gate,2 km,0.0,0.0
Bengaluru City,Kengeri Traffic PS,1.04432e+16,2021,1,2,Road Accidents,Not Applicable,City/Town,Open area,Human Error,No,Grievous Injury,Vehicle to Vehicle,Not Applicable,Others,Others,Concrete,Dry,Not Applicable,Fine,Nice Road,Nice Junction,2.5KM,0.0,0.0
Bengaluru City,Kengeri Traffic PS,1.04432e+16,2021,1,2,Road Accidents,Not Applicable,City/Town,Open area,Human Error,No,Fatal,Vehicle to Vehicle,Not at  Junction,Others,Others,Bitumen(Tar),Dry,Not Applicable,Fine,Kengeri Upangara Main Road,Suzuki Moters,1 km,0.0,0.0
Bengaluru City,Kengeri Traffic PS,1.04432e+16,2021,1,2,Road Accidents,Not Applicable,City/Town,Open area,Human Error,Yes,Fatal,Vehicle to Vehicle,Not at  Junction,Others,Others,Bitumen(Tar),Dry,Not Applicable,Fine,Nice Road,Komaghatta Lake,4km,0.0,0.0
Bengaluru City,Kengeri Traffic PS,1.04432e+16,2021,1,2,Road Accidents,Not Applicable,City/Town,Open area,Human Error,Not Applicable,Grievous Injury,Vehicle to Vehicle,Not Applicable,Others,Others,Bitumen(Tar),Dry,Not Applicable,Others,Forest Layout,ISI Compound,4km,0.0,0.0
Bengaluru City,Kengeri Traffic PS,1.04432e+16,2021,1,2,Road Accidents,Junction,City/Town,Open area,Human Error,No,Grievous Injury,Vehicle to Vehicle,Police / Manual,Hump,NH,Bitumen(Tar),Dry,Not Applicable,Fine,Mylasandra Main Road,Arvinda Garments,4 KM,0.0,0.0
Bengaluru City,Kengeri Traffic PS,1.04432e+16,2021,1,1,Road Accidents,Not Applicable,City/Town,Open area,Human Error,No,Grievous Injury,Hit pedestrian,Police / Manual,Not Applicable,Others,Bitumen(Tar),Dry,Not Applicable,Fine,ganakal main road,Sankranti Daba,5 KM,0.0,0.0
Bengaluru City,Kengeri Traffic PS,1.04432e+16,2021,1,2,Road Accidents,Narrow road,City/Town,Residential area,Human Error,Not Applicable,Grievous Injury,Vehicle to Vehicle,Not Applicable,Not Applicable,Not Applicable,Not Applicable,Not Applicable,Not Applicable,Not Applicable,Shivashakti ply centar,Shivashakthi fly center,03 km,0.0,0.0
Bengaluru City,Kengeri Traffic PS,1.04432e+16,2021,1,3,Road Accidents,Not Applicable,City/Town,Open area,Human Error,No,Damage Only,Vehicle to Vehicle,Not at  Junction,Others,NH,Bitumen(Tar),Dry,Not Applicable,Fine,Mysore Road,Sattalite Bus Stop,1 km,0.0,0.0
Bengaluru City,Kengeri Traffic PS,1.04432e+16,2021,1,2,Road Accidents,Not Applicable,City/Town,Open area,Human Error,No,Grievous Injury,Vehicle to Vehicle,No signal lights,Not Applicable,NH,Bitumen(Tar),Dry,Not Applicable,Fine,mysore road,Iravata Hotal,2 km,0.0,0.0
Bengaluru City,Kengeri Traffic PS,1.04432e+16,2021,1,1,Road Accidents,Offset,City/Town,Open area,Human Error,No,Grievous Injury,Not Applicable,Not Applicable,Others,Others,Concrete,Dry,Not Applicable,Fine,Nice Road,Railwy Bridge,4km,0.0,0.0
Bengaluru City,Kengeri Traffic PS,1.04432e+16,2021,1,1,Road Accidents,Offset,City/Town,Residential area,Human Error,No,Fatal,Not Applicable,Not at  Junction,Incline,Others,Bitumen(Tar),Dry,Not Applicable,Fine,80Feet Road,Prabha Beurt Parlour,2KM,0.0,0.0
Bengaluru City,Kengeri Traffic PS,1.04432e+16,2021,1,1,Road Accidents,Not Applicable,Rural Areas,Residential area,Human Error,No,Grievous Injury,Hit pedestrian,Not at  Junction,Others,Others,Bitumen(Tar),Dry,Not Applicable,Fine,University Lay Out,2nd Cross Road,6.5Km,0.0,0.0
Bengaluru City,Kengeri Traffic PS,1.04432e+16,2021,1,3,Road Accidents,Not Applicable,City/Town,Narrow bridge or culverts,Human Error,No,Grievous Injury,Vehicle to Vehicle,Not Applicable,Not Applicable,Others,Bitumen(Tar),Dry,Not Applicable,Fine,UIttharahalli Road,Uttarahalli Nice Road Bridge,5 KM,0.0,0.0
Bengaluru City,Kengeri Traffic PS,1.04432e+16,2021,1,2,Road Accidents,Not Applicable,City/Town,Open area,Human Error,No,Grievous Injury,Vehicle to Vehicle,Not at  Junction,Others,NH,Bitumen(Tar),Dry,Not Applicable,Fine,Mysore Main Road,Renukla Bar,300,0.0,0.0
Bengaluru City,Kengeri Traffic PS,1.04432e+16,2021,1,2,Road Accidents,Not Applicable,City/Town,Near School or College,Not Applicable,No,Grievous Injury,Not Applicable,Not Applicable,Others,NH,Bitumen(Tar),Dry,Not Applicable,Others,Mysore Road,HP Petrol Bunk,3Km,0.0,0.0
Bengaluru City,Kengeri Traffic PS,1.04432e+16,2021,1,2,Not Applicable,Not Applicable,City/Town,Near Petrol Pump,Human Error,Not Applicable,Simple Injury,Vehicle to Vehicle,Not Applicable,Not Applicable,Not Applicable,Not Applicable,Not Applicable,Not Applicable,Not Applicable,Near Shell Petrol Bunk,Near Shell Petrol Bunk,3km,0.0,0.0
Bengaluru City,Kengeri Traffic PS,1.04432e+16,2021,1,2,Road Accidents,Junction,City/Town,Near Bus stop,Human Error,No,Damage Only,Vehicle to Vehicle,Uncontrolled,Others,Others,Bitumen(Tar),Others,Not Applicable,Others,Kengeri Upangara Main Road,Near Hoysala Circle,2 km,0.0,0.0
Bengaluru City,Kengeri Traffic PS,1.04432e+16,2021,1,2,Road Accidents,Not Applicable,City/Town,Open area,Human Error,No,Grievous Injury,Vehicle to Vehicle,Not at  Junction,Not Applicable,Others,Bitumen(Tar),Dry,Not Applicable,Fine,Doddabasti Main Road,Sattalite Club,2.5KM,0.0,0.0
Bengaluru City,Kengeri Traffic PS,1.04432e+16,2021,1,2,Road Accidents,Not Applicable,Rural Areas,Residential area,Human Error,No,Grievous Injury,Vehicle to Vehicle,Not Applicable,Not Applicable,Others,Bitumen(Tar),Dry,Not Applicable,Fine,Kengeri Upangara Main Road,Krisna Grand Hotel,2 km,0.0,0.0
Bengaluru City,Kengeri Traffic PS,1.04432e+16,2021,1,2,Road Accidents,Not Applicable,City/Town,Open area,Human Error,No,Fatal,Vehicle to Vehicle,Not Applicable,Others,Others,Bitumen(Tar),Dry,Not Applicable,Fine,Byrohalli Road,Club,3Km,0.0,0.0
Bengaluru City,Kengeri Traffic PS,1.04432e+16,2021,1,2,Road Accidents,Not Applicable,City/Town,Residential area,Human Error,No,Damage Only,Vehicle to Vehicle,Not Applicable,Not Applicable,NH,Concrete,Dry,Pot holed,Fine,Mylasandra Main Road,Shukkuru Juntion,500mtr,0.0,0.0
Bengaluru City,Kengeri Traffic PS,1.04432e+16,2021,1,2,Road Accidents,Not Applicable,City/Town,Open area,Human Error,Yes,Fatal,Vehicle to Vehicle,Not Applicable,Not Applicable,Others,Concrete,Dry,Not Applicable,Fine,Nice Road,Gayatri Bridge,3 km,0.0,0.0
Bengaluru City,Kengeri Traffic PS,1.04432e+16,2021,1,1,Road Accidents,Curves,City/Town,Near Bus stop,Human Error,No,Simple Injury,Hit pedestrian,Not at  Junction,Sharp Curve,NH,Bitumen(Tar),Dry,Pot holed,Fine,Mysore Road,Sattalite Bus Stop,1 km,0.0,0.0
Bengaluru City,Kengeri Traffic PS,1.04432e+16,2022,1,1,Road Accidents,Not Applicable,City/Town,Residential area,Human Error,Yes,Grievous Injury,Hit pedestrian,Not at  Junction,Not Applicable,Others,Bitumen(Tar),Dry,Not Applicable,Fine,BHEL Layout Road,Annapurneswari Appartment,5KM,12.916121,77.509067
Bengaluru City,Kengeri Traffic PS,1.04432e+16,2022,1,2,Road Accidents,Not Applicable,City/Town,Open area,Human Error,No,Grievous Injury,Vehicle to Vehicle,Not at  Junction,Others,Others,Concrete,Dry,Not Applicable,Fine,R R Nagara Main Road,Full Cercle Restorent,5km,12.934235,77.531424
Bengaluru City,Kengeri Traffic PS,1.04432e+16,2022,1,1,Road Accidents,Offset,City/Town,Open area,Human Error,No,Damage Only,Not Applicable,Not at  Junction,Others,Others,Bitumen(Tar),Dry,Not Applicable,Others,R R Nagar Main Road,Top In Town,4km,12.555485,77.468863
Bengaluru City,Kengeri Traffic PS,1.04432e+16,2022,1,4,Road Accidents,Not Applicable,City/Town,Open area,Human Error,No,Fatal,Vehicle to Vehicle,Police / Manual,Incline,NH,Bitumen(Tar),Dry,Not Applicable,Fine,Mysore Main Road,Dubaspaply Junction,2Km,12.922905,77.495975
Bengaluru City,Kengeri Traffic PS,1.04432e+16,2022,1,1,Road Accidents,Offset,City/Town,Open area,Human Error,No,Grievous Injury,Not Applicable,Not at  Junction,Others,Others,Concrete,Dry,Not Applicable,Fine,Nice Road,Dsoza Bridge,6km,12.55548,77.525357
Bengaluru City,Kengeri Traffic PS,1.04432e+16,2022,1,2,Road Accidents,Narrow road,City/Town,Open area,Human Error,No,Damage Only,Vehicle to Vehicle,Not at  Junction,Hump,NH,Bitumen(Tar),Dry,Not Applicable,Fine,Mysore Main Road,H K Hospital,500mtr,12.555485,77.525357
Bengaluru City,Kengeri Traffic PS,1.04432e+16,2022,1,2,Road Accidents,Junction,City/Town,Near Bus stop,Human Error,No,Grievous Injury,Vehicle to Vehicle,Not at  Junction,Others,NH,Bitumen(Tar),Dry,Not Applicable,Fine,Mysore Main Road,Jairamdas Raily Junction,2.5KM,12.931277,77.506449
Bengaluru City,Kengeri Traffic PS,1.04432e+16,2022,1,2,Road Accidents,Not Applicable,City/Town,Open area,Human Error,Not Applicable,Grievous Injury,Vehicle to Vehicle,Not at  Junction,Others,Others,Bitumen(Tar),Dry,Not Applicable,Not Applicable,Railwy Paralol road,Apple Hair Cutting,1.5 KM,12.555488,77.525929
Bengaluru City,Kengeri Traffic PS,1.04432e+16,2022,1,2,Not Applicable,Junction,City/Town,Near Petrol Pump,Human Error,No,Simple Injury,Vehicle to Vehicle,Uncontrolled,Others,Residential Street,Surfaced,Not Applicable,Not Applicable,Clear,Kengeri Upangara Main Road,Post office,1km,12.555485,17.482567
Bengaluru City,Kengeri Traffic PS,1.04432e+16,2022,1,2,Road Accidents,Not Applicable,City/Town,Open area,Human Error,No,Grievous Injury,Vehicle to Vehicle,Not at  Junction,Others,NH,Bitumen(Tar),Dry,Pot holed,Fine,Mysore Main Road,Shell Petrol Bunk,0.5Km,12.906666,77.473155
Bengaluru City,Kengeri Traffic PS,1.04432e+16,2022,1,3,Road Accidents,Not Applicable,City/Town,Near School or College,Human Error,No,Fatal,Vehicle to Vehicle,Not Applicable,Others,Others,Concrete,Dry,Pot holed,Fine,Nice Road,BDA Toll,4km,12.883628,77.500799
Bengaluru City,Kengeri Traffic PS,1.04432e+16,2022,1,1,Road Accidents,Not Applicable,City/Town,Near Bus stop,Human Error,Not Applicable,Grievous Injury,Vehicle to Vehicle,Not at  Junction,Others,NH,Bitumen(Tar),Dry,Not Applicable,Fine,Mysore Main Road,Kengeri Bus Stop,1km,12.897301,77.531732
Bengaluru City,Kengeri Traffic PS,1.04432e+16,2022,1,1,Road Accidents,Not Applicable,City/Town,Open area,Human Error,Not Applicable,Grievous Injury,Hit pedestrian,Not at  Junction,Not Applicable,NH,Bitumen(Tar),Dry,Not Applicable,Fine,Mysore Main Road,Kengeri Bus Stop,0.5Km,12.913949,77.486228
Bengaluru City,Kengeri Traffic PS,1.04432e+16,2022,1,1,Road Accidents,Not Applicable,City/Town,Open area,Human Error,No,Grievous Injury,Hit bicyclist,Signals (Not working),Others,Others,Bitumen(Tar),Dry,Not Applicable,Snow,R R Bagar Main Road,TAX Office,3.5 KM,12.888366,77.525357
Bengaluru City,Kengeri Traffic PS,1.04432e+16,2022,1,1,Not Applicable,Cross roads,City/Town,Near Bus stop,Not Applicable,No,Simple Injury,Not Applicable,Not Applicable,Others,Two way,Not Applicable,Not Applicable,Not Applicable,Not Applicable,1,uttarahalli,2 KM,0.0,0.0
Bengaluru City,Kengeri Traffic PS,1.04432e+16,2022,1,2,Road Accidents,Not Applicable,City/Town,Open area,Human Error,No,Fatal,Vehicle to Vehicle,Not Applicable,Not Applicable,NH,Bitumen(Tar),Dry,Not Applicable,Fine,Mysore Road,Under Rainbow Bridge,200 mt,12.909849,77.480361
Bengaluru City,Kengeri Traffic PS,1.04432e+16,2022,1,2,Road Accidents,Not Applicable,City/Town,Near Hospital,Human Error,Not Applicable,Grievous Injury,Vehicle to Vehicle,Not at  Junction,Others,Others,Concrete,Dry,Not Applicable,Fine,R R Nagar Main Road,OLD MANIPAL HOSPITAL,5km,12.909142,77.513162
Bengaluru City,Kengeri Traffic PS,1.04432e+16,2022,1,1,Road Accidents,Not Applicable,City/Town,Near a factory industrial area,Human Error,No,Grievous Injury,Hit pedestrian,Not at  Junction,Not Applicable,Others,Surfaced,Dry,Not Applicable,Fine,Global teck Park,Coffe Day,2Km,12.555485,77.525357
Bengaluru City,Kengeri Traffic PS,1.04432e+16,2022,1,2,Road Accidents,Cross roads,City/Town,Near School or College,Not Applicable,Not Applicable,Simple Injury,Not Applicable,Not Applicable,Not Applicable,Not Applicable,Not Applicable,Not Applicable,Not Applicable,Others,Near Global Boys Hostial,Kerekodi,5 KM,0.0,0.0
Bengaluru City,Kengeri Traffic PS,1.04432e+16,2022,1,2,Road Accidents,Not Applicable,City/Town,Open area,Human Error,No,Fatal,Vehicle to Vehicle,Not at  Junction,Not Applicable,NH,Bitumen(Tar),Dry,Pot holed,Fine,Mysore Main Road,Infrant Decotlan,1km,0.0,0.0
Bengaluru City,Kengeri Traffic PS,1.04432e+16,2022,1,1,Road Accidents,Offset,City/Town,Open area,Human Error,No,Not Applicable,Not Applicable,Police / Manual,Others,NH,Bitumen(Tar),Dry,Not Applicable,Fine,Mysore Main Road,Mylasandra Junction,1.5,0.0,0.0