DISTRICTNAME,UNITNAME,Crime_No,Year,RI,Noofvehicle_involved,Accident_Classification,Accident_Spot,Accident_Location,Accident_SubLocation,Main_Cause,Hit_Run,Severity,Collision_Type,Junction_Control,Road_Character,Road_Type,Surface_Type,Surface_Condition,Road_Condition,Weather,Accident_Road,Landmark_first,Distance_LandMark_First,Latitude,Longitude
Bengaluru City,Kengeri Traffic PS,1.04432e+16,2022,1,1,Road Accidents,Narrow road,City/Town,Open area,Human Error,No,Fatal,Not Applicable,Not Applicable,Others,Expressway,Concrete,Dry,Not Applicable,Clear,Nice Road,Near Dhanayakanahalli Bridge,5km,12.937459,77.469325
Bengaluru City,Kengeri Traffic PS,1.04432e+16,2022,1,1,Road Accidents,Not Applicable,City/Town,Open area,Human Error,No,Fatal,Not Applicable,Not at  Junction,Others,Others,Concrete,Dry,Not Applicable,Fine,Nice Road,Channasandra Bridge,4km,12.903872,77.525357
Bengaluru City,Kengeri Traffic PS,1.04432e+16,2022,1,2,Road Accidents,Not Applicable,City/Town,Open area,Human Error,No,Fatal,Vehicle to Vehicle,Not Applicable,Others,Mixed,Bitumen(Tar),Dry,Not Applicable,Fine,Uttarahalli Main Road,Indraprasta Hotel,4km,12.904023,77.511723
Bengaluru City,Kengeri Traffic PS,1.04432e+16,2022,1,2,Road Accidents,Not Applicable,City/Town,Open area,Human Error,No,Grievous Injury,Vehicle to Vehicle,Not Applicable,Not Applicable,Others,Concrete,Dry,Not Applicable,Fine,Nice Road,Vrushbhavti Bridge,4km,0.0,0.0
Bengaluru City,Kengeri Traffic PS,1.04432e+16,2022,1,1,Road Accidents,Narrow road,City/Town,Open area,Human Error,Yes,Fatal,Hit pedestrian,Not Applicable,Others,Expressway,Kutcha,Others,Not Applicable,Others,Nice Road towards tumkur  Road,Near Dhanayakanahalli Bridge,3km,12.921408,77.469146
Bengaluru City,Kengeri Traffic PS,1.04432e+16,2022,1,1,Road Accidents,Not Applicable,City/Town,Open area,Human Error,No,Fatal,Hit pedestrian,Not Applicable,Others,Others,Bitumen(Tar),Dry,Not Applicable,Fine,Uttarahalli Road,Beereswara Candiments,1km,12.91063,77.486607
Bengaluru City,Kengeri Traffic PS,1.04432e+16,2022,1,2,Road Accidents,Not Applicable,Rural Areas,Open area,Human Error,Not Applicable,Simple Injury,Vehicle to Vehicle,Not Applicable,Not Applicable,Others,Concrete,Others,Not Applicable,Fine,Nice Road,Konasandr Darga,3km,12.555484,77.525511
Bengaluru City,Kengeri Traffic PS,1.04432e+16,2022,1,2,Road Accidents,Not Applicable,City/Town,Open area,Human Error,No,Fatal,Vehicle to Vehicle,Not Applicable,Others,Others,Concrete,Dry,Not Applicable,Fine,Nice Road,Kerekodi,7km,12.928142,77.531732
Bengaluru City,Kengeri Traffic PS,1.04432e+16,2022,1,1,Road Accidents,Not Applicable,City/Town,Open area,Human Error,No,Grievous Injury,Hit pedestrian,Not at  Junction,Others,Others,Bitumen(Tar),Dry,Not Applicable,Others,Kengeri Upanagar,Bethesda Church,2Km,12.92906,77.486756
Bengaluru City,Kengeri Traffic PS,1.04432e+16,2022,1,1,Road Accidents,Not Applicable,City/Town,Open area,Human Error,No,Grievous Injury,Hit pedestrian,Police / Manual,Incline,Others,Concrete,Dry,Pot holed,Others,Uttarahalli Main Road,Ambrosia Hotal,2Km,12.555485,77.468863
Bengaluru City,Kengeri Traffic PS,1.04432e+16,2022,1,3,Road Accidents,Narrow road,City/Town,Open area,Human Error,No,Fatal,Hit pedestrian,Not Applicable,Others,Others,Surfaced,Not Applicable,Not Applicable,Not Applicable,Nice Road towards Hosur Road,Near Konsandra under pass,3km,12.887039,77.485939
Bengaluru City,Kengeri Traffic PS,1.04432e+16,2022,1,2,Road Accidents,Not Applicable,City/Town,Near Hospital,Human Error,Yes,Fatal,Vehicle to Vehicle,Not at  Junction,Curve,NH,Bitumen(Tar),Dry,Not Applicable,Others,Mysore Main Road,Life Care Medical,500mtr,12.910465,77.484077
Bengaluru City,Kengeri Traffic PS,1.04432e+16,2022,1,2,Road Accidents,Not Applicable,City/Town,Near Hospital,Human Error,No,Grievous Injury,Vehicle to Vehicle,Uncontrolled,Others,Mixed,Bitumen(Tar),Dry,Not Applicable,Fine,Kempegouda Double Road,Olampas Artyem Hospital,4km,12.555472,77.525929
Bengaluru City,Kengeri Traffic PS,1.04432e+16,2022,1,2,Road Accidents,Junction,City/Town,Near Petrol Pump,Human Error,No,Damage Only,Vehicle to Vehicle,Police / Manual,Others,NH,Bitumen(Tar),Dry,Not Applicable,Fine,Mysore Main Road,Madhu Junction,500mtr,12.555484,77.525929
Bengaluru City,Kengeri Traffic PS,1.04432e+16,2022,1,4,Road Accidents,Not Applicable,City/Town,Open area,Human Error,No,Simple Injury,Vehicle to Vehicle,Not Applicable,Others,Others,Bitumen(Tar),Others,Not Applicable,Others,Nice Road,Near vrushabhavathi Bridge,2km,12.895767,77.47628
Bengaluru City,Kengeri Traffic PS,1.04432e+16,2022,1,2,Road Accidents,Not Applicable,City/Town,Residential area,Human Error,Not Applicable,Grievous Injury,Vehicle to Vehicle,Not at  Junction,Curve,Others,Bitumen(Tar),Not Applicable,Pot holed,Fine,Jawaregowdana Doddi Main Road,Pari Shudd Jala,6km,12.90839,77.512302
Bengaluru City,Kengeri Traffic PS,1.04432e+16,2022,1,2,Road Accidents,Not Applicable,City/Town,Near Bus stop,Human Error,Not Applicable,Grievous Injury,Vehicle to Vehicle,Police / Manual,Others,NH,Bitumen(Tar),Dry,Not Applicable,Fine,Mysore Main Road,Dubasipaly Junction,2km,12.922759,77.496062
Bengaluru City,Kengeri Traffic PS,1.04432e+16,2022,1,1,Road Accidents,Not Applicable,City/Town,Open area,Human Error,No,Grievous Injury,Hit pedestrian,Not Applicable,Others,Others,Bitumen(Tar),Dry,Not Applicable,Fine,Poonam Mall Road,PA Super Market,1.5Km,12.555485,77.525511
Bengaluru City,Kengeri Traffic PS,1.04432e+16,2022,1,2,Road Accidents,Junction,City/Town,Near office complex,Human Error,No,Grievous Injury,Vehicle to Vehicle,Not Applicable,Others,Others,Concrete,Dry,Not Applicable,Fine,Kengeri Upanagara Main Road,4th Cross Ayur Central,1km,12.887399,77.525929
Bengaluru City,Kengeri Traffic PS,1.04432e+16,2022,1,2,Road Accidents,Junction,City/Town,Open area,Human Error,Yes,Fatal,Vehicle to Vehicle,Not Applicable,Others,Others,Bitumen(Tar),Others,Not Applicable,Fine,Vrushabhavathi Bridge Nice Road,Near Vrushabhavathi Bridge,4km,12.895687,77.476268
Bengaluru City,Kengeri Traffic PS,1.04432e+16,2022,1,2,Road Accidents,Not Applicable,City/Town,Open area,Human Error,No,Grievous Injury,Vehicle to Vehicle,Not at  Junction,Others,Others,Bitumen(Tar),Dry,Drainage Ditch,Fine,Marutinagar Main Road,SLV Granite,2km,12.928357,77.474157
Bengaluru City,Kengeri Traffic PS,1.04432e+16,2022,1,2,Road Accidents,Not Applicable,City/Town,Open area,Human Error,No,Damage Only,Vehicle to Vehicle,Not at  Junction,Others,NH,Bitumen(Tar),Dry,Not Applicable,Fine,Mysore Main Road,Mylasandra Junction,2km,12.55548,77.468863
Bengaluru City,Kengeri Traffic PS,1.04432e+16,2022,1,2,Road Accidents,Not Applicable,City/Town,Open area,Human Error,No,Fatal,Vehicle to Vehicle,Not Applicable,Others,Others,Surfaced,Not Applicable,Not Applicable,Clear,Nice Road towards tumkur  Road,Near Gayathri Crusher,5km,12.915387,77.46765
Bengaluru City,Kengeri Traffic PS,1.04432e+16,2022,1,2,Road Accidents,Junction,City/Town,Residential area,Human Error,No,Fatal,Vehicle to Vehicle,Not Applicable,Others,Residential Street,Not Applicable,Not Applicable,Not Applicable,Clear,BHEL MAIN ROAD 1ST MAIN ROAD,Neenada samskrutha Layout,5 km,12.91715979,77.50996989
Bengaluru City,Kengeri Traffic PS,1.04432e+16,2022,1,2,Road Accidents,Not Applicable,City/Town,Open area,Human Error,No,Grievous Injury,Vehicle to Vehicle,Not Applicable,Others,Others,Concrete,Dry,Not Applicable,Fine,Nice Road,Chikkanahalli,3km,12.555485,77.525929
Bengaluru City,Kengeri Traffic PS,1.04432e+16,2022,1,2,Road Accidents,Not Applicable,Rural Areas,Open area,Not Applicable,No,Grievous Injury,Vehicle to Vehicle,Not at  Junction,Others,Others,Concrete,Others,Not Applicable,Fine,Kengeri Upanagar,Post Office,1km,0.0,0.0
Bengaluru City,Kengeri Traffic PS,1.04432e+16,2022,1,2,Road Accidents,Not Applicable,City/Town,Open area,Human Error,No,Simple Injury,Vehicle to Vehicle,Not at  Junction,Others,Others,Concrete,Dry,Drainage Ditch,Fine,Laksmi Temple Road,Near BDA Toll Nice Road,5KM,12.850214,77.589437
Bengaluru City,Kengeri Traffic PS,1.04432e+16,2022,1,2,Road Accidents,Not Applicable,City/Town,Open area,Human Error,No,Grievous Injury,Vehicle to Vehicle,Stop sign,Others,Others,Concrete,Dry,Not Applicable,Fine,Railway Parallal Road,BSNL Junction,500mtr,12.911833,77.48513
Bengaluru City,Kengeri Traffic PS,1.04432e+16,2022,1,1,Road Accidents,Not Applicable,City/Town,Open area,Human Error,No,Fatal,Hit pedestrian,Not Applicable,Others,Others,Bitumen(Tar),Dry,Not Applicable,Fine,Gankal Main Road,Samkramti Daba,3.5km,12.897301,77.512424
Bengaluru City,Kengeri Traffic PS,1.04432e+16,2022,1,1,Road Accidents,Offset,City/Town,Open area,Human Error,No,Fatal,Not Applicable,Not at  Junction,Curve,Residential Street,Concrete,Dry,Not Applicable,Fine,BDA Layout,Nice Office Back Gate,2km,12.882088,77.497582
Bengaluru City,Kengeri Traffic PS,1.04432e+16,2022,1,1,Road Accidents,Not Applicable,City/Town,Open area,Human Error,No,Grievous Injury,Not Applicable,Not Applicable,Others,NH,Concrete,Dry,Not Applicable,Fine,Mysore Main Road,Tru Walue,2km,12.927895,77.502428
Bengaluru City,Kengeri Traffic PS,1.04432e+16,2022,1,2,Rail Road Accidents,Not Applicable,City/Town,Open area,Human Error,Not Applicable,Grievous Injury,Vehicle to Vehicle,Not at  Junction,Others,Others,Concrete,Dry,Not Applicable,Fine,Nice Road,Mysore Road Exit,2Km,12.555484,77.525929
Bengaluru City,Kengeri Traffic PS,1.04432e+16,2022,1,2,Road Accidents,Not Applicable,City/Town,Open area,Human Error,No,Damage Only,Vehicle to Vehicle,Stop sign,Others,NH,Concrete,Dry,Not Applicable,Fine,Nice Road,Nice Office,3km,12.555484,77.525929
Bengaluru City,Kengeri Traffic PS,1.04432e+16,2022,1,2,Road Accidents,Not Applicable,City/Town,Open area,Not Applicable,No,Grievous Injury,Vehicle to Vehicle,Police / Manual,Others,NH,Bitumen(Tar),Dry,Not Applicable,Fine,Mysore Main Road,Puma Showroom,3km,12.930563,77.506123
Bengaluru City,Kengeri Traffic PS,1.04432e+16,2022,1,3,Road Accidents,Not Applicable,City/Town,Open area,Human Error,No,Damage Only,Vehicle to Vehicle,Not Applicable,Others,NH,Bitumen(Tar),Dry,Pot holed,Fine,Mysore Road,BMTC Dipo Gate,1.5KM,12.895687,77.469313
Bengaluru City,Kengeri Traffic PS,1.04432e+16,2022,1,2,Road Accidents,Narrow road,City/Town,Open area,Human Error,No,Fatal,Vehicle to Vehicle,Not at  Junction,Curve,Others,Bitumen(Tar),Dry,Not Applicable,Fine,Nice Road,Komaghatta Bridge,3.6KM,12.913948,77.467469
Bengaluru City,Kengeri Traffic PS,1.04432e+16,2022,1,2,Road Accidents,Not Applicable,City/Town,Open area,Human Error,Not Applicable,Simple Injury,Vehicle to Vehicle,Police / Manual,Others,Others,Concrete,Dry,Not Applicable,Fine,Uttarahalli Main Road,Indraprasta,3km,12.904046,77.511839
Bengaluru City,Kengeri Traffic PS,1.04432e+16,2022,1,1,Road Accidents,Not Applicable,City/Town,Open area,Human Error,No,Fatal,Hit pedestrian,Not at  Junction,Others,Others,Bitumen(Tar),Dry,Not Applicable,Fine,Uttarahalli Main Road,Sri Ram temple,4.5km,12.903238,77.51659
Bengaluru City,Kengeri Traffic PS,1.04432e+16,2022,1,1,Road Accidents,Not Applicable,City/Town,Open area,Not Applicable,Yes,Damage Only,Not Applicable,Police / Manual,Others,NH,Bitumen(Tar),Dry,Not Applicable,Others,Mysore Main Road,Mylasandra Junction,1.5 KM,12.888366,77.525357
Bengaluru City,Kengeri Traffic PS,1.04432e+16,2022,1,2,Road Accidents,Not Applicable,City/Town,Residential area,Human Error,No,Grievous Injury,Vehicle to Vehicle,Not at  Junction,Incline,Others,Bitumen(Tar),Dry,Not Applicable,Fine,R R Nagar BEML 6th Cross,House No 956,4.5km,12.555488,77.525929
Bengaluru City,Kengeri Traffic PS,1.04432e+16,2022,1,2,Road Accidents,Not Applicable,City/Town,Open area,Human Error,Not Applicable,Grievous Injury,Vehicle to Vehicle,Police / Manual,Not Applicable,Mixed,Bitumen(Tar),Dry,Pot holed,Fine,Sridhar Gudda Main Road,Vanya SG Appartment,2Km,12.555488,77.525929
Bengaluru City,Kengeri Traffic PS,1.04432e+16,2022,1,2,Road Accidents,Not Applicable,City/Town,Open area,Human Error,No,Grievous Injury,Vehicle to Vehicle,Not at  Junction,Others,Others,Concrete,Dry,Not Applicable,Fine,R R Nagara Main Road,Lakshmi Clinic,6km,12.912136,77.513619
Bengaluru City,Kengeri Traffic PS,1.04432e+16,2022,1,1,Road Accidents,Not Applicable,City/Town,Residential area,Human Error,No,Simple Injury,Not Applicable,Not Applicable,Not Applicable,Residential Street,Bitumen(Tar),Dry,Not Applicable,Fine,Doddabasti Main Road,Etto Basavanna Cercle Club,4km,0.0,0.0
Bengaluru City,Kengeri Traffic PS,1.04432e+16,2022,1,1,Road Accidents,Offset,City/Town,Near Bus stop,Human Error,No,Fatal,Not Applicable,Stop sign,Others,NH,Bitumen(Tar),Dry,Not Applicable,Fine,Mylasandra Main Road,Kengeri Bus Stop,0.5km,12.914324,77.486904
Bengaluru City,Kengeri Traffic PS,1.04432e+16,2022,1,2,Road Accidents,Not Applicable,City/Town,Residential area,Human Error,No,Fatal,Vehicle to Vehicle,Not Applicable,Hump,NH,Bitumen(Tar),Dry,Not Applicable,Fine,Mysore Main Road,BDA Appartment,1 Km,12.921789,77.493914
Bengaluru City,Kengeri Traffic PS,1.04432e+16,2022,1,1,Road Accidents,Offset,City/Town,Open area,Human Error,No,Damage Only,Not Applicable,Not at  Junction,Others,Others,Bitumen(Tar),Dry,Not Applicable,Fine,Nice Road,Gayatri Bridge,2km,12.919398,77.468863
Bengaluru City,Kengeri Traffic PS,1.04432e+16,2022,1,1,Road Accidents,Offset,City/Town,Open area,Human Error,No,Damage Only,Vehicle to Vehicle,Not Applicable,Others,Others,Bitumen(Tar),Dry,Pot holed,Fine,Uttarahalli Road,Muniraju Home,3km,12.926249,77.488192
Bengaluru City,Kengeri Traffic PS,1.04432e+16,2022,1,2,Road Accidents,Not Applicable,City/Town,Open area,Not Applicable,No,Simple Injury,Vehicle to Vehicle,Police / Manual,Others,Others,Bitumen(Tar),Dry,Not Applicable,Fine,80Feet Road,NPS School,2km,0.0,0.0
Bengaluru City,Kengeri Traffic PS,1.04432e+16,2022,1,1,Road Accidents,Offset,City/Town,Open area,Human Error,No,Grievous Injury,Not Applicable,Police / Manual,Incline,Others,Concrete,Dry,Not Applicable,Fine,Nice Road,Gaytri Crusher,2km,0.0,0.0
Bengaluru City,Kengeri Traffic PS,1.04432e+16,2022,1,1,Road Accidents,Junction,City/Town,Near Bus stop,Human Error,No,Grievous Injury,Not Applicable,Police / Manual,Others,Others,Concrete,Dry,No influence on accident,Fine,Kengeri Upanagara Main Road,Shankarnag Cercle,2Km,12.883628,77.531732
Bengaluru City,Kengeri Traffic PS,1.04432e+16,2022,1,2,Rail Road Accidents,Junction,City/Town,Near Bus stop,Human Error,No,Damage Only,Vehicle to Vehicle,Police / Manual,Curve,NH,Bitumen(Tar),Dry,Not Applicable,Fine,Mysore Main Road,MBR Appartment,1.5 KM,12.555488,77.525929
Bengaluru City,Kengeri Traffic PS,1.04432e+16,2022,1,2,Road Accidents,Not Applicable,City/Town,Open area,Human Error,Yes,Grievous Injury,Vehicle to Vehicle,Not at  Junction,Others,Others,Concrete,Dry,Not Applicable,Fine,Kengeri Upanagara Main Road,Shirke Arch,3km,0.0,0.0
Bengaluru City,Kengeri Traffic PS,1.04432e+16,2022,1,1,Road Accidents,Not Applicable,City/Town,Residential area,Human Error,No,Fatal,Hit pedestrian,Not at  Junction,Others,Residential Street,Kutcha,Muddy,Pot holed,Fine,Sabhavana Church Road,House No 65,2.5KM,12.910268,77.490226
Bengaluru City,Kengeri Traffic PS,1.04432e+16,2022,1,2,Road Accidents,Not Applicable,City/Town,Open area,Human Error,No,Grievous Injury,Vehicle to Vehicle,Not at  Junction,Not Applicable,Others,Bitumen(Tar),Dry,Pot holed,Fine,Lakshmi Temple road,Rashtrothan School Road,2Km,12.555485,77.525929
Bengaluru City,Kengeri Traffic PS,1.04432e+16,2022,1,1,Road Accidents,Not Applicable,City/Town,Open area,Not Applicable,Not Applicable,Grievous Injury,Hit pedestrian,Not at  Junction,Others,Others,Bitumen(Tar),Dry,Not Applicable,Others,Kodipalay Main Road,Balakrishna Cercle,1.5Km,12.555488,17.486317
Bengaluru City,Kengeri Traffic PS,1.04432e+16,2022,1,2,Road Accidents,Not Applicable,City/Town,Open area,Human Error,Not Applicable,Simple Injury,Vehicle to Vehicle,Police / Manual,Others,Others,Concrete,Dry,Not Applicable,Snow,Nice Road,Byrohalli Under Pass,2.5KM,12.555485,77.525511
Bengaluru City,Kengeri Traffic PS,1.04432e+16,2022,1,2,Road Accidents,Junction,City/Town,Residential area,Human Error,No,Simple Injury,Vehicle to Vehicle,Not Applicable,Incline,Others,Bitumen(Tar),Dry,Not Applicable,Fine,Kempegouda Double Road,Pannaga Arcade,6km,0.0,0.0
Bengaluru City,Kengeri Traffic PS,1.04432e+16,2022,1,2,Road Accidents,Not Applicable,City/Town,Open area,Human Error,No,Simple Injury,Vehicle to Vehicle,Not at  Junction,Others,One way,Concrete,Dry,Pot holed,Fine,Nice Road,Rudresh Home,4 KM,0.0,0.0
Bengaluru City,Kengeri Traffic PS,1.04432e+16,2022,1,2,Road Accidents,Not Applicable,City/Town,Open area,Human Error,Yes,Fatal,Vehicle to Vehicle,Not at  Junction,Others,Expressway,Bitumen(Tar),Dry,Not Applicable,Fine,Nice Road,Railway Bridge,2km,12.907015,77.468912
Bengaluru City,Kengeri Traffic PS,1.04432e+16,2022,1,1,Road Accidents,Offset,City/Town,Near Bus stop,Human Error,No,Damage Only,Not Applicable,Not at  Junction,Incline,Others,Bitumen(Tar),Dry,Not Applicable,Fine,RR Nagara Main Road,BMTC JUNCTIOn,6km,12.892488,77.469312
Bengaluru City,Kengeri Traffic PS,1.04432e+16,2022,1,2,Road Accidents,Not Applicable,City/Town,Open area,Human Error,No,Fatal,Vehicle to Vehicle,Not Applicable,Others,Others,Concrete,Dry,Pot holed,Fine,Nice Road,Vrushbhavti bridge,3 km,12.89535,77.476742
Bengaluru City,Kengeri Traffic PS,1.04432e+16,2022,1,1,Road Accidents,Not Applicable,City/Town,Open area,Human Error,Not Applicable,Fatal,Not Applicable,Signals (Not working),Not Applicable,Others,Concrete,Dry,Pot holed,Fine,Nice Road,Kempamma Temple Tolla,2km,12.901781,77.470602
Bengaluru City,Kengeri Traffic PS,1.04432e+16,2022,1,1,Road Accidents,Not Applicable,City/Town,Near School or College,Human Error,No,Grievous Injury,Hit pedestrian,Not at  Junction,Others,Others,Concrete,Dry,Not Applicable,Fine,Jnanakhsi School Road,Medplus,5km,12.897301,77.512424
Bengaluru City,Kengeri Traffic PS,1.04432e+16,2022,1,2,Road Accidents,Not Applicable,City/Town,Open area,Human Error,No,Grievous Injury,Vehicle to Vehicle,No signal lights,Others,Others,Bitumen(Tar),Dry,Not Applicable,Fine,Kommaghatta Main Road,Bande Matha Arch,1.5 KM,12.919029,77.477441
Bengaluru City,Kengeri Traffic PS,1.04432e+16,2022,1,2,Road Accidents,Not Applicable,City/Town,Open area,Human Error,Not Applicable,Damage Only,Vehicle to Vehicle,Not at  Junction,Not Applicable,Others,Concrete,Dry,Not Applicable,Flooding of Slipways/Rivulets,Nice Road,Mysore Road Exit Toll,2Km,12.897301,77.525357
Bengaluru City,Kengeri Traffic PS,1.04432e+16,2022,1,2,Road Accidents,Not Applicable,City/Town,Near Hospital,Human Error,No,Grievous Injury,Vehicle to Vehicle,Not at  Junction,Others,NH,Bitumen(Tar),Dry,Drainage Ditch,Others,Mysore Main Road,H K Hospital,500mtr,12.887399,77.525357
Bengaluru City,Kengeri Traffic PS,1.04432e+16,2022,1,2,Road Accidents,Junction,City/Town,Residential area,Human Error,No,Grievous Injury,Vehicle to Vehicle,Police / Manual,Others,Others,Bitumen(Tar),Dry,Not Applicable,Fine,Kempegowda Double Road,SLV Engniears Work,4.5 KM,12.555485,77.469359
Bengaluru City,Kengeri Traffic PS,1.04432e+16,2022,1,2,Road Accidents,Not Applicable,City/Town,Near School or College,Human Error,Not Applicable,Grievous Injury,Vehicle to Vehicle,Not Applicable,Others,Others,Bitumen(Tar),Dry,Not Applicable,Fine,Bharavanagara Road,Jnanabhodini School,2Km,12.927895,77.525511
Bengaluru City,Kengeri Traffic PS,1.04432e+16,2022,1,2,Not Applicable,Not Applicable,City/Town,Open area,Human Error,No,Damage Only,Vehicle to Vehicle,Not at  Junction,Dip or trough,Others,Bitumen(Tar),Dry,Pot holed,Fine,Uttarahalli Main Road,Shrinidhi Part Hall,2.5KM,12.928142,77.525929
Bengaluru City,Kengeri Traffic PS,1.04432e+16,2022,1,1,Road Accidents,Not Applicable,City/Town,Near Bus stop,Human Error,Not Applicable,Grievous Injury,Hit pedestrian,Not at  Junction,Others,NH,Bitumen(Tar),Dry,Not Applicable,Others,Mysure Main Road,White Palace,1.5Km,12.926457,77.500487
Bengaluru City,Kengeri Traffic PS,1.04432e+16,2022,1,1,Road Accidents,Cross roads,City/Town,Near School or College,Human Error,No,Fatal,Not Applicable,Not Applicable,Curve,Not Applicable,Not Applicable,Others,Not Applicable,Not Applicable,Railway Paralor Road,NPS School,1km,0.0,0.0
Bengaluru City,Kengeri Traffic PS,1.04432e+16,2022,1,1,Road Accidents,Not Applicable,City/Town,Open area,Human Error,No,Damage Only,Not Applicable,Police / Manual,Not Applicable,NH,Bitumen(Tar),Dry,Pot holed,Fine,Mysore Main Road,Near VRL Gate,2.5KM,12.924213,77.498295
Bengaluru City,Kengeri Traffic PS,1.04432e+16,2022,1,2,Road Accidents,Offset,City/Town,Near Hospital,Human Error,No,Grievous Injury,Vehicle to Vehicle,Not at  Junction,Others,Others,Bitumen(Tar),Dry,Not Applicable,Fine,Railwy Paralol road,Dr Suhasini Hospital,1.5Km,12.883628,77.512302
Bengaluru City,Kengeri Traffic PS,1.04432e+16,2022,1,2,Rail Road Accidents,Not Applicable,Rural Areas,Open area,Human Error,No,Fatal,Vehicle to Vehicle,Not at  Junction,Others,Others,Concrete,Dry,Not Applicable,Fine,Nice Road,Chikkanahalli,6km,12.933572,77.469359
Bengaluru City,Kengeri Traffic PS,1.04432e+16,2022,1,1,Road Accidents,Not Applicable,City/Town,Near Bus stop,Human Error,No,Simple Injury,Hit pedestrian,Not at  Junction,Others,NH,Bitumen(Tar),Dry,Not Applicable,Fine,Mysore Main Road,Dubasipaly Junction,2km,0.0,0.0
Bengaluru City,Kengeri Traffic PS,1.04432e+16,2022,1,3,Road Accidents,Not Applicable,City/Town,Open area,Human Error,Not Applicable,Damage Only,Vehicle to Vehicle,Stop sign,Others,Others,Concrete,Dry,Not Applicable,Fine,Nice Road,Infrant Nice Office,2.5KM,12.555488,77.525929
Bengaluru City,Kengeri Traffic PS,1.04432e+16,2022,1,2,Road Accidents,Not Applicable,City/Town,Near Bus stop,Not Applicable,No,Fatal,Not Applicable,Not Applicable,Others,NH,Not Applicable,Dry,No influence on accident,Others,Bengalore Mysore Road,in frent of Kenegri PS,1,12.91026,77.481538
Bengaluru City,Kengeri Traffic PS,1.04432e+16,2022,1,1,Road Accidents,Offset,City/Town,Open area,Human Error,No,Fatal,Not Applicable,Not at  Junction,Others,Others,Bitumen(Tar),Dry,Not Applicable,Fine,Maruti Nagara Main Road,SLV Water Service Office,2km,12.929884,77.474738
Bengaluru City,Kengeri Traffic PS,1.04432e+16,2022,1,1,Road Accidents,Offset,Rural Areas,Open area,Human Error,Not Applicable,Fatal,Not Applicable,Not at  Junction,Incline,NH,Bitumen(Tar),Dry,No influence on accident,Fine,Mysore Road,Near Metro Piller No 711,2 km,12.905236,77.471556
Bengaluru City,Kengeri Traffic PS,1.04432e+16,2022,1,2,Road Accidents,Not Applicable,City/Town,Open area,Human Error,No,Grievous Injury,Vehicle to Vehicle,Not at  Junction,Others,Others,Concrete,Dry,Not Applicable,Others,Nice Road,Komaghatta Bridge,6km,12.919288,77.468773
Bengaluru City,Kengeri Traffic PS,1.04432e+16,2022,1,1,Road Accidents,Not Applicable,City/Town,Open area,Human Error,No,Grievous Injury,Not Applicable,Not at  Junction,Others,Others,Concrete,Dry,Not Applicable,Fine,Nice Road,Konasandr Darga,3.5 KM,12.882088,77.531732
Bengaluru City,Kengeri Traffic PS,1.04432e+16,2022,1,1,Road Accidents,Not Applicable,City/Town,Residential area,Human Error,No,Grievous Injury,Hit bicyclist,Police / Manual,Not Applicable,Others,Bitumen(Tar),Dry,Not Applicable,Fine,Crazy Park,Creazy park,4km,12.933572,77.525929
Bengaluru City,Kengeri Traffic PS,1.04432e+16,2022,1,2,Road Accidents,Narrow road,City/Town,Open area,Not Applicable,No,Simple Injury,Vehicle to Vehicle,Not Applicable,Not Applicable,Expressway,Concrete,Dry,Not Applicable,Fine,Nice Road,Rushabhavathi Bridge,3km,12.555484,77.525929
Bengaluru City,Kengeri Traffic PS,1.04432e+16,2022,1,2,Road Accidents,Not Applicable,City/Town,Open area,Human Error,No,Damage Only,Vehicle to Vehicle,Not at  Junction,Curve,Others,Bitumen(Tar),Dry,Not Applicable,Fine,SSNMC Hospital Road,R R Vatika Hotel,6 KM,12.926064,77.517882
Bengaluru City,Kengeri Traffic PS,1.04432e+16,2022,1,2,Road Accidents,Not Applicable,City/Town,Open area,Human Error,Not Applicable,Grievous Injury,Vehicle to Vehicle,Police / Manual,Incline,Others,Concrete,Dry,Not Applicable,Fine,Nice Road,Hemmigepura Bridge,5km,12.880704,77.496959
Bengaluru City,Kengeri Traffic PS,1.04432e+16,2022,1,2,Road Accidents,Not Applicable,Rural Areas,Open area,Human Error,No,Damage Only,Vehicle to Vehicle,Not at  Junction,Not Applicable,Others,Bitumen(Tar),Dry,Not Applicable,Fine,Uttarahalli Road,Srinivas Pura Cross,4km,12.850219,77.468863
Bengaluru City,Kengeri Traffic PS,1.04432e+16,2022,1,2,Road Accidents,Not Applicable,City/Town,Open area,Human Error,No,Simple Injury,Vehicle to Vehicle,Police / Manual,Others,Others,Concrete,Dry,Pot holed,Fine,Nice Road,Nice Office,4km,0.0,0.0
Bengaluru City,Kengeri Traffic PS,1.04432e+16,2022,1,3,Road Accidents,Not Applicable,City/Town,Near Bus stop,Human Error,No,Fatal,Vehicle to Vehicle,Not at  Junction,Others,NH,Bitumen(Tar),Dry,Drainage Ditch,Fine,Mysore Main Road,Kia Showroom,2km,12.922719,77.495941