DISTRICTNAME,UNITNAME,Crime_No,Year,RI,Noofvehicle_involved,Accident_Classification,Accident_Spot,Accident_Location,Accident_SubLocation,Main_Cause,Hit_Run,Severity,Collision_Type,Junction_Control,Road_Character,Road_Type,Surface_Type,Surface_Condition,Road_Condition,Weather,Accident_Road,Landmark_first,Distance_LandMark_First,Latitude,Longitude
Bengaluru City,Kengeri Traffic PS,1.04432e+16,2022,1,2,Road Accidents,Not Applicable,City/Town,Open area,Human Error,Yes,Simple Injury,Vehicle to Vehicle,Not at  Junction,Others,Others,Concrete,Dry,Not Applicable,Fine,Nice Road,Komaghatta lake,3km,12.914818,77.467469
Bengaluru City,Kengeri Traffic PS,1.04432e+16,2022,1,1,Road Accidents,Offset,Rural Areas,Open area,Human Error,No,Simple Injury,Not Applicable,Police / Manual,Others,Others,Bitumen(Tar),Dry,Pot holed,Fine,Gandhinagar,Near Muneswara Temple,2Km,12.555488,77.525929
Bengaluru City,Kengeri Traffic PS,1.04432e+16,2022,1,2,Road Accidents,Junction,City/Town,Near office complex,Human Error,No,Grievous Injury,Vehicle to Vehicle,No signal lights,Others,Others,Bitumen(Tar),Dry,Not Applicable,Fine,R R Nagar Main Road,3rd Cross,4km,12.928142,77.525511
Bengaluru City,Kengeri Traffic PS,1.04432e+16,2022,1,3,Road Accidents,Junction,City/Town,Narrow bridge or culverts,Human Error,No,Fatal,Vehicle to Vehicle,Not Applicable,Others,Others,Concrete,Not Applicable,Not Applicable,Clear,Nice Road,NEAR RAILVE BRIDGE,2km,12.907247,77.468778
Bengaluru City,Kengeri Traffic PS,1.04432e+16,2022,1,1,Road Accidents,Not Applicable,City/Town,Residential area,Human Error,No,Grievous Injury,Hit pedestrian,Not Applicable,Others,Others,Concrete,Dry,Not Applicable,Fine,R R Nagar 12th Cross Road,Hosue No99,5km,12.92344,77.52218
Bengaluru City,Kengeri Traffic PS,1.04432e+16,2022,1,1,Road Accidents,Not Applicable,City/Town,Near Bus stop,Not Applicable,No,Grievous Injury,Vehicle to Vehicle,Controlled,Not Applicable,Not Applicable,Not Applicable,Not Applicable,Not Applicable,Clear,Mysore Main Road,1,0.5KM,12.927895,77.525511
Bengaluru City,Kengeri Traffic PS,1.04432e+16,2022,1,1,Road Accidents,Junction,City/Town,Near Bus stop,Human Error,No,Simple Injury,Hit pedestrian,Uncontrolled,Not Applicable,NH,Not Applicable,Not Applicable,Not Applicable,Clear,Mysore Road,Police Station,0.1km,0.0,0.0
Bengaluru City,Kengeri Traffic PS,1.04432e+16,2023,1,1,Road Accidents,Not Applicable,City/Town,Open area,Human Error,No,Grievous Injury,Hit pedestrian,Not at  Junction,Others,Others,Bitumen(Tar),Dry,Not Applicable,Snow,R R Nagar Main Road,Davanagere Benne Dose,4km,12.934235,77.525929
Bengaluru City,Kengeri Traffic PS,1.04432e+16,2023,1,2,Road Accidents,Not Applicable,City/Town,Open area,Human Error,No,Grievous Injury,Vehicle to Vehicle,Not Applicable,Not Applicable,Others,Bitumen(Tar),Dry,Not Applicable,Others,Ganakal Road,Ganakal Road Nice road Bridge,5 km,0.0,0.0
Bengaluru City,Kengeri Traffic PS,1.04432e+16,2023,1,2,Road Accidents,Not Applicable,City/Town,Open area,Not Applicable,No,Simple Injury,Vehicle to Vehicle,Not at  Junction,Others,Others,Bitumen(Tar),Dry,Not Applicable,Fine,Marutinagar Main Road,MRP Bar,4km,0.0,0.0
Bengaluru City,Kengeri Traffic PS,1.04432e+16,2023,1,1,Road Accidents,Not Applicable,City/Town,Open area,Human Error,Not Applicable,Grievous Injury,Hit pedestrian,Not at  Junction,Others,Others,Bitumen(Tar),Dry,Not Applicable,Fine,Prakruthi Park,Prakurthi Park,6km,0.0,0.0
Bengaluru City,Kengeri Traffic PS,1.04432e+16,2023,1,1,Road Accidents,Junction,City/Town,Near Bus stop,Human Error,Yes,Fatal,Hit pedestrian,Police / Manual,Others,Not Applicable,Concrete,Others,Not Applicable,Clear,80 ft RING ROAD,KENCHANAPURA CROSS,3KM,12.941547,77.49355
Bengaluru City,Kengeri Traffic PS,1.04432e+16,2023,1,2,Road Accidents,Not Applicable,City/Town,Open area,Human Error,No,Grievous Injury,Vehicle to Vehicle,Not at  Junction,Others,Others,Bitumen(Tar),Dry,Not Applicable,Others,Manganahalli Mauin Road,SIR M V Cercle,4km,12.883628,77.46886
Bengaluru City,Kengeri Traffic PS,1.04432e+16,2023,1,2,Road Accidents,Not Applicable,City/Town,Open area,Not Applicable,No,Not Applicable,Vehicle to Vehicle,Not at  Junction,Others,Others,Bitumen(Tar),Dry,Drainage Ditch,Others,Global Village Back Gate,Reliance Store,2Km,12.904013,77.474355
Bengaluru City,Kengeri Traffic PS,1.04432e+16,2023,1,2,Road Accidents,Junction,City/Town,Open area,Human Error,Not Applicable,Grievous Injury,Vehicle to Vehicle,Police / Manual,Not Applicable,Others,Bitumen(Tar),Dry,Not Applicable,Others,Kengeri Upanagara,Belaku Kannina Hospital,500mtr,12.30038,77.514937
Bengaluru City,Kengeri Traffic PS,1.04432e+16,2023,1,1,Road Accidents,Narrow road,City/Town,Open area,Human Error,No,Fatal,Not Applicable,Uncontrolled,Not Applicable,Others,Bitumen(Tar),Others,Not Applicable,Others,GLOBAL VILLAGE BACK GATE ROAD,TURAHALLI FOREST,2KM,12.909049,77.499644
Bengaluru City,Kengeri Traffic PS,1.04432e+16,2023,1,1,Road Accidents,Road hump or Rumble strips,City/Town,Near office complex,Human Error,No,Fatal,Not Applicable,Controlled,Not Applicable,Others,Bitumen(Tar),Dry,No influence on accident,Clear,KLE COLLEGE MAIN ROAD,Jai Bharath Iron and Steel Company,6 KM,12.951824,77.477423
Bengaluru City,Kengeri Traffic PS,1.04432e+16,2023,1,1,Road Accidents,Not Applicable,City/Town,Open area,Not Applicable,No,Grievous Injury,Hit pedestrian,Not Applicable,Others,NH,Bitumen(Tar),Dry,Not Applicable,Fine,Mysure Main Road,White Palace,2.5KM,12.926272,77.500248
Bengaluru City,Kengeri Traffic PS,1.04432e+16,2023,1,2,Road Accidents,Junction,City/Town,Open area,Human Error,No,Grievous Injury,Vehicle to Vehicle,Signals (Not working),Others,Others,Concrete,Dry,Not Applicable,Fine,R R Nagar Main Road,BDA Double Road,5km,12.904701,77.470602
Bengaluru City,Kengeri Traffic PS,1.04432e+16,2023,1,2,Road Accidents,Not Applicable,City/Town,Open area,Human Error,Not Applicable,Not Applicable,Vehicle to Vehicle,Not at  Junction,Others,Others,Bitumen(Tar),Dry,Not Applicable,Fine,Manganahalli Main Road,House No 229,2Km,12.970967,77.673108
Bengaluru City,Kengeri Traffic PS,1.04432e+16,2023,1,21,Not Applicable,Not Applicable,City/Town,Near Hospital,Not Applicable,Not Applicable,Grievous Injury,Not Applicable,Not Applicable,Not Applicable,Two way,Gravel,Dry,Not Applicable,Clear,RR Nagara Main Road,Near Sparsha Hospita,5km,12.555484,77.469359
Bengaluru City,Kengeri Traffic PS,1.04432e+16,2023,1,1,Road Accidents,Not Applicable,City/Town,Open area,Not Applicable,No,Simple Injury,Hit pedestrian,Not at  Junction,Not Applicable,State Highway,Not Applicable,Not Applicable,Not Applicable,Fine,Nice Road,Nice Office,5 KM,12.555485,77.525511
Bengaluru City,Kengeri Traffic PS,1.04432e+16,2023,1,2,Road Accidents,Not Applicable,City/Town,Near School or College,Not Applicable,No,Simple Injury,Vehicle to Vehicle,Controlled,Not Applicable,Two way,Not Applicable,Others,Not Applicable,Fine,Mysore Main Road,Jnanabbharathi Campus,3 KM,0.0,0.0
Bengaluru City,Kengeri Traffic PS,1.04432e+16,2023,1,1,Road Accidents,Junction,City/Town,Open area,Not Applicable,No,Fatal,Hit pedestrian,Controlled,Not Applicable,Two way,Not Applicable,Not Applicable,Not Applicable,Clear,RR Nagara Main Road,1,5 km,0.0,0.0
Bengaluru City,Kengeri Traffic PS,1.04432e+16,2023,1,2,Road Accidents,Cross roads,City/Town,Open area,Not Applicable,No,Simple Injury,Vehicle to Vehicle,Controlled,Curve,State Highway,Not Applicable,Not Applicable,Not Applicable,Clear,Near Jnanabharathi Juction,1,3 Km,12.934231,77.525929
Bengaluru City,Kengeri Traffic PS,1.04432e+16,2023,1,2,Road Accidents,Cross roads,City/Town,Open area,Not Applicable,No,Fatal,Vehicle to Vehicle,Controlled,Not Applicable,Two way,Not Applicable,Not Applicable,Not Applicable,Clear,RR Nagara,1,5 Km,0.0,0.0
Bengaluru City,Kengeri Traffic PS,1.04432e+16,2023,1,2,Not Applicable,Not Applicable,City/Town,Open area,Not Applicable,No,Damage Only,Not Applicable,Not Applicable,Not Applicable,Not Applicable,Not Applicable,Not Applicable,Not Applicable,Not Applicable,Mariyappanalya,Near tempal,5 Km,0.0,0.0
Bengaluru City,Kengeri Traffic PS,1.04432e+16,2023,1,2,Road Accidents,Narrow road,City/Town,Open area,Human Error,No,Fatal,Vehicle to Vehicle,Uncontrolled,Not Applicable,Two way,Bitumen(Tar),Not Applicable,Construction Work / Material,Others,Uttarhalli Main Road,VV CONVENTION HALL,4 KM,12.903757,77.514118
Bengaluru City,Kengeri Traffic PS,1.04432e+16,2023,1,1,Road Accidents,Not Applicable,City/Town,Open area,Human Error,Not Applicable,Grievous Injury,Hit pedestrian,Not Applicable,Not Applicable,Others,Bitumen(Tar),Dry,Not Applicable,Fine,MV Layout 60ft Road,Durga Treders,5 km,0.0,0.0
Bengaluru City,Kengeri Traffic PS,1.04432e+16,2023,1,2,Road Accidents,Curves,City/Town,Open area,Human Error,No,Grievous Injury,Vehicle to Vehicle,Not at  Junction,Others,Others,Bitumen(Tar),Dry,Not Applicable,Fine,Jawaregowdana Doddi Main Road,Shudda Kudiyuva jala,5km,12.555472,77.46886
Bengaluru City,Kengeri Traffic PS,1.04432e+16,2023,1,2,Road Accidents,Not Applicable,City/Town,Open area,Human Error,Not Applicable,Damage Only,Vehicle to Vehicle,Not Applicable,Others,Others,Concrete,Dry,Not Applicable,Fine,R R Nagar Main Road,H V Halli,4km,12.887399,77.467549
Bengaluru City,Kengeri Traffic PS,1.04432e+16,2023,1,1,Road Accidents,Junction,City/Town,Near School or College,Human Error,No,Damage Only,Not Applicable,Not at  Junction,Others,Others,Bitumen(Tar),Dry,Not Applicable,Fine,Univercity Campus,Near NSS Bhavan,4km,12.898915,77.473152
Bengaluru City,Kengeri Traffic PS,1.04432e+16,2023,1,1,Road Accidents,Not Applicable,City/Town,Open area,Human Error,Not Applicable,Simple Injury,Hit pedestrian,Not at  Junction,Others,NH,Bitumen(Tar),Dry,Not Applicable,Fine,Mysore Main Road,Imperial Hotal,2Km,12.555488,77.468861
Bengaluru City,Kengeri Traffic PS,1.04432e+16,2023,1,2,Road Accidents,Junction,City/Town,Open area,Not Applicable,Not Applicable,Grievous Injury,Vehicle to Vehicle,Not at  Junction,Others,Others,Bitumen(Tar),Dry,Not Applicable,Fine,Ullal Main Road,Near Nandini Milk Parlor,4km,12.966359,77.52083
Bengaluru City,Kengeri Traffic PS,1.04432e+16,2023,1,1,Road Accidents,Junction,City/Town,Near School or College,Not Applicable,No,Simple Injury,Hit pedestrian,Controlled,Not Applicable,Two way,Not Applicable,Not Applicable,Not Applicable,Not Applicable,Sukkuru Junction,Mysore Main road,0.5 KM,0.0,0.0
Bengaluru City,Kengeri Traffic PS,1.04432e+16,2023,1,2,Road Accidents,Not Applicable,City/Town,Open area,Not Applicable,Not Applicable,Simple Injury,Vehicle to Vehicle,Controlled,Not Applicable,Two way,Not Applicable,Not Applicable,Not Applicable,Clear,RR Nagara Main Road,1,6 km,12.555485,77.525929
Bengaluru City,Kengeri Traffic PS,1.04432e+16,2023,1,2,Road Accidents,Cross roads,City/Town,Residential area,Not Applicable,Not Applicable,Grievous Injury,Vehicle to Vehicle,Controlled,Curve,Two way,Not Applicable,Others,Not Applicable,Fine,Kengeri Upanagara Main Road,RR nagara,5 KM,0.0,0.0
Bengaluru City,Kengeri Traffic PS,1.04432e+16,2023,1,2,Road Accidents,Not Applicable,City/Town,Open area,Human Error,No,Grievous Injury,Vehicle to Vehicle,Not at  Junction,Not Applicable,Others,Concrete,Dry,Not Applicable,Fine,Mysore Main Road,Kengeri Bus Stop,500mtr,12.934235,77.525929
Bengaluru City,Kengeri Traffic PS,1.04432e+16,2023,1,1,Road Accidents,Not Applicable,City/Town,Near School or College,Not Applicable,Not Applicable,Grievous Injury,Not Applicable,Not at  Junction,Others,Others,Concrete,Dry,Not Applicable,Fine,80Feet Road,VSS School,2Km,0.0,0.0
Bengaluru City,Kengeri Traffic PS,1.04432e+16,2023,1,2,Road Accidents,Narrow road,City/Town,Open area,Not Applicable,No,Fatal,Not Applicable,Not Applicable,Not Applicable,NH,Not Applicable,Not Applicable,Not Applicable,Fine,Myore Main Road,Near Dhoddabele Jankshan,1km,0.0,0.0
Bengaluru City,Kengeri Traffic PS,1.04432e+16,2023,1,1,Road Accidents,Not Applicable,City/Town,Near Hospital,Human Error,No,Simple Injury,Not Applicable,Not at  Junction,Others,NH,Bitumen(Tar),Dry,Not Applicable,Others,Mysure Main Road,Madhu Petrol Junction,500mtr,0.0,0.0
Bengaluru City,Kengeri Traffic PS,1.04432e+16,2023,1,1,Road Accidents,Curves,City/Town,Open area,Human Error,Yes,Fatal,Hit pedestrian,Uncontrolled,Curve,Expressway,Bitumen(Tar),Others,Not Applicable,Others,Nice Road towards Hosur Road,BRIDGE,3km,12.913021,77.467533
Bengaluru City,Kengeri Traffic PS,1.04432e+16,2023,1,2,Road Accidents,Not Applicable,City/Town,Open area,Human Error,Not Applicable,Simple Injury,Vehicle to Vehicle,Not Applicable,Others,NH,Bitumen(Tar),Dry,Not Applicable,Fine,Mysore Main Road,Medgreen,1KM,0.0,0.0
Bengaluru City,Kengeri Traffic PS,1.04432e+16,2023,1,2,Road Accidents,Junction,City/Town,Residential area,Human Error,Not Applicable,Grievous Injury,Vehicle to Vehicle,Not Applicable,Others,Others,Bitumen(Tar),Dry,Not Applicable,Fine,Kengeri Upanagar 4th Main Road,Saptagiri Nilaya,1KM,12.964461,77.470837
Bengaluru City,Kengeri Traffic PS,1.04432e+16,2023,1,1,Road Accidents,Not Applicable,City/Town,Open area,Not Applicable,No,Simple Injury,Not Applicable,Not at  Junction,Others,NH,Bitumen(Tar),Dry,Not Applicable,Fine,Mysure Main Road,Karnataka Hindu Milatary Hotal,500mtr,12.888366,77.471556
Bengaluru City,Kengeri Traffic PS,1.04432e+16,2023,1,2,Road Accidents,Not Applicable,City/Town,Open area,Human Error,Not Applicable,Grievous Injury,Not Applicable,Not Applicable,Others,Others,Bitumen(Tar),Dry,Not Applicable,Others,Kengeri Upanagara Main Road,Ganesh Ground,1 km,12.555488,77.468863
Bengaluru City,Kengeri Traffic PS,1.04432e+16,2023,1,1,Road Accidents,Not Applicable,City/Town,Open area,Human Error,Not Applicable,Not Applicable,Hit pedestrian,Not at  Junction,Others,Others,Concrete,Dry,Not Applicable,Fine,Bhuvaneswari nagar Main Road,house 20,3.5 KM,12.555485,77.468865
Bengaluru City,Kengeri Traffic PS,1.04432e+16,2023,1,2,Road Accidents,Not Applicable,City/Town,Open area,Human Error,No,Grievous Injury,Vehicle to Vehicle,Not at  Junction,Others,Not Applicable,Bitumen(Tar),Others,Not Applicable,Others,Jawaregowdana Doddi Main Road,Happy Home Super market,4km,12.555485,77.525929
Bengaluru City,Kengeri Traffic PS,1.04432e+16,2023,1,2,Road Accidents,Not Applicable,City/Town,Near School or College,Not Applicable,No,Simple Injury,Vehicle to Vehicle,Not at  Junction,Not Applicable,Others,Bitumen(Tar),Dry,Not Applicable,Fine,Kommaghatta Main Road,Kengeri Diognistik,1km,12.936373,77.580552
Bengaluru City,Kengeri Traffic PS,1.04432e+16,2023,1,2,Not Applicable,Not Applicable,City/Town,Near Bus stop,Not Applicable,Not Applicable,Fatal,Not Applicable,Not Applicable,Not Applicable,Not Applicable,Not Applicable,Not Applicable,Not Applicable,Not Applicable,MARUTHINAGARA MAIN ROAD,Near BMTC Bus stand,3 KM,12.928142,77.516402
Bengaluru City,Kengeri Traffic PS,1.04432e+16,2023,1,2,Road Accidents,Not Applicable,City/Town,Open area,Not Applicable,No,Grievous Injury,Vehicle to Vehicle,Not at  Junction,Not Applicable,Others,Concrete,Dry,Not Applicable,Fine,Kerepallya Main Road,Mandya Wines,6km,0.0,0.0
Bengaluru City,Kengeri Traffic PS,1.04432e+16,2023,1,1,Road Accidents,Curves,City/Town,Near Petrol Pump,Human Error,No,Fatal,Hit pedestrian,Controlled,Curve,NH,Kutcha,Dry,Not Applicable,Others,MYSORE MAIN ROAD,SHELL PERTROL BUNK,1 KM,12.906791,77.473366
Bengaluru City,Kengeri Traffic PS,1.04432e+16,2023,1,3,Road Accidents,Not Applicable,City/Town,Open area,Not Applicable,No,Damage Only,Vehicle to Vehicle,Not Applicable,Not Applicable,Others,Concrete,Dry,Not Applicable,Fine,R R Nagar Main Road,Paka Shala Hotel,5km,0.0,0.0
Bengaluru City,Kengeri Traffic PS,1.04432e+16,2023,1,3,Road Accidents,Not Applicable,City/Town,Open area,Human Error,No,Not Applicable,Vehicle to Vehicle,Not at  Junction,Others,Others,Concrete,Dry,Not Applicable,Others,Nice Road,Channasandra Bridge,8 KM,12.897301,77.471186
Bengaluru City,Kengeri Traffic PS,1.04432e+16,2023,1,1,Road Accidents,Not Applicable,City/Town,Open area,Human Error,No,Simple Injury,Not Applicable,Not at  Junction,Others,Others,Bitumen(Tar),Dry,Not Applicable,Fine,Suvarna Mohotsava Bhavan,Suvarna Mohotsava Bhavan,4km,12.904013,77.479232
Bengaluru City,Kengeri Traffic PS,1.04432e+16,2023,1,2,Road Accidents,Not Applicable,City/Town,Open area,Not Applicable,Not Applicable,Grievous Injury,Vehicle to Vehicle,Not at  Junction,Others,Others,Bitumen(Tar),Dry,Not Applicable,Others,Railwy Paralol road,Ganesh Ground,500mtr,12.904013,77.470446
Bengaluru City,Kengeri Traffic PS,1.04432e+16,2023,1,1,Road Accidents,Not Applicable,City/Town,Open area,Human Error,Not Applicable,Grievous Injury,Vehicle to Vehicle,Stop sign,Others,NH,Bitumen(Tar),Dry,Not Applicable,Fine,Mysore Main Road,Kengeri Sattalite Metro Station,1 km,12.903255,77.470837
Bengaluru City,Kengeri Traffic PS,1.04432e+16,2023,1,1,Road Accidents,Narrow road,City/Town,Open area,Human Error,Yes,Fatal,Hit pedestrian,Uncontrolled,Curve,Expressway,Concrete,Dry,Not Applicable,Clear,Nice Road,Near Bangarappa gudde,7km,12.920643,77.531994
Bengaluru City,Kengeri Traffic PS,1.04432e+16,2023,1,1,Not Applicable,Junction,City/Town,Open area,Not Applicable,No,Fatal,Not Applicable,Not Applicable,Not Applicable,Not Applicable,Not Applicable,Not Applicable,Not Applicable,Clear,Desoja Bridge,1,5 Km,12.555484,77.531732
Bengaluru City,Kengeri Traffic PS,1.04432e+16,2023,1,2,Road Accidents,Junction,City/Town,Near School or College,Not Applicable,No,Simple Injury,Vehicle to Vehicle,Controlled,Curve,Not Applicable,Not Applicable,Not Applicable,Not Applicable,Clear,Nice Road,1,3 KM,12.934235,77.531732
Bengaluru City,Kengeri Traffic PS,1.04432e+16,2023,1,2,Road Accidents,Cross roads,City/Town,Open area,Not Applicable,No,Simple Injury,Vehicle to Vehicle,Controlled,Curve,Two way,Not Applicable,Not Applicable,Not Applicable,Clear,Near Pattanagere water tank,1,5 Km,0.0,0.0
Bengaluru City,Kengeri Traffic PS,1.04432e+16,2023,1,1,Road Accidents,Junction,City/Town,Open area,Not Applicable,No,Fatal,Not Applicable,Controlled,Curve,NH,Not Applicable,Not Applicable,Not Applicable,Clear,Nice Road,1,5KM,0.0,0.0
Bengaluru City,Kengeri Traffic PS,1.04432e+16,2023,1,2,Road Accidents,Not Applicable,City/Town,Open area,Human Error,Not Applicable,Grievous Injury,Vehicle to Vehicle,Police / Manual,Not Applicable,Expressway,Concrete,Dry,Not Applicable,Fine,Nice Road,Kempamma Temple Tolla,2Km,0.0,0.0
Bengaluru City,Kengeri Traffic PS,1.04432e+16,2023,1,2,Road Accidents,Not Applicable,City/Town,Open area,Human Error,Not Applicable,Not Applicable,Not Applicable,Police / Manual,Others,Others,Bitumen(Tar),Dry,Not Applicable,Fine,BHEL Layout,4th Cross RR Nagar,4km,12.555488,77.469536
Bengaluru City,Kengeri Traffic PS,1.04432e+16,2023,1,1,Road Accidents,Narrow road,City/Town,Residential area,Human Error,No,Fatal,Hit pedestrian,Uncontrolled,Incline,Residential Street,Not Applicable,Others,Not Applicable,Clear,RR Nagara Main Road,NANDANA HOTEL,4KM,12.90517,77.521044
Bengaluru City,Kengeri Traffic PS,1.04432e+16,2023,1,1,Road Accidents,Not Applicable,City/Town,Near Bus stop,Human Error,Yes,Grievous Injury,Hit pedestrian,Not at  Junction,Others,Others,Concrete,Dry,Not Applicable,Fine,Kenchanapura Cross,BMTC Bus Stop,4km,12.555493,77.467569
Bengaluru City,Kengeri Traffic PS,1.04432e+16,2023,1,1,Road Accidents,Not Applicable,City/Town,Near School or College,Human Error,No,Damage Only,Hit pedestrian,Not Applicable,Others,Others,Bitumen(Tar),Dry,Not Applicable,Others,Univercity Campus,Kalagrama,3.5 KM,12.903255,77.473152
Bengaluru City,Kengeri Traffic PS,1.04432e+16,2023,1,2,Road Accidents,Not Applicable,City/Town,Open area,Human Error,Yes,Grievous Injury,Vehicle to Vehicle,Not at  Junction,Others,Others,Bitumen(Tar),Dry,Not Applicable,Others,Depo No 12 Mysore Road,Depo 12,1,12.934231,77.525511
Bengaluru City,Kengeri Traffic PS,1.04432e+16,2023,1,2,Road Accidents,Not Applicable,City/Town,Open area,Human Error,No,Damage Only,Vehicle to Vehicle,Not at  Junction,Others,Others,Concrete,Dry,Not Applicable,Fine,Kengeri Upanagara Main Road,Reliance,2Km,12.883628,77.469536
Bengaluru City,Kengeri Traffic PS,1.04432e+16,2023,1,3,Road Accidents,Not Applicable,City/Town,Open area,Human Error,No,Grievous Injury,Vehicle to Vehicle,Not at  Junction,Others,Others,Bitumen(Tar),Dry,Not Applicable,Others,Mallatahalli Main Road,Banu Hospital,5km,12.968255,77.531732
Bengaluru City,Kengeri Traffic PS,1.04432e+16,2023,1,2,Road Accidents,Not Applicable,City/Town,Open area,Not Applicable,Not Applicable,Damage Only,Vehicle to Vehicle,Not at  Junction,Others,Others,Bitumen(Tar),Dry,Not Applicable,Fine,Visweswaraia Layout,Shooting Spot,5km,12.903872,77.470446
Bengaluru City,Kengeri Traffic PS,1.04432e+16,2023,1,2,Road Accidents,Junction,City/Town,Open area,Human Error,Not Applicable,Grievous Injury,Vehicle to Vehicle,Not Applicable,Others,Others,Concrete,Dry,Drainage Ditch,Fine,Nice Road,Nice Road Bridge,2Km,12.887399,77.46899
Bengaluru City,Kengeri Traffic PS,1.04432e+16,2023,1,6,Road Accidents,Not Applicable,City/Town,Open area,Human Error,Not Applicable,Damage Only,Vehicle to Vehicle,Police / Manual,Not Applicable,Others,Bitumen(Tar),Dry,Not Applicable,Fine,gankal Main road,Tin Tin Hotel,4km,12.555485,77.470602
Bengaluru City,Kengeri Traffic PS,1.04432e+16,2023,1,1,Road Accidents,Not Applicable,City/Town,Near Petrol Pump,Human Error,No,Fatal,Not Applicable,Not at  Junction,Not Applicable,State Highway,Not Applicable,Not Applicable,Not Applicable,Clear,Mysore Main Road,1,2 km,12.904701,77.4708371
Bengaluru City,Kengeri Traffic PS,1.04432e+16,2023,1,1,Road Accidents,Cross roads,City/Town,Near Bus stop,Not Applicable,No,Simple Injury,Hit pedestrian,Uncontrolled,Not Applicable,Two way,Gravel,Not Applicable,Not Applicable,Fine,Pattanagere Main Road,RR nagara,5 KM,0.0,0.0
Bengaluru City,Kengeri Traffic PS,1.04432e+16,2023,1,2,Road Accidents,Junction,City/Town,Open area,Not Applicable,No,Simple Injury,Vehicle to Vehicle,Controlled,Not Applicable,Others,Not Applicable,Not Applicable,Not Applicable,Clear,1,RR nagara,5km,12.555488,77.516402
Bengaluru City,Kengeri Traffic PS,1.04432e+16,2023,1,2,Road Accidents,Cross roads,City/Town,Open area,Not Applicable,Not Applicable,Fatal,Vehicle to Vehicle,Controlled,Curve,Not Applicable,Not Applicable,Not Applicable,Not Applicable,Clear,Uttarhalli Main Road,1,3 KM,12.904029,77.510228
Bengaluru City,Kengeri Traffic PS,1.04432e+16,2023,1,1,Road Accidents,Curves,City/Town,Open area,Not Applicable,No,Fatal,Not Applicable,Not at  Junction,Not Applicable,Not Applicable,Not Applicable,Not Applicable,Not Applicable,Clear,Bangalore Univarcity,1,2 KM,0.0,0.0
Bengaluru City,Kengeri Traffic PS,1.04432e+16,2023,1,2,Road Accidents,Junction,City/Town,Open area,Human Error,No,Grievous Injury,Vehicle to Vehicle,Not Applicable,Others,Others,Bitumen(Tar),Dry,Not Applicable,Fine,Marutinagar Main Road,Divine Zym,2Km,0.0,0.0
Bengaluru City,Kengeri Traffic PS,1.04432e+16,2023,1,1,Road Accidents,Curves,City/Town,Open area,Human Error,No,Grievous Injury,Not Applicable,Not Applicable,Incline,NH,Bitumen(Tar),Dry,Not Applicable,Fine,Mysure Main Road,BMTC Cross,1km,0.0,0.0
Bengaluru City,Kengeri Traffic PS,1.04432e+16,2023,1,1,Road Accidents,Not Applicable,City/Town,Residential area,Human Error,No,Grievous Injury,Hit pedestrian,Not Applicable,Incline,Others,Bitumen(Tar),Dry,Not Applicable,Fine,KHB Appartment Road Shirke,Hous No 134,3km,0.0,0.0
Bengaluru City,Kengeri Traffic PS,1.04432e+16,2023,1,1,Road Accidents,Not Applicable,City/Town,Residential area,Human Error,Not Applicable,Grievous Injury,Hit pedestrian,Not Applicable,Others,Others,Concrete,Dry,Not Applicable,Fine,Pratibimba Poorva Appartment,Pratibimba Poorva Appartment,6km,0.0,0.0
Bengaluru City,Kengeri Traffic PS,1.04432e+16,2023,1,1,Road Accidents,Narrow road,City/Town,Open area,Human Error,Not Applicable,Fatal,Not Applicable,Uncontrolled,Straight and flat,Expressway,Concrete,Dry,Not Applicable,Fog / Mist,Nice Road,Vrushbhavati Bridge,3 Km,12.896303,77.475176
Bengaluru City,Kengeri Traffic PS,1.04432e+16,2023,1,2,Road Accidents,Junction,City/Town,Residential area,Human Error,Not Applicable,Grievous Injury,Vehicle to Vehicle,Not Applicable,Not Applicable,Others,Bitumen(Tar),Dry,Not Applicable,Fine,Police Qurtres Road,Manjushree Enter Pricec,2Km,0.0,0.0
Bengaluru City,Kengeri Traffic PS,1.04432e+16,2023,1,2,Road Accidents,Junction,City/Town,Residential area,Human Error,No,Fatal,Vehicle to Vehicle,Uncontrolled,Sharp Curve,Residential Street,Bitumen(Tar),Dry,Not Applicable,Wind,BEST Club Road,Rakshith Pharma,5 km,12.91315,77.521713
Bengaluru City,Kengeri Traffic PS,1.04432e+16,2023,1,3,Road Accidents,Not Applicable,City/Town,Near office complex,Human Error,Yes,Damage Only,Vehicle to Vehicle,Not at  Junction,Others,Others,Bitumen(Tar),Dry,Not Applicable,Fine,Ideal Home Main Road,Lakshmi Super Market,5km,0.0,0.0
Bengaluru City,Kengeri Traffic PS,1.04432e+16,2023,1,2,Road Accidents,Offset,City/Town,Open area,Human Error,No,Simple Injury,Vehicle to Vehicle,Not at  Junction,Others,Others,Concrete,Dry,Not Applicable,Fine,Nice Road,Channasandra Bridge,7km,12.887039,77.471556