DISTRICTNAME,UNITNAME,Crime_No,Year,RI,Noofvehicle_involved,Accident_Classification,Accident_Spot,Accident_Location,Accident_SubLocation,Main_Cause,Hit_Run,Severity,Collision_Type,Junction_Control,Road_Character,Road_Type,Surface_Type,Surface_Condition,Road_Condition,Weather,Accident_Road,Landmark_first,Distance_LandMark_First,Latitude,Longitude
Bengaluru City,Kengeri Traffic PS,1.04432e+16,2023,1,2,Road Accidents,Not Applicable,City/Town,Open area,Human Error,No,Grievous Injury,Vehicle to Vehicle,Not Applicable,Sharp Curve,Others,Concrete,Dry,Not Applicable,Fine,Nice Road,Mysore Road Exit,2Km,0.0,0.0
Bengaluru City,Kengeri Traffic PS,1.04432e+16,2023,1,1,Not Applicable,Curves,City/Town,Residential area,Human Error,No,Fatal,Not Applicable,Uncontrolled,Curve,Others,Not Applicable,Others,Not Applicable,Others,RR Nagara Main Road,Near HDFC Bank,5 km,0.0,0.0
Bengaluru City,Kengeri Traffic PS,1.04432e+16,2023,1,1,Road Accidents,Not Applicable,City/Town,Open area,Human Error,Not Applicable,Grievous Injury,Not Applicable,Police / Manual,Others,Others,Bitumen(Tar),Dry,Not Applicable,Fine,Maruti Nagar Main Road,Etto Basavanna Cercle,2Km,12.92901,77.474355
Bengaluru City,Kengeri Traffic PS,1.04432e+16,2023,1,1,Road Accidents,Junction,City/Town,Near office complex,Human Error,Not Applicable,Grievous Injury,Hit pedestrian,Not Applicable,Others,Others,Bitumen(Tar),Dry,Not Applicable,Fine,Kempegouda Double Road,Diya Infotec,4km,0.0,0.0
Bengaluru City,Kengeri Traffic PS,1.04432e+16,2023,1,1,Road Accidents,Junction,City/Town,Open area,Human Error,Yes,Simple Injury,Hit pedestrian,Police / Manual,Others,Others,Concrete,Dry,Not Applicable,Fine,R R Bagar Main Road,Jayanna Cercle,5km,0.0,0.0
Bengaluru City,Kengeri Traffic PS,1.04432e+16,2023,1,1,Not Applicable,Not Applicable,City/Town,Near office complex,Human Error,Not Applicable,Grievous Injury,Not Applicable,Not at  Junction,Others,Others,Concrete,Dry,Not Applicable,Others,Inside MG Shoroom,MG Shorrom,2.5KM,12.898915,77.469359
Bengaluru City,Kengeri Traffic PS,1.04432e+16,2023,1,2,Road Accidents,Narrow road,City/Town,Open area,Human Error,Not Applicable,Fatal,Vehicle to Vehicle,Uncontrolled,Curve,Others,Concrete,Others,Not Applicable,Others,Nice Road towards tumkur  Road,Near Chikkanahalli,03 km,12.935958,77.469422
Bengaluru City,Kengeri Traffic PS,1.04432e+16,2023,1,2,Road Accidents,Not Applicable,City/Town,Open area,Not Applicable,Not Applicable,Grievous Injury,Vehicle to Vehicle,Not at  Junction,Others,Others,Bitumen(Tar),Dry,Not Applicable,Fine,Maruti Nagar Main Road,SLN Bike Point,5km,12.904023,77.469536
Bengaluru City,Kengeri Traffic PS,1.04432e+16,2023,1,2,Road Accidents,Junction,City/Town,Open area,Human Error,No,Grievous Injury,Vehicle to Vehicle,Not at  Junction,Others,Others,Bitumen(Tar),Dry,Not Applicable,Fine,Maruti Nagar Main Road,Ullal Lake,5km,12.555488,77.470837
Bengaluru City,Kengeri Traffic PS,1.04432e+16,2023,1,1,Road Accidents,Curves,City/Town,Near School or College,Not Applicable,Not Applicable,Damage Only,Hit pedestrian,Not Applicable,Others,Others,Bitumen(Tar),Dry,Not Applicable,Fine,Pattanagere Main Road,L G Godan,4km,12.887039,77.469359
Bengaluru City,Kengeri Traffic PS,1.04432e+16,2023,1,2,Road Accidents,Junction,City/Town,Open area,Not Applicable,No,Simple Injury,Vehicle to Vehicle,Controlled,Not Applicable,Two way,Not Applicable,Not Applicable,Not Applicable,Others,Near Kapikatte,1,5 KM,12.883628,77.516693
Bengaluru City,Kengeri Traffic PS,1.04432e+16,2023,1,1,Not Applicable,Not Applicable,City/Town,Open area,Not Applicable,Not Applicable,Grievous Injury,Not Applicable,Not Applicable,Not Applicable,Not Applicable,Not Applicable,Not Applicable,Not Applicable,Fine,R R Nagar Main Road,near Mahadheswara tempal,3KM,12.883628,77.525511
Bengaluru City,Kengeri Traffic PS,1.04432e+16,2023,1,1,Road Accidents,Circle,City/Town,Near Bus stop,Not Applicable,No,Fatal,Not Applicable,Controlled,Not Applicable,Two way,Not Applicable,Not Applicable,Not Applicable,Clear,Mysore Road,1,100 Mt,0.0,0.0
Bengaluru City,Kengeri Traffic PS,1.04432e+16,2023,1,2,Road Accidents,Junction,City/Town,Open area,Human Error,No,Grievous Injury,Vehicle to Vehicle,Not at  Junction,Others,Others,Bitumen(Tar),Dry,Not Applicable,Fine,Marutinagar Main Road,KEB Junction,5 km,0.0,0.0
Bengaluru City,Kengeri Traffic PS,1.04432e+16,2023,1,2,Road Accidents,Junction,Rural Areas,Open area,Human Error,No,Grievous Injury,Vehicle to Vehicle,Police / Manual,Incline,NH,Bitumen(Tar),Dry,Not Applicable,Fine,Mysore Main Road,Jnanabhararati Junction,2.5KM,12.933572,77.513619
Bengaluru City,Kengeri Traffic PS,1.04432e+16,2023,1,1,Road Accidents,Not Applicable,City/Town,Open area,Not Applicable,Not Applicable,Grievous Injury,Hit pedestrian,Not Applicable,Not Applicable,Not Applicable,Not Applicable,Not Applicable,Not Applicable,Clear,Jnanajothi Nagara,1,3 km,0.0,0.0
Bengaluru City,Kengeri Traffic PS,1.04432e+16,2023,1,2,Road Accidents,Narrow road,City/Town,Open area,Human Error,Not Applicable,Grievous Injury,Vehicle to Vehicle,Not at  Junction,Straight and flat,NH,Bitumen(Tar),Dry,Not Applicable,Fine,Mysure Main Road,Rainbow Bridge,200MTR,0.0,0.0
Bengaluru City,Kengeri Traffic PS,1.04432e+16,2023,1,1,Road Accidents,Not Applicable,City/Town,Open area,Human Error,Not Applicable,Simple Injury,Hit pedestrian,Police / Manual,Others,Others,Bitumen(Tar),Dry,Not Applicable,Fine,Mysure Main Road,Nexa Sgowroom,2Km,12.555485,77.468863
Bengaluru City,Kengeri Traffic PS,1.04432e+16,2023,1,1,Road Accidents,Offset,City/Town,Open area,Human Error,No,Simple Injury,Not Applicable,Not at  Junction,Others,Others,Bitumen(Tar),Dry,Not Applicable,Fine,80Feet Road,Univercity Cross,5km,12.555456,77.531732
Bengaluru City,Kengeri Traffic PS,1.04432e+16,2023,1,1,Road Accidents,Not Applicable,City/Town,Open area,Human Error,No,Grievous Injury,Hit pedestrian,Stop sign,Others,NH,Bitumen(Tar),Dry,Not Applicable,Others,Mysure Main Road,TTMC BUS STOP,1KM,12.904029,77.470837
Bengaluru City,Kengeri Traffic PS,1.04432e+16,2023,1,1,Road Accidents,Not Applicable,City/Town,Open area,Human Error,Not Applicable,Grievous Injury,Not Applicable,Not Applicable,Others,NH,Bitumen(Tar),Dry,Not Applicable,Fine,Mysore Main Road,Megha Plan,2.5KM,12.897301,77.470446
Bengaluru City,Kengeri Traffic PS,1.04432e+16,2023,1,2,Road Accidents,Curves,City/Town,Narrow bridge or culverts,Human Error,Yes,Fatal,Vehicle to Vehicle,Uncontrolled,Curve,NH,Bitumen(Tar),Not Applicable,Not Applicable,Others,Mysore Main Road,HOTEL,1.5km,12.904144,77.470546
Bengaluru City,Kengeri Traffic PS,1.04432e+16,2023,1,1,Road Accidents,Junction,City/Town,Residential area,Human Error,Not Applicable,Grievous Injury,Vehicle to Vehicle,Not at  Junction,Others,Others,Concrete,Dry,Not Applicable,Fine,RR Nagara Main Road,R R Pet Shop,5km,12.900403,77.477431
Bengaluru City,Kengeri Traffic PS,1.04432e+16,2023,1,2,Road Accidents,Not Applicable,City/Town,Near School or College,Not Applicable,Not Applicable,Grievous Injury,Vehicle to Vehicle,Not at  Junction,Others,Others,Concrete,Dry,Not Applicable,Fine,R R Main Road,Near Prstige Beakery,3 Km,12.897301,77.471651
Bengaluru City,Kengeri Traffic PS,1.04432e+16,2023,1,2,Road Accidents,Not Applicable,City/Town,Open area,Human Error,No,Grievous Injury,Vehicle to Vehicle,Not at  Junction,Others,Others,Bitumen(Tar),Dry,Not Applicable,Fine,Byrohalli Main Road,Nice Road Bridge,5km,12.900403,77.469395
Bengaluru City,Kengeri Traffic PS,1.04432e+16,2023,1,2,Road Accidents,Not Applicable,City/Town,Open area,Human Error,Not Applicable,Grievous Injury,Vehicle to Vehicle,Not at  Junction,Others,Others,Concrete,Dry,Not Applicable,Fine,Nice Road,Vrushbhavati Bridge,2Km,0.0,0.0
Bengaluru City,Kengeri Traffic PS,1.04432e+16,2023,1,2,Road Accidents,Not Applicable,City/Town,Open area,Not Applicable,No,Simple Injury,Vehicle to Vehicle,Controlled,Not Applicable,Not Applicable,Not Applicable,Not Applicable,Not Applicable,Clear,1,Railway Paralal Road,0.1km,0.0,0.0
Bengaluru City,Kengeri Traffic PS,1.04432e+16,2023,1,2,Road Accidents,Junction,City/Town,Near office complex,Not Applicable,No,Simple Injury,Vehicle to Vehicle,Controlled,Not Applicable,Not Applicable,Not Applicable,Others,Not Applicable,Fine,Kengeri Upangara Main Road,Near Hanumanthanagara Bank,2 KM,12.933572,77.525511
Bengaluru City,Kengeri Traffic PS,1.04432e+16,2023,1,2,Not Applicable,Cross roads,City/Town,Near Hospital,Not Applicable,Not Applicable,Simple Injury,Vehicle to Vehicle,Controlled,Not Applicable,Two way,Not Applicable,Not Applicable,Not Applicable,Clear,Kodipalay Main Road,1,4km,0.0,0.0
Bengaluru City,Kengeri Traffic PS,1.04432e+16,2023,1,2,Road Accidents,Junction,City/Town,Residential area,Human Error,No,Fatal,Vehicle to Vehicle,Uncontrolled,Straight and flat,Residential Street,Surfaced,Others,Not Applicable,Others,4th Main Road Valagerehalli,Near House No 196,3km,0.0,0.0
Bengaluru City,Kengeri Traffic PS,1.04432e+16,2023,1,2,Road Accidents,Circle,City/Town,Open area,Not Applicable,Yes,Simple Injury,Vehicle to Vehicle,Controlled,Curve,Not Applicable,Not Applicable,Not Applicable,Not Applicable,Clear,Doddabele,1,3 KM,0.0,0.0
Bengaluru City,Kengeri Traffic PS,1.04432e+16,2023,1,1,Road Accidents,Not Applicable,City/Town,Open area,Not Applicable,Not Applicable,Grievous Injury,Hit pedestrian,Not at  Junction,Incline,Others,Bitumen(Tar),Dry,Not Applicable,Fine,R R Bagar Main Road,Vasavi Condiments,4km,0.0,0.0
Bengaluru City,Kengeri Traffic PS,1.04432e+16,2023,1,2,Road Accidents,Not Applicable,City/Town,Open area,Human Error,No,Grievous Injury,Not Applicable,Not at  Junction,Others,Others,Concrete,Dry,Not Applicable,Fine,80Feet Road,Kempamma Temple,5 KM,0.0,0.0
Bengaluru City,Kengeri Traffic PS,1.04432e+16,2023,1,2,Road Accidents,Not Applicable,City/Town,Open area,Human Error,Not Applicable,Simple Injury,Not Applicable,Not Applicable,Others,Others,Bitumen(Tar),Dry,Not Applicable,Fine,Uttarahalli Main Road,Nayara Petrol Bunk,2Km,12.883628,77.468778
Bengaluru City,Kengeri Traffic PS,1.04432e+16,2023,1,2,Road Accidents,Not Applicable,City/Town,Open area,Human Error,Not Applicable,Grievous Injury,Vehicle to Vehicle,Not at  Junction,Others,Others,Concrete,Dry,Not Applicable,Fine,Nice Road,Near Rudresh Home,5km,0.0,0.0
Bengaluru City,Kengeri Traffic PS,1.04432e+16,2023,1,2,Road Accidents,Junction,City/Town,Open area,Human Error,Not Applicable,Grievous Injury,Vehicle to Vehicle,Not at  Junction,Others,Others,Bitumen(Tar),Dry,Not Applicable,Fine,Marutinagar Main Road,Devine Zym,2Km,12.893591,77.473152
Bengaluru City,Kengeri Traffic PS,1.04432e+16,2023,1,1,Road Accidents,Not Applicable,City/Town,Open area,Human Error,No,Damage Only,Hit pedestrian,Not Applicable,Others,Others,Concrete,Dry,Not Applicable,Others,Rajkumar Cercle Road,Rajkumar Cercle,500mtr,12.963383,77.691403
Bengaluru City,Kengeri Traffic PS,1.04432e+16,2023,1,2,Road Accidents,Not Applicable,City/Town,Open area,Human Error,Not Applicable,Grievous Injury,Vehicle to Vehicle,Not at  Junction,Others,NH,Bitumen(Tar),Dry,Not Applicable,Fine,Mysore Main Road,Dubasipaly Junction,1KM,12.887746,77.467563
Bengaluru City,Kengeri Traffic PS,1.04432e+16,2023,1,2,Road Accidents,Cross roads,Rural Areas,Near School or College,Human Error,No,Fatal,Vehicle to Vehicle,Uncontrolled,Curve,Others,Bitumen(Tar),Others,Not Applicable,Clear,JNANABHARATHI CAMPUS ROAD,RAILWAY BRIDGE,4KM,12.936777,77.512155
Bengaluru City,Kengeri Traffic PS,1.04432e+16,2023,1,2,Road Accidents,Not Applicable,City/Town,Open area,Not Applicable,No,Grievous Injury,Vehicle to Vehicle,Police / Manual,Others,Expressway,Concrete,Dry,Not Applicable,Others,Nice Road,BDA  Sompura Toll,4km,12.555488,77.468803
Bengaluru City,Kengeri Traffic PS,1.04432e+16,2023,1,2,Road Accidents,Not Applicable,City/Town,Near School or College,Human Error,No,Damage Only,Vehicle to Vehicle,Not Applicable,Others,Others,Bitumen(Tar),Dry,Not Applicable,Others,Univercity Campus,Univercity Head Office,5km,12.948849,77.501379
Bengaluru City,Kengeri Traffic PS,1.04432e+16,2023,1,2,Road Accidents,Not Applicable,City/Town,Open area,Not Applicable,Yes,Grievous Injury,Vehicle to Vehicle,Not at  Junction,Not Applicable,Others,Concrete,Dry,Not Applicable,Fine,Univercity Campus,Ambekdar Bhavn,4km,12.555488,77.468773
Bengaluru City,Kengeri Traffic PS,1.04432e+16,2023,1,2,Road Accidents,Not Applicable,City/Town,Open area,Not Applicable,No,Grievous Injury,Vehicle to Vehicle,Not at  Junction,Others,Others,Bitumen(Tar),Dry,Not Applicable,Others,Uttarahalli Main Road,Madhu Petrol Junction,500mtr,12.933572,77.531732
Bengaluru City,Kengeri Traffic PS,1.04432e+16,2023,1,1,Road Accidents,Not Applicable,City/Town,Near Hospital,Human Error,Not Applicable,Not Applicable,Not Applicable,Police / Manual,Others,Others,Bitumen(Tar),Dry,Not Applicable,Fine,Hemmigepura Main Road,Shudda Kudiyuva jala,4km,0.0,0.0
Bengaluru City,Kengeri Traffic PS,1.04432e+16,2023,1,2,Road Accidents,Circle,City/Town,Near office complex,Not Applicable,Not Applicable,Simple Injury,Vehicle to Vehicle,Not at  Junction,Not Applicable,Two way,Not Applicable,Not Applicable,Not Applicable,Others,Myore Main Road,Near SRS Parking,1km,12.555484,77.525929
Bengaluru City,Kengeri Traffic PS,1.04432e+16,2023,1,2,Road Accidents,Cross roads,City/Town,Open area,Not Applicable,No,Simple Injury,Vehicle to Vehicle,Controlled,Not Applicable,Not Applicable,Not Applicable,Not Applicable,Not Applicable,Clear,Mysore Main Road,1,0.5,0.0,0.0
Bengaluru City,Kengeri Traffic PS,1.04432e+16,2023,1,1,Road Accidents,Cross roads,City/Town,Near Hospital,Not Applicable,No,Grievous Injury,Not Applicable,Controlled,Not Applicable,Not Applicable,Not Applicable,Not Applicable,Not Applicable,Clear,Kengeri Upanagara Main Road,1,1 km,12.933572,77.525929
Bengaluru City,Kengeri Traffic PS,1.04432e+16,2023,1,2,Road Accidents,Offset,City/Town,Open area,Not Applicable,No,Grievous Injury,Vehicle to Vehicle,Not at  Junction,Others,Others,Bitumen(Tar),Dry,Not Applicable,Fine,Kommaghatta Main Road,Sambav Build Pro,3km,0.0,0.0
Bengaluru City,Kengeri Traffic PS,1.04432e+16,2023,1,2,Road Accidents,Not Applicable,City/Town,Open area,Human Error,Not Applicable,Grievous Injury,Vehicle to Vehicle,Not Applicable,Others,Others,Bitumen(Tar),Dry,Not Applicable,Fine,Maruti Nagar Main Road,Bharat Petrol Bunk,4km,0.0,0.0
Bengaluru City,Kengeri Traffic PS,1.04432e+16,2023,1,2,Road Accidents,Not Applicable,City/Town,Open area,Human Error,Not Applicable,Grievous Injury,Vehicle to Vehicle,Not Applicable,Others,Others,Bitumen(Tar),Dry,Not Applicable,Fine,Ullal Main Road,Kodagu Samudaya Bhavan,5 KM,0.0,0.0
Bengaluru City,Kengeri Traffic PS,1.04432e+16,2023,1,2,Road Accidents,Not Applicable,City/Town,Near Bus stop,Human Error,Not Applicable,Damage Only,Vehicle to Vehicle,Police / Manual,Others,NH,Bitumen(Tar),Dry,Not Applicable,Fine,M,Madhu Junction,1km,0.0,0.0
Bengaluru City,Kengeri Traffic PS,1.04432e+16,2023,1,1,Road Accidents,Not Applicable,City/Town,Open area,Not Applicable,Not Applicable,Grievous Injury,Hit pedestrian,Not at  Junction,Others,Others,Bitumen(Tar),Dry,Not Applicable,Fine,Marutinagar Main Road,Indian Oil Petrol Bunk,3km,12.956787,77.478839
Bengaluru City,Kengeri Traffic PS,1.04432e+16,2023,1,2,Road Accidents,Not Applicable,City/Town,Residential area,Human Error,Not Applicable,Grievous Injury,Vehicle to Vehicle,Not at  Junction,Others,One way,Bitumen(Tar),Dry,Not Applicable,Others,R R nagar Main Road,Appu Biriyani,4km,0.0,0.0
Bengaluru City,Kengeri Traffic PS,1.04432e+16,2023,1,1,Road Accidents,Not Applicable,City/Town,Open area,Not Applicable,No,Grievous Injury,Hit pedestrian,Police / Manual,Others,Others,Bitumen(Tar),Dry,Not Applicable,Fine,Kommaghatta Main Road,BD Colony Cross,2Km,12.555488,77.468863
Bengaluru City,Kengeri Traffic PS,1.04432e+16,2023,1,2,Road Accidents,Not Applicable,City/Town,Open area,Human Error,Not Applicable,Grievous Injury,Vehicle to Vehicle,Signal lights Automatic,Others,NH,Bitumen(Tar),Dry,Not Applicable,Fine,Mysore Main Road,Madhu Petrol Junction,1KM,12.555488,77.469536
Bengaluru City,Kengeri Traffic PS,1.04432e+16,2023,1,1,Not Applicable,Not Applicable,City/Town,Near Bus stop,Human Error,Not Applicable,Grievous Injury,Hit pedestrian,Not Applicable,Curve,Mixed,Bitumen(Tar),Dry,Not Applicable,Fine,Mysure Main Road,Kengeri Bus Stop,1km,12.555472,77.468863
Bengaluru City,Kengeri Traffic PS,1.04432e+16,2023,1,1,Road Accidents,Junction,City/Town,Residential area,Human Error,Yes,Fatal,Hit pedestrian,Controlled,Not Applicable,NH,Bitumen(Tar),Dry,Not Applicable,Clear,MYSORE MAIN ROAD,Madhu Junction,1km,12.9129,77.485314
Bengaluru City,Kengeri Traffic PS,1.04432e+16,2023,1,2,Road Accidents,Not Applicable,City/Town,Residential area,Not Applicable,No,Grievous Injury,Vehicle to Vehicle,Not at  Junction,Others,Others,Bitumen(Tar),Dry,Not Applicable,Fine,Ideal Home 2nd Cross,Ideal Home Town Ship,4km,12.893591,77.470446
Bengaluru City,Kengeri Traffic PS,1.04432e+16,2023,1,2,Road Accidents,Not Applicable,City/Town,Open area,Human Error,No,Grievous Injury,Vehicle to Vehicle,Not at  Junction,Others,Others,Concrete,Dry,Not Applicable,Fine,Maruti Nagar Main Road,Kabir Matha,2km,12.963383,77.467469
Bengaluru City,Kengeri Traffic PS,1.04432e+16,2023,1,1,Road Accidents,Not Applicable,City/Town,Open area,Not Applicable,Not Applicable,Grievous Injury,Hit bicyclist,Not at  Junction,Others,Others,Bitumen(Tar),Not Applicable,Not Applicable,Fine,KLE College Road,Ashraya Badavane,5km,12.555485,77.0
Bengaluru City,Kengeri Traffic PS,1.04432e+16,2023,1,1,Road Accidents,Not Applicable,City/Town,Near office complex,Vehicle Defect,No,Simple Injury,Hit pedestrian,Not Applicable,Not Applicable,Others,Concrete,Dry,Construction Work / Material,Not Applicable,RR Nagara Police Station Road,COFFIE KATTE,5 KM,12.555488,77.46886
Bengaluru City,Kengeri Traffic PS,1.04432e+16,2023,1,1,Road Accidents,Offset,City/Town,Open area,Human Error,Not Applicable,Grievous Injury,Not Applicable,Not at  Junction,Others,Others,Concrete,Dry,Not Applicable,Others,Nice Road,Channasandra Bridge,7km,12.893591,77.468992
Bengaluru City,Kengeri Traffic PS,1.04432e+16,2023,1,1,Road Accidents,Not Applicable,City/Town,Open area,Human Error,Not Applicable,Not Applicable,Not Applicable,Not at  Junction,Others,Others,Bitumen(Tar),Dry,Not Applicable,Others,Univercity Campus,Ambekdar Study Center,4km,12.888366,77.467739
Bengaluru City,Kengeri Traffic PS,1.04432e+16,2023,1,2,Road Accidents,Not Applicable,City/Town,Open area,Not Applicable,No,Simple Injury,Not Applicable,Controlled,Not Applicable,Not Applicable,Not Applicable,Not Applicable,Not Applicable,Others,1,uttarahalli,1 km,12.905818,77.501722
Bengaluru City,Kengeri Traffic PS,1.04432e+16,2023,1,1,Road Accidents,Not Applicable,City/Town,Open area,Not Applicable,Not Applicable,Grievous Injury,Not Applicable,Not Applicable,Not Applicable,Two way,Not Applicable,Not Applicable,Not Applicable,Clear,RR Nagara Main Road,RR nagara,5km,0.0,0.0
Bengaluru City,Kengeri Traffic PS,1.04432e+16,2023,1,1,Not Applicable,Not Applicable,City/Town,Open area,Not Applicable,Not Applicable,Fatal,Not Applicable,Not Applicable,Not Applicable,Not Applicable,Not Applicable,Not Applicable,Not Applicable,Not Applicable,Myore Main Road,Near Bus stand,5km,0.0,0.0
Bengaluru City,Kengeri Traffic PS,1.04432e+16,2023,1,1,Not Applicable,Not Applicable,City/Town,Residential area,Not Applicable,Not Applicable,Fatal,Not Applicable,Not Applicable,Not Applicable,Not Applicable,Not Applicable,Not Applicable,Not Applicable,Not Applicable,KomMaghatta Main Road,Near Bandemata Arch,3.5km,0.0,0.0
Bengaluru City,Kengeri Traffic PS,1.04432e+16,2023,1,2,Road Accidents,Not Applicable,City/Town,Open area,Human Error,Not Applicable,Damage Only,Vehicle to Vehicle,Police / Manual,Not Applicable,NH,Bitumen(Tar),Dry,Not Applicable,Fine,Mysure Main Road,Madhu Junction,500mtr,0.0,0.0
Bengaluru City,Kengeri Traffic PS,1.04432e+16,2023,1,2,Road Accidents,Not Applicable,City/Town,Open area,Human Error,No,Not Applicable,Not Applicable,Not Applicable,Others,Others,Concrete,Dry,Not Applicable,Fine,Nice Road,Nice Office,2Km,12.555472,77.525929
Bengaluru City,Kengeri Traffic PS,1.04432e+16,2023,1,1,Road Accidents,Not Applicable,City/Town,Open area,Not Applicable,No,Fatal,Not Applicable,Not at  Junction,Not Applicable,Two way,Not Applicable,Not Applicable,Not Applicable,Clear,Marutinagar Main Road,1,3 km,12.966359,77.480763
Bengaluru City,Kengeri Traffic PS,1.04432e+16,2023,1,2,Road Accidents,Not Applicable,Rural Areas,Open area,Human Error,Not Applicable,Grievous Injury,Vehicle to Vehicle,Not Applicable,Others,Others,Concrete,Dry,Not Applicable,Fine,R R Nagar Main Road,43 Cross Ideal Home,5km,0.0,0.0
Bengaluru City,Kengeri Traffic PS,1.04432e+16,2023,1,1,Road Accidents,Offset,City/Town,Residential area,Human Error,No,Simple Injury,Not Applicable,Not at  Junction,Others,Others,Bitumen(Tar),Dry,Not Applicable,Fine,Water Tank Road,Water Tank,3km,0.0,0.0
Bengaluru City,Kengeri Traffic PS,1.04432e+16,2023,1,1,Road Accidents,Narrow road,Rural Areas,Residential area,Human Error,Yes,Fatal,Hit pedestrian,Uncontrolled,Not Applicable,NH,Bitumen(Tar),Others,Not Applicable,Clear,Mysore Main Road,NEAR GURU RENUKA BAR,0.5KM,0.0,0.0
Bengaluru City,Kengeri Traffic PS,1.04432e+16,2023,1,2,Road Accidents,Junction,City/Town,Open area,Not Applicable,No,Grievous Injury,Vehicle to Vehicle,Police / Manual,Others,Others,Bitumen(Tar),Dry,Not Applicable,Fine,Kommaghatta Main Road,Komaghatta cercle,2Km,0.0,0.0
Bengaluru City,Kengeri Traffic PS,1.04432e+16,2023,1,2,Road Accidents,Not Applicable,City/Town,Residential area,Human Error,Yes,Grievous Injury,Vehicle to Vehicle,Not at  Junction,Others,Others,Bitumen(Tar),Dry,Not Applicable,Cloudy,Jawaregowdana Doddi Main Road,Viagenta Appartment,4km,12.555485,77.475176
Bengaluru City,Kengeri Traffic PS,1.04432e+16,2023,1,1,Road Accidents,Not Applicable,City/Town,Residential area,Human Error,No,Grievous Injury,Hit pedestrian,Not at  Junction,Others,Residential Street,Bitumen(Tar),Dry,Not Applicable,Fine,Maramma Temple Street Road,Police Ramesh House,2 km,12.898915,77.470602
Bengaluru City,Kengeri Traffic PS,1.04432e+16,2023,1,2,Road Accidents,Not Applicable,City/Town,Open area,Human Error,No,Grievous Injury,Vehicle to Vehicle,Not at  Junction,Others,Others,Concrete,Dry,Not Applicable,Fine,Krishna Gardan Main Road,Srusti Vana Appartment,3km,12.896299,77.469536
Bengaluru City,Kengeri Traffic PS,1.04432e+16,2023,1,2,Road Accidents,Not Applicable,City/Town,Open area,Human Error,Not Applicable,Grievous Injury,Vehicle to Vehicle,Not at  Junction,Others,Others,Bitumen(Tar),Dry,Not Applicable,Fine,Nanjappa Layout,Stay Grand PG,2.5KM,12.883628,77.470446
Bengaluru City,Kengeri Traffic PS,1.04432e+16,2023,1,2,Road Accidents,Not Applicable,City/Town,Open area,Human Error,No,Not Applicable,Vehicle to Vehicle,Police / Manual,Others,NH,Bitumen(Tar),Dry,Not Applicable,Fine,Mysure Main Road,Janbhararti Signal,4km,12.897301,77.470446
Bengaluru City,Kengeri Traffic PS,1.04432e+16,2023,1,2,Road Accidents,Not Applicable,City/Town,Open area,Human Error,Not Applicable,Grievous Injury,Vehicle to Vehicle,Not at  Junction,Others,Others,Bitumen(Tar),Dry,Not Applicable,Fine,Amma Ashrama Road,Near Amma ashrama,4km,12.902752,77.471556
Bengaluru City,Kengeri Traffic PS,1.04432e+16,2023,1,2,Road Accidents,Not Applicable,City/Town,Open area,Not Applicable,No,Damage Only,Vehicle to Vehicle,Not at  Junction,Others,Others,Bitumen(Tar),Dry,Not Applicable,Fine,Kodipalay Main Road,Vinayak Layout Cross,2.5KM,12.897301,77.473152
Bengaluru City,Kumaraswamy Layout Traffic PS,1.04432e+16,2016,1,1,Road Accidents,Junction,City/Town,Near office complex,Not Applicable,No,Fatal,Hit pedestrian,Not at  Junction,Straight and flat,Others,Surfaced,Dry,No influence on accident,Fine,K.L Layout Main Road,1,3.km,77.56749,12.91099
Bengaluru City,Kumaraswamy Layout Traffic PS,1.04432e+16,2016,1,2,Road Accidents,Circle,City/Town,Near Bus stop,Not Applicable,Yes,Grievous Injury,Others,No signal lights,Others,NH,Surfaced,Dry,Not Applicable,Fine,National,A1,3.5 km,77.57399005,12.91140757
Bengaluru City,Kumaraswamy Layout Traffic PS,1.04432e+16,2016,1,1,Road Accidents,Other,City/Town,At pedestrian Crossing,Not Applicable,No,Grievous Injury,Hit pedestrian,Not at  Junction,Others,Two way,Bitumen(Tar),Dry,Not Applicable,Fine,dambar Road,Near Lake,0.5,77.4186464,12.1129459
Bengaluru City,Kumaraswamy Layout Traffic PS,1.04432e+16,2016,1,1,Road Accidents,Not Applicable,City/Town,Open area,Not Applicable,Not Applicable,Simple Injury,Others,Not at  Junction,Straight and flat,Mixed,Bitumen(Tar),Dry,Not Applicable,Fine,50 Feet road,Susheela glass & Plywoods,2 KM,77.5446514,12.1129463
Bengaluru City,Kumaraswamy Layout Traffic PS,1.04432e+16,2016,1,2,Road Accidents,Not Applicable,City/Town,Open area,Not Applicable,Not Applicable,Simple Injury,Others,Not at  Junction,Straight and flat,City or Town Road,Bitumen(Tar),Dry,Not Applicable,Fine,13th Main road,Near Bank of Baroda,1.5 KM,77.57327434,12.90154455