DISTRICTNAME,UNITNAME,Crime_No,Year,RI,Noofvehicle_involved,Accident_Classification,Accident_Spot,Accident_Location,Accident_SubLocation,Main_Cause,Hit_Run,Severity,Collision_Type,Junction_Control,Road_Character,Road_Type,Surface_Type,Surface_Condition,Road_Condition,Weather,Accident_Road,Landmark_first,Distance_LandMark_First,Latitude,Longitude
Bengaluru City,Kumaraswamy Layout Traffic PS,1.04432e+16,2016,1,2,Road Accidents,Narrow road,City/Town,Open area,Not Applicable,No,Damage Only,Rear end,Not at  Junction,Others,Two way,Bitumen(Tar),Dry,Not Applicable,Fine,dambar Road,NEAR HM WORLD CITY,6,77.5563957,12.8858225
Bengaluru City,Kumaraswamy Layout Traffic PS,1.04432e+16,2016,1,2,Road Accidents,Cross roads,City/Town,Near office complex,Not Applicable,Yes,Grievous Injury,Rear end,Police / Manual,Others,City or Town Road,Bitumen(Tar),Dry,Not Applicable,Fine,Damber Road,1,3km,77.553864,12.4089459
Bengaluru City,Kumaraswamy Layout Traffic PS,1.04432e+16,2016,1,1,Road Accidents,Cross roads,City/Town,Near Bus stop,Not Applicable,No,Grievous Injury,Hit pedestrian,Police / Manual,Others,City or Town Road,Bitumen(Tar),Dry,Not Applicable,Fine,Damber Road,Near Bus Stop,4KM,77.553864,12.4089459
Bengaluru City,Kumaraswamy Layout Traffic PS,1.04432e+16,2016,1,2,Road Accidents,Narrow road,City/Town,Near Hospital,Not Applicable,Yes,Damage Only,Others,Police / Manual,Others,City or Town Road,Bitumen(Tar),Dry,Not Applicable,Fine,Damber Road,Near Bus Stop,3,77.553864,12.4089459
Bengaluru City,Kumaraswamy Layout Traffic PS,1.04432e+16,2016,1,1,Road Accidents,Other,City/Town,Residential area,Human Error,Yes,Damage Only,Hit and Run,Not at  Junction,Others,City or Town Road,Bitumen(Tar),Dry,Not Applicable,Fine,Cement Road,Near Bus Stop,2,77.553864,12.4089459
Bengaluru City,Kumaraswamy Layout Traffic PS,1.04432e+16,2016,1,2,Road Accidents,Other,City/Town,Residential area,Not Applicable,Yes,Damage Only,Others,Not at  Junction,Others,City or Town Road,Bitumen(Tar),Dry,Not Applicable,Fine,dambar Road,Double Road,5,0.0,0.0
Bengaluru City,Kumaraswamy Layout Traffic PS,1.04432e+16,2016,1,1,Not Applicable,Other,City/Town,Near office complex,Human Error,Not Applicable,Not Applicable,Others,Not at  Junction,Others,Others,Bitumen(Tar),Dry,Not Applicable,Fine,Dambar Road,Near K S layout,4,77.553864,12.4089459
Bengaluru City,Kumaraswamy Layout Traffic PS,1.04432e+16,2016,1,2,Not Applicable,Other,City/Town,Near Bus stop,Human Error,Yes,Grievous Injury,Others,Not Applicable,Not Applicable,City or Town Road,Bitumen(Tar),Dry,Not Applicable,Fine,Damber road,Kumarswami layout,3 KM,77.553864,12.4089459
Bengaluru City,Kumaraswamy Layout Traffic PS,1.04432e+16,2016,1,1,Road Accidents,Junction,City/Town,Near Bus stop,Not Applicable,No,Simple Injury,Hit pedestrian,Not at  Junction,Straight and flat,NH,Surfaced,Wet,No influence on accident,Fine,Kanakapura Main Road,1,3 Km,77.5561895,12.8856943
Bengaluru City,Kumaraswamy Layout Traffic PS,1.04432e+16,2016,1,1,Road Accidents,Cross roads,City/Town,Near Hospital,Not Applicable,No,Grievous Injury,Others,No signal lights,Straight and flat,City or Town Road,Surfaced,Wet,Not Applicable,Fine,Kanakapura Mian Road,a,2 Km,77.5659,12.8928
Bengaluru City,Kumaraswamy Layout Traffic PS,1.04432e+16,2016,1,2,Road Accidents,Other,City/Town,Open area,Not Applicable,No,Grievous Injury,Others,Not Applicable,Others,Others,Surfaced,Dry,Not Applicable,Fine,nice Road,A2,5 km,77.66829989,12.8743176
Bengaluru City,Kumaraswamy Layout Traffic PS,1.04432e+16,2016,1,1,Road Accidents,Cross roads,City/Town,Near office complex,Not Applicable,No,Fatal,Hit pedestrian,Police / Manual,Others,NH,Bitumen(Tar),Dry,Not Applicable,Fine,Damber Road,Near Vasanthpura Cross,3km,77.6714521,12.219459
Bengaluru City,Kumaraswamy Layout Traffic PS,1.04432e+16,2016,1,2,Road Accidents,Not Applicable,City/Town,Near Bus stop,Not Applicable,Not Applicable,Grievous Injury,Others,Not at  Junction,Straight and flat,Mixed,Bitumen(Tar),Dry,Not Applicable,Fine,Kanakapura main road,Near metro,1.5 KM,77.55386414,12.4089459
Bengaluru City,Kumaraswamy Layout Traffic PS,1.04432e+16,2016,1,2,Road Accidents,Narrow road,City/Town,Near Bus stop,Not Applicable,No,Damage Only,Others,Not at  Junction,Others,NH,Bitumen(Tar),Dry,Not Applicable,Fine,dambar Road,NEAR JARAGANAHALLI BUS STOP,5,77.57327434,12.90154455
Bengaluru City,Kumaraswamy Layout Traffic PS,1.04432e+16,2016,1,2,Road Accidents,Junction,Not Applicable,Near Bus stop,Human Error,Not Applicable,Fatal,Others,Uncontrolled,Curve,Others,Bitumen(Tar),Dry,Not Applicable,Fine,chikkallasandra,chikkallasandra junction,02km,77.5446514,12.1129463
Bengaluru City,Kumaraswamy Layout Traffic PS,1.04432e+16,2016,1,1,Road Accidents,Not Applicable,City/Town,Near Bus stop,Not Applicable,Not Applicable,Grievous Injury,Others,Not at  Junction,Straight and flat,Mixed,Bitumen(Tar),Dry,Not Applicable,Fine,15 F Bus stop road,Near BWSSB water tank,2 KM,77.57327434,12.90154455
Bengaluru City,Kumaraswamy Layout Traffic PS,1.04432e+16,2016,1,1,Road Accidents,Not Applicable,City/Town,Open area,Not Applicable,Not Applicable,Grievous Injury,Others,Not at  Junction,Straight and flat,Two way,Bitumen(Tar),Dry,Not Applicable,Fine,Anjanapura main road,Near Ananda Bhavan Hotel,1 KM,77.573864,12.4289459
Bengaluru City,Kumaraswamy Layout Traffic PS,1.04432e+16,2016,1,2,Road Accidents,Not Applicable,City/Town,Near office complex,Not Applicable,Not Applicable,Damage Only,Others,Not at  Junction,Straight and flat,City or Town Road,Bitumen(Tar),Dry,Not Applicable,Fine,Kanakapura main road,Near Metro,2 KM,77.553864,12.4089459
Bengaluru City,Kumaraswamy Layout Traffic PS,1.04432e+16,2016,1,2,Road Accidents,Narrow road,City/Town,Near office complex,Human Error,No,Grievous Injury,Others,Not at  Junction,Others,City or Town Road,Bitumen(Tar),Dry,Not Applicable,Fine,Dambar Road,Annayyappa Road,5,77.553864,12.4089459
Bengaluru City,Kumaraswamy Layout Traffic PS,1.04432e+16,2016,1,1,Road Accidents,Narrow road,City/Town,At pedestrian Crossing,Not Applicable,No,Grievous Injury,Hit pedestrian,Not at  Junction,Others,NH,Bitumen(Tar),Dry,Not Applicable,Fine,Damber Road,Near Bus Stop,5,77.553864,12.4089459
Bengaluru City,Kumaraswamy Layout Traffic PS,1.04432e+16,2016,1,1,Road Accidents,Other,City/Town,At pedestrian Crossing,Human Error,Yes,Grievous Injury,Hit and Run,Not at  Junction,Others,City or Town Road,Bitumen(Tar),Dry,Not Applicable,Fine,Dambar Road,JARAGANAHALLI BUS STAND,5,77.553864,12.4089459
Bengaluru City,Kumaraswamy Layout Traffic PS,1.04432e+16,2016,1,2,Road Accidents,Cross roads,City/Town,Near a religious place,Not Applicable,No,Grievous Injury,Others,Not at  Junction,Slight Curve,Others,Surfaced,Others,Pot holed,Fine,Gowdana palya Main Road,A2,3 km,77.5580534,12.90902
Bengaluru City,Kumaraswamy Layout Traffic PS,1.04432e+16,2016,1,1,Road Accidents,Other,City/Town,In bazaar,Not Applicable,Yes,Simple Injury,Others,Not at  Junction,Others,Others,Surfaced,Dry,Not Applicable,Fine,Ganapathi pura main Road,A2,4 km,77.5580165,12.9140811
Bengaluru City,Kumaraswamy Layout Traffic PS,1.04432e+16,2016,1,2,Road Accidents,Not Applicable,City/Town,Open area,Not Applicable,Not Applicable,Grievous Injury,Others,Not Applicable,Straight and flat,City or Town Road,Bitumen(Tar),Dry,Not Applicable,Fine,Gowdanapalya main road,Gowdanapalya main road,1 KM,77.3614521,12.259459
Bengaluru City,Kumaraswamy Layout Traffic PS,1.04432e+16,2016,1,2,Road Accidents,Narrow road,City/Town,Near a factory industrial area,Not Applicable,No,Grievous Injury,Others,Police / Manual,Others,NH,Bitumen(Tar),Dry,Not Applicable,Fine,Damber Road,Near Bus Stop,4KM,77.57327434,12.90154455
Bengaluru City,Kumaraswamy Layout Traffic PS,1.04432e+16,2016,1,1,Road Accidents,Cross roads,City/Town,At pedestrian Crossing,Not Applicable,Yes,Fatal,Hit and Run,Police / Manual,Not Applicable,NH,Bitumen(Tar),Dry,Not Applicable,Fine,Damber Road,Near Banashankari Temple,5,77.4886464,12.1929459
Bengaluru City,Kumaraswamy Layout Traffic PS,1.04432e+16,2016,1,2,Road Accidents,Not Applicable,City/Town,Near office complex,Not Applicable,Not Applicable,Simple Injury,Others,Not at  Junction,Straight and flat,City or Town Road,Bitumen(Tar),Dry,Not Applicable,Fine,Kanakapura Main road,Near Metro,1 KM,77.56386414,12.1129463
Bengaluru City,Kumaraswamy Layout Traffic PS,1.04432e+16,2016,1,2,Road Accidents,Not Applicable,City/Town,Open area,Not Applicable,Not Applicable,Simple Injury,Others,Not at  Junction,Straight and flat,City or Town Road,Bitumen(Tar),Dry,Not Applicable,Fine,Vasanthapura Main road,ISRO Layout,1 K m,77.3614521,12.259459
Bengaluru City,Kumaraswamy Layout Traffic PS,1.04432e+16,2016,1,2,Not Applicable,Narrow road,City/Town,Near office complex,Not Applicable,No,Grievous Injury,Others,Police / Manual,Others,City or Town Road,Bitumen(Tar),Dry,Not Applicable,Fine,Damber Road,Anjanapura Main road,6KM,77.553864,12.4089459
Bengaluru City,Kumaraswamy Layout Traffic PS,1.04432e+16,2016,1,2,Road Accidents,Curves,City/Town,Near office complex,Not Applicable,Yes,Grievous Injury,Rear end,Not at  Junction,Others,City or Town Road,Bitumen(Tar),Dry,Not Applicable,Fine,Damber Road,Near Mahalaxshimi Bankars,7,77.553864,12.4089459
Bengaluru City,Kumaraswamy Layout Traffic PS,1.04432e+16,2016,1,1,Road Accidents,Narrow road,City/Town,Near office complex,Human Error,Yes,Grievous Injury,Others,Not at  Junction,Others,City or Town Road,Bitumen(Tar),Dry,Not Applicable,Fine,D,Near Bus Stop,2,77.553864,12.4089459
Bengaluru City,Kumaraswamy Layout Traffic PS,1.04432e+16,2016,1,2,Road Accidents,Junction,City/Town,Near office complex,Not Applicable,Yes,Damage Only,Others,Signal lights Automatic,Others,NH,Bitumen(Tar),Dry,Not Applicable,Fine,dambar Road,near kodes factory,3,0.0,0.0
Bengaluru City,Kumaraswamy Layout Traffic PS,1.04432e+16,2016,1,2,Road Accidents,Junction,City/Town,Near Petrol Pump,Not Applicable,No,Grievous Injury,Head on,No signal lights,Straight and flat,Others,Surfaced,Dry,No influence on accident,Fine,Dr Visnhuvardhan Road,Na,2 Km,12.90823368,77.53949652
Bengaluru City,Kumaraswamy Layout Traffic PS,1.04432e+16,2016,1,1,Road Accidents,Narrow road,City/Town,Near a religious place,Not Applicable,No,Grievous Injury,Others,Not Applicable,Straight and flat,Others,Surfaced,Dry,Not Applicable,Cloudy,Dr Vishnuvardhan Road,A2,1.5 Km,77.55017213,12.90943349
Bengaluru City,Kumaraswamy Layout Traffic PS,1.04432e+16,2016,1,2,Road Accidents,Circle,City/Town,In bazaar,Not Applicable,No,Damage Only,Not Applicable,No signal lights,Not Applicable,NH,Surfaced,Dry,Not Applicable,Fine,National Highway,A2,2.5 km,77.6514521,12.299459
Bengaluru City,Kumaraswamy Layout Traffic PS,1.04432e+16,2016,1,3,Road Accidents,Narrow road,City/Town,Near a factory industrial area,Not Applicable,No,Fatal,Others,Signal lights Automatic,Others,NH,Bitumen(Tar),Dry,Not Applicable,Fine,Damber Road,Near Kodes Factory,3,77.5586414,12.1489459
Bengaluru City,Kumaraswamy Layout Traffic PS,1.04432e+16,2016,1,2,Road Accidents,Narrow road,City/Town,Near Bus stop,Not Applicable,Not Applicable,Fatal,Others,Police / Manual,Others,NH,Bitumen(Tar),Dry,Not Applicable,Fine,Damber Road,Near Gubbalala Gate,5,77.56481792,12.90432985
Bengaluru City,Kumaraswamy Layout Traffic PS,1.04432e+16,2016,1,1,Road Accidents,Cross roads,City/Town,At pedestrian Crossing,Not Applicable,No,Fatal,Hit pedestrian,Police / Manual,Others,NH,Bitumen(Tar),Dry,Not Applicable,Fine,Damber Road,Near Banashankari Temple,4,77.6814521,12.229459
Bengaluru City,Kumaraswamy Layout Traffic PS,1.04432e+16,2016,1,2,Road Accidents,Other,City/Town,Open area,Not Applicable,Not Applicable,Not Applicable,Others,Not at  Junction,Straight and flat,City or Town Road,Bitumen(Tar),Dry,Not Applicable,Fine,Kengeri Uttharahalli main road,Uttharahalli main road,1 KM,77.57327434,12.90154455
Bengaluru City,Kumaraswamy Layout Traffic PS,1.04432e+16,2016,1,1,Not Applicable,Narrow road,City/Town,Near or inside a village,Not Applicable,No,Grievous Injury,Hit pedestrian,Police / Manual,Others,City or Town Road,Bitumen(Tar),Dry,Not Applicable,Fine,Damber Road,Anjanapura dubble road,6KM,77.573864,12.4289459
Bengaluru City,Kumaraswamy Layout Traffic PS,1.04432e+16,2016,1,1,Road Accidents,Other,City/Town,Near office complex,Not Applicable,Yes,Simple Injury,Not Applicable,Not at  Junction,Straight and flat,City or Town Road,Bitumen(Tar),Dry,Not Applicable,Fine,Uttharahalli Main road,Near Poorvika Mobile shop,0.5KM,77.56386414,12.4089459
Bengaluru City,Kumaraswamy Layout Traffic PS,1.04432e+16,2016,1,2,Road Accidents,Narrow road,City/Town,Near Bus stop,Not Applicable,No,Simple Injury,Rear end,Police / Manual,Others,NH,Bitumen(Tar),Dry,Not Applicable,Fine,Damber Road,Near Metel Closer,3,77.553864,12.4089459
Bengaluru City,Kumaraswamy Layout Traffic PS,1.04432e+16,2016,1,1,Road Accidents,Narrow road,City/Town,Near Bus stop,Human Error,Yes,Grievous Injury,Hit pedestrian,Not at  Junction,Others,City or Town Road,Bitumen(Tar),Dry,Not Applicable,Fine,Dambar Road,Near Bus Stop,5,77.553864,12.4089459
Bengaluru City,Kumaraswamy Layout Traffic PS,1.04432e+16,2016,1,2,Road Accidents,Other,City/Town,Near Bus stop,Human Error,No,Grievous Injury,Others,Not at  Junction,Others,City or Town Road,Bitumen(Tar),Dry,Not Applicable,Fine,damber road,Kanakapura main road,4 KM,77.553864,12.4089459
Bengaluru City,Kumaraswamy Layout Traffic PS,1.04432e+16,2016,1,2,Road Accidents,Other,City/Town,Near Bus stop,Human Error,Yes,Grievous Injury,Head on,Not Applicable,Others,City or Town Road,Bitumen(Tar),Dry,Not Applicable,Fine,Dambar Road,Near Kumarence School,6,77.553864,12.4089459
Bengaluru City,Kumaraswamy Layout Traffic PS,1.04432e+16,2016,1,2,Road Accidents,Staggered junction,City/Town,Open area,Not Applicable,No,Fatal,Others,Not at  Junction,Others,Others,Bitumen(Tar),Dry,Not Applicable,Fine,dambar Road,Near Hopcoms,3,0.0,0.0
Bengaluru City,Kumaraswamy Layout Traffic PS,1.04432e+16,2016,1,1,Not Applicable,Junction,City/Town,Near Bus stop,Not Applicable,No,Damage Only,Others,Not at  Junction,Others,City or Town Road,Bitumen(Tar),Dry,Not Applicable,Fine,Damber Road,1,3km,77.553864,12.4089459
Bengaluru City,Kumaraswamy Layout Traffic PS,1.04432e+16,2016,1,1,Not Applicable,Other,City/Town,Near Bus stop,Human Error,Yes,Grievous Injury,Others,Not at  Junction,Not Applicable,City or Town Road,Bitumen(Tar),Dry,Not Applicable,Fine,Damber road,Kumarswami layout,3 KM,77.553864,12.4089459
Bengaluru City,Kumaraswamy Layout Traffic PS,1.04432e+16,2016,1,1,Not Applicable,Narrow road,City/Town,At pedestrian Crossing,Not Applicable,No,Simple Injury,Hit pedestrian,Not at  Junction,Others,Others,Bitumen(Tar),Dry,Not Applicable,Fine,dambar Road,Near bus Stop,5,77.5563957,12.8858225
Bengaluru City,Kumaraswamy Layout Traffic PS,1.04432e+16,2016,1,2,Road Accidents,Not Applicable,City/Town,Near Bus stop,Not Applicable,Not Applicable,Grievous Injury,Others,Not at  Junction,Straight and flat,City or Town Road,Bitumen(Tar),Dry,Not Applicable,Fine,Kanakapura main road,Near Karthik bar,2 KM,77.6814521,12.229459
Bengaluru City,Kumaraswamy Layout Traffic PS,1.04432e+16,2016,1,2,Road Accidents,Not Applicable,City/Town,Open area,Not Applicable,Not Applicable,Grievous Injury,Others,Not at  Junction,Straight and flat,Mixed,Bitumen(Tar),Dry,Not Applicable,Fine,"Doctor's Layout Main road,",Chikkallasandra,1.5 KM,77.4486464,12.1229459
Bengaluru City,Kumaraswamy Layout Traffic PS,1.04432e+16,2016,1,2,Road Accidents,Not Applicable,City/Town,Open area,Not Applicable,Not Applicable,Grievous Injury,Others,Not at  Junction,Straight and flat,City or Town Road,Bitumen(Tar),Dry,Not Applicable,Fine,Kumaraswamy layout main road,Near KSL Layout,01 KM,77.5732324,12.91562
Bengaluru City,Kumaraswamy Layout Traffic PS,1.04432e+16,2016,1,1,Road Accidents,Narrow road,City/Town,At pedestrian Crossing,Not Applicable,Yes,Grievous Injury,Hit pedestrian,Not at  Junction,Others,City or Town Road,Bitumen(Tar),Dry,Not Applicable,Fine,dambar Road,Near Kanakapura Main Road,3,77.5662342,12.8827499
Bengaluru City,Kumaraswamy Layout Traffic PS,1.04432e+16,2016,1,2,Road Accidents,Other,City/Town,Open area,Not Applicable,No,Damage Only,Others,Not at  Junction,Others,Others,Bitumen(Tar),Dry,Not Applicable,Fine,dambar Road,Near Devi Priya Bekari,6,77.4486464,12.1229459
Bengaluru City,Kumaraswamy Layout Traffic PS,1.04432e+16,2016,1,1,Road Accidents,Other,City/Town,At pedestrian Crossing,Not Applicable,No,Grievous Injury,Hit pedestrian,Not at  Junction,Others,City or Town Road,Bitumen(Tar),Dry,Not Applicable,Fine,dambar Road,Near Anjaneya Temple,6,77.57327434,12.90154455
Bengaluru City,Kumaraswamy Layout Traffic PS,1.04432e+16,2016,1,2,Road Accidents,Other,City/Town,Near a factory industrial area,Not Applicable,No,Grievous Injury,Others,Not at  Junction,Others,Two way,Bitumen(Tar),Dry,Not Applicable,Fine,dambar Road,Near herish Factory,3,77.57327434,12.90154455
Bengaluru City,Kumaraswamy Layout Traffic PS,1.04432e+16,2016,1,2,Road Accidents,Junction,City/Town,Near Bus stop,Not Applicable,Yes,Damage Only,Others,Signal lights Automatic,Straight and flat,NH,Surfaced,Dry,Not Applicable,Fine,Kanakapura Main Road,A2,3.5 Km,77.57350825,12.90432985
Bengaluru City,Kumaraswamy Layout Traffic PS,1.04432e+16,2016,1,1,Road Accidents,Junction,City/Town,At pedestrian Crossing,Not Applicable,Yes,Grievous Injury,Hit pedestrian,Signal lights Manual,Others,NH,Bitumen(Tar),Dry,Not Applicable,Fine,dambar Road,Siddalingappa Hospital,3,77.57327434,12.90154455
Bengaluru City,Kumaraswamy Layout Traffic PS,1.04432e+16,2016,1,2,Road Accidents,Not Applicable,City/Town,Near School or College,Not Applicable,Not Applicable,Grievous Injury,Others,Not at  Junction,Straight and flat,City or Town Road,Bitumen(Tar),Dry,Not Applicable,Fine,Vital Nagara main road,Near Dayananda sagar college,1 km,77.5446514,12.1129463
Bengaluru City,Kumaraswamy Layout Traffic PS,1.04432e+16,2016,1,2,Road Accidents,Cross roads,City/Town,Near Bus stop,Not Applicable,No,Grievous Injury,Others,Police / Manual,Others,City or Town Road,Bitumen(Tar),Others,Not Applicable,Fine,DAMBAR ROAD,NEAR BUS STOP,2,77.57327434,12.90154455
Bengaluru City,Kumaraswamy Layout Traffic PS,1.04432e+16,2016,1,2,Road Accidents,Not Applicable,City/Town,Open area,Not Applicable,Not Applicable,Grievous Injury,Others,Not at  Junction,Straight and flat,City or Town Road,Bitumen(Tar),Dry,Not Applicable,Fine,Kanakapura main road,Near Indian Oil petrol bunk,2 KM,77.57327434,12.90154455
Bengaluru City,Kumaraswamy Layout Traffic PS,1.04432e+16,2016,1,2,Road Accidents,Other,City/Town,Near office complex,Not Applicable,Yes,Grievous Injury,Others,Not at  Junction,Others,Two way,Bitumen(Tar),Dry,Not Applicable,Fine,Damber Road,Near Co Opparetive bank,5,77.5446514,12.1129463
Bengaluru City,Kumaraswamy Layout Traffic PS,1.04432e+16,2016,1,2,Road Accidents,Other,City/Town,Near Petrol Pump,Not Applicable,Not Applicable,Grievous Injury,Others,Not at  Junction,Straight and flat,City or Town Road,Bitumen(Tar),Dry,Not Applicable,Fine,Kanakapura main road,Near RMS School,1.5 KM,77.3614521,12.259459
Bengaluru City,Kumaraswamy Layout Traffic PS,1.04432e+16,2016,1,2,Road Accidents,Narrow road,City/Town,Narrow bridge or culverts,Not Applicable,No,Fatal,Rear end,Not at  Junction,Others,City or Town Road,Bitumen(Tar),Dry,Not Applicable,Fine,Damber Road,Near Shannmuga Temple,8km,77.3714521,12.258459
Bengaluru City,Kumaraswamy Layout Traffic PS,1.04432e+16,2016,1,2,Road Accidents,Circle,City/Town,Near office complex,Not Applicable,Yes,Damage Only,Rear end,No signal lights,Others,Others,Bitumen(Tar),Dry,Not Applicable,Fine,dambar Road,Near Uttarahalli,0.5,77.553864,12.4089459
Bengaluru City,Kumaraswamy Layout Traffic PS,1.04432e+16,2016,1,1,Road Accidents,Cross roads,City/Town,At pedestrian Crossing,Human Error,Yes,Grievous Injury,Hit pedestrian,Not at  Junction,Others,City or Town Road,Bitumen(Tar),Dry,Pot holed,Fine,Dambar Road,Near petrol bunk,5,77.553864,12.4089459
Bengaluru City,Kumaraswamy Layout Traffic PS,1.04432e+16,2016,1,1,Road Accidents,Narrow road,City/Town,At pedestrian Crossing,Not Applicable,Yes,Fatal,Hit and Run,Not at  Junction,Others,City or Town Road,Bitumen(Tar),Dry,Not Applicable,Fine,dambar Road,Uttarahalli main road,0.5,77.553864,12.4089459
Bengaluru City,Kumaraswamy Layout Traffic PS,1.04432e+16,2016,1,1,Road Accidents,Round about or Circle,City/Town,Near School or College,Not Applicable,No,Grievous Injury,Hit pedestrian,No signal lights,Straight and flat,NH,Surfaced,Dry,Not Applicable,Fine,Kanakapura Main Road,Ns,4 Km,77.57681415,12.9459247
Bengaluru City,Kumaraswamy Layout Traffic PS,1.04432e+16,2016,1,2,Road Accidents,Cross roads,City/Town,Near office complex,Not Applicable,Yes,Fatal,Head on,Police / Manual,Curve,City or Town Road,Bitumen(Tar),Dry,Not Applicable,Fine,Damber Road,Jamdusavari Main Road,5,77.57350825,12.90432985
Bengaluru City,Kumaraswamy Layout Traffic PS,1.04432e+16,2016,1,1,Road Accidents,Not Applicable,City/Town,Open area,Not Applicable,Not Applicable,Grievous Injury,Others,Not at  Junction,Others,City or Town Road,Bitumen(Tar),Dry,Not Applicable,Fine,Vasanthapura main road,Near Sharadanagara,1 KM,77.4286464,12.1129459
Bengaluru City,Kumaraswamy Layout Traffic PS,1.04432e+16,2016,1,2,Road Accidents,Circle,City/Town,Near office complex,Not Applicable,Not Applicable,Grievous Injury,Others,Not at  Junction,Straight and flat,City or Town Road,Bitumen(Tar),Dry,Not Applicable,Fine,Subramanyapura Main road,Near Manappuram Finance office,0.5 KM,77.56386414,12.4189459
Bengaluru City,Kumaraswamy Layout Traffic PS,1.04432e+16,2016,1,1,Not Applicable,Cross roads,City/Town,Residential area,Human Error,No,Fatal,Rear end,No signal lights,Others,Two way,Bitumen(Tar),Dry,Not Applicable,Clear,UTTARAHALLI ROAD,1,1,77.553864,12.4089459
Bengaluru City,Kumaraswamy Layout Traffic PS,1.04432e+16,2016,1,2,Road Accidents,Other,City/Town,Residential area,Not Applicable,Not Applicable,Grievous Injury,Others,Not at  Junction,Straight and flat,City or Town Road,Bitumen(Tar),Dry,Not Applicable,Fine,Uttharahalli Main road,Near Rainbow Apartment,0.5 KM,77.553864,12.4089459
Bengaluru City,Kumaraswamy Layout Traffic PS,1.04432e+16,2016,1,2,Road Accidents,Cross roads,City/Town,Residential area,Not Applicable,No,Grievous Injury,Rear end,Police / Manual,Others,Residential Street,Bitumen(Tar),Dry,Not Applicable,Fine,Damber Road,near apparetment,3km,77.553864,12.4089459
Bengaluru City,Kumaraswamy Layout Traffic PS,1.04432e+16,2016,1,2,Road Accidents,Cross roads,City/Town,Near office complex,Not Applicable,Yes,Fatal,Rear end,Police / Manual,Others,City or Town Road,Bitumen(Tar),Dry,Not Applicable,Fine,Damber Road,1,5KM,77.553864,12.4089459
Bengaluru City,Kumaraswamy Layout Traffic PS,1.04432e+16,2016,1,2,Road Accidents,Other,City/Town,Near Bus stop,Human Error,Yes,Simple Injury,Others,Not at  Junction,Others,City or Town Road,Bitumen(Tar),Dry,Not Applicable,Fine,Dambar Road,Near Bus Stop,3,77.553864,12.4089459
Bengaluru City,Kumaraswamy Layout Traffic PS,1.04432e+16,2016,1,2,Road Accidents,Not Applicable,City/Town,Open area,Not Applicable,Not Applicable,Grievous Injury,Others,Not at  Junction,Straight and flat,City or Town Road,Bitumen(Tar),Dry,Not Applicable,Fine,Anjanapura Main road,Near Hari TVS Show room,3.5 KM,77.553864,12.4089459
Bengaluru City,Kumaraswamy Layout Traffic PS,1.04432e+16,2016,1,2,Road Accidents,Round about or Circle,City/Town,Near Bus stop,Not Applicable,No,Simple Injury,Run Off Road,Not at  Junction,Straight and flat,Others,Surfaced,Wet,No influence on accident,Fine,Vasantapura Main Road,Na,0.5 Km,77.546753,12.89740969
Bengaluru City,Kumaraswamy Layout Traffic PS,1.04432e+16,2016,1,2,Road Accidents,Junction,City/Town,Near office complex,Not Applicable,No,Fatal,Overturning,No signal lights,Curve and Incline,Others,Surfaced,Others,Not Applicable,Fine,Ittamadu Main Road,A2,2 Km,77.53544,12.90799
Bengaluru City,Kumaraswamy Layout Traffic PS,1.04432e+16,2016,1,1,Road Accidents,Narrow road,City/Town,Near Bus stop,Not Applicable,Yes,Grievous Injury,Hit and Run,Not Applicable,Curve,Others,Surfaced,Others,Not Applicable,Fine,Others Road,A2,5 km,77.5662342,12.8827499
Bengaluru City,Kumaraswamy Layout Traffic PS,1.04432e+16,2016,1,2,Road Accidents,Other,City/Town,Open area,Not Applicable,Yes,Grievous Injury,Others,Police / Manual,Others,Two way,Bitumen(Tar),Dry,Not Applicable,Fine,Damber Road,Near BWSS WATER SAPLY,4,77.57327434,12.90154455
Bengaluru City,Kumaraswamy Layout Traffic PS,1.04432e+16,2016,1,2,Road Accidents,Other,City/Town,Residential area,Not Applicable,No,Damage Only,Head on,Police / Manual,Others,City or Town Road,Bitumen(Tar),Dry,Not Applicable,Fine,Damber Road,Near Bus Stop,04 km,77.563864,12.4089459