DISTRICTNAME,UNITNAME,Crime_No,Year,RI,Noofvehicle_involved,Accident_Classification,Accident_Spot,Accident_Location,Accident_SubLocation,Main_Cause,Hit_Run,Severity,Collision_Type,Junction_Control,Road_Character,Road_Type,Surface_Type,Surface_Condition,Road_Condition,Weather,Accident_Road,Landmark_first,Distance_LandMark_First,Latitude,Longitude
Bengaluru City,Kumaraswamy Layout Traffic PS,1.04432e+16,2019,1,2,Road Accidents,Other,City/Town,Near a religious place,Human Error,No,Grievous Injury,Head on,Not at  Junction,Others,City or Town Road,Bitumen(Tar),Dry,Not Applicable,Fine,Dambar Road,Uttharahalli,0.5 KM,0.0,0.0
Bengaluru City,Kumaraswamy Layout Traffic PS,1.04432e+16,2019,1,2,Road Accidents,Narrow road,City/Town,Near office complex,Human Error,No,Grievous Injury,Vehicle to Vehicle,Uncontrolled,Straight and flat,Others,Bitumen(Tar),Dry,Not Applicable,Fine,CHUNCHAGATTA MAIN ROAD NEAR MUTHOOT FIN CORP,Chunchaghatta Main Road,6,0.0,0.0
Bengaluru City,Kumaraswamy Layout Traffic PS,1.04432e+16,2019,1,1,Road Accidents,Other,City/Town,Residential area,Human Error,Not Applicable,Grievous Injury,Hit pedestrian,Not at  Junction,Others,City or Town Road,Bitumen(Tar),Dry,Not Applicable,Fine,Cement Road,Ganapathipura Main Road,4,0.0,0.0
Bengaluru City,Kumaraswamy Layout Traffic PS,1.04432e+16,2019,1,2,Road Accidents,Junction,City/Town,Near Bus stop,Human Error,Yes,Fatal,Vehicle to Vehicle,Not at  Junction,Others,Others,Bitumen(Tar),Dry,Not Applicable,Clear,KOTTANURU MAIN ROAD NEAR SLV HOTEL J P NAGARA,Near SLV Hotel,8,0.0,0.0
Bengaluru City,Kumaraswamy Layout Traffic PS,1.04432e+16,2019,1,2,Road Accidents,Narrow road,Rural Areas,Narrow bridge or culverts,Human Error,Not Applicable,Grievous Injury,Vehicle to Vehicle,Not at  Junction,Others,Others,Bitumen(Tar),Dry,Not Applicable,Fine,Dambar Road,Sompura Toll,8,0.0,0.0
Bengaluru City,Kumaraswamy Layout Traffic PS,1.04432e+16,2019,1,2,Road Accidents,Narrow road,City/Town,Near office complex,Human Error,Yes,Grievous Injury,Vehicle to Vehicle,Not at  Junction,Others,Two way,Bitumen(Tar),Dry,Not Applicable,Fine,Near Prerana School,Kengeri Main Road,2,0.0,0.0
Bengaluru City,Kumaraswamy Layout Traffic PS,1.04432e+16,2019,1,2,Road Accidents,Narrow road,City/Town,Near office complex,Human Error,Yes,Grievous Injury,Vehicle to Vehicle,Not at  Junction,Others,One way,Bitumen(Tar),Dry,Not Applicable,Fine,Kanakapura main road,Near Tata Show Room,5,0.0,0.0
Bengaluru City,Kumaraswamy Layout Traffic PS,1.04432e+16,2019,1,2,Road Accidents,Narrow road,City/Town,Near a religious place,Human Error,Not Applicable,Grievous Injury,Vehicle to Vehicle,Not at  Junction,Others,NH,Bitumen(Tar),Dry,Not Applicable,Fine,Kanakapura main road,Banashankari Temple,5,0.0,0.0
Bengaluru City,Kumaraswamy Layout Traffic PS,1.04432e+16,2019,1,2,Road Accidents,Narrow road,City/Town,Near a religious place,Human Error,Yes,Grievous Injury,Vehicle to Vehicle,Not at  Junction,Others,Others,Bitumen(Tar),Dry,Not Applicable,Fine,K S Layout Road,64th Cross,3,0.0,0.0
Bengaluru City,Kumaraswamy Layout Traffic PS,1.04432e+16,2019,1,2,Road Accidents,Narrow road,City/Town,Near Bus stop,Human Error,No,Grievous Injury,Head on,Not at  Junction,Others,City or Town Road,Bitumen(Tar),Dry,Not Applicable,Fine,Dambar Road,Gottigere Main Road,8,0.0,0.0
Bengaluru City,Kumaraswamy Layout Traffic PS,1.04432e+16,2019,1,2,Road Accidents,Narrow road,City/Town,Near office complex,Human Error,Yes,Simple Injury,Hit and Run,Police / Manual,Others,City or Town Road,Bitumen(Tar),Dry,Not Applicable,Fine,Dambar Road,Kanakapura Main Road,5,0.0,0.0
Bengaluru City,Kumaraswamy Layout Traffic PS,1.04432e+16,2019,1,2,Road Accidents,Junction,City/Town,Near Bus stop,Human Error,No,Simple Injury,Rear end,Police / Manual,Others,City or Town Road,Bitumen(Tar),Dry,Not Applicable,Fine,Dambar Road,K S Layout Juntion,3,0.0,0.0
Bengaluru City,Kumaraswamy Layout Traffic PS,1.04432e+16,2019,1,3,Road Accidents,Other,Rural Areas,Open area,Human Error,No,Damage Only,Others,Not at  Junction,Others,Others,Bitumen(Tar),Dry,Not Applicable,Fine,Dambar Road,Nice Road,08 KM,0.0,0.0
Bengaluru City,Kumaraswamy Layout Traffic PS,1.04432e+16,2019,1,2,Road Accidents,Narrow road,City/Town,Near School or College,Human Error,Yes,Damage Only,Rear end,Not at  Junction,Others,NH,Bitumen(Tar),Dry,Not Applicable,Fine,Dambar Road,Kanakapura Main Road,06 KM,0.0,0.0
Bengaluru City,Kumaraswamy Layout Traffic PS,1.04432e+16,2019,1,1,Road Accidents,Narrow road,City/Town,At pedestrian Crossing,Human Error,No,Grievous Injury,Hit pedestrian,Not at  Junction,Others,City or Town Road,Bitumen(Tar),Dry,Not Applicable,Fine,Dambar Road,B K Circle,8,0.0,0.0
Bengaluru City,Kumaraswamy Layout Traffic PS,1.04432e+16,2019,1,1,Road Accidents,Narrow road,City/Town,Near Petrol Pump,Human Error,Not Applicable,Grievous Injury,Hit pedestrian,Not at  Junction,Others,City or Town Road,Bitumen(Tar),Dry,Not Applicable,Fine,Dambar Road,Konankunte Cross,03 KM,0.0,0.0
Bengaluru City,Kumaraswamy Layout Traffic PS,1.04432e+16,2019,1,2,Road Accidents,Not Applicable,Rural Areas,Residential area,Human Error,No,Grievous Injury,Vehicle to Vehicle,Not at  Junction,Others,Others,Bitumen(Tar),Dry,Not Applicable,Fine,Dambar Road,Near Purvankura Apprartment,8,0.0,0.0
Bengaluru City,Kumaraswamy Layout Traffic PS,1.04432e+16,2019,1,2,Road Accidents,Junction,City/Town,Near Petrol Pump,Human Error,Not Applicable,Grievous Injury,Vehicle to Vehicle,Signal lights Automatic,Others,NH,Bitumen(Tar),Dry,Not Applicable,Fine,Dambar Road,Sarakki,5,0.0,0.0
Bengaluru City,Kumaraswamy Layout Traffic PS,1.04432e+16,2019,1,2,Road Accidents,Narrow road,City/Town,Residential area,Human Error,Not Applicable,Grievous Injury,Vehicle to Vehicle,Not at  Junction,Others,Residential Street,Bitumen(Tar),Dry,Not Applicable,Others,Dambar Road,Appartment,2,0.0,0.0
Bengaluru City,Kumaraswamy Layout Traffic PS,1.04432e+16,2019,1,2,Road Accidents,Narrow road,City/Town,Near School or College,Human Error,Not Applicable,Grievous Injury,Vehicle to Vehicle,Not at  Junction,Others,Others,Bitumen(Tar),Dry,Not Applicable,Fine,Dambar Road,Doddakallasandra,5,0.0,0.0
Bengaluru City,Kumaraswamy Layout Traffic PS,1.04432e+16,2019,1,2,Road Accidents,Narrow road,City/Town,Near Petrol Pump,Human Error,Not Applicable,Grievous Injury,Vehicle to Vehicle,Not at  Junction,Others,Others,Bitumen(Tar),Dry,Not Applicable,Fine,Uttarahalli Main Road,Uttarahalli Main Road,4,0.0,0.0
Bengaluru City,Kumaraswamy Layout Traffic PS,1.04432e+16,2019,1,2,Road Accidents,Narrow road,City/Town,Near office complex,Human Error,Not Applicable,Grievous Injury,Vehicle to Vehicle,Not at  Junction,Others,Others,Bitumen(Tar),Dry,Not Applicable,Fine,Kanakapura main road,Talaghattapura Police Station,6,0.0,0.0
Bengaluru City,Kumaraswamy Layout Traffic PS,1.04432e+16,2019,1,1,Road Accidents,Other,City/Town,Open area,Human Error,No,Damage Only,Others,Not at  Junction,Others,Others,Bitumen(Tar),Dry,Not Applicable,Fine,Dambar Road,vaddapalya main road,8,0.0,0.0
Bengaluru City,Kumaraswamy Layout Traffic PS,1.04432e+16,2019,1,2,Road Accidents,Other,City/Town,Near a religious place,Human Error,No,Grievous Injury,Head on,Not at  Junction,Others,City or Town Road,Bitumen(Tar),Dry,Not Applicable,Fine,Dambar Road,Jambusavari Dinne Road,8,0.0,0.0
Bengaluru City,Kumaraswamy Layout Traffic PS,1.04432e+16,2019,1,2,Road Accidents,Other,Rural Areas,Open area,Human Error,No,Damage Only,Rear end,Not at  Junction,Others,Others,Bitumen(Tar),Dry,Not Applicable,Fine,Dambar Road,Nice Road,7,0.0,0.0
Bengaluru City,Kumaraswamy Layout Traffic PS,1.04432e+16,2019,1,2,Road Accidents,Narrow road,Villages settlement,Open area,Human Error,Not Applicable,Fatal,Rear end,Not at  Junction,Others,Village Road,Bitumen(Tar),Dry,Not Applicable,Fine,Dambar Road,BSK 6th Stage,8,0.0,0.0
Bengaluru City,Kumaraswamy Layout Traffic PS,1.04432e+16,2019,1,2,Road Accidents,Other,City/Town,Near Bus stop,Human Error,Yes,Grievous Injury,Head on,Not at  Junction,Others,One way,Bitumen(Tar),Dry,Not Applicable,Fine,Dambar Road,Sarakki,4,0.0,0.0
Bengaluru City,Kumaraswamy Layout Traffic PS,1.04432e+16,2019,1,2,Road Accidents,Narrow road,City/Town,Near office complex,Human Error,No,Grievous Injury,Vehicle to Vehicle,Not at  Junction,Not Applicable,Others,Bitumen(Tar),Dry,Not Applicable,Fine,Kanakapura main road,Nice Road Bridge,5,0.0,0.0
Bengaluru City,Kumaraswamy Layout Traffic PS,1.04432e+16,2019,1,2,Road Accidents,Narrow road,Rural Areas,Open area,Human Error,Not Applicable,Damage Only,Vehicle to Vehicle,Not at  Junction,Others,Others,Bitumen(Tar),Dry,Not Applicable,Fine,Dambar Road,Nice Road,6,0.0,0.0
Bengaluru City,Kumaraswamy Layout Traffic PS,1.04432e+16,2019,1,2,Road Accidents,Narrow road,Rural Areas,Open area,Human Error,Not Applicable,Grievous Injury,Vehicle to Vehicle,Not at  Junction,Others,Others,Bitumen(Tar),Dry,Not Applicable,Fine,Nice Road,Sompura Toll,8,0.0,0.0
Bengaluru City,Kumaraswamy Layout Traffic PS,1.04432e+16,2019,1,2,Road Accidents,Narrow road,Rural Areas,Open area,Human Error,Not Applicable,Simple Injury,Vehicle to Vehicle,Not at  Junction,Others,Others,Bitumen(Tar),Dry,Not Applicable,Fine,Nice Road,Chikkegowdanapalya,5,0.0,0.0
Bengaluru City,Kumaraswamy Layout Traffic PS,1.04432e+16,2019,1,2,Rail Road Accidents,Narrow road,City/Town,Near School or College,Human Error,Not Applicable,Grievous Injury,Vehicle to Vehicle,Not at  Junction,Others,Others,Bitumen(Tar),Dry,Not Applicable,Fine,Dayanada Sagara Collage,K S Layout,3,0.0,0.0
Bengaluru City,Kumaraswamy Layout Traffic PS,1.04432e+16,2019,1,1,Road Accidents,Narrow road,Rural Areas,Open area,Human Error,Not Applicable,Fatal,Hit pedestrian,Not at  Junction,Others,Others,Bitumen(Tar),Dry,Not Applicable,Fine,Nice Road,Anjanapura Lake,8,0.0,0.0
Bengaluru City,Kumaraswamy Layout Traffic PS,1.04432e+16,2019,1,2,Road Accidents,Narrow road,Rural Areas,Open area,Human Error,Not Applicable,Grievous Injury,Vehicle to Vehicle,Not at  Junction,Others,Others,Bitumen(Tar),Dry,Not Applicable,Fine,Nice Road,Nice Road,8,0.0,0.0
Bengaluru City,Kumaraswamy Layout Traffic PS,1.04432e+16,2019,1,2,Road Accidents,Narrow road,City/Town,Near office complex,Human Error,Yes,Grievous Injury,Vehicle to Vehicle,Not at  Junction,Others,Others,Bitumen(Tar),Dry,Not Applicable,Others,Kottnuru Main road,kottanuru Main Road,8,0.0,0.0
Bengaluru City,Kumaraswamy Layout Traffic PS,1.04432e+16,2019,1,1,Road Accidents,Narrow road,City/Town,Near Bus stop,Human Error,Yes,Fatal,Hit pedestrian,Not at  Junction,Others,Others,Bitumen(Tar),Dry,Not Applicable,Fine,Dambar Road,JARAGANAHALLI BUS STAND,5,0.0,0.0
Bengaluru City,Kumaraswamy Layout Traffic PS,1.04432e+16,2019,1,1,Road Accidents,Narrow road,City/Town,At pedestrian Crossing,Human Error,Yes,Grievous Injury,Hit pedestrian,Not at  Junction,Others,Others,Bitumen(Tar),Dry,Not Applicable,Fine,Dambar Road,Near Metro,5,0.0,0.0
Bengaluru City,Kumaraswamy Layout Traffic PS,1.04432e+16,2019,1,1,Road Accidents,Other,City/Town,Near School or College,Human Error,No,Grievous Injury,Side swipe,Not at  Junction,Others,Mixed,Bitumen(Tar),Dry,Not Applicable,Fine,Dambar Road,Uttharahalli Main Road,2,0.0,0.0
Bengaluru City,Kumaraswamy Layout Traffic PS,1.04432e+16,2019,1,2,Road Accidents,Other,City/Town,Open area,Human Error,No,Damage Only,Head on,Not at  Junction,Others,City or Town Road,Bitumen(Tar),Dry,Not Applicable,Fine,Dambar Road,Nice Road,8,0.0,0.0
Bengaluru City,Kumaraswamy Layout Traffic PS,1.04432e+16,2019,1,1,Road Accidents,Other,City/Town,Near Bus stop,Human Error,Not Applicable,Grievous Injury,Hit pedestrian,Not at  Junction,Others,City or Town Road,Bitumen(Tar),Dry,Not Applicable,Fine,Dambar Road,Uttharahalli,0.5 KM,0.0,0.0
Bengaluru City,Kumaraswamy Layout Traffic PS,1.04432e+16,2019,1,1,Road Accidents,Narrow road,City/Town,Near office complex,Human Error,Not Applicable,Grievous Injury,Hit pedestrian,Police / Manual,Others,Two way,Bitumen(Tar),Dry,Not Applicable,Fine,Dambar Road,Near KEB Office,1,0.0,0.0
Bengaluru City,Kumaraswamy Layout Traffic PS,1.04432e+16,2019,1,2,Road Accidents,Narrow road,City/Town,Near Bus stop,Human Error,Not Applicable,Damage Only,Vehicle to Vehicle,Not at  Junction,Others,NH,Bitumen(Tar),Dry,Not Applicable,Fine,Dambar Road,Kanakapura Main Road,04 KM,0.0,0.0
Bengaluru City,Kumaraswamy Layout Traffic PS,1.04432e+16,2019,1,2,Road Accidents,Narrow road,City/Town,Near Bus stop,Human Error,Not Applicable,Grievous Injury,Vehicle to Vehicle,Not at  Junction,Others,Others,Bitumen(Tar),Dry,Not Applicable,Fine,Dambar Road,Konankunte Main Road,8,0.0,0.0
Bengaluru City,Kumaraswamy Layout Traffic PS,1.04432e+16,2019,1,2,Road Accidents,Narrow road,Rural Areas,Open area,Human Error,No,Grievous Injury,Vehicle to Vehicle,Not at  Junction,Others,Others,Bitumen(Tar),Dry,Not Applicable,Fine,Nice Road,Anjanapura Lake,8,0.0,0.0
Bengaluru City,Kumaraswamy Layout Traffic PS,1.04432e+16,2019,1,2,Not Applicable,Narrow road,City/Town,Residential area,Human Error,Not Applicable,Grievous Injury,Vehicle to Vehicle,Not at  Junction,Others,Others,Bitumen(Tar),Dry,Not Applicable,Fine,Dambar Road,Judicial Layout,6,0.0,0.0
Bengaluru City,Kumaraswamy Layout Traffic PS,1.04432e+16,2019,1,2,Road Accidents,Not Applicable,City/Town,Near office complex,Human Error,Yes,Grievous Injury,Vehicle to Vehicle,Not at  Junction,Others,Others,Bitumen(Tar),Dry,Not Applicable,Fine,Gangadhara Nagara,Giriyas mall Iliyaz Nagara,4,0.0,0.0
Bengaluru City,Kumaraswamy Layout Traffic PS,1.04432e+16,2019,1,2,Road Accidents,Junction,City/Town,Near School or College,Human Error,Not Applicable,Grievous Injury,Vehicle to Vehicle,Police / Manual,Others,Others,Bitumen(Tar),Dry,Not Applicable,Fine,K S Layout Road,K S Layout Juntion,5,0.0,0.0
Bengaluru City,Kumaraswamy Layout Traffic PS,1.04432e+16,2019,1,2,Road Accidents,Curves,Rural Areas,Open area,Human Error,Not Applicable,Grievous Injury,Vehicle to Vehicle,Not at  Junction,Others,Others,Bitumen(Tar),Dry,Not Applicable,Fine,Kariyanapalya,80ft Road Kariyanapalya,6,0.0,0.0
Bengaluru City,Kumaraswamy Layout Traffic PS,1.04432e+16,2019,1,2,Road Accidents,Narrow road,City/Town,Residential area,Human Error,No,Grievous Injury,Rear end,Not Applicable,Others,City or Town Road,Bitumen(Tar),Dry,Not Applicable,Fine,Dambar Road,Konankunte Cross,3,0.0,0.0
Bengaluru City,Kumaraswamy Layout Traffic PS,1.04432e+16,2019,1,2,Road Accidents,Other,City/Town,Near Bus stop,Human Error,No,Simple Injury,Others,Not at  Junction,Others,City or Town Road,Bitumen(Tar),Dry,Not Applicable,Fine,Dambar Road,Navodaya Nagara,8,0.0,0.0
Bengaluru City,Kumaraswamy Layout Traffic PS,1.04432e+16,2019,1,2,Road Accidents,Other,City/Town,Near office complex,Human Error,No,Damage Only,Head on,Not at  Junction,Others,City or Town Road,Bitumen(Tar),Dry,Not Applicable,Fine,Dambar Road,Uttharahalli Main Road,4,0.0,0.0
Bengaluru City,Kumaraswamy Layout Traffic PS,1.04432e+16,2019,1,2,Road Accidents,Narrow road,City/Town,Near office complex,Human Error,No,Fatal,Vehicle to Vehicle,Uncontrolled,Others,NH,Bitumen(Tar),Dry,Not Applicable,Fine,Damber Road,Near Lotas Powre Garage,5 KM,12.886147,77.557423
Bengaluru City,Kumaraswamy Layout Traffic PS,1.04432e+16,2019,1,2,Road Accidents,Other,City/Town,Residential area,Human Error,Not Applicable,Damage Only,Rear end,Not at  Junction,Others,Others,Bitumen(Tar),Dry,Not Applicable,Fine,Dambar Road,Karishma Hills,4,0.0,0.0
Bengaluru City,Kumaraswamy Layout Traffic PS,1.04432e+16,2019,1,2,Road Accidents,Narrow road,Rural Areas,Open area,Human Error,Not Applicable,Grievous Injury,Vehicle to Vehicle,Not at  Junction,Others,Others,Bitumen(Tar),Dry,Not Applicable,Fine,Nagegowdana palya,Nagegowdapalya Bridge,8,0.0,0.0
Bengaluru City,Kumaraswamy Layout Traffic PS,1.04432e+16,2019,1,2,Road Accidents,Narrow road,City/Town,Near office complex,Human Error,Yes,Grievous Injury,Vehicle to Vehicle,Police / Manual,Others,Others,Bitumen(Tar),Dry,Not Applicable,Fine,Gottigere Main Road,Gottigere Main Road,8,0.0,0.0
Bengaluru City,Kumaraswamy Layout Traffic PS,1.04432e+16,2019,1,1,Road Accidents,Narrow road,City/Town,Near School or College,Human Error,Not Applicable,Fatal,Not Applicable,Not at  Junction,Others,Others,Bitumen(Tar),Dry,Not Applicable,Fine,Near Maruthi School,Konankunte Cross,5,0.0,0.0
Bengaluru City,Kumaraswamy Layout Traffic PS,1.04432e+16,2019,1,1,Road Accidents,Narrow road,City/Town,At pedestrian Crossing,Human Error,Not Applicable,Grievous Injury,Not Applicable,Not at  Junction,Others,Others,Bitumen(Tar),Dry,Not Applicable,Others,Kanakapura main road,Near Bus Stop,5,0.0,0.0
Bengaluru City,Kumaraswamy Layout Traffic PS,1.04432e+16,2019,1,1,Road Accidents,Other,City/Town,Residential area,Human Error,Yes,Grievous Injury,Hit and Run,Not at  Junction,Others,Residential Street,Concrete,Dry,Not Applicable,Fine,Cement Road,Ramakrishna Nagara,5,0.0,0.0
Bengaluru City,Kumaraswamy Layout Traffic PS,1.04432e+16,2019,1,2,Road Accidents,Junction,City/Town,Near office complex,Human Error,Not Applicable,Grievous Injury,Head on,Police / Manual,Others,City or Town Road,Bitumen(Tar),Dry,Not Applicable,Fine,Dambar Road,Kanakapura Main Road,06 KM,0.0,0.0
Bengaluru City,Kumaraswamy Layout Traffic PS,1.04432e+16,2019,1,2,Road Accidents,Narrow road,City/Town,Near office complex,Human Error,Not Applicable,Grievous Injury,Head on,Not at  Junction,Others,City or Town Road,Bitumen(Tar),Dry,Not Applicable,Fine,Dambar Road,Royal Lake,6,0.0,0.0
Bengaluru City,Kumaraswamy Layout Traffic PS,1.04432e+16,2019,1,1,Road Accidents,Narrow road,City/Town,At pedestrian Crossing,Human Error,Not Applicable,Grievous Injury,Hit pedestrian,Not at  Junction,Not Applicable,NH,Bitumen(Tar),Dry,Not Applicable,Fine,Dambar Road,Konankunte Cross,03 KM,0.0,0.0
Bengaluru City,Kumaraswamy Layout Traffic PS,1.04432e+16,2019,1,2,Road Accidents,Narrow road,City/Town,Near office complex,Human Error,Not Applicable,Grievous Injury,Vehicle to Vehicle,Not at  Junction,Others,Others,Bitumen(Tar),Dry,Not Applicable,Fine,Dambar Road,Gubbalal Main Road,03 KM,0.0,0.0
Bengaluru City,Kumaraswamy Layout Traffic PS,1.04432e+16,2019,1,1,Road Accidents,Narrow road,Rural Areas,Narrow bridge or culverts,Human Error,Not Applicable,Grievous Injury,Not Applicable,Not at  Junction,Others,Others,Bitumen(Tar),Dry,Not Applicable,Fine,Nagegowdana palya,Nice Road,6,0.0,0.0
Bengaluru City,Kumaraswamy Layout Traffic PS,1.04432e+16,2019,1,2,Road Accidents,Narrow road,City/Town,Near office complex,Human Error,Not Applicable,Grievous Injury,Vehicle to Vehicle,Not at  Junction,Others,Others,Bitumen(Tar),Dry,Not Applicable,Fine,Kadirenahalli Main Road,Chatrimara,3,0.0,0.0
Bengaluru City,Kumaraswamy Layout Traffic PS,1.04432e+16,2019,1,2,Road Accidents,Narrow road,Rural Areas,Residential area,Human Error,Not Applicable,Grievous Injury,Vehicle to Vehicle,Not at  Junction,Others,Others,Bitumen(Tar),Dry,Not Applicable,Fine,Nice Road,Purvankura Appartment,06 KM,0.0,0.0
Bengaluru City,Kumaraswamy Layout Traffic PS,1.04432e+16,2020,1,2,Road Accidents,Narrow road,City/Town,Near office complex,Human Error,Yes,Grievous Injury,Vehicle to Vehicle,Not at  Junction,Others,Others,Bitumen(Tar),Dry,Not Applicable,Fine,Gubbalala 4th Main Road,Gubbalala 4th Main Road,2,0.0,0.0
Bengaluru City,Kumaraswamy Layout Traffic PS,1.04432e+16,2020,1,2,Not Applicable,Curves,City/Town,Near office complex,Human Error,No,Damage Only,Vehicle to Vehicle,Not at  Junction,Others,Others,Bitumen(Tar),Dry,Not Applicable,Fine,Kottnuru Dinne Main road,Krishnanagara,6,0.0,0.0
Bengaluru City,Kumaraswamy Layout Traffic PS,1.04432e+16,2020,1,1,Road Accidents,Narrow road,City/Town,Narrow bridge or culverts,Human Error,Not Applicable,Simple Injury,Not Applicable,Not at  Junction,Others,Others,Bitumen(Tar),Dry,Not Applicable,Fine,Bannerughatt Bridge,Nice Road,12,0.0,0.0
Bengaluru City,Kumaraswamy Layout Traffic PS,1.04432e+16,2020,1,2,Road Accidents,Narrow road,City/Town,Open area,Human Error,Not Applicable,Damage Only,Vehicle to Vehicle,Not at  Junction,Others,Others,Bitumen(Tar),Dry,Not Applicable,Fine,Nice Road,Sompura Lake,10,0.0,0.0
Bengaluru City,Kumaraswamy Layout Traffic PS,1.04432e+16,2020,1,2,Road Accidents,Narrow road,City/Town,Near office complex,Human Error,No,Grievous Injury,Vehicle to Vehicle,Not at  Junction,Others,NH,Bitumen(Tar),Dry,Not Applicable,Others,Near Metro Pillor No 95,Kanakapura Main Road,5,0.0,0.0
Bengaluru City,Kumaraswamy Layout Traffic PS,1.04432e+16,2020,1,2,Road Accidents,Junction,City/Town,Near Bus stop,Human Error,Not Applicable,Grievous Injury,Vehicle to Vehicle,Signal lights Automatic,Not Applicable,NH,Bitumen(Tar),Dry,Not Applicable,Fine,Kanakapura main road,Konankunte Cross,3,0.0,0.0
Bengaluru City,Kumaraswamy Layout Traffic PS,1.04432e+16,2020,1,3,Road Accidents,Narrow road,City/Town,Near office complex,Human Error,Yes,Fatal,Vehicle to Vehicle,Not at  Junction,Others,Others,Bitumen(Tar),Dry,No influence on accident,Fine,Kottnuru Dinne Main road,Sapthagiri Layout,8,0.0,0.0
Bengaluru City,Kumaraswamy Layout Traffic PS,1.04432e+16,2020,1,1,Road Accidents,Curves,City/Town,Near office complex,Human Error,Not Applicable,Grievous Injury,Not Applicable,Not at  Junction,Others,Others,Bitumen(Tar),Dry,No influence on accident,Fine,Near Bannerughatta Toll,Nice Road,9 KM,0.0,0.0
Bengaluru City,Kumaraswamy Layout Traffic PS,1.04432e+16,2020,1,2,Road Accidents,Narrow road,City/Town,Narrow bridge or culverts,Human Error,No,Grievous Injury,Vehicle to Vehicle,Not at  Junction,Straight and flat,Others,Bitumen(Tar),Dry,No influence on accident,Fine,Nice Raod,Near Pillaganahalli Bridge,10 KM,0.0,0.0
Bengaluru City,Kumaraswamy Layout Traffic PS,1.04432e+16,2020,1,2,Road Accidents,Narrow road,City/Town,Narrow bridge or culverts,Human Error,Not Applicable,Fatal,Vehicle to Vehicle,Police / Manual,Others,NH,Bitumen(Tar),Dry,Not Applicable,Fine,Kanakapura main road,Nice Road Bridge,06 KM,0.0,0.0
Bengaluru City,Kumaraswamy Layout Traffic PS,1.04432e+16,2020,1,1,Road Accidents,Junction,City/Town,Near Bus stop,Human Error,Yes,Simple Injury,Hit pedestrian,Signal lights Automatic,Others,NH,Bitumen(Tar),Dry,No influence on accident,Fine,Kanakapura main road,Sarakki Signal,05 KM,0.0,0.0
Bengaluru City,Kumaraswamy Layout Traffic PS,1.04432e+16,2020,1,2,Road Accidents,Narrow road,City/Town,Near office complex,Human Error,No,Grievous Injury,Vehicle to Vehicle,Not at  Junction,Others,Others,Bitumen(Tar),Dry,Not Applicable,Fine,Gubbalala 4th Main Road,Krishnadhama Apartment,3,0.0,0.0
Bengaluru City,Kumaraswamy Layout Traffic PS,1.04432e+16,2020,1,1,Road Accidents,Narrow road,City/Town,Narrow bridge or culverts,Human Error,Not Applicable,Grievous Injury,Vehicle to Vehicle,Not at  Junction,Others,Others,Bitumen(Tar),Dry,Not Applicable,Fine,Nice Road,Pillaganahalli Bridge,08 KM,0.0,0.0
Bengaluru City,Kumaraswamy Layout Traffic PS,1.04432e+16,2020,1,2,Road Accidents,Narrow road,City/Town,Near office complex,Human Error,Yes,Damage Only,Vehicle to Vehicle,Not at  Junction,Others,NH,Bitumen(Tar),Dry,Not Applicable,Fine,Kanakapura main road,Maruti suzuki Service Center,5,0.0,0.0
Bengaluru City,Kumaraswamy Layout Traffic PS,1.04432e+16,2020,1,2,Road Accidents,Junction,City/Town,Near office complex,Human Error,Not Applicable,Grievous Injury,Vehicle to Vehicle,Signal lights Automatic,Steep Incline or Climb,Others,Bitumen(Tar),Dry,Not Applicable,Fine,Kanakapura main road,Sarakki Singnal,5,0.0,0.0
Bengaluru City,Kumaraswamy Layout Traffic PS,1.04432e+16,2020,1,2,Road Accidents,Narrow road,City/Town,Open area,Human Error,No,Grievous Injury,Vehicle to Vehicle,Not at  Junction,Others,Others,Bitumen(Tar),Dry,No influence on accident,Fine,Nice Raod,Near Kanakapura Main Road,06 KM,0.0,0.0
Bengaluru City,Kumaraswamy Layout Traffic PS,1.04432e+16,2020,1,2,Road Accidents,Narrow road,City/Town,Narrow bridge or culverts,Human Error,Not Applicable,Fatal,Vehicle to Vehicle,Not at  Junction,Straight and flat,Others,Bitumen(Tar),Dry,Not Applicable,Fine,Near Nagegowdanapalya Bridge,Nice Road,08 KM,12.882552,77.516357
Bengaluru City,Kumaraswamy Layout Traffic PS,1.04432e+16,2020,1,1,Not Applicable,Narrow road,City/Town,Residential area,Human Error,Not Applicable,Fatal,Hit pedestrian,Not at  Junction,Others,Residential Street,Kutcha,Dry,Not Applicable,Fine,Pillaganahalli Village,Near Noormahamadiya Masidi Road,09 KM,12.84117,77.575785
Bengaluru City,Kumaraswamy Layout Traffic PS,1.04432e+16,2020,1,2,Road Accidents,Narrow road,City/Town,Open area,Human Error,No,Grievous Injury,Vehicle to Vehicle,Not at  Junction,Straight and flat,Others,Bitumen(Tar),Dry,No influence on accident,Fine,Kottanooru Dinne MN Road,Royal County Road,07 km,0.0,0.0
Bengaluru City,Kumaraswamy Layout Traffic PS,1.04432e+16,2020,1,2,Road Accidents,Cross roads,City/Town,Residential area,Human Error,Yes,Grievous Injury,Vehicle to Vehicle,Not at  Junction,Others,Residential Street,Bitumen(Tar),Dry,Not Applicable,Fine,Anjanapura Main Road,BSNL 2nd Cross,9,0.0,0.0