DISTRICTNAME,UNITNAME,Crime_No,Year,RI,Noofvehicle_involved,Accident_Classification,Accident_Spot,Accident_Location,Accident_SubLocation,Main_Cause,Hit_Run,Severity,Collision_Type,Junction_Control,Road_Character,Road_Type,Surface_Type,Surface_Condition,Road_Condition,Weather,Accident_Road,Landmark_first,Distance_LandMark_First,Latitude,Longitude
Bengaluru City,Kumaraswamy Layout Traffic PS,1.04432e+16,2020,1,1,Road Accidents,Curves,City/Town,Near a religious place,Human Error,Not Applicable,Fatal,Not Applicable,Not at  Junction,Others,Residential Street,Bitumen(Tar),Dry,Not Applicable,Others,5th Cross,Chikkallasandra,3,0.0,0.0
Bengaluru City,Kumaraswamy Layout Traffic PS,1.04432e+16,2020,1,2,Road Accidents,Narrow road,City/Town,Near office complex,Human Error,No,Grievous Injury,Vehicle to Vehicle,Not at  Junction,Others,Others,Bitumen(Tar),Dry,Not Applicable,Fine,80ft Road,Vyshanvi Bar and Restorent,06 KM,0.0,0.0
Bengaluru City,Kumaraswamy Layout Traffic PS,1.04432e+16,2020,1,2,Road Accidents,Narrow road,City/Town,Near office complex,Human Error,Yes,Grievous Injury,Vehicle to Vehicle,Not at  Junction,Others,Others,Bitumen(Tar),Dry,Not Applicable,Fine,Unity Gate,Nice Road,8,0.0,0.0
Bengaluru City,Kumaraswamy Layout Traffic PS,1.04432e+16,2020,1,2,Road Accidents,Narrow road,City/Town,Near office complex,Human Error,Not Applicable,Grievous Injury,Vehicle to Vehicle,Not at  Junction,Curve,Service Road,Bitumen(Tar),Dry,Not Applicable,Fine,Talaghattapura,Jyotiform Service Road,7,0.0,0.0
Bengaluru City,Kumaraswamy Layout Traffic PS,1.04432e+16,2020,1,1,Road Accidents,Narrow road,City/Town,At pedestrian Crossing,Human Error,Not Applicable,Fatal,Hit pedestrian,Not at  Junction,Others,NH,Bitumen(Tar),Dry,Not Applicable,Fine,Kanakapura Main Road,Near Savi Bar & resturent,6,0.0,0.0
Bengaluru City,Kumaraswamy Layout Traffic PS,1.04432e+16,2020,1,1,Road Accidents,Narrow road,City/Town,Near Hospital,Human Error,No,Simple Injury,Hit pedestrian,Not at  Junction,Others,Others,Bitumen(Tar),Dry,Not Applicable,Fine,50 Feet Road,Pushpanjali Nagara,3,0.0,0.0
Bengaluru City,Kumaraswamy Layout Traffic PS,1.04432e+16,2020,1,1,Road Accidents,Narrow road,City/Town,Open area,Human Error,Not Applicable,Not Applicable,Not Applicable,Not at  Junction,Others,Others,Bitumen(Tar),Dry,Not Applicable,Fine,Nice Road,Anjanapura Lake,08 KM,0.0,0.0
Bengaluru City,Kumaraswamy Layout Traffic PS,1.04432e+16,2020,1,1,Road Accidents,Narrow road,City/Town,Open area,Human Error,No,Simple Injury,Not Applicable,Not at  Junction,Others,Others,Bitumen(Tar),Dry,Not Applicable,Fine,Nice Road,Near Anjanapura Lake,10 KM,0.0,0.0
Bengaluru City,Kumaraswamy Layout Traffic PS,1.04432e+16,2020,1,2,Road Accidents,Narrow road,City/Town,Near office complex,Human Error,No,Fatal,Vehicle to Vehicle,Not at  Junction,Others,Others,Bitumen(Tar),Dry,No influence on accident,Fine,80ft Ring Road,Omegha Apartment,6,12.892945,77.52789
Bengaluru City,Kumaraswamy Layout Traffic PS,1.04432e+16,2020,1,2,Road Accidents,Narrow road,City/Town,Near office complex,Human Error,Yes,Grievous Injury,Vehicle to Vehicle,Not at  Junction,Others,Two way,Bitumen(Tar),Dry,Not Applicable,Fine,Uttarahalli Main Road,Near Vishal Mart,2,0.0,0.0
Bengaluru City,Kumaraswamy Layout Traffic PS,1.04432e+16,2020,1,2,Road Accidents,Narrow road,City/Town,Near office complex,Human Error,Yes,Grievous Injury,Vehicle to Vehicle,Not at  Junction,Others,Others,Bitumen(Tar),Dry,No influence on accident,Fine,Ramanjaneya Nagara,Infront Of First Look Beauty Parlour,4,0.0,0.0
Bengaluru City,Kumaraswamy Layout Traffic PS,1.04432e+16,2020,1,2,Road Accidents,Narrow road,City/Town,Narrow bridge or culverts,Human Error,Not Applicable,Grievous Injury,Vehicle to Vehicle,Not at  Junction,Others,Others,Bitumen(Tar),Dry,No influence on accident,Others,Nice Raod,Nagegowdanapalya Bridge,09 km,0.0,0.0
Bengaluru City,Kumaraswamy Layout Traffic PS,1.04432e+16,2020,1,1,Road Accidents,Junction,City/Town,Near office complex,Human Error,Not Applicable,Damage Only,Not Applicable,Police / Manual,Straight and flat,NH,Bitumen(Tar),Dry,Not Applicable,Fine,Kanakapura main road,Chunchaghatta Junction,05 KM,0.0,0.0
Bengaluru City,Kumaraswamy Layout Traffic PS,1.04432e+16,2020,1,2,Road Accidents,Narrow road,City/Town,Near office complex,Human Error,No,Grievous Injury,Vehicle to Vehicle,Police / Manual,Straight and flat,Others,Bitumen(Tar),Dry,Not Applicable,Fine,Kottanuru Main Road,Near Rayal Lake,8,0.0,0.0
Bengaluru City,Kumaraswamy Layout Traffic PS,1.04432e+16,2020,1,1,Road Accidents,Narrow road,City/Town,Near Hospital,Human Error,Not Applicable,Grievous Injury,Hit pedestrian,Not at  Junction,Others,Others,Bitumen(Tar),Dry,No influence on accident,Fine,Kottanuru Main Road,Sumati Clinic,6,0.0,0.0
Bengaluru City,Kumaraswamy Layout Traffic PS,1.04432e+16,2020,1,2,Road Accidents,Junction,City/Town,Near office complex,Human Error,Not Applicable,Grievous Injury,Vehicle to Vehicle,Signal lights Automatic,Others,NH,Bitumen(Tar),Dry,Not Applicable,Fine,Kanakapura main road,Sarakki Signal,3,0.0,0.0
Bengaluru City,Kumaraswamy Layout Traffic PS,1.04432e+16,2020,1,1,Road Accidents,Not Applicable,City/Town,Near Hospital,Human Error,Not Applicable,Simple Injury,Hit pedestrian,Not at  Junction,Others,Others,Bitumen(Tar),Dry,Not Applicable,Fine,15 F bus stop road,Vasavi Hospital,03 KM,0.0,0.0
Bengaluru City,Kumaraswamy Layout Traffic PS,1.04432e+16,2020,1,2,Road Accidents,Junction,City/Town,Open area,Human Error,No,Fatal,Vehicle to Vehicle,Police / Manual,Others,Others,Bitumen(Tar),Dry,Not Applicable,Fine,60ft Road and 40ft Road Junction,BSK 6th Stage,7,0.0,0.0
Bengaluru City,Kumaraswamy Layout Traffic PS,1.04432e+16,2020,1,2,Road Accidents,Narrow road,City/Town,Open area,Human Error,Not Applicable,Fatal,Hit pedestrian,Uncontrolled,Straight and flat,Others,Bitumen(Tar),Dry,No influence on accident,Fine,Anjanapura Lake Nice road,Nice Road,08 KM,0.0,0.0
Bengaluru City,Kumaraswamy Layout Traffic PS,1.04432e+16,2020,1,1,Road Accidents,Narrow road,City/Town,Near office complex,Human Error,Not Applicable,Damage Only,Vehicle to Vehicle,Not at  Junction,Straight and flat,Others,Bitumen(Tar),Dry,No influence on accident,Fine,Nice Road,Nice Toll,5,0.0,0.0
Bengaluru City,Kumaraswamy Layout Traffic PS,1.04432e+16,2020,1,1,Road Accidents,Narrow road,City/Town,Open area,Human Error,No,Fatal,Not Applicable,Not at  Junction,Straight and flat,Others,Bitumen(Tar),Dry,No influence on accident,Fine,Nice Road,Sompura Lake,8,12.872176,77.499345
Bengaluru City,Kumaraswamy Layout Traffic PS,1.04432e+16,2020,1,2,Road Accidents,Junction,City/Town,Near Bus stop,Human Error,Not Applicable,Damage Only,Vehicle to Vehicle,Uncontrolled,Others,Others,Bitumen(Tar),Dry,Not Applicable,Fine,Jambusavari Dinne Main Road,Dr Vishnuvardhan Ciecle,6,0.0,0.0
Bengaluru City,Kumaraswamy Layout Traffic PS,1.04432e+16,2020,1,3,Road Accidents,Cross roads,City/Town,Near office complex,Human Error,Not Applicable,Damage Only,Vehicle to Vehicle,Not at  Junction,Others,Others,Bitumen(Tar),Dry,Not Applicable,Fine,R K Layout,BDA Park,5,0.0,0.0
Bengaluru City,Kumaraswamy Layout Traffic PS,1.04432e+16,2020,1,2,Road Accidents,Junction,City/Town,Near office complex,Human Error,Yes,Grievous Injury,Vehicle to Vehicle,Uncontrolled,Others,NH,Bitumen(Tar),Dry,Not Applicable,Fine,Kanakapura main road,Sarakki Signal,5,0.0,0.0
Bengaluru City,Kumaraswamy Layout Traffic PS,1.04432e+16,2020,1,2,Road Accidents,Narrow road,City/Town,Narrow bridge or culverts,Human Error,No,Grievous Injury,Vehicle to Vehicle,Not at  Junction,Others,Others,Bitumen(Tar),Dry,Not Applicable,Fine,Nice Road,Kanakapura Road Bridge,6,0.0,0.0
Bengaluru City,Kumaraswamy Layout Traffic PS,1.04432e+16,2020,1,2,Road Accidents,Narrow road,City/Town,Narrow bridge or culverts,Human Error,No,Grievous Injury,Vehicle to Vehicle,Not at  Junction,Others,Others,Bitumen(Tar),Dry,Not Applicable,Fine,Near Nagegowdanapalya Bridge,Nice Road,6,0.0,0.0
Bengaluru City,Kumaraswamy Layout Traffic PS,1.04432e+16,2020,1,2,Road Accidents,Narrow road,City/Town,Near office complex,Human Error,No,Simple Injury,Vehicle to Vehicle,Not at  Junction,Others,NH,Bitumen(Tar),Dry,Not Applicable,Fine,Kanakapura main road,A2B Hotel,5,0.0,0.0
Bengaluru City,Kumaraswamy Layout Traffic PS,1.04432e+16,2020,1,2,Road Accidents,Narrow road,City/Town,Near office complex,Human Error,No,Grievous Injury,Hit pedestrian,Not at  Junction,Others,NH,Bitumen(Tar),Dry,Not Applicable,Fine,Kanakapura main road,41 Pillor,04 KM,0.0,0.0
Bengaluru City,Kumaraswamy Layout Traffic PS,1.04432e+16,2020,1,2,Road Accidents,Narrow road,City/Town,Near Bus stop,Human Error,Not Applicable,Grievous Injury,Vehicle to Vehicle,Not at  Junction,Others,NH,Bitumen(Tar),Dry,No influence on accident,Fine,Mukambika Bekari,Vajarahalli Kanakapura Main Road,9,0.0,0.0
Bengaluru City,Kumaraswamy Layout Traffic PS,1.04432e+16,2020,1,2,Road Accidents,Narrow road,City/Town,Near office complex,Human Error,Not Applicable,Fatal,Vehicle to Vehicle,Not at  Junction,Others,Others,Bitumen(Tar),Dry,No influence on accident,Fine,Konankunte Main Road,Near Prestige Palcon Apartment,05 KM,0.0,0.0
Bengaluru City,Kumaraswamy Layout Traffic PS,1.04432e+16,2020,1,2,Road Accidents,Narrow road,City/Town,Near a religious place,Human Error,Not Applicable,Grievous Injury,Vehicle to Vehicle,Not at  Junction,Others,Others,Bitumen(Tar),Dry,Not Applicable,Fine,Uttarahalli Main Road,Near Kalyani Vasanthapura,3,0.0,0.0
Bengaluru City,Kumaraswamy Layout Traffic PS,1.04432e+16,2020,1,2,Road Accidents,Narrow road,City/Town,Near Bus stop,Human Error,Not Applicable,Fatal,Vehicle to Vehicle,Not at  Junction,Others,Two way,Bitumen(Tar),Dry,No influence on accident,Fine,Uttarahalli Main Road,Infront of Indus Herbs Narsery,2,0.0,0.0
Bengaluru City,Kumaraswamy Layout Traffic PS,1.04432e+16,2020,1,2,Road Accidents,Junction,City/Town,Near a religious place,Human Error,No,Grievous Injury,Vehicle to Vehicle,Uncontrolled,Others,Others,Bitumen(Tar),Dry,No influence on accident,Fine,"Nice Raod ,BSK 6th Stage",BDA Layout 4th Black,08 km,0.0,0.0
Bengaluru City,Kumaraswamy Layout Traffic PS,1.04432e+16,2020,1,2,Road Accidents,Narrow road,City/Town,Near office complex,Human Error,Not Applicable,Grievous Injury,Vehicle to Vehicle,Not at  Junction,Others,NH,Bitumen(Tar),Dry,No influence on accident,Fine,Kanakapura Main Road,Metro Pillor 99,5,0.0,0.0
Bengaluru City,Kumaraswamy Layout Traffic PS,1.04432e+16,2020,1,2,Road Accidents,Cross roads,City/Town,Near office complex,Human Error,Not Applicable,Grievous Injury,Vehicle to Vehicle,Not at  Junction,Others,Others,Bitumen(Tar),Dry,No influence on accident,Fine,Doddakallasandra,Nammura Hotel,6,0.0,0.0
Bengaluru City,Kumaraswamy Layout Traffic PS,1.04432e+16,2020,1,2,Road Accidents,Narrow road,Rural Areas,Open area,Human Error,Yes,Fatal,Vehicle to Vehicle,Not at  Junction,Others,Others,Bitumen(Tar),Dry,Not Applicable,Fine,Nice Road,Nice Road,6,0.0,0.0
Bengaluru City,Kumaraswamy Layout Traffic PS,1.04432e+16,2020,1,2,Road Accidents,Cross roads,City/Town,Near Bus stop,Human Error,Yes,Grievous Injury,Vehicle to Vehicle,Not at  Junction,Others,Others,Bitumen(Tar),Dry,Not Applicable,Fine,Kanakapura main road,93 Pillor,5,0.0,0.0
Bengaluru City,Kumaraswamy Layout Traffic PS,1.04432e+16,2020,1,1,Road Accidents,Narrow road,City/Town,Near office complex,Human Error,Not Applicable,Grievous Injury,Hit pedestrian,Not at  Junction,Others,Others,Bitumen(Tar),Dry,Not Applicable,Fine,RBI Layout,Kottnuru Main road,8,0.0,0.0
Bengaluru City,Kumaraswamy Layout Traffic PS,1.04432e+16,2020,1,2,Road Accidents,Narrow road,City/Town,Near Bus stop,Human Error,Not Applicable,Fatal,Vehicle to Vehicle,Not at  Junction,Others,Others,Bitumen(Tar),Dry,Not Applicable,Fine,Kanakapura main road,Metro Station,6,0.0,0.0
Bengaluru City,Kumaraswamy Layout Traffic PS,1.04432e+16,2020,1,2,Road Accidents,Narrow road,City/Town,Near a religious place,Human Error,No,Grievous Injury,Vehicle to Vehicle,Not at  Junction,Others,Others,Bitumen(Tar),Dry,Not Applicable,Others,Vrushabhavathi Nagara,Gangamma Temple,6,0.0,0.0
Bengaluru City,Kumaraswamy Layout Traffic PS,1.04432e+16,2020,1,1,Road Accidents,Narrow road,City/Town,Near Bus stop,Human Error,No,Grievous Injury,Not Applicable,Not at  Junction,Others,Others,Bitumen(Tar),Dry,No influence on accident,Fine,P P Layout,Near BMTC Bus Depot 33,03  km,0.0,0.0
Bengaluru City,Kumaraswamy Layout Traffic PS,1.04432e+16,2020,1,1,Road Accidents,Narrow road,City/Town,Near School or College,Human Error,No,Grievous Injury,Not Applicable,Not at  Junction,Others,Others,Bitumen(Tar),Dry,No influence on accident,Fine,VASANTHPURA MAIN ROAD,NEAR INSIDE ACADEMY SCHOOL,05 K M,0.0,0.0
Bengaluru City,Kumaraswamy Layout Traffic PS,1.04432e+16,2020,1,2,Road Accidents,Curves,City/Town,Near Hospital,Human Error,Not Applicable,Grievous Injury,Vehicle to Vehicle,Not at  Junction,Others,NH,Bitumen(Tar),Dry,Not Applicable,Fine,Kanakapura main road,Near Metro Cash and Carry,05 KM,0.0,0.0
Bengaluru City,Kumaraswamy Layout Traffic PS,1.04432e+16,2020,1,2,Road Accidents,Narrow road,City/Town,Near Petrol Pump,Human Error,Yes,Grievous Injury,Vehicle to Vehicle,Not at  Junction,Others,Others,Bitumen(Tar),Dry,Not Applicable,Fine,Kanakapura main road,Shell Petrol Bunk,5,0.0,0.0
Bengaluru City,Kumaraswamy Layout Traffic PS,1.04432e+16,2020,1,1,Not Applicable,Narrow road,City/Town,Open area,Not Applicable,No,Damage Only,Not Applicable,Not at  Junction,Others,Others,Bitumen(Tar),Dry,Not Applicable,Fine,Purvankura Appartment,Nice Road,6,0.0,0.0
Bengaluru City,Kumaraswamy Layout Traffic PS,1.04432e+16,2020,1,1,Road Accidents,Narrow road,City/Town,Near office complex,Human Error,No,Simple Injury,Hit pedestrian,Not at  Junction,Others,NH,Bitumen(Tar),Dry,Not Applicable,Fine,Kanakapura main road,Metro Station,5,0.0,0.0
Bengaluru City,Kumaraswamy Layout Traffic PS,1.04432e+16,2020,1,2,Road Accidents,Narrow road,City/Town,Narrow bridge or culverts,Human Error,No,Grievous Injury,Vehicle to Vehicle,Not at  Junction,Others,Service Road,Bitumen(Tar),Dry,Not Applicable,Fine,Service Road,Kadirenahalli,5,0.0,0.0
Bengaluru City,Kumaraswamy Layout Traffic PS,1.04432e+16,2020,1,1,Road Accidents,Narrow road,City/Town,Near office complex,Human Error,Not Applicable,Fatal,Not Applicable,Not at  Junction,Straight and flat,Others,Bitumen(Tar),Dry,Not Applicable,Fine,Near Unitect Gate,Nice Road,09 KM,0.0,0.0
Bengaluru City,Kumaraswamy Layout Traffic PS,1.04432e+16,2020,1,1,Road Accidents,Narrow road,City/Town,Residential area,Human Error,No,Grievous Injury,Hit pedestrian,Not at  Junction,Straight and flat,Residential Street,Bitumen(Tar),Dry,No influence on accident,Fine,"J P Nagara 8th Phase,Surabhi Nagara",6th Cross Surabhinagara,8,0.0,0.0
Bengaluru City,Kumaraswamy Layout Traffic PS,1.04432e+16,2020,1,2,Road Accidents,Narrow road,City/Town,Residential area,Human Error,Yes,Grievous Injury,Vehicle to Vehicle,Not at  Junction,Straight and flat,Others,Bitumen(Tar),Dry,No influence on accident,Others,Nice Raod,Near Poorvankara Apartment,08 km,0.0,0.0
Bengaluru City,Kumaraswamy Layout Traffic PS,1.04432e+16,2020,1,1,Road Accidents,Narrow road,City/Town,Near office complex,Human Error,Not Applicable,Fatal,Not Applicable,Not at  Junction,Straight and flat,NH,Bitumen(Tar),Dry,Not Applicable,Fine,Kanakapura main road,Metro Pillar No 268,8,12.868979,77.53653
Bengaluru City,Kumaraswamy Layout Traffic PS,1.04432e+16,2020,1,1,Road Accidents,Narrow road,City/Town,Near office complex,Human Error,No,Grievous Injury,Hit pedestrian,Not at  Junction,Straight and flat,Others,Bitumen(Tar),Dry,No influence on accident,Fine,RBI Layout,Infront of Chandru Complex Elita Apartment,05 km,0.0,0.0
Bengaluru City,Kumaraswamy Layout Traffic PS,1.04432e+16,2020,1,2,Road Accidents,Narrow road,City/Town,Near a religious place,Human Error,No,Grievous Injury,Vehicle to Vehicle,Not at  Junction,Straight and flat,Others,Bitumen(Tar),Dry,No influence on accident,Fine,Gottigere Main Road,Near Marlin Bathware Shop,8km,0.0,0.0
Bengaluru City,Kumaraswamy Layout Traffic PS,1.04432e+16,2020,1,2,Road Accidents,Narrow road,City/Town,Near a recreation place/cinema,Human Error,No,Grievous Injury,Vehicle to Vehicle,Not at  Junction,Straight and flat,Others,Bitumen(Tar),Dry,No influence on accident,Fine,JAMBUSAVARI DINNE MAIN ROAD,NEAR OM SHAKTHI TEMPLE,06 KM,0.0,0.0
Bengaluru City,Kumaraswamy Layout Traffic PS,1.04432e+16,2020,1,2,Road Accidents,Narrow road,City/Town,Open area,Human Error,No,Grievous Injury,Vehicle to Vehicle,Not at  Junction,Straight and flat,Others,Bitumen(Tar),Dry,No influence on accident,Fine,NICE ROAD,NEAR KANAKAPURA TOLL,6 KM,0.0,0.0
Bengaluru City,Kumaraswamy Layout Traffic PS,1.04432e+16,2020,1,1,Road Accidents,Narrow road,City/Town,Near office complex,Human Error,No,Grievous Injury,Hit pedestrian,Not at  Junction,Others,NH,Bitumen(Tar),Dry,Not Applicable,Fine,Kanakapura Main Road,Near Gangamma Temple,5,0.0,0.0
Bengaluru City,Kumaraswamy Layout Traffic PS,1.04432e+16,2020,1,2,Road Accidents,Narrow road,City/Town,Near Hospital,Human Error,Yes,Grievous Injury,Vehicle to Vehicle,Not at  Junction,Others,NH,Bitumen(Tar),Dry,No influence on accident,Fine,Kanakapura Main Road,Near Life medicles,5,0.0,0.0
Bengaluru City,Kumaraswamy Layout Traffic PS,1.04432e+16,2021,1,1,Road Accidents,Narrow road,City/Town,Near office complex,Not Applicable,Not Applicable,Grievous Injury,Not Applicable,Not at  Junction,Others,Others,Bitumen(Tar),Dry,Not Applicable,Fine,Nagegowdana palya Main Road,Shobha Apartment,6,0.0,0.0
Bengaluru City,Kumaraswamy Layout Traffic PS,1.04432e+16,2021,1,2,Not Applicable,Narrow road,City/Town,Near office complex,Human Error,Not Applicable,Simple Injury,Vehicle to Vehicle,Not at  Junction,Others,NH,Bitumen(Tar),Dry,Not Applicable,Fine,Kanakapura main road,Banashankari Temple,5,0.0,0.0
Bengaluru City,Kumaraswamy Layout Traffic PS,1.04432e+16,2021,1,2,Road Accidents,Junction,City/Town,Open area,Human Error,Not Applicable,Fatal,Vehicle to Vehicle,Uncontrolled,Straight and flat,Others,Bitumen(Tar),Dry,Not Applicable,Fine,Kanakapura main road and judicial layout juction,NNear jnanasweekara School,6,0.0,0.0
Bengaluru City,Kumaraswamy Layout Traffic PS,1.04432e+16,2021,1,2,Road Accidents,Narrow road,City/Town,Near office complex,Human Error,Not Applicable,Grievous Injury,Vehicle to Vehicle,Not at  Junction,Others,Others,Bitumen(Tar),Dry,Not Applicable,Fine,Gubbalala Main Road,Cicon Company,2,0.0,0.0
Bengaluru City,Kumaraswamy Layout Traffic PS,1.04432e+16,2021,1,2,Road Accidents,Narrow road,City/Town,Narrow bridge or culverts,Human Error,Not Applicable,Grievous Injury,Vehicle to Vehicle,Not at  Junction,Others,Others,Bitumen(Tar),Dry,No influence on accident,Fine,Near Bannerughatta Bridge,Nice Road,6,0.0,0.0
Bengaluru City,Kumaraswamy Layout Traffic PS,1.04432e+16,2021,1,2,Road Accidents,Junction,City/Town,Near office complex,Human Error,Not Applicable,Grievous Injury,Vehicle to Vehicle,Police / Manual,Curve,Others,Bitumen(Tar),Dry,No influence on accident,Fine,"100 feet road juction,",Baiyanapalya,6,0.0,0.0
Bengaluru City,Kumaraswamy Layout Traffic PS,1.04432e+16,2021,1,2,Road Accidents,Narrow road,City/Town,Narrow bridge or culverts,Human Error,Not Applicable,Grievous Injury,Vehicle to Vehicle,Not at  Junction,Others,Others,Bitumen(Tar),Dry,Not Applicable,Fine,Nice Road,Pillaganahalli Bridge,06 KM,0.0,0.0
Bengaluru City,Kumaraswamy Layout Traffic PS,1.04432e+16,2021,1,2,Road Accidents,Narrow road,City/Town,Near office complex,Human Error,Not Applicable,Simple Injury,Vehicle to Vehicle,Not at  Junction,Others,Others,Bitumen(Tar),Dry,Not Applicable,Fine,Uttarahalli Main Road,Naidu Bar and Resturent,01 KM,0.0,0.0
Bengaluru City,Kumaraswamy Layout Traffic PS,1.04432e+16,2021,1,2,Road Accidents,Narrow road,City/Town,Near School or College,Human Error,Not Applicable,Grievous Injury,Vehicle to Vehicle,Not at  Junction,Others,Others,Bitumen(Tar),Dry,Not Applicable,Fine,"ISRO layout,",Near Bunnies Preschool,3,0.0,0.0
Bengaluru City,Kumaraswamy Layout Traffic PS,1.04432e+16,2021,1,1,Road Accidents,Narrow road,City/Town,Near office complex,Human Error,Not Applicable,Fatal,Not Applicable,Not at  Junction,Straight and flat,Others,Bitumen(Tar),Dry,Not Applicable,Fine,Nice Road near kanakapura toll,Kanakapura Toll,7,12.858478,77.526088
Bengaluru City,Kumaraswamy Layout Traffic PS,1.04432e+16,2021,1,3,Road Accidents,Narrow road,City/Town,Near office complex,Human Error,No,Grievous Injury,Vehicle to Vehicle,Not at  Junction,Others,Others,Bitumen(Tar),Dry,No influence on accident,Fine,Ittamadugu Main Road,Infront of Balaji Treders,3,0.0,0.0
Bengaluru City,Kumaraswamy Layout Traffic PS,1.04432e+16,2021,1,1,Road Accidents,Narrow road,City/Town,Near office complex,Human Error,Not Applicable,Grievous Injury,Hit pedestrian,Not at  Junction,Others,Others,Bitumen(Tar),Dry,Not Applicable,Fine,Kanakapura main road,Big Market,5,0.0,0.0
Bengaluru City,Kumaraswamy Layout Traffic PS,1.04432e+16,2021,1,1,Road Accidents,Narrow road,City/Town,Near office complex,Human Error,Yes,Grievous Injury,Not Applicable,Police / Manual,Others,Others,Bitumen(Tar),Dry,Not Applicable,Fine,100 Ft Road,Eswari Temple,6,0.0,0.0
Bengaluru City,Kumaraswamy Layout Traffic PS,1.04432e+16,2021,1,2,Road Accidents,Narrow road,City/Town,Near office complex,Human Error,Yes,Grievous Injury,Vehicle to Vehicle,Not at  Junction,Others,Others,Bitumen(Tar),Dry,No influence on accident,Fine,Kanakapura main road,Doddakallasandra Metro Station,4,0.0,0.0
Bengaluru City,Kumaraswamy Layout Traffic PS,1.04432e+16,2021,1,2,Road Accidents,Narrow road,City/Town,Near office complex,Human Error,No,Grievous Injury,Vehicle to Vehicle,Not at  Junction,Others,Others,Bitumen(Tar),Dry,Not Applicable,Fine,Dayanada Sagara Collage,Infront of SBI Bank,4,0.0,0.0
Bengaluru City,Kumaraswamy Layout Traffic PS,1.04432e+16,2021,1,1,Road Accidents,Narrow road,City/Town,Near Bus stop,Human Error,No,Fatal,Hit bicyclist,Not at  Junction,Others,NH,Bitumen(Tar),Dry,Not Applicable,Fine,Kanakapura main road,JEWELS APPARTMENT,8,0.0,0.0
Bengaluru City,Kumaraswamy Layout Traffic PS,1.04432e+16,2021,1,2,Road Accidents,Narrow road,City/Town,Near office complex,Human Error,Not Applicable,Grievous Injury,Vehicle to Vehicle,Not at  Junction,Others,Others,Bitumen(Tar),Dry,Not Applicable,Fine,Nice Road,Kanakapura Toll,6,0.0,0.0
Bengaluru City,Kumaraswamy Layout Traffic PS,1.04432e+16,2021,1,1,Road Accidents,Narrow road,City/Town,Open area,Human Error,No,Grievous Injury,Not Applicable,Not at  Junction,Straight and flat,Others,Bitumen(Tar),Dry,No influence on accident,Fine,NICE ROAD,NEAR KANAKAPURA ROAD,07 KM,0.0,0.0
Bengaluru City,Kumaraswamy Layout Traffic PS,1.04432e+16,2021,1,2,Road Accidents,Bottleneck,City/Town,Narrow bridge or culverts,Human Error,Not Applicable,Grievous Injury,Vehicle to Vehicle,Not at  Junction,Others,Others,Bitumen(Tar),Dry,No influence on accident,Fine,Nice Road,Near Sompura Bridge,6,0.0,0.0
Bengaluru City,Kumaraswamy Layout Traffic PS,1.04432e+16,2021,1,2,Road Accidents,Narrow road,City/Town,Near office complex,Human Error,Yes,Fatal,Vehicle to Vehicle,No signal lights,Straight and flat,NH,Bitumen(Tar),Dry,Not Applicable,Fine,Kanakapura Main Road,Near Metro Case and Carry Junction,5,0.0,0.0
Bengaluru City,Kumaraswamy Layout Traffic PS,1.04432e+16,2021,1,3,Road Accidents,Narrow road,City/Town,Near office complex,Human Error,Yes,Fatal,Hit pedestrian,Uncontrolled,Straight and flat,Others,Bitumen(Tar),Dry,No influence on accident,Fine,Nice Road  NEAR POORVANKAR APPARTEMENT,Near Purvankura Apprartment,9,12.852594,77.545318
Bengaluru City,Kumaraswamy Layout Traffic PS,1.04432e+16,2021,1,1,Road Accidents,Narrow road,City/Town,Near School or College,Human Error,No,Fatal,Hit pedestrian,Not at  Junction,Straight and flat,Others,Bitumen(Tar),Dry,No influence on accident,Fine,LAYALO SCHOOL ROAD,OPP HOLY SPIRIT SCHOOL GATE,10,12.871161,77.59295
Bengaluru City,Kumaraswamy Layout Traffic PS,1.04432e+16,2021,1,1,Road Accidents,Narrow road,City/Town,Near office complex,Human Error,Not Applicable,Grievous Injury,Hit pedestrian,Not at  Junction,Others,Others,Bitumen(Tar),Dry,Not Applicable,Fine,Chikkegowdanapalya,BDA Layout,6,0.0,0.0
Bengaluru City,Kumaraswamy Layout Traffic PS,1.04432e+16,2021,1,1,Road Accidents,Narrow road,City/Town,Near a religious place,Not Applicable,Not Applicable,Fatal,Not Applicable,Not at  Junction,Others,Others,Bitumen(Tar),Dry,Not Applicable,Fine,Vasanthapura Main Road,DESAI GARDEN,4,0.0,0.0
Bengaluru City,Kumaraswamy Layout Traffic PS,1.04432e+16,2021,1,2,Road Accidents,Curves,City/Town,Near office complex,Human Error,Not Applicable,Fatal,Vehicle to Vehicle,Uncontrolled,Sharp Curve,Others,Bitumen(Tar),Dry,Not Applicable,Fine,LAYOLA SCHOOL MAIN ROAD,HOLY TRINITY ASHRAM,9,12.869396,77.587904