DISTRICTNAME,UNITNAME,Crime_No,Year,RI,Noofvehicle_involved,Accident_Classification,Accident_Spot,Accident_Location,Accident_SubLocation,Main_Cause,Hit_Run,Severity,Collision_Type,Junction_Control,Road_Character,Road_Type,Surface_Type,Surface_Condition,Road_Condition,Weather,Accident_Road,Landmark_first,Distance_LandMark_First,Latitude,Longitude
Bengaluru City,Kumaraswamy Layout Traffic PS,1.04432e+16,2021,1,2,Road Accidents,Narrow road,City/Town,Narrow bridge or culverts,Human Error,Not Applicable,Simple Injury,Vehicle to Vehicle,Not at  Junction,Others,Others,Bitumen(Tar),Dry,Not Applicable,Fine,Nice Road,Nagegowdana palya Bridge,6,0.0,0.0
Bengaluru City,Kumaraswamy Layout Traffic PS,1.04432e+16,2021,1,1,Road Accidents,Narrow road,City/Town,Residential area,Human Error,No,Grievous Injury,Hit pedestrian,Not at  Junction,Others,Residential Street,Bitumen(Tar),Dry,Not Applicable,Fine,BDA Layout,Chikkegowdanapalya,6,0.0,0.0
Bengaluru City,Kumaraswamy Layout Traffic PS,1.04432e+16,2021,1,2,Road Accidents,Narrow road,City/Town,Open area,Human Error,No,Fatal,Vehicle to Vehicle,Uncontrolled,Straight and flat,Others,Bitumen(Tar),Dry,No influence on accident,Fine,nice road near nagegowdana palya bridge,nagegowdana palya,10me,12.862893,77.514883
Bengaluru City,Kumaraswamy Layout Traffic PS,1.04432e+16,2021,1,2,Road Accidents,Narrow road,City/Town,Near School or College,Human Error,Yes,Grievous Injury,Vehicle to Vehicle,Not at  Junction,Others,Others,Bitumen(Tar),Dry,Not Applicable,Fine,Kottnuru Village,Near Govt School,8,0.0,0.0
Bengaluru City,Kumaraswamy Layout Traffic PS,1.04432e+16,2021,1,2,Road Accidents,Narrow road,City/Town,Near office complex,Human Error,Not Applicable,Fatal,Vehicle to Vehicle,Not at  Junction,Others,Others,Bitumen(Tar),Dry,No influence on accident,Fine,NICE ROAD,NEAR REDDY BUILDING GATE,11,12.850011,77.556383
Bengaluru City,Kumaraswamy Layout Traffic PS,1.04432e+16,2021,1,1,Road Accidents,Narrow road,City/Town,Near office complex,Human Error,Not Applicable,Grievous Injury,Not Applicable,Not at  Junction,Others,NH,Bitumen(Tar),Dry,Not Applicable,Fine,"Raghuvanahalli, Kanakapura Main Road",D Mart,7,0.0,0.0
Bengaluru City,Kumaraswamy Layout Traffic PS,1.04432e+16,2021,1,3,Road Accidents,Narrow road,City/Town,Residential area,Human Error,Not Applicable,Damage Only,Vehicle to Vehicle,Police / Manual,Others,Others,Bitumen(Tar),Dry,Not Applicable,Fine,RBI Layout Main Road,7th Main Road,8,0.0,0.0
Bengaluru City,Kumaraswamy Layout Traffic PS,1.04432e+16,2021,1,2,Road Accidents,Narrow road,City/Town,Near office complex,Human Error,No,Fatal,Vehicle to Vehicle,Not at  Junction,Straight and flat,Others,Bitumen(Tar),Dry,Not Applicable,Fine,RBI Layout Main Road,Sri Gururaghavendra Service Center,8,0.0,0.0
Bengaluru City,Kumaraswamy Layout Traffic PS,1.04432e+16,2021,1,2,Road Accidents,Narrow road,City/Town,Open area,Human Error,No,Fatal,Vehicle to Vehicle,Uncontrolled,Straight and flat,Others,Bitumen(Tar),Dry,No influence on accident,Fine,NICE ROAD NEAR ANJANAPURA LAKE OPP STONE CUTTER FACTORY,ANJANAPURA LAKE,10ME,12.848213,77.567083
Bengaluru City,Kumaraswamy Layout Traffic PS,1.04432e+16,2021,1,1,Road Accidents,Narrow road,City/Town,Near a religious place,Human Error,Not Applicable,Simple Injury,Hit pedestrian,Not at  Junction,Not Applicable,Others,Bitumen(Tar),Dry,No influence on accident,Fine,Turahalli Colony,Karimaramma Temple Road,4,0.0,0.0
Bengaluru City,Kumaraswamy Layout Traffic PS,1.04432e+16,2021,1,1,Road Accidents,Narrow road,City/Town,Near office complex,Human Error,Not Applicable,Fatal,Not Applicable,Not at  Junction,Others,Others,Bitumen(Tar),Dry,Not Applicable,Fine,Illiyaz Nagara Pipe Line Road,Near S P Showroom,4,0.0,0.0
Bengaluru City,Kumaraswamy Layout Traffic PS,1.04432e+16,2021,1,2,Road Accidents,Narrow road,City/Town,Near School or College,Human Error,Yes,Grievous Injury,Vehicle to Vehicle,Not at  Junction,Others,Others,Bitumen(Tar),Dry,Not Applicable,Fine,Kanakapura main road,RMS School,3,0.0,0.0
Bengaluru City,Kumaraswamy Layout Traffic PS,1.04432e+16,2021,1,3,Road Accidents,Narrow road,City/Town,Near office complex,Human Error,Not Applicable,Grievous Injury,Vehicle to Vehicle,Not at  Junction,Others,Others,Bitumen(Tar),Wet,Not Applicable,Light Rain,Nice Road,Near Purvankura Apprartment,8,0.0,0.0
Bengaluru City,Kumaraswamy Layout Traffic PS,1.04432e+16,2021,1,2,Road Accidents,Narrow road,City/Town,Narrow bridge or culverts,Human Error,No,Grievous Injury,Vehicle to Vehicle,Not at  Junction,Others,Others,Bitumen(Tar),Dry,Not Applicable,Fine,Nice Road,Kanakapura Road Bridge,6,0.0,0.0
Bengaluru City,Kumaraswamy Layout Traffic PS,1.04432e+16,2021,1,1,Road Accidents,Not Applicable,City/Town,Near office complex,Human Error,No,Grievous Injury,Hit pedestrian,Not at  Junction,Others,NH,Bitumen(Tar),Dry,Not Applicable,Fine,Kanakapura main road,Infront of RNS School,5,0.0,0.0
Bengaluru City,Kumaraswamy Layout Traffic PS,1.04432e+16,2021,1,2,Road Accidents,Narrow road,City/Town,Near Bus stop,Human Error,Not Applicable,Simple Injury,Vehicle to Vehicle,Signal lights Automatic,Others,NH,Bitumen(Tar),Dry,Not Applicable,Fine,Kanakapura main road,Near Sarakki Signal,3,0.0,0.0
Bengaluru City,Kumaraswamy Layout Traffic PS,1.04432e+16,2021,1,2,Road Accidents,Narrow road,City/Town,Near office complex,Human Error,Not Applicable,Damage Only,Vehicle to Vehicle,Police / Manual,Others,Others,Bitumen(Tar),Dry,Not Applicable,Fine,Chikkegowdanapalya,Vyshanvi Bar and Restorent,5,0.0,0.0
Bengaluru City,Kumaraswamy Layout Traffic PS,1.04432e+16,2021,1,1,Road Accidents,Narrow road,City/Town,Near Hospital,Human Error,No,Grievous Injury,Hit bicyclist,Not at  Junction,Others,Others,Bitumen(Tar),Dry,Not Applicable,Fine,Ganapathipura Cross,Sarovara Wine,4,0.0,0.0
Bengaluru City,Kumaraswamy Layout Traffic PS,1.04432e+16,2021,1,1,Road Accidents,Junction,City/Town,Near Bus stop,Human Error,Yes,Grievous Injury,Hit pedestrian,Police / Manual,Others,Others,Bitumen(Tar),Dry,Not Applicable,Fine,Kanakapura main road,Vasanthapura Junction,5,0.0,0.0
Bengaluru City,Kumaraswamy Layout Traffic PS,1.04432e+16,2021,1,2,Road Accidents,Junction,City/Town,Near office complex,Human Error,No,Grievous Injury,Vehicle to Vehicle,Signal lights Automatic,Others,Others,Bitumen(Tar),Dry,Not Applicable,Fine,Kanakapura main road,Sarakki Singnal,6,0.0,0.0
Bengaluru City,Kumaraswamy Layout Traffic PS,1.04432e+16,2021,1,2,Road Accidents,Narrow road,City/Town,Near Petrol Pump,Human Error,Not Applicable,Grievous Injury,Vehicle to Vehicle,Police / Manual,Others,Others,Bitumen(Tar),Dry,No influence on accident,Fine,Kanakapura main road,Near IOC Petrol Bunk,7,0.0,0.0
Bengaluru City,Kumaraswamy Layout Traffic PS,1.04432e+16,2021,1,2,Road Accidents,Narrow road,City/Town,Near office complex,Human Error,No,Grievous Injury,Vehicle to Vehicle,Not at  Junction,Others,Others,Bitumen(Tar),Dry,No influence on accident,Fine,Gottigere Main Road,J P Nagara 80ft Road,7,0.0,0.0
Bengaluru City,Kumaraswamy Layout Traffic PS,1.04432e+16,2021,1,2,Road Accidents,Narrow road,City/Town,Near office complex,Human Error,Yes,Grievous Injury,Vehicle to Vehicle,Not at  Junction,Others,Others,Bitumen(Tar),Dry,Not Applicable,Fine,Kanakapura main road,Near 93 Pillor,4,0.0,0.0
Bengaluru City,Kumaraswamy Layout Traffic PS,1.04432e+16,2021,1,2,Road Accidents,Narrow road,City/Town,Residential area,Human Error,Yes,Fatal,Vehicle to Vehicle,Not at  Junction,Others,Others,Bitumen(Tar),Dry,Not Applicable,Fine,Gubbalala Village Main Road,Near Singapur Gardan Layout,4,0.0,0.0
Bengaluru City,Kumaraswamy Layout Traffic PS,1.04432e+16,2021,1,1,Road Accidents,Junction,City/Town,Near office complex,Human Error,Yes,Grievous Injury,Hit pedestrian,Uncontrolled,Others,Others,Bitumen(Tar),Dry,Not Applicable,Fine,NICE ROAD,kanakapra road Toll Junction,9,0.0,0.0
Bengaluru City,Kumaraswamy Layout Traffic PS,1.04432e+16,2021,1,2,Road Accidents,Curves,City/Town,Near Bus stop,Human Error,No,Fatal,Vehicle to Vehicle,Uncontrolled,Curve,Others,Bitumen(Tar),Dry,Not Applicable,Fine,Uttarahalli Main road,Near New Happy Mart Vasanthapura,2,0.0,0.0
Bengaluru City,Kumaraswamy Layout Traffic PS,1.04432e+16,2021,1,2,Road Accidents,Narrow road,City/Town,Near office complex,Human Error,Not Applicable,Simple Injury,Vehicle to Vehicle,Not at  Junction,Others,Others,Bitumen(Tar),Dry,No influence on accident,Fine,Gottigere Main Road,Shettal Club,8,0.0,0.0
Bengaluru City,Kumaraswamy Layout Traffic PS,1.04432e+16,2021,1,1,Road Accidents,Narrow road,City/Town,Near office complex,Human Error,No,Grievous Injury,Hit pedestrian,Not at  Junction,Others,Others,Bitumen(Tar),Dry,No influence on accident,Fine,Dr Vishnuvardhan Main Road,Near Sweet Bekari,03 KM,0.0,0.0
Bengaluru City,Kumaraswamy Layout Traffic PS,1.04432e+16,2021,1,2,Road Accidents,Narrow road,City/Town,Narrow bridge or culverts,Human Error,Not Applicable,Fatal,Vehicle to Vehicle,Not at  Junction,Others,Others,Bitumen(Tar),Dry,No influence on accident,Fine,Nice Road,Vajramuneshwara Temple,8,12.856822,77.530311
Bengaluru City,Kumaraswamy Layout Traffic PS,1.04432e+16,2021,1,2,Road Accidents,Narrow road,City/Town,Near office complex,Human Error,Yes,Grievous Injury,Vehicle to Vehicle,Not at  Junction,Others,NH,Bitumen(Tar),Dry,Not Applicable,Fine,Kanakapura main road,Near Kairuchi Hotel,6,0.0,0.0
Bengaluru City,Kumaraswamy Layout Traffic PS,1.04432e+16,2021,1,1,Not Applicable,Narrow road,City/Town,Near office complex,Human Error,Not Applicable,Damage Only,Not Applicable,Not at  Junction,Others,Others,Bitumen(Tar),Dry,Not Applicable,Fine,Nice Road,KANAKAPURA TOLL,7,0.0,0.0
Bengaluru City,Kumaraswamy Layout Traffic PS,1.04432e+16,2021,1,2,Road Accidents,Narrow road,City/Town,Open area,Human Error,Not Applicable,Grievous Injury,Vehicle to Vehicle,Not at  Junction,Straight and flat,Others,Bitumen(Tar),Dry,No influence on accident,Fine,"Nice Road, Kanakapura Road Bridge",Near Kanakapura Toll,7,0.0,0.0
Bengaluru City,Kumaraswamy Layout Traffic PS,1.04432e+16,2021,1,1,Road Accidents,Narrow road,City/Town,At pedestrian Crossing,Human Error,Yes,Grievous Injury,Hit pedestrian,Not at  Junction,Others,Others,Bitumen(Tar),Dry,Not Applicable,Fine,Uttarahalli Main Road,Brundavana Main Road,1.5 KM,0.0,0.0
Bengaluru City,Kumaraswamy Layout Traffic PS,1.04432e+16,2021,1,2,Road Accidents,Narrow road,City/Town,Near office complex,Human Error,No,Grievous Injury,Vehicle to Vehicle,Not at  Junction,Others,Others,Bitumen(Tar),Dry,No influence on accident,Fine,Nice Road,Near Purvankura Apprartment,9,0.0,0.0
Bengaluru City,Kumaraswamy Layout Traffic PS,1.04432e+16,2021,1,2,Road Accidents,Curves,City/Town,Near office complex,Human Error,Not Applicable,Fatal,Vehicle to Vehicle,Uncontrolled,Curve,Others,Bitumen(Tar),Dry,Not Applicable,Fine,Kanakapura main road Opp giriyash show room,Near Pillor No 200,5,0.0,0.0
Bengaluru City,Kumaraswamy Layout Traffic PS,1.04432e+16,2021,1,2,Road Accidents,Narrow road,City/Town,Near a religious place,Human Error,Not Applicable,Grievous Injury,Vehicle to Vehicle,Not at  Junction,Others,Others,Bitumen(Tar),Dry,Not Applicable,Fine,Gubalala Road,Near anjaneyaswamy temaple road,3,0.0,0.0
Bengaluru City,Kumaraswamy Layout Traffic PS,1.04432e+16,2021,1,2,Road Accidents,Narrow road,City/Town,Narrow bridge or culverts,Human Error,Yes,Fatal,Vehicle to Vehicle,Not at  Junction,Others,Others,Bitumen(Tar),Dry,No influence on accident,Fine,Kanakapura main road,KANAKAPURA BRIDGE UPRAMP,8,12.857925,77.527591
Bengaluru City,Kumaraswamy Layout Traffic PS,1.04432e+16,2021,1,1,Road Accidents,Narrow road,City/Town,Near office complex,Human Error,Yes,Damage Only,Not Applicable,Not at  Junction,Others,Others,Bitumen(Tar),Dry,Not Applicable,Fine,Nice Road,Kanapura road exit lease no 1,5,0.0,0.0
Bengaluru City,Kumaraswamy Layout Traffic PS,1.04432e+16,2021,1,1,Road Accidents,Narrow road,City/Town,Narrow bridge or culverts,Human Error,Yes,Fatal,Hit pedestrian,Controlled,Others,Others,Bitumen(Tar),Dry,Not Applicable,Fine,NICE ROAD,NEAR ANAJANAPURA LAKE CHAINEG,11,12.850619,77.554296
Bengaluru City,Kumaraswamy Layout Traffic PS,1.04432e+16,2021,1,2,Road Accidents,Narrow road,City/Town,Near office complex,Human Error,Not Applicable,Fatal,Vehicle to Vehicle,Not at  Junction,Others,Others,Bitumen(Tar),Dry,Not Applicable,Fine,Gottigere Main Road,Metric Medition Factory,8,0.0,0.0
Bengaluru City,Kumaraswamy Layout Traffic PS,1.04432e+16,2021,1,2,Road Accidents,Narrow road,City/Town,Near office complex,Human Error,Not Applicable,Grievous Injury,Vehicle to Vehicle,Not Applicable,Others,Others,Bitumen(Tar),Dry,No influence on accident,Fine,BDA Layout,Near Turahalli Forest,7,0.0,0.0
Bengaluru City,Kumaraswamy Layout Traffic PS,1.04432e+16,2021,1,1,Road Accidents,Narrow road,City/Town,Near office complex,Human Error,Not Applicable,Simple Injury,Hit pedestrian,Not at  Junction,Others,Others,Bitumen(Tar),Dry,No influence on accident,Fine,RBI Layout Main Road,3rd Main,8,0.0,0.0
Bengaluru City,Kumaraswamy Layout Traffic PS,1.04432e+16,2021,1,2,Road Accidents,Narrow road,City/Town,Narrow bridge or culverts,Human Error,Yes,Grievous Injury,Vehicle to Vehicle,Not at  Junction,Others,Others,Bitumen(Tar),Dry,Not Applicable,Fine,Nice Road,Anjanapura Bridge,9,0.0,0.0
Bengaluru City,Kumaraswamy Layout Traffic PS,1.04432e+16,2021,1,1,Road Accidents,Narrow road,City/Town,Narrow bridge or culverts,Human Error,Not Applicable,Fatal,Not Applicable,Not at  Junction,Straight and flat,Others,Bitumen(Tar),Dry,Not Applicable,Fine,Nice Road,Pillaganahalli Bridge,9,0.0,0.0
Bengaluru City,Kumaraswamy Layout Traffic PS,1.04432e+16,2021,1,2,Road Accidents,Narrow road,City/Town,Near office complex,Human Error,Not Applicable,Grievous Injury,Vehicle to Vehicle,Not at  Junction,Others,NH,Bitumen(Tar),Dry,No influence on accident,Fine,Kanakapura main road,Metro Pillor No 161,6,0.0,0.0
Bengaluru City,Kumaraswamy Layout Traffic PS,1.04432e+16,2021,1,1,Road Accidents,Narrow road,City/Town,Open area,Human Error,No,Fatal,Not Applicable,Uncontrolled,Straight and flat,Others,Bitumen(Tar),Dry,No influence on accident,Fine,NICE ROAD NEAR KANAKAPURA TOLL,KANAKAPURA MAIN ROAD,10,0.0,0.0
Bengaluru City,Kumaraswamy Layout Traffic PS,1.04432e+16,2021,1,2,Road Accidents,Narrow road,City/Town,Near office complex,Human Error,Yes,Grievous Injury,Vehicle to Vehicle,Signal lights Automatic,Others,Others,Bitumen(Tar),Dry,Not Applicable,Fine,Kanakapura main road,Sarakki Signal,5,0.0,0.0
Bengaluru City,Kumaraswamy Layout Traffic PS,1.04432e+16,2021,1,2,Road Accidents,Curves,City/Town,Near office complex,Human Error,Yes,Grievous Injury,Vehicle to Vehicle,Not at  Junction,Curve,Residential Street,Bitumen(Tar),Dry,Not Applicable,Fine,Jambusavari Dinne Main Road,Karnataka Bank,8,0.0,0.0
Bengaluru City,Kumaraswamy Layout Traffic PS,1.04432e+16,2021,1,3,Road Accidents,Narrow road,City/Town,Near office complex,Human Error,No,Damage Only,Vehicle to Vehicle,Not at  Junction,Others,Others,Bitumen(Tar),Dry,Not Applicable,Fine,Chikkegowdanapalya,100ft Road,6,0.0,0.0
Bengaluru City,Kumaraswamy Layout Traffic PS,1.04432e+16,2021,1,2,Road Accidents,Junction,City/Town,Near Bus stop,Human Error,Not Applicable,Fatal,Vehicle to Vehicle,Uncontrolled,Straight and flat,Others,Bitumen(Tar),Dry,Not Applicable,Fine,Kanakapura main road,JUDICIAL LAYOUT JUCTION,6,12.866445,77.534633
Bengaluru City,Kumaraswamy Layout Traffic PS,1.04432e+16,2021,1,3,Road Accidents,Narrow road,City/Town,Near office complex,Human Error,No,Fatal,Vehicle to Vehicle,Not at  Junction,Others,Others,Bitumen(Tar),Dry,Not Applicable,Fine,Nice Road,Purvankara Appartment,11,0.0,0.0
Bengaluru City,Kumaraswamy Layout Traffic PS,1.04432e+16,2021,1,1,Road Accidents,Narrow road,City/Town,Near office complex,Human Error,No,Grievous Injury,Hit pedestrian,Not at  Junction,Straight and flat,NH,Bitumen(Tar),Dry,No influence on accident,Fine,KANAKAPURA MAIN ROAD,NEAR KONANAKUNTE METRO STATION,05 KM,0.0,0.0
Bengaluru City,Kumaraswamy Layout Traffic PS,1.04432e+16,2021,1,2,Road Accidents,Narrow road,City/Town,Near office complex,Human Error,Not Applicable,Simple Injury,Vehicle to Vehicle,Not at  Junction,Others,Others,Bitumen(Tar),Dry,No influence on accident,Fine,Bubbalala Main Road,Near SBI Bank ATM,2,0.0,0.0
Bengaluru City,Kumaraswamy Layout Traffic PS,1.04432e+16,2021,1,2,Road Accidents,Narrow road,City/Town,Narrow bridge or culverts,Human Error,Yes,Fatal,Vehicle to Vehicle,Uncontrolled,Straight and flat,Others,Bitumen(Tar),Dry,No influence on accident,Fine,Nice Road NEAR NAGEGOWDANA PALYA BRIDGE,NICE ROAD NEAR NAGEGOWDANA PALYA BRIDGE,8,12.861964,77.517703
Bengaluru City,Kumaraswamy Layout Traffic PS,1.04432e+16,2021,1,2,Road Accidents,Narrow road,City/Town,Near office complex,Human Error,Not Applicable,Grievous Injury,Vehicle to Vehicle,Not at  Junction,Straight and flat,NH,Bitumen(Tar),Dry,No influence on accident,Fine,Kanakapura main road,DMARTRaghuvanahalli,7,0.0,0.0
Bengaluru City,Kumaraswamy Layout Traffic PS,1.04432e+16,2021,1,1,Road Accidents,Narrow road,City/Town,Near office complex,Human Error,Not Applicable,Grievous Injury,Hit pedestrian,Not at  Junction,Others,Others,Bitumen(Tar),Dry,Not Applicable,Fine,Kanakapura main road,Jaranahalli Ground,6,0.0,0.0
Bengaluru City,Kumaraswamy Layout Traffic PS,1.04432e+16,2021,1,1,Road Accidents,Narrow road,City/Town,Near Bus stop,Not Applicable,No,Fatal,Not Applicable,Not at  Junction,Others,Others,Kutcha,Dry,Not Applicable,Fine,Anjanapura Double road,Opp APPCO brickes Factory,4,0.0,0.0
Bengaluru City,Kumaraswamy Layout Traffic PS,1.04432e+16,2021,1,1,Road Accidents,Junction,City/Town,Near Bus stop,Human Error,Not Applicable,Fatal,Hit pedestrian,Signal lights Automatic,Straight and flat,Others,Bitumen(Tar),Dry,No influence on accident,Fine,KANAKAPURA MAIN ROADAND,KONANAKUNTE CROSS JUCTION,5 KM,0.0,0.0
Bengaluru City,Kumaraswamy Layout Traffic PS,1.04432e+16,2021,1,1,Road Accidents,Narrow road,City/Town,Near office complex,Human Error,No,Grievous Injury,Hit pedestrian,Not Applicable,Others,Others,Bitumen(Tar),Dry,Not Applicable,Fine,Kanakapura main road,Banashankari Bus Stop,5,0.0,0.0
Bengaluru City,Kumaraswamy Layout Traffic PS,1.04432e+16,2021,1,1,Road Accidents,Road hump or Rumble strips,City/Town,Near office complex,Human Error,No,Fatal,Not Applicable,Not at  Junction,Others,Others,Bitumen(Tar),Dry,Not Applicable,Fine,Nice Road,BDA Toll,8,0.0,0.0
Bengaluru City,Kumaraswamy Layout Traffic PS,1.04432e+16,2021,1,2,Road Accidents,Narrow road,City/Town,Near Bus stop,Human Error,No,Grievous Injury,Vehicle to Vehicle,Not at  Junction,Others,Others,Bitumen(Tar),Dry,Not Applicable,Fine,Isro Layout,Near Hopcoms,3,0.0,0.0
Bengaluru City,Kumaraswamy Layout Traffic PS,1.04432e+16,2021,1,1,Road Accidents,Narrow road,City/Town,Open area,Human Error,Not Applicable,Fatal,Not Applicable,Not at  Junction,Straight and flat,Others,Bitumen(Tar),Dry,No influence on accident,Fine,Nice Road Near unitec gate,Unitect Gate,9,0.0,0.0
Bengaluru City,Kumaraswamy Layout Traffic PS,1.04432e+16,2021,1,2,Road Accidents,Curves,City/Town,Near office complex,Human Error,No,Grievous Injury,Vehicle to Vehicle,Police / Manual,Curve,Others,Bitumen(Tar),Dry,Not Applicable,Fine,Anjanapura,Hiddan Blossom Apartment,8,0.0,0.0
Bengaluru City,Kumaraswamy Layout Traffic PS,1.04432e+16,2021,1,1,Road Accidents,Junction,City/Town,Residential area,Human Error,No,Fatal,Not Applicable,Uncontrolled,Straight and flat,Others,Bitumen(Tar),Dry,No influence on accident,Fine,BHCS LAYOUT PADUKA MANDIRA ROAD AND 5TH CROSS JUCTION,UNICORN BUILDING,10ME,12.903086,77.530451
Bengaluru City,Kumaraswamy Layout Traffic PS,1.04432e+16,2021,1,1,Road Accidents,Narrow road,City/Town,Open area,Human Error,Yes,Fatal,Hit pedestrian,Uncontrolled,Straight and flat,Others,Bitumen(Tar),Dry,No influence on accident,Clear,NICE ROAD NEAR KANAKAPURA TOLL,KANAKAPURA TOLL,10ME,0.0,0.0
Bengaluru City,Kumaraswamy Layout Traffic PS,1.04432e+16,2021,1,2,Road Accidents,Bottleneck,City/Town,Near office complex,Human Error,No,Fatal,Vehicle to Vehicle,Uncontrolled,Others,Others,Bitumen(Tar),Dry,No influence on accident,Fine,KANAKAPURA MAIN ROAD BRIDGE,NICE ROAD,08 KM,12.85789,77.527554
Bengaluru City,Kumaraswamy Layout Traffic PS,1.04432e+16,2021,1,2,Road Accidents,Narrow road,City/Town,Near office complex,Human Error,Not Applicable,Grievous Injury,Vehicle to Vehicle,Not at  Junction,Others,Others,Bitumen(Tar),Dry,Not Applicable,Fine,"80ft Road, J P Nagara",Nandhini Parlor,8,0.0,0.0
Bengaluru City,Kumaraswamy Layout Traffic PS,1.04432e+16,2021,1,2,Road Accidents,Narrow road,City/Town,Narrow bridge or culverts,Human Error,Not Applicable,Fatal,Vehicle to Vehicle,Uncontrolled,Others,Others,Bitumen(Tar),Dry,Not Applicable,Fine,NICE ROAD,NAGEGOWDANA PALYA BRIDGE AND PIPE LANE,9,12.860386,77.521312
Bengaluru City,Kumaraswamy Layout Traffic PS,1.04432e+16,2021,1,1,Road Accidents,Narrow road,City/Town,Near a religious place,Human Error,Not Applicable,Grievous Injury,Hit pedestrian,Police / Manual,Others,Others,Bitumen(Tar),Dry,Not Applicable,Fine,Kanakapura main road,Near Ganesha Temple,5,0.0,0.0
Bengaluru City,Kumaraswamy Layout Traffic PS,1.04432e+16,2021,1,1,Road Accidents,Narrow road,City/Town,Near office complex,Human Error,Not Applicable,Fatal,Not Applicable,Not at  Junction,Others,Others,Bitumen(Tar),Dry,No influence on accident,Fine,"Kanakapura Main Road,",Metro Pillor No 43 Alankara Bar and Resturent,5,0.0,0.0
Bengaluru City,Kumaraswamy Layout Traffic PS,1.04432e+16,2021,1,1,Road Accidents,Narrow road,City/Town,Near office complex,Human Error,Yes,Fatal,Hit pedestrian,Not at  Junction,Others,Others,Bitumen(Tar),Dry,Not Applicable,Fine,GANIGARA PALYA 100 FEET ROAD,OPP SRI ANNAPOORNESWARI RICE,5,12.87432467,77.54019209
Bengaluru City,Kumaraswamy Layout Traffic PS,1.04432e+16,2021,1,2,Road Accidents,Narrow road,City/Town,Near office complex,Human Error,Not Applicable,Damage Only,Vehicle to Vehicle,Not at  Junction,Not Applicable,Others,Bitumen(Tar),Dry,Not Applicable,Fine,Ittamadugu Main Road,SLV Resturent,3,0.0,0.0
Bengaluru City,Kumaraswamy Layout Traffic PS,1.04432e+16,2021,1,1,Road Accidents,Junction,City/Town,Near office complex,Human Error,Yes,Fatal,Hit pedestrian,Police / Manual,Others,Others,Bitumen(Tar),Dry,Not Applicable,Fine,Chikkallasandra Juction bescom office,Near Bescom Office,2 KM,0.0,0.0
Bengaluru City,Kumaraswamy Layout Traffic PS,1.04432e+16,2021,1,2,Road Accidents,Narrow road,City/Town,Narrow bridge or culverts,Human Error,Yes,Grievous Injury,Vehicle to Vehicle,Not at  Junction,Others,Others,Bitumen(Tar),Dry,No influence on accident,Fine,Nice Road,Anjanapura Lake,08 KM,0.0,0.0
Bengaluru City,Kumaraswamy Layout Traffic PS,1.04432e+16,2021,1,2,Road Accidents,Narrow road,City/Town,Near office complex,Human Error,Not Applicable,Damage Only,Vehicle to Vehicle,Not at  Junction,Others,Others,Bitumen(Tar),Dry,Not Applicable,Fine,Nice Road,Kanakapura Toll,6,0.0,0.0
Bengaluru City,Kumaraswamy Layout Traffic PS,1.04432e+16,2021,1,2,Not Applicable,Narrow road,City/Town,Near office complex,Human Error,Yes,Grievous Injury,Vehicle to Vehicle,Not at  Junction,Others,Others,Bitumen(Tar),Dry,No influence on accident,Fine,Chikkegowdanapalya,100ft Road,4,0.0,0.0
Bengaluru City,Kumaraswamy Layout Traffic PS,1.04432e+16,2021,1,2,Road Accidents,Narrow road,City/Town,Near office complex,Human Error,No,Fatal,Not Applicable,Not at  Junction,Straight and flat,Others,Bitumen(Tar),Dry,Not Applicable,Fine,RBI Layout Main Road,Near Brigade Gardenia Apartment,6,0.0,0.0
Bengaluru City,Kumaraswamy Layout Traffic PS,1.04432e+16,2021,1,1,Road Accidents,Narrow road,City/Town,Near School or College,Human Error,Not Applicable,Grievous Injury,Not Applicable,Not at  Junction,Others,NH,Bitumen(Tar),Dry,No influence on accident,Fine,Kanakapura main road,Jaraganahalli Arch,3,0.0,0.0
Bengaluru City,Kumaraswamy Layout Traffic PS,1.04432e+16,2021,1,1,Road Accidents,Narrow road,City/Town,Near office complex,Human Error,No,Fatal,Not Applicable,Not at  Junction,Straight and flat,Others,Bitumen(Tar),Dry,No influence on accident,Fine,Kanakapura main road,Near Sarakki Market,5,0.0,0.0
Bengaluru City,Kumaraswamy Layout Traffic PS,1.04432e+16,2021,1,2,Road Accidents,Narrow road,City/Town,Near office complex,Human Error,Not Applicable,Grievous Injury,Vehicle to Vehicle,Not at  Junction,Others,Others,Bitumen(Tar),Dry,Not Applicable,Fine,80ft Road,Anushree Propertys,5,0.0,0.0
Bengaluru City,Kumaraswamy Layout Traffic PS,1.04432e+16,2021,1,2,Road Accidents,Narrow road,City/Town,Narrow bridge or culverts,Human Error,Not Applicable,Grievous Injury,Vehicle to Vehicle,Not at  Junction,Others,Others,Bitumen(Tar),Dry,No influence on accident,Fine,Near Sompura Toll,Nice Road,6,0.0,0.0
Bengaluru City,Kumaraswamy Layout Traffic PS,1.04432e+16,2021,1,1,Road Accidents,Narrow road,City/Town,Near office complex,Human Error,Not Applicable,Simple Injury,Hit pedestrian,Not at  Junction,Others,Others,Bitumen(Tar),Dry,Not Applicable,Fine,Kanakapura main road,Social Welfare Office,5,0.0,0.0