DISTRICTNAME,UNITNAME,Crime_No,Year,RI,Noofvehicle_involved,Accident_Classification,Accident_Spot,Accident_Location,Accident_SubLocation,Main_Cause,Hit_Run,Severity,Collision_Type,Junction_Control,Road_Character,Road_Type,Surface_Type,Surface_Condition,Road_Condition,Weather,Accident_Road,Landmark_first,Distance_LandMark_First,Latitude,Longitude
Bengaluru City,Kumaraswamy Layout Traffic PS,1.04432e+16,2021,1,2,Road Accidents,Narrow road,City/Town,Near office complex,Human Error,Not Applicable,Grievous Injury,Vehicle to Vehicle,Not at  Junction,Others,Others,Bitumen(Tar),Dry,Not Applicable,Fine,"Ramanjaneya Main Road,",MR New Passion Ladies Tailor,5,0.0,0.0
Bengaluru City,Kumaraswamy Layout Traffic PS,1.04432e+16,2021,1,2,Road Accidents,Narrow road,City/Town,Near a religious place,Human Error,Not Applicable,Damage Only,Vehicle to Vehicle,Not at  Junction,Others,Others,Bitumen(Tar),Dry,Not Applicable,Fine,Vasanthapura Main Road,Sri Sai Baba Temple,01 km,0.0,0.0
Bengaluru City,Kumaraswamy Layout Traffic PS,1.04432e+16,2021,1,1,Road Accidents,Narrow road,City/Town,Near office complex,Human Error,Yes,Grievous Injury,Not Applicable,Not at  Junction,Others,Others,Bitumen(Tar),Dry,Not Applicable,Fine,Kadhirenahalli,Puttalingaiha road near propel gas bunk,02 KM,0.0,0.0
Bengaluru City,Kumaraswamy Layout Traffic PS,1.04432e+16,2021,1,2,Road Accidents,Narrow road,City/Town,Near a religious place,Human Error,Yes,Grievous Injury,Vehicle to Vehicle,Not at  Junction,Others,Others,Bitumen(Tar),Dry,Not Applicable,Fine,58th Main Road K S Layout,Near Ambhabhavani Temple,5,0.0,0.0
Bengaluru City,Kumaraswamy Layout Traffic PS,1.04432e+16,2021,1,2,Road Accidents,Narrow road,City/Town,Near or inside a village,Human Error,Not Applicable,Fatal,Vehicle to Vehicle,Not at  Junction,Others,Others,Bitumen(Tar),Dry,Not Applicable,Fine,Anjanapura Lake NICE ROAD,Nice Road,08 KM,12.849364,77.558724
Bengaluru City,Kumaraswamy Layout Traffic PS,1.04432e+16,2021,1,3,Road Accidents,Narrow road,City/Town,Near office complex,Human Error,Not Applicable,Damage Only,Vehicle to Vehicle,Not at  Junction,Others,Residential Street,Bitumen(Tar),Dry,Not Applicable,Fine,Gubbalala Main Road,J M Automotives Garage,02 KM,0.0,0.0
Bengaluru City,Kumaraswamy Layout Traffic PS,1.04432e+16,2021,1,2,Road Accidents,Narrow road,City/Town,Near office complex,Human Error,Not Applicable,Simple Injury,Vehicle to Vehicle,Not at  Junction,Straight and flat,Others,Bitumen(Tar),Dry,No influence on accident,Fine,Nice Road,Near Purvankura Apprartment,8,0.0,0.0
Bengaluru City,Kumaraswamy Layout Traffic PS,1.04432e+16,2021,1,2,Road Accidents,Junction,City/Town,Near Bus stop,Human Error,No,Damage Only,Vehicle to Vehicle,Police / Manual,Others,Others,Bitumen(Tar),Dry,Not Applicable,Fine,Uttarahalli Main Road,Arehalli Arch,1,0.0,0.0
Bengaluru City,Kumaraswamy Layout Traffic PS,1.04432e+16,2021,1,2,Road Accidents,Narrow road,City/Town,Open area,Human Error,Not Applicable,Fatal,Vehicle to Vehicle,Not at  Junction,Straight and flat,Others,Bitumen(Tar),Dry,Not Applicable,Fine,Nice Road  NEAR ANJANAPURA LAKE,Near Anjanapura Lake,8,0.0,0.0
Bengaluru City,Kumaraswamy Layout Traffic PS,1.04432e+16,2021,1,3,Road Accidents,Junction,City/Town,Open area,Human Error,Yes,Not Applicable,Vehicle to Vehicle,Signal lights Automatic,Straight and flat,NH,Bitumen(Tar),Dry,No influence on accident,Fine,KANAKAPURA MAIN ROAD SARAKKI SIGNAL,SARAKKI SIGNAL,10METE,0.0,0.0
Bengaluru City,Kumaraswamy Layout Traffic PS,1.04432e+16,2021,1,1,Not Applicable,Narrow road,City/Town,Near Bus stop,Human Error,Not Applicable,Grievous Injury,Hit pedestrian,Uncontrolled,Others,NH,Bitumen(Tar),Dry,No influence on accident,Fine,Kanakapura main road,Metro Pillar No 74,5,0.0,0.0
Bengaluru City,Kumaraswamy Layout Traffic PS,1.04432e+16,2021,1,2,Road Accidents,Narrow road,City/Town,Near office complex,Human Error,Not Applicable,Grievous Injury,Vehicle to Vehicle,Not at  Junction,Others,Others,Bitumen(Tar),Dry,Not Applicable,Fine,Chikkegowdanapalya,BDA Layout,7,0.0,0.0
Bengaluru City,Kumaraswamy Layout Traffic PS,1.04432e+16,2021,1,2,Road Accidents,Narrow road,City/Town,Near office complex,Human Error,Not Applicable,Grievous Injury,Not Applicable,Not at  Junction,Others,Others,Bitumen(Tar),Dry,Not Applicable,Fine,Uttarahalli Main Road,Yadalamma Nagara,2,0.0,0.0
Bengaluru City,Kumaraswamy Layout Traffic PS,1.04432e+16,2021,1,1,Road Accidents,Narrow road,City/Town,Near office complex,Human Error,Not Applicable,Grievous Injury,Not Applicable,Not at  Junction,Straight and flat,Others,Bitumen(Tar),Dry,Not Applicable,Fine,NICE ROAD,Near Varahasandra Bridge,8,0.0,0.0
Bengaluru City,Kumaraswamy Layout Traffic PS,1.04432e+16,2021,1,2,Road Accidents,Narrow road,City/Town,Near School or College,Human Error,No,Grievous Injury,Vehicle to Vehicle,Not at  Junction,Others,Others,Bitumen(Tar),Dry,Not Applicable,Fine,Vasanthapura Main Road,Niveditha School,2,0.0,0.0
Bengaluru City,Kumaraswamy Layout Traffic PS,1.04432e+16,2021,1,1,Not Applicable,Narrow road,City/Town,Open area,Human Error,Not Applicable,Fatal,Not Applicable,Not at  Junction,Others,Others,Bitumen(Tar),Dry,Not Applicable,Fine,Nice Road NEAR ANJANAPURA LAKE,ANJANAPURA LAKE,8,0.0,0.0
Bengaluru City,Kumaraswamy Layout Traffic PS,1.04432e+16,2021,1,2,Road Accidents,Narrow road,City/Town,Near office complex,Human Error,Not Applicable,Fatal,Vehicle to Vehicle,Not at  Junction,Others,Others,Bitumen(Tar),Dry,No influence on accident,Fine,Nice Road,Unitect Gate,13,0.0,0.0
Bengaluru City,Kumaraswamy Layout Traffic PS,1.04432e+16,2021,1,2,Road Accidents,Narrow road,City/Town,Near office complex,Human Error,No,Damage Only,Vehicle to Vehicle,Police / Manual,Others,Others,Bitumen(Tar),Dry,Not Applicable,Fine,Kanakapura main road,Talaghattapura,7,0.0,0.0
Bengaluru City,Kumaraswamy Layout Traffic PS,1.04432e+16,2021,1,2,Road Accidents,Junction,City/Town,Near School or College,Human Error,Yes,Grievous Injury,Vehicle to Vehicle,Police / Manual,Others,Others,Bitumen(Tar),Dry,Not Applicable,Fine,Kanakapura main road,NEAR JNANASWEEKAR SCHOOL,8,0.0,0.0
Bengaluru City,Kumaraswamy Layout Traffic PS,1.04432e+16,2021,1,2,Road Accidents,Narrow road,City/Town,Near office complex,Human Error,No,Fatal,Vehicle to Vehicle,Not at  Junction,Others,Others,Bitumen(Tar),Dry,Not Applicable,Fine,Konankunte Main Road,Infront of Falcon city Apartent,4,0.0,0.0
Bengaluru City,Kumaraswamy Layout Traffic PS,1.04432e+16,2021,1,1,Road Accidents,Curves,City/Town,Open area,Human Error,No,Fatal,Hit pedestrian,Uncontrolled,Straight and flat,Others,Bitumen(Tar),Dry,No influence on accident,Fine,GOTTIGERE MAIN ROAD OPP SVN BAR AND LODGE,SVN BAR AND LODGE,10,0.0,0.0
Bengaluru City,Kumaraswamy Layout Traffic PS,1.04432e+16,2021,1,2,Road Accidents,Narrow road,City/Town,Open area,Human Error,Yes,Simple Injury,Vehicle to Vehicle,Not at  Junction,Others,Others,Bitumen(Tar),Dry,Not Applicable,Fine,Nice Road,Bannerughatta Bridge,09 KM,0.0,0.0
Bengaluru City,Kumaraswamy Layout Traffic PS,1.04432e+16,2021,1,2,Road Accidents,Narrow road,City/Town,Near Bus stop,Human Error,Not Applicable,Grievous Injury,Vehicle to Vehicle,Not at  Junction,Others,NH,Bitumen(Tar),Dry,Not Applicable,Fine,Kanakapura main road,Doddakallasandra,6,0.0,0.0
Bengaluru City,Kumaraswamy Layout Traffic PS,1.04432e+16,2021,1,2,Road Accidents,Narrow road,City/Town,Near Petrol Pump,Human Error,Not Applicable,Fatal,Vehicle to Vehicle,Not at  Junction,Straight and flat,Others,Bitumen(Tar),Dry,Not Applicable,Fine,Kanakapura main road,Metro Pillor No 289,6,0.0,0.0
Bengaluru City,Kumaraswamy Layout Traffic PS,1.04432e+16,2021,1,2,Road Accidents,Narrow road,City/Town,Near office complex,Human Error,Not Applicable,Grievous Injury,Vehicle to Vehicle,Not at  Junction,Straight and flat,Others,Bitumen(Tar),Dry,No influence on accident,Fine,Near Kanakapura Toll,Nice Road,6,0.0,0.0
Bengaluru City,Kumaraswamy Layout Traffic PS,1.04432e+16,2021,1,2,Road Accidents,Narrow road,City/Town,Near office complex,Human Error,Yes,Grievous Injury,Vehicle to Vehicle,Not at  Junction,Others,Others,Bitumen(Tar),Dry,Not Applicable,Fine,Kanakapura main road,Near metro piller no 41,7,0.0,0.0
Bengaluru City,Kumaraswamy Layout Traffic PS,1.04432e+16,2021,1,2,Road Accidents,Narrow road,City/Town,Near office complex,Human Error,No,Grievous Injury,Vehicle to Vehicle,Not at  Junction,Others,NH,Bitumen(Tar),Dry,No influence on accident,Fine,Kanakapura main road,Near Metro Pillor No 175,5,0.0,0.0
Bengaluru City,Kumaraswamy Layout Traffic PS,1.04432e+16,2021,1,2,Road Accidents,Narrow road,City/Town,Open area,Not Applicable,Not Applicable,Fatal,Vehicle to Vehicle,Uncontrolled,Straight and flat,Others,Bitumen(Tar),Dry,Not Applicable,Fine,Nice road near unitec gate,Near Unitech Gate,9,0.0,0.0
Bengaluru City,Kumaraswamy Layout Traffic PS,1.04432e+16,2021,1,1,Road Accidents,Narrow road,City/Town,Open area,Human Error,Not Applicable,Fatal,Not Applicable,Uncontrolled,Straight and flat,Others,Bitumen(Tar),Dry,No influence on accident,Fine,Nice Road near kanakapura toll,Near Kanakapura Toll,8,12.856943,77.530011
Bengaluru City,Kumaraswamy Layout Traffic PS,1.04432e+16,2021,1,2,Road Accidents,Narrow road,City/Town,Near office complex,Human Error,Not Applicable,Grievous Injury,Vehicle to Vehicle,Not at  Junction,Others,Others,Bitumen(Tar),Dry,Not Applicable,Fine,100 Ft Road,Ganigarapalya,6,0.0,0.0
Bengaluru City,Kumaraswamy Layout Traffic PS,1.04432e+16,2021,1,2,Road Accidents,Junction,City/Town,Near office complex,Human Error,Not Applicable,Grievous Injury,Vehicle to Vehicle,Police / Manual,Not Applicable,Others,Bitumen(Tar),Dry,Not Applicable,Fine,Kanakapura main road,Gubbala Junction,5,0.0,0.0
Bengaluru City,Kumaraswamy Layout Traffic PS,1.04432e+16,2021,1,2,Road Accidents,Narrow road,City/Town,Narrow bridge or culverts,Human Error,Not Applicable,Grievous Injury,Vehicle to Vehicle,Not at  Junction,Others,Others,Bitumen(Tar),Dry,Not Applicable,Fine,Nice Road,Anjanapura Bridge,8,0.0,0.0
Bengaluru City,Kumaraswamy Layout Traffic PS,1.04432e+16,2021,1,2,Road Accidents,Junction,City/Town,Near office complex,Human Error,Not Applicable,Grievous Injury,Vehicle to Vehicle,Police / Manual,Others,Others,Bitumen(Tar),Dry,Not Applicable,Fine,Kanakapura main road,Gubbala Junction,5,0.0,0.0
Bengaluru City,Kumaraswamy Layout Traffic PS,1.04432e+16,2021,1,1,Road Accidents,Narrow road,City/Town,Near office complex,Human Error,Not Applicable,Grievous Injury,Hit pedestrian,Not at  Junction,Others,Others,Bitumen(Tar),Dry,No influence on accident,Fine,Subramanyapura Main Road,Near Gopalakrishna Textail,0.5 KM,0.0,0.0
Bengaluru City,Kumaraswamy Layout Traffic PS,1.04432e+16,2021,1,2,Road Accidents,Junction,City/Town,Near office complex,Human Error,Not Applicable,Grievous Injury,Vehicle to Vehicle,Uncontrolled,Others,Others,Bitumen(Tar),Dry,Not Applicable,Fine,BSK 6th Stage,40ft Road Junction,8,12.874923,77.510499
Bengaluru City,Kumaraswamy Layout Traffic PS,1.04432e+16,2021,1,1,Road Accidents,Junction,City/Town,Near office complex,Human Error,Not Applicable,Fatal,Hit pedestrian,Police / Manual,Others,Others,Bitumen(Tar),Dry,No influence on accident,Fine,CHUNCHAGATTA CROSS,JUNCTION OPP GARDEN COURT BAR,7,12.89713,77.571018
Bengaluru City,Kumaraswamy Layout Traffic PS,1.04432e+16,2021,1,1,Road Accidents,Narrow road,City/Town,Near office complex,Human Error,Yes,Simple Injury,Hit pedestrian,Not at  Junction,Others,Others,Bitumen(Tar),Dry,Not Applicable,Fine,Near Eliyaz Nagara,Near Eliyaz Nagara Junction,5,0.0,0.0
Bengaluru City,Kumaraswamy Layout Traffic PS,1.04432e+16,2022,1,2,Not Applicable,Circle,City/Town,Open area,Not Applicable,Not Applicable,Grievous Injury,Vehicle to Vehicle,No signal lights,Others,Others,Bitumen(Tar),Dry,Not Applicable,Clear,near SBI road  RBI layout,0,04 km,12.888221,77.580304
Bengaluru City,Kumaraswamy Layout Traffic PS,1.04432e+16,2022,1,2,Road Accidents,Narrow road,City/Town,Narrow bridge or culverts,Human Error,Not Applicable,Grievous Injury,Vehicle to Vehicle,Not at  Junction,Others,Others,Bitumen(Tar),Dry,No influence on accident,Fine,NICE ROAD,Nagegowdapalya Bridge,8,0.0,0.0
Bengaluru City,Kumaraswamy Layout Traffic PS,1.04432e+16,2022,1,2,Road Accidents,Narrow road,City/Town,Near office complex,Human Error,Not Applicable,Grievous Injury,Vehicle to Vehicle,Not at  Junction,Others,Others,Bitumen(Tar),Dry,Not Applicable,Fine,Uttarahalli Main Road,Near Shanthi sagar hotel & karnataka bank,1.5,12.908696,77.548641
Bengaluru City,Kumaraswamy Layout Traffic PS,1.04432e+16,2022,1,2,Road Accidents,Narrow road,City/Town,Narrow bridge or culverts,Human Error,No,Grievous Injury,Vehicle to Vehicle,Not Applicable,Not Applicable,Expressway,Bitumen(Tar),Dry,Not Applicable,Clear,NIce road,0,10km,12.86461,77.511026
Bengaluru City,Kumaraswamy Layout Traffic PS,1.04432e+16,2022,1,2,Road Accidents,Junction,City/Town,Open area,Not Applicable,No,Grievous Injury,Vehicle to Vehicle,Give way sign,Curve,Others,Bitumen(Tar),Dry,Not Applicable,Clear,Kanakapura main road,0,4 km,12.889723,77.563401
Bengaluru City,Kumaraswamy Layout Traffic PS,1.04432e+16,2022,1,2,Road Accidents,Narrow road,City/Town,Open area,Not Applicable,No,Grievous Injury,Vehicle to Vehicle,Not Applicable,Curve and Incline,Others,Bitumen(Tar),Dry,No influence on accident,Clear,Nice road,0,8km,12.856897,77.530159
Bengaluru City,Kumaraswamy Layout Traffic PS,1.04432e+16,2022,1,1,Road Accidents,Not Applicable,City/Town,Open area,Human Error,No,Grievous Injury,Vehicle to Vehicle,No signal lights,Straight and flat,Expressway,Bitumen(Tar),Dry,Not Applicable,Fine,NICE ROad,1,9,12.873466,77.497748
Bengaluru City,Kumaraswamy Layout Traffic PS,1.04432e+16,2022,1,1,Road Accidents,Narrow road,City/Town,Near Bus stop,Human Error,No,Grievous Injury,Hit pedestrian,No signal lights,Not Applicable,Others,Bitumen(Tar),Dry,Not Applicable,Clear,Kanakapura main road,11,04 KM,12.880828,77.546065
Bengaluru City,Kumaraswamy Layout Traffic PS,1.04432e+16,2022,1,2,Road Accidents,Junction,City/Town,Open area,Human Error,No,Grievous Injury,Vehicle to Vehicle,No signal lights,Not Applicable,Others,Bitumen(Tar),Dry,Not Applicable,Clear,Kanakapura main road,1,3 km,12.870871,77.564884
Bengaluru City,Kumaraswamy Layout Traffic PS,1.04432e+16,2022,1,1,Road Accidents,Narrow road,City/Town,Open area,Human Error,No,Grievous Injury,Not Applicable,Not Applicable,Others,Others,Bitumen(Tar),Dry,Not Applicable,Others,Nice road,1,10 km,0.0,0.0
Bengaluru City,Kumaraswamy Layout Traffic PS,1.04432e+16,2022,1,1,Not Applicable,Junction,City/Town,Open area,Human Error,No,Grievous Injury,Hit pedestrian,Not Applicable,Others,Others,Bitumen(Tar),Dry,Not Applicable,Clear,Kanakapura main road,1,5 km,12.897137,77.571251
Bengaluru City,Kumaraswamy Layout Traffic PS,1.04432e+16,2022,1,4,Road Accidents,Narrow road,City/Town,Open area,Human Error,No,Damage Only,Vehicle to Vehicle,Not Applicable,Not Applicable,Others,Bitumen(Tar),Dry,Construction Work / Material,Clear,Nice Road,1,6 km,0.0,0.0
Bengaluru City,Kumaraswamy Layout Traffic PS,1.04432e+16,2022,1,1,Road Accidents,Junction,City/Town,Open area,Human Error,No,Damage Only,Not Applicable,Uncontrolled,Straight and flat,Others,Bitumen(Tar),Dry,No influence on accident,Clear,ANAJANAPURA MAIN ROAD NEAR TIPPU CIRCLE,TIPPU CIRCLE,20ME,12.872752,77.566555
Bengaluru City,Kumaraswamy Layout Traffic PS,1.04432e+16,2022,1,2,Road Accidents,Junction,City/Town,Residential area,Human Error,No,Grievous Injury,Vehicle to Vehicle,Not Applicable,Not Applicable,Others,Bitumen(Tar),Dry,Not Applicable,Clear,Doddakalasandra main road,1,5 km,0.0,0.0
Bengaluru City,Kumaraswamy Layout Traffic PS,1.04432e+16,2022,1,2,Road Accidents,Narrow road,City/Town,Open area,Human Error,No,Damage Only,Vehicle to Vehicle,Not Applicable,Not Applicable,Expressway,Bitumen(Tar),Dry,Construction Work / Material,Clear,Nice road,1,6 km,12.852688,77.544427
Bengaluru City,Kumaraswamy Layout Traffic PS,1.04432e+16,2022,1,1,Road Accidents,Narrow road,City/Town,Near School or College,Human Error,Not Applicable,Grievous Injury,Hit pedestrian,Not at  Junction,Others,Others,Bitumen(Tar),Dry,No influence on accident,Fine,kanakpura main ro,yalchenahalli metro station,5,0.0,0.0
Bengaluru City,Kumaraswamy Layout Traffic PS,1.04432e+16,2022,1,2,Road Accidents,Junction,City/Town,Near office complex,Human Error,Not Applicable,Simple Injury,Vehicle to Vehicle,Controlled,Others,Others,Bitumen(Tar),Dry,No influence on accident,Fine,RBI LAYOUT,RBI LAYOUT 4TH JUNCTION,7,0.0,0.0
Bengaluru City,Kumaraswamy Layout Traffic PS,1.04432e+16,2022,1,3,Road Accidents,Narrow road,City/Town,Near School or College,Human Error,Not Applicable,Damage Only,Vehicle to Vehicle,Not at  Junction,Others,Others,Bitumen(Tar),Dry,No influence on accident,Fine,Uttarahalli Main Road,Near Shanthi sagar hotel,1.5,12.909693,77.550132
Bengaluru City,Kumaraswamy Layout Traffic PS,1.04432e+16,2022,1,3,Road Accidents,Narrow road,City/Town,Near or inside a village,Human Error,No,Fatal,Vehicle to Vehicle,Uncontrolled,Straight and flat,Others,Bitumen(Tar),Dry,No influence on accident,Fine,DR.VISHNUVARDHAN ROAD NEAR SRI VENKATESWARA TENT HOUST,VENKATESWARA TENT HOUSE,10,12.915593,77.561159
Bengaluru City,Kumaraswamy Layout Traffic PS,1.04432e+16,2022,1,1,Road Accidents,Not Applicable,City/Town,Near or inside a village,Human Error,No,Damage Only,Not Applicable,No signal lights,Straight and flat,Others,Not Applicable,Dry,Not Applicable,Fine,RLF ROAD,KJLJLJLJ,5,12.867936,77.572062
Bengaluru City,Kumaraswamy Layout Traffic PS,1.04432e+16,2022,1,2,Road Accidents,Narrow road,City/Town,Open area,Human Error,No,Grievous Injury,Vehicle to Vehicle,Not Applicable,Not Applicable,Expressway,Bitumen(Tar),Dry,Not Applicable,Clear,Nice Road,0,12 km,12.850311,77.582564
Bengaluru City,Kumaraswamy Layout Traffic PS,1.04432e+16,2022,1,2,Not Applicable,Not Applicable,City/Town,At pedestrian Crossing,Human Error,No,Grievous Injury,Hit pedestrian,Not Applicable,Others,Others,Bitumen(Tar),Dry,Not Applicable,Clear,Kanakapura main raod,1,6 km,12.866316,77.534357
Bengaluru City,Kumaraswamy Layout Traffic PS,1.04432e+16,2022,1,1,Not Applicable,Curves,City/Town,Open area,Not Applicable,Yes,Grievous Injury,Hit bicyclist,Controlled,Curve,Two way,Bitumen(Tar),Dry,Not Applicable,Fine,Kembattalli Main road,Hunasemara,1,0.0,0.0
Bengaluru City,Kumaraswamy Layout Traffic PS,1.04432e+16,2022,1,1,Road Accidents,Road hump or Rumble strips,City/Town,Near office complex,Human Error,Not Applicable,Fatal,Not Applicable,Uncontrolled,Straight and flat,Others,Bitumen(Tar),Dry,No influence on accident,Fine,KONANAKUNTE MAIN ROAD,NEAR RELIANCE FRESS,6,12.882194,77.565972
Bengaluru City,Kumaraswamy Layout Traffic PS,1.04432e+16,2022,1,2,Road Accidents,Narrow road,City/Town,Open area,Human Error,No,Fatal,Vehicle to Vehicle,Uncontrolled,Straight and flat,Others,Bitumen(Tar),Dry,No influence on accident,Fine,NICE ROAD NEAR VAJRAMUNESWARI BRIDGE,VAJRAMUNESWARA BRIDGE,10,12.857086,77.530289
Bengaluru City,Kumaraswamy Layout Traffic PS,1.04432e+16,2022,1,2,Road Accidents,Not Applicable,City/Town,Residential area,Not Applicable,No,Damage Only,Vehicle to Vehicle,Not Applicable,Not Applicable,Others,Concrete,Dry,Not Applicable,Clear,near riyal House partment,clear,2km,12.863648,77.560791
Bengaluru City,Kumaraswamy Layout Traffic PS,1.04432e+16,2022,1,2,Road Accidents,Narrow road,City/Town,Narrow bridge or culverts,Human Error,No,Grievous Injury,Vehicle to Vehicle,Not Applicable,Not Applicable,Others,Bitumen(Tar),Dry,Not Applicable,Clear,NIce road,1,8km,12.87643,77.495698
Bengaluru City,Kumaraswamy Layout Traffic PS,1.04432e+16,2022,1,2,Road Accidents,Junction,City/Town,Near Petrol Pump,Human Error,Yes,Grievous Injury,Vehicle to Vehicle,Signal lights Manual,Others,Others,Bitumen(Tar),Dry,Not Applicable,Clear,Punithrajakumar outer ring road,1,7KM,12.908716,77.570221
Bengaluru City,Kumaraswamy Layout Traffic PS,1.04432e+16,2022,1,2,Road Accidents,Narrow road,City/Town,Open area,Human Error,No,Simple Injury,Vehicle to Vehicle,Give way sign,Incline,State Highway,Concrete,Dry,No influence on accident,Clear,NICE ROAD,NICE ROAD,5,12.856929,77.530073
Bengaluru City,Kumaraswamy Layout Traffic PS,1.04432e+16,2022,1,1,Road Accidents,Narrow road,City/Town,Open area,Human Error,No,Fatal,Not Applicable,Uncontrolled,Straight and flat,Others,Bitumen(Tar),Dry,No influence on accident,Fine,NICE ROAD NEAR UNITECH GATE,UNITECK GATE,10ME,12.848551,77.572874
Bengaluru City,Kumaraswamy Layout Traffic PS,1.04432e+16,2022,1,2,Road Accidents,Narrow road,City/Town,Near Bus stop,Human Error,Not Applicable,Fatal,Vehicle to Vehicle,Not at  Junction,Others,Others,Bitumen(Tar),Dry,No influence on accident,Fine,Kanakapura main road,near metro piller no 223 Vajarahalli metro station,4,0.0,0.0
Bengaluru City,Kumaraswamy Layout Traffic PS,1.04432e+16,2022,1,1,Road Accidents,Narrow road,City/Town,Near office complex,Human Error,Yes,Simple Injury,Hit pedestrian,Not at  Junction,Others,Others,Bitumen(Tar),Dry,Not Applicable,Fine,BSK 6TH STAGE 80 FEET ROAD,OPP ARTISTIC STONES SHOP,5,0.0,0.0
Bengaluru City,Kumaraswamy Layout Traffic PS,1.04432e+16,2022,1,1,Road Accidents,Junction,City/Town,Near office complex,Human Error,Yes,Grievous Injury,Hit pedestrian,Uncontrolled,Others,Others,Bitumen(Tar),Dry,Not Applicable,Fine,CHUNCHAGATTA MAIN,CHUNCHAGATTA,6,12.891951,77.572055
Bengaluru City,Kumaraswamy Layout Traffic PS,1.04432e+16,2022,1,1,Road Accidents,Narrow road,City/Town,Near office complex,Human Error,Yes,Grievous Injury,Hit pedestrian,Not at  Junction,Others,Others,Bitumen(Tar),Dry,Not Applicable,Fine,Nagegowdanapalya main road,Near shibravyi resort,12,12.868485,77.516674
Bengaluru City,Kumaraswamy Layout Traffic PS,1.04432e+16,2022,1,2,Road Accidents,Not Applicable,City/Town,Near Petrol Pump,Human Error,No,Grievous Injury,Vehicle to Vehicle,Not Applicable,Not Applicable,Others,Concrete,Dry,Not Applicable,Clear,NEAR K PREAM INDIAN IOL PETROL BANK GOTTIGERE MAIN RAOD,0,6 KM,12.875902,77.5684085
Bengaluru City,Kumaraswamy Layout Traffic PS,1.04432e+16,2022,1,2,Road Accidents,Junction,City/Town,Open area,Human Error,No,Grievous Injury,Vehicle to Vehicle,No signal lights,Others,Residential Street,Bitumen(Tar),Dry,Not Applicable,Clear,Kanakapura main raod,11,4km,12.897157,77.571247
Bengaluru City,Kumaraswamy Layout Traffic PS,1.04432e+16,2022,1,1,Road Accidents,Narrow road,City/Town,Open area,Human Error,No,Fatal,Not Applicable,Uncontrolled,Straight and flat,Others,Bitumen(Tar),Dry,No influence on accident,Fine,uttarahalli main road near indus herbs nurasay,indus herbs nursary,10me,12.908292,77.534422
Bengaluru City,Kumaraswamy Layout Traffic PS,1.04432e+16,2022,1,2,Road Accidents,Narrow road,City/Town,Near a factory industrial area,Human Error,No,Grievous Injury,Vehicle to Vehicle,Not Applicable,Others,Others,Bitumen(Tar),Dry,Not Applicable,Clear,Kanakapura main road,1,7km,12.90474,77.573292
Bengaluru City,Kumaraswamy Layout Traffic PS,1.04432e+16,2022,1,2,Road Accidents,Narrow road,City/Town,Open area,Human Error,Yes,Fatal,Vehicle to Vehicle,Uncontrolled,Straight and flat,Others,Bitumen(Tar),Dry,No influence on accident,Fine,AVALAHALLI 80 FEET ROAD OPP KEB OFFICE,KEB OFFICE,15,12.872976,77.565626
Bengaluru City,Kumaraswamy Layout Traffic PS,1.04432e+16,2022,1,1,Road Accidents,Narrow road,City/Town,Near Hospital,Human Error,No,Grievous Injury,Hit pedestrian,Not Applicable,Others,Others,Bitumen(Tar),Dry,Not Applicable,Clear,Kembhattahalli main road,near Banashankari clinik,7 km,12.855292,77.587556
Bengaluru City,Kumaraswamy Layout Traffic PS,1.04432e+16,2022,1,1,Road Accidents,Narrow road,City/Town,Open area,Human Error,No,Grievous Injury,Not Applicable,Not Applicable,Others,Expressway,Bitumen(Tar),Dry,Not Applicable,Clear,nice road,1,5 km,0.0,0.0
Bengaluru City,Kumaraswamy Layout Traffic PS,1.04432e+16,2022,1,2,Road Accidents,Curves,City/Town,Near Bus stop,Human Error,No,Damage Only,Vehicle to Vehicle,Uncontrolled,Curve,Others,Bitumen(Tar),Dry,No influence on accident,Fine,UTTARAHALLI MAIN ROAD NEAR GOWDANA PALYA BUS STOP,HOUSE NO 04,10ME,12.911542,77.55531
Bengaluru City,Kumaraswamy Layout Traffic PS,1.04432e+16,2022,1,2,Road Accidents,Narrow road,City/Town,Near office complex,Not Applicable,Not Applicable,Damage Only,Vehicle to Vehicle,Not at  Junction,Others,Others,Bitumen(Tar),Dry,No influence on accident,Fine,"Uttarahalli main road,",Near Canara Bank,01 km,0.0,0.0
Bengaluru City,Kumaraswamy Layout Traffic PS,1.04432e+16,2022,1,2,Road Accidents,Junction,City/Town,Near office complex,Human Error,Yes,Fatal,Vehicle to Vehicle,Uncontrolled,Straight and flat,Others,Bitumen(Tar),Dry,Not Applicable,Fine,BSK 6th stage opp bda park,Near BDA specular park gate,6,12.8952,77.525275
Bengaluru City,Kumaraswamy Layout Traffic PS,1.04432e+16,2022,1,2,Road Accidents,Narrow road,City/Town,Narrow bridge or culverts,Human Error,Not Applicable,Fatal,Vehicle to Vehicle,Not at  Junction,Straight and flat,Others,Bitumen(Tar),Dry,Not Applicable,Fine,NICE ROAD NEAR PIPE LANE BRIDGE,NEAR PIPE LANE BRIDGE,9,12.856712,77.531384