DISTRICTNAME,UNITNAME,Crime_No,Year,RI,Noofvehicle_involved,Accident_Classification,Accident_Spot,Accident_Location,Accident_SubLocation,Main_Cause,Hit_Run,Severity,Collision_Type,Junction_Control,Road_Character,Road_Type,Surface_Type,Surface_Condition,Road_Condition,Weather,Accident_Road,Landmark_first,Distance_LandMark_First,Latitude,Longitude
Bengaluru City,Kumaraswamy Layout Traffic PS,1.04432e+16,2022,1,1,Road Accidents,Narrow road,City/Town,Open area,Human Error,Not Applicable,Grievous Injury,Not Applicable,Uncontrolled,Others,Expressway,Surfaced,Others,Not Applicable,Clear,Nice road,near Nagegowdanpalya bridze,11km,12.86795,77.505608
Bengaluru City,Kumaraswamy Layout Traffic PS,1.04432e+16,2022,1,1,Not Applicable,Narrow road,City/Town,Open area,Not Applicable,Yes,Grievous Injury,Hit pedestrian,Not Applicable,Not Applicable,Others,Not Applicable,Dry,Not Applicable,Clear,Pipe line road,0,3km,12.889191,77.550086
Bengaluru City,Kumaraswamy Layout Traffic PS,1.04432e+16,2022,1,2,Road Accidents,Narrow road,City/Town,Open area,Human Error,No,Damage Only,Vehicle to Vehicle,Not Applicable,Not Applicable,Others,Bitumen(Tar),Dry,Not Applicable,Clear,Kanakapura main road,1,4 K m,12.883954,77.550809
Bengaluru City,Kumaraswamy Layout Traffic PS,1.04432e+16,2022,1,2,Road Accidents,Narrow road,City/Town,Near School or College,Human Error,No,Grievous Injury,Vehicle to Vehicle,Not at  Junction,Not Applicable,Others,Bitumen(Tar),Not Applicable,Not Applicable,Clear,K S Layout main raod,1,4 km,12.909494,77.566799
Bengaluru City,Kumaraswamy Layout Traffic PS,1.04432e+16,2022,1,1,Road Accidents,Narrow road,City/Town,In bazaar,Human Error,No,Grievous Injury,Hit pedestrian,No signal lights,Others,Others,Bitumen(Tar),Dry,Not Applicable,Clear,Kanakapura main road,1,4 km,12.891429,77.565427
Bengaluru City,Kumaraswamy Layout Traffic PS,1.04432e+16,2022,1,2,Road Accidents,Narrow road,City/Town,Open area,Human Error,No,Damage Only,Vehicle to Vehicle,Uncontrolled,Straight and flat,Others,Bitumen(Tar),Dry,No influence on accident,Fine,NICE ROAD NEAR NAGEGOWDANAPALY BRIDGE,NAGEGOWDANA PALYA BRIDGE,10,12.865051,77.510238
Bengaluru City,Kumaraswamy Layout Traffic PS,1.04432e+16,2022,1,1,Road Accidents,Junction,City/Town,Near School or College,Human Error,No,Grievous Injury,Hit pedestrian,No signal lights,Others,Residential Street,Bitumen(Tar),Dry,Not Applicable,Clear,Uttarahalli main raod,1,2 km,12.909731,77.550156
Bengaluru City,Kumaraswamy Layout Traffic PS,1.04432e+16,2022,1,2,Road Accidents,Curves,City/Town,Near a religious place,Human Error,No,Simple Injury,Vehicle to Vehicle,Not Applicable,Curve,Others,Bitumen(Tar),Dry,Not Applicable,Clear,Vasanthpura main raod,1,1.5 km,0.0,0.0
Bengaluru City,Kumaraswamy Layout Traffic PS,1.04432e+16,2022,1,2,Road Accidents,Narrow road,City/Town,Near or inside a village,Human Error,No,Grievous Injury,Vehicle to Vehicle,Not Applicable,Others,Others,Bitumen(Tar),Dry,Not Applicable,Clear,Gubbalala 80 feet road,1,3 km,12.883043,77.542021
Bengaluru City,Kumaraswamy Layout Traffic PS,1.04432e+16,2022,1,2,Road Accidents,Not Applicable,City/Town,Near office complex,Human Error,No,Fatal,Vehicle to Vehicle,Uncontrolled,Straight and flat,Others,Bitumen(Tar),Dry,No influence on accident,Fine,KANAKAPURA MAIN ROAD OPP METRO PILLAR NO39,METRO PILLAR NO39,05 ME,12.913989,77.573371
Bengaluru City,Kumaraswamy Layout Traffic PS,1.04432e+16,2022,1,1,Road Accidents,Narrow road,City/Town,Narrow bridge or culverts,Human Error,Not Applicable,Grievous Injury,Not Applicable,Not Applicable,Others,Others,Bitumen(Tar),Dry,No influence on accident,Fine,Nice Road,Near Anjanapura Bridge,9,0.0,0.0
Bengaluru City,Kumaraswamy Layout Traffic PS,1.04432e+16,2022,1,1,Road Accidents,Narrow road,City/Town,Narrow bridge or culverts,Human Error,Not Applicable,Grievous Injury,Not Applicable,Not at  Junction,Others,Others,Bitumen(Tar),Dry,No influence on accident,Fine,NICE ROAD,Near Nagegowdana palya bridge,9,12.865539,77.483427
Bengaluru City,Kumaraswamy Layout Traffic PS,1.04432e+16,2022,1,1,Road Accidents,Narrow road,City/Town,Narrow bridge or culverts,Human Error,Not Applicable,Simple Injury,Not Applicable,Not at  Junction,Others,Others,Bitumen(Tar),Dry,No influence on accident,Fine,NICE ROAD,Near varahasansdra bridge,10,12.879589,77.494417
Bengaluru City,Kumaraswamy Layout Traffic PS,1.04432e+16,2022,1,2,Road Accidents,Narrow road,City/Town,Open area,Not Applicable,Yes,Grievous Injury,Vehicle to Vehicle,Not Applicable,Others,Others,Bitumen(Tar),Dry,Not Applicable,Clear,Uttarahalli main road,0,2 km,12.894193,77.54348
Bengaluru City,Kumaraswamy Layout Traffic PS,1.04432e+16,2022,1,2,Road Accidents,Narrow road,City/Town,Near a factory industrial area,Not Applicable,No,Grievous Injury,Vehicle to Vehicle,Not Applicable,Not Applicable,Others,Bitumen(Tar),Dry,Not Applicable,Clear,Subramnyapura main road,0,5,12.900852,77.543918
Bengaluru City,Kumaraswamy Layout Traffic PS,1.04432e+16,2022,1,1,Road Accidents,Cross roads,City/Town,Residential area,Not Applicable,No,Grievous Injury,Hit pedestrian,Not Applicable,Curve,Others,Bitumen(Tar),Dry,Not Applicable,Clear,Uttarahalli Main road,0,1km,12.906014,77.541735
Bengaluru City,Kumaraswamy Layout Traffic PS,1.04432e+16,2022,1,2,Road Accidents,Narrow road,City/Town,Residential area,Not Applicable,No,Grievous Injury,Vehicle to Vehicle,Not Applicable,Others,Others,Bitumen(Tar),Dry,Not Applicable,Clear,Uttarahalli main road,0,2 km,12.96506,77.544129
Bengaluru City,Kumaraswamy Layout Traffic PS,1.04432e+16,2022,1,2,Road Accidents,Narrow road,City/Town,Open area,Human Error,No,Grievous Injury,Hit pedestrian,Uncontrolled,Straight and flat,Others,Bitumen(Tar),Dry,No influence on accident,Fine,NICE ROAD NEAR POORVANKAR APPARTMENT,POORVANAKRA APPARTMENT,10ME,12.852043,77.547251
Bengaluru City,Kumaraswamy Layout Traffic PS,1.04432e+16,2022,1,1,Road Accidents,Road hump or Rumble strips,City/Town,Open area,Human Error,No,Fatal,Not Applicable,Uncontrolled,Hump,Others,Bitumen(Tar),Dry,No influence on accident,Fine,KANAKAPURA MAIN ROAD OPP JNANASWEAKAR SCHOOL HUMP,JNANASWAKAR SCHOOL HUMP,10,12.866466,77.534477
Bengaluru City,Kumaraswamy Layout Traffic PS,1.04432e+16,2022,1,1,Road Accidents,Road hump or Rumble strips,City/Town,Open area,Human Error,Yes,Fatal,Not Applicable,Uncontrolled,Straight and flat,Others,Bitumen(Tar),Dry,No influence on accident,Fine,KOTTANURU MAIN ROAD OPP GAJENDRA JUICE CENTRE,GAJENDRA JUCIE SHOP,10,12.888366,77.582032
Bengaluru City,Kumaraswamy Layout Traffic PS,1.04432e+16,2022,1,1,Road Accidents,Curves,City/Town,Residential area,Human Error,No,Grievous Injury,Vehicle to Vehicle,Not Applicable,Curve,Others,Bitumen(Tar),Dry,Not Applicable,Clear,14 th main road K S Layout,1,3 km,12.905868,77.562997
Bengaluru City,Kumaraswamy Layout Traffic PS,1.04432e+16,2022,1,2,Road Accidents,Narrow road,City/Town,Near a factory industrial area,Human Error,No,Grievous Injury,Vehicle to Vehicle,Not Applicable,Others,Others,Bitumen(Tar),Dry,Not Applicable,Clear,Chunchagatta main road,1,5 km,12.895264,77.571889
Bengaluru City,Kumaraswamy Layout Traffic PS,1.04432e+16,2022,1,2,Road Accidents,Narrow road,City/Town,Near School or College,Human Error,Yes,Grievous Injury,Vehicle to Vehicle,Stop sign,Others,Others,Bitumen(Tar),Dry,Not Applicable,Others,Gubbalala main road,1,3 km,12.887466,77.550084
Bengaluru City,Kumaraswamy Layout Traffic PS,1.04432e+16,2022,1,2,Road Accidents,Junction,City/Town,Near office complex,Human Error,Not Applicable,Grievous Injury,Vehicle to Vehicle,Police / Manual,Others,Others,Bitumen(Tar),Dry,Not Applicable,Fine,Kanakapura Main Road,Nice Road Junction,8,0.0,0.0
Bengaluru City,Kumaraswamy Layout Traffic PS,1.04432e+16,2022,1,2,Road Accidents,Narrow road,City/Town,Near office complex,Human Error,Yes,Fatal,Vehicle to Vehicle,Not at  Junction,Others,Others,Bitumen(Tar),Dry,Not Applicable,Fine,Kadirenahalli Main road,Near Manjunatha Medicals,5,12.54544,77.33454
Bengaluru City,Kumaraswamy Layout Traffic PS,1.04432e+16,2022,1,2,Not Applicable,Junction,Rural Areas,In bazaar,Not Applicable,Not Applicable,Damage Only,Vehicle to Vehicle,Signals (Working),Slight Curve,NH,Gravel,Dry,Drainage Ditch,Fine,kkp main road,ffffffff,ffffff,12.906352,77.573211
Bengaluru City,Kumaraswamy Layout Traffic PS,1.04432e+16,2022,1,1,Not Applicable,Narrow road,City/Town,Residential area,Not Applicable,No,Grievous Injury,Hit pedestrian,No signal lights,Not Applicable,Others,Bitumen(Tar),Dry,Not Applicable,Clear,Gundumuneswara temple road,0,01 km,12.9025283,77.545426
Bengaluru City,Kumaraswamy Layout Traffic PS,1.04432e+16,2022,1,1,Not Applicable,Not Applicable,City/Town,Open area,Not Applicable,Yes,Not Applicable,Not Applicable,Not Applicable,Not Applicable,Others,Bitumen(Tar),Not Applicable,Not Applicable,Clear,KOTTANURU MAIN ROAD,0,8 KM,12.881461,77.57576
Bengaluru City,Kumaraswamy Layout Traffic PS,1.04432e+16,2022,1,2,Road Accidents,Narrow road,City/Town,Open area,Human Error,No,Fatal,Vehicle to Vehicle,Uncontrolled,Straight and flat,Others,Bitumen(Tar),Dry,No influence on accident,Fine,NICE ROAD NEAR KANAKAPURA TOLL,NICE ROAD KANAKAPURA TOLL,10 MET,12.858468,77.526072
Bengaluru City,Kumaraswamy Layout Traffic PS,1.04432e+16,2022,1,2,Road Accidents,Circle,City/Town,Residential area,Not Applicable,No,Damage Only,Vehicle to Vehicle,No signal lights,Others,Others,Bitumen(Tar),Dry,Not Applicable,Clear,Narayanagara main road,0,3,0.0,0.0
Bengaluru City,Kumaraswamy Layout Traffic PS,1.04432e+16,2022,1,1,Road Accidents,Offset,City/Town,Near a religious place,Not Applicable,No,Fatal,Hit pedestrian,Not Applicable,Incline,Others,Bitumen(Tar),Dry,Not Applicable,Clear,KANAKAPURA MAIN RAOD,0,6KM,12.912421,77.572934
Bengaluru City,Kumaraswamy Layout Traffic PS,1.04432e+16,2022,1,1,Not Applicable,Narrow road,City/Town,Near Hospital,Not Applicable,Yes,Grievous Injury,Hit pedestrian,Not Applicable,Others,Residential Street,Bitumen(Tar),Dry,No influence on accident,Fine,Kashi nagara 1st cross,Kashi Nagara,5,12.897706,77.567383
Bengaluru City,Kumaraswamy Layout Traffic PS,1.04432e+16,2022,1,2,Road Accidents,Narrow road,City/Town,Near School or College,Vehicle Defect,Yes,Damage Only,Vehicle to Vehicle,Not Applicable,Not Applicable,Others,Bitumen(Tar),Dry,Not Applicable,Cloudy,avalahalli Double road,1,04 km,12.880688,77.55242
Bengaluru City,Kumaraswamy Layout Traffic PS,1.04432e+16,2022,1,2,Road Accidents,Narrow road,City/Town,Residential area,Human Error,No,Damage Only,Vehicle to Vehicle,Not Applicable,Others,Others,Bitumen(Tar),Dry,Not Applicable,Clear,Subramanyapura main raod,1,0.5 km,12.898837,77.543846
Bengaluru City,Kumaraswamy Layout Traffic PS,1.04432e+16,2022,1,2,Road Accidents,Narrow road,City/Town,Open area,Vehicle Defect,No,Simple Injury,Vehicle to Vehicle,Not Applicable,Others,Expressway,Bitumen(Tar),Dry,Not Applicable,Clear,Nice road,1,5 km,0.0,0.0
Bengaluru City,Kumaraswamy Layout Traffic PS,1.04432e+16,2022,1,1,Not Applicable,Road hump or Rumble strips,City/Town,Near Bus stop,Not Applicable,Not Applicable,Damage Only,Not Applicable,Controlled,Hump,Others,Bitumen(Tar),Dry,Not Applicable,Clear,Doddakallasandra,Metro pillar 171,Metro,12.885458,77.555209
Bengaluru City,Kumaraswamy Layout Traffic PS,1.04432e+16,2022,1,1,Road Accidents,Narrow road,City/Town,Near Bus stop,Human Error,Yes,Grievous Injury,Hit pedestrian,Not Applicable,Not Applicable,Others,Bitumen(Tar),Dry,Not Applicable,Clear,Shivaramkarantha road,1,4 km,0.0,0.0
Bengaluru City,Kumaraswamy Layout Traffic PS,1.04432e+16,2022,1,1,Road Accidents,Narrow road,City/Town,Residential area,Human Error,Yes,Grievous Injury,Hit pedestrian,Not at  Junction,Straight and flat,Others,Bitumen(Tar),Dry,Not Applicable,Clear,Other Road,Halli thota vegitabal shop,2 km,12.893342,77.53817
Bengaluru City,Kumaraswamy Layout Traffic PS,1.04432e+16,2022,1,2,Road Accidents,Narrow road,City/Town,Narrow bridge or culverts,Human Error,Not Applicable,Grievous Injury,Vehicle to Vehicle,Not Applicable,Others,Others,Bitumen(Tar),Dry,Not Applicable,Fine,Pillaganahalli Main Road,Near Nice Road bridge,9,0.0,0.0
Bengaluru City,Kumaraswamy Layout Traffic PS,1.04432e+16,2022,1,1,Road Accidents,Narrow road,City/Town,Near or inside a village,Human Error,Not Applicable,Grievous Injury,Hit pedestrian,Not at  Junction,Others,Others,Bitumen(Tar),Dry,Not Applicable,Fine,Doddakallasandra Kanakapura Main Road,Opp Ganesha tempale kanakapura main road,4,12.885788,77.556187
Bengaluru City,Kumaraswamy Layout Traffic PS,1.04432e+16,2022,1,2,Not Applicable,Narrow road,City/Town,Near School or College,Not Applicable,No,Grievous Injury,Vehicle to Vehicle,Not Applicable,Others,Others,Bitumen(Tar),Dry,Not Applicable,Clear,ESWARI APRTMENT 4TH MAIN ROAD,0,7KM,12.87095,77.576541
Bengaluru City,Kumaraswamy Layout Traffic PS,1.04432e+16,2022,1,2,Not Applicable,Narrow road,City/Town,Open area,Human Error,No,Grievous Injury,Vehicle to Vehicle,Not at  Junction,Others,Others,Kutcha,Dry,Not Applicable,Clear,Nice Road,NIce road,5,12.847986,77.566326
Bengaluru City,Kumaraswamy Layout Traffic PS,1.04432e+16,2022,1,2,Road Accidents,Narrow road,City/Town,Near School or College,Not Applicable,No,Grievous Injury,Vehicle to Vehicle,Not Applicable,Not Applicable,Others,Bitumen(Tar),Dry,Not Applicable,Clear,Konankunte main raod,0,4KM,12.887165,77.564884
Bengaluru City,Kumaraswamy Layout Traffic PS,1.04432e+16,2022,1,2,Road Accidents,Curves,City/Town,Residential area,Human Error,No,Grievous Injury,Vehicle to Vehicle,Not Applicable,Curve,Others,Bitumen(Tar),Dry,Not Applicable,Clear,AGS Layout road,1,2Km,12.921147,77.547235
Bengaluru City,Kumaraswamy Layout Traffic PS,1.04432e+16,2022,1,2,Road Accidents,Narrow road,City/Town,Open area,Human Error,Yes,Simple Injury,Vehicle to Vehicle,Not Applicable,Others,Residential Street,Bitumen(Tar),Dry,Not Applicable,Clear,Uttarahalli main raod,0,1km,0.0,0.0
Bengaluru City,Kumaraswamy Layout Traffic PS,1.04432e+16,2022,1,1,Road Accidents,Offset,City/Town,Near a factory industrial area,Human Error,No,Grievous Injury,Not Applicable,Not Applicable,Not Applicable,Others,Bitumen(Tar),Dry,Not Applicable,Clear,Kanakapura main road,0,3.5 km,12.887627,77.561227
Bengaluru City,Kumaraswamy Layout Traffic PS,1.04432e+16,2022,1,2,Road Accidents,Narrow road,City/Town,Near Petrol Pump,Human Error,Yes,Simple Injury,Vehicle to Vehicle,Not at  Junction,Hump,Others,Bitumen(Tar),Dry,Not Applicable,Clear,Kanakapura main raod,1,7:00 PM,12.858886,77.528311
Bengaluru City,Kumaraswamy Layout Traffic PS,1.04432e+16,2022,1,3,Road Accidents,Narrow road,City/Town,Near office complex,Human Error,Yes,Grievous Injury,Vehicle to Vehicle,Not at  Junction,Others,Others,Bitumen(Tar),Dry,No influence on accident,Fine,80ft Road Jambusvari Dinne,Kamakshi Cement Store,8,0.0,0.0
Bengaluru City,Kumaraswamy Layout Traffic PS,1.04432e+16,2022,1,2,Road Accidents,Narrow road,City/Town,Near office complex,Human Error,Yes,Grievous Injury,Vehicle to Vehicle,Not at  Junction,Others,Others,Bitumen(Tar),Dry,No influence on accident,Fine,Uttarahalli Main Road,Near Karnataka bank,2,12.894008,77.556357
Bengaluru City,Kumaraswamy Layout Traffic PS,1.04432e+16,2022,1,2,Road Accidents,Junction,City/Town,Open area,Human Error,Yes,Fatal,Vehicle to Vehicle,Uncontrolled,Straight and flat,Others,Bitumen(Tar),Dry,No influence on accident,Fine,bsk 6th stage 100feet road and nice road under pass,nice road under pass,10,12.88400396,77.50177019
Bengaluru City,Kumaraswamy Layout Traffic PS,1.04432e+16,2022,1,1,Road Accidents,Narrow road,City/Town,Near office complex,Human Error,Yes,Fatal,Hit pedestrian,Uncontrolled,Straight and flat,Others,Bitumen(Tar),Dry,No influence on accident,Fine,KONANAKUNTE MAIN ROAD NEAR SOUDAMINI KALYANA MANTAPA,ADISWRA SHOW ROOM,10 ME,12.882705,77.566112
Bengaluru City,Kumaraswamy Layout Traffic PS,1.04432e+16,2022,1,2,Road Accidents,Narrow road,City/Town,Open area,Not Applicable,No,Damage Only,Vehicle to Vehicle,No signal lights,Others,Others,Bitumen(Tar),Dry,Not Applicable,Clear,Nice road,0,8 km,12.864722,77.510787
Bengaluru City,Kumaraswamy Layout Traffic PS,1.04432e+16,2022,1,1,Road Accidents,Narrow road,City/Town,Open area,Human Error,Yes,Fatal,Hit bicyclist,Uncontrolled,Straight and flat,Others,Bitumen(Tar),Dry,No influence on accident,Fine,SUBRAMANYAPURA MAIN ROAD OPP RAMDEV JUVELS SHOP,RAMDEV JUVELS SHOP,25ME,12.914582,77.564702
Bengaluru City,Kumaraswamy Layout Traffic PS,1.04432e+16,2022,1,2,Road Accidents,Junction,City/Town,Open area,Human Error,No,Damage Only,Vehicle to Vehicle,No signal lights,Straight and flat,Others,Bitumen(Tar),Dry,Not Applicable,Clear,Kanakapura main road,1,3Km,12.88357,77.548625
Bengaluru City,Kumaraswamy Layout Traffic PS,1.04432e+16,2022,1,1,Road Accidents,Junction,City/Town,Near Petrol Pump,Human Error,Yes,Simple Injury,Hit pedestrian,No signal lights,Others,Others,Bitumen(Tar),Dry,Not Applicable,Clear,Kanakapura main road,1,5km,12.911849,77.572851
Bengaluru City,Kumaraswamy Layout Traffic PS,1.04432e+16,2022,1,2,Road Accidents,Narrow road,City/Town,Near Bus stop,Human Error,Yes,Damage Only,Vehicle to Vehicle,Not Applicable,Not Applicable,Others,Bitumen(Tar),Dry,Not Applicable,Clear,RBI Layout main road,0,2 km,0.0,0.0
Bengaluru City,Kumaraswamy Layout Traffic PS,1.04432e+16,2022,1,1,Road Accidents,Narrow road,City/Town,In bazaar,Human Error,No,Grievous Injury,Hit pedestrian,Not Applicable,Others,Others,Bitumen(Tar),Dry,Not Applicable,Clear,Kanakapura main raod,1,5km,12.910983,77.572845
Bengaluru City,Kumaraswamy Layout Traffic PS,1.04432e+16,2022,1,1,Road Accidents,Narrow road,City/Town,Residential area,Human Error,No,Grievous Injury,Hit pedestrian,Not Applicable,Curve,Others,Bitumen(Tar),Dry,Not Applicable,Clear,Pipe line road,2,3 km,0.0,0.0
Bengaluru City,Kumaraswamy Layout Traffic PS,1.04432e+16,2022,1,2,Road Accidents,Narrow road,City/Town,Near office complex,Human Error,Yes,Fatal,Vehicle to Vehicle,Not at  Junction,Others,Others,Bitumen(Tar),Dry,No influence on accident,Fine,NICE ROAD,NEAR UNITEC GATE,13,12.849252,77.574545
Bengaluru City,Kumaraswamy Layout Traffic PS,1.04432e+16,2022,1,1,Road Accidents,Narrow road,City/Town,Near office complex,Human Error,Not Applicable,Grievous Injury,Not Applicable,Not at  Junction,Others,Others,Bitumen(Tar),Dry,Not Applicable,Fine,NICE ROAD,Near varahasandra bridge nice road,9,12.876072,77.492687
Bengaluru City,Kumaraswamy Layout Traffic PS,1.04432e+16,2022,1,2,Road Accidents,Narrow road,City/Town,Near office complex,Human Error,Not Applicable,Simple Injury,Vehicle to Vehicle,Not at  Junction,Others,Others,Bitumen(Tar),Dry,No influence on accident,Fine,Talgatpura,Near Nandini parlar judisial layout main road,6,12.866395,77.534784
Bengaluru City,Kumaraswamy Layout Traffic PS,1.04432e+16,2022,1,1,Road Accidents,Narrow road,City/Town,Narrow bridge or culverts,Human Error,Not Applicable,Grievous Injury,Vehicle to Vehicle,Not at  Junction,Others,Others,Bitumen(Tar),Dry,Not Applicable,Fine,NICE ROAD,Near varahasandra bridge nice road,10,12.87753,77.493935
Bengaluru City,Kumaraswamy Layout Traffic PS,1.04432e+16,2022,1,3,Road Accidents,Not Applicable,City/Town,Open area,Human Error,No,Fatal,Vehicle to Vehicle,Uncontrolled,Straight and flat,Others,Bitumen(Tar),Dry,No influence on accident,Fine,nice road near poorvankara appartment,nice road,10,12.8545054,77.5455221
Bengaluru City,Kumaraswamy Layout Traffic PS,1.04432e+16,2022,1,1,Road Accidents,Cross roads,City/Town,Near Bus stop,Human Error,Yes,Grievous Injury,Hit pedestrian,No signal lights,Not Applicable,Others,Bitumen(Tar),Dry,Not Applicable,Clear,14 th main road K S Layout,0,4 km,12.909391,77.564202
Bengaluru City,Kumaraswamy Layout Traffic PS,1.04432e+16,2022,1,1,Road Accidents,Cross roads,City/Town,Near School or College,Human Error,Yes,Grievous Injury,Hit pedestrian,Not Applicable,Not Applicable,Others,Bitumen(Tar),Dry,No influence on accident,Clear,Dr Vishnuvardan raod,1,2 km,12.911836,77.558529
Bengaluru City,Kumaraswamy Layout Traffic PS,1.04432e+16,2022,1,1,Road Accidents,Narrow road,City/Town,Open area,Human Error,No,Fatal,Hit pedestrian,Uncontrolled,Straight and flat,Others,Bitumen(Tar),Dry,No influence on accident,Fine,14TH MAIN ROAD OPP PRESTIGE SHOP K  S LAYOUT,PRESTIGE SHOP,10ME,12.90488,77.562505
Bengaluru City,Kumaraswamy Layout Traffic PS,1.04432e+16,2022,1,2,Not Applicable,Narrow road,City/Town,Near School or College,Human Error,No,Grievous Injury,Vehicle to Vehicle,Not Applicable,Not Applicable,Others,Bitumen(Tar),Dry,Not Applicable,Clear,Holiday  village road,1,8 Km,12.861259,77.542709
Bengaluru City,Kumaraswamy Layout Traffic PS,1.04432e+16,2022,1,2,Road Accidents,Narrow road,City/Town,Open area,Human Error,No,Damage Only,Vehicle to Vehicle,No signal lights,Incline,Major District Road,Bitumen(Tar),Dry,No influence on accident,Clear,nice road,nice road,10km,12.852817,77.544523
Bengaluru City,Kumaraswamy Layout Traffic PS,1.04432e+16,2022,1,2,Road Accidents,Narrow road,City/Town,Near Hospital,Human Error,No,Simple Injury,Vehicle to Vehicle,Not at  Junction,Not Applicable,Others,Bitumen(Tar),Dry,Not Applicable,Clear,Vasanthpura main road,1,3 km,0.0,0.0
Bengaluru City,Kumaraswamy Layout Traffic PS,1.04432e+16,2022,1,3,Road Accidents,Narrow road,City/Town,Near office complex,Human Error,Not Applicable,Grievous Injury,Vehicle to Vehicle,Not at  Junction,Straight and flat,Residential Street,Bitumen(Tar),Dry,No influence on accident,Fine,Chunchagatta main road RBI layout,OPP Elita apartment,5,0.0,0.0
Bengaluru City,Kumaraswamy Layout Traffic PS,1.04432e+16,2022,1,1,Road Accidents,Narrow road,City/Town,Near office complex,Human Error,Not Applicable,Simple Injury,Not Applicable,Not Applicable,Others,Others,Bitumen(Tar),Dry,Not Applicable,Fine,echnology road BSK 6th,opp Sri Annapurneswari real estat and Construction,5,12.878286,77.515981
Bengaluru City,Kumaraswamy Layout Traffic PS,1.04432e+16,2022,1,2,Road Accidents,Narrow road,City/Town,Open area,Not Applicable,Yes,Grievous Injury,Vehicle to Vehicle,Not Applicable,Others,Others,Bitumen(Tar),Dry,Not Applicable,Clear,Kembathahalli main road,0,9 km,12.861028,77.566122
Bengaluru City,Kumaraswamy Layout Traffic PS,1.04432e+16,2022,1,2,Road Accidents,Narrow road,City/Town,Open area,Not Applicable,No,Grievous Injury,Vehicle to Vehicle,Not Applicable,Others,Others,Bitumen(Tar),Dry,Not Applicable,Clear,Nice road,0,8km,12.864661,77.51089
Bengaluru City,Kumaraswamy Layout Traffic PS,1.04432e+16,2022,1,2,Road Accidents,Narrow road,City/Town,Near School or College,Not Applicable,No,Damage Only,Vehicle to Vehicle,Not Applicable,Not Applicable,Others,Bitumen(Tar),Dry,Not Applicable,Clear,Konanakunte,0,05 km,0.0,0.0
Bengaluru City,Kumaraswamy Layout Traffic PS,1.04432e+16,2022,1,2,Road Accidents,Junction,City/Town,Near Petrol Pump,Human Error,No,Simple Injury,Vehicle to Vehicle,Signal lights Automatic,Others,Others,Concrete,Dry,Not Applicable,Clear,Kanakapura main raod,1,5 km,0.0,0.0
Bengaluru City,Kumaraswamy Layout Traffic PS,1.04432e+16,2022,1,2,Road Accidents,Narrow road,City/Town,Near Hospital,Human Error,No,Grievous Injury,Vehicle to Vehicle,Not Applicable,Others,Others,Bitumen(Tar),Dry,Not Applicable,Clear,Kanakapura main road,1,4 km,12.894383,77.5686
Bengaluru City,Kumaraswamy Layout Traffic PS,1.04432e+16,2022,1,2,Road Accidents,Narrow road,City/Town,Open area,Human Error,No,Fatal,Vehicle to Vehicle,Uncontrolled,Straight and flat,Others,Bitumen(Tar),Dry,No influence on accident,Fine,NICE ROAD NEAR PILLAGANAHALLI BRIDGE,10 METER,10,12.850575,77.580554
Bengaluru City,Kumaraswamy Layout Traffic PS,1.04432e+16,2022,1,2,Road Accidents,Narrow road,City/Town,Near a factory industrial area,Human Error,No,Grievous Injury,Vehicle to Vehicle,Not Applicable,Others,Others,Bitumen(Tar),Dry,Not Applicable,Clear,Chunchagatta main road,0,5 km,12.88054,77.568234
Bengaluru City,Kumaraswamy Layout Traffic PS,1.04432e+16,2022,1,2,Road Accidents,Narrow road,City/Town,Open area,Human Error,Yes,Fatal,Vehicle to Vehicle,Uncontrolled,Straight and flat,Others,Bitumen(Tar),Dry,No influence on accident,Fine,KANAKAPURA MAIN ROAD OPP METRO PILLAR NO 307A,METRO PILLAR NO 307A,10ME,12.860438,77.52928
Bengaluru City,Kumaraswamy Layout Traffic PS,1.04432e+16,2022,1,2,Road Accidents,Circle,City/Town,Open area,Human Error,Yes,Damage Only,Vehicle to Vehicle,Uncontrolled,Straight and flat,Others,Bitumen(Tar),Dry,No influence on accident,Fine,ANJANAPURA CIRCLE,GOVT SCHOOL,10ME,0.0,0.0
Bengaluru City,Kumaraswamy Layout Traffic PS,1.04432e+16,2022,1,2,Road Accidents,Narrow road,City/Town,Open area,Human Error,No,Simple Injury,Vehicle to Vehicle,Not Applicable,Others,Others,Bitumen(Tar),Dry,Not Applicable,Clear,Kanakapura main raod,1,7 km,12.858447,77.527944
Bengaluru City,Kumaraswamy Layout Traffic PS,1.04432e+16,2022,1,2,Road Accidents,Junction,City/Town,Open area,Not Applicable,No,Grievous Injury,Vehicle to Vehicle,Signals (Working),Not Applicable,Others,Bitumen(Tar),Dry,Not Applicable,Clear,Kanakapura main road,0,4 km,12.906462,77.573252