DISTRICTNAME,UNITNAME,Crime_No,Year,RI,Noofvehicle_involved,Accident_Classification,Accident_Spot,Accident_Location,Accident_SubLocation,Main_Cause,Hit_Run,Severity,Collision_Type,Junction_Control,Road_Character,Road_Type,Surface_Type,Surface_Condition,Road_Condition,Weather,Accident_Road,Landmark_first,Distance_LandMark_First,Latitude,Longitude
Bengaluru City,Kumaraswamy Layout Traffic PS,1.04432e+16,2023,1,1,Road Accidents,Not Applicable,City/Town,Near office complex,Human Error,Yes,Grievous Injury,Hit pedestrian,Uncontrolled,Straight and flat,Others,Bitumen(Tar),Dry,No influence on accident,Fine,subramanayapura main road opp sangeetha mobile show room,sangeetha mobile show room,10me,12.903757,77.544465
Bengaluru City,Kumaraswamy Layout Traffic PS,1.04432e+16,2023,1,2,Road Accidents,Narrow road,City/Town,Near Bus stop,Human Error,No,Damage Only,Vehicle to Vehicle,Not Applicable,Hump,Others,Bitumen(Tar),Dry,Not Applicable,Clear,KANAKAPURA MAIN ROAD,nera jaraganahalli bus stop,4 km,12.695845,77.525142
Bengaluru City,Kumaraswamy Layout Traffic PS,1.04432e+16,2023,1,2,Road Accidents,Curves,City/Town,Near School or College,Human Error,No,Simple Injury,Vehicle to Vehicle,Not Applicable,Others,Others,Bitumen(Tar),Dry,Not Applicable,Clear,Uttarahalli main road,1,3 km,12.911551,77.55833
Bengaluru City,Kumaraswamy Layout Traffic PS,1.04432e+16,2023,1,2,Road Accidents,Narrow road,City/Town,Open area,Human Error,No,Grievous Injury,Vehicle to Vehicle,Not at  Junction,Others,Others,Bitumen(Tar),Dry,Not Applicable,Fine,Pipe line via Vasanthapura,Near iscon Temple,100,0.0,0.0
Bengaluru City,Kumaraswamy Layout Traffic PS,1.04432e+16,2023,1,2,Road Accidents,Narrow road,City/Town,Residential area,Human Error,Yes,Damage Only,Vehicle to Vehicle,Not at  Junction,Others,Others,Bitumen(Tar),Dry,Not Applicable,Clear,kottanuru dinne main road,1,5 km,12.890535,77.581806
Bengaluru City,Kumaraswamy Layout Traffic PS,1.04432e+16,2023,1,1,Road Accidents,Narrow road,City/Town,Near Hospital,Not Applicable,No,Grievous Injury,Hit pedestrian,Not Applicable,Others,Others,Bitumen(Tar),Dry,Not Applicable,Clear,UTTARAHALLI MAIN ROAD,1,2 KM,0.0,0.0
Bengaluru City,Kumaraswamy Layout Traffic PS,1.04432e+16,2023,1,2,Road Accidents,Cross roads,City/Town,Near Bus stop,Human Error,No,Simple Injury,Vehicle to Vehicle,Not Applicable,Curve,Others,Bitumen(Tar),Dry,Not Applicable,Clear,UTTARAHALLI MAIN ROAD,1,2  KM,12.906537,77.544209
Bengaluru City,Kumaraswamy Layout Traffic PS,1.04432e+16,2023,1,2,Road Accidents,Curves,City/Town,Open area,Human Error,No,Grievous Injury,Vehicle to Vehicle,No signal lights,Curve,Residential Street,Bitumen(Tar),Dry,Not Applicable,Clear,BHCS LAYOUT ROAD,NEAR DOREKERE PARK,2 KM,12.852043,77.525441
Bengaluru City,Kumaraswamy Layout Traffic PS,1.04432e+16,2023,1,1,Road Accidents,Narrow road,City/Town,Open area,Human Error,Yes,Grievous Injury,Hit pedestrian,Uncontrolled,Straight and flat,Others,Bitumen(Tar),Dry,No influence on accident,Fine,PIPE LANE ROAD VASANTHAPURA,POLE,10,12.894736,77.555348
Bengaluru City,Kumaraswamy Layout Traffic PS,1.04432e+16,2023,1,1,Road Accidents,Road hump or Rumble strips,City/Town,Open area,Human Error,No,Fatal,Not Applicable,Uncontrolled,Hump,Others,Bitumen(Tar),Dry,No influence on accident,Fine,kembathahalli main road near godhavari hotel,godhavari hotel,50me,12.911262,77.57242
Bengaluru City,Kumaraswamy Layout Traffic PS,1.04432e+16,2023,1,2,Road Accidents,Junction,City/Town,Near Petrol Pump,Human Error,Yes,Grievous Injury,Hit pedestrian,Controlled,Not Applicable,Others,Bitumen(Tar),Others,No influence on accident,Clear,Ring road near iliyaz nagara junction,main road,5,12.910264,77.56911
Bengaluru City,Kumaraswamy Layout Traffic PS,1.04432e+16,2023,1,3,Road Accidents,Junction,City/Town,Near Bus stop,Human Error,No,Simple Injury,Vehicle to Vehicle,Signal lights Manual,Others,Major District Road,Bitumen(Tar),Dry,Not Applicable,Clear,KANAKAPURA MAIN ROAD,NEAR SARAKKI SINNAL,4 KM,12.906569,77.573327
Bengaluru City,Kumaraswamy Layout Traffic PS,1.04432e+16,2023,1,1,Road Accidents,Narrow road,City/Town,Near School or College,Human Error,No,Grievous Injury,Hit pedestrian,Uncontrolled,Straight and flat,Others,Concrete,Dry,No influence on accident,Fine,PIPE LANE ROAD INSIDE CITY ENGINEERING COLLAGE,CITY COLLAGE GATE,50ME,12.889208,77.550592
Bengaluru City,Kumaraswamy Layout Traffic PS,1.04432e+16,2023,1,2,Road Accidents,Road hump or Rumble strips,City/Town,Open area,Human Error,No,Grievous Injury,Vehicle to Vehicle,Uncontrolled,Hump,Others,Bitumen(Tar),Dry,No influence on accident,Fine,uttarahalli main road opp rajathadri hotel,hotel rajathadri,10me,0.0,0.0
Bengaluru City,Kumaraswamy Layout Traffic PS,1.04432e+16,2023,1,2,Road Accidents,Junction,City/Town,Near Bus stop,Human Error,No,Grievous Injury,Vehicle to Vehicle,No signal lights,Curve,Major District Road,Bitumen(Tar),Dry,Not Applicable,Clear,kanakapura main road,near HDFC BANK JUNCTION,04 KM,12.894808,77.569048
Bengaluru City,Kumaraswamy Layout Traffic PS,1.04432e+16,2023,1,1,Road Accidents,Cross roads,City/Town,Residential area,Human Error,No,Grievous Injury,Hit pedestrian,Not Applicable,Straight and flat,Two way,Bitumen(Tar),Not Applicable,No influence on accident,Clear,3rd cross road Gowrav nagara,resident,5,12.562145,77.548214
Bengaluru City,Kumaraswamy Layout Traffic PS,1.04432e+16,2023,1,2,Road Accidents,Not Applicable,City/Town,Open area,Human Error,Yes,Fatal,Vehicle to Vehicle,Uncontrolled,Straight and flat,Others,Bitumen(Tar),Dry,No influence on accident,Fine,ring road near annapoorneswari traders,anannapoorneswari traders,10,12.908951,77.570143
Bengaluru City,Kumaraswamy Layout Traffic PS,1.04432e+16,2023,1,1,Road Accidents,Not Applicable,City/Town,Near Bus stop,Human Error,No,Grievous Injury,Hit pedestrian,Uncontrolled,Straight and flat,Others,Bitumen(Tar),Dry,No influence on accident,Fine,K S LAYOUT 50 FEET ROAD OPP 15F BUS STOP,POLE,15,12.905694,77.558282
Bengaluru City,Kumaraswamy Layout Traffic PS,1.04432e+16,2023,1,2,Road Accidents,Narrow road,City/Town,Open area,Human Error,No,Grievous Injury,Vehicle to Vehicle,Not at  Junction,Others,Others,Bitumen(Tar),Dry,Not Applicable,Clear,Nice Road,1,8km,12.864614,77.510974
Bengaluru City,Kumaraswamy Layout Traffic PS,1.04432e+16,2023,1,2,Road Accidents,Not Applicable,City/Town,Open area,Human Error,No,Grievous Injury,Vehicle to Vehicle,Uncontrolled,Steep Incline or Climb,Others,Concrete,Dry,No influence on accident,Fine,NICE ROAD NEAR SOMPURA LAKE,SOMAPURA LAKE,50ME,12.873409,77.497842
Bengaluru City,Kumaraswamy Layout Traffic PS,1.04432e+16,2023,1,1,Road Accidents,Cross roads,City/Town,Open area,Human Error,No,Grievous Injury,Hit pedestrian,Not Applicable,Others,Others,Bitumen(Tar),Dry,Not Applicable,Others,chunchagatta main road,1,06 km,12.885393,77.575547
Bengaluru City,Kumaraswamy Layout Traffic PS,1.04432e+16,2023,1,1,Road Accidents,Narrow road,City/Town,Open area,Human Error,No,Grievous Injury,Hit pedestrian,Uncontrolled,Straight and flat,Others,Bitumen(Tar),Dry,No influence on accident,Fine,SMZ FUNCTION HALL ILIYAS NAGARA,SMZ FUNCTION,10,0.0,0.0
Bengaluru City,Kumaraswamy Layout Traffic PS,1.04432e+16,2023,1,2,Road Accidents,Junction,City/Town,Near Bus stop,Human Error,No,Damage Only,Vehicle to Vehicle,Uncontrolled,Straight and flat,Others,Bitumen(Tar),Dry,No influence on accident,Fine,KANAKAPURA MAIN ROAD NEAR JARAGANAHALLI JUCTION,POLE,10,12.901413,77.573423
Bengaluru City,Kumaraswamy Layout Traffic PS,1.04432e+16,2023,1,1,Road Accidents,Not Applicable,City/Town,Residential area,Human Error,No,Grievous Injury,Hit pedestrian,Not Applicable,Straight and flat,Two way,Bitumen(Tar),Others,No influence on accident,Clear,3RD MAIN ROAD OPP ARAMANE DONNE BIRIYANI HOTEL,CROSS ROAD,2 KM,12.90823,77.542531
Bengaluru City,Kumaraswamy Layout Traffic PS,1.04432e+16,2023,1,2,Road Accidents,Not Applicable,City/Town,Open area,Human Error,No,Simple Injury,Vehicle to Vehicle,Uncontrolled,Straight and flat,Others,Bitumen(Tar),Dry,No influence on accident,Fine,KONANAKUNTE MAIN ROAD OPP FALCON CITY APPARTMENT,POLE,10,12.885465,77.563344
Bengaluru City,Kumaraswamy Layout Traffic PS,1.04432e+16,2023,1,2,Road Accidents,Junction,City/Town,Near office complex,Human Error,No,Grievous Injury,Vehicle to Vehicle,Uncontrolled,Straight and flat,Others,Bitumen(Tar),Not Applicable,Not Applicable,Clear,Kanakapura main road,Tar,4 km,12.904737,77.573439
Bengaluru City,Kumaraswamy Layout Traffic PS,1.04432e+16,2023,1,1,Road Accidents,Not Applicable,City/Town,At pedestrian Crossing,Human Error,Yes,Grievous Injury,Hit pedestrian,Not Applicable,Straight and flat,Others,Bitumen(Tar),Others,No influence on accident,Clear,Gottigere main road near Bhagya nagara,Brammha lingeshwara juice centre,5,12.862097,77.585018
Bengaluru City,Kumaraswamy Layout Traffic PS,1.04432e+16,2023,1,2,Road Accidents,Not Applicable,City/Town,Open area,Human Error,Not Applicable,Grievous Injury,Vehicle to Vehicle,Uncontrolled,Not Applicable,Expressway,Bitumen(Tar),Wet,Not Applicable,Cloudy,"Nicr Road, Near Sompura Bridze",Near sompura Bridge,1KM,0.0,0.0
Bengaluru City,Kumaraswamy Layout Traffic PS,1.04432e+16,2023,1,2,Road Accidents,Narrow road,City/Town,Open area,Human Error,No,Grievous Injury,Vehicle to Vehicle,Not Applicable,Others,Others,Bitumen(Tar),Dry,Not Applicable,Clear,pipe line road,0,03 km,12.897497,77.556982
Bengaluru City,Kumaraswamy Layout Traffic PS,1.04432e+16,2023,1,2,Road Accidents,Narrow road,City/Town,Residential area,Human Error,No,Grievous Injury,Vehicle to Vehicle,No signal lights,Others,Others,Bitumen(Tar),Dry,Not Applicable,Clear,Konanakunte road,0,3 km,12.888494,77.564188
Bengaluru City,Kumaraswamy Layout Traffic PS,1.04432e+16,2023,1,1,Road Accidents,Narrow road,City/Town,Residential area,Human Error,No,Grievous Injury,Hit bicyclist,Not Applicable,Others,Others,Bitumen(Tar),Dry,Not Applicable,Clear,CHUNCHAGATTA MAIN ROAD,1,4 KM,12.886377,77.569241
Bengaluru City,Kumaraswamy Layout Traffic PS,1.04432e+16,2023,1,1,Road Accidents,Narrow road,City/Town,Open area,Human Error,No,Fatal,Hit pedestrian,Uncontrolled,Straight and flat,Others,Bitumen(Tar),Dry,No influence on accident,Fine,KANAKAPURA MAIN ROAD SARAKKI SIGNAL METRO PILLAR NO 65AND 66,METRO PILLAR,10,12.906255,77.573381
Bengaluru City,Kumaraswamy Layout Traffic PS,1.04432e+16,2023,1,1,Road Accidents,Junction,City/Town,Residential area,Human Error,No,Grievous Injury,Hit pedestrian,Uncontrolled,Straight and flat,Others,Bitumen(Tar),Dry,No influence on accident,Fine,KONANAKUNTE SOUDAMINI LAYOUT 5TH CROSS  AND 1ST MAIN ROAD JUCTION,POLE,15 ME,12.883217,77.565653
Bengaluru City,Kumaraswamy Layout Traffic PS,1.04432e+16,2023,1,1,Road Accidents,Narrow road,City/Town,In bazaar,Human Error,No,Simple Injury,Hit pedestrian,Not at  Junction,Others,Major District Road,Bitumen(Tar),Dry,Not Applicable,Clear,KANAKAPURA MAIN ROAD,NEAR YALACHENAHALLI METRO STATION,3 KM,12.896049,77.570144
Bengaluru City,Kumaraswamy Layout Traffic PS,1.04432e+16,2023,1,2,Road Accidents,Not Applicable,City/Town,Residential area,Human Error,Yes,Simple Injury,Vehicle to Vehicle,Uncontrolled,Straight and flat,Others,Bitumen(Tar),Dry,No influence on accident,Fine,1ST CROSS ROYAL FRONT RESIDENCY LAYOUT OPP PEOPLE TREE SCHOOL,PEOPLE TREE SCHOOL,10ME,12.871023,77.578207
Bengaluru City,Kumaraswamy Layout Traffic PS,1.04432e+16,2023,1,2,Road Accidents,Junction,City/Town,Residential area,Human Error,Yes,Grievous Injury,Vehicle to Vehicle,Uncontrolled,Straight and flat,Others,Bitumen(Tar),Dry,Not Applicable,Clear,Sarathi nagara 2nd main road,12,6,12.875308,77.57169
Bengaluru City,Kumaraswamy Layout Traffic PS,1.04432e+16,2023,1,2,Road Accidents,Narrow road,City/Town,Open area,Human Error,No,Fatal,Vehicle to Vehicle,Not Applicable,Others,Expressway,Bitumen(Tar),Dry,Not Applicable,Clear,NICE ROAD,1,07 km,12.848488,77.571432
Bengaluru City,Kumaraswamy Layout Traffic PS,1.04432e+16,2023,1,2,Road Accidents,Not Applicable,City/Town,Residential area,Human Error,No,Grievous Injury,Vehicle to Vehicle,Uncontrolled,Straight and flat,Others,Bitumen(Tar),Dry,No influence on accident,Fine,3rd main road ramanjaneya nagara,halli thota vegitable,15,12.912897,77.54647
Bengaluru City,Kumaraswamy Layout Traffic PS,1.04432e+16,2023,1,2,Road Accidents,Curves,City/Town,Near a religious place,Human Error,Yes,Grievous Injury,Vehicle to Vehicle,Uncontrolled,Sharp Curve,Others,Bitumen(Tar),Dry,No influence on accident,Fine,VASANTHPURA MAIN ROAD VASANTHA VALLBHA TURNING,BSM GARAGE,10ME,12.895216,77.55266
Bengaluru City,Kumaraswamy Layout Traffic PS,1.04432e+16,2023,1,1,Road Accidents,Cross roads,City/Town,Open area,Human Error,No,Grievous Injury,Hit pedestrian,Not Applicable,Straight and flat,Others,Bitumen(Tar),Others,No influence on accident,Clear,K S Layout 15th cross road near water tank play ground,Ground,4 km,12.752785,77.56253
Bengaluru City,Kumaraswamy Layout Traffic PS,1.04432e+16,2023,1,1,Road Accidents,Curves,City/Town,Open area,Human Error,No,Fatal,Not Applicable,Uncontrolled,Curve,Others,Bitumen(Tar),Dry,No influence on accident,Fine,POORNA PRAJNANA LAYOUT MAIN ROAD NEAR NICE ROAD UNDER PASS,NICE ROAD UNDER PASS,10ME,12.907591,77.528183
Bengaluru City,Kumaraswamy Layout Traffic PS,1.04432e+16,2023,1,2,Road Accidents,Narrow road,City/Town,Residential area,Human Error,Yes,Grievous Injury,Vehicle to Vehicle,Not Applicable,Others,Others,Bitumen(Tar),Dry,Not Applicable,Clear,uttarahalli main road,1,2 km,12.909741,77.55023
Bengaluru City,Kumaraswamy Layout Traffic PS,1.04432e+16,2023,1,2,Road Accidents,Narrow road,City/Town,Open area,Human Error,No,Grievous Injury,Vehicle to Vehicle,Not at  Junction,Others,Expressway,Bitumen(Tar),Dry,Not Applicable,Clear,nice road,1,10 km,12.850157,77.588018
Bengaluru City,Kumaraswamy Layout Traffic PS,1.04432e+16,2023,1,2,Road Accidents,Narrow road,City/Town,Near a factory industrial area,Human Error,No,Grievous Injury,Hit pedestrian,Not Applicable,Not Applicable,Others,Bitumen(Tar),Dry,Not Applicable,Cloudy,KANAKAPURA MAIN ROAD,1,3 KM,12.892238,77.566247
Bengaluru City,Kumaraswamy Layout Traffic PS,1.04432e+16,2023,1,1,Road Accidents,Narrow road,City/Town,Near School or College,Human Error,No,Grievous Injury,Hit animal,Not Applicable,Not Applicable,Others,Bitumen(Tar),Dry,Not Applicable,Clear,Uttarahalli main raod,1,02 km,12.909611,77.549994
Bengaluru City,Kumaraswamy Layout Traffic PS,1.04432e+16,2023,1,2,Road Accidents,Narrow road,City/Town,Open area,Human Error,No,Damage Only,Vehicle to Vehicle,Uncontrolled,Straight and flat,Others,Bitumen(Tar),Dry,No influence on accident,Fine,NICE ROAD NEAR KANAKAPURA TOLL,KANAKAPURA TOLL,50,0.0,0.0
Bengaluru City,Kumaraswamy Layout Traffic PS,1.04432e+16,2023,1,2,Road Accidents,Narrow road,City/Town,Near School or College,Human Error,No,Grievous Injury,Vehicle to Vehicle,No signal lights,Others,Others,Bitumen(Tar),Dry,Not Applicable,Clear,RBI LAYOUT MAIN ROAD,NEAR CAPITAL PUBLIC SCHOOL,4.5 KM,12.888039,77.580982
Bengaluru City,Kumaraswamy Layout Traffic PS,1.04432e+16,2023,1,1,Road Accidents,Narrow road,City/Town,Near Bus stop,Human Error,Yes,Grievous Injury,Hit pedestrian,No signal lights,Others,Others,Bitumen(Tar),Dry,Not Applicable,Clear,kanakapura main road,near jeep show room,5 km,12.904721,77.573454
Bengaluru City,Kumaraswamy Layout Traffic PS,1.04432e+16,2023,1,1,Road Accidents,Not Applicable,City/Town,Open area,Human Error,No,Grievous Injury,Hit pedestrian,Not Applicable,Straight and flat,Others,Bitumen(Tar),Others,No influence on accident,Clear,Paduka mandira road near nandini milk parlour,Nandini milk parlour,3 km,12.90073,77.53065
Bengaluru City,Kumaraswamy Layout Traffic PS,1.04432e+16,2023,1,1,Road Accidents,Narrow road,City/Town,Near Petrol Pump,Human Error,No,Grievous Injury,Hit pedestrian,Not Applicable,Others,Others,Bitumen(Tar),Dry,Not Applicable,Clear,Kanakapura main raod,1,5 km,0.0,0.0
Bengaluru City,Kumaraswamy Layout Traffic PS,1.04432e+16,2023,1,1,Road Accidents,Narrow road,City/Town,Near a factory industrial area,Human Error,Yes,Grievous Injury,Hit pedestrian,No signal lights,Others,Others,Bitumen(Tar),Dry,Not Applicable,Clear,KANAKAPURA MAIN ROAD,1,3 km,12.892666,77.566763
Bengaluru City,Kumaraswamy Layout Traffic PS,1.04432e+16,2023,1,2,Road Accidents,Cross roads,City/Town,Residential area,Human Error,No,Grievous Injury,Hit pedestrian,Not at  Junction,Hump,Others,Concrete,Dry,Not Applicable,Clear,Nandi Garden road,1,6 km,12.873338,77.570424
Bengaluru City,Kumaraswamy Layout Traffic PS,1.04432e+16,2023,1,2,Road Accidents,Junction,City/Town,Residential area,Human Error,No,Simple Injury,Vehicle to Vehicle,Uncontrolled,Not Applicable,Residential Street,Bitumen(Tar),Not Applicable,Not Applicable,Fine,1st Croos and 3rd Main Junction,Electical poll,20,0.0,0.0
Bengaluru City,Kumaraswamy Layout Traffic PS,1.04432e+16,2023,1,1,Road Accidents,Curves,City/Town,Near School or College,Human Error,No,Grievous Injury,Not Applicable,Not Applicable,Curve,Others,Bitumen(Tar),Dry,Not Applicable,Clear,GOTTIGERE MAIN ROAD,1,6,12.863935,77.584147
Bengaluru City,Kumaraswamy Layout Traffic PS,1.04432e+16,2023,1,2,Road Accidents,Junction,City/Town,Near office complex,Human Error,Yes,Simple Injury,Vehicle to Vehicle,Not Applicable,Curve,Others,Bitumen(Tar),Dry,Not Applicable,Clear,kottanuru dinne main road,1,5 KM,0.0,0.0
Bengaluru City,Kumaraswamy Layout Traffic PS,1.04432e+16,2023,1,1,Road Accidents,Narrow road,City/Town,Residential area,Human Error,Yes,Grievous Injury,Hit pedestrian,Not at  Junction,Others,Others,Bitumen(Tar),Dry,Not Applicable,Clear,UTTARAHALLI MAIN ROAD,1,2 KM,12.908841,77.535838
Bengaluru City,Kumaraswamy Layout Traffic PS,1.04432e+16,2023,1,2,Road Accidents,Narrow road,City/Town,Near office complex,Human Error,No,Damage Only,Vehicle to Vehicle,Uncontrolled,Straight and flat,Others,Bitumen(Tar),Dry,No influence on accident,Fine,UTTARAHALLI MAIN ROAD NEAR SHANTHI SAGAR HOTEL,SHANTHI SAGAR HOTEL,10,0.0,0.0
Bengaluru City,Kumaraswamy Layout Traffic PS,1.04432e+16,2023,1,2,Road Accidents,Not Applicable,City/Town,Near School or College,Human Error,Yes,Grievous Injury,Vehicle to Vehicle,Uncontrolled,Straight and flat,Others,Bitumen(Tar),Dry,No influence on accident,Fine,DAYANANDA SAGAR COLLAGE ROAD NEAR SRI GAJANANA JUICE CENTRE,GAJANANA JUICE CENTRE,10,12.91119,77.567077
Bengaluru City,Kumaraswamy Layout Traffic PS,1.04432e+16,2023,1,2,Road Accidents,Junction,City/Town,Residential area,Human Error,Yes,Grievous Injury,Vehicle to Vehicle,Uncontrolled,Straight and flat,Others,Bitumen(Tar),Dry,No influence on accident,Fine,BHCS LAYOUT 7TH CROSS AND 3RD MAIN ROAD JUCTION,SRINIVASA MANE,18,12.901681,77.529997
Bengaluru City,Kumaraswamy Layout Traffic PS,1.04432e+16,2023,1,2,Road Accidents,Narrow road,City/Town,Near School or College,Human Error,Yes,Damage Only,Vehicle to Vehicle,Not Applicable,Others,Others,Bitumen(Tar),Dry,Not Applicable,Clear,CHUNACHAGATTA MAIN ROAD,NEAR GREEN VALLY SCHOOL,05 KM,0.0,0.0
Bengaluru City,Kumaraswamy Layout Traffic PS,1.04432e+16,2023,1,2,Road Accidents,Narrow road,City/Town,Near office complex,Human Error,Yes,Grievous Injury,Hit pedestrian,Not Applicable,Others,Minor District Road,Bitumen(Tar),Dry,Not Applicable,Clear,NEAR RAMANJANEYA NAGARA MAIN ROAD,NEAR PNB BANK,4KM,12.914728,77.546545
Bengaluru City,Kumaraswamy Layout Traffic PS,1.04432e+16,2023,1,1,Road Accidents,Not Applicable,City/Town,Open area,Human Error,Yes,Simple Injury,Hit pedestrian,Uncontrolled,Straight and flat,Others,Bitumen(Tar),Dry,No influence on accident,Fine,KOTTANURU DINNE MAIN ROAD OPP BSNL OFFICE,OLD BNSL OFFICE,10ME,12.883922,77.582963
Bengaluru City,Kumaraswamy Layout Traffic PS,1.04432e+16,2023,1,1,Road Accidents,Not Applicable,City/Town,Near Petrol Pump,Human Error,No,Fatal,Hit pedestrian,Uncontrolled,Straight and flat,Others,Bitumen(Tar),Dry,No influence on accident,Fine,RBI LAYOUT MAIN ROAD OPP SHEL PETROL BUNK,OPP SHEL PETROL BUNK,42ME,12.891534,77.577045
Bengaluru City,Kumaraswamy Layout Traffic PS,1.04432e+16,2023,1,2,Road Accidents,Narrow road,City/Town,Near office complex,Human Error,Yes,Grievous Injury,Vehicle to Vehicle,Not at  Junction,Others,Others,Bitumen(Tar),Dry,Not Applicable,Clear,GOTTIGERE MAIN ROAD NEAR SARTHI NAGARA BUS STOP,NEAR ROYAL COUNTI,5 KM,12.867006,77.577409
Bengaluru City,Kumaraswamy Layout Traffic PS,1.04432e+16,2023,1,2,Road Accidents,Narrow road,City/Town,Near School or College,Human Error,No,Simple Injury,Vehicle to Vehicle,Not Applicable,Not Applicable,Others,Bitumen(Tar),Dry,Not Applicable,Clear,Gubbalala main road,1,3 km,12.879939,77.544457
Bengaluru City,Kumaraswamy Layout Traffic PS,1.04432e+16,2023,1,2,Road Accidents,Narrow road,City/Town,Open area,Human Error,No,Damage Only,Vehicle to Vehicle,Not Applicable,Others,Expressway,Bitumen(Tar),Dry,Not Applicable,Clear,Nice Road,1,8km,12.848073,77.564709
Bengaluru City,Kumaraswamy Layout Traffic PS,1.04432e+16,2023,1,2,Road Accidents,Narrow road,City/Town,Near Bus stop,Human Error,No,Grievous Injury,Vehicle to Vehicle,Uncontrolled,Straight and flat,Others,Bitumen(Tar),Dry,No influence on accident,Fine,CHUNCHAGATTA MAIN ROAD NEAR GOWRAVA NAGAR BUS STOP,MATHRU NILAYA,15 ME,12.886542,77.577755
Bengaluru City,Kumaraswamy Layout Traffic PS,1.04432e+16,2023,1,1,Road Accidents,Junction,City/Town,Residential area,Human Error,Yes,Grievous Injury,Hit pedestrian,Uncontrolled,Straight and flat,Others,Gravel,Dry,No influence on accident,Fine,HOSAHALLI MAIN ROAD OPP SHOBHA FOREST VIEW APPARTMENT GATE 04,SHOBA APPARTMENT GATE,05ME,12.876524,77.52867
Bengaluru City,Kumaraswamy Layout Traffic PS,1.04432e+16,2023,1,2,Road Accidents,Narrow road,City/Town,In bazaar,Human Error,No,Grievous Injury,Vehicle to Vehicle,Not Applicable,Others,Others,Bitumen(Tar),Others,Not Applicable,Clear,KANAKAPURA MAIN ROAD,1,5 km,12.909658,77.572951
Bengaluru City,Kumaraswamy Layout Traffic PS,1.04432e+16,2023,1,1,Road Accidents,Narrow road,City/Town,Residential area,Human Error,No,Simple Injury,Hit pedestrian,Not Applicable,Others,Others,Concrete,Dry,Not Applicable,Clear,Kembhattahalli main road,1,6  km,12.855102,77.581516
Bengaluru City,Kumaraswamy Layout Traffic PS,1.04432e+16,2023,1,2,Road Accidents,Narrow road,City/Town,Near Hospital,Human Error,Yes,Simple Injury,Vehicle to Vehicle,Not Applicable,Others,Others,Bitumen(Tar),Dry,Not Applicable,Clear,K S Layout main raod,0,02 km,12.906641,77.563394
Bengaluru City,Kumaraswamy Layout Traffic PS,1.04432e+16,2023,1,2,Road Accidents,Narrow road,City/Town,Near School or College,Human Error,No,Simple Injury,Vehicle to Vehicle,No signal lights,Others,Others,Bitumen(Tar),Dry,Not Applicable,Clear,UTTARAHALLI VILLAGE,1,2 KM,12.909596,77.549988
Bengaluru City,Kumaraswamy Layout Traffic PS,1.04432e+16,2023,1,2,Road Accidents,Narrow road,City/Town,Open area,Human Error,No,Grievous Injury,Vehicle to Vehicle,Not Applicable,Others,Others,Bitumen(Tar),Dry,Not Applicable,Clear,Kashi Nagara Main road,1,5 km,12.898886,77.567723
Bengaluru City,Kumaraswamy Layout Traffic PS,1.04432e+16,2023,1,2,Road Accidents,Narrow road,City/Town,In bazaar,Human Error,Yes,Damage Only,Vehicle to Vehicle,Not at  Junction,Others,Major District Road,Bitumen(Tar),Dry,Not Applicable,Clear,KANAKAPURA MAIN ROAD,NEAR METRO PILLER NO 102,3 km,12.897707,77.571585
Bengaluru City,Kumaraswamy Layout Traffic PS,1.04432e+16,2023,1,2,Road Accidents,Junction,City/Town,Open area,Human Error,No,Grievous Injury,Vehicle to Vehicle,Signal lights Automatic,Straight and flat,Others,Bitumen(Tar),Dry,No influence on accident,Fine,KANAKAPURA MAIN ROAD AND KONANAKUNTE CROSS JUCTION,METRO PILLAR NO141,20ME,12.889579,77.563543
Bengaluru City,Kumaraswamy Layout Traffic PS,1.04432e+16,2023,1,2,Road Accidents,Not Applicable,City/Town,Open area,Human Error,Yes,Grievous Injury,Vehicle to Vehicle,Uncontrolled,Straight and flat,Others,Bitumen(Tar),Dry,No influence on accident,Fine,RING ROAD K S LAYOUT JUCTION,WHITE WAKER BAR,10ME,0.0,0.0
Bengaluru City,Kumaraswamy Layout Traffic PS,1.04432e+16,2023,1,2,Road Accidents,Not Applicable,City/Town,Open area,Human Error,No,Fatal,Vehicle to Vehicle,Uncontrolled,Straight and flat,Others,Bitumen(Tar),Dry,No influence on accident,Fine,subramanayapura main road opp padmavathi silk shop,padmavathi silk shop,10me,12.903313,77.544589
Bengaluru City,Kumaraswamy Layout Traffic PS,1.04432e+16,2023,1,1,Road Accidents,Road hump or Rumble strips,City/Town,Open area,Human Error,No,Fatal,Not Applicable,Uncontrolled,Hump,Others,Bitumen(Tar),Dry,No influence on accident,Fine,KANAKAPURA MAIN ROAD NEAR METRO PILLAR NO 173,METRO PILLAR 173,10,12.885814,77.556299
Bengaluru City,Kumaraswamy Layout Traffic PS,1.04432e+16,2023,1,1,Road Accidents,Junction,City/Town,At pedestrian Crossing,Human Error,No,Grievous Injury,Hit pedestrian,Uncontrolled,Not Applicable,Two way,Bitumen(Tar),Others,No influence on accident,Clear,Kanakapura mainr near Jeep show room,Metro piller no 72,4 km,12.904713,77.573441