DISTRICTNAME,UNITNAME,Crime_No,Year,RI,Noofvehicle_involved,Accident_Classification,Accident_Spot,Accident_Location,Accident_SubLocation,Main_Cause,Hit_Run,Severity,Collision_Type,Junction_Control,Road_Character,Road_Type,Surface_Type,Surface_Condition,Road_Condition,Weather,Accident_Road,Landmark_first,Distance_LandMark_First,Latitude,Longitude
Bengaluru City,Madivala Traffic PS,1.04432e+16,2016,1,2,Road Accidents,Junction,City/Town,Near Bus stop,Human Error,Yes,Grievous Injury,Hit and Run,Signal lights Automatic,Curve,City or Town Road,Bitumen(Tar),Dry,No influence on accident,Clear,Kudlu gate junction,Kudlu gate junction,6kms,0.0,0.0
Bengaluru City,Madivala Traffic PS,1.04432e+16,2016,1,1,Road Accidents,Cross roads,City/Town,Near Hospital,Human Error,Yes,Grievous Injury,Hit and Run,Signals (Working),Incline,City or Town Road,Bitumen(Tar),Wet,No influence on accident,Cloudy,Tavarekere main  road  Infront of Ishwara clinic,Royal mens parlour,500mts,0.0,0.0
Bengaluru City,Madivala Traffic PS,1.04432e+16,2016,1,2,Road Accidents,Cross roads,City/Town,Near Bus stop,Human Error,No,Simple Injury,Others,Signal lights Automatic,Curve,City or Town Road,Bitumen(Tar),Dry,Not Applicable,Clear,Hosuru main road near roopena agarahara,Hosuru main road near roopena agarahara,3.5kms,0.0,0.0
Bengaluru City,Madivala Traffic PS,1.04432e+16,2016,1,2,Road Accidents,Cross roads,City/Town,Near a religious place,Human Error,Yes,Grievous Injury,Head on,Not at  Junction,Sharp Curve,City or Town Road,Bitumen(Tar),Dry,No influence on accident,Clear,Devarachikkanahalli road Near chowdeshwari temple,Chowdeshwari temple,100mts,0.0,0.0
Bengaluru City,Madivala Traffic PS,1.04432e+16,2016,1,1,Road Accidents,Narrow road,City/Town,Open area,Human Error,Yes,Fatal,Hit and Run,Signal lights Automatic,Slight Curve,City or Town Road,Bitumen(Tar),Dry,No influence on accident,Clear,"Roopena agrahara Ner DHL Building, Hosuru main road",DHL distributors building,100mts,12.91192,77.62611
Bengaluru City,Madivala Traffic PS,1.04432e+16,2016,1,2,Road Accidents,Narrow road,City/Town,Open area,Human Error,Yes,Fatal,Hit and Run,Uncontrolled,Curve,Expressway,Bitumen(Tar),Dry,Not Applicable,Clear,Near Rupena Agrahara,Grias show room,1,0.0,0.0
Bengaluru City,Madivala Traffic PS,1.04432e+16,2016,1,2,Road Accidents,Junction,City/Town,Open area,Human Error,No,Grievous Injury,Others,Signal lights Automatic,Straight and flat,NH,Bitumen(Tar),Others,Not Applicable,Others,Kudlu gate Jn,Hosur main road,5kms,0.0,0.0
Bengaluru City,Madivala Traffic PS,1.04432e+16,2016,1,2,Road Accidents,Narrow road,City/Town,Open area,Human Error,Not Applicable,Damage Only,Others,Uncontrolled,Others,City or Town Road,Bitumen(Tar),Dry,Not Applicable,Fine,HSR RING ROAD FLYOVER UPER RAMP,HSR RING ROAD FLYOVER UPER RAMP,3,0.0,0.0
Bengaluru City,Madivala Traffic PS,1.04432e+16,2016,1,2,Road Accidents,Junction,City/Town,Near Bus stop,Human Error,No,Fatal,Head on,Signal lights Automatic,Sharp Curve,City or Town Road,Bitumen(Tar),Dry,No influence on accident,Clear,Hosuru main road Near sub  way Kudlu gate junction,Agarwal national farma,100mts,0.0,0.0
Bengaluru City,Madivala Traffic PS,1.04432e+16,2016,1,2,Road Accidents,Cross roads,City/Town,Near Bus stop,Human Error,No,Simple Injury,Others,Signal lights Blinking,Others,City or Town Road,Bitumen(Tar),Dry,Not Applicable,Clear,Hosuru main road near krishna theatre,Hosuru main road near krishna theatre,3,0.0,0.0
Bengaluru City,Madivala Traffic PS,1.04432e+16,2016,1,1,Road Accidents,Junction,City/Town,Near Bus stop,Human Error,Yes,Grievous Injury,Hit pedestrian,Signal lights Automatic,Not Applicable,City or Town Road,Bitumen(Tar),Dry,Not Applicable,Clear,Silk board junction,Silk board junction,1K M,0.0,0.0
Bengaluru City,Madivala Traffic PS,1.04432e+16,2016,1,2,Road Accidents,Junction,City/Town,Near Bus stop,Not Applicable,Yes,Simple Injury,Hit and Run,Signal lights Automatic,Not Applicable,City or Town Road,Bitumen(Tar),Dry,Not Applicable,Clear,Hosuru main road near roopena agrahara Bus stop,Hosuru main road near roopena agrahara Bus stop,4kms,0.0,0.0
Bengaluru City,Madivala Traffic PS,1.04432e+16,2016,1,1,Road Accidents,Cross roads,City/Town,Near Bus stop,Human Error,Not Applicable,Grievous Injury,Hit pedestrian,Signal lights Automatic,Curve,City or Town Road,Bitumen(Tar),Dry,No influence on accident,Clear,Hosuru road service road garebavipalya oppsite HGS company,Hosuru road service road garebavipalya oppsite HGS company,4kms,12.89919,77.63357
Bengaluru City,Madivala Traffic PS,1.04432e+16,2016,1,1,Road Accidents,Other,City/Town,Open area,Human Error,No,Simple Injury,Hit pedestrian,Not at  Junction,Straight and flat,NH,Bitumen(Tar),Others,Not Applicable,Others,Hosur main road,Near elivated fly over,2kms,0.0,0.0
Bengaluru City,Madivala Traffic PS,1.04432e+16,2016,1,2,Road Accidents,Other,City/Town,Residential area,Human Error,No,Damage Only,Others,Not at  Junction,Straight and flat,City or Town Road,Bitumen(Tar),Others,Not Applicable,Others,Kuddlu village,In front of Renuka Bar,3kms,0.0,0.0
Bengaluru City,Madivala Traffic PS,1.04432e+16,2016,1,1,Road Accidents,Other,City/Town,Open area,Human Error,No,Grievous Injury,Hit pedestrian,Signal lights Blinking,Straight and flat,NH,Bitumen(Tar),Others,Not Applicable,Others,Hosur main road,MPS Junction,100mts,0.0,0.0
Bengaluru City,Madivala Traffic PS,1.04432e+16,2016,1,2,Road Accidents,Narrow road,City/Town,Open area,Human Error,Yes,Grievous Injury,Hit and Run,Not at  Junction,Others,City or Town Road,Bitumen(Tar),Dry,Not Applicable,Fine,"HSRLAYOUT 6TH SECTOR,5TH MAIN,SALRPURIYA, APRTMENT",HSRLAYOUT,4,0.0,0.0
Bengaluru City,Madivala Traffic PS,1.04432e+16,2016,1,2,Road Accidents,Narrow road,City/Town,Open area,Human Error,No,Damage Only,Others,Police / Manual,Others,City or Town Road,Bitumen(Tar),Dry,Not Applicable,Fine,NEAR SILK BOARD JUNCTION,NEAR SILK BOARD JUNCTION,1.5,0.0,0.0
Bengaluru City,Madivala Traffic PS,1.04432e+16,2016,1,1,Road Accidents,Narrow road,City/Town,Near Bus stop,Human Error,No,Grievous Injury,Hit pedestrian,Not at  Junction,Curve,City or Town Road,Bitumen(Tar),Wet,No influence on accident,Cloudy,Hosuru main road near roopen agrahara bus stop,Annapurneshwari hotel,500MTS,0.0,0.0
Bengaluru City,Madivala Traffic PS,1.04432e+16,2016,1,2,Road Accidents,Narrow road,City/Town,Near Bus stop,Human Error,No,Fatal,Head on,Signal lights Automatic,Incline,City or Town Road,Bitumen(Tar),Dry,No influence on accident,Clear,Hosuru main road Service road Near roopena agrahara  Eicher show room,Hamsa petrol bunk,100mts,0.0,0.0
Bengaluru City,Madivala Traffic PS,1.04432e+16,2016,1,2,Road Accidents,Junction,City/Town,Near Bus stop,Human Error,No,Grievous Injury,Others,Signal lights Automatic,Not Applicable,City or Town Road,Bitumen(Tar),Dry,Not Applicable,Clear,HSR Layout 5th main Infront of adigas hotel,HSR Layout 5th main Infront of adigas hotel,4kms,0.0,0.0
Bengaluru City,Madivala Traffic PS,1.04432e+16,2016,1,1,Road Accidents,Narrow road,City/Town,Near Bus stop,Vehicle Defect,No,Not Applicable,Not Applicable,Police / Manual,Not Applicable,City or Town Road,Bitumen(Tar),Dry,Not Applicable,Clear,SILK BORD JUNSTION,SILK BORD JUNSTION,3,0.0,0.0
Bengaluru City,Madivala Traffic PS,1.04432e+16,2016,1,1,Road Accidents,Junction,City/Town,Near Bus stop,Human Error,Yes,Grievous Injury,Hit and Run,Signal lights Blinking,Not Applicable,City or Town Road,Bitumen(Tar),Wet,No influence on accident,Light Rain,Hosuru main road Near Garebavipalya junction,Ankush studio,500MTS,12.89585,77.63607
Bengaluru City,Madivala Traffic PS,1.04432e+16,2016,1,2,Road Accidents,Junction,City/Town,Near Bus stop,Human Error,Yes,Damage Only,Hit and Run,Signal lights Automatic,Not Applicable,City or Town Road,Bitumen(Tar),Dry,No influence on accident,Fine,Hosuru main road bommanahalli junction,Bash company,500MTS,12.90023,77.63349
Bengaluru City,Madivala Traffic PS,1.04432e+16,2017,1,2,Road Accidents,Narrow road,City/Town,Residential area,Human Error,No,Grievous Injury,Head on,Not at  Junction,Sharp Curve,City or Town Road,Bitumen(Tar),Dry,No influence on accident,Clear,1st main road Teachers colony Koramangala,KSRP,100mts,12.92043,77.63571
Bengaluru City,Madivala Traffic PS,1.04432e+16,2017,1,1,Road Accidents,Cross roads,City/Town,Open area,Human Error,Yes,Grievous Injury,Hit animal,Not at  Junction,Curve,Expressway,Bitumen(Tar),Dry,No influence on accident,Clear,HSR 7th Sector  Infront of ICICI Bank,ICICI Bank,100mts,12.91324,77.63803
Bengaluru City,Madivala Traffic PS,1.04432e+16,2017,1,1,Road Accidents,Junction,City/Town,Near Bus stop,Human Error,Yes,Simple Injury,Hit and Run,Signal lights Automatic,Slight Curve,City or Town Road,Bitumen(Tar),Dry,No influence on accident,Clear,Silk board junction,vipro company,100mts,0.0,0.0
Bengaluru City,Madivala Traffic PS,1.04432e+16,2017,1,1,Road Accidents,Narrow road,City/Town,Open area,Human Error,No,Grievous Injury,Head on,Signal lights Automatic,Not Applicable,City or Town Road,Bitumen(Tar),Dry,No influence on accident,Clear,Hosuru main road near Bommanahalli Bus stop Service  road,KSRTC ticket counter,100mts,12.90647,77.629
Bengaluru City,Madivala Traffic PS,1.04432e+16,2017,1,1,Road Accidents,T Junction,City/Town,At pedestrian Crossing,Human Error,Yes,Grievous Injury,Hit and Run,Controlled,Straight and flat,Expressway,Bitumen(Tar),Dry,Not Applicable,Clear,"Near 6th Main road , Garebavipalya Junction",Anjneya temple,4,0.0,0.0
Bengaluru City,Madivala Traffic PS,1.04432e+16,2017,1,2,Rail Road Accidents,Narrow road,City/Town,Near Bus stop,Human Error,Yes,Simple Injury,Hit and Run,Uncontrolled,Curve,City or Town Road,Bitumen(Tar),Dry,Not Applicable,Clear,Venkatapuru main road,veerabhadraswamy pravision store,1.5,0.0,0.0
Bengaluru City,Madivala Traffic PS,1.04432e+16,2017,1,2,Road Accidents,Narrow road,City/Town,Open area,Human Error,Yes,Grievous Injury,Hit and Run,Not at  Junction,Others,City or Town Road,Bitumen(Tar),Dry,No influence on accident,Clear,Maruthi nagara main road Opp more mall,More mall,100mts,12.92655,77.61562
Bengaluru City,Madivala Traffic PS,1.04432e+16,2017,1,1,Road Accidents,Narrow road,City/Town,Open area,Human Error,No,Simple Injury,Drowned,Signal lights Automatic,Slight Curve,City or Town Road,Bitumen(Tar),Dry,No influence on accident,Very Hot,HSR ring road Opp Krishna hotel Silk  Board,Krishna hotel,100mts,12.91772,77.62442
Bengaluru City,Madivala Traffic PS,1.04432e+16,2017,1,2,Road Accidents,Cross roads,City/Town,Open area,Human Error,Yes,Simple Injury,Hit and Run,Signal lights Blinking,Incline,City or Town Road,Bitumen(Tar),Dry,No influence on accident,Clear,elyvated flyover Infront of RNS Hosuru main road G B Palya,kpn travels,100mts,12.89283,77.63772
Bengaluru City,Madivala Traffic PS,1.04432e+16,2017,1,1,Road Accidents,More than four arms,City/Town,Near Hospital,Human Error,No,Simple Injury,Head on,Controlled,Straight and flat,City or Town Road,Bitumen(Tar),Dry,Not Applicable,Clear,"OPP VENKATESHWARA HOSPITAL, MADIWALA,",venkateshwara  hospital,1,12.92655,77.61683
Bengaluru City,Madivala Traffic PS,1.04432e+16,2017,1,1,Road Accidents,Staggered junction,City/Town,Open area,Human Error,Yes,Simple Injury,Hit and Run,Uncontrolled,Curve and Incline,City or Town Road,Bitumen(Tar),Dry,Not Applicable,Clear,Hosur Main road,Anjaneya Temple,500 mt,12.922185,77.619536
Bengaluru City,Madivala Traffic PS,1.04432e+16,2017,1,3,Road Accidents,Narrow road,City/Town,Narrow bridge or culverts,Human Error,No,Simple Injury,Rear end,Uncontrolled,Straight and flat,Expressway,Bitumen(Tar),Dry,Not Applicable,Clear,Hosur main road,Brand factory,04 km,12.898681,77.634009
Bengaluru City,Madivala Traffic PS,1.04432e+16,2017,1,2,Road Accidents,Cross roads,City/Town,Near Hospital,Human Error,No,Simple Injury,Head on,Not at  Junction,Curve,City or Town Road,Bitumen(Tar),Dry,No influence on accident,Clear,H S R 14th main Infront of  Greenveiw Hospital,Greenveiw Hospital,50mts,12.91907,77.63833
Bengaluru City,Madivala Traffic PS,1.04432e+16,2017,1,1,Road Accidents,Cross roads,City/Town,Near Hospital,Human Error,No,Damage Only,Head on,Not at  Junction,Incline,City or Town Road,Bitumen(Tar),Dry,No influence on accident,Clear,Hosuru main road Elyvated Flyover G B palya opp vasan Eye care,Vasan eye care,100mts,12.902676,77.631264
Bengaluru City,Madivala Traffic PS,1.04432e+16,2017,1,1,Road Accidents,Junction,City/Town,Near Bus stop,Human Error,Yes,Grievous Injury,Hit and Run,Signal lights Automatic,Others,City or Town Road,Bitumen(Tar),Dry,No influence on accident,Clear,Silk Board junction,Silk Board Bus stop,100mts,0.0,0.0
Bengaluru City,Madivala Traffic PS,1.04432e+16,2017,1,2,Road Accidents,Staggered junction,City/Town,Open area,Human Error,Yes,Grievous Injury,Hit and Run,Police / Manual,Straight and flat,Expressway,Bitumen(Tar),Dry,Not Applicable,Clear,"Hosur main road, Bommanahalli,",prashanth hospital,3,12.90702,77.628823
Bengaluru City,Madivala Traffic PS,1.04432e+16,2017,1,1,Road Accidents,Narrow road,City/Town,At pedestrian Crossing,Human Error,Yes,Grievous Injury,Hit and Run,Uncontrolled,Straight and flat,City or Town Road,Bitumen(Tar),Dry,Not Applicable,Clear,Begur main road,Srinivasa Kalyanamanapa,4,0.0,0.0
Bengaluru City,Madivala Traffic PS,1.04432e+16,2017,1,1,Road Accidents,T Junction,City/Town,Near Bus stop,Human Error,Yes,Grievous Injury,Hit and Run,Signal lights Automatic,Straight and flat,Expressway,Bitumen(Tar),Dry,Not Applicable,Clear,HOSUR MAIN ROAD  Bommanahalli,Bommanahalli  bus stop,2,12.90534,77.63007
Bengaluru City,Madivala Traffic PS,1.04432e+16,2017,1,1,Road Accidents,Bridge,City/Town,Narrow bridge or culverts,Human Error,Yes,Fatal,Hit and Run,Uncontrolled,Straight and flat,Expressway,Bitumen(Tar),Dry,Not Applicable,Clear,Hosur main road,Bosch comapany,02 km,12.901701,77.63224
Bengaluru City,Madivala Traffic PS,1.04432e+16,2017,1,1,Road Accidents,Narrow road,City/Town,Near Bus stop,Human Error,Yes,Grievous Injury,Hit and Run,Uncontrolled,Curve and Incline,City or Town Road,Bitumen(Tar),Dry,Not Applicable,Clear,Begur Main road,SBI Bank,05 km,0.0,0.0
Bengaluru City,Madivala Traffic PS,1.04432e+16,2017,1,1,Road Accidents,T Junction,City/Town,At pedestrian Crossing,Human Error,Yes,Fatal,Hit and Run,Signal lights Automatic,Straight and flat,Expressway,Bitumen(Tar),Dry,Not Applicable,Clear,Garebavipalya Signal Hosru road,Anjaneya temple,4,12.89436,77.63683
Bengaluru City,Madivala Traffic PS,1.04432e+16,2017,1,1,Road Accidents,T Junction,City/Town,At pedestrian Crossing,Human Error,No,Fatal,Hit pedestrian,Signal lights Automatic,Straight and flat,Expressway,Bitumen(Tar),Dry,Not Applicable,Clear,"Hosur Main road Bommanahalli,",Shell Petrol Bunk,02 km,12.90016,77.63314
Bengaluru City,Madivala Traffic PS,1.04432e+16,2017,1,1,Road Accidents,T Junction,City/Town,Near Bus stop,Human Error,Yes,Grievous Injury,Hit and Run,Signal lights Automatic,Straight and flat,Expressway,Bitumen(Tar),Dry,Not Applicable,Clear,Hosur Main road,prashanth hospital,3,12.906998,77.628757
Bengaluru City,Madivala Traffic PS,1.04432e+16,2017,1,2,Rail Road Accidents,Narrow road,City/Town,Narrow bridge or culverts,Human Error,Yes,Fatal,Hit and Run,Uncontrolled,Straight and flat,Expressway,Bitumen(Tar),Dry,Not Applicable,Clear,Hosur  main road,Suraksha car care show room,01 k m,12.910434,77.626721
Bengaluru City,Madivala Traffic PS,1.04432e+16,2017,1,2,Road Accidents,T Junction,City/Town,Near Bus stop,Human Error,No,Grievous Injury,Hit bicyclist,Give way sign,Straight and flat,Expressway,Bitumen(Tar),Dry,Not Applicable,Clear,Hosur main road,ST  Johan hospital,01 km,12.929382,77.615116
Bengaluru City,Madivala Traffic PS,1.04432e+16,2017,1,2,Road Accidents,Junction,City/Town,Near Bus stop,Human Error,No,Grievous Injury,Head on,Signal lights Automatic,Sharp Curve,City or Town Road,Bitumen(Tar),Dry,No influence on accident,Clear,Hosuru road Kudlu junction,Stunt shoole & shomps,100mts,12.89098,77.64001
Bengaluru City,Madivala Traffic PS,1.04432e+16,2017,1,1,Road Accidents,Junction,City/Town,Open area,Human Error,No,Simple Injury,Head on,Signal lights Automatic,Incline,City or Town Road,Bitumen(Tar),Dry,No influence on accident,Clear,Hosuru main road garbavipalya junction,Ankush studio,100mts,12.89438,77.63675
Bengaluru City,Madivala Traffic PS,1.04432e+16,2017,1,3,Road Accidents,Narrow road,City/Town,Near a religious place,Human Error,Yes,Grievous Injury,Rear end,Not at  Junction,Straight and flat,Expressway,Bitumen(Tar),Dry,Not Applicable,Clear,Hosur Main Road,Anjaneya Temple,200,12.92226,77.61962
Bengaluru City,Madivala Traffic PS,1.04432e+16,2017,1,2,Road Accidents,T Junction,City/Town,Open area,Vehicle Defect,No,Grievous Injury,Rear end,Controlled,Curve and Incline,Expressway,Bitumen(Tar),Dry,Not Applicable,Clear,Garebavipalya junction,GARVEBAVIPALYA,4,0.0,0.0
Bengaluru City,Madivala Traffic PS,1.04432e+16,2017,1,1,Road Accidents,Cross roads,City/Town,Residential area,Vehicle Defect,Yes,Grievous Injury,Hit and Run,Uncontrolled,Straight and flat,Two way,Bitumen(Tar),Dry,Not Applicable,Clear,Kodichikkanahalli Main road,Golden park opartment,3,0.0,0.0
Bengaluru City,Madivala Traffic PS,1.04432e+16,2017,1,1,Road Accidents,Narrow road,City/Town,In bazaar,Human Error,No,Simple Injury,Head on,Signal lights Automatic,Straight and flat,Expressway,Bitumen(Tar),Dry,Not Applicable,Clear,Hosur main road,Big bazaar,1,12.931848,77.613634
Bengaluru City,Madivala Traffic PS,1.04432e+16,2017,1,2,Road Accidents,Staggered junction,City/Town,Near office complex,Human Error,Yes,Grievous Injury,Hit and Run,Uncontrolled,Straight and flat,City or Town Road,Bitumen(Tar),Dry,Not Applicable,Clear,Beguru main road,Congress office,4,0.0,0.0
Bengaluru City,Madivala Traffic PS,1.04432e+16,2017,1,1,Road Accidents,T Junction,City/Town,Near Bus stop,Human Error,No,Grievous Injury,Hit pedestrian,Controlled,Straight and flat,Expressway,Bitumen(Tar),Dry,Not Applicable,Cloudy,Hosur Main road,Anjaneya Temple,04 K M,12.894349,77.63688
Bengaluru City,Madivala Traffic PS,1.04432e+16,2017,1,1,Rail Road Accidents,Narrow road,City/Town,Near office complex,Human Error,No,Grievous Injury,Hit pedestrian,Controlled,Straight and flat,Expressway,Bitumen(Tar),Dry,Not Applicable,Clear,Hosur Main road,Near Ayyappa temple,500 me,12.924614,77.618066
Bengaluru City,Madivala Traffic PS,1.04432e+16,2017,1,1,Road Accidents,Cross roads,City/Town,Open area,Human Error,No,Grievous Injury,Head on,Not at  Junction,Incline,City or Town Road,Bitumen(Tar),Dry,No influence on accident,Fine,Garebavipalya Near Harish condiments,Harish condiments,50mts,0.0,0.0
Bengaluru City,Madivala Traffic PS,1.04432e+16,2017,1,1,Road Accidents,Bridge,City/Town,Near a religious place,Human Error,Yes,Grievous Injury,Hit and Run,Signal lights Automatic,Others,City or Town Road,Bitumen(Tar),Dry,No influence on accident,Clear,Hosuru main road Ayyappa underpass,ayyappa temple,200 m,12.92474,77.61861
Bengaluru City,Madivala Traffic PS,1.04432e+16,2017,1,2,Road Accidents,Junction,City/Town,Near Bus stop,Human Error,Yes,Grievous Injury,Hit and Run,Signal lights Automatic,Others,City or Town Road,Bitumen(Tar),Dry,No influence on accident,Clear,hosur main road garebhavi palya junction,anjanayya tempal,100mts,12.892476,77.637787
Bengaluru City,Madivala Traffic PS,1.04432e+16,2017,1,2,Road Accidents,Cross roads,City/Town,Near Hospital,Human Error,No,Grievous Injury,Side impact or Right angle,Uncontrolled,Straight and flat,Expressway,Bitumen(Tar),Dry,Not Applicable,Clear,Hosur Main Road,Vasan Eye Care,4 Km,12.89785,77.63455
Bengaluru City,Madivala Traffic PS,1.04432e+16,2017,1,1,Road Accidents,Junction,City/Town,Near Bus stop,Human Error,No,Grievous Injury,Hit bicyclist,Controlled,Straight and flat,Expressway,Bitumen(Tar),Dry,Not Applicable,Clear,Silkboard junction,prashanth hotel,1,12.91742,77.62296
Bengaluru City,Madivala Traffic PS,1.04432e+16,2017,1,3,Road Accidents,Narrow road,City/Town,Near Bus stop,Human Error,No,Fatal,Head on,Signal lights Blinking,Curve and Incline,Expressway,Bitumen(Tar),Dry,Not Applicable,Clear,Hosur Main road Bangalore,Jaguar show room,02 km,12.910732,77.626556
Bengaluru City,Madivala Traffic PS,1.04432e+16,2017,1,2,Road Accidents,Narrow road,City/Town,Near Hospital,Human Error,Yes,Grievous Injury,Hit and Run,Uncontrolled,Straight and flat,Expressway,Bitumen(Tar),Dry,Not Applicable,Clear,Hosur  main road,Aswad hospital,1,12.914322,77.624626
Bengaluru City,Madivala Traffic PS,1.04432e+16,2017,1,1,Road Accidents,T Junction,City/Town,Near office complex,Human Error,No,Grievous Injury,Hit pedestrian,Uncontrolled,Straight and flat,Expressway,Bitumen(Tar),Dry,Not Applicable,Clear,Hosur main road,Vasan Eye care,04 K M,12.897785,77.634486
Bengaluru City,Madivala Traffic PS,1.04432e+16,2017,1,1,Road Accidents,Bridge,City/Town,At pedestrian Crossing,Human Error,Yes,Fatal,Hit pedestrian,Uncontrolled,Straight and flat,Expressway,Bitumen(Tar),Dry,Not Applicable,Clear,Hosur main road,Madiwala Bridge,1,0.0,0.0
Bengaluru City,Madivala Traffic PS,1.04432e+16,2017,1,1,Not Applicable,Narrow road,City/Town,Near Bus stop,Human Error,Yes,Simple Injury,Hit and Run,Not at  Junction,Slight Curve,City or Town Road,Bitumen(Tar),Dry,Not Applicable,Clear,Hosuru main road near roopena agrahara bus stop,Bus stop,100mts,12.91378,77.62486
Bengaluru City,Madivala Traffic PS,1.04432e+16,2017,1,2,Road Accidents,T Junction,City/Town,Open area,Vehicle Defect,Yes,Grievous Injury,Hit and Run,Controlled,Straight and flat,Expressway,Bitumen(Tar),Dry,Not Applicable,Clear,Garebavipalya Signal Hosru road,Matha Hospital,4,12.89688,77.63501
Bengaluru City,Madivala Traffic PS,1.04432e+16,2017,1,1,Road Accidents,More than four arms,City/Town,Near office complex,Human Error,No,Fatal,Head on,Controlled,Curve and Incline,City or Town Road,Bitumen(Tar),Dry,Not Applicable,Fine,"Near hosur main road, silk board",Central silk board,1,12.91661,77.62294
Bengaluru City,Madivala Traffic PS,1.04432e+16,2017,1,2,Road Accidents,Narrow road,City/Town,Near Petrol Pump,Human Error,Yes,Fatal,Hit and Run,Signal lights Automatic,Straight and flat,Expressway,Bitumen(Tar),Dry,Not Applicable,Clear,Hosur main road,ST Johns  Hospital,02 km,12.929602,77.615161
Bengaluru City,Madivala Traffic PS,1.04432e+16,2017,1,1,Road Accidents,Narrow road,City/Town,Near School or College,Human Error,Yes,Grievous Injury,Hit and Run,Uncontrolled,Crest of hill,Expressway,Bitumen(Tar),Dry,Not Applicable,Clear,Hosur main road,oxford college,02 km,12.901717,77.632294
Bengaluru City,Madivala Traffic PS,1.04432e+16,2017,1,2,Road Accidents,More than four arms,Not Applicable,Near Bus stop,Human Error,No,Grievous Injury,Hit bicyclist,Uncontrolled,Straight and flat,State Highway,Bitumen(Tar),Dry,Not Applicable,Clear,H.S.R Ring road,Aranya bar and restourant,01 KM,12.917103,77.627727
Bengaluru City,Madivala Traffic PS,1.04432e+16,2017,1,2,Road Accidents,Narrow road,City/Town,Near School or College,Human Error,No,Damage Only,Head on,Not at  Junction,Slight Curve,City or Town Road,Bitumen(Tar),Dry,No influence on accident,Clear,Hosuru main road Oxford collage Bommanahalli,Chaumundeshwari timbers,500mts,12.9059,77.6296
Bengaluru City,Madivala Traffic PS,1.04432e+16,2017,1,1,Road Accidents,Other,City/Town,Near Bus stop,Human Error,Yes,Grievous Injury,Hit and Run,No signal lights,Others,City or Town Road,Bitumen(Tar),Dry,No influence on accident,Clear,HOSURU MAIN ROAD ROPENA AGRAHARA NEAR MEGAMART,BUS STOP,200 M,12.91251,77.62558
Bengaluru City,Madivala Traffic PS,1.04432e+16,2017,1,1,Road Accidents,T Junction,City/Town,Open area,Human Error,No,Fatal,Rear end,Controlled,Straight and flat,Expressway,Bitumen(Tar),Dry,Not Applicable,Clear,Garebavipalya junction,Brand Factory,4,12.89744,77.63477
Bengaluru City,Madivala Traffic PS,1.04432e+16,2017,1,1,Road Accidents,Staggered junction,City/Town,Near a religious place,Human Error,No,Grievous Injury,Hit pedestrian,Uncontrolled,Straight and flat,Service Road,Bitumen(Tar),Dry,Not Applicable,Clear,Begur Main road,Ayyappa temple,04 K M,0.0,0.0
Bengaluru City,Madivala Traffic PS,1.04432e+16,2017,1,1,Road Accidents,Culvert,City/Town,Narrow bridge or culverts,Human Error,Yes,Simple Injury,Hit and Run,Controlled,Straight and flat,Expressway,Bitumen(Tar),Dry,Not Applicable,Clear,Hosur Main road,Icher trak,02km,12.909864,77.627223
Bengaluru City,Madivala Traffic PS,1.04432e+16,2017,1,1,Road Accidents,Other,City/Town,Near Bus stop,Human Error,No,Grievous Injury,Hit pedestrian,No signal lights,Others,City or Town Road,Bitumen(Tar),Dry,No influence on accident,Others,HOSUR MAIN ROAD RUPEENA AGRAHARA,lakshmi venkateswara temple,100mts,12.91355,77.62502
Bengaluru City,Madivala Traffic PS,1.04432e+16,2017,1,1,Road Accidents,More than four arms,City/Town,Open area,Vehicle Defect,No,Grievous Injury,Rear end,Uncontrolled,Curve and Incline,Two way,Bitumen(Tar),Dry,Not Applicable,Clear,"HSR Ring road 9th Sector near bus stop,",My Baby shop,3,12.91643,77.63397