DISTRICTNAME,UNITNAME,Crime_No,Year,RI,Noofvehicle_involved,Accident_Classification,Accident_Spot,Accident_Location,Accident_SubLocation,Main_Cause,Hit_Run,Severity,Collision_Type,Junction_Control,Road_Character,Road_Type,Surface_Type,Surface_Condition,Road_Condition,Weather,Accident_Road,Landmark_first,Distance_LandMark_First,Latitude,Longitude
Bengaluru City,Madivala Traffic PS,1.04432e+16,2017,1,2,Road Accidents,Junction,City/Town,Near Bus stop,Human Error,No,Grievous Injury,Head on,Signal lights Automatic,Others,City or Town Road,Bitumen(Tar),Dry,No influence on accident,Very Hot,Near Madivala police station,Total mall,50mts,0.0,0.0
Bengaluru City,Madivala Traffic PS,1.04432e+16,2017,1,3,Road Accidents,T Junction,City/Town,Near School or College,Human Error,No,Fatal,Head on,Controlled,Straight and flat,Expressway,Bitumen(Tar),Dry,Not Applicable,Clear,"Garvebavipalya Junction  hosur main road,",ST Maries school,3,0.0,0.0
Bengaluru City,Madivala Traffic PS,1.04432e+16,2017,1,2,Road Accidents,Narrow road,City/Town,Near Bus stop,Human Error,Yes,Simple Injury,Hit and Run,Not at  Junction,Slight Curve,City or Town Road,Bitumen(Tar),Dry,No influence on accident,Clear,HSR Ring road 14th main flyover Down ramp,Patel timbers,100mts,12.91606,77.63645
Bengaluru City,Madivala Traffic PS,1.04432e+16,2017,1,1,Road Accidents,Narrow road,City/Town,Open area,Human Error,No,Simple Injury,Head on,Signal lights Automatic,Not Applicable,City or Town Road,Bitumen(Tar),Dry,No influence on accident,Clear,Hosuru main road roopena agrahara Bus stop,Sardar Ji daba,100mts,12.9127,77.62555
Bengaluru City,Madivala Traffic PS,1.04432e+16,2017,1,1,Road Accidents,Junction,City/Town,Near a religious place,Human Error,No,Simple Injury,Others,Signal lights Automatic,Others,City or Town Road,Bitumen(Tar),Dry,No influence on accident,Clear,ayyappa temple junction madivala,ayyappa temple,200 m,12.92362,77.61872
Bengaluru City,Madivala Traffic PS,1.04432e+16,2017,1,2,Road Accidents,More than four arms,City/Town,Open area,Vehicle Defect,No,Damage Only,Rear end,Controlled,Curve and Incline,City or Town Road,Bitumen(Tar),Dry,Not Applicable,Fine,silk board junction,H S R Appartement,1,12.91738,77.62324
Bengaluru City,Madivala Traffic PS,1.04432e+16,2017,1,1,Road Accidents,Junction,City/Town,Near Bus stop,Human Error,Yes,Simple Injury,Hit and Run,Police / Manual,Not Applicable,City or Town Road,Bitumen(Tar),Dry,Not Applicable,Clear,"HOSUR MAIN ROAD, NEAR BUS STOP, GARVEBAVIPALYA BANGALORE CITY",HOSUR MAIN ROAD NEAR BUS STOP GARVEBAVIPALYA BANGALORE CITY,3,12.89619,77.63549
Bengaluru City,Madivala Traffic PS,1.04432e+16,2017,1,2,Road Accidents,Staggered junction,City/Town,Open area,Human Error,No,Simple Injury,Rear end,No signal lights,Straight and flat,City or Town Road,Bitumen(Tar),Dry,Not Applicable,Clear,Begur Main road,OM Shakthi temple,4,0.0,0.0
Bengaluru City,Madivala Traffic PS,1.04432e+16,2017,1,2,Rail Road Accidents,T Junction,City/Town,Near Bus stop,Vehicle Defect,No,Damage Only,Rear end,Controlled,Straight and flat,Expressway,Bitumen(Tar),Dry,Not Applicable,Clear,Hosur main road,Bus stop,3,0.0,0.0
Bengaluru City,Madivala Traffic PS,1.04432e+16,2017,1,1,Road Accidents,Narrow road,City/Town,Near a factory industrial area,Human Error,Yes,Grievous Injury,Hit and Run,Uncontrolled,Straight and flat,Expressway,Bitumen(Tar),Dry,Not Applicable,Clear,Hosur main road,Near Bosch company,02 km,0.0,0.0
Bengaluru City,Madivala Traffic PS,1.04432e+16,2017,1,1,Road Accidents,Narrow road,City/Town,Near office complex,Human Error,Yes,Grievous Injury,Hit and Run,Uncontrolled,Straight and flat,City or Town Road,Bitumen(Tar),Dry,Not Applicable,Clear,Madivala market road,CPWD quarters,700met,12.923146,77.624243
Bengaluru City,Madivala Traffic PS,1.04432e+16,2017,1,1,Road Accidents,Narrow road,City/Town,Near a religious place,Human Error,No,Grievous Injury,Head on,Not at  Junction,Incline,City or Town Road,Bitumen(Tar),Dry,No influence on accident,Clear,Hosuru main  road Near  Anjeneya temple,Anjeneya temple,50mts,12.92222,77.61954
Bengaluru City,Madivala Traffic PS,1.04432e+16,2017,1,1,Road Accidents,T Junction,City/Town,Narrow bridge or culverts,Vehicle Defect,Yes,Fatal,Hit and Run,Controlled,Curve and Incline,Expressway,Bitumen(Tar),Dry,Not Applicable,Clear,Near sub way Bommanahalli,Eliveted Floor,3,12.90673,77.62904
Bengaluru City,Madivala Traffic PS,1.04432e+16,2017,1,1,Road Accidents,Narrow road,City/Town,Near Petrol Pump,Human Error,Yes,Grievous Injury,Hit and Run,Uncontrolled,Straight and flat,Expressway,Bitumen(Tar),Dry,Not Applicable,Clear,Near petrol bunk Rupena Agrahara,petrol bunk,1,12.91265,77.62544
Bengaluru City,Madivala Traffic PS,1.04432e+16,2017,1,1,Road Accidents,Narrow road,City/Town,Near Hospital,Human Error,Not Applicable,Grievous Injury,Hit and Run,Police / Manual,Not Applicable,City or Town Road,Bitumen(Tar),Dry,Not Applicable,Clear,BEGUR MAIN ROSD HONGASANDRA NEAR VINAYAKA HOSPITAL,BEGUR MAIN ROSD HONGASANDRA NEAR VINAYAKA HOSPITAL,3,12.89193,77.62592
Bengaluru City,Madivala Traffic PS,1.04432e+16,2017,1,1,Road Accidents,Staggered junction,City/Town,Near Bus stop,Human Error,Yes,Grievous Injury,Hit and Run,Signal lights Blinking,Straight and flat,Expressway,Bitumen(Tar),Dry,Not Applicable,Clear,Hosur Main road,Giriyas show room,01km,12.91183,77.62602
Bengaluru City,Madivala Traffic PS,1.04432e+16,2017,1,1,Road Accidents,T Junction,City/Town,Near Petrol Pump,Human Error,Yes,Grievous Injury,Hit and Run,Signal lights Automatic,Straight and flat,Expressway,Bitumen(Tar),Dry,Not Applicable,Clear,Hosur Main road,Near petrol pump,1,12.93128,77.613945
Bengaluru City,Madivala Traffic PS,1.04432e+16,2017,1,1,Road Accidents,T Junction,City/Town,Near Bus stop,Human Error,Yes,Simple Injury,Hit and Run,Signal lights Automatic,Straight and flat,Expressway,Bitumen(Tar),Dry,Not Applicable,Clear,Bommanahalli Junction,Zion A G Pente cost church,2KM,12.906682,77.628935
Bengaluru City,Madivala Traffic PS,1.04432e+16,2017,1,2,Road Accidents,Narrow road,City/Town,Open area,Human Error,No,Simple Injury,Drowned,Signal lights Automatic,Slight Curve,City or Town Road,Bitumen(Tar),Dry,No influence on accident,Cloudy,Hosuru main road Infront of brand factory Elyvated flyover,Brand factory,100mts,12.89307,77.63748
Bengaluru City,Madivala Traffic PS,1.04432e+16,2017,1,1,Road Accidents,Junction,City/Town,Open area,Human Error,Yes,Grievous Injury,Hit and Run,Police / Manual,Incline,City or Town Road,Bitumen(Tar),Dry,No influence on accident,Clear,silk Board junction HSR ring road,Vipro company,100mts,12.91723,77.62299
Bengaluru City,Madivala Traffic PS,1.04432e+16,2017,1,2,Road Accidents,Narrow road,City/Town,Open area,Human Error,Yes,Simple Injury,Hit and Run,Not at  Junction,Not Applicable,City or Town Road,Bitumen(Tar),Dry,No influence on accident,Clear,Venkatapura HSR 5th main near park,Vandana grand apartment,100mts,0.0,0.0
Bengaluru City,Madivala Traffic PS,1.04432e+16,2017,1,2,Road Accidents,More than four arms,City/Town,In bazaar,Human Error,No,Grievous Injury,Rear end,Uncontrolled,Straight and flat,Expressway,Bitumen(Tar),Dry,Not Applicable,Clear,hosur main road,Near giriyas show room,1,12.91292,77.62541
Bengaluru City,Madivala Traffic PS,1.04432e+16,2017,1,2,Road Accidents,More than four arms,City/Town,Near Bus stop,Human Error,Yes,Grievous Injury,Hit and Run,Signal lights Automatic,Straight and flat,Expressway,Bitumen(Tar),Dry,Not Applicable,Clear,Near sarjapura junction,H P petrol bunk,1,12.92955,77.61519
Bengaluru City,Madivala Traffic PS,1.04432e+16,2017,1,3,Road Accidents,Cross roads,City/Town,Open area,Human Error,No,Simple Injury,Head on,Not at  Junction,Incline,City or Town Road,Bitumen(Tar),Dry,No influence on accident,Clear,Hosuru main road opp. IBS Hotel,IBS Hotel,100mts,12.900973,77.632607
Bengaluru City,Madivala Traffic PS,1.04432e+16,2017,1,1,Road Accidents,Other,City/Town,Open area,Human Error,No,Grievous Injury,Hit pedestrian,Police / Manual,Sharp Curve,City or Town Road,Bitumen(Tar),Dry,No influence on accident,Clear,Garebavipalya Signal Hosuru road,Ankush studio,200mts,12.894434,77.636519
Bengaluru City,Madivala Traffic PS,1.04432e+16,2017,1,1,Road Accidents,Cross roads,City/Town,In bazaar,Human Error,Yes,Fatal,Hit and Run,Signal lights Automatic,Slight Curve,City or Town Road,Bitumen(Tar),Dry,No influence on accident,Clear,Gangothri circle BTM layout,Shriram medicles,100mts,0.0,0.0
Bengaluru City,Madivala Traffic PS,1.04432e+16,2017,1,2,Road Accidents,Cross roads,City/Town,Open area,Human Error,No,Simple Injury,Head on,Police / Manual,Sharp Curve,City or Town Road,Bitumen(Tar),Dry,No influence on accident,Clear,BTM ring road Kuvempu nagara Bus stop near,IDBI Bank,100mts,12.91683,77.62127
Bengaluru City,Madivala Traffic PS,1.04432e+16,2017,1,1,Road Accidents,T Junction,City/Town,At pedestrian Crossing,Vehicle Defect,Yes,Grievous Injury,Hit and Run,Controlled,Curve and Incline,Expressway,Bitumen(Tar),Dry,Not Applicable,Clear,Garebavipalya Signal Hosru road,hanuman temple,4,12.89287,77.63779
Bengaluru City,Madivala Traffic PS,1.04432e+16,2017,1,2,Rail Road Accidents,Narrow road,City/Town,Open area,Human Error,Not Applicable,Damage Only,Others,Controlled,Straight and flat,Expressway,Bitumen(Tar),Dry,Not Applicable,Clear,Madivala Ayyappa junction,Ayyappa temple,1,0.0,0.0
Bengaluru City,Madivala Traffic PS,1.04432e+16,2017,1,2,Road Accidents,Narrow road,City/Town,Near Bus stop,Human Error,Yes,Fatal,Hit and Run,Uncontrolled,Straight and flat,Expressway,Bitumen(Tar),Dry,Not Applicable,Clear,Hosur main road,AS Automobiles,02 km,12.909995,77.627154
Bengaluru City,Madivala Traffic PS,1.04432e+16,2017,1,1,Road Accidents,Narrow road,City/Town,Near Bus stop,Human Error,Yes,Fatal,Hit and Run,Signal lights Automatic,Straight and flat,Expressway,Bitumen(Tar),Dry,Not Applicable,Clear,Silkboard junction hosur main road,prashanth hotel,01km,12.917291,77.622885
Bengaluru City,Madivala Traffic PS,1.04432e+16,2017,1,1,Road Accidents,Narrow road,City/Town,Near a factory industrial area,Human Error,No,Simple Injury,Hit pedestrian,Uncontrolled,Straight and flat,Expressway,Bitumen(Tar),Dry,Not Applicable,Clear,Begur Main road,Shahi exports,3,0.0,0.0
Bengaluru City,Madivala Traffic PS,1.04432e+16,2017,1,1,Road Accidents,Junction,City/Town,Near Bus stop,Human Error,Yes,Grievous Injury,Hit and Run,Signal lights Automatic,Sharp Curve,City or Town Road,Bitumen(Tar),Dry,No influence on accident,Dust Storn,Hosuru main road Bommanahalli junction,cell petrol bunk,100mts,12.90693,77.62907
Bengaluru City,Madivala Traffic PS,1.04432e+16,2017,1,1,Road Accidents,Cross roads,City/Town,Near Bus stop,Human Error,No,Grievous Injury,Head on,Police / Manual,Sharp Curve,City or Town Road,Bitumen(Tar),Dry,No influence on accident,Cloudy,Hosuru main road near roopen agrahara Service road,Giriyas show room,100mts,12.91346,77.62503
Bengaluru City,Madivala Traffic PS,1.04432e+16,2017,1,2,Road Accidents,Cross roads,City/Town,Near Bus stop,Human Error,No,Grievous Injury,Head on,Not at  Junction,Steep Incline or Climb,City or Town Road,Bitumen(Tar),Dry,No influence on accident,Clear,Jai Bheem nagara 1st cross opp Brothers bekari,Brothers Bekari,50mts,12.91388,77.616547
Bengaluru City,Madivala Traffic PS,1.04432e+16,2017,1,2,Road Accidents,Other,City/Town,Near a factory industrial area,Human Error,Yes,Grievous Injury,Hit and Run,Not at  Junction,Slight Curve,City or Town Road,Bitumen(Tar),Dry,No influence on accident,Cloudy,Hosuru main road Near Garebavipalya Brand factory,Brand factory,100mts,12.8984,77.634046
Bengaluru City,Madivala Traffic PS,1.04432e+16,2017,1,2,Road Accidents,Narrow road,City/Town,Near School or College,Human Error,Yes,Damage Only,Hit and Run,Signal lights Automatic,Incline,City or Town Road,Bitumen(Tar),Dry,No influence on accident,Clear,Hosuru main road infront of sai baba temple,Matha Hospital,100mts,12.89706,77.63508
Bengaluru City,Madivala Traffic PS,1.04432e+16,2017,1,1,Road Accidents,More than four arms,City/Town,Near Bus stop,Not Applicable,Yes,Grievous Injury,Hit pedestrian,Signal lights Manual,Straight and flat,Expressway,Bitumen(Tar),Dry,Not Applicable,Clear,silk board,hsr ring road 5th main road,1,12.91742,77.62298
Bengaluru City,Madivala Traffic PS,1.04432e+16,2017,1,2,Road Accidents,More than four arms,City/Town,Open area,Vehicle Defect,Yes,Grievous Injury,Hit and Run,Uncontrolled,Straight and flat,Expressway,Bitumen(Tar),Dry,Not Applicable,Clear,Near rupena agrahara,Kotaka mahendra,1,12.91347,77.62497
Bengaluru City,Madivala Traffic PS,1.04432e+16,2017,1,1,Road Accidents,Narrow road,City/Town,Open area,Human Error,No,Simple Injury,Head on,Uncontrolled,Curve,City or Town Road,Bitumen(Tar),Dry,Not Applicable,Clear,Roopena Agarahara,Giriyas show room,1,0.0,0.0
Bengaluru City,Madivala Traffic PS,1.04432e+16,2017,1,2,Road Accidents,Narrow road,City/Town,Near Bus stop,Human Error,No,Simple Injury,Head on,Police / Manual,Slight Curve,City or Town Road,Bitumen(Tar),Dry,No influence on accident,Clear,Opp mathura garments Kodichikkanahalli road,Mathura garments,100mts,0.0,0.0
Bengaluru City,Madivala Traffic PS,1.04432e+16,2017,1,1,Road Accidents,Narrow road,City/Town,Open area,Human Error,No,Simple Injury,Head on,Not at  Junction,Slight Curve,City or Town Road,Bitumen(Tar),Dry,No influence on accident,Clear,HSR 5th main 6th sector,Balaji orked,100mts,12.91573,77.63239
Bengaluru City,Madivala Traffic PS,1.04432e+16,2017,1,2,Road Accidents,T Junction,City/Town,Near Hospital,Human Error,No,Fatal,Hit bicyclist,Controlled,Straight and flat,Expressway,Bitumen(Tar),Dry,Not Applicable,Clear,Hosur main road,Prashanth hospital,02 km,12.90661,77.62909
Bengaluru City,Madivala Traffic PS,1.04432e+16,2017,1,1,Road Accidents,Narrow road,City/Town,Near Bus stop,Human Error,Yes,Simple Injury,Hit and Run,Uncontrolled,Curve and Incline,City or Town Road,Bitumen(Tar),Dry,Not Applicable,Fine,Near Kuvempu nagar bus stop,Bus stop,1,12.91691,77.62158
Bengaluru City,Madivala Traffic PS,1.04432e+16,2017,1,1,Road Accidents,More than four arms,City/Town,Near Bus stop,Human Error,Yes,Grievous Injury,Hit and Run,Uncontrolled,Straight and flat,Expressway,Bitumen(Tar),Dry,Not Applicable,Clear,Near Rupena Agrahara,Lakshmi venkateshwara temple,1,12.91305,77.62527
Bengaluru City,Madivala Traffic PS,1.04432e+16,2017,1,2,Road Accidents,T Junction,City/Town,Near Petrol Pump,Human Error,Yes,Grievous Injury,Hit and Run,Controlled,Straight and flat,Expressway,Bitumen(Tar),Dry,Not Applicable,Clear,Garebavipalya junction,Near shell petrol bunk,4,12.89669,77.63527
Bengaluru City,Madivala Traffic PS,1.04432e+16,2017,1,1,Road Accidents,Narrow road,City/Town,Residential area,Human Error,Yes,Simple Injury,Hit and Run,Uncontrolled,Straight and flat,City or Town Road,Bitumen(Tar),Dry,Not Applicable,Clear,"Kodichokkanahalli Main road,",Page industries factory,4,0.0,0.0
Bengaluru City,Madivala Traffic PS,1.04432e+16,2017,1,1,Road Accidents,Narrow road,City/Town,Near a religious place,Human Error,Yes,Grievous Injury,Hit and Run,Uncontrolled,Straight and flat,City or Town Road,Bitumen(Tar),Dry,Not Applicable,Light Rain,"Begur Main road,",APR kalyanamantapa,4,0.0,0.0
Bengaluru City,Madivala Traffic PS,1.04432e+16,2017,1,1,Rail Road Accidents,Narrow road,City/Town,Near Bus stop,Human Error,No,Fatal,Hit pedestrian,Uncontrolled,Crest of hill,Expressway,Bitumen(Tar),Dry,Not Applicable,Clear,Hosur main road,Balaji  medicals,1,12.927806,77.616077
Bengaluru City,Madivala Traffic PS,1.04432e+16,2017,1,1,Road Accidents,T Junction,City/Town,Narrow bridge or culverts,Human Error,Yes,Grievous Injury,Hit pedestrian,Controlled,Straight and flat,Expressway,Bitumen(Tar),Dry,Not Applicable,Clear,Hosur Main road,Sub way,04 KM,0.0,0.0
Bengaluru City,Madivala Traffic PS,1.04432e+16,2017,1,2,Road Accidents,Narrow road,City/Town,Narrow bridge or culverts,Human Error,No,Grievous Injury,Hit bicyclist,Controlled,Straight and flat,Expressway,Bitumen(Tar),Dry,Not Applicable,Clear,Hosur Main road,Police umbrella,01 K M,12.917105,77.622898
Bengaluru City,Madivala Traffic PS,1.04432e+16,2017,1,2,Road Accidents,Cross roads,City/Town,Open area,Human Error,Yes,Grievous Injury,Hit and Run,Not at  Junction,Slight Curve,City or Town Road,Bitumen(Tar),Dry,No influence on accident,Clear,HSR Layout Outer ring road Infront of My Baby Shop,My Baby Shop,50mts,12.91651,77.6345
Bengaluru City,Madivala Traffic PS,1.04432e+16,2017,1,2,Road Accidents,Bridge,City/Town,Narrow bridge or culverts,Vehicle Defect,Yes,Grievous Injury,Hit and Run,Uncontrolled,Hump,Expressway,Bitumen(Tar),Dry,Not Applicable,Clear,RUPENA AGARAHARA,isar  show room,1,12.90983,77.62708
Bengaluru City,Madivala Traffic PS,1.04432e+16,2017,1,1,Road Accidents,Cross roads,City/Town,At pedestrian Crossing,Vehicle Defect,Yes,Grievous Injury,Hit and Run,Uncontrolled,Curve,Two way,Bitumen(Tar),Dry,Not Applicable,Clear,4th Cross Hongasandra Beguru road,Munireddy Nilaya,4,0.0,0.0
Bengaluru City,Madivala Traffic PS,1.04432e+16,2017,1,1,Road Accidents,Narrow road,City/Town,Near office complex,Human Error,No,Simple Injury,Hit pedestrian,Controlled,Straight and flat,Expressway,Bitumen(Tar),Dry,Not Applicable,Clear,Hosur main road,Madiwala police station,100 me,12.92119,77.620153
Bengaluru City,Madivala Traffic PS,1.04432e+16,2018,1,1,Road Accidents,Narrow road,City/Town,Near School or College,Human Error,Yes,Fatal,Hit pedestrian,Uncontrolled,Straight and flat,Expressway,Bitumen(Tar),Dry,Pot holed,Clear,Hosur Main Road,Oxford College,02 K M,12.90186,77.631956
Bengaluru City,Madivala Traffic PS,1.04432e+16,2018,1,2,Road Accidents,Bridge,City/Town,Narrow bridge or culverts,Human Error,Yes,Simple Injury,Hit and Run,Uncontrolled,Straight and flat,Expressway,Bitumen(Tar),Dry,Not Applicable,Clear,Hosur main road,Brahmin store,03 k M,0.0,0.0
Bengaluru City,Madivala Traffic PS,1.04432e+16,2018,1,2,Road Accidents,Cross roads,City/Town,Open area,Human Error,No,Simple Injury,Hit bicyclist,Uncontrolled,Straight and flat,Service Road,Bitumen(Tar),Dry,Not Applicable,Clear,Hosur main road,Silk Board  Flyover,1,12.919276,77.621606
Bengaluru City,Madivala Traffic PS,1.04432e+16,2018,1,1,Road Accidents,Narrow road,City/Town,Near Bus stop,Human Error,No,Grievous Injury,Hit pedestrian,Uncontrolled,Straight and flat,Expressway,Bitumen(Tar),Dry,Not Applicable,Clear,Hosur Main road,Bosch  Building,03 K M,0.0,0.0
Bengaluru City,Madivala Traffic PS,1.04432e+16,2018,1,2,Road Accidents,Staggered junction,City/Town,Near Bus stop,Human Error,Yes,Grievous Injury,Hit and Run,Uncontrolled,Straight and flat,Expressway,Bitumen(Tar),Dry,Not Applicable,Clear,Hosur main road,HGS Glass building,2.5 km,12.902048,77.632163
Bengaluru City,Madivala Traffic PS,1.04432e+16,2018,1,2,Road Accidents,T Junction,City/Town,Near Bus stop,Human Error,Yes,Simple Injury,Hit and Run,Controlled,Straight and flat,Expressway,Bitumen(Tar),Dry,Not Applicable,Clear,Hosur main  road,Archana Hotel,02 km,12.90703,77.628819
Bengaluru City,Madivala Traffic PS,1.04432e+16,2018,1,2,Road Accidents,Other,City/Town,Near Bus stop,Human Error,Yes,Fatal,Hit and Run,Uncontrolled,Straight and flat,Expressway,Bitumen(Tar),Dry,Not Applicable,Clear,Hosur main road,Agurnagiri show room,01km,12.912489,77.625505
Bengaluru City,Madivala Traffic PS,1.04432e+16,2018,1,1,Road Accidents,Narrow road,City/Town,Near Bus stop,Human Error,Yes,Simple Injury,Hit and Run,Uncontrolled,Straight and flat,City or Town Road,Bitumen(Tar),Dry,Not Applicable,Clear,Madiwala Main road,St Johns  Hospital,500mts,12.928264,77.615776
Bengaluru City,Madivala Traffic PS,1.04432e+16,2018,1,1,Road Accidents,Staggered junction,City/Town,Near Bus stop,Human Error,No,Grievous Injury,Hit pedestrian,Controlled,Straight and flat,Others,Bitumen(Tar),Dry,Not Applicable,Clear,Madiwala Main road,ST Johns Hospital,01 k m,12.929441,77.61511
Bengaluru City,Madivala Traffic PS,1.04432e+16,2018,1,1,Road Accidents,Narrow road,City/Town,Open area,Human Error,No,Grievous Injury,Hit pedestrian,Uncontrolled,Straight and flat,City or Town Road,Bitumen(Tar),Dry,Not Applicable,Clear,Madiwala Main Road,Anjaneya Temple,600 me,12.922332,77.619476
Bengaluru City,Madivala Traffic PS,1.04432e+16,2018,1,1,Road Accidents,T Junction,City/Town,Near Bus stop,Human Error,No,Grievous Injury,Hit pedestrian,Controlled,Straight and flat,Expressway,Bitumen(Tar),Dry,Not Applicable,Clear,Hosur  main road,Vijaya lakshmi timber yard,02 km,12.903548,77.631159
Bengaluru City,Madivala Traffic PS,1.04432e+16,2018,1,2,Road Accidents,Narrow road,City/Town,Near Bus stop,Human Error,Yes,Simple Injury,Hit and Run,Uncontrolled,Straight and flat,Expressway,Bitumen(Tar),Dry,Not Applicable,Clear,Hosur main road,Sri Geetha cafe,03km,12.898348,77.634064
Bengaluru City,Madivala Traffic PS,1.04432e+16,2018,1,1,Road Accidents,T Junction,City/Town,Near Bus stop,Human Error,No,Fatal,Hit pedestrian,Controlled,Straight and flat,Expressway,Bitumen(Tar),Dry,Not Applicable,Clear,Hosur main road,Bus stop,03 km,12.896136,77.635489
Bengaluru City,Madivala Traffic PS,1.04432e+16,2018,1,1,Road Accidents,Narrow road,City/Town,Near Bus stop,Human Error,Yes,Grievous Injury,Hit and Run,Uncontrolled,Straight and flat,Service Road,Bitumen(Tar),Dry,Not Applicable,Clear,Hosur road,Sulaba  Souchalaya,900 mt,0.0,0.0
Bengaluru City,Madivala Traffic PS,1.04432e+16,2018,1,2,Road Accidents,Narrow road,City/Town,Near Bus stop,Vehicle Defect,No,Damage Only,Rear end,Controlled,Straight and flat,Expressway,Bitumen(Tar),Dry,Not Applicable,Clear,"Hosur m,ain road",St Johns  Hospital,01 km,12.92947,77.615237
Bengaluru City,Madivala Traffic PS,1.04432e+16,2018,1,2,Road Accidents,Cross roads,City/Town,Near Bus stop,Human Error,Yes,Simple Injury,Hit and Run,Controlled,Straight and flat,City or Town Road,Bitumen(Tar),Dry,Not Applicable,Clear,H S R Ring Road,Silk Board junction,04 me,12.917978,77.622113
Bengaluru City,Madivala Traffic PS,1.04432e+16,2018,1,1,Road Accidents,T Junction,City/Town,Near Bus stop,Human Error,Yes,Fatal,Hit and Run,Controlled,Straight and flat,Expressway,Bitumen(Tar),Dry,Not Applicable,Clear,Hosur main road,Near bus stop,03 km,12.896112,77.635673
Bengaluru City,Madivala Traffic PS,1.04432e+16,2018,1,2,Road Accidents,Narrow road,City/Town,Near Bus stop,Human Error,Yes,Simple Injury,Hit and Run,Uncontrolled,Straight and flat,Expressway,Bitumen(Tar),Dry,Not Applicable,Clear,Hosur main road,Forum mall,01 km,12.933879,77.610954
Bengaluru City,Madivala Traffic PS,1.04432e+16,2018,1,1,Road Accidents,Cross roads,City/Town,Near School or College,Human Error,No,Grievous Injury,Hit pedestrian,Uncontrolled,Straight and flat,Service Road,Bitumen(Tar),Dry,Not Applicable,Clear,H S R ring road,Novire technologies,02 km,12.91676,77.631934
Bengaluru City,Madivala Traffic PS,1.04432e+16,2018,1,2,Road Accidents,Cross roads,City/Town,Open area,Human Error,No,Grievous Injury,Hit bicyclist,Uncontrolled,Curve and Incline,Service Road,Bitumen(Tar),Dry,Not Applicable,Clear,Begur main road,Venu Health care,04 k m,12.891713,77.625559
Bengaluru City,Madivala Traffic PS,1.04432e+16,2018,1,1,Road Accidents,Narrow road,City/Town,At pedestrian Crossing,Human Error,No,Grievous Injury,Hit pedestrian,Uncontrolled,Straight and flat,Expressway,Bitumen(Tar),Dry,Not Applicable,Clear,Hosur main road,Rupena agrahara Bus stop,01 k m,0.0,0.0
Bengaluru City,Madivala Traffic PS,1.04432e+16,2018,1,2,Road Accidents,Narrow road,City/Town,Near office complex,Human Error,No,Fatal,Hit bicyclist,Uncontrolled,Straight and flat,Expressway,Bitumen(Tar),Dry,Not Applicable,Clear,Hosur Main road,Vishal megha mart,02 K M,12.912879,77.625391
Bengaluru City,Madivala Traffic PS,1.04432e+16,2018,1,1,Road Accidents,Cross roads,City/Town,At pedestrian Crossing,Human Error,No,Not Applicable,Hit pedestrian,Uncontrolled,Straight and flat,Service Road,Bitumen(Tar),Dry,Not Applicable,Clear,Begur main road,Infront of kabab zone,03 km,0.0,0.0
Bengaluru City,Madivala Traffic PS,1.04432e+16,2018,1,1,Road Accidents,Narrow road,City/Town,At pedestrian Crossing,Human Error,Yes,Fatal,Hit and Run,Uncontrolled,Straight and flat,Service Road,Bitumen(Tar),Dry,Not Applicable,Clear,Devarachikkanahalli Main road,CNR bar & Restourant,04 km,12.903006,77.62421
Bengaluru City,Madivala Traffic PS,1.04432e+16,2018,1,1,Road Accidents,T Junction,City/Town,Narrow bridge or culverts,Human Error,Yes,Grievous Injury,Hit and Run,Controlled,Straight and flat,Expressway,Bitumen(Tar),Dry,Not Applicable,Clear,Hosur main road,Near Bus Stop,02km,12.894854,77.636606
Bengaluru City,Madivala Traffic PS,1.04432e+16,2018,1,1,Road Accidents,Narrow road,City/Town,Near Bus stop,Human Error,Yes,Fatal,Hit and Run,Uncontrolled,Straight and flat,Expressway,Bitumen(Tar),Dry,Not Applicable,Clear,Hosur main road,Laxmi narasimha temple,01 km,12.911854,77.626032
Bengaluru City,Madivala Traffic PS,1.04432e+16,2018,1,1,Road Accidents,Narrow road,City/Town,At pedestrian Crossing,Human Error,No,Grievous Injury,Hit pedestrian,Uncontrolled,Straight and flat,City or Town Road,Bitumen(Tar),Dry,Not Applicable,Clear,Madiwala Market road,Bus Stop,01 k m,12.924027,77.628708