DISTRICTNAME,UNITNAME,Crime_No,Year,RI,Noofvehicle_involved,Accident_Classification,Accident_Spot,Accident_Location,Accident_SubLocation,Main_Cause,Hit_Run,Severity,Collision_Type,Junction_Control,Road_Character,Road_Type,Surface_Type,Surface_Condition,Road_Condition,Weather,Accident_Road,Landmark_first,Distance_LandMark_First,Latitude,Longitude
Bengaluru City,Madivala Traffic PS,1.04432e+16,2018,1,1,Road Accidents,Narrow road,City/Town,Near Petrol Pump,Human Error,No,Grievous Injury,Hit pedestrian,Stop sign,Straight and flat,Expressway,Bitumen(Tar),Dry,Not Applicable,Clear,Hosur main road,Vasundara petrol bunk,02 k m,12.90872,77.628123
Bengaluru City,Madivala Traffic PS,1.04432e+16,2018,1,2,Road Accidents,More than four arms,City/Town,Near Petrol Pump,Human Error,No,Grievous Injury,Hit bicyclist,Controlled,Straight and flat,Expressway,Bitumen(Tar),Dry,Not Applicable,Clear,Hosur Main road,H P petrol bunk,01 km,12.929434,77.615066
Bengaluru City,Madivala Traffic PS,1.04432e+16,2018,1,2,Road Accidents,Narrow road,City/Town,In bazaar,Human Error,Yes,Fatal,Hit and Run,Uncontrolled,Straight and flat,Expressway,Bitumen(Tar),Dry,Not Applicable,Clear,Hosur main road,IBIS Hotel,02 km,0.0,0.0
Bengaluru City,Madivala Traffic PS,1.04432e+16,2018,1,2,Road Accidents,More than four arms,City/Town,Near Hospital,Human Error,Yes,Simple Injury,Hit and Run,Uncontrolled,Straight and flat,Service Road,Bitumen(Tar),Dry,Not Applicable,Clear,Thavareke main road,Spoorthy Hospital,02km,0.0,0.0
Bengaluru City,Madivala Traffic PS,1.04432e+16,2018,1,1,Road Accidents,Narrow road,City/Town,At pedestrian Crossing,Human Error,Yes,Grievous Injury,Hit and Run,Uncontrolled,Straight and flat,Expressway,Bitumen(Tar),Dry,Not Applicable,Clear,Hosur main road,Big Bazar,01km,12.932646,77.612342
Bengaluru City,Madivala Traffic PS,1.04432e+16,2018,1,1,Road Accidents,Narrow road,City/Town,At pedestrian Crossing,Human Error,Yes,Grievous Injury,Hit and Run,Uncontrolled,Straight and flat,Others,Bitumen(Tar),Dry,Not Applicable,Clear,Madiwala Main road,S R G Travels,500 Me,12.919632,77.621226
Bengaluru City,Madivala Traffic PS,1.04432e+16,2018,1,2,Road Accidents,Bridge,City/Town,Near office complex,Human Error,No,Simple Injury,Rear end,Uncontrolled,Straight and flat,Expressway,Bitumen(Tar),Dry,Not Applicable,Clear,HosurMain road,ICICI bank,03 km,0.0,0.0
Bengaluru City,Madivala Traffic PS,1.04432e+16,2018,1,2,Road Accidents,Narrow road,City/Town,Near Bus stop,Human Error,Yes,Grievous Injury,Hit and Run,Controlled,Straight and flat,Expressway,Bitumen(Tar),Dry,Not Applicable,Clear,Hosur main road,Near Bus Stop,500mts,12.917417,77.622895
Bengaluru City,Madivala Traffic PS,1.04432e+16,2018,1,1,Road Accidents,Narrow road,City/Town,Near office complex,Human Error,No,Grievous Injury,Hit pedestrian,Uncontrolled,Straight and flat,Expressway,Bitumen(Tar),Dry,Not Applicable,Clear,Hosur main road,HDFC Bank,3,0.0,0.0
Bengaluru City,Madivala Traffic PS,1.04432e+16,2018,1,1,Road Accidents,Narrow road,City/Town,Near a religious place,Human Error,No,Fatal,Hit pedestrian,Uncontrolled,Straight and flat,City or Town Road,Bitumen(Tar),Dry,Not Applicable,Fog / Mist,Madiwala Main road,St Frayari church,1,12.929744,77.613678
Bengaluru City,Madivala Traffic PS,1.04432e+16,2018,1,2,Road Accidents,Narrow road,City/Town,Near Hospital,Human Error,No,Grievous Injury,Hit bicyclist,Uncontrolled,Straight and flat,Expressway,Bitumen(Tar),Dry,Not Applicable,Clear,Hosur main road,Balaji Medicals,01km,12.927896,77.61601
Bengaluru City,Madivala Traffic PS,1.04432e+16,2018,1,2,Road Accidents,Narrow road,City/Town,Near Bus stop,Human Error,No,Grievous Injury,Hit bicyclist,Controlled,Straight and flat,Others,Bitumen(Tar),Dry,Not Applicable,Clear,Hosur main road,Prashanth Hotel,01 km,12.917239,77.622805
Bengaluru City,Madivala Traffic PS,1.04432e+16,2018,1,2,Road Accidents,Junction,City/Town,Near Bus stop,Vehicle Defect,No,Damage Only,Others,Controlled,Straight and flat,Others,Bitumen(Tar),Dry,Not Applicable,Clear,H S R Ring road,Police Umbrella,01 k m,12.917396,77.622916
Bengaluru City,Madivala Traffic PS,1.04432e+16,2018,1,1,Road Accidents,Staggered junction,City/Town,Near Bus stop,Human Error,No,Grievous Injury,Hit pedestrian,Controlled,Straight and flat,City or Town Road,Bitumen(Tar),Dry,Not Applicable,Clear,Madiwala Main road,Balaji Medicals,01 k m,12.927817,77.616064
Bengaluru City,Madivala Traffic PS,1.04432e+16,2018,1,2,Road Accidents,Junction,City/Town,In bazaar,Human Error,No,Grievous Injury,Hit bicyclist,Controlled,Straight and flat,Others,Bitumen(Tar),Dry,Not Applicable,Fog / Mist,Madiwala main road,ST Anthony charch,01 k M,12.931607,77.613888
Bengaluru City,Madivala Traffic PS,1.04432e+16,2018,1,2,Road Accidents,T Junction,City/Town,Near Bus stop,Human Error,Yes,Grievous Injury,Hit bicyclist,Controlled,Straight and flat,Expressway,Bitumen(Tar),Dry,Not Applicable,Clear,Hosur main road,H P petrol bunk,01km,12.929567,77.615171
Bengaluru City,Madivala Traffic PS,1.04432e+16,2018,1,2,Road Accidents,More than four arms,City/Town,Near Bus stop,Human Error,Yes,Fatal,Hit and Run,Controlled,Straight and flat,Expressway,Bitumen(Tar),Dry,Not Applicable,Clear,Hosur main road,Madivala police station,100mts,12.921228,77.620266
Bengaluru City,Madivala Traffic PS,1.04432e+16,2018,1,1,Road Accidents,Junction,City/Town,At pedestrian Crossing,Human Error,Yes,Grievous Injury,Hit and Run,Controlled,Straight and flat,Expressway,Bitumen(Tar),Dry,Not Applicable,Clear,Hosur main road,ST Anthony charch,01 km,12.929461,77.615239
Bengaluru City,Madivala Traffic PS,1.04432e+16,2018,1,1,Road Accidents,Narrow road,City/Town,Near Bus stop,Human Error,Yes,Grievous Injury,Hit and Run,Uncontrolled,Straight and flat,Others,Bitumen(Tar),Dry,Not Applicable,Clear,Madiwala market road,Bus stop,01km,12.923989,77.628563
Bengaluru City,Madivala Traffic PS,1.04432e+16,2018,1,2,Road Accidents,Junction,City/Town,Near Bus stop,Human Error,No,Grievous Injury,Hit bicyclist,Controlled,Straight and flat,Expressway,Bitumen(Tar),Dry,Not Applicable,Clear,Hosur main road,Silk Board Fly over,01 k m,0.0,0.0
Bengaluru City,Madivala Traffic PS,1.04432e+16,2018,1,2,Road Accidents,Cross roads,City/Town,Near Bus stop,Human Error,Yes,Simple Injury,Hit and Run,Controlled,Straight and flat,City or Town Road,Bitumen(Tar),Dry,Not Applicable,Clear,H S R Ring Road,Prashanth Hotel,1,12.917802,77.624968
Bengaluru City,Madivala Traffic PS,1.04432e+16,2018,1,1,Road Accidents,Narrow road,City/Town,Near Petrol Pump,Human Error,No,Simple Injury,Hit pedestrian,Controlled,Straight and flat,Expressway,Bitumen(Tar),Dry,Not Applicable,Clear,Hosur main road,Petrol pump,1 km,0.0,0.0
Bengaluru City,Madivala Traffic PS,1.04432e+16,2018,1,2,Road Accidents,T Junction,City/Town,Near a factory industrial area,Human Error,No,Fatal,Hit bicyclist,Controlled,Straight and flat,Expressway,Bitumen(Tar),Dry,Not Applicable,Clear,Hosur main road,Maruthi suzuki show room,03 km,12.897018,77.635044
Bengaluru City,Madivala Traffic PS,1.04432e+16,2018,1,1,Road Accidents,T Junction,City/Town,Near Bus stop,Human Error,Yes,Simple Injury,Hit and Run,Controlled,Straight and flat,Expressway,Bitumen(Tar),Dry,Not Applicable,Clear,Hosur main road,Propel Autogas,3,12.898932,77.633687
Bengaluru City,Madivala Traffic PS,1.04432e+16,2018,1,2,Road Accidents,T Junction,City/Town,Near Bus stop,Human Error,Yes,Grievous Injury,Hit bicyclist,Controlled,Straight and flat,Expressway,Bitumen(Tar),Dry,Not Applicable,Clear,Hosur main road,Prashanth hospital,02km,12.906353,77.629465
Bengaluru City,Madivala Traffic PS,1.04432e+16,2018,1,1,Road Accidents,Narrow road,City/Town,Near Petrol Pump,Human Error,Yes,Simple Injury,Hit and Run,Not at  Junction,Straight and flat,Expressway,Bitumen(Tar),Dry,Not Applicable,Clear,Hosur main road,Jaguar  show room,01km,0.0,0.0
Bengaluru City,Madivala Traffic PS,1.04432e+16,2018,1,2,Road Accidents,T Junction,City/Town,Open area,Human Error,No,Simple Injury,Rear end,Signal lights Automatic,Straight and flat,Expressway,Bitumen(Tar),Dry,Not Applicable,Clear,Hosur main road,Kotak mahindra bank,02 km,12.900876,77.632547
Bengaluru City,Madivala Traffic PS,1.04432e+16,2018,1,2,Road Accidents,T Junction,City/Town,Near Petrol Pump,Vehicle Defect,No,Damage Only,Rear end,Controlled,Straight and flat,City or Town Road,Bitumen(Tar),Dry,Not Applicable,Clear,B.T.M Ring road,Indian  Petrol Bunk,01 k m,12.916492,77.620073
Bengaluru City,Madivala Traffic PS,1.04432e+16,2018,1,1,Road Accidents,Bridge,City/Town,Near a religious place,Human Error,No,Simple Injury,Hit pedestrian,Uncontrolled,Straight and flat,City or Town Road,Bitumen(Tar),Dry,Not Applicable,Fog / Mist,Madiwala Main road,Anjaneya temple,01 k m,12.922365,77.619472
Bengaluru City,Madivala Traffic PS,1.04432e+16,2018,1,1,Road Accidents,Narrow road,City/Town,At pedestrian Crossing,Human Error,No,Grievous Injury,Hit pedestrian,Uncontrolled,Straight and flat,Expressway,Bitumen(Tar),Dry,Not Applicable,Clear,Hosur Main road,Golden toewr Building,1,12.911747,77.626086
Bengaluru City,Madivala Traffic PS,1.04432e+16,2018,1,1,Road Accidents,Narrow road,City/Town,Near Petrol Pump,Human Error,No,Simple Injury,Head on,Controlled,Straight and flat,Forest Road,Bitumen(Tar),Dry,Not Applicable,Clear,Hosur main road,Shell Petrol Bunk,02 km,12.90028,77.633106
Bengaluru City,Madivala Traffic PS,1.04432e+16,2018,1,1,Rail Road Accidents,Narrow road,City/Town,At pedestrian Crossing,Human Error,Yes,Fatal,Hit and Run,Uncontrolled,Straight and flat,Service Road,Bitumen(Tar),Dry,Not Applicable,Clear,Kodichikkanahalli Main road,Avery  way Bridge,3km,12.903073,77.623563
Bengaluru City,Madivala Traffic PS,1.04432e+16,2018,1,1,Road Accidents,Junction,City/Town,At pedestrian Crossing,Human Error,No,Grievous Injury,Hit pedestrian,Signal lights Automatic,Straight and flat,Expressway,Bitumen(Tar),Dry,Not Applicable,Clear,Hosur main road,Near Anjaneya temple,03 km,12.896232,77.635698
Bengaluru City,Madivala Traffic PS,1.04432e+16,2018,1,1,Road Accidents,Narrow road,City/Town,At pedestrian Crossing,Human Error,No,Fatal,Hit pedestrian,Uncontrolled,Straight and flat,Others,Bitumen(Tar),Dry,Not Applicable,Clear,Madiwala Main road,Cenara Bank,500 me,0.0,0.0
Bengaluru City,Madivala Traffic PS,1.04432e+16,2018,1,2,Road Accidents,Narrow road,City/Town,Near Bus stop,Human Error,No,Grievous Injury,Hit bicyclist,Controlled,Straight and flat,City or Town Road,Bitumen(Tar),Dry,Not Applicable,Clear,B.T.M Ring road,Pallavi hotel,01 km,12.916329,77.615187
Bengaluru City,Madivala Traffic PS,1.04432e+16,2018,1,2,Road Accidents,Cross roads,City/Town,Near Bus stop,Human Error,No,Simple Injury,Hit bicyclist,Uncontrolled,Straight and flat,Service Road,Bitumen(Tar),Dry,Not Applicable,Clear,H SR Service road,Silk Board Flyover,1,0.0,0.0
Bengaluru City,Madivala Traffic PS,1.04432e+16,2018,1,1,Road Accidents,Cross roads,City/Town,Open area,Human Error,Yes,Simple Injury,Hit and Run,Uncontrolled,Straight and flat,Others,Bitumen(Tar),Dry,Not Applicable,Clear,Begur main road,Raj  Fancy Store,03 k m,0.0,0.0
Bengaluru City,Madivala Traffic PS,1.04432e+16,2018,1,2,Road Accidents,Narrow road,City/Town,Open area,Human Error,No,Grievous Injury,Rear end,Uncontrolled,Straight and flat,Expressway,Bitumen(Tar),Dry,Not Applicable,Clear,Hosur main road,Anjneya temple,600me,12.922395,77.61947
Bengaluru City,Madivala Traffic PS,1.04432e+16,2018,1,2,Road Accidents,More than four arms,City/Town,Near Bus stop,Human Error,Yes,Grievous Injury,Hit and Run,Signal lights Automatic,Straight and flat,Expressway,Bitumen(Tar),Dry,Not Applicable,Clear,B.T.M Ring road,Icici ATM,01 km,12.916398,77.615288
Bengaluru City,Madivala Traffic PS,1.04432e+16,2018,1,1,Road Accidents,Narrow road,City/Town,Near School or College,Human Error,Yes,Simple Injury,Hit and Run,Uncontrolled,Straight and flat,City or Town Road,Bitumen(Tar),Dry,Not Applicable,Clear,H.S.R Ring road,Karmal garden public school,02 km,12.916777,77.631754
Bengaluru City,Madivala Traffic PS,1.04432e+16,2018,1,2,Road Accidents,Narrow road,City/Town,Near Bus stop,Vehicle Defect,Yes,Damage Only,Hit and Run,Uncontrolled,Straight and flat,City or Town Road,Bitumen(Tar),Dry,Not Applicable,Clear,H.S.R Ring road,Prashnth hotel,01km,12.917477,77.623825
Bengaluru City,Madivala Traffic PS,1.04432e+16,2018,1,1,Road Accidents,Narrow road,City/Town,At pedestrian Crossing,Human Error,Yes,Grievous Injury,Hit and Run,Uncontrolled,Straight and flat,Expressway,Bitumen(Tar),Dry,Not Applicable,Clear,Hosur main road Service road,Sri Geetha cafe,03 km,12.89824,77.634113
Bengaluru City,Madivala Traffic PS,1.04432e+16,2018,1,1,Road Accidents,T Junction,City/Town,Near Bus stop,Human Error,Yes,Grievous Injury,Hit pedestrian,Controlled,Straight and flat,Expressway,Bitumen(Tar),Dry,Not Applicable,Clear,Hosur main road,Prashanth hospital,02 km,12.905254,77.629883
Bengaluru City,Madivala Traffic PS,1.04432e+16,2018,1,2,Road Accidents,T Junction,City/Town,Near Bus stop,Human Error,Yes,Grievous Injury,Hit bicyclist,Controlled,Straight and flat,Expressway,Bitumen(Tar),Dry,Not Applicable,Clear,Hosur main road,Bus stop,03 km,12.896088,77.635513
Bengaluru City,Madivala Traffic PS,1.04432e+16,2018,1,2,Road Accidents,Staggered junction,City/Town,Near Bus stop,Human Error,No,Grievous Injury,Hit bicyclist,Uncontrolled,Straight and flat,Expressway,Bitumen(Tar),Dry,Not Applicable,Clear,Hosur main road,lakshmi narayana temple,01km,12.91174,77.625926
Bengaluru City,Madivala Traffic PS,1.04432e+16,2018,1,2,Road Accidents,T Junction,City/Town,Near Bus stop,Human Error,Yes,Grievous Injury,Hit and Run,Controlled,Straight and flat,Expressway,Bitumen(Tar),Dry,Not Applicable,Clear,Hosur main road,Near Bu stop,02 km,12.904668,77.630491
Bengaluru City,Madivala Traffic PS,1.04432e+16,2018,1,1,Road Accidents,Junction,City/Town,Near Bus stop,Human Error,No,Grievous Injury,Rear end,Controlled,Straight and flat,Expressway,Bitumen(Tar),Dry,Not Applicable,Clear,Hosur main road,Ameea Mobels,02 K M,12.905266,77.629973
Bengaluru City,Madivala Traffic PS,1.04432e+16,2018,1,2,Road Accidents,Junction,City/Town,Near Bus stop,Human Error,No,Grievous Injury,Hit bicyclist,Controlled,Straight and flat,Expressway,Bitumen(Tar),Dry,Not Applicable,Clear,Hosur main road,Prashanth Hospital,02 k m,12.907006,77.628816
Bengaluru City,Madivala Traffic PS,1.04432e+16,2018,1,1,Road Accidents,Cross roads,City/Town,At pedestrian Crossing,Human Error,Yes,Fatal,Hit pedestrian,Uncontrolled,Straight and flat,City or Town Road,Bitumen(Tar),Dry,Not Applicable,Clear,Madiwala Main road,Ashwini Bar,500 Me,0.0,0.0
Bengaluru City,Madivala Traffic PS,1.04432e+16,2018,1,1,Road Accidents,Cross roads,City/Town,Open area,Human Error,No,Grievous Injury,Hit pedestrian,Uncontrolled,Curve and Incline,Others,Bitumen(Tar),Dry,Not Applicable,Clear,Kodichikkanahalli Main Road,ICICI Bank,03 km,0.0,0.0
Bengaluru City,Madivala Traffic PS,1.04432e+16,2018,1,2,Road Accidents,Narrow road,City/Town,Near Petrol Pump,Human Error,No,Grievous Injury,Rear end,Uncontrolled,Straight and flat,Service Road,Bitumen(Tar),Dry,Not Applicable,Clear,Devarachikkanahalli main road,Near Bharath petrol bunk,3,12.903567,77.626985
Bengaluru City,Madivala Traffic PS,1.04432e+16,2018,1,1,Road Accidents,Narrow road,City/Town,At pedestrian Crossing,Human Error,No,Grievous Injury,Hit pedestrian,Uncontrolled,Straight and flat,Expressway,Bitumen(Tar),Dry,Not Applicable,Clear,Hosur main road,Bosch builiding,02km,12.901719,77.632305
Bengaluru City,Madivala Traffic PS,1.04432e+16,2018,1,2,Road Accidents,Staggered junction,City/Town,Near Bus stop,Human Error,Yes,Simple Injury,Hit pedal cyclist,Signal lights Automatic,Straight and flat,Others,Bitumen(Tar),Dry,Not Applicable,Clear,HSR Ring road,Prashanth Hotel,01km,12.91765,77.624172
Bengaluru City,Madivala Traffic PS,1.04432e+16,2018,1,1,Road Accidents,Cross roads,City/Town,At pedestrian Crossing,Human Error,No,Simple Injury,Hit pedestrian,Uncontrolled,Straight and flat,Expressway,Bitumen(Tar),Dry,Not Applicable,Clear,Hosur main road,Madiwala Bus stop,500 me,12.920153,77.620726
Bengaluru City,Madivala Traffic PS,1.04432e+16,2019,1,2,Road Accidents,Culvert,City/Town,Narrow bridge or culverts,Human Error,Yes,Fatal,Hit and Run,Uncontrolled,Straight and flat,Expressway,Bitumen(Tar),Dry,Not Applicable,Clear,Hosur Main Road,Honda show Room,01 k m,12.909681,77.627393
Bengaluru City,Madivala Traffic PS,1.04432e+16,2019,1,1,Road Accidents,Narrow road,City/Town,Near Bus stop,Human Error,Yes,Fatal,Hit pedestrian,Uncontrolled,Straight and flat,Expressway,Bitumen(Tar),Dry,Not Applicable,Clear,Hosur Main Road,K P N Travels,02 k m,12.9,77.633437
Bengaluru City,Madivala Traffic PS,1.04432e+16,2019,1,1,Road Accidents,Cross roads,City/Town,At pedestrian Crossing,Human Error,No,Fatal,Hit pedestrian,Uncontrolled,Straight and flat,Expressway,Bitumen(Tar),Dry,Not Applicable,Clear,Hosur Main Road,Propel Gas Bunk,02 k m,12.896766,77.63502
Bengaluru City,Madivala Traffic PS,1.04432e+16,2019,1,2,Road Accidents,Cross roads,City/Town,Near Bus stop,Human Error,No,Grievous Injury,Rear end,Uncontrolled,Straight and flat,Expressway,Bitumen(Tar),Dry,Not Applicable,Fog / Mist,Hosur Main Road,Bosch Building,02 K M,12.900994,77.63248
Bengaluru City,Madivala Traffic PS,1.04432e+16,2019,1,1,Road Accidents,Junction,City/Town,Near Bus stop,Human Error,No,Grievous Injury,Hit pedestrian,Controlled,Straight and flat,Expressway,Bitumen(Tar),Dry,Not Applicable,Clear,Hosur Main Road,Amba Bajaj Show Room,02 K M,0.0,0.0
Bengaluru City,Madivala Traffic PS,1.04432e+16,2019,1,1,Road Accidents,Junction,City/Town,Near Bus stop,Human Error,Yes,Fatal,Hit pedestrian,Controlled,Straight and flat,Expressway,Bitumen(Tar),Dry,Not Applicable,Clear,Hosur Main Road,SLV Studio,02 km,0.0,0.0
Bengaluru City,Madivala Traffic PS,1.04432e+16,2019,1,1,Road Accidents,Junction,City/Town,At pedestrian Crossing,Human Error,No,Grievous Injury,Hit pedestrian,Controlled,Straight and flat,Expressway,Bitumen(Tar),Dry,Not Applicable,Clear,Hosur Main Road,Yuvanika communication,01 K M,0.0,0.0
Bengaluru City,Madivala Traffic PS,1.04432e+16,2019,1,1,Road Accidents,Cross roads,City/Town,Near office complex,Human Error,No,Grievous Injury,Hit pedestrian,Uncontrolled,Others,Service Road,Bitumen(Tar),Dry,Not Applicable,Clear,ST Johns  Wood Road,ST Johns Quarters,01 k m,0.0,0.0
Bengaluru City,Madivala Traffic PS,1.04432e+16,2019,1,2,Road Accidents,Narrow road,City/Town,Near Bus stop,Human Error,Yes,Grievous Injury,Vehicle to Vehicle,Uncontrolled,Straight and flat,Service Road,Bitumen(Tar),Dry,Not Applicable,Clear,Hosur Mainb Road,B M S Tent House,02 K M,12.906154,77.629627
Bengaluru City,Madivala Traffic PS,1.04432e+16,2019,1,1,Road Accidents,Narrow road,City/Town,Near office complex,Human Error,No,Grievous Injury,Not Applicable,Not at  Junction,Straight and flat,Expressway,Bitumen(Tar),Dry,Not Applicable,Fog / Mist,Hosur Main Road,Rupena Agrahara  Car Show Room,01 K M,0.0,0.0
Bengaluru City,Madivala Traffic PS,1.04432e+16,2019,1,1,Road Accidents,Narrow road,City/Town,Near Bus stop,Human Error,Yes,Grievous Injury,Hit pedestrian,Not at  Junction,Straight and flat,Expressway,Bitumen(Tar),Dry,Not Applicable,Clear,Hosur Main Road,Ashok Layland show Room,02 Km,0.0,0.0
Bengaluru City,Madivala Traffic PS,1.04432e+16,2019,1,1,Road Accidents,Narrow road,City/Town,Near Bus stop,Human Error,No,Grievous Injury,Hit pedestrian,Not at  Junction,Straight and flat,Expressway,Bitumen(Tar),Dry,Not Applicable,Fine,Hosur Main Road,ICICI Bank,03 K M,0.0,0.0
Bengaluru City,Madivala Traffic PS,1.04432e+16,2019,1,2,Road Accidents,Junction,City/Town,Near Bus stop,Human Error,Yes,Fatal,Hit and Run,Controlled,Straight and flat,Expressway,Bitumen(Tar),Dry,Not Applicable,Clear,Hosur Main Road,Prashanth Hospital,01 K M,12.907395,77.628797
Bengaluru City,Madivala Traffic PS,1.04432e+16,2019,1,2,Road Accidents,Cross roads,City/Town,Near Bus stop,Human Error,No,Simple Injury,Right Turn Collision,Uncontrolled,Straight and flat,Service Road,Bitumen(Tar),Dry,Not Applicable,Clear,H S R Ring Road,Bus stop,01 k m,12.917722,77.622714
Bengaluru City,Madivala Traffic PS,1.04432e+16,2019,1,1,Road Accidents,T Junction,City/Town,Near Bus stop,Human Error,No,Fatal,Rear end,Controlled,Straight and flat,Expressway,Bitumen(Tar),Dry,Not Applicable,Clear,Hosur Main Road,Essar Uni gas Bunk,02 k m,12.907228,77.629025
Bengaluru City,Madivala Traffic PS,1.04432e+16,2019,1,1,Road Accidents,Narrow road,City/Town,Near Bus stop,Human Error,Yes,Simple Injury,Hit pedestrian,Not Applicable,Straight and flat,Others,Bitumen(Tar),Dry,Not Applicable,Clear,Madiwala Market Road,Bus Stop,250 me,0.0,0.0
Bengaluru City,Madivala Traffic PS,1.04432e+16,2019,1,1,Road Accidents,Narrow road,City/Town,Near Bus stop,Human Error,No,Fatal,Not Applicable,Not at  Junction,Straight and flat,Others,Bitumen(Tar),Dry,Not Applicable,Clear,HSR Layout Ring Road,Udupi Gran Hotel,01 k m,0.0,0.0
Bengaluru City,Madivala Traffic PS,1.04432e+16,2019,1,1,Road Accidents,Bridge,City/Town,Near Bus stop,Human Error,No,Grievous Injury,Hit pedestrian,Uncontrolled,Straight and flat,Expressway,Bitumen(Tar),Dry,Not Applicable,Others,Hosur Main Road,Sub Way,03 K M,12.895207,77.63635
Bengaluru City,Madivala Traffic PS,1.04432e+16,2019,1,2,Road Accidents,Cross roads,City/Town,Near office complex,Human Error,Yes,Simple Injury,Hit and Run,Uncontrolled,Straight and flat,Service Road,Bitumen(Tar),Dry,Not Applicable,Clear,Begur Main Road,Papaiah Reddy Building,02 K m,0.0,0.0
Bengaluru City,Madivala Traffic PS,1.04432e+16,2019,1,1,Road Accidents,Narrow road,City/Town,Near Bus stop,Human Error,No,Grievous Injury,Rear end,Uncontrolled,Straight and flat,Expressway,Bitumen(Tar),Dry,Not Applicable,Others,Hosur Main Road,Vasundhara petrol Bunk,02 K M,12.908507,77.627916
Bengaluru City,Madivala Traffic PS,1.04432e+16,2019,1,1,Road Accidents,Narrow road,City/Town,In bazaar,Human Error,Yes,Grievous Injury,Hit pedestrian,Not at  Junction,Straight and flat,NH,Bitumen(Tar),Dry,Not Applicable,Clear,Hosur Main Road,Pai Show Room,03 Km,0.0,0.0
Bengaluru City,Madivala Traffic PS,1.04432e+16,2019,1,1,Road Accidents,Narrow road,City/Town,Near a factory industrial area,Human Error,Yes,Fatal,Hit pedestrian,Uncontrolled,Straight and flat,Expressway,Bitumen(Tar),Dry,Not Applicable,Clear,Hosur Main Road,Bosch Building,02 K M,0.0,0.0
Bengaluru City,Madivala Traffic PS,1.04432e+16,2019,1,1,Road Accidents,Narrow road,City/Town,Near Bus stop,Human Error,Yes,Simple Injury,Hit pedestrian,Uncontrolled,Straight and flat,Others,Bitumen(Tar),Dry,Not Applicable,Clear,HSR  Ring road,Prashanth Hotel,01 K M,0.0,0.0
Bengaluru City,Madivala Traffic PS,1.04432e+16,2019,1,2,Road Accidents,Narrow road,City/Town,Near a factory industrial area,Human Error,No,Damage Only,Vehicle to Vehicle,Uncontrolled,Straight and flat,Two way,Bitumen(Tar),Dry,Not Applicable,Clear,Kendriya Sadan Road,Fab India Show Room,01 Km,0.0,0.0
Bengaluru City,Madivala Traffic PS,1.04432e+16,2019,1,2,Road Accidents,Narrow road,City/Town,Near Bus stop,Vehicle Defect,No,Damage Only,Rear end,Uncontrolled,Straight and flat,Expressway,Bitumen(Tar),Dry,Not Applicable,Fog / Mist,Hosur Main Road,Ashwad hospital,600 me,12.914735,77.624109
Bengaluru City,Madivala Traffic PS,1.04432e+16,2019,1,1,Road Accidents,Narrow road,City/Town,At pedestrian Crossing,Human Error,Yes,Fatal,Hit pedestrian,Uncontrolled,Straight and flat,Others,Bitumen(Tar),Dry,Not Applicable,Fog / Mist,Madiwala Main Road,Ashwini Bar,500 me,0.0,0.0
Bengaluru City,Madivala Traffic PS,1.04432e+16,2019,1,1,Road Accidents,Narrow road,City/Town,Near Petrol Pump,Human Error,Yes,Grievous Injury,Vehicle to Vehicle,Not Applicable,Straight and flat,NH,Bitumen(Tar),Dry,Not Applicable,Clear,Hosur Main Road,IBIS Hotel,03 Km,0.0,0.0
Bengaluru City,Madivala Traffic PS,1.04432e+16,2019,1,2,Road Accidents,Junction,City/Town,Near Bus stop,Vehicle Defect,No,Damage Only,Vehicle to Vehicle,Controlled,Straight and flat,Expressway,Bitumen(Tar),Dry,Not Applicable,Fog / Mist,Hosur main Road,Prashanth Hospital,02 k m,0.0,0.0
Bengaluru City,Madivala Traffic PS,1.04432e+16,2019,1,1,Road Accidents,Cross roads,City/Town,Residential area,Human Error,Yes,Simple Injury,Hit pedestrian,Uncontrolled,Straight and flat,Service Road,Bitumen(Tar),Dry,Not Applicable,Clear,Devarachikkanahalli  Main Road,Sana Chicken Center,03 K M,0.0,0.0
Bengaluru City,Madivala Traffic PS,1.04432e+16,2019,1,1,Road Accidents,Narrow road,City/Town,At pedestrian Crossing,Human Error,No,Fatal,Hit pedestrian,Uncontrolled,Straight and flat,Expressway,Bitumen(Tar),Dry,Not Applicable,Clear,Hosur Main Road,IBS Hotel,02 KM,12.899783,77.633214
Bengaluru City,Madivala Traffic PS,1.04432e+16,2019,1,2,Road Accidents,Narrow road,City/Town,Near a religious place,Human Error,No,Grievous Injury,Vehicle to Vehicle,Uncontrolled,Straight and flat,Others,Bitumen(Tar),Dry,Not Applicable,Clear,B.T.M Ring Road,Babu Chicken centre,01 K M,0.0,0.0