DISTRICTNAME,UNITNAME,Crime_No,Year,RI,Noofvehicle_involved,Accident_Classification,Accident_Spot,Accident_Location,Accident_SubLocation,Main_Cause,Hit_Run,Severity,Collision_Type,Junction_Control,Road_Character,Road_Type,Surface_Type,Surface_Condition,Road_Condition,Weather,Accident_Road,Landmark_first,Distance_LandMark_First,Latitude,Longitude
Bengaluru City,Madivala Traffic PS,1.04432e+16,2019,1,1,Road Accidents,Narrow road,City/Town,Near Bus stop,Human Error,Yes,Grievous Injury,Hit pedestrian,Not at  Junction,Straight and flat,Others,Bitumen(Tar),Dry,Not Applicable,Clear,Madiwala Market  Road,K S R P 4th Betaliyan,500 me,0.0,0.0
Bengaluru City,Madivala Traffic PS,1.04432e+16,2019,1,1,Road Accidents,Cross roads,City/Town,Residential area,Human Error,No,Grievous Injury,Hit pedestrian,Uncontrolled,Straight and flat,Expressway,Bitumen(Tar),Dry,Not Applicable,Others,Hosur Main Road,Punjabi Dhaba,01 k m,12.911945,77.626139
Bengaluru City,Madivala Traffic PS,1.04432e+16,2019,1,1,Road Accidents,Cross roads,City/Town,Near Hospital,Vehicle Defect,No,Damage Only,Hit fixed object,Uncontrolled,Straight and flat,Others,Bitumen(Tar),Dry,Not Applicable,Clear,Tavarekere Main Road,Spoorthi Hospital,1KM,0.0,0.0
Bengaluru City,Madivala Traffic PS,1.04432e+16,2019,1,2,Road Accidents,Narrow road,City/Town,Near Bus stop,Human Error,No,Grievous Injury,Vehicle to Vehicle,Uncontrolled,Straight and flat,Expressway,Bitumen(Tar),Dry,Not Applicable,Clear,Hosur Main Road,Amba bajaj Show Room,02 kM,0.0,0.0
Bengaluru City,Madivala Traffic PS,1.04432e+16,2019,1,1,Road Accidents,Narrow road,City/Town,Near School or College,Human Error,Not Applicable,Grievous Injury,Hit pedestrian,Not at  Junction,Straight and flat,Others,Bitumen(Tar),Dry,Not Applicable,Clear,Madiwala Market Road,Opp Govt School Madiwala,North,0.0,0.0
Bengaluru City,Madivala Traffic PS,1.04432e+16,2019,1,1,Road Accidents,Junction,City/Town,Near Hospital,Human Error,No,Grievous Injury,Vehicle to Vehicle,Controlled,Straight and flat,Expressway,Bitumen(Tar),Dry,Not Applicable,Clear,Madiwala  Main Road,St johns Hospital,01 K M,0.0,0.0
Bengaluru City,Madivala Traffic PS,1.04432e+16,2019,1,2,Road Accidents,Cross roads,City/Town,Near School or College,Human Error,No,Grievous Injury,Rear end,Uncontrolled,Straight and flat,Expressway,Bitumen(Tar),Dry,Not Applicable,Clear,Hosur Main Road,The  Oxford college,01 k m,12.902903,77.631562
Bengaluru City,Madivala Traffic PS,1.04432e+16,2019,1,2,Road Accidents,Cross roads,City/Town,Near Bus stop,Human Error,No,Grievous Injury,Vehicle to Vehicle,Uncontrolled,Straight and flat,Service Road,Bitumen(Tar),Dry,Not Applicable,Clear,Hosur main road,Renault Show Room,01 k m,12.913944,77.624852
Bengaluru City,Madivala Traffic PS,1.04432e+16,2019,1,5,Road Accidents,Junction,City/Town,Near Bus stop,Human Error,Yes,Grievous Injury,Hit and Run,Uncontrolled,Straight and flat,Expressway,Bitumen(Tar),Dry,Not Applicable,Clear,B T M Ring Road,Central Silk Board,500,0.0,0.0
Bengaluru City,Madivala Traffic PS,1.04432e+16,2019,1,1,Road Accidents,Narrow road,City/Town,Near Bus stop,Human Error,Yes,Fatal,Hit pedestrian,Uncontrolled,Straight and flat,One way,Bitumen(Tar),Dry,Not Applicable,Clear,Madiwala Main Road,K S R P 4th Bettaliyan,01 k m,0.0,0.0
Bengaluru City,Madivala Traffic PS,1.04432e+16,2019,1,1,Road Accidents,Junction,City/Town,At pedestrian Crossing,Human Error,Yes,Grievous Injury,Hit pedestrian,Controlled,Straight and flat,Others,Bitumen(Tar),Dry,Not Applicable,Clear,S P Road junction,ST Johns Hospital,500 me,0.0,0.0
Bengaluru City,Madivala Traffic PS,1.04432e+16,2019,1,2,Road Accidents,Junction,City/Town,Near Hospital,Human Error,No,Grievous Injury,Vehicle to Vehicle,Controlled,Straight and flat,Others,Bitumen(Tar),Dry,Not Applicable,Clear,Madiwala Main Road,ST Johns Hospital,01 K m,0.0,0.0
Bengaluru City,Madivala Traffic PS,1.04432e+16,2019,1,1,Not Applicable,Cross roads,City/Town,Near Bus stop,Human Error,Yes,Grievous Injury,Hit pedestrian,Uncontrolled,Straight and flat,Others,Bitumen(Tar),Dry,Not Applicable,Clear,venkatapura main road,Renuka bar,01 k m,0.0,0.0
Bengaluru City,Madivala Traffic PS,1.04432e+16,2019,1,2,Road Accidents,Junction,City/Town,Near Bus stop,Human Error,No,Grievous Injury,Vehicle to Vehicle,Controlled,Straight and flat,Others,Bitumen(Tar),Flooded,Not Applicable,Fine,B.T.M  Ring Road,Axa Building,01 k m,0.0,0.0
Bengaluru City,Madivala Traffic PS,1.04432e+16,2019,1,2,Road Accidents,Other,City/Town,Open area,Human Error,Yes,Grievous Injury,Hit and Run,Uncontrolled,Straight and flat,Service Road,Bitumen(Tar),Dry,Not Applicable,Clear,Devarachikkanahalli Main Road,Edupaedia pre school,03 K M,0.0,0.0
Bengaluru City,Madivala Traffic PS,1.04432e+16,2019,1,2,Road Accidents,Culvert,City/Town,Near Petrol Pump,Human Error,Yes,Grievous Injury,Hit and Run,Uncontrolled,Straight and flat,Expressway,Bitumen(Tar),Dry,Not Applicable,Fog / Mist,Hosur Main Road,Shell petrol Bunk,2,12.900302,77.633241
Bengaluru City,Madivala Traffic PS,1.04432e+16,2019,1,2,Road Accidents,Cross roads,City/Town,Near Bus stop,Human Error,No,Grievous Injury,Vehicle to Vehicle,Not at  Junction,Straight and flat,Service Road,Bitumen(Tar),Dry,Not Applicable,Clear,H S R Ring Road,Bank of India,01 km,0.0,0.0
Bengaluru City,Madivala Traffic PS,1.04432e+16,2019,1,1,Road Accidents,Circle,City/Town,Narrow bridge or culverts,Human Error,Yes,Grievous Injury,Hit pedestrian,Controlled,Straight and flat,Others,Bitumen(Tar),Dry,Not Applicable,Clear,Madiwala Main Road,Ayyappa Temple,600 me,0.0,0.0
Bengaluru City,Madivala Traffic PS,1.04432e+16,2019,1,1,Road Accidents,Cross roads,City/Town,Open area,Human Error,Yes,Grievous Injury,Hit pedestrian,Uncontrolled,Straight and flat,Service Road,Bitumen(Tar),Dry,Not Applicable,Fine,Virat  Nagar Main Road,Shama Medical Store,02 K M,0.0,0.0
Bengaluru City,Madivala Traffic PS,1.04432e+16,2019,1,1,Road Accidents,Narrow road,City/Town,Near Bus stop,Human Error,No,Grievous Injury,Hit pedestrian,Not at  Junction,Straight and flat,Expressway,Bitumen(Tar),Dry,Not Applicable,Clear,Hosur main road,Aswad Hospital,01 k m,0.0,0.0
Bengaluru City,Madivala Traffic PS,1.04432e+16,2019,1,2,Road Accidents,Narrow road,City/Town,Near Bus stop,Vehicle Defect,No,Damage Only,Vehicle to Vehicle,Uncontrolled,Straight and flat,Others,Bitumen(Tar),Dry,Not Applicable,Clear,H.S.R Ring Road,Prashanth Hotel,01 K M,0.0,0.0
Bengaluru City,Madivala Traffic PS,1.04432e+16,2019,1,2,Road Accidents,Junction,City/Town,Near Bus stop,Human Error,No,Fatal,Vehicle to Vehicle,Controlled,Straight and flat,Others,Bitumen(Tar),Dry,Not Applicable,Clear,H S R Ring Road,IDC Technology Company,01 K M,0.0,0.0
Bengaluru City,Madivala Traffic PS,1.04432e+16,2019,1,1,Road Accidents,Cross roads,City/Town,Near Bus stop,Human Error,Yes,Grievous Injury,Hit pedestrian,Uncontrolled,Straight and flat,Others,Bitumen(Tar),Dry,Not Applicable,Fine,Madiwala Main Road,SRS Travels,500 me,0.0,0.0
Bengaluru City,Madivala Traffic PS,1.04432e+16,2019,1,3,Road Accidents,Narrow road,City/Town,Narrow bridge or culverts,Human Error,No,Grievous Injury,Vehicle to Vehicle,Uncontrolled,Straight and flat,Expressway,Bitumen(Tar),Dry,Not Applicable,Clear,Hosur main Road,Vedha hotel,01 k m,0.0,0.0
Bengaluru City,Madivala Traffic PS,1.04432e+16,2019,1,2,Road Accidents,Junction,City/Town,Near Bus stop,Human Error,No,Simple Injury,Vehicle to Vehicle,Controlled,Straight and flat,Expressway,Bitumen(Tar),Dry,Not Applicable,Clear,Hosur Main Road,Bus stop,02 k m,0.0,0.0
Bengaluru City,Madivala Traffic PS,1.04432e+16,2019,1,2,Road Accidents,Narrow road,City/Town,Near office complex,Human Error,Yes,Fatal,Vehicle to Vehicle,Uncontrolled,Straight and flat,Others,Bitumen(Tar),Dry,Not Applicable,Clear,Madiwala Main Road,Anjaneya Temple,250 me,0.0,0.0
Bengaluru City,Madivala Traffic PS,1.04432e+16,2019,1,1,Road Accidents,Cross roads,City/Town,Residential area,Human Error,No,Fatal,Not Applicable,Uncontrolled,Straight and flat,Others,Bitumen(Tar),Dry,Not Applicable,Fine,Virat Nagar Main Road,Komala Nilaya,02 k m,0.0,0.0
Bengaluru City,Madivala Traffic PS,1.04432e+16,2019,1,2,Road Accidents,Narrow road,City/Town,Near School or College,Human Error,Yes,Grievous Injury,Vehicle to Vehicle,Not at  Junction,Straight and flat,Expressway,Bitumen(Tar),Dry,Not Applicable,Clear,Hosur main Road,Vijayalakshmi Timber,3,0.0,0.0
Bengaluru City,Madivala Traffic PS,1.04432e+16,2019,1,1,Road Accidents,Cross roads,City/Town,Near a religious place,Human Error,Yes,Not Applicable,Hit pedestrian,Uncontrolled,Straight and flat,Others,Bitumen(Tar),Dry,Not Applicable,Clear,Kodichikkanagalli Main Road,Anjaneya Temple,03 K M,0.0,0.0
Bengaluru City,Madivala Traffic PS,1.04432e+16,2019,1,1,Road Accidents,Narrow road,City/Town,Near Bus stop,Human Error,Yes,Grievous Injury,Hit pedestrian,Uncontrolled,Straight and flat,Service Road,Bitumen(Tar),Dry,Not Applicable,Clear,H.S.R Ring Road,Prashanth hotel,01 k m,0.0,0.0
Bengaluru City,Madivala Traffic PS,1.04432e+16,2019,1,2,Road Accidents,Narrow road,City/Town,Near Bus stop,Human Error,Yes,Grievous Injury,Vehicle to Vehicle,Not at  Junction,Straight and flat,Expressway,Bitumen(Tar),Dry,Not Applicable,Clear,Hosur Main Road,Sardarji ka Dhaba,01 K M,0.0,0.0
Bengaluru City,Madivala Traffic PS,1.04432e+16,2019,1,2,Road Accidents,Cross roads,City/Town,Near a factory industrial area,Human Error,No,Grievous Injury,Vehicle to Vehicle,Not at  Junction,Curve and Incline,Others,Bitumen(Tar),Dry,Not Applicable,Clear,KOdichikkanahalli  Main Road,Jaki Cloth Factory,03 k m,0.0,0.0
Bengaluru City,Madivala Traffic PS,1.04432e+16,2019,1,1,Road Accidents,Narrow road,City/Town,Open area,Human Error,Yes,Grievous Injury,Not Applicable,Not Applicable,Straight and flat,Others,Bitumen(Tar),Dry,Not Applicable,Fine,Madiwala Main Road,Sam Tours and Travels,500 me,0.0,0.0
Bengaluru City,Madivala Traffic PS,1.04432e+16,2019,1,1,Road Accidents,Narrow road,City/Town,Near Bus stop,Human Error,Yes,Grievous Injury,Hit pedestrian,Uncontrolled,Straight and flat,Expressway,Bitumen(Tar),Dry,Not Applicable,Others,Hosur Main Road,ICICI Bank,02 K M,12.90299,77.631221
Bengaluru City,Madivala Traffic PS,1.04432e+16,2019,1,1,Road Accidents,Junction,City/Town,At pedestrian Crossing,Human Error,No,Grievous Injury,Hit pedestrian,Signals (Working),Straight and flat,Two way,Bitumen(Tar),Dry,Not Applicable,Clear,Silk Board Junction,Silk Board Junction,01 Km,0.0,0.0
Bengaluru City,Madivala Traffic PS,1.04432e+16,2019,1,2,Road Accidents,Bridge,City/Town,Narrow bridge or culverts,Vehicle Defect,No,Damage Only,Others,Uncontrolled,Straight and flat,Expressway,Bitumen(Tar),Dry,Not Applicable,Clear,Hosur main Road,Elivated Flyover,01 K M,0.0,0.0
Bengaluru City,Madivala Traffic PS,1.04432e+16,2019,1,2,Road Accidents,Bridge,City/Town,Near Bus stop,Vehicle Defect,No,Damage Only,Rear end,Not at  Junction,Straight and flat,Expressway,Bitumen(Tar),Dry,Not Applicable,Fog / Mist,Hosur Main Road,Sardarji Dhabha,1km,12.91187,77.626023
Bengaluru City,Madivala Traffic PS,1.04432e+16,2019,1,1,Road Accidents,T Junction,City/Town,At pedestrian Crossing,Human Error,Yes,Fatal,Hit pedestrian,Controlled,Straight and flat,Expressway,Bitumen(Tar),Dry,Not Applicable,Others,Hosur Main Road,Garvebhavipalya Bus stop,03 K M,12.896122,77.635503
Bengaluru City,Madivala Traffic PS,1.04432e+16,2019,1,2,Road Accidents,Narrow road,Rural Areas,Near Bus stop,Vehicle Defect,No,Damage Only,Vehicle to Vehicle,Controlled,Straight and flat,Others,Bitumen(Tar),Dry,Not Applicable,Clear,B T M Ring Road,S S Plaza Reliance,01 k m,0.0,0.0
Bengaluru City,Madivala Traffic PS,1.04432e+16,2019,1,1,Road Accidents,Narrow road,City/Town,Near Bus stop,Human Error,No,Fatal,Hit pedestrian,Not at  Junction,Straight and flat,Expressway,Bitumen(Tar),Dry,Not Applicable,Fine,Hosur Main Road,Amba bajaj Show Room,03 k m,0.0,0.0
Bengaluru City,Madivala Traffic PS,1.04432e+16,2019,1,1,Road Accidents,Junction,City/Town,Near Bus stop,Human Error,No,Grievous Injury,Hit pedestrian,Controlled,Straight and flat,Expressway,Bitumen(Tar),Dry,Not Applicable,Fog / Mist,Madiwala Main Road,ST Johns Hospital,01 K M,0.0,0.0
Bengaluru City,Madivala Traffic PS,1.04432e+16,2019,1,1,Road Accidents,Bridge,City/Town,Narrow bridge or culverts,Human Error,Yes,Grievous Injury,Hit pedestrian,Uncontrolled,Straight and flat,Expressway,Bitumen(Tar),Dry,Not Applicable,Clear,Hosur Main Road,Elivated Flyover,01 k m,12.909977,77.626989
Bengaluru City,Madivala Traffic PS,1.04432e+16,2019,1,1,Road Accidents,Narrow road,City/Town,Near Bus stop,Human Error,Yes,Simple Injury,Hit pedestrian,Uncontrolled,Straight and flat,Others,Bitumen(Tar),Dry,Not Applicable,Clear,H.S.R Ring Road,Near Bus Stop,01 K M,12.916828,77.629231
Bengaluru City,Madivala Traffic PS,1.04432e+16,2019,1,1,Road Accidents,Cross roads,City/Town,At pedestrian Crossing,Human Error,No,Grievous Injury,Hit pedestrian,Uncontrolled,Straight and flat,Service Road,Bitumen(Tar),Dry,Not Applicable,Clear,HSR Ring Road,Bank of India,01 K M,0.0,0.0
Bengaluru City,Madivala Traffic PS,1.04432e+16,2019,1,1,Road Accidents,Narrow road,City/Town,Near Bus stop,Not Applicable,Yes,Fatal,Hit pedestrian,Uncontrolled,Straight and flat,Expressway,Bitumen(Tar),Dry,Not Applicable,Fine,Hosur Main Road,Dayananda sagar University,01 k M,12.912839,77.625262
Bengaluru City,Madivala Traffic PS,1.04432e+16,2019,1,2,Road Accidents,Narrow road,City/Town,Narrow bridge or culverts,Vehicle Defect,No,Damage Only,Vehicle to Vehicle,Not at  Junction,Straight and flat,Expressway,Bitumen(Tar),Dry,Not Applicable,Fine,Hosur Main Road,Vedha Hotel,01 km,0.0,0.0
Bengaluru City,Madivala Traffic PS,1.04432e+16,2019,1,2,Road Accidents,Narrow road,City/Town,Near Bus stop,Vehicle Defect,No,Damage Only,Hit fixed object,Uncontrolled,Straight and flat,Expressway,Bitumen(Tar),Dry,Not Applicable,Clear,Hosur Main Road,Nissan Surya Show Room,03 k m,0.0,0.0
Bengaluru City,Madivala Traffic PS,1.04432e+16,2019,1,2,Road Accidents,Bridge,City/Town,Near Bus stop,Vehicle Defect,No,Damage Only,Others,Signal lights Blinking,Straight and flat,Expressway,Bitumen(Tar),Dry,Not Applicable,Clear,Hosur Main Road,Bus Stop,01 km,12.909901,77.627202
Bengaluru City,Madivala Traffic PS,1.04432e+16,2019,1,2,Road Accidents,Narrow road,City/Town,Near School or College,Human Error,No,Simple Injury,Vehicle to Vehicle,Not Applicable,Straight and flat,Expressway,Bitumen(Tar),Dry,Not Applicable,Fog / Mist,Hosur Main Road,Oxford college,02 K M,0.0,0.0
Bengaluru City,Madivala Traffic PS,1.04432e+16,2019,1,2,Road Accidents,Narrow road,City/Town,Near office complex,Human Error,Yes,Grievous Injury,Vehicle to Vehicle,Not at  Junction,Straight and flat,Service Road,Bitumen(Tar),Dry,Not Applicable,Clear,HSR Layout Ring Road,Bank of India,01 K M,0.0,0.0
Bengaluru City,Madivala Traffic PS,1.04432e+16,2020,1,2,Road Accidents,Not Applicable,City/Town,Near Bus stop,Human Error,No,Grievous Injury,Vehicle to Vehicle,Not at  Junction,Straight and flat,Others,Bitumen(Tar),Dry,Not Applicable,Fine,Madiwala Main Road,KSRP 3rd Bettaliyan,01 K M,0.0,0.0
Bengaluru City,Madivala Traffic PS,1.04432e+16,2020,1,1,Road Accidents,Junction,City/Town,Near Bus stop,Human Error,Yes,Grievous Injury,Hit pedestrian,Controlled,Straight and flat,Two way,Bitumen(Tar),Dry,Not Applicable,Clear,BTM Ring Road,Anjali Hotel,01 K M,0.0,0.0
Bengaluru City,Madivala Traffic PS,1.04432e+16,2020,1,1,Road Accidents,Junction,City/Town,Near Hospital,Human Error,No,Grievous Injury,Hit pedestrian,Controlled,Straight and flat,Expressway,Bitumen(Tar),Dry,Not Applicable,Clear,Hosur Main Road,Prashanth Hospital,03 k m,0.0,0.0
Bengaluru City,Madivala Traffic PS,1.04432e+16,2020,1,2,Road Accidents,Narrow road,Rural Areas,Near Petrol Pump,Human Error,No,Grievous Injury,Vehicle to Vehicle,Uncontrolled,Straight and flat,Expressway,Bitumen(Tar),Dry,Not Applicable,Fine,Hosur Main Road,Shell petrol bunk,02 k m,0.0,0.0
Bengaluru City,Madivala Traffic PS,1.04432e+16,2020,1,1,Road Accidents,Cross roads,City/Town,Near Bus stop,Human Error,No,Grievous Injury,Hit pedestrian,Not at  Junction,Straight and flat,Service Road,Bitumen(Tar),Dry,Not Applicable,Clear,Madivala Main Road,Jai Bhima Nagar Bus stop,01 k m,0.0,0.0
Bengaluru City,Madivala Traffic PS,1.04432e+16,2020,1,2,Road Accidents,Narrow road,City/Town,Residential area,Human Error,No,Grievous Injury,Vehicle to Vehicle,Not at  Junction,Straight and flat,Expressway,Bitumen(Tar),Dry,Not Applicable,Clear,Hosur Main Road,Salarpuria Greenage Apartment,02 K M,0.0,0.0
Bengaluru City,Madivala Traffic PS,1.04432e+16,2020,1,2,Road Accidents,Narrow road,City/Town,Near Bus stop,Vehicle Defect,No,Damage Only,Vehicle to Vehicle,Uncontrolled,Straight and flat,Others,Bitumen(Tar),Dry,Not Applicable,Clear,Madiwala Market Road,KSRP 4th Batalliyan,500 me,0.0,0.0
Bengaluru City,Madivala Traffic PS,1.04432e+16,2020,1,2,Road Accidents,Junction,City/Town,Near Bus stop,Human Error,Yes,Simple Injury,Vehicle to Vehicle,Controlled,Straight and flat,Others,Bitumen(Tar),Dry,Not Applicable,Clear,B.T.M Ring Road,Time Tec park,01 K M,0.0,0.0
Bengaluru City,Madivala Traffic PS,1.04432e+16,2020,1,1,Road Accidents,Narrow road,City/Town,Near Bus stop,Human Error,No,Grievous Injury,Hit bicyclist,Uncontrolled,Straight and flat,Expressway,Bitumen(Tar),Dry,Not Applicable,Clear,Hosur Main Road,Aswad Hospital,01 K M,0.0,0.0
Bengaluru City,Madivala Traffic PS,1.04432e+16,2020,1,1,Road Accidents,Narrow road,City/Town,Near Bus stop,Human Error,Yes,Grievous Injury,Hit pedestrian,Uncontrolled,Straight and flat,Expressway,Bitumen(Tar),Dry,Not Applicable,Clear,Hosur Main Road,Anand Honda show room,1km,0.0,0.0
Bengaluru City,Madivala Traffic PS,1.04432e+16,2020,1,1,Road Accidents,Narrow road,City/Town,Residential area,Human Error,No,Grievous Injury,Hit pedestrian,Uncontrolled,Straight and flat,Expressway,Bitumen(Tar),Dry,Not Applicable,Fine,Madiwala Main Road,Indian TVS Show Room,100 me,0.0,0.0
Bengaluru City,Madivala Traffic PS,1.04432e+16,2020,1,2,Road Accidents,Narrow road,City/Town,Residential area,Vehicle Defect,No,Damage Only,Vehicle to Vehicle,Uncontrolled,Straight and flat,Residential Street,Bitumen(Tar),Dry,Not Applicable,Fine,BTM Main Road,Coutch potota Furniture  shop,01 k m,0.0,0.0
Bengaluru City,Madivala Traffic PS,1.04432e+16,2020,1,1,Road Accidents,Narrow road,City/Town,Residential area,Human Error,No,Grievous Injury,Not Applicable,Not Applicable,Straight and flat,Others,Concrete,Dry,Not Applicable,Clear,JAKKASANDRA MAIN ROAD,SHABARI CONDIMENTS,03 KM,0.0,0.0
Bengaluru City,Madivala Traffic PS,1.04432e+16,2020,1,1,Road Accidents,Narrow road,City/Town,Near Petrol Pump,Human Error,No,Grievous Injury,Hit pedestrian,Police / Manual,Straight and flat,Two way,Bitumen(Tar),Dry,Not Applicable,Fine,Begur Main Road,Bharath Pertol Bunk,03 K M,0.0,0.0
Bengaluru City,Madivala Traffic PS,1.04432e+16,2020,1,1,Road Accidents,Junction,City/Town,At pedestrian Crossing,Human Error,No,Fatal,Hit pedestrian,Controlled,Straight and flat,Others,Bitumen(Tar),Dry,Not Applicable,Fog / Mist,H.S.R Ring Road,police umbrella,01 k M,0.0,0.0
Bengaluru City,Madivala Traffic PS,1.04432e+16,2020,1,1,Road Accidents,Narrow road,City/Town,Open area,Vehicle Defect,No,Damage Only,Not Applicable,Uncontrolled,Straight and flat,Expressway,Bitumen(Tar),Dry,Not Applicable,Clear,Hosur Main Road,Yamaha Show Room,02 K M,0.0,0.0
Bengaluru City,Madivala Traffic PS,1.04432e+16,2020,1,1,Road Accidents,Narrow road,City/Town,At pedestrian Crossing,Human Error,No,Grievous Injury,Hit pedestrian,Uncontrolled,Straight and flat,Expressway,Bitumen(Tar),Dry,Not Applicable,Fog / Mist,Hosur Main Road,Lakshmi Narayana Temple,01 K M,0.0,0.0
Bengaluru City,Madivala Traffic PS,1.04432e+16,2020,1,3,Road Accidents,Junction,City/Town,In bazaar,Human Error,No,Grievous Injury,Vehicle to Vehicle,Controlled,Straight and flat,Arterial,Bitumen(Tar),Dry,Not Applicable,Fine,Madiwala Main Road,ST Johns Hospital,01  KM,0.0,0.0
Bengaluru City,Madivala Traffic PS,1.04432e+16,2020,1,2,Road Accidents,Junction,City/Town,Near Bus stop,Human Error,No,Fatal,Vehicle to Vehicle,Controlled,Straight and flat,Expressway,Bitumen(Tar),Dry,Not Applicable,Fog / Mist,Hosur Main road,Prashanth Hospital,02 k M,0.0,0.0
Bengaluru City,Madivala Traffic PS,1.04432e+16,2020,1,1,Road Accidents,Cross roads,City/Town,Residential area,Human Error,Yes,Grievous Injury,Hit pedestrian,Uncontrolled,Straight and flat,Residential Street,Bitumen(Tar),Dry,Not Applicable,Fine,Virat Nagar Main Road,Shama Medicals store,02 K M,0.0,0.0
Bengaluru City,Madivala Traffic PS,1.04432e+16,2020,1,1,Road Accidents,Narrow road,City/Town,Near Bus stop,Human Error,Yes,Fatal,Hit pedestrian,Uncontrolled,Straight and flat,Expressway,Bitumen(Tar),Dry,Not Applicable,Fine,Hosur Main Road,Aswad Hospital,01 K M,0.0,0.0
Bengaluru City,Madivala Traffic PS,1.04432e+16,2020,1,1,Road Accidents,Narrow road,City/Town,Open area,Human Error,No,Fatal,Hit pedestrian,Not at  Junction,Straight and flat,Expressway,Bitumen(Tar),Dry,Not Applicable,Fine,Madiwala Market Road,Madiwala Police station,50 met,0.0,0.0
Bengaluru City,Madivala Traffic PS,1.04432e+16,2020,1,1,Road Accidents,Narrow road,City/Town,Residential area,Human Error,No,Fatal,Hit pedestrian,Not at  Junction,Straight and flat,Residential Street,Bitumen(Tar),Dry,Not Applicable,Clear,St john wood Apartment road,St johns hospital quarters,02 k m,0.0,0.0
Bengaluru City,Madivala Traffic PS,1.04432e+16,2020,1,2,Road Accidents,Narrow road,City/Town,Near Bus stop,Human Error,Yes,Grievous Injury,Not Applicable,Uncontrolled,Straight and flat,Two way,Bitumen(Tar),Dry,Not Applicable,Clear,Madiwala Main Road,Balaji Medical Store,01 K M,0.0,0.0
Bengaluru City,Madivala Traffic PS,1.04432e+16,2020,1,1,Road Accidents,Narrow road,City/Town,Open area,Human Error,Yes,Grievous Injury,Not Applicable,Uncontrolled,Straight and flat,Expressway,Bitumen(Tar),Dry,Not Applicable,Fine,Hosur Main Road,Ram Mobiles Service Center,03 K M,0.0,0.0
Bengaluru City,Madivala Traffic PS,1.04432e+16,2020,1,2,Road Accidents,Narrow road,City/Town,Open area,Human Error,No,Grievous Injury,Vehicle to Vehicle,Uncontrolled,Straight and flat,Service Road,Bitumen(Tar),Dry,Not Applicable,Clear,HSR Ring Roaf,Rastra Kavi kuvempu park,01 k m,0.0,0.0
Bengaluru City,Madivala Traffic PS,1.04432e+16,2020,1,1,Road Accidents,Narrow road,City/Town,Residential area,Human Error,No,Fatal,Not Applicable,Not at  Junction,Straight and flat,Others,Bitumen(Tar),Dry,Not Applicable,Clear,ST JOHNS WOOD ROAD,ST JOHNS QTRS,02 KM,0.0,0.0
Bengaluru City,Madivala Traffic PS,1.04432e+16,2020,1,2,Road Accidents,Narrow road,City/Town,Residential area,Human Error,Yes,Grievous Injury,Vehicle to Vehicle,Not at  Junction,Straight and flat,Expressway,Bitumen(Tar),Dry,Not Applicable,Fog / Mist,Hosur Main Road,Maruthi suzuki show Room,02 k m,0.0,0.0
Bengaluru City,Madivala Traffic PS,1.04432e+16,2020,1,1,Road Accidents,Narrow road,City/Town,Narrow bridge or culverts,Human Error,No,Grievous Injury,Hit pedestrian,Uncontrolled,Straight and flat,Expressway,Bitumen(Tar),Dry,Pot holed,Clear,Hosur Main Road,Jaguar Show Room,01 K M,0.0,0.0
Bengaluru City,Madivala Traffic PS,1.04432e+16,2020,1,1,Road Accidents,Narrow road,City/Town,Residential area,Vehicle Defect,No,Damage Only,Vehicle to Vehicle,Uncontrolled,Straight and flat,Residential Street,Bitumen(Tar),Dry,Not Applicable,Fine,Kodichikkanahalli Main Road,Surani Sawmill,04 K M,0.0,0.0
Bengaluru City,Madivala Traffic PS,1.04432e+16,2020,1,1,Road Accidents,Narrow road,City/Town,Residential area,Human Error,No,Fatal,Not Applicable,Uncontrolled,Straight and flat,Others,Bitumen(Tar),Dry,Not Applicable,Very Hot,HSR Ring Road,Mangalore Kitchen Hotel,01 K M,0.0,0.0
Bengaluru City,Madivala Traffic PS,1.04432e+16,2020,1,1,Road Accidents,Narrow road,City/Town,Near Bus stop,Human Error,Yes,Grievous Injury,Hit bicyclist,Uncontrolled,Straight and flat,Others,Bitumen(Tar),Dry,Not Applicable,Fine,H.S.R Ring Road,Kumar Hotel,01 K M,0.0,0.0
Bengaluru City,Madivala Traffic PS,1.04432e+16,2020,1,1,Road Accidents,Road hump or Rumble strips,City/Town,Near Bus stop,Human Error,No,Fatal,Not Applicable,Uncontrolled,Straight and flat,Others,Bitumen(Tar),Dry,Not Applicable,Fog / Mist,H.S.R Ring Road,Aranya Bar and Restaurant,01 K M,0.0,0.0
Bengaluru City,Madivala Traffic PS,1.04432e+16,2020,1,1,Road Accidents,Narrow road,City/Town,Near Bus stop,Human Error,No,Fatal,Hit pedestrian,Not Applicable,Straight and flat,One way,Bitumen(Tar),Dry,Pot holed,Fine,Madiwala Market Road,Indira Canteen,500 me,0.0,0.0
Bengaluru City,Madivala Traffic PS,1.04432e+16,2020,1,2,Road Accidents,Junction,City/Town,Near Bus stop,Human Error,No,Grievous Injury,Vehicle to Vehicle,Controlled,Straight and flat,Others,Bitumen(Tar),Dry,Not Applicable,Fine,BTM Ring Road,L G Show Room,02 K M,0.0,0.0