DISTRICTNAME,UNITNAME,Crime_No,Year,RI,Noofvehicle_involved,Accident_Classification,Accident_Spot,Accident_Location,Accident_SubLocation,Main_Cause,Hit_Run,Severity,Collision_Type,Junction_Control,Road_Character,Road_Type,Surface_Type,Surface_Condition,Road_Condition,Weather,Accident_Road,Landmark_first,Distance_LandMark_First,Latitude,Longitude
Bengaluru City,Madivala Traffic PS,1.04432e+16,2020,1,2,Road Accidents,Junction,City/Town,Near Bus stop,Vehicle Defect,No,Damage Only,Vehicle to Vehicle,Controlled,Straight and flat,Others,Bitumen(Tar),Dry,Not Applicable,Clear,Madiwala Main Road,HP Petrol Bunk,02 K M,0.0,0.0
Bengaluru City,Madivala Traffic PS,1.04432e+16,2020,1,1,Road Accidents,Narrow road,City/Town,Near Bus stop,Human Error,No,Grievous Injury,Not Applicable,Uncontrolled,Straight and flat,Expressway,Bitumen(Tar),Dry,Not Applicable,Clear,Hosur Main Road,Ananda Honda Show Room,02 K M,0.0,0.0
Bengaluru City,Madivala Traffic PS,1.04432e+16,2020,1,2,Road Accidents,Narrow road,City/Town,Near Petrol Pump,Human Error,No,Fatal,Vehicle to Vehicle,Uncontrolled,Straight and flat,Others,Bitumen(Tar),Dry,Not Applicable,Clear,Madiwala Main Road,Opp Happiest Main Company,300 me,0.0,0.0
Bengaluru City,Madivala Traffic PS,1.04432e+16,2020,1,2,Road Accidents,Narrow road,City/Town,Near Hospital,Human Error,No,Grievous Injury,Vehicle to Vehicle,Uncontrolled,Straight and flat,Expressway,Bitumen(Tar),Dry,Not Applicable,Clear,Hosur  Main Road,Aswad Hospital,01 K M,0.0,0.0
Bengaluru City,Madivala Traffic PS,1.04432e+16,2020,1,1,Road Accidents,Cross roads,City/Town,Residential area,Human Error,Yes,Fatal,Hit pedestrian,Uncontrolled,Straight and flat,Others,Bitumen(Tar),Dry,Not Applicable,Fog / Mist,Begur Main Road,Pai Show Room,03 K M,0.0,0.0
Bengaluru City,Madivala Traffic PS,1.04432e+16,2020,1,2,Road Accidents,Narrow road,City/Town,Near Hospital,Human Error,Yes,Grievous Injury,Vehicle to Vehicle,Uncontrolled,Straight and flat,One way,Bitumen(Tar),Dry,Not Applicable,Fog / Mist,Madiwala Main Road,Venkateshwara Hospital,01 K M,0.0,0.0
Bengaluru City,Madivala Traffic PS,1.04432e+16,2021,1,1,Road Accidents,Narrow road,City/Town,Narrow bridge or culverts,Human Error,No,Grievous Injury,Hit pedestrian,Not at  Junction,Straight and flat,Expressway,Surfaced,Dry,Not Applicable,Clear,Hosuru Main Road,Silk Board Upper Ramp,500mtr,0.0,0.0
Bengaluru City,Madivala Traffic PS,1.04432e+16,2021,1,1,Road Accidents,Narrow road,City/Town,Near a religious place,Human Error,Yes,Grievous Injury,Hit pedestrian,Not Applicable,Straight and flat,Others,Bitumen(Tar),Dry,Not Applicable,Clear,MADIWALA MAIN ROAD,NEAR KUMAR BHAVAN HOTEL,1KM,0.0,0.0
Bengaluru City,Madivala Traffic PS,1.04432e+16,2021,1,2,Road Accidents,Not Applicable,City/Town,Near a recreation place/cinema,Human Error,No,Damage Only,Vehicle to Vehicle,Not at  Junction,Straight and flat,NH,Bitumen(Tar),Dry,Not Applicable,Clear,HOSURU MAIN ROAD,IBIS HOTEL,3KM,0.0,0.0
Bengaluru City,Madivala Traffic PS,1.04432e+16,2021,1,2,Road Accidents,Narrow road,City/Town,Near a factory industrial area,Human Error,Yes,Grievous Injury,Vehicle to Vehicle,Not at  Junction,Straight and flat,NH,Bitumen(Tar),Dry,Not Applicable,Clear,Hosur Main Road,Near Rupena Agrahara,01 KM,0.0,0.0
Bengaluru City,Madivala Traffic PS,1.04432e+16,2021,1,1,Road Accidents,Road hump or Rumble strips,City/Town,Open area,Human Error,Not Applicable,Grievous Injury,Not Applicable,Not at  Junction,Straight and flat,One way,Surfaced,Dry,Not Applicable,Clear,MADIVALA MAIN ROAD,NEAR MAYUR HOTEL,25 MTR,0.0,0.0
Bengaluru City,Madivala Traffic PS,1.04432e+16,2021,1,1,Road Accidents,Junction,City/Town,Near Bus stop,Human Error,No,Grievous Injury,Hit pedestrian,Controlled,Straight and flat,Expressway,Bitumen(Tar),Dry,Not Applicable,Fine,Madiwala Main Road,Traffic police Both,01 K M,0.0,0.0
Bengaluru City,Madivala Traffic PS,1.04432e+16,2021,1,1,Road Accidents,Narrow road,City/Town,Open area,Human Error,No,Grievous Injury,Hit pedestrian,Not at  Junction,Straight and flat,Others,Bitumen(Tar),Dry,Not Applicable,Clear,Madiwala Main road,Near Jeepi Travells,500 m,0.0,0.0
Bengaluru City,Madivala Traffic PS,1.04432e+16,2021,1,2,Road Accidents,Narrow road,City/Town,Near Bus stop,Human Error,Yes,Simple Injury,Vehicle to Vehicle,Not at  Junction,Straight and flat,NH,Bitumen(Tar),Dry,Not Applicable,Clear,HOSURU MAIN ROAD RUPENA AGRAHARA,NEAR RUPENA AGRAHARA BUS STOP,1KM,0.0,0.0
Bengaluru City,Madivala Traffic PS,1.04432e+16,2021,1,2,Road Accidents,Narrow road,City/Town,Near a religious place,Human Error,No,Grievous Injury,Vehicle to Vehicle,Not at  Junction,Straight and flat,Others,Bitumen(Tar),Dry,No influence on accident,Clear,Madiwala Main road,St Anthonis Church,02 km,0.0,0.0
Bengaluru City,Madivala Traffic PS,1.04432e+16,2021,1,2,Road Accidents,Narrow road,City/Town,Near a religious place,Human Error,No,Simple Injury,Vehicle to Vehicle,Not at  Junction,Straight and flat,Arterial,Bitumen(Tar),Dry,Not Applicable,Clear,MADIWALA MAIN ROAD,NEAR GANESH TEMPLE,400MTR,0.0,0.0
Bengaluru City,Madivala Traffic PS,1.04432e+16,2021,1,1,Road Accidents,Junction,City/Town,Near Bus stop,Human Error,Not Applicable,Damage Only,Not Applicable,Signal lights Automatic,Straight and flat,Arterial,Bitumen(Tar),Dry,Not Applicable,Clear,MADIWALA MAIN ROAD,NEAR HOSPITAL,2KM,0.0,0.0
Bengaluru City,Madivala Traffic PS,1.04432e+16,2021,1,1,Road Accidents,Narrow road,City/Town,Near a religious place,Human Error,No,Grievous Injury,Hit pedestrian,Not at  Junction,Straight and flat,One way,Bitumen(Tar),Dry,Not Applicable,Clear,MADIWALA MAIN ROAD,NEAR ANJNEYA TEMPLE,400MTR,0.0,0.0
Bengaluru City,Madivala Traffic PS,1.04432e+16,2021,1,2,Road Accidents,Narrow road,City/Town,Near School or College,Human Error,No,Grievous Injury,Vehicle to Vehicle,Not at  Junction,Straight and flat,Arterial,Bitumen(Tar),Dry,Not Applicable,Clear,HOSURU MAIN ROAD NEAR BOMMANAHALLI 21 PILLOR,NEAR OXFORD COLLEGE,3KM,0.0,0.0
Bengaluru City,Madivala Traffic PS,1.04432e+16,2021,1,2,Road Accidents,Junction,City/Town,Near Bus stop,Human Error,No,Grievous Injury,Vehicle to Vehicle,Signals (Working),Straight and flat,NH,Bitumen(Tar),Dry,Not Applicable,Clear,"HOSURU MAIN ROAD, SILK BOARD JUNCTION",NEAR SILK BOARD BUS STOP,1KM,0.0,0.0
Bengaluru City,Madivala Traffic PS,1.04432e+16,2021,1,1,Road Accidents,Narrow road,City/Town,Near Bus stop,Human Error,Yes,Fatal,Hit pedestrian,Not at  Junction,Straight and flat,NH,Bitumen(Tar),Dry,Not Applicable,Clear,HOSURU MAIN ROAD,NEAR RUPEN AGRHARA BUS STOP,2KM,0.0,0.0
Bengaluru City,Madivala Traffic PS,1.04432e+16,2021,1,1,Road Accidents,Narrow road,City/Town,Near Bus stop,Human Error,No,Grievous Injury,Hit pedestrian,Not at  Junction,Straight and flat,Arterial,Bitumen(Tar),Dry,Not Applicable,Clear,HOSURU MAIN ROAD NEAR BUS STOP,NEAR RUPENA AGRAHARA BUS STOP,1KM,0.0,0.0
Bengaluru City,Madivala Traffic PS,1.04432e+16,2021,1,1,Road Accidents,Narrow road,City/Town,Near Bus stop,Human Error,Yes,Grievous Injury,Hit pedestrian,Not at  Junction,Straight and flat,Others,Bitumen(Tar),Dry,Not Applicable,Clear,Virat Nagar Main Road,Vinakaya Bakery,02 K M,0.0,0.0
Bengaluru City,Madivala Traffic PS,1.04432e+16,2021,1,2,Road Accidents,Narrow road,City/Town,Residential area,Human Error,Yes,Grievous Injury,Vehicle to Vehicle,Not at  Junction,Straight and flat,Others,Bitumen(Tar),Dry,Not Applicable,Clear,Begur Main Road,Vrishabh metal Traders Godown,03 K M,0.0,0.0
Bengaluru City,Madivala Traffic PS,1.04432e+16,2021,1,2,Road Accidents,Narrow road,City/Town,Near Bus stop,Human Error,Not Applicable,Grievous Injury,Vehicle to Vehicle,Not at  Junction,Straight and flat,NH,Bitumen(Tar),Dry,Not Applicable,Clear,HOSURU MAIN ROAD,NEAR RUPEN AGRAHARA UPPER RAMP,3KM,0.0,0.0
Bengaluru City,Madivala Traffic PS,1.04432e+16,2021,1,2,Road Accidents,Narrow road,City/Town,Near Hospital,Human Error,Not Applicable,Grievous Injury,Vehicle to Vehicle,Controlled,Straight and flat,Two way,Surfaced,Dry,Not Applicable,Clear,Devarachikkanahalli Road,Medplus medical shop devarchikkanahalli road,2KM,0.0,0.0
Bengaluru City,Madivala Traffic PS,1.04432e+16,2021,1,2,Road Accidents,Narrow road,City/Town,Near Petrol Pump,Human Error,No,Simple Injury,Vehicle to Vehicle,Not at  Junction,Straight and flat,Not Applicable,Bitumen(Tar),Dry,Not Applicable,Clear,HOSURU MAIN ROAD,SHELL PETROL BUNK,3KM,0.0,0.0
Bengaluru City,Madivala Traffic PS,1.04432e+16,2021,1,2,Road Accidents,Narrow road,City/Town,Residential area,Human Error,No,Grievous Injury,Vehicle to Vehicle,Not at  Junction,Straight and flat,Others,Bitumen(Tar),Dry,Not Applicable,Clear,BTM MAIN ROAD,NEAR SUPER MARKET,1KM,0.0,0.0
Bengaluru City,Madivala Traffic PS,1.04432e+16,2021,1,1,Road Accidents,Narrow road,City/Town,Near Bus stop,Human Error,Not Applicable,Grievous Injury,Hit pedestrian,Not at  Junction,Straight and flat,One way,Surfaced,Dry,Not Applicable,Clear,Madiwala main road,Ashwini bar and restorent,50mtr,0.0,0.0
Bengaluru City,Madivala Traffic PS,1.04432e+16,2021,1,1,Road Accidents,Narrow road,City/Town,Near a religious place,Human Error,No,Grievous Injury,Hit pedestrian,Not at  Junction,Straight and flat,Others,Bitumen(Tar),Dry,Not Applicable,Clear,MADIWALA MAIN ROAD,NEAR GANESH TEMPLE,100mtr,0.0,0.0
Bengaluru City,Madivala Traffic PS,1.04432e+16,2021,1,2,Road Accidents,Narrow road,City/Town,Near Hospital,Human Error,No,Fatal,Vehicle to Vehicle,Not at  Junction,Straight and flat,NH,Bitumen(Tar),Dry,Not Applicable,Clear,"Hosuru main road, infront of ashwad hospital , silk board down ramp.",Near  Rupena Agrahara Bsu Stop,2km,0.0,0.0
Bengaluru City,Madivala Traffic PS,1.04432e+16,2021,1,2,Road Accidents,Junction,City/Town,Near Hospital,Vehicle Defect,No,Damage Only,Vehicle to Vehicle,Signals (Working),Straight and flat,NH,Bitumen(Tar),Dry,Not Applicable,Clear,"HOSURU MAIN ROAD, BOMMANAHALLI JUNCTION",NEAR PRASHANTH HOSPITAL,2KM,0.0,0.0
Bengaluru City,Madivala Traffic PS,1.04432e+16,2021,1,2,Road Accidents,Narrow road,City/Town,Residential area,Human Error,No,Grievous Injury,Vehicle to Vehicle,Not at  Junction,Straight and flat,Sub Arterial,Bitumen(Tar),Dry,Not Applicable,Clear,"BEGURU MAIN ROAD, SRI.THYGARAJ CO-OPARATIVE BANK",NEAR BANK,4KM,0.0,0.0
Bengaluru City,Madivala Traffic PS,1.04432e+16,2021,1,1,Road Accidents,Narrow road,City/Town,Near Petrol Pump,Human Error,No,Grievous Injury,Hit bicyclist,Not at  Junction,Straight and flat,Sub Arterial,Bitumen(Tar),Dry,Not Applicable,Clear,Dr. Marigowda road near forum mall,Behind in indion oil petrol bunk,2km,0.0,0.0
Bengaluru City,Madivala Traffic PS,1.04432e+16,2021,1,3,Road Accidents,Narrow road,City/Town,Near School or College,Human Error,No,Grievous Injury,Vehicle to Vehicle,Not at  Junction,Straight and flat,Residential Street,Bitumen(Tar),Dry,Not Applicable,Clear,MADIWALA MARUTI NAGAR ROAD,NEAR VENKATESHWARA COLLEGE,2KM,0.0,0.0
Bengaluru City,Madivala Traffic PS,1.04432e+16,2021,1,1,Road Accidents,Narrow road,City/Town,Near Hospital,Human Error,No,Grievous Injury,Hit pedestrian,Not at  Junction,Straight and flat,One way,Bitumen(Tar),Dry,Not Applicable,Clear,MADIWALA MAIN ROAD,NEAR GANESH TEMPLE,200mtr,0.0,0.0
Bengaluru City,Madivala Traffic PS,1.04432e+16,2021,1,2,Road Accidents,Junction,City/Town,Open area,Human Error,No,Grievous Injury,Vehicle to Vehicle,Controlled,Straight and flat,Expressway,Bitumen(Tar),Dry,Not Applicable,Fine,HSR Ring Road,Traffic police Both,500 me,0.0,0.0
Bengaluru City,Madivala Traffic PS,1.04432e+16,2021,1,2,Road Accidents,Narrow road,City/Town,Residential area,Human Error,Yes,Fatal,Vehicle to Vehicle,Not at  Junction,Straight and flat,Residential Street,Bitumen(Tar),Dry,Not Applicable,Clear,KODICHIKKANA HALLI MAIN ROAD,VENKATESHWAR PRAVISION STORE,4 KM,0.0,0.0
Bengaluru City,Madivala Traffic PS,1.04432e+16,2021,1,2,Road Accidents,Junction,City/Town,Near Bus stop,Human Error,No,Fatal,Vehicle to Vehicle,Signal lights Manual,Straight and flat,NH,Bitumen(Tar),Dry,Not Applicable,Clear,HOSURUI MAIN ROAD,NEAR RUPENA AGRAHARA BUS STOP,2.KM,0.0,0.0
Bengaluru City,Madivala Traffic PS,1.04432e+16,2021,1,2,Road Accidents,Junction,City/Town,Near a religious place,Human Error,No,Grievous Injury,Vehicle to Vehicle,Signals (Working),Straight and flat,Arterial,Bitumen(Tar),Dry,Not Applicable,Clear,MADIWALA MAIN ROAD IN FRONT OF ST ANTHONI CHURCH,NEAR BUS STOP,01KM,0.0,0.0
Bengaluru City,Madivala Traffic PS,1.04432e+16,2021,1,1,Road Accidents,Junction,City/Town,At pedestrian Crossing,Human Error,Not Applicable,Fatal,Hit pedestrian,Signals (Working),Straight and flat,Expressway,Bitumen(Tar),Dry,Not Applicable,Clear,GAREBHAVIPALYA JUNCTON,GAREBHAVIPALYA JUNCTON,200,0.0,0.0
Bengaluru City,Madivala Traffic PS,1.04432e+16,2021,1,2,Road Accidents,Narrow road,City/Town,Near Bus stop,Human Error,No,Grievous Injury,Vehicle to Vehicle,Not at  Junction,Straight and flat,Arterial,Bitumen(Tar),Dry,Not Applicable,Clear,MADIWALA MAIN ROAD SILK BOARD FLY OVER UP RAMP.,NEAR MADIWALA BUS STOP,500MTR,0.0,0.0
Bengaluru City,Madivala Traffic PS,1.04432e+16,2021,1,2,Road Accidents,Narrow road,City/Town,Residential area,Human Error,Yes,Grievous Injury,Vehicle to Vehicle,Uncontrolled,Straight and flat,Expressway,Bitumen(Tar),Dry,Not Applicable,Fog / Mist,Hosur Main Road,Salarpuria Greenage Apartment,02 K M,0.0,0.0
Bengaluru City,Madivala Traffic PS,1.04432e+16,2021,1,1,Road Accidents,Narrow road,City/Town,Open area,Human Error,Not Applicable,Fatal,Not Applicable,Controlled,Curve,Others,Surfaced,Dry,Not Applicable,Fine,TAVAREKERE MAIN ROAD,NEAR MADIVALA CHEK POST,1 KM,0.0,0.0
Bengaluru City,Madivala Traffic PS,1.04432e+16,2021,1,2,Road Accidents,Narrow road,City/Town,Residential area,Human Error,No,Grievous Injury,Vehicle to Vehicle,Not at  Junction,Straight and flat,Sub Arterial,Bitumen(Tar),Dry,Not Applicable,Clear,THAVAREKERE MAIN ROAD,NEAR RAJESHWARI KOORG FORK HOTEL,2KM,0.0,0.0
Bengaluru City,Madivala Traffic PS,1.04432e+16,2021,1,2,Road Accidents,Junction,City/Town,In bazaar,Human Error,No,Grievous Injury,Vehicle to Vehicle,Signal lights Automatic,Straight and flat,Arterial,Concrete,Dry,Construction Work / Material,Clear,Near Thavarekere Junction,Near Thavarekere junction,03 km,0.0,0.0
Bengaluru City,Madivala Traffic PS,1.04432e+16,2021,1,3,Road Accidents,Narrow road,City/Town,Narrow bridge or culverts,Human Error,Yes,Grievous Injury,Vehicle to Vehicle,Not at  Junction,Straight and flat,NH,Bitumen(Tar),Dry,Not Applicable,Clear,HOSURU MAIN ROAD,NEAR BUS STOP,3KM,0.0,0.0
Bengaluru City,Madivala Traffic PS,1.04432e+16,2021,1,1,Road Accidents,Narrow road,City/Town,Near Petrol Pump,Vehicle Defect,Yes,Fatal,Hit pedestrian,Not at  Junction,Straight and flat,NH,Bitumen(Tar),Dry,Not Applicable,Fine,NATIONALA HIGH WAY,ELIVATED FLY OVER DOWN RAMP,2KM,0.0,0.0
Bengaluru City,Madivala Traffic PS,1.04432e+16,2021,1,2,Road Accidents,Narrow road,City/Town,Near Hospital,Human Error,No,Grievous Injury,Vehicle to Vehicle,Not at  Junction,Straight and flat,Arterial,Bitumen(Tar),Dry,Not Applicable,Clear,Mdiwala main road near balaji medicle shop.,BESIDE BALAJI MEDICAL SHOP,1KM,0.0,0.0
Bengaluru City,Madivala Traffic PS,1.04432e+16,2021,1,1,Road Accidents,Narrow road,City/Town,Near School or College,Human Error,Not Applicable,Simple Injury,Not Applicable,Not at  Junction,Straight and flat,Sub Arterial,Bitumen(Tar),Dry,Not Applicable,Clear,BEGURU MAIN ROAD,NEAR ST FR SCHOOL,4KM,0.0,0.0
Bengaluru City,Madivala Traffic PS,1.04432e+16,2021,1,1,Road Accidents,Narrow road,City/Town,Residential area,Road Environment Defect,Not Applicable,Grievous Injury,Not Applicable,Not at  Junction,Straight and flat,Arterial,Bitumen(Tar),Dry,Not Applicable,Clear,DEVARACHIKKANAHALLI MAIN ROAD,NEAR GOLDEN PARK APARTMENT,4KM,0.0,0.0
Bengaluru City,Madivala Traffic PS,1.04432e+16,2021,1,2,Road Accidents,Narrow road,City/Town,Near Petrol Pump,Human Error,No,Grievous Injury,Vehicle to Vehicle,Not at  Junction,Straight and flat,Others,Bitumen(Tar),Dry,Not Applicable,Clear,BTM OUTER RING ROAD,NEAR MEERA SCHOOL,2KM,0.0,0.0
Bengaluru City,Madivala Traffic PS,1.04432e+16,2021,1,1,Road Accidents,Narrow road,City/Town,Near Petrol Pump,Human Error,Yes,Grievous Injury,Hit pedestrian,Not at  Junction,Straight and flat,Arterial,Bitumen(Tar),Dry,Not Applicable,Clear,"Dr. Marigowda main road, Near Forum mall",Near Forum Mall,2km,0.0,0.0
Bengaluru City,Madivala Traffic PS,1.04432e+16,2021,1,1,Road Accidents,Junction,City/Town,Near Petrol Pump,Human Error,No,Grievous Injury,Hit pedestrian,Controlled,Straight and flat,One way,Bitumen(Tar),Dry,Not Applicable,Clear,Adugodi Main Road,Near Check Post Juncton,1km,0.0,0.0
Bengaluru City,Madivala Traffic PS,1.04432e+16,2021,1,1,Road Accidents,Narrow road,City/Town,Open area,Human Error,No,Grievous Injury,Hit pedestrian,Not Applicable,Straight and flat,Expressway,Bitumen(Tar),Flooded,Not Applicable,Fog / Mist,Hosur Main Road,Pai Show Room,03 K M,0.0,0.0
Bengaluru City,Madivala Traffic PS,1.04432e+16,2021,1,1,Road Accidents,Junction,City/Town,Residential area,Human Error,Yes,Grievous Injury,Hit pedestrian,Not at  Junction,Straight and flat,Sub Arterial,Bitumen(Tar),Dry,Not Applicable,Clear,"VIRAT NAGAR, 9TH CROSS, BOMMANAHALLI",VIRATA NAGAR 9TH CROSS,2KM,0.0,0.0
Bengaluru City,Madivala Traffic PS,1.04432e+16,2021,1,1,Road Accidents,Narrow road,City/Town,In bazaar,Human Error,No,Grievous Injury,Hit pedestrian,Not at  Junction,Straight and flat,Arterial,Bitumen(Tar),Dry,Not Applicable,Clear,"Dr. MARIGOWDA MAIN ROAD, IN FRONT OF KRISHNA SAGAR HOTEL BENGALURU.",NEAR FOURAM MALL,2KM,0.0,0.0
Bengaluru City,Madivala Traffic PS,1.04432e+16,2021,1,2,Road Accidents,Junction,City/Town,At pedestrian Crossing,Human Error,No,Grievous Injury,Vehicle to Vehicle,Signals (Working),Straight and flat,NH,Bitumen(Tar),Dry,Not Applicable,Clear,HOSURU MAIN ROAD BOMMANAHALLI JUNCTION,NEAR  PRASHANT HOSPITAL,2KM,0.0,0.0
Bengaluru City,Madivala Traffic PS,1.04432e+16,2021,1,1,Road Accidents,Junction,City/Town,Near or inside a village,Human Error,No,Simple Injury,Hit pedestrian,No signal lights,Curve,Two way,Bitumen(Tar),Dry,Not Applicable,Clear,DEVARACHIKKANAHALLI MAIN ROAD,NEAR CNR BAR,3KM,0.0,0.0
Bengaluru City,Madivala Traffic PS,1.04432e+16,2022,1,2,Road Accidents,Narrow road,City/Town,Near or inside a village,Human Error,No,Fatal,Vehicle to Vehicle,Not at  Junction,Straight and flat,Arterial,Bitumen(Tar),Dry,Not Applicable,Clear,MADIWALA MAIN ROAD,NEAR ST ANTHONI CHURCH,1KM,0.0,0.0
Bengaluru City,Madivala Traffic PS,1.04432e+16,2022,1,2,Road Accidents,Narrow road,City/Town,Near Bus stop,Human Error,Yes,Fatal,Vehicle to Vehicle,Not at  Junction,Straight and flat,NH,Bitumen(Tar),Dry,Not Applicable,Clear,"HOSURU MAIN ROAD, ELECTRONIC CITY FLY OVER UP RAMP BENGALURU",NEAR RUPENA AGRAHARA BUSTOP,2KM,0.0,0.0
Bengaluru City,Madivala Traffic PS,1.04432e+16,2022,1,2,Road Accidents,Narrow road,City/Town,Near Hospital,Human Error,No,Simple Injury,Vehicle to Vehicle,Not at  Junction,Straight and flat,Arterial,Bitumen(Tar),Dry,Not Applicable,Clear,SP ROAD NEAR AUGSTAIN NIVAS,NEAR ST JOHNS HOSPITAL,2.5 KM,0.0,0.0
Bengaluru City,Madivala Traffic PS,1.04432e+16,2022,1,2,Road Accidents,Junction,City/Town,Near Bus stop,Human Error,No,Grievous Injury,Vehicle to Vehicle,Signals (Working),Straight and flat,Arterial,Bitumen(Tar),Dry,Not Applicable,Clear,HOSURU MAIN ROAD GARVEBHAVIPALYA,NEAR ANJNEAY TEMPLE,3KM,0.0,0.0
Bengaluru City,Madivala Traffic PS,1.04432e+16,2022,1,2,Road Accidents,Junction,City/Town,At pedestrian Crossing,Human Error,No,Grievous Injury,Vehicle to Vehicle,Signals (Working),Straight and flat,Arterial,Bitumen(Tar),Dry,Not Applicable,Clear,MADIVALA TRAFFIC POLICE STATION JUNCTION,NEAR MADIVALA TR PS,3O MTR,0.0,0.0
Bengaluru City,Madivala Traffic PS,1.04432e+16,2022,1,1,Road Accidents,Narrow road,City/Town,Open area,Human Error,No,Grievous Injury,Hit pedestrian,Not at  Junction,Straight and flat,Arterial,Bitumen(Tar),Dry,Not Applicable,Clear,MADIVALA MAIN ROAD,NEAR ANJANEYA TEMPLE MADIVALA,100MTR,0.0,0.0
Bengaluru City,Madivala Traffic PS,1.04432e+16,2022,1,1,Road Accidents,Narrow road,City/Town,Open area,Human Error,No,Fatal,Hit pedestrian,Not Applicable,Others,Others,Bitumen(Tar),Dry,Not Applicable,Fine,BEGUR MN RD,100,100,0.0,0.0
Bengaluru City,Madivala Traffic PS,1.04432e+16,2022,1,1,Road Accidents,Narrow road,City/Town,Near Hospital,Human Error,Yes,Grievous Injury,Hit pedestrian,Not at  Junction,Straight and flat,Arterial,Bitumen(Tar),Dry,Not Applicable,Clear,HOSURU MAIN ROAD NEAR SECURE VALUE,NEAR VENKATESHWARA HOSPITAL,2KM,0.0,0.0
Bengaluru City,Madivala Traffic PS,1.04432e+16,2022,1,3,Road Accidents,Junction,City/Town,Near office complex,Human Error,No,Damage Only,Vehicle to Vehicle,Signals (Working),Straight and flat,Arterial,Bitumen(Tar),Dry,Not Applicable,Clear,MADIVALA MAIN ROAD,MADIVALA POLICE STATION JUNCTION,50 MTR,0.0,0.0
Bengaluru City,Madivala Traffic PS,1.04432e+16,2022,1,1,Road Accidents,Narrow road,City/Town,Near Bus stop,Human Error,No,Fatal,Not Applicable,Not at  Junction,Straight and flat,NH,Bitumen(Tar),Dry,Not Applicable,Clear,HOSURU MAIN ROAD NEAR SILK BOARD FLY OVER,NEAR RUPENA AGRAHARA BUS STOP,2KM,0.0,0.0
Bengaluru City,Madivala Traffic PS,1.04432e+16,2022,1,1,Road Accidents,Narrow road,City/Town,Residential area,Human Error,Yes,Simple Injury,Hit pedestrian,Not at  Junction,Straight and flat,Sub Arterial,Bitumen(Tar),Dry,Not Applicable,Clear,MARUTHINAGARA 9TH CROSS ROAD,NEAR HOUSE,1.5 KM,0.0,0.0
Bengaluru City,Madivala Traffic PS,1.04432e+16,2022,1,2,Road Accidents,Narrow road,City/Town,Near Petrol Pump,Human Error,No,Grievous Injury,Hit pedestrian,Not at  Junction,Straight and flat,Sub Arterial,Bitumen(Tar),Dry,Not Applicable,Clear,NEAR FOURAM MALL MADIWALA MAIN ROAD,NEAR FORUM MALL,2KM,0.0,0.0
Bengaluru City,Madivala Traffic PS,1.04432e+16,2022,1,2,Road Accidents,Narrow road,City/Town,Near Bus stop,Human Error,No,Grievous Injury,Vehicle to Vehicle,Not at  Junction,Straight and flat,NH,Bitumen(Tar),Dry,Not Applicable,Clear,"HOSURU  MAIN ROAD, NEAR IBS HOTEL",NEAR IBS HOTEL BOMMANHALLI,2KM,0.0,0.0
Bengaluru City,Madivala Traffic PS,1.04432e+16,2022,1,2,Road Accidents,Junction,City/Town,Near Hospital,Human Error,No,Damage Only,Vehicle to Vehicle,Signals (Working),Straight and flat,NH,Bitumen(Tar),Dry,Not Applicable,Clear,HOSURU MAIN ROAD NEAR BMMANAHALLI JUNCTION,NEAR BOMMANAHALLI JUNCTION,2KM,0.0,0.0
Bengaluru City,Madivala Traffic PS,1.04432e+16,2022,1,3,Road Accidents,Not Applicable,City/Town,Near office complex,Human Error,No,Damage Only,Vehicle to Vehicle,Not Applicable,Straight and flat,Sub Arterial,Concrete,Dry,Not Applicable,Clear,MADIVALA MARKET ROAD,NAER FSL GATE MADIVALA,50 MTR,0.0,0.0
Bengaluru City,Madivala Traffic PS,1.04432e+16,2022,1,2,Road Accidents,Narrow road,City/Town,Near a factory industrial area,Human Error,No,Grievous Injury,Vehicle to Vehicle,Not at  Junction,Straight and flat,Sub Arterial,Bitumen(Tar),Dry,Not Applicable,Clear,KODICHIKKANAHALLI MAIN ROAD,NEAR JOCKY FACTORY,3.5 KM,0.0,0.0
Bengaluru City,Madivala Traffic PS,1.04432e+16,2022,1,1,Road Accidents,Narrow road,City/Town,Residential area,Human Error,Yes,Grievous Injury,Hit pedestrian,Not at  Junction,Straight and flat,Sub Arterial,Bitumen(Tar),Dry,Not Applicable,Clear,"MARUTI NAGARA MAIN ROAD, 9TH CROSS, SURYA SWEET BEKERY",NEAR SURYA SWEET BEKARY,2KM,0.0,0.0
Bengaluru City,Madivala Traffic PS,1.04432e+16,2022,1,1,Road Accidents,Road hump or Rumble strips,City/Town,Near School or College,Human Error,Not Applicable,Fatal,Not Applicable,Not at  Junction,Straight and flat,NH,Bitumen(Tar),Dry,Not Applicable,Clear,"HOSURU MAIN ROAD, GARVEBHAVIPALYA, NEAR METRO STATION",NEAR OXFORD COLLEGE,02KM,0.0,0.0
Bengaluru City,Madivala Traffic PS,1.04432e+16,2022,1,2,Road Accidents,Narrow road,City/Town,Near Bus stop,Human Error,No,Grievous Injury,Vehicle to Vehicle,Not at  Junction,Straight and flat,Sub Arterial,Bitumen(Tar),Dry,Not Applicable,Clear,MADIWALA MARKET ROAD,NEAR KSRP 4TH  BTLN GATE,700MTR,0.0,0.0
Bengaluru City,Madivala Traffic PS,1.04432e+16,2022,1,1,Road Accidents,Narrow road,City/Town,Near School or College,Human Error,Yes,Fatal,Hit pedestrian,Not Applicable,Straight and flat,Arterial,Bitumen(Tar),Dry,Not Applicable,Clear,MADIWALA MARKET ROAD,MADIWALA MARKET ROAD NEAR GOVT SCHOOL,50MTR,0.0,0.0
Bengaluru City,Madivala Traffic PS,1.04432e+16,2022,1,2,Road Accidents,Narrow road,City/Town,Near a religious place,Human Error,No,Fatal,Vehicle to Vehicle,Not at  Junction,Straight and flat,Sub Arterial,Bitumen(Tar),Dry,Not Applicable,Clear,WATER TANK ROAD,NEAR MASZID,01 KM,0.0,0.0
Bengaluru City,Madivala Traffic PS,1.04432e+16,2022,1,3,Road Accidents,Narrow road,City/Town,Near Bus stop,Human Error,Yes,Grievous Injury,Vehicle to Vehicle,Not at  Junction,Straight and flat,Arterial,Bitumen(Tar),Dry,Not Applicable,Clear,MADIWALA MARKET ROAD,NEAR MADIWALA BUS STOP,500MTR,0.0,0.0
Bengaluru City,Madivala Traffic PS,1.04432e+16,2022,1,2,Road Accidents,Narrow road,City/Town,Near a religious place,Human Error,No,Fatal,Vehicle to Vehicle,Not at  Junction,Straight and flat,Arterial,Bitumen(Tar),Dry,Not Applicable,Clear,MADIWALA MAIN ROAD,NEAR CHECK POST JUNCTION,1.5 KM,0.0,0.0