DISTRICTNAME,UNITNAME,Crime_No,Year,RI,Noofvehicle_involved,Accident_Classification,Accident_Spot,Accident_Location,Accident_SubLocation,Main_Cause,Hit_Run,Severity,Collision_Type,Junction_Control,Road_Character,Road_Type,Surface_Type,Surface_Condition,Road_Condition,Weather,Accident_Road,Landmark_first,Distance_LandMark_First,Latitude,Longitude
Bengaluru City,Madivala Traffic PS,1.04432e+16,2022,1,2,Road Accidents,Circle,City/Town,Near Hospital,Human Error,No,Simple Injury,Vehicle to Vehicle,Signal lights Blinking,Straight and flat,Sub Arterial,Bitumen(Tar),Dry,Not Applicable,Clear,GANGOTHRI CIRCLE,NEAR GANGOTHRI BAR,1.5 KM,0.0,0.0
Bengaluru City,Madivala Traffic PS,1.04432e+16,2022,1,2,Road Accidents,Not Applicable,City/Town,Narrow bridge or culverts,Human Error,Yes,Simple Injury,Vehicle to Vehicle,Not Applicable,Others,NH,Bitumen(Tar),Dry,Not Applicable,Fine,HOSUR MN RD,100,200,0.0,0.0
Bengaluru City,Madivala Traffic PS,1.04432e+16,2022,1,1,Road Accidents,Narrow road,City/Town,Near School or College,Human Error,Not Applicable,Grievous Injury,Not Applicable,Not at  Junction,Straight and flat,Sub Arterial,Bitumen(Tar),Dry,Not Applicable,Clear,"CHOCOLATAE FACTORY ROAD, INFRONT OF ADARSH SCHOOL , MARUTHI NAGARA MAIN ROAD",IN FRONT OF ADARSH SCHOOL,500MTR,0.0,0.0
Bengaluru City,Madivala Traffic PS,1.04432e+16,2022,1,2,Road Accidents,Narrow road,City/Town,Open area,Human Error,Yes,Simple Injury,Vehicle to Vehicle,Not at  Junction,Straight and flat,Arterial,Bitumen(Tar),Dry,Not Applicable,Clear,MADIWALA MAIN ROAD NEAR H.P PETROL BUNK,NEAR HP PETROL BUNK,01KM,0.0,0.0
Bengaluru City,Madivala Traffic PS,1.04432e+16,2022,1,1,Road Accidents,Narrow road,City/Town,Near Bus stop,Human Error,No,Fatal,Not Applicable,Not at  Junction,Straight and flat,NH,Bitumen(Tar),Dry,Not Applicable,Clear,HOSURU MAIN ROAD IN FRONT OF VISHAL MEGHA MART,NEAR RUPENA AGRAHARA BUS STOP,1KM,0.0,0.0
Bengaluru City,Madivala Traffic PS,1.04432e+16,2022,1,1,Road Accidents,Narrow road,City/Town,Near office complex,Human Error,Not Applicable,Fatal,Not Applicable,Not at  Junction,Straight and flat,NH,Bitumen(Tar),Dry,Not Applicable,Clear,"HOSURU MAIN ROAD, NEAR BASH COMPNY",NEAR BASH COMPNY,3KM,0.0,0.0
Bengaluru City,Madivala Traffic PS,1.04432e+16,2022,1,1,Road Accidents,Narrow road,City/Town,Near Bus stop,Human Error,No,Grievous Injury,Not Applicable,Not at  Junction,Straight and flat,NH,Bitumen(Tar),Dry,Not Applicable,Clear,HOSURU MAIN ROAD NEAR RUPENA AGRHARA BUS STOP,NEAR RUPENA AGRHARA BUS STOP,2KM,0.0,0.0
Bengaluru City,Madivala Traffic PS,1.04432e+16,2022,1,2,Road Accidents,Not Applicable,City/Town,Open area,Human Error,No,Grievous Injury,Vehicle to Vehicle,Not Applicable,Straight and flat,Others,Bitumen(Tar),Dry,Not Applicable,Fine,NEAR DEEL SHOWROOM,200,200,0.0,0.0
Bengaluru City,Madivala Traffic PS,1.04432e+16,2022,1,2,Road Accidents,Junction,City/Town,Near Bus stop,Human Error,No,Damage Only,Vehicle to Vehicle,Signals (Working),Straight and flat,Arterial,Bitumen(Tar),Dry,Not Applicable,Clear,SILK BOARD JUNCTION,NEAR SILK BOARD BUS STOP,01 KM,0.0,0.0
Bengaluru City,Madivala Traffic PS,1.04432e+16,2022,1,2,Not Applicable,Narrow road,City/Town,Residential area,Human Error,No,Simple Injury,Vehicle to Vehicle,Not at  Junction,Straight and flat,Sub Arterial,Bitumen(Tar),Dry,Not Applicable,Clear,MARUTHI NAGAR MAIN ROAD,NEAR JODHPOOR SWEETS SHOP,01 KM,0.0,0.0
Bengaluru City,Madivala Traffic PS,1.04432e+16,2022,1,2,Road Accidents,Narrow road,City/Town,Near a factory industrial area,Human Error,Yes,Fatal,Vehicle to Vehicle,Not at  Junction,Straight and flat,NH,Bitumen(Tar),Dry,Not Applicable,Clear,"HOSURU MAIN ROAD, NEAR BRAND FACTORY",NEAR GARVEBHAVIPALYA,3KM,0.0,0.0
Bengaluru City,Madivala Traffic PS,1.04432e+16,2022,1,2,Road Accidents,Narrow road,City/Town,Residential area,Human Error,Yes,Fatal,Vehicle to Vehicle,Not at  Junction,Straight and flat,NH,Bitumen(Tar),Dry,Not Applicable,Clear,HOSURU MAIN ROAD NEAR GREENEZ APARTMENT,SALAR PURIYA GREENAIZ APARTMENT,2KM,0.0,0.0
Bengaluru City,Madivala Traffic PS,1.04432e+16,2022,1,1,Road Accidents,Narrow road,City/Town,Near Petrol Pump,Human Error,Not Applicable,Grievous Injury,Not Applicable,Not at  Junction,Straight and flat,NH,Bitumen(Tar),Dry,Not Applicable,Clear,"HOSURU MAIN ROAD NEAR SILK BOARD, FLYOVER, MADIWALA",NEAR PETROL BUNK,600MTR,0.0,0.0
Bengaluru City,Madivala Traffic PS,1.04432e+16,2022,1,1,Road Accidents,Narrow road,City/Town,Near a religious place,Human Error,No,Fatal,Hit pedestrian,Not at  Junction,Straight and flat,Arterial,Bitumen(Tar),Dry,Not Applicable,Clear,MADIWALA MAIN ROAD,NEAR ANJANEYA TEMPLE,700mtr,0.0,0.0
Bengaluru City,Madivala Traffic PS,1.04432e+16,2022,1,2,Road Accidents,Junction,City/Town,Near Petrol Pump,Human Error,No,Grievous Injury,Vehicle to Vehicle,No signal lights,Straight and flat,Sub Arterial,Bitumen(Tar),Dry,Not Applicable,Clear,KODICHIKKANAHALLI JUNCTION,NEAR BHARAT PETROL BUNK,3KM,0.0,0.0
Bengaluru City,Madivala Traffic PS,1.04432e+16,2022,1,1,Road Accidents,Narrow road,City/Town,Near Bus stop,Human Error,No,Grievous Injury,Hit pedestrian,Not at  Junction,Straight and flat,Arterial,Bitumen(Tar),Dry,Not Applicable,Clear,"HOSURU MAIN ROAD, RUPENA AGRAHARA",NEAR RUPENA AGRAHARA BUS STOP,2.5 KM,0.0,0.0
Bengaluru City,Madivala Traffic PS,1.04432e+16,2022,1,1,Road Accidents,Narrow road,City/Town,Near Bus stop,Human Error,Not Applicable,Fatal,Not Applicable,Not at  Junction,Straight and flat,NH,Bitumen(Tar),Dry,No influence on accident,Clear,"HOSURU MAIN ROAD, NEAR RENULT SHOW ROOM",NEAR RUPENAN AGRAHARA BUS STOP,1.5 KM,0.0,0.0
Bengaluru City,Madivala Traffic PS,1.04432e+16,2022,1,1,Road Accidents,Narrow road,City/Town,Near a religious place,Human Error,No,Grievous Injury,Hit pedestrian,Not at  Junction,Straight and flat,Arterial,Bitumen(Tar),Dry,Not Applicable,Clear,MADIWALA MAIN ROAD,NEAR ANJANEYA TEMPLE,400mtr,0.0,0.0
Bengaluru City,Madivala Traffic PS,1.04432e+16,2022,1,1,Road Accidents,Narrow road,City/Town,Near Bus stop,Human Error,No,Grievous Injury,Hit pedestrian,Not at  Junction,Straight and flat,NH,Bitumen(Tar),Dry,Not Applicable,Clear,HOSURU MAIR ROAD NEAR RUPENA AGRAHARA BUS STOP,NEAR RUPENA AGRAHARA BUS STOP,2KM,0.0,0.0
Bengaluru City,Madivala Traffic PS,1.04432e+16,2022,1,2,Road Accidents,Junction,City/Town,Near Bus stop,Human Error,Yes,Damage Only,Vehicle to Vehicle,Signal lights Manual,Straight and flat,Arterial,Bitumen(Tar),Dry,Not Applicable,Clear,MADIWALA MAIN ROAD SILK BOARD JUNCTION,NEAR SILK BOARD BUS STOP,1KM,0.0,0.0
Bengaluru City,Madivala Traffic PS,1.04432e+16,2023,1,2,Road Accidents,Narrow road,City/Town,Near Bus stop,Human Error,Yes,Fatal,Vehicle to Vehicle,Not at  Junction,Straight and flat,NH,Bitumen(Tar),Dry,Not Applicable,Clear,"HOSURU ,MAIN ROAD",NEAR ROOPENA AGRAHARA BUS STOP,1KM,0.0,0.0
Bengaluru City,Madivala Traffic PS,1.04432e+16,2023,1,2,Road Accidents,Narrow road,City/Town,Near School or College,Human Error,No,Fatal,Vehicle to Vehicle,Not at  Junction,Straight and flat,Arterial,Bitumen(Tar),Dry,Not Applicable,Clear,Dr. PUNEET RAJKUMAR ROAD,NEAR PETROL BUNK,1.5 KM,0.0,0.0
Bengaluru City,Madivala Traffic PS,1.04432e+16,2023,1,2,Road Accidents,Not Applicable,City/Town,Open area,Human Error,No,Grievous Injury,Vehicle to Vehicle,Give way sign,Straight and flat,NH,Bitumen(Tar),Dry,Not Applicable,Fine,E-CITY FLYOVER,100,100,0.0,0.0
Bengaluru City,Madivala Traffic PS,1.04432e+16,2023,1,1,Road Accidents,Narrow road,City/Town,Near a religious place,Human Error,No,Grievous Injury,Hit pedestrian,Not at  Junction,Straight and flat,Arterial,Bitumen(Tar),Dry,Not Applicable,Clear,"HOSURU MAIN ROAD, NEAR CANER BANK",NEAR GANESH TEMPLE,200MTR,0.0,0.0
Bengaluru City,Madivala Traffic PS,1.04432e+16,2023,1,2,Road Accidents,Junction,City/Town,Open area,Human Error,Yes,Grievous Injury,Vehicle to Vehicle,Controlled,Straight and flat,Not Applicable,Bitumen(Tar),Dry,Not Applicable,Fine,29TH MN RD,100,100,0.0,0.0
Bengaluru City,Madivala Traffic PS,1.04432e+16,2023,1,1,Road Accidents,Not Applicable,City/Town,Open area,Human Error,No,Grievous Injury,Vehicle to Vehicle,Not at  Junction,Others,NH,Bitumen(Tar),Others,Not Applicable,Fine,100,100,100,12.923032,77.619743
Bengaluru City,Madivala Traffic PS,1.04432e+16,2023,1,2,Road Accidents,Junction,City/Town,Open area,Human Error,Yes,Grievous Injury,Vehicle to Vehicle,Not at  Junction,Straight and flat,Others,Bitumen(Tar),Dry,Not Applicable,Fine,100,100,120,12.917879,77.622377
Bengaluru City,Madivala Traffic PS,1.04432e+16,2023,1,1,Road Accidents,Narrow road,City/Town,Residential area,Human Error,Yes,Grievous Injury,Hit bicyclist,Not at  Junction,Straight and flat,Sub Arterial,Bitumen(Tar),Dry,Not Applicable,Clear,KODICHIKKANAHALLI MAIN ROAD,NEAR ROYAL LEGEND APORTMENT,3.5 KM,12.90021,77.622231
Bengaluru City,Madivala Traffic PS,1.04432e+16,2023,1,1,Road Accidents,Curves,City/Town,Near Bus stop,Human Error,Not Applicable,Grievous Injury,Not Applicable,Controlled,Others,Arterial,Bitumen(Tar),Ditch or Potholed,Not Applicable,Clear,MADIWALA MAIN ROAD,NEAR MADIWALA PS,100MTR,0.0,0.0
Bengaluru City,Madivala Traffic PS,1.04432e+16,2023,1,1,Road Accidents,Not Applicable,City/Town,Open area,Human Error,No,Fatal,Hit pedestrian,Not Applicable,Others,Others,Bitumen(Tar),Dry,Not Applicable,Fine,100,100,100,0.0,0.0
Bengaluru City,Madivala Traffic PS,1.04432e+16,2023,1,1,Road Accidents,Narrow road,City/Town,Near a factory industrial area,Human Error,Yes,Grievous Injury,Hit pedestrian,Not at  Junction,Straight and flat,Arterial,Bitumen(Tar),Dry,Not Applicable,Clear,beguru main road hongasandra,NEAR SHASHI FACTORY,2KM,0.0,0.0
Bengaluru City,Madivala Traffic PS,1.04432e+16,2023,1,1,Road Accidents,Cross roads,City/Town,Open area,Human Error,Yes,Grievous Injury,Hit pedestrian,Not at  Junction,Incline,Others,Bitumen(Tar),Dry,Not Applicable,Fine,100,100,1,0.0,0.0
Bengaluru City,Madivala Traffic PS,1.04432e+16,2023,1,1,Road Accidents,Narrow road,City/Town,Residential area,Human Error,Yes,Fatal,Hit pedestrian,Not at  Junction,Straight and flat,Sub Arterial,Bitumen(Tar),Dry,Not Applicable,Clear,BEGURU MAIN ROAD,NEAR SLV ENTERPRISES,3.5 KM,0.0,0.0
Bengaluru City,Madivala Traffic PS,1.04432e+16,2023,1,2,Road Accidents,Narrow road,City/Town,Near Hospital,Human Error,Yes,Damage Only,Vehicle to Vehicle,Not at  Junction,Straight and flat,Arterial,Bitumen(Tar),Dry,Not Applicable,Clear,HOSURU MAIN ROAD,NEAR BOMMANAHLLI JUNCTION,2KM,0.0,0.0
Bengaluru City,Madivala Traffic PS,1.04432e+16,2023,1,1,Road Accidents,Cross roads,City/Town,In bazaar,Human Error,No,Grievous Injury,Hit pedestrian,Not at  Junction,Not Applicable,Others,Bitumen(Tar),Dry,Not Applicable,Fine,HOSURU MN RD,100,100,0.0,0.0
Bengaluru City,Madivala Traffic PS,1.04432e+16,2023,1,1,Road Accidents,Narrow road,City/Town,Near or inside a village,Human Error,No,Not Applicable,Not Applicable,Not Applicable,Straight and flat,Arterial,Bitumen(Tar),Dry,Not Applicable,Clear,BTM LYT,NEAR RAJARAJESHWARI PG,1.5 KM,0.0,0.0
Bengaluru City,Madivala Traffic PS,1.04432e+16,2023,1,2,Road Accidents,Junction,City/Town,Near Bus stop,Human Error,No,Grievous Injury,Vehicle to Vehicle,Signal lights Manual,Straight and flat,Arterial,Bitumen(Tar),Dry,Not Applicable,Clear,SILK BOARD JUNCTION,NEAR CENTRLE SILK BOARD,1KM,0.0,0.0
Bengaluru City,Madivala Traffic PS,1.04432e+16,2023,1,2,Road Accidents,Narrow road,City/Town,Residential area,Human Error,No,Damage Only,Vehicle to Vehicle,Not at  Junction,Straight and flat,Arterial,Bitumen(Tar),Dry,Not Applicable,Clear,OUTER RING ROAD HSR,NEAR KRISHNA BHAVAN,1.5 KM,12.914238,77.641352
Bengaluru City,Madivala Traffic PS,1.04432e+16,2023,1,4,Road Accidents,Narrow road,City/Town,Near Bus stop,Human Error,No,Simple Injury,Vehicle to Vehicle,Signal lights Manual,Others,Arterial,Bitumen(Tar),Dry,Not Applicable,Clear,HOSURU MAIN ROAD S.P ROAD JUNCTION,NEAR ST JOHNS BUS STOP,1KM,12.929747,77.615173
Bengaluru City,Madivala Traffic PS,1.04432e+16,2023,1,1,Road Accidents,Narrow road,City/Town,Near a religious place,Human Error,Yes,Fatal,Hit pedestrian,Not at  Junction,Straight and flat,NH,Bitumen(Tar),Dry,Not Applicable,Fine,HOSURU MAIN ROAD NEAR MADIWALA CHECK POST,NEAR MADIWALA CHECK POST,2KM,0.0,0.0
Bengaluru City,Madivala Traffic PS,1.04432e+16,2023,1,2,Road Accidents,Junction,City/Town,Near Bus stop,Human Error,No,Grievous Injury,Vehicle to Vehicle,Signal lights Manual,Straight and flat,Arterial,Bitumen(Tar),Dry,Not Applicable,Clear,SILK BOARD JUNCTION,NEAR SILK BOARD JUNCTION,1KM,12.917439,77.622946
Bengaluru City,Madivala Traffic PS,1.04432e+16,2023,1,1,Road Accidents,Narrow road,City/Town,Near Bus stop,Human Error,No,Fatal,Not Applicable,Not at  Junction,Straight and flat,NH,Bitumen(Tar),Dry,Not Applicable,Clear,HOSURU MAIN ROAD,NEAR BOMMANAHALLI METRO STATION,2KM,12.910431,77.626122
Bengaluru City,Madivala Traffic PS,1.04432e+16,2023,1,2,Road Accidents,Narrow road,City/Town,Near Hospital,Human Error,No,Damage Only,Vehicle to Vehicle,Not Applicable,Straight and flat,Arterial,Bitumen(Tar),Dry,Not Applicable,Clear,"MADIWALA MAIN ROAD, ST JOHNS SIGNLE",NEAR ST JOHNS HOSPITAL,2.50KM,0.0,0.0
Bengaluru City,Madivala Traffic PS,1.04432e+16,2023,1,1,Road Accidents,Cross roads,City/Town,Near office complex,Human Error,Yes,Grievous Injury,Hit pedestrian,Not at  Junction,Straight and flat,Service Road,Bitumen(Tar),Dry,Not Applicable,Fine,100,100,100,0.0,0.0
Bengaluru City,Madivala Traffic PS,1.04432e+16,2023,1,1,Road Accidents,Narrow road,City/Town,Near a religious place,Human Error,Not Applicable,Fatal,Not Applicable,Not at  Junction,Straight and flat,Arterial,Bitumen(Tar),Dry,Not Applicable,Clear,HOSURU MAIN ROAD NEAR AYYAPPA UNDER PASS,NEAR AYYAPPA TEMPLE,1KM,12.924315,77.618087
Bengaluru City,Madivala Traffic PS,1.04432e+16,2023,1,2,Road Accidents,Narrow road,City/Town,Near Bus stop,Human Error,No,Grievous Injury,Vehicle to Vehicle,Not at  Junction,Straight and flat,Service Road,Bitumen(Tar),Dry,Not Applicable,Clear,OUTER RING ROAD SERIVICE ROAD,NEAR SILK BOARD JUNCTION,1.5 KM,12.917829,77.626906
Bengaluru City,Madivala Traffic PS,1.04432e+16,2023,1,2,Road Accidents,Junction,City/Town,Near Bus stop,Human Error,No,Simple Injury,Vehicle to Vehicle,Signal lights Automatic,Straight and flat,Arterial,Bitumen(Tar),Dry,Not Applicable,Clear,BTM LAYOUT,NEAR BTM BUS STOP,2KM,12.919744,77.613095
Bengaluru City,Madivala Traffic PS,1.04432e+16,2023,1,2,Road Accidents,Not Applicable,City/Town,Open area,Human Error,No,Grievous Injury,Hit pedestrian,Not at  Junction,Straight and flat,Others,Bitumen(Tar),Dry,Not Applicable,Fine,HOSUR MN RD,100,100,0.0,0.0
Bengaluru City,Madivala Traffic PS,1.04432e+16,2023,1,2,Road Accidents,Narrow road,City/Town,Near School or College,Human Error,Yes,Grievous Injury,Vehicle to Vehicle,Not at  Junction,Straight and flat,Arterial,Bitumen(Tar),Dry,Not Applicable,Clear,"NEAR IQRA SCHOOL, JAI JEEVAN NAGARA",NEAR IQRA SCHOOL,1KM,0.0,0.0
Bengaluru City,Madivala Traffic PS,1.04432e+16,2023,1,2,Road Accidents,Narrow road,City/Town,Near or inside a village,Human Error,No,Simple Injury,Vehicle to Vehicle,Not at  Junction,Straight and flat,Service Road,Bitumen(Tar),Dry,Not Applicable,Clear,HOSURU ROAD BOMMANAHLLI,NEAR BOMMANAHALLI BUS STOP,3KM,0.0,0.0
Bengaluru City,Madivala Traffic PS,1.04432e+16,2023,1,2,Road Accidents,Junction,City/Town,Near Bus stop,Human Error,No,Damage Only,Vehicle to Vehicle,Controlled,Curve,Others,Bitumen(Tar),Dry,Not Applicable,Fine,100,100,100,0.0,0.0
Bengaluru City,Madivala Traffic PS,1.04432e+16,2023,1,1,Rail Road Accidents,Narrow road,City/Town,Narrow bridge or culverts,Human Error,No,Simple Injury,Hit pedestrian,Not at  Junction,Straight and flat,NH,Bitumen(Tar),Dry,Not Applicable,Clear,HOSURU MAIN ROAD,NEAR SILK BOARD JUNCTION,1.5 KM,0.0,0.0
Bengaluru City,Madivala Traffic PS,1.04432e+16,2023,1,2,Road Accidents,Narrow road,City/Town,Near Bus stop,Human Error,No,Grievous Injury,Vehicle to Vehicle,Not at  Junction,Straight and flat,Arterial,Bitumen(Tar),Dry,Not Applicable,Clear,HOSURUMAIN ROAD,NEAR SILK BOARD BUS STOP,1KM,0.0,0.0
Bengaluru City,Madivala Traffic PS,1.04432e+16,2023,1,2,Road Accidents,Narrow road,City/Town,Narrow bridge or culverts,Human Error,No,Grievous Injury,Vehicle to Vehicle,Not at  Junction,Straight and flat,Arterial,Bitumen(Tar),Dry,Not Applicable,Clear,SILK BOARD FLY OVER,NEAR SILK BOARD JUNCTION,1KM,0.0,0.0
Bengaluru City,Madivala Traffic PS,1.04432e+16,2023,1,1,Road Accidents,Not Applicable,City/Town,Near Bus stop,Human Error,Yes,Grievous Injury,Not Applicable,Signal lights Blinking,Others,Others,Bitumen(Tar),Dry,Not Applicable,Fine,HOSURU MN RD,100,100,0.0,0.0
Bengaluru City,Madivala Traffic PS,1.04432e+16,2023,1,1,Road Accidents,Narrow road,City/Town,Near office complex,Human Error,No,Simple Injury,Hit bicyclist,Not at  Junction,Straight and flat,Sub Arterial,Bitumen(Tar),Dry,Not Applicable,Clear,KODICHIKKANAHALLI MAIN ROAD,NEAR BBMP OFFICE,3KM,0.0,0.0
Bengaluru City,Madivala Traffic PS,1.04432e+16,2023,1,1,Road Accidents,Cross roads,City/Town,Open area,Human Error,Yes,Grievous Injury,Hit pedestrian,Not Applicable,Straight and flat,Others,Bitumen(Tar),Dry,Not Applicable,Fine,OUTR RING RD,100,100,0.0,0.0
Bengaluru City,Madivala Traffic PS,1.04432e+16,2023,1,1,Road Accidents,Narrow road,City/Town,Near or inside a village,Human Error,No,Simple Injury,Hit pedestrian,Not at  Junction,Straight and flat,Arterial,Bitumen(Tar),Dry,Not Applicable,Clear,29TH MAIN ROAD,NEAR 29TH MANI SIGNLE,1KM,0.0,0.0
Bengaluru City,Madivala Traffic PS,1.04432e+16,2023,1,2,Rail Road Accidents,Narrow road,City/Town,Near Petrol Pump,Human Error,No,Grievous Injury,Vehicle to Vehicle,Not Applicable,Straight and flat,Arterial,Bitumen(Tar),Not Applicable,Not Applicable,Clear,29TH MAIN ROAD,NEAR BTM BUS STOP,1.5KM,0.0,0.0
Bengaluru City,Madivala Traffic PS,1.04432e+16,2023,1,1,Road Accidents,Circle,City/Town,Near Hospital,Human Error,No,Fatal,Vehicle to Vehicle,Controlled,Others,Others,Bitumen(Tar),Dry,Not Applicable,Fine,ST JOHN'S HOSPITAL,100,100,0.0,0.0
Bengaluru City,Madivala Traffic PS,1.04432e+16,2023,1,2,Rail Road Accidents,Narrow road,City/Town,Near a religious place,Human Error,No,Fatal,Hit pedestrian,Not at  Junction,Straight and flat,Arterial,Bitumen(Tar),Dry,Not Applicable,Clear,"HOSURU MAIN ROAD NEAR ANJNEYA TEMPLE, MADIWALA",NEAR HDFC BANK,500 MT,12.922571,77.619404
Bengaluru City,Madivala Traffic PS,1.04432e+16,2023,1,3,Road Accidents,Narrow road,City/Town,Narrow bridge or culverts,Human Error,No,Simple Injury,Vehicle to Vehicle,Not at  Junction,Straight and flat,NH,Bitumen(Tar),Dry,Not Applicable,Clear,HOSURU MAIN ROAD SILK BOARD FLY OVER,NEAR METRO STATION,1KM,0.0,0.0
Bengaluru City,Madivala Traffic PS,1.04432e+16,2023,1,2,Road Accidents,Road hump or Rumble strips,City/Town,Near office complex,Human Error,No,Damage Only,Vehicle to Vehicle,Signal lights Blinking,Straight and flat,Others,Bitumen(Tar),Dry,Not Applicable,Fine,100 FT RD,100,100,0.0,0.0
Bengaluru City,Madivala Traffic PS,1.04432e+16,2023,1,2,Road Accidents,Narrow road,City/Town,Near a religious place,Human Error,No,Grievous Injury,Vehicle to Vehicle,Not at  Junction,Straight and flat,Sub Arterial,Bitumen(Tar),Not Applicable,Not Applicable,Clear,BEGURU MAIN ROAD,NEAR CMC,2.5,0.0,0.0
Bengaluru City,Madivala Traffic PS,1.04432e+16,2023,1,2,Road Accidents,Narrow road,City/Town,Near or inside a village,Human Error,No,Simple Injury,Vehicle to Vehicle,Not Applicable,Straight and flat,Service Road,Bitumen(Tar),Dry,Not Applicable,Clear,BOMMANAHALLI SERVICE ROAD,NEAR RNS BUILDING,1KM,12.905313,77.627992
Bengaluru City,Madivala Traffic PS,1.04432e+16,2023,1,1,Road Accidents,Circle,Rural Areas,Near Bus stop,Human Error,No,Grievous Injury,Hit pedestrian,Controlled,Curve,Others,Bitumen(Tar),Dry,Not Applicable,Fine,10,100,200,12.931866,77.613464
Bengaluru City,Madivala Traffic PS,1.04432e+16,2023,1,1,Road Accidents,Narrow road,City/Town,Near a religious place,Human Error,No,Grievous Injury,Hit pedestrian,Not at  Junction,Straight and flat,Sub Arterial,Bitumen(Tar),Dry,Not Applicable,Clear,KODICHIKKANAHLLI MAIN ROAD,NEARC ANJNEYA TEMPLE,2.5 KM,0.0,0.0
Bengaluru City,Madivala Traffic PS,1.04432e+16,2023,1,1,Road Accidents,Circle,City/Town,Open area,Human Error,No,Grievous Injury,Hit pedestrian,Controlled,Others,Not Applicable,Bitumen(Tar),Dry,Not Applicable,Fine,BOMMANAHALLI,100,100,0.0,0.0
Bengaluru City,Madivala Traffic PS,1.04432e+16,2023,1,1,Road Accidents,Narrow road,City/Town,Open area,Human Error,Yes,Grievous Injury,Not Applicable,Not at  Junction,Straight and flat,NH,Bitumen(Tar),Dry,Not Applicable,Clear,HOSURU MAIN ROAD,NEAR G B PALYA BUS STOP,3KM,0.0,0.0
Bengaluru City,Madivala Traffic PS,1.04432e+16,2023,1,1,Road Accidents,Junction,City/Town,Near Hospital,Human Error,No,Damage Only,Vehicle to Vehicle,Controlled,Others,Others,Bitumen(Tar),Others,Not Applicable,Fine,ST JOHNS HOSPITAL,100,100,12.929542,77.615102
Bengaluru City,Madivala Traffic PS,1.04432e+16,2023,1,1,Road Accidents,Not Applicable,City/Town,Near a religious place,Human Error,No,Grievous Injury,Hit pedestrian,Not at  Junction,Others,Others,Bitumen(Tar),Dry,Not Applicable,Fine,HOSURU MNRD,100,100,0.0,0.0
Bengaluru City,Madivala Traffic PS,1.04432e+16,2023,1,2,Road Accidents,Narrow road,City/Town,Residential area,Human Error,Yes,Simple Injury,Vehicle to Vehicle,Not at  Junction,Straight and flat,Arterial,Bitumen(Tar),Dry,Not Applicable,Clear,BEGURU MAIN ROAD,NEAR SURYA BEKERY,3KM,0.0,0.0
Bengaluru City,Madivala Traffic PS,1.04432e+16,2023,1,3,Road Accidents,Narrow road,City/Town,Near Petrol Pump,Human Error,No,Simple Injury,Vehicle to Vehicle,Not at  Junction,Straight and flat,Arterial,Bitumen(Tar),Dry,Not Applicable,Clear,29TH MAIN ROAD,NEAR PETROL BUNK,1.5KM,12.917238,77.610536
Bengaluru City,Madivala Traffic PS,1.04432e+16,2023,1,2,Road Accidents,Narrow road,City/Town,Near Bus stop,Human Error,No,Simple Injury,Vehicle to Vehicle,Not at  Junction,Straight and flat,NH,Bitumen(Tar),Dry,Not Applicable,Clear,HOSURU MAIN ROAD NEAR ROOPENA AGRAHARA BUS STOP,NEAR BUS STOP,1.5 KM,12.912464,77.625397
Bengaluru City,Madivala Traffic PS,1.04432e+16,2023,1,2,Road Accidents,Cross roads,City/Town,Open area,Human Error,No,Simple Injury,Vehicle to Vehicle,Not Applicable,Others,Others,Bitumen(Tar),Dry,Not Applicable,Fine,HOSUR RD,100,100,0.0,0.0
Bengaluru City,Madivala Traffic PS,1.04432e+16,2023,1,1,Rail Road Accidents,Narrow road,City/Town,Residential area,Human Error,No,Grievous Injury,Hit pedestrian,Not at  Junction,Straight and flat,Arterial,Bitumen(Tar),Dry,Not Applicable,Clear,OUTER RING ROAD HSR,NEAR MADHULOKA BULDING,2KM,0.0,0.0
Bengaluru City,Madivala Traffic PS,1.04432e+16,2023,1,1,Road Accidents,Road hump or Rumble strips,City/Town,Near Bus stop,Human Error,Yes,Grievous Injury,Vehicle to Vehicle,Not at  Junction,Straight and flat,Expressway,Bitumen(Tar),Dry,Not Applicable,Fine,HOSURU MAIN ROAD NEAR RUPENA AGRAHARA BUS STOP,NEAR BUS STOP,2KM,12.942165,77.62599
Bengaluru City,Madivala Traffic PS,1.04432e+16,2023,1,2,Road Accidents,Narrow road,City/Town,Near Bus stop,Human Error,No,Fatal,Vehicle to Vehicle,Not at  Junction,Straight and flat,NH,Bitumen(Tar),Dry,Not Applicable,Clear,HOSURU MAIN ROAD SILK BOARD FLY OVER,NEAR SILK BOARD JUNCTION,1KM,12.917485,77.622847
Bengaluru City,Madivala Traffic PS,1.04432e+16,2023,1,3,Road Accidents,Narrow road,City/Town,Residential area,Human Error,Not Applicable,Damage Only,Vehicle to Vehicle,Not at  Junction,Straight and flat,Residential Street,Bitumen(Tar),Dry,Not Applicable,Clear,"TEACHERS COLONY ROAD, KORAMANGAL",TEACHERS COLONY,2KM,0.0,0.0
Bengaluru City,Madivala Traffic PS,1.04432e+16,2023,1,1,Road Accidents,Cross roads,City/Town,Residential area,Human Error,No,Grievous Injury,Hit bicyclist,Not Applicable,Straight and flat,Others,Bitumen(Tar),Flooded,Not Applicable,Fine,100,100,100,0.0,0.0
Bengaluru City,Madivala Traffic PS,1.04432e+16,2023,1,2,Rail Road Accidents,Narrow road,City/Town,Near School or College,Human Error,No,Damage Only,Vehicle to Vehicle,Not at  Junction,Straight and flat,NH,Bitumen(Tar),Dry,Not Applicable,Clear,"HOSURU MAIN ROAD, NEAR G B PALYA METRO STATION",NEAR OXFORD COLLEGE,2KM,0.0,0.0
Bengaluru City,Madivala Traffic PS,1.04432e+16,2023,1,1,Road Accidents,Narrow road,City/Town,Near or inside a village,Human Error,No,Grievous Injury,Hit pedestrian,Not at  Junction,Others,Sub Arterial,Bitumen(Tar),Dry,Not Applicable,Clear,"BEGURU MAIN ROAD, HONGASANDRA",NEAR SNP REDDY FLOUR MILL,3KM,0.0,0.0
Bengaluru City,Madivala Traffic PS,1.04432e+16,2023,1,2,Road Accidents,Cross roads,City/Town,Near Bus stop,Human Error,No,Fatal,Vehicle to Vehicle,Signal lights Blinking,Straight and flat,NH,Bitumen(Tar),Dry,Not Applicable,Fine,HOSUR MN RD,100,100,0.0,0.0