DISTRICTNAME,UNITNAME,Crime_No,Year,RI,Noofvehicle_involved,Accident_Classification,Accident_Spot,Accident_Location,Accident_SubLocation,Main_Cause,Hit_Run,Severity,Collision_Type,Junction_Control,Road_Character,Road_Type,Surface_Type,Surface_Condition,Road_Condition,Weather,Accident_Road,Landmark_first,Distance_LandMark_First,Latitude,Longitude
Bengaluru City,Madivala Traffic PS,1.04432e+16,2023,1,1,Road Accidents,Narrow road,City/Town,Near a recreation place/cinema,Human Error,No,Simple Injury,Hit pedestrian,Not at  Junction,Straight and flat,Service Road,Bitumen(Tar),Dry,Not Applicable,Clear,HOSURU MAIN ROAD,NEAR KRISHNA THETOR,2KM,0.0,0.0
Bengaluru City,Madivala Traffic PS,1.04432e+16,2023,1,2,Road Accidents,Junction,City/Town,Near Hospital,Human Error,Yes,Grievous Injury,Vehicle to Vehicle,Controlled,Others,Others,Bitumen(Tar),Dry,Not Applicable,Fine,100,100,100,0.0,0.0
Bengaluru City,Madivala Traffic PS,1.04432e+16,2023,1,1,Road Accidents,Narrow road,City/Town,Open area,Human Error,No,Fatal,Hit pedestrian,Not at  Junction,Straight and flat,Arterial,Bitumen(Tar),Dry,Not Applicable,Clear,HSR 5TH MAIN ROAD,NEAR MADHULOKA CAR GARAGE,2KM,12.918029,77.632054
Bengaluru City,Madivala Traffic PS,1.04432e+16,2023,1,1,Road Accidents,Junction,City/Town,Near Hospital,Human Error,No,Simple Injury,Hit pedestrian,Signal lights Manual,Straight and flat,NH,Bitumen(Tar),Dry,Not Applicable,Clear,"HOSURU MAIN ROAD, BOMMANAHALLI JUNCTION",NEAR PRASHANTH HOSPITAL,1.5 KM,0.0,0.0
Bengaluru City,Madivala Traffic PS,1.04432e+16,2023,1,1,Road Accidents,Narrow road,City/Town,Near a religious place,Human Error,No,Simple Injury,Hit pedestrian,Not at  Junction,Straight and flat,Arterial,Bitumen(Tar),Dry,Not Applicable,Clear,HOSURU MAIN ROAD MADIWALA,NEAR ANJANEYA TEMPLE,750MTR,0.0,0.0
Bengaluru City,Madivala Traffic PS,1.04432e+16,2023,1,2,Road Accidents,Junction,City/Town,Near Bus stop,Human Error,No,Simple Injury,Vehicle to Vehicle,Signals (Working),Straight and flat,Arterial,Bitumen(Tar),Dry,Not Applicable,Clear,"HOSURU MAIN ROAD, NEAR ST.JOHNSSIGNLE",NEAR ST JOHNS HOSPITAL BUS STOP,2.5 KM,12.929551,77.615017
Bengaluru City,Magadi Road Traffic PS,1.04432e+16,2016,1,1,Road Accidents,Cross roads,City/Town,Open area,Human Error,No,Grievous Injury,Skidding or Self accident,Uncontrolled,Others,City or Town Road,Bitumen(Tar),Dry,Not Applicable,Clear,Mysore Diviation Road Service Road,Opp Shobha Devalapers,2 K M,12.98000593,77.56430395
Bengaluru City,Magadi Road Traffic PS,1.04432e+16,2016,1,1,Road Accidents,Narrow road,City/Town,Near Bus stop,Human Error,No,Grievous Injury,Hit pedestrian,Uncontrolled,Straight and flat,City or Town Road,Bitumen(Tar),Dry,Not Applicable,Fine,Magadi Road,Near Gandhi medicals,1 KM,12.97589873,77.55263194
Bengaluru City,Magadi Road Traffic PS,1.04432e+16,2016,1,1,Road Accidents,Not Applicable,City/Town,Near Bus stop,Human Error,No,Simple Injury,Hit pedestrian,Not Applicable,Not Applicable,City or Town Road,Bitumen(Tar),Dry,No influence on accident,Fine,mysore road,Near Old Guddadahalli Busstop,3 km,12.96106514,77.55085301
Bengaluru City,Magadi Road Traffic PS,1.04432e+16,2016,1,2,Road Accidents,Other,City/Town,Near Petrol Pump,Human Error,Yes,Damage Only,Hit fixed object,Not at  Junction,Others,City or Town Road,Bitumen(Tar),Others,No influence on accident,Others,Mysour Road,Shell Petrol Bunk,0,12.96106514,77.55085301
Bengaluru City,Magadi Road Traffic PS,1.04432e+16,2016,1,1,Road Accidents,Narrow road,City/Town,Near office complex,Human Error,No,Fatal,Hit pedestrian,Signal lights Automatic,Straight and flat,City or Town Road,Bitumen(Tar),Others,No influence on accident,Others,Dr Rajkumar road,Kundan Electricals,28,77.55263194,12.97589873
Bengaluru City,Magadi Road Traffic PS,1.04432e+16,2016,1,1,Road Accidents,Other,City/Town,Near office complex,Human Error,Yes,Grievous Injury,Hit pedestrian,No signal lights,Straight and flat,City or Town Road,Bitumen(Tar),Others,No influence on accident,Others,MAGADI ROAD,MUKESH PATIONS,8,12.975888,77.55744
Bengaluru City,Magadi Road Traffic PS,1.04432e+16,2016,1,2,Road Accidents,Other,City/Town,Affected by encroachments,Human Error,No,Simple Injury,Not Applicable,Not Applicable,Not Applicable,City or Town Road,Bitumen(Tar),Dry,No influence on accident,Fine,2nd cross and 3rd main junction,industrial estate rajajinagar 6 block,800 mt,12.98100761,77.5491366
Bengaluru City,Magadi Road Traffic PS,1.04432e+16,2016,1,1,Road Accidents,Junction,City/Town,Affected by encroachments,Human Error,No,Grievous Injury,Hit pedestrian,Not Applicable,Not Applicable,City or Town Road,Bitumen(Tar),Dry,No influence on accident,Fine,12th main road and 69th cross junction,Near Sharada Book Centre,1 km,12.98148505,77.55392705
Bengaluru City,Magadi Road Traffic PS,1.04432e+16,2016,1,1,Road Accidents,Not Applicable,City/Town,Near a religious place,Human Error,No,Simple Injury,Hit pedestrian,Not Applicable,Not Applicable,City or Town Road,Bitumen(Tar),Dry,No influence on accident,Fine,J J R Nagara Main road,Opp Mariyamma Temple,3 km,12.96292125,77.55878602
Bengaluru City,Magadi Road Traffic PS,1.04432e+16,2016,1,1,Road Accidents,Cross roads,City/Town,Residential area,Human Error,Yes,Simple Injury,Hit pedestrian,Not at  Junction,Straight and flat,City or Town Road,Bitumen(Tar),Others,No influence on accident,Clear,11th Cross Road,No 16,0,0.0,0.0
Bengaluru City,Magadi Road Traffic PS,1.04432e+16,2016,1,2,Road Accidents,T Junction,City/Town,Near a religious place,Human Error,No,Damage Only,Side swipe,Uncontrolled,Others,City or Town Road,Bitumen(Tar),Dry,Not Applicable,Fine,Mysore Diviation Road,Venkateshwara Temple,2KM,12.98024715,77.56448256
Bengaluru City,Magadi Road Traffic PS,1.04432e+16,2016,1,1,Road Accidents,Not Applicable,City/Town,Affected by encroachments,Human Error,Yes,Fatal,Hit and Run,Not Applicable,Not Applicable,City or Town Road,Bitumen(Tar),Dry,No influence on accident,Fine,Mysore Deviation Road,Near Venkateshwara Temple,1.5 km,12.98024715,77.56448256
Bengaluru City,Magadi Road Traffic PS,1.04432e+16,2016,1,2,Road Accidents,Cross roads,City/Town,Residential area,Human Error,No,Damage Only,Others,Not at  Junction,Straight and flat,City or Town Road,Bitumen(Tar),Others,No influence on accident,Others,5th Cross road,house no 25,3,77.55682697,12.9810239
Bengaluru City,Magadi Road Traffic PS,1.04432e+16,2016,1,2,Road Accidents,T Junction,City/Town,Near a factory industrial area,Human Error,No,Damage Only,Hit parked vehicle,Controlled,Others,City or Town Road,Bitumen(Tar),Dry,Not Applicable,Clear,GLOBAL PRINTING RAJAJINAGARA INDUSTRIAL ESTATE,INDUSTRIAL ESTATE,1 K M,12.584714,77.330634
Bengaluru City,Magadi Road Traffic PS,1.04432e+16,2016,1,2,Road Accidents,Cross roads,City/Town,Open area,Human Error,Yes,Damage Only,Rear end,Uncontrolled,Others,City or Town Road,Bitumen(Tar),Dry,Not Applicable,Clear,Mysore Diviation Road Service Road,Opp Shobadevalopers,2.K.M,12.98117594,77.56424351
Bengaluru City,Magadi Road Traffic PS,1.04432e+16,2016,1,2,Road Accidents,Other,City/Town,Near a factory industrial area,Human Error,Yes,Grievous Injury,Overturning,Uncontrolled,Others,City or Town Road,Bitumen(Tar),Dry,Not Applicable,Fine,4th Main Road,Opp Kamadenu Arcade,600 M,12.98073938,77.54994599
Bengaluru City,Magadi Road Traffic PS,1.04432e+16,2016,1,2,Road Accidents,Junction,City/Town,In bazaar,Human Error,No,Grievous Injury,Head on,Signal lights Automatic,Others,City or Town Road,Bitumen(Tar),Dry,Not Applicable,Fine,Magadi Road,Prasanna theatre Junction,300 M,12.97589873,77.55263194
Bengaluru City,Magadi Road Traffic PS,1.04432e+16,2016,1,1,Road Accidents,Cross roads,City/Town,Residential area,Human Error,Yes,Grievous Injury,Hit pedestrian,Uncontrolled,Others,City or Town Road,Bitumen(Tar),Dry,Not Applicable,Fine,Gopal pura 2nd Cross,Opp Sha floores Products,1K M,12.9758569,77.5610411
Bengaluru City,Magadi Road Traffic PS,1.04432e+16,2016,1,2,Road Accidents,Not Applicable,City/Town,Affected by encroachments,Human Error,No,Grievous Injury,Head on,Not Applicable,Not Applicable,City or Town Road,Bitumen(Tar),Dry,No influence on accident,Fine,Magadi Road,Below Namma Metro Station,500 mt,12.97566,77.55548
Bengaluru City,Magadi Road Traffic PS,1.04432e+16,2016,1,1,Road Accidents,Not Applicable,City/Town,Affected by encroachments,Human Error,Not Applicable,Fatal,Hit pedestrian,Not Applicable,Not Applicable,City or Town Road,Bitumen(Tar),Dry,No influence on accident,Fine,M G Railway Colony,Near Kendriya Vidyalaya,2 Km,0.0,0.0
Bengaluru City,Magadi Road Traffic PS,1.04432e+16,2016,1,1,Road Accidents,Not Applicable,City/Town,Affected by encroachments,Human Error,Yes,Fatal,Hit and Run,Not Applicable,Not Applicable,City or Town Road,Bitumen(Tar),Dry,No influence on accident,Fine,pipe line road,Railway Bridge Road,1 km,12.96633438,77.5445331
Bengaluru City,Magadi Road Traffic PS,1.04432e+16,2016,1,1,Road Accidents,Cross roads,City/Town,Near office complex,Human Error,Yes,Simple Injury,Hit pedestrian,Uncontrolled,Curve,City or Town Road,Bitumen(Tar),Dry,Not Applicable,Fine,Magadi Road 5th Cross,Near Post Office,1.KM,12.97570684,77.56057748
Bengaluru City,Magadi Road Traffic PS,1.04432e+16,2016,1,2,Road Accidents,T Junction,City/Town,Near office complex,Human Error,Yes,Fatal,Head on,Uncontrolled,Others,City or Town Road,Concrete,Dry,Not Applicable,Fine,Magadi Road,Near Railway Bridge,2.K.M,12.97265334,77.56623363
Bengaluru City,Magadi Road Traffic PS,1.04432e+16,2016,1,1,Road Accidents,Curves,City/Town,Residential area,Human Error,Yes,Grievous Injury,Hit pedestrian,Uncontrolled,Curve,City or Town Road,Bitumen(Tar),Dry,Not Applicable,Fine,11th Main Road K P Agrahara,Opp SBI Qtrs,3.K.M,12.97037508,77.5653444
Bengaluru City,Magadi Road Traffic PS,1.04432e+16,2016,1,2,Road Accidents,Not Applicable,City/Town,Near a recreation place/cinema,Human Error,Yes,Simple Injury,Hit and Run,Not Applicable,Not Applicable,City or Town Road,Bitumen(Tar),Dry,No influence on accident,Fine,Magadi Road,Opp Magadi Road Police Station,100 mt,0.0,0.0
Bengaluru City,Magadi Road Traffic PS,1.04432e+16,2016,1,2,Road Accidents,Bridge,City/Town,Near Hospital,Not Applicable,Yes,Simple Injury,Head on,Controlled,Others,City or Town Road,Bitumen(Tar),Dry,Not Applicable,Clear,VIJAYANAGARA PIPELANE UNDERPASS ROAD,NEAR RAILWAY BRIDGE,1.5 km,0.0,0.0
Bengaluru City,Magadi Road Traffic PS,1.04432e+16,2016,1,1,Road Accidents,Junction,City/Town,In bazaar,Human Error,No,Grievous Injury,Hit pedestrian,Signal lights Automatic,Others,City or Town Road,Bitumen(Tar),Dry,Not Applicable,Fine,Dr.Rajkumar Road At Basavamantapa Circle,Basavamantapa Circle,1.K.M,12.9799158,77.5537945
Bengaluru City,Magadi Road Traffic PS,1.04432e+16,2016,1,1,Road Accidents,Not Applicable,City/Town,Affected by encroachments,Human Error,Not Applicable,Damage Only,Hit fixed object,Not Applicable,Curve,City or Town Road,Bitumen(Tar),Dry,No influence on accident,Fine,1st B main road,new binny layout,3 km,12.580302,77.33367
Bengaluru City,Magadi Road Traffic PS,1.04432e+16,2016,1,2,Road Accidents,Circle,City/Town,Affected by encroachments,Human Error,Yes,Simple Injury,Hit and Run,Controlled,Not Applicable,City or Town Road,Bitumen(Tar),Dry,No influence on accident,Fine,Dr Rajkumar Road,Basavamantapa Cirlce,1 km,12.9799158,77.5537945
Bengaluru City,Magadi Road Traffic PS,1.04432e+16,2016,1,1,Not Applicable,Not Applicable,City/Town,Near Hospital,Human Error,Yes,Not Applicable,Not Applicable,Not at  Junction,Not Applicable,City or Town Road,Bitumen(Tar),Others,Not Applicable,Others,Magadi road,Hunasemara Juction,0,12.97567608,77.55617903
Bengaluru City,Magadi Road Traffic PS,1.04432e+16,2016,1,2,Road Accidents,Curves,City/Town,Open area,Human Error,Yes,Grievous Injury,Rear end,Uncontrolled,Curve,City or Town Road,Bitumen(Tar),Dry,Not Applicable,Clear,Mysore Diviation Road,Neat K B Junction,2.K.M.,12.98189903,77.56453176
Bengaluru City,Magadi Road Traffic PS,1.04432e+16,2016,1,1,Road Accidents,Cross roads,City/Town,Residential area,Human Error,No,Grievous Injury,Hit pedestrian,Uncontrolled,Straight and flat,City or Town Road,Bitumen(Tar),Dry,Not Applicable,Fine,73rd Cross Rajajinagara 6th Block,Near Ganesh Medicals,1.KM,12.9799158,77.5537945
Bengaluru City,Magadi Road Traffic PS,1.04432e+16,2016,1,1,Road Accidents,Narrow road,City/Town,Near Bus stop,Human Error,Yes,Grievous Injury,Hit pedestrian,No signal lights,Straight and flat,City or Town Road,Bitumen(Tar),Others,No influence on accident,Others,Magadi road,BMTC BUS STOP,0,12.97570684,77.56057748
Bengaluru City,Magadi Road Traffic PS,1.04432e+16,2016,1,1,Road Accidents,Y Junction,City/Town,Near a recreation place/cinema,Human Error,No,Grievous Injury,Hit pedestrian,Uncontrolled,Others,City or Town Road,Bitumen(Tar),Dry,Not Applicable,Clear,Magadi Road,Infront Of Prasanna Theatre,200 M,12.97427624,77.55145877
Bengaluru City,Magadi Road Traffic PS,1.04432e+16,2016,1,2,Road Accidents,T Junction,City/Town,Near a religious place,Human Error,Yes,Grievous Injury,Side swipe,Uncontrolled,Others,City or Town Road,Bitumen(Tar),Dry,Not Applicable,Fine,Magadi Road Near Sai Baba Temple,POlice Colony Junction,500 M,12.97432682,77.54924807
Bengaluru City,Magadi Road Traffic PS,1.04432e+16,2016,1,2,Road Accidents,T Junction,City/Town,Near a religious place,Human Error,No,Damage Only,Side impact or Right angle,Uncontrolled,Others,City or Town Road,Bitumen(Tar),Dry,Not Applicable,Fine,Mysore diviation Road,Near Venkateshwara temple,2.km,12.98024715,77.56448256
Bengaluru City,Magadi Road Traffic PS,1.04432e+16,2016,1,2,Road Accidents,Other,City/Town,Near a factory industrial area,Human Error,No,Damage Only,Head on,Uncontrolled,Straight and flat,City or Town Road,Bitumen(Tar),Dry,Not Applicable,Clear,72th Cross Rajajinagara 6th Block,Near Industrial Estate,1.KM,12.98073938,77.54994599
Bengaluru City,Magadi Road Traffic PS,1.04432e+16,2016,1,1,Road Accidents,Other,City/Town,Affected by encroachments,Human Error,Yes,Grievous Injury,Hit and Run,Not Applicable,Not Applicable,City or Town Road,Bitumen(Tar),Dry,No influence on accident,Fine,1st main Nagamma Nagar,Near Eshwar Temple,2 km,0.0,0.0
Bengaluru City,Magadi Road Traffic PS,1.04432e+16,2016,1,2,Road Accidents,Cross roads,City/Town,Residential area,Human Error,Yes,Grievous Injury,Side impact or Right angle,Uncontrolled,Others,City or Town Road,Bitumen(Tar),Dry,Not Applicable,Clear,65th Cross And 11th  Main Road Junction,5th Block,2.KM,12.98271993,77.55487313
Bengaluru City,Magadi Road Traffic PS,1.04432e+16,2016,1,2,Road Accidents,Curves,City/Town,Near a factory industrial area,Human Error,No,Damage Only,Rear end,Uncontrolled,Curve,City or Town Road,Bitumen(Tar),Dry,Not Applicable,Fine,Mysore Diviation Road,Opp Parijatha Roller flore Mill,2.KM,12.97836017,77.56469685
Bengaluru City,Magadi Road Traffic PS,1.04432e+16,2016,1,1,Road Accidents,Narrow road,City/Town,Near office complex,Human Error,Yes,Grievous Injury,Hit pedestrian,Not at  Junction,Straight and flat,City or Town Road,Bitumen(Tar),Others,No influence on accident,Others,Magadi Road,Mathura Mangilal bankars,45,12.9758569,77.5610411
Bengaluru City,Magadi Road Traffic PS,1.04432e+16,2016,1,1,Road Accidents,Other,City/Town,Near a religious place,Human Error,Yes,Grievous Injury,Hit bicyclist,Not at  Junction,Others,City or Town Road,Bitumen(Tar),Dry,Not Applicable,Clear,Mysore Diviation Road,Near Hunasemara Circle,1.K.M,12.98024715,77.56448256
Bengaluru City,Magadi Road Traffic PS,1.04432e+16,2016,1,1,Road Accidents,T Junction,City/Town,Residential area,Human Error,Yes,Simple Injury,Hit pedestrian,Uncontrolled,Others,City or Town Road,Bitumen(Tar),Dry,Not Applicable,Clear,2ND CROSS RAJAJINAGARA 6TH BLOCK,NEAR GOPALPURA CROSS,2.K.M,12.98062459,77.55870901
Bengaluru City,Magadi Road Traffic PS,1.04432e+16,2016,1,1,Road Accidents,Junction,City/Town,In bazaar,Human Error,No,Grievous Injury,Hit pedestrian,Signal lights Automatic,Others,City or Town Road,Bitumen(Tar),Dry,Not Applicable,Fine,Magadi Road Prasanna Theatre Junction,Opp Kundan Electronics,300 M,12.97589873,77.55263194
Bengaluru City,Magadi Road Traffic PS,1.04432e+16,2017,1,2,Road Accidents,More than four arms,City/Town,In bazaar,Human Error,Yes,Damage Only,Rear end,Uncontrolled,Straight and flat,City or Town Road,Bitumen(Tar),Dry,Not Applicable,Fine,Magadi Road,Near Post Office,1KM,0.0,0.0
Bengaluru City,Magadi Road Traffic PS,1.04432e+16,2017,1,1,Road Accidents,T Junction,City/Town,Near School or College,Human Error,No,Grievous Injury,Hit pedestrian,Uncontrolled,Straight and flat,City or Town Road,Bitumen(Tar),Dry,Not Applicable,Fine,M.G.Railway colony Main Road,Near Anugraha Community Hall,3.K.M,12.98071349,77.56712579
Bengaluru City,Magadi Road Traffic PS,1.04432e+16,2017,1,3,Road Accidents,Other,City/Town,Near a religious place,Human Error,Yes,Grievous Injury,Rear end,Uncontrolled,Straight and flat,City or Town Road,Bitumen(Tar),Dry,Not Applicable,Clear,Magadi Road,Namma metro station under,1,12.975596,77.55522
Bengaluru City,Magadi Road Traffic PS,1.04432e+16,2017,1,2,Road Accidents,Junction,City/Town,Near Petrol Pump,Human Error,No,Grievous Injury,Side impact or Right angle,Signal lights Automatic,Straight and flat,City or Town Road,Bitumen(Tar),Dry,Not Applicable,Fine,Magadi Road,Near Total Gaz Bunk,1,12.973855,77.549625
Bengaluru City,Magadi Road Traffic PS,1.04432e+16,2017,1,1,Road Accidents,Other,City/Town,Near Bus stop,Human Error,No,Fatal,Hit pedestrian,Uncontrolled,Others,City or Town Road,Bitumen(Tar),Dry,Not Applicable,Clear,J J R Nagara Main Road,Opp Nandhini Dairy,1,12.96292125,77.55878602
Bengaluru City,Magadi Road Traffic PS,1.04432e+16,2017,1,1,Road Accidents,Other,City/Town,In bazaar,Human Error,Yes,Fatal,Hit pedestrian,Uncontrolled,Straight and flat,City or Town Road,Bitumen(Tar),Dry,Not Applicable,Fine,Magadi Road,Near Corpuration Market Jataka stand,1,12.975795,77.560375
Bengaluru City,Magadi Road Traffic PS,1.04432e+16,2017,1,2,Road Accidents,T Junction,City/Town,Residential area,Human Error,Yes,Damage Only,Hit fixed object,Uncontrolled,Straight and flat,City or Town Road,Bitumen(Tar),Dry,Not Applicable,Fine,6th Cross Road And 1st A Main Road Junction,Near Banashankari Tmeple,3,12.983771,77.537868
Bengaluru City,Magadi Road Traffic PS,1.04432e+16,2017,1,2,Road Accidents,T Junction,City/Town,Near Hospital,Human Error,Yes,Grievous Injury,Overturning,Uncontrolled,Straight and flat,City or Town Road,Bitumen(Tar),Dry,Not Applicable,Clear,Kendriya Vidyalaya Stop Quarters Road,Near Railway Hospital,1,12.98071349,77.56712579
Bengaluru City,Magadi Road Traffic PS,1.04432e+16,2017,1,2,Road Accidents,Other,City/Town,Near a factory industrial area,Human Error,Yes,Simple Injury,Side impact or Right angle,Uncontrolled,Others,City or Town Road,Bitumen(Tar),Dry,Not Applicable,Clear,5th Main Road Industrial Town,Near Benaka electricals,1,12.585122,77.324119
Bengaluru City,Magadi Road Traffic PS,1.04432e+16,2017,1,1,Road Accidents,T Junction,City/Town,Near a religious place,Human Error,Yes,Simple Injury,Hit pedestrian,Uncontrolled,Straight and flat,City or Town Road,Bitumen(Tar),Dry,Not Applicable,Clear,J J R Nagara Main Road,Near Church,1,12.963964,77.557015
Bengaluru City,Magadi Road Traffic PS,1.04432e+16,2017,1,2,Road Accidents,Junction,City/Town,Near School or College,Human Error,Yes,Grievous Injury,Side swipe,Uncontrolled,Straight and flat,City or Town Road,Bitumen(Tar),Dry,Not Applicable,Clear,2nd Main Road,Near ABC Ground,1,12.97240143,77.54828978
Bengaluru City,Magadi Road Traffic PS,1.04432e+16,2017,1,2,Road Accidents,Junction,City/Town,Residential area,Human Error,No,Grievous Injury,Side impact or Right angle,Uncontrolled,Others,City or Town Road,Bitumen(Tar),Dry,Not Applicable,Fine,64th Cross and 17th E Main Road Junction,Near East West Acodemy School,2 KM,12.98073938,77.54994599
Bengaluru City,Magadi Road Traffic PS,1.04432e+16,2017,1,2,Road Accidents,Other,City/Town,In bazaar,Human Error,No,Grievous Injury,Side impact or Right angle,Uncontrolled,Straight and flat,City or Town Road,Bitumen(Tar),Dry,Not Applicable,Clear,Magadi Road,Near Namma Metro station,1,12.97550721,77.55391769
Bengaluru City,Magadi Road Traffic PS,1.04432e+16,2017,1,2,Road Accidents,Other,City/Town,In bazaar,Human Error,No,Grievous Injury,Side swipe,Uncontrolled,Straight and flat,City or Town Road,Bitumen(Tar),Dry,Not Applicable,Fine,Magadi Road,Near Anjan Theatre,1 KM,12.97547292,77.55707981
Bengaluru City,Magadi Road Traffic PS,1.04432e+16,2017,1,1,Road Accidents,Other,City/Town,Near Hospital,Human Error,Yes,Simple Injury,Hit pedestrian,Uncontrolled,Straight and flat,Two way,Bitumen(Tar),Dry,Not Applicable,Fine,Magadi Road,Near Abhinava Hospital,1,12.97550721,77.55391769
Bengaluru City,Magadi Road Traffic PS,1.04432e+16,2017,1,4,Road Accidents,Other,City/Town,In bazaar,Human Error,No,Simple Injury,Rear end,Uncontrolled,Straight and flat,City or Town Road,Bitumen(Tar),Dry,Not Applicable,Clear,Magadi Road,Opp Jataka stand,1,12.975739,77.560452
Bengaluru City,Magadi Road Traffic PS,1.04432e+16,2017,1,2,Road Accidents,Other,City/Town,Near Hospital,Human Error,No,Grievous Injury,Rear end,Uncontrolled,Straight and flat,City or Town Road,Bitumen(Tar),Dry,Not Applicable,Clear,Magadi Road,Near Cholur Palya Junction,1,12.974251,77.549167
Bengaluru City,Magadi Road Traffic PS,1.04432e+16,2017,1,2,Road Accidents,Junction,City/Town,Residential area,Human Error,No,Grievous Injury,Side impact or Right angle,Uncontrolled,Steep Incline or Climb,City or Town Road,Bitumen(Tar),Dry,Not Applicable,Fine,18th Main Road and 64th Cross Junction,Near Madhu Hotel,2,12.983297,77.550874
Bengaluru City,Magadi Road Traffic PS,1.04432e+16,2017,1,1,Road Accidents,Other,City/Town,Near Bus stop,Human Error,No,Grievous Injury,Not Applicable,Uncontrolled,Others,City or Town Road,Bitumen(Tar),Dry,Not Applicable,Fine,Magadi Road,Cholur Palya BMTC Bus Stop,500 M,12.97390339,77.54955487
Bengaluru City,Magadi Road Traffic PS,1.04432e+16,2017,1,3,Road Accidents,Cross roads,City/Town,Near office complex,Human Error,No,Simple Injury,Hit parked vehicle,Uncontrolled,Others,City or Town Road,Bitumen(Tar),Dry,Not Applicable,Clear,4th Cross Old Guddadahalli,Near H M Trade Links,1,12.96106514,77.55085301
Bengaluru City,Magadi Road Traffic PS,1.04432e+16,2017,1,1,Road Accidents,Other,City/Town,In bazaar,Human Error,Yes,Grievous Injury,Hit pedestrian,Uncontrolled,Straight and flat,City or Town Road,Bitumen(Tar),Dry,Not Applicable,Clear,Dr.Rajkumar Road,Near 75th E Cross,1,12.97589873,77.55263194
Bengaluru City,Magadi Road Traffic PS,1.04432e+16,2017,1,2,Road Accidents,T Junction,City/Town,In bazaar,Human Error,No,Grievous Injury,Rear end,Uncontrolled,Straight and flat,City or Town Road,Bitumen(Tar),Dry,Not Applicable,Fine,Magadi Road,Near Bulla Industries estate,700 M,12.97547292,77.55707981
Bengaluru City,Magadi Road Traffic PS,1.04432e+16,2017,1,1,Road Accidents,Curves,City/Town,Residential area,Human Error,No,Fatal,Skidding or Self accident,Uncontrolled,Curve,City or Town Road,Bitumen(Tar),Dry,Not Applicable,Fine,Mysore diviation,Opp Prestige Group west woods,2.KM,12.97240143,77.54828978
Bengaluru City,Magadi Road Traffic PS,1.04432e+16,2017,1,2,Road Accidents,T Junction,City/Town,Residential area,Human Error,Yes,Damage Only,Rear end,Uncontrolled,Straight and flat,City or Town Road,Bitumen(Tar),Dry,Not Applicable,Fine,10th A Main Road,61th Cross Road Junction,2.KM,12.98271993,77.55487313
Bengaluru City,Magadi Road Traffic PS,1.04432e+16,2017,1,1,Road Accidents,T Junction,City/Town,Residential area,Human Error,Yes,Grievous Injury,Hit pedestrian,Uncontrolled,Straight and flat,City or Town Road,Concrete,Dry,Not Applicable,Fine,Magadi road 1st cross K P Agrahara cross Road Keshavanagara,Infront Of Dhanalaxmi Nilaya,1,12.97037508,77.5653444
Bengaluru City,Magadi Road Traffic PS,1.04432e+16,2017,1,1,Road Accidents,Other,City/Town,Near office complex,Human Error,Yes,Grievous Injury,Hit pedestrian,Uncontrolled,Straight and flat,City or Town Road,Bitumen(Tar),Dry,Not Applicable,Clear,4th Main Road Rajajinagara Industrial Estate,4th Main Road,1,12.97769,77.551237
Bengaluru City,Magadi Road Traffic PS,1.04432e+16,2017,1,2,Road Accidents,Other,City/Town,Near a religious place,Human Error,No,Simple Injury,Head on,Uncontrolled,Straight and flat,City or Town Road,Bitumen(Tar),Dry,Not Applicable,Clear,Raypuram Main road,Near Church,1,12.964443,77.556606
Bengaluru City,Magadi Road Traffic PS,1.04432e+16,2017,1,2,Road Accidents,Junction,City/Town,Near School or College,Human Error,No,Damage Only,Side impact or Right angle,Signal lights Automatic,Others,City or Town Road,Bitumen(Tar),Dry,Not Applicable,Clear,Magadi Road,Magadi Road Hunasemara Junction,1,12.975863,77.564365
Bengaluru City,Magadi Road Traffic PS,1.04432e+16,2017,1,1,Road Accidents,Other,City/Town,Near Hospital,Human Error,No,Grievous Injury,Others,Uncontrolled,Straight and flat,City or Town Road,Bitumen(Tar),Dry,Not Applicable,Clear,Magadi Road,Near Sai Baba Temple,1,12.974749,77.548762