DISTRICTNAME,UNITNAME,Crime_No,Year,RI,Noofvehicle_involved,Accident_Classification,Accident_Spot,Accident_Location,Accident_SubLocation,Main_Cause,Hit_Run,Severity,Collision_Type,Junction_Control,Road_Character,Road_Type,Surface_Type,Surface_Condition,Road_Condition,Weather,Accident_Road,Landmark_first,Distance_LandMark_First,Latitude,Longitude
Bengaluru City,Magadi Road Traffic PS,1.04432e+16,2019,1,2,Road Accidents,Junction,City/Town,Near a factory industrial area,Human Error,Yes,Grievous Injury,Vehicle to Vehicle,Uncontrolled,Dip or trough,Others,Bitumen(Tar),Dry,Not Applicable,Fine,12th Main Road Rajajinagar,12th Main Road Rajajinagar near Rajakumar Samudaya Bhavan,1KM,12.980602,77.553873
Bengaluru City,Magadi Road Traffic PS,1.04432e+16,2019,1,1,Road Accidents,Narrow road,City/Town,Near Petrol Pump,Human Error,No,Simple Injury,Hit pedestrian,Uncontrolled,Curve,Two way,Bitumen(Tar),Dry,Not Applicable,Fine,Magadi Road,Magadi Road,500m,12.975758,77.556924
Bengaluru City,Magadi Road Traffic PS,1.04432e+16,2019,1,2,Road Accidents,Cross roads,City/Town,Near a factory industrial area,Human Error,No,Simple Injury,Vehicle to Vehicle,Uncontrolled,Curve,Others,Bitumen(Tar),Dry,Not Applicable,Fine,WOC Service Road,Maya appliances pvt limited,500Mtr,12.976954,77.548725
Bengaluru City,Magadi Road Traffic PS,1.04432e+16,2019,1,2,Road Accidents,Curves,City/Town,Residential area,Human Error,Yes,Grievous Injury,Vehicle to Vehicle,Uncontrolled,Curve,Two way,Bitumen(Tar),Dry,Not Applicable,Fine,Magadi Raod,M G Railway Qut Near RPF bark,3Km,12.980147,77.567779
Bengaluru City,Magadi Road Traffic PS,1.04432e+16,2019,1,1,Road Accidents,Cross roads,City/Town,Residential area,Human Error,No,Simple Injury,Hit pedestrian,Uncontrolled,Not Applicable,Two way,Bitumen(Tar),Dry,Not Applicable,Fine,22th Croos Bhuvaneswrinagar,Near Kadapaswmimatha,1.5KM,12.970446,77.555149
Bengaluru City,Magadi Road Traffic PS,1.04432e+16,2019,1,1,Road Accidents,Narrow road,City/Town,Near Hospital,Human Error,Yes,Simple Injury,Hit pedestrian,Uncontrolled,Straight and flat,Others,Bitumen(Tar),Dry,Not Applicable,Fine,Magadi Road,Near Metro Station Magadi Road,400,12.975478,77.554104
Bengaluru City,Magadi Road Traffic PS,1.04432e+16,2019,1,2,Road Accidents,Cross roads,City/Town,In bazaar,Human Error,No,Grievous Injury,Head on,Uncontrolled,Straight and flat,City or Town Road,Bitumen(Tar),Dry,Not Applicable,Fine,Magadi Road Service Road,Opp G T World Mall,100 M,12.973639,77.551142
Bengaluru City,Magadi Road Traffic PS,1.04432e+16,2019,1,2,Road Accidents,Narrow road,City/Town,Near Bus stop,Human Error,Yes,Grievous Injury,Vehicle to Vehicle,Uncontrolled,Others,Two way,Bitumen(Tar),Dry,Not Applicable,Fine,Magadi Road,G T World Mall,200m,12.974414,77.551743
Bengaluru City,Magadi Road Traffic PS,1.04432e+16,2020,1,1,Road Accidents,Cross roads,City/Town,Near Bus stop,Human Error,No,Grievous Injury,Hit pedestrian,Uncontrolled,Others,Two way,Bitumen(Tar),Dry,Not Applicable,Fine,WEST OF CARD ROAD SERVICE ROAD,Near Indira Canteen,1 Km,12.9758,77.5494
Bengaluru City,Magadi Road Traffic PS,1.04432e+16,2020,1,2,Road Accidents,Cross roads,City/Town,Residential area,Human Error,No,Fatal,Vehicle to Vehicle,Uncontrolled,Not Applicable,Two way,Bitumen(Tar),Dry,Not Applicable,Fine,64th Cross Rajajinagar,Near 6th Block Rajajinagr,2 km,12.9832,77.5528
Bengaluru City,Magadi Road Traffic PS,1.04432e+16,2020,1,2,Road Accidents,Cross roads,City/Town,Residential area,Human Error,No,Grievous Injury,Vehicle to Vehicle,Uncontrolled,Not Applicable,Two way,Bitumen(Tar),Dry,Not Applicable,Fine,Rajajinagar 10th c main Road,Near Devi Condiments,2KM,12.9781,77.5545
Bengaluru City,Magadi Road Traffic PS,1.04432e+16,2020,1,1,Road Accidents,Curves,City/Town,Near Bus stop,Human Error,No,Grievous Injury,Hit pedestrian,Uncontrolled,Curve,Two way,Bitumen(Tar),Dry,Not Applicable,Fine,Magadi Raod,Near Angalaparameswri Tempel,2 km,12.9741,77.5662
Bengaluru City,Magadi Road Traffic PS,1.04432e+16,2020,1,1,Road Accidents,Curves,City/Town,Near Petrol Pump,Human Error,No,Grievous Injury,Hit pedestrian,Uncontrolled,Curve,Service Road,Bitumen(Tar),Dry,Not Applicable,Fine,WOC Service Road,Near Petrol Pump,500m,12.975685,77.5486
Bengaluru City,Magadi Road Traffic PS,1.04432e+16,2020,1,1,Road Accidents,Curves,City/Town,Near Bus stop,Human Error,No,Damage Only,Not Applicable,Uncontrolled,Curve,Two way,Bitumen(Tar),Dry,Not Applicable,Fine,Mysore Division Road,Near K B junction,2KM,0.0,0.0
Bengaluru City,Magadi Road Traffic PS,1.04432e+16,2020,1,2,Road Accidents,Curves,City/Town,Near Hospital,Human Error,Yes,Fatal,Vehicle to Vehicle,Uncontrolled,Curve,Two way,Bitumen(Tar),Dry,Not Applicable,Fine,Magadi Raod,Near Angalaparameswri Tempel,5Km,12.9732,77.5664
Bengaluru City,Magadi Road Traffic PS,1.04432e+16,2020,1,1,Road Accidents,Cross roads,City/Town,Near Bus stop,Human Error,Not Applicable,Grievous Injury,Hit pedestrian,Uncontrolled,Others,Service Road,Bitumen(Tar),Dry,Not Applicable,Fine,WEST OF CARD ROAD SERVICE ROAD,Near GTTC,1 Km,12.979643,77.549138
Bengaluru City,Magadi Road Traffic PS,1.04432e+16,2020,1,1,Road Accidents,Circle,City/Town,Residential area,Human Error,No,Grievous Injury,Hit pedestrian,Uncontrolled,Others,Two way,Bitumen(Tar),Dry,Not Applicable,Fine,Manjunatha Nagar,7th Cross Manjunatha nagar,3KM,12.9709,77.5492
Bengaluru City,Magadi Road Traffic PS,1.04432e+16,2020,1,2,Road Accidents,Not Applicable,City/Town,Near School or College,Human Error,No,Simple Injury,Vehicle to Vehicle,Uncontrolled,Curve,Two way,Bitumen(Tar),Dry,Not Applicable,Fine,Magadi Raod,Hanaman Tent House,500M,12.9755,77.5566
Bengaluru City,Magadi Road Traffic PS,1.04432e+16,2020,1,2,Road Accidents,Cross roads,City/Town,Residential area,Human Error,Yes,Grievous Injury,Vehicle to Vehicle,Uncontrolled,Curve,Two way,Bitumen(Tar),Dry,Not Applicable,Fine,Rajajinagar 72th Cross,Near Kristan Sweet Stalla,2KM,12.9831,77.554
Bengaluru City,Magadi Road Traffic PS,1.04432e+16,2020,1,2,Road Accidents,Curves,City/Town,Near Hospital,Human Error,Yes,Simple Injury,Vehicle to Vehicle,Uncontrolled,Curve,Two way,Bitumen(Tar),Dry,Not Applicable,Fine,Vijanagar Pipe Line Raod,Samanna Garden Under Pass,2KM,12.9644,77.5437
Bengaluru City,Magadi Road Traffic PS,1.04432e+16,2020,1,2,Road Accidents,Curves,City/Town,Near Bus stop,Human Error,No,Damage Only,Vehicle to Vehicle,Uncontrolled,Curve,Two way,Bitumen(Tar),Dry,Not Applicable,Fine,WOC Road,Near Chowdeswri Kalyan Mantap,2KM,12.9755,77.5486
Bengaluru City,Magadi Road Traffic PS,1.04432e+16,2020,1,2,Road Accidents,Not Applicable,City/Town,Near Hospital,Human Error,No,Grievous Injury,Vehicle to Vehicle,Uncontrolled,Others,Two way,Bitumen(Tar),Dry,Not Applicable,Fine,WOC Road,Near Sidwin Hospital,2KM,12.9827,77.5491
Bengaluru City,Magadi Road Traffic PS,1.04432e+16,2020,1,1,Road Accidents,Curves,City/Town,Residential area,Human Error,Yes,Fatal,Hit pedestrian,Uncontrolled,Curve,Two way,Bitumen(Tar),Dry,Not Applicable,Fine,Hosahalli main Raod,Near Maramma Tempel,2KM,12.9691,77.558691
Bengaluru City,Magadi Road Traffic PS,1.04432e+16,2020,1,2,Road Accidents,Cross roads,City/Town,Near office complex,Human Error,Yes,Grievous Injury,Vehicle to Vehicle,Uncontrolled,Curve and Incline,Two way,Bitumen(Tar),Dry,Not Applicable,Fine,Dr.Rajakumar Road,Near 6th Block Rajajinagr,1Km,12.978216,77.55323
Bengaluru City,Magadi Road Traffic PS,1.04432e+16,2020,1,2,Road Accidents,Cross roads,City/Town,Near a factory industrial area,Human Error,Yes,Grievous Injury,Vehicle to Vehicle,Uncontrolled,Others,Two way,Bitumen(Tar),Dry,Not Applicable,Fine,12th Main Road Rajajinagar,62th Cross,2KM,12.9806,7.5538
Bengaluru City,Magadi Road Traffic PS,1.04432e+16,2020,1,1,Road Accidents,Not Applicable,City/Town,Residential area,Not Applicable,No,Fatal,Not Applicable,Uncontrolled,Hump,Two way,Bitumen(Tar),Dry,Not Applicable,Fine,Basaveswaranagara 8th main road Janavi enterpraies near,Janavi enterpraies Near,2 km,12.9841,77.5424
Bengaluru City,Magadi Road Traffic PS,1.04432e+16,2020,1,2,Road Accidents,Not Applicable,City/Town,Near a factory industrial area,Human Error,Yes,Grievous Injury,Vehicle to Vehicle,Uncontrolled,Not Applicable,Two way,Bitumen(Tar),Dry,Not Applicable,Fine,3rd Main road Rajajinagar,Nera Raghavedra Auto Mobile,2Km,12.9766,77.5473
Bengaluru City,Magadi Road Traffic PS,1.04432e+16,2020,1,1,Road Accidents,Not Applicable,City/Town,Residential area,Human Error,No,Grievous Injury,Hit pedestrian,Uncontrolled,Not Applicable,Two way,Bitumen(Tar),Dry,Not Applicable,Fine,1st Main Road Vidyaranya nagra,Near Guru Krupa Bar,500m,12.9729,77.5501
Bengaluru City,Magadi Road Traffic PS,1.04432e+16,2020,1,2,Road Accidents,Not Applicable,City/Town,Near a factory industrial area,Not Applicable,No,Damage Only,Not Applicable,Not Applicable,Others,Others,Not Applicable,Others,Not Applicable,Clear,no-B 89 1st main 5th cross. near sub rigister office opposite.Rajajinagara indusrial area.,Sub rigister office,2 km,12.979,77.552
Bengaluru City,Magadi Road Traffic PS,1.04432e+16,2020,1,2,Road Accidents,Curves,City/Town,Near a factory industrial area,Human Error,No,Grievous Injury,Vehicle to Vehicle,Uncontrolled,Curve,Two way,Bitumen(Tar),Dry,Not Applicable,Fine,West Of Cord Road,M C Circula Under pass,2KM,12.9755,77.5486
Bengaluru City,Magadi Road Traffic PS,1.04432e+16,2020,1,2,Road Accidents,Circle,City/Town,Near Hospital,Human Error,Yes,Grievous Injury,Vehicle to Vehicle,Uncontrolled,Others,Two way,Bitumen(Tar),Dry,Not Applicable,Fine,Magadi Raod Cholara palya,Near Spine Care Hospital,500Mtr,12.973786,77.549406
Bengaluru City,Magadi Road Traffic PS,1.04432e+16,2020,1,1,Road Accidents,Cross roads,City/Town,Residential area,Human Error,No,Grievous Injury,Hit pedestrian,Uncontrolled,Not Applicable,One way,Bitumen(Tar),Dry,Not Applicable,Fine,1st Main Road K P Agrahar,22th Cross,1.5KM,12.9653,77.5472
Bengaluru City,Magadi Road Traffic PS,1.04432e+16,2020,1,1,Road Accidents,Cross roads,City/Town,Residential area,Human Error,No,Simple Injury,Not Applicable,Uncontrolled,Hump,Two way,Bitumen(Tar),Dry,Not Applicable,Fine,4th Main Road Vidyranya Nagar,Near Bengaluru One,500Mtr,12.9723,77.5474
Bengaluru City,Magadi Road Traffic PS,1.04432e+16,2021,1,1,Road Accidents,Cross roads,City/Town,Open area,Human Error,No,Grievous Injury,Hit pedestrian,Uncontrolled,Not Applicable,Two way,Bitumen(Tar),Dry,Not Applicable,Fine,Prasanna junction near magadi road,Near prasanna junction police chowki,300 mi,12.9751,77.5523
Bengaluru City,Magadi Road Traffic PS,1.04432e+16,2021,1,2,Road Accidents,Not Applicable,City/Town,Near Bus stop,Human Error,No,Grievous Injury,Vehicle to Vehicle,Uncontrolled,Not Applicable,Two way,Bitumen(Tar),Dry,Not Applicable,Fine,Dr.Rajakumar Road,Near Maurua Hotel,500M,12.9762,77.5525
Bengaluru City,Magadi Road Traffic PS,1.04432e+16,2021,1,1,Road Accidents,Cross roads,City/Town,Residential area,Not Applicable,No,Simple Injury,Hit pedestrian,Uncontrolled,Not Applicable,Residential Street,Surfaced,Dry,Not Applicable,Clear,Rajajinagara 6th block Near Anugraha pg,Near Anugraha pg,1 KM,12.9802,77.5528
Bengaluru City,Magadi Road Traffic PS,1.04432e+16,2021,1,2,Road Accidents,Curves,City/Town,Residential area,Human Error,No,Simple Injury,Vehicle to Vehicle,Uncontrolled,Curve,Two way,Bitumen(Tar),Dry,Not Applicable,Fine,Mysore Deviation Road,Near Prestige Apartment,2KM,12.97731,77.5648
Bengaluru City,Magadi Road Traffic PS,1.04432e+16,2021,1,1,Road Accidents,Not Applicable,City/Town,Residential area,Not Applicable,No,Grievous Injury,Hit pedestrian,Not at  Junction,Not Applicable,Others,Not Applicable,Dry,Not Applicable,Clear,K P Agahara 1st main road 22nd cross,Nead puttamma house,2 km,12.9707,77.5537
Bengaluru City,Magadi Road Traffic PS,1.04432e+16,2021,1,2,Road Accidents,Curves,City/Town,Residential area,Not Applicable,Yes,Grievous Injury,Vehicle to Vehicle,Uncontrolled,Curve,Residential Street,Bitumen(Tar),Dry,Not Applicable,Fine,Dasarahalli 17th cross.,Near bramhalingeswara hotel,2 km,12.9824,77.5373
Bengaluru City,Magadi Road Traffic PS,1.04432e+16,2021,1,1,Road Accidents,Circle,City/Town,Residential area,Human Error,No,Fatal,Hit pedestrian,Uncontrolled,Not Applicable,Service Road,Bitumen(Tar),Dry,Not Applicable,Fine,WOC Service Road,Near Post Office,1Km,12.9774,77.5493
Bengaluru City,Magadi Road Traffic PS,1.04432e+16,2021,1,1,Road Accidents,Cross roads,City/Town,Residential area,Human Error,No,Simple Injury,Hit pedestrian,Not at  Junction,Curve,Sub Arterial,Bitumen(Tar),Dry,Not Applicable,Clear,Cholarapalya 10th cross,cholarapalya mori,2km,12.9697,77.5495
Bengaluru City,Magadi Road Traffic PS,1.04432e+16,2021,1,1,Road Accidents,Cross roads,City/Town,Residential area,Not Applicable,Yes,Grievous Injury,Hit pedestrian,Uncontrolled,Curve,Residential Street,Bitumen(Tar),Dry,Not Applicable,Clear,"Vidyaranyanagara 1st cross, cholarapalya",Near water tank,500,12.9731,77.5504
Bengaluru City,Magadi Road Traffic PS,1.04432e+16,2021,1,2,Road Accidents,Curves,City/Town,Near Hospital,Human Error,No,Grievous Injury,Vehicle to Vehicle,Uncontrolled,Curve,Two way,Bitumen(Tar),Dry,Not Applicable,Fine,Mysore Division Road,Near West Ford Hotel,2KM,12.9793,77.5644
Bengaluru City,Magadi Road Traffic PS,1.04432e+16,2021,1,2,Road Accidents,Not Applicable,City/Town,Near Bus stop,Human Error,Yes,Simple Injury,Vehicle to Vehicle,Uncontrolled,Not Applicable,Two way,Bitumen(Tar),Dry,Not Applicable,Fine,Magadi Road,Near Magadi Road Traffic Police Station,200M,12.974,77.5495
Bengaluru City,Magadi Road Traffic PS,1.04432e+16,2021,1,2,Road Accidents,Circle,City/Town,Residential area,Human Error,No,Simple Injury,Vehicle to Vehicle,Uncontrolled,Others,Two way,Bitumen(Tar),Dry,Not Applicable,Fine,WOC Road,Near Giriyas,2KM,12.9845,77.5492
Bengaluru City,Magadi Road Traffic PS,1.04432e+16,2021,1,2,Road Accidents,Cross roads,City/Town,Residential area,Human Error,Yes,Grievous Injury,Vehicle to Vehicle,Uncontrolled,Not Applicable,Two way,Bitumen(Tar),Dry,Not Applicable,Fine,Agrahar Dhasarahalli 17th Cross,Near Kumar House,4Km,12.9836,77.4562
Bengaluru City,Magadi Road Traffic PS,1.04432e+16,2021,1,1,Road Accidents,Not Applicable,City/Town,Residential area,Not Applicable,No,Simple Injury,Not Applicable,Uncontrolled,Not Applicable,Others,Bitumen(Tar),Dry,Not Applicable,Clear,Rajkumar road near Al bek hotel,Rajkumar road,300,12.9781,77.5532
Bengaluru City,Magadi Road Traffic PS,1.04432e+16,2021,1,1,Road Accidents,Not Applicable,City/Town,Near Bus stop,Human Error,Yes,Fatal,Not Applicable,Uncontrolled,Not Applicable,Service Road,Bitumen(Tar),Dry,Not Applicable,Fine,WOC Road,Near Home Gard Office,2 KM,12.9803,77.5487
Bengaluru City,Magadi Road Traffic PS,1.04432e+16,2021,1,2,Road Accidents,Not Applicable,City/Town,Open area,Not Applicable,No,Grievous Injury,Vehicle to Vehicle,Controlled,Not Applicable,Sub Arterial,Bitumen(Tar),Dry,Not Applicable,Clear,Rajkumar road near gopalapura cross,gopalapura cross,2 km,12.98051,77.55785
Bengaluru City,Magadi Road Traffic PS,1.04432e+16,2021,1,1,Road Accidents,Curves,City/Town,Near Petrol Pump,Human Error,No,Fatal,Hit pedestrian,Uncontrolled,Curve,Two way,Bitumen(Tar),Dry,Not Applicable,Fine,Hosahalli Main Road,Near Telecom Layout Gas Bunk,2KM,12.9655,77.5481
Bengaluru City,Magadi Road Traffic PS,1.04432e+16,2021,1,2,Road Accidents,Curves,City/Town,Near Bus stop,Human Error,No,Grievous Injury,Vehicle to Vehicle,Uncontrolled,Curve,Two way,Bitumen(Tar),Dry,Not Applicable,Fine,Magadi Road,Near Hunasemara Juction,2KM,12.9756,77.5649
Bengaluru City,Magadi Road Traffic PS,1.04432e+16,2021,1,2,Road Accidents,Not Applicable,City/Town,Residential area,Not Applicable,No,Fatal,Not Applicable,Not Applicable,Others,Sub Arterial,Not Applicable,Others,Not Applicable,Others,17 TH Cross Agarahara Dasarahalli,Near BBMP office,2 km,12.9818,77.5394
Bengaluru City,Magadi Road Traffic PS,1.04432e+16,2021,1,2,Road Accidents,Curves,City/Town,Near School or College,Human Error,No,Damage Only,Vehicle to Vehicle,Uncontrolled,Curve,Two way,Bitumen(Tar),Dry,Not Applicable,Fine,Dr.Rajakumar Road,Near S J R School,2KM,12.9808,77.5586
Bengaluru City,Magadi Road Traffic PS,1.04432e+16,2021,1,3,Not Applicable,Junction,City/Town,Near a factory industrial area,Not Applicable,No,Damage Only,Not Applicable,Police / Manual,Curve,Service Road,Bitumen(Tar),Dry,Not Applicable,Fine,Industrial road,Industrial road,2 km,12.9763,77.5531
Bengaluru City,Magadi Road Traffic PS,1.04432e+16,2021,1,1,Road Accidents,Cross roads,City/Town,Residential area,Human Error,No,Grievous Injury,Hit pedestrian,Uncontrolled,Not Applicable,Two way,Bitumen(Tar),Dry,Not Applicable,Fine,9th Cross Agrahar Dhasarahalli,Near Guru Raja Bar,2 km,12.9808,77.5427
Bengaluru City,Magadi Road Traffic PS,1.04432e+16,2021,1,1,Road Accidents,Not Applicable,City/Town,Near Bus stop,Human Error,No,Fatal,Hit pedestrian,Uncontrolled,Not Applicable,Service Road,Bitumen(Tar),Dry,Not Applicable,Fine,WOC Service Road,Near Post Office,1KM,12.9778,77.5491
Bengaluru City,Magadi Road Traffic PS,1.04432e+16,2021,1,1,Road Accidents,Cross roads,City/Town,At pedestrian Crossing,Not Applicable,No,Simple Injury,Hit pedestrian,Not at  Junction,Not Applicable,Others,Bitumen(Tar),Dry,Not Applicable,Clear,Cholarapalya 2nd cross near Ganesha medicales,Cholarapalya 2nd cross near Ganesha medicales,1 KM,12.97221,77.54995
Bengaluru City,Magadi Road Traffic PS,1.04432e+16,2021,1,2,Road Accidents,Not Applicable,City/Town,Open area,Not Applicable,No,Simple Injury,Vehicle to Vehicle,No signal lights,Not Applicable,Others,Bitumen(Tar),Dry,Not Applicable,Clear,Magadi road metro station,Near metro station,300 mi,12.9757,77.5557
Bengaluru City,Magadi Road Traffic PS,1.04432e+16,2021,1,1,Road Accidents,Not Applicable,City/Town,Near School or College,Not Applicable,No,Simple Injury,Hit pedestrian,No signal lights,Straight and flat,Arterial,Bitumen(Tar),Not Applicable,Not Applicable,Not Applicable,Sheshadripuram college near,Sheshadripuram college near,500 Mi,12.9756,77.5568
Bengaluru City,Magadi Road Traffic PS,1.04432e+16,2021,1,2,Road Accidents,Cross roads,City/Town,Residential area,Human Error,No,Grievous Injury,Vehicle to Vehicle,Uncontrolled,Not Applicable,Two way,Bitumen(Tar),Dry,Not Applicable,Fine,Magadi Road 6th Cross,Muddu galli,2KM,12.9776,77.5584
Bengaluru City,Magadi Road Traffic PS,1.04432e+16,2021,1,1,Road Accidents,Junction,City/Town,Near Bus stop,Human Error,No,Simple Injury,Hit pedestrian,Controlled,Curve,Two way,Bitumen(Tar),Dry,Not Applicable,Fine,Dr.Rajakumar Road,Near Basavamantapa  Junction,2 km,12.9798,77.5537
Bengaluru City,Magadi Road Traffic PS,1.04432e+16,2021,1,1,Road Accidents,Curves,City/Town,Near School or College,Not Applicable,Yes,Grievous Injury,Hit pedestrian,No signal lights,Curve,Residential Street,Bitumen(Tar),Dry,Not Applicable,Clear,Rajajinagara 60th cross,Rajajinagara 60th cross,2km,12.984284,77.555731
Bengaluru City,Magadi Road Traffic PS,1.04432e+16,2022,1,2,Road Accidents,Junction,City/Town,In bazaar,Human Error,Yes,Grievous Injury,Vehicle to Vehicle,Police / Manual,Curve,Two way,Bitumen(Tar),Dry,Not Applicable,Clear,Magadi road m c circle junction,Near m c circle,500 m,12.9748,77.5484
Bengaluru City,Magadi Road Traffic PS,1.04432e+16,2022,1,1,Road Accidents,Curves,City/Town,Residential area,Human Error,No,Simple Injury,Hit pedestrian,Uncontrolled,Curve,Two way,Bitumen(Tar),Dry,Not Applicable,Fine,Hosahalli Main Road,Near K K Function Hall,2KM,12.9644,77.5495
Bengaluru City,Magadi Road Traffic PS,1.04432e+16,2022,1,2,Road Accidents,Junction,City/Town,Near Hospital,Human Error,Not Applicable,Fatal,Vehicle to Vehicle,Uncontrolled,Not Applicable,Two way,Bitumen(Tar),Dry,Not Applicable,Fine,Magadi Road,Cholurpalya Juction,500M,12.9739,77.5496
Bengaluru City,Magadi Road Traffic PS,1.04432e+16,2022,1,2,Road Accidents,Curves,City/Town,Open area,Not Applicable,No,Grievous Injury,Vehicle to Vehicle,Not at  Junction,Curve,Sub Arterial,Not Applicable,Dry,Not Applicable,Clear,Magadi road,MAGADI ROAD,1,12.9757,77.5576
Bengaluru City,Magadi Road Traffic PS,1.04432e+16,2022,1,2,Road Accidents,Offset,City/Town,Near School or College,Human Error,No,Grievous Injury,Vehicle to Vehicle,Uncontrolled,Not Applicable,Two way,Bitumen(Tar),Dry,Not Applicable,Fine,Magadi Road,Near Sheshadripuram Collage,1KM,12.9757,77.5565
Bengaluru City,Magadi Road Traffic PS,1.04432e+16,2022,1,2,Not Applicable,Curves,City/Town,Residential area,Not Applicable,Not Applicable,Fatal,Vehicle to Vehicle,Not at  Junction,Others,Sub Arterial,Bitumen(Tar),Wet,Not Applicable,Clear,Shamanna garden underpass,Bridge,1 km,12.9644,77.5437
Bengaluru City,Magadi Road Traffic PS,1.04432e+16,2022,1,2,Road Accidents,Junction,City/Town,Open area,Human Error,No,Grievous Injury,Vehicle to Vehicle,Not Applicable,Sharp Curve,Sub Arterial,Bitumen(Tar),Dry,Not Applicable,Clear,Hunasemara junction,Bridge,2 km,12.9757,77.5645
Bengaluru City,Magadi Road Traffic PS,1.04432e+16,2022,1,2,Road Accidents,Circle,City/Town,Open area,Not Applicable,No,Grievous Injury,Vehicle to Vehicle,Controlled,Curve,Others,Bitumen(Tar),Dry,Not Applicable,Clear,Shamanna garden  road,near bridge,2,12.968,77.5453
Bengaluru City,Magadi Road Traffic PS,1.04432e+16,2022,1,2,Road Accidents,Not Applicable,City/Town,In bazaar,Human Error,No,Grievous Injury,Vehicle to Vehicle,Not at  Junction,Not Applicable,Not Applicable,Bitumen(Tar),Not Applicable,No influence on accident,Clear,Rajkumar road near sangeetha show room,Near sangeetha show room,1 km,12.9777,77.5531
Bengaluru City,Magadi Road Traffic PS,1.04432e+16,2022,1,1,Road Accidents,Cross roads,City/Town,Residential area,Human Error,No,Fatal,Hit pedestrian,Uncontrolled,Curve,Two way,Bitumen(Tar),Dry,Not Applicable,Fine,J J R Nagar Hosahalli Main Road,Near Rayapurm Arche,2KM,12.96407,77.5566
Bengaluru City,Magadi Road Traffic PS,1.04432e+16,2022,1,2,Road Accidents,Curves,City/Town,Near Bus stop,Human Error,Yes,Grievous Injury,Vehicle to Vehicle,Uncontrolled,Curve,Two way,Bitumen(Tar),Dry,Not Applicable,Fine,Magadi Road,Near Agala Prameswri Tempel,2KM,12.9722,77.5667
Bengaluru City,Magadi Road Traffic PS,1.04432e+16,2022,1,1,Road Accidents,Circle,City/Town,Residential area,Human Error,No,Grievous Injury,Not Applicable,Uncontrolled,Curve,Two way,Bitumen(Tar),Dry,Not Applicable,Fine,Hosahalli Main Road Near telicom layot,Telicom layout,2 km,12.9656,77.5482
Bengaluru City,Magadi Road Traffic PS,1.04432e+16,2022,1,1,Road Accidents,Junction,City/Town,Residential area,Human Error,No,Grievous Injury,Hit pedestrian,Controlled,Curve,Sub Arterial,Bitumen(Tar),Dry,Not Applicable,Clear,Ambedkara bhavana roa,jjr nagara,2,12.9651,77.5553
Bengaluru City,Magadi Road Traffic PS,1.04432e+16,2022,1,2,Road Accidents,Curves,City/Town,Near a factory industrial area,Not Applicable,No,Grievous Injury,Vehicle to Vehicle,Not Applicable,Curve,Sub Arterial,Bitumen(Tar),Dry,Not Applicable,Clear,Arafat nagara bridge,jjr nagara,2 km,12.9576,77.5341
Bengaluru City,Magadi Road Traffic PS,1.04432e+16,2022,1,1,Road Accidents,Cross roads,City/Town,Residential area,Human Error,No,Grievous Injury,Hit pedestrian,Uncontrolled,Not Applicable,One way,Bitumen(Tar),Dry,Not Applicable,Fine,1st Main Road Cholara paya,Opp ganesha Tempel,500KM,12.9727,77.5491
Bengaluru City,Magadi Road Traffic PS,1.04432e+16,2022,1,1,Road Accidents,Not Applicable,City/Town,Residential area,Human Error,No,Fatal,Not Applicable,Not Applicable,Others,Sub Arterial,Bitumen(Tar),Dry,Not Applicable,Clear,Basaveswara nagara,basaveswara nagara main road,2,12.98463,77.54517
Bengaluru City,Magadi Road Traffic PS,1.04432e+16,2022,1,2,Road Accidents,Cross roads,City/Town,Residential area,Not Applicable,Yes,Simple Injury,Vehicle to Vehicle,Not Applicable,Curve,Others,Bitumen(Tar),Dry,Not Applicable,Clear,Dasarahalli main road,Dasarahalli main road,2 km,12.98325,7.54263
Bengaluru City,Magadi Road Traffic PS,1.04432e+16,2022,1,1,Not Applicable,Curves,City/Town,Near office complex,Not Applicable,Yes,Grievous Injury,Vehicle to Vehicle,Uncontrolled,Straight and flat,Others,Bitumen(Tar),Dry,Not Applicable,Clear,Rajkumar road,Rajkumar road,100,12.97776,77.55308
Bengaluru City,Magadi Road Traffic PS,1.04432e+16,2022,1,2,Road Accidents,Junction,City/Town,Near office complex,Not Applicable,No,Grievous Injury,Vehicle to Vehicle,Controlled,Curve,Others,Bitumen(Tar),Dry,Not Applicable,Clear,Rajajinagara industrial estate,Bramakshai hotel near,1 KM,12.9783,77.5512
Bengaluru City,Magadi Road Traffic PS,1.04432e+16,2022,1,1,Not Applicable,Circle,City/Town,Open area,Not Applicable,No,Simple Injury,Hit pedestrian,Controlled,Others,Others,Bitumen(Tar),Dry,Not Applicable,Clear,Magadi main road,Cholarapaly junction,500,12.9739,77.5496
Bengaluru City,Magadi Road Traffic PS,1.04432e+16,2023,1,1,Road Accidents,Circle,City/Town,In bazaar,Not Applicable,Yes,Grievous Injury,Hit pedestrian,Give way sign,Curve,Others,Bitumen(Tar),Dry,Not Applicable,Clear,MAGADI ROAD,Near prasanna junction,200,12.975002,77.552226