DISTRICTNAME,UNITNAME,Crime_No,Year,RI,Noofvehicle_involved,Accident_Classification,Accident_Spot,Accident_Location,Accident_SubLocation,Main_Cause,Hit_Run,Severity,Collision_Type,Junction_Control,Road_Character,Road_Type,Surface_Type,Surface_Condition,Road_Condition,Weather,Accident_Road,Landmark_first,Distance_LandMark_First,Latitude,Longitude
Bengaluru City,Magadi Road Traffic PS,1.04432e+16,2023,1,2,Road Accidents,Cross roads,City/Town,Residential area,Human Error,Yes,Simple Injury,Vehicle to Vehicle,Uncontrolled,Straight and flat,Arterial,Bitumen(Tar),Dry,Not Applicable,Clear,Banashankari temple road,Near Annapurneswari hotel,20 met,12.956842,77.542315
Bengaluru City,Magadi Road Traffic PS,1.04432e+16,2023,1,2,Road Accidents,Circle,City/Town,Open area,Not Applicable,Yes,Grievous Injury,Vehicle to Vehicle,Controlled,Curve,Sub Arterial,Bitumen(Tar),Dry,Not Applicable,Clear,MAGADI ROAD,Magadi road near cholarapalya junction,100,12.97401,22.5496
Bengaluru City,Magadi Road Traffic PS,1.04432e+16,2023,1,1,Road Accidents,Narrow road,City/Town,Near a religious place,Not Applicable,No,Simple Injury,Not Applicable,Controlled,Hump,Residential Street,Bitumen(Tar),Dry,Not Applicable,Clear,Hoahalli main road,Near Church,100 Me,12.96325,77.63259
Bengaluru City,Magadi Road Traffic PS,1.04432e+16,2023,1,2,Road Accidents,Curves,City/Town,Open area,Human Error,No,Simple Injury,Vehicle to Vehicle,Not at  Junction,Curve,Others,Bitumen(Tar),Dry,Not Applicable,Clear,West of card road,FF junction,100 mi,12.980828,77.549129
Bengaluru City,Magadi Road Traffic PS,1.04432e+16,2023,1,1,Road Accidents,Narrow road,City/Town,Open area,Human Error,Not Applicable,Fatal,Not Applicable,Uncontrolled,Straight and flat,Sub Arterial,Bitumen(Tar),Dry,Not Applicable,Clear,Pipeline road Sunkadakatte,Electricle pole,45feet,12.977565,77.564773
Bengaluru City,Magadi Road Traffic PS,1.04432e+16,2023,1,1,Not Applicable,Narrow road,City/Town,Near Bus stop,Human Error,No,Fatal,Not Applicable,Controlled,Others,Arterial,Bitumen(Tar),Not Applicable,No influence on accident,Clear,West of chard road,Near Indira canteen,100 Me,12.974256,77.542653
Bengaluru City,Magadi Road Traffic PS,1.04432e+16,2023,1,2,Road Accidents,Junction,City/Town,Residential area,Human Error,Yes,Grievous Injury,Vehicle to Vehicle,Uncontrolled,Straight and flat,Arterial,Bitumen(Tar),Dry,Not Applicable,Clear,Basavamantapa to Bhasyam circle,Near Bhasyam circle,100 me,12.974563,77.548263
Bengaluru City,Magadi Road Traffic PS,1.04432e+16,2023,1,1,Road Accidents,Circle,City/Town,Near Hospital,Not Applicable,No,Grievous Injury,Hit pedestrian,Not Applicable,Curve,Sub Arterial,Bitumen(Tar),Dry,Not Applicable,Not Applicable,Mgadi main road,Near hospital,100,12.9856,77.6985
Bengaluru City,Magadi Road Traffic PS,1.04432e+16,2023,1,2,Not Applicable,Circle,City/Town,In bazaar,Human Error,No,Grievous Injury,Vehicle to Vehicle,Not Applicable,Curve,Sub Arterial,Bitumen(Tar),Others,Not Applicable,Clear,Rajkumar road,near basava mantapa,100,12.986324,77.236523
Bengaluru City,Magadi Road Traffic PS,1.04432e+16,2023,1,3,Road Accidents,Cross roads,City/Town,Narrow bridge or culverts,Human Error,Yes,Grievous Injury,Vehicle to Vehicle,Uncontrolled,Curve,Sub Arterial,Bitumen(Tar),Dry,Not Applicable,Clear,Ubder shyamanna garden bridge,Near Shyamanna garden,50 Met,12.974563,77.542315
Bengaluru City,Magadi Road Traffic PS,1.04432e+16,2023,1,2,Road Accidents,Cross roads,City/Town,Residential area,Human Error,No,Grievous Injury,Hit pedestrian,Not at  Junction,Curve,Others,Bitumen(Tar),Dry,Not Applicable,Clear,Cholarapalaya 2nd cross,Near lakki store,500 mi,12.9736,77.5491
Bengaluru City,Magadi Road Traffic PS,1.04432e+16,2023,1,2,Road Accidents,Narrow road,City/Town,Near Hospital,Human Error,No,Simple Injury,Vehicle to Vehicle,Not Applicable,Straight and flat,Arterial,Bitumen(Tar),Dry,Not Applicable,Clear,Magadi road,Near Metro station,100 me,12.975596,77.554514
Bengaluru City,Magadi Road Traffic PS,1.04432e+16,2023,1,1,Road Accidents,Circle,City/Town,At pedestrian Crossing,Human Error,No,Fatal,Not Applicable,Controlled,Curve,Sub Arterial,Bitumen(Tar),Dry,Not Applicable,Clear,MAGADI ROAD,Near magadi road police staion,100 MI,12.9749,77.5497
Bengaluru City,Magadi Road Traffic PS,1.04432e+16,2023,1,2,Road Accidents,Cross roads,City/Town,Open area,Human Error,Yes,Damage Only,Vehicle to Vehicle,Signal lights Manual,Curve,Sub Arterial,Bitumen(Tar),Dry,Not Applicable,Clear,MAGADI ROAD,Near hunasemara junction,1 km,12.96569,77.2659
Bengaluru City,Magadi Road Traffic PS,1.04432e+16,2023,1,1,Not Applicable,Curves,City/Town,Near School or College,Not Applicable,No,Grievous Injury,Not Applicable,Not Applicable,Curve and Incline,Sub Arterial,Bitumen(Tar),Not Applicable,Not Applicable,Clear,Rajajinagara 6th block road,Near Venkat school,1 KM,12.98141,77.56003
Bengaluru City,Magadi Road Traffic PS,1.04432e+16,2023,1,1,Road Accidents,Narrow road,City/Town,Open area,Human Error,No,Fatal,Not Applicable,No signal lights,Curve and Incline,Arterial,Concrete,Dry,Not Applicable,Clear,Old Mysore road,Near Prestige apartment,100 me,12.9773,77.56481
Bengaluru City,Magadi Road Traffic PS,1.04432e+16,2023,1,1,Road Accidents,Narrow road,City/Town,Near School or College,Human Error,No,Fatal,Not Applicable,Controlled,Hump,Arterial,Bitumen(Tar),Dry,Not Applicable,Clear,"Oppsoite SBI Bank road, West of chord road",Near SBI Bank,150 Me,12.975634,77.542638
Bengaluru City,Magadi Road Traffic PS,1.04432e+16,2023,1,1,Road Accidents,Cross roads,City/Town,Residential area,Human Error,No,Grievous Injury,Not Applicable,No signal lights,Others,Sub Arterial,Bitumen(Tar),Dry,No influence on accident,Clear,Main road,Gururaja Bar & Restuarant,40 ft,12.98066,77.54277
Bengaluru City,Magadi Road Traffic PS,1.04432e+16,2023,1,1,Not Applicable,Narrow road,City/Town,Near School or College,Not Applicable,No,Grievous Injury,Hit pedestrian,Not Applicable,Others,Arterial,Bitumen(Tar),Dry,Not Applicable,Clear,Haleguddadahalli main road,Near CMA School,2 km,12.96006,77.55383
Bengaluru City,Magadi Road Traffic PS,1.04432e+16,2023,1,1,Not Applicable,Narrow road,City/Town,Near Bus stop,Not Applicable,No,Grievous Injury,Not Applicable,Not Applicable,Not Applicable,Arterial,Bitumen(Tar),Dry,Not Applicable,Clear,Dr Rajkumar road,Near Gopalapura cross,1 KM,12.9658,77.3266
Bengaluru City,Magadi Road Traffic PS,1.04432e+16,2023,1,2,Road Accidents,Narrow road,City/Town,Open area,Human Error,Yes,Simple Injury,Vehicle to Vehicle,Controlled,Others,Arterial,Concrete,Dry,Not Applicable,Clear,Old Mysore road,Near West port Hotel,100 Me,12.978999,77.564429
Bengaluru City,Magadi Road Traffic PS,1.04432e+16,2023,1,1,Not Applicable,Narrow road,City/Town,Open area,Human Error,Yes,Simple Injury,Hit pedestrian,Not at  Junction,Not Applicable,Arterial,Bitumen(Tar),Dry,Not Applicable,Clear,Magadi main road,Near Metro,100 Me,12.975683,77.556223
Bengaluru City,Magadi Road Traffic PS,1.04432e+16,2023,1,1,Road Accidents,Circle,City/Town,Near Bus stop,Not Applicable,No,Grievous Injury,Hit pedestrian,Police / Manual,Curve,Sub Arterial,Bitumen(Tar),Dry,Not Applicable,Clear,MAGADI ROAD,Near hospital,100 mi,0.0,0.0
Bengaluru City,Magadi Road Traffic PS,1.04432e+16,2023,1,1,Road Accidents,Not Applicable,City/Town,Open area,Not Applicable,No,Fatal,Hit pedestrian,Controlled,Straight and flat,Sub Arterial,Bitumen(Tar),Dry,Not Applicable,Clear,Magadi road,Near magadi road police staion,100 mi,12.974,77.551
Bengaluru City,Magadi Road Traffic PS,1.04432e+16,2023,1,2,Not Applicable,Rail Crossing Unmanned,City/Town,Narrow bridge or culverts,Human Error,No,Grievous Injury,Vehicle to Vehicle,No signal lights,Not Applicable,Arterial,Concrete,Dry,Not Applicable,Clear,Shayamanna gardenroad,Near Bridge,100,12.96438,77.54371
Bengaluru City,Magadi Road Traffic PS,1.04432e+16,2023,1,2,Road Accidents,Narrow road,City/Town,Near Bus stop,Human Error,Yes,Simple Injury,Vehicle to Vehicle,Controlled,Others,Arterial,Bitumen(Tar),Dry,Not Applicable,Clear,West of card road,Near Indira canteen,200,12.974563,77.548265
Bengaluru City,Magadi Road Traffic PS,1.04432e+16,2023,1,1,Not Applicable,Not Applicable,City/Town,In bazaar,Not Applicable,No,Grievous Injury,Hit pedestrian,No signal lights,Not Applicable,Sub Arterial,Bitumen(Tar),Dry,Not Applicable,Clear,Old Mysore road,Near lulu mall,1 km,12.981051,77.564423
Bengaluru City,Magadi Road Traffic PS,1.04432e+16,2023,1,1,Road Accidents,Curves,City/Town,Open area,Not Applicable,Yes,Grievous Injury,Hit pedestrian,Controlled,Curve,Not Applicable,Bitumen(Tar),Dry,Not Applicable,Clear,Cholarapalaya 1ST cross,Near shiva medical,2 km,12.77975,77.543738
Bengaluru City,Magadi Road Traffic PS,1.04432e+16,2023,1,2,Road Accidents,Not Applicable,City/Town,In bazaar,Human Error,Yes,Grievous Injury,Vehicle to Vehicle,Not Applicable,Not Applicable,Sub Arterial,Bitumen(Tar),Dry,Not Applicable,Clear,Rajkumar road near MSIL Shop,Rajkumar roa,500,12.9767,77.5228
Bengaluru City,Magadi Road Traffic PS,1.04432e+16,2023,1,1,Road Accidents,Narrow road,City/Town,Residential area,Human Error,No,Simple Injury,Hit pedestrian,Uncontrolled,Straight and flat,Sub Arterial,Bitumen(Tar),Dry,Not Applicable,Clear,Magadi main road,Near Sheshadripuram college,100 me,12.698523,77.236565
Bengaluru City,Magadi Road Traffic PS,1.04432e+16,2023,1,2,Road Accidents,Not Applicable,City/Town,Near Bus stop,Human Error,No,Grievous Injury,Vehicle to Vehicle,Controlled,Not Applicable,Two way,Bitumen(Tar),Dry,Not Applicable,Clear,Dr. Rajkumar road,Near mayura hotel,300mit,12.9759,77.5525
Bengaluru City,Magadi Road Traffic PS,1.04432e+16,2023,1,1,Not Applicable,Narrow road,City/Town,Narrow bridge or culverts,Not Applicable,No,Grievous Injury,Hit pedestrian,No signal lights,Not Applicable,Two way,Bitumen(Tar),Dry,Not Applicable,Clear,West of card road,Near Indira canteen,0.2 KM,12.7777,77.5489
Bengaluru City,Magadi Road Traffic PS,1.04432e+16,2023,1,1,Not Applicable,Narrow road,City/Town,Residential area,Human Error,No,Grievous Injury,Not Applicable,No signal lights,Others,One way,Bitumen(Tar),Dry,Not Applicable,Clear,"Pipeline road, Shamanna garden",Near shamanna garden,1,12.9643,77.5437
Bengaluru City,Magadi Road Traffic PS,1.04432e+16,2023,1,1,Road Accidents,Curves,City/Town,Open area,Not Applicable,No,Grievous Injury,Hit pedestrian,Not Applicable,Not Applicable,Others,Bitumen(Tar),Others,Not Applicable,Clear,Dasarahalli main road,Near agraha main road,1 km,12.98008,77.54267
Bengaluru City,Magadi Road Traffic PS,1.04432e+16,2023,1,1,Road Accidents,Narrow road,City/Town,Near Hospital,Human Error,Yes,Simple Injury,Hit pedestrian,Controlled,Others,Not Applicable,Bitumen(Tar),Dry,Not Applicable,Clear,KHB COLONY ROAD,Near KHB Colony,200 M,12.9865,77.2365
Bengaluru City,Magadi Road Traffic PS,1.04432e+16,2023,1,2,Road Accidents,Not Applicable,City/Town,Open area,Not Applicable,No,Grievous Injury,Vehicle to Vehicle,Not at  Junction,Curve,Sub Arterial,Bitumen(Tar),Dry,Not Applicable,Clear,Old Mysore road,Bridge,1 km,12.986356,77.236597
Bengaluru City,Magadi Road Traffic PS,1.04432e+16,2023,1,1,Road Accidents,Narrow road,City/Town,Residential area,Human Error,No,Simple Injury,Hit pedestrian,Uncontrolled,Not Applicable,Arterial,Bitumen(Tar),Dry,Not Applicable,Clear,"Near Chaithanya conention hall, West of chord road",Near Chaithanya convention hall,50,12.975634,77.54263
Bengaluru City,Magadi Road Traffic PS,1.04432e+16,2023,1,1,Road Accidents,Not Applicable,City/Town,Open area,Not Applicable,No,Fatal,Hit pedestrian,Uncontrolled,Straight and flat,Sub Arterial,Bitumen(Tar),Dry,Not Applicable,Clear,Vinayaka nagara 5th cross,near ganesha temple,3 km,12.96054,77.54635
Bengaluru City,Magadi Road Traffic PS,1.04432e+16,2023,1,1,Road Accidents,Not Applicable,City/Town,Open area,Not Applicable,No,Grievous Injury,Not Applicable,Controlled,Curve,Sub Arterial,Bitumen(Tar),Dry,Not Applicable,Others,Rajkumar road,Near mayura hotel,500 mi,12.986564,77.632565
Bengaluru City,Magadi Road Traffic PS,1.04432e+16,2023,1,1,Road Accidents,Narrow road,City/Town,Open area,Human Error,No,Fatal,Vehicle to Vehicle,Not Applicable,Not Applicable,Arterial,Bitumen(Tar),Dry,Not Applicable,Clear,Near West port Hotel,Near West port Hotel,100,12.968523,77.542563
Bengaluru City,Magadi Road Traffic PS,1.04432e+16,2023,1,2,Road Accidents,Curves,Rural Areas,Open area,Not Applicable,Yes,Grievous Injury,Vehicle to Vehicle,Controlled,Curve,Not Applicable,Bitumen(Tar),Not Applicable,Not Applicable,Clear,FF Junction,near F F junction,100 mi,12.980806,77.549165
Bengaluru City,Mahadevapura PS,1.04431e+16,2021,1,1,Road Accidents,Not Applicable,City/Town,Open area,Human Error,Yes,Grievous Injury,Hit pedestrian,Uncontrolled,Not Applicable,Not Applicable,Kutcha,Muddy,Not Applicable,Clear,Private property,1,1,0.0,0.0
Bengaluru City,Mahadevapura Traffic PS,1.04432e+16,2023,1,1,Road Accidents,Not Applicable,City/Town,Residential area,Human Error,Yes,Grievous Injury,Not Applicable,Not Applicable,Others,Others,Not Applicable,Dry,Not Applicable,Clear,WHITEFEILD ROAD HOODI JUNCTION,A,5FEET,0.0,0.0
Bengaluru City,Mahadevapura Traffic PS,1.04432e+16,2023,1,1,Road Accidents,Cross roads,City/Town,At pedestrian Crossing,Human Error,No,Fatal,Hit pedestrian,No signal lights,Straight and flat,Major District Road,Bitumen(Tar),Dry,No influence on accident,Clear,White Field MAin Road,1,3km,0.0,0.0
Bengaluru City,Mahadevapura Traffic PS,1.04432e+16,2023,1,1,Road Accidents,Not Applicable,City/Town,Open area,Human Error,No,Grievous Injury,Vehicle to Vehicle,Not Applicable,Others,Others,Not Applicable,Dry,Not Applicable,Clear,WHITEFIELD MAIN ROAD AIR BUS COMPANY,A,13FEET,0.0,0.0
Bengaluru City,Mahadevapura Traffic PS,1.04432e+16,2023,1,2,Road Accidents,Cross roads,City/Town,Residential area,Human Error,No,Grievous Injury,Vehicle to Vehicle,No signal lights,Others,Others,Not Applicable,Dry,Not Applicable,Clear,Mahadevapura Ring Road Near Bhagamane TECK park,A,28FEET,12.982875,77.692617
Bengaluru City,Mahadevapura Traffic PS,1.04432e+16,2023,1,2,Road Accidents,Junction,City/Town,Near Bus stop,Human Error,No,Fatal,Vehicle to Vehicle,No signal lights,Others,One way,Bitumen(Tar),Dry,No influence on accident,Clear,Old Madras Road,1,2KM,12.995667,77.666989
Bengaluru City,Mahadevapura Traffic PS,1.04432e+16,2023,1,2,Road Accidents,Cross roads,City/Town,Residential area,Human Error,Yes,Grievous Injury,Vehicle to Vehicle,No signal lights,Others,Others,Not Applicable,Dry,Not Applicable,Clear,Mahadevapura Ring Road In fronr OF Rainbow Hospital,A,8FEET,12.975086,77.697481
Bengaluru City,Mahadevapura Traffic PS,1.04432e+16,2023,1,3,Road Accidents,Not Applicable,City/Town,Residential area,Human Error,No,Grievous Injury,Vehicle to Vehicle,No signal lights,Others,Others,Not Applicable,Dry,Not Applicable,Clear,Mahadevapura ring road Mahadevapura Junction,A,27feet,12.991351,77.68757
Bengaluru City,Mahadevapura Traffic PS,1.04432e+16,2023,1,1,Road Accidents,Not Applicable,City/Town,Residential area,Human Error,No,Grievous Injury,Not Applicable,No signal lights,Others,Others,Not Applicable,Dry,Not Applicable,Clear,WHITEFEILD ROAD  NEAR INFACTORY BP NO 64,A,17FEET,0.0,0.0
Bengaluru City,Mahadevapura Traffic PS,1.04432e+16,2023,1,1,Road Accidents,Not Applicable,City/Town,Residential area,Human Error,No,Fatal,Not Applicable,No signal lights,Not Applicable,Residential Street,Not Applicable,Dry,Not Applicable,Clear,Hoddi Main Road Hoodi Metro Station,A,8FEET,0.0,0.0
Bengaluru City,Mahadevapura Traffic PS,1.04432e+16,2023,1,1,Road Accidents,Not Applicable,City/Town,Residential area,Human Error,No,Grievous Injury,Not Applicable,Not Applicable,Others,Others,Not Applicable,Dry,Not Applicable,Clear,M D Pura Ring Road Service Infront Bagamane,A1,6FEET,12.983203,77.692665
Bengaluru City,Mahadevapura Traffic PS,1.04432e+16,2023,1,2,Road Accidents,Cross roads,City/Town,Near office complex,Human Error,No,Grievous Injury,Vehicle to Vehicle,No signal lights,Others,Others,Bitumen(Tar),Dry,No influence on accident,Clear,Garudacharapalya Goshala Road,1,1,0.0,0.0
Bengaluru City,Mahadevapura Traffic PS,1.04432e+16,2023,1,1,Road Accidents,Cross roads,City/Town,Residential area,Human Error,Yes,Grievous Injury,Not Applicable,No signal lights,Others,Others,Not Applicable,Dry,Not Applicable,Clear,B Narayanapura  Main Road near Ceebel Praksh House,A1,14feet,12.998947,77.683471
Bengaluru City,Mahadevapura Traffic PS,1.04432e+16,2023,1,1,Road Accidents,Junction,City/Town,Near Bus stop,Human Error,No,Grievous Injury,Hit pedestrian,No signal lights,Hump,Others,Bitumen(Tar),Dry,No influence on accident,Clear,White Field MAin Road,1,1,12.991484,77.720729
Bengaluru City,Mahadevapura Traffic PS,1.04432e+16,2023,1,2,Road Accidents,Narrow road,City/Town,Near Bus stop,Human Error,Not Applicable,Fatal,Vehicle to Vehicle,No signal lights,Straight and flat,Major District Road,Bitumen(Tar),Dry,Not Applicable,Clear,WHITE FIELD MAIN ROAD NEAR KAMADENU NAGAR CROSS  IN FRONT OF INDIAN OIL PETROL BUNK,A,1 KM,12.998824,77.68615
Bengaluru City,Mahadevapura Traffic PS,1.04432e+16,2023,1,2,Road Accidents,Junction,City/Town,Residential area,Human Error,No,Grievous Injury,Vehicle to Vehicle,No signal lights,Others,Others,Not Applicable,Dry,Not Applicable,Clear,White Field Main road K R Pura railway Station,A,12FEET,13.000093,77.67668
Bengaluru City,Mahadevapura Traffic PS,1.04432e+16,2023,1,2,Road Accidents,Junction,City/Town,Near office complex,Human Error,Yes,Damage Only,Vehicle to Vehicle,No signal lights,Curve,Others,Bitumen(Tar),Dry,No influence on accident,Clear,Hoodi Main Road,1,3km,0.0,0.0
Bengaluru City,Mahadevapura Traffic PS,1.04432e+16,2023,1,2,Road Accidents,Not Applicable,City/Town,Residential area,Human Error,No,Damage Only,Vehicle to Vehicle,Not Applicable,Others,Others,Not Applicable,Dry,Not Applicable,Clear,GRARHITE INDIA MAIN ROAD INFRONT OF SHELPETROL BUNK,A,5FEET,0.0,0.0
Bengaluru City,Mahadevapura Traffic PS,1.04432e+16,2023,1,2,Road Accidents,Not Applicable,Rural Areas,Residential area,Human Error,No,Grievous Injury,Vehicle to Vehicle,Not Applicable,Others,Others,Not Applicable,Dry,Not Applicable,Clear,GRAPHITE INDIYA MAIN ROAD SUPER MARAKEST,A,20FEET,0.0,0.0
Bengaluru City,Mahadevapura Traffic PS,1.04432e+16,2023,1,3,Road Accidents,Junction,City/Town,Near Bus stop,Human Error,No,Grievous Injury,Vehicle to Vehicle,No signal lights,Others,Others,Bitumen(Tar),Dry,No influence on accident,Clear,White Field MAin Road,1,2KM,0.0,0.0
Bengaluru City,Mahadevapura Traffic PS,1.04432e+16,2023,1,2,Road Accidents,Not Applicable,City/Town,Residential area,Human Error,No,Damage Only,Vehicle to Vehicle,No signal lights,Others,Others,Not Applicable,Dry,Not Applicable,Clear,Whitefield Main Road K R Pura Metro Station,A,33FEET,13.000286,77.678788
Bengaluru City,Mahadevapura Traffic PS,1.04432e+16,2023,1,1,Road Accidents,Not Applicable,City/Town,Open area,Human Error,No,Grievous Injury,Not Applicable,No signal lights,Others,Residential Street,Not Applicable,Dry,Not Applicable,Clear,A Narayanapura  Road Indira canteen,A,5FEET,12.996285,77.67596
Bengaluru City,Mahadevapura Traffic PS,1.04432e+16,2023,1,2,Road Accidents,Narrow road,City/Town,Residential area,Human Error,Yes,Grievous Injury,Vehicle to Vehicle,Not Applicable,Others,Feeder Road,Bitumen(Tar),Dry,No influence on accident,Clear,Chinnappanahalli Road,1,1,0.0,0.0
Bengaluru City,Mahadevapura Traffic PS,1.04432e+16,2023,1,2,Road Accidents,Junction,City/Town,Near Bus stop,Human Error,No,Damage Only,Vehicle to Vehicle,No signal lights,Not Applicable,Others,Bitumen(Tar),Dry,No influence on accident,Clear,Hoodi Main Road,1,3km,0.0,0.0
Bengaluru City,Mahadevapura Traffic PS,1.04432e+16,2023,1,1,Road Accidents,Not Applicable,City/Town,Residential area,Human Error,No,Grievous Injury,Not Applicable,No signal lights,Others,Not Applicable,Not Applicable,Dry,Not Applicable,Clear,GRAPHITE INDIA ROAD KUNDALAHALLI METRO STATION,A,17FEET,0.0,0.0
Bengaluru City,Mahadevapura Traffic PS,1.04432e+16,2023,1,2,Road Accidents,Not Applicable,City/Town,Residential area,Human Error,No,Grievous Injury,Vehicle to Vehicle,No signal lights,Others,Others,Not Applicable,Dry,Not Applicable,Clear,Mahadevapura Ring Road NCC apts,A,16feet,0.0,0.0
Bengaluru City,Mahadevapura Traffic PS,1.04432e+16,2023,1,2,Road Accidents,Junction,City/Town,Near a factory industrial area,Human Error,No,Damage Only,Vehicle to Vehicle,No signal lights,Others,Others,Bitumen(Tar),Dry,No influence on accident,Clear,White Field MAin Road,1,3km,0.0,0.0
Bengaluru City,Mahadevapura Traffic PS,1.04432e+16,2023,1,1,Road Accidents,Junction,City/Town,In bazaar,Human Error,No,Grievous Injury,Hit bicyclist,No signal lights,Hump,Others,Bitumen(Tar),Dry,No influence on accident,Clear,B Narayanapura,1,2KM,12.994854,77.681696
Bengaluru City,Mahadevapura Traffic PS,1.04432e+16,2023,1,2,Road Accidents,Not Applicable,City/Town,Residential area,Human Error,No,Grievous Injury,Vehicle to Vehicle,No signal lights,Others,Not Applicable,Not Applicable,Dry,Not Applicable,Clear,Hoddi Main Road Briyani Paridise,A,5FEET,0.0,0.0
Bengaluru City,Mahadevapura Traffic PS,1.04432e+16,2023,1,2,Road Accidents,Not Applicable,City/Town,Near Hospital,Human Error,Yes,Grievous Injury,Vehicle to Vehicle,No signal lights,Others,Residential Street,Not Applicable,Dry,Not Applicable,Clear,Vydehi Hospital Road Near KTPO Junction,A,20FEET,0.0,0.0
Bengaluru City,Mahadevapura Traffic PS,1.04432e+16,2023,1,2,Road Accidents,Junction,City/Town,Near Bus stop,Human Error,No,Fatal,Vehicle to Vehicle,No signal lights,Others,Others,Bitumen(Tar),Dry,No influence on accident,Clear,White Field MAin Road,1,3km,0.0,0.0
Bengaluru City,Mahadevapura Traffic PS,1.04432e+16,2023,1,1,Road Accidents,Not Applicable,City/Town,Residential area,Human Error,No,Grievous Injury,Hit pedestrian,No signal lights,Others,NH,Not Applicable,Dry,Not Applicable,Clear,O M Road near Tinfactry,a,25feet,12.996951,77.669538
Bengaluru City,Mahadevapura Traffic PS,1.04432e+16,2023,1,2,Road Accidents,Junction,City/Town,Near Bus stop,Human Error,No,Simple Injury,Vehicle to Vehicle,No signal lights,Others,Others,Bitumen(Tar),Dry,No influence on accident,Clear,Old Madras Road,1,1,12.996845,77.669323
Bengaluru City,Mahadevapura Traffic PS,1.04432e+16,2023,1,1,Road Accidents,Not Applicable,City/Town,Residential area,Human Error,No,Grievous Injury,Hit pedestrian,No signal lights,Others,Others,Not Applicable,Dry,Not Applicable,Clear,M D Pura Ring Road  Service Road near Doddanekundi Bridg,A,12FEET,12.974079,77.698252
Bengaluru City,Mahadevapura Traffic PS,1.04432e+16,2023,1,2,Road Accidents,Road hump or Rumble strips,City/Town,In bazaar,Human Error,Yes,Grievous Injury,Vehicle to Vehicle,No signal lights,Hump,Others,Bitumen(Tar),Dry,No influence on accident,Clear,White Field MAin Road,1,3km,0.0,0.0
Bengaluru City,Mahadevapura Traffic PS,1.04432e+16,2023,1,1,Road Accidents,Narrow road,City/Town,Near Hospital,Human Error,No,Grievous Injury,Hit pedestrian,No signal lights,Others,Others,Bitumen(Tar),Dry,No influence on accident,Clear,Alphine Eco Main ROad,1,2,0.0,0.0
Bengaluru City,Mahadevapura Traffic PS,1.04432e+16,2023,1,2,Road Accidents,Junction,City/Town,Near Bus stop,Human Error,Yes,Grievous Injury,Vehicle to Vehicle,Not Applicable,Others,Others,Not Applicable,Dry,Not Applicable,Clear,Hoodi Road Infront of Megana Hospital,A,18FEET,0.0,0.0
Bengaluru City,Mahadevapura Traffic PS,1.04432e+16,2023,1,2,Road Accidents,Junction,City/Town,Residential area,Human Error,Yes,Damage Only,Vehicle to Vehicle,No signal lights,Others,Residential Street,Not Applicable,Dry,Not Applicable,Clear,White Field Road Infront of Phenix Mall,A,14FEET,0.0,0.0
Bengaluru City,Mahadevapura Traffic PS,1.04432e+16,2023,1,2,Road Accidents,Junction,City/Town,Residential area,Human Error,No,Damage Only,Vehicle to Vehicle,No signal lights,Others,Others,Not Applicable,Dry,Not Applicable,Clear,Mahadevapura Ring Road Sarvice Road Rainbow  Infront of Exit Gate,A1,10feet,12.975044,77.69765
Bengaluru City,Mahadevapura Traffic PS,1.04432e+16,2023,1,2,Road Accidents,Narrow road,Rural Areas,Residential area,Human Error,Yes,Grievous Injury,Vehicle to Vehicle,No signal lights,Others,Not Applicable,Not Applicable,Dry,Not Applicable,Clear,Mahadevapura Ring Road Volkswagan Car show Room,A,13FEET,12.995013,77.684699
Bengaluru City,Mahadevapura Traffic PS,1.04432e+16,2023,1,2,Road Accidents,Junction,City/Town,Near Bus stop,Human Error,No,Grievous Injury,Vehicle to Vehicle,No signal lights,Others,Others,Bitumen(Tar),Dry,No influence on accident,Clear,Old Madras Road,1,5KM,0.0,0.0
Bengaluru City,Mahadevapura Traffic PS,1.04432e+16,2023,1,1,Road Accidents,Junction,City/Town,Near Bus stop,Human Error,No,Fatal,Hit pedestrian,No signal lights,Others,Others,Bitumen(Tar),Not Applicable,No influence on accident,Clear,Outer RIng Road,1,3km,0.0,0.0