DISTRICTNAME,UNITNAME,Crime_No,Year,RI,Noofvehicle_involved,Accident_Classification,Accident_Spot,Accident_Location,Accident_SubLocation,Main_Cause,Hit_Run,Severity,Collision_Type,Junction_Control,Road_Character,Road_Type,Surface_Type,Surface_Condition,Road_Condition,Weather,Accident_Road,Landmark_first,Distance_LandMark_First,Latitude,Longitude
Bengaluru City,Malleshwaram Traffic PS,1.04432e+16,2016,1,2,Road Accidents,Junction,City/Town,Near a recreation place/cinema,Human Error,No,Simple Injury,Side swipe,Controlled,Straight and flat,City or Town Road,Bitumen(Tar),Dry,Not Applicable,Fine,Navarang Junction,1,1,0.0,0.0
Bengaluru City,Malleshwaram Traffic PS,1.04432e+16,2016,1,1,Road Accidents,Other,City/Town,Residential area,Human Error,Yes,Fatal,Others,Uncontrolled,Straight and flat,Residential Street,Concrete,Dry,Not Applicable,Fine,Small Road 7 th Main Malleshwarm,1,1,0.0,0.0
Bengaluru City,Malleshwaram Traffic PS,1.04432e+16,2016,1,1,Road Accidents,Narrow road,City/Town,Near Hospital,Human Error,Yes,Grievous Injury,Hit pedestrian,Uncontrolled,Straight and flat,City or Town Road,Bitumen(Tar),Dry,Not Applicable,Fine,West Of Chord Road,1,1,0.0,0.0
Bengaluru City,Malleshwaram Traffic PS,1.04432e+16,2016,1,2,Road Accidents,Y Junction,City/Town,Near Petrol Pump,Human Error,No,Grievous Injury,Side swipe,Controlled,Curve,City or Town Road,Bitumen(Tar),Dry,Not Applicable,Fine,Vatal Nagaraj Road,1,1,0.0,0.0
Bengaluru City,Malleshwaram Traffic PS,1.04432e+16,2016,1,2,Road Accidents,Narrow road,City/Town,Residential area,Human Error,No,Grievous Injury,Side swipe,Uncontrolled,Others,Residential Street,Bitumen(Tar),Dry,Not Applicable,Fine,7 th Main Rajajinagara,1,1,0.0,0.0
Bengaluru City,Malleshwaram Traffic PS,1.04432e+16,2016,1,2,Road Accidents,Junction,City/Town,Open area,Human Error,No,Grievous Injury,Others,Controlled,Others,City or Town Road,Bitumen(Tar),Dry,Not Applicable,Fine,WOC Road Rajajenagar 1st Block,Malabar Gold,35 Ft,0.0,0.0
Bengaluru City,Malleshwaram Traffic PS,1.04432e+16,2016,1,2,Road Accidents,Junction,City/Town,Open area,Human Error,Yes,Grievous Injury,Hit and Run,Signal lights Automatic,Not Applicable,City or Town Road,Bitumen(Tar),Dry,Not Applicable,Clear,Margosa Road,Giriyas,0.5,0.0,0.0
Bengaluru City,Malleshwaram Traffic PS,1.04432e+16,2016,1,1,Road Accidents,Other,City/Town,Open area,Human Error,Not Applicable,Damage Only,Others,Uncontrolled,Others,City or Town Road,Bitumen(Tar),Dry,Not Applicable,Others,M K K Road,Harishandra Ghat,28 Ft,0.0,0.0
Bengaluru City,Malleshwaram Traffic PS,1.04432e+16,2016,1,2,Road Accidents,Junction,City/Town,Near a religious place,Human Error,No,Grievous Injury,Not Applicable,Controlled,Not Applicable,City or Town Road,Bitumen(Tar),Dry,Not Applicable,Clear,West Of Chard Road,Ganesha Temple,50 mts,0.0,0.0
Bengaluru City,Malleshwaram Traffic PS,1.04432e+16,2016,1,2,Road Accidents,Road hump or Rumble strips,City/Town,Near a factory industrial area,Human Error,Yes,Fatal,Rear end,Uncontrolled,Straight and flat,City or Town Road,Bitumen(Tar),Dry,Not Applicable,Fine,8 th Main Malleshwaram,BHEL Factory,20 ft,0.0,0.0
Bengaluru City,Malleshwaram Traffic PS,1.04432e+16,2016,1,2,Road Accidents,Junction,City/Town,Residential area,Human Error,No,Grievous Injury,Rear end,Uncontrolled,Slight Curve,City or Town Road,Bitumen(Tar),Dry,Not Applicable,Fine,MKK Road,1,1,0.0,0.0
Bengaluru City,Malleshwaram Traffic PS,1.04432e+16,2016,1,2,Road Accidents,Junction,City/Town,Residential area,Human Error,No,Damage Only,Side swipe,Uncontrolled,Others,City or Town Road,Bitumen(Tar),Dry,Not Applicable,Fine,16 th Cross,1,1,0.0,0.0
Bengaluru City,Malleshwaram Traffic PS,1.04432e+16,2016,1,2,Road Accidents,Junction,City/Town,Residential area,Human Error,No,Fatal,Rear end,Uncontrolled,Straight and flat,City or Town Road,Bitumen(Tar),Dry,Not Applicable,Fine,Gayathrinagara main road,1,1,0.0,0.0
Bengaluru City,Malleshwaram Traffic PS,1.04432e+16,2016,1,2,Road Accidents,Circle,City/Town,Near a religious place,Human Error,No,Damage Only,Others,Uncontrolled,Others,City or Town Road,Bitumen(Tar),Dry,Not Applicable,Others,West Of Chard Road Near Sope Factry,Shall Petrol Bank,14 Ft,0.0,0.0
Bengaluru City,Malleshwaram Traffic PS,1.04432e+16,2016,1,1,Road Accidents,Narrow road,City/Town,Residential area,Human Error,No,Grievous Injury,Hit pedestrian,Uncontrolled,Straight and flat,City or Town Road,Bitumen(Tar),Dry,Not Applicable,Fine,L N Pura,N,BNA,0.0,0.0
Bengaluru City,Malleshwaram Traffic PS,1.04432e+16,2016,1,2,Road Accidents,Narrow road,City/Town,Open area,Human Error,Not Applicable,Damage Only,Others,Not at  Junction,Others,City or Town Road,Bitumen(Tar),Dry,Not Applicable,Clear,"Infront of Vivekanada Syari Centar 17th Cross, Malleshwarm",Vivekanada Syari Centar,6 Ft,0.0,0.0
Bengaluru City,Malleshwaram Traffic PS,1.04432e+16,2016,1,2,Road Accidents,Junction,City/Town,Near Bus stop,Human Error,Yes,Damage Only,Hit and Run,Signal lights Automatic,Not Applicable,City or Town Road,Bitumen(Tar),Dry,Not Applicable,Clear,19th main,Gokul hotel,25,0.0,0.0
Bengaluru City,Malleshwaram Traffic PS,1.04432e+16,2016,1,2,Road Accidents,Junction,City/Town,Near a religious place,Human Error,No,Grievous Injury,Head on,Uncontrolled,Straight and flat,City or Town Road,Bitumen(Tar),Dry,Not Applicable,Fine,Gayatrinagara Main Road,1,1,0.0,0.0
Bengaluru City,Malleshwaram Traffic PS,1.04432e+16,2016,1,3,Road Accidents,Junction,City/Town,Open area,Human Error,No,Simple Injury,Side swipe,Controlled,Straight and flat,City or Town Road,Bitumen(Tar),Dry,Not Applicable,Fine,West Of Chord Road,1,1,0.0,0.0
Bengaluru City,Malleshwaram Traffic PS,1.04432e+16,2016,1,2,Road Accidents,Narrow road,City/Town,Near Bus stop,Human Error,No,Damage Only,Rear end,Uncontrolled,Straight and flat,City or Town Road,Bitumen(Tar),Dry,Not Applicable,Fine,MMK ROAD,1,1,0.0,0.0
Bengaluru City,Malleshwaram Traffic PS,1.04432e+16,2016,1,2,Road Accidents,Narrow road,City/Town,Open area,Human Error,Yes,Grievous Injury,Rear end,Uncontrolled,Straight and flat,City or Town Road,Bitumen(Tar),Dry,Not Applicable,Fine,West Of Chord Road,1,1,0.0,0.0
Bengaluru City,Malleshwaram Traffic PS,1.04432e+16,2016,1,1,Road Accidents,Culvert,City/Town,Near Bus stop,Human Error,No,Fatal,Hit fixed object,Uncontrolled,Straight and flat,City or Town Road,Bitumen(Tar),Dry,Not Applicable,Fine,West Of Chard Road,1,1,0.0,0.0
Bengaluru City,Malleshwaram Traffic PS,1.04432e+16,2016,1,2,Road Accidents,Narrow road,City/Town,In bazaar,Human Error,No,Fatal,Hit pedestrian,Uncontrolled,Straight and flat,City or Town Road,Bitumen(Tar),Dry,Not Applicable,Fine,8 th Main Malleshwaram,1,1,0.0,0.0
Bengaluru City,Malleshwaram Traffic PS,1.04432e+16,2016,1,1,Road Accidents,Narrow road,City/Town,Residential area,Human Error,Yes,Simple Injury,Hit pedestrian,Uncontrolled,Straight and flat,City or Town Road,Bitumen(Tar),Dry,Not Applicable,Fine,Gayathrinagar,1,NAS,0.0,0.0
Bengaluru City,Malleshwaram Traffic PS,1.04432e+16,2016,1,2,Road Accidents,Junction,City/Town,Open area,Human Error,Yes,Damage Only,Hit and Run,Signal lights Automatic,Not Applicable,City or Town Road,Bitumen(Tar),Dry,Not Applicable,Clear,Vatal Nagara Road,Nekarara Bhavana,"0,5",0.0,0.0
Bengaluru City,Malleshwaram Traffic PS,1.04432e+16,2016,1,1,Road Accidents,Other,City/Town,Near office complex,Human Error,Yes,Simple Injury,Hit pedestrian,Uncontrolled,Straight and flat,City or Town Road,Bitumen(Tar),Dry,Not Applicable,Fine,Rajkumar Road,1,1,0.0,0.0
Bengaluru City,Malleshwaram Traffic PS,1.04432e+16,2016,1,2,Road Accidents,Junction,City/Town,Near Bus stop,Human Error,No,Simple Injury,Side swipe,Uncontrolled,Straight and flat,City or Town Road,Bitumen(Tar),Dry,Not Applicable,Fine,Margosa Road,1,1,0.0,0.0
Bengaluru City,Malleshwaram Traffic PS,1.04432e+16,2016,1,2,Road Accidents,Junction,City/Town,Near Bus stop,Human Error,No,Grievous Injury,Rear end,Controlled,Hump,City or Town Road,Bitumen(Tar),Dry,Not Applicable,Fine,MKK Road,1,1,0.0,0.0
Bengaluru City,Malleshwaram Traffic PS,1.04432e+16,2016,1,2,Road Accidents,Junction,City/Town,Near Bus stop,Human Error,No,Simple Injury,Side swipe,Controlled,Straight and flat,City or Town Road,Bitumen(Tar),Dry,Not Applicable,Fine,Sampige Road,1,1,0.0,0.0
Bengaluru City,Malleshwaram Traffic PS,1.04432e+16,2016,1,2,Road Accidents,Narrow road,City/Town,Open area,Human Error,Yes,Simple Injury,Rear end,Uncontrolled,Straight and flat,City or Town Road,Bitumen(Tar),Dry,Not Applicable,Fine,Vatal Nagaraj Road,1,NBA,0.0,0.0
Bengaluru City,Malleshwaram Traffic PS,1.04432e+16,2016,1,2,Road Accidents,T Junction,City/Town,Near Petrol Pump,Human Error,No,Grievous Injury,Rear end,Uncontrolled,Straight and flat,City or Town Road,Bitumen(Tar),Dry,Not Applicable,Fine,MKK Road,1,1,0.0,0.0
Bengaluru City,Malleshwaram Traffic PS,1.04432e+16,2016,1,1,Road Accidents,Junction,City/Town,Residential area,Human Error,Yes,Simple Injury,Hit pedestrian,Uncontrolled,Straight and flat,City or Town Road,Concrete,Dry,Not Applicable,Fine,3 rd Cross Srirampura,1,1,0.0,0.0
Bengaluru City,Malleshwaram Traffic PS,1.04432e+16,2016,1,1,Road Accidents,Narrow road,City/Town,Open area,Human Error,Yes,Grievous Injury,Hit and Run,Uncontrolled,Others,City or Town Road,Bitumen(Tar),Dry,Not Applicable,Fine,Vatal Nagara Road near Shanimahatma tempal,Shanimahatma termpal,30 Ft,0.0,0.0
Bengaluru City,Malleshwaram Traffic PS,1.04432e+16,2016,1,1,Road Accidents,Junction,City/Town,Narrow bridge or culverts,Human Error,Not Applicable,Damage Only,Others,Controlled,Others,City or Town Road,Bitumen(Tar),Dry,Not Applicable,Fine,Vatal Nagara Road P F Junction,New Road,10 Ft,0.0,0.0
Bengaluru City,Malleshwaram Traffic PS,1.04432e+16,2016,1,2,Road Accidents,Narrow road,City/Town,Near a recreation place/cinema,Human Error,Yes,Damage Only,Hit and Run,Uncontrolled,Straight and flat,City or Town Road,Bitumen(Tar),Dry,Not Applicable,Fine,Raj Kumar Road,1,1,0.0,0.0
Bengaluru City,Malleshwaram Traffic PS,1.04432e+16,2016,1,2,Road Accidents,T Junction,City/Town,Open area,Human Error,No,Grievous Injury,Rear end,Controlled,Straight and flat,City or Town Road,Bitumen(Tar),Dry,Not Applicable,Fine,Vatal Nagara Road,1,BNA,0.0,0.0
Bengaluru City,Malleshwaram Traffic PS,1.04432e+16,2016,1,2,Road Accidents,Junction,City/Town,Residential area,Human Error,No,Simple Injury,Side swipe,Uncontrolled,Straight and flat,City or Town Road,Bitumen(Tar),Dry,Not Applicable,Fine,8 th Main,1,1,0.0,0.0
Bengaluru City,Malleshwaram Traffic PS,1.04432e+16,2016,1,1,Road Accidents,Narrow road,City/Town,Open area,Human Error,No,Grievous Injury,Hit pedestrian,Uncontrolled,Not Applicable,City or Town Road,Bitumen(Tar),Dry,Not Applicable,Clear,Vatal Nagara Road,RRR Kalyana Mantapa,50 mts,0.0,0.0
Bengaluru City,Malleshwaram Traffic PS,1.04432e+16,2016,1,1,Road Accidents,Narrow road,City/Town,Residential area,Human Error,Yes,Simple Injury,Hit pedestrian,Uncontrolled,Straight and flat,Residential Street,Bitumen(Tar),Dry,Not Applicable,Fine,Srirampura,1,1,0.0,0.0
Bengaluru City,Malleshwaram Traffic PS,1.04432e+16,2016,1,2,Road Accidents,Narrow road,City/Town,Narrow bridge or culverts,Human Error,No,Simple Injury,Head on,Uncontrolled,Straight and flat,One way,Bitumen(Tar),Dry,Not Applicable,Fine,5 th Cross Service Road,1,1,0.0,0.0
Bengaluru City,Malleshwaram Traffic PS,1.04432e+16,2016,1,2,Road Accidents,Junction,City/Town,Residential area,Human Error,No,Grievous Injury,Side swipe,Uncontrolled,Others,Two way,Bitumen(Tar),Dry,Not Applicable,Fine,Gayathrinagar,1,AN,0.0,0.0
Bengaluru City,Malleshwaram Traffic PS,1.04432e+16,2016,1,1,Road Accidents,Junction,City/Town,Residential area,Human Error,Yes,Grievous Injury,Hit pedestrian,Uncontrolled,Slight Curve,City or Town Road,Not Applicable,Others,Not Applicable,Fine,MKK Road,1,BNA,0.0,0.0
Bengaluru City,Malleshwaram Traffic PS,1.04432e+16,2016,1,1,Road Accidents,Narrow road,City/Town,Near School or College,Human Error,No,Grievous Injury,Hit pedestrian,Uncontrolled,Straight and flat,City or Town Road,Bitumen(Tar),Dry,Not Applicable,Fine,1 st Main,A,1,0.0,0.0
Bengaluru City,Malleshwaram Traffic PS,1.04432e+16,2016,1,2,Road Accidents,T Junction,City/Town,Residential area,Human Error,No,Damage Only,Rear end,Uncontrolled,Straight and flat,City or Town Road,Bitumen(Tar),Dry,Not Applicable,Fine,8 th Main,1,BNA,0.0,0.0
Bengaluru City,Malleshwaram Traffic PS,1.04432e+16,2016,1,2,Road Accidents,Junction,City/Town,Residential area,Human Error,Yes,Damage Only,Hit parked vehicle,Uncontrolled,Straight and flat,City or Town Road,Bitumen(Tar),Dry,Not Applicable,Fine,Sirur Park Road,1,1,0.0,0.0
Bengaluru City,Malleshwaram Traffic PS,1.04432e+16,2016,1,1,Road Accidents,Circle,City/Town,Near a factory industrial area,Human Error,Yes,Grievous Injury,Hit pedestrian,Uncontrolled,Sharp Curve,City or Town Road,Bitumen(Tar),Dry,Not Applicable,Fine,Soap Factory Junctoion,1,1,0.0,0.0
Bengaluru City,Malleshwaram Traffic PS,1.04432e+16,2016,1,4,Road Accidents,Narrow road,City/Town,Near Petrol Pump,Human Error,No,Simple Injury,Rear end,Uncontrolled,Straight and flat,City or Town Road,Bitumen(Tar),Dry,Not Applicable,Fine,Dr. Rajkumar Road near Varadaraja Petrol Bunk,1,1,0.0,0.0
Bengaluru City,Malleshwaram Traffic PS,1.04432e+16,2016,1,1,Road Accidents,Narrow road,City/Town,Residential area,Human Error,No,Grievous Injury,Hit pedestrian,Uncontrolled,Straight and flat,City or Town Road,Bitumen(Tar),Dry,Not Applicable,Fine,19 th Cross Malleshwaram Blore,1,1,0.0,0.0
Bengaluru City,Malleshwaram Traffic PS,1.04432e+16,2016,1,1,Road Accidents,Narrow road,City/Town,Near Hospital,Human Error,Yes,Simple Injury,Hit pedestrian,Uncontrolled,Straight and flat,City or Town Road,Bitumen(Tar),Dry,Not Applicable,Fine,R P Road,1,1,0.0,0.0
Bengaluru City,Malleshwaram Traffic PS,1.04432e+16,2016,1,1,Road Accidents,Narrow road,City/Town,Residential area,Human Error,No,Grievous Injury,Hit pedestrian,Uncontrolled,Straight and flat,City or Town Road,Bitumen(Tar),Dry,Not Applicable,Fine,M D Blk,1,NAS,0.0,0.0
Bengaluru City,Malleshwaram Traffic PS,1.04432e+16,2016,1,2,Road Accidents,Narrow road,City/Town,Near office complex,Human Error,Yes,Simple Injury,Hit and Run,Uncontrolled,Straight and flat,City or Town Road,Bitumen(Tar),Dry,Not Applicable,Fine,WOC Road,1,AN,0.0,0.0
Bengaluru City,Malleshwaram Traffic PS,1.04432e+16,2016,1,2,Road Accidents,Junction,City/Town,Near a recreation place/cinema,Human Error,No,Damage Only,Side swipe,Controlled,Straight and flat,City or Town Road,Bitumen(Tar),Dry,Not Applicable,Fine,Raj Kumar Road,1,1,0.0,0.0
Bengaluru City,Malleshwaram Traffic PS,1.04432e+16,2016,1,3,Road Accidents,Narrow road,City/Town,Residential area,Human Error,No,Grievous Injury,Others,Uncontrolled,Not Applicable,City or Town Road,Bitumen(Tar),Dry,Not Applicable,Clear,Okalipuram 2 Nd cross,Vijaya clinic,50 mts,0.0,0.0
Bengaluru City,Malleshwaram Traffic PS,1.04432e+16,2016,1,2,Road Accidents,Narrow road,City/Town,Open area,Human Error,Yes,Grievous Injury,Hit and Run,Not Applicable,Not Applicable,City or Town Road,Bitumen(Tar),Dry,Not Applicable,Clear,Subramanaya nagara 2 nd Main Road,Near Venkateshwara Bekari,50 mts,0.0,0.0
Bengaluru City,Malleshwaram Traffic PS,1.04432e+16,2016,1,4,Road Accidents,Other,City/Town,Residential area,Human Error,No,Damage Only,Rear end,Not Applicable,Straight and flat,City or Town Road,Bitumen(Tar),Dry,Not Applicable,Fine,1 st Main Maruti Extn Deaviah Park,1,1,77.56421563,12.99753525
Bengaluru City,Malleshwaram Traffic PS,1.04432e+16,2016,1,2,Road Accidents,Cross roads,City/Town,Residential area,Human Error,No,Damage Only,Side swipe,Uncontrolled,Straight and flat,City or Town Road,Bitumen(Tar),Dry,Not Applicable,Fine,R P Road,1,1,0.0,0.0
Bengaluru City,Malleshwaram Traffic PS,1.04432e+16,2016,1,2,Road Accidents,Junction,City/Town,Open area,Human Error,Yes,Simple Injury,Hit and Run,Signal lights Automatic,Not Applicable,City or Town Road,Bitumen(Tar),Dry,Not Applicable,Clear,West Of Chard Road,LIC Building,20 Ft,0.0,0.0
Bengaluru City,Malleshwaram Traffic PS,1.04432e+16,2016,1,2,Road Accidents,Narrow road,City/Town,Open area,Human Error,No,Grievous Injury,Not Applicable,Uncontrolled,Not Applicable,City or Town Road,Bitumen(Tar),Dry,Not Applicable,Clear,Malleshwaram 8 Th main,Shantala plaza,50 mts,0.0,0.0
Bengaluru City,Malleshwaram Traffic PS,1.04432e+16,2016,1,1,Road Accidents,Junction,City/Town,Open area,Human Error,No,Damage Only,Not Applicable,Controlled,Not Applicable,City or Town Road,Bitumen(Tar),Dry,Not Applicable,Clear,M.K.K Road,Near Metro Station,50 mts,0.0,0.0
Bengaluru City,Malleshwaram Traffic PS,1.04432e+16,2016,1,1,Road Accidents,Narrow road,City/Town,Near Bus stop,Human Error,No,Grievous Injury,Hit pedestrian,Uncontrolled,Straight and flat,City or Town Road,Bitumen(Tar),Dry,Not Applicable,Fine,West Of Chord Road,1,1,0.0,0.0
Bengaluru City,Malleshwaram Traffic PS,1.04432e+16,2016,1,1,Road Accidents,Narrow road,City/Town,Near Petrol Pump,Human Error,Yes,Grievous Injury,Skidding or Self accident,Uncontrolled,Straight and flat,City or Town Road,Bitumen(Tar),Dry,Not Applicable,Fine,MKK Road,1,1,0.0,0.0
Bengaluru City,Malleshwaram Traffic PS,1.04432e+16,2016,1,2,Road Accidents,Junction,City/Town,Residential area,Human Error,No,Grievous Injury,Side swipe,Uncontrolled,Not Applicable,City or Town Road,Bitumen(Tar),Dry,Not Applicable,Fine,6 th Main,na,na,0.0,0.0
Bengaluru City,Malleshwaram Traffic PS,1.04432e+16,2016,1,1,Road Accidents,Narrow road,City/Town,Near Bus stop,Human Error,No,Simple Injury,Hit pedestrian,Uncontrolled,Straight and flat,City or Town Road,Bitumen(Tar),Dry,Not Applicable,Fine,Vatal Nagara Road,1,1,0.0,0.0
Bengaluru City,Malleshwaram Traffic PS,1.04432e+16,2016,1,2,Road Accidents,Circle,City/Town,Near a factory industrial area,Human Error,Yes,Grievous Injury,Hit and Run,Uncontrolled,Straight and flat,City or Town Road,Bitumen(Tar),Dry,Not Applicable,Fine,Rajkumar Road,NAq,1,0.0,0.0
Bengaluru City,Malleshwaram Traffic PS,1.04432e+16,2016,1,2,Road Accidents,Narrow road,City/Town,Residential area,Human Error,Yes,Simple Injury,Rear end,Uncontrolled,Straight and flat,City or Town Road,Bitumen(Tar),Dry,Not Applicable,Fine,R P Road,1,1,0.0,0.0
Bengaluru City,Malleshwaram Traffic PS,1.04432e+16,2016,1,1,Road Accidents,Other,City/Town,Near School or College,Human Error,Not Applicable,Grievous Injury,Others,Not at  Junction,Others,City or Town Road,Bitumen(Tar),Dry,Not Applicable,Others,8th Main 12th Cross Near Play home Building,kidz ply home,9 Ft,0.0,0.0
Bengaluru City,Malleshwaram Traffic PS,1.04432e+16,2016,1,4,Road Accidents,Narrow road,City/Town,At pedestrian Crossing,Human Error,No,Damage Only,Rear end,Uncontrolled,Straight and flat,City or Town Road,Bitumen(Tar),Not Applicable,Not Applicable,Fine,MKK Road,1,1,0.0,0.0
Bengaluru City,Malleshwaram Traffic PS,1.04432e+16,2016,1,2,Road Accidents,Narrow road,City/Town,Residential area,Human Error,No,Grievous Injury,Rear end,Uncontrolled,Straight and flat,City or Town Road,Bitumen(Tar),Not Applicable,Not Applicable,Fine,R P Road,1,1,0.0,0.0
Bengaluru City,Malleshwaram Traffic PS,1.04432e+16,2016,1,2,Road Accidents,Junction,City/Town,Open area,Human Error,Yes,Grievous Injury,Side swipe,Uncontrolled,Straight and flat,One way,Surfaced,Dry,Not Applicable,Fine,Sampige Road,1,1,0.0,0.0
Bengaluru City,Malleshwaram Traffic PS,1.04432e+16,2016,1,2,Road Accidents,Narrow road,City/Town,Open area,Human Error,No,Grievous Injury,Rear end,Uncontrolled,Straight and flat,One way,Bitumen(Tar),Dry,Not Applicable,Fine,MKK Road,1,1,0.0,0.0
Bengaluru City,Malleshwaram Traffic PS,1.04432e+16,2016,1,1,Road Accidents,Narrow road,City/Town,Near Bus stop,Human Error,No,Simple Injury,Hit pedestrian,Uncontrolled,Straight and flat,One way,Bitumen(Tar),Dry,Not Applicable,Fine,Sampige Road,1,1,0.0,0.0
Bengaluru City,Malleshwaram Traffic PS,1.04432e+16,2016,1,2,Road Accidents,Junction,City/Town,Near a recreation place/cinema,Human Error,No,Damage Only,Side swipe,Controlled,Straight and flat,City or Town Road,Bitumen(Tar),Dry,Not Applicable,Fine,Rajkumar Road,1,1,0.0,0.0
Bengaluru City,Malleshwaram Traffic PS,1.04432e+16,2016,1,2,Road Accidents,Narrow road,City/Town,Near a religious place,Human Error,Yes,Grievous Injury,Hit and Run,Uncontrolled,Straight and flat,City or Town Road,Bitumen(Tar),Dry,Not Applicable,Fine,West Of Chard Road,1,1,0.0,0.0
Bengaluru City,Malleshwaram Traffic PS,1.04432e+16,2016,1,2,Road Accidents,Junction,City/Town,Open area,Human Error,Yes,Damage Only,Hit and Run,No signal lights,Not Applicable,City or Town Road,Bitumen(Tar),Dry,Not Applicable,Clear,M K K Road,Shub Sagar Hotel,30 Ft,0.0,0.0
Bengaluru City,Malleshwaram Traffic PS,1.04432e+16,2016,1,2,Road Accidents,Other,City/Town,Open area,Human Error,No,Grievous Injury,Rear end,Uncontrolled,Straight and flat,City or Town Road,Bitumen(Tar),Dry,Not Applicable,Fine,WOC Road,1,1,0.0,0.0
Bengaluru City,Malleshwaram Traffic PS,1.04432e+16,2016,1,1,Road Accidents,Junction,City/Town,Residential area,Human Error,Yes,Simple Injury,Hit bicyclist,Uncontrolled,Curve,Residential Street,Bitumen(Tar),Dry,Not Applicable,Fine,13 th Cross,1,1,0.0,0.0
Bengaluru City,Malleshwaram Traffic PS,1.04432e+16,2016,1,2,Road Accidents,Narrow road,City/Town,Near Bus stop,Human Error,No,Grievous Injury,Others,Uncontrolled,Straight and flat,City or Town Road,Bitumen(Tar),Dry,Not Applicable,Fine,Vatal Nagara Road,1,1,0.0,0.0
Bengaluru City,Malleshwaram Traffic PS,1.04432e+16,2016,1,1,Road Accidents,Narrow road,City/Town,In bazaar,Human Error,No,Grievous Injury,Hit pedestrian,Uncontrolled,Straight and flat,Expressway,Bitumen(Tar),Dry,Not Applicable,Fine,8 th Cross Mallesghwaram,1,1,0.0,0.0
Bengaluru City,Malleshwaram Traffic PS,1.04432e+16,2016,1,2,Road Accidents,Narrow road,City/Town,Residential area,Human Error,No,Grievous Injury,Side swipe,Uncontrolled,Straight and flat,City or Town Road,Bitumen(Tar),Dry,Not Applicable,Fine,Margosa Road,1,1,0.0,0.0
Bengaluru City,Malleshwaram Traffic PS,1.04432e+16,2016,1,2,Road Accidents,Narrow road,City/Town,Residential area,Human Error,Not Applicable,Simple Injury,Others,Not at  Junction,Others,City or Town Road,Bitumen(Tar),Dry,Not Applicable,Clear,Sampige Road 4th Cross,New Brundavana Hotel,35 Ft,0.0,0.0
Bengaluru City,Malleshwaram Traffic PS,1.04432e+16,2016,1,2,Road Accidents,Circle,City/Town,Residential area,Human Error,Yes,Grievous Injury,Hit pedestrian,Uncontrolled,Straight and flat,City or Town Road,Bitumen(Tar),Dry,Not Applicable,Fine,RC Puram,1,1,0.0,0.0
Bengaluru City,Malleshwaram Traffic PS,1.04432e+16,2017,1,1,Road Accidents,Narrow road,City/Town,Open area,Human Error,Yes,Simple Injury,Hit and Run,Not at  Junction,Not Applicable,City or Town Road,Bitumen(Tar),Dry,Not Applicable,Clear,Dr Raj Kumar Road,S B M Bank,20 ft,0.0,0.0
Bengaluru City,Malleshwaram Traffic PS,1.04432e+16,2017,1,2,Road Accidents,Narrow road,City/Town,Open area,Human Error,No,Damage Only,Others,Controlled,Others,City or Town Road,Bitumen(Tar),Dry,Not Applicable,Others,RAJAJINAGARA 1 st Blk,Anadha Buliding,25 Ft,0.0,0.0
Bengaluru City,Malleshwaram Traffic PS,1.04432e+16,2017,1,2,Road Accidents,Junction,City/Town,Residential area,Human Error,No,Grievous Injury,Others,Uncontrolled,Straight and flat,City or Town Road,Bitumen(Tar),Dry,Not Applicable,Others,7 th Main road,1,N A,0.0,0.0
Bengaluru City,Malleshwaram Traffic PS,1.04432e+16,2017,1,2,Road Accidents,Other,City/Town,Open area,Human Error,No,Grievous Injury,Others,Uncontrolled,Straight and flat,City or Town Road,Bitumen(Tar),Dry,Not Applicable,Clear,Vatal Nagara Road Sujatha takies,sujatha takies,42ft,0.0,0.0
Bengaluru City,Malleshwaram Traffic PS,1.04432e+16,2017,1,2,Road Accidents,Narrow road,City/Town,Open area,Human Error,Yes,Damage Only,Hit and Run,Not at  Junction,Not Applicable,City or Town Road,Bitumen(Tar),Dry,Not Applicable,Others,"15th Cross, sampige road",Home care International company,35ft,0.0,0.0
Bengaluru City,Malleshwaram Traffic PS,1.04432e+16,2017,1,1,Road Accidents,Cross roads,City/Town,Residential area,Human Error,No,Grievous Injury,Others,Uncontrolled,Others,City or Town Road,Bitumen(Tar),Dry,Not Applicable,Clear,Gayathrinagara 5th Cross,Benaka Clinik,25ft,0.0,0.0
Bengaluru City,Malleshwaram Traffic PS,1.04432e+16,2017,1,2,Road Accidents,Junction,City/Town,Open area,Human Error,Yes,Simple Injury,Hit and Run,Signal lights Automatic,Others,City or Town Road,Bitumen(Tar),Dry,Not Applicable,Others,8th Main Road 16th Cross Juncation malleshwaram,Y King Bar,30ft,0.0,0.0
Bengaluru City,Malleshwaram Traffic PS,1.04432e+16,2017,1,2,Road Accidents,T Junction,City/Town,Near a religious place,Human Error,No,Simple Injury,Rear end,No signal lights,Not Applicable,City or Town Road,Bitumen(Tar),Dry,Not Applicable,Clear,West Off Cord Road,Ganesha Temple,40 Ft,0.0,0.0
Bengaluru City,Malleshwaram Traffic PS,1.04432e+16,2017,1,2,Road Accidents,Junction,City/Town,Open area,Human Error,No,Simple Injury,Others,Signal lights Automatic,Others,City or Town Road,Bitumen(Tar),Dry,Not Applicable,Clear,Malleshwaram 18 Th Cross,PUC Board,30 FT,0.0,0.0