DISTRICTNAME,UNITNAME,Crime_No,Year,RI,Noofvehicle_involved,Accident_Classification,Accident_Spot,Accident_Location,Accident_SubLocation,Main_Cause,Hit_Run,Severity,Collision_Type,Junction_Control,Road_Character,Road_Type,Surface_Type,Surface_Condition,Road_Condition,Weather,Accident_Road,Landmark_first,Distance_LandMark_First,Latitude,Longitude
Bengaluru City,Malleshwaram Traffic PS,1.04432e+16,2018,1,3,Road Accidents,Narrow road,City/Town,Open area,Human Error,Yes,Grievous Injury,Hit and Run,Not at  Junction,Others,City or Town Road,Bitumen(Tar),Dry,Not Applicable,Clear,West Off Chord rd Near Big Bazar,Big Bazar,45 FT,0.0,0.0
Bengaluru City,Malleshwaram Traffic PS,1.04432e+16,2018,1,2,Road Accidents,Junction,City/Town,Near a recreation place/cinema,Human Error,No,Simple Injury,Others,Signal lights Automatic,Others,City or Town Road,Bitumen(Tar),Dry,Not Applicable,Clear,KB Juncation,mahaesware bhavana,28ft,0.0,0.0
Bengaluru City,Malleshwaram Traffic PS,1.04432e+16,2018,1,2,Road Accidents,Narrow road,City/Town,Open area,Human Error,Yes,Simple Injury,Hit and Run,No signal lights,Others,City or Town Road,Bitumen(Tar),Dry,Not Applicable,Clear,MKK Road Harishchandra Gate Oppt,Harishchandra Ghat,22ft,0.0,0.0
Bengaluru City,Malleshwaram Traffic PS,1.04432e+16,2018,1,2,Road Accidents,Narrow road,City/Town,Open area,Human Error,Yes,Simple Injury,Hit and Run,No signal lights,Others,City or Town Road,Bitumen(Tar),Dry,Not Applicable,Clear,Rajajinagara 1 St Block,Pai International Show Room,30 FT,0.0,0.0
Bengaluru City,Malleshwaram Traffic PS,1.04432e+16,2018,1,1,Road Accidents,Junction,City/Town,Open area,Human Error,Yes,Simple Injury,Hit pedestrian,No signal lights,Others,City or Town Road,Bitumen(Tar),Dry,Not Applicable,Clear,4 Th Main 11 Th Cross,Mallige Apartment,35 Ft,0.0,0.0
Bengaluru City,Malleshwaram Traffic PS,1.04432e+16,2018,1,2,Road Accidents,Junction,City/Town,Near a religious place,Human Error,Not Applicable,Damage Only,Others,Signal lights Automatic,Others,City or Town Road,Bitumen(Tar),Dry,Not Applicable,Clear,Malleshwaram undar pass 05th cross,Visayale Hotal,35 Ft,0.0,0.0
Bengaluru City,Malleshwaram Traffic PS,1.04432e+16,2018,1,1,Road Accidents,T Junction,City/Town,Near Bus stop,Human Error,Not Applicable,Simple Injury,Hit pedestrian,No signal lights,Straight and flat,City or Town Road,Bitumen(Tar),Dry,Not Applicable,Clear,19th main,Daicon Hospital,16,0.0,0.0
Bengaluru City,Malleshwaram Traffic PS,1.04432e+16,2018,1,1,Road Accidents,Narrow road,City/Town,Near a recreation place/cinema,Human Error,Yes,Grievous Injury,Hit and Run,Not at  Junction,Others,City or Town Road,Bitumen(Tar),Dry,Not Applicable,Clear,Near Naidu hotel bandiredddy circle,Nadiu Hotel,33ft,0.0,0.0
Bengaluru City,Malleshwaram Traffic PS,1.04432e+16,2018,1,1,Road Accidents,Narrow road,City/Town,Near a religious place,Human Error,Not Applicable,Simple Injury,Hit pedestrian,Not at  Junction,Others,City or Town Road,Bitumen(Tar),Dry,Not Applicable,Clear,Dr Rajkumar Road SBI Bank near,SRS Travels,10,0.0,0.0
Bengaluru City,Malleshwaram Traffic PS,1.04432e+16,2018,1,2,Road Accidents,Narrow road,City/Town,Open area,Human Error,Yes,Simple Injury,Hit and Run,Not at  Junction,Others,City or Town Road,Bitumen(Tar),Dry,Not Applicable,Clear,MKK Road Navarang Junction Near,National Textailes,5ft,0.0,0.0
Bengaluru City,Malleshwaram Traffic PS,1.04432e+16,2018,1,2,Road Accidents,Narrow road,City/Town,Open area,Human Error,Not Applicable,Simple Injury,Others,Not at  Junction,Others,City or Town Road,Bitumen(Tar),Dry,Not Applicable,Clear,"6th main, 9th cross juncation",yoga centar,19,0.0,0.0
Bengaluru City,Malleshwaram Traffic PS,1.04432e+16,2018,1,2,Road Accidents,Narrow road,City/Town,Open area,Human Error,Yes,Damage Only,Hit and Run,Not at  Junction,Others,City or Town Road,Bitumen(Tar),Dry,Not Applicable,Clear,Dr Raj Kumar Road Surabhi Bar oppt,surabhi Bar,10ft,0.0,0.0
Bengaluru City,Malleshwaram Traffic PS,1.04432e+16,2018,1,1,Road Accidents,Junction,City/Town,Near a religious place,Human Error,Not Applicable,Simple Injury,Hit pedestrian,Controlled,Not Applicable,City or Town Road,Bitumen(Tar),Dry,Not Applicable,Clear,K B Junaction,mahaesware bhavana,45 FT,0.0,0.0
Bengaluru City,Malleshwaram Traffic PS,1.04432e+16,2018,1,2,Road Accidents,Junction,City/Town,Open area,Human Error,No,Simple Injury,Others,Signal lights Automatic,Others,City or Town Road,Bitumen(Tar),Dry,Not Applicable,Clear,Dr Rajkumar Road Navarang Junction,Sangeetha Mobile Shop,35 FT,0.0,0.0
Bengaluru City,Malleshwaram Traffic PS,1.04432e+16,2018,1,2,Road Accidents,Narrow road,City/Town,Open area,Human Error,No,Damage Only,Others,No signal lights,Others,City or Town Road,Bitumen(Tar),Others,Not Applicable,Clear,Govt Soap Factory Circle Near Metro Station,Hundai Car Show Room,30 Ft,0.0,0.0
Bengaluru City,Malleshwaram Traffic PS,1.04432e+16,2018,1,1,Road Accidents,Narrow road,City/Town,Near Hospital,Human Error,No,Simple Injury,Hit pedestrian,Uncontrolled,Curve,Two way,Bitumen(Tar),Dry,Not Applicable,Clear,woc road infront of Fortis Hospital,metro piller,10,12.592909,77.334708
Bengaluru City,Malleshwaram Traffic PS,1.04432e+16,2018,1,1,Road Accidents,Narrow road,City/Town,At pedestrian Crossing,Human Error,No,Simple Injury,Hit pedestrian,Uncontrolled,Straight and flat,City or Town Road,Bitumen(Tar),Dry,Not Applicable,Clear,Mkk road near sriramapura metro station,Hotel Savi sagar,15,0.0,0.0
Bengaluru City,Malleshwaram Traffic PS,1.04432e+16,2018,1,2,Road Accidents,Narrow road,City/Town,Near a recreation place/cinema,Human Error,Yes,Simple Injury,Hit and Run,Not at  Junction,Others,City or Town Road,Bitumen(Tar),Dry,Not Applicable,Clear,Near chemmanuru Jeweler shop 19th main rajajinagar,chemmanuru Jeweler shop,8 FT,0.0,0.0
Bengaluru City,Malleshwaram Traffic PS,1.04432e+16,2018,1,1,Road Accidents,Narrow road,City/Town,Open area,Human Error,Yes,Simple Injury,Hit and Run,Not at  Junction,Others,City or Town Road,Bitumen(Tar),Dry,Not Applicable,Clear,Near harekrishna Park WOC Road,Harekrishna Park,20 Ft,0.0,0.0
Bengaluru City,Malleshwaram Traffic PS,1.04432e+16,2018,1,1,Road Accidents,Narrow road,City/Town,Near a religious place,Human Error,Not Applicable,Grievous Injury,Hit pedestrian,No signal lights,Others,City or Town Road,Bitumen(Tar),Dry,Not Applicable,Clear,8th main 17th cross,Reliance Fresh,3ft,0.0,0.0
Bengaluru City,Malleshwaram Traffic PS,1.04432e+16,2018,1,1,Road Accidents,Narrow road,City/Town,Open area,Human Error,Yes,Grievous Injury,Hit and Run,Not at  Junction,Others,City or Town Road,Bitumen(Tar),Dry,Not Applicable,Clear,JP Royal arcade Sampige Road Malleshwaram,JP royal arcade,28ft,0.0,0.0
Bengaluru City,Malleshwaram Traffic PS,1.04432e+16,2018,1,1,Road Accidents,Junction,City/Town,Open area,Human Error,No,Simple Injury,Hit pedestrian,Signal lights Automatic,Others,City or Town Road,Bitumen(Tar),Dry,Not Applicable,Clear,Malleshwaram 18 Th Cross Margosa Road,Syndicate Bank,50 Ft,0.0,0.0
Bengaluru City,Malleshwaram Traffic PS,1.04432e+16,2018,1,2,Road Accidents,Narrow road,City/Town,Open area,Human Error,No,Damage Only,Others,No signal lights,Others,City or Town Road,Bitumen(Tar),Dry,Not Applicable,Clear,Ramamohana Pura 4 Th Main Near Librory,Shree Hari Nilaya,35 Ft,0.0,0.0
Bengaluru City,Malleshwaram Traffic PS,1.04432e+16,2018,1,2,Road Accidents,Junction,City/Town,Residential area,Human Error,Yes,Simple Injury,Hit and Run,No signal lights,Others,City or Town Road,Bitumen(Tar),Dry,Not Applicable,Clear,5th main 8th Cross Juncation Malleshwaram,New Indian Travels,18 Ft,0.0,0.0
Bengaluru City,Malleshwaram Traffic PS,1.04432e+16,2018,1,2,Road Accidents,Junction,City/Town,Near a recreation place/cinema,Human Error,Yes,Grievous Injury,Hit and Run,Signal lights Automatic,Others,City or Town Road,Bitumen(Tar),Dry,Not Applicable,Clear,Navarang Junction,Navarang Talkies,47ft,0.0,0.0
Bengaluru City,Malleshwaram Traffic PS,1.04432e+16,2018,1,2,Road Accidents,Junction,City/Town,Near Hospital,Human Error,Not Applicable,Damage Only,Others,Signal lights Automatic,Others,City or Town Road,Bitumen(Tar),Dry,Not Applicable,Clear,19th main juncation rajajinagar,Nethradama hospital,39ft,0.0,0.0
Bengaluru City,Malleshwaram Traffic PS,1.04432e+16,2018,1,2,Road Accidents,Narrow road,City/Town,Open area,Human Error,Not Applicable,Grievous Injury,Others,Not at  Junction,Others,City or Town Road,Bitumen(Tar),Dry,Not Applicable,Clear,RP Road kumar Ambulance office near,Garudagowda house,20 Ft,0.0,0.0
Bengaluru City,Malleshwaram Traffic PS,1.04432e+16,2018,1,2,Road Accidents,Junction,City/Town,Open area,Human Error,Not Applicable,Simple Injury,Others,No signal lights,Others,City or Town Road,Bitumen(Tar),Dry,Not Applicable,Clear,06th Main 8th Cross Juncatipn,Sriranga Aprtment,45ft,0.0,0.0
Bengaluru City,Malleshwaram Traffic PS,1.04432e+16,2018,1,2,Road Accidents,Narrow road,City/Town,Open area,Human Error,No,Simple Injury,Others,No signal lights,Others,City or Town Road,Bitumen(Tar),Dry,Not Applicable,Clear,Vattal Nagaraj Road R R Kalyana Mantapa,Railway Quatres,50 Ft,0.0,0.0
Bengaluru City,Malleshwaram Traffic PS,1.04432e+16,2018,1,2,Road Accidents,Junction,City/Town,Open area,Human Error,Yes,Damage Only,Hit and Run,No signal lights,Others,City or Town Road,Bitumen(Tar),Dry,Not Applicable,Clear,8 Th Main 18 Th Cross Jn,Pallavi Beuty Parler,50 Ft,0.0,0.0
Bengaluru City,Malleshwaram Traffic PS,1.04432e+16,2018,1,1,Road Accidents,Junction,City/Town,Open area,Human Error,Yes,Simple Injury,Hit and Run,No signal lights,Others,City or Town Road,Bitumen(Tar),Dry,Not Applicable,Clear,Varalaksmi nursing Home,Manjushree medical,100 Ft,0.0,0.0
Bengaluru City,Malleshwaram Traffic PS,1.04432e+16,2018,1,1,Road Accidents,Narrow road,City/Town,Residential area,Human Error,Yes,Grievous Injury,Hit and Run,Not at  Junction,Others,City or Town Road,Bitumen(Tar),Dry,Not Applicable,Clear,16th  Cross 10th Main Subramanyanagara,Sangolirayana Park,10ft,0.0,0.0
Bengaluru City,Malleshwaram Traffic PS,1.04432e+16,2018,1,2,Road Accidents,Junction,City/Town,Near Hospital,Human Error,Yes,Simple Injury,Hit and Run,Signal lights Automatic,Others,City or Town Road,Bitumen(Tar),Dry,Not Applicable,Clear,19th main juncation rajajinagar,Nethradama hospital,34 FT,0.0,0.0
Bengaluru City,Malleshwaram Traffic PS,1.04432e+16,2018,1,2,Road Accidents,T Junction,City/Town,Open area,Human Error,No,Simple Injury,Others,No signal lights,Others,City or Town Road,Bitumen(Tar),Dry,Not Applicable,Clear,Mahalakshmi Entrence 14 Th cross BBMP Office Opp,Kjaria Galaxy,50 Ft,0.0,0.0
Bengaluru City,Malleshwaram Traffic PS,1.04432e+16,2018,1,2,Road Accidents,Junction,City/Town,Open area,Human Error,Not Applicable,Damage Only,Others,No signal lights,Others,City or Town Road,Bitumen(Tar),Dry,Not Applicable,Clear,MD Block,Ground,30 FT,0.0,0.0
Bengaluru City,Malleshwaram Traffic PS,1.04432e+16,2018,1,2,Road Accidents,More than four arms,City/Town,Near School or College,Human Error,Not Applicable,Simple Injury,Others,Signal lights Automatic,Others,City or Town Road,Bitumen(Tar),Dry,Not Applicable,Clear,Sampige Road 18th Cross Malleshwaram,PUC Bord,20ft,0.0,0.0
Bengaluru City,Malleshwaram Traffic PS,1.04432e+16,2018,1,2,Road Accidents,Other,City/Town,Near Hospital,Not Applicable,Not Applicable,Damage Only,Others,Uncontrolled,Others,City or Town Road,Bitumen(Tar),Dry,Not Applicable,Clear,KCG Hospital East Gate,KCG Hospital Room No 10,15ft,0.0,0.0
Bengaluru City,Malleshwaram Traffic PS,1.04432e+16,2018,1,2,Road Accidents,Junction,City/Town,Open area,Human Error,Yes,Damage Only,Hit and Run,No signal lights,Not Applicable,City or Town Road,Bitumen(Tar),Dry,Not Applicable,Clear,Vattal Nagaraj Road R R Kalyana Mantapa,RR Kalyana Mantapa,20ft,0.0,0.0
Bengaluru City,Malleshwaram Traffic PS,1.04432e+16,2018,1,2,Road Accidents,Narrow road,City/Town,Open area,Human Error,No,Simple Injury,Others,Not at  Junction,Others,City or Town Road,Bitumen(Tar),Dry,Not Applicable,Clear,West park Road Juncation,MLA College,45ft,0.0,0.0
Bengaluru City,Malleshwaram Traffic PS,1.04432e+16,2018,1,2,Road Accidents,Junction,City/Town,Near office complex,Human Error,Not Applicable,Simple Injury,Others,No signal lights,Others,City or Town Road,Bitumen(Tar),Dry,Not Applicable,Clear,Sampige Rd 16 Th Cross,Chamundi Stores,24ft,0.0,0.0
Bengaluru City,Malleshwaram Traffic PS,1.04432e+16,2018,1,2,Road Accidents,Narrow road,City/Town,Open area,Human Error,No,Damage Only,Others,No signal lights,Others,City or Town Road,Bitumen(Tar),Dry,Not Applicable,Clear,West Off Chord Road Vande Matharam Hotel Opposite,Vande Matharam Hotel,50 Ft,0.0,0.0
Bengaluru City,Malleshwaram Traffic PS,1.04432e+16,2018,1,2,Road Accidents,Narrow road,City/Town,Residential area,Human Error,Yes,Simple Injury,Hit and Run,Not at  Junction,Others,City or Town Road,Bitumen(Tar),Dry,Not Applicable,Clear,Gayathrinagara Main Road SBI Bank near,Ragavendra Juse Center,15ft,0.0,0.0
Bengaluru City,Malleshwaram Traffic PS,1.04432e+16,2018,1,1,Road Accidents,More than four arms,City/Town,Open area,Human Error,Yes,Grievous Injury,Hit and Run,Not at  Junction,Others,City or Town Road,Bitumen(Tar),Dry,Not Applicable,Clear,Vattal Nagaraj Road sujatha bus stop oppt,sujatha takies,47,0.0,0.0
Bengaluru City,Malleshwaram Traffic PS,1.04432e+16,2018,1,1,Road Accidents,Narrow road,City/Town,Open area,Human Error,No,Simple Injury,Hit pedestrian,No signal lights,Others,City or Town Road,Bitumen(Tar),Dry,Not Applicable,Clear,Rajajinagara Metro Station,Tata Motors,100 Ft,0.0,0.0
Bengaluru City,Malleshwaram Traffic PS,1.04432e+16,2018,1,2,Road Accidents,Junction,City/Town,Open area,Human Error,No,Damage Only,Others,Signal lights Automatic,Others,City or Town Road,Bitumen(Tar),Dry,Not Applicable,Clear,Malleshwaram 18 Th Cross,Gov College,50 FT,0.0,0.0
Bengaluru City,Malleshwaram Traffic PS,1.04432e+16,2018,1,1,Road Accidents,T Junction,City/Town,Open area,Human Error,Yes,Simple Injury,Hit and Run,No signal lights,Others,City or Town Road,Bitumen(Tar),Dry,Not Applicable,Clear,Rajajinagara 19 Th Main,Canara Bank,45 Ft,0.0,0.0
Bengaluru City,Malleshwaram Traffic PS,1.04432e+16,2018,1,1,Road Accidents,Junction,City/Town,Open area,Human Error,Not Applicable,Simple Injury,Hit pedestrian,No signal lights,Others,City or Town Road,Bitumen(Tar),Dry,Not Applicable,Clear,14th Cross Margosa Road,Gurunatha And sons,45 FT,0.0,0.0
Bengaluru City,Malleshwaram Traffic PS,1.04432e+16,2018,1,2,Road Accidents,Curves,City/Town,Open area,Human Error,Not Applicable,Grievous Injury,Others,No signal lights,Others,City or Town Road,Bitumen(Tar),Dry,Not Applicable,Clear,11th main 16th cross malleshwaram,Dr halth,8ft,0.0,0.0
Bengaluru City,Malleshwaram Traffic PS,1.04432e+16,2018,1,2,Road Accidents,Narrow road,City/Town,Near office complex,Human Error,Yes,Grievous Injury,Head on,Not at  Junction,Others,City or Town Road,Bitumen(Tar),Dry,Not Applicable,Clear,Dr raj Kumar Road Near Orion Mall,Orion Mall,48ft,0.0,0.0
Bengaluru City,Malleshwaram Traffic PS,1.04432e+16,2018,1,2,Road Accidents,Circle,City/Town,Open area,Human Error,Yes,Simple Injury,Hit and Run,Signal lights Automatic,Others,City or Town Road,Bitumen(Tar),Dry,Not Applicable,Clear,Mahalakshmi Entrence Signal,Panchamuki Arthopedic Hospital,50 FT,0.0,0.0
Bengaluru City,Malleshwaram Traffic PS,1.04432e+16,2018,1,3,Road Accidents,Narrow road,City/Town,Open area,Human Error,Not Applicable,Simple Injury,Others,Not at  Junction,Others,City or Town Road,Bitumen(Tar),Dry,Not Applicable,Clear,5th cross Malleshwaram undarpass,SSLC Bord,45 FT,0.0,0.0
Bengaluru City,Malleshwaram Traffic PS,1.04432e+16,2018,1,2,Road Accidents,Junction,City/Town,Open area,Human Error,Yes,Simple Injury,Hit and Run,Signal lights Automatic,Others,City or Town Road,Bitumen(Tar),Dry,Not Applicable,Clear,Navarang Junction,Karnataka Biriyani Hotel,50 Ft,0.0,0.0
Bengaluru City,Malleshwaram Traffic PS,1.04432e+16,2018,1,2,Road Accidents,Narrow road,City/Town,Open area,Human Error,Yes,Simple Injury,Hit and Run,No signal lights,Others,City or Town Road,Bitumen(Tar),Dry,Not Applicable,Clear,Dr Raj Kumar Road 10 Th Cross,Krishna Apticles,35 FT,0.0,0.0
Bengaluru City,Malleshwaram Traffic PS,1.04432e+16,2018,1,1,Road Accidents,Junction,City/Town,Open area,Human Error,Yes,Simple Injury,Hit pedestrian,No signal lights,Not Applicable,City or Town Road,Bitumen(Tar),Dry,Not Applicable,Clear,Sampige Road 4 Th Cross,New Brundavana Hotel,40 Ft,0.0,0.0
Bengaluru City,Malleshwaram Traffic PS,1.04432e+16,2018,1,2,Road Accidents,Narrow road,City/Town,Open area,Human Error,Not Applicable,Simple Injury,Others,Not at  Junction,Others,City or Town Road,Bitumen(Tar),Dry,Not Applicable,Clear,Rajajinagara 19 Th Main 11th cross,Durgashree hotel,12ft,0.0,0.0
Bengaluru City,Malleshwaram Traffic PS,1.04432e+16,2018,1,2,Road Accidents,Curves,City/Town,Near office complex,Human Error,Not Applicable,Grievous Injury,Others,No signal lights,Others,City or Town Road,Bitumen(Tar),Dry,Not Applicable,Clear,Margosa Road 8th cross juncation,Corporation Buliding,25ft,0.0,0.0
Bengaluru City,Malleshwaram Traffic PS,1.04432e+16,2019,1,1,Road Accidents,Junction,City/Town,Open area,Human Error,Yes,Grievous Injury,Hit pedestrian,No signal lights,Others,Two way,Bitumen(Tar),Dry,Not Applicable,Clear,Crical Ganapathi Tempal,Ganapathi Tempal,24ft,0.0,0.0
Bengaluru City,Malleshwaram Traffic PS,1.04432e+16,2019,1,2,Road Accidents,Narrow road,City/Town,Open area,Human Error,Yes,Grievous Injury,Vehicle to Vehicle,Not at  Junction,Straight and flat,Two way,Bitumen(Tar),Dry,Not Applicable,Clear,Dr Raj Kumar Road 17th Cross Bridge,ICICI bank,8,0.0,0.0
Bengaluru City,Malleshwaram Traffic PS,1.04432e+16,2019,1,2,Road Accidents,Junction,City/Town,Residential area,Human Error,Yes,Simple Injury,Vehicle to Vehicle,No signal lights,Straight and flat,One way,Bitumen(Tar),Dry,Not Applicable,Clear,RAJAJINAGAR 10 CROSS E BLOCK JUNCTION,10 CROSS,30 FT,0.0,0.0
Bengaluru City,Malleshwaram Traffic PS,1.04432e+16,2019,1,2,Road Accidents,Junction,City/Town,Open area,Human Error,No,Simple Injury,Vehicle to Vehicle,Controlled,Straight and flat,Two way,Bitumen(Tar),Others,Not Applicable,Clear,MKK Road,Geetanjali  Junction,30 ft,0.0,0.0
Bengaluru City,Malleshwaram Traffic PS,1.04432e+16,2019,1,2,Road Accidents,Narrow road,City/Town,Open area,Human Error,No,Grievous Injury,Vehicle to Vehicle,No signal lights,Straight and flat,Residential Street,Bitumen(Tar),Dry,Not Applicable,Clear,Woc road 1st Block Service Road,Park,25ft,0.0,0.0
Bengaluru City,Malleshwaram Traffic PS,1.04432e+16,2019,1,2,Road Accidents,Narrow road,City/Town,Open area,Human Error,Not Applicable,Grievous Injury,Vehicle to Vehicle,Not at  Junction,Straight and flat,Two way,Bitumen(Tar),Dry,Not Applicable,Clear,Sriramapura metro station,Ganapathi Tempal,10,0.0,0.0
Bengaluru City,Malleshwaram Traffic PS,1.04432e+16,2019,1,1,Road Accidents,Offset,City/Town,Near Bus stop,Human Error,Not Applicable,Grievous Injury,Not Applicable,Not at  Junction,Straight and flat,Two way,Bitumen(Tar),Dry,Not Applicable,Clear,WOC Road 1st block Flayover,Mahalakshimi Enternces bus stop,45,0.0,0.0
Bengaluru City,Malleshwaram Traffic PS,1.04432e+16,2019,1,2,Road Accidents,Junction,City/Town,Open area,Human Error,Yes,Simple Injury,Vehicle to Vehicle,Signal lights Automatic,Straight and flat,Two way,Bitumen(Tar),Dry,Not Applicable,Clear,Vattal Nagaraj Road K B Junction,Railway Quatres,36,0.0,0.0
Bengaluru City,Malleshwaram Traffic PS,1.04432e+16,2019,1,1,Road Accidents,Junction,City/Town,Near Hospital,Human Error,Yes,Simple Injury,Hit pedestrian,No signal lights,Straight and flat,Residential Street,Bitumen(Tar),Dry,Not Applicable,Clear,Cloudnine Hospital Juncation Malleshwaram,Cloudnine Hospital,22,0.0,0.0
Bengaluru City,Malleshwaram Traffic PS,1.04432e+16,2019,1,2,Road Accidents,Narrow road,City/Town,Open area,Human Error,No,Grievous Injury,Vehicle to Vehicle,Not at  Junction,Straight and flat,Two way,Bitumen(Tar),Dry,Not Applicable,Clear,Vattal Nagaraj Road PF Juncation New Under Pass,Railway Station,48ft,0.0,0.0
Bengaluru City,Malleshwaram Traffic PS,1.04432e+16,2019,1,1,Road Accidents,Narrow road,City/Town,Residential area,Human Error,Not Applicable,Simple Injury,Hit pedestrian,Not at  Junction,Others,One way,Bitumen(Tar),Dry,Not Applicable,Clear,5th main sriramapura,ranka Pravisan Store,25,0.0,0.0
Bengaluru City,Malleshwaram Traffic PS,1.04432e+16,2019,1,2,Road Accidents,Narrow road,City/Town,Open area,Human Error,No,Simple Injury,Vehicle to Vehicle,Not at  Junction,Others,Two way,Bitumen(Tar),Dry,Not Applicable,Clear,Infornt of malleshwaram Police station,Malleshwaram police station,45ft,0.0,0.0
Bengaluru City,Malleshwaram Traffic PS,1.04432e+16,2019,1,1,Road Accidents,Narrow road,City/Town,Open area,Human Error,Yes,Simple Injury,Hit pedestrian,Not at  Junction,Others,One way,Bitumen(Tar),Dry,Not Applicable,Clear,Malleshwaram 4th Main MD Block,Abiram Printers,18 Ft,0.0,0.0
Bengaluru City,Malleshwaram Traffic PS,1.04432e+16,2019,1,2,Road Accidents,Junction,City/Town,Near a religious place,Human Error,No,Grievous Injury,Vehicle to Vehicle,No signal lights,Straight and flat,Others,Bitumen(Tar),Dry,Not Applicable,Clear,8th main 15th cross chitrpura math,Chitrpura math,30,0.0,0.0
Bengaluru City,Malleshwaram Traffic PS,1.04432e+16,2019,1,1,Road Accidents,Junction,City/Town,Open area,Human Error,No,Simple Injury,Hit pedestrian,Police / Manual,Others,Two way,Bitumen(Tar),Dry,Not Applicable,Clear,varalakshmi junction,Aster coaching center,15 ft,0.0,0.0
Bengaluru City,Malleshwaram Traffic PS,1.04432e+16,2019,1,2,Road Accidents,Narrow road,City/Town,Near a religious place,Human Error,No,Fatal,Vehicle to Vehicle,Not at  Junction,Straight and flat,Two way,Bitumen(Tar),Dry,Not Applicable,Clear,Govt Soap Factory Circle Near Parijatha Hotel,Parijatha Tyles,12ft,0.0,0.0
Bengaluru City,Malleshwaram Traffic PS,1.04432e+16,2019,1,1,Road Accidents,Narrow road,City/Town,Open area,Human Error,Yes,Simple Injury,Hit pedestrian,Not Applicable,Straight and flat,One way,Bitumen(Tar),Dry,Not Applicable,Clear,Vattal Nagaraj Road PF Juncation New Under Pass,Sanimahathma tempal,46,0.0,0.0
Bengaluru City,Malleshwaram Traffic PS,1.04432e+16,2019,1,2,Road Accidents,Narrow road,City/Town,Residential area,Human Error,Yes,Grievous Injury,Vehicle to Vehicle,Not at  Junction,Straight and flat,Two way,Bitumen(Tar),Dry,Not Applicable,Clear,Chandashakar Azaad plyground,Chandashakar Azaad plyground,48,0.0,0.0
Bengaluru City,Malleshwaram Traffic PS,1.04432e+16,2019,1,2,Road Accidents,Junction,City/Town,Open area,Human Error,Yes,Grievous Injury,Vehicle to Vehicle,Not Applicable,Curve,Two way,Bitumen(Tar),Dry,Not Applicable,Clear,CHTTAPURA MATT 15 TH CROSS MALLESWARAM,Chitrpura math,50 FT,0.0,0.0
Bengaluru City,Malleshwaram Traffic PS,1.04432e+16,2019,1,1,Road Accidents,Junction,City/Town,Open area,Human Error,Yes,Grievous Injury,Hit pedestrian,Controlled,Straight and flat,Others,Bitumen(Tar),Dry,Not Applicable,Clear,9th cross Junction,Kasturi dhama,5,0.0,0.0
Bengaluru City,Malleshwaram Traffic PS,1.04432e+16,2019,1,1,Road Accidents,Curves,City/Town,Residential area,Human Error,No,Simple Injury,Hit pedestrian,Controlled,Others,One way,Bitumen(Tar),Dry,Not Applicable,Clear,19th main juncation rajajinagar,Fiy Mobiles stores,16,0.0,0.0
Bengaluru City,Malleshwaram Traffic PS,1.04432e+16,2019,1,1,Road Accidents,Narrow road,City/Town,Open area,Human Error,Not Applicable,Grievous Injury,Hit pedestrian,Not at  Junction,Others,Two way,Bitumen(Tar),Dry,Not Applicable,Clear,Rajajinagara 1 St Block Flyover,Park,38,0.0,0.0
Bengaluru City,Malleshwaram Traffic PS,1.04432e+16,2019,1,2,Road Accidents,Narrow road,City/Town,Near Bus stop,Human Error,Not Applicable,Simple Injury,Vehicle to Vehicle,Not Applicable,Straight and flat,Two way,Concrete,Dry,Not Applicable,Clear,WOC ROAD,MAHALAKSHMI METRO STATION,26 FT,0.0,0.0
Bengaluru City,Malleshwaram Traffic PS,1.04432e+16,2019,1,2,Road Accidents,Junction,City/Town,Open area,Human Error,No,Simple Injury,Vehicle to Vehicle,Controlled,Straight and flat,Two way,Bitumen(Tar),Dry,Not Applicable,Clear,MKK ROAD,JUNCTION,20FT,0.0,0.0
Bengaluru City,Malleshwaram Traffic PS,1.04432e+16,2019,1,1,Road Accidents,Narrow road,City/Town,Open area,Human Error,No,Grievous Injury,Hit pedestrian,Not at  Junction,Straight and flat,Two way,Bitumen(Tar),Dry,Not Applicable,Clear,13th Cross udupi palimaru mata,palimaru mata,25,0.0,0.0
Bengaluru City,Malleshwaram Traffic PS,1.04432e+16,2019,1,1,Road Accidents,Junction,City/Town,In bazaar,Human Error,Yes,Fatal,Hit pedestrian,No signal lights,Straight and flat,One way,Bitumen(Tar),Dry,Not Applicable,Clear,Sampige Rd 13 Th Cross,Tea Samskruthi Shop,30 FT,0.0,0.0
Bengaluru City,Malleshwaram Traffic PS,1.04432e+16,2019,1,2,Road Accidents,Narrow road,City/Town,Open area,Human Error,Yes,Simple Injury,Vehicle to Vehicle,Not at  Junction,Straight and flat,Others,Bitumen(Tar),Dry,Not Applicable,Clear,R P Road Near Railway sation Malleshwaram,malleshwaram Railway Station,20,0.0,0.0