DISTRICTNAME,UNITNAME,Crime_No,Year,RI,Noofvehicle_involved,Accident_Classification,Accident_Spot,Accident_Location,Accident_SubLocation,Main_Cause,Hit_Run,Severity,Collision_Type,Junction_Control,Road_Character,Road_Type,Surface_Type,Surface_Condition,Road_Condition,Weather,Accident_Road,Landmark_first,Distance_LandMark_First,Latitude,Longitude
Bengaluru City,Malleshwaram Traffic PS,1.04432e+16,2019,1,1,Road Accidents,Narrow road,City/Town,Residential area,Human Error,No,Grievous Injury,Hit pedestrian,Not at  Junction,Others,Others,Bitumen(Tar),Dry,Not Applicable,Clear,Near More Super Market Gayatrinagara Main Road,More super market,10,0.0,0.0
Bengaluru City,Malleshwaram Traffic PS,1.04432e+16,2019,1,1,Road Accidents,Junction,City/Town,Near Bus stop,Human Error,Yes,Grievous Injury,Hit pedestrian,Signal lights Automatic,Straight and flat,Two way,Bitumen(Tar),Dry,Not Applicable,Clear,19th main juncation rajajinagar,Vivo Mobiles Stores,26 ft,0.0,0.0
Bengaluru City,Malleshwaram Traffic PS,1.04432e+16,2019,1,1,Road Accidents,Junction,City/Town,Open area,Human Error,No,Simple Injury,Hit pedestrian,Controlled,Straight and flat,Two way,Bitumen(Tar),Dry,Not Applicable,Clear,RR JUNCTION VATAL NAGRAJ ROAD,BRIDGE,30,0.0,0.0
Bengaluru City,Malleshwaram Traffic PS,1.04432e+16,2019,1,2,Road Accidents,Circle,City/Town,Open area,Human Error,No,Grievous Injury,Vehicle to Vehicle,Controlled,Straight and flat,One way,Bitumen(Tar),Dry,Not Applicable,Clear,11 cross malleswaram,Mallege appartment,30,0.0,0.0
Bengaluru City,Malleshwaram Traffic PS,1.04432e+16,2019,1,1,Road Accidents,Narrow road,City/Town,Open area,Human Error,No,Grievous Injury,Not Applicable,Not at  Junction,Straight and flat,One way,Bitumen(Tar),Dry,Not Applicable,Clear,8th Main Malleshwaram Rajatha Bhavana,BWSSB Rajatha Bhavana,5,0.0,0.0
Bengaluru City,Malleshwaram Traffic PS,1.04432e+16,2019,1,1,Road Accidents,Narrow road,City/Town,Near Bus stop,Human Error,Yes,Grievous Injury,Hit pedestrian,Not Applicable,Straight and flat,Two way,Bitumen(Tar),Dry,Not Applicable,Clear,MKK Road Mariyappana palya bus stop,Mariyappa palya bus stop,10ft,0.0,0.0
Bengaluru City,Malleshwaram Traffic PS,1.04432e+16,2019,1,1,Road Accidents,Cross roads,City/Town,Residential area,Human Error,Yes,Grievous Injury,Hit pedestrian,Not at  Junction,Straight and flat,Two way,Bitumen(Tar),Dry,Not Applicable,Clear,Near harekrishna Park WOC Road,sub register office,50 FT,0.0,0.0
Bengaluru City,Malleshwaram Traffic PS,1.04432e+16,2019,1,1,Road Accidents,Narrow road,City/Town,Open area,Human Error,Yes,Fatal,Hit pedestrian,Not Applicable,Straight and flat,Others,Bitumen(Tar),Dry,Not Applicable,Clear,Sampige road,Lakshmi gold palace,25 Ft,0.0,0.0
Bengaluru City,Malleshwaram Traffic PS,1.04432e+16,2019,1,2,Road Accidents,Junction,City/Town,Narrow bridge or culverts,Human Error,No,Simple Injury,Vehicle to Vehicle,Controlled,Straight and flat,One way,Bitumen(Tar),Dry,Not Applicable,Clear,MKK Road,Geetanjali Junction,50,0.0,0.0
Bengaluru City,Malleshwaram Traffic PS,1.04432e+16,2019,1,2,Road Accidents,Narrow road,City/Town,Open area,Human Error,No,Simple Injury,Vehicle to Vehicle,Not at  Junction,Others,Two way,Bitumen(Tar),Dry,Not Applicable,Clear,Malleshwaram Under Pass,Malleshwaram Police Station,30 FT,0.0,0.0
Bengaluru City,Malleshwaram Traffic PS,1.04432e+16,2019,1,1,Road Accidents,Narrow road,City/Town,Open area,Human Error,No,Grievous Injury,Hit pedestrian,Not at  Junction,Straight and flat,Two way,Bitumen(Tar),Dry,Not Applicable,Clear,M K K Road Sriramapura Metro Stn,Savisagar Hotel,48Ft,0.0,0.0
Bengaluru City,Malleshwaram Traffic PS,1.04432e+16,2019,1,2,Road Accidents,Junction,City/Town,Open area,Human Error,No,Grievous Injury,Vehicle to Vehicle,Not Applicable,Straight and flat,Others,Bitumen(Tar),Others,Not Applicable,Clear,8 TH MAIN MALLESWARAM,QUEEN BOTIC SHOPING CORNER,19 FT,0.0,0.0
Bengaluru City,Malleshwaram Traffic PS,1.04432e+16,2019,1,2,Road Accidents,Circle,City/Town,Residential area,Human Error,No,Grievous Injury,Vehicle to Vehicle,Controlled,Curve,Residential Street,Bitumen(Tar),Dry,Not Applicable,Clear,Rp road,Sumukha mane,08 mts,0.0,0.0
Bengaluru City,Malleshwaram Traffic PS,1.04432e+16,2019,1,1,Road Accidents,Not Applicable,City/Town,Near Bus stop,Human Error,Yes,Grievous Injury,Hit pedestrian,Not at  Junction,Straight and flat,Others,Bitumen(Tar),Dry,Not Applicable,Clear,WOC ROAD,PRABHU SWEETS,03 MT,0.0,0.0
Bengaluru City,Malleshwaram Traffic PS,1.04432e+16,2019,1,2,Road Accidents,Junction,City/Town,Open area,Human Error,Yes,Grievous Injury,Vehicle to Vehicle,Controlled,Straight and flat,State Highway,Bitumen(Tar),Dry,Not Applicable,Clear,Dr Raj Kumar Road,MADHULOKA BAR,50 FT,0.0,0.0
Bengaluru City,Malleshwaram Traffic PS,1.04432e+16,2019,1,1,Road Accidents,Junction,City/Town,Near Hospital,Human Error,Yes,Simple Injury,Vehicle to Vehicle,No signal lights,Others,One way,Bitumen(Tar),Dry,Not Applicable,Clear,Varalaksmi nursing Home,Varalaksmi hospital,45ft,0.0,0.0
Bengaluru City,Malleshwaram Traffic PS,1.04432e+16,2019,1,1,Road Accidents,Narrow road,City/Town,Open area,Human Error,Not Applicable,Simple Injury,Hit pedestrian,Not at  Junction,Others,Two way,Bitumen(Tar),Dry,Not Applicable,Clear,MKK Road Kuvempu Metro,Kuvempu Metro,26,0.0,0.0
Bengaluru City,Malleshwaram Traffic PS,1.04432e+16,2019,1,2,Road Accidents,Circle,City/Town,Near office complex,Human Error,Not Applicable,Damage Only,Vehicle to Vehicle,No signal lights,Curve,Two way,Bitumen(Tar),Dry,Not Applicable,Clear,Govt Soap Factory Circle Near Metro Station,Metro,38,0.0,0.0
Bengaluru City,Malleshwaram Traffic PS,1.04432e+16,2019,1,2,Road Accidents,Narrow road,City/Town,Residential area,Human Error,Yes,Grievous Injury,Vehicle to Vehicle,Not at  Junction,Straight and flat,Others,Bitumen(Tar),Dry,Not Applicable,Clear,17th Cross 12th & 13th Cross tat sky shop,tata sky shop,8,0.0,0.0
Bengaluru City,Malleshwaram Traffic PS,1.04432e+16,2019,1,1,Road Accidents,Junction,City/Town,At pedestrian Crossing,Human Error,No,Grievous Injury,Not Applicable,Police / Manual,Straight and flat,Two way,Bitumen(Tar),Dry,Not Applicable,Clear,RAJKUMAR ROAD 10 CROSS JUNCTION,RAJKUMAR ROAD 10 CROSS JUNCTON,10 FT,0.0,0.0
Bengaluru City,Malleshwaram Traffic PS,1.04432e+16,2019,1,2,Road Accidents,Narrow road,City/Town,Open area,Human Error,Yes,Simple Injury,Vehicle to Vehicle,Not at  Junction,Straight and flat,Residential Street,Bitumen(Tar),Dry,Not Applicable,Clear,SRIRAMPUR MAIN ROAD,KRISHNA FLOOR MILL,50 FT,0.0,0.0
Bengaluru City,Malleshwaram Traffic PS,1.04432e+16,2019,1,1,Road Accidents,Circle,City/Town,In bazaar,Human Error,Yes,Grievous Injury,Hit pedestrian,Not Applicable,Straight and flat,One way,Bitumen(Tar),Dry,Not Applicable,Clear,west park,Venugopal temple,29,0.0,0.0
Bengaluru City,Malleshwaram Traffic PS,1.04432e+16,2019,1,2,Road Accidents,Narrow road,City/Town,Near Bus stop,Human Error,Yes,Simple Injury,Vehicle to Vehicle,Controlled,Straight and flat,Others,Bitumen(Tar),Others,Not Applicable,Clear,RR junction,Railway Quarters,39,0.0,0.0
Bengaluru City,Malleshwaram Traffic PS,1.04432e+16,2019,1,1,Road Accidents,Narrow road,City/Town,Near Bus stop,Human Error,No,Simple Injury,Hit pedestrian,Not at  Junction,Straight and flat,Two way,Bitumen(Tar),Dry,Not Applicable,Clear,M K K Road,Metro station,30ft,0.0,0.0
Bengaluru City,Malleshwaram Traffic PS,1.04432e+16,2019,1,1,Road Accidents,Junction,City/Town,Open area,Human Error,No,Fatal,Hit bicyclist,Controlled,Straight and flat,One way,Bitumen(Tar),Dry,Not Applicable,Clear,Vatal nagraj Road,shanimahatma temple,29,0.0,0.0
Bengaluru City,Malleshwaram Traffic PS,1.04432e+16,2019,1,1,Road Accidents,Junction,City/Town,Open area,Human Error,No,Grievous Injury,Hit pedestrian,No signal lights,Curve,Two way,Bitumen(Tar),Dry,Not Applicable,Clear,Infront of ammanni College,Ammanni College,26ft,0.0,0.0
Bengaluru City,Malleshwaram Traffic PS,1.04432e+16,2019,1,2,Road Accidents,Junction,City/Town,Residential area,Human Error,Not Applicable,Grievous Injury,Hit pedestrian,No signal lights,Straight and flat,Two way,Bitumen(Tar),Dry,Not Applicable,Clear,Dr Raj Kumar Road SRS travels,SRS Travels,12,0.0,0.0
Bengaluru City,Malleshwaram Traffic PS,1.04432e+16,2019,1,2,Road Accidents,Junction,City/Town,Open area,Human Error,Not Applicable,Damage Only,Vehicle to Vehicle,Signal lights Automatic,Straight and flat,Two way,Bitumen(Tar),Dry,Not Applicable,Clear,KB Juncation,Shankarlingapandyana Hotel,30,0.0,0.0
Bengaluru City,Malleshwaram Traffic PS,1.04432e+16,2019,1,1,Road Accidents,Narrow road,City/Town,Residential area,Human Error,Yes,Simple Injury,Hit pedestrian,Not at  Junction,Straight and flat,Residential Street,Bitumen(Tar),Dry,Not Applicable,Clear,9th Main Srirampur,Temple,30ft,0.0,0.0
Bengaluru City,Malleshwaram Traffic PS,1.04432e+16,2019,1,2,Road Accidents,Narrow road,City/Town,Near Petrol Pump,Human Error,Yes,Simple Injury,Vehicle to Vehicle,Not at  Junction,Straight and flat,Two way,Bitumen(Tar),Dry,Not Applicable,Clear,Kuvempu Metro Station,S Rayal Hotel,42ft,0.0,0.0
Bengaluru City,Malleshwaram Traffic PS,1.04432e+16,2019,1,2,Road Accidents,Junction,City/Town,Open area,Human Error,Yes,Damage Only,Vehicle to Vehicle,Not at  Junction,Others,Service Road,Bitumen(Tar),Dry,Not Applicable,Clear,4th Main 17th Cross Juncation,thertha aprtment,9,0.0,0.0
Bengaluru City,Malleshwaram Traffic PS,1.04432e+16,2019,1,1,Road Accidents,Junction,City/Town,At pedestrian Crossing,Human Error,Yes,Simple Injury,Hit pedestrian,Controlled,Straight and flat,Residential Street,Bitumen(Tar),Dry,Not Applicable,Clear,sunrise circle,Suprbatha bar,4,0.0,0.0
Bengaluru City,Malleshwaram Traffic PS,1.04432e+16,2019,1,1,Road Accidents,Junction,City/Town,Residential area,Human Error,No,Grievous Injury,Hit pedestrian,No signal lights,Straight and flat,One way,Bitumen(Tar),Dry,Not Applicable,Clear,Oklipuram 1st  main nandini bekre,nandini bekare,25,0.0,0.0
Bengaluru City,Malleshwaram Traffic PS,1.04432e+16,2019,1,2,Road Accidents,Junction,City/Town,Open area,Human Error,No,Grievous Injury,Vehicle to Vehicle,No signal lights,Others,Two way,Bitumen(Tar),Dry,Not Applicable,Clear,Rajajainagara 12th Cross Near Nandii Milk booth,nandini milk Booth,10,0.0,0.0
Bengaluru City,Malleshwaram Traffic PS,1.04432e+16,2019,1,1,Road Accidents,Junction,City/Town,Near Bus stop,Human Error,No,Grievous Injury,Vehicle to Vehicle,Police / Manual,Others,Two way,Bitumen(Tar),Dry,Not Applicable,Clear,Mahalakshmi Entrance Signal,Mahalakshimi Enternces bus stop,25,0.0,0.0
Bengaluru City,Malleshwaram Traffic PS,1.04432e+16,2019,1,2,Road Accidents,Junction,City/Town,Open area,Human Error,Not Applicable,Damage Only,Vehicle to Vehicle,Signal lights Automatic,Straight and flat,Two way,Bitumen(Tar),Dry,Not Applicable,Clear,Dr Raj Kumar Road 10 Th Cross,Kadamba Stores,10,0.0,0.0
Bengaluru City,Malleshwaram Traffic PS,1.04432e+16,2019,1,2,Road Accidents,Circle,City/Town,Open area,Human Error,No,Damage Only,Vehicle to Vehicle,Controlled,Straight and flat,Two way,Bitumen(Tar),Dry,Not Applicable,Clear,west of chord road,soap factior,60,0.0,0.0
Bengaluru City,Malleshwaram Traffic PS,1.04432e+16,2019,1,1,Road Accidents,Junction,City/Town,Open area,Human Error,Not Applicable,Grievous Injury,Hit pedestrian,No signal lights,Others,One way,Bitumen(Tar),Dry,Not Applicable,Clear,Malleshwaram 10th Cross Sampige road juncation,SVT Stores,18ft,0.0,0.0
Bengaluru City,Malleshwaram Traffic PS,1.04432e+16,2019,1,2,Road Accidents,Junction,City/Town,In bazaar,Human Error,Not Applicable,Grievous Injury,Vehicle to Vehicle,Controlled,Others,Two way,Bitumen(Tar),Dry,Not Applicable,Clear,Dayakan Hospital Juncation,just Bek,22ft,0.0,0.0
Bengaluru City,Malleshwaram Traffic PS,1.04432e+16,2019,1,2,Road Accidents,Junction,City/Town,Open area,Human Error,Not Applicable,Fatal,Vehicle to Vehicle,Signal lights Automatic,Straight and flat,Others,Bitumen(Tar),Dry,Not Applicable,Clear,Dr Rajkumar Road Navarang Junction,Hasana Nati Mane Hotel,55,0.0,0.0
Bengaluru City,Malleshwaram Traffic PS,1.04432e+16,2019,1,2,Road Accidents,Narrow road,City/Town,Near office complex,Human Error,No,Grievous Injury,Vehicle to Vehicle,Police / Manual,Straight and flat,Two way,Bitumen(Tar),Dry,Not Applicable,Clear,MKK Road,Indira Canteen,19,0.0,0.0
Bengaluru City,Malleshwaram Traffic PS,1.04432e+16,2019,1,1,Road Accidents,Circle,City/Town,Open area,Human Error,Yes,Fatal,Hit pedestrian,Controlled,Straight and flat,One way,Bitumen(Tar),Dry,Not Applicable,Clear,Srirampur,Swetha Mahal,33,0.0,0.0
Bengaluru City,Malleshwaram Traffic PS,1.04432e+16,2019,1,2,Road Accidents,Junction,City/Town,Open area,Human Error,No,Grievous Injury,Vehicle to Vehicle,Controlled,Straight and flat,One way,Bitumen(Tar),Dry,Not Applicable,Clear,6th Main junction,Pavagada Bank,16ft,0.0,0.0
Bengaluru City,Malleshwaram Traffic PS,1.04432e+16,2019,1,2,Road Accidents,Narrow road,City/Town,Open area,Human Error,No,Simple Injury,Vehicle to Vehicle,Not at  Junction,Straight and flat,One way,Bitumen(Tar),Dry,Not Applicable,Clear,Subramanya Nagara 1st Main Road E Block Juncation,Prethi Buty Parlar,16ft,0.0,0.0
Bengaluru City,Malleshwaram Traffic PS,1.04432e+16,2019,1,2,Road Accidents,Narrow road,City/Town,Residential area,Human Error,Yes,Damage Only,Vehicle to Vehicle,No signal lights,Others,One way,Bitumen(Tar),Dry,Not Applicable,Clear,6th main 03rd cross malleshwaram,Ashoka House,24,0.0,0.0
Bengaluru City,Malleshwaram Traffic PS,1.04432e+16,2019,1,2,Road Accidents,Junction,City/Town,Open area,Human Error,Not Applicable,Damage Only,Vehicle to Vehicle,Signal lights Automatic,Straight and flat,Two way,Bitumen(Tar),Dry,Not Applicable,Clear,DR.Rajukumar road,Devi Kandiments,25 fee,0.0,0.0
Bengaluru City,Malleshwaram Traffic PS,1.04432e+16,2019,1,1,Road Accidents,Junction,City/Town,Open area,Human Error,No,Grievous Injury,Hit pedestrian,Stop sign,Straight and flat,One way,Bitumen(Tar),Dry,Not Applicable,Clear,MARGOASA ROAD,GIRAIAS STORE,30FT,0.0,0.0
Bengaluru City,Malleshwaram Traffic PS,1.04432e+16,2019,1,2,Road Accidents,Narrow road,City/Town,Near a religious place,Human Error,No,Grievous Injury,Vehicle to Vehicle,Not at  Junction,Straight and flat,Two way,Bitumen(Tar),Dry,Not Applicable,Clear,WEST OF CHORD ROAD,ISCON TEMPLE,50 MTS,0.0,0.0
Bengaluru City,Malleshwaram Traffic PS,1.04432e+16,2019,1,1,Road Accidents,Narrow road,City/Town,Near Hospital,Human Error,No,Grievous Injury,Hit pedestrian,Controlled,Straight and flat,Two way,Bitumen(Tar),Dry,Not Applicable,Clear,Dr Raj Kumar Road,st theresa hospital,5,0.0,0.0
Bengaluru City,Malleshwaram Traffic PS,1.04432e+16,2019,1,2,Road Accidents,Junction,City/Town,Near Bus stop,Human Error,No,Grievous Injury,Vehicle to Vehicle,No signal lights,Straight and flat,Two way,Bitumen(Tar),Dry,Not Applicable,Clear,Oklipuram Bus stop,Oklipuram Bus Stop,30 FT,0.0,0.0
Bengaluru City,Malleshwaram Traffic PS,1.04432e+16,2019,1,1,Road Accidents,Narrow road,City/Town,Open area,Human Error,No,Grievous Injury,Vehicle to Vehicle,Not at  Junction,Straight and flat,Two way,Bitumen(Tar),Ditch or Potholed,Not Applicable,Clear,MKK Road Kuvempu Metro,Coffe Bar,35,0.0,0.0
Bengaluru City,Malleshwaram Traffic PS,1.04432e+16,2019,1,1,Road Accidents,Narrow road,City/Town,Residential area,Human Error,Yes,Grievous Injury,Hit pedestrian,Not at  Junction,Straight and flat,Others,Bitumen(Tar),Dry,Not Applicable,Clear,OKALIPURAM ROAD,MS BUILDING,30 FT,0.0,0.0
Bengaluru City,Malleshwaram Traffic PS,1.04432e+16,2019,1,1,Road Accidents,Narrow road,City/Town,Near School or College,Human Error,No,Grievous Injury,Hit pedestrian,Not at  Junction,Straight and flat,Two way,Bitumen(Tar),Dry,Not Applicable,Clear,MKK road,hombegowda college,50,0.0,0.0
Bengaluru City,Malleshwaram Traffic PS,1.04432e+16,2019,1,2,Road Accidents,Cross roads,City/Town,Near Bus stop,Human Error,Yes,Grievous Injury,Vehicle to Vehicle,Controlled,Straight and flat,One way,Bitumen(Tar),Dry,Not Applicable,Clear,Dr Raj Kumar Road,Saptagiri Bar,50 FT,0.0,0.0
Bengaluru City,Malleshwaram Traffic PS,1.04432e+16,2019,1,2,Road Accidents,Narrow road,City/Town,Near office complex,Human Error,Not Applicable,Damage Only,Vehicle to Vehicle,Not at  Junction,Straight and flat,Not Applicable,Bitumen(Tar),Dry,Not Applicable,Clear,Near Parking exit gate oriyan mall,Orion Mall,20ft,0.0,0.0
Bengaluru City,Malleshwaram Traffic PS,1.04432e+16,2019,1,2,Road Accidents,Junction,City/Town,Near Hospital,Human Error,Not Applicable,Grievous Injury,Vehicle to Vehicle,Signal lights Automatic,Others,Two way,Bitumen(Tar),Dry,Not Applicable,Clear,19th main juncation rajajinagar,netradham hospital,36 ft,0.0,0.0
Bengaluru City,Malleshwaram Traffic PS,1.04432e+16,2019,1,1,Road Accidents,Narrow road,City/Town,Open area,Human Error,Yes,Grievous Injury,Hit pedestrian,No signal lights,Straight and flat,One way,Bitumen(Tar),Dry,Not Applicable,Clear,19th Cross BWSSB K4 Block Oppt,Kashi matta,28,0.0,0.0
Bengaluru City,Malleshwaram Traffic PS,1.04432e+16,2019,1,2,Road Accidents,Narrow road,City/Town,Open area,Human Error,No,Fatal,Vehicle to Vehicle,Not at  Junction,Straight and flat,One way,Bitumen(Tar),Dry,Not Applicable,Clear,Ayyappa Temapal RP ROad Srirampura,Ayyappa Tempal,48,0.0,0.0
Bengaluru City,Malleshwaram Traffic PS,1.04432e+16,2019,1,2,Road Accidents,Junction,City/Town,Near Bus stop,Human Error,No,Grievous Injury,Vehicle to Vehicle,No signal lights,Curve,Two way,Bitumen(Tar),Dry,Not Applicable,Clear,Vattal Nagaraj Road R R Kalyana Mantapa,RR Bus Stop,39,0.0,0.0
Bengaluru City,Malleshwaram Traffic PS,1.04432e+16,2019,1,2,Road Accidents,Curves,City/Town,Open area,Human Error,Yes,Grievous Injury,Vehicle to Vehicle,No signal lights,Others,One way,Bitumen(Tar),Dry,Not Applicable,Clear,10th Cross Sampige road,Surya Book Stores,24,0.0,0.0
Bengaluru City,Malleshwaram Traffic PS,1.04432e+16,2019,1,2,Road Accidents,Junction,City/Town,Open area,Human Error,No,Grievous Injury,Vehicle to Vehicle,Not Applicable,Straight and flat,Two way,Bitumen(Tar),Dry,Not Applicable,Clear,MYSORE SOAP FACTORY ROAD,MYSORE SOAP FACTORY ROAD,40FT,0.0,0.0
Bengaluru City,Malleshwaram Traffic PS,1.04432e+16,2019,1,2,Road Accidents,Narrow road,City/Town,Residential area,Human Error,No,Simple Injury,Vehicle to Vehicle,Not Applicable,Straight and flat,Residential Street,Bitumen(Tar),Dry,Not Applicable,Clear,6 th cross Malleswaram,Reliance holding building,29,0.0,0.0
Bengaluru City,Malleshwaram Traffic PS,1.04432e+16,2019,1,2,Road Accidents,Narrow road,City/Town,Residential area,Human Error,Yes,Damage Only,Vehicle to Vehicle,Not at  Junction,Straight and flat,Others,Bitumen(Tar),Dry,Not Applicable,Clear,12 TH CROSS MALLESWARAM,RAGAVENDRAPRASAD HOUSE,19MT,0.0,0.0
Bengaluru City,Malleshwaram Traffic PS,1.04432e+16,2020,1,2,Road Accidents,Junction,City/Town,Residential area,Human Error,Yes,Simple Injury,Vehicle to Vehicle,Controlled,Straight and flat,Two way,Bitumen(Tar),Dry,Not Applicable,Clear,10TH CROSS JUNCTION,MILK BOOTH,25,0.0,0.0
Bengaluru City,Malleshwaram Traffic PS,1.04432e+16,2020,1,2,Road Accidents,Narrow road,City/Town,Open area,Human Error,No,Grievous Injury,Vehicle to Vehicle,Not at  Junction,Straight and flat,One way,Bitumen(Tar),Dry,Not Applicable,Others,Sampige road,Arihant applaince,9,0.0,0.0
Bengaluru City,Malleshwaram Traffic PS,1.04432e+16,2020,1,1,Road Accidents,Junction,City/Town,At pedestrian Crossing,Human Error,No,Grievous Injury,Hit pedestrian,Police / Manual,Straight and flat,Two way,Bitumen(Tar),Dry,Not Applicable,Clear,Navrang Junction,Sangeetha Mobil,10 ft,0.0,0.0
Bengaluru City,Malleshwaram Traffic PS,1.04432e+16,2020,1,2,Road Accidents,Junction,City/Town,Near Bus stop,Human Error,No,Damage Only,Vehicle to Vehicle,Police / Manual,Straight and flat,One way,Bitumen(Tar),Dry,Not Applicable,Clear,Sampige road,cycle world,18 ft,0.0,0.0
Bengaluru City,Malleshwaram Traffic PS,1.04432e+16,2020,1,1,Road Accidents,Narrow road,City/Town,Near office complex,Human Error,Not Applicable,Fatal,Not Applicable,Not at  Junction,Straight and flat,One way,Bitumen(Tar),Dry,Not Applicable,Clear,Sampige road Malleswaram,Ak bek hotel,29,0.0,0.0
Bengaluru City,Malleshwaram Traffic PS,1.04432e+16,2020,1,2,Road Accidents,Narrow road,City/Town,Open area,Human Error,Yes,Damage Only,Vehicle to Vehicle,Not at  Junction,Straight and flat,One way,Bitumen(Tar),Dry,Not Applicable,Clear,Vatal Nagraj Road,Divider,8,12.9819898,77.5702332
Bengaluru City,Malleshwaram Traffic PS,1.04432e+16,2020,1,2,Road Accidents,Circle,City/Town,Near a factory industrial area,Human Error,No,Fatal,Vehicle to Vehicle,Give way sign,Straight and flat,One way,Bitumen(Tar),Dry,Not Applicable,Others,Soap factory circle,Metro,30,0.0,0.0
Bengaluru City,Malleshwaram Traffic PS,1.04432e+16,2020,1,2,Road Accidents,Junction,City/Town,Near Bus stop,Human Error,No,Simple Injury,Vehicle to Vehicle,Signal lights Automatic,Straight and flat,Two way,Bitumen(Tar),Dry,Not Applicable,Clear,West of chrd road,Mahalakshmi Metro Station,30,0.0,0.0
Bengaluru City,Malleshwaram Traffic PS,1.04432e+16,2020,1,1,Road Accidents,Narrow road,City/Town,Near office complex,Human Error,No,Simple Injury,Not Applicable,No signal lights,Straight and flat,Service Road,Bitumen(Tar),Dry,Not Applicable,Others,MKK Road,KUTTY STORE,08FT,0.0,0.0
Bengaluru City,Malleshwaram Traffic PS,1.04432e+16,2020,1,2,Road Accidents,Narrow road,City/Town,Residential area,Human Error,No,Simple Injury,Vehicle to Vehicle,Not Applicable,Straight and flat,Two way,Bitumen(Tar),Dry,Not Applicable,Clear,Vatal Nagaraja Road,Sri Sai Helmet Palace,50Ft,0.0,0.0
Bengaluru City,Malleshwaram Traffic PS,1.04432e+16,2020,1,2,Road Accidents,Junction,City/Town,Residential area,Human Error,No,Simple Injury,Vehicle to Vehicle,Uncontrolled,Straight and flat,Two way,Bitumen(Tar),Dry,Not Applicable,Clear,RP road,house No 36,15,0.0,0.0
Bengaluru City,Malleshwaram Traffic PS,1.04432e+16,2020,1,2,Road Accidents,Circle,City/Town,Near a factory industrial area,Human Error,Yes,Damage Only,Vehicle to Vehicle,Controlled,Straight and flat,Two way,Bitumen(Tar),Dry,Not Applicable,Clear,west of chord road,soap factory,50,0.0,0.0
Bengaluru City,Malleshwaram Traffic PS,1.04432e+16,2020,1,1,Road Accidents,Narrow road,City/Town,Near Bus stop,Human Error,No,Grievous Injury,Not Applicable,Not at  Junction,Straight and flat,Two way,Bitumen(Tar),Dry,Not Applicable,Clear,WoC road,Merto Pillor 246,40,13.00035,77.54975
Bengaluru City,Malleshwaram Traffic PS,1.04432e+16,2020,1,1,Road Accidents,Narrow road,City/Town,Residential area,Human Error,Yes,Grievous Injury,Hit pedestrian,Not Applicable,Straight and flat,Residential Street,Bitumen(Tar),Dry,Not Applicable,Clear,Subramanya nagar Main road,Balaji kalayana mantap,8,0.0,0.0
Bengaluru City,Malleshwaram Traffic PS,1.04432e+16,2020,1,2,Road Accidents,Narrow road,City/Town,Residential area,Human Error,Yes,Grievous Injury,Vehicle to Vehicle,Not at  Junction,Straight and flat,Two way,Bitumen(Tar),Dry,Not Applicable,Clear,Vellipuram road,Vinayak elecric survice,10,0.0,0.0
Bengaluru City,Malleshwaram Traffic PS,1.04432e+16,2020,1,1,Road Accidents,Narrow road,City/Town,Residential area,Human Error,No,Grievous Injury,Hit pedestrian,Not at  Junction,Straight and flat,Others,Bitumen(Tar),Dry,Not Applicable,Clear,8Th Main Road,House no 1963,6,0.0,0.0
Bengaluru City,Malleshwaram Traffic PS,1.04432e+16,2020,1,1,Road Accidents,Narrow road,City/Town,Near office complex,Human Error,No,Grievous Injury,Hit pedestrian,Not at  Junction,Straight and flat,Two way,Bitumen(Tar),Dry,Not Applicable,Clear,Dr Rajkumar Road,Subramanya Nagar police station,15,0.0,0.0
Bengaluru City,Malleshwaram Traffic PS,1.04432e+16,2020,1,2,Road Accidents,Narrow road,City/Town,Near Bus stop,Human Error,No,Grievous Injury,Vehicle to Vehicle,Not Applicable,Straight and flat,Two way,Bitumen(Tar),Dry,Not Applicable,Clear,West Off Chord Road,Metro Stn,30 FT,0.0,0.0
Bengaluru City,Malleshwaram Traffic PS,1.04432e+16,2020,1,2,Road Accidents,Junction,City/Town,Residential area,Human Error,No,Grievous Injury,Vehicle to Vehicle,Give way sign,Straight and flat,Residential Street,Bitumen(Tar),Dry,Not Applicable,Clear,Malleswaram 8th cross Junction,Rejoies,10,0.0,0.0
Bengaluru City,Malleshwaram Traffic PS,1.04432e+16,2020,1,2,Road Accidents,Junction,City/Town,Residential area,Human Error,No,Grievous Injury,Vehicle to Vehicle,No signal lights,Straight and flat,Others,Bitumen(Tar),Dry,Not Applicable,Others,Srirampur 3rd cross,Venkateswara medicals,20,0.0,0.0
Bengaluru City,Malleshwaram Traffic PS,1.04432e+16,2020,1,2,Road Accidents,Narrow road,City/Town,Open area,Human Error,No,Fatal,Vehicle to Vehicle,Not at  Junction,Straight and flat,One way,Bitumen(Tar),Dry,Not Applicable,Clear,MKK road,Ground Compound,10,0.0,0.0