DISTRICTNAME,UNITNAME,Crime_No,Year,RI,Noofvehicle_involved,Accident_Classification,Accident_Spot,Accident_Location,Accident_SubLocation,Main_Cause,Hit_Run,Severity,Collision_Type,Junction_Control,Road_Character,Road_Type,Surface_Type,Surface_Condition,Road_Condition,Weather,Accident_Road,Landmark_first,Distance_LandMark_First,Latitude,Longitude
Bengaluru City,Malleshwaram Traffic PS,1.04432e+16,2020,1,2,Road Accidents,Junction,City/Town,At pedestrian Crossing,Human Error,No,Grievous Injury,Vehicle to Vehicle,Police / Manual,Straight and flat,Two way,Bitumen(Tar),Dry,Not Applicable,Clear,VATALNAGRAJ ROAD,SHANKARLINGA HOTEL,55,0.0,0.0
Bengaluru City,Malleshwaram Traffic PS,1.04432e+16,2020,1,1,Road Accidents,Junction,City/Town,At pedestrian Crossing,Human Error,No,Grievous Injury,Hit pedestrian,Not Applicable,Straight and flat,One way,Bitumen(Tar),Dry,Not Applicable,Clear,17 th cross,Brahimin hotel,4,0.0,0.0
Bengaluru City,Malleshwaram Traffic PS,1.04432e+16,2020,1,3,Road Accidents,Narrow road,City/Town,Open area,Human Error,No,Simple Injury,Vehicle to Vehicle,Not at  Junction,Straight and flat,Two way,Bitumen(Tar),Dry,Not Applicable,Clear,Vatal nagraj road,High mask light,75 ft,0.0,0.0
Bengaluru City,Malleshwaram Traffic PS,1.04432e+16,2020,1,1,Road Accidents,Narrow road,City/Town,Near Bus stop,Human Error,Not Applicable,Fatal,Not Applicable,Not at  Junction,Straight and flat,One way,Bitumen(Tar),Others,Not Applicable,Clear,Mkk road,Indira Canteen,30,0.0,0.0
Bengaluru City,Malleshwaram Traffic PS,1.04432e+16,2020,1,1,Road Accidents,Narrow road,City/Town,Near Hospital,Human Error,Yes,Fatal,Hit pedestrian,Not at  Junction,Straight and flat,One way,Bitumen(Tar),Dry,Not Applicable,Others,SAMPIGE ROAD,SHEKAR NURSING HOME,29,0.0,0.0
Bengaluru City,Malleshwaram Traffic PS,1.04432e+16,2020,1,1,Road Accidents,Junction,City/Town,Near Hospital,Human Error,No,Grievous Injury,Hit pedestrian,Controlled,Straight and flat,Two way,Bitumen(Tar),Dry,Not Applicable,Clear,MKK Road,Varalakshmi nursing home,50,0.0,0.0
Bengaluru City,Malleshwaram Traffic PS,1.04432e+16,2020,1,2,Road Accidents,Junction,City/Town,Residential area,Human Error,No,Fatal,Vehicle to Vehicle,Uncontrolled,Straight and flat,Two way,Bitumen(Tar),Dry,Not Applicable,Clear,Gayatri Nagar Main Road,Med plus Medicals,20,0.0,0.0
Bengaluru City,Malleshwaram Traffic PS,1.04432e+16,2020,1,2,Road Accidents,Narrow road,City/Town,Near Bus stop,Human Error,No,Simple Injury,Vehicle to Vehicle,Not at  Junction,Straight and flat,One way,Bitumen(Tar),Dry,Not Applicable,Clear,Vatalnagraj road,Bus stop,55,0.0,0.0
Bengaluru City,Malleshwaram Traffic PS,1.04432e+16,2020,1,2,Road Accidents,Junction,City/Town,Near Hospital,Human Error,Yes,Grievous Injury,Vehicle to Vehicle,Police / Manual,Straight and flat,Two way,Bitumen(Tar),Dry,Not Applicable,Clear,MKK road,Nethradama Hospital,50 Ft,0.0,0.0
Bengaluru City,Malleshwaram Traffic PS,1.04432e+16,2020,1,1,Road Accidents,Narrow road,City/Town,Near office complex,Human Error,Not Applicable,Fatal,Not Applicable,Not Applicable,Straight and flat,Two way,Bitumen(Tar),Dry,Not Applicable,Clear,Malleswaram,Citizen Mens Parler,19 ft,0.0,0.0
Bengaluru City,Malleshwaram Traffic PS,1.04432e+16,2020,1,1,Road Accidents,Narrow road,City/Town,Near office complex,Human Error,Yes,Simple Injury,Hit pedestrian,Not at  Junction,Straight and flat,Two way,Bitumen(Tar),Dry,Not Applicable,Clear,10 Th cross Rajainagar,Street light,50,0.0,0.0
Bengaluru City,Malleshwaram Traffic PS,1.04432e+16,2020,1,2,Road Accidents,Junction,City/Town,Open area,Human Error,No,Grievous Injury,Vehicle to Vehicle,Signal lights Automatic,Straight and flat,Two way,Bitumen(Tar),Dry,Not Applicable,Clear,VATAL NAGRAJ ROAD,ANTILOK PLAZA,50,0.0,0.0
Bengaluru City,Malleshwaram Traffic PS,1.04432e+16,2020,1,2,Road Accidents,Junction,City/Town,Open area,Human Error,Yes,Simple Injury,Vehicle to Vehicle,Police / Manual,Straight and flat,Two way,Bitumen(Tar),Dry,Not Applicable,Others,West of cord road,Navratan Jewals,20,0.0,0.0
Bengaluru City,Malleshwaram Traffic PS,1.04432e+16,2020,1,2,Road Accidents,Narrow road,City/Town,Residential area,Human Error,Yes,Grievous Injury,Vehicle to Vehicle,Not at  Junction,Straight and flat,Two way,Bitumen(Tar),Dry,Not Applicable,Clear,2nd cross Subramanya nagar,Maruthi chats,5,0.0,0.0
Bengaluru City,Malleshwaram Traffic PS,1.04432e+16,2020,1,2,Road Accidents,Narrow road,City/Town,Residential area,Human Error,No,Grievous Injury,Vehicle to Vehicle,Not Applicable,Straight and flat,Two way,Bitumen(Tar),Dry,Not Applicable,Clear,4th Main road,BES School,15,0.0,0.0
Bengaluru City,Malleshwaram Traffic PS,1.04432e+16,2020,1,2,Road Accidents,Narrow road,City/Town,Near office complex,Human Error,Yes,Simple Injury,Vehicle to Vehicle,Not at  Junction,Straight and flat,One way,Bitumen(Tar),Dry,Not Applicable,Clear,west of chord road,Metro Piller 305,25,12.983333,77.583333
Bengaluru City,Malleshwaram Traffic PS,1.04432e+16,2020,1,2,Road Accidents,Junction,City/Town,Near office complex,Human Error,No,Grievous Injury,Vehicle to Vehicle,Police / Manual,Straight and flat,Two way,Bitumen(Tar),Dry,Not Applicable,Clear,WOC ROAD,METRO PILLER 271,45,0.0,0.0
Bengaluru City,Malleshwaram Traffic PS,1.04432e+16,2020,1,2,Road Accidents,Cross roads,City/Town,In bazaar,Human Error,No,Damage Only,Vehicle to Vehicle,Not at  Junction,Straight and flat,Residential Street,Bitumen(Tar),Dry,Not Applicable,Clear,Hal compound,Vinayaka temple,10,0.0,0.0
Bengaluru City,Malleshwaram Traffic PS,1.04432e+16,2020,1,2,Road Accidents,Narrow road,City/Town,Near office complex,Human Error,No,Simple Injury,Vehicle to Vehicle,Not at  Junction,Straight and flat,Two way,Bitumen(Tar),Dry,Not Applicable,Clear,MKK Road,Canara Bank ATM,25ft,0.0,0.0
Bengaluru City,Malleshwaram Traffic PS,1.04432e+16,2020,1,1,Road Accidents,Cross roads,City/Town,Open area,Human Error,No,Grievous Injury,Hit pedestrian,Not at  Junction,Straight and flat,Two way,Bitumen(Tar),Dry,No influence on accident,Fine,MKK road,Kuvempu metro,50,0.0,0.0
Bengaluru City,Malleshwaram Traffic PS,1.04432e+16,2020,1,2,Road Accidents,Narrow road,City/Town,In bazaar,Human Error,Yes,Grievous Injury,Vehicle to Vehicle,Not at  Junction,Straight and flat,One way,Bitumen(Tar),Dry,Not Applicable,Clear,8th cross malleswaram,Sindoor silk,15,0.0,0.0
Bengaluru City,Malleshwaram Traffic PS,1.04432e+16,2020,1,2,Road Accidents,Junction,City/Town,Near Bus stop,Human Error,No,Grievous Injury,Vehicle to Vehicle,Signal lights Automatic,Straight and flat,One way,Bitumen(Tar),Dry,Not Applicable,Clear,SAMPIGE ROAD,SIGNAL LIGHT,12,0.0,0.0
Bengaluru City,Malleshwaram Traffic PS,1.04432e+16,2020,1,2,Road Accidents,Junction,City/Town,Narrow bridge or culverts,Human Error,Yes,Grievous Injury,Vehicle to Vehicle,Police / Manual,Straight and flat,One way,Bitumen(Tar),Dry,Not Applicable,Others,Sampige road,Kuvempu statue,60,0.0,0.0
Bengaluru City,Malleshwaram Traffic PS,1.04432e+16,2020,1,2,Road Accidents,Narrow road,City/Town,Near Hospital,Human Error,No,Grievous Injury,Vehicle to Vehicle,Not at  Junction,Straight and flat,One way,Bitumen(Tar),Dry,Not Applicable,Clear,Maleshwaram 11th cross,Tree,40,13.00772,77.56236
Bengaluru City,Malleshwaram Traffic PS,1.04432e+16,2021,1,1,Road Accidents,Narrow road,City/Town,Near Hospital,Not Applicable,No,Grievous Injury,Hit pedestrian,No signal lights,Others,One way,Bitumen(Tar),Dry,Not Applicable,Clear,"WOC Road, Narayana Nethralaya",Narayana netralay,55,0.0,0.0
Bengaluru City,Malleshwaram Traffic PS,1.04432e+16,2021,1,2,Road Accidents,Narrow road,City/Town,Near a recreation place/cinema,Human Error,Yes,Fatal,Vehicle to Vehicle,Not at  Junction,Others,One way,Bitumen(Tar),Dry,Not Applicable,Clear,Vatal Nagaraj Road Near lalu Mall,lalu Mall,100,0.0,0.0
Bengaluru City,Malleshwaram Traffic PS,1.04432e+16,2021,1,2,Road Accidents,Junction,City/Town,Near Hospital,Human Error,No,Grievous Injury,Vehicle to Vehicle,Police / Manual,Straight and flat,Two way,Bitumen(Tar),Others,Not Applicable,Clear,MKK ROAD,SIGNAL LIGHT,22,12.593468,17.3499588
Bengaluru City,Malleshwaram Traffic PS,1.04432e+16,2021,1,1,Road Accidents,Junction,City/Town,Open area,Not Applicable,No,Fatal,Not Applicable,Uncontrolled,Others,Two way,Bitumen(Tar),Dry,Not Applicable,Clear,"11th main ,09th cross Junction",Near railway station,50 FT,0.0,0.0
Bengaluru City,Malleshwaram Traffic PS,1.04432e+16,2021,1,2,Road Accidents,Junction,City/Town,Open area,Human Error,No,Simple Injury,Vehicle to Vehicle,Signal lights Automatic,Others,Others,Bitumen(Tar),Dry,Not Applicable,Clear,West of Chord road,Near Navarathna Jewelers,20 ft,0.0,0.0
Bengaluru City,Malleshwaram Traffic PS,1.04432e+16,2021,1,1,Road Accidents,Narrow road,City/Town,Near Bus stop,Human Error,Yes,Simple Injury,Not Applicable,Uncontrolled,Straight and flat,One way,Bitumen(Tar),Dry,Not Applicable,Clear,Vatalnagrajroad,Bus stop,55,12.982526,77.567869
Bengaluru City,Malleshwaram Traffic PS,1.04432e+16,2021,1,1,Road Accidents,Narrow road,City/Town,Residential area,Human Error,Yes,Grievous Injury,Hit pedestrian,Uncontrolled,Others,Two way,Bitumen(Tar),Dry,Not Applicable,Clear,"19th Crosss, Kashimata Road Malleshwaram",House No 10,9,13.0094,77.564
Bengaluru City,Malleshwaram Traffic PS,1.04432e+16,2021,1,1,Road Accidents,Not Applicable,City/Town,Near Petrol Pump,Human Error,No,Grievous Injury,Not Applicable,Not at  Junction,Others,One way,Bitumen(Tar),Dry,Not Applicable,Clear,Dr Rajakumar Road,Near Varadraj petrol bunk,80,13.00439,77.5572
Bengaluru City,Malleshwaram Traffic PS,1.04432e+16,2021,1,2,Road Accidents,Not Applicable,City/Town,Near office complex,Human Error,Yes,Damage Only,Vehicle to Vehicle,Uncontrolled,Others,Others,Bitumen(Tar),Dry,Not Applicable,Fine,Margoas road,Near Kalyan jewelers,50 fee,0.0,0.0
Bengaluru City,Malleshwaram Traffic PS,1.04432e+16,2021,1,2,Road Accidents,Not Applicable,City/Town,Open area,Human Error,No,Simple Injury,Vehicle to Vehicle,Not at  Junction,Others,Others,Bitumen(Tar),Dry,Not Applicable,Fine,4th main road,Near 10th cross road,30,0.0,0.0
Bengaluru City,Malleshwaram Traffic PS,1.04432e+16,2021,1,1,Road Accidents,Narrow road,City/Town,Near Bus stop,Human Error,Yes,Grievous Injury,Not Applicable,Not Applicable,Hump,One way,Bitumen(Tar),Dry,Not Applicable,Clear,RRR Juncation,RR Bus Stop,55 Ft,12.9835,77.5655
Bengaluru City,Malleshwaram Traffic PS,1.04432e+16,2021,1,3,Road Accidents,Not Applicable,City/Town,Near Hospital,Human Error,No,Grievous Injury,Vehicle to Vehicle,No signal lights,Others,Two way,Bitumen(Tar),Dry,Not Applicable,Clear,19 th Main Road,Near Ananya Hospital,45,12.9998,77.5506
Bengaluru City,Malleshwaram Traffic PS,1.04432e+16,2021,1,2,Road Accidents,Not Applicable,City/Town,Narrow bridge or culverts,Human Error,No,Simple Injury,Hit pedestrian,No signal lights,Not Applicable,Others,Bitumen(Tar),Dry,Not Applicable,Clear,Railway bridge road,17th cross,1,0.0,0.0
Bengaluru City,Malleshwaram Traffic PS,1.04432e+16,2021,1,2,Road Accidents,Circle,City/Town,Open area,Human Error,Yes,Simple Injury,Vehicle to Vehicle,Not at  Junction,Others,Others,Bitumen(Tar),Dry,Not Applicable,Clear,West Of chord road,Near Orion mall,20 mtr,77.553962,13.0147
Bengaluru City,Malleshwaram Traffic PS,1.04432e+16,2021,1,1,Road Accidents,Not Applicable,City/Town,Open area,Human Error,No,Simple Injury,Hit pedestrian,Not at  Junction,Others,Others,Concrete,Dry,Not Applicable,Fine,West of chord road,Near Narayan Netralay,30,0.0,0.0
Bengaluru City,Malleshwaram Traffic PS,1.04432e+16,2021,1,2,Road Accidents,Junction,City/Town,Open area,Human Error,No,Simple Injury,Vehicle to Vehicle,Uncontrolled,Others,Others,Bitumen(Tar),Dry,Not Applicable,Clear,Sampige road,Near Kuvempu Circle,45,0.0,0.0
Bengaluru City,Malleshwaram Traffic PS,1.04432e+16,2021,1,2,Road Accidents,Not Applicable,City/Town,Near Hospital,Human Error,No,Damage Only,Vehicle to Vehicle,Not at  Junction,Others,Others,Bitumen(Tar),Dry,Not Applicable,Clear,MKK Road,Near KCG Hospital,50,0.0,0.0
Bengaluru City,Malleshwaram Traffic PS,1.04432e+16,2021,1,1,Road Accidents,Curves,City/Town,Open area,Human Error,No,Fatal,Not Applicable,Not at  Junction,Others,Others,Concrete,Dry,Not Applicable,Light Rain,Vatal Nagaraj road,Near PF junction,50 mtr,0.0,0.0
Bengaluru City,Malleshwaram Traffic PS,1.04432e+16,2021,1,2,Road Accidents,Narrow road,City/Town,Near Bus stop,Human Error,No,Fatal,Vehicle to Vehicle,Not at  Junction,Straight and flat,One way,Bitumen(Tar),Dry,Not Applicable,Clear,WOC Road,Metro piller 247,50,0.0,0.0
Bengaluru City,Malleshwaram Traffic PS,1.04432e+16,2021,1,2,Road Accidents,Cross roads,City/Town,Residential area,Human Error,No,Grievous Injury,Not Applicable,Not at  Junction,Others,Service Road,Bitumen(Tar),Dry,Not Applicable,Clear,13 th cross. L N pura,13th cross,2km,0.0,0.0
Bengaluru City,Malleshwaram Traffic PS,1.04432e+16,2021,1,1,Road Accidents,Narrow road,City/Town,Near a recreation place/cinema,Human Error,No,Fatal,Not Applicable,Not at  Junction,Others,One way,Bitumen(Tar),Dry,Not Applicable,Clear,MMK Road Navaranga Juncation,Navarang Talkies,30,0.0,0.0
Bengaluru City,Malleshwaram Traffic PS,1.04432e+16,2021,1,2,Road Accidents,Junction,City/Town,Near a religious place,Human Error,No,Fatal,Vehicle to Vehicle,Signals (Working),Straight and flat,Arterial,Bitumen(Tar),Dry,No influence on accident,Fine,MKK Road,Metro Pillar,25 ft,0.0,0.0
Bengaluru City,Malleshwaram Traffic PS,1.04432e+16,2021,1,1,Road Accidents,Narrow road,City/Town,Near Bus stop,Human Error,Yes,Grievous Injury,Hit pedestrian,Not Applicable,Others,One way,Bitumen(Tar),Dry,Not Applicable,Clear,"MKK Road, oopt Queens photo studios, near srirampura metro station",Srirampura Metro,73 Ft,0.0,0.0
Bengaluru City,Malleshwaram Traffic PS,1.04432e+16,2021,1,1,Road Accidents,Cross roads,City/Town,Open area,Human Error,No,Grievous Injury,Hit pedestrian,Uncontrolled,Others,Others,Bitumen(Tar),Dry,Not Applicable,Light Rain,Dr Rajkumar road,Near Subramanya nagar police station,25,0.0,0.0
Bengaluru City,Malleshwaram Traffic PS,1.04432e+16,2021,1,2,Road Accidents,Narrow road,City/Town,Near Bus stop,Human Error,No,Fatal,Vehicle to Vehicle,Not at  Junction,Others,Others,Bitumen(Tar),Dry,Not Applicable,Clear,MKK Road Srirampura Metro,Gril Beriyani,88,0.0,0.0
Bengaluru City,Malleshwaram Traffic PS,1.04432e+16,2021,1,1,Road Accidents,Narrow road,City/Town,Open area,Human Error,No,Grievous Injury,Not Applicable,Uncontrolled,Others,One way,Bitumen(Tar),Dry,Not Applicable,Clear,Vatal Nagaraj Road Near Sujatha Talkies Ramachandrapura Arch,sujatha takies,48Ft,17.7972,83.2158
Bengaluru City,Malleshwaram Traffic PS,1.04432e+16,2021,1,3,Road Accidents,Not Applicable,City/Town,Open area,Human Error,No,Damage Only,Vehicle to Vehicle,Not at  Junction,Others,Others,Concrete,Dry,Not Applicable,Clear,west of chord road,Near Iskcon Temple,20,0.0,0.0
Bengaluru City,Malleshwaram Traffic PS,1.04432e+16,2021,1,2,Road Accidents,Junction,City/Town,Open area,Human Error,No,Simple Injury,Vehicle to Vehicle,No signal lights,Not Applicable,Two way,Bitumen(Tar),Dry,Not Applicable,Clear,"Malleshwaram 6th Main, 07th Cross",House No 11,28,0.0,0.0
Bengaluru City,Malleshwaram Traffic PS,1.04432e+16,2021,1,2,Road Accidents,Narrow road,City/Town,Near Hospital,Human Error,Yes,Simple Injury,Vehicle to Vehicle,Not at  Junction,Straight and flat,One way,Bitumen(Tar),Dry,Not Applicable,Clear,WOC ROAD,FORTES HOSPITAL,50,0.0,0.0
Bengaluru City,Malleshwaram Traffic PS,1.04432e+16,2021,1,2,Road Accidents,Narrow road,City/Town,Open area,Human Error,Yes,Simple Injury,Vehicle to Vehicle,Not at  Junction,Others,Two way,Bitumen(Tar),Dry,Not Applicable,Clear,"Oppt AL BEK Hotel, MKK Road",AL Bek Hotel,26ft,0.0,0.0
Bengaluru City,Malleshwaram Traffic PS,1.04432e+16,2021,1,1,Road Accidents,Cross roads,City/Town,Open area,Human Error,No,Simple Injury,Hit pedestrian,Not at  Junction,Others,Residential Street,Bitumen(Tar),Dry,Not Applicable,Clear,9th main road,Near Sandeepani School,25m,0.0,0.0
Bengaluru City,Malleshwaram Traffic PS,1.04432e+16,2021,1,1,Road Accidents,Not Applicable,City/Town,Near Hospital,Human Error,No,Simple Injury,Hit pedestrian,Not at  Junction,Others,Two way,Bitumen(Tar),Dry,Not Applicable,Clear,19th Main road,Near Old Canara bank,80 fee,0.0,0.0
Bengaluru City,Malleshwaram Traffic PS,1.04432e+16,2021,1,1,Road Accidents,Not Applicable,City/Town,Near Bus stop,Human Error,Yes,Simple Injury,Hit pedestrian,Uncontrolled,Others,Others,Concrete,Dry,Not Applicable,Clear,West of chord road,Near Iskcon temple,50mtr,0.0,0.0
Bengaluru City,Malleshwaram Traffic PS,1.04432e+16,2021,1,2,Road Accidents,Not Applicable,City/Town,Near Petrol Pump,Human Error,No,Simple Injury,Vehicle to Vehicle,Not at  Junction,Others,Others,Bitumen(Tar),Dry,Not Applicable,Clear,Dr Raj Kumar Road,Near 10cross junction,20,0.0,0.0
Bengaluru City,Malleshwaram Traffic PS,1.04432e+16,2021,1,2,Road Accidents,Narrow road,City/Town,Near School or College,Human Error,Yes,Simple Injury,Vehicle to Vehicle,Not at  Junction,Others,Two way,Bitumen(Tar),Dry,Not Applicable,Clear,Infront Our Little Wonders pre School,Our Little Wonders pre School,1,0.0,0.0
Bengaluru City,Malleshwaram Traffic PS,1.04432e+16,2022,1,2,Road Accidents,Not Applicable,City/Town,Open area,Human Error,No,Damage Only,Vehicle to Vehicle,Not at  Junction,Others,Others,Concrete,Dry,Not Applicable,Clear,Iskcon Temple parking road,Near iskcon temple,25,0.0,0.0
Bengaluru City,Malleshwaram Traffic PS,1.04432e+16,2022,1,1,Road Accidents,Narrow road,City/Town,Open area,Human Error,Yes,Grievous Injury,Hit pedestrian,Not at  Junction,Others,Others,Bitumen(Tar),Dry,Not Applicable,Clear,2nd main road,opp house number 163,10,0.0,0.0
Bengaluru City,Malleshwaram Traffic PS,1.04432e+16,2022,1,1,Road Accidents,Circle,City/Town,Open area,Human Error,Yes,Grievous Injury,Hit pedestrian,Uncontrolled,Others,Others,Bitumen(Tar),Dry,Not Applicable,Clear,81 bus stop near 4th main road srirampura,near 81 bus stop,3km,0.0,0.0
Bengaluru City,Malleshwaram Traffic PS,1.04432e+16,2022,1,2,Road Accidents,Not Applicable,City/Town,Open area,Human Error,No,Damage Only,Vehicle to Vehicle,Not Applicable,Others,Others,Bitumen(Tar),Dry,Not Applicable,Clear,#300/1 17th cross 1st floor siddashrama cross sampige road malleshwaram,near siddashram,2km,0.0,0.0
Bengaluru City,Malleshwaram Traffic PS,1.04432e+16,2022,1,1,Road Accidents,Not Applicable,City/Town,Open area,Human Error,No,Simple Injury,Hit pedestrian,Not at  Junction,Others,Others,Concrete,Dry,Not Applicable,Clear,West of chord road,Near Rajajinagar metro station,25,0.0,0.0
Bengaluru City,Malleshwaram Traffic PS,1.04432e+16,2022,1,2,Road Accidents,Cross roads,City/Town,Open area,Human Error,Yes,Grievous Injury,Vehicle to Vehicle,Uncontrolled,Curve,Two way,Surfaced,Dry,Not Applicable,Clear,Dr Raj Kumar Road,Near DCB bank 2nd cross rajajinagar d block,03km,0.0,0.0
Bengaluru City,Malleshwaram Traffic PS,1.04432e+16,2022,1,1,Road Accidents,Narrow road,City/Town,Open area,Human Error,Yes,Grievous Injury,Hit pedestrian,Uncontrolled,Others,Residential Street,Surfaced,Dry,Not Applicable,Clear,GAYATRINAGAR 3RD CROSS 2ND MAIN ROAD JN #3033/34,NEAR KUVEMPU METRO STATION,1.5KM,0.0,0.0
Bengaluru City,Malleshwaram Traffic PS,1.04432e+16,2022,1,1,Road Accidents,Cross roads,City/Town,Open area,Human Error,Yes,Grievous Injury,Hit pedestrian,Uncontrolled,Others,Others,Bitumen(Tar),Dry,Not Applicable,Clear,sai baba choutri near ramchandrapura,east side sai baba choutri,1.5km,12.98611557,77.5649573
Bengaluru City,Malleshwaram Traffic PS,1.04432e+16,2022,1,2,Road Accidents,Junction,City/Town,Open area,Human Error,No,Grievous Injury,Vehicle to Vehicle,Uncontrolled,Others,Others,Bitumen(Tar),Dry,Not Applicable,Clear,Near Devayya Park Junction,Near MKk Raod,0.5KM,0.0,0.0
Bengaluru City,Malleshwaram Traffic PS,1.04432e+16,2022,1,1,Road Accidents,Not Applicable,City/Town,Open area,Human Error,No,Simple Injury,Hit pedestrian,Not at  Junction,Others,Others,Concrete,Dry,Not Applicable,Clear,Sampige Road,Near Manthri Mall,25,0.0,0.0
Bengaluru City,Malleshwaram Traffic PS,1.04432e+16,2022,1,2,Road Accidents,Junction,City/Town,Open area,Human Error,Yes,Grievous Injury,Vehicle to Vehicle,Controlled,Others,Others,Surfaced,Others,Not Applicable,Clear,MKK ROAD,NEAR NETRADAM HOPSITAL,2.6KM,0.0,0.0
Bengaluru City,Malleshwaram Traffic PS,1.04432e+16,2022,1,1,Road Accidents,Curves,City/Town,Open area,Human Error,Yes,Fatal,Hit pedestrian,Uncontrolled,Others,Others,Bitumen(Tar),Dry,Not Applicable,Clear,Kadumalleshwaram forest qutrace road,near Bwssb Qutrace,2KM,12.996661,77.56986
Bengaluru City,Malleshwaram Traffic PS,1.04432e+16,2022,1,2,Road Accidents,Cross roads,City/Town,Open area,Not Applicable,Yes,Fatal,Vehicle to Vehicle,Uncontrolled,Others,Others,Surfaced,Dry,Construction Work / Material,Clear,2nd main 2nd stage d block sri sai fashion oppt rajajinagar,Near DCB bank 2nd cross rajajinagar d block,3 km,12.99661,77.56986
Bengaluru City,Malleshwaram Traffic PS,1.04432e+16,2022,1,1,Road Accidents,Not Applicable,City/Town,At pedestrian Crossing,Human Error,Yes,Simple Injury,Hit pedestrian,Uncontrolled,Others,Others,Bitumen(Tar),Dry,Not Applicable,Clear,MKK Road  Metro Station Nea,MKK Metro Station Near,2 km,0.0,0.0
Bengaluru City,Malleshwaram Traffic PS,1.04432e+16,2022,1,2,Road Accidents,Not Applicable,City/Town,Open area,Human Error,No,Grievous Injury,Vehicle to Vehicle,Not Applicable,Others,Others,Bitumen(Tar),Dry,Not Applicable,Clear,West of Cord nearnear  Modi bridge Rajajinagar,near rajajinagar metro station,03 km,0.0,0.0
Bengaluru City,Malleshwaram Traffic PS,1.04432e+16,2022,1,2,Road Accidents,Not Applicable,City/Town,Open area,Human Error,No,Fatal,Vehicle to Vehicle,Uncontrolled,Others,Two way,Not Applicable,Dry,Not Applicable,Clear,Vattala Nagaraj Road SJR women College,Naer Big Drianage,02KM,12.98253,77.561623
Bengaluru City,Malleshwaram Traffic PS,1.04432e+16,2022,1,2,Road Accidents,Cross roads,City/Town,Open area,Human Error,Yes,Grievous Injury,Vehicle to Vehicle,Uncontrolled,Others,Others,Bitumen(Tar),Dry,Not Applicable,Clear,near 9th cross ratnadeepa super market,near ratnadeepa super market,02km,0.0,0.0
Bengaluru City,Malleshwaram Traffic PS,1.04432e+16,2022,1,2,Road Accidents,Circle,City/Town,Open area,Human Error,Yes,Damage Only,Vehicle to Vehicle,Not at  Junction,Others,Others,Bitumen(Tar),Dry,Not Applicable,Clear,Dr rajkumar road,at GSF Circle,10,0.0,0.0
Bengaluru City,Malleshwaram Traffic PS,1.04432e+16,2022,1,1,Road Accidents,Narrow road,City/Town,At pedestrian Crossing,Human Error,No,Simple Injury,Hit pedestrian,Controlled,Others,Two way,Bitumen(Tar),Dry,Not Applicable,Clear,"10th Cross Sampige road, Rajakumar Road",RAJKUMAR ROAD 10 CROSS JUNCTON,2.5KM,0.0,0.0
Bengaluru City,Malleshwaram Traffic PS,1.04432e+16,2022,1,1,Road Accidents,Cross roads,City/Town,Open area,Human Error,Yes,Grievous Injury,Hit pedestrian,Not at  Junction,Others,Others,Bitumen(Tar),Others,Not Applicable,Clear,R P road,Near M D block,10,0.0,0.0
Bengaluru City,Malleshwaram Traffic PS,1.04432e+16,2022,1,1,Road Accidents,Not Applicable,City/Town,Open area,Human Error,No,Grievous Injury,Hit pedestrian,Not at  Junction,Others,Others,Concrete,Dry,Not Applicable,Clear,West of Chod Road,Near Toyota showroom,20,0.0,0.0
Bengaluru City,Malleshwaram Traffic PS,1.04432e+16,2022,1,2,Road Accidents,Junction,City/Town,Open area,Human Error,Yes,Simple Injury,Vehicle to Vehicle,No signal lights,Others,Others,Bitumen(Tar),Dry,Not Applicable,Clear,MKK Road,Near MD Block Junction,20,0.0,0.0
Bengaluru City,Malleshwaram Traffic PS,1.04432e+16,2022,1,1,Road Accidents,Cross roads,City/Town,Open area,Human Error,No,Simple Injury,Hit pedestrian,Not at  Junction,Others,Others,Bitumen(Tar),Dry,Not Applicable,Clear,17th cross road,Near Naturals,20,0.0,0.0
Bengaluru City,Malleshwaram Traffic PS,1.04432e+16,2022,1,2,Road Accidents,Junction,City/Town,Open area,Human Error,No,Grievous Injury,Vehicle to Vehicle,Uncontrolled,Others,Others,Bitumen(Tar),Dry,Not Applicable,Clear,MKK ROAD NEAR HARICHANDR GHATT,NEAR ALLBEK,2KM,0.0,0.0
Bengaluru City,Malleshwaram Traffic PS,1.04432e+16,2022,1,1,Road Accidents,Cross roads,City/Town,Open area,Human Error,No,Grievous Injury,Hit pedestrian,Uncontrolled,Curve,Others,Bitumen(Tar),Dry,Not Applicable,Clear,4th main road 17th cross malleshwaram,near 147th cross 4th main malleshwaram,1.5km,0.0,0.0
Bengaluru City,Malleshwaram Traffic PS,1.04432e+16,2022,1,1,Road Accidents,Not Applicable,City/Town,Residential area,Human Error,Yes,Simple Injury,Hit pedestrian,Not Applicable,Others,Residential Street,Bitumen(Tar),Dry,Not Applicable,Clear,"Janatha Hotel Near, 8th Cross Malleswarama",8th Cross Malleswarama,1.5KM,0.0,0.0
Bengaluru City,Malleshwaram Traffic PS,1.04432e+16,2022,1,2,Road Accidents,Curves,City/Town,Open area,Human Error,No,Damage Only,Vehicle to Vehicle,Controlled,Curve,Others,Bitumen(Tar),Dry,Not Applicable,Clear,"Near Dr Rajakumar Road Junction,1st Block, Rajaji Nagara",Dr Rajakumar Road,3.5,0.0,0.0