DISTRICTNAME,UNITNAME,Crime_No,Year,RI,Noofvehicle_involved,Accident_Classification,Accident_Spot,Accident_Location,Accident_SubLocation,Main_Cause,Hit_Run,Severity,Collision_Type,Junction_Control,Road_Character,Road_Type,Surface_Type,Surface_Condition,Road_Condition,Weather,Accident_Road,Landmark_first,Distance_LandMark_First,Latitude,Longitude
Bengaluru City,Malleshwaram Traffic PS,1.04432e+16,2022,1,2,Road Accidents,Not Applicable,City/Town,Open area,Human Error,Yes,Damage Only,Vehicle to Vehicle,Signal lights Automatic,Others,Others,Concrete,Dry,Not Applicable,Clear,West of Chord Road,Near Rajajinagar 1st Block Junction,20mtr,0.0,0.0
Bengaluru City,Malleshwaram Traffic PS,1.04432e+16,2022,1,2,Road Accidents,Not Applicable,City/Town,Open area,Human Error,No,Simple Injury,Vehicle to Vehicle,Not at  Junction,Others,Others,Concrete,Dry,Not Applicable,Clear,8th Main road,NearRajath bhavan,20,0.0,0.0
Bengaluru City,Malleshwaram Traffic PS,1.04432e+16,2022,1,2,Road Accidents,Junction,City/Town,Open area,Human Error,No,Simple Injury,Vehicle to Vehicle,Signal lights Automatic,Others,Others,Bitumen(Tar),Dry,Not Applicable,Clear,Dr Rajkumar road,At 10th cross Junction,10,0.0,0.0
Bengaluru City,Malleshwaram Traffic PS,1.04432e+16,2022,1,2,Road Accidents,Junction,City/Town,Open area,Human Error,Yes,Grievous Injury,Vehicle to Vehicle,Controlled,Others,Two way,Surfaced,Dry,Not Applicable,Clear,VATALA NAGARAJ ROAD KB JN,NEAR RAIWAY QUTRACE,2.5KM,0.0,0.0
Bengaluru City,Malleshwaram Traffic PS,1.04432e+16,2022,1,2,Road Accidents,Not Applicable,City/Town,Open area,Human Error,No,Grievous Injury,Vehicle to Vehicle,Uncontrolled,Others,Others,Bitumen(Tar),Dry,Not Applicable,Clear,7th cross maruti extension,Railway parallel road,1km,12.999655,77.563894
Bengaluru City,Malleshwaram Traffic PS,1.04432e+16,2022,1,1,Road Accidents,Junction,City/Town,Residential area,Human Error,No,Fatal,Not Applicable,Uncontrolled,Not Applicable,Not Applicable,Bitumen(Tar),Dry,Not Applicable,Clear,5th Main Road,Srirampura,2KM,0.0,0.0
Bengaluru City,Malleshwaram Traffic PS,1.04432e+16,2022,1,2,Road Accidents,Not Applicable,City/Town,Open area,Human Error,No,Grievous Injury,Vehicle to Vehicle,Controlled,Others,Others,Bitumen(Tar),Dry,Not Applicable,Clear,infronte of giriyas 15th cross margosa road malleshwaram,near giriyas,2km,0.0,0.0
Bengaluru City,Malleshwaram Traffic PS,1.04432e+16,2022,1,3,Road Accidents,Not Applicable,City/Town,Open area,Human Error,Yes,Grievous Injury,Vehicle to Vehicle,Not Applicable,Others,Others,Bitumen(Tar),Dry,Not Applicable,Clear,NEAR K C G HOSPITA;L,NEAR MALLESHWARAM PLAY GROUND,0.5KM,0.0,0.0
Bengaluru City,Malleshwaram Traffic PS,1.04432e+16,2022,1,1,Road Accidents,Not Applicable,City/Town,Open area,Human Error,Yes,Simple Injury,Hit pedestrian,Not at  Junction,Others,Others,Bitumen(Tar),Dry,Not Applicable,Others,2nd cross road,Near kalappa Block,20,0.0,0.0
Bengaluru City,Malleshwaram Traffic PS,1.04432e+16,2022,1,2,Road Accidents,Cross roads,City/Town,Open area,Human Error,No,Damage Only,Vehicle to Vehicle,Not at  Junction,Others,Others,Bitumen(Tar),Dry,Not Applicable,Clear,3rd main road,Near Shresht Beauty Parlour,25 mtr,0.0,0.0
Bengaluru City,Malleshwaram Traffic PS,1.04432e+16,2022,1,2,Road Accidents,Cross roads,City/Town,Open area,Human Error,No,Fatal,Vehicle to Vehicle,No signal lights,Others,Others,Bitumen(Tar),Dry,Not Applicable,Clear,Margos Road,Near 17 th cross Margos road,10 ft,0.0,0.0
Bengaluru City,Malleshwaram Traffic PS,1.04432e+16,2022,1,1,Rail Road Accidents,Junction,City/Town,Open area,Human Error,No,Simple Injury,Hit pedestrian,Uncontrolled,Others,Others,Bitumen(Tar),Others,Not Applicable,Others,19th main road,Opp Ananya Hospital,30,0.0,0.0
Bengaluru City,Malleshwaram Traffic PS,1.04432e+16,2022,1,1,Road Accidents,Not Applicable,City/Town,Residential area,Human Error,Yes,Grievous Injury,Hit pedestrian,Uncontrolled,Not Applicable,Others,Bitumen(Tar),Dry,Not Applicable,Clear,Srirampura,Srirampura,2,0.0,0.0
Bengaluru City,Malleshwaram Traffic PS,1.04432e+16,2022,1,2,Road Accidents,Cross roads,City/Town,Open area,Human Error,No,Simple Injury,Vehicle to Vehicle,Uncontrolled,Others,Others,Surfaced,Dry,Not Applicable,Clear,GANESH TEMPLE 8TH MAIN 17TH CROSS MALLESHWARAM,NEAR GANESH TEMPLE,2KM,0.0,0.0
Bengaluru City,Malleshwaram Traffic PS,1.04432e+16,2022,1,1,Road Accidents,Not Applicable,City/Town,Open area,Human Error,Yes,Grievous Injury,Not Applicable,Not Applicable,Others,Others,Bitumen(Tar),Dry,Not Applicable,Clear,Near Shanimahatma Temple,Near Navarang Junction,2km,0.0,0.0
Bengaluru City,Malleshwaram Traffic PS,1.04432e+16,2022,1,2,Road Accidents,Not Applicable,City/Town,Near office complex,Human Error,No,Damage Only,Vehicle to Vehicle,Not Applicable,Others,Others,Concrete,Dry,Not Applicable,Clear,Orian mall parking places malleshwaram,near orain mall parking area,03 k m,0.0,0.0
Bengaluru City,Malleshwaram Traffic PS,1.04432e+16,2022,1,2,Road Accidents,Not Applicable,City/Town,Near Hospital,Human Error,Yes,Simple Injury,Vehicle to Vehicle,Uncontrolled,Not Applicable,Others,Bitumen(Tar),Dry,Not Applicable,Clear,West Of Card Road,Iscon Temple Opp,3KM,0.0,0.0
Bengaluru City,Malleshwaram Traffic PS,1.04432e+16,2022,1,1,Road Accidents,Not Applicable,City/Town,Open area,Human Error,Yes,Grievous Injury,Hit pedestrian,Not at  Junction,Others,Others,Bitumen(Tar),Dry,Not Applicable,Clear,19TH Main Road,Near Mobile Mane Shop,15,0.0,0.0
Bengaluru City,Malleshwaram Traffic PS,1.04432e+16,2022,1,3,Road Accidents,Circle,City/Town,Open area,Human Error,No,Fatal,Hit pedestrian,Uncontrolled,Others,Others,Surfaced,Dry,Not Applicable,Clear,Brigade Gat Way SARVICE ENTRY OPPT DR. RAJKUMAR ROAD ORIAN MALL,NEAR SANDAL SOAP FACTARY,3KM,0.0,0.0
Bengaluru City,Malleshwaram Traffic PS,1.04432e+16,2022,1,2,Road Accidents,Circle,City/Town,Open area,Human Error,No,Grievous Injury,Vehicle to Vehicle,Uncontrolled,Others,Others,Bitumen(Tar),Dry,Not Applicable,Clear,CHITRAPURA CIRCLE 15TH CROSS MALLESHWARAM,CHITRAPURA CIRCLE,2KM,0.0,0.0
Bengaluru City,Malleshwaram Traffic PS,1.04432e+16,2022,1,2,Road Accidents,Not Applicable,City/Town,Open area,Human Error,No,Grievous Injury,Vehicle to Vehicle,Not at  Junction,Others,One way,Concrete,Dry,Not Applicable,Clear,Vatal Nagaraj road,Near Okalipuram Railway underpass,20,0.0,0.0
Bengaluru City,Malleshwaram Traffic PS,1.04432e+16,2022,1,1,Road Accidents,Junction,City/Town,Near Bus stop,Human Error,No,Simple Injury,Hit pedestrian,Signal lights Automatic,Others,Others,Bitumen(Tar),Dry,Not Applicable,Clear,19th main road,Near Netrdham Hospital,20,0.0,0.0
Bengaluru City,Malleshwaram Traffic PS,1.04432e+16,2022,1,1,Road Accidents,Not Applicable,City/Town,Near Bus stop,Human Error,No,Simple Injury,Hit pedestrian,Not at  Junction,Others,Others,Bitumen(Tar),Dry,Not Applicable,Clear,MKK Road,Near kuvempu Metro station,5,0.0,0.0
Bengaluru City,Malleshwaram Traffic PS,1.04432e+16,2022,1,1,Road Accidents,Not Applicable,City/Town,Open area,Human Error,No,Grievous Injury,Hit pedestrian,Uncontrolled,Others,Others,Bitumen(Tar),Dry,Not Applicable,Clear,Dr Rajkumar road,Near GSF Circle,10,0.0,0.0
Bengaluru City,Malleshwaram Traffic PS,1.04432e+16,2022,1,2,Road Accidents,Cross roads,City/Town,Open area,Human Error,Yes,Simple Injury,Vehicle to Vehicle,No signal lights,Others,Others,Bitumen(Tar),Dry,Not Applicable,Clear,Subramanya Nagar 9th A Main road,Near colors Shots Studio,20,0.0,0.0
Bengaluru City,Malleshwaram Traffic PS,1.04432e+16,2022,1,1,Road Accidents,Not Applicable,City/Town,Open area,Human Error,Yes,Simple Injury,Not Applicable,Not at  Junction,Others,Others,Bitumen(Tar),Dry,Not Applicable,Clear,Dr Rajkumar road,Near Navarang Junction,20,0.0,0.0
Bengaluru City,Malleshwaram Traffic PS,1.04432e+16,2022,1,2,Road Accidents,Junction,City/Town,Open area,Human Error,No,Grievous Injury,Vehicle to Vehicle,Controlled,Others,Others,Bitumen(Tar),Dry,Not Applicable,Clear,Near kb junction,near oklipuram,02km,0.0,0.0
Bengaluru City,Malleshwaram Traffic PS,1.04432e+16,2022,1,2,Road Accidents,Junction,City/Town,Open area,Human Error,No,Grievous Injury,Vehicle to Vehicle,Controlled,Others,Others,Bitumen(Tar),Dry,Not Applicable,Clear,NEAR 10TH CROSS SIGNAL DR RAJKUMAR ROAD,NEAR DR RAJKUMAR,2KM,0.0,0.0
Bengaluru City,Malleshwaram Traffic PS,1.04432e+16,2023,1,1,Road Accidents,Not Applicable,City/Town,Residential area,Human Error,No,Fatal,Not Applicable,Uncontrolled,Others,Others,Bitumen(Tar),Dry,Not Applicable,Clear,West Of Card ROad,Modi Undre Pass Bridze Near,3KM,0.0,0.0
Bengaluru City,Malleshwaram Traffic PS,1.04432e+16,2023,1,2,Road Accidents,Not Applicable,City/Town,Open area,Human Error,No,Grievous Injury,Vehicle to Vehicle,Not Applicable,Others,Others,Bitumen(Tar),Dry,Not Applicable,Clear,8th cross 4th main road malleshwaram,near vasavi provisional store,1.5km,0.0,0.0
Bengaluru City,Malleshwaram Traffic PS,1.04432e+16,2023,1,2,Road Accidents,Not Applicable,City/Town,Open area,Human Error,No,Grievous Injury,Vehicle to Vehicle,Uncontrolled,Others,Others,Bitumen(Tar),Dry,Not Applicable,Others,Imfronte of Theresa hospital Near Bus Stand Dr rajkumar Road,Near Dr rajkumar road,2.5KM,12.9983,77.553
Bengaluru City,Malleshwaram Traffic PS,1.04432e+16,2023,1,2,Road Accidents,Railway crossing,City/Town,Open area,Human Error,Yes,Simple Injury,Vehicle to Vehicle,Uncontrolled,Not Applicable,Not Applicable,Bitumen(Tar),Dry,Not Applicable,Clear,hhhhh,0,0,0.0,0.0
Bengaluru City,Malleshwaram Traffic PS,1.04432e+16,2023,1,3,Road Accidents,Not Applicable,City/Town,Residential area,Human Error,Not Applicable,Simple Injury,Hit bicyclist,Not Applicable,Others,Not Applicable,Bitumen(Tar),Dry,Not Applicable,Clear,Infront Of Orian Mall,Dr Rajakumar Road,2KM,0.0,0.0
Bengaluru City,Malleshwaram Traffic PS,1.04432e+16,2023,1,2,Road Accidents,Not Applicable,City/Town,Residential area,Human Error,No,Damage Only,Vehicle to Vehicle,Controlled,Not Applicable,Not Applicable,Bitumen(Tar),Dry,Not Applicable,Clear,West Of Card Road,Mahalaksmi Layout,2,0.0,0.0
Bengaluru City,Malleshwaram Traffic PS,1.04432e+16,2023,1,2,Road Accidents,Not Applicable,City/Town,Open area,Human Error,Yes,Fatal,Vehicle to Vehicle,Uncontrolled,Not Applicable,Others,Bitumen(Tar),Dry,Not Applicable,Clear,Vatala Nagraja Road,PF Under Pass,2.5KM,12.982798,77.569099
Bengaluru City,Malleshwaram Traffic PS,1.04432e+16,2023,1,2,Road Accidents,Not Applicable,City/Town,Open area,Human Error,No,Simple Injury,Vehicle to Vehicle,Controlled,Not Applicable,Not Applicable,Bitumen(Tar),Dry,Not Applicable,Clear,1st Block Rajajinagara,West Of Card Road,2KM,13.003803,77.54887
Bengaluru City,Malleshwaram Traffic PS,1.04432e+16,2023,1,2,Road Accidents,Not Applicable,City/Town,Near Hospital,Human Error,Yes,Simple Injury,Vehicle to Vehicle,Signal lights Manual,Not Applicable,Others,Bitumen(Tar),Dry,Not Applicable,Clear,KMF Junction,Magadri Road Towords,2,0.0,0.0
Bengaluru City,Malleshwaram Traffic PS,1.04432e+16,2023,1,1,Road Accidents,Not Applicable,City/Town,Open area,Human Error,Yes,Simple Injury,Hit pedestrian,Not Applicable,Others,Others,Bitumen(Tar),Dry,Not Applicable,Clear,Gyatri Nagara,Srirampura,2KM,0.0,0.0
Bengaluru City,Malleshwaram Traffic PS,1.04432e+16,2023,1,1,Road Accidents,Not Applicable,City/Town,Near Hospital,Human Error,Yes,Fatal,Hit pedestrian,Not Applicable,Not Applicable,Not Applicable,Bitumen(Tar),Dry,Not Applicable,Clear,Subramaya Nagara,Railway Parelel Road,2.5KM,0.0,0.0
Bengaluru City,Malleshwaram Traffic PS,1.04432e+16,2023,1,2,Road Accidents,Circle,City/Town,Open area,Human Error,Yes,Grievous Injury,Vehicle to Vehicle,Uncontrolled,Others,Others,Bitumen(Tar),Dry,Not Applicable,Clear,Near Uru cafe hotel dr rajkumar road,Near Ketamaranahalli Jn,2.5km,13.002291,77.553194
Bengaluru City,Malleshwaram Traffic PS,1.04432e+16,2023,1,1,Road Accidents,Circle,City/Town,Near Hospital,Human Error,No,Fatal,Not Applicable,Uncontrolled,Curve,Not Applicable,Bitumen(Tar),Dry,Not Applicable,Clear,Dr Rajkumar Road,In Front Of Jet Lag Bar,2.5KM,13.011787,77.554536
Bengaluru City,Malleshwaram Traffic PS,1.04432e+16,2023,1,2,Road Accidents,Junction,City/Town,Open area,Human Error,No,Simple Injury,Vehicle to Vehicle,Controlled,Others,Others,Bitumen(Tar),Dry,Not Applicable,Clear,18th cross junction sampige road,PUC Board,2.5km,13.008681,77.569102
Bengaluru City,Malleshwaram Traffic PS,1.04432e+16,2023,1,1,Road Accidents,Junction,City/Town,Residential area,Human Error,Yes,Fatal,Hit pedestrian,Uncontrolled,Curve,Not Applicable,Bitumen(Tar),Dry,Not Applicable,Clear,South End ROad,Sampige Road Near,1KM,0.0,0.0
Bengaluru City,Malleshwaram Traffic PS,1.04432e+16,2023,1,1,Road Accidents,Not Applicable,City/Town,Near Petrol Pump,Human Error,Yes,Simple Injury,Hit pedestrian,Uncontrolled,Not Applicable,Others,Bitumen(Tar),Dry,Not Applicable,Clear,Dr Rajakumar Road,St Therisa Hospital Opp,2.5KM,0.0,0.0
Bengaluru City,Malleshwaram Traffic PS,1.04432e+16,2023,1,1,Road Accidents,Not Applicable,City/Town,Open area,Human Error,No,Simple Injury,Hit pedestrian,Uncontrolled,Not Applicable,Not Applicable,Bitumen(Tar),Dry,Not Applicable,Clear,4th Main,Malleshwaram,2KM,0.0,0.0
Bengaluru City,Malleshwaram Traffic PS,1.04432e+16,2023,1,2,Road Accidents,Not Applicable,City/Town,Near Hospital,Human Error,No,Simple Injury,Vehicle to Vehicle,Uncontrolled,Others,Others,Bitumen(Tar),Dry,Not Applicable,Clear,Rajajinagara,Rajajinagara,2.5KM,0.0,0.0
Bengaluru City,Malleshwaram Traffic PS,1.04432e+16,2023,1,2,Road Accidents,Junction,City/Town,Open area,Human Error,No,Grievous Injury,Vehicle to Vehicle,Uncontrolled,Others,Others,Bitumen(Tar),Others,Not Applicable,Clear,NEAR MES COLLEGE 15TH CROSS MALLESHWARAM,NEAR MES COLLEGE,2.5KM,0.0,0.0
Bengaluru City,Malleshwaram Traffic PS,1.04432e+16,2023,1,2,Road Accidents,Not Applicable,City/Town,Residential area,Human Error,No,Simple Injury,Vehicle to Vehicle,Uncontrolled,Others,Others,Bitumen(Tar),Dry,Not Applicable,Clear,Old BJP Office Road,19th Main Road,2KM,0.0,0.0
Bengaluru City,Malleshwaram Traffic PS,1.04432e+16,2023,1,1,Road Accidents,Circle,City/Town,Near Hospital,Human Error,No,Fatal,Not Applicable,Uncontrolled,Not Applicable,Others,Bitumen(Tar),Dry,Not Applicable,Clear,Dr Rajakumar Rod,GSF Circle,3.5KM,13.012343,77.554223
Bengaluru City,Malleshwaram Traffic PS,1.04432e+16,2023,1,2,Road Accidents,Not Applicable,City/Town,Near Bus stop,Human Error,Yes,Fatal,Vehicle to Vehicle,Uncontrolled,Not Applicable,Not Applicable,Concrete,Dry,Not Applicable,Clear,8th Main Road,BHEL Gate Near,2.5KM,12.996647,77.569826
Bengaluru City,Malleshwaram Traffic PS,1.04432e+16,2023,1,3,Road Accidents,Narrow road,City/Town,Open area,Human Error,No,Not Applicable,Vehicle to Vehicle,Uncontrolled,Others,Two way,Bitumen(Tar),Dry,Not Applicable,Clear,"malleshwarm 17th Cross, Near Clowdnine Hospital Road",Near Clowdnine Hospital,2Km,0.0,0.0
Bengaluru City,Malleshwaram Traffic PS,1.04432e+16,2023,1,2,Road Accidents,Circle,City/Town,Residential area,Human Error,No,Damage Only,Vehicle to Vehicle,Not Applicable,Curve,Others,Bitumen(Tar),Dry,Not Applicable,Clear,"Near Sandl Sopa Factory Circle, Subramanya Nagara Banglore.",Orion Mall,3KM PS,0.0,0.0
Bengaluru City,Malleshwaram Traffic PS,1.04432e+16,2023,1,2,Road Accidents,Not Applicable,City/Town,Residential area,Human Error,Yes,Simple Injury,Vehicle to Vehicle,Uncontrolled,Not Applicable,Not Applicable,Bitumen(Tar),Dry,Not Applicable,Clear,8th Main Road,Jaikaranataka Office Near,2KM,0.0,0.0
Bengaluru City,Malleshwaram Traffic PS,1.04432e+16,2023,1,2,Road Accidents,Curves,City/Town,Open area,Human Error,No,Not Applicable,Vehicle to Vehicle,Uncontrolled,Others,Others,Bitumen(Tar),Others,Not Applicable,Clear,Railway back gate Near vatala nagaraj road,NEAR RAIWAY QUTRACE,2.5kM,0.0,0.0
Bengaluru City,Malleshwaram Traffic PS,1.04432e+16,2023,1,2,Road Accidents,Not Applicable,City/Town,Open area,Human Error,Yes,Fatal,Vehicle to Vehicle,Uncontrolled,Not Applicable,Not Applicable,Not Applicable,Dry,Not Applicable,Clear,Sandl Facry Metor Station,Metro Station,2KM,0.0,0.0
Bengaluru City,Malleshwaram Traffic PS,1.04432e+16,2023,1,2,Road Accidents,Not Applicable,City/Town,Open area,Not Applicable,Yes,Simple Injury,Vehicle to Vehicle,Uncontrolled,Not Applicable,Others,Bitumen(Tar),Dry,Not Applicable,Clear,17th Cross Road Bridze,Malleshwarama,2,0.0,0.0
Bengaluru City,Malleshwaram Traffic PS,1.04432e+16,2023,1,2,Road Accidents,Not Applicable,City/Town,Near School or College,Human Error,Yes,Grievous Injury,Vehicle to Vehicle,Uncontrolled,Others,Others,Bitumen(Tar),Dry,No influence on accident,Clear,Infronte of TVS Showroom Dr rakumar road,Near TVs Showroom,2.5KM,0.0,0.0
Bengaluru City,Malleshwaram Traffic PS,1.04432e+16,2023,1,2,Road Accidents,Not Applicable,City/Town,Open area,Human Error,Yes,Simple Injury,Vehicle to Vehicle,Uncontrolled,Curve,Others,Bitumen(Tar),Dry,Not Applicable,Clear,Near MKK Road Rail;way brigde,Near Devayya Park,1KM,0.0,0.0
Bengaluru City,Malleshwaram Traffic PS,1.04432e+16,2023,1,1,Road Accidents,Not Applicable,City/Town,Residential area,Human Error,No,Grievous Injury,Not Applicable,Uncontrolled,Not Applicable,Not Applicable,Bitumen(Tar),Dry,Not Applicable,Clear,West Of Card Road,Rajajinagra 1st Block Flow Over Road,2.5 KM,13.003803,77.54887
Bengaluru City,Malleshwaram Traffic PS,1.04432e+16,2023,1,2,Road Accidents,Not Applicable,City/Town,Near Hospital,Human Error,Yes,Simple Injury,Vehicle to Vehicle,Not Applicable,Not Applicable,Others,Bitumen(Tar),Dry,Not Applicable,Clear,Gayatri Nagara,Rajajinagara,2.5KM,12.998301,77.553107
Bengaluru City,Malleshwaram Traffic PS,1.04432e+16,2023,1,1,Not Applicable,Circle,City/Town,In bazaar,Human Error,Yes,Simple Injury,Hit pedestrian,Controlled,Incline,Not Applicable,Concrete,Dry,Not Applicable,Mist or Fog,Vatal Nagra Road,lalfllfkf,2,0.0,0.0
Bengaluru City,Malleshwaram Traffic PS,1.04432e+16,2023,1,1,Road Accidents,Not Applicable,City/Town,Near Hospital,Human Error,No,Fatal,Not Applicable,Uncontrolled,Not Applicable,One way,Bitumen(Tar),Dry,Not Applicable,Clear,MKK Road,Malleshwaram Bridze,500 Me,0.0,0.0
Bengaluru City,Malleshwaram Traffic PS,1.04432e+16,2023,1,2,Road Accidents,Not Applicable,City/Town,Open area,Human Error,No,Grievous Injury,Vehicle to Vehicle,Uncontrolled,Others,Others,Bitumen(Tar),Dry,Not Applicable,Clear,Near metro cash and carry gate circle,Near GSFCircle,1.5KM,0.0,0.0
Bengaluru City,Malleshwaram Traffic PS,1.04432e+16,2023,1,2,Road Accidents,Cross roads,City/Town,Residential area,Not Applicable,Yes,Simple Injury,Vehicle to Vehicle,Uncontrolled,Not Applicable,Others,Bitumen(Tar),Dry,Not Applicable,Others,"8th main 16th cross,malleswaram",8th main 16th cross,2km,12.99488,77.548691
Bengaluru City,Malleshwaram Traffic PS,1.04432e+16,2023,1,1,Road Accidents,Curves,City/Town,Open area,Human Error,No,Grievous Injury,Hit pedestrian,Uncontrolled,Others,Others,Bitumen(Tar),Dry,Not Applicable,Clear,#3638 4th cross malleshwaram railway station subramanyanagar,near railway station,2.5km,13.001116,77.58159
Bengaluru City,Malleshwaram Traffic PS,1.04432e+16,2023,1,1,Road Accidents,Not Applicable,City/Town,Residential area,Human Error,Yes,Fatal,Hit pedestrian,Uncontrolled,Others,Others,Bitumen(Tar),Dry,Not Applicable,Clear,MKK Road,Near Harichandra Ghata Bus Stop,2KM,0.0,0.0
Bengaluru City,Malleshwaram Traffic PS,1.04432e+16,2023,1,2,Road Accidents,Narrow road,City/Town,Near Hospital,Human Error,Not Applicable,Simple Injury,Vehicle to Vehicle,Controlled,Not Applicable,Two way,Bitumen(Tar),Dry,No influence on accident,Clear,MKK ROAD,NEAR KCG HOSPITAL,400,0.0,0.0
Bengaluru City,Malleshwaram Traffic PS,1.04432e+16,2023,1,1,Road Accidents,Curves,City/Town,Open area,Human Error,No,Grievous Injury,Hit pedestrian,Uncontrolled,Others,Others,Bitumen(Tar),Others,Not Applicable,Clear,Near Savitha film theater Mill Corner Malleshwaram,Near savitha theater,0.5KM,0.0,0.0
Bengaluru City,Malleshwaram Traffic PS,1.04432e+16,2023,1,2,Road Accidents,Junction,City/Town,Open area,Human Error,No,Simple Injury,Vehicle to Vehicle,Uncontrolled,Others,Others,Bitumen(Tar),Dry,Not Applicable,Clear,DR.RAJKUMAR ROAD,KETHAMARANAHALLI JUNCTION,2.5,13.002207,77.553211
Bengaluru City,Malleshwaram Traffic PS,1.04432e+16,2023,1,2,Road Accidents,Not Applicable,City/Town,Near Hospital,Human Error,Yes,Simple Injury,Vehicle to Vehicle,Uncontrolled,Not Applicable,Not Applicable,Bitumen(Tar),Dry,Not Applicable,Clear,Senth Theris Hospital,Dr Rajakumar Road,3KM,0.0,0.0
Bengaluru City,Malleshwaram Traffic PS,1.04432e+16,2023,1,2,Rail Road Accidents,Curves,City/Town,Open area,Human Error,Yes,Simple Injury,Vehicle to Vehicle,Uncontrolled,Others,Others,Bitumen(Tar),Dry,Not Applicable,Clear,Near oklipuram railway bridge majestic,Near railway back gate oklipuram,2kM,0.0,0.0
Bengaluru City,Malleshwaram Traffic PS,1.04432e+16,2023,1,2,Road Accidents,Not Applicable,City/Town,Near Bus stop,Human Error,Yes,Damage Only,Vehicle to Vehicle,Uncontrolled,Not Applicable,Not Applicable,Not Applicable,Dry,Not Applicable,Clear,Sampige Road,11th Cross,2KM,0.0,0.0
Bengaluru City,Malleshwaram Traffic PS,1.04432e+16,2023,1,2,Road Accidents,Not Applicable,City/Town,Near Bus stop,Human Error,Yes,Simple Injury,Vehicle to Vehicle,No signal lights,Not Applicable,Others,Not Applicable,Dry,Not Applicable,Clear,Vatala nagra Road,Maheshawaria Bhavana,2.5KM,12.982084,77.563252
Bengaluru City,Malleshwaram Traffic PS,1.04432e+16,2023,1,2,Road Accidents,Cross roads,City/Town,Open area,Human Error,Yes,Simple Injury,Vehicle to Vehicle,Controlled,Others,Others,Bitumen(Tar),Dry,Not Applicable,Clear,Vatala Nagara Road,KB Juction,2KM,0.0,0.0
Bengaluru City,Malleshwaram Traffic PS,1.04432e+16,2023,1,1,Road Accidents,Not Applicable,City/Town,Open area,Human Error,Yes,Simple Injury,Hit animal,Not Applicable,Not Applicable,Not Applicable,Bitumen(Tar),Dry,Not Applicable,Clear,West Of Card Road,Sandl Sopa Factroy,2.5KM,0.0,0.0
Bengaluru City,Malleshwaram Traffic PS,1.04432e+16,2023,1,2,Road Accidents,Cross roads,City/Town,Open area,Human Error,Yes,Grievous Injury,Vehicle to Vehicle,Uncontrolled,Others,Others,Bitumen(Tar),Dry,Not Applicable,Clear,9th cross 6th main road malleshwaram,near yogakendra,2km,0.0,0.0
Bengaluru City,Malleshwaram Traffic PS,1.04432e+16,2023,1,1,Road Accidents,Not Applicable,City/Town,Residential area,Human Error,No,Simple Injury,Hit bicyclist,Not Applicable,Not Applicable,Not Applicable,Bitumen(Tar),Dry,Not Applicable,Clear,West Of Card Road,Rajajinagara 1st Block,2,0.0,0.0
Bengaluru City,Malleshwaram Traffic PS,1.04432e+16,2023,1,1,Road Accidents,Not Applicable,City/Town,Open area,Not Applicable,Yes,Simple Injury,Hit pedestrian,Not Applicable,Others,Others,Bitumen(Tar),Dry,Not Applicable,Clear,"3RD CROSS,MILK CROSS",MUNESWARA TEMPLE,2.5KM,0.0,0.0
Bengaluru City,Malleshwaram Traffic PS,1.04432e+16,2023,1,1,Road Accidents,Circle,City/Town,Near Bus stop,Human Error,Yes,Simple Injury,Not Applicable,Controlled,Not Applicable,One way,Bitumen(Tar),Dry,No influence on accident,Clear,MARGOSA ROAD,KCG CIRCLE,500,0.0,0.0
Bengaluru City,Malleshwaram Traffic PS,1.04432e+16,2023,1,2,Road Accidents,Curves,City/Town,Open area,Human Error,No,Grievous Injury,Vehicle to Vehicle,Uncontrolled,Others,Others,Bitumen(Tar),Others,Not Applicable,Clear,Near 19th cross 6th main road BWSSb qutrace malleshwaram,Near Kashimatta,2.5KM,0.0,0.0
Bengaluru City,Malleshwaram Traffic PS,1.04432e+16,2023,1,2,Road Accidents,Not Applicable,City/Town,Residential area,Human Error,Yes,Simple Injury,Vehicle to Vehicle,Uncontrolled,Not Applicable,Not Applicable,Bitumen(Tar),Dry,Not Applicable,Clear,Vellipuram,Railway Parelel Road,2.5KM,12.993347,77.568774
Bengaluru City,Malleshwaram Traffic PS,1.04432e+16,2023,1,2,Road Accidents,Not Applicable,City/Town,Near office complex,Human Error,Yes,Simple Injury,Vehicle to Vehicle,Uncontrolled,Not Applicable,Not Applicable,Bitumen(Tar),Dry,Not Applicable,Clear,Malleshwarama,Gyatrinagara,2.5KM,13.007583,77.555503
Bengaluru City,Malleshwaram Traffic PS,1.04432e+16,2023,1,2,Road Accidents,Circle,City/Town,Residential area,Human Error,Not Applicable,Damage Only,Vehicle to Vehicle,Signals (Working),Straight and flat,Two way,Bitumen(Tar),Not Applicable,No influence on accident,Clear,MALLESHWARAM 18TH CROSS,PU BOARD,100 ME,0.0,0.0
Bengaluru City,Malleshwaram Traffic PS,1.04432e+16,2023,1,2,Road Accidents,Not Applicable,City/Town,Open area,Vehicle Defect,No,Damage Only,Vehicle to Vehicle,Uncontrolled,Not Applicable,Residential Street,Bitumen(Tar),Dry,Not Applicable,Clear,Dr Rajkumar Roa,Orin Mall In Front OF,2.5KM,0.0,0.0
Bengaluru City,Malleshwaram Traffic PS,1.04432e+16,2023,1,1,Road Accidents,Not Applicable,City/Town,Residential area,Human Error,No,Fatal,Hit pedestrian,Not Applicable,Not Applicable,Residential Street,Not Applicable,Dry,Not Applicable,Clear,"7th Cross, 6th Main",Malleshwarama,1.5KM,0.0,0.0
Bengaluru City,Malleshwaram Traffic PS,1.04432e+16,2023,1,1,Road Accidents,Not Applicable,City/Town,Open area,Human Error,Not Applicable,Fatal,Not Applicable,Uncontrolled,Others,Others,Concrete,Dry,Not Applicable,Clear,Infronte of Virat Hotel west Ofb card road Rajajinagar,Near Iscon Temple,2.5KM,0.0,0.0