DISTRICTNAME,UNITNAME,Crime_No,Year,RI,Noofvehicle_involved,Accident_Classification,Accident_Spot,Accident_Location,Accident_SubLocation,Main_Cause,Hit_Run,Severity,Collision_Type,Junction_Control,Road_Character,Road_Type,Surface_Type,Surface_Condition,Road_Condition,Weather,Accident_Road,Landmark_first,Distance_LandMark_First,Latitude,Longitude
Bengaluru City,Malleshwaram Traffic PS,1.04432e+16,2023,1,1,Road Accidents,Circle,City/Town,Residential area,Human Error,Yes,Simple Injury,Hit pedestrian,Uncontrolled,Others,Others,Bitumen(Tar),Dry,Not Applicable,Clear,7th Cross Road,Malleswharam 7th Cross,1KM,0.0,0.0
Bengaluru City,Malleshwaram Traffic PS,1.04432e+16,2023,1,2,Road Accidents,Not Applicable,City/Town,Near Bus stop,Human Error,Yes,Simple Injury,Vehicle to Vehicle,Uncontrolled,Not Applicable,Not Applicable,Bitumen(Tar),Dry,Not Applicable,Clear,Vatala Nagaraja Road,Shel Petrol Pump,2.5KM,12.982042,77.566503
Bengaluru City,Malleshwaram Traffic PS,1.04432e+16,2023,1,2,Road Accidents,Circle,City/Town,Open area,Human Error,No,Grievous Injury,Vehicle to Vehicle,Controlled,Others,Others,Bitumen(Tar),Dry,Not Applicable,Clear,near 18th cross junction sampige road malleshwaram,near 18th cross junction,2km,0.0,0.0
Bengaluru City,Malleshwaram Traffic PS,1.04432e+16,2023,1,2,Road Accidents,Junction,City/Town,Open area,Human Error,No,Not Applicable,Vehicle to Vehicle,Controlled,Others,Others,Bitumen(Tar),Dry,Not Applicable,Clear,WOC 1st block rajajinagar,Near navaratan jewwelary,1.5KM,13.006107,77.54909
Bengaluru City,Malleshwaram Traffic PS,1.04432e+16,2023,1,1,Road Accidents,Rail Crossing manned,City/Town,Residential area,Human Error,No,Fatal,Hit pedestrian,Uncontrolled,Others,Residential Street,Bitumen(Tar),Dry,Not Applicable,Clear,BMTC Bus Stop Near,South End Road,1KM,0.0,0.0
Bengaluru City,Malleshwaram Traffic PS,1.04432e+16,2023,1,2,Road Accidents,Junction,City/Town,Open area,Human Error,No,Simple Injury,Vehicle to Vehicle,Uncontrolled,Others,Others,Bitumen(Tar),Others,Not Applicable,Clear,4th main  road 15 th cross junction malleshwaram,near 4th main road 15 th cross,1.5km,0.0,0.0
Bengaluru City,Malleshwaram Traffic PS,1.04432e+16,2023,1,1,Road Accidents,Not Applicable,City/Town,Near Hospital,Human Error,Yes,Simple Injury,Not Applicable,Uncontrolled,Curve,Not Applicable,Bitumen(Tar),Dry,Not Applicable,Clear,Dr Rajakumar Road,Sent Theris Hospital,2.5KM,13.004313,77.553888
Bengaluru City,Malleshwaram Traffic PS,1.04432e+16,2023,1,2,Road Accidents,Not Applicable,City/Town,Open area,Human Error,Yes,Simple Injury,Vehicle to Vehicle,Controlled,Not Applicable,Others,Bitumen(Tar),Dry,Not Applicable,Clear,Dr Rajkumar Roa,10th Cross,3,0.0,0.0
Bengaluru City,Malleshwaram Traffic PS,1.04432e+16,2023,1,2,Road Accidents,Not Applicable,City/Town,Open area,Human Error,Yes,Grievous Injury,Vehicle to Vehicle,Uncontrolled,Others,Others,Concrete,Dry,Not Applicable,Clear,Near Ganesh U turn West of Card road MahalakshmiLayout,Near Ganesh temple,2.5KM,0.0,0.0
Bengaluru City,Malleshwaram Traffic PS,1.04432e+16,2023,1,2,Road Accidents,Curves,City/Town,Open area,Not Applicable,Yes,Simple Injury,Vehicle to Vehicle,Uncontrolled,Others,Others,Concrete,Dry,Not Applicable,Clear,"GANESH TEMPLE U TURN,WEST OF CHORD ROAD",SHARANA MAHASABHA KALYAN MANTAPA,3,0.0,0.0
Bengaluru City,Malleshwaram Traffic PS,1.04432e+16,2023,1,1,Road Accidents,Not Applicable,City/Town,Residential area,Not Applicable,Yes,Simple Injury,Not Applicable,Uncontrolled,Others,Others,Bitumen(Tar),Dry,Not Applicable,Clear,"1st main road, 4th cross new kallappa block ramachandrapura",near new kallappa block,2km,13.008122,77.554299
Bengaluru City,Malleshwaram Traffic PS,1.04432e+16,2023,1,1,Road Accidents,Not Applicable,City/Town,Open area,Not Applicable,Not Applicable,Fatal,Not Applicable,Not Applicable,Not Applicable,Not Applicable,Bitumen(Tar),Dry,Not Applicable,Clear,west of chord road,rajajinagara,2.5,13.003986,77.549277
Bengaluru City,Malleshwaram Traffic PS,1.04432e+16,2023,1,2,Road Accidents,Not Applicable,City/Town,Open area,Human Error,Yes,Grievous Injury,Vehicle to Vehicle,Uncontrolled,Straight and flat,Others,Concrete,Dry,Not Applicable,Clear,iscon temple oppsite road west off chord road rajajinagar,near iscon temple,2km,0.0,0.0
Bengaluru City,Malleshwaram Traffic PS,1.04432e+16,2023,1,2,Road Accidents,Not Applicable,City/Town,Residential area,Not Applicable,Yes,Grievous Injury,Vehicle to Vehicle,Uncontrolled,Others,Residential Street,Bitumen(Tar),Dry,Not Applicable,Clear,"Dr Raj Kumar Road, Near Oriyan Mall",Dr Rajakumar Road,2.5KM,0.0,0.0
Bengaluru City,Malleshwaram Traffic PS,1.04432e+16,2023,1,2,Road Accidents,Not Applicable,City/Town,Near Hospital,Human Error,Yes,Simple Injury,Vehicle to Vehicle,Uncontrolled,Others,Others,Bitumen(Tar),Dry,Not Applicable,Clear,Dr Rajakumar Road,Near Sent Theris Hospital,2.5KM,0.0,0.0
Bengaluru City,Malleshwaram Traffic PS,1.04432e+16,2023,1,4,Road Accidents,Narrow road,City/Town,Residential area,Not Applicable,No,Damage Only,Vehicle to Vehicle,Not Applicable,Not Applicable,Residential Street,Bitumen(Tar),Others,No influence on accident,Clear,"No 4001/6, 7th cross, Gayathri Nagar, Bengaluru",Subramanya Nagar,3 kms,0.0,0.0
Bengaluru City,Malleshwaram Traffic PS,1.04432e+16,2023,1,2,Road Accidents,Not Applicable,City/Town,Residential area,Vehicle Defect,No,Simple Injury,Vehicle to Vehicle,Uncontrolled,Curve,Not Applicable,Bitumen(Tar),Dry,Not Applicable,Clear,Vatala Nagar Road Flow Over,Lulu mal,5Km,0.0,0.0
Bengaluru City,Malleshwaram Traffic PS,1.04432e+16,2023,1,2,Road Accidents,Road hump or Rumble strips,City/Town,Narrow bridge or culverts,Road Environment Defect,No,Fatal,Vehicle to Vehicle,Controlled,Not Applicable,Two way,Bitumen(Tar),Not Applicable,Engineering Defect of Road,Clear,MKK ROAD NEAR MALLESHWARM BRIDGE,NEAR MALLESHWARAM BRIDGE,500 ME,0.0,0.0
Bengaluru City,Malleshwaram Traffic PS,1.04432e+16,2023,1,2,Road Accidents,Not Applicable,City/Town,Near Bus stop,Human Error,Yes,Simple Injury,Vehicle to Vehicle,Uncontrolled,Not Applicable,Others,Bitumen(Tar),Dry,Not Applicable,Clear,MahalaksmiLayout Metro Station Near,West Of Car Road,3.5KM,0.0,0.0
Bengaluru City,Malleshwaram Traffic PS,1.04432e+16,2023,1,2,Road Accidents,Not Applicable,City/Town,Near Bus stop,Human Error,Yes,Simple Injury,Vehicle to Vehicle,Not Applicable,Not Applicable,Not Applicable,Bitumen(Tar),Dry,Not Applicable,Clear,Mill Colony,8th A Main Road,2.5KM,13.008493,77.557268
Bengaluru City,Malleshwaram Traffic PS,1.04432e+16,2023,1,2,Road Accidents,Junction,City/Town,Open area,Human Error,No,Simple Injury,Vehicle to Vehicle,Uncontrolled,Curve,Others,Bitumen(Tar),Dry,Not Applicable,Clear,8th main road 15 th cross varuna motors in ftront of,Near maruthi showroom,1.5km,13.008721,77.569111
Bengaluru City,Malleshwaram Traffic PS,1.04432e+16,2023,1,2,Road Accidents,Not Applicable,City/Town,Residential area,Human Error,No,Simple Injury,Vehicle to Vehicle,Uncontrolled,Others,Others,Bitumen(Tar),Dry,Not Applicable,Clear,Vatalanagaraja Road,Okalipuram Bus Stop,2KM,0.0,0.0
Bengaluru City,Malleshwaram Traffic PS,1.04432e+16,2023,1,2,Road Accidents,Not Applicable,City/Town,Open area,Human Error,Yes,Simple Injury,Vehicle to Vehicle,Controlled,Others,Residential Street,Bitumen(Tar),Dry,Not Applicable,Clear,KB Junction,Vatla Nagara Road,2Km,0.0,0.0
Bengaluru City,Malleshwaram Traffic PS,1.04432e+16,2023,1,1,Road Accidents,Not Applicable,City/Town,Near Bus stop,Human Error,Yes,Simple Injury,Vehicle to Vehicle,Uncontrolled,Not Applicable,Not Applicable,Bitumen(Tar),Dry,Not Applicable,Clear,Lulu Mal,Vatala Nagra Road,2KM,12.980056,77.548879
Bengaluru City,Malleshwaram Traffic PS,1.04432e+16,2023,1,1,Road Accidents,Cross roads,City/Town,Near Bus stop,Not Applicable,No,Simple Injury,Hit pedestrian,Not Applicable,Not Applicable,Others,Bitumen(Tar),Dry,Not Applicable,Clear,MKK ROAD SRIRAMPURA,MKK ROAD UNDER SRIRAMPURA METRO STATION,0.5KM,12.996444,77.563362
Bengaluru City,Mico Layout Traffic PS,1.04432e+16,2016,1,2,Rail Road Accidents,Junction,City/Town,Near Petrol Pump,Human Error,No,Grievous Injury,Side impact or Right angle,Controlled,Straight and flat,City or Town Road,Bitumen(Tar),Dry,No influence on accident,Clear,"16TH MN RD JUNCTION, BTM 100 FEET RING ROAD,",SIGNAL LIGHT,116,0.0,0.0
Bengaluru City,Mico Layout Traffic PS,1.04432e+16,2016,1,6,Road Accidents,Culvert,City/Town,Near Hospital,Human Error,No,Damage Only,Rear end,Signals (Working),Straight and flat,City or Town Road,Bitumen(Tar),Dry,Not Applicable,Clear,"NEAR JAYADEVA FLY OVER, BTM 100 FEET RING ROAD,",ELECTRIC POLE,44,0.0,0.0
Bengaluru City,Mico Layout Traffic PS,1.04432e+16,2016,1,1,Rail Road Accidents,Not Applicable,City/Town,At pedestrian Crossing,Human Error,No,Fatal,Hit pedestrian,Uncontrolled,Straight and flat,City or Town Road,Bitumen(Tar),Dry,No influence on accident,Fine,"RELIANCE FRESH, BTM 100 FEET RING ROAD,",STREET LIGHT,54,0.0,0.0
Bengaluru City,Mico Layout Traffic PS,1.04432e+16,2016,1,1,Road Accidents,Narrow road,City/Town,In bazaar,Human Error,No,Fatal,Hit pedestrian,Uncontrolled,Straight and flat,City or Town Road,Bitumen(Tar),Dry,Not Applicable,Clear,"OPP TO TEMPO STAND, NR ARAVIND MOTORS, 5TH CR, GURAPPANAPALYA, B G RD,",ELECTRIC POLE,77,0.0,0.0
Bengaluru City,Mico Layout Traffic PS,1.04432e+16,2016,1,2,Road Accidents,Bridge,City/Town,Near a recreation place/cinema,Human Error,No,Damage Only,Rear end,Uncontrolled,Straight and flat,City or Town Road,Bitumen(Tar),Dry,No influence on accident,Clear,"OPPOSITE TO GOPALAN MALL, B G ROAD,",ELECTRIC POLE,63,0.0,0.0
Bengaluru City,Mico Layout Traffic PS,1.04432e+16,2016,1,1,Road Accidents,Not Applicable,City/Town,Near Hospital,Human Error,No,Grievous Injury,Hit pedestrian,Uncontrolled,Straight and flat,City or Town Road,Bitumen(Tar),Dry,No influence on accident,Fine,"OPP TO JAYADEVA HOSPITAL, B G ROAD,",STREET LIGHT,54,0.0,0.0
Bengaluru City,Mico Layout Traffic PS,1.04432e+16,2016,1,1,Road Accidents,T Junction,City/Town,In bazaar,Human Error,Yes,Grievous Injury,Hit pedestrian,Uncontrolled,Straight and flat,City or Town Road,Bitumen(Tar),Dry,No influence on accident,Clear,"4TH MN RD, ABBAYAPPA LYT, N S PALYA, BTM 2ND STG",ELECTRIC POLE,81,0.0,0.0
Bengaluru City,Mico Layout Traffic PS,1.04432e+16,2016,1,1,Road Accidents,T Junction,City/Town,Near Bus stop,Human Error,No,Grievous Injury,Hit pedestrian,Uncontrolled,Straight and flat,City or Town Road,Bitumen(Tar),Dry,Not Applicable,Clear,"OPPOSITE TO WATER TANK, BTM 100 FEET RING ROAD",ELECTRIC POLE,45,0.0,0.0
Bengaluru City,Mico Layout Traffic PS,1.04432e+16,2016,1,2,Road Accidents,T Junction,City/Town,In bazaar,Human Error,No,Grievous Injury,Side impact or Right angle,Uncontrolled,Straight and flat,City or Town Road,Bitumen(Tar),Dry,No influence on accident,Clear,"NEAR SBI ATM BANK, TAVEREKERE MN RD,",ELECTRIC POLE,39,0.0,0.0
Bengaluru City,Mico Layout Traffic PS,1.04432e+16,2016,1,2,Road Accidents,Junction,City/Town,Near office complex,Human Error,Yes,Damage Only,Hit and Run,Controlled,Straight and flat,City or Town Road,Bitumen(Tar),Dry,No influence on accident,Clear,"16TH MN RD, NR SWADISTA HOTEL, BTM 2ND STG,",ELECTRIC POLE,30,0.0,0.0
Bengaluru City,Mico Layout Traffic PS,1.04432e+16,2016,1,1,Road Accidents,T Junction,City/Town,Near Bus stop,Human Error,No,Grievous Injury,Hit pedestrian,Uncontrolled,Straight and flat,City or Town Road,Bitumen(Tar),Dry,No influence on accident,Clear,"16TH MAIN ROAD, BTM 2ND STAGE",TREE,46,0.0,0.0
Bengaluru City,Mico Layout Traffic PS,1.04432e+16,2016,1,2,Road Accidents,Other,City/Town,Residential area,Not Applicable,No,Grievous Injury,Side impact or Right angle,Uncontrolled,Straight and flat,City or Town Road,Concrete,Dry,Not Applicable,Clear,"OPP TO SUN MOTORS, RUBY JUNCTION, DOLLAR COLONY, 7TH CR, BANGALORE CITY",ELECTRIC POLE,40,0.0,0.0
Bengaluru City,Mico Layout Traffic PS,1.04432e+16,2016,1,2,Road Accidents,Bridge,City/Town,Near Hospital,Human Error,No,Damage Only,Rear end,Uncontrolled,Straight and flat,City or Town Road,Bitumen(Tar),Dry,Not Applicable,Clear,ABOVE JAYADEVA FLYOVER,STREET LIGHT,25,0.0,0.0
Bengaluru City,Mico Layout Traffic PS,1.04432e+16,2016,1,1,Road Accidents,Narrow road,City/Town,Near Bus stop,Human Error,Yes,Grievous Injury,Hit pedestrian,Uncontrolled,Straight and flat,City or Town Road,Bitumen(Tar),Dry,Not Applicable,Clear,"ASHRAMA BUS STOP, BISMILLANAGAR, BANNERGHATTA MAIN ROAD",ELECTRIC POLE,39,0.0,0.0
Bengaluru City,Mico Layout Traffic PS,1.04432e+16,2016,1,1,Road Accidents,More than four arms,City/Town,Near a recreation place/cinema,Human Error,Yes,Grievous Injury,Hit and Run,Police / Manual,Straight and flat,City or Town Road,Bitumen(Tar),Dry,Not Applicable,Clear,"OPP TO GANGOTHRI BAR, 8TH CROSS, BTM 1ST STAGE,",ELECTRIC POLE,39,0.0,0.0
Bengaluru City,Mico Layout Traffic PS,1.04432e+16,2016,1,1,Road Accidents,T Junction,City/Town,Near Hospital,Human Error,No,Grievous Injury,Hit pedestrian,Controlled,Straight and flat,City or Town Road,Bitumen(Tar),Dry,No influence on accident,Clear,"SAGAR HOSPITAL JN, B G ROAD,",ELECTRIC POLE,38,0.0,0.0
Bengaluru City,Mico Layout Traffic PS,1.04432e+16,2016,1,2,Road Accidents,Other,City/Town,Near Bus stop,Human Error,No,Fatal,Others,Uncontrolled,Straight and flat,City or Town Road,Bitumen(Tar),Dry,No influence on accident,Clear,"GOPALAN MALL BUS STOP, B G ROAD,",CENTER MEDIAN,33,0.0,0.0
Bengaluru City,Mico Layout Traffic PS,1.04432e+16,2016,1,1,Road Accidents,Narrow road,City/Town,Near Bus stop,Human Error,No,Fatal,Others,Uncontrolled,Straight and flat,City or Town Road,Bitumen(Tar),Dry,Not Applicable,Clear,"ASHRAM BUS STOP, NR SAGAR HOSPITAL, B G ROAD,",ELECTRIC POLE,59,0.0,0.0
Bengaluru City,Mico Layout Traffic PS,1.04432e+16,2016,1,2,Road Accidents,Other,City/Town,Near Hospital,Human Error,No,Grievous Injury,Others,Uncontrolled,Straight and flat,City or Town Road,Concrete,Dry,No influence on accident,Clear,"SAKI HOSPITAL, 29TH MN RD, DOLLAR LYT, BTM 2ND STG",ELECTRIC POLE,48,0.0,0.0
Bengaluru City,Mico Layout Traffic PS,1.04432e+16,2016,1,2,Road Accidents,T Junction,City/Town,Near a religious place,Human Error,No,Grievous Injury,Side impact or Right angle,Uncontrolled,Straight and flat,City or Town Road,Bitumen(Tar),Dry,No influence on accident,Clear,"AYAPPA SWAMY TEMPLE, TAVAREKERE MN RD,",ELECTRIC POLE,14,0.0,0.0
Bengaluru City,Mico Layout Traffic PS,1.04432e+16,2016,1,1,Road Accidents,Bridge,City/Town,Narrow bridge or culverts,Human Error,No,Grievous Injury,Hit pedestrian,Uncontrolled,Straight and flat,City or Town Road,Bitumen(Tar),Dry,No influence on accident,Clear,"DR AMBEDKAR ROAD, RAJ LAKE VIEW APTS, BTM 2ND STAGE",ELECTRIC POLE,42,0.0,0.0
Bengaluru City,Mico Layout Traffic PS,1.04432e+16,2016,1,2,Road Accidents,Other,City/Town,In bazaar,Human Error,No,Grievous Injury,Rear end,Uncontrolled,Straight and flat,Two way,Bitumen(Tar),Dry,No influence on accident,Clear,"8TH CROSS, BTM 1ST STAGE",STREET LIGHT,20,0.0,0.0
Bengaluru City,Mico Layout Traffic PS,1.04432e+16,2016,1,2,Road Accidents,Narrow road,City/Town,Near Hospital,Human Error,Yes,Damage Only,Hit and Run,Uncontrolled,Straight and flat,City or Town Road,Bitumen(Tar),Dry,No influence on accident,Fine,"OPP TO GANGOTHRI HOSPITAL, 100 FEET RING ROAD, BTM LYT",STREET LIGHT,40,0.0,0.0
Bengaluru City,Mico Layout Traffic PS,1.04432e+16,2016,1,1,Road Accidents,Road hump or Rumble strips,City/Town,At pedestrian Crossing,Human Error,Yes,Fatal,Hit pedestrian,Signal lights Blinking,Straight and flat,City or Town Road,Bitumen(Tar),Dry,No influence on accident,Clear,"VIJAY RESIDENCY, AMULYA MEDICALS, BTM 100 FEET RING ROAD,",SIGNAL LIGHT,18,0.0,0.0
Bengaluru City,Mico Layout Traffic PS,1.04432e+16,2016,1,2,Road Accidents,T Junction,City/Town,Near a religious place,Human Error,No,Grievous Injury,Rear end,Uncontrolled,Straight and flat,City or Town Road,Bitumen(Tar),Dry,Not Applicable,Clear,"5TH MAIN ROAD, GURAPPANAPALYA, BANNERGHATTA MAIN ROAD,",ELECTRIC POLE,89,0.0,0.0
Bengaluru City,Mico Layout Traffic PS,1.04432e+16,2016,1,1,Road Accidents,Narrow road,City/Town,Near Hospital,Human Error,Yes,Grievous Injury,Hit pedestrian,Controlled,Straight and flat,City or Town Road,Bitumen(Tar),Dry,No influence on accident,Clear,"SAGAR HOSPITAL JUNCTION, B G ROAD",ELECTRIC POLE,84,0.0,0.0
Bengaluru City,Mico Layout Traffic PS,1.04432e+16,2016,1,1,Road Accidents,Other,City/Town,Residential area,Human Error,No,Grievous Injury,Hit pedestrian,Uncontrolled,Straight and flat,City or Town Road,Bitumen(Tar),Dry,No influence on accident,Clear,"29TH MAIN ROAD, BTM 2ND STAGE",ELECTRIC POLE,32,0.0,0.0
Bengaluru City,Mico Layout Traffic PS,1.04432e+16,2016,1,2,Road Accidents,Other,City/Town,Near Hospital,Human Error,Yes,Grievous Injury,Hit and Run,Uncontrolled,Straight and flat,City or Town Road,Bitumen(Tar),Dry,No influence on accident,Clear,"NEAR AGARWAL EYE HOSPITAL, B G ROAD,",STREET LIGHT,59,12.909739,77.600233
Bengaluru City,Mico Layout Traffic PS,1.04432e+16,2016,1,1,Road Accidents,Culvert,City/Town,Near Hospital,Human Error,Yes,Fatal,Hit pedestrian,Uncontrolled,Straight and flat,City or Town Road,Bitumen(Tar),Dry,No influence on accident,Clear,"JAYADEVA UNDER PASS, B G ROAD",UNDERPASS WALL,20,0.0,0.0
Bengaluru City,Mico Layout Traffic PS,1.04432e+16,2016,1,1,Road Accidents,Narrow road,City/Town,Open area,Human Error,No,Fatal,Hit pedestrian,Uncontrolled,Straight and flat,City or Town Road,Bitumen(Tar),Dry,No influence on accident,Clear,"OPP TO RAM SRIDHAR APTS, 100 FEET RING ROAD, BTM 2ND STAGE",ELECTRIC POLE,74,0.0,0.0
Bengaluru City,Mico Layout Traffic PS,1.04432e+16,2016,1,2,Road Accidents,Other,City/Town,Near a factory industrial area,Human Error,Yes,Grievous Injury,Hit and Run,Uncontrolled,Straight and flat,City or Town Road,Bitumen(Tar),Dry,No influence on accident,Clear,"BANGALORE DAIRY GATE, DR MARI GOWDA RD",STREET LIGHT,49,0.0,0.0
Bengaluru City,Mico Layout Traffic PS,1.04432e+16,2016,1,2,Road Accidents,T Junction,City/Town,Near Hospital,Human Error,No,Grievous Injury,Side impact or Right angle,Uncontrolled,Straight and flat,City or Town Road,Bitumen(Tar),Dry,Not Applicable,Clear,"JAYADEVA HOSPITAL, B G ROAD,",ELECTRIC POLE,12,0.0,0.0
Bengaluru City,Mico Layout Traffic PS,1.04432e+16,2016,1,1,Road Accidents,Narrow road,City/Town,Near a religious place,Human Error,Yes,Grievous Injury,Hit and Run,Uncontrolled,Straight and flat,City or Town Road,Bitumen(Tar),Dry,No influence on accident,Clear,"OPPOSITE TO CHANDRAMOULESHWARA TEMPLE, B G ROAD",STREET LIGHT,56,0.0,0.0
Bengaluru City,Mico Layout Traffic PS,1.04432e+16,2016,1,2,Road Accidents,Junction,City/Town,Near Petrol Pump,Human Error,No,Simple Injury,Side impact or Right angle,Controlled,Straight and flat,City or Town Road,Bitumen(Tar),Dry,No influence on accident,Clear,"16TH MAIN JUNCTION, BTM 100 FEET RING ROAD,",SIGNAL LIGHT,24,0.0,0.0
Bengaluru City,Mico Layout Traffic PS,1.04432e+16,2016,1,2,Road Accidents,T Junction,City/Town,Near a religious place,Human Error,No,Damage Only,Rear end,Controlled,Straight and flat,City or Town Road,Bitumen(Tar),Dry,No influence on accident,Clear,"OPP TO BILAL MASJID, GURAPPANAPALYA JN, B G ROAD,",SOLAR SIGNLA LIGHT,12,1.0,0.0
Bengaluru City,Mico Layout Traffic PS,1.04432e+16,2017,1,2,Road Accidents,Other,City/Town,In bazaar,Human Error,No,Grievous Injury,Rear end,Uncontrolled,Straight and flat,City or Town Road,Bitumen(Tar),Dry,No influence on accident,Fine,SPAR HYPER MARKET B G ROAD,ELECTRIC POLE,109,0.0,0.0
Bengaluru City,Mico Layout Traffic PS,1.04432e+16,2017,1,1,Road Accidents,T Junction,City/Town,Residential area,Human Error,No,Grievous Injury,Hit pedestrian,Uncontrolled,Straight and flat,City or Town Road,Bitumen(Tar),Dry,Not Applicable,Clear,"NR MICO LYT OP PS, 9TH MN, VIJAYA BK LYT, BTM 4TH STG",ELECTRIC POLE,60,0.0,0.0
Bengaluru City,Mico Layout Traffic PS,1.04432e+16,2017,1,2,Road Accidents,Other,City/Town,Near a recreation place/cinema,Human Error,No,Grievous Injury,Hit pedestrian,Signal lights Automatic,Straight and flat,City or Town Road,Bitumen(Tar),Dry,No influence on accident,Clear,"BEHIND MICO LYT TR PS, B G ROAD, BTM 2ND STG",STREET LIGHT,54,0.0,0.0
Bengaluru City,Mico Layout Traffic PS,1.04432e+16,2017,1,2,Road Accidents,T Junction,City/Town,Near a recreation place/cinema,Human Error,No,Damage Only,Side impact or Right angle,Police / Manual,Straight and flat,City or Town Road,Bitumen(Tar),Dry,No influence on accident,Clear,"SHILPA JUNCTION, B G ROAD",MEDIAN,43,0.0,0.0
Bengaluru City,Mico Layout Traffic PS,1.04432e+16,2017,1,1,Road Accidents,Other,City/Town,Near office complex,Human Error,No,Grievous Injury,Hit pedestrian,Uncontrolled,Straight and flat,City or Town Road,Bitumen(Tar),Dry,No influence on accident,Clear,"PANCHAMI HOTEL, B G ROAD",ELECTRIC POLE,45,0.0,0.0
Bengaluru City,Mico Layout Traffic PS,1.04432e+16,2017,1,2,Road Accidents,Not Applicable,City/Town,Near office complex,Human Error,No,Damage Only,Rear end,Uncontrolled,Straight and flat,City or Town Road,Bitumen(Tar),Dry,No influence on accident,Clear,"OPPOSITE TO SBI BANK, 100 FEET RING ROAD, BTM 2ND STAGE",STREET LIGHT,69,0.0,0.0
Bengaluru City,Mico Layout Traffic PS,1.04432e+16,2017,1,2,Road Accidents,Junction,City/Town,Near School or College,Human Error,No,Simple Injury,Side impact or Right angle,Uncontrolled,Straight and flat,City or Town Road,Bitumen(Tar),Dry,No influence on accident,Fine,13TH CROSS,ELECTRIC POLE,30,0.0,0.0
Bengaluru City,Mico Layout Traffic PS,1.04432e+16,2017,1,1,Road Accidents,T Junction,City/Town,Near a factory industrial area,Human Error,No,Grievous Injury,Hit pedestrian,Uncontrolled,Straight and flat,City or Town Road,Bitumen(Tar),Dry,No influence on accident,Clear,"SHOWOFF GARMENTS, 6TH CR, 29TH MN RD, BTM 2ND STG, BANGALORE CITY",ELECTRIC POLE,25,0.0,0.0
Bengaluru City,Mico Layout Traffic PS,1.04432e+16,2017,1,2,Road Accidents,Other,City/Town,Near Bus stop,Human Error,No,Simple Injury,Rear end,Uncontrolled,Straight and flat,City or Town Road,Bitumen(Tar),Others,No influence on accident,Fine,B T M 2ND STAGE,ELECTRIC POLE,10,0.0,0.0
Bengaluru City,Mico Layout Traffic PS,1.04432e+16,2017,1,1,Road Accidents,Junction,City/Town,At pedestrian Crossing,Human Error,Yes,Grievous Injury,Hit pedestrian,Controlled,Straight and flat,City or Town Road,Bitumen(Tar),Dry,No influence on accident,Clear,"JAYADEVA JUNCTION, BANNERGHATTA MAIN ROAD,",SIGNAL LIGHT,159,0.0,0.0
Bengaluru City,Mico Layout Traffic PS,1.04432e+16,2017,1,2,Road Accidents,Other,City/Town,Near Hospital,Human Error,Yes,Damage Only,Rear end,Uncontrolled,Straight and flat,City or Town Road,Bitumen(Tar),Dry,No influence on accident,Clear,"OPPOSITE TO APOLLO HOSPITAL, B G ROAD, BANGALORE CITY",ELECTRIC POLE,18,0.0,0.0
Bengaluru City,Mico Layout Traffic PS,1.04432e+16,2017,1,2,Road Accidents,T Junction,City/Town,Near a factory industrial area,Human Error,Yes,Simple Injury,Rear end,Controlled,Straight and flat,City or Town Road,Bitumen(Tar),Dry,No influence on accident,Clear,"NR HSBC JUNCTION, B G ROAD, BANGALORE CITY",STREET LIGHT,40,0.0,0.0
Bengaluru City,Mico Layout Traffic PS,1.04432e+16,2017,1,3,Road Accidents,T Junction,City/Town,Near a factory industrial area,Human Error,No,Damage Only,Right Turn Collision,Controlled,Straight and flat,City or Town Road,Bitumen(Tar),Dry,No influence on accident,Clear,"G D MARA JUNCTION, BANNERGHATTA MAIN ROAD",SOLAR SIGNAL LIGHT,109,0.0,0.0
Bengaluru City,Mico Layout Traffic PS,1.04432e+16,2017,1,1,Road Accidents,Other,City/Town,Near Hospital,Human Error,No,Simple Injury,Hit pedestrian,Uncontrolled,Straight and flat,City or Town Road,Bitumen(Tar),Dry,No influence on accident,Clear,"NR SAGAR HOSPITAL, OPP TO POPULAR AUTOMOBILES, B G RD",ELECTRIC POLE,40,0.0,0.0
Bengaluru City,Mico Layout Traffic PS,1.04432e+16,2017,1,2,Road Accidents,Junction,City/Town,Near a recreation place/cinema,Human Error,Yes,Damage Only,Rear end,Police / Manual,Straight and flat,City or Town Road,Bitumen(Tar),Dry,No influence on accident,Clear,"SPAR HYPER MARKET, BANNERGHATA MAIN ROAD,",ELECTRIC POLE,57,0.0,0.0
Bengaluru City,Mico Layout Traffic PS,1.04432e+16,2017,1,3,Road Accidents,T Junction,City/Town,Near Bus stop,Human Error,No,Not Applicable,Side impact or Right angle,Uncontrolled,Straight and flat,City or Town Road,Bitumen(Tar),Others,No influence on accident,Fine,"OPP MUNESHWARA TPLE, DR MARIGOWDA RD",MEDIAN,4,0.0,0.0
Bengaluru City,Mico Layout Traffic PS,1.04432e+16,2017,1,2,Road Accidents,Junction,City/Town,Near Bus stop,Human Error,No,Not Applicable,Rear end,Uncontrolled,Straight and flat,City or Town Road,Bitumen(Tar),Others,No influence on accident,Fine,BANNERUGHATTA MAIN ROAD,STREET LIGHT,49,0.0,0.0