DISTRICTNAME,UNITNAME,Crime_No,Year,RI,Noofvehicle_involved,Accident_Classification,Accident_Spot,Accident_Location,Accident_SubLocation,Main_Cause,Hit_Run,Severity,Collision_Type,Junction_Control,Road_Character,Road_Type,Surface_Type,Surface_Condition,Road_Condition,Weather,Accident_Road,Landmark_first,Distance_LandMark_First,Latitude,Longitude
Bengaluru City,Mico Layout Traffic PS,1.04432e+16,2017,1,1,Road Accidents,Other,City/Town,Near a recreation place/cinema,Human Error,No,Fatal,Hit pedestrian,Uncontrolled,Straight and flat,City or Town Road,Bitumen(Tar),Dry,No influence on accident,Clear,"OPPOSITE TO SBI BANK, NR INDIAN OIL PETROL BUNK,",STREET LIGHT,98,0.0,0.0
Bengaluru City,Mico Layout Traffic PS,1.04432e+16,2017,1,2,Road Accidents,Junction,City/Town,Near School or College,Human Error,No,Damage Only,Rear end,Uncontrolled,Straight and flat,City or Town Road,Bitumen(Tar),Dry,No influence on accident,Clear,"MEVA COLLEGE, EAST END MAIN ROAD, JAYANAGAR 4TH T BLOCK",TREE,47,0.0,0.0
Bengaluru City,Mico Layout Traffic PS,1.04432e+16,2017,1,2,Road Accidents,Junction,City/Town,Near Petrol Pump,Human Error,Yes,Grievous Injury,Rear end,Controlled,Straight and flat,City or Town Road,Bitumen(Tar),Dry,No influence on accident,Clear,"OPP TO PETROL BUNK, 16TH MAIN JN,",ELECTRIC POLE,65,0.0,0.0
Bengaluru City,Mico Layout Traffic PS,1.04432e+16,2017,1,1,Road Accidents,Other,City/Town,Near Hospital,Human Error,No,Simple Injury,Rear end,Uncontrolled,Straight and flat,City or Town Road,Bitumen(Tar),Others,No influence on accident,Fine,BYRASANDRA MAIN ROAD,LAKSMI VENKATESWAR STORE,32,0.0,0.0
Bengaluru City,Mico Layout Traffic PS,1.04432e+16,2017,1,2,Road Accidents,Narrow road,City/Town,Near a religious place,Human Error,Yes,Damage Only,Rear end,Uncontrolled,Straight and flat,City or Town Road,Bitumen(Tar),Dry,Not Applicable,Clear,"MUNESHWARA TEMPLE, DR MARI GOWDA ROAD, BANGALORE CITY",ELECTRIC POLE,65,0.0,0.0
Bengaluru City,Mico Layout Traffic PS,1.04432e+16,2017,1,2,Road Accidents,Road hump or Rumble strips,City/Town,Residential area,Human Error,Yes,Grievous Injury,Hit and Run,Uncontrolled,Straight and flat,City or Town Road,Bitumen(Tar),Dry,No influence on accident,Fine,DR.VISWESVARAYYA ROAD,ELECTRIC POLE,68,0.0,0.0
Bengaluru City,Mico Layout Traffic PS,1.04432e+16,2017,1,1,Road Accidents,Other,City/Town,In bazaar,Human Error,Yes,Fatal,Hit pedestrian,Uncontrolled,Straight and flat,City or Town Road,Bitumen(Tar),Dry,No influence on accident,Clear,"K R CHICKEN CENTER, SUMA CLINIC, TAVAREKERE MN RD,",ELECTRIC POLE,54,0.0,0.0
Bengaluru City,Mico Layout Traffic PS,1.04432e+16,2017,1,2,Road Accidents,Narrow road,City/Town,Near office complex,Human Error,Yes,Grievous Injury,Rear end,Uncontrolled,Straight and flat,City or Town Road,Bitumen(Tar),Dry,Not Applicable,Clear,"OPPOSITE TO HSBC GATE, AREKERE",ELECTRIC POLE,25,0.0,0.0
Bengaluru City,Mico Layout Traffic PS,1.04432e+16,2017,1,1,Road Accidents,T Junction,City/Town,Residential area,Human Error,Yes,Grievous Injury,Hit pedestrian,Uncontrolled,Straight and flat,City or Town Road,Bitumen(Tar),Dry,Not Applicable,Clear,"EAST END MAIN ROAD, JAYANAGAR 4TH T BLK",ELECTRIC POLE,80,0.0,0.0
Bengaluru City,Mico Layout Traffic PS,1.04432e+16,2017,1,1,Road Accidents,Bridge,City/Town,Near Hospital,Human Error,No,Grievous Injury,Skidding or Self accident,Uncontrolled,Straight and flat,City or Town Road,Bitumen(Tar),Dry,Not Applicable,Clear,"JAYADEVA HOSPITAL, B G ROAD, BANGALORE CITY",STREET LIGHT,46,0.0,0.0
Bengaluru City,Mico Layout Traffic PS,1.04432e+16,2017,1,2,Road Accidents,T Junction,City/Town,Near a recreation place/cinema,Human Error,No,Grievous Injury,Rear end,Controlled,Straight and flat,City or Town Road,Bitumen(Tar),Dry,Not Applicable,Clear,"TAVAREKERE MAIN ROAD, DR MARI GOWDA MN RD",ELECTRIC POLE,25,0.0,0.0
Bengaluru City,Mico Layout Traffic PS,1.04432e+16,2017,1,1,Road Accidents,Narrow road,City/Town,Near Bus stop,Human Error,No,Fatal,Hit pedestrian,Uncontrolled,Straight and flat,City or Town Road,Bitumen(Tar),Dry,No influence on accident,Clear,"OPPOSITE TO POORVIKA MOBILES, BILEKAHALLI, B G ROAD, BANGALORE CITY",STREET LIGHT,41,0.0,0.0
Bengaluru City,Mico Layout Traffic PS,1.04432e+16,2017,1,2,Road Accidents,Other,City/Town,Near Hospital,Human Error,No,Grievous Injury,Others,Uncontrolled,Straight and flat,City or Town Road,Bitumen(Tar),Others,No influence on accident,Fine,26TH MAIN ROAD,ELECTRIC POLE,44,0.0,0.0
Bengaluru City,Mico Layout Traffic PS,1.04432e+16,2017,1,2,Road Accidents,Junction,City/Town,Near Bus stop,Human Error,No,Damage Only,Side impact or Right angle,Uncontrolled,Straight and flat,City or Town Road,Bitumen(Tar),Dry,No influence on accident,Clear,"PUMP HOUSE BUS STOP, EAST END MN RD, JYN 9TH T BLOCK",ELECTRIC POLE,44,0.0,0.0
Bengaluru City,Mico Layout Traffic PS,1.04432e+16,2017,1,1,Road Accidents,Junction,City/Town,Near a factory industrial area,Human Error,No,Grievous Injury,Hit pedestrian,Controlled,Straight and flat,City or Town Road,Bitumen(Tar),Dry,No influence on accident,Clear,"BANGALORE DAIRY CIRCLE, B G ROAD,",SIGNAL LIGHT,30,0.0,0.0
Bengaluru City,Mico Layout Traffic PS,1.04432e+16,2017,1,2,Road Accidents,Other,City/Town,Residential area,Human Error,Yes,Simple Injury,Hit and Run,Controlled,Straight and flat,City or Town Road,Bitumen(Tar),Others,No influence on accident,Fine,VIJAYBANKLYT ROAD,S B I BANK,49,0.0,0.0
Bengaluru City,Mico Layout Traffic PS,1.04432e+16,2017,1,2,Road Accidents,Other,City/Town,Residential area,Human Error,Yes,Simple Injury,Hit and Run,Uncontrolled,Straight and flat,City or Town Road,Bitumen(Tar),Dry,No influence on accident,Fine,26TH MAIN ROAD,STREET LIGHT,44,0.0,0.0
Bengaluru City,Mico Layout Traffic PS,1.04432e+16,2017,1,1,Road Accidents,Other,City/Town,Near School or College,Human Error,No,Grievous Injury,Hit pedestrian,Controlled,Straight and flat,City or Town Road,Bitumen(Tar),Dry,No influence on accident,Clear,"OPPOSITE TO IIM COMPOUND, DR VISVESHWARAYA MN RD, VIJAYA BANK LAYOUT,",TREE,32,0.0,0.0
Bengaluru City,Mico Layout Traffic PS,1.04432e+16,2017,1,2,Road Accidents,Junction,City/Town,Near Hospital,Human Error,Yes,Grievous Injury,Hit and Run,Controlled,Straight and flat,City or Town Road,Bitumen(Tar),Dry,Not Applicable,Fine,"SAGAR HOSPITAL JUNCTION, B G ROAD,",SOLAR SIGNAL LIGHT,49,0.0,0.0
Bengaluru City,Mico Layout Traffic PS,1.04432e+16,2017,1,2,Road Accidents,Other,City/Town,Residential area,Human Error,Yes,Damage Only,Hit and Run,Uncontrolled,Straight and flat,City or Town Road,Bitumen(Tar),Dry,No influence on accident,Clear,"6TH CROSS, NS PALYA MN RD,",ELECTRIC POLE,49,0.0,0.0
Bengaluru City,Mico Layout Traffic PS,1.04432e+16,2017,1,2,Road Accidents,T Junction,City/Town,Near a recreation place/cinema,Human Error,No,Damage Only,Rear end,Controlled,Straight and flat,City or Town Road,Bitumen(Tar),Dry,Not Applicable,Clear,"J D MARA JUNCTION, B G ROAD,",ELECTRIC POLE,40,0.0,0.0
Bengaluru City,Mico Layout Traffic PS,1.04432e+16,2017,1,2,Road Accidents,T Junction,City/Town,Near a recreation place/cinema,Human Error,Yes,Damage Only,Hit and Run,Controlled,Straight and flat,City or Town Road,Bitumen(Tar),Dry,No influence on accident,Clear,"J D MARA JUNCTION, B G ROAD",ELECTRIC POLE,30,0.0,0.0
Bengaluru City,Mico Layout Traffic PS,1.04432e+16,2017,1,2,Road Accidents,Junction,City/Town,Near Bus stop,Human Error,No,Grievous Injury,Rear end,Uncontrolled,Straight and flat,City or Town Road,Bitumen(Tar),Others,No influence on accident,Fine,BANNERUGHATTA MAIN ROAD,SONY CENTER,54,0.0,0.0
Bengaluru City,Mico Layout Traffic PS,1.04432e+16,2017,1,2,Road Accidents,Other,City/Town,Near Bus stop,Human Error,No,Simple Injury,Others,Uncontrolled,Others,City or Town Road,Bitumen(Tar),Others,No influence on accident,Fine,B G RAOD,RELAINCE SMART COMPLEX,15,0.0,0.0
Bengaluru City,Mico Layout Traffic PS,1.04432e+16,2017,1,1,Road Accidents,Junction,City/Town,Near a recreation place/cinema,Human Error,No,Grievous Injury,Hit pedestrian,Police / Manual,Straight and flat,City or Town Road,Bitumen(Tar),Dry,No influence on accident,Clear,"GD MARA JUNCTION, B G ROAD,",ELECTRIC POLE,40,0.0,0.0
Bengaluru City,Mico Layout Traffic PS,1.04432e+16,2017,1,2,Road Accidents,Not Applicable,City/Town,Near a religious place,Human Error,Yes,Damage Only,Rear end,Controlled,Straight and flat,City or Town Road,Bitumen(Tar),Dry,Not Applicable,Clear,"BILAL MASJID JN, GURAPPANAPALYA JN, B G ROAD",STREET LIGHT,37,0.0,0.0
Bengaluru City,Mico Layout Traffic PS,1.04432e+16,2017,1,2,Road Accidents,Other,City/Town,Near Hospital,Human Error,No,Damage Only,Rear end,Uncontrolled,Straight and flat,City or Town Road,Bitumen(Tar),Dry,No influence on accident,Clear,"OPPOSITE TO FORTIS HOSPITAL, B G ROAD,",STREET LIGHT,18,0.0,0.0
Bengaluru City,Mico Layout Traffic PS,1.04432e+16,2017,1,2,Road Accidents,T Junction,City/Town,Near a religious place,Human Error,Yes,Not Applicable,Hit and Run,Police / Manual,Straight and flat,City or Town Road,Bitumen(Tar),Dry,Not Applicable,Clear,"NEAR UCO BANK, GURAPPANAPALYA, B G ROAD,",STREET LIGTH,28,0.0,0.0
Bengaluru City,Mico Layout Traffic PS,1.04432e+16,2017,1,1,Road Accidents,Not Applicable,City/Town,Near office complex,Human Error,No,Grievous Injury,Hit pedestrian,Uncontrolled,Straight and flat,City or Town Road,Bitumen(Tar),Dry,No influence on accident,Clear,"LABOUR OFFICE, B G ROAD,",ELECTRIC POLE,34,0.0,0.0
Bengaluru City,Mico Layout Traffic PS,1.04432e+16,2017,1,2,Road Accidents,Other,City/Town,Near a recreation place/cinema,Human Error,No,Damage Only,Rear end,Uncontrolled,Straight and flat,City or Town Road,Bitumen(Tar),Dry,No influence on accident,Clear,"NEAR MADIWALA LAKE, 29TH MAIN ROAD, BTM 2ND STG",ELECTRIC POLE,54,0.0,0.0
Bengaluru City,Mico Layout Traffic PS,1.04432e+16,2017,1,2,Road Accidents,Junction,City/Town,Residential area,Human Error,No,Damage Only,Hit parked vehicle,Uncontrolled,Straight and flat,City or Town Road,Bitumen(Tar),Dry,Not Applicable,Clear,"41ST CROSS, EAST END A MAIN ROAD,",ELECTRIC POLE,51,0.0,0.0
Bengaluru City,Mico Layout Traffic PS,1.04432e+16,2017,1,1,Road Accidents,Other,City/Town,Near Hospital,Human Error,Yes,Simple Injury,Hit and Run,Not at  Junction,Straight and flat,City or Town Road,Bitumen(Tar),Others,No influence on accident,Fine,BANNERUGHATTA MAIN ROAD,L J AYYANGAR BEKLARY,19,0.0,0.0
Bengaluru City,Mico Layout Traffic PS,1.04432e+16,2017,1,2,Road Accidents,Junction,City/Town,Near Bus stop,Human Error,No,Damage Only,Rear end,Controlled,Straight and flat,City or Town Road,Bitumen(Tar),Dry,No influence on accident,Fine,16TH MAIN ROAD,A2BHOTEL,44,0.0,0.0
Bengaluru City,Mico Layout Traffic PS,1.04432e+16,2017,1,2,Road Accidents,Not Applicable,City/Town,Near Bus stop,Human Error,No,Grievous Injury,Side impact or Right angle,Police / Manual,Straight and flat,City or Town Road,Bitumen(Tar),Dry,No influence on accident,Fine,"BISMILLANAGAR JN, B G ROAD",CARMEL CONVENT,33,0.0,0.0
Bengaluru City,Mico Layout Traffic PS,1.04432e+16,2017,1,2,Road Accidents,Junction,City/Town,Near a recreation place/cinema,Human Error,No,Simple Injury,Rear end,Uncontrolled,Straight and flat,City or Town Road,Bitumen(Tar),Dry,No influence on accident,Fine,29TH MAIN ROAD,ELECTRIC POLE,28,0.0,0.0
Bengaluru City,Mico Layout Traffic PS,1.04432e+16,2017,1,1,Road Accidents,T Junction,City/Town,Residential area,Human Error,No,Grievous Injury,Others,Uncontrolled,Straight and flat,City or Town Road,Bitumen(Tar),Dry,No influence on accident,Clear,"ANJENAYA TEMPLE, NS PALYA, BTM 2ND STG",ELECTRIC POLE,35,0.0,0.0
Bengaluru City,Mico Layout Traffic PS,1.04432e+16,2017,1,2,Road Accidents,T Junction,City/Town,Near School or College,Human Error,Yes,Grievous Injury,Side impact or Right angle,Uncontrolled,Straight and flat,City or Town Road,Bitumen(Tar),Dry,Not Applicable,Clear,"CHRIST LANE & TAVAREKERE MAIN ROAD, BANGALORE CITY",ELECTRIC POLE,45,0.0,0.0
Bengaluru City,Mico Layout Traffic PS,1.04432e+16,2017,1,3,Road Accidents,Junction,City/Town,Near Petrol Pump,Human Error,No,Damage Only,Rear end,Uncontrolled,Straight and flat,City or Town Road,Bitumen(Tar),Dry,Not Applicable,Clear,"ADVAITH PETROL BUNK, 31ST CROSS ROAD, JAYANAGAR 4TH T BLOCK",ELECTRIC POLE,46,0.0,0.0
Bengaluru City,Mico Layout Traffic PS,1.04432e+16,2017,1,2,Road Accidents,Junction,City/Town,Near School or College,Human Error,Yes,Damage Only,Hit and Run,Controlled,Straight and flat,City or Town Road,Bitumen(Tar),Dry,No influence on accident,Clear,"BANGALORE DAIRY JUNCTION, MARIGOWDA MN RD, BANGALORE CITY",OVER BRIDGE,22,0.0,0.0
Bengaluru City,Mico Layout Traffic PS,1.04432e+16,2017,1,1,Road Accidents,Other,City/Town,Near Petrol Pump,Human Error,No,Fatal,Hit pedestrian,Uncontrolled,Straight and flat,City or Town Road,Bitumen(Tar),Dry,No influence on accident,Clear,"RELIANCE FRESH, BTM 100 FEET RING ROAD,",STREET LIGHT,70,0.0,0.0
Bengaluru City,Mico Layout Traffic PS,1.04432e+16,2017,1,2,Road Accidents,T Junction,City/Town,Near Hospital,Human Error,No,Grievous Injury,Rear end,Uncontrolled,Straight and flat,City or Town Road,Bitumen(Tar),Dry,No influence on accident,Clear,"OPPOSITE TO RAINBOW HOSPITAL, B G ROAD",STREET LIGHT,70,0.0,0.0
Bengaluru City,Mico Layout Traffic PS,1.04432e+16,2017,1,2,Road Accidents,T Junction,City/Town,Residential area,Human Error,Yes,Simple Injury,Head on,Uncontrolled,Straight and flat,City or Town Road,Bitumen(Tar),Dry,No influence on accident,Clear,"14TH MAIN ROAD, IKOOBANAGAR, BTM 1ST STG",TREE,22,0.0,0.0
Bengaluru City,Mico Layout Traffic PS,1.04432e+16,2017,1,1,Road Accidents,Not Applicable,City/Town,Near Bus stop,Human Error,No,Grievous Injury,Hit pedestrian,Uncontrolled,Straight and flat,City or Town Road,Bitumen(Tar),Dry,No influence on accident,Fine,"DR. MARIGOWDA ROAD, OPP BANGALORE DAIRY COMPOUND",BANGALORE DAIRY FLYOVER,30,0.0,0.0
Bengaluru City,Mico Layout Traffic PS,1.04432e+16,2017,1,2,Road Accidents,Junction,City/Town,Near a recreation place/cinema,Human Error,No,Grievous Injury,Side impact or Right angle,Uncontrolled,Straight and flat,City or Town Road,Bitumen(Tar),Dry,Not Applicable,Clear,"OPP TO BANGALORE CENTRAL, MARENAHALLI 100 FT RING ROAD, BANGALORE CITY",ELECTRIC POLE,75,0.0,0.0
Bengaluru City,Mico Layout Traffic PS,1.04432e+16,2017,1,2,Road Accidents,Not Applicable,City/Town,Near a religious place,Human Error,No,Grievous Injury,Hit pedestrian,Uncontrolled,Straight and flat,City or Town Road,Bitumen(Tar),Dry,No influence on accident,Clear,"MUNESHWARA TEMPLE, DR MARI GOWDA MN RD",STREET LIGHT,87,0.0,0.0
Bengaluru City,Mico Layout Traffic PS,1.04432e+16,2017,1,2,Road Accidents,Narrow road,City/Town,Near office complex,Human Error,Yes,Grievous Injury,Rear end,Uncontrolled,Straight and flat,City or Town Road,Bitumen(Tar),Dry,Not Applicable,Clear,"OPPOSITE TO ACCENTURE COMPANY, B G ROAD,",ELECTRIC POLE,40,0.0,0.0
Bengaluru City,Mico Layout Traffic PS,1.04432e+16,2017,1,1,Road Accidents,T Junction,City/Town,Near a recreation place/cinema,Human Error,Yes,Fatal,Hit pedestrian,Uncontrolled,Straight and flat,City or Town Road,Bitumen(Tar),Dry,Not Applicable,Clear,"OPP TO UPAHARA SAGAR HOTEL, EAST END MAIN ROAD,",ELECTRIC POLE,49,0.0,0.0
Bengaluru City,Mico Layout Traffic PS,1.04432e+16,2017,1,1,Road Accidents,Other,City/Town,In bazaar,Human Error,No,Grievous Injury,Hit and Run,Uncontrolled,Straight and flat,City or Town Road,Bitumen(Tar),Dry,No influence on accident,Fine,"OPP  TO BF, BANNERUGHATTA MAIN ROAD",STREET LIGHT,73,0.0,0.0
Bengaluru City,Mico Layout Traffic PS,1.04432e+16,2017,1,2,Road Accidents,T Junction,City/Town,Near a religious place,Human Error,Yes,Grievous Injury,Side impact or Right angle,Uncontrolled,Straight and flat,City or Town Road,Bitumen(Tar),Dry,No influence on accident,Fine,"GURAPPANAPALYA, BANNERUGHATTA MAIN ROAD",ELECTRIC POLE,85,0.0,0.0
Bengaluru City,Mico Layout Traffic PS,1.04432e+16,2017,1,2,Road Accidents,Junction,City/Town,Residential area,Human Error,No,Simple Injury,Side impact or Right angle,Uncontrolled,Straight and flat,City or Town Road,Bitumen(Tar),Dry,No influence on accident,Clear,"36TH CR 20TH MN JN, JYN 4TH T BLK",ELECTRIC POLE,31,0.0,0.0
Bengaluru City,Mico Layout Traffic PS,1.04432e+16,2018,1,2,Road Accidents,Not Applicable,City/Town,Near Bus stop,Human Error,No,Grievous Injury,Hit pedestrian,Uncontrolled,Straight and flat,City or Town Road,Bitumen(Tar),Dry,No influence on accident,Clear,"OPPOSITE TO POORVIKA MOBILES, BILEKAHALLI, B G ROAD, BANGALORE CITY",STREET LIGHT,50,0.0,0.0
Bengaluru City,Mico Layout Traffic PS,1.04432e+16,2018,1,2,Road Accidents,Narrow road,City/Town,Near office complex,Human Error,No,Damage Only,Rear end,Uncontrolled,Straight and flat,City or Town Road,Bitumen(Tar),Dry,Not Applicable,Clear,"OPPOSITE TO ACCENTURE, B G ROAD, BANGALORE CITY",ELECTRIC POLE,35,0.0,0.0
Bengaluru City,Mico Layout Traffic PS,1.04432e+16,2018,1,2,Road Accidents,Junction,City/Town,Residential area,Human Error,Yes,Simple Injury,Hit and Run,Uncontrolled,Straight and flat,City or Town Road,Bitumen(Tar),Dry,No influence on accident,Clear,"22TH MN, 40TH CR JUNCTION, JAYANAGAR 9TH BLOCK,",ELECTRIC POLE,36,0.0,0.0
Bengaluru City,Mico Layout Traffic PS,1.04432e+16,2018,1,2,Road Accidents,T Junction,City/Town,Residential area,Human Error,Yes,Grievous Injury,Hit and Run,Uncontrolled,Straight and flat,City or Town Road,Bitumen(Tar),Dry,Not Applicable,Clear,"36TH CR, 20TH MN, JYN 4TH T BLOCK,",ELECTRIC POLE,79,0.0,0.0
Bengaluru City,Mico Layout Traffic PS,1.04432e+16,2018,1,1,Road Accidents,T Junction,City/Town,Residential area,Human Error,Yes,Grievous Injury,Hit and Run,Uncontrolled,Straight and flat,City or Town Road,Bitumen(Tar),Dry,Not Applicable,Clear,"MADIWALA LAKE ROAD, BTM 2ND STAGE, BANGALORE CITY",ELECTRIC POLE,26,0.0,0.0
Bengaluru City,Mico Layout Traffic PS,1.04432e+16,2018,1,2,Road Accidents,Junction,City/Town,Near a factory industrial area,Human Error,No,Grievous Injury,Side impact or Right angle,Uncontrolled,Straight and flat,City or Town Road,Bitumen(Tar),Dry,No influence on accident,Clear,"2ND CR, VIJAYABANK MN RD, SHANBBHOOGNAGAPPA LYT, BILEKAHALLI,",ELECTRIC POLE,36,0.0,0.0
Bengaluru City,Mico Layout Traffic PS,1.04432e+16,2018,1,2,Road Accidents,Other,City/Town,Near office complex,Human Error,Yes,Grievous Injury,Side impact or Right angle,Uncontrolled,Straight and flat,City or Town Road,Bitumen(Tar),Dry,No influence on accident,Clear,"KARMIKA BHAVAN, B G ROAD,",ELECTRIC POLE,34,0.0,0.0
Bengaluru City,Mico Layout Traffic PS,1.04432e+16,2018,1,2,Road Accidents,Circle,City/Town,Near Hospital,Human Error,No,Simple Injury,Others,Controlled,Straight and flat,City or Town Road,Bitumen(Tar),Others,No influence on accident,Fine,BANNERUGHATTA MAIN ROAD,MISHARA PEDA SHOP,69,0.0,0.0
Bengaluru City,Mico Layout Traffic PS,1.04432e+16,2018,1,2,Road Accidents,Road hump or Rumble strips,City/Town,Near Bus stop,Human Error,Yes,Grievous Injury,Hit and Run,Uncontrolled,Straight and flat,City or Town Road,Bitumen(Tar),Others,No influence on accident,Fine,DR.MARIGOWDA MAIN ROAD,ELECTRIC POLE,48,0.0,0.0
Bengaluru City,Mico Layout Traffic PS,1.04432e+16,2018,1,2,Road Accidents,T Junction,City/Town,Near office complex,Human Error,No,Damage Only,Side impact or Right angle,Police / Manual,Straight and flat,City or Town Road,Bitumen(Tar),Dry,Not Applicable,Clear,"HSBC JUNCTION, B G ROAD,",STREET LIGHT,49,0.0,0.0
Bengaluru City,Mico Layout Traffic PS,1.04432e+16,2018,1,2,Road Accidents,T Junction,City/Town,Near Hospital,Human Error,No,Grievous Injury,Side impact or Right angle,Controlled,Straight and flat,City or Town Road,Bitumen(Tar),Dry,Not Applicable,Clear,"OPPOSITE TO SAGAR HOSPITAL, SWAGATH MN RD,",TREE,86,0.0,0.0
Bengaluru City,Mico Layout Traffic PS,1.04432e+16,2018,1,2,Road Accidents,T Junction,City/Town,Near a recreation place/cinema,Human Error,No,Grievous Injury,Hit pedestrian,Police / Manual,Straight and flat,City or Town Road,Bitumen(Tar),Dry,Not Applicable,Clear,"RUBY JUNCTION, B G ROAD, BANGALORE CITY",ELECTRIC POLE,30,0.0,0.0
Bengaluru City,Mico Layout Traffic PS,1.04432e+16,2018,1,1,Road Accidents,Other,City/Town,Near Hospital,Human Error,Yes,Grievous Injury,Hit and Run,Police / Manual,Straight and flat,City or Town Road,Bitumen(Tar),Dry,Not Applicable,Clear,"NR IIMB, B G ROAD, BANGALORE CITY",TREE,34,0.0,0.0
Bengaluru City,Mico Layout Traffic PS,1.04432e+16,2018,1,2,Road Accidents,Other,City/Town,Near Hospital,Human Error,Yes,Simple Injury,Hit and Run,Uncontrolled,Straight and flat,City or Town Road,Bitumen(Tar),Dry,No influence on accident,Fine,SARVABOUMA MAIN ROAD,IIMB COMPUOND,15,0.0,0.0
Bengaluru City,Mico Layout Traffic PS,1.04432e+16,2018,1,1,Road Accidents,Other,City/Town,Near Bus stop,Human Error,Yes,Grievous Injury,Hit and Run,Uncontrolled,Straight and flat,City or Town Road,Bitumen(Tar),Others,No influence on accident,Fine,D C HALLI MAIN ROAD,NETRAVATHI BLACK,84,0.0,0.0
Bengaluru City,Mico Layout Traffic PS,1.04432e+16,2018,1,2,Road Accidents,T Junction,City/Town,Residential area,Human Error,Yes,Grievous Injury,Side impact or Right angle,Uncontrolled,Straight and flat,City or Town Road,Bitumen(Tar),Dry,No influence on accident,Clear,"5TH CROSS 16TH MN JUNCTION, BTM 2ND STAGE,",ELECTRIC POLE,40,0.0,0.0
Bengaluru City,Mico Layout Traffic PS,1.04432e+16,2018,1,2,Road Accidents,Other,City/Town,Residential area,Human Error,Yes,Simple Injury,Hit and Run,Uncontrolled,Straight and flat,City or Town Road,Bitumen(Tar),Others,No influence on accident,Fine,TAVARAKERE MAIN ROAD,SHANTHI PARADISE APTS,32,0.0,0.0
Bengaluru City,Mico Layout Traffic PS,1.04432e+16,2018,1,2,Road Accidents,Bridge,City/Town,Near office complex,Human Error,No,Damage Only,Rear end,Uncontrolled,Straight and flat,City or Town Road,Bitumen(Tar),Dry,No influence on accident,Clear,"OPPOSITE TO LABOUR OFFICER, NR BLORE DAIRY, B G ROAD",STREET LIGHT,60,0.0,0.0
Bengaluru City,Mico Layout Traffic PS,1.04432e+16,2018,1,1,Road Accidents,Narrow road,City/Town,Near a recreation place/cinema,Human Error,Yes,Grievous Injury,Hit and Run,Uncontrolled,Straight and flat,City or Town Road,Bitumen(Tar),Dry,No influence on accident,Clear,"OPPOSITE TO GOPALAN MALL, B G ROAD,",STREET LIGHT,39,0.0,0.0
Bengaluru City,Mico Layout Traffic PS,1.04432e+16,2018,1,1,Road Accidents,Other,City/Town,Residential area,Human Error,Yes,Simple Injury,Hit and Run,Uncontrolled,Straight and flat,City or Town Road,Bitumen(Tar),Others,No influence on accident,Fine,KODICHIKKANAHALLI MAIN ROAD,ELECTRIC POLE,18,0.0,0.0
Bengaluru City,Mico Layout Traffic PS,1.04432e+16,2018,1,2,Road Accidents,Junction,City/Town,Near Bus stop,Human Error,No,Damage Only,Rear end,Uncontrolled,Straight and flat,City or Town Road,Bitumen(Tar),Dry,No influence on accident,Fine,29TH MAIN ROAD,ELECTRIC POLE,27,0.0,0.0
Bengaluru City,Mico Layout Traffic PS,1.04432e+16,2018,1,2,Road Accidents,Junction,City/Town,Residential area,Human Error,No,Grievous Injury,Side impact or Right angle,Uncontrolled,Straight and flat,City or Town Road,Bitumen(Tar),Dry,No influence on accident,Clear,"39TH CROSS, 22ND MAIN, JAYANAGAR 4TH T BLOCK,",ELECTRIC POLE,24,0.0,0.0
Bengaluru City,Mico Layout Traffic PS,1.04432e+16,2018,1,2,Road Accidents,T Junction,City/Town,Near a religious place,Not Applicable,Yes,Simple Injury,Side impact or Right angle,Uncontrolled,Straight and flat,City or Town Road,Bitumen(Tar),Dry,Not Applicable,Clear,"OPPOSITE TO AYYAPPA SWAMY TEMPLE, TAVAREKERE MAIN ROAD, BANGALORE CITY",TREE,63,0.0,0.0
Bengaluru City,Mico Layout Traffic PS,1.04432e+16,2018,1,2,Road Accidents,Other,City/Town,Near office complex,Human Error,Yes,Fatal,Side impact or Right angle,Uncontrolled,Straight and flat,City or Town Road,Bitumen(Tar),Dry,No influence on accident,Clear,"OPPOSITE HONEYWELL, NR IIM, B G ROAD",TREE,34,0.0,0.0
Bengaluru City,Mico Layout Traffic PS,1.04432e+16,2018,1,2,Road Accidents,Junction,City/Town,Residential area,Human Error,No,Damage Only,Side impact or Right angle,Uncontrolled,Straight and flat,City or Town Road,Bitumen(Tar),Dry,No influence on accident,Clear,"22ND MAIN, 39TH CROSS JN, JAYANAGAR 9TH BLOCK",ELECTRIC POLE,30,0.0,0.0
Bengaluru City,Mico Layout Traffic PS,1.04432e+16,2018,1,2,Road Accidents,T Junction,City/Town,Near Hospital,Human Error,No,Grievous Injury,Side impact or Right angle,Controlled,Straight and flat,City or Town Road,Bitumen(Tar),Dry,No influence on accident,Clear,"HSBC JUNCTION, B G ROAD,",TREE,82,0.0,0.0
Bengaluru City,Mico Layout Traffic PS,1.04432e+16,2018,1,2,Road Accidents,T Junction,City/Town,Residential area,Human Error,Yes,Grievous Injury,Head on,Uncontrolled,Straight and flat,City or Town Road,Bitumen(Tar),Dry,No influence on accident,Fine,"17TH MAIN ROAD, BTM 1ST STG",ELECTRIC POLE,86,0.0,0.0
Bengaluru City,Mico Layout Traffic PS,1.04432e+16,2018,1,2,Road Accidents,Other,City/Town,Near office complex,Human Error,No,Grievous Injury,Right Turn Collision,Uncontrolled,Straight and flat,City or Town Road,Bitumen(Tar),Others,No influence on accident,Fine,16TH MAIN ROAD,STREET LIGHT,53,0.0,0.0