DISTRICTNAME,UNITNAME,Crime_No,Year,RI,Noofvehicle_involved,Accident_Classification,Accident_Spot,Accident_Location,Accident_SubLocation,Main_Cause,Hit_Run,Severity,Collision_Type,Junction_Control,Road_Character,Road_Type,Surface_Type,Surface_Condition,Road_Condition,Weather,Accident_Road,Landmark_first,Distance_LandMark_First,Latitude,Longitude
Bengaluru City,Peenya Traffic PS,1.04432e+16,2016,1,2,Road Accidents,Narrow road,City/Town,Open area,Vehicle Defect,Not Applicable,Damage Only,Head on,Not at  Junction,Straight and flat,City or Town Road,Bitumen(Tar),Dry,No influence on accident,Fine,#510 4TH CROSS 2 ND MAIN,14TH CROSS BHATTARA HOTEL,30FEET,13.01521056,77.49951296
Bengaluru City,Peenya Traffic PS,1.04432e+16,2016,1,2,Road Accidents,Narrow road,City/Town,At pedestrian Crossing,Human Error,No,Grievous Injury,Overturning,Controlled,Straight and flat,City or Town Road,Bitumen(Tar),Dry,Not Applicable,Fine,CHOKKASANDRA  NEAR NH4,DASARAHALLI LAKE,30FEET,0.0,0.0
Bengaluru City,Peenya Traffic PS,1.04432e+16,2016,1,1,Road Accidents,Narrow road,City/Town,Open area,Human Error,No,Grievous Injury,Hit pedestrian,Controlled,Straight and flat,City or Town Road,Bitumen(Tar),Dry,No influence on accident,Fine,8TH MILE JUNCTION NH4,RR PETROL BUNK,30FEET,13.04539698,77.50722719
Bengaluru City,Peenya Traffic PS,1.04432e+16,2016,1,2,Road Accidents,Narrow road,City/Town,Narrow bridge or culverts,Human Error,No,Simple Injury,Head on,Not at  Junction,Straight and flat,City or Town Road,Bitumen(Tar),Dry,No influence on accident,Fine,NH4 PEENYA FLYOVER H CROSS,ABHILASH BAR&RESTORENT,40feet,13.04534489,77.50724326
Bengaluru City,Peenya Traffic PS,1.04432e+16,2016,1,2,Road Accidents,Narrow road,City/Town,Open area,Human Error,No,Grievous Injury,Head on,Not at  Junction,Straight and flat,City or Town Road,Bitumen(Tar),Dry,No influence on accident,Fine,KRISHNA CAKE PALACE OPP HESARGHATTA ROAD,KRISHNA CAKE PALACE OPP,20FEET,13.04790758,77.50787958
Bengaluru City,Peenya Traffic PS,1.04432e+16,2016,1,2,Road Accidents,Junction,City/Town,Open area,Human Error,Not Applicable,Damage Only,Others,Uncontrolled,Others,City or Town Road,Bitumen(Tar),Not Applicable,Not Applicable,Not Applicable,HESARAGHATTA MAIN ROAD,LAKSHMINARASHIMA BAKERY,25FEET,13.05601334,77.50748456
Bengaluru City,Peenya Traffic PS,1.04432e+16,2016,1,1,Road Accidents,Narrow road,City/Town,Open area,Human Error,Not Applicable,Simple Injury,Hit pedestrian,Signal lights Automatic,Not Applicable,NH,Bitumen(Tar),Not Applicable,Not Applicable,Not Applicable,NH-4,PRAKRUTHI MOTORS,30FEET,13.04081653,77.51760763
Bengaluru City,Peenya Traffic PS,1.04432e+16,2016,1,1,Road Accidents,Narrow road,City/Town,Open area,Human Error,No,Grievous Injury,Head on,Not at  Junction,Straight and flat,City or Town Road,Bitumen(Tar),Dry,No influence on accident,Fine,KARLE FACTORY OPP NH4,KARLE FACTORY OPP,40FEET,0.0,0.0
Bengaluru City,Peenya Traffic PS,1.04432e+16,2016,1,2,Road Accidents,Junction,City/Town,Near office complex,Human Error,Yes,Simple Injury,Hit and Run,Controlled,Not Applicable,City or Town Road,Bitumen(Tar),Dry,Not Applicable,Not Applicable,NH 4 SERVICE ROAD CHOKKASANDRA,NEAR AYYAPPA HOTEL,30FEET,13.04293386,77.51394553
Bengaluru City,Peenya Traffic PS,1.04432e+16,2016,1,2,Road Accidents,Narrow road,City/Town,Open area,Human Error,Yes,Grievous Injury,Rear end,Not at  Junction,Straight and flat,City or Town Road,Bitumen(Tar),Dry,No influence on accident,Fine,SEMILABS OPP 1ST CROSS PEENYA,SEMILABS,20FEET,13.03238596,77.51087293
Bengaluru City,Peenya Traffic PS,1.04432e+16,2016,1,1,Road Accidents,Narrow road,City/Town,Open area,Human Error,No,Grievous Injury,Hit pedestrian,Not at  Junction,Straight and flat,City or Town Road,Bitumen(Tar),Dry,No influence on accident,Fine,SRS JUNCTION PEENYA,SRS JUNCTION,20FEET,13.03424674,77.5294222
Bengaluru City,Peenya Traffic PS,1.04432e+16,2016,1,1,Road Accidents,Narrow road,City/Town,Near Bus stop,Human Error,No,Grievous Injury,Hit pedestrian,Not at  Junction,Straight and flat,City or Town Road,Bitumen(Tar),Dry,No influence on accident,Fine,OPP PETROLBUNK  SM CIRCLE,OPP PETROLBUNK,30FEET,13.03957093,77.51839246
Bengaluru City,Peenya Traffic PS,1.04432e+16,2016,1,1,Road Accidents,Narrow road,City/Town,Open area,Human Error,No,Grievous Injury,Head on,Not at  Junction,Straight and flat,City or Town Road,Bitumen(Tar),Dry,No influence on accident,Fine,PIPELANE ROAD,DAVANAGERE BENNE DOSE,15FEET,13.05002212,77.51641335
Bengaluru City,Peenya Traffic PS,1.04432e+16,2016,1,2,Road Accidents,Junction,City/Town,Near a factory industrial area,Not Applicable,No,Grievous Injury,Hit bicyclist,Signal lights Automatic,Not Applicable,City or Town Road,Bitumen(Tar),Dry,Not Applicable,Fine,NADNI MALIK PRALAR,NADNI MALIK PRALAR,10FEET,13.02648227,77.51513672
Bengaluru City,Peenya Traffic PS,1.04432e+16,2016,1,3,Road Accidents,Junction,City/Town,Open area,Human Error,No,Simple Injury,Head on,Signal lights Automatic,Others,NH,Bitumen(Tar),Not Applicable,No influence on accident,Fine,NATIONAL HIGHWAY-4,KARAVALI HOTEL,85FEET,13.03804366,77.52214354
Bengaluru City,Peenya Traffic PS,1.04432e+16,2016,1,2,Not Applicable,Narrow road,City/Town,Near Hospital,Human Error,Yes,Grievous Injury,Hit bicyclist,Not at  Junction,Not Applicable,Residential Street,Bitumen(Tar),Not Applicable,Not Applicable,Fine,MALLASANDRA MAIN ROAD,ARUNODAYA HOSPITAL,5FEET,13.05690116,77.50851512
Bengaluru City,Peenya Traffic PS,1.04432e+16,2016,1,1,Road Accidents,Narrow road,City/Town,Residential area,Human Error,Yes,Simple Injury,Hit pedestrian,Not at  Junction,Not Applicable,Residential Street,Bitumen(Tar),Not Applicable,Not Applicable,Fine,LAGGERE RING ROAD,B BEST SCHOOL,10FEET,13.00050266,77.52078232
Bengaluru City,Peenya Traffic PS,1.04432e+16,2016,1,1,Road Accidents,Circle,City/Town,Near Bus stop,Human Error,Yes,Grievous Injury,Others,Police / Manual,Others,NH,Bitumen(Tar),Others,Not Applicable,Others,NH4,TUMKUR ROAD,40FT,13.04724764,77.50223393
Bengaluru City,Peenya Traffic PS,1.04432e+16,2016,1,2,Road Accidents,Narrow road,City/Town,Near office complex,Human Error,Not Applicable,Grievous Injury,Head on,Not at  Junction,Straight and flat,City or Town Road,Bitumen(Tar),Dry,No influence on accident,Fine,OPP ANNAPOORNESHWARI BEKARI,ANNAPOORNESHWARI BEKARI,5FEET,13.05677806,77.5072378
Bengaluru City,Peenya Traffic PS,1.04432e+16,2016,1,2,Road Accidents,Junction,City/Town,Near a factory industrial area,Human Error,Not Applicable,Grievous Injury,Others,Uncontrolled,Others,Mixed,Bitumen(Tar),Not Applicable,Not Applicable,Others,100 FEET ROAD,NEAR ABB FACTORY,10FEET,13.02994728,77.51904415
Bengaluru City,Peenya Traffic PS,1.04432e+16,2016,1,2,Road Accidents,Junction,City/Town,Open area,Human Error,No,Simple Injury,Head on,Not at  Junction,Straight and flat,City or Town Road,Bitumen(Tar),Dry,No influence on accident,Fine,SYSTEM BUSSTOP 100 FEET ROAD PIA,SYSTEM BUSSTOP,20FEET,13.03511844,77.51799657
Bengaluru City,Peenya Traffic PS,1.04432e+16,2016,1,2,Road Accidents,Junction,City/Town,Near Bus stop,Human Error,Not Applicable,Damage Only,Others,Signal lights Automatic,Not Applicable,NH,Bitumen(Tar),Not Applicable,Not Applicable,Others,NH-4,RADHIKA SWEETS,40FEET,13.03999213,77.51838986
Bengaluru City,Peenya Traffic PS,1.04432e+16,2016,1,2,Road Accidents,Narrow road,City/Town,Near a factory industrial area,Human Error,Not Applicable,Damage Only,Others,Give way sign,Not Applicable,NH,Bitumen(Tar),Not Applicable,Not Applicable,Not Applicable,NH-4,WIPRO GATE,40FEET,0.0,0.0
Bengaluru City,Peenya Traffic PS,1.04432e+16,2016,1,1,Road Accidents,Junction,City/Town,Open area,Human Error,Yes,Simple Injury,Hit pedestrian,No signal lights,Others,City or Town Road,Bitumen(Tar),Not Applicable,Not Applicable,Not Applicable,pipeline road laggere,Manjunath mens wear,20feet,12.99927617,77.52057689
Bengaluru City,Peenya Traffic PS,1.04432e+16,2016,1,2,Not Applicable,Narrow road,City/Town,Open area,Human Error,No,Grievous Injury,Head on,Not at  Junction,Straight and flat,City or Town Road,Bitumen(Tar),Dry,No influence on accident,Fine,KEMPEGOWDA ARCH,KEMPEGOWDA ARCH,0FEET,13.0049517,77.52677321
Bengaluru City,Peenya Traffic PS,1.04432e+16,2016,1,2,Road Accidents,Narrow road,City/Town,Near or inside a village,Human Error,No,Simple Injury,Hit pedestrian,Not at  Junction,Straight and flat,City or Town Road,Bitumen(Tar),Dry,No influence on accident,Fine,KENNAMETAL FACTROY,KENNAMETAL FACTROY,50FEET,13.05129659,77.50779756
Bengaluru City,Peenya Traffic PS,1.04432e+16,2016,1,2,Road Accidents,Narrow road,City/Town,Near School or College,Human Error,No,Simple Injury,Head on,Not at  Junction,Straight and flat,City or Town Road,Bitumen(Tar),Dry,No influence on accident,Fine,H CROSS JUNCTION,H CROSS JUNCTION,30FEET,13.04536036,77.50747353
Bengaluru City,Peenya Traffic PS,1.04432e+16,2016,1,2,Road Accidents,Narrow road,City/Town,Near Bus stop,Human Error,Yes,Grievous Injury,Hit bicyclist,Not at  Junction,Straight and flat,City or Town Road,Bitumen(Tar),Dry,No influence on accident,Fine,AMOGHA HOTEL OPP LAGGERE,AMOGHA FAST FOOD,10FEET,13.01247955,77.52161662
Bengaluru City,Peenya Traffic PS,1.04432e+16,2016,1,1,Road Accidents,Narrow road,City/Town,Open area,Human Error,No,Grievous Injury,Hit pedestrian,Not at  Junction,Straight and flat,City or Town Road,Bitumen(Tar),Dry,No influence on accident,Fine,GURHALAKSHMI LAYOUT NELADARANAHALLI,GANGASADYYA HOUSE,40FEET,13.03088247,77.50240379
Bengaluru City,Peenya Traffic PS,1.04432e+16,2016,1,2,Road Accidents,Narrow road,City/Town,Open area,Human Error,No,Damage Only,Head on,Not at  Junction,Straight and flat,City or Town Road,Bitumen(Tar),Dry,No influence on accident,Fine,NH4 FLYOVER DASARAHALLI,SOUDARYA HOTEL,30FEET,0.0,0.0
Bengaluru City,Peenya Traffic PS,1.04432e+16,2016,1,2,Road Accidents,Narrow road,City/Town,Narrow bridge or culverts,Vehicle Defect,No,Damage Only,Head on,Not at  Junction,Straight and flat,City or Town Road,Bitumen(Tar),Dry,No influence on accident,Fine,NH4 PS JUNCTION  PEENYA,SAI GRAND HOTEL,30FEET,13.03787732,77.5218945
Bengaluru City,Peenya Traffic PS,1.04432e+16,2016,1,1,Road Accidents,Junction,City/Town,Open area,Human Error,No,Grievous Injury,Hit pedestrian,Signal lights Automatic,Not Applicable,City or Town Road,Bitumen(Tar),Not Applicable,Not Applicable,Fine,100FEET ROAD,MERCK FACTORY,15FEET,13.02851977,77.51962679
Bengaluru City,Peenya Traffic PS,1.04432e+16,2016,1,1,Road Accidents,Narrow road,City/Town,Residential area,Human Error,No,Damage Only,Hit fixed object,Not at  Junction,Not Applicable,Residential Street,Bitumen(Tar),Not Applicable,No influence on accident,Fine,PIPELANE ROAD,TECNO TECH COMPANY,40FEET,13.05492595,77.51673779
Bengaluru City,Peenya Traffic PS,1.04432e+16,2016,1,2,Road Accidents,T Junction,City/Town,Open area,Human Error,Yes,Simple Injury,Others,No signal lights,Not Applicable,City or Town Road,Bitumen(Tar),Not Applicable,Not Applicable,Clear,HESARAGHATTA ROAD,BBMP OFFICE,20FT,0.0,0.0
Bengaluru City,Peenya Traffic PS,1.04432e+16,2016,1,2,Road Accidents,Junction,City/Town,Near Petrol Pump,Human Error,Yes,Grievous Injury,Others,Signal lights Automatic,Not Applicable,NH,Bitumen(Tar),Not Applicable,Not Applicable,Others,NH-4,R R PETROL BUNK,60FEET,13.0453105,77.507935
Bengaluru City,Peenya Traffic PS,1.04432e+16,2016,1,2,Road Accidents,Narrow road,City/Town,Open area,Not Applicable,Not Applicable,Grievous Injury,Head on,Controlled,Straight and flat,City or Town Road,Bitumen(Tar),Dry,No influence on accident,Fine,OPP KARLE  NH4 SERVICE ROAD,KARLE FACTORY,20FEET,13.0482853,77.49795191
Bengaluru City,Peenya Traffic PS,1.04432e+16,2016,1,2,Road Accidents,Other,City/Town,Open area,Human Error,Yes,Grievous Injury,Others,Signal lights Automatic,Not Applicable,City or Town Road,Bitumen(Tar),Not Applicable,Not Applicable,Others,NH-4,BBMP OFFICE,50FEET,13.04240699,77.51465935
Bengaluru City,Peenya Traffic PS,1.04432e+16,2016,1,1,Road Accidents,Narrow road,City/Town,Open area,Human Error,No,Simple Injury,Hit pedestrian,Not at  Junction,Straight and flat,City or Town Road,Bitumen(Tar),Dry,No influence on accident,Fine,RAJAGOPALANAGARA MAIN ROAD,MARUTHI TAKIES,90FT,13.01694268,77.51215718
Bengaluru City,Peenya Traffic PS,1.04432e+16,2016,1,2,Road Accidents,Narrow road,City/Town,Open area,Human Error,Yes,Grievous Injury,Head on,Not at  Junction,Straight and flat,City or Town Road,Bitumen(Tar),Dry,No influence on accident,Fine,NEAR 8TH MILE PEENYA FLYOVER,KANTHI SWEETS,30FEET,13.04532157,77.50725011
Bengaluru City,Peenya Traffic PS,1.04432e+16,2016,1,2,Road Accidents,Junction,City/Town,Open area,Human Error,No,Damage Only,Rear end,Signal lights Automatic,Not Applicable,NH,Bitumen(Tar),Not Applicable,Not Applicable,Fine,NH-4,KARAVALLI HOTEL,70FEET,0.0,0.0
Bengaluru City,Peenya Traffic PS,1.04432e+16,2016,1,2,Road Accidents,Narrow road,City/Town,Near Bus stop,Human Error,No,Damage Only,Head on,Not at  Junction,Straight and flat,City or Town Road,Bitumen(Tar),Dry,No influence on accident,Fine,HEGGENAHALLI BUS STOP PEENYA,MAHADEV TEXILES,20FEET,13.00358877,77.50452965
Bengaluru City,Peenya Traffic PS,1.04432e+16,2016,1,2,Road Accidents,Junction,City/Town,Open area,Human Error,Not Applicable,Simple Injury,Others,Signal lights Automatic,Not Applicable,NH,Bitumen(Tar),Not Applicable,Not Applicable,Not Applicable,NH-4 ROAD,KUNDAN MOBILE,60FT,13.03983376,77.51854815
Bengaluru City,Peenya Traffic PS,1.04432e+16,2016,1,1,Road Accidents,Narrow road,City/Town,Open area,Human Error,No,Grievous Injury,Head on,Not Applicable,Straight and flat,City or Town Road,Bitumen(Tar),Dry,No influence on accident,Fine,OPP VIDHYANIKETHAN SCHOOL,OPP VIDHYANIKETHAN SCHOOL,10FEET,0.0,0.0
Bengaluru City,Peenya Traffic PS,1.04432e+16,2016,1,2,Road Accidents,Narrow road,City/Town,Near Petrol Pump,Human Error,No,Damage Only,Head on,Not at  Junction,Steep Incline or Climb,City or Town Road,Bitumen(Tar),Dry,No influence on accident,Fine,OPP TRIVENI PETROL BUNK SM ROAD,OPP TRIVENI PETROL BUNK,30FEET,13.04377088,77.52094252
Bengaluru City,Peenya Traffic PS,1.04432e+16,2016,1,1,Road Accidents,Narrow road,City/Town,Open area,Human Error,No,Grievous Injury,Hit pedestrian,Not Applicable,Straight and flat,City or Town Road,Bitumen(Tar),Dry,No influence on accident,Fine,12TH CROSS VISHVESHWARAYYA LAYOUT,SWAMIYAVARA HOUSE,15FEET,13.06250042,77.49718316
Bengaluru City,Peenya Traffic PS,1.04432e+16,2016,1,2,Road Accidents,Not Applicable,City/Town,Open area,Human Error,No,Simple Injury,Hit and Run,Not at  Junction,Not Applicable,Not Applicable,Bitumen(Tar),Not Applicable,Not Applicable,Fine,RING ROAD LAGGERE,SAI BABA TEMPLE,12FEET,13.00095241,77.52480714
Bengaluru City,Peenya Traffic PS,1.04432e+16,2016,1,1,Road Accidents,Circle,City/Town,Near Bus stop,Not Applicable,No,Simple Injury,Others,Not at  Junction,Not Applicable,NH,Bitumen(Tar),Dry,Not Applicable,Fine,SERVICE ROAD,SERVICE ROAD,15FEET,13.03998781,77.51883523
Bengaluru City,Peenya Traffic PS,1.04432e+16,2016,1,1,Road Accidents,Not Applicable,City/Town,Open area,Human Error,No,Fatal,Head on,Not at  Junction,Straight and flat,City or Town Road,Bitumen(Tar),Dry,No influence on accident,Fine,RING ROAD LAGGERE,AXIS BANK,90FT,13.00827594,77.52669561
Bengaluru City,Peenya Traffic PS,1.04432e+16,2016,1,1,Road Accidents,Narrow road,City/Town,Open area,Human Error,No,Grievous Injury,Hit pedestrian,Not at  Junction,Straight and flat,City or Town Road,Bitumen(Tar),Dry,No influence on accident,Fine,LAKSHMI GOLD PALACE NEAR SM CIRLE,LAKSHMI GOLD PALACE,20FEET,13.040959,77.51900201
Bengaluru City,Peenya Traffic PS,1.04432e+16,2016,1,2,Road Accidents,Bridge,City/Town,In bazaar,Not Applicable,No,Grievous Injury,Not Applicable,Not at  Junction,Not Applicable,City or Town Road,Not Applicable,Dry,Not Applicable,Fine,NALAMANGAL TUMAKUR ROAD,NALAMANGAL TUMAKUR ROAD,35FEET,13.03814879,77.52142163
Bengaluru City,Peenya Traffic PS,1.04432e+16,2016,1,1,Road Accidents,Narrow road,City/Town,Open area,Human Error,No,Grievous Injury,Hit pedestrian,Not at  Junction,Straight and flat,City or Town Road,Bitumen(Tar),Dry,No influence on accident,Fine,NH4 PARLE G FACTROY OPP SERVICE ROAD,NH4 PARLE G FACTROY OPP,80FEET,13.05023208,77.49378907
Bengaluru City,Peenya Traffic PS,1.04432e+16,2016,1,2,Road Accidents,Narrow road,City/Town,Open area,Human Error,No,Grievous Injury,Head on,Not at  Junction,Straight and flat,City or Town Road,Bitumen(Tar),Dry,No influence on accident,Fine,PS JUNCTION PEENYA,CENARABANK ATM,45FEET,13.03798386,77.52211392
Bengaluru City,Peenya Traffic PS,1.04432e+16,2016,1,2,Road Accidents,Narrow road,City/Town,Open area,Human Error,No,Simple Injury,Head on,Signal lights Not working,Straight and flat,City or Town Road,Bitumen(Tar),Dry,No influence on accident,Fine,LAKE ROAD MAHIMPPA SCHOOL,DASARAHALLI LAKE,25FEET,13.04113848,77.51435518
Bengaluru City,Peenya Traffic PS,1.04432e+16,2016,1,2,Road Accidents,Narrow road,City/Town,Open area,Vehicle Defect,No,Damage Only,Head on,Not at  Junction,Straight and flat,City or Town Road,Bitumen(Tar),Dry,No influence on accident,Fine,PIPELANE ROAD,KASHI CHITS PVVT LTD,100FET,0.0,0.0
Bengaluru City,Peenya Traffic PS,1.04432e+16,2016,1,2,Road Accidents,Narrow road,City/Town,Open area,Human Error,No,Grievous Injury,Head on,Not at  Junction,Straight and flat,City or Town Road,Bitumen(Tar),Dry,No influence on accident,Fine,NAGASANDRA METRO NEAR,SHOBA APPARTMENTS,20FEET,13.04769828,77.50017221
Bengaluru City,Peenya Traffic PS,1.04432e+16,2016,1,1,Road Accidents,Narrow road,City/Town,Open area,Human Error,Yes,Simple Injury,Hit bicyclist,Not at  Junction,Not Applicable,Feeder Road,Bitumen(Tar),Not Applicable,Not Applicable,Fine,CHOKKASANDRA LAKE ROAD,FFI FACTORY,20FEET,13.02556624,77.51121967
Bengaluru City,Peenya Traffic PS,1.04432e+16,2016,1,2,Road Accidents,Narrow road,City/Town,Residential area,Human Error,No,Grievous Injury,Hit bicyclist,Not at  Junction,Not Applicable,Feeder Road,Bitumen(Tar),Not Applicable,No influence on accident,Not Applicable,LAGGERE RING ROAD,EKADANTA CERAMIX,25feet,0.0,0.0
Bengaluru City,Peenya Traffic PS,1.04432e+16,2016,1,2,Road Accidents,Narrow road,City/Town,Open area,Human Error,Yes,Simple Injury,Hit and Run,Not at  Junction,Not Applicable,Service Road,Bitumen(Tar),Not Applicable,Not Applicable,Fine,NATIONAL HIGHWAY-4 SERVICE ROAD,ROYAL ENFIELD SHOW ROOM,45FEET,13.04451129,77.50981325
Bengaluru City,Peenya Traffic PS,1.04432e+16,2016,1,2,Road Accidents,Narrow road,City/Town,Near a factory industrial area,Human Error,No,Grievous Injury,Head on,Not at  Junction,Not Applicable,Others,Bitumen(Tar),Not Applicable,Not Applicable,Fine,PEENYA 1ST PHASE,MSIL FACTORY,110FT,13.03995186,77.52670473
Bengaluru City,Peenya Traffic PS,1.04432e+16,2016,1,2,Road Accidents,Bridge,City/Town,Narrow bridge or culverts,Human Error,Yes,Grievous Injury,Hit and Run,Not at  Junction,Not Applicable,NH,Bitumen(Tar),Not Applicable,No influence on accident,Fine,"NATIONAL HIGHWAY-4, FLY OVER",ROCKLINE MALL,40FEET,13.04070535,77.51763534
Bengaluru City,Peenya Traffic PS,1.04432e+16,2016,1,1,Road Accidents,Narrow road,City/Town,Near a factory industrial area,Human Error,Yes,Simple Injury,Hit pedestrian,Not at  Junction,Not Applicable,Others,Bitumen(Tar),Not Applicable,Not Applicable,Fine,100FEET ROAD,PT BAGS,10FEET,13.03074328,77.51557583
Bengaluru City,Peenya Traffic PS,1.04432e+16,2016,1,1,Road Accidents,Not Applicable,City/Town,Open area,Human Error,Yes,Grievous Injury,Hit pedestrian,Not Applicable,Not Applicable,Others,Concrete,Not Applicable,No influence on accident,Fine,VISHNAVI APPARTMENTS,C BLOCK,20FEET,13.04314146,77.52018883
Bengaluru City,Peenya Traffic PS,1.04432e+16,2016,1,2,Not Applicable,Narrow road,City/Town,Open area,Human Error,No,Grievous Injury,Hit bicyclist,Not Applicable,Not Applicable,NH,Bitumen(Tar),Not Applicable,Not Applicable,Fine,NH-4,HOTEL DHARMASTHALA,25FEET,13.04250759,77.51494546
Bengaluru City,Peenya Traffic PS,1.04432e+16,2016,1,1,Road Accidents,Narrow road,City/Town,Residential area,Human Error,Yes,Grievous Injury,Hit puchcart,Not Applicable,Not Applicable,Service Road,Bitumen(Tar),Others,No influence on accident,Fine,PIPELANE ROAD,SHANIMAHATMA TEMPLE,90FEET,13.05372284,77.51142559
Bengaluru City,Peenya Traffic PS,1.04432e+16,2016,1,2,Road Accidents,Narrow road,City/Town,Open area,Human Error,No,Grievous Injury,Head on,Not at  Junction,Straight and flat,City or Town Road,Bitumen(Tar),Dry,No influence on accident,Fine,SBM JUNCTION 100 FEET ROAD,SBM BANK,50FEET,13.02582326,77.52071139
Bengaluru City,Peenya Traffic PS,1.04432e+16,2016,1,2,Road Accidents,Narrow road,City/Town,Near office complex,Human Error,No,Fatal,Head on,Controlled,Others,City or Town Road,Bitumen(Tar),Dry,No influence on accident,Fine,SWATHI PETROL BUNK NELAGADARANAHALLI CROSS,SWATHI PETROL BUNK NELAGADARANAHALLI,45FEET,13.04580801,77.50542757
Bengaluru City,Peenya Traffic PS,1.04432e+16,2016,1,2,Road Accidents,Narrow road,City/Town,Open area,Human Error,Not Applicable,Damage Only,Others,Not Applicable,Not Applicable,Service Road,Bitumen(Tar),Not Applicable,Not Applicable,Not Applicable,NH-4 SERVICE ROAD,NAGASANDRA METRO STATION,110FET,13.04724911,77.50088397
Bengaluru City,Peenya Traffic PS,1.04432e+16,2016,1,2,Road Accidents,Junction,City/Town,Open area,Human Error,Yes,Damage Only,Others,Signal lights Automatic,Not Applicable,NH,Bitumen(Tar),Not Applicable,Not Applicable,Not Applicable,NH-4,CANARA BANK,60FEET,13.03803141,77.52204271
Bengaluru City,Peenya Traffic PS,1.04432e+16,2016,1,1,Road Accidents,Junction,City/Town,Near a factory industrial area,Human Error,Yes,Simple Injury,Hit pedestrian,Uncontrolled,Others,City or Town Road,Bitumen(Tar),Not Applicable,Not Applicable,Others,PIA ROAD,BALAJI FANCY STORE,15FEET,13.00961574,77.50689347
Bengaluru City,Peenya Traffic PS,1.04432e+16,2016,1,1,Road Accidents,Narrow road,City/Town,Open area,Human Error,No,Fatal,Hit pedestrian,Not at  Junction,Not Applicable,NH,Bitumen(Tar),Not Applicable,Not Applicable,Others,NH-4,DEEPSHREE BAR,30FEET,13.04210105,77.5155976
Bengaluru City,Peenya Traffic PS,1.04432e+16,2016,1,1,Road Accidents,Narrow road,City/Town,At pedestrian Crossing,Human Error,No,Grievous Injury,Hit pedestrian,Not at  Junction,Straight and flat,City or Town Road,Bitumen(Tar),Dry,No influence on accident,Fine,KENAMETAL FACTROY,KENAMETAL FACTROY,20FEET,0.0,0.0
Bengaluru City,Peenya Traffic PS,1.04432e+16,2016,1,1,Road Accidents,Narrow road,City/Town,Open area,Human Error,No,Grievous Injury,Head on,Not at  Junction,Straight and flat,City or Town Road,Bitumen(Tar),Dry,No influence on accident,Fine,LAGGERE RING ROAD TIRUMAL COMPLAX,TIRUMAL COMPLAX,50FEET,13.00342354,77.52618129
Bengaluru City,Peenya Traffic PS,1.04432e+16,2016,1,2,Road Accidents,Narrow road,City/Town,Open area,Human Error,No,Fatal,Head on,Not at  Junction,Others,City or Town Road,Bitumen(Tar),Dry,No influence on accident,Fine,NH4 PS JUNCTION  PEENYA,NEAR JUNCTION PS,25FEET,0.0,0.0
Bengaluru City,Peenya Traffic PS,1.04432e+16,2016,1,2,Road Accidents,Narrow road,City/Town,Open area,Human Error,No,Fatal,Head on,Not at  Junction,Straight and flat,City or Town Road,Bitumen(Tar),Dry,No influence on accident,Fine,HESARGHATTA CROSS NH4 BENGALORE TUMKUR,MANPURAMM GOLD LOAN,60FEET,13.04539713,77.50732271
Bengaluru City,Peenya Traffic PS,1.04432e+16,2016,1,2,Road Accidents,Junction,City/Town,Open area,Human Error,Not Applicable,Damage Only,Others,Signal lights Automatic,Others,NH,Bitumen(Tar),Not Applicable,Not Applicable,Not Applicable,NH-4,KARAVALLI HOTEL,50FEET,13.03757892,77.52250612
Bengaluru City,Peenya Traffic PS,1.04432e+16,2016,1,1,Road Accidents,Narrow road,City/Town,Near School or College,Human Error,No,Grievous Injury,Hit pedestrian,Not at  Junction,Straight and flat,City or Town Road,Bitumen(Tar),Dry,No influence on accident,Fine,VEDANTHA SCHOOL NEAR LAGGERE,VEDANTHA SCHOOL NEAR,10FEET,0.0,0.0
Bengaluru City,Peenya Traffic PS,1.04432e+16,2016,1,2,Road Accidents,Other,City/Town,Near Bus stop,Human Error,Yes,Grievous Injury,Others,Not at  Junction,Not Applicable,City or Town Road,Bitumen(Tar),Dry,Not Applicable,Fine,OPP FFI FACTROY NEAR NTTF CIRCLE,OPP FFI FACTROY,10FEET,0.0,0.0
Bengaluru City,Peenya Traffic PS,1.04432e+16,2016,1,1,Road Accidents,Junction,City/Town,In bazaar,Not Applicable,No,Simple Injury,Head on,Signal lights Automatic,Not Applicable,City or Town Road,Bitumen(Tar),Dry,Not Applicable,Fine,DERMASHLA HOTEAL,DERMASHLA HOTEAL,25FEET,13.02870405,77.51978496
Bengaluru City,Peenya Traffic PS,1.04432e+16,2016,1,2,Road Accidents,Narrow road,City/Town,Open area,Vehicle Defect,No,Damage Only,Head on,Not at  Junction,Straight and flat,City or Town Road,Bitumen(Tar),Dry,No influence on accident,Fine,OPP KENNAMETAL FACTROY,KENNAMETAL FACTROY,90FT,13.04916412,77.49667901
Bengaluru City,Peenya Traffic PS,1.04432e+16,2016,1,1,Road Accidents,Narrow road,City/Town,Open area,Human Error,No,Grievous Injury,Hit pedestrian,Not at  Junction,Straight and flat,City or Town Road,Bitumen(Tar),Dry,No influence on accident,Fine,SONAL GARMENTS NEAR 100FEET ROAD,SONAL GARMENTS,20FEET,13.02224816,77.52489434