DISTRICTNAME,UNITNAME,Crime_No,Year,RI,Noofvehicle_involved,Accident_Classification,Accident_Spot,Accident_Location,Accident_SubLocation,Main_Cause,Hit_Run,Severity,Collision_Type,Junction_Control,Road_Character,Road_Type,Surface_Type,Surface_Condition,Road_Condition,Weather,Accident_Road,Landmark_first,Distance_LandMark_First,Latitude,Longitude
Bengaluru City,Peenya Traffic PS,1.04432e+16,2016,1,2,Road Accidents,Narrow road,City/Town,Open area,Human Error,No,Grievous Injury,Head on,Not at  Junction,Straight and flat,City or Town Road,Bitumen(Tar),Dry,No influence on accident,Fine,6TH CROSS HMT LAYOUT,HAIMASK CORRENT FOUL,30FEET,13.03373662,77.50400898
Bengaluru City,Peenya Traffic PS,1.04432e+16,2016,1,1,Road Accidents,Narrow road,City/Town,Open area,Human Error,No,Grievous Injury,Hit pedestrian,Not at  Junction,Straight and flat,City or Town Road,Bitumen(Tar),Dry,No influence on accident,Fine,MEDIA FACTROY OPP,MEDIA FACTROY OPP,20FEET,13.04910591,77.49658084
Bengaluru City,Peenya Traffic PS,1.04432e+16,2016,1,1,Road Accidents,Other,City/Town,Residential area,Human Error,No,Grievous Injury,Hit pedestrian,Not Applicable,Not Applicable,NH,Bitumen(Tar),Not Applicable,Not Applicable,Fine,NH-4,JMJ BAKERY,15FEET,13.04481001,77.50901133
Bengaluru City,Peenya Traffic PS,1.04432e+16,2016,1,2,Road Accidents,Narrow road,City/Town,Open area,Vehicle Defect,No,Damage Only,Head on,Not at  Junction,Straight and flat,City or Town Road,Bitumen(Tar),Dry,No influence on accident,Fine,SRS JUNCTION PEENYA,CENARABANK ATM,30FEET,13.03477495,77.52969969
Bengaluru City,Peenya Traffic PS,1.04432e+16,2016,1,2,Road Accidents,Narrow road,Villages settlement,Near Bus stop,Human Error,No,Grievous Injury,Head on,Controlled,Straight and flat,City or Town Road,Bitumen(Tar),Dry,No influence on accident,Fine,PS JUNCTION PEENYA,NEAR PS JUNTION CIRCLE,10FEET,13.03803511,77.5220671
Bengaluru City,Peenya Traffic PS,1.04432e+16,2016,1,2,Road Accidents,Narrow road,City/Town,Near office complex,Human Error,No,Fatal,Head on,Not at  Junction,Straight and flat,City or Town Road,Bitumen(Tar),Dry,No influence on accident,Fine,SHOBA APPARTMENTS OPP,SHOBA APPARTMENTS OPP,5FEET,13.04778122,77.49976078
Bengaluru City,Peenya Traffic PS,1.04432e+16,2016,1,2,Road Accidents,Narrow road,City/Town,Open area,Human Error,No,Grievous Injury,Head on,Not at  Junction,Straight and flat,City or Town Road,Bitumen(Tar),Dry,No influence on accident,Fine,HEGGENAHALLI MAIN ROAD,BBMP OFFICE HEGGENAHALLI,25FEET,0.0,0.0
Bengaluru City,Peenya Traffic PS,1.04432e+16,2016,1,1,Road Accidents,Narrow road,City/Town,Open area,Vehicle Defect,No,Damage Only,Others,Not at  Junction,Straight and flat,City or Town Road,Bitumen(Tar),Dry,No influence on accident,Fine,PEENYA 2ND STAGE MAIN ROAD,KARAVALI HOTEL,80FEET,13.01091483,77.50684317
Bengaluru City,Peenya Traffic PS,1.04432e+16,2016,1,3,Road Accidents,Narrow road,City/Town,At pedestrian Crossing,Human Error,Yes,Damage Only,Hit and Run,Signal lights Automatic,Not Applicable,NH,Bitumen(Tar),Not Applicable,Not Applicable,Not Applicable,N.H-4,NEAR METRO STATION,30FEET,13.04294575,77.51288189
Bengaluru City,Peenya Traffic PS,1.04432e+16,2016,1,2,Road Accidents,Junction,City/Town,Near a factory industrial area,Human Error,Not Applicable,Grievous Injury,Others,Uncontrolled,Others,City or Town Road,Bitumen(Tar),Not Applicable,Not Applicable,Not Applicable,PIA,TIRUMALA BAKERY,30FEET,13.02645354,77.51457059
Bengaluru City,Peenya Traffic PS,1.04432e+16,2016,1,2,Road Accidents,Junction,City/Town,Residential area,Human Error,Not Applicable,Grievous Injury,Others,Uncontrolled,Not Applicable,City or Town Road,Bitumen(Tar),Not Applicable,Not Applicable,Others,3RD MAIN ROAD,FITTNESS PLANET,4FEET,13.06687085,77.50239813
Bengaluru City,Peenya Traffic PS,1.04432e+16,2016,1,1,Road Accidents,Narrow road,City/Town,Open area,Human Error,No,Grievous Injury,Hit animal,Not at  Junction,Not Applicable,City or Town Road,Bitumen(Tar),Not Applicable,Not Applicable,Not Applicable,T.D.HALLI,MAZID,5 FEET,13.04339007,77.51364565
Bengaluru City,Peenya Traffic PS,1.04432e+16,2016,1,1,Road Accidents,Narrow road,City/Town,Open area,Human Error,Yes,Fatal,Hit pedestrian,Not at  Junction,Straight and flat,City or Town Road,Bitumen(Tar),Dry,No influence on accident,Fine,SHIVAYYA HOUSE OPP ROAD,SHIVAYYA HOUSE OPP ROAD,16FEET,0.0,0.0
Bengaluru City,Peenya Traffic PS,1.04432e+16,2016,1,2,Road Accidents,Other,City/Town,Near Bus stop,Human Error,Yes,Grievous Injury,Others,Not Applicable,Not Applicable,Service Road,Bitumen(Tar),Not Applicable,Not Applicable,Not Applicable,NH-4 SERVICE ROAD,DEEPAK BUS STAND,25FEET,13.04670058,77.50247356
Bengaluru City,Peenya Traffic PS,1.04432e+16,2016,1,1,Road Accidents,Narrow road,City/Town,Open area,Human Error,Not Applicable,Grievous Injury,Hit pedestrian,Not Applicable,Not Applicable,City or Town Road,Bitumen(Tar),Not Applicable,Not Applicable,Not Applicable,T.DASARAHALLI ROAD,ELECTRIC POLE,10FEET,13.04719698,77.51431943
Bengaluru City,Peenya Traffic PS,1.04432e+16,2016,1,1,Road Accidents,Narrow road,City/Town,Near a factory industrial area,Human Error,Yes,Simple Injury,Hit pedestrian,Not Applicable,Not Applicable,City or Town Road,Bitumen(Tar),Not Applicable,Not Applicable,Not Applicable,PIA,GOYAL ES FAT INDUSTRI,15FEET,13.02740884,77.51697145
Bengaluru City,Peenya Traffic PS,1.04432e+16,2016,1,1,Road Accidents,Other,City/Town,Open area,Human Error,Yes,Simple Injury,Others,Not Applicable,Others,Service Road,Bitumen(Tar),Not Applicable,Not Applicable,Not Applicable,NH-4 SERVICE ROAD,METRO STATION,20FEET,13.03582059,77.52612273
Bengaluru City,Peenya Traffic PS,1.04432e+16,2016,1,1,Road Accidents,Narrow road,City/Town,Open area,Human Error,No,Grievous Injury,Hit pedestrian,Not at  Junction,Straight and flat,City or Town Road,Bitumen(Tar),Dry,No influence on accident,Fine,PRIYADARSHINI HANDLOOM NEAR PEENYA 2ND STAGE,PRIYADARSHINI HANDLOOM NEAR,30FEET,13.00976257,77.50495635
Bengaluru City,Peenya Traffic PS,1.04432e+16,2016,1,2,Road Accidents,Junction,City/Town,Open area,Human Error,Not Applicable,Damage Only,Others,Signal lights Automatic,Not Applicable,NH,Bitumen(Tar),Not Applicable,Not Applicable,Not Applicable,NH-4,karavali hotel,60feet,13.03780591,77.52204403
Bengaluru City,Peenya Traffic PS,1.04432e+16,2016,1,1,Road Accidents,Junction,City/Town,Open area,Human Error,Yes,Fatal,Rear end,Signal lights Automatic,Not Applicable,NH,Bitumen(Tar),Not Applicable,Not Applicable,Fine,NH-4,PILLER NO 38,6FEET,13.0379464,77.52175425
Bengaluru City,Peenya Traffic PS,1.04432e+16,2016,1,1,Road Accidents,Narrow road,City/Town,Open area,Human Error,Yes,Grievous Injury,Hit pedestrian,Not at  Junction,Straight and flat,City or Town Road,Bitumen(Tar),Dry,No influence on accident,Fine,LAGGERE ROAD FILM INSTUTE OPP,LAGGERE ROAD FILM INSTUTE OPP,80FEET,0.0,0.0
Bengaluru City,Peenya Traffic PS,1.04432e+16,2016,1,1,Road Accidents,Narrow road,City/Town,Near Hospital,Human Error,No,Grievous Injury,Hit pedestrian,Not at  Junction,Straight and flat,City or Town Road,Bitumen(Tar),Dry,No influence on accident,Fine,SONAL GARMENTS NEAR 100FEET ROAD,SONAL GARMENTS,30FEET,13.0222483,77.52476598
Bengaluru City,Peenya Traffic PS,1.04432e+16,2016,1,2,Road Accidents,Not Applicable,City/Town,Open area,Human Error,Yes,Grievous Injury,Hit and Run,Not at  Junction,Not Applicable,NH,Bitumen(Tar),Not Applicable,No influence on accident,Fine,CHOKKASANDRA JUCTION,AYYAPPA MESS,80FEET,13.04219901,77.51456022
Bengaluru City,Peenya Traffic PS,1.04432e+16,2016,1,1,Road Accidents,Narrow road,City/Town,Open area,Human Error,Yes,Simple Injury,Hit pedestrian,Not at  Junction,Not Applicable,Feeder Road,Bitumen(Tar),Not Applicable,No influence on accident,Fine,100FEET ROAD,INDIAN BANK,70FEET,0.0,0.0
Bengaluru City,Peenya Traffic PS,1.04432e+16,2016,1,2,Not Applicable,Narrow road,City/Town,Open area,Human Error,No,Grievous Injury,Head on,Not at  Junction,Straight and flat,City or Town Road,Bitumen(Tar),Dry,No influence on accident,Fine,PUPSHPAGIRI BEKARI,PUPSHPAGIRI BEKARI,25FEET,13.01799011,77.51497675
Bengaluru City,Peenya Traffic PS,1.04432e+16,2016,1,2,Not Applicable,Narrow road,City/Town,Open area,Human Error,No,Grievous Injury,Head on,Not at  Junction,Straight and flat,City or Town Road,Bitumen(Tar),Dry,No influence on accident,Fine,KRISHNA BHAVAN HOTEL OPP,KRISHNA BHAVAN,40FEET,13.00882136,77.52669296
Bengaluru City,Peenya Traffic PS,1.04432e+16,2016,1,2,Road Accidents,Narrow road,City/Town,Open area,Human Error,Yes,Grievous Injury,Hit and Run,Not at  Junction,Straight and flat,City or Town Road,Bitumen(Tar),Dry,No influence on accident,Fine,LAKSHMI BEKARI OPP NEAR NELAGADARANAHALLI,LAKSHMI BEKARI OPP NEAR,10FEET,0.0,0.0
Bengaluru City,Peenya Traffic PS,1.04432e+16,2016,1,1,Road Accidents,Narrow road,City/Town,Near Bus stop,Human Error,Yes,Grievous Injury,Hit pedestrian,Not at  Junction,Straight and flat,City or Town Road,Bitumen(Tar),Dry,No influence on accident,Fine,OPP ISRO,OPP ISRO,5 FEET,0.0,0.0
Bengaluru City,Peenya Traffic PS,1.04432e+16,2016,1,1,Road Accidents,Narrow road,City/Town,Near Bus stop,Human Error,No,Grievous Injury,Hit pedestrian,Not at  Junction,Straight and flat,City or Town Road,Bitumen(Tar),Dry,No influence on accident,Fine,OPP NADHIWAY BRIDGE TVS CROSS,TEKTIN FACTROY,15FEET,13.02839847,77.51948777
Bengaluru City,Peenya Traffic PS,1.04432e+16,2016,1,1,Road Accidents,Curves,City/Town,Open area,Human Error,Not Applicable,Damage Only,Others,Not Applicable,Curve,Others,Bitumen(Tar),Not Applicable,Not Applicable,Others,PIA ROAD,BATA FACTORY,20FEET,13.02251179,77.50399436
Bengaluru City,Peenya Traffic PS,1.04432e+16,2016,1,2,Road Accidents,Narrow road,City/Town,Near Bus stop,Human Error,No,Simple Injury,Head on,Not at  Junction,Straight and flat,City or Town Road,Bitumen(Tar),Dry,No influence on accident,Fine,KARIMSAB LAYOUT VEDAVATHI LAYOUT,MARSHALS ENGINEERS,15FEET,0.0,0.0
Bengaluru City,Peenya Traffic PS,1.04432e+16,2016,1,1,Road Accidents,Narrow road,City/Town,Near office complex,Human Error,Not Applicable,Simple Injury,Hit pedestrian,Not Applicable,Not Applicable,NH,Bitumen(Tar),Not Applicable,Not Applicable,Not Applicable,NH-4 SERVICE ROAD,PILLER NO 431,40FT,13.03473669,77.52983232
Bengaluru City,Peenya Traffic PS,1.04432e+16,2016,1,1,Road Accidents,Narrow road,City/Town,Near office complex,Human Error,No,Grievous Injury,Hit pedestrian,Not at  Junction,Straight and flat,City or Town Road,Bitumen(Tar),Dry,No influence on accident,Fine,DASARAHALLI LAKE ROAD,RKN MURTHY GLASS &PLAYWOOD,05FEET,13.03166054,77.51294969
Bengaluru City,Peenya Traffic PS,1.04432e+16,2016,1,1,Road Accidents,Narrow road,City/Town,Near a religious place,Human Error,No,Grievous Injury,Hit pedestrian,Not at  Junction,Steep Incline or Climb,City or Town Road,Bitumen(Tar),Dry,No influence on accident,Fine,OPP JUNJAPPA TEMPLE SHETTIHALLI MAIN ROAD,OPP JUNJAPPA TEMPLE,30FEET,13.06057555,77.51634841
Bengaluru City,Peenya Traffic PS,1.04432e+16,2016,1,1,Road Accidents,Narrow road,Not Applicable,Near a factory industrial area,Human Error,Not Applicable,Grievous Injury,Others,Not Applicable,Not Applicable,NH,Bitumen(Tar),Others,Not Applicable,Others,NH4,PS JUNCTION,40FT,13.03612148,77.52519357
Bengaluru City,Peenya Traffic PS,1.04432e+16,2016,1,1,Road Accidents,Narrow road,City/Town,Near Bus stop,Human Error,No,Fatal,Hit pedestrian,Controlled,Straight and flat,City or Town Road,Bitumen(Tar),Dry,No influence on accident,Fine,NH4 HESERAGHATTA CROSS NEAR,SAMSUNG MOBILE SHOP,50FEET,13.04536441,77.50730293
Bengaluru City,Peenya Traffic PS,1.04432e+16,2016,1,2,Road Accidents,Narrow road,City/Town,Open area,Vehicle Defect,Yes,Damage Only,Hit and Run,Police / Manual,Straight and flat,City or Town Road,Bitumen(Tar),Dry,Not Applicable,Fine,RING ROAD KEPEGOWDA ARCH LAGGERE,BEERESH BEKARI AND CONDIMENTS,25FEET,13.00511362,77.52677382
Bengaluru City,Peenya Traffic PS,1.04432e+16,2016,1,1,Road Accidents,Narrow road,City/Town,Near office complex,Human Error,No,Fatal,Hit pedestrian,Controlled,Straight and flat,City or Town Road,Bitumen(Tar),Dry,No influence on accident,Fine,PS JUNCTION NH4 GEETHA FOOD OPP,GEETHA WOOD INDUSTRIES,56FEET,13.03873129,77.521091
Bengaluru City,Peenya Traffic PS,1.04432e+16,2016,1,1,Road Accidents,Narrow road,City/Town,Open area,Human Error,Yes,Fatal,Hit and Run,Not at  Junction,Straight and flat,City or Town Road,Bitumen(Tar),Dry,No influence on accident,Fine,VINUMAC COMPANY OPP 100FEET ROAD,VINUMAC FACTORY,30FEET,13.02253887,77.52389373
Bengaluru City,Peenya Traffic PS,1.04432e+16,2016,1,1,Road Accidents,Narrow road,City/Town,At pedestrian Crossing,Human Error,No,Grievous Injury,Hit pedestrian,Not at  Junction,Straight and flat,City or Town Road,Bitumen(Tar),Dry,No influence on accident,Fine,NH4 METRO STATION  T DASARAHALLI,NH4 METRO STATION,20FEET,13.04298278,77.51293792
Bengaluru City,Peenya Traffic PS,1.04432e+16,2016,1,2,Road Accidents,Narrow road,City/Town,Open area,Human Error,Not Applicable,Simple Injury,Others,Not Applicable,Others,City or Town Road,Bitumen(Tar),Not Applicable,Not Applicable,Not Applicable,Ring road,Near devisri cermic tails,65feet,13.00577473,77.52629814
Bengaluru City,Peenya Traffic PS,1.04432e+16,2016,1,2,Road Accidents,Narrow road,City/Town,Near Bus stop,Vehicle Defect,No,Damage Only,Head on,Not at  Junction,Straight and flat,City or Town Road,Bitumen(Tar),Dry,No influence on accident,Fine,PEENY NH4 SRS JUNCTION,RNR BAR AND RESTORENT,20FEET,0.0,0.0
Bengaluru City,Peenya Traffic PS,1.04432e+16,2016,1,2,Road Accidents,T Junction,City/Town,Residential area,Human Error,Yes,Grievous Injury,Others,No signal lights,Others,Residential Street,Bitumen(Tar),Not Applicable,Not Applicable,Not Applicable,NELAGADARANAHALLI MAIN ROAD,SLN GARMENTS,10FEET,13.03353705,77.50410984
Bengaluru City,Peenya Traffic PS,1.04432e+16,2016,1,2,Road Accidents,Not Applicable,City/Town,Open area,Human Error,Yes,Simple Injury,Head on,No signal lights,Straight and flat,City or Town Road,Bitumen(Tar),Dry,No influence on accident,Fine,UDAYAGIRI PETROL BUNK OPP 100FEET,UDAYAGIRI PETROL BUNK OPP,10FEET,13.02334167,77.52222383
Bengaluru City,Peenya Traffic PS,1.04432e+16,2016,1,2,Road Accidents,Narrow road,City/Town,Open area,Human Error,No,Grievous Injury,Head on,Not at  Junction,Straight and flat,City or Town Road,Bitumen(Tar),Dry,No influence on accident,Fine,FASHION MATRICS PEENYA INDUSTRIAL AREA,FASHION MATRICS,15FEET,77.51459017,13.02609566
Bengaluru City,Peenya Traffic PS,1.04432e+16,2017,1,2,Road Accidents,Narrow road,City/Town,Near a factory industrial area,Human Error,Not Applicable,Damage Only,Others,Not Applicable,Not Applicable,City or Town Road,Bitumen(Tar),Not Applicable,Not Applicable,Fine,100 FEET ROAD,TREE,40FEET,13.03580338,77.51829947
Bengaluru City,Peenya Traffic PS,1.04432e+16,2017,1,1,Road Accidents,Narrow road,City/Town,Open area,Human Error,Not Applicable,Fatal,Others,Not Applicable,Straight and flat,Sub Arterial,Bitumen(Tar),Not Applicable,Not Applicable,Fine,RING ROAD,ELECTRIC POLE,38FEET,0.0,0.0
Bengaluru City,Peenya Traffic PS,1.04432e+16,2017,1,2,Road Accidents,Bridge,City/Town,Open area,Human Error,Not Applicable,Simple Injury,Others,Give way sign,Straight and flat,City or Town Road,Bitumen(Tar),Not Applicable,Not Applicable,Fine,NH-4 fly over,ELECTRIC POLE,38FEET,13.04023672,77.518066
Bengaluru City,Peenya Traffic PS,1.04432e+16,2017,1,1,Road Accidents,Junction,City/Town,Residential area,Human Error,Yes,Grievous Injury,Hit pedestrian,Uncontrolled,Not Applicable,City or Town Road,Bitumen(Tar),Not Applicable,Not Applicable,Fine,SANJEEVINI NAGARA 3RD CROSS,KAVANA CONDIMENTS,22FEET,13.00476096,77.4969767
Bengaluru City,Peenya Traffic PS,1.04432e+16,2017,1,2,Road Accidents,Narrow road,City/Town,Open area,Human Error,Yes,Grievous Injury,Others,Signal lights Automatic,Not Applicable,NH,Bitumen(Tar),Not Applicable,Not Applicable,Not Applicable,NH-4,PILLER NO 10,40feet,13.03467958,77.5292811
Bengaluru City,Peenya Traffic PS,1.04432e+16,2017,1,1,Road Accidents,Narrow road,City/Town,Open area,Human Error,Not Applicable,Simple Injury,Hit pedestrian,Give way sign,Not Applicable,NH,Bitumen(Tar),Not Applicable,Not Applicable,Not Applicable,NH-4,PILLER NO 410,5FEET,0.0,0.0
Bengaluru City,Peenya Traffic PS,1.04432e+16,2017,1,2,Road Accidents,Junction,City/Town,Open area,Human Error,Not Applicable,Grievous Injury,Others,Signal lights Automatic,Straight and flat,NH,Bitumen(Tar),Not Applicable,Not Applicable,Fine,NH-4,PILLER NO 64,20FEET,0.0,0.0
Bengaluru City,Peenya Traffic PS,1.04432e+16,2017,1,1,Road Accidents,Narrow road,City/Town,Open area,Human Error,Not Applicable,Fatal,Not Applicable,Uncontrolled,Not Applicable,NH,Bitumen(Tar),Dry,Not Applicable,Clear,NH4 FLYOVER ROAD,NEAR SHOBHA APARTMENT,150 FE,13.047315,77.50074176
Bengaluru City,Peenya Traffic PS,1.04432e+16,2017,1,2,Road Accidents,Junction,City/Town,Open area,Human Error,No,Simple Injury,Side impact or Right angle,Controlled,Straight and flat,NH,Bitumen(Tar),Not Applicable,No influence on accident,Fine,NH-4,SANGEETHA MOBLIES,45FEET,13.03975578,77.5187063
Bengaluru City,Peenya Traffic PS,1.04432e+16,2017,1,1,Road Accidents,Narrow road,City/Town,Open area,Human Error,Not Applicable,Fatal,Hit pedestrian,Not Applicable,Not Applicable,NH,Bitumen(Tar),Not Applicable,Not Applicable,Not Applicable,NH-4,PILLER NO 118,45FEET,0.0,0.0
Bengaluru City,Peenya Traffic PS,1.04432e+16,2017,1,1,Road Accidents,Narrow road,City/Town,Residential area,Human Error,Yes,Fatal,Hit pedestrian,Not Applicable,Not Applicable,Residential Street,Bitumen(Tar),Not Applicable,No influence on accident,Fine,PIPELINE ROAD,SWATHI CLINIC,22FEET,13.05583968,77.51058162
Bengaluru City,Peenya Traffic PS,1.04432e+16,2017,1,3,Road Accidents,Road hump or Rumble strips,City/Town,Open area,Human Error,No,Fatal,Side swipe,Not at  Junction,Straight and flat,NH,Bitumen(Tar),Not Applicable,No influence on accident,Fine,NH-4,METRO PILLAR,40FT,13.04918016,77.496714
Bengaluru City,Peenya Traffic PS,1.04432e+16,2017,1,2,Road Accidents,Narrow road,City/Town,Open area,Human Error,No,Simple Injury,Head on,Not Applicable,Not Applicable,City or Town Road,Bitumen(Tar),Not Applicable,Not Applicable,Fine,HESARAGHATTA MAIN ROAD,SRINIVASA TRADERS,55FEET,13.06265225,77.50636091
Bengaluru City,Peenya Traffic PS,1.04432e+16,2017,1,1,Road Accidents,Narrow road,City/Town,Open area,Human Error,Not Applicable,Grievous Injury,Hit pedestrian,Not Applicable,Not Applicable,City or Town Road,Bitumen(Tar),Not Applicable,Not Applicable,Fine,NELAGADARANAHALLI MAIN ROAD,ELECTRIC POLE,10FEET,13.02768895,77.49375846
Bengaluru City,Peenya Traffic PS,1.04432e+16,2017,1,2,Not Applicable,Narrow road,City/Town,Open area,Human Error,No,Fatal,Head on,Not at  Junction,Straight and flat,City or Town Road,Bitumen(Tar),Dry,No influence on accident,Fine,NEAR PETROL BUNK PEENYA FLYOVER,SHOBHA APPARTMENTS,10FEET,13.04674956,77.50288261
Bengaluru City,Peenya Traffic PS,1.04432e+16,2017,1,4,Road Accidents,Narrow road,City/Town,Open area,Human Error,Not Applicable,Fatal,Hit pedestrian,Not Applicable,Not Applicable,City or Town Road,Bitumen(Tar),Not Applicable,Not Applicable,Fine,100FEET ROAD,tree,32feet,13.02550762,77.52087348
Bengaluru City,Peenya Traffic PS,1.04432e+16,2017,1,2,Road Accidents,Narrow road,City/Town,Open area,Human Error,Yes,Grievous Injury,Hit and Run,Not at  Junction,Straight and flat,Feeder Road,Bitumen(Tar),Not Applicable,No influence on accident,Not Applicable,100 FEET ROAD,ABB FACTORY,30FEET,13.03177688,77.51100772
Bengaluru City,Peenya Traffic PS,1.04432e+16,2017,1,1,Not Applicable,Narrow road,City/Town,Open area,Human Error,No,Grievous Injury,Head on,Not Applicable,Straight and flat,City or Town Road,Bitumen(Tar),Dry,No influence on accident,Fine,NH-4 H CROSS T DASARAHALLI,NEAR DURGA SAMIL,20FEET,13.0453213,77.50735052
Bengaluru City,Peenya Traffic PS,1.04432e+16,2017,1,1,Road Accidents,Other,City/Town,Open area,Human Error,No,Fatal,Hit pedestrian,Not Applicable,Others,City or Town Road,Bitumen(Tar),Not Applicable,Not Applicable,Fine,CROSS ROAD,TREE,12FEET,0.0,0.0
Bengaluru City,Peenya Traffic PS,1.04432e+16,2017,1,2,Road Accidents,Narrow road,City/Town,Near a factory industrial area,Human Error,Not Applicable,Grievous Injury,Head on,Not Applicable,Not Applicable,City or Town Road,Bitumen(Tar),Not Applicable,Not Applicable,Fine,"OPP TRIVENI FACTORY, PIA",ELECTRIC POLE,10FEET,13.04227037,77.52701069
Bengaluru City,Peenya Traffic PS,1.04432e+16,2017,1,2,Road Accidents,Junction,City/Town,Open area,Human Error,Not Applicable,Simple Injury,Rear end,Signals (Working),Not Applicable,NH,Bitumen(Tar),Others,Not Applicable,Fine,NH 4 SRS JUNCTION,PILLER NO 10,15FEET,13.03467958,77.5292811
Bengaluru City,Peenya Traffic PS,1.04432e+16,2017,1,2,Rail Road Accidents,Cross roads,City/Town,Near Hospital,Human Error,Yes,Simple Injury,Hit and Run,Not Applicable,Not Applicable,City or Town Road,Bitumen(Tar),Not Applicable,Not Applicable,Fine,4TH CROSS ROAD L G RAMANNA LAYOUT LAGGERE,ELECTRIC POLE,35FEET,13.00755856,77.5200698
Bengaluru City,Peenya Traffic PS,1.04432e+16,2017,1,1,Road Accidents,Not Applicable,City/Town,Near office complex,Human Error,Not Applicable,Simple Injury,Hit pedestrian,Not Applicable,Not Applicable,NH,Bitumen(Tar),Dry,Not Applicable,Fine,NH-4,PILLER NO 48 A,37,13.03939172,77.51928
Bengaluru City,Peenya Traffic PS,1.04432e+16,2017,1,1,Road Accidents,Other,City/Town,Open area,Human Error,No,Simple Injury,Hit pedestrian,Not Applicable,Others,NH,Bitumen(Tar),Dry,Not Applicable,Fine,NH 4 TUMAKUR BENGALORE NEAR NAGASANDRA METRO STATION,SENTAR MIDIAN,28FEET,13.04748846,77.50116106
Bengaluru City,Peenya Traffic PS,1.04432e+16,2017,1,2,Road Accidents,Junction,City/Town,Near Bus stop,Human Error,No,Simple Injury,Others,Controlled,Hump,Others,Bitumen(Tar),Dry,Not Applicable,Fine,NEAR 14 TH CROSS JUNCTION,TREE,5FEET,13.01830615,77.50662164
Bengaluru City,Peenya Traffic PS,1.04432e+16,2017,1,2,Road Accidents,Other,City/Town,Near School or College,Human Error,No,Simple Injury,Others,Not Applicable,Others,City or Town Road,Bitumen(Tar),Dry,Not Applicable,Not Applicable,1 ST MAIN ROAD KEMPEGOWDA NAGAR,ELECTRICAL POLE,8FEET,0.0,0.0
Bengaluru City,Peenya Traffic PS,1.04432e+16,2017,1,2,Not Applicable,Narrow road,City/Town,Open area,Human Error,No,Simple Injury,Head on,Not at  Junction,Straight and flat,City or Town Road,Bitumen(Tar),Dry,No influence on accident,Fine,BIO TREE FACTORY,BIO TREE FACTORY,38FEET,13.02533821,77.515252
Bengaluru City,Peenya Traffic PS,1.04432e+16,2017,1,2,Other Railway Accidents,Narrow road,City/Town,Open area,Human Error,No,Simple Injury,Head on,Not Applicable,Straight and flat,City or Town Road,Bitumen(Tar),Dry,No influence on accident,Fine,NEAR  DOMINOS PIZZ HUT,NEAR  DOMINOS PIZZ HUT,15FEET,0.0,0.0
Bengaluru City,Peenya Traffic PS,1.04432e+16,2017,1,1,Road Accidents,Other,City/Town,Open area,Human Error,No,Not Applicable,Hit fixed object,Not Applicable,Others,Arterial,Bitumen(Tar),Dry,Not Applicable,Fine,PIA 2 ND STAGE NEAR SHREE RAM DILUX HOTEL,ELECTRIC POLE,4FEET,0.0,0.0
Bengaluru City,Peenya Traffic PS,1.04432e+16,2017,1,1,Road Accidents,Junction,City/Town,Open area,Human Error,Not Applicable,Grievous Injury,Hit pedestrian,Signal lights Automatic,Not Applicable,City or Town Road,Bitumen(Tar),Not Applicable,Not Applicable,Not Applicable,S M ROAD,HIGH MUST LIGHT,6FEET,13.04018362,77.51873861
Bengaluru City,Peenya Traffic PS,1.04432e+16,2017,1,2,Road Accidents,Junction,City/Town,Open area,Human Error,Yes,Grievous Injury,Others,Signal lights Automatic,Not Applicable,City or Town Road,Bitumen(Tar),Not Applicable,Not Applicable,Not Applicable,HESARAGHATTA MAIN ROAD,ELECTRIC POLE,52FEET,13.05673219,77.50754425
Bengaluru City,Peenya Traffic PS,1.04432e+16,2017,1,1,Road Accidents,Junction,City/Town,Open area,Human Error,Yes,Simple Injury,Hit pedestrian,No signal lights,Not Applicable,City or Town Road,Bitumen(Tar),Not Applicable,Not Applicable,Fine,Thigalara palya main road,ELECTRIC POLE,28FEET,0.0,0.0
Bengaluru City,Peenya Traffic PS,1.04432e+16,2017,1,1,Road Accidents,Junction,City/Town,Open area,Human Error,No,Grievous Injury,Hit pedestrian,Signal lights Automatic,Not Applicable,NH,Bitumen(Tar),Not Applicable,No influence on accident,Fine,NH-4,PEENYA FLY OVER PILLER NO 65,15FEET,13.04228878,77.51476924
Bengaluru City,Peenya Traffic PS,1.04432e+16,2017,1,2,Road Accidents,Junction,City/Town,Open area,Human Error,Not Applicable,Simple Injury,Head on,Uncontrolled,Not Applicable,City or Town Road,Bitumen(Tar),Not Applicable,Not Applicable,Fine,HEGGANAHALLI MAIN ROAD,ELECTRIC POLE,15FEET,0.0,0.0
Bengaluru City,Peenya Traffic PS,1.04432e+16,2017,1,1,Road Accidents,Narrow road,City/Town,Open area,Human Error,Yes,Fatal,Hit pedestrian,Not Applicable,Not Applicable,City or Town Road,Bitumen(Tar),Not Applicable,Not Applicable,Fine,RAJAGOPALANAGARA MAIN ROAD,ELECTRIC POLE,28FEET,13.01889622,77.50984208