DISTRICTNAME,UNITNAME,Crime_No,Year,RI,Noofvehicle_involved,Accident_Classification,Accident_Spot,Accident_Location,Accident_SubLocation,Main_Cause,Hit_Run,Severity,Collision_Type,Junction_Control,Road_Character,Road_Type,Surface_Type,Surface_Condition,Road_Condition,Weather,Accident_Road,Landmark_first,Distance_LandMark_First,Latitude,Longitude
Bengaluru City,Peenya Traffic PS,1.04432e+16,2017,1,2,Not Applicable,Narrow road,City/Town,Open area,Human Error,No,Simple Injury,Head on,Not at  Junction,Straight and flat,City or Town Road,Bitumen(Tar),Dry,No influence on accident,Fine,05CROSS SIDEDAHALLI ROAD JUNCTION,VENKATESHWARA TRANDERS,08FEET,0.0,0.0
Bengaluru City,Peenya Traffic PS,1.04432e+16,2017,1,1,Road Accidents,Narrow road,City/Town,Open area,Human Error,Not Applicable,Grievous Injury,Hit pedestrian,Not Applicable,Not Applicable,City or Town Road,Bitumen(Tar),Not Applicable,Not Applicable,Fine,NELAGADARANAHALLI MAIN ROAD,ELECTRIC POLE,45FEET,13.04103859,77.50482669
Bengaluru City,Peenya Traffic PS,1.04432e+16,2017,1,1,Road Accidents,Narrow road,City/Town,Near Bus stop,Human Error,No,Damage Only,Hit fixed object,Not at  Junction,Straight and flat,NH,Bitumen(Tar),Dry,No influence on accident,Fine,NH 4,Peenya Industrial Metro Station,1 km,13.03651392,77.52519659
Bengaluru City,Peenya Traffic PS,1.04432e+16,2017,1,1,Road Accidents,Other,City/Town,At pedestrian Crossing,Human Error,No,Grievous Injury,Hit pedestrian,Not Applicable,Others,NH,Bitumen(Tar),Dry,Not Applicable,Fine,NH 4 TUMAKUR BANGALORE ROAD NEAR T DASARAHALLI METRO STATION,SIDE RELINGS,10FEET,13.04337213,77.51151884
Bengaluru City,Peenya Traffic PS,1.04432e+16,2017,1,1,Road Accidents,Not Applicable,City/Town,Near Petrol Pump,Human Error,No,Grievous Injury,Hit pedestrian,Controlled,Others,NH,Bitumen(Tar),Dry,Not Applicable,Fine,NH 4 NEAR 8 MILE JUNCTION,ELECTRIC POLE,30FEET,13.04543059,77.50726181
Bengaluru City,Peenya Traffic PS,1.04432e+16,2017,1,1,Road Accidents,Not Applicable,City/Town,In bazaar,Human Error,No,Grievous Injury,Hit pedestrian,Controlled,Others,NH,Bitumen(Tar),Dry,Not Applicable,Fine,"OPP RAGHAVENDRA HOSPITAL, NH-4",SIDE RALINGS,8FEET,13.04216847,77.51481553
Bengaluru City,Peenya Traffic PS,1.04432e+16,2017,1,2,Road Accidents,Junction,City/Town,Near a factory industrial area,Human Error,Yes,Grievous Injury,Hit and Run,Uncontrolled,Not Applicable,City or Town Road,Bitumen(Tar),Not Applicable,No influence on accident,Fine,SRS ROAD,HEAT CONTROLLER FACTORY,40FEET,13.02659836,77.52166954
Bengaluru City,Peenya Traffic PS,1.04432e+16,2017,1,2,Not Applicable,Narrow road,City/Town,Open area,Human Error,Yes,Grievous Injury,Head on,Not at  Junction,Straight and flat,City or Town Road,Bitumen(Tar),Dry,No influence on accident,Fine,NEAR SHOBA APPARTMENTS,NEAR SHOBA APPARTMENTS,40FEET,13.04740106,77.50134731
Bengaluru City,Peenya Traffic PS,1.04432e+16,2017,1,2,Road Accidents,Other,City/Town,Residential area,Human Error,No,Simple Injury,Rear end,Controlled,Not Applicable,NH,Bitumen(Tar),Dry,Not Applicable,Fine,NH-4 SERVICE ROAD OPP RACK LINE MOLL,METRO PILLER,25FEET,13.04000115,77.51824818
Bengaluru City,Peenya Traffic PS,1.04432e+16,2017,1,1,Road Accidents,Narrow road,City/Town,At pedestrian Crossing,Human Error,Not Applicable,Grievous Injury,Hit pedestrian,Signal lights Automatic,Not Applicable,NH,Bitumen(Tar),Not Applicable,Not Applicable,Not Applicable,NH-4,PILLER NO P71,40FEET,13.04278924,77.51298092
Bengaluru City,Peenya Traffic PS,1.04432e+16,2017,1,1,Road Accidents,T Junction,City/Town,Near a factory industrial area,Human Error,Not Applicable,Grievous Injury,Hit pedestrian,No signal lights,Not Applicable,City or Town Road,Bitumen(Tar),Not Applicable,Not Applicable,Not Applicable,RAJAGOPALANAGARA MAIN ROAD,ELECTRIC POLE,18FEET,13.0174034,77.51295705
Bengaluru City,Peenya Traffic PS,1.04432e+16,2017,1,1,Road Accidents,Narrow road,City/Town,Open area,Human Error,Yes,Simple Injury,Hit pedestrian,Not Applicable,Straight and flat,NH,Bitumen(Tar),Not Applicable,Not Applicable,Fine,NH-4,ELECTRIC POLE,20FEET,13.04828926,77.49804806
Bengaluru City,Peenya Traffic PS,1.04432e+16,2017,1,1,Road Accidents,Other,City/Town,Residential area,Human Error,Not Applicable,Fatal,Hit pedestrian,Not Applicable,Not Applicable,City or Town Road,Bitumen(Tar),Not Applicable,Not Applicable,Fine,4th cross road,ELECTRIC POLE,5feet,0.0,0.0
Bengaluru City,Peenya Traffic PS,1.04432e+16,2017,1,1,Road Accidents,Narrow road,City/Town,Near a factory industrial area,Human Error,Yes,Fatal,Hit pedestrian,Not Applicable,Others,Expressway,Concrete,Not Applicable,Not Applicable,Fine,NH-4,ELECTRIC POLE,20FEET,13.05009845,77.49295934
Bengaluru City,Peenya Traffic PS,1.04432e+16,2017,1,1,Road Accidents,Junction,City/Town,Near a recreation place/cinema,Human Error,No,Fatal,Hit bicyclist,Uncontrolled,Straight and flat,Others,Bitumen(Tar),Not Applicable,No influence on accident,Fine,NTTF ROAD,VIJAYA ROLLING MILL,35FEET,13.02639639,77.51460428
Bengaluru City,Peenya Traffic PS,1.04432e+16,2017,1,2,Road Accidents,Narrow road,City/Town,Near a factory industrial area,Human Error,Not Applicable,Grievous Injury,Others,Not Applicable,Not Applicable,City or Town Road,Bitumen(Tar),Not Applicable,Not Applicable,Fine,"3RD PHASE, PIA",TREE,18FEET,13.01641794,77.50180391
Bengaluru City,Peenya Traffic PS,1.04432e+16,2017,1,2,Not Applicable,Narrow road,City/Town,Open area,Vehicle Defect,Yes,Damage Only,Hit and Run,Not at  Junction,Straight and flat,City or Town Road,Bitumen(Tar),Dry,Not Applicable,Fine,KANVAMART OPP NELADARANAHALLI MAIN ROAD,KANVA MART,20FEET,13.04264541,77.50494443
Bengaluru City,Peenya Traffic PS,1.04432e+16,2017,1,1,Road Accidents,Other,City/Town,Open area,Human Error,No,Simple Injury,Hit pedestrian,Police / Manual,Not Applicable,NH,Bitumen(Tar),Not Applicable,Not Applicable,Fine,OPP WIDIA FACTOY NEAR FLY OVER DOWN RAP,ELECTRIC POLE,49FEET,13.04850079,77.49681732
Bengaluru City,Peenya Traffic PS,1.04432e+16,2017,1,2,Not Applicable,Narrow road,City/Town,Near Bus stop,Human Error,No,Grievous Injury,Head on,Not at  Junction,Straight and flat,City or Town Road,Bitumen(Tar),Dry,No influence on accident,Fine,NEAR MARIYAPPA COMPLEX,NEAR MARIYAPPA COMPLEX,15FEET,13.01917377,77.51573512
Bengaluru City,Peenya Traffic PS,1.04432e+16,2017,1,1,Road Accidents,Narrow road,City/Town,Open area,Human Error,No,Simple Injury,Hit pedestrian,Not Applicable,Not Applicable,NH,Bitumen(Tar),Not Applicable,Not Applicable,Fine,NH-4,PILLER,25FEET,13.04337213,77.51151884
Bengaluru City,Peenya Traffic PS,1.04432e+16,2017,1,3,Not Applicable,Junction,City/Town,Open area,Vehicle Defect,Yes,Damage Only,Head on,Signal lights Automatic,Straight and flat,City or Town Road,Bitumen(Tar),Dry,No influence on accident,Fine,PEENYA PS JUNCTION,VIVO FACTORY NEAR,20FEET,13.03778087,77.52214952
Bengaluru City,Peenya Traffic PS,1.04432e+16,2017,1,1,Road Accidents,Narrow road,City/Town,In bazaar,Human Error,No,Simple Injury,Hit pedestrian,Not Applicable,Others,Residential Street,Concrete,Dry,Not Applicable,Fine,COCONUT GARDEN ROAD,METRO PILLOR,40feet,13.0426277,77.51433349
Bengaluru City,Peenya Traffic PS,1.04432e+16,2017,1,1,Road Accidents,Not Applicable,City/Town,Near School or College,Human Error,No,Grievous Injury,Hit pedestrian,Not Applicable,Others,City or Town Road,Bitumen(Tar),Dry,Not Applicable,Fine,"NEAR NEW CAMBRIDGE SCHOOL, SUVARNANAGAR MAIN ROAD",FOOT BATH,16FEET,13.03272167,77.50391238
Bengaluru City,Peenya Traffic PS,1.04432e+16,2017,1,2,Not Applicable,Narrow road,City/Town,Open area,Human Error,No,Simple Injury,Head on,Controlled,Straight and flat,City or Town Road,Bitumen(Tar),Dry,No influence on accident,Fine,MARIYAPPA COMPLEX,MARIYAPPA COMPLEX,20FEET,0.0,0.0
Bengaluru City,Peenya Traffic PS,1.04432e+16,2017,1,2,Road Accidents,Junction,City/Town,Open area,Human Error,Not Applicable,Damage Only,Head on,Signal lights Automatic,Not Applicable,NH,Bitumen(Tar),Not Applicable,Not Applicable,Fine,NH-4,PILLER,15FEET,13.03778087,77.52214952
Bengaluru City,Peenya Traffic PS,1.04432e+16,2017,1,2,Road Accidents,Narrow road,City/Town,Open area,Human Error,No,Simple Injury,Head on,Not at  Junction,Straight and flat,Service Road,Bitumen(Tar),Not Applicable,No influence on accident,Fine,NH-4 SERVICE ROAD,allied distilers,38feet,0.0,0.0
Bengaluru City,Peenya Traffic PS,1.04432e+16,2017,1,2,Road Accidents,Narrow road,City/Town,Near a factory industrial area,Human Error,Not Applicable,Grievous Injury,Others,Not Applicable,Not Applicable,City or Town Road,Bitumen(Tar),Not Applicable,Not Applicable,Not Applicable,HEGGANAHALLI MAIN ROAD,ELECTRIC POLE,10FEET,13.00849604,77.50612816
Bengaluru City,Peenya Traffic PS,1.04432e+16,2017,1,2,Road Accidents,Narrow road,City/Town,Open area,Human Error,Not Applicable,Simple Injury,Others,Not Applicable,Not Applicable,NH,Bitumen(Tar),Not Applicable,Not Applicable,Fine,NH-4 fly over,ELECTRIC POLE,29FEET,13.04397162,77.51049734
Bengaluru City,Peenya Traffic PS,1.04432e+16,2017,1,2,Road Accidents,Narrow road,City/Town,Near Petrol Pump,Human Error,Yes,Grievous Injury,Side swipe,Not Applicable,Straight and flat,Service Road,Bitumen(Tar),Not Applicable,Not Applicable,Fine,NH-4 SERVICE ROAD,ELECTRIC POLE,25FEET,13.04579386,77.50533523
Bengaluru City,Peenya Traffic PS,1.04432e+16,2017,1,1,Road Accidents,Narrow road,City/Town,Residential area,Human Error,Yes,Simple Injury,Hit pedestrian,Not Applicable,Straight and flat,Others,Bitumen(Tar),Not Applicable,Not Applicable,Fine,PIPELINE ROAD,ELECTRIC POLE,25FEET,13.05110959,77.5145789
Bengaluru City,Peenya Traffic PS,1.04432e+16,2017,1,1,Road Accidents,Junction,City/Town,Near Bus stop,Human Error,Not Applicable,Grievous Injury,Hit pedestrian,Signal lights Automatic,Not Applicable,City or Town Road,Bitumen(Tar),Not Applicable,Not Applicable,Fine,100FEET ROAD,ELECTRIC POLE,42FEET,13.02852634,77.51943318
Bengaluru City,Peenya Traffic PS,1.04432e+16,2017,1,2,Road Accidents,Y Junction,City/Town,Residential area,Human Error,Yes,Fatal,Head on,Not Applicable,Not Applicable,Not Applicable,Bitumen(Tar),Others,Not Applicable,Others,GANGONDANAHALLI ROAD,SYAMALA SIDDAGANGAIAH CONVENTION HALL,30FEET,13.02755718,77.49378338
Bengaluru City,Peenya Traffic PS,1.04432e+16,2017,1,1,Road Accidents,Narrow road,Not Applicable,Open area,Human Error,No,Grievous Injury,Hit pedestrian,Not at  Junction,Not Applicable,Feeder Road,Bitumen(Tar),Not Applicable,No influence on accident,Fine,HESARAGHATTA MAIN ROAD,ASPAN GARDEN,45FEET,13.04595292,77.50749195
Bengaluru City,Peenya Traffic PS,1.04432e+16,2017,1,2,Not Applicable,Narrow road,City/Town,Open area,Human Error,No,Simple Injury,Head on,Not at  Junction,Straight and flat,City or Town Road,Bitumen(Tar),Dry,Not Applicable,Fine,HESARAGHATTA MAIN ROAD,ROYAL MART NEAR,20FEET,13.04966622,77.50761843
Bengaluru City,Peenya Traffic PS,1.04432e+16,2017,1,4,Road Accidents,Curves,City/Town,At pedestrian Crossing,Human Error,No,Simple Injury,Hit pedestrian,Not Applicable,Not Applicable,City or Town Road,Bitumen(Tar),Dry,Not Applicable,Fine,DODDANNA INDUSTRIAL 4 TH CROSS ROAD &GK W LAYOUT MAIN,ELECTRIC POLE,10FEET,13.01097398,77.5071718
Bengaluru City,Peenya Traffic PS,1.04432e+16,2017,1,2,Road Accidents,Curves,City/Town,Near office complex,Human Error,No,Simple Injury,Head on,Not Applicable,Others,NH,Bitumen(Tar),Dry,Not Applicable,Fine,NH-4 BENGALORE TUMAKUR SERVICE ROAD NEAR SHOBHA APRTAMENT,ELECTRICAL POLE,20FEET,13.04730034,77.50093999
Bengaluru City,Peenya Traffic PS,1.04432e+16,2017,1,1,Road Accidents,Narrow road,City/Town,Open area,Human Error,No,Simple Injury,Hit pedestrian,Signal lights Automatic,Straight and flat,NH,Bitumen(Tar),Not Applicable,No influence on accident,Fine,NH-4,S N HOME WORLD,30FEET,0.0,0.0
Bengaluru City,Peenya Traffic PS,1.04432e+16,2017,1,2,Road Accidents,T Junction,City/Town,Open area,Human Error,Yes,Simple Injury,Others,No signal lights,Not Applicable,City or Town Road,Bitumen(Tar),Not Applicable,Not Applicable,Fine,KATARAYANPURA MAIN ROAD,ELECTRIC POLE,34FEET,13.05644673,77.50130751
Bengaluru City,Peenya Traffic PS,1.04432e+16,2017,1,1,Road Accidents,Narrow road,City/Town,Open area,Human Error,Not Applicable,Grievous Injury,Hit pedestrian,Not at  Junction,Not Applicable,City or Town Road,Bitumen(Tar),Not Applicable,Not Applicable,Fine,4th MAIN SHAMBHAVI NAGARA ROAD,TREE,5FEET,13.01371905,77.51016833
Bengaluru City,Peenya Traffic PS,1.04432e+16,2017,1,1,Road Accidents,Narrow road,City/Town,Open area,Human Error,Yes,Simple Injury,Others,Not Applicable,Not Applicable,NH,Bitumen(Tar),Not Applicable,Not Applicable,Not Applicable,NH4- TOLL,ELECTRIC POLE,30FEET,13.05001232,77.49401361
Bengaluru City,Peenya Traffic PS,1.04432e+16,2017,1,2,Road Accidents,Junction,City/Town,Open area,Human Error,Not Applicable,Grievous Injury,Others,Signal lights Automatic,Not Applicable,NH,Bitumen(Tar),Not Applicable,Not Applicable,Fine,NH-4,PILLER NO 11,25FEET,13.03464781,77.52962944
Bengaluru City,Peenya Traffic PS,1.04432e+16,2017,1,2,Road Accidents,Narrow road,City/Town,Open area,Human Error,Yes,Simple Injury,Others,Not Applicable,Not Applicable,City or Town Road,Bitumen(Tar),Not Applicable,Not Applicable,Not Applicable,POLICE STATION ROAD,ELECTRIC POLE,15FEET,0.0,0.0
Bengaluru City,Peenya Traffic PS,1.04432e+16,2017,1,2,Not Applicable,Narrow road,City/Town,Open area,Human Error,No,Grievous Injury,Side swipe,Not at  Junction,Straight and flat,NH,Bitumen(Tar),Not Applicable,Not Applicable,Fine,NH-4,T DASARAHALLI METRO STATION,20FEET,13.04264831,77.51424932
Bengaluru City,Peenya Traffic PS,1.04432e+16,2017,1,2,Road Accidents,T Junction,City/Town,Open area,Human Error,Not Applicable,Grievous Injury,Head on,Uncontrolled,Not Applicable,City or Town Road,Bitumen(Tar),Not Applicable,Not Applicable,Fine,NELAGADARANAHALLI,ELECTRIC POLE,20FEET,13.03360582,77.50269208
Bengaluru City,Peenya Traffic PS,1.04432e+16,2017,1,1,Road Accidents,Other,Not Applicable,Near Petrol Pump,Human Error,Yes,Grievous Injury,Hit and Run,Not at  Junction,Not Applicable,NH,Bitumen(Tar),Dry,Not Applicable,Clear,NH 4 NEAR SHOBHA APT,PILLER 110 I,6 FEET,0.0,0.0
Bengaluru City,Peenya Traffic PS,1.04432e+16,2017,1,2,Road Accidents,Bridge,City/Town,Narrow bridge or culverts,Human Error,No,Fatal,Side impact or Right angle,Uncontrolled,Sharp Curve,NH,Bitumen(Tar),Dry,Not Applicable,Fine,N H 4 FLYOVER ROAD,ELECTRICAL POLL,22FEET,13.04740106,77.50134731
Bengaluru City,Peenya Traffic PS,1.04432e+16,2017,1,4,Road Accidents,Narrow road,City/Town,Open area,Human Error,Not Applicable,Fatal,Others,Not Applicable,Not Applicable,NH,Bitumen(Tar),Not Applicable,Not Applicable,Fine,NH-4,PILLER P83E,40FEET,0.0,0.0
Bengaluru City,Peenya Traffic PS,1.04432e+16,2017,1,2,Road Accidents,Not Applicable,City/Town,Near a factory industrial area,Human Error,No,Fatal,Head on,Not Applicable,Not Applicable,City or Town Road,Bitumen(Tar),Not Applicable,Not Applicable,Not Applicable,VIJAY MILLING ROAD,TREE,25 FT,13.02745425,77.51708196
Bengaluru City,Peenya Traffic PS,1.04432e+16,2017,1,2,Road Accidents,Not Applicable,City/Town,Open area,Human Error,Yes,Damage Only,Hit and Run,Not Applicable,Not Applicable,City or Town Road,Bitumen(Tar),Not Applicable,Not Applicable,Fine,N H 4,Eyemax light,55Feet,13.04942735,77.49476225
Bengaluru City,Peenya Traffic PS,1.04432e+16,2017,1,1,Road Accidents,Narrow road,City/Town,Residential area,Human Error,Yes,Grievous Injury,Hit pedestrian,Not at  Junction,Straight and flat,Residential Street,Bitumen(Tar),Dry,No influence on accident,Fine,Rajeshwarinagara 1st Main Road,Friends Circle,2 km,13.007551,77.5200708
Bengaluru City,Peenya Traffic PS,1.04432e+16,2017,1,3,Road Accidents,Junction,City/Town,Open area,Human Error,No,Grievous Injury,Others,Not Applicable,Others,City or Town Road,Bitumen(Tar),Dry,Not Applicable,Fine,NEAR NELAGADARANAHALLI MAIN ROAD,ELECTRIC POLE,6FEET,13.03171469,77.50369477
Bengaluru City,Peenya Traffic PS,1.04432e+16,2017,1,2,Not Applicable,Narrow road,City/Town,Open area,Human Error,Yes,Simple Injury,Hit and Run,Not at  Junction,Straight and flat,City or Town Road,Bitumen(Tar),Dry,No influence on accident,Fine,CI CUSTOM SCHOOL ROAD,CI CUSTOM SCHOOL ROAD,15FEET,13.04748846,77.50116106
Bengaluru City,Peenya Traffic PS,1.04432e+16,2017,1,2,Road Accidents,Cross roads,City/Town,Near Hospital,Human Error,Yes,Simple Injury,Side swipe,Not at  Junction,Straight and flat,Residential Street,Bitumen(Tar),Not Applicable,No influence on accident,Fine,NELAGADARANAHALLI MAIN ROAD,CHAYA NURSING HOME,42FEET,0.0,0.0
Bengaluru City,Peenya Traffic PS,1.04432e+16,2017,1,2,Road Accidents,Other,City/Town,Near office complex,Human Error,Yes,Simple Injury,Head on,Not Applicable,Others,City or Town Road,Bitumen(Tar),Dry,Not Applicable,Fine,"10 TH MAIN ROAD, 14 TH CROSS PIA",ELECTRIC POLE,20FEET,0.0,0.0
Bengaluru City,Peenya Traffic PS,1.04432e+16,2017,1,1,Road Accidents,Narrow road,City/Town,Open area,Human Error,Not Applicable,Fatal,Hit pedestrian,Not Applicable,Not Applicable,City or Town Road,Bitumen(Tar),Not Applicable,Not Applicable,Fine,LAGGERE RING ROAD,DURGA SHREE CONDIMENTS,150MTR,13.00864141,77.52700943
Bengaluru City,Peenya Traffic PS,1.04432e+16,2017,1,2,Road Accidents,More than four arms,City/Town,Open area,Human Error,Not Applicable,Grievous Injury,Others,Give way sign,Not Applicable,NH,Bitumen(Tar),Not Applicable,Not Applicable,Not Applicable,NH-4,T DASARAHALLI METRO STATION,100MTR,13.04322697,77.51224435
Bengaluru City,Peenya Traffic PS,1.04432e+16,2017,1,2,Road Accidents,Narrow road,City/Town,Near Bus stop,Human Error,Yes,Damage Only,Others,Not Applicable,Not Applicable,City or Town Road,Bitumen(Tar),Not Applicable,Not Applicable,Fine,100FEET ROAD,PEENYA FIRE STATION,10FEET,13.02690194,77.52014114
Bengaluru City,Peenya Traffic PS,1.04432e+16,2017,1,1,Road Accidents,Narrow road,City/Town,Near a factory industrial area,Human Error,Yes,Simple Injury,Hit pedestrian,Not Applicable,Not Applicable,City or Town Road,Bitumen(Tar),Not Applicable,Not Applicable,Fine,ANDHARAHALLI MAIN ROAD,ELECTRIC POLE,20FEET,13.0098033,77.50518585
Bengaluru City,Peenya Traffic PS,1.04432e+16,2017,1,2,Road Accidents,Narrow road,Not Applicable,Open area,Human Error,No,Grievous Injury,Side swipe,Not at  Junction,Straight and flat,City or Town Road,Bitumen(Tar),Not Applicable,No influence on accident,Fine,100 FEET ROAD,AXIS BANK,60FEET,13.03754245,77.51829116
Bengaluru City,Peenya Traffic PS,1.04432e+16,2017,1,2,Road Accidents,Narrow road,City/Town,Open area,Human Error,Not Applicable,Grievous Injury,Side impact or Right angle,Not Applicable,Not Applicable,City or Town Road,Bitumen(Tar),Not Applicable,Not Applicable,Fine,100FEET ROAD,ELECTRIC POLE,15FEET,13.04199779,77.51559794
Bengaluru City,Peenya Traffic PS,1.04432e+16,2017,1,2,Not Applicable,Narrow road,City/Town,Open area,Vehicle Defect,No,Damage Only,Head on,Not at  Junction,Straight and flat,City or Town Road,Bitumen(Tar),Dry,No influence on accident,Fine,PEENYA INDUTRIAL AREA PEENYA 2ND STAGE,PRADEEP INDUSTRIES,42FEET,13.01088627,77.50693217
Bengaluru City,Peenya Traffic PS,1.04432e+16,2017,1,1,Road Accidents,Junction,City/Town,Near a factory industrial area,Human Error,No,Fatal,Hit pedestrian,Uncontrolled,Curve,City or Town Road,Bitumen(Tar),Not Applicable,No influence on accident,Not Applicable,PEENYA INDUTRIAL AREA PEENYA 2ND STAGE,14th cross post office,12FEET,13.01830615,77.50662164
Bengaluru City,Peenya Traffic PS,1.04432e+16,2017,1,2,Road Accidents,Junction,City/Town,Open area,Human Error,Not Applicable,Grievous Injury,Others,Signal lights Automatic,Not Applicable,NH,Bitumen(Tar),Not Applicable,Not Applicable,Fine,NH-4 PEENYA PS JUNCTION,PILLER NO 38,28FEET,0.0,0.0
Bengaluru City,Peenya Traffic PS,1.04432e+16,2017,1,1,Not Applicable,Narrow road,City/Town,Open area,Human Error,Yes,Grievous Injury,Hit and Run,Not at  Junction,Straight and flat,City or Town Road,Bitumen(Tar),Dry,No influence on accident,Fine,GANESH TEMPLE NEAR RAJGOPAL NAGAR,MAHARAJA HOME APPLENCE,40FEET,13.01805137,77.51503173
Bengaluru City,Peenya Traffic PS,1.04432e+16,2017,1,1,Road Accidents,Narrow road,City/Town,Open area,Human Error,Not Applicable,Fatal,Hit pedestrian,Not Applicable,Not Applicable,City or Town Road,Bitumen(Tar),Not Applicable,Not Applicable,Fine,SHETTY HALLI MAIN ROAD,ELECTRIC POLE,45FEET,13.06167849,77.51913443
Bengaluru City,Peenya Traffic PS,1.04432e+16,2017,1,2,Road Accidents,Junction,City/Town,Near a factory industrial area,Human Error,Yes,Grievous Injury,Head on,Signals (Not working),Not Applicable,City or Town Road,Bitumen(Tar),Not Applicable,Not Applicable,Fine,100FEET ROAD,ELECTRIC POLE,60FEET,0.0,0.0
Bengaluru City,Peenya Traffic PS,1.04432e+16,2017,1,2,Road Accidents,Other,City/Town,Near Petrol Pump,Human Error,No,Simple Injury,Rear end,Uncontrolled,Not Applicable,NH,Bitumen(Tar),Not Applicable,Not Applicable,Fine,N H 4,CENTRE MEADIAN,10FEET,13.03641468,77.52494567
Bengaluru City,Peenya Traffic PS,1.04432e+16,2017,1,1,Road Accidents,Not Applicable,City/Town,Near office complex,Human Error,Yes,Simple Injury,Hit pedestrian,Not Applicable,Not Applicable,City or Town Road,Bitumen(Tar),Not Applicable,Not Applicable,Fine,HESRAGHATTA MAIN ROAD,ELECTRICAL POLE,30,13.0534143,77.5081114
Bengaluru City,Peenya Traffic PS,1.04432e+16,2017,1,2,Not Applicable,Narrow road,City/Town,Open area,Human Error,Yes,Grievous Injury,Hit and Run,Not at  Junction,Straight and flat,City or Town Road,Bitumen(Tar),Dry,No influence on accident,Fine,RANJITHA BHAVANA NEAR,RANJITHA BHAVANA NEAR,50FEET,0.0,0.0
Bengaluru City,Peenya Traffic PS,1.04432e+16,2017,1,1,Not Applicable,Narrow road,City/Town,At pedestrian Crossing,Human Error,No,Grievous Injury,Hit pedestrian,Not at  Junction,Straight and flat,City or Town Road,Bitumen(Tar),Dry,Not Applicable,Fine,NANDISHWARA CANDIMENTS NEAR,NANDISHWARA CANDIMENTS NEAR,20FEET,13.04748846,77.50116106
Bengaluru City,Peenya Traffic PS,1.04432e+16,2017,1,1,Road Accidents,Not Applicable,City/Town,Open area,Human Error,No,Grievous Injury,Hit pedestrian,Uncontrolled,Curve,NH,Bitumen(Tar),Dry,Not Applicable,Fine,NH-4 NEAR KENAMETAL FACTORY,ELECTRICAL POLE,50FEET,13.04748846,77.50116106
Bengaluru City,Peenya Traffic PS,1.04432e+16,2017,1,1,Road Accidents,Other,City/Town,Near Bus stop,Human Error,Yes,Grievous Injury,Not Applicable,Controlled,Others,NH,Bitumen(Tar),Dry,Not Applicable,Fine,"NH-4, H CROSS JUNCTION NEAR BUS STOP",FLY OVER PILLER,30FEET,13.04543059,77.50726181
Bengaluru City,Peenya Traffic PS,1.04432e+16,2017,1,1,Road Accidents,Other,City/Town,At pedestrian Crossing,Human Error,No,Simple Injury,Hit pedestrian,Not Applicable,Not Applicable,NH,Bitumen(Tar),Dry,Not Applicable,Fine,NH 4 NEAR T DASARAHALLI METRO STATION,ELECTRIC POLE,30FEET,0.0,0.0
Bengaluru City,Peenya Traffic PS,1.04432e+16,2017,1,1,Road Accidents,Narrow road,City/Town,Open area,Human Error,Yes,Grievous Injury,Hit pedestrian,Not Applicable,Not Applicable,Service Road,Bitumen(Tar),Not Applicable,Not Applicable,Fine,NH-4 SERVICE ROAD,SKY WALK,45FEET,13.05012437,77.49389269
Bengaluru City,Peenya Traffic PS,1.04432e+16,2017,1,1,Road Accidents,More than four arms,City/Town,Near Bus stop,Human Error,Yes,Grievous Injury,Hit pedestrian,Not Applicable,Not Applicable,NH,Bitumen(Tar),Not Applicable,Not Applicable,Fine,NH-4 ROAD,PILLER NO 111,53FEET,13.04724453,77.50132461
Bengaluru City,Peenya Traffic PS,1.04432e+16,2017,1,2,Road Accidents,Narrow road,City/Town,Open area,Human Error,Yes,Grievous Injury,Others,Not at  Junction,Not Applicable,NH,Bitumen(Tar),Not Applicable,Not Applicable,Fine,NH-4,PILLER NO 90,31FEET,13.04532004,77.50692247
Bengaluru City,Peenya Traffic PS,1.04432e+16,2017,1,2,Road Accidents,Narrow road,City/Town,Open area,Human Error,Yes,Simple Injury,Others,Not Applicable,Not Applicable,City or Town Road,Bitumen(Tar),Not Applicable,Not Applicable,Fine,PEENYA 2ND STGE,TREE,15FEET,0.0,0.0
Bengaluru City,Peenya Traffic PS,1.04432e+16,2017,1,2,Road Accidents,Narrow road,City/Town,Open area,Human Error,No,Damage Only,Rear end,Not Applicable,Not Applicable,NH,Bitumen(Tar),Not Applicable,Not Applicable,Fine,NH-4,ELECTRIC POLE,25FEET,13.04216062,77.51466047
Bengaluru City,Peenya Traffic PS,1.04432e+16,2017,1,1,Not Applicable,Narrow road,City/Town,Open area,Human Error,Yes,Grievous Injury,Hit and Run,Controlled,Straight and flat,City or Town Road,Bitumen(Tar),Dry,No influence on accident,Fine,INFRONT OF KAPIL VAINS RAJAGOPAL NAGAR MAIN ROAD,MAHADEV ELECTRICS,30,13.0188488,77.51547047
Bengaluru City,Peenya Traffic PS,1.04432e+16,2017,1,2,Road Accidents,Junction,City/Town,Near Petrol Pump,Human Error,No,Damage Only,Right Turn Collision,Signal lights Automatic,Others,City or Town Road,Bitumen(Tar),Not Applicable,Not Applicable,Fine,N H 4,CENTRE MEADIAN,15FEET,13.04530645,77.50725623