DISTRICTNAME,UNITNAME,Crime_No,Year,RI,Noofvehicle_involved,Accident_Classification,Accident_Spot,Accident_Location,Accident_SubLocation,Main_Cause,Hit_Run,Severity,Collision_Type,Junction_Control,Road_Character,Road_Type,Surface_Type,Surface_Condition,Road_Condition,Weather,Accident_Road,Landmark_first,Distance_LandMark_First,Latitude,Longitude
Bengaluru City,Peenya Traffic PS,1.04432e+16,2017,1,1,Road Accidents,Narrow road,City/Town,Near a factory industrial area,Human Error,No,Grievous Injury,Hit pedestrian,Not at  Junction,Straight and flat,City or Town Road,Bitumen(Tar),Dry,No influence on accident,Fine,Lake Road,Isro Company,2 km,13.03610721,77.51500837
Bengaluru City,Peenya Traffic PS,1.04432e+16,2017,1,2,Road Accidents,Narrow road,City/Town,Open area,Human Error,Not Applicable,Damage Only,Rear end,Not at  Junction,Straight and flat,City or Town Road,Bitumen(Tar),Dry,No influence on accident,Fine,Rajagopalanagara Main Road,Balaji Textiles,2 km,13.01097398,77.5071718
Bengaluru City,Peenya Traffic PS,1.04432e+16,2017,1,2,Road Accidents,Other,City/Town,Open area,Human Error,No,Fatal,Head on,Uncontrolled,Others,NH,Bitumen(Tar),Dry,Not Applicable,Fine,NH 4 SERVICE ROAD NEAR SWATHI PERTOL BUNK,FLY OVER PILLOR,58FEET,0.0,0.0
Bengaluru City,Peenya Traffic PS,1.04432e+16,2017,1,2,Road Accidents,Curves,City/Town,Open area,Human Error,Yes,Simple Injury,Others,Uncontrolled,Not Applicable,Not Applicable,Bitumen(Tar),Not Applicable,No influence on accident,Fine,PIA,FASHON MATIC,25FEET,0.0,0.0
Bengaluru City,Peenya Traffic PS,1.04432e+16,2017,1,2,Road Accidents,Bridge,City/Town,Narrow bridge or culverts,Human Error,No,Simple Injury,Others,Not Applicable,Others,NH,Bitumen(Tar),Dry,Not Applicable,Fine,NH-4 FLY OVER NEAR H CROSS JUNCTION,ROAD SIDE MIDAIN,12FFET,0.0,0.0
Bengaluru City,Peenya Traffic PS,1.04432e+16,2017,1,1,Road Accidents,Narrow road,City/Town,Open area,Human Error,Yes,Grievous Injury,Hit and Run,Not Applicable,Not Applicable,City or Town Road,Bitumen(Tar),Not Applicable,Not Applicable,Fine,T.DASARAHALLI METRO STATION ROAD,VENKATESHWERA STORES,5FEET,13.0456624,77.51378288
Bengaluru City,Peenya Traffic PS,1.04432e+16,2017,1,2,Road Accidents,Narrow road,City/Town,Near a factory industrial area,Human Error,Yes,Grievous Injury,Others,Not Applicable,Straight and flat,City or Town Road,Bitumen(Tar),Not Applicable,Not Applicable,Fine,PIA,ELECTRIC POLE,5FEET,13.01626419,77.502015
Bengaluru City,Peenya Traffic PS,1.04432e+16,2017,1,1,Road Accidents,Narrow road,City/Town,Open area,Human Error,Yes,Grievous Injury,Others,Not Applicable,Straight and flat,NH,Bitumen(Tar),Not Applicable,Not Applicable,Fine,NH-4,PILLER NO 74,10FEET,13.04284712,77.51311898
Bengaluru City,Peenya Traffic PS,1.04432e+16,2017,1,2,Road Accidents,T Junction,City/Town,Open area,Human Error,Yes,Grievous Injury,Others,Uncontrolled,Not Applicable,City or Town Road,Bitumen(Tar),Not Applicable,Not Applicable,Fine,SEDEDAHALLI ROAD,ELECTRIC POLE,20FEET,13.0682035,77.48954272
Bengaluru City,Peenya Traffic PS,1.04432e+16,2017,1,3,Road Accidents,Junction,City/Town,Near Petrol Pump,Human Error,Yes,Grievous Injury,Hit and Run,Signal lights Blinking,Not Applicable,City or Town Road,Bitumen(Tar),Others,Not Applicable,Fine,SBM JUNCTION,TRAFFIC SIGNLE POLE,40feet,13.02588465,77.52077598
Bengaluru City,Peenya Traffic PS,1.04432e+16,2017,1,1,Road Accidents,Other,City/Town,At pedestrian Crossing,Human Error,Yes,Grievous Injury,Hit pedestrian,Uncontrolled,Not Applicable,City or Town Road,Bitumen(Tar),Others,Not Applicable,Fine,NH-4ROAD NEAR  SM CIRCLE JUNCATIO,METRO PILLOR,20feet,13.04007004,77.51833965
Bengaluru City,Peenya Traffic PS,1.04432e+16,2017,1,1,Road Accidents,Narrow road,City/Town,At pedestrian Crossing,Human Error,No,Grievous Injury,Hit pedestrian,Not Applicable,Not Applicable,Others,Bitumen(Tar),Dry,Not Applicable,Fine,OPP AXIS BANK ATM MALLASANDRA MAIN ROAD,ELECTRIC POLE,20FEET,13.04112961,77.50487702
Bengaluru City,Peenya Traffic PS,1.04432e+16,2017,1,1,Road Accidents,Other,Rural Areas,Open area,Human Error,No,Simple Injury,Hit pedestrian,Uncontrolled,Not Applicable,Others,Bitumen(Tar),Dry,Not Applicable,Fine,CHANNANAYAKAN PALYA GANESH TEMPLE ROAD,FLAG POLE,26FEET,13.0449917,77.48550439
Bengaluru City,Peenya Traffic PS,1.04432e+16,2017,1,2,Road Accidents,Other,City/Town,Open area,Human Error,No,Grievous Injury,Others,No signal lights,Others,City or Town Road,Bitumen(Tar),Dry,Not Applicable,Fine,"OPP KEMPANNA HOUSE, THIPPENAHALLI MAIN ROAD",ELECTRICAL POLE,29FEET,0.0,0.0
Bengaluru City,Peenya Traffic PS,1.04432e+16,2017,1,2,Road Accidents,Junction,City/Town,Open area,Human Error,Not Applicable,Grievous Injury,Others,Signal lights Automatic,Not Applicable,City or Town Road,Bitumen(Tar),Not Applicable,Not Applicable,Not Applicable,PEENY INDUSTRIAL AREA,ELETRIC POLE,20FEET,13.02498613,77.51110448
Bengaluru City,Peenya Traffic PS,1.04432e+16,2017,1,1,Road Accidents,Narrow road,City/Town,Open area,Human Error,Not Applicable,Grievous Injury,Hit pedestrian,Not Applicable,Not Applicable,City or Town Road,Bitumen(Tar),Not Applicable,Not Applicable,Not Applicable,NELAGADARANAHALLI MAIN ROAD,TREE,35FEET,13.04223604,77.50501406
Bengaluru City,Peenya Traffic PS,1.04432e+16,2017,1,1,Road Accidents,Cross roads,City/Town,Open area,Human Error,Yes,Grievous Injury,Hit pedestrian,Not Applicable,Curve,City or Town Road,Bitumen(Tar),Not Applicable,Not Applicable,Fine,HESARAGHATTA MAIN ROAD,ELECTRIC POLE,10FEET,13.05817712,77.50716537
Bengaluru City,Peenya Traffic PS,1.04432e+16,2017,1,2,Road Accidents,Narrow road,City/Town,Open area,Human Error,Not Applicable,Grievous Injury,Others,Not Applicable,Straight and flat,City or Town Road,Bitumen(Tar),Not Applicable,Not Applicable,Fine,NELAGADARNAHALLI MAIN ROAD,TREE,25FEET,13.04493967,77.50553736
Bengaluru City,Peenya Traffic PS,1.04432e+16,2017,1,1,Road Accidents,Other,City/Town,Near Bus stop,Human Error,Yes,Simple Injury,Hit pedestrian,Not Applicable,Straight and flat,City or Town Road,Bitumen(Tar),Not Applicable,Not Applicable,Fine,HEGGANAHALLI MAIN ROAD,HEGGANAHALLI BUS STAND,10FEET,13.00689254,77.50540594
Bengaluru City,Peenya Traffic PS,1.04432e+16,2017,1,2,Road Accidents,Narrow road,City/Town,Open area,Human Error,Yes,Grievous Injury,Head on,Not at  Junction,Not Applicable,Mixed,Bitumen(Tar),Not Applicable,No influence on accident,Fine,HEGGENAHALLI MAIN ROAD,HEGGANAHALLI BUS STOP,10FEET,13.00352999,77.50472849
Bengaluru City,Peenya Traffic PS,1.04432e+16,2017,1,2,Road Accidents,Narrow road,City/Town,Open area,Human Error,Not Applicable,Grievous Injury,Head on,Not Applicable,Not Applicable,City or Town Road,Bitumen(Tar),Not Applicable,Not Applicable,Fine,PIA,ELECTRIC POLE,43FEET,13.01250605,77.50825885
Bengaluru City,Peenya Traffic PS,1.04432e+16,2017,1,2,Not Applicable,Narrow road,City/Town,Open area,Human Error,No,Grievous Injury,Head on,Not at  Junction,Curve and Incline,City or Town Road,Bitumen(Tar),Dry,No influence on accident,Fine,PATAKI GODOWN ROAD SANJEEVINI NAGARA 2ND MAIN HEGGENAHALLI,B N SING HOUSE,15FEET,13.00437686,77.50285337
Bengaluru City,Peenya Traffic PS,1.04432e+16,2017,1,3,Road Accidents,Junction,City/Town,Open area,Human Error,No,Damage Only,Rear end,Signal lights Automatic,Not Applicable,NH,Bitumen(Tar),Not Applicable,Not Applicable,Fine,NH-4,PEENYA FLY OVER PILLER 10,24FEET,0.0,0.0
Bengaluru City,Peenya Traffic PS,1.04432e+16,2017,1,2,Road Accidents,Junction,City/Town,Near School or College,Human Error,No,Damage Only,Rear end,Controlled,Not Applicable,City or Town Road,Bitumen(Tar),Not Applicable,Not Applicable,Fine,"SRS JUNCTION, NH-4",PILLER,35FEET,13.03460533,77.52970477
Bengaluru City,Peenya Traffic PS,1.04432e+16,2017,1,2,Road Accidents,Narrow road,City/Town,Open area,Human Error,No,Simple Injury,Rear end,Not at  Junction,Straight and flat,NH,Bitumen(Tar),Not Applicable,No influence on accident,Fine,NH-4,RADHASWAMY SATSANG BIYAS GATE,25FEET,0.0,0.0
Bengaluru City,Peenya Traffic PS,1.04432e+16,2017,1,1,Road Accidents,Other,City/Town,Open area,Human Error,No,Simple Injury,Hit pedestrian,No signal lights,Others,NH,Bitumen(Tar),Dry,Not Applicable,Fine,NH 4 SERVICE ROAD NEAR RADHA SWAMY SASTHANG BIYAS,ROAD EDGE,8FEET,13.04901623,77.49579637
Bengaluru City,Peenya Traffic PS,1.04432e+16,2017,1,1,Road Accidents,Other,City/Town,At pedestrian Crossing,Human Error,Yes,Simple Injury,Overturning,Not Applicable,Others,NH,Bitumen(Tar),Dry,Not Applicable,Fine,NH-4 NEAR PEENYA P S JUNCTION,ROAD EDGE,20FEET,13.04007108,77.51813849
Bengaluru City,Peenya Traffic PS,1.04432e+16,2017,1,2,Road Accidents,Narrow road,City/Town,Open area,Human Error,Yes,Simple Injury,Hit and Run,Not at  Junction,Straight and flat,City or Town Road,Bitumen(Tar),Not Applicable,No influence on accident,Fine,BASAVESHWARA BUS STAND ROAD,GATI LOGISTIC SERVICE,44FEET,13.04417184,77.5258366
Bengaluru City,Peenya Traffic PS,1.04432e+16,2017,1,2,Road Accidents,Narrow road,City/Town,Open area,Human Error,Yes,Damage Only,Others,Not Applicable,Straight and flat,City or Town Road,Bitumen(Tar),Not Applicable,No influence on accident,Fine,PIPELINE ROAD,ELECTRIC POLE,20FEET,13.04691407,77.52044572
Bengaluru City,Peenya Traffic PS,1.04432e+16,2017,1,2,Road Accidents,T Junction,City/Town,Open area,Human Error,Not Applicable,Simple Injury,Others,Not Applicable,Others,City or Town Road,Bitumen(Tar),Not Applicable,Not Applicable,Fine,LAGGERE MAIN ROAD,PAVANA ENTER PRISESS,15FEET,13.0187103,77.51921932
Bengaluru City,Peenya Traffic PS,1.04432e+16,2017,1,1,Road Accidents,Junction,City/Town,Open area,Human Error,Not Applicable,Grievous Injury,Others,Signal lights Automatic,Straight and flat,NH,Bitumen(Tar),Not Applicable,Not Applicable,Fine,NH-4,PILLER NO 36,25FEET,13.03792314,77.52231509
Bengaluru City,Peenya Traffic PS,1.04432e+16,2017,1,1,Road Accidents,T Junction,City/Town,Residential area,Human Error,No,Grievous Injury,Hit pedestrian,Not Applicable,Straight and flat,Residential Street,Bitumen(Tar),Not Applicable,No influence on accident,Fine,PIPELANE ROAD,VINAYAKA ENTERPRISES,18FT,0.0,0.0
Bengaluru City,Peenya Traffic PS,1.04432e+16,2017,1,1,Road Accidents,Narrow road,City/Town,Open area,Human Error,Not Applicable,Fatal,Hit pedestrian,Not Applicable,Not Applicable,City or Town Road,Bitumen(Tar),Not Applicable,Not Applicable,Fine,MEI LAYOUT MAIN ROAD,TREE,15FEET,0.0,0.0
Bengaluru City,Peenya Traffic PS,1.04432e+16,2017,1,2,Road Accidents,Narrow road,City/Town,Near a factory industrial area,Human Error,No,Simple Injury,Head on,Signal lights Automatic,Not Applicable,City or Town Road,Bitumen(Tar),Not Applicable,Not Applicable,Fine,ANDRAHALLI MAIN ROAD,ELECTRIC POLE,10,0.0,0.0
Bengaluru City,Peenya Traffic PS,1.04432e+16,2017,1,2,Not Applicable,Narrow road,City/Town,Open area,Human Error,No,Simple Injury,Head on,Not at  Junction,Curve,City or Town Road,Bitumen(Tar),Dry,No influence on accident,Fine,LIBER FACTORY NEAR NTTF PIA,PARIJATHA HOTEL,10FEET,13.02238474,77.5121787
Bengaluru City,Peenya Traffic PS,1.04432e+16,2017,1,2,Road Accidents,Narrow road,City/Town,Open area,Human Error,Yes,Grievous Injury,Others,Not Applicable,Not Applicable,Two way,Bitumen(Tar),Not Applicable,Not Applicable,Fine,ANDARHALLI MAIN ROAD,ELECTRIC POLE,18FEET,13.00920273,77.49788804
Bengaluru City,Peenya Traffic PS,1.04432e+16,2017,1,2,Road Accidents,Narrow road,City/Town,Open area,Human Error,Not Applicable,Damage Only,Head on,Not Applicable,Not Applicable,City or Town Road,Bitumen(Tar),Not Applicable,Not Applicable,Fine,CHOKKASANDRA CROSS ROAD,HANUMATHAPPA FACTORY,10FEET,13.03914091,77.51801019
Bengaluru City,Peenya Traffic PS,1.04432e+16,2017,1,1,Road Accidents,Narrow road,City/Town,At pedestrian Crossing,Human Error,No,Simple Injury,Hit pedestrian,Not at  Junction,Straight and flat,NH,Bitumen(Tar),Not Applicable,No influence on accident,Fine,NH-4,T DASARAHALLI METRO STATION,60feet,13.04298743,77.51287377
Bengaluru City,Peenya Traffic PS,1.04432e+16,2017,1,2,Not Applicable,Narrow road,City/Town,Open area,Human Error,Yes,Grievous Injury,Side swipe,Uncontrolled,Not Applicable,City or Town Road,Bitumen(Tar),Not Applicable,Not Applicable,Not Applicable,HEGGENAHALLI MAIN ROAD,ANUSHA TRADERS,28FEET,0.0,0.0
Bengaluru City,Peenya Traffic PS,1.04432e+16,2017,1,2,Road Accidents,Not Applicable,City/Town,Open area,Human Error,Yes,Fatal,Hit pedestrian,Not Applicable,Not Applicable,City or Town Road,Bitumen(Tar),Not Applicable,Not Applicable,Not Applicable,14th cross peenya industrial area,TREE,68,13.01863255,77.50171631
Bengaluru City,Peenya Traffic PS,1.04432e+16,2017,1,1,Road Accidents,Other,City/Town,Residential area,Human Error,No,Grievous Injury,Hit pedestrian,Not at  Junction,Others,City or Town Road,Bitumen(Tar),Dry,Not Applicable,Fine,15 TH CROSS MEI LAYOUT,ELECTRICAL POLE,5FEET,13.060694,77.50124767
Bengaluru City,Peenya Traffic PS,1.04432e+16,2017,1,5,Road Accidents,Bridge,City/Town,Open area,Human Error,No,Simple Injury,Overturning,Uncontrolled,Others,NH,Bitumen(Tar),Dry,Not Applicable,Fine,NH 4 PEENYA FLY OVER NEAR PAI SHOW ROOM,ELECTRICAL POLE,20FEET,13.04007003,77.51833965
Bengaluru City,Peenya Traffic PS,1.04432e+16,2017,1,2,Road Accidents,Narrow road,City/Town,Open area,Human Error,No,Damage Only,Rear end,Not Applicable,Not Applicable,NH,Bitumen(Tar),Not Applicable,No influence on accident,Fine,NH-4,METRO PILLER NO 543,30FEET,0.0,0.0
Bengaluru City,Peenya Traffic PS,1.04432e+16,2017,1,2,Road Accidents,Other,City/Town,Near a religious place,Human Error,No,Simple Injury,Others,Not Applicable,Others,City or Town Road,Bitumen(Tar),Dry,Not Applicable,Fine,G K W LAYOUT NEAR SITHARAMANJENEYA TEMPLE,ELECTRICAL POLE,30FEET,0.0,0.0
Bengaluru City,Peenya Traffic PS,1.04432e+16,2017,1,1,Road Accidents,Narrow road,Not Applicable,At pedestrian Crossing,Human Error,Yes,Simple Injury,Hit pedestrian,No signal lights,Others,Others,Bitumen(Tar),Dry,Not Applicable,Fine,"#715, PIPELINE ROAD T DASARAHALLI",TREE,8FEET,0.0,0.0
Bengaluru City,Peenya Traffic PS,1.04432e+16,2017,1,1,Road Accidents,Curves,City/Town,Residential area,Human Error,Not Applicable,Grievous Injury,Others,Not Applicable,Not Applicable,City or Town Road,Bitumen(Tar),Not Applicable,Not Applicable,Fine,RAJINI FARAM ROAD,ELECTRIC POLE,20FEET,0.0,0.0
Bengaluru City,Peenya Traffic PS,1.04432e+16,2017,1,2,Road Accidents,Junction,City/Town,Residential area,Human Error,Not Applicable,Grievous Injury,Others,Not at  Junction,Not Applicable,Residential Street,Bitumen(Tar),Not Applicable,Not Applicable,Not Applicable,NADUKERAPPA ROAD,VEERABADRAPPA CONDIMENTS,10FEET,13.00348574,77.50260066
Bengaluru City,Peenya Traffic PS,1.04432e+16,2017,1,1,Road Accidents,Narrow road,City/Town,Open area,Human Error,Yes,Grievous Injury,Hit pedestrian,Not Applicable,Not Applicable,NH,Bitumen(Tar),Not Applicable,Not Applicable,Fine,NH-4,ELECTRIC POLE,32FEET,13.04786557,77.4991702
Bengaluru City,Peenya Traffic PS,1.04432e+16,2017,1,2,Not Applicable,Narrow road,City/Town,Open area,Vehicle Defect,Not Applicable,Damage Only,Head on,Signal lights Automatic,Straight and flat,City or Town Road,Bitumen(Tar),Dry,Not Applicable,Fine,T DASARAHALLI FLY OVER,T DASARAHALLI METRO STATION,44FEET,13.04305078,77.51258161
Bengaluru City,Peenya Traffic PS,1.04432e+16,2017,1,1,Road Accidents,Narrow road,City/Town,At pedestrian Crossing,Human Error,No,Grievous Injury,Hit pedestrian,Not at  Junction,Straight and flat,NH,Bitumen(Tar),Not Applicable,No influence on accident,Fine,NH-4,PEENYA FLY OVER PILLER NO 20,30FEET,13.03615983,77.52545675
Bengaluru City,Peenya Traffic PS,1.04432e+16,2017,1,2,Road Accidents,Not Applicable,City/Town,Near a factory industrial area,Human Error,Yes,Grievous Injury,Head on,Not Applicable,Not Applicable,City or Town Road,Bitumen(Tar),Not Applicable,Not Applicable,Fine,ABB FACTORY ROAD,ELECTRICAL POLE,55Feet,13.01918915,77.51398682
Bengaluru City,Peenya Traffic PS,1.04432e+16,2017,1,2,Road Accidents,Junction,City/Town,Open area,Human Error,Not Applicable,Damage Only,Rear end,Uncontrolled,Straight and flat,City or Town Road,Bitumen(Tar),Not Applicable,Not Applicable,Not Applicable,PEENYA INDUTRIAL AREA PEENYA 2ND STAGE,TREE,28FT,13.01648123,77.50556718
Bengaluru City,Peenya Traffic PS,1.04432e+16,2017,1,2,Not Applicable,Junction,City/Town,Open area,Human Error,No,Simple Injury,Head on,Controlled,Straight and flat,City or Town Road,Bitumen(Tar),Dry,No influence on accident,Fine,TRAFFIC SIGNAL POL NEAR SRS SIGNAL,TRAFFIC SIGNAL POL NEAR SRS SIGNAL,10FEET,0.0,0.0
Bengaluru City,Peenya Traffic PS,1.04432e+16,2017,1,2,Road Accidents,Junction,City/Town,At pedestrian Crossing,Human Error,No,Grievous Injury,Hit pedestrian,Controlled,Not Applicable,NH,Bitumen(Tar),Dry,Not Applicable,Fine,"NH-4 TUMAKUR ROAD, S M JUNCTION",METRO PILLER,80FEET,13.04007003,77.51833965
Bengaluru City,Peenya Traffic PS,1.04432e+16,2017,1,2,Road Accidents,Junction,City/Town,Near a factory industrial area,Human Error,Not Applicable,Simple Injury,Right Turn Collision,No signal lights,Straight and flat,City or Town Road,Bitumen(Tar),Dry,No influence on accident,Fine,Peenya Industrial Area 4th Main,Gem Paints,2 km,0.0,0.0
Bengaluru City,Peenya Traffic PS,1.04432e+16,2017,1,2,Road Accidents,Other,City/Town,Open area,Human Error,Yes,Simple Injury,Others,Not at  Junction,Others,Two way,Bitumen(Tar),Dry,Not Applicable,Fine,"NEAR 2 ND CROSS, GRUHALKSHMI LAYOUT",TREE,8FEET,0.0,0.0
Bengaluru City,Peenya Traffic PS,1.04432e+16,2018,1,2,Road Accidents,Other,City/Town,Open area,Human Error,No,Simple Injury,Not Applicable,Not Applicable,Others,Others,Bitumen(Tar),Dry,Not Applicable,Fine,"HMT LAYOUT, 1 ST MAIN ROAD, 8 TH CROSS ROAD JUNCTION",TREE,10FEET,13.03708116,77.50168552
Bengaluru City,Peenya Traffic PS,1.04432e+16,2018,1,1,Road Accidents,Narrow road,City/Town,Open area,Human Error,Yes,Grievous Injury,Hit pedestrian,Not Applicable,Not Applicable,City or Town Road,Bitumen(Tar),Not Applicable,Not Applicable,Fine,MANJUNATH NAGARA MAIN ROAD,ELECTRIC POLE,25FEET,0.0,0.0
Bengaluru City,Peenya Traffic PS,1.04432e+16,2018,1,2,Road Accidents,Narrow road,City/Town,Near Hospital,Human Error,Yes,Grievous Injury,Rear end,Not Applicable,Not Applicable,NH,Bitumen(Tar),Not Applicable,Not Applicable,Fine,NH-4,PILLER NO 58,38feet,0.0,0.0
Bengaluru City,Peenya Traffic PS,1.04432e+16,2018,1,1,Road Accidents,Other,City/Town,At pedestrian Crossing,Human Error,No,Simple Injury,Hit pedestrian,Uncontrolled,Others,NH,Bitumen(Tar),Dry,Not Applicable,Fine,NH-4 BANGALORE TUMAKUR ROAD NEAR T DASARAHALLI METRO STATION,SIGNAL LIGHT POLE,29FEET,13.04043014,77.50717415
Bengaluru City,Peenya Traffic PS,1.04432e+16,2018,1,2,Road Accidents,Other,City/Town,Open area,Human Error,No,Not Applicable,Overturning,Give way sign,Not Applicable,NH,Bitumen(Tar),Dry,Not Applicable,Fine,NH-4 TUMAKUR BENGALURU ROAD NEAR CHOKKASANDRA SIGNAL JUNCTION,FLY OVER PILLOR,8FEET,13.04260595,77.51386875
Bengaluru City,Peenya Traffic PS,1.04432e+16,2018,1,2,Road Accidents,Bridge,City/Town,Open area,Human Error,No,Fatal,Rear end,Uncontrolled,Others,NH,Bitumen(Tar),Dry,Not Applicable,Fine,NH-4 TUMAKUR ROAD FLY OVER ROAD NEAR PEENYA METRO STATION,ELECTRIC POLE,10FEET,13.04285507,77.51299509
Bengaluru City,Peenya Traffic PS,1.04432e+16,2018,1,2,Road Accidents,Circle,City/Town,Near Bus stop,Human Error,No,Fatal,Rear end,Controlled,Straight and flat,NH,Bitumen(Tar),Dry,Not Applicable,Fine,NH-4 BENGALURU TUMAKUR ROAD NEAR PEENYA POLICE STATION JUNCTION,MERTO PILLER,32FEET,13.0380541,77.52192105
Bengaluru City,Peenya Traffic PS,1.04432e+16,2018,1,2,Road Accidents,Bridge,City/Town,Narrow bridge or culverts,Human Error,Not Applicable,Grievous Injury,Rear end,Give way sign,Not Applicable,Expressway,Bitumen(Tar),Not Applicable,Not Applicable,Fine,"NH-4, FLY OVER",ELECTRIC POLE,15FEET,0.0,0.0
Bengaluru City,Peenya Traffic PS,1.04432e+16,2018,1,1,Road Accidents,Narrow road,City/Town,Open area,Human Error,Yes,Grievous Injury,Hit pedestrian,Not Applicable,Not Applicable,NH,Bitumen(Tar),Not Applicable,Not Applicable,Fine,NH-4,PILLER NO 93,40feet,13.04541328,77.50717415
Bengaluru City,Peenya Traffic PS,1.04432e+16,2018,1,2,Road Accidents,Circle,City/Town,Near Bus stop,Human Error,No,Simple Injury,Others,Controlled,Others,NH,Bitumen(Tar),Dry,Not Applicable,Fine,"NH-4 TUMAKUR BANGALORE ROAD, NEAR SRS SIGNAL JUNCTION",MERTO PILLER,15FEET,13.03472685,77.5296472
Bengaluru City,Peenya Traffic PS,1.04432e+16,2018,1,2,Road Accidents,Other,City/Town,Residential area,Human Error,No,Simple Injury,Head on,Not at  Junction,Hump,Two way,Bitumen(Tar),Dry,Not Applicable,Fine,PIPE LINE ROAD NEAR AYAPPA CHOUTRI,ELECTRICAL POLE,18FEET,0.0,0.0
Bengaluru City,Peenya Traffic PS,1.04432e+16,2018,1,1,Not Applicable,Narrow road,City/Town,Open area,Human Error,Yes,Simple Injury,Hit pedestrian,Controlled,Straight and flat,City or Town Road,Bitumen(Tar),Dry,No influence on accident,Fine,SURYA WATER SERVICE,SURYA WATER SERVICE,60FEET,0.0,0.0
Bengaluru City,Peenya Traffic PS,1.04432e+16,2018,1,2,Road Accidents,Bridge,City/Town,Narrow bridge or culverts,Human Error,No,Simple Injury,Others,Uncontrolled,Others,NH,Bitumen(Tar),Dry,Not Applicable,Fine,NH-4 PEENYA FLY OVER ROAD,ELECTRICAL POLE,22FEET,13.04249374,77.51422615
Bengaluru City,Peenya Traffic PS,1.04432e+16,2018,1,1,Not Applicable,Other,City/Town,Open area,Human Error,No,Grievous Injury,Hit pedestrian,Uncontrolled,Not Applicable,Residential Street,Bitumen(Tar),Dry,Not Applicable,Fine,NH-4 TUMAKUR ROAD NEAR S R S JUNCTION,MERTO PILLER,20FEET,13.0347626,77.52964567
Bengaluru City,Peenya Traffic PS,1.04432e+16,2018,1,2,Road Accidents,Other,City/Town,Near a factory industrial area,Human Error,No,Simple Injury,Rear end,Uncontrolled,Others,NH,Bitumen(Tar),Dry,Not Applicable,Fine,NH-4 TUMAKUR BENGALURU ROAD NEAR PEENYA METRO STATION,METRO PILLOR32,26FEET,13.0368923,77.52443658
Bengaluru City,Peenya Traffic PS,1.04432e+16,2018,1,1,Road Accidents,Circle,City/Town,Open area,Human Error,No,Grievous Injury,Others,Uncontrolled,Others,Residential Street,Bitumen(Tar),Dry,Not Applicable,Fine,T DASARAHALLI 1 ST MAIN ROAD,ELECTRICAL POLE,25FEET,13.04543155,77.5136492
Bengaluru City,Peenya Traffic PS,1.04432e+16,2018,1,1,Road Accidents,Other,City/Town,At pedestrian Crossing,Human Error,No,Grievous Injury,Others,Uncontrolled,Others,Residential Street,Bitumen(Tar),Dry,Not Applicable,Fine,EDGE OF ROAD,EDGE OF ROAD,25FEET,13.03708116,77.50168612
Bengaluru City,Peenya Traffic PS,1.04432e+16,2018,1,2,Road Accidents,Other,City/Town,Open area,Human Error,No,Grievous Injury,Others,Uncontrolled,Others,Residential Street,Bitumen(Tar),Dry,Not Applicable,Fine,SHETTIHALLI MAIN ROAD NEAR SHETTIHALLI RAILWAY GATE,ELECTRICAL POLE,20FEET,13.06750685,77.51584304
Bengaluru City,Peenya Traffic PS,1.04432e+16,2018,1,2,Road Accidents,Narrow road,City/Town,Open area,Human Error,Yes,Simple Injury,Hit and Run,Not Applicable,Others,City or Town Road,Bitumen(Tar),Dry,No influence on accident,Fine,Pipeline R0ad T Dasaralally,AYYAPPATEMPLE CHOWTRY,20FEET,13.0437368,77.52525359
Bengaluru City,Peenya Traffic PS,1.04432e+16,2018,1,2,Road Accidents,Other,City/Town,Near Hospital,Human Error,No,Simple Injury,Others,Controlled,Not Applicable,Residential Street,Bitumen(Tar),Dry,Not Applicable,Fine,"HESARAGHATTA MAIN ROAD, NEAR SHABARI MOTORS",ELECTRIC POLE,50FEET,0.0,0.0
Bengaluru City,Peenya Traffic PS,1.04432e+16,2018,1,1,Road Accidents,Cross roads,City/Town,Open area,Human Error,No,Grievous Injury,Others,Uncontrolled,Others,Residential Street,Bitumen(Tar),Dry,Not Applicable,Fine,"VIJAYASHREE LAYOUT, 3 RD CROSS ROAD",ELECTRICAL POLE,18FEET,13.05693081,77.50151017
Bengaluru City,Peenya Traffic PS,1.04432e+16,2018,1,2,Road Accidents,Circle,City/Town,Open area,Human Error,Yes,Fatal,Hit and Run,Controlled,Straight and flat,City or Town Road,Bitumen(Tar),Dry,No influence on accident,Fine,HMT LAYOUT PARK ROAD,HMT LAYOUT PARK ROAD,20FEET,13.03979213,77.50254223
Bengaluru City,Peenya Traffic PS,1.04432e+16,2018,1,2,Road Accidents,Junction,Not Applicable,Near Petrol Pump,Human Error,No,Not Applicable,Others,Controlled,Curve,Service Road,Bitumen(Tar),Dry,Not Applicable,Fine,PEENYA NH-4 SERVICE ROAD NEAR 8 TH MILE JUNCTION,ELECTRICAL POLE,28FEET,13.04543,77.50726175
Bengaluru City,Peenya Traffic PS,1.04432e+16,2018,1,1,Road Accidents,Narrow road,City/Town,Open area,Human Error,Not Applicable,Fatal,Hit pedestrian,Not Applicable,Not Applicable,City or Town Road,Bitumen(Tar),Not Applicable,Not Applicable,Fine,HESARGHATA MAIN ROAD,ELECTRIC POLE,27FEET,13.0165183,77.50557793
Bengaluru City,Peenya Traffic PS,1.04432e+16,2018,1,1,Road Accidents,Other,City/Town,At pedestrian Crossing,Human Error,No,Simple Injury,Hit pedestrian,Not Applicable,Others,NH,Bitumen(Tar),Dry,Not Applicable,Fine,NH-4 TUMAKUR BANGALORE ROAD OPP T DASARAHALLI METRO STATION,TRAFFIC SINGAL POLE,10FEET,13.04328519,77.51209222
Bengaluru City,Peenya Traffic PS,1.04432e+16,2018,1,3,Road Accidents,Bridge,City/Town,Narrow bridge or culverts,Human Error,Not Applicable,Damage Only,Rear end,Not Applicable,Not Applicable,Expressway,Bitumen(Tar),Not Applicable,Not Applicable,Fine,"NH-4, FLY OVER",ELECTRIC POLE,25FEET,0.0,0.0