DISTRICTNAME,UNITNAME,Crime_No,Year,RI,Noofvehicle_involved,Accident_Classification,Accident_Spot,Accident_Location,Accident_SubLocation,Main_Cause,Hit_Run,Severity,Collision_Type,Junction_Control,Road_Character,Road_Type,Surface_Type,Surface_Condition,Road_Condition,Weather,Accident_Road,Landmark_first,Distance_LandMark_First,Latitude,Longitude
Bengaluru City,Peenya Traffic PS,1.04432e+16,2018,1,2,Road Accidents,Junction,City/Town,Near office complex,Human Error,No,Simple Injury,Not Applicable,Not Applicable,Others,Others,Bitumen(Tar),Dry,Not Applicable,Fine,"NEAR ABB FACTORY, CHOKKASANDRA JUNCTION",ELECTRICAL POLE,50FEET,13.03147882,77.51286015
Bengaluru City,Peenya Traffic PS,1.04432e+16,2018,1,2,Road Accidents,Not Applicable,City/Town,Open area,Human Error,No,Simple Injury,Others,Controlled,Others,One way,Bitumen(Tar),Dry,Not Applicable,Fine,NELAGADARANAHALLI MAIN ROAD NEAR KESAVA MOTORS,TREE,15FEET,13.03661282,77.50432331
Bengaluru City,Peenya Traffic PS,1.04432e+16,2018,1,1,Road Accidents,Other,City/Town,Residential area,Human Error,No,Grievous Injury,Hit pedestrian,Not at  Junction,Others,Residential Street,Bitumen(Tar),Dry,Not Applicable,Fine,"GANESH SHAMIL ROAD, T DASARAHALLI",TREE,32FEET,13.04517735,77.51457253
Bengaluru City,Peenya Traffic PS,1.04432e+16,2018,1,2,Road Accidents,Narrow road,City/Town,Open area,Human Error,Yes,Damage Only,Rear end,Not Applicable,Not Applicable,NH,Bitumen(Tar),Not Applicable,Not Applicable,Fine,NH-4,ELECTRIC POLE,80FEET,13.04950498,77.49455019
Bengaluru City,Peenya Traffic PS,1.04432e+16,2018,1,2,Road Accidents,Other,City/Town,Near Bus stop,Human Error,No,Grievous Injury,Others,Uncontrolled,Not Applicable,Others,Bitumen(Tar),Dry,Not Applicable,Fine,PIA 10 CROSS ROAD JUNCTION,ELECTRICAL POLE,15FEET,0.0,0.0
Bengaluru City,Peenya Traffic PS,1.04432e+16,2018,1,1,Road Accidents,Other,City/Town,Open area,Human Error,No,Grievous Injury,Others,Controlled,Others,One way,Bitumen(Tar),Dry,Not Applicable,Fine,HESARAGHATTA MAIN ROAD NEAR RELIANCE FRESH,ELECTRICAL POLE,35FEET,13.04978835,77.50765134
Bengaluru City,Peenya Traffic PS,1.04432e+16,2018,1,2,Road Accidents,Not Applicable,City/Town,Near School or College,Human Error,No,Grievous Injury,Others,Not at  Junction,Not Applicable,Residential Street,Bitumen(Tar),Dry,Not Applicable,Fine,NH-4 TUMAKUR BENGALURU OPP BANASHANKARI HOTEL,ELECTRICAL POLE,25FEET,13.04130551,77.51917996
Bengaluru City,Peenya Traffic PS,1.04432e+16,2018,1,2,Road Accidents,Not Applicable,City/Town,Residential area,Human Error,No,Grievous Injury,Others,Uncontrolled,Others,Residential Street,Bitumen(Tar),Dry,Not Applicable,Fine,PIA 5 TH MAIN ROAD,ELECTRICAL POLE,27FEET,0.0,0.0
Bengaluru City,Peenya Traffic PS,1.04432e+16,2018,1,1,Not Applicable,Narrow road,City/Town,Open area,Human Error,Yes,Simple Injury,Hit pedestrian,Not at  Junction,Straight and flat,City or Town Road,Bitumen(Tar),Dry,No influence on accident,Fine,BHUMIKA MACHINE TOOLS,BHUMIKA MACHINE TOOLS,20FEET,13.02051928,77.51492046
Bengaluru City,Peenya Traffic PS,1.04432e+16,2018,1,1,Road Accidents,Narrow road,City/Town,Near a factory industrial area,Human Error,No,Grievous Injury,Hit pedestrian,Not at  Junction,Others,Others,Bitumen(Tar),Not Applicable,No influence on accident,Fine,PIA 11TH CROSS ROAD,SHOURYA POLIMARS PVT LTD,12FT,0.0,0.0
Bengaluru City,Peenya Traffic PS,1.04432e+16,2018,1,1,Road Accidents,Other,City/Town,Open area,Human Error,No,Grievous Injury,Hit pedestrian,Uncontrolled,Others,Residential Street,Bitumen(Tar),Dry,Not Applicable,Fine,ANDRAHALLI MAIN ROAD NEAR G M ENTER PRESES,ELECTRIC POLE,10FEET,13.02819508,77.4962111
Bengaluru City,Peenya Traffic PS,1.04432e+16,2018,1,2,Road Accidents,Other,City/Town,Open area,Human Error,No,Grievous Injury,Others,Uncontrolled,Others,Residential Street,Bitumen(Tar),Dry,Not Applicable,Fine,RAJAGOPAL NAGAR MAIN ROAD NEAR YUKO BANK,ELECTRICAL POLE,40FEET,13.03460735,77.52213665
Bengaluru City,Peenya Traffic PS,1.04432e+16,2018,1,1,Road Accidents,Other,City/Town,At pedestrian Crossing,Human Error,Yes,Simple Injury,Hit and Run,Not Applicable,Straight and flat,NH,Bitumen(Tar),Dry,Not Applicable,Fine,NEAR DIPKM BUS STOP NH 4,METRO PILLER NO 110,20FEET,0.0,0.0
Bengaluru City,Peenya Traffic PS,1.04432e+16,2018,1,2,Rail Road Accidents,Narrow road,City/Town,Open area,Human Error,No,Simple Injury,Head on,Not at  Junction,Straight and flat,City or Town Road,Bitumen(Tar),Dry,No influence on accident,Fine,NEAR KSRTC BUS TERIMINAL BUS STOP,NEAR KSRTC BUS TERIMINAL BUS STOP,40feet,13.04365621,77.52538261
Bengaluru City,Peenya Traffic PS,1.04432e+16,2018,1,3,Road Accidents,Not Applicable,City/Town,Near a factory industrial area,Human Error,No,Simple Injury,Others,Controlled,Others,Two way,Bitumen(Tar),Dry,Not Applicable,Fine,S R S ROAD OPP N S MARKETING SHAP,ELECTRIC POLE,25FEET,13.03452659,77.52940711
Bengaluru City,Peenya Traffic PS,1.04432e+16,2018,1,2,Road Accidents,Junction,City/Town,Open area,Human Error,Not Applicable,Grievous Injury,Hit bicyclist,No signal lights,Not Applicable,City or Town Road,Bitumen(Tar),Not Applicable,Not Applicable,Fine,PIA,ELECTRIC POLE,28FT,13.0165183,77.50557793
Bengaluru City,Peenya Traffic PS,1.04432e+16,2018,1,3,Road Accidents,Other,City/Town,Open area,Human Error,No,Not Applicable,Rear end,Not Applicable,Sharp Curve,NH,Bitumen(Tar),Dry,Not Applicable,Fine,NH-4 TUMAKUR BANGALORE OPP KENNAMETAL WEDIA FACTORY,TREE,19FEET,13.04872909,77.49778644
Bengaluru City,Peenya Traffic PS,1.04432e+16,2018,1,1,Road Accidents,Other,City/Town,At pedestrian Crossing,Human Error,Yes,Simple Injury,Hit pedestrian,Not Applicable,Others,Residential Street,Bitumen(Tar),Dry,Not Applicable,Fine,"NELAGADARANAHALLI MAIN ROAD, NEAR SHIVAMMA HOTEL",ELECTRIC POLE,15FEET,0.0,0.0
Bengaluru City,Peenya Traffic PS,1.04432e+16,2018,1,1,Road Accidents,Not Applicable,City/Town,At pedestrian Crossing,Human Error,No,Simple Injury,Others,Uncontrolled,Others,NH,Bitumen(Tar),Dry,Not Applicable,Others,NH-4 PEENYA POLICE STATION SIGNAL,FLY OVER PILLER NO 36,30FEET,13.03788892,77.52234766
Bengaluru City,Peenya Traffic PS,1.04432e+16,2018,1,1,Road Accidents,Circle,City/Town,Near Hospital,Human Error,No,Simple Injury,Others,Uncontrolled,Others,City or Town Road,Bitumen(Tar),Dry,Not Applicable,Fine,HESARAGHATTA MAIN ROAD NEAR RAGHAVENDRA MEDICAL STORE,ELECTRICAL POLE,28FEET,13.04978835,77.50765134
Bengaluru City,Peenya Traffic PS,1.04432e+16,2018,1,1,Road Accidents,Other,City/Town,Open area,Human Error,No,Damage Only,Not Applicable,Not Applicable,Curve,Others,Bitumen(Tar),Dry,Not Applicable,Fine,SIDDEDAHALLI MAIN ROAD,ELECTRICAL POLE,62FEET,13.06378829,77.50499638
Bengaluru City,Peenya Traffic PS,1.04432e+16,2018,1,1,Road Accidents,Narrow road,City/Town,Residential area,Human Error,No,Simple Injury,Hit pedestrian,Not Applicable,Not Applicable,Residential Street,Bitumen(Tar),Not Applicable,No influence on accident,Fine,RAVINDRANAGARA MAIN ROAD,ELECTRIC POLE,20FEET,13.05159411,77.51721334
Bengaluru City,Peenya Traffic PS,1.04432e+16,2018,1,1,Road Accidents,Other,City/Town,At pedestrian Crossing,Human Error,No,Grievous Injury,Others,Uncontrolled,Others,Two way,Bitumen(Tar),Dry,Not Applicable,Fine,PIA POLICE STATION ROAD NEAR 6 TH CROSS JUNCTION,ELECTRICAL POLE,22FEET,13.0200954,77.5043233
Bengaluru City,Peenya Traffic PS,1.04432e+16,2018,1,1,Road Accidents,Narrow road,City/Town,Open area,Human Error,Yes,Grievous Injury,Hit pedestrian,Not Applicable,Not Applicable,City or Town Road,Bitumen(Tar),Not Applicable,Not Applicable,Fine,HESARAGHATTA MAIN ROAD,ELECTRIC POLE,50FEET,13.0109739,77.50124767
Bengaluru City,Peenya Traffic PS,1.04432e+16,2018,1,3,Road Accidents,Other,City/Town,Open area,Human Error,No,Grievous Injury,Others,Not at  Junction,Others,Residential Street,Bitumen(Tar),Dry,Not Applicable,Fine,NH-4 FLY OVER ROAD NEAR JALAHALLI METRO STATION,ELECTRICAL POLE,20FEET,13.04285507,77.51299509
Bengaluru City,Peenya Traffic PS,1.04432e+16,2018,1,2,Road Accidents,Other,City/Town,Near Hospital,Human Error,No,Simple Injury,Not Applicable,Uncontrolled,Others,NH,Bitumen(Tar),Dry,Not Applicable,Fine,NH-4 SERVICE ROAD NEAR 8 TH MILE JUNCTION,MERTO PILLER,26FEET,13.04542764,77.5073854
Bengaluru City,Peenya Traffic PS,1.04432e+16,2018,1,2,Road Accidents,Other,City/Town,Open area,Human Error,No,Not Applicable,Rear end,Uncontrolled,Others,NH,Bitumen(Tar),Dry,Not Applicable,Fine,NH-4 FLY OVER ROAD NEAR 8 TH MILE JUNCTION,ROAD EDGE,11FEET,13.04640223,77.5039402
Bengaluru City,Peenya Traffic PS,1.04432e+16,2018,1,2,Road Accidents,Not Applicable,City/Town,Open area,Human Error,No,Grievous Injury,Rear end,Uncontrolled,Others,Residential Street,Bitumen(Tar),Dry,Not Applicable,Fine,PEENYA POLICE STATION ROAD NEAR PEENYA POLICE STATION,ELECTRICAL POLE,50FEET,13.03602242,77.52134218
Bengaluru City,Peenya Traffic PS,1.04432e+16,2018,1,1,Road Accidents,Cross roads,City/Town,Near a factory industrial area,Human Error,Yes,Fatal,Hit pedestrian,Not Applicable,Others,City or Town Road,Bitumen(Tar),Dry,Not Applicable,Fine,NELAGADARANAHALLI MAIN ROAD,ANU SOLAR COMPANY,30FEET,13.02420499,77.52394391
Bengaluru City,Peenya Traffic PS,1.04432e+16,2018,1,1,Road Accidents,Other,City/Town,Open area,Human Error,No,Grievous Injury,Others,Uncontrolled,Not Applicable,Residential Street,Bitumen(Tar),Dry,Not Applicable,Fine,HESARAGHATTA MAIN ROAD NEAR PAVITHRA BEKARY,ELECTRICAL POLE,15FEET,13.06025156,77.50690792
Bengaluru City,Peenya Traffic PS,1.04432e+16,2018,1,1,Road Accidents,Cross roads,City/Town,At pedestrian Crossing,Vehicle Defect,No,Simple Injury,Drowned,Controlled,Curve,City or Town Road,Bitumen(Tar),Dry,Not Applicable,Fine,NH 4 TUMAKUR BANGALORE ROAD NEAR T DASARAHALLI METRO STATION,METRO STATION JALAHALLI CROSS,30FEET,13.03624923,77.5252628
Bengaluru City,Peenya Traffic PS,1.04432e+16,2018,1,1,Road Accidents,Other,City/Town,At pedestrian Crossing,Human Error,No,Simple Injury,Hit pedestrian,Not at  Junction,Others,NH,Bitumen(Tar),Dry,Not Applicable,Fine,"NH-4 TUMKUR BANGALORE ROAD, NEAR T DASARAHALLI METRO STATION",ELECTRICAL POLE,14FEET,0.0,0.0
Bengaluru City,Peenya Traffic PS,1.04432e+16,2018,1,2,Road Accidents,Other,City/Town,Affected by encroachments,Human Error,No,Fatal,Not Applicable,Uncontrolled,Others,NH,Bitumen(Tar),Dry,Not Applicable,Fine,NH-4 TUMAKUR BANGALORE ROAD NEAR ROCK LINE MOLL,ELECTRICAL POLE,26FEET,13.04043014,77.51801479
Bengaluru City,Peenya Traffic PS,1.04432e+16,2018,1,1,Road Accidents,Cross roads,City/Town,Open area,Human Error,Not Applicable,Grievous Injury,Hit pedestrian,Not Applicable,Not Applicable,City or Town Road,Bitumen(Tar),Not Applicable,Not Applicable,Fine,7th cross RUKMININAGAR,BSNL POLE,52FEET,0.0,0.0
Bengaluru City,Peenya Traffic PS,1.04432e+16,2018,1,2,Road Accidents,T Junction,City/Town,Open area,Human Error,Not Applicable,Grievous Injury,Head on,Uncontrolled,Not Applicable,City or Town Road,Bitumen(Tar),Not Applicable,Not Applicable,Fine,NELAGADARANAHALLI MAIN ROAD,ELECTRIC POLE,10FEET,0.0,0.0
Bengaluru City,Peenya Traffic PS,1.04432e+16,2018,1,1,Road Accidents,Narrow road,City/Town,Open area,Human Error,Yes,Grievous Injury,Hit pedestrian,Not Applicable,Not Applicable,City or Town Road,Bitumen(Tar),Dry,Not Applicable,Fine,ANDHARAHALLI MAIN ROAD,ELECTRIC POLE,53FEET,13.01088285,77.50681297
Bengaluru City,Peenya Traffic PS,1.04432e+16,2018,1,2,Road Accidents,Narrow road,City/Town,Open area,Human Error,Yes,Fatal,Hit and Run,Not Applicable,Not Applicable,City or Town Road,Bitumen(Tar),Dry,Not Applicable,Fine,HESARAGHATTA MAIN ROAD,ELECTRIC POLE,54FEET,13.0167103,77.50374507
Bengaluru City,Peenya Traffic PS,1.04432e+16,2018,1,2,Road Accidents,Circle,Not Applicable,Open area,Human Error,No,Simple Injury,Others,No signal lights,Curve,Residential Street,Bitumen(Tar),Dry,Not Applicable,Fine,NELAGADARANAHALLI MAIN ROAD NEAR KOLKATA KIDS WEAR  AND SUPER BAJAR,ELECTRICAL POLE,20FEET,13.03451422,77.5179061
Bengaluru City,Peenya Traffic PS,1.04432e+16,2018,1,1,Road Accidents,Circle,City/Town,At pedestrian Crossing,Human Error,No,Grievous Injury,Hit pedestrian,No signal lights,Curve,Two way,Bitumen(Tar),Dry,Not Applicable,Fine,NELAGADARANAHALLI MAIN ROAD,ELECTRICAL POLE,8FEET,13.04105717,77.50486689
Bengaluru City,Peenya Traffic PS,1.04432e+16,2018,1,1,Road Accidents,Narrow road,City/Town,Near Bus stop,Not Applicable,No,Fatal,Hit pedestrian,Not at  Junction,Straight and flat,Others,Bitumen(Tar),Not Applicable,No influence on accident,Fine,NTTF ROAD,ARAVIND MOTORS,23FT,13.02816095,77.51892936
Bengaluru City,Peenya Traffic PS,1.04432e+16,2018,1,2,Road Accidents,Other,City/Town,Open area,Human Error,No,Grievous Injury,Others,Uncontrolled,Not Applicable,Others,Bitumen(Tar),Dry,Not Applicable,Fine,NARAYANAPUR ROAD NEAR S B M BANK,ELECTRICAL POLE,42FEET,13.02882643,77.51498278
Bengaluru City,Peenya Traffic PS,1.04432e+16,2018,1,1,Road Accidents,Other,City/Town,Residential area,Human Error,Yes,Grievous Injury,Hit pedestrian,Uncontrolled,Others,Residential Street,Bitumen(Tar),Ditch or Potholed,Not Applicable,Fine,"PEENYA INDUSRTIAL AREA, 3 TH MAIN ROAD",TREE,10FEET,0.0,0.0
Bengaluru City,Peenya Traffic PS,1.04432e+16,2018,1,2,Road Accidents,Not Applicable,City/Town,Open area,Human Error,No,Not Applicable,Others,Uncontrolled,Hump,Not Applicable,Bitumen(Tar),Dry,Not Applicable,Fine,"3 RD CROSS ROAD, NEAR BYOMETRIC INDUSTRAIL SHED",ELECTRICAL POLE,20FEET,0.0,0.0
Bengaluru City,Peenya Traffic PS,1.04432e+16,2018,1,2,Road Accidents,Bridge,City/Town,Narrow bridge or culverts,Human Error,No,Simple Injury,Rear end,Uncontrolled,Not Applicable,NH,Bitumen(Tar),Dry,Not Applicable,Fine,NH-4 TUMAKUR BANGALORE FLY OVER  NEAR 8 TH MILE JUNCTION,ELECTRIC POLE,22FEET,13.04542933,77.50729154
Bengaluru City,Peenya Traffic PS,1.04432e+16,2018,1,2,Road Accidents,Junction,City/Town,Open area,Human Error,No,Simple Injury,Side impact or Right angle,Controlled,Curve,City or Town Road,Bitumen(Tar),Dry,Not Applicable,Fine,NH-4 PEENYA POLICE STATION JUNCTION,ELECTRIC POLE,20FEET,13.03805002,77.52232083
Bengaluru City,Peenya Traffic PS,1.04432e+16,2018,1,1,Road Accidents,Narrow road,City/Town,Open area,Human Error,Yes,Grievous Injury,Others,Not Applicable,Not Applicable,City or Town Road,Bitumen(Tar),Not Applicable,Not Applicable,Fine,RAJAGOPALA NAGARA MAIN ROAD,ELECTRIC POLE,42FEET,77.52105764,13.03488123
Bengaluru City,Peenya Traffic PS,1.04432e+16,2018,1,2,Road Accidents,Other,City/Town,Near a factory industrial area,Human Error,No,Simple Injury,Others,Uncontrolled,Not Applicable,Others,Bitumen(Tar),Dry,Not Applicable,Fine,"L G RAMANNA LAYOUT, 1 ST CROSS",TREE,10FEET,13.02333653,77.51823558
Bengaluru City,Peenya Traffic PS,1.04432e+16,2018,1,1,Road Accidents,Narrow road,City/Town,Open area,Human Error,Yes,Grievous Injury,Hit pedestrian,Not Applicable,Not Applicable,City or Town Road,Bitumen(Tar),Not Applicable,Not Applicable,Fine,SHUSHURTHI ROAD,TREE,18FEET,13.00717716,77.50231024
Bengaluru City,Peenya Traffic PS,1.04432e+16,2018,1,2,Road Accidents,Narrow road,City/Town,Open area,Human Error,Not Applicable,Grievous Injury,Rear end,Give way sign,Not Applicable,NH,Bitumen(Tar),Not Applicable,Not Applicable,Fine,NH4 FLYOVER ROAD,ELECTRIC POLE,25feet,13.02819917,77.5055671
Bengaluru City,Peenya Traffic PS,1.04432e+16,2018,1,1,Road Accidents,Junction,City/Town,Open area,Human Error,No,Grievous Injury,Others,Uncontrolled,Incline,Others,Bitumen(Tar),Dry,Not Applicable,Fine,NEAR DUGALAMMA TEMPLE ROAD OPP SUN RISE BAR GARDEN,ELECTRICAL POLE,10FEET,13.02246955,77.51920406
Bengaluru City,Peenya Traffic PS,1.04432e+16,2018,1,2,Road Accidents,Other,City/Town,Near Bus stop,Human Error,No,Grievous Injury,Head on,Uncontrolled,Others,Residential Street,Bitumen(Tar),Dry,Not Applicable,Fine,HMT LAYOUT NEAR SKANDA HOSPITAL,ELECTRICAL POLE,20FEET,13.03382594,77.50306401
Bengaluru City,Peenya Traffic PS,1.04432e+16,2018,1,2,Road Accidents,Other,City/Town,Near office complex,Human Error,No,Grievous Injury,Head on,Uncontrolled,Others,Residential Street,Bitumen(Tar),Dry,Not Applicable,Others,MALLASANDRA ROAD NEAR PRINCE TOWN APRTAMENT,ELECTRICAL POLE,20FEET,13.05995979,77.52004532
Bengaluru City,Peenya Traffic PS,1.04432e+16,2018,1,1,Road Accidents,Other,City/Town,Open area,Human Error,No,Simple Injury,Others,Controlled,Others,Two way,Bitumen(Tar),Dry,Not Applicable,Fine,HESARAGHATTA MAIN ROAD NEAR BONE MILL BUS STOP,ELECTRICAL POLE,42FEET,13.0640171,77.50495817
Bengaluru City,Peenya Traffic PS,1.04432e+16,2018,1,1,Road Accidents,Other,City/Town,Open area,Human Error,No,Fatal,Others,Uncontrolled,Not Applicable,Residential Street,Bitumen(Tar),Dry,Not Applicable,Fine,"THIVENI PETROL BUNK ROAD, GATTI ROAD",ELECTRICAL POLE,10FEET,13.04374388,77.52089886
Bengaluru City,Peenya Traffic PS,1.04432e+16,2018,1,2,Road Accidents,Other,City/Town,Open area,Human Error,Yes,Simple Injury,Hit and Run,Not Applicable,Straight and flat,NH,Bitumen(Tar),Dry,Not Applicable,Fine,infront of KTM showoom NH 4 near nagsmdra metro station,street light pole,20FEET,13.04234975,77.51456178
Bengaluru City,Peenya Traffic PS,1.04432e+16,2018,1,2,Road Accidents,Other,Not Applicable,Residential area,Human Error,No,Grievous Injury,Overturning,Uncontrolled,Others,Residential Street,Bitumen(Tar),Dry,Not Applicable,Fine,KTG COLLAGE ROAD NEAR GAJANANA 4 TH CROSS ROAD AND K T G COLLAGE ROAD JUNCTION,TREE,20FEET,0.0,0.0
Bengaluru City,Peenya Traffic PS,1.04432e+16,2018,1,2,Road Accidents,Cross roads,City/Town,Near Bus stop,Human Error,No,Simple Injury,Head on,No signal lights,Curve,City or Town Road,Bitumen(Tar),Dry,Not Applicable,Fine,Pipeline R0ad T Dasaralally,near jemini gramatents,15FEET,0.0,0.0
Bengaluru City,Peenya Traffic PS,1.04432e+16,2018,1,2,Road Accidents,Junction,City/Town,Near Bus stop,Not Applicable,No,Grievous Injury,Overturning,Signal lights Automatic,Curve,City or Town Road,Bitumen(Tar),Dry,Not Applicable,Clear,JALAHALLI CROSS JUNCTION,ROCKLINE MALL,30FEET,13.03990904,77.51844871
Bengaluru City,Peenya Traffic PS,1.04432e+16,2018,1,2,Road Accidents,Narrow road,City/Town,Near a factory industrial area,Human Error,Yes,Grievous Injury,Hit parked vehicle,Not Applicable,Not Applicable,City or Town Road,Bitumen(Tar),Dry,Not Applicable,Fine,CHOKKASANDRA ROAD,TREE,20FEET,13.03195262,77.512896
Bengaluru City,Peenya Traffic PS,1.04432e+16,2018,1,2,Road Accidents,Narrow road,City/Town,Open area,Human Error,Not Applicable,Simple Injury,Head on,Not Applicable,Not Applicable,Service Road,Bitumen(Tar),Not Applicable,Not Applicable,Fine,SERVICE ROAD,METRO PILLER NO 506,16FEET,0.0,0.0
Bengaluru City,Peenya Traffic PS,1.04432e+16,2018,1,1,Road Accidents,Other,City/Town,At pedestrian Crossing,Human Error,No,Simple Injury,Hit pedestrian,Not Applicable,Curve,Others,Bitumen(Tar),Dry,Not Applicable,Fine,"NEAR LAKE, ASHWTHAPUR T DASARAHALLI",ELECTRICAL POLE,18FEET,0.0,0.0
Bengaluru City,Peenya Traffic PS,1.04432e+16,2018,1,1,Road Accidents,Other,Not Applicable,Residential area,Human Error,No,Not Applicable,Not Applicable,Not Applicable,Others,Residential Street,Bitumen(Tar),Dry,Not Applicable,Fine,"NH-4 SOUTH SERVICE ROAD, ORIENTAL BANK BUILDING",DEVIDER,2FEET,0.0,0.0
Bengaluru City,Peenya Traffic PS,1.04432e+16,2018,1,1,Road Accidents,Other,City/Town,Residential area,Human Error,No,Simple Injury,Hit pedestrian,Not Applicable,Others,Residential Street,Bitumen(Tar),Dry,Not Applicable,Fine,"DODDABIDARAKALLU, INFRONT OF NEAR ROCK LINE STUDIO",ELECTRICAL POLE,12FEET,13.04006212,77.49869416
Bengaluru City,Peenya Traffic PS,1.04432e+16,2018,1,1,Road Accidents,Other,City/Town,At pedestrian Crossing,Human Error,No,Simple Injury,Hit pedestrian,Not at  Junction,Others,NH,Bitumen(Tar),Dry,Not Applicable,Fine,NH-4 TUMAKUR BANGALORE SERVICE ROAD NEAR KEMPEGOWDA ARCH,METRO PILLER,8FEET,13.04516201,77.50848477
Bengaluru City,Peenya Traffic PS,1.04432e+16,2018,1,2,Road Accidents,Curves,City/Town,Near School or College,Human Error,No,Grievous Injury,Not Applicable,No signal lights,Curve,NH,Bitumen(Tar),Dry,Not Applicable,Fine,NH-4 BENGALURU TUMAKUR ROAD OPP PEENYA METRO STATION,ELECTRICAL POLE,10FEET,13.03669727,77.5245682
Bengaluru City,Peenya Traffic PS,1.04432e+16,2018,1,2,Road Accidents,Other,City/Town,Near Bus stop,Human Error,No,Not Applicable,Others,Controlled,Curve,NH,Bitumen(Tar),Dry,Not Applicable,Fine,NH-4 TUMAKUR BENGALURU NEAR PEENYA POLICE STATION JUNCTION,SIGNAL LIGHT POLE,10FEET,13.03788892,77.52234766
Bengaluru City,Peenya Traffic PS,1.04432e+16,2018,1,2,Road Accidents,Curves,City/Town,Near Bus stop,Human Error,No,Simple Injury,Overturning,Controlled,Curve,Mixed,Bitumen(Tar),Dry,Not Applicable,Fine,PIA 100 FEET ROAD NEAR T V S CROSS JUNCTION,TREE,8FEET,13.0284877,77.51966482
Bengaluru City,Peenya Traffic PS,1.04432e+16,2018,1,2,Road Accidents,Other,City/Town,Near office complex,Human Error,No,Fatal,Head on,Uncontrolled,Others,Residential Street,Bitumen(Tar),Dry,Not Applicable,Fine,REDDY KATTE MAIN ROAD,ELECTRICAL POLE,6FEET,13.04750086,77.49303879
Bengaluru City,Peenya Traffic PS,1.04432e+16,2018,1,2,Road Accidents,Junction,City/Town,Near Hospital,Human Error,No,Not Applicable,Others,Controlled,Others,NH,Bitumen(Tar),Dry,Not Applicable,Fine,NH-4 TUMAKUR BENGALURU ROAD NEAR CHOKKASANDRA SIGNAL JUNCTION,MERTO PILLER,12FEET,13.04225856,77.51484324
Bengaluru City,Peenya Traffic PS,1.04432e+16,2018,1,2,Road Accidents,Other,City/Town,Open area,Human Error,No,Grievous Injury,Others,Uncontrolled,Others,Residential Street,Bitumen(Tar),Dry,Not Applicable,Fine,S M ROAD NEAR DENA BANK,ELECTRICAL POLE,18FEET,13.04181493,77.51958603
Bengaluru City,Peenya Traffic PS,1.04432e+16,2018,1,1,Road Accidents,Narrow road,City/Town,Open area,Human Error,Not Applicable,Simple Injury,Hit pedestrian,Not at  Junction,Not Applicable,City or Town Road,Bitumen(Tar),Dry,No influence on accident,Fine,OPP KENNAMETAL FACTROY,OPP KENNAMETAL FACTROY,7feet,13.04950498,77.49455019
Bengaluru City,Peenya Traffic PS,1.04432e+16,2018,1,2,Road Accidents,Other,City/Town,Open area,Human Error,Yes,Fatal,Rear end,Uncontrolled,Not Applicable,Residential Street,Bitumen(Tar),Dry,Not Applicable,Fine,PIPE LINE ROAD NEAR SRIDEVI ARTS STICKER,ELECTRICAL POLE,45FEET,13.04007003,77.51833965
Bengaluru City,Peenya Traffic PS,1.04432e+16,2018,1,1,Road Accidents,Other,Not Applicable,Open area,Human Error,No,Simple Injury,Others,No signal lights,Others,Residential Street,Bitumen(Tar),Dry,Not Applicable,Fine,NEAR KERE ROAD CHOKKASANDRA,TREE,40FEET,0.0,0.0
Bengaluru City,Peenya Traffic PS,1.04432e+16,2018,1,2,Road Accidents,Curves,Not Applicable,Open area,Human Error,No,Simple Injury,Head on,Not Applicable,Curve,Others,Bitumen(Tar),Dry,Not Applicable,Fine,OPP KESHAVA MOTORS NELAGADARANAHALLI MAIN ROAD,ELECTRICAL POLE,15FEET,0.0,0.0
Bengaluru City,Peenya Traffic PS,1.04432e+16,2018,1,2,Road Accidents,Narrow road,City/Town,Near Hospital,Human Error,Yes,Grievous Injury,Head on,Not Applicable,Not Applicable,City or Town Road,Bitumen(Tar),Not Applicable,Not Applicable,Fine,HEGGANAHALLI MAIN ROAD,JAI MARUTHI HOSPITAL,25FEET,13.00846096,77.5057386
Bengaluru City,Peenya Traffic PS,1.04432e+16,2018,1,1,Road Accidents,Junction,City/Town,Near Bus stop,Human Error,Yes,Grievous Injury,Hit pedestrian,Signal lights Automatic,Not Applicable,City or Town Road,Bitumen(Tar),Not Applicable,Not Applicable,Fine,NH-4,PILLER NO 454,7feet,13.0400206,77.51857922
Bengaluru City,Peenya Traffic PS,1.04432e+16,2018,1,1,Road Accidents,T Junction,City/Town,Open area,Human Error,Not Applicable,Damage Only,Others,Uncontrolled,Not Applicable,City or Town Road,Concrete,Not Applicable,Not Applicable,Flooding of Slipways/Rivulets,VIJAY ROLLING MILL ROAD,SHAVAR TESTING AREA,25FEET,0.0,0.0
Bengaluru City,Peenya Traffic PS,1.04432e+16,2018,1,2,Road Accidents,Narrow road,City/Town,Open area,Human Error,Yes,Damage Only,Others,Not Applicable,Not Applicable,NH,Bitumen(Tar),Not Applicable,Not Applicable,Fine,NH-4,PILLER,18feet,0.0,0.0
Bengaluru City,Peenya Traffic PS,1.04432e+16,2018,1,2,Road Accidents,Narrow road,City/Town,Open area,Human Error,Yes,Grievous Injury,Head on,Give way sign,Not Applicable,NH,Bitumen(Tar),Not Applicable,Not Applicable,Fine,NH4 FLYOVER ROAD,ELECTRIC POLE,26feet,13.04037678,77.51792428
Bengaluru City,Peenya Traffic PS,1.04432e+16,2018,1,2,Road Accidents,Narrow road,City/Town,Open area,Human Error,Yes,Damage Only,Rear end,Give way sign,Not Applicable,NH,Bitumen(Tar),Dry,Not Applicable,Fine,NH4 FLYOVER ROAD,ELECTRIC POLE,28feet,13.04285507,77.51299509
Bengaluru City,Peenya Traffic PS,1.04432e+16,2018,1,2,Road Accidents,Curves,City/Town,Residential area,Human Error,No,Grievous Injury,Others,Uncontrolled,Others,Residential Street,Bitumen(Tar),Dry,Not Applicable,Fine,"L G RAMANNA LAYOUT, NEAR RAGHAVENDRA TEMPLE",ELECTRICAL POLE,25FEET,13.02395846,77.51163652