DISTRICTNAME,UNITNAME,Crime_No,Year,RI,Noofvehicle_involved,Accident_Classification,Accident_Spot,Accident_Location,Accident_SubLocation,Main_Cause,Hit_Run,Severity,Collision_Type,Junction_Control,Road_Character,Road_Type,Surface_Type,Surface_Condition,Road_Condition,Weather,Accident_Road,Landmark_first,Distance_LandMark_First,Latitude,Longitude
Bengaluru City,Peenya Traffic PS,1.04432e+16,2018,1,1,Road Accidents,Bridge,City/Town,Open area,Human Error,No,Grievous Injury,Others,Uncontrolled,Straight and flat,NH,Bitumen(Tar),Dry,Not Applicable,Fine,NH-4 TUMAKUR BANGALURU FLY OVER ROAD NEAR T DASARAHALLI,ELECTRICAL POLE,18FEET,13.04225856,77.51484324
Bengaluru City,Peenya Traffic PS,1.04432e+16,2018,1,2,Road Accidents,Other,City/Town,Open area,Human Error,No,Grievous Injury,Others,Controlled,Others,Residential Street,Bitumen(Tar),Dry,Not Applicable,Fine,NTTF JUNCTION,ELECTRICAL POLE,10FEET,13.02399211,77.50795481
Bengaluru City,Peenya Traffic PS,1.04432e+16,2018,1,2,Road Accidents,T Junction,City/Town,Residential area,Human Error,No,Fatal,Others,Signal lights Automatic,Others,NH,Bitumen(Tar),Dry,Not Applicable,Fine,NH-4 TUMAKUR BENGALURU ROAD NEAR CHOKKASANDR JUNCTION,MERTO PILLER,20FEET,13.04230991,77.51460751
Bengaluru City,Peenya Traffic PS,1.04432e+16,2018,1,1,Road Accidents,Other,Not Applicable,Open area,Human Error,No,Simple Injury,Others,Uncontrolled,Others,Residential Street,Bitumen(Tar),Dry,Not Applicable,Fine,"BLUE J SHINE HILLS LAYOUT, 2 ND STAGE NEAR 76 HOUSE",TREE,8FEET,13.01684687,77.48299386
Bengaluru City,Peenya Traffic PS,1.04432e+16,2018,1,1,Road Accidents,Narrow road,City/Town,Open area,Human Error,Yes,Simple Injury,Hit and Run,Not at  Junction,Straight and flat,City or Town Road,Bitumen(Tar),Dry,No influence on accident,Fine,KANVAMART OPP NELADARANAHALLI,KANVAMART OPP NELADARANAHALLI,20FEET,13.04201474,77.50512062
Bengaluru City,Peenya Traffic PS,1.04432e+16,2018,1,2,Road Accidents,Junction,City/Town,Near a factory industrial area,Human Error,Yes,Grievous Injury,Head on,Uncontrolled,Not Applicable,City or Town Road,Bitumen(Tar),Not Applicable,Not Applicable,Fine,PIA 2ND CROSS,ELECTRIC POLE,25FEET,0.0,0.0
Bengaluru City,Peenya Traffic PS,1.04432e+16,2018,1,2,Road Accidents,Narrow road,City/Town,Open area,Human Error,Yes,Grievous Injury,Hit and Run,Not Applicable,Not Applicable,City or Town Road,Bitumen(Tar),Not Applicable,Not Applicable,Fine,NH-4 TUMAKUR-BANGALORE ROAD,BAGAVAN MAHAVIRA TIMBAR,20FEET,13.007551,77.50557793
Bengaluru City,Peenya Traffic PS,1.04432e+16,2018,1,1,Road Accidents,Cross roads,City/Town,Open area,Human Error,No,Simple Injury,Hit pedestrian,Not Applicable,Others,NH,Bitumen(Tar),Dry,Not Applicable,Fine,"NH-4 TUMAKUR BANGALORE ROAD, NEAR PARLE G FACTORY",ELECTRICAL POLE,8FEET,13.04927676,77.49611604
Bengaluru City,Peenya Traffic PS,1.04432e+16,2018,1,2,Road Accidents,Junction,City/Town,Near Hospital,Human Error,No,Simple Injury,Others,Signal lights Automatic,Others,NH,Bitumen(Tar),Dry,Not Applicable,Fine,"NH-4 TUMAKUR BANGALORE, NEAR CHOKKASANDRA JUNCTION",ELECTRICAL POLE,30FEET,13.04225856,77.51484324
Bengaluru City,Peenya Traffic PS,1.04432e+16,2018,1,1,Not Applicable,Narrow road,City/Town,Open area,Human Error,Yes,Simple Injury,Hit and Run,Controlled,Others,City or Town Road,Bitumen(Tar),Dry,No influence on accident,Fine,PIA 100 FEET ROAD NEAR TVS CROSS,METRANICS,20FEET,13.02334224,77.52171077
Bengaluru City,Peenya Traffic PS,1.04432e+16,2018,1,2,Road Accidents,Not Applicable,City/Town,Open area,Human Error,No,Grievous Injury,Head on,Not at  Junction,Others,Residential Street,Bitumen(Tar),Dry,Not Applicable,Fine,"KARIM SAB LAYOUT MAIN ROAD, OPP ANNA TAMMA HOTEL",ELECTRICAL POLE,35FEET,13.00417104,77.5081323
Bengaluru City,Peenya Traffic PS,1.04432e+16,2018,1,1,Road Accidents,Other,City/Town,At pedestrian Crossing,Human Error,No,Grievous Injury,Hit pedestrian,Uncontrolled,Others,Residential Street,Bitumen(Tar),Dry,Not Applicable,Fine,"BYRAVESHWAR INDUSTRIAL AREA, OPP RAJASHRI UDOG FACTORY",ELECTRIC POLE,12FEET,13.01286238,77.503481
Bengaluru City,Peenya Traffic PS,1.04432e+16,2018,1,2,Road Accidents,Not Applicable,City/Town,Open area,Human Error,No,Grievous Injury,Others,Give way sign,Others,Residential Street,Bitumen(Tar),Dry,Not Applicable,Fine,VIJAY ROLLING MILL ROAD NEAR KAIZAN INDIA CNC FACTORY,ELECTRICAL POLE,10FEET,0.0,0.0
Bengaluru City,Peenya Traffic PS,1.04432e+16,2018,1,2,Road Accidents,Circle,City/Town,Residential area,Human Error,No,Grievous Injury,Others,Uncontrolled,Curve,Others,Bitumen(Tar),Dry,Not Applicable,Fine,RAVIKIRLOSKAR HOSPITAL ROAD,ELECTRICAL POLL,42FEET,13.03958753,77.52748703
Bengaluru City,Peenya Traffic PS,1.04432e+16,2018,1,1,Road Accidents,Other,Rural Areas,Open area,Human Error,No,Grievous Injury,Others,Uncontrolled,Not Applicable,Others,Bitumen(Tar),Dry,Not Applicable,Fine,"1 ST CROSS ROAD, HAVANUR LAYOUT",ELECTRICAL POLE,16FEET,13.04958413,77.50451048
Bengaluru City,Peenya Traffic PS,1.04432e+16,2018,1,2,Road Accidents,Other,City/Town,Open area,Human Error,No,Grievous Injury,Others,Uncontrolled,Others,NH,Bitumen(Tar),Dry,Not Applicable,Fine,NH-4 BENGALURU TUMAKUR ROAD NEAR SHOBA APARTMENT,ELECTRICAL POLL,20FEET,13.04744929,77.50092431
Bengaluru City,Peenya Traffic PS,1.04432e+16,2018,1,1,Road Accidents,Other,City/Town,At pedestrian Crossing,Human Error,Yes,Grievous Injury,Hit pedestrian,Uncontrolled,Hump,NH,Bitumen(Tar),Dry,Not Applicable,Fine,NH-4 TUMAKURU BENGALURU ROAD NEAR T DASARAHALLI METRO STATION,SIGNAL LIGHT,24FEET,13.04303252,77.51294009
Bengaluru City,Peenya Traffic PS,1.04432e+16,2018,1,1,Road Accidents,Junction,City/Town,Residential area,Human Error,Yes,Fatal,Hit pedestrian,No signal lights,Not Applicable,Residential Street,Bitumen(Tar),Dry,Not Applicable,Fine,PIPE LINE ROAD,ELECTRIC POLE,26FEET,13.05259324,77.51276826
Bengaluru City,Peenya Traffic PS,1.04432e+16,2018,1,2,Road Accidents,Bridge,City/Town,Open area,Human Error,No,Fatal,Side swipe,Not Applicable,Others,NH,Bitumen(Tar),Dry,Not Applicable,Fine,NH-4 BANGALORE TUMAKUR ROAD,ELECTRICAL POLE,20FEET,13.04211345,77.51541733
Bengaluru City,Peenya Traffic PS,1.04432e+16,2018,1,1,Road Accidents,Not Applicable,Not Applicable,Open area,Human Error,No,Simple Injury,Others,Not Applicable,Curve,Others,Bitumen(Tar),Dry,Not Applicable,Fine,RAJAGOPAL NAGAR MAIR ROAD NEAR A B T PARCEL SERVICE,ELECTRICAL POLE,15FEET,13.02334224,77.52171077
Bengaluru City,Peenya Traffic PS,1.04432e+16,2018,1,2,Road Accidents,Narrow road,City/Town,Open area,Human Error,No,Grievous Injury,Head on,Not at  Junction,Not Applicable,NH,Bitumen(Tar),Not Applicable,No influence on accident,Not Applicable,NH 4 TUMAKUR BANGALORE ROAD NEAR T DASARAHALLI METRO STATION,ELECTRIC POLE,38feet,13.04927676,77.49611604
Bengaluru City,Peenya Traffic PS,1.04432e+16,2018,1,2,Road Accidents,Narrow road,City/Town,Open area,Human Error,Not Applicable,Grievous Injury,Side impact or Right angle,Not Applicable,Others,City or Town Road,Bitumen(Tar),Dry,Not Applicable,Fine,HESARGHATA MAIN ROAD,ELECTRIC POLE,20FEET,13.05659233,77.50725636
Bengaluru City,Peenya Traffic PS,1.04432e+16,2018,1,2,Road Accidents,Other,City/Town,Open area,Human Error,No,Simple Injury,Others,Not Applicable,Others,NH,Bitumen(Tar),Dry,Not Applicable,Fine,NH-4 TUMAKUR SERVICE ROAD,ELECTRICAL POLE,8 FEET,13.04897249,77.497201
Bengaluru City,Peenya Traffic PS,1.04432e+16,2018,1,1,Road Accidents,Other,City/Town,At pedestrian Crossing,Human Error,No,Grievous Injury,Hit pedestrian,Uncontrolled,Others,NH,Bitumen(Tar),Dry,Not Applicable,Fine,NH-4 TUMAKUR BANGALURU NEAR PARLE G FACTORY,TREE,10FEET,13.04872204,77.49703232
Bengaluru City,Peenya Traffic PS,1.04432e+16,2018,1,2,Road Accidents,Narrow road,City/Town,Open area,Human Error,No,Grievous Injury,Head on,Not Applicable,Not Applicable,City or Town Road,Bitumen(Tar),Dry,Not Applicable,Fine,HESARAGHATTA MAIN ROAD,ELECTRIC POLE,30FEET,13.06139539,77.50660502
Bengaluru City,Peenya Traffic PS,1.04432e+16,2018,1,1,Road Accidents,Curves,City/Town,Open area,Human Error,No,Grievous Injury,Others,Uncontrolled,Others,Residential Street,Bitumen(Tar),Dry,Not Applicable,Fine,"PEENYA DIPO ROAD, 4 TH PHASE, 12 TH CROSS ROAD",TREE,12FEET,0.0,0.0
Bengaluru City,Peenya Traffic PS,1.04432e+16,2018,1,2,Road Accidents,Other,City/Town,Open area,Human Error,No,Not Applicable,Others,Uncontrolled,Not Applicable,NH,Bitumen(Tar),Dry,Not Applicable,Fine,NH-4 TUMAKUR BENGALURU,ELECTRICAL POLE,25FEET,13.04950498,77.49455019
Bengaluru City,Peenya Traffic PS,1.04432e+16,2018,1,2,Not Applicable,Narrow road,City/Town,Open area,Human Error,No,Simple Injury,Head on,Not Applicable,Slight Curve,City or Town Road,Bitumen(Tar),Dry,No influence on accident,Fine,H CROSS JUNCTION. HESARGHATA MAIN ROAD,NEAR H CROSS JUNCTION,10FEET,13.04543832,77.5072496
Bengaluru City,Peenya Traffic PS,1.04432e+16,2018,1,2,Road Accidents,Curves,City/Town,Open area,Human Error,Not Applicable,Grievous Injury,Rear end,Not Applicable,Slight Curve,Expressway,Bitumen(Tar),Dry,Not Applicable,Fine,NH4 FLYOVER ROAD,ELECTRIC POLE,10FEET,13.04042889,77.51795946
Bengaluru City,Peenya Traffic PS,1.04432e+16,2018,1,2,Road Accidents,Junction,City/Town,Open area,Human Error,Not Applicable,Grievous Injury,Side impact or Right angle,Signal lights Automatic,Not Applicable,NH,Bitumen(Tar),Not Applicable,Not Applicable,Fine,NH-4,PILLER NO 64,4.5FT,13.04231145,77.51459408
Bengaluru City,Peenya Traffic PS,1.04432e+16,2018,1,2,Road Accidents,Narrow road,City/Town,Near Bus stop,Human Error,Not Applicable,Grievous Injury,Rear end,Not Applicable,Not Applicable,City or Town Road,Bitumen(Tar),Dry,Not Applicable,Fine,100FEET ROAD,TREE,28feet,13.03451422,77.5179061
Bengaluru City,Peenya Traffic PS,1.04432e+16,2018,1,1,Road Accidents,Other,Not Applicable,Open area,Human Error,No,Grievous Injury,Others,Uncontrolled,Others,Residential Street,Bitumen(Tar),Dry,Not Applicable,Fine,GKW LAYOUT ROAD,TREE,22FEET,0.0,0.0
Bengaluru City,Peenya Traffic PS,1.04432e+16,2018,1,2,Road Accidents,Narrow road,City/Town,Open area,Human Error,Yes,Grievous Injury,Side swipe,Not Applicable,Not Applicable,City or Town Road,Bitumen(Tar),Dry,Not Applicable,Fine,LAKE ROAD,TREE,24FEET,13.03656548,77.51319359
Bengaluru City,Peenya Traffic PS,1.04432e+16,2018,1,2,Road Accidents,Not Applicable,City/Town,Near Hospital,Human Error,No,Grievous Injury,Others,Uncontrolled,Others,NH,Bitumen(Tar),Dry,Not Applicable,Fine,NH-4 TUMAKUR BANGALORE NEAR PEOPLE TREE HOSPITAL,ELECTRICAL POLE,25FEET,0.0,0.0
Bengaluru City,Peenya Traffic PS,1.04432e+16,2018,1,2,Road Accidents,Circle,City/Town,Residential area,Human Error,No,Grievous Injury,Head on,Uncontrolled,Curve,City or Town Road,Bitumen(Tar),Dry,Not Applicable,Fine,"HESARAGHATTA MAIN ROAD,NEW SAGAR PARNITURES",TREE,18FEET,13.05626969,77.50733316
Bengaluru City,Peenya Traffic PS,1.04432e+16,2018,1,1,Road Accidents,Other,City/Town,Open area,Human Error,No,Grievous Injury,Others,Uncontrolled,Not Applicable,Residential Street,Bitumen(Tar),Dry,Not Applicable,Fine,"RAMESH ROAD, T DASARAHALLI, AYYAPPA MESH OPP",ELECTRICAL POLE,15FEET,13.04278825,77.51474438
Bengaluru City,Peenya Traffic PS,1.04432e+16,2018,1,2,Road Accidents,Other,City/Town,Open area,Human Error,No,Grievous Injury,Others,Not at  Junction,Curve,One way,Bitumen(Tar),Dry,Not Applicable,Fine,KARIHOBANAHALLI MAIN ROAD,TREE,3FEET,13.02819508,77.4962111
Bengaluru City,Peenya Traffic PS,1.04432e+16,2018,1,2,Road Accidents,Other,City/Town,Open area,Human Error,No,Grievous Injury,Head on,Uncontrolled,Others,Others,Bitumen(Tar),Dry,Not Applicable,Fine,SHARADA SCHOOL ROAD AND CROSS ROAD JUCNTION,ELECTRICAL POLE,7FEET,13.00928923,77.52039918
Bengaluru City,Peenya Traffic PS,1.04432e+16,2018,1,2,Road Accidents,Junction,City/Town,Near Petrol Pump,Human Error,No,Grievous Injury,Others,Controlled,Others,Residential Street,Bitumen(Tar),Dry,Not Applicable,Fine,PIA 100 FEET ROAD NEAR SBM JUNCTION,TREE,22FEET,13.02575925,77.52071208
Bengaluru City,Peenya Traffic PS,1.04432e+16,2018,1,2,Road Accidents,Other,City/Town,Open area,Human Error,No,Simple Injury,Others,Controlled,Others,NH,Bitumen(Tar),Dry,Not Applicable,Fine,NH-4 TUMAKURU ROAD NEAR ANANDA ADIYAR HOTEL,ELECTRIC POLE,25FEET,13.04278278,77.51294678
Bengaluru City,Peenya Traffic PS,1.04432e+16,2018,1,2,Road Accidents,Other,City/Town,Open area,Human Error,No,Fatal,Rear end,Controlled,Others,NH,Bitumen(Tar),Dry,Not Applicable,Fine,NH-4 BENGALURU TUMAKUR ROAD NEAR NAVAYUGA TOLL,ELECTRICAL POLE,15FEET,13.04894351,77.49651648
Bengaluru City,Peenya Traffic PS,1.04432e+16,2018,1,1,Road Accidents,Narrow road,City/Town,Open area,Human Error,Yes,Grievous Injury,Hit pedestrian,Not Applicable,Others,City or Town Road,Bitumen(Tar),Dry,Not Applicable,Fine,S.M.ROAD,ELECTRIC POLE,20FEET,13.04507567,77.52161208
Bengaluru City,Peenya Traffic PS,1.04432e+16,2018,1,2,Road Accidents,Not Applicable,City/Town,Open area,Human Error,No,Not Applicable,Others,Uncontrolled,Not Applicable,NH,Bitumen(Tar),Dry,Not Applicable,Fine,NH-4 TUMAKUR BENGALURU FLY OVER ROAD,ELECTRICAL POLE,15FEET,13.04326159,77.51229413
Bengaluru City,Peenya Traffic PS,1.04432e+16,2018,1,2,Road Accidents,Narrow road,City/Town,Open area,Human Error,Not Applicable,Damage Only,Rear end,Not Applicable,Not Applicable,NH,Bitumen(Tar),Not Applicable,Not Applicable,Fine,NH-4,ELECTRIC POLE,52FEET,13.04942734,77.49475842
Bengaluru City,Peenya Traffic PS,1.04432e+16,2018,1,1,Road Accidents,Curves,City/Town,Open area,Human Error,No,Simple Injury,Others,Not Applicable,Curve,Others,Bitumen(Tar),Dry,Not Applicable,Fine,PEENYA 2 ND STAGE NEAR NAMMA KARKANE FACTORY,ELECTRICAL POLE,25FEET,0.0,0.0
Bengaluru City,Peenya Traffic PS,1.04432e+16,2018,1,2,Road Accidents,Junction,City/Town,Open area,Human Error,Not Applicable,Damage Only,Head on,Signal lights Automatic,Not Applicable,NH,Bitumen(Tar),Dry,Not Applicable,Fine,NH-4,PILLER,26FEET,13.03798003,77.52216895
Bengaluru City,Peenya Traffic PS,1.04432e+16,2018,1,2,Road Accidents,Other,Not Applicable,Near a factory industrial area,Human Error,No,Grievous Injury,Others,Not at  Junction,Others,Residential Street,Bitumen(Tar),Dry,Not Applicable,Fine,HESARAGHATTA MAIN ROAD NEAR JIVITH FASHION WEDIA SCHOOL BUS STOP,ELECTRICAL POLE,22FEET,13.04842769,77.5077898
Bengaluru City,Peenya Traffic PS,1.04432e+16,2018,1,2,Road Accidents,Curves,City/Town,Open area,Human Error,Not Applicable,Grievous Injury,Head on,Not Applicable,Slight Curve,Service Road,Bitumen(Tar),Not Applicable,Not Applicable,Fine,NH-4 SERVICE ROAD,METRO PILLER P441,18FEET,13.03746031,77.52332163
Bengaluru City,Peenya Traffic PS,1.04432e+16,2018,1,1,Road Accidents,Other,City/Town,Near office complex,Human Error,No,Grievous Injury,Others,No signal lights,Others,Residential Street,Bitumen(Tar),Dry,Not Applicable,Fine,PIPELINE ROAD NEAR 5 TH CROSS,ELECTRICAL POLE,30FEET,13.04889679,77.5130877
Bengaluru City,Peenya Traffic PS,1.04432e+16,2018,1,2,Road Accidents,Other,City/Town,Open area,Human Error,No,Grievous Injury,Others,Not at  Junction,Others,Residential Street,Bitumen(Tar),Dry,Not Applicable,Fine,"14 TH CROSS, NEAR SIGM FACTORY",ELECTRICAL POLE,4FEET,13.02091509,77.50842814
Bengaluru City,Peenya Traffic PS,1.04432e+16,2018,1,1,Road Accidents,Other,City/Town,Open area,Human Error,No,Simple Injury,Hit animal,Uncontrolled,Others,Residential Street,Bitumen(Tar),Dry,Not Applicable,Fine,SHAMBAVI NAGAR MAIN ROAD NEAR SAI SUMUK SARENITI,TREE,36FEET,13.02419469,77.52266256
Bengaluru City,Peenya Traffic PS,1.04432e+16,2018,1,1,Road Accidents,Other,City/Town,Open area,Human Error,No,Grievous Injury,Others,Not Applicable,Not Applicable,Residential Street,Bitumen(Tar),Dry,Not Applicable,Fine,"3 RD CROSS, PEENYA",ELECTRICAL POLE,18FEET,0.0,0.0
Bengaluru City,Peenya Traffic PS,1.04432e+16,2018,1,2,Road Accidents,Not Applicable,City/Town,Open area,Human Error,Yes,Grievous Injury,Others,Uncontrolled,Others,Residential Street,Bitumen(Tar),Dry,Not Applicable,Others,HESARAGHATTA MAIN ROAD VOLX WOGEN PALCES CROSS SHOW ROOM,ELECTRICAL POLE,25FEET,13.06017358,77.50693344
Bengaluru City,Peenya Traffic PS,1.04432e+16,2018,1,1,Road Accidents,Other,City/Town,Near Hospital,Human Error,No,Simple Injury,Hit pedal cyclist,Not at  Junction,Others,City or Town Road,Bitumen(Tar),Dry,Not Applicable,Clear,HESARAGHATTA MAIN ROAD,NEAR ELITE HOTEL,40FEET,13.05699203,77.50717028
Bengaluru City,Peenya Traffic PS,1.04432e+16,2018,1,1,Not Applicable,Narrow road,City/Town,Near Bus stop,Human Error,No,Simple Injury,Hit pedestrian,Not Applicable,Not Applicable,City or Town Road,Bitumen(Tar),Dry,No influence on accident,Fine,"NEAR LAKSHMI STORE ,INFORNT OF GAREG",LAKSHMI STORE,5FEET,77.512003,13.05468137
Bengaluru City,Peenya Traffic PS,1.04432e+16,2018,1,2,Road Accidents,Narrow road,City/Town,Open area,Human Error,Yes,Simple Injury,Rear end,Not Applicable,Not Applicable,Service Road,Bitumen(Tar),Dry,Not Applicable,Fine,NH-4 SERVICE ROAD,METRO PILLER NO 502,15FEET,13.04542933,77.50729154
Bengaluru City,Peenya Traffic PS,1.04432e+16,2018,1,1,Road Accidents,Curves,City/Town,Near office complex,Human Error,No,Simple Injury,Hit bicyclist,Uncontrolled,Curve,Others,Bitumen(Tar),Dry,Not Applicable,Fine,PEENYA 2 ND STAGE MAIN ROAD OPP CORPORATION BANK,ELECTRIC POLE,25FEET,13.0283619,77.5084513
Bengaluru City,Peenya Traffic PS,1.04432e+16,2018,1,1,Road Accidents,Narrow road,City/Town,Open area,Human Error,No,Grievous Injury,Hit pedestrian,Not Applicable,Not Applicable,NH,Bitumen(Tar),Not Applicable,Not Applicable,Fine,NH-4,PILLER NO 70,15FEET,13.0430808,77.51208142
Bengaluru City,Peenya Traffic PS,1.04432e+16,2018,1,1,Road Accidents,T Junction,City/Town,Open area,Human Error,Not Applicable,Grievous Injury,Hit pedal cyclist,Uncontrolled,Not Applicable,City or Town Road,Bitumen(Tar),Not Applicable,Not Applicable,Fine,S.M.ROAD,ELECTRIC POLE,36FEET,13.0413337,77.51918356
Bengaluru City,Peenya Traffic PS,1.04432e+16,2018,1,2,Road Accidents,Bridge,City/Town,Open area,Human Error,No,Not Applicable,Others,Uncontrolled,Others,NH,Bitumen(Tar),Dry,Not Applicable,Fine,"NH-4 FLY OVER ROAD, NEAR T DASARAHALLI, 8 TH MILE JUNCTION",ELECTRICAL POLE,18FEET,0.0,0.0
Bengaluru City,Peenya Traffic PS,1.04432e+16,2018,1,2,Road Accidents,Junction,City/Town,Near a factory industrial area,Human Error,Yes,Grievous Injury,Hit and Run,Uncontrolled,Not Applicable,City or Town Road,Bitumen(Tar),Not Applicable,Not Applicable,Others,PEENYA POLICE STATION ROAD,TREE,15FEET,13.03488131,77.52105784
Bengaluru City,Peenya Traffic PS,1.04432e+16,2018,1,2,Road Accidents,Junction,City/Town,Open area,Human Error,Not Applicable,Grievous Injury,Side impact or Right angle,No signal lights,Not Applicable,City or Town Road,Bitumen(Tar),Not Applicable,Not Applicable,Fine,GANESH TEMPLE NEAR RAJGOPAL NAGAR,ELECTRIC POLE,4FEET,0.0,0.0
Bengaluru City,Peenya Traffic PS,1.04432e+16,2018,1,2,Road Accidents,Narrow road,City/Town,Open area,Human Error,Not Applicable,Grievous Injury,Head on,Not Applicable,Others,City or Town Road,Bitumen(Tar),Dry,Not Applicable,Fine,PIA,TREE,25feet,13.02399211,77.50795481
Bengaluru City,Peenya Traffic PS,1.04432e+16,2018,1,1,Road Accidents,Curves,Not Applicable,Residential area,Human Error,No,Simple Injury,Others,Not at  Junction,Not Applicable,One way,Bitumen(Tar),Dry,Not Applicable,Fine,"2 ND CROSS, MALLASANDRA",ELECTRICAL POLE,15FEET,13.05777961,77.50752855
Bengaluru City,Peenya Traffic PS,1.04432e+16,2018,1,2,Road Accidents,Other,City/Town,Open area,Human Error,No,Grievous Injury,Others,Uncontrolled,Others,NH,Bitumen(Tar),Dry,Not Applicable,Fine,NH-4 TUMAKURU BENGALURU SERVICE ROAD NEAR ROYAL ENFIELD,MERTO PILLER,60FEET,13.04541328,77.50717415
Bengaluru City,Peenya Traffic PS,1.04432e+16,2018,1,1,Not Applicable,Narrow road,City/Town,Open area,Not Applicable,Yes,Damage Only,Hit and Run,Not at  Junction,Straight and flat,City or Town Road,Bitumen(Tar),Dry,Not Applicable,Fine,signal light pole in ps junction,signal light pole in ps junction,10FEET,13.04011021,77.51845599
Bengaluru City,Peenya Traffic PS,1.04432e+16,2018,1,1,Not Applicable,Bridge,City/Town,Open area,Human Error,Yes,Fatal,Hit and Run,Not Applicable,Straight and flat,City or Town Road,Bitumen(Tar),Dry,No influence on accident,Fine,NH4 FLYOVER ROAD 8TH MILE JUNCTION,NH4 FLYOVER ROAD 8TH MILE JUNCTION,20FEET,0.0,0.0
Bengaluru City,Peenya Traffic PS,1.04432e+16,2018,1,2,Road Accidents,Junction,City/Town,Near Bus stop,Human Error,No,Grievous Injury,Others,Controlled,Others,NH,Bitumen(Tar),Dry,Not Applicable,Fine,NH-4 TUMAKUR BANGALORE ROAD NEAR SRS SIGNAL JUNCTION,FLY OVER PILLOR,20FEET,13.03471048,77.52956664
Bengaluru City,Peenya Traffic PS,1.04432e+16,2018,1,2,Road Accidents,Other,City/Town,Open area,Human Error,Yes,Simple Injury,Hit and Run,Not Applicable,Straight and flat,NH,Bitumen(Tar),Dry,Not Applicable,Fine,NH-4 DIPAK U TURN,METRO PILLER NO 10,26FEET,13.04640223,77.5039402
Bengaluru City,Peenya Traffic PS,1.04432e+16,2018,1,2,Road Accidents,Narrow road,City/Town,Open area,Human Error,Not Applicable,Simple Injury,Head on,Not Applicable,Straight and flat,City or Town Road,Bitumen(Tar),Dry,No influence on accident,Fine,"NH4,FLYOVER CHOKKASANDRA",RAGHAVENDRA PEOPLE TREE HOSPITAL,20FEET,13.04230991,77.51460751
Bengaluru City,Peenya Traffic PS,1.04432e+16,2018,1,2,Road Accidents,Other,City/Town,Open area,Human Error,No,Grievous Injury,Others,Uncontrolled,Others,Residential Street,Bitumen(Tar),Dry,Not Applicable,Fine,H M T LAYOUT MAIN ROAD,ELECTRICAL POLE,15FEET,13.03848783,77.50451856
Bengaluru City,Peenya Traffic PS,1.04432e+16,2018,1,2,Road Accidents,Other,City/Town,Open area,Human Error,No,Grievous Injury,Others,Uncontrolled,Not Applicable,NH,Bitumen(Tar),Dry,Not Applicable,Others,NH-4 TUMAKURU BENGALURU ROAD FLY OVER ROAD NEAR 8 TH MILE JUNCTION,ELECTRICAL POLE,20FEET,13.04543832,77.5072496
Bengaluru City,Peenya Traffic PS,1.04432e+16,2018,1,2,Road Accidents,Other,City/Town,Open area,Human Error,No,Fatal,Others,Uncontrolled,Others,Residential Street,Bitumen(Tar),Dry,Not Applicable,Fine,HESARAGHATTA MAIN ROAD NEAR LAKSHMI PROVISION STORE,ELECTRICAL POLE,36FEET,13.06411432,77.50486079
Bengaluru City,Peenya Traffic PS,1.04432e+16,2018,1,2,Road Accidents,Other,City/Town,Open area,Human Error,No,Grievous Injury,Head on,Uncontrolled,Others,Residential Street,Bitumen(Tar),Dry,Not Applicable,Fine,"ANDRAHALLI MAIN ROAD, NEAR INDIAN ROLLING SHUTTERS",ELECTRICAL POLE,22FEET,0.0,0.0
Bengaluru City,Peenya Traffic PS,1.04432e+16,2018,1,3,Road Accidents,Not Applicable,City/Town,Open area,Human Error,No,Grievous Injury,Others,Uncontrolled,Others,Residential Street,Bitumen(Tar),Dry,Not Applicable,Fine,ANDRAHALLI MAIN ROAD NEAR SHUSHRUTHI BANK,ELECTRICAL POLE,22FEET,77.48412859,13.01553589
Bengaluru City,Peenya Traffic PS,1.04432e+16,2018,1,2,Road Accidents,Junction,City/Town,Open area,Human Error,Yes,Fatal,Side impact or Right angle,Signal lights Automatic,Not Applicable,NH,Bitumen(Tar),Dry,No influence on accident,Fine,NH-4 H CROSS JUNCTION,PILLER NO 92J,5FEET,13.04536453,77.50727767
Bengaluru City,Peenya Traffic PS,1.04432e+16,2018,1,1,Road Accidents,Other,City/Town,At pedestrian Crossing,Human Error,No,Simple Injury,Others,Uncontrolled,Curve,Others,Bitumen(Tar),Dry,Not Applicable,Fine,"INFRONT OF HOUSE 05, 12 TH CROSS, BAGALAGUNTE",TREE,24FEET,13.05658833,77.50353422
Bengaluru City,Peenya Traffic PS,1.04432e+16,2018,1,2,Road Accidents,Other,City/Town,Open area,Human Error,No,Simple Injury,Others,Uncontrolled,Others,Others,Bitumen(Tar),Dry,Not Applicable,Fine,NELAGADARANAHALLI MAIN ROAD OPP AKSHAY MOTORS,ELECTRICAL POLE,20FEET,13.04112316,77.50482768
Bengaluru City,Peenya Traffic PS,1.04432e+16,2018,1,2,Road Accidents,Junction,City/Town,Open area,Human Error,Not Applicable,Fatal,Hit bicyclist,Signal lights Automatic,Not Applicable,NH,Bitumen(Tar),Not Applicable,Not Applicable,Fine,NH-4,PILLER NO 63,28feet,13.04234975,77.51456178
Bengaluru City,Peenya Traffic PS,1.04432e+16,2018,1,2,Road Accidents,Narrow road,City/Town,Open area,Human Error,Not Applicable,Grievous Injury,Head on,Not Applicable,Not Applicable,City or Town Road,Bitumen(Tar),Dry,Not Applicable,Fine,DODDABIDARAKALLU MAIN ROAD,TREE,15FEET,13.02784824,77.49219538
Bengaluru City,Peenya Traffic PS,1.04432e+16,2018,1,2,Road Accidents,Cross roads,City/Town,Near or inside a village,Human Error,No,Simple Injury,Others,Not at  Junction,Not Applicable,Residential Street,Bitumen(Tar),Dry,Not Applicable,Fine,"MALLASANDRA 6 TH CROSS ROAD, NEAR MANJANNA BUILDING",ELECTRICAL POLE,25FEET,0.0,0.0
Bengaluru City,Peenya Traffic PS,1.04432e+16,2018,1,1,Road Accidents,Other,City/Town,At pedestrian Crossing,Human Error,No,Simple Injury,Hit pedestrian,Not Applicable,Others,NH,Bitumen(Tar),Dry,Not Applicable,Fine,NH-4 TUMAKUR BANGALORE ROAD NEAR PARLE G FACTORY,EDGE OF ROAD,8FEET,13.04870668,77.49689698
Bengaluru City,Peenya Traffic PS,1.04432e+16,2018,1,2,Road Accidents,Other,City/Town,Open area,Human Error,Yes,Simple Injury,Others,Not Applicable,Others,One way,Bitumen(Tar),Dry,Not Applicable,Fine,MANJUNATH NAGAR MAIN ROAD,ELECTRICAL POLE,8FEET,13.05659233,77.50725636