DISTRICTNAME,UNITNAME,Crime_No,Year,RI,Noofvehicle_involved,Accident_Classification,Accident_Spot,Accident_Location,Accident_SubLocation,Main_Cause,Hit_Run,Severity,Collision_Type,Junction_Control,Road_Character,Road_Type,Surface_Type,Surface_Condition,Road_Condition,Weather,Accident_Road,Landmark_first,Distance_LandMark_First,Latitude,Longitude
Bengaluru City,Peenya Traffic PS,1.04432e+16,2018,1,2,Road Accidents,Other,City/Town,Open area,Human Error,No,Not Applicable,Others,Not at  Junction,Not Applicable,One way,Bitumen(Tar),Dry,Not Applicable,Fine,NELAGADARANAHALLI MAIN ROAD NEAR SAVIRUCHI HOTEL,ELECTRIC POLE,20FEET,13.03847046,77.50450731
Bengaluru City,Peenya Traffic PS,1.04432e+16,2018,1,2,Road Accidents,Other,City/Town,Near Petrol Pump,Human Error,No,Grievous Injury,Head on,No signal lights,Not Applicable,NH,Bitumen(Tar),Dry,Not Applicable,Fine,NH-4 TUMAKUR ROAD NEAR DEEPAK U TURN,ELECTRIC POLE,25FEET,13.04621929,77.50389864
Bengaluru City,Peenya Traffic PS,1.04432e+16,2018,1,3,Road Accidents,Other,City/Town,Open area,Human Error,No,Grievous Injury,Not Applicable,Uncontrolled,Others,NH,Bitumen(Tar),Dry,Not Applicable,Fine,NH-4 TUMAKUR BENGALURU SERVICE ROAD,ELECTRICAL POLE,10FEET,13.04728682,77.50096787
Bengaluru City,Peenya Traffic PS,1.04432e+16,2018,1,2,Road Accidents,Not Applicable,City/Town,Near office complex,Human Error,No,Not Applicable,Others,Uncontrolled,Others,Residential Street,Bitumen(Tar),Dry,Not Applicable,Fine,"PIA 14 TH CROSS, NEAR V K C FOOT PRINT GLOBAL PVT LTD",ELECTRICAL POLE,20FEET,0.0,0.0
Bengaluru City,Peenya Traffic PS,1.04432e+16,2018,1,2,Road Accidents,Other,City/Town,Residential area,Human Error,No,Grievous Injury,Others,Controlled,Others,Residential Street,Bitumen(Tar),Dry,Not Applicable,Fine,"TVS CROSS SIGNAL JUNCTION, NEAR MAYUR HOTEL SIDE ROAD",ELECTRICAL POLE,20FEET,0.0,0.0
Bengaluru City,Peenya Traffic PS,1.04432e+16,2018,1,1,Road Accidents,Narrow road,City/Town,Open area,Human Error,Yes,Simple Injury,Hit pedestrian,Give way sign,Straight and flat,City or Town Road,Bitumen(Tar),Dry,No influence on accident,Fine,NEAR CHEAKSPORT FACTROY,NEAR CHEAKSPORT FACTROY,42FEET,13.02125097,77.51143224
Bengaluru City,Peenya Traffic PS,1.04432e+16,2018,1,1,Road Accidents,Other,Not Applicable,Open area,Human Error,No,Not Applicable,Rear end,Not Applicable,Others,Residential Street,Bitumen(Tar),Dry,Not Applicable,Fine,HEGGANAHALLI MAIN ROAD BEHIND MAMATH ELECTRICALS,ELECTRICAL POLE,35FEET,0.0,0.0
Bengaluru City,Peenya Traffic PS,1.04432e+16,2018,1,1,Road Accidents,Narrow road,City/Town,Open area,Human Error,Not Applicable,Grievous Injury,Hit pedestrian,Not Applicable,Not Applicable,City or Town Road,Bitumen(Tar),Not Applicable,Not Applicable,Fine,HESARGHATA MAIN ROAD,ELECTRIC POLE,8FEET,13.05749156,77.50715807
Bengaluru City,Peenya Traffic PS,1.04432e+16,2018,1,2,Road Accidents,Junction,City/Town,Open area,Human Error,Not Applicable,Grievous Injury,Rear end,Signal lights Automatic,Not Applicable,NH,Bitumen(Tar),Not Applicable,Not Applicable,Fine,NH-4,PILLER NO 37,30FEET,0.0,0.0
Bengaluru City,Peenya Traffic PS,1.04432e+16,2018,1,2,Road Accidents,Curves,City/Town,Open area,Human Error,No,Not Applicable,Others,Not Applicable,Curve,Others,Bitumen(Tar),Dry,Not Applicable,Fine,REDDY KATTE NEAR SANTHOSH KABABA SHOP,ELECTRICAL POLE,20FEET,0.0,0.0
Bengaluru City,Peenya Traffic PS,1.04432e+16,2018,1,1,Road Accidents,Narrow road,City/Town,Open area,Human Error,Not Applicable,Grievous Injury,Hit pedestrian,Not Applicable,Not Applicable,City or Town Road,Bitumen(Tar),Not Applicable,Not Applicable,Fine,10th A CROSS,ELECTRIC POLE,31FEET,13.0200954,77.557793
Bengaluru City,Peenya Traffic PS,1.04432e+16,2018,1,2,Road Accidents,Narrow road,City/Town,Open area,Human Error,Not Applicable,Grievous Injury,Hit pedestrian,Not Applicable,Not Applicable,City or Town Road,Bitumen(Tar),Dry,Not Applicable,Fine,RUKUMANI NAGARA 2ND CROSS,TREE,22FEET,13.0250954,77.5055671
Bengaluru City,Peenya Traffic PS,1.04432e+16,2018,1,2,Road Accidents,Junction,City/Town,Open area,Human Error,Not Applicable,Grievous Injury,Head on,Signal lights Automatic,Not Applicable,NH,Bitumen(Tar),Dry,Not Applicable,Fine,NH-4,PILLER NO 64,8feet,13.04225856,77.51484324
Bengaluru City,Peenya Traffic PS,1.04432e+16,2018,1,1,Road Accidents,Other,City/Town,Near a factory industrial area,Human Error,No,Simple Injury,Hit pedestrian,Not at  Junction,Others,Residential Street,Bitumen(Tar),Dry,Not Applicable,Fine,"PIA 14 TH CROSS, MITHAL GARMENTS",ELECTRICAL POLE,20FEET,13.01817567,77.50662894
Bengaluru City,Peenya Traffic PS,1.04432e+16,2018,1,2,Road Accidents,Other,City/Town,Near Petrol Pump,Human Error,No,Not Applicable,Others,Give way sign,Others,One way,Bitumen(Tar),Dry,Not Applicable,Fine,PIA 100 FEET ROAD NEAR UDAYAGIRI PETROL BUNK,ELECTRICAL POLE,30FEET,13.02813122,77.51921539
Bengaluru City,Peenya Traffic PS,1.04432e+16,2018,1,2,Road Accidents,Not Applicable,City/Town,Open area,Human Error,No,Grievous Injury,Others,Uncontrolled,Not Applicable,Residential Street,Bitumen(Tar),Dry,Not Applicable,Others,HESARAGHATTA MAIN ROAD NEAR BONE MILL BUS STOP,ELECTRICAL POLE,35FEET,13.0599541,77.50682706
Bengaluru City,Peenya Traffic PS,1.04432e+16,2018,1,2,Road Accidents,Junction,City/Town,Residential area,Human Error,No,Fatal,Hit pedestrian,Controlled,Others,Residential Street,Bitumen(Tar),Dry,Not Applicable,Fine,HESARAGHATTA MAIN ROAD NEAR BAGALAGUNTE JUNCTION,ELECTRICAL POLE,10FEET,13.05628178,77.50738172
Bengaluru City,Peenya Traffic PS,1.04432e+16,2018,1,1,Road Accidents,Other,City/Town,Open area,Human Error,No,Simple Injury,Hit pedestrian,Not Applicable,Others,Residential Street,Bitumen(Tar),Dry,Not Applicable,Fine,PIA PRERANA MOTORS OPP,ELECTRICAL POLE,42FEET,13.03003563,77.51028526
Bengaluru City,Peenya Traffic PS,1.04432e+16,2018,1,2,Road Accidents,Circle,City/Town,Residential area,Human Error,No,Simple Injury,Side swipe,Controlled,Curve,Residential Street,Bitumen(Tar),Dry,Not Applicable,Fine,CHOKKASANDRA KERE ROAD NEAR DYANAMETIC JUNCTION,ELECTRIC POLE,28FEET,0.0,0.0
Bengaluru City,Peenya Traffic PS,1.04432e+16,2018,1,2,Road Accidents,Other,City/Town,Open area,Human Error,No,Simple Injury,Others,Uncontrolled,Not Applicable,NH,Bitumen(Tar),Dry,Not Applicable,Fine,NH-4 TUMAKUR BENGALURU OPP WIDIO FACTORY NEAR NAVAYUG TOLL,ELECTRIC POLE,65FEET,13.04943576,77.49483167
Bengaluru City,Peenya Traffic PS,1.04432e+16,2018,1,1,Road Accidents,Narrow road,City/Town,At pedestrian Crossing,Human Error,Yes,Simple Injury,Hit pedestrian,Not at  Junction,Straight and flat,City or Town Road,Bitumen(Tar),Dry,No influence on accident,Fine,NEAR ABB GLASS FACTORY,NEAR ABB GLASS FACTORY,15FEET,0.0,0.0
Bengaluru City,Peenya Traffic PS,1.04432e+16,2018,1,1,Road Accidents,Narrow road,City/Town,Open area,Human Error,No,Simple Injury,Hit pedestrian,Not at  Junction,Straight and flat,City or Town Road,Bitumen(Tar),Not Applicable,No influence on accident,Not Applicable,HESARAGHATTA MAIN ROAD,footh path,15,13.06415783,77.50486477
Bengaluru City,Peenya Traffic PS,1.04432e+16,2018,1,1,Road Accidents,Junction,City/Town,Open area,Human Error,Yes,Grievous Injury,Hit pedestrian,Uncontrolled,Not Applicable,City or Town Road,Bitumen(Tar),Not Applicable,Not Applicable,Fine,"7th main Road, Havanoor layout",TREE,18feet,13.05544656,77.50432486
Bengaluru City,Peenya Traffic PS,1.04432e+16,2018,1,2,Road Accidents,Bridge,City/Town,Near Hospital,Human Error,No,Fatal,Hit parked vehicle,Uncontrolled,Straight and flat,NH,Bitumen(Tar),Dry,Not Applicable,Fine,"NH-4 FLY OVER ROAD, NEAR S M CIRCLE",END OF FLY OVER BRIDGE,7FEET,0.0,0.0
Bengaluru City,Peenya Traffic PS,1.04432e+16,2018,1,2,Road Accidents,Narrow road,City/Town,Open area,Human Error,Not Applicable,Grievous Injury,Head on,Not Applicable,Not Applicable,City or Town Road,Bitumen(Tar),Not Applicable,Not Applicable,Fine,"8th main road,pia",ELECTRIC POLE,30FEET,13.02419493,77.52266404
Bengaluru City,Peenya Traffic PS,1.04432e+16,2018,1,2,Road Accidents,Other,City/Town,Open area,Human Error,No,Simple Injury,Others,Uncontrolled,Others,Others,Bitumen(Tar),Dry,Not Applicable,Fine,"PEENYA INDUSTRIAL AREA, 4 TH PHASE, 4 TH MAIN, 9 TH CROSS JUNCTION",TREE,15FEET,13.02339131,77.5101626
Bengaluru City,Peenya Traffic PS,1.04432e+16,2018,1,1,Road Accidents,Other,City/Town,In bazaar,Human Error,No,Simple Injury,Others,Uncontrolled,Others,Others,Bitumen(Tar),Dry,Not Applicable,Fine,"PEENYA 2 ND STAGE, 3 RD CROSS, BASAVESHWAR STORE",TREE,20FEET,0.0,0.0
Bengaluru City,Peenya Traffic PS,1.04432e+16,2018,1,2,Road Accidents,Other,City/Town,Near Bus stop,Human Error,No,Not Applicable,Others,Controlled,Others,NH,Bitumen(Tar),Dry,Not Applicable,Fine,NH-4 TUMAKUR BANGALORE ROAD NEAR S M CIRCLE,METRO PILLER,24FEET,13.03994335,77.51844374
Bengaluru City,Peenya Traffic PS,1.04432e+16,2018,1,2,Road Accidents,Narrow road,City/Town,Open area,Human Error,Not Applicable,Grievous Injury,Rear end,Give way sign,Not Applicable,Expressway,Bitumen(Tar),Dry,Not Applicable,Fine,"NH-4, FLY OVER",ELECTRIC POLE,32FEET,13.03983519,77.51880394
Bengaluru City,Peenya Traffic PS,1.04432e+16,2018,1,1,Road Accidents,Other,City/Town,At pedestrian Crossing,Human Error,No,Grievous Injury,Hit pedestrian,Uncontrolled,Others,NH,Bitumen(Tar),Dry,Not Applicable,Fine,NH-4 TUMAKUR BANGALURU ROAD NEAR VENKATESHWAR BEKARY,ELECTRICAL POLE,20FEET,0.0,0.0
Bengaluru City,Peenya Traffic PS,1.04432e+16,2018,1,2,Road Accidents,Junction,City/Town,Open area,Human Error,Not Applicable,Grievous Injury,Right Turn Collision,No signal lights,Not Applicable,City or Town Road,Bitumen(Tar),Dry,Not Applicable,Fine,PIPE LINE ROAD,median,10FEET,13.0437113,77.52525211
Bengaluru City,Peenya Traffic PS,1.04432e+16,2018,1,2,Road Accidents,Not Applicable,City/Town,Open area,Human Error,No,Grievous Injury,Others,Uncontrolled,Others,Residential Street,Bitumen(Tar),Dry,Not Applicable,Fine,HEGGANAHALLI MAIN ROAD OPP ADISHWAR ELECTRO WORDS,ELECTRICAL POLE,20FEET,13.00783394,77.50556827
Bengaluru City,Peenya Traffic PS,1.04432e+16,2018,1,2,Road Accidents,Not Applicable,City/Town,Open area,Human Error,No,Grievous Injury,Others,Uncontrolled,Not Applicable,NH,Bitumen(Tar),Dry,Not Applicable,Fine,NH-4 TUMAKUR BENGALURU ROAD SOUTH SERVICE ROAD,ELECTRICAL POLE,8FEET,13.04503254,77.50785536
Bengaluru City,Peenya Traffic PS,1.04432e+16,2018,1,2,Road Accidents,Other,City/Town,Open area,Human Error,No,Grievous Injury,Others,Controlled,Others,NH,Bitumen(Tar),Dry,Not Applicable,Fine,NH-4 TUMAKUR BENGALURU 8 TH MILE SIGNLE JUNCTION,MERTO PILLER,8FEET,13.04554762,77.50705185
Bengaluru City,Peenya Traffic PS,1.04432e+16,2018,1,2,Road Accidents,Other,City/Town,Open area,Human Error,No,Grievous Injury,Others,Uncontrolled,Others,Residential Street,Bitumen(Tar),Dry,Not Applicable,Fine,NH-4 TUMAKUR BENGALURU FLY OVER ROAD,ELECTRICAL POLE,21FEET,13.03940812,77.51952472
Bengaluru City,Peenya Traffic PS,1.04432e+16,2018,1,2,Road Accidents,Other,City/Town,Open area,Human Error,No,Not Applicable,Overturning,Uncontrolled,Others,NH,Bitumen(Tar),Dry,Not Applicable,Fine,NH-4 BENGALURU TUMAKUR ROAD,MERTO PILLER,30FEET,13.04050925,77.51755118
Bengaluru City,Peenya Traffic PS,1.04432e+16,2018,1,2,Road Accidents,Narrow road,City/Town,Open area,Human Error,Not Applicable,Simple Injury,Head on,Not at  Junction,Straight and flat,City or Town Road,Bitumen(Tar),Dry,No influence on accident,Fine,NEAR PEENYA INDUSTRY METRO SATION,PARK COMPOUND,28FEET,13.03624923,77.5252628
Bengaluru City,Peenya Traffic PS,1.04432e+16,2019,1,1,Not Applicable,Narrow road,City/Town,Open area,Human Error,No,Fatal,Hit pedestrian,Not at  Junction,Straight and flat,City or Town Road,Bitumen(Tar),Dry,No influence on accident,Fine,100FEET ROAD,CENTRAL BANK OPP,10FEET,13.03220883,77.51815084
Bengaluru City,Peenya Traffic PS,1.04432e+16,2019,1,1,Not Applicable,Narrow road,City/Town,Open area,Human Error,Yes,Simple Injury,Hit pedestrian,Not at  Junction,Straight and flat,City or Town Road,Bitumen(Tar),Dry,No influence on accident,Fine,TVS CROSS NEAR 100 FEET ROAD,NEAR VENKATESHWARA BEKARI,5FEET,77.51962375,13.02832062
Bengaluru City,Peenya Traffic PS,1.04432e+16,2019,1,1,Road Accidents,Not Applicable,City/Town,Residential area,Human Error,Yes,Grievous Injury,Hit pedestrian,Not Applicable,Not Applicable,Arterial,Bitumen(Tar),Dry,Not Applicable,Clear,SIDEDAHALLI MAIN ROAD,RAMDEV FOOTWEAR ANAGADI,5 KM,13.06250809,77.49512641
Bengaluru City,Peenya Traffic PS,1.04432e+16,2019,1,2,Not Applicable,Cross roads,City/Town,Open area,Human Error,No,Simple Injury,Head on,Not Applicable,Sharp Curve,City or Town Road,Bitumen(Tar),Dry,No influence on accident,Fine,7TH CROSS SRS ROAD,MAMATHA INDUSTRIES,15FEET,0.0,0.0
Bengaluru City,Peenya Traffic PS,1.04432e+16,2019,1,2,Road Accidents,Other,City/Town,Open area,Human Error,No,Grievous Injury,Others,Uncontrolled,Others,NH,Bitumen(Tar),Dry,Not Applicable,Others,NH-4 TUMAKUR BENGALURU ROAD,MERTO PILLER,60FEET,13.04788459,77.49999662
Bengaluru City,Peenya Traffic PS,1.04432e+16,2019,1,1,Road Accidents,Narrow road,City/Town,Open area,Human Error,No,Simple Injury,Hit pedestrian,Not at  Junction,Straight and flat,City or Town Road,Bitumen(Tar),Ditch or Potholed,No influence on accident,Fine,100FEET ROAD,PIA SAGAR HOTEL NEAR,10FEET,13.01728859,77.5000856
Bengaluru City,Peenya Traffic PS,1.04432e+16,2019,1,2,Road Accidents,Curves,City/Town,Residential area,Human Error,No,Simple Injury,Vehicle to Vehicle,Not Applicable,Curve,Residential Street,Bitumen(Tar),Dry,Not Applicable,Fine,HEGGANAHALLI MAIN ROAD NEAR ARAMANE GRAND HOTEL,ELECTRICAL POLE,36FEET,13.03623575,77.5182686
Bengaluru City,Peenya Traffic PS,1.04432e+16,2019,1,2,Not Applicable,Narrow road,City/Town,Open area,Human Error,No,Simple Injury,Vehicle to Vehicle,Not at  Junction,Straight and flat,Others,Bitumen(Tar),Dry,No influence on accident,Fine,PEENYA 2ST STAGE  1ST CROSS,NEAR ELECTRO APTICAL SYSTEM,15FEET,13.03568166,77.52125568
Bengaluru City,Peenya Traffic PS,1.04432e+16,2019,1,2,Road Accidents,Circle,City/Town,Residential area,Human Error,No,Damage Only,Vehicle to Vehicle,Controlled,Others,Residential Street,Bitumen(Tar),Dry,Not Applicable,Fine,HESARAGHATTA MAIN ROAD OPP VARUN MOTORS,ELECTRICAL POLE,12FEET,13.05652245,77.50725906
Bengaluru City,Peenya Traffic PS,1.04432e+16,2019,1,1,Not Applicable,Narrow road,City/Town,Open area,Human Error,No,Simple Injury,Hit pedestrian,Not Applicable,Straight and flat,Service Road,Bitumen(Tar),Dry,No influence on accident,Fine,SHITTIHALLI MAIN ROAD,SRI LAKSHMI VENKATESHWARA PRASANNA HOUSE OPP,8FEET,13.058926,77.51067432
Bengaluru City,Peenya Traffic PS,1.04432e+16,2019,1,2,Not Applicable,Cross roads,City/Town,Open area,Human Error,No,Simple Injury,Vehicle to Vehicle,Uncontrolled,Curve,Others,Bitumen(Tar),Dry,Drainage Ditch,Fine,G K W LYOUT 3RD CROSS MANJUNATHA CANDIMENTS,MANJUNATHA CAMDIMENTS,15FEET,0.0,0.0
Bengaluru City,Peenya Traffic PS,1.04432e+16,2019,1,1,Road Accidents,Narrow road,City/Town,Residential area,Human Error,No,Grievous Injury,Hit pedestrian,Uncontrolled,Others,Residential Street,Bitumen(Tar),Dry,Not Applicable,Fine,"SAPTHAGIRI LAYOUT, 4 TH CROSS, NEAR 49 HOUSE",HONGE TREE,20FEET,0.0,0.0
Bengaluru City,Peenya Traffic PS,1.04432e+16,2019,1,1,Road Accidents,Not Applicable,City/Town,Residential area,Human Error,No,Grievous Injury,Hit pedestrian,Uncontrolled,Others,Residential Street,Bitumen(Tar),Dry,Not Applicable,Fine,HESARAGHATTA MAIN ROAD NEAR KRISHNA CAKE PALACE,ELECTRICAL POLE,25FEET,0.0,0.0
Bengaluru City,Peenya Traffic PS,1.04432e+16,2019,1,2,Road Accidents,Other,City/Town,Open area,Human Error,No,Grievous Injury,Rear end,Uncontrolled,Others,NH,Bitumen(Tar),Dry,Not Applicable,Fine,NH-4 TUMAKURU BENGALURU ROAD NEAR CHOKKASANDRA JUNCTION,ELECTRICAL POLE,25FEET,13.0424793,77.51474392
Bengaluru City,Peenya Traffic PS,1.04432e+16,2019,1,1,Road Accidents,Narrow road,City/Town,Open area,Human Error,No,Simple Injury,Hit pedestrian,Not at  Junction,Straight and flat,City or Town Road,Bitumen(Tar),Dry,No influence on accident,Fine,NH4 PARLE FACTORY OPP,NH4 PARLE FACTORY OPP,40FEET,13.05057737,77.49215382
Bengaluru City,Peenya Traffic PS,1.04432e+16,2019,1,2,Not Applicable,Narrow road,City/Town,Near Bus stop,Human Error,No,Simple Injury,Head on,Stop sign,Straight and flat,State Highway,Bitumen(Tar),Dry,No influence on accident,Fine,NH4 TOLL NEAR,NAVAYUGA TOLL GATE,20FEET,13.01654155,77.50385278
Bengaluru City,Peenya Traffic PS,1.04432e+16,2019,1,1,Road Accidents,Narrow road,City/Town,Open area,Human Error,Yes,Fatal,Hit and Run,Not at  Junction,Straight and flat,City or Town Road,Bitumen(Tar),Dry,No influence on accident,Fine,SWATHI PETROL BUNK HN4,SWATHI PETROL BUNK,10FEET,13.04532654,77.50385278
Bengaluru City,Peenya Traffic PS,1.04432e+16,2019,1,2,Not Applicable,Bridge,City/Town,Open area,Vehicle Defect,No,Damage Only,Head on,Not Applicable,Straight and flat,City or Town Road,Bitumen(Tar),Dry,No influence on accident,Fine,NH4 FLYOVER ROAD BRIGE,NEAR JALAHALLI METRO STATION,5FEET,13.04533803,77.50719361
Bengaluru City,Peenya Traffic PS,1.04432e+16,2019,1,2,Road Accidents,Bridge,City/Town,Open area,Human Error,No,Damage Only,Rear end,Uncontrolled,Others,NH,Bitumen(Tar),Dry,Not Applicable,Fine,NH-4 TUMAKURU BENGALURU ROAD NEAR JALAHALLI METRO STATION,ELECTRICAL POLE,18FEET,13.03932401,77.51941659
Bengaluru City,Peenya Traffic PS,1.04432e+16,2019,1,1,Not Applicable,Narrow road,City/Town,Open area,Human Error,Yes,Simple Injury,Hit pedestrian,Signal lights Automatic,Straight and flat,Others,Bitumen(Tar),Dry,No influence on accident,Fine,NH-4 SERVICE ROAD,NEAR NEAR SHAMIL,15FEET,13.04574332,77.50551579
Bengaluru City,Peenya Traffic PS,1.04432e+16,2019,1,1,Road Accidents,Narrow road,City/Town,Residential area,Human Error,Not Applicable,Simple Injury,Hit pedestrian,Not Applicable,Curve,Residential Street,Bitumen(Tar),Dry,Not Applicable,Fine,NO-31 NEAR CHURCH 3 RD CROSS BHYRAVESHWARA NAGARA,ELECTRIC POLE,30FEET,0.0,0.0
Bengaluru City,Peenya Traffic PS,1.04432e+16,2019,1,1,Not Applicable,Narrow road,City/Town,Open area,Human Error,No,Simple Injury,Hit pedestrian,Controlled,Straight and flat,NH,Bitumen(Tar),Dry,No influence on accident,Fine,JALAHALLI CROSS JUNCTION,NEAR RACKLINE MALL,10FEET,13.04005468,77.51840394
Bengaluru City,Peenya Traffic PS,1.04432e+16,2019,1,2,Road Accidents,Not Applicable,City/Town,Open area,Human Error,Not Applicable,Fatal,Vehicle to Vehicle,Not Applicable,Straight and flat,NH,Bitumen(Tar),Dry,Not Applicable,Fine,NH-4 FLYOVER JALAHALLI CROSS JN,ELECTRIC POLE,100FET,13.04047319,77.51822931
Bengaluru City,Peenya Traffic PS,1.04432e+16,2019,1,2,Road Accidents,Cross roads,City/Town,Residential area,Human Error,Not Applicable,Simple Injury,Not Applicable,Not Applicable,Straight and flat,NH,Bitumen(Tar),Dry,Not Applicable,Fine,PEENYA 4 TH PHASE INFRONT OF KARNATAKA WAY BRIDGE,KARNATAKA  WAY BRIDGE,50FEET,0.0,0.0
Bengaluru City,Peenya Traffic PS,1.04432e+16,2019,1,1,Road Accidents,Not Applicable,City/Town,Near School or College,Human Error,No,Simple Injury,Hit pedestrian,Police / Manual,Straight and flat,Others,Bitumen(Tar),Dry,Not Applicable,Fine,NEAR MAHIMAPPA SCHOOLCHOKKASANDRA MAIN ROAD,ELECTRIC POLE,20FEET,0.0,0.0
Bengaluru City,Peenya Traffic PS,1.04432e+16,2019,1,2,Road Accidents,Cross roads,City/Town,Near School or College,Human Error,Yes,Simple Injury,Vehicle to Vehicle,Not Applicable,Straight and flat,Others,Bitumen(Tar),Flooded,Not Applicable,Fine,"OPP VIJAYA BHARTHI SCHOOL, BHUVANESHWARAI NAGARA T DASARAHALLI",SCHOOL,45FEET,0.0,0.0
Bengaluru City,Peenya Traffic PS,1.04432e+16,2019,1,2,Road Accidents,Junction,City/Town,Open area,Human Error,Yes,Fatal,Hit and Run,Not Applicable,Straight and flat,NH,Bitumen(Tar),Dry,No influence on accident,Fine,NH4 BANGALORE TUMKUR ROAD,AYYAPPA MESS,20FEET,13.04225856,77.51229413
Bengaluru City,Peenya Traffic PS,1.04432e+16,2019,1,2,Road Accidents,Narrow road,City/Town,Near School or College,Human Error,Yes,Simple Injury,Head on,Uncontrolled,Straight and flat,City or Town Road,Bitumen(Tar),Dry,No influence on accident,Fine,2 2ND CROSS RAJEEV GANDHI NAGAR,SANTHOSH SWITCH WARE,40FEET,0.0,0.0
Bengaluru City,Peenya Traffic PS,1.04432e+16,2019,1,1,Road Accidents,Narrow road,City/Town,Open area,Human Error,Yes,Simple Injury,Hit pedestrian,Not at  Junction,Straight and flat,City or Town Road,Bitumen(Tar),Dry,No influence on accident,Fine,LAVAKUSHA NAGAR,1ST MAIN ROAD SKS LADIES  TAILERS,20FEET,77.52135956,13.01238801
Bengaluru City,Peenya Traffic PS,1.04432e+16,2019,1,1,Rail Road Accidents,Narrow road,City/Town,Open area,Human Error,Yes,Simple Injury,Hit pedestrian,Not Applicable,Straight and flat,City or Town Road,Bitumen(Tar),Dry,No influence on accident,Fine,"#185,5TH 6TH MAIN KG NAGARA",HOUSE NO 185 SHAMBHU HOUSE,05FEET,13.01239093,77.51114527
Bengaluru City,Peenya Traffic PS,1.04432e+16,2019,1,1,Road Accidents,Cross roads,City/Town,Open area,Human Error,No,Simple Injury,Hit pedestrian,Uncontrolled,Hump,NH,Bitumen(Tar),Dry,Not Applicable,Fine,NH-4 TUMAKUR ROAD NEAR METRO STATION,METRO PILLOR,35FEET,13.04298743,77.51287377
Bengaluru City,Peenya Traffic PS,1.04432e+16,2019,1,2,Road Accidents,Junction,City/Town,Open area,Human Error,Yes,Grievous Injury,Hit and Run,Signal lights Automatic,Not Applicable,State Highway,Bitumen(Tar),Not Applicable,No influence on accident,Fine,HESRAGHATTA MAIN ROAD NEAR BONE MILE JUNCTTION,ELECTRIC POLE,35 FEE,13.06025156,77.50690792
Bengaluru City,Peenya Traffic PS,1.04432e+16,2019,1,2,Road Accidents,Other,City/Town,Open area,Human Error,Yes,Simple Injury,Head on,Not Applicable,Not Applicable,City or Town Road,Bitumen(Tar),Dry,No influence on accident,Fine,RAJAGOPALANAGARA MAIN ROAD,NEAR KARNAT DRIVING SCHOOL,30,13.01239021,77.51114857
Bengaluru City,Peenya Traffic PS,1.04432e+16,2019,1,2,Road Accidents,Junction,City/Town,Open area,Vehicle Defect,No,Damage Only,Head on,Controlled,Straight and flat,City or Town Road,Bitumen(Tar),Dry,No influence on accident,Fine,POLICE STATION SIGNAL JUNCTION,NEAR KARAVALI HOTEL,20FEET,77.51971675,13.02929453
Bengaluru City,Peenya Traffic PS,1.04432e+16,2019,1,1,Road Accidents,Other,City/Town,Open area,Human Error,No,Grievous Injury,Others,Controlled,Hump,NH,Bitumen(Tar),Dry,Not Applicable,Fine,NH-4 TUMAKUR BENGALURU SERVICE ROAD NEAR PEENYA POLICE STATION,ELECTRICAL POLE,5FEET,13.0386163,77.52084887
Bengaluru City,Peenya Traffic PS,1.04432e+16,2019,1,2,Not Applicable,Narrow road,City/Town,Open area,Human Error,Yes,Grievous Injury,Head on,Not Applicable,Straight and flat,City or Town Road,Bitumen(Tar),Dry,No influence on accident,Fine,NH-4 FLYOVER ROAD T DASARAHALLI METRO STATION,NEAR DASARAHALLI METRO STATION,30FEET,0.0,0.0
Bengaluru City,Peenya Traffic PS,1.04432e+16,2019,1,1,Road Accidents,Narrow road,City/Town,Open area,Human Error,No,Grievous Injury,Drowned,Not at  Junction,Straight and flat,City or Town Road,Bitumen(Tar),Dry,No influence on accident,Fine,KARIYOBANAHALLI ROAD,NEAR GOVT SCHOOL,25FEET,13.01654155,77.49999662
Bengaluru City,Peenya Traffic PS,1.04432e+16,2019,1,2,Road Accidents,Not Applicable,City/Town,Open area,Human Error,No,Damage Only,Vehicle to Vehicle,Not Applicable,Straight and flat,Residential Street,Bitumen(Tar),Dry,Not Applicable,Fine,RAVI KIRLOSKAR LAYOUT 23 RD CROSS,HOUSE GATE,12FEET,13.06819005,77.50068153
Bengaluru City,Peenya Traffic PS,1.04432e+16,2019,1,2,Road Accidents,Cross roads,City/Town,Open area,Human Error,Yes,Simple Injury,Vehicle to Vehicle,Not at  Junction,Not Applicable,Others,Bitumen(Tar),Dry,Not Applicable,Fine,K T J COLLAGE HEGGANAHALLI,HEGGANAHALLI K T J COLLAGE,15FEET,0.0,0.0
Bengaluru City,Peenya Traffic PS,1.04432e+16,2019,1,2,Not Applicable,Cross roads,City/Town,Open area,Human Error,No,Simple Injury,Vehicle to Vehicle,Not at  Junction,Curve,Others,Bitumen(Tar),Dry,No influence on accident,Fine,PEENYA INDUSTRIAL AREA 2ND PHASE SAPL INDUSTRIES OPP,OPP SAPL INDUTRIES,25FEET,13.02925717,77.51227442
Bengaluru City,Peenya Traffic PS,1.04432e+16,2019,1,2,Road Accidents,Cross roads,City/Town,Near School or College,Human Error,Yes,Simple Injury,Vehicle to Vehicle,Not Applicable,Straight and flat,Residential Street,Bitumen(Tar),Dry,Not Applicable,Fine,"NEAR WIDIA SCHOOL BUS STOP DIFENCE CONY, HAVANUR BADAVANE,",ELECTRIC POLE,10FEET,0.0,0.0
Bengaluru City,Peenya Traffic PS,1.04432e+16,2019,1,2,Road Accidents,Cross roads,City/Town,Residential area,Human Error,Yes,Simple Injury,Hit pedestrian,Uncontrolled,Straight and flat,Others,Bitumen(Tar),Dry,Not Applicable,Others,PIA. SHIVAPURA 14 TH CROSS NEAR 7 HILLS,ELECTRIC POLE,20FEET,0.0,0.0
Bengaluru City,Peenya Traffic PS,1.04432e+16,2019,1,2,Road Accidents,Junction,City/Town,Near a factory industrial area,Human Error,No,Simple Injury,Vehicle to Vehicle,Controlled,Straight and flat,NH,Bitumen(Tar),Dry,Not Applicable,Fine,NH-4 TUMKUR BENGALURU ROAD NEAR PEENYA POLICE STATION,METRO PILLER NO 37,40FEET,0.0,0.0