DISTRICTNAME,UNITNAME,Crime_No,Year,RI,Noofvehicle_involved,Accident_Classification,Accident_Spot,Accident_Location,Accident_SubLocation,Main_Cause,Hit_Run,Severity,Collision_Type,Junction_Control,Road_Character,Road_Type,Surface_Type,Surface_Condition,Road_Condition,Weather,Accident_Road,Landmark_first,Distance_LandMark_First,Latitude,Longitude
Bengaluru City,Peenya Traffic PS,1.04432e+16,2019,1,1,Road Accidents,Circle,City/Town,Near Bus stop,Human Error,Yes,Simple Injury,Hit pedestrian,Controlled,Curve,NH,Bitumen(Tar),Dry,Not Applicable,Fine,NH-4 TUMKUR-BENGALURU ROAD NEAR JALAHALLI CROSS JUNCTION POLICE CHOWKI,METRO PILLOR NO 51,2FEET,13.04376195,77.52530604
Bengaluru City,Peenya Traffic PS,1.04432e+16,2019,1,1,Road Accidents,Cross roads,City/Town,Near a factory industrial area,Human Error,Yes,Simple Injury,Hit pedestrian,Not Applicable,Straight and flat,Others,Bitumen(Tar),Dry,Not Applicable,Fine,"Near shahi-9 Garment,7 th mn, peenya industrial are",footpath,2feet,0.0,0.0
Bengaluru City,Peenya Traffic PS,1.04432e+16,2019,1,1,Not Applicable,Junction,City/Town,Open area,Human Error,Yes,Simple Injury,Hit and Run,Not at  Junction,Straight and flat,City or Town Road,Bitumen(Tar),Dry,No influence on accident,Fine,NH4 SERVIES ROAD VRL OFFICE NEAR,VRL OFFICE NEAR,12FEET,13.04978835,77.52538261
Bengaluru City,Peenya Traffic PS,1.04432e+16,2019,1,1,Not Applicable,Narrow road,City/Town,Open area,Human Error,Yes,Simple Injury,Hit pedestrian,Not at  Junction,Others,City or Town Road,Bitumen(Tar),Dry,No influence on accident,Fine,HESARAGHATTA MAIN ROAD OPP NEW JOTHI SAGAR HOTEL,NEAR PEROL BUNK,35,77.49512641,13.06250809
Bengaluru City,Peenya Traffic PS,1.04432e+16,2019,1,2,Road Accidents,Other,City/Town,Residential area,Human Error,No,Fatal,Others,Uncontrolled,Others,Residential Street,Bitumen(Tar),Dry,Not Applicable,Fine,ANDRAHALLI MAIN ROAD NEAR BRAMHALINGESWAR JUICE AND CONDIMENTS,ELECTRICAL POLE,10FEET,13.00815563,77.50057418
Bengaluru City,Peenya Traffic PS,1.04432e+16,2019,1,1,Road Accidents,Other,City/Town,Open area,Human Error,No,Simple Injury,Hit pedestrian,Not at  Junction,Slight Curve,City or Town Road,Bitumen(Tar),Dry,No influence on accident,Fine,SM ROAD NEAR PETROL BUNK,TRIVENI PETROL BUNK NEAR,15FEET,13.03717919,77.52416623
Bengaluru City,Peenya Traffic PS,1.04432e+16,2019,1,1,Road Accidents,Other,City/Town,Open area,Human Error,No,Simple Injury,Hit pedestrian,Not Applicable,Slight Curve,City or Town Road,Bitumen(Tar),Dry,No influence on accident,Fine,SM ROAD NEAR PETROL BUNK,TRIVENI PETROL BUNK NEAR,15FEET,13.04354105,77.52063593
Bengaluru City,Peenya Traffic PS,1.04432e+16,2019,1,1,Road Accidents,Narrow road,City/Town,Open area,Human Error,Yes,Grievous Injury,Head on,Controlled,Straight and flat,City or Town Road,Bitumen(Tar),Dry,No influence on accident,Fine,NH-4 JALAHALLI CROSS BUSSTOP,NEAR ROCKLINE MALL,20FEET,13.04004513,77.51822089
Bengaluru City,Peenya Traffic PS,1.04432e+16,2019,1,2,Not Applicable,Bridge,City/Town,Open area,Human Error,No,Fatal,Rear end,Uncontrolled,Others,NH,Bitumen(Tar),Dry,Not Applicable,Fine,NH-4 TUMAKUR BENGALURU FLY OVER ROAD NEAR PEENYA INDUSTRIAL METRO STATION,ELECTRICAL POLE,8 FEET,13.02125097,77.50113737
Bengaluru City,Peenya Traffic PS,1.04432e+16,2019,1,3,Road Accidents,Bridge,City/Town,Open area,Human Error,No,Damage Only,Rear end,Uncontrolled,Others,NH,Bitumen(Tar),Dry,Not Applicable,Fine,NH-4 TUMAKUR BENGALURU ROAD,ELECTRICAL POLE,35FEET,13.02641158,77.50952631
Bengaluru City,Peenya Traffic PS,1.04432e+16,2019,1,1,Not Applicable,Narrow road,City/Town,Near Bus stop,Human Error,No,Fatal,Hit pedestrian,Not at  Junction,Curve and Incline,Others,Bitumen(Tar),Dry,No influence on accident,Fine,PIPELINE ROAD,NEAR BASAVESHWARA BUS STOP,25FEET,13.04359321,77.5256236
Bengaluru City,Peenya Traffic PS,1.04432e+16,2019,1,2,Not Applicable,Narrow road,City/Town,Open area,Human Error,No,Simple Injury,Vehicle to Vehicle,Not at  Junction,Steep Incline or Climb,Others,Bitumen(Tar),Dry,No influence on accident,Fine,RAJESHWARI NAGARA 1 ST MAIN,FRIENDS CIRCLE NEAR,25FEET,13.00976976,77.51958935
Bengaluru City,Peenya Traffic PS,1.04432e+16,2019,1,2,Not Applicable,Narrow road,City/Town,Open area,Human Error,Yes,Simple Injury,Vehicle to Vehicle,Controlled,Straight and flat,NH,Bitumen(Tar),Dry,No influence on accident,Fine,s r s signal junction n h 4 road,bmtc bus stop,35FEET,13.03465737,77.5296711
Bengaluru City,Peenya Traffic PS,1.04432e+16,2019,1,2,Not Applicable,Narrow road,City/Town,Open area,Human Error,No,Simple Injury,Vehicle to Vehicle,Not at  Junction,Straight and flat,Others,Bitumen(Tar),Dry,No influence on accident,Fine,NH4 8TH MILE ROAD,RADHA SASSANGA COMPOUND WALL,100FET,0.0,0.0
Bengaluru City,Peenya Traffic PS,1.04432e+16,2019,1,1,Road Accidents,Offset,City/Town,Residential area,Human Error,No,Fatal,Hit pedestrian,Uncontrolled,Others,Residential Street,Bitumen(Tar),Dry,Not Applicable,Fine,SRS ROAD NEAR BIO TREE COMPANY,TREE,8 FEET,13.0137,77.312
Bengaluru City,Peenya Traffic PS,1.04432e+16,2019,1,2,Road Accidents,Junction,City/Town,Open area,Human Error,No,Grievous Injury,Vehicle to Vehicle,Controlled,Others,Residential Street,Bitumen(Tar),Dry,Not Applicable,Fine,PIA 100 FEET ROAD NEAR T V S CROSS JUNCTION,ELECTRICAL POLE,15FEET,0.0,0.0
Bengaluru City,Peenya Traffic PS,1.04432e+16,2019,1,1,Road Accidents,Not Applicable,City/Town,Open area,Human Error,Yes,Grievous Injury,Not Applicable,Uncontrolled,Others,Residential Street,Bitumen(Tar),Dry,Not Applicable,Fine,BASAVESHWAR BUS STOP ROAD NEAR SURIAN FACTORY,ELECTRICAL POLE,50FEET,0.0,0.0
Bengaluru City,Peenya Traffic PS,1.04432e+16,2019,1,1,Road Accidents,Junction,City/Town,Near Bus stop,Human Error,Not Applicable,Simple Injury,Hit pedestrian,Controlled,Straight and flat,NH,Bitumen(Tar),Dry,Not Applicable,Fine,NH-4 TUMKUR BENGALURU ROAD NEAR BHAVANI TIMBER,DEVIDER,10FEET,0.0,0.0
Bengaluru City,Peenya Traffic PS,1.04432e+16,2019,1,2,Road Accidents,Curves,City/Town,Near Hospital,Human Error,Not Applicable,Simple Injury,Vehicle to Vehicle,Not Applicable,Curve,Others,Bitumen(Tar),Dry,Not Applicable,Fine,NEAR RAMACHANDRA HOSPITAL HESARAGHATTA MAIN ROAD,DEVIDER,17FEET,0.0,0.0
Bengaluru City,Peenya Traffic PS,1.04432e+16,2019,1,1,Road Accidents,Narrow road,City/Town,Open area,Human Error,Yes,Simple Injury,Hit pedestrian,Not at  Junction,Straight and flat,City or Town Road,Bitumen(Tar),Dry,No influence on accident,Fine,GKW LAYOUT  R G NAGAR,NEAR MURALI APARTMENT,20FEET,13.01057668,77.5155192
Bengaluru City,Peenya Traffic PS,1.04432e+16,2019,1,2,Road Accidents,Other,City/Town,Open area,Human Error,No,Damage Only,Rear end,Stop sign,Not Applicable,Others,Bitumen(Tar),Dry,Not Applicable,Fine,PIA 100 FEET ROAD,TREE,10 FEE,13.03667058,77.5182686
Bengaluru City,Peenya Traffic PS,1.04432e+16,2019,1,1,Road Accidents,Not Applicable,City/Town,Open area,Human Error,No,Grievous Injury,Hit pedestrian,Uncontrolled,Others,Residential Street,Bitumen(Tar),Dry,Not Applicable,Fine,RAJAGOPAL NAGAR MAIN ROAD,ELECTRICAL POLE,15FEET,13.01728543,77.51309285
Bengaluru City,Peenya Traffic PS,1.04432e+16,2019,1,2,Road Accidents,Other,City/Town,Open area,Human Error,No,Simple Injury,Others,Uncontrolled,Hump,NH,Bitumen(Tar),Dry,Not Applicable,Fine,NH-4 TUMAKUR BENGLALURU ROAD,MERTO PILLER,15FEET,13.0368923,77.52443658
Bengaluru City,Peenya Traffic PS,1.04432e+16,2019,1,2,Not Applicable,Narrow road,City/Town,Open area,Human Error,No,Simple Injury,Head on,Not at  Junction,Others,City or Town Road,Bitumen(Tar),Dry,No influence on accident,Fine,PEENYA 2ND STAGE,PRIYADARSHNI LAYOUT,35FEET,13.01654155,77.50552833
Bengaluru City,Peenya Traffic PS,1.04432e+16,2019,1,2,Road Accidents,Narrow road,City/Town,Near a factory industrial area,Human Error,No,Simple Injury,Vehicle to Vehicle,Uncontrolled,Straight and flat,NH,Bitumen(Tar),Dry,No influence on accident,Fine,N H 4 NEAR KENNAMETAL WIDIA FACTORY,ELECTRIC POLE,25FEET,13.05033363,77.49313573
Bengaluru City,Peenya Traffic PS,1.04432e+16,2019,1,2,Not Applicable,Narrow road,City/Town,Open area,Human Error,No,Simple Injury,Vehicle to Vehicle,Controlled,Straight and flat,NH,Bitumen(Tar),Dry,No influence on accident,Fine,NH-4 H CROSSSIGNAL JUNCTION,NEAR GREEN PARK FAMILY BAR AND RESTORENT,35FEET,13.04540865,77.50739043
Bengaluru City,Peenya Traffic PS,1.04432e+16,2019,1,1,Not Applicable,Narrow road,City/Town,Open area,Human Error,No,Fatal,Vehicle to Vehicle,Not at  Junction,Straight and flat,Others,Bitumen(Tar),Dry,No influence on accident,Fine,3RD PHASE PIA,NEAR SHREYA PALIMARS,30FEET,13.02287897,77.52549209
Bengaluru City,Peenya Traffic PS,1.04432e+16,2019,1,1,Road Accidents,Not Applicable,City/Town,Open area,Human Error,No,Damage Only,Not Applicable,Uncontrolled,Others,Others,Bitumen(Tar),Dry,Not Applicable,Fine,CHOKKASANDRA KERE ROAD NEAR ASIAN PAINT GODAN,ELECTRICAL POLE,10FEET,13.04116048,77.51439357
Bengaluru City,Peenya Traffic PS,1.04432e+16,2019,1,2,Road Accidents,Not Applicable,City/Town,Residential area,Human Error,Yes,Fatal,Vehicle to Vehicle,Uncontrolled,Others,Residential Street,Bitumen(Tar),Others,Not Applicable,Fine,HESARAGHATTA MAIN ROAD NEAR BESCOM OFFICE,END OF ROAD,50FEET,13.06760137,77.5026944
Bengaluru City,Peenya Traffic PS,1.04432e+16,2019,1,2,Road Accidents,Not Applicable,City/Town,Open area,Human Error,No,Grievous Injury,Vehicle to Vehicle,Uncontrolled,Others,NH,Bitumen(Tar),Dry,Not Applicable,Fine,NH-4 TUMAKURU BENGALUR ROAD NEAR PRAKRIYA HOSPITAL,ELECTRICAL POLE,8FEET,13.01728543,77.4934639
Bengaluru City,Peenya Traffic PS,1.04432e+16,2019,1,2,Road Accidents,Narrow road,City/Town,Open area,Human Error,Yes,Simple Injury,Vehicle to Vehicle,Not Applicable,Straight and flat,NH,Bitumen(Tar),Dry,Not Applicable,Fine,NH-4 FLYOVR NEAR SRS JUNCTION,ELECTRICALL POLE,20FEET,0.0,0.0
Bengaluru City,Peenya Traffic PS,1.04432e+16,2019,1,2,Road Accidents,Curves,City/Town,Residential area,Human Error,Not Applicable,Simple Injury,Vehicle to Vehicle,Not Applicable,Straight and flat,Others,Bitumen(Tar),Dry,Not Applicable,Fine,7 TH MAIN RUKMINI NAGARA,TREE,25FEET,0.0,0.0
Bengaluru City,Peenya Traffic PS,1.04432e+16,2019,1,1,Road Accidents,Narrow road,City/Town,Open area,Human Error,Yes,Simple Injury,Hit pedestrian,Not at  Junction,Straight and flat,City or Town Road,Bitumen(Tar),Dry,No influence on accident,Fine,RAJEEV GANDHI NAGAR 2 ND MAIN,RATHNMMA HOUSE,16FEET,0.0,0.0
Bengaluru City,Peenya Traffic PS,1.04432e+16,2019,1,1,Road Accidents,Other,City/Town,Open area,Human Error,No,Grievous Injury,Hit pedestrian,Uncontrolled,Not Applicable,Residential Street,Bitumen(Tar),Dry,Not Applicable,Fine,HEGGANAHALLI MAIN ROAD OPP GOVT SCHOOL,ELECTRICAL POLE,30FEET,13.00586693,77.50554755
Bengaluru City,Peenya Traffic PS,1.04432e+16,2019,1,2,Not Applicable,Narrow road,City/Town,Open area,Human Error,No,Simple Injury,Head on,Signals (Working),Straight and flat,City or Town Road,Bitumen(Tar),Dry,No influence on accident,Fine,HEGGNAHALLI MAIN ROAD,GOVT HOSPITAL NEAR,30FEET,13.00316096,77.50438553
Bengaluru City,Peenya Traffic PS,1.04432e+16,2019,1,1,Road Accidents,Junction,City/Town,At pedestrian Crossing,Human Error,No,Simple Injury,Hit pedestrian,Controlled,Straight and flat,NH,Bitumen(Tar),Dry,No influence on accident,Fine,NH-4 AT SM CIRCLE,JALAHALLI CROSS JN,20FEET,13.03994687,77.51840562
Bengaluru City,Peenya Traffic PS,1.04432e+16,2019,1,1,Road Accidents,Cross roads,City/Town,At pedestrian Crossing,Human Error,No,Fatal,Hit pedestrian,Controlled,Not Applicable,Residential Street,Bitumen(Tar),Dry,Not Applicable,Fine,NEAR JALAHALLI CROSS SIGNAL JUCNTION,MASH HIGH LIGHT,15FEET,13.04047319,77.51822931
Bengaluru City,Peenya Traffic PS,1.04432e+16,2019,1,1,Not Applicable,Narrow road,City/Town,Open area,Human Error,No,Simple Injury,Right Turn Collision,Signal lights Automatic,Straight and flat,City or Town Road,Bitumen(Tar),Dry,No influence on accident,Fine,NH4 BANGALORE TUMKUR ROAD,PEENYA INDUSRTYMETRO NEAR,20FEET,13.03994687,77.51840562
Bengaluru City,Peenya Traffic PS,1.04432e+16,2019,1,1,Road Accidents,Other,City/Town,Open area,Human Error,No,Grievous Injury,Skidding or Self accident,Not Applicable,Straight and flat,NH,Bitumen(Tar),Dry,No influence on accident,Fine,NH-4 NEAR PEENYA FLY OVER PILLER 19,PEENYA FLYOVER PILLER NO 19,15FEET,13.0386163,77.52084887
Bengaluru City,Peenya Traffic PS,1.04432e+16,2019,1,2,Road Accidents,Narrow road,City/Town,Residential area,Human Error,Not Applicable,Simple Injury,Hit pedestrian,Not Applicable,Straight and flat,Others,Bitumen(Tar),Dry,Not Applicable,Fine,"NO-12,SOAP FACTORY LAYOUT. NAGASANDRA, MANJUNATHA NAGARA",ELECTRIC POLE,20FEET,0.0,0.0
Bengaluru City,Peenya Traffic PS,1.04432e+16,2019,1,1,Road Accidents,Curves,City/Town,Open area,Human Error,No,Grievous Injury,Hit pedestrian,Uncontrolled,Curve,Residential Street,Bitumen(Tar),Dry,Not Applicable,Fine,BAGALAGUNTE MAIN ROAD NEAR INFORMATION TECHNOLOGY COMPUTER EDUCATION CENTER,ELECTRICAL POLE,10FEET,0.0,0.0
Bengaluru City,Peenya Traffic PS,1.04432e+16,2019,1,2,Road Accidents,Not Applicable,City/Town,Open area,Human Error,Not Applicable,Simple Injury,Vehicle to Vehicle,Not at  Junction,Straight and flat,NH,Bitumen(Tar),Dry,Not Applicable,Fine,NH-4 FLYOVR NEAR  8 TH MAIL  JUNCTION,ELECTRIC POLE,30FEET,0.0,0.0
Bengaluru City,Peenya Traffic PS,1.04432e+16,2019,1,1,Road Accidents,Junction,City/Town,At pedestrian Crossing,Human Error,Yes,Fatal,Hit pedestrian,Controlled,Straight and flat,NH,Bitumen(Tar),Dry,Not Applicable,Fine,n\NH-4 TUMKUR BENGALURU ROAD NEAR JALAAHALLI CROSS JUMNACTION,METRO PILLER NO 51,0.5 FE,0.0,0.0
Bengaluru City,Peenya Traffic PS,1.04432e+16,2019,1,2,Road Accidents,Cross roads,City/Town,Near office complex,Human Error,Yes,Simple Injury,Vehicle to Vehicle,Not Applicable,Straight and flat,Residential Street,Bitumen(Tar),Dry,Not Applicable,Fine,"4TH CROSS, KALYANA NAGARA, T.DASARAHALLI",FOOTPATH,2 FEET,13.05024086,77.51304881
Bengaluru City,Peenya Traffic PS,1.04432e+16,2019,1,1,Road Accidents,Cross roads,City/Town,Residential area,Human Error,Yes,Simple Injury,Hit pedestrian,Not Applicable,Curve,Residential Street,Bitumen(Tar),Dry,Not Applicable,Fine,NO-90 NTTF  1 ST CROSS SHIVAPURA NELAGEDARANAHALLI,ELECTRICALE POLE,25FEET,0.0,0.0
Bengaluru City,Peenya Traffic PS,1.04432e+16,2019,1,2,Road Accidents,Junction,City/Town,Near School or College,Human Error,Yes,Simple Injury,Vehicle to Vehicle,Controlled,Straight and flat,NH,Bitumen(Tar),Dry,Not Applicable,Fine,SRS JUNCTIO NH-4 TUMKUR BENGALURU ROAD,PILLAR NO 10,15FEET,0.0,0.0
Bengaluru City,Peenya Traffic PS,1.04432e+16,2019,1,2,Not Applicable,Narrow road,City/Town,Open area,Human Error,No,Simple Injury,Head on,Not at  Junction,Straight and flat,City or Town Road,Bitumen(Tar),Dry,No influence on accident,Fine,NH4 CHOKKASANDRA JUNCTION,NEAR AYYAPPA MESS,20FEET,13.0424793,77.51474392
Bengaluru City,Peenya Traffic PS,1.04432e+16,2019,1,1,Road Accidents,Other,City/Town,At pedestrian Crossing,Human Error,No,Grievous Injury,Hit pedestrian,Stop sign,Others,NH,Bitumen(Tar),Dry,Not Applicable,Fine,NH-4 TUMAKUR ROAD NEAR P S JUNCTION,METRO PILLOR,12FEET,13.04532654,77.50755154
Bengaluru City,Peenya Traffic PS,1.04432e+16,2019,1,1,Road Accidents,Not Applicable,City/Town,Near Bus stop,Human Error,Not Applicable,Grievous Injury,Hit pedestrian,Not Applicable,Not Applicable,Expressway,Bitumen(Tar),Wet,Not Applicable,Others,NH-4 BENGALURU TUMKUR ROAD SOUTH SERVICE ROAD,METRO PILLOR,12FEET,13.04365419,77.51145991
Bengaluru City,Peenya Traffic PS,1.04432e+16,2019,1,1,Not Applicable,Narrow road,City/Town,Open area,Human Error,No,Simple Injury,Hit pedestrian,Not at  Junction,Straight and flat,City or Town Road,Bitumen(Tar),Dry,No influence on accident,Fine,NTTF JUNCTION ROAD,INDIAN OIL PETROL BUNK,35FEET,0.0,0.0
Bengaluru City,Peenya Traffic PS,1.04432e+16,2019,1,2,Road Accidents,Other,City/Town,Near School or College,Human Error,Yes,Grievous Injury,Hit and Run,Not Applicable,Not Applicable,City or Town Road,Bitumen(Tar),Dry,No influence on accident,Fine,NELAGADARANAHALLI MAIN ROAD NEAR ganga international school,GANGA INTERNATIONAL SCHOOL,120ft,13.02858118,77.49860021
Bengaluru City,Peenya Traffic PS,1.04432e+16,2019,1,1,Road Accidents,Narrow road,City/Town,Open area,Human Error,Yes,Simple Injury,Hit pedestrian,Not at  Junction,Straight and flat,City or Town Road,Bitumen(Tar),Dry,No influence on accident,Fine,MEI LAYOUT MAIN ROAD,MY CHOICE CLOTH SHOP,15FEET,0.0,0.0
Bengaluru City,Peenya Traffic PS,1.04432e+16,2019,1,2,Road Accidents,Narrow road,City/Town,Open area,Human Error,No,Fatal,Head on,Not Applicable,Straight and flat,City or Town Road,Bitumen(Tar),Dry,No influence on accident,Fine,PIPE LINE ROAD SABARI NAGARA 1ST STAGE,NEAR H S RUKMINI NILAYA,20FEET,13.04509692,77.52331282
Bengaluru City,Peenya Traffic PS,1.04432e+16,2019,1,1,Road Accidents,Other,City/Town,Open area,Human Error,No,Damage Only,Hit pedestrian,Uncontrolled,Others,Not Applicable,Bitumen(Tar),Dry,Not Applicable,Fine,"T DASARAHALLI 3 RD MAIN, 3 RD CROSS ROAD",ELECTRICAL POLE,15FEET,0.0,0.0
Bengaluru City,Peenya Traffic PS,1.04432e+16,2019,1,1,Road Accidents,Not Applicable,City/Town,Residential area,Human Error,No,Grievous Injury,Hit pedestrian,Uncontrolled,Straight and flat,NH,Bitumen(Tar),Dry,Not Applicable,Fine,NH-4 TUMAKUR BENGALURU ROAD NEAR T DASARAHALLI METRO STATION,FLY OVER PILLOR,35FEET,0.0,0.0
Bengaluru City,Peenya Traffic PS,1.04432e+16,2019,1,2,Road Accidents,Not Applicable,City/Town,Residential area,Human Error,No,Grievous Injury,Vehicle to Vehicle,Uncontrolled,Straight and flat,Two way,Bitumen(Tar),Dry,Not Applicable,Fine,DODDANNA INDUSTRIAL AREA MAIN ROAD NEAR DIVYA TOLING WORK SHOP,ELECTRICAL POLE,20FEET,0.0,0.0
Bengaluru City,Peenya Traffic PS,1.04432e+16,2019,1,2,Road Accidents,Curves,City/Town,Open area,Human Error,No,Fatal,Vehicle to Vehicle,Uncontrolled,Curve,Residential Street,Bitumen(Tar),Dry,Not Applicable,Fine,MALLASANDRA AND SHETTIHALLI MAIN ROAD,ELECTRICAL POLE,18FEET,0.0,0.0
Bengaluru City,Peenya Traffic PS,1.04432e+16,2019,1,3,Road Accidents,Not Applicable,City/Town,Residential area,Human Error,No,Simple Injury,Vehicle to Vehicle,Not Applicable,Curve,Others,Bitumen(Tar),Dry,Not Applicable,Fine,"OPP HANUMAN BAR NEAR BONEMILL, HESARAGHATTA MN RD",ELCTRIV POLE,45FEET,0.0,0.0
Bengaluru City,Peenya Traffic PS,1.04432e+16,2019,1,2,Not Applicable,Circle,City/Town,Open area,Human Error,Not Applicable,Fatal,Head on,Signal lights Automatic,Others,NH,Bitumen(Tar),Dry,No influence on accident,Fine,NEAR SM CIRCLE JUNCTION  NH 4 TUMKUR ROAD,SANGEETHA MOBILES,45FEET,13.03994687,77.51840562
Bengaluru City,Peenya Traffic PS,1.04432e+16,2019,1,2,Road Accidents,Narrow road,City/Town,Open area,Human Error,No,Simple Injury,Head on,Not at  Junction,Straight and flat,City or Town Road,Bitumen(Tar),Dry,No influence on accident,Fine,NEAR BRUNDAVAN BUS STOP  PIA,J N ENTERPRISES,15FEET,13.02641158,77.51461918
Bengaluru City,Peenya Traffic PS,1.04432e+16,2019,1,1,Road Accidents,Other,City/Town,Open area,Human Error,No,Damage Only,Rear end,Not Applicable,Others,NH,Bitumen(Tar),Dry,Not Applicable,Fine,NH-4 BENGALURU TUMAKUR FLY OVER ROAD,ELECTRICAL POLE,18FEET,13.03626628,77.52522879
Bengaluru City,Peenya Traffic PS,1.04432e+16,2019,1,2,Not Applicable,Narrow road,City/Town,Open area,Human Error,No,Simple Injury,Head on,Not at  Junction,Straight and flat,City or Town Road,Bitumen(Tar),Dry,No influence on accident,Fine,HMT LAYOUT PARK ROAD,NEAR KARNATAKA BANK ROAD,35FEET,13.03378354,77.5000498
Bengaluru City,Peenya Traffic PS,1.04432e+16,2019,1,2,Other Railway Accidents,Narrow road,City/Town,Open area,Human Error,No,Simple Injury,Head on,Not at  Junction,Straight and flat,City or Town Road,Bitumen(Tar),Dry,No influence on accident,Fine,GANGONDANAHALLI ROAD,BASAVAAKADEMI OPP,35FEET,0.0,0.0
Bengaluru City,Peenya Traffic PS,1.04432e+16,2019,1,1,Road Accidents,Other,City/Town,Open area,Human Error,No,Grievous Injury,Head on,Uncontrolled,Others,NH,Bitumen(Tar),Dry,Not Applicable,Fine,NH-4 BENGALURU TUMAKUR ROAD,ELECTRICAL POLE,10FEET,13.04398722,77.51015389
Bengaluru City,Peenya Traffic PS,1.04432e+16,2019,1,2,Not Applicable,Junction,City/Town,Near a factory industrial area,Human Error,No,Simple Injury,Vehicle to Vehicle,Controlled,Straight and flat,NH,Bitumen(Tar),Dry,No influence on accident,Fine,NH 4 PEENYA PS JUNCTION,NEAR KARAVALI HOTEL,35FEET,13.03791468,77.52191114
Bengaluru City,Peenya Traffic PS,1.04432e+16,2019,1,2,Not Applicable,Narrow road,City/Town,Open area,Human Error,No,Simple Injury,Vehicle to Vehicle,Not at  Junction,Straight and flat,Others,Bitumen(Tar),Dry,No influence on accident,Fine,14th CROSS PEENYA,NEAR PEENYA POST OFFICE,15FEET,13.01821391,77.50666649
Bengaluru City,Peenya Traffic PS,1.04432e+16,2019,1,1,Not Applicable,Narrow road,City/Town,Open area,Human Error,Yes,Simple Injury,Hit pedestrian,Police / Manual,Straight and flat,Others,Bitumen(Tar),Dry,No influence on accident,Fine,PEENYA INDUSTRIAL ARE NEAR NTTF JUNCTION,NEAR NTTF JUNCTION,25FEET,13.02507806,77.51106791
Bengaluru City,Peenya Traffic PS,1.04432e+16,2019,1,2,Road Accidents,Not Applicable,City/Town,Open area,Human Error,No,Grievous Injury,Vehicle to Vehicle,Controlled,Not Applicable,Others,Bitumen(Tar),Dry,Not Applicable,Fine,CHOKKASANDRA KERE ROAD NEAR ASIAN PAINT OFFICE,ELECTRICAL POLE,45FEET,13.04540865,77.50739043
Bengaluru City,Peenya Traffic PS,1.04432e+16,2019,1,1,Road Accidents,Junction,City/Town,Near Hospital,Human Error,Not Applicable,Simple Injury,Hit pedestrian,Controlled,Straight and flat,NH,Bitumen(Tar),Dry,Not Applicable,Fine,NH-4 TUMKUR BENGALURU NEAR 8 TH MAIL,DEVIDER,0.5 FE,0.0,0.0
Bengaluru City,Peenya Traffic PS,1.04432e+16,2019,1,2,Rail Road Accidents,Not Applicable,City/Town,Open area,Human Error,Not Applicable,Simple Injury,Not Applicable,Not at  Junction,Straight and flat,NH,Bitumen(Tar),Dry,Not Applicable,Fine,NH 4 FLY OVER Road NEAR PS JN,DEVIDER,1FEET,0.0,0.0
Bengaluru City,Peenya Traffic PS,1.04432e+16,2019,1,2,Road Accidents,Junction,City/Town,Near Bus stop,Human Error,Not Applicable,Damage Only,Vehicle to Vehicle,Give way sign,Straight and flat,NH,Bitumen(Tar),Dry,Not Applicable,Fine,"NH-4 TUMKUR BENGALURU , NEAR PEENYA POLICE STATION JUNCTION",DEVIDER,30FEET,0.0,0.0
Bengaluru City,Peenya Traffic PS,1.04432e+16,2019,1,1,Road Accidents,Junction,City/Town,Near Bus stop,Human Error,No,Simple Injury,Hit pedestrian,Controlled,Curve,NH,Bitumen(Tar),Dry,Not Applicable,Fine,NH-4 TUMKUR BENGALURU ROAD JALAHALL CROSS JNCTION,PILLAR NO 51,60FEET,0.0,0.0
Bengaluru City,Peenya Traffic PS,1.04432e+16,2019,1,2,Road Accidents,Narrow road,City/Town,Open area,Human Error,Yes,Simple Injury,Hit and Run,Not Applicable,Straight and flat,City or Town Road,Bitumen(Tar),Dry,Not Applicable,Fine,VENKATESHWARA BEKARI OPP NAGASANDRA MAIN ROAD,VENKATESHWARA BEKARI,10FEET,13.04293675,77.50385278
Bengaluru City,Peenya Traffic PS,1.04432e+16,2019,1,1,Road Accidents,Narrow road,City/Town,At pedestrian Crossing,Human Error,No,Simple Injury,Hit pedestrian,Signal lights Automatic,Straight and flat,City or Town Road,Bitumen(Tar),Dry,No influence on accident,Fine,BAGALUNTE BUS STOP HESARAGHATTA MAIN  ROAD,NEAR ELITE HOTEL,15FEET,13.05716197,77.50721979
Bengaluru City,Peenya Traffic PS,1.04432e+16,2019,1,2,Road Accidents,Other,City/Town,Open area,Human Error,No,Grievous Injury,Head on,Uncontrolled,Curve,Residential Street,Bitumen(Tar),Dry,Not Applicable,Fine,100 feet road,ELECTRIC POLE,10feet,13.02125097,77.51143224
Bengaluru City,Peenya Traffic PS,1.04432e+16,2019,1,1,Road Accidents,Circle,City/Town,Open area,Human Error,No,Grievous Injury,Others,Uncontrolled,Incline,NH,Bitumen(Tar),Dry,Not Applicable,Others,NH-4 TUMAKUR SERVICE ROAD NEAR 2 ND CROSS KEMPEGOWDA NAGAR,ELECTRICAL POLE,15FEET,13.04365419,77.51145991
Bengaluru City,Peenya Traffic PS,1.04432e+16,2019,1,1,Not Applicable,Narrow road,City/Town,Open area,Human Error,No,Grievous Injury,Hit pedestrian,Not at  Junction,Not Applicable,City or Town Road,Bitumen(Tar),Dry,No influence on accident,Fine,PEENYA INDUSTRIAL AREA,NEAR KURLAN FACTORY,20FEET,13.025003,77.51842248
Bengaluru City,Peenya Traffic PS,1.04432e+16,2019,1,2,Road Accidents,Curves,City/Town,Open area,Human Error,Yes,Simple Injury,Vehicle to Vehicle,Uncontrolled,Straight and flat,State Highway,Bitumen(Tar),Dry,Not Applicable,Fine,NEAR BONE MILL HESARAGHATTA MAIN ROAD,ELCRTIC POWER SUPPLY LTD OFFICE,25FEET,0.0,0.0
Bengaluru City,Peenya Traffic PS,1.04432e+16,2019,1,1,Road Accidents,Narrow road,City/Town,Near Bus stop,Human Error,Not Applicable,Fatal,Hit pedestrian,Not Applicable,Straight and flat,NH,Bitumen(Tar),Dry,Not Applicable,Fine,NH-4 DASARAHALLI,DEVIDER,15FEET,13.0234,77.3046
Bengaluru City,Peenya Traffic PS,1.04432e+16,2019,1,1,Road Accidents,Not Applicable,City/Town,Residential area,Human Error,No,Grievous Injury,Hit pedestrian,Uncontrolled,Curve,Residential Street,Bitumen(Tar),Dry,Not Applicable,Fine,RAJAGOPAL NAGAR RAJANI FARM ROAD NEAR BYARAVESHWAR HOME APLAINCE,ELECTRICAL POLE,20FEET,0.0,0.0