DISTRICTNAME,UNITNAME,Crime_No,Year,RI,Noofvehicle_involved,Accident_Classification,Accident_Spot,Accident_Location,Accident_SubLocation,Main_Cause,Hit_Run,Severity,Collision_Type,Junction_Control,Road_Character,Road_Type,Surface_Type,Surface_Condition,Road_Condition,Weather,Accident_Road,Landmark_first,Distance_LandMark_First,Latitude,Longitude
Bengaluru City,Peenya Traffic PS,1.04432e+16,2019,1,3,Road Accidents,Narrow road,City/Town,Open area,Human Error,Not Applicable,Simple Injury,Vehicle to Vehicle,Not Applicable,Straight and flat,NH,Bitumen(Tar),Dry,Not Applicable,Fine,NH-4 TUMKUR BENGALURU ROAD,TOLL,10FEET,0.0,0.0
Bengaluru City,Peenya Traffic PS,1.04432e+16,2019,1,2,Road Accidents,Narrow road,City/Town,Open area,Human Error,No,Simple Injury,Vehicle to Vehicle,Not Applicable,Straight and flat,NH,Bitumen(Tar),Dry,Not Applicable,Fine,nh-4 tumkur bengaluru road,foot path,7feet,0.0,0.0
Bengaluru City,Peenya Traffic PS,1.04432e+16,2019,1,5,Road Accidents,Narrow road,City/Town,Open area,Human Error,Not Applicable,Simple Injury,Vehicle to Vehicle,Not Applicable,Straight and flat,NH,Bitumen(Tar),Dry,Not Applicable,Fine,NH--4 TUMKUR BENGALURU ROAD PEENYA FLY OVER ROAD,ELECTRIC POLE,20FEET,0.0,0.0
Bengaluru City,Peenya Traffic PS,1.04432e+16,2019,1,1,Road Accidents,Junction,City/Town,At pedestrian Crossing,Human Error,No,Simple Injury,Hit pedestrian,Controlled,Straight and flat,NH,Bitumen(Tar),Dry,Not Applicable,Fine,NH-4 8 TH MAIL BUS STOP,BMTC BUS STOP,25FEET,0.0,0.0
Bengaluru City,Peenya Traffic PS,1.04432e+16,2019,1,2,Road Accidents,Curves,City/Town,Near Bus stop,Human Error,Yes,Simple Injury,Vehicle to Vehicle,Not Applicable,Curve,NH,Bitumen(Tar),Dry,Not Applicable,Fine,NH-4 TUMKUR BENGALURU  ROAD,PILLAR NO 104,30FEET,0.0,0.0
Bengaluru City,Peenya Traffic PS,1.04432e+16,2019,1,2,Not Applicable,Narrow road,City/Town,Open area,Human Error,Not Applicable,Simple Injury,Head on,Not at  Junction,Straight and flat,City or Town Road,Bitumen(Tar),Dry,No influence on accident,Fine,NER UJALA BAR AND RESTORENT,UJALA BAR AND RESTORENT,20FEET,13.02929453,77.51971675
Bengaluru City,Peenya Traffic PS,1.04432e+16,2019,1,2,Road Accidents,T Junction,City/Town,Open area,Human Error,No,Simple Injury,Head on,Signal lights Automatic,Straight and flat,City or Town Road,Bitumen(Tar),Dry,No influence on accident,Fine,NH4 SARVIES ROAD,PEENYA INDUSTRIES METRO STATION OPP,20FEET,13.03906625,77.52045476
Bengaluru City,Peenya Traffic PS,1.04432e+16,2019,1,2,Road Accidents,Narrow road,City/Town,Open area,Human Error,Yes,Simple Injury,Hit and Run,Not at  Junction,Straight and flat,City or Town Road,Bitumen(Tar),Dry,No influence on accident,Fine,PEENYA 2ND STAGE,PRASHANTHI PALIMEKS JUNCTION,15FEET,77.5071439,13.01553066
Bengaluru City,Peenya Traffic PS,1.04432e+16,2019,1,2,Road Accidents,Other,City/Town,Open area,Human Error,No,Grievous Injury,Others,Controlled,Others,NH,Bitumen(Tar),Dry,Not Applicable,Fine,NH-4 TUMAKUR ROAD NEAR H CROSS JUNCTION,ELECTRICAL POLE,40FEET,0.0,0.0
Bengaluru City,Peenya Traffic PS,1.04432e+16,2019,1,1,Road Accidents,Other,City/Town,Open area,Human Error,No,Damage Only,Hit fixed object,Uncontrolled,Others,Others,Bitumen(Tar),Dry,Not Applicable,Others,2 ND STAGE SLV INDUSTREE FACTORY,ELECTRICAL POLE,28FEET,13.00992556,77.50620031
Bengaluru City,Peenya Traffic PS,1.04432e+16,2019,1,1,Road Accidents,Circle,City/Town,Near Bus stop,Human Error,No,Grievous Injury,Hit pedestrian,Uncontrolled,Others,Two way,Bitumen(Tar),Dry,Not Applicable,Fine,HESARAGHATTA MAIN ROAD NEAR BON MILL BUS STOP,ELECTRICAL POLE,22FEET,13.06351498,77.50524927
Bengaluru City,Peenya Traffic PS,1.04432e+16,2019,1,1,Road Accidents,Circle,City/Town,At pedestrian Crossing,Human Error,No,Grievous Injury,Hit pedestrian,Controlled,Straight and flat,NH,Bitumen(Tar),Dry,Not Applicable,Fine,NH-4 TUMAKUR BENGALURU ROAD NEAR S R S JUNCTION,FLY OVER PILLOR,8FEET,13.03465737,77.5296711
Bengaluru City,Peenya Traffic PS,1.04432e+16,2019,1,2,Not Applicable,Narrow road,City/Town,Open area,Human Error,Yes,Simple Injury,Vehicle to Vehicle,Controlled,Straight and flat,NH,Bitumen(Tar),Dry,No influence on accident,Fine,"P S JUNCTION, NH-4",NEAR KARAVALI HOTEL,15FEET,0.0,0.0
Bengaluru City,Peenya Traffic PS,1.04432e+16,2019,1,2,Road Accidents,Not Applicable,City/Town,Residential area,Human Error,No,Grievous Injury,Vehicle to Vehicle,Uncontrolled,Straight and flat,Residential Street,Bitumen(Tar),Dry,Not Applicable,Fine,PEENYA INDUSTRAIL AREA KERE ROAD NEAR NAGEL SPACIAL MACHIN,TREE,25FEET,0.0,0.0
Bengaluru City,Peenya Traffic PS,1.04432e+16,2019,1,2,Road Accidents,Cross roads,City/Town,Residential area,Human Error,Not Applicable,Simple Injury,Vehicle to Vehicle,Not Applicable,Straight and flat,Others,Bitumen(Tar),Dry,Not Applicable,Fine,"pipepline road 14 th cross, near nandini dairy",coconut tree,20feet,0.0,0.0
Bengaluru City,Peenya Traffic PS,1.04432e+16,2019,1,1,Not Applicable,Narrow road,City/Town,Near Bus stop,Human Error,Yes,Simple Injury,Hit pedestrian,Signal lights Automatic,Straight and flat,City or Town Road,Bitumen(Tar),Dry,No influence on accident,Fine,SERVIES ROAD NH4 NEAR 8 TH MAIN BUS STOP,NEAR 8 TH MAIN BUS STOP,10FEET,13.04533225,77.50768737
Bengaluru City,Peenya Traffic PS,1.04432e+16,2019,1,2,Not Applicable,Narrow road,City/Town,Open area,Human Error,No,Simple Injury,Head on,Signal lights Automatic,Not Applicable,City or Town Road,Bitumen(Tar),Dry,No influence on accident,Fine,NH4 CHOKKASANDRA JUNCTION NEAR,NEAR BABAM BEDDING HOUSE NEAR,22FEET,13.04197704,77.51558065
Bengaluru City,Peenya Traffic PS,1.04432e+16,2019,1,2,Not Applicable,Narrow road,Not Applicable,Open area,Human Error,No,Simple Injury,Head on,Not at  Junction,Straight and flat,City or Town Road,Bitumen(Tar),Dry,No influence on accident,Fine,peenya 100 feet road,SBM JUNCTION,30FEET,13.02334224,77.52171077
Bengaluru City,Peenya Traffic PS,1.04432e+16,2019,1,2,Road Accidents,Other,City/Town,Residential area,Human Error,No,Grievous Injury,Others,Uncontrolled,Others,Residential Street,Bitumen(Tar),Dry,Not Applicable,Fine,H M T LAYOUT 13 TH CROSS AND 12 TH CROSS JUNCTION,ELECTRICAL POLE,12FEET,13.03378654,77.5000856
Bengaluru City,Peenya Traffic PS,1.04432e+16,2019,1,2,Road Accidents,Cross roads,City/Town,Open area,Human Error,No,Simple Injury,Head on,Not Applicable,Straight and flat,City or Town Road,Bitumen(Tar),Dry,No influence on accident,Fine,HMT LAYOUT 3RD MAIN ROAD JUNCTION,DURGA TRAVELLS PARKING PLACE,100 MT,13.03976443,77.50264777
Bengaluru City,Peenya Traffic PS,1.04432e+16,2019,1,1,Not Applicable,Narrow road,City/Town,Open area,Human Error,Yes,Simple Injury,Hit pedestrian,Controlled,Straight and flat,Not Applicable,Bitumen(Tar),Dry,No influence on accident,Fine,AYYAPPA TEMPLE ROAD,NEAR GRUHALAKSHMI APPARTMENT,40FEET,13.04197704,77.50438553
Bengaluru City,Peenya Traffic PS,1.04432e+16,2019,1,2,Road Accidents,Not Applicable,City/Town,Open area,Human Error,No,Grievous Injury,Hit pedestrian,Controlled,Others,NH,Bitumen(Tar),Dry,Not Applicable,Fine,NH-4 TUMAKUR BENGALURU SERVICE ROAD NEAR NAVAYUGA TOLL,NAVAYUGA TOLL,32FEET,13.02798329,77.50705536
Bengaluru City,Peenya Traffic PS,1.04432e+16,2019,1,2,Not Applicable,Narrow road,City/Town,Open area,Human Error,No,Simple Injury,Vehicle to Vehicle,Police / Manual,Straight and flat,Others,Bitumen(Tar),Dry,No influence on accident,Fine,AYYAPPA TEMPLE ROAD,NEAR INDUSTRIAL BANK ATM,10feet,13.05315969,77.51221263
Bengaluru City,Peenya Traffic PS,1.04432e+16,2019,1,3,Road Accidents,Junction,City/Town,Open area,Human Error,No,Damage Only,Vehicle to Vehicle,Controlled,Others,NH,Bitumen(Tar),Dry,Not Applicable,Fine,NH-4 TUMAKUR BENGALURU ROAD NEAR PEENYA POLICE STATION,METRO PILLOR,12FEET,0.0,0.0
Bengaluru City,Peenya Traffic PS,1.04432e+16,2019,1,2,Not Applicable,Narrow road,City/Town,Open area,Human Error,Yes,Simple Injury,Vehicle to Vehicle,Not at  Junction,Straight and flat,Others,Bitumen(Tar),Dry,No influence on accident,Fine,T DASARAHALLI  PIPELINE ROAD,SELECTION CORNER,15FEET,0.0,0.0
Bengaluru City,Peenya Traffic PS,1.04432e+16,2019,1,4,Road Accidents,Narrow road,City/Town,Open area,Human Error,Not Applicable,Damage Only,Vehicle to Vehicle,Not Applicable,Straight and flat,NH,Bitumen(Tar),Dry,Not Applicable,Fine,NH-4,SWASTIK HUNDAI,40FEET,13.021,77.313
Bengaluru City,Peenya Traffic PS,1.04432e+16,2019,1,2,Road Accidents,Offset,City/Town,Residential area,Human Error,No,Grievous Injury,Vehicle to Vehicle,Uncontrolled,Others,Residential Street,Bitumen(Tar),Dry,Not Applicable,Fine,PIA MAIN ROAD NEAR KEB OFFICE,ELECTRICAL POLE,20FEET,13.0101,77.3021
Bengaluru City,Peenya Traffic PS,1.04432e+16,2019,1,1,Road Accidents,Not Applicable,City/Town,At pedestrian Crossing,Human Error,No,Grievous Injury,Hit pedestrian,Uncontrolled,Others,Residential Street,Bitumen(Tar),Dry,Not Applicable,Fine,PEENYA INDUSTRAIL AREA OPP BESCOM OFFICE,ELECTRICAL POLE,30FEET,0.0,0.0
Bengaluru City,Peenya Traffic PS,1.04432e+16,2019,1,2,Road Accidents,Not Applicable,City/Town,Open area,Human Error,No,Fatal,Vehicle to Vehicle,Not at  Junction,Straight and flat,NH,Bitumen(Tar),Dry,Not Applicable,Fine,N H 4 Fly Over,Near Prashanth Hotel,50 MT,0.0,0.0
Bengaluru City,Peenya Traffic PS,1.04432e+16,2019,1,2,Road Accidents,Not Applicable,City/Town,Near School or College,Human Error,Not Applicable,Simple Injury,Not Applicable,Not Applicable,Straight and flat,NH,Bitumen(Tar),Dry,Not Applicable,Fine,"NH-4 ROAD NEAR JALAHALLI CROSS, PEENYA LY OVER",ELECTRIC POLE,25FEET,0.0,0.0
Bengaluru City,Peenya Traffic PS,1.04432e+16,2019,1,2,Road Accidents,Junction,City/Town,At pedestrian Crossing,Human Error,Not Applicable,Damage Only,Vehicle to Vehicle,Controlled,Straight and flat,NH,Bitumen(Tar),Dry,Not Applicable,Fine,"nh-4 tumkuru bengaluru road, near chokkasandra jn",CENTRE MEDIAN,20FEET,0.0,0.0
Bengaluru City,Peenya Traffic PS,1.04432e+16,2019,1,2,Road Accidents,Bridge,City/Town,Near office complex,Human Error,No,Simple Injury,Head on,Uncontrolled,Others,NH,Bitumen(Tar),Dry,Not Applicable,Others,NH-4 ROAD FLY OVER ROAD NEAR SHOBHA APARTMENT,ELECTRIC POLE,20FEET,13.04811839,77.49867631
Bengaluru City,Peenya Traffic PS,1.04432e+16,2019,1,1,Road Accidents,Other,City/Town,Residential area,Human Error,Yes,Fatal,Hit bicyclist,Not Applicable,Straight and flat,City or Town Road,Bitumen(Tar),Dry,No influence on accident,Fine,SHRIGANDHNAGAR 1ST CROSS ROAD,AKSHAY PROVISION STORE,5 FEET,13.01728859,77.51309658
Bengaluru City,Peenya Traffic PS,1.04432e+16,2019,1,1,Not Applicable,Narrow road,City/Town,Open area,Human Error,Not Applicable,Simple Injury,Vehicle to Vehicle,Not Applicable,Straight and flat,NH,Bitumen(Tar),Dry,No influence on accident,Fine,NH-4 PEENYA FLYOVER,NEAR PEENYA METRO STATION,25FEET,13.03623575,77.52520507
Bengaluru City,Peenya Traffic PS,1.04432e+16,2019,1,2,Road Accidents,Narrow road,City/Town,Open area,Human Error,No,Grievous Injury,Head on,Not at  Junction,Straight and flat,City or Town Road,Bitumen(Tar),Dry,No influence on accident,Fine,NEAR HANANMBHA BEKARI,NEAR HANANMBHA BEKARI,50FEET,0.0,0.0
Bengaluru City,Peenya Traffic PS,1.04432e+16,2019,1,2,Road Accidents,Junction,City/Town,Near Hospital,Human Error,No,Simple Injury,Vehicle to Vehicle,Controlled,Straight and flat,NH,Bitumen(Tar),Dry,No influence on accident,Fine,CHOKKASANDRA MAIN ROAD,primiyar sanjiivini hospital,15FEET,0.0,0.0
Bengaluru City,Peenya Traffic PS,1.04432e+16,2019,1,2,Road Accidents,Narrow road,City/Town,Open area,Human Error,Yes,Fatal,Vehicle to Vehicle,Not Applicable,Straight and flat,NH,Bitumen(Tar),Dry,Not Applicable,Fine,NH-4 PEENYA FLY OVER,DIVIDER,1FEET,13.04303252,77.51294009
Bengaluru City,Peenya Traffic PS,1.04432e+16,2019,1,2,Road Accidents,Narrow road,City/Town,Residential area,Human Error,Yes,Simple Injury,Vehicle to Vehicle,Not Applicable,Straight and flat,Residential Street,Bitumen(Tar),Dry,Not Applicable,Heavy Rain,"NEAR SHANIMAHATMA TEMPLE, PIPELINE ROAD, MALLASANDRA",ELECTRIC POLE,10FEET,0.0,0.0
Bengaluru City,Peenya Traffic PS,1.04432e+16,2019,1,2,Road Accidents,Junction,City/Town,Open area,Human Error,Not Applicable,Simple Injury,Vehicle to Vehicle,Controlled,Straight and flat,NH,Bitumen(Tar),Dry,Not Applicable,Fine,"NH-4 TUMKUR BENGlURU ROD, NER PENY POLICE STATION JUNCTION",footh path,20FEET,0.0,0.0
Bengaluru City,Peenya Traffic PS,1.04432e+16,2019,1,1,Road Accidents,Junction,City/Town,Near Bus stop,Human Error,Yes,Simple Injury,Hit pedestrian,Controlled,Curve,NH,Bitumen(Tar),Dry,Not Applicable,Fine,NH-4 JALAHALLI CROSS  POLICE CHOWKI,PILLAR NO 51,2FEET,0.0,0.0
Bengaluru City,Peenya Traffic PS,1.04432e+16,2019,1,2,Road Accidents,Junction,City/Town,Near a factory industrial area,Human Error,Not Applicable,Fatal,Vehicle to Vehicle,Controlled,Straight and flat,Others,Bitumen(Tar),Dry,Not Applicable,Fine,"LAKE ROAD, PIA DYNAMATIC JUNCTION",TRANSFORMER,4FEET,77.51306788,13.03631232
Bengaluru City,Peenya Traffic PS,1.04432e+16,2019,1,2,Road Accidents,Junction,City/Town,Near a factory industrial area,Human Error,Yes,Simple Injury,Vehicle to Vehicle,Controlled,Straight and flat,Others,Bitumen(Tar),Dry,Not Applicable,Fine,"LAKE ROAD, PIA DYNAMATIC JUNCTION",tree,20feet,0.0,0.0
Bengaluru City,Peenya Traffic PS,1.04432e+16,2019,1,1,Road Accidents,Cross roads,City/Town,Residential area,Human Error,Yes,Simple Injury,Hit pedestrian,Not Applicable,Straight and flat,Others,Bitumen(Tar),Dry,Not Applicable,Fine,"OPP BBMP OFFICE ,HESARAGHATTA MAIN ROAD",FOOTPATH,3FEET,0.0,0.0
Bengaluru City,Peenya Traffic PS,1.04432e+16,2019,1,2,Road Accidents,Cross roads,City/Town,Residential area,Human Error,Yes,Simple Injury,Vehicle to Vehicle,Not Applicable,Straight and flat,Others,Bitumen(Tar),Dry,Not Applicable,Fine,"MALLASANDRA VILLAGE ROAD, NEAR NEEDS SUPER MARKET",SRS PROVISION STORE,28FEET,0.0,0.0
Bengaluru City,Peenya Traffic PS,1.04432e+16,2019,1,1,Road Accidents,Narrow road,City/Town,Open area,Human Error,No,Fatal,Hit pedestrian,Not at  Junction,Straight and flat,City or Town Road,Bitumen(Tar),Dry,No influence on accident,Fine,NH4 TUMUKUR BANGALORE ROAD,OPP SHOBHA APPARTMENT,50FEET,13.04745367,77.50113737
Bengaluru City,Peenya Traffic PS,1.04432e+16,2019,1,1,Road Accidents,T Junction,City/Town,Open area,Human Error,No,Grievous Injury,Overturning,Uncontrolled,Curve,Others,Bitumen(Tar),Dry,Not Applicable,Fine,HEGGANAHALLI MAIN ROAD NEAR DODDANNA INDUSTRAIL AREA CROSS ROAD,FLAG POST,8FEET,13.0074154,77.50553892
Bengaluru City,Peenya Traffic PS,1.04432e+16,2019,1,1,Not Applicable,Narrow road,City/Town,Open area,Human Error,No,Grievous Injury,Hit pedestrian,Not at  Junction,Straight and flat,City or Town Road,Bitumen(Tar),Dry,No influence on accident,Fine,ANDRAHALLI MAIN ROAD,JYOTHI BEKARI,20FEET,13.00316096,77.50438553
Bengaluru City,Peenya Traffic PS,1.04432e+16,2019,1,1,Road Accidents,Narrow road,City/Town,Open area,Human Error,No,Grievous Injury,Hit pedestrian,No signal lights,Straight and flat,City or Town Road,Bitumen(Tar),Dry,No influence on accident,Fine,100FEET ROAD,PIA SAGAR HOTEL NEAR,15FEET,0.0,0.0
Bengaluru City,Peenya Traffic PS,1.04432e+16,2019,1,2,Not Applicable,Narrow road,City/Town,Open area,Human Error,No,Fatal,Vehicle to Vehicle,Not at  Junction,Straight and flat,NH,Bitumen(Tar),Dry,No influence on accident,Fine,PPENYA FLYOVER NH-4,NEAR VIDYA KENDRA SCHOOL,15FEET,0.0,0.0
Bengaluru City,Peenya Traffic PS,1.04432e+16,2019,1,1,Not Applicable,Narrow road,City/Town,Open area,Human Error,No,Simple Injury,Hit pedestrian,Controlled,Straight and flat,NH,Bitumen(Tar),Dry,No influence on accident,Fine,T DASARAHALLI  PIPELINE ROAD,TAILOR GANGANNA ANGADI OPP,15FEET,0.0,0.0
Bengaluru City,Peenya Traffic PS,1.04432e+16,2019,1,2,Road Accidents,Narrow road,City/Town,Residential area,Human Error,Yes,Simple Injury,Vehicle to Vehicle,Not Applicable,Straight and flat,Two way,Bitumen(Tar),Dry,Not Applicable,Fine,PIPE LINE ROAD T DASARAHALL,ELECTRIC POLE,30FEET,0.0,0.0
Bengaluru City,Peenya Traffic PS,1.04432e+16,2019,1,2,Road Accidents,Junction,City/Town,Open area,Human Error,Not Applicable,Simple Injury,Vehicle to Vehicle,Signals (Working),Straight and flat,NH,Bitumen(Tar),Dry,Not Applicable,Fine,PEENYA P S ROAD,canara bank,10,0.0,0.0
Bengaluru City,Peenya Traffic PS,1.04432e+16,2019,1,2,Road Accidents,Narrow road,City/Town,Near School or College,Human Error,Yes,Fatal,Vehicle to Vehicle,Not Applicable,Straight and flat,Others,Bitumen(Tar),Dry,Not Applicable,Fine,HEGGENAHALLI MAIN ROAD,NISARGA SCHOOL,15FEET,13.01239093,77.51114527
Bengaluru City,Peenya Traffic PS,1.04432e+16,2019,1,2,Road Accidents,Junction,City/Town,Open area,Human Error,Not Applicable,Simple Injury,Vehicle to Vehicle,Signal lights Automatic,Straight and flat,NH,Bitumen(Tar),Dry,Not Applicable,Fine,NH-4 TUMKUR BEMGALURU RAOD NEAR PEENYA POLICE STATION ROAD,P 38,15FEET,0.0,0.0
Bengaluru City,Peenya Traffic PS,1.04432e+16,2019,1,1,Road Accidents,Cross roads,City/Town,Near Petrol Pump,Human Error,Yes,Simple Injury,Hit pedestrian,Not Applicable,Straight and flat,Others,Bitumen(Tar),Dry,Not Applicable,Fine,"NEAR FEDARAL BANK, S M ROAD",ELECTICAL POLE,20FEET,0.0,0.0
Bengaluru City,Peenya Traffic PS,1.04432e+16,2019,1,1,Road Accidents,Not Applicable,City/Town,At pedestrian Crossing,Human Error,Yes,Simple Injury,Hit pedestrian,Not Applicable,Straight and flat,NH,Bitumen(Tar),Dry,Not Applicable,Fine,NH-4 NEAR DASARAHALLI METRO STATION T.DASARAHALLI,METRO PILLAR NO 71,30FEET,0.0,0.0
Bengaluru City,Peenya Traffic PS,1.04432e+16,2019,1,2,Road Accidents,Not Applicable,City/Town,Open area,Human Error,Yes,Simple Injury,Vehicle to Vehicle,Not Applicable,Curve,Others,Bitumen(Tar),Dry,Not Applicable,Fine,"NEAR SIDDARTHA SCHOOL, GANGONDANAHALLI MN ROAD",ELECTRICALE POLE,50FEET,0.0,0.0
Bengaluru City,Peenya Traffic PS,1.04432e+16,2019,1,2,Not Applicable,Narrow road,City/Town,Open area,Human Error,Not Applicable,Fatal,Head on,Not at  Junction,Straight and flat,City or Town Road,Bitumen(Tar),Dry,No influence on accident,Fine,NEAR NAGEL SPECIAL MACHIN PVT LTD,NAGEL SPECIAL MACHIN PVT LTD,25FEET,13.0299113,77.510232
Bengaluru City,Peenya Traffic PS,1.04432e+16,2019,1,2,Road Accidents,Other,City/Town,Open area,Human Error,No,Grievous Injury,Others,Uncontrolled,Others,Residential Street,Bitumen(Tar),Dry,Not Applicable,Fine,PIPE LINE ROAD NEAR VINAYAKA ENTER PRISES,ELECTRICAL POLE,30FEET,13.04879526,77.5181503
Bengaluru City,Peenya Traffic PS,1.04432e+16,2019,1,2,Road Accidents,Narrow road,City/Town,Open area,Human Error,Not Applicable,Simple Injury,Head on,Not at  Junction,Straight and flat,City or Town Road,Bitumen(Tar),Dry,No influence on accident,Fine,2 ND CROSS KTG SCHOOL NEAR HEGGANALLI,NEAR KTG SCHOOL,30FEET,13.00133925,77.50549109
Bengaluru City,Peenya Traffic PS,1.04432e+16,2019,1,2,Road Accidents,Junction,City/Town,Open area,Human Error,No,Simple Injury,Head on,Signal lights Automatic,Straight and flat,City or Town Road,Bitumen(Tar),Dry,No influence on accident,Fine,CHOKKASANDRA JUNCTION,OM SHAKTHI TELECOM MOBILE SHOP,25FEET,13.0424793,77.51474392
Bengaluru City,Peenya Traffic PS,1.04432e+16,2019,1,2,Not Applicable,Narrow road,City/Town,Open area,Human Error,No,Simple Injury,Head on,No signal lights,Straight and flat,City or Town Road,Bitumen(Tar),Dry,No influence on accident,Fine,VIJIYA ROLLING MILL ROAD,ARAVIND MOTORS OPP,25FEET,13.02798329,77.51849852
Bengaluru City,Peenya Traffic PS,1.04432e+16,2019,1,2,Road Accidents,Other,City/Town,Near Hospital,Human Error,No,Damage Only,Rear end,Not Applicable,Others,Expressway,Bitumen(Tar),Dry,Not Applicable,Fine,NH-R BANAGALORE TUMKUR ROAD,CENTRE MEADIAN,5FEET,13.04234975,77.51456178
Bengaluru City,Peenya Traffic PS,1.04432e+16,2019,1,1,Road Accidents,Other,City/Town,Open area,Human Error,No,Grievous Injury,Hit pedestrian,Uncontrolled,Others,Residential Street,Bitumen(Tar),Dry,Not Applicable,Others,ASHWINI SCHOOL ROAD NEAR S L N DENTAL CLINIC,ELECTRICAL POLE,30FEET,13.01728543,77.51309285
Bengaluru City,Peenya Traffic PS,1.04432e+16,2019,1,2,Road Accidents,Other,City/Town,Open area,Human Error,No,Grievous Injury,Others,Controlled,Others,NH,Bitumen(Tar),Dry,Not Applicable,Fine,NH-4 TUMAKUR ROAD NEAR PARLE G FACTORY,ELECTRICAL POLE,20FEET,13.05033363,77.49313573
Bengaluru City,Peenya Traffic PS,1.04432e+16,2019,1,1,Road Accidents,Other,City/Town,Residential area,Human Error,No,Fatal,Hit pedestrian,Uncontrolled,Others,Residential Street,Bitumen(Tar),Dry,Not Applicable,Fine,"HEGGANAHALLI MAIN ROAD NEAR DODDANNA INDUSTRAIL AREA CROSS ROAD, VARUN MOTORS",ELECTRICAL POLE,18FEET,0.0,0.0
Bengaluru City,Peenya Traffic PS,1.04432e+16,2019,1,2,Not Applicable,Narrow road,City/Town,Open area,Human Error,No,Grievous Injury,Head on,Not at  Junction,Straight and flat,City or Town Road,Bitumen(Tar),Dry,No influence on accident,Fine,DEFFENCE COLONY 3RD CROSS,TEJAS GENTS TAILER SHOP,18FEET,13.05583484,77.50190533
Bengaluru City,Peenya Traffic PS,1.04432e+16,2019,1,2,Not Applicable,Narrow road,City/Town,Open area,Human Error,No,Grievous Injury,Right Turn Collision,Not Applicable,Straight and flat,City or Town Road,Bitumen(Tar),Dry,No influence on accident,Fine,NH4 ROAD DEEPAK U TURN,NEAR SHOBHA APARTMENT,30FEET,77.50508158,13.04605184
Bengaluru City,Peenya Traffic PS,1.04432e+16,2019,1,2,Road Accidents,Not Applicable,City/Town,Near Petrol Pump,Human Error,No,Grievous Injury,Vehicle to Vehicle,Uncontrolled,Straight and flat,NH,Bitumen(Tar),Dry,Not Applicable,Fine,NH-4 TUMAKUR BENGALURU FLY OVER,ELECTRICAL POLE,12FEET,0.0,0.0
Bengaluru City,Peenya Traffic PS,1.04432e+16,2019,1,1,Road Accidents,Not Applicable,City/Town,Open area,Human Error,No,Fatal,Hit pedestrian,Controlled,Not Applicable,NH,Bitumen(Tar),Dry,Not Applicable,Fine,NH-4 TUMAKUR BENGALURU ROAD NEAR WIDIO FACTORY,METRO PILLOR,85FEET,0.0,0.0
Bengaluru City,Peenya Traffic PS,1.04432e+16,2019,1,2,Road Accidents,Narrow road,City/Town,Residential area,Human Error,No,Simple Injury,Vehicle to Vehicle,Uncontrolled,Straight and flat,Others,Bitumen(Tar),Dry,Not Applicable,Fine,DURGADEVI TEMPLE ROAD HMY LAYOUT,TREE,20FEET,0.0,0.0
Bengaluru City,Peenya Traffic PS,1.04432e+16,2019,1,2,Road Accidents,Narrow road,City/Town,Open area,Human Error,Not Applicable,Fatal,Vehicle to Vehicle,Not Applicable,Straight and flat,NH,Bitumen(Tar),Dry,Not Applicable,Fine,SRS FLY OVER,DEVIDER,2.FEET,13.03467135,77.52961936
Bengaluru City,Peenya Traffic PS,1.04432e+16,2019,1,1,Road Accidents,Not Applicable,City/Town,Open area,Human Error,No,Damage Only,Vehicle to Vehicle,Uncontrolled,Straight and flat,Residential Street,Bitumen(Tar),Dry,Not Applicable,Fine,"PEENYA 2 ND STAGE 1 ST MAIN ROAD, NEAR JAI BHUVANESHWAR AUTO STAND",TREE,2FEET,0.0,0.0
Bengaluru City,Peenya Traffic PS,1.04432e+16,2019,1,2,Road Accidents,Other,City/Town,Open area,Human Error,No,Grievous Injury,Head on,Controlled,Others,Residential Street,Bitumen(Tar),Dry,Not Applicable,Fine,NH-4 TUMAKUR BENGALURU ROAD NEAR PARLE G FACTORY,ELECTRICAL POLE,52FEET,13.0481183,77.49867621
Bengaluru City,Peenya Traffic PS,1.04432e+16,2019,1,2,Road Accidents,Other,City/Town,Near a factory industrial area,Human Error,No,Simple Injury,Head on,Not Applicable,Not Applicable,City or Town Road,Bitumen(Tar),Dry,No influence on accident,Fine,PEENYA INDUSTRIAL AREA 3RDMAIN ROAD,AIRVENT PVT LTD,40FEET,13.02249205,77.50952631
Bengaluru City,Peenya Traffic PS,1.04432e+16,2019,1,2,Road Accidents,Bridge,City/Town,Open area,Human Error,No,Damage Only,Rear end,Uncontrolled,Others,NH,Bitumen(Tar),Dry,Not Applicable,Fine,NH-4 TUMASKUR FLY OVER,ELECTRICAL POLE,15FEET,0.0,0.0
Bengaluru City,Peenya Traffic PS,1.04432e+16,2019,1,2,Not Applicable,Narrow road,City/Town,Open area,Human Error,No,Fatal,Vehicle to Vehicle,Signals (Working),Straight and flat,Others,Bitumen(Tar),Dry,No influence on accident,Fine,OPP  DINAMITIC FACTROY,EXCEL AUTO ENGINEERING WORKS,35FEET,13.0352571,77.51691709
Bengaluru City,Peenya Traffic PS,1.04432e+16,2019,1,2,Road Accidents,Not Applicable,City/Town,Open area,Human Error,No,Grievous Injury,Vehicle to Vehicle,Uncontrolled,Others,Residential Street,Bitumen(Tar),Dry,Not Applicable,Fine,MEI LAYOUT NEAR SUPER MARKET,ELECTRICAL POLE,15FEET,13.0591633,77.5066774
Bengaluru City,Peenya Traffic PS,1.04432e+16,2019,1,1,Road Accidents,Narrow road,City/Town,Near a religious place,Human Error,Not Applicable,Simple Injury,Not Applicable,Not Applicable,Straight and flat,NH,Bitumen(Tar),Dry,Not Applicable,Fine,NH-4 PEENYA 1 STT STGE,METRO PILLER NO 20,40,0.0,0.0
Bengaluru City,Peenya Traffic PS,1.04432e+16,2019,1,2,Road Accidents,Circle,City/Town,Open area,Human Error,No,Simple Injury,Vehicle to Vehicle,Uncontrolled,Curve,Residential Street,Bitumen(Tar),Dry,Not Applicable,Others,SRS ROAD NEAR PEENYA 5 TH CROSS,ELECTRICAL POLE,20FEET,13.0151,77.313
Bengaluru City,Peenya Traffic PS,1.04432e+16,2019,1,2,Road Accidents,Not Applicable,City/Town,Open area,Human Error,No,Simple Injury,Vehicle to Vehicle,Not Applicable,Straight and flat,Others,Bitumen(Tar),Dry,Not Applicable,Fine,NEAR RAYAL MART HESARAGHATTA MN ROAD,ELECTRIC POLE,30FEET,0.0,0.0