DISTRICTNAME,UNITNAME,Crime_No,Year,RI,Noofvehicle_involved,Accident_Classification,Accident_Spot,Accident_Location,Accident_SubLocation,Main_Cause,Hit_Run,Severity,Collision_Type,Junction_Control,Road_Character,Road_Type,Surface_Type,Surface_Condition,Road_Condition,Weather,Accident_Road,Landmark_first,Distance_LandMark_First,Latitude,Longitude
Bengaluru City,Peenya Traffic PS,1.04432e+16,2020,1,2,Road Accidents,Junction,City/Town,Near Bus stop,Human Error,Yes,Simple Injury,Vehicle to Vehicle,Controlled,Curve,NH,Bitumen(Tar),Dry,Not Applicable,Fine,8 TH MAIL JUN NH-4 HESARAGHATTA ROAD,PILLAR NO 92,40FEET,0.0,0.0
Bengaluru City,Peenya Traffic PS,1.04432e+16,2020,1,2,Road Accidents,Not Applicable,City/Town,Near Bus stop,Human Error,No,Grievous Injury,Vehicle to Vehicle,Controlled,Curve,Residential Street,Bitumen(Tar),Dry,Not Applicable,Fine,PIA MAIN ROAD NEAR PEENYA POST OFFICE,ELECTRICAL POLE,20FEET,0.0,0.0
Bengaluru City,Peenya Traffic PS,1.04432e+16,2020,1,1,Road Accidents,Curves,City/Town,Open area,Human Error,Yes,Fatal,Hit pedestrian,Not at  Junction,Slight Curve,NH,Bitumen(Tar),Dry,Not Applicable,Fine,NH-4 TUMAKUR BANGALORE ROAD NEAR NEW AGARAVAL HOTEL,FLY OVER PILLOR,35FEET,0.0,0.0
Bengaluru City,Peenya Traffic PS,1.04432e+16,2020,1,2,Road Accidents,Not Applicable,City/Town,Residential area,Human Error,No,Grievous Injury,Vehicle to Vehicle,Uncontrolled,Others,Residential Street,Bitumen(Tar),Dry,Not Applicable,Others,"GANGONDAHALLI MAIN ROAD, NEAR KALABAIARAV TEMPLE",TREE,25FEET,0.0,0.0
Bengaluru City,Peenya Traffic PS,1.04432e+16,2020,1,3,Road Accidents,Not Applicable,City/Town,Open area,Human Error,No,Grievous Injury,Vehicle to Vehicle,Uncontrolled,Others,NH,Bitumen(Tar),Dry,Not Applicable,Fine,NH-4 TUMAKUR BENGALURU ROAD NEAR DEEPAK U TURN,PEENYA FLY OVER,15 FEE,0.0,0.0
Bengaluru City,Peenya Traffic PS,1.04432e+16,2020,1,1,Road Accidents,Not Applicable,City/Town,Open area,Human Error,No,Grievous Injury,Hit pedestrian,Controlled,Others,Service Road,Bitumen(Tar),Dry,Not Applicable,Fine,NH-4 TUMAKUR BENGALURU SERVICE ROAD NEAR 8 TH MILE JUNCTION,ELECTRICAL POLE,10FEET,0.0,0.0
Bengaluru City,Peenya Traffic PS,1.04432e+16,2020,1,1,Road Accidents,Not Applicable,City/Town,Residential area,Human Error,Yes,Simple Injury,Vehicle to Vehicle,Uncontrolled,Others,Residential Street,Bitumen(Tar),Dry,Not Applicable,Fine,HESARAGHATTA MAIN ROAD NEAR SAI KALYAN MANTAPPA,ELECTRICAL POLE,25FEET,0.0,0.0
Bengaluru City,Peenya Traffic PS,1.04432e+16,2020,1,1,Road Accidents,Not Applicable,City/Town,Residential area,Human Error,No,Grievous Injury,Hit pedestrian,Uncontrolled,Others,Residential Street,Bitumen(Tar),Dry,Not Applicable,Fine,"PIA, PEENYA 2 ND STAGE MAIN ROAD NEAR KARNATAKA KAI MAGGA",TRANSFORMER,35,0.0,0.0
Bengaluru City,Peenya Traffic PS,1.04432e+16,2020,1,2,Road Accidents,Narrow road,City/Town,Open area,Human Error,No,Damage Only,Vehicle to Vehicle,Not at  Junction,Straight and flat,NH,Bitumen(Tar),Dry,Not Applicable,Fine,NH-4 PEENY FLY OVER,NEAR CHOKKASANDRA,20FEET,0.0,0.0
Bengaluru City,Peenya Traffic PS,1.04432e+16,2020,1,1,Road Accidents,Narrow road,City/Town,Open area,Human Error,Yes,Fatal,Hit pedestrian,Not at  Junction,Straight and flat,Others,Bitumen(Tar),Dry,Not Applicable,Fine,S M ROAD,OPP CHIMMANUR JEWELLERS,50MTR,0.0,0.0
Bengaluru City,Peenya Traffic PS,1.04432e+16,2020,1,2,Road Accidents,Offset,City/Town,Open area,Human Error,Yes,Fatal,Vehicle to Vehicle,Not at  Junction,Curve,NH,Bitumen(Tar),Dry,Not Applicable,Fine,NH-4 BENGALURU TUMAKUR FLY OVER ROAD,NEAR SHOBHA APARTMENT,50MTR,0.0,0.0
Bengaluru City,Peenya Traffic PS,1.04432e+16,2020,1,2,Road Accidents,Junction,City/Town,Near Hospital,Human Error,No,Grievous Injury,Vehicle to Vehicle,Signal lights Automatic,Straight and flat,NH,Bitumen(Tar),Dry,Not Applicable,Fine,NH-4 TUMAKUR BANGALORE PEENYA FLY OVER ROAD CHOKKASANDRA JUNCTION,CHOKKASANDRA SINGLE,10MTR,0.0,0.0
Bengaluru City,Peenya Traffic PS,1.04432e+16,2020,1,1,Road Accidents,Not Applicable,City/Town,Residential area,Human Error,No,Simple Injury,Hit pedestrian,Uncontrolled,Others,Residential Street,Bitumen(Tar),Dry,Not Applicable,Fine,"CHOKKASANDRA MAIN ROAD 16 TH MAIN, 3 RD CROSS, DOOR NO 552",TREE,10FEET,0.0,0.0
Bengaluru City,Peenya Traffic PS,1.04432e+16,2020,1,1,Road Accidents,Not Applicable,City/Town,Residential area,Human Error,No,Fatal,Hit pedestrian,Uncontrolled,Others,Residential Street,Bitumen(Tar),Dry,Not Applicable,Fine,"HEGGANAHALLI MAIN ROAD NEAR HEGGANAHALLI CROSS, OPP AMBHIKA BAKERY",ELECTRIC POLE,15FEET,0.0,0.0
Bengaluru City,Peenya Traffic PS,1.04432e+16,2020,1,2,Road Accidents,Cross roads,City/Town,Residential area,Human Error,Yes,Grievous Injury,Vehicle to Vehicle,Not Applicable,Curve,Others,Bitumen(Tar),Dry,Not Applicable,Fine,"3  RD CROSS, RAJAGOPALANAGARA MN RD",TREE,15FEET,0.0,0.0
Bengaluru City,Peenya Traffic PS,1.04432e+16,2020,1,2,Road Accidents,Not Applicable,City/Town,Open area,Human Error,No,Simple Injury,Vehicle to Vehicle,Uncontrolled,Others,NH,Bitumen(Tar),Dry,Not Applicable,Fine,NH-4 TUMAKUR ROAD NEAR PAI,FLY OVER PILLOR,30FEET,0.0,0.0
Bengaluru City,Peenya Traffic PS,1.04432e+16,2020,1,1,Road Accidents,Not Applicable,City/Town,Residential area,Human Error,No,Simple Injury,Hit pedestrian,Controlled,Others,Residential Street,Bitumen(Tar),Dry,Not Applicable,Fine,CHOKKASANDRA KERE ROAD,ELECTRICAL POLE,30FEET,0.0,0.0
Bengaluru City,Peenya Traffic PS,1.04432e+16,2020,1,2,Road Accidents,Not Applicable,City/Town,Residential area,Human Error,No,Fatal,Vehicle to Vehicle,Uncontrolled,Others,Residential Street,Bitumen(Tar),Dry,Not Applicable,Fine,HEGGANAHALLI MAIN ROAD JAI MARUTHI HOSPITAL,TREE,20FEET,0.0,0.0
Bengaluru City,Peenya Traffic PS,1.04432e+16,2020,1,1,Road Accidents,Not Applicable,City/Town,Open area,Human Error,No,Damage Only,Not Applicable,Uncontrolled,Straight and flat,Residential Street,Bitumen(Tar),Dry,Not Applicable,Fine,REDDY KATTE MAIN ROAD NEAR PARLE GEST HOUSE GATE,ELECTRICAL POLE,25FEET,0.0,0.0
Bengaluru City,Peenya Traffic PS,1.04432e+16,2020,1,1,Road Accidents,Junction,City/Town,Open area,Human Error,No,Simple Injury,Hit bicyclist,Controlled,Curve,NH,Bitumen(Tar),Dry,Not Applicable,Fine,NH-4 TUMAKUR ROAD NEAR 8 TH MILE JUNCTION,FLY OFVER PILLOR NO 91 I,10FEET,0.0,0.0
Bengaluru City,Peenya Traffic PS,1.04432e+16,2020,1,2,Road Accidents,Circle,City/Town,Open area,Human Error,Yes,Damage Only,Vehicle to Vehicle,Controlled,Hump,Others,Bitumen(Tar),Dry,Not Applicable,Fine,SRS ROAD NEAR KEB OFFICE,ELECTRICAL POLE,35FEET,0.0,0.0
Bengaluru City,Peenya Traffic PS,1.04432e+16,2020,1,2,Road Accidents,Cross roads,City/Town,Residential area,Human Error,No,Simple Injury,Vehicle to Vehicle,Not Applicable,Straight and flat,Others,Bitumen(Tar),Dry,Not Applicable,Fine,near jai maruthi medical hegganhalli mn rd,tree,15feet,0.0,0.0
Bengaluru City,Peenya Traffic PS,1.04432e+16,2020,1,2,Road Accidents,Not Applicable,City/Town,Open area,Human Error,No,Grievous Injury,Vehicle to Vehicle,Uncontrolled,Others,NH,Bitumen(Tar),Dry,Not Applicable,Fine,NH-4 PEENY FLY OVER,ELECTRICAL POLE,20FEET,0.0,0.0
Bengaluru City,Peenya Traffic PS,1.04432e+16,2020,1,1,Road Accidents,Narrow road,City/Town,Near Bus stop,Human Error,No,Simple Injury,Hit pedestrian,Not at  Junction,Straight and flat,Others,Bitumen(Tar),Dry,Not Applicable,Fine,HESARAGHATTA MAIN ROAD NEAR BESCOM OFFICE,NEAR BONEMILL BUS STOP,50FEET,0.0,0.0
Bengaluru City,Peenya Traffic PS,1.04432e+16,2020,1,2,Road Accidents,Narrow road,City/Town,Open area,Human Error,No,Simple Injury,Vehicle to Vehicle,Not at  Junction,Curve,NH,Bitumen(Tar),Dry,Not Applicable,Fine,NH-4 BENGALURU TUMAKUR FLY OVER ROAD,NEAR JALAHALLI CROSS JN,50MTR,0.0,0.0
Bengaluru City,Peenya Traffic PS,1.04432e+16,2020,1,1,Road Accidents,Narrow road,City/Town,Open area,Human Error,No,Grievous Injury,Hit pedestrian,Not at  Junction,Slight Curve,Residential Street,Bitumen(Tar),Dry,Not Applicable,Fine,"PIA , 1 ST STAGE, NEAR GANESH TEMPLE",ELECTRICAL POLE,28FEET,0.0,0.0
Bengaluru City,Peenya Traffic PS,1.04432e+16,2020,1,1,Road Accidents,Not Applicable,City/Town,Near Bus stop,Human Error,No,Grievous Injury,Hit pedestrian,Uncontrolled,Others,NH,Bitumen(Tar),Dry,Not Applicable,Fine,NH-4 TUMAKURU BANGALORE NEAR T DASARAHALLI METRO STATION,METRO PILLOR,30FEET,0.0,0.0
Bengaluru City,Peenya Traffic PS,1.04432e+16,2020,1,2,Road Accidents,Not Applicable,City/Town,Residential area,Human Error,No,Simple Injury,Vehicle to Vehicle,Uncontrolled,Others,NH,Bitumen(Tar),Dry,Not Applicable,Fine,h cross junction,FLY OVER PILLOR,30FEET,0.0,0.0
Bengaluru City,Peenya Traffic PS,1.04432e+16,2020,1,2,Road Accidents,Narrow road,City/Town,Near Bus stop,Human Error,Not Applicable,Simple Injury,Vehicle to Vehicle,Not Applicable,Straight and flat,Others,Bitumen(Tar),Dry,Not Applicable,Fine,"HESARAGHATTA RD, NEAR KRISHNA CAKE PALACE",ELECTRIC POLE,30FEET,0.0,0.0
Bengaluru City,Peenya Traffic PS,1.04432e+16,2020,1,2,Road Accidents,Cross roads,City/Town,Near School or College,Human Error,Not Applicable,Simple Injury,Vehicle to Vehicle,Not Applicable,Straight and flat,Others,Bitumen(Tar),Dry,Not Applicable,Fine,"doddanna industrial area, near doddanna school",tree,22feet,0.0,0.0
Bengaluru City,Peenya Traffic PS,1.04432e+16,2020,1,2,Road Accidents,Not Applicable,City/Town,Open area,Human Error,No,Damage Only,Vehicle to Vehicle,Uncontrolled,Sharp Curve,NH,Bitumen(Tar),Dry,Not Applicable,Fine,"NH-4 TUMAKUR BANGALORE, 8 TH MILE BUS STOP",FLY OVER NO 87,40FEET,0.0,0.0
Bengaluru City,Peenya Traffic PS,1.04432e+16,2020,1,1,Road Accidents,Not Applicable,City/Town,Residential area,Human Error,No,Grievous Injury,Not Applicable,Controlled,Others,Residential Street,Bitumen(Tar),Dry,Not Applicable,Fine,BASAVESHWAR BUS STOP ROAD NEAR SURIAN FACTORY,ELECTRICAL POLE,20FEET,0.0,0.0
Bengaluru City,Peenya Traffic PS,1.04432e+16,2020,1,2,Road Accidents,Not Applicable,City/Town,Residential area,Human Error,No,Grievous Injury,Vehicle to Vehicle,Uncontrolled,Others,Residential Street,Bitumen(Tar),Dry,Not Applicable,Others,TVS CROSS 7 TH CROSS,TREE,25FEET,0.0,0.0
Bengaluru City,Peenya Traffic PS,1.04432e+16,2020,1,3,Road Accidents,Narrow road,City/Town,Near a religious place,Human Error,No,Simple Injury,Hit bicyclist,Not at  Junction,Straight and flat,Others,Bitumen(Tar),Dry,Not Applicable,Fine,S M ROAD,OPP CHURCH,5MTR,0.0,0.0
Bengaluru City,Peenya Traffic PS,1.04432e+16,2020,1,2,Road Accidents,Narrow road,City/Town,Residential area,Human Error,No,Simple Injury,Hit bicyclist,Not at  Junction,Straight and flat,Others,Bitumen(Tar),Dry,Not Applicable,Fine,2ND CROSS GANGAPATHINAGARA,OPP SHANKAR NILAYA,3MTR,0.0,0.0
Bengaluru City,Peenya Traffic PS,1.04432e+16,2020,1,2,Road Accidents,Narrow road,City/Town,Near a factory industrial area,Human Error,Yes,Simple Injury,Vehicle to Vehicle,Not at  Junction,Straight and flat,Others,Bitumen(Tar),Dry,Not Applicable,Fine,11TH CROSS PEENAY INDUSTRIAL AREA,OPP VRL GODOWN,20FEET,0.0,0.0
Bengaluru City,Peenya Traffic PS,1.04432e+16,2020,1,2,Road Accidents,Narrow road,City/Town,Residential area,Human Error,No,Simple Injury,Vehicle to Vehicle,Not at  Junction,Straight and flat,Others,Bitumen(Tar),Dry,Not Applicable,Fine,20TH CROSS BAGALAGUNTE,OPP KAVYASHRI COLTH CENTRE,10 FEE,0.0,0.0
Bengaluru City,Peenya Traffic PS,1.04432e+16,2020,1,1,Road Accidents,Narrow road,City/Town,Residential area,Human Error,No,Simple Injury,Hit pedestrian,Not at  Junction,Slight Curve,Others,Bitumen(Tar),Dry,Not Applicable,Fine,JYOTHI NURSING HOME,NEAR GANESHA TEMPLE,30FEET,0.0,0.0
Bengaluru City,Peenya Traffic PS,1.04432e+16,2020,1,2,Road Accidents,Narrow road,City/Town,Residential area,Human Error,No,Simple Injury,Vehicle to Vehicle,Not at  Junction,Straight and flat,Others,Bitumen(Tar),Dry,Not Applicable,Fine,PIPELINE ROAD,OPP LAKSHMINARASIMHA TENT HOUSE,25FEET,0.0,0.0
Bengaluru City,Peenya Traffic PS,1.04432e+16,2020,1,2,Road Accidents,Narrow road,City/Town,In bazaar,Human Error,Yes,Simple Injury,Vehicle to Vehicle,Not at  Junction,Straight and flat,Others,Concrete,Dry,Not Applicable,Fine,1ST MAIN NELAGADRANAHALLI,OPP SRI KRISHNA BALE MANDI,8 FEET,0.0,0.0
Bengaluru City,Peenya Traffic PS,1.04432e+16,2020,1,1,Road Accidents,Narrow road,City/Town,Near a factory industrial area,Human Error,No,Grievous Injury,Not Applicable,Not at  Junction,Dip or trough,Others,Bitumen(Tar),Dry,Not Applicable,Fine,ISRO ROAD,OPP PAN ELECTRONICS FACTORY,30FEET,0.0,0.0
Bengaluru City,Peenya Traffic PS,1.04432e+16,2020,1,2,Road Accidents,Not Applicable,City/Town,Open area,Human Error,No,Fatal,Vehicle to Vehicle,Not at  Junction,Straight and flat,NH,Bitumen(Tar),Dry,Not Applicable,Fine,NH-4 TUMAKURU BANGALORE ROAD NEAR JALAHALLI CROSS JUNCTION,ELECTRIC LIGHT POLE,25FEET,0.0,0.0
Bengaluru City,Peenya Traffic PS,1.04432e+16,2020,1,1,Road Accidents,Offset,City/Town,Residential area,Human Error,No,Grievous Injury,Vehicle to Vehicle,Uncontrolled,Others,Residential Street,Bitumen(Tar),Dry,Not Applicable,Fine,CHOKKASANDRA KERE ROAD,TREE,20FEET,0.0,0.0
Bengaluru City,Peenya Traffic PS,1.04432e+16,2020,1,2,Road Accidents,Circle,City/Town,Residential area,Human Error,No,Simple Injury,Vehicle to Vehicle,Uncontrolled,Curve,Residential Street,Bitumen(Tar),Dry,Not Applicable,Fine,PIA 7 TH MAIN ROAD NEAR SINPACK PLEXIBLE FACTORY,ELECTRICAL POLE,25FEET,0.0,0.0
Bengaluru City,Peenya Traffic PS,1.04432e+16,2020,1,1,Road Accidents,Junction,City/Town,Near Petrol Pump,Human Error,No,Simple Injury,Vehicle to Vehicle,Controlled,Others,NH,Bitumen(Tar),Dry,Not Applicable,Fine,NH-4 ROAD NEAR 8 TH MILE JUCNTION,FLY OVER PILLOR 92,10FEET,0.0,0.0
Bengaluru City,Peenya Traffic PS,1.04432e+16,2020,1,2,Road Accidents,Narrow road,City/Town,Near Bus stop,Human Error,Yes,Simple Injury,Vehicle to Vehicle,Not Applicable,Others,NH,Bitumen(Tar),Dry,Not Applicable,Fine,NEAR PBLIC TOILET NH-4 8 TH MAIL JN,CENTER MEDION,2FEET,0.0,0.0
Bengaluru City,Peenya Traffic PS,1.04432e+16,2020,1,2,Road Accidents,Cross roads,City/Town,Residential area,Human Error,Not Applicable,Grievous Injury,Vehicle to Vehicle,Not at  Junction,Straight and flat,Residential Street,Bitumen(Tar),Dry,Not Applicable,Fine,NEAR GAS BUNK KARIHOBANAHALLI,SLN MOTORS,28FEET,0.0,0.0
Bengaluru City,Peenya Traffic PS,1.04432e+16,2020,1,2,Road Accidents,Junction,City/Town,Near Bus stop,Human Error,Yes,Simple Injury,Vehicle to Vehicle,Controlled,Straight and flat,NH,Bitumen(Tar),Dry,Not Applicable,Fine,"NH-4 TUMKUR RD, NEAR JALAHALLI CROSS",DEVIDER,18FEET,0.0,0.0
Bengaluru City,Peenya Traffic PS,1.04432e+16,2020,1,2,Road Accidents,Junction,City/Town,Open area,Human Error,No,Damage Only,Vehicle to Vehicle,Signal lights Automatic,Straight and flat,NH,Bitumen(Tar),Dry,Not Applicable,Fine,NH-4 TUMKUR ROAD,JALAHALLI CROSS JN,10 FEE,0.0,0.0
Bengaluru City,Peenya Traffic PS,1.04432e+16,2020,1,1,Road Accidents,Curves,City/Town,Residential area,Human Error,Yes,Fatal,Hit pedestrian,Uncontrolled,Others,NH,Bitumen(Tar),Dry,Not Applicable,Fine,NH-4 TUMAKUR BENGALURU ROAD NEARA SAVANI,METRO PILLOR,30FEET,0.0,0.0
Bengaluru City,Peenya Traffic PS,1.04432e+16,2020,1,2,Road Accidents,Not Applicable,City/Town,Open area,Human Error,Yes,Simple Injury,Vehicle to Vehicle,Uncontrolled,Straight and flat,NH,Bitumen(Tar),Dry,Not Applicable,Fine,NH-4 TUMAKUR ROAD NEAR ROCK LINE MOLL,ELECTRICAL POLE,20FEET,0.0,0.0
Bengaluru City,Peenya Traffic PS,1.04432e+16,2020,1,1,Road Accidents,Cross roads,City/Town,Near School or College,Human Error,Not Applicable,Simple Injury,Hit pedestrian,Uncontrolled,Straight and flat,Others,Bitumen(Tar),Dry,Not Applicable,Fine,"KARIHOBAHALLI LAYOUT, VIDYA SAMSKRUTHI SCHOOL OPP",TREE,15FEET,0.0,0.0
Bengaluru City,Peenya Traffic PS,1.04432e+16,2020,1,2,Road Accidents,Not Applicable,City/Town,Open area,Human Error,Yes,Simple Injury,Vehicle to Vehicle,Not Applicable,Straight and flat,NH,Bitumen(Tar),Dry,Not Applicable,Fine,nh-4 flyover near jalahalli cross,center median,20feet,0.0,0.0
Bengaluru City,Peenya Traffic PS,1.04432e+16,2020,1,1,Road Accidents,Narrow road,City/Town,Open area,Human Error,No,Grievous Injury,Hit pedestrian,Uncontrolled,Others,Residential Street,Bitumen(Tar),Dry,Not Applicable,Fine,GANGONDANAHALLI MAIN ROAD,TREE,10FEET,0.0,0.0
Bengaluru City,Peenya Traffic PS,1.04432e+16,2020,1,2,Road Accidents,Narrow road,City/Town,Open area,Human Error,Yes,Fatal,Vehicle to Vehicle,Not at  Junction,Slight Curve,NH,Bitumen(Tar),Dry,Not Applicable,Fine,NH-4 PEENY FLY OVER,OPP SATTVA OPUS APARTMENT,200MTR,0.0,0.0
Bengaluru City,Peenya Traffic PS,1.04432e+16,2020,1,2,Road Accidents,Offset,City/Town,Open area,Human Error,Yes,Simple Injury,Vehicle to Vehicle,Not at  Junction,Slight Curve,NH,Bitumen(Tar),Dry,Not Applicable,Fine,NH 4 PEENYA FLY OVER ROAD,NEAR PEENYA INDUSTRY METRO STATION,40FEET,0.0,0.0
Bengaluru City,Peenya Traffic PS,1.04432e+16,2020,1,2,Road Accidents,Junction,City/Town,Near a factory industrial area,Human Error,No,Simple Injury,Vehicle to Vehicle,Uncontrolled,Straight and flat,Others,Bitumen(Tar),Dry,Not Applicable,Fine,iISRO ROAD,NEAR ISRO COMPOUND,40FEET,0.0,0.0
Bengaluru City,Peenya Traffic PS,1.04432e+16,2021,1,2,Road Accidents,Junction,City/Town,Open area,Human Error,No,Grievous Injury,Vehicle to Vehicle,Signal lights Automatic,Straight and flat,State Highway,Bitumen(Tar),Dry,Not Applicable,Fine,HESARAGATTA MAIN ROAD,BAGALAGUNTE JN,10FEET,0.0,0.0
Bengaluru City,Peenya Traffic PS,1.04432e+16,2021,1,3,Road Accidents,Narrow road,City/Town,Open area,Human Error,Yes,Fatal,Vehicle to Vehicle,Uncontrolled,Others,NH,Bitumen(Tar),Others,Not Applicable,Light Rain,NH-4 TUMAKUR PEENY FLY OVER ROAD NEAR NAGASANDRA METRO STATION,ELECTRIC POLE,30FEET,0.0,0.0
Bengaluru City,Peenya Traffic PS,1.04432e+16,2021,1,2,Road Accidents,Not Applicable,City/Town,Residential area,Human Error,No,Grievous Injury,Vehicle to Vehicle,Controlled,Others,Residential Street,Bitumen(Tar),Dry,Not Applicable,Fine,SM ROAD NEAR KRISHNA CHANDRA CHOULTRY,ELECRICAL POLE,30FEET,0.0,0.0
Bengaluru City,Peenya Traffic PS,1.04432e+16,2021,1,2,Road Accidents,Not Applicable,City/Town,Residential area,Human Error,No,Grievous Injury,Vehicle to Vehicle,Uncontrolled,Others,Residential Street,Bitumen(Tar),Dry,Not Applicable,Fine,"PEENYA INDUSTRAIL AREA, NTTF 9TH CROSS JUNCTION",TREE,15FEET,13.022491,77.5121504
Bengaluru City,Peenya Traffic PS,1.04432e+16,2021,1,1,Road Accidents,Not Applicable,City/Town,Open area,Human Error,No,Grievous Injury,Hit pedestrian,Uncontrolled,Others,NH,Bitumen(Tar),Dry,Not Applicable,Fine,NH-4 TUMAKUR ROAD OPP PAI SHOW ROOM,FLY OVER PILLER NO 57,43FEET,13.041339,77.516652
Bengaluru City,Peenya Traffic PS,1.04432e+16,2021,1,2,Road Accidents,Not Applicable,City/Town,Residential area,Human Error,No,Grievous Injury,Vehicle to Vehicle,Controlled,Others,NH,Bitumen(Tar),Dry,Not Applicable,Fine,"8th mile junction, nh-4 national highway",ELECRICAL POLE,50feet,13.0454975,77.5074816
Bengaluru City,Peenya Traffic PS,1.04432e+16,2021,1,2,Road Accidents,Junction,City/Town,Open area,Not Applicable,Yes,Grievous Injury,Vehicle to Vehicle,Police / Manual,Straight and flat,Others,Bitumen(Tar),Dry,Not Applicable,Clear,CHOKKASANDRA KERE ROAD and dinamatic road,DYNAMETIC FACTORY,30FEET,0.0,0.0
Bengaluru City,Peenya Traffic PS,1.04432e+16,2021,1,1,Road Accidents,Narrow road,City/Town,Open area,Human Error,No,Damage Only,Not Applicable,Not at  Junction,Straight and flat,NH,Bitumen(Tar),Dry,Not Applicable,Fine,NH-4 BENGALURU TUMAKUR ROAD,NEAR DEEPAK U TURN,30FEET,0.0,0.0
Bengaluru City,Peenya Traffic PS,1.04432e+16,2021,1,2,Road Accidents,Junction,City/Town,Near a factory industrial area,Human Error,Yes,Fatal,Vehicle to Vehicle,Uncontrolled,Straight and flat,Others,Bitumen(Tar),Dry,Not Applicable,Fine,PEENYA 1ST PHASE 1ST MAIN ROAD,NEAR KANGOVI ELECTRONIC PVT LTD,60FEET,13.034853,77.520971
Bengaluru City,Peenya Traffic PS,1.04432e+16,2021,1,2,Road Accidents,Not Applicable,City/Town,Open area,Human Error,No,Grievous Injury,Vehicle to Vehicle,Controlled,Others,NH,Bitumen(Tar),Dry,Not Applicable,Fine,NH-4 TUMAKUR ROAD NEAR PEENYA METRO STATION,CENTRE MEADIAN,27FEET,0.0,0.0
Bengaluru City,Peenya Traffic PS,1.04432e+16,2021,1,3,Road Accidents,Circle,City/Town,Open area,Human Error,No,Grievous Injury,Vehicle to Vehicle,Uncontrolled,Curve,Residential Street,Bitumen(Tar),Dry,Not Applicable,Fine,PEENYA 2ND STAGE MAIN ROAD NEAR AKASH ALLUMINIUM FACTORY,TREE,53FEET,0.0,0.0
Bengaluru City,Peenya Traffic PS,1.04432e+16,2021,1,1,Road Accidents,Narrow road,City/Town,At pedestrian Crossing,Human Error,No,Grievous Injury,Hit pedestrian,Uncontrolled,Others,Residential Street,Bitumen(Tar),Dry,Not Applicable,Fine,T DASARAHALLI PIPE LINE ROAD NEAR TAVAKAL CHIKKAN CENTER,ELECRICAL POLE,30FEET,13.048461,77.518547
Bengaluru City,Peenya Traffic PS,1.04432e+16,2021,1,2,Road Accidents,Not Applicable,City/Town,Residential area,Human Error,No,Grievous Injury,Vehicle to Vehicle,Uncontrolled,Others,Residential Street,Concrete,Dry,Not Applicable,Fine,NELAGADARANAHALLI MAIN ROAD NEAR A J FASION,ELECRICAL POLE,25FEET,0.0,0.0
Bengaluru City,Peenya Traffic PS,1.04432e+16,2021,1,2,Road Accidents,Not Applicable,City/Town,Open area,Not Applicable,No,Not Applicable,Not Applicable,Uncontrolled,Not Applicable,Others,Bitumen(Tar),Dry,Not Applicable,Clear,9 th cross peenya industrial area,wel thought chemical company,30FEET,0.0,0.0
Bengaluru City,Peenya Traffic PS,1.04432e+16,2021,1,2,Road Accidents,Narrow road,City/Town,Open area,Human Error,No,Fatal,Vehicle to Vehicle,Uncontrolled,Others,Residential Street,Bitumen(Tar),Dry,Not Applicable,Fine,"PIA 2ND MAIN ROAD, VENKATESHWAR TEMPLE ROAD, OPP ABB ITACHI",TREE,40FEET,0.0,0.0
Bengaluru City,Peenya Traffic PS,1.04432e+16,2021,1,1,Road Accidents,Junction,City/Town,Open area,Human Error,No,Grievous Injury,Hit pedestrian,Signal lights Automatic,Straight and flat,NH,Bitumen(Tar),Dry,Not Applicable,Fine,NH4 BANGALORE TUMKUR ROAD,SANGEETHA MOBILES,50MTR,0.0,0.0
Bengaluru City,Peenya Traffic PS,1.04432e+16,2021,1,1,Road Accidents,Narrow road,City/Town,Residential area,Human Error,Yes,Grievous Injury,Hit pedestrian,Not at  Junction,Straight and flat,Others,Bitumen(Tar),Dry,Not Applicable,Fine,DUGGALAMMA TEMPLE ROAD,OPP NO 78,10FEET,0.0,0.0
Bengaluru City,Peenya Traffic PS,1.04432e+16,2021,1,2,Road Accidents,Narrow road,City/Town,Near a factory industrial area,Human Error,Yes,Fatal,Vehicle to Vehicle,Not at  Junction,Dip or trough,Others,Bitumen(Tar),Dry,Not Applicable,Fine,DODDANNA INDUSTRIAL AREA MAIN ROAD NEAR DIVYA TOLING WORK SHOP,OPP DHEEMANTH ENGINEERING,06FEET,13.0056487,77.513799
Bengaluru City,Peenya Traffic PS,1.04432e+16,2021,1,1,Road Accidents,Narrow road,City/Town,Open area,Human Error,Yes,Simple Injury,Hit pedestrian,Not at  Junction,Straight and flat,Others,Bitumen(Tar),Dry,Not Applicable,Fine,MEI LAYOUT MAIN ROAD,OPP VASUDEVA DEPARTMENTAL STORE,20FEET,0.0,0.0
Bengaluru City,Peenya Traffic PS,1.04432e+16,2021,1,2,Road Accidents,Curves,City/Town,Near a religious place,Human Error,Yes,Simple Injury,Vehicle to Vehicle,Not at  Junction,Curve,Others,Bitumen(Tar),Dry,Not Applicable,Fine,ANDRAHALLI MAIN ROAD,NEAR HEGGANAHALLI MASJID,20MTR,0.0,0.0
Bengaluru City,Peenya Traffic PS,1.04432e+16,2021,1,2,Road Accidents,Narrow road,City/Town,Open area,Human Error,Yes,Simple Injury,Vehicle to Vehicle,Not at  Junction,Straight and flat,NH,Bitumen(Tar),Dry,Not Applicable,Fine,NH-4 TUMKURU ROAD,OPP KTM SHOWROOM,50MTR,0.0,0.0
Bengaluru City,Peenya Traffic PS,1.04432e+16,2021,1,2,Road Accidents,Narrow road,City/Town,Open area,Human Error,No,Grievous Injury,Vehicle to Vehicle,Uncontrolled,Not Applicable,Residential Street,Bitumen(Tar),Dry,Not Applicable,Fine,"PIPE LINE ROAD, T DASARAHALLI",ELECRICAL POLE,15FEET,0.0,0.0
Bengaluru City,Peenya Traffic PS,1.04432e+16,2021,1,1,Road Accidents,Junction,City/Town,Residential area,Human Error,No,Grievous Injury,Hit pedestrian,Controlled,Others,Residential Street,Bitumen(Tar),Dry,Not Applicable,Fine,NH-4 TUMAKUR ROAD NEAR 8TH MILE JUCTION,METRO PILLER NO 496,27FEET,13.045403,77.507425
Bengaluru City,Peenya Traffic PS,1.04432e+16,2021,1,1,Road Accidents,Not Applicable,City/Town,Open area,Human Error,No,Grievous Injury,Hit pedestrian,Uncontrolled,Others,NH,Bitumen(Tar),Dry,Not Applicable,Fine,NH-4 TUMAKUR ROAD NEAR VENKATESHWAR BAKERY,FLY OVER PILLER,14FEET,0.0,0.0
Bengaluru City,Peenya Traffic PS,1.04432e+16,2021,1,3,Road Accidents,Narrow road,City/Town,Residential area,Human Error,Yes,Grievous Injury,Vehicle to Vehicle,Uncontrolled,Others,Residential Street,Bitumen(Tar),Dry,Not Applicable,Fine,SIDEDAHALLI MAIN ROAD NEAR PUNAM JUVELARS,ELECTRIC POLE,30FEET,0.0,0.0
Bengaluru City,Peenya Traffic PS,1.04432e+16,2021,1,2,Road Accidents,Narrow road,City/Town,Open area,Not Applicable,No,Grievous Injury,Vehicle to Vehicle,Uncontrolled,Straight and flat,Others,Bitumen(Tar),Dry,Not Applicable,Clear,NELAGADARANAHALLI MAIN ROAD NEAR A J FASION,ELECRICAL POLE,10FEET,13.306661,77.5012051