DISTRICTNAME,UNITNAME,Crime_No,Year,RI,Noofvehicle_involved,Accident_Classification,Accident_Spot,Accident_Location,Accident_SubLocation,Main_Cause,Hit_Run,Severity,Collision_Type,Junction_Control,Road_Character,Road_Type,Surface_Type,Surface_Condition,Road_Condition,Weather,Accident_Road,Landmark_first,Distance_LandMark_First,Latitude,Longitude
Bengaluru City,Peenya Traffic PS,1.04432e+16,2021,1,2,Road Accidents,Junction,City/Town,Near a factory industrial area,Human Error,No,Grievous Injury,Vehicle to Vehicle,No signal lights,Straight and flat,Others,Bitumen(Tar),Dry,Not Applicable,Fine,100 FEET ROAD PEENYA,MAX LIFE COMPANY,50FEET,0.0,0.0
Bengaluru City,Peenya Traffic PS,1.04432e+16,2021,1,2,Road Accidents,Narrow road,City/Town,Near Petrol Pump,Human Error,Yes,Fatal,Vehicle to Vehicle,Not at  Junction,Straight and flat,NH,Bitumen(Tar),Dry,Not Applicable,Fine,NH-4 TUMKUR ROAD SERVICE ROAD,OPP SHELL PETROL BUNK,20MTR,0.0,0.0
Bengaluru City,Peenya Traffic PS,1.04432e+16,2021,1,2,Road Accidents,Narrow road,City/Town,Near a factory industrial area,Human Error,No,Grievous Injury,Vehicle to Vehicle,Not at  Junction,Straight and flat,Others,Bitumen(Tar),Dry,Not Applicable,Fine,PIA 3RD CROSS,OPP RAGHAVENDRA CNATEEN,12FEET,0.0,0.0
Bengaluru City,Peenya Traffic PS,1.04432e+16,2021,1,2,Road Accidents,Junction,City/Town,Open area,Human Error,Yes,Grievous Injury,Vehicle to Vehicle,Signal lights Automatic,Straight and flat,NH,Bitumen(Tar),Dry,Not Applicable,Fine,NH-4 BENGALURU TUMAKUR ROAD,P S JUCNTION,10MTR,0.0,0.0
Bengaluru City,Peenya Traffic PS,1.04432e+16,2021,1,1,Road Accidents,Narrow road,City/Town,Open area,Human Error,No,Grievous Injury,Hit pedestrian,Not at  Junction,Straight and flat,Others,Bitumen(Tar),Dry,Not Applicable,Fine,HEGGANAHALLI MAIN ROAD,OPP JUST BAKE,30FEET,0.0,0.0
Bengaluru City,Peenya Traffic PS,1.04432e+16,2021,1,2,Road Accidents,Junction,City/Town,Open area,Human Error,No,Damage Only,Vehicle to Vehicle,Signal lights Automatic,Dip or trough,NH,Bitumen(Tar),Dry,Not Applicable,Fine,NH-4 BENGALURU TUMAKUR ROAD,P S JUCNTION,10MTR,0.0,0.0
Bengaluru City,Peenya Traffic PS,1.04432e+16,2021,1,1,Road Accidents,Narrow road,City/Town,Open area,Human Error,Yes,Grievous Injury,Hit pedestrian,Uncontrolled,Others,Residential Street,Bitumen(Tar),Dry,Not Applicable,Fine,"PIPE LINE ROAD, MALLASANDRA 2ND MAIN ROAD NEAR SLN PROVISION STORE",ELECTRIC POLE,15FEET,0.0,0.0
Bengaluru City,Peenya Traffic PS,1.04432e+16,2021,1,2,Road Accidents,Junction,City/Town,Residential area,Human Error,No,Simple Injury,Vehicle to Vehicle,Controlled,Others,NH,Bitumen(Tar),Dry,Not Applicable,Fine,NH-4 TUMAKUR NEAR P S JUNCTION,FLY OVER PILLER 37,30FEET,0.0,0.0
Bengaluru City,Peenya Traffic PS,1.04432e+16,2021,1,1,Road Accidents,Narrow road,City/Town,Open area,Human Error,No,Fatal,Not Applicable,Not at  Junction,Straight and flat,NH,Bitumen(Tar),Dry,Not Applicable,Fine,NH-4 BENGALURU TUMAKUR ROAD,OPP PARLE G FACTORY,50MTR,0.0,0.0
Bengaluru City,Peenya Traffic PS,1.04432e+16,2021,1,4,Road Accidents,Narrow road,City/Town,Near a recreation place/cinema,Human Error,No,Simple Injury,Vehicle to Vehicle,Not at  Junction,Straight and flat,NH,Bitumen(Tar),Dry,Not Applicable,Fine,NH-4 BENGALURU TUMKURU ROAD SERVICE ROAD,ROCKLINE MALL,50MTR,0.0,0.0
Bengaluru City,Peenya Traffic PS,1.04432e+16,2021,1,1,Road Accidents,Junction,City/Town,Open area,Human Error,No,Grievous Injury,Hit pedestrian,Signal lights Automatic,Straight and flat,NH,Bitumen(Tar),Dry,Not Applicable,Fine,NH4 BANGALORE TUMKUR ROAD,CHOKKASANDRA JN,10FEET,0.0,0.0
Bengaluru City,Peenya Traffic PS,1.04432e+16,2021,1,2,Road Accidents,Junction,City/Town,Near a factory industrial area,Human Error,Yes,Grievous Injury,Vehicle to Vehicle,Police / Manual,Straight and flat,Others,Bitumen(Tar),Dry,Not Applicable,Fine,CHOKKASANDRA KERE ROAD,DYNAMETIC FACTORY,50MTR,0.0,0.0
Bengaluru City,Peenya Traffic PS,1.04432e+16,2021,1,1,Road Accidents,Narrow road,City/Town,Residential area,Human Error,Yes,Grievous Injury,Hit pedestrian,Not at  Junction,Straight and flat,Others,Bitumen(Tar),Dry,Not Applicable,Fine,GANGONDANAHALLI MAIN ROAD,PRIYADARSHINI PROVISION STORE,40FEET,0.0,0.0
Bengaluru City,Peenya Traffic PS,1.04432e+16,2021,1,1,Road Accidents,Narrow road,City/Town,Open area,Human Error,No,Fatal,Not Applicable,Give way sign,Others,State Highway,Bitumen(Tar),Dry,Not Applicable,Fine,HESARAGHATT MAIN ROAD OPP KRISHNA CAKE PALACE,CENTRE MEADIAN,23FEET,0.0,0.0
Bengaluru City,Peenya Traffic PS,1.04432e+16,2021,1,1,Road Accidents,Not Applicable,City/Town,Open area,Human Error,No,Grievous Injury,Hit pedestrian,Uncontrolled,Others,NH,Bitumen(Tar),Dry,Not Applicable,Fine,NH-4 TUMAKUR ROAD OPP WIDIA FACTORY,ELECTRIC POLE,30FEET,0.0,0.0
Bengaluru City,Peenya Traffic PS,1.04432e+16,2021,1,1,Road Accidents,Junction,City/Town,Open area,Human Error,No,Grievous Injury,Hit pedestrian,Controlled,Others,NH,Bitumen(Tar),Dry,Not Applicable,Fine,NH-4 TUMAKUR ROAD NEAR JALAHALLI CROSS JUCTION,FLY OVER PILLAR NO 49E,10FEET,13.039624,77.518892
Bengaluru City,Peenya Traffic PS,1.04432e+16,2021,1,1,Road Accidents,Not Applicable,City/Town,Residential area,Human Error,No,Fatal,Hit pedestrian,Uncontrolled,Others,NH,Bitumen(Tar),Dry,Not Applicable,Fine,NH-4 TUMAKUR ROAD NEAR ABD FACTORY,TREE,8FEET,13.0360957,77.5212217
Bengaluru City,Peenya Traffic PS,1.04432e+16,2021,1,2,Road Accidents,Not Applicable,City/Town,Residential area,Human Error,No,Grievous Injury,Vehicle to Vehicle,Uncontrolled,Others,Residential Street,Bitumen(Tar),Dry,Not Applicable,Others,NELADARANAHALLI MAIN ROAD NEAR OM TIMBERS,ELECRICAL POLE,40FEET,0.0,0.0
Bengaluru City,Peenya Traffic PS,1.04432e+16,2021,1,2,Road Accidents,Narrow road,City/Town,Open area,Not Applicable,Yes,Grievous Injury,Vehicle to Vehicle,Not Applicable,Not Applicable,NH,Bitumen(Tar),Dry,Not Applicable,Clear,PEENY AFLY OVER,ELECTRIC POLE,28FEET,0.0,0.0
Bengaluru City,Peenya Traffic PS,1.04432e+16,2021,1,2,Road Accidents,Narrow road,City/Town,Near Petrol Pump,Human Error,Yes,Fatal,Vehicle to Vehicle,Not at  Junction,Straight and flat,NH,Bitumen(Tar),Dry,Not Applicable,Fine,NH-4 BENGALURU TUMKAKURU SERVICE ROAD,SWATHI PETROLE BUNK,50MTR,0.0,0.0
Bengaluru City,Peenya Traffic PS,1.04432e+16,2021,1,2,Road Accidents,Narrow road,City/Town,Residential area,Human Error,Yes,Grievous Injury,Vehicle to Vehicle,Not at  Junction,Straight and flat,Others,Bitumen(Tar),Dry,Not Applicable,Fine,80FEET HIGH TENSION LINE ROAD,IYENGAR BEKARY,30MTR,0.0,0.0
Bengaluru City,Peenya Traffic PS,1.04432e+16,2021,1,1,Road Accidents,Narrow road,City/Town,Near a factory industrial area,Human Error,No,Grievous Injury,Hit pedestrian,Not at  Junction,Straight and flat,Others,Bitumen(Tar),Dry,Not Applicable,Fine,PEENYA 2ND STAGE 3RD MAIN,OPP MANOLI PSI HYDRUALICS PVT LTD,30FEET,0.0,0.0
Bengaluru City,Peenya Traffic PS,1.04432e+16,2021,1,2,Road Accidents,Junction,City/Town,Open area,Human Error,Yes,Simple Injury,Vehicle to Vehicle,Signal lights Automatic,Dip or trough,NH,Bitumen(Tar),Dry,Not Applicable,Fine,NH4 TUMKUR ROAD,PEENYA POLICE STATION JN,20MTR,0.0,0.0
Bengaluru City,Peenya Traffic PS,1.04432e+16,2021,1,1,Road Accidents,Narrow road,City/Town,Residential area,Human Error,No,Grievous Injury,Hit pedestrian,Not at  Junction,Straight and flat,NH,Bitumen(Tar),Dry,Not Applicable,Fine,NH 4 TUMKUR ROAD SERVICE ROAD,NEAR SKYWALK,10MTR,0.0,0.0
Bengaluru City,Peenya Traffic PS,1.04432e+16,2021,1,2,Road Accidents,Not Applicable,City/Town,Residential area,Human Error,No,Grievous Injury,Vehicle to Vehicle,Give way sign,Others,Residential Street,Bitumen(Tar),Dry,Not Applicable,Others,TVS CROSS JUNCTION,TREE,57FEET,13.284052,77.5200138
Bengaluru City,Peenya Traffic PS,1.04432e+16,2021,1,1,Road Accidents,Junction,City/Town,Residential area,Human Error,No,Grievous Injury,Not Applicable,Uncontrolled,Others,NH,Bitumen(Tar),Dry,Not Applicable,Fine,NH-4 TUMAKUR ROAD NEAR DEEP U TURNA,FLY OVER PILLER,30FEET,0.0,0.0
Bengaluru City,Peenya Traffic PS,1.04432e+16,2021,1,1,Road Accidents,Not Applicable,City/Town,Residential area,Human Error,No,Fatal,Hit bicyclist,Controlled,Others,Residential Street,Bitumen(Tar),Dry,Not Applicable,Fine,RAJAGOPAL NAGAR MAIN ROAD NEAR VARALAKSHMI TEX TILE,TREE,15FEET,13.0187504,77.5154578
Bengaluru City,Peenya Traffic PS,1.04432e+16,2021,1,2,Road Accidents,Narrow road,City/Town,Near a factory industrial area,Human Error,No,Simple Injury,Vehicle to Vehicle,Not at  Junction,Straight and flat,Others,Bitumen(Tar),Dry,Not Applicable,Fine,NARAYANAPURA MAIN ROAD,OPP AUMA INDIA PVT LTD,30FEET,0.0,0.0
Bengaluru City,Peenya Traffic PS,1.04432e+16,2021,1,2,Road Accidents,Narrow road,City/Town,Open area,Human Error,No,Damage Only,Vehicle to Vehicle,Not at  Junction,Straight and flat,NH,Concrete,Dry,Not Applicable,Fine,NH-4 BENGALURU TUMAKUR ROAD,TOLL NO 4,5FEET,0.0,0.0
Bengaluru City,Peenya Traffic PS,1.04432e+16,2021,1,2,Road Accidents,Narrow road,City/Town,Narrow bridge or culverts,Human Error,Yes,Grievous Injury,Vehicle to Vehicle,Not at  Junction,Straight and flat,NH,Bitumen(Tar),Dry,Not Applicable,Fine,NH-4 BENGALURU TUMAKUR FLY OVER ROAD,OPP PEENYA INDUSTRY METRO,40MTR,0.0,0.0
Bengaluru City,Peenya Traffic PS,1.04432e+16,2021,1,2,Not Applicable,Narrow road,City/Town,Residential area,Human Error,Yes,Simple Injury,Vehicle to Vehicle,Not Applicable,Not Applicable,Residential Street,Not Applicable,Not Applicable,Not Applicable,Clear,"PIPE LINE ROAD T DASARAHALLI, NEAR INDIRA CANTIN",PIPE LINE ROAD,3MTR,0.0,0.0
Bengaluru City,Peenya Traffic PS,1.04432e+16,2021,1,2,Road Accidents,Narrow road,City/Town,Open area,Human Error,No,Simple Injury,Vehicle to Vehicle,Uncontrolled,Others,NH,Bitumen(Tar),Dry,Not Applicable,Fine,NH-4 TUMAKUR FLY OVER ROAD NEAR SRS JUNCTION,FLY OVER PILLER NO 11,13FEET,0.0,0.0
Bengaluru City,Peenya Traffic PS,1.04432e+16,2021,1,2,Road Accidents,Narrow road,City/Town,Residential area,Human Error,No,Simple Injury,Vehicle to Vehicle,Uncontrolled,Others,Residential Street,Bitumen(Tar),Dry,Not Applicable,Fine,MUNIKONDAPPA LAYOUT 2ND CROSS ROAD JUNCTION,ELECTRIC POLE,15FEET,0.0,0.0
Bengaluru City,Peenya Traffic PS,1.04432e+16,2021,1,2,Road Accidents,Narrow road,City/Town,Residential area,Human Error,Yes,Grievous Injury,Vehicle to Vehicle,Uncontrolled,Others,Residential Street,Bitumen(Tar),Dry,Not Applicable,Fine,THIPPENAHALLI CHIKKABIDARAKALLU MAIN ROAD OPP SLL STEEL AND TRADERS,ELECRICAL POLE,25FEET,0.0,0.0
Bengaluru City,Peenya Traffic PS,1.04432e+16,2021,1,2,Road Accidents,Offset,City/Town,Residential area,Human Error,No,Grievous Injury,Vehicle to Vehicle,Uncontrolled,Others,Residential Street,Bitumen(Tar),Dry,Not Applicable,Fine,NARAYANAPURA MAIN ROAD NEAR SBI BANK,ELECRICAL POLE,40FEET,0.0,0.0
Bengaluru City,Peenya Traffic PS,1.04432e+16,2021,1,2,Road Accidents,Narrow road,City/Town,Open area,Human Error,No,Simple Injury,Vehicle to Vehicle,Not at  Junction,Straight and flat,NH,Bitumen(Tar),Dry,Not Applicable,Fine,NH-4 BENGALURU TUMAKUR ROAD,OPP PARLE G FACTORY,50MTR,0.0,0.0
Bengaluru City,Peenya Traffic PS,1.04432e+16,2021,1,2,Road Accidents,Junction,City/Town,Residential area,Human Error,No,Grievous Injury,Vehicle to Vehicle,Uncontrolled,Curve,NH,Bitumen(Tar),Dry,Not Applicable,Fine,VINAYAK NAGAR MAIN ROAD,NEAR BENAKA ENTERPRISES,30FEET,0.0,0.0
Bengaluru City,Peenya Traffic PS,1.04432e+16,2021,1,1,Road Accidents,Junction,City/Town,Open area,Human Error,No,Simple Injury,Hit pedestrian,Uncontrolled,Curve,Others,Bitumen(Tar),Dry,Not Applicable,Fine,CHOKKASANDRA LAKE ROAD,OPP MANDARATHI TEA STALL,10FEET,0.0,0.0
Bengaluru City,Peenya Traffic PS,1.04432e+16,2021,1,1,Road Accidents,Junction,City/Town,Open area,Human Error,No,Damage Only,Not Applicable,Signal lights Automatic,Dip or trough,NH,Bitumen(Tar),Dry,Not Applicable,Fine,NH-4 BENGALURU TUMAKUR ROAD,PEENYA POLICE STATION JN,10MTR,0.0,0.0
Bengaluru City,Peenya Traffic PS,1.04432e+16,2021,1,2,Road Accidents,Junction,City/Town,Near Bus stop,Human Error,No,Grievous Injury,Vehicle to Vehicle,Signal lights Automatic,Straight and flat,Others,Bitumen(Tar),Dry,Not Applicable,Fine,PEENYA 100 FEET ROAD,TVS CROSS,10MTR,0.0,0.0
Bengaluru City,Peenya Traffic PS,1.04432e+16,2021,1,2,Road Accidents,Not Applicable,City/Town,Residential area,Human Error,No,Grievous Injury,Vehicle to Vehicle,Controlled,Others,Residential Street,Bitumen(Tar),Dry,Not Applicable,Fine,NEAR ETRAC INDIA PVT LTD OPP PIA,ELECRICAL POLE,20FEET,0.0,0.0
Bengaluru City,Peenya Traffic PS,1.04432e+16,2021,1,2,Road Accidents,Not Applicable,City/Town,Residential area,Human Error,No,Grievous Injury,Vehicle to Vehicle,Uncontrolled,Not Applicable,NH,Bitumen(Tar),Dry,Not Applicable,Fine,NH-4 TUMAKUR ROAD NEAR 8TH MILE JUNCTION,FLY OVER PILLER NO 92,20FEET,0.0,0.0
Bengaluru City,Peenya Traffic PS,1.04432e+16,2021,1,1,Road Accidents,Not Applicable,City/Town,Open area,Not Applicable,No,Grievous Injury,Hit pedestrian,Uncontrolled,Not Applicable,Others,Bitumen(Tar),Dry,Not Applicable,Clear,SIDEDHAHALLI MAIN ROAD,NEAR HDFC BANK,30FEET,13.062409,77.4981472
Bengaluru City,Peenya Traffic PS,1.04432e+16,2021,1,2,Road Accidents,Narrow road,City/Town,Open area,Not Applicable,No,Fatal,Vehicle to Vehicle,Uncontrolled,Straight and flat,Others,Bitumen(Tar),Not Applicable,Not Applicable,Clear,SIDEDAHALLI MAIN ROAD,ELECRICAL POLE,12FEET,0.0,0.0
Bengaluru City,Peenya Traffic PS,1.04432e+16,2021,1,2,Road Accidents,Narrow road,City/Town,Near a factory industrial area,Human Error,Yes,Fatal,Vehicle to Vehicle,Not at  Junction,Straight and flat,NH,Bitumen(Tar),Dry,No influence on accident,Fine,NH-4 BENGALURU TUMKURU SERVICE ROAD,NEAR WIDIA FACTORY,20MTR,13.0488446,77.4972623
Bengaluru City,Peenya Traffic PS,1.04432e+16,2021,1,1,Road Accidents,Narrow road,City/Town,Residential area,Human Error,No,Grievous Injury,Hit pedestrian,Not at  Junction,Dip or trough,Others,Bitumen(Tar),Dry,Not Applicable,Fine,MUNESHWARANAGARA 6TH CROSS,OPP HOUSE NO 25,20FEET,12.99922167,77.51033333
Bengaluru City,Peenya Traffic PS,1.04432e+16,2021,1,2,Road Accidents,Junction,City/Town,Open area,Human Error,No,Grievous Injury,Vehicle to Vehicle,No signal lights,Straight and flat,Others,Bitumen(Tar),Dry,Not Applicable,Fine,NELAGADRANAHALLI ROAD,OPP KESHAVA MOTORS,18FEET,0.0,0.0
Bengaluru City,Peenya Traffic PS,1.04432e+16,2021,1,2,Road Accidents,Narrow road,City/Town,Near a factory industrial area,Human Error,No,Fatal,Vehicle to Vehicle,Not at  Junction,Gentle Incline or Climb,Others,Bitumen(Tar),Dry,Not Applicable,Fine,10th main Peenya 3rd Phase,OPP YAJMAN AUTOMATION TECNOLOGIES,10FEET,0.0,0.0
Bengaluru City,Peenya Traffic PS,1.04432e+16,2021,1,2,Road Accidents,Narrow road,City/Town,Open area,Human Error,Yes,Grievous Injury,Vehicle to Vehicle,Not at  Junction,Straight and flat,Others,Bitumen(Tar),Dry,Not Applicable,Fine,CHOKKASANDRA LAKE ROAD,OPP REVATHI BAR,20FEET,0.0,0.0
Bengaluru City,Peenya Traffic PS,1.04432e+16,2021,1,2,Road Accidents,Junction,City/Town,Open area,Human Error,Yes,Grievous Injury,Vehicle to Vehicle,Signal lights Automatic,Straight and flat,NH,Bitumen(Tar),Dry,Not Applicable,Fine,NH-4 TUMKUR ROAD,SRS JUNCTION,10MTR,0.0,0.0
Bengaluru City,Peenya Traffic PS,1.04432e+16,2021,1,2,Road Accidents,Not Applicable,City/Town,Near office complex,Human Error,Yes,Fatal,Hit pedestrian,Uncontrolled,Not Applicable,NH,Bitumen(Tar),Dry,Not Applicable,Fine,NH-4 TUMAKUR ROAD NEAR T DASARAHALLI METRO STATION,FLY OVER PILLER,22 FEE,0.0,0.0
Bengaluru City,Peenya Traffic PS,1.04432e+16,2021,1,2,Road Accidents,Narrow road,City/Town,Open area,Human Error,No,Simple Injury,Vehicle to Vehicle,Uncontrolled,Others,NH,Bitumen(Tar),Dry,Not Applicable,Fine,NH-4 FLY OVER ROAD NEAR SHELL PETROL BUNK,ELECRICAL POLE,21FEET,0.0,0.0
Bengaluru City,Peenya Traffic PS,1.04432e+16,2021,1,2,Road Accidents,Not Applicable,City/Town,Open area,Human Error,No,Fatal,Vehicle to Vehicle,Uncontrolled,Others,Residential Street,Bitumen(Tar),Dry,Not Applicable,Fine,"HMT LAYOUT, 1ST MAIN ROAD NEAR SVV SHCOOL",ELECRICAL POLE,25FEET,0.0,0.0
Bengaluru City,Peenya Traffic PS,1.04432e+16,2021,1,2,Road Accidents,Junction,City/Town,Open area,Not Applicable,No,Damage Only,Vehicle to Vehicle,Controlled,Not Applicable,Others,Bitumen(Tar),Dry,Not Applicable,Clear,100 feet road,SBM TRAFFIC SIGNAL,30FEET,0.0,0.0
Bengaluru City,Peenya Traffic PS,1.04432e+16,2021,1,1,Road Accidents,Not Applicable,City/Town,Residential area,Human Error,No,Damage Only,Not Applicable,Controlled,Others,Residential Street,Bitumen(Tar),Dry,Not Applicable,Fine,NEAR VRL LOGISTIC OFFICE PIA,TREE,20FEET,0.0,0.0
Bengaluru City,Peenya Traffic PS,1.04432e+16,2021,1,1,Road Accidents,Narrow road,City/Town,Open area,Human Error,No,Grievous Injury,Hit pedestrian,Not at  Junction,Straight and flat,Others,Bitumen(Tar),Dry,Not Applicable,Fine,HEGGANAHALLI MAIN ROAD DAIRY BUS STOP,OPP PAVAN GIFT CENTRE,20FEET,0.0,0.0
Bengaluru City,Peenya Traffic PS,1.04432e+16,2021,1,2,Road Accidents,Narrow road,City/Town,Open area,Human Error,No,Damage Only,Vehicle to Vehicle,Not at  Junction,Straight and flat,NH,Bitumen(Tar),Dry,Not Applicable,Fine,NH-4 BENGALURU TUMAKUR ROAD,NEAR JALAHALLI CROSS JN,20MTR,0.0,0.0
Bengaluru City,Peenya Traffic PS,1.04432e+16,2021,1,2,Road Accidents,Junction,City/Town,Open area,Human Error,No,Simple Injury,Vehicle to Vehicle,No signal lights,Straight and flat,NH,Bitumen(Tar),Dry,Not Applicable,Fine,NH-4 TUMKURU ROAD,DEEPK U TURN,10FEET,13.04644595,77.50330466
Bengaluru City,Peenya Traffic PS,1.04432e+16,2021,1,2,Road Accidents,Not Applicable,City/Town,Open area,Human Error,No,Fatal,Vehicle to Vehicle,Give way sign,Others,NH,Bitumen(Tar),Dry,Not Applicable,Fine,NH-4 TUMAKUR ROAD NEAR PEENYA METRO STATION,CENTRE MEADIAN,27FEET,0.0,0.0
Bengaluru City,Peenya Traffic PS,1.04432e+16,2021,1,2,Road Accidents,Narrow road,City/Town,Residential area,Human Error,No,Damage Only,Vehicle to Vehicle,Controlled,Others,NH,Bitumen(Tar),Dry,Not Applicable,Fine,"NH-4 TUMAKUR ROAD, NAVAYUG TOLL",TOLL,30FEET,0.0,0.0
Bengaluru City,Peenya Traffic PS,1.04432e+16,2021,1,2,Road Accidents,Narrow road,City/Town,Open area,Human Error,Yes,Fatal,Vehicle to Vehicle,Uncontrolled,Not Applicable,NH,Bitumen(Tar),Dry,Not Applicable,Fine,NH-4 PEENY FLY OVER ROAD OPP NAGASANDRA METRO STATION,ELECRICAL POLE,6FEET,0.0,0.0
Bengaluru City,Peenya Traffic PS,1.04432e+16,2021,1,2,Road Accidents,Junction,City/Town,Open area,Human Error,Yes,Grievous Injury,Vehicle to Vehicle,Uncontrolled,Straight and flat,Others,Bitumen(Tar),Dry,Not Applicable,Fine,HESARAGATTA MAIN ROAD,OPP DOMINOS PIZZA,30FEET,0.0,0.0
Bengaluru City,Peenya Traffic PS,1.04432e+16,2021,1,2,Road Accidents,Junction,City/Town,Open area,Human Error,No,Grievous Injury,Vehicle to Vehicle,Signal lights Automatic,Straight and flat,NH,Bitumen(Tar),Dry,Not Applicable,Fine,NH4 BANGALORE TUMKUR ROAD,CHOKKASANDRA JN,20MTR,0.0,0.0
Bengaluru City,Peenya Traffic PS,1.04432e+16,2021,1,1,Road Accidents,Narrow road,City/Town,Residential area,Human Error,No,Fatal,Hit pedestrian,Not at  Junction,Dip or trough,Others,Bitumen(Tar),Dry,Not Applicable,Fine,MALLASANDRA AND SHETTIHALLI MAIN ROAD,OPP ANGEL BEAUTY PARLOR,10MTR,13.059037,77.511266
Bengaluru City,Peenya Traffic PS,1.04432e+16,2021,1,2,Road Accidents,Narrow road,City/Town,Near Bus stop,Human Error,No,Grievous Injury,Vehicle to Vehicle,Not at  Junction,Straight and flat,NH,Bitumen(Tar),Dry,Not Applicable,Fine,NH-4 TUMAKURU BENGALURU SERVICE ROAD,DEEPAK BUS STOP,20FEET,0.0,0.0
Bengaluru City,Peenya Traffic PS,1.04432e+16,2021,1,2,Road Accidents,Junction,City/Town,Open area,Human Error,No,Simple Injury,Vehicle to Vehicle,Signal lights Automatic,Straight and flat,NH,Bitumen(Tar),Dry,Not Applicable,Fine,NH-4 BENGALURU TUMAKUR ROAD,GREEN PARK BAR,30FEET,0.0,0.0
Bengaluru City,Peenya Traffic PS,1.04432e+16,2021,1,2,Road Accidents,Circle,City/Town,Residential area,Human Error,No,Simple Injury,Vehicle to Vehicle,Uncontrolled,Others,Residential Street,Bitumen(Tar),Dry,Not Applicable,Fine,PEENYA 2ND STAGE MAIN ROAD NEAR PEENYA 14 TH CROSS,ELECTRIC POLE,30FEET,13.0152149,77.5077319
Bengaluru City,Peenya Traffic PS,1.04432e+16,2021,1,2,Road Accidents,Junction,City/Town,Residential area,Human Error,No,Grievous Injury,Vehicle to Vehicle,Uncontrolled,Others,Residential Street,Bitumen(Tar),Dry,Not Applicable,Others,"PEENYA 2ND STAGE, 2ND MAIN ROAD NEAR B K TECHNOLOGIES",TREEE,40FEET,0.0,0.0
Bengaluru City,Peenya Traffic PS,1.04432e+16,2021,1,2,Road Accidents,Narrow road,City/Town,Open area,Human Error,No,Grievous Injury,Vehicle to Vehicle,Not at  Junction,Straight and flat,Others,Bitumen(Tar),Dry,Not Applicable,Fine,GANGONDANAHALLI MAIN ROAD,NEAR THIPPENHALLI CROSS,50MTR,0.0,0.0
Bengaluru City,Peenya Traffic PS,1.04432e+16,2021,1,2,Road Accidents,Narrow road,City/Town,Near a factory industrial area,Human Error,No,Grievous Injury,Vehicle to Vehicle,Not at  Junction,Straight and flat,Others,Bitumen(Tar),Dry,Not Applicable,Fine,ANDRAHALLI MAIN ROAD,OPP SAI GARMENTS,20FEET,0.0,0.0
Bengaluru City,Peenya Traffic PS,1.04432e+16,2021,1,2,Road Accidents,Offset,City/Town,Open area,Human Error,No,Grievous Injury,Vehicle to Vehicle,Uncontrolled,Others,NH,Bitumen(Tar),Dry,Not Applicable,Fine,NH-4 TUMAKUR ROAD NEAR WIDIA FACTORY,CENTRE MEADIAN,27FEET,0.0,0.0
Bengaluru City,Peenya Traffic PS,1.04432e+16,2021,1,2,Road Accidents,Not Applicable,Rural Areas,Open area,Human Error,Yes,Simple Injury,Vehicle to Vehicle,Uncontrolled,Others,NH,Bitumen(Tar),Dry,Not Applicable,Fine,NH-4 TUMAKUR PEENYA FLY OVER ROAD NEAR 8TH MILE JUNCTION,ELECRICAL POLE,25FEET,13.042009,77.519747
Bengaluru City,Peenya Traffic PS,1.04432e+16,2021,1,2,Road Accidents,Not Applicable,City/Town,Open area,Human Error,No,Grievous Injury,Vehicle to Vehicle,Uncontrolled,Others,Residential Street,Bitumen(Tar),Dry,Not Applicable,Fine,SM ROAD NEAR THRIVENI PETROL BUNK,POOTH FATH,25FEET,0.0,0.0
Bengaluru City,Peenya Traffic PS,1.04432e+16,2021,1,1,Road Accidents,Junction,City/Town,Residential area,Human Error,Yes,Grievous Injury,Not Applicable,Uncontrolled,Hump,Residential Street,Bitumen(Tar),Dry,Not Applicable,Fine,PIA 2 ND PACE 1 ST MAIN,PUTPATH,5 FEET,0.0,0.0
Bengaluru City,Peenya Traffic PS,1.04432e+16,2021,1,1,Road Accidents,Narrow road,City/Town,Open area,Not Applicable,Yes,Simple Injury,Hit pedestrian,Uncontrolled,Not Applicable,Others,Bitumen(Tar),Dry,Not Applicable,Clear,PEENYA INDUSTRIAL MAIN ROAD,VIJAYA ROLLING MILL,20 FEE,0.0,0.0
Bengaluru City,Peenya Traffic PS,1.04432e+16,2021,1,1,Road Accidents,Junction,City/Town,Near Bus stop,Human Error,No,Grievous Injury,Hit pedestrian,Signal lights Automatic,Straight and flat,NH,Bitumen(Tar),Dry,Not Applicable,Fine,NH4 BANGALORE TUMKUR ROAD,SHASHI PAPER SHOP,10FEET,0.0,0.0
Bengaluru City,Peenya Traffic PS,1.04432e+16,2021,1,1,Road Accidents,Narrow road,City/Town,Near Bus stop,Human Error,Yes,Fatal,Hit pedestrian,Not at  Junction,Others,NH,Kutcha,Dry,Construction Work / Material,Fine,NH-4 TUMKUR ROAD SERVICE ROAD,BEHIND DEEPAK  BUS STAND,5FEET,0.0,0.0
Bengaluru City,Peenya Traffic PS,1.04432e+16,2021,1,2,Road Accidents,Narrow road,City/Town,Open area,Human Error,No,Grievous Injury,Vehicle to Vehicle,Not at  Junction,Straight and flat,Others,Bitumen(Tar),Dry,Not Applicable,Fine,SIDEDAHALLI MAIN ROAD,OPP SITE NO 757,50FEET,0.0,0.0
Bengaluru City,Peenya Traffic PS,1.04432e+16,2021,1,2,Road Accidents,Narrow road,City/Town,Open area,Human Error,No,Grievous Injury,Vehicle to Vehicle,Not at  Junction,Straight and flat,NH,Bitumen(Tar),Dry,Not Applicable,Fine,NH-4 TUMKUR SERVICE ROAD,OPP PAREK TIMBERS,40FEET,0.0,0.0
Bengaluru City,Peenya Traffic PS,1.04432e+16,2021,1,2,Road Accidents,Junction,City/Town,Near a factory industrial area,Human Error,Yes,Grievous Injury,Vehicle to Vehicle,Uncontrolled,Straight and flat,Others,Bitumen(Tar),Dry,Not Applicable,Fine,6TH CROSS PEENYA 1ST STAGE,OPP SUMAN STEELS,30FEET,13.032169,77.519356
Bengaluru City,Peenya Traffic PS,1.04432e+16,2021,1,2,Road Accidents,Not Applicable,City/Town,Residential area,Human Error,No,Grievous Injury,Vehicle to Vehicle,Controlled,Curve,Residential Street,Bitumen(Tar),Dry,Not Applicable,Fine,NELAGADARANAHALLI MAIN ROAD NEAR NAGASANDRA JUNCTION,ELECRICAL POLE,15FEET,0.0,0.0
Bengaluru City,Peenya Traffic PS,1.04432e+16,2021,1,1,Road Accidents,Not Applicable,City/Town,Open area,Human Error,Yes,Fatal,Hit pedestrian,Controlled,Others,NH,Bitumen(Tar),Dry,Not Applicable,Fine,NH-4 ROAD NEAR CHOKKASANDRA JUNCTION,ELECRICAL POLE,8FEET,13.042356,77.514392
Bengaluru City,Peenya Traffic PS,1.04432e+16,2021,1,2,Road Accidents,Narrow road,City/Town,Residential area,Human Error,Yes,Grievous Injury,Vehicle to Vehicle,Uncontrolled,Others,Residential Street,Bitumen(Tar),Dry,Not Applicable,Fine,THIGALARAPALYA MAIN ROAD NEAR HANUMAN KOTARS FACTORY,ELECTRIC POLE,25FEET,13.013556,77.499641
Bengaluru City,Peenya Traffic PS,1.04432e+16,2021,1,2,Road Accidents,Not Applicable,City/Town,Open area,Human Error,No,Damage Only,Vehicle to Vehicle,Controlled,Not Applicable,NH,Bitumen(Tar),Dry,Not Applicable,Fine,NH-4 TUMAKUR ROAD NEAR JALAHALLI CROSS JUNCTION,FLY OVER PILLER NO 50,16FEET,0.0,0.0