DISTRICTNAME,UNITNAME,Crime_No,Year,RI,Noofvehicle_involved,Accident_Classification,Accident_Spot,Accident_Location,Accident_SubLocation,Main_Cause,Hit_Run,Severity,Collision_Type,Junction_Control,Road_Character,Road_Type,Surface_Type,Surface_Condition,Road_Condition,Weather,Accident_Road,Landmark_first,Distance_LandMark_First,Latitude,Longitude
Bengaluru City,Peenya Traffic PS,1.04432e+16,2022,1,2,Road Accidents,Junction,City/Town,Open area,Not Applicable,No,Grievous Injury,Vehicle to Vehicle,Uncontrolled,Straight and flat,Others,Bitumen(Tar),Dry,Not Applicable,Clear,peenya 2 nd stage 3 rd main road and 2 nd cross road,ELECRICAL POLE,19 fee,13.013681,77.505766
Bengaluru City,Peenya Traffic PS,1.04432e+16,2022,1,1,Road Accidents,Not Applicable,City/Town,Near Hospital,Human Error,Yes,Grievous Injury,Hit pedestrian,Not at  Junction,Straight and flat,Arterial,Bitumen(Tar),Dry,No influence on accident,Clear,HESARAGATTA MAIN ROAD,OPP RELIANCE MAALL,30 FEE,13.048465,77.507741
Bengaluru City,Peenya Traffic PS,1.04432e+16,2022,1,2,Road Accidents,Junction,City/Town,Near a factory industrial area,Human Error,No,Simple Injury,Vehicle to Vehicle,Signal lights Automatic,Others,NH,Bitumen(Tar),Dry,Not Applicable,Fine,NH-4 TUMAKUR BANGALORE FLY OVER  NEAR 8 TH MILE JUNCTION,SRS JUCTION,16FEET,13.0347,77.529
Bengaluru City,Peenya Traffic PS,1.04432e+16,2022,1,1,Road Accidents,Narrow road,City/Town,Residential area,Human Error,Yes,Fatal,Hit pedestrian,Uncontrolled,Incline,Residential Street,Bitumen(Tar),Dry,Not Applicable,Fine,"PIA, PEENYA 4TH PHASE, 4TH MAIN ROAD NEAR R R POLJING FACTORY",ELECRICAL POLE,31FEET,0.0,0.0
Bengaluru City,Peenya Traffic PS,1.04432e+16,2022,1,1,Road Accidents,Junction,City/Town,Open area,Not Applicable,Yes,Fatal,Hit pedestrian,Signal lights Automatic,Straight and flat,NH,Bitumen(Tar),Dry,Not Applicable,Clear,NH4 BANGALORE TUMKUR ROAD,FLY OFVER PILLOR NO 49,13,13.039887,77.51843
Bengaluru City,Peenya Traffic PS,1.04432e+16,2022,1,2,Road Accidents,Not Applicable,City/Town,Residential area,Human Error,No,Damage Only,Vehicle to Vehicle,Controlled,Others,NH,Bitumen(Tar),Dry,Not Applicable,Fine,NH-4 TUMAKUR ROAD NEAR JALAHALLI CROSS JUNCTION,FLY OVER PILLAR NO 50,23FEET,13.039915,77.518444
Bengaluru City,Peenya Traffic PS,1.04432e+16,2022,1,2,Road Accidents,Junction,City/Town,Open area,Not Applicable,No,Fatal,Vehicle to Vehicle,Uncontrolled,Straight and flat,Others,Bitumen(Tar),Dry,Not Applicable,Clear,PIPELINE ROAD,CENTRE MEADIAN,8 FEET,0.0,0.0
Bengaluru City,Peenya Traffic PS,1.04432e+16,2022,1,2,Road Accidents,Junction,City/Town,Residential area,Not Applicable,No,Simple Injury,Vehicle to Vehicle,Uncontrolled,Straight and flat,State Highway,Bitumen(Tar),Dry,Not Applicable,Fine,HESARAGHATTA MAIN ROAD OPP VIJAYASHRI SCHOOL,OPP VIJAYASHRI SCHOOL,100 MT,0.0,0.0
Bengaluru City,Peenya Traffic PS,1.04432e+16,2022,1,1,Road Accidents,Not Applicable,City/Town,Open area,Human Error,No,Grievous Injury,Hit pedestrian,Uncontrolled,Straight and flat,Sub Arterial,Bitumen(Tar),Dry,Not Applicable,Cloudy,HESARAGHATTA MAIN ROAD NEAR BANK OF INDIA,NEAR BANK OF INDIA,20 MT,0.0,0.0
Bengaluru City,Peenya Traffic PS,1.04432e+16,2022,1,1,Road Accidents,Narrow road,City/Town,Open area,Not Applicable,Not Applicable,Fatal,Not Applicable,Uncontrolled,Straight and flat,NH,Bitumen(Tar),Not Applicable,Not Applicable,Clear,NH 4 PEENYA FLYOVER ROAD NEAR PEENYA PS JUNCTION,ELECRICAL POLE,15 FEE,13.038014,77.521862
Bengaluru City,Peenya Traffic PS,1.04432e+16,2022,1,1,Road Accidents,Junction,City/Town,Near Bus stop,Human Error,No,Simple Injury,Hit pedestrian,Signal lights Automatic,Straight and flat,State Highway,Bitumen(Tar),Dry,No influence on accident,Clear,HESARAGHATTA MAIN ROAD NEAR BAGALAGUNTE JUNCTION,BAGALAGUNTE JUNCTION,10,13.05692,77.507282
Bengaluru City,Peenya Traffic PS,1.04432e+16,2022,1,1,Road Accidents,Narrow road,City/Town,Near Bus stop,Human Error,No,Grievous Injury,Not Applicable,No signal lights,Curve,Two way,Bitumen(Tar),Dry,Not Applicable,Fine,MARKS CENETIC ELIVETER PVT LTD 14 TH CROSS,ELETRICLE POLE,40FEET,13.0176454,77.50329336
Bengaluru City,Peenya Traffic PS,1.04432e+16,2022,1,2,Road Accidents,Not Applicable,City/Town,Residential area,Human Error,Yes,Simple Injury,Vehicle to Vehicle,Not at  Junction,Straight and flat,Others,Bitumen(Tar),Dry,No influence on accident,Fine,SHETTIHALLI MAIN ROAD,NEAR JUNJAPPA TEMPLE SHETTIHALLI,500 MT,13.060831,77.515548
Bengaluru City,Peenya Traffic PS,1.04432e+16,2022,1,2,Road Accidents,Narrow road,City/Town,Open area,Not Applicable,Yes,Fatal,Vehicle to Vehicle,Uncontrolled,Straight and flat,Others,Bitumen(Tar),Dry,Not Applicable,Light Rain,PEENYA INDUSTRIAL MAIN ROAD,ELECRICAL POLE,39 FEE,13.018013,77.506616
Bengaluru City,Peenya Traffic PS,1.04432e+16,2022,1,1,Road Accidents,Not Applicable,City/Town,Residential area,Human Error,No,Grievous Injury,Vehicle to Vehicle,Uncontrolled,Others,NH,Bitumen(Tar),Dry,Not Applicable,Fine,NH-4 TUMAKUR SERVICE ROAD NEAR SHELL PETROL BUNK,FLY OVER PILLER NO 108A,40FEET,13.04714,77.501499
Bengaluru City,Peenya Traffic PS,1.04432e+16,2022,1,3,Not Applicable,Narrow road,City/Town,Near Hospital,Not Applicable,No,Fatal,Vehicle to Vehicle,Not at  Junction,Others,NH,Bitumen(Tar),Not Applicable,Not Applicable,Fine,NH-4 TUMAKUR ROAD NEAR JALAHALLI CROSS JUCTION,N H 4,10,13.042183,77.515716
Bengaluru City,Peenya Traffic PS,1.04432e+16,2022,1,1,Road Accidents,Narrow road,City/Town,Open area,Vehicle Defect,Yes,Grievous Injury,Hit pedestrian,Uncontrolled,Straight and flat,NH,Bitumen(Tar),Dry,Not Applicable,Clear,bagalagunte main road,ELECRICAL POLE,20 fee,13.056616,77.505123
Bengaluru City,Peenya Traffic PS,1.04432e+16,2022,1,2,Road Accidents,Junction,City/Town,Open area,Human Error,No,Grievous Injury,Vehicle to Vehicle,Signal lights Automatic,Others,NH,Bitumen(Tar),Dry,Not Applicable,Others,8TH MAIL JUCTION,8,2,13.045338,77.507316
Bengaluru City,Peenya Traffic PS,1.04432e+16,2022,1,2,Road Accidents,Junction,City/Town,Open area,Human Error,Yes,Grievous Injury,Vehicle to Vehicle,Controlled,Straight and flat,NH,Bitumen(Tar),Others,Not Applicable,Cloudy,NH-4 TUMAKUR ROAD 8TH MILE JUNCTION,8TH MILE JUNCTION,50 MT,13.04902,77.497218
Bengaluru City,Peenya Traffic PS,1.04432e+16,2022,1,2,Road Accidents,Bottleneck,City/Town,Open area,Human Error,No,Damage Only,Vehicle to Vehicle,Not at  Junction,Straight and flat,NH,Bitumen(Tar),Dry,Not Applicable,Fine,NH4 TUMAKURU ROAD NEAR WEDIA UPPER RAMP PEENYA,NEAR WEDIA UPPER RAMP PEENYA,100,0.0,0.0
Bengaluru City,Peenya Traffic PS,1.04432e+16,2022,1,1,Road Accidents,Bottleneck,City/Town,Open area,Human Error,No,Grievous Injury,Vehicle to Vehicle,No signal lights,Straight and flat,NH,Bitumen(Tar),Dry,Not Applicable,Fine,NH 4 ROAD N PEENYA FLYOVER NEAR DOWN RAMP,NEAR PEENYA FLYOVER DOWNRAMP,50MTR,13.04643,77.503676
Bengaluru City,Peenya Traffic PS,1.04432e+16,2022,1,2,Road Accidents,Narrow road,City/Town,Open area,Not Applicable,No,Damage Only,Vehicle to Vehicle,Uncontrolled,Straight and flat,NH,Bitumen(Tar),Dry,Not Applicable,Clear,PEENYA FLYOVER,ELECRICAL POLE,28FEET,13.042252,77.51476
Bengaluru City,Peenya Traffic PS,1.04432e+16,2022,1,2,Road Accidents,Junction,City/Town,Near Hospital,Human Error,Yes,Grievous Injury,Vehicle to Vehicle,Stop sign,Straight and flat,NH,Bitumen(Tar),Dry,Not Applicable,Fine,"NH-4 TUMKUR ROAD, NEAR 8 TH MILE SIGNAL JUNCTION",FLYOVER PILARNO89,30FEET,13.045067,77.50812
Bengaluru City,Peenya Traffic PS,1.04432e+16,2022,1,3,Road Accidents,Narrow road,City/Town,Open area,Human Error,No,Fatal,Vehicle to Vehicle,Not Applicable,Straight and flat,NH,Surfaced,Dry,Not Applicable,Fine,N H4 TUMKUR SERVICE  ROAD,IN FT OFF R V WINES,50 FT,13.036189,77.525032
Bengaluru City,Peenya Traffic PS,1.04432e+16,2022,1,2,Road Accidents,Not Applicable,City/Town,Near a factory industrial area,Not Applicable,No,Grievous Injury,Vehicle to Vehicle,No signal lights,Straight and flat,NH,Bitumen(Tar),Dry,Not Applicable,Fine,NH 4 ROAD SERVICE ROAD NEAR BHAVANI TIMBERS,NEAR BHAVANI TIMBERS,50 MT,13.04527,77.507316
Bengaluru City,Peenya Traffic PS,1.04432e+16,2022,1,2,Road Accidents,Junction,City/Town,Open area,Human Error,No,Simple Injury,Vehicle to Vehicle,Police / Manual,Straight and flat,NH,Bitumen(Tar),Dry,Not Applicable,Cloudy,NH 4 TUMAKURU ROAD PEENYA PS JUNCTION,PEENYA PS JUNCTION,100 MT,13.037983,77.521933
Bengaluru City,Peenya Traffic PS,1.04432e+16,2022,1,2,Not Applicable,Narrow road,City/Town,Open area,Not Applicable,Yes,Fatal,Vehicle to Vehicle,Uncontrolled,Straight and flat,NH,Bitumen(Tar),Dry,Engineering Defect of Road,Heavy Rain,NH 4 PEENYA FLYOVER ROAD NEAR PEENYA PS JUNCTION,ELECRICAL POLE,26FEET,13.042987,77.512735
Bengaluru City,Peenya Traffic PS,1.04432e+16,2022,1,2,Road Accidents,Junction,City/Town,Open area,Human Error,No,Grievous Injury,Vehicle to Vehicle,No signal lights,Curve,Others,Bitumen(Tar),Dry,Not Applicable,Fine,SHETTI HALLI MAIN ROAD AND MALLASANDR MAIN ROAD JUNCTION,SHETTI HALLI MAIN ROAD AND MALLASANDR MAIN ROAD JUNCTION,100 MT,13.059179,77.520251
Bengaluru City,Peenya Traffic PS,1.04432e+16,2022,1,2,Road Accidents,Narrow road,City/Town,In bazaar,Not Applicable,No,Grievous Injury,Vehicle to Vehicle,Not at  Junction,Straight and flat,Others,Bitumen(Tar),Dry,No influence on accident,Cloudy,S RAMESH ROAD,NEAR AYYAPPA MESS,10MTR,13.04527626,77.5147318
Bengaluru City,Peenya Traffic PS,1.04432e+16,2022,1,2,Road Accidents,Not Applicable,City/Town,Near Hospital,Human Error,Yes,Grievous Injury,Vehicle to Vehicle,Not at  Junction,Straight and flat,NH,Bitumen(Tar),Dry,No influence on accident,Cloudy,NH 4 TUMAKURU ROAD SERVICE ROAD,OPP MARUTHI GRANETS,20 MTR,13.0459152,77.5053608
Bengaluru City,Peenya Traffic PS,1.04432e+16,2022,1,1,Road Accidents,Narrow road,City/Town,Near Hospital,Human Error,Yes,Fatal,Hit pedestrian,Not Applicable,Curve,NH,Bitumen(Tar),Dry,Not Applicable,Clear,8TH MAIL JUCTION,N H 4,15FEET,13.045562,77.506622
Bengaluru City,Peenya Traffic PS,1.04432e+16,2022,1,2,Road Accidents,Curves,City/Town,Open area,Not Applicable,Yes,Grievous Injury,Vehicle to Vehicle,Uncontrolled,Curve,Others,Bitumen(Tar),Dry,Not Applicable,Clear,thigalarapalya main road,ELECRICAL POLE,25FEET,13.013649,77.499571
Bengaluru City,Peenya Traffic PS,1.04432e+16,2022,1,2,Road Accidents,Narrow road,City/Town,Near Hospital,Human Error,No,Grievous Injury,Vehicle to Vehicle,Not Applicable,Curve,Two way,Bitumen(Tar),Dry,Not Applicable,Fine,"NELLAGADARANAHALLI ROAD, NEAR NAGASANDRA JUNCTION",NELAGADARANAHALLI CROSS ROAD,30FEET,13.038461,77.504607
Bengaluru City,Peenya Traffic PS,1.04432e+16,2022,1,2,Road Accidents,Junction,City/Town,Open area,Not Applicable,No,Grievous Injury,Vehicle to Vehicle,Uncontrolled,Straight and flat,NH,Bitumen(Tar),Dry,Not Applicable,Clear,NH 4 ROAD,ELECTRIC POLE,13FEET,13.044923,77.5089166
Bengaluru City,Peenya Traffic PS,1.04432e+16,2022,1,1,Road Accidents,Narrow road,City/Town,Open area,Not Applicable,No,Fatal,Hit pedestrian,Uncontrolled,Not Applicable,NH,Bitumen(Tar),Dry,Not Applicable,Clear,NH 4 TUMKUR ROAD SERVICE ROAD,DEVIDER,06FEET,13.041045,77.517421
Bengaluru City,Peenya Traffic PS,1.04432e+16,2022,1,2,Road Accidents,Junction,City/Town,Near office complex,Human Error,No,Grievous Injury,Vehicle to Vehicle,No signal lights,Straight and flat,Others,Bitumen(Tar),Dry,Not Applicable,Cloudy,14TH CROSS PEENYA 2ND STAGE,NEAR SUB REGISTER OFFICE,100 MT,13.015576,77.506975
Bengaluru City,Peenya Traffic PS,1.04432e+16,2022,1,2,Road Accidents,Narrow road,City/Town,Near a factory industrial area,Human Error,No,Grievous Injury,Vehicle to Vehicle,Signals (Not working),Curve,Sub Arterial,Bitumen(Tar),Dry,Not Applicable,Fine,PEENYA INDUSTRIAL MAIN ROAD,PEENYA POLICE STATION JN,13FEET,13.026872,77.515619
Bengaluru City,Peenya Traffic PS,1.04432e+16,2022,1,2,Road Accidents,Junction,City/Town,Residential area,Not Applicable,Yes,Grievous Injury,Vehicle to Vehicle,Uncontrolled,Curve,Others,Bitumen(Tar),Dry,Not Applicable,Fine,HESARAGHATTA MAIN ROAD OPP HIMADRI HOTEL,OPP HIMADRI HOTEL HESARUGHATTA MAIN ROAD,1 KM,13.065551,77.503988
Bengaluru City,Peenya Traffic PS,1.04432e+16,2022,1,1,Road Accidents,Junction,City/Town,Near Hospital,Human Error,No,Grievous Injury,Hit pedestrian,Uncontrolled,Straight and flat,Arterial,Bitumen(Tar),Dry,Not Applicable,Fine,NELAGADARANAHALLI MAIN ROAD NEAR ASHWINI MEDICALS,NEAR ASHWINI MEDICALS,50 MT,0.0,0.0
Bengaluru City,Peenya Traffic PS,1.04432e+16,2022,1,2,Road Accidents,Narrow road,City/Town,Open area,Not Applicable,No,Damage Only,Vehicle to Vehicle,Uncontrolled,Straight and flat,Others,Bitumen(Tar),Dry,Not Applicable,Clear,HESARAGHATTA MAIN ROAD,CENTRE MEADIAN,18,13.05053522,77.507651
Bengaluru City,Peenya Traffic PS,1.04432e+16,2022,1,2,Road Accidents,Junction,City/Town,Residential area,Not Applicable,Yes,Grievous Injury,Vehicle to Vehicle,Uncontrolled,Straight and flat,Others,Bitumen(Tar),Dry,No influence on accident,Fine,BYARAVESHWAR NAGAR 2ND CROSS 3RD MAIN JUNCTION,NEAR BAGALAGUNTE LAKE,50MTR,13.060108,77.498362
Bengaluru City,Peenya Traffic PS,1.04432e+16,2022,1,1,Road Accidents,Not Applicable,City/Town,Near Hospital,Human Error,Yes,Grievous Injury,Hit pedestrian,No signal lights,Straight and flat,Arterial,Bitumen(Tar),Dry,No influence on accident,Clear,HESARAGATTA MAIN ROAD OPP ROYAL MART,OPP ROYAL MART,10 MTR,13.0496952,77.5076923
Bengaluru City,Peenya Traffic PS,1.04432e+16,2022,1,2,Road Accidents,Narrow road,City/Town,Open area,Not Applicable,No,Simple Injury,Vehicle to Vehicle,Uncontrolled,Straight and flat,Others,Bitumen(Tar),Dry,No influence on accident,Clear,thigalarapalya main road,ELECTRIC POLE,20FEET,0.0,0.0
Bengaluru City,Peenya Traffic PS,1.04432e+16,2022,1,2,Not Applicable,Narrow road,City/Town,Near Bus stop,Human Error,Yes,Fatal,Vehicle to Vehicle,Not at  Junction,Straight and flat,Service Road,Bitumen(Tar),Dry,Not Applicable,Fine,NEAR JALAHALLI METRO STATION,NEAR JALAHALLI METRO STATION,100 FT,13.0400237,77.5190202
Bengaluru City,Peenya Traffic PS,1.04432e+16,2022,1,1,Road Accidents,Offset,City/Town,Residential area,Human Error,No,Grievous Injury,Hit pedestrian,Uncontrolled,Others,Residential Street,Bitumen(Tar),Dry,Not Applicable,Fine,PEENYA 100 FEET ROAD NEAR SYSTEM BUS STOP,TREE,28FEET,13.03598,77.51825
Bengaluru City,Peenya Traffic PS,1.04432e+16,2022,1,2,Road Accidents,Not Applicable,City/Town,Residential area,Human Error,No,Grievous Injury,Vehicle to Vehicle,Uncontrolled,Others,NH,Bitumen(Tar),Dry,Not Applicable,Fine,NH-4 TUMAKUR ROAD NEAR PRASHANTH HOTEL,FLY OVER PILLER,80FEET,13.044044,77.510153
Bengaluru City,Peenya Traffic PS,1.04432e+16,2022,1,1,Road Accidents,Not Applicable,City/Town,Narrow bridge or culverts,Not Applicable,No,Damage Only,Not Applicable,Not Applicable,Others,Others,Not Applicable,Dry,Not Applicable,Clear,PIPELINE ROAD,PIPE LINR ROAD,1 K M,13.046176,77.521555
Bengaluru City,Peenya Traffic PS,1.04432e+16,2022,1,2,Road Accidents,Junction,City/Town,Near office complex,Not Applicable,No,Grievous Injury,Vehicle to Vehicle,Uncontrolled,Straight and flat,Others,Bitumen(Tar),Dry,No influence on accident,Cloudy,14TH CROSS PEENYA 2ND STAGE,NEAR SUB REGISTER OFFICE,20mtr,13.154,77.50943
Bengaluru City,Peenya Traffic PS,1.04432e+16,2022,1,2,Road Accidents,Junction,City/Town,Residential area,Not Applicable,No,Grievous Injury,Vehicle to Vehicle,Uncontrolled,Straight and flat,Others,Bitumen(Tar),Dry,No influence on accident,Cloudy,HMT LAYOUT PARK ROAD AND 5TH CROSS ROAD JUNCTION,HMT LAYOUT PARK ROAD AND 5TH CROSS ROAD JUNCTION,0,13.035477,77.502067
Bengaluru City,Peenya Traffic PS,1.04432e+16,2022,1,1,Road Accidents,Bottleneck,City/Town,Near School or College,Not Applicable,No,Grievous Injury,Hit pedestrian,Not at  Junction,Straight and flat,Residential Street,Bitumen(Tar),Dry,No influence on accident,Fine,PIPELINE ROAD T DASARAHALLI,NEAR MAGNUM SCHOOL,20 MTR,13.055314,77.510351
Bengaluru City,Peenya Traffic PS,1.04432e+16,2022,1,2,Road Accidents,Junction,City/Town,Residential area,Human Error,No,Grievous Injury,Vehicle to Vehicle,Not at  Junction,Others,Others,Bitumen(Tar),Dry,No influence on accident,Fine,sidedahalli extension road,NEAR PK BEKARY,20MTR,13.062713,77.495187
Bengaluru City,Peenya Traffic PS,1.04432e+16,2022,1,2,Road Accidents,Not Applicable,City/Town,Near a factory industrial area,Not Applicable,Yes,Grievous Injury,Vehicle to Vehicle,Not at  Junction,Straight and flat,Residential Street,Bitumen(Tar),Dry,No influence on accident,Clear,PEENYA INDUSTRIAL MAIN ROAD,OPP PEENYA SMALL INDUSTRIE POST OFFICE,20 MTR,13.0182827,77.5067408
Bengaluru City,Peenya Traffic PS,1.04432e+16,2022,1,1,Road Accidents,Circle,City/Town,Open area,Not Applicable,No,Fatal,Hit pedestrian,Signal lights Automatic,Straight and flat,NH,Bitumen(Tar),Dry,Not Applicable,Clear,NH 04 TUMKUR ROAD,PILLAR,40FEET,13.039928,77.518325
Bengaluru City,Peenya Traffic PS,1.04432e+16,2022,1,2,Road Accidents,Narrow road,City/Town,Open area,Not Applicable,Yes,Grievous Injury,Vehicle to Vehicle,Signal lights Automatic,Straight and flat,NH,Bitumen(Tar),Dry,Not Applicable,Clear,NATIONAL HIGHWAY,CENTRE MEADIAN,35FEET,13.0399056,77.5184175
Bengaluru City,Peenya Traffic PS,1.04432e+16,2022,1,2,Road Accidents,Junction,City/Town,Residential area,Human Error,No,Grievous Injury,Vehicle to Vehicle,Uncontrolled,Others,Residential Street,Bitumen(Tar),Dry,Not Applicable,Fine,NELAGADARANAHALLI MAIN ROAD HMT LAYOUT 10 CROSS ROAD JUNCTION,ELECRICAL POLE,18FEET,13.0372468,77.4996091
Bengaluru City,Peenya Traffic PS,1.04432e+16,2022,1,2,Road Accidents,Narrow road,City/Town,Open area,Not Applicable,No,Damage Only,Vehicle to Vehicle,Uncontrolled,Straight and flat,Others,Bitumen(Tar),Dry,Not Applicable,Clear,T DASARAHALLI PIPE LINE ROAD NEAR NEEW UNCLE KICHEN,PARK,35FEET,0.0,0.0
Bengaluru City,Peenya Traffic PS,1.04432e+16,2022,1,2,Road Accidents,Narrow road,City/Town,In bazaar,Human Error,No,Grievous Injury,Vehicle to Vehicle,Not Applicable,Not Applicable,State Highway,Surfaced,Dry,Not Applicable,Others,HESRAGHATTA MAIN ROAD NEAR BONE MILE JUNCTTION,HESARUGATTA MAIN RD,23FEET,13.06523,77.504182
Bengaluru City,Peenya Traffic PS,1.04432e+16,2022,1,1,Road Accidents,Cross roads,City/Town,Near a factory industrial area,Human Error,No,Fatal,Not Applicable,Not at  Junction,Straight and flat,NH,Bitumen(Tar),Dry,No influence on accident,Cloudy,NH 4 ROAD SERVICE ROAD OPP STEEL CENTER COMPANY,OPP STEEL CENTER COMPANY,20 MTR,0.0,0.0
Bengaluru City,Peenya Traffic PS,1.04432e+16,2022,1,2,Road Accidents,Junction,City/Town,Near office complex,Not Applicable,No,Grievous Injury,Vehicle to Vehicle,Controlled,Straight and flat,NH,Bitumen(Tar),Dry,Not Applicable,Cloudy,NH 04 TUMKUR ROAD,SRS JUNCTION NH4 TUMAKURU ROAD,100 MT,13.034655,77.529636
Bengaluru City,Peenya Traffic PS,1.04432e+16,2022,1,2,Road Accidents,Narrow road,City/Town,Open area,Not Applicable,No,Damage Only,Vehicle to Vehicle,Controlled,Straight and flat,Others,Bitumen(Tar),Dry,Not Applicable,Clear,PEENYA POLICE STATION ROAD,FOOT PATH,12FEET,13.037912,77.521903
Bengaluru City,Peenya Traffic PS,1.04432e+16,2022,1,5,Road Accidents,Junction,City/Town,Open area,Human Error,Yes,Simple Injury,Vehicle to Vehicle,Police / Manual,Straight and flat,NH,Bitumen(Tar),Dry,No influence on accident,Cloudy,NH 4 ROAD NEAR PS JUNCTION,NEAR PS JUNCTION,10 MTR,13.03778,77.52225
Bengaluru City,Peenya Traffic PS,1.04432e+16,2022,1,1,Road Accidents,Junction,City/Town,Near Bus stop,Human Error,No,Damage Only,Not Applicable,Controlled,Straight and flat,NH,Bitumen(Tar),Dry,No influence on accident,Clear,NH 04 TUMKUR ROAD,IN CHOKKASANDRA JUNCTION,5 MT,0.0,0.0
Bengaluru City,Peenya Traffic PS,1.04432e+16,2022,1,2,Road Accidents,Bottleneck,City/Town,Open area,Not Applicable,No,Damage Only,Vehicle to Vehicle,Not at  Junction,Straight and flat,NH,Bitumen(Tar),Dry,No influence on accident,Fine,NH 4 TUMAKURU BENGALURU ROAD,NEAR PARLE TOLL,30 MTR,13.049908,77.493684
Bengaluru City,Peenya Traffic PS,1.04432e+16,2022,1,2,Road Accidents,Bottleneck,City/Town,Residential area,Human Error,No,Grievous Injury,Vehicle to Vehicle,No signal lights,Others,Residential Street,Bitumen(Tar),Dry,No influence on accident,Cloudy,SHETTIHALLI MAIN ROAD,NEAR GURUDEV STORE,15 FT,13.061562,77.518947
Bengaluru City,Peenya Traffic PS,1.04432e+16,2022,1,1,Road Accidents,Cross roads,City/Town,Residential area,Human Error,No,Grievous Injury,Hit pedestrian,Not Applicable,Straight and flat,Residential Street,Concrete,Dry,No influence on accident,Others,SHIVANAND NAGAR CROSS HEGGANAHALLI,NEAR MARUTHI GARMENTS,4 MTR,13.005086,77.50309
Bengaluru City,Peenya Traffic PS,1.04432e+16,2022,1,2,Road Accidents,Junction,City/Town,Open area,Not Applicable,No,Damage Only,Vehicle to Vehicle,Uncontrolled,Straight and flat,Others,Bitumen(Tar),Dry,Not Applicable,Clear,100 FEET ROAD PEENYA,ELECRICAL POLE,12FEET,13.036354,77.518354
Bengaluru City,Peenya Traffic PS,1.04432e+16,2022,1,2,Road Accidents,Curves,City/Town,Open area,Human Error,No,Grievous Injury,Vehicle to Vehicle,Not at  Junction,Curve,NH,Bitumen(Tar),Muddy,Not Applicable,Fine,N H4 TUMKUR  ROAD,Manjunth nagar cross road,30FEET,13.0490426,77.4969082
Bengaluru City,Peenya Traffic PS,1.04432e+16,2022,1,1,Road Accidents,Narrow road,City/Town,Open area,Not Applicable,Yes,Grievous Injury,Hit pedestrian,Uncontrolled,Straight and flat,Others,Bitumen(Tar),Dry,Not Applicable,Clear,NELADARANAHALLI MAIN ROAD,TREEE,17 FEE,13.032386,77.503801
Bengaluru City,Peenya Traffic PS,1.04432e+16,2022,1,2,Road Accidents,Narrow road,City/Town,Open area,Not Applicable,Yes,Grievous Injury,Vehicle to Vehicle,Uncontrolled,Straight and flat,NH,Bitumen(Tar),Dry,Not Applicable,Clear,NH 4 ROAD,FLY OVER PILLAR NO 96,31 FEE,13.045576,77.506269
Bengaluru City,Peenya Traffic PS,1.04432e+16,2022,1,1,Road Accidents,Circle,City/Town,At pedestrian Crossing,Human Error,No,Grievous Injury,Hit pedestrian,Not Applicable,Others,Service Road,Bitumen(Tar),Dry,Not Applicable,Fine,"NEAR GANAPATHI CIRCLE,RAJAGOPALA NAGARA,PEENY A2 ND STAGE, BENGALORE",FOOTPATH60,30FEET,13.022739,77.516791
Bengaluru City,Peenya Traffic PS,1.04432e+16,2022,1,2,Road Accidents,Not Applicable,City/Town,Residential area,Human Error,No,Grievous Injury,Vehicle to Vehicle,Controlled,Others,NH,Bitumen(Tar),Dry,Not Applicable,Fine,NH-4 TUMAKUR ROAD NEAR JALAHALLI CROSS JUNCTION,FLY OVER PILLER NO 51,23FEET,13.039991,77.518414
Bengaluru City,Peenya Traffic PS,1.04432e+16,2022,1,1,Road Accidents,Narrow road,City/Town,In bazaar,Vehicle Defect,Yes,Fatal,Hit pedestrian,Signals (Working),Straight and flat,NH,Bitumen(Tar),Dry,Not Applicable,Fine,NH-4 TUMKUR ROAD NEAR T DASARAHALLI METRO STATION LAT,FLYOVER PILLAR NO71,33 FEE,13.043095,77.512907
Bengaluru City,Peenya Traffic PS,1.04432e+16,2022,1,2,Road Accidents,Narrow road,City/Town,Residential area,Human Error,No,Grievous Injury,Vehicle to Vehicle,Controlled,Others,Residential Street,Bitumen(Tar),Dry,Not Applicable,Fine,PEENYA 100 FEET ROAD NEAR T V S CROSS,TREE,20FEET,13.025811,77.520778
Bengaluru City,Peenya Traffic PS,1.04432e+16,2022,1,1,Road Accidents,Cross roads,City/Town,At pedestrian Crossing,Human Error,No,Simple Injury,Hit pedestrian,No signal lights,Straight and flat,NH,Bitumen(Tar),Wet,Not Applicable,Cloudy,NH-4 TUMAKUR BANGALORE OPP KENNAMETAL WEDIA FACTORY,JALAHALLI CROSS,3 FEET,13.039934,77.518314
Bengaluru City,Peenya Traffic PS,1.04432e+16,2022,1,2,Road Accidents,Junction,City/Town,Near Bus stop,Not Applicable,No,Grievous Injury,Vehicle to Vehicle,Signal lights Automatic,Straight and flat,NH,Bitumen(Tar),Dry,Not Applicable,Fine,NH-4 BENGALURU TUMKURU ROAD JALAHALLI CROSS JUNCTION,JALAHALLI CROSS JN,100 mt,13.040046,77.518342
Bengaluru City,Peenya Traffic PS,1.04432e+16,2022,1,2,Road Accidents,Junction,City/Town,Near Bus stop,Not Applicable,No,Damage Only,Vehicle to Vehicle,Controlled,Straight and flat,NH,Bitumen(Tar),Dry,Not Applicable,Cloudy,NH 4 ROAD JALAHALLI CROSS JUNCTION,JALAHALLI CROSS JUNCTION,10 MTR,0.0,0.0
Bengaluru City,Peenya Traffic PS,1.04432e+16,2022,1,2,Road Accidents,Junction,City/Town,Near Petrol Pump,Human Error,Yes,Grievous Injury,Vehicle to Vehicle,Controlled,Straight and flat,NH,Bitumen(Tar),Dry,No influence on accident,Cloudy,NH 4 TUMAKURU ROAD 8TH MILE JUNCTION,8TH MILE JUNCTION,5MT,0.0,0.0
Bengaluru City,Peenya Traffic PS,1.04432e+16,2022,1,2,Road Accidents,Curves,City/Town,Open area,Human Error,No,Simple Injury,Vehicle to Vehicle,Not at  Junction,Curve,Others,Bitumen(Tar),Dry,No influence on accident,Fine,SRS ROAD NEAR WATER TANK PEENYA,NEAR WATER TANK,10MT,13.0318968,77.5258857
Bengaluru City,Peenya Traffic PS,1.04432e+16,2022,1,2,Road Accidents,Junction,City/Town,Near Bus stop,Not Applicable,No,Simple Injury,Vehicle to Vehicle,Uncontrolled,Curve,Others,Bitumen(Tar),Dry,No influence on accident,Fine,PIPELINE ROAD,NEAR BASAVESHWAR BUS STOP,30NTR,13.04372,77.525555
Bengaluru City,Peenya Traffic PS,1.04432e+16,2022,1,1,Road Accidents,Narrow road,City/Town,Open area,Not Applicable,No,Fatal,Hit pedestrian,Uncontrolled,Straight and flat,NH,Bitumen(Tar),Dry,Not Applicable,Clear,NH 04 TUMKUR ROAD,FLY OFVER PILLOR NO 76,8 FEET,13.043477,77.511301