DISTRICTNAME,UNITNAME,Crime_No,Year,RI,Noofvehicle_involved,Accident_Classification,Accident_Spot,Accident_Location,Accident_SubLocation,Main_Cause,Hit_Run,Severity,Collision_Type,Junction_Control,Road_Character,Road_Type,Surface_Type,Surface_Condition,Road_Condition,Weather,Accident_Road,Landmark_first,Distance_LandMark_First,Latitude,Longitude
Bengaluru City,Peenya Traffic PS,1.04432e+16,2022,1,1,Road Accidents,Bottleneck,City/Town,In bazaar,Human Error,Yes,Grievous Injury,Hit pedestrian,Not at  Junction,Straight and flat,Residential Street,Bitumen(Tar),Dry,No influence on accident,Cloudy,RAJAGOPAL NAGAR MAIN ROAD OPP ISHWARYA BEKARI,AISHWARY BEKARI,30 FT,0.0,0.0
Bengaluru City,Peenya Traffic PS,1.04432e+16,2022,1,2,Road Accidents,Narrow road,City/Town,Open area,Not Applicable,Yes,Grievous Injury,Vehicle to Vehicle,Uncontrolled,Straight and flat,Others,Bitumen(Tar),Dry,Not Applicable,Clear,thigalarapalya main road,ELECRICAL POLE,13 FEE,13.013839,77.500036
Bengaluru City,Peenya Traffic PS,1.04432e+16,2022,1,1,Road Accidents,Not Applicable,City/Town,Near a factory industrial area,Human Error,No,Grievous Injury,Vehicle to Vehicle,Not at  Junction,Straight and flat,Others,Bitumen(Tar),Dry,No influence on accident,Cloudy,1ST MAIN ROAD ANDRAHALI,NEAR HANUMAN GARMENTS,10 MTR,0.0,0.0
Bengaluru City,Peenya Traffic PS,1.04432e+16,2022,1,1,Road Accidents,Narrow road,City/Town,Open area,Human Error,No,Simple Injury,Hit pedestrian,Not at  Junction,Straight and flat,Two way,Concrete,Dry,No influence on accident,Clear,tippenahalli main road,OPP MANJULA ENCLAVE,10 MTR,13.03859898,77.48441495
Bengaluru City,Peenya Traffic PS,1.04432e+16,2022,1,1,Road Accidents,Narrow road,City/Town,Residential area,Not Applicable,Yes,Grievous Injury,Vehicle to Vehicle,Uncontrolled,Straight and flat,Others,Bitumen(Tar),Dry,Construction Work / Material,Clear,MARUTHI LAY OUT 6 TH CROSS,ELECRICAL POLE,8 FEET,13.030941,77.501614
Bengaluru City,Peenya Traffic PS,1.04432e+16,2022,1,3,Road Accidents,Junction,City/Town,At pedestrian Crossing,Human Error,No,Fatal,Hit pedestrian,Controlled,Others,Sub Arterial,Bitumen(Tar),Dry,No influence on accident,Fine,100 FEER ROAD TVS CROSS JUNCTION,OPP PUBLIC TOILET,15 FT,13.0286565,77.5195678
Bengaluru City,Peenya Traffic PS,1.04432e+16,2022,1,2,Road Accidents,Not Applicable,City/Town,Open area,Human Error,No,Grievous Injury,Vehicle to Vehicle,Uncontrolled,Others,NH,Bitumen(Tar),Dry,Not Applicable,Fine,NH-4 TUMAKUR ROAD NEAR NAGASANDRA METRO STATION,METRO PILLER 113I,35FEET,0.0,0.0
Bengaluru City,Peenya Traffic PS,1.04432e+16,2022,1,2,Road Accidents,Circle,City/Town,Near Petrol Pump,Human Error,No,Grievous Injury,Vehicle to Vehicle,Not at  Junction,Curve,Two way,Bitumen(Tar),Dry,Not Applicable,Fine,"UDAYAGIRI PETROL PUMP,JUNCTION 100FEET ROAD, PEENYA INDUSTRIAL AREA",DUGGAMANA TEMPLE ROAD 30FEET,15FEET,13.023513,77.77521695
Bengaluru City,Peenya Traffic PS,1.04432e+16,2022,1,2,Road Accidents,Not Applicable,City/Town,Open area,Human Error,No,Grievous Injury,Vehicle to Vehicle,Uncontrolled,Straight and flat,Residential Street,Bitumen(Tar),Dry,Not Applicable,Fine,NELAGADARANAHALLI MAIN ROAD NEAR KARIOBANAHALLI,TREE,20FEET,13.01628,77.483889
Bengaluru City,Peenya Traffic PS,1.04432e+16,2022,1,1,Road Accidents,Junction,City/Town,Residential area,Human Error,No,Grievous Injury,Vehicle to Vehicle,Controlled,Others,NH,Bitumen(Tar),Dry,Not Applicable,Fine,NH-4 TUMAKUR ROAD NEAR SRS JUNCTION,FLY OVER PILLER,6FEET,13.0347298,77.529606
Bengaluru City,Peenya Traffic PS,1.04432e+16,2022,1,1,Not Applicable,Road hump or Rumble strips,City/Town,Residential area,Human Error,No,Fatal,Not Applicable,Controlled,Straight and flat,Two way,Bitumen(Tar),Dry,Not Applicable,Fine,PIPELINE ROAD,PIPE LINR ROAD,5,0.0,0.0
Bengaluru City,Peenya Traffic PS,1.04432e+16,2022,1,2,Road Accidents,Narrow road,City/Town,Residential area,Human Error,No,Grievous Injury,Vehicle to Vehicle,Uncontrolled,Others,Residential Street,Bitumen(Tar),Dry,Not Applicable,Fine,NARAYANAPURA MAIN ROAD NEAR MICRO TECH COMPANY,ELECRICAL POLE,25FEET,13.0424681,77.5259337
Bengaluru City,Peenya Traffic PS,1.04432e+16,2022,1,2,Road Accidents,Junction,City/Town,Open area,Not Applicable,No,Damage Only,Vehicle to Vehicle,Controlled,Straight and flat,NH,Bitumen(Tar),Dry,Not Applicable,Clear,NH 04 TUMKUR ROAD,PILLAR,50feet,13.0452,77.50664
Bengaluru City,Peenya Traffic PS,1.04432e+16,2022,1,2,Road Accidents,Narrow road,City/Town,Open area,Not Applicable,No,Fatal,Vehicle to Vehicle,Uncontrolled,Straight and flat,Others,Bitumen(Tar),Dry,Not Applicable,Clear,NELADARANAHALLI MAIN ROAD,ELECRICAL POLE,09 FEE,13.0343733,77.5048596
Bengaluru City,Peenya Traffic PS,1.04432e+16,2022,1,2,Road Accidents,Junction,City/Town,Near Petrol Pump,Human Error,No,Grievous Injury,Vehicle to Vehicle,Signals (Working),Straight and flat,NH,Bitumen(Tar),Dry,Not Applicable,Cloudy,NH 4 TUMAKURU BENGALURU 8TH MILE JUNCTION,8TH MILE JUNCTION,100 MT,0.0,0.0
Bengaluru City,Peenya Traffic PS,1.04432e+16,2022,1,4,Road Accidents,Not Applicable,City/Town,Open area,Human Error,No,Damage Only,Vehicle to Vehicle,No signal lights,Others,NH,Bitumen(Tar),Dry,Not Applicable,Fine,NH 4 TUMAKURU ROAD ON PEENY FLYOVER,NEAR ROCK LNE MALL ON PEENYA FLYOVER,100 MT,0.0,0.0
Bengaluru City,Peenya Traffic PS,1.04432e+16,2022,1,1,Road Accidents,Bottleneck,City/Town,Near office complex,Not Applicable,No,Simple Injury,Hit pedestrian,Not at  Junction,Straight and flat,NH,Bitumen(Tar),Dry,No influence on accident,Cloudy,NH 4 TUMAKURU BENGALURU ROAD opp abisu diagnostics,OPP ABISU DIAGNOSTICS,30 MTR,13.04348,77.511373
Bengaluru City,Peenya Traffic PS,1.04432e+16,2022,1,2,Road Accidents,Junction,City/Town,Residential area,Human Error,No,Grievous Injury,Vehicle to Vehicle,Not Applicable,Not Applicable,Residential Street,Not Applicable,Dry,Not Applicable,Fine,OFFICEER MODEL COLONY,lakshmi ortho center,10 FEE,13.04658,77.520147
Bengaluru City,Peenya Traffic PS,1.04432e+16,2022,1,1,Road Accidents,Narrow road,City/Town,Residential area,Human Error,No,Fatal,Hit pedestrian,Not Applicable,Straight and flat,Residential Street,Surfaced,Dry,No influence on accident,Fine,PIPELINE ROAD,PIPE LINR ROAD,3 FEET,0.0,0.0
Bengaluru City,Peenya Traffic PS,1.04432e+16,2022,1,2,Road Accidents,Narrow road,City/Town,Open area,Not Applicable,No,Grievous Injury,Vehicle to Vehicle,Controlled,Straight and flat,NH,Bitumen(Tar),Dry,Not Applicable,Clear,"8th mile junction, nh-4 national highway",PILLAR,18FEET,13.045253,77.507359
Bengaluru City,Peenya Traffic PS,1.04432e+16,2022,1,2,Road Accidents,Junction,City/Town,Open area,Human Error,No,Grievous Injury,Vehicle to Vehicle,Controlled,Straight and flat,NH,Bitumen(Tar),Dry,Not Applicable,Fine,NH4 TUMAKURU ROAD CHOKKASANDRA JUNCTION,CHOKKASANDRA JN,100 mt,0.0,0.0
Bengaluru City,Peenya Traffic PS,1.04432e+16,2022,1,1,Road Accidents,Not Applicable,City/Town,Open area,Human Error,No,Grievous Injury,Not Applicable,Not at  Junction,Straight and flat,Service Road,Bitumen(Tar),Dry,Not Applicable,Cloudy,NH 4 ROAD SERVICE ROAD NEAR JALAHALLI METRO STATION,NEAR JALAHALLI METRO,50 MTR,0.0,0.0
Bengaluru City,Peenya Traffic PS,1.04432e+16,2022,1,1,Road Accidents,Narrow road,City/Town,Open area,Not Applicable,No,Grievous Injury,Vehicle to Vehicle,Uncontrolled,Straight and flat,NH,Bitumen(Tar),Dry,Not Applicable,Clear,NH 4 PEENYA FLYOVER ROAD NEAR PEENYA PS JUNCTION,PILLAR,32FEET,13.043359,77.511786
Bengaluru City,Peenya Traffic PS,1.04432e+16,2022,1,1,Road Accidents,Bottleneck,City/Town,Near Hospital,Human Error,No,Grievous Injury,Hit pedestrian,No signal lights,Straight and flat,Others,Bitumen(Tar),Others,No influence on accident,Clear,HESARAGHATTA MAIN ROAD,NEAR RAMACHANDRA HOSPITAL,20 MTR,13.50821,77.507953
Bengaluru City,Peenya Traffic PS,1.04432e+16,2022,1,2,Road Accidents,Junction,City/Town,Open area,Not Applicable,No,Grievous Injury,Vehicle to Vehicle,Uncontrolled,Straight and flat,Others,Bitumen(Tar),Dry,Not Applicable,Clear,MALLASANDRA SHETTIHALLI MAIN ROAD,BUS STOP,25FEET,13.0577883,77.5212751
Bengaluru City,Peenya Traffic PS,1.04432e+16,2022,1,2,Road Accidents,Narrow road,City/Town,Residential area,Human Error,No,Damage Only,Vehicle to Vehicle,Uncontrolled,Others,Residential Street,Bitumen(Tar),Dry,Not Applicable,Fine,NH-4 TUMAKUR ROAD NEAR CHOKKASANDRA,FLY OVER PILLER NO 66,5FEET,13.042395,77.51463
Bengaluru City,Peenya Traffic PS,1.04432e+16,2022,1,2,Road Accidents,Not Applicable,City/Town,Residential area,Human Error,No,Damage Only,Vehicle to Vehicle,Uncontrolled,Others,NH,Bitumen(Tar),Dry,Not Applicable,Fine,NH-4 TUMAKUR PEENYA FLY OVER ROAD NEAR BSNL OFFICE,ELECRICAL POLE,16FEET,0.0,0.0
Bengaluru City,Peenya Traffic PS,1.04432e+16,2022,1,2,Road Accidents,Narrow road,City/Town,Open area,Human Error,Yes,Fatal,Vehicle to Vehicle,Not Applicable,Not Applicable,Two way,Not Applicable,Not Applicable,Not Applicable,Very Cold,GANGONDANAHALLI MAIN ROAD,GANGONDANAHALLI MAIN ROAD,31 FEE,13.0290863,77.4832824
Bengaluru City,Peenya Traffic PS,1.04432e+16,2022,1,1,Road Accidents,Bottleneck,City/Town,Near office complex,Not Applicable,Yes,Grievous Injury,Hit pedestrian,Not at  Junction,Straight and flat,Sub Arterial,Bitumen(Tar),Dry,No influence on accident,Fine,"PIPE LINE ROAD T DASARAHALLI, NEAR INDIRA CANTIN",NEAR HARSHITA HOTEL,10MTR,13.0498987,77.5166177
Bengaluru City,Peenya Traffic PS,1.04432e+16,2022,1,2,Road Accidents,Junction,City/Town,Open area,Not Applicable,Yes,Grievous Injury,Vehicle to Vehicle,Uncontrolled,Straight and flat,Others,Bitumen(Tar),Dry,Not Applicable,Cloudy,DODDANNA INDUSTRIAL AREA MAIN ROAD NEAR DIVYA TOLING WORK SHOP,ELECRTICAL POLE,27,13.005727,77.510534
Bengaluru City,Peenya Traffic PS,1.04432e+16,2022,1,1,Road Accidents,Not Applicable,City/Town,Open area,Not Applicable,Not Applicable,Simple Injury,Hit pedestrian,Uncontrolled,Not Applicable,Not Applicable,Bitumen(Tar),Dry,Not Applicable,Fine,NEAR JHNANAVARDHAKA SCHOOL,LAVAKUSHA NAGAR,7 KM,0.0,0.0
Bengaluru City,Peenya Traffic PS,1.04432e+16,2023,1,1,Road Accidents,Narrow road,City/Town,Near Hospital,Not Applicable,Yes,Grievous Injury,Hit pedestrian,Uncontrolled,Straight and flat,Others,Bitumen(Tar),Dry,Not Applicable,Clear,HEGGANAHALLI MAIN ROAD,ELECRICAL POLE,16FEET,13.0069467,77.5054567
Bengaluru City,Peenya Traffic PS,1.04432e+16,2023,1,2,Road Accidents,Junction,City/Town,Open area,Human Error,No,Grievous Injury,Vehicle to Vehicle,No signal lights,Not Applicable,Arterial,Bitumen(Tar),Dry,Not Applicable,Fine,VIJAYA ROLLING MILL,TREE,10 MTR,13.026432,77.514599
Bengaluru City,Peenya Traffic PS,1.04432e+16,2023,1,1,Road Accidents,Junction,City/Town,Open area,Human Error,No,Fatal,Hit pedestrian,Give way sign,Curve and Incline,Arterial,Bitumen(Tar),Dry,Not Applicable,Fine,NEAR SRINISHI WELDING SHOP PIPE LINE ROAD,PARK,40FEET,13.055548,77.510448
Bengaluru City,Peenya Traffic PS,1.04432e+16,2023,1,2,Road Accidents,Circle,City/Town,Near a factory industrial area,Human Error,No,Simple Injury,Vehicle to Vehicle,Controlled,Others,NH,Not Applicable,Others,Not Applicable,Mist or Fog,PEENYA INDUSTRIAL 2ND CROSS JUNCTION OPP BINIX ENGINEERING FACTORY,LIGHT PLASTIC INDUSTRI,30FEET,13.034206,77.5240053
Bengaluru City,Peenya Traffic PS,1.04432e+16,2023,1,2,Road Accidents,Cross roads,City/Town,Near a factory industrial area,Human Error,No,Simple Injury,Vehicle to Vehicle,Controlled,Straight and flat,NH,Bitumen(Tar),Dry,Not Applicable,Fine,HITAJI COMPANY BASAVESHVARA ROAD,HITAJI COMPANY,40 FT,13.022491,77.326548
Bengaluru City,Peenya Traffic PS,1.04432e+16,2023,1,1,Not Applicable,Junction,City/Town,Near Bus stop,Human Error,No,Damage Only,Not Applicable,Controlled,Others,Others,Bitumen(Tar),Dry,Not Applicable,Fine,TVS CROSS,20 MTR,1 KM,13.028445,77.519584
Bengaluru City,Peenya Traffic PS,1.04432e+16,2023,1,1,Road Accidents,Narrow road,City/Town,Open area,Human Error,Not Applicable,Simple Injury,Not Applicable,Not Applicable,Straight and flat,Sub Arterial,Bitumen(Tar),Dry,Not Applicable,Fine,"OPP MANJULA PUB;LIC SCHOOL,",TREE,40FEET,13.02815,77.503293
Bengaluru City,Peenya Traffic PS,1.04432e+16,2023,1,2,Road Accidents,Narrow road,City/Town,Near Petrol Pump,Human Error,Yes,Grievous Injury,Vehicle to Vehicle,Not at  Junction,Not Applicable,Two way,Bitumen(Tar),Dry,Not Applicable,Fine,SATVA APARTMENT NH4,TUMKUR ROAD,5 KM,13.0446443,77.5088245
Bengaluru City,Peenya Traffic PS,1.04432e+16,2023,1,1,Road Accidents,Narrow road,City/Town,Residential area,Human Error,No,Grievous Injury,Hit pedestrian,No signal lights,Not Applicable,Residential Street,Bitumen(Tar),Dry,Not Applicable,Others,"ANDRAHALLI MAIN ROAD,  NEAR R C FRESH CHICKEN STOLE",ELECRICLE POLE,30FEET,13.027226,77.492262
Bengaluru City,Peenya Traffic PS,1.04432e+16,2023,1,1,Road Accidents,Junction,City/Town,Open area,Human Error,Not Applicable,Damage Only,Not Applicable,Signal lights Automatic,Others,NH,Bitumen(Tar),Dry,Not Applicable,Cloudy,CHOKKASANDRA JUNCTION,METRO PILLER,20FEET,13.042492,55.51465
Bengaluru City,Peenya Traffic PS,1.04432e+16,2023,1,1,Road Accidents,Cross roads,City/Town,Residential area,Human Error,No,Grievous Injury,Hit pedestrian,Not Applicable,Others,Others,Bitumen(Tar),Dry,Not Applicable,Others,OPP SUMA CONDIMENTS,ELECRICLE POLE,40FEET,13.02188,77.495262
Bengaluru City,Peenya Traffic PS,1.04432e+16,2023,1,1,Road Accidents,Cross roads,City/Town,Near a factory industrial area,Human Error,Yes,Grievous Injury,Hit pedestrian,Controlled,Straight and flat,Others,Not Applicable,Others,Not Applicable,Fog / Mist,NEAR SHIVASHAKTI AGENCY RAJGOPAL NAGAR MAIN ROAD,MANGAL JYOTI AISHWARY TEXTAILE BAKERY,30FEET,13.016703,77.511776
Bengaluru City,Peenya Traffic PS,1.04432e+16,2023,1,2,Road Accidents,Junction,City/Town,Open area,Human Error,No,Simple Injury,Vehicle to Vehicle,Controlled,Straight and flat,NH,Bitumen(Tar),Dry,Not Applicable,Fine,NH 04 TUMKUR ROAD,T DASARAHALLI SIGNAL,0,13.042286,77.51459
Bengaluru City,Peenya Traffic PS,1.04432e+16,2023,1,2,Road Accidents,Circle,City/Town,Near Bus stop,Human Error,No,Simple Injury,Vehicle to Vehicle,Controlled,Straight and flat,NH,Not Applicable,Not Applicable,Not Applicable,Fog / Mist,CHOKASANDRA SIGNAL,AYYAPPA FOOTVER,30FEET,13.042426,77.514647
Bengaluru City,Peenya Traffic PS,1.04432e+16,2023,1,1,Road Accidents,Curves,City/Town,Near Bus stop,Human Error,Yes,Simple Injury,Hit pedestrian,Controlled,Straight and flat,NH,Not Applicable,Others,Not Applicable,Fog / Mist,"OPP SOUNDARYA HOTEL ,NH-4 TUMAKURU ROAD",SOUNDARYA HOTEL,30FEET,13.042584,77.513085
Bengaluru City,Peenya Traffic PS,1.04432e+16,2023,1,2,Road Accidents,Cross roads,City/Town,Near a factory industrial area,Human Error,Yes,Simple Injury,Vehicle to Vehicle,Controlled,Straight and flat,Others,Not Applicable,Others,Not Applicable,Fog / Mist,DYANAMETIC ROAD NEAR CIRCLE,VARUN INDUSTRY,30FEET,13.035915,77.513102
Bengaluru City,Peenya Traffic PS,1.04432e+16,2023,1,2,Road Accidents,Circle,City/Town,Near a factory industrial area,Human Error,No,Fatal,Vehicle to Vehicle,Controlled,Straight and flat,NH,Not Applicable,Others,Not Applicable,Clear,PEENYA PS JUNCTION NATIONAL HIGWAY 4 TUMAKURURU ROAD,PS SIGNAL,30 FEE,13.01875,77.256987
Bengaluru City,Peenya Traffic PS,1.04432e+16,2023,1,2,Road Accidents,Cross roads,City/Town,Near a factory industrial area,Human Error,No,Grievous Injury,Vehicle to Vehicle,Controlled,Straight and flat,Others,Not Applicable,Others,Not Applicable,Fog / Mist,OPP POWER TECH COMPANY MAIN PEENYA,POWER TECH COMPANY,30FEET,13.025267,77.519108
Bengaluru City,Peenya Traffic PS,1.04432e+16,2023,1,2,Road Accidents,Narrow road,City/Town,Open area,Not Applicable,No,Grievous Injury,Vehicle to Vehicle,Uncontrolled,Straight and flat,NH,Bitumen(Tar),Dry,Not Applicable,Clear,NH 04 TUMKUR  servise ROAD,FOOT PATH,14FEET,13.050622,77.492846
Bengaluru City,Peenya Traffic PS,1.04432e+16,2023,1,2,Road Accidents,Not Applicable,City/Town,Near a factory industrial area,Human Error,No,Fatal,Vehicle to Vehicle,Not at  Junction,Straight and flat,NH,Bitumen(Tar),Dry,Not Applicable,Clear,NH 4 TUMAKURU BENGALURU ROAD OPP PARLE G FACTORY,PARLE G FACTORY,100 FT,13.050292,77.49343
Bengaluru City,Peenya Traffic PS,1.04432e+16,2023,1,2,Road Accidents,Circle,City/Town,Near Bus stop,Human Error,No,Simple Injury,Vehicle to Vehicle,Controlled,Straight and flat,NH,Not Applicable,Others,Not Applicable,Others,8TH MILE JUNCTION TUMKUR ROAD,PILLAR NO911,60FEET,13.045402,77.50734
Bengaluru City,Peenya Traffic PS,1.04432e+16,2023,1,2,Road Accidents,Circle,City/Town,Near Hospital,Human Error,No,Damage Only,Vehicle to Vehicle,Controlled,Straight and flat,NH,Not Applicable,Others,Not Applicable,Clear,FASARAHHLI SIGNAL MH-4 TUMKUR ROAD,METRO STATION,50FEET,13.042762,77.512972
Bengaluru City,Peenya Traffic PS,1.04432e+16,2023,1,2,Road Accidents,Circle,Rural Areas,Near a factory industrial area,Human Error,No,Not Applicable,Hit pedestrian,Controlled,Straight and flat,Others,Not Applicable,Not Applicable,Not Applicable,Clear,ITC FACTORY GATE BASAVESHWARA BUS STOP,ITC FACTORY,30FEET,13.040068,77.523607
Bengaluru City,Peenya Traffic PS,1.04432e+16,2023,1,3,Road Accidents,Narrow road,City/Town,In bazaar,Human Error,No,Simple Injury,Vehicle to Vehicle,Not at  Junction,Not Applicable,NH,Bitumen(Tar),Dry,Not Applicable,Clear,VIDEO UPPER ramp,TUMKUR ROAD,3.0 KM,13.049144,77.495667
Bengaluru City,Peenya Traffic PS,1.04432e+16,2023,1,2,Road Accidents,Not Applicable,City/Town,Open area,Human Error,Yes,Grievous Injury,Vehicle to Vehicle,Uncontrolled,Straight and flat,Not Applicable,Bitumen(Tar),Dry,Not Applicable,Fine,ANDRAHALLI ROAD,NEAR LAKSHMI BAR AND RESTUARENT,6 KM,13.007691,77.501169
Bengaluru City,Peenya Traffic PS,1.04432e+16,2023,1,2,Road Accidents,Junction,City/Town,Open area,Human Error,Yes,Grievous Injury,Vehicle to Vehicle,Police / Manual,Not Applicable,Others,Bitumen(Tar),Dry,No influence on accident,Fine,NELAGADARANAHALLI MAIN ROAD,HMS FURNITURES,20 FEE,13.038494,77.504543
Bengaluru City,Peenya Traffic PS,1.04432e+16,2023,1,1,Road Accidents,Narrow road,City/Town,Residential area,Human Error,No,Fatal,Hit pedestrian,Uncontrolled,Curve,Sub Arterial,Bitumen(Tar),Dry,Not Applicable,Fine,AKASH THEATRE ROAD,TREE,40FEET,13.0053,77.31003
Bengaluru City,Peenya Traffic PS,1.04432e+16,2023,1,2,Road Accidents,Narrow road,City/Town,Open area,Human Error,No,Simple Injury,Vehicle to Vehicle,No signal lights,Others,Others,Bitumen(Tar),Dry,Not Applicable,Fine,"7 TH MAIN JUNCTION,PEENYA 2ND STAGE",ELECTRICAL POLE,40FEET,0.0,0.0
Bengaluru City,Peenya Traffic PS,1.04432e+16,2023,1,1,Road Accidents,Narrow road,City/Town,Residential area,Human Error,Yes,Grievous Injury,Hit pedestrian,Not Applicable,Not Applicable,Residential Street,Bitumen(Tar),Dry,Not Applicable,Clear,ANDRAHALLI MAIN ROAD,ANDRAHALLI MAIN ROAD,4,13.007138,77.502473
Bengaluru City,Peenya Traffic PS,1.04432e+16,2023,1,2,Road Accidents,Narrow road,City/Town,Open area,Human Error,Yes,Grievous Injury,Vehicle to Vehicle,No signal lights,Straight and flat,Sub Arterial,Bitumen(Tar),Dry,Not Applicable,Fine,NEAR RATHNA PROVISION STONE MANJUNATH NAGAR,TREE,40FEET,13.052776,77.49551
Bengaluru City,Peenya Traffic PS,1.04432e+16,2023,1,2,Road Accidents,Circle,City/Town,Open area,Human Error,No,Simple Injury,Vehicle to Vehicle,Uncontrolled,Straight and flat,NH,Bitumen(Tar),Dry,Not Applicable,Fine,NEAR NAGASANDRA METRO STATION,METRO PILLER,50FEET,13.047821,77.499947
Bengaluru City,Peenya Traffic PS,1.04432e+16,2023,1,2,Road Accidents,Narrow road,City/Town,Near Hospital,Human Error,No,Grievous Injury,Vehicle to Vehicle,Controlled,Straight and flat,Sub Arterial,Bitumen(Tar),Others,Not Applicable,Clear,OPP SHRUSHUTA HOSPITAL  ANDRAL;LI MAIN ROAD,SHRUSHRUTA HOSPIATAL,30FEET,13.044734,77.508822
Bengaluru City,Peenya Traffic PS,1.04432e+16,2023,1,2,Road Accidents,Narrow road,City/Town,Open area,Human Error,No,Damage Only,Vehicle to Vehicle,Not Applicable,Not Applicable,NH,Bitumen(Tar),Dry,Not Applicable,Clear,NH 4 TUMAKURU BENGALURU ROAD opp abisu diagnostics,SATVA APARTMENT,50 FT,13.030958,77.512633
Bengaluru City,Peenya Traffic PS,1.04432e+16,2023,1,2,Road Accidents,Not Applicable,City/Town,Open area,Human Error,No,Damage Only,Vehicle to Vehicle,Not at  Junction,Straight and flat,NH,Bitumen(Tar),Dry,No influence on accident,Fine,NH 4 TUMAKURU ROAD ON PEENYA FLYOVER NEAR PEENYA INDUSTRI METRO,NEAR PEENYA INDUSTRI METRO,50 MTR,13.046544,77.503499
Bengaluru City,Peenya Traffic PS,1.04432e+16,2023,1,2,Road Accidents,Narrow road,City/Town,Open area,Human Error,Yes,Fatal,Vehicle to Vehicle,Signal lights Automatic,Straight and flat,NH,Bitumen(Tar),Dry,No influence on accident,Fine,NH4 TUMAKURU ROAD,CENTER MEDIAN,25FT,13.039275,77.519632
Bengaluru City,Peenya Traffic PS,1.04432e+16,2023,1,2,Not Applicable,Narrow road,City/Town,Open area,Not Applicable,Yes,Grievous Injury,Vehicle to Vehicle,Not Applicable,Others,NH,Bitumen(Tar),Dry,Not Applicable,Clear,100 feet road,ELECTRIC POLE,22FEET,13.048424,77.497972
Bengaluru City,Peenya Traffic PS,1.04432e+16,2023,1,3,Road Accidents,Junction,City/Town,Open area,Human Error,No,Simple Injury,Vehicle to Vehicle,Signal lights Automatic,Straight and flat,NH,Bitumen(Tar),Dry,No influence on accident,Others,SRS JUNCTION,METRO PILLER,40FEET,13.034776,77.529693
Bengaluru City,Peenya Traffic PS,1.04432e+16,2023,1,1,Road Accidents,Junction,City/Town,Open area,Human Error,No,Grievous Injury,Hit pedestrian,Not at  Junction,Not Applicable,NH,Bitumen(Tar),Dry,Not Applicable,Fine,PEENYA INDUSTRIAL METRO STATION,METRO PILLER,12FEET,13.035418,77.526692
Bengaluru City,Peenya Traffic PS,1.04432e+16,2023,1,1,Road Accidents,Curves,City/Town,Residential area,Human Error,Not Applicable,Fatal,Not Applicable,Uncontrolled,Not Applicable,Residential Street,Bitumen(Tar),Dry,Not Applicable,Fine,"NEAR BESCOM OFFICE, GG HALLI",TREE,20FEET,13.030464,77.501497
Bengaluru City,Peenya Traffic PS,1.04432e+16,2023,1,1,Road Accidents,Narrow road,City/Town,Residential area,Human Error,Yes,Grievous Injury,Hit pedestrian,Uncontrolled,Straight and flat,Not Applicable,Bitumen(Tar),Not Applicable,Not Applicable,Cloudy,NEAR SHANI MAHATMA TEMPLE,TREE,12FEET,13.035996,77.493697
Bengaluru City,Peenya Traffic PS,1.04432e+16,2023,1,2,Road Accidents,Circle,City/Town,Near Bus stop,Human Error,No,Simple Injury,Vehicle to Vehicle,Controlled,Straight and flat,NH,Bitumen(Tar),Others,Not Applicable,Clear,SRS JUNCTION TUMKUR ROAD NH-4,SRS JUCNTOIN,30FEET,13.034723,77.529652
Bengaluru City,Peenya Traffic PS,1.04432e+16,2023,1,2,Road Accidents,Junction,City/Town,Open area,Human Error,No,Damage Only,Vehicle to Vehicle,Controlled,Straight and flat,NH,Bitumen(Tar),Dry,No influence on accident,Cloudy,NH-4 TUMAKUR BANGALORE ROAD PEENYA PS JUNCTION,PEENYA PS JUNCTION,0,13.037849,77.522269
Bengaluru City,Peenya Traffic PS,1.04432e+16,2023,1,1,Not Applicable,Circle,City/Town,Near Bus stop,Human Error,Yes,Simple Injury,Hit pedestrian,Controlled,Straight and flat,Others,Not Applicable,Others,Not Applicable,Clear,"BUS STOP,SAROJANI HOSPITAL FRONT NAGASANDRA",BUS STOP,30FEET,13.041082,77.50475
Bengaluru City,Peenya Traffic PS,1.04432e+16,2023,1,2,Road Accidents,Circle,City/Town,Near Hospital,Human Error,No,Fatal,Vehicle to Vehicle,Controlled,Straight and flat,NH,Not Applicable,Others,Not Applicable,Clear,DEEPAK U TURN NH-4 TUMKURU ROAD,NAGASANDRA METRO,50FEET,13.022491,77.325648
Bengaluru City,Peenya Traffic PS,1.04432e+16,2023,1,2,Road Accidents,Cross roads,City/Town,Near School or College,Human Error,No,Simple Injury,Vehicle to Vehicle,Controlled,Straight and flat,Others,Not Applicable,Others,Not Applicable,Mist or Fog,NEAR SHARADA SCHOOL LAGGERI BENGALURU,SHARADA VIDYA MANDIRA,30 FT,13.009586,77.520511
Bengaluru City,Peenya Traffic PS,1.04432e+16,2023,1,1,Road Accidents,Circle,City/Town,Near Hospital,Human Error,No,Fatal,Hit pedestrian,Give way sign,Straight and flat,NH,Not Applicable,Wet,Not Applicable,Fog / Mist,8TH MILE JUNCTION NH-4 TUMKUR ROAD,PETROLL BUNK,60FEET,13.045359,77.507301
Bengaluru City,Peenya Traffic PS,1.04432e+16,2023,1,2,Road Accidents,Circle,City/Town,In bazaar,Human Error,No,Grievous Injury,Vehicle to Vehicle,Controlled,Straight and flat,Others,Not Applicable,Not Applicable,Not Applicable,Clear,SHETTY HALLI MAIN ROAD GNESH HOTEL,HOTEL,50FEET,13.06056,77.513771
Bengaluru City,Peenya Traffic PS,1.04432e+16,2023,1,2,Road Accidents,Junction,City/Town,Residential area,Human Error,Yes,Grievous Injury,Vehicle to Vehicle,Uncontrolled,Straight and flat,Others,Bitumen(Tar),Dry,No influence on accident,Clear,3RD MAIN 13 RD CROSS ROAD JUNCION HMT LAYOUT,RUTHU FRESH FOOD,10 MTR,13.03749,77.496206
Bengaluru City,Peenya Traffic PS,1.04432e+16,2023,1,2,Road Accidents,Narrow road,City/Town,Near a religious place,Human Error,Yes,Simple Injury,Vehicle to Vehicle,No signal lights,Straight and flat,Two way,Bitumen(Tar),Dry,Not Applicable,Fine,NEAR ROCK LINE STUDIO GUNDAPPA  LAYOUT,NEAR CHARCHU,20FEET,13.040652,77.496228