DISTRICTNAME,UNITNAME,Crime_No,Year,RI,Noofvehicle_involved,Accident_Classification,Accident_Spot,Accident_Location,Accident_SubLocation,Main_Cause,Hit_Run,Severity,Collision_Type,Junction_Control,Road_Character,Road_Type,Surface_Type,Surface_Condition,Road_Condition,Weather,Accident_Road,Landmark_first,Distance_LandMark_First,Latitude,Longitude
Bengaluru City,Peenya Traffic PS,1.04432e+16,2023,1,1,Road Accidents,Junction,City/Town,Open area,Human Error,Yes,Damage Only,Not Applicable,Police / Manual,Others,NH,Bitumen(Tar),Dry,No influence on accident,Clear,NH 4 TUMAKURU ROAD,SRS JUNCTION,0,13.034707,77.529644
Bengaluru City,Peenya Traffic PS,1.04432e+16,2023,1,3,Road Accidents,Circle,City/Town,Open area,Human Error,No,Grievous Injury,Vehicle to Vehicle,Uncontrolled,Curve,Not Applicable,Bitumen(Tar),Dry,Not Applicable,Fine,"3RD MN RD,PEENYA 2ND STAGE BUS STOP",TREE,20FEET,13.01201231,77.50491368
Bengaluru City,Peenya Traffic PS,1.04432e+16,2023,1,2,Road Accidents,Junction,City/Town,Open area,Human Error,No,Simple Injury,Vehicle to Vehicle,Signal lights Automatic,Straight and flat,NH,Bitumen(Tar),Dry,Not Applicable,Fine,"P S JUNCTION, NH4",ELECRICLE POLE,40FEET,13.03791,77.521825
Bengaluru City,Peenya Traffic PS,1.04432e+16,2023,1,1,Road Accidents,Circle,City/Town,Near Bus stop,Human Error,No,Fatal,Not Applicable,Controlled,Straight and flat,NH,Not Applicable,Others,Not Applicable,Fog / Mist,HESARAGHATTA MAIN ROAD,8TH MAIL JUNCTION,30FEET,13.048065,77.507994
Bengaluru City,Peenya Traffic PS,1.04432e+16,2023,1,2,Road Accidents,Circle,City/Town,Near Bus stop,Human Error,No,Simple Injury,Vehicle to Vehicle,No signal lights,Straight and flat,NH,Not Applicable,Others,Not Applicable,Fog / Mist,NAVAYUGA NEAR TOLL PEENYA NH4 TUMKUR ROAD,BMTC BUS STOP,70FEET,13.05085,77.49201
Bengaluru City,Peenya Traffic PS,1.04432e+16,2023,1,2,Road Accidents,Cross roads,City/Town,Near Hospital,Human Error,Yes,Simple Injury,Vehicle to Vehicle,Controlled,Straight and flat,Others,Not Applicable,Others,Not Applicable,Clear,OOP TO VENKATESHWARA MEDICAL RAMAIAH LAYUOT NAGSANDRA,VENKATASHWARA MEDICAL,30FEET,13.04899,77.502081
Bengaluru City,Peenya Traffic PS,1.04432e+16,2023,1,2,Road Accidents,Cross roads,City/Town,Open area,Human Error,No,Grievous Injury,Vehicle to Vehicle,Give way sign,Others,Sub Arterial,Bitumen(Tar),Dry,Not Applicable,Fine,NEAR CHRIST UNIVERCITY COLLEGE,COLLEGE,20FEET,13.036366,77.50435
Bengaluru City,Peenya Traffic PS,1.04432e+16,2023,1,2,Road Accidents,Curves,City/Town,Near a factory industrial area,Human Error,Yes,Simple Injury,Vehicle to Vehicle,Controlled,Straight and flat,Others,Not Applicable,Others,Not Applicable,Fog / Mist,G K W LAYOUT MAIN ROAD LAGGERE,INTERNATIONAL ROBOTIC WORLD AND OBJECT DISPLY,30FEET,13.008437,77.509761
Bengaluru City,Peenya Traffic PS,1.04432e+16,2023,1,2,Road Accidents,Not Applicable,City/Town,Open area,Human Error,Yes,Simple Injury,Vehicle to Vehicle,Controlled,Straight and flat,Others,Bitumen(Tar),Dry,Not Applicable,Fine,SHETTIHALLI MAIN ROAD,ERLS PALACE KALANA MANTAPA,40 FT,13.019901,77.326548
Bengaluru City,Peenya Traffic PS,1.04432e+16,2023,1,1,Road Accidents,Cross roads,City/Town,Near School or College,Human Error,No,Simple Injury,Hit pedestrian,Controlled,Straight and flat,Others,Not Applicable,Others,Not Applicable,Fog / Mist,NELGADARANAHALLI FAMILEYS SUPER MARKET,FAMYLES SUPER MARKET,30FEET,13.034208,77.504171
Bengaluru City,Peenya Traffic PS,1.04432e+16,2023,1,1,Road Accidents,Circle,City/Town,Near Bus stop,Human Error,No,Grievous Injury,Hit pedestrian,Controlled,Straight and flat,Others,Not Applicable,Others,Not Applicable,Clear,OPP BMTC BUS STOP HESARUGHATTA MAIN ROAD,BMTC BUS STOP,50FEET,13.013203,77.326548
Bengaluru City,Peenya Traffic PS,1.04432e+16,2023,1,2,Road Accidents,Narrow road,City/Town,Narrow bridge or culverts,Human Error,No,Damage Only,Vehicle to Vehicle,Not at  Junction,Not Applicable,NH,Bitumen(Tar),Dry,Not Applicable,Clear,PEENYA FLY OVER NH-4 TUMKUR ROAD,FLY OVER PILLOR,10FEET,13.036987,77.5238
Bengaluru City,Peenya Traffic PS,1.04432e+16,2023,1,2,Road Accidents,Narrow road,City/Town,Open area,Human Error,Yes,Grievous Injury,Vehicle to Vehicle,Uncontrolled,Straight and flat,Not Applicable,Bitumen(Tar),Dry,Not Applicable,Fine,OPP SUVIDHA STEEL DUGGALAMMA ROAD,GANAPATHI NAGAR,4 KM,13.022492,77.5184369
Bengaluru City,Peenya Traffic PS,1.04432e+16,2023,1,2,Road Accidents,Narrow road,City/Town,Near Hospital,Human Error,Yes,Grievous Injury,Vehicle to Vehicle,Signals (Working),Straight and flat,Two way,Bitumen(Tar),Dry,Not Applicable,Fine,NEAR HOME TIMBERS NELAGADARANAHALLI,ELETRICLE POLE,30FEET,13.04419,77.5052659
Bengaluru City,Peenya Traffic PS,1.04432e+16,2023,1,2,Road Accidents,Circle,City/Town,In bazaar,Human Error,Yes,Grievous Injury,Vehicle to Vehicle,Uncontrolled,Curve and Incline,Others,Bitumen(Tar),Dry,Not Applicable,Fine,HMT LAY OUT,GANESHA CLINIC,6 KM,13.032532,77.499229
Bengaluru City,Peenya Traffic PS,1.04432e+16,2023,1,2,Road Accidents,Circle,City/Town,Open area,Human Error,Yes,Grievous Injury,Vehicle to Vehicle,No signal lights,Straight and flat,Others,Bitumen(Tar),Dry,Not Applicable,Fine,NELAGADARANAHALLI MAIN ROAD,CANARA BANK ATM,4 KM,13.040102,77.504661
Bengaluru City,Peenya Traffic PS,1.04432e+16,2023,1,1,Road Accidents,Narrow road,City/Town,Near Bus stop,Human Error,Yes,Grievous Injury,Hit pedestrian,Not Applicable,Not Applicable,Not Applicable,Bitumen(Tar),Dry,Not Applicable,Clear,HEGGANAHALLI MAIN ROAD,HEGGANAHALLI,100 FT,13.006166,77.505244
Bengaluru City,Peenya Traffic PS,1.04432e+16,2023,1,2,Road Accidents,Junction,City/Town,Near Petrol Pump,Human Error,No,Grievous Injury,Vehicle to Vehicle,Signal lights Automatic,Not Applicable,NH,Bitumen(Tar),Others,Not Applicable,Fine,NEAR INDIAN OIL PRTROL BUNK NH4,METRO PILLER 104,20FEET,13.046183,77.504135
Bengaluru City,Peenya Traffic PS,1.04432e+16,2023,1,2,Road Accidents,Junction,City/Town,Residential area,Human Error,No,Simple Injury,Vehicle to Vehicle,Uncontrolled,Straight and flat,Others,Bitumen(Tar),Dry,Not Applicable,Fine,NEAR PEENYA DL TRACK 3RD MAIN CAR MOBIOLE ROAD,ELECRICAL POLE,20FEET,13.03694,77.52969
Bengaluru City,Peenya Traffic PS,1.04432e+16,2023,1,2,Road Accidents,Narrow road,City/Town,In bazaar,Human Error,No,Grievous Injury,Vehicle to Vehicle,Not at  Junction,Not Applicable,Residential Street,Bitumen(Tar),Not Applicable,No influence on accident,Clear,ANDRAHALLI MAIN ROAD,PEENYA 2ND STAGE,16FEET,33.01095,77.506636
Bengaluru City,Peenya Traffic PS,1.04432e+16,2023,1,2,Road Accidents,Curves,City/Town,Near a factory industrial area,Human Error,Yes,Simple Injury,Vehicle to Vehicle,Controlled,Straight and flat,Others,Not Applicable,Others,Not Applicable,Clear,NEAR PARIJATA HOTEL 9TH CROSS 4TH MAIN GANAPATI NAGARA PEENYA INDUSTRY,PARIJATA HOTEL,30FEET,0.0,0.0
Bengaluru City,Peenya Traffic PS,1.04432e+16,2023,1,2,Road Accidents,Cross roads,City/Town,Near Bus stop,Human Error,No,Simple Injury,Vehicle to Vehicle,Controlled,Straight and flat,Others,Not Applicable,Others,Not Applicable,Clear,PEENYA PS ROAD 6TH MAIN ROAD,BUS STOP,50FEET,13.0154,77.483282
Bengaluru City,Peenya Traffic PS,1.04432e+16,2023,1,1,Road Accidents,Not Applicable,City/Town,In bazaar,Human Error,Yes,Grievous Injury,Hit pedestrian,Controlled,Straight and flat,Others,Bitumen(Tar),Dry,Not Applicable,Fine,4TH CROSS  L G RAMANNA LAYOUT,4TH CROSS,100 mt,13.025381,77.503988
Bengaluru City,Peenya Traffic PS,1.04432e+16,2023,1,2,Road Accidents,Not Applicable,City/Town,Open area,Human Error,No,Simple Injury,Vehicle to Vehicle,Controlled,Straight and flat,NH,Bitumen(Tar),Dry,Not Applicable,Clear,NH 4 TUMAKUR ROAD,RAYAL ENFIELD SHOW ROOM,50FEET,13.044923,77.509821
Bengaluru City,Peenya Traffic PS,1.04432e+16,2023,1,1,Not Applicable,Cross roads,City/Town,Near Bus stop,Human Error,No,Grievous Injury,Hit pedestrian,Controlled,Straight and flat,Others,Bitumen(Tar),Dry,Not Applicable,Fog / Mist,doddabidurukal,SIDDAGANGA CIRCLE,200 MT,13.028308,77.4964
Bengaluru City,Peenya Traffic PS,1.04432e+16,2023,1,2,Road Accidents,Junction,City/Town,Open area,Human Error,Yes,Simple Injury,Vehicle to Vehicle,Signal lights Automatic,Straight and flat,NH,Bitumen(Tar),Dry,Not Applicable,Fine,"PEENYA PS SIGNAL,NH4",PEENYA FLY OVER PILLER 38,20FEET,13.037854,77.522232
Bengaluru City,Peenya Traffic PS,1.04432e+16,2023,1,2,Road Accidents,Narrow road,City/Town,Open area,Human Error,Yes,Grievous Injury,Vehicle to Vehicle,Not at  Junction,Straight and flat,NH,Bitumen(Tar),Dry,Not Applicable,Fine,NH4,SHOBA APPARTMENT,4,13.0469421,77.5020054
Bengaluru City,Peenya Traffic PS,1.04432e+16,2023,1,2,Road Accidents,Junction,City/Town,In bazaar,Human Error,Yes,Grievous Injury,Vehicle to Vehicle,Signal lights Automatic,Straight and flat,Not Applicable,Bitumen(Tar),Dry,Not Applicable,Fine,T DASARAHALLI,JAIN TEMPLE,1.5,13.046286,77.513983
Bengaluru City,Peenya Traffic PS,1.04432e+16,2023,1,2,Road Accidents,Narrow road,City/Town,Near Hospital,Human Error,No,Simple Injury,Vehicle to Vehicle,Not Applicable,Curve,Expressway,Bitumen(Tar),Dry,No influence on accident,Clear,DEEPAK U TURN,TUMKUR RAOD,1.5 KM,0.0,0.0
Bengaluru City,Peenya Traffic PS,1.04432e+16,2023,1,1,Road Accidents,Circle,City/Town,Residential area,Human Error,No,Grievous Injury,Hit pedestrian,Uncontrolled,Not Applicable,Not Applicable,Bitumen(Tar),Dry,Not Applicable,Fine,"KAPILA NAGAR, 40 FEET ROAD",TREE,40FEET,13.003381,77.515808
Bengaluru City,Peenya Traffic PS,1.04432e+16,2023,1,1,Road Accidents,Circle,City/Town,Near Bus stop,Human Error,No,Grievous Injury,Hit pedestrian,Controlled,Straight and flat,NH,Not Applicable,Others,Not Applicable,Clear,DASARALLI METRO STATION US STOP NH-4 TUMKUR ROAD,DASARALLI METRO STATION,30FEET,13.043007,77.513223
Bengaluru City,Peenya Traffic PS,1.04432e+16,2023,1,1,Road Accidents,Circle,City/Town,Near Bus stop,Human Error,Yes,Simple Injury,Hit pedestrian,Controlled,Straight and flat,NH,Not Applicable,Others,Not Applicable,Fog / Mist,SRS JUNCTION NAGTIONAL HIGHWAY 4 TUMAKURU ROAD,H M C CAR PITTING,30FEET,13.034723,77.529652
Bengaluru City,Peenya Traffic PS,1.04432e+16,2023,1,1,Road Accidents,Circle,City/Town,Near Bus stop,Human Error,No,Simple Injury,Not Applicable,Controlled,Straight and flat,NH,Not Applicable,Others,Not Applicable,Clear,OPP R V WINES NH 4 TUMKURU ROAD,SATYANARAYANA HARDWEAR SHOPE,30FEET,13.036305,77.525001
Bengaluru City,Peenya Traffic PS,1.04432e+16,2023,1,2,Road Accidents,Circle,City/Town,Near a factory industrial area,Human Error,No,Not Applicable,Vehicle to Vehicle,Controlled,Straight and flat,NH,Not Applicable,Others,Not Applicable,Clear,PEENYA FLY OVER NH-4 TUMKUR ROAD,FLY OVER PILAR NOMBER,50FEET,13.036374,77.525504
Bengaluru City,Peenya Traffic PS,1.04432e+16,2023,1,2,Road Accidents,Curves,City/Town,Near a factory industrial area,Human Error,No,Fatal,Vehicle to Vehicle,Controlled,Straight and flat,NH,Not Applicable,Others,Not Applicable,Cloudy,OPP SATTVA APARTMENT PEENYA FLY OVER,SATTVA APARTMENT,80FEET,13.025381,77.326548
Bengaluru City,Peenya Traffic PS,1.04432e+16,2023,1,1,Road Accidents,Junction,City/Town,In bazaar,Human Error,Yes,Grievous Injury,Hit pedestrian,Controlled,Not Applicable,Others,Bitumen(Tar),Dry,Not Applicable,Clear,NTTF CIRCLE,NTTF,20 FEE,13.02508,77.511096
Bengaluru City,Peenya Traffic PS,1.04432e+16,2023,1,2,Road Accidents,Cross roads,City/Town,Near or inside a village,Human Error,No,Grievous Injury,Vehicle to Vehicle,Controlled,Straight and flat,Others,Bitumen(Tar),Dry,Not Applicable,Clear,MALLASANDRA MAIN ROAD,MALLASANDRA MAIN ROAD,200MT,13.056923,77.508308
Bengaluru City,Peenya Traffic PS,1.04432e+16,2023,1,2,Road Accidents,Junction,City/Town,Near Bus stop,Human Error,No,Simple Injury,Vehicle to Vehicle,Controlled,Not Applicable,State Highway,Bitumen(Tar),Dry,Not Applicable,Dust Storn,HESARAGATTA MAIN ROAD,MEI JUCTION,1.5 FE,13.060019,77.506849
Bengaluru City,Peenya Traffic PS,1.04432e+16,2023,1,2,Road Accidents,Narrow road,City/Town,Near Hospital,Human Error,Yes,Grievous Injury,Vehicle to Vehicle,No signal lights,Straight and flat,Two way,Bitumen(Tar),Dry,Not Applicable,Fine,NEAR RILEANCE SMART POINT HESARAGATTA MAIN ROAD,ELECRICLE POLE,30FEET,13.048479,77.507759
Bengaluru City,Peenya Traffic PS,1.04432e+16,2023,1,1,Road Accidents,Circle,City/Town,Open area,Human Error,No,Grievous Injury,Hit pedestrian,Signal lights Automatic,Curve,Others,Bitumen(Tar),Dry,Not Applicable,Fine,"NTTF CIRCLE,",TRAFFIC SIGNAL,10 MTR,13.025047,77.511047
Bengaluru City,Peenya Traffic PS,1.04432e+16,2023,1,2,Road Accidents,Cross roads,City/Town,Near Hospital,Human Error,No,Grievous Injury,Vehicle to Vehicle,Not at  Junction,Straight and flat,Service Road,Bitumen(Tar),Dry,No influence on accident,Cloudy,T DASARAHALLI SERVICE ROAD,OPP RAGHAVENDRA PEOPLE TREE HOSPITAL,5 FT,13.042249,77.515517
Bengaluru City,Peenya Traffic PS,1.04432e+16,2023,1,2,Road Accidents,Narrow road,City/Town,Near Petrol Pump,Human Error,Yes,Fatal,Vehicle to Vehicle,Signal lights Automatic,Not Applicable,NH,Bitumen(Tar),Dry,Not Applicable,Clear,"8TH MILE JUNCTION, NH -4, TUMKUR RAOD,",8TH MILE JUNCTION,10FEET,13.045267,77.507321
Bengaluru City,Peenya Traffic PS,1.04432e+16,2023,1,1,Road Accidents,Junction,City/Town,Open area,Human Error,No,Grievous Injury,Hit pedestrian,Not at  Junction,Not Applicable,NH,Bitumen(Tar),Dry,Not Applicable,Fine,SRS JUNCTION,METRO PILLER 10,20FEET,13.034723,77.529652
Bengaluru City,Peenya Traffic PS,1.04432e+16,2023,1,3,Road Accidents,Not Applicable,City/Town,Narrow bridge or culverts,Human Error,No,Damage Only,Vehicle to Vehicle,Uncontrolled,Others,NH,Bitumen(Tar),Dry,Not Applicable,Fine,PEENYA FLY OVER,FLY OVER,10 MTR,13.0395,77.519
Bengaluru City,Peenya Traffic PS,1.04432e+16,2023,1,2,Road Accidents,Circle,City/Town,Near Bus stop,Human Error,No,Fatal,Vehicle to Vehicle,Controlled,Straight and flat,NH,Not Applicable,Others,Not Applicable,Clear,NH-4 TUMAKURA ROAD PEENYA FLYOVER PILLAR NUMBER 69,ANCHEPALYA,30FEET,13.04294,77.51329
Bengaluru City,Peenya Traffic PS,1.04432e+16,2023,1,1,Road Accidents,Junction,City/Town,At pedestrian Crossing,Human Error,No,Simple Injury,Hit pedestrian,Signal lights Automatic,Straight and flat,NH,Bitumen(Tar),Dry,Not Applicable,Not Applicable,SRS JUNCTION,METRO PILLER,20FEET,13.034723,77.529652
Bengaluru City,Peenya Traffic PS,1.04432e+16,2023,1,2,Road Accidents,Junction,City/Town,Near Bus stop,Human Error,No,Fatal,Vehicle to Vehicle,Signal lights Automatic,Straight and flat,NH,Bitumen(Tar),Dry,Not Applicable,Fine,JALAHALLI CROSS JUNCTION,METRO PILLER 50,20FEET,13.039956,77.518457
Bengaluru City,Peenya Traffic PS,1.04432e+16,2023,1,1,Road Accidents,Cross roads,City/Town,Near School or College,Human Error,Yes,Simple Injury,Hit pedestrian,Controlled,Straight and flat,NH,Not Applicable,Others,Not Applicable,Mist or Fog,B L SAGAR HOTEL OPPOSITE NEAR GOVERNAMENT SCHOOL,B L SAGAR HOTEL,30FEET,13.034723,77.529652
Bengaluru City,Peenya Traffic PS,1.04432e+16,2023,1,2,Road Accidents,Cross roads,City/Town,Near a factory industrial area,Human Error,No,Simple Injury,Vehicle to Vehicle,Controlled,Straight and flat,Others,Not Applicable,Others,Not Applicable,Fog / Mist,DURGA BEKARI HEGGANAHALLI CROSS PEENYA 2ND STAGE,DURGA BEKARI,30FEET,13.016879,77.502036
Bengaluru City,Peenya Traffic PS,1.04432e+16,2023,1,1,Road Accidents,Junction,City/Town,Near School or College,Not Applicable,No,Fatal,Hit pedestrian,Controlled,Not Applicable,NH,Bitumen(Tar),Dry,Not Applicable,Others,SRS JUNCTION NAGTIONAL HIGHWAY 4 TUMAKURU ROAD,SRS JUNCTION NH4 TUMAKURU ROAD,10 FT,13.01875,77.236587
Bengaluru City,Peenya Traffic PS,1.04432e+16,2023,1,1,Not Applicable,Narrow road,City/Town,Open area,Human Error,Not Applicable,Not Applicable,Not Applicable,Uncontrolled,Others,Others,Bitumen(Tar),Dry,Not Applicable,Fine,11TH CROSS RAMAIAH LAYOUT,GOVT SCHOOL,20FEET,13.032639,77.490733
Bengaluru City,Peenya Traffic PS,1.04432e+16,2023,1,1,Road Accidents,Cross roads,City/Town,Near Bus stop,Human Error,No,Simple Injury,Hit pedestrian,Controlled,Straight and flat,Others,Bitumen(Tar),Others,Pot holed,Others,"SHREERAM HOTEL,HEGGANAHALLI MAIN ROAD",SHREERAM HOTEL,50FEET,13.107136,77.506717
Bengaluru City,Peenya Traffic PS,1.04432e+16,2023,1,1,Road Accidents,Narrow road,City/Town,Open area,Not Applicable,Yes,Fatal,Hit pedestrian,Uncontrolled,Straight and flat,Others,Bitumen(Tar),Dry,Not Applicable,Clear,SRS ROAD,ELECRICAL POLE,39 FEE,13.030487,77.5249979
Bengaluru City,Peenya Traffic PS,1.04432e+16,2023,1,2,Road Accidents,Narrow road,City/Town,Narrow bridge or culverts,Human Error,Yes,Grievous Injury,Vehicle to Vehicle,Uncontrolled,Straight and flat,NH,Bitumen(Tar),Not Applicable,Not Applicable,Fine,NH4,NAVAYUGA TOLL,4,13.0049354,77.494979
Bengaluru City,Peenya Traffic PS,1.04432e+16,2023,1,1,Road Accidents,Circle,City/Town,In bazaar,Human Error,No,Simple Injury,Hit pedestrian,No signal lights,Straight and flat,Two way,Bitumen(Tar),Dry,Not Applicable,Fine,LAVAKUSHANAGARA LAGGERE,ELECRICLE POLE,20FEET,0.13026454,0.77523994
Bengaluru City,Peenya Traffic PS,1.04432e+16,2023,1,1,Road Accidents,Circle,City/Town,Near a factory industrial area,Human Error,Yes,Fatal,Hit pedestrian,No signal lights,Straight and flat,NH,Bitumen(Tar),Dry,Not Applicable,Cloudy,NH 4 IKIA OPPOSITE,METRO PILLER 528,20FEET,13.04002021,77.51874055
Bengaluru City,Peenya Traffic PS,1.04432e+16,2023,1,2,Road Accidents,Circle,City/Town,Near Bus stop,Human Error,No,Grievous Injury,Vehicle to Vehicle,Controlled,Straight and flat,Others,Not Applicable,Others,Not Applicable,Clear,CHIKKABIDREKALLU BHAVANI NAGAR,SHINE LEDIAS BEAUTY PARLOR,30FEET,13.044382,77.484282
Bengaluru City,Peenya Traffic PS,1.04432e+16,2023,1,1,Road Accidents,Curves,City/Town,At pedestrian Crossing,Human Error,No,Simple Injury,Hit pedestrian,Controlled,Straight and flat,NH,Not Applicable,Others,Not Applicable,Clear,DEEPAK U TURN SERVICE ROAD,DEEPAK U TURN,30FEET,13.046638,77.503169
Bengaluru City,Peenya Traffic PS,1.04432e+16,2023,1,2,Road Accidents,Cross roads,City/Town,In bazaar,Human Error,No,Simple Injury,Vehicle to Vehicle,Controlled,Straight and flat,Others,Not Applicable,Others,Not Applicable,Clear,NEAR MARAMMA TEMPAL BAGALGUNTE MAIN  ROAD,MARAMMA DEVI TEMPAL,30FEET,0.0,0.0
Bengaluru City,Peenya Traffic PS,1.04432e+16,2023,1,1,Road Accidents,Cross roads,City/Town,Near School or College,Human Error,No,Simple Injury,Not Applicable,Controlled,Straight and flat,Others,Not Applicable,Others,Not Applicable,Clear,NEAR SIDDHARTH SCHOOL GANGONDANAHALLI,LAKSHMI GRANITES,30FEET,13.028987,77.486644
Bengaluru City,Peenya Traffic PS,1.04432e+16,2023,1,2,Road Accidents,Circle,City/Town,Near Bus stop,Human Error,Yes,Grievous Injury,Vehicle to Vehicle,Controlled,Crest of hill,Others,Not Applicable,Dry,Not Applicable,Clear,AHAM ATMA SCHOOL PILLANNA LAYOUT,PILLANNA LAYOUT,50FEET,13.025173,77.49539
Bengaluru City,Peenya Traffic PS,1.04432e+16,2023,1,1,Road Accidents,Junction,City/Town,Residential area,Human Error,Yes,Simple Injury,Hit pedestrian,Controlled,Others,One way,Bitumen(Tar),Dry,Drainage Ditch,Others,VINAYAK NAGARA  1ST MAIN 2ND CROSS,VINAYAK NAGARA 1MANI 2ND CROSS,50 MTR,13.046248,77.496119
Bengaluru City,Peenya Traffic PS,1.04432e+16,2023,1,2,Road Accidents,Circle,City/Town,Near Hospital,Human Error,No,Simple Injury,Vehicle to Vehicle,Controlled,Straight and flat,NH,Gravel,Dry,Not Applicable,Clear,ROYAL ENFIELD SHOW ROOM NH-4 TUMKUR ROAD,ROYAL ENFIELD SHOW ROOM,50FEET,13.044378,77.509672
Bengaluru City,Peenya Traffic PS,1.04432e+16,2023,1,2,Road Accidents,Junction,City/Town,Open area,Human Error,No,Simple Injury,Vehicle to Vehicle,No signal lights,Not Applicable,Residential Street,Bitumen(Tar),Dry,Not Applicable,Fine,PEENYA 2 ND STAGE BUS STOP,ELECRICLE POLE,20FEET,13.012876,77.505257
Bengaluru City,Peenya Traffic PS,1.04432e+16,2023,1,2,Road Accidents,Not Applicable,City/Town,Near a factory industrial area,Human Error,Yes,Grievous Injury,Vehicle to Vehicle,Not at  Junction,Straight and flat,NH,Bitumen(Tar),Dry,Not Applicable,Clear,VIDEO UPPER ramp,TUMKUR ROAD,50 MT,13.046544,77.503499
Bengaluru City,Peenya Traffic PS,1.04432e+16,2023,1,2,Road Accidents,Circle,City/Town,Near Bus stop,Human Error,Yes,Simple Injury,Vehicle to Vehicle,Uncontrolled,Straight and flat,Two way,Bitumen(Tar),Dry,Not Applicable,Fine,"NEAR BONEMILL BUS STOP BAGALAGUNTE,",TREE,25FEET,13.060077,77.506893
Bengaluru City,Peenya Traffic PS,1.04432e+16,2023,1,1,Road Accidents,Curves,City/Town,Near a factory industrial area,Human Error,No,Not Applicable,Not Applicable,Controlled,Others,Others,Not Applicable,Others,Not Applicable,Clear,NEAR SIDDHARTH SCHOOL GNGONDANAHALLI MAIN ROAD,LAKSHMI GRANITES,30FEET,13.047784,77.499869
Bengaluru City,Peenya Traffic PS,1.04432e+16,2023,1,2,Road Accidents,Junction,City/Town,Open area,Human Error,No,Grievous Injury,Vehicle to Vehicle,Signal lights Automatic,Straight and flat,NH,Bitumen(Tar),Dry,Not Applicable,Fine,"NH4, CHOKKASANDRA",METRO PILLER 65,30FEET,13.042439,77.514703
Bengaluru City,Peenya Traffic PS,1.04432e+16,2023,1,1,Road Accidents,Circle,City/Town,Open area,Human Error,No,Grievous Injury,Hit pedestrian,No signal lights,Straight and flat,Service Road,Bitumen(Tar),Dry,Not Applicable,Fine,THRIVENI  TARBAL FACTORY,TREE,40FEET,13.040089,77.527784
Bengaluru City,Peenya Traffic PS,1.04432e+16,2023,1,2,Road Accidents,Narrow road,City/Town,Residential area,Human Error,No,Grievous Injury,Vehicle to Vehicle,Uncontrolled,Not Applicable,Residential Street,Bitumen(Tar),Not Applicable,Not Applicable,Cloudy,OPP MAHESHWARAMMA TEMPLE,TREE,40FEET,13.0382543,77.493888
Bengaluru City,Peenya Traffic PS,1.04432e+16,2023,1,2,Road Accidents,Junction,City/Town,Near office complex,Human Error,No,Simple Injury,Vehicle to Vehicle,Uncontrolled,Straight and flat,NH,Bitumen(Tar),Others,Not Applicable,Cloudy,DODDABEDARKALLU MAIN ROAD,TREE,20FEET,0.0,0.0
Bengaluru City,Peenya Traffic PS,1.04432e+16,2023,1,1,Rail Road Accidents,Cross roads,City/Town,Open area,Human Error,Yes,Simple Injury,Hit pedestrian,Controlled,Straight and flat,Others,Not Applicable,Others,Not Applicable,Clear,M R LAYOUT MAIN ROAD,ROCK LINE STUDIO CIRCLE,30FEET,13.040114,77.496703
Bengaluru City,Peenya Traffic PS,1.04432e+16,2023,1,1,Road Accidents,Cross roads,City/Town,At pedestrian Crossing,Human Error,Yes,Fatal,Hit pedestrian,Controlled,Straight and flat,Others,Not Applicable,Others,Not Applicable,Clear,OPP CHOKKASANDRA LEAK ROAD T DASARALLI,SHRI LAKSHMI STEEL HARDWARE,30FEET,13.028093,77.483282
Bengaluru City,Peenya Traffic PS,1.04432e+16,2023,1,2,Road Accidents,Not Applicable,City/Town,Near a factory industrial area,Not Applicable,No,Simple Injury,Vehicle to Vehicle,Controlled,Straight and flat,Not Applicable,Bitumen(Tar),Dry,Not Applicable,Fog / Mist,SYNTHETIC PACKERS PVT.LTD .NTTF,NTTF JUNCTION,30FEET,13.027854,77.51753
Bengaluru City,Peenya Traffic PS,1.04432e+16,2023,1,1,Road Accidents,Not Applicable,City/Town,Near Hospital,Human Error,No,Fatal,Vehicle to Vehicle,Controlled,Straight and flat,NH,Bitumen(Tar),Dry,Not Applicable,Others,PEENYA 2 ND STAGE BUS STOP,SLN BAKERY,50FEET,13.009341,77.493697
Bengaluru City,Peenya Traffic PS,1.04432e+16,2023,1,1,Road Accidents,Narrow road,City/Town,In bazaar,Human Error,No,Grievous Injury,Hit pedestrian,Not Applicable,Others,Two way,Bitumen(Tar),Dry,Not Applicable,Clear,PEENYA 2 ND STAGE,FACTORY,40FEET,13.021191,77.497137
Bengaluru City,Peenya Traffic PS,1.04432e+16,2023,1,2,Road Accidents,Circle,City/Town,Near a factory industrial area,Human Error,No,Simple Injury,Vehicle to Vehicle,Controlled,Straight and flat,Others,Not Applicable,Others,Not Applicable,Clear,HHV COMAPNY,HHV COMAPNAY,30FEET,13.04118,77.528441
Bengaluru City,Peenya Traffic PS,1.04432e+16,2023,1,1,Rail Road Accidents,Narrow road,City/Town,Open area,Not Applicable,Yes,Simple Injury,Hit pedestrian,Uncontrolled,Straight and flat,Others,Bitumen(Tar),Dry,Not Applicable,Clear,NELAGADARANAHALLI MAIN ROAD HMT LAYOUT 10 CROSS ROAD JUNCTION,ELECRICAL POLE,20 FEE,13.030155,77.509437
Bengaluru City,Peenya Traffic PS,1.04432e+16,2023,1,2,Road Accidents,Junction,City/Town,In bazaar,Human Error,No,Simple Injury,Vehicle to Vehicle,Signal lights Automatic,Straight and flat,NH,Bitumen(Tar),Dry,Not Applicable,Fine,NEAR PEENYA PS SIGNAL NH4,PEENYA PS SIGNAL,1 KM,13.037527,77.522464
Bengaluru City,Peenya Traffic PS,1.04432e+16,2023,1,2,Road Accidents,Junction,City/Town,Open area,Human Error,Yes,Fatal,Vehicle to Vehicle,Signal lights Manual,Straight and flat,Arterial,Bitumen(Tar),Dry,No influence on accident,Cloudy,HESARAGHATTA MAIN ROAD,ELECTRICAL POLE,12FEET,13.056644,77.507333
Bengaluru City,Peenya Traffic PS,1.04432e+16,2023,1,1,Road Accidents,Circle,City/Town,Residential area,Human Error,No,Simple Injury,Hit pedestrian,Uncontrolled,Not Applicable,Not Applicable,Bitumen(Tar),Dry,Not Applicable,Fine,HEGGANAHALLI MAIN ROAD,ELECRICLE POLE,40FEET,13.006177,77.505207