DISTRICTNAME,UNITNAME,Crime_No,Year,RI,Noofvehicle_involved,Accident_Classification,Accident_Spot,Accident_Location,Accident_SubLocation,Main_Cause,Hit_Run,Severity,Collision_Type,Junction_Control,Road_Character,Road_Type,Surface_Type,Surface_Condition,Road_Condition,Weather,Accident_Road,Landmark_first,Distance_LandMark_First,Latitude,Longitude
Bengaluru City,Peenya Traffic PS,1.04432e+16,2023,1,1,Road Accidents,Junction,City/Town,Open area,Human Error,No,Simple Injury,Hit pedestrian,Not at  Junction,Not Applicable,NH,Bitumen(Tar),Dry,Not Applicable,Fine,NEAR DASARAHALLI METRO STATION,ELECRICLE POLE,20FEET,13.042964,77.512926
Bengaluru City,Peenya Traffic PS,1.04432e+16,2023,1,2,Road Accidents,Not Applicable,City/Town,Open area,Human Error,Yes,Simple Injury,Vehicle to Vehicle,Uncontrolled,Straight and flat,NH,Bitumen(Tar),Dry,Not Applicable,Fine,NEAR NAGASANDRA METRO STATION,NAGASANDRA METRO STATION NEAR,20FEET,13.047656,77.500015
Bengaluru City,Peenya Traffic PS,1.04432e+16,2023,1,1,Road Accidents,Circle,City/Town,Near Bus stop,Human Error,No,Fatal,Hit pedestrian,Controlled,Straight and flat,NH,Not Applicable,Others,Not Applicable,Clear,NH-4 TUMKURU ROAD FLYOVER PILLAR NO-88,HP PETROL PUMP,30FEET,13.045043,77.50833
Bengaluru City,Peenya Traffic PS,1.04432e+16,2023,1,2,Road Accidents,Cross roads,City/Town,Near a factory industrial area,Human Error,No,Simple Injury,Vehicle to Vehicle,Controlled,Straight and flat,Others,Not Applicable,Others,Not Applicable,Fog / Mist,PEENYA POLICE STATION NEAR,JAI MARUTI STALL,30FEET,13.036013,77.521221
Bengaluru City,Peenya Traffic PS,1.04432e+16,2023,1,2,Road Accidents,Circle,City/Town,Near Petrol Pump,Human Error,No,Not Applicable,Vehicle to Vehicle,Controlled,Straight and flat,NH,Not Applicable,Others,Not Applicable,Fog / Mist,nh 4 near shall petrol pump tumkur road,shall petrol pump,30FEET,0.0,0.0
Bengaluru City,Peenya Traffic PS,1.04432e+16,2023,1,1,Road Accidents,Cross roads,City/Town,Near a factory industrial area,Human Error,Yes,Simple Injury,Hit pedestrian,Controlled,Not Applicable,Others,Not Applicable,Not Applicable,Not Applicable,Fog / Mist,opp reliance general insurance,abb junction,30FEET,13.030985,77.512767
Bengaluru City,Peenya Traffic PS,1.04432e+16,2023,1,2,Road Accidents,Cross roads,City/Town,Open area,Human Error,No,Grievous Injury,Vehicle to Vehicle,Controlled,Straight and flat,Others,Not Applicable,Others,Not Applicable,Fog / Mist,TIPPENHALLI MAIN ROAD OPP SRMS ENTERPRISES TIPPENAHALLI,SRMS ENTERPRISES,30FEET,13.036372,77.492323
Bengaluru City,Peenya Traffic PS,1.04432e+16,2023,1,1,Road Accidents,Not Applicable,City/Town,Near Bus stop,Human Error,Yes,Grievous Injury,Hit pedestrian,Controlled,Straight and flat,NH,Bitumen(Tar),Dry,Not Applicable,Not Applicable,NH 4 TUMAKURU ROAD,SOUNDARYA HOTEL,100 MT,13.042735,77.513107
Bengaluru City,Peenya Traffic PS,1.04432e+16,2023,1,2,Road Accidents,Junction,City/Town,Open area,Human Error,Yes,Grievous Injury,Vehicle to Vehicle,Signal lights Automatic,Straight and flat,Others,Bitumen(Tar),Dry,Not Applicable,Clear,PIPE LINE ROAD,BASAVESHWARA BUS STOP JUNCTION,1KM,13.04360191,77.5254069
Bengaluru City,Peenya Traffic PS,1.04432e+16,2023,1,2,Road Accidents,Cross roads,City/Town,In bazaar,Human Error,No,Grievous Injury,Vehicle to Vehicle,Signals (Working),Straight and flat,Expressway,Bitumen(Tar),Dry,Not Applicable,Clear,SRS JUNCTION,TUMKUR ROAD,16FEET,13.03472,77.529693
Bengaluru City,Peenya Traffic PS,1.04432e+16,2023,1,2,Road Accidents,Junction,City/Town,Near Bus stop,Human Error,Yes,Simple Injury,Vehicle to Vehicle,Signal lights Automatic,Straight and flat,One way,Bitumen(Tar),Dry,Not Applicable,Fine,NEAR T DASARAHALLI METRO STATION,METRO PILLER,22FEET,13.043381,77.511721
Bengaluru City,Peenya Traffic PS,1.04432e+16,2023,1,2,Road Accidents,Narrow road,City/Town,Narrow bridge or culverts,Human Error,No,Simple Injury,Vehicle to Vehicle,Not at  Junction,Not Applicable,NH,Bitumen(Tar),Dry,Not Applicable,Clear,PEENYA FLYOVER,PEENYA,2,13.041928,77.515997
Bengaluru City,Peenya Traffic PS,1.04432e+16,2023,1,1,Road Accidents,Cross roads,City/Town,Near Hospital,Human Error,No,Fatal,Not Applicable,Not Applicable,Straight and flat,Others,Not Applicable,Others,Not Applicable,Cloudy,HEETA AYURVEDA COLLAGE & NEAR HOSPITAL GANGONDANAHALLI MAIN ROAD,HEETA AYURVEDA COLLAGE& HOSPITAL WALL,50FEET,0.0,0.0
Bengaluru City,Peenya Traffic PS,1.04432e+16,2023,1,2,Road Accidents,Junction,City/Town,Near School or College,Human Error,No,Simple Injury,Vehicle to Vehicle,Controlled,Straight and flat,NH,Bitumen(Tar),Dry,Not Applicable,Clear,OPP WIPO COMPANY NH 04 TUMAKURU ROAD,WIPRO COMPANY,40 FT,13.037324,77.523518
Bengaluru City,Peenya Traffic PS,1.04432e+16,2023,1,1,Road Accidents,Cross roads,City/Town,Near a factory industrial area,Human Error,No,Fatal,Not Applicable,Controlled,Straight and flat,Others,Not Applicable,Others,Not Applicable,Fog / Mist,GKW LAYOUT PEENYA 2ND STAGE,GKW LAYOU,30FEET,13.008645,77.509407
Bengaluru City,Peenya Traffic PS,1.04432e+16,2023,1,2,Road Accidents,Cross roads,City/Town,Near Petrol Pump,Human Error,Yes,Simple Injury,Vehicle to Vehicle,Controlled,Straight and flat,Others,Not Applicable,Others,Not Applicable,Fog / Mist,opp ayejis gass bunk hegganahalli main road,gass bunk,30feet,13.028142,77.326548
Bengaluru City,Peenya Traffic PS,1.04432e+16,2023,1,2,Road Accidents,Circle,City/Town,Near Bus stop,Human Error,Yes,Simple Injury,Vehicle to Vehicle,Controlled,Straight and flat,NH,Not Applicable,Others,Not Applicable,Clear,"NH-4 TUMKUR ROAD,SERVICE ROAD OPP IKIA MALL",PIOLLAR NO 527,50FEET,13.048483,77.498991
Bengaluru City,Peenya Traffic PS,1.04432e+16,2023,1,2,Road Accidents,Circle,City/Town,Open area,Human Error,No,Not Applicable,Vehicle to Vehicle,Controlled,Straight and flat,Others,Not Applicable,Others,Not Applicable,Others,WIDIA BUS STOP,WIDIA BUS STOP,50FEET,13.051238,77.507346
Bengaluru City,Peenya Traffic PS,1.04432e+16,2023,1,2,Road Accidents,Circle,City/Town,Residential area,Human Error,No,Simple Injury,Vehicle to Vehicle,Uncontrolled,Curve and Incline,Residential Street,Bitumen(Tar),Dry,Not Applicable,Fine,VIJAYA ROLLING MILL,ELECRICLE POLE,20FEET,13.0238917,77.5105093
Bengaluru City,Peenya Traffic PS,1.04432e+16,2023,1,2,Road Accidents,Circle,City/Town,Residential area,Human Error,Yes,Simple Injury,Vehicle to Vehicle,No signal lights,Others,Not Applicable,Bitumen(Tar),Dry,Not Applicable,Fine,"12 CROSS ROAD ,PEENYA",TREE,40FEET,13.0225,77.5039
Bengaluru City,Peenya Traffic PS,1.04432e+16,2023,1,1,Road Accidents,Narrow road,City/Town,Residential area,Human Error,No,Grievous Injury,Hit pedestrian,No signal lights,Not Applicable,Residential Street,Bitumen(Tar),Dry,Not Applicable,Others,THIGALARAPALYA MAIN ROAD,ELECRICLE POLE,40FEET,13.01398,77.4991
Bengaluru City,Peenya Traffic PS,1.04432e+16,2023,1,1,Road Accidents,Cross roads,City/Town,Residential area,Human Error,No,Fatal,Not Applicable,Controlled,Straight and flat,Others,Not Applicable,Others,Not Applicable,Cloudy,OOP HOUSE NO 222 .AMRUDHI NILAYA 7TH CROSS M E C LAYOUT RAJAGOPALANAGARA BENGALURU CITY,S L V INDUSTRY,50FEET,13.020816,77.518718
Bengaluru City,Peenya Traffic PS,1.04432e+16,2023,1,2,Road Accidents,Narrow road,City/Town,Narrow bridge or culverts,Human Error,No,Simple Injury,Vehicle to Vehicle,No signal lights,Others,Others,Bitumen(Tar),Dry,Not Applicable,Others,OPP ALL VELDENGINEER PFIVETE LIMITED PEENYA 2ND STAGE,ALL VELDNGINEER PFIVTE LTD,40M,13.041602,77.50486
Bengaluru City,Peenya Traffic PS,1.04432e+16,2023,1,2,Road Accidents,Not Applicable,City/Town,At pedestrian Crossing,Human Error,No,Fatal,Vehicle to Vehicle,Controlled,Straight and flat,NH,Bitumen(Tar),Dry,Not Applicable,Clear,NH 4 TUMAKURU ROAD,DASARALLI METRO,100 FT,13.042734,77.513708
Bengaluru City,Peenya Traffic PS,1.04432e+16,2023,1,2,Road Accidents,Not Applicable,City/Town,Open area,Human Error,No,Grievous Injury,Vehicle to Vehicle,Not at  Junction,Straight and flat,NH,Bitumen(Tar),Dry,No influence on accident,Fine,NH 4 TUMAKURU ROAD,NEAR DEEPAK U TURN,10 FT,13.0466,77.5033
Bengaluru City,Peenya Traffic PS,1.04432e+16,2023,1,3,Road Accidents,Narrow road,City/Town,Open area,Not Applicable,Yes,Grievous Injury,Vehicle to Vehicle,Uncontrolled,Straight and flat,Others,Bitumen(Tar),Dry,Not Applicable,Clear,ANDRAHALLI MAIN ROAD,e,15,13.028434,77.48874
Bengaluru City,Peenya Traffic PS,1.04432e+16,2023,1,2,Road Accidents,Circle,City/Town,Near School or College,Human Error,Yes,Grievous Injury,Vehicle to Vehicle,No signal lights,Not Applicable,Others,Bitumen(Tar),Dry,Not Applicable,Fine,NEAR SAPTHAGIRI HOSPITAL,NEAR COLLEGE,50 MTR,13.05171,77.507785
Bengaluru City,Peenya Traffic PS,1.04432e+16,2023,1,1,Road Accidents,Cross roads,City/Town,Near Hospital,Human Error,Yes,Grievous Injury,Vehicle to Vehicle,Controlled,Straight and flat,Others,Not Applicable,Others,Not Applicable,Fog / Mist,ANDRALLI MAIN ROAD SHRUSHRUTI HOSPITAL,ANDRALLI MAIN ROAD,20FEET,13.006049,77.497921
Bengaluru City,Peenya Traffic PS,1.04432e+16,2023,1,2,Road Accidents,Cross roads,City/Town,In bazaar,Human Error,No,Damage Only,Vehicle to Vehicle,Signal lights Automatic,Not Applicable,Not Applicable,Bitumen(Tar),Dry,No influence on accident,Clear,PS JUNCTION,NH4,100 mt,13.037841,77.522254
Bengaluru City,Peenya Traffic PS,1.04432e+16,2023,1,2,Road Accidents,Narrow road,City/Town,In bazaar,Human Error,No,Grievous Injury,Vehicle to Vehicle,Not at  Junction,Not Applicable,Not Applicable,Bitumen(Tar),Dry,Not Applicable,Clear,kere road,PEENYA 2ND STAGE,2 KM,13.030958,77.512633
Bengaluru City,Peenya Traffic PS,1.04432e+16,2023,1,1,Road Accidents,Narrow road,City/Town,Residential area,Human Error,Yes,Grievous Injury,Hit pedestrian,Not at  Junction,Not Applicable,Residential Street,Bitumen(Tar),Dry,Not Applicable,Clear,3RD CROSS,SANJEEVININAGAR,10 MTR,12.985316,77.489904
Bengaluru City,Peenya Traffic PS,1.04432e+16,2023,1,2,Road Accidents,Junction,City/Town,In bazaar,Human Error,Yes,Grievous Injury,Vehicle to Vehicle,Controlled,Straight and flat,NH,Bitumen(Tar),Dry,Not Applicable,Dust Storn,CHOKKASANDRA JUNCTION T DASARAHALLI,HOKKASANDRA JUNCTION,20MTR,13.045427,77.514669
Bengaluru City,Peenya Traffic PS,1.04432e+16,2023,1,2,Road Accidents,Not Applicable,City/Town,Open area,Human Error,No,Fatal,Vehicle to Vehicle,Not at  Junction,Straight and flat,NH,Bitumen(Tar),Dry,No influence on accident,Cloudy,NATIONAL HAIWAY 4 TUMAKURU BENGALURU ROAD,OPP SAVANI TRANSPORT,30 MTR,13.0504526,77.4927517
Bengaluru City,Peenya Traffic PS,1.04432e+16,2023,1,2,Road Accidents,Junction,City/Town,In bazaar,Human Error,No,Grievous Injury,Vehicle to Vehicle,Signals (Working),Straight and flat,Two way,Bitumen(Tar),Dry,No influence on accident,Clear,TVS CROSS,PEENYA,1.5,77.5206,13.03275
Bengaluru City,Peenya Traffic PS,1.04432e+16,2023,1,2,Road Accidents,Junction,City/Town,Open area,Human Error,No,Simple Injury,Vehicle to Vehicle,No signal lights,Others,Others,Bitumen(Tar),Dry,Not Applicable,Fine,DYNAMATIC JUNCTION,TREE,60FEET,13.03592,77.513094
Bengaluru City,Peenya Traffic PS,1.04432e+16,2023,1,2,Road Accidents,Junction,City/Town,Near Bus stop,Human Error,Yes,Simple Injury,Vehicle to Vehicle,No signal lights,Straight and flat,NH,Bitumen(Tar),Dry,Not Applicable,Fine,opp PRAKRIYA HOSPITAL NH4,METRO PILLER,20FEET,13.045692,77.506385
Bengaluru City,Peenya Traffic PS,1.04432e+16,2023,1,2,Road Accidents,Circle,City/Town,Near Bus stop,Human Error,No,Grievous Injury,Vehicle to Vehicle,Controlled,Others,NH,Not Applicable,Others,Not Applicable,Clear,T DASARAHALLI NH4 TUMKUR ROAD,METRO PILLER,30FEET,13.042301,77.514585
Bengaluru City,Peenya Traffic PS,1.04432e+16,2023,1,1,Road Accidents,Cross roads,City/Town,Near a factory industrial area,Human Error,No,Grievous Injury,Hit pedestrian,Uncontrolled,Straight and flat,Others,Not Applicable,Others,Not Applicable,Fog / Mist,ALIFHEN METARIK PRIVATE LIMITED COMPANY PEENYA FIRST STAGE,VASU INDUSTRY,50FEET,13.034974,77.52373
Bengaluru City,Peenya Traffic PS,1.04432e+16,2023,1,2,Road Accidents,Circle,City/Town,Near Bus stop,Human Error,No,Simple Injury,Vehicle to Vehicle,Controlled,Straight and flat,NH,Not Applicable,Others,Not Applicable,Fog / Mist,NH-4 TUMAKURU ROAD OPP RESTOLEX STORE,NANDINI MILK PARLOR,30FEET,13.044668,77.509103
Bengaluru City,Peenya Traffic PS,1.04432e+16,2023,1,2,Road Accidents,Cross roads,City/Town,Open area,Human Error,No,Grievous Injury,Vehicle to Vehicle,Controlled,Straight and flat,Others,Not Applicable,Others,Not Applicable,Fog / Mist,T DSARAHALLI PIPLAINE ROAD,B B M P FORESET,30FEET,13.008695,77.236548
Bengaluru City,Peenya Traffic PS,1.04432e+16,2023,1,2,Road Accidents,Junction,City/Town,Near Hospital,Human Error,No,Not Applicable,Vehicle to Vehicle,Controlled,Straight and flat,NH,Bitumen(Tar),Dry,Not Applicable,Fine,T DASARAHALLI NH4 TUMKUR ROAD,T DASARAHALLI JUNCTON,40FEET,13.042314,77.5146
Bengaluru City,Peenya Traffic PS,1.04432e+16,2023,1,2,Road Accidents,Narrow road,City/Town,In bazaar,Human Error,Yes,Grievous Injury,Vehicle to Vehicle,Not Applicable,Not Applicable,Service Road,Bitumen(Tar),Dry,Not Applicable,Clear,NAGASANDRA SERVICE ROAD,NAGASANDRA,2 KM,13.049158,77.496575
Bengaluru City,Peenya Traffic PS,1.04432e+16,2023,1,2,Road Accidents,Not Applicable,City/Town,Open area,Human Error,Yes,Grievous Injury,Vehicle to Vehicle,Not at  Junction,Straight and flat,NH,Bitumen(Tar),Dry,No influence on accident,Fine,NATIONAL HAIWAY 4 TUMAKURU BENGALURU ROAD,near peenya flyover piller no 85,28ft,13.04474,77.50915
Bengaluru City,Peenya Traffic PS,1.04432e+16,2023,1,2,Road Accidents,Narrow road,City/Town,Residential area,Human Error,Yes,Grievous Injury,Vehicle to Vehicle,Signal lights Automatic,Straight and flat,Two way,Bitumen(Tar),Dry,Not Applicable,Fine,"10 TH CROSS NTTF MAIN ROAD,",DEVI KRUPA VASADA MANE,30FEET,13.022404,77.509474
Bengaluru City,Peenya Traffic PS,1.04432e+16,2023,1,2,Road Accidents,Circle,City/Town,Near Petrol Pump,Human Error,Yes,Simple Injury,Vehicle to Vehicle,Controlled,Straight and flat,NH,Not Applicable,Others,Not Applicable,Clear,NATIONAL HIGHWAY 4 SERVICE ROAD OPP SHOBHA APARTMENT,SHOBHA APARTMENT,50FEET,13.047167,77.501462
Bengaluru City,Peenya Traffic PS,1.04432e+16,2023,1,1,Road Accidents,Circle,City/Town,Near office complex,Human Error,Yes,Grievous Injury,Hit pedestrian,Controlled,Straight and flat,Others,Not Applicable,Others,Not Applicable,Fog / Mist,SOUNDARYA COLLAGE MAIN ROAD BAGALGUNTE 1ST MAIN ROAD,OFFICE COMPLEX,20FEET,0.0,0.0
Bengaluru City,Peenya Traffic PS,1.04432e+16,2023,1,2,Road Accidents,Circle,City/Town,Open area,Human Error,No,Fatal,Vehicle to Vehicle,Controlled,Straight and flat,Others,Not Applicable,Others,Not Applicable,Clear,OPP CHETAN BAR & RESTORANT HESARUGHATTA MAIN ROAD,CHETAN BAR & RESTORANT,30FEET,13.052491,77.50792
Bengaluru City,Peenya Traffic PS,1.04432e+16,2023,1,3,Road Accidents,Circle,City/Town,Near Bus stop,Human Error,No,Fatal,Vehicle to Vehicle,Controlled,Straight and flat,NH,Not Applicable,Others,Not Applicable,Clear,NH-4 SERVICE ROAD OPP MALNAD HOTEL NEAR DASARALLI METRO STATION,MALNAD HOTEL,30,13.043295,77.511473
Bengaluru City,Peenya Traffic PS,1.04432e+16,2023,1,1,Road Accidents,Not Applicable,City/Town,Near or inside a village,Human Error,No,Fatal,Hit pedestrian,Not at  Junction,Straight and flat,Others,Concrete,Dry,Not Applicable,Clear,DEVARABAVI LAYOUT,B S N WATERTANKE PARKING ARIYA,400 M,13.056789,77.501523
Bengaluru City,Peenya Traffic PS,1.04432e+16,2023,1,2,Road Accidents,Circle,City/Town,Near Bus stop,Human Error,No,Simple Injury,Vehicle to Vehicle,Controlled,Others,NH,Not Applicable,Others,Not Applicable,Clear,PEENYA PS JUNCTION NH4 TUMKUR ROAD,TRAFFIC SIGNAL,30FEET,13.037973,77.521931
Bengaluru City,Peenya Traffic PS,1.04432e+16,2023,1,1,Road Accidents,Circle,City/Town,Near Bus stop,Human Error,No,Fatal,Not Applicable,Controlled,Straight and flat,Others,Concrete,Others,Not Applicable,Cloudy,"SHOOTZ LORDGE,ROYAL ENFIELD SHOWROOM,NH-4 TUMKUR ROAD",SHOOTS LORDGE,50FEET,13.04389,77.510283
Bengaluru City,Peenya Traffic PS,1.04432e+16,2023,1,2,Road Accidents,Circle,City/Town,Near Hospital,Human Error,No,Grievous Injury,Vehicle to Vehicle,Controlled,Straight and flat,Others,Concrete,Others,Not Applicable,Fog / Mist,NEAR V N BAR PIPELINE ROAD,V N BAR,50,13.048553,77.518398
Bengaluru City,Pulakeshinagar Traffic PS,1.04432e+16,2016,1,1,Road Accidents,Other,City/Town,Residential area,Human Error,No,Fatal,Head on,Not at  Junction,Others,Two way,Bitumen(Tar),Others,No influence on accident,Clear,NEW BAGALURE LAYOUT,NEW BAGALURE LAYOUT,2 KM,0.0,0.0
Bengaluru City,Pulakeshinagar Traffic PS,1.04432e+16,2016,1,2,Road Accidents,Railway crossing,City/Town,Open area,Human Error,Yes,Grievous Injury,Hit and Run,Uncontrolled,Hump,City or Town Road,Bitumen(Tar),Dry,Drainage Ditch,Clear,A.M.C ROAD,BAZAR,10,77.609362,13.023344
Bengaluru City,Pulakeshinagar Traffic PS,1.04432e+16,2016,1,1,Road Accidents,Narrow road,City/Town,Narrow bridge or culverts,Human Error,No,Fatal,Skidding or Self accident,Uncontrolled,Others,Two way,Bitumen(Tar),Others,No influence on accident,Clear,I T C FLY OVER,BANASAWADI MAIN ROAD,0.5,0.0,0.0
Bengaluru City,Pulakeshinagar Traffic PS,1.04432e+16,2016,1,1,Road Accidents,Narrow road,City/Town,Near School or College,Human Error,Yes,Grievous Injury,Hit and Run,Uncontrolled,Others,One way,Bitumen(Tar),Others,No influence on accident,Clear,SUNDARMURTHY ROAD,SUNDARMURTHY ROAD,1,0.0,0.0
Bengaluru City,Pulakeshinagar Traffic PS,1.04432e+16,2016,1,1,Road Accidents,Other,City/Town,Residential area,Human Error,No,Grievous Injury,Head on,Not at  Junction,Others,Two way,Bitumen(Tar),Others,No influence on accident,Clear,FARVEEN MOSQUE ROAD,GHANDI NAGAR ROAD,5,0.0,0.0
Bengaluru City,Pulakeshinagar Traffic PS,1.04432e+16,2016,1,2,Road Accidents,Other,City/Town,Open area,Human Error,No,Fatal,Others,Uncontrolled,Others,City or Town Road,Bitumen(Tar),Dry,Not Applicable,Clear,"NEAR SURANA  MEIDCAL,,VEELAR ROAD",OPEN AREA,10,0.0,0.0
Bengaluru City,Pulakeshinagar Traffic PS,1.04432e+16,2016,1,2,Road Accidents,T Junction,City/Town,In bazaar,Human Error,Yes,Grievous Injury,Head on,Controlled,Curve,Two way,Bitumen(Tar),Others,No influence on accident,Clear,COLES ROAD,COLES ROAD,1,0.0,0.0
Bengaluru City,Pulakeshinagar Traffic PS,1.04432e+16,2016,1,2,Road Accidents,Junction,City/Town,Open area,Human Error,Yes,Damage Only,Head on,Controlled,Incline,Two way,Bitumen(Tar),Others,No influence on accident,Others,WHEELAR ROAD,WHEELAR ROAD,1 KM,0.0,0.0
Bengaluru City,Pulakeshinagar Traffic PS,1.04432e+16,2016,1,2,Road Accidents,Y Junction,City/Town,Open area,Human Error,No,Simple Injury,Head on,Controlled,Others,Two way,Bitumen(Tar),Others,No influence on accident,Clear,SINDHI COLONY,WHEELER ROAD,1 KM,0.0,0.0
Bengaluru City,Pulakeshinagar Traffic PS,1.04432e+16,2016,1,1,Road Accidents,Narrow road,City/Town,Near a religious place,Human Error,Yes,Grievous Injury,Head on,Not at  Junction,Others,Two way,Bitumen(Tar),Others,No influence on accident,Wind,HENNU MAIN ROAD,OPP SRI RAMA TEMPLE,2 KM,0.0,0.0
Bengaluru City,Pulakeshinagar Traffic PS,1.04432e+16,2016,1,2,Road Accidents,Culvert,City/Town,Narrow bridge or culverts,Human Error,No,Damage Only,Rear end,Controlled,Others,Sub Arterial,Concrete,Others,No influence on accident,Clear,RAILWAY UNDER BRIDGE,LAZER ROAD,0.5,0.0,0.0
Bengaluru City,Pulakeshinagar Traffic PS,1.04432e+16,2016,1,1,Road Accidents,Bridge,City/Town,Open area,Human Error,No,Grievous Injury,Others,Uncontrolled,Others,NH,Bitumen(Tar),Dry,Drainage Ditch,Clear,"I.T.C FLY OVER,BANASWADI MAIN ROAD",OPEN AREA,10,0.0,0.0
Bengaluru City,Pulakeshinagar Traffic PS,1.04432e+16,2016,1,1,Road Accidents,Other,City/Town,Near office complex,Human Error,No,Fatal,Others,Uncontrolled,Others,Two way,Bitumen(Tar),Others,No influence on accident,Clear,HENNUR MAIN ROAD,NEAR SRI RAMA TEMPLE,2,0.0,0.0
Bengaluru City,Pulakeshinagar Traffic PS,1.04432e+16,2016,1,2,Road Accidents,Cross roads,City/Town,In bazaar,Human Error,Yes,Simple Injury,Hit and Run,Uncontrolled,Curve,City or Town Road,Bitumen(Tar),Dry,Not Applicable,Cloudy,LAZER ROAD,KEB,15,0.0,0.0
Bengaluru City,Pulakeshinagar Traffic PS,1.04432e+16,2016,1,1,Road Accidents,Narrow road,City/Town,Residential area,Human Error,No,Grievous Injury,Rear end,Not at  Junction,Others,Two way,Bitumen(Tar),Others,No influence on accident,Others,SHAMPURA MAIN ROAD,NEAR KUMBA MASJID,3 KM,0.0,0.0
Bengaluru City,Pulakeshinagar Traffic PS,1.04432e+16,2016,1,2,Road Accidents,Curves,City/Town,In bazaar,Human Error,No,Simple Injury,Others,Signal lights Blinking,Others,Others,Bitumen(Tar),Dry,Not Applicable,Clear,tannary road,bazar,10,0.0,0.0
Bengaluru City,Pulakeshinagar Traffic PS,1.04432e+16,2016,1,1,Road Accidents,Narrow road,City/Town,Residential area,Human Error,No,Fatal,Skidding or Self accident,Uncontrolled,Others,One way,Bitumen(Tar),Others,No influence on accident,Wind,NETHAJI ROAD,NETHAJI ROAD,1,0.0,0.0
Bengaluru City,Pulakeshinagar Traffic PS,1.04432e+16,2016,1,1,Road Accidents,Narrow road,City/Town,Open area,Human Error,Yes,Grievous Injury,Head on,Not at  Junction,Others,Two way,Bitumen(Tar),Others,No influence on accident,Clear,GOVINDAPURA MAIN ROAD,OPP GOUSIA TEE STALL,5,0.0,0.0
Bengaluru City,Pulakeshinagar Traffic PS,1.04432e+16,2016,1,2,Road Accidents,Other,City/Town,Residential area,Not Applicable,No,Damage Only,Rear end,Not at  Junction,Others,Two way,Bitumen(Tar),Others,No influence on accident,Clear,ASSAYEE ROAD,ASSAYEE ROAD,1 KM,0.0,0.0
Bengaluru City,Pulakeshinagar Traffic PS,1.04432e+16,2016,1,2,Road Accidents,Road hump or Rumble strips,City/Town,In bazaar,Human Error,No,Simple Injury,Others,Controlled,Hump,City or Town Road,Bitumen(Tar),Dry,Not Applicable,Cloudy,MASQUE ROAD,BAZAR,15,0.0,0.0
Bengaluru City,Pulakeshinagar Traffic PS,1.04432e+16,2016,1,2,Road Accidents,Bottleneck,City/Town,Open area,Human Error,No,Fatal,Side swipe,Uncontrolled,Incline,Two way,Bitumen(Tar),Others,No influence on accident,Clear,TANNERY ROAD,TANNERY ROAD,1 KM,0.0,0.0
Bengaluru City,Pulakeshinagar Traffic PS,1.04432e+16,2016,1,4,Road Accidents,Narrow road,City/Town,Open area,Human Error,Yes,Damage Only,Rear end,Not at  Junction,Others,Two way,Bitumen(Tar),Others,No influence on accident,Clear,NAGAWARA MAIN ROAD,NAGAWARA MAIN ROAD,5,0.0,0.0
Bengaluru City,Pulakeshinagar Traffic PS,1.04432e+16,2016,1,2,Road Accidents,T Junction,City/Town,Open area,Human Error,No,Fatal,Others,Not at  Junction,Hump,Not Applicable,Bitumen(Tar),Dry,Not Applicable,Clear,vigneswara temple,open area,10,77.629631,13.004058
Bengaluru City,Pulakeshinagar Traffic PS,1.04432e+16,2016,1,2,Road Accidents,T Junction,City/Town,Open area,Human Error,Yes,Damage Only,Head on,Uncontrolled,Others,Two way,Bitumen(Tar),Others,No influence on accident,Others,WHEELER ROAD,NEAR KEERTHI SAGAR HOTEL,1,0.0,0.0
Bengaluru City,Pulakeshinagar Traffic PS,1.04432e+16,2016,1,2,Road Accidents,Curves,City/Town,Open area,Human Error,No,Fatal,Others,Uncontrolled,Curve,City or Town Road,Bitumen(Tar),Dry,Not Applicable,Clear,banawadi main road,open area,20,0.0,0.0
Bengaluru City,Pulakeshinagar Traffic PS,1.04432e+16,2016,1,2,Road Accidents,Bridge,City/Town,Near School or College,Human Error,Yes,Fatal,Side swipe,Not at  Junction,Others,One way,Bitumen(Tar),Others,No influence on accident,Clear,HENNUR MAIN ROAD,NEAR ST CHARLES SCHOOL,1 KM,0.0,0.0
Bengaluru City,Pulakeshinagar Traffic PS,1.04432e+16,2016,1,2,Road Accidents,Junction,City/Town,In bazaar,Human Error,Yes,Simple Injury,Hit and Run,Uncontrolled,Others,City or Town Road,Bitumen(Tar),Dry,Pot holed,Clear,WEAR ROAD,BAZAR,10,0.0,0.0
Bengaluru City,Pulakeshinagar Traffic PS,1.04432e+16,2016,1,2,Road Accidents,Narrow road,City/Town,Residential area,Human Error,Yes,Grievous Injury,Others,Not at  Junction,Others,Two way,Bitumen(Tar),Others,No influence on accident,Clear,GOVER ROAD,GOVER ROAD,0.5,0.0,0.0
Bengaluru City,Pulakeshinagar Traffic PS,1.04432e+16,2016,1,2,Road Accidents,Other,City/Town,Open area,Human Error,Yes,Fatal,Hit and Run,Uncontrolled,Sharp Curve,City or Town Road,Bitumen(Tar),Dry,Drainage Ditch,Cloudy,"NO-6,HAAL ROAD RICHARD TOWN",BAZAR,5,0.0,0.0
Bengaluru City,Pulakeshinagar Traffic PS,1.04432e+16,2016,1,1,Road Accidents,T Junction,City/Town,Open area,Road Environment Defect,No,Fatal,Others,Uncontrolled,Curve,Two way,Bitumen(Tar),Others,No influence on accident,Clear,NAGAWARA MAIN ROAD,NAGAWARA MAIN ROAD,4 KM,0.0,0.0
Bengaluru City,Pulakeshinagar Traffic PS,1.04432e+16,2016,1,2,Road Accidents,Narrow road,City/Town,In bazaar,Human Error,No,Grievous Injury,Rear end,Not at  Junction,Others,Two way,Bitumen(Tar),Others,No influence on accident,Clear,TNNERY ROAD,NEAR POTTERY CIRCLE,1 KM,0.0,0.0
Bengaluru City,Pulakeshinagar Traffic PS,1.04432e+16,2016,1,2,Road Accidents,Narrow road,City/Town,Open area,Human Error,Yes,Grievous Injury,Head on,Not at  Junction,Others,Two way,Bitumen(Tar),Others,No influence on accident,Clear,HENNUR MAIN ROAD,OPP NARAYANA COLLEGE,2,77.628119,13.016758