DISTRICTNAME,UNITNAME,Crime_No,Year,RI,Noofvehicle_involved,Accident_Classification,Accident_Spot,Accident_Location,Accident_SubLocation,Main_Cause,Hit_Run,Severity,Collision_Type,Junction_Control,Road_Character,Road_Type,Surface_Type,Surface_Condition,Road_Condition,Weather,Accident_Road,Landmark_first,Distance_LandMark_First,Latitude,Longitude
Bengaluru City,R.T.Nagar Traffic PS,1.04432e+16,2016,1,2,Road Accidents,Cross roads,City/Town,Near Bus stop,Human Error,Yes,Simple Injury,Hit and Run,No signal lights,Curve,City or Town Road,Bitumen(Tar),Dry,Not Applicable,Clear,opp r t nagar tr ps,b b road,00km,13.033178,77.88174
Bengaluru City,R.T.Nagar Traffic PS,1.04432e+16,2016,1,2,Road Accidents,Cross roads,City/Town,Near Bus stop,Human Error,Yes,Simple Injury,Hit and Run,No signal lights,Curve,City or Town Road,Bitumen(Tar),Dry,Not Applicable,Clear,opp byaptist hospital,bb road,1km,13.035875,77.589097
Bengaluru City,R.T.Nagar Traffic PS,1.04432e+16,2016,1,2,Road Accidents,Circle,City/Town,Near Bus stop,Human Error,Not Applicable,Fatal,Others,No signal lights,Curve,City or Town Road,Bitumen(Tar),Dry,Not Applicable,Clear,B B ROAD,B B ROAD,2 KM,13.027011,77.58575
Bengaluru City,R.T.Nagar Traffic PS,1.04432e+16,2016,1,2,Road Accidents,Circle,City/Town,Near Bus stop,Human Error,Yes,Simple Injury,Hit and Run,No signal lights,Curve,City or Town Road,Bitumen(Tar),Dry,Not Applicable,Clear,NEW BEL ROAD,NEAR SADASHIV NAGAR PS,2.5 KM,13.018994,77.572467
Bengaluru City,R.T.Nagar Traffic PS,1.04432e+16,2016,1,1,Road Accidents,Junction,City/Town,Near Bus stop,Human Error,Not Applicable,Simple Injury,Not Applicable,Not at  Junction,Curve and Incline,Feeder Road,Bitumen(Tar),Dry,Not Applicable,Clear,DINNUR MAIN ROAD,NEAR DINNUR BUS STOP,2.5km,13.024189,77.596961
Bengaluru City,R.T.Nagar Traffic PS,1.04432e+16,2016,1,1,Rail Road Accidents,Curves,City/Town,Near Bus stop,Road Environment Defect,Yes,Damage Only,Hit and Run,Signal lights Automatic,Curve,City or Town Road,Bitumen(Tar),Dry,Not Applicable,Clear,jayamahal road,priyadarshini junction,3.5 km,13.001338,77.594526
Bengaluru City,R.T.Nagar Traffic PS,1.04432e+16,2016,1,1,Road Accidents,Cross roads,City/Town,Near Bus stop,Human Error,Yes,Simple Injury,Hit and Run,No signal lights,Curve,City or Town Road,Bitumen(Tar),Dry,Not Applicable,Clear,SANJAY NAGAR BUS STOP OPP NANDHINI MILK PARLER,SANJAY NAGAR,2.5km,13.03345,77.575954
Bengaluru City,R.T.Nagar Traffic PS,1.04432e+16,2016,1,2,Road Accidents,Circle,City/Town,Near Bus stop,Human Error,Not Applicable,Simple Injury,Others,No signal lights,Curve,City or Town Road,Bitumen(Tar),Dry,Not Applicable,Clear,B B ROAD,near bbh,0.5km,13.020666,77.592423
Bengaluru City,R.T.Nagar Traffic PS,1.04432e+16,2016,1,1,Road Accidents,Circle,City/Town,Near Bus stop,Human Error,Yes,Not Applicable,Hit and Run,No signal lights,Curve,City or Town Road,Bitumen(Tar),Dry,Not Applicable,Clear,B B ROAD,rbi calony,1.5KM,13.027011,77.58575
Bengaluru City,R.T.Nagar Traffic PS,1.04432e+16,2016,1,3,Road Accidents,Curves,City/Town,Near Bus stop,Human Error,Not Applicable,Simple Injury,Others,No signal lights,Curve,City or Town Road,Bitumen(Tar),Dry,Not Applicable,Clear,JAYAMAHAL ROAD,MINISTER FRONT OF HOUSE,2km,13.001338,77.594526
Bengaluru City,R.T.Nagar Traffic PS,1.04432e+16,2016,1,2,Road Accidents,Curves,City/Town,Near Bus stop,Human Error,Not Applicable,Simple Injury,Not Applicable,No signal lights,Curve,City or Town Road,Bitumen(Tar),Dry,Not Applicable,Clear,B B ROAD,R T NAGAR TRAFFIC P S,150M,13.033178,77.88174
Bengaluru City,R.T.Nagar Traffic PS,1.04432e+16,2016,1,3,Road Accidents,Bridge,City/Town,Near Bus stop,Human Error,No,Simple Injury,Rear end,Give way sign,Steep Incline or Climb,Arterial,Bitumen(Tar),Dry,No influence on accident,Clear,BB Road,BUS STOP,20,13.025611,77.585235
Bengaluru City,R.T.Nagar Traffic PS,1.04432e+16,2016,1,2,Road Accidents,Circle,City/Town,Near Bus stop,Human Error,Not Applicable,Simple Injury,Others,No signal lights,Curve,City or Town Road,Bitumen(Tar),Dry,Not Applicable,Clear,B B ROAD,near judges guest house,0.5KM,13.039282,77.589462
Bengaluru City,R.T.Nagar Traffic PS,1.04432e+16,2016,1,1,Road Accidents,Cross roads,City/Town,Near Bus stop,Human Error,Yes,Simple Injury,Hit and Run,No signal lights,Curve,City or Town Road,Bitumen(Tar),Dry,Not Applicable,Clear,2ND MAIN CHINNAPPA GARDEN,NANDIDURGA ROAD,3.5 km,13.004286,77.604289
Bengaluru City,R.T.Nagar Traffic PS,1.04432e+16,2016,1,2,Road Accidents,Circle,City/Town,Near Bus stop,Vehicle Defect,Not Applicable,Damage Only,Others,No signal lights,Curve,City or Town Road,Bitumen(Tar),Dry,Not Applicable,Clear,Sanjay nagar Main Road,OPP AKAI PUBLIC SCHOOL,2KM,13.037735,77.574152
Bengaluru City,R.T.Nagar Traffic PS,1.04432e+16,2016,1,2,Road Accidents,Circle,City/Town,Near Bus stop,Human Error,Yes,Simple Injury,Hit and Run,No signal lights,Curve,City or Town Road,Bitumen(Tar),Dry,Not Applicable,Clear,dinnur main road,dinnur main road,2km,13.01844,77.598882
Bengaluru City,R.T.Nagar Traffic PS,1.04432e+16,2016,1,2,Road Accidents,Cross roads,City/Town,Near Bus stop,Human Error,Not Applicable,Simple Injury,Not Applicable,No signal lights,Curve,City or Town Road,Bitumen(Tar),Dry,Not Applicable,Clear,NEAR CBI BUS STOP,B B ROAD,2KM,13.025611,77.585235
Bengaluru City,R.T.Nagar Traffic PS,1.04432e+16,2016,1,1,Road Accidents,Cross roads,City/Town,Near Hospital,Human Error,Not Applicable,Simple Injury,Others,No signal lights,Others,City or Town Road,Bitumen(Tar),Dry,Not Applicable,Clear,OPP M S RAMAIHA HOSPITAL,M S RAMAIHA HOSPITAL GATE 7,4KM,13.028391,77.871223
Bengaluru City,R.T.Nagar Traffic PS,1.04432e+16,2016,1,1,Road Accidents,Bridge,City/Town,Near Bus stop,Human Error,Yes,Fatal,Hit and Run,No signal lights,Curve,City or Town Road,Bitumen(Tar),Dry,Not Applicable,Very Hot,Jayamahal Road,BUS STOP,50M,13.001338,77.594526
Bengaluru City,R.T.Nagar Traffic PS,1.04432e+16,2016,1,1,Road Accidents,Cross roads,City/Town,Near Bus stop,Human Error,Not Applicable,Simple Injury,Others,No signal lights,Curve,City or Town Road,Bitumen(Tar),Dry,Not Applicable,Clear,new bel road,new bel road,2.5km,13.028391,77.871223
Bengaluru City,R.T.Nagar Traffic PS,1.04432e+16,2016,1,2,Road Accidents,Curves,City/Town,Near Bus stop,Vehicle Defect,Not Applicable,Damage Only,Not Applicable,No signal lights,Curve,City or Town Road,Bitumen(Tar),Dry,Not Applicable,Clear,near mekri circle under pass,b b road,2.1km,13.016976,77.583947
Bengaluru City,R.T.Nagar Traffic PS,1.04432e+16,2016,1,1,Road Accidents,Circle,City/Town,Near Bus stop,Human Error,Not Applicable,Simple Injury,Others,No signal lights,Curve,City or Town Road,Bitumen(Tar),Dry,Not Applicable,Clear,bb road,hebbal bus stop,1.5km,13.039282,77.589462
Bengaluru City,R.T.Nagar Traffic PS,1.04432e+16,2016,1,1,Road Accidents,Cross roads,City/Town,Near Bus stop,Human Error,Yes,Fatal,Hit and Run,No signal lights,Curve,City or Town Road,Bitumen(Tar),Dry,Not Applicable,Clear,B B ROAD,B B ROAD,2km,13.020666,77.592423
Bengaluru City,R.T.Nagar Traffic PS,1.04432e+16,2016,1,2,Road Accidents,Circle,City/Town,Near Bus stop,Human Error,No,Fatal,Others,No signal lights,Curve,City or Town Road,Bitumen(Tar),Dry,Not Applicable,Clear,B B ROAD,OPP VETERNARY COLLAGE,1KM,13.028642,77.586136
Bengaluru City,R.T.Nagar Traffic PS,1.04432e+16,2016,1,2,Road Accidents,Cross roads,City/Town,Near Bus stop,Human Error,No,Simple Injury,Others,No signal lights,Curve,City or Town Road,Bitumen(Tar),Dry,Not Applicable,Clear,near cbi bus stop,bb road,1km,13.025611,77.585235
Bengaluru City,R.T.Nagar Traffic PS,1.04432e+16,2016,1,2,Road Accidents,Curves,City/Town,Near Bus stop,Human Error,Not Applicable,Simple Injury,Others,No signal lights,Curve,City or Town Road,Bitumen(Tar),Dry,Not Applicable,Clear,RT NAGAR MAIN ROAD,RTNAGAR PUBLIC SCHOOL,2.5km,13.024889,77.592884
Bengaluru City,R.T.Nagar Traffic PS,1.04432e+16,2016,1,2,Road Accidents,Not Applicable,City/Town,In bazaar,Human Error,No,Grievous Injury,Head on,Uncontrolled,Straight and flat,Sub Arterial,Bitumen(Tar),Dry,No influence on accident,Very Cold,Sanjay nagar Main Road,25,15,13.031872,77.576866
Bengaluru City,R.T.Nagar Traffic PS,1.04432e+16,2016,1,2,Road Accidents,Bridge,City/Town,Near Bus stop,Not Applicable,Yes,Damage Only,Hit and Run,Not at  Junction,Others,City or Town Road,Bitumen(Tar),Dry,Not Applicable,Very Hot,B B ROAD,hebbal bus stop,150M,13.039282,77.589462
Bengaluru City,R.T.Nagar Traffic PS,1.04432e+16,2016,1,1,Road Accidents,Narrow road,City/Town,Open area,Human Error,Yes,Grievous Injury,Not Applicable,No signal lights,Not Applicable,NH,Not Applicable,Not Applicable,No influence on accident,Fine,b b road serivice road,makeo circel,52m,0.0,0.0
Bengaluru City,R.T.Nagar Traffic PS,1.04432e+16,2016,1,2,Road Accidents,Curves,City/Town,Near Bus stop,Human Error,Yes,Simple Injury,Head on,No signal lights,Curve,City or Town Road,Bitumen(Tar),Dry,Not Applicable,Clear,JAYAMAHAL ROAD,near hamanullakhan gate,3km,13.02387,77.576866
Bengaluru City,R.T.Nagar Traffic PS,1.04432e+16,2016,1,1,Road Accidents,Other,City/Town,Near Petrol Pump,Human Error,Not Applicable,Damage Only,Others,Not Applicable,Others,Arterial,Bitumen(Tar),Dry,Not Applicable,Clear,NANDIDUGA ROAD,NANDIDURGA ROAD,4.5,13.002028,77.598817
Bengaluru City,R.T.Nagar Traffic PS,1.04432e+16,2016,1,2,Road Accidents,Junction,City/Town,Near Bus stop,Human Error,Yes,Fatal,Hit and Run,No signal lights,Others,City or Town Road,Bitumen(Tar),Dry,Not Applicable,Clear,RT NAGAR MAIN ROAD,RT NAGAR MAIN ROAD,2.5,13.016245,77.59149
Bengaluru City,R.T.Nagar Traffic PS,1.04432e+16,2016,1,2,Road Accidents,Curves,City/Town,Near Bus stop,Vehicle Defect,Not Applicable,Damage Only,Others,Give way sign,Curve,City or Town Road,Bitumen(Tar),Dry,Not Applicable,Cloudy,jayamahal road,opp fun world,2km,13.006147,77.592959
Bengaluru City,R.T.Nagar Traffic PS,1.04432e+16,2016,1,2,Road Accidents,Curves,City/Town,Near Bus stop,Human Error,Not Applicable,Simple Injury,Others,Signal lights Automatic,Curve,City or Town Road,Bitumen(Tar),Dry,Not Applicable,Clear,CIL CROSS,RT NAGAR MAIN ROAD,2.5 KM,13.013443,77.593646
Bengaluru City,R.T.Nagar Traffic PS,1.04432e+16,2016,1,2,Road Accidents,Cross roads,City/Town,Near Bus stop,Human Error,Not Applicable,Simple Injury,Others,No signal lights,Curve,City or Town Road,Bitumen(Tar),Dry,Not Applicable,Clear,B B ROAD,NEAR MEKRI CIRCLE,2.5km,13.016976,77.583947
Bengaluru City,R.T.Nagar Traffic PS,1.04432e+16,2016,1,2,Road Accidents,Circle,City/Town,Near Bus stop,Vehicle Defect,Yes,Damage Only,Hit and Run,No signal lights,Curve,City or Town Road,Bitumen(Tar),Dry,Not Applicable,Clear,JAYAMAHAL ROAD,near palace hotel,3.5 km,13.001338,77.594526
Bengaluru City,R.T.Nagar Traffic PS,1.04432e+16,2016,1,2,Road Accidents,Bridge,City/Town,Narrow bridge or culverts,Human Error,Not Applicable,Simple Injury,Side swipe,Not Applicable,Straight and flat,Arterial,Bitumen(Tar),Not Applicable,No influence on accident,Clear,BB Road,Flyover,3,13.039282,77.589462
Bengaluru City,R.T.Nagar Traffic PS,1.04432e+16,2016,1,2,Road Accidents,Cross roads,City/Town,Near Bus stop,Human Error,Not Applicable,Simple Injury,Not Applicable,No signal lights,Curve,City or Town Road,Bitumen(Tar),Dry,Not Applicable,Clear,near sky wak hmt bhavan,bb road,2km,13.019172,77.583969
Bengaluru City,R.T.Nagar Traffic PS,1.04432e+16,2016,1,2,Road Accidents,Cross roads,City/Town,Near Bus stop,Human Error,Yes,Simple Injury,Hit and Run,No signal lights,Curve,City or Town Road,Bitumen(Tar),Dry,Not Applicable,Clear,B B ROAD,near sagar samrat hotel,2km,13.035875,77.589097
Bengaluru City,R.T.Nagar Traffic PS,1.04432e+16,2016,1,1,Road Accidents,Curves,City/Town,Near Bus stop,Vehicle Defect,No,Damage Only,Others,No signal lights,Curve,City or Town Road,Bitumen(Tar),Dry,Not Applicable,Cloudy,B B ROAD,b b road,500mtr,13.028642,77.586136
Bengaluru City,R.T.Nagar Traffic PS,1.04432e+16,2016,1,1,Road Accidents,Cross roads,City/Town,Near Bus stop,Vehicle Defect,Not Applicable,Damage Only,Others,No signal lights,Curve,City or Town Road,Bitumen(Tar),Dry,Not Applicable,Clear,opp vetarnary college,bb road,1KM,13.028642,77.586136
Bengaluru City,R.T.Nagar Traffic PS,1.04432e+16,2016,1,2,Road Accidents,Circle,City/Town,Near Bus stop,Human Error,Yes,Simple Injury,Hit and Run,No signal lights,Curve,City or Town Road,Bitumen(Tar),Dry,Not Applicable,Clear,B B ROAD,B B ROAD,3KM,13.006147,77.592959
Bengaluru City,R.T.Nagar Traffic PS,1.04432e+16,2016,1,1,Rail Road Accidents,Curves,City/Town,Near Bus stop,Human Error,Not Applicable,Simple Injury,Others,No signal lights,Curve,City or Town Road,Bitumen(Tar),Dry,Not Applicable,Clear,bb road,NEAR RT NAGAR POLICE STATION,100MTR,13.033178,77.88174
Bengaluru City,R.T.Nagar Traffic PS,1.04432e+16,2016,1,2,Road Accidents,Curves,City/Town,Near Bus stop,Human Error,No,Simple Injury,Not Applicable,No signal lights,Curve,Expressway,Bitumen(Tar),Dry,Not Applicable,Dust Storn,bhupasandra main road,near coconut guarden,3km,13.041394,77.58796
Bengaluru City,R.T.Nagar Traffic PS,1.04432e+16,2016,1,2,Road Accidents,Curves,City/Town,Near Bus stop,Vehicle Defect,Not Applicable,Damage Only,Others,No signal lights,Curve,City or Town Road,Bitumen(Tar),Dry,Not Applicable,Clear,B B ROAD,OPP CBI OFFICE,0.9KM,13.025611,77.585235
Bengaluru City,R.T.Nagar Traffic PS,1.04432e+16,2016,1,2,Road Accidents,Circle,City/Town,Near Bus stop,Human Error,Yes,Simple Injury,Others,No signal lights,Curve,City or Town Road,Bitumen(Tar),Dry,Not Applicable,Clear,B B ROAD,NEAR MEKRI CIRCLE,2KM,13.016976,77.583947
Bengaluru City,R.T.Nagar Traffic PS,1.04432e+16,2016,1,2,Road Accidents,Cross roads,City/Town,Near Bus stop,Human Error,Yes,Simple Injury,Hit and Run,No signal lights,Curve,City or Town Road,Bitumen(Tar),Dry,Not Applicable,Clear,RT NAGAR MAIN ROAD,near kfc,1KM,13.020666,77.59149
Bengaluru City,R.T.Nagar Traffic PS,1.04432e+16,2016,1,2,Road Accidents,Bridge,City/Town,Near Bus stop,Human Error,Not Applicable,Grievous Injury,Rear end,Not Applicable,Not Applicable,Arterial,Bitumen(Tar),Dry,No influence on accident,Clear,BB Road,FLY OVER SIDE WALL,10,0.0,0.0
Bengaluru City,R.T.Nagar Traffic PS,1.04432e+16,2016,1,2,Road Accidents,Cross roads,City/Town,Near Bus stop,Human Error,Yes,Simple Injury,Hit and Run,No signal lights,Curve,City or Town Road,Bitumen(Tar),Dry,Not Applicable,Clear,near chikku farm,bhoopasandra main road,1km,13.041394,77.58796
Bengaluru City,R.T.Nagar Traffic PS,1.04432e+16,2016,1,2,Road Accidents,Junction,City/Town,Near Bus stop,Vehicle Defect,Yes,Damage Only,Hit and Run,Give way sign,Curve,Forest Road,Bitumen(Tar),Dry,Not Applicable,Cloudy,bb road,near sanjay nagar cross,2km,13.022809,77.184505
Bengaluru City,R.T.Nagar Traffic PS,1.04432e+16,2016,1,2,Road Accidents,Curves,City/Town,Near Bus stop,Human Error,Yes,Simple Injury,Hit and Run,No signal lights,Curve,City or Town Road,Bitumen(Tar),Dry,Not Applicable,Clear,JAYAMAHAL ROAD,munireddy palya main road,3.5 km,13.009157,77.594547
Bengaluru City,R.T.Nagar Traffic PS,1.04432e+16,2016,1,1,Road Accidents,Curves,City/Town,Near Bus stop,Human Error,Yes,Simple Injury,Hit and Run,No signal lights,Curve,Feeder Road,Bitumen(Tar),Dry,Not Applicable,Cloudy,bb road,NEAR SIRI BAR,3.5 km,13.022057,77.603817
Bengaluru City,R.T.Nagar Traffic PS,1.04432e+16,2016,1,2,Road Accidents,Cross roads,City/Town,Near Bus stop,Human Error,Not Applicable,Simple Injury,Others,No signal lights,Curve,City or Town Road,Bitumen(Tar),Dry,Not Applicable,Clear,NEAR CBI,B B ROAD,0.5KM,13.025611,77.585235
Bengaluru City,R.T.Nagar Traffic PS,1.04432e+16,2016,1,2,Road Accidents,Curves,City/Town,Near Bus stop,Vehicle Defect,Yes,Damage Only,Hit and Run,No signal lights,Curve,City or Town Road,Bitumen(Tar),Dry,Not Applicable,Clear,dinnur main road,devegowda road,3.5 km,13.022924,77.600834
Bengaluru City,R.T.Nagar Traffic PS,1.04432e+16,2016,1,2,Road Accidents,Cross roads,City/Town,Near Bus stop,Human Error,Not Applicable,Simple Injury,Others,No signal lights,Curve,City or Town Road,Bitumen(Tar),Dry,Not Applicable,Clear,Sanjay nagar Main Road,sanjay nagar 3rd main,2km,13.03345,77.575954
Bengaluru City,R.T.Nagar Traffic PS,1.04432e+16,2016,1,2,Road Accidents,Circle,City/Town,Near Bus stop,Human Error,Yes,Simple Injury,Hit and Run,No signal lights,Curve,City or Town Road,Bitumen(Tar),Dry,Not Applicable,Clear,R T NAGAR MAIN ROAD,r t nagar,1.5KM,13.024889,77.592884
Bengaluru City,R.T.Nagar Traffic PS,1.04432e+16,2016,1,2,Road Accidents,Curves,City/Town,Near Bus stop,Vehicle Defect,Yes,Damage Only,Hit and Run,No signal lights,Curve,City or Town Road,Bitumen(Tar),Dry,Not Applicable,Clear,R T NAGAR MAIN ROAD,EMPIRE HOTEL,1.5KM,13.016245,77.59149
Bengaluru City,R.T.Nagar Traffic PS,1.04432e+16,2016,1,2,Road Accidents,Bridge,City/Town,Narrow bridge or culverts,Human Error,Yes,Simple Injury,Side impact or Right angle,Not Applicable,Not Applicable,Arterial,Bitumen(Tar),Dry,No influence on accident,Very Cold,BB Road,Street Light,10,13.016976,77.583947
Bengaluru City,R.T.Nagar Traffic PS,1.04432e+16,2016,1,2,Road Accidents,Circle,City/Town,Near Bus stop,Human Error,Yes,Simple Injury,Hit and Run,No signal lights,Curve,City or Town Road,Bitumen(Tar),Dry,Not Applicable,Clear,JAYAMAHAL ROAD,near old post office,2.5 km,13.001338,77.594526
Bengaluru City,R.T.Nagar Traffic PS,1.04432e+16,2016,1,1,Road Accidents,Circle,City/Town,Near Bus stop,Human Error,Yes,Fatal,Hit and Run,No signal lights,Curve,City or Town Road,Bitumen(Tar),Dry,Not Applicable,Clear,JAYAMAHAL ROAD,jayamahal roadJ,2 KM,13.006147,77.592959
Bengaluru City,R.T.Nagar Traffic PS,1.04432e+16,2016,1,2,Road Accidents,Circle,City/Town,Near Bus stop,Vehicle Defect,Not Applicable,Damage Only,Others,No signal lights,Curve,City or Town Road,Bitumen(Tar),Dry,Not Applicable,Clear,Sanjay nagar Main Road,OPP ACES LAYOUT 2ND MAIN,2.5 km,13.031872,77.576866
Bengaluru City,R.T.Nagar Traffic PS,1.04432e+16,2016,1,2,Road Accidents,Cross roads,City/Town,Near Bus stop,Vehicle Defect,Not Applicable,Damage Only,Others,No signal lights,Curve,City or Town Road,Bitumen(Tar),Dry,Not Applicable,Clear,NANDIDURGA ROAD,NEAR SMASHANA,2KM,13.001338,77.594547
Bengaluru City,R.T.Nagar Traffic PS,1.04432e+16,2016,1,1,Road Accidents,Circle,City/Town,Near a religious place,Human Error,Yes,Damage Only,Others,No signal lights,Curve,City or Town Road,Bitumen(Tar),Dry,Not Applicable,Clear,RT NAGAR MAIN ROAD,RT NAGAR MAIN ROAD,2KM,13.020666,77.592423
Bengaluru City,R.T.Nagar Traffic PS,1.04432e+16,2016,1,2,Road Accidents,Circle,City/Town,Near Bus stop,Human Error,Not Applicable,Simple Injury,Others,No signal lights,Curve,City or Town Road,Bitumen(Tar),Dry,Not Applicable,Clear,BHOOPASANDAR MAIN RAD,NEAR SAPOTA THOTA,2KM,13.041394,77.58796
Bengaluru City,R.T.Nagar Traffic PS,1.04432e+16,2016,1,1,Road Accidents,Cross roads,City/Town,Near Bus stop,Human Error,Not Applicable,Simple Injury,Others,No signal lights,Curve,City or Town Road,Bitumen(Tar),Dry,Not Applicable,Clear,Nandidurga Road,Near smashana,2.5km,13.006147,77.592959
Bengaluru City,R.T.Nagar Traffic PS,1.04432e+16,2016,1,1,Rail Road Accidents,Circle,City/Town,Near Bus stop,Human Error,Not Applicable,Simple Injury,Not Applicable,No signal lights,Curve,City or Town Road,Bitumen(Tar),Dry,Not Applicable,Clear,RT NAGAR MAIN ROAD,NEAR PAI ELECTRONICS,1.5km,13.026185,77.596961
Bengaluru City,R.T.Nagar Traffic PS,1.04432e+16,2016,1,2,Road Accidents,Other,City/Town,Near Bus stop,Human Error,Yes,Simple Injury,Others,Not Applicable,Not Applicable,Arterial,Bitumen(Tar),Dry,Not Applicable,Clear,DEVEGOWDA ROAD,DINNUR MAIN ROAD,1.5,13.01844,77.598882
Bengaluru City,R.T.Nagar Traffic PS,1.04432e+16,2016,1,2,Road Accidents,Other,City/Town,Near Bus stop,Human Error,Yes,Simple Injury,Others,No signal lights,Curve,City or Town Road,Bitumen(Tar),Dry,Not Applicable,Dust Storn,bb road,OOP RT NAGAR TRFFIC PS,100MTR,13.033178,77.88174
Bengaluru City,R.T.Nagar Traffic PS,1.04432e+16,2016,1,1,Road Accidents,Cross roads,City/Town,Near Bus stop,Human Error,Not Applicable,Simple Injury,Others,No signal lights,Curve,City or Town Road,Bitumen(Tar),Dry,Not Applicable,Clear,near sbm bank dgqa road,r t nagar,2KM,0.0,0.0
Bengaluru City,R.T.Nagar Traffic PS,1.04432e+16,2016,1,1,Road Accidents,Circle,City/Town,Near Bus stop,Human Error,Yes,Fatal,Hit and Run,No signal lights,Curve,City or Town Road,Bitumen(Tar),Dry,Not Applicable,Clear,B B ROAD,b b road,1.5KM,13.025611,77.585235
Bengaluru City,R.T.Nagar Traffic PS,1.04432e+16,2016,1,2,Road Accidents,Curves,City/Town,Near Bus stop,Human Error,Yes,Fatal,Hit and Run,No signal lights,Curve and Incline,City or Town Road,Bitumen(Tar),Dry,Not Applicable,Clear,B B ROAD,opp hp petrole bunk,2.5KM,13.025611,77.585235
Bengaluru City,R.T.Nagar Traffic PS,1.04432e+16,2016,1,1,Road Accidents,Cross roads,City/Town,Near Bus stop,Human Error,Not Applicable,Simple Injury,Not Applicable,No signal lights,Curve,City or Town Road,Bitumen(Tar),Dry,Not Applicable,Clear,near white house,dinnuru road rt nagar,1.5km,13.024189,77.596961
Bengaluru City,R.T.Nagar Traffic PS,1.04432e+16,2016,1,2,Road Accidents,Curves,City/Town,Near Bus stop,Human Error,Yes,Simple Injury,Hit and Run,No signal lights,Curve,City or Town Road,Bitumen(Tar),Dry,Not Applicable,Clear,B B ROAD,sanjay nagar,1.5KM,13.022809,77.584505
Bengaluru City,R.T.Nagar Traffic PS,1.04432e+16,2016,1,2,Road Accidents,Circle,City/Town,Near Bus stop,Human Error,Not Applicable,Simple Injury,Others,No signal lights,Curve,City or Town Road,Bitumen(Tar),Dry,Not Applicable,Clear,Sanjay nagar Main Road,SANJAY NAGAR 80 FEET ROAD,1.5KM,13.040411,77.579452
Bengaluru City,R.T.Nagar Traffic PS,1.04432e+16,2016,1,2,Road Accidents,Cross roads,City/Town,Near Bus stop,Human Error,Not Applicable,Simple Injury,Others,No signal lights,Curve,Feeder Road,Bitumen(Tar),Dry,Not Applicable,Clear,new bel road,NEAR ISRO JUNCTION,2.5 km,0.0,0.0
Bengaluru City,R.T.Nagar Traffic PS,1.04432e+16,2016,1,2,Road Accidents,Cross roads,City/Town,Near Bus stop,Human Error,Yes,Simple Injury,Hit and Run,No signal lights,Curve,City or Town Road,Bitumen(Tar),Dry,Not Applicable,Clear,RT NAGAR MAIN ROAD,CQALCIRCLE,2KM,13.011865,77.593571
Bengaluru City,R.T.Nagar Traffic PS,1.04432e+16,2016,1,2,Road Accidents,Other,City/Town,Near Bus stop,Human Error,Not Applicable,Damage Only,Others,Not Applicable,Others,Arterial,Bitumen(Tar),Dry,Not Applicable,Clear,BB ROADB,HEBBAL FLY OVER,1,13.039282,77.589462
Bengaluru City,R.T.Nagar Traffic PS,1.04432e+16,2016,1,2,Road Accidents,Curves,City/Town,Near Bus stop,Human Error,Not Applicable,Simple Injury,Others,No signal lights,Curve,City or Town Road,Bitumen(Tar),Dry,Not Applicable,Clear,DINNURU MAIN ROAD,white house gate opposite,2km,13.024189,77.600834
Bengaluru City,R.T.Nagar Traffic PS,1.04432e+16,2016,1,2,Rail Road Accidents,Narrow road,City/Town,In bazaar,Human Error,No,Grievous Injury,Others,Not at  Junction,Others,City or Town Road,Bitumen(Tar),Dry,Not Applicable,Very Cold,devegowda road,Kundana elecrtanics,10m,13.011854,77.595577
Bengaluru City,R.T.Nagar Traffic PS,1.04432e+16,2016,1,1,Road Accidents,Other,City/Town,Near Bus stop,Human Error,No,Grievous Injury,Others,Not at  Junction,Others,City or Town Road,Bitumen(Tar),Dry,Not Applicable,Others,B B ROAD,hebbal bus stop,10M,13.039282,77.58549962
Bengaluru City,R.T.Nagar Traffic PS,1.04432e+16,2016,1,2,Road Accidents,Curves,City/Town,Near Bus stop,Vehicle Defect,Not Applicable,Damage Only,Others,No signal lights,Curve,City or Town Road,Bitumen(Tar),Dry,Not Applicable,Clear,JAYAMAHAL ROAD,shivanna circle,2.5km,13.006147,77.592959
Bengaluru City,R.T.Nagar Traffic PS,1.04432e+16,2016,1,2,Road Accidents,Cross roads,City/Town,Near Bus stop,Human Error,Not Applicable,Simple Injury,Others,No signal lights,Curve,City or Town Road,Bitumen(Tar),Dry,Not Applicable,Clear,near state bank  east service road,bb road,0.5km,13.033178,77.88174
Bengaluru City,R.T.Nagar Traffic PS,1.04432e+16,2016,1,1,Road Accidents,Curves,City/Town,Near Bus stop,Human Error,Not Applicable,Simple Injury,Others,No signal lights,Curve,City or Town Road,Bitumen(Tar),Dry,Not Applicable,Clear,bhupasandra main road,60ft road,3.5 km,13.040411,77.579452
Bengaluru City,R.T.Nagar Traffic PS,1.04432e+16,2016,1,1,Road Accidents,Circle,City/Town,Near Bus stop,Human Error,Yes,Simple Injury,Hit and Run,No signal lights,Curve,City or Town Road,Bitumen(Tar),Dry,Not Applicable,Clear,j c nagar main road,anjaneya temple road,2.5 km,13.0009157,77.594547
Bengaluru City,R.T.Nagar Traffic PS,1.04432e+16,2016,1,3,Road Accidents,Circle,City/Town,Near Bus stop,Vehicle Defect,Yes,Damage Only,Hit and Run,No signal lights,Curve,Expressway,Bitumen(Tar),Dry,Not Applicable,Clear,nandidurga road,snehalaya2nd main,2km,12.999017,77.600105
Bengaluru City,R.T.Nagar Traffic PS,1.04432e+16,2016,1,2,Road Accidents,Circle,City/Town,Near Bus stop,Vehicle Defect,Yes,Damage Only,Hit and Run,No signal lights,Curve,City or Town Road,Bitumen(Tar),Dry,Not Applicable,Clear,B B ROAD,NEAR RT NAGAR POLICE STATION,1KM,13.033178,77.88174