DISTRICTNAME,UNITNAME,Crime_No,Year,RI,Noofvehicle_involved,Accident_Classification,Accident_Spot,Accident_Location,Accident_SubLocation,Main_Cause,Hit_Run,Severity,Collision_Type,Junction_Control,Road_Character,Road_Type,Surface_Type,Surface_Condition,Road_Condition,Weather,Accident_Road,Landmark_first,Distance_LandMark_First,Latitude,Longitude
Bengaluru City,R.T.Nagar Traffic PS,1.04432e+16,2017,1,2,Road Accidents,Narrow road,City/Town,Open area,Human Error,Yes,Simple Injury,Hit and Run,Not at  Junction,Others,Others,Bitumen(Tar),Dry,Not Applicable,Others,JAYAMAHAL ROAD,OPP FUN WORD,80FEET,13.006147,77.592959
Bengaluru City,R.T.Nagar Traffic PS,1.04432e+16,2017,1,2,Road Accidents,Circle,City/Town,Near Bus stop,Human Error,Yes,Simple Injury,Hit and Run,No signal lights,Curve,City or Town Road,Bitumen(Tar),Dry,Not Applicable,Clear,GANGANAGAR,GANGA NAGARA BUS STOP,0.5km,0.0,0.0
Bengaluru City,R.T.Nagar Traffic PS,1.04432e+16,2017,1,1,Road Accidents,Curves,City/Town,Near Bus stop,Human Error,No,Grievous Injury,Others,No signal lights,Curve,City or Town Road,Bitumen(Tar),Dry,Not Applicable,Clear,NAGASHETTIHALLI MAIN ROAD,MUNESHWARA TEMPLE,2.5KM,13.041551,77.57266
Bengaluru City,R.T.Nagar Traffic PS,1.04432e+16,2017,1,1,Road Accidents,Cross roads,City/Town,Near Hospital,Human Error,Yes,Simple Injury,Hit and Run,Not Applicable,Curve,City or Town Road,Bitumen(Tar),Dry,Not Applicable,Clear,80FEET ROAD,NEAR RAMAIAH HOSPITAL,2.5KM,13.024503,77.572038
Bengaluru City,R.T.Nagar Traffic PS,1.04432e+16,2017,1,2,Road Accidents,Junction,City/Town,Near Bus stop,Human Error,Not Applicable,Damage Only,Others,No signal lights,Curve,City or Town Road,Bitumen(Tar),Dry,Not Applicable,Clear,JAYAMAHAL ROAD,jc nagar police station,2.5 km,13.006147,77.592959
Bengaluru City,R.T.Nagar Traffic PS,1.04432e+16,2017,1,2,Road Accidents,Bridge,City/Town,Near Bus stop,Human Error,Not Applicable,Damage Only,Others,No signal lights,Curve,City or Town Road,Bitumen(Tar),Dry,Not Applicable,Clear,B B ROAD,B B ROAD,2.5 km,13.939282,77.589462
Bengaluru City,R.T.Nagar Traffic PS,1.04432e+16,2017,1,1,Road Accidents,Curves,City/Town,Near Bus stop,Human Error,Yes,Grievous Injury,Hit and Run,No signal lights,Curve,City or Town Road,Bitumen(Tar),Dry,Not Applicable,Clear,chamundi nagar road,Akbar majid road,02KM,13.021712,77.603259
Bengaluru City,R.T.Nagar Traffic PS,1.04432e+16,2017,1,1,Road Accidents,Circle,City/Town,Near Bus stop,Human Error,Yes,Grievous Injury,Hit and Run,No signal lights,Curve,City or Town Road,Bitumen(Tar),Dry,Not Applicable,Clear,B B ROAD,near krushi nirdeshanaalaya office n,1 km,13.035875,77.589097
Bengaluru City,R.T.Nagar Traffic PS,1.04432e+16,2017,1,1,Road Accidents,Cross roads,City/Town,Near Bus stop,Human Error,Yes,Simple Injury,Hit and Run,No signal lights,Curve,City or Town Road,Bitumen(Tar),Dry,Not Applicable,Clear,4TH CROSS ROAD,BASAVESHVARA LAYOUT,2.5KM,13.04155,77.57266
Bengaluru City,R.T.Nagar Traffic PS,1.04432e+16,2017,1,2,Road Accidents,Circle,City/Town,Near Bus stop,Vehicle Defect,Yes,Damage Only,Hit and Run,No signal lights,Curve,City or Town Road,Bitumen(Tar),Dry,Not Applicable,Clear,R T NAGAR MAIN ROAD,mla layout,1.5km,13.016245,77.59149
Bengaluru City,R.T.Nagar Traffic PS,1.04432e+16,2017,1,2,Road Accidents,Curves,City/Town,Near Bus stop,Human Error,Not Applicable,Grievous Injury,Others,No signal lights,Curve,City or Town Road,Bitumen(Tar),Dry,Not Applicable,Clear,hebbal service road,hebbal,1km,13.039282,77.589462
Bengaluru City,R.T.Nagar Traffic PS,1.04432e+16,2017,1,2,Road Accidents,Cross roads,City/Town,Near Bus stop,Human Error,Yes,Simple Injury,Hit and Run,No signal lights,Curve,City or Town Road,Bitumen(Tar),Dry,Not Applicable,Clear,matadahalli main road,near radhakrishna thiyetar,2km,13.013443,77.593646
Bengaluru City,R.T.Nagar Traffic PS,1.04432e+16,2017,1,1,Road Accidents,Cross roads,City/Town,Residential area,Human Error,Not Applicable,Fatal,Others,No signal lights,Curve,City or Town Road,Bitumen(Tar),Dry,Not Applicable,Clear,rt nagar main road,mla layout,2km,13.016245,77.59149
Bengaluru City,R.T.Nagar Traffic PS,1.04432e+16,2017,1,2,Road Accidents,Circle,City/Town,Near Bus stop,Human Error,Yes,Grievous Injury,Hit and Run,No signal lights,Curve,City or Town Road,Bitumen(Tar),Dry,Not Applicable,Clear,B B ROAD,sanjay nagar,2km,13.033178,77.88174
Bengaluru City,R.T.Nagar Traffic PS,1.04432e+16,2017,1,2,Road Accidents,Circle,City/Town,Near Bus stop,Human Error,Yes,Simple Injury,Hit and Run,No signal lights,Curve,City or Town Road,Bitumen(Tar),Dry,Not Applicable,Clear,SANJAY NAGAR ROAD,SANJAY NAGAR,3KM,13.018994,77.572467
Bengaluru City,R.T.Nagar Traffic PS,1.04432e+16,2017,1,2,Road Accidents,Curves,City/Town,Near Bus stop,Human Error,Not Applicable,Simple Injury,Others,No signal lights,Curve,City or Town Road,Bitumen(Tar),Dry,Not Applicable,Clear,near matadahalli road,RT NAGAR MAIN ROAD,2.5KM,13.013443,77.593646
Bengaluru City,R.T.Nagar Traffic PS,1.04432e+16,2017,1,2,Road Accidents,Cross roads,City/Town,Near Bus stop,Human Error,Yes,Grievous Injury,Hit and Run,Not Applicable,Curve,City or Town Road,Bitumen(Tar),Dry,Not Applicable,Clear,B B ROAD,HEAR HOSPITAL,2KM,13.909282,77.589462
Bengaluru City,R.T.Nagar Traffic PS,1.04432e+16,2017,1,2,Road Accidents,Circle,City/Town,Near Bus stop,Human Error,Not Applicable,Damage Only,Not Applicable,No signal lights,Curve,City or Town Road,Bitumen(Tar),Dry,Not Applicable,Clear,BHOPASANDRA MAIN ROAD,SANJAY NAGAR,2.5KM,13.040411,77.579452
Bengaluru City,R.T.Nagar Traffic PS,1.04432e+16,2017,1,1,Road Accidents,Other,City/Town,Near Bus stop,Human Error,Not Applicable,Simple Injury,Others,No signal lights,Curve,City or Town Road,Bitumen(Tar),Dry,Not Applicable,Clear,B B ROAD,INDIRA CANTEEN,0.5KM,13.025611,77.58575
Bengaluru City,R.T.Nagar Traffic PS,1.04432e+16,2017,1,1,Road Accidents,Curves,City/Town,Near Bus stop,Human Error,Not Applicable,Simple Injury,Others,No signal lights,Curve,City or Town Road,Bitumen(Tar),Dry,Not Applicable,Clear,BB ROAD,HEBBAL BUS STOP,05km,13.939282,77.589462
Bengaluru City,R.T.Nagar Traffic PS,1.04432e+16,2018,1,2,Road Accidents,Other,City/Town,Near Bus stop,Human Error,Yes,Simple Injury,Hit and Run,No signal lights,Curve,City or Town Road,Bitumen(Tar),Dry,Not Applicable,Clear,RT NAGAR,V V HOMES,2 km,13.024889,77.592884
Bengaluru City,R.T.Nagar Traffic PS,1.04432e+16,2018,1,2,Road Accidents,Cross roads,City/Town,Near Bus stop,Human Error,Yes,Simple Injury,Hit and Run,No signal lights,Curve,City or Town Road,Bitumen(Tar),Dry,Not Applicable,Clear,NANDIDURGA ROAD,NEAR APPALAO DAYAGNASTICS,2.5KM,0.0,0.0
Bengaluru City,R.T.Nagar Traffic PS,1.04432e+16,2018,1,1,Road Accidents,Other,City/Town,Near Bus stop,Human Error,No,Grievous Injury,Others,No signal lights,Others,City or Town Road,Bitumen(Tar),Dry,Not Applicable,Clear,RBI COLONY,NEAR MARIYAMMA TEMPLE,1.5KM,13.028642,77.586136
Bengaluru City,R.T.Nagar Traffic PS,1.04432e+16,2018,1,2,Road Accidents,Junction,City/Town,Open area,Not Applicable,Not Applicable,Damage Only,Others,Signal lights Automatic,Not Applicable,Others,Not Applicable,Others,Not Applicable,Clear,JAYAMAHAL ROAD,TV TOWER JUNTION,20FT,13.009868,77.590653
Bengaluru City,R.T.Nagar Traffic PS,1.04432e+16,2018,1,1,Road Accidents,Other,City/Town,Open area,Human Error,Not Applicable,Simple Injury,Not Applicable,Not Applicable,Others,City or Town Road,Bitumen(Tar),Dry,Not Applicable,Clear,jayamahal road,jayamahal road,2 KM,13.013778,77.587788
Bengaluru City,R.T.Nagar Traffic PS,1.04432e+16,2018,1,1,Not Applicable,Other,City/Town,Near Bus stop,Human Error,Not Applicable,Fatal,Others,Not Applicable,Others,Others,Not Applicable,Not Applicable,Not Applicable,Others,BB ROAD,TRAFFIC PS,100MTR,13.033178,77.88174
Bengaluru City,R.T.Nagar Traffic PS,1.04432e+16,2018,1,2,Road Accidents,Other,City/Town,Near Bus stop,Human Error,Not Applicable,Simple Injury,Others,Not Applicable,Others,City or Town Road,Bitumen(Tar),Dry,Not Applicable,Clear,B.B. ROAD,SANJAY NAGAR,1 km,13.025611,77.585235
Bengaluru City,R.T.Nagar Traffic PS,1.04432e+16,2018,1,2,Road Accidents,Other,City/Town,Near Hospital,Human Error,Not Applicable,Simple Injury,Others,Not Applicable,Others,City or Town Road,Bitumen(Tar),Dry,Not Applicable,Clear,B B ROAD,B B ROAD,500mtr,13.035875,77.589097
Bengaluru City,R.T.Nagar Traffic PS,1.04432e+16,2018,1,2,Road Accidents,Junction,City/Town,Near Bus stop,Human Error,Not Applicable,Simple Injury,Others,Not Applicable,Curve,City or Town Road,Bitumen(Tar),Dry,Not Applicable,Clear,B B ROAD,CBI JUNCTION,1KM,13.025611,77.58575
Bengaluru City,R.T.Nagar Traffic PS,1.04432e+16,2018,1,1,Road Accidents,Junction,City/Town,Near Bus stop,Human Error,Yes,Simple Injury,Others,No signal lights,Curve,City or Town Road,Bitumen(Tar),Dry,Not Applicable,Clear,ashwath nagar main road,ASHWATH NAGAR JUNCTION,2.5km,13.042481,77.573251
Bengaluru City,R.T.Nagar Traffic PS,1.04432e+16,2018,1,2,Road Accidents,Curves,City/Town,Near Bus stop,Human Error,Not Applicable,Simple Injury,Others,No signal lights,Curve,City or Town Road,Bitumen(Tar),Dry,Not Applicable,Clear,C B I ROAD,COFFE DAY,2 km,13.027011,77.58575
Bengaluru City,R.T.Nagar Traffic PS,1.04432e+16,2018,1,2,Road Accidents,Cross roads,City/Town,Near Bus stop,Human Error,Not Applicable,Simple Injury,Others,No signal lights,Curve,City or Town Road,Bitumen(Tar),Dry,Not Applicable,Clear,BB ROAD,BAPTIST HOSPITAL,1.5KM,13.035875,77.5899097
Bengaluru City,R.T.Nagar Traffic PS,1.04432e+16,2018,1,1,Road Accidents,Cross roads,City/Town,Near Bus stop,Human Error,Not Applicable,Simple Injury,Others,No signal lights,Curve,City or Town Road,Bitumen(Tar),Dry,Not Applicable,Clear,JAYAMAHAL ROAD,OPP FUN WORLD,2 km,13.001338,77.592959
Bengaluru City,R.T.Nagar Traffic PS,1.04432e+16,2018,1,2,Road Accidents,Cross roads,City/Town,Near Bus stop,Human Error,Not Applicable,Simple Injury,Others,No signal lights,Curve,City or Town Road,Bitumen(Tar),Dry,Not Applicable,Clear,B B ROAD,NEAR FLY OVER,1 km,13.939282,77.589462
Bengaluru City,R.T.Nagar Traffic PS,1.04432e+16,2018,1,2,Road Accidents,Other,City/Town,Near School or College,Human Error,No,Simple Injury,Others,No signal lights,Others,City or Town Road,Bitumen(Tar),Dry,Not Applicable,Clear,BB ROAD,OOP VETARNARY COLLEGE NEAR RT NAGAR TRAFFIC PS,200MTR,13.028642,77.586136
Bengaluru City,R.T.Nagar Traffic PS,1.04432e+16,2018,1,2,Road Accidents,Other,City/Town,Near a religious place,Human Error,Yes,Simple Injury,Hit and Run,Not Applicable,Others,City or Town Road,Bitumen(Tar),Dry,Not Applicable,Clear,sanjay nagar,SANJAY NAGAR,2KM,13.030638,77.574238
Bengaluru City,R.T.Nagar Traffic PS,1.04432e+16,2018,1,2,Road Accidents,Junction,City/Town,Near Bus stop,Human Error,Not Applicable,Damage Only,Not Applicable,Not Applicable,Others,City or Town Road,Bitumen(Tar),Dry,Not Applicable,Clear,BB ROAD,CBI BUS STOP,1.5KM,13.025611,77.58575
Bengaluru City,R.T.Nagar Traffic PS,1.04432e+16,2018,1,2,Road Accidents,Other,City/Town,Open area,Human Error,Yes,Damage Only,Hit and Run,Not Applicable,Others,City or Town Road,Bitumen(Tar),Dry,Not Applicable,Clear,J C NAGAR,NANDIDURGA ROAD,2.5KM,13.004558,77.599976
Bengaluru City,R.T.Nagar Traffic PS,1.04432e+16,2018,1,2,Road Accidents,Other,City/Town,Near a religious place,Human Error,Not Applicable,Grievous Injury,Others,Not Applicable,Others,City or Town Road,Bitumen(Tar),Dry,Not Applicable,Clear,RT NAGAR MAIN ROAD,RT NAGAR,1KM,13.026185,77.58899
Bengaluru City,R.T.Nagar Traffic PS,1.04432e+16,2018,1,2,Road Accidents,Other,City/Town,Near Bus stop,Human Error,Not Applicable,Simple Injury,Others,Not Applicable,Others,City or Town Road,Bitumen(Tar),Dry,Not Applicable,Clear,BB ROAD,SANJAY NAGAR,1 km,13.025611,77.585235
Bengaluru City,R.T.Nagar Traffic PS,1.04432e+16,2018,1,1,Road Accidents,Other,City/Town,Near Bus stop,Human Error,Not Applicable,Simple Injury,Others,Not Applicable,Others,City or Town Road,Bitumen(Tar),Dry,Not Applicable,Clear,B B ROAD,HEBBAL BUS STOP,1 km,13.039282,77.589462
Bengaluru City,R.T.Nagar Traffic PS,1.04432e+16,2018,1,2,Road Accidents,Other,City/Town,Near Bus stop,Human Error,Not Applicable,Simple Injury,Others,No signal lights,Curve,City or Town Road,Bitumen(Tar),Dry,Not Applicable,Clear,B B ROAD,B B ROAD,0.5KM,13.939282,77.589462
Bengaluru City,R.T.Nagar Traffic PS,1.04432e+16,2018,1,1,Road Accidents,Bridge,City/Town,Narrow bridge or culverts,Human Error,Not Applicable,Simple Injury,Others,No signal lights,Curve,City or Town Road,Bitumen(Tar),Dry,Not Applicable,Clear,PATRY TOWN,BENTION TOWN,2.5km,12.998892,77.608409
Bengaluru City,R.T.Nagar Traffic PS,1.04432e+16,2018,1,2,Road Accidents,Other,City/Town,Open area,Human Error,Not Applicable,Grievous Injury,Head on,No signal lights,Others,City or Town Road,Not Applicable,Dry,Not Applicable,Others,BHOOPASANDRA MAIN ROAD,SAPOTA THOTA,20FT,13.041394,77.5876
Bengaluru City,R.T.Nagar Traffic PS,1.04432e+16,2018,1,1,Road Accidents,Other,City/Town,Open area,Human Error,Yes,Grievous Injury,Others,Not at  Junction,Others,Others,Not Applicable,Dry,Not Applicable,Others,80 FIT ROAD SANJAY NAGAR,80feet road,2.5KM,13.027387,77.576866
Bengaluru City,R.T.Nagar Traffic PS,1.04432e+16,2018,1,2,Road Accidents,Other,City/Town,Near Bus stop,Human Error,Yes,Grievous Injury,Hit and Run,No signal lights,Curve,City or Town Road,Bitumen(Tar),Dry,Not Applicable,Clear,DEVEGOWDA ROAD,BYRAVESHWARA ARCH THIMMAIAH GARDEN,3.5KM,13.01844,77.598882
Bengaluru City,R.T.Nagar Traffic PS,1.04432e+16,2018,1,1,Road Accidents,Other,City/Town,Near Hospital,Human Error,Not Applicable,Simple Injury,Others,Not Applicable,Others,City or Town Road,Bitumen(Tar),Dry,Not Applicable,Clear,B B ROAD,B B ROAD,00km,13.035875,77.589097
Bengaluru City,R.T.Nagar Traffic PS,1.04432e+16,2018,1,4,Road Accidents,Other,City/Town,Open area,Human Error,Not Applicable,Simple Injury,Others,Not Applicable,Others,City or Town Road,Bitumen(Tar),Dry,Not Applicable,Clear,RT NAGAR MAIN ROAD,RT NAGAR,1.05km,13.016245,77.59149
Bengaluru City,R.T.Nagar Traffic PS,1.04432e+16,2018,1,2,Road Accidents,Cross roads,City/Town,Near Bus stop,Human Error,Yes,Simple Injury,Hit and Run,No signal lights,Curve,City or Town Road,Bitumen(Tar),Dry,Not Applicable,Clear,BHOOPASANDRA MAIN ROAD,BHOOPASANDRA MAIN ROAD,1.5KM,13.041394,77.5876
Bengaluru City,R.T.Nagar Traffic PS,1.04432e+16,2018,1,2,Road Accidents,Other,City/Town,Near Bus stop,Human Error,Not Applicable,Damage Only,Others,Not Applicable,Others,City or Town Road,Bitumen(Tar),Dry,Not Applicable,Clear,SANJAY NAGAR MAIN ROAD,SANJAY NAGAR,2.5KM,13.040798,77.568498
Bengaluru City,R.T.Nagar Traffic PS,1.04432e+16,2018,1,2,Road Accidents,Other,City/Town,Near Bus stop,Human Error,Not Applicable,Damage Only,Others,Not Applicable,Others,City or Town Road,Bitumen(Tar),Dry,Not Applicable,Clear,J C NAGAR,jayamahal road,2.5KM,13.009868,77.590653
Bengaluru City,R.T.Nagar Traffic PS,1.04432e+16,2018,1,2,Road Accidents,Other,City/Town,Open area,Human Error,Yes,Grievous Injury,Others,Uncontrolled,Others,Others,Not Applicable,Dry,Not Applicable,Not Applicable,BELLARY SERVICE ROAD,NEAR RT NAGAR TRAFFIC PS,12,13.033178,77.88174
Bengaluru City,R.T.Nagar Traffic PS,1.04432e+16,2018,1,2,Road Accidents,Not Applicable,City/Town,Near Bus stop,Human Error,Not Applicable,Grievous Injury,Not Applicable,No signal lights,Curve,City or Town Road,Bitumen(Tar),Dry,Not Applicable,Clear,CIL BUS STOP,NEAR PRTC JUNCTION,3.5KM,13.011865,77.593571
Bengaluru City,R.T.Nagar Traffic PS,1.04432e+16,2018,1,2,Road Accidents,Other,City/Town,Near Bus stop,Vehicle Defect,Not Applicable,Damage Only,Others,No signal lights,Curve,City or Town Road,Bitumen(Tar),Dry,Not Applicable,Clear,B B ROAD,NEARBYABTIST HOSPITAL,0.5KM,13.033875,77.589097
Bengaluru City,R.T.Nagar Traffic PS,1.04432e+16,2018,1,2,Road Accidents,Cross roads,City/Town,Near Bus stop,Vehicle Defect,Not Applicable,Damage Only,Others,No signal lights,Curve,City or Town Road,Bitumen(Tar),Dry,Not Applicable,Clear,JAYAMAHAL ROAD,NEAR SHIVANNA CIRCLE,3.5KM,13.006147,77.592959
Bengaluru City,R.T.Nagar Traffic PS,1.04432e+16,2018,1,2,Road Accidents,Other,City/Town,Near Bus stop,Human Error,Not Applicable,Damage Only,Others,Not Applicable,Others,City or Town Road,Bitumen(Tar),Dry,Not Applicable,Clear,J C NAGAR,NANDHI DURGHA ROAD,2.5KM,12.995756,77.601717
Bengaluru City,R.T.Nagar Traffic PS,1.04432e+16,2018,1,2,Road Accidents,Other,City/Town,Near Bus stop,Human Error,Not Applicable,Simple Injury,Others,No signal lights,Others,City or Town Road,Bitumen(Tar),Dry,Not Applicable,Clear,DOLLORS COLONY,NEAR JYOTHI BEKARY,3.5KM,13.040798,77.568498
Bengaluru City,R.T.Nagar Traffic PS,1.04432e+16,2018,1,1,Road Accidents,Other,City/Town,Open area,Human Error,Not Applicable,Fatal,Others,Not Applicable,Others,Others,Not Applicable,Others,Not Applicable,Others,BB ROAD,cbi fly over,1.5km,13.025611,77.585235
Bengaluru City,R.T.Nagar Traffic PS,1.04432e+16,2018,1,2,Road Accidents,Other,City/Town,Near Bus stop,Human Error,Yes,Simple Injury,Hit and Run,No signal lights,Curve,City or Town Road,Bitumen(Tar),Dry,Not Applicable,Clear,SULTANPALYA MAIN ROAD,NEAR SYNDICATE BANK,3.5KM,13.020629,77.603817
Bengaluru City,R.T.Nagar Traffic PS,1.04432e+16,2018,1,2,Road Accidents,Other,City/Town,Near Hospital,Human Error,Not Applicable,Not Applicable,Others,Not Applicable,Not Applicable,City or Town Road,Bitumen(Tar),Dry,Not Applicable,Clear,BB ROAD,NEAR UNDER BRIDG FLYOVER,1.5 KM,13.041226,77.589827
Bengaluru City,R.T.Nagar Traffic PS,1.04432e+16,2018,1,1,Road Accidents,Other,City/Town,Near Bus stop,Human Error,Not Applicable,Grievous Injury,Others,Not Applicable,Others,City or Town Road,Bitumen(Tar),Dry,Not Applicable,Clear,GANGA NAGAR MAIN ROAD,GANGA NAGAR,2 KM,13.026185,77.58899
Bengaluru City,R.T.Nagar Traffic PS,1.04432e+16,2018,1,1,Road Accidents,Cross roads,City/Town,Near Bus stop,Human Error,Not Applicable,Simple Injury,Others,Not Applicable,Curve,City or Town Road,Bitumen(Tar),Dry,Not Applicable,Clear,RT NAGAR,r t nagar main road,2 km,13.020666,77.592423
Bengaluru City,R.T.Nagar Traffic PS,1.04432e+16,2018,1,1,Road Accidents,Cross roads,City/Town,Near Bus stop,Human Error,Not Applicable,Simple Injury,Others,No signal lights,Curve,City or Town Road,Bitumen(Tar),Dry,Not Applicable,Clear,J C NAGAR,NEAR PRTC,1.5 KM,13.011865,77.593571
Bengaluru City,R.T.Nagar Traffic PS,1.04432e+16,2018,1,1,Road Accidents,Other,City/Town,Residential area,Human Error,Not Applicable,Simple Injury,Others,Not Applicable,Others,City or Town Road,Bitumen(Tar),Dry,Not Applicable,Clear,SANJAY NAGAR  PS ROAD,80feet road,2.5KM,13.027387,77.579741
Bengaluru City,R.T.Nagar Traffic PS,1.04432e+16,2018,1,2,Not Applicable,Offset,Not Applicable,Open area,Not Applicable,Not Applicable,Grievous Injury,Others,No signal lights,Others,Others,Not Applicable,Not Applicable,Not Applicable,Not Applicable,DINNORE ROAD,NEAR LALBAHADDURE SASTRI COLLEGE,20MTR,13.022057,77.60239
Bengaluru City,R.T.Nagar Traffic PS,1.04432e+16,2018,1,2,Road Accidents,Other,City/Town,Near a religious place,Human Error,No,Damage Only,Not Applicable,Not Applicable,Others,City or Town Road,Not Applicable,Dry,Not Applicable,Clear,JAYAMAHAL ROAD,NEAR DARGA,50KM,12.998097,77.606499
Bengaluru City,R.T.Nagar Traffic PS,1.04432e+16,2018,1,2,Not Applicable,Other,City/Town,Near Petrol Pump,Human Error,Not Applicable,Grievous Injury,Others,Not Applicable,Others,Not Applicable,Not Applicable,Not Applicable,Not Applicable,Clear,sanjay nagara main road,1km,1km,13.037735,77.574152
Bengaluru City,R.T.Nagar Traffic PS,1.04432e+16,2018,1,2,Road Accidents,Other,City/Town,Open area,Human Error,Not Applicable,Damage Only,Others,Not Applicable,Others,City or Town Road,Bitumen(Tar),Dry,Not Applicable,Clear,J C NAGAR,jayamahal road,2.5KM,13.006147,77.592959
Bengaluru City,R.T.Nagar Traffic PS,1.04432e+16,2018,1,2,Road Accidents,Other,City/Town,Near Bus stop,Human Error,Not Applicable,Grievous Injury,Others,No signal lights,Curve,City or Town Road,Bitumen(Tar),Dry,Not Applicable,Clear,NANDIDUGA ROAD,NEAR AIRTEL  OFFICE,3.5KM,12.999017,77.600105
Bengaluru City,R.T.Nagar Traffic PS,1.04432e+16,2018,1,1,Road Accidents,Other,City/Town,Near Bus stop,Human Error,Yes,Simple Injury,Hit and Run,No signal lights,Curve,City or Town Road,Bitumen(Tar),Dry,Not Applicable,Clear,JAYAMAHAL ROAD,BUS STOP,3.5KM,13.001338,77.594526
Bengaluru City,R.T.Nagar Traffic PS,1.04432e+16,2018,1,1,Road Accidents,Other,City/Town,Near Bus stop,Human Error,Not Applicable,Simple Injury,Others,Not Applicable,Others,Others,Not Applicable,Dry,Not Applicable,Clear,K2 BUS STOP,BUS STOP,50 FT,13.041226,77.589827
Bengaluru City,R.T.Nagar Traffic PS,1.04432e+16,2018,1,1,Road Accidents,Other,City/Town,Near School or College,Human Error,No,Simple Injury,Others,Not Applicable,Others,City or Town Road,Bitumen(Tar),Dry,Not Applicable,Clear,NAGASHETTIHALLI MAIN ROAD,NAGASHETTYHALLI,2KM,13.041551,77.573251
Bengaluru City,R.T.Nagar Traffic PS,1.04432e+16,2018,1,2,Road Accidents,Other,City/Town,Near Bus stop,Human Error,Not Applicable,Damage Only,Others,Not Applicable,Others,City or Town Road,Bitumen(Tar),Dry,Not Applicable,Clear,J C NAGAR,jayamahal road,2.5KM,13.006147,77.592959
Bengaluru City,R.T.Nagar Traffic PS,1.04432e+16,2018,1,2,Road Accidents,Cross roads,City/Town,Near Bus stop,Human Error,Not Applicable,Simple Injury,Others,Not Applicable,Curve,City or Town Road,Bitumen(Tar),Dry,Not Applicable,Clear,matadahalli main road,THEATER,2.5 km,13.011865,77.593571
Bengaluru City,R.T.Nagar Traffic PS,1.04432e+16,2018,1,1,Road Accidents,Not Applicable,City/Town,Near Bus stop,Human Error,Yes,Grievous Injury,Hit and Run,No signal lights,Curve,City or Town Road,Bitumen(Tar),Dry,Not Applicable,Clear,DEVEGOWDA ROAD,NEAR GASPETROL STATION,3.5KM,13.022057,77.60239
Bengaluru City,R.T.Nagar Traffic PS,1.04432e+16,2018,1,2,Road Accidents,Other,City/Town,Open area,Not Applicable,Not Applicable,Fatal,Others,Not Applicable,Others,City or Town Road,Not Applicable,Wet,Not Applicable,Heavy Rain,RT NAGAR,OPP MOBILE SHOP,2,13.02214,77.59253
Bengaluru City,R.T.Nagar Traffic PS,1.04432e+16,2018,1,1,Road Accidents,Other,City/Town,Near Bus stop,Human Error,Not Applicable,Fatal,Others,Not Applicable,Others,City or Town Road,Bitumen(Tar),Dry,Not Applicable,Clear,BB ROAD,CBI BUS STOP,CBI,13.025611,77.585235
Bengaluru City,R.T.Nagar Traffic PS,1.04432e+16,2018,1,2,Road Accidents,Other,City/Town,Near Hospital,Human Error,No,Fatal,Others,Not Applicable,Others,City or Town Road,Bitumen(Tar),Dry,Not Applicable,Clear,DEVEGOWDA ROAD,NEAR QUPA HOSPITAL,2.5KM,13.01844,77.598882
Bengaluru City,R.T.Nagar Traffic PS,1.04432e+16,2018,1,1,Road Accidents,Junction,City/Town,Near Bus stop,Human Error,Yes,Grievous Injury,Hit and Run,No signal lights,Others,City or Town Road,Bitumen(Tar),Dry,Not Applicable,Clear,C B I ROAD,CBI BUS STOP,1 km,13.025611,77.585235
Bengaluru City,R.T.Nagar Traffic PS,1.04432e+16,2018,1,4,Road Accidents,Circle,City/Town,Near Bus stop,Human Error,Not Applicable,Damage Only,Others,Not Applicable,Others,City or Town Road,Bitumen(Tar),Dry,Not Applicable,Clear,JAYAMAHAL ROAD,near maruthi garege  mekri circle,2.5 km,13.013778,77.587788
Bengaluru City,R.T.Nagar Traffic PS,1.04432e+16,2018,1,2,Road Accidents,Cross roads,City/Town,Near Bus stop,Human Error,Not Applicable,Simple Injury,Not Applicable,No signal lights,Curve,City or Town Road,Bitumen(Tar),Dry,Not Applicable,Clear,CBI ROAD,GANGA NAGAR,1.5KM,13.027011,77.58575
Bengaluru City,R.T.Nagar Traffic PS,1.04432e+16,2018,1,1,Road Accidents,Bridge,City/Town,Near Bus stop,Human Error,Not Applicable,Simple Injury,Others,Not Applicable,Curve,City or Town Road,Bitumen(Tar),Dry,Not Applicable,Clear,BHOOPASANDAR MAIN RAD,BB ROAD SERVICE ROAD,2.5km,13.042376,77.580889
Bengaluru City,R.T.Nagar Traffic PS,1.04432e+16,2018,1,2,Road Accidents,Not Applicable,City/Town,Near Bus stop,Human Error,Not Applicable,Simple Injury,Not Applicable,No signal lights,Curve,City or Town Road,Bitumen(Tar),Dry,Not Applicable,Clear,RMV 2ND STAGE,NEAR KAKA MUNISWAMAPPA LAYOUT,3.5KM,13.030638,77.574238
Bengaluru City,R.T.Nagar Traffic PS,1.04432e+16,2018,1,3,Road Accidents,Offset,City/Town,Near Bus stop,Human Error,Not Applicable,Damage Only,Others,Not Applicable,Others,Others,Not Applicable,Dry,Not Applicable,Clear,BB ROAD,HEBBAL BUS STOP,1km,13.939282,77.589462
Bengaluru City,R.T.Nagar Traffic PS,1.04432e+16,2018,1,2,Road Accidents,Other,City/Town,Near School or College,Human Error,Not Applicable,Grievous Injury,Others,Not Applicable,Others,City or Town Road,Bitumen(Tar),Dry,Not Applicable,Clear,DINNURU MAIN ROAD,LAL BAHADDURSHATRY ROAD,1 km,13.026029,77.603817
Bengaluru City,R.T.Nagar Traffic PS,1.04432e+16,2018,1,1,Road Accidents,Other,City/Town,Near Bus stop,Human Error,Yes,Grievous Injury,Hit and Run,No signal lights,Others,City or Town Road,Bitumen(Tar),Dry,Not Applicable,Clear,SANJAY NAGAR BALLARI ROAD JN,UNDER PASS,1.5KM,13.022809,77.584505