DISTRICTNAME,UNITNAME,Crime_No,Year,RI,Noofvehicle_involved,Accident_Classification,Accident_Spot,Accident_Location,Accident_SubLocation,Main_Cause,Hit_Run,Severity,Collision_Type,Junction_Control,Road_Character,Road_Type,Surface_Type,Surface_Condition,Road_Condition,Weather,Accident_Road,Landmark_first,Distance_LandMark_First,Latitude,Longitude
Bengaluru City,R.T.Nagar Traffic PS,1.04432e+16,2018,1,1,Road Accidents,Other,City/Town,Near School or College,Human Error,Not Applicable,Grievous Injury,Others,Not Applicable,Others,City or Town Road,Bitumen(Tar),Dry,Not Applicable,Clear,SANJAY NAGAR MAIN ROAD,NEW BEL ROAD,2.5KM,13.03783,77.568326
Bengaluru City,R.T.Nagar Traffic PS,1.04432e+16,2018,1,2,Road Accidents,Other,City/Town,Near Bus stop,Human Error,Not Applicable,Grievous Injury,Others,Not Applicable,Others,City or Town Road,Bitumen(Tar),Dry,Not Applicable,Clear,B B ROAD,SANJAY NAGAR,1 km,13.027011,77.58575
Bengaluru City,R.T.Nagar Traffic PS,1.04432e+16,2018,1,2,Road Accidents,Not Applicable,City/Town,In bazaar,Human Error,Yes,Simple Injury,Hit and Run,No signal lights,Curve,City or Town Road,Bitumen(Tar),Dry,Not Applicable,Clear,munireddy palya main road,NEAR MARKET,2.5km,13.009157,77.594547
Bengaluru City,R.T.Nagar Traffic PS,1.04432e+16,2018,1,2,Road Accidents,Other,City/Town,Near a religious place,Human Error,Yes,Simple Injury,Hit and Run,No signal lights,Others,City or Town Road,Bitumen(Tar),Dry,Not Applicable,Clear,JAYAMAHAL ROAD,CURCH ROAD,2KM,13.009157,77.594547
Bengaluru City,R.T.Nagar Traffic PS,1.04432e+16,2018,1,2,Road Accidents,Other,City/Town,Near Bus stop,Human Error,Not Applicable,Grievous Injury,Not Applicable,Not Applicable,Others,City or Town Road,Bitumen(Tar),Dry,Not Applicable,Clear,SANJAY NAGAR MAIN ROAD,SANJAY NAGAR,2.5KM,13.041551,77.57266
Bengaluru City,R.T.Nagar Traffic PS,1.04432e+16,2018,1,2,Road Accidents,Other,City/Town,Near Bus stop,Vehicle Defect,Yes,Damage Only,Hit and Run,No signal lights,Curve,City or Town Road,Bitumen(Tar),Dry,Not Applicable,Clear,SULTAN PALYA,NEAR LAXMI GOLD PALACE,3.5KM,13.026029,77.603817
Bengaluru City,R.T.Nagar Traffic PS,1.04432e+16,2018,1,2,Road Accidents,Other,City/Town,Near Bus stop,Vehicle Defect,Not Applicable,Damage Only,Others,No signal lights,Curve,City or Town Road,Bitumen(Tar),Dry,Not Applicable,Clear,B B ROAD,CBI OFFICE,1 km,13.025611,77.585235
Bengaluru City,R.T.Nagar Traffic PS,1.04432e+16,2018,1,3,Road Accidents,Not Applicable,City/Town,Near Bus stop,Not Applicable,Yes,Fatal,Others,Not Applicable,Others,City or Town Road,Not Applicable,Others,Not Applicable,Clear,NEAR GOVT SCHOOL,2MTR,10FT,13.939282,77.589462
Bengaluru City,R.T.Nagar Traffic PS,1.04432e+16,2018,1,2,Road Accidents,Cross roads,City/Town,Near Bus stop,Human Error,Yes,Grievous Injury,Hit and Run,No signal lights,Curve,City or Town Road,Bitumen(Tar),Dry,Not Applicable,Clear,RT NAGAR,NEAR EMPIRE HOTEL,3.5KM,13.013443,77.59149
Bengaluru City,R.T.Nagar Traffic PS,1.04432e+16,2018,1,2,Road Accidents,Other,City/Town,Near office complex,Human Error,Not Applicable,Damage Only,Others,Not Applicable,Others,City or Town Road,Bitumen(Tar),Dry,Not Applicable,Clear,SANJAY NAGAR MAIN ROAD,SANJAY NAGAR,2.5KM,13.034129,77.568487
Bengaluru City,R.T.Nagar Traffic PS,1.04432e+16,2018,1,2,Road Accidents,Other,City/Town,Near Bus stop,Vehicle Defect,Yes,Damage Only,Hit and Run,No signal lights,Curve,City or Town Road,Bitumen(Tar),Dry,Not Applicable,Clear,hebbal,near hebbal flyover,2.5km,13.939282,77.589462
Bengaluru City,R.T.Nagar Traffic PS,1.04432e+16,2018,1,3,Not Applicable,Other,City/Town,Open area,Human Error,Not Applicable,Simple Injury,Others,Uncontrolled,Not Applicable,Not Applicable,Not Applicable,Dry,Not Applicable,Others,BB ROAD,cbi fly over,1.5KM,13.027011,77.58575
Bengaluru City,R.T.Nagar Traffic PS,1.04432e+16,2018,1,1,Road Accidents,Cross roads,City/Town,Near Bus stop,Human Error,Yes,Grievous Injury,Hit and Run,No signal lights,Curve,City or Town Road,Bitumen(Tar),Dry,Not Applicable,Clear,R T NAGAR ROAD,NEAR FOOD WORLD,2.5KM,13.020666,77.59253
Bengaluru City,R.T.Nagar Traffic PS,1.04432e+16,2018,1,1,Road Accidents,Other,City/Town,Near Bus stop,Human Error,Yes,Simple Injury,Others,No signal lights,Curve,City or Town Road,Bitumen(Tar),Dry,Not Applicable,Clear,J C NAGAR,army head quatres,2 KM,13.011865,77.593571
Bengaluru City,R.T.Nagar Traffic PS,1.04432e+16,2018,1,2,Road Accidents,Other,City/Town,Near Bus stop,Human Error,Not Applicable,Simple Injury,Others,Not Applicable,Others,City or Town Road,Bitumen(Tar),Dry,Not Applicable,Clear,CBI FLY OVER,CBI FLY OVER,1KM,13.022809,77.584505
Bengaluru City,R.T.Nagar Traffic PS,1.04432e+16,2018,1,1,Not Applicable,Offset,Not Applicable,Open area,Human Error,Yes,Fatal,Others,Not Applicable,Not Applicable,Others,Not Applicable,Not Applicable,Not Applicable,Not Applicable,RMV 2ND STAGE,NEAR KAROOR BANK,3.5KM,13.027387,77.576866
Bengaluru City,R.T.Nagar Traffic PS,1.04432e+16,2018,1,1,Road Accidents,Other,City/Town,Open area,Human Error,Yes,Grievous Injury,Others,Uncontrolled,Others,Others,Not Applicable,Others,Not Applicable,Others,B B ROAD,near coffi day,1.5km,13.027011,77.585235
Bengaluru City,R.T.Nagar Traffic PS,1.04432e+16,2018,1,1,Road Accidents,Other,City/Town,Near Bus stop,Human Error,Yes,Simple Injury,Hit and Run,No signal lights,Curve,City or Town Road,Bitumen(Tar),Dry,Not Applicable,Clear,80FEET ROAD,raj mahal villas enterance,3.5km,13.027387,77.576866
Bengaluru City,R.T.Nagar Traffic PS,1.04432e+16,2018,1,1,Road Accidents,Other,City/Town,Near School or College,Human Error,Not Applicable,Simple Injury,Others,Not Applicable,Others,City or Town Road,Bitumen(Tar),Dry,Not Applicable,Clear,SANJAY NAGAR ROAD,B B ROAD,0,13.025611,77.585235
Bengaluru City,R.T.Nagar Traffic PS,1.04432e+16,2018,1,2,Not Applicable,Other,City/Town,Near a religious place,Human Error,Yes,Grievous Injury,Others,Not Applicable,Others,Others,Not Applicable,Dry,Not Applicable,Others,80 FIT ROAD SANJAY NAGAR,80feet road,50MTR,13.027387,77.576866
Bengaluru City,R.T.Nagar Traffic PS,1.04432e+16,2018,1,2,Road Accidents,Other,City/Town,Open area,Human Error,Yes,Damage Only,Others,No signal lights,Others,City or Town Road,Not Applicable,Dry,Not Applicable,Clear,SANJAY NAGAR,PETRO BUNK NEAR,20MTR,13.03345,77.575954
Bengaluru City,R.T.Nagar Traffic PS,1.04432e+16,2018,1,2,Road Accidents,Other,City/Town,Near Bus stop,Human Error,Not Applicable,Grievous Injury,Others,Not Applicable,Others,City or Town Road,Bitumen(Tar),Dry,Not Applicable,Clear,sanjay nagar,B B ROAD,0.5km,13.039282,77.589462
Bengaluru City,R.T.Nagar Traffic PS,1.04432e+16,2018,1,2,Road Accidents,Not Applicable,City/Town,Near Bus stop,Vehicle Defect,Not Applicable,Damage Only,Not Applicable,No signal lights,Curve,City or Town Road,Bitumen(Tar),Dry,Not Applicable,Clear,SULTANPALYA RT NAGAR,AYUSH APPORTMENT,3.5KM,13.026029,77.603817
Bengaluru City,R.T.Nagar Traffic PS,1.04432e+16,2018,1,2,Road Accidents,Other,City/Town,Near Bus stop,Human Error,Not Applicable,Simple Injury,Others,No signal lights,Others,City or Town Road,Bitumen(Tar),Dry,Not Applicable,Clear,JAYAMAHAL ROAD,NEAR J C NAGAR  PS,3.5KM,13.006147,77.592959
Bengaluru City,R.T.Nagar Traffic PS,1.04432e+16,2018,1,3,Road Accidents,Other,City/Town,Near Bus stop,Human Error,Not Applicable,Simple Injury,Others,No signal lights,Curve,City or Town Road,Bitumen(Tar),Dry,Not Applicable,Clear,JAYAMAHAL ROAD,near mekri circle,2.5KM,13.013778,77.787758
Bengaluru City,R.T.Nagar Traffic PS,1.04432e+16,2018,1,2,Road Accidents,Other,City/Town,Near Bus stop,Human Error,Not Applicable,Simple Injury,Others,No signal lights,Curve,City or Town Road,Bitumen(Tar),Dry,Not Applicable,Clear,JAYAMAHAL ROAD,NEAR AMANULLA GATE,2.5KM,13.011196,77.589698
Bengaluru City,R.T.Nagar Traffic PS,1.04432e+16,2018,1,1,Road Accidents,Other,City/Town,Near a religious place,Human Error,Yes,Grievous Injury,Others,Not Applicable,Others,Others,Bitumen(Tar),Dry,Not Applicable,Clear,SANJAY NAGAR ROAD,SANJAY NAGAR,2 KM,13.042481,77.573251
Bengaluru City,R.T.Nagar Traffic PS,1.04432e+16,2018,1,1,Road Accidents,Other,City/Town,Near Bus stop,Human Error,Yes,Simple Injury,Hit and Run,No signal lights,Others,City or Town Road,Bitumen(Tar),Dry,Not Applicable,Clear,RT NAGAR MAIN ROAD,2ND BLOCK,2 KM,13.024889,77.592884
Bengaluru City,R.T.Nagar Traffic PS,1.04432e+16,2019,1,2,Road Accidents,Other,City/Town,Near Petrol Pump,Human Error,Not Applicable,Grievous Injury,Others,Not Applicable,Others,City or Town Road,Bitumen(Tar),Dry,Not Applicable,Clear,SANJAY NAGAR MAIN ROAD,SANJAY NAGAR,2.5KM,13.026834,77.579741
Bengaluru City,R.T.Nagar Traffic PS,1.04432e+16,2019,1,1,Road Accidents,Other,Not Applicable,Open area,Not Applicable,No,Simple Injury,Others,Not Applicable,Not Applicable,Others,Not Applicable,Others,Not Applicable,Others,bb road,near flay over,2.5km,13.022809,77.584505
Bengaluru City,R.T.Nagar Traffic PS,1.04432e+16,2019,1,1,Road Accidents,Not Applicable,City/Town,Near Hospital,Human Error,Not Applicable,Grievous Injury,Not Applicable,Not Applicable,Others,Not Applicable,Not Applicable,Others,Not Applicable,Clear,SANJAY NAGAR MAIN ROAD,near rmv hospital,2.5km,13.031872,77.576866
Bengaluru City,R.T.Nagar Traffic PS,1.04432e+16,2019,1,3,Road Accidents,Not Applicable,City/Town,Open area,Human Error,Not Applicable,Grievous Injury,Not Applicable,Not at  Junction,Others,Others,Not Applicable,Dry,Not Applicable,Clear,des raj ours road,TV TOWER JUNTION,2.5km,13.009868,77.590653
Bengaluru City,R.T.Nagar Traffic PS,1.04432e+16,2019,1,1,Road Accidents,Cross roads,City/Town,At pedestrian Crossing,Not Applicable,Yes,Simple Injury,Hit pedestrian,Not Applicable,Not Applicable,Not Applicable,Not Applicable,Not Applicable,Not Applicable,Not Applicable,RMV ROAD,NEAR RMV CLUB,2.5KM,0.0,0.0
Bengaluru City,R.T.Nagar Traffic PS,1.04432e+16,2019,1,2,Road Accidents,Junction,City/Town,Near Bus stop,Human Error,Not Applicable,Simple Injury,Vehicle to Vehicle,Not Applicable,Others,Others,Bitumen(Tar),Dry,Not Applicable,Clear,J C NAGAR,jayamahal road,2.5KM,0.0,0.0
Bengaluru City,R.T.Nagar Traffic PS,1.04432e+16,2019,1,2,Not Applicable,Not Applicable,City/Town,Open area,Human Error,Yes,Damage Only,Not Applicable,Not Applicable,Not Applicable,Not Applicable,Not Applicable,Not Applicable,Not Applicable,Clear,80 FEET ROAD R T NAGAAR,80feet road,2.5k,0.0,0.0
Bengaluru City,R.T.Nagar Traffic PS,1.04432e+16,2019,1,2,Not Applicable,Not Applicable,City/Town,Open area,Not Applicable,No,Damage Only,Vehicle to Vehicle,Not Applicable,Not Applicable,Not Applicable,Not Applicable,Not Applicable,Not Applicable,Clear,RT NAGAR,RT NAGAR PUBLIC SCHOOL,1MTR,0.0,0.0
Bengaluru City,R.T.Nagar Traffic PS,1.04432e+16,2019,1,2,Road Accidents,Not Applicable,City/Town,Open area,Human Error,Not Applicable,Simple Injury,Vehicle to Vehicle,Not Applicable,Others,Others,Bitumen(Tar),Others,Not Applicable,Clear,SANJAY NAGAR MAIN ROAD,NEW BEL ROAD,2.5KM,13.040798,77.568326
Bengaluru City,R.T.Nagar Traffic PS,1.04432e+16,2019,1,2,Road Accidents,Junction,City/Town,Open area,Human Error,Not Applicable,Grievous Injury,Vehicle to Vehicle,Not Applicable,Others,Others,Not Applicable,Dry,Not Applicable,Clear,14 TH MAIN,14 TH CROSS,2.5KM,13.020666,77.592423
Bengaluru City,R.T.Nagar Traffic PS,1.04432e+16,2019,1,1,Road Accidents,Not Applicable,City/Town,Open area,Human Error,No,Grievous Injury,Not Applicable,Uncontrolled,Others,Others,Bitumen(Tar),Dry,No influence on accident,Clear,BMTC 14th Depo,Electri Pole,50 F,0.0,0.0
Bengaluru City,R.T.Nagar Traffic PS,1.04432e+16,2019,1,1,Road Accidents,Narrow road,City/Town,Residential area,Human Error,Yes,Grievous Injury,Hit pedestrian,Uncontrolled,Straight and flat,Others,Bitumen(Tar),Dry,No influence on accident,Clear,Dharmanna Garden,Electric Pole,50 F,0.0,0.0
Bengaluru City,R.T.Nagar Traffic PS,1.04432e+16,2019,1,2,Road Accidents,Not Applicable,City/Town,Open area,Not Applicable,Yes,Simple Injury,Not Applicable,Not Applicable,Not Applicable,Not Applicable,Not Applicable,Dry,Not Applicable,Clear,JAHAMAHAL ROAD,NEAR AMANULLA KHAN GATE,2.5KM,0.0,0.0
Bengaluru City,R.T.Nagar Traffic PS,1.04432e+16,2019,1,1,Road Accidents,Not Applicable,Rural Areas,Near Bus stop,Not Applicable,Not Applicable,Grievous Injury,Not Applicable,Not at  Junction,Not Applicable,Others,Not Applicable,Not Applicable,Not Applicable,Not Applicable,BHOPASANDRA MAIN ROAD,bhopasanadra,3.5km,13.041394,77.58796
Bengaluru City,R.T.Nagar Traffic PS,1.04432e+16,2019,1,1,Road Accidents,Narrow road,City/Town,Open area,Human Error,Yes,Grievous Injury,Hit pedestrian,Uncontrolled,Straight and flat,Others,Bitumen(Tar),Dry,No influence on accident,Cloudy,B.B.Road,Electric Pole,50 F,13.025611,77.585235
Bengaluru City,R.T.Nagar Traffic PS,1.04432e+16,2019,1,2,Not Applicable,Junction,City/Town,Open area,Human Error,No,Damage Only,Vehicle to Vehicle,Not Applicable,Not Applicable,Not Applicable,Not Applicable,Not Applicable,Not Applicable,Clear,SANJAY NAGAR MAIN ROAD,1km,3.5km,0.0,0.0
Bengaluru City,R.T.Nagar Traffic PS,1.04432e+16,2019,1,1,Road Accidents,Other,City/Town,Open area,Human Error,Not Applicable,Simple Injury,Others,Not Applicable,Others,City or Town Road,Bitumen(Tar),Dry,Not Applicable,Clear,sanjay nagar,SANJAY NAGAR,3KM,13.001338,77.594526
Bengaluru City,R.T.Nagar Traffic PS,1.04432e+16,2019,1,2,Road Accidents,Other,City/Town,Open area,Human Error,No,Damage Only,Right Turn Collision,Not Applicable,Others,City or Town Road,Not Applicable,Dry,Not Applicable,Not Applicable,80 ft road,5th cross,2.5km,13.027387,77.576866
Bengaluru City,R.T.Nagar Traffic PS,1.04432e+16,2019,1,1,Road Accidents,Not Applicable,City/Town,Open area,Human Error,Yes,Grievous Injury,Hit and Run,Not Applicable,Not Applicable,Not Applicable,Not Applicable,Not Applicable,Not Applicable,Clear,5TH CROSS,ATMA NANDA COLONY,2.5KM,13.022924,77.600834
Bengaluru City,R.T.Nagar Traffic PS,1.04432e+16,2019,1,2,Road Accidents,Not Applicable,City/Town,Near Hospital,Not Applicable,Not Applicable,Simple Injury,Not Applicable,Not Applicable,Not Applicable,Not Applicable,Not Applicable,Not Applicable,Not Applicable,Clear,bb road,near byaptist hospital,1.2km,0.0,0.0
Bengaluru City,R.T.Nagar Traffic PS,1.04432e+16,2019,1,1,Not Applicable,Not Applicable,City/Town,Near Petrol Pump,Human Error,Yes,Simple Injury,Not Applicable,Not Applicable,Not Applicable,Not Applicable,Not Applicable,Not Applicable,Not Applicable,Not Applicable,SANJAY NAGAR MAIN ROAD,NEAL POLO BEER,2.5KM,0.0,0.0
Bengaluru City,R.T.Nagar Traffic PS,1.04432e+16,2019,1,1,Road Accidents,Other,City/Town,Near Bus stop,Human Error,Not Applicable,Simple Injury,Others,Not Applicable,Others,Others,Bitumen(Tar),Dry,Not Applicable,Clear,B.B. ROAD,SANJAY NAGAR,2 KM,13.025611,77.585235
Bengaluru City,R.T.Nagar Traffic PS,1.04432e+16,2019,1,1,Road Accidents,Not Applicable,City/Town,Open area,Human Error,Yes,Grievous Injury,Hit and Run,Not Applicable,Not Applicable,City or Town Road,Not Applicable,Dry,Not Applicable,Dust Storn,5TH CROSS,OPP ISOL OFFICE,3.5KM,13.042376,77.580889
Bengaluru City,R.T.Nagar Traffic PS,1.04432e+16,2019,1,2,Road Accidents,Other,City/Town,Near Bus stop,Human Error,Not Applicable,Grievous Injury,Others,Not Applicable,Others,City or Town Road,Bitumen(Tar),Dry,Not Applicable,Clear,J C NAGAR,jayamahal road,3.5KM,13.001338,77.594526
Bengaluru City,R.T.Nagar Traffic PS,1.04432e+16,2019,1,2,Road Accidents,Cross roads,City/Town,Near Bus stop,Human Error,Not Applicable,Grievous Injury,Not Applicable,No signal lights,Curve,Others,Bitumen(Tar),Dry,Not Applicable,Clear,BB ROAD,NEAR IVRH,1.5KM,13.035875,77.589097
Bengaluru City,R.T.Nagar Traffic PS,1.04432e+16,2019,1,1,Road Accidents,Not Applicable,City/Town,Open area,Human Error,No,Simple Injury,Not Applicable,Not Applicable,Not Applicable,Not Applicable,Not Applicable,Dry,Not Applicable,Clear,60 ft road,juntion,2.5km,0.0,0.0
Bengaluru City,R.T.Nagar Traffic PS,1.04432e+16,2019,1,2,Road Accidents,Not Applicable,City/Town,Residential area,Not Applicable,Yes,Fatal,Not Applicable,Not Applicable,Not Applicable,Others,Not Applicable,Others,Not Applicable,Clear,RAMATH NAGAR,NEAR BANJARA ACADAMI,2KM,0.0,0.0
Bengaluru City,R.T.Nagar Traffic PS,1.04432e+16,2019,1,2,Road Accidents,Not Applicable,City/Town,Near Hospital,Human Error,Not Applicable,Simple Injury,Vehicle to Vehicle,Not Applicable,Others,Others,Bitumen(Tar),Others,Not Applicable,Clear,jayamahal road,jayamahal road,2.5KM,13.001338,77.594547
Bengaluru City,R.T.Nagar Traffic PS,1.04432e+16,2019,1,2,Road Accidents,Not Applicable,City/Town,Open area,Human Error,Not Applicable,Damage Only,Vehicle to Vehicle,Not Applicable,Others,Not Applicable,Not Applicable,Not Applicable,Not Applicable,Clear,BB ROAD,HEBBAL FLY OVER,2KM,13.939282,77.589462
Bengaluru City,R.T.Nagar Traffic PS,1.04432e+16,2019,1,1,Road Accidents,Narrow road,City/Town,Near School or College,Human Error,No,Grievous Injury,Not Applicable,Uncontrolled,Straight and flat,Others,Bitumen(Tar),Dry,No influence on accident,Clear,B.B.Road,Electric Pole,45 F,0.0,0.0
Bengaluru City,R.T.Nagar Traffic PS,1.04432e+16,2019,1,2,Road Accidents,Not Applicable,City/Town,Open area,Not Applicable,Not Applicable,Grievous Injury,Not Applicable,Not Applicable,Not Applicable,Not Applicable,Not Applicable,Not Applicable,Not Applicable,Clear,bb road,near byaptist hospital,1km,0.0,0.0
Bengaluru City,R.T.Nagar Traffic PS,1.04432e+16,2019,1,2,Road Accidents,Other,City/Town,Open area,Human Error,Not Applicable,Grievous Injury,Others,Not Applicable,Others,Not Applicable,Not Applicable,Others,Not Applicable,Clear,10th cross,10 th cross,2.5km,13.040798,77.568498
Bengaluru City,R.T.Nagar Traffic PS,1.04432e+16,2019,1,1,Road Accidents,Narrow road,City/Town,Residential area,Human Error,Yes,Grievous Injury,Hit pedestrian,Uncontrolled,Straight and flat,Residential Street,Bitumen(Tar),Dry,No influence on accident,Clear,Ganganagara Road,Electric Pole,50 F,13.024858,77.587563
Bengaluru City,R.T.Nagar Traffic PS,1.04432e+16,2019,1,2,Not Applicable,Not Applicable,City/Town,Open area,Human Error,Yes,Fatal,Others,Not Applicable,Not Applicable,Others,Not Applicable,Not Applicable,Not Applicable,Clear,BB ROAD,OPP VETANARY,100MTR,13.028642,77.586136
Bengaluru City,R.T.Nagar Traffic PS,1.04432e+16,2019,1,2,Road Accidents,Other,City/Town,Open area,Not Applicable,Yes,Grievous Injury,Others,Not Applicable,Others,Not Applicable,Not Applicable,Others,Not Applicable,Wind,3RD MAIN RMV 2ND STAGE,3RD MAIN,2.5KM,13.040798,77.568498
Bengaluru City,R.T.Nagar Traffic PS,1.04432e+16,2019,1,1,Road Accidents,Other,City/Town,Open area,Human Error,Not Applicable,Simple Injury,Others,Not Applicable,Others,City or Town Road,Bitumen(Tar),Dry,Not Applicable,Clear,SANJAY NAGAR ROAD,new bel road,3.5KM,13.036805,77.566019
Bengaluru City,R.T.Nagar Traffic PS,1.04432e+16,2019,1,1,Road Accidents,Narrow road,City/Town,Residential area,Human Error,No,Fatal,Not Applicable,Uncontrolled,Straight and flat,Others,Bitumen(Tar),Dry,No influence on accident,Cloudy,Sanjayanagara Main Road,Electric Pole,50 F,0.0,0.0
Bengaluru City,R.T.Nagar Traffic PS,1.04432e+16,2019,1,2,Road Accidents,Cross roads,City/Town,Near Bus stop,Human Error,No,Grievous Injury,Not Applicable,No signal lights,Curve,Others,Bitumen(Tar),Dry,Not Applicable,Clear,RMV 2ND STAGE,SHRI GANESHA MANDIR ROAD,2.5KM,0.0,0.0
Bengaluru City,R.T.Nagar Traffic PS,1.04432e+16,2019,1,2,Road Accidents,Other,City/Town,Near or inside a village,Human Error,Not Applicable,Damage Only,Others,Not Applicable,Others,City or Town Road,Bitumen(Tar),Dry,Not Applicable,Clear,RT NAGAR,RT NAGAR MAIN ROAD,2 KM,13.013443,77.593646
Bengaluru City,R.T.Nagar Traffic PS,1.04432e+16,2019,1,3,Road Accidents,Other,City/Town,Near Bus stop,Human Error,Not Applicable,Damage Only,Others,Not Applicable,Others,City or Town Road,Bitumen(Tar),Dry,Not Applicable,Clear,B.B. ROAD,SANJAY NAGAR,2.5KM,0.0,0.0
Bengaluru City,R.T.Nagar Traffic PS,1.04432e+16,2019,1,2,Road Accidents,Not Applicable,City/Town,Open area,Not Applicable,Yes,Simple Injury,Not Applicable,Not Applicable,Not Applicable,Others,Not Applicable,Not Applicable,Not Applicable,Others,SERVICE ROAD,near yamaha show room,1.5km,0.0,0.0
Bengaluru City,R.T.Nagar Traffic PS,1.04432e+16,2019,1,2,Road Accidents,Other,City/Town,Near Bus stop,Human Error,Yes,Simple Injury,Hit and Run,No signal lights,Curve,City or Town Road,Bitumen(Tar),Dry,Not Applicable,Clear,JAYAMAHAL ROAD,jc nagar police station,1 km,13.006147,77.592959
Bengaluru City,R.T.Nagar Traffic PS,1.04432e+16,2019,1,2,Road Accidents,Other,City/Town,Open area,Not Applicable,No,Fatal,Others,Not at  Junction,Others,Others,Not Applicable,Others,Not Applicable,Clear,SERVICE ROAD,NEAR UNDER PASS,1.5KM,13.025611,77.58575
Bengaluru City,R.T.Nagar Traffic PS,1.04432e+16,2019,1,2,Road Accidents,Other,City/Town,Near Bus stop,Human Error,Not Applicable,Grievous Injury,Others,Not Applicable,Others,City or Town Road,Bitumen(Tar),Dry,Not Applicable,Clear,SANJAY NAGAR MAIN ROAD,NEAR SAPOTA THOTA,2.5KM,13.042376,77.58796
Bengaluru City,R.T.Nagar Traffic PS,1.04432e+16,2019,1,2,Road Accidents,Other,City/Town,Open area,Human Error,Not Applicable,Damage Only,Others,Not Applicable,Others,City or Town Road,Bitumen(Tar),Dry,Not Applicable,Clear,sanjay nagar,new bel road,2.5 km,13.03783,77.568498
Bengaluru City,R.T.Nagar Traffic PS,1.04432e+16,2019,1,2,Not Applicable,Other,City/Town,Residential area,Not Applicable,Yes,Grievous Injury,Others,Not Applicable,Not Applicable,Others,Not Applicable,Not Applicable,Not Applicable,Others,1ST MAIN,AECS LAYOUT,2.5KM,13.03345,77.575954
Bengaluru City,R.T.Nagar Traffic PS,1.04432e+16,2019,1,1,Not Applicable,Other,City/Town,Open area,Human Error,Yes,Fatal,Others,Not Applicable,Not Applicable,City or Town Road,Not Applicable,Not Applicable,Not Applicable,Clear,DEVE GOWDA ROAD,DEVE GOWDA,2.5KM,13.01844,77.598882
Bengaluru City,R.T.Nagar Traffic PS,1.04432e+16,2019,1,2,Not Applicable,Not Applicable,City/Town,Open area,Human Error,No,Grievous Injury,Not Applicable,Not Applicable,Not Applicable,Not Applicable,Not Applicable,Not Applicable,Not Applicable,Clear,bb road,flay over down ramp,2.5km,13.039282,77.589462
Bengaluru City,R.T.Nagar Traffic PS,1.04432e+16,2019,1,2,Not Applicable,Other,City/Town,Open area,Human Error,Not Applicable,Damage Only,Others,Not Applicable,Not Applicable,Not Applicable,Not Applicable,Dry,Not Applicable,Clear,SANJAY NAGAR MAIN ROAD,SANJAY NAGAR MAIN ROAD,2.5KM,13.022809,77.584505
Bengaluru City,R.T.Nagar Traffic PS,1.04432e+16,2019,1,2,Not Applicable,Other,Not Applicable,Open area,Not Applicable,Not Applicable,Grievous Injury,Others,Not Applicable,Not Applicable,Not Applicable,Not Applicable,Not Applicable,Not Applicable,Not Applicable,BB ROAD,BB ROAD,2.5KM,0.0,0.0
Bengaluru City,R.T.Nagar Traffic PS,1.04432e+16,2019,1,2,Not Applicable,Not Applicable,City/Town,Open area,Not Applicable,Yes,Grievous Injury,Not Applicable,Not Applicable,Not Applicable,Not Applicable,Not Applicable,Dry,Not Applicable,Clear,bb road,near byaptist hospital,50mtrs,0.0,0.0
Bengaluru City,R.T.Nagar Traffic PS,1.04432e+16,2019,1,2,Road Accidents,Other,City/Town,Near Bus stop,Human Error,Not Applicable,Damage Only,Others,Not Applicable,Others,City or Town Road,Bitumen(Tar),Dry,Not Applicable,Clear,B.B. ROAD,SANJAY NAGAR,0.5,13.39282,77.589462
Bengaluru City,R.T.Nagar Traffic PS,1.04432e+16,2019,1,2,Road Accidents,Junction,City/Town,Near office complex,Human Error,Not Applicable,Simple Injury,Others,Not Applicable,Others,City or Town Road,Bitumen(Tar),Dry,Not Applicable,Clear,SANJAY NAGAR ROAD,new bel road,3.5KM,13.034129,77.871223
Bengaluru City,R.T.Nagar Traffic PS,1.04432e+16,2019,1,2,Not Applicable,Not Applicable,City/Town,Open area,Not Applicable,Not Applicable,Simple Injury,Others,Not Applicable,Not Applicable,Not Applicable,Not Applicable,Dry,Pot holed,Clear,BB ROAD,CANARA BANK NEAR,100MTR,13.033178,77.88174
Bengaluru City,R.T.Nagar Traffic PS,1.04432e+16,2019,1,2,Road Accidents,Curves,City/Town,Near office complex,Human Error,Not Applicable,Simple Injury,Vehicle to Vehicle,Not Applicable,Others,Others,Bitumen(Tar),Dry,Not Applicable,Clear,SANJAY NAGAR,RMV  2nd stage,1.5 KM,13.031872,77.576866
Bengaluru City,R.T.Nagar Traffic PS,1.04432e+16,2019,1,1,Road Accidents,Narrow road,City/Town,Residential area,Human Error,Yes,Grievous Injury,Hit pedestrian,Uncontrolled,Straight and flat,Others,Bitumen(Tar),Dry,No influence on accident,Clear,Devegowda Road,Electric Pole,50 F,0.0,0.0
Bengaluru City,R.T.Nagar Traffic PS,1.04432e+16,2019,1,3,Road Accidents,Other,City/Town,Open area,Not Applicable,Not Applicable,Damage Only,Others,Not Applicable,Others,Others,Not Applicable,Others,Not Applicable,Clear,NANDHI DURGA ROAD,NEAR DARGA,2.5KM,13.001338,77.594547
Bengaluru City,R.T.Nagar Traffic PS,1.04432e+16,2019,1,2,Road Accidents,Narrow road,City/Town,Near School or College,Human Error,No,Fatal,Vehicle to Vehicle,Uncontrolled,Straight and flat,NH,Bitumen(Tar),Flooded,No influence on accident,Clear,B.B.Service Road,Electric Pole,40 M,13.028642,77.586136