DISTRICTNAME,UNITNAME,Crime_No,Year,RI,Noofvehicle_involved,Accident_Classification,Accident_Spot,Accident_Location,Accident_SubLocation,Main_Cause,Hit_Run,Severity,Collision_Type,Junction_Control,Road_Character,Road_Type,Surface_Type,Surface_Condition,Road_Condition,Weather,Accident_Road,Landmark_first,Distance_LandMark_First,Latitude,Longitude
Bengaluru City,R.T.Nagar Traffic PS,1.04432e+16,2019,1,2,Road Accidents,Not Applicable,City/Town,Near Bus stop,Human Error,Yes,Grievous Injury,Not Applicable,No signal lights,Curve,Others,Bitumen(Tar),Dry,Not Applicable,Clear,B B ROAD,INFRONT OFF VETARNERY COLLEGE,1 km,0.0,0.0
Bengaluru City,R.T.Nagar Traffic PS,1.04432e+16,2019,1,2,Road Accidents,Junction,City/Town,Residential area,Human Error,No,Fatal,Vehicle to Vehicle,Uncontrolled,Straight and flat,Others,Bitumen(Tar),Ditch or Potholed,No influence on accident,Clear,Bhoopasandra 80 Feet Road,Electric Pole,50 F,13.040411,77.579452
Bengaluru City,R.T.Nagar Traffic PS,1.04432e+16,2019,1,2,Not Applicable,Other,City/Town,Open area,Not Applicable,Not Applicable,Fatal,Hit and Run,Not Applicable,Not Applicable,Others,Not Applicable,Not Applicable,Not Applicable,Clear,BB ROAD,BYAPTIST HOSPITAL,1KM,13.035875,77.589097
Bengaluru City,R.T.Nagar Traffic PS,1.04432e+16,2019,1,1,Not Applicable,Other,City/Town,Open area,Human Error,Not Applicable,Simple Injury,Others,Not Applicable,Others,Not Applicable,Not Applicable,Not Applicable,Not Applicable,Clear,JAYAMAHAL ROAD,opp hamanulla khan gate,3.5km,13.011196,77.589698
Bengaluru City,R.T.Nagar Traffic PS,1.04432e+16,2019,1,1,Not Applicable,Other,City/Town,Near Bus stop,Not Applicable,Yes,Grievous Injury,Hit and Run,Not Applicable,Others,Others,Not Applicable,Not Applicable,Not Applicable,Others,BB ROAD,BB ROAD,1.5KM,13.025611,77.58575
Bengaluru City,R.T.Nagar Traffic PS,1.04432e+16,2019,1,1,Road Accidents,Other,City/Town,Near School or College,Human Error,Not Applicable,Damage Only,Others,Not Applicable,Others,City or Town Road,Bitumen(Tar),Dry,Not Applicable,Clear,NANDHI DURGA ROAD,NEAR GULABI JUN,"3 KM,",12.999017,77.600105
Bengaluru City,R.T.Nagar Traffic PS,1.04432e+16,2019,1,1,Road Accidents,Other,City/Town,Near office complex,Human Error,Not Applicable,Damage Only,Others,Not Applicable,Others,City or Town Road,Bitumen(Tar),Dry,Not Applicable,Clear,SANJAY NAGAR MAIN ROAD,SANJAY NAGAR,2.5KM,0.0,0.0
Bengaluru City,R.T.Nagar Traffic PS,1.04432e+16,2019,1,1,Road Accidents,Not Applicable,City/Town,Open area,Human Error,Yes,Simple Injury,Hit pedestrian,Not Applicable,Others,Others,Bitumen(Tar),Dry,Not Applicable,Others,RT NAGAR,DEVEGOWDA ROAD,2.5 km,0.0,0.0
Bengaluru City,R.T.Nagar Traffic PS,1.04432e+16,2019,1,2,Road Accidents,Cross roads,City/Town,Near Bus stop,Vehicle Defect,Not Applicable,Damage Only,Not Applicable,No signal lights,Curve,Others,Bitumen(Tar),Dry,Not Applicable,Clear,BB ROAD,HEBBAL FLY OVER,2.5KM,0.0,0.0
Bengaluru City,R.T.Nagar Traffic PS,1.04432e+16,2019,1,2,Not Applicable,Not Applicable,City/Town,Near a religious place,Human Error,Yes,Simple Injury,Vehicle to Vehicle,Not Applicable,Not Applicable,Not Applicable,Not Applicable,Not Applicable,Not Applicable,Not Applicable,NANDHI DURGA ROAD,DARGA,3KM,13.004446,77.594736
Bengaluru City,R.T.Nagar Traffic PS,1.04432e+16,2019,1,2,Not Applicable,Other,City/Town,Open area,Human Error,Yes,Simple Injury,Others,Not Applicable,Not Applicable,Not Applicable,Not Applicable,Not Applicable,Not Applicable,Clear,5th main,24 th juntion,2.5km,13.034129,77.568487
Bengaluru City,R.T.Nagar Traffic PS,1.04432e+16,2019,1,2,Not Applicable,Not Applicable,City/Town,Near Bus stop,Not Applicable,No,Grievous Injury,Others,Not Applicable,Not Applicable,Not Applicable,Not Applicable,Dry,Not Applicable,Not Applicable,HEBBAL SERVICE ROAD,HEBBAL BUS STOP,2.5KM,13.39282,77.589462
Bengaluru City,R.T.Nagar Traffic PS,1.04432e+16,2019,1,2,Road Accidents,Cross roads,City/Town,Near Bus stop,Human Error,Not Applicable,Grievous Injury,Not Applicable,No signal lights,Curve,Others,Bitumen(Tar),Dry,Not Applicable,Clear,SANJAY NAGAR,NEAR JUDGES LAYOUT PARK,2.5 km,0.0,0.0
Bengaluru City,R.T.Nagar Traffic PS,1.04432e+16,2019,1,1,Road Accidents,Junction,City/Town,Residential area,Human Error,No,Fatal,Hit pedestrian,Signal lights Automatic,Straight and flat,Others,Bitumen(Tar),Dry,No influence on accident,Clear,Dinnur Main Road,Electric Pole,50 F,0.0,0.0
Bengaluru City,R.T.Nagar Traffic PS,1.04432e+16,2019,1,1,Road Accidents,Not Applicable,City/Town,Open area,Human Error,Yes,Grievous Injury,Hit pedestrian,Not Applicable,Not Applicable,Not Applicable,Not Applicable,Not Applicable,Not Applicable,Clear,CBI ROAD,NEAR KARNATAKA BIRIYANI,2.5KM,0.0,0.0
Bengaluru City,R.T.Nagar Traffic PS,1.04432e+16,2020,1,2,Road Accidents,Not Applicable,City/Town,Open area,Not Applicable,No,Grievous Injury,Not Applicable,Not Applicable,Not Applicable,Not Applicable,Not Applicable,Not Applicable,Not Applicable,Clear,bb road,BB ROAD,100mtr,13.035979,77.589121
Bengaluru City,R.T.Nagar Traffic PS,1.04432e+16,2020,1,2,Road Accidents,Cross roads,City/Town,Near Hospital,Human Error,Yes,Simple Injury,Vehicle to Vehicle,No signal lights,Others,Others,Bitumen(Tar),Dry,Not Applicable,Clear,Ballari Road,Babtist Hospital,50mts,13.035994,77.589153
Bengaluru City,R.T.Nagar Traffic PS,1.04432e+16,2020,1,2,Road Accidents,Not Applicable,City/Town,Open area,Not Applicable,Not Applicable,Simple Injury,Not Applicable,Not Applicable,Not Applicable,Not Applicable,Not Applicable,Not Applicable,Not Applicable,Clear,JAHAMAHAL ROAD,jayamahal road,2.5km,0.0,0.0
Bengaluru City,R.T.Nagar Traffic PS,1.04432e+16,2020,1,1,Road Accidents,Not Applicable,City/Town,Near Hospital,Human Error,Not Applicable,Simple Injury,Not Applicable,Not Applicable,Others,Others,Bitumen(Tar),Dry,Not Applicable,Clear,B.B. ROAD,Babtist Hospital,500mtr,13.035985,77.589136
Bengaluru City,R.T.Nagar Traffic PS,1.04432e+16,2020,1,1,Road Accidents,Not Applicable,City/Town,Open area,Human Error,Not Applicable,Fatal,Not Applicable,Not Applicable,Not Applicable,Not Applicable,Not Applicable,Not Applicable,Not Applicable,Clear,CBI ROAD,plants shop,1.5km,13.02414,77.584694
Bengaluru City,R.T.Nagar Traffic PS,1.04432e+16,2020,1,2,Road Accidents,Narrow road,City/Town,Near Hospital,Not Applicable,No,Damage Only,Not Applicable,Not Applicable,Not Applicable,Not Applicable,Not Applicable,Not Applicable,Not Applicable,Not Applicable,BB ROAD,NEAR HOSPITAL,1KM,13.035939,77.588987
Bengaluru City,R.T.Nagar Traffic PS,1.04432e+16,2020,1,2,Not Applicable,Not Applicable,City/Town,Open area,Not Applicable,Not Applicable,Simple Injury,Vehicle to Vehicle,Not Applicable,Not Applicable,Not Applicable,Not Applicable,Not Applicable,Not Applicable,Clear,SANJAY NAGAR MAIN ROAD,NEAR POLICE STATION,3.5KM,13.03342,77.5760069
Bengaluru City,R.T.Nagar Traffic PS,1.04432e+16,2020,1,4,Road Accidents,Not Applicable,City/Town,Near Bus stop,Human Error,Not Applicable,Grievous Injury,Not Applicable,Not Applicable,Others,Others,Bitumen(Tar),Others,Not Applicable,Clear,JAYAMAHAL ROAD,J C NAGAR,3.5 km,0.0,0.0
Bengaluru City,R.T.Nagar Traffic PS,1.04432e+16,2020,1,1,Road Accidents,Not Applicable,City/Town,Open area,Not Applicable,No,Fatal,Not Applicable,Not Applicable,Others,Others,Bitumen(Tar),Dry,Not Applicable,Clear,Ballari Road,Sanjayanagara Flyover Downyarp,1.5KM,0.0,0.0
Bengaluru City,R.T.Nagar Traffic PS,1.04432e+16,2020,1,2,Road Accidents,Not Applicable,City/Town,Near School or College,Not Applicable,Not Applicable,Simple Injury,Vehicle to Vehicle,Not Applicable,Not Applicable,Not Applicable,Not Applicable,Not Applicable,Not Applicable,Clear,RT NAGAR PUBLIC SCHOOL ROAD,PUBLIC SCHOOL,1.2KM,0.0,0.0
Bengaluru City,R.T.Nagar Traffic PS,1.04432e+16,2020,1,1,Road Accidents,Not Applicable,City/Town,Near School or College,Human Error,Not Applicable,Simple Injury,Not Applicable,Not Applicable,Others,Others,Bitumen(Tar),Dry,Not Applicable,Clear,RT NAGAR MAIN ROAD,RT NAGAR,2.5KM,0.0,0.0
Bengaluru City,R.T.Nagar Traffic PS,1.04432e+16,2020,1,1,Road Accidents,Narrow road,City/Town,Open area,Human Error,Not Applicable,Simple Injury,Not Applicable,Not Applicable,Others,Others,Bitumen(Tar),Others,Not Applicable,Clear,SANJAY NAGAR,SANJAY NAGAR,2.5KM,13.039341,77.5735889
Bengaluru City,R.T.Nagar Traffic PS,1.04432e+16,2020,1,2,Road Accidents,Not Applicable,City/Town,Residential area,Vehicle Defect,Not Applicable,Damage Only,Vehicle to Vehicle,Not Applicable,Not Applicable,Two way,Bitumen(Tar),Dry,Not Applicable,Clear,Sanjayanagara 3rd Main,Near Sri guru Appartment,2KM,13.029413,77.573539
Bengaluru City,R.T.Nagar Traffic PS,1.04432e+16,2020,1,1,Road Accidents,Not Applicable,City/Town,Open area,Not Applicable,Yes,Fatal,Not Applicable,Not Applicable,Not Applicable,Not Applicable,Not Applicable,Not Applicable,Not Applicable,Clear,JAHAMAHAL ROAD,JC NAGAR PS JUNTION,2.5KM,0.0,0.0
Bengaluru City,R.T.Nagar Traffic PS,1.04432e+16,2020,1,2,Road Accidents,Not Applicable,City/Town,In bazaar,Human Error,Not Applicable,Simple Injury,Vehicle to Vehicle,Not Applicable,Others,Others,Bitumen(Tar),Dry,Not Applicable,Clear,RT NAGAR,RT NAGAR MAIN ROAD,2 KM,0.0,0.0
Bengaluru City,R.T.Nagar Traffic PS,1.04432e+16,2020,1,2,Not Applicable,Not Applicable,City/Town,Open area,Not Applicable,Not Applicable,Grievous Injury,Not Applicable,Not Applicable,Not Applicable,Not Applicable,Not Applicable,Not Applicable,Not Applicable,Clear,BHOOPASANDRA MAIN ROAD,near bhopasandra,2.5km,13.042435,77.580659
Bengaluru City,R.T.Nagar Traffic PS,1.04432e+16,2020,1,2,Road Accidents,Not Applicable,City/Town,Open area,Not Applicable,Not Applicable,Simple Injury,Vehicle to Vehicle,Stop sign,Others,Others,Bitumen(Tar),Dry,Not Applicable,Clear,J C Nagara,T V TOWERSINGNAL,"3 KM,",0.0,0.0
Bengaluru City,R.T.Nagar Traffic PS,1.04432e+16,2020,1,1,Road Accidents,Narrow road,Rural Areas,Open area,Not Applicable,Not Applicable,Fatal,Hit pedestrian,Uncontrolled,Not Applicable,Others,Metalled,Not Applicable,Not Applicable,Clear,JAYAMAHAL ROAD,OPP FUN WORD,3.5km,0.0,0.0
Bengaluru City,R.T.Nagar Traffic PS,1.04432e+16,2020,1,1,Road Accidents,Not Applicable,City/Town,Near office complex,Human Error,Not Applicable,Simple Injury,Not Applicable,Not Applicable,Others,Others,Bitumen(Tar),Dry,Not Applicable,Clear,DINNURU MAIN ROAD,dinnur main road,2 KM,0.0,0.0
Bengaluru City,R.T.Nagar Traffic PS,1.04432e+16,2020,1,1,Road Accidents,Not Applicable,City/Town,Near Petrol Pump,Human Error,Not Applicable,Simple Injury,Not Applicable,Not Applicable,Others,Others,Bitumen(Tar),Dry,Not Applicable,Clear,RT NAGAR MAIN ROAD,RT NAGAR,2.5KM,0.0,0.0
Bengaluru City,R.T.Nagar Traffic PS,1.04432e+16,2020,1,1,Road Accidents,Not Applicable,City/Town,Near Bus stop,Human Error,Not Applicable,Damage Only,Not Applicable,Not Applicable,Others,Others,Bitumen(Tar),Dry,Not Applicable,Clear,B.B. ROAD,SANJAY NAGAR,0.5,13.037831,77.589115
Bengaluru City,R.T.Nagar Traffic PS,1.04432e+16,2020,1,2,Road Accidents,Not Applicable,City/Town,Open area,Human Error,Yes,Simple Injury,Vehicle to Vehicle,Not Applicable,Others,Others,Bitumen(Tar),Dry,Not Applicable,Clear,SANJAY NAGAR MAIN ROAD,SANJAY NAGAR,2.5KM,13.041575,77.586768
Bengaluru City,R.T.Nagar Traffic PS,1.04432e+16,2020,1,1,Not Applicable,Junction,City/Town,Open area,Not Applicable,No,Damage Only,Not Applicable,Not Applicable,Not Applicable,Not Applicable,Not Applicable,Not Applicable,Not Applicable,Not Applicable,JAYAMAHAL ROAD,CAIL JUNTION,2.5KM,0.0,0.0
Bengaluru City,R.T.Nagar Traffic PS,1.04432e+16,2020,1,1,Road Accidents,Not Applicable,City/Town,Open area,Not Applicable,Not Applicable,Fatal,Not Applicable,Not Applicable,Not Applicable,Not Applicable,Not Applicable,Dry,Not Applicable,Clear,JAYAMAHAL ROAD,near mekri circle,2.5KM,0.0,0.0
Bengaluru City,R.T.Nagar Traffic PS,1.04432e+16,2020,1,2,Road Accidents,Not Applicable,City/Town,Near Bus stop,Human Error,Not Applicable,Simple Injury,Vehicle to Vehicle,Not Applicable,Others,Others,Bitumen(Tar),Dry,Not Applicable,Clear,JAHAMAHAL ROAD,jayamahal road,3.5KM,0.0,0.0
Bengaluru City,R.T.Nagar Traffic PS,1.04432e+16,2020,1,1,Road Accidents,Not Applicable,City/Town,Open area,Human Error,Not Applicable,Simple Injury,Not Applicable,Not Applicable,Others,Others,Bitumen(Tar),Dry,Not Applicable,Clear,JAHAMAHAL ROAD,jayamahal road,2.5KM,0.0,0.0
Bengaluru City,R.T.Nagar Traffic PS,1.04432e+16,2020,1,1,Road Accidents,Not Applicable,City/Town,Open area,Human Error,Not Applicable,Fatal,Hit pedestrian,Not Applicable,Not Applicable,Not Applicable,Not Applicable,Not Applicable,Not Applicable,Clear,BB ROAD,HEBBAL FLY OVER,2,13.039107,77.5893829
Bengaluru City,R.T.Nagar Traffic PS,1.04432e+16,2020,1,1,Road Accidents,Not Applicable,City/Town,Open area,Human Error,Not Applicable,Simple Injury,Not Applicable,Not Applicable,Others,Others,Bitumen(Tar),Others,Not Applicable,Clear,J C NAGAR,jayamahal road,2.5KM,0.0,0.0
Bengaluru City,R.T.Nagar Traffic PS,1.04432e+16,2020,1,2,Road Accidents,Not Applicable,City/Town,Open area,Not Applicable,Not Applicable,Simple Injury,Vehicle to Vehicle,Not Applicable,Others,Others,Bitumen(Tar),Dry,Not Applicable,Clear,Ballari Road,CBI Bus Stop,1.5 KM,13.026232,77.585298
Bengaluru City,R.T.Nagar Traffic PS,1.04432e+16,2020,1,2,Road Accidents,Not Applicable,City/Town,Near Bus stop,Human Error,Not Applicable,Grievous Injury,Not Applicable,Not Applicable,Not Applicable,Not Applicable,Not Applicable,Not Applicable,Not Applicable,Clear,bb road,near bus stop,2.5km,13.038228,77.589454
Bengaluru City,R.T.Nagar Traffic PS,1.04432e+16,2020,1,2,Road Accidents,Not Applicable,City/Town,Open area,Human Error,Yes,Simple Injury,Vehicle to Vehicle,Not Applicable,Not Applicable,Others,Not Applicable,Dry,Not Applicable,Clear,RT NAGAR MAIN ROAD,near gundurav house,2.5,0.0,0.0
Bengaluru City,R.T.Nagar Traffic PS,1.04432e+16,2020,1,2,Not Applicable,Not Applicable,City/Town,Open area,Not Applicable,Not Applicable,Damage Only,Vehicle to Vehicle,Not Applicable,Not Applicable,Not Applicable,Not Applicable,Not Applicable,Not Applicable,Not Applicable,JAHAMAHAL ROAD,CIL CIRCLE,2.5KM,0.0,0.0
Bengaluru City,R.T.Nagar Traffic PS,1.04432e+16,2020,1,1,Road Accidents,Cross roads,City/Town,Open area,Not Applicable,Not Applicable,Simple Injury,Not Applicable,Not Applicable,Others,Not Applicable,Bitumen(Tar),Dry,Not Applicable,Clear,Ballari Road,Near RT Nagara Traffic PS Magic Box,50 ft,13.03365,77.588397
Bengaluru City,R.T.Nagar Traffic PS,1.04432e+16,2020,1,1,Not Applicable,Not Applicable,City/Town,Open area,Not Applicable,No,Fatal,Not Applicable,Not Applicable,Not Applicable,Not Applicable,Not Applicable,Not Applicable,Not Applicable,Clear,nandi durga road,airtel office,3.5 km,0.0,0.0
Bengaluru City,R.T.Nagar Traffic PS,1.04432e+16,2020,1,2,Road Accidents,Not Applicable,City/Town,Residential area,Human Error,Not Applicable,Damage Only,Not Applicable,Not Applicable,Others,Others,Bitumen(Tar),Dry,Not Applicable,Clear,RT NAGAR MAIN ROAD,RT NAGAR,2.5KM,13.043206,77.572351
Bengaluru City,R.T.Nagar Traffic PS,1.04432e+16,2020,1,2,Road Accidents,Not Applicable,City/Town,Near Bus stop,Human Error,Not Applicable,Simple Injury,Vehicle to Vehicle,Not Applicable,Others,Others,Bitumen(Tar),Dry,Not Applicable,Clear,B.B. ROAD,SANJAY NAGAR,100MTR,0.0,0.0
Bengaluru City,R.T.Nagar Traffic PS,1.04432e+16,2020,1,2,Road Accidents,Not Applicable,City/Town,Open area,Human Error,Yes,Grievous Injury,Vehicle to Vehicle,Uncontrolled,Not Applicable,Not Applicable,Not Applicable,Not Applicable,Not Applicable,Clear,bb road,RT NAGAR,100mtr,13.033362,77.588284
Bengaluru City,R.T.Nagar Traffic PS,1.04432e+16,2020,1,2,Not Applicable,Not Applicable,City/Town,Open area,Human Error,No,Simple Injury,Vehicle to Vehicle,Not Applicable,Not Applicable,Not Applicable,Not Applicable,Not Applicable,Not Applicable,Not Applicable,bb road,HEBBAL FLY OVER UP RAMP,2.5km,13.039422,77.589624
Bengaluru City,R.T.Nagar Traffic PS,1.04432e+16,2020,1,1,Not Applicable,Not Applicable,City/Town,Open area,Not Applicable,Not Applicable,Fatal,Not Applicable,Not Applicable,Not Applicable,Not Applicable,Not Applicable,Not Applicable,Not Applicable,Cloudy,LOTTE GOLLAHALLI MAIN ROAD,NEAR RAYAL VILLA APT,100MTR,13.046096,77.565648
Bengaluru City,R.T.Nagar Traffic PS,1.04432e+16,2020,1,1,Road Accidents,Not Applicable,City/Town,Open area,Human Error,Not Applicable,Simple Injury,Hit pedestrian,Not Applicable,Others,Others,Bitumen(Tar),Dry,Not Applicable,Clear,NANDI DURGA ROAD,NANDI DURGA ROAD,2 KM,0.0,0.0
Bengaluru City,R.T.Nagar Traffic PS,1.04432e+16,2020,1,1,Not Applicable,Not Applicable,City/Town,Open area,Not Applicable,No,Damage Only,Not Applicable,Not Applicable,Not Applicable,Not Applicable,Not Applicable,Not Applicable,Not Applicable,Clear,14th cross,194,2.5km,0.0,0.0
Bengaluru City,R.T.Nagar Traffic PS,1.04432e+16,2020,1,2,Road Accidents,Not Applicable,City/Town,Near Bus stop,Human Error,Not Applicable,Grievous Injury,Not Applicable,Not Applicable,Others,Others,Bitumen(Tar),Others,Not Applicable,Clear,B B ROAD,SANJAY NAGAR,1KM,13.039099,77.5893479
Bengaluru City,R.T.Nagar Traffic PS,1.04432e+16,2020,1,1,Road Accidents,Not Applicable,City/Town,Near office complex,Human Error,Not Applicable,Simple Injury,Not Applicable,Not Applicable,Others,Others,Bitumen(Tar),Dry,Not Applicable,Clear,SANJAY NAGAR BALLARI ROAD JN,SANJAY NAGAR,3.5KM,13.043288,77.56681
Bengaluru City,R.T.Nagar Traffic PS,1.04432e+16,2020,1,1,Road Accidents,Not Applicable,City/Town,Open area,Human Error,Yes,Simple Injury,Hit pedestrian,Not Applicable,Others,Others,Bitumen(Tar),Dry,Not Applicable,Clear,J C NAGAR,NANDI DURGA ROAD,2.5KM,0.0,0.0
Bengaluru City,R.T.Nagar Traffic PS,1.04432e+16,2020,1,2,Not Applicable,Not Applicable,City/Town,Near Bus stop,Not Applicable,Yes,Damage Only,Vehicle to Vehicle,Not Applicable,Not Applicable,Not Applicable,Not Applicable,Not Applicable,Not Applicable,Not Applicable,BB ROAD,NEAR ROAD,2.5KM,13.039311,77.589399
Bengaluru City,R.T.Nagar Traffic PS,1.04432e+16,2020,1,3,Not Applicable,Not Applicable,City/Town,Near Bus stop,Human Error,Not Applicable,Damage Only,Not Applicable,Not Applicable,Not Applicable,Not Applicable,Not Applicable,Not Applicable,Not Applicable,Clear,bb road,HEBBAL BUS STOP,2.5KM,13.039294,77.5903039
Bengaluru City,R.T.Nagar Traffic PS,1.04432e+16,2020,1,2,Road Accidents,Not Applicable,City/Town,Open area,Not Applicable,Not Applicable,Simple Injury,Vehicle to Vehicle,Not Applicable,Not Applicable,Not Applicable,Not Applicable,Others,Not Applicable,Clear,JAHAMAHAL ROAD,FUN,3.5KM,0.0,0.0
Bengaluru City,R.T.Nagar Traffic PS,1.04432e+16,2020,1,2,Road Accidents,Not Applicable,City/Town,Near Petrol Pump,Human Error,Not Applicable,Grievous Injury,Not Applicable,Not Applicable,Others,Others,Bitumen(Tar),Others,Not Applicable,Clear,SANJAY NAGAR,SANJAY NAGAR MAIN ROAD,2 KM,13.036926,77.574515
Bengaluru City,R.T.Nagar Traffic PS,1.04432e+16,2020,1,2,Road Accidents,Not Applicable,City/Town,Near Bus stop,Human Error,Not Applicable,Damage Only,Not Applicable,Not Applicable,Others,Others,Bitumen(Tar),Dry,Not Applicable,Clear,BB ROAD,SANJAY NAGAR,1.5 KM,13.026167,77.585268
Bengaluru City,R.T.Nagar Traffic PS,1.04432e+16,2020,1,2,Road Accidents,Not Applicable,City/Town,Open area,Not Applicable,Yes,Damage Only,Not Applicable,Not Applicable,Not Applicable,Not Applicable,Not Applicable,Not Applicable,Not Applicable,Not Applicable,DEVE GOWDA ROAD,NEAR V CARE HOSPITAL,2.5,0.0,0.0
Bengaluru City,R.T.Nagar Traffic PS,1.04432e+16,2020,1,2,Not Applicable,Not Applicable,City/Town,Open area,Not Applicable,Yes,Damage Only,Vehicle to Vehicle,Not Applicable,Not Applicable,Not Applicable,Not Applicable,Not Applicable,Not Applicable,Clear,bb road,BB ROAD,1km,13.036667,77.590021
Bengaluru City,R.T.Nagar Traffic PS,1.04432e+16,2020,1,2,Road Accidents,Not Applicable,City/Town,Open area,Human Error,Not Applicable,Fatal,Not Applicable,Not Applicable,Not Applicable,One way,Not Applicable,Not Applicable,Not Applicable,Clear,JAHAMAHAL ROAD,HAMANULLAKHAN GATE,2KM,0.0,0.0
Bengaluru City,R.T.Nagar Traffic PS,1.04432e+16,2020,1,3,Road Accidents,Not Applicable,City/Town,Open area,Human Error,Not Applicable,Simple Injury,Not Applicable,Not Applicable,Others,Others,Bitumen(Tar),Dry,Not Applicable,Clear,NANDHI DURGA ROAD,NANDI DURGA ROAD,2.5KM,0.0,0.0
Bengaluru City,R.T.Nagar Traffic PS,1.04432e+16,2020,1,3,Road Accidents,Not Applicable,City/Town,Near Bus stop,Human Error,Not Applicable,Damage Only,Not Applicable,Not Applicable,Others,Others,Bitumen(Tar),Others,Not Applicable,Clear,B B ROAD,SANJAY NAGAR,2 KM,13.039236,77.5895279
Bengaluru City,R.T.Nagar Traffic PS,1.04432e+16,2020,1,2,Road Accidents,Not Applicable,City/Town,Open area,Not Applicable,No,Damage Only,Not Applicable,Not Applicable,Not Applicable,NH,Not Applicable,Not Applicable,Not Applicable,Clear,JAHAMAHAL ROAD,BHOPASANDAR CIRCLE,205KM,13.042148,77.582686
Bengaluru City,R.T.Nagar Traffic PS,1.04432e+16,2020,1,2,Road Accidents,Junction,City/Town,Open area,Human Error,Not Applicable,Simple Injury,Not Applicable,Signals (Working),Not Applicable,Not Applicable,Not Applicable,Dry,Not Applicable,Clear,JAHAMAHAL ROAD,cail juntion,2.5km,0.0,0.0
Bengaluru City,R.T.Nagar Traffic PS,1.04432e+16,2020,1,1,Road Accidents,Not Applicable,City/Town,Near Bus stop,Human Error,Not Applicable,Grievous Injury,Not Applicable,Not Applicable,Others,Others,Bitumen(Tar),Others,Not Applicable,Clear,B.B.Service Road,SANJAY NAGAR,2.5km,13.038617,77.589492
Bengaluru City,R.T.Nagar Traffic PS,1.04432e+16,2021,1,2,Road Accidents,Not Applicable,City/Town,Near Bus stop,Human Error,Not Applicable,Damage Only,Not Applicable,Not Applicable,Others,Others,Bitumen(Tar),Dry,Not Applicable,Clear,B.B. ROAD,HEBBAL FLY OVER,1 km,13.039125,77.589463
Bengaluru City,R.T.Nagar Traffic PS,1.04432e+16,2021,1,1,Road Accidents,Not Applicable,City/Town,Near School or College,Human Error,Not Applicable,Damage Only,Not Applicable,Not Applicable,Others,Others,Bitumen(Tar),Dry,Not Applicable,Clear,B.B. ROAD,SANJAY NAGAR,200mee,13.027745,77.5857559
Bengaluru City,R.T.Nagar Traffic PS,1.04432e+16,2021,1,1,Road Accidents,Not Applicable,City/Town,Near Bus stop,Human Error,Not Applicable,Simple Injury,Not Applicable,Not Applicable,Others,Others,Bitumen(Tar),Dry,Not Applicable,Clear,B.B. ROAD,HEBBAL FLY OVER,1 km,13.039267,77.589499
Bengaluru City,R.T.Nagar Traffic PS,1.04432e+16,2021,1,1,Road Accidents,Not Applicable,City/Town,Near Bus stop,Human Error,Yes,Simple Injury,Not Applicable,Not Applicable,Others,Others,Bitumen(Tar),Dry,Not Applicable,Clear,J C NAGAR,jayamahal road,"3 KM,",0.0,0.0
Bengaluru City,R.T.Nagar Traffic PS,1.04432e+16,2021,1,2,Road Accidents,Not Applicable,City/Town,Residential area,Human Error,No,Simple Injury,Vehicle to Vehicle,Not Applicable,Not Applicable,Others,Bitumen(Tar),Others,Not Applicable,Clear,BHOOPASANDAR MAIN RAD,SAPOTA THOTA,1km,13.041641,77.585824
Bengaluru City,R.T.Nagar Traffic PS,1.04432e+16,2021,1,2,Road Accidents,Not Applicable,City/Town,Open area,Human Error,Yes,Simple Injury,Vehicle to Vehicle,Not Applicable,Others,Others,Bitumen(Tar),Dry,Not Applicable,Clear,SANJAY NAGAR MAIN ROAD,SANJAY NAGAR,2 KM,13.040594,77.573145
Bengaluru City,R.T.Nagar Traffic PS,1.04432e+16,2021,1,2,Road Accidents,Not Applicable,City/Town,Open area,Not Applicable,No,Damage Only,Vehicle to Vehicle,Not Applicable,Not Applicable,Others,Bitumen(Tar),Dry,Not Applicable,Clear,BB ROAD,near CBI Fly over,1km,13.028383,77.5861309
Bengaluru City,R.T.Nagar Traffic PS,1.04432e+16,2021,1,2,Road Accidents,Not Applicable,City/Town,Near Bus stop,Human Error,Not Applicable,Simple Injury,Not Applicable,Not Applicable,Others,Others,Bitumen(Tar),Dry,Not Applicable,Clear,SANJAY NAGAR MAIN ROAD,SANJAY NAGAR,2 KM,13.033982,77.575754
Bengaluru City,R.T.Nagar Traffic PS,1.04432e+16,2021,1,2,Road Accidents,Not Applicable,City/Town,Near Bus stop,Human Error,Not Applicable,Simple Injury,Not Applicable,Not Applicable,Others,Others,Bitumen(Tar),Dry,Not Applicable,Clear,SANJAY NAGAR MAIN ROAD,SANJAY NAGAR,"3 KM,",13.027809,77.574384
Bengaluru City,R.T.Nagar Traffic PS,1.04432e+16,2021,1,2,Road Accidents,Not Applicable,City/Town,Near Petrol Pump,Human Error,Not Applicable,Fatal,Not Applicable,Not Applicable,Others,Others,Bitumen(Tar),Dry,Not Applicable,Clear,SANJAY NAGAR MAIN ROAD,SANJAY NAGAR FLY OVER DOWN RAMP,1 km,13.022921,77.584492
Bengaluru City,R.T.Nagar Traffic PS,1.04432e+16,2021,1,1,Road Accidents,Not Applicable,City/Town,Near Bus stop,Human Error,Not Applicable,Simple Injury,Not Applicable,Not Applicable,Others,Others,Bitumen(Tar),Dry,Not Applicable,Clear,SANJAY NAGAR MAIN ROAD,BUPSANDRA MAIN ROAD,1 km,13.042196,77.582895
Bengaluru City,R.T.Nagar Traffic PS,1.04432e+16,2021,1,1,Road Accidents,Not Applicable,City/Town,Near Bus stop,Human Error,Not Applicable,Simple Injury,Not Applicable,Not Applicable,Others,Others,Bitumen(Tar),Dry,Not Applicable,Clear,JAHAMAHAL ROAD,jayamahal road,3.5KM,0.0,0.0