DISTRICTNAME,UNITNAME,Crime_No,Year,RI,Noofvehicle_involved,Accident_Classification,Accident_Spot,Accident_Location,Accident_SubLocation,Main_Cause,Hit_Run,Severity,Collision_Type,Junction_Control,Road_Character,Road_Type,Surface_Type,Surface_Condition,Road_Condition,Weather,Accident_Road,Landmark_first,Distance_LandMark_First,Latitude,Longitude
Bengaluru City,R.T.Nagar Traffic PS,1.04432e+16,2021,1,4,Road Accidents,Not Applicable,City/Town,Near a religious place,Human Error,Not Applicable,Simple Injury,Not Applicable,Not Applicable,Others,Others,Bitumen(Tar),Dry,Not Applicable,Clear,SANJAY NAGAR MAIN ROAD,SANJAY NAGAR,2.5KM,13.043945,77.571221
Bengaluru City,R.T.Nagar Traffic PS,1.04432e+16,2021,1,1,Road Accidents,Not Applicable,City/Town,Open area,Human Error,Not Applicable,Simple Injury,Hit pedestrian,Not Applicable,Others,Others,Bitumen(Tar),Others,Not Applicable,Clear,RT NAGAR MAIN ROAD,RT NAGAR,"3 KM,",0.0,0.0
Bengaluru City,R.T.Nagar Traffic PS,1.04432e+16,2021,1,2,Road Accidents,Junction,City/Town,Open area,Human Error,Not Applicable,Damage Only,Vehicle to Vehicle,Not Applicable,Others,Not Applicable,Bitumen(Tar),Dry,Not Applicable,Clear,RT nagar PS Junction,RT PS Junction,1.5km,0.0,0.0
Bengaluru City,R.T.Nagar Traffic PS,1.04432e+16,2021,1,2,Road Accidents,Not Applicable,City/Town,Open area,Human Error,Not Applicable,Simple Injury,Not Applicable,Not Applicable,Others,Others,Bitumen(Tar),Others,Not Applicable,Clear,DINNURU MAIN ROAD,dinnur main road,3 KM,0.0,0.0
Bengaluru City,R.T.Nagar Traffic PS,1.04432e+16,2021,1,2,Road Accidents,Not Applicable,City/Town,Near Bus stop,Human Error,Not Applicable,Simple Injury,Not Applicable,Not Applicable,Others,Others,Bitumen(Tar),Others,Not Applicable,Clear,B.B. ROAD,HEBBALA SEVRICE ROAD,1.5 KM,13.035128,77.588857
Bengaluru City,R.T.Nagar Traffic PS,1.04432e+16,2021,1,2,Road Accidents,Not Applicable,City/Town,Open area,Human Error,Not Applicable,Simple Injury,Not Applicable,Not Applicable,Others,Others,Bitumen(Tar),Dry,Not Applicable,Clear,SANJAY NAGAR MAIN ROAD,SANJAY NAGAR,2 KM,13.04566,77.56934
Bengaluru City,R.T.Nagar Traffic PS,1.04432e+16,2021,1,2,Not Applicable,Not Applicable,City/Town,Residential area,Human Error,Yes,Damage Only,Vehicle to Vehicle,Not Applicable,Others,Not Applicable,Bitumen(Tar),Others,Not Applicable,Clear,near wetnary collage,B B ROAD,500mtr,13.02951,77.586475
Bengaluru City,R.T.Nagar Traffic PS,1.04432e+16,2021,1,2,Road Accidents,Not Applicable,City/Town,Open area,Human Error,Not Applicable,Simple Injury,Not Applicable,Not Applicable,Others,Others,Bitumen(Tar),Dry,Not Applicable,Clear,SANJAY NAGAR MAIN ROAD,SANJAY NAGAR,"3 KM,",13.027017,77.578988
Bengaluru City,R.T.Nagar Traffic PS,1.04432e+16,2021,1,2,Road Accidents,Not Applicable,City/Town,Near Bus stop,Human Error,Not Applicable,Simple Injury,Not Applicable,Not Applicable,Others,Others,Bitumen(Tar),Dry,Not Applicable,Clear,CBI ROAD,CBI Bus Stop,2 KM,13.026922,77.585869
Bengaluru City,R.T.Nagar Traffic PS,1.04432e+16,2021,1,1,Not Applicable,Not Applicable,City/Town,Residential area,Not Applicable,Not Applicable,Simple Injury,Not Applicable,Not Applicable,Not Applicable,Others,Surfaced,Not Applicable,Not Applicable,Clear,SANJAY NAGAR MAIN ROAD,SANJAY NAGAR,2 KM,13.032262,77.576615
Bengaluru City,R.T.Nagar Traffic PS,1.04432e+16,2021,1,2,Road Accidents,Not Applicable,City/Town,Near a religious place,Human Error,Yes,Simple Injury,Not Applicable,Not Applicable,Others,Others,Bitumen(Tar),Dry,Not Applicable,Cloudy,SANJAY NAGAR MAIN ROAD,SANJAY NAGAR,"3 KM,",0.0,0.0
Bengaluru City,R.T.Nagar Traffic PS,1.04432e+16,2021,1,1,Road Accidents,Not Applicable,City/Town,Near Bus stop,Human Error,Not Applicable,Damage Only,Not Applicable,Not Applicable,Others,Others,Bitumen(Tar),Dry,Not Applicable,Clear,DINNURU MAIN ROAD,dinnur main road,2 KM,0.0,0.0
Bengaluru City,R.T.Nagar Traffic PS,1.04432e+16,2021,1,2,Not Applicable,Not Applicable,City/Town,Residential area,Human Error,Yes,Simple Injury,Not Applicable,Not Applicable,Not Applicable,Others,Bitumen(Tar),Not Applicable,Not Applicable,Clear,tarala balu road,mla layout,3.5 km,0.0,0.0
Bengaluru City,R.T.Nagar Traffic PS,1.04432e+16,2021,1,1,Road Accidents,Not Applicable,City/Town,Near School or College,Human Error,Not Applicable,Damage Only,Not Applicable,Not Applicable,Others,Others,Bitumen(Tar),Others,Not Applicable,Clear,B.B. ROAD,SANJAY NAGAR,0.5km,13.028516,77.586064
Bengaluru City,R.T.Nagar Traffic PS,1.04432e+16,2021,1,3,Road Accidents,Not Applicable,City/Town,Near Bus stop,Human Error,Not Applicable,Simple Injury,Not Applicable,Not Applicable,Not Applicable,Others,Bitumen(Tar),Dry,Not Applicable,Clear,B.B. ROAD,SANJAY NAGAR,1 km,13.03923,77.589373
Bengaluru City,R.T.Nagar Traffic PS,1.04432e+16,2021,1,2,Road Accidents,Not Applicable,City/Town,Open area,Human Error,No,Grievous Injury,Vehicle to Vehicle,Not Applicable,Others,Others,Bitumen(Tar),Dry,Not Applicable,Clear,Sanjayanagar Main Road,Padmavati Apartment,1.5,13.042504,77.567924
Bengaluru City,R.T.Nagar Traffic PS,1.04432e+16,2021,1,2,Road Accidents,Not Applicable,City/Town,Open area,Human Error,Not Applicable,Simple Injury,Not Applicable,Not Applicable,Others,Others,Bitumen(Tar),Dry,Not Applicable,Clear,SANJAY NAGAR MAIN ROAD,SANJAY NAGAR,3 KM,13.044318,77.565078
Bengaluru City,R.T.Nagar Traffic PS,1.04432e+16,2021,1,1,Road Accidents,Not Applicable,City/Town,Near Petrol Pump,Human Error,Yes,Grievous Injury,Not Applicable,Not Applicable,Others,Others,Bitumen(Tar),Others,Not Applicable,Clear,SANJAY NAGAR MAIN ROAD,near Indian Oil Petrol Bunk,"3 KM,",13.032141,77.576657
Bengaluru City,R.T.Nagar Traffic PS,1.04432e+16,2021,1,2,Road Accidents,Not Applicable,City/Town,Near Bus stop,Human Error,Not Applicable,Fatal,Not Applicable,Not Applicable,Others,Others,Bitumen(Tar),Dry,Not Applicable,Clear,Boopasandra Main Road,SANJAY NAGAR,3 KM,13.041545,77.587234
Bengaluru City,R.T.Nagar Traffic PS,1.04432e+16,2021,1,2,Road Accidents,Not Applicable,City/Town,Open area,Not Applicable,No,Simple Injury,Vehicle to Vehicle,Not Applicable,Not Applicable,Not Applicable,Bitumen(Tar),Dry,Not Applicable,Clear,C.B.I Fly over up Ramp,CBI FLY OVER,1 km,13.028469,77.58618
Bengaluru City,R.T.Nagar Traffic PS,1.04432e+16,2021,1,1,Road Accidents,Cross roads,City/Town,Residential area,Human Error,No,Simple Injury,Hit pedestrian,Not Applicable,Not Applicable,Not Applicable,Bitumen(Tar),Dry,Not Applicable,Clear,Bupsandra 3rd Cross,Bupsandar 3rd Cross,1km,13.041126,77.580994
Bengaluru City,R.T.Nagar Traffic PS,1.04432e+16,2021,1,2,Road Accidents,Cross roads,City/Town,Open area,Human Error,No,Grievous Injury,Vehicle to Vehicle,Not Applicable,Others,Others,Bitumen(Tar),Dry,Not Applicable,Clear,Dinnur Main Road,R T Nagar,2.5,0.0,0.0
Bengaluru City,R.T.Nagar Traffic PS,1.04432e+16,2021,1,2,Road Accidents,Not Applicable,City/Town,Near School or College,Human Error,Yes,Simple Injury,Not Applicable,Not Applicable,Others,Others,Bitumen(Tar),Dry,Not Applicable,Clear,SANJAY NAGAR BALLARI ROAD JN,SANJAY NAGAR,2.5km,13.028035,77.585733
Bengaluru City,R.T.Nagar Traffic PS,1.04432e+16,2021,1,2,Road Accidents,Not Applicable,City/Town,Near School or College,Human Error,Yes,Grievous Injury,Vehicle to Vehicle,Not Applicable,Others,Others,Bitumen(Tar),Others,Not Applicable,Clear,SANJAY NAGAR BALLARI ROAD JN,SANJAY NAGAR,1/2km,13.032854,77.587879
Bengaluru City,R.T.Nagar Traffic PS,1.04432e+16,2021,1,2,Road Accidents,Junction,City/Town,Near Bus stop,Human Error,Not Applicable,Damage Only,Not Applicable,Not Applicable,Others,Others,Bitumen(Tar),Dry,Not Applicable,Clear,RT NAGAR MAIN ROAD,RT NAGAR,1.5KM,0.0,0.0
Bengaluru City,R.T.Nagar Traffic PS,1.04432e+16,2021,1,1,Road Accidents,Not Applicable,City/Town,Near Bus stop,Human Error,Not Applicable,Fatal,Not Applicable,Not Applicable,Not Applicable,Others,Bitumen(Tar),Dry,Not Applicable,Clear,C.B.I Fly over Down Ramp,CBI FLY OVER,1 km,13.028476,77.586048
Bengaluru City,R.T.Nagar Traffic PS,1.04432e+16,2021,1,2,Road Accidents,Not Applicable,City/Town,Near School or College,Human Error,Not Applicable,Simple Injury,Not Applicable,Not Applicable,Others,Others,Bitumen(Tar),Dry,Not Applicable,Clear,B.B. ROAD,SANJAY NAGAR,0.5km,13.030436,77.586988
Bengaluru City,R.T.Nagar Traffic PS,1.04432e+16,2021,1,2,Road Accidents,Not Applicable,City/Town,Residential area,Human Error,Yes,Simple Injury,Vehicle to Vehicle,Not Applicable,Others,Two way,Bitumen(Tar),Others,Not Applicable,Clear,SANJAY NAGAR MAIN ROAD,SANJAY NAGAR,2 KM,13.033633,77.575857
Bengaluru City,R.T.Nagar Traffic PS,1.04432e+16,2021,1,1,Road Accidents,Not Applicable,City/Town,Near a religious place,Human Error,Not Applicable,Simple Injury,Not Applicable,Not Applicable,Others,Others,Bitumen(Tar),Dry,Not Applicable,Clear,SANJAY NAGAR MAIN ROAD,SANJAY NAGAR,3 KM,13.030532,77.577638
Bengaluru City,R.T.Nagar Traffic PS,1.04432e+16,2021,1,2,Road Accidents,Not Applicable,City/Town,Residential area,Human Error,Yes,Simple Injury,Not Applicable,Not Applicable,Not Applicable,Others,Bitumen(Tar),Not Applicable,Not Applicable,Clear,3rd cross R T nagar,R T NAGAR,2.5 km,0.0,0.0
Bengaluru City,R.T.Nagar Traffic PS,1.04432e+16,2021,1,2,Road Accidents,Not Applicable,City/Town,Narrow bridge or culverts,Human Error,Not Applicable,Simple Injury,Not Applicable,Not Applicable,Others,Others,Bitumen(Tar),Dry,Not Applicable,Clear,JAHAMAHAL ROAD,jayamahal road,4KM,0.0,0.0
Bengaluru City,R.T.Nagar Traffic PS,1.04432e+16,2021,1,1,Not Applicable,Not Applicable,City/Town,Near Hospital,Not Applicable,No,Fatal,Hit pedestrian,Not Applicable,Others,Others,Bitumen(Tar),Dry,Not Applicable,Clear,BB ROAD,Near Nyaygram,05km,13.038211,77.589129
Bengaluru City,R.T.Nagar Traffic PS,1.04432e+16,2021,1,2,Road Accidents,Not Applicable,City/Town,Open area,Human Error,Yes,Simple Injury,Not Applicable,Not Applicable,Others,Others,Bitumen(Tar),Dry,Not Applicable,Clear,J C NAGAR,jayamahal road,3 KM,0.0,0.0
Bengaluru City,R.T.Nagar Traffic PS,1.04432e+16,2021,1,1,Road Accidents,Not Applicable,City/Town,Open area,Human Error,Not Applicable,Damage Only,Not Applicable,Not Applicable,Others,Others,Bitumen(Tar),Dry,Not Applicable,Clear,SANJAY NAGAR MAIN ROAD,NEW BEL ROAD,"3 KM,",13.037038,77.565946
Bengaluru City,R.T.Nagar Traffic PS,1.04432e+16,2021,1,2,Road Accidents,Not Applicable,City/Town,Open area,Human Error,Not Applicable,Damage Only,Not Applicable,Not Applicable,Others,Others,Bitumen(Tar),Dry,Not Applicable,Clear,SANJAY NAGAR MAIN ROAD,SANJAY NAGAR,"3 KM,",13.04574,77.57108
Bengaluru City,R.T.Nagar Traffic PS,1.04432e+16,2021,1,1,Road Accidents,Not Applicable,City/Town,Near Bus stop,Human Error,Not Applicable,Damage Only,Not Applicable,Not Applicable,Others,Others,Bitumen(Tar),Dry,Not Applicable,Clear,J C NAGAR,jayamahal road,3 KM,0.0,0.0
Bengaluru City,R.T.Nagar Traffic PS,1.04432e+16,2021,1,1,Road Accidents,Not Applicable,City/Town,Near Bus stop,Human Error,Not Applicable,Grievous Injury,Not Applicable,Not Applicable,Others,Others,Bitumen(Tar),Dry,Not Applicable,Clear,SANJAY NAGAR MAIN ROAD,SANJAY NAGAR,3 KM,13.045131,77.5642419
Bengaluru City,R.T.Nagar Traffic PS,1.04432e+16,2021,1,2,Road Accidents,Not Applicable,City/Town,Near Bus stop,Human Error,Yes,Simple Injury,Not Applicable,Not Applicable,Others,Others,Bitumen(Tar),Dry,Not Applicable,Clear,B.B. ROAD,HEBBAL FLY OVER,500mtr,13.038235,77.58925
Bengaluru City,R.T.Nagar Traffic PS,1.04432e+16,2021,1,2,Road Accidents,Not Applicable,City/Town,Near School or College,Human Error,Not Applicable,Simple Injury,Not Applicable,Not Applicable,Others,Others,Bitumen(Tar),Dry,Not Applicable,Clear,B.B. ROAD,BALLARY SERVICE ROAD,0.5,13.032467,77.587806
Bengaluru City,R.T.Nagar Traffic PS,1.04432e+16,2021,1,2,Road Accidents,Not Applicable,City/Town,Residential area,Human Error,No,Simple Injury,Vehicle to Vehicle,Not Applicable,Others,Two way,Bitumen(Tar),Not Applicable,Not Applicable,Clear,GANGANAGAR,RT NAGAR PUBLIC SCHOOL,2 KM,13.023522,77.585847
Bengaluru City,R.T.Nagar Traffic PS,1.04432e+16,2021,1,1,Road Accidents,Junction,City/Town,Near Bus stop,Human Error,Not Applicable,Simple Injury,Not Applicable,Not Applicable,Others,Others,Bitumen(Tar),Dry,Not Applicable,Clear,CBI FLY OVER,CBI FLY OVER,1 km,13.028364,77.585981
Bengaluru City,R.T.Nagar Traffic PS,1.04432e+16,2021,1,1,Road Accidents,Not Applicable,City/Town,Near School or College,Human Error,Not Applicable,Damage Only,Not Applicable,Not Applicable,Others,Others,Bitumen(Tar),Dry,Not Applicable,Clear,B.B. ROAD,SANJAY NAGAR,1 km,13.028313,77.585844
Bengaluru City,R.T.Nagar Traffic PS,1.04432e+16,2021,1,3,Road Accidents,Not Applicable,City/Town,Narrow bridge or culverts,Human Error,Yes,Simple Injury,Not Applicable,Not Applicable,Others,Others,Bitumen(Tar),Dry,Not Applicable,Clear,J C NAGAR,jayamahal road,3 KM,0.0,0.0
Bengaluru City,R.T.Nagar Traffic PS,1.04432e+16,2021,1,2,Not Applicable,Not Applicable,City/Town,Residential area,Human Error,No,Simple Injury,Vehicle to Vehicle,Not Applicable,Others,Not Applicable,Bitumen(Tar),Others,Not Applicable,Clear,NANDI DURGA ROAD,jc nagar police station,3.5 km,0.0,0.0
Bengaluru City,R.T.Nagar Traffic PS,1.04432e+16,2021,1,2,Not Applicable,Not Applicable,City/Town,Residential area,Human Error,No,Simple Injury,Vehicle to Vehicle,Not Applicable,Others,Others,Bitumen(Tar),Dry,Not Applicable,Clear,ganganagar 1st Main,Near Anjeney tempal 1st main Ganganagar,1km,13.024801,77.585179
Bengaluru City,R.T.Nagar Traffic PS,1.04432e+16,2021,1,1,Road Accidents,Not Applicable,City/Town,Near Bus stop,Human Error,Not Applicable,Simple Injury,Not Applicable,Not Applicable,Others,Others,Bitumen(Tar),Dry,Not Applicable,Clear,SANJAY NAGAR MAIN ROAD,SANJAY NAGAR,2.5KM,13.038326,77.568798
Bengaluru City,R.T.Nagar Traffic PS,1.04432e+16,2021,1,2,Road Accidents,Not Applicable,City/Town,Near Bus stop,Human Error,Not Applicable,Damage Only,Not Applicable,Not Applicable,Others,Others,Bitumen(Tar),Dry,Not Applicable,Clear,Bhoopasandra 80 Feet Road,SANJAY NAGAR,2 KM,13.041567,77.586977
Bengaluru City,R.T.Nagar Traffic PS,1.04432e+16,2021,1,1,Road Accidents,Not Applicable,City/Town,Near Petrol Pump,Human Error,Not Applicable,Simple Injury,Not Applicable,Not Applicable,Others,Others,Bitumen(Tar),Others,Not Applicable,Clear,RT NAGAR MAIN ROAD,NEAR INDIAN PETROL BUNK,2.5km,0.0,0.0
Bengaluru City,R.T.Nagar Traffic PS,1.04432e+16,2021,1,2,Road Accidents,Junction,City/Town,Near Bus stop,Human Error,Not Applicable,Damage Only,Not Applicable,Not Applicable,Others,Others,Bitumen(Tar),Dry,Not Applicable,Clear,CBI ROAD,CBI Bus Stop,2 KM,13.026965,77.585734
Bengaluru City,R.T.Nagar Traffic PS,1.04432e+16,2021,1,2,Road Accidents,Not Applicable,City/Town,Near Bus stop,Human Error,Yes,Simple Injury,Vehicle to Vehicle,Not Applicable,Others,Two way,Bitumen(Tar),Not Applicable,Not Applicable,Clear,DINNURU MAIN ROAD,dinnur main road,2.5KM,0.0,0.0
Bengaluru City,R.T.Nagar Traffic PS,1.04432e+16,2021,1,2,Road Accidents,Not Applicable,City/Town,Near Bus stop,Human Error,Not Applicable,Simple Injury,Not Applicable,Not Applicable,Others,Others,Bitumen(Tar),Dry,Not Applicable,Clear,J C NAGAR,jayamahal road,"3 KM,",0.0,0.0
Bengaluru City,R.T.Nagar Traffic PS,1.04432e+16,2021,1,1,Road Accidents,Circle,City/Town,Near Bus stop,Human Error,Not Applicable,Damage Only,Not Applicable,Not Applicable,Others,Others,Bitumen(Tar),Dry,Not Applicable,Others,k2 bus stop,k2 bus stop,1 km,0.0,0.0
Bengaluru City,R.T.Nagar Traffic PS,1.04432e+16,2021,1,3,Road Accidents,Not Applicable,City/Town,Near Bus stop,Human Error,Not Applicable,Fatal,Not Applicable,Not Applicable,Others,Others,Bitumen(Tar),Dry,Not Applicable,Clear,Boopasandra Main Road,SANJAY NAGAR,1 km,13.041859,77.584402
Bengaluru City,R.T.Nagar Traffic PS,1.04432e+16,2022,1,2,Road Accidents,Not Applicable,City/Town,Open area,Human Error,Not Applicable,Simple Injury,Vehicle to Vehicle,Not Applicable,Others,Others,Bitumen(Tar),Dry,Not Applicable,Clear,GANGA NAGAR MAIN ROAD,GANGA NAGAR,1.5 KM,13.023232,77.58486
Bengaluru City,R.T.Nagar Traffic PS,1.04432e+16,2022,1,2,Road Accidents,Not Applicable,City/Town,Open area,Human Error,No,Simple Injury,Vehicle to Vehicle,Not Applicable,Others,Others,Bitumen(Tar),Dry,Not Applicable,Clear,CBI ROAD,RT NAGAR,1 km,13.027978,77.585844
Bengaluru City,R.T.Nagar Traffic PS,1.04432e+16,2022,1,2,Road Accidents,Not Applicable,City/Town,Near Bus stop,Not Applicable,Yes,Not Applicable,Not Applicable,Not Applicable,Others,Not Applicable,Bitumen(Tar),Dry,Not Applicable,Clear,HEBBBAL BUS STOP,HEBBAL FLY OVER,200mee,13.033571,77.58831
Bengaluru City,R.T.Nagar Traffic PS,1.04432e+16,2022,1,2,Road Accidents,Not Applicable,City/Town,Near Bus stop,Human Error,Yes,Damage Only,Vehicle to Vehicle,Not Applicable,Not Applicable,Not Applicable,Bitumen(Tar),Dry,Not Applicable,Clear,SANJAY NAGAR BALLARI ROAD JN,SANJAY NAGAR FLY OVER DOWN RAMP,1.5 KM,0.0,0.0
Bengaluru City,R.T.Nagar Traffic PS,1.04432e+16,2022,1,1,Road Accidents,Not Applicable,City/Town,Near Bus stop,Human Error,Yes,Fatal,Vehicle to Vehicle,Not Applicable,Not Applicable,Not Applicable,Bitumen(Tar),Dry,Not Applicable,Clear,C.B.I Fly over Down Ramp,CBI FLY OVER,1 km,0.0,0.0
Bengaluru City,R.T.Nagar Traffic PS,1.04432e+16,2022,1,2,Road Accidents,Not Applicable,City/Town,Open area,Human Error,Not Applicable,Damage Only,Vehicle to Vehicle,Not Applicable,Others,Others,Bitumen(Tar),Dry,Not Applicable,Clear,RT NAGAR MAIN ROAD,RT NAGAR,2.5km,0.0,0.0
Bengaluru City,R.T.Nagar Traffic PS,1.04432e+16,2022,1,2,Road Accidents,Not Applicable,City/Town,Near Bus stop,Human Error,Yes,Grievous Injury,Vehicle to Vehicle,Not Applicable,Others,Others,Bitumen(Tar),Dry,Not Applicable,Others,HEBBBAL BUS STOP,HEBBAL FLY OVER,1 km,13.038567,77.589398
Bengaluru City,R.T.Nagar Traffic PS,1.04432e+16,2022,1,2,Road Accidents,Not Applicable,City/Town,Near office complex,Human Error,Yes,Damage Only,Vehicle to Vehicle,Not at  Junction,Others,Others,Bitumen(Tar),Dry,Not Applicable,Clear,SANJAY NAGAR MAIN ROAD,SANJAY NAGAR,2 KM,0.0,0.0
Bengaluru City,R.T.Nagar Traffic PS,1.04432e+16,2022,1,2,Road Accidents,Not Applicable,City/Town,Near Bus stop,Human Error,Not Applicable,Damage Only,Not Applicable,Not Applicable,Others,Others,Bitumen(Tar),Dry,Not Applicable,Clear,Sanjayanagar Main Road,Sanjay Nagar,2.0 KM,13.025299,77.58116
Bengaluru City,R.T.Nagar Traffic PS,1.04432e+16,2022,1,2,Road Accidents,Not Applicable,City/Town,Open area,Human Error,Not Applicable,Simple Injury,Not Applicable,Not Applicable,Others,Others,Bitumen(Tar),Dry,Not Applicable,Clear,SANJAY NAGAR MAIN ROAD,SANJAY NAGAR,2.5KM,13.040971,77.567941
Bengaluru City,R.T.Nagar Traffic PS,1.04432e+16,2022,1,2,Road Accidents,Not Applicable,City/Town,Near School or College,Human Error,No,Simple Injury,Vehicle to Vehicle,Not Applicable,Others,Others,Bitumen(Tar),Dry,Not Applicable,Clear,DINNURU MAIN ROAD,dinnur main road,2 KM,0.0,0.0
Bengaluru City,R.T.Nagar Traffic PS,1.04432e+16,2022,1,2,Road Accidents,Not Applicable,City/Town,Open area,Human Error,Yes,Simple Injury,Vehicle to Vehicle,Not Applicable,Others,Others,Bitumen(Tar),Dry,Not Applicable,Clear,SANJAY NAGAR MAIN ROAD,SANJAY NAGAR,2 KM,13.042556,77.573677
Bengaluru City,R.T.Nagar Traffic PS,1.04432e+16,2022,1,1,Road Accidents,Not Applicable,City/Town,Near School or College,Human Error,Yes,Grievous Injury,Not Applicable,Not Applicable,Others,Others,Bitumen(Tar),Dry,Not Applicable,Clear,B.B. ROAD,BALLARY SERVICE ROAD,1KM,0.0,0.0
Bengaluru City,R.T.Nagar Traffic PS,1.04432e+16,2022,1,2,Road Accidents,Not Applicable,City/Town,Near Bus stop,Human Error,Yes,Grievous Injury,Vehicle to Vehicle,Not Applicable,Not Applicable,Others,Bitumen(Tar),Dry,Not Applicable,Clear,NANDHI DURGA ROAD,NANDI DURGA ROAD,2.5km,0.0,0.0
Bengaluru City,R.T.Nagar Traffic PS,1.04432e+16,2022,1,2,Road Accidents,Not Applicable,City/Town,Near Bus stop,Human Error,Not Applicable,Not Applicable,Not Applicable,Not Applicable,Others,Others,Bitumen(Tar),Dry,Not Applicable,Clear,C.B.I Fly over up Ramp,CBI FLY OVER,0.5km,13.029273,77.5864
Bengaluru City,R.T.Nagar Traffic PS,1.04432e+16,2022,1,2,Road Accidents,Not Applicable,City/Town,Near Bus stop,Human Error,Yes,Grievous Injury,Vehicle to Vehicle,Not Applicable,Others,Others,Bitumen(Tar),Dry,Not Applicable,Clear,CBI ROAD,cail juntion,1 km,0.0,0.0
Bengaluru City,R.T.Nagar Traffic PS,1.04432e+16,2022,1,2,Road Accidents,Not Applicable,City/Town,Near Bus stop,Human Error,Yes,Grievous Injury,Vehicle to Vehicle,Not at  Junction,Not Applicable,Not Applicable,Bitumen(Tar),Dry,Not Applicable,Clear,JAHAMAHAL ROAD,jayamahal road,2.5KM,0.0,0.0
Bengaluru City,R.T.Nagar Traffic PS,1.04432e+16,2022,1,2,Road Accidents,Not Applicable,City/Town,Near Hospital,Human Error,Yes,Grievous Injury,Vehicle to Vehicle,Not Applicable,Others,Others,Bitumen(Tar),Dry,Not Applicable,Clear,80 Feet Road,80 Feet Raod,2.5 km,13.027151,77.578192
Bengaluru City,R.T.Nagar Traffic PS,1.04432e+16,2022,1,2,Road Accidents,Not Applicable,City/Town,Near Bus stop,Human Error,Not Applicable,Simple Injury,Vehicle to Vehicle,Not Applicable,Others,Others,Bitumen(Tar),Dry,Not Applicable,Clear,Opp Cafee Day Sanjay Nagar,SANJAY NAGAR,2.5km,13.028,77.573351
Bengaluru City,R.T.Nagar Traffic PS,1.04432e+16,2022,1,1,Road Accidents,Not Applicable,City/Town,Open area,Human Error,Yes,Simple Injury,Hit pedestrian,Not Applicable,Others,Others,Bitumen(Tar),Dry,Not Applicable,Clear,RT NAGAR MAIN ROAD,RT NAGAR,2.5km,0.0,0.0
Bengaluru City,R.T.Nagar Traffic PS,1.04432e+16,2022,1,3,Road Accidents,Not Applicable,City/Town,Near Bus stop,Human Error,Yes,Damage Only,Vehicle to Vehicle,Not Applicable,Not Applicable,Others,Bitumen(Tar),Dry,Not Applicable,Clear,B.B. ROAD,BALLARY SERVICE ROAD,1 km,0.0,0.0
Bengaluru City,R.T.Nagar Traffic PS,1.04432e+16,2022,1,1,Road Accidents,Not Applicable,City/Town,Near Bus stop,Human Error,Yes,Fatal,Not Applicable,Not Applicable,Others,Others,Bitumen(Tar),Dry,Not Applicable,Clear,HEBBBAL BUS STOP,HEBBAL BUS STOP,1 km,13.038569,77.5892659
Bengaluru City,R.T.Nagar Traffic PS,1.04432e+16,2022,1,2,Road Accidents,Not Applicable,City/Town,Near Bus stop,Human Error,Yes,Damage Only,Vehicle to Vehicle,Not at  Junction,Not Applicable,Not Applicable,Bitumen(Tar),Dry,Not Applicable,Clear,HEBBBAL BUS STOP,HEBBAL FLY OVER,1 km,13.038546,77.589383
Bengaluru City,R.T.Nagar Traffic PS,1.04432e+16,2022,1,2,Road Accidents,Not Applicable,City/Town,Narrow bridge or culverts,Human Error,Yes,Grievous Injury,Vehicle to Vehicle,Not at  Junction,Not Applicable,Not Applicable,Bitumen(Tar),Dry,Not Applicable,Clear,JAHAMAHAL ROAD,jayamahal road,3 KM,0.0,0.0
Bengaluru City,R.T.Nagar Traffic PS,1.04432e+16,2022,1,2,Road Accidents,Not Applicable,City/Town,Near Bus stop,Human Error,Yes,Damage Only,Not Applicable,Not Applicable,Others,Others,Bitumen(Tar),Dry,Not Applicable,Clear,SANJAY NAGAR MAIN ROAD,BHOOPASANDRA MAIN ROAD,1 km,0.0,0.0
Bengaluru City,R.T.Nagar Traffic PS,1.04432e+16,2022,1,2,Road Accidents,Not Applicable,City/Town,Near Bus stop,Human Error,Not Applicable,Simple Injury,Vehicle to Vehicle,Not Applicable,Others,Others,Bitumen(Tar),Dry,Not Applicable,Clear,SANJAY NAGAR MAIN ROAD,Sanjay Nagar,2.0 KM,13.040966,77.567952
Bengaluru City,R.T.Nagar Traffic PS,1.04432e+16,2022,1,2,Road Accidents,Not Applicable,City/Town,Near Hospital,Human Error,Yes,Fatal,Not Applicable,Not Applicable,Not Applicable,Others,Bitumen(Tar),Dry,Not Applicable,Clear,J C NAGAR,jayamahal road,2.5KM,0.0,0.0
Bengaluru City,R.T.Nagar Traffic PS,1.04432e+16,2022,1,1,Not Applicable,Not Applicable,City/Town,Near School or College,Human Error,Yes,Grievous Injury,Not Applicable,Not Applicable,Not Applicable,Others,Bitumen(Tar),Dry,Not Applicable,Clear,SANJAY NAGAR MAIN ROAD,SANJAY NAGAR,3 KM,0.0,0.0
Bengaluru City,R.T.Nagar Traffic PS,1.04432e+16,2022,1,2,Road Accidents,Not Applicable,City/Town,Open area,Human Error,Yes,Damage Only,Vehicle to Vehicle,Not Applicable,Not Applicable,Others,Bitumen(Tar),Dry,Not Applicable,Clear,80 feet road,SANJAY NAGAR,2 KM,0.0,0.0
Bengaluru City,R.T.Nagar Traffic PS,1.04432e+16,2022,1,2,Road Accidents,Circle,City/Town,Near Bus stop,Human Error,Yes,Grievous Injury,Vehicle to Vehicle,No signal lights,Curve,Others,Bitumen(Tar),Dry,Not Applicable,Clear,RADHAKRISHNA THETAR MATHADAHALLI,R T Nagar,3 KM,0.0,0.0
Bengaluru City,R.T.Nagar Traffic PS,1.04432e+16,2022,1,2,Road Accidents,Not Applicable,City/Town,Near Bus stop,Human Error,Not Applicable,Simple Injury,Vehicle to Vehicle,Not Applicable,Others,Others,Bitumen(Tar),Dry,Not Applicable,Clear,SANJAY NAGAR MAIN ROAD,Near Sanjay Nagar Police Station,3 KM,13.033455,77.575942
Bengaluru City,R.T.Nagar Traffic PS,1.04432e+16,2022,1,2,Road Accidents,Not Applicable,City/Town,Near Bus stop,Human Error,Yes,Grievous Injury,Vehicle to Vehicle,Not Applicable,Others,Others,Bitumen(Tar),Dry,Not Applicable,Clear,B.B. ROAD,SANJAY NAGAR,0.5km,13.032441,77.58781