DISTRICTNAME,UNITNAME,Crime_No,Year,RI,Noofvehicle_involved,Accident_Classification,Accident_Spot,Accident_Location,Accident_SubLocation,Main_Cause,Hit_Run,Severity,Collision_Type,Junction_Control,Road_Character,Road_Type,Surface_Type,Surface_Condition,Road_Condition,Weather,Accident_Road,Landmark_first,Distance_LandMark_First,Latitude,Longitude
Bengaluru City,R.T.Nagar Traffic PS,1.04432e+16,2023,1,3,Road Accidents,Curves,City/Town,Residential area,Human Error,No,Simple Injury,Vehicle to Vehicle,Uncontrolled,Others,Others,Bitumen(Tar),Dry,Not Applicable,Clear,5thMain Road Jayamahal,H P Malik Bullding,3 km,0.0,0.0
Bengaluru City,R.T.Nagar Traffic PS,1.04432e+16,2023,1,2,Road Accidents,Not Applicable,City/Town,Open area,Not Applicable,Yes,Grievous Injury,Vehicle to Vehicle,Not Applicable,Not Applicable,Others,Bitumen(Tar),Dry,Not Applicable,Clear,5th Main Road,Manjunatha Nagara,3KM,0.0,0.0
Bengaluru City,R.T.Nagar Traffic PS,1.04432e+16,2023,1,1,Road Accidents,Not Applicable,City/Town,Open area,Not Applicable,No,Fatal,Hit pedestrian,Not Applicable,Others,Others,Bitumen(Tar),Dry,Not Applicable,Clear,B B Road,Sanjayanagara Fly Over UP Ramp,1KM,0.0,0.0
Bengaluru City,R.T.Nagar Traffic PS,1.04432e+16,2023,1,2,Not Applicable,Not Applicable,City/Town,Open area,Not Applicable,Yes,Grievous Injury,Not Applicable,Not Applicable,Not Applicable,Others,Not Applicable,Not Applicable,Not Applicable,Not Applicable,Dr Rajagopal Road,Infront Of HQTC BAck Gate,2,13.025347,77.581196
Bengaluru City,R.T.Nagar Traffic PS,1.04432e+16,2023,1,1,Road Accidents,Not Applicable,City/Town,Open area,Not Applicable,No,Fatal,Hit pedestrian,Not Applicable,Not Applicable,Others,Bitumen(Tar),Dry,Not Applicable,Clear,jayamahal road,Near Priyadarshini Signal,3KM,12.99993,77.594897
Bengaluru City,R.T.Nagar Traffic PS,1.04432e+16,2023,1,2,Road Accidents,Not Applicable,City/Town,Open area,Not Applicable,No,Grievous Injury,Vehicle to Vehicle,Not Applicable,Others,Others,Bitumen(Tar),Dry,Not Applicable,Clear,sultana palya,Near BMTC Bus Stop,3KM,13.02631,77.60291
Bengaluru City,R.T.Nagar Traffic PS,1.04432e+16,2023,1,1,Road Accidents,Not Applicable,City/Town,Near Bus stop,Not Applicable,No,Grievous Injury,Hit pedestrian,Not Applicable,Not Applicable,Not Applicable,Bitumen(Tar),Dry,Not Applicable,Clear,R T Nagara Main Road,R T Nagara Police Station,3KM,0.0,0.0
Bengaluru City,R.T.Nagar Traffic PS,1.04432e+16,2023,1,2,Road Accidents,Not Applicable,City/Town,Near Bus stop,Human Error,Yes,Grievous Injury,Vehicle to Vehicle,Not Applicable,Not Applicable,Not Applicable,Bitumen(Tar),Dry,Not Applicable,Clear,80 feet road,80 feet Road,3 KM,0.0,0.0
Bengaluru City,R.T.Nagar Traffic PS,1.04432e+16,2023,1,2,Road Accidents,Not Applicable,City/Town,Open area,Not Applicable,Yes,Simple Injury,Vehicle to Vehicle,Not at  Junction,Others,Others,Bitumen(Tar),Dry,Not Applicable,Clear,B B Road,Hebbala Fly Over Up Ramp,1KM,0.0,0.0
Bengaluru City,R.T.Nagar Traffic PS,1.04432e+16,2023,1,2,Not Applicable,Not Applicable,City/Town,Open area,Not Applicable,Yes,Grievous Injury,Vehicle to Vehicle,Not Applicable,Not Applicable,Not Applicable,Not Applicable,Not Applicable,Not Applicable,Not Applicable,Bhupasandra Main Road,Near ICAR,2,0.0,0.0
Bengaluru City,R.T.Nagar Traffic PS,1.04432e+16,2023,1,2,Road Accidents,Not Applicable,City/Town,Residential area,Not Applicable,No,Grievous Injury,Vehicle to Vehicle,Not Applicable,Others,Not Applicable,Bitumen(Tar),Dry,Not Applicable,Clear,80 feet road,Opp Ayodya Hotel,3Km,0.0,0.0
Bengaluru City,R.T.Nagar Traffic PS,1.04432e+16,2023,1,2,Road Accidents,Not Applicable,City/Town,Near Bus stop,Human Error,Yes,Grievous Injury,Not Applicable,Not Applicable,Not Applicable,Others,Bitumen(Tar),Dry,Not Applicable,Clear,B B ROAD,B B ROAD,1 KM,0.0,0.0
Bengaluru City,R.T.Nagar Traffic PS,1.04432e+16,2023,1,1,Road Accidents,Cross roads,City/Town,Residential area,Human Error,No,Fatal,Hit pedestrian,Uncontrolled,Others,Others,Not Applicable,Dry,Not Applicable,Clear,HYARISS ROAD,Near Prizm Azalia Apartment,4 KM,0.0,0.0
Bengaluru City,R.T.Nagar Traffic PS,1.04432e+16,2023,1,2,Road Accidents,Not Applicable,City/Town,Residential area,Not Applicable,No,Damage Only,Vehicle to Vehicle,Not Applicable,Not Applicable,Others,Bitumen(Tar),Dry,Not Applicable,Clear,80 feet road,Bash Appartment,3KM,0.0,0.0
Bengaluru City,R.T.Nagar Traffic PS,1.04432e+16,2023,1,1,Road Accidents,Not Applicable,City/Town,Open area,Not Applicable,No,Grievous Injury,Hit pedestrian,Not Applicable,Others,Others,Bitumen(Tar),Dry,Not Applicable,Clear,jayamahal road,Near Munireddipalya Bus Stop,3KM,0.0,0.0
Bengaluru City,R.T.Nagar Traffic PS,1.04432e+16,2023,1,2,Road Accidents,Not Applicable,City/Town,Open area,Not Applicable,No,Damage Only,Vehicle to Vehicle,Not Applicable,Others,Others,Bitumen(Tar),Dry,Not Applicable,Clear,Nagashettihalli Railway Gate,Railway Gate,3KM,0.0,0.0
Bengaluru City,R.T.Nagar Traffic PS,1.04432e+16,2023,1,2,Not Applicable,Not Applicable,City/Town,Open area,Not Applicable,Not Applicable,Grievous Injury,Not Applicable,Not Applicable,Not Applicable,Not Applicable,Not Applicable,Not Applicable,Not Applicable,Not Applicable,Lottegollahalli Railway Gate,Near Lottegollahalli railway Station,3,13.043468,77.563195
Bengaluru City,R.T.Nagar Traffic PS,1.04432e+16,2023,1,1,Road Accidents,Not Applicable,City/Town,Open area,Not Applicable,No,Fatal,Not Applicable,Uncontrolled,Others,Others,Bitumen(Tar),Dry,Not Applicable,Clear,jayamahal road,Chandana TV Tower,3KM,0.0,0.0
Bengaluru City,R.T.Nagar Traffic PS,1.04432e+16,2023,1,1,Road Accidents,Not Applicable,City/Town,Near Bus stop,Human Error,Yes,Grievous Injury,Not Applicable,Not Applicable,Not Applicable,Others,Bitumen(Tar),Dry,Not Applicable,Clear,sultana palya,sultanapalya,3 km,0.0,0.0
Bengaluru City,R.T.Nagar Traffic PS,1.04432e+16,2023,1,1,Road Accidents,Narrow road,City/Town,Narrow bridge or culverts,Human Error,Yes,Fatal,Hit pedestrian,Not Applicable,Not Applicable,One way,Bitumen(Tar),Dry,Not Applicable,Clear,BB Main Road,1,1 KM,0.0,0.0
Bengaluru City,R.T.Nagar Traffic PS,1.04432e+16,2023,1,2,Road Accidents,Not Applicable,City/Town,Open area,Not Applicable,No,Grievous Injury,Vehicle to Vehicle,Not Applicable,Not Applicable,Others,Not Applicable,Not Applicable,Not Applicable,Not Applicable,Sanjayanagara Road,Near Just Bekari,3 km,0.0,0.0
Bengaluru City,R.T.Nagar Traffic PS,1.04432e+16,2023,1,1,Road Accidents,Not Applicable,City/Town,Open area,Not Applicable,No,Damage Only,Not Applicable,Not Applicable,Others,Others,Bitumen(Tar),Dry,Not Applicable,Clear,B B Road,Anandanagara Cross,0.5KM,0.0,0.0
Bengaluru City,R.T.Nagar Traffic PS,1.04432e+16,2023,1,1,Not Applicable,Not Applicable,City/Town,Near Bus stop,Not Applicable,Yes,Grievous Injury,Not Applicable,Not Applicable,Not Applicable,Not Applicable,Not Applicable,Not Applicable,Not Applicable,Not Applicable,BB SERVICE ROAD,Hebbal Busstop,1,0.0,0.0
Bengaluru City,R.T.Nagar Traffic PS,1.04432e+16,2023,1,2,Road Accidents,Not Applicable,City/Town,Open area,Not Applicable,No,Simple Injury,Vehicle to Vehicle,Not Applicable,Others,Others,Bitumen(Tar),Dry,Not Applicable,Clear,R T Nagara Main Road,Near Dominos Fizza Shop,2KM,13.019318,77.595718
Bengaluru City,Rajajinagar Traffic PS,1.04432e+16,2016,1,1,Road Accidents,T Junction,City/Town,Open area,Human Error,No,Fatal,Hit pedestrian,No signal lights,Straight and flat,City or Town Road,Bitumen(Tar),Dry,Engineering Defect of Road,Clear,dr rajkumar road,NEAR KEB POLL,33,12.317897,76.691703
Bengaluru City,Rajajinagar Traffic PS,1.04432e+16,2016,1,2,Road Accidents,T Junction,City/Town,Open area,Human Error,No,Fatal,Rear end,No signal lights,Straight and flat,City or Town Road,Bitumen(Tar),Dry,Engineering Defect of Road,Clear,NEAR J C NAGARA,NEAR FAG,40,0.0,0.0
Bengaluru City,Rajajinagar Traffic PS,1.04432e+16,2016,1,2,Road Accidents,T Junction,City/Town,Near office complex,Human Error,Yes,Grievous Injury,Hit and Run,Not Applicable,Others,City or Town Road,Bitumen(Tar),Dry,Engineering Defect of Road,Clear,DR RAJKUMARROAD,NEAR TREE,14,0.0,0.0
Bengaluru City,Rajajinagar Traffic PS,1.04432e+16,2016,1,1,Road Accidents,T Junction,City/Town,Open area,Human Error,Yes,Grievous Injury,Hit pedestrian,Not Applicable,Others,City or Town Road,Bitumen(Tar),Dry,Engineering Defect of Road,Clear,NEAR HOSTEL,NEAR KEB POLL,40,13.033271,77.60468
Bengaluru City,Rajajinagar Traffic PS,1.04432e+16,2016,1,1,Road Accidents,Bridge,City/Town,Open area,Human Error,No,Fatal,Skidding or Self accident,No signal lights,Straight and flat,City or Town Road,Bitumen(Tar),Dry,Engineering Defect of Road,Clear,VATAL NAGARAJ ROAD,NEAR KEB POLL,48,0.0,0.0
Bengaluru City,Rajajinagar Traffic PS,1.04432e+16,2016,1,1,Road Accidents,Other,City/Town,Near Bus stop,Human Error,Yes,Simple Injury,Others,No signal lights,Others,Others,Bitumen(Tar),Others,No influence on accident,Others,RING ROAD,RING ROAD,5KM,0.0,0.0
Bengaluru City,Rajajinagar Traffic PS,1.04432e+16,2016,1,2,Road Accidents,Other,City/Town,Near Bus stop,Human Error,Yes,Simple Injury,Others,No signal lights,Others,Others,Bitumen(Tar),Others,No influence on accident,Others,DR RAJKUMAR ROAD,DR RAJKUMAR ROAD,1KM,12.317897,76.691703
Bengaluru City,Rajajinagar Traffic PS,1.04432e+16,2016,1,2,Road Accidents,Junction,City/Town,Near office complex,Human Error,Yes,Grievous Injury,Hit and Run,Signals (Working),Others,City or Town Road,Bitumen(Tar),Dry,Engineering Defect of Road,Clear,NEAR  DR RAJKUMAR ROAD,NEAR KEB POLL,33,12.317897,76.691703
Bengaluru City,Rajajinagar Traffic PS,1.04432e+16,2016,1,2,Road Accidents,Circle,City/Town,Open area,Human Error,No,Simple Injury,Rear end,No signal lights,Straight and flat,City or Town Road,Bitumen(Tar),Dry,Engineering Defect of Road,Clear,GELEYARA BALAGA MAIN ROAD,NEAR TREE,41,13.071208,77.552553
Bengaluru City,Rajajinagar Traffic PS,1.04432e+16,2016,1,1,Road Accidents,T Junction,City/Town,Open area,Human Error,No,Grievous Injury,Hit pedestrian,Not Applicable,Others,City or Town Road,Bitumen(Tar),Dry,Engineering Defect of Road,Clear,DR RAJKUMAR RAOD,NEAR TREE,30,12.317897,76.691703
Bengaluru City,Rajajinagar Traffic PS,1.04432e+16,2016,1,1,Road Accidents,Circle,City/Town,Open area,Human Error,No,Grievous Injury,Head on,Uncontrolled,Others,City or Town Road,Bitumen(Tar),Dry,Engineering Defect of Road,Clear,NEAR NANDINI LAYOUT,KEB POLL,55,0.0,0.0
Bengaluru City,Rajajinagar Traffic PS,1.04432e+16,2016,1,1,Road Accidents,Circle,City/Town,In bazaar,Human Error,No,Grievous Injury,Hit pedestrian,Uncontrolled,Others,City or Town Road,Bitumen(Tar),Dry,Engineering Defect of Road,Clear,DR RAJKUMAR ROAD RAJAJINAGARA,NEAR BANK,15,0.0,0.0
Bengaluru City,Rajajinagar Traffic PS,1.04432e+16,2016,1,2,Road Accidents,Circle,City/Town,Open area,Human Error,No,Fatal,Head on,No signal lights,Others,City or Town Road,Bitumen(Tar),Dry,Engineering Defect of Road,Clear,NEAR DR RAJKUMAR RAOD,NEAR  MARUTHI SCOOL GARGEE,35,1.259652,7.7332295
Bengaluru City,Rajajinagar Traffic PS,1.04432e+16,2016,1,2,Road Accidents,Bridge,City/Town,Near Hospital,Human Error,No,Grievous Injury,Overturning,Signal lights Automatic,Straight and flat,City or Town Road,Bitumen(Tar),Dry,Engineering Defect of Road,Clear,KANTEERAVA STUDIO MAIN ROAD,NEAR KEB POLL,32,0.0,0.0
Bengaluru City,Rajajinagar Traffic PS,1.04432e+16,2016,1,2,Road Accidents,T Junction,City/Town,Open area,Human Error,No,Damage Only,Rear end,Not Applicable,Not Applicable,City or Town Road,Bitumen(Tar),Dry,Engineering Defect of Road,Fine,NEAR NANDINILAYOUT BUSSTOP,NEAR BUSSTOP,50,13.015991,77.533823
Bengaluru City,Rajajinagar Traffic PS,1.04432e+16,2016,1,1,Road Accidents,Junction,City/Town,Near Hospital,Human Error,No,Damage Only,Others,Uncontrolled,Gentle Incline or Climb,City or Town Road,Bitumen(Tar),Dry,Engineering Defect of Road,Clear,ESI HOSPITAL JUNCTION,NEAR HOSPITAL,10,0.0,0.0
Bengaluru City,Rajajinagar Traffic PS,1.04432e+16,2016,1,2,Road Accidents,T Junction,City/Town,Near office complex,Human Error,Yes,Grievous Injury,Hit and Run,No signal lights,Straight and flat,City or Town Road,Bitumen(Tar),Dry,Engineering Defect of Road,Clear,NER 12 TH MAIN,NEARKEB POLL,30,0.0,0.0
Bengaluru City,Rajajinagar Traffic PS,1.04432e+16,2016,1,1,Road Accidents,Circle,City/Town,Open area,Human Error,Yes,Grievous Injury,Hit pedestrian,Not Applicable,Others,City or Town Road,Bitumen(Tar),Dry,Engineering Defect of Road,Clear,KANTEERAVANAGARA,NEAR TREE,30,1.2572123,7.740344
Bengaluru City,Rajajinagar Traffic PS,1.04432e+16,2016,1,1,Road Accidents,Other,City/Town,Near Bus stop,Human Error,Yes,Simple Injury,Others,No signal lights,Others,Others,Bitumen(Tar),Others,No influence on accident,Others,NANDINI LAYOUT RING ROAD,RING ROAD,4.5KM,0.0,0.0
Bengaluru City,Rajajinagar Traffic PS,1.04432e+16,2016,1,2,Road Accidents,Other,City/Town,Near Bus stop,Human Error,No,Damage Only,Others,No signal lights,Others,Others,Bitumen(Tar),Others,No influence on accident,Others,PIPE LINE ROAD,PIPE LINE ROAD,3KM,0.0,0.0
Bengaluru City,Rajajinagar Traffic PS,1.04432e+16,2016,1,1,Road Accidents,Circle,City/Town,Open area,Human Error,Yes,Simple Injury,Hit pedestrian,No signal lights,Straight and flat,City or Town Road,Bitumen(Tar),Dry,Not Applicable,Clear,NERA NANDINI LAYOUT,NERA KEB POLL,25,13.015991,77.533823
Bengaluru City,Rajajinagar Traffic PS,1.04432e+16,2016,1,1,Road Accidents,Junction,City/Town,Near office complex,Human Error,No,Grievous Injury,Hit pedestrian,Signal lights Manual,Not Applicable,City or Town Road,Bitumen(Tar),Dry,Engineering Defect of Road,Clear,NEAR DHOBI GHAT,NEAR BEKARY,30,0.0,0.0
Bengaluru City,Rajajinagar Traffic PS,1.04432e+16,2016,1,2,Road Accidents,Circle,City/Town,Open area,Human Error,Yes,Damage Only,Rear end,No signal lights,Straight and flat,City or Town Road,Bitumen(Tar),Dry,Engineering Defect of Road,Clear,KANTEERVA STUDIO MAIN ROAD,NEAR KEB POLL,32,13.017349,77.536863
Bengaluru City,Rajajinagar Traffic PS,1.04432e+16,2016,1,2,Road Accidents,T Junction,City/Town,Open area,Human Error,Yes,Grievous Injury,Hit and Run,No signal lights,Straight and flat,City or Town Road,Bitumen(Tar),Dry,Engineering Defect of Road,Clear,DR RAJKUMAR  ROAD,NEAR TREE,30,0.0,0.0
Bengaluru City,Rajajinagar Traffic PS,1.04432e+16,2016,1,2,Road Accidents,Circle,City/Town,Open area,Human Error,No,Damage Only,Rear end,Signal lights Manual,Others,City or Town Road,Bitumen(Tar),Dry,Engineering Defect of Road,Clear,NEAR KANTEERAVA SUDTIO,NEAR KEB POLL,30,0.0,0.0
Bengaluru City,Rajajinagar Traffic PS,1.04432e+16,2016,1,2,Road Accidents,Circle,City/Town,In bazaar,Human Error,Yes,Grievous Injury,Hit and Run,Uncontrolled,Not Applicable,City or Town Road,Bitumen(Tar),Dry,Engineering Defect of Road,Clear,M L LAYOUT,NEAR TEMPLE,15,0.0,0.0
Bengaluru City,Rajajinagar Traffic PS,1.04432e+16,2016,1,2,Road Accidents,Other,City/Town,Near Bus stop,Human Error,No,Simple Injury,Others,No signal lights,Others,Others,Bitumen(Tar),Others,No influence on accident,Others,NANDINI LAYOUT,NANDINI LAYOUT,4KM,0.0,0.0
Bengaluru City,Rajajinagar Traffic PS,1.04432e+16,2016,1,1,Road Accidents,Other,City/Town,Near Bus stop,Human Error,No,Simple Injury,Others,No signal lights,Others,Others,Bitumen(Tar),Others,No influence on accident,Others,SRINIVAS KALYANA MANTAPPA ROAD,SRINIVAS KALYANA MANTAPPA ROAD,500MTR,0.0,0.0
Bengaluru City,Rajajinagar Traffic PS,1.04432e+16,2016,1,2,Road Accidents,Narrow road,City/Town,Open area,Human Error,Yes,Grievous Injury,Hit and Run,No signal lights,Others,City or Town Road,Bitumen(Tar),Dry,Engineering Defect of Road,Clear,DR RAJKUMAR ROAD,NEAR HEROHONDSHOWROOM,40,0.0,0.0
Bengaluru City,Rajajinagar Traffic PS,1.04432e+16,2016,1,2,Road Accidents,T Junction,City/Town,Open area,Human Error,Yes,Grievous Injury,Head on,No signal lights,Straight and flat,City or Town Road,Bitumen(Tar),Dry,Engineering Defect of Road,Clear,NEAR PRAKASH NAGAR,NEAR HOUSE,30,0.0,0.0
Bengaluru City,Rajajinagar Traffic PS,1.04432e+16,2016,1,1,Road Accidents,Junction,City/Town,Open area,Human Error,Yes,Grievous Injury,Hit pedestrian,Signal lights Automatic,Not Applicable,City or Town Road,Bitumen(Tar),Dry,Engineering Defect of Road,Clear,NEAR 41 TH CROSS,NEAR KEB POLL,19,12.990098,77.558843
Bengaluru City,Rajajinagar Traffic PS,1.04432e+16,2016,1,2,Road Accidents,T Junction,City/Town,Open area,Human Error,Yes,Grievous Injury,Rear end,No signal lights,Straight and flat,City or Town Road,Bitumen(Tar),Dry,Engineering Defect of Road,Fine,SHANKAR NAGARA,NEAR KEB POLL,24,18.523819,73.95453
Bengaluru City,Rajajinagar Traffic PS,1.04432e+16,2016,1,1,Road Accidents,Circle,City/Town,Open area,Human Error,Yes,Grievous Injury,Hit pedestrian,Uncontrolled,Others,City or Town Road,Bitumen(Tar),Dry,Engineering Defect of Road,Fine,RING ROAD,NEAR BUSSTOP,40,1.310887,7.7315317
Bengaluru City,Rajajinagar Traffic PS,1.04432e+16,2016,1,1,Road Accidents,Other,City/Town,Near Bus stop,Human Error,No,Grievous Injury,Others,No signal lights,Others,Others,Bitumen(Tar),Others,No influence on accident,Others,VATAL NAGARAJ ROAD,VATAL NAGARAJ ROAD,2KM,0.0,0.0
Bengaluru City,Rajajinagar Traffic PS,1.04432e+16,2016,1,1,Road Accidents,Other,City/Town,Near Bus stop,Human Error,Yes,Simple Injury,Others,No signal lights,Others,Others,Bitumen(Tar),Others,No influence on accident,Others,RING ROAD,RING ROAD,4.5KM,0.0,0.0
Bengaluru City,Rajajinagar Traffic PS,1.04432e+16,2016,1,2,Road Accidents,T Junction,City/Town,Near a recreation place/cinema,Human Error,No,Fatal,Skidding or Self accident,No signal lights,Straight and flat,City or Town Road,Bitumen(Tar),Dry,Engineering Defect of Road,Clear,NANDINI LAYOUT,NEAR BUS STOP,40,0.0,0.0
Bengaluru City,Rajajinagar Traffic PS,1.04432e+16,2016,1,1,Road Accidents,Junction,City/Town,Open area,Human Error,No,Simple Injury,Others,Signals (Working),Straight and flat,City or Town Road,Bitumen(Tar),Dry,Engineering Defect of Road,Clear,NEAR DR RAJKUMAR RAOD,NEAR KEB POLL,37,12.317897,76.691703
Bengaluru City,Rajajinagar Traffic PS,1.04432e+16,2016,1,2,Road Accidents,Circle,City/Town,Open area,Human Error,No,Grievous Injury,Head on,Uncontrolled,Not Applicable,City or Town Road,Bitumen(Tar),Dry,Engineering Defect of Road,Clear,NANDINI LAYOUT MAIN ROAD,NEAR KEB POLL,50,13.018799,77.536863
Bengaluru City,Rajajinagar Traffic PS,1.04432e+16,2016,1,1,Road Accidents,Circle,City/Town,Open area,Human Error,Yes,Grievous Injury,Hit pedestrian,No signal lights,Straight and flat,City or Town Road,Bitumen(Tar),Dry,Engineering Defect of Road,Clear,NEAR RING ROAD,NEAR KEB POLL,46,0.0,0.0
Bengaluru City,Rajajinagar Traffic PS,1.04432e+16,2016,1,2,Road Accidents,Junction,City/Town,Open area,Human Error,Yes,Simple Injury,Rear end,Signal lights Manual,Not Applicable,City or Town Road,Bitumen(Tar),Dry,Engineering Defect of Road,Clear,near rajkumar road,near bank,50,0.0,0.0
Bengaluru City,Rajajinagar Traffic PS,1.04432e+16,2016,1,2,Road Accidents,Junction,City/Town,Open area,Human Error,No,Grievous Injury,Head on,Not Applicable,Others,City or Town Road,Bitumen(Tar),Dry,Engineering Defect of Road,Clear,NEAR SHANKAR BAGAR MAON RD,NEAR BANK,40,1.305638,7.7323192
Bengaluru City,Rajajinagar Traffic PS,1.04432e+16,2016,1,2,Road Accidents,Circle,City/Town,Open area,Human Error,No,Grievous Injury,Head on,No signal lights,Straight and flat,City or Town Road,Bitumen(Tar),Dry,Engineering Defect of Road,Clear,kanteerava studio road,near keb poll,9,1.2572123,7.740344
Bengaluru City,Rajajinagar Traffic PS,1.04432e+16,2016,1,3,Road Accidents,Circle,City/Town,Open area,Human Error,No,Grievous Injury,Hit parked vehicle,No signal lights,Straight and flat,City or Town Road,Bitumen(Tar),Dry,Engineering Defect of Road,Clear,NEAR NANDINI LAYOUT,NEAR KEB POLL,40,0.0,0.0
Bengaluru City,Rajajinagar Traffic PS,1.04432e+16,2016,1,2,Road Accidents,Other,City/Town,Near Bus stop,Human Error,Yes,Damage Only,Others,No signal lights,Others,Others,Bitumen(Tar),Others,No influence on accident,Others,MAHALKSHMIPURAM MAIN ROAD,MAHALKSHMIPURAM MAIN ROAD,3KM,0.0,0.0
Bengaluru City,Rajajinagar Traffic PS,1.04432e+16,2016,1,1,Road Accidents,Cross roads,City/Town,Open area,Human Error,No,Grievous Injury,Hit pedestrian,Not Applicable,Not Applicable,City or Town Road,Bitumen(Tar),Dry,Engineering Defect of Road,Clear,NEAR WATERTANK ROAD,NEAR KEB POLL,58,12.987433,77.559172
Bengaluru City,Rajajinagar Traffic PS,1.04432e+16,2016,1,1,Road Accidents,Other,City/Town,Near Bus stop,Human Error,Yes,Fatal,Others,No signal lights,Others,Others,Bitumen(Tar),Others,No influence on accident,Others,PIPELINE ROAD,PIPE LINE ROAD,3KM,13.033271,77.60468
Bengaluru City,Rajajinagar Traffic PS,1.04432e+16,2016,1,2,Road Accidents,T Junction,City/Town,Residential area,Human Error,No,Grievous Injury,Head on,No signal lights,Straight and flat,City or Town Road,Bitumen(Tar),Dry,Engineering Defect of Road,Clear,19 TH MAIN ROAD,NEAR KEB POLL,22,13.037495,77.630452
Bengaluru City,Rajajinagar Traffic PS,1.04432e+16,2016,1,1,Road Accidents,Circle,City/Town,Near School or College,Human Error,Yes,Grievous Injury,Hit pedestrian,No signal lights,Straight and flat,City or Town Road,Bitumen(Tar),Dry,Engineering Defect of Road,Clear,near nandini layout,NEAR KEB POLL,8,0.0,0.0
Bengaluru City,Rajajinagar Traffic PS,1.04432e+16,2016,1,2,Road Accidents,Circle,City/Town,Open area,Human Error,No,Simple Injury,Rear end,Not Applicable,Others,City or Town Road,Bitumen(Tar),Dry,Engineering Defect of Road,Clear,NANDINI LAYOUT,NEAR HOSPITAL,30,13.018799,77.536863
Bengaluru City,Rajajinagar Traffic PS,1.04432e+16,2016,1,1,Road Accidents,T Junction,City/Town,Open area,Human Error,Yes,Simple Injury,Hit pedestrian,No signal lights,Straight and flat,City or Town Road,Bitumen(Tar),Dry,Engineering Defect of Road,Clear,SARASWATHIPURAM MAIN ROAD,NEAR TREE,30,0.0,0.0
Bengaluru City,Rajajinagar Traffic PS,1.04432e+16,2016,1,1,Road Accidents,Circle,City/Town,Open area,Human Error,Yes,Simple Injury,Hit pedestrian,No signal lights,Straight and flat,City or Town Road,Bitumen(Tar),Dry,Engineering Defect of Road,Clear,NEAR DR RAJKUMAR ROAD,NEAR TREE,30,0.0,0.0
Bengaluru City,Rajajinagar Traffic PS,1.04432e+16,2016,1,2,Road Accidents,T Junction,City/Town,Residential area,Human Error,No,Grievous Injury,Rear end,Not Applicable,Incline,City or Town Road,Bitumen(Tar),Dry,Engineering Defect of Road,Clear,NANDINILAYOUT,NEAR KEB POLL,45,0.0,0.0
Bengaluru City,Rajajinagar Traffic PS,1.04432e+16,2016,1,1,Road Accidents,Cross roads,City/Town,Open area,Human Error,No,Grievous Injury,Hit bicyclist,Not Applicable,Others,City or Town Road,Bitumen(Tar),Dry,Engineering Defect of Road,Clear,SHANKAR NAGARA,NEAR PARK,20,1.2973584,7.75741
Bengaluru City,Rajajinagar Traffic PS,1.04432e+16,2016,1,2,Road Accidents,Circle,City/Town,Open area,Human Error,No,Grievous Injury,Rear end,Uncontrolled,Others,City or Town Road,Bitumen(Tar),Dry,Engineering Defect of Road,Clear,M L PURAM,NEAR  TEMPLE,30,1.303787,7.732558
Bengaluru City,Rajajinagar Traffic PS,1.04432e+16,2016,1,1,Road Accidents,Other,City/Town,Near Bus stop,Human Error,Yes,Simple Injury,Others,No signal lights,Others,Others,Bitumen(Tar),Others,No influence on accident,Others,KANTEERVA STUDIO MAIN ROAD,KANTEERVA STUDIO MAIN ROAD,4.5KM,0.0,0.0
Bengaluru City,Rajajinagar Traffic PS,1.04432e+16,2016,1,1,Road Accidents,Other,City/Town,Near Bus stop,Human Error,No,Grievous Injury,Others,No signal lights,Others,Others,Bitumen(Tar),Others,No influence on accident,Others,RAJKUMAR ROAD,RAJKUMAR ROAD,2KM,0.0,0.0
Bengaluru City,Rajajinagar Traffic PS,1.04432e+16,2016,1,2,Road Accidents,Junction,City/Town,Near Bus stop,Human Error,No,Grievous Injury,Head on,No signal lights,Straight and flat,City or Town Road,Bitumen(Tar),Dry,Engineering Defect of Road,Clear,PIPE LINE SERVICE ROAD,NEAR TREE,32,13.033271,77.60468
Bengaluru City,Rajajinagar Traffic PS,1.04432e+16,2016,1,2,Road Accidents,Bridge,City/Town,Open area,Human Error,No,Damage Only,Rear end,No signal lights,Others,City or Town Road,Bitumen(Tar),Dry,Engineering Defect of Road,Clear,FTI,NEAR,20,13.027954,77.632168
Bengaluru City,Rajajinagar Traffic PS,1.04432e+16,2016,1,2,Road Accidents,Other,City/Town,Near Bus stop,Human Error,No,Damage Only,Others,No signal lights,Others,Others,Bitumen(Tar),Others,No influence on accident,Others,MAHALKSHMIPURAM ROAD,MAHALKSHMIPURAM ROAD,3KM,0.0,0.0
Bengaluru City,Rajajinagar Traffic PS,1.04432e+16,2016,1,1,Road Accidents,Y Junction,City/Town,Open area,Human Error,Yes,Grievous Injury,Hit pedestrian,Not Applicable,Others,City or Town Road,Bitumen(Tar),Dry,Engineering Defect of Road,Clear,NEAR 12 TH CROSS 6TH MAIN,NEAR KEB POLL,48,13.033271,77.60468
Bengaluru City,Rajajinagar Traffic PS,1.04432e+16,2016,1,2,Road Accidents,Junction,City/Town,Open area,Human Error,Yes,Grievous Injury,Hit and Run,Signal lights Automatic,Others,City or Town Road,Bitumen(Tar),Dry,Engineering Defect of Road,Clear,NEAR 4 TH MAIN ROAD MALAKSHMIPURAM,NEAR HOUSE,50,13.033271,77.60468