DISTRICTNAME,UNITNAME,Crime_No,Year,RI,Noofvehicle_involved,Accident_Classification,Accident_Spot,Accident_Location,Accident_SubLocation,Main_Cause,Hit_Run,Severity,Collision_Type,Junction_Control,Road_Character,Road_Type,Surface_Type,Surface_Condition,Road_Condition,Weather,Accident_Road,Landmark_first,Distance_LandMark_First,Latitude,Longitude
Bengaluru City,Rajajinagar Traffic PS,1.04432e+16,2016,1,1,Road Accidents,Y Junction,City/Town,Open area,Human Error,Yes,Grievous Injury,Hit pedestrian,Not Applicable,Incline,City or Town Road,Bitumen(Tar),Dry,Engineering Defect of Road,Clear,NEAR JC NAGARA,NEAR  TEMPLE,40,13.033271,77.60468
Bengaluru City,Rajajinagar Traffic PS,1.04432e+16,2016,1,1,Road Accidents,Circle,City/Town,Near office complex,Human Error,No,Simple Injury,Hit bicyclist,Uncontrolled,Others,City or Town Road,Bitumen(Tar),Dry,Engineering Defect of Road,Clear,12 TH MAIN ROAD RAJAJINAGARA,NEAR KEB POOL,20,0.0,0.0
Bengaluru City,Rajajinagar Traffic PS,1.04432e+16,2016,1,2,Road Accidents,T Junction,City/Town,Open area,Human Error,No,Grievous Injury,Head on,No signal lights,Straight and flat,City or Town Road,Bitumen(Tar),Dry,Engineering Defect of Road,Clear,NEAR G D NAIDUHALL ROAD,NEAR TREE,27,0.0,0.0
Bengaluru City,Rajajinagar Traffic PS,1.04432e+16,2016,1,2,Road Accidents,Cross roads,City/Town,In bazaar,Human Error,No,Damage Only,Others,Not Applicable,Curve,City or Town Road,Bitumen(Tar),Dry,Engineering Defect of Road,Clear,M L PURAM,NEARPARK,10,0.0,0.0
Bengaluru City,Rajajinagar Traffic PS,1.04432e+16,2016,1,1,Road Accidents,Cross roads,City/Town,Open area,Human Error,No,Grievous Injury,Hit pedestrian,Not Applicable,Others,City or Town Road,Bitumen(Tar),Dry,Engineering Defect of Road,Clear,12 TH CROSS M L LAYOUT,NEAR KEB POLL,55,1.305254,7.733506
Bengaluru City,Rajajinagar Traffic PS,1.04432e+16,2016,1,2,Road Accidents,Cross roads,City/Town,Open area,Human Error,Yes,Grievous Injury,Rear end,No signal lights,Others,City or Town Road,Bitumen(Tar),Dry,Engineering Defect of Road,Fine,15 TH CROSS J C NAGARA,NAER KEB POLL,35,1.30836,7.731507
Bengaluru City,Rajajinagar Traffic PS,1.04432e+16,2016,1,2,Road Accidents,Circle,City/Town,In bazaar,Human Error,No,Grievous Injury,Head on,No signal lights,Not Applicable,City or Town Road,Bitumen(Tar),Dry,Engineering Defect of Road,Clear,NEAR SOAP FACTROY,NEAR POLL,20,1.305772,7.7331237
Bengaluru City,Rajajinagar Traffic PS,1.04432e+16,2016,1,1,Road Accidents,Other,City/Town,Near Bus stop,Human Error,Yes,Simple Injury,Others,No signal lights,Others,Others,Bitumen(Tar),Others,No influence on accident,Others,KRISHNANADANAGAR ROAD,KRISHNANADANAGAR ROAD,4KM,0.0,0.0
Bengaluru City,Rajajinagar Traffic PS,1.04432e+16,2016,1,2,Road Accidents,Circle,City/Town,Near Bus stop,Human Error,Yes,Grievous Injury,Overturning,Signal lights Manual,Straight and flat,City or Town Road,Bitumen(Tar),Dry,Engineering Defect of Road,Clear,STUDIO MAIN ROAD,NEAR TREE,32,13.019077,77.542596
Bengaluru City,Rajajinagar Traffic PS,1.04432e+16,2016,1,3,Road Accidents,Circle,City/Town,Open area,Human Error,No,Damage Only,Rear end,Signal lights Manual,Straight and flat,City or Town Road,Bitumen(Tar),Dry,Engineering Defect of Road,Clear,DR RAJKUMAR ROAD,NEAR TREE,38,0.0,0.0
Bengaluru City,Rajajinagar Traffic PS,1.04432e+16,2016,1,2,Road Accidents,T Junction,City/Town,Open area,Human Error,No,Simple Injury,Rear end,No signal lights,Straight and flat,City or Town Road,Bitumen(Tar),Dry,Engineering Defect of Road,Clear,NEAR G D NADUHALL,NEAR TREE,27,0.0,0.0
Bengaluru City,Rajajinagar Traffic PS,1.04432e+16,2016,1,1,Road Accidents,Circle,City/Town,Near Bus stop,Human Error,No,Grievous Injury,Hit pedestrian,Uncontrolled,Others,City or Town Road,Bitumen(Tar),Dry,Engineering Defect of Road,Clear,RING ROAD,NEAR BUS STOP,10,0.0,0.0
Bengaluru City,Rajajinagar Traffic PS,1.04432e+16,2016,1,3,Road Accidents,Circle,City/Town,Open area,Human Error,No,Grievous Injury,Hit pedestrian,Not Applicable,Others,City or Town Road,Bitumen(Tar),Dry,Engineering Defect of Road,Fine,DR RAJKUMAR ROAD,NEAR  SHOP,30,0.0,0.0
Bengaluru City,Rajajinagar Traffic PS,1.04432e+16,2016,1,1,Road Accidents,Other,City/Town,Near Bus stop,Human Error,No,Simple Injury,Others,No signal lights,Others,Others,Bitumen(Tar),Others,No influence on accident,Others,NANDINI LAYOUT RING ROAD,NANDINI LAYOUT RING ROAD,4KM,0.0,0.0
Bengaluru City,Rajajinagar Traffic PS,1.04432e+16,2016,1,1,Road Accidents,Bridge,City/Town,Near Bus stop,Human Error,No,Grievous Injury,Head on,Signal lights Automatic,Straight and flat,City or Town Road,Bitumen(Tar),Dry,Engineering Defect of Road,Clear,OKALIPURA SERVICE ROAD,NEAR KEB POLL,24,0.0,0.0
Bengaluru City,Rajajinagar Traffic PS,1.04432e+16,2016,1,1,Road Accidents,T Junction,City/Town,Near office complex,Human Error,No,Grievous Injury,Hit pedestrian,Not at  Junction,Others,City or Town Road,Bitumen(Tar),Dry,Engineering Defect of Road,Clear,NEAR 17 TH MAIN,NEAR TREE,35,0.0,0.0
Bengaluru City,Rajajinagar Traffic PS,1.04432e+16,2016,1,2,Road Accidents,Junction,City/Town,Near Hospital,Human Error,No,Simple Injury,Overturning,Police / Manual,Others,City or Town Road,Bitumen(Tar),Dry,Engineering Defect of Road,Clear,NEW SAGAR JUNCTION ROAD,NEAR TREE,9,12.990023,77.553232
Bengaluru City,Rajajinagar Traffic PS,1.04432e+16,2016,1,1,Road Accidents,Circle,City/Town,Open area,Human Error,No,Grievous Injury,Hit pedestrian,Not Applicable,Others,City or Town Road,Bitumen(Tar),Dry,Engineering Defect of Road,Fine,NEAR RING ROAD,NEAR BHEL BUSSTOP,50,1.31168,7.7315035
Bengaluru City,Rajajinagar Traffic PS,1.04432e+16,2016,1,2,Road Accidents,Other,City/Town,Near Bus stop,Human Error,No,Simple Injury,Others,No signal lights,Others,Others,Bitumen(Tar),Others,No influence on accident,Others,NANDINI LAYOUT RING ROAD,NANDINI LAYOUT RING ROAD,4.5KM,0.0,0.0
Bengaluru City,Rajajinagar Traffic PS,1.04432e+16,2016,1,2,Road Accidents,Other,City/Town,Open area,Human Error,Yes,Grievous Injury,Hit and Run,No signal lights,Others,City or Town Road,Bitumen(Tar),Dry,Engineering Defect of Road,Clear,NANDNI LAYOUT,NEAR KEB POLL,30,0.0,0.0
Bengaluru City,Rajajinagar Traffic PS,1.04432e+16,2016,1,2,Road Accidents,Circle,City/Town,Near a religious place,Human Error,Yes,Damage Only,Hit and Run,No signal lights,Curve,City or Town Road,Bitumen(Tar),Dry,Engineering Defect of Road,Clear,RAMANDIRA,NEAR BOOK HOUSE,40,12.943651,77.579179
Bengaluru City,Rajajinagar Traffic PS,1.04432e+16,2016,1,2,Road Accidents,Circle,City/Town,Open area,Human Error,Yes,Simple Injury,Hit and Run,Not Applicable,Others,City or Town Road,Bitumen(Tar),Dry,Engineering Defect of Road,Clear,SHANKARNAGARA,NEAR BUS STOP,40,13.033271,77.60468
Bengaluru City,Rajajinagar Traffic PS,1.04432e+16,2016,1,2,Road Accidents,Bridge,City/Town,Open area,Human Error,No,Grievous Injury,Rear end,No signal lights,Straight and flat,City or Town Road,Bitumen(Tar),Dry,Engineering Defect of Road,Clear,NANDINI LAYOUT RING ROAD,NEAR KEB POLL,26,13.027954,77.552553
Bengaluru City,Rajajinagar Traffic PS,1.04432e+16,2016,1,2,Road Accidents,Narrow road,City/Town,Near office complex,Human Error,No,Grievous Injury,Overturning,No signal lights,Straight and flat,City or Town Road,Bitumen(Tar),Dry,Engineering Defect of Road,Clear,NANDINI LAYOUT CLUB ROAD,NEAR TREE,52,0.0,0.0
Bengaluru City,Rajajinagar Traffic PS,1.04432e+16,2016,1,1,Road Accidents,T Junction,City/Town,Near Bus stop,Human Error,Yes,Fatal,Hit pedestrian,No signal lights,Straight and flat,City or Town Road,Bitumen(Tar),Dry,Engineering Defect of Road,Clear,NEAR RAJAJINAGARA ENTRANCE,NEAR SHOP,35,0.0,0.0
Bengaluru City,Rajajinagar Traffic PS,1.04432e+16,2016,1,2,Road Accidents,Junction,City/Town,Open area,Human Error,No,Grievous Injury,Head on,No signal lights,Others,City or Town Road,Bitumen(Tar),Dry,Engineering Defect of Road,Clear,NEAR ESI BUS STOP,NEAR ESI HOSPITAL,35,12.990098,77.558843
Bengaluru City,Rajajinagar Traffic PS,1.04432e+16,2016,1,2,Road Accidents,Other,City/Town,Near Bus stop,Human Error,No,Simple Injury,Others,No signal lights,Others,Others,Bitumen(Tar),Others,No influence on accident,Others,SEVENTEENTH MAIN ROAD,SEVENTEENTH MAIN ROAD,500MTR,12.989815,77.55255
Bengaluru City,Rajajinagar Traffic PS,1.04432e+16,2016,1,2,Road Accidents,T Junction,City/Town,Open area,Human Error,No,Grievous Injury,Rear end,No signal lights,Straight and flat,City or Town Road,Bitumen(Tar),Dry,Engineering Defect of Road,Clear,PIPELINE SERVICE ROAD,NEAR TREE,18,13.005328,77.547417
Bengaluru City,Rajajinagar Traffic PS,1.04432e+16,2016,1,2,Road Accidents,Circle,City/Town,Open area,Human Error,Yes,Grievous Injury,Hit and Run,No signal lights,Others,City or Town Road,Bitumen(Tar),Dry,Engineering Defect of Road,Clear,SHANKAR NAGAR,NEAR SCHOOL,35,13.017349,77.539559
Bengaluru City,Rajajinagar Traffic PS,1.04432e+16,2016,1,2,Road Accidents,Circle,City/Town,Near Bus stop,Human Error,Yes,Grievous Injury,Head on,No signal lights,Straight and flat,City or Town Road,Bitumen(Tar),Dry,Engineering Defect of Road,Clear,KANTEERAVA STUDIO MAIN ROAD,NEAR TREE,56,13.021339,77.53063
Bengaluru City,Rajajinagar Traffic PS,1.04432e+16,2016,1,3,Road Accidents,Cross roads,City/Town,Open area,Human Error,Yes,Simple Injury,Hit pedestrian,Not Applicable,Others,City or Town Road,Bitumen(Tar),Dry,Engineering Defect of Road,Clear,NEAR KEB OLD OFFICE,NEAR TREE,35,0.0,0.0
Bengaluru City,Rajajinagar Traffic PS,1.04432e+16,2016,1,2,Road Accidents,Circle,City/Town,Open area,Human Error,No,Grievous Injury,Others,Uncontrolled,Others,City or Town Road,Bitumen(Tar),Dry,Engineering Defect of Road,Clear,4th block 2ndmain rajajinagara,naer tree,55,1.259887,7.333081
Bengaluru City,Rajajinagar Traffic PS,1.04432e+16,2016,1,2,Road Accidents,Cross roads,City/Town,Open area,Human Error,Yes,Grievous Injury,Others,Not Applicable,Others,City or Town Road,Bitumen(Tar),Dry,Engineering Defect of Road,Clear,ABG LAYOUT,NEAR KEB POLL,30,1.302472,7.7322179
Bengaluru City,Rajajinagar Traffic PS,1.04432e+16,2016,1,2,Road Accidents,Other,City/Town,Near Bus stop,Human Error,Yes,Damage Only,Others,No signal lights,Others,Others,Bitumen(Tar),Others,No influence on accident,Others,NAGAPURA MAIN ROAD,NAGAPURA MAIN ROAD,50,0.0,0.0
Bengaluru City,Rajajinagar Traffic PS,1.04432e+16,2016,1,2,Road Accidents,Other,City/Town,Near Bus stop,Human Error,Yes,Simple Injury,Others,No signal lights,Others,Others,Bitumen(Tar),Others,No influence on accident,Others,KANTEERVA STUDIO MAIN ROAD,KANTEERVA STUDIO MAIN ROAD,4.5KM,0.0,0.0
Bengaluru City,Rajajinagar Traffic PS,1.04432e+16,2016,1,2,Road Accidents,T Junction,City/Town,Near Bus stop,Human Error,Yes,Grievous Injury,Head on,No signal lights,Straight and flat,City or Town Road,Bitumen(Tar),Dry,Engineering Defect of Road,Clear,KANTEERAVA STUDIO MAIN ROAD,NEAR TREE,25,0.0,0.0
Bengaluru City,Rajajinagar Traffic PS,1.04432e+16,2016,1,1,Road Accidents,Junction,City/Town,Open area,Human Error,Yes,Grievous Injury,Hit pedestrian,No signal lights,Incline,City or Town Road,Bitumen(Tar),Dry,Engineering Defect of Road,Clear,SHANKAR NAGARA,NEAR APMC YARD,45,0.0,0.0
Bengaluru City,Rajajinagar Traffic PS,1.04432e+16,2016,1,1,Road Accidents,Junction,City/Town,Near School or College,Human Error,Yes,Simple Injury,Hit and Run,No signal lights,Sharp Curve,City or Town Road,Bitumen(Tar),Dry,Engineering Defect of Road,Clear,DR RAJKUMAR ROAD,NEAR PRAK,35,12.317897,76.691703
Bengaluru City,Rajajinagar Traffic PS,1.04432e+16,2016,1,2,Road Accidents,Junction,City/Town,Open area,Human Error,Yes,Grievous Injury,Hit and Run,Controlled,Others,City or Town Road,Bitumen(Tar),Dry,Engineering Defect of Road,Clear,50 TH CROSS,NEAR TEMPLE,40,0.0,0.0
Bengaluru City,Rajajinagar Traffic PS,1.04432e+16,2016,1,1,Road Accidents,Cross roads,City/Town,Near office complex,Human Error,Yes,Grievous Injury,Hit pedestrian,No signal lights,Others,City or Town Road,Bitumen(Tar),Dry,Engineering Defect of Road,Clear,46 TH CROSS RAJAJINAGARA,NEAR HOUSE,20,1.2943651,7.7579179
Bengaluru City,Rajajinagar Traffic PS,1.04432e+16,2016,1,2,Road Accidents,T Junction,City/Town,Open area,Human Error,No,Grievous Injury,Head on,No signal lights,Others,City or Town Road,Bitumen(Tar),Dry,Engineering Defect of Road,Clear,PIPELINE ROAD,NEAR TREE,40,13.005328,77.547417
Bengaluru City,Rajajinagar Traffic PS,1.04432e+16,2016,1,1,Road Accidents,Junction,City/Town,Open area,Human Error,No,Grievous Injury,Head on,Uncontrolled,Gentle Incline or Climb,City or Town Road,Bitumen(Tar),Dry,Engineering Defect of Road,Clear,12 TH MAIN ML PURAM,NEAR POLL,10,0.0,0.0
Bengaluru City,Rajajinagar Traffic PS,1.04432e+16,2016,1,3,Road Accidents,Junction,City/Town,Open area,Human Error,No,Grievous Injury,Head on,Signal lights Manual,Others,City or Town Road,Bitumen(Tar),Dry,Engineering Defect of Road,Clear,near dr rajkumar road,NEAR KEB POLL,40,0.0,0.0
Bengaluru City,Rajajinagar Traffic PS,1.04432e+16,2016,1,1,Road Accidents,Narrow road,City/Town,Open area,Human Error,Yes,Grievous Injury,Hit pedestrian,No signal lights,Others,City or Town Road,Bitumen(Tar),Dry,Engineering Defect of Road,Clear,KRSHINANANDANAGARA,NEAR HOUSENO56,50,0.0,0.0
Bengaluru City,Rajajinagar Traffic PS,1.04432e+16,2016,1,2,Road Accidents,Circle,City/Town,In bazaar,Human Error,No,Damage Only,Rear end,Uncontrolled,Others,City or Town Road,Bitumen(Tar),Dry,Engineering Defect of Road,Clear,1 ST MAIN SRIKANTESHVARNAGARA,NEARSHOP,10,0.0,0.0
Bengaluru City,Rajajinagar Traffic PS,1.04432e+16,2016,1,1,Road Accidents,Other,City/Town,Near Bus stop,Human Error,No,Simple Injury,Others,No signal lights,Others,Others,Bitumen(Tar),Others,No influence on accident,Others,DR.RAJKUMAR ROAD,RAJKUMAR ROAD,1KM,0.0,0.0
Bengaluru City,Rajajinagar Traffic PS,1.04432e+16,2016,1,1,Road Accidents,Y Junction,City/Town,Near Bus stop,Human Error,Yes,Grievous Injury,Rear end,No signal lights,Others,Others,Bitumen(Tar),Others,No influence on accident,Others,KEMPEGOWDA LAYOUT,KEMPEGOWDA LAYOUT,3.5KM,0.0,0.0
Bengaluru City,Rajajinagar Traffic PS,1.04432e+16,2016,1,1,Road Accidents,Offset,City/Town,Near Bus stop,Human Error,No,Simple Injury,Others,No signal lights,Others,Others,Bitumen(Tar),Others,No influence on accident,Others,NANDINI LAYOUT RING ROAD,NANDINI LAYOUT RING ROAD,4.5KM,0.0,0.0
Bengaluru City,Rajajinagar Traffic PS,1.04432e+16,2016,1,2,Road Accidents,Narrow road,City/Town,Open area,Human Error,Yes,Simple Injury,Hit and Run,No signal lights,Others,City or Town Road,Bitumen(Tar),Dry,Engineering Defect of Road,Clear,MAHALAKSHMI LAYOUT,NEAR TREE,45,0.0,0.0
Bengaluru City,Rajajinagar Traffic PS,1.04432e+16,2016,1,2,Road Accidents,Circle,City/Town,Open area,Human Error,No,Damage Only,Head on,No signal lights,Others,City or Town Road,Bitumen(Tar),Dry,Engineering Defect of Road,Clear,15 TH CROSS J C NAGARA,NEAR KEB POLL,40,0.0,0.0
Bengaluru City,Rajajinagar Traffic PS,1.04432e+16,2016,1,2,Road Accidents,Circle,City/Town,Residential area,Human Error,No,Grievous Injury,Head on,No signal lights,Straight and flat,City or Town Road,Bitumen(Tar),Dry,Engineering Defect of Road,Clear,"1 ST MAIN, SECULAR ROAD",NEAR KEB POLL,29,13.021339,77.53063
Bengaluru City,Rajajinagar Traffic PS,1.04432e+16,2016,1,2,Road Accidents,T Junction,City/Town,Open area,Human Error,Yes,Grievous Injury,Head on,No signal lights,Straight and flat,City or Town Road,Bitumen(Tar),Dry,Engineering Defect of Road,Clear,NEAR 42 TH CROSS,NEAR KEB POLL,21,12.990098,77.558843
Bengaluru City,Rajajinagar Traffic PS,1.04432e+16,2016,1,2,Road Accidents,Circle,City/Town,Open area,Human Error,Yes,Grievous Injury,Hit and Run,No signal lights,Hump,City or Town Road,Bitumen(Tar),Dry,Engineering Defect of Road,Clear,GELEYARA BALAGA MAIN ROAD,NEAR BUS STOP,50,13.071208,77.506054
Bengaluru City,Rajajinagar Traffic PS,1.04432e+16,2016,1,3,Road Accidents,Cross roads,City/Town,Residential area,Human Error,Yes,Grievous Injury,Hit pedestrian,Not Applicable,Not Applicable,City or Town Road,Bitumen(Tar),Dry,Engineering Defect of Road,Clear,NEAR 9 TH CROSS NANDINI LAYOUT,NEAR HOUSE,30,0.0,0.0
Bengaluru City,Rajajinagar Traffic PS,1.04432e+16,2016,1,2,Road Accidents,Narrow road,City/Town,Open area,Human Error,Yes,Damage Only,Head on,Give way sign,Straight and flat,City or Town Road,Bitumen(Tar),Dry,Engineering Defect of Road,Clear,KANTEERAVA STUDIO MAIN ROAD,NEAR TREE,24,13.027954,77.632168
Bengaluru City,Rajajinagar Traffic PS,1.04432e+16,2016,1,1,Road Accidents,Narrow road,City/Town,Open area,Human Error,Yes,Grievous Injury,Hit pedestrian,No signal lights,Straight and flat,City or Town Road,Bitumen(Tar),Dry,Engineering Defect of Road,Clear,NANDINI LAYOUT,KEB POLL,41,13.02954,77.632168
Bengaluru City,Rajajinagar Traffic PS,1.04432e+16,2016,1,2,Road Accidents,Circle,City/Town,Near Hospital,Human Error,No,Damage Only,Others,Controlled,Others,City or Town Road,Bitumen(Tar),Dry,Engineering Defect of Road,Clear,19 TH MAIN RAJAJINAGARA,NEAR HOSPITAL,10,0.0,0.0
Bengaluru City,Rajajinagar Traffic PS,1.04432e+16,2016,1,2,Road Accidents,Narrow road,City/Town,Open area,Human Error,No,Damage Only,Rear end,No signal lights,Straight and flat,City or Town Road,Bitumen(Tar),Dry,Engineering Defect of Road,Clear,NANDINI LAYOUT RING ROAD,NEAR KEB POLL,40,0.0,0.0
Bengaluru City,Rajajinagar Traffic PS,1.04432e+16,2016,1,2,Road Accidents,Circle,City/Town,Open area,Human Error,Yes,Damage Only,Rear end,Not Applicable,Others,City or Town Road,Bitumen(Tar),Dry,Engineering Defect of Road,Clear,RING ROAD,NEAR KEBPOLL,50,0.0,0.0
Bengaluru City,Rajajinagar Traffic PS,1.04432e+16,2016,1,2,Road Accidents,Narrow road,City/Town,Open area,Human Error,No,Grievous Injury,Rear end,No signal lights,Straight and flat,City or Town Road,Bitumen(Tar),Dry,Engineering Defect of Road,Clear,NERA RING ROAD,NEAR KEB POLL,33,1.310887,7.7315317
Bengaluru City,Rajajinagar Traffic PS,1.04432e+16,2016,1,2,Road Accidents,Circle,City/Town,Near Bus stop,Human Error,No,Grievous Injury,Others,Uncontrolled,Others,City or Town Road,Bitumen(Tar),Dry,Engineering Defect of Road,Fine,SHANKAR NAGARA MAIN ROAD,NEAR KEB POLL,20,1.3017349,7.7539559
Bengaluru City,Rajajinagar Traffic PS,1.04432e+16,2017,1,2,Road Accidents,Junction,City/Town,Near Hospital,Human Error,No,Damage Only,Head on,Uncontrolled,Not Applicable,City or Town Road,Bitumen(Tar),Dry,Engineering Defect of Road,Clear,SONAL GARMENT,NEAR TEMAPLE,25,12.572123,77.40344
Bengaluru City,Rajajinagar Traffic PS,1.04432e+16,2017,1,1,Road Accidents,Cross roads,City/Town,Open area,Human Error,Yes,Simple Injury,Hit pedestrian,No signal lights,Straight and flat,City or Town Road,Bitumen(Tar),Dry,Not Applicable,Clear,NEAR PRAKASHANAGARA,NEAR  HOUSE,7,1.29926,7.7558
Bengaluru City,Rajajinagar Traffic PS,1.04432e+16,2017,1,1,Road Accidents,T Junction,City/Town,Open area,Human Error,No,Fatal,Hit pedestrian,No signal lights,Slight Curve,City or Town Road,Bitumen(Tar),Dry,Not Applicable,Clear,NEAR 11 TH MAIN,NEAR HOUSE,15,13.01383,77.32334
Bengaluru City,Rajajinagar Traffic PS,1.04432e+16,2017,1,2,Road Accidents,T Junction,City/Town,Open area,Human Error,No,Simple Injury,Rear end,No signal lights,Straight and flat,City or Town Road,Bitumen(Tar),Dry,Not Applicable,Clear,RAMA MANDIRA,NEAR STORE,11,1.2943651,7.7579179
Bengaluru City,Rajajinagar Traffic PS,1.04432e+16,2017,1,2,Road Accidents,T Junction,City/Town,Open area,Human Error,No,Damage Only,Side impact or Right angle,No signal lights,Straight and flat,City or Town Road,Bitumen(Tar),Dry,No influence on accident,Clear,LAGGERE CROSS,NEAR KEB POLL,30,1.2572123,7.740344
Bengaluru City,Rajajinagar Traffic PS,1.04432e+16,2017,1,3,Road Accidents,Circle,City/Town,Near Bus stop,Human Error,No,Simple Injury,Rear end,No signal lights,Straight and flat,City or Town Road,Bitumen(Tar),Dry,Not Applicable,Clear,NEAR RING ROAD,NEAR KEB POLL,10,1.304549,7.7322204
Bengaluru City,Rajajinagar Traffic PS,1.04432e+16,2017,1,1,Road Accidents,T Junction,City/Town,Open area,Human Error,Yes,Simple Injury,Side swipe,No signal lights,Straight and flat,City or Town Road,Bitumen(Tar),Dry,Not Applicable,Clear,RING ROAD,NEAR KEB POLL,6,1.310887,7.7315317
Bengaluru City,Rajajinagar Traffic PS,1.04432e+16,2017,1,2,Road Accidents,T Junction,City/Town,Near School or College,Human Error,No,Simple Injury,Head on,No signal lights,Straight and flat,City or Town Road,Bitumen(Tar),Dry,Not Applicable,Clear,NER KLE COLLAGE,NERA KEB POLL,10,1.2595127,7.7331802
Bengaluru City,Rajajinagar Traffic PS,1.04432e+16,2017,1,2,Road Accidents,T Junction,City/Town,Open area,Human Error,Yes,Fatal,Rear end,No signal lights,Straight and flat,City or Town Road,Bitumen(Tar),Dry,Not Applicable,Clear,NEAR RING ROAD,NEAR KEB POLL,7,1.30014,7.75268
Bengaluru City,Rajajinagar Traffic PS,1.04432e+16,2017,1,1,Road Accidents,Circle,City/Town,Open area,Human Error,No,Grievous Injury,Hit pedestrian,Controlled,Others,City or Town Road,Bitumen(Tar),Dry,Engineering Defect of Road,Clear,BASHYAN CIRCLE,NEAR MOBILSHOP,40,1.259488,7.7331517
Bengaluru City,Rajajinagar Traffic PS,1.04432e+16,2017,1,2,Road Accidents,T Junction,City/Town,Open area,Human Error,Yes,Simple Injury,Head on,No signal lights,Straight and flat,City or Town Road,Bitumen(Tar),Dry,Engineering Defect of Road,Clear,MAHALAKSHMI LAYOUT,NEAR TREE,31,1.304549,7.7322204
Bengaluru City,Rajajinagar Traffic PS,1.04432e+16,2017,1,2,Road Accidents,Circle,City/Town,Open area,Human Error,Yes,Simple Injury,Overturning,No signal lights,Gentle Incline or Climb,City or Town Road,Bitumen(Tar),Dry,Engineering Defect of Road,Clear,NEAR MAHALAKSHMI PURAM,NEAR KEB POLL,11,0.0,0.0
Bengaluru City,Rajajinagar Traffic PS,1.04432e+16,2017,1,2,Road Accidents,Bridge,City/Town,Open area,Human Error,No,Simple Injury,Rear end,No signal lights,Straight and flat,City or Town Road,Bitumen(Tar),Dry,Not Applicable,Clear,RING ROAD,NEAR TREE,14,1.2572123,7.740344
Bengaluru City,Rajajinagar Traffic PS,1.04432e+16,2017,1,2,Road Accidents,T Junction,City/Town,Open area,Human Error,No,Simple Injury,Head on,No signal lights,Straight and flat,City or Town Road,Bitumen(Tar),Dry,Not Applicable,Clear,SRS BAKEERY,NEAR VINAYAKA GOBI,10,1.302714,7.7313672
Bengaluru City,Rajajinagar Traffic PS,1.04432e+16,2017,1,1,Road Accidents,Y Junction,City/Town,Open area,Human Error,No,Grievous Injury,Hit pedestrian,Not Applicable,Others,City or Town Road,Bitumen(Tar),Dry,Engineering Defect of Road,Clear,NEAR 35 TH MAIN NANDINI LAYOUT,NEAR KANNADA BHAVUTA,37,1.302516,7.7315443
Bengaluru City,Rajajinagar Traffic PS,1.04432e+16,2017,1,2,Road Accidents,Circle,City/Town,Near Bus stop,Human Error,No,Damage Only,Not Applicable,Controlled,Others,City or Town Road,Bitumen(Tar),Dry,Engineering Defect of Road,Fine,SHANKAR NAGARA,NEAR BUS STOP,20,1.305145,7.732295
Bengaluru City,Rajajinagar Traffic PS,1.04432e+16,2017,1,2,Road Accidents,Circle,City/Town,Open area,Human Error,No,Simple Injury,Rear end,No signal lights,Straight and flat,City or Town Road,Bitumen(Tar),Dry,Engineering Defect of Road,Clear,NANDINI LAYOUT,NEAR FISHSTAL,45,1.31868,7.7323334
Bengaluru City,Rajajinagar Traffic PS,1.04432e+16,2017,1,2,Road Accidents,Circle,City/Town,Near Bus stop,Human Error,Yes,Fatal,Rear end,No signal lights,Straight and flat,City or Town Road,Bitumen(Tar),Dry,Not Applicable,Clear,NEAR NANDINI LAYOUT BUS STOP,NEAR KEB POLL,17,1.304263,7.7314285
Bengaluru City,Rajajinagar Traffic PS,1.04432e+16,2017,1,1,Road Accidents,Circle,City/Town,Open area,Human Error,Yes,Simple Injury,Hit pedestrian,No signal lights,Straight and flat,City or Town Road,Bitumen(Tar),Dry,Not Applicable,Clear,NEAR STUDIO ROAD,NEAR KEB POLL,34,12.572123,77.40344
Bengaluru City,Rajajinagar Traffic PS,1.04432e+16,2017,1,2,Road Accidents,Junction,City/Town,Open area,Human Error,No,Damage Only,Rear end,Signals (Working),Straight and flat,City or Town Road,Bitumen(Tar),Dry,Not Applicable,Clear,DR RAJ KUMAR ROAD,NEAR HOTEL,20,13.0139,77.332161
Bengaluru City,Rajajinagar Traffic PS,1.04432e+16,2017,1,2,Road Accidents,Round about or Circle,City/Town,Residential area,Human Error,No,Grievous Injury,Rear end,No signal lights,Others,City or Town Road,Bitumen(Tar),Dry,Engineering Defect of Road,Clear,PRAKASHNAGARA,NEAR TREE,21,0.0,0.0
Bengaluru City,Rajajinagar Traffic PS,1.04432e+16,2017,1,1,Road Accidents,Circle,City/Town,Open area,Human Error,No,Simple Injury,Others,No signal lights,Straight and flat,City or Town Road,Bitumen(Tar),Dry,Not Applicable,Clear,LAGGERE MAIN ROIAD,NERA COLLAGE,17,1.303634,7.7313799
Bengaluru City,Rajajinagar Traffic PS,1.04432e+16,2017,1,2,Road Accidents,Junction,City/Town,Near office complex,Human Error,No,Simple Injury,Rear end,Signal lights Automatic,Straight and flat,City or Town Road,Bitumen(Tar),Dry,Engineering Defect of Road,Clear,DR.RAJKUMAR ROAD,NEAR KEB POLL,8,1.30139,7.7332161
Bengaluru City,Rajajinagar Traffic PS,1.04432e+16,2017,1,1,Road Accidents,Circle,City/Town,Open area,Human Error,No,Simple Injury,Hit pedestrian,No signal lights,Straight and flat,City or Town Road,Bitumen(Tar),Dry,Not Applicable,Clear,NEAR LAGGERE CIRCLE,NEAR BHAGATH SING  KANNADA BAVUTA,5,1.302714,7.7313672