DISTRICTNAME,UNITNAME,Crime_No,Year,RI,Noofvehicle_involved,Accident_Classification,Accident_Spot,Accident_Location,Accident_SubLocation,Main_Cause,Hit_Run,Severity,Collision_Type,Junction_Control,Road_Character,Road_Type,Surface_Type,Surface_Condition,Road_Condition,Weather,Accident_Road,Landmark_first,Distance_LandMark_First,Latitude,Longitude
Bengaluru City,Rajajinagar Traffic PS,1.04432e+16,2017,1,2,Road Accidents,Junction,City/Town,Near Bus stop,Human Error,No,Fatal,Overturning,No signal lights,Straight and flat,City or Town Road,Bitumen(Tar),Dry,Engineering Defect of Road,Clear,KANTEERAVA STUDIO ROAD,NEAR TREE,4,13.10887,77.315317
Bengaluru City,Rajajinagar Traffic PS,1.04432e+16,2017,1,2,Road Accidents,Circle,City/Town,Open area,Human Error,Yes,Simple Injury,Rear end,No signal lights,Straight and flat,City or Town Road,Bitumen(Tar),Dry,Not Applicable,Clear,NEAR SHANKAR NAGAR,NEAR KEB PO,18,13.05644,77.323178
Bengaluru City,Rajajinagar Traffic PS,1.04432e+16,2017,1,2,Road Accidents,T Junction,City/Town,Near Bus stop,Human Error,Yes,Grievous Injury,Head on,No signal lights,Straight and flat,City or Town Road,Bitumen(Tar),Dry,Engineering Defect of Road,Clear,NANDINI LAYOUT ROAD,NEAR KEB POLL,27,1.30402,7.7322274
Bengaluru City,Rajajinagar Traffic PS,1.04432e+16,2017,1,2,Road Accidents,Circle,City/Town,Near a factory industrial area,Human Error,No,Fatal,Hit pedestrian,No signal lights,Straight and flat,City or Town Road,Bitumen(Tar),Dry,Not Applicable,Clear,NEAR KEMPAMMA LAYOUT,NEAR FACTORY,6,13.11287,77.313183
Bengaluru City,Rajajinagar Traffic PS,1.04432e+16,2017,1,2,Road Accidents,Bridge,City/Town,Open area,Human Error,No,Simple Injury,Head on,No signal lights,Straight and flat,City or Town Road,Bitumen(Tar),Dry,Engineering Defect of Road,Clear,DR RAJKUMAR ROAD,NEAR  STAR BAZAR,14,12.591173,77.331957
Bengaluru City,Rajajinagar Traffic PS,1.04432e+16,2017,1,1,Road Accidents,Circle,City/Town,Near Bus stop,Human Error,No,Simple Injury,Hit pedestrian,No signal lights,Straight and flat,City or Town Road,Bitumen(Tar),Dry,Not Applicable,Clear,NEAR LAGGERE,NEAR BUS STOP,15,1.310887,7.7315317
Bengaluru City,Rajajinagar Traffic PS,1.04432e+16,2017,1,2,Road Accidents,Junction,City/Town,Open area,Human Error,No,Simple Injury,Rear end,No signal lights,Straight and flat,City or Town Road,Bitumen(Tar),Dry,Not Applicable,Clear,NEAR S P POLES,NEAR  HOPSPITAL,30,1.31868,7.7323334
Bengaluru City,Rajajinagar Traffic PS,1.04432e+16,2017,1,2,Road Accidents,Circle,City/Town,Open area,Human Error,Yes,Simple Injury,Rear end,No signal lights,Straight and flat,City or Town Road,Bitumen(Tar),Dry,Not Applicable,Clear,NEAR FTI CRICLE,NEAR TEMPLE,30,1.302714,7.7313672
Bengaluru City,Rajajinagar Traffic PS,1.04432e+16,2017,1,2,Road Accidents,Circle,City/Town,Near School or College,Human Error,Yes,Simple Injury,Rear end,No signal lights,Straight and flat,City or Town Road,Bitumen(Tar),Dry,Not Applicable,Clear,NEAR S G INTRANATION SCOOL,NERA HOME,10,13.1768,77.321271
Bengaluru City,Rajajinagar Traffic PS,1.04432e+16,2017,1,1,Road Accidents,Circle,City/Town,Open area,Human Error,No,Grievous Injury,Hit pedestrian,Signal lights Manual,Others,City or Town Road,Bitumen(Tar),Dry,Not Applicable,Clear,Near HDFC Bank,Near Bank,20,1.259488,7.7331517
Bengaluru City,Rajajinagar Traffic PS,1.04432e+16,2017,1,2,Road Accidents,Bridge,City/Town,Narrow bridge or culverts,Human Error,No,Simple Injury,Rear end,Police / Manual,Straight and flat,City or Town Road,Bitumen(Tar),Dry,Engineering Defect of Road,Clear,RING ROAD,NEAR KEB POLL,36,1.305418,7.7322211
Bengaluru City,Rajajinagar Traffic PS,1.04432e+16,2017,1,2,Road Accidents,Circle,City/Town,Open area,Human Error,Yes,Fatal,Drowned,No signal lights,Straight and flat,City or Town Road,Bitumen(Tar),Dry,Not Applicable,Clear,NANDINI LAYOUT,NERA TREE,6,1.31868,7.7323334
Bengaluru City,Rajajinagar Traffic PS,1.04432e+16,2017,1,1,Road Accidents,T Junction,City/Town,Open area,Human Error,No,Simple Injury,Hit pedestrian,No signal lights,Straight and flat,City or Town Road,Bitumen(Tar),Dry,Not Applicable,Clear,NEAR J C NAGARA,NEAR PARAK,2,13.0894,77.315485
Bengaluru City,Rajajinagar Traffic PS,1.04432e+16,2017,1,2,Road Accidents,Junction,City/Town,Open area,Human Error,No,Simple Injury,Rear end,No signal lights,Straight and flat,City or Town Road,Bitumen(Tar),Dry,Not Applicable,Clear,NANDINI LAYOUT,NEAR TREE,9,1.2973584,7.75741
Bengaluru City,Rajajinagar Traffic PS,1.04432e+16,2017,1,2,Road Accidents,Circle,City/Town,Open area,Human Error,No,Damage Only,Rear end,No signal lights,Straight and flat,City or Town Road,Bitumen(Tar),Dry,Not Applicable,Clear,NERA RING ROAD,NEAR KEB POLL,30,1.2572123,7.740344
Bengaluru City,Rajajinagar Traffic PS,1.04432e+16,2017,1,2,Road Accidents,Circle,City/Town,Near Hospital,Human Error,Yes,Grievous Injury,Rear end,No signal lights,Straight and flat,City or Town Road,Bitumen(Tar),Dry,Engineering Defect of Road,Clear,DR.RAJKUMAR ROAD,NEAR TREE,19,1.2593721,7.7332165
Bengaluru City,Rajajinagar Traffic PS,1.04432e+16,2017,1,2,Road Accidents,Circle,City/Town,Open area,Human Error,Yes,Fatal,Hit and Run,No signal lights,Straight and flat,City or Town Road,Bitumen(Tar),Dry,Not Applicable,Fine,KEMPEGOWDA ARCHA,NEAR KEB POLL,33,1.303634,7.7313799
Bengaluru City,Rajajinagar Traffic PS,1.04432e+16,2017,1,2,Road Accidents,T Junction,City/Town,Open area,Human Error,No,Simple Injury,Rear end,No signal lights,Straight and flat,City or Town Road,Bitumen(Tar),Dry,Not Applicable,Clear,NEAR NANDINI LAYOUT,NEAR KEB POLL,10,1.304549,7.7322204
Bengaluru City,Rajajinagar Traffic PS,1.04432e+16,2017,1,2,Road Accidents,T Junction,City/Town,Open area,Human Error,No,Simple Injury,Rear end,No signal lights,Straight and flat,City or Town Road,Bitumen(Tar),Dry,Not Applicable,Clear,KRSHINANANDA NAGARA MAIN RD,NEAR KEB POLL,7,1.31868,7.7323334
Bengaluru City,Rajajinagar Traffic PS,1.04432e+16,2017,1,2,Road Accidents,T Junction,City/Town,Open area,Human Error,No,Simple Injury,Rear end,No signal lights,Straight and flat,City or Town Road,Bitumen(Tar),Dry,Not Applicable,Clear,NEAR RING ROAD,NEAR KEB POLL,18,1.30014,7.75268
Bengaluru City,Rajajinagar Traffic PS,1.04432e+16,2017,1,2,Road Accidents,T Junction,City/Town,Open area,Human Error,No,Simple Injury,Rear end,Signals (Working),Straight and flat,City or Town Road,Bitumen(Tar),Dry,Not Applicable,Clear,DR RAJKUMAR ROAD,NAER KEB POLL,13,13.0139,77.332161
Bengaluru City,Rajajinagar Traffic PS,1.04432e+16,2017,1,1,Road Accidents,Narrow road,City/Town,Open area,Human Error,Yes,Simple Injury,Head on,No signal lights,Straight and flat,City or Town Road,Bitumen(Tar),Dry,Engineering Defect of Road,Clear,NANDINI LAYOUT,NEAR TREE,9,12.572123,77.40344
Bengaluru City,Rajajinagar Traffic PS,1.04432e+16,2017,1,2,Road Accidents,Other,City/Town,Near Hospital,Human Error,No,Damage Only,Hit parked vehicle,Not Applicable,Others,City or Town Road,Bitumen(Tar),Dry,Engineering Defect of Road,Clear,NEAR ESI HOSPITAL,NEAR TEMPLE,45,1.29887578,7.7553482
Bengaluru City,Rajajinagar Traffic PS,1.04432e+16,2017,1,2,Road Accidents,Bridge,City/Town,Open area,Human Error,Yes,Simple Injury,Rear end,No signal lights,Straight and flat,City or Town Road,Bitumen(Tar),Dry,Not Applicable,Clear,NEAR LAGGERE BRIDGE,NERA KEB POLL,33,1.303634,7.7313799
Bengaluru City,Rajajinagar Traffic PS,1.04432e+16,2017,1,2,Road Accidents,Circle,City/Town,Open area,Human Error,Yes,Simple Injury,Rear end,No signal lights,Straight and flat,City or Town Road,Bitumen(Tar),Dry,Not Applicable,Clear,NEAR LAGGERE,NEAR KEB POLL,13,1.302714,7.7313672
Bengaluru City,Rajajinagar Traffic PS,1.04432e+16,2017,1,1,Road Accidents,T Junction,City/Town,Open area,Human Error,No,Fatal,Hit pedestrian,No signal lights,Straight and flat,City or Town Road,Bitumen(Tar),Dry,Not Applicable,Clear,Near laggere ring road,near keb poll,26,1.300561,7.752695
Bengaluru City,Rajajinagar Traffic PS,1.04432e+16,2017,1,1,Road Accidents,Circle,City/Town,Open area,Human Error,No,Simple Injury,Hit pedestrian,No signal lights,Straight and flat,City or Town Road,Bitumen(Tar),Dry,Not Applicable,Clear,NEAR NANDINI LAYOUT,NEARTREE,25,12.572123,77.40344
Bengaluru City,Rajajinagar Traffic PS,1.04432e+16,2017,1,1,Road Accidents,Y Junction,City/Town,Open area,Human Error,No,Simple Injury,Rear end,No signal lights,Straight and flat,City or Town Road,Bitumen(Tar),Dry,Engineering Defect of Road,Clear,ring road,near keb poll,4,13.001453,77.525079
Bengaluru City,Rajajinagar Traffic PS,1.04432e+16,2017,1,1,Road Accidents,Circle,City/Town,Open area,Human Error,Yes,Simple Injury,Hit pedestrian,No signal lights,Straight and flat,City or Town Road,Bitumen(Tar),Dry,Not Applicable,Clear,NEAR RING ROAD,NEAR TREE,10,13.008836,77.527092
Bengaluru City,Rajajinagar Traffic PS,1.04432e+16,2017,1,2,Road Accidents,T Junction,City/Town,Open area,Human Error,Yes,Simple Injury,Hit and Run,No signal lights,Others,City or Town Road,Bitumen(Tar),Dry,Engineering Defect of Road,Clear,SARSVTHIPURAM,NEAR KEB POLL,19,0.0,0.0
Bengaluru City,Rajajinagar Traffic PS,1.04432e+16,2017,1,1,Road Accidents,Curves,City/Town,Open area,Human Error,Yes,Simple Injury,Hit pedestrian,No signal lights,Curve,City or Town Road,Bitumen(Tar),Dry,Engineering Defect of Road,Clear,woc road,NEAR MALL,30,1.311246,7.7325313
Bengaluru City,Rajajinagar Traffic PS,1.04432e+16,2017,1,2,Road Accidents,Circle,City/Town,Near office complex,Human Error,No,Simple Injury,Run Off Road,No signal lights,Straight and flat,City or Town Road,Bitumen(Tar),Dry,Engineering Defect of Road,Clear,DR RAJKUMAR ROAD,NEAR SHOWROOM,29,1.2593721,7.7332165
Bengaluru City,Rajajinagar Traffic PS,1.04432e+16,2017,1,1,Road Accidents,T Junction,City/Town,Open area,Human Error,Yes,Simple Injury,Hit pedestrian,No signal lights,Straight and flat,City or Town Road,Bitumen(Tar),Dry,Not Applicable,Clear,NEAR RAJ  KUMAR ROAD,KEB POLL,30,1.30139,7.7332161
Bengaluru City,Rajajinagar Traffic PS,1.04432e+16,2017,1,1,Road Accidents,T Junction,City/Town,Open area,Human Error,Yes,Simple Injury,Hit pedestrian,No signal lights,Straight and flat,City or Town Road,Bitumen(Tar),Dry,Not Applicable,Clear,NEAR KEMAPE GOWDA ARCHA,NEAR TREE,10,13.009346,77.526715
Bengaluru City,Rajajinagar Traffic PS,1.04432e+16,2017,1,2,Road Accidents,Curves,City/Town,Open area,Human Error,No,Simple Injury,Head on,No signal lights,Curve,City or Town Road,Bitumen(Tar),Dry,Engineering Defect of Road,Clear,NEAR SHANKAR NAGARA MAIN ROAD,NEAR TREE,19,1.8523819,7.395453
Bengaluru City,Rajajinagar Traffic PS,1.04432e+16,2017,1,2,Road Accidents,Circle,City/Town,Near School or College,Human Error,Yes,Grievous Injury,Hit and Run,No signal lights,Others,City or Town Road,Bitumen(Tar),Dry,Engineering Defect of Road,Clear,BLUE DART OFFICE,NEAR KEB POLL,19,38.573379,95.155573
Bengaluru City,Rajajinagar Traffic PS,1.04432e+16,2017,1,1,Road Accidents,T Junction,City/Town,Open area,Human Error,Yes,Grievous Injury,Hit pedestrian,No signal lights,Straight and flat,City or Town Road,Bitumen(Tar),Dry,Engineering Defect of Road,Clear,NEAR CITI HOSPITAL RAJAJINAGARA,NEAR TREE,30,1.2943651,7.7579179
Bengaluru City,Rajajinagar Traffic PS,1.04432e+16,2017,1,2,Road Accidents,T Junction,City/Town,Open area,Human Error,No,Simple Injury,Head on,No signal lights,Straight and flat,City or Town Road,Bitumen(Tar),Dry,Not Applicable,Clear,GANAPATHI  ROAD,NEAR MARUTHI MOBLIE,30,1.302262,7.7322514
Bengaluru City,Rajajinagar Traffic PS,1.04432e+16,2017,1,4,Road Accidents,Narrow road,City/Town,Near Hospital,Human Error,No,Simple Injury,Rear end,No signal lights,Straight and flat,City or Town Road,Bitumen(Tar),Dry,Engineering Defect of Road,Clear,WOC ROAD,NEAR TREE,10,1.29994,7.75455
Bengaluru City,Rajajinagar Traffic PS,1.04432e+16,2017,1,2,Road Accidents,Junction,City/Town,Open area,Human Error,Yes,Fatal,Rear end,No signal lights,Straight and flat,City or Town Road,Bitumen(Tar),Dry,Not Applicable,Clear,JALAHALLI MAIN RD,NEAR KEB POLL,16,13.0220708,77.5244444
Bengaluru City,Rajajinagar Traffic PS,1.04432e+16,2017,1,1,Road Accidents,Circle,City/Town,Near Bus stop,Human Error,No,Simple Injury,Hit pedestrian,No signal lights,Straight and flat,City or Town Road,Bitumen(Tar),Dry,Not Applicable,Clear,NANDINI LAYOUT,NEAR KEB POLL,35,1.30014,7.75268
Bengaluru City,Rajajinagar Traffic PS,1.04432e+16,2017,1,1,Road Accidents,T Junction,City/Town,Open area,Human Error,No,Fatal,Hit pedestrian,No signal lights,Straight and flat,City or Town Road,Bitumen(Tar),Dry,Not Applicable,Clear,12 TH MAIN,NEAR TREE,8,1.298488477,7.75541522
Bengaluru City,Rajajinagar Traffic PS,1.04432e+16,2017,1,1,Road Accidents,Y Junction,City/Town,Open area,Human Error,Yes,Simple Injury,Hit pedestrian,No signal lights,Straight and flat,City or Town Road,Bitumen(Tar),Dry,Not Applicable,Clear,NEAR NANDINI PS,NEAR TREE,7,1.304549,7.7322204
Bengaluru City,Rajajinagar Traffic PS,1.04432e+16,2017,1,2,Road Accidents,Y Junction,City/Town,Open area,Human Error,Yes,Fatal,Head on,No signal lights,Straight and flat,City or Town Road,Bitumen(Tar),Dry,Engineering Defect of Road,Clear,NERA RONG ROAD,NEAR SPOORTHI MTORS,32,13.003959,77.526298
Bengaluru City,Rajajinagar Traffic PS,1.04432e+16,2017,1,2,Road Accidents,Circle,City/Town,Near Bus stop,Human Error,No,Simple Injury,Head on,No signal lights,Straight and flat,City or Town Road,Bitumen(Tar),Dry,Not Applicable,Clear,NEAR RING ROAD,NEAR KEB POLL,17,1.305418,7.7322211
Bengaluru City,Rajajinagar Traffic PS,1.04432e+16,2017,1,2,Road Accidents,T Junction,City/Town,In bazaar,Human Error,Yes,Simple Injury,Overturning,No signal lights,Straight and flat,City or Town Road,Bitumen(Tar),Dry,Engineering Defect of Road,Fine,NEAR PRAKASH NAGARA,NEAR KEB POLL,14,0.0,0.0
Bengaluru City,Rajajinagar Traffic PS,1.04432e+16,2017,1,2,Road Accidents,Bridge,City/Town,Near Bus stop,Human Error,No,Simple Injury,Head on,No signal lights,Straight and flat,City or Town Road,Bitumen(Tar),Dry,Engineering Defect of Road,Fine,KANTEERAVA STUDIO ROAD,NEAR KEB POLL,21,1.2572123,7.740344
Bengaluru City,Rajajinagar Traffic PS,1.04432e+16,2017,1,2,Road Accidents,Junction,City/Town,Open area,Human Error,Yes,Simple Injury,Rear end,Signals (Working),Straight and flat,City or Town Road,Bitumen(Tar),Dry,Not Applicable,Clear,BHASHYAM CIRCLE,NEAR HOTEL,30,1.259488,7.7331517
Bengaluru City,Rajajinagar Traffic PS,1.04432e+16,2017,1,2,Road Accidents,Circle,City/Town,Open area,Human Error,Yes,Fatal,Right Turn Collision,No signal lights,Straight and flat,City or Town Road,Bitumen(Tar),Dry,Not Applicable,Clear,12 TH MAIN,NEAR KEB POLL,40,1.259488,7.7331517
Bengaluru City,Rajajinagar Traffic PS,1.04432e+16,2017,1,1,Road Accidents,Circle,City/Town,Open area,Human Error,Yes,Simple Injury,Hit pedestrian,No signal lights,Straight and flat,City or Town Road,Bitumen(Tar),Dry,Not Applicable,Clear,NEAR RINGA ROAD,NEAR  BUS STOP,33,1.310887,7.7315317
Bengaluru City,Rajajinagar Traffic PS,1.04432e+16,2017,1,2,Road Accidents,Circle,City/Town,Open area,Human Error,Yes,Simple Injury,Rear end,No signal lights,Straight and flat,City or Town Road,Bitumen(Tar),Dry,Not Applicable,Clear,NEAR KANTEERAVA STUDIO ROAD,NEAR TREE,16,1.31868,7.7323334
Bengaluru City,Rajajinagar Traffic PS,1.04432e+16,2017,1,2,Road Accidents,Y Junction,City/Town,Open area,Human Error,Yes,Fatal,Hit pedestrian,No signal lights,Straight and flat,City or Town Road,Bitumen(Tar),Dry,Not Applicable,Clear,NEAR SHANKAR NAGARA,NEAR KEB POLL,14,13.05423,77.32378
Bengaluru City,Rajajinagar Traffic PS,1.04432e+16,2017,1,2,Road Accidents,Other,City/Town,Near Bus stop,Human Error,No,Grievous Injury,Head on,Uncontrolled,Others,City or Town Road,Bitumen(Tar),Dry,Engineering Defect of Road,Clear,RING ROAD NANDINI LAYOUT,NEAR KEB POLL,20,1.2572123,7.740344
Bengaluru City,Rajajinagar Traffic PS,1.04432e+16,2017,1,2,Road Accidents,Circle,City/Town,Open area,Human Error,No,Grievous Injury,Head on,Signal lights Automatic,Straight and flat,City or Town Road,Bitumen(Tar),Dry,Engineering Defect of Road,Clear,DR RAJKUMAR ROAD,NEAR HOTEL,21,1.30036,7.733195
Bengaluru City,Rajajinagar Traffic PS,1.04432e+16,2017,1,2,Road Accidents,T Junction,City/Town,Near office complex,Human Error,Yes,Grievous Injury,Overturning,No signal lights,Curve,City or Town Road,Bitumen(Tar),Dry,Engineering Defect of Road,Clear,DR RAJKUMAR ROAD,NEAR TREE,37,0.0,0.0
Bengaluru City,Rajajinagar Traffic PS,1.04432e+16,2017,1,1,Road Accidents,T Junction,City/Town,Residential area,Human Error,Yes,Simple Injury,Hit pedestrian,No signal lights,Straight and flat,City or Town Road,Bitumen(Tar),Dry,Not Applicable,Clear,LAGGERE,NEAR WATER TANK,13,1.304549,7.7322204
Bengaluru City,Rajajinagar Traffic PS,1.04432e+16,2017,1,1,Road Accidents,Circle,City/Town,Near Bus stop,Human Error,Yes,Simple Injury,Hit pedestrian,No signal lights,Straight and flat,City or Town Road,Bitumen(Tar),Dry,Not Applicable,Clear,NEAR RING ROAD,NEAR KEB POLL,36,1.311669,7.7315035
Bengaluru City,Rajajinagar Traffic PS,1.04432e+16,2017,1,2,Road Accidents,Circle,City/Town,Open area,Human Error,No,Damage Only,Rear end,No signal lights,Straight and flat,City or Town Road,Bitumen(Tar),Dry,Not Applicable,Clear,RING ROAD,NEAR KEB POLL,10,13.05418,77.7322211
Bengaluru City,Rajajinagar Traffic PS,1.04432e+16,2017,1,1,Road Accidents,Rail Crossing manned,City/Town,Residential area,Human Error,No,Grievous Injury,Hit pedestrian,Not Applicable,Others,City or Town Road,Bitumen(Tar),Dry,Engineering Defect of Road,Clear,nandini layout,near park,30,12.572123,77.40344
Bengaluru City,Rajajinagar Traffic PS,1.04432e+16,2017,1,1,Road Accidents,T Junction,City/Town,Open area,Human Error,Yes,Simple Injury,Hit pedestrian,No signal lights,Straight and flat,City or Town Road,Bitumen(Tar),Dry,Not Applicable,Clear,NEAR SARASWATHI PURA MAIN ROAD,NEAR  TEMPLE,10,1.303197,7.7322352
Bengaluru City,Rajajinagar Traffic PS,1.04432e+16,2017,1,1,Road Accidents,Bridge,City/Town,Open area,Human Error,Yes,Simple Injury,Hit pedestrian,No signal lights,Straight and flat,City or Town Road,Bitumen(Tar),Dry,Not Applicable,Clear,NEAR LAGGERE,NEAR KEB POLL,5,1.302714,7.7313672
Bengaluru City,Rajajinagar Traffic PS,1.04432e+16,2017,1,1,Road Accidents,Circle,City/Town,Open area,Human Error,Yes,Simple Injury,Hit pedal cyclist,No signal lights,Straight and flat,City or Town Road,Bitumen(Tar),Dry,Not Applicable,Clear,NEAR VATAL NAGARAJ ROAD,NEAR TREE,11,1.259983,7.7332192
Bengaluru City,Rajajinagar Traffic PS,1.04432e+16,2017,1,1,Road Accidents,T Junction,City/Town,Open area,Human Error,No,Simple Injury,Hit pedestrian,No signal lights,Straight and flat,City or Town Road,Bitumen(Tar),Dry,Not Applicable,Clear,NEAR NANDINI LAYOUT,NEAR TREE,18,13.014414,77.538733
Bengaluru City,Rajajinagar Traffic PS,1.04432e+16,2017,1,1,Road Accidents,Circle,City/Town,Open area,Human Error,Yes,Simple Injury,Hit pedestrian,No signal lights,Straight and flat,City or Town Road,Bitumen(Tar),Dry,Not Applicable,Clear,RAJAJAINAGARA,NEAR HOTEL,10,12.997534,77.554282
Bengaluru City,Rajajinagar Traffic PS,1.04432e+16,2018,1,1,Road Accidents,Culvert,City/Town,Open area,Human Error,No,Simple Injury,Hit pedestrian,No signal lights,Straight and flat,City or Town Road,Bitumen(Tar),Dry,Not Applicable,Clear,NEAR RING ROAD,NEAR KEB POLL,10,13.01452,77.53064
Bengaluru City,Rajajinagar Traffic PS,1.04432e+16,2018,1,2,Road Accidents,Junction,City/Town,Open area,Human Error,Yes,Simple Injury,Rear end,No signal lights,Straight and flat,City or Town Road,Bitumen(Tar),Dry,Not Applicable,Clear,NEAR 41 TH CROSS,NEAR KEB POLL,38,12.594166,77.194394
Bengaluru City,Rajajinagar Traffic PS,1.04432e+16,2018,1,2,Road Accidents,Circle,City/Town,Open area,Human Error,Yes,Fatal,Right Turn Collision,No signal lights,Straight and flat,City or Town Road,Bitumen(Tar),Dry,No influence on accident,Clear,NEAR OM TIMBAR SHOP,NEAR TREE,16,12.572123,77.40344
Bengaluru City,Rajajinagar Traffic PS,1.04432e+16,2018,1,2,Road Accidents,Circle,City/Town,Open area,Human Error,Yes,Simple Injury,Rear end,No signal lights,Straight and flat,City or Town Road,Bitumen(Tar),Dry,Not Applicable,Clear,NEAR FTI,NEAR KEB POLL,15,13.05418,77.322211
Bengaluru City,Rajajinagar Traffic PS,1.04432e+16,2018,1,2,Road Accidents,Bridge,City/Town,Open area,Human Error,Yes,Simple Injury,Rear end,No signal lights,Straight and flat,City or Town Road,Bitumen(Tar),Dry,Not Applicable,Clear,NEAR NANDINI LAYOUT,NAEAR KEB POLL,10,13.05418,77.322211
Bengaluru City,Rajajinagar Traffic PS,1.04432e+16,2018,1,2,Road Accidents,Cross roads,City/Town,Residential area,Human Error,Yes,Simple Injury,Rear end,No signal lights,Straight and flat,City or Town Road,Bitumen(Tar),Dry,Not Applicable,Clear,NEAR NANDINI LAYOUT,NEAR TREE,15,13.04549,77.322204
Bengaluru City,Rajajinagar Traffic PS,1.04432e+16,2018,1,2,Road Accidents,Circle,City/Town,Residential area,Human Error,No,Simple Injury,Head on,No signal lights,Straight and flat,City or Town Road,Bitumen(Tar),Dry,No influence on accident,Clear,NAEA NANDINI LAYOUT,NEAR HOUSE,8,13.04549,77.322204
Bengaluru City,Rajajinagar Traffic PS,1.04432e+16,2018,1,1,Road Accidents,Cross roads,City/Town,Open area,Human Error,No,Simple Injury,Hit pedestrian,No signal lights,Straight and flat,City or Town Road,Bitumen(Tar),Dry,Not Applicable,Clear,NEAR NANDINI LAYOUT,KEB POLL A,28,13.1868,77.323334
Bengaluru City,Rajajinagar Traffic PS,1.04432e+16,2018,1,1,Road Accidents,Circle,City/Town,Open area,Human Error,Yes,Simple Injury,Hit animal,No signal lights,Straight and flat,City or Town Road,Bitumen(Tar),Dry,Not Applicable,Clear,J C NAGARA,NEAR TREE,5,0.13000349,0.77320994
Bengaluru City,Rajajinagar Traffic PS,1.04432e+16,2018,1,2,Road Accidents,Cross roads,City/Town,Open area,Human Error,No,Simple Injury,Head on,No signal lights,Straight and flat,City or Town Road,Bitumen(Tar),Dry,Not Applicable,Clear,LAGGERE RING RD,NEAR KEB POLL,11,13.02714,77.313672
Bengaluru City,Rajajinagar Traffic PS,1.04432e+16,2018,1,1,Road Accidents,T Junction,City/Town,Open area,Human Error,No,Grievous Injury,Hit pedestrian,No signal lights,Straight and flat,City or Town Road,Bitumen(Tar),Dry,No influence on accident,Clear,41 TH CROSS RJN,NEAR TREE,59,12.591524,77.331242
Bengaluru City,Rajajinagar Traffic PS,1.04432e+16,2018,1,1,Road Accidents,Circle,City/Town,Open area,Human Error,No,Simple Injury,Hit pedestrian,No signal lights,Straight and flat,City or Town Road,Bitumen(Tar),Dry,Not Applicable,Clear,J C NAGARA,NEAR TREE,30,13.01597,77.32013
Bengaluru City,Rajajinagar Traffic PS,1.04432e+16,2018,1,2,Road Accidents,Circle,City/Town,Open area,Human Error,No,Fatal,Rear end,No signal lights,Straight and flat,City or Town Road,Bitumen(Tar),Dry,Not Applicable,Clear,KEMPEGOWDA ARCH,NEAR  KEB POLL,6,13.0014,77.5268
Bengaluru City,Rajajinagar Traffic PS,1.04432e+16,2018,1,1,Road Accidents,T Junction,City/Town,Open area,Human Error,Yes,Fatal,Hit and Run,No signal lights,Straight and flat,City or Town Road,Bitumen(Tar),Dry,Not Applicable,Clear,NEAR RING ROAD,NEAR KEB POLL,4,1.305418,7.7322211
Bengaluru City,Rajajinagar Traffic PS,1.04432e+16,2018,1,1,Road Accidents,T Junction,City/Town,Near Bus stop,Human Error,Yes,Simple Injury,Hit pedestrian,No signal lights,Straight and flat,City or Town Road,Bitumen(Tar),Dry,No influence on accident,Clear,NANDINI LAYOUT,NEAR TREE,16,1.303197,7.7322211
Bengaluru City,Rajajinagar Traffic PS,1.04432e+16,2018,1,2,Road Accidents,T Junction,City/Town,Open area,Human Error,Yes,Simple Injury,Rear end,No signal lights,Straight and flat,City or Town Road,Bitumen(Tar),Dry,Not Applicable,Clear,NEAR RING ROAD,NEAR KEB POLL,9,12.572123,77.40344
Bengaluru City,Rajajinagar Traffic PS,1.04432e+16,2018,1,2,Road Accidents,Circle,City/Town,Open area,Human Error,Yes,Simple Injury,Hit and Run,Signals (Working),Straight and flat,City or Town Road,Bitumen(Tar),Dry,No influence on accident,Clear,NEAR VATAL NAGARA RD,NAEAR KEB POLL,15,12.591173,77.331957
Bengaluru City,Rajajinagar Traffic PS,1.04432e+16,2018,1,2,Road Accidents,T Junction,City/Town,Open area,Human Error,Yes,Simple Injury,Rear end,No signal lights,Straight and flat,City or Town Road,Bitumen(Tar),Dry,No influence on accident,Clear,NEAR RING ROAD,NEAR KEB POLL,35,13.05418,77.322211
Bengaluru City,Rajajinagar Traffic PS,1.04432e+16,2018,1,3,Road Accidents,T Junction,City/Town,Open area,Human Error,Yes,Simple Injury,Rear end,No signal lights,Straight and flat,City or Town Road,Bitumen(Tar),Dry,Not Applicable,Clear,NEAR 2 TH MAIN ML PURA,NEAR SHOP,15,13.05254,77.33506
Bengaluru City,Rajajinagar Traffic PS,1.04432e+16,2018,1,2,Road Accidents,Circle,City/Town,Near Hospital,Human Error,Yes,Simple Injury,Rear end,No signal lights,Straight and flat,City or Town Road,Bitumen(Tar),Dry,Not Applicable,Clear,DR RAJ KUMAR RD,NEAR TREE,13,13.0139,77.332161
Bengaluru City,Rajajinagar Traffic PS,1.04432e+16,2018,1,2,Road Accidents,Circle,City/Town,Open area,Human Error,Yes,Fatal,Rear end,No signal lights,Straight and flat,City or Town Road,Bitumen(Tar),Dry,Engineering Defect of Road,Clear,NEAR RING ROAD,NEAR TREE,10,0.0,0.0