DISTRICTNAME,UNITNAME,Crime_No,Year,RI,Noofvehicle_involved,Accident_Classification,Accident_Spot,Accident_Location,Accident_SubLocation,Main_Cause,Hit_Run,Severity,Collision_Type,Junction_Control,Road_Character,Road_Type,Surface_Type,Surface_Condition,Road_Condition,Weather,Accident_Road,Landmark_first,Distance_LandMark_First,Latitude,Longitude
Bengaluru City,Rajajinagar Traffic PS,1.04432e+16,2022,1,2,Road Accidents,Not Applicable,City/Town,Near a factory industrial area,Human Error,No,Fatal,Vehicle to Vehicle,Uncontrolled,Straight and flat,Two way,Bitumen(Tar),Dry,No influence on accident,Clear,"Kanteerava Studio Main Road, Nandinilayout",Infront Of SLV Byatery Center,12,0.0,0.0
Bengaluru City,Rajajinagar Traffic PS,1.04432e+16,2022,1,1,Road Accidents,Not Applicable,City/Town,Near Bus stop,Human Error,No,Simple Injury,Hit pedestrian,Uncontrolled,Straight and flat,One way,Concrete,Dry,No influence on accident,Mist or Fog,Nandinilayout  Outer Ring Road,Near Laggere Bus Stop,25,0.0,0.0
Bengaluru City,Rajajinagar Traffic PS,1.04432e+16,2022,1,2,Road Accidents,Not Applicable,City/Town,Residential area,Human Error,No,Grievous Injury,Vehicle to Vehicle,Uncontrolled,Straight and flat,Residential Street,Bitumen(Tar),Dry,No influence on accident,Others,Shankar Nagara main Road,ICICI Bank Mahalakshmilayout,30,0.0,0.0
Bengaluru City,Rajajinagar Traffic PS,1.04432e+16,2022,1,2,Road Accidents,Cross roads,City/Town,Residential area,Human Error,No,Grievous Injury,Vehicle to Vehicle,Uncontrolled,Not Applicable,Two way,Bitumen(Tar),Dry,Not Applicable,Fine,42th Cross Road,HouseNo874,5KM,12.989469,77.554198
Bengaluru City,Rajajinagar Traffic PS,1.04432e+16,2022,1,1,Road Accidents,Not Applicable,City/Town,Near Bus stop,Human Error,No,Fatal,Hit pedestrian,Uncontrolled,Not Applicable,One way,Bitumen(Tar),Dry,Not Applicable,Fine,Outer ring road Nandinilayout,BHEL Bus Stop,5KM,13.1599,77.5338
Bengaluru City,Rajajinagar Traffic PS,1.04432e+16,2022,1,1,Road Accidents,Not Applicable,City/Town,Residential area,Human Error,No,Simple Injury,Hit pedestrian,Uncontrolled,Straight and flat,Two way,Bitumen(Tar),Dry,No influence on accident,Clear,"HM Nayaka Road, Jaimaruthinagara, Nandinilayout",Near Haralikatte Anjaneya Temple,4,0.0,0.0
Bengaluru City,Rajajinagar Traffic PS,1.04432e+16,2022,1,2,Road Accidents,Junction,City/Town,Near Hospital,Human Error,No,Grievous Injury,Vehicle to Vehicle,Controlled,Others,Two way,Bitumen(Tar),Dry,No influence on accident,Clear,41 st Cross Road Rajajinagara,ESI Hospital,22,0.0,0.0
Bengaluru City,Rajajinagar Traffic PS,1.04432e+16,2022,1,2,Road Accidents,Junction,City/Town,Residential area,Human Error,No,Grievous Injury,Vehicle to Vehicle,Uncontrolled,Curve,Two way,Bitumen(Tar),Dry,No influence on accident,Clear,Pipeline Road Kurubarahalli,17th Main Junction,12,0.0,0.0
Bengaluru City,Rajajinagar Traffic PS,1.04432e+16,2022,1,1,Road Accidents,Not Applicable,City/Town,Near Bus stop,Human Error,No,Grievous Injury,Hit pedestrian,Uncontrolled,Straight and flat,Others,Not Applicable,Dry,No influence on accident,Clear,Nandini Layout Outer Ring Road,Near Laggere Bridge Bus Stop,10,0.0,0.0
Bengaluru City,Rajajinagar Traffic PS,1.04432e+16,2022,1,1,Road Accidents,Junction,City/Town,Open area,Human Error,No,Simple Injury,Hit pedestrian,Uncontrolled,Curve,Two way,Bitumen(Tar),Dry,No influence on accident,Clear,"4th B Main Road, Mahalakshmilayout",Infront Of Mysuru Product Private LTD,10,0.0,0.0
Bengaluru City,Rajajinagar Traffic PS,1.04432e+16,2022,1,2,Road Accidents,Not Applicable,City/Town,Near Hospital,Human Error,No,Grievous Injury,Vehicle to Vehicle,Uncontrolled,Straight and flat,Two way,Bitumen(Tar),Dry,No influence on accident,Fine,Dr Rajkumar Road Rajajinagara,Near Honda Show Room Dr Rajkumar Road,13,12.9949,77.5548
Bengaluru City,Rajajinagar Traffic PS,1.04432e+16,2022,1,1,Road Accidents,Not Applicable,City/Town,Near Petrol Pump,Human Error,No,Fatal,Hit pedestrian,Uncontrolled,Straight and flat,One way,Concrete,Dry,No influence on accident,Fog / Mist,Nandini Layout Outer Ring Road,Near Appu Biri,40,0.0,0.0
Bengaluru City,Rajajinagar Traffic PS,1.04432e+16,2022,1,3,Road Accidents,Not Applicable,City/Town,Near Bus stop,Human Error,No,Simple Injury,Vehicle to Vehicle,Uncontrolled,Straight and flat,One way,Bitumen(Tar),Dry,No influence on accident,Clear,Outer ring road Nandinilayout,Dr Rajumar smarak,19,0.0,0.0
Bengaluru City,Rajajinagar Traffic PS,1.04432e+16,2022,1,2,Road Accidents,Curves,City/Town,Residential area,Human Error,No,Damage Only,Vehicle to Vehicle,Uncontrolled,Curve,Residential Street,Bitumen(Tar),Dry,No influence on accident,Clear,"1st Main Kempamma Layout, Lakshmidevi Nagara",CRS Industrial Enter Prisess,10,0.0,0.0
Bengaluru City,Rajajinagar Traffic PS,1.04432e+16,2022,1,1,Road Accidents,Junction,City/Town,Residential area,Human Error,No,Grievous Injury,Hit pedestrian,Uncontrolled,Curve,Two way,Bitumen(Tar),Dry,No influence on accident,Clear,"19th Main, Rajajinagara",Infront Of Basaveshwara School,4,0.0,0.0
Bengaluru City,Rajajinagar Traffic PS,1.04432e+16,2022,1,6,Road Accidents,Junction,City/Town,Near Hospital,Human Error,No,Simple Injury,Vehicle to Vehicle,Uncontrolled,Straight and flat,Two way,Bitumen(Tar),Dry,No influence on accident,Clear,2nd Block Rajajinagara,Infront Of New Sagara Hotel,15,0.0,0.0
Bengaluru City,Rajajinagar Traffic PS,1.04432e+16,2022,1,2,Road Accidents,Not Applicable,City/Town,Near Bus stop,Human Error,No,Grievous Injury,Hit pedestrian,Uncontrolled,Straight and flat,Others,Concrete,Dry,No influence on accident,Fine,Outer Ring Road  Nandinilayout,Laggere Bridge Bus Stop,20,0.0,0.0
Bengaluru City,Rajajinagar Traffic PS,1.04432e+16,2022,1,1,Road Accidents,Not Applicable,City/Town,Near Bus stop,Human Error,No,Grievous Injury,Hit pedestrian,Uncontrolled,Not Applicable,Two way,Bitumen(Tar),Dry,Not Applicable,Fine,"Nandini Layout, Ring Road",5 KM,5KM,13.0023,77.52611
Bengaluru City,Rajajinagar Traffic PS,1.04432e+16,2022,1,2,Road Accidents,Not Applicable,City/Town,Near Bus stop,Human Error,No,Damage Only,Vehicle to Vehicle,Uncontrolled,Straight and flat,One way,Concrete,Dry,No influence on accident,Fog / Mist,Nandini Layout Outer Ring Road,Near Kempegowda Arch,15,13.0148,77.5377
Bengaluru City,Rajajinagar Traffic PS,1.04432e+16,2022,1,2,Road Accidents,Not Applicable,City/Town,Near Hospital,Human Error,No,Fatal,Vehicle to Vehicle,Uncontrolled,Not Applicable,One way,Bitumen(Tar),Dry,Not Applicable,Fine,WEST OF COARD ROAD SERVICE ROAD,Near Prashanthi Ayurvedik,500M,12.9963,77.5507
Bengaluru City,Rajajinagar Traffic PS,1.04432e+16,2022,1,2,Road Accidents,Not Applicable,City/Town,Residential area,Human Error,No,Fatal,Vehicle to Vehicle,Uncontrolled,Not Applicable,One way,Bitumen(Tar),Dry,Not Applicable,Fine,DR RAJKUMAR RD,Near Block & Wite Shop,1KM,0.0,0.0
Bengaluru City,Rajajinagar Traffic PS,1.04432e+16,2022,1,1,Road Accidents,Not Applicable,City/Town,Residential area,Human Error,No,Grievous Injury,Hit pedestrian,Uncontrolled,Not Applicable,Two way,Bitumen(Tar),Dry,Not Applicable,Fine,Ring Road,Near Saibaba Tempel,5KM,0.0,0.0
Bengaluru City,Rajajinagar Traffic PS,1.04432e+16,2022,1,2,Road Accidents,Not Applicable,City/Town,Near Bus stop,Human Error,No,Damage Only,Vehicle to Vehicle,Uncontrolled,Straight and flat,Others,Concrete,Dry,No influence on accident,Fine,Outer Ring Road,Kemegowda Arch,10,0.0,0.0
Bengaluru City,Rajajinagar Traffic PS,1.04432e+16,2022,1,2,Road Accidents,Not Applicable,City/Town,Near School or College,Human Error,No,Fatal,Vehicle to Vehicle,Uncontrolled,Straight and flat,Two way,Bitumen(Tar),Dry,No influence on accident,Clear,50 Feet Road laggere,Near Gress Public School,9,13.01026,77.5254
Bengaluru City,Rajajinagar Traffic PS,1.04432e+16,2022,1,1,Road Accidents,Curves,City/Town,Residential area,Human Error,No,Fatal,Not Applicable,Uncontrolled,Curve,Residential Street,Bitumen(Tar),Dry,Engineering Defect of Road,Fine,14th Main Geleyara Balaga Main  Road,Sri Sathya Shanthi Shaneshwara Temple,17,0.0,0.0
Bengaluru City,Rajajinagar Traffic PS,1.04432e+16,2022,1,1,Road Accidents,Not Applicable,City/Town,Near Bus stop,Human Error,No,Fatal,Vehicle to Vehicle,Uncontrolled,Straight and flat,Service Road,Bitumen(Tar),Dry,Engineering Defect of Road,Clear,FTI Service Road Nandinilayout,Kanteerava Studio,8,0.0,0.0
Bengaluru City,Rajajinagar Traffic PS,1.04432e+16,2022,1,1,Road Accidents,Not Applicable,City/Town,Residential area,Human Error,No,Simple Injury,Not Applicable,Uncontrolled,Straight and flat,Two way,Bitumen(Tar),Wet,No influence on accident,Light Rain,"Saraswathipuram Main Road, Nandinilayout",Naer Ambi Cercle,15,0.0,0.0
Bengaluru City,Rajajinagar Traffic PS,1.04432e+16,2022,1,1,Road Accidents,Junction,City/Town,Residential area,Human Error,No,Fatal,Not Applicable,Uncontrolled,Curve,Residential Street,Bitumen(Tar),Dry,No influence on accident,Clear,41 st Cross Road Rajajinagara,Sumadura Hotel,12,0.0,0.0
Bengaluru City,Rajajinagar Traffic PS,1.04432e+16,2022,1,1,Road Accidents,Not Applicable,City/Town,Near Bus stop,Human Error,No,Fatal,Hit pedestrian,Uncontrolled,Straight and flat,Service Road,Bitumen(Tar),Dry,No influence on accident,Fine,Laggere Bridge Service Road,Laggere Bridge,5,0.0,0.0
Bengaluru City,Rajajinagar Traffic PS,1.04432e+16,2022,1,1,Road Accidents,Junction,City/Town,Residential area,Human Error,No,Fatal,Not Applicable,Uncontrolled,Others,Two way,Bitumen(Tar),Dry,No influence on accident,Clear,7th Cross Rajajinagara,Near Ayyappa Swamy Arch Prakash nagara,10,12.9895,77.5608
Bengaluru City,Rajajinagar Traffic PS,1.04432e+16,2022,1,1,Road Accidents,Not Applicable,City/Town,Near Bus stop,Human Error,No,Fatal,Not Applicable,Controlled,Not Applicable,Others,Concrete,Dry,Construction Work / Material,Fog / Mist,"Outer Ring Road, Nandinilayout",Near Laggere Bridge,35,13.0101,77.5274
Bengaluru City,Rajajinagar Traffic PS,1.04432e+16,2022,1,1,Road Accidents,Not Applicable,City/Town,Near Bus stop,Human Error,No,Grievous Injury,Hit bicyclist,Uncontrolled,Straight and flat,One way,Concrete,Dry,No influence on accident,Fine,Outer ring road Nandinilayout,Saraswathi Inginearing works,3,0.0,0.0
Bengaluru City,Rajajinagar Traffic PS,1.04432e+16,2022,1,2,Road Accidents,Junction,City/Town,Residential area,Human Error,No,Simple Injury,Vehicle to Vehicle,Uncontrolled,Curve,Two way,Bitumen(Tar),Dry,No influence on accident,Clear,Pipeline Road Kurubarahalli,17th Main Junction,12,0.0,0.0
Bengaluru City,Rajajinagar Traffic PS,1.04432e+16,2022,1,1,Road Accidents,Junction,City/Town,Residential area,Human Error,No,Grievous Injury,Not Applicable,Uncontrolled,Curve,Two way,Bitumen(Tar),Dry,No influence on accident,Fog / Mist,"Preethinagara,Vidhanasoudha Layout",7th Cross,5,0.0,0.0
Bengaluru City,Rajajinagar Traffic PS,1.04432e+16,2022,1,2,Road Accidents,Junction,City/Town,Residential area,Human Error,No,Simple Injury,Vehicle to Vehicle,Uncontrolled,Curve,Others,Bitumen(Tar),Dry,No influence on accident,Clear,"50th cross Road, Rajajinagara",Near Dobighat Bus Stop,20,12.9877,77.5506
Bengaluru City,Rajajinagar Traffic PS,1.04432e+16,2022,1,1,Road Accidents,Not Applicable,City/Town,Near Bus stop,Human Error,No,Simple Injury,Hit pedestrian,Uncontrolled,Straight and flat,One way,Concrete,Dry,No influence on accident,Fog / Mist,Outer Ring Road Nandinilayout,Near Bus Stop,30,0.0,0.0
Bengaluru City,Rajajinagar Traffic PS,1.04432e+16,2022,1,1,Road Accidents,Not Applicable,City/Town,Near Bus stop,Human Error,No,Grievous Injury,Hit pedestrian,Uncontrolled,Straight and flat,Not Applicable,Concrete,Dry,No influence on accident,Fine,Outer Ring Road Nandinilayout,Choudeshwari Bus Stop,4,0.0,0.0
Bengaluru City,Rajajinagar Traffic PS,1.04432e+16,2022,1,1,Road Accidents,Not Applicable,City/Town,Near Bus stop,Human Error,No,Fatal,Hit pedestrian,Uncontrolled,Straight and flat,Others,Concrete,Dry,No influence on accident,Fine,Outer ring road Nandinilayout,Near Kempegowda Arch,6,0.0,0.0
Bengaluru City,Rajajinagar Traffic PS,1.04432e+16,2022,1,1,Road Accidents,Not Applicable,City/Town,Near Bus stop,Human Error,No,Simple Injury,Hit pedestrian,Uncontrolled,Straight and flat,One way,Concrete,Dry,No influence on accident,Fog / Mist,Nandinilayout Outer Ring Road,Near BHEL Bus Stop,15,0.0,0.0
Bengaluru City,Rajajinagar Traffic PS,1.04432e+16,2022,1,2,Road Accidents,Not Applicable,City/Town,Near Bus stop,Human Error,No,Simple Injury,Vehicle to Vehicle,Uncontrolled,Straight and flat,Two way,Bitumen(Tar),Dry,No influence on accident,Fog / Mist,Vinayaka Geleyarabalaga Main Road,Near KSR Bar,20,0.0,0.0
Bengaluru City,Rajajinagar Traffic PS,1.04432e+16,2022,1,2,Road Accidents,Not Applicable,City/Town,Near Bus stop,Human Error,No,Grievous Injury,Vehicle to Vehicle,Uncontrolled,Straight and flat,One way,Concrete,Dry,No influence on accident,Very Cold,Nandinilayout Outer Ring road,Marishash Hotal,18,0.0,0.0
Bengaluru City,Rajajinagar Traffic PS,1.04432e+16,2022,1,1,Road Accidents,Curves,City/Town,Residential area,Human Error,No,Grievous Injury,Hit pedestrian,Uncontrolled,Straight and flat,Two way,Bitumen(Tar),Dry,No influence on accident,Fine,1st Main VidhanasoudaLayout,House No 46 1st Main,28,0.0,0.0
Bengaluru City,Rajajinagar Traffic PS,1.04432e+16,2022,1,1,Road Accidents,Not Applicable,City/Town,Near Bus stop,Human Error,No,Grievous Injury,Not Applicable,Stop Sign,Straight and flat,Not Applicable,Concrete,Dry,No influence on accident,Fine,Outer Ring Road Nandinilayout,Sri Sai Baba Temple,8,0.0,0.0
Bengaluru City,Rajajinagar Traffic PS,1.04432e+16,2022,1,2,Road Accidents,Junction,City/Town,Near Petrol Pump,Human Error,No,Simple Injury,Vehicle to Vehicle,Uncontrolled,Curve,Two way,Bitumen(Tar),Dry,No influence on accident,Fine,"Kanteerava Studio Road, Nandinilayout",Near Achala Ashram,32,0.0,0.0
Bengaluru City,Rajajinagar Traffic PS,1.04432e+16,2022,1,2,Road Accidents,Not Applicable,City/Town,Near Bus stop,Human Error,No,Damage Only,Vehicle to Vehicle,Uncontrolled,Curve,Two way,Bitumen(Tar),Dry,Not Applicable,Fine,"Kanteerava Studio Main Road, Nandinilayout",5KM,5KM,13.021021,77.528386
Bengaluru City,Rajajinagar Traffic PS,1.04432e+16,2022,1,1,Road Accidents,Not Applicable,City/Town,Residential area,Human Error,No,Grievous Injury,Hit pedestrian,Uncontrolled,Straight and flat,Two way,Bitumen(Tar),Dry,No influence on accident,Fine,2nd Circular Dolors Scheme Road,Nandinilayout Water Tank,18,0.0,0.0
Bengaluru City,Rajajinagar Traffic PS,1.04432e+16,2022,1,1,Road Accidents,Not Applicable,City/Town,Residential area,Human Error,No,Grievous Injury,Not Applicable,Uncontrolled,Straight and flat,Two way,Bitumen(Tar),Dry,No influence on accident,Others,Laggere main Road,New Navelti Shoping Bazar,41,0.0,0.0
Bengaluru City,Rajajinagar Traffic PS,1.04432e+16,2022,1,1,Road Accidents,Not Applicable,City/Town,Residential area,Human Error,No,Simple Injury,Hit pedestrian,Uncontrolled,Straight and flat,Two way,Bitumen(Tar),Dry,No influence on accident,Clear,saraswathipuram Main Road,Infront Of Mangaluru Candiments,4,0.0,0.0
Bengaluru City,Rajajinagar Traffic PS,1.04432e+16,2022,1,2,Road Accidents,Not Applicable,City/Town,Residential area,Human Error,No,Grievous Injury,Vehicle to Vehicle,Uncontrolled,Straight and flat,Two way,Bitumen(Tar),Dry,No influence on accident,Clear,"Quateress Road, Kulinagara, Nandinilayout",Between Bridge,3,0.0,0.0
Bengaluru City,Rajajinagar Traffic PS,1.04432e+16,2022,1,2,Road Accidents,Junction,City/Town,Residential area,Human Error,No,Simple Injury,Vehicle to Vehicle,Uncontrolled,Straight and flat,Two way,Bitumen(Tar),Dry,No influence on accident,Clear,"Rin Roada Service Road, Nandinilayout",Near CMH Bar,10,0.0,0.0
Bengaluru City,Rajajinagar Traffic PS,1.04432e+16,2022,1,2,Road Accidents,Not Applicable,City/Town,Near School or College,Human Error,No,Grievous Injury,Vehicle to Vehicle,Uncontrolled,Straight and flat,Two way,Bitumen(Tar),Dry,No influence on accident,Fine,Near Apoolo School,Near Apoolo School,15,0.0,0.0
Bengaluru City,Rajajinagar Traffic PS,1.04432e+16,2022,1,2,Road Accidents,Not Applicable,City/Town,Residential area,Human Error,No,Simple Injury,Vehicle to Vehicle,Uncontrolled,Straight and flat,Two way,Bitumen(Tar),Dry,No influence on accident,Fog / Mist,"11th B Cross Road, Mahalakshmilayout",Near Women & Children Clinic,7,13.0014,77.542
Bengaluru City,Rajajinagar Traffic PS,1.04432e+16,2022,1,2,Road Accidents,Cross roads,City/Town,Near School or College,Human Error,No,Grievous Injury,Vehicle to Vehicle,Uncontrolled,Not Applicable,Two way,Bitumen(Tar),Dry,Not Applicable,Fine,Mahalakshmilayout,Vinayakageleyar Balaga Main Road,4,13.0077,77.544
Bengaluru City,Rajajinagar Traffic PS,1.04432e+16,2022,1,2,Road Accidents,Not Applicable,City/Town,Near Petrol Pump,Human Error,No,Grievous Injury,Vehicle to Vehicle,Uncontrolled,Not Applicable,Two way,Bitumen(Tar),Dry,Not Applicable,Fine,Outr Ring Road,Ner Krishnabhavana Hotel,5KM,0.0,0.0
Bengaluru City,Rajajinagar Traffic PS,1.04432e+16,2022,1,1,Road Accidents,Junction,City/Town,Residential area,Human Error,No,Grievous Injury,Not Applicable,Controlled,Straight and flat,Not Applicable,Bitumen(Tar),Dry,No influence on accident,Clear,Dr Rajkumar Road,Navarang Bar,15,0.0,0.0
Bengaluru City,Rajajinagar Traffic PS,1.04432e+16,2022,1,5,Road Accidents,Not Applicable,City/Town,Residential area,Human Error,No,Damage Only,Vehicle to Vehicle,Uncontrolled,Straight and flat,Others,Bitumen(Tar),Dry,No influence on accident,Fog / Mist,"40th Cross Road, 2nd Block, Rajajinagara",40th Crs Road,8,0.0,0.0
Bengaluru City,Rajajinagar Traffic PS,1.04432e+16,2022,1,1,Road Accidents,Cross roads,City/Town,Residential area,Not Applicable,No,Simple Injury,Hit pedestrian,Uncontrolled,Curve,Two way,Bitumen(Tar),Dry,Not Applicable,Fine,15th Main Road,No15 J C Nagar,3KM,13.0031,77.5335
Bengaluru City,Rajajinagar Traffic PS,1.04432e+16,2022,1,1,Road Accidents,Junction,City/Town,Near Hospital,Human Error,No,Grievous Injury,Hit pedestrian,Not Applicable,Curve,Two way,Bitumen(Tar),Dry,No influence on accident,Fine,"41 st Crs, 2nd Block rajajinagara",Rajajinagara ESI Hospital,6,12.990014,77.552583
Bengaluru City,Rajajinagar Traffic PS,1.04432e+16,2022,1,2,Road Accidents,Not Applicable,City/Town,Residential area,Human Error,No,Grievous Injury,Vehicle to Vehicle,Uncontrolled,Straight and flat,Residential Street,Bitumen(Tar),Dry,No influence on accident,Fine,"1st Main ,Kempamma Layout",One Store Interior Work Shop,10,0.0,0.0
Bengaluru City,Rajajinagar Traffic PS,1.04432e+16,2022,1,2,Road Accidents,Not Applicable,City/Town,Near Bus stop,Human Error,No,Grievous Injury,Vehicle to Vehicle,Uncontrolled,Straight and flat,Others,Concrete,Dry,No influence on accident,Clear,Outer Ring Road,Bandamma Temple,11,13.05418,77.322352
Bengaluru City,Rajajinagar Traffic PS,1.04432e+16,2022,1,1,Road Accidents,Cross roads,City/Town,Near Bus stop,Human Error,Yes,Simple Injury,Vehicle to Vehicle,Uncontrolled,Curve,Two way,Bitumen(Tar),Dry,Not Applicable,Fine,2ND MAIN 13TH CRS MAHALAKSHMILAYOUY,The Best School Laggere,5KM,0.0,0.0
Bengaluru City,Rajajinagar Traffic PS,1.04432e+16,2022,1,1,Not Applicable,Curves,City/Town,Residential area,Human Error,No,Fatal,Hit pedestrian,Uncontrolled,Curve,Two way,Bitumen(Tar),Dry,No influence on accident,Clear,"5th Cross Road, Mhalakshmilayout",Mlakshmilayout,30,0.0,0.0
Bengaluru City,Rajajinagar Traffic PS,1.04432e+16,2022,1,2,Road Accidents,Not Applicable,City/Town,Near School or College,Human Error,No,Simple Injury,Vehicle to Vehicle,Uncontrolled,Straight and flat,Two way,Bitumen(Tar),Dry,No influence on accident,Clear,"59th Cross, Watal Nagaraj Road",Infront Of MEI Polytechnic,10,0.0,0.0
Bengaluru City,Rajajinagar Traffic PS,1.04432e+16,2022,1,1,Road Accidents,Not Applicable,City/Town,Residential area,Human Error,No,Fatal,Hit pedestrian,Uncontrolled,Straight and flat,Service Road,Bitumen(Tar),Dry,No influence on accident,Fog / Mist,Laggere Ring Road Srvice Road,Near Asha Bar,22,0.0,0.0
Bengaluru City,Rajajinagar Traffic PS,1.04432e+16,2022,1,2,Road Accidents,Curves,City/Town,Near Bus stop,Human Error,No,Simple Injury,Vehicle to Vehicle,Uncontrolled,Straight and flat,Others,Concrete,Dry,No influence on accident,Clear,Nandini Layout Main Road,Near Kulinagara Bridge Bus Stop,35,0.0,0.0
Bengaluru City,Rajajinagar Traffic PS,1.04432e+16,2022,1,1,Road Accidents,Not Applicable,City/Town,Residential area,Human Error,No,Fatal,Hit pedestrian,Uncontrolled,Straight and flat,Two way,Bitumen(Tar),Dry,No influence on accident,Fog / Mist,Laggere main Road Near Canara Bank,Infront Of Ayub Foot Ver,10,0.0,0.0
Bengaluru City,Rajajinagar Traffic PS,1.04432e+16,2022,1,2,Road Accidents,Curves,City/Town,Near School or College,Human Error,No,Damage Only,Vehicle to Vehicle,Uncontrolled,Curve,Two way,Concrete,Dry,Not Applicable,Fine,Vatala Nagaraja Road,Near Ramamandira Ground,1KM,12.34125,77.1254
Bengaluru City,Rajajinagar Traffic PS,1.04432e+16,2022,1,1,Road Accidents,Curves,City/Town,Near Bus stop,Human Error,No,Grievous Injury,Hit pedestrian,Uncontrolled,Curve,Service Road,Bitumen(Tar),Dry,No influence on accident,Fine,"Outer Ring Road Service Road,Nandinilayout",Near CMH Bar,20,12.998235,77.523606
Bengaluru City,Rajajinagar Traffic PS,1.04432e+16,2022,1,2,Road Accidents,Not Applicable,City/Town,Near Bus stop,Human Error,No,Damage Only,Vehicle to Vehicle,Uncontrolled,Not Applicable,Two way,Concrete,Dry,Not Applicable,Fine,Ring Road,Laggere Bridge,5KM,13.0084,77.5266
Bengaluru City,Rajajinagar Traffic PS,1.04432e+16,2023,1,1,Road Accidents,Cross roads,City/Town,Residential area,Human Error,Not Applicable,Grievous Injury,Hit pedestrian,Uncontrolled,Others,Two way,Bitumen(Tar),Dry,Not Applicable,Fine,Ravi Layout Main Road,Near Harish Driving School,3KM,13.0066,77.533
Bengaluru City,Rajajinagar Traffic PS,1.04432e+16,2023,1,2,Road Accidents,Junction,City/Town,Near Hospital,Human Error,No,Simple Injury,Vehicle to Vehicle,Signal lights Manual,Straight and flat,Two way,Bitumen(Tar),Dry,No influence on accident,Fine,Dr.Rajkumar Road,Mani Complex,10,12.42654,77.64233
Bengaluru City,Rajajinagar Traffic PS,1.04432e+16,2023,1,2,Road Accidents,Not Applicable,City/Town,Near Bus stop,Human Error,No,Fatal,Vehicle to Vehicle,Uncontrolled,Straight and flat,Others,Bitumen(Tar),Dry,No influence on accident,Fog / Mist,"Ring Road Service Road, Nandinilayout",Dr Rajumar smarak,18,13.5563,77.2154
Bengaluru City,Rajajinagar Traffic PS,1.04432e+16,2023,1,1,Road Accidents,Not Applicable,City/Town,Near Bus stop,Human Error,No,Simple Injury,Hit pedestrian,Uncontrolled,Straight and flat,One way,Concrete,Dry,No influence on accident,Clear,Nandinilayout Outer Ring Road,Near Busu Stop,10,0.0,0.0
Bengaluru City,Rajajinagar Traffic PS,1.04432e+16,2023,1,2,Road Accidents,Cross roads,City/Town,Residential area,Human Error,No,Fatal,Vehicle to Vehicle,Uncontrolled,Curve,Two way,Bitumen(Tar),Dry,No influence on accident,Fog / Mist,Geleyarabalaga Main Road,Near Geleyarabalaga Bus Stop,15,13.001518,77.315729
Bengaluru City,Rajajinagar Traffic PS,1.04432e+16,2023,1,2,Road Accidents,Not Applicable,City/Town,Residential area,Human Error,No,Simple Injury,Vehicle to Vehicle,Uncontrolled,Straight and flat,Two way,Bitumen(Tar),Dry,No influence on accident,Fog / Mist,"Marappanapalya Main Road, Mahalakshmilayout",Near Super Gas Bunk,26,13.5564,77.4578
Bengaluru City,Rajajinagar Traffic PS,1.04432e+16,2023,1,2,Road Accidents,Junction,City/Town,In bazaar,Human Error,Yes,Fatal,Vehicle to Vehicle,Uncontrolled,Straight and flat,Others,Bitumen(Tar),Dry,No influence on accident,Clear,"Ring Road Service Road, Nandinilayout",Near Kempegowda Arch,15,13.003946,77.526666
Bengaluru City,Rajajinagar Traffic PS,1.04432e+16,2023,1,1,Road Accidents,Cross roads,City/Town,In bazaar,Human Error,Not Applicable,Grievous Injury,Hit animal,Not Applicable,Not Applicable,Residential Street,Bitumen(Tar),Dry,No influence on accident,Fog / Mist,Rd Rajakumara Road,Bridz Ston Jn,Bridz,12.256987,77.236589
Bengaluru City,Rajajinagar Traffic PS,1.04432e+16,2023,1,2,Road Accidents,Bottleneck,City/Town,Near office complex,Human Error,No,Grievous Injury,Vehicle to Vehicle,Not at  Junction,Straight and flat,Two way,Bitumen(Tar),Dry,Not Applicable,Clear,DR RAJKUMAR RD,Good,2,12.023556,77.23569
Bengaluru City,Rajajinagar Traffic PS,1.04432e+16,2023,1,2,Road Accidents,Curves,City/Town,In bazaar,Human Error,No,Grievous Injury,Vehicle to Vehicle,Not at  Junction,Straight and flat,Two way,Concrete,Dry,Not Applicable,Clear,"Near,SUS auto gyareja, 1st main road, kempegowdalayout",kempegowdalayout,1,13.000327,77.52638
Bengaluru City,Rajajinagar Traffic PS,1.04432e+16,2023,1,2,Road Accidents,Not Applicable,City/Town,Residential area,Human Error,No,Grievous Injury,Vehicle to Vehicle,Uncontrolled,Not Applicable,Two way,Bitumen(Tar),Dry,Not Applicable,Fine,Dr.Rajakumar Road,Sagar Hotel,1KM,12.9981,77.553