DISTRICTNAME,UNITNAME,Crime_No,Year,RI,Noofvehicle_involved,Accident_Classification,Accident_Spot,Accident_Location,Accident_SubLocation,Main_Cause,Hit_Run,Severity,Collision_Type,Junction_Control,Road_Character,Road_Type,Surface_Type,Surface_Condition,Road_Condition,Weather,Accident_Road,Landmark_first,Distance_LandMark_First,Latitude,Longitude
Bengaluru City,Rajajinagar Traffic PS,1.04432e+16,2023,1,2,Road Accidents,Not Applicable,City/Town,Residential area,Human Error,No,Simple Injury,Vehicle to Vehicle,Uncontrolled,Straight and flat,Two way,Bitumen(Tar),Dry,No influence on accident,Clear,Laxmidevinagara Main Road Nandinilayout,Near Veena School,10,13.01861,77.52636
Bengaluru City,Rajajinagar Traffic PS,1.04432e+16,2023,1,2,Road Accidents,Cross roads,City/Town,Near Bus stop,Human Error,No,Grievous Injury,Vehicle to Vehicle,Uncontrolled,Curve,Two way,Bitumen(Tar),Dry,Not Applicable,Fine,Ring Road,5KM,1,13.457891,77.45789
Bengaluru City,Rajajinagar Traffic PS,1.04432e+16,2023,1,1,Road Accidents,Not Applicable,City/Town,Narrow bridge or culverts,Human Error,No,Grievous Injury,Hit pedestrian,Uncontrolled,Straight and flat,Others,Bitumen(Tar),Dry,No influence on accident,Clear,Outer ring road Nandinilayout,Near Laggere Bridge,15,13.006674,77.526857
Bengaluru City,Rajajinagar Traffic PS,1.04432e+16,2023,1,1,Road Accidents,Curves,City/Town,In bazaar,Human Error,No,Grievous Injury,Hit pedestrian,Not Applicable,Straight and flat,Two way,Concrete,Dry,Not Applicable,Clear,"Mahalakshmilayout, Sarawathipuram main road",Mahalakshmi hardawera shope,10ft,13.001518,77.145623
Bengaluru City,Rajajinagar Traffic PS,1.04432e+16,2023,1,1,Road Accidents,Cross roads,City/Town,Near Bus stop,Human Error,No,Grievous Injury,Hit pedestrian,Uncontrolled,Straight and flat,Residential Street,Bitumen(Tar),Dry,No influence on accident,Fine,Dr Rajkumar Road,Sagar Jus Center,12.482,12.54565,77.6545
Bengaluru City,Rajajinagar Traffic PS,1.04432e+16,2023,1,1,Road Accidents,Not Applicable,City/Town,Near Bus stop,Human Error,No,Fatal,Not Applicable,Uncontrolled,Straight and flat,Others,Concrete,Dry,No influence on accident,Clear,"Outer Ring Road, Nanadinilayout",Near Sai Baba Temple,40,13.5567,77.5488
Bengaluru City,Rajajinagar Traffic PS,1.04432e+16,2023,1,2,Road Accidents,Cross roads,City/Town,Near office complex,Human Error,No,Grievous Injury,Vehicle to Vehicle,Not at  Junction,Straight and flat,Two way,Concrete,Dry,Not Applicable,Clear,"Nagapura main road,mahalakshmi layout",Karnatak bank ATM,50 Met,13.001237,77.547636
Bengaluru City,Rajajinagar Traffic PS,1.04432e+16,2023,1,1,Road Accidents,Bottleneck,City/Town,Residential area,Human Error,No,Grievous Injury,Not Applicable,Not Applicable,Steep Incline or Climb,Two way,Concrete,Dry,Not Applicable,Clear,"10th cross,Narasimhaswamilayout",2nd Main Road,50met,13.007675,77.529327
Bengaluru City,Sadashivanagar Traffic PS,1.04432e+16,2016,1,2,Road Accidents,Narrow road,City/Town,Residential area,Human Error,No,Damage Only,Not Applicable,Not at  Junction,Not Applicable,City or Town Road,Bitumen(Tar),Dry,Not Applicable,Clear,dattareya temple road,east by vinayaka circle,50,12.595575,77.343025
Bengaluru City,Sadashivanagar Traffic PS,1.04432e+16,2016,1,2,Road Accidents,More than four arms,City/Town,Narrow bridge or culverts,Human Error,Yes,Simple Injury,Not Applicable,Not Applicable,Not Applicable,City or Town Road,Bitumen(Tar),Dry,Not Applicable,Clear,sir C V RAMAN ROAD,EAST BY SSN PS JUNCTION,50 FT,13.00505,77.33568
Bengaluru City,Sadashivanagar Traffic PS,1.04432e+16,2016,1,2,Road Accidents,Narrow road,City/Town,Open area,Human Error,No,Grievous Injury,Not Applicable,Not at  Junction,Curve,City or Town Road,Bitumen(Tar),Dry,Not Applicable,Clear,T CHOWDAIAH ROAD,EAST BY BHASYAM CIRCLE,50 FT,77.57602288,13.00778152
Bengaluru City,Sadashivanagar Traffic PS,1.04432e+16,2016,1,2,Road Accidents,Not Applicable,City/Town,Residential area,Human Error,No,Grievous Injury,Not Applicable,Not at  Junction,Curve,City or Town Road,Bitumen(Tar),Dry,Not Applicable,Clear,SADASHIVANAGAR 8TH B MAIN RMV EXTN,NORTH BY 10TH MAIN SADASHIVANAGAR,50 FT,13.003475,77.345405
Bengaluru City,Sadashivanagar Traffic PS,1.04432e+16,2016,1,1,Road Accidents,Narrow road,City/Town,Near Bus stop,Human Error,No,Simple Injury,Hit pedestrian,Not Applicable,Others,Not Applicable,Bitumen(Tar),Dry,Not Applicable,Clear,T.CHOWDAIAH ROAD,WEST BY PG HALLI BUS STOP,50,12.999728,77.583923
Bengaluru City,Sadashivanagar Traffic PS,1.04432e+16,2016,1,2,Road Accidents,Bridge,City/Town,Narrow bridge or culverts,Human Error,No,Grievous Injury,Not Applicable,Signal lights Automatic,Others,City or Town Road,Bitumen(Tar),Dry,Not Applicable,Clear,SIR C V RAMAN ROAD,WEST BY SSN JUNCTION,50 FT,13.01452,77.58397
Bengaluru City,Sadashivanagar Traffic PS,1.04432e+16,2016,1,2,Road Accidents,Narrow road,City/Town,Open area,Human Error,No,Damage Only,Not Applicable,Signal lights Blinking,Not Applicable,City or Town Road,Bitumen(Tar),Dry,Not Applicable,Clear,T CHOWDAIAH ROAD,NORTH MARUTHI CIRCLE,50,13.002273,77.344363
Bengaluru City,Sadashivanagar Traffic PS,1.04432e+16,2016,1,2,Road Accidents,Narrow road,City/Town,Open area,Human Error,No,Damage Only,Not Applicable,Not Applicable,Others,City or Town Road,Bitumen(Tar),Others,Not Applicable,Clear,sri ramanamaharshi road,SOUTH BY CAUVERY JUNCTION,50 FT,13.005188,77.350232
Bengaluru City,Sadashivanagar Traffic PS,1.04432e+16,2016,1,2,Road Accidents,Narrow road,City/Town,Near Bus stop,Human Error,Yes,Simple Injury,Hit and Run,Not at  Junction,Others,City or Town Road,Bitumen(Tar),Dry,Not Applicable,Clear,BALLARY ROAD,HQTC GATE OPPOSITE,1 KM,13.010694,77.350248
Bengaluru City,Sadashivanagar Traffic PS,1.04432e+16,2016,1,2,Road Accidents,Road hump or Rumble strips,City/Town,Near School or College,Not Applicable,Yes,Damage Only,Hit and Run,Not Applicable,Not Applicable,City or Town Road,Bitumen(Tar),Dry,Not Applicable,Clear,C.V.RAMAN ROAD,Opp Kendriya Vidyalaya,200 MT,13.014775,77.576419
Bengaluru City,Sadashivanagar Traffic PS,1.04432e+16,2016,1,2,Road Accidents,Narrow road,City/Town,Open area,Human Error,No,Damage Only,Not Applicable,Not at  Junction,Not Applicable,City or Town Road,Bitumen(Tar),Dry,Not Applicable,Clear,SRI RAMANAMAHRSHI ROAD,NORTH BY MEHKRI CIRCLE,50,13.003224,77.350267
Bengaluru City,Sadashivanagar Traffic PS,1.04432e+16,2016,1,2,Road Accidents,Curves,City/Town,Near School or College,Human Error,No,Simple Injury,Not Applicable,Not Applicable,Not Applicable,City or Town Road,Bitumen(Tar),Dry,Not Applicable,Clear,IISC NANO SIENCE ROAD,SOUTH BY NANO SIENCE DEPARTMENT,50 FT,13.011271,77.334946
Bengaluru City,Sadashivanagar Traffic PS,1.04432e+16,2016,1,2,Road Accidents,Bridge,City/Town,Narrow bridge or culverts,Human Error,Yes,Damage Only,Not Applicable,Not Applicable,Not Applicable,City or Town Road,Bitumen(Tar),Dry,Not Applicable,Clear,T.CHOWDAIAH ROAD,NORTH BY IISC,50 FT,13.00505,77.33568
Bengaluru City,Sadashivanagar Traffic PS,1.04432e+16,2016,1,1,Road Accidents,Narrow road,City/Town,At pedestrian Crossing,Not Applicable,No,Fatal,Not Applicable,Not at  Junction,Not Applicable,City or Town Road,Bitumen(Tar),Dry,Not Applicable,Clear,SIR C V RAMAN ROAD,EAST BY MEKHRI CIRCLE,50 FT,13.005279,77.342864
Bengaluru City,Sadashivanagar Traffic PS,1.04432e+16,2016,1,1,Road Accidents,Narrow road,City/Town,Near Bus stop,Human Error,Yes,Grievous Injury,Not Applicable,Signal lights Automatic,Not Applicable,City or Town Road,Bitumen(Tar),Dry,Not Applicable,Clear,T.CHOWDAIAH ROAD,NORTH BY CAUVER JUNKTION,50 FT,12.595896,77.350283
Bengaluru City,Sadashivanagar Traffic PS,1.04432e+16,2016,1,2,Road Accidents,Curves,City/Town,Near Petrol Pump,Human Error,Yes,Simple Injury,Others,No signal lights,Curve,City or Town Road,Bitumen(Tar),Dry,Not Applicable,Clear,BALLARY ROAD,EAST BY MEKHRI CIRCLE,1 KM,13.011405,77.350242
Bengaluru City,Sadashivanagar Traffic PS,1.04432e+16,2016,1,2,Road Accidents,Narrow road,City/Town,Open area,Human Error,Not Applicable,Simple Injury,Others,Not Applicable,Others,City or Town Road,Bitumen(Tar),Dry,Not Applicable,Clear,T.chowdaiah road,SANKEY ROAD,1.8KM,13.002782,77.34213
Bengaluru City,Sadashivanagar Traffic PS,1.04432e+16,2016,1,2,Rail Road Accidents,Circle,City/Town,Near Petrol Pump,Human Error,No,Simple Injury,Others,No signal lights,Curve,City or Town Road,Bitumen(Tar),Dry,Not Applicable,Clear,RAMNAMAHASHI ROAD,PLACE GROND GET NO 7,2KM,13.004224,77.584237
Bengaluru City,Sadashivanagar Traffic PS,1.04432e+16,2016,1,2,Road Accidents,Circle,City/Town,Near Bus stop,Human Error,Yes,Simple Injury,Hit and Run,No signal lights,Not Applicable,City or Town Road,Bitumen(Tar),Dry,Not Applicable,Clear,T CHOWDAIAH ROAD,MARAMA TEMPLE ROAD,1 k m,13.012144,77.569102
Bengaluru City,Sadashivanagar Traffic PS,1.04432e+16,2016,1,2,Road Accidents,Narrow road,City/Town,Near Bus stop,Human Error,Yes,Simple Injury,Others,Not Applicable,Not Applicable,City or Town Road,Bitumen(Tar),Dry,Not Applicable,Clear,BALLARY ROAD,SOUTH BY MEKHRI CIRCLE,50 FT,13.016869,77.583895
Bengaluru City,Sadashivanagar Traffic PS,1.04432e+16,2016,1,2,Road Accidents,Circle,City/Town,Open area,Human Error,No,Fatal,Others,Not at  Junction,Others,City or Town Road,Bitumen(Tar),Dry,Not Applicable,Clear,BHSHYAM CIRCLE,SANKI ROAD,2KM,13.006387,77.578746
Bengaluru City,Sadashivanagar Traffic PS,1.04432e+16,2016,1,1,Road Accidents,Narrow road,City/Town,Near Bus stop,Human Error,No,Fatal,Hit pedestrian,Not Applicable,Not Applicable,City or Town Road,Bitumen(Tar),Dry,Not Applicable,Clear,T CHOWDAIAH ROAD,WEST BY BHASYAM CIRCLE,50 FT,13.001926,77.344858
Bengaluru City,Sadashivanagar Traffic PS,1.04432e+16,2016,1,2,Road Accidents,Narrow road,City/Town,Open area,Human Error,No,Simple Injury,Others,Not Applicable,Not Applicable,City or Town Road,Bitumen(Tar),Dry,Not Applicable,Clear,sri ramana mahrshi road,south by cauvery junction,50,13.005188,77.350232
Bengaluru City,Sadashivanagar Traffic PS,1.04432e+16,2016,1,1,Road Accidents,Narrow road,City/Town,Open area,Human Error,Yes,Simple Injury,Hit and Run,Not Applicable,Others,City or Town Road,Bitumen(Tar),Dry,Not Applicable,Clear,NEW BEL ROAD NEAR GOOD FEETNESS CENTER,NEW BEL ROAD,1.5KM,13.022145,77.335083
Bengaluru City,Sadashivanagar Traffic PS,1.04432e+16,2016,1,2,Road Accidents,Circle,City/Town,Open area,Human Error,No,Simple Injury,Others,Give way sign,Curve,City or Town Road,Bitumen(Tar),Dry,Not Applicable,Clear,15TH CROSS VYALIKAVAL,2ND MAIN,3KM,13.005319,77.578465
Bengaluru City,Sadashivanagar Traffic PS,1.04432e+16,2016,1,2,Road Accidents,Narrow road,City/Town,Residential area,Human Error,No,Damage Only,Not Applicable,Not at  Junction,Not Applicable,City or Town Road,Bitumen(Tar),Dry,Not Applicable,Clear,ramanamaharshi road,north by mekhri circle,50,13.0039,77.350123
Bengaluru City,Sadashivanagar Traffic PS,1.04432e+16,2016,1,2,Road Accidents,Narrow road,City/Town,Open area,Human Error,No,Fatal,Not Applicable,Not at  Junction,Not Applicable,City or Town Road,Bitumen(Tar),Dry,Not Applicable,Clear,SIR C V RAMAN RAOD,EAST BY MEKRHI CIRCLE,50,13.005279,77.345588
Bengaluru City,Sadashivanagar Traffic PS,1.04432e+16,2016,1,2,Road Accidents,Narrow road,City/Town,Residential area,Human Error,No,Simple Injury,Not Applicable,Signal lights Automatic,Not Applicable,City or Town Road,Bitumen(Tar),Dry,Not Applicable,Clear,T CHOWDAIAH ROAD,NORTH BY MARUTHI CIRCLE,50,13.002283,77.34436
Bengaluru City,Sadashivanagar Traffic PS,1.04432e+16,2016,1,2,Road Accidents,Narrow road,City/Town,Residential area,Human Error,No,Fatal,Not Applicable,Not at  Junction,Not Applicable,City or Town Road,Bitumen(Tar),Dry,Not Applicable,Clear,swimming pool,SWIMMING POOL 7TH MAIN ROAD,50 FT,0.0,0.0
Bengaluru City,Sadashivanagar Traffic PS,1.04432e+16,2016,1,1,Road Accidents,Narrow road,City/Town,Open area,Human Error,No,Grievous Injury,Hit pedestrian,Not Applicable,Not Applicable,City or Town Road,Bitumen(Tar),Dry,Not Applicable,Clear,BALLARY ROAD,NORTH BY MEKHRI CIRCLE,50,13.005659,77.350245
Bengaluru City,Sadashivanagar Traffic PS,1.04432e+16,2016,1,2,Road Accidents,Narrow road,City/Town,Near Petrol Pump,Not Applicable,Yes,Damage Only,Hit and Run,No signal lights,Others,City or Town Road,Bitumen(Tar),Dry,Not Applicable,Clear,Sanjay Nagar Cross,Karnataka Kalyana Mantapa,1 KM,13.020329,77.584046
Bengaluru City,Sadashivanagar Traffic PS,1.04432e+16,2016,1,2,Road Accidents,Narrow road,City/Town,Near Bus stop,Human Error,Yes,Fatal,Others,Not Applicable,Not Applicable,City or Town Road,Bitumen(Tar),Dry,Not Applicable,Clear,T.CHOWDAIAH ROAD,EAST BY MEKHRI CIRCLE,50 FT,13.005299,77.342954
Bengaluru City,Sadashivanagar Traffic PS,1.04432e+16,2016,1,2,Road Accidents,Narrow road,City/Town,Near School or College,Human Error,Yes,Grievous Injury,Not Applicable,Not at  Junction,Not Applicable,City or Town Road,Bitumen(Tar),Dry,Not Applicable,Clear,GD PARK ROAD,NORTH BY GD PARK 2nd MAIN,50 FT,0.0,0.0
Bengaluru City,Sadashivanagar Traffic PS,1.04432e+16,2016,1,1,Road Accidents,Narrow road,City/Town,Near Bus stop,Human Error,Yes,Simple Injury,Hit pedestrian,Not at  Junction,Not Applicable,City or Town Road,Bitumen(Tar),Dry,Not Applicable,Clear,P G HALLI 2ND MAIN ROAD,EAST BY VINAYA CIRCLE,50 FT,0.0,0.0
Bengaluru City,Sadashivanagar Traffic PS,1.04432e+16,2016,1,1,Road Accidents,Culvert,City/Town,Open area,Human Error,Yes,Simple Injury,Hit and Run,No signal lights,Others,City or Town Road,Bitumen(Tar),Dry,Not Applicable,Clear,T CHOWDAIAH ROAD,KAVERY JANCTION,2 KM,13.005299,77.342954
Bengaluru City,Sadashivanagar Traffic PS,1.04432e+16,2016,1,2,Road Accidents,Narrow road,City/Town,Open area,Human Error,No,Simple Injury,Not Applicable,Not at  Junction,Not Applicable,City or Town Road,Bitumen(Tar),Dry,Not Applicable,Clear,ramanamaharshi road,north by mekrhi circle,50,13.0039,77.350123
Bengaluru City,Sadashivanagar Traffic PS,1.04432e+16,2016,1,2,Road Accidents,Junction,City/Town,Near Bus stop,Not Applicable,Yes,Damage Only,Hit and Run,Signal lights Automatic,Not Applicable,City or Town Road,Bitumen(Tar),Dry,Not Applicable,Clear,Mekri circle,Mekri Circle,200 KM,13.00526,77.350292
Bengaluru City,Sadashivanagar Traffic PS,1.04432e+16,2016,1,2,Road Accidents,Bridge,City/Town,Open area,Human Error,No,Damage Only,Not Applicable,Not Applicable,Not Applicable,City or Town Road,Bitumen(Tar),Dry,Not Applicable,Clear,T CHOWDAIAH ROAD,EAST BY MARAMMA CIRCLE,50 FT,13.00505,77.33568
Bengaluru City,Sadashivanagar Traffic PS,1.04432e+16,2016,1,1,Road Accidents,Narrow road,City/Town,Open area,Human Error,No,Simple Injury,Not Applicable,Not at  Junction,Not Applicable,City or Town Road,Bitumen(Tar),Dry,Not Applicable,Clear,sri ramanamaharshi road,NORTH BY CAUVERY  JUNKTION,50FT,13.001785,77.35025
Bengaluru City,Sadashivanagar Traffic PS,1.04432e+16,2016,1,1,Road Accidents,Junction,City/Town,Open area,Human Error,Not Applicable,Simple Injury,Not Applicable,Signal lights Automatic,Others,City or Town Road,Bitumen(Tar),Dry,Not Applicable,Clear,sdasshivanagara ps junction,ramanamaharshi road,0.2km,13.005279,77.342864
Bengaluru City,Sadashivanagar Traffic PS,1.04432e+16,2016,1,1,Road Accidents,Narrow road,City/Town,Open area,Human Error,Yes,Simple Injury,Hit and Run,No signal lights,Others,City or Town Road,Bitumen(Tar),Dry,Not Applicable,Clear,st main sheshadripuram,near gundappa donne biriyani hotel,2km,12.997942,77.581434
Bengaluru City,Sadashivanagar Traffic PS,1.04432e+16,2016,1,2,Road Accidents,Narrow road,City/Town,Open area,Human Error,Yes,Simple Injury,Not Applicable,Signal lights Automatic,Not Applicable,City or Town Road,Bitumen(Tar),Dry,Not Applicable,Clear,sir C V RAMAN ROAD,EAST BY MEKHRI CIRCLE,50 FT,13.005238,77.342333
Bengaluru City,Sadashivanagar Traffic PS,1.04432e+16,2016,1,2,Road Accidents,Narrow road,City/Town,Open area,Human Error,No,Damage Only,Others,Not at  Junction,Not Applicable,City or Town Road,Bitumen(Tar),Dry,Not Applicable,Clear,SRI RAMANA MAHARSHI ROAD,NORTH BY MEKHRI CIRCLE,50 FT,0.0,0.0
Bengaluru City,Sadashivanagar Traffic PS,1.04432e+16,2016,1,2,Road Accidents,Narrow road,City/Town,Residential area,Human Error,No,Damage Only,Not Applicable,Not at  Junction,Not Applicable,City or Town Road,Bitumen(Tar),Dry,Not Applicable,Clear,swimming pool,EAST BY SAI KRUPA,50 FT,0.0,0.0
Bengaluru City,Sadashivanagar Traffic PS,1.04432e+16,2016,1,2,Road Accidents,T Junction,City/Town,Residential area,Not Applicable,Yes,Simple Injury,Hit and Run,No signal lights,Not Applicable,City or Town Road,Bitumen(Tar),Dry,Not Applicable,Clear,Jivaraj Alwa Road,Gangotri Sweet Stall,50 MT,13.00335,77.34324
Bengaluru City,Sadashivanagar Traffic PS,1.04432e+16,2016,1,2,Road Accidents,Narrow road,City/Town,Narrow bridge or culverts,Human Error,No,Damage Only,Others,Not Applicable,Others,Not Applicable,Bitumen(Tar),Dry,Not Applicable,Clear,MEEKRI CRICLE NEAR SIR CV RAMAN ROAD,EAST BY SADASHIVA NAGARA PS JUNCTION,50,13.014455,77.584143
Bengaluru City,Sadashivanagar Traffic PS,1.04432e+16,2016,1,2,Road Accidents,Narrow road,City/Town,Open area,Human Error,No,Grievous Injury,Others,Not Applicable,Not Applicable,City or Town Road,Bitumen(Tar),Dry,Not Applicable,Clear,sri ramanamaharshi road,north by mekhri circle,50,13.003617,77.350147
Bengaluru City,Sadashivanagar Traffic PS,1.04432e+16,2016,1,1,Road Accidents,Cross roads,City/Town,Residential area,Human Error,Yes,Fatal,Hit and Run,Not Applicable,Others,City or Town Road,Bitumen(Tar),Dry,Not Applicable,Clear,si c v raman road,near 7th cross,1km,13.0052533,77.345721
Bengaluru City,Sadashivanagar Traffic PS,1.04432e+16,2016,1,2,Road Accidents,Narrow road,City/Town,Narrow bridge or culverts,Human Error,Yes,Damage Only,Not Applicable,Not at  Junction,Curve,City or Town Road,Bitumen(Tar),Dry,Not Applicable,Clear,sir C V RAMAN ROAD,SOUTH BY IISC,50,0.0,0.0
Bengaluru City,Sadashivanagar Traffic PS,1.04432e+16,2016,1,1,Road Accidents,Junction,City/Town,At pedestrian Crossing,Human Error,No,Grievous Injury,Not Applicable,Signal lights Blinking,Not Applicable,City or Town Road,Bitumen(Tar),Dry,Not Applicable,Clear,SIR C V RAMAN ROAD,EAST BY MEKHRI CIRCLE,50 FT,13.005279,77.342864
Bengaluru City,Sadashivanagar Traffic PS,1.04432e+16,2016,1,2,Road Accidents,Narrow road,City/Town,Residential area,Human Error,No,Simple Injury,Not Applicable,Not at  Junction,Not Applicable,City or Town Road,Bitumen(Tar),Dry,Not Applicable,Clear,sri ramanamaharshi road,north by mekhri circle,50 FT,13.001785,77.35025
Bengaluru City,Sadashivanagar Traffic PS,1.04432e+16,2016,1,2,Road Accidents,Curves,City/Town,Near Bus stop,Human Error,No,Grievous Injury,Not Applicable,Not Applicable,Not Applicable,City or Town Road,Bitumen(Tar),Dry,Not Applicable,Clear,BALLARY ROAD,SOUTH BY MEKHRI CIRCLE,50 FT,0.0,0.0
Bengaluru City,Sadashivanagar Traffic PS,1.04432e+16,2016,1,2,Road Accidents,Narrow road,City/Town,Near Bus stop,Human Error,No,Damage Only,Not Applicable,Not Applicable,Others,City or Town Road,Bitumen(Tar),Dry,Not Applicable,Clear,BALLARY ROAD,SOUTH BY MEKHRI CIRCLE,50 FT,13.010694,77.350248
Bengaluru City,Sadashivanagar Traffic PS,1.04432e+16,2016,1,2,Road Accidents,Narrow road,City/Town,Open area,Human Error,No,Grievous Injury,Not Applicable,Not Applicable,Not Applicable,City or Town Road,Bitumen(Tar),Dry,Not Applicable,Clear,sheshadripuram 1st main road,EAST BY PG HALI CIRCLE,50 FT,12.593871,77.343989
Bengaluru City,Sadashivanagar Traffic PS,1.04432e+16,2016,1,1,Not Applicable,Junction,City/Town,Near Hospital,Not Applicable,No,Not Applicable,Others,Signal lights Automatic,Not Applicable,City or Town Road,Bitumen(Tar),Dry,Not Applicable,Clear,C V Raman Road,Mekri Circle,300 Mt,13.014695,77.581264
Bengaluru City,Sadashivanagar Traffic PS,1.04432e+16,2016,1,2,Road Accidents,Narrow road,City/Town,Open area,Human Error,No,Damage Only,Not Applicable,Not Applicable,Not Applicable,City or Town Road,Bitumen(Tar),Dry,Not Applicable,Clear,T COWDAIAH ROAD,NORT BY CAUVERY JUNCTION,50,13.000544,77.350291
Bengaluru City,Sadashivanagar Traffic PS,1.04432e+16,2016,1,2,Road Accidents,Junction,City/Town,Open area,Human Error,No,Grievous Injury,Others,Signal lights Blinking,Others,City or Town Road,Bitumen(Tar),Dry,Not Applicable,Clear,sir  C V RAMAN ROAD,EAST BY CL CROSS,50 FT,13.010095,77.350171
Bengaluru City,Sadashivanagar Traffic PS,1.04432e+16,2016,1,2,Road Accidents,Narrow road,City/Town,Near Hospital,Not Applicable,Yes,Damage Only,Hit and Run,Not at  Junction,Not Applicable,City or Town Road,Bitumen(Tar),Dry,Not Applicable,Clear,T.Chowdaiah road,P G HALLI BAS STOP,1.5 KM,12.998388,77.584232
Bengaluru City,Sadashivanagar Traffic PS,1.04432e+16,2016,1,1,Road Accidents,Round about or Circle,City/Town,Open area,Human Error,Not Applicable,Damage Only,Others,Not Applicable,Curve,City or Town Road,Bitumen(Tar),Dry,Not Applicable,Clear,RAMANAMAHARSHI ROAD,WEST BY 1 KM BHASYAM CIRCLE,50,13.003275,77.38368
Bengaluru City,Sadashivanagar Traffic PS,1.04432e+16,2016,1,1,Road Accidents,Narrow road,City/Town,Residential area,Not Applicable,Yes,Simple Injury,Others,Not at  Junction,Others,City or Town Road,Bitumen(Tar),Dry,Not Applicable,Clear,TEMPLE ROAD,WEST BY BJP OFFICE,50,13.001108,77.341967
Bengaluru City,Sadashivanagar Traffic PS,1.04432e+16,2016,1,2,Road Accidents,Circle,City/Town,Near Bus stop,Human Error,No,Simple Injury,Not Applicable,No signal lights,Not Applicable,City or Town Road,Bitumen(Tar),Dry,Not Applicable,Clear,2nd main PG HALLI ROAD,EAST BY VINAYAK CIRCLE,50 FT,12.595631,77.344105
Bengaluru City,Sadashivanagar Traffic PS,1.04432e+16,2016,1,1,Road Accidents,Narrow road,City/Town,Open area,Human Error,Not Applicable,Fatal,Others,Not Applicable,Others,City or Town Road,Bitumen(Tar),Dry,Not Applicable,Clear,NEW BEL ROAD,CPRI GATE,0.8KM,13.024683,77.572069
Bengaluru City,Sadashivanagar Traffic PS,1.04432e+16,2016,1,2,Road Accidents,Narrow road,City/Town,Open area,Human Error,No,Simple Injury,Not Applicable,No signal lights,Not Applicable,City or Town Road,Bitumen(Tar),Dry,Not Applicable,Clear,T.CHOWDAIAH ROAD,EAST BY BHASYAM CIRCLE,50 FT,0.0,0.0
Bengaluru City,Sadashivanagar Traffic PS,1.04432e+16,2016,1,2,Road Accidents,Cross roads,City/Town,Open area,Human Error,Yes,Simple Injury,Others,Not Applicable,Others,City or Town Road,Bitumen(Tar),Dry,Not Applicable,Clear,NEAR SANJAYANAGARA CROSS,BALLARY ROAD,2.5 KM,13.011405,77.350242
Bengaluru City,Sadashivanagar Traffic PS,1.04432e+16,2016,1,2,Road Accidents,Narrow road,City/Town,Near Hospital,Not Applicable,Yes,Simple Injury,Hit and Run,Not at  Junction,Not Applicable,City or Town Road,Bitumen(Tar),Dry,Not Applicable,Clear,NEW BEL ROAD,Ayyappa Temple,200 mt,13.027262,77.57169
Bengaluru City,Sadashivanagar Traffic PS,1.04432e+16,2016,1,1,Road Accidents,Narrow road,City/Town,Narrow bridge or culverts,Human Error,Yes,Simple Injury,Hit and Run,Not Applicable,Others,Not Applicable,Bitumen(Tar),Dry,Not Applicable,Clear,BALLARY ROAD,SOUTH BY MEKHRI CIRCLE,50,13.020329,77.584046
Bengaluru City,Sadashivanagar Traffic PS,1.04432e+16,2016,1,2,Road Accidents,Narrow road,City/Town,Near Bus stop,Human Error,Yes,Damage Only,Others,Signal lights Automatic,Not Applicable,City or Town Road,Bitumen(Tar),Dry,Not Applicable,Clear,T. CHOWDAIAH ROAD,NORT BY CAUVERY JUNCTION,51 FT,12.9993967,77.584109
Bengaluru City,Sadashivanagar Traffic PS,1.04432e+16,2016,1,1,Road Accidents,Narrow road,City/Town,Residential area,Human Error,Yes,Simple Injury,Not Applicable,Not Applicable,Not Applicable,City or Town Road,Bitumen(Tar),Dry,Not Applicable,Clear,temple raod,east by bbmp school,10,13.0008,77.341976
Bengaluru City,Sadashivanagar Traffic PS,1.04432e+16,2016,1,1,Road Accidents,Other,City/Town,Near Bus stop,Human Error,No,Fatal,Hit pedestrian,Signal lights Blinking,Not Applicable,City or Town Road,Bitumen(Tar),Dry,Not Applicable,Clear,T.COWDAIAH ROAD,NORTH BY CAUVERY JUNCTION,50FT,12.595347,77.350316
Bengaluru City,Sadashivanagar Traffic PS,1.04432e+16,2016,1,2,Road Accidents,Narrow road,City/Town,Open area,Human Error,Yes,Damage Only,Not Applicable,Signal lights Automatic,Not Applicable,City or Town Road,Bitumen(Tar),Dry,Not Applicable,Clear,SIR C V RAMAN ROAD,EAST BY MEKHRI CIRCLE,50 FT,13.0022181,77.34411
Bengaluru City,Sadashivanagar Traffic PS,1.04432e+16,2016,1,2,Road Accidents,Narrow road,City/Town,Open area,Human Error,No,Damage Only,Not Applicable,Not Applicable,Not Applicable,City or Town Road,Bitumen(Tar),Dry,Not Applicable,Clear,sir  C V RAMAN ROAD,EAST BY MEKHRI CIRCLE,50 FT,13.005279,77.342864
Bengaluru City,Sadashivanagar Traffic PS,1.04432e+16,2016,1,2,Road Accidents,Narrow road,City/Town,Open area,Human Error,No,Damage Only,Others,Signal lights Automatic,Not Applicable,City or Town Road,Bitumen(Tar),Dry,Not Applicable,Clear,C V RAMAN ROAD,EAST BY MEHKRI CIRCLE,50,13.005316,77.34324
Bengaluru City,Sadashivanagar Traffic PS,1.04432e+16,2016,1,2,Road Accidents,Junction,City/Town,Open area,Human Error,Yes,Damage Only,Not Applicable,Signal lights Automatic,Not Applicable,City or Town Road,Bitumen(Tar),Dry,Not Applicable,Clear,T CHOWDAIAH ROAD,NORTH BY MARUTHI CIRCLE,50 MTR,13.0022181,77.344411