DISTRICTNAME,UNITNAME,Crime_No,Year,RI,Noofvehicle_involved,Accident_Classification,Accident_Spot,Accident_Location,Accident_SubLocation,Main_Cause,Hit_Run,Severity,Collision_Type,Junction_Control,Road_Character,Road_Type,Surface_Type,Surface_Condition,Road_Condition,Weather,Accident_Road,Landmark_first,Distance_LandMark_First,Latitude,Longitude
Bengaluru City,Sadashivanagar Traffic PS,1.04432e+16,2017,1,2,Road Accidents,Narrow road,City/Town,Near Hospital,Human Error,No,Grievous Injury,Others,No signal lights,Not Applicable,City or Town Road,Bitumen(Tar),Dry,Not Applicable,Clear,NEW BEL ROAD,Venu Gopal Motors Near,1 KM,13.041617,77.562341
Bengaluru City,Sadashivanagar Traffic PS,1.04432e+16,2017,1,2,Road Accidents,Junction,City/Town,Open area,Human Error,No,Damage Only,Others,Not Applicable,Others,City or Town Road,Bitumen(Tar),Dry,No influence on accident,Clear,NEAR  CAUVERY JUNCTION,BALLARY ROAD,2.5 KM,13.003558,77.584016
Bengaluru City,Sadashivanagar Traffic PS,1.04432e+16,2017,1,3,Road Accidents,Narrow road,City/Town,Open area,Human Error,No,Damage Only,Others,Not at  Junction,Not Applicable,City or Town Road,Bitumen(Tar),Dry,Not Applicable,Clear,SRI RAMNA MAHARSHI ROAD,NORTH BY MEKHRI CIRCLE,50,13.008141,77.584035
Bengaluru City,Sadashivanagar Traffic PS,1.04432e+16,2017,1,2,Road Accidents,Circle,City/Town,Near Bus stop,Human Error,Yes,Damage Only,Hit and Run,Controlled,Others,City or Town Road,Bitumen(Tar),Dry,Not Applicable,Clear,Balliari road,Mekhri circle,5 mtrs,13.020238,77.583857
Bengaluru City,Sadashivanagar Traffic PS,1.04432e+16,2017,1,2,Road Accidents,Narrow road,City/Town,Near office complex,Human Error,Yes,Simple Injury,Hit and Run,Not at  Junction,Others,City or Town Road,Bitumen(Tar),Dry,Not Applicable,Clear,NEAR 6 WHEELS MOTORS,NEW BEL ROAD,1.5 KM,13.040845,77.562896
Bengaluru City,Sadashivanagar Traffic PS,1.04432e+16,2017,1,2,Road Accidents,Narrow road,City/Town,Open area,Human Error,Not Applicable,Simple Injury,Others,Not at  Junction,Others,City or Town Road,Bitumen(Tar),Dry,Not Applicable,Clear,3rd main sadashivanagara,opp mint masala hotel,1km,13.006911,77.57871
Bengaluru City,Sadashivanagar Traffic PS,1.04432e+16,2017,1,2,Road Accidents,Not Applicable,City/Town,Open area,Human Error,Not Applicable,Damage Only,Others,Not Applicable,Others,City or Town Road,Bitumen(Tar),Dry,Not Applicable,Clear,BALLARY ROAD,SHEL PETROL BUNK,2KM,13.021138,77.584235
Bengaluru City,Sadashivanagar Traffic PS,1.04432e+16,2017,1,2,Road Accidents,Curves,City/Town,Narrow bridge or culverts,Human Error,No,Simple Injury,Not Applicable,Not at  Junction,Curve,City or Town Road,Bitumen(Tar),Dry,Not Applicable,Clear,Ballary road,Sanjayanagara U turn,2km,13.022728,77.584599
Bengaluru City,Sadashivanagar Traffic PS,1.04432e+16,2017,1,2,Road Accidents,Narrow road,City/Town,Open area,Human Error,Not Applicable,Damage Only,Others,Not at  Junction,Not Applicable,City or Town Road,Bitumen(Tar),Dry,Not Applicable,Clear,VYALIKAVAL MAIN ROAD,NEAR DATTATREYA TEMPEL ROAD,2KM,12.998924,77.574295
Bengaluru City,Sadashivanagar Traffic PS,1.04432e+16,2017,1,3,Road Accidents,Narrow road,City/Town,Near Bus stop,Human Error,Yes,Simple Injury,Others,Not Applicable,Others,City or Town Road,Bitumen(Tar),Dry,Not Applicable,Clear,T CHOWDAIAH ROAD,NEAR P G HALLI BUS STOP,2KM,12.999644,77.584241
Bengaluru City,Sadashivanagar Traffic PS,1.04432e+16,2017,1,1,Road Accidents,Junction,City/Town,Near Bus stop,Human Error,Yes,Simple Injury,Hit and Run,Police / Manual,Others,City or Town Road,Bitumen(Tar),Dry,Not Applicable,Clear,tT CHOWDAIAH ROAD,P G HALLI BUS STOP,2KM,12.999792,77.583904
Bengaluru City,Sadashivanagar Traffic PS,1.04432e+16,2017,1,2,Road Accidents,Circle,City/Town,Near Bus stop,Vehicle Defect,No,Grievous Injury,Others,Controlled,Others,City or Town Road,Not Applicable,Dry,Not Applicable,Fine,Ballari Road,Mekhri Circle,2 meet,13.014363,77.583985
Bengaluru City,Sadashivanagar Traffic PS,1.04432e+16,2017,1,2,Road Accidents,Narrow road,City/Town,Residential area,Not Applicable,Yes,Simple Injury,Hit and Run,Not at  Junction,Others,City or Town Road,Bitumen(Tar),Dry,Not Applicable,Clear,Tempel street malleshwaram,BJP Office,1 k m,13.002821,77.572232
Bengaluru City,Sadashivanagar Traffic PS,1.04432e+16,2017,1,1,Road Accidents,Bridge,City/Town,Narrow bridge or culverts,Human Error,No,Damage Only,Others,Not Applicable,Others,City or Town Road,Bitumen(Tar),Dry,Not Applicable,Clear,ballary road,mekhri under bridge,1.5km,13.014658,77.583917
Bengaluru City,Sadashivanagar Traffic PS,1.04432e+16,2017,1,2,Road Accidents,Narrow road,City/Town,Open area,Human Error,No,Damage Only,Not Applicable,Not Applicable,Not Applicable,City or Town Road,Bitumen(Tar),Dry,Not Applicable,Clear,OPP INDIRA CANTEEN,NEW BEL ROAD,2KM,13.039636,77.563922
Bengaluru City,Sadashivanagar Traffic PS,1.04432e+16,2017,1,1,Road Accidents,Narrow road,City/Town,Residential area,Human Error,Yes,Grievous Injury,Hit pedestrian,Signal lights Automatic,Others,City or Town Road,Bitumen(Tar),Dry,Not Applicable,Clear,MSR ROAD,NEAR GANESHA TEMPEL,1.5KM,13.032781,77.566349
Bengaluru City,Sadashivanagar Traffic PS,1.04432e+16,2017,1,2,Road Accidents,Cross roads,City/Town,Open area,Human Error,Not Applicable,Damage Only,Others,Not at  Junction,Curve and Incline,City or Town Road,Bitumen(Tar),Dry,Not Applicable,Clear,Ballary Road,Sanjayanagara u turn,2km,13.020348,77.584024
Bengaluru City,Sadashivanagar Traffic PS,1.04432e+16,2018,1,3,Road Accidents,Narrow road,City/Town,Open area,Human Error,Not Applicable,Damage Only,Others,Not at  Junction,Others,City or Town Road,Bitumen(Tar),Dry,Not Applicable,Clear,T CHOWDAIH ROAD,INDIAN WOOD SCIENCE,1KM,13.010909,77.569972
Bengaluru City,Sadashivanagar Traffic PS,1.04432e+16,2018,1,2,Road Accidents,Other,City/Town,Residential area,Human Error,Yes,Simple Injury,Hit and Run,Not at  Junction,Not Applicable,City or Town Road,Bitumen(Tar),Dry,Not Applicable,Clear,15 Th Cross Malleshswaram,Near KaduMalleshwara Tempel,2km,13.005232,77.571188
Bengaluru City,Sadashivanagar Traffic PS,1.04432e+16,2018,1,2,Road Accidents,Narrow road,City/Town,Residential area,Human Error,Not Applicable,Simple Injury,Others,Not at  Junction,Others,City or Town Road,Bitumen(Tar),Dry,Not Applicable,Clear,M S RAMAIAH HOSPITAL AREA,NEAR PARKING YARD,1KM,13.02819,77.569825
Bengaluru City,Sadashivanagar Traffic PS,1.04432e+16,2018,1,2,Road Accidents,Narrow road,City/Town,Near Hospital,Human Error,Not Applicable,Simple Injury,Right Turn Collision,Not at  Junction,Not Applicable,City or Town Road,Bitumen(Tar),Dry,Not Applicable,Clear,NEW BEL ROAD,NEAR MSR JUNCTION,1.5 KM,13.017502,77.573233
Bengaluru City,Sadashivanagar Traffic PS,1.04432e+16,2018,1,2,Road Accidents,Narrow road,City/Town,Open area,Human Error,Not Applicable,Damage Only,Rear end,Not Applicable,Others,City or Town Road,Bitumen(Tar),Dry,Not Applicable,Clear,T CHOWDAIAH ROAD,NEAR BDA DOWN RAMP,2KM,12.998611,77.584191
Bengaluru City,Sadashivanagar Traffic PS,1.04432e+16,2018,1,2,Road Accidents,Other,City/Town,Residential area,Human Error,Not Applicable,Damage Only,Side swipe,Not Applicable,Others,City or Town Road,Bitumen(Tar),Dry,Not Applicable,Clear,9th main sadashivanagara,9th main,1km,13.010236,77.580465
Bengaluru City,Sadashivanagar Traffic PS,1.04432e+16,2018,1,2,Road Accidents,Narrow road,City/Town,Open area,Human Error,Not Applicable,Simple Injury,Others,Not Applicable,Others,City or Town Road,Bitumen(Tar),Dry,Not Applicable,Clear,BALLARY ROAD,Near mekhri circle under pass,1km,13.014609,77.583947
Bengaluru City,Sadashivanagar Traffic PS,1.04432e+16,2018,1,2,Road Accidents,Junction,City/Town,Open area,Human Error,Yes,Simple Injury,Hit and Run,Signal lights Automatic,Others,City or Town Road,Bitumen(Tar),Dry,Not Applicable,Clear,C V RAMAN ROAD,NEAR MEKHRI CIRCLE,1KM,13.014561,77.583878
Bengaluru City,Sadashivanagar Traffic PS,1.04432e+16,2018,1,3,Road Accidents,Narrow road,City/Town,Open area,Human Error,Not Applicable,Damage Only,Others,Not Applicable,Others,City or Town Road,Bitumen(Tar),Dry,Not Applicable,Clear,JEEVRAJ ALVA ROAD,NEAR SANKY GATE,1KM,13.009537,77.575544
Bengaluru City,Sadashivanagar Traffic PS,1.04432e+16,2018,1,2,Road Accidents,Narrow road,City/Town,Near Bus stop,Human Error,Not Applicable,Damage Only,Others,Give way sign,Not Applicable,City or Town Road,Bitumen(Tar),Dry,Not Applicable,Clear,Ballary road,Near Palace Ground Bus Stop Tripuravasini Gate,2km,13.012162,77.584131
Bengaluru City,Sadashivanagar Traffic PS,1.04432e+16,2018,1,2,Road Accidents,Narrow road,City/Town,Open area,Human Error,Not Applicable,Simple Injury,Others,Not at  Junction,Others,City or Town Road,Bitumen(Tar),Dry,Not Applicable,Clear,NEW BEL ROAD,NEAR CPRI BUS STOP,1KM,13.022088,77.572198
Bengaluru City,Sadashivanagar Traffic PS,1.04432e+16,2018,1,2,Road Accidents,Narrow road,City/Town,Open area,Human Error,Yes,Simple Injury,Hit and Run,Not Applicable,Not Applicable,City or Town Road,Bitumen(Tar),Dry,Not Applicable,Clear,9TH MAIN SADASHIVANAGARA,Near ICICI Bank,1km,13.010245,77.58055
Bengaluru City,Sadashivanagar Traffic PS,1.04432e+16,2018,1,2,Road Accidents,Narrow road,City/Town,Open area,Human Error,Yes,Simple Injury,Hit and Run,Not at  Junction,Others,City or Town Road,Bitumen(Tar),Dry,Not Applicable,Clear,BALLARY ROAD,NEAR HMT BHAVAN,2KM,13.020059,77.584028
Bengaluru City,Sadashivanagar Traffic PS,1.04432e+16,2018,1,2,Road Accidents,Other,City/Town,Open area,Human Error,Not Applicable,Simple Injury,Others,Signal lights Automatic,Others,City or Town Road,Bitumen(Tar),Dry,Not Applicable,Clear,BALLARY ROAD,NEAR MEKHRI CIRCLE,1.5km,13.01448,77.583858
Bengaluru City,Sadashivanagar Traffic PS,1.04432e+16,2018,1,2,Road Accidents,Narrow road,City/Town,Open area,Human Error,Not Applicable,Simple Injury,Others,Not at  Junction,Others,City or Town Road,Bitumen(Tar),Dry,Not Applicable,Not Applicable,BALLARY ROAD,NEAR HQTC GATE,1.5KM,13.016707,77.583932
Bengaluru City,Sadashivanagar Traffic PS,1.04432e+16,2018,1,1,Road Accidents,Circle,City/Town,Open area,Human Error,Not Applicable,Fatal,Head on,Signal lights Automatic,Not Applicable,City or Town Road,Bitumen(Tar),Dry,Not Applicable,Clear,T CHOWDAIH ROAD,BASHYAM CIRCLE,1.5KM,13.006373,77.578704
Bengaluru City,Sadashivanagar Traffic PS,1.04432e+16,2018,1,1,Road Accidents,Junction,City/Town,Near Hospital,Human Error,Not Applicable,Simple Injury,Hit pedestrian,Signal lights Automatic,Others,City or Town Road,Bitumen(Tar),Dry,Not Applicable,Clear,NEW BEL ROAD,NEAR M S RAMAIAH JUNCTION,1.5KM,13.028464,77.571255
Bengaluru City,Sadashivanagar Traffic PS,1.04432e+16,2018,1,2,Road Accidents,Narrow road,City/Town,Residential area,Human Error,Not Applicable,Simple Injury,Not Applicable,Not Applicable,Curve,City or Town Road,Bitumen(Tar),Dry,Not Applicable,Clear,NEW BEL ROAD,NEAR INDIRA CANTEEEN,2KM,13.039411,77.564121
Bengaluru City,Sadashivanagar Traffic PS,1.04432e+16,2018,1,1,Road Accidents,Bridge,City/Town,Near a factory industrial area,Human Error,Not Applicable,Simple Injury,Hit pedestrian,Not at  Junction,Others,City or Town Road,Bitumen(Tar),Dry,Not Applicable,Clear,T CHOWDAIAH ROAD,NEAR BHEL UNDER PASS,1KM,13.014194,77.56552
Bengaluru City,Sadashivanagar Traffic PS,1.04432e+16,2018,1,1,Not Applicable,Narrow road,City/Town,Open area,Human Error,Not Applicable,Fatal,Not Applicable,Not at  Junction,Not Applicable,City or Town Road,Bitumen(Tar),Dry,Not Applicable,Clear,RAMANAMAHARSHI ROAD,Near Gayathrivihar gate,2KM,13.012187,77.584131
Bengaluru City,Sadashivanagar Traffic PS,1.04432e+16,2018,1,1,Road Accidents,Narrow road,City/Town,Open area,Human Error,Not Applicable,Simple Injury,Hit pedestrian,Not Applicable,Not Applicable,City or Town Road,Bitumen(Tar),Dry,Not Applicable,Clear,T CHOWDAIH ROAD,NEAR CET CELL,1km,13.010976,77.570026
Bengaluru City,Sadashivanagar Traffic PS,1.04432e+16,2018,1,1,Road Accidents,Narrow road,City/Town,Open area,Human Error,Yes,Fatal,Hit and Run,Not at  Junction,Others,City or Town Road,Bitumen(Tar),Dry,Not Applicable,Clear,T CHOWDAIAH ROAD,NEAR P G HALLI,2KM,12.999583,77.58423
Bengaluru City,Sadashivanagar Traffic PS,1.04432e+16,2018,1,1,Road Accidents,Narrow road,City/Town,Open area,Human Error,Not Applicable,Simple Injury,Others,Not Applicable,Others,City or Town Road,Bitumen(Tar),Dry,Not Applicable,Clear,T CHOWDAIAH ROAD,NEAR COFI DAY HOTEL,1.5KM,13.005091,77.580923
Bengaluru City,Sadashivanagar Traffic PS,1.04432e+16,2018,1,1,Road Accidents,Narrow road,City/Town,Open area,Human Error,Not Applicable,Simple Injury,Others,Not at  Junction,Not Applicable,City or Town Road,Bitumen(Tar),Dry,Not Applicable,Clear,NEW BEL ROAD,Jaladarshini lay out,1km,13.030464,77.569142
Bengaluru City,Sadashivanagar Traffic PS,1.04432e+16,2018,1,2,Road Accidents,Narrow road,City/Town,Open area,Human Error,Not Applicable,Fatal,Not Applicable,Not at  Junction,Others,City or Town Road,Bitumen(Tar),Dry,Not Applicable,Clear,T CHOWDAIAH ROAD,NEAR HDFC BANK,1.5KM,13.004237,77.5824
Bengaluru City,Sadashivanagar Traffic PS,1.04432e+16,2018,1,2,Road Accidents,Other,City/Town,Residential area,Human Error,Yes,Simple Injury,Hit and Run,Not Applicable,Others,City or Town Road,Bitumen(Tar),Dry,Not Applicable,Clear,9th cross sadashivanagara,5Th Main sadashivanagara,1km,13.008205,77.577837
Bengaluru City,Sadashivanagar Traffic PS,1.04432e+16,2018,1,2,Road Accidents,Narrow road,City/Town,Open area,Human Error,Yes,Simple Injury,Hit and Run,Not at  Junction,Others,City or Town Road,Bitumen(Tar),Dry,Not Applicable,Clear,SIR C V RAMAN ROAD,NEAR TATA INSTITUTE GATE,1KM,13.014217,77.567792
Bengaluru City,Sadashivanagar Traffic PS,1.04432e+16,2018,1,3,Road Accidents,Other,City/Town,Residential area,Human Error,Yes,Damage Only,Hit and Run,Not at  Junction,Others,City or Town Road,Bitumen(Tar),Dry,Not Applicable,Clear,Sadashivanagara,Near swimming pool,1km,13.007387,77.578298
Bengaluru City,Sadashivanagar Traffic PS,1.04432e+16,2018,1,2,Road Accidents,Other,City/Town,Open area,Human Error,Yes,Simple Injury,Hit and Run,Not Applicable,Others,City or Town Road,Bitumen(Tar),Dry,Not Applicable,Clear,T CHOWDAIAH ROAD,NEAR SANKY AGTE,1.5KM,13.00846,77.57167
Bengaluru City,Sadashivanagar Traffic PS,1.04432e+16,2018,1,1,Road Accidents,Narrow road,City/Town,Open area,Human Error,Not Applicable,Simple Injury,Not Applicable,Signal lights Automatic,Not Applicable,City or Town Road,Bitumen(Tar),Dry,Not Applicable,Clear,T CHOWDAIAH ROAD,NEAR P G HALLI BUS STOP SIGNAL,2KM,12.99967,77.58415
Bengaluru City,Sadashivanagar Traffic PS,1.04432e+16,2018,1,2,Road Accidents,Junction,City/Town,Open area,Human Error,Yes,Damage Only,Hit and Run,Signal lights Automatic,Others,City or Town Road,Bitumen(Tar),Dry,Not Applicable,Clear,NEW BEL ROAD,Near  M S Ramaiah Junction,1km,13.028367,77.57126
Bengaluru City,Sadashivanagar Traffic PS,1.04432e+16,2018,1,3,Road Accidents,Narrow road,City/Town,Near Hospital,Human Error,Not Applicable,Simple Injury,Head on,Not Applicable,Others,City or Town Road,Bitumen(Tar),Dry,Not Applicable,Clear,RAMANAMAHRASHI ROAD,NEARWELL SPRING HOSPITAL,02KM,13.008086,77.58388
Bengaluru City,Sadashivanagar Traffic PS,1.04432e+16,2018,1,1,Road Accidents,Narrow road,Not Applicable,Near Hospital,Human Error,Not Applicable,Simple Injury,Hit pedestrian,Not Applicable,Others,City or Town Road,Bitumen(Tar),Dry,Not Applicable,Clear,15th cross vyvlikaval,near Ramakrishna nursing home,2KM,13.005925,77.576786
Bengaluru City,Sadashivanagar Traffic PS,1.04432e+16,2018,1,1,Road Accidents,Bridge,City/Town,Open area,Human Error,Yes,Simple Injury,Hit and Run,Not Applicable,Not Applicable,City or Town Road,Bitumen(Tar),Dry,Not Applicable,Clear,BALLARY ROAD,DOWN RAMP MEKHRI CIRCLE,1KM,13.014271,77.583925
Bengaluru City,Sadashivanagar Traffic PS,1.04432e+16,2018,1,2,Road Accidents,Narrow road,City/Town,Open area,Human Error,Not Applicable,Simple Injury,Others,Give way sign,Others,City or Town Road,Bitumen(Tar),Dry,Not Applicable,Clear,BALLARY ROAD,NEAR HQTC BUS STOP,2KM,13.020282,77.583883
Bengaluru City,Sadashivanagar Traffic PS,1.04432e+16,2018,1,2,Road Accidents,Narrow road,City/Town,Residential area,Human Error,Yes,Simple Injury,Hit and Run,Not Applicable,Not Applicable,City or Town Road,Bitumen(Tar),Dry,Not Applicable,Clear,TEMPEL STREET MALLESHSWARAM,NEAR BJP OFFICE,2KM,13.003094,77.571981
Bengaluru City,Sadashivanagar Traffic PS,1.04432e+16,2018,1,3,Road Accidents,Narrow road,City/Town,Open area,Human Error,Yes,Simple Injury,Hit and Run,Not Applicable,Others,City or Town Road,Bitumen(Tar),Dry,Not Applicable,Clear,NEW BEL ROAD,Near Indira canteen,2km,13.041792,77.562302
Bengaluru City,Sadashivanagar Traffic PS,1.04432e+16,2018,1,2,Road Accidents,Narrow road,City/Town,Open area,Human Error,No,Simple Injury,Others,Not Applicable,Others,City or Town Road,Bitumen(Tar),Dry,Not Applicable,Clear,NEW BEL ROAD,near 6th gear Car Show Room,2km,13.040827,77.562922
Bengaluru City,Sadashivanagar Traffic PS,1.04432e+16,2018,1,1,Road Accidents,Narrow road,City/Town,Open area,Human Error,Not Applicable,Simple Injury,Hit pedestrian,Not Applicable,Not Applicable,City or Town Road,Bitumen(Tar),Dry,Not Applicable,Clear,DATTATREYA TEMPEL ROAD,NEAR RAYMOND SHOW ROOM,2KM,12.998956,77.573318
Bengaluru City,Sadashivanagar Traffic PS,1.04432e+16,2018,1,1,Road Accidents,Narrow road,City/Town,Open area,Human Error,Not Applicable,Simple Injury,Hit pedestrian,Not Applicable,Others,City or Town Road,Bitumen(Tar),Dry,Not Applicable,Clear,BALLARY ROAD,near sanjayanagara cross,2,13.022822,77.584484
Bengaluru City,Sadashivanagar Traffic PS,1.04432e+16,2018,1,1,Road Accidents,Narrow road,City/Town,Open area,Human Error,Not Applicable,Simple Injury,Others,Not Applicable,Not Applicable,City or Town Road,Bitumen(Tar),Dry,Not Applicable,Clear,NEW BEL ROAD,NEAR AYYAPPA TEMPEL,1KM,13.023511,77.572091
Bengaluru City,Sadashivanagar Traffic PS,1.04432e+16,2018,1,2,Road Accidents,Narrow road,City/Town,Near Hospital,Human Error,Yes,Fatal,Hit and Run,Not Applicable,Others,City or Town Road,Bitumen(Tar),Dry,Not Applicable,Clear,MSR NAGARA,OPPOSIT GATE NO 7 NEAR M S RAMAIAH COLLAGE,1KM,13.031265,77.568076
Bengaluru City,Sadashivanagar Traffic PS,1.04432e+16,2018,1,1,Road Accidents,Narrow road,City/Town,Open area,Human Error,Not Applicable,Simple Injury,Hit pedestrian,Not Applicable,Others,City or Town Road,Bitumen(Tar),Dry,Not Applicable,Clear,T CHOWDAIAH ROAD,NEAR NANDINI HOTEL P G HALLI,2KM,12.998434,77.584178
Bengaluru City,Sadashivanagar Traffic PS,1.04432e+16,2018,1,2,Road Accidents,Other,City/Town,Open area,Human Error,Yes,Simple Injury,Hit and Run,Signal lights Automatic,Others,City or Town Road,Bitumen(Tar),Dry,Not Applicable,Clear,BALLARY ROAD,NEAR MEKHRI CIRCLE,1.5km,13.014549,77.583994
Bengaluru City,Sadashivanagar Traffic PS,1.04432e+16,2018,1,2,Road Accidents,Narrow road,City/Town,Near Bus stop,Human Error,Not Applicable,Simple Injury,Others,Signal lights Automatic,Others,City or Town Road,Bitumen(Tar),Dry,Not Applicable,Clear,T CHOWDAIAH ROAD,NEAR P G HALLI BUS STOP SIGNAL,2km,12.998724,77.584162
Bengaluru City,Sadashivanagar Traffic PS,1.04432e+16,2018,1,1,Road Accidents,Narrow road,City/Town,Near Bus stop,Human Error,Not Applicable,Simple Injury,Not Applicable,Not at  Junction,Others,City or Town Road,Bitumen(Tar),Dry,Not Applicable,Clear,BALLARY ROAD,BMTC BUS STOP MEKHRI CIRCLE,1.5 KM,13.017168,77.584038
Bengaluru City,Sadashivanagar Traffic PS,1.04432e+16,2018,1,2,Road Accidents,Narrow road,City/Town,Open area,Human Error,Yes,Simple Injury,Hit and Run,Not Applicable,Not Applicable,City or Town Road,Bitumen(Tar),Dry,Not Applicable,Clear,PIPE LINE ROAD MSR NAGARA,NEAR GATE NO 7,1KM,13.029764,77.569811
Bengaluru City,Sadashivanagar Traffic PS,1.04432e+16,2018,1,2,Road Accidents,Junction,City/Town,Residential area,Human Error,Yes,Simple Injury,Hit and Run,Signal lights Automatic,Others,City or Town Road,Bitumen(Tar),Dry,Not Applicable,Clear,NEW BEL ROAD,Near Isro junction Signal,1.5km,13.034094,77.568538
Bengaluru City,Sadashivanagar Traffic PS,1.04432e+16,2018,1,1,Road Accidents,Narrow road,City/Town,Open area,Human Error,Not Applicable,Simple Injury,Others,Not at  Junction,Not Applicable,City or Town Road,Bitumen(Tar),Dry,Not Applicable,Clear,RAMANAMAHARSHI ROAD,NEAR TRIPURAVASINI GATE,2KM,13.010306,77.583907
Bengaluru City,Sadashivanagar Traffic PS,1.04432e+16,2018,1,2,Road Accidents,Narrow road,City/Town,Open area,Human Error,Not Applicable,Damage Only,Not Applicable,Not Applicable,Others,City or Town Road,Bitumen(Tar),Dry,Not Applicable,Clear,SRI RAMANAMAHARSHI ROAD,NEAR SHEESH MAHAL GATE,2KM,13.006332,77.583999
Bengaluru City,Sadashivanagar Traffic PS,1.04432e+16,2018,1,1,Road Accidents,Narrow road,City/Town,Open area,Human Error,Not Applicable,Simple Injury,Others,Not at  Junction,Others,City or Town Road,Bitumen(Tar),Dry,Not Applicable,Clear,DOLORS COLONY,NEAR VIJAYA FARMA NO 541,1.5KM,0.0,0.0
Bengaluru City,Sadashivanagar Traffic PS,1.04432e+16,2018,1,2,Road Accidents,Narrow road,City/Town,Residential area,Human Error,Yes,Simple Injury,Hit and Run,Not Applicable,Others,City or Town Road,Bitumen(Tar),Dry,Not Applicable,Clear,15TH MAIN JUNCTION SADASHIVANAGARA,NEAR  NIKKIES RESTORENT,1KM,13.014062,77.57376
Bengaluru City,Sadashivanagar Traffic PS,1.04432e+16,2018,1,2,Road Accidents,Narrow road,City/Town,Near office complex,Human Error,Yes,Simple Injury,Hit and Run,Not Applicable,Others,City or Town Road,Bitumen(Tar),Dry,Not Applicable,Clear,RAMANAMAHARSHI ROAD,NEAR CROMA SHOW ROOM 8TH MAIN,2KM,13.009058,77.583796
Bengaluru City,Sadashivanagar Traffic PS,1.04432e+16,2018,1,1,Road Accidents,Narrow road,City/Town,Open area,Human Error,Not Applicable,Fatal,Hit pedestrian,Not Applicable,Not Applicable,City or Town Road,Bitumen(Tar),Dry,Not Applicable,Clear,2ND MAIN VYALIKAVAL,NEAR SWAPNA BOOK HOUSE,1.5KM,13.005091,77.578543
Bengaluru City,Sadashivanagar Traffic PS,1.04432e+16,2018,1,2,Road Accidents,Junction,City/Town,Open area,Human Error,No,Damage Only,Others,Signal lights Automatic,Others,City or Town Road,Bitumen(Tar),Dry,Not Applicable,Clear,C V RAMAN ROAD,NEAR PS JUNCTION,0.2KM,13.014669,77.572821
Bengaluru City,Sadashivanagar Traffic PS,1.04432e+16,2018,1,1,Road Accidents,Narrow road,City/Town,Near Bus stop,Human Error,Not Applicable,Simple Injury,Hit pedestrian,Not Applicable,Not Applicable,City or Town Road,Bitumen(Tar),Dry,Not Applicable,Clear,RAMANAMAHARSHI ROAD,NEAR 10TH MAIN,1.5KM,13.011232,77.583743
Bengaluru City,Sadashivanagar Traffic PS,1.04432e+16,2018,1,2,Road Accidents,Narrow road,City/Town,Open area,Human Error,Not Applicable,Simple Injury,Head on,Not Applicable,Not Applicable,City or Town Road,Bitumen(Tar),Dry,Not Applicable,Clear,NEW BEL ROAD,NEAR DOMINOS PIZA CORNER,1.5KM,13.031489,77.570216
Bengaluru City,Sadashivanagar Traffic PS,1.04432e+16,2018,1,4,Road Accidents,Narrow road,City/Town,Near Bus stop,Human Error,Not Applicable,Simple Injury,Others,Police / Manual,Others,City or Town Road,Bitumen(Tar),Dry,Not Applicable,Clear,T ChowdaiahRoad,Near Cauvery Junction,2km,13.002156,77.584157
Bengaluru City,Sadashivanagar Traffic PS,1.04432e+16,2018,1,2,Road Accidents,Narrow road,City/Town,Residential area,Human Error,Not Applicable,Damage Only,Not Applicable,Not at  Junction,Others,City or Town Road,Bitumen(Tar),Dry,Not Applicable,Clear,DOLORS COLONY SANJAYANAGARA,NEAR VYSHNAVI APARTMENTS 6TH CROSS,1KM,13.026671,77.575702
Bengaluru City,Sadashivanagar Traffic PS,1.04432e+16,2018,1,1,Road Accidents,Narrow road,City/Town,Open area,Human Error,No,Simple Injury,Not Applicable,Not at  Junction,Not Applicable,City or Town Road,Bitumen(Tar),Dry,Not Applicable,Clear,SRI RAMANA MAHARSHI ROAD,OPP GATE NO 8 BANGALORE PALACE,2KM,13.00261,77.584151
Bengaluru City,Sadashivanagar Traffic PS,1.04432e+16,2018,1,2,Road Accidents,Narrow road,City/Town,Open area,Human Error,Not Applicable,Damage Only,Others,Not Applicable,Others,City or Town Road,Bitumen(Tar),Dry,Not Applicable,Clear,NEW BEL ROAD,NEAR CPRI GATE,0.5,13.024273,77.572071
Bengaluru City,Sadashivanagar Traffic PS,1.04432e+16,2018,1,2,Road Accidents,Narrow road,City/Town,Open area,Human Error,Not Applicable,Simple Injury,Not Applicable,Not at  Junction,Others,City or Town Road,Bitumen(Tar),Dry,No influence on accident,Clear,2ND MAIN VYALIKAVAL,NEAR SWAPNA BOOK HOUSE,2KM,13.005071,77.578547
Bengaluru City,Sadashivanagar Traffic PS,1.04432e+16,2018,1,2,Road Accidents,Narrow road,City/Town,Near Hospital,Human Error,Yes,Simple Injury,Hit and Run,Not at  Junction,Others,City or Town Road,Bitumen(Tar),Dry,Not Applicable,Clear,PIPE LINE ROAD M SR NAGARA,NEAR GATE NO 7 M S RAMAIAH HOSPITAL,1.5KM,13.031265,77.568076
Bengaluru City,Sadashivanagar Traffic PS,1.04432e+16,2018,1,2,Road Accidents,Cross roads,City/Town,Open area,Human Error,Not Applicable,Simple Injury,Not Applicable,Signal lights Automatic,Others,City or Town Road,Bitumen(Tar),Dry,Not Applicable,Clear,BALLARY ROAD,NEAR SIGNAL MEKHRI CIRCLE,1.5KM,13.014637,77.583809