DISTRICTNAME,UNITNAME,Crime_No,Year,RI,Noofvehicle_involved,Accident_Classification,Accident_Spot,Accident_Location,Accident_SubLocation,Main_Cause,Hit_Run,Severity,Collision_Type,Junction_Control,Road_Character,Road_Type,Surface_Type,Surface_Condition,Road_Condition,Weather,Accident_Road,Landmark_first,Distance_LandMark_First,Latitude,Longitude
Bengaluru City,Sadashivanagar Traffic PS,1.04432e+16,2021,1,2,Road Accidents,Circle,City/Town,Near a factory industrial area,Human Error,Not Applicable,Simple Injury,Vehicle to Vehicle,No signal lights,Curve,Others,Bitumen(Tar),Dry,No influence on accident,Clear,T CHOWDAIH ROAD,Near BHEL Circle,1km,0.0,0.0
Bengaluru City,Sadashivanagar Traffic PS,1.04432e+16,2021,1,2,Road Accidents,Junction,City/Town,Open area,Human Error,Not Applicable,Simple Injury,Vehicle to Vehicle,Signal lights Automatic,Others,Others,Bitumen(Tar),Dry,No influence on accident,Clear,NEW BEL ROAD,Near MSR Junction,1km,0.0,0.0
Bengaluru City,Sadashivanagar Traffic PS,1.04432e+16,2021,1,2,Road Accidents,Junction,City/Town,Near Petrol Pump,Human Error,Not Applicable,Damage Only,Vehicle to Vehicle,Signal lights Automatic,Others,Others,Bitumen(Tar),Dry,No influence on accident,Clear,T CHOWDAIH ROAD,Near Bhashyam circle,1.5km,0.0,0.0
Bengaluru City,Sadashivanagar Traffic PS,1.04432e+16,2021,1,2,Road Accidents,Narrow road,City/Town,Near a religious place,Human Error,Not Applicable,Damage Only,Vehicle to Vehicle,Not at  Junction,Not Applicable,Others,Bitumen(Tar),Dry,No influence on accident,Clear,RAMANAMAHARSHI ROAD,NEAR GATE NO 5 PALACE GROUND,2km,0.0,0.0
Bengaluru City,Sadashivanagar Traffic PS,1.04432e+16,2021,1,2,Road Accidents,Narrow road,City/Town,Residential area,Human Error,Yes,Damage Only,Vehicle to Vehicle,Not at  Junction,Not Applicable,Residential Street,Bitumen(Tar),Dry,No influence on accident,Clear,8Th Main 13th Cross,Near Star Buks Coffic Shop,1km,0.0,0.0
Bengaluru City,Sadashivanagar Traffic PS,1.04432e+16,2021,1,4,Road Accidents,Narrow road,City/Town,Near office complex,Human Error,Not Applicable,Damage Only,Vehicle to Vehicle,Not at  Junction,Not Applicable,Others,Bitumen(Tar),Dry,No influence on accident,Clear,T CHOWDAIH ROAD,Opp NTI Gate,2km,0.0,0.0
Bengaluru City,Sadashivanagar Traffic PS,1.04432e+16,2021,1,2,Road Accidents,Narrow road,City/Town,Near a recreation place/cinema,Human Error,Yes,Damage Only,Vehicle to Vehicle,Not at  Junction,Others,Others,Bitumen(Tar),Dry,No influence on accident,Clear,RAMANAMAHARSHI ROAD,Opp Gate No 8 Bangalore Palace,1.5km,0.0,0.0
Bengaluru City,Sadashivanagar Traffic PS,1.04432e+16,2021,1,2,Road Accidents,Narrow road,City/Town,Near Bus stop,Human Error,Not Applicable,Simple Injury,Vehicle to Vehicle,Signal lights Automatic,Others,Two way,Bitumen(Tar),Dry,No influence on accident,Clear,NEW BEL ROAD,near Devasandra bus stop,1.5km,0.0,0.0
Bengaluru City,Sadashivanagar Traffic PS,1.04432e+16,2021,1,2,Road Accidents,Circle,Rural Areas,Open area,Human Error,Not Applicable,Simple Injury,Vehicle to Vehicle,Police / Manual,Curve,Others,Bitumen(Tar),Dry,No influence on accident,Clear,T CHOWDAIH ROAD,Near Maramma circle,1km,0.0,0.0
Bengaluru City,Sadashivanagar Traffic PS,1.04432e+16,2021,1,3,Road Accidents,Narrow road,City/Town,Open area,Human Error,Yes,Simple Injury,Vehicle to Vehicle,No signal lights,Others,Others,Bitumen(Tar),Dry,No influence on accident,Clear,BALLARY ROAD,NEAR SANJAYANAGARA U TURN,2km,0.0,0.0
Bengaluru City,Sadashivanagar Traffic PS,1.04432e+16,2021,1,1,Road Accidents,Narrow road,City/Town,Near Bus stop,Human Error,Yes,Simple Injury,Hit pedestrian,Signal lights Automatic,Straight and flat,Others,Bitumen(Tar),Dry,No influence on accident,Clear,T CHOWDAIH ROAD,Near p g Halli bus stop,2km,0.0,0.0
Bengaluru City,Sadashivanagar Traffic PS,1.04432e+16,2021,1,1,Road Accidents,Narrow road,City/Town,Near Hospital,Human Error,Yes,Fatal,Hit bicyclist,Not at  Junction,Not Applicable,Two way,Bitumen(Tar),Dry,No influence on accident,Clear,CV Raman Road,Near 9Th cross,500mtr,0.0,0.0
Bengaluru City,Sadashivanagar Traffic PS,1.04432e+16,2021,1,2,Road Accidents,Junction,City/Town,Narrow bridge or culverts,Human Error,Yes,Simple Injury,Vehicle to Vehicle,Signal lights Automatic,Curve,Others,Bitumen(Tar),Dry,No influence on accident,Clear,T CHOWDAIH ROAD,Near Couvery Junction,2km,0.0,0.0
Bengaluru City,Sadashivanagar Traffic PS,1.04432e+16,2021,1,2,Road Accidents,Narrow road,City/Town,Near Bus stop,Human Error,Yes,Damage Only,Vehicle to Vehicle,Not at  Junction,Others,Others,Bitumen(Tar),Dry,No influence on accident,Clear,CV Raman Road,IIsc bus stop,800mtr,0.0,0.0
Bengaluru City,Sadashivanagar Traffic PS,1.04432e+16,2021,1,2,Road Accidents,Narrow road,City/Town,Near Bus stop,Human Error,Not Applicable,Damage Only,Vehicle to Vehicle,Police / Manual,Others,Others,Bitumen(Tar),Dry,No influence on accident,Clear,T CHOWDAIH ROAD,Near Couvery  junction,2km,0.0,0.0
Bengaluru City,Sadashivanagar Traffic PS,1.04432e+16,2021,1,2,Road Accidents,Junction,City/Town,Residential area,Human Error,Not Applicable,Fatal,Vehicle to Vehicle,Police / Manual,Not Applicable,Residential Street,Bitumen(Tar),Dry,Not Applicable,Clear,NEW BEL ROAD,Near Gowri Apartment,1km,0.0,0.0
Bengaluru City,Sadashivanagar Traffic PS,1.04432e+16,2021,1,2,Road Accidents,Junction,City/Town,Near Petrol Pump,Human Error,No,Damage Only,Vehicle to Vehicle,Signal lights Automatic,Others,Residential Street,Bitumen(Tar),Dry,No influence on accident,Clear,T CHOWDAIH ROAD,Near Bhashyam circle,1.5km,0.0,0.0
Bengaluru City,Sadashivanagar Traffic PS,1.04432e+16,2021,1,2,Road Accidents,Narrow road,City/Town,Near office complex,Human Error,Not Applicable,Simple Injury,Vehicle to Vehicle,Not Applicable,Others,Service Road,Bitumen(Tar),Dry,No influence on accident,Clear,CV Raman Road,Near post office,500mtr,0.0,0.0
Bengaluru City,Sadashivanagar Traffic PS,1.04432e+16,2021,1,1,Road Accidents,Narrow road,City/Town,Near office complex,Human Error,Not Applicable,Simple Injury,Hit pedestrian,Not at  Junction,Others,One way,Bitumen(Tar),Dry,Not Applicable,Clear,BALLARY ROAD,NEAR A2B HOTEL,2KM,0.0,0.0
Bengaluru City,Sadashivanagar Traffic PS,1.04432e+16,2021,1,2,Road Accidents,Narrow road,City/Town,Open area,Human Error,Not Applicable,Simple Injury,Vehicle to Vehicle,No signal lights,Others,One way,Bitumen(Tar),Dry,No influence on accident,Clear,BALLARY ROAD,Near mekhri circle under pass,1km,0.0,0.0
Bengaluru City,Sadashivanagar Traffic PS,1.04432e+16,2021,1,2,Road Accidents,Junction,Rural Areas,Near office complex,Human Error,Yes,Damage Only,Vehicle to Vehicle,Police / Manual,Others,Residential Street,Bitumen(Tar),Dry,No influence on accident,Clear,Sadashivanagara,Near MAruthi Junction,1km,0.0,0.0
Bengaluru City,Sadashivanagar Traffic PS,1.04432e+16,2021,1,6,Road Accidents,Narrow road,City/Town,Open area,Human Error,Not Applicable,Simple Injury,Vehicle to Vehicle,Not Applicable,Others,Others,Bitumen(Tar),Dry,No influence on accident,Clear,BALLARY ROAD,Near mekhri circle under pass,1km,0.0,0.0
Bengaluru City,Sadashivanagar Traffic PS,1.04432e+16,2021,1,2,Road Accidents,Circle,City/Town,Narrow bridge or culverts,Human Error,Not Applicable,Simple Injury,Vehicle to Vehicle,Not Applicable,Others,Others,Bitumen(Tar),Dry,No influence on accident,Clear,CV Raman Road,Near BHEL Circle,1Km,0.0,0.0
Bengaluru City,Sadashivanagar Traffic PS,1.04432e+16,2021,1,2,Road Accidents,Narrow road,City/Town,Near School or College,Human Error,Yes,Damage Only,Vehicle to Vehicle,Not Applicable,Others,Service Road,Bitumen(Tar),Dry,No influence on accident,Clear,BALLARY ROAD,NEAR HQTC GATE,1.5km,0.0,0.0
Bengaluru City,Sadashivanagar Traffic PS,1.04432e+16,2021,1,2,Road Accidents,Curves,City/Town,Narrow bridge or culverts,Human Error,Not Applicable,Simple Injury,Vehicle to Vehicle,Give way sign,Curve and Incline,One way,Bitumen(Tar),Dry,No influence on accident,Clear,RAMANAMAHARSHI ROAD,Near Giriyas show room,2KM,0.0,0.0
Bengaluru City,Sadashivanagar Traffic PS,1.04432e+16,2021,1,2,Road Accidents,Narrow road,City/Town,Near office complex,Human Error,Not Applicable,Damage Only,Vehicle to Vehicle,Give way sign,Others,Expressway,Bitumen(Tar),Dry,No influence on accident,Clear,NEW BEL ROAD,Near HP Petrol bunk,1.5km,0.0,0.0
Bengaluru City,Sadashivanagar Traffic PS,1.04432e+16,2021,1,2,Road Accidents,Narrow road,City/Town,Narrow bridge or culverts,Human Error,Not Applicable,Damage Only,Vehicle to Vehicle,Not at  Junction,Others,Others,Bitumen(Tar),Dry,No influence on accident,Clear,BALLARY ROAD,Near mekhri circle under pass,1.5km,0.0,0.0
Bengaluru City,Sadashivanagar Traffic PS,1.04432e+16,2021,1,2,Road Accidents,Narrow road,City/Town,Open area,Human Error,Yes,Simple Injury,Vehicle to Vehicle,Not at  Junction,Not Applicable,Others,Bitumen(Tar),Dry,No influence on accident,Clear,2nd main vyvlikaval,Opp Vyalikaval Police Station,1.5km,0.0,0.0
Bengaluru City,Sadashivanagar Traffic PS,1.04432e+16,2021,1,2,Road Accidents,Junction,City/Town,Near a recreation place/cinema,Human Error,No,Damage Only,Vehicle to Vehicle,Signal lights Automatic,Others,Others,Bitumen(Tar),Dry,No influence on accident,Clear,T CHOWDAIH ROAD,Near Couvery  junction,2km,0.0,0.0
Bengaluru City,Sadashivanagar Traffic PS,1.04432e+16,2021,1,2,Road Accidents,Narrow road,City/Town,Near office complex,Human Error,Not Applicable,Simple Injury,Vehicle to Vehicle,Not at  Junction,Not Applicable,Service Road,Bitumen(Tar),Dry,No influence on accident,Clear,BALLARY ROAD,NEAR HQTC GATE,1km,0.0,0.0
Bengaluru City,Sadashivanagar Traffic PS,1.04432e+16,2021,1,2,Road Accidents,Junction,City/Town,Near Hospital,Human Error,Yes,Damage Only,Vehicle to Vehicle,Signal lights Automatic,Incline,Others,Bitumen(Tar),Dry,No influence on accident,Clear,NEW BEL ROAD,NeAR MS RAMAIAH JUNCTION,1km,0.0,0.0
Bengaluru City,Sadashivanagar Traffic PS,1.04432e+16,2021,1,2,Road Accidents,Narrow road,City/Town,Open area,Human Error,Not Applicable,Damage Only,Vehicle to Vehicle,Not at  Junction,Not Applicable,Others,Bitumen(Tar),Dry,No influence on accident,Clear,RAMANAMAHARSHI ROAD,NEAR GATE NO 5 PALACE GROUND,1.5km,0.0,0.0
Bengaluru City,Sadashivanagar Traffic PS,1.04432e+16,2021,1,1,Road Accidents,Narrow road,City/Town,Open area,Human Error,Yes,Simple Injury,Hit pedestrian,Police / Manual,Others,Others,Bitumen(Tar),Dry,No influence on accident,Clear,BALLARY ROAD,Opp Hqtc Gate,1.5km,0.0,0.0
Bengaluru City,Sadashivanagar Traffic PS,1.04432e+16,2021,1,1,Road Accidents,Junction,City/Town,Open area,Human Error,Not Applicable,Simple Injury,Not Applicable,Signal lights Automatic,Others,One way,Bitumen(Tar),Dry,No influence on accident,Clear,CV Raman Road,Near sadashivanagara ps junction,500mtr,0.0,0.0
Bengaluru City,Sadashivanagar Traffic PS,1.04432e+16,2021,1,1,Road Accidents,Narrow road,City/Town,Open area,Human Error,Not Applicable,Damage Only,Not Applicable,No signal lights,Others,Others,Bitumen(Tar),Dry,Not Applicable,Clear,BALLARY ROAD,Near mekhri circle under pass,1.5km,0.0,0.0
Bengaluru City,Sadashivanagar Traffic PS,1.04432e+16,2021,1,2,Road Accidents,Narrow road,City/Town,Near Petrol Pump,Human Error,Yes,Simple Injury,Vehicle to Vehicle,Not at  Junction,Not Applicable,Others,Bitumen(Tar),Dry,No influence on accident,Clear,NEW BEL ROAD,Near HP Petrol bunk,1.5km,0.0,0.0
Bengaluru City,Sadashivanagar Traffic PS,1.04432e+16,2021,1,2,Road Accidents,Narrow road,City/Town,Near a religious place,Human Error,Not Applicable,Simple Injury,Vehicle to Vehicle,Not at  Junction,Others,Others,Bitumen(Tar),Dry,No influence on accident,Clear,RAMANAMAHARSHI ROAD,Opp Bangalorepalace Gate No02,1.5,0.0,0.0
Bengaluru City,Sadashivanagar Traffic PS,1.04432e+16,2021,1,1,Road Accidents,Cross roads,Rural Areas,Near Bus stop,Human Error,Yes,Simple Injury,Hit bicyclist,Signal lights Automatic,Curve,Service Road,Bitumen(Tar),Dry,No influence on accident,Clear,BALLARY ROAD,NEAR TARALABALU CROSS,1.5km,0.0,0.0
Bengaluru City,Sadashivanagar Traffic PS,1.04432e+16,2022,1,1,Road Accidents,Narrow road,Rural Areas,Near Bus stop,Human Error,Yes,Fatal,Not Applicable,Not Applicable,Others,Others,Bitumen(Tar),Dry,No influence on accident,Clear,BALLARY ROAD,NEAR TARALABALU CROSS,1.5km,0.0,0.0
Bengaluru City,Sadashivanagar Traffic PS,1.04432e+16,2022,1,2,Road Accidents,Narrow road,City/Town,Open area,Human Error,Yes,Simple Injury,Vehicle to Vehicle,Not at  Junction,Others,Others,Bitumen(Tar),Dry,No influence on accident,Clear,BALLARY ROAD,NEAR HQTC GATE,1km,0.0,0.0
Bengaluru City,Sadashivanagar Traffic PS,1.04432e+16,2022,1,2,Road Accidents,Narrow road,City/Town,Open area,Human Error,No,Grievous Injury,Vehicle to Vehicle,Controlled,Others,Two way,Bitumen(Tar),Dry,Not Applicable,Fine,vayali kawal,vayali kawal road,3 km,0.0,0.0
Bengaluru City,Sadashivanagar Traffic PS,1.04432e+16,2022,1,1,Road Accidents,Narrow road,City/Town,Near office complex,Human Error,Yes,Simple Injury,Hit bicyclist,Not at  Junction,Not Applicable,Residential Street,Bitumen(Tar),Dry,No influence on accident,Clear,IISC inside,opp Janata bazar,1.5km,0.0,0.0
Bengaluru City,Sadashivanagar Traffic PS,1.04432e+16,2022,1,2,Road Accidents,Narrow road,City/Town,Open area,Human Error,Not Applicable,Simple Injury,Vehicle to Vehicle,Not at  Junction,Others,One way,Bitumen(Tar),Dry,No influence on accident,Clear,RAMANAMAHARSHI ROAD,near gate no 5,2KM,0.0,0.0
Bengaluru City,Sadashivanagar Traffic PS,1.04432e+16,2022,1,1,Road Accidents,Junction,City/Town,Near a recreation place/cinema,Human Error,Not Applicable,Simple Injury,Hit pedestrian,Give way sign,Others,Others,Bitumen(Tar),Dry,No influence on accident,Clear,InSide Palace,Bangalore Main Palace Plus Junction,2km,0.0,0.0
Bengaluru City,Sadashivanagar Traffic PS,1.04432e+16,2022,1,2,Road Accidents,Junction,City/Town,Open area,Human Error,Yes,Simple Injury,Vehicle to Vehicle,Signal lights Automatic,Others,Others,Bitumen(Tar),Dry,No influence on accident,Clear,T CHOWDAIH ROAD,Near Bhashyam circle,1.5,0.0,0.0
Bengaluru City,Sadashivanagar Traffic PS,1.04432e+16,2022,1,2,Road Accidents,Junction,City/Town,Open area,Human Error,No,Not Applicable,Vehicle to Vehicle,Controlled,Others,Not Applicable,Bitumen(Tar),Others,Not Applicable,Clear,MEKHRI CIRCLE,KTM SHOW ROOM,1.6 KM,0.0,0.0
Bengaluru City,Sadashivanagar Traffic PS,1.04432e+16,2022,1,2,Road Accidents,Narrow road,City/Town,Near Petrol Pump,Human Error,No,Fatal,Vehicle to Vehicle,Uncontrolled,Straight and flat,Not Applicable,Bitumen(Tar),Dry,No influence on accident,Clear,Bellary Main Road,Petrol Bunk,30,0.0,0.0
Bengaluru City,Sadashivanagar Traffic PS,1.04432e+16,2022,1,2,Road Accidents,Curves,City/Town,Open area,Human Error,Yes,Damage Only,Vehicle to Vehicle,Not at  Junction,Curve,One way,Bitumen(Tar),Dry,Not Applicable,Clear,near giriyas,Near cauvery Junction,3 km,0.0,0.0
Bengaluru City,Sadashivanagar Traffic PS,1.04432e+16,2022,1,1,Road Accidents,Junction,City/Town,Open area,Human Error,Not Applicable,Simple Injury,Not Applicable,Signal lights Automatic,Curve,Others,Bitumen(Tar),Dry,No influence on accident,Clear,CV Raman Road,Near adashivanagara police station junction,200mtr,0.0,0.0
Bengaluru City,Sadashivanagar Traffic PS,1.04432e+16,2022,1,2,Road Accidents,Cross roads,City/Town,Residential area,Human Error,No,Simple Injury,Hit bicyclist,Not Applicable,Others,Others,Bitumen(Tar),Others,Not Applicable,Fine,HQTC IN SIDE,HQTC IN SIDE,2km,0.0,0.0
Bengaluru City,Sadashivanagar Traffic PS,1.04432e+16,2022,1,2,Road Accidents,Not Applicable,City/Town,Residential area,Vehicle Defect,Yes,Damage Only,Vehicle to Vehicle,Not Applicable,Others,Residential Street,Bitumen(Tar),Others,Not Applicable,Fine,IISC inside,BLOCK 3  NEAR CHILD PLAY GROUND,1,0.0,0.0
Bengaluru City,Sadashivanagar Traffic PS,1.04432e+16,2022,1,1,Road Accidents,Cross roads,City/Town,Near School or College,Human Error,Not Applicable,Simple Injury,Hit pedestrian,Not at  Junction,Curve,Residential Street,Bitumen(Tar),Dry,No influence on accident,Clear,PIPELINE ROAD,NEARCHAITHANYA SCHOOL,2KM,0.0,0.0
Bengaluru City,Sadashivanagar Traffic PS,1.04432e+16,2022,1,1,Road Accidents,Narrow road,City/Town,Residential area,Human Error,Not Applicable,Simple Injury,Hit pedestrian,Not at  Junction,Others,Residential Street,Bitumen(Tar),Dry,No influence on accident,Clear,2nd main PG halli,Near Nandini milk parlor,2km,0.0,0.0
Bengaluru City,Sadashivanagar Traffic PS,1.04432e+16,2022,1,2,Road Accidents,Narrow road,City/Town,Near Hospital,Human Error,No,Damage Only,Vehicle to Vehicle,Not Applicable,Not Applicable,Others,Bitumen(Tar),Dry,Not Applicable,Fine,main road,near ramaiaha junction,1.5 km,0.0,0.0
Bengaluru City,Sadashivanagar Traffic PS,1.04432e+16,2022,1,1,Road Accidents,Narrow road,City/Town,Residential area,Not Applicable,No,Simple Injury,Hit pedestrian,Not Applicable,Others,Service Road,Bitumen(Tar),Others,Not Applicable,Others,RAMANAMAHARSHI ROAD,NAER MEKHRICIRCLE,1.5km,0.0,0.0
Bengaluru City,Sadashivanagar Traffic PS,1.04432e+16,2022,1,2,Road Accidents,Narrow road,City/Town,Near office complex,Human Error,No,Damage Only,Vehicle to Vehicle,Not Applicable,Not Applicable,Service Road,Bitumen(Tar),Dry,No influence on accident,Clear,PG Halli,OPP Gagendra jwellrs,2km,0.0,0.0
Bengaluru City,Sadashivanagar Traffic PS,1.04432e+16,2022,1,2,Road Accidents,Curves,City/Town,Open area,Human Error,Not Applicable,Damage Only,Vehicle to Vehicle,Not at  Junction,Curve and Incline,Others,Bitumen(Tar),Dry,No influence on accident,Clear,BALLARY ROAD,Near Sanjayanagara U turn,2km,0.0,0.0
Bengaluru City,Sadashivanagar Traffic PS,1.04432e+16,2022,1,2,Road Accidents,Junction,City/Town,Near Petrol Pump,Human Error,Not Applicable,Simple Injury,Vehicle to Vehicle,Signal lights Automatic,Others,Others,Bitumen(Tar),Dry,No influence on accident,Clear,T CHOWDAIH ROAD,Near cauvery Junction,2km,0.0,0.0
Bengaluru City,Sadashivanagar Traffic PS,1.04432e+16,2022,1,1,Road Accidents,Junction,City/Town,Near Hospital,Human Error,Not Applicable,Simple Injury,Hit pedestrian,Signal lights Automatic,Others,Others,Bitumen(Tar),Dry,No influence on accident,Clear,NEW BEL Road,Near MS Ramaiah Junction,1km,0.0,0.0
Bengaluru City,Sadashivanagar Traffic PS,1.04432e+16,2022,1,1,Road Accidents,Cross roads,City/Town,Residential area,Human Error,Yes,Simple Injury,Hit pedestrian,Not at  Junction,Curve,Residential Street,Bitumen(Tar),Dry,No influence on accident,Clear,7 th cross VYVYALIKAVAL,NEAR ICICI BANK,1.5,0.0,0.0
Bengaluru City,Sadashivanagar Traffic PS,1.04432e+16,2022,1,1,Road Accidents,Narrow road,City/Town,Near Bus stop,Human Error,No,Grievous Injury,Hit pedestrian,Not Applicable,Others,Others,Bitumen(Tar),Dry,No influence on accident,Clear,RM Road,Foothpath,40,0.0,0.0
Bengaluru City,Sadashivanagar Traffic PS,1.04432e+16,2022,1,2,Road Accidents,Narrow road,City/Town,Near office complex,Human Error,Yes,Simple Injury,Vehicle to Vehicle,Not at  Junction,Others,One way,Bitumen(Tar),Dry,No influence on accident,Clear,BALLARY ROAD,Opp Hqtc Gate,1.5km,0.0,0.0
Bengaluru City,Sadashivanagar Traffic PS,1.04432e+16,2022,1,2,Road Accidents,Narrow road,City/Town,Open area,Human Error,Not Applicable,Fatal,Vehicle to Vehicle,No signal lights,Straight and flat,Others,Bitumen(Tar),Dry,No influence on accident,Clear,RAMANAMAHARSHI ROAD,Near Gate No7&8 palace,1.5km,0.0,0.0
Bengaluru City,Sadashivanagar Traffic PS,1.04432e+16,2022,1,2,Road Accidents,Narrow road,City/Town,Near office complex,Human Error,Not Applicable,Simple Injury,Vehicle to Vehicle,Not at  Junction,Others,Others,Bitumen(Tar),Dry,No influence on accident,Clear,NEW BEL ROAD,Near Tea Shop,1.5km,0.0,0.0
Bengaluru City,Sadashivanagar Traffic PS,1.04432e+16,2022,1,1,Road Accidents,Narrow road,City/Town,Open area,Human Error,Not Applicable,Simple Injury,Hit pedestrian,Not at  Junction,Others,Others,Bitumen(Tar),Dry,No influence on accident,Clear,RAMANAMAHARSHI ROAD,Near 10th main,1.5km,0.0,0.0
Bengaluru City,Sadashivanagar Traffic PS,1.04432e+16,2022,1,2,Road Accidents,Narrow road,City/Town,Near Petrol Pump,Human Error,Not Applicable,Simple Injury,Vehicle to Vehicle,No signal lights,Not Applicable,One way,Bitumen(Tar),Dry,No influence on accident,Clear,BALLARY ROAD,Near Shell petrol bunk,1.5km,0.0,0.0
Bengaluru City,Sadashivanagar Traffic PS,1.04432e+16,2022,1,2,Road Accidents,Circle,City/Town,Open area,Human Error,No,Simple Injury,Vehicle to Vehicle,No signal lights,Curve,Others,Bitumen(Tar),Dry,No influence on accident,Fine,VENKATARANGAPURA,EAST  4TH CROSS,3km,0.0,0.0
Bengaluru City,Sadashivanagar Traffic PS,1.04432e+16,2022,1,2,Road Accidents,Junction,City/Town,Open area,Not Applicable,No,Grievous Injury,Vehicle to Vehicle,Police / Manual,Others,Others,Bitumen(Tar),Dry,Not Applicable,Clear,"ISRO JUNCTION, MAIN ROAD",MAIN ROAD,1.5 KM,0.0,0.0
Bengaluru City,Sadashivanagar Traffic PS,1.04432e+16,2022,1,2,Road Accidents,Narrow road,City/Town,Near Hospital,Human Error,Not Applicable,Simple Injury,Vehicle to Vehicle,Not at  Junction,Others,Residential Street,Bitumen(Tar),Dry,No influence on accident,Clear,PIPE LINE ROAD MSR NAGARA,Opp Gate No 6 MS Ramaiah Compound,1.5km,0.0,0.0
Bengaluru City,Sadashivanagar Traffic PS,1.04432e+16,2022,1,2,Road Accidents,Junction,City/Town,Open area,Human Error,Not Applicable,Damage Only,Vehicle to Vehicle,Signal lights Automatic,Gentle Incline or Climb,Others,Concrete,Dry,Not Applicable,Clear,CV Raman Road,Near mekhri circle Signal,1km,0.0,0.0
Bengaluru City,Sadashivanagar Traffic PS,1.04432e+16,2022,1,2,Road Accidents,Narrow road,City/Town,Open area,Human Error,Not Applicable,Simple Injury,Vehicle to Vehicle,Not at  Junction,Others,Others,Bitumen(Tar),Dry,Not Applicable,Clear,Sadashivanagara,Near SBI Bank,1km,0.0,0.0
Bengaluru City,Sadashivanagar Traffic PS,1.04432e+16,2022,1,1,Road Accidents,Cross roads,City/Town,Near Petrol Pump,Not Applicable,No,Simple Injury,Hit pedestrian,Not at  Junction,Others,Two way,Bitumen(Tar),Others,Not Applicable,Clear,NEAR HP PETROL BUNK,HP PETROL BUNK,2 KM,0.0,0.0
Bengaluru City,Sadashivanagar Traffic PS,1.04432e+16,2022,1,2,Road Accidents,Narrow road,City/Town,Near Hospital,Not Applicable,No,Grievous Injury,Vehicle to Vehicle,Not at  Junction,Others,Others,Bitumen(Tar),Dry,Not Applicable,Fine,NEAR TARALA BALU CROS,TARALUBALU CROSS,2 KM,0.0,0.0
Bengaluru City,Sadashivanagar Traffic PS,1.04432e+16,2022,1,2,Road Accidents,Narrow road,City/Town,Near office complex,Human Error,Not Applicable,Damage Only,Vehicle to Vehicle,No signal lights,Not Applicable,Residential Street,Bitumen(Tar),Dry,No influence on accident,Clear,NEW BEL ROAD,OPP MECKDONALD SHOP,1.5km,0.0,0.0
Bengaluru City,Sadashivanagar Traffic PS,1.04432e+16,2022,1,2,Road Accidents,Cross roads,City/Town,Residential area,Human Error,Not Applicable,Fatal,Vehicle to Vehicle,Give way sign,Curve,One way,Bitumen(Tar),Dry,No influence on accident,Clear,12tH CROSS SADASHIVANAGARA,OPP ADITHYA APRTMENT,500mtr,0.0,0.0
Bengaluru City,Sadashivanagar Traffic PS,1.04432e+16,2022,1,2,Road Accidents,Curves,City/Town,Near a recreation place/cinema,Human Error,Not Applicable,Damage Only,Vehicle to Vehicle,Police / Manual,Curve,Others,Bitumen(Tar),Dry,No influence on accident,Clear,T Chowdaiah Road,Near Couvery elements,1.5km,0.0,0.0
Bengaluru City,Sadashivanagar Traffic PS,1.04432e+16,2022,1,1,Not Applicable,Narrow road,City/Town,Open area,Human Error,Yes,Fatal,Hit pedestrian,Not Applicable,Not Applicable,Not Applicable,Kutcha,Dry,Not Applicable,Fine,ground,near palace ground,1.5 km,0.0,0.0
Bengaluru City,Sadashivanagar Traffic PS,1.04432e+16,2022,1,2,Road Accidents,Narrow road,City/Town,Residential area,Human Error,Yes,Damage Only,Vehicle to Vehicle,Not Applicable,Not Applicable,Residential Street,Bitumen(Tar),Dry,No influence on accident,Clear,10 TH CROSS MALLESHWARAM,OPP HOUSE NO 126,2KM,0.0,0.0
Bengaluru City,Sadashivanagar Traffic PS,1.04432e+16,2022,1,2,Road Accidents,Junction,City/Town,Near Hospital,Human Error,Not Applicable,Damage Only,Vehicle to Vehicle,Signal lights Automatic,Others,Others,Bitumen(Tar),Dry,No influence on accident,Clear,NEW BEL ROAD,NEAR M S RAMAIAH JUNCTION,1km,0.0,0.0
Bengaluru City,Sadashivanagar Traffic PS,1.04432e+16,2022,1,1,Road Accidents,Circle,City/Town,Narrow bridge or culverts,Human Error,Not Applicable,Simple Injury,Not Applicable,Not at  Junction,Hump,Others,Bitumen(Tar),Dry,No influence on accident,Clear,T CHOWDAIH ROAD,Near BHEL under pass,1KM,0.0,0.0
Bengaluru City,Sadashivanagar Traffic PS,1.04432e+16,2022,1,2,Road Accidents,Junction,City/Town,Open area,Human Error,Yes,Grievous Injury,Vehicle to Vehicle,Signal lights Automatic,Curve and Incline,Others,Bitumen(Tar),Dry,No influence on accident,Clear,CV Raman Road,Near police station Junction,200mtr,0.0,0.0
Bengaluru City,Sadashivanagar Traffic PS,1.04432e+16,2022,1,1,Road Accidents,Narrow road,City/Town,Open area,Human Error,Not Applicable,Simple Injury,Hit pedestrian,Not Applicable,Others,Others,Bitumen(Tar),Dry,Not Applicable,Clear,T CHOWDAIH ROAD,Near Couvery Junction,1.5,0.0,0.0