DISTRICTNAME,UNITNAME,Crime_No,Year,RI,Noofvehicle_involved,Accident_Classification,Accident_Spot,Accident_Location,Accident_SubLocation,Main_Cause,Hit_Run,Severity,Collision_Type,Junction_Control,Road_Character,Road_Type,Surface_Type,Surface_Condition,Road_Condition,Weather,Accident_Road,Landmark_first,Distance_LandMark_First,Latitude,Longitude
Bengaluru City,Sadashivanagar Traffic PS,1.04432e+16,2022,1,3,Road Accidents,Narrow road,City/Town,Open area,Human Error,Not Applicable,Simple Injury,Vehicle to Vehicle,Not at  Junction,Not Applicable,Others,Bitumen(Tar),Dry,Not Applicable,Clear,BALLARY ROAD,Near Karnataka kalyanamantapa,1.5km,0.0,0.0
Bengaluru City,Sadashivanagar Traffic PS,1.04432e+16,2022,1,1,Road Accidents,Circle,City/Town,Near a religious place,Human Error,Not Applicable,Fatal,Not Applicable,Controlled,Curve,Others,Bitumen(Tar),Dry,No influence on accident,Clear,T Chowdaiah Road,Near Circle Maramma Tempel,1KM,0.0,0.0
Bengaluru City,Sadashivanagar Traffic PS,1.04432e+16,2022,1,2,Road Accidents,Narrow road,City/Town,Near office complex,Human Error,Yes,Simple Injury,Vehicle to Vehicle,Not at  Junction,Dip or trough,Others,Bitumen(Tar),Dry,No influence on accident,Clear,T Chowdaiah Road,Near BDA Bridge,2km,0.0,0.0
Bengaluru City,Sadashivanagar Traffic PS,1.04432e+16,2022,1,2,Road Accidents,Junction,Rural Areas,Open area,Human Error,No,Simple Injury,Vehicle to Vehicle,Signal lights Automatic,Others,Others,Bitumen(Tar),Dry,No influence on accident,Clear,T CHOWDAIH ROAD,Near Bhashyam circle,1.5,0.0,0.0
Bengaluru City,Sadashivanagar Traffic PS,1.04432e+16,2022,1,2,Road Accidents,Junction,City/Town,Residential area,Human Error,No,Simple Injury,Vehicle to Vehicle,Police / Manual,Curve and Incline,Others,Bitumen(Tar),Dry,No influence on accident,Clear,T CHOWDAIH ROAD,Near Couvery  junction,1.5km,0.0,0.0
Bengaluru City,Sadashivanagar Traffic PS,1.04432e+16,2022,1,1,Road Accidents,Junction,City/Town,Narrow bridge or culverts,Human Error,No,Fatal,Not Applicable,Controlled,Steep Incline or Climb,Service Road,Bitumen(Tar),Dry,No influence on accident,Clear,"Service Road, Bellary Main Road",Footh Path,10,0.0,0.0
Bengaluru City,Sadashivanagar Traffic PS,1.04432e+16,2022,1,1,Road Accidents,Narrow road,City/Town,Near School or College,Human Error,Yes,Simple Injury,Hit pedestrian,Not at  Junction,Others,One way,Bitumen(Tar),Dry,No influence on accident,Clear,BALLARY ROAD,Opp Hqtc Gate,1.5km,0.0,0.0
Bengaluru City,Sadashivanagar Traffic PS,1.04432e+16,2022,1,2,Road Accidents,Curves,City/Town,Near a recreation place/cinema,Human Error,Not Applicable,Damage Only,Vehicle to Vehicle,Signal lights Automatic,Curve,Others,Bitumen(Tar),Dry,Not Applicable,Clear,T CHOWDAIH ROAD,Near Couvery  junction,2km,0.0,0.0
Bengaluru City,Sadashivanagar Traffic PS,1.04432e+16,2022,1,2,Road Accidents,Narrow road,City/Town,Near office complex,Human Error,Not Applicable,Simple Injury,Vehicle to Vehicle,Not Applicable,Others,Residential Street,Bitumen(Tar),Dry,No influence on accident,Clear,VYAYALIKAVAL,NEAR SBI BANK,2KM,0.0,0.0
Bengaluru City,Sadashivanagar Traffic PS,1.04432e+16,2022,1,2,Road Accidents,Narrow road,City/Town,Near Petrol Pump,Human Error,No,Fatal,Vehicle to Vehicle,Not at  Junction,Straight and flat,Expressway,Bitumen(Tar),Dry,No influence on accident,Clear,Ballary Road,Shell Petrol Bunk,100,0.0,0.0
Bengaluru City,Sadashivanagar Traffic PS,1.04432e+16,2022,1,1,Road Accidents,Narrow road,City/Town,At pedestrian Crossing,Human Error,No,Fatal,Hit pedestrian,Controlled,Steep Incline or Climb,Others,Bitumen(Tar),Dry,No influence on accident,Clear,Bellary Road,Palace Ground,25,0.0,0.0
Bengaluru City,Sadashivanagar Traffic PS,1.04432e+16,2022,1,2,Road Accidents,Junction,City/Town,Open area,Human Error,Yes,Damage Only,Vehicle to Vehicle,Signal lights Automatic,Sharp Curve,One way,Bitumen(Tar),Dry,No influence on accident,Clear,BALLARY ROAD,Near mekhri circle,1km,0.0,0.0
Bengaluru City,Sadashivanagar Traffic PS,1.04432e+16,2022,1,2,Road Accidents,Junction,City/Town,Open area,Human Error,Not Applicable,Damage Only,Vehicle to Vehicle,Signal lights Automatic,Others,Others,Bitumen(Tar),Dry,No influence on accident,Clear,New Bel Road,Near Isro Junction,1.5KM,0.0,0.0
Bengaluru City,Sadashivanagar Traffic PS,1.04432e+16,2022,1,2,Road Accidents,Narrow road,City/Town,Residential area,Human Error,Not Applicable,Simple Injury,Vehicle to Vehicle,Give way sign,Others,Residential Street,Bitumen(Tar),Dry,No influence on accident,Clear,Sadashivanagara,Near 7Th cross 15th Main Junction,1.5 Km,0.0,0.0
Bengaluru City,Sadashivanagar Traffic PS,1.04432e+16,2022,1,3,Not Applicable,Narrow road,City/Town,Near a recreation place/cinema,Vehicle Defect,Not Applicable,Damage Only,Vehicle to Vehicle,Not Applicable,Others,Others,Bitumen(Tar),Others,Not Applicable,Fine,T CHOWDAIH ROAD,Near cauvery Junction,2km,0.0,0.0
Bengaluru City,Sadashivanagar Traffic PS,1.04432e+16,2022,1,1,Road Accidents,Cross roads,City/Town,Near Bus stop,Human Error,No,Fatal,Not Applicable,Not Applicable,Slight Curve,Others,Bitumen(Tar),Dry,No influence on accident,Clear,T Chowdaiah Road,Tree,10,0.0,0.0
Bengaluru City,Sadashivanagar Traffic PS,1.04432e+16,2022,1,1,Not Applicable,Not Applicable,City/Town,Near office complex,Human Error,No,Fatal,Not Applicable,Not Applicable,Not Applicable,Not Applicable,Kutcha,Dry,Not Applicable,Fine,Place Ground Godown,Godown Gate,10,0.0,0.0
Bengaluru City,Sadashivanagar Traffic PS,1.04432e+16,2022,1,1,Road Accidents,Narrow road,City/Town,Near Bus stop,Human Error,No,Grievous Injury,Hit pedestrian,Not Applicable,Straight and flat,Sub Arterial,Bitumen(Tar),Dry,No influence on accident,Clear,Bellary Main Ramana Maharshi Road,Bus Stop,40,0.0,0.0
Bengaluru City,Sadashivanagar Traffic PS,1.04432e+16,2022,1,1,Road Accidents,Narrow road,City/Town,Near Bus stop,Human Error,Yes,Fatal,Hit pedestrian,Controlled,Straight and flat,Arterial,Bitumen(Tar),Dry,No influence on accident,Clear,Bellary Road,NTI Gate,25,0.0,0.0
Bengaluru City,Sadashivanagar Traffic PS,1.04432e+16,2022,1,2,Road Accidents,Narrow road,City/Town,Near Bus stop,Not Applicable,No,Damage Only,Vehicle to Vehicle,Not Applicable,Others,Service Road,Bitumen(Tar),Others,Not Applicable,Others,SERVICE ROAD,NAER MEKHRICIRCLE,1.5 KM,0.0,0.0
Bengaluru City,Sadashivanagar Traffic PS,1.04432e+16,2023,1,1,Road Accidents,Narrow road,City/Town,Residential area,Human Error,No,Damage Only,Not Applicable,Not Applicable,Not Applicable,Residential Street,Bitumen(Tar),Dry,No influence on accident,Clear,Sankey Road,Sign Board,20,13.015958,77.583819
Bengaluru City,Sadashivanagar Traffic PS,1.04432e+16,2023,1,1,Road Accidents,Narrow road,City/Town,Residential area,Human Error,No,Grievous Injury,Hit pedestrian,Not Applicable,Not Applicable,Others,Bitumen(Tar),Dry,No influence on accident,Clear,Sadashivanagara,Electric Poll,30,13.004601,77.581641
Bengaluru City,Sadashivanagar Traffic PS,1.04432e+16,2023,1,2,Road Accidents,Cross roads,City/Town,Near Hospital,Human Error,No,Grievous Injury,Vehicle to Vehicle,Uncontrolled,Not Applicable,Residential Street,Bitumen(Tar),Dry,No influence on accident,Clear,"MSR Nagar, 7th Main",Temple,30,13.0325181,77.5666858
Bengaluru City,Sadashivanagar Traffic PS,1.04432e+16,2023,1,2,Road Accidents,Circle,City/Town,Near a factory industrial area,Human Error,No,Damage Only,Vehicle to Vehicle,Controlled,Curve,Not Applicable,Bitumen(Tar),Dry,No influence on accident,Clear,CV Raman Road,BHEL Gate,30,13.014066,77.565597
Bengaluru City,Sadashivanagar Traffic PS,1.04432e+16,2023,1,1,Road Accidents,Not Applicable,City/Town,Open area,Human Error,No,Damage Only,Not Applicable,Not Applicable,Others,Others,Bitumen(Tar),Dry,No influence on accident,Clear,Inside Palace Ground Road,Electric Poll,1,13.002611,77.587729
Bengaluru City,Sadashivanagar Traffic PS,1.04432e+16,2023,1,2,Road Accidents,Narrow road,City/Town,Residential area,Human Error,No,Grievous Injury,Vehicle to Vehicle,Police / Manual,Straight and flat,Others,Bitumen(Tar),Dry,No influence on accident,Clear,Sadashivanagara,Ballry road,10,13.0033,77.583821
Bengaluru City,Sadashivanagar Traffic PS,1.04432e+16,2023,1,2,Road Accidents,Narrow road,City/Town,Near Bus stop,Human Error,Yes,Grievous Injury,Vehicle to Vehicle,Not Applicable,Straight and flat,Others,Bitumen(Tar),Dry,No influence on accident,Clear,Ballary Road,HMT Bhavana,45,0.0,0.0
Bengaluru City,Sadashivanagar Traffic PS,1.04432e+16,2023,1,1,Road Accidents,Narrow road,City/Town,Near Bus stop,Human Error,Yes,Fatal,Hit pedestrian,Not Applicable,Straight and flat,State Highway,Bitumen(Tar),Dry,No influence on accident,Clear,Bellary Main Road,HMT Bhavana,40,0.0,0.0
Bengaluru City,Sadashivanagar Traffic PS,1.04432e+16,2023,1,1,Road Accidents,Narrow road,City/Town,Residential area,Human Error,No,Fatal,Hit pedestrian,Not Applicable,Straight and flat,Others,Bitumen(Tar),Dry,No influence on accident,Clear,Ballary Main Road,10,40,13.0099459,77.5838922
Bengaluru City,Sadashivanagar Traffic PS,1.04432e+16,2023,1,2,Road Accidents,Narrow road,City/Town,Residential area,Human Error,No,Grievous Injury,Vehicle to Vehicle,Not at  Junction,Straight and flat,Others,Bitumen(Tar),Dry,No influence on accident,Clear,CV Raman Road,Electric Poll,10,13.0148567,77.5758744
Bengaluru City,Sadashivanagar Traffic PS,1.04432e+16,2023,1,2,Road Accidents,Narrow road,City/Town,Near Bus stop,Human Error,No,Damage Only,Vehicle to Vehicle,Not Applicable,Straight and flat,Others,Bitumen(Tar),Dry,No influence on accident,Clear,Bellary Main Road,Hotel,30,13.020011,77.583946
Bengaluru City,Sadashivanagar Traffic PS,1.04432e+16,2023,1,2,Road Accidents,Junction,City/Town,Near School or College,Human Error,Yes,Grievous Injury,Vehicle to Vehicle,Controlled,Not Applicable,Others,Bitumen(Tar),Dry,No influence on accident,Clear,Bellary Road,HQTC Gate,40,13.016683,77.5839086
Bengaluru City,Sadashivanagar Traffic PS,1.04432e+16,2023,1,2,Road Accidents,Narrow road,City/Town,Open area,Human Error,No,Damage Only,Vehicle to Vehicle,Not Applicable,Others,One way,Bitumen(Tar),Dry,Not Applicable,Fine,CV Raman Road,1 km towards east,1 km,13.000307,77.155599
Bengaluru City,Sadashivanagar Traffic PS,1.04432e+16,2023,1,2,Road Accidents,Narrow road,City/Town,Open area,Human Error,No,Damage Only,Vehicle to Vehicle,Not at  Junction,Not Applicable,One way,Bitumen(Tar),Dry,Not Applicable,Fine,BALLARY ROAD,Ballry road,2 km,0.0,0.0
Bengaluru City,Sadashivanagar Traffic PS,1.04432e+16,2023,1,1,Road Accidents,Offset,City/Town,Narrow bridge or culverts,Human Error,No,Fatal,Not Applicable,Not Applicable,Others,Service Road,Bitumen(Tar),Dry,Not Applicable,Clear,Bellary Main Road,HQTC Compound,25,13.016117,77.583822
Bengaluru City,Sadashivanagar Traffic PS,1.04432e+16,2023,1,2,Road Accidents,Narrow road,City/Town,Near Hospital,Human Error,No,Grievous Injury,Vehicle to Vehicle,Not Applicable,Not Applicable,Residential Street,Bitumen(Tar),Dry,No influence on accident,Others,New BEL Road,Road,10,0.0,0.0
Bengaluru City,Sadashivanagar Traffic PS,1.04432e+16,2023,1,2,Road Accidents,Not Applicable,City/Town,Open area,Human Error,Not Applicable,Grievous Injury,Vehicle to Vehicle,Controlled,Not Applicable,Others,Bitumen(Tar),Dry,Not Applicable,Fine,mekri cirlce,near mekri circle,1.5 km,13.0166971,77.5839043
Bengaluru City,Sadashivanagar Traffic PS,1.04432e+16,2023,1,3,Road Accidents,Narrow road,City/Town,Near Bus stop,Human Error,No,Damage Only,Vehicle to Vehicle,Not Applicable,Straight and flat,Others,Bitumen(Tar),Dry,No influence on accident,Clear,Bellary Main Road,Ballry road,10,13.122023,77.583873
Bengaluru City,Sadashivanagar Traffic PS,1.04432e+16,2023,1,1,Not Applicable,Narrow road,City/Town,Residential area,Human Error,Yes,Grievous Injury,Hit pedestrian,Not Applicable,Not Applicable,Residential Street,Bitumen(Tar),Dry,No influence on accident,Clear,5th Main,Electric Poll,20mtrs,0.0,0.0
Bengaluru City,Sadashivanagar Traffic PS,1.04432e+16,2023,1,2,Road Accidents,Narrow road,City/Town,Near Bus stop,Human Error,Yes,Grievous Injury,Vehicle to Vehicle,Not Applicable,Straight and flat,Residential Street,Bitumen(Tar),Dry,No influence on accident,Clear,PG Halli,P G Halli Bus Stop,30,13.000971,77.583999
Bengaluru City,Sadashivanagar Traffic PS,1.04432e+16,2023,1,2,Road Accidents,Narrow road,City/Town,Near School or College,Human Error,No,Damage Only,Vehicle to Vehicle,Uncontrolled,Others,Others,Bitumen(Tar),Dry,Not Applicable,Clear,near kendriya vidyalaya,Near kendriya vidhyalaya School,0.2km,0.0,0.0
Bengaluru City,Sadashivanagar Traffic PS,1.04432e+16,2023,1,1,Road Accidents,Narrow road,City/Town,Residential area,Human Error,No,Grievous Injury,Hit pedestrian,Not Applicable,Straight and flat,Residential Street,Bitumen(Tar),Dry,No influence on accident,Clear,MSR Nagar,Electric Poll,20,13.000307,77.335071
Bengaluru City,Sadashivanagar Traffic PS,1.04432e+16,2023,1,1,Road Accidents,Narrow road,City/Town,Residential area,Human Error,No,Damage Only,Not Applicable,Not Applicable,Straight and flat,Residential Street,Bitumen(Tar),Dry,No influence on accident,Clear,Nagappa Street,Electric Poll,30,12.997503,77.34421
Bengaluru City,Sadashivanagar Traffic PS,1.04432e+16,2023,1,2,Road Accidents,Narrow road,City/Town,Near Bus stop,Human Error,No,Grievous Injury,Vehicle to Vehicle,Not Applicable,Not Applicable,One way,Bitumen(Tar),Dry,Not Applicable,Fine,NEW BEL ROAD,2 km towards north,2 KM,0.0,0.0
Bengaluru City,Sadashivanagar Traffic PS,1.04432e+16,2023,1,1,Road Accidents,Narrow road,City/Town,Residential area,Human Error,Yes,Grievous Injury,Hit pedestrian,Give way sign,Straight and flat,Others,Bitumen(Tar),Dry,No influence on accident,Clear,VYAYALIKAVAL Road,Temple,20,0.0,0.0
Bengaluru City,Sadashivanagar Traffic PS,1.04432e+16,2023,1,1,Road Accidents,Not Applicable,City/Town,Near office complex,Human Error,No,Grievous Injury,Hit bicyclist,Not Applicable,Straight and flat,Others,Bitumen(Tar),Dry,No influence on accident,Clear,"IISC Inside, Sadashivanagara",Gate No 02,40,13.018799,77.568033
Bengaluru City,Sadashivanagar Traffic PS,1.04432e+16,2023,1,2,Road Accidents,Narrow road,City/Town,Near Bus stop,Human Error,No,Grievous Injury,Vehicle to Vehicle,Not Applicable,Straight and flat,Others,Bitumen(Tar),Dry,No influence on accident,Clear,Bellary Road,HQTC Gate,10,13.016702,77.5838996
Bengaluru City,Sadashivanagar Traffic PS,1.04432e+16,2023,1,5,Road Accidents,Junction,City/Town,Residential area,Human Error,No,Damage Only,Vehicle to Vehicle,Controlled,Straight and flat,Residential Street,Bitumen(Tar),Dry,No influence on accident,Clear,Sankey Road,Bharath Petrol Bunk,25,13.0063156,77.578919
Bengaluru City,Sadashivanagar Traffic PS,1.04432e+16,2023,1,1,Road Accidents,Narrow road,City/Town,Near Bus stop,Human Error,No,Grievous Injury,Hit pedestrian,Not Applicable,Not Applicable,Others,Bitumen(Tar),Dry,Not Applicable,Clear,BALLARY ROAD,ROAD,2 KM,13.000307,77.5841685
Bengaluru City,Sadashivanagar Traffic PS,1.04432e+16,2023,1,2,Road Accidents,Narrow road,City/Town,Residential area,Human Error,No,Damage Only,Vehicle to Vehicle,Not Applicable,Not Applicable,Residential Street,Bitumen(Tar),Dry,No influence on accident,Clear,be,Electric Poll,30,13.017219,77.58401
Bengaluru City,Sadashivanagar Traffic PS,1.04432e+16,2023,1,2,Road Accidents,Junction,City/Town,Residential area,Human Error,No,Grievous Injury,Vehicle to Vehicle,Controlled,Straight and flat,Residential Street,Bitumen(Tar),Dry,No influence on accident,Clear,CV Raman Road,Electric Poll,20,13.014674,77.572759
Bengaluru City,Sadashivanagar Traffic PS,1.04432e+16,2023,1,1,Road Accidents,Not Applicable,City/Town,Residential area,Human Error,No,Damage Only,Not Applicable,Not at  Junction,Straight and flat,Others,Bitumen(Tar),Dry,No influence on accident,Clear,NEW BEL Road,Tree,10,0.0,0.0
Bengaluru City,Sadashivanagar Traffic PS,1.04432e+16,2023,1,2,Road Accidents,Narrow road,City/Town,Narrow bridge or culverts,Human Error,No,Simple Injury,Vehicle to Vehicle,Not Applicable,Straight and flat,Others,Bitumen(Tar),Dry,No influence on accident,Clear,Bellary Road,Bridge,5,0.0,0.0
Bengaluru City,Sadashivanagar Traffic PS,1.04432e+16,2023,1,2,Road Accidents,Narrow road,City/Town,Near Bus stop,Human Error,No,Simple Injury,Vehicle to Vehicle,Not Applicable,Not Applicable,One way,Bitumen(Tar),Dry,Not Applicable,Fine,NEW BEL ROAD,3 KM TOWARDS NORTH,3. KM,13.000307,77.155599
Bengaluru City,Sadashivanagar Traffic PS,1.04432e+16,2023,1,1,Road Accidents,Not Applicable,City/Town,Near Bus stop,Human Error,No,Damage Only,Not Applicable,Not Applicable,Incline,Others,Bitumen(Tar),Dry,No influence on accident,Clear,Bellary Road,Bridge,5,12.9987569,77.5842969
Bengaluru City,Sadashivanagar Traffic PS,1.04432e+16,2023,1,2,Road Accidents,Junction,City/Town,Near Hospital,Human Error,No,Damage Only,Vehicle to Vehicle,Controlled,Not Applicable,Residential Street,Bitumen(Tar),Dry,No influence on accident,Clear,NEW BEL ROAD,Electric Poll,50mtr,13.028449,77.571269
Bengaluru City,Sadashivanagar Traffic PS,1.04432e+16,2023,1,1,Road Accidents,Narrow road,City/Town,Open area,Human Error,Yes,Grievous Injury,Not Applicable,Not Applicable,Straight and flat,Residential Street,Bitumen(Tar),Dry,No influence on accident,Clear,"New BEL Road, Sadashivanagara",Electrical Poll,35,13.01759,77.572537
Bengaluru City,Sadashivanagar Traffic PS,1.04432e+16,2023,1,2,Road Accidents,Not Applicable,City/Town,Near Bus stop,Human Error,No,Simple Injury,Vehicle to Vehicle,Not Applicable,Others,Not Applicable,Bitumen(Tar),Dry,Not Applicable,Fine,NEW BEL ROAD,NEW BEL ROAD,2 KM,0.0,0.0
Bengaluru City,Sadashivanagar Traffic PS,1.04432e+16,2023,1,3,Road Accidents,Narrow road,City/Town,Near Bus stop,Human Error,No,Damage Only,Vehicle to Vehicle,Not Applicable,Not Applicable,Others,Bitumen(Tar),Dry,No influence on accident,Clear,Bellary Road,Foursession Hotel,30,0.0,0.0
Bengaluru City,Sadashivanagar Traffic PS,1.04432e+16,2023,1,2,Road Accidents,Junction,City/Town,Near a religious place,Human Error,No,Fatal,Vehicle to Vehicle,Not Applicable,Straight and flat,Residential Street,Bitumen(Tar),Dry,No influence on accident,Clear,New BEL Road,Ayappa Swamy Temple,10,0.0,0.0
Bengaluru City,Sadashivanagar Traffic PS,1.04432e+16,2023,1,1,Road Accidents,Narrow road,City/Town,Near Bus stop,Human Error,No,Grievous Injury,Not Applicable,Controlled,Not Applicable,Others,Bitumen(Tar),Dry,No influence on accident,Clear,CV Raman Road,Police Station,40,13.0146597,77.5725538
Bengaluru City,Shivajinagar Traffic PS,1.04432e+16,2016,1,2,Road Accidents,Junction,City/Town,Near Bus stop,Human Error,No,Simple Injury,Others,Controlled,Others,City or Town Road,Bitumen(Tar),Dry,Engineering Defect of Road,Fine,Cubbo Road,South By Army Supply Depo,2km,0.0,0.0
Bengaluru City,Shivajinagar Traffic PS,1.04432e+16,2016,1,1,Road Accidents,Not Applicable,City/Town,Near Bus stop,Human Error,No,Simple Injury,Not Applicable,Not Applicable,Curve,City or Town Road,Bitumen(Tar),Dry,Not Applicable,Fine,20 feet Road,towards east By Shivajinagar Bus stand,1 K M,0.0,0.0
Bengaluru City,Shivajinagar Traffic PS,1.04432e+16,2016,1,1,Not Applicable,Not Applicable,City/Town,Near Hospital,Not Applicable,No,Not Applicable,Others,Controlled,Others,City or Town Road,Bitumen(Tar),Dry,Not Applicable,Clear,HOSPITAL ROAD,BOWROING HOSPITAL,0.5 KM,0.0,0.0
Bengaluru City,Shivajinagar Traffic PS,1.04432e+16,2016,1,1,Road Accidents,Junction,City/Town,Near Hospital,Human Error,Yes,Grievous Injury,Hit and Run,Controlled,Curve,Two way,Bitumen(Tar),Dry,Engineering Defect of Road,Fine,HOSPETAL ROAD,near bmtc bus stop,1 K M,12.98198863,77.60426247
Bengaluru City,Shivajinagar Traffic PS,1.04432e+16,2016,1,2,Road Accidents,Junction,City/Town,Open area,Human Error,No,Simple Injury,Not Applicable,Signal lights Automatic,Others,City or Town Road,Bitumen(Tar),Dry,Not Applicable,Clear,Kamaraja Road,Near Thamos Kefe Junction,1KM,0.0,0.0
Bengaluru City,Shivajinagar Traffic PS,1.04432e+16,2016,1,2,Road Accidents,Junction,City/Town,Near office complex,Not Applicable,No,Not Applicable,Others,Controlled,Others,City or Town Road,Bitumen(Tar),Dry,Engineering Defect of Road,Cloudy,20 FEET ROAD,B R V Juncuton,105KM,0.0,0.0
Bengaluru City,Shivajinagar Traffic PS,1.04432e+16,2016,1,2,Road Accidents,Junction,City/Town,Near Hospital,Not Applicable,Yes,Simple Injury,Not Applicable,Controlled,Not Applicable,City or Town Road,Bitumen(Tar),Dry,Not Applicable,Fine,20 feet Road,Towards West By 1 km,1 km,0.0,0.0
Bengaluru City,Shivajinagar Traffic PS,1.04432e+16,2016,1,1,Not Applicable,Not Applicable,City/Town,In bazaar,Not Applicable,No,Not Applicable,Not Applicable,Not Applicable,Not Applicable,Not Applicable,Bitumen(Tar),Dry,Not Applicable,Clear,DHOBI GHAT,COMMARSHIAL STREET,1.5,0.0,0.0
Bengaluru City,Shivajinagar Traffic PS,1.04432e+16,2016,1,2,Road Accidents,Junction,City/Town,Near office complex,Human Error,No,Simple Injury,Others,Controlled,Others,City or Town Road,Bitumen(Tar),Dry,Engineering Defect of Road,Fine,BRV JUCTION,BRV,02 KM,0.0,0.0
Bengaluru City,Shivajinagar Traffic PS,1.04432e+16,2016,1,2,Road Accidents,Junction,City/Town,Near office complex,Not Applicable,No,Simple Injury,Others,Controlled,Others,City or Town Road,Bitumen(Tar),Dry,Not Applicable,Fine,BRV JUNCTION,B R V Juncuton,2KM,0.0,0.0
Bengaluru City,Shivajinagar Traffic PS,1.04432e+16,2016,1,1,Road Accidents,Junction,City/Town,Near School or College,Human Error,No,Damage Only,Drowned,Controlled,Others,Two way,Bitumen(Tar),Dry,Engineering Defect of Road,Fine,Praminenad Road,Near ulsoor Lake,1.5 km,12.99293828,77.61244901
Bengaluru City,Shivajinagar Traffic PS,1.04432e+16,2016,1,1,Road Accidents,Junction,City/Town,Near office complex,Human Error,No,Fatal,Hit bicyclist,Controlled,Curve,City or Town Road,Bitumen(Tar),Dry,Engineering Defect of Road,Others,Main Gaurd,Near ManikSha Parade Ground,2km,0.0,0.0
Bengaluru City,Shivajinagar Traffic PS,1.04432e+16,2016,1,2,Road Accidents,Y Junction,City/Town,In bazaar,Human Error,No,Simple Injury,Others,Controlled,Others,City or Town Road,Bitumen(Tar),Dry,Engineering Defect of Road,Fine,Bamboo Bazar,near petrol Bunk,0.5 km,0.0,0.0
Bengaluru City,Shivajinagar Traffic PS,1.04432e+16,2016,1,2,Road Accidents,Curves,City/Town,Residential area,Not Applicable,No,Not Applicable,Others,Controlled,Curve,City or Town Road,Bitumen(Tar),Dry,Engineering Defect of Road,Cloudy,20 FEET ROAD,queence road,1km,0.0,0.0
Bengaluru City,Shivajinagar Traffic PS,1.04432e+16,2016,1,1,Road Accidents,Junction,City/Town,Open area,Human Error,No,Simple Injury,Hit pedestrian,Signal lights Automatic,Not Applicable,City or Town Road,Bitumen(Tar),Dry,Not Applicable,Clear,Cubbon Road,BRV Juction,2 km,0.0,0.0
Bengaluru City,Shivajinagar Traffic PS,1.04432e+16,2016,1,1,Road Accidents,Other,City/Town,Near School or College,Not Applicable,No,Fatal,Hit pedestrian,Not Applicable,Not Applicable,Two way,Bitumen(Tar),Dry,Not Applicable,Clear,kamaraj road,NEAR ARMY PUBLIC SCHOOL,2KM,0.0,0.0
Bengaluru City,Shivajinagar Traffic PS,1.04432e+16,2016,1,2,Road Accidents,Junction,City/Town,Near Petrol Pump,Human Error,No,Simple Injury,Others,Signal lights Automatic,Curve,City or Town Road,Bitumen(Tar),Dry,Not Applicable,Fine,near thomas bakery junction,North By Thomas bakry,2km,0.0,0.0
Bengaluru City,Shivajinagar Traffic PS,1.04432e+16,2016,1,1,Road Accidents,Not Applicable,City/Town,In bazaar,Not Applicable,Yes,Simple Injury,Not Applicable,Not Applicable,Others,City or Town Road,Bitumen(Tar),Dry,Not Applicable,Clear,OPH Road,1 KM East,1km,0.0,0.0
Bengaluru City,Shivajinagar Traffic PS,1.04432e+16,2016,1,2,Road Accidents,Junction,City/Town,Near Petrol Pump,Human Error,No,Simple Injury,Others,Controlled,Others,City or Town Road,Bitumen(Tar),Dry,Engineering Defect of Road,Fine,20 FEET,BAMBOO BAZAR,1KM,0.0,0.0
Bengaluru City,Shivajinagar Traffic PS,1.04432e+16,2016,1,2,Road Accidents,Other,City/Town,Near office complex,Not Applicable,No,Not Applicable,Others,Controlled,Others,City or Town Road,Bitumen(Tar),Dry,Engineering Defect of Road,Fine,20 FEET ROAD,CUBBON ROAD,2 KM,0.0,0.0
Bengaluru City,Shivajinagar Traffic PS,1.04432e+16,2016,1,2,Road Accidents,Junction,City/Town,Near office complex,Human Error,No,Damage Only,Not Applicable,Controlled,Others,City or Town Road,Bitumen(Tar),Dry,Not Applicable,Clear,K.R Road & cubbon Road,Near Maniksha Parade Ground,2 KM,0.0,0.0
Bengaluru City,Shivajinagar Traffic PS,1.04432e+16,2016,1,2,Road Accidents,Narrow road,City/Town,Open area,Human Error,Yes,Fatal,Not Applicable,Not at  Junction,Not Applicable,City or Town Road,Bitumen(Tar),Dry,Not Applicable,Clear,Cubbo Road,Cubbon Road,2KM,12.97771212,77.60708732
Bengaluru City,Shivajinagar Traffic PS,1.04432e+16,2016,1,2,Road Accidents,Junction,City/Town,Open area,Human Error,No,Damage Only,Not Applicable,No signal lights,Curve,City or Town Road,Bitumen(Tar),Dry,Not Applicable,Clear,Cobbon Road,Near Main Guard Junction,2km,0.0,0.0