DISTRICTNAME,UNITNAME,Crime_No,Year,RI,Noofvehicle_involved,Accident_Classification,Accident_Spot,Accident_Location,Accident_SubLocation,Main_Cause,Hit_Run,Severity,Collision_Type,Junction_Control,Road_Character,Road_Type,Surface_Type,Surface_Condition,Road_Condition,Weather,Accident_Road,Landmark_first,Distance_LandMark_First,Latitude,Longitude
Bengaluru City,Shivajinagar Traffic PS,1.04432e+16,2016,1,2,Road Accidents,Junction,City/Town,In bazaar,Human Error,No,Fatal,Others,Controlled,Straight and flat,City or Town Road,Bitumen(Tar),Dry,Engineering Defect of Road,Fine,BRV JUNCTION,South By chinnaswamy Studiam,1.5 km,12.97926992,77.60244543
Bengaluru City,Shivajinagar Traffic PS,1.04432e+16,2016,1,2,Road Accidents,Junction,City/Town,Near Hospital,Human Error,No,Simple Injury,Others,Controlled,Curve,City or Town Road,Bitumen(Tar),Dry,Engineering Defect of Road,Fine,Queens Road,West By Wetter Nearry Hospital,1km,0.0,0.0
Bengaluru City,Shivajinagar Traffic PS,1.04432e+16,2016,1,2,Road Accidents,Junction,City/Town,Near office complex,Human Error,No,Damage Only,Others,Controlled,Others,City or Town Road,Bitumen(Tar),Dry,Not Applicable,Cloudy,BRV Junction,Near chinnaswamy cricket studiam,1.5 KM,0.0,0.0
Bengaluru City,Shivajinagar Traffic PS,1.04432e+16,2016,1,1,Not Applicable,Not Applicable,City/Town,Near School or College,Not Applicable,No,Not Applicable,Not Applicable,Controlled,Not Applicable,City or Town Road,Bitumen(Tar),Dry,Not Applicable,Clear,kr road and cubbon road jucntion,sainik school,0.5 KM,0.0,0.0
Bengaluru City,Shivajinagar Traffic PS,1.04432e+16,2016,1,2,Road Accidents,Not Applicable,City/Town,Near office complex,Not Applicable,Yes,Simple Injury,Hit and Run,Not Applicable,Others,City or Town Road,Bitumen(Tar),Dry,Not Applicable,Fog / Mist,20 feet Road,Towards West By 1 km,1 km,0.0,0.0
Bengaluru City,Shivajinagar Traffic PS,1.04432e+16,2016,1,2,Road Accidents,Junction,City/Town,Near office complex,Not Applicable,No,Damage Only,Others,Controlled,Not Applicable,City or Town Road,Bitumen(Tar),Dry,Engineering Defect of Road,Fog / Mist,BRV JUCTION,B R V Juncuton,2 KM,0.0,0.0
Bengaluru City,Shivajinagar Traffic PS,1.04432e+16,2016,1,1,Road Accidents,Junction,City/Town,In bazaar,Human Error,No,Grievous Injury,Others,Controlled,Others,One way,Bitumen(Tar),Dry,Engineering Defect of Road,Fine,sent jon road,near rbanms ground,1.5 km,12.98195607,77.61220744
Bengaluru City,Shivajinagar Traffic PS,1.04432e+16,2016,1,2,Road Accidents,Junction,City/Town,Near Petrol Pump,Human Error,No,Simple Injury,Others,Signal lights Not working,Curve,City or Town Road,Bitumen(Tar),Dry,Engineering Defect of Road,Fine,Bamboo Bazar,North Bay petrol bank,1km,0.0,0.0
Bengaluru City,Shivajinagar Traffic PS,1.04432e+16,2016,1,2,Road Accidents,Other,City/Town,Narrow bridge or culverts,Human Error,No,Fatal,Others,Controlled,Others,City or Town Road,Bitumen(Tar),Dry,Not Applicable,Cloudy,Netaji Road,Netaji Road,1 Km,0.0,0.0
Bengaluru City,Shivajinagar Traffic PS,1.04432e+16,2016,1,2,Road Accidents,Other,City/Town,Residential area,Human Error,Yes,Fatal,Hit and Run,Not at  Junction,Others,City or Town Road,Bitumen(Tar),Dry,Not Applicable,Cloudy,Queens Road,Near By Complex,1.5 KM,0.0,0.0
Bengaluru City,Shivajinagar Traffic PS,1.04432e+16,2016,1,2,Road Accidents,Cross roads,City/Town,Residential area,Human Error,No,Simple Injury,Not Applicable,Not Applicable,Others,City or Town Road,Bitumen(Tar),Dry,Not Applicable,Fine,20 feet Road,North By 2 km,2 km,0.0,0.0
Bengaluru City,Shivajinagar Traffic PS,1.04432e+16,2016,1,1,Road Accidents,Other,City/Town,Near School or College,Not Applicable,No,Not Applicable,Others,Controlled,Others,City or Town Road,Bitumen(Tar),Dry,Engineering Defect of Road,Fine,20 feet road,cubbon road,2 km,0.0,0.0
Bengaluru City,Shivajinagar Traffic PS,1.04432e+16,2016,1,1,Not Applicable,Not Applicable,City/Town,In bazaar,Not Applicable,No,Not Applicable,Not Applicable,Controlled,Not Applicable,Not Applicable,Bitumen(Tar),Dry,Not Applicable,Clear,INFGANTRY ROAD,INFANTRY ROAD,0.5 KM,0.0,0.0
Bengaluru City,Shivajinagar Traffic PS,1.04432e+16,2016,1,2,Road Accidents,T Junction,City/Town,Near office complex,Human Error,No,Grievous Injury,Others,Controlled,Curve,City or Town Road,Bitumen(Tar),Dry,Engineering Defect of Road,Fine,war memorial junction,war memorial junction,2 KM,0.0,0.0
Bengaluru City,Shivajinagar Traffic PS,1.04432e+16,2016,1,2,Road Accidents,Junction,City/Town,Near office complex,Not Applicable,No,Not Applicable,Others,Controlled,Others,City or Town Road,Bitumen(Tar),Dry,Engineering Defect of Road,Cloudy,20 FEET,Dickenson Circle,2KM,0.0,0.0
Bengaluru City,Shivajinagar Traffic PS,1.04432e+16,2016,1,2,Road Accidents,Junction,City/Town,Near School or College,Not Applicable,No,Not Applicable,Others,Controlled,Others,City or Town Road,Bitumen(Tar),Dry,Engineering Defect of Road,Cloudy,Cubbon Road,CUBBON ROAD,2KM,0.0,0.0
Bengaluru City,Shivajinagar Traffic PS,1.04432e+16,2016,1,2,Road Accidents,Narrow road,City/Town,Open area,Human Error,No,Damage Only,Not Applicable,Not at  Junction,Others,City or Town Road,Bitumen(Tar),Dry,Not Applicable,Clear,St Johns Church Road,Clive Land Town Road,2KM,12.98494252,77.61475315
Bengaluru City,Shivajinagar Traffic PS,1.04432e+16,2016,1,2,Road Accidents,Other,City/Town,Near Bus stop,Human Error,No,Not Applicable,Others,Controlled,Curve,City or Town Road,Bitumen(Tar),Dry,Engineering Defect of Road,Fine,20 FEET,BAMBOOBAZAR,1KM,0.0,0.0
Bengaluru City,Shivajinagar Traffic PS,1.04432e+16,2016,1,2,Road Accidents,Narrow road,City/Town,Near Bus stop,Human Error,No,Fatal,Head on,Not Applicable,Others,City or Town Road,Bitumen(Tar),Dry,Not Applicable,Clear,INFANTRY ROAD,2 KM TOWARDS SOUTH,2KM,12.98207991,77.59889222
Bengaluru City,Shivajinagar Traffic PS,1.04432e+16,2016,1,2,Road Accidents,Junction,City/Town,Near School or College,Human Error,Yes,Simple Injury,Others,Controlled,Others,City or Town Road,Bitumen(Tar),Dry,Engineering Defect of Road,Cloudy,SENT JOHNS RD,SENT JOHN ROAD,2KM,0.0,0.0
Bengaluru City,Shivajinagar Traffic PS,1.04432e+16,2016,1,2,Road Accidents,Other,City/Town,In bazaar,Human Error,No,Grievous Injury,Others,Controlled,Others,City or Town Road,Bitumen(Tar),Dry,Engineering Defect of Road,Cloudy,Dispensary Road,DISPENCERY ROAD,1.5 KM,0.0,0.0
Bengaluru City,Shivajinagar Traffic PS,1.04432e+16,2016,1,1,Not Applicable,Other,Not Applicable,Near School or College,Not Applicable,Not Applicable,Not Applicable,Run Off Road,Controlled,Straight and flat,City or Town Road,Bitumen(Tar),Dry,Engineering Defect of Road,Fine,coles Park,South By Coles Park,2km,0.0,0.0
Bengaluru City,Shivajinagar Traffic PS,1.04432e+16,2016,1,1,Road Accidents,Other,City/Town,Residential area,Human Error,No,Fatal,Head on,Controlled,Others,City or Town Road,Bitumen(Tar),Dry,Engineering Defect of Road,Fine,20 FEET,SHIVAJI ROAD,0.5KM,0.0,0.0
Bengaluru City,Shivajinagar Traffic PS,1.04432e+16,2016,1,1,Road Accidents,Junction,City/Town,Near office complex,Human Error,No,Simple Injury,Others,Controlled,Others,City or Town Road,Bitumen(Tar),Dry,Engineering Defect of Road,Cloudy,Cubbon Road,CUBBON RD,2.5 KM,0.0,0.0
Bengaluru City,Shivajinagar Traffic PS,1.04432e+16,2016,1,2,Road Accidents,Narrow road,City/Town,In bazaar,Not Applicable,No,Damage Only,Others,Controlled,Others,City or Town Road,Bitumen(Tar),Dry,Engineering Defect of Road,Fine,Narayan pilli street,Near Temple,1 K M,0.0,0.0
Bengaluru City,Shivajinagar Traffic PS,1.04432e+16,2016,1,3,Road Accidents,Junction,City/Town,Near office complex,Not Applicable,No,Simple Injury,Not Applicable,Controlled,Not Applicable,City or Town Road,Bitumen(Tar),Dry,Not Applicable,Fine,20 feet Road,towards east By Shivajinagar Bus stand,2 km,0.0,0.0
Bengaluru City,Shivajinagar Traffic PS,1.04432e+16,2016,1,2,Road Accidents,Other,City/Town,Residential area,Not Applicable,No,Damage Only,Others,Controlled,Straight and flat,City or Town Road,Bitumen(Tar),Dry,Engineering Defect of Road,Fine,As born road near thamilu sangam,towards east near Thimilu sangam,3 kms,0.0,0.0
Bengaluru City,Shivajinagar Traffic PS,1.04432e+16,2016,1,1,Road Accidents,Other,City/Town,Near Bus stop,Human Error,No,Simple Injury,Others,Controlled,Curve,City or Town Road,Bitumen(Tar),Dry,Not Applicable,Cloudy,BMTC BUS STAND SHIVAJINAGAR,BMTC,1KM,0.0,0.0
Bengaluru City,Shivajinagar Traffic PS,1.04432e+16,2016,1,2,Road Accidents,Junction,City/Town,Open area,Human Error,No,Fatal,Not Applicable,Signal lights Automatic,Others,City or Town Road,Bitumen(Tar),Dry,Not Applicable,Clear,Cubbo Road,K R Road and Cubbon Road Jucntion,1,12.9772579,77.60861878
Bengaluru City,Shivajinagar Traffic PS,1.04432e+16,2016,1,1,Road Accidents,Other,City/Town,Near Bus stop,Human Error,No,Fatal,Hit pedestrian,Not Applicable,Not Applicable,Others,Bitumen(Tar),Dry,Not Applicable,Fine,Shivajinagar Bus Stand,North by bus stand,1kms,0.0,0.0
Bengaluru City,Shivajinagar Traffic PS,1.04432e+16,2016,1,2,Road Accidents,Junction,City/Town,Near office complex,Human Error,No,Simple Injury,Others,Controlled,Not Applicable,Others,Bitumen(Tar),Dry,Engineering Defect of Road,Fog / Mist,20 feet Road,South By chinnaswamy Studiam,1.5 km,0.0,0.0
Bengaluru City,Shivajinagar Traffic PS,1.04432e+16,2016,1,2,Road Accidents,Junction,City/Town,Near Hospital,Human Error,No,Grievous Injury,Hit pedestrian,Controlled,Curve,Two way,Bitumen(Tar),Dry,Engineering Defect of Road,Fine,HOSPETAL ROAD,East and West By Infantry Road,1 K M,12.9807699,77.6029132
Bengaluru City,Shivajinagar Traffic PS,1.04432e+16,2016,1,2,Road Accidents,Other,City/Town,Near or inside a village,Not Applicable,No,Not Applicable,Others,Controlled,Curve,City or Town Road,Bitumen(Tar),Dry,Engineering Defect of Road,Fog / Mist,20 FEET,BAITUL MAHAL,1KM,0.0,0.0
Bengaluru City,Shivajinagar Traffic PS,1.04432e+16,2016,1,1,Road Accidents,Bridge,City/Town,Near Petrol Pump,Human Error,No,Simple Injury,Others,Controlled,Curve,City or Town Road,Bitumen(Tar),Dry,Not Applicable,Fine,20 FEET,BAMBOO BAZAR,1KM,0.0,0.0
Bengaluru City,Shivajinagar Traffic PS,1.04432e+16,2016,1,2,Road Accidents,Junction,City/Town,Open area,Human Error,No,Damage Only,Others,Signal lights Automatic,Not Applicable,City or Town Road,Bitumen(Tar),Dry,Not Applicable,Clear,Cubbo Road,K R Road and Cubbon Road Jucntion,1 K M,12.97713934,77.60873627
Bengaluru City,Shivajinagar Traffic PS,1.04432e+16,2016,1,2,Road Accidents,Cross roads,City/Town,Residential area,Not Applicable,No,Grievous Injury,Others,Uncontrolled,Not Applicable,City or Town Road,Bitumen(Tar),Dry,Not Applicable,Clear,20 feet Road,Chikka bazar street,0.5 km,0.0,0.0
Bengaluru City,Shivajinagar Traffic PS,1.04432e+16,2016,1,1,Not Applicable,Not Applicable,City/Town,In bazaar,Not Applicable,No,Not Applicable,Not Applicable,Not Applicable,Not Applicable,City or Town Road,Bitumen(Tar),Dry,Not Applicable,Clear,INFANTRY ROAD,INFANTRY ROAD,01 KM,0.0,0.0
Bengaluru City,Shivajinagar Traffic PS,1.04432e+16,2016,1,2,Road Accidents,Other,City/Town,Narrow bridge or culverts,Not Applicable,Yes,Simple Injury,Others,Controlled,Others,City or Town Road,Bitumen(Tar),Dry,Not Applicable,Fine,netaji Road,2 km,2 km,0.0,0.0
Bengaluru City,Shivajinagar Traffic PS,1.04432e+16,2016,1,2,Road Accidents,Junction,City/Town,Near Hospital,Human Error,No,Simple Injury,Not Applicable,Signal lights Automatic,Curve,City or Town Road,Bitumen(Tar),Dry,Not Applicable,Fine,QUNEENS ROAD,East By Bombo Bazar Road,1/2 km,0.0,0.0
Bengaluru City,Shivajinagar Traffic PS,1.04432e+16,2016,1,2,Road Accidents,Curves,City/Town,Near office complex,Not Applicable,No,Not Applicable,Others,Controlled,Not Applicable,City or Town Road,Bitumen(Tar),Dry,Engineering Defect of Road,Fine,20FEET,WAR MEMORRIAL,2KM,0.0,0.0
Bengaluru City,Shivajinagar Traffic PS,1.04432e+16,2016,1,1,Road Accidents,Junction,City/Town,Near office complex,Not Applicable,No,Simple Injury,Not Applicable,Controlled,Not Applicable,City or Town Road,Bitumen(Tar),Dry,Not Applicable,Fog / Mist,20 feet Road,Towards South,1.5 KM,0.0,0.0
Bengaluru City,Shivajinagar Traffic PS,1.04432e+16,2016,1,1,Road Accidents,Narrow road,City/Town,In bazaar,Human Error,No,Simple Injury,Others,Controlled,Others,City or Town Road,Bitumen(Tar),Dry,Engineering Defect of Road,Fine,COMMERCIAL STREET,COMMERCIAL STREET,1.5KM,0.0,0.0
Bengaluru City,Shivajinagar Traffic PS,1.04432e+16,2016,1,2,Road Accidents,Other,City/Town,Near office complex,Not Applicable,No,Not Applicable,Others,Controlled,Others,City or Town Road,Bitumen(Tar),Dry,Engineering Defect of Road,Cloudy,20 FEET,cubbon road,2km,0.0,0.0
Bengaluru City,Shivajinagar Traffic PS,1.04432e+16,2017,1,2,Road Accidents,Junction,City/Town,Open area,Human Error,No,Simple Injury,Rear end,Signal lights Automatic,Not Applicable,City or Town Road,Bitumen(Tar),Dry,Not Applicable,Clear,Cubbon Road,B R V Juncuton,2 KM,0.0,0.0
Bengaluru City,Shivajinagar Traffic PS,1.04432e+16,2017,1,2,Road Accidents,Junction,City/Town,Open area,Human Error,Yes,Grievous Injury,Hit pedal cyclist,Signal lights Automatic,Curve,City or Town Road,Bitumen(Tar),Dry,Not Applicable,Clear,KR CUBBON ROAD,CUBBON ROAD JUNCTION,1KM,12.97733751,77.60877367
Bengaluru City,Shivajinagar Traffic PS,1.04432e+16,2017,1,2,Road Accidents,Junction,City/Town,Open area,Human Error,Not Applicable,Grievous Injury,Hit parked vehicle,Signal lights Automatic,Not Applicable,City or Town Road,Bitumen(Tar),Not Applicable,Not Applicable,Clear,BRV JUNCTION,BRV JUNCTION,1KM,12.979168,77.602358
Bengaluru City,Shivajinagar Traffic PS,1.04432e+16,2017,1,2,Road Accidents,Cross roads,City/Town,Open area,Human Error,Yes,Simple Injury,Hit and Run,Controlled,Others,City or Town Road,Bitumen(Tar),Dry,Not Applicable,Fine,Cubbon Road,near main guard junction,2 km,12.980049,77.6074005
Bengaluru City,Shivajinagar Traffic PS,1.04432e+16,2017,1,2,Rail Road Accidents,Junction,City/Town,Open area,Human Error,No,Fatal,Hit pedal cyclist,Signal lights Automatic,Curve,City or Town Road,Bitumen(Tar),Dry,Not Applicable,Clear,KR ROAD AND CUBBON ROAD,KR ROAD JUNCTION,0.5,12.97733751,77.60877367
Bengaluru City,Shivajinagar Traffic PS,1.04432e+16,2017,1,2,Road Accidents,Circle,City/Town,Open area,Human Error,Yes,Simple Injury,Right Turn Collision,No signal lights,Curve,City or Town Road,Bitumen(Tar),Dry,Not Applicable,Clear,SHIVAJI CIRCLE,SHIVAJINAGAR BUS STOP,0.5,12.98459527,77.60167927
Bengaluru City,Shivajinagar Traffic PS,1.04432e+16,2017,1,2,Road Accidents,Cross roads,City/Town,In bazaar,Human Error,No,Simple Injury,Right Turn Collision,Controlled,Others,City or Town Road,Bitumen(Tar),Dry,No influence on accident,Clear,QUEENS ROAD,KPPC Office,10,12.98399382,77.59791969
Bengaluru City,Shivajinagar Traffic PS,1.04432e+16,2017,1,2,Road Accidents,Other,City/Town,Near Bus stop,Human Error,No,Grievous Injury,Rear end,Controlled,Incline,City or Town Road,Bitumen(Tar),Dry,Not Applicable,Clear,Shivajinagar BMTC Bus stand,BMTC Office,50 MT,12.983683,77.603503
Bengaluru City,Shivajinagar Traffic PS,1.04432e+16,2017,1,1,Road Accidents,Cross roads,City/Town,Near office complex,Vehicle Defect,Yes,Simple Injury,Hit and Run,Controlled,Others,City or Town Road,Bitumen(Tar),Dry,No influence on accident,Clear,inf front Venson Travels,Venstion Travels,00 km,12.97793557,77.60662692
Bengaluru City,Shivajinagar Traffic PS,1.04432e+16,2017,1,2,Road Accidents,Cross roads,City/Town,Near office complex,Human Error,No,Simple Injury,Right Turn Collision,Controlled,Curve,City or Town Road,Bitumen(Tar),Dry,No influence on accident,Clear,main gaurd cross road,military office,0.5 KM,12.980049,77.6074005
Bengaluru City,Shivajinagar Traffic PS,1.04432e+16,2017,1,1,Road Accidents,Junction,City/Town,Open area,Human Error,No,Fatal,Hit pedestrian,Signal lights Automatic,Curve,City or Town Road,Bitumen(Tar),Dry,Not Applicable,Clear,BRV JUCTION,B R V Juncuton,1 KM,0.0,0.0
Bengaluru City,Shivajinagar Traffic PS,1.04432e+16,2017,1,1,Road Accidents,Junction,City/Town,Open area,Human Error,No,Simple Injury,Hit pedestrian,Signal lights Automatic,Not Applicable,City or Town Road,Bitumen(Tar),Dry,Not Applicable,Clear,Dispensary Road,Dickenson Circle,1.5 kM,0.0,0.0
Bengaluru City,Shivajinagar Traffic PS,1.04432e+16,2017,1,1,Road Accidents,Curves,City/Town,Near Bus stop,Human Error,No,Simple Injury,Hit pedestrian,Controlled,Curve,City or Town Road,Concrete,Dry,Not Applicable,Clear,Shivajinagar BMTC Bus Stand,BMTC Bus stand,00 km,12.9837224,77.6036621
Bengaluru City,Shivajinagar Traffic PS,1.04432e+16,2017,1,2,Road Accidents,Junction,City/Town,Open area,Human Error,No,Simple Injury,Others,Signal lights Automatic,Curve,City or Town Road,Bitumen(Tar),Dry,Not Applicable,Clear,KR ROAD AND CUBBON ROAD,KAMARAJ ROAD,0.5KM,12.97733751,77.60877367
Bengaluru City,Shivajinagar Traffic PS,1.04432e+16,2017,1,2,Road Accidents,Cross roads,City/Town,Near office complex,Human Error,No,Simple Injury,Head on,Controlled,Curve,City or Town Road,Bitumen(Tar),Dry,No influence on accident,Clear,BRV JUNCTION,MILITORY CONTEEN,0.5 KM,12.97926516,77.6027416
Bengaluru City,Shivajinagar Traffic PS,1.04432e+16,2017,1,2,Road Accidents,Cross roads,City/Town,Near a religious place,Human Error,Yes,Simple Injury,Hit and Run,No signal lights,Curve,City or Town Road,Bitumen(Tar),Dry,Not Applicable,Clear,Gangadhara chetty road,sitaram mandira,0.2 km,12.981477,77.613184
Bengaluru City,Shivajinagar Traffic PS,1.04432e+16,2017,1,1,Road Accidents,Other,City/Town,Near Bus stop,Human Error,Yes,Simple Injury,Hit pedestrian,Controlled,Others,City or Town Road,Concrete,Dry,Not Applicable,Clear,Shivajinagar BMTC Bus Stand,BMTC Toilet,100 mt,12.983805,77.603145
Bengaluru City,Shivajinagar Traffic PS,1.04432e+16,2017,1,2,Road Accidents,Junction,City/Town,Open area,Human Error,No,Grievous Injury,Hit bicyclist,Signal lights Automatic,Not Applicable,City or Town Road,Bitumen(Tar),Dry,Not Applicable,Clear,Cubbon Road,B R V Juncuton,2 KM,0.0,0.0
Bengaluru City,Shivajinagar Traffic PS,1.04432e+16,2017,1,1,Road Accidents,Narrow road,City/Town,Residential area,Human Error,Yes,Grievous Injury,Hit pedestrian,Not at  Junction,Not Applicable,City or Town Road,Bitumen(Tar),Dry,Not Applicable,Clear,Selecte Hotel,Selecte Hotel,1 Km,0.0,0.0
Bengaluru City,Shivajinagar Traffic PS,1.04432e+16,2017,1,1,Road Accidents,Cross roads,City/Town,Residential area,Human Error,Not Applicable,Simple Injury,Others,Signal lights Automatic,Others,City or Town Road,Bitumen(Tar),Dry,Not Applicable,Clear,DICKENSON,DICKENSON ROAD,2KM,12.980851,77.610081
Bengaluru City,Shivajinagar Traffic PS,1.04432e+16,2017,1,1,Road Accidents,Narrow road,City/Town,Open area,Human Error,Yes,Grievous Injury,Hit pedestrian,Not at  Junction,Not Applicable,City or Town Road,Bitumen(Tar),Dry,Not Applicable,Clear,Furuit Street,Furuit Street,2 KM,0.0,0.0
Bengaluru City,Shivajinagar Traffic PS,1.04432e+16,2017,1,1,Road Accidents,Cross roads,City/Town,In bazaar,Human Error,Yes,Simple Injury,Hit and Run,Not at  Junction,Not Applicable,City or Town Road,Bitumen(Tar),Dry,No influence on accident,Clear,Dispansary road,BBMP Office,5,0.0,0.0
Bengaluru City,Shivajinagar Traffic PS,1.04432e+16,2017,1,1,Road Accidents,Narrow road,City/Town,Residential area,Human Error,Yes,Grievous Injury,Hit pedestrian,Not at  Junction,Not Applicable,City or Town Road,Bitumen(Tar),Dry,Not Applicable,Clear,SHIVAJI ROAD,SHIVAJI CIRCLE,1 KM,0.0,0.0
Bengaluru City,Shivajinagar Traffic PS,1.04432e+16,2017,1,2,Road Accidents,Narrow road,City/Town,Open area,Human Error,Yes,Damage Only,Hit and Run,Signal lights Manual,Others,City or Town Road,Bitumen(Tar),Dry,Not Applicable,Clear,Cubbon Road,BRV Juction,1.5 KM,12.9782387,77.6056664
Bengaluru City,Shivajinagar Traffic PS,1.04432e+16,2017,1,1,Rail Road Accidents,Junction,City/Town,Near Bus stop,Human Error,No,Simple Injury,Hit pedestrian,Signal lights Automatic,Curve,City or Town Road,Bitumen(Tar),Dry,Not Applicable,Clear,BALE KUNDRY CIRCLE,BALE KUNDRY CIRCLE BUS STOP,0.5,12.9842559,77.5970095
Bengaluru City,Shivajinagar Traffic PS,1.04432e+16,2017,1,2,Road Accidents,Narrow road,City/Town,Residential area,Human Error,Yes,Simple Injury,Hit bicyclist,Not at  Junction,Not Applicable,City or Town Road,Bitumen(Tar),Dry,Not Applicable,Clear,Infantry Road,Near Hindu Paper,2 KM,0.0,0.0
Bengaluru City,Shivajinagar Traffic PS,1.04432e+16,2017,1,1,Road Accidents,Other,City/Town,Residential area,Human Error,Yes,Simple Injury,Hit pedestrian,Not Applicable,Not Applicable,Residential Street,Bitumen(Tar),Dry,Not Applicable,Clear,"IN FRONT OF HOUSE NO-76/7, ARMY FAMILY QTRS",ARMY QTRS,0.5,12.9763182,77.6146556
Bengaluru City,Shivajinagar Traffic PS,1.04432e+16,2017,1,1,Road Accidents,Narrow road,City/Town,Open area,Human Error,Yes,Grievous Injury,Rear end,Not at  Junction,Not Applicable,City or Town Road,Bitumen(Tar),Dry,Not Applicable,Clear,Station Road,Near Bamboobazar Circle,500m,0.0,0.0
Bengaluru City,Shivajinagar Traffic PS,1.04432e+16,2017,1,1,Road Accidents,Circle,City/Town,In bazaar,Human Error,Yes,Simple Injury,Hit and Run,Controlled,Others,City or Town Road,Bitumen(Tar),Dry,No influence on accident,Clear,"HESPITAL ROAD, SELECT HOTEL CIRCLE",SELECET HOTEL,30 FT,12.982196,77.603451
Bengaluru City,Shivajinagar Traffic PS,1.04432e+16,2017,1,1,Road Accidents,Other,City/Town,In bazaar,Human Error,Yes,Simple Injury,Hit and Run,Controlled,Others,City or Town Road,Bitumen(Tar),Dry,Not Applicable,Clear,QUEENS ROAD,KPCC OFFICE,0.2 KM,12.988773,77.598952
Bengaluru City,Shivajinagar Traffic PS,1.04432e+16,2017,1,2,Road Accidents,Junction,City/Town,Near Bus stop,Human Error,Yes,Damage Only,Hit and Run,Controlled,Others,City or Town Road,Bitumen(Tar),Dry,No influence on accident,Clear,Supply depot,Supplu depot,30,12.977077,77.608857
Bengaluru City,Shivajinagar Traffic PS,1.04432e+16,2017,1,2,Road Accidents,Narrow road,City/Town,Residential area,Human Error,No,Simple Injury,Rear end,Not at  Junction,Not Applicable,City or Town Road,Bitumen(Tar),Dry,Not Applicable,Clear,Osburn Road,Osburn Road,2 KM,0.0,0.0
Bengaluru City,Shivajinagar Traffic PS,1.04432e+16,2017,1,2,Road Accidents,Junction,City/Town,Open area,Human Error,No,Simple Injury,Hit pedal cyclist,Signal lights Automatic,Not Applicable,City or Town Road,Bitumen(Tar),Dry,Not Applicable,Clear,Cubbon Road,B R V Juncuton,2 KM,12.978323,77.602513
Bengaluru City,Shivajinagar Traffic PS,1.04432e+16,2017,1,2,Road Accidents,Cross roads,City/Town,Near office complex,Not Applicable,No,Damage Only,Right Turn Collision,Controlled,Others,City or Town Road,Bitumen(Tar),Dry,Not Applicable,Clear,Cubbon road,Manik sha Ground,0.5 Km,12.977461,77.607613
Bengaluru City,Shivajinagar Traffic PS,1.04432e+16,2017,1,2,Road Accidents,Narrow road,City/Town,Open area,Human Error,No,Damage Only,Head on,Signal lights Automatic,Not Applicable,City or Town Road,Bitumen(Tar),Dry,Not Applicable,Clear,Queens Road,Near Kamala Bai School,1 Km,12.98399382,77.59791969
Bengaluru City,Shivajinagar Traffic PS,1.04432e+16,2017,1,2,Road Accidents,Junction,City/Town,Open area,Human Error,No,Grievous Injury,Others,Signal lights Automatic,Not Applicable,City or Town Road,Bitumen(Tar),Dry,Not Applicable,Clear,Cubbon Road,B R V Juncuton,2 KM,0.0,0.0
Bengaluru City,Shivajinagar Traffic PS,1.04432e+16,2018,1,1,Road Accidents,Junction,City/Town,Near Bus stop,Human Error,Yes,Simple Injury,Hit and Run,Controlled,Curve,City or Town Road,Bitumen(Tar),Dry,No influence on accident,Clear,"VSN ROAD, BALEKUNDRI CERCLE",LADY JAHANGER KOTHARI MOMERIAL HALLI,25,12.98428,77.597317
Bengaluru City,Shivajinagar Traffic PS,1.04432e+16,2018,1,3,Road Accidents,Junction,City/Town,Near office complex,Human Error,No,Simple Injury,Side swipe,Controlled,Others,City or Town Road,Bitumen(Tar),Dry,No influence on accident,Clear,Cubbon road,Hotel Empire,100 mt,12.979303,77.602419
Bengaluru City,Shivajinagar Traffic PS,1.04432e+16,2018,1,2,Road Accidents,Junction,City/Town,Open area,Human Error,No,Simple Injury,Right Turn Collision,Police / Manual,Others,City or Town Road,Bitumen(Tar),Dry,No influence on accident,Clear,Cubbon Road,BMTC No right Board,25,12.977891,77.606624
Bengaluru City,Shivajinagar Traffic PS,1.04432e+16,2018,1,2,Road Accidents,Narrow road,City/Town,Residential area,Human Error,Not Applicable,Damage Only,Others,Not at  Junction,Others,One way,Bitumen(Tar),Dry,Not Applicable,Clear,Gangadhar chetty road,RBANMS Ground,0.5 km,12.981123,77.613942
Bengaluru City,Shivajinagar Traffic PS,1.04432e+16,2018,1,1,Road Accidents,Cross roads,City/Town,In bazaar,Human Error,Yes,Simple Injury,Hit and Run,Not at  Junction,Hump,City or Town Road,Concrete,Dry,No influence on accident,Clear,New Market Road,Just Burn Baby Shop,5 m,12.987733,77.605345
Bengaluru City,Shivajinagar Traffic PS,1.04432e+16,2018,1,2,Road Accidents,Junction,City/Town,In bazaar,Human Error,No,Grievous Injury,Rear end,Controlled,Others,City or Town Road,Bitumen(Tar),Dry,No influence on accident,Clear,CENTRAL STREET ROAD,EMPIRE HOTEL,65,12.979443,77.602525