DISTRICTNAME,UNITNAME,Crime_No,Year,RI,Noofvehicle_involved,Accident_Classification,Accident_Spot,Accident_Location,Accident_SubLocation,Main_Cause,Hit_Run,Severity,Collision_Type,Junction_Control,Road_Character,Road_Type,Surface_Type,Surface_Condition,Road_Condition,Weather,Accident_Road,Landmark_first,Distance_LandMark_First,Latitude,Longitude
Bengaluru City,Shivajinagar Traffic PS,1.04432e+16,2018,1,1,Road Accidents,Narrow road,City/Town,Near a religious place,Not Applicable,Yes,Simple Injury,Hit and Run,Not Applicable,Others,City or Town Road,Bitumen(Tar),Dry,Not Applicable,Clear,Chikkabazar Road,Near busstop,0.5 km,12.984868,77.60235
Bengaluru City,Shivajinagar Traffic PS,1.04432e+16,2018,1,2,Road Accidents,Cross roads,City/Town,Near Bus stop,Human Error,Yes,Grievous Injury,Hit and Run,Controlled,Others,City or Town Road,Bitumen(Tar),Dry,No influence on accident,Clear,Queens Road,Ganapathi temple,250,12.991341,77.599874
Bengaluru City,Shivajinagar Traffic PS,1.04432e+16,2018,1,1,Road Accidents,Junction,City/Town,Residential area,Human Error,Not Applicable,Fatal,Others,No signal lights,Others,Arterial,Bitumen(Tar),Dry,Not Applicable,Clear,Infantry Road,Near Hindu Press,1.5 km,12.982075,77.598875
Bengaluru City,Shivajinagar Traffic PS,1.04432e+16,2018,1,2,Road Accidents,T Junction,City/Town,Near School or College,Not Applicable,Not Applicable,Grievous Injury,Others,No signal lights,Others,City or Town Road,Bitumen(Tar),Dry,Not Applicable,Fine,gangadharchetty road,Near RBANMS Ground,1.5 Km,12.981421,77.6133
Bengaluru City,Shivajinagar Traffic PS,1.04432e+16,2018,1,2,Road Accidents,Circle,City/Town,Near Hospital,Human Error,Not Applicable,Simple Injury,Right Turn Collision,No signal lights,Steep Incline or Climb,One way,Bitumen(Tar),Dry,Not Applicable,Clear,select Circle,Near Imprial Hotel,1.5 km,12.9822,77.603455
Bengaluru City,Shivajinagar Traffic PS,1.04432e+16,2018,1,1,Road Accidents,Cross roads,City/Town,Open area,Human Error,No,Damage Only,Others,Controlled,Incline,City or Town Road,Bitumen(Tar),Dry,No influence on accident,Clear,Cubbon road,Manic Sha parade ground,10 m,12.977769,77.606542
Bengaluru City,Shivajinagar Traffic PS,1.04432e+16,2018,1,1,Road Accidents,Circle,City/Town,Near Bus stop,Human Error,Yes,Simple Injury,Hit and Run,Controlled,Others,City or Town Road,Bitumen(Tar),Dry,No influence on accident,Clear,Balekundri Circle,Queens Road Bord,10,12.984404,77.59724
Bengaluru City,Shivajinagar Traffic PS,1.04432e+16,2018,1,2,Road Accidents,Junction,City/Town,In bazaar,Human Error,No,Damage Only,Overturning,Controlled,Others,City or Town Road,Bitumen(Tar),Dry,Not Applicable,Clear,Dispencary Road,Tree,23,12.980975,77.609985
Bengaluru City,Shivajinagar Traffic PS,1.04432e+16,2018,1,2,Road Accidents,Curves,City/Town,Near Hospital,Vehicle Defect,No,Simple Injury,Right Turn Collision,Not at  Junction,Straight and flat,Others,Bitumen(Tar),Dry,Not Applicable,Clear,"Oph Road ,near Bowring Hospital",Near kamat hotel,0,12.982021,77.605705
Bengaluru City,Shivajinagar Traffic PS,1.04432e+16,2018,1,2,Road Accidents,Other,City/Town,Near Hospital,Not Applicable,Yes,Simple Injury,Hit and Run,Give way sign,Straight and flat,City or Town Road,Bitumen(Tar),Dry,Not Applicable,Clear,Venkataswamynaidu Road,Near Gosha Hospital,1.5 km,12.984045,77.599529
Bengaluru City,Shivajinagar Traffic PS,1.04432e+16,2018,1,2,Road Accidents,Other,City/Town,Open area,Not Applicable,Not Applicable,Fatal,Others,Not at  Junction,Others,City or Town Road,Bitumen(Tar),Dry,Not Applicable,Clear,Cubbon road,Near Military officers Gate,2 Kms,12.976397,77.611001
Bengaluru City,Shivajinagar Traffic PS,1.04432e+16,2018,1,2,Road Accidents,Junction,City/Town,Near office complex,Human Error,No,Damage Only,Others,Controlled,Incline,City or Town Road,Bitumen(Tar),Dry,No influence on accident,Clear,Cubbon Road,Central Street Borad,50,12.979187,77.60244
Bengaluru City,Shivajinagar Traffic PS,1.04432e+16,2018,1,1,Road Accidents,Other,City/Town,Near office complex,Human Error,No,Simple Injury,Others,Controlled,Others,City or Town Road,Bitumen(Tar),Dry,No influence on accident,Clear,Cobbon road,HAR Corporate Office,100 m,12.98068,77.598366
Bengaluru City,Shivajinagar Traffic PS,1.04432e+16,2018,1,2,Road Accidents,Other,City/Town,Near office complex,Human Error,Yes,Simple Injury,Hit and Run,Controlled,Others,City or Town Road,Bitumen(Tar),Dry,No influence on accident,Clear,Venkataswamy Naidu road,Ramada Hotel,10 Ft,12.984328,77.600343
Bengaluru City,Shivajinagar Traffic PS,1.04432e+16,2018,1,1,Road Accidents,Junction,City/Town,Near Bus stop,Human Error,Yes,Grievous Injury,Hit and Run,No signal lights,Curve,City or Town Road,Bitumen(Tar),Dry,Not Applicable,Clear,M K street,Near BMTC BUS Stop,1km,12.984083,77.603546
Bengaluru City,Shivajinagar Traffic PS,1.04432e+16,2018,1,2,Road Accidents,Junction,City/Town,In bazaar,Human Error,Yes,Grievous Injury,Hit and Run,Uncontrolled,Others,Others,Bitumen(Tar),Dry,Not Applicable,Clear,seppings Road Qudrant Circle,Near Taj Hotel,1.5kms,12.98536,77.60693
Bengaluru City,Shivajinagar Traffic PS,1.04432e+16,2019,1,1,Road Accidents,Not Applicable,City/Town,Residential area,Human Error,No,Grievous Injury,Hit pedestrian,Not at  Junction,Others,Residential Street,Bitumen(Tar),Dry,Not Applicable,Clear,"Eidden Park Hotel, Cunningham road",Hidden Park Hotel,1 Km,12.983286,77.598595
Bengaluru City,Shivajinagar Traffic PS,1.04432e+16,2019,1,2,Road Accidents,Narrow road,City/Town,Open area,Human Error,Not Applicable,Grievous Injury,Vehicle to Vehicle,Not at  Junction,Straight and flat,Arterial,Bitumen(Tar),Dry,Not Applicable,Clear,Cubbon Road,Near Signal Center,1.5km,0.0,0.0
Bengaluru City,Shivajinagar Traffic PS,1.04432e+16,2019,1,2,Road Accidents,Junction,City/Town,Near office complex,Human Error,Yes,Fatal,Vehicle to Vehicle,Not at  Junction,Straight and flat,Arterial,Bitumen(Tar),Dry,Not Applicable,Clear,Queens Road,Near Sanjevani Office,1km,0.0,0.0
Bengaluru City,Shivajinagar Traffic PS,1.04432e+16,2019,1,2,Road Accidents,Junction,City/Town,Open area,Vehicle Defect,No,Damage Only,Vehicle to Vehicle,Signal lights Blinking,Straight and flat,Others,Bitumen(Tar),Dry,Not Applicable,Clear,Main Guard Jn,Near Main Guard Jn,2 Km,12.977904,77.606638
Bengaluru City,Shivajinagar Traffic PS,1.04432e+16,2019,1,1,Road Accidents,Bottleneck,City/Town,Near Bus stop,Human Error,Yes,Simple Injury,Hit pedestrian,No signal lights,Slight Curve,Two way,Bitumen(Tar),Dry,Not Applicable,Clear,Central Street Road,Shivaji nagar Bus Stand,1km,0.0,0.0
Bengaluru City,Shivajinagar Traffic PS,1.04432e+16,2019,1,1,Road Accidents,Narrow road,City/Town,Open area,Human Error,No,Damage Only,Not Applicable,No signal lights,Straight and flat,Arterial,Bitumen(Tar),Dry,No influence on accident,Clear,Cubbon Road,Near Kariyyappa park,1.5 km,0.0,0.0
Bengaluru City,Shivajinagar Traffic PS,1.04432e+16,2019,1,2,Road Accidents,Junction,City/Town,Near office complex,Human Error,No,Simple Injury,Vehicle to Vehicle,Not at  Junction,Straight and flat,Arterial,Bitumen(Tar),Dry,Not Applicable,Clear,Cubbon Road,Near Main Gurd Cross Road Junction,2km,12.977719,77.606693
Bengaluru City,Shivajinagar Traffic PS,1.04432e+16,2019,1,1,Road Accidents,Narrow road,City/Town,Near Hospital,Human Error,Yes,Grievous Injury,Hit pedestrian,Uncontrolled,Straight and flat,One way,Bitumen(Tar),Dry,Not Applicable,Clear,Queens Road,Near ESI Hospital,1 km,12.986678,77.598225
Bengaluru City,Shivajinagar Traffic PS,1.04432e+16,2019,1,2,Road Accidents,Junction,City/Town,Open area,Vehicle Defect,No,Grievous Injury,Vehicle to Vehicle,Signal lights Automatic,Straight and flat,Arterial,Bitumen(Tar),Dry,Not Applicable,Clear,BRV Jn,Near BRV Ground,1.5 Km,12.979051,77.602333
Bengaluru City,Shivajinagar Traffic PS,1.04432e+16,2019,1,2,Road Accidents,Narrow road,City/Town,Residential area,Human Error,No,Grievous Injury,Vehicle to Vehicle,Not at  Junction,Straight and flat,Arterial,Bitumen(Tar),Dry,No influence on accident,Clear,Dickenson Road,Near Joyallukkas Jeweelllery,1.5kms,12.980121,77.612574
Bengaluru City,Shivajinagar Traffic PS,1.04432e+16,2019,1,1,Road Accidents,Not Applicable,City/Town,Near Hospital,Human Error,Yes,Fatal,Hit pedestrian,No signal lights,Straight and flat,Sub Arterial,Not Applicable,Dry,Not Applicable,Clear,Broadway Road,Near CSI Hospital,1km,0.0,0.0
Bengaluru City,Shivajinagar Traffic PS,1.04432e+16,2019,1,2,Road Accidents,Narrow road,City/Town,In bazaar,Human Error,No,Simple Injury,Vehicle to Vehicle,Not at  Junction,Straight and flat,Sub Arterial,Bitumen(Tar),Dry,Not Applicable,Clear,Seppings Road,Near Taj Circle,1.5km,0.0,0.0
Bengaluru City,Shivajinagar Traffic PS,1.04432e+16,2019,1,2,Road Accidents,Cross roads,City/Town,Near office complex,Human Error,Not Applicable,Damage Only,Right Turn Collision,Signal lights Blinking,Not Applicable,One way,Bitumen(Tar),Dry,Not Applicable,Clear,Queens Road,Near sanjevani office,1 km,12.988266,77.598801
Bengaluru City,Shivajinagar Traffic PS,1.04432e+16,2019,1,1,Road Accidents,Narrow road,City/Town,Near Bus stop,Vehicle Defect,Yes,Grievous Injury,Hit pedestrian,Not at  Junction,Straight and flat,Arterial,Bitumen(Tar),Dry,No influence on accident,Clear,Cubbon Road,Near Kariyappa Colony,1.5 Km,12.975607,77.613336
Bengaluru City,Shivajinagar Traffic PS,1.04432e+16,2019,1,1,Road Accidents,Narrow road,City/Town,Near Hospital,Human Error,Yes,Simple Injury,Hit pedestrian,Not at  Junction,Straight and flat,Sub Arterial,Bitumen(Tar),Dry,Not Applicable,Others,V S N Road,Near Gosha Hospital,1.5 km,12.984044,77.598794
Bengaluru City,Shivajinagar Traffic PS,1.04432e+16,2019,1,1,Road Accidents,Not Applicable,City/Town,Near Bus stop,Human Error,No,Fatal,Hit pedestrian,Not at  Junction,Straight and flat,Others,Concrete,Dry,Not Applicable,Clear,Shivajinagar Bus Stand,Shivajinagar Bus Statnd,1km,0.0,0.0
Bengaluru City,Shivajinagar Traffic PS,1.04432e+16,2019,1,1,Road Accidents,Junction,City/Town,Near Hospital,Human Error,Yes,Grievous Injury,Hit pedestrian,Signals (Working),Slight Curve,Arterial,Bitumen(Tar),Dry,Not Applicable,Clear,V S N Road,Near lady Memorial Kothari Memorial Hall,1.5km,0.0,0.0
Bengaluru City,Shivajinagar Traffic PS,1.04432e+16,2019,1,2,Road Accidents,Narrow road,City/Town,Near office complex,Human Error,No,Simple Injury,Vehicle to Vehicle,No signal lights,Straight and flat,Arterial,Bitumen(Tar),Dry,Not Applicable,Clear,Cubbon Road,Near Signal Center Office,2km,0.0,0.0
Bengaluru City,Shivajinagar Traffic PS,1.04432e+16,2019,1,2,Road Accidents,Not Applicable,City/Town,Open area,Human Error,Yes,Fatal,Vehicle to Vehicle,Not at  Junction,Straight and flat,Arterial,Bitumen(Tar),Dry,Not Applicable,Clear,Cubbon Road,Near Army Supply Depot,2 km,0.0,0.0
Bengaluru City,Shivajinagar Traffic PS,1.04432e+16,2019,1,2,Road Accidents,Circle,City/Town,In bazaar,Vehicle Defect,Not Applicable,Grievous Injury,Vehicle to Vehicle,Controlled,Straight and flat,Sub Arterial,Bitumen(Tar),Dry,Not Applicable,Clear,Taj Circle,Near Taj Hotel,1.5 Km,12.985344,77.607028
Bengaluru City,Shivajinagar Traffic PS,1.04432e+16,2019,1,2,Road Accidents,Narrow road,City/Town,Near Bus stop,Vehicle Defect,No,Grievous Injury,Vehicle to Vehicle,Not at  Junction,Others,Arterial,Bitumen(Tar),Dry,No influence on accident,Clear,Queens Road,Near  Sanjevani,1 kms,12.988247,77.5988
Bengaluru City,Shivajinagar Traffic PS,1.04432e+16,2019,1,2,Road Accidents,Narrow road,City/Town,Near a religious place,Vehicle Defect,Yes,Simple Injury,Vehicle to Vehicle,Not at  Junction,Others,Residential Street,Bitumen(Tar),Dry,No influence on accident,Clear,Meenaskshi Koil Street,M K Street,1.5 km,12.984054,77.604801
Bengaluru City,Shivajinagar Traffic PS,1.04432e+16,2019,1,2,Road Accidents,Narrow road,City/Town,Near Bus stop,Human Error,No,Fatal,Hit pedestrian,No signal lights,Hump,Others,Concrete,Dry,Not Applicable,Clear,Shivajinagar Bus Stand,Shivajinagar Bus Stand,1.5 km,12.982283,77.60276
Bengaluru City,Shivajinagar Traffic PS,1.04432e+16,2019,1,1,Road Accidents,Narrow road,City/Town,Residential area,Human Error,No,Fatal,Not Applicable,No signal lights,Straight and flat,Residential Street,Bitumen(Tar),Dry,Not Applicable,Clear,Narayana Pillai Street,Near Ashirvadam Enterprises,2 kms,12.984103,77.608776
Bengaluru City,Shivajinagar Traffic PS,1.04432e+16,2019,1,2,Road Accidents,Junction,City/Town,At pedestrian Crossing,Human Error,No,Damage Only,Vehicle to Vehicle,Signal lights Automatic,Straight and flat,Arterial,Bitumen(Tar),Dry,Not Applicable,Clear,Safina Plaza Junction,Near safina Plaza,1.5 km,12.97928,77.607091
Bengaluru City,Shivajinagar Traffic PS,1.04432e+16,2019,1,2,Road Accidents,Narrow road,City/Town,Near Hospital,Vehicle Defect,No,Grievous Injury,Vehicle to Vehicle,Not at  Junction,Straight and flat,Sub Arterial,Bitumen(Tar),Dry,No influence on accident,Clear,V S N Road,Near Gosha Hospital,1km,12.984176,77.599366
Bengaluru City,Shivajinagar Traffic PS,1.04432e+16,2019,1,1,Road Accidents,Junction,City/Town,Open area,Human Error,Yes,Fatal,Hit pedestrian,Signal lights Automatic,Curve and Incline,Arterial,Bitumen(Tar),Dry,Not Applicable,Clear,V S N Road,Lady jangeer Kothari Memorial Hall,1km,12.984305,77.59737
Bengaluru City,Shivajinagar Traffic PS,1.04432e+16,2019,1,2,Road Accidents,Narrow road,City/Town,Residential area,Human Error,No,Grievous Injury,Vehicle to Vehicle,Not Applicable,Straight and flat,Residential Street,Bitumen(Tar),Dry,Not Applicable,Clear,kamraja road,near vitoba temple,2 km,12.983656,77.611062
Bengaluru City,Shivajinagar Traffic PS,1.04432e+16,2019,1,2,Road Accidents,Junction,City/Town,Open area,Human Error,Not Applicable,Damage Only,Vehicle to Vehicle,Signal lights Automatic,Straight and flat,Arterial,Bitumen(Tar),Dry,Not Applicable,Clear,Cubbon Road,Near Army Canteen,1.5 km,12.979149,77.602406
Bengaluru City,Shivajinagar Traffic PS,1.04432e+16,2019,1,2,Road Accidents,Narrow road,City/Town,Near School or College,Human Error,Not Applicable,Grievous Injury,Vehicle to Vehicle,No signal lights,Straight and flat,Others,Bitumen(Tar),Dry,Not Applicable,Clear,Kamaraja road,Near military Qtrs,1kms,12.979573,77.609615
Bengaluru City,Shivajinagar Traffic PS,1.04432e+16,2019,1,2,Road Accidents,Narrow road,City/Town,Open area,Vehicle Defect,No,Grievous Injury,Vehicle to Vehicle,Give way sign,Others,Arterial,Bitumen(Tar),Dry,No influence on accident,Clear,Cubbon Road,Near Army Supply Depot,1.5 km,12.977688,77.607284
Bengaluru City,Shivajinagar Traffic PS,1.04432e+16,2019,1,1,Road Accidents,Narrow road,City/Town,Near a religious place,Not Applicable,Yes,Grievous Injury,Hit pedestrian,No signal lights,Straight and flat,Others,Bitumen(Tar),Dry,Not Applicable,Clear,M K Street,M K Street,1km,12.98413,77.604606
Bengaluru City,Shivajinagar Traffic PS,1.04432e+16,2019,1,2,Road Accidents,Junction,City/Town,Open area,Vehicle Defect,Not Applicable,Damage Only,Vehicle to Vehicle,Signal lights Automatic,Straight and flat,Sub Arterial,Bitumen(Tar),Dry,No influence on accident,Clear,Cubbon Road,kamaraja road Jn,1.5 km,12.97716,77.608755
Bengaluru City,Shivajinagar Traffic PS,1.04432e+16,2019,1,2,Road Accidents,Bottleneck,City/Town,Residential area,Human Error,Yes,Grievous Injury,Vehicle to Vehicle,No signal lights,Slight Curve,Sub Arterial,Bitumen(Tar),Dry,Not Applicable,Clear,Dickenson Road,Near Dhobighat Jn,2 km,12.980839,77.614482
Bengaluru City,Shivajinagar Traffic PS,1.04432e+16,2020,1,1,Road Accidents,Narrow road,City/Town,Near Bus stop,Human Error,No,Damage Only,Not Applicable,Not at  Junction,Straight and flat,Sub Arterial,Bitumen(Tar),Dry,Construction Work / Material,Clear,Mennakshi Koil Street,Near Shivajinagar Bus Stop,1.5km,12.984228,77.60295
Bengaluru City,Shivajinagar Traffic PS,1.04432e+16,2020,1,1,Road Accidents,Not Applicable,City/Town,Open area,Human Error,No,Simple Injury,Not Applicable,Not at  Junction,Straight and flat,Arterial,Bitumen(Tar),Dry,Not Applicable,Clear,Cubbon Road,Near Military Officesr Mess,2.5 KM,0.0,0.0
Bengaluru City,Shivajinagar Traffic PS,1.04432e+16,2020,1,1,Road Accidents,Narrow road,City/Town,In bazaar,Human Error,No,Simple Injury,Hit pedestrian,Not at  Junction,Straight and flat,One way,Concrete,Dry,Not Applicable,Clear,D K Street,Near Taj Circle,1,0.0,0.0
Bengaluru City,Shivajinagar Traffic PS,1.04432e+16,2020,1,2,Road Accidents,Junction,City/Town,Near Hospital,Human Error,Yes,Simple Injury,Vehicle to Vehicle,Signal lights Automatic,Straight and flat,Arterial,Bitumen(Tar),Dry,No influence on accident,Clear,Queens Road,Near Vetarnary Hospital,1km,0.0,0.0
Bengaluru City,Shivajinagar Traffic PS,1.04432e+16,2020,1,2,Road Accidents,Narrow road,City/Town,Near office complex,Human Error,Yes,Simple Injury,Vehicle to Vehicle,Not at  Junction,Straight and flat,Sub Arterial,Bitumen(Tar),Dry,No influence on accident,Clear,Infantry Road,Near Chaipoint,1.5,0.0,0.0
Bengaluru City,Shivajinagar Traffic PS,1.04432e+16,2020,1,1,Road Accidents,Narrow road,City/Town,Residential area,Road Environment Defect,No,Fatal,Not Applicable,Not at  Junction,Straight and flat,Residential Street,Bitumen(Tar),Others,Not Applicable,Clear,Narayana Pillai Street,Near Saibaba Temple,1.5km,0.0,0.0
Bengaluru City,Shivajinagar Traffic PS,1.04432e+16,2020,1,2,Road Accidents,Circle,City/Town,Near a religious place,Human Error,Yes,Simple Injury,Vehicle to Vehicle,No signal lights,Straight and flat,Sub Arterial,Bitumen(Tar),Dry,Not Applicable,Wind,Gangadhar Chetty  Road,Near RBANMS Ground,1.5kms,0.0,0.0
Bengaluru City,Shivajinagar Traffic PS,1.04432e+16,2020,1,2,Road Accidents,Junction,City/Town,Open area,Human Error,Not Applicable,Simple Injury,Vehicle to Vehicle,Signal lights Automatic,Straight and flat,Arterial,Bitumen(Tar),Dry,Not Applicable,Clear,Cubbon Road & Kamaraja Road Jn,Near Manikshaw Parede Ground,2,0.0,0.0
Bengaluru City,Shivajinagar Traffic PS,1.04432e+16,2020,1,2,Road Accidents,Not Applicable,City/Town,Open area,Human Error,No,Simple Injury,Vehicle to Vehicle,Not at  Junction,Straight and flat,Arterial,Bitumen(Tar),Dry,Not Applicable,Clear,Cubbon Road,Near HAL Corporate Office,1.5 KM,0.0,0.0
Bengaluru City,Shivajinagar Traffic PS,1.04432e+16,2020,1,2,Road Accidents,Junction,City/Town,Residential area,Human Error,No,Simple Injury,Vehicle to Vehicle,No signal lights,Curve,Sub Arterial,Bitumen(Tar),Dry,No influence on accident,Clear,Queens Road,Near Edward Road Junction,1.5Km,12.985194,77.597561
Bengaluru City,Shivajinagar Traffic PS,1.04432e+16,2020,1,4,Road Accidents,Junction,City/Town,Open area,Human Error,No,Damage Only,Vehicle to Vehicle,Signal lights Automatic,Straight and flat,Arterial,Bitumen(Tar),Dry,Not Applicable,Clear,Cubbon Road,Near BRV Jn,1.5 KM,0.0,0.0
Bengaluru City,Shivajinagar Traffic PS,1.04432e+16,2020,1,2,Road Accidents,Not Applicable,City/Town,Open area,Human Error,No,Simple Injury,Vehicle to Vehicle,Not at  Junction,Straight and flat,Arterial,Bitumen(Tar),Dry,Not Applicable,Clear,Cubbon Road,Near Signal Center,1.5,12.978326,77.604969
Bengaluru City,Shivajinagar Traffic PS,1.04432e+16,2020,1,2,Road Accidents,Narrow road,City/Town,In bazaar,Vehicle Defect,No,Damage Only,Vehicle to Vehicle,No signal lights,Straight and flat,Sub Arterial,Bitumen(Tar),Dry,No influence on accident,Clear,Commercial Street,Near Anchal,1.5 KM,0.0,0.0
Bengaluru City,Shivajinagar Traffic PS,1.04432e+16,2020,1,2,Road Accidents,Narrow road,City/Town,Open area,Human Error,Yes,Simple Injury,Vehicle to Vehicle,Not at  Junction,Straight and flat,Arterial,Bitumen(Tar),Dry,Not Applicable,Clear,Queens Road,Near mastan Decor,1,0.0,0.0
Bengaluru City,Shivajinagar Traffic PS,1.04432e+16,2020,1,2,Road Accidents,Junction,City/Town,Open area,Human Error,Yes,Simple Injury,Vehicle to Vehicle,Signal lights Blinking,Straight and flat,Arterial,Bitumen(Tar),Dry,Not Applicable,Clear,Cobbon Road,Main Guard Junction,1.5,0.0,0.0
Bengaluru City,Shivajinagar Traffic PS,1.04432e+16,2021,1,1,Road Accidents,Junction,City/Town,Near office complex,Human Error,No,Fatal,Hit pedestrian,No signal lights,Not Applicable,Two way,Bitumen(Tar),Dry,Not Applicable,Clear,CUBBON ROAD,OPP MILITRY PRO OFFICE,1 KM,12.977865,77.606738
Bengaluru City,Shivajinagar Traffic PS,1.04432e+16,2021,1,2,Road Accidents,Curves,City/Town,Open area,Human Error,No,Grievous Injury,Vehicle to Vehicle,No signal lights,Straight and flat,Arterial,Bitumen(Tar),Dry,Not Applicable,Clear,Cubbon Road,Near K K Sub Area,1.5 km,0.0,0.0
Bengaluru City,Shivajinagar Traffic PS,1.04432e+16,2021,1,2,Road Accidents,Junction,City/Town,Near Hospital,Human Error,No,Fatal,Vehicle to Vehicle,Police / Manual,Others,Sub Arterial,Bitumen(Tar),Dry,Not Applicable,Clear,INFENTRY ROAD AND LADY CURZON ROAD JUNCTION,OPP RAHUL FURNICUTURE,1KM,0.0,0.0
Bengaluru City,Shivajinagar Traffic PS,1.04432e+16,2021,1,2,Road Accidents,Curves,City/Town,Near Hospital,Human Error,No,Damage Only,Vehicle to Vehicle,Not Applicable,Curve,Others,Bitumen(Tar),Dry,Not Applicable,Clear,VENKATASWAMY NAIDU ROAD,NEAR HAJI ISMAIL HOSPITAL,1.5KM,12.984006,77.59802
Bengaluru City,Shivajinagar Traffic PS,1.04432e+16,2021,1,2,Road Accidents,Junction,City/Town,At pedestrian Crossing,Human Error,No,Simple Injury,Vehicle to Vehicle,Signal lights Automatic,Straight and flat,Arterial,Bitumen(Tar),Dry,No influence on accident,Clear,BRV Junction Cubbon Road,Near BRV canteen,2kms,0.0,0.0
Bengaluru City,Shivajinagar Traffic PS,1.04432e+16,2021,1,2,Road Accidents,Junction,City/Town,Open area,Human Error,Yes,Simple Injury,Vehicle to Vehicle,Signal lights Blinking,Straight and flat,Arterial,Bitumen(Tar),Dry,Not Applicable,Fog / Mist,Cubbon Road,Near Main Guard Cross Road Junction,1.5KM,0.0,0.0
Bengaluru City,Shivajinagar Traffic PS,1.04432e+16,2021,1,2,Road Accidents,Junction,City/Town,Open area,Human Error,No,Damage Only,Vehicle to Vehicle,Signal lights Manual,Straight and flat,Arterial,Bitumen(Tar),Dry,Not Applicable,Clear,Cubbon Road,B R V Junction,1.5 KM,0.0,0.0
Bengaluru City,Shivajinagar Traffic PS,1.04432e+16,2021,1,2,Road Accidents,Narrow road,City/Town,Near office complex,Human Error,Yes,Simple Injury,Vehicle to Vehicle,No signal lights,Straight and flat,Arterial,Bitumen(Tar),Dry,Construction Work / Material,Clear,Queens Road,Near Congress Office,1.5 KM,0.0,0.0
Bengaluru City,Shivajinagar Traffic PS,1.04432e+16,2021,1,2,Road Accidents,Junction,City/Town,Near office complex,Human Error,No,Grievous Injury,Vehicle to Vehicle,No signal lights,Others,One way,Bitumen(Tar),Dry,Not Applicable,Clear,CUBBAN ROAD,NEAR TAYOTA CAR SHOWROOM,1 KM,12.985169,77.597549
Bengaluru City,Shivajinagar Traffic PS,1.04432e+16,2021,1,2,Road Accidents,Narrow road,City/Town,Near office complex,Human Error,No,Fatal,Vehicle to Vehicle,Not at  Junction,Straight and flat,Arterial,Bitumen(Tar),Dry,No influence on accident,Clear,Near Army Supply Depot Cubbon Road,Near  Army Supply Depot Office,2 kms,0.0,0.0
Bengaluru City,Shivajinagar Traffic PS,1.04432e+16,2021,1,2,Road Accidents,Junction,City/Town,Open area,Human Error,Not Applicable,Damage Only,Vehicle to Vehicle,Signal lights Automatic,Straight and flat,Arterial,Bitumen(Tar),Dry,Not Applicable,Clear,Kamaraj Road & Cubbon Road Junction,Near Army Supply Depo,1.5 Km,0.0,0.0
Bengaluru City,Shivajinagar Traffic PS,1.04432e+16,2022,1,2,Road Accidents,Junction,City/Town,Near office complex,Human Error,Yes,Simple Injury,Vehicle to Vehicle,No signal lights,Not Applicable,One way,Bitumen(Tar),Dry,Not Applicable,Clear,INFENTRY ROAD,NEAR UNIAN STREET,1 KM,0.0,0.0
Bengaluru City,Shivajinagar Traffic PS,1.04432e+16,2022,1,1,Road Accidents,Junction,City/Town,Near office complex,Human Error,No,Simple Injury,Not Applicable,Police / Manual,Others,One way,Bitumen(Tar),Dry,No influence on accident,Clear,QUEENS ROADS,KPCC OFFICE,1KM,12.98827,77.598788
Bengaluru City,Shivajinagar Traffic PS,1.04432e+16,2022,1,2,Road Accidents,Junction,City/Town,Near office complex,Human Error,No,Simple Injury,Not Applicable,Controlled,Not Applicable,Two way,Bitumen(Tar),Dry,Not Applicable,Clear,LADY CURZON AND INFENTRY ROAD,NEAR LADY CURZON ROAD,1 KM,12.980368,77.603904
Bengaluru City,Shivajinagar Traffic PS,1.04432e+16,2022,1,1,Road Accidents,Junction,City/Town,Near office complex,Human Error,No,Simple Injury,Not Applicable,Police / Manual,Not Applicable,Sub Arterial,Bitumen(Tar),Dry,Not Applicable,Clear,SEN JHON MARKS ROAD,OPP NAGAMMA TEMPLE,2 KM,0.0,0.0
Bengaluru City,Shivajinagar Traffic PS,1.04432e+16,2022,1,2,Road Accidents,Junction,City/Town,Residential area,Human Error,Yes,Grievous Injury,Vehicle to Vehicle,Not Applicable,Curve,Residential Street,Bitumen(Tar),Dry,Not Applicable,Clear,MUNSI AKBAR ROAD,NEAR APPAPILAI SCHOOL,0.5 KM,13.01155,77.606571
Bengaluru City,Shivajinagar Traffic PS,1.04432e+16,2022,1,2,Road Accidents,Narrow road,City/Town,Near office complex,Human Error,Yes,Simple Injury,Vehicle to Vehicle,Not Applicable,Not Applicable,Sub Arterial,Bitumen(Tar),Dry,Not Applicable,Clear,QUEENS ROAD,OPP ASTAR LAB,1 KM,12.98685,77.598227