DISTRICTNAME,UNITNAME,Crime_No,Year,RI,Noofvehicle_involved,Accident_Classification,Accident_Spot,Accident_Location,Accident_SubLocation,Main_Cause,Hit_Run,Severity,Collision_Type,Junction_Control,Road_Character,Road_Type,Surface_Type,Surface_Condition,Road_Condition,Weather,Accident_Road,Landmark_first,Distance_LandMark_First,Latitude,Longitude
Bengaluru City,Shivajinagar Traffic PS,1.04432e+16,2022,1,2,Road Accidents,Junction,City/Town,Near office complex,Human Error,No,Grievous Injury,Vehicle to Vehicle,No signal lights,Not Applicable,Sub Arterial,Bitumen(Tar),Dry,Not Applicable,Clear,INFENTRY ROAD,NEAR MATRIX SHOP,1 KM,0.0,0.0
Bengaluru City,Shivajinagar Traffic PS,1.04432e+16,2022,1,1,Road Accidents,Not Applicable,City/Town,Near office complex,Human Error,No,Fatal,Hit pedestrian,Not at  Junction,Others,Sub Arterial,Concrete,Dry,Not Applicable,Clear,MEENAKSHI KOVIL STREET,OPP SHIVAJINAGAR BUS STAND,1 KM,12.983573,77.603359
Bengaluru City,Shivajinagar Traffic PS,1.04432e+16,2022,1,1,Road Accidents,Junction,City/Town,Near office complex,Human Error,Yes,Simple Injury,Hit bicyclist,Controlled,Not Applicable,Two way,Bitumen(Tar),Dry,Not Applicable,Clear,CUBBAN ROAD,NEAR MILITARY OFFICE,1.5,12.974928,77.605231
Bengaluru City,Shivajinagar Traffic PS,1.04432e+16,2022,1,1,Road Accidents,Not Applicable,City/Town,Near a religious place,Human Error,No,Damage Only,Not Applicable,Uncontrolled,Others,Not Applicable,Bitumen(Tar),Dry,Not Applicable,Fine,CUBBON ROAD,NEAR ANDRU CHURCH,1 KM,12.978775,77.604093
Bengaluru City,Shivajinagar Traffic PS,1.04432e+16,2022,1,2,Road Accidents,Junction,City/Town,Near office complex,Human Error,No,Simple Injury,Vehicle to Vehicle,Controlled,Others,One way,Bitumen(Tar),Dry,Not Applicable,Clear,INFENRY ROAD,NEAR EMPAIR HOTEL,1.5,0.0,0.0
Bengaluru City,Shivajinagar Traffic PS,1.04432e+16,2022,1,1,Road Accidents,Narrow road,City/Town,Near office complex,Human Error,No,Simple Injury,Not Applicable,Not Applicable,Not Applicable,Two way,Bitumen(Tar),Dry,Not Applicable,Fine,CUBBON ROAD,NEAR ARMY SUPPLY DIPPO,1.5,12.977543,77.607642
Bengaluru City,Shivajinagar Traffic PS,1.04432e+16,2022,1,2,Road Accidents,Junction,City/Town,Near office complex,Human Error,No,Damage Only,Vehicle to Vehicle,Controlled,Not Applicable,Two way,Bitumen(Tar),Dry,Not Applicable,Clear,CUBBON ROAD,NEAR MILITARY CANTEEN,1 KM,12.979332,77.602352
Bengaluru City,Shivajinagar Traffic PS,1.04432e+16,2022,1,2,Road Accidents,Junction,City/Town,Open area,Human Error,No,Grievous Injury,Vehicle to Vehicle,Controlled,Not Applicable,Sub Arterial,Bitumen(Tar),Dry,Not Applicable,Clear,CUBBON ROAD,KR ROAD AND CUBBON ROAD JUNCTION,1.5 KM,12.9771869,77.6087348
Bengaluru City,Shivajinagar Traffic PS,1.04432e+16,2022,1,2,Road Accidents,Not Applicable,City/Town,Near office complex,Human Error,Yes,Grievous Injury,Vehicle to Vehicle,Not Applicable,Curve,Sub Arterial,Bitumen(Tar),Dry,Not Applicable,Clear,INFENTRY ROAD,NEAR SUPER BAJAR,1 KM,12.980935,77.604125
Bengaluru City,Shivajinagar Traffic PS,1.04432e+16,2022,1,2,Road Accidents,Junction,City/Town,Near office complex,Human Error,No,Simple Injury,Vehicle to Vehicle,Police / Manual,Not Applicable,Sub Arterial,Bitumen(Tar),Dry,Not Applicable,Fine,INFENTRY ROAD,OPP MATRIX SHOP,1.5,12.98125,77.601336
Bengaluru City,Shivajinagar Traffic PS,1.04432e+16,2022,1,2,Road Accidents,Junction,Rural Areas,Near office complex,Human Error,No,Simple Injury,Vehicle to Vehicle,Not Applicable,Not Applicable,Sub Arterial,Bitumen(Tar),Dry,Not Applicable,Clear,ARMY SUPPLY DEPO,NEAR PRO OFFICE,1 KM,12.977478,77.607637
Bengaluru City,Shivajinagar Traffic PS,1.04432e+16,2022,1,2,Road Accidents,Narrow road,City/Town,Open area,Human Error,Yes,Grievous Injury,Vehicle to Vehicle,Not Applicable,Not Applicable,Sub Arterial,Bitumen(Tar),Dry,Not Applicable,Clear,CUBBON ROAD,OPP MANIK SHA PARADE GROUND,1.5,0.0,0.0
Bengaluru City,Shivajinagar Traffic PS,1.04432e+16,2022,1,1,Road Accidents,Narrow road,City/Town,Near office complex,Human Error,No,Fatal,Hit pedestrian,Not at  Junction,Straight and flat,One way,Bitumen(Tar),Dry,No influence on accident,Fine,ST JHONS ROAD,NEAR BBMP OFFICE,1.5KMS,0.0,0.0
Bengaluru City,Shivajinagar Traffic PS,1.04432e+16,2022,1,2,Road Accidents,Junction,City/Town,Near office complex,Human Error,No,Simple Injury,Vehicle to Vehicle,Police / Manual,Not Applicable,Others,Bitumen(Tar),Dry,Not Applicable,Clear,INFENTRY ROAD,OPP RAHUL FURINUTURE,1 KM,12.980374,77.603878
Bengaluru City,Shivajinagar Traffic PS,1.04432e+16,2022,1,1,Road Accidents,Not Applicable,City/Town,Near Hospital,Human Error,Yes,Grievous Injury,Hit pedestrian,No signal lights,Not Applicable,Two way,Bitumen(Tar),Dry,Not Applicable,Clear,MEENAKSHI COVIL STREET,NEAR CHURCH,1 KM,12.9841128,77.6043838
Bengaluru City,Shivajinagar Traffic PS,1.04432e+16,2022,1,1,Road Accidents,Narrow road,City/Town,Near office complex,Human Error,Yes,Simple Injury,Hit pedestrian,Controlled,Others,One way,Bitumen(Tar),Dry,No influence on accident,Clear,#ST JHON ROAD NEAR POST OFFICE,NEAR POST OFFICE,2.5KM,12.982396,77.612455
Bengaluru City,Shivajinagar Traffic PS,1.04432e+16,2022,1,2,Road Accidents,Junction,City/Town,Near office complex,Human Error,No,Grievous Injury,Vehicle to Vehicle,Controlled,Not Applicable,Sub Arterial,Bitumen(Tar),Dry,Not Applicable,Clear,CUBBON ROAD,NEAR PRO OFFICE,1 KM,12.97792,77.606645
Bengaluru City,Shivajinagar Traffic PS,1.04432e+16,2022,1,2,Road Accidents,Junction,City/Town,Near office complex,Human Error,Yes,Grievous Injury,Vehicle to Vehicle,Controlled,Not Applicable,Two way,Bitumen(Tar),Dry,Not Applicable,Clear,VENKATASWAMY NAIDU ROAD,NEAR BALEKUNDRI CIRCLE,1.5 KM,12.98396,77.597712
Bengaluru City,Shivajinagar Traffic PS,1.04432e+16,2023,1,2,Road Accidents,Narrow road,City/Town,Near office complex,Human Error,Yes,Grievous Injury,Vehicle to Vehicle,Controlled,Straight and flat,Sub Arterial,Bitumen(Tar),Dry,Not Applicable,Clear,QUEENS ROAD,QUEENS ROAD,1KM,0.0,0.0
Bengaluru City,Shivajinagar Traffic PS,1.04432e+16,2023,1,2,Road Accidents,Junction,City/Town,Open area,Human Error,No,Fatal,Vehicle to Vehicle,Controlled,Others,Sub Arterial,Bitumen(Tar),Wet,Not Applicable,Light Rain,"MAINGUARD CROSS ROAD JUNCTION, CUBBON ROAD,SHIVAJI NAGAR",NEAR MANIKSHA PARED GROUND,1KM,12.977812,77.606884
Bengaluru City,Shivajinagar Traffic PS,1.04432e+16,2023,1,2,Road Accidents,Circle,City/Town,In bazaar,Human Error,No,Grievous Injury,Vehicle to Vehicle,Controlled,Curve,Others,Concrete,Dry,No influence on accident,Others,Church Narona Road,Near RMS Junction,500Mtr,0.0,0.0
Bengaluru City,Shivajinagar Traffic PS,1.04432e+16,2023,1,1,Road Accidents,Railway crossing,City/Town,Near Hospital,Human Error,Yes,Fatal,Hit pedestrian,Uncontrolled,Not Applicable,One way,Bitumen(Tar),Others,Not Applicable,Not Applicable,QUEENS & THIMMAIAH ROAD,NEAR SHIFAA HOSPITAL,500Mtr,12.989406,77.599329
Bengaluru City,Shivajinagar Traffic PS,1.04432e+16,2023,1,1,Road Accidents,Not Applicable,City/Town,At pedestrian Crossing,Human Error,Yes,Grievous Injury,Hit pedestrian,Not at  Junction,Not Applicable,One way,Bitumen(Tar),Not Applicable,Not Applicable,Clear,QUEENS ROAD SHIVAJINAGAR,NEAR I CAR SHOWROOM,1 KM,12.988326,77.598792
Bengaluru City,Shivajinagar Traffic PS,1.04432e+16,2023,1,1,Road Accidents,Not Applicable,City/Town,Open area,Human Error,Yes,Fatal,Not Applicable,Not at  Junction,Others,Sub Arterial,Bitumen(Tar),Dry,No influence on accident,Clear,"CUBBON ROAD, SHIVAJINAGAR",NEAR OFFICERS MESS GATE CUBBON ROAD SHIVAJINAGAR,2 KM,12.976325,77.6115699
Bengaluru City,Shivajinagar Traffic PS,1.04432e+16,2023,1,2,Road Accidents,Not Applicable,City/Town,Open area,Human Error,Yes,Grievous Injury,Vehicle to Vehicle,Not at  Junction,Others,Sub Arterial,Bitumen(Tar),Not Applicable,No influence on accident,Others,"CUBBON ROAD, SHIVAJINAGAR",NEAR RSI GATE,SOUTH,0.0,0.0
Bengaluru City,Shivajinagar Traffic PS,1.04432e+16,2023,1,1,Road Accidents,Not Applicable,City/Town,Open area,Human Error,No,Grievous Injury,Hit pedestrian,Uncontrolled,Others,Sub Arterial,Bitumen(Tar),Not Applicable,No influence on accident,Clear,CONTONMENT ROAD,NEAR BAMBU BAZAAR CIRCLE,500MTR,0.0,0.0
Bengaluru City,Shivajinagar Traffic PS,1.04432e+16,2023,1,1,Road Accidents,Junction,City/Town,Near Bus stop,Human Error,No,Grievous Injury,Hit pedestrian,Controlled,Not Applicable,Sub Arterial,Bitumen(Tar),Dry,Not Applicable,Clear,"VENKATA SWAMY NAIDU ROAD, SHIVAJI NAGAR",1,1 km,12.984021,77.597662
Bengaluru City,Shivajinagar Traffic PS,1.04432e+16,2023,1,1,Road Accidents,Narrow road,City/Town,Near Hospital,Not Applicable,No,Grievous Injury,Hit bicyclist,Controlled,Straight and flat,Sub Arterial,Bitumen(Tar),Not Applicable,Not Applicable,Clear,QUEENS ROAD,KPCC OFFICE,1KM,0.0,0.0
Bengaluru City,Shivajinagar Traffic PS,1.04432e+16,2023,1,1,Road Accidents,Narrow road,City/Town,Near Hospital,Not Applicable,No,Grievous Injury,Hit pedestrian,Controlled,Straight and flat,Sub Arterial,Bitumen(Tar),Others,Not Applicable,Fine,QUEENS ROAD,QUEENS ROAD,0.5 KM,0.0,0.0
Bengaluru City,Shivajinagar Traffic PS,1.04432e+16,2023,1,1,Road Accidents,Cross roads,City/Town,Near office complex,Human Error,No,Grievous Injury,Hit bicyclist,Controlled,Curve,Sub Arterial,Bitumen(Tar),Not Applicable,Not Applicable,Clear,CUNNINGHAM ROAD,NEAR HINDU PRESS,01KM,0.0,0.0
Bengaluru City,Shivajinagar Traffic PS,1.04432e+16,2023,1,2,Road Accidents,Junction,City/Town,Near School or College,Human Error,No,Damage Only,Vehicle to Vehicle,Controlled,Straight and flat,Sub Arterial,Bitumen(Tar),Dry,Not Applicable,Clear,INFANTRY ROAD,INFANTRY ROAD,1KM,12.979862,77.605448
Bengaluru City,Shivajinagar Traffic PS,1.04432e+16,2023,1,2,Road Accidents,Junction,City/Town,Near School or College,Not Applicable,No,Damage Only,Vehicle to Vehicle,Controlled,Others,Sub Arterial,Bitumen(Tar),Others,Not Applicable,Fine,INFANTRY ROAD,IN FANTRY ROAD,1 KM,0.0,0.0
Bengaluru City,Shivajinagar Traffic PS,1.04432e+16,2023,1,1,Road Accidents,Not Applicable,City/Town,Open area,Human Error,Yes,Grievous Injury,Not Applicable,Controlled,Others,Arterial,Gravel,Others,No influence on accident,Clear,CUBBON ROAD,NEAR CUBBON ROAD SHIVAJINAGAR,1KM,12.977489,77.608896
Bengaluru City,Shivajinagar Traffic PS,1.04432e+16,2023,1,1,Road Accidents,Junction,City/Town,Open area,Human Error,No,Grievous Injury,Not Applicable,Controlled,Not Applicable,Sub Arterial,Bitumen(Tar),Dry,Not Applicable,Cloudy,CUBBON ROAD,NEAR MAINGUARD JUNCTION,1 KM,0.0,0.0
Bengaluru City,Shivajinagar Traffic PS,1.04432e+16,2023,1,2,Road Accidents,Junction,City/Town,Open area,Human Error,No,Fatal,Vehicle to Vehicle,Controlled,Straight and flat,Sub Arterial,Bitumen(Tar),Dry,Not Applicable,Clear,"MAIN GUARD CROSS RIAD,CUBBON RAOD, SHIVAJINAGAR.",1,1KM,12.977799,77.606676
Bengaluru City,Shivajinagar Traffic PS,1.04432e+16,2023,1,2,Road Accidents,Junction,City/Town,Open area,Human Error,Yes,Damage Only,Vehicle to Vehicle,Controlled,Others,Major District Road,Bitumen(Tar),Not Applicable,No influence on accident,Clear,"CUBBOB ROAD, SHIVAJINAGAR",1 KM FROM PS,1KM,12.979293,77.602426
Bengaluru City,Shivajinagar Traffic PS,1.04432e+16,2023,1,2,Road Accidents,Junction,City/Town,In bazaar,Human Error,No,Damage Only,Vehicle to Vehicle,Signals (Working),Others,Minor District Road,Surfaced,Dry,No influence on accident,Clear,CENTRAL STREET ROAD,CENTRAL STREET JUNCTION,1KM,0.0,0.0
Bengaluru City,Shivajinagar Traffic PS,1.04432e+16,2023,1,2,Road Accidents,Narrow road,City/Town,Near Petrol Pump,Human Error,No,Grievous Injury,Vehicle to Vehicle,Controlled,Straight and flat,Sub Arterial,Bitumen(Tar),Dry,Not Applicable,Fine,THIMMAIAH ROAD,THIMMAIAH ROAD,0.5 KM,12.990124,77.600909
Bengaluru City,Thalaghattapura PS,1.04431e+16,2016,1,2,Road Accidents,Other,City/Town,Open area,Not Applicable,Not Applicable,Grievous Injury,Others,Controlled,Others,City or Town Road,Bitumen(Tar),Dry,Not Applicable,Clear,Tar,Nice Road,1,0.0,0.0
Bengaluru City,Thalaghattapura PS,1.04431e+16,2016,1,1,Road Accidents,Bridge,Rural Areas,Open area,Not Applicable,No,Fatal,Skidding or Self accident,Controlled,Others,Two way,Concrete,Dry,Not Applicable,Clear,Nice Road,Sompur Bridge,2km,0.0,0.0
Bengaluru City,Thalaghattapura PS,1.04431e+16,2016,1,1,Rail Road Accidents,Cross roads,Not Applicable,In bazaar,Not Applicable,No,Simple Injury,Hit and Run,Police / Manual,Hump,One way,Kutcha,Flooded,Engineering Defect of Road,Strong Wind,1,2,2 KMS,0.0,0.0
Bengaluru City,Thalaghattapura PS,1.04431e+16,2016,1,1,Road Accidents,Other,City/Town,Near School or College,Not Applicable,Yes,Fatal,Others,Controlled,Others,Others,Bitumen(Tar),Dry,Not Applicable,Clear,209 NH,Near Sophiya School,1,0.0,0.0
Bengaluru City,Thalaghattapura PS,1.04431e+16,2016,1,2,Not Applicable,Round about or Circle,City/Town,Near Bus stop,Road Environment Defect,No,Simple Injury,Others,Police / Manual,Others,NH,Gravel,Dry,Not Applicable,Others,NH,ADIGAS HOTEL OPPOSITE,1 KMS,0.0,0.0
Bengaluru City,Thalaghattapura PS,1.04431e+16,2016,1,1,Road Accidents,Other,City/Town,Open area,Not Applicable,Not Applicable,Fatal,Others,Controlled,Others,City or Town Road,Bitumen(Tar),Dry,Not Applicable,Clear,NH,Indian petrol Bunk,2,0.0,0.0
Bengaluru City,Thalaghattapura PS,1.04431e+16,2016,1,1,Road Accidents,Not Applicable,City/Town,Residential area,Human Error,Yes,Grievous Injury,Side impact or Right angle,Not Applicable,Not Applicable,Residential Street,Bitumen(Tar),Not Applicable,Not Applicable,Others,SLV Residency Apartment,SLV Residency Apartment,2 km,0.0,0.0
Bengaluru City,Thalaghattapura PS,1.04431e+16,2016,1,1,Road Accidents,Other,City/Town,Open area,Not Applicable,No,Fatal,Others,Controlled,Others,Others,Bitumen(Tar),Dry,Not Applicable,Clear,100 FEET RAOD,NEAR BISLERY FACTORY,1KM,0.0,0.0
Bengaluru City,Thalaghattapura PS,1.04431e+16,2016,1,2,Road Accidents,Other,City/Town,Residential area,Not Applicable,Yes,Fatal,Hit and Run,Not Applicable,Others,Others,Bitumen(Tar),Others,Not Applicable,Clear,Tar Road,Croos Road,2,0.0,0.0
Bengaluru City,Thalaghattapura PS,1.04431e+16,2016,1,1,Road Accidents,Other,City/Town,Residential area,Not Applicable,No,Fatal,Skidding or Self accident,Controlled,Not Applicable,NH,Bitumen(Tar),Dry,Not Applicable,Clear,NH,Adigas Hotel,1,0.0,0.0
Bengaluru City,Thalaghattapura PS,1.04431e+16,2016,1,1,Not Applicable,Not Applicable,City/Town,Residential area,Human Error,Not Applicable,Simple Injury,Not Applicable,Not Applicable,Others,Two way,Bitumen(Tar),Dry,Not Applicable,Fine,"Thalagattapura, Kanakapura Main Road",Kanakapura Main Road,0.5 KM,0.0,0.0
Bengaluru City,Thalaghattapura PS,1.04431e+16,2016,1,2,Road Accidents,Bridge,Rural Areas,Open area,Human Error,No,Simple Injury,Right Turn Collision,Not Applicable,Others,Two way,Not Applicable,Dry,Drainage Ditch,Clear,Nice Road,Bridge,2,0.0,0.0
Bengaluru City,Thalaghattapura PS,1.04431e+16,2016,1,2,Road Accidents,Narrow road,City/Town,Residential area,Human Error,Yes,Damage Only,Others,Not Applicable,Others,Two way,Bitumen(Tar),Dry,Not Applicable,Fine,Kanakapura Main Road,Kanakapura Main Road,1 KM,0.0,0.0
Bengaluru City,Thalaghattapura PS,1.04431e+16,2016,1,2,Road Accidents,Narrow road,City/Town,Residential area,Human Error,Not Applicable,Grievous Injury,Not Applicable,Not Applicable,Not Applicable,One way,Bitumen(Tar),Dry,Not Applicable,Fine,Nice Road,Nice Road,2km,0.0,0.0
Bengaluru City,Thalaghattapura PS,1.04431e+16,2016,1,2,Road Accidents,Other,City/Town,Residential area,Human Error,Yes,Grievous Injury,Others,Not Applicable,Others,One way,Bitumen(Tar),Dry,Not Applicable,Fine,Nice Road,Nice Road,2,0.0,0.0
Bengaluru City,Thalaghattapura PS,1.04431e+16,2016,1,1,Road Accidents,Other,City/Town,Residential area,Vehicle Defect,Yes,Fatal,Hit and Run,No signal lights,Not Applicable,City or Town Road,Bitumen(Tar),Not Applicable,Not Applicable,Not Applicable,100 feet road,Nandini milk parlour,2,0.0,0.0
Bengaluru City,Thalaghattapura PS,1.04431e+16,2016,1,1,Road Accidents,Other,City/Town,Open area,Not Applicable,No,Fatal,Others,Controlled,Others,Others,Not Applicable,Dry,Not Applicable,Clear,Nice road,2 Km,2 km,0.0,0.0
Bengaluru City,Thalaghattapura PS,1.04431e+16,2016,1,2,Road Accidents,Other,City/Town,Residential area,Human Error,Yes,Simple Injury,Others,Not Applicable,Others,Two way,Bitumen(Tar),Dry,Not Applicable,Fine,Konasandra,Konasandra,2km,0.0,0.0
Bengaluru City,Thalaghattapura PS,1.04431e+16,2016,1,2,Road Accidents,Other,City/Town,Residential area,Not Applicable,Not Applicable,Not Applicable,Overturning,Controlled,Others,City or Town Road,Bitumen(Tar),Dry,Not Applicable,Clear,Kanakapura Main Road,Near Para Mountain Garden,1,0.0,0.0
Bengaluru City,Thalaghattapura PS,1.04431e+16,2016,1,1,Not Applicable,Not Applicable,City/Town,Open area,Human Error,No,Grievous Injury,Others,Uncontrolled,Not Applicable,City or Town Road,Bitumen(Tar),Not Applicable,Not Applicable,Not Applicable,80 FEET ROAD,KARISHMA HILLS,3 KM,0.0,0.0
Bengaluru City,Thalaghattapura PS,1.04431e+16,2016,1,2,Road Accidents,Other,Not Applicable,Open area,Not Applicable,Not Applicable,Fatal,Overturning,Controlled,Not Applicable,Expressway,Not Applicable,Dry,Not Applicable,Clear,Nice Road,Anjanapura Lake,5 km,0.0,0.0
Bengaluru City,Thalaghattapura PS,1.04431e+16,2016,1,1,Not Applicable,Cross roads,Not Applicable,Open area,Not Applicable,No,Not Applicable,Not Applicable,Not Applicable,Not Applicable,Not Applicable,Bitumen(Tar),Not Applicable,Not Applicable,Not Applicable,Konasandra,0,0,0.0,0.0
Bengaluru City,Thalaghattapura PS,1.04431e+16,2016,1,2,Rail Road Accidents,Other,City/Town,Open area,Not Applicable,No,Grievous Injury,Rear end,Controlled,Others,Others,Bitumen(Tar),Dry,Not Applicable,Clear,Tar Road,Near Pravison Store,1,0.0,0.0
Bengaluru City,Thalaghattapura PS,1.04431e+16,2016,1,1,Rail Road Accidents,Narrow road,City/Town,Residential area,Not Applicable,No,Simple Injury,Not Applicable,Not Applicable,Not Applicable,NH,Not Applicable,Not Applicable,Not Applicable,Fine,KKP Main Raod,KKP Main Raod,1,0.0,0.0
Bengaluru City,Thalaghattapura PS,1.04431e+16,2016,1,1,Rail Road Accidents,Narrow road,City/Town,Residential area,Human Error,No,Grievous Injury,Others,Not Applicable,Others,Residential Street,Bitumen(Tar),Dry,Not Applicable,Clear,Opp Nice Toll Kanakapura Main Road,Kanakapura Main Road,0.5 KM,0.0,0.0
Bengaluru City,Thalaghattapura PS,1.04431e+16,2016,1,1,Not Applicable,Not Applicable,City/Town,Near Bus stop,Not Applicable,No,Simple Injury,Not Applicable,No signal lights,Not Applicable,City or Town Road,Bitumen(Tar),Not Applicable,Not Applicable,Not Applicable,Tippu circle,Tippu circle,5,0.0,0.0
Bengaluru City,Thalaghattapura PS,1.04431e+16,2016,1,2,Road Accidents,Narrow road,City/Town,Residential area,Human Error,No,Fatal,Others,Not at  Junction,Others,One way,Bitumen(Tar),Dry,Not Applicable,Fine,"Nice Road, Near Sompura Bridge",Nice Road,1,12.52131592,77.307777
Bengaluru City,Thalaghattapura PS,1.04431e+16,2016,1,2,Not Applicable,Other,City/Town,Open area,Human Error,No,Grievous Injury,Others,Not Applicable,Others,Two way,Bitumen(Tar),Dry,Not Applicable,Others,80 Feet Road,80 Feet Road,1 KM,0.0,0.0
Bengaluru City,Thalaghattapura PS,1.04431e+16,2016,1,1,Not Applicable,Bridge,City/Town,Open area,Not Applicable,No,Fatal,Drowned,Uncontrolled,Not Applicable,Others,Concrete,Not Applicable,Not Applicable,Others,Nice Road,Not Applicable,Half,0.0,0.0
Bengaluru City,Thalaghattapura PS,1.04431e+16,2016,1,2,Road Accidents,Narrow road,City/Town,Residential area,Human Error,No,Damage Only,Others,Not Applicable,Others,One way,Bitumen(Tar),Dry,Not Applicable,Fine,"Near Kanakapura Toll, Nice Road",Nice Road,1 KM,0.0,0.0
Bengaluru City,Thalaghattapura PS,1.04431e+16,2016,1,1,Not Applicable,Not Applicable,City/Town,Residential area,Not Applicable,Yes,Grievous Injury,Others,Not Applicable,Others,Not Applicable,Bitumen(Tar),Dry,Not Applicable,Others,Tulasipura Main Road,Tulasipura Main Road,2 Km,0.0,0.0
Bengaluru City,Thalaghattapura PS,1.04431e+16,2016,1,1,Not Applicable,Culvert,City/Town,Open area,Not Applicable,No,Fatal,Not Applicable,Controlled,Straight and flat,Others,Not Applicable,Dry,Not Applicable,Clear,Nice Road,Nice road,2.5 km,0.0,0.0
Bengaluru City,Thalaghattapura PS,1.04431e+16,2016,1,2,Road Accidents,Other,Rural Areas,Near Bus stop,Not Applicable,No,Simple Injury,Not Applicable,Signals (Working),Curve,NH,Gravel,Dry,Not Applicable,Very Cold,NH,COCACOLA FACTORY,0.5 KM,0.0,0.0
Bengaluru City,Thalaghattapura PS,1.04431e+16,2016,1,2,Road Accidents,Not Applicable,City/Town,Residential area,Human Error,Yes,Grievous Injury,Others,Not Applicable,Not Applicable,One way,Bitumen(Tar),Dry,Not Applicable,Fine,Nice Road,Kanakaprua Road Toll,1 KM,0.0,0.0
Bengaluru City,Thalaghattapura PS,1.04431e+16,2016,1,2,Road Accidents,Bridge,City/Town,Open area,Not Applicable,No,Grievous Injury,Rear end,Controlled,Not Applicable,Others,Bitumen(Tar),Dry,Not Applicable,Clear,Nice Road,NAgegowdana Palya,2,0.0,0.0
Bengaluru City,Thalaghattapura PS,1.04431e+16,2016,1,2,Road Accidents,Other,City/Town,Open area,Not Applicable,Yes,Grievous Injury,Others,Controlled,Others,Others,Bitumen(Tar),Dry,Not Applicable,Clear,Nice Road,Nice Tol,2,0.0,0.0
Bengaluru City,Thalaghattapura PS,1.04431e+16,2016,1,1,Not Applicable,Narrow road,Not Applicable,Open area,Not Applicable,Not Applicable,Simple Injury,Not Applicable,No signal lights,Not Applicable,NH,Not Applicable,Not Applicable,Not Applicable,Not Applicable,KKP Road,KKP Road,1,0.0,0.0
Bengaluru City,Thalaghattapura PS,1.04431e+16,2016,1,2,Road Accidents,Narrow road,City/Town,Residential area,Human Error,No,Grievous Injury,Not Applicable,Not Applicable,Not Applicable,Residential Street,Bitumen(Tar),Dry,Not Applicable,Fine,"Pipe Lane Road, Nagegowndanapalya",Nagegowdanapalya,1 KM,0.0,0.0
Bengaluru City,Thalaghattapura PS,1.04431e+16,2016,1,1,Road Accidents,Other,City/Town,Residential area,Human Error,Not Applicable,Grievous Injury,Not Applicable,Not Applicable,Others,Two way,Bitumen(Tar),Dry,Not Applicable,Others,"Alahalli, 1st Main",Alahalli,2km,0.0,0.0
Bengaluru City,Thalaghattapura PS,1.04431e+16,2016,1,2,Not Applicable,Other,City/Town,Residential area,Not Applicable,No,Grievous Injury,Others,Controlled,Others,Others,Bitumen(Tar),Dry,Not Applicable,Clear,Near Nagegowdanapalya  Bridge,Near Nagegowdanapalya  Bridge,2,0.0,0.0
Bengaluru City,Thalaghattapura PS,1.04431e+16,2016,1,2,Road Accidents,Other,City/Town,Open area,Not Applicable,Not Applicable,Grievous Injury,Others,Controlled,Others,Others,Bitumen(Tar),Dry,Not Applicable,Clear,NH209,Near Cococola Factory,1,0.0,0.0
Bengaluru City,Thalaghattapura PS,1.04431e+16,2016,1,2,Road Accidents,Narrow road,City/Town,Residential area,Human Error,Not Applicable,Damage Only,Others,Not Applicable,Others,Two way,Bitumen(Tar),Dry,Not Applicable,Others,Nice Road,Nice Road,2km,0.0,0.0
Bengaluru City,Thalaghattapura PS,1.04431e+16,2016,1,2,Road Accidents,Not Applicable,City/Town,Open area,Not Applicable,Not Applicable,Fatal,Others,Not Applicable,Others,Others,Bitumen(Tar),Dry,Not Applicable,Clear,Tar Road,Road,2,0.0,0.0
Bengaluru City,Thalaghattapura PS,1.04431e+16,2016,1,1,Rail Road Accidents,Road hump or Rumble strips,Rural Areas,Near or inside a village,Vehicle Defect,No,Simple Injury,Others,Police / Manual,Curve,NH,Gravel,Dry,Pot holed,Mist or Fog,NICE ROAD,NICE ROAD,1 KMS,0.0,0.0
Bengaluru City,Thalaghattapura PS,1.04431e+16,2016,1,2,Road Accidents,Other,City/Town,Residential area,Not Applicable,Yes,Grievous Injury,Others,Controlled,Others,City or Town Road,Bitumen(Tar),Dry,Not Applicable,Clear,80 Feet Road,DS MAX Apartment,2,0.0,0.0
Bengaluru City,Thalaghattapura PS,1.04431e+16,2016,1,1,Road Accidents,Other,City/Town,Near a religious place,Human Error,No,Fatal,Others,Not at  Junction,Not Applicable,One way,Bitumen(Tar),Dry,Not Applicable,Fine,Nice Road,Nice Road,2km,0.0,0.0
Bengaluru City,Thalaghattapura PS,1.04431e+16,2016,1,1,Road Accidents,Bridge,Rural Areas,Narrow bridge or culverts,Not Applicable,No,Fatal,Skidding or Self accident,Controlled,Straight and flat,Others,Not Applicable,Others,Not Applicable,Clear,Nice Road,Nice Road,km,0.0,0.0
Bengaluru City,Thalaghattapura PS,1.04431e+16,2016,1,1,Road Accidents,Narrow road,City/Town,Open area,Human Error,No,Damage Only,Others,Not at  Junction,Others,Two way,Bitumen(Tar),Dry,Not Applicable,Fine,"80 Feet Road, Near Andra Bank",80 Feet Road,2km,0.0,0.0
Bengaluru City,Thalaghattapura PS,1.04431e+16,2016,1,1,Road Accidents,Narrow road,City/Town,Residential area,Not Applicable,No,Simple Injury,Others,Not Applicable,Not Applicable,City or Town Road,Bitumen(Tar),Dry,Not Applicable,Clear,"Near Ganigarapalya, 100 Feet Raod",100 Feet Raod,1 KM,0.0,0.0
Bengaluru City,Thalaghattapura PS,1.04431e+16,2016,1,2,Other Railway Accidents,Junction,City/Town,In bazaar,Human Error,No,Fatal,Hit bicyclist,Not Applicable,Curve and Incline,Minor District Road,Gravel,Flooded,No influence on accident,Not Applicable,NH-209,NEAR METRO STATION,0.5 KM,0.0,0.0