DISTRICTNAME,UNITNAME,Crime_No,Year,RI,Noofvehicle_involved,Accident_Classification,Accident_Spot,Accident_Location,Accident_SubLocation,Main_Cause,Hit_Run,Severity,Collision_Type,Junction_Control,Road_Character,Road_Type,Surface_Type,Surface_Condition,Road_Condition,Weather,Accident_Road,Landmark_first,Distance_LandMark_First,Latitude,Longitude
Bengaluru City,Upparpet Traffic PS,1.04432e+16,2022,1,2,Road Accidents,Junction,City/Town,Near office complex,Human Error,No,Grievous Injury,Vehicle to Vehicle,Police / Manual,Incline,One way,Bitumen(Tar),Dry,Not Applicable,Clear,K G Road,Alankar Plaza,0.5 Km,12.975125,77.576345
Bengaluru City,Upparpet Traffic PS,1.04432e+16,2022,1,1,Road Accidents,Junction,City/Town,Near Bus stop,Not Applicable,No,Simple Injury,Hit pedestrian,Signal lights Automatic,Incline,One way,Bitumen(Tar),Dry,Not Applicable,Clear,T B Road,Chikkan County Hotel,0.5 KM,12.975591,77.574705
Bengaluru City,Upparpet Traffic PS,1.04432e+16,2022,1,1,Road Accidents,Not Applicable,City/Town,Near Bus stop,Human Error,No,Grievous Injury,Hit pedestrian,No signal lights,Curve and Incline,Not Applicable,Bitumen(Tar),Dry,Not Applicable,Clear,KSRTC BUS Stop Tarminal-2A,KSRTC Terminal 2A Bus Stand,1 Km,12.976512,77.57117
Bengaluru City,Upparpet Traffic PS,1.04432e+16,2022,1,3,Not Applicable,Junction,City/Town,Near office complex,Human Error,No,Damage Only,Vehicle to Vehicle,No signal lights,Incline,One way,Bitumen(Tar),Dry,Not Applicable,Clear,Y Ramachandar Road,T O T Jungation,0.1 Km,12.977011,77.577295
Bengaluru City,Upparpet Traffic PS,1.04432e+16,2022,1,1,Road Accidents,Curves,City/Town,Near Bus stop,Human Error,No,Simple Injury,Hit pedestrian,No signal lights,Curve,One way,Bitumen(Tar),Dry,Not Applicable,Clear,BMTC Service Road,BMTC BUS STOP,0.1 Km,12.977701,77.573227
Bengaluru City,Upparpet Traffic PS,1.04432e+16,2022,1,1,Road Accidents,Cross roads,City/Town,Near Bus stop,Human Error,No,Simple Injury,Not Applicable,No signal lights,Curve,Others,Bitumen(Tar),Dry,Not Applicable,Clear,Y Ramachandar Road,Palace Cross Juncition,1 Km,12.975128,77.582363
Bengaluru City,Upparpet Traffic PS,1.04432e+16,2022,1,1,Road Accidents,Not Applicable,City/Town,Near Bus stop,Human Error,Yes,Grievous Injury,Hit pedestrian,No signal lights,Curve and Incline,One way,Bitumen(Tar),Dry,Not Applicable,Clear,T B Road,Bus Stop,0.5 Km,12.976094,77.574682
Bengaluru City,Upparpet Traffic PS,1.04432e+16,2023,1,1,Road Accidents,Not Applicable,City/Town,Near School or College,Human Error,Yes,Fatal,Hit pedestrian,Police / Manual,Incline,Not Applicable,Bitumen(Tar),Dry,Not Applicable,Others,Y Ramachandar Road,Near Palace Cross,0.5 KM,12.959168,77.571287
Bengaluru City,Upparpet Traffic PS,1.04432e+16,2023,1,2,Road Accidents,Junction,City/Town,Near Bus stop,Human Error,No,Damage Only,Vehicle to Vehicle,Police / Manual,Incline,One way,Bitumen(Tar),Dry,Not Applicable,Clear,T B Road,Amar Junction,0.5 KM,12.977452,77.574249
Bengaluru City,Upparpet Traffic PS,1.04432e+16,2023,1,1,Road Accidents,Curves,City/Town,Near Bus stop,Human Error,Yes,Simple Injury,Hit pedestrian,Police / Manual,Incline,One way,Bitumen(Tar),Dry,Not Applicable,Clear,Danwntari Road,Amar Junction,1 Km,12.977569,77.573995
Bengaluru City,Upparpet Traffic PS,1.04432e+16,2023,1,1,Road Accidents,Not Applicable,City/Town,Near office complex,Human Error,Yes,Fatal,Hit pedestrian,Police / Manual,Incline,One way,Bitumen(Tar),Dry,Not Applicable,Clear,Sheshadri Road,Sheshadri Road Near Tata Concenancy,01 Km,12.976111,77.573915
Bengaluru City,Upparpet Traffic PS,1.04432e+16,2023,1,2,Road Accidents,Junction,City/Town,Near office complex,Human Error,Yes,Simple Injury,Vehicle to Vehicle,Signal lights Blinking,Incline,One way,Bitumen(Tar),Dry,Not Applicable,Clear,K G Road,Pothys Showroom,0.5 KM,12.974276,77.578219
Bengaluru City,Upparpet Traffic PS,1.04432e+16,2023,1,2,Road Accidents,Junction,City/Town,Near Petrol Pump,Human Error,No,Grievous Injury,Vehicle to Vehicle,Police / Manual,Incline,One way,Bitumen(Tar),Dry,Not Applicable,Others,Y Ramachandar Road,Nandini Hotel,0.5 KM,12.977021,77.577302
Bengaluru City,Upparpet Traffic PS,1.04432e+16,2023,1,1,Road Accidents,Not Applicable,City/Town,Near Bus stop,Not Applicable,Yes,Fatal,Hit pedestrian,Not at  Junction,Incline,Others,Bitumen(Tar),Dry,Not Applicable,Clear,BMTC 3rd Ring Near  Flot form No 22,BMTC BUS STOP,01 Km,12.978424,77.571897
Bengaluru City,Upparpet Traffic PS,1.04432e+16,2023,1,2,Road Accidents,Not Applicable,City/Town,Near office complex,Human Error,No,Damage Only,Vehicle to Vehicle,Police / Manual,Incline,One way,Bitumen(Tar),Dry,Not Applicable,Clear,Y Ramachandar Road,TOT Junction,0.5 KM,12.972466,77.572496
Bengaluru City,Upparpet Traffic PS,1.04432e+16,2023,1,1,Road Accidents,Not Applicable,City/Town,Residential area,Human Error,No,Grievous Injury,Hit pedestrian,Not at  Junction,Incline,One way,Bitumen(Tar),Dry,Not Applicable,Clear,S C Road,Ramakrishna Lodge,0.1 Km,12.971954,77.571659
Bengaluru City,Upparpet Traffic PS,1.04432e+16,2023,1,1,Road Accidents,Not Applicable,City/Town,Near School or College,Human Error,Yes,Damage Only,Not Applicable,Police / Manual,Incline,One way,Bitumen(Tar),Dry,Not Applicable,Clear,Palace Road,Maharani Under Pass,0.5 KM,12.974348,77.572397
Bengaluru City,Upparpet Traffic PS,1.04432e+16,2023,1,1,Road Accidents,Not Applicable,City/Town,Near Bus stop,Human Error,No,Grievous Injury,Hit pedestrian,Not at  Junction,Incline,One way,Bitumen(Tar),Dry,Not Applicable,Clear,Sheshadri Road,Kaveri Hotel,01 Km,12.972468,77.573059
Bengaluru City,Upparpet Traffic PS,1.04432e+16,2023,1,2,Road Accidents,Not Applicable,City/Town,Near Bus stop,Human Error,No,Grievous Injury,Vehicle to Vehicle,Police / Manual,Incline,One way,Bitumen(Tar),Dry,Not Applicable,Clear,KSRTC Service Raod,KSRTC Terminal 2 Bus Stand,0.1 Km,12.977381,77.571671
Bengaluru City,Upparpet Traffic PS,1.04432e+16,2023,1,1,Road Accidents,Junction,City/Town,Near School or College,Human Error,No,Grievous Injury,Hit pedestrian,Signal lights Automatic,Incline,One way,Bitumen(Tar),Dry,Not Applicable,Clear,Sheshadri Road,Freedom Park,0.1 Km,12.979648,77.581806
Bengaluru City,Upparpet Traffic PS,1.04432e+16,2023,1,1,Road Accidents,Not Applicable,City/Town,Near Bus stop,Human Error,No,Fatal,Hit pedestrian,No signal lights,Incline,One way,Bitumen(Tar),Dry,Not Applicable,Clear,Bmtc bus Stand,BMTC BUS STOP 4th Ring,01 Km,12.978131,77.571542
Bengaluru City,Upparpet Traffic PS,1.04432e+16,2023,1,1,Road Accidents,Curves,City/Town,Near Bus stop,Human Error,No,Fatal,Hit pedestrian,Police / Manual,Incline,One way,Bitumen(Tar),Dry,Not Applicable,Clear,KSRTC BUS Stop Tarminal-1 Enrance,KSRTC Terminal 1 Bus Stand,0.5 Km,12.95789,77.571677
Bengaluru City,Upparpet Traffic PS,1.04432e+16,2023,1,2,Not Applicable,Junction,City/Town,Near office complex,Human Error,No,Grievous Injury,Vehicle to Vehicle,Signal lights Blinking,Incline,One way,Bitumen(Tar),Dry,Not Applicable,Clear,Y Ramachandar Road,T O T Jungation,0.5 KM,12.977029,77.577288
Bengaluru City,Upparpet Traffic PS,1.04432e+16,2023,1,1,Road Accidents,Not Applicable,City/Town,Near School or College,Human Error,No,Damage Only,Not Applicable,Not at  Junction,Incline,One way,Bitumen(Tar),Dry,Not Applicable,Clear,Palace Road,Maharani College,01 Km,12.977787,77.584323
Bengaluru City,Upparpet Traffic PS,1.04432e+16,2023,1,2,Road Accidents,Not Applicable,City/Town,Near office complex,Human Error,Yes,Grievous Injury,Vehicle to Vehicle,Police / Manual,Incline,One way,Bitumen(Tar),Dry,Not Applicable,Clear,Sheshadri Road,Anandarao plevoer,1 Km,12.980325,77.57911
Bengaluru City,Upparpet Traffic PS,1.04432e+16,2023,1,1,Road Accidents,Not Applicable,City/Town,Near Bus stop,Human Error,Yes,Grievous Injury,Hit pedestrian,Police / Manual,Incline,One way,Bitumen(Tar),Dry,Not Applicable,Clear,BMTC 7t Depo Road,BMTC BUS STOP,01 Km,12.972277,77.572269
Bengaluru City,Upparpet Traffic PS,1.04432e+16,2023,1,1,Road Accidents,Not Applicable,City/Town,Near Bus stop,Human Error,No,Grievous Injury,Hit pedestrian,Not at  Junction,Incline,Not Applicable,Bitumen(Tar),Dry,Not Applicable,Others,KSRTC BUS Stop Tarminal-2,KSRTC Terminal 2 Bus Stand,0.1 Km,12.977094,77.571756
Bengaluru City,Upparpet Traffic PS,1.04432e+16,2023,1,2,Road Accidents,Not Applicable,City/Town,Near School or College,Human Error,No,Simple Injury,Vehicle to Vehicle,Police / Manual,Incline,One way,Bitumen(Tar),Dry,Not Applicable,Clear,Palace Road,Palace Cross Juncition,01 Km,12.45778,77.571287
Bengaluru City,Upparpet Traffic PS,1.04432e+16,2023,1,1,Road Accidents,Not Applicable,City/Town,Near Bus stop,Human Error,No,Grievous Injury,Not Applicable,No signal lights,Incline,One way,Bitumen(Tar),Dry,Not Applicable,Clear,Bmtc bus Stand,BMTC BUS STOP 4th Ring,0.5 KM,12.977977,77.571603
Bengaluru City,Upparpet Traffic PS,1.04432e+16,2023,1,2,Road Accidents,Not Applicable,City/Town,Near School or College,Human Error,No,Fatal,Vehicle to Vehicle,Not at  Junction,Incline,One way,Bitumen(Tar),Dry,Not Applicable,Clear,Sheshadri Road,Near Fire Station,01 Km,12.98032,77.579866
Bengaluru City,Upparpet Traffic PS,1.04432e+16,2023,1,1,Road Accidents,Not Applicable,City/Town,Near Bus stop,Human Error,No,Simple Injury,Vehicle to Vehicle,Police / Manual,Incline,One way,Bitumen(Tar),Dry,Not Applicable,Clear,LTP Road,Upparpet P S,100M,12.57623,77.571171
Bengaluru City,Upparpet Traffic PS,1.04432e+16,2023,1,1,Road Accidents,Curves,City/Town,Near Bus stop,Human Error,No,Fatal,Hit pedestrian,Not at  Junction,Incline,Not Applicable,Metalled,Dry,Not Applicable,Clear,KSRTC Parking Lot 02 Entance,KSRTC BUS STOP,0.5 KM,12.964464,77.572361
Bengaluru City,Upparpet Traffic PS,1.04432e+16,2023,1,2,Road Accidents,Not Applicable,City/Town,Near office complex,Human Error,No,Grievous Injury,Vehicle to Vehicle,No signal lights,Incline,One way,Bitumen(Tar),Dry,Not Applicable,Clear,Sheshadri Road,Anandarao plevoer,0.5 KM,12.9807,77.57575
Bengaluru City,Upparpet Traffic PS,1.04432e+16,2023,1,2,Road Accidents,Not Applicable,City/Town,Near office complex,Human Error,No,Damage Only,Vehicle to Vehicle,Not at  Junction,Incline,One way,Bitumen(Tar),Dry,Not Applicable,Clear,Gandhinagar 5th Cross Road,Pulakeshi Lodge Gandinagar,0.1 Km,12.978574,77.578534
Bengaluru City,Upparpet Traffic PS,1.04432e+16,2023,1,2,Road Accidents,Curves,City/Town,Near School or College,Human Error,No,Grievous Injury,Vehicle to Vehicle,Signal lights Automatic,Curve,One way,Bitumen(Tar),Dry,Not Applicable,Clear,Sheshadri Road,Moury Junction,01 Km,12.980677,77.576952
Bengaluru City,Upparpet Traffic PS,1.04432e+16,2023,1,2,Road Accidents,Junction,City/Town,Near office complex,Human Error,No,Grievous Injury,Vehicle to Vehicle,Police / Manual,Incline,One way,Bitumen(Tar),Dry,Not Applicable,Clear,Y Ramachandar Road,T O T Jungation,0.5 KM,12.964464,77.571583
Bengaluru City,V V Puram Traffic PS,1.04432e+16,2016,1,2,Road Accidents,Other,City/Town,Open area,Human Error,No,Not Applicable,Hit bicyclist,Signal lights Automatic,Straight and flat,City or Town Road,Bitumen(Tar),Dry,No influence on accident,Fine,9TH CROSS CHAMARAJPET SIRSI CIRCLE,FIITPATH EDGE,8 FEET,12.573908,77.333315
Bengaluru City,V V Puram Traffic PS,1.04432e+16,2016,1,2,Road Accidents,Not Applicable,Not Applicable,Open area,Human Error,No,Grievous Injury,Others,Not at  Junction,Straight and flat,State Highway,Bitumen(Tar),Dry,Not Applicable,Fine,MYSORE ROAD,FOOTPATH EDGE,10,0.0,0.0
Bengaluru City,V V Puram Traffic PS,1.04432e+16,2016,1,2,Road Accidents,Junction,City/Town,Residential area,Human Error,Yes,Fatal,Others,No signal lights,Not Applicable,City or Town Road,Bitumen(Tar),Dry,No influence on accident,Clear,4TH MAIN 8TH CROSS CHAMARAJPET,TREE,41,0.0,0.0
Bengaluru City,V V Puram Traffic PS,1.04432e+16,2016,1,2,Road Accidents,Other,City/Town,Residential area,Human Error,No,Not Applicable,Head on,Not at  Junction,Not Applicable,City or Town Road,Bitumen(Tar),Dry,No influence on accident,Fine,"NO 31, SHRADDANANDA BHAVANA ROAD V.V.PURAM",LIGHT POLL,46,0.0,0.0
Bengaluru City,V V Puram Traffic PS,1.04432e+16,2016,1,2,Road Accidents,Junction,City/Town,Near Hospital,Human Error,No,Grievous Injury,Head on,Signals (Working),Curve,City or Town Road,Bitumen(Tar),Dry,No influence on accident,Clear,K.R.ROAD,SIGNAL LIGHT POL,23FEET,0.0,0.0
Bengaluru City,V V Puram Traffic PS,1.04432e+16,2016,1,2,Rail Road Accidents,Junction,City/Town,Near a religious place,Human Error,No,Not Applicable,Side impact or Right angle,Uncontrolled,Not Applicable,City or Town Road,Bitumen(Tar),Dry,No influence on accident,Fine,6TH CROSS 2ND MAIN CHAMARAJPET,LIGHT POOL,23,0.0,0.0
Bengaluru City,V V Puram Traffic PS,1.04432e+16,2016,1,1,Road Accidents,Junction,City/Town,Near office complex,Human Error,No,Not Applicable,Hit pedestrian,No signal lights,Not Applicable,City or Town Road,Bitumen(Tar),Dry,No influence on accident,Fine,3RD CROSS 3RD MAIN CHAMARAJPET,LIGHT POOL,8 F,12.573138,77.340258
Bengaluru City,V V Puram Traffic PS,1.04432e+16,2016,1,1,Road Accidents,Curves,City/Town,Narrow bridge or culverts,Human Error,No,Not Applicable,Hit pedestrian,Not at  Junction,Not Applicable,City or Town Road,Bitumen(Tar),Dry,No influence on accident,Fine,MULAKATTAMMA TEMPLE ROAD,LIGHT POLL,19,12.57045,77.330846
Bengaluru City,V V Puram Traffic PS,1.04432e+16,2016,1,2,Road Accidents,Cross roads,City/Town,Open area,Human Error,No,Not Applicable,Side swipe,Not Applicable,Curve,City or Town Road,Bitumen(Tar),Dry,No influence on accident,Fine,VASAVI ROAD V.V.PURAM,TREE,13,12.570321,77.343618
Bengaluru City,V V Puram Traffic PS,1.04432e+16,2016,1,2,Road Accidents,Circle,City/Town,Near a religious place,Human Error,No,Not Applicable,Not Applicable,No signal lights,Curve,City or Town Road,Bitumen(Tar),Dry,No influence on accident,Fine,SAJJAN RAO CIRCLE,TREE,43,0.0,0.0
Bengaluru City,V V Puram Traffic PS,1.04432e+16,2016,1,1,Road Accidents,Bridge,City/Town,Near School or College,Human Error,No,Fatal,Skidding or Self accident,No signal lights,Not Applicable,City or Town Road,Bitumen(Tar),Dry,No influence on accident,Fine,SULTAN ROAD CHAMARAJPET,TREE,23,12.57473,77.341023
Bengaluru City,V V Puram Traffic PS,1.04432e+16,2016,1,1,Not Applicable,Cross roads,City/Town,Open area,Human Error,Yes,Simple Injury,Hit and Run,No signal lights,Not Applicable,Others,Bitumen(Tar),Dry,No influence on accident,Fine,mysore road,5th cross,15m,12.574398,77.335186
Bengaluru City,V V Puram Traffic PS,1.04432e+16,2016,1,1,Road Accidents,Other,City/Town,Near a religious place,Human Error,No,Not Applicable,Others,Not Applicable,Not Applicable,Two way,Bitumen(Tar),Dry,Not Applicable,Fine,CHAMARAJPET 3RD MAIN,STREET LIGHT,16,12.572913,77.341013
Bengaluru City,V V Puram Traffic PS,1.04432e+16,2016,1,2,Road Accidents,Junction,City/Town,Residential area,Human Error,No,Damage Only,Head on,No signal lights,Not Applicable,City or Town Road,Bitumen(Tar),Dry,No influence on accident,Fine,4th MAIN CHAMARAJPET,TREE,39,12.57285,77.335233
Bengaluru City,V V Puram Traffic PS,1.04432e+16,2016,1,2,Road Accidents,Bridge,City/Town,Open area,Human Error,Yes,Fatal,Hit and Run,Not at  Junction,Not Applicable,City or Town Road,Bitumen(Tar),Dry,No influence on accident,Fine,MYSORE ROAD DOWN RAMP NEAR RANGANATHA HOTEL,STREET LIGHT,28,12.573818,77.332691
Bengaluru City,V V Puram Traffic PS,1.04432e+16,2016,1,1,Road Accidents,Bridge,City/Town,Open area,Human Error,Yes,Fatal,Hit and Run,Not at  Junction,Straight and flat,State Highway,Bitumen(Tar),Dry,No influence on accident,Fine,MYSORE ROAD,STRAIGHT TO SIRSI CIRCLE,15M,12.574039,77.333145
Bengaluru City,V V Puram Traffic PS,1.04432e+16,2016,1,2,Road Accidents,Not Applicable,City/Town,Near a religious place,Human Error,No,Not Applicable,Head on,Not Applicable,Incline,City or Town Road,Bitumen(Tar),Dry,No influence on accident,Fine,VASAVI ROAD V.V.PURAM,TREE,39,12.570407,77.343631
Bengaluru City,V V Puram Traffic PS,1.04432e+16,2016,1,1,Road Accidents,Junction,City/Town,Open area,Human Error,No,Grievous Injury,Skidding or Self accident,No signal lights,Not Applicable,City or Town Road,Bitumen(Tar),Dry,No influence on accident,Clear,CHAMARAJPET 1ST MAIN ROAD,TREE,36FEET,12.573761,77.340992
Bengaluru City,V V Puram Traffic PS,1.04432e+16,2016,1,2,Road Accidents,Culvert,City/Town,Narrow bridge or culverts,Human Error,No,Not Applicable,Rear end,Not at  Junction,Others,City or Town Road,Bitumen(Tar),Dry,No influence on accident,Fine,"MYSORE ROAD, NEAR SIRSI CIRCLE",CENTER MEDIAN,17,12.57407,77.333312
Bengaluru City,V V Puram Traffic PS,1.04432e+16,2016,1,2,Road Accidents,Junction,City/Town,Open area,Human Error,No,Not Applicable,Right Turn Collision,Signal lights Automatic,Not Applicable,City or Town Road,Bitumen(Tar),Dry,No influence on accident,Fine,MYSORE ROAD SIRSI CIRCLE,ROAD CENTER MEDIAN NORTH,35 F,12.574043,77.33333
Bengaluru City,V V Puram Traffic PS,1.04432e+16,2016,1,2,Road Accidents,Junction,City/Town,Near Hospital,Human Error,No,Not Applicable,Right Turn Collision,Signal lights Automatic,Curve and Incline,City or Town Road,Bitumen(Tar),Dry,No influence on accident,Fine,PRO SHIVASHANKAR CIRCLE,SIGNAL POLL,36,12.572605,77.342594
Bengaluru City,V V Puram Traffic PS,1.04432e+16,2016,1,2,Road Accidents,Junction,City/Town,In bazaar,Human Error,No,Not Applicable,Not Applicable,No signal lights,Not Applicable,City or Town Road,Bitumen(Tar),Dry,No influence on accident,Fine,4TH MAIN 3R CROSS CHAMARAJPET,HIGMASS LIGHT POLL,28,0.0,0.0
Bengaluru City,V V Puram Traffic PS,1.04432e+16,2016,1,2,Road Accidents,Not Applicable,City/Town,Residential area,Human Error,No,Not Applicable,Side swipe,No signal lights,Not Applicable,City or Town Road,Bitumen(Tar),Dry,No influence on accident,Fine,DAIOGNAL ROAD V V PURAM,TREE,23,12.571116,77.343907
Bengaluru City,V V Puram Traffic PS,1.04432e+16,2016,1,4,Road Accidents,Not Applicable,City/Town,Open area,Human Error,No,Damage Only,Others,Not Applicable,Others,City or Town Road,Bitumen(Tar),Dry,No influence on accident,Fine,MYSORE ROAD,CENTER MIDEAN,15FEET,0.0,0.0
Bengaluru City,V V Puram Traffic PS,1.04432e+16,2016,1,2,Road Accidents,Not Applicable,City/Town,Open area,Human Error,Yes,Not Applicable,Side swipe,Uncontrolled,Straight and flat,City or Town Road,Bitumen(Tar),Dry,No influence on accident,Fine,NEAR APEX BANK P M K ROAD,CENTER MEDIAN,19,12.573588,77.341799
Bengaluru City,V V Puram Traffic PS,1.04432e+16,2016,1,2,Road Accidents,Bridge,City/Town,Open area,Human Error,No,Fatal,Rear end,Not at  Junction,Not Applicable,City or Town Road,Bitumen(Tar),Dry,No influence on accident,Clear,"NEAR ASHIRVADA KALYANA MANTAPA, ON MYSORE ROAD FLYOVER",STREER LIGHT,37,12.574421,77.335048
Bengaluru City,V V Puram Traffic PS,1.04432e+16,2016,1,2,Road Accidents,Bridge,City/Town,Open area,Human Error,No,Not Applicable,Others,Not at  Junction,Not Applicable,City or Town Road,Bitumen(Tar),Dry,No influence on accident,Fine,ON MYSORE ROAD FLYOVER NEAR NALANDA TALKIES,CENTER MIDEAN,17,12.573911,77.332778
Bengaluru City,V V Puram Traffic PS,1.04432e+16,2016,1,1,Road Accidents,Not Applicable,City/Town,Residential area,Human Error,Yes,Not Applicable,Hit and Run,Not Applicable,Not Applicable,Residential Street,Bitumen(Tar),Dry,Not Applicable,Fine,"ASHWATHAKATTE ROAD, RUDRAPPA GARDEN",FOOT PATH,4,12.571219,77.33066
Bengaluru City,V V Puram Traffic PS,1.04432e+16,2016,1,2,Road Accidents,T Junction,City/Town,Near School or College,Human Error,No,Grievous Injury,Not Applicable,Not Applicable,Not Applicable,City or Town Road,Bitumen(Tar),Dry,Not Applicable,Fine,S.S.ROAD,FOOTPATH EDGE,5FEET,0.0,0.0
Bengaluru City,V V Puram Traffic PS,1.04432e+16,2016,1,1,Road Accidents,Not Applicable,City/Town,Near Hospital,Human Error,No,Not Applicable,Hit pedestrian,Not at  Junction,Not Applicable,City or Town Road,Bitumen(Tar),Dry,No influence on accident,Fine,"K.R.ROAD, NEAR APSRA THEATER",LIGHT POLL,3 F,12.574936,77.343587
Bengaluru City,V V Puram Traffic PS,1.04432e+16,2016,1,1,Road Accidents,Other,City/Town,Near School or College,Human Error,No,Not Applicable,Head on,Not Applicable,Not Applicable,City or Town Road,Bitumen(Tar),Dry,Not Applicable,Clear,NEW HAIGHSCHOOL ROAD,STREET LIGHT ON FOOTPATH,9 FEET,12.570897,77.342654
Bengaluru City,V V Puram Traffic PS,1.04432e+16,2016,1,2,Road Accidents,Junction,City/Town,Open area,Human Error,No,Not Applicable,Others,No signal lights,Straight and flat,City or Town Road,Bitumen(Tar),Dry,No influence on accident,Fine,1ST MAIN 5TH CROSS CHAMARAJPET,TREE,41,12.573736,77.335218
Bengaluru City,V V Puram Traffic PS,1.04432e+16,2016,1,1,Road Accidents,Narrow road,City/Town,Open area,Human Error,Yes,Grievous Injury,Hit pedestrian,Not at  Junction,Straight and flat,City or Town Road,Bitumen(Tar),Dry,No influence on accident,Fine,3rd main,near ravi sounds,15m,12.573161,77.340803
Bengaluru City,V V Puram Traffic PS,1.04432e+16,2016,1,2,Road Accidents,Not Applicable,City/Town,Near Hospital,Human Error,No,Damage Only,Others,Signal lights Automatic,Straight and flat,Two way,Bitumen(Tar),Dry,No influence on accident,Fine,KONDAJJI BASAPPA ROAD,STREET LIGHT,47,12.572419,77.343049
Bengaluru City,V V Puram Traffic PS,1.04432e+16,2016,1,3,Road Accidents,Bridge,City/Town,Near a recreation place/cinema,Human Error,No,Not Applicable,Rear end,Not at  Junction,Others,City or Town Road,Bitumen(Tar),Dry,No influence on accident,Fine,ON MYSORE ROAD FLYOVER NEAR NALANDA TALKIES,CENTER MIDEAN,8,12.573893,77.332791
Bengaluru City,V V Puram Traffic PS,1.04432e+16,2016,1,1,Road Accidents,Not Applicable,City/Town,At pedestrian Crossing,Human Error,No,Not Applicable,Hit pedestrian,Not Applicable,Not Applicable,City or Town Road,Bitumen(Tar),Not Applicable,No influence on accident,Fine,NEAR KOTE HIGHSCHOOL K R ROAD,LIGHT POLL,35,0.0,0.0
Bengaluru City,V V Puram Traffic PS,1.04432e+16,2016,1,2,Road Accidents,Junction,City/Town,Open area,Human Error,No,Damage Only,Side swipe,No signal lights,Not Applicable,City or Town Road,Bitumen(Tar),Dry,No influence on accident,Fine,4TH MAIN 4 CROSS CHAMARAJPET,TREE,48,12.57285,77.335721
Bengaluru City,V V Puram Traffic PS,1.04432e+16,2016,1,1,Road Accidents,Junction,City/Town,Open area,Human Error,No,Not Applicable,Hit pedestrian,Signal lights Automatic,Not Applicable,City or Town Road,Bitumen(Tar),Dry,No influence on accident,Fine,MYSORE ROAD,FLYOVER PILLER,17,12.574008,77.333334
Bengaluru City,V V Puram Traffic PS,1.04432e+16,2016,1,2,Road Accidents,Junction,City/Town,Open area,Human Error,No,Fatal,Others,No signal lights,Not Applicable,City or Town Road,Bitumen(Tar),Dry,No influence on accident,Clear,3RD MAIN 3RD CROSS JUNCTION CHAMARAJPET,LIGHT POLL,26,12.573096,77.340213
Bengaluru City,V V Puram Traffic PS,1.04432e+16,2016,1,1,Road Accidents,Junction,City/Town,Near Hospital,Human Error,No,Grievous Injury,Hit pedestrian,Signal lights Automatic,Curve,City or Town Road,Bitumen(Tar),Dry,No influence on accident,Fine,K.R.ROAD SHIVASHANKAR CIRCLE,LIGHT POOL,21 F,12.572618,77.342572
Bengaluru City,V V Puram Traffic PS,1.04432e+16,2016,1,2,Road Accidents,Junction,City/Town,Near a religious place,Human Error,No,Not Applicable,Right Turn Collision,Signal lights Automatic,Not Applicable,City or Town Road,Bitumen(Tar),Dry,No influence on accident,Not Applicable,B B JUNCTION MYSORE ROAD,LIGHT POLL,29,12.573479,77.332126
Bengaluru City,V V Puram Traffic PS,1.04432e+16,2016,1,2,Road Accidents,Narrow road,City/Town,Near office complex,Human Error,No,Damage Only,Side swipe,Not Applicable,Not Applicable,City or Town Road,Bitumen(Tar),Not Applicable,Engineering Defect of Road,Fine,"NEAR S.L.V HOTEL, 1ST CROSS CHAMARAJPET",TREE,35,12.572718,77.341036
Bengaluru City,V V Puram Traffic PS,1.04432e+16,2016,1,1,Road Accidents,Not Applicable,Not Applicable,Near Hospital,Human Error,No,Not Applicable,Not Applicable,Not Applicable,Not Applicable,Not Applicable,Bitumen(Tar),Dry,No influence on accident,Fine,"VICTORIA HOSPITAL PREMISIS, NEPRO URALOGY",PILLER,9,12.574045,77.342254
Bengaluru City,V V Puram Traffic PS,1.04432e+16,2016,1,1,Road Accidents,Other,City/Town,Open area,Human Error,No,Grievous Injury,Hit pedestrian,Uncontrolled,Not Applicable,City or Town Road,Bitumen(Tar),Dry,No influence on accident,Fine,"MYSORE ROAD FLYOVER, NEAR VINAYAKA TALKIES",FLYOVER BARRYCADE,3,12.574543,77.335461
Bengaluru City,V V Puram Traffic PS,1.04432e+16,2016,1,2,Road Accidents,Not Applicable,City/Town,Near office complex,Human Error,No,Not Applicable,Others,Uncontrolled,Not Applicable,City or Town Road,Bitumen(Tar),Dry,No influence on accident,Fine,2ND CROSS CHAMARAJPET,TELEPHONE POLL,9,12.57306,77.340623
Bengaluru City,V V Puram Traffic PS,1.04432e+16,2016,1,2,Road Accidents,Junction,City/Town,Near office complex,Human Error,Yes,Not Applicable,Hit and Run,Uncontrolled,Not Applicable,City or Town Road,Bitumen(Tar),Dry,No influence on accident,Fine,CHMARAJPET 4TH MAIN 1ST CROSS,TREE,56,12.572857,77.341035