DISTRICTNAME,UNITNAME,Crime_No,Year,RI,Noofvehicle_involved,Accident_Classification,Accident_Spot,Accident_Location,Accident_SubLocation,Main_Cause,Hit_Run,Severity,Collision_Type,Junction_Control,Road_Character,Road_Type,Surface_Type,Surface_Condition,Road_Condition,Weather,Accident_Road,Landmark_first,Distance_LandMark_First,Latitude,Longitude
Bengaluru City,V V Puram Traffic PS,1.04432e+16,2016,1,1,Road Accidents,Not Applicable,City/Town,Near a religious place,Human Error,Yes,Not Applicable,Hit pedestrian,Not Applicable,Not Applicable,City or Town Road,Bitumen(Tar),Dry,No influence on accident,Fine,"JAIN TEMPLE ROAD, V.V.PURAM",TREE,19,12.570619,77.342828
Bengaluru City,V V Puram Traffic PS,1.04432e+16,2016,1,1,Road Accidents,Other,City/Town,Near Petrol Pump,Human Error,No,Not Applicable,Hit pedestrian,Not at  Junction,Not Applicable,City or Town Road,Bitumen(Tar),Dry,No influence on accident,Fine,7TH CROSS MYSORE ROAD,FLYOVER PILLER,27,12.574138,77.334279
Bengaluru City,V V Puram Traffic PS,1.04432e+16,2016,1,1,Road Accidents,Not Applicable,City/Town,Residential area,Human Error,No,Not Applicable,Hit pedestrian,Not Applicable,Others,City or Town Road,Bitumen(Tar),Dry,No influence on accident,Fine,9TH CROSS CHAMARAJPET,LIGHT POLL,26,12.573237,77.3333
Bengaluru City,V V Puram Traffic PS,1.04432e+16,2016,1,2,Road Accidents,T Junction,City/Town,Near Petrol Pump,Human Error,No,Damage Only,Side swipe,No signal lights,Curve,City or Town Road,Bitumen(Tar),Dry,No influence on accident,Fine,MYSORE ROAD 5TH CROSS,LIGHT POLL,28,12.574391,77.335184
Bengaluru City,V V Puram Traffic PS,1.04432e+16,2016,1,2,Road Accidents,Junction,City/Town,Near Hospital,Human Error,No,Not Applicable,Side swipe,Signal lights Blinking,Not Applicable,City or Town Road,Bitumen(Tar),Dry,No influence on accident,Fine,MINTO HOSPITAL JUNCTION,HIGMASS LIGHT POLL,27,12.573797,77.341778
Bengaluru City,V V Puram Traffic PS,1.04432e+16,2016,1,1,Road Accidents,Junction,City/Town,Near Hospital,Human Error,No,Not Applicable,Hit pedestrian,Signal lights Automatic,Curve,City or Town Road,Bitumen(Tar),Dry,No influence on accident,Fine,K.R.ROAD SHIVASHANKAR CIRCLE,FOOTPATH EDGE,4,12.572549,77.34259
Bengaluru City,V V Puram Traffic PS,1.04432e+16,2016,1,2,Road Accidents,Junction,City/Town,Near a religious place,Human Error,No,Fatal,Others,Signal lights Automatic,Not Applicable,City or Town Road,Bitumen(Tar),Dry,No influence on accident,Fine,B.B.JUNCTION MYSORE ROAD,STREET LIGHT,28,12.573436,77.332078
Bengaluru City,V V Puram Traffic PS,1.04432e+16,2016,1,1,Road Accidents,Not Applicable,City/Town,Near Hospital,Human Error,No,Not Applicable,Hit pedestrian,Not at  Junction,Not Applicable,City or Town Road,Bitumen(Tar),Dry,No influence on accident,Fine,ROYAN CIRCLE 1ST MAIN CHAMARAJPET,LIGHT POLL,9,12.573786,77.340603
Bengaluru City,V V Puram Traffic PS,1.04432e+16,2016,1,1,Road Accidents,Other,City/Town,Residential area,Human Error,Yes,Grievous Injury,Hit pedestrian,Not at  Junction,Straight and flat,City or Town Road,Bitumen(Tar),Dry,No influence on accident,Fine,4th MAIN CHAMARAJPET,LIGHT POLL,49,12.572867,77.340649
Bengaluru City,V V Puram Traffic PS,1.04432e+16,2017,1,2,Road Accidents,Narrow road,City/Town,Open area,Human Error,No,Simple Injury,Rear end,Not Applicable,Not Applicable,City or Town Road,Bitumen(Tar),Dry,No influence on accident,Fine,krumbigal road,near arali katte,12m,12.570697,77.345903
Bengaluru City,V V Puram Traffic PS,1.04432e+16,2017,1,1,Road Accidents,Bridge,City/Town,Open area,Human Error,No,Grievous Injury,Hit pedestrian,Not at  Junction,Straight and flat,City or Town Road,Bitumen(Tar),Dry,No influence on accident,Fine,NR ROAD,NEAR FLYOVER,10M,12.574842,77.345083
Bengaluru City,V V Puram Traffic PS,1.04432e+16,2017,1,1,Road Accidents,Circle,City/Town,Open area,Human Error,Yes,Fatal,Hit and Run,Signal lights Automatic,Others,City or Town Road,Bitumen(Tar),Dry,No influence on accident,Fine,LBF ROAD,MINARVA CIRCLE,5M,12.571893,77.344722
Bengaluru City,V V Puram Traffic PS,1.04432e+16,2017,1,1,Road Accidents,Narrow road,City/Town,Open area,Human Error,Yes,Grievous Injury,Hit and Run,Not at  Junction,Straight and flat,City or Town Road,Bitumen(Tar),Dry,No influence on accident,Fine,JC ROAD,NEAR BHARATH PETROL BUNK,15M,12.572293,77.345248
Bengaluru City,V V Puram Traffic PS,1.04432e+16,2017,1,2,Road Accidents,Narrow road,City/Town,Open area,Human Error,No,Grievous Injury,Head on,No signal lights,Straight and flat,City or Town Road,Bitumen(Tar),Dry,No influence on accident,Fine,DIAGONAL ROAD,OPPO NMH HOTEL,15M,0.0,0.0
Bengaluru City,V V Puram Traffic PS,1.04432e+16,2017,1,2,Road Accidents,Cross roads,City/Town,Open area,Human Error,Yes,Grievous Injury,Hit and Run,No signal lights,Straight and flat,City or Town Road,Bitumen(Tar),Dry,No influence on accident,Fine,SHANKARMUTT ROAD,BHARATHI THEERTHA ROAD,5M,0.0,0.0
Bengaluru City,V V Puram Traffic PS,1.04432e+16,2017,1,2,Road Accidents,Circle,City/Town,Open area,Human Error,No,Grievous Injury,Others,Signal lights Automatic,Not Applicable,City or Town Road,Bitumen(Tar),Dry,Not Applicable,Fine,kr road,shivshankar circle,50m,12.572612,77.342598
Bengaluru City,V V Puram Traffic PS,1.04432e+16,2017,1,3,Road Accidents,Narrow road,City/Town,Open area,Human Error,No,Grievous Injury,Head on,No signal lights,Straight and flat,City or Town Road,Bitumen(Tar),Dry,No influence on accident,Fine,shankar mutt road,oppo kk complex,10m,12.570671,77.341149
Bengaluru City,V V Puram Traffic PS,1.04432e+16,2017,1,1,Road Accidents,Narrow road,City/Town,Open area,Human Error,Yes,Grievous Injury,Hit and Run,Signal lights Automatic,Straight and flat,City or Town Road,Bitumen(Tar),Dry,No influence on accident,Fine,av road,medical college junction,10m,12.959724,77.574641
Bengaluru City,V V Puram Traffic PS,1.04432e+16,2017,1,1,Road Accidents,Narrow road,City/Town,Open area,Human Error,Yes,Grievous Injury,Hit and Run,Not Applicable,Straight and flat,City or Town Road,Bitumen(Tar),Dry,No influence on accident,Fine,kr road,oppo victoria medical,10m,12.9613532,77.5745713
Bengaluru City,V V Puram Traffic PS,1.04432e+16,2017,1,2,Road Accidents,Cross roads,City/Town,Open area,Human Error,No,Grievous Injury,Not Applicable,Not Applicable,Not Applicable,City or Town Road,Bitumen(Tar),Dry,Not Applicable,Fine,10th cross,1st main chamrajpet,25m,12.573657,77.332992
Bengaluru City,V V Puram Traffic PS,1.04432e+16,2017,1,1,Road Accidents,Narrow road,City/Town,At pedestrian Crossing,Human Error,Yes,Grievous Injury,Hit and Run,Not Applicable,Straight and flat,City or Town Road,Bitumen(Tar),Dry,Not Applicable,Fine,av road,opo kwality wines,10m,0.0,0.0
Bengaluru City,V V Puram Traffic PS,1.04432e+16,2017,1,1,Road Accidents,Narrow road,City/Town,Open area,Human Error,No,Grievous Injury,Hit pedestrian,No signal lights,Straight and flat,City or Town Road,Bitumen(Tar),Dry,No influence on accident,Fine,NR ROAD,OPPO RENOUND HOTEL,10M,0.0,0.0
Bengaluru City,V V Puram Traffic PS,1.04432e+16,2017,1,1,Road Accidents,Narrow road,City/Town,Open area,Human Error,Yes,Grievous Injury,Hit and Run,Signal lights Automatic,Straight and flat,City or Town Road,Bitumen(Tar),Dry,No influence on accident,Fine,5th main chamrajpete,oppo visha mart,5m,0.0,0.0
Bengaluru City,V V Puram Traffic PS,1.04432e+16,2017,1,2,Road Accidents,Junction,City/Town,Near Petrol Pump,Human Error,No,Grievous Injury,Others,Signals (Working),Not Applicable,State Highway,Bitumen(Tar),Dry,Not Applicable,Fine,mysore road,tollgate  junvtion,10m,12.572648,77.330823
Bengaluru City,V V Puram Traffic PS,1.04432e+16,2017,1,2,Road Accidents,Narrow road,City/Town,Near Bus stop,Human Error,No,Grievous Injury,Side swipe,Not Applicable,Straight and flat,State Highway,Bitumen(Tar),Dry,Not Applicable,Clear,mysore road sirsi circle,sirsi circle,50m,12.574059,77.333341
Bengaluru City,V V Puram Traffic PS,1.04432e+16,2017,1,1,Road Accidents,Narrow road,City/Town,Open area,Human Error,Yes,Fatal,Hit and Run,No signal lights,Straight and flat,City or Town Road,Bitumen(Tar),Dry,No influence on accident,Fine,LBF ROAD,OPPOSITE PREMIER INSTRUMENT SHOP,10M,12.571705,77.345907
Bengaluru City,V V Puram Traffic PS,1.04432e+16,2017,1,2,Road Accidents,Narrow road,City/Town,Open area,Human Error,No,Grievous Injury,Head on,No signal lights,Straight and flat,City or Town Road,Bitumen(Tar),Dry,No influence on accident,Fine,LBF ROAD,OPPO NAKODA JEWELLERS,10M,0.0,0.0
Bengaluru City,V V Puram Traffic PS,1.04432e+16,2017,1,1,Road Accidents,Circle,City/Town,At pedestrian Crossing,Human Error,No,Grievous Injury,Hit pedestrian,Signal lights Automatic,Straight and flat,City or Town Road,Bitumen(Tar),Dry,No influence on accident,Fine,KR ROAD,SHIVASHANKAR CIRCLE,10M,12.572572,77.342456
Bengaluru City,V V Puram Traffic PS,1.04432e+16,2017,1,1,Road Accidents,Narrow road,City/Town,Open area,Human Error,No,Fatal,Hit pedestrian,Not Applicable,Straight and flat,City or Town Road,Bitumen(Tar),Dry,No influence on accident,Fine,NR ROAD,OPOSITE TAJ HOTEL,15M,12.574865,77.344309
Bengaluru City,V V Puram Traffic PS,1.04432e+16,2017,1,2,Road Accidents,Bridge,City/Town,Narrow bridge or culverts,Human Error,Yes,Grievous Injury,Hit and Run,No signal lights,Others,State Highway,Bitumen(Tar),Dry,No influence on accident,Fine,mysore road,near bangalore press,50m,12.574462,77.33533
Bengaluru City,V V Puram Traffic PS,1.04432e+16,2017,1,1,Road Accidents,Narrow road,City/Town,Open area,Human Error,No,Grievous Injury,Hit pedestrian,No signal lights,Straight and flat,City or Town Road,Bitumen(Tar),Dry,No influence on accident,Fine,BULL TEMPLE ROAD,OPPO HAYAGRIVA CONVENTION MARRIAGE HALL,15M,12.570036,77.340369
Bengaluru City,V V Puram Traffic PS,1.04432e+16,2017,1,1,Road Accidents,Narrow road,City/Town,Open area,Human Error,Yes,Grievous Injury,Hit and Run,No signal lights,Straight and flat,City or Town Road,Bitumen(Tar),Dry,No influence on accident,Fine,jc road,oppo kamath hotel,10m,0.0,0.0
Bengaluru City,V V Puram Traffic PS,1.04432e+16,2017,1,2,Road Accidents,Junction,City/Town,Near Bus stop,Human Error,No,Damage Only,Others,Signal lights Automatic,Others,State Highway,Bitumen(Tar),Dry,No influence on accident,Fine,mysore road,tollgate junction,10 m,12.572667,77.330856
Bengaluru City,V V Puram Traffic PS,1.04432e+16,2017,1,2,Road Accidents,Junction,City/Town,Open area,Human Error,No,Not Applicable,Head on,No signal lights,Not Applicable,City or Town Road,Bitumen(Tar),Dry,No influence on accident,Fine,1st MAIN 7th CROSS CHAMARAJPET,TREE,43,12.573713,77.334333
Bengaluru City,V V Puram Traffic PS,1.04432e+16,2017,1,2,Road Accidents,Narrow road,City/Town,Open area,Human Error,No,Damage Only,Rear end,Not Applicable,Not Applicable,City or Town Road,Bitumen(Tar),Dry,No influence on accident,Fine,DAYAGANAL ROAD,VV PURAM,25M,12.565632,77.342764
Bengaluru City,V V Puram Traffic PS,1.04432e+16,2017,1,1,Road Accidents,Curves,City/Town,Open area,Human Error,No,Fatal,Side swipe,No signal lights,Curve,City or Town Road,Bitumen(Tar),Dry,No influence on accident,Fine,KP MAIN ROAD,OPPOSITE NAIDU HOTEL,10M,12.574965,77.343851
Bengaluru City,V V Puram Traffic PS,1.04432e+16,2017,1,1,Road Accidents,Narrow road,City/Town,Open area,Human Error,No,Fatal,Hit pedestrian,No signal lights,Straight and flat,City or Town Road,Bitumen(Tar),Dry,No influence on accident,Fine,JC ROAD,OPPO MOTOSYS SHOP,10M,0.0,0.0
Bengaluru City,V V Puram Traffic PS,1.04432e+16,2017,1,1,Road Accidents,Curves,City/Town,Open area,Human Error,No,Grievous Injury,Hit pedestrian,Police / Manual,Straight and flat,City or Town Road,Bitumen(Tar),Dry,No influence on accident,Fine,KP MAIN ROAD,OPPO ANNAPORNA JUNCTION,10M,12.96382,77.57746
Bengaluru City,V V Puram Traffic PS,1.04432e+16,2017,1,2,Road Accidents,Junction,City/Town,Open area,Human Error,Yes,Grievous Injury,Hit and Run,Signal lights Automatic,Straight and flat,City or Town Road,Bitumen(Tar),Dry,No influence on accident,Fine,LBF ROAD,MINARVA CIRCLE,5M,0.0,0.0
Bengaluru City,V V Puram Traffic PS,1.04432e+16,2017,1,1,Road Accidents,Narrow road,City/Town,Open area,Human Error,No,Grievous Injury,Hit pedestrian,No signal lights,Straight and flat,City or Town Road,Bitumen(Tar),Dry,No influence on accident,Fine,NR ROAD,OPPO KAILASH ROOFING,10M,0.0,0.0
Bengaluru City,V V Puram Traffic PS,1.04432e+16,2017,1,1,Road Accidents,Curves,City/Town,Residential area,Human Error,No,Not Applicable,Hit pedestrian,Not Applicable,Not Applicable,City or Town Road,Bitumen(Tar),Dry,No influence on accident,Fine,VITTHALANAGARA 2ND CROSS,WATER TANK,4,12.571844,77.332049
Bengaluru City,V V Puram Traffic PS,1.04432e+16,2017,1,2,Road Accidents,Narrow road,City/Town,Open area,Human Error,No,Grievous Injury,Head on,Signal lights Automatic,Not Applicable,State Highway,Bitumen(Tar),Dry,Not Applicable,Fine,mysore road,near BB junction,50m,12.573622,77.332299
Bengaluru City,V V Puram Traffic PS,1.04432e+16,2017,1,1,Road Accidents,Not Applicable,City/Town,Open area,Human Error,No,Not Applicable,Skidding or Self accident,No signal lights,Curve,City or Town Road,Bitumen(Tar),Dry,Pot holed,Fine,east circle road,sajjan rao circle,30m,12.570813,77.343862
Bengaluru City,V V Puram Traffic PS,1.04432e+16,2017,1,2,Road Accidents,Narrow road,City/Town,Open area,Not Applicable,No,Grievous Injury,Head on,No signal lights,Not Applicable,City or Town Road,Bitumen(Tar),Dry,No influence on accident,Fine,diagonal road,oppo hopcoms,5m,12.570502,77.343441
Bengaluru City,V V Puram Traffic PS,1.04432e+16,2017,1,2,Road Accidents,Circle,City/Town,Open area,Human Error,No,Grievous Injury,Others,Not Applicable,Not Applicable,Others,Bitumen(Tar),Dry,Not Applicable,Clear,SAJJAN RAO ROAD,FRONT OF SHANI DEVARA TEMPLE,50FT,12.570994,77.343694
Bengaluru City,V V Puram Traffic PS,1.04432e+16,2017,1,1,Road Accidents,Narrow road,City/Town,Open area,Human Error,Yes,Grievous Injury,Hit and Run,No signal lights,Straight and flat,City or Town Road,Bitumen(Tar),Dry,No influence on accident,Fine,pmk road,OPPO DEVARAJA FRUIT SHOP,10M,12.572331,77.341999
Bengaluru City,V V Puram Traffic PS,1.04432e+16,2017,1,2,Road Accidents,Narrow road,City/Town,Open area,Human Error,Yes,Grievous Injury,Hit and Run,No signal lights,Straight and flat,City or Town Road,Bitumen(Tar),Dry,No influence on accident,Fine,minarva circle,minarva circle,15m,12.571853,77.344882
Bengaluru City,V V Puram Traffic PS,1.04432e+16,2017,1,1,Road Accidents,Narrow road,City/Town,Open area,Human Error,No,Grievous Injury,Hit pedestrian,Not Applicable,Others,City or Town Road,Bitumen(Tar),Dry,No influence on accident,Fine,bull temple road,near parvathi kalyana mantapa,10m,12.9564,77.56747
Bengaluru City,V V Puram Traffic PS,1.04432e+16,2017,1,2,Road Accidents,Circle,City/Town,Open area,Human Error,No,Grievous Injury,Rear end,Signal lights Automatic,Straight and flat,City or Town Road,Bitumen(Tar),Dry,No influence on accident,Fine,KR ROAD,SHIVASHANKAR CIRCLE,10M,0.0,0.0
Bengaluru City,V V Puram Traffic PS,1.04432e+16,2017,1,2,Road Accidents,Junction,City/Town,Open area,Human Error,No,Fatal,Overturning,Signals (Not working),Not Applicable,City or Town Road,Bitumen(Tar),Dry,No influence on accident,Fine,1ST MAIN CHAMRAJPET,NEAR ROYAN CIRCLE,10M,12.573765,77.340682
Bengaluru City,V V Puram Traffic PS,1.04432e+16,2017,1,1,Road Accidents,Junction,City/Town,Near Bus stop,Human Error,No,Fatal,Hit pedestrian,No signal lights,Curve,City or Town Road,Bitumen(Tar),Dry,No influence on accident,Fine,KP MAIN ROAD,NEAR ANNAPORNA HOTEL BMTC BUSSTAND,10M,12.574973,77.343891
Bengaluru City,V V Puram Traffic PS,1.04432e+16,2017,1,2,Road Accidents,Junction,City/Town,Open area,Human Error,No,Damage Only,Side swipe,Signal lights Automatic,Straight and flat,City or Town Road,Bitumen(Tar),Dry,No influence on accident,Fine,kr road,medical collejke junction,10m,0.0,0.0
Bengaluru City,V V Puram Traffic PS,1.04432e+16,2017,1,1,Road Accidents,Narrow road,City/Town,Open area,Human Error,No,Simple Injury,Hit pedestrian,No signal lights,Straight and flat,City or Town Road,Bitumen(Tar),Dry,No influence on accident,Fine,AV ROAD,OPPO HOTE MAYURA LODGE,10M,0.0,0.0
Bengaluru City,V V Puram Traffic PS,1.04432e+16,2017,1,1,Road Accidents,Junction,City/Town,Open area,Human Error,Yes,Grievous Injury,Hit pedestrian,Signal lights Automatic,Not Applicable,State Highway,Bitumen(Tar),Dry,Not Applicable,Fine,MYSORE ROAD,tollagate junction,2.5m,12.572641,77.330807
Bengaluru City,V V Puram Traffic PS,1.04432e+16,2017,1,1,Road Accidents,Not Applicable,City/Town,Near Hospital,Human Error,No,Not Applicable,Hit pedestrian,Uncontrolled,Not Applicable,City or Town Road,Bitumen(Tar),Dry,No influence on accident,Fine,KONDAJJI BASAPPA ROAD,FOOT PATH EDGE,4,12.572395,77.343379
Bengaluru City,V V Puram Traffic PS,1.04432e+16,2017,1,2,Road Accidents,Junction,City/Town,Open area,Human Error,No,Damage Only,Head on,Signal lights Automatic,Others,City or Town Road,Bitumen(Tar),Dry,No influence on accident,Fine,minarva circle,minarva circle,10m,0.0,0.0
Bengaluru City,V V Puram Traffic PS,1.04432e+16,2017,1,2,Road Accidents,Narrow road,City/Town,Open area,Human Error,No,Simple Injury,Head on,Not at  Junction,Straight and flat,City or Town Road,Bitumen(Tar),Dry,No influence on accident,Fine,SHANKAR MUTT ROAD,4TH CROSS,10M,0.0,0.0
Bengaluru City,V V Puram Traffic PS,1.04432e+16,2017,1,1,Road Accidents,Narrow road,City/Town,Open area,Human Error,No,Grievous Injury,Hit pedestrian,Uncontrolled,Straight and flat,City or Town Road,Bitumen(Tar),Dry,No influence on accident,Fine,JC ROAD,JOURNALIST CROSS,10M,0.0,0.0
Bengaluru City,V V Puram Traffic PS,1.04432e+16,2017,1,1,Road Accidents,Cross roads,City/Town,Open area,Human Error,No,Grievous Injury,Hit pedestrian,No signal lights,Straight and flat,City or Town Road,Bitumen(Tar),Dry,Not Applicable,Fine,4th main chamrajpete,opposite brindavan hospital,10m,12.572864,77.340862
Bengaluru City,V V Puram Traffic PS,1.04432e+16,2017,1,1,Road Accidents,Narrow road,City/Town,Open area,Human Error,No,Grievous Injury,Hit pedestrian,No signal lights,Straight and flat,City or Town Road,Bitumen(Tar),Dry,No influence on accident,Fine,KP MAIN ROAD,OPPOSITE HKGN OIL SHOP,20M,12.573976,74.343956
Bengaluru City,V V Puram Traffic PS,1.04432e+16,2017,1,1,Road Accidents,Narrow road,City/Town,Open area,Human Error,Yes,Grievous Injury,Hit and Run,No signal lights,Straight and flat,City or Town Road,Bitumen(Tar),Dry,No influence on accident,Fine,nr road,OPPO RAIN BOW LODGE,10M,12.574903,77.344258
Bengaluru City,V V Puram Traffic PS,1.04432e+16,2017,1,2,Road Accidents,T Junction,City/Town,Open area,Human Error,No,Grievous Injury,Side swipe,Signal lights Automatic,Straight and flat,City or Town Road,Bitumen(Tar),Dry,No influence on accident,Fine,RV ROAD,LAL BAGH WEST GATE,5M,12.56553,77.344818
Bengaluru City,V V Puram Traffic PS,1.04432e+16,2017,1,1,Road Accidents,Narrow road,City/Town,Open area,Human Error,Yes,Grievous Injury,Hit and Run,No signal lights,Straight and flat,City or Town Road,Bitumen(Tar),Dry,No influence on accident,Fine,PMK ROAD,OPPO KANNADA SAHITYA PARISHATH,10M,0.0,0.0
Bengaluru City,V V Puram Traffic PS,1.04432e+16,2017,1,2,Road Accidents,Junction,City/Town,Open area,Human Error,No,Grievous Injury,Side swipe,No signal lights,Not Applicable,City or Town Road,Bitumen(Tar),Dry,No influence on accident,Fine,4th main,bajar strret,600m,12.572854,77.340274
Bengaluru City,V V Puram Traffic PS,1.04432e+16,2017,1,2,Road Accidents,Circle,City/Town,Near a religious place,Human Error,No,Simple Injury,Others,Signals (Working),Curve,Others,Bitumen(Tar),Dry,Not Applicable,Clear,sajjan rao circle,in front of shani mahatma temple,20m,12.571006,77.343669
Bengaluru City,V V Puram Traffic PS,1.04432e+16,2017,1,3,Road Accidents,Narrow road,City/Town,Open area,Human Error,Yes,Fatal,Hit and Run,Not at  Junction,Straight and flat,City or Town Road,Bitumen(Tar),Dry,No influence on accident,Fine,"AM ROAD, KALASIPALYA",OPPOSITR TYRE GALERY SHOP,10M,12.573153,77.344967
Bengaluru City,V V Puram Traffic PS,1.04432e+16,2017,1,1,Road Accidents,Narrow road,City/Town,Open area,Human Error,Yes,Grievous Injury,Hit and Run,No signal lights,Straight and flat,City or Town Road,Bitumen(Tar),Dry,No influence on accident,Fine,NR ROAD,OPPO ARIHANTH ALUMINIUM SHOP,10M,12.574785,77.345209
Bengaluru City,V V Puram Traffic PS,1.04432e+16,2017,1,1,Road Accidents,Narrow road,City/Town,Open area,Human Error,No,Grievous Injury,Hit pedestrian,No signal lights,Straight and flat,City or Town Road,Bitumen(Tar),Dry,No influence on accident,Fine,kp main road,oppo patil beakery,10m,12.574061,77.343983
Bengaluru City,V V Puram Traffic PS,1.04432e+16,2017,1,1,Road Accidents,Narrow road,City/Town,Open area,Human Error,Yes,Grievous Injury,Hit and Run,No signal lights,Straight and flat,City or Town Road,Bitumen(Tar),Dry,No influence on accident,Fine,kp main,oppo naidu hotel,10m,0.0,0.0
Bengaluru City,V V Puram Traffic PS,1.04432e+16,2017,1,2,Road Accidents,Junction,City/Town,Open area,Human Error,Yes,Grievous Injury,Hit and Run,Signal lights Automatic,Straight and flat,City or Town Road,Bitumen(Tar),Dry,No influence on accident,Fine,5th main chamrajpete,junction,5m,0.0,0.0
Bengaluru City,V V Puram Traffic PS,1.04432e+16,2018,1,1,Road Accidents,Narrow road,City/Town,Open area,Human Error,Yes,Simple Injury,Hit and Run,Not at  Junction,Not Applicable,City or Town Road,Bitumen(Tar),Dry,No influence on accident,Fine,JC ROAD,OPPO KOTAK MAHINDRA ATM,10M,0.0,0.0
Bengaluru City,V V Puram Traffic PS,1.04432e+16,2018,1,1,Road Accidents,Narrow road,City/Town,Open area,Human Error,No,Grievous Injury,Hit pedestrian,Uncontrolled,Straight and flat,City or Town Road,Bitumen(Tar),Dry,No influence on accident,Fine,H SIDDAIAH ROAD,OPPO ARCHANA COMPLEX,10M,0.0,0.0
Bengaluru City,V V Puram Traffic PS,1.04432e+16,2018,1,1,Road Accidents,Narrow road,City/Town,Open area,Human Error,No,Fatal,Hit pedestrian,Not Applicable,Not Applicable,City or Town Road,Bitumen(Tar),Dry,No influence on accident,Fine,ESTREET,BANSALI BROTHERS,10M,0.0,0.0
Bengaluru City,V V Puram Traffic PS,1.04432e+16,2018,1,2,Road Accidents,Narrow road,City/Town,Open area,Human Error,No,Grievous Injury,Rear end,No signal lights,Straight and flat,City or Town Road,Bitumen(Tar),Dry,No influence on accident,Fine,H SIDDAIAH ROAD,OPPO KARNATAK RADIATORS,10M,0.0,0.0
Bengaluru City,V V Puram Traffic PS,1.04432e+16,2018,1,2,Road Accidents,Narrow road,City/Town,Open area,Human Error,No,Fatal,Head on,No signal lights,Straight and flat,City or Town Road,Bitumen(Tar),Dry,No influence on accident,Fine,shankar mutt road,oppo shankar mutt,10m,12.95526,77.56972
Bengaluru City,V V Puram Traffic PS,1.04432e+16,2018,1,2,Road Accidents,Narrow road,City/Town,Open area,Human Error,No,Grievous Injury,Others,Uncontrolled,Straight and flat,City or Town Road,Bitumen(Tar),Dry,No influence on accident,Fine,JC ROAD,OPPO RK COLOUR LAB,10M,0.0,0.0
Bengaluru City,V V Puram Traffic PS,1.04432e+16,2018,1,2,Road Accidents,Narrow road,City/Town,Open area,Human Error,Yes,Grievous Injury,Hit and Run,No signal lights,Straight and flat,City or Town Road,Bitumen(Tar),Dry,No influence on accident,Fine,JC ROAD,NEAR MINARVA CIRCLE,25M,0.0,0.0
Bengaluru City,V V Puram Traffic PS,1.04432e+16,2018,1,1,Road Accidents,Narrow road,City/Town,Open area,Human Error,No,Grievous Injury,Hit pedestrian,Not at  Junction,Straight and flat,City or Town Road,Bitumen(Tar),Dry,No influence on accident,Fine,VVI ROAD,NEAR FRUIT SHOP,10M,0.0,0.0
Bengaluru City,V V Puram Traffic PS,1.04432e+16,2018,1,1,Road Accidents,Curves,City/Town,In bazaar,Human Error,No,Grievous Injury,Hit pedestrian,No signal lights,Curve,City or Town Road,Bitumen(Tar),Dry,Not Applicable,Fine,N R ROAD,PANCHALS TOOLS MICENARY,25 M,12.963467,77.581708
Bengaluru City,V V Puram Traffic PS,1.04432e+16,2018,1,1,Road Accidents,Narrow road,City/Town,Open area,Human Error,Yes,Grievous Injury,Hit and Run,No signal lights,Not Applicable,City or Town Road,Bitumen(Tar),Dry,No influence on accident,Fine,NR ROAD,OPPO ARIHANTH SHOP,25M,12.96353,77.58136
Bengaluru City,V V Puram Traffic PS,1.04432e+16,2018,1,1,Road Accidents,Narrow road,City/Town,Open area,Human Error,No,Grievous Injury,Hit pedestrian,Uncontrolled,Straight and flat,City or Town Road,Bitumen(Tar),Dry,No influence on accident,Fine,pmk road,OPPO  samskruthi apts,10m,12.95235,77.57227
Bengaluru City,V V Puram Traffic PS,1.04432e+16,2018,1,1,Road Accidents,Narrow road,City/Town,Open area,Human Error,No,Grievous Injury,Hit pedestrian,Not at  Junction,Straight and flat,City or Town Road,Bitumen(Tar),Dry,No influence on accident,Fine,KP MAIN ROAD,OPPOSITE JANANI JUICE & CONDIMENTS,10M,12.95661,77.57741
Bengaluru City,V V Puram Traffic PS,1.04432e+16,2018,1,1,Road Accidents,Narrow road,City/Town,Open area,Human Error,Yes,Grievous Injury,Hit bicyclist,Uncontrolled,Straight and flat,City or Town Road,Bitumen(Tar),Dry,No influence on accident,Fine,DAYAGANAL ROAD,OPPOSITE ORIAN AUTOCONSULTANT SHOP,10M,12.95371,77.57809