DISTRICTNAME,UNITNAME,Crime_No,Year,RI,Noofvehicle_involved,Accident_Classification,Accident_Spot,Accident_Location,Accident_SubLocation,Main_Cause,Hit_Run,Severity,Collision_Type,Junction_Control,Road_Character,Road_Type,Surface_Type,Surface_Condition,Road_Condition,Weather,Accident_Road,Landmark_first,Distance_LandMark_First,Latitude,Longitude
Bengaluru City,V V Puram Traffic PS,1.04432e+16,2018,1,1,Road Accidents,Narrow road,City/Town,Open area,Human Error,No,Grievous Injury,Head on,Uncontrolled,Not Applicable,City or Town Road,Bitumen(Tar),Dry,Not Applicable,Fine,lbf road,near GANESH TEMPLE,10M,12.95435,77.58431
Bengaluru City,V V Puram Traffic PS,1.04432e+16,2018,1,2,Road Accidents,Junction,City/Town,Open area,Human Error,No,Grievous Injury,Head on,Signal lights Automatic,Straight and flat,City or Town Road,Bitumen(Tar),Dry,No influence on accident,Fine,chamarajpete 5th main,5th main sihnal,10m,12.95714,77.56742
Bengaluru City,V V Puram Traffic PS,1.04432e+16,2018,1,1,Road Accidents,Narrow road,City/Town,In bazaar,Human Error,Yes,Grievous Injury,Hit and Run,Uncontrolled,Others,City or Town Road,Bitumen(Tar),Dry,Not Applicable,Clear,bul tempal road,parvatamma kalyana mantapa,10 m,12.956776,77.567292
Bengaluru City,V V Puram Traffic PS,1.04432e+16,2018,1,1,Road Accidents,Other,City/Town,In bazaar,Human Error,No,Grievous Injury,Hit pedestrian,Uncontrolled,Others,City or Town Road,Bitumen(Tar),Dry,Not Applicable,Fine,BUL TEMPLE ROAD,MOOR STORE,15 M,12.952356,77.567476
Bengaluru City,V V Puram Traffic PS,1.04432e+16,2018,1,1,Road Accidents,Narrow road,City/Town,Open area,Human Error,Yes,Grievous Injury,Hit and Run,Not at  Junction,Not Applicable,City or Town Road,Bitumen(Tar),Dry,No influence on accident,Fine,"vegetable market, kalasipalya",near rak mandi,10m,12.95952,77.57848
Bengaluru City,V V Puram Traffic PS,1.04432e+16,2018,1,1,Road Accidents,Junction,City/Town,Open area,Human Error,Yes,Grievous Injury,Hit and Run,Signal lights Automatic,Straight and flat,City or Town Road,Bitumen(Tar),Dry,No influence on accident,Fine,JC ROAD,BHARATH JUNCTION,10M,12.95778,77.58214
Bengaluru City,V V Puram Traffic PS,1.04432e+16,2018,1,1,Road Accidents,Other,City/Town,In bazaar,Human Error,No,Grievous Injury,Side swipe,Uncontrolled,Others,City or Town Road,Bitumen(Tar),Dry,Not Applicable,Very Hot,a v road,sundram stors,25 m,12.959232,77.57655
Bengaluru City,V V Puram Traffic PS,1.04432e+16,2018,1,2,Road Accidents,Narrow road,City/Town,Open area,Human Error,No,Damage Only,Rear end,No signal lights,Straight and flat,City or Town Road,Bitumen(Tar),Dry,No influence on accident,Fine,krumbingal road,oppo ganesh temple,10m,0.0,0.0
Bengaluru City,V V Puram Traffic PS,1.04432e+16,2018,1,3,Road Accidents,Narrow road,City/Town,Open area,Human Error,No,Simple Injury,Head on,Uncontrolled,Straight and flat,City or Town Road,Bitumen(Tar),Dry,No influence on accident,Fine,VASAVI TEMPLE ROAD,OPPO KARUR VYSHYA BANK,10M,12.9516,77.57682
Bengaluru City,V V Puram Traffic PS,1.04432e+16,2018,1,2,Road Accidents,Narrow road,City/Town,In bazaar,Human Error,No,Grievous Injury,Others,Uncontrolled,Others,City or Town Road,Bitumen(Tar),Dry,Not Applicable,Fine,LBF ROAD,RAGHAVENDRA FRAME,20M,12.955875,77.578189
Bengaluru City,V V Puram Traffic PS,1.04432e+16,2018,1,2,Road Accidents,Curves,City/Town,Open area,Human Error,Yes,Fatal,Hit and Run,Uncontrolled,Curve,City or Town Road,Bitumen(Tar),Dry,No influence on accident,Fine,KRUMBINGAL ROAD,OPPO SIDDAIAYA CROSS ROAD,10M,12.95401,77.58403
Bengaluru City,V V Puram Traffic PS,1.04432e+16,2018,1,2,Road Accidents,Narrow road,City/Town,Open area,Human Error,No,Grievous Injury,Side swipe,Uncontrolled,Straight and flat,City or Town Road,Bitumen(Tar),Dry,No influence on accident,Fine,BULL TEMPLE ROAD,OPPO PLANET KIDS,10M,0.0,0.0
Bengaluru City,V V Puram Traffic PS,1.04432e+16,2018,1,2,Road Accidents,Narrow road,City/Town,Open area,Human Error,No,Damage Only,Rear end,Uncontrolled,Straight and flat,City or Town Road,Bitumen(Tar),Dry,No influence on accident,Fine,LBF ROAD,OPPO GANAPATHI CAR ACCESSORIES,10M,0.0,0.0
Bengaluru City,V V Puram Traffic PS,1.04432e+16,2018,1,1,Road Accidents,Narrow road,City/Town,Open area,Human Error,No,Grievous Injury,Hit pedestrian,Not Applicable,Straight and flat,City or Town Road,Bitumen(Tar),Dry,No influence on accident,Fine,NR ROAD,NEAR MYSORE ROAD FLYOVER UPRAMP,10M,0.0,0.0
Bengaluru City,V V Puram Traffic PS,1.04432e+16,2018,1,1,Road Accidents,Narrow road,City/Town,Open area,Human Error,Yes,Grievous Injury,Hit and Run,No signal lights,Straight and flat,City or Town Road,Bitumen(Tar),Dry,No influence on accident,Fine,bull temple road,opposite uma talkies,10m,0.0,0.0
Bengaluru City,V V Puram Traffic PS,1.04432e+16,2018,1,2,Road Accidents,Other,City/Town,In bazaar,Human Error,Yes,Grievous Injury,Hit and Run,Uncontrolled,Others,City or Town Road,Bitumen(Tar),Dry,Not Applicable,Fine,NEW TARAKARI MARKET,M KRISHANNNAPPA,10 M,12.960221,77.579414
Bengaluru City,V V Puram Traffic PS,1.04432e+16,2018,1,5,Road Accidents,Narrow road,City/Town,Open area,Human Error,No,Damage Only,Rear end,Signal lights Automatic,Straight and flat,City or Town Road,Bitumen(Tar),Dry,No influence on accident,Fine,LBF ROAD,NEAR MINARVA CIRCLE,10M,12.95514,77.58016
Bengaluru City,V V Puram Traffic PS,1.04432e+16,2018,1,2,Road Accidents,Circle,City/Town,Near Hospital,Human Error,No,Simple Injury,Others,Controlled,Others,City or Town Road,Bitumen(Tar),Dry,Not Applicable,Very Cold,K R ROAD,HOSPETAL,100 M,12.957265,77.573542
Bengaluru City,V V Puram Traffic PS,1.04432e+16,2018,1,1,Road Accidents,Narrow road,City/Town,Open area,Human Error,Yes,Grievous Injury,Hit and Run,Not Applicable,Straight and flat,City or Town Road,Bitumen(Tar),Dry,No influence on accident,Fine,lbf road,opposite nandini hotel,10m,12.95528,77.57949
Bengaluru City,V V Puram Traffic PS,1.04432e+16,2018,1,2,Road Accidents,Cross roads,City/Town,Open area,Human Error,No,Grievous Injury,Head on,Uncontrolled,Straight and flat,City or Town Road,Bitumen(Tar),Dry,No influence on accident,Fine,shankar mutt 2nd cross,uttharadhi mutt road,10m,12.95252,77.57128
Bengaluru City,V V Puram Traffic PS,1.04432e+16,2018,1,1,Road Accidents,T Junction,City/Town,Open area,Human Error,No,Fatal,Hit pedestrian,Uncontrolled,Straight and flat,City or Town Road,Bitumen(Tar),Dry,No influence on accident,Fine,KUMBARAGUNDI 4TH CROSS,OPPO BN MOTORS,10M,0.0,0.0
Bengaluru City,V V Puram Traffic PS,1.04432e+16,2018,1,1,Road Accidents,Narrow road,City/Town,Open area,Human Error,No,Grievous Injury,Hit pedestrian,No signal lights,Straight and flat,City or Town Road,Bitumen(Tar),Dry,No influence on accident,Fine,KP MAIN ROAD,OPPOSITE HOTEL SHARIFIYA,10M,12.96365,77.5774
Bengaluru City,V V Puram Traffic PS,1.04432e+16,2018,1,2,Road Accidents,T Junction,City/Town,Open area,Human Error,No,Grievous Injury,Head on,No signal lights,Straight and flat,City or Town Road,Bitumen(Tar),Dry,No influence on accident,Fine,KRUMBINGAL ROAD,KEMPANNA ROAD,5M,12.95302,77.58356
Bengaluru City,V V Puram Traffic PS,1.04432e+16,2018,1,2,Road Accidents,Circle,City/Town,Near Hospital,Human Error,No,Grievous Injury,Others,Controlled,Others,City or Town Road,Bitumen(Tar),Dry,Not Applicable,Fine,K R ROAD,KIMS HOSPETAL,25 M,12.95726,77.573741
Bengaluru City,V V Puram Traffic PS,1.04432e+16,2018,1,1,Road Accidents,Narrow road,City/Town,Open area,Human Error,No,Grievous Injury,Skidding or Self accident,Not Applicable,Straight and flat,City or Town Road,Bitumen(Tar),Dry,No influence on accident,Fine,BASAPPA ROAD,OPPO KIMS,10M,12.95708,77.57461
Bengaluru City,V V Puram Traffic PS,1.04432e+16,2018,1,1,Road Accidents,Narrow road,City/Town,Open area,Human Error,No,Grievous Injury,Hit pedestrian,Uncontrolled,Not Applicable,City or Town Road,Bitumen(Tar),Dry,No influence on accident,Fine,BULL TEMPLE ROAD,OPPO RK ASHRAMA,10M,12.94824,77.56769
Bengaluru City,V V Puram Traffic PS,1.04432e+16,2018,1,1,Road Accidents,Narrow road,City/Town,Open area,Human Error,No,Simple Injury,Hit pedestrian,Not Applicable,Not Applicable,City or Town Road,Bitumen(Tar),Dry,No influence on accident,Fine,JC ROAD,NEAR BBMP PARKING COMPLEX,10M,12.95672,77.58145
Bengaluru City,V V Puram Traffic PS,1.04432e+16,2018,1,1,Road Accidents,Narrow road,City/Town,Open area,Human Error,No,Grievous Injury,Hit pedestrian,Not Applicable,Straight and flat,City or Town Road,Bitumen(Tar),Dry,No influence on accident,Fine,kp main road,opposite aiyyappa temple,10m,0.0,0.0
Bengaluru City,V V Puram Traffic PS,1.04432e+16,2018,1,1,Road Accidents,Cross roads,City/Town,In bazaar,Human Error,Yes,Grievous Injury,Hit and Run,Uncontrolled,Curve,City or Town Road,Bitumen(Tar),Dry,Not Applicable,Fine,N R ROAD,156 SHARADA COMPLEX,25M,12.954902,77.57944
Bengaluru City,V V Puram Traffic PS,1.04432e+16,2019,1,2,Road Accidents,Not Applicable,City/Town,Near Bus stop,Human Error,Yes,Grievous Injury,Vehicle to Vehicle,Not Applicable,Others,Others,Bitumen(Tar),Dry,Not Applicable,Clear,K R ROAD,METRO STATION,5 M,12.9506071,77.5736864
Bengaluru City,V V Puram Traffic PS,1.04432e+16,2019,1,1,Road Accidents,Not Applicable,City/Town,Near Bus stop,Human Error,Yes,Grievous Injury,Hit pedestrian,Not Applicable,Not Applicable,Others,Bitumen(Tar),Dry,Not Applicable,Fine,KLASHIPALYA BUS STOP,KALSHIPALYA BUS STOP,30 M,12.961752,77.576956
Bengaluru City,V V Puram Traffic PS,1.04432e+16,2019,1,1,Road Accidents,Junction,City/Town,Near Hospital,Human Error,Yes,Grievous Injury,Hit pedestrian,Controlled,Others,Others,Bitumen(Tar),Dry,Not Applicable,Clear,BASAPPA ROAD,KIMS HOSPETL,30M,12.957255,77.573781
Bengaluru City,V V Puram Traffic PS,1.04432e+16,2019,1,1,Road Accidents,Junction,City/Town,Near Hospital,Human Error,No,Grievous Injury,Hit pedestrian,Controlled,Others,Others,Bitumen(Tar),Dry,Not Applicable,Fine,A V ROAD,NEAR METRO STATION,45M,12.959634,77.574627
Bengaluru City,V V Puram Traffic PS,1.04432e+16,2019,1,1,Not Applicable,Junction,City/Town,In bazaar,Human Error,No,Grievous Injury,Hit pedestrian,Uncontrolled,Not Applicable,Others,Bitumen(Tar),Dry,Not Applicable,Fine,h siddaiah road,vinobha nagar cross,10.m,12.955741,77.585109
Bengaluru City,V V Puram Traffic PS,1.04432e+16,2019,1,1,Road Accidents,Not Applicable,City/Town,In bazaar,Human Error,No,Grievous Injury,Hit pedestrian,Not Applicable,Incline,Others,Bitumen(Tar),Dry,Construction Work / Material,Fine,v v i road,sln compex,25m,12.962045,77.576334
Bengaluru City,V V Puram Traffic PS,1.04432e+16,2019,1,1,Road Accidents,Not Applicable,City/Town,Near Bus stop,Human Error,Yes,Grievous Injury,Hit pedestrian,Not Applicable,Others,Others,Bitumen(Tar),Dry,Not Applicable,Fine,L B F ROAD,MANTRI BLUSUM APARTMENTS,25M,12.95436,77.58424
Bengaluru City,V V Puram Traffic PS,1.04432e+16,2019,1,1,Road Accidents,Junction,City/Town,In bazaar,Human Error,No,Grievous Injury,Hit pedestrian,Uncontrolled,Others,Others,Bitumen(Tar),Dry,Not Applicable,Others,k p main road,naid hotel,10 m,12.963777,77.577506
Bengaluru City,V V Puram Traffic PS,1.04432e+16,2019,1,1,Road Accidents,Narrow road,City/Town,Near School or College,Human Error,Yes,Fatal,Hit pedestrian,Not Applicable,Straight and flat,Others,Bitumen(Tar),Dry,Not Applicable,Fine,bul tempal road,school 25 m,25 m,12.953042,77.567686
Bengaluru City,V V Puram Traffic PS,1.04432e+16,2019,1,2,Road Accidents,Junction,City/Town,Residential area,Human Error,No,Grievous Injury,Vehicle to Vehicle,Uncontrolled,Others,Others,Bitumen(Tar),Dry,Not Applicable,Fine,2ND CROSS UTTARADHIMATAM JANCTION,JANCTION,10M,12.952515,77.571276
Bengaluru City,V V Puram Traffic PS,1.04432e+16,2019,1,1,Road Accidents,Not Applicable,City/Town,Near Bus stop,Human Error,Yes,Grievous Injury,Hit pedestrian,Not Applicable,Not Applicable,Others,Bitumen(Tar),Dry,Not Applicable,Fine,NEAR AYYAPA TEMPAL,AYYAPPA TEMPAL,10 M,12.959868,77.577695
Bengaluru City,V V Puram Traffic PS,1.04432e+16,2019,1,2,Road Accidents,Circle,City/Town,In bazaar,Human Error,Yes,Damage Only,Vehicle to Vehicle,Controlled,Others,Others,Bitumen(Tar),Dry,Not Applicable,Fine,R V ROAD,MINARVA CIRCLE,10M,12.955152,77.580149
Bengaluru City,V V Puram Traffic PS,1.04432e+16,2019,1,2,Road Accidents,Not Applicable,City/Town,Near Hospital,Human Error,No,Simple Injury,Vehicle to Vehicle,Not Applicable,Others,Others,Bitumen(Tar),Dry,Not Applicable,Fine,BASAPPA ROAD,KIMS HOSPITAL,25M,12.956452,77.576577
Bengaluru City,V V Puram Traffic PS,1.04432e+16,2019,1,1,Road Accidents,Not Applicable,City/Town,In bazaar,Human Error,No,Grievous Injury,Hit pedestrian,Not Applicable,Others,Others,Bitumen(Tar),Dry,Not Applicable,Others,LBF ROAD,TRY SHOP,25 M,0.0,0.0
Bengaluru City,V V Puram Traffic PS,1.04432e+16,2019,1,2,Road Accidents,Not Applicable,City/Town,Near Bus stop,Human Error,No,Damage Only,Vehicle to Vehicle,Not Applicable,Not Applicable,Others,Bitumen(Tar),Dry,Not Applicable,Snow,K P MAIN ROAD,KALPAKA HOTEL,30 M,12.960815,77.577668
Bengaluru City,V V Puram Traffic PS,1.04432e+16,2019,1,1,Road Accidents,Not Applicable,City/Town,Near Bus stop,Human Error,No,Simple Injury,Hit pedestrian,Not Applicable,Slight Curve,Others,Bitumen(Tar),Dry,Not Applicable,Fine,BUL TEMPAL ROAD,B M T C BUS STOP,10 M,12.949561,77.567638
Bengaluru City,V V Puram Traffic PS,1.04432e+16,2019,1,1,Road Accidents,Not Applicable,City/Town,In bazaar,Human Error,Yes,Simple Injury,Hit pedestrian,Not Applicable,Not Applicable,Others,Concrete,Dry,Not Applicable,Fine,SAJJAN RAO ROD,BASAPPA CIRCLE,45,12.95605,77.577302
Bengaluru City,V V Puram Traffic PS,1.04432e+16,2019,1,1,Road Accidents,Junction,City/Town,Near Petrol Pump,Human Error,No,Grievous Injury,Not Applicable,Uncontrolled,Others,Others,Bitumen(Tar),Dry,Not Applicable,Others,5TH MAIN ROAD,PETROL BUNK,10M,12.957166,77.568566
Bengaluru City,V V Puram Traffic PS,1.04432e+16,2019,1,2,Road Accidents,Not Applicable,City/Town,In bazaar,Human Error,Yes,Fatal,Vehicle to Vehicle,Not Applicable,Not Applicable,Others,Bitumen(Tar),Dry,Not Applicable,Others,J C ROAD,CENTRAL BANK OF INDIA,20 M,0.0,0.0
Bengaluru City,V V Puram Traffic PS,1.04432e+16,2019,1,1,Road Accidents,Junction,City/Town,In bazaar,Human Error,No,Grievous Injury,Hit pedestrian,Uncontrolled,Others,Others,Bitumen(Tar),Dry,Not Applicable,Others,DAIGANAL,BBMP OFFICE,60M,0.0,0.0
Bengaluru City,V V Puram Traffic PS,1.04432e+16,2019,1,2,Road Accidents,Not Applicable,City/Town,In bazaar,Human Error,Yes,Simple Injury,Vehicle to Vehicle,Uncontrolled,Not Applicable,Others,Bitumen(Tar),Dry,Not Applicable,Fine,J C ROAD,VISL,20M,12.959748,77.583194
Bengaluru City,V V Puram Traffic PS,1.04432e+16,2019,1,1,Road Accidents,Junction,City/Town,Near Bus stop,Human Error,Yes,Grievous Injury,Hit pedestrian,No signal lights,Curve,Others,Bitumen(Tar),Dry,Not Applicable,Fine,N R ROAD,BUS STOP,20 M,12.963676,77.577515
Bengaluru City,V V Puram Traffic PS,1.04432e+16,2019,1,2,Road Accidents,Not Applicable,City/Town,Near office complex,Human Error,No,Grievous Injury,Vehicle to Vehicle,Not Applicable,Straight and flat,Others,Bitumen(Tar),Dry,Not Applicable,Fine,CHAMAAJ PETE 3RD MAIN,SRI SHARADA SHIVAGGNAGA MATAM,25 M,12.95887,77.570462
Bengaluru City,V V Puram Traffic PS,1.04432e+16,2019,1,1,Road Accidents,Junction,City/Town,In bazaar,Human Error,Yes,Fatal,Hit pedestrian,No signal lights,Others,Others,Bitumen(Tar),Dry,Not Applicable,Fine,K P MAIN ROAD,NAIDU HOTEL,25M,12.963602,77.577338
Bengaluru City,V V Puram Traffic PS,1.04432e+16,2019,1,1,Road Accidents,Junction,City/Town,Near Petrol Pump,Human Error,No,Grievous Injury,Hit pedestrian,Signals (Working),Others,Others,Bitumen(Tar),Dry,Not Applicable,Fine,J C ROAD,VBHARTH PERTOL BUNK,23 M,12.957731,77.582081
Bengaluru City,V V Puram Traffic PS,1.04432e+16,2019,1,1,Road Accidents,Not Applicable,City/Town,In bazaar,Human Error,Yes,Grievous Injury,Hit pedestrian,Not Applicable,Not Applicable,Others,Bitumen(Tar),Dry,Not Applicable,Others,A V ROAD,FOOT,10,12.954198,77.579934
Bengaluru City,V V Puram Traffic PS,1.04432e+16,2019,1,2,Road Accidents,Junction,City/Town,In bazaar,Human Error,No,Grievous Injury,Vehicle to Vehicle,Uncontrolled,Others,Others,Bitumen(Tar),Dry,Not Applicable,Fine,3RD MAIN CHAMRAJPETE,JUNCTION,10M,12.958813,77.569492
Bengaluru City,V V Puram Traffic PS,1.04432e+16,2019,1,2,Road Accidents,Junction,City/Town,Near Petrol Pump,Human Error,No,Simple Injury,Vehicle to Vehicle,Controlled,Others,Others,Bitumen(Tar),Dry,Not Applicable,Others,diagnal road,petrol pump,25 m,0.0,0.0
Bengaluru City,V V Puram Traffic PS,1.04432e+16,2019,1,2,Road Accidents,Cross roads,City/Town,Residential area,Human Error,No,Fatal,Vehicle to Vehicle,Uncontrolled,Others,Others,Bitumen(Tar),Dry,Not Applicable,Fine,RANGARAO ROAD,HOME 145,20 M,12.954002,77.568748
Bengaluru City,V V Puram Traffic PS,1.04432e+16,2019,1,1,Road Accidents,Junction,City/Town,Near Petrol Pump,Human Error,Yes,Simple Injury,Hit pedestrian,Uncontrolled,Others,Others,Bitumen(Tar),Dry,Not Applicable,Fine,K R ROAD,PETROL BUNK,45 M,12.949605,77.573769
Bengaluru City,V V Puram Traffic PS,1.04432e+16,2019,1,1,Road Accidents,Not Applicable,City/Town,In bazaar,Human Error,Yes,Fatal,Hit pedestrian,Not at  Junction,Others,Others,Bitumen(Tar),Dry,Not Applicable,Fine,K P MAIN ROAD,TAE STALE,12 M,12.963209,77.577447
Bengaluru City,V V Puram Traffic PS,1.04432e+16,2019,1,3,Road Accidents,Narrow road,City/Town,In bazaar,Human Error,No,Grievous Injury,Vehicle to Vehicle,Not Applicable,Others,Others,Bitumen(Tar),Dry,Not Applicable,Fine,N R ROAD,ARIHANTH ALUMINIAM CORPORECTION,25 M,12.963396,77.58142
Bengaluru City,V V Puram Traffic PS,1.04432e+16,2019,1,1,Road Accidents,Not Applicable,City/Town,Near Bus stop,Human Error,Yes,Grievous Injury,Hit pedestrian,Not Applicable,Not Applicable,Others,Bitumen(Tar),Dry,Not Applicable,Fine,bul tempal road,ramakrishamarta,25m,12.949249,77.567667
Bengaluru City,V V Puram Traffic PS,1.04432e+16,2019,1,1,Road Accidents,Curves,City/Town,Near School or College,Human Error,No,Grievous Injury,Hit pedestrian,Not at  Junction,Curve,Others,Bitumen(Tar),Dry,Not Applicable,Fine,krumbrigal road,r v college,29m,0.0,0.0
Bengaluru City,V V Puram Traffic PS,1.04432e+16,2019,1,2,Road Accidents,Not Applicable,City/Town,Near a recreation place/cinema,Human Error,No,Grievous Injury,Vehicle to Vehicle,Not Applicable,Others,Others,Bitumen(Tar),Dry,Not Applicable,Very Cold,SIDDAIAH ROAD,THEATER,10M,12.956029,77.585848
Bengaluru City,V V Puram Traffic PS,1.04432e+16,2019,1,2,Road Accidents,Narrow road,City/Town,In bazaar,Human Error,No,Fatal,Vehicle to Vehicle,Not Applicable,Others,Others,Bitumen(Tar),Dry,Not Applicable,Fog / Mist,H SIDDAIAH ROAD,SHASTA TOOLS,25,12.957504,77.582489
Bengaluru City,V V Puram Traffic PS,1.04432e+16,2019,1,2,Road Accidents,Junction,City/Town,In bazaar,Human Error,No,Grievous Injury,Vehicle to Vehicle,Controlled,Not Applicable,Others,Bitumen(Tar),Dry,Not Applicable,Others,5TH MAIN ROAD CHAMARAJ PETE,MOOR,25M,12.95711,77.56736
Bengaluru City,V V Puram Traffic PS,1.04432e+16,2019,1,2,Road Accidents,Narrow road,City/Town,In bazaar,Human Error,No,Fatal,Vehicle to Vehicle,Not Applicable,Others,Others,Bitumen(Tar),Dry,Not Applicable,Clear,N R ROAD,KAILASH ROPING,25M,12.963398,77.581827
Bengaluru City,V V Puram Traffic PS,1.04432e+16,2019,1,2,Road Accidents,Narrow road,City/Town,Near office complex,Human Error,Yes,Grievous Injury,Vehicle to Vehicle,Not Applicable,Straight and flat,Others,Bitumen(Tar),Dry,Not Applicable,Very Cold,NEAR JAIN BHAVAN K R ROAD,JAIN BHAVAN,25 M,12.953523,77.573496
Bengaluru City,V V Puram Traffic PS,1.04432e+16,2019,1,1,Road Accidents,Not Applicable,City/Town,In bazaar,Human Error,No,Simple Injury,Hit pedestrian,Not Applicable,Others,Others,Bitumen(Tar),Dry,Not Applicable,Others,P M K ROAD,KANNADA SAHITYA PARISHATH,10M,12.9587,77.57189
Bengaluru City,V V Puram Traffic PS,1.04432e+16,2019,1,2,Road Accidents,Cross roads,City/Town,Near Petrol Pump,Human Error,No,Grievous Injury,Vehicle to Vehicle,Not at  Junction,Not Applicable,Others,Bitumen(Tar),Dry,Not Applicable,Fine,J C ROAD,NEAR GURUSWAMY PETROL BUNK,10M,0.0,0.0
Bengaluru City,V V Puram Traffic PS,1.04432e+16,2020,1,1,Road Accidents,Not Applicable,City/Town,Narrow bridge or culverts,Human Error,Yes,Grievous Injury,Hit pedestrian,Not Applicable,Others,Others,Bitumen(Tar),Dry,Not Applicable,Others,N R ROAD,NEAR ELECTRIC POLE,10 M,0.0,0.0
Bengaluru City,V V Puram Traffic PS,1.04432e+16,2020,1,2,Road Accidents,Junction,City/Town,In bazaar,Human Error,No,Damage Only,Vehicle to Vehicle,Controlled,Others,Others,Bitumen(Tar),Dry,Not Applicable,Clear,R V ROAD,MINARVA CRICLE,10M,0.0,0.0
Bengaluru City,V V Puram Traffic PS,1.04432e+16,2020,1,2,Road Accidents,Junction,City/Town,Residential area,Human Error,No,Grievous Injury,Vehicle to Vehicle,Uncontrolled,Not Applicable,Others,Bitumen(Tar),Dry,Not Applicable,Fine,5TH CROSS,5TH CROSS,0,12.9498276,77.5704558
Bengaluru City,V V Puram Traffic PS,1.04432e+16,2020,1,2,Road Accidents,Not Applicable,City/Town,In bazaar,Human Error,Yes,Grievous Injury,Vehicle to Vehicle,Not Applicable,Others,Others,Bitumen(Tar),Dry,Not Applicable,Fine,R V ROAD,ARITEL OFFICE,100 M,0.0,0.0
Bengaluru City,V V Puram Traffic PS,1.04432e+16,2020,1,1,Road Accidents,Road hump or Rumble strips,City/Town,Near a religious place,Human Error,Yes,Grievous Injury,Hit pedestrian,Not at  Junction,Not Applicable,Others,Bitumen(Tar),Dry,Not Applicable,Fine,SHANKARMATA ROAD,SHANKAR MATAM,25M,0.0,0.0
Bengaluru City,V V Puram Traffic PS,1.04432e+16,2020,1,2,Road Accidents,Not Applicable,City/Town,Near Hospital,Human Error,No,Fatal,Hit pedestrian,Not Applicable,Others,Others,Bitumen(Tar),Dry,Not Applicable,Fine,K R ROAD,NEAR GANESH TEMPEL,10M,0.0,0.0
Bengaluru City,V V Puram Traffic PS,1.04432e+16,2020,1,2,Road Accidents,Not Applicable,City/Town,Near School or College,Human Error,No,Grievous Injury,Vehicle to Vehicle,Not Applicable,Not Applicable,Others,Concrete,Dry,Not Applicable,Fine,K R ROAD,JAIN BHAVAN,45 M,0.0,0.0
Bengaluru City,V V Puram Traffic PS,1.04432e+16,2020,1,2,Road Accidents,Junction,City/Town,In bazaar,Human Error,No,Grievous Injury,Vehicle to Vehicle,Uncontrolled,Others,Others,Bitumen(Tar),Dry,Not Applicable,Others,s b road,saraswathi vidyamandera,25 m,12.9507219,77.5780863
Bengaluru City,V V Puram Traffic PS,1.04432e+16,2020,1,2,Road Accidents,Not Applicable,City/Town,In bazaar,Human Error,No,Grievous Injury,Vehicle to Vehicle,Not Applicable,Others,Others,Bitumen(Tar),Dry,Not Applicable,Fine,B T ROAD,NEAR MOOR,50 M,0.0,0.0
Bengaluru City,V V Puram Traffic PS,1.04432e+16,2020,1,1,Road Accidents,Not Applicable,City/Town,Near School or College,Human Error,No,Fatal,Hit pedestrian,Not Applicable,Not Applicable,Others,Bitumen(Tar),Dry,Not Applicable,Fine,JNANODAYA SCHOOL ROAD,MARATA HOSTEL,10M,12.9539545,77.568074
Bengaluru City,V V Puram Traffic PS,1.04432e+16,2020,1,1,Road Accidents,Not Applicable,City/Town,Near Bus stop,Human Error,No,Simple Injury,Hit pedestrian,Not Applicable,Others,Others,Bitumen(Tar),Dry,Not Applicable,Others,b street kalashipalya,near lavakusha treding,10m,0.0,0.0
Bengaluru City,V V Puram Traffic PS,1.04432e+16,2020,1,1,Road Accidents,Cross roads,City/Town,In bazaar,Human Error,No,Fatal,Not Applicable,Uncontrolled,Incline,Others,Bitumen(Tar),Dry,Not Applicable,Very Cold,KRUMBRIGAL ROAD,YAMAKA SHOW ROAM,25M,0.0,0.0
Bengaluru City,V V Puram Traffic PS,1.04432e+16,2020,1,2,Road Accidents,Cross roads,City/Town,In bazaar,Human Error,No,Grievous Injury,Vehicle to Vehicle,Not Applicable,Not Applicable,Others,Bitumen(Tar),Dry,Not Applicable,Fine,CHAMARAJ PET 5TH MAINA,MAKKALA KUTA,50M,0.0,0.0
Bengaluru City,V V Puram Traffic PS,1.04432e+16,2020,1,1,Road Accidents,Narrow road,City/Town,Near a religious place,Human Error,No,Grievous Injury,Not Applicable,Not Applicable,Others,Others,Bitumen(Tar),Dry,Not Applicable,Fine,KRUMBIRGAL ROAD,GURUDHARMA PRACHARANA SABHA,25M,0.0,0.0
Bengaluru City,V V Puram Traffic PS,1.04432e+16,2020,1,1,Road Accidents,Not Applicable,City/Town,In bazaar,Human Error,Yes,Grievous Injury,Hit pedestrian,Not Applicable,Curve,Others,Bitumen(Tar),Dry,Not Applicable,Fine,N R ROAD,DOWN RANM,25 M,0.0,0.0
Bengaluru City,V V Puram Traffic PS,1.04432e+16,2020,1,2,Road Accidents,Not Applicable,City/Town,In bazaar,Human Error,No,Grievous Injury,Vehicle to Vehicle,Not Applicable,Not Applicable,Others,Bitumen(Tar),Dry,Not Applicable,Clear,CHMARAJPETE 5TH MAIN ROAD,VISHAL MEGHA MART,25M,0.0,0.0
Bengaluru City,V V Puram Traffic PS,1.04432e+16,2020,1,2,Road Accidents,Junction,City/Town,Near Hospital,Human Error,No,Grievous Injury,Vehicle to Vehicle,Controlled,Not Applicable,Others,Bitumen(Tar),Dry,Not Applicable,Fine,CHAMRAJPETE 5TH MAIN,KIMS HOSPITAL,35 M,12.957251,77.573613
Bengaluru City,V V Puram Traffic PS,1.04432e+16,2020,1,4,Not Applicable,Narrow road,City/Town,Residential area,Human Error,Yes,Damage Only,Vehicle to Vehicle,Not Applicable,Not Applicable,Others,Bitumen(Tar),Dry,Not Applicable,Others,PARVATHIPURAM 2ND CROSS,NEAR BIT COMPOWND,25M,12.955457,77.57523