DISTRICTNAME,UNITNAME,Crime_No,Year,RI,Noofvehicle_involved,Accident_Classification,Accident_Spot,Accident_Location,Accident_SubLocation,Main_Cause,Hit_Run,Severity,Collision_Type,Junction_Control,Road_Character,Road_Type,Surface_Type,Surface_Condition,Road_Condition,Weather,Accident_Road,Landmark_first,Distance_LandMark_First,Latitude,Longitude
Bengaluru City,V V Puram Traffic PS,1.04432e+16,2020,1,2,Road Accidents,Not Applicable,City/Town,In bazaar,Human Error,No,Grievous Injury,Vehicle to Vehicle,Not Applicable,Not Applicable,Others,Bitumen(Tar),Dry,Not Applicable,Fine,PMK ROAD,VIJAYAKARNATAKA OFFICE,20 M,0.0,0.0
Bengaluru City,V V Puram Traffic PS,1.04432e+16,2020,1,2,Road Accidents,Not Applicable,City/Town,Near Hospital,Human Error,No,Damage Only,Vehicle to Vehicle,Not Applicable,Not Applicable,Others,Bitumen(Tar),Dry,Not Applicable,Fine,A V ROAD,TIPPU PALACE,25 M,12.9599449,77.5739312
Bengaluru City,V V Puram Traffic PS,1.04432e+16,2020,1,1,Road Accidents,Not Applicable,City/Town,In bazaar,Human Error,No,Fatal,Hit pedestrian,Not at  Junction,Others,Others,Bitumen(Tar),Dry,Not Applicable,Fine,V V I ROAD,RASHEED SHOP,15  M,12.9615917,77.5751155
Bengaluru City,V V Puram Traffic PS,1.04432e+16,2020,1,2,Road Accidents,Narrow road,City/Town,In bazaar,Human Error,No,Simple Injury,Vehicle to Vehicle,Not Applicable,Others,Others,Bitumen(Tar),Dry,Not Applicable,Fine,DIAGANAL ROAD,BEADY STUDY GO,25 M,12.949196,77.57449
Bengaluru City,V V Puram Traffic PS,1.04432e+16,2020,1,1,Road Accidents,Not Applicable,City/Town,Near a religious place,Human Error,Yes,Grievous Injury,Hit pedestrian,Not Applicable,Others,Others,Bitumen(Tar),Dry,Not Applicable,Clear,H SIDAIAH ROAD,DARGA HAJARATH,25 M,0.0,0.0
Bengaluru City,V V Puram Traffic PS,1.04432e+16,2020,1,1,Road Accidents,Not Applicable,City/Town,In bazaar,Human Error,No,Grievous Injury,Hit pedestrian,Not Applicable,Others,Others,Bitumen(Tar),Dry,Not Applicable,Fine,R V ROAD,NEAR KARNATAKA BANK,10 M,12.954174,77.579917
Bengaluru City,V V Puram Traffic PS,1.04432e+16,2020,1,1,Road Accidents,Not Applicable,City/Town,In bazaar,Human Error,Yes,Grievous Injury,Hit pedestrian,Not Applicable,Others,Others,Bitumen(Tar),Dry,Not Applicable,Clear,LBF ROAD,SABHARVAL HOTEL,2 M,0.0,0.0
Bengaluru City,V V Puram Traffic PS,1.04432e+16,2020,1,2,Road Accidents,Not Applicable,City/Town,Near a religious place,Human Error,No,Grievous Injury,Vehicle to Vehicle,Not Applicable,Not Applicable,Others,Bitumen(Tar),Dry,Not Applicable,Fine,R V ROAD,BISILU MARAMA TEMPEL,25M,0.0,0.0
Bengaluru City,V V Puram Traffic PS,1.04432e+16,2020,1,1,Road Accidents,Junction,City/Town,Near office complex,Human Error,No,Fatal,Hit pedestrian,Uncontrolled,Curve,Others,Bitumen(Tar),Dry,Not Applicable,Fine,PMK ROAD,CITY INSTUT,25M,0.0,0.0
Bengaluru City,V V Puram Traffic PS,1.04432e+16,2020,1,2,Road Accidents,Junction,City/Town,In bazaar,Human Error,Yes,Grievous Injury,Vehicle to Vehicle,Uncontrolled,Not Applicable,Others,Bitumen(Tar),Dry,Not Applicable,Fine,SHANAKAR MATA MAIN ROAD,SHANKAR MATA 3 RD CROSS,20 M,0.0,0.0
Bengaluru City,V V Puram Traffic PS,1.04432e+16,2020,1,1,Road Accidents,Junction,City/Town,In bazaar,Human Error,No,Fatal,Hit pedestrian,Controlled,Others,Others,Bitumen(Tar),Dry,Not Applicable,Fine,LBF ROAD,MINARVA CIRCLE,10 M,0.0,0.0
Bengaluru City,V V Puram Traffic PS,1.04432e+16,2021,1,1,Road Accidents,Circle,City/Town,In bazaar,Human Error,Yes,Fatal,Hit pedestrian,Not Applicable,Others,Others,Bitumen(Tar),Dry,Not Applicable,Others,J C ROAD,KARRU VYASYA BANK,10 M,12.958677,77.582641
Bengaluru City,V V Puram Traffic PS,1.04432e+16,2021,1,2,Road Accidents,Narrow road,City/Town,In bazaar,Human Error,No,Grievous Injury,Vehicle to Vehicle,Not Applicable,Others,Others,Bitumen(Tar),Dry,Not Applicable,Fine,J C ROAD,HONDA SHOW ROOM,25 M,12.959793,77.58322
Bengaluru City,V V Puram Traffic PS,1.04432e+16,2021,1,2,Road Accidents,Narrow road,City/Town,In bazaar,Human Error,No,Grievous Injury,Vehicle to Vehicle,Not Applicable,Others,One way,Bitumen(Tar),Dry,Not Applicable,Fine,H SIDDAIAH ROAD,URVASHI TAKISH,25 M,12.955583,77.585586
Bengaluru City,V V Puram Traffic PS,1.04432e+16,2021,1,1,Road Accidents,Narrow road,City/Town,In bazaar,Human Error,No,Grievous Injury,Not Applicable,Not Applicable,Others,Others,Bitumen(Tar),Dry,Not Applicable,Fog / Mist,LBF ROAD,NEAR ANAD HOTEL,10 M,12.95415,77.584963
Bengaluru City,V V Puram Traffic PS,1.04432e+16,2021,1,2,Road Accidents,Junction,City/Town,In bazaar,Human Error,No,Simple Injury,Vehicle to Vehicle,Signals (Working),Not Applicable,Others,Bitumen(Tar),Dry,Not Applicable,Fine,J C ROAD,NEAR J C ROAD,10 M,12.957734,77.582163
Bengaluru City,V V Puram Traffic PS,1.04432e+16,2021,1,1,Road Accidents,Narrow road,City/Town,Near a religious place,Human Error,No,Grievous Injury,Hit pedestrian,Not Applicable,Others,Others,Bitumen(Tar),Dry,Not Applicable,Clear,PMK ROAD,NEAR CHEUCH,25 M,12.960002,77.5718221
Bengaluru City,V V Puram Traffic PS,1.04432e+16,2021,1,1,Road Accidents,Junction,City/Town,In bazaar,Human Error,No,Grievous Injury,Hit pedestrian,Controlled,Others,Others,Bitumen(Tar),Dry,Construction Work / Material,Clear,5TH MAIN CHAMARAJPETE,HOSPITAL,10 M,12.957159,77.569569
Bengaluru City,V V Puram Traffic PS,1.04432e+16,2021,1,1,Road Accidents,Narrow road,City/Town,In bazaar,Human Error,No,Fatal,Hit pedestrian,Not Applicable,Others,Others,Bitumen(Tar),Dry,Not Applicable,Others,K R ROAD,METRO,25,12.95188,77.573584
Bengaluru City,V V Puram Traffic PS,1.04432e+16,2021,1,1,Road Accidents,Junction,City/Town,Residential area,Human Error,No,Fatal,Hit bicyclist,Uncontrolled,Others,Others,Bitumen(Tar),Dry,Not Applicable,Fine,chamarajpete 3 rd main,3rd main road,10 m,12.958926,77.569515
Bengaluru City,V V Puram Traffic PS,1.04432e+16,2021,1,2,Road Accidents,Junction,City/Town,Near Hospital,Human Error,No,Damage Only,Vehicle to Vehicle,Controlled,Not Applicable,Others,Bitumen(Tar),Dry,Not Applicable,Fine,k r road,shivashakar circle,40 m,12.957214,77.573724
Bengaluru City,V V Puram Traffic PS,1.04432e+16,2021,1,2,Road Accidents,Narrow road,City/Town,Near Bus stop,Human Error,No,Grievous Injury,Vehicle to Vehicle,Not at  Junction,Curve,Others,Bitumen(Tar),Dry,Not Applicable,Clear,N R ROAD,JAMIYA MASIDI,25 M,12.963548,77.578755
Bengaluru City,V V Puram Traffic PS,1.04432e+16,2021,1,2,Road Accidents,Junction,City/Town,In bazaar,Human Error,No,Fatal,Vehicle to Vehicle,Uncontrolled,Not Applicable,Others,Bitumen(Tar),Dry,Not Applicable,Clear,J C ROAD,PRAJAVANI OFFICE,10 M,12.9590516,77.5828666
Bengaluru City,V V Puram Traffic PS,1.04432e+16,2021,1,1,Road Accidents,Junction,City/Town,In bazaar,Human Error,No,Grievous Injury,Not Applicable,Controlled,Curve,Others,Bitumen(Tar),Dry,Not Applicable,Fine,LBF RAOD,MINARVA JUNCTION,10 M,12.955135,77.580112
Bengaluru City,V V Puram Traffic PS,1.04432e+16,2021,1,1,Road Accidents,Curves,City/Town,Near a religious place,Human Error,No,Grievous Injury,Vehicle to Vehicle,Uncontrolled,Others,Others,Bitumen(Tar),Dry,Not Applicable,Fine,SAJJAN RAO ROAD,SHANIMAHATMA TEMPELE,10 M,12.952871,77.576875
Bengaluru City,V V Puram Traffic PS,1.04432e+16,2021,1,1,Road Accidents,Cross roads,City/Town,In bazaar,Human Error,Yes,Grievous Injury,Hit pedestrian,Uncontrolled,Incline,Others,Bitumen(Tar),Dry,Not Applicable,Fine,SUBRAMANYA ROAD,H P GAS,10 M,12.952818,77.57651
Bengaluru City,V V Puram Traffic PS,1.04432e+16,2021,1,2,Road Accidents,Junction,City/Town,Near Petrol Pump,Human Error,Yes,Grievous Injury,Vehicle to Vehicle,Controlled,Others,Others,Bitumen(Tar),Dry,Not Applicable,Fine,K P MAIN  ROAD,BASAPPA,10 M,12.956366,77.577369
Bengaluru City,V V Puram Traffic PS,1.04432e+16,2021,1,2,Road Accidents,Junction,City/Town,Near Hospital,Human Error,No,Simple Injury,Vehicle to Vehicle,Controlled,Others,Others,Bitumen(Tar),Dry,Not Applicable,Fine,basappa road,shivashankar circle,25 m,12.95734,77.573921
Bengaluru City,V V Puram Traffic PS,1.04432e+16,2021,1,1,Road Accidents,Narrow road,City/Town,In bazaar,Human Error,No,Fatal,Not Applicable,Not Applicable,Not Applicable,Others,Bitumen(Tar),Dry,Not Applicable,Clear,J C ROAD,KARUR VYASA BANK,5 M,12.9584183,77.582271
Bengaluru City,V V Puram Traffic PS,1.04432e+16,2021,1,2,Road Accidents,Junction,City/Town,Near Hospital,Human Error,No,Grievous Injury,Vehicle to Vehicle,Signal lights Automatic,Not Applicable,Others,Bitumen(Tar),Dry,Not Applicable,Fine,K R ROAD,KIMS HOSPITAL COMPOUND,50 M,12.9572167,77.5739925
Bengaluru City,V V Puram Traffic PS,1.04432e+16,2021,1,2,Road Accidents,Not Applicable,City/Town,In bazaar,Human Error,Yes,Damage Only,Vehicle to Vehicle,Not Applicable,Curve,Others,Bitumen(Tar),Dry,Not Applicable,Clear,krumbigal road,gurudarama pracharana shabha,10 m,12.950869,77.582549
Bengaluru City,V V Puram Traffic PS,1.04432e+16,2021,1,2,Road Accidents,Junction,City/Town,In bazaar,Human Error,No,Grievous Injury,Vehicle to Vehicle,Uncontrolled,Others,Others,Bitumen(Tar),Dry,Not Applicable,Fine,SHANKARMATA ROAD,JUNCTION,45,12.95188,77.56997
Bengaluru City,V V Puram Traffic PS,1.04432e+16,2021,1,1,Road Accidents,Narrow road,City/Town,In bazaar,Human Error,No,Grievous Injury,Hit pedestrian,Not Applicable,Others,Others,Bitumen(Tar),Dry,Not Applicable,Fine,j c road,karu vays bank,10 m,0.0,0.0
Bengaluru City,V V Puram Traffic PS,1.04432e+16,2021,1,2,Road Accidents,Junction,City/Town,In bazaar,Human Error,No,Damage Only,Vehicle to Vehicle,Not Applicable,Not Applicable,Others,Bitumen(Tar),Dry,Not Applicable,Fine,SHANKARPURAM MAIN ROAD,NEAR SHANKARPURAM POLICE STATION,25 M,12.95358,77.570016
Bengaluru City,V V Puram Traffic PS,1.04432e+16,2021,1,1,Road Accidents,Junction,City/Town,In bazaar,Human Error,No,Grievous Injury,Not Applicable,Uncontrolled,Others,Others,Bitumen(Tar),Dry,Not Applicable,Clear,DISIPENSORY CROSS ROAD,N A S TRANSORT,10 M,12.9562283,77.5820583
Bengaluru City,V V Puram Traffic PS,1.04432e+16,2021,1,2,Road Accidents,Junction,City/Town,In bazaar,Human Error,No,Damage Only,Vehicle to Vehicle,Controlled,Others,Others,Bitumen(Tar),Dry,Not Applicable,Fine,CHAMARAJPETE 5TH MAIN,COCOCRED APTRS,10 MN,12.957102,77.567469
Bengaluru City,V V Puram Traffic PS,1.04432e+16,2021,1,1,Road Accidents,Narrow road,City/Town,In bazaar,Human Error,No,Grievous Injury,Hit pedestrian,Not Applicable,Others,Others,Bitumen(Tar),Dry,Not Applicable,Fine,BUL TEMPEL ROAD,BSNL OFFICE,25 M,12.950503,77.567674
Bengaluru City,V V Puram Traffic PS,1.04432e+16,2021,1,2,Road Accidents,Narrow road,City/Town,In bazaar,Human Error,No,Simple Injury,Vehicle to Vehicle,Not at  Junction,Others,Others,Bitumen(Tar),Dry,Not Applicable,Fine,SHANKAR MATTA ROAD,SHANKARPURAM POLICE STATION,15 M,12.953518,77.570008
Bengaluru City,V V Puram Traffic PS,1.04432e+16,2021,1,2,Road Accidents,Narrow road,City/Town,Near Hospital,Human Error,No,Fatal,Vehicle to Vehicle,Not Applicable,Others,Others,Bitumen(Tar),Dry,Not Applicable,Others,KONDAJJI BASAPPA ROAD,KIMS HOSPITAL,10 M,12.956878,77.575265
Bengaluru City,V V Puram Traffic PS,1.04432e+16,2022,1,2,Road Accidents,Cross roads,City/Town,In bazaar,Human Error,No,Simple Injury,Vehicle to Vehicle,Controlled,Curve and Incline,Others,Bitumen(Tar),Dry,Not Applicable,Fine,KRUMBRIGALA ROAD,LAL BAG WEST GAETE,50,12.954036,77.584089
Bengaluru City,V V Puram Traffic PS,1.04432e+16,2022,1,1,Road Accidents,Junction,City/Town,Near Bus stop,Human Error,No,Fatal,Hit pedestrian,Not Applicable,Others,Others,Bitumen(Tar),Dry,Construction Work / Material,Fine,K R ROAD,PETROL BUNK,15 M,12.948785,77.57376
Bengaluru City,V V Puram Traffic PS,1.04432e+16,2022,1,1,Road Accidents,Curves,City/Town,At pedestrian Crossing,Not Applicable,No,Simple Injury,Hit pedestrian,Not at  Junction,Others,Others,Bitumen(Tar),Dry,Not Applicable,Fine,K.P Main Road,Bilal bekary Oppsit,30,12.957322,77.577493
Bengaluru City,V V Puram Traffic PS,1.04432e+16,2022,1,2,Road Accidents,Curves,City/Town,At pedestrian Crossing,Road Environment Defect,No,Simple Injury,Vehicle to Vehicle,No signal lights,Curve,Others,Bitumen(Tar),Dry,Not Applicable,Fine,Sajjan Rao Circle,Sajjan Rao Circle,80,0.0,0.0
Bengaluru City,V V Puram Traffic PS,1.04432e+16,2022,1,1,Road Accidents,Circle,City/Town,Open area,Human Error,No,Grievous Injury,Hit pedestrian,Give way sign,Others,One way,Bitumen(Tar),Dry,Not Applicable,Fine,Kalpaka Traveels,Kalasipalaya main Road,20,0.0,0.0
Bengaluru City,V V Puram Traffic PS,1.04432e+16,2022,1,2,Road Accidents,Narrow road,City/Town,Open area,Human Error,Yes,Simple Injury,Vehicle to Vehicle,Uncontrolled,Others,Others,Bitumen(Tar),Dry,Not Applicable,Fine,uttaradhi Math Main Roadf,Near Samdariya House,10,0.0,0.0
Bengaluru City,V V Puram Traffic PS,1.04432e+16,2022,1,1,Road Accidents,Junction,City/Town,In bazaar,Human Error,No,Simple Injury,Hit pedestrian,Uncontrolled,Others,Others,Bitumen(Tar),Dry,Not Applicable,Fine,SS ROAD,JAIN TEMPLE ROAD,10 M,12.953036,77.575413
Bengaluru City,V V Puram Traffic PS,1.04432e+16,2022,1,2,Not Applicable,Junction,City/Town,At pedestrian Crossing,Not Applicable,No,Grievous Injury,Vehicle to Vehicle,Controlled,Others,Others,Bitumen(Tar),Dry,Not Applicable,Clear,Shivashankar Cirlce,near Makkala koota,2km,12.957278,77.573754
Bengaluru City,V V Puram Traffic PS,1.04432e+16,2022,1,1,Road Accidents,Junction,City/Town,Open area,Not Applicable,No,Simple Injury,Hit pedestrian,Stop sign,Curve,Others,Bitumen(Tar),Others,Not Applicable,Fine,Diagnoal Road,Middle School Road,8,0.0,0.0
Bengaluru City,V V Puram Traffic PS,1.04432e+16,2022,1,1,Road Accidents,Narrow road,City/Town,Near Hospital,Human Error,No,Grievous Injury,Vehicle to Vehicle,No signal lights,Others,Others,Bitumen(Tar),Dry,Not Applicable,Fine,Near Randore Hospital,Near Randore Hospital,30,0.0,0.0
Bengaluru City,V V Puram Traffic PS,1.04432e+16,2022,1,1,Road Accidents,Narrow road,City/Town,At pedestrian Crossing,Human Error,No,Grievous Injury,Hit pedestrian,Not Applicable,Others,Others,Bitumen(Tar),Dry,Not Applicable,Fine,BUL TEMPLE ROAD,BSNL OFFICE,25 M,12.950486,77.567713
Bengaluru City,V V Puram Traffic PS,1.04432e+16,2022,1,2,Road Accidents,Circle,City/Town,At pedestrian Crossing,Vehicle Defect,No,Damage Only,Vehicle to Vehicle,Signal lights Automatic,Curve,Others,Bitumen(Tar),Dry,Not Applicable,Very Cold,JC ROAD,Near minarva Circle,20,0.0,0.0
Bengaluru City,V V Puram Traffic PS,1.04432e+16,2022,1,2,Road Accidents,Cross roads,City/Town,Near Hospital,Human Error,No,Simple Injury,Vehicle to Vehicle,No signal lights,Straight and flat,Others,Bitumen(Tar),Dry,Not Applicable,Others,K R Road,KIMS Hospital,1KM,0.0,0.0
Bengaluru City,V V Puram Traffic PS,1.04432e+16,2022,1,3,Road Accidents,Narrow road,City/Town,In bazaar,Human Error,No,Simple Injury,Vehicle to Vehicle,Not Applicable,Others,Others,Bitumen(Tar),Dry,Not Applicable,Fine,N R ROAD,FLY OVER,1,12.964644,77.574381
Bengaluru City,V V Puram Traffic PS,1.04432e+16,2022,1,2,Road Accidents,Junction,City/Town,In bazaar,Human Error,No,Fatal,Vehicle to Vehicle,No signal lights,Curve,Others,Concrete,Dry,Drainage Ditch,Others,VASAVI ROAD,JUNCTION,10M,12.949027,77.576855
Bengaluru City,V V Puram Traffic PS,1.04432e+16,2022,1,1,Road Accidents,Not Applicable,City/Town,Near Petrol Pump,Not Applicable,Yes,Grievous Injury,Hit pedestrian,Not Applicable,Others,Others,Bitumen(Tar),Dry,Not Applicable,Fine,Chamarjapete Main Road,pragna yoga instutite chamarjapete pragna yoga instutite chamarjapete,25,0.0,0.0
Bengaluru City,V V Puram Traffic PS,1.04432e+16,2022,1,1,Road Accidents,Curves,City/Town,At pedestrian Crossing,Human Error,No,Simple Injury,Hit pedestrian,Controlled,Curve,Others,Bitumen(Tar),Dry,Not Applicable,Fine,K.r Main Road,Near Kims Hospital,10,0.0,0.0
Bengaluru City,V V Puram Traffic PS,1.04432e+16,2022,1,2,Not Applicable,Not Applicable,City/Town,Open area,Not Applicable,Yes,Grievous Injury,Vehicle to Vehicle,Controlled,Others,Others,Bitumen(Tar),Dry,Not Applicable,Fine,jc rOAD,JC Main Road,30,12.956768,77.581509
Bengaluru City,V V Puram Traffic PS,1.04432e+16,2022,1,1,Other Railway Accidents,Curves,City/Town,Open area,Not Applicable,Yes,Grievous Injury,Hit pedestrian,Give way sign,Curve,Others,Bitumen(Tar),Dry,Not Applicable,Fine,Bul temple Main Road Shankarpuram,Ramkrishna Ashrama,2,0.0,0.0
Bengaluru City,V V Puram Traffic PS,1.04432e+16,2022,1,1,Road Accidents,Junction,City/Town,In bazaar,Human Error,No,Grievous Injury,Hit pedestrian,Uncontrolled,Others,Others,Bitumen(Tar),Dry,Not Applicable,Fine,VASAVI ROAD,MANDAY CLINIC,25 M,12.949005,77.576754
Bengaluru City,V V Puram Traffic PS,1.04432e+16,2022,1,2,Road Accidents,Junction,City/Town,At pedestrian Crossing,Not Applicable,No,Grievous Injury,Vehicle to Vehicle,Controlled,Curve,Others,Bitumen(Tar),Dry,Not Applicable,Fine,5th Main Chamarajapete,5th Main Chamarajapete,30,0.0,0.0
Bengaluru City,V V Puram Traffic PS,1.04432e+16,2022,1,1,Road Accidents,Narrow road,City/Town,In bazaar,Human Error,No,Simple Injury,Hit pedestrian,Not Applicable,Not Applicable,Others,Bitumen(Tar),Dry,Not Applicable,Fog / Mist,N R ROAD BGS FLYOVER,FYOVER,10 M,12.963569,77.580918
Bengaluru City,V V Puram Traffic PS,1.04432e+16,2022,1,2,Road Accidents,Circle,City/Town,Near Bus stop,Human Error,No,Grievous Injury,Vehicle to Vehicle,Controlled,Curve,Others,Bitumen(Tar),Dry,Not Applicable,Fine,5th cross road,Near Intirior Studio,28,12.950469,77.570006
Bengaluru City,V V Puram Traffic PS,1.04432e+16,2022,1,2,Road Accidents,Junction,City/Town,At pedestrian Crossing,Vehicle Defect,No,Damage Only,Vehicle to Vehicle,Signal lights Automatic,Not Applicable,Others,Bitumen(Tar),Dry,Not Applicable,Others,Bale Hele Junction 5th main road,5th main road,1,12.957201,77.569584
Bengaluru City,V V Puram Traffic PS,1.04432e+16,2022,1,2,Road Accidents,Junction,City/Town,Open area,Vehicle Defect,No,Damage Only,Vehicle to Vehicle,Controlled,Others,Others,Bitumen(Tar),Dry,Not Applicable,Others,2nd main Road,Infront of Vishal Mart Building,2km,12.957229,77.572167
Bengaluru City,V V Puram Traffic PS,1.04432e+16,2022,1,2,Road Accidents,Circle,City/Town,Near a religious place,Not Applicable,No,Damage Only,Vehicle to Vehicle,Give way sign,Curve,Others,Bitumen(Tar),Dry,Not Applicable,Fine,sajjan Rao Circle,Subramanya swami temple,60,0.0,0.0
Bengaluru City,V V Puram Traffic PS,1.04432e+16,2022,1,2,Road Accidents,Junction,City/Town,Near Hospital,Human Error,No,Fatal,Vehicle to Vehicle,Controlled,Curve,Others,Concrete,Dry,Not Applicable,Heavy Rain,K R ROAD,KIMS HOSPITAL,10 M,12.95732258,77.57373502
Bengaluru City,V V Puram Traffic PS,1.04432e+16,2022,1,4,Road Accidents,Circle,City/Town,Near Hospital,Human Error,No,Grievous Injury,Vehicle to Vehicle,Police / Manual,Others,Others,Bitumen(Tar),Dry,Not Applicable,Fine,Sajjan Rao Circle,Near Cross Road,10,0.0,0.0
Bengaluru City,V V Puram Traffic PS,1.04432e+16,2022,1,1,Road Accidents,Circle,City/Town,Near Petrol Pump,Human Error,Yes,Grievous Injury,Vehicle to Vehicle,Controlled,Others,Others,Bitumen(Tar),Dry,Not Applicable,Not Applicable,Kondajji Basappa Road,Basappa Junction,10,0.0,0.0
Bengaluru City,V V Puram Traffic PS,1.04432e+16,2022,1,2,Road Accidents,Curves,City/Town,Near office complex,Not Applicable,No,Simple Injury,Vehicle to Vehicle,Give way sign,Curve,Others,Bitumen(Tar),Dry,Not Applicable,Fine,Diognal Road.,Diognal Road,40,12.949926,77.575112
Bengaluru City,V V Puram Traffic PS,1.04432e+16,2022,1,1,Road Accidents,Not Applicable,City/Town,In bazaar,Human Error,No,Grievous Injury,Hit pedestrian,Uncontrolled,Others,Others,Bitumen(Tar),Dry,Drainage Ditch,Clear,daiganal road,sajjan rao,10 m,12.952799,77.577165
Bengaluru City,V V Puram Traffic PS,1.04432e+16,2022,1,1,Road Accidents,Curves,City/Town,In bazaar,Vehicle Defect,Yes,Simple Injury,Hit pedestrian,Give way sign,Curve,Others,Bitumen(Tar),Dry,Pot holed,Fine,NT Pete 2nd Main Road.,Bhagyalakshmi Store,50,0.0,0.0
Bengaluru City,V V Puram Traffic PS,1.04432e+16,2022,1,2,Road Accidents,Junction,City/Town,Near a religious place,Human Error,No,Grievous Injury,Vehicle to Vehicle,Uncontrolled,Others,Others,Bitumen(Tar),Dry,Not Applicable,Clear,Subramanya temple road,jain temple,100mtr,12.953054,77.575326
Bengaluru City,V V Puram Traffic PS,1.04432e+16,2022,1,1,Road Accidents,Not Applicable,City/Town,Residential area,Human Error,Yes,Grievous Injury,Hit pedestrian,Not Applicable,Not Applicable,Not Applicable,Concrete,Dry,Not Applicable,Clear,Near Rangarao Road,10,5,0.0,0.0
Bengaluru City,V V Puram Traffic PS,1.04432e+16,2022,1,1,Road Accidents,Curves,City/Town,Open area,Human Error,Yes,Grievous Injury,Hit pedestrian,Give way sign,Curve,Others,Bitumen(Tar),Dry,Pot holed,Fine,Opp Wasim Tinkinring Shop,20,20,0.0,0.0
Bengaluru City,V V Puram Traffic PS,1.04432e+16,2022,1,1,Road Accidents,Cross roads,City/Town,Near School or College,Human Error,No,Simple Injury,Hit pedestrian,Not Applicable,Others,Others,Concrete,Dry,Not Applicable,Fine,K R ROAD,JAIN VIDYALAYA,10 M,12.954147,77.573533
Bengaluru City,V V Puram Traffic PS,1.04432e+16,2022,1,2,Road Accidents,Curves,City/Town,Near office complex,Vehicle Defect,Yes,Grievous Injury,Vehicle to Vehicle,Not at  Junction,Curve,Others,Bitumen(Tar),Dry,Not Applicable,Cloudy,Shankar mutt Road,Shnkarmutt main Road,30,12.951002,77.569986
Bengaluru City,V V Puram Traffic PS,1.04432e+16,2022,1,2,Road Accidents,Curves,City/Town,In bazaar,Human Error,No,Grievous Injury,Vehicle to Vehicle,Controlled,Curve,Others,Bitumen(Tar),Dry,Not Applicable,Fine,LBF ROAD,MINARVA,10,12.958907,77.577602
Bengaluru City,V V Puram Traffic PS,1.04432e+16,2022,1,2,Road Accidents,Junction,City/Town,Near Hospital,Human Error,No,Simple Injury,Vehicle to Vehicle,Give way sign,Others,Others,Bitumen(Tar),Dry,Not Applicable,Fine,Kr Main Road,Near Kims Hospital,20,0.0,0.0
Bengaluru City,V V Puram Traffic PS,1.04432e+16,2022,1,3,Road Accidents,Narrow road,City/Town,In bazaar,Human Error,No,Grievous Injury,Vehicle to Vehicle,Not Applicable,Not Applicable,Others,Concrete,Dry,Construction Work / Material,Fine,N R RAOD,ALFA ENTRFRISAS,10 M,12.963446,77.58191
Bengaluru City,V V Puram Traffic PS,1.04432e+16,2022,1,1,Road Accidents,Cross roads,City/Town,Near School or College,Not Applicable,No,Simple Injury,Hit pedestrian,No signal lights,Others,Others,Bitumen(Tar),Dry,Not Applicable,Fine,National College Main Road,National Collge Main Road,40,0.0,0.0
Bengaluru City,V V Puram Traffic PS,1.04432e+16,2022,1,1,Road Accidents,Junction,City/Town,At pedestrian Crossing,Human Error,No,Grievous Injury,Vehicle to Vehicle,Controlled,Not Applicable,Others,Bitumen(Tar),Dry,Not Applicable,Cloudy,J C Road,10,15,0.0,0.0
Bengaluru City,V V Puram Traffic PS,1.04432e+16,2022,1,1,Road Accidents,Not Applicable,City/Town,Near Hospital,Human Error,No,Grievous Injury,Hit pedestrian,Not Applicable,Others,Others,Bitumen(Tar),Dry,Construction Work / Material,Fine,INFOCIS BILDING ROAD,OPP MICROBIOLOGY PRACTICAL HALL,10 M,12.962354,77.575191
Bengaluru City,V V Puram Traffic PS,1.04432e+16,2022,1,2,Road Accidents,Curves,City/Town,Open area,Not Applicable,No,Simple Injury,Vehicle to Vehicle,Controlled,Curve,Others,Bitumen(Tar),Dry,Not Applicable,Fine,N.T pete,Shivshankar Traders,18,12.964102,77.571697
Bengaluru City,V V Puram Traffic PS,1.04432e+16,2022,1,2,Road Accidents,Curves,City/Town,Open area,Not Applicable,No,Simple Injury,Vehicle to Vehicle,Give way sign,Curve,Others,Bitumen(Tar),Dry,Not Applicable,Fine,Victoria Main Road,Victoria Hospital,50,0.0,0.0
Bengaluru City,V V Puram Traffic PS,1.04432e+16,2022,1,1,Road Accidents,Circle,City/Town,Open area,Not Applicable,Not Applicable,Grievous Injury,Hit pedestrian,No signal lights,Curve,Others,Bitumen(Tar),Dry,Pot holed,Fine,Bamboo Bazar Main Road,Nr Road,50,0.0,0.0
Bengaluru City,V V Puram Traffic PS,1.04432e+16,2022,1,1,Not Applicable,Cross roads,City/Town,Near Hospital,Not Applicable,No,Fatal,Hit pedestrian,Give way sign,Hump,Others,Bitumen(Tar),Dry,Not Applicable,Fine,PMK MAIN ROAD,SHANKAR HOSPITAL GATE,30,12.95433,77.57115
Bengaluru City,V V Puram Traffic PS,1.04432e+16,2023,1,2,Road Accidents,Not Applicable,City/Town,Near Hospital,Human Error,No,Grievous Injury,Vehicle to Vehicle,Uncontrolled,Others,Others,Bitumen(Tar),Dry,Not Applicable,Clear,Kondajji Basappa Road,10,15,0.0,0.0
Bengaluru City,V V Puram Traffic PS,1.04432e+16,2023,1,2,Not Applicable,Circle,City/Town,Near Bus stop,Human Error,Yes,Grievous Injury,Vehicle to Vehicle,Controlled,Curve,Others,Bitumen(Tar),Dry,Not Applicable,Others,K R Road,10,15,0.0,0.0
Bengaluru City,V V Puram Traffic PS,1.04432e+16,2023,1,1,Road Accidents,Not Applicable,City/Town,Near office complex,Human Error,Yes,Grievous Injury,Hit pedestrian,Uncontrolled,Not Applicable,Others,Bitumen(Tar),Dry,Not Applicable,Clear,4th Main Road,10,25,0.0,0.0
Bengaluru City,V V Puram Traffic PS,1.04432e+16,2023,1,2,Road Accidents,Circle,City/Town,Open area,Human Error,Yes,Grievous Injury,Vehicle to Vehicle,Uncontrolled,Not Applicable,Others,Bitumen(Tar),Dry,Not Applicable,Clear,ShankarMatt Road,15,15,0.0,0.0