DISTRICTNAME,UNITNAME,Crime_No,Year,RI,Noofvehicle_involved,Accident_Classification,Accident_Spot,Accident_Location,Accident_SubLocation,Main_Cause,Hit_Run,Severity,Collision_Type,Junction_Control,Road_Character,Road_Type,Surface_Type,Surface_Condition,Road_Condition,Weather,Accident_Road,Landmark_first,Distance_LandMark_First,Latitude,Longitude
Bengaluru City,Vijayanagar Traffic PS,1.04432e+16,2017,1,4,Road Accidents,Narrow road,City/Town,Residential area,Human Error,No,Grievous Injury,Head on,Uncontrolled,Straight and flat,City or Town Road,Bitumen(Tar),Dry,Not Applicable,Clear,MAGADI MAIN ROAD,NEAR RAHEJA APPARTMENTS,0.5MTR,0.0,0.0
Bengaluru City,Vijayanagar Traffic PS,1.04432e+16,2017,1,1,Road Accidents,Narrow road,City/Town,At pedestrian Crossing,Human Error,Yes,Grievous Injury,Hit pedestrian,Uncontrolled,Straight and flat,City or Town Road,Bitumen(Tar),Dry,Not Applicable,Clear,BASAVESWARANAGAR,NEAR GANGANMA THIMMAIAH,0.5MTR,0.0,0.0
Bengaluru City,Vijayanagar Traffic PS,1.04432e+16,2017,1,1,Road Accidents,Narrow road,City/Town,At pedestrian Crossing,Human Error,No,Simple Injury,Hit pedestrian,Uncontrolled,Straight and flat,Service Road,Bitumen(Tar),Dry,Not Applicable,Clear,R P C LAYOUT SERVICE ROAD,IN FRONT OF S B I BANK,0.5MTR,0.0,0.0
Bengaluru City,Vijayanagar Traffic PS,1.04432e+16,2017,1,1,Road Accidents,Narrow road,City/Town,At pedestrian Crossing,Human Error,Yes,Grievous Injury,Hit and Run,Uncontrolled,Straight and flat,City or Town Road,Bitumen(Tar),Dry,Not Applicable,Clear,R P C LAYOPUT RAILWAY PARALAL ROAD,IN FRONT MADHU GENTS BUEATY PARALAL,0.5MTR,0.0,0.0
Bengaluru City,Vijayanagar Traffic PS,1.04432e+16,2017,1,2,Road Accidents,Narrow road,City/Town,Residential area,Human Error,No,Damage Only,Head on,Controlled,Straight and flat,City or Town Road,Bitumen(Tar),Dry,Not Applicable,Clear,VIJAYANAGAR,NEAL B G S GLOBAL HOSPITAL,0.5MTR,0.0,0.0
Bengaluru City,Vijayanagar Traffic PS,1.04432e+16,2017,1,2,Road Accidents,Narrow road,City/Town,Residential area,Human Error,No,Grievous Injury,Head on,Uncontrolled,Straight and flat,City or Town Road,Bitumen(Tar),Dry,Not Applicable,Clear,GOVINDARAJNAGAR,NEAR A2B HOTEL,0.5MTR,0.129796385,0.775359168
Bengaluru City,Vijayanagar Traffic PS,1.04432e+16,2017,1,2,Road Accidents,Narrow road,City/Town,Residential area,Human Error,No,Simple Injury,Head on,Uncontrolled,Straight and flat,City or Town Road,Bitumen(Tar),Dry,Not Applicable,Clear,THIMMAIAH ROAD,NEAR CORPORATION A T M,0.5MTR,0.0,0.0
Bengaluru City,Vijayanagar Traffic PS,1.04432e+16,2017,1,1,Road Accidents,Narrow road,City/Town,Residential area,Human Error,No,Fatal,Hit pedestrian,Controlled,Straight and flat,City or Town Road,Bitumen(Tar),Dry,Not Applicable,Clear,VIJAYANAGAR,VIJAYANAGAR,1 KM,0.0,0.0
Bengaluru City,Vijayanagar Traffic PS,1.04432e+16,2017,1,1,Road Accidents,Narrow road,City/Town,Residential area,Human Error,Not Applicable,Damage Only,Not Applicable,Uncontrolled,Straight and flat,City or Town Road,Bitumen(Tar),Dry,Not Applicable,Clear,PIPELINE,pipeline,2 KM,0.0,0.0
Bengaluru City,Vijayanagar Traffic PS,1.04432e+16,2017,1,1,Road Accidents,Narrow road,City/Town,Residential area,Human Error,Yes,Grievous Injury,Hit and Run,Uncontrolled,Straight and flat,City or Town Road,Bitumen(Tar),Dry,Not Applicable,Clear,SERVICE ROAD VIJAYANAGAR,NEAR RAJREJESWARI TEXTILES,1 KM,0.0,0.0
Bengaluru City,Vijayanagar Traffic PS,1.04432e+16,2017,1,1,Road Accidents,Narrow road,City/Town,Residential area,Human Error,No,Fatal,Head on,Uncontrolled,Straight and flat,City or Town Road,Bitumen(Tar),Dry,Not Applicable,Clear,KAMALANAGAR,NEAR VEERABADHRAESWARA THEATER,0.5 KM,0.0,0.0
Bengaluru City,Vijayanagar Traffic PS,1.04432e+16,2017,1,2,Road Accidents,Narrow road,City/Town,Near Petrol Pump,Human Error,No,Grievous Injury,Head on,Uncontrolled,Straight and flat,City or Town Road,Bitumen(Tar),Dry,Not Applicable,Clear,VIJAYANAGAR,NEAR M C CIRCLE,0.5MTR,0.0,0.0
Bengaluru City,Vijayanagar Traffic PS,1.04432e+16,2017,1,1,Road Accidents,Narrow road,City/Town,At pedestrian Crossing,Human Error,Yes,Simple Injury,Hit and Run,Uncontrolled,Straight and flat,City or Town Road,Bitumen(Tar),Dry,Not Applicable,Clear,BASAVESWARANAGAR,NEAR KADAMBI SCHOOL,0.5MTR,0.0,0.0
Bengaluru City,Vijayanagar Traffic PS,1.04432e+16,2017,1,1,Road Accidents,Narrow road,City/Town,At pedestrian Crossing,Human Error,No,Simple Injury,Hit pedestrian,Uncontrolled,Straight and flat,City or Town Road,Bitumen(Tar),Dry,Not Applicable,Clear,MOODALPALYA,IN FRONT BANK OF BARODA,0.5MTR,0.0,0.0
Bengaluru City,Vijayanagar Traffic PS,1.04432e+16,2017,1,2,Road Accidents,Junction,City/Town,Near Bus stop,Human Error,Yes,Grievous Injury,Head on,Controlled,Straight and flat,City or Town Road,Bitumen(Tar),Dry,Not Applicable,Clear,VIJAYANAGAR WATER TANK,IN FRONT ACHRAYA MEDICAL STORES,0.5MTR,0.0,0.0
Bengaluru City,Vijayanagar Traffic PS,1.04432e+16,2017,1,1,Road Accidents,Narrow road,City/Town,At pedestrian Crossing,Human Error,Yes,Simple Injury,Hit and Run,Uncontrolled,Straight and flat,City or Town Road,Bitumen(Tar),Dry,Not Applicable,Clear,RING ROAD,RING ROAD,5 KM,0.129968064,0.77523268
Bengaluru City,Vijayanagar Traffic PS,1.04432e+16,2017,1,2,Road Accidents,Junction,City/Town,Near Bus stop,Human Error,No,Grievous Injury,Head on,Controlled,Straight and flat,City or Town Road,Bitumen(Tar),Dry,Not Applicable,Clear,MODI ROAD,NEAR SHANKAR MATT JUNCTION,0.5MTR,0.0,0.0
Bengaluru City,Vijayanagar Traffic PS,1.04432e+16,2017,1,1,Road Accidents,Narrow road,City/Town,Residential area,Human Error,Yes,Grievous Injury,Hit and Run,Uncontrolled,Straight and flat,City or Town Road,Bitumen(Tar),Dry,Not Applicable,Clear,KAMALANAGAR,NEAR FRIENDS MENS WEAR,0.5MTR,0.0,0.0
Bengaluru City,Vijayanagar Traffic PS,1.04432e+16,2017,1,2,Road Accidents,Narrow road,City/Town,Residential area,Human Error,Yes,Simple Injury,Hit and Run,Uncontrolled,Straight and flat,City or Town Road,Bitumen(Tar),Dry,Not Applicable,Clear,WEST OF CHORD ROAD,NEAR MARUTHI TEMPLE VIJAYANAGAR,0.5MTR,0.0,0.0
Bengaluru City,Vijayanagar Traffic PS,1.04432e+16,2017,1,2,Road Accidents,Narrow road,City/Town,Residential area,Human Error,No,Fatal,Head on,Uncontrolled,Straight and flat,City or Town Road,Bitumen(Tar),Dry,Not Applicable,Clear,BASAVESWARANAGAR,IN FRONT OF SHREE SHIVA KRUPA NILAYA,0.5MTR,0.0,0.0
Bengaluru City,Vijayanagar Traffic PS,1.04432e+16,2017,1,1,Road Accidents,Narrow road,City/Town,Residential area,Human Error,Yes,Grievous Injury,Hit and Run,Uncontrolled,Straight and flat,City or Town Road,Bitumen(Tar),Dry,Not Applicable,Clear,LAKSHMINAGAR 4TH CROSS,IN FRONT OF HOUSE NO 91,0.5MTR,0.0,0.0
Bengaluru City,Vijayanagar Traffic PS,1.04432e+16,2017,1,1,Road Accidents,Narrow road,City/Town,Residential area,Human Error,Yes,Grievous Injury,Hit pedestrian,Uncontrolled,Straight and flat,City or Town Road,Bitumen(Tar),Dry,Not Applicable,Clear,R P C LAYOUT,IN FRONT OF HOUSE NO 1024 5TH A CROSS,0.5MTR,0.0,0.0
Bengaluru City,Vijayanagar Traffic PS,1.04432e+16,2017,1,2,Road Accidents,Narrow road,City/Town,Residential area,Human Error,Yes,Grievous Injury,Hit and Run,Uncontrolled,Straight and flat,City or Town Road,Bitumen(Tar),Dry,Not Applicable,Clear,RPC LAYOUT PIPELINE ROAD,NEAR MARAMMA TEMPLE,0.5MTR,0.0,0.0
Bengaluru City,Vijayanagar Traffic PS,1.04432e+16,2017,1,1,Road Accidents,Narrow road,City/Town,At pedestrian Crossing,Not Applicable,No,Grievous Injury,Hit pedestrian,Uncontrolled,Straight and flat,City or Town Road,Bitumen(Tar),Dry,Not Applicable,Clear,VIJAYANAGAR SERVICE ROAD,NEAR IYENGAR BAKARY,0.5MTR,0.129718635,0.775379421
Bengaluru City,Vijayanagar Traffic PS,1.04432e+16,2017,1,2,Road Accidents,Junction,City/Town,Residential area,Human Error,No,Damage Only,Head on,Controlled,Straight and flat,City or Town Road,Bitumen(Tar),Dry,Not Applicable,Clear,WEST OF CHORD ROAD,WEST OF CHORD ROAD,4 KM,0.0,0.0
Bengaluru City,Vijayanagar Traffic PS,1.04432e+16,2017,1,2,Road Accidents,Junction,City/Town,Residential area,Human Error,Yes,Simple Injury,Hit and Run,Controlled,Straight and flat,City or Town Road,Bitumen(Tar),Dry,Not Applicable,Clear,MAGADI MAIN ROAD,MAGADI MAIN ROAD,2 KM,0.0,0.0
Bengaluru City,Vijayanagar Traffic PS,1.04432e+16,2017,1,2,Road Accidents,Narrow road,City/Town,Residential area,Human Error,No,Simple Injury,Hit pedestrian,Uncontrolled,Straight and flat,City or Town Road,Bitumen(Tar),Dry,Not Applicable,Clear,NAGARABAVI MAIN ROAD,SARVAZNA JUNCTION,1 KM,0.0,0.0
Bengaluru City,Vijayanagar Traffic PS,1.04432e+16,2017,1,2,Road Accidents,Narrow road,City/Town,Residential area,Human Error,Yes,Simple Injury,Hit and Run,Uncontrolled,Straight and flat,City or Town Road,Bitumen(Tar),Dry,Not Applicable,Clear,MARENHALLI,NEAR RANGANATH STATIONERY,0.5 KM,0.0,0.0
Bengaluru City,Vijayanagar Traffic PS,1.04432e+16,2017,1,1,Road Accidents,Narrow road,City/Town,At pedestrian Crossing,Human Error,Yes,Grievous Injury,Hit and Run,Uncontrolled,Straight and flat,City or Town Road,Bitumen(Tar),Dry,Not Applicable,Clear,BASAVESWARANAGAR,NEAR RELIANCE MART,0.5MTR,0.0,0.0
Bengaluru City,Vijayanagar Traffic PS,1.04432e+16,2017,1,2,Road Accidents,Narrow road,City/Town,Residential area,Human Error,Yes,Damage Only,Hit and Run,Uncontrolled,Straight and flat,City or Town Road,Bitumen(Tar),Dry,Not Applicable,Clear,VIJAYANAGAR,NEAR GAS AGENCY,0.5MTR,0.0,0.0
Bengaluru City,Vijayanagar Traffic PS,1.04432e+16,2017,1,3,Road Accidents,Narrow road,City/Town,Residential area,Human Error,No,Damage Only,Head on,Uncontrolled,Straight and flat,City or Town Road,Bitumen(Tar),Dry,Not Applicable,Clear,BASAVESWARANAGAR,IN FRONT OF HOUSE NO 336 2ND BLOCK 3RED STAGE,0.5MTR,0.0,0.0
Bengaluru City,Vijayanagar Traffic PS,1.04432e+16,2017,1,2,Road Accidents,Narrow road,City/Town,Residential area,Human Error,Yes,Simple Injury,Hit and Run,Uncontrolled,Straight and flat,City or Town Road,Bitumen(Tar),Dry,Not Applicable,Clear,VIJAYANAGAR,PIPELINE ROAD,0.5MTR,0.0,0.0
Bengaluru City,Vijayanagar Traffic PS,1.04432e+16,2017,1,2,Road Accidents,Narrow road,City/Town,In bazaar,Human Error,Yes,Grievous Injury,Hit and Run,Uncontrolled,Straight and flat,City or Town Road,Bitumen(Tar),Dry,Not Applicable,Clear,WEST OF CHORD ROAD,NEAR D MART UNDERPASS,0.5MTR,0.0,0.0
Bengaluru City,Vijayanagar Traffic PS,1.04432e+16,2017,1,2,Road Accidents,Narrow road,City/Town,Near office complex,Human Error,No,Grievous Injury,Head on,Controlled,Straight and flat,City or Town Road,Bitumen(Tar),Dry,Not Applicable,Clear,WEST OF CHORD ROAD,NEAR WARRIOR BAKERY,0.5MTR,0.0,0.0
Bengaluru City,Vijayanagar Traffic PS,1.04432e+16,2017,1,1,Road Accidents,Narrow road,City/Town,Residential area,Human Error,Not Applicable,Simple Injury,Skidding or Self accident,Uncontrolled,Straight and flat,City or Town Road,Bitumen(Tar),Dry,Not Applicable,Clear,MANJUNATHNAGAR,MANJUNATHNAGAR,5 KM,0.0,0.0
Bengaluru City,Vijayanagar Traffic PS,1.04432e+16,2017,1,1,Road Accidents,Narrow road,City/Town,Residential area,Human Error,Yes,Simple Injury,Hit and Run,Uncontrolled,Straight and flat,City or Town Road,Bitumen(Tar),Dry,Not Applicable,Clear,VIJAYANAGAR CLUB ROAD,VIJAYANAGAR CLUB ROAD,1 km,0.139176646,0.775427658
Bengaluru City,Vijayanagar Traffic PS,1.04432e+16,2017,1,2,Road Accidents,Narrow road,City/Town,Residential area,Human Error,Yes,Simple Injury,Hit and Run,Uncontrolled,Straight and flat,City or Town Road,Bitumen(Tar),Dry,Not Applicable,Clear,PATTEGARAPALYA,PATTEGARAPALYA,2 KM,0.0,0.0
Bengaluru City,Vijayanagar Traffic PS,1.04432e+16,2017,1,2,Road Accidents,Junction,City/Town,Near Bus stop,Human Error,No,Damage Only,Head on,Controlled,Straight and flat,City or Town Road,Bitumen(Tar),Dry,Not Applicable,Clear,MAGADI MAIN ROAD,K H B JUNCTION,0.5 KM,0.0,0.0
Bengaluru City,Vijayanagar Traffic PS,1.04432e+16,2017,1,1,Road Accidents,Narrow road,City/Town,At pedestrian Crossing,Human Error,Yes,Simple Injury,Hit and Run,Uncontrolled,Straight and flat,City or Town Road,Bitumen(Tar),Dry,Not Applicable,Clear,WEST OF CHORD ROAD,NEAR B STATION KEB OFFICE,0.5KM,0.0,0.0
Bengaluru City,Vijayanagar Traffic PS,1.04432e+16,2017,1,3,Road Accidents,Junction,City/Town,Residential area,Human Error,No,Fatal,Head on,Controlled,Straight and flat,City or Town Road,Bitumen(Tar),Dry,Not Applicable,Clear,BASAVESWARANAGAR,8TH MAIN JUNCTION,0.5MTR,0.12593313,0.77322191
Bengaluru City,Vijayanagar Traffic PS,1.04432e+16,2017,1,2,Road Accidents,Narrow road,City/Town,In bazaar,Human Error,No,Damage Only,Head on,Not Applicable,Straight and flat,City or Town Road,Bitumen(Tar),Dry,Not Applicable,Clear,BASAVESWARANAGAR,OPP KFC,0.5MTR,0.0,0.0
Bengaluru City,Vijayanagar Traffic PS,1.04432e+16,2017,1,2,Road Accidents,Narrow road,City/Town,Residential area,Human Error,Yes,Damage Only,Hit and Run,Uncontrolled,Straight and flat,City or Town Road,Bitumen(Tar),Dry,Not Applicable,Clear,NAGARABAVI MAIN ROAD,MUDALPALYA CIRCLE,0.5MTR,0.0,0.0
Bengaluru City,Vijayanagar Traffic PS,1.04432e+16,2017,1,1,Road Accidents,Not Applicable,City/Town,Residential area,Human Error,No,Fatal,Head on,Not Applicable,Straight and flat,City or Town Road,Bitumen(Tar),Dry,Not Applicable,Clear,R P C LAYOUT BUS STOP,R P C LAYOUT BUS STOP,3 km,0.12959074,0.775360225
Bengaluru City,Vijayanagar Traffic PS,1.04432e+16,2017,1,2,Road Accidents,Narrow road,City/Town,Residential area,Human Error,Yes,Simple Injury,Hit and Run,Uncontrolled,Straight and flat,City or Town Road,Bitumen(Tar),Dry,Not Applicable,Clear,SHIVANNAHALLI,SHIVANNAHALLI,5 km,0.0,0.0
Bengaluru City,Vijayanagar Traffic PS,1.04432e+16,2017,1,3,Road Accidents,Narrow road,City/Town,Residential area,Human Error,No,Damage Only,Head on,Controlled,Straight and flat,City or Town Road,Bitumen(Tar),Dry,Not Applicable,Clear,WEST OF CHORD ROAD,VIJAYANAGAR SIGNAL,1 KM,0.0,0.0
Bengaluru City,Vijayanagar Traffic PS,1.04432e+16,2017,1,1,Not Applicable,Narrow road,City/Town,Residential area,Not Applicable,Not Applicable,Not Applicable,Not Applicable,Uncontrolled,Straight and flat,City or Town Road,Bitumen(Tar),Dry,Not Applicable,Clear,WEST OF CHORD ROAD,NEAR MARUTHI MANDHIR,0.5 KM,0.0,0.0
Bengaluru City,Vijayanagar Traffic PS,1.04432e+16,2017,1,2,Road Accidents,Narrow road,City/Town,Residential area,Human Error,No,Simple Injury,Head on,Not Applicable,Straight and flat,City or Town Road,Bitumen(Tar),Dry,Not Applicable,Clear,VIJAYANAGAR 8TH MAIN,IN FRONT OF HOUSE NO 11,0.5MTR,0.0,0.0
Bengaluru City,Vijayanagar Traffic PS,1.04432e+16,2017,1,2,Road Accidents,Narrow road,City/Town,Residential area,Human Error,Yes,Damage Only,Hit and Run,Uncontrolled,Straight and flat,City or Town Road,Bitumen(Tar),Dry,Not Applicable,Clear,BASAVESWARANAGAR 3RD STAGE,IN FRONT OF HOUSE NO 212,0.5MTR,0.12590939,0.77323706
Bengaluru City,Vijayanagar Traffic PS,1.04432e+16,2017,1,1,Road Accidents,Narrow road,City/Town,Residential area,Human Error,No,Simple Injury,Head on,Uncontrolled,Straight and flat,City or Town Road,Bitumen(Tar),Dry,Not Applicable,Clear,SHIVANAHALLI,NEAR PUSHPANJALI THEATER,0.5MTR,0.0,0.0
Bengaluru City,Vijayanagar Traffic PS,1.04432e+16,2017,1,1,Road Accidents,Narrow road,City/Town,Residential area,Human Error,No,Grievous Injury,Hit pedestrian,Uncontrolled,Straight and flat,City or Town Road,Bitumen(Tar),Dry,Not Applicable,Clear,KAMALANAGAR,IN FRONT OF RAKESH BANKERS AND JEWEELERS,0.5MTR,0.12594351,0.77314627
Bengaluru City,Vijayanagar Traffic PS,1.04432e+16,2017,1,1,Road Accidents,Narrow road,City/Town,Residential area,Human Error,No,Grievous Injury,Hit pedestrian,Uncontrolled,Straight and flat,City or Town Road,Bitumen(Tar),Dry,Not Applicable,Clear,NAGARABAVI MAIN ROAD,NEAR B M T C BUS STOP,0.5MTR,0.0,0.0
Bengaluru City,Vijayanagar Traffic PS,1.04432e+16,2017,1,1,Road Accidents,Narrow road,City/Town,At pedestrian Crossing,Human Error,Yes,Grievous Injury,Hit pedestrian,Uncontrolled,Straight and flat,City or Town Road,Bitumen(Tar),Dry,Not Applicable,Clear,R P C LAYOUT,4TH CROSS AND 5TH MAIN JUNCTION,0.5MTR,0.0,0.0
Bengaluru City,Vijayanagar Traffic PS,1.04432e+16,2017,1,2,Road Accidents,Narrow road,City/Town,Residential area,Human Error,Yes,Grievous Injury,Hit and Run,Uncontrolled,Straight and flat,City or Town Road,Bitumen(Tar),Dry,Not Applicable,Clear,MAGADI MAIN ROAD,MAGADI MAIN ROAD,2 KM,0.129780822,0.775446232
Bengaluru City,Vijayanagar Traffic PS,1.04432e+16,2017,1,2,Road Accidents,Junction,City/Town,Residential area,Human Error,No,Simple Injury,Others,Controlled,Straight and flat,City or Town Road,Bitumen(Tar),Dry,Not Applicable,Clear,BASAVESWARANAGAR 8TH MAIN ROAD,BASAVESWARANAGAR,4 KM,0.129916672,0.77538506
Bengaluru City,Vijayanagar Traffic PS,1.04432e+16,2017,1,2,Road Accidents,Narrow road,City/Town,Residential area,Human Error,Yes,Simple Injury,Hit and Run,Uncontrolled,Straight and flat,City or Town Road,Bitumen(Tar),Dry,Not Applicable,Clear,VIJAYANAGAR,VIJAYANAGAR,1 KM,0.0,0.0
Bengaluru City,Vijayanagar Traffic PS,1.04432e+16,2017,1,2,Road Accidents,Narrow road,City/Town,Residential area,Human Error,No,Damage Only,Head on,Uncontrolled,Straight and flat,City or Town Road,Bitumen(Tar),Dry,Not Applicable,Clear,MAGADI MAIN ROAD,MAGADI MAIN ROAD,2 KM,0.0,0.0
Bengaluru City,Vijayanagar Traffic PS,1.04432e+16,2017,1,2,Road Accidents,Junction,City/Town,Near Bus stop,Human Error,No,Damage Only,Head on,Controlled,Straight and flat,City or Town Road,Bitumen(Tar),Dry,Not Applicable,Clear,WEST OF CHORD ROAD,MARENHALLI SIGNAL,1 KM,0.0,0.0
Bengaluru City,Vijayanagar Traffic PS,1.04432e+16,2017,1,1,Road Accidents,Narrow road,City/Town,Residential area,Human Error,No,Grievous Injury,Head on,Uncontrolled,Straight and flat,City or Town Road,Bitumen(Tar),Dry,Not Applicable,Clear,WEST OF CHORD ROAD,DOBHIGHATTA JUNCTION,0.5 KM,0.0,0.0
Bengaluru City,Vijayanagar Traffic PS,1.04432e+16,2017,1,2,Road Accidents,Narrow road,City/Town,Residential area,Human Error,No,Damage Only,Head on,Uncontrolled,Straight and flat,City or Town Road,Bitumen(Tar),Dry,Not Applicable,Clear,BASAVESWARANAGAR,TEACHERS COLONY,0.5 KM,0.0,0.0
Bengaluru City,Vijayanagar Traffic PS,1.04432e+16,2017,1,2,Road Accidents,Narrow road,City/Town,Residential area,Human Error,No,Simple Injury,Head on,Uncontrolled,Straight and flat,Service Road,Bitumen(Tar),Dry,Not Applicable,Clear,SERVICE ROAD,NEAR UMIYA BHAVAN,0.5MTR,0.0,0.0
Bengaluru City,Vijayanagar Traffic PS,1.04432e+16,2017,1,1,Road Accidents,Narrow road,City/Town,Residential area,Human Error,No,Damage Only,Head on,Uncontrolled,Straight and flat,City or Town Road,Bitumen(Tar),Dry,Not Applicable,Clear,NAGARABAVI MAIN ROAD,IN FRONT HOUSE NO 62 KAVERI LAYOUT,0.5MTR,0.12582502,0.77314634
Bengaluru City,Vijayanagar Traffic PS,1.04432e+16,2017,1,2,Road Accidents,Narrow road,City/Town,Residential area,Human Error,No,Damage Only,Head on,Uncontrolled,Straight and flat,City or Town Road,Bitumen(Tar),Dry,Not Applicable,Clear,NGOS LAYOUT,IN FRONT OF HOUSE NO 801,0.5MTR,0.0,0.0
Bengaluru City,Vijayanagar Traffic PS,1.04432e+16,2017,1,1,Road Accidents,Circle,City/Town,At pedestrian Crossing,Human Error,Yes,Simple Injury,Hit pedestrian,Uncontrolled,Straight and flat,City or Town Road,Bitumen(Tar),Dry,Not Applicable,Clear,KURUBHARAHALLI,KURUBHARAHALLI CIRCLE,0.5MTR,0.0,0.0
Bengaluru City,Vijayanagar Traffic PS,1.04432e+16,2017,1,1,Road Accidents,Narrow road,City/Town,At pedestrian Crossing,Human Error,Yes,Grievous Injury,Hit pedestrian,Uncontrolled,Straight and flat,City or Town Road,Bitumen(Tar),Dry,Not Applicable,Clear,MAGADI MAIN ROAD,IN FRONT OF BHYAGALAKSHMI TEXTILES,0.5MTR,0.0,0.0
Bengaluru City,Vijayanagar Traffic PS,1.04432e+16,2017,1,2,Road Accidents,Narrow road,City/Town,Residential area,Human Error,No,Damage Only,Head on,Uncontrolled,Straight and flat,City or Town Road,Bitumen(Tar),Dry,Not Applicable,Clear,B E M L LAYOUT,B E M L LAYOUT,5 km,0.0,0.0
Bengaluru City,Vijayanagar Traffic PS,1.04432e+16,2017,1,2,Road Accidents,Narrow road,City/Town,Near Bus stop,Human Error,No,Simple Injury,Head on,Controlled,Not Applicable,City or Town Road,Bitumen(Tar),Dry,Not Applicable,Clear,WEST OF CHORD ROAD VIJAYANAGAR,NEAR METRO STATION,0.5 KM,0.0,0.0
Bengaluru City,Vijayanagar Traffic PS,1.04432e+16,2017,1,2,Road Accidents,Narrow road,City/Town,Residential area,Human Error,Yes,Simple Injury,Hit and Run,Uncontrolled,Straight and flat,City or Town Road,Bitumen(Tar),Dry,Not Applicable,Clear,VIJAYANAGAR,NEAR SYNDICATE BANK,100 MT,0.0,0.0
Bengaluru City,Vijayanagar Traffic PS,1.04432e+16,2017,1,2,Road Accidents,Narrow road,City/Town,Residential area,Human Error,Yes,Simple Injury,Hit and Run,Uncontrolled,Straight and flat,City or Town Road,Bitumen(Tar),Dry,Not Applicable,Clear,M C LAYOUT,SUNDARAYA JUCE AND CHATS,0.5MTR,0.0,0.0
Bengaluru City,Vijayanagar Traffic PS,1.04432e+16,2017,1,1,Road Accidents,Narrow road,City/Town,Residential area,Human Error,Yes,Simple Injury,Hit and Run,Uncontrolled,Straight and flat,City or Town Road,Bitumen(Tar),Dry,Not Applicable,Clear,KAMALANAGAR,NEAR MAX MULLAR PUBLIC SCHOOL,0.5MTR,0.0,0.0
Bengaluru City,Vijayanagar Traffic PS,1.04432e+16,2017,1,2,Road Accidents,Junction,City/Town,Residential area,Human Error,No,Grievous Injury,Head on,Controlled,Straight and flat,City or Town Road,Bitumen(Tar),Dry,Not Applicable,Clear,MAGADI MAIN ROAD,NEAR M C CIRCLE,0.5MTR,0.0,0.0
Bengaluru City,Vijayanagar Traffic PS,1.04432e+16,2017,1,2,Road Accidents,Narrow road,City/Town,Residential area,Human Error,Yes,Damage Only,Hit and Run,Uncontrolled,Straight and flat,City or Town Road,Bitumen(Tar),Dry,Not Applicable,Clear,BASAVESWARANAGAR,KIRLOSKAR COLONY,0.5MTR,0.0,0.0
Bengaluru City,Vijayanagar Traffic PS,1.04432e+16,2017,1,2,Road Accidents,Narrow road,City/Town,Residential area,Human Error,No,Fatal,Head on,Uncontrolled,Straight and flat,City or Town Road,Bitumen(Tar),Dry,Not Applicable,Clear,MAGADI MAIN ROAD,IN FRONT OF REHEJTOWER,0.5MTR,0.12979407,0.775396661
Bengaluru City,Vijayanagar Traffic PS,1.04432e+16,2017,1,2,Road Accidents,Junction,City/Town,Residential area,Human Error,No,Fatal,Head on,Uncontrolled,Straight and flat,City or Town Road,Bitumen(Tar),Dry,Not Applicable,Clear,R P C LAYOUT,R P C LAYOUT,2 km,0.1296062,0.775406468
Bengaluru City,Vijayanagar Traffic PS,1.04432e+16,2017,1,2,Road Accidents,Narrow road,City/Town,Residential area,Human Error,Yes,Simple Injury,Hit and Run,Uncontrolled,Straight and flat,City or Town Road,Bitumen(Tar),Dry,Not Applicable,Clear,R P C LAYOUT,RPC LAYOUT,2 km,0.0,0.0
Bengaluru City,Vijayanagar Traffic PS,1.04432e+16,2017,1,2,Road Accidents,Narrow road,City/Town,Residential area,Human Error,No,Damage Only,Head on,Uncontrolled,Straight and flat,City or Town Road,Bitumen(Tar),Dry,Not Applicable,Clear,M.C.LAYOUT,NEAR B G S GROUNDS,0.5 KM,0.0,0.0
Bengaluru City,Vijayanagar Traffic PS,1.04432e+16,2017,1,2,Road Accidents,Narrow road,City/Town,Residential area,Human Error,Yes,Simple Injury,Hit and Run,Uncontrolled,Straight and flat,City or Town Road,Bitumen(Tar),Dry,Not Applicable,Clear,CLUB ROAD VIJAYANAGAR,NEAR JAIN TEMPLE,0.5 KM,0.0,0.0
Bengaluru City,Vijayanagar Traffic PS,1.04432e+16,2017,1,2,Road Accidents,Narrow road,City/Town,Near School or College,Human Error,Yes,Simple Injury,Hit and Run,Uncontrolled,Straight and flat,City or Town Road,Bitumen(Tar),Dry,Not Applicable,Clear,WEST OF CHORD ROAD,NEAR ATTHIGUPE METRO STATION,0.5 KM,0.0,0.0
Bengaluru City,Vijayanagar Traffic PS,1.04432e+16,2017,1,1,Road Accidents,Narrow road,City/Town,At pedestrian Crossing,Human Error,Yes,Simple Injury,Hit and Run,Not Applicable,Not Applicable,City or Town Road,Bitumen(Tar),Dry,Not Applicable,Clear,MAGADI MAIN ROAD,NEAR ALL SADHIK HOTEL,0.5KM,0.12584041,0.77324177
Bengaluru City,Vijayanagar Traffic PS,1.04432e+16,2017,1,2,Road Accidents,Narrow road,City/Town,Residential area,Human Error,No,Damage Only,Head on,Uncontrolled,Straight and flat,City or Town Road,Bitumen(Tar),Dry,Not Applicable,Clear,M C LAYOUT,4TH MAIN ROAD IN FRONT HOUSE NO 1081,0.5MTR,0.0,0.0
Bengaluru City,Vijayanagar Traffic PS,1.04432e+16,2017,1,2,Road Accidents,Narrow road,City/Town,Residential area,Human Error,No,Grievous Injury,Head on,Uncontrolled,Straight and flat,City or Town Road,Bitumen(Tar),Dry,Not Applicable,Clear,BASAVESWARANAGAR,NEAR KADAMBI SCHOOL,0.5MTR,0.0,0.0
Bengaluru City,Vijayanagar Traffic PS,1.04432e+16,2017,1,1,Road Accidents,Narrow road,City/Town,Residential area,Human Error,No,Simple Injury,Head on,Uncontrolled,Straight and flat,City or Town Road,Bitumen(Tar),Dry,Not Applicable,Clear,BASAVESWARANAGAR,NEARB AYODHYA SAGAR HOTEL 8TH MAIN,0.5MTR,0.0,0.0
Bengaluru City,Vijayanagar Traffic PS,1.04432e+16,2017,1,2,Road Accidents,Junction,City/Town,Residential area,Human Error,Yes,Grievous Injury,Hit and Run,Uncontrolled,Straight and flat,City or Town Road,Bitumen(Tar),Dry,Not Applicable,Clear,R P C LAYOUT,NEAR SWIMMING POOL ROAD AND 9TH CROSS JUNCTION,0.5MTR,0.125751,0.77323047