DISTRICTNAME,UNITNAME,Crime_No,Year,RI,Noofvehicle_involved,Accident_Classification,Accident_Spot,Accident_Location,Accident_SubLocation,Main_Cause,Hit_Run,Severity,Collision_Type,Junction_Control,Road_Character,Road_Type,Surface_Type,Surface_Condition,Road_Condition,Weather,Accident_Road,Landmark_first,Distance_LandMark_First,Latitude,Longitude
Bengaluru City,Vijayanagar Traffic PS,1.04432e+16,2019,1,2,Road Accidents,Narrow road,City/Town,Residential area,Human Error,Yes,Simple Injury,Vehicle to Vehicle,Not Applicable,Straight and flat,Residential Street,Bitumen(Tar),Dry,Not Applicable,Clear,PATTEGARAPALYA,NEAR VISHNUVARDHANA PARK,0.5MTR,0.129762852,0.775298839
Bengaluru City,Vijayanagar Traffic PS,1.04432e+16,2019,1,1,Road Accidents,Narrow road,City/Town,Residential area,Human Error,No,Simple Injury,Hit pedestrian,Not at  Junction,Straight and flat,Residential Street,Bitumen(Tar),Dry,Not Applicable,Clear,WEST OF CHORD ROAD,NEAR FLOUR MILL 8TH MAINROAD MAHAGANAPATHYNAGAR,0.5MTR,0.1298687,0.77548018
Bengaluru City,Vijayanagar Traffic PS,1.04432e+16,2019,1,1,Road Accidents,Narrow road,City/Town,Residential area,Human Error,Yes,Grievous Injury,Hit pedestrian,Not at  Junction,Straight and flat,Others,Bitumen(Tar),Dry,Not Applicable,Clear,BASAVESWARANAGAR,INFRONT OF MACDONALD SIDDAIAH PURANIK ROAD,0.5MTR,0.12988585,0.77537567
Bengaluru City,Vijayanagar Traffic PS,1.04432e+16,2019,1,2,Road Accidents,Narrow road,City/Town,Residential area,Human Error,Yes,Simple Injury,Vehicle to Vehicle,Not at  Junction,Straight and flat,Residential Street,Bitumen(Tar),Dry,Not Applicable,Clear,PATTEGARAPALYA MAINROAD,INFRONT OF AGS GAS BUNK,0.5MTR,0.0,0.0
Bengaluru City,Vijayanagar Traffic PS,1.04432e+16,2019,1,2,Road Accidents,Junction,City/Town,Open area,Human Error,No,Simple Injury,Vehicle to Vehicle,Controlled,Straight and flat,Others,Bitumen(Tar),Dry,Not Applicable,Clear,WEST OF CHORD ROAD VIJAYANAGAR,NEAR HOSAHALL METRO P T JUNCTION,0.5MTR,0.129741952,0.77544737
Bengaluru City,Vijayanagar Traffic PS,1.04432e+16,2019,1,2,Road Accidents,Narrow road,City/Town,Residential area,Human Error,Yes,Grievous Injury,Vehicle to Vehicle,Not at  Junction,Straight and flat,Residential Street,Bitumen(Tar),Dry,Not Applicable,Clear,BASAVESWARANAGAR 15TH MAIN ROAD,INFRONT OF BLUEBERRY BAKERY 1ST MAINROAD BASAVESWARANAGR,0.5MTR,0.12986677,0.77540303
Bengaluru City,Vijayanagar Traffic PS,1.04432e+16,2019,1,1,Road Accidents,Narrow road,City/Town,At pedestrian Crossing,Human Error,Yes,Grievous Injury,Hit pedestrian,Not at  Junction,Straight and flat,Others,Bitumen(Tar),Dry,Not Applicable,Clear,PAPPAREDDYPALYA MAIN ROAD,IN FRONT OF SAWBOGYA STORES,0.5MTR,0.129763169,0.775286368
Bengaluru City,Vijayanagar Traffic PS,1.04432e+16,2019,1,1,Road Accidents,Narrow road,City/Town,Residential area,Human Error,Not Applicable,Grievous Injury,Head on,Not Applicable,Straight and flat,City or Town Road,Bitumen(Tar),Dry,Not Applicable,Clear,SIDDAIAHPURANIK ROAD,NEAR BUNYA BIRYANI HOTEL,0.5MTR,0.129917762,0.77538477
Bengaluru City,Vijayanagar Traffic PS,1.04432e+16,2019,1,1,Road Accidents,Narrow road,City/Town,At pedestrian Crossing,Human Error,Yes,Grievous Injury,Hit pedestrian,Not at  Junction,Straight and flat,Residential Street,Bitumen(Tar),Dry,Not Applicable,Clear,GOVINDARAJNAGAR 23TH CROSS,IN FRONT OF MAHESH STORES,0.5MTR,0.1297676,0.77535728
Bengaluru City,Vijayanagar Traffic PS,1.04432e+16,2019,1,1,Road Accidents,Narrow road,City/Town,Residential area,Human Error,Yes,Simple Injury,Hit pedestrian,Not Applicable,Straight and flat,Others,Bitumen(Tar),Dry,Not Applicable,Clear,KURUBHARAHALLI MAIN ROAD,INFRONT OF ANAND ICECREAM,0.5MTR,0.13300029,0.775375088
Bengaluru City,Vijayanagar Traffic PS,1.04432e+16,2019,1,2,Road Accidents,Narrow road,City/Town,Residential area,Human Error,Yes,Simple Injury,Vehicle to Vehicle,Not at  Junction,Straight and flat,Residential Street,Bitumen(Tar),Dry,Not Applicable,Clear,BASAVESWARANAGAR,INFRONT OF SUNIL RESIDENCY HOTEL,0.5MTR,0.129885893,0.775477752
Bengaluru City,Vijayanagar Traffic PS,1.04432e+16,2019,1,2,Road Accidents,Narrow road,City/Town,Residential area,Human Error,Yes,Damage Only,Vehicle to Vehicle,Not at  Junction,Straight and flat,Residential Street,Bitumen(Tar),Dry,Not Applicable,Clear,VIJAYANGARA,INFRONT OF BRAHMALINGESHWARA CONDIMENTS PIPELINE,0.5,0.12957264,0.77538188
Bengaluru City,Vijayanagar Traffic PS,1.04432e+16,2019,1,2,Road Accidents,Narrow road,City/Town,Near School or College,Human Error,Yes,Damage Only,Vehicle to Vehicle,Not Applicable,Straight and flat,Service Road,Bitumen(Tar),Dry,Not Applicable,Clear,VIJAYANAGARA,INFORNT OF BHARATIYAVIDHYAPEETA,0.5,0.12973312,0.77541198
Bengaluru City,Vijayanagar Traffic PS,1.04432e+16,2019,1,2,Road Accidents,Narrow road,City/Town,Open area,Human Error,Yes,Simple Injury,Vehicle to Vehicle,Not at  Junction,Straight and flat,Others,Bitumen(Tar),Dry,Not Applicable,Clear,BASVESHWARANAGARA,NEAR PUNJAB NATIONAL BANK  MODI HOSPITAL ROAD,0.5,0.12998449,0.77542713
Bengaluru City,Vijayanagar Traffic PS,1.04432e+16,2019,1,2,Road Accidents,Narrow road,City/Town,Residential area,Human Error,No,Grievous Injury,Head on,Not Applicable,Straight and flat,City or Town Road,Bitumen(Tar),Dry,Not Applicable,Clear,"BASAVESHWARANAGAR,",8TH MAIN SIDDAIAHPURANIK ROAD,0.5MTR,0.12991342,0.775383392
Bengaluru City,Vijayanagar Traffic PS,1.04432e+16,2019,1,2,Road Accidents,Narrow road,City/Town,Residential area,Human Error,Yes,Simple Injury,Hit and Run,Not Applicable,Straight and flat,City or Town Road,Bitumen(Tar),Dry,Not Applicable,Clear,GOVINDARAJNAGAR,7TH MAIN AND 21 CROSS JUNCTION,0.5MTR,0.12974512,0.77536516
Bengaluru City,Vijayanagar Traffic PS,1.04432e+16,2019,1,2,Road Accidents,Narrow road,City/Town,Residential area,Human Error,Yes,Simple Injury,Vehicle to Vehicle,Not Applicable,Straight and flat,Residential Street,Bitumen(Tar),Dry,Not Applicable,Clear,BASAVESWARANAGAR,8TH A MAIN BASAVESWARANAGAR,0.5MTR,0.12992028,0.77535748
Bengaluru City,Vijayanagar Traffic PS,1.04432e+16,2019,1,2,Road Accidents,Narrow road,City/Town,Residential area,Human Error,No,Grievous Injury,Vehicle to Vehicle,Not at  Junction,Straight and flat,Residential Street,Bitumen(Tar),Dry,Not Applicable,Clear,M C  LAYOUT,6TH MAIN ROAD AND 8TH CROSS JUNCTION,0.5MTR,0.12974655,0.77542073
Bengaluru City,Vijayanagar Traffic PS,1.04432e+16,2019,1,2,Road Accidents,Narrow road,City/Town,Residential area,Human Error,Yes,Damage Only,Vehicle to Vehicle,Not at  Junction,Straight and flat,Others,Bitumen(Tar),Dry,Not Applicable,Clear,MODHI HOSPITALROAD,IN FRONT OF BURGER KING,0.5MTR,0.12997484,0.77545983
Bengaluru City,Vijayanagar Traffic PS,1.04432e+16,2019,1,2,Road Accidents,Narrow road,City/Town,Open area,Human Error,Yes,Damage Only,Vehicle to Vehicle,Not at  Junction,Straight and flat,Others,Bitumen(Tar),Dry,Not Applicable,Clear,WEST OF CHORD ROAD,NEAR SHIVANAHALLI JUNCTION,0.5M,0.12992091,0.77550931
Bengaluru City,Vijayanagar Traffic PS,1.04432e+16,2019,1,2,Road Accidents,Narrow road,City/Town,Near Hospital,Human Error,Yes,Damage Only,Hit and Run,Not Applicable,Straight and flat,City or Town Road,Bitumen(Tar),Dry,Not Applicable,Clear,SIDDAIAHPURANIK ROAD,NEAR CHORD ROAD HOSPITAL,0.5MTR,12.9980202,77.5406738
Bengaluru City,Vijayanagar Traffic PS,1.04432e+16,2019,1,2,Road Accidents,Narrow road,City/Town,Residential area,Human Error,Yes,Grievous Injury,Hit and Run,Controlled,Straight and flat,City or Town Road,Bitumen(Tar),Dry,Not Applicable,Clear,NAGARABAVI MAIN ROAD,NEAR SARVAGNA JUNCTION,0.5MTR,0.129757167,0.775385491
Bengaluru City,Vijayanagar Traffic PS,1.04432e+16,2019,1,1,Road Accidents,Junction,City/Town,At pedestrian Crossing,Human Error,Yes,Simple Injury,Hit puchcart,Controlled,Straight and flat,City or Town Road,Bitumen(Tar),Dry,Not Applicable,Clear,MODHI HOSPITALROAD,IN FRONT MYSORE FOOD PALACE,0.5MTR,0.12997533,0.77545041
Bengaluru City,Vijayanagar Traffic PS,1.04432e+16,2019,1,2,Road Accidents,Junction,City/Town,Residential area,Human Error,No,Simple Injury,Head on,Uncontrolled,Straight and flat,City or Town Road,Bitumen(Tar),Dry,Not Applicable,Clear,11TH MAIN JUNCTION,R P C LAYOUT,0.5MTR,0.129580307,0.775347846
Bengaluru City,Vijayanagar Traffic PS,1.04432e+16,2019,1,1,Road Accidents,Narrow road,City/Town,At pedestrian Crossing,Human Error,No,Simple Injury,Hit pedestrian,Not at  Junction,Straight and flat,City or Town Road,Bitumen(Tar),Dry,Not Applicable,Clear,NAGARABHAVI MAIN ROAD,INFRONT OF GOLDEN DRY CLEANER SHOP,0.5MTR,0.129710802,0.775267658
Bengaluru City,Vijayanagar Traffic PS,1.04432e+16,2019,1,2,Road Accidents,Narrow road,City/Town,Open area,Human Error,No,Fatal,Vehicle to Vehicle,Not at  Junction,Straight and flat,Others,Bitumen(Tar),Dry,Not Applicable,Clear,VIJAYANAGAR,NEAR MARENHALLI JUNCTION WEST OF CHORD ROAD,0.5MTR,0.12968405,0.775366598
Bengaluru City,Vijayanagar Traffic PS,1.04432e+16,2019,1,2,Road Accidents,Junction,City/Town,Residential area,Human Error,Yes,Simple Injury,Vehicle to Vehicle,Uncontrolled,Straight and flat,Others,Bitumen(Tar),Dry,Not Applicable,Clear,MAGADI MAIN ROAD,1ST MAIN ROAD GOVINDARAJANAGAR,0.5MTR,0.129773019,0.775388411
Bengaluru City,Vijayanagar Traffic PS,1.04432e+16,2019,1,2,Road Accidents,Junction,City/Town,Residential area,Human Error,No,Grievous Injury,Hit pedestrian,Uncontrolled,Straight and flat,Residential Street,Bitumen(Tar),Dry,Not Applicable,Clear,BASAVESWARANAGAR,10TH MAIN ROAD BASAVESWARANAGAR AND 2ND D CROSS JUNCTION,0.5MTR,0.12992983,0.77540941
Bengaluru City,Vijayanagar Traffic PS,1.04432e+16,2019,1,1,Road Accidents,Narrow road,City/Town,Residential area,Human Error,No,Grievous Injury,Hit pedestrian,Not at  Junction,Straight and flat,Residential Street,Bitumen(Tar),Dry,Not Applicable,Clear,MOODALPALYA,INFORNT OF SAIRAM TENT HOUSE 1ST MAINROAD HUCHAPPA ROAD SVG NAGARA,0.5MTR,0.12973647,0.77525552
Bengaluru City,Vijayanagar Traffic PS,1.04432e+16,2019,1,2,Road Accidents,Narrow road,City/Town,Residential area,Human Error,Yes,Simple Injury,Vehicle to Vehicle,Not at  Junction,Straight and flat,Others,Bitumen(Tar),Dry,Not Applicable,Clear,RPC LAYOUT,NEAR ATTIGUPPE METRO STATION 11TH MAINROAD,0.5MTR,0.129612781,0.775343179
Bengaluru City,Vijayanagar Traffic PS,1.04432e+16,2019,1,1,Road Accidents,Narrow road,City/Town,At pedestrian Crossing,Human Error,Yes,Simple Injury,Hit pedestrian,Not Applicable,Straight and flat,City or Town Road,Bitumen(Tar),Dry,Not Applicable,Clear,MODI ROAD,NEAR RELIANCE FRESH,0.5MTR,0.12997555,0.775484337
Bengaluru City,Vijayanagar Traffic PS,1.04432e+16,2019,1,2,Road Accidents,Narrow road,City/Town,Near Hospital,Human Error,No,Damage Only,Head on,Not at  Junction,Straight and flat,City or Town Road,Bitumen(Tar),Dry,Not Applicable,Clear,MAGADI MAIN ROAD,INFRONT OF MADHU HOSPITAL,0.5MTR,0.129784209,0.775430797
Bengaluru City,Vijayanagar Traffic PS,1.04432e+16,2019,1,3,Road Accidents,Junction,City/Town,Open area,Human Error,No,Simple Injury,Vehicle to Vehicle,Signal lights Blinking,Straight and flat,Others,Bitumen(Tar),Dry,Not Applicable,Clear,MAGADI MAIN ROAD,M C CIRCLE JUNCTION,0.5MTR,0.12974966,0.77548362
Bengaluru City,Vijayanagar Traffic PS,1.04432e+16,2019,1,2,Road Accidents,Narrow road,City/Town,Open area,Human Error,Yes,Simple Injury,Vehicle to Vehicle,Controlled,Straight and flat,Others,Bitumen(Tar),Dry,Not Applicable,Clear,WEST OF CHORD ROAD VIJAYNAGAR,M C CIRCLE SIGNAL MAGADI MAINROAD,0.5,0.12975028,0.77548405
Bengaluru City,Vijayanagar Traffic PS,1.04432e+16,2019,1,1,Road Accidents,Narrow road,City/Town,At pedestrian Crossing,Human Error,Yes,Grievous Injury,Hit pedestrian,Not at  Junction,Straight and flat,City or Town Road,Bitumen(Tar),Dry,Not Applicable,Clear,1 ST MAIN KAMALANAGAR,OPP EKADANTA SEAT COVERS AND BAG CENTER,0.5MTR,0.129959461,0.775271739
Bengaluru City,Vijayanagar Traffic PS,1.04432e+16,2019,1,2,Road Accidents,Narrow road,City/Town,Residential area,Human Error,Yes,Grievous Injury,Hit and Run,Not at  Junction,Straight and flat,City or Town Road,Bitumen(Tar),Dry,Not Applicable,Clear,SARSWATHINAGAR,INFRONT OF ASTED SCHOOL,0.5MTR,0.129728017,0.775302363
Bengaluru City,Vijayanagar Traffic PS,1.04432e+16,2019,1,1,Road Accidents,Narrow road,City/Town,Near a religious place,Human Error,No,Damage Only,Head on,Not at  Junction,Straight and flat,City or Town Road,Bitumen(Tar),Dry,Not Applicable,Clear,WEST OF CHORD ROAD,NEAR HOSAHALL METRO,0.5MTR,0.12974118,0.7754516
Bengaluru City,Vijayanagar Traffic PS,1.04432e+16,2019,1,3,Road Accidents,Narrow road,City/Town,Residential area,Human Error,No,Grievous Injury,Vehicle to Vehicle,Not Applicable,Straight and flat,Residential Street,Bitumen(Tar),Dry,Not Applicable,Clear,PATTEGARAPALYA MAINROAD,INFRONT OF CHETHAN TENT HOUSE,0.5MTR,0.129764884,0.775232572
Bengaluru City,Vijayanagar Traffic PS,1.04432e+16,2019,1,2,Road Accidents,Narrow road,City/Town,Residential area,Human Error,Yes,Simple Injury,Vehicle to Vehicle,Not at  Junction,Straight and flat,Residential Street,Bitumen(Tar),Dry,Not Applicable,Clear,KAMALANAGAR,NEAR HOUSE NO89 CHANDRAPPA ROAD,0.5MTR,0.129962587,0.775251159
Bengaluru City,Vijayanagar Traffic PS,1.04432e+16,2019,1,2,Road Accidents,Junction,City/Town,Near office complex,Human Error,No,Simple Injury,Head on,Controlled,Straight and flat,City or Town Road,Bitumen(Tar),Dry,Not Applicable,Clear,WEST OF CHORD ROAD,NEAR DHOBI GHAT JUNCTION,0.5MTR,0.129877781,0.775499398
Bengaluru City,Vijayanagar Traffic PS,1.04432e+16,2019,1,1,Road Accidents,Narrow road,City/Town,At pedestrian Crossing,Human Error,No,Grievous Injury,Hit pedestrian,Not Applicable,Straight and flat,City or Town Road,Bitumen(Tar),Dry,Not Applicable,Clear,THIMMAIAH ROAD,IN RONT OF BASAVESWARA MEDICALS,0.5MTR,0.129888055,0.775471751
Bengaluru City,Vijayanagar Traffic PS,1.04432e+16,2019,1,1,Road Accidents,Narrow road,City/Town,At pedestrian Crossing,Human Error,Yes,Grievous Injury,Hit pedestrian,Not Applicable,Straight and flat,City or Town Road,Bitumen(Tar),Dry,Not Applicable,Clear,THIMMAIAH ROAD,IN FRONT BASAVA CLINIC,0.5MTR,0.0,0.0
Bengaluru City,Vijayanagar Traffic PS,1.04432e+16,2019,1,1,Road Accidents,Narrow road,City/Town,Residential area,Human Error,Yes,Grievous Injury,Hit pedestrian,Not Applicable,Straight and flat,City or Town Road,Bitumen(Tar),Dry,Not Applicable,Clear,RPC LAYOUT,NEAR SBI BANK,0.5MTR,0.129578242,0.77534386
Bengaluru City,Vijayanagar Traffic PS,1.04432e+16,2019,1,1,Road Accidents,Narrow road,City/Town,Residential area,Human Error,Yes,Simple Injury,Hit pedestrian,Not Applicable,Straight and flat,Residential Street,Bitumen(Tar),Dry,Not Applicable,Clear,MAGADI MAIN ROAD,INFRONT OF KARTHIK BAR MAGADI MAIN ROAD,0.5MTR,12.9776378,77.5454887
Bengaluru City,Vijayanagar Traffic PS,1.04432e+16,2019,1,2,Road Accidents,Narrow road,City/Town,Residential area,Human Error,Not Applicable,Simple Injury,Vehicle to Vehicle,Signal lights Automatic,Straight and flat,Others,Bitumen(Tar),Dry,Not Applicable,Clear,SARVAJNA JUNCTION GOVINDARAJANAGAR,GOVINDARAJANAGAR,0.5MTR,0.129757223,0.775385337
Bengaluru City,Vijayanagar Traffic PS,1.04432e+16,2019,1,2,Road Accidents,Narrow road,City/Town,Residential area,Human Error,No,Simple Injury,Vehicle to Vehicle,Not at  Junction,Straight and flat,Residential Street,Bitumen(Tar),Dry,Not Applicable,Clear,KAMALANAGAR,INFRONT OF HOUSE NO520 KUVEMP ROAD,0.5MTR,0.12996968,0.77525518
Bengaluru City,Vijayanagar Traffic PS,1.04432e+16,2019,1,1,Road Accidents,Narrow road,City/Town,Open area,Human Error,Yes,Fatal,Hit pedestrian,Not at  Junction,Straight and flat,Others,Bitumen(Tar),Dry,Not Applicable,Clear,MAGADI MAIN ROAD,INFRONT OF KANTHI SWEETS AGRAHARA DASARAHALLI,0.5MTR,0.129782974,0.775440108
Bengaluru City,Vijayanagar Traffic PS,1.04432e+16,2019,1,1,Road Accidents,Narrow road,City/Town,Near Bus stop,Human Error,Yes,Simple Injury,Hit pedestrian,Not at  Junction,Straight and flat,Others,Bitumen(Tar),Dry,Not Applicable,Clear,WEST OF CHORD ROAD VIJAYANAGAR,NEAR UDUPI KITCHEN VIJAYANGAR BUS STAND,0.5MTR,0.12971874,0.77537908
Bengaluru City,Vijayanagar Traffic PS,1.04432e+16,2019,1,1,Road Accidents,Junction,City/Town,Open area,Human Error,Yes,Damage Only,Not Applicable,Uncontrolled,Straight and flat,Others,Bitumen(Tar),Dry,Not Applicable,Clear,WEST OF CHORD ROAD,SHIVANHALLI JUNCTION,0.5MTR,0.0,0.0
Bengaluru City,Vijayanagar Traffic PS,1.04432e+16,2019,1,2,Road Accidents,Narrow road,City/Town,Residential area,Human Error,No,Simple Injury,Head on,Not Applicable,Straight and flat,City or Town Road,Bitumen(Tar),Dry,Not Applicable,Clear,TIMMAIAH ROAD,INFRONT OF MANJUNATH JUICE & CANDIMENT,0.5MTR,0.12996052,0.77546241
Bengaluru City,Vijayanagar Traffic PS,1.04432e+16,2019,1,1,Road Accidents,Narrow road,City/Town,At pedestrian Crossing,Human Error,No,Grievous Injury,Hit pedestrian,Not Applicable,Straight and flat,City or Town Road,Bitumen(Tar),Dry,Not Applicable,Clear,THIMMAIAH ROAD,IN FRONT OF TENDER CHICKEN STALL,0.5MTR,0.129898098,0.775457193
Bengaluru City,Vijayanagar Traffic PS,1.04432e+16,2019,1,2,Road Accidents,Narrow road,City/Town,Residential area,Human Error,Yes,Simple Injury,Vehicle to Vehicle,Not Applicable,Straight and flat,Others,Bitumen(Tar),Dry,Not Applicable,Clear,NAGARABAVI MAIN ROAD,INFRONT OF DEAR AND NEAR FURNITURES,0.5MTR,0.129719496,0.775276493
Bengaluru City,Vijayanagar Traffic PS,1.04432e+16,2019,1,1,Road Accidents,Narrow road,City/Town,At pedestrian Crossing,Human Error,Yes,Grievous Injury,Hit pedestrian,Not Applicable,Straight and flat,City or Town Road,Bitumen(Tar),Dry,Not Applicable,Clear,BASAVESWARANAGAR,NEAR GURUSAGAR HOTEL SIDDAIAH PURANIK ROAD,0.5MTR,0.129952564,0.775397957
Bengaluru City,Vijayanagar Traffic PS,1.04432e+16,2019,1,2,Road Accidents,Narrow road,City/Town,Residential area,Human Error,Not Applicable,Simple Injury,Vehicle to Vehicle,Not Applicable,Straight and flat,Residential Street,Bitumen(Tar),Dry,Not Applicable,Clear,G K W LAYOUT,INFRONT OF UNIQUE DETECTIVE AND SECURITY SERVICES OFFICE,0.5MTR,0.129687344,0.775286756
Bengaluru City,Vijayanagar Traffic PS,1.04432e+16,2019,1,2,Road Accidents,Narrow road,City/Town,Residential area,Human Error,No,Simple Injury,Vehicle to Vehicle,Uncontrolled,Straight and flat,Residential Street,Bitumen(Tar),Dry,Not Applicable,Clear,VIJAYANAGAR CLUB ROAD,INFRONT OF VIJAYANAGAR CLUB ROAD,0.5MTR,0.0,0.0
Bengaluru City,Vijayanagar Traffic PS,1.04432e+16,2019,1,2,Road Accidents,Narrow road,City/Town,Residential area,Human Error,Yes,Simple Injury,Vehicle to Vehicle,Uncontrolled,Straight and flat,Residential Street,Bitumen(Tar),Dry,Not Applicable,Clear,VIJAYANAGAR,13TH MAINROAD AND 4TH CROSS JUNCTION,0.5MTR,0.12972465,0.77532019
Bengaluru City,Vijayanagar Traffic PS,1.04432e+16,2019,1,2,Road Accidents,Narrow road,City/Town,Near Bus stop,Human Error,Yes,Grievous Injury,Vehicle to Vehicle,Not at  Junction,Straight and flat,Residential Street,Bitumen(Tar),Dry,Not Applicable,Clear,VIJAYANAGAR,NEAR BALAGANGADHARANATHASWAMY BUS STOP MC LAYOUT,0.5MTR,0.12975063,0.77542107
Bengaluru City,Vijayanagar Traffic PS,1.04432e+16,2019,1,3,Road Accidents,Narrow road,City/Town,Open area,Human Error,No,Damage Only,Vehicle to Vehicle,Not at  Junction,Straight and flat,Two way,Bitumen(Tar),Dry,Not Applicable,Clear,WEST OF CHORD ROAD,NEAR VIJAYANGAR BUS STAND SIGNAL,0.5M,0.12973294,0.77539306
Bengaluru City,Vijayanagar Traffic PS,1.04432e+16,2019,1,2,Road Accidents,Narrow road,City/Town,Residential area,Human Error,No,Grievous Injury,Vehicle to Vehicle,Not at  Junction,Straight and flat,Residential Street,Bitumen(Tar),Dry,Not Applicable,Clear,VIJAYNAGAR,INFRONT OF MAHADEVA TEXTILE MARENAHALLI MAINROAD,0.5,0.12968916,0.77530661
Bengaluru City,Vijayanagar Traffic PS,1.04432e+16,2019,1,2,Road Accidents,Junction,City/Town,Residential area,Human Error,Yes,Simple Injury,Hit and Run,Uncontrolled,Straight and flat,City or Town Road,Bitumen(Tar),Dry,Not Applicable,Clear,MANJUNATHNAGAR,3RD CROSS AND 10TH MAIN JUNCTION,0.5MTR,0.12992761,0.77543012
Bengaluru City,Vijayanagar Traffic PS,1.04432e+16,2019,1,2,Road Accidents,Narrow road,City/Town,Residential area,Human Error,Yes,Damage Only,Hit and Run,Not Applicable,Straight and flat,City or Town Road,Bitumen(Tar),Dry,Not Applicable,Clear,SUBBANAGARDEN,OPP K V V SCHOOL,0.5MTR,0.129647088,0.775331817
Bengaluru City,Vijayanagar Traffic PS,1.04432e+16,2019,1,2,Road Accidents,Narrow road,City/Town,Near Bus stop,Human Error,No,Damage Only,Head on,Not Applicable,Straight and flat,City or Town Road,Bitumen(Tar),Dry,Not Applicable,Clear,WEST OF CHORD ROAD,NEAR SHIVANAHALLI BUS STOP,0.5MTR,0.129898657,0.775505919
Bengaluru City,Vijayanagar Traffic PS,1.04432e+16,2019,1,1,Road Accidents,Narrow road,City/Town,Near Bus stop,Human Error,No,Grievous Injury,Hit bicyclist,Not Applicable,Straight and flat,City or Town Road,Bitumen(Tar),Dry,Not Applicable,Clear,NAGARABAVI MAIN ROAD,NEAR GOVINDARAJNAGAR BUS STOP,0.5MTR,0.12975601,0.775367373
Bengaluru City,Vijayanagar Traffic PS,1.04432e+16,2019,1,2,Road Accidents,Narrow road,City/Town,Residential area,Human Error,No,Grievous Injury,Others,Not Applicable,Straight and flat,City or Town Road,Bitumen(Tar),Dry,Not Applicable,Clear,M C LAY OUT 8 TH MAIN ROAD,OPP SHAIN DRY CLINING SHOP,0.5MTR,0.12744517,0.775336652
Bengaluru City,Vijayanagar Traffic PS,1.04432e+16,2019,1,2,Road Accidents,Narrow road,City/Town,Residential area,Human Error,No,Simple Injury,Vehicle to Vehicle,Not Applicable,Straight and flat,Not Applicable,Bitumen(Tar),Dry,Not Applicable,Clear,PIPELINE VIJAYANAGAR,2CROSS VIJAYANAGAR 9TH B MAIN JUNCTION,0.5MTR,0.12969457,0.77537052
Bengaluru City,Vijayanagar Traffic PS,1.04432e+16,2019,1,2,Road Accidents,Cross roads,City/Town,Residential area,Human Error,Yes,Simple Injury,Vehicle to Vehicle,Not Applicable,Straight and flat,Residential Street,Bitumen(Tar),Dry,Not Applicable,Clear,BASAVESWARANAGAR,3RD CROSS MARUTHI HOUSING COLONY,0.5MTR,0.12997553,0.775413403
Bengaluru City,Vijayanagar Traffic PS,1.04432e+16,2019,1,2,Road Accidents,Narrow road,City/Town,Residential area,Human Error,Yes,Simple Injury,Vehicle to Vehicle,Uncontrolled,Straight and flat,Others,Bitumen(Tar),Dry,Not Applicable,Clear,MODI HOSPITAL ROAD,IN FRONT OF PRISTINE HOSPITAL,0.5MTR,0.129981048,0.775433285
Bengaluru City,Vijayanagar Traffic PS,1.04432e+16,2019,1,2,Road Accidents,Narrow road,City/Town,Residential area,Human Error,Yes,Simple Injury,Vehicle to Vehicle,Uncontrolled,Straight and flat,Residential Street,Bitumen(Tar),Dry,Not Applicable,Clear,MARENHALLI,NEAR MARUTHI MANDIR,0.5MTR,0.12967577,0.77535927
Bengaluru City,Vijayanagar Traffic PS,1.04432e+16,2019,1,2,Road Accidents,Narrow road,City/Town,Residential area,Human Error,No,Simple Injury,Vehicle to Vehicle,Not at  Junction,Straight and flat,Service Road,Bitumen(Tar),Dry,Not Applicable,Clear,WEST OF CHORD ROAD,INFRONT OF CPWD QUARTERS,0.5MTR,0.12973618,0.77540152
Bengaluru City,Vijayanagar Traffic PS,1.04432e+16,2019,1,2,Road Accidents,Junction,City/Town,Residential area,Human Error,No,Simple Injury,Vehicle to Vehicle,Uncontrolled,Straight and flat,Service Road,Bitumen(Tar),Dry,Not Applicable,Clear,VIJAYANAGAR,3RD CROSS VIJAYANGAR AND WEST OF CHORD ROAD SERVICE JUNCTION,0.5MTR,0.129739,0.77544622
Bengaluru City,Vijayanagar Traffic PS,1.04432e+16,2019,1,2,Road Accidents,Narrow road,City/Town,Open area,Human Error,Yes,Damage Only,Vehicle to Vehicle,Not Applicable,Straight and flat,Service Road,Bitumen(Tar),Dry,Not Applicable,Clear,MAGADI MAIN ROAD,NEAR MYSORE HANUMANTHU PALAV HOTEL OVER KHB BRIDGE SERVICE ROAD,0.5MTR,0.12980671,0.77536509
Bengaluru City,Vijayanagar Traffic PS,1.04432e+16,2019,1,1,Road Accidents,Narrow road,City/Town,At pedestrian Crossing,Human Error,Yes,Fatal,Hit pedestrian,Not at  Junction,Straight and flat,City or Town Road,Bitumen(Tar),Dry,Not Applicable,Clear,BASAVESWARANAGAR,2ND CROSS AND 8TH MAIN JUNCTION,0.5MTR,0.129924136,0.775353509
Bengaluru City,Vijayanagar Traffic PS,1.04432e+16,2019,1,1,Road Accidents,Narrow road,City/Town,Residential area,Human Error,Yes,Grievous Injury,Hit pedestrian,Not at  Junction,Straight and flat,City or Town Road,Bitumen(Tar),Dry,Not Applicable,Clear,VIJAYANAGAR CLUB ROAD,NEAR HOUSING BOARD APPARTMENTS,0.5MTR,0.12967633,0.77541144
Bengaluru City,Vijayanagar Traffic PS,1.04432e+16,2019,1,3,Road Accidents,Junction,City/Town,Near office complex,Human Error,No,Damage Only,Head on,Controlled,Others,City or Town Road,Bitumen(Tar),Dry,Not Applicable,Clear,BASAVESWARANAGAR,NEAR HAVNOOR CIRCLE,0.5MTR,0.129882678,0.775375875
Bengaluru City,Vijayanagar Traffic PS,1.04432e+16,2019,1,2,Road Accidents,Narrow road,City/Town,Residential area,Not Applicable,Yes,Damage Only,Hit and Run,Not Applicable,Straight and flat,City or Town Road,Bitumen(Tar),Dry,Not Applicable,Clear,BASAVESWARANAGAR,IN FRONT OF HOUSE NO 217,0.5MTR,0.12989088,0.77544459