DISTRICTNAME,UNITNAME,Crime_No,Year,RI,Noofvehicle_involved,Accident_Classification,Accident_Spot,Accident_Location,Accident_SubLocation,Main_Cause,Hit_Run,Severity,Collision_Type,Junction_Control,Road_Character,Road_Type,Surface_Type,Surface_Condition,Road_Condition,Weather,Accident_Road,Landmark_first,Distance_LandMark_First,Latitude,Longitude
Bengaluru City,Vijayanagar Traffic PS,1.04432e+16,2019,1,2,Road Accidents,Narrow road,City/Town,Residential area,Human Error,Yes,Damage Only,Vehicle to Vehicle,Not Applicable,Straight and flat,Residential Street,Bitumen(Tar),Dry,Not Applicable,Clear,RPC LAYOUT,5TH CROSS 10TH MAIN ROAD RPC LAYOUT,0.5MTR,0.129570328,0.775356403
Bengaluru City,Vijayanagar Traffic PS,1.04432e+16,2019,1,2,Road Accidents,Narrow road,City/Town,Residential area,Human Error,Yes,Simple Injury,Vehicle to Vehicle,Not at  Junction,Straight and flat,Residential Street,Bitumen(Tar),Dry,Not Applicable,Clear,MARENHALLI,SUBANNA GARDEN MAINROAD,0.5MTR,0.12964687,0.77531909
Bengaluru City,Vijayanagar Traffic PS,1.04432e+16,2019,1,1,Road Accidents,Narrow road,City/Town,Open area,Human Error,Not Applicable,Fatal,Not Applicable,Not at  Junction,Straight and flat,Others,Bitumen(Tar),Wet,Not Applicable,Cloudy,PIPELINE VIJAYNAGAR,INFRONT OF FISHLAND AQUARIUM PIPELINEROAD,0.5MTR,0.12968614,77.545446
Bengaluru City,Vijayanagar Traffic PS,1.04432e+16,2019,1,2,Road Accidents,Junction,City/Town,Open area,Human Error,Yes,Simple Injury,Vehicle to Vehicle,Controlled,Straight and flat,Service Road,Bitumen(Tar),Dry,Not Applicable,Cloudy,WEST OF CHORD ROAD,5TH MAINROAD RPC LAYOUT JUNCTION,0.5MTR,0.12965913,0.77535727
Bengaluru City,Vijayanagar Traffic PS,1.04432e+16,2019,1,2,Road Accidents,Junction,City/Town,Residential area,Human Error,No,Simple Injury,Head on,Controlled,Straight and flat,City or Town Road,Bitumen(Tar),Dry,Not Applicable,Clear,MAGADI MAIN ROAD,NEAR JAIMUNIRAO CIRCLE JUNCTION,0.5MTR,0.12978556,0.775426308
Bengaluru City,Vijayanagar Traffic PS,1.04432e+16,2019,1,2,Road Accidents,Narrow road,City/Town,Residential area,Human Error,Yes,Simple Injury,Hit and Run,Not Applicable,Straight and flat,City or Town Road,Bitumen(Tar),Dry,Not Applicable,Clear,PATTEGARAPALYA,NEAR GAS BUNK PATTEGARAPALYA MAIN ROAD,0.5MTR,0.129771274,0.775195024
Bengaluru City,Vijayanagar Traffic PS,1.04432e+16,2019,1,2,Road Accidents,Junction,City/Town,Open area,Human Error,Yes,Damage Only,Vehicle to Vehicle,Controlled,Straight and flat,Two way,Bitumen(Tar),Dry,Not Applicable,Clear,WEST OF CHORD ROAD,DHOBHIGHAT SIGNAL WEST OF CHORD ROAD,0.5MTR,0.12987871,0.77549977
Bengaluru City,Vijayanagar Traffic PS,1.04432e+16,2020,1,2,Road Accidents,Narrow road,City/Town,Residential area,Human Error,Yes,Damage Only,Vehicle to Vehicle,Not at  Junction,Straight and flat,Two way,Bitumen(Tar),Dry,Not Applicable,Clear,WEST OF CHORD ROAD,NEAR CITI HOSPITAL,0.5M,0.1299551,0.77550697
Bengaluru City,Vijayanagar Traffic PS,1.04432e+16,2020,1,2,Road Accidents,Cross roads,City/Town,Residential area,Human Error,Yes,Simple Injury,Vehicle to Vehicle,Not at  Junction,Straight and flat,Residential Street,Bitumen(Tar),Dry,Not Applicable,Clear,KAMALANAGAR,NEAR BBMP OFFICE KAMALANAGAR,0.5M,0.0,0.0
Bengaluru City,Vijayanagar Traffic PS,1.04432e+16,2020,1,1,Road Accidents,Narrow road,City/Town,Residential area,Human Error,No,Grievous Injury,Vehicle to Vehicle,Not at  Junction,Straight and flat,Residential Street,Bitumen(Tar),Dry,Not Applicable,Clear,PATTEGARAPALYA MAINROAD,INFRONT OF ANJANEYA TEMPLE,0.5M,0.12976492,0.77523114
Bengaluru City,Vijayanagar Traffic PS,1.04432e+16,2020,1,1,Road Accidents,Junction,City/Town,Near Bus stop,Human Error,Yes,Simple Injury,Vehicle to Vehicle,Uncontrolled,Straight and flat,Two way,Bitumen(Tar),Dry,Not Applicable,Clear,WEST OF CHORD ROAD,SUBBANNA GARDEN JUNCTION,0.5M,0.12964435,0.77534612
Bengaluru City,Vijayanagar Traffic PS,1.04432e+16,2020,1,2,Road Accidents,Junction,City/Town,Residential area,Human Error,Yes,Grievous Injury,Vehicle to Vehicle,Controlled,Straight and flat,Two way,Bitumen(Tar),Dry,Not Applicable,Clear,5TH MAIN ROAD  RPC LAYOUT  VIJAYNAGAR,INFRONT OF AYODHYA HOTEL,0.5M,0.12965786,0.77535249
Bengaluru City,Vijayanagar Traffic PS,1.04432e+16,2020,1,2,Road Accidents,Narrow road,City/Town,Residential area,Human Error,Yes,Simple Injury,Vehicle to Vehicle,Not at  Junction,Straight and flat,Residential Street,Bitumen(Tar),Dry,Not Applicable,Clear,VIAJAYANAGAR,KVV SCHOOL OPPOSITE,0.5M,0.129647032,0.775331998
Bengaluru City,Vijayanagar Traffic PS,1.04432e+16,2020,1,2,Road Accidents,Narrow road,City/Town,Near Bus stop,Human Error,Yes,Grievous Injury,Vehicle to Vehicle,Not at  Junction,Straight and flat,Two way,Bitumen(Tar),Dry,Not Applicable,Clear,VIJAYANAGAR,NEAR VIJAYANAGAR BUS STOP,0.5M,0.12971639,0.77537935
Bengaluru City,Vijayanagar Traffic PS,1.04432e+16,2020,1,1,Road Accidents,Junction,City/Town,Residential area,Human Error,No,Fatal,Hit pedestrian,Controlled,Straight and flat,Residential Street,Bitumen(Tar),Dry,Not Applicable,Clear,GOVINDARAJANAGAR,TRIMURTHY SIGNAL,0.5M,0.0,0.0
Bengaluru City,Vijayanagar Traffic PS,1.04432e+16,2020,1,2,Road Accidents,Junction,City/Town,Residential area,Human Error,Yes,Simple Injury,Vehicle to Vehicle,Uncontrolled,Straight and flat,Residential Street,Bitumen(Tar),Dry,Not Applicable,Clear,M C LAYOUT VIJAYNAGAR,12TH CROSS AND 5TH MAIN ROAD JUNCTION,0.5M,0.12975548,0.77540419
Bengaluru City,Vijayanagar Traffic PS,1.04432e+16,2020,1,2,Road Accidents,Junction,City/Town,Narrow bridge or culverts,Human Error,Yes,Simple Injury,Vehicle to Vehicle,Uncontrolled,Straight and flat,Service Road,Bitumen(Tar),Dry,Not Applicable,Clear,MAGADI MAINROAD,NEAR KHB BRIDGE,0.5M,0.12980109,0.77537891
Bengaluru City,Vijayanagar Traffic PS,1.04432e+16,2020,1,1,Road Accidents,Narrow road,City/Town,Residential area,Human Error,No,Grievous Injury,Hit pedestrian,Not at  Junction,Straight and flat,Residential Street,Bitumen(Tar),Dry,Not Applicable,Clear,PATTEGARAPALYA MAINROAD,INFRONT OF POORNABHODA NILAYA,0.5M,0.129762267,0.775306745
Bengaluru City,Vijayanagar Traffic PS,1.04432e+16,2020,1,2,Road Accidents,Narrow road,City/Town,Residential area,Human Error,Yes,Simple Injury,Vehicle to Vehicle,Not at  Junction,Straight and flat,Residential Street,Bitumen(Tar),Dry,Not Applicable,Clear,"BASAVESHWARANAGAR 1ST MAINROAD,",NEAR HP PETROL PUMP,0.5M,0.12984948,0.77545636
Bengaluru City,Vijayanagar Traffic PS,1.04432e+16,2020,1,2,Road Accidents,Narrow road,City/Town,Residential area,Human Error,No,Damage Only,Vehicle to Vehicle,Not at  Junction,Straight and flat,Residential Street,Bitumen(Tar),Dry,Not Applicable,Clear,PATTEGARAPALYA MAINROAD,NER ANJANEYA TEMPLE,0.5M,0.129765381,0.775230476
Bengaluru City,Vijayanagar Traffic PS,1.04432e+16,2020,1,1,Road Accidents,Narrow road,City/Town,Open area,Human Error,No,Fatal,Not Applicable,Not at  Junction,Straight and flat,Two way,Bitumen(Tar),Dry,Not Applicable,Clear,VIJAYANAGAR,NEAR METRO PILLAR NO 295,0.5M,0.12973362,0.77539528
Bengaluru City,Vijayanagar Traffic PS,1.04432e+16,2020,1,2,Road Accidents,Junction,City/Town,Near Bus stop,Human Error,No,Grievous Injury,Vehicle to Vehicle,Controlled,Straight and flat,Two way,Bitumen(Tar),Dry,Not Applicable,Clear,"5TH MAINROAD RP LAYOUT, VIJAYANAGAR",TTMC BUS STAND SIGNAL,0.5M,0.129660278,0.775353439
Bengaluru City,Vijayanagar Traffic PS,1.04432e+16,2020,1,1,Road Accidents,Narrow road,City/Town,Residential area,Human Error,Yes,Simple Injury,Hit pedestrian,Not at  Junction,Straight and flat,Residential Street,Bitumen(Tar),Dry,Not Applicable,Clear,PIPELINE ROAD VIJAYNAGAR,INFRONT OF ROYAL KING BULLET POINT,0.5M,0.12971458,0.775467
Bengaluru City,Vijayanagar Traffic PS,1.04432e+16,2020,1,2,Road Accidents,Cross roads,City/Town,Residential area,Human Error,No,Simple Injury,Vehicle to Vehicle,Not at  Junction,Straight and flat,Residential Street,Bitumen(Tar),Dry,Not Applicable,Clear,VIJAYANAGAR M C LAYOUT,NEAR CUTIS HOSPITAL,0.5M,0.12976629,0.77544932
Bengaluru City,Vijayanagar Traffic PS,1.04432e+16,2020,1,2,Road Accidents,Cross roads,City/Town,Residential area,Human Error,Yes,Simple Injury,Vehicle to Vehicle,Not at  Junction,Straight and flat,Residential Street,Bitumen(Tar),Dry,Not Applicable,Clear,KAMALANAGAR,INFRONT OF HOUSE NO 334 2ND CROSS,0.5M,0.12996426,0.77530779
Bengaluru City,Vijayanagar Traffic PS,1.04432e+16,2020,1,1,Road Accidents,Narrow road,City/Town,Residential area,Human Error,Yes,Grievous Injury,Hit pedestrian,Not at  Junction,Straight and flat,Residential Street,Bitumen(Tar),Dry,Not Applicable,Clear,1ST MAIN ROAD BASAVESHWARANAGAR,INFRONT DAVANGERE BENE DOSE HOTEL,0.5M,0.12984853,0.77546236
Bengaluru City,Vijayanagar Traffic PS,1.04432e+16,2020,1,2,Road Accidents,Cross roads,City/Town,Residential area,Human Error,Yes,Grievous Injury,Vehicle to Vehicle,Not at  Junction,Straight and flat,Residential Street,Bitumen(Tar),Dry,Not Applicable,Clear,VIJAYNAGAR,INFRONT OF SUBRAMANYA SWAMY TEMPLE NEAR VEERESH THEATRE,0.5M,0.12975637,0.77545138
Bengaluru City,Vijayanagar Traffic PS,1.04432e+16,2020,1,2,Road Accidents,Narrow road,City/Town,Near Hospital,Human Error,No,Grievous Injury,Vehicle to Vehicle,Not at  Junction,Straight and flat,Two way,Bitumen(Tar),Dry,Not Applicable,Clear,WEST OF CHORD ROAD,INFRONT OF CITY HOSPITAL MANJUNATHANAGAR,0.5M,0.0,0.0
Bengaluru City,Vijayanagar Traffic PS,1.04432e+16,2020,1,1,Road Accidents,Junction,City/Town,Residential area,Human Error,Yes,Grievous Injury,Hit pedestrian,Uncontrolled,Straight and flat,Residential Street,Bitumen(Tar),Dry,Not Applicable,Clear,PRASHANTHANAGAR,INFRONT OF BBMP HOSPITAL,0.5M,0.12977999,0.77533749
Bengaluru City,Vijayanagar Traffic PS,1.04432e+16,2020,1,2,Road Accidents,Junction,City/Town,Residential area,Human Error,No,Grievous Injury,Vehicle to Vehicle,Uncontrolled,Straight and flat,Residential Street,Bitumen(Tar),Dry,Not Applicable,Clear,VIJAYNAGAR,4TH CROSS AND 7TH MAIN ROAD JUNCTION,0.5M,0.0,0.0
Bengaluru City,Vijayanagar Traffic PS,1.04432e+16,2020,1,2,Road Accidents,Narrow road,City/Town,Residential area,Human Error,No,Simple Injury,Vehicle to Vehicle,Not at  Junction,Straight and flat,Residential Street,Bitumen(Tar),Dry,Not Applicable,Clear,PATTEGARAPALYA,NEAR FLAG PATTEGARAPALYA MAINROAD,0.5M,0.12976441,0.77524598
Bengaluru City,Vijayanagar Traffic PS,1.04432e+16,2020,1,2,Road Accidents,Narrow road,City/Town,Near office complex,Human Error,Yes,Grievous Injury,Vehicle to Vehicle,Not at  Junction,Straight and flat,Service Road,Bitumen(Tar),Dry,Not Applicable,Clear,VIJAYANAGARA,INFORNT OF VEERASHAIVA SAHAKRA BANK,0.5M,0.12971821,0.77537434
Bengaluru City,Vijayanagar Traffic PS,1.04432e+16,2020,1,1,Road Accidents,Narrow road,City/Town,Residential area,Human Error,No,Fatal,Not Applicable,Not at  Junction,Straight and flat,Residential Street,Bitumen(Tar),Dry,Not Applicable,Clear,VEERESHG THEATRE ROAD,NEAR GBB KALYANA MANTAPPA,0.5M,0.12976287,0.77545362
Bengaluru City,Vijayanagar Traffic PS,1.04432e+16,2020,1,2,Road Accidents,Junction,City/Town,Residential area,Human Error,No,Damage Only,Vehicle to Vehicle,Uncontrolled,Straight and flat,Residential Street,Bitumen(Tar),Dry,Not Applicable,Clear,NAGARBHAVI MAINROAD,MOODAPALYA CIRCLE,0.5M,0.1297078,0.775249446
Bengaluru City,Vijayanagar Traffic PS,1.04432e+16,2020,1,2,Road Accidents,Narrow road,City/Town,Residential area,Human Error,No,Grievous Injury,Vehicle to Vehicle,Not at  Junction,Straight and flat,Residential Street,Bitumen(Tar),Dry,Not Applicable,Clear,BASVESHWARANAGAR,INFRONT OF CHORD ROAD HOSPITAL,0.5M,0.12998097,0.77540566
Bengaluru City,Vijayanagar Traffic PS,1.04432e+16,2020,1,1,Road Accidents,Narrow road,City/Town,Residential area,Human Error,No,Simple Injury,Hit pedestrian,Not at  Junction,Straight and flat,Residential Street,Bitumen(Tar),Dry,Not Applicable,Clear,BASAVESHWARANAGAR,1ST MAINROAD,0.5M,0.12988609,0.77534011
Bengaluru City,Vijayanagar Traffic PS,1.04432e+16,2020,1,2,Road Accidents,Narrow road,City/Town,Residential area,Human Error,Yes,Damage Only,Vehicle to Vehicle,Not at  Junction,Straight and flat,Residential Street,Bitumen(Tar),Dry,Not Applicable,Clear,PATTEGARAPALYA MAINROAD,NEAR SHIVA TEMPLE,0.5M,0.0,0.0
Bengaluru City,Vijayanagar Traffic PS,1.04432e+16,2020,1,2,Road Accidents,Narrow road,City/Town,Open area,Human Error,Yes,Simple Injury,Vehicle to Vehicle,Controlled,Not Applicable,Two way,Bitumen(Tar),Dry,Not Applicable,Clear,WEST OF COUDR ROAD,DHOBHIGAT JUNCTION,0.5M,0.0,0.0
Bengaluru City,Vijayanagar Traffic PS,1.04432e+16,2020,1,2,Road Accidents,Narrow road,City/Town,Residential area,Human Error,No,Simple Injury,Vehicle to Vehicle,Not at  Junction,Straight and flat,Residential Street,Bitumen(Tar),Dry,Not Applicable,Clear,VIJAYNAGAR,INFRONT OF VIJAYNAGAR CLUB,0.5M,0.12967959,0.77539884
Bengaluru City,Vijayanagar Traffic PS,1.04432e+16,2020,1,2,Road Accidents,Narrow road,City/Town,Residential area,Human Error,Yes,Simple Injury,Vehicle to Vehicle,Not at  Junction,Straight and flat,Residential Street,Bitumen(Tar),Dry,Not Applicable,Clear,INFRONT OF GANESH JEWELLERY 1ST MAIN ROAD,GANESH JEWELLERY,0.5M,0.12988111,0.77536403
Bengaluru City,Vijayanagar Traffic PS,1.04432e+16,2020,1,1,Road Accidents,Narrow road,City/Town,Residential area,Human Error,Yes,Fatal,Hit pedestrian,Not at  Junction,Straight and flat,Residential Street,Bitumen(Tar),Dry,Not Applicable,Clear,VINAYAKA LAYOUT 3RD STAGE 2ND MAINROAD,INFRONT OF VINAYKA PARK,0.5M,0.12965756,0.7752991
Bengaluru City,Vijayanagar Traffic PS,1.04432e+16,2020,1,2,Road Accidents,Cross roads,City/Town,Residential area,Human Error,Yes,Damage Only,Vehicle to Vehicle,Not at  Junction,Straight and flat,Residential Street,Bitumen(Tar),Dry,Not Applicable,Clear,BASAVESHWARANAGAR,INFRONT OF BANGALORE,0.5M,0.1299615,0.77543256
Bengaluru City,Vijayanagar Traffic PS,1.04432e+16,2020,1,2,Road Accidents,Narrow road,City/Town,Residential area,Human Error,No,Grievous Injury,Vehicle to Vehicle,Controlled,Straight and flat,Two way,Bitumen(Tar),Dry,Not Applicable,Clear,SIDDAIAH PURANIK ROAD,08TH MAIN BASAVESHWARANAGAR JUNCTION,0.5M,0.0,0.0
Bengaluru City,Vijayanagar Traffic PS,1.04432e+16,2020,1,1,Road Accidents,Narrow road,City/Town,Residential area,Human Error,No,Simple Injury,Hit pedestrian,Not at  Junction,Straight and flat,Two way,Bitumen(Tar),Dry,Not Applicable,Clear,VIJAYANAGAR,INFRONT OF MARUTHI MANDIR,0.5M,0.129676849,0.775361227
Bengaluru City,Vijayanagar Traffic PS,1.04432e+16,2020,1,1,Road Accidents,Narrow road,City/Town,Residential area,Human Error,Yes,Grievous Injury,Hit pedestrian,Not at  Junction,Straight and flat,Residential Street,Bitumen(Tar),Dry,Not Applicable,Clear,MANJUANTHANAGARA,INFRONT OF BALALJI PROVISION STORE,0.5M,0.12994039,0.77545726
Bengaluru City,Vijayanagar Traffic PS,1.04432e+16,2020,1,2,Road Accidents,Narrow road,City/Town,Near Bus stop,Human Error,Not Applicable,Simple Injury,Vehicle to Vehicle,Controlled,Straight and flat,Two way,Bitumen(Tar),Dry,Not Applicable,Clear,WOC RODA,5TH MAIN SIGNAL VIJAYANAGARA,1.5KM,0.129659837,0.775355457
Bengaluru City,Vijayanagar Traffic PS,1.04432e+16,2020,1,1,Road Accidents,Narrow road,City/Town,Residential area,Human Error,Yes,Simple Injury,Hit pedestrian,Not at  Junction,Straight and flat,Residential Street,Bitumen(Tar),Dry,Not Applicable,Clear,KURUBARAHALLI,KAVERINAGAR MAINROAD,0.5M,0.1299871,0.77527043
Bengaluru City,Vijayanagar Traffic PS,1.04432e+16,2020,1,2,Road Accidents,Narrow road,City/Town,Residential area,Human Error,No,Simple Injury,Vehicle to Vehicle,Not at  Junction,Straight and flat,Residential Street,Bitumen(Tar),Dry,Not Applicable,Clear,BASAVESHWARANAGAR,INFRONT OF POOJA JEWELLERS,0.5M,0.12992059,0.77535636
Bengaluru City,Vijayanagar Traffic PS,1.04432e+16,2020,1,2,Road Accidents,Narrow road,City/Town,Residential area,Human Error,No,Damage Only,Vehicle to Vehicle,Not at  Junction,Straight and flat,Residential Street,Bitumen(Tar),Dry,Not Applicable,Clear,VIJAYANAGAR,WATER TANK SIGNAL,0.5M,0.12972913,0.77538503
Bengaluru City,Vijayanagar Traffic PS,1.04432e+16,2020,1,2,Road Accidents,Cross roads,City/Town,Residential area,Human Error,No,Grievous Injury,Vehicle to Vehicle,Not at  Junction,Straight and flat,Residential Street,Bitumen(Tar),Dry,Not Applicable,Clear,VIJAYANAGAR,INFRONT OF BRAHMASRI JUICE AND CONDIMENTS,0.5M,0.129708708,0.775435819
Bengaluru City,Vijayanagar Traffic PS,1.04432e+16,2020,1,2,Road Accidents,Cross roads,City/Town,Residential area,Human Error,Yes,Grievous Injury,Vehicle to Vehicle,Not at  Junction,Straight and flat,Others,Bitumen(Tar),Dry,Not Applicable,Clear,INFRONT OF DODDAYYA MULITARY HOTEL M C LAYOUT,VEERESH THEATRE,0.5M,0.0,0.0
Bengaluru City,Vijayanagar Traffic PS,1.04432e+16,2020,1,1,Road Accidents,Narrow road,City/Town,Residential area,Human Error,Yes,Simple Injury,Hit pedestrian,Not at  Junction,Straight and flat,Residential Street,Bitumen(Tar),Dry,Not Applicable,Clear,INFRONT OF SBI BANK GOVINDARAJANAGAR,GOVINDARAJANAGAR,15FT,0.0,0.0
Bengaluru City,Vijayanagar Traffic PS,1.04432e+16,2020,1,2,Road Accidents,Narrow road,City/Town,Residential area,Human Error,No,Simple Injury,Vehicle to Vehicle,Not at  Junction,Straight and flat,Others,Bitumen(Tar),Dry,Not Applicable,Clear,INFRONT OF DAVANGERE BENNE DOSE HOTEL,1ST MAINROAD BASAVESHWARANAGAR,0.5M,0.12984955,0.77546002
Bengaluru City,Vijayanagar Traffic PS,1.04432e+16,2020,1,2,Road Accidents,Narrow road,City/Town,Residential area,Human Error,No,Grievous Injury,Vehicle to Vehicle,Not at  Junction,Straight and flat,Two way,Bitumen(Tar),Dry,Not Applicable,Clear,MAGADI MAINROAD,INFRONT OR SHANKAR TIMBER DEPOT SHOP,0.5M,0.1298159,0.7753426
Bengaluru City,Vijayanagar Traffic PS,1.04432e+16,2020,1,3,Road Accidents,Narrow road,City/Town,Open area,Human Error,No,Simple Injury,Vehicle to Vehicle,Not at  Junction,Straight and flat,Others,Concrete,Dry,Not Applicable,Clear,WEST CHORD ROAD VIJYANAGAR,M C CIRCLE UNDERPASS,0.5M,0.12974884,0.77548416
Bengaluru City,Vijayanagar Traffic PS,1.04432e+16,2020,1,2,Road Accidents,Narrow road,City/Town,Residential area,Human Error,Yes,Simple Injury,Vehicle to Vehicle,Not at  Junction,Straight and flat,Residential Street,Bitumen(Tar),Dry,Not Applicable,Clear,KURUBARAHALLI,INFRONT OF CORPORATOR NAGARAJ HOUSE,0.5M,0.0,0.0
Bengaluru City,Vijayanagar Traffic PS,1.04432e+16,2020,1,1,Road Accidents,Narrow road,City/Town,Residential area,Human Error,Yes,Fatal,Hit pedestrian,Not at  Junction,Straight and flat,Residential Street,Bitumen(Tar),Dry,Not Applicable,Clear,KAMALANAGAR MARKET ROAD,INFRONT OF ANNAPURNESHWARI HOTEL,0.5M,0.0,0.0
Bengaluru City,Vijayanagar Traffic PS,1.04432e+16,2020,1,2,Road Accidents,Junction,City/Town,Open area,Human Error,No,Grievous Injury,Vehicle to Vehicle,Controlled,Straight and flat,Two way,Bitumen(Tar),Dry,Not Applicable,Clear,MAGADI MAINROAD,M C CIRCLE SIGNAL,0.5M,0.0,0.0
Bengaluru City,Vijayanagar Traffic PS,1.04432e+16,2020,1,1,Road Accidents,Junction,City/Town,Residential area,Human Error,No,Grievous Injury,Hit pedestrian,Uncontrolled,Straight and flat,Residential Street,Bitumen(Tar),Dry,Not Applicable,Clear,VIJAYANGAR PIPELINE ROAD,9TH CROSS RPC LAYOUT JUNCTION,0.5M,0.12960423,0.77540874
Bengaluru City,Vijayanagar Traffic PS,1.04432e+16,2020,1,1,Road Accidents,Narrow road,City/Town,Open area,Human Error,No,Simple Injury,Hit pedestrian,Controlled,Straight and flat,Service Road,Bitumen(Tar),Dry,Not Applicable,Clear,MAGADI MAINROAD,MC CIRCLE SIGNAL,0.5M,0.12974837,0.77548542
Bengaluru City,Vijayanagar Traffic PS,1.04432e+16,2020,1,2,Road Accidents,Narrow road,City/Town,Residential area,Human Error,No,Fatal,Vehicle to Vehicle,Not at  Junction,Incline,Residential Street,Bitumen(Tar),Dry,Not Applicable,Clear,KAMALANAGAR,INFRONT OF GOWTHAM SCHOOL,0.5M,0.12995893,0.77531222
Bengaluru City,Vijayanagar Traffic PS,1.04432e+16,2020,1,2,Road Accidents,Junction,City/Town,Residential area,Human Error,No,Simple Injury,Vehicle to Vehicle,Uncontrolled,Straight and flat,Residential Street,Bitumen(Tar),Dry,Not Applicable,Clear,VIJAYNAGAR,VIJAYANGARA 13TH MAINROAD AND 6TH CROSS JUNCTION,0.5M,0.1297043,0.77538272
Bengaluru City,Vijayanagar Traffic PS,1.04432e+16,2020,1,2,Road Accidents,Narrow road,City/Town,Residential area,Human Error,No,Simple Injury,Vehicle to Vehicle,Not at  Junction,Straight and flat,Residential Street,Bitumen(Tar),Dry,Not Applicable,Clear,GOVINDAARAJANAGAR NAGARBHAVI MAINROAD,INFRONT OF LIBERTY SHOWROOM NEAR SHOBHA HOSPITAL,0.5M,0.12975318,0.7753109
Bengaluru City,Vijayanagar Traffic PS,1.04432e+16,2020,1,2,Road Accidents,Junction,City/Town,Residential area,Human Error,No,Grievous Injury,Vehicle to Vehicle,Uncontrolled,Straight and flat,Residential Street,Bitumen(Tar),Dry,Not Applicable,Clear,"M C LAYOUT, VIJAYANAGAR",05TH MAINROAD AND 13TH CROSS JUNCTION,0.5M,0.1297558,0.77540151
Bengaluru City,Vijayanagar Traffic PS,1.04432e+16,2020,1,1,Road Accidents,Narrow road,City/Town,Residential area,Human Error,No,Fatal,Hit pedestrian,Not at  Junction,Straight and flat,Two way,Bitumen(Tar),Dry,Not Applicable,Clear,VIJAYANAGAR,NEAR VIJAYANAGAR METRO STAION,0.5M,0.12970765,0.775372791
Bengaluru City,Vijayanagar Traffic PS,1.04432e+16,2020,1,1,Road Accidents,Narrow road,City/Town,Residential area,Human Error,No,Grievous Injury,Hit pedestrian,Not at  Junction,Straight and flat,Residential Street,Bitumen(Tar),Dry,Not Applicable,Clear,KURUBARAHALLI BUS STAND ROAD,NEAR SAPTHAGIRI SCHOOL,0.5M,0.13005259,0.77534896
Bengaluru City,Vijayanagar Traffic PS,1.04432e+16,2020,1,2,Road Accidents,Narrow road,City/Town,Residential area,Human Error,No,Simple Injury,Vehicle to Vehicle,Not at  Junction,Straight and flat,Residential Street,Bitumen(Tar),Dry,Not Applicable,Clear,BASAVESHWARANAGAR,INFRONT OF HOUSE NO 31,0.5M,0.12987426,0.77539345
Bengaluru City,Vijayanagar Traffic PS,1.04432e+16,2020,1,2,Road Accidents,Junction,City/Town,Open area,Human Error,No,Grievous Injury,Vehicle to Vehicle,Controlled,Straight and flat,Two way,Bitumen(Tar),Ditch or Potholed,Not Applicable,Clear,MAGADI MAINROAD,M C CIRCLE SIGNAL,0.5M,0.129749087,0.775484176
Bengaluru City,Vijayanagar Traffic PS,1.04432e+16,2020,1,1,Road Accidents,Narrow road,City/Town,Residential area,Human Error,Yes,Grievous Injury,Hit pedestrian,Not at  Junction,Straight and flat,Service Road,Bitumen(Tar),Dry,Not Applicable,Clear,MAGADI MAINROAD,INFRONT OF PRAKRUTHI PARADISE,0.5M,0.12981303,0.77534963
Bengaluru City,Vijayanagar Traffic PS,1.04432e+16,2020,1,1,Road Accidents,Cross roads,City/Town,Residential area,Human Error,No,Grievous Injury,Hit pedestrian,Not at  Junction,Straight and flat,Residential Street,Bitumen(Tar),Dry,Not Applicable,Clear,M C LAYOUT VIJAYNAGAR,INFRONT OF HOUSE NO 898  3RD CROSS,0.5M,0.12972487,0.77544197
Bengaluru City,Vijayanagar Traffic PS,1.04432e+16,2020,1,2,Road Accidents,Cross roads,City/Town,Residential area,Human Error,No,Grievous Injury,Vehicle to Vehicle,Not at  Junction,Straight and flat,Residential Street,Bitumen(Tar),Dry,Not Applicable,Clear,HAMPINAGAR VIJAYANAGAR,INFRONT OF CORPORATION BANK,0.5M,0.12963104,0.77540782
Bengaluru City,Vijayanagar Traffic PS,1.04432e+16,2020,1,1,Road Accidents,Narrow road,City/Town,Residential area,Human Error,Yes,Simple Injury,Hit pedestrian,Not at  Junction,Straight and flat,Service Road,Bitumen(Tar),Dry,Not Applicable,Clear,WEST OF CHORD OF SERVICE ROAD,INFRONT OF MANDOVI SHOWROOM,0.5M,0.0,0.0
Bengaluru City,Vijayanagar Traffic PS,1.04432e+16,2020,1,2,Road Accidents,Junction,City/Town,Residential area,Human Error,No,Grievous Injury,Vehicle to Vehicle,Uncontrolled,Straight and flat,Residential Street,Bitumen(Tar),Dry,Not Applicable,Clear,VIJAYNAGAR,1ST MAIN AND 8TH MAIN SARASWATHINAGAR JUNCTION,0.5M,0.12971034,0.7753039
Bengaluru City,Vijayanagar Traffic PS,1.04432e+16,2020,1,2,Road Accidents,Junction,City/Town,Near Bus stop,Human Error,No,Grievous Injury,Vehicle to Vehicle,Signal lights Automatic,Straight and flat,Two way,Bitumen(Tar),Dry,Not Applicable,Clear,VIJAYANAGAR,VIJAYANAGAR BUS STAND SIGNAL,0.5,0.12972913,0.77538503
Bengaluru City,Vijayanagar Traffic PS,1.04432e+16,2020,1,2,Road Accidents,Junction,City/Town,Residential area,Human Error,No,Grievous Injury,Vehicle to Vehicle,Uncontrolled,Straight and flat,Residential Street,Bitumen(Tar),Dry,Not Applicable,Clear,VIJAYANAGAR,KUVEMPU CIRCLE PIPELINE ROAD,0.5M,0.12967534,0.77545042
Bengaluru City,Vijayanagar Traffic PS,1.04432e+16,2020,1,2,Road Accidents,Junction,City/Town,Open area,Human Error,Yes,Simple Injury,Vehicle to Vehicle,Controlled,Straight and flat,Two way,Bitumen(Tar),Dry,Not Applicable,Clear,MAGADI MAINROAD,M C CIRCLE SIGNAL,0.5M,0.12975109,0.775484
Bengaluru City,Vijayanagar Traffic PS,1.04432e+16,2020,1,2,Road Accidents,Narrow road,City/Town,Residential area,Human Error,Yes,Damage Only,Vehicle to Vehicle,Not at  Junction,Straight and flat,Residential Street,Bitumen(Tar),Dry,Not Applicable,Clear,BASAVESHWARANAGAR,SANEGORVANAHALLI MAIN ROAD BUS STAND,0.5M,0.0,0.0