DISTRICTNAME,UNITNAME,Crime_No,Year,RI,Noofvehicle_involved,Accident_Classification,Accident_Spot,Accident_Location,Accident_SubLocation,Main_Cause,Hit_Run,Severity,Collision_Type,Junction_Control,Road_Character,Road_Type,Surface_Type,Surface_Condition,Road_Condition,Weather,Accident_Road,Landmark_first,Distance_LandMark_First,Latitude,Longitude
Bengaluru City,Vijayanagar Traffic PS,1.04432e+16,2020,1,1,Road Accidents,Narrow road,City/Town,Residential area,Human Error,No,Simple Injury,Hit pedestrian,Not at  Junction,Straight and flat,Residential Street,Bitumen(Tar),Dry,Not Applicable,Clear,KAMALANAGARA,ASHOKA NURSING HOME ADJACENT ROAD,0.5M,0.12994761,0.77535404
Bengaluru City,Vijayanagar Traffic PS,1.04432e+16,2020,1,4,Road Accidents,Junction,City/Town,Open area,Human Error,No,Damage Only,Vehicle to Vehicle,Controlled,Straight and flat,Two way,Bitumen(Tar),Dry,Not Applicable,Clear,WEST CHORD ROAD,DHOBIGHAT SIGNAL,0.5M,0.12987825,0.77549811
Bengaluru City,Vijayanagar Traffic PS,1.04432e+16,2020,1,2,Road Accidents,Narrow road,City/Town,Residential area,Human Error,No,Damage Only,Vehicle to Vehicle,Not at  Junction,Straight and flat,Residential Street,Bitumen(Tar),Dry,Not Applicable,Clear,VIJAYNAGAR 1ST MAINROAD,INFRONT OF BALAJI SUPER MARKET,0.5M,0.0,0.0
Bengaluru City,Vijayanagar Traffic PS,1.04432e+16,2020,1,3,Road Accidents,Narrow road,City/Town,Residential area,Human Error,No,Damage Only,Vehicle to Vehicle,Not at  Junction,Straight and flat,Residential Street,Bitumen(Tar),Dry,Not Applicable,Clear,"SANJEEVININAGR, MOODALAPALYA",SAINT XAVIER SCHOOL BESIDE ROAD,0.5M,0.12972133,0.77522222
Bengaluru City,Vijayanagar Traffic PS,1.04432e+16,2020,1,2,Road Accidents,Cross roads,City/Town,Residential area,Human Error,Yes,Damage Only,Vehicle to Vehicle,Not at  Junction,Straight and flat,Residential Street,Bitumen(Tar),Dry,Not Applicable,Clear,BASAVESHWARANAGAR,8TH MAINROAD BASAVESHWARANAGAR,0.5M,0.12991311,0.77539969
Bengaluru City,Vijayanagar Traffic PS,1.04432e+16,2020,1,2,Road Accidents,Narrow road,City/Town,Residential area,Human Error,Yes,Damage Only,Vehicle to Vehicle,Not at  Junction,Straight and flat,Residential Street,Bitumen(Tar),Dry,Not Applicable,Clear,RPC LAYOUT VIJAYANAGAR,OPP HOUSE NO 2486 7TH A MAINROAD,0.5M,0.12960855,0.77539914
Bengaluru City,Vijayanagar Traffic PS,1.04432e+16,2020,1,2,Road Accidents,Narrow road,City/Town,Open area,Human Error,Not Applicable,Fatal,Vehicle to Vehicle,Controlled,Straight and flat,Two way,Bitumen(Tar),Dry,Not Applicable,Clear,WEST OF COURD ROAD,DHOBIGHOT SIGNAL IN FORNT OF HK RESIDENCE,0.5M,0.0,0.0
Bengaluru City,Vijayanagar Traffic PS,1.04432e+16,2020,1,1,Road Accidents,Narrow road,City/Town,Residential area,Human Error,Yes,Grievous Injury,Hit pedestrian,Not Applicable,Straight and flat,Service Road,Bitumen(Tar),Dry,Not Applicable,Clear,INFRONT SAMSUNG SHOWROOM WEST OF CHORD ROAD MARENAHALLI,INDRAPRASTHA HOTEL,10FT,0.12968889,0.77536462
Bengaluru City,Vijayanagar Traffic PS,1.04432e+16,2020,1,2,Road Accidents,Narrow road,City/Town,Open area,Human Error,No,Grievous Injury,Vehicle to Vehicle,Uncontrolled,Straight and flat,Others,Bitumen(Tar),Dry,Not Applicable,Clear,PIPELINE ROAD VIJAYNAGAR,INFRONT OF SOFSET SHOP,0.5M,0.12966377,0.77544487
Bengaluru City,Vijayanagar Traffic PS,1.04432e+16,2020,1,2,Road Accidents,Narrow road,City/Town,Residential area,Human Error,Yes,Simple Injury,Vehicle to Vehicle,Not at  Junction,Straight and flat,Residential Street,Bitumen(Tar),Dry,Not Applicable,Clear,PATTEGARAPLYA,INFONT OF CRYSTAL CAR GARRAGE,0.5M,0.12977024,0.77520252
Bengaluru City,Vijayanagar Traffic PS,1.04432e+16,2020,1,2,Road Accidents,Narrow road,City/Town,Near Hospital,Human Error,Yes,Simple Injury,Vehicle to Vehicle,Not at  Junction,Straight and flat,Two way,Bitumen(Tar),Dry,Not Applicable,Clear,MAGADI MAINROAD,INFRONT OF PADMVATHI HOSPITAL,0.5,0.12982051,0.7753269
Bengaluru City,Vijayanagar Traffic PS,1.04432e+16,2020,1,3,Road Accidents,Junction,City/Town,Residential area,Human Error,No,Damage Only,Vehicle to Vehicle,Controlled,Straight and flat,Two way,Bitumen(Tar),Dry,Not Applicable,Clear,BASAVESHWARANAGAR,INFRONT OF RAMRAJ COTTON SHOP,0.5M,0.1299737,0.77546296
Bengaluru City,Vijayanagar Traffic PS,1.04432e+16,2020,1,2,Road Accidents,Narrow road,City/Town,Open area,Human Error,Not Applicable,Grievous Injury,Vehicle to Vehicle,Not at  Junction,Others,One way,Bitumen(Tar),Dry,Not Applicable,Clear,WEST OF CHORD ROAD,MANDOVI MOTERS SHOWROOM,2.5 KM,0.0,0.0
Bengaluru City,Vijayanagar Traffic PS,1.04432e+16,2020,1,4,Road Accidents,Narrow road,City/Town,Open area,Human Error,Yes,Simple Injury,Vehicle to Vehicle,Controlled,Straight and flat,Two way,Bitumen(Tar),Dry,Not Applicable,Clear,WOC ROAD BASAVESHWARANAGAR,DHOBIGHAT SIGNAL,0.5M,0.12988161,0.77550106
Bengaluru City,Vijayanagar Traffic PS,1.04432e+16,2020,1,1,Road Accidents,Narrow road,City/Town,Residential area,Human Error,Yes,Grievous Injury,Hit pedestrian,Not at  Junction,Straight and flat,Service Road,Bitumen(Tar),Dry,Not Applicable,Clear,WEST OF CHORD ROAD,INFRONT OF NANDHANA HOTEL SERVICE ROAD,0.5M,0.12989049,0.7755034
Bengaluru City,Vijayanagar Traffic PS,1.04432e+16,2020,1,2,Road Accidents,Narrow road,City/Town,Residential area,Human Error,No,Grievous Injury,Vehicle to Vehicle,Not at  Junction,Straight and flat,Residential Street,Bitumen(Tar),Dry,Not Applicable,Clear,KAMAKSHIPALYA,INFRONT OF SAINT PAUL SCHOOL BDA LAYOUT,0.5M,0.12977587,0.77526099
Bengaluru City,Vijayanagar Traffic PS,1.04432e+16,2020,1,2,Road Accidents,Junction,City/Town,Residential area,Human Error,No,Grievous Injury,Vehicle to Vehicle,Uncontrolled,Straight and flat,Residential Street,Bitumen(Tar),Dry,Not Applicable,Clear,VIJAYNAGAR,3RD CROSS AND 1ST MAINROAD JUNCTION,0.5M,0.12973119,0.775444
Bengaluru City,Vijayanagar Traffic PS,1.04432e+16,2020,1,2,Road Accidents,Junction,City/Town,Residential area,Human Error,No,Grievous Injury,Vehicle to Vehicle,Uncontrolled,Straight and flat,Residential Street,Bitumen(Tar),Dry,Not Applicable,Clear,VIJAYANAGAR,INFRONT OF BGS GROUND JUNCTION,0.5M,0.1297467,0.77542094
Bengaluru City,Vijayanagar Traffic PS,1.04432e+16,2020,1,1,Road Accidents,Junction,City/Town,Residential area,Human Error,No,Grievous Injury,Not Applicable,Uncontrolled,Straight and flat,Residential Street,Bitumen(Tar),Dry,Not Applicable,Clear,PIPELINE ROAD VIJAYANAGAR,RAMESH BABU CIRCLE,0.5M,0.12964353,0.77543391
Bengaluru City,Vijayanagar Traffic PS,1.04432e+16,2020,1,2,Road Accidents,Narrow road,City/Town,Residential area,Human Error,Yes,Damage Only,Vehicle to Vehicle,Not at  Junction,Straight and flat,Residential Street,Bitumen(Tar),Dry,Not Applicable,Clear,BASAVESHWARANAGAR,INFRONT OF GANGAMMATHIMMAIAH CHOULTRY,0.5M,0.1298525,0.77543761
Bengaluru City,Vijayanagar Traffic PS,1.04432e+16,2020,1,2,Road Accidents,Narrow road,City/Town,Residential area,Human Error,Yes,Simple Injury,Vehicle to Vehicle,Not at  Junction,Straight and flat,Residential Street,Bitumen(Tar),Dry,Not Applicable,Clear,PATTEGARAPALYA MAINROAD,INFRONT OF NANDINI MILKPARLOUR,0.5M,0.1297661,0.77522531
Bengaluru City,Vijayanagar Traffic PS,1.04432e+16,2020,1,1,Road Accidents,Narrow road,City/Town,Near a recreation place/cinema,Human Error,No,Simple Injury,Hit pedestrian,Not at  Junction,Straight and flat,Two way,Bitumen(Tar),Dry,Not Applicable,Clear,MAGADI MAINROAD,NEAR VEERESH THEATRE,0.5M,0.0,0.0
Bengaluru City,Vijayanagar Traffic PS,1.04432e+16,2021,1,1,Road Accidents,Narrow road,City/Town,Residential area,Human Error,Yes,Grievous Injury,Not Applicable,Not at  Junction,Straight and flat,Residential Street,Bitumen(Tar),Dry,Not Applicable,Clear,KURUBARAHALLI MAINROAD,NEAR KARTHIK BAR,0.5M,0.130020946,0.775406966
Bengaluru City,Vijayanagar Traffic PS,1.04432e+16,2021,1,2,Road Accidents,Junction,City/Town,Near Hospital,Human Error,Yes,Simple Injury,Vehicle to Vehicle,Uncontrolled,Straight and flat,Residential Street,Bitumen(Tar),Dry,Not Applicable,Clear,VIJAYANAGAR,INFRONT OF MARUTHI HOSPITAL,0.5M,0.12967613,0.77541388
Bengaluru City,Vijayanagar Traffic PS,1.04432e+16,2021,1,2,Road Accidents,Junction,City/Town,Near Hospital,Human Error,No,Damage Only,Vehicle to Vehicle,Uncontrolled,Straight and flat,Arterial,Concrete,Dry,Not Applicable,Clear,WEST OF CHORD ROAD VIJAYANAGAR,NEAR GAYATHRI HOSPITAL,0.5,0.12979349,0.77542159
Bengaluru City,Vijayanagar Traffic PS,1.04432e+16,2021,1,2,Road Accidents,Junction,City/Town,Residential area,Human Error,No,Simple Injury,Vehicle to Vehicle,Not at  Junction,Straight and flat,Residential Street,Bitumen(Tar),Dry,Not Applicable,Clear,MANJUNATHANAGAR,5TH MAINROAD AND 5TH CROSS JUNCTION,0.5M,0.1298589,0.77547174
Bengaluru City,Vijayanagar Traffic PS,1.04432e+16,2021,1,1,Road Accidents,Cross roads,City/Town,Residential area,Human Error,No,Damage Only,Not Applicable,Not at  Junction,Straight and flat,Residential Street,Bitumen(Tar),Dry,Not Applicable,Clear,VIJAYANAGAR,09TH MAIN ROAD,0.5M,0.12970646,0.77542198
Bengaluru City,Vijayanagar Traffic PS,1.04432e+16,2021,1,2,Road Accidents,Narrow road,City/Town,Residential area,Human Error,No,Grievous Injury,Vehicle to Vehicle,Not at  Junction,Straight and flat,Residential Street,Bitumen(Tar),Dry,Not Applicable,Clear,RPC LAYOUT PIPELINE ROAD,INFRONT OF VENKATESHWARA TEMPLE,0.5M,0.1296035,0.77540791
Bengaluru City,Vijayanagar Traffic PS,1.04432e+16,2021,1,1,Road Accidents,Junction,City/Town,Near School or College,Human Error,No,Simple Injury,Hit pedestrian,Uncontrolled,Straight and flat,Two way,Bitumen(Tar),Dry,Not Applicable,Clear,WEST OF CHORD ROAD VIJAYANAGAR,OPP BHARTHIYA SAMSKRUTHI VIDYAPEETA,0.5M,0.0,0.0
Bengaluru City,Vijayanagar Traffic PS,1.04432e+16,2021,1,2,Road Accidents,Cross roads,City/Town,Residential area,Human Error,No,Damage Only,Vehicle to Vehicle,Not at  Junction,Others,Residential Street,Bitumen(Tar),Dry,Not Applicable,Clear,SUBBANA GARDEN,NO 21 2ND CROSS,0.5M,0.129644539,0.775320179
Bengaluru City,Vijayanagar Traffic PS,1.04432e+16,2021,1,3,Road Accidents,Cross roads,City/Town,Residential area,Human Error,No,Damage Only,Vehicle to Vehicle,Not at  Junction,Straight and flat,Residential Street,Bitumen(Tar),Dry,Not Applicable,Clear,BASAVESHWARANAGAR,INFRONT OF MUKESH MEDICALS,0.5M,0.12991698,0.77537607
Bengaluru City,Vijayanagar Traffic PS,1.04432e+16,2021,1,2,Road Accidents,Narrow road,City/Town,Residential area,Human Error,No,Grievous Injury,Vehicle to Vehicle,Not at  Junction,Straight and flat,Residential Street,Bitumen(Tar),Dry,Not Applicable,Clear,NAGARBHAVI MAINROAD,NEAR TRUPTHI HOTEL,0.5M,0.12970551,0.77526416
Bengaluru City,Vijayanagar Traffic PS,1.04432e+16,2021,1,1,Road Accidents,Junction,City/Town,Open area,Human Error,Yes,Grievous Injury,Hit pedestrian,Controlled,Straight and flat,Two way,Bitumen(Tar),Dry,Not Applicable,Clear,WEST OF CHORD ROAD,05TH MAINROAD RPC LAYOUT JUNCTION,0.5M,0.12965977,0.77535325
Bengaluru City,Vijayanagar Traffic PS,1.04432e+16,2021,1,1,Road Accidents,Cross roads,City/Town,Residential area,Human Error,No,Grievous Injury,Not Applicable,Not at  Junction,Straight and flat,Residential Street,Bitumen(Tar),Dry,Not Applicable,Clear,BASAVESHWARANAGAR,KASTHURINIVASA ROAD,0.5M,0.129991433,0.77540087
Bengaluru City,Vijayanagar Traffic PS,1.04432e+16,2021,1,2,Road Accidents,Junction,City/Town,Residential area,Human Error,Yes,Simple Injury,Vehicle to Vehicle,Uncontrolled,Straight and flat,Residential Street,Bitumen(Tar),Dry,Not Applicable,Clear,VIJAYANAGAR,3RD CROSS AND 6TH MAINROAD JUNCTION,0.5M,0.12971246,0.77543744
Bengaluru City,Vijayanagar Traffic PS,1.04432e+16,2021,1,2,Road Accidents,Narrow road,City/Town,Open area,Human Error,No,Grievous Injury,Vehicle to Vehicle,Not at  Junction,Straight and flat,Service Road,Bitumen(Tar),Dry,Not Applicable,Clear,WEST OF CHORD ROAD SERVICE ROAD,NEAR AYODHYA HOTEL,0.5M,0.12965515,0.77534711
Bengaluru City,Vijayanagar Traffic PS,1.04432e+16,2021,1,1,Road Accidents,Cross roads,City/Town,Residential area,Human Error,Yes,Simple Injury,Hit pedestrian,Not at  Junction,Straight and flat,Residential Street,Bitumen(Tar),Dry,Not Applicable,Clear,PATTEGARAPALYA,OPPSARSWTHIPROVISION STORE,0.5M,0.12976362,0.77527727
Bengaluru City,Vijayanagar Traffic PS,1.04432e+16,2021,1,2,Road Accidents,Junction,City/Town,Open area,Human Error,No,Simple Injury,Vehicle to Vehicle,Uncontrolled,Straight and flat,Two way,Bitumen(Tar),Dry,Not Applicable,Clear,VIJAYANAGAR WEST OF CHORD ROAD,SUBBANNA GARDEN JUNTION,0.5M,0.12964467,0.77534578
Bengaluru City,Vijayanagar Traffic PS,1.04432e+16,2021,1,3,Road Accidents,Junction,City/Town,Open area,Human Error,No,Damage Only,Vehicle to Vehicle,Controlled,Straight and flat,Two way,Bitumen(Tar),Dry,Not Applicable,Clear,VIJAYANAGAR,WATER TANK SIGNAL,0.5M,0.129730014,0.7753853
Bengaluru City,Vijayanagar Traffic PS,1.04432e+16,2021,1,1,Road Accidents,Narrow road,City/Town,Open area,Human Error,No,Grievous Injury,Hit pedestrian,Not at  Junction,Straight and flat,Two way,Bitumen(Tar),Dry,Not Applicable,Clear,MAGADI MAIN ROAD,INFRONT OF MRP WINES,0.5,0.12980133,0.77537766
Bengaluru City,Vijayanagar Traffic PS,1.04432e+16,2021,1,1,Road Accidents,Road hump or Rumble strips,City/Town,Near Petrol Pump,Human Error,No,Fatal,Not Applicable,Not at  Junction,Hump,Service Road,Bitumen(Tar),Dry,Not Applicable,Clear,MAGADI MAINROAD,KHB BRIDGE SERVICE ROAD,0.5M,0.12980503,0.77537475
Bengaluru City,Vijayanagar Traffic PS,1.04432e+16,2021,1,2,Road Accidents,Narrow road,City/Town,Residential area,Human Error,Yes,Simple Injury,Vehicle to Vehicle,Not at  Junction,Straight and flat,Residential Street,Bitumen(Tar),Dry,Not Applicable,Clear,GOVINDARAJANAGARA,1ST MAIN GOVINDARAJANAGAR,0.5M,0.12979498,0.77539213
Bengaluru City,Vijayanagar Traffic PS,1.04432e+16,2021,1,2,Road Accidents,Junction,City/Town,Residential area,Human Error,Yes,Simple Injury,Vehicle to Vehicle,Uncontrolled,Straight and flat,Residential Street,Bitumen(Tar),Dry,Not Applicable,Clear,6TH MAIN AND 1ST A CROSS JUNCTION,BASAVESHWARANAGAR,0.5M,0.12989774,0.77537307
Bengaluru City,Vijayanagar Traffic PS,1.04432e+16,2021,1,2,Road Accidents,Junction,City/Town,Residential area,Human Error,No,Simple Injury,Vehicle to Vehicle,Uncontrolled,Straight and flat,Residential Street,Bitumen(Tar),Dry,Not Applicable,Clear,VIJAYANAGAR,GKW LAYOUT BUS STOP,0.5M,0.12968223,0.77528664
Bengaluru City,Vijayanagar Traffic PS,1.04432e+16,2021,1,2,Road Accidents,Narrow road,City/Town,Residential area,Human Error,Yes,Simple Injury,Vehicle to Vehicle,Not at  Junction,Straight and flat,Residential Street,Bitumen(Tar),Dry,Not Applicable,Clear,PIPE LINE ROAD RPC LAYOUT,SWIMMING POOL BACK SIDE,0.5M,0.0,0.0
Bengaluru City,Vijayanagar Traffic PS,1.04432e+16,2021,1,2,Road Accidents,Narrow road,City/Town,Residential area,Human Error,Yes,Simple Injury,Vehicle to Vehicle,Not at  Junction,Straight and flat,Residential Street,Bitumen(Tar),Dry,Not Applicable,Clear,BASAVESHWARANAGAR,NEAR HDFC BANK THIMMAIAH ROAD,25M,0.12988213,0.77548973
Bengaluru City,Vijayanagar Traffic PS,1.04432e+16,2021,1,2,Road Accidents,Narrow road,City/Town,Open area,Human Error,No,Damage Only,Vehicle to Vehicle,Not at  Junction,Straight and flat,Two way,Bitumen(Tar),Dry,Not Applicable,Clear,MAGADI MAINROAD,INFRONT OF RAHEJA APARTMENT,0.5M,0.0,0.0
Bengaluru City,Vijayanagar Traffic PS,1.04432e+16,2021,1,2,Road Accidents,Junction,City/Town,Residential area,Human Error,No,Grievous Injury,Vehicle to Vehicle,Uncontrolled,Straight and flat,Residential Street,Bitumen(Tar),Dry,Not Applicable,Clear,BASAVESHWARANAGAR,6TH MAINROAD JUNCTION,0.5M,0.12989691,0.7753785
Bengaluru City,Vijayanagar Traffic PS,1.04432e+16,2021,1,2,Road Accidents,Junction,City/Town,Open area,Human Error,No,Damage Only,Vehicle to Vehicle,Uncontrolled,Straight and flat,Others,Bitumen(Tar),Dry,Not Applicable,Clear,MAGADI MAINROAD,KHB BRIDGE,0.5M,0.0,0.0
Bengaluru City,Vijayanagar Traffic PS,1.04432e+16,2021,1,1,Road Accidents,Narrow road,City/Town,Near office complex,Human Error,No,Grievous Injury,Hit pedestrian,Not at  Junction,Straight and flat,Two way,Bitumen(Tar),Dry,Not Applicable,Clear,MODI HOSPITAL ROAD,INFRONT I WEAR CLOTH SHOP,0.5M,0.12997473,0.77546215
Bengaluru City,Vijayanagar Traffic PS,1.04432e+16,2021,1,2,Road Accidents,Junction,City/Town,Open area,Human Error,Yes,Grievous Injury,Vehicle to Vehicle,Controlled,Straight and flat,Two way,Bitumen(Tar),Dry,Not Applicable,Clear,VIJAYANAGAR,VIJAYANAGARA WATER TANK SIGNAL,0.2 KM,0.129729537,0.775385417
Bengaluru City,Vijayanagar Traffic PS,1.04432e+16,2021,1,1,Road Accidents,Narrow road,City/Town,Near office complex,Human Error,No,Grievous Injury,Hit pedestrian,Not at  Junction,Straight and flat,Residential Street,Bitumen(Tar),Dry,Not Applicable,Clear,MAGADI  MAIN ROAD,INFRONT OF RANGASWAMY COMPLEX,0.5M,0.129789907,0.775405366
Bengaluru City,Vijayanagar Traffic PS,1.04432e+16,2021,1,1,Road Accidents,Junction,City/Town,Residential area,Human Error,Yes,Simple Injury,Hit pedestrian,Uncontrolled,Straight and flat,Residential Street,Bitumen(Tar),Dry,Not Applicable,Clear,NAGARBHAVI MAINROAD,INFRONT OF SURYA BAKERY,0.5M,0.12975665,0.77535533
Bengaluru City,Vijayanagar Traffic PS,1.04432e+16,2021,1,1,Road Accidents,Narrow road,City/Town,Near Bus stop,Human Error,Yes,Fatal,Hit pedestrian,Not at  Junction,Straight and flat,Residential Street,Bitumen(Tar),Dry,Not Applicable,Clear,BASVESHWARANAGAR,NEAR OLD BUS STOP 8TH MAINROAD,0.5M,0.12991592,0.7753835
Bengaluru City,Vijayanagar Traffic PS,1.04432e+16,2021,1,2,Road Accidents,Narrow road,City/Town,Residential area,Human Error,No,Simple Injury,Vehicle to Vehicle,Not at  Junction,Straight and flat,Residential Street,Bitumen(Tar),Dry,Not Applicable,Clear,NAGARBHAVI MAINROAD,INFRONT OF MADHU WINES,0.5M,0.12973633,0.77530305
Bengaluru City,Vijayanagar Traffic PS,1.04432e+16,2021,1,2,Road Accidents,Cross roads,City/Town,Residential area,Human Error,Yes,Damage Only,Vehicle to Vehicle,Not at  Junction,Straight and flat,Residential Street,Bitumen(Tar),Dry,Not Applicable,Clear,BASAVESHWARANAGAR,INFRONT OF NO 06 1ST CROSS 8THMAINROAD,0.5M,0.129931058,0.775332735
Bengaluru City,Vijayanagar Traffic PS,1.04432e+16,2021,1,1,Road Accidents,Junction,City/Town,Near Bus stop,Human Error,No,Fatal,Not Applicable,Controlled,Straight and flat,Two way,Concrete,Dry,Not Applicable,Clear,WEST OF CHORD ROAD VIJAYANAGAR,NEAR P & T SIGNAL JUNCTION BUS STOP,0.5M,0.12973817,0.77543999
Bengaluru City,Vijayanagar Traffic PS,1.04432e+16,2021,1,2,Road Accidents,Narrow road,City/Town,Open area,Human Error,No,Grievous Injury,Vehicle to Vehicle,Not at  Junction,Straight and flat,Residential Street,Bitumen(Tar),Dry,Not Applicable,Clear,BASAVESHWARANAGAR,INFRONT OF PLASET PRIDUCTS FACTORY,0.5M,0.12984861,0.77545988
Bengaluru City,Vijayanagar Traffic PS,1.04432e+16,2021,1,2,Road Accidents,Cross roads,City/Town,Residential area,Human Error,Yes,Simple Injury,Vehicle to Vehicle,Not at  Junction,Straight and flat,Sub Arterial,Bitumen(Tar),Dry,Not Applicable,Clear,CLUB ROAD VIJAYANAGAR,4TH CROSS VIJAYANAGAR,0.5M,0.12968149,0.77538801
Bengaluru City,Vijayanagar Traffic PS,1.04432e+16,2021,1,2,Road Accidents,Not Applicable,City/Town,Open area,Human Error,No,Simple Injury,Vehicle to Vehicle,Not at  Junction,Others,Two way,Bitumen(Tar),Dry,Not Applicable,Clear,1 ST MAIN ROAD BASAVESHWARANAGARA,INFORNT OF GANAGAMMA THIMMAIAH CHOULTRY,0.5m,0.12985244,0.7754378
Bengaluru City,Vijayanagar Traffic PS,1.04432e+16,2021,1,2,Road Accidents,Narrow road,City/Town,Open area,Human Error,No,Damage Only,Vehicle to Vehicle,Not at  Junction,Straight and flat,Residential Street,Bitumen(Tar),Dry,Not Applicable,Clear,CLUB ROAD VIJAYANAGAR,NEAR MCDONALD,0.5M,0.12968685,0.77537072
Bengaluru City,Vijayanagar Traffic PS,1.04432e+16,2021,1,2,Road Accidents,Narrow road,City/Town,Residential area,Human Error,No,Grievous Injury,Vehicle to Vehicle,Not at  Junction,Straight and flat,Residential Street,Bitumen(Tar),Dry,Not Applicable,Clear,"1ST MAINROAD,PRASHANTHANAGAR",INFRONT OF HOUSE NO 22,0.5M,0.12976477,0.77533287
Bengaluru City,Vijayanagar Traffic PS,1.04432e+16,2021,1,1,Road Accidents,Junction,City/Town,Open area,Human Error,Yes,Fatal,Hit pedestrian,Controlled,Straight and flat,Arterial,Concrete,Dry,Not Applicable,Clear,WEST OF CHORD ROAD,NEAR P T JUNCTION,0.5M,0.12974222,0.77544803
Bengaluru City,Vijayanagar Traffic PS,1.04432e+16,2021,1,2,Road Accidents,Cross roads,City/Town,Residential area,Human Error,No,Damage Only,Vehicle to Vehicle,Not at  Junction,Straight and flat,Residential Street,Bitumen(Tar),Dry,Not Applicable,Clear,PATTEGARAPALYA,1ST CROSS 1ST MAINROAD,0.5M,0.12976236,0.77526484
Bengaluru City,Vijayanagar Traffic PS,1.04432e+16,2021,1,2,Road Accidents,Junction,City/Town,Near Bus stop,Human Error,Yes,Simple Injury,Vehicle to Vehicle,Uncontrolled,Straight and flat,Two way,Bitumen(Tar),Dry,Not Applicable,Clear,VIJAYANAGAR,SUBBANNA GARDEN JUCNTION,0.5M,0.12964467,0.77534578
Bengaluru City,Vijayanagar Traffic PS,1.04432e+16,2021,1,1,Road Accidents,Narrow road,City/Town,Open area,Human Error,No,Damage Only,Not Applicable,Not at  Junction,Others,Service Road,Bitumen(Tar),Dry,Not Applicable,Clear,WEST OF CHORD ROAD,SHIVANAHALLI,0.5 M,0.12989794,0.77540434
Bengaluru City,Vijayanagar Traffic PS,1.04432e+16,2021,1,2,Road Accidents,Narrow road,City/Town,Near a religious place,Human Error,No,Simple Injury,Vehicle to Vehicle,Not at  Junction,Straight and flat,Service Road,Bitumen(Tar),Dry,Not Applicable,Clear,"WEST OF CHORD ROAD, SERVICE ROAD",INFRONT OF AC MUTTA,0.5M,0.12973928,0.7754602
Bengaluru City,Vijayanagar Traffic PS,1.04432e+16,2021,1,1,Road Accidents,Narrow road,City/Town,Near office complex,Human Error,No,Fatal,Hit pedestrian,Not at  Junction,Straight and flat,Service Road,Bitumen(Tar),Dry,Not Applicable,Clear,"SERVICE ROAD, WOC ROAD",INFRONT OF POORVIKA MOBILES,0.5M,0.129714828,0.775373304
Bengaluru City,Vijayanagar Traffic PS,1.04432e+16,2021,1,1,Road Accidents,Junction,City/Town,Residential area,Human Error,No,Grievous Injury,Hit pedestrian,Uncontrolled,Straight and flat,Residential Street,Bitumen(Tar),Dry,Not Applicable,Clear,PRASHANTHANAGAR,NEAR SANMAN HOTEL 1ST MAINROAD,0.5M,0.12981364,0.77534789
Bengaluru City,Vijayanagar Traffic PS,1.04432e+16,2021,1,1,Road Accidents,Junction,City/Town,Open area,Human Error,No,Grievous Injury,Not Applicable,Controlled,Straight and flat,Two way,Bitumen(Tar),Dry,Not Applicable,Clear,MAGADI MAINROAD,NEAR JAIMUNIRAO CIRCLE,0.5M,0.1297854,0.77542547
Bengaluru City,Vijayanagar Traffic PS,1.04432e+16,2021,1,2,Road Accidents,Junction,City/Town,Open area,Human Error,No,Damage Only,Vehicle to Vehicle,Uncontrolled,Straight and flat,Service Road,Bitumen(Tar),Dry,Not Applicable,Clear,WEST OF CHORD ROAD VIJAYANAGA,AC MUTT SAMUDHAYA BHAVAN OPP,0.5M,0.12973921,0.77546043
Bengaluru City,Vijayanagar Traffic PS,1.04432e+16,2021,1,2,Road Accidents,Junction,City/Town,Open area,Human Error,Yes,Fatal,Vehicle to Vehicle,Uncontrolled,Straight and flat,Two way,Bitumen(Tar),Dry,Not Applicable,Clear,WEST OF CHORD ROAD,SUBBANNA GARDEN JUNCTION,0.5M,0.12964467,0.77534578
Bengaluru City,Vijayanagar Traffic PS,1.04432e+16,2021,1,2,Road Accidents,Junction,City/Town,Residential area,Human Error,Yes,Simple Injury,Vehicle to Vehicle,Uncontrolled,Straight and flat,Residential Street,Bitumen(Tar),Dry,Not Applicable,Clear,KURUBARAHALLI,KURUBARAHALLI PIPELINE ROAD KARNATAKA LAYT JUNCTION,0.5M,0.130004723,0.775345556
Bengaluru City,Vijayanagar Traffic PS,1.04432e+16,2021,1,2,Road Accidents,Junction,City/Town,Open area,Human Error,No,Simple Injury,Vehicle to Vehicle,Controlled,Straight and flat,Service Road,Bitumen(Tar),Dry,Not Applicable,Clear,WEST OF CHORD ROAD SERVICE ROAD,P&T JUNCTION,0.5M,0.12973891,0.77544609
Bengaluru City,Vijayanagar Traffic PS,1.04432e+16,2021,1,2,Road Accidents,Junction,City/Town,Open area,Human Error,Yes,Simple Injury,Vehicle to Vehicle,Controlled,Straight and flat,Two way,Bitumen(Tar),Dry,Not Applicable,Clear,WEST OF CHORD ROAD VIJAYANAGAR,MARENAHALLI JUNCTION,25M,0.0,0.0
Bengaluru City,Vijayanagar Traffic PS,1.04432e+16,2021,1,2,Road Accidents,Narrow road,City/Town,Residential area,Human Error,Yes,Simple Injury,Vehicle to Vehicle,Not at  Junction,Straight and flat,Residential Street,Bitumen(Tar),Dry,Not Applicable,Clear,VIJAYANAGAR,INFRONT OF MAHALAKSHMI SWEETS,0.5M,0.12967197,0.77542723
Bengaluru City,Vijayanagar Traffic PS,1.04432e+16,2021,1,1,Road Accidents,Cross roads,City/Town,Residential area,Human Error,Yes,Simple Injury,Hit pedestrian,Not at  Junction,Straight and flat,Residential Street,Bitumen(Tar),Dry,Not Applicable,Clear,VIJAYANAGAR,13TH CROSS M C LAYOUT,0.5M,0.12975044,0.775398849
Bengaluru City,Vijayanagar Traffic PS,1.04432e+16,2021,1,2,Road Accidents,Junction,City/Town,Residential area,Human Error,Yes,Grievous Injury,Vehicle to Vehicle,Uncontrolled,Straight and flat,Residential Street,Bitumen(Tar),Dry,Not Applicable,Clear,MOODALAPALYA,INFRONT OF SHIFA HOSPITAL,0.5M,0.12976498,0.775253211