DISTRICTNAME,UNITNAME,Crime_No,Year,RI,Noofvehicle_involved,Accident_Classification,Accident_Spot,Accident_Location,Accident_SubLocation,Main_Cause,Hit_Run,Severity,Collision_Type,Junction_Control,Road_Character,Road_Type,Surface_Type,Surface_Condition,Road_Condition,Weather,Accident_Road,Landmark_first,Distance_LandMark_First,Latitude,Longitude
Bengaluru City,Vijayanagar Traffic PS,1.04432e+16,2021,1,1,Road Accidents,Narrow road,City/Town,Residential area,Human Error,No,Fatal,Not Applicable,Not at  Junction,Straight and flat,Two way,Bitumen(Tar),Dry,Not Applicable,Clear,MODI HOSPITAL ROAD,NEAR LE ARABIA HOTEL,0.5M,0.12998548,0.77542322
Bengaluru City,Vijayanagar Traffic PS,1.04432e+16,2021,1,2,Road Accidents,Junction,City/Town,Residential area,Human Error,No,Simple Injury,Vehicle to Vehicle,Uncontrolled,Straight and flat,Residential Street,Bitumen(Tar),Dry,Not Applicable,Clear,VIJAYANAGAR 18THCROSS,14THMAINROD VIJAYANAGAR JUNCTION,0.5M,0.12971404,0.77536639
Bengaluru City,Vijayanagar Traffic PS,1.04432e+16,2021,1,1,Road Accidents,Narrow road,City/Town,Open area,Human Error,No,Simple Injury,Not Applicable,Not at  Junction,Straight and flat,Arterial,Bitumen(Tar),Dry,Not Applicable,Clear,BASAVESHWARANAGAR,INFRONT OF MC DONALD SIDDAIAH PURANIK ROAD,0.5M,0.12988617,0.77537572
Bengaluru City,Vijayanagar Traffic PS,1.04432e+16,2021,1,2,Road Accidents,Narrow road,City/Town,Near Hospital,Human Error,Yes,Damage Only,Vehicle to Vehicle,Not at  Junction,Straight and flat,Arterial,Bitumen(Tar),Dry,Not Applicable,Clear,WEST OF CHORD ROAD,NEAR CITY HOSPITAL MANJUNATHANAGAR,0.5M,0.12995493,0.77509232
Bengaluru City,Vijayanagar Traffic PS,1.04432e+16,2021,1,2,Road Accidents,Cross roads,City/Town,Residential area,Human Error,No,Grievous Injury,Vehicle to Vehicle,Not at  Junction,Straight and flat,Residential Street,Bitumen(Tar),Dry,Not Applicable,Clear,"SHIVANAGAR, BASAVESHWARANAGAR",INFRONT OF BHARATH DIESEL JENSET GENARATOR COMPANY,0.5M,0.12988254,0.77549278
Bengaluru City,Vijayanagar Traffic PS,1.04432e+16,2021,1,1,Road Accidents,Narrow road,City/Town,Near Hospital,Human Error,Yes,Simple Injury,Hit pedestrian,Not at  Junction,Straight and flat,Two way,Bitumen(Tar),Dry,Not Applicable,Clear,MODI ROAD,INFRONT OF PRABHU SURGICAL HOSPITAL,0.5M,0.12997479,0.7754511
Bengaluru City,Vijayanagar Traffic PS,1.04432e+16,2021,1,2,Road Accidents,Junction,City/Town,Residential area,Human Error,No,Simple Injury,Vehicle to Vehicle,Controlled,Straight and flat,Residential Street,Bitumen(Tar),Dry,Not Applicable,Clear,BASAVESHWARNAGAR,SHANKARMUTTA SIGNAL,0.5M,0.1299929,0.77541086
Bengaluru City,Vijayanagar Traffic PS,1.04432e+16,2021,1,1,Road Accidents,Not Applicable,City/Town,Near Bus stop,Human Error,No,Grievous Injury,Vehicle to Vehicle,Uncontrolled,Straight and flat,Others,Concrete,Dry,Not Applicable,Clear,VIJAYANAGAR,INSIDE TTMC BUS STOP,0.5M,0.1296551,0.77534703
Bengaluru City,Vijayanagar Traffic PS,1.04432e+16,2021,1,1,Road Accidents,Narrow road,City/Town,Residential area,Human Error,Yes,Simple Injury,Hit pedestrian,Not at  Junction,Straight and flat,Residential Street,Bitumen(Tar),Dry,Not Applicable,Clear,"NAGARBHAVI MAINROAD, M C LAYOUT",INFRONT OF UMESH SHETTY OFFICE,0.5M,0.1297553,0.77541006
Bengaluru City,Vijayanagar Traffic PS,1.04432e+16,2021,1,1,Road Accidents,Narrow road,City/Town,Near Hospital,Human Error,Yes,Grievous Injury,Hit pedestrian,Not at  Junction,Straight and flat,Arterial,Bitumen(Tar),Dry,Not Applicable,Clear,MAGADI MAINROAD,INFRONT OF MADHU HOSPITAL,0.5M,0.1297849,0.77542819
Bengaluru City,Vijayanagar Traffic PS,1.04432e+16,2021,1,2,Road Accidents,Junction,City/Town,Residential area,Human Error,No,Simple Injury,Vehicle to Vehicle,Uncontrolled,Straight and flat,Residential Street,Bitumen(Tar),Dry,Not Applicable,Clear,HAMPINAGAR,4TH CROSS AND 3RD B MAIN JUNCTION,0.5M,0.12965968,0.77538374
Bengaluru City,Vijayanagar Traffic PS,1.04432e+16,2021,1,2,Road Accidents,Narrow road,City/Town,Near Petrol Pump,Human Error,Yes,Simple Injury,Vehicle to Vehicle,Not at  Junction,Straight and flat,Two way,Bitumen(Tar),Dry,Not Applicable,Clear,SIDDAIAH PURANIK ROAD,INFRONT OF HP PETROL BUNK,25M,0.12997008,0.77540409
Bengaluru City,Vijayanagar Traffic PS,1.04432e+16,2021,1,2,Road Accidents,Cross roads,City/Town,Residential area,Human Error,Yes,Damage Only,Vehicle to Vehicle,Not at  Junction,Straight and flat,Residential Street,Bitumen(Tar),Dry,Not Applicable,Clear,RPC LAYOUT,INFRONT OF HOUSE NO 116,0.5M,0.12961236,0.77539424
Bengaluru City,Vijayanagar Traffic PS,1.04432e+16,2021,1,2,Road Accidents,Junction,City/Town,Near Hospital,Human Error,Yes,Grievous Injury,Hit bicyclist,Uncontrolled,Straight and flat,Arterial,Bitumen(Tar),Dry,Not Applicable,Clear,WESTOF CHORD ROAD,GAYATHRI HOSPITAL JUNCTION,0.5M,0.12974188,0.77542732
Bengaluru City,Vijayanagar Traffic PS,1.04432e+16,2021,1,2,Road Accidents,Junction,City/Town,Open area,Human Error,No,Simple Injury,Vehicle to Vehicle,Controlled,Straight and flat,Arterial,Bitumen(Tar),Dry,Not Applicable,Clear,WEST OF CHORD ROAD,DHOBIGHAT JUNCTION,25M,0.1298784,0.77547904
Bengaluru City,Vijayanagar Traffic PS,1.04432e+16,2021,1,2,Road Accidents,Cross roads,City/Town,Residential area,Human Error,No,Grievous Injury,Vehicle to Vehicle,Not at  Junction,Straight and flat,Residential Street,Bitumen(Tar),Dry,Not Applicable,Clear,PRASHANTHANAGAR,INFRONT OF BBMP HOSPITAL,0.5M,0.12978067,0.77533908
Bengaluru City,Vijayanagar Traffic PS,1.04432e+16,2021,1,1,Road Accidents,Cross roads,City/Town,Residential area,Human Error,Yes,Grievous Injury,Hit pedestrian,Not at  Junction,Straight and flat,Residential Street,Bitumen(Tar),Dry,Not Applicable,Clear,BASAVESHWARANAGAR,INFRONT OF SLV PROVISION STORES,0.5M,0.129967138,0.775483661
Bengaluru City,Vijayanagar Traffic PS,1.04432e+16,2021,1,1,Road Accidents,Cross roads,City/Town,Residential area,Human Error,Yes,Grievous Injury,Hit pedestrian,Not at  Junction,Straight and flat,Residential Street,Bitumen(Tar),Dry,Not Applicable,Clear,BASAVESHWARANAGAR,NEAR H P PETROL BUNK,0.5M,0.12998815,0.77541751
Bengaluru City,Vijayanagar Traffic PS,1.04432e+16,2021,1,2,Road Accidents,Narrow road,City/Town,Near Hospital,Human Error,No,Simple Injury,Vehicle to Vehicle,Not at  Junction,Straight and flat,Arterial,Bitumen(Tar),Dry,Not Applicable,Clear,MODI HOSPITAL ROAD,INFRONTOF PUNJAB NATIONAL BANK,0.5M,0.12998418,0.77542745
Bengaluru City,Vijayanagar Traffic PS,1.04432e+16,2021,1,1,Road Accidents,Junction,City/Town,Open area,Human Error,No,Simple Injury,Hit pedestrian,Controlled,Straight and flat,Two way,Bitumen(Tar),Dry,Not Applicable,Clear,WEST OF CHORD ROAD,DHOBHIGHAT SIGNAL,0.5M,0.12987825,0.77549811
Bengaluru City,Vijayanagar Traffic PS,1.04432e+16,2021,1,1,Road Accidents,Cross roads,City/Town,Residential area,Human Error,Yes,Simple Injury,Hit pedestrian,Not at  Junction,Straight and flat,Residential Street,Bitumen(Tar),Dry,Not Applicable,Clear,KAMALANAGAR,KAMLANAGAR 3RD CROSS,0.5M,0.1299593,0.77530235
Bengaluru City,Vijayanagar Traffic PS,1.04432e+16,2021,1,2,Road Accidents,Junction,City/Town,Open area,Human Error,Yes,Damage Only,Vehicle to Vehicle,Controlled,Straight and flat,Arterial,Bitumen(Tar),Dry,Not Applicable,Clear,WEST OF CHORD ROD,M C CIRCLE SIGNAL,0.5M,0.12975102,0.77548426
Bengaluru City,Vijayanagar Traffic PS,1.04432e+16,2021,1,2,Road Accidents,Junction,City/Town,Residential area,Human Error,Yes,Simple Injury,Vehicle to Vehicle,Uncontrolled,Straight and flat,Residential Street,Bitumen(Tar),Dry,Not Applicable,Clear,RPC LAYOUT,7TH B MAINROAD PIPELINE ROAD JUNCTION,0.5M,0.12960106,0.77540583
Bengaluru City,Vijayanagar Traffic PS,1.04432e+16,2021,1,2,Road Accidents,Junction,City/Town,Open area,Human Error,No,Simple Injury,Vehicle to Vehicle,Uncontrolled,Straight and flat,Arterial,Bitumen(Tar),Dry,Not Applicable,Clear,"WEST OF CHORD ROAD, VIJAYANAGAR",INFRONT OF PUBLIC TOILET,0.5M,0.12963346,0.77534321
Bengaluru City,Vijayanagar Traffic PS,1.04432e+16,2021,1,2,Road Accidents,Junction,City/Town,Open area,Human Error,Yes,Simple Injury,Vehicle to Vehicle,Uncontrolled,Straight and flat,Others,Bitumen(Tar),Dry,Not Applicable,Clear,MAGADI MAIN ROAD,KHB BRIDGE,0.5M,0.12998815,0.77541751
Bengaluru City,Vijayanagar Traffic PS,1.04432e+16,2021,1,3,Road Accidents,Narrow road,City/Town,Residential area,Human Error,No,Simple Injury,Vehicle to Vehicle,Not at  Junction,Straight and flat,Residential Street,Bitumen(Tar),Dry,Not Applicable,Clear,KAMALANAGAR,INFRONT OF GANESHA TEMPLE,0.5M,0.1299672,0.77528182
Bengaluru City,Vijayanagar Traffic PS,1.04432e+16,2021,1,2,Road Accidents,Junction,City/Town,Open area,Human Error,No,Grievous Injury,Vehicle to Vehicle,Uncontrolled,Straight and flat,Arterial,Concrete,Dry,Not Applicable,Clear,WEST OF CHORD ROAD,9THMAINROAD VIJAYANAGAR,0.5M,0.12972251,0.77537967
Bengaluru City,Vijayanagar Traffic PS,1.04432e+16,2021,1,1,Road Accidents,Narrow road,City/Town,Residential area,Human Error,Yes,Fatal,Hit pedestrian,Not at  Junction,Straight and flat,Residential Street,Bitumen(Tar),Dry,Not Applicable,Clear,RPC LAYOUT VIJAYANAGAR,NEAR ARHAM BHAVAN BACKGATE,0.5M,0.129567636,0.775350666
Bengaluru City,Vijayanagar Traffic PS,1.04432e+16,2021,1,1,Road Accidents,Narrow road,City/Town,Residential area,Human Error,Yes,Simple Injury,Hit pedestrian,Not at  Junction,Straight and flat,Residential Street,Bitumen(Tar),Dry,Not Applicable,Clear,MARENAHALLI,INFRONT OF SARVAMANGALA APARTMENT,0.5M,0.0,0.0
Bengaluru City,Vijayanagar Traffic PS,1.04432e+16,2021,1,2,Road Accidents,Junction,City/Town,Residential area,Human Error,Yes,Grievous Injury,Vehicle to Vehicle,Uncontrolled,Straight and flat,Residential Street,Bitumen(Tar),Dry,Not Applicable,Clear,GOVINDARAJANAGAR,INFRONT OF CHINMAY DENTAL CLINIC,0.5M,0.12977227,0.77538114
Bengaluru City,Vijayanagar Traffic PS,1.04432e+16,2021,1,1,Road Accidents,Narrow road,City/Town,Residential area,Human Error,No,Simple Injury,Not Applicable,Not at  Junction,Straight and flat,Residential Street,Bitumen(Tar),Dry,Not Applicable,Clear,VIJAYANAGAR,INFRONT OF HOUSE NO10 8TH MAINROAD,0.5M,0.12974798,0.77531876
Bengaluru City,Vijayanagar Traffic PS,1.04432e+16,2021,1,1,Road Accidents,Cross roads,City/Town,Residential area,Human Error,Yes,Fatal,Hit pedestrian,Not at  Junction,Straight and flat,Residential Street,Bitumen(Tar),Dry,Not Applicable,Clear,PRASHANTHANAGAR,INFRONT OF HOUSE NO 99,0.5M,0.12977965,0.77530149
Bengaluru City,Vijayanagar Traffic PS,1.04432e+16,2021,1,2,Road Accidents,Narrow road,City/Town,Residential area,Human Error,No,Fatal,Vehicle to Vehicle,Not at  Junction,Straight and flat,Residential Street,Bitumen(Tar),Dry,Not Applicable,Clear,VIJAYANAGAR CLUB ROAD,INFRONT OFSITE NO 486,25M,0.12967845,0.77540359
Bengaluru City,Vijayanagar Traffic PS,1.04432e+16,2021,1,1,Road Accidents,Narrow road,City/Town,Near School or College,Human Error,Yes,Fatal,Not Applicable,Not at  Junction,Straight and flat,Two way,Bitumen(Tar),Dry,Not Applicable,Clear,MAGADI MAIN ROAD,NEAR SWAYAMPRABHU PU COLLEGE,0.5M,0.12978791,0.77542152
Bengaluru City,Vijayanagar Traffic PS,1.04432e+16,2021,1,1,Road Accidents,Junction,City/Town,Open area,Human Error,No,Simple Injury,Hit pedestrian,Controlled,Straight and flat,Others,Bitumen(Tar),Dry,Not Applicable,Clear,BASAVESHWARNAGAR,SIDDAIAHPURANIK ROAD,0.5M,0.12988013,0.775374
Bengaluru City,Vijayanagar Traffic PS,1.04432e+16,2021,1,2,Road Accidents,Junction,City/Town,Near Bus stop,Human Error,No,Damage Only,Vehicle to Vehicle,Controlled,Straight and flat,Two way,Bitumen(Tar),Dry,Not Applicable,Clear,VIJAYANAGAR,OPP TTMC BUS STAND,0.5M,0.12964467,0.77534578
Bengaluru City,Vijayanagar Traffic PS,1.04432e+16,2021,1,2,Road Accidents,Narrow road,City/Town,Residential area,Human Error,No,Damage Only,Vehicle to Vehicle,Not at  Junction,Straight and flat,Two way,Bitumen(Tar),Dry,Not Applicable,Clear,MODI HOSPITAL ROAD,INFRONT OF LE ARABIA HOTEL,0.5M,0.12998552,0.77542215
Bengaluru City,Vijayanagar Traffic PS,1.04432e+16,2021,1,1,Road Accidents,Narrow road,City/Town,Open area,Human Error,No,Simple Injury,Hit pedestrian,Not at  Junction,Straight and flat,Two way,Bitumen(Tar),Dry,Not Applicable,Clear,MAGADI MAIN ROAD,INFRONT OF HP PETROL BUNK,0.5M,0.12977008,0.77546457
Bengaluru City,Vijayanagar Traffic PS,1.04432e+16,2021,1,1,Road Accidents,Not Applicable,City/Town,Open area,Human Error,No,Grievous Injury,Not Applicable,Not at  Junction,Straight and flat,Arterial,Bitumen(Tar),Dry,Not Applicable,Clear,WEST OF CHORD ROAD,INFRONT OF NANDHINI PARLOUR,0.5M,0.1297117,0.77537416
Bengaluru City,Vijayanagar Traffic PS,1.04432e+16,2021,1,2,Road Accidents,Junction,City/Town,Open area,Human Error,Yes,Damage Only,Vehicle to Vehicle,Controlled,Straight and flat,Arterial,Bitumen(Tar),Dry,Not Applicable,Clear,MAGADI MAIN ROAD,M C CIRCLE SIGNAL,0.5M,0.12974986,0.77548401
Bengaluru City,Vijayanagar Traffic PS,1.04432e+16,2022,1,1,Road Accidents,Narrow road,City/Town,Residential area,Human Error,No,Simple Injury,Hit pedestrian,Not at  Junction,Straight and flat,Residential Street,Bitumen(Tar),Dry,Not Applicable,Clear,"KAVERINAGAR, BASAVESHWARANAGAR",2ND CROSS,25M,12.998757,77.530603
Bengaluru City,Vijayanagar Traffic PS,1.04432e+16,2022,1,1,Road Accidents,Narrow road,City/Town,Residential area,Human Error,No,Fatal,Hit pedestrian,Not at  Junction,Straight and flat,Residential Street,Bitumen(Tar),Dry,Not Applicable,Clear,RPC LAYOUT 4TH CROSS,NEAR SBI ATM,25M,12.958221,77.535109
Bengaluru City,Vijayanagar Traffic PS,1.04432e+16,2022,1,6,Road Accidents,Narrow road,City/Town,Residential area,Human Error,No,Damage Only,Vehicle to Vehicle,Not at  Junction,Straight and flat,Residential Street,Bitumen(Tar),Dry,Not Applicable,Clear,2ND BLOCK BASAVESHWARARNAGAR,7TH MAINROAD,25M,12.989327,77.545504
Bengaluru City,Vijayanagar Traffic PS,1.04432e+16,2022,1,2,Road Accidents,Narrow road,City/Town,Open area,Human Error,Yes,Simple Injury,Not Applicable,Not at  Junction,Straight and flat,Two way,Bitumen(Tar),Dry,Not Applicable,Clear,MAGADI MAINROAD,NEAR SARASWATHI CONVENTION HALL,25M,12.976303,77.547152
Bengaluru City,Vijayanagar Traffic PS,1.04432e+16,2022,1,1,Road Accidents,Narrow road,City/Town,Open area,Human Error,No,Fatal,Not Applicable,No signal lights,Others,Others,Bitumen(Tar),Dry,Not Applicable,Others,VIJAYANAGAR PAIPLINE ROAD,TREE,0.5 KM,12.9623808,77.5365585
Bengaluru City,Vijayanagar Traffic PS,1.04432e+16,2022,1,2,Road Accidents,Junction,City/Town,Open area,Human Error,Yes,Grievous Injury,Vehicle to Vehicle,Controlled,Straight and flat,Two way,Bitumen(Tar),Others,Not Applicable,Clear,TAR ROAD,PAIPLINE ROAD,1 KM,12.969424,77.545798
Bengaluru City,Vijayanagar Traffic PS,1.04432e+16,2022,1,1,Road Accidents,Cross roads,City/Town,Near office complex,Human Error,No,Fatal,Hit pedestrian,Not Applicable,Straight and flat,Two way,Bitumen(Tar),Dry,Not Applicable,Clear,KAMAKSHIPALYA POLICE STATION,KAMAKSHIPALYA POLICE STATION,50,12.98178,77.533902
Bengaluru City,Vijayanagar Traffic PS,1.04432e+16,2022,1,2,Road Accidents,Junction,City/Town,Near Bus stop,Human Error,Yes,Simple Injury,Vehicle to Vehicle,Controlled,Curve,Two way,Bitumen(Tar),Dry,Not Applicable,Clear,SARAVADNYA JUNCTION,SARVADNYA JUNCTION,20,12.9757747,77.53859
Bengaluru City,Vijayanagar Traffic PS,1.04432e+16,2022,1,2,Road Accidents,Not Applicable,City/Town,Open area,Human Error,No,Damage Only,Vehicle to Vehicle,Uncontrolled,Straight and flat,Others,Bitumen(Tar),Others,Not Applicable,Clear,siddaiah puranik road,savi sagar hotel,4 km,0.0,0.0
Bengaluru City,Vijayanagar Traffic PS,1.04432e+16,2022,1,2,Road Accidents,Junction,City/Town,Residential area,Human Error,Yes,Simple Injury,Vehicle to Vehicle,Uncontrolled,Straight and flat,Residential Street,Bitumen(Tar),Dry,Not Applicable,Clear,KAMALANAGAR,1ST MAINROAD KAMALANAGAR,25M,12.995962,77.530989
Bengaluru City,Vijayanagar Traffic PS,1.04432e+16,2022,1,2,Road Accidents,Narrow road,City/Town,Residential area,Human Error,Yes,Grievous Injury,Vehicle to Vehicle,Not at  Junction,Straight and flat,Residential Street,Bitumen(Tar),Dry,Not Applicable,Clear,BASAVESHWARANAGAR,OPP HP PETROL BUNK,25M,12.9853912,77.543362
Bengaluru City,Vijayanagar Traffic PS,1.04432e+16,2022,1,1,Road Accidents,Narrow road,City/Town,Open area,Human Error,No,Simple Injury,Hit pedestrian,Not at  Junction,Straight and flat,Two way,Bitumen(Tar),Dry,Not Applicable,Clear,MAGADI MAINROAD,NEAR SARSWATHI CONVENCTION HALL,25M,12.976303,77.547155
Bengaluru City,Vijayanagar Traffic PS,1.04432e+16,2022,1,2,Road Accidents,Narrow road,City/Town,Residential area,Human Error,No,Grievous Injury,Vehicle to Vehicle,Not Applicable,Straight and flat,Two way,Bitumen(Tar),Dry,Not Applicable,Clear,08 TH MAIN ROAD,LAKSHMI JUMELERS,25,12.992228,77.534472
Bengaluru City,Vijayanagar Traffic PS,1.04432e+16,2022,1,1,Road Accidents,Junction,City/Town,Residential area,Human Error,No,Simple Injury,Hit pedestrian,Not Applicable,Not Applicable,Two way,Bitumen(Tar),Dry,Not Applicable,Clear,BASAVESHWARANAGAR WATER TANK ROAD,GURU SAGAR HOTEL OPP ROAD,25,12.995321,77.539791
Bengaluru City,Vijayanagar Traffic PS,1.04432e+16,2022,1,2,Road Accidents,Junction,City/Town,Residential area,Human Error,Yes,Simple Injury,Vehicle to Vehicle,Uncontrolled,Straight and flat,Residential Street,Bitumen(Tar),Dry,Not Applicable,Clear,KURUBARAHALLI MAINROAD,KIRLOSKAR LAYOUT 5TH CROSS JN,25M,0.0,0.0
Bengaluru City,Vijayanagar Traffic PS,1.04432e+16,2022,1,2,Road Accidents,Narrow road,City/Town,Open area,Human Error,Yes,Grievous Injury,Vehicle to Vehicle,Not at  Junction,Straight and flat,Two way,Bitumen(Tar),Dry,Not Applicable,Clear,PATTEGARPALYA,11TH CROSS AND 3TH MAINROAD,25M,12.976627,77.530993
Bengaluru City,Vijayanagar Traffic PS,1.04432e+16,2022,1,2,Road Accidents,Narrow road,City/Town,Near Hospital,Human Error,Yes,Grievous Injury,Vehicle to Vehicle,Not at  Junction,Straight and flat,Two way,Bitumen(Tar),Others,Not Applicable,Clear,6TH  MAIN MC LAYOUT,BALAGANAGADHARNATH SWAMIJI GROUND,2KMS,0.0,0.0
Bengaluru City,Vijayanagar Traffic PS,1.04432e+16,2022,1,2,Road Accidents,Narrow road,City/Town,Residential area,Human Error,No,Simple Injury,Vehicle to Vehicle,Not at  Junction,Straight and flat,Residential Street,Bitumen(Tar),Dry,Not Applicable,Clear,BASAVESHWARANAGAR 05TH MAIN,NEAR FLORENCE SCHOOL,25M,12.988731,77.544601
Bengaluru City,Vijayanagar Traffic PS,1.04432e+16,2022,1,2,Road Accidents,Junction,City/Town,Residential area,Human Error,No,Simple Injury,Vehicle to Vehicle,Uncontrolled,Straight and flat,Residential Street,Bitumen(Tar),Dry,Not Applicable,Clear,M C LAYOUT VIJAYANAGAR,03 RD MAIN,25M,12.983967,77.538938
Bengaluru City,Vijayanagar Traffic PS,1.04432e+16,2022,1,1,Road Accidents,Junction,City/Town,Residential area,Human Error,Yes,Simple Injury,Hit pedestrian,Uncontrolled,Straight and flat,Residential Street,Bitumen(Tar),Dry,Not Applicable,Clear,MANJUNATHANAGAR,INFRONT OF HOUSE NO 141 9TH MAINROAD,25M,12.9925521,77.5421574
Bengaluru City,Vijayanagar Traffic PS,1.04432e+16,2022,1,2,Road Accidents,Narrow road,City/Town,Residential area,Human Error,Yes,Simple Injury,Vehicle to Vehicle,Not at  Junction,Straight and flat,Residential Street,Bitumen(Tar),Dry,Not Applicable,Clear,PRASHANTHNAGAR,8TH CROSS NEAR AMULYA APARTMENTS,25M,12.9781563,77.5326949
Bengaluru City,Vijayanagar Traffic PS,1.04432e+16,2022,1,2,Road Accidents,Cross roads,City/Town,Near a religious place,Human Error,No,Grievous Injury,Vehicle to Vehicle,Not Applicable,Curve,Sub Arterial,Bitumen(Tar),Dry,Not Applicable,Clear,02 ND MAIN ROAD AND 03RD CROSS,KIRLOSKAR COLONY,25,12.994716,77.536384
Bengaluru City,Vijayanagar Traffic PS,1.04432e+16,2022,1,2,Road Accidents,Narrow road,City/Town,Residential area,Not Applicable,No,Grievous Injury,Vehicle to Vehicle,Not Applicable,Not Applicable,Residential Street,Bitumen(Tar),Not Applicable,Not Applicable,Clear,2ND MAIN ROAD,OPP HOUSE NO 26,01 MET,12.967348,77.531027
Bengaluru City,Vijayanagar Traffic PS,1.04432e+16,2022,1,2,Road Accidents,Junction,City/Town,Open area,Human Error,No,Simple Injury,Vehicle to Vehicle,Controlled,Others,Others,Not Applicable,Others,Not Applicable,Clear,MC CERCLE JUNCTION,MAGADI  MAIN ROAD,1.5 KM,12.9749878,77.5483643
Bengaluru City,Vijayanagar Traffic PS,1.04432e+16,2022,1,2,Road Accidents,Narrow road,City/Town,Residential area,Human Error,Yes,Simple Injury,Vehicle to Vehicle,Not at  Junction,Straight and flat,Residential Street,Bitumen(Tar),Dry,Not Applicable,Clear,VIJAYANAGAR PIPELINE ROAD,INFRONT OF DARSHAN BAR,25M,12.971417,77.546941
Bengaluru City,Vijayanagar Traffic PS,1.04432e+16,2022,1,2,Road Accidents,Narrow road,City/Town,Residential area,Human Error,No,Fatal,Vehicle to Vehicle,Not at  Junction,Straight and flat,Residential Street,Bitumen(Tar),Dry,Not Applicable,Clear,KAVERILAYOUT 6TH CROSS,INFRONT OF V S ENTERPRISES,25M,12.973935,77.527845
Bengaluru City,Vijayanagar Traffic PS,1.04432e+16,2022,1,2,Road Accidents,Narrow road,City/Town,Residential area,Human Error,No,Damage Only,Vehicle to Vehicle,Not at  Junction,Straight and flat,Residential Street,Bitumen(Tar),Dry,Not Applicable,Clear,HAMPINAGAR,10TH MAINROAD,25M,12.957823,77.5535401
Bengaluru City,Vijayanagar Traffic PS,1.04432e+16,2022,1,1,Road Accidents,Narrow road,City/Town,Residential area,Human Error,Yes,Simple Injury,Hit pedestrian,Not at  Junction,Straight and flat,Residential Street,Bitumen(Tar),Dry,Not Applicable,Clear,1ST MAINROAD KAMALANAGAR,1ST MAINROAD SHAKTHIGANAPATHINAGAR,25M,12.995015,77.534292
Bengaluru City,Vijayanagar Traffic PS,1.04432e+16,2022,1,1,Road Accidents,Narrow road,City/Town,Open area,Human Error,Yes,Simple Injury,Hit pedestrian,Not at  Junction,Straight and flat,Two way,Bitumen(Tar),Dry,Not Applicable,Clear,MAGADI MAINROAD,INFRONT OF THIRUMALA CAR SHOWROOM,25M,12.979554,77.539156
Bengaluru City,Vijayanagar Traffic PS,1.04432e+16,2022,1,1,Not Applicable,Narrow road,City/Town,Near a religious place,Human Error,Yes,Simple Injury,Hit pedestrian,Not Applicable,Straight and flat,Others,Bitumen(Tar),Dry,Not Applicable,Clear,SUBBANNA GARDEN MAIN ROAD,ANJANADRI PROVISION STORE,25,0.0,0.0
Bengaluru City,Vijayanagar Traffic PS,1.04432e+16,2022,1,2,Road Accidents,Cross roads,City/Town,Near School or College,Human Error,Yes,Grievous Injury,Vehicle to Vehicle,Not Applicable,Straight and flat,Two way,Bitumen(Tar),Dry,Not Applicable,Clear,04TH CROSS RPC LAYOUT,HAMPINAGAR POST OFFICR,25 F,12.959523,77.536423
Bengaluru City,Vijayanagar Traffic PS,1.04432e+16,2022,1,1,Road Accidents,Narrow road,City/Town,Residential area,Not Applicable,Yes,Grievous Injury,Hit pedestrian,Not Applicable,Not Applicable,Arterial,Bitumen(Tar),Others,Not Applicable,Clear,SHARADA COLONY MAIN ROAD,NEAR SIMHA JUWELERS,03 MET,12.98805,77.536408
Bengaluru City,Vijayanagar Traffic PS,1.04432e+16,2022,1,2,Road Accidents,Narrow road,City/Town,Open area,Human Error,Yes,Grievous Injury,Vehicle to Vehicle,Uncontrolled,Straight and flat,Others,Bitumen(Tar),Others,Not Applicable,Clear,4TH CROSS ROAD,SCHOOL,1 KM,0.0,0.0
Bengaluru City,Vijayanagar Traffic PS,1.04432e+16,2022,1,3,Road Accidents,Narrow road,City/Town,Residential area,Not Applicable,Not Applicable,Grievous Injury,Vehicle to Vehicle,Uncontrolled,Others,Residential Street,Bitumen(Tar),Dry,Not Applicable,Clear,THIMMAIAH ROAD,NEAR GANGA STEEL CORPORATION SHOP,02 MET,12.992579,77.545905
Bengaluru City,Vijayanagar Traffic PS,1.04432e+16,2022,1,1,Road Accidents,Narrow road,City/Town,Residential area,Human Error,Yes,Simple Injury,Hit pedestrian,Not at  Junction,Straight and flat,Residential Street,Bitumen(Tar),Dry,Not Applicable,Clear,PATTEGARAPALYA MAINROAD,NEAR K M TAILOR SHOP,25M,0.129770615,0.775196151
Bengaluru City,Vijayanagar Traffic PS,1.04432e+16,2022,1,1,Road Accidents,Cross roads,City/Town,Residential area,Human Error,No,Simple Injury,Not Applicable,Not at  Junction,Straight and flat,Residential Street,Bitumen(Tar),Dry,Not Applicable,Clear,MANJUNATHANAGAR,NEAR GOWTHAM COLLEGE,25M,12.9960787,77.5475436
Bengaluru City,Vijayanagar Traffic PS,1.04432e+16,2022,1,3,Road Accidents,Narrow road,City/Town,Residential area,Human Error,No,Simple Injury,Vehicle to Vehicle,Not at  Junction,Straight and flat,Residential Street,Bitumen(Tar),Dry,Not Applicable,Clear,"8TH MAIN CHBS LYT, VIJAYANAGAR",INFRONT OF VANITHA CHILDCARE,25M,12.974184,77.535152
Bengaluru City,Vijayanagar Traffic PS,1.04432e+16,2022,1,1,Road Accidents,Narrow road,City/Town,Open area,Human Error,No,Simple Injury,Hit pedestrian,Not at  Junction,Straight and flat,Two way,Bitumen(Tar),Dry,Not Applicable,Clear,MAGADI MAINROAD,NEAR AMBIKA ELECTRICALS INFRONT OF KANTHI SWEETS,25M,12.978111,77.544582
Bengaluru City,Vijayanagar Traffic PS,1.04432e+16,2022,1,1,Road Accidents,Narrow road,City/Town,Open area,Human Error,No,Fatal,Not Applicable,Not at  Junction,Others,Two way,Bitumen(Tar),Dry,Not Applicable,Clear,MAGADI MAINROAD,INFRONT OF RAHEJA APARTMENT,25M,12.979666,77.53923
Bengaluru City,Vijayanagar Traffic PS,1.04432e+16,2022,1,2,Road Accidents,Junction,City/Town,Open area,Human Error,Yes,Grievous Injury,Vehicle to Vehicle,Uncontrolled,Others,Others,Bitumen(Tar),Dry,Not Applicable,Clear,MAGADI MAIN ROAD,MAGADI MAIN ROAD,2.5 KM,12.978613,77.54884