DISTRICTNAME,UNITNAME,Crime_No,Year,RI,Noofvehicle_involved,Accident_Classification,Accident_Spot,Accident_Location,Accident_SubLocation,Main_Cause,Hit_Run,Severity,Collision_Type,Junction_Control,Road_Character,Road_Type,Surface_Type,Surface_Condition,Road_Condition,Weather,Accident_Road,Landmark_first,Distance_LandMark_First,Latitude,Longitude
Bengaluru City,Vijayanagar Traffic PS,1.04432e+16,2022,1,2,Road Accidents,Curves,City/Town,Residential area,Human Error,Yes,Grievous Injury,Vehicle to Vehicle,Uncontrolled,Straight and flat,Others,Bitumen(Tar),Others,Not Applicable,Clear,MAIN ROAD,SIDDAIAH PURANIK ROAD,2 KM,12.997399,77.540499
Bengaluru City,Vijayanagar Traffic PS,1.04432e+16,2022,1,2,Road Accidents,Junction,City/Town,Open area,Human Error,No,Grievous Injury,Vehicle to Vehicle,Uncontrolled,Others,Others,Bitumen(Tar),Others,Not Applicable,Clear,vijayanagar,vijayanagar,2 kms,12.967689,77.535534
Bengaluru City,Vijayanagar Traffic PS,1.04432e+16,2022,1,1,Road Accidents,Junction,City/Town,Residential area,Human Error,Yes,Grievous Injury,Hit bicyclist,Uncontrolled,Straight and flat,Residential Street,Bitumen(Tar),Dry,Not Applicable,Clear,BASAVESHWAR NAGAR,BEML LAYOUT,4 KM,12.993943,77.529936
Bengaluru City,Vijayanagar Traffic PS,1.04432e+16,2022,1,1,Road Accidents,Narrow road,City/Town,Residential area,Human Error,Yes,Simple Injury,Hit pedestrian,Not at  Junction,Straight and flat,Residential Street,Bitumen(Tar),Dry,Not Applicable,Clear,NAGARBHAVI MAINROAD,NEAR SBI BANK MC LAYOUT,25M,12.9757386,77.5380791
Bengaluru City,Vijayanagar Traffic PS,1.04432e+16,2022,1,2,Road Accidents,Not Applicable,City/Town,Residential area,Human Error,Yes,Grievous Injury,Vehicle to Vehicle,Uncontrolled,Straight and flat,Others,Bitumen(Tar),Not Applicable,Not Applicable,Clear,basaveshwar nagar 8th main,basaveshwar nagar,3 km,12.9912028,77.5411029
Bengaluru City,Vijayanagar Traffic PS,1.04432e+16,2022,1,2,Road Accidents,Not Applicable,City/Town,Open area,Human Error,No,Grievous Injury,Vehicle to Vehicle,Controlled,Straight and flat,Two way,Bitumen(Tar),Dry,Not Applicable,Clear,main road,tree,2 km,12.973005,77.538498
Bengaluru City,Vijayanagar Traffic PS,1.04432e+16,2022,1,1,Road Accidents,Narrow road,City/Town,Residential area,Human Error,Yes,Simple Injury,Hit pedestrian,Not at  Junction,Straight and flat,Residential Street,Bitumen(Tar),Dry,Not Applicable,Clear,PATTEGARAPALYA MAINROAD,NEAR IYENGAR BAKERY,25M,12.9762904,77.5270354
Bengaluru City,Vijayanagar Traffic PS,1.04432e+16,2022,1,1,Road Accidents,Junction,City/Town,Open area,Human Error,No,Fatal,Hit pedestrian,Uncontrolled,Straight and flat,Others,Bitumen(Tar),Dry,Not Applicable,Clear,"MAGADI ROAD,",1ST CROSS MC LAYOUT,25M,12.9774336,77.5457136
Bengaluru City,Vijayanagar Traffic PS,1.04432e+16,2022,1,1,Road Accidents,Narrow road,City/Town,Residential area,Human Error,No,Simple Injury,Not Applicable,Not at  Junction,Straight and flat,Residential Street,Bitumen(Tar),Dry,Not Applicable,Clear,"WEST OF CHORD ROAD, VIJAYANAGAR",SHANKARNAG AUTO STAND NEAR,25M,0.0,0.0
Bengaluru City,Vijayanagar Traffic PS,1.04432e+16,2022,1,4,Road Accidents,Narrow road,City/Town,Residential area,Human Error,No,Simple Injury,Vehicle to Vehicle,Not at  Junction,Straight and flat,Residential Street,Bitumen(Tar),Dry,Not Applicable,Clear,PATTEGARAPALYA MAINROAD,NEAR HP PETROL BUNK,25M,12.976621,77.522169
Bengaluru City,Vijayanagar Traffic PS,1.04432e+16,2022,1,1,Road Accidents,Narrow road,City/Town,Residential area,Human Error,Yes,Simple Injury,Hit pedestrian,Not at  Junction,Straight and flat,Residential Street,Bitumen(Tar),Dry,Not Applicable,Clear,KAMALANAGAR,1ST MAINROAD AND 1ST CROSS JUNCTION,25M,12.995686,77.534294
Bengaluru City,Vijayanagar Traffic PS,1.04432e+16,2022,1,2,Road Accidents,Cross roads,City/Town,Residential area,Human Error,No,Simple Injury,Vehicle to Vehicle,Police / Manual,Straight and flat,Residential Street,Bitumen(Tar),Dry,Not Applicable,Clear,PATTEGARAPALYA,NEAR SAINT PAUL SCHOOL,25M,12.977189,77.526202
Bengaluru City,Vijayanagar Traffic PS,1.04432e+16,2022,1,1,Road Accidents,Narrow road,City/Town,Near Bus stop,Human Error,No,Simple Injury,Hit pedestrian,Not at  Junction,Straight and flat,Two way,Bitumen(Tar),Dry,Not Applicable,Clear,MAGADI MAINROAD,NEAR AGRAHARA DASARAHALLI BUS STOP,25M,12.978496,77.542966
Bengaluru City,Vijayanagar Traffic PS,1.04432e+16,2022,1,2,Road Accidents,Narrow road,City/Town,Open area,Human Error,Yes,Simple Injury,Vehicle to Vehicle,Not at  Junction,Straight and flat,Two way,Bitumen(Tar),Dry,Not Applicable,Clear,MODI HOSPITAL ROAD,NEAR LE ARABIA HOTEL,25M,12.9985132,77.5424635
Bengaluru City,Vijayanagar Traffic PS,1.04432e+16,2022,1,2,Road Accidents,Junction,City/Town,Residential area,Human Error,No,Simple Injury,Vehicle to Vehicle,Uncontrolled,Straight and flat,Residential Street,Bitumen(Tar),Dry,Not Applicable,Clear,VIJAYANAGAR 1ST MAIN ROAD AND 3RD CROSS,NEAR J M TAILORS,25M,12.973114,77.544405
Bengaluru City,Vijayanagar Traffic PS,1.04432e+16,2022,1,2,Road Accidents,Narrow road,City/Town,Residential area,Human Error,Yes,Simple Injury,Vehicle to Vehicle,Uncontrolled,Straight and flat,Residential Street,Bitumen(Tar),Dry,Not Applicable,Clear,BASAVESHWARANAGAR,NEAR KANTHI SWEETS,25M,12.993493,77.539077
Bengaluru City,Vijayanagar Traffic PS,1.04432e+16,2022,1,1,Road Accidents,Not Applicable,City/Town,Near Bus stop,Human Error,No,Grievous Injury,Hit pedestrian,Not at  Junction,Straight and flat,Others,Bitumen(Tar),Dry,Not Applicable,Clear,WEST OF CHORD ROAD,BMTC TTMC ENTRANCE GATE,25M,0.0,0.0
Bengaluru City,Vijayanagar Traffic PS,1.04432e+16,2022,1,2,Road Accidents,Narrow road,City/Town,Near Bus stop,Human Error,No,Grievous Injury,Vehicle to Vehicle,Not Applicable,Straight and flat,One way,Bitumen(Tar),Dry,Not Applicable,Clear,MARUTHI MANDIRA JUNCTION,MARUTHI MANDIRA,25,12.967528,77.536256
Bengaluru City,Vijayanagar Traffic PS,1.04432e+16,2022,1,1,Road Accidents,Narrow road,City/Town,Residential area,Human Error,Yes,Simple Injury,Hit pedestrian,Not at  Junction,Straight and flat,Residential Street,Bitumen(Tar),Dry,Not Applicable,Clear,SUBBANNA GARDEN VIJAYANAGAR,NEAR NANDHINI MILK PARLOUR,25M,12.9646823,77.5337248
Bengaluru City,Vijayanagar Traffic PS,1.04432e+16,2022,1,3,Road Accidents,Narrow road,City/Town,Open area,Human Error,No,Simple Injury,Vehicle to Vehicle,Not at  Junction,Straight and flat,Two way,Bitumen(Tar),Dry,Not Applicable,Clear,MAGADI MAIN ROAD,NEAR RELIANCE SMART POINT,25M,12.9782546,77.5438062
Bengaluru City,Vijayanagar Traffic PS,1.04432e+16,2022,1,2,Road Accidents,Junction,City/Town,Open area,Human Error,Yes,Grievous Injury,Vehicle to Vehicle,Controlled,Straight and flat,Major District Road,Bitumen(Tar),Others,Not Applicable,Clear,woc road,accident spot,405 km,12.990156,77.550686
Bengaluru City,Vijayanagar Traffic PS,1.04432e+16,2022,1,1,Not Applicable,Narrow road,City/Town,Open area,Human Error,Yes,Grievous Injury,Hit pedestrian,Controlled,Straight and flat,Two way,Bitumen(Tar),Not Applicable,Not Applicable,Clear,TREE,TREE,4 KM,0.0,0.0
Bengaluru City,Vijayanagar Traffic PS,1.04432e+16,2022,1,2,Road Accidents,Junction,City/Town,Open area,Human Error,No,Simple Injury,Vehicle to Vehicle,Controlled,Straight and flat,Two way,Bitumen(Tar),Dry,Not Applicable,Clear,BASAVESHWARANAGAR,SHANKARMUTT JUNCTION,25M,0.12999423,0.77541108
Bengaluru City,Vijayanagar Traffic PS,1.04432e+16,2022,1,2,Road Accidents,Narrow road,City/Town,Residential area,Human Error,Yes,Simple Injury,Vehicle to Vehicle,Not at  Junction,Straight and flat,Others,Bitumen(Tar),Dry,Not Applicable,Clear,KURUBARAHALLI PIPELINE ROAD,NEAR SHIVA TEMPLE,25M,12.999588,77.530543
Bengaluru City,Vijayanagar Traffic PS,1.04432e+16,2022,1,2,Road Accidents,Narrow road,City/Town,Open area,Human Error,Yes,Simple Injury,Vehicle to Vehicle,Not at  Junction,Straight and flat,Residential Street,Bitumen(Tar),Dry,Not Applicable,Clear,"HAMPINAGAR, VIJAYANAGAR",INFRONTO OF APPOLLO PHARMACY,25M,12.9609736,77.5372342
Bengaluru City,Vijayanagar Traffic PS,1.04432e+16,2022,1,2,Road Accidents,Junction,City/Town,Residential area,Human Error,No,Grievous Injury,Vehicle to Vehicle,Uncontrolled,Others,Two way,Bitumen(Tar),Dry,Not Applicable,Clear,HAMPI NAGAR,HAMPI NAGAR,1 KM,12.958229,77.536447
Bengaluru City,Vijayanagar Traffic PS,1.04432e+16,2022,1,2,Road Accidents,Narrow road,City/Town,Residential area,Human Error,No,Grievous Injury,Vehicle to Vehicle,Not at  Junction,Straight and flat,Residential Street,Bitumen(Tar),Dry,Not Applicable,Clear,PATTEGARAPALYA MAINROAD,INFRONT OF NAVAKAR MEDICAL,25M,12.976315,77.527628
Bengaluru City,Vijayanagar Traffic PS,1.04432e+16,2022,1,2,Road Accidents,Junction,City/Town,Open area,Not Applicable,Yes,Grievous Injury,Vehicle to Vehicle,Uncontrolled,Others,Minor District Road,Not Applicable,Others,Not Applicable,Clear,RAHEJA APARTMENT JUNCTION,NEAR RAHEJA APARTMENT,2METER,12.979521,77.539211
Bengaluru City,Vijayanagar Traffic PS,1.04432e+16,2022,1,2,Road Accidents,Junction,City/Town,Residential area,Human Error,No,Simple Injury,Vehicle to Vehicle,Uncontrolled,Straight and flat,Residential Street,Bitumen(Tar),Dry,Not Applicable,Clear,M C LAYOUT,1ST MAINROAD GOVINDARAJANAGR,0.5M,0.12977949,0.77538931
Bengaluru City,Vijayanagar Traffic PS,1.04432e+16,2022,1,2,Road Accidents,Narrow road,City/Town,Residential area,Human Error,Yes,Simple Injury,Vehicle to Vehicle,Not at  Junction,Straight and flat,Residential Street,Bitumen(Tar),Dry,Not Applicable,Clear,THIMMAIAH ROAD BASAVESHWARANAGAR,NEAR SANTOSHIMA BAKERY,0.5M,0.12986863,0.77545474
Bengaluru City,Vijayanagar Traffic PS,1.04432e+16,2022,1,1,Road Accidents,Narrow road,City/Town,Residential area,Human Error,Yes,Simple Injury,Hit pedestrian,Not at  Junction,Straight and flat,Residential Street,Bitumen(Tar),Dry,Not Applicable,Clear,MAHAGANAPATHINAGAR RAJAJINAGAR,INFRONT OF HOUSE NO12,25M,12.9858515,77.5487623
Bengaluru City,Vijayanagar Traffic PS,1.04432e+16,2022,1,3,Road Accidents,Narrow road,City/Town,Open area,Human Error,Yes,Grievous Injury,Vehicle to Vehicle,Controlled,Straight and flat,Two way,Bitumen(Tar),Others,Not Applicable,Clear,woc road,ttmc junction,2 km,12.965629,77.534828
Bengaluru City,Vijayanagar Traffic PS,1.04432e+16,2022,1,2,Road Accidents,Cross roads,City/Town,Narrow bridge or culverts,Human Error,Not Applicable,Grievous Injury,Vehicle to Vehicle,Not Applicable,Curve,Arterial,Bitumen(Tar),Not Applicable,Not Applicable,Clear,CHBS LAYOUT,CENTRAL EXCISE LAYOUT,25,12.974295,77.534518
Bengaluru City,Vijayanagar Traffic PS,1.04432e+16,2022,1,2,Road Accidents,Junction,City/Town,Residential area,Human Error,No,Grievous Injury,Vehicle to Vehicle,Uncontrolled,Straight and flat,Residential Street,Bitumen(Tar),Dry,Not Applicable,Clear,BASAVESHWARANAGAR,3RD CROSS AND 4TH MAIN JUNCTION,25M,0.12987076,0.77542229
Bengaluru City,Vijayanagar Traffic PS,1.04432e+16,2022,1,1,Road Accidents,Junction,City/Town,Residential area,Human Error,No,Simple Injury,Hit pedestrian,Not at  Junction,Straight and flat,Residential Street,Bitumen(Tar),Dry,Not Applicable,Clear,GOVINDARAJANAGAR 1STMAINROAD,INFRONT OF SHREE VENKATESHWARAN DRY CLEANER,25M,12.979482,77.539221
Bengaluru City,Vijayanagar Traffic PS,1.04432e+16,2022,1,1,Road Accidents,Narrow road,City/Town,Residential area,Human Error,Yes,Simple Injury,Hit pedestrian,Not Applicable,Straight and flat,Residential Street,Bitumen(Tar),Dry,Not Applicable,Clear,KURUBARAHALLI,NEAR SHIVA TEMPLE,25M,12.999588,77.530543
Bengaluru City,Vijayanagar Traffic PS,1.04432e+16,2022,1,2,Road Accidents,Not Applicable,City/Town,Open area,Human Error,Yes,Damage Only,Vehicle to Vehicle,Not at  Junction,Others,Others,Not Applicable,Wet,Not Applicable,Clear,MANJUNATHANAGAR,INSIDE NETHAJI GROUND,25M,12.9910817,77.5431471
Bengaluru City,Vijayanagar Traffic PS,1.04432e+16,2022,1,2,Road Accidents,Narrow road,City/Town,Residential area,Human Error,No,Damage Only,Vehicle to Vehicle,Not at  Junction,Straight and flat,Residential Street,Bitumen(Tar),Dry,Not Applicable,Clear,VIJAYANAGAR 9TH K MAINROAD,INFRONT OF NO 324H HOUSE,25M,12.967825,77.541743
Bengaluru City,Vijayanagar Traffic PS,1.04432e+16,2022,1,1,Road Accidents,Narrow road,City/Town,At pedestrian Crossing,Human Error,No,Grievous Injury,Hit pedestrian,Uncontrolled,Straight and flat,Others,Bitumen(Tar),Dry,Not Applicable,Clear,TIMMAIAH ROAD,INDIAN OIL PETROL PUMP,2.5,12.991741,77.546023
Bengaluru City,Vijayanagar Traffic PS,1.04432e+16,2022,1,2,Road Accidents,Narrow road,City/Town,Near a religious place,Human Error,Yes,Simple Injury,Vehicle to Vehicle,Not at  Junction,Straight and flat,Service Road,Bitumen(Tar),Dry,Not Applicable,Clear,WOC ROAD MC CIRCLE,NEAR SHANIMAHATHMA TEMPLE,25 M,0.0,0.0
Bengaluru City,Vijayanagar Traffic PS,1.04432e+16,2022,1,1,Road Accidents,Narrow road,City/Town,Open area,Human Error,No,Fatal,Not Applicable,No signal lights,Straight and flat,Two way,Bitumen(Tar),Dry,Not Applicable,Clear,VEERESH THEATER JUNCTION,TREE,2 KM,12.977527,77.545701
Bengaluru City,Vijayanagar Traffic PS,1.04432e+16,2023,1,2,Road Accidents,Junction,City/Town,Open area,Human Error,Yes,Grievous Injury,Vehicle to Vehicle,Uncontrolled,Others,Two way,Bitumen(Tar),Others,Not Applicable,Clear,BASAVESHWAR NAGARA,TREE,3 KM,12.991335,77.540218
Bengaluru City,Vijayanagar Traffic PS,1.04432e+16,2023,1,2,Road Accidents,Junction,City/Town,Open area,Human Error,Yes,Grievous Injury,Hit pedestrian,Controlled,Straight and flat,Two way,Bitumen(Tar),Others,Not Applicable,Others,RPC LAYOUT,TREE,1 KM,0.0,0.0
Bengaluru City,Vijayanagar Traffic PS,1.04432e+16,2023,1,1,Road Accidents,Narrow road,City/Town,Open area,Human Error,No,Grievous Injury,Not Applicable,Controlled,Straight and flat,Others,Bitumen(Tar),Dry,Not Applicable,Clear,nagrabhavi main road,hospital,2 km,12.97602,77.532669
Bengaluru City,Vijayanagar Traffic PS,1.04432e+16,2023,1,2,Not Applicable,Junction,City/Town,Open area,Human Error,Yes,Grievous Injury,Vehicle to Vehicle,Uncontrolled,Straight and flat,Others,Bitumen(Tar),Others,Not Applicable,Clear,MAIN ROAD,TIMMAIAH ROAD,3 KM,12.98684,77.545461
Bengaluru City,Vijayanagar Traffic PS,1.04432e+16,2023,1,1,Not Applicable,Narrow road,City/Town,Open area,Human Error,No,Grievous Injury,Not Applicable,Uncontrolled,Straight and flat,Others,Bitumen(Tar),Others,Not Applicable,Not Applicable,BINNI LAYOUT,PARK,2 KM,12.972661,77.533999
Bengaluru City,Vijayanagar Traffic PS,1.04432e+16,2023,1,2,Road Accidents,Junction,City/Town,Open area,Human Error,No,Simple Injury,Vehicle to Vehicle,Uncontrolled,Straight and flat,Others,Bitumen(Tar),Dry,Not Applicable,Clear,SIDDAIAH PURANIK ROAD,PARK,5 KM,13.000834,77.541003
Bengaluru City,Vijayanagar Traffic PS,1.04432e+16,2023,1,2,Road Accidents,Narrow road,City/Town,Open area,Human Error,Yes,Grievous Injury,Vehicle to Vehicle,Uncontrolled,Straight and flat,Major District Road,Bitumen(Tar),Dry,Not Applicable,Clear,MAIN ROAD,MAIN ROAD,3 KM,12.994773,77.548712
Bengaluru City,Vijayanagar Traffic PS,1.04432e+16,2023,1,1,Not Applicable,Narrow road,City/Town,Open area,Human Error,Yes,Grievous Injury,Hit pedestrian,Uncontrolled,Others,Major District Road,Bitumen(Tar),Others,Not Applicable,Clear,METRO STATION,METRO,2 KM,12.962568,77.534039
Bengaluru City,Vijayanagar Traffic PS,1.04432e+16,2023,1,2,Road Accidents,Narrow road,City/Town,Open area,Human Error,No,Grievous Injury,Vehicle to Vehicle,Uncontrolled,Straight and flat,Two way,Bitumen(Tar),Dry,Not Applicable,Clear,PAIPLINE ROAD,TREE,2 KM,12.968298,77.545313
Bengaluru City,Vijayanagar Traffic PS,1.04432e+16,2023,1,2,Road Accidents,Junction,City/Town,Open area,Human Error,No,Grievous Injury,Vehicle to Vehicle,Controlled,Straight and flat,Major District Road,Bitumen(Tar),Dry,Not Applicable,Clear,WOC MAIN ROAD,JUNCTION,2 KM,12.968815,77.536787
Bengaluru City,Vijayanagar Traffic PS,1.04432e+16,2023,1,1,Road Accidents,Narrow road,City/Town,Open area,Human Error,No,Fatal,Hit pedestrian,Uncontrolled,Straight and flat,Major District Road,Bitumen(Tar),Dry,Not Applicable,Clear,WOC ROAD,METRO STATION,2 KM,12.962818,77.534169
Bengaluru City,Vijayanagar Traffic PS,1.04432e+16,2023,1,1,Road Accidents,Narrow road,City/Town,Open area,Human Error,No,Fatal,Not Applicable,Uncontrolled,Hump,Two way,Bitumen(Tar),Dry,Not Applicable,Clear,KAMALANAGARA 1ST MAIN ROAD,SCHOOL,5 KM,12.99593,77.531102
Bengaluru City,Vijayanagar Traffic PS,1.04432e+16,2023,1,2,Road Accidents,Junction,City/Town,Near Hospital,Human Error,Yes,Grievous Injury,Vehicle to Vehicle,Uncontrolled,Straight and flat,Others,Bitumen(Tar),Dry,Not Applicable,Clear,parshanth nagara main road,hospital,2 km,12.979285,77.534194
Bengaluru City,Vijayanagar Traffic PS,1.04432e+16,2023,1,2,Road Accidents,Narrow road,City/Town,Open area,Human Error,Yes,Simple Injury,Vehicle to Vehicle,Uncontrolled,Straight and flat,Others,Bitumen(Tar),Dry,Not Applicable,Others,WOC ROAD,HOSPITAL,4 KM,12.996451,77.550708
Bengaluru City,Vijayanagar Traffic PS,1.04432e+16,2023,1,2,Road Accidents,Junction,City/Town,Open area,Human Error,No,Simple Injury,Vehicle to Vehicle,Controlled,Straight and flat,Two way,Bitumen(Tar),Dry,Not Applicable,Clear,SHANKRA MUTT,SIGNAL,5 KM,0.0,0.0
Bengaluru City,Vijayanagar Traffic PS,1.04432e+16,2023,1,1,Not Applicable,Narrow road,City/Town,Open area,Human Error,Yes,Grievous Injury,Hit pedestrian,Uncontrolled,Others,Others,Bitumen(Tar),Others,Not Applicable,Others,OPEN AREA,TREE,4 KM,12.946355,77.548136
Bengaluru City,Vijayanagar Traffic PS,1.04432e+16,2023,1,1,Road Accidents,Narrow road,City/Town,Residential area,Not Applicable,Not Applicable,Simple Injury,Not Applicable,Not Applicable,Straight and flat,Arterial,Bitumen(Tar),Not Applicable,Not Applicable,Clear,BASAVESHWARA NAGAR 01ST F CROSS ROAD,MONKEY PARK,03 KM,0.0,0.0
Bengaluru City,Vijayanagar Traffic PS,1.04432e+16,2023,1,2,Road Accidents,Junction,City/Town,Open area,Not Applicable,No,Grievous Injury,Vehicle to Vehicle,Signal lights Automatic,Others,Major District Road,Bitumen(Tar),Dry,Not Applicable,Clear,WOC SERVICE ROAD P&T JUNCTION VIJAYANAGARA,NEAR LIFE CARE MEDICALS,02 KM,12.974282,77.544721
Bengaluru City,Vijayanagar Traffic PS,1.04432e+16,2023,1,1,Road Accidents,Narrow road,City/Town,Open area,Human Error,Yes,Grievous Injury,Hit pedestrian,Uncontrolled,Straight and flat,Two way,Bitumen(Tar),Dry,Not Applicable,Clear,MARKET,MARKET,5 KM,12.99658,77.528892
Bengaluru City,Vijayanagar Traffic PS,1.04432e+16,2023,1,2,Road Accidents,Junction,City/Town,Near Hospital,Human Error,Yes,Grievous Injury,Vehicle to Vehicle,Controlled,Others,Major District Road,Bitumen(Tar),Others,Not Applicable,Clear,woc road,metro piller,2 km,0.0,0.0
Bengaluru City,Vijayanagar Traffic PS,1.04432e+16,2023,1,1,Road Accidents,Narrow road,City/Town,Near office complex,Human Error,No,Simple Injury,Hit pedestrian,Not Applicable,Straight and flat,Two way,Bitumen(Tar),Dry,Not Applicable,Clear,VIJAYANAGAR CULB ROAD,VODAPHONE SHOP,25,0.0,0.0
Bengaluru City,Vijayanagar Traffic PS,1.04432e+16,2023,1,2,Not Applicable,Narrow road,City/Town,Open area,Human Error,No,Grievous Injury,Vehicle to Vehicle,Uncontrolled,Straight and flat,Others,Bitumen(Tar),Others,Not Applicable,Clear,BUS STAND,KURUBARHALLI,5 KM,13.001058,77.536651
Bengaluru City,Vijayanagar Traffic PS,1.04432e+16,2023,1,1,Not Applicable,Junction,City/Town,Open area,Human Error,Yes,Grievous Injury,Hit pedestrian,Controlled,Curve,Minor District Road,Bitumen(Tar),Dry,Not Applicable,Clear,JUNCTION,BUS STAND,3 KM,12.973059,77.538314
Bengaluru City,Vijayanagar Traffic PS,1.04432e+16,2023,1,2,Road Accidents,Narrow road,City/Town,Open area,Human Error,Yes,Grievous Injury,Vehicle to Vehicle,Uncontrolled,Straight and flat,Two way,Bitumen(Tar),Dry,Not Applicable,Clear,TEMPLE,TEMPLE,2 KM,0.0,0.0
Bengaluru City,Vijayanagar Traffic PS,1.04432e+16,2023,1,2,Road Accidents,Not Applicable,Rural Areas,Open area,Human Error,No,Fatal,Vehicle to Vehicle,Controlled,Straight and flat,Others,Bitumen(Tar),Others,Not Applicable,Clear,GOOD,TREE,4 KM,12.997342,77.550364
Bengaluru City,Vijayanagar Traffic PS,1.04432e+16,2023,1,2,Road Accidents,Not Applicable,City/Town,Residential area,Not Applicable,Yes,Grievous Injury,Vehicle to Vehicle,Not Applicable,Straight and flat,Arterial,Not Applicable,Others,Not Applicable,Fine,01ST MAIN ROAD VIJAYANAGARA,INFRONT OF HOUSE NO 1223,50 MET,12.972648,77.54569
Bengaluru City,Vijayanagar Traffic PS,1.04432e+16,2023,1,2,Road Accidents,Junction,City/Town,Open area,Human Error,No,Grievous Injury,Vehicle to Vehicle,Uncontrolled,Straight and flat,Two way,Bitumen(Tar),Others,Not Applicable,Clear,BASAVESHWAR NAGARA,TREE,4 KM,12.991467,77.538935
Bengaluru City,Vijayanagar Traffic PS,1.04432e+16,2023,1,2,Road Accidents,Junction,City/Town,Near Bus stop,Human Error,Yes,Simple Injury,Vehicle to Vehicle,Controlled,Others,Two way,Bitumen(Tar),Dry,Not Applicable,Clear,WOC ROAD MARENAHALLI,MARENAHALLI,20,12.968757,77.536858
Bengaluru City,Vijayanagar Traffic PS,1.04432e+16,2023,1,2,Road Accidents,Narrow road,City/Town,Open area,Human Error,Yes,Grievous Injury,Vehicle to Vehicle,Uncontrolled,Straight and flat,Two way,Bitumen(Tar),Wet,Not Applicable,Clear,CHBS LAYOUT,BANK,2 KM,12.973933,77.535935
Bengaluru City,Vijayanagar Traffic PS,1.04432e+16,2023,1,2,Road Accidents,Narrow road,City/Town,Open area,Human Error,No,Damage Only,Vehicle to Vehicle,Uncontrolled,Straight and flat,Two way,Bitumen(Tar),Dry,Not Applicable,Clear,OPEN AREA,PETROL PUMP,3 KM,12.976626,77.522219
Bengaluru City,Vijayanagar Traffic PS,1.04432e+16,2023,1,2,Road Accidents,Junction,City/Town,Open area,Human Error,Yes,Fatal,Vehicle to Vehicle,Not Applicable,Straight and flat,Service Road,Bitumen(Tar),Dry,Not Applicable,Clear,SERVICE ROAD,FLY  OVER,4 KM,12.993438,77.550911
Bengaluru City,Vijayanagar Traffic PS,1.04432e+16,2023,1,1,Road Accidents,Narrow road,City/Town,Residential area,Human Error,Not Applicable,Grievous Injury,Not Applicable,Uncontrolled,Straight and flat,Two way,Bitumen(Tar),Dry,Not Applicable,Clear,KAMALANAGARA,SHOP,5 KM,12.994633,77.526853
Bengaluru City,Vijayanagar Traffic PS,1.04432e+16,2023,1,2,Road Accidents,Cross roads,City/Town,Open area,Human Error,No,Grievous Injury,Vehicle to Vehicle,Uncontrolled,Straight and flat,Two way,Bitumen(Tar),Others,Not Applicable,Clear,SUBBANNA GARDEN ROAD,TREE,2 KMS,12.968379,77.530539
Bengaluru City,Vijayanagar Traffic PS,1.04432e+16,2023,1,1,Not Applicable,Narrow road,City/Town,Open area,Human Error,Yes,Grievous Injury,Hit pedestrian,Uncontrolled,Straight and flat,Major District Road,Bitumen(Tar),Others,Not Applicable,Clear,market road,market,5 km,12.996314,77.529713
Bengaluru City,Vijayanagar Traffic PS,1.04432e+16,2023,1,2,Not Applicable,Junction,City/Town,Open area,Human Error,No,Fatal,Vehicle to Vehicle,Controlled,Straight and flat,Major District Road,Bitumen(Tar),Dry,Not Applicable,Clear,MAIN ROAD,MAIN ROAD,2 KM,12.979939,77.538299
Bengaluru City,Vijayanagar Traffic PS,1.04432e+16,2023,1,2,Road Accidents,Narrow road,City/Town,Open area,Human Error,Yes,Grievous Injury,Vehicle to Vehicle,Uncontrolled,Straight and flat,Two way,Bitumen(Tar),Others,Not Applicable,Clear,main road,tree,4 km,12.985744,77.545325
Bengaluru City,Vijayanagar Traffic PS,1.04432e+16,2023,1,2,Road Accidents,Junction,City/Town,Open area,Human Error,Yes,Grievous Injury,Vehicle to Vehicle,Controlled,Straight and flat,Two way,Bitumen(Tar),Dry,Not Applicable,Clear,MANJUNATH NAGAR,14TH MAIN,3 KM,12.994244,77.542604
Bengaluru City,Vijayanagar Traffic PS,1.04432e+16,2023,1,1,Road Accidents,Narrow road,City/Town,Open area,Human Error,Yes,Grievous Injury,Hit pedestrian,Uncontrolled,Straight and flat,Two way,Bitumen(Tar),Dry,Not Applicable,Clear,OPEN AREA,TREE,2 KM,12.972913,77.529488
Bengaluru City,Vijayanagar Traffic PS,1.04432e+16,2023,1,2,Road Accidents,Narrow road,City/Town,Near Bus stop,Human Error,Yes,Grievous Injury,Vehicle to Vehicle,Uncontrolled,Straight and flat,Two way,Bitumen(Tar),Dry,Not Applicable,Clear,SANEGORVANHALLI MAIN ROAD,BUS STOP,4 KM,12.990199,77.542705
Bengaluru City,Vijayanagar Traffic PS,1.04432e+16,2023,1,2,Road Accidents,Junction,City/Town,Open area,Human Error,No,Fatal,Vehicle to Vehicle,Uncontrolled,Straight and flat,Others,Bitumen(Tar),Others,Not Applicable,Clear,JUNCTION,FOUR ARM JUNCTION,1 KM,12.971157,77.540562
Bengaluru City,Vijayanagar Traffic PS,1.04432e+16,2023,1,2,Road Accidents,Narrow road,City/Town,Open area,Human Error,No,Grievous Injury,Vehicle to Vehicle,Uncontrolled,Straight and flat,Major District Road,Bitumen(Tar),Others,Not Applicable,Clear,MAIN ROAD,MAIN ROAD,3 KM,12.974319,77.52069
Bengaluru City,Vijayanagar Traffic PS,1.04432e+16,2023,1,2,Road Accidents,Circle,City/Town,Near office complex,Human Error,Yes,Simple Injury,Vehicle to Vehicle,Uncontrolled,Straight and flat,Two way,Bitumen(Tar),Dry,Not Applicable,Clear,VIJAYANGARA CLUB ROAD,JANATA CO OPERATIVE BANK,1KM,0.0,0.0