DISTRICTNAME,UNITNAME,Crime_No,Year,RI,Noofvehicle_involved,Accident_Classification,Accident_Spot,Accident_Location,Accident_SubLocation,Main_Cause,Hit_Run,Severity,Collision_Type,Junction_Control,Road_Character,Road_Type,Surface_Type,Surface_Condition,Road_Condition,Weather,Accident_Road,Landmark_first,Distance_LandMark_First,Latitude,Longitude
Bengaluru City,Whitefield Traffic PS,1.04432e+16,2016,1,1,Road Accidents,Other,City/Town,Near a recreation place/cinema,Human Error,No,Simple Injury,Hit bicyclist,Not at  Junction,Straight and flat,City or Town Road,Bitumen(Tar),Dry,No influence on accident,Clear,Varthur Main Road,Opp Main Land China Hotel,07KM,0.0,0.0
Bengaluru City,Whitefield Traffic PS,1.04432e+16,2016,1,1,Road Accidents,T Junction,City/Town,Near a factory industrial area,Human Error,No,Damage Only,Hit fixed object,Signal lights Automatic,Straight and flat,City or Town Road,Bitumen(Tar),Dry,No influence on accident,Clear,Kundalahalli-ITPL Main Road,Graphite India Junction,06KM,0.0,0.0
Bengaluru City,Whitefield Traffic PS,1.04432e+16,2016,1,2,Road Accidents,Narrow road,City/Town,Narrow bridge or culverts,Human Error,Yes,Grievous Injury,Hit and Run,Not at  Junction,Others,City or Town Road,Bitumen(Tar),Dry,No influence on accident,Fine,Hoskote Kadugodi main road,TREE,7m,0.0,0.0
Bengaluru City,Whitefield Traffic PS,1.04432e+16,2016,1,2,Road Accidents,Other,City/Town,Near office complex,Human Error,Yes,Damage Only,Hit and Run,Not at  Junction,Straight and flat,City or Town Road,Bitumen(Tar),Dry,No influence on accident,Fine,Varthur Main Road,yes bank,15M,0.0,0.0
Bengaluru City,Whitefield Traffic PS,1.04432e+16,2016,1,2,Road Accidents,Other,City/Town,Near Hospital,Human Error,No,Damage Only,Rear end,Not at  Junction,Straight and flat,State Highway,Bitumen(Tar),Dry,No influence on accident,Fine,Whitefield Main Road,Columbia Asia Hospital,20M,0.0,0.0
Bengaluru City,Whitefield Traffic PS,1.04432e+16,2016,1,1,Road Accidents,Y Junction,City/Town,In bazaar,Human Error,Yes,Grievous Injury,Hit and Run,Not at  Junction,Straight and flat,City or Town Road,Bitumen(Tar),Dry,No influence on accident,Fine,kundalahalli main road,meadows bakery,20M,0.0,0.0
Bengaluru City,Whitefield Traffic PS,1.04432e+16,2016,1,2,Road Accidents,Other,City/Town,Residential area,Human Error,Yes,Fatal,Head on,Not at  Junction,Straight and flat,City or Town Road,Bitumen(Tar),Dry,No influence on accident,Fine,Siddapura-Nallurahalli Main Road,Spectra Palmwood Apartment,10M,0.0,0.0
Bengaluru City,Whitefield Traffic PS,1.04432e+16,2016,1,1,Road Accidents,T Junction,City/Town,Open area,Human Error,No,Fatal,Hit pedestrian,No signal lights,Straight and flat,State Highway,Bitumen(Tar),Dry,No influence on accident,Fine,Kadugodi-Hosakote Main Road,BMTC Bus Stop,10M,0.0,0.0
Bengaluru City,Whitefield Traffic PS,1.04432e+16,2016,1,1,Road Accidents,Other,City/Town,In bazaar,Human Error,No,Grievous Injury,Hit pedestrian,Not at  Junction,Straight and flat,City or Town Road,Bitumen(Tar),Dry,No influence on accident,Fine,ITPL Main road,Corporation bank,8m,0.0,0.0
Bengaluru City,Whitefield Traffic PS,1.04432e+16,2016,1,2,Road Accidents,Other,City/Town,Open area,Human Error,Yes,Grievous Injury,Hit and Run,Not at  Junction,Straight and flat,City or Town Road,Bitumen(Tar),Dry,No influence on accident,Fine,Dinnuru Main Road,Green Tree,4M,0.0,0.0
Bengaluru City,Whitefield Traffic PS,1.04432e+16,2016,1,3,Road Accidents,Other,City/Town,Near Hospital,Human Error,Yes,Damage Only,Hit and Run,Not at  Junction,Straight and flat,State Highway,Bitumen(Tar),Dry,No influence on accident,Fine,Whitefield Main Road,Swashwtha Hospital,30M,0.0,0.0
Bengaluru City,Whitefield Traffic PS,1.04432e+16,2016,1,2,Road Accidents,T Junction,City/Town,Open area,Human Error,No,Grievous Injury,Others,Signal lights Blinking,Straight and flat,State Highway,Bitumen(Tar),Dry,No influence on accident,Fine,Kadugodi-Hosakote Main Road,oPEN lAND,30M,0.0,0.0
Bengaluru City,Whitefield Traffic PS,1.04432e+16,2016,1,2,Road Accidents,Junction,City/Town,Near Bus stop,Human Error,No,Damage Only,Others,Signal lights Blinking,Straight and flat,City or Town Road,Bitumen(Tar),Dry,No influence on accident,Clear,Vydehi Main Road,Bus Stop,05KM,0.0,0.0
Bengaluru City,Whitefield Traffic PS,1.04432e+16,2016,1,2,Road Accidents,Y Junction,City/Town,Open area,Human Error,Yes,Damage Only,Others,Signal lights Blinking,Straight and flat,State Highway,Bitumen(Tar),Dry,No influence on accident,Clear,Whitefield Main Road,Hagaduru Cross,04KM,0.0,0.0
Bengaluru City,Whitefield Traffic PS,1.04432e+16,2016,1,2,Road Accidents,Junction,City/Town,Near office complex,Human Error,No,Grievous Injury,Others,Signal lights Automatic,Straight and flat,City or Town Road,Bitumen(Tar),Dry,No influence on accident,Clear,Varthur Main Road,Kundalahalli Gate Junction,08Km,0.0,0.0
Bengaluru City,Whitefield Traffic PS,1.04432e+16,2016,1,2,Road Accidents,T Junction,City/Town,Open area,Human Error,No,Simple Injury,Others,Not at  Junction,Straight and flat,City or Town Road,Bitumen(Tar),Dry,No influence on accident,Clear,Belthur Main Road,Near Roj Tota,03KM,0.0,0.0
Bengaluru City,Whitefield Traffic PS,1.04432e+16,2016,1,2,Road Accidents,T Junction,City/Town,Near a religious place,Human Error,No,Grievous Injury,Others,Signal lights Blinking,Straight and flat,City or Town Road,Bitumen(Tar),Dry,No influence on accident,Clear,ITPL-Kundalahalli Main Road,near Anjaneya Temple,06KM,0.0,0.0
Bengaluru City,Whitefield Traffic PS,1.04432e+16,2016,1,2,Road Accidents,Other,City/Town,Open area,Human Error,Yes,Grievous Injury,Hit and Run,Not at  Junction,Straight and flat,State Highway,Bitumen(Tar),Dry,No influence on accident,Fine,Varthur Main Road,Duggalamma Temple,10M,0.0,0.0
Bengaluru City,Whitefield Traffic PS,1.04432e+16,2016,1,1,Road Accidents,Other,City/Town,Near office complex,Human Error,No,Grievous Injury,Hit pedestrian,Not at  Junction,Straight and flat,State Highway,Bitumen(Tar),Dry,No influence on accident,Fine,Whitefield Main Road,Opp Maruti Suzuki Show Room,10M,0.0,0.0
Bengaluru City,Whitefield Traffic PS,1.04432e+16,2016,1,2,Road Accidents,Other,City/Town,Near a recreation place/cinema,Human Error,No,Damage Only,Others,Not at  Junction,Straight and flat,State Highway,Bitumen(Tar),Dry,No influence on accident,Fine,Whitefield Main Road,Near Forum Value Mall,30M,0.0,0.0
Bengaluru City,Whitefield Traffic PS,1.04432e+16,2016,1,2,Road Accidents,T Junction,City/Town,Near School or College,Human Error,No,Fatal,Others,No signal lights,Straight and flat,City or Town Road,Bitumen(Tar),Dry,No influence on accident,Fine,Varthur Main Road,Govt Primary School,20M,0.0,0.0
Bengaluru City,Whitefield Traffic PS,1.04432e+16,2016,1,2,Road Accidents,Other,City/Town,Residential area,Human Error,Yes,Simple Injury,Others,Not at  Junction,Straight and flat,City or Town Road,Bitumen(Tar),Dry,No influence on accident,Clear,Nallurahalli Main Road,F C APARTMENT,04KM,0.0,0.0
Bengaluru City,Whitefield Traffic PS,1.04432e+16,2016,1,1,Road Accidents,Other,City/Town,Near a recreation place/cinema,Human Error,No,Grievous Injury,Skidding or Self accident,Not at  Junction,Straight and flat,State Highway,Bitumen(Tar),Dry,No influence on accident,Clear,Whitefield Main Road,Forum Value Mall,04KM,0.0,0.0
Bengaluru City,Whitefield Traffic PS,1.04432e+16,2016,1,1,Road Accidents,Other,City/Town,Residential area,Human Error,Yes,Grievous Injury,Hit pedestrian,Not at  Junction,Straight and flat,City or Town Road,Bitumen(Tar),Dry,No influence on accident,Clear,BEML Layout Main Road,Tulasi Nivas Apartment,08KM,0.0,0.0
Bengaluru City,Whitefield Traffic PS,1.04432e+16,2016,1,2,Road Accidents,Other,City/Town,Near office complex,Human Error,No,Damage Only,Others,Not at  Junction,Straight and flat,City or Town Road,Bitumen(Tar),Dry,No influence on accident,Fine,ITPL Main Road,In front of GR Tech Park,10M,0.0,0.0
Bengaluru City,Whitefield Traffic PS,1.04432e+16,2016,1,2,Road Accidents,Other,City/Town,Near Hospital,Human Error,No,Simple Injury,Others,Not at  Junction,Straight and flat,City or Town Road,Bitumen(Tar),Dry,No influence on accident,Clear,Varthur Main Road,Opp Apollo Farmarcy,10M,0.0,0.0
Bengaluru City,Whitefield Traffic PS,1.04432e+16,2016,1,2,Road Accidents,Other,City/Town,In bazaar,Human Error,Yes,Grievous Injury,Hit and Run,Not at  Junction,Straight and flat,City or Town Road,Bitumen(Tar),Dry,No influence on accident,Fine,aecs layout main road,vidya ivari,20M,0.0,0.0
Bengaluru City,Whitefield Traffic PS,1.04432e+16,2016,1,2,Road Accidents,Other,City/Town,Open area,Human Error,Yes,Grievous Injury,Others,Not at  Junction,Straight and flat,City or Town Road,Bitumen(Tar),Dry,No influence on accident,Fine,Hagaduru Main Road,Pump House,10M,0.0,0.0
Bengaluru City,Whitefield Traffic PS,1.04432e+16,2016,1,1,Road Accidents,Other,City/Town,Near Hospital,Human Error,Yes,Grievous Injury,Hit pedestrian,Not at  Junction,Straight and flat,City or Town Road,Bitumen(Tar),Dry,No influence on accident,Fine,Channasandra Main Road,Rudrappa Daignostic Centre,7M,0.0,0.0
Bengaluru City,Whitefield Traffic PS,1.04432e+16,2016,1,1,Road Accidents,Junction,City/Town,Near Bus stop,Human Error,Yes,Grievous Injury,Hit bicyclist,Signal lights Automatic,Straight and flat,State Highway,Bitumen(Tar),Dry,No influence on accident,Fine,Kadugodi-Hosakote Main Road,HOPEFARM JUNCTION,30M,0.0,0.0
Bengaluru City,Whitefield Traffic PS,1.04432e+16,2016,1,1,Road Accidents,T Junction,City/Town,Near a factory industrial area,Human Error,Yes,Simple Injury,Hit pedestrian,Signal lights Automatic,Straight and flat,City or Town Road,Bitumen(Tar),Dry,No influence on accident,Fine,Kundalahalli Main Road,Green Tree,7M,0.0,0.0
Bengaluru City,Whitefield Traffic PS,1.04432e+16,2016,1,2,Road Accidents,Y Junction,City/Town,Near a religious place,Human Error,Yes,Grievous Injury,Hit and Run,Signal lights Blinking,Straight and flat,State Highway,Bitumen(Tar),Dry,No influence on accident,Fine,Whitefield Main Road,Near Church,30M,0.0,0.0
Bengaluru City,Whitefield Traffic PS,1.04432e+16,2016,1,1,Road Accidents,Other,City/Town,Residential area,Human Error,No,Grievous Injury,Hit pedestrian,Not at  Junction,Straight and flat,City or Town Road,Bitumen(Tar),Dry,No influence on accident,Fine,Kundalahalli Main Road,Near Keerthi Apartment,10M,0.0,0.0
Bengaluru City,Whitefield Traffic PS,1.04432e+16,2016,1,2,Road Accidents,Y Junction,City/Town,Near a factory industrial area,Human Error,No,Damage Only,Others,Signal lights Blinking,Straight and flat,City or Town Road,Bitumen(Tar),Dry,No influence on accident,Fine,ITPL Main Road,Specna HAL Euro Space Company,20M,0.0,0.0
Bengaluru City,Whitefield Traffic PS,1.04432e+16,2016,1,2,Road Accidents,Other,City/Town,Open area,Human Error,No,Grievous Injury,Others,Not at  Junction,Straight and flat,City or Town Road,Bitumen(Tar),Dry,No influence on accident,Fine,FCI-Kadugodi Main Road,Harsh Gateway Apartment,10M,0.0,0.0
Bengaluru City,Whitefield Traffic PS,1.04432e+16,2016,1,2,Road Accidents,Other,City/Town,Open area,Human Error,No,Damage Only,Others,Not at  Junction,Straight and flat,City or Town Road,Bitumen(Tar),Dry,No influence on accident,Fine,Nallurahalli Main Road,Green Tree,20M,0.0,0.0
Bengaluru City,Whitefield Traffic PS,1.04432e+16,2016,1,1,Road Accidents,Other,City/Town,Residential area,Human Error,Yes,Fatal,Hit pedestrian,Not at  Junction,Straight and flat,City or Town Road,Bitumen(Tar),Dry,No influence on accident,Clear,Prashanth Layout Road,Prashanth Layout Road,01KM,0.0,0.0
Bengaluru City,Whitefield Traffic PS,1.04432e+16,2016,1,2,Road Accidents,Other,City/Town,Open area,Human Error,Yes,Simple Injury,Others,Not at  Junction,Straight and flat,City or Town Road,Bitumen(Tar),Dry,No influence on accident,Clear,ITPL Main Road,Near Dinnuru Cross,01KM,0.0,0.0
Bengaluru City,Whitefield Traffic PS,1.04432e+16,2016,1,2,Road Accidents,Junction,City/Town,Near Hospital,Human Error,Yes,Simple Injury,Others,Signal lights Blinking,Straight and flat,City or Town Road,Bitumen(Tar),Dry,No influence on accident,Clear,Vydehi-Graphite India Main Road,Vydehi Hospital Junction,05KM,0.0,0.0
Bengaluru City,Whitefield Traffic PS,1.04432e+16,2016,1,2,Road Accidents,Other,City/Town,Open area,Human Error,Yes,Simple Injury,Hit and Run,Not at  Junction,Straight and flat,City or Town Road,Bitumen(Tar),Dry,No influence on accident,Clear,Kadugodi-Cnannasandra Main Road,Green Tree,02KM,0.0,0.0
Bengaluru City,Whitefield Traffic PS,1.04432e+16,2016,1,2,Road Accidents,Other,City/Town,Near a factory industrial area,Human Error,No,Simple Injury,Others,Not at  Junction,Straight and flat,State Highway,Bitumen(Tar),Dry,No influence on accident,Clear,Kadugodi-Hoskote Main Road,INFRONT OF SAI LAKSHMI COMPANY,03KM,0.0,0.0
Bengaluru City,Whitefield Traffic PS,1.04432e+16,2016,1,1,Road Accidents,Other,City/Town,Residential area,Human Error,No,Simple Injury,Hit pedestrian,Not at  Junction,Straight and flat,City or Town Road,Bitumen(Tar),Dry,No influence on accident,Clear,Nagondanahalli Main Road,Green Tree,04KM,0.0,0.0
Bengaluru City,Whitefield Traffic PS,1.04432e+16,2016,1,2,Road Accidents,Other,City/Town,Residential area,Human Error,Yes,Damage Only,Hit and Run,Not at  Junction,Straight and flat,State Highway,Bitumen(Tar),Dry,No influence on accident,Fine,Kadugodi-Hosakote Main Road,Army welfare apartment,20M,0.0,0.0
Bengaluru City,Whitefield Traffic PS,1.04432e+16,2016,1,1,Road Accidents,T Junction,City/Town,Near Bus stop,Human Error,No,Fatal,Hit pedestrian,Signal lights Blinking,Straight and flat,State Highway,Bitumen(Tar),Dry,No influence on accident,Fine,Whitefield Main Road,Opp Mayur Bakery,24ft,0.0,0.0
Bengaluru City,Whitefield Traffic PS,1.04432e+16,2016,1,2,Road Accidents,Other,City/Town,In bazaar,Human Error,No,Damage Only,Others,Not at  Junction,Straight and flat,City or Town Road,Bitumen(Tar),Dry,No influence on accident,Fine,ITPL Main Road,Punjabi Daba,20M,0.0,0.0
Bengaluru City,Whitefield Traffic PS,1.04432e+16,2016,1,1,Road Accidents,T Junction,City/Town,Residential area,Human Error,Yes,Simple Injury,Hit pedestrian,Signal lights Blinking,Straight and flat,City or Town Road,Bitumen(Tar),Dry,No influence on accident,Fine,Kundalahalli Main Road,Strerling apartment,30M,0.0,0.0
Bengaluru City,Whitefield Traffic PS,1.04432e+16,2016,1,1,Road Accidents,Other,City/Town,Residential area,Human Error,No,Grievous Injury,Hit pedestrian,Not at  Junction,Straight and flat,City or Town Road,Bitumen(Tar),Dry,No influence on accident,Fine,Varthur Main Road,Jagruthi Apartment,12M,0.0,0.0
Bengaluru City,Whitefield Traffic PS,1.04432e+16,2016,1,1,Road Accidents,Other,City/Town,Near office complex,Human Error,Yes,Grievous Injury,Hit pedestrian,Not at  Junction,Straight and flat,City or Town Road,Bitumen(Tar),Dry,No influence on accident,Clear,ITPL Main Road,Near R M Z Company,05KM,0.0,0.0
Bengaluru City,Whitefield Traffic PS,1.04432e+16,2016,1,1,Road Accidents,Other,City/Town,Near School or College,Human Error,No,Damage Only,Hit fixed object,Not at  Junction,Straight and flat,City or Town Road,Bitumen(Tar),Dry,No influence on accident,Clear,Kundalahalli-ITPL Main Road,CMRIT College,07KM,0.0,0.0
Bengaluru City,Whitefield Traffic PS,1.04432e+16,2016,1,2,Road Accidents,Other,City/Town,Near a religious place,Human Error,No,Simple Injury,Others,Not at  Junction,Straight and flat,State Highway,Bitumen(Tar),Dry,No influence on accident,Clear,Kadugodi-Hoskote Main Road,In front off Saibaba Ashram,01KM,0.0,0.0
Bengaluru City,Whitefield Traffic PS,1.04432e+16,2016,1,1,Road Accidents,Other,City/Town,Open area,Human Error,No,Fatal,Others,Not at  Junction,Straight and flat,State Highway,Bitumen(Tar),Dry,No influence on accident,Fine,Varthur Main Road,Bunyan Tree,20ft,0.0,0.0
Bengaluru City,Whitefield Traffic PS,1.04432e+16,2016,1,2,Road Accidents,T Junction,City/Town,Near a factory industrial area,Human Error,Yes,Simple Injury,Hit and Run,No signal lights,Straight and flat,City or Town Road,Bitumen(Tar),Dry,No influence on accident,Fine,Vydehi Hospital Main Road,Genesis Company,20M,0.0,0.0
Bengaluru City,Whitefield Traffic PS,1.04432e+16,2016,1,1,Road Accidents,T Junction,City/Town,Near office complex,Human Error,No,Grievous Injury,Hit pedestrian,No signal lights,Straight and flat,State Highway,Bitumen(Tar),Dry,No influence on accident,Fine,Kadugodi-Hosakote Main Road,HDFC Bank,20M,0.0,0.0
Bengaluru City,Whitefield Traffic PS,1.04432e+16,2016,1,2,Road Accidents,T Junction,City/Town,In bazaar,Human Error,Yes,Grievous Injury,Hit and Run,Signal lights Blinking,Straight and flat,State Highway,Bitumen(Tar),Dry,No influence on accident,Fine,Whitefield Main Road,Mayur Bakery,15M,0.0,0.0
Bengaluru City,Whitefield Traffic PS,1.04432e+16,2016,1,2,Road Accidents,Other,City/Town,Near School or College,Human Error,No,Damage Only,Others,Not at  Junction,Straight and flat,City or Town Road,Bitumen(Tar),Dry,No influence on accident,Fine,Kundalahalli Main Road,CMRIT College,30M,0.0,0.0
Bengaluru City,Whitefield Traffic PS,1.04432e+16,2016,1,2,Road Accidents,Other,City/Town,Near office complex,Human Error,No,Damage Only,Others,Not at  Junction,Straight and flat,City or Town Road,Bitumen(Tar),Dry,No influence on accident,Fine,Vydehi Main Road,Near Tesco Company,10M,0.0,0.0
Bengaluru City,Whitefield Traffic PS,1.04432e+16,2016,1,2,Road Accidents,Cross roads,City/Town,Near Bus stop,Human Error,Yes,Damage Only,Hit and Run,Not at  Junction,Straight and flat,City or Town Road,Bitumen(Tar),Dry,No influence on accident,Fine,whitefield main road,electrical pole,5m,0.0,0.0
Bengaluru City,Whitefield Traffic PS,1.04432e+16,2016,1,2,Road Accidents,Other,City/Town,Near Hospital,Human Error,Yes,Damage Only,Hit and Run,Not at  Junction,Straight and flat,City or Town Road,Bitumen(Tar),Dry,No influence on accident,Fine,Vydehi Hospital Main Road,Sai Baba Multi Speciality,20M,0.0,0.0
Bengaluru City,Whitefield Traffic PS,1.04432e+16,2016,1,2,Road Accidents,Other,City/Town,Open area,Human Error,No,Grievous Injury,Others,Not at  Junction,Straight and flat,State Highway,Bitumen(Tar),Dry,No influence on accident,Fine,Varthur-Sarjapura Main Road,Kateramma Temple,10M,0.0,0.0
Bengaluru City,Whitefield Traffic PS,1.04432e+16,2016,1,1,Road Accidents,Narrow road,City/Town,Near a religious place,Human Error,No,Grievous Injury,Others,Not at  Junction,Others,State Highway,Bitumen(Tar),Dry,No influence on accident,Fine,whitefield main road,TREE,7m,0.0,0.0
Bengaluru City,Whitefield Traffic PS,1.04432e+16,2016,1,2,Road Accidents,Other,City/Town,Near Hospital,Human Error,No,Damage Only,Others,Not at  Junction,Straight and flat,City or Town Road,Bitumen(Tar),Dry,No influence on accident,Fine,Grafite india main road,RXDX Hospital,15m,0.0,0.0
Bengaluru City,Whitefield Traffic PS,1.04432e+16,2016,1,1,Road Accidents,Other,City/Town,In bazaar,Human Error,No,Damage Only,Others,Not at  Junction,Straight and flat,State Highway,Bitumen(Tar),Dry,No influence on accident,Fine,Whitefield Main Road,In front of Foodworld,20M,0.0,0.0
Bengaluru City,Whitefield Traffic PS,1.04432e+16,2016,1,2,Road Accidents,Other,City/Town,Residential area,Human Error,Yes,Fatal,Others,Not at  Junction,Straight and flat,City or Town Road,Bitumen(Tar),Dry,No influence on accident,Clear,Nallurahalli Main Road,Near Anjaneya Temple,05KM,0.0,0.0
Bengaluru City,Whitefield Traffic PS,1.04432e+16,2016,1,1,Road Accidents,Other,City/Town,Near a factory industrial area,Human Error,No,Grievous Injury,Hit pedestrian,Not at  Junction,Straight and flat,City or Town Road,Bitumen(Tar),Dry,No influence on accident,Fine,ITPL Main Road,ITPL,30M,0.0,0.0
Bengaluru City,Whitefield Traffic PS,1.04432e+16,2016,1,2,Road Accidents,Other,City/Town,Near a recreation place/cinema,Human Error,No,Grievous Injury,Others,Not at  Junction,Straight and flat,State Highway,Bitumen(Tar),Dry,No influence on accident,Clear,Kadugodi-Hoskote Main Road,NEAR SRINIVAS BAR,1.5KM,0.0,0.0
Bengaluru City,Whitefield Traffic PS,1.04432e+16,2016,1,2,Road Accidents,Other,City/Town,Near office complex,Human Error,Yes,Grievous Injury,Others,Not at  Junction,Straight and flat,City or Town Road,Bitumen(Tar),Dry,No influence on accident,Clear,Vydehi-Graphite India Main Road,Opp Sab Lab Company,06KM,0.0,0.0
Bengaluru City,Whitefield Traffic PS,1.04432e+16,2016,1,2,Road Accidents,Other,City/Town,Near a recreation place/cinema,Human Error,Yes,Simple Injury,Hit and Run,Not at  Junction,Straight and flat,City or Town Road,Bitumen(Tar),Dry,No influence on accident,Fine,Vydehi Hospital Main Road,Inorbit mall,20,0.0,0.0
Bengaluru City,Whitefield Traffic PS,1.04432e+16,2016,1,1,Road Accidents,Other,City/Town,Near Bus stop,Human Error,Yes,Fatal,Hit pedestrian,Not at  Junction,Straight and flat,City or Town Road,Bitumen(Tar),Dry,No influence on accident,Fine,Varthur Main Road,In front of Rishi Hiro Motor Show Room,10M,0.0,0.0
Bengaluru City,Whitefield Traffic PS,1.04432e+16,2016,1,2,Road Accidents,Other,City/Town,Near Bus stop,Human Error,Yes,Simple Injury,Others,No signal lights,Straight and flat,City or Town Road,Bitumen(Tar),Dry,No influence on accident,Fine,Varthur Main Road,BMTC Bus Stop,30M,0.0,0.0
Bengaluru City,Whitefield Traffic PS,1.04432e+16,2016,1,2,Road Accidents,Other,City/Town,Residential area,Human Error,No,Grievous Injury,Others,Not at  Junction,Straight and flat,City or Town Road,Bitumen(Tar),Dry,No influence on accident,Fine,ECC Road,Vigiling Farm Apartment,20M,0.0,0.0
Bengaluru City,Whitefield Traffic PS,1.04432e+16,2016,1,2,Road Accidents,T Junction,City/Town,Residential area,Human Error,No,Simple Injury,Others,Signal lights Blinking,Straight and flat,City or Town Road,Bitumen(Tar),Dry,No influence on accident,Fine,Kundalahalli Main Road,BEML Junction,10M,0.0,0.0
Bengaluru City,Whitefield Traffic PS,1.04432e+16,2016,1,2,Road Accidents,Other,City/Town,Open area,Human Error,Yes,Grievous Injury,Others,Not at  Junction,Straight and flat,City or Town Road,Bitumen(Tar),Dry,No influence on accident,Fine,Dinnuru Main Road,Electrical Shop,7M,0.0,0.0
Bengaluru City,Whitefield Traffic PS,1.04432e+16,2016,1,1,Road Accidents,Other,City/Town,Near a recreation place/cinema,Human Error,Yes,Grievous Injury,Hit pedestrian,Not at  Junction,Straight and flat,City or Town Road,Bitumen(Tar),Dry,No influence on accident,Fine,Kundalahalli Main Road,Hyper City Mall,20M,0.0,0.0
Bengaluru City,Whitefield Traffic PS,1.04432e+16,2016,1,1,Road Accidents,Other,City/Town,Near a recreation place/cinema,Human Error,Yes,Simple Injury,Hit pedestrian,Not at  Junction,Others,State Highway,Bitumen(Tar),Dry,No influence on accident,Fine,Kadugodi-Hosakote Main Road,A1 Fresh Super Market,10M,0.0,0.0
Bengaluru City,Whitefield Traffic PS,1.04432e+16,2016,1,2,Road Accidents,T Junction,City/Town,Residential area,Human Error,Yes,Simple Injury,Hit and Run,Signal lights Blinking,Straight and flat,State Highway,Bitumen(Tar),Dry,No influence on accident,Fine,Whitefield Main Road,Opp Vasvani Pinacale Apartment,03KM,0.0,0.0
Bengaluru City,Whitefield Traffic PS,1.04432e+16,2016,1,2,Road Accidents,Other,City/Town,Near Hospital,Human Error,No,Damage Only,Others,Not at  Junction,Straight and flat,City or Town Road,Bitumen(Tar),Dry,No influence on accident,Fine,Vydehi Hospital Main Road,Satya Sai Baba Hospital,25M,0.0,0.0
Bengaluru City,Whitefield Traffic PS,1.04432e+16,2016,1,2,Road Accidents,Junction,City/Town,Near a recreation place/cinema,Human Error,No,Simple Injury,Others,Signal lights Automatic,Straight and flat,City or Town Road,Bitumen(Tar),Dry,No influence on accident,Clear,ITPL Main Road,Hopefarm Junction,01KM,0.0,0.0
Bengaluru City,Whitefield Traffic PS,1.04432e+16,2016,1,1,Road Accidents,Other,City/Town,Near Bus stop,Human Error,Yes,Simple Injury,Hit pedestrian,Not at  Junction,Straight and flat,State Highway,Bitumen(Tar),Dry,No influence on accident,Clear,Hoskote-Kadugodi Main Road,Near Bus Stop,03KM,0.0,0.0
Bengaluru City,Whitefield Traffic PS,1.04432e+16,2016,1,1,Road Accidents,Other,City/Town,Near office complex,Human Error,Yes,Simple Injury,Hit pedestrian,Not at  Junction,Straight and flat,City or Town Road,Bitumen(Tar),Dry,No influence on accident,Clear,Nallurahalli Main Road,Green Tree,05KM,0.0,0.0
Bengaluru City,Whitefield Traffic PS,1.04432e+16,2016,1,1,Road Accidents,Junction,City/Town,Near Bus stop,Human Error,No,Grievous Injury,Hit pedestrian,Signal lights Automatic,Straight and flat,City or Town Road,Bitumen(Tar),Dry,No influence on accident,Fine,Channasandra Main Road,BMTC Bus Stop,20M,0.0,0.0
Bengaluru City,Whitefield Traffic PS,1.04432e+16,2016,1,2,Road Accidents,Other,City/Town,Residential area,Human Error,Yes,Damage Only,Others,Not at  Junction,Straight and flat,City or Town Road,Bitumen(Tar),Dry,No influence on accident,Fine,AECS Layout,Sarnya Brundavan Apartment,10,0.0,0.0
Bengaluru City,Whitefield Traffic PS,1.04432e+16,2016,1,1,Road Accidents,Other,City/Town,Residential area,Human Error,Yes,Grievous Injury,Hit pedestrian,Not at  Junction,Straight and flat,City or Town Road,Bitumen(Tar),Dry,No influence on accident,Fine,BEML Layout Main Road,BEML Layout,20 M,0.0,0.0