DISTRICTNAME,UNITNAME,Crime_No,Year,RI,Noofvehicle_involved,Accident_Classification,Accident_Spot,Accident_Location,Accident_SubLocation,Main_Cause,Hit_Run,Severity,Collision_Type,Junction_Control,Road_Character,Road_Type,Surface_Type,Surface_Condition,Road_Condition,Weather,Accident_Road,Landmark_first,Distance_LandMark_First,Latitude,Longitude
Bengaluru City,Whitefield Traffic PS,1.04432e+16,2016,1,1,Road Accidents,T Junction,City/Town,Open area,Human Error,Yes,Fatal,Hit bicyclist,Signal lights Blinking,Straight and flat,State Highway,Bitumen(Tar),Dry,No influence on accident,Fine,Kadugodi-Hosakote Main Road,Opp SBM Bank,40Ft,0.0,0.0
Bengaluru City,Whitefield Traffic PS,1.04432e+16,2016,1,2,Road Accidents,Other,City/Town,Near Bus stop,Human Error,Yes,Simple Injury,Hit and Run,No signal lights,Straight and flat,City or Town Road,Bitumen(Tar),Dry,No influence on accident,Fine,Vydehi Hospital Main Road,BMTC Bus Stop,20M,0.0,0.0
Bengaluru City,Whitefield Traffic PS,1.04432e+16,2016,1,2,Road Accidents,T Junction,City/Town,Near a factory industrial area,Human Error,No,Grievous Injury,Others,No signal lights,Straight and flat,City or Town Road,Bitumen(Tar),Dry,No influence on accident,Fine,Graphite India Main Road,Corporation Bank ATM,30M,0.0,0.0
Bengaluru City,Whitefield Traffic PS,1.04432e+16,2016,1,2,Road Accidents,Other,City/Town,Near a religious place,Human Error,Yes,Fatal,Hit and Run,Not at  Junction,Straight and flat,State Highway,Bitumen(Tar),Dry,No influence on accident,Fine,Kadugodi-Hosakote Main Road,Opp Anjaneya Temple,30M,0.0,0.0
Bengaluru City,Whitefield Traffic PS,1.04432e+16,2016,1,2,Road Accidents,Other,City/Town,Near a recreation place/cinema,Human Error,No,Grievous Injury,Others,Not at  Junction,Straight and flat,City or Town Road,Bitumen(Tar),Dry,No influence on accident,Fine,Graphite India Main Road,Opp Fortuner Hotel,10M,0.0,0.0
Bengaluru City,Whitefield Traffic PS,1.04432e+16,2016,1,2,Road Accidents,Bridge,City/Town,Narrow bridge or culverts,Human Error,No,Grievous Injury,Others,Not Applicable,Straight and flat,State Highway,Bitumen(Tar),Dry,No influence on accident,Fine,Kadugodi-Hosakote Main Road,Golden Blossom Apartment,20M,0.0,0.0
Bengaluru City,Whitefield Traffic PS,1.04432e+16,2016,1,2,Road Accidents,Junction,City/Town,Near a factory industrial area,Human Error,Yes,Grievous Injury,Hit and Run,Signal lights Blinking,Straight and flat,City or Town Road,Bitumen(Tar),Dry,No influence on accident,Fine,ITPL Main Road,Prestige Shantinikethan,30M,0.0,0.0
Bengaluru City,Whitefield Traffic PS,1.04432e+16,2016,1,2,Road Accidents,Narrow road,City/Town,Open area,Human Error,No,Damage Only,Others,Not at  Junction,Others,City or Town Road,Bitumen(Tar),Dry,No influence on accident,Fine,"Varthur main road,",tree,9m,0.0,0.0
Bengaluru City,Whitefield Traffic PS,1.04432e+16,2016,1,2,Road Accidents,Other,City/Town,Residential area,Human Error,Yes,Grievous Injury,Hit and Run,Not at  Junction,Straight and flat,City or Town Road,Bitumen(Tar),Dry,No influence on accident,Fine,varthur main road,sri ram samruddhi apartment,20M,0.0,0.0
Bengaluru City,Whitefield Traffic PS,1.04432e+16,2016,1,2,Road Accidents,Junction,City/Town,Near a recreation place/cinema,Human Error,Yes,Damage Only,Hit and Run,No signal lights,Straight and flat,City or Town Road,Bitumen(Tar),Dry,No influence on accident,Fine,Vydehi Main Road,In Orbit Mall,15M,0.0,0.0
Bengaluru City,Whitefield Traffic PS,1.04432e+16,2016,1,1,Road Accidents,Other,City/Town,Residential area,Human Error,Yes,Simple Injury,Hit pedestrian,Not at  Junction,Straight and flat,City or Town Road,Bitumen(Tar),Dry,No influence on accident,Fine,Immadihalli Main Road,Ankur Satya Sai Apartment,10M,0.0,0.0
Bengaluru City,Whitefield Traffic PS,1.04432e+16,2016,1,2,Road Accidents,Other,City/Town,In bazaar,Human Error,Yes,Grievous Injury,Hit and Run,Not at  Junction,Straight and flat,City or Town Road,Bitumen(Tar),Dry,No influence on accident,Fine,Thubarahalli Varthur main road,TREE,6m,0.0,0.0
Bengaluru City,Whitefield Traffic PS,1.04432e+16,2016,1,2,Road Accidents,Y Junction,City/Town,Open area,Human Error,Yes,Simple Injury,Hit and Run,No signal lights,Straight and flat,State Highway,Bitumen(Tar),Dry,No influence on accident,Fine,Kadugodi-Hosakote Main Road,Central Warehousing Society,20M,0.0,0.0
Bengaluru City,Whitefield Traffic PS,1.04432e+16,2016,1,1,Road Accidents,Other,City/Town,Near a recreation place/cinema,Human Error,No,Simple Injury,Hit pedestrian,Not at  Junction,Straight and flat,City or Town Road,Bitumen(Tar),Dry,No influence on accident,Clear,Kadugodi-FCI Main Road,Srinivasa Theatre,03KM,0.0,0.0
Bengaluru City,Whitefield Traffic PS,1.04432e+16,2016,1,2,Road Accidents,Other,City/Town,Residential area,Human Error,Yes,Grievous Injury,Others,Not at  Junction,Straight and flat,State Highway,Bitumen(Tar),Dry,No influence on accident,Fine,Kadugodi-Hosakote Main Road,Chaitanya Samarpana Apartment,10M,0.0,0.0
Bengaluru City,Whitefield Traffic PS,1.04432e+16,2016,1,2,Road Accidents,Other,City/Town,Open area,Human Error,Yes,Fatal,Others,Not at  Junction,Straight and flat,City or Town Road,Bitumen(Tar),Dry,No influence on accident,Clear,Varthur Main Road,Infront of Rishi Honda Motors,07KM,0.0,0.0
Bengaluru City,Whitefield Traffic PS,1.04432e+16,2016,1,2,Road Accidents,T Junction,City/Town,Near a factory industrial area,Human Error,Yes,Damage Only,Others,Signal lights Automatic,Straight and flat,City or Town Road,Bitumen(Tar),Dry,No influence on accident,Clear,Vydehi-Graphite India Main Road,Graphite India Junction,06KM,0.0,0.0
Bengaluru City,Whitefield Traffic PS,1.04432e+16,2016,1,1,Road Accidents,T Junction,City/Town,Near Bus stop,Human Error,Yes,Fatal,Hit pedestrian,Signal lights Blinking,Straight and flat,City or Town Road,Bitumen(Tar),Dry,No influence on accident,Fine,Channasandra Main Road,Near Bus Stop,12M,0.0,0.0
Bengaluru City,Whitefield Traffic PS,1.04432e+16,2016,1,2,Road Accidents,Other,City/Town,Near a factory industrial area,Human Error,No,Damage Only,Others,Not at  Junction,Straight and flat,City or Town Road,Bitumen(Tar),Dry,No influence on accident,Clear,ITPL Main Road,Infront of G R Teck Park,02KM,0.0,0.0
Bengaluru City,Whitefield Traffic PS,1.04432e+16,2016,1,2,Road Accidents,Other,City/Town,In bazaar,Human Error,No,Damage Only,Others,Not at  Junction,Straight and flat,State Highway,Bitumen(Tar),Dry,No influence on accident,Fine,Whitefield Main Road,Apna Day Mall,10,0.0,0.0
Bengaluru City,Whitefield Traffic PS,1.04432e+16,2016,1,2,Road Accidents,Narrow road,City/Town,Near a recreation place/cinema,Human Error,No,Simple Injury,Others,Not at  Junction,Others,State Highway,Bitumen(Tar),Dry,No influence on accident,Fine,whitefield main road,TREE,7.5 M,0.0,0.0
Bengaluru City,Whitefield Traffic PS,1.04432e+16,2016,1,2,Road Accidents,T Junction,City/Town,Open area,Human Error,Yes,Grievous Injury,Hit and Run,No signal lights,Straight and flat,State Highway,Bitumen(Tar),Dry,No influence on accident,Fine,Kadugodi-Hosakote Main Road,Bevinamara colony,30M,0.0,0.0
Bengaluru City,Whitefield Traffic PS,1.04432e+16,2016,1,2,Road Accidents,Y Junction,City/Town,Residential area,Human Error,Yes,Simple Injury,Others,Not at  Junction,Straight and flat,Village Road,Bitumen(Tar),Dry,No influence on accident,Clear,Dinnur Main Road,Dinnuru,01KM,0.0,0.0
Bengaluru City,Whitefield Traffic PS,1.04432e+16,2016,1,1,Road Accidents,Y Junction,City/Town,Near a recreation place/cinema,Human Error,No,Grievous Injury,Hit pedestrian,Signal lights Blinking,Straight and flat,City or Town Road,Bitumen(Tar),Dry,No influence on accident,Clear,ITPL-Kundalahalli Main Road,Formula one Junction,03KM,0.0,0.0
Bengaluru City,Whitefield Traffic PS,1.04432e+16,2016,1,1,Road Accidents,Other,City/Town,Residential area,Human Error,Yes,Fatal,Hit pedestrian,Not at  Junction,Straight and flat,City or Town Road,Bitumen(Tar),Dry,No influence on accident,Fine,Varthur Main Road,Regient Palm Villa Apartment,20M,0.0,0.0
Bengaluru City,Whitefield Traffic PS,1.04432e+16,2016,1,2,Road Accidents,Other,City/Town,Near a recreation place/cinema,Human Error,Yes,Simple Injury,Hit and Run,Not at  Junction,Straight and flat,City or Town Road,Bitumen(Tar),Dry,No influence on accident,Fine,Graphite India Main Road,Keys Hotel,20M,0.0,0.0
Bengaluru City,Whitefield Traffic PS,1.04432e+16,2016,1,1,Road Accidents,Other,City/Town,Residential area,Human Error,No,Grievous Injury,Hit pedestrian,Not at  Junction,Straight and flat,City or Town Road,Bitumen(Tar),Dry,No influence on accident,Fine,Nallurahalli Main Road,Green Tree,7.5M,0.0,0.0
Bengaluru City,Whitefield Traffic PS,1.04432e+16,2016,1,2,Road Accidents,Curves,City/Town,Near a factory industrial area,Human Error,Yes,Fatal,Hit and Run,Not at  Junction,Slight Curve,City or Town Road,Bitumen(Tar),Dry,No influence on accident,Fine,Vydehi Hospital Main Road,Rajesh Export Company,30M,0.0,0.0
Bengaluru City,Whitefield Traffic PS,1.04432e+16,2016,1,2,Road Accidents,Other,City/Town,Near a factory industrial area,Human Error,Yes,Simple Injury,Hit and Run,Not at  Junction,Straight and flat,City or Town Road,Bitumen(Tar),Dry,No influence on accident,Fine,vydehi-itpl main road,container yard junction,10M,0.0,0.0
Bengaluru City,Whitefield Traffic PS,1.04432e+16,2016,1,2,Road Accidents,Other,City/Town,Near Bus stop,Human Error,No,Damage Only,Others,Not at  Junction,Straight and flat,State Highway,Bitumen(Tar),Dry,No influence on accident,Fine,"whitefield main road, near hope form junction",Muneshwara temple,3m,0.0,0.0
Bengaluru City,Whitefield Traffic PS,1.04432e+16,2016,1,2,Road Accidents,Other,City/Town,Residential area,Human Error,No,Grievous Injury,Others,Not at  Junction,Straight and flat,City or Town Road,Bitumen(Tar),Dry,No influence on accident,Fine,AECS Layout,Srinivasa Reddy Layout,10M,0.0,0.0
Bengaluru City,Whitefield Traffic PS,1.04432e+16,2016,1,1,Road Accidents,Other,City/Town,Near a recreation place/cinema,Human Error,No,Fatal,Hit pedestrian,Not at  Junction,Straight and flat,City or Town Road,Concrete,Dry,No influence on accident,Fine,Channasandra-FCI Main Road,Srinivasa Takies,30M,0.0,0.0
Bengaluru City,Whitefield Traffic PS,1.04432e+16,2016,1,2,Road Accidents,Other,City/Town,In bazaar,Human Error,No,Damage Only,Others,Not Applicable,Straight and flat,City or Town Road,Bitumen(Tar),Dry,No influence on accident,Fine,ITPL MAIN ROAD,THALASSERY HOTEL,15f,0.0,0.0
Bengaluru City,Whitefield Traffic PS,1.04432e+16,2016,1,2,Road Accidents,T Junction,City/Town,Near School or College,Human Error,Yes,Fatal,Others,Signal lights Blinking,Straight and flat,City or Town Road,Bitumen(Tar),Dry,No influence on accident,Fine,Channasandra Main Road,surya glass flywoods shop,10M,0.0,0.0
Bengaluru City,Whitefield Traffic PS,1.04432e+16,2016,1,2,Road Accidents,T Junction,City/Town,Open area,Human Error,No,Damage Only,Others,Signal lights Blinking,Straight and flat,City or Town Road,Bitumen(Tar),Dry,No influence on accident,Clear,ITPL Main Road,Dinnuru Cross,01KM,0.0,0.0
Bengaluru City,Whitefield Traffic PS,1.04432e+16,2016,1,2,Road Accidents,Other,City/Town,Open area,Human Error,Yes,Simple Injury,Hit pedestrian,Not at  Junction,Straight and flat,State Highway,Bitumen(Tar),Dry,No influence on accident,Clear,Kadugodi-Hoskote Main Road,Army Welfare Apartment,03KM,0.0,0.0
Bengaluru City,Whitefield Traffic PS,1.04432e+16,2016,1,2,Road Accidents,Y Junction,City/Town,Near a factory industrial area,Human Error,Yes,Grievous Injury,Hit and Run,Signal lights Blinking,Straight and flat,City or Town Road,Bitumen(Tar),Dry,No influence on accident,Fine,ITPL Main Road,BPL Company,20M,0.0,0.0
Bengaluru City,Whitefield Traffic PS,1.04432e+16,2016,1,1,Road Accidents,Other,City/Town,Open area,Human Error,Yes,Grievous Injury,Hit pedestrian,Not at  Junction,Straight and flat,City or Town Road,Bitumen(Tar),Dry,No influence on accident,Clear,Hagaduru Main Road,Hagaduru Junction,04KM,0.0,0.0
Bengaluru City,Whitefield Traffic PS,1.04432e+16,2016,1,2,Road Accidents,Other,City/Town,Near Bus stop,Human Error,No,Grievous Injury,Others,Not at  Junction,Straight and flat,City or Town Road,Bitumen(Tar),Dry,No influence on accident,Fine,Immadihalli Main Road,BMTC Bus Stop,30M,0.0,0.0
Bengaluru City,Whitefield Traffic PS,1.04432e+16,2016,1,2,Road Accidents,Other,City/Town,Near School or College,Human Error,Yes,Grievous Injury,Others,Not at  Junction,Straight and flat,City or Town Road,Bitumen(Tar),Dry,No influence on accident,Fine,Channasandra Main Road,Opp Global School,10M,0.0,0.0
Bengaluru City,Whitefield Traffic PS,1.04432e+16,2016,1,2,Road Accidents,Other,City/Town,Near office complex,Human Error,No,Damage Only,Others,Not at  Junction,Straight and flat,City or Town Road,Bitumen(Tar),Dry,No influence on accident,Fine,ITPL Main Road,Opp Prestige Shantinikethan,20M,0.0,0.0
Bengaluru City,Whitefield Traffic PS,1.04432e+16,2016,1,2,Road Accidents,Other,City/Town,Open area,Human Error,Yes,Simple Injury,Others,Not at  Junction,Straight and flat,City or Town Road,Bitumen(Tar),Dry,No influence on accident,Fine,Sadaramangal-Kodigehalli Main Road,Venkataswamy Land,10M,0.0,0.0
Bengaluru City,Whitefield Traffic PS,1.04432e+16,2016,1,2,Road Accidents,Other,City/Town,Open area,Human Error,No,Simple Injury,Others,Not at  Junction,Slight Curve,State Highway,Bitumen(Tar),Dry,No influence on accident,Clear,Varthur Main Road,Opp Sterling Apartment,06KM,0.0,0.0
Bengaluru City,Whitefield Traffic PS,1.04432e+16,2016,1,1,Road Accidents,Other,City/Town,Near a factory industrial area,Human Error,Yes,Grievous Injury,Hit pedestrian,Not at  Junction,Straight and flat,City or Town Road,Bitumen(Tar),Dry,No influence on accident,Clear,Varthur Main Road,V V S BAR & RESTUARANT,07KM,0.0,0.0
Bengaluru City,Whitefield Traffic PS,1.04432e+16,2016,1,2,Road Accidents,Other,City/Town,Open area,Human Error,No,Damage Only,Others,Not at  Junction,Straight and flat,State Highway,Bitumen(Tar),Dry,No influence on accident,Clear,Kadugodi-Hoskote Main Road,Infront of Whitefield Traffic Police Station,100M,0.0,0.0
Bengaluru City,Whitefield Traffic PS,1.04432e+16,2016,1,1,Road Accidents,Other,City/Town,Near office complex,Human Error,No,Grievous Injury,Hit bicyclist,Signal lights Blinking,Straight and flat,City or Town Road,Bitumen(Tar),Dry,No influence on accident,Clear,ITPL Main Road,Opp Prestige Shantinikethan 1st Gate,03KM,0.0,0.0
Bengaluru City,Whitefield Traffic PS,1.04432e+16,2016,1,1,Road Accidents,Other,City/Town,Near Hospital,Human Error,No,Grievous Injury,Hit pedestrian,Not at  Junction,Straight and flat,City or Town Road,Bitumen(Tar),Dry,No influence on accident,Clear,ITPL Main Road,Opp Satya Sai Super Specality Hospital,04KM,0.0,0.0
Bengaluru City,Whitefield Traffic PS,1.04432e+16,2016,1,2,Road Accidents,T Junction,City/Town,Near Bus stop,Human Error,Yes,Simple Injury,Others,Signal lights Blinking,Straight and flat,State Highway,Bitumen(Tar),Dry,No influence on accident,Clear,Kadugodi-Hoskote Main Road,Belthur Bus Stop,01KM,0.0,0.0
Bengaluru City,Whitefield Traffic PS,1.04432e+16,2016,1,2,Road Accidents,Other,City/Town,Open area,Human Error,No,Grievous Injury,Others,Not at  Junction,Straight and flat,City or Town Road,Bitumen(Tar),Dry,No influence on accident,Clear,Channasandra Main Road,BMTC Bus Stop,03KM,0.0,0.0
Bengaluru City,Whitefield Traffic PS,1.04432e+16,2016,1,2,Road Accidents,Other,City/Town,Near a factory industrial area,Human Error,Yes,Simple Injury,Hit and Run,Not at  Junction,Straight and flat,City or Town Road,Bitumen(Tar),Dry,No influence on accident,Fine,Graphite India Main Road,Hyundia Car Service,30M,0.0,0.0
Bengaluru City,Whitefield Traffic PS,1.04432e+16,2016,1,1,Road Accidents,Narrow road,City/Town,Near a religious place,Human Error,Yes,Fatal,Hit and Run,Not at  Junction,Others,City or Town Road,Bitumen(Tar),Dry,No influence on accident,Fine,Nalurahali siddapura road,Elc Pol,41,0.0,0.0
Bengaluru City,Whitefield Traffic PS,1.04432e+16,2016,1,2,Road Accidents,Other,City/Town,Near a recreation place/cinema,Human Error,No,Damage Only,Others,Not Applicable,Straight and flat,City or Town Road,Bitumen(Tar),Dry,No influence on accident,Fine,ITPL Main Road,ITPL Bus Stop,10M,0.0,0.0
Bengaluru City,Whitefield Traffic PS,1.04432e+16,2016,1,2,Road Accidents,Other,City/Town,Near School or College,Human Error,Yes,Grievous Injury,Others,Not at  Junction,Straight and flat,City or Town Road,Bitumen(Tar),Dry,No influence on accident,Clear,ECC Road,Near Deens School,03KM,0.0,0.0
Bengaluru City,Whitefield Traffic PS,1.04432e+16,2016,1,2,Road Accidents,T Junction,City/Town,Residential area,Human Error,Yes,Grievous Injury,Hit and Run,No signal lights,Straight and flat,City or Town Road,Bitumen(Tar),Dry,No influence on accident,Clear,BEML Main road,rizeant plus apartment,10M,0.0,0.0
Bengaluru City,Whitefield Traffic PS,1.04432e+16,2016,1,2,Road Accidents,Junction,City/Town,Near a recreation place/cinema,Human Error,Yes,Grievous Injury,Hit and Run,Signal lights Blinking,Straight and flat,City or Town Road,Bitumen(Tar),Dry,No influence on accident,Fine,Kundalahalli Main Road,Hydrabad Rucchies Resturant,20M,0.0,0.0
Bengaluru City,Whitefield Traffic PS,1.04432e+16,2016,1,1,Road Accidents,Other,City/Town,Near Bus stop,Human Error,No,Simple Injury,Hit pedestrian,Not at  Junction,Straight and flat,State Highway,Bitumen(Tar),Dry,No influence on accident,Fine,Kadugodi main road,whitefield traffic police station,25m,0.0,0.0
Bengaluru City,Whitefield Traffic PS,1.04432e+16,2016,1,2,Road Accidents,T Junction,City/Town,Residential area,Human Error,Yes,Grievous Injury,Hit and Run,No signal lights,Straight and flat,City or Town Road,Bitumen(Tar),Dry,No influence on accident,Fine,Nallurahalli Main Road,Achchaih House,20M,0.0,0.0
Bengaluru City,Whitefield Traffic PS,1.04432e+16,2016,1,2,Road Accidents,Other,City/Town,Residential area,Human Error,No,Grievous Injury,Others,Not at  Junction,Straight and flat,City or Town Road,Bitumen(Tar),Dry,No influence on accident,Fine,Nallurahalli Main Road,IVR Construction Brigade,20,0.0,0.0
Bengaluru City,Whitefield Traffic PS,1.04432e+16,2016,1,2,Road Accidents,Junction,City/Town,Open area,Human Error,Yes,Simple Injury,Hit and Run,Signal lights Automatic,Straight and flat,State Highway,Bitumen(Tar),Dry,No influence on accident,Fine,whitefield main road,hopefarm junction,20M,0.0,0.0
Bengaluru City,Whitefield Traffic PS,1.04432e+16,2016,1,1,Road Accidents,Other,City/Town,Residential area,Human Error,No,Fatal,Hit bicyclist,Not at  Junction,Straight and flat,City or Town Road,Bitumen(Tar),Dry,No influence on accident,Fine,Varthur Main Road,Laughing water apartment,20M,0.0,0.0
Bengaluru City,Whitefield Traffic PS,1.04432e+16,2016,1,2,Road Accidents,T Junction,City/Town,Open area,Human Error,No,Grievous Injury,Others,Signal lights Blinking,Straight and flat,State Highway,Bitumen(Tar),Dry,No influence on accident,Fine,Kadugodi-Hosakote Main Road,Anjaneya Temple,30M,0.0,0.0
Bengaluru City,Whitefield Traffic PS,1.04432e+16,2016,1,1,Road Accidents,Other,City/Town,Near or inside a village,Human Error,Yes,Simple Injury,Hit pedestrian,Not at  Junction,Straight and flat,City or Town Road,Bitumen(Tar),Dry,No influence on accident,Clear,Kadugodi Main Road,Near Railway Quarters,01KM,0.0,0.0
Bengaluru City,Whitefield Traffic PS,1.04432e+16,2016,1,1,Road Accidents,Other,City/Town,Residential area,Human Error,No,Damage Only,Hit fixed object,Not at  Junction,Straight and flat,State Highway,Bitumen(Tar),Dry,No influence on accident,Clear,Kadugodi-Hoskote Main Road,Military Apartment,03KM,0.0,0.0
Bengaluru City,Whitefield Traffic PS,1.04432e+16,2016,1,2,Road Accidents,Other,City/Town,Near a recreation place/cinema,Human Error,Yes,Grievous Injury,Others,Not at  Junction,Straight and flat,City or Town Road,Bitumen(Tar),Dry,No influence on accident,Clear,Channasandra Main Road,NORTH INDIAN FOOD HOUSE,03KM,0.0,0.0
Bengaluru City,Whitefield Traffic PS,1.04432e+16,2016,1,2,Road Accidents,T Junction,City/Town,Near a religious place,Human Error,No,Damage Only,Others,No signal lights,Straight and flat,City or Town Road,Bitumen(Tar),Dry,No influence on accident,Clear,Kundalahalli-ITPL Main Road,Near Anjaneya Temple,06KM,0.0,0.0
Bengaluru City,Whitefield Traffic PS,1.04432e+16,2016,1,2,Road Accidents,T Junction,City/Town,Near a factory industrial area,Human Error,Yes,Grievous Injury,Others,Signal lights Blinking,Straight and flat,City or Town Road,Bitumen(Tar),Dry,No influence on accident,Clear,ITPL Main Road,Container Yard Junction,02KM,0.0,0.0
Bengaluru City,Whitefield Traffic PS,1.04432e+16,2016,1,1,Road Accidents,Other,City/Town,Near Bus stop,Human Error,No,Damage Only,Hit fixed object,Signal lights Blinking,Straight and flat,City or Town Road,Bitumen(Tar),Dry,No influence on accident,Clear,Varthur Main Road,Ramagondanahalli Bus Stop,05KM,0.0,0.0
Bengaluru City,Whitefield Traffic PS,1.04432e+16,2016,1,2,Road Accidents,Y Junction,City/Town,Narrow bridge or culverts,Human Error,No,Grievous Injury,Others,Signal lights Blinking,Straight and flat,State Highway,Bitumen(Tar),Dry,No influence on accident,Fine,Varthur Main Road,Triveni Bakery,30M,0.0,0.0
Bengaluru City,Whitefield Traffic PS,1.04432e+16,2016,1,2,Road Accidents,Other,City/Town,Open area,Human Error,Yes,Grievous Injury,Others,Not at  Junction,Straight and flat,City or Town Road,Bitumen(Tar),Dry,No influence on accident,Clear,Immadihalli Main Road,Immadihalli Main Road,04KM,0.0,0.0
Bengaluru City,Whitefield Traffic PS,1.04432e+16,2016,1,1,Road Accidents,Narrow road,City/Town,Open area,Human Error,No,Grievous Injury,Others,Not Applicable,Others,Others,Bitumen(Tar),Dry,No influence on accident,Fine,KADUGODI CHANNASANDRA MAIN ROAD,TREE,3,0.0,0.0
Bengaluru City,Whitefield Traffic PS,1.04432e+16,2016,1,2,Road Accidents,Other,City/Town,Near a factory industrial area,Human Error,Yes,Grievous Injury,Hit and Run,Not at  Junction,Straight and flat,City or Town Road,Bitumen(Tar),Dry,No influence on accident,Fine,Vydehi Hospital Main Road,TCS Company,30M,0.0,0.0
Bengaluru City,Whitefield Traffic PS,1.04432e+16,2016,1,2,Road Accidents,Other,City/Town,Open area,Human Error,No,Damage Only,Others,Not at  Junction,Straight and flat,City or Town Road,Bitumen(Tar),Dry,No influence on accident,Fine,Varthur Main Road,Opp Power Car World,10M,0.0,0.0
Bengaluru City,Whitefield Traffic PS,1.04432e+16,2016,1,1,Road Accidents,Other,City/Town,In bazaar,Human Error,No,Grievous Injury,Hit pedestrian,Not at  Junction,Straight and flat,City or Town Road,Bitumen(Tar),Dry,No influence on accident,Fine,Kundalahalli Main Road,Hyper City Mall,10M,0.0,0.0
Bengaluru City,Whitefield Traffic PS,1.04432e+16,2016,1,2,Road Accidents,T Junction,City/Town,Residential area,Human Error,Yes,Damage Only,Hit and Run,Signal lights Blinking,Straight and flat,City or Town Road,Bitumen(Tar),Dry,No influence on accident,Fine,Kundalahalli Main Road,BEML Junction,10M,0.0,0.0
Bengaluru City,Whitefield Traffic PS,1.04432e+16,2016,1,1,Road Accidents,Other,City/Town,Near office complex,Human Error,No,Simple Injury,Hit pedestrian,Not at  Junction,Straight and flat,City or Town Road,Bitumen(Tar),Dry,No influence on accident,Fine,ITPL Main Road,Prestige Shantinikethan,30M,0.0,0.0
Bengaluru City,Whitefield Traffic PS,1.04432e+16,2016,1,2,Road Accidents,Other,City/Town,Open area,Human Error,No,Grievous Injury,Others,Not Applicable,Straight and flat,State Highway,Bitumen(Tar),Dry,No influence on accident,Fine,kadugodi-hosakote main road,alembic colony,20M,0.0,0.0
Bengaluru City,Whitefield Traffic PS,1.04432e+16,2017,1,1,Road Accidents,Other,City/Town,Near a recreation place/cinema,Human Error,No,Grievous Injury,Hit pedestrian,Not at  Junction,Straight and flat,City or Town Road,Bitumen(Tar),Dry,No influence on accident,Fine,Channasandra Main Road,Near Kaveri Wines,10M,0.0,0.0
Bengaluru City,Whitefield Traffic PS,1.04432e+16,2017,1,2,Road Accidents,Junction,City/Town,Near Bus stop,Human Error,Yes,Grievous Injury,Hit and Run,Signal lights Automatic,Others,City or Town Road,Bitumen(Tar),Dry,No influence on accident,Fine,itpl main road,tree,6m,0.0,0.0
Bengaluru City,Whitefield Traffic PS,1.04432e+16,2017,1,2,Road Accidents,Junction,City/Town,In bazaar,Human Error,No,Grievous Injury,Others,Signal lights Blinking,Straight and flat,City or Town Road,Bitumen(Tar),Dry,No influence on accident,Fine,Channasandra Main Road,Chandan Bakery,20 M,0.0,0.0
Bengaluru City,Whitefield Traffic PS,1.04432e+16,2017,1,2,Road Accidents,Other,City/Town,Residential area,Human Error,Yes,Grievous Injury,Others,Not at  Junction,Straight and flat,State Highway,Bitumen(Tar),Dry,No influence on accident,Fine,Kadugodi-Hosakote Main Road,Golden Blossom Apartment,15M,0.0,0.0
Bengaluru City,Whitefield Traffic PS,1.04432e+16,2017,1,2,Road Accidents,Other,City/Town,Residential area,Human Error,Yes,Grievous Injury,Hit and Run,Not at  Junction,Straight and flat,City or Town Road,Bitumen(Tar),Dry,No influence on accident,Fine,Nallurahalli Main Road,Emerald Endrum,30M,0.0,0.0