DISTRICTNAME,UNITNAME,Crime_No,Year,RI,Noofvehicle_involved,Accident_Classification,Accident_Spot,Accident_Location,Accident_SubLocation,Main_Cause,Hit_Run,Severity,Collision_Type,Junction_Control,Road_Character,Road_Type,Surface_Type,Surface_Condition,Road_Condition,Weather,Accident_Road,Landmark_first,Distance_LandMark_First,Latitude,Longitude
Bengaluru City,Whitefield Traffic PS,1.04432e+16,2017,1,1,Road Accidents,Cross roads,City/Town,Open area,Human Error,Yes,Grievous Injury,Hit and Run,Not at  Junction,Others,City or Town Road,Bitumen(Tar),Dry,No influence on accident,Fine,IMMADIHALLI MAIN ROAD,laxmivenkateshwra nilaya,6 M,0.0,0.0
Bengaluru City,Whitefield Traffic PS,1.04432e+16,2017,1,2,Road Accidents,Other,City/Town,Residential area,Human Error,No,Simple Injury,Others,Not at  Junction,Straight and flat,State Highway,Bitumen(Tar),Dry,No influence on accident,Fine,Kadugodi-Hosakote Main Road,Prestige Park View Apartment,30M,0.0,0.0
Bengaluru City,Whitefield Traffic PS,1.04432e+16,2017,1,1,Road Accidents,Other,City/Town,Residential area,Human Error,No,Grievous Injury,Hit pedestrian,Not at  Junction,Straight and flat,State Highway,Bitumen(Tar),Dry,No influence on accident,Fine,Kadugodi-Hosakote Main Road,Sai Lakshmi Apartment,10M,0.0,0.0
Bengaluru City,Whitefield Traffic PS,1.04432e+16,2017,1,1,Road Accidents,Bridge,City/Town,Narrow bridge or culverts,Human Error,No,Grievous Injury,Hit pedestrian,Give way sign,Straight and flat,State Highway,Bitumen(Tar),Dry,No influence on accident,Fine,kadugodi-hosakote main road,kadugodi railway flyover,10M,0.0,0.0
Bengaluru City,Whitefield Traffic PS,1.04432e+16,2017,1,2,Road Accidents,Junction,City/Town,In bazaar,Human Error,Yes,Damage Only,Hit and Run,Signal lights Blinking,Straight and flat,City or Town Road,Bitumen(Tar),Dry,No influence on accident,Fine,Nalurahali road,Nallurahalli Junction,10M,0.0,0.0
Bengaluru City,Whitefield Traffic PS,1.04432e+16,2017,1,2,Road Accidents,Other,City/Town,Residential area,Human Error,No,Damage Only,Others,Signal lights Blinking,Straight and flat,City or Town Road,Bitumen(Tar),Dry,No influence on accident,Fine,varthur main road,laughing water apartment,20M,0.0,0.0
Bengaluru City,Whitefield Traffic PS,1.04432e+16,2017,1,2,Road Accidents,Narrow road,City/Town,Open area,Human Error,Yes,Grievous Injury,Hit and Run,Not at  Junction,Straight and flat,City or Town Road,Bitumen(Tar),Dry,No influence on accident,Fine,carmel ram main road,krupanidhi college,30M,0.0,0.0
Bengaluru City,Whitefield Traffic PS,1.04432e+16,2017,1,2,Road Accidents,Narrow road,City/Town,Near a recreation place/cinema,Human Error,No,Simple Injury,Rear end,Not at  Junction,Not Applicable,City or Town Road,Bitumen(Tar),Dry,Not Applicable,Fine,ITPL MAIN ROAD,ELCTRIC POLL,6,0.0,0.0
Bengaluru City,Whitefield Traffic PS,1.04432e+16,2017,1,2,Road Accidents,Other,City/Town,Residential area,Human Error,Yes,Fatal,Hit and Run,Not at  Junction,Straight and flat,City or Town Road,Bitumen(Tar),Dry,No influence on accident,Fine,Dodda banahalli main road,vijayashree builders and developers,10m,0.0,0.0
Bengaluru City,Whitefield Traffic PS,1.04432e+16,2017,1,1,Road Accidents,Junction,City/Town,Open area,Human Error,No,Grievous Injury,Others,Signal lights Automatic,Straight and flat,State Highway,Bitumen(Tar),Dry,No influence on accident,Fine,kadugodi-hosakote main road,Hope farm junction,10M,0.0,0.0
Bengaluru City,Whitefield Traffic PS,1.04432e+16,2017,1,1,Road Accidents,Other,City/Town,Near Hospital,Human Error,Yes,Fatal,Hit pedestrian,Not at  Junction,Straight and flat,City or Town Road,Bitumen(Tar),Dry,No influence on accident,Fine,Kadugodi Main Road,Opp Hospital,10M,0.0,0.0
Bengaluru City,Whitefield Traffic PS,1.04432e+16,2017,1,2,Road Accidents,Other,City/Town,Open area,Human Error,Yes,Grievous Injury,Others,Not at  Junction,Straight and flat,City or Town Road,Bitumen(Tar),Dry,No influence on accident,Fine,Gandhipura Main Road,Near Govt Urdu School,30M,0.0,0.0
Bengaluru City,Whitefield Traffic PS,1.04432e+16,2017,1,2,Road Accidents,Other,City/Town,Residential area,Human Error,No,Damage Only,Rear end,Not at  Junction,Straight and flat,State Highway,Bitumen(Tar),Dry,No influence on accident,Fine,Kadugodi-Hosakote Main Road,Near Chaitanya Samarpan Apartment,30M,0.0,0.0
Bengaluru City,Whitefield Traffic PS,1.04432e+16,2017,1,3,Road Accidents,T Junction,City/Town,Near a recreation place/cinema,Human Error,Yes,Simple Injury,Hit and Run,Signal lights Blinking,Straight and flat,State Highway,Bitumen(Tar),Dry,No influence on accident,Fine,Whitefield Main Road,Vaswani Pinacale,20 M,0.0,0.0
Bengaluru City,Whitefield Traffic PS,1.04432e+16,2017,1,2,Road Accidents,T Junction,City/Town,Near a factory industrial area,Human Error,No,Damage Only,Others,No signal lights,Straight and flat,City or Town Road,Bitumen(Tar),Dry,No influence on accident,Fine,ITPL Main Road,Near Bhagini Hotel,15Mtr,0.0,0.0
Bengaluru City,Whitefield Traffic PS,1.04432e+16,2017,1,2,Road Accidents,T Junction,City/Town,Near a factory industrial area,Human Error,No,Simple Injury,Others,Signal lights Blinking,Straight and flat,City or Town Road,Bitumen(Tar),Dry,No influence on accident,Fine,itpl main road,container yard junction,20M,0.0,0.0
Bengaluru City,Whitefield Traffic PS,1.04432e+16,2017,1,2,Road Accidents,Other,City/Town,Near School or College,Human Error,Yes,Grievous Injury,Hit and Run,Not at  Junction,Straight and flat,State Highway,Bitumen(Tar),Dry,No influence on accident,Fine,varthur-dommasandra main road,gunjuru govt school,10M,0.0,0.0
Bengaluru City,Whitefield Traffic PS,1.04432e+16,2017,1,3,Road Accidents,Junction,City/Town,Near a factory industrial area,Human Error,No,Damage Only,Others,Signal lights Blinking,Straight and flat,State Highway,Bitumen(Tar),Dry,No influence on accident,Fine,kadugodi-hosakote main road,belthur junction,10M,0.0,0.0
Bengaluru City,Whitefield Traffic PS,1.04432e+16,2017,1,2,Road Accidents,Other,City/Town,Open area,Human Error,Yes,Fatal,Hit and Run,Not at  Junction,Straight and flat,State Highway,Bitumen(Tar),Dry,No influence on accident,Fine,varthuru lake bund raod,sterling project office,20M,0.0,0.0
Bengaluru City,Whitefield Traffic PS,1.04432e+16,2017,1,2,Road Accidents,Other,City/Town,Residential area,Human Error,No,Fatal,Others,Not Applicable,Straight and flat,City or Town Road,Bitumen(Tar),Dry,No influence on accident,Fine,channasandra-nagondanahalli main road,anjanappa building,10M,0.0,0.0
Bengaluru City,Whitefield Traffic PS,1.04432e+16,2017,1,2,Road Accidents,Junction,City/Town,In bazaar,Human Error,Yes,Grievous Injury,Hit and Run,No signal lights,Straight and flat,State Highway,Bitumen(Tar),Dry,No influence on accident,Fine,whitefield main road,royal mart,10M,0.0,0.0
Bengaluru City,Whitefield Traffic PS,1.04432e+16,2017,1,2,Road Accidents,Other,City/Town,Near Petrol Pump,Human Error,Yes,Grievous Injury,Hit and Run,Not at  Junction,Straight and flat,State Highway,Bitumen(Tar),Dry,No influence on accident,Fine,kadugodi-hosakote main road,hp petrol pump,10M,0.0,0.0
Bengaluru City,Whitefield Traffic PS,1.04432e+16,2017,1,1,Road Accidents,Other,City/Town,Residential area,Human Error,Yes,Grievous Injury,Hit pedestrian,Not at  Junction,Straight and flat,City or Town Road,Bitumen(Tar),Dry,No influence on accident,Fine,balagere main road,matru shree nilay,10M,0.0,0.0
Bengaluru City,Whitefield Traffic PS,1.04432e+16,2017,1,2,Road Accidents,Narrow road,City/Town,Near School or College,Human Error,No,Damage Only,Others,Not at  Junction,Not Applicable,City or Town Road,Bitumen(Tar),Dry,Not Applicable,Fine,CHANNASANDRA MAIN ROAD,TREE,10,0.0,0.0
Bengaluru City,Whitefield Traffic PS,1.04432e+16,2017,1,2,Road Accidents,Y Junction,City/Town,Near a factory industrial area,Human Error,Yes,Grievous Injury,Hit and Run,Signal lights Blinking,Straight and flat,City or Town Road,Bitumen(Tar),Dry,No influence on accident,Fine,itpl main road,bpl junction,10M,0.0,0.0
Bengaluru City,Whitefield Traffic PS,1.04432e+16,2017,1,2,Road Accidents,Other,City/Town,Open area,Human Error,Yes,Fatal,Hit and Run,Not at  Junction,Straight and flat,State Highway,Bitumen(Tar),Dry,No influence on accident,Fine,kadugodi-hosakote main road,opp BSNL office,20M,0.0,0.0
Bengaluru City,Whitefield Traffic PS,1.04432e+16,2017,1,2,Road Accidents,Other,City/Town,Near a factory industrial area,Human Error,No,Grievous Injury,Others,Not at  Junction,Straight and flat,City or Town Road,Bitumen(Tar),Dry,No influence on accident,Fine,ITPL Main Road,NearG R Tech Park,200M,0.0,0.0
Bengaluru City,Whitefield Traffic PS,1.04432e+16,2017,1,2,Road Accidents,Narrow road,City/Town,Near a factory industrial area,Human Error,No,Damage Only,Others,Not at  Junction,Others,City or Town Road,Bitumen(Tar),Dry,No influence on accident,Fine,Whitefield Main Road,UNIVRCEL COMPANI,11 M,0.0,0.0
Bengaluru City,Whitefield Traffic PS,1.04432e+16,2017,1,1,Road Accidents,Narrow road,City/Town,Near School or College,Human Error,Yes,Grievous Injury,Hit and Run,Not at  Junction,Not Applicable,City or Town Road,Bitumen(Tar),Dry,No influence on accident,Fine,Kadugodi College Road,TREE,10.5 m,0.0,0.0
Bengaluru City,Whitefield Traffic PS,1.04432e+16,2017,1,2,Road Accidents,Other,City/Town,Near a recreation place/cinema,Human Error,Yes,Damage Only,Hit and Run,Not at  Junction,Straight and flat,City or Town Road,Bitumen(Tar),Dry,No influence on accident,Fine,Varthur Main Road,Varjinia Mall,10M,0.0,0.0
Bengaluru City,Whitefield Traffic PS,1.04432e+16,2017,1,2,Road Accidents,Other,City/Town,Open area,Human Error,No,Simple Injury,Others,Not at  Junction,Straight and flat,City or Town Road,Bitumen(Tar),Dry,No influence on accident,Fine,Dinnuru Main Road,Green Tree,30,0.0,0.0
Bengaluru City,Whitefield Traffic PS,1.04432e+16,2017,1,1,Road Accidents,Junction,City/Town,At pedestrian Crossing,Human Error,No,Grievous Injury,Hit bicyclist,Signal lights Automatic,Straight and flat,City or Town Road,Bitumen(Tar),Dry,No influence on accident,Fine,itpl main road,hopefarm junction,10M,0.0,0.0
Bengaluru City,Whitefield Traffic PS,1.04432e+16,2017,1,2,Road Accidents,Other,City/Town,Open area,Human Error,Yes,Damage Only,Hit and Run,Not at  Junction,Straight and flat,State Highway,Bitumen(Tar),Dry,No influence on accident,Fine,varthur-dommasandra main road,varthur lake,10M,0.0,0.0
Bengaluru City,Whitefield Traffic PS,1.04432e+16,2017,1,2,Road Accidents,Other,City/Town,Residential area,Human Error,No,Grievous Injury,Others,Not at  Junction,Straight and flat,City or Town Road,Bitumen(Tar),Dry,No influence on accident,Fine,belthuru main road,shabari enclaive,10M,0.0,0.0
Bengaluru City,Whitefield Traffic PS,1.04432e+16,2017,1,1,Road Accidents,Junction,City/Town,Open area,Human Error,No,Simple Injury,Hit pedestrian,Signal lights Blinking,Straight and flat,City or Town Road,Bitumen(Tar),Dry,No influence on accident,Fine,sarjapura main raod,kodati gate junction,10M,0.0,0.0
Bengaluru City,Whitefield Traffic PS,1.04432e+16,2017,1,2,Road Accidents,T Junction,City/Town,Near a factory industrial area,Human Error,Yes,Simple Injury,Hit and Run,Signal lights Blinking,Straight and flat,City or Town Road,Bitumen(Tar),Dry,No influence on accident,Fine,itpl main road,ITPL Junction,10M,0.0,0.0
Bengaluru City,Whitefield Traffic PS,1.04432e+16,2017,1,2,Road Accidents,Other,City/Town,Residential area,Human Error,No,Grievous Injury,Head on,Not Applicable,Straight and flat,City or Town Road,Bitumen(Tar),Dry,No influence on accident,Fine,Prashanth layout main road,pavani pleasant apartment,10M,0.0,0.0
Bengaluru City,Whitefield Traffic PS,1.04432e+16,2017,1,2,Road Accidents,Junction,City/Town,Near a factory industrial area,Human Error,No,Damage Only,Others,No signal lights,Straight and flat,City or Town Road,Bitumen(Tar),Dry,No influence on accident,Fine,vydehi hospital main road,tesco company,20M,0.0,0.0
Bengaluru City,Whitefield Traffic PS,1.04432e+16,2017,1,2,Road Accidents,Junction,City/Town,Near a recreation place/cinema,Human Error,Yes,Grievous Injury,Hit and Run,Signal lights Automatic,Straight and flat,State Highway,Bitumen(Tar),Dry,No influence on accident,Fine,whitefield main road,anand bhavan,30M,0.0,0.0
Bengaluru City,Whitefield Traffic PS,1.04432e+16,2017,1,2,Road Accidents,Other,City/Town,Residential area,Human Error,No,Grievous Injury,Others,Not at  Junction,Straight and flat,City or Town Road,Bitumen(Tar),Dry,No influence on accident,Fine,nallurahalli main road,maitri sumudhur apartment,10M,0.0,0.0
Bengaluru City,Whitefield Traffic PS,1.04432e+16,2017,1,2,Road Accidents,Junction,City/Town,In bazaar,Human Error,Yes,Damage Only,Hit and Run,Signal lights Blinking,Straight and flat,State Highway,Bitumen(Tar),Dry,No influence on accident,Fine,whitefield main road,royal mart,10M,0.0,0.0
Bengaluru City,Whitefield Traffic PS,1.04432e+16,2017,1,2,Road Accidents,Junction,City/Town,Residential area,Human Error,Yes,Grievous Injury,Hit and Run,Signal lights Blinking,Straight and flat,City or Town Road,Bitumen(Tar),Dry,No influence on accident,Fine,varthuru main road,laughing water apartment,20ft,0.0,0.0
Bengaluru City,Whitefield Traffic PS,1.04432e+16,2017,1,2,Road Accidents,T Junction,City/Town,Near Bus stop,Human Error,No,Damage Only,Head on,Signal lights Blinking,Straight and flat,City or Town Road,Bitumen(Tar),Dry,No influence on accident,Fine,Varthur Main Road,Electrical Pole,8M,0.0,0.0
Bengaluru City,Whitefield Traffic PS,1.04432e+16,2017,1,2,Road Accidents,Junction,City/Town,Near a factory industrial area,Human Error,No,Grievous Injury,Others,Signal lights Blinking,Straight and flat,City or Town Road,Bitumen(Tar),Dry,No influence on accident,Fine,ITPL Main Road,Container Yard,100M,0.0,0.0
Bengaluru City,Whitefield Traffic PS,1.04432e+16,2017,1,2,Road Accidents,Narrow road,City/Town,Near a factory industrial area,Human Error,No,Grievous Injury,Others,Not at  Junction,Others,City or Town Road,Bitumen(Tar),Dry,No influence on accident,Fine,VARTHURU MAIN ROAD,TREE,9 M,0.0,0.0
Bengaluru City,Whitefield Traffic PS,1.04432e+16,2017,1,2,Road Accidents,T Junction,City/Town,Near a factory industrial area,Human Error,Yes,Fatal,Hit and Run,Signal lights Blinking,Straight and flat,City or Town Road,Bitumen(Tar),Dry,No influence on accident,Fine,ITPL Main Road,Container Yard Junction,10M,0.0,0.0
Bengaluru City,Whitefield Traffic PS,1.04432e+16,2017,1,2,Road Accidents,Narrow road,City/Town,Near a factory industrial area,Human Error,No,Damage Only,Others,Not at  Junction,Not Applicable,City or Town Road,Bitumen(Tar),Dry,No influence on accident,Fine,VARTHURU MAIN ROAD,TREE,8 M,0.0,0.0
Bengaluru City,Whitefield Traffic PS,1.04432e+16,2017,1,1,Road Accidents,Narrow road,City/Town,Near a factory industrial area,Human Error,Yes,Fatal,Hit and Run,Not at  Junction,Others,City or Town Road,Bitumen(Tar),Dry,No influence on accident,Fine,ITPL MAIN ROAD,TREE,5.80 M,0.0,0.0
Bengaluru City,Whitefield Traffic PS,1.04432e+16,2017,1,2,Road Accidents,Junction,City/Town,In bazaar,Human Error,No,Simple Injury,Overturning,Signal lights Automatic,Curve,City or Town Road,Bitumen(Tar),Dry,No influence on accident,Fine,ITPL MAIN ROAD,BIG BAZAR,10 M,0.0,0.0
Bengaluru City,Whitefield Traffic PS,1.04432e+16,2017,1,1,Road Accidents,Other,City/Town,Open area,Human Error,Yes,Simple Injury,Hit pedestrian,Not Applicable,Straight and flat,Village Road,Bitumen(Tar),Dry,No influence on accident,Fine,kodati gate main road,kodati gate,20M,0.0,0.0
Bengaluru City,Whitefield Traffic PS,1.04432e+16,2017,1,1,Road Accidents,Other,City/Town,Near School or College,Human Error,No,Grievous Injury,Hit pedestrian,Not Applicable,Straight and flat,City or Town Road,Bitumen(Tar),Dry,No influence on accident,Fine,kachamaranahalli-mulluru main raod,ravishankar vidyalay school,10M,0.0,0.0
Bengaluru City,Whitefield Traffic PS,1.04432e+16,2017,1,3,Road Accidents,Junction,City/Town,Open area,Human Error,No,Simple Injury,Others,Signal lights Automatic,Straight and flat,State Highway,Bitumen(Tar),Dry,No influence on accident,Fine,kadugodi-hosakote main road,hope farm junction,10M,0.0,0.0
Bengaluru City,Whitefield Traffic PS,1.04432e+16,2017,1,2,Road Accidents,T Junction,City/Town,Near a recreation place/cinema,Human Error,Yes,Grievous Injury,Hit and Run,No signal lights,Straight and flat,City or Town Road,Bitumen(Tar),Dry,No influence on accident,Fine,channasandra main road,udupi garden hotel,10M,0.0,0.0
Bengaluru City,Whitefield Traffic PS,1.04432e+16,2017,1,1,Road Accidents,Other,City/Town,Residential area,Human Error,Yes,Fatal,Hit pedestrian,Not at  Junction,Straight and flat,City or Town Road,Bitumen(Tar),Dry,No influence on accident,Fine,varthuru main road,SVJ apartment,10M,0.0,0.0
Bengaluru City,Whitefield Traffic PS,1.04432e+16,2017,1,3,Road Accidents,Junction,City/Town,Near Bus stop,Human Error,No,Simple Injury,Others,No signal lights,Straight and flat,City or Town Road,Bitumen(Tar),Dry,No influence on accident,Fine,kunadalahalli main road,tree,8.5 m,0.0,0.0
Bengaluru City,Whitefield Traffic PS,1.04432e+16,2017,1,1,Road Accidents,Narrow road,City/Town,Near Hospital,Human Error,Yes,Grievous Injury,Hit and Run,Not at  Junction,Others,City or Town Road,Bitumen(Tar),Dry,No influence on accident,Fine,Whitefield Main Road,tree,5 m,0.0,0.0
Bengaluru City,Whitefield Traffic PS,1.04432e+16,2017,1,1,Road Accidents,Narrow road,City/Town,Open area,Human Error,Yes,Grievous Injury,Hit and Run,Not at  Junction,Not Applicable,City or Town Road,Bitumen(Tar),Dry,No influence on accident,Fine,KADUGODI DINNURU MAIN ROAD,TREE,5M,0.0,0.0
Bengaluru City,Whitefield Traffic PS,1.04432e+16,2017,1,2,Road Accidents,Other,City/Town,Near School or College,Human Error,Yes,Simple Injury,Hit and Run,Not at  Junction,Straight and flat,City or Town Road,Bitumen(Tar),Dry,No influence on accident,Fine,channasandra main road,MVJ College,20M,0.0,0.0
Bengaluru City,Whitefield Traffic PS,1.04432e+16,2017,1,2,Road Accidents,Other,City/Town,Residential area,Human Error,Yes,Grievous Injury,Hit and Run,Not at  Junction,Straight and flat,Village Road,Bitumen(Tar),Dry,No influence on accident,Fine,kadugodi main road,shabari bakery,10M,0.0,0.0
Bengaluru City,Whitefield Traffic PS,1.04432e+16,2017,1,2,Road Accidents,Other,City/Town,In bazaar,Human Error,No,Simple Injury,Others,Not at  Junction,Straight and flat,City or Town Road,Bitumen(Tar),Dry,No influence on accident,Fine,varthur main road,D Mart Mall,20M,0.0,0.0
Bengaluru City,Whitefield Traffic PS,1.04432e+16,2017,1,2,Road Accidents,T Junction,City/Town,Near a recreation place/cinema,Human Error,No,Damage Only,Others,Signal lights Blinking,Straight and flat,City or Town Road,Bitumen(Tar),Dry,No influence on accident,Fine,itpl main road,bhagini hotel,20M,0.0,0.0
Bengaluru City,Whitefield Traffic PS,1.04432e+16,2017,1,2,Road Accidents,Other,City/Town,Open area,Human Error,Yes,Fatal,Hit and Run,Not at  Junction,Straight and flat,State Highway,Bitumen(Tar),Dry,No influence on accident,Fine,kadugodi-hosakote main road,balaji tailor shop,10M,0.0,0.0
Bengaluru City,Whitefield Traffic PS,1.04432e+16,2017,1,2,Road Accidents,Other,City/Town,Near a religious place,Human Error,Yes,Damage Only,Hit and Run,No signal lights,Straight and flat,State Highway,Bitumen(Tar),Dry,No influence on accident,Fine,kadugodi main road,satya sai baba ashram,10M,0.0,0.0
Bengaluru City,Whitefield Traffic PS,1.04432e+16,2017,1,1,Road Accidents,Curves,City/Town,Open area,Human Error,No,Fatal,Others,No signal lights,Curve,State Highway,Bitumen(Tar),Dry,No influence on accident,Fine,varthuru main road,Sterling project office,10M,0.0,0.0
Bengaluru City,Whitefield Traffic PS,1.04432e+16,2017,1,2,Road Accidents,Narrow road,City/Town,Near Bus stop,Human Error,Yes,Grievous Injury,Hit and Run,Not at  Junction,Not Applicable,City or Town Road,Bitumen(Tar),Dry,Not Applicable,Fine,varthuru main road,ELCTRIC POLL,10,0.0,0.0
Bengaluru City,Whitefield Traffic PS,1.04432e+16,2017,1,2,Road Accidents,Narrow road,City/Town,Residential area,Human Error,Yes,Grievous Injury,Hit and Run,Not at  Junction,Not Applicable,City or Town Road,Bitumen(Tar),Dry,Not Applicable,Fine,BELATHURU MAIN ROAD,ELCTRIC POLL,5,0.0,0.0
Bengaluru City,Whitefield Traffic PS,1.04432e+16,2017,1,2,Road Accidents,T Junction,City/Town,Open area,Human Error,No,Damage Only,Others,Signal lights Blinking,Straight and flat,State Highway,Bitumen(Tar),Dry,No influence on accident,Fine,kadugodi-hosakote main road,seegehalli cross,10m,0.0,0.0
Bengaluru City,Whitefield Traffic PS,1.04432e+16,2017,1,2,Road Accidents,Other,City/Town,Near a factory industrial area,Human Error,No,Damage Only,Others,Signal lights Blinking,Straight and flat,City or Town Road,Bitumen(Tar),Dry,No influence on accident,Fine,itpl main road,in front off ITPL,10m,0.0,0.0
Bengaluru City,Whitefield Traffic PS,1.04432e+16,2017,1,2,Road Accidents,Other,City/Town,Open area,Human Error,No,Grievous Injury,Others,Not at  Junction,Straight and flat,City or Town Road,Bitumen(Tar),Dry,No influence on accident,Fine,sulikunte main road,munireddy house,10M,0.0,0.0
Bengaluru City,Whitefield Traffic PS,1.04432e+16,2017,1,1,Road Accidents,Other,City/Town,Near a factory industrial area,Human Error,Yes,Simple Injury,Hit pedestrian,Not Applicable,Straight and flat,City or Town Road,Bitumen(Tar),Dry,No influence on accident,Fine,varthuru main road,rishi hero show room,10M,0.0,0.0
Bengaluru City,Whitefield Traffic PS,1.04432e+16,2017,1,1,Road Accidents,Other,City/Town,Near Hospital,Human Error,Yes,Simple Injury,Hit and Run,Not at  Junction,Straight and flat,State Highway,Bitumen(Tar),Dry,No influence on accident,Fine,Kadugodi-Hoskote Main Road,Papular clinic,30m,0.0,0.0
Bengaluru City,Whitefield Traffic PS,1.04432e+16,2017,1,2,Road Accidents,Y Junction,City/Town,Near a recreation place/cinema,Human Error,No,Grievous Injury,Others,Signal lights Blinking,Straight and flat,City or Town Road,Bitumen(Tar),Dry,No influence on accident,Fine,Varthur Main Road,Verginia Mall,20M,0.0,0.0
Bengaluru City,Whitefield Traffic PS,1.04432e+16,2017,1,1,Road Accidents,Other,City/Town,Near Bus stop,Human Error,Yes,Simple Injury,Hit pedestrian,Not at  Junction,Straight and flat,City or Town Road,Bitumen(Tar),Dry,No influence on accident,Fine,varthur main road,Siddapura BMTC Bus stop,5M,0.0,0.0
Bengaluru City,Whitefield Traffic PS,1.04432e+16,2017,1,2,Road Accidents,Other,City/Town,In bazaar,Human Error,Yes,Grievous Injury,Hit and Run,Not at  Junction,Straight and flat,State Highway,Bitumen(Tar),Dry,No influence on accident,Fine,varthur-sarjapura main road,mayur bakery,10M,0.0,0.0
Bengaluru City,Whitefield Traffic PS,1.04432e+16,2017,1,2,Road Accidents,Other,City/Town,Residential area,Human Error,No,Simple Injury,Others,Not at  Junction,Straight and flat,State Highway,Bitumen(Tar),Dry,No influence on accident,Fine,kadugodi-hosakote main road,10 Downing apartment,10M,0.0,0.0
Bengaluru City,Whitefield Traffic PS,1.04432e+16,2017,1,2,Road Accidents,Junction,City/Town,Near a recreation place/cinema,Human Error,Yes,Grievous Injury,Hit and Run,Signal lights Blinking,Straight and flat,City or Town Road,Bitumen(Tar),Dry,No influence on accident,Fine,vydehi-itpl main road,inorbit mall junction,20M,0.0,0.0
Bengaluru City,Whitefield Traffic PS,1.04432e+16,2017,1,2,Road Accidents,Other,City/Town,Near a factory industrial area,Human Error,No,Fatal,Others,Not at  Junction,Straight and flat,City or Town Road,Bitumen(Tar),Dry,No influence on accident,Fine,itpl main road,near itpl main gate,30M,0.0,0.0
Bengaluru City,Whitefield Traffic PS,1.04432e+16,2017,1,2,Road Accidents,Junction,City/Town,Near a factory industrial area,Human Error,No,Simple Injury,Others,Signal lights Blinking,Straight and flat,City or Town Road,Bitumen(Tar),Dry,No influence on accident,Fine,itpl main road,itpl main gate,20M,0.0,0.0
Bengaluru City,Whitefield Traffic PS,1.04432e+16,2017,1,2,Road Accidents,Other,City/Town,Near a recreation place/cinema,Human Error,Yes,Grievous Injury,Hit and Run,Not at  Junction,Straight and flat,City or Town Road,Bitumen(Tar),Dry,No influence on accident,Fine,itpl main road,talassery hotel,10M,0.0,0.0
Bengaluru City,Whitefield Traffic PS,1.04432e+16,2017,1,2,Road Accidents,T Junction,City/Town,Near Bus stop,Human Error,Yes,Damage Only,Hit and Run,No signal lights,Not Applicable,City or Town Road,Bitumen(Tar),Dry,Not Applicable,Fine,WHITEFIELD MAIN ROAD,ELCTRIC POLL,8 MT,0.0,0.0
Bengaluru City,Whitefield Traffic PS,1.04432e+16,2017,1,2,Road Accidents,T Junction,City/Town,Near a factory industrial area,Human Error,Yes,Grievous Injury,Hit and Run,No signal lights,Straight and flat,City or Town Road,Bitumen(Tar),Dry,No influence on accident,Fine,ITPL Main Road,Private Land,20M,0.0,0.0
Bengaluru City,Whitefield Traffic PS,1.04432e+16,2017,1,2,Road Accidents,Other,City/Town,Near a recreation place/cinema,Human Error,Yes,Simple Injury,Hit and Run,No signal lights,Straight and flat,State Highway,Bitumen(Tar),Dry,No influence on accident,Fine,whitefield main road,Coffee day,10M,0.0,0.0