DISTRICTNAME,UNITNAME,Crime_No,Year,RI,Noofvehicle_involved,Accident_Classification,Accident_Spot,Accident_Location,Accident_SubLocation,Main_Cause,Hit_Run,Severity,Collision_Type,Junction_Control,Road_Character,Road_Type,Surface_Type,Surface_Condition,Road_Condition,Weather,Accident_Road,Landmark_first,Distance_LandMark_First,Latitude,Longitude
Bengaluru City,Whitefield Traffic PS,1.04432e+16,2017,1,3,Road Accidents,Other,City/Town,In bazaar,Human Error,Yes,Damage Only,Hit and Run,No signal lights,Straight and flat,State Highway,Bitumen(Tar),Dry,No influence on accident,Fine,whitefield main road,apna mall,10M,0.0,0.0
Bengaluru City,Whitefield Traffic PS,1.04432e+16,2017,1,1,Road Accidents,Other,City/Town,Near a religious place,Human Error,Yes,Grievous Injury,Hit and Run,Not at  Junction,Straight and flat,State Highway,Bitumen(Tar),Dry,No influence on accident,Fine,varthur-dommasandra main road,Near shani mahatma temple,20M,0.0,0.0
Bengaluru City,Whitefield Traffic PS,1.04432e+16,2017,1,2,Road Accidents,Junction,City/Town,At pedestrian Crossing,Human Error,No,Damage Only,Others,Signal lights Automatic,Straight and flat,State Highway,Bitumen(Tar),Dry,No influence on accident,Fine,whitefield main road,hopefarm junction,10M,0.0,0.0
Bengaluru City,Whitefield Traffic PS,1.04432e+16,2017,1,2,Road Accidents,T Junction,City/Town,Residential area,Human Error,No,Grievous Injury,Others,No signal lights,Straight and flat,State Highway,Bitumen(Tar),Dry,No influence on accident,Fine,kadugodi-hosakote main road,Allfin apartment junction,10M,0.0,0.0
Bengaluru City,Whitefield Traffic PS,1.04432e+16,2017,1,2,Road Accidents,Junction,City/Town,In bazaar,Human Error,No,Simple Injury,Others,Signal lights Blinking,Straight and flat,State Highway,Bitumen(Tar),Dry,No influence on accident,Fine,whitefield main road,varthuru kodi junction,10M,0.0,0.0
Bengaluru City,Whitefield Traffic PS,1.04432e+16,2017,1,2,Road Accidents,Other,City/Town,Residential area,Human Error,No,Grievous Injury,Others,No signal lights,Straight and flat,City or Town Road,Bitumen(Tar),Dry,No influence on accident,Fine,ecc main road,gopalan atlantis apartment,10M,0.0,0.0
Bengaluru City,Whitefield Traffic PS,1.04432e+16,2017,1,2,Road Accidents,T Junction,City/Town,Open area,Human Error,Yes,Simple Injury,Hit and Run,No signal lights,Straight and flat,State Highway,Bitumen(Tar),Dry,No influence on accident,Fine,kadugodi main road,gopal krishna nagar cross,10M,0.0,0.0
Bengaluru City,Whitefield Traffic PS,1.04432e+16,2017,1,2,Road Accidents,Junction,City/Town,Near Bus stop,Human Error,Yes,Damage Only,Hit and Run,No signal lights,Not Applicable,City or Town Road,Bitumen(Tar),Dry,Not Applicable,Fine,SARJAPURA MAIN ROAD,TREE,8,0.0,0.0
Bengaluru City,Whitefield Traffic PS,1.04432e+16,2017,1,1,Road Accidents,T Junction,City/Town,Near a recreation place/cinema,Human Error,Yes,Fatal,Hit bicyclist,Signal lights Blinking,Straight and flat,City or Town Road,Bitumen(Tar),Dry,No influence on accident,Fine,itpl main road,bhagini resturant,10M,0.0,0.0
Bengaluru City,Whitefield Traffic PS,1.04432e+16,2017,1,2,Road Accidents,Bridge,City/Town,Narrow bridge or culverts,Human Error,No,Damage Only,Others,Not at  Junction,Straight and flat,State Highway,Bitumen(Tar),Dry,No influence on accident,Fine,kadugodi-hosakote main road,kadugodi railway bridge,10m,0.0,0.0
Bengaluru City,Whitefield Traffic PS,1.04432e+16,2017,1,2,Road Accidents,Other,City/Town,Residential area,Human Error,No,Grievous Injury,Rear end,Not at  Junction,Straight and flat,State Highway,Bitumen(Tar),Dry,No influence on accident,Fine,Kadugodi-Hosakote Main Road,Opp Safal Market,20M,0.0,0.0
Bengaluru City,Whitefield Traffic PS,1.04432e+16,2017,1,2,Road Accidents,T Junction,City/Town,Near a factory industrial area,Human Error,Yes,Grievous Injury,Hit and Run,Signal lights Automatic,Straight and flat,City or Town Road,Bitumen(Tar),Dry,No influence on accident,Fine,ITPL Main Road,Prestige Shantinikethan,30M,0.0,0.0
Bengaluru City,Whitefield Traffic PS,1.04432e+16,2017,1,2,Road Accidents,Curves,City/Town,Open area,Human Error,No,Fatal,Others,No signal lights,Straight and flat,State Highway,Bitumen(Tar),Dry,No influence on accident,Fine,Varthur-Sarjapura Main Road,Varthur Lake,10M,0.0,0.0
Bengaluru City,Whitefield Traffic PS,1.04432e+16,2017,1,1,Road Accidents,Other,City/Town,Residential area,Human Error,No,Grievous Injury,Others,Not at  Junction,Straight and flat,City or Town Road,Bitumen(Tar),Dry,No influence on accident,Fine,varthur main road,sumadhuru apartment,10M,0.0,0.0
Bengaluru City,Whitefield Traffic PS,1.04432e+16,2017,1,1,Road Accidents,Other,City/Town,Near a factory industrial area,Human Error,No,Simple Injury,Others,Signal lights Blinking,Straight and flat,City or Town Road,Bitumen(Tar),Dry,No influence on accident,Fine,itpl main road,ITPL Junction,20M,0.0,0.0
Bengaluru City,Whitefield Traffic PS,1.04432e+16,2017,1,1,Road Accidents,Other,City/Town,Open area,Human Error,Yes,Simple Injury,Hit bicyclist,Not at  Junction,Straight and flat,City or Town Road,Bitumen(Tar),Dry,No influence on accident,Fine,channasandra main road,loyal city market,20M,0.0,0.0
Bengaluru City,Whitefield Traffic PS,1.04432e+16,2017,1,1,Road Accidents,Other,City/Town,Near School or College,Human Error,No,Grievous Injury,Side swipe,Not at  Junction,Straight and flat,City or Town Road,Bitumen(Tar),Dry,No influence on accident,Fine,channasandra main road,MVJ College,20M,0.0,0.0
Bengaluru City,Whitefield Traffic PS,1.04432e+16,2017,1,2,Road Accidents,Junction,City/Town,Open area,Human Error,No,Simple Injury,Others,Signal lights Blinking,Straight and flat,State Highway,Bitumen(Tar),Dry,No influence on accident,Fine,kadugodi-hosakote main road,kannamangal circle,10M,0.0,0.0
Bengaluru City,Whitefield Traffic PS,1.04432e+16,2017,1,5,Road Accidents,Other,City/Town,Open area,Human Error,Yes,Damage Only,Hit and Run,Not at  Junction,Straight and flat,City or Town Road,Bitumen(Tar),Dry,No influence on accident,Fine,channasandra main road,Divya Jyothi Blind society,20M,0.0,0.0
Bengaluru City,Whitefield Traffic PS,1.04432e+16,2017,1,3,Road Accidents,Other,City/Town,Residential area,Human Error,Yes,Grievous Injury,Hit and Run,Not at  Junction,Straight and flat,City or Town Road,Bitumen(Tar),Dry,No influence on accident,Fine,nallurahalli main road,casa gopalan apartment,10M,0.0,0.0
Bengaluru City,Whitefield Traffic PS,1.04432e+16,2017,1,2,Road Accidents,Y Junction,City/Town,Near a recreation place/cinema,Human Error,Yes,Grievous Injury,Hit and Run,Not at  Junction,Straight and flat,City or Town Road,Bitumen(Tar),Dry,No influence on accident,Fine,Varthur Main Road,Vargenia Mall,20 M,0.0,0.0
Bengaluru City,Whitefield Traffic PS,1.04432e+16,2017,1,2,Road Accidents,T Junction,City/Town,Near a factory industrial area,Human Error,No,Damage Only,Others,No signal lights,Straight and flat,City or Town Road,Bitumen(Tar),Dry,No influence on accident,Fine,ITPL Main Road,ITPL,30M,0.0,0.0
Bengaluru City,Whitefield Traffic PS,1.04432e+16,2017,1,3,Road Accidents,Other,City/Town,Near a factory industrial area,Human Error,No,Damage Only,Others,Not at  Junction,Straight and flat,City or Town Road,Bitumen(Tar),Dry,No influence on accident,Fine,ITPL Main Road,G R Teck park Junction,10M,0.0,0.0
Bengaluru City,Whitefield Traffic PS,1.04432e+16,2017,1,2,Road Accidents,Other,City/Town,Near Hospital,Human Error,Yes,Grievous Injury,Hit and Run,Not at  Junction,Straight and flat,State Highway,Bitumen(Tar),Dry,No influence on accident,Fine,varthur-dommasandra main road,govt hospital varthur,20M,0.0,0.0
Bengaluru City,Whitefield Traffic PS,1.04432e+16,2017,1,2,Road Accidents,T Junction,City/Town,Near a factory industrial area,Human Error,Yes,Fatal,Hit and Run,Signal lights Blinking,Straight and flat,City or Town Road,Bitumen(Tar),Dry,No influence on accident,Fine,itpl main road,container yard exit gate,20M,0.0,0.0
Bengaluru City,Whitefield Traffic PS,1.04432e+16,2017,1,1,Road Accidents,T Junction,City/Town,Open area,Human Error,Yes,Fatal,Hit pedestrian,No signal lights,Straight and flat,State Highway,Bitumen(Tar),Dry,No influence on accident,Fine,kadugodi-hosakote main road,Alfine apartment,30M,0.0,0.0
Bengaluru City,Whitefield Traffic PS,1.04432e+16,2017,1,2,Road Accidents,Junction,City/Town,Near Hospital,Human Error,Yes,Grievous Injury,Hit and Run,Police / Manual,Others,City or Town Road,Bitumen(Tar),Dry,No influence on accident,Fine,whitefield main road,Green tree,10m,0.0,0.0
Bengaluru City,Whitefield Traffic PS,1.04432e+16,2017,1,2,Road Accidents,Junction,City/Town,Near Bus stop,Human Error,No,Simple Injury,Rear end,Signal lights Blinking,Straight and flat,City or Town Road,Bitumen(Tar),Dry,No influence on accident,Fine,channasandra main road,chandan bakery,20M,0.0,0.0
Bengaluru City,Whitefield Traffic PS,1.04432e+16,2017,1,2,Road Accidents,Other,City/Town,Open area,Human Error,No,Grievous Injury,Others,Not Applicable,Straight and flat,State Highway,Bitumen(Tar),Dry,No influence on accident,Fine,whitefield main road,reliance fresh,26ft,0.0,0.0
Bengaluru City,Whitefield Traffic PS,1.04432e+16,2017,1,2,Road Accidents,Other,City/Town,Near a factory industrial area,Human Error,No,Fatal,Others,Not at  Junction,Straight and flat,City or Town Road,Bitumen(Tar),Dry,No influence on accident,Fine,I Gate Main Road,GE Company,10M,0.0,0.0
Bengaluru City,Whitefield Traffic PS,1.04432e+16,2017,1,2,Road Accidents,Bridge,City/Town,Open area,Human Error,No,Damage Only,Others,Not at  Junction,Straight and flat,State Highway,Bitumen(Tar),Dry,No influence on accident,Clear,Kadugodi-Hosakote Main Road,Kadugodi Railway Bridge,0.5KM,0.0,0.0
Bengaluru City,Whitefield Traffic PS,1.04432e+16,2017,1,2,Road Accidents,Narrow road,City/Town,Near office complex,Human Error,Yes,Damage Only,Hit and Run,Not at  Junction,Others,City or Town Road,Bitumen(Tar),Dry,No influence on accident,Fine,Vydehi-ITPL Main Road,F1 HOTEL,15 M,0.0,0.0
Bengaluru City,Whitefield Traffic PS,1.04432e+16,2017,1,2,Road Accidents,T Junction,City/Town,Near a factory industrial area,Human Error,No,Damage Only,Others,Signal lights Blinking,Straight and flat,City or Town Road,Bitumen(Tar),Dry,No influence on accident,Fine,ITPL Main Road,Electrical Pole,6M,0.0,0.0
Bengaluru City,Whitefield Traffic PS,1.04432e+16,2017,1,2,Road Accidents,Narrow road,City/Town,Near Bus stop,Human Error,No,Grievous Injury,Others,Not at  Junction,Others,Not Applicable,Bitumen(Tar),Dry,No influence on accident,Fine,Kadugodi-Hoskote Main Road,ALYEV VIVA APPARTMENT,5M,0.0,0.0
Bengaluru City,Whitefield Traffic PS,1.04432e+16,2017,1,2,Road Accidents,Narrow road,City/Town,Open area,Human Error,Yes,Damage Only,Hit parked vehicle,Not at  Junction,Straight and flat,City or Town Road,Bitumen(Tar),Dry,No influence on accident,Fine,Belthur Main Road,Green Tree,30Ft,0.0,0.0
Bengaluru City,Whitefield Traffic PS,1.04432e+16,2017,1,1,Road Accidents,T Junction,City/Town,In bazaar,Human Error,Yes,Grievous Injury,Hit pedestrian,Signal lights Blinking,Straight and flat,State Highway,Bitumen(Tar),Dry,No influence on accident,Fine,Whitefield Main Road,BKV Enterprises,20M,0.0,0.0
Bengaluru City,Whitefield Traffic PS,1.04432e+16,2017,1,2,Road Accidents,Other,City/Town,Open area,Human Error,No,Grievous Injury,Others,Not at  Junction,Straight and flat,City or Town Road,Bitumen(Tar),Dry,No influence on accident,Clear,Channasandra Main Road,Mayur Residency,30M,0.0,0.0
Bengaluru City,Whitefield Traffic PS,1.04432e+16,2017,1,1,Road Accidents,Y Junction,City/Town,Open area,Human Error,No,Simple Injury,Hit pedestrian,Signal lights Blinking,Straight and flat,City or Town Road,Bitumen(Tar),Dry,No influence on accident,Fine,varthur main road,Varthur kodi,10M,0.0,0.0
Bengaluru City,Whitefield Traffic PS,1.04432e+16,2017,1,1,Road Accidents,Y Junction,City/Town,Open area,Human Error,Yes,Simple Injury,Hit pedestrian,Signal lights Blinking,Straight and flat,City or Town Road,Bitumen(Tar),Dry,No influence on accident,Fine,itpl main road,bpl bus stop,20M,0.0,0.0
Bengaluru City,Whitefield Traffic PS,1.04432e+16,2017,1,1,Road Accidents,Other,City/Town,Near Petrol Pump,Human Error,No,Grievous Injury,Hit pedestrian,No signal lights,Straight and flat,State Highway,Bitumen(Tar),Dry,No influence on accident,Fine,kadugodi-hosakote main road,HP Petrol Bunk,20M,0.0,0.0
Bengaluru City,Whitefield Traffic PS,1.04432e+16,2017,1,2,Road Accidents,Other,City/Town,Open area,Human Error,No,Damage Only,Others,Not at  Junction,Straight and flat,State Highway,Bitumen(Tar),Dry,No influence on accident,Fine,kadugodi-hosakote main road,safal market,20M,0.0,0.0
Bengaluru City,Whitefield Traffic PS,1.04432e+16,2017,1,1,Road Accidents,Other,City/Town,Near Bus stop,Human Error,No,Fatal,Hit pedestrian,Signal lights Blinking,Straight and flat,City or Town Road,Bitumen(Tar),Dry,No influence on accident,Fine,varthuru main road,ramagondanahalli bus stop,10M,0.0,0.0
Bengaluru City,Whitefield Traffic PS,1.04432e+16,2017,1,2,Road Accidents,Other,City/Town,Open area,Human Error,Yes,Simple Injury,Hit and Run,Not at  Junction,Straight and flat,State Highway,Bitumen(Tar),Dry,No influence on accident,Fine,gunjuru main road,cheif bake,10M,0.0,0.0
Bengaluru City,Whitefield Traffic PS,1.04432e+16,2017,1,2,Road Accidents,Other,City/Town,Open area,Human Error,Yes,Simple Injury,Hit and Run,Not at  Junction,Straight and flat,City or Town Road,Bitumen(Tar),Dry,No influence on accident,Fine,chinnagenahalli main road,chowdeshwari layout,10M,0.0,0.0
Bengaluru City,Whitefield Traffic PS,1.04432e+16,2017,1,2,Road Accidents,Narrow road,City/Town,Near office complex,Human Error,Yes,Damage Only,Hit and Run,Not at  Junction,Others,City or Town Road,Bitumen(Tar),Dry,Not Applicable,Fine,ITPL MAIN ROAD,ELCTRIC POLL,8,0.0,0.0
Bengaluru City,Whitefield Traffic PS,1.04432e+16,2017,1,3,Road Accidents,T Junction,City/Town,Near School or College,Human Error,Yes,Grievous Injury,Hit and Run,Signal lights Blinking,Straight and flat,State Highway,Bitumen(Tar),Dry,No influence on accident,Fine,whitefield main road,kasturi baa school,20M,0.0,0.0
Bengaluru City,Whitefield Traffic PS,1.04432e+16,2017,1,2,Road Accidents,T Junction,City/Town,Open area,Human Error,Yes,Damage Only,Hit and Run,No signal lights,Straight and flat,State Highway,Bitumen(Tar),Dry,No influence on accident,Fine,kadugodi-hosakote main road,dinnuru cross,10M,0.0,0.0
Bengaluru City,Whitefield Traffic PS,1.04432e+16,2017,1,2,Road Accidents,Other,City/Town,Near office complex,Human Error,No,Damage Only,Rear end,Not at  Junction,Straight and flat,State Highway,Bitumen(Tar),Dry,No influence on accident,Fine,Whitefield Main Road,Electrical Pole,7M,0.0,0.0
Bengaluru City,Whitefield Traffic PS,1.04432e+16,2017,1,2,Road Accidents,Junction,City/Town,Residential area,Human Error,No,Fatal,Others,No signal lights,Straight and flat,City or Town Road,Bitumen(Tar),Dry,No influence on accident,Fine,Channasandra Main Road,Star Bazzar,30M,0.0,0.0
Bengaluru City,Whitefield Traffic PS,1.04432e+16,2017,1,2,Road Accidents,T Junction,City/Town,Near Petrol Pump,Human Error,No,Simple Injury,Others,No signal lights,Straight and flat,City or Town Road,Bitumen(Tar),Dry,No influence on accident,Fine,Varthur Main Road,Shell Petrol Pump,30M,0.0,0.0
Bengaluru City,Whitefield Traffic PS,1.04432e+16,2017,1,1,Road Accidents,Narrow road,City/Town,Open area,Human Error,Yes,Grievous Injury,Hit and Run,Not at  Junction,Others,City or Town Road,Bitumen(Tar),Dry,No influence on accident,Fine,DINNURU ROAD,VENUGOPAL FLORE MIL,13 M,0.0,0.0
Bengaluru City,Whitefield Traffic PS,1.04432e+16,2017,1,1,Road Accidents,Other,City/Town,Near a recreation place/cinema,Human Error,No,Simple Injury,Hit pedestrian,Not at  Junction,Straight and flat,City or Town Road,Bitumen(Tar),Dry,No influence on accident,Fine,vydehi-itpl main road,formula one hotel,20M,0.0,0.0
Bengaluru City,Whitefield Traffic PS,1.04432e+16,2017,1,1,Road Accidents,Other,City/Town,Near a recreation place/cinema,Human Error,Yes,Grievous Injury,Hit and Run,Not at  Junction,Straight and flat,State Highway,Bitumen(Tar),Dry,No influence on accident,Fine,whitefield main road,near river side resturant,10M,0.0,0.0
Bengaluru City,Whitefield Traffic PS,1.04432e+16,2017,1,2,Road Accidents,Other,City/Town,In bazaar,Human Error,Yes,Simple Injury,Hit and Run,Not at  Junction,Straight and flat,City or Town Road,Bitumen(Tar),Dry,No influence on accident,Fine,varthur main road,ramagondanahalli,20M,0.0,0.0
Bengaluru City,Whitefield Traffic PS,1.04432e+16,2017,1,2,Road Accidents,Other,City/Town,Near School or College,Human Error,No,Grievous Injury,Others,Not at  Junction,Straight and flat,State Highway,Bitumen(Tar),Dry,No influence on accident,Fine,varthur-sarjapura main road,k k school,20M,0.0,0.0
Bengaluru City,Whitefield Traffic PS,1.04432e+16,2017,1,2,Road Accidents,Other,City/Town,Near a factory industrial area,Human Error,No,Damage Only,Others,Signal lights Blinking,Straight and flat,City or Town Road,Bitumen(Tar),Dry,No influence on accident,Fine,itpl main road,G R teck park,20M,0.0,0.0
Bengaluru City,Whitefield Traffic PS,1.04432e+16,2017,1,2,Road Accidents,Other,City/Town,In bazaar,Human Error,No,Grievous Injury,Others,Signal lights Blinking,Straight and flat,City or Town Road,Bitumen(Tar),Dry,No influence on accident,Fine,varthur main road,D Mart Mall,10M,0.0,0.0
Bengaluru City,Whitefield Traffic PS,1.04432e+16,2017,1,1,Road Accidents,Other,City/Town,Residential area,Human Error,No,Simple Injury,Hit pedestrian,Not Applicable,Straight and flat,State Highway,Bitumen(Tar),Dry,No influence on accident,Clear,kadugodi-hosakote main road,sandeep vihar apartment,10M,0.0,0.0
Bengaluru City,Whitefield Traffic PS,1.04432e+16,2017,1,1,Road Accidents,Other,City/Town,Near School or College,Human Error,Yes,Simple Injury,Hit pedestrian,Not at  Junction,Straight and flat,City or Town Road,Bitumen(Tar),Dry,No influence on accident,Fine,channasandra main road,mvj college,10M,0.0,0.0
Bengaluru City,Whitefield Traffic PS,1.04432e+16,2017,1,1,Road Accidents,Other,City/Town,Open area,Human Error,No,Damage Only,Hit fixed object,Not at  Junction,Straight and flat,State Highway,Bitumen(Tar),Dry,No influence on accident,Fine,kadugodi main road,alembic apartment,20M,0.0,0.0
Bengaluru City,Whitefield Traffic PS,1.04432e+16,2017,1,1,Road Accidents,Junction,City/Town,Near a factory industrial area,Human Error,No,Damage Only,Side swipe,Signal lights Blinking,Straight and flat,City or Town Road,Bitumen(Tar),Dry,No influence on accident,Fine,vydehi hospital main road,vydehi hospital junction,10M,0.0,0.0
Bengaluru City,Whitefield Traffic PS,1.04432e+16,2017,1,2,Road Accidents,Narrow road,City/Town,Near a religious place,Human Error,No,Grievous Injury,Others,Not at  Junction,Not Applicable,City or Town Road,Bitumen(Tar),Dry,Not Applicable,Fine,HOSAKOTE KADUGODI MAIN ROAD,TREE,5,0.0,0.0
Bengaluru City,Whitefield Traffic PS,1.04432e+16,2017,1,2,Road Accidents,T Junction,City/Town,Open area,Human Error,Yes,Grievous Injury,Hit and Run,Signal lights Blinking,Straight and flat,City or Town Road,Bitumen(Tar),Dry,No influence on accident,Fine,sarjapura main road,kodati gate,10M,0.0,0.0
Bengaluru City,Whitefield Traffic PS,1.04432e+16,2017,1,2,Road Accidents,Narrow road,City/Town,Near a religious place,Human Error,Yes,Damage Only,Hit and Run,Not at  Junction,Others,State Highway,Bitumen(Tar),Dry,No influence on accident,Fine,Whitefield Main Road,charchi,8 m,0.0,0.0
Bengaluru City,Whitefield Traffic PS,1.04432e+16,2017,1,2,Road Accidents,Other,City/Town,Near a factory industrial area,Human Error,Yes,Damage Only,Hit and Run,Not at  Junction,Straight and flat,City or Town Road,Bitumen(Tar),Dry,No influence on accident,Fine,ITPL Main Road,Container Yard Company,30M,0.0,0.0
Bengaluru City,Whitefield Traffic PS,1.04432e+16,2017,1,2,Road Accidents,T Junction,City/Town,Near School or College,Human Error,Yes,Damage Only,Rear end,No signal lights,Straight and flat,State Highway,Bitumen(Tar),Dry,No influence on accident,Clear,Kadugodi-Hosakote Main Road,Seegehalli Cross,2.5KM,0.0,0.0
Bengaluru City,Whitefield Traffic PS,1.04432e+16,2017,1,2,Road Accidents,Narrow road,City/Town,Residential area,Human Error,Yes,Fatal,Hit pedestrian,Not at  Junction,Straight and flat,City or Town Road,Bitumen(Tar),Dry,No influence on accident,Fine,Vijayanagar Main Road,Opp Naunihall Apartment,6.6M,0.0,0.0
Bengaluru City,Whitefield Traffic PS,1.04432e+16,2017,1,2,Road Accidents,Narrow road,City/Town,Residential area,Human Error,No,Grievous Injury,Right Turn Collision,Not at  Junction,Others,City or Town Road,Bitumen(Tar),Dry,No influence on accident,Fine,Kadugodi-Hoskote Main Road,TREE,11.1,0.0,0.0
Bengaluru City,Whitefield Traffic PS,1.04432e+16,2017,1,2,Road Accidents,Other,City/Town,Open area,Human Error,No,Damage Only,Others,Not at  Junction,Straight and flat,State Highway,Bitumen(Tar),Dry,No influence on accident,Fine,Varthur-Sarjapura Main Road,Varthur Lake,10M,0.0,0.0
Bengaluru City,Whitefield Traffic PS,1.04432e+16,2017,1,3,Road Accidents,Other,City/Town,Open area,Human Error,No,Simple Injury,Others,Not at  Junction,Straight and flat,State Highway,Bitumen(Tar),Dry,No influence on accident,Fine,varthur-sarjapura main road,varthur lake,10M,0.0,0.0
Bengaluru City,Whitefield Traffic PS,1.04432e+16,2017,1,2,Road Accidents,T Junction,City/Town,In bazaar,Human Error,No,Simple Injury,Others,Signal lights Blinking,Straight and flat,State Highway,Bitumen(Tar),Dry,No influence on accident,Fine,whitefield main road,opp riverside resturant,20M,0.0,0.0
Bengaluru City,Whitefield Traffic PS,1.04432e+16,2017,1,2,Road Accidents,Junction,City/Town,Residential area,Human Error,No,Damage Only,Others,Signal lights Blinking,Straight and flat,City or Town Road,Bitumen(Tar),Dry,No influence on accident,Fine,itpl main road,prestige shantinikethan,20M,0.0,0.0
Bengaluru City,Whitefield Traffic PS,1.04432e+16,2017,1,2,Road Accidents,Junction,City/Town,In bazaar,Human Error,No,Grievous Injury,Others,No signal lights,Straight and flat,City or Town Road,Bitumen(Tar),Dry,No influence on accident,Fine,channasandra main road,star bazzar,20M,0.0,0.0
Bengaluru City,Whitefield Traffic PS,1.04432e+16,2017,1,1,Road Accidents,Circle,City/Town,Residential area,Human Error,Yes,Simple Injury,Hit pedestrian,No signal lights,Straight and flat,City or Town Road,Bitumen(Tar),Dry,No influence on accident,Fine,immadihalli main road,nagondanahalli circle,10M,0.0,0.0
Bengaluru City,Whitefield Traffic PS,1.04432e+16,2017,1,1,Road Accidents,Other,City/Town,In bazaar,Human Error,No,Fatal,Hit pedestrian,Not Applicable,Straight and flat,City or Town Road,Bitumen(Tar),Dry,No influence on accident,Fine,Immadihalli main road,saptagiri kalyan mantap,10M,0.0,0.0
Bengaluru City,Whitefield Traffic PS,1.04432e+16,2017,1,1,Road Accidents,Other,City/Town,Open area,Human Error,No,Grievous Injury,Hit pedestrian,Not at  Junction,Others,State Highway,Bitumen(Tar),Dry,No influence on accident,Fine,Kadugodi main road khajisonnenehalli cross,green tree,7m,0.0,0.0
Bengaluru City,Whitefield Traffic PS,1.04432e+16,2017,1,2,Road Accidents,Narrow road,City/Town,Near a religious place,Human Error,Not Applicable,Damage Only,Rear end,Not at  Junction,Not Applicable,City or Town Road,Bitumen(Tar),Dry,Not Applicable,Fine,R NARAYANAPURA ROAD,ELCTRIC POLL,10,0.0,0.0
Bengaluru City,Whitefield Traffic PS,1.04432e+16,2017,1,2,Road Accidents,T Junction,City/Town,Near a factory industrial area,Human Error,Not Applicable,Damage Only,Others,Signal lights Automatic,Straight and flat,City or Town Road,Bitumen(Tar),Dry,No influence on accident,Fine,itpl main road,big bazzar junction,10m,0.0,0.0
Bengaluru City,Whitefield Traffic PS,1.04432e+16,2017,1,1,Road Accidents,Other,City/Town,Residential area,Human Error,Yes,Damage Only,Hit fixed object,Not at  Junction,Straight and flat,City or Town Road,Bitumen(Tar),Dry,No influence on accident,Fine,ecc main road,shankarappa house,10ft,0.0,0.0
Bengaluru City,Whitefield Traffic PS,1.04432e+16,2017,1,1,Road Accidents,Other,City/Town,Near School or College,Human Error,Yes,Fatal,Hit pedestrian,Not at  Junction,Straight and flat,City or Town Road,Bitumen(Tar),Dry,No influence on accident,Clear,channasandra main road,bloomers school,20M,0.0,0.0
Bengaluru City,Whitefield Traffic PS,1.04432e+16,2017,1,1,Road Accidents,T Junction,City/Town,Near School or College,Human Error,Yes,Grievous Injury,Hit pedestrian,Signal lights Blinking,Straight and flat,State Highway,Bitumen(Tar),Dry,No influence on accident,Fine,kadugodi-hosakote main road,seegehalli junction,10M,0.0,0.0
Bengaluru City,Whitefield Traffic PS,1.04432e+16,2017,1,1,Road Accidents,Junction,City/Town,Residential area,Human Error,Yes,Grievous Injury,Hit pedestrian,Signal lights Blinking,Straight and flat,City or Town Road,Bitumen(Tar),Dry,No influence on accident,Fine,varthuru main road,renaisance jagruthi apartment,13ft,0.0,0.0