DISTRICTNAME,UNITNAME,Crime_No,Year,RI,Noofvehicle_involved,Accident_Classification,Accident_Spot,Accident_Location,Accident_SubLocation,Main_Cause,Hit_Run,Severity,Collision_Type,Junction_Control,Road_Character,Road_Type,Surface_Type,Surface_Condition,Road_Condition,Weather,Accident_Road,Landmark_first,Distance_LandMark_First,Latitude,Longitude
Bengaluru City,Whitefield Traffic PS,1.04432e+16,2018,1,3,Road Accidents,Other,City/Town,Open area,Human Error,No,Simple Injury,Rear end,Not at  Junction,Straight and flat,State Highway,Bitumen(Tar),Dry,No influence on accident,Clear,kadugodi-hosakote main road,Cement godown,11M,0.0,0.0
Bengaluru City,Whitefield Traffic PS,1.04432e+16,2018,1,2,Road Accidents,Curves,City/Town,Open area,Human Error,Yes,Grievous Injury,Hit and Run,Not at  Junction,Straight and flat,City or Town Road,Bitumen(Tar),Dry,No influence on accident,Clear,Mulluru-Kodati Gate Main Road,Green Tree,5M,0.0,0.0
Bengaluru City,Whitefield Traffic PS,1.04432e+16,2018,1,2,Road Accidents,Other,City/Town,Residential area,Human Error,No,Simple Injury,Rear end,Not at  Junction,Straight and flat,City or Town Road,Bitumen(Tar),Dry,No influence on accident,Clear,Varthur Main Road,Green Tree,8M,0.0,0.0
Bengaluru City,Whitefield Traffic PS,1.04432e+16,2018,1,2,Road Accidents,Narrow road,City/Town,Near office complex,Human Error,No,Damage Only,Others,Not at  Junction,Others,City or Town Road,Bitumen(Tar),Dry,Not Applicable,Fine,WHITEFIELD MAIN ROAD,ELCTRIC POLL,8,0.0,0.0
Bengaluru City,Whitefield Traffic PS,1.04432e+16,2018,1,2,Road Accidents,Bridge,City/Town,Open area,Human Error,No,Grievous Injury,Others,Not at  Junction,Not Applicable,City or Town Road,Bitumen(Tar),Dry,Not Applicable,Fine,SARJAPURA MAIN ROAD,ELCTRIC POLL,24,0.0,0.0
Bengaluru City,Whitefield Traffic PS,1.04432e+16,2018,1,1,Road Accidents,Narrow road,City/Town,Open area,Human Error,No,Simple Injury,Others,Not at  Junction,Not Applicable,City or Town Road,Bitumen(Tar),Dry,Not Applicable,Fine,GUNJURU KARMALRAM ROAD,tree,11,0.0,0.0
Bengaluru City,Whitefield Traffic PS,1.04432e+16,2018,1,2,Road Accidents,Other,City/Town,Near a recreation place/cinema,Human Error,Yes,Grievous Injury,Hit and Run,Not at  Junction,Straight and flat,City or Town Road,Bitumen(Tar),Dry,No influence on accident,Fine,channasandra main road,kabab mandra,40ft,0.0,0.0
Bengaluru City,Whitefield Traffic PS,1.04432e+16,2018,1,2,Road Accidents,Other,City/Town,In bazaar,Human Error,No,Grievous Injury,Others,No signal lights,Straight and flat,State Highway,Bitumen(Tar),Dry,No influence on accident,Fine,Varthuru-Sarjapura Main Road,N S Canters,48ft,0.0,0.0
Bengaluru City,Whitefield Traffic PS,1.04432e+16,2018,1,2,Road Accidents,Other,City/Town,Residential area,Human Error,No,Grievous Injury,Others,Not at  Junction,Straight and flat,State Highway,Bitumen(Tar),Dry,No influence on accident,Clear,kadugodi-whitefield main road,alembic apartment,30ft,0.0,0.0
Bengaluru City,Whitefield Traffic PS,1.04432e+16,2018,1,1,Road Accidents,Other,City/Town,Near office complex,Human Error,No,Grievous Injury,Hit pedestrian,Not at  Junction,Straight and flat,State Highway,Bitumen(Tar),Dry,No influence on accident,Fine,Varthur main road,Om Sri Sai Ganesh Store,12ft,0.0,0.0
Bengaluru City,Whitefield Traffic PS,1.04432e+16,2018,1,2,Road Accidents,Other,City/Town,Near School or College,Human Error,No,Simple Injury,Others,Not at  Junction,Straight and flat,City or Town Road,Bitumen(Tar),Dry,No influence on accident,Fine,gunjuru main road,krupanidhi college,20ft,0.0,0.0
Bengaluru City,Whitefield Traffic PS,1.04432e+16,2018,1,2,Road Accidents,T Junction,City/Town,Near a factory industrial area,Human Error,Yes,Grievous Injury,Hit and Run,Signal lights Blinking,Straight and flat,City or Town Road,Bitumen(Tar),Dry,Construction Work / Material,Clear,itpl main road,park square,60ft,0.0,0.0
Bengaluru City,Whitefield Traffic PS,1.04432e+16,2018,1,1,Road Accidents,Other,City/Town,Residential area,Human Error,Yes,Simple Injury,Hit pedestrian,Not at  Junction,Straight and flat,City or Town Road,Bitumen(Tar),Dry,No influence on accident,Fine,Whitefield-ECC Church Main Road,Citylight rustic apartment,10mtr,0.0,0.0
Bengaluru City,Whitefield Traffic PS,1.04432e+16,2018,1,2,Road Accidents,Other,City/Town,Near a factory industrial area,Human Error,No,Grievous Injury,Others,Not at  Junction,Straight and flat,City or Town Road,Bitumen(Tar),Dry,No influence on accident,Clear,Halasahalli main road,near asb ittige factory,30M,0.0,0.0
Bengaluru City,Whitefield Traffic PS,1.04432e+16,2018,1,1,Road Accidents,Other,City/Town,In bazaar,Human Error,Yes,Grievous Injury,Hit pedestrian,Not at  Junction,Straight and flat,State Highway,Bitumen(Tar),Dry,No influence on accident,Clear,varthur-gunjuru main road,modern tiles shop,20ft,0.0,0.0
Bengaluru City,Whitefield Traffic PS,1.04432e+16,2018,1,2,Road Accidents,Other,City/Town,Near Petrol Pump,Human Error,Yes,Grievous Injury,Hit and Run,Not at  Junction,Straight and flat,City or Town Road,Bitumen(Tar),Dry,No influence on accident,Clear,channasandra main road,electrical pole,8M,0.0,0.0
Bengaluru City,Whitefield Traffic PS,1.04432e+16,2018,1,3,Road Accidents,T Junction,City/Town,Near Bus stop,Human Error,Yes,Damage Only,Hit and Run,Signal lights Blinking,Straight and flat,State Highway,Bitumen(Tar),Dry,No influence on accident,Fine,Kadugodi-Hosakote Main Road,balaji bhavan,11M,0.0,0.0
Bengaluru City,Whitefield Traffic PS,1.04432e+16,2018,1,2,Road Accidents,Curves,City/Town,Open area,Human Error,No,Grievous Injury,Others,Not at  Junction,Curve,City or Town Road,Bitumen(Tar),Dry,No influence on accident,Clear,Kodati Gate main road,electrical pole,6m,0.0,0.0
Bengaluru City,Whitefield Traffic PS,1.04432e+16,2018,1,1,Road Accidents,T Junction,City/Town,Open area,Human Error,Yes,Simple Injury,Hit and Run,No signal lights,Straight and flat,City or Town Road,Bitumen(Tar),Dry,No influence on accident,Clear,varthur main road,green tree,14M,0.0,0.0
Bengaluru City,Whitefield Traffic PS,1.04432e+16,2018,1,1,Road Accidents,Other,City/Town,Near Bus stop,Human Error,Yes,Simple Injury,Hit pedestrian,Not at  Junction,Straight and flat,City or Town Road,Bitumen(Tar),Dry,No influence on accident,Clear,Varthur main road,BMTC Bus Stop,4M,0.0,0.0
Bengaluru City,Whitefield Traffic PS,1.04432e+16,2018,1,2,Road Accidents,Y Junction,City/Town,In bazaar,Human Error,No,Grievous Injury,Others,No signal lights,Straight and flat,City or Town Road,Bitumen(Tar),Dry,No influence on accident,Clear,nallurahalli main road,Andra Bank and ATM,7M,0.0,0.0
Bengaluru City,Whitefield Traffic PS,1.04432e+16,2018,1,2,Road Accidents,T Junction,City/Town,Near a factory industrial area,Human Error,No,Damage Only,Others,Signal lights Blinking,Straight and flat,City or Town Road,Bitumen(Tar),Dry,Construction Work / Material,Clear,ITPL MAIN ROAD,tree,30m,0.0,0.0
Bengaluru City,Whitefield Traffic PS,1.04432e+16,2018,1,2,Road Accidents,Other,City/Town,Residential area,Human Error,Yes,Grievous Injury,Hit and Run,Not at  Junction,Straight and flat,State Highway,Bitumen(Tar),Dry,No influence on accident,Clear,Whitefield Main Road,electric pole,14M,0.0,0.0
Bengaluru City,Whitefield Traffic PS,1.04432e+16,2018,1,2,Road Accidents,Other,City/Town,Open area,Human Error,Yes,Simple Injury,Hit and Run,Not at  Junction,Straight and flat,City or Town Road,Bitumen(Tar),Dry,No influence on accident,Clear,Kudlu Main Road,green tree,9M,0.0,0.0
Bengaluru City,Whitefield Traffic PS,1.04432e+16,2018,1,1,Road Accidents,T Junction,City/Town,In bazaar,Human Error,Yes,Grievous Injury,Hit pedestrian,No signal lights,Straight and flat,City or Town Road,Bitumen(Tar),Dry,No influence on accident,Clear,Varthur Main Road,Karnataka Shop,7M,0.0,0.0
Bengaluru City,Whitefield Traffic PS,1.04432e+16,2018,1,2,Road Accidents,Narrow road,City/Town,Narrow bridge or culverts,Human Error,No,Damage Only,Rear end,Not at  Junction,Not Applicable,City or Town Road,Bitumen(Tar),Dry,Not Applicable,Fine,KADUGODI HOSAKOTE MAIN ROAD,ELCTRIC POLL,10,0.0,0.0
Bengaluru City,Whitefield Traffic PS,1.04432e+16,2018,1,2,Road Accidents,Narrow road,City/Town,Near Bus stop,Human Error,Yes,Grievous Injury,Hit and Run,Not at  Junction,Not Applicable,City or Town Road,Bitumen(Tar),Dry,Not Applicable,Fine,varthuru main road,ELCTRIC POLL,8,0.0,0.0
Bengaluru City,Whitefield Traffic PS,1.04432e+16,2018,1,2,Road Accidents,Other,City/Town,Residential area,Human Error,No,Damage Only,Others,Not at  Junction,Straight and flat,State Highway,Bitumen(Tar),Dry,No influence on accident,Clear,whitefield main road,whitefield police station,60ft,0.0,0.0
Bengaluru City,Whitefield Traffic PS,1.04432e+16,2018,1,1,Road Accidents,Y Junction,City/Town,In bazaar,Human Error,Yes,Grievous Injury,Hit pedestrian,No signal lights,Straight and flat,City or Town Road,Bitumen(Tar),Dry,No influence on accident,Clear,kadugodi main road,hindustani tailor shop,27ft,0.0,0.0
Bengaluru City,Whitefield Traffic PS,1.04432e+16,2018,1,2,Road Accidents,Other,City/Town,Open area,Human Error,No,Simple Injury,Others,Not at  Junction,Straight and flat,City or Town Road,Bitumen(Tar),Dry,No influence on accident,Fine,sarjapura main road,green tree,8mtr,0.0,0.0
Bengaluru City,Whitefield Traffic PS,1.04432e+16,2018,1,2,Road Accidents,Other,City/Town,Residential area,Human Error,No,Grievous Injury,Others,Not at  Junction,Straight and flat,State Highway,Bitumen(Tar),Dry,No influence on accident,Clear,whitefield main road,whiteifield prestige whitemeadows,30ft,0.0,0.0
Bengaluru City,Whitefield Traffic PS,1.04432e+16,2018,1,2,Road Accidents,Junction,City/Town,Narrow bridge or culverts,Human Error,No,Damage Only,Right Turn Collision,Signal lights Blinking,Straight and flat,State Highway,Bitumen(Tar),Dry,No influence on accident,Fine,Varthur main road,varthur kodi junction,10ft,0.0,0.0
Bengaluru City,Whitefield Traffic PS,1.04432e+16,2018,1,1,Road Accidents,T Junction,City/Town,Open area,Human Error,No,Simple Injury,Hit pedestrian,Not at  Junction,Straight and flat,City or Town Road,Bitumen(Tar),Dry,No influence on accident,Clear,krupanidhi-gunjuru main road,B M Prestige Apartment,10M,0.0,0.0
Bengaluru City,Whitefield Traffic PS,1.04432e+16,2018,1,2,Road Accidents,Other,City/Town,Residential area,Human Error,Yes,Grievous Injury,Hit and Run,Not at  Junction,Straight and flat,City or Town Road,Bitumen(Tar),Dry,No influence on accident,Clear,varthur main road,green tree,5M,0.0,0.0
Bengaluru City,Whitefield Traffic PS,1.04432e+16,2018,1,2,Road Accidents,Other,City/Town,Open area,Human Error,Yes,Fatal,Hit and Run,Not at  Junction,Straight and flat,State Highway,Bitumen(Tar),Dry,No influence on accident,Fine,Varthuru-Sarjapura Main Road,Near Varthuru Police Station,100mtr,0.0,0.0
Bengaluru City,Whitefield Traffic PS,1.04432e+16,2018,1,1,Road Accidents,Junction,City/Town,Near a recreation place/cinema,Human Error,No,Fatal,Hit pedestrian,Signal lights Automatic,Straight and flat,State Highway,Bitumen(Tar),Dry,No influence on accident,Clear,kadugodi-whitefield main road,public toilet,10ft,0.0,0.0
Bengaluru City,Whitefield Traffic PS,1.04432e+16,2018,1,2,Road Accidents,Other,City/Town,Near a religious place,Human Error,Yes,Grievous Injury,Hit and Run,Not at  Junction,Straight and flat,City or Town Road,Bitumen(Tar),Dry,No influence on accident,Fine,vijayanagar main road,vinayaka temple,30ft,0.0,0.0
Bengaluru City,Whitefield Traffic PS,1.04432e+16,2018,1,1,Road Accidents,Other,City/Town,Open area,Human Error,No,Fatal,Others,Not at  Junction,Straight and flat,City or Town Road,Bitumen(Tar),Dry,Construction Work / Material,Clear,itpl main road,green tree,8M,0.0,0.0
Bengaluru City,Whitefield Traffic PS,1.04432e+16,2018,1,1,Road Accidents,T Junction,City/Town,Near a factory industrial area,Human Error,Yes,Grievous Injury,Hit and Run,Signal lights Blinking,Straight and flat,City or Town Road,Bitumen(Tar),Dry,No influence on accident,Clear,ITPL Main Road,pattandhuru agrahara gate,10ft,0.0,0.0
Bengaluru City,Whitefield Traffic PS,1.04432e+16,2018,1,2,Road Accidents,Other,City/Town,In bazaar,Human Error,No,Grievous Injury,Rear end,Not at  Junction,Straight and flat,State Highway,Bitumen(Tar),Dry,No influence on accident,Clear,Whitefield Main Road,electrical pole,15M,0.0,0.0
Bengaluru City,Whitefield Traffic PS,1.04432e+16,2018,1,1,Road Accidents,Other,City/Town,Open area,Human Error,Yes,Grievous Injury,Hit and Run,Not at  Junction,Straight and flat,City or Town Road,Bitumen(Tar),Dry,No influence on accident,Clear,Gunjuru-Dodda Kannalli Main Road,G R Sun Rise Apartment Gate,7M,0.0,0.0
Bengaluru City,Whitefield Traffic PS,1.04432e+16,2018,1,2,Road Accidents,Narrow road,City/Town,Open area,Human Error,Yes,Grievous Injury,Hit and Run,Not at  Junction,Not Applicable,City or Town Road,Bitumen(Tar),Dry,Not Applicable,Fine,VARTHURU SARJAPURA MIAN ROAD,tree,8,0.0,0.0
Bengaluru City,Whitefield Traffic PS,1.04432e+16,2018,1,2,Road Accidents,Junction,City/Town,Open area,Human Error,No,Grievous Injury,Others,Signal lights Automatic,Not Applicable,City or Town Road,Bitumen(Tar),Dry,Not Applicable,Fine,WHITEFIELD KADUGODI MAIN ROAD,ELCTRIC POLL,5,0.0,0.0
Bengaluru City,Whitefield Traffic PS,1.04432e+16,2018,1,2,Road Accidents,Other,City/Town,Near office complex,Human Error,No,Grievous Injury,Hit pedestrian,Not at  Junction,Straight and flat,State Highway,Bitumen(Tar),Dry,No influence on accident,Fine,Varthur-sarjapura main road,samsung mobile shop,50ft,0.0,0.0
Bengaluru City,Whitefield Traffic PS,1.04432e+16,2018,1,2,Road Accidents,Junction,City/Town,Open area,Human Error,No,Damage Only,Others,Signal lights Automatic,Straight and flat,State Highway,Bitumen(Tar),Dry,No influence on accident,Clear,kadugodi-whitefield main road,hope farm junction,10ft,0.0,0.0
Bengaluru City,Whitefield Traffic PS,1.04432e+16,2018,1,2,Road Accidents,Other,City/Town,In bazaar,Human Error,No,Simple Injury,Others,Not at  Junction,Straight and flat,City or Town Road,Bitumen(Tar),Dry,No influence on accident,Fine,madhuranagar main road,v r vines,20ft,0.0,0.0
Bengaluru City,Whitefield Traffic PS,1.04432e+16,2018,1,2,Road Accidents,Junction,City/Town,Near a factory industrial area,Human Error,Yes,Damage Only,Hit and Run,Not at  Junction,Straight and flat,City or Town Road,Bitumen(Tar),Dry,No influence on accident,Fine,vydehi-graphite india main road,concrentric technology building,20ft,0.0,0.0
Bengaluru City,Whitefield Traffic PS,1.04432e+16,2018,1,2,Road Accidents,Other,City/Town,Residential area,Human Error,Yes,Grievous Injury,Hit and Run,Not at  Junction,Straight and flat,City or Town Road,Bitumen(Tar),Dry,No influence on accident,Fine,madhuranagar main road,varthur govt hospital,30ft,0.0,0.0
Bengaluru City,Whitefield Traffic PS,1.04432e+16,2018,1,2,Road Accidents,Junction,City/Town,Near a factory industrial area,Human Error,No,Damage Only,Others,Signal lights Blinking,Straight and flat,City or Town Road,Bitumen(Tar),Dry,No influence on accident,Fine,Vydehi Main Road,Vydehi Junction,10ft,0.0,0.0
Bengaluru City,Whitefield Traffic PS,1.04432e+16,2018,1,2,Road Accidents,Other,City/Town,Residential area,Human Error,No,Grievous Injury,Others,Not at  Junction,Straight and flat,State Highway,Bitumen(Tar),Dry,No influence on accident,Clear,kadugodi-hosakote main road,Akshya Apartment,20M,0.0,0.0
Bengaluru City,Whitefield Traffic PS,1.04432e+16,2018,1,2,Road Accidents,Other,City/Town,Near a factory industrial area,Human Error,No,Grievous Injury,Rear end,Not at  Junction,Straight and flat,City or Town Road,Bitumen(Tar),Dry,No influence on accident,Clear,channasandra main road,NDR Godown,04M,0.0,0.0
Bengaluru City,Whitefield Traffic PS,1.04432e+16,2018,1,1,Road Accidents,T Junction,City/Town,Near School or College,Human Error,Yes,Damage Only,Hit and Run,Signal lights Blinking,Straight and flat,State Highway,Bitumen(Tar),Dry,No influence on accident,Clear,varthur-gunjuru main road,varthur college,10M,0.0,0.0
Bengaluru City,Whitefield Traffic PS,1.04432e+16,2018,1,1,Road Accidents,Other,City/Town,Near office complex,Human Error,Yes,Fatal,Hit pedestrian,Not at  Junction,Straight and flat,State Highway,Bitumen(Tar),Dry,No influence on accident,Clear,Kadugodi-Hosakote Main Road,electrical pole,9M,0.0,0.0
Bengaluru City,Whitefield Traffic PS,1.04432e+16,2018,1,2,Road Accidents,Other,City/Town,Open area,Human Error,No,Simple Injury,Others,Not at  Junction,Straight and flat,State Highway,Bitumen(Tar),Dry,No influence on accident,Clear,Varthur-Gunjuru Main Road,Green Tree,6M,0.0,0.0
Bengaluru City,Whitefield Traffic PS,1.04432e+16,2018,1,3,Road Accidents,Other,City/Town,Open area,Human Error,No,Damage Only,Others,Not at  Junction,Straight and flat,State Highway,Bitumen(Tar),Dry,No influence on accident,Clear,kadugodi-whitefield main road,safal market,30ft,0.0,0.0
Bengaluru City,Whitefield Traffic PS,1.04432e+16,2018,1,2,Road Accidents,Railway crossing,City/Town,Narrow bridge or culverts,Human Error,Yes,Grievous Injury,Others,Not at  Junction,Straight and flat,City or Town Road,Bitumen(Tar),Dry,No influence on accident,Fine,panatturu main road,railway track,10ft,0.0,0.0
Bengaluru City,Whitefield Traffic PS,1.04432e+16,2018,1,1,Road Accidents,Other,City/Town,Near a factory industrial area,Human Error,No,Fatal,Others,Not at  Junction,Straight and flat,City or Town Road,Bitumen(Tar),Dry,No influence on accident,Fine,sarjapura main road,poorva steel pipes building,8.7M,0.0,0.0
Bengaluru City,Whitefield Traffic PS,1.04432e+16,2018,1,1,Road Accidents,Other,City/Town,Residential area,Human Error,Yes,Fatal,Hit and Run,Not at  Junction,Straight and flat,State Highway,Bitumen(Tar),Dry,No influence on accident,Clear,Kadugodi-Hosakote Main Road,electric pole,10M,0.0,0.0
Bengaluru City,Whitefield Traffic PS,1.04432e+16,2018,1,2,Road Accidents,Other,City/Town,Near a factory industrial area,Human Error,No,Grievous Injury,Others,Not at  Junction,Straight and flat,City or Town Road,Bitumen(Tar),Dry,No influence on accident,Clear,ITPL Main Road,the den,7M,0.0,0.0
Bengaluru City,Whitefield Traffic PS,1.04432e+16,2019,1,1,Road Accidents,Other,City/Town,Near a factory industrial area,Human Error,No,Grievous Injury,Others,Not at  Junction,Straight and flat,City or Town Road,Bitumen(Tar),Dry,No influence on accident,Clear,itpl main road,Electrical Pole,10M,12.985969,77.733664
Bengaluru City,Whitefield Traffic PS,1.04432e+16,2019,1,1,Road Accidents,Not Applicable,City/Town,Open area,Human Error,No,Fatal,Not Applicable,Not at  Junction,Straight and flat,Not Applicable,Bitumen(Tar),Dry,No influence on accident,Clear,Gunjuru Main Road,Green Tree,8.4M,12.920809,77.723313
Bengaluru City,Whitefield Traffic PS,1.04432e+16,2019,1,1,Road Accidents,Narrow road,City/Town,Residential area,Human Error,No,Fatal,Not Applicable,Not at  Junction,Straight and flat,Residential Street,Bitumen(Tar),Dry,No influence on accident,Clear,Kadugodi main road,sumukh nilay,2.6M,12.99729,77.766624
Bengaluru City,Whitefield Traffic PS,1.04432e+16,2019,1,2,Road Accidents,Not Applicable,Rural Areas,Narrow bridge or culverts,Human Error,Yes,Grievous Injury,Vehicle to Vehicle,Not at  Junction,Straight and flat,State Highway,Bitumen(Tar),Dry,No influence on accident,Clear,kadugodi-hosakote main road,Electrical Pole,6.8M,12.997167,77.758359
Bengaluru City,Whitefield Traffic PS,1.04432e+16,2019,1,2,Road Accidents,Junction,City/Town,Near a religious place,Human Error,No,Damage Only,Vehicle to Vehicle,Signal lights Blinking,Straight and flat,State Highway,Bitumen(Tar),Dry,No influence on accident,Clear,whitefield main road,Church Compound,14M,12.958991,77.746455
Bengaluru City,Whitefield Traffic PS,1.04432e+16,2019,1,2,Road Accidents,Junction,City/Town,In bazaar,Human Error,No,Grievous Injury,Vehicle to Vehicle,Signal lights Blinking,Straight and flat,State Highway,Bitumen(Tar),Dry,No influence on accident,Clear,kadugodi-hosakote main road,ANT Brad Band,9.5M,13.004184,77.757029
Bengaluru City,Whitefield Traffic PS,1.04432e+16,2019,1,1,Road Accidents,Not Applicable,City/Town,Near a factory industrial area,Human Error,Yes,Grievous Injury,Hit bicyclist,Not Applicable,Straight and flat,Not Applicable,Bitumen(Tar),Dry,No influence on accident,Clear,ITPL Main Road,Park Square Mall,8M,12.987551,77.737029
Bengaluru City,Whitefield Traffic PS,1.04432e+16,2019,1,2,Road Accidents,Other,City/Town,In bazaar,Human Error,Yes,Damage Only,Hit and Run,Not at  Junction,Straight and flat,City or Town Road,Bitumen(Tar),Dry,No influence on accident,Clear,Channasandra-Chikkatirupati Main Road,SHBI Compound,9M,12.981367,77.756871
Bengaluru City,Whitefield Traffic PS,1.04432e+16,2019,1,1,Road Accidents,Other,City/Town,In bazaar,Human Error,No,Fatal,Hit pedestrian,Not at  Junction,Straight and flat,State Highway,Bitumen(Tar),Dry,No influence on accident,Clear,kadugodi-hosakote main road,CHICKEN CENTRE,11M,13.00854,77.758491
Bengaluru City,Whitefield Traffic PS,1.04432e+16,2019,1,1,Road Accidents,Other,City/Town,Near School or College,Human Error,Yes,Grievous Injury,Hit and Run,Not at  Junction,Straight and flat,Village Road,Bitumen(Tar),Dry,No influence on accident,Fine,Chinnagenahalli Main Road,opp govt school,4M,13.031811,77.744233
Bengaluru City,Whitefield Traffic PS,1.04432e+16,2019,1,2,Road Accidents,Other,City/Town,Near Hospital,Human Error,No,Damage Only,Others,Not at  Junction,Straight and flat,City or Town Road,Bitumen(Tar),Dry,No influence on accident,Clear,itpl main road,Electrical Pole,9M,12.987276,77.731611
Bengaluru City,Whitefield Traffic PS,1.04432e+16,2019,1,1,Road Accidents,Not Applicable,City/Town,In bazaar,Human Error,No,Grievous Injury,Not Applicable,Not at  Junction,Straight and flat,State Highway,Bitumen(Tar),Dry,No influence on accident,Clear,Varthur-Gunjuru main road,Yamaha Showroom,10M,12.929082,77.739875
Bengaluru City,Whitefield Traffic PS,1.04432e+16,2019,1,2,Road Accidents,Not Applicable,City/Town,Near a recreation place/cinema,Human Error,Yes,Grievous Injury,Vehicle to Vehicle,Not at  Junction,Straight and flat,State Highway,Bitumen(Tar),Dry,No influence on accident,Clear,whitefield main road,Electrical Pole,5M,12.979218,77.751435
Bengaluru City,Whitefield Traffic PS,1.04432e+16,2019,1,2,Road Accidents,Not Applicable,City/Town,Near a factory industrial area,Human Error,Yes,Grievous Injury,Vehicle to Vehicle,Not at  Junction,Straight and flat,Others,Bitumen(Tar),Dry,No influence on accident,Clear,I-Gate Main Road,Green Tree,7M,12.975884,77.7181
Bengaluru City,Whitefield Traffic PS,1.04432e+16,2019,1,2,Road Accidents,Junction,City/Town,Near a religious place,Human Error,Yes,Grievous Injury,Vehicle to Vehicle,Signal lights Blinking,Straight and flat,State Highway,Bitumen(Tar),Dry,No influence on accident,Clear,whitefield main road,Church Compound,14M,12.961374,77.74762
Bengaluru City,Whitefield Traffic PS,1.04432e+16,2019,1,2,Road Accidents,Not Applicable,City/Town,Near Petrol Pump,Human Error,No,Grievous Injury,Vehicle to Vehicle,Not at  Junction,Straight and flat,State Highway,Bitumen(Tar),Dry,No influence on accident,Clear,Varthur-Sarjapura Main Road,Petrol Bunk,7M,0.0,0.0
Bengaluru City,Whitefield Traffic PS,1.04432e+16,2019,1,1,Road Accidents,Not Applicable,City/Town,Open area,Human Error,No,Fatal,Not Applicable,Not at  Junction,Straight and flat,Sub Arterial,Bitumen(Tar),Dry,No influence on accident,Clear,Pattandhuru Agrahara Main Road,Blood Mark,6M,0.0,0.0
Bengaluru City,Whitefield Traffic PS,1.04432e+16,2019,1,1,Road Accidents,Junction,City/Town,Open area,Human Error,No,Grievous Injury,Not Applicable,Signal lights Blinking,Straight and flat,State Highway,Bitumen(Tar),Dry,No influence on accident,Clear,Kadugodi-Hosakote Main Road,Abhay Anjaneya Temple,11.8M,0.0,0.0
Bengaluru City,Whitefield Traffic PS,1.04432e+16,2019,1,1,Road Accidents,Other,City/Town,Near a religious place,Human Error,No,Grievous Injury,Hit pedestrian,Not at  Junction,Straight and flat,State Highway,Bitumen(Tar),Dry,No influence on accident,Clear,whitefield main road,ganesh temple,20M,12.97424,77.750551
Bengaluru City,Whitefield Traffic PS,1.04432e+16,2019,1,1,Road Accidents,Other,City/Town,In bazaar,Human Error,No,Grievous Injury,Hit pedestrian,Not at  Junction,Straight and flat,City or Town Road,Bitumen(Tar),Dry,No influence on accident,Clear,Channasandra-Chikkatirupati Main Road,Electrical Pole,19M,12.983635,77.768873
Bengaluru City,Whitefield Traffic PS,1.04432e+16,2019,1,2,Road Accidents,Other,City/Town,Near a factory industrial area,Human Error,Yes,Fatal,Hit and Run,Not at  Junction,Straight and flat,City or Town Road,Bitumen(Tar),Dry,No influence on accident,Clear,Vydehi Main Road,Flowership Company,13M,12.983848,77.728838
Bengaluru City,Whitefield Traffic PS,1.04432e+16,2019,1,2,Road Accidents,Curves,City/Town,Open area,Human Error,Yes,Grievous Injury,Vehicle to Vehicle,Not at  Junction,Slight Curve,Not Applicable,Bitumen(Tar),Dry,No influence on accident,Clear,Kodati Main Road,Church Gate,10M,0.0,0.0