DISTRICTNAME,UNITNAME,Crime_No,Year,RI,Noofvehicle_involved,Accident_Classification,Accident_Spot,Accident_Location,Accident_SubLocation,Main_Cause,Hit_Run,Severity,Collision_Type,Junction_Control,Road_Character,Road_Type,Surface_Type,Surface_Condition,Road_Condition,Weather,Accident_Road,Landmark_first,Distance_LandMark_First,Latitude,Longitude
Bengaluru City,Whitefield Traffic PS,1.04432e+16,2022,1,2,Road Accidents,Not Applicable,City/Town,Residential area,Human Error,Yes,Simple Injury,Vehicle to Vehicle,Not Applicable,Straight and flat,Others,Bitumen(Tar),Dry,Not Applicable,Clear,"INFRONT OF ANU OPTICALS U TURN,WHITEFIELD VARTHURU MN RD,BENGALORE-560066",ELCTRIC POLL,58,0.0,0.0
Bengaluru City,Whitefield Traffic PS,1.04432e+16,2022,1,2,Road Accidents,Junction,City/Town,Near a factory industrial area,Human Error,No,Simple Injury,Vehicle to Vehicle,Uncontrolled,Straight and flat,Arterial,Bitumen(Tar),Dry,Not Applicable,Clear,KTPO JUNCTION,ELECTRIC POLE,56,0.0,0.0
Bengaluru City,Whitefield Traffic PS,1.04432e+16,2022,1,2,Road Accidents,Narrow road,City/Town,In bazaar,Human Error,Yes,Fatal,Vehicle to Vehicle,Not Applicable,Straight and flat,State Highway,Bitumen(Tar),Dry,Not Applicable,Clear,NEAR SAFAL MARKET,NEAR SAFAL MARKET,2,0.0,0.0
Bengaluru City,Whitefield Traffic PS,1.04432e+16,2022,1,2,Road Accidents,Not Applicable,City/Town,Near a factory industrial area,Human Error,Not Applicable,Not Applicable,Vehicle to Vehicle,Not Applicable,Straight and flat,Others,Bitumen(Tar),Dry,Not Applicable,Clear,"NR CONTAINER YARD,ITPL MN RD,BENGALORE",ELECTRICAL POLL,28,0.0,0.0
Bengaluru City,Whitefield Traffic PS,1.04432e+16,2022,1,1,Road Accidents,Not Applicable,City/Town,Near Bus stop,Human Error,Yes,Simple Injury,Hit pedestrian,Not Applicable,Straight and flat,Others,Bitumen(Tar),Dry,Not Applicable,Clear,"SARJAPURA MAIN ROAD, MUTTANALLOOR BUS STOP TOWARDS AMBEDKAR NAGAR BENGALORE",NOTICE BORD,19,0.0,0.0
Bengaluru City,Whitefield Traffic PS,1.04432e+16,2022,1,1,Road Accidents,Not Applicable,City/Town,Open area,Human Error,No,Grievous Injury,Hit pedestrian,Not Applicable,Straight and flat,Others,Bitumen(Tar),Dry,Not Applicable,Clear,"FROM VSR ENTERPRISES TOWARDS,CHANDRAPPA BUILDING -VARTHUR MAIN ROAD,BENGALURU",ELECTRIC STREET LIGHT,31,0.0,0.0
Bengaluru City,Whitefield Traffic PS,1.04432e+16,2022,1,2,Road Accidents,Narrow road,City/Town,Open area,Human Error,No,Fatal,Vehicle to Vehicle,Not at  Junction,Straight and flat,Two way,Bitumen(Tar),Dry,Not Applicable,Clear,"NEAR KUTTA NARAYANA LAND, VARTHUR STATION",NEAR KUTTA NARAYANA LAND,7 KM,0.0,0.0
Bengaluru City,Whitefield Traffic PS,1.04432e+16,2022,1,2,Road Accidents,Curves,City/Town,Near a factory industrial area,Human Error,No,Grievous Injury,Vehicle to Vehicle,Uncontrolled,Straight and flat,Arterial,Bitumen(Tar),Dry,No influence on accident,Clear,"NEAR MARUTHI H P GAS AGENCY, VARTHURU HALASAHALLI MN RD",ELECTRIC POLE,34,0.0,0.0
Bengaluru City,Whitefield Traffic PS,1.04432e+16,2022,1,2,Road Accidents,Junction,City/Town,Near a factory industrial area,Human Error,Yes,Simple Injury,Vehicle to Vehicle,Not Applicable,Straight and flat,Others,Bitumen(Tar),Dry,Not Applicable,Clear,"FORMULA ONE JUNCTION ITPL ROAD,WHITEFIELD,BENGALORE-560066",GREEN TREE,28,0.0,0.0
Bengaluru City,Whitefield Traffic PS,1.04432e+16,2022,1,2,Road Accidents,Not Applicable,City/Town,Near a factory industrial area,Human Error,Yes,Simple Injury,Vehicle to Vehicle,Not Applicable,Straight and flat,Others,Bitumen(Tar),Dry,Not Applicable,Clear,"NEAR DIVYASHREE TEKPARK ROAD,NALLURAHALLI,BENGALORE",UUUUUUU,10,0.0,0.0
Bengaluru City,Whitefield Traffic PS,1.04432e+16,2022,1,1,Road Accidents,Not Applicable,City/Town,Residential area,Human Error,No,Fatal,Hit pedestrian,Uncontrolled,Straight and flat,Arterial,Bitumen(Tar),Dry,No influence on accident,Clear,"OPP CHAITRA BAR & RESTUARANT, KODATHI GATE, BENGALURU CITY",ELECTRIC POLE,54,0.0,0.0
Bengaluru City,Whitefield Traffic PS,1.04432e+16,2022,1,2,Road Accidents,Not Applicable,City/Town,Near School or College,Human Error,Yes,Grievous Injury,Vehicle to Vehicle,Not Applicable,Straight and flat,Others,Bitumen(Tar),Dry,Not Applicable,Clear,"NEAR SAHASRA HOSPITAL,VARTHURU ,BENGALORE",ELCTRIC POLL,28,0.0,0.0
Bengaluru City,Whitefield Traffic PS,1.04432e+16,2022,1,2,Road Accidents,Not Applicable,City/Town,Residential area,Human Error,Yes,Grievous Injury,Vehicle to Vehicle,Not Applicable,Straight and flat,Others,Bitumen(Tar),Dry,Not Applicable,Clear,"INFORNT GK SHELTERS PVT LTD APT,CHANNASANDRA-THIUMALA SHETTI HALLI MN RD,BENGALORE-560067",ELECTRICAL PILLAR,36,0.0,0.0
Bengaluru City,Whitefield Traffic PS,1.04432e+16,2022,1,2,Road Accidents,Curves,City/Town,Near a factory industrial area,Human Error,Yes,Grievous Injury,Vehicle to Vehicle,Uncontrolled,Straight and flat,Arterial,Bitumen(Tar),Dry,No influence on accident,Clear,NR ROHAN ENERGH PVT LTD,ELECTRIC POLE,74,0.0,0.0
Bengaluru City,Whitefield Traffic PS,1.04432e+16,2022,1,2,Road Accidents,Not Applicable,City/Town,Open area,Human Error,Yes,Simple Injury,Vehicle to Vehicle,Not Applicable,Straight and flat,Others,Bitumen(Tar),Dry,Not Applicable,Clear,"INFORNT OF METRO  STATION,I T P L MN RD,WHITEFIELD,BENGALORE",CEMENT PAVEMENT ROAD SHARE,20,0.0,0.0
Bengaluru City,Whitefield Traffic PS,1.04432e+16,2022,1,1,Road Accidents,Not Applicable,City/Town,Open area,Human Error,Not Applicable,Grievous Injury,Not Applicable,Not Applicable,Straight and flat,Others,Bitumen(Tar),Dry,Not Applicable,Clear,"OPPOSITE TO PRESTIGE LAKESIDE HABITAT APARTMENT,VARTHURU-GUNJURU MN RD,BENGALORE",GREEN TREE,25,0.0,0.0
Bengaluru City,Whitefield Traffic PS,1.04432e+16,2022,1,2,Road Accidents,Not Applicable,City/Town,Open area,Human Error,No,Fatal,Vehicle to Vehicle,Not Applicable,Straight and flat,Others,Bitumen(Tar),Dry,Not Applicable,Clear,"OPPOSITE TO GR TECH PARK,NR CONTAINER YARD,I T P L MN ROAD,WHITEFIELD,BENGALORE",TRAFFICE NOTICE BOARD,22,0.0,0.0
Bengaluru City,Whitefield Traffic PS,1.04432e+16,2022,1,1,Road Accidents,Not Applicable,City/Town,Residential area,Human Error,Not Applicable,Grievous Injury,Not Applicable,Not Applicable,Straight and flat,State Highway,Bitumen(Tar),Dry,Not Applicable,Clear,"A1 FRESH SUPER MARKET ROAD,NEAR SHEEL PETROL BUNK,SEEGEHALLI,BENGALORE",GREEN TREE,32,0.0,0.0
Bengaluru City,Whitefield Traffic PS,1.04432e+16,2022,1,2,Road Accidents,Not Applicable,City/Town,Open area,Human Error,Yes,Grievous Injury,Vehicle to Vehicle,Not Applicable,Straight and flat,Others,Bitumen(Tar),Dry,Not Applicable,Clear,"H ICON HOTEL  ROAD,ITPL MN RD,NEXT TO GR PARK,WHITEFIELD,BENGALORE",TRAFFICE NOTICE BOARD,2,0.0,0.0
Bengaluru City,Whitefield Traffic PS,1.04432e+16,2022,1,2,Road Accidents,Narrow road,City/Town,Near Bus stop,Human Error,Yes,Fatal,Vehicle to Vehicle,Not Applicable,Straight and flat,Others,Bitumen(Tar),Dry,Not Applicable,Clear,IFRONT OF AYYANGAR BAKERY,IFRONT OF AYYANGAR BAKERY,4,0.0,0.0
Bengaluru City,Whitefield Traffic PS,1.04432e+16,2022,1,1,Road Accidents,Not Applicable,City/Town,Residential area,Human Error,Yes,Grievous Injury,Hit pedestrian,Not Applicable,Straight and flat,State Highway,Bitumen(Tar),Dry,Not Applicable,Clear,"OPPOSITE SBR INOX,SEEGEHALLI,KADUGODI-HOSAKOTE ROAD,KADUGODI,BENGALORE",ACCIDENT CEMENT SLAB PEDESTRIAN ROAD POST,3,0.0,0.0
Bengaluru City,Whitefield Traffic PS,1.04432e+16,2022,1,2,Road Accidents,Narrow road,City/Town,Residential area,Human Error,Yes,Simple Injury,Vehicle to Vehicle,Not Applicable,Straight and flat,Two way,Bitumen(Tar),Dry,Not Applicable,Clear,NEAR SHOBHA DREAMS ACRES APARTMENT,NEAR SHOBHA DREAMS ACRES APARTMENT,8,0.0,0.0
Bengaluru City,Whitefield Traffic PS,1.04432e+16,2022,1,1,Road Accidents,Not Applicable,City/Town,Residential area,Human Error,Yes,Grievous Injury,Hit pedestrian,Not Applicable,Straight and flat,Others,Bitumen(Tar),Dry,Not Applicable,Clear,"NR CHOWDESHWARI TEMPAL,KANNAMANGALA MN RD,BENGALORE",DISTANCE FROM THE ACCIDENT SITE TO THA WALL,5,0.0,0.0
Bengaluru City,Whitefield Traffic PS,1.04432e+16,2022,1,1,Road Accidents,Not Applicable,City/Town,Residential area,Human Error,Yes,Grievous Injury,Hit pedestrian,Not Applicable,Straight and flat,Others,Bitumen(Tar),Dry,Not Applicable,Clear,"INFORNT OF BWSSB GATE,BALAGERE,BENGALORE",ELCTRIC POLL,64,0.0,0.0
Bengaluru City,Whitefield Traffic PS,1.04432e+16,2022,1,1,Road Accidents,Not Applicable,City/Town,Open area,Human Error,No,Fatal,Not Applicable,Not Applicable,Straight and flat,Others,Bitumen(Tar),Dry,Not Applicable,Clear,"MAITHRI LAYOUT,CHANNASANDRA MN RD,BENGALORE",ELCTRIC POLL,36,0.0,0.0
Bengaluru City,Whitefield Traffic PS,1.04432e+16,2022,1,1,Road Accidents,Cross roads,City/Town,Near School or College,Human Error,Yes,Grievous Injury,Hit bicyclist,Not Applicable,Straight and flat,Others,Bitumen(Tar),Dry,Not Applicable,Clear,"NEAR VASWANI ADJACENT,THUBARAHALLI,JAIN TEMPLE AND VIBGYOR MAIN ROAD,BENGALORE",ELCTRIC POLL,28,0.0,0.0
Bengaluru City,Whitefield Traffic PS,1.04432e+16,2022,1,1,Road Accidents,Not Applicable,City/Town,Open area,Human Error,Yes,Fatal,Hit pedestrian,Not Applicable,Straight and flat,Others,Bitumen(Tar),Dry,Not Applicable,Clear,"OPP UNION BANK,KODATHI GATE,SARJAPURA MAIN,BENGALORE-560035",THE PLACE WHERE DICKIE MADE THE ETIOS CAR NO KA03MS9180,32,0.0,0.0
Bengaluru City,Whitefield Traffic PS,1.04432e+16,2022,1,1,Road Accidents,Not Applicable,City/Town,Near Petrol Pump,Human Error,Not Applicable,Simple Injury,Hit pedestrian,Not Applicable,Straight and flat,Others,Bitumen(Tar),Dry,Not Applicable,Clear,"NEAR H P PETROL BUNK,HOSAKOTE-KADUGODI MAIN ROAD,BENGLORE-560067",ELECTRICAL POLL,26,13.0098433,77.7591066
Bengaluru City,Whitefield Traffic PS,1.04432e+16,2022,1,2,Road Accidents,Not Applicable,City/Town,Near Petrol Pump,Human Error,Yes,Fatal,Vehicle to Vehicle,Uncontrolled,Straight and flat,Arterial,Bitumen(Tar),Dry,No influence on accident,Clear,"BHARATH PETROL BUNK, SULIGUNTE CLY, SARJAPURA MN RD",ELECTRIC POLE,7,0.0,0.0
Bengaluru City,Whitefield Traffic PS,1.04432e+16,2022,1,2,Road Accidents,Not Applicable,City/Town,Open area,Human Error,Yes,Grievous Injury,Vehicle to Vehicle,Not Applicable,Straight and flat,Others,Bitumen(Tar),Dry,Not Applicable,Clear,"VYDEHI JUNCTION,I T P L-GRAPHITE INDIA MN RD,BENGALORE",BLINKAR POLL,8,0.0,0.0
Bengaluru City,Whitefield Traffic PS,1.04432e+16,2022,1,1,Road Accidents,Not Applicable,City/Town,Open area,Human Error,Yes,Grievous Injury,Hit pedestrian,Not Applicable,Straight and flat,Others,Bitumen(Tar),Dry,Not Applicable,Clear,"ISR ARSHITHA APTS,SURAHUNASAE-VALEPURA MN RD,VARTHURU,BENGALORE",ELECTRIC POLE,8,0.0,0.0
Bengaluru City,Whitefield Traffic PS,1.04432e+16,2022,1,2,Road Accidents,Not Applicable,City/Town,Residential area,Human Error,Yes,Grievous Injury,Vehicle to Vehicle,Not Applicable,Straight and flat,State Highway,Bitumen(Tar),Dry,Not Applicable,Clear,"INFORNT OF SATYA SAI GOKULAM GATE,FROM KADUGODI,TOWARDS BELATHURU,KADUGODI-HOSAKOTE MN RD,BENGALORE",SIDEWALK,10,0.0,0.0
Bengaluru City,Whitefield Traffic PS,1.04432e+16,2022,1,2,Road Accidents,Junction,City/Town,Near Hospital,Human Error,No,Fatal,Vehicle to Vehicle,Controlled,Straight and flat,Arterial,Bitumen(Tar),Dry,No influence on accident,Clear,"BIG BAZAAR JUNCTION, ITPL MN RD",ELECTRIC STREET LIGHT,25,0.0,0.0
Bengaluru City,Whitefield Traffic PS,1.04432e+16,2022,1,2,Road Accidents,Not Applicable,City/Town,Open area,Human Error,Not Applicable,Grievous Injury,Vehicle to Vehicle,Not Applicable,Straight and flat,Others,Bitumen(Tar),Dry,Not Applicable,Clear,"NEAR PILLAR NO 323,K T PO CIRCLE,GRAPHITE-VYDEHI MN RD,BENGALORE",ELECTRIC STREET LIGHT,41,0.0,0.0
Bengaluru City,Whitefield Traffic PS,1.04432e+16,2022,1,2,Road Accidents,Narrow road,City/Town,Open area,Human Error,Not Applicable,Simple Injury,Vehicle to Vehicle,Not Applicable,Straight and flat,Others,Bitumen(Tar),Dry,Not Applicable,Clear,"INFORNT OF MUKHESH NURSERY,VARTHURU KODI,VARTHURU-BENGALORE",ROAD ANCHU,16,0.0,0.0
Bengaluru City,Whitefield Traffic PS,1.04432e+16,2022,1,4,Road Accidents,Junction,City/Town,Near Hospital,Human Error,No,Fatal,Vehicle to Vehicle,Signals (Working),Straight and flat,Others,Bitumen(Tar),Dry,Not Applicable,Clear,"BIG BAZER SIGNAL,I T  P L MN ROAD,BENGALORE-56006",THE EDGE OF THE PAVEMENT ROAD,12,0.0,0.0
Bengaluru City,Whitefield Traffic PS,1.04432e+16,2022,1,2,Road Accidents,Not Applicable,City/Town,Near Hospital,Human Error,Yes,Simple Injury,Vehicle to Vehicle,Not Applicable,Straight and flat,Others,Bitumen(Tar),Dry,Not Applicable,Clear,"OPP TO WIPRO G E COMPANY GATE,ITPL MN RD,BENGALORE-560066",ELECTRICAL PHOOL,28,12.9731608,77.7269844
Bengaluru City,Whitefield Traffic PS,1.04432e+16,2022,1,1,Road Accidents,Not Applicable,City/Town,Open area,Human Error,Not Applicable,Simple Injury,Not Applicable,Not Applicable,Straight and flat,Others,Bitumen(Tar),Dry,Not Applicable,Clear,"OPPOSITE SHANKARAPPA SHED,ECC MN RD,PATTANDUR AGRAHARA,BENGALORE-560066",ELECTRIC POLE,15,0.0,0.0
Bengaluru City,Whitefield Traffic PS,1.04432e+16,2022,1,2,Road Accidents,Not Applicable,City/Town,Near Bus stop,Human Error,Not Applicable,Grievous Injury,Vehicle to Vehicle,Not Applicable,Straight and flat,State Highway,Bitumen(Tar),Dry,Not Applicable,Clear,"HOPE FARM JUNCTION,KADUGODI-WHITEFIELD MN RD,WHITEFIELD,BENGALORE-560067",TRAFFICE SIGNAL POLE TOWARDS CHANNASANDRA,41,0.0,0.0
Bengaluru City,Whitefield Traffic PS,1.04432e+16,2022,1,2,Road Accidents,Not Applicable,City/Town,Near Hospital,Human Error,Yes,Grievous Injury,Vehicle to Vehicle,Uncontrolled,Straight and flat,Two way,Bitumen(Tar),Dry,No influence on accident,Clear,"VARTHURU PRIMARY SCHOOL RD, VARTHURU MN RD",ELECTRIC STREET LIGHT,20,0.0,0.0
Bengaluru City,Whitefield Traffic PS,1.04432e+16,2022,1,1,Road Accidents,Not Applicable,City/Town,Near Bus stop,Human Error,No,Grievous Injury,Not Applicable,Not Applicable,Straight and flat,State Highway,Bitumen(Tar),Dry,Not Applicable,Clear,"NEAR WHITEFIELD TRAFFICE POLICE STATION BUS STOP,FROM HOPE FARM TOWARDS,KADUGODI,BENGALORE",METRO PILLAR DISTANCE,20,0.0,0.0
Bengaluru City,Whitefield Traffic PS,1.04432e+16,2022,1,1,Road Accidents,Narrow road,City/Town,Near office complex,Human Error,Yes,Fatal,Hit pedestrian,Not Applicable,Straight and flat,Others,Bitumen(Tar),Dry,Not Applicable,Clear,IN FRONT OF MAYURI BAKERY HOPE FARM MAIN ROAD,IN FRONT OF MAYURI BAKERY HOPE FARM MAIN ROAD,5,0.0,0.0
Bengaluru City,Whitefield Traffic PS,1.04432e+16,2022,1,2,Road Accidents,Not Applicable,City/Town,Residential area,Human Error,Yes,Grievous Injury,Vehicle to Vehicle,Not Applicable,Straight and flat,Others,Bitumen(Tar),Dry,Not Applicable,Clear,"NEAR BWSSB ROAD,NEAR SHOBHA DREAMS APARTMENT,FROM BALAGERE TOWARDS PANATHUR,BALAGERE MN RD,BENGALORE",DISTANCE FROM SITE OF ACCIDENT TO COMPOUND WALL,10,0.0,0.0
Bengaluru City,Whitefield Traffic PS,1.04432e+16,2022,1,2,Road Accidents,Junction,City/Town,Open area,Human Error,Yes,Grievous Injury,Vehicle to Vehicle,Not Applicable,Straight and flat,Others,Bitumen(Tar),Dry,Not Applicable,Clear,"VARTHURU KODI JUNCTION,WHITEFIELD TO VARTHURU MN RD,VARTHURU,BENGALORE",DISTANCE TO CC CAMERA,71,0.0,0.0
Bengaluru City,Whitefield Traffic PS,1.04432e+16,2022,1,2,Road Accidents,Not Applicable,City/Town,Open area,Human Error,No,Fatal,Vehicle to Vehicle,Not Applicable,Straight and flat,Others,Bitumen(Tar),Dry,Not Applicable,Clear,"INFORNT OF CROMA AND MAX BUILDING,VARTHURU ROAD,BENGALOORE",ELECTRIC POLE,56,0.0,0.0
Bengaluru City,Whitefield Traffic PS,1.04432e+16,2022,1,2,Road Accidents,Not Applicable,City/Town,Open area,Human Error,Yes,Grievous Injury,Vehicle to Vehicle,Not Applicable,Straight and flat,Others,Bitumen(Tar),Dry,Not Applicable,Clear,"NEAR BIG BAZAAR JUNCTION ,I T P L HOPE FARM MN RD,BENGALORE",ELCTRIC POLL,16,0.0,0.0
Bengaluru City,Whitefield Traffic PS,1.04432e+16,2022,1,2,Road Accidents,Not Applicable,City/Town,Near Bus stop,Human Error,Yes,Grievous Injury,Vehicle to Vehicle,Not Applicable,Straight and flat,State Highway,Bitumen(Tar),Dry,Not Applicable,Clear,"NEAR GOLDEN BLOSSOM APARTMENT,KADUGODI SERVICE ROAD,BENGALORE",ELCTRIC POLL,25,0.0,0.0
Bengaluru City,Whitefield Traffic PS,1.04432e+16,2022,1,2,Road Accidents,Not Applicable,City/Town,Near a recreation place/cinema,Human Error,Yes,Grievous Injury,Vehicle to Vehicle,Uncontrolled,Straight and flat,Arterial,Bitumen(Tar),Dry,No influence on accident,Clear,"NR MM NURSERY RD, GUNJURU SARJAPURA MN RD",GATE,30,0.0,0.0
Bengaluru City,Whitefield Traffic PS,1.04432e+16,2022,1,1,Road Accidents,Not Applicable,City/Town,Near Bus stop,Human Error,Not Applicable,Simple Injury,Not Applicable,Not Applicable,Straight and flat,Others,Bitumen(Tar),Dry,Not Applicable,Clear,"NR BROOKE BUS STAND,VARTHUR KODI TOWARDS,WHITEFIELD,BENGALORE-560066",WHERE THE RIDER FELL FROM THE ACCIDENT SITE,15,0.0,0.0
Bengaluru City,Whitefield Traffic PS,1.04432e+16,2022,1,2,Road Accidents,Cross roads,City/Town,Open area,Human Error,Yes,Simple Injury,Vehicle to Vehicle,Not Applicable,Curve,Others,Bitumen(Tar),Dry,Not Applicable,Clear,"NR KOATHI LITTLE MILLENIUM,KODATHI -MULLRURU MN RD,BENGALORE-560035",MANJUNATHA REDDY HOUSE COPMPOUND,36,0.0,0.0
Bengaluru City,Whitefield Traffic PS,1.04432e+16,2022,1,1,Road Accidents,Not Applicable,City/Town,Open area,Human Error,Yes,Simple Injury,Hit pedestrian,Not Applicable,Straight and flat,Others,Bitumen(Tar),Dry,Not Applicable,Clear,"TOWARDS MULLURU TO KODATHI GATE,MULLURU,BENGALORE",ELCTRIC POLL,8,0.0,0.0
Bengaluru City,Whitefield Traffic PS,1.04432e+16,2022,1,2,Road Accidents,Not Applicable,City/Town,Open area,Human Error,Yes,Simple Injury,Vehicle to Vehicle,Not Applicable,Straight and flat,Others,Bitumen(Tar),Dry,Not Applicable,Clear,"BETWEEN GURUNARASIMHA HOTEL TO MASJID,VARTHUR MAIN ROAD,BENGALORE-560087",ELCTRIC POLL,24,0.0,0.0
Bengaluru City,Whitefield Traffic PS,1.04432e+16,2022,1,1,Road Accidents,Road hump or Rumble strips,City/Town,Near Bus stop,Human Error,No,Simple Injury,Not Applicable,Not Applicable,Straight and flat,Others,Bitumen(Tar),Dry,Not Applicable,Clear,"KANNAMANGALA JUNCTION,KADUGODI-HOSAKOTE MN RD,BENGALORE",ELlCTRIC POLL,15,0.0,0.0
Bengaluru City,Whitefield Traffic PS,1.04432e+16,2022,1,1,Road Accidents,Road hump or Rumble strips,City/Town,Near office complex,Human Error,No,Fatal,Not Applicable,Uncontrolled,Straight and flat,Arterial,Bitumen(Tar),Dry,No influence on accident,Clear,"KODATHI GRAMA PANCHAYAT OFFICE, KODATHI",BUS STOP,52,0.0,0.0
Bengaluru City,Whitefield Traffic PS,1.04432e+16,2022,1,2,Road Accidents,Not Applicable,City/Town,Near Bus stop,Human Error,No,Damage Only,Vehicle to Vehicle,Uncontrolled,Straight and flat,Arterial,Bitumen(Tar),Dry,Not Applicable,Clear,"BPL BUS STOP, ITPL MN RD",ELECTRIC POLE,24,0.0,0.0
Bengaluru City,Whitefield Traffic PS,1.04432e+16,2022,1,1,Road Accidents,Junction,City/Town,Near a factory industrial area,Human Error,Yes,Grievous Injury,Hit pedestrian,Uncontrolled,Straight and flat,Two way,Bitumen(Tar),Dry,No influence on accident,Clear,"SAFAL MARKET, KADUGODI HOSAKOTE MN RD",STREET LIGHT,74,13.0367633,77.759529
Bengaluru City,Whitefield Traffic PS,1.04432e+16,2022,1,2,Road Accidents,Not Applicable,City/Town,Open area,Human Error,No,Simple Injury,Vehicle to Vehicle,Not Applicable,Straight and flat,State Highway,Bitumen(Tar),Dry,Not Applicable,Clear,"TP CLAIMS HUB.NO-9/2,2 ND FLOOR,MAHALAKSHIMI CHAMBERS,M G ROAD,BENGALORE-560001",ELCTRIC POLL,36,0.0,0.0
Bengaluru City,Whitefield Traffic PS,1.04432e+16,2022,1,2,Road Accidents,Junction,City/Town,Near a factory industrial area,Human Error,Yes,Grievous Injury,Vehicle to Vehicle,Uncontrolled,Straight and flat,Arterial,Bitumen(Tar),Dry,No influence on accident,Clear,"INFRONT OF MRP BAR, CHANNASANDRA, HOPEFARM MN RD, WF",ELECTRIC POLE,22,0.0,0.0
Bengaluru City,Whitefield Traffic PS,1.04432e+16,2022,1,1,Road Accidents,Not Applicable,City/Town,Open area,Human Error,Yes,Simple Injury,Not Applicable,Not Applicable,Straight and flat,Not Applicable,Bitumen(Tar),Dry,Not Applicable,Clear,"INFORNT OF INVENTURE PREESCHOOL,WHITEFIELD MN ROAD,BENGALORE",CEMENT PAVEMENT ROAD ANCHU,8,0.0,0.0
Bengaluru City,Whitefield Traffic PS,1.04432e+16,2022,1,2,Road Accidents,Not Applicable,Rural Areas,Open area,Human Error,Yes,Grievous Injury,Vehicle to Vehicle,Uncontrolled,Straight and flat,State Highway,Bitumen(Tar),Not Applicable,No influence on accident,Clear,"NEAR AKSHATHA PALACE GUNJURU VARTHURU MN ROAD,BENGALURU CITY",ELECTRICLE LIGHT POLE,70,0.0,0.0
Bengaluru City,Whitefield Traffic PS,1.04432e+16,2022,1,2,Road Accidents,Not Applicable,City/Town,Near a recreation place/cinema,Human Error,No,Grievous Injury,Vehicle to Vehicle,Uncontrolled,Straight and flat,Arterial,Bitumen(Tar),Dry,No influence on accident,Clear,"OPP FORUM VALUE MALL, WHITEFIELD MN RD",STREET LIGHT,13,0.0,0.0
Bengaluru City,Whitefield Traffic PS,1.04432e+16,2022,1,2,Road Accidents,Not Applicable,City/Town,Near a factory industrial area,Human Error,Yes,Grievous Injury,Vehicle to Vehicle,Uncontrolled,Not Applicable,Others,Bitumen(Tar),Not Applicable,No influence on accident,Clear,SARJAPURA MN ROAD,ROAD DIVIDER EDGE,16,0.0,0.0
Bengaluru City,Whitefield Traffic PS,1.04432e+16,2022,1,1,Road Accidents,Not Applicable,City/Town,Open area,Human Error,Not Applicable,Simple Injury,Not Applicable,Not Applicable,Straight and flat,Others,Bitumen(Tar),Dry,Not Applicable,Clear,"SHOBHA DREAM MAKER APARTMENT ROAD,PANATHUR-BALAGERE MN ROAD,BENGALORE",ELCTRIC POLL,10,0.0,0.0
Bengaluru City,Whitefield Traffic PS,1.04432e+16,2022,1,2,Road Accidents,Not Applicable,City/Town,Open area,Human Error,Yes,Grievous Injury,Vehicle to Vehicle,Not Applicable,Straight and flat,Others,Bitumen(Tar),Dry,Not Applicable,Clear,"NR SHIVAKUNTAMMA TEMPAL ROAD TURNING,NAGONDANAHALLI ROAD,BENGALORE",NEAR SRI MAHESWARI TEMPAL,50,0.0,0.0
Bengaluru City,Whitefield Traffic PS,1.04432e+16,2022,1,2,Road Accidents,Not Applicable,City/Town,Open area,Human Error,Yes,Fatal,Vehicle to Vehicle,Not Applicable,Curve,Others,Bitumen(Tar),Dry,Not Applicable,Clear,"VYDEHI  JUNCTION ,I T P L MN RD,WHITEFIELD,BENGALORE",D AMBEDKAR  AUTO DRIVER   ASSOCIATION,50,0.0,0.0
Bengaluru City,Whitefield Traffic PS,1.04432e+16,2022,1,1,Road Accidents,Not Applicable,City/Town,Open area,Human Error,Not Applicable,Fatal,Not Applicable,Not at  Junction,Straight and flat,Others,Bitumen(Tar),Dry,Not Applicable,Clear,"OPP APOLLO DENTAL,NR MAHAVEER APT,KUNDALAHALLI,VARTHURU KODI MN RD,BENGALORE",THE PLACE WHERE THE VEHICLE WAS SWEPT AWAY AND THE RIDER FELL,36,0.0,0.0
Bengaluru City,Whitefield Traffic PS,1.04432e+16,2022,1,1,Road Accidents,Not Applicable,City/Town,Residential area,Human Error,Yes,Fatal,Not Applicable,Not at  Junction,Straight and flat,Others,Bitumen(Tar),Dry,Not Applicable,Clear,"CHINNAIAH REDDY COMPOUND,VARTHURU FROM VALEPURA TOWARDS SORAHUNASE,BENGALORE",ELCTRIC POLL,26,0.0,0.0
Bengaluru City,Whitefield Traffic PS,1.04432e+16,2022,1,1,Road Accidents,Narrow road,City/Town,Open area,Human Error,Not Applicable,Grievous Injury,Not Applicable,Not at  Junction,Straight and flat,One way,Bitumen(Tar),Dry,Not Applicable,Clear,"INFRONT OF FIT X 1 BUILDING,",INFRONT OF FIT X 1 BUILDING,4 KM,0.0,0.0
Bengaluru City,Whitefield Traffic PS,1.04432e+16,2022,1,2,Road Accidents,Not Applicable,City/Town,Near Bus stop,Human Error,Yes,Simple Injury,Vehicle to Vehicle,Not Applicable,Straight and flat,State Highway,Bitumen(Tar),Dry,Not Applicable,Clear,"NEAR RED RHINO CRAFT JWELLERY AND INFRIED CHICKEN,HOTEL GATE HOSAKOTE MN RD,KANNAMANGALA-560067",PHASE OF THE ROAD SEPARATOR,10,0.0,0.0
Bengaluru City,Whitefield Traffic PS,1.04432e+16,2022,1,1,Road Accidents,Not Applicable,City/Town,Near Bus stop,Human Error,No,Grievous Injury,Hit pedestrian,Not Applicable,Straight and flat,Others,Bitumen(Tar),Dry,Not Applicable,Clear,"KODATHI GATE BUS STOP,BENGALORE",HAIMASK POLL,57,0.0,0.0
Bengaluru City,Whitefield Traffic PS,1.04432e+16,2022,1,1,Road Accidents,Not Applicable,City/Town,Residential area,Human Error,No,Simple Injury,Not Applicable,Uncontrolled,Straight and flat,Arterial,Bitumen(Tar),Dry,No influence on accident,Clear,"INFRONT OF PRUTHVI HOTEL, CHANNASANDRA-NAGONDANAHALLI MN RD",ELECTRIC POLE,62,0.0,0.0
Bengaluru City,Whitefield Traffic PS,1.04432e+16,2022,1,1,Road Accidents,Narrow road,City/Town,Residential area,Human Error,Not Applicable,Fatal,Hit pedestrian,Not Applicable,Straight and flat,Others,Not Applicable,Not Applicable,Not Applicable,Clear,"INFRONT OF MAA SREENIVASAM APARTMENT, KODIGEHALLI MAIN ROAD",INFRONT OF MAA SREENIVASAM APARTMENT,30,0.0,0.0
Bengaluru City,Whitefield Traffic PS,1.04432e+16,2022,1,2,Road Accidents,Not Applicable,City/Town,Open area,Human Error,Yes,Grievous Injury,Vehicle to Vehicle,Not Applicable,Straight and flat,Others,Bitumen(Tar),Dry,Not Applicable,Clear,"NR WIPRO GATE,FORM KODATI JUNCTION TOWARDS,CARMELARAM JUCTION,SARJAPURA MN RD,BENGALORE",CEMENT PAVEMENT,20,0.0,0.0