DISTRICTNAME,UNITNAME,Crime_No,Year,RI,Noofvehicle_involved,Accident_Classification,Accident_Spot,Accident_Location,Accident_SubLocation,Main_Cause,Hit_Run,Severity,Collision_Type,Junction_Control,Road_Character,Road_Type,Surface_Type,Surface_Condition,Road_Condition,Weather,Accident_Road,Landmark_first,Distance_LandMark_First,Latitude,Longitude
Bengaluru City,Whitefield Traffic PS,1.04432e+16,2022,1,1,Road Accidents,Not Applicable,City/Town,Open area,Human Error,Yes,Grievous Injury,Hit pedestrian,Not Applicable,Straight and flat,Others,Bitumen(Tar),Dry,Not Applicable,Clear,"INFORNT OF SHREYA TEA STALL ROAD,SULIKUNTE ,SARJAPURA MN ROAD,BENGALORE",NOTICE BORD,43,0.0,0.0
Bengaluru City,Whitefield Traffic PS,1.04432e+16,2022,1,2,Road Accidents,Not Applicable,City/Town,Open area,Human Error,No,Grievous Injury,Vehicle to Vehicle,Not Applicable,Straight and flat,State Highway,Bitumen(Tar),Dry,Not Applicable,Clear,"OPPOSITE TO MAYURA BEKARY,WHITEFIELD MAIN ROAD,BENGALORE",ELCTRIC POLL,30,0.0,0.0
Bengaluru City,Whitefield Traffic PS,1.04432e+16,2022,1,2,Road Accidents,Narrow road,City/Town,Near office complex,Human Error,Yes,Grievous Injury,Vehicle to Vehicle,Not Applicable,Straight and flat,One way,Bitumen(Tar),Dry,Not Applicable,Clear,NEAR SLV NURSERY & APARNA ENTERPRISES LTD,NEAR SLV NURSERY & APARNA ENTERPRISES LTD,14,0.0,0.0
Bengaluru City,Whitefield Traffic PS,1.04432e+16,2022,1,2,Road Accidents,Not Applicable,City/Town,Open area,Human Error,Not Applicable,Grievous Injury,Vehicle to Vehicle,Not Applicable,Straight and flat,Others,Bitumen(Tar),Dry,Not Applicable,Clear,"NEAR RADHA KRISHNA TEMPAL,BOREWELL ROAD,NELLURUHALLI,BENGALORE-560066",PEDESTRAIN ROAD,25,0.0,0.0
Bengaluru City,Whitefield Traffic PS,1.04432e+16,2022,1,1,Road Accidents,Road hump or Rumble strips,City/Town,Open area,Human Error,No,Damage Only,Vehicle to Vehicle,Uncontrolled,Straight and flat,Arterial,Bitumen(Tar),Dry,No influence on accident,Clear,"ICD RD, ITPL RD",TREE,10,0.0,0.0
Bengaluru City,Whitefield Traffic PS,1.04432e+16,2022,1,1,Road Accidents,Not Applicable,City/Town,Near Petrol Pump,Human Error,Not Applicable,Grievous Injury,Not Applicable,Not Applicable,Straight and flat,Others,Bitumen(Tar),Dry,Not Applicable,Clear,"INFORNT OF BHARATH PETROL BUNK,CHANNASANDRA THIRUMALA SHETTY HALLI MN RD,BENGALORE-560067",MUD PAVEMENT ROAD DISTANCE FROM ACCIDENT SITE,5,0.0,0.0
Bengaluru City,Whitefield Traffic PS,1.04432e+16,2022,1,1,Road Accidents,Not Applicable,City/Town,Residential area,Human Error,Not Applicable,Fatal,Not Applicable,Not Applicable,Straight and flat,Others,Bitumen(Tar),Dry,Not Applicable,Clear,"PANATHURU BRIDGE,PANATHURU-VARTHURU MN RD,BENGALORE",SLIPPAGE FROM ACCIDENT SITE,12,0.0,0.0
Bengaluru City,Whitefield Traffic PS,1.04432e+16,2022,1,2,Road Accidents,Narrow road,City/Town,Near Petrol Pump,Human Error,Not Applicable,Fatal,Vehicle to Vehicle,Not Applicable,Straight and flat,Others,Bitumen(Tar),Dry,Not Applicable,Clear,VINAYAKAR NAGAR,NEAR PETROL BUNK,10,0.0,0.0
Bengaluru City,Whitefield Traffic PS,1.04432e+16,2022,1,1,Road Accidents,Not Applicable,City/Town,Open area,Human Error,Not Applicable,Fatal,Not Applicable,Not Applicable,Straight and flat,Others,Bitumen(Tar),Dry,Not Applicable,Clear,"SULIKUNTE SHMASHANA ROAD,SARJAPURA MN RD,BENGALORE",CENTER MEDIA ANCHU,40,0.0,0.0
Bengaluru City,Whitefield Traffic PS,1.04432e+16,2022,1,1,Road Accidents,Not Applicable,City/Town,Residential area,Human Error,Yes,Grievous Injury,Hit bicyclist,Not Applicable,Straight and flat,Others,Bitumen(Tar),Dry,Not Applicable,Clear,"INFRONT OF ARUNA COMPLEX ROAD,BESIDE I T P L GATE,PATTANDUR AGRAHARA MN RD,BENGALORE",ELECTRIC STREET LIGHT,18,0.0,0.0
Bengaluru City,Whitefield Traffic PS,1.04432e+16,2022,1,2,Road Accidents,Not Applicable,City/Town,Open area,Human Error,Not Applicable,Not Applicable,Vehicle to Vehicle,Not Applicable,Straight and flat,Others,Bitumen(Tar),Dry,Not Applicable,Clear,"NEAR AADISHWAR SHOWROOM,RAMAGONDANAHALLI,BENGALORE",ADVERTISEMENT BOARD,15,0.0,0.0
Bengaluru City,Whitefield Traffic PS,1.04432e+16,2022,1,2,Road Accidents,Not Applicable,City/Town,Open area,Human Error,Yes,Grievous Injury,Vehicle to Vehicle,Not Applicable,Straight and flat,State Highway,Bitumen(Tar),Dry,Not Applicable,Clear,"OPP GOLDEN JIM,WHITEFIELD MN RD,WHITEFIELD,BENGALORE-560066",SHARE ON THE ROAD,12,0.0,0.0
Bengaluru City,Whitefield Traffic PS,1.04432e+16,2022,1,1,Road Accidents,Not Applicable,City/Town,Residential area,Human Error,Yes,Fatal,Hit bicyclist,Not Applicable,Straight and flat,Others,Bitumen(Tar),Dry,Not Applicable,Clear,"NEAR GATE NO-01,SHOBHA DREAMS APARTMENT,BALAGERE-PANATHURU MAIN ROAD,VARTHURU POST,BENGALORE-560087",HYDRATION IRON POWER POLE,44,0.0,0.0
Bengaluru City,Whitefield Traffic PS,1.04432e+16,2022,1,1,Road Accidents,Not Applicable,City/Town,Residential area,Human Error,Yes,Fatal,Hit bicyclist,Uncontrolled,Straight and flat,Arterial,Bitumen(Tar),Dry,No influence on accident,Clear,"NEAR SAPTAGIRI TOWERS, SORAHUNASE-VALEPURA MN RD,",ELECTRIC POLE,45,12.9490334,77.756152
Bengaluru City,Whitefield Traffic PS,1.04432e+16,2022,1,2,Road Accidents,Not Applicable,City/Town,Open area,Human Error,Not Applicable,Grievous Injury,Vehicle to Vehicle,Not Applicable,Straight and flat,Others,Bitumen(Tar),Dry,Not Applicable,Clear,"VIBGYOR SCHOOL ROAD TURN,THUBARAHALLI,BENGALORE",MAYURI PASSION STORE,25,0.0,0.0
Bengaluru City,Whitefield Traffic PS,1.04432e+16,2022,1,2,Not Applicable,Narrow road,City/Town,Near office complex,Human Error,No,Grievous Injury,Vehicle to Vehicle,Not Applicable,Others,Two way,Bitumen(Tar),Others,Not Applicable,Clear,"NEAR CHANNASANDRA MORI ROAD,",NEAR CHANNASANDRA MORI ROAD,5 KM,0.0,0.0
Bengaluru City,Whitefield Traffic PS,1.04432e+16,2022,1,1,Road Accidents,Not Applicable,City/Town,Near School or College,Human Error,Not Applicable,Simple Injury,Not Applicable,Not Applicable,Straight and flat,Others,Bitumen(Tar),Dry,Not Applicable,Clear,"NEAR GOVT PU COLLEGE,BELATHURU COLONY MN RD,BENGALORE-560067",ELECTRIC POLE,9,0.0,0.0
Bengaluru City,Whitefield Traffic PS,1.04432e+16,2022,1,2,Road Accidents,Not Applicable,City/Town,Open area,Human Error,Yes,Simple Injury,Vehicle to Vehicle,Not Applicable,Straight and flat,Others,Bitumen(Tar),Dry,Not Applicable,Clear,"OPPOSITE TO MUKESH NURSERY,VARTHURU KODI MN RD,VARTHURU,BENGALORE-560087",ELlCTRIC POLL,64,0.0,0.0
Bengaluru City,Whitefield Traffic PS,1.04432e+16,2022,1,1,Road Accidents,Not Applicable,City/Town,Residential area,Human Error,Yes,Simple Injury,Hit pedestrian,Not Applicable,Straight and flat,Others,Bitumen(Tar),Dry,Not Applicable,Clear,"NEAR DISHA WINDSOR APARMENT,VARTHUR PANATHURU MAIN ROAD,BENGALORE",THE GREEN COCONUT TREE,29,0.0,0.0
Bengaluru City,Whitefield Traffic PS,1.04432e+16,2022,1,3,Road Accidents,Junction,City/Town,Near Hospital,Human Error,Yes,Grievous Injury,Vehicle to Vehicle,Signal lights Automatic,Straight and flat,Others,Bitumen(Tar),Dry,Not Applicable,Clear,"ITPL MAIN ROAD,BIG BAZAR JUNCTION,BENGALORE-560066",TRAFFICE SIGNAL LAIGHT POLL,24,0.0,0.0
Bengaluru City,Whitefield Traffic PS,1.04432e+16,2022,1,1,Road Accidents,Narrow road,City/Town,Near office complex,Human Error,Yes,Fatal,Hit pedestrian,Not Applicable,Not Applicable,Others,Bitumen(Tar),Dry,Not Applicable,Clear,"INFRONT OF GK ENTERPRISES MOBILE SHOP ROAD,",INFRONT OF GK ENTERPRISES MOBILE SHOP ROAD,3,0.0,0.0
Bengaluru City,Whitefield Traffic PS,1.04432e+16,2022,1,1,Road Accidents,Not Applicable,City/Town,Residential area,Human Error,Yes,Grievous Injury,Hit pedestrian,Not Applicable,Straight and flat,Others,Bitumen(Tar),Dry,Not Applicable,Clear,"BORWELL ROAD,WHITEFIELD,BENGALORE",DISTANCE FROM  THE ACCIDENT SITE TO THE CLOTHING STORE,22,0.0,0.0
Bengaluru City,Whitefield Traffic PS,1.04432e+16,2022,1,2,Road Accidents,Curves,City/Town,Near Bus stop,Human Error,Yes,Grievous Injury,Vehicle to Vehicle,Not Applicable,Straight and flat,Others,Bitumen(Tar),Dry,Not Applicable,Clear,"NEAR BPL TOWARDS I T P L ROAD,WHITEFIELD,BENGALORE",DISTANCE TO TRAFFICE SIGNAL,6,0.0,0.0
Bengaluru City,Whitefield Traffic PS,1.04432e+16,2022,1,1,Road Accidents,Not Applicable,City/Town,Open area,Human Error,No,Grievous Injury,Hit pedestrian,Not Applicable,Straight and flat,State Highway,Bitumen(Tar),Dry,Not Applicable,Clear,"NEAR STERLING VILLAGE GRANDE,SHEEGEHALLI,HOSAKOTE-KADUGODI MAIN ROAD,BENGALORE",ELECTRIC STREET LIGHT,19,0.0,0.0
Bengaluru City,Whitefield Traffic PS,1.04432e+16,2022,1,1,Road Accidents,Narrow road,City/Town,Near School or College,Human Error,No,Fatal,Not Applicable,Not Applicable,Others,Others,Kutcha,Muddy,Not Applicable,Clear,"INFRONT OF MANJUTHA'S HOUSE, BEHIND CARMELARAM SCHOOL,",INFRONT OF MANJUTHA HOUSE BEHIND CARMELARAM SCHOOL,13KM,0.0,0.0
Bengaluru City,Whitefield Traffic PS,1.04432e+16,2022,1,2,Road Accidents,Not Applicable,City/Town,Near office complex,Human Error,Yes,Grievous Injury,Vehicle to Vehicle,Uncontrolled,Straight and flat,Arterial,Bitumen(Tar),Dry,No influence on accident,Clear,"NR WHITEFIELD RAILWAY STATION, KADUGODI",TREE,22,0.0,0.0
Bengaluru City,Whitefield Traffic PS,1.04432e+16,2022,1,1,Road Accidents,Not Applicable,City/Town,Near a religious place,Human Error,Yes,Grievous Injury,Hit pedestrian,Uncontrolled,Straight and flat,Expressway,Bitumen(Tar),Dry,No influence on accident,Clear,"NEAR SHANIMAHATMMA TEMPLE, KADUGODI-HOSAKOTE MN RD, KAJI SONNENHALLI GAT E, BENGALURU CITY",ELECTRIC POLE,18,0.0,0.0
Bengaluru City,Whitefield Traffic PS,1.04432e+16,2022,1,2,Road Accidents,Not Applicable,City/Town,Near Bus stop,Human Error,Yes,Fatal,Vehicle to Vehicle,Not Applicable,Straight and flat,Others,Bitumen(Tar),Dry,Not Applicable,Clear,"NR RED RHINO,KADUGODI-HOSAKOTE MN RD,BENGALORE",ELCTRIC POLL,30,0.0,0.0
Bengaluru City,Whitefield Traffic PS,1.04432e+16,2022,1,2,Road Accidents,Junction,City/Town,Near a religious place,Human Error,Yes,Simple Injury,Vehicle to Vehicle,Not Applicable,Straight and flat,Others,Bitumen(Tar),Dry,Not Applicable,Clear,HOSAROAD JUNCTION,HOSA ROAD JUNCITON,5,0.0,0.0
Bengaluru City,Whitefield Traffic PS,1.04432e+16,2022,1,2,Road Accidents,Not Applicable,City/Town,Open area,Human Error,Yes,Grievous Injury,Vehicle to Vehicle,Not Applicable,Straight and flat,Others,Bitumen(Tar),Dry,Not Applicable,Clear,"FROM NAGONDAHALLI TOWARDS WHITEFIELD,BENGALORE",ELCTRIC POLL,42,0.0,0.0
Bengaluru City,Whitefield Traffic PS,1.04432e+16,2022,1,1,Road Accidents,Not Applicable,City/Town,Near School or College,Human Error,No,Fatal,Hit pedestrian,Not Applicable,Straight and flat,State Highway,Bitumen(Tar),Dry,Not Applicable,Clear,"NEAR JAIN SCHOOL,KANNAMANGALA ,BENGALORE",RUCHIRA APARTMENT PROJECT,55,0.0,0.0
Bengaluru City,Whitefield Traffic PS,1.04432e+16,2022,1,2,Road Accidents,Not Applicable,City/Town,Open area,Human Error,No,Grievous Injury,Vehicle to Vehicle,Not at  Junction,Straight and flat,Others,Bitumen(Tar),Dry,Not Applicable,Clear,"INFORNT OF SHANTHI NIKETHANA BULDING,NR BIG BAZAR JUCTION,I T P L -HOODI  MAIN ROAD,BENGALORE",SIDE WALK,12,0.0,0.0
Bengaluru City,Whitefield Traffic PS,1.04432e+16,2022,1,2,Road Accidents,Not Applicable,City/Town,Open area,Human Error,Not Applicable,Grievous Injury,Vehicle to Vehicle,Not Applicable,Straight and flat,Residential Street,Bitumen(Tar),Dry,Not Applicable,Clear,"NEAR CLASSIC SOFA MAKERS,BALAGERE-VARTHURU MN RD,BENGALORE",ELCTRIC POLL,28,0.0,0.0
Bengaluru City,Whitefield Traffic PS,1.04432e+16,2022,1,1,Road Accidents,Not Applicable,City/Town,Open area,Human Error,Not Applicable,Grievous Injury,Hit bicyclist,Not Applicable,Straight and flat,Others,Bitumen(Tar),Dry,Not Applicable,Clear,"NEAR UDUPI HOTEL,HOPE FORM-VYDEHI JUCTION MAIN ROAD,BENGALORE",Metro Piller No 355,40,0.0,0.0
Bengaluru City,Whitefield Traffic PS,1.04432e+16,2022,1,1,Road Accidents,Narrow road,City/Town,Near a factory industrial area,Human Error,No,Grievous Injury,Not Applicable,Not at  Junction,Straight and flat,One way,Bitumen(Tar),Dry,Not Applicable,Clear,ITPL GATE,ITPL GATE,3KM,0.0,0.0
Bengaluru City,Whitefield Traffic PS,1.04432e+16,2022,1,2,Road Accidents,Junction,City/Town,Near office complex,Human Error,No,Grievous Injury,Vehicle to Vehicle,Uncontrolled,Straight and flat,State Highway,Bitumen(Tar),Dry,No influence on accident,Clear,"CONTAINER YARD, ITPL MN RD",PILLAR,12,0.0,0.0
Bengaluru City,Whitefield Traffic PS,1.04432e+16,2022,1,3,Road Accidents,Junction,City/Town,Near Bus stop,Human Error,Not Applicable,Simple Injury,Vehicle to Vehicle,Signal lights Automatic,Straight and flat,Two way,Bitumen(Tar),Dry,Not Applicable,Clear,"INFORNT OF BANK OF BARODA,NEAR HOPEFARM JN,ITPL MN RD,BENGALORE-560066",PEDASTRIAN ROAD ANCHU,23,0.0,0.0
Bengaluru City,Whitefield Traffic PS,1.04432e+16,2022,1,2,Road Accidents,Not Applicable,City/Town,Open area,Human Error,No,Simple Injury,Vehicle to Vehicle,Not Applicable,Straight and flat,Others,Bitumen(Tar),Dry,Not Applicable,Clear,"NR LULU S BAKERY,KODIGEHALLI MN RD,BENGALORE",GREEN TREE,8,0.0,0.0
Bengaluru City,Whitefield Traffic PS,1.04432e+16,2022,1,1,Road Accidents,Not Applicable,City/Town,Open area,Human Error,No,Grievous Injury,Not Applicable,Not Applicable,Straight and flat,Not Applicable,Bitumen(Tar),Dry,Not Applicable,Clear,"NR PRESTIAGE GLEN MARGAN,MUNISING RD,WHITE FIELD,BENGALORE",ELECTRIC POLE,4,0.0,0.0
Bengaluru City,Whitefield Traffic PS,1.04432e+16,2022,1,1,Road Accidents,Not Applicable,City/Town,Residential area,Human Error,No,Fatal,Vehicle to Vehicle,Uncontrolled,Straight and flat,State Highway,Bitumen(Tar),Dry,No influence on accident,Clear,"SANDEEP VIHAR APT, KANNAMANGALA RD, HOSKOTE",STREET LIGHT,20,0.0,0.0
Bengaluru City,Whitefield Traffic PS,1.04432e+16,2022,1,2,Road Accidents,Narrow road,City/Town,Near office complex,Human Error,Yes,Fatal,Vehicle to Vehicle,Not Applicable,Straight and flat,Others,Bitumen(Tar),Dry,Not Applicable,Clear,"OPPOSITE TO SHANTINIKETHAN GATE NO.1,",OPPOSITE TO SHANTINIKETHAN GATE NO1,25,0.0,0.0
Bengaluru City,Whitefield Traffic PS,1.04432e+16,2022,1,1,Road Accidents,Not Applicable,City/Town,Open area,Human Error,Not Applicable,Simple Injury,Hit pedestrian,Not Applicable,Straight and flat,Others,Bitumen(Tar),Dry,Not Applicable,Clear,"NEAR ADITYA BAR,BELATHURU DOMMASANDRA MN RD,BENGALORE-560067",ELECTRIC POLE,20,0.0,0.0
Bengaluru City,Whitefield Traffic PS,1.04432e+16,2022,1,2,Road Accidents,Not Applicable,City/Town,Near Petrol Pump,Human Error,No,Damage Only,Vehicle to Vehicle,Uncontrolled,Straight and flat,Arterial,Bitumen(Tar),Dry,No influence on accident,Clear,"SHELL PETROL BUNK, VARTHURU GUNJUR MN RD",ELECTRIC POLE,32,0.0,0.0
Bengaluru City,Whitefield Traffic PS,1.04432e+16,2022,1,1,Road Accidents,Not Applicable,City/Town,Open area,Human Error,Yes,Grievous Injury,Not Applicable,Not Applicable,Straight and flat,Others,Bitumen(Tar),Dry,Not Applicable,Clear,"KACHAMARANAHALLI CROSS TOWARDS GUNJURU,KRUPANIDHI COLLEGE ROAD,GUNJURU,BENGALORE",ELCTRIC POLL,29,0.0,0.0
Bengaluru City,Whitefield Traffic PS,1.04432e+16,2022,1,2,Road Accidents,Curves,City/Town,Open area,Human Error,Yes,Grievous Injury,Vehicle to Vehicle,Not Applicable,Straight and flat,Others,Bitumen(Tar),Dry,Not Applicable,Clear,"OPPOSITE MI GARAGE,VARTHURU KODI RD,WHITEFIELD-VARTHURU MN RD,BENGALORE",ELCTRIC POLL,18,0.0,0.0
Bengaluru City,Whitefield Traffic PS,1.04432e+16,2022,1,1,Road Accidents,Not Applicable,City/Town,Near School or College,Human Error,No,Fatal,Not Applicable,Not Applicable,Straight and flat,Others,Bitumen(Tar),Dry,Not Applicable,Clear,"THE GRANDEUR INTERNATIONAL SCHOOL COMPOUND,SULIKUNTE,SARJAPURA MN RD,BENGALORE",THE PLACE WHERE THE CAR WAS WASHED AWAY,9,0.0,0.0
Bengaluru City,Whitefield Traffic PS,1.04432e+16,2022,1,2,Road Accidents,Not Applicable,City/Town,Near Hospital,Human Error,No,Fatal,Vehicle to Vehicle,Not Applicable,Straight and flat,Others,Bitumen(Tar),Dry,Not Applicable,Clear,"OPP MANIPAL HOSPITAL,VARTHUR KODI JUNCTION,WHITEFIELD MN RD,BENGALORE",ADVERTISEMENT BOARD,28,0.0,0.0
Bengaluru City,Whitefield Traffic PS,1.04432e+16,2022,1,2,Road Accidents,Not Applicable,City/Town,Open area,Human Error,Not Applicable,Grievous Injury,Vehicle to Vehicle,Not Applicable,Straight and flat,Others,Bitumen(Tar),Dry,Not Applicable,Clear,"NEAR NAKSHA SCHOOL,GUNJURU-MUGULURU MAIN ROAD,GUNJURU ROAD,BENGALORE",ELCTRIC POLL,14,0.0,0.0
Bengaluru City,Whitefield Traffic PS,1.04432e+16,2022,1,1,Road Accidents,Narrow road,City/Town,Near Hospital,Human Error,No,Grievous Injury,Hit pedestrian,Not Applicable,Straight and flat,One way,Bitumen(Tar),Dry,Not Applicable,Clear,NEAR MANIPAL HOSPITAL,NEAR MANIPAL HOSPITAL,4.7 KM,0.0,0.0
Bengaluru City,Whitefield Traffic PS,1.04432e+16,2022,1,2,Road Accidents,Not Applicable,City/Town,Near Bus stop,Human Error,Yes,Grievous Injury,Vehicle to Vehicle,Not Applicable,Straight and flat,State Highway,Bitumen(Tar),Dry,Not Applicable,Clear,"NEAR KANNAMANGALA JUCTION ,KADUGODI-HOSAKOTE MAIN ROAD,BENGALORE",GREEN TREE,50,0.0,0.0
Bengaluru City,Whitefield Traffic PS,1.04432e+16,2022,1,2,Road Accidents,Not Applicable,City/Town,Residential area,Human Error,Yes,Grievous Injury,Vehicle to Vehicle,Uncontrolled,Straight and flat,Two way,Bitumen(Tar),Dry,Not Applicable,Fine,"OPPOSITE TO NVT LIFE SQUARE VILLAS, WHITEFIELD NAGONDANAHALLI MN RD, WHITEFIELD",ELECTRIC POLE,46,0.0,0.0
Bengaluru City,Whitefield Traffic PS,1.04432e+16,2022,1,2,Road Accidents,Narrow road,City/Town,Near office complex,Human Error,Yes,Grievous Injury,Vehicle to Vehicle,Not at  Junction,Others,One way,Bitumen(Tar),Dry,Not Applicable,Clear,"NEAR UNION BANK, KODATHI GATE,",NEAR UNION BANK KODATHI GATE,12 KM,0.0,0.0
Bengaluru City,Whitefield Traffic PS,1.04432e+16,2022,1,2,Road Accidents,Curves,City/Town,Open area,Human Error,Not Applicable,Simple Injury,Vehicle to Vehicle,Not Applicable,Others,State Highway,Bitumen(Tar),Dry,Not Applicable,Clear,"INFRONT OF STAR BAZAR,HOSAKOTE MN RD,BNGAGLORE-67",ROAD CENTER MEDIA,24,0.0,0.0
Bengaluru City,Whitefield Traffic PS,1.04432e+16,2022,1,1,Road Accidents,Not Applicable,City/Town,Residential area,Human Error,Yes,Fatal,Hit pedestrian,Uncontrolled,Straight and flat,Arterial,Bitumen(Tar),Dry,Not Applicable,Clear,"CHIKKABANAHALLI, KANNAMANGALA, BENGALURU DIST",COCONUT TREE,18,0.0,0.0
Bengaluru City,Whitefield Traffic PS,1.04432e+16,2022,1,2,Road Accidents,Junction,City/Town,Near Hospital,Human Error,No,Grievous Injury,Vehicle to Vehicle,Police / Manual,Straight and flat,Arterial,Bitumen(Tar),Dry,Not Applicable,Clear,"NR PRESTIGE SHANTHINIKETHAN, ITPL MN RD, WHITEFIELD, BLORE",SIGNAL LIGHT,22,0.0,0.0
Bengaluru City,Whitefield Traffic PS,1.04432e+16,2022,1,1,Road Accidents,Not Applicable,City/Town,Near Hospital,Human Error,Not Applicable,Simple Injury,Not Applicable,Not Applicable,Straight and flat,State Highway,Bitumen(Tar),Dry,Not Applicable,Clear,"NEAR KANNAMANGALA GATE,HOSAKOTE MN RD,BENGALORE-560067",SHARE ON THE SIDEWALK,8,0.0,0.0
Bengaluru City,Whitefield Traffic PS,1.04432e+16,2022,1,2,Road Accidents,Not Applicable,City/Town,Near Hospital,Human Error,Yes,Fatal,Vehicle to Vehicle,Uncontrolled,Straight and flat,State Highway,Bitumen(Tar),Dry,No influence on accident,Clear,"OPP GOVT HOSPITAL, VARTHURU MN RD",ELECTRIC POLE,15,0.0,0.0
Bengaluru City,Whitefield Traffic PS,1.04432e+16,2022,1,2,Road Accidents,Not Applicable,City/Town,Near School or College,Human Error,No,Fatal,Vehicle to Vehicle,Uncontrolled,Straight and flat,Arterial,Bitumen(Tar),Dry,No influence on accident,Clear,"BRV CYCLE SHOP, NR GOVT SCHOOL, VARTHURU MN RD",ELECTRIC POLE,8,0.0,0.0
Bengaluru City,Whitefield Traffic PS,1.04432e+16,2022,1,2,Road Accidents,Junction,City/Town,Residential area,Human Error,No,Grievous Injury,Vehicle to Vehicle,Uncontrolled,Straight and flat,Two way,Bitumen(Tar),Dry,No influence on accident,Clear,"INFRONT OF PRAKASH HOME, HALASANAHALLI VARTURU, BENGALURU CITY",ELECTRIC POLE,38,0.0,0.0
Bengaluru City,Whitefield Traffic PS,1.04432e+16,2022,1,1,Road Accidents,Not Applicable,City/Town,Open area,Human Error,Yes,Simple Injury,Hit pedestrian,Not Applicable,Straight and flat,Others,Bitumen(Tar),Dry,Not Applicable,Clear,"NR PRESTIGE LAKE SIDE HABITAT,GUNJURU ,VARTHURU,BENGALORE",VAHE APARTMENT GATE COMPOUND,51,0.0,0.0
Bengaluru City,Whitefield Traffic PS,1.04432e+16,2022,1,1,Road Accidents,Not Applicable,City/Town,Open area,Human Error,Not Applicable,Simple Injury,Hit pedestrian,Not Applicable,Straight and flat,State Highway,Bitumen(Tar),Dry,Not Applicable,Clear,"NR NEEDS SHOP (HOME NEEDS) AND BISMILLA HOTEL,KADUGODI-HOSKOTE MN RD,BELATHUR BUS STOP,BENGALORE",DISTANCE FROM THE PLACE OF ACCIDENT,16,0.0,0.0
Bengaluru City,Whitefield Traffic PS,1.04432e+16,2022,1,1,Road Accidents,Not Applicable,City/Town,Residential area,Human Error,Yes,Fatal,Hit pedestrian,Not Applicable,Hump,Others,Bitumen(Tar),Dry,Not Applicable,Clear,"INFORNT OF C/O MURTHY HOUSE ROAD,2 ND CROSS,GANDHIPURAM.WHITEFIELD,BENGALORE",GREEN TREE,25,0.0,0.0
Bengaluru City,Whitefield Traffic PS,1.04432e+16,2022,1,1,Road Accidents,Not Applicable,City/Town,Open area,Human Error,Yes,Grievous Injury,Hit bicyclist,Not Applicable,Straight and flat,Others,Bitumen(Tar),Dry,Not Applicable,Clear,"NEAR LAKSHMI NARASIMHA TEMPAL,BTW DS MAX APT RD-SAI BABA TEMPLE RD,PRAKASH LYT,VARTHURU,BENGALORE",BB M P NOTICE BORD,22,0.0,0.0
Bengaluru City,Whitefield Traffic PS,1.04432e+16,2022,1,2,Road Accidents,Not Applicable,City/Town,Near Hospital,Human Error,Yes,Grievous Injury,Vehicle to Vehicle,Not Applicable,Straight and flat,State Highway,Bitumen(Tar),Dry,Not Applicable,Clear,"NEAR SAI PALACE HOTEL U TURN, FROM SEEGEHALLI TOWARDS,BELATHURU,BENGALORE",ELECTRIC POLE,4,0.0,0.0
Bengaluru City,Whitefield Traffic PS,1.04432e+16,2022,1,2,Road Accidents,Not Applicable,City/Town,Open area,Human Error,Yes,Grievous Injury,Vehicle to Vehicle,Not Applicable,Straight and flat,Others,Bitumen(Tar),Dry,Not Applicable,Clear,"OPPOSITE TO MYHNA MEADOWS,VARTURU-SARJAPURA MN RD,BENGALORE-560087",GREEN TREE,17,0.0,0.0
Bengaluru City,Whitefield Traffic PS,1.04432e+16,2022,1,2,Road Accidents,Junction,City/Town,Residential area,Human Error,No,Simple Injury,Vehicle to Vehicle,Uncontrolled,Straight and flat,Arterial,Bitumen(Tar),Dry,No influence on accident,Clear,"OPPOSITE TO PRESTIGE WHITE MEADOWS APT, WHITEFIELD MN RD,",STREET LIGHT,18,0.0,0.0
Bengaluru City,Whitefield Traffic PS,1.04432e+16,2022,1,1,Road Accidents,Not Applicable,City/Town,Residential area,Human Error,Yes,Simple Injury,Hit pedestrian,Not Applicable,Straight and flat,Others,Bitumen(Tar),Dry,Not Applicable,Clear,"NR PROVISION STORE,IMMADAHALLI-HAGADURU MN RD,BENGALORE",GOVERMENT FAIR PRICE STORE,25,0.0,0.0
Bengaluru City,Whitefield Traffic PS,1.04432e+16,2022,1,2,Road Accidents,Not Applicable,City/Town,Open area,Human Error,Yes,Grievous Injury,Vehicle to Vehicle,Not Applicable,Straight and flat,Others,Bitumen(Tar),Dry,Not Applicable,Clear,"NR MANTRI GATE,VARTHURU KODI MN ROAD,BENGALORE",MUD PAVEMENT ROAD EDGE,25,0.0,0.0
Bengaluru City,Whitefield Traffic PS,1.04432e+16,2022,1,1,Road Accidents,Narrow road,City/Town,Near office complex,Human Error,Yes,Fatal,Hit pedestrian,Not Applicable,Straight and flat,Others,Bitumen(Tar),Dry,Not Applicable,Clear,"OPP TO MVJ ENGINEERING COLLEGE,",OPP TO MVJ ENGINEERING COLLEGE,2 KM,0.0,0.0
Bengaluru City,Whitefield Traffic PS,1.04432e+16,2022,1,2,Road Accidents,Not Applicable,City/Town,Near Bus stop,Human Error,Not Applicable,Grievous Injury,Vehicle to Vehicle,Not at  Junction,Straight and flat,State Highway,Bitumen(Tar),Dry,Not Applicable,Clear,"NEAR KODATHI GATE,KODATHI GATE TO KANNALLI MN RD,SARJAPURA MAIN ROAD,BENGALORE",J K V PG LADIES P G,32,0.0,0.0
Bengaluru City,Whitefield Traffic PS,1.04432e+16,2022,1,2,Road Accidents,Narrow road,City/Town,Near office complex,Human Error,No,Grievous Injury,Vehicle to Vehicle,Not Applicable,Straight and flat,Others,Bitumen(Tar),Dry,Not Applicable,Clear,NEAR SAFAL MARKET,NEAR SAFAL MARKET,5.8KM,0.0,0.0
Bengaluru City,Whitefield Traffic PS,1.04432e+16,2023,1,2,Road Accidents,Junction,City/Town,Near Bus stop,Human Error,Yes,Grievous Injury,Vehicle to Vehicle,No signal lights,Straight and flat,State Highway,Bitumen(Tar),Dry,Not Applicable,Clear,"NEAR KANNAMANGALA JUCTION,NEAR ABAYA ANJENAYA TEMPALE ,KADUGODI-HOSAKOTE MAIN ROAD,BENGALORE",PEDESTRIAN ROAD ANCHU,13,0.0,0.0
Bengaluru City,Whitefield Traffic PS,1.04432e+16,2023,1,1,Road Accidents,Narrow road,City/Town,Open area,Human Error,No,Grievous Injury,Vehicle to Vehicle,Not at  Junction,Straight and flat,One way,Bitumen(Tar),Dry,Not Applicable,Clear,FROM WHITEFIELD TOWARDS NAGONDAHALLI MAIN ROAD,FROM WHITEFIELD TOWARDS NAGONDAHALLI MAIN ROAD,2.9 KM,0.0,0.0
Bengaluru City,Whitefield Traffic PS,1.04432e+16,2023,1,1,Road Accidents,Narrow road,City/Town,Residential area,Human Error,Yes,Grievous Injury,Hit pedestrian,Not Applicable,Not Applicable,State Highway,Bitumen(Tar),Dry,Not Applicable,Clear,"OPP WHITEFIELD MEADOWS APT, WHITEFIELD MN RD",OPP WHITEFIELD MEADOWS APT WHITEFIELD MN RD,03 KM,0.0,0.0