DISTRICTNAME,UNITNAME,Crime_No,Year,RI,Noofvehicle_involved,Accident_Classification,Accident_Spot,Accident_Location,Accident_SubLocation,Main_Cause,Hit_Run,Severity,Collision_Type,Junction_Control,Road_Character,Road_Type,Surface_Type,Surface_Condition,Road_Condition,Weather,Accident_Road,Landmark_first,Distance_LandMark_First,Latitude,Longitude
Bengaluru City,Whitefield Traffic PS,1.04432e+16,2023,1,1,Road Accidents,Narrow road,City/Town,Residential area,Human Error,Yes,Grievous Injury,Hit pedestrian,Not at  Junction,Straight and flat,One way,Bitumen(Tar),Others,Not Applicable,Clear,INFRONT OF MAGNOLIA APT,INFRONT OF MAGNOLIA APT,4.6 KM,0.0,0.0
Bengaluru City,Whitefield Traffic PS,1.04432e+16,2023,1,2,Road Accidents,Narrow road,City/Town,Residential area,Human Error,Yes,Grievous Injury,Vehicle to Vehicle,Not at  Junction,Straight and flat,Two way,Bitumen(Tar),Dry,Not Applicable,Clear,INFRONT OF BELVISTA APT,INFRONT OF BELVISTA APT,4.8 KM,0.0,0.0
Bengaluru City,Whitefield Traffic PS,1.04432e+16,2023,1,1,Road Accidents,Narrow road,City/Town,Near Bus stop,Human Error,Yes,Grievous Injury,Hit pedestrian,Not at  Junction,Straight and flat,One way,Bitumen(Tar),Not Applicable,Not Applicable,Clear,KODATHI GATE BUS STOP,KODATHI GATE BUS STOP,12KM,0.0,0.0
Bengaluru City,Whitefield Traffic PS,1.04432e+16,2023,1,2,Road Accidents,Not Applicable,City/Town,Open area,Human Error,Yes,Grievous Injury,Vehicle to Vehicle,Not Applicable,Straight and flat,Others,Bitumen(Tar),Dry,Not Applicable,Clear,"OPPOSITE SUNRISE BAR,NALLURAHALLI MAIN ROAD,BENGALORE",PEDESTRAIN ANCHU,12,0.0,0.0
Bengaluru City,Whitefield Traffic PS,1.04432e+16,2023,1,2,Road Accidents,Not Applicable,City/Town,Near School or College,Human Error,No,Grievous Injury,Vehicle to Vehicle,Not Applicable,Straight and flat,Others,Bitumen(Tar),Dry,Not Applicable,Clear,"OPP TCIS SCHOOL ROAD,VARTHUR-GUNJUR MAIN ROAD,BENGALORE",ELCTRIC POLL,34,0.0,0.0
Bengaluru City,Whitefield Traffic PS,1.04432e+16,2023,1,2,Road Accidents,Not Applicable,City/Town,Near Hospital,Human Error,Yes,Fatal,Hit bicyclist,Uncontrolled,Straight and flat,Arterial,Bitumen(Tar),Dry,Not Applicable,Clear,"MIRACLE HOSPITAL, BELATHURU MN RD",ELECTRIC POLE,22,0.0,0.0
Bengaluru City,Whitefield Traffic PS,1.04432e+16,2023,1,2,Road Accidents,Junction,City/Town,Open area,Human Error,Yes,Grievous Injury,Vehicle to Vehicle,No signal lights,Straight and flat,Others,Bitumen(Tar),Dry,Not Applicable,Clear,"KODATI JUCTION SARJAPURA MAIN ROAD,BENGALORE",NOTICE BORD,12,12.896705,77.720142
Bengaluru City,Whitefield Traffic PS,1.04432e+16,2023,1,2,Road Accidents,Not Applicable,City/Town,Residential area,Human Error,Yes,Grievous Injury,Vehicle to Vehicle,Not Applicable,Straight and flat,Others,Bitumen(Tar),Dry,Not Applicable,Clear,"ABHAYADAMA ROAD,OPP TO MIMS VILLAS,BENGLORE",ELCTRIC POLL,12,12.979852,77.749069
Bengaluru City,Whitefield Traffic PS,1.04432e+16,2023,1,2,Road Accidents,Narrow road,City/Town,Near Bus stop,Human Error,No,Fatal,Vehicle to Vehicle,Not at  Junction,Straight and flat,One way,Bitumen(Tar),Not Applicable,Not Applicable,Others,INFRONT OF SRINIDHI HOTEL RD,INFRONT OF SRINIDHI HOTEL RD,2.2,12.983679,77.753063
Bengaluru City,Whitefield Traffic PS,1.04432e+16,2023,1,1,Road Accidents,Not Applicable,City/Town,Residential area,Human Error,No,Damage Only,Hit pedestrian,Not Applicable,Straight and flat,Others,Bitumen(Tar),Dry,Not Applicable,Clear,"NAGONDANAHALLI COLONY,PARK ROAD,NAGONDANAHALLI,WHITEFIELD,BENGALORE",ROAD ANCHU,3,0.0,0.0
Bengaluru City,Whitefield Traffic PS,1.04432e+16,2023,1,2,Road Accidents,Narrow road,City/Town,Near School or College,Human Error,Yes,Grievous Injury,Vehicle to Vehicle,Not Applicable,Straight and flat,Two way,Bitumen(Tar),Not Applicable,Not Applicable,Clear,NEAR NANDINI BIRYANI SHOP  KSVK SCHOOL,CHANNASANDRA,4.1 KM,0.0,0.0
Bengaluru City,Whitefield Traffic PS,1.04432e+16,2023,1,2,Road Accidents,Not Applicable,City/Town,Residential area,Human Error,Yes,Damage Only,Vehicle to Vehicle,Not Applicable,Straight and flat,Others,Bitumen(Tar),Dry,Not Applicable,Clear,"OPPOSITE SAROJ RESIDENCY,NALLURAHALLI MAIN  ROAD,BENGALORE",ELECTRIC POLE,45,0.0,0.0
Bengaluru City,Whitefield Traffic PS,1.04432e+16,2023,1,2,Road Accidents,Not Applicable,City/Town,Open area,Human Error,No,Grievous Injury,Vehicle to Vehicle,Not Applicable,Straight and flat,Others,Bitumen(Tar),Dry,Not Applicable,Clear,"OPP BWSSB,BALAGERE MAIN ROAD,VARTHURU,BENGALORE",ELCTRIC POLL,35,0.0,0.0
Bengaluru City,Whitefield Traffic PS,1.04432e+16,2023,1,3,Road Accidents,Narrow road,City/Town,Near office complex,Human Error,Yes,Damage Only,Vehicle to Vehicle,Not Applicable,Straight and flat,One way,Bitumen(Tar),Not Applicable,Not Applicable,Clear,RIGHT NEXT TO HERO HONDA MOTOR CORP,RIGHT NEXT TO HERO HONDA MOTOR CORP,7.8KM,0.0,0.0
Bengaluru City,Whitefield Traffic PS,1.04432e+16,2023,1,1,Road Accidents,Not Applicable,City/Town,Open area,Human Error,Not Applicable,Grievous Injury,Hit pedestrian,Not Applicable,Straight and flat,State Highway,Bitumen(Tar),Dry,Not Applicable,Clear,"OPP NEXUS FORUM VALUE MALL,NEAR SBI BANK ,VARTHURU KODI,BENGALORE",GREEN TREE,11,0.0,0.0
Bengaluru City,Whitefield Traffic PS,1.04432e+16,2023,1,2,Road Accidents,Not Applicable,City/Town,Residential area,Human Error,Yes,Grievous Injury,Vehicle to Vehicle,Uncontrolled,Straight and flat,Arterial,Bitumen(Tar),Dry,No influence on accident,Fine,"KUMAR KABAB CENTER, MADHURANAGAR",ELECTRIC POLE,22,0.0,0.0
Bengaluru City,Whitefield Traffic PS,1.04432e+16,2023,1,2,Road Accidents,Not Applicable,City/Town,Open area,Human Error,Yes,Grievous Injury,Vehicle to Vehicle,Not Applicable,Straight and flat,Others,Bitumen(Tar),Dry,Not Applicable,Clear,"FROM NALLURAHALLI TOWARDS GE HEALTH CARE OFFICE,NALLURAHALLI MAIN ROAD,BENGALORE",GREEN TREE,30,12.97059,77.731114
Bengaluru City,Whitefield Traffic PS,1.04432e+16,2023,1,2,Road Accidents,Not Applicable,City/Town,Open area,Human Error,No,Damage Only,Vehicle to Vehicle,Not Applicable,Straight and flat,Others,Bitumen(Tar),Dry,Not Applicable,Clear,"SHIVA TEMPALE,VIJAYANAGARA MAIN ROAD,BENGALORE",ELCTRIC POLL,12,13.022651,77.761943
Bengaluru City,Whitefield Traffic PS,1.04432e+16,2023,1,2,Road Accidents,Not Applicable,City/Town,Open area,Human Error,Yes,Grievous Injury,Vehicle to Vehicle,Not Applicable,Straight and flat,State Highway,Bitumen(Tar),Dry,Not Applicable,Clear,"NEAR ARCADIA APT,DODDAKANNELLI ROAD,BENGALORE",GREEN TREE,36,12.915034,77.717082
Bengaluru City,Whitefield Traffic PS,1.04432e+16,2023,1,1,Road Accidents,Not Applicable,City/Town,Near office complex,Human Error,No,Fatal,Not Applicable,Uncontrolled,Straight and flat,Arterial,Bitumen(Tar),Dry,Not Applicable,Clear,"NR BAJAJ SLN MOTOR SHOW ROOM, RAMAGONDANAHALLI, KUNDALAHALLI, VARTHURU KODI MN RD, BLORE",STREET LIGHT,49,12.95706,77.739021
Bengaluru City,Whitefield Traffic PS,1.04432e+16,2023,1,2,Road Accidents,Not Applicable,City/Town,Open area,Human Error,Not Applicable,Grievous Injury,Vehicle to Vehicle,Not Applicable,Straight and flat,State Highway,Bitumen(Tar),Dry,Not Applicable,Clear,"NEAR VARTHURU KODI,WHITEFIELD,VARTHURU,BENGALORE",CEMENT PILLAR,86,12.956535,77.745246
Bengaluru City,Whitefield Traffic PS,1.04432e+16,2023,1,2,Road Accidents,Not Applicable,City/Town,Open area,Human Error,Yes,Fatal,Vehicle to Vehicle,Not Applicable,Straight and flat,Others,Bitumen(Tar),Dry,Not Applicable,Clear,"INFRONT OF KTM BIKE SHOWROOM ROAD,I T P L MAIN ROAD,BENGALORE",METRO PILLAR,25,12.984462,77.750293
Bengaluru City,Whitefield Traffic PS,1.04432e+16,2023,1,1,Road Accidents,Not Applicable,City/Town,Near a recreation place/cinema,Human Error,Yes,Fatal,Hit bicyclist,Uncontrolled,Straight and flat,Arterial,Bitumen(Tar),Dry,No influence on accident,Clear,"OPP MANJU WINES, WHITEFIELD-IMMADIHALLI MN RD",ELECTRIC POLE,38,0.0,0.0
Bengaluru City,Whitefield Traffic PS,1.04432e+16,2023,1,2,Road Accidents,Not Applicable,City/Town,Near School or College,Human Error,Not Applicable,Damage Only,Vehicle to Vehicle,Not Applicable,Straight and flat,State Highway,Bitumen(Tar),Dry,Not Applicable,Clear,"DINNURU JUNCTION,KADUGODI,BENGALORE",METRO PILLAR NO 494,34,0.0,0.0
Bengaluru City,Whitefield Traffic PS,1.04432e+16,2023,1,1,Road Accidents,Not Applicable,City/Town,Open area,Human Error,Yes,Grievous Injury,Hit pedestrian,Not Applicable,Straight and flat,Others,Bitumen(Tar),Dry,Not Applicable,Clear,"NEAR DK INTERIORS ROAD,DINNURU MAIN ROAD,BENGALORE",BULDING,16,0.0,0.0
Bengaluru City,Whitefield Traffic PS,1.04432e+16,2023,1,2,Road Accidents,Junction,City/Town,Near office complex,Human Error,Yes,Fatal,Vehicle to Vehicle,Uncontrolled,Straight and flat,Arterial,Bitumen(Tar),Dry,No influence on accident,Clear,"OPP DOMINOS PIZZA, VARTHURU KODI-WHITEFIELD MN RD",ELECTRIC POLE,59,0.0,0.0
Bengaluru City,Whitefield Traffic PS,1.04432e+16,2023,1,2,Road Accidents,Narrow road,City/Town,Near office complex,Human Error,Yes,Grievous Injury,Vehicle to Vehicle,Not at  Junction,Not Applicable,Two way,Bitumen(Tar),Not Applicable,Not Applicable,Clear,NR GANESHA GAS AGENCY,NR GANESHA GAS AGENCY,3.3KM,0.0,0.0
Bengaluru City,Whitefield Traffic PS,1.04432e+16,2023,1,2,Road Accidents,Not Applicable,City/Town,Near School or College,Human Error,Yes,Grievous Injury,Vehicle to Vehicle,Uncontrolled,Straight and flat,Arterial,Bitumen(Tar),Dry,No influence on accident,Clear,VYDEHI SCHOOL RD,COMPOUND,16,0.0,0.0
Bengaluru City,Whitefield Traffic PS,1.04432e+16,2023,1,2,Road Accidents,Not Applicable,City/Town,Open area,Human Error,Yes,Grievous Injury,Vehicle to Vehicle,Not Applicable,Straight and flat,State Highway,Bitumen(Tar),Dry,Not Applicable,Clear,"VARTHURU KODI JUNCTION,WHITEFIELD-VARTHURU MAIN ROAD,BENGALORE",VARTHURU KODI JUNCTION,30,0.0,0.0
Bengaluru City,Whitefield Traffic PS,1.04432e+16,2023,1,1,Road Accidents,Not Applicable,City/Town,Open area,Human Error,No,Grievous Injury,Not Applicable,Uncontrolled,Straight and flat,Arterial,Bitumen(Tar),Dry,No influence on accident,Clear,"NR K R ENTERPRISES, DOMMASANDRA-GUNJURU MN",TREE,31,0.0,0.0
Bengaluru City,Whitefield Traffic PS,1.04432e+16,2023,1,2,Road Accidents,Curves,City/Town,Near office complex,Human Error,Yes,Fatal,Vehicle to Vehicle,Uncontrolled,Curve,Arterial,Bitumen(Tar),Dry,No influence on accident,Clear,"OPP MEDPLUS, GUNJURU MN RD",ELECTRIC POLE,28,0.0,0.0
Bengaluru City,Whitefield Traffic PS,1.04432e+16,2023,1,1,Road Accidents,Junction,City/Town,Residential area,Human Error,Yes,Grievous Injury,Hit pedestrian,Uncontrolled,Straight and flat,Arterial,Bitumen(Tar),Dry,No influence on accident,Clear,"NR SMD ALTEZZ APT, BELATHURU",TREE,6,12.999726,77.752686
Bengaluru City,Whitefield Traffic PS,1.04432e+16,2023,1,2,Road Accidents,Junction,City/Town,Near Bus stop,Human Error,Not Applicable,Grievous Injury,Vehicle to Vehicle,Signal lights Automatic,Straight and flat,State Highway,Bitumen(Tar),Dry,Not Applicable,Clear,"HOPE FARM JUNCTION,BENGALORE",C C T V POLL,46,12.984627,77.74262
Bengaluru City,Whitefield Traffic PS,1.04432e+16,2023,1,2,Road Accidents,Not Applicable,City/Town,Open area,Human Error,Yes,Grievous Injury,Vehicle to Vehicle,Not Applicable,Straight and flat,Others,Bitumen(Tar),Dry,Not Applicable,Clear,"INFORNT OF HP PETROL BUNK,SULIKUNTE,BENGLAORE",GREEN TREE,24,12.890034,77.731429
Bengaluru City,Whitefield Traffic PS,1.04432e+16,2023,1,1,Road Accidents,Not Applicable,City/Town,Open area,Human Error,Yes,Grievous Injury,Hit pedestrian,Not Applicable,Straight and flat,Others,Bitumen(Tar),Dry,Not Applicable,Clear,"NEAR DHARMARAYA TEMPAL ROAD,VARTHURU,BENGALORE",ELCTRIC POLL,26,12.942683,77.749039
Bengaluru City,Whitefield Traffic PS,1.04432e+16,2023,1,2,Road Accidents,Not Applicable,City/Town,Open area,Human Error,No,Grievous Injury,Vehicle to Vehicle,Not Applicable,Straight and flat,Others,Bitumen(Tar),Dry,Not Applicable,Clear,"INFORNT OF IMPERIO HOTEL ROAD,HAGADURU MAIN ROAD,BENGALORE",IMPIREAL RESTORENT,25,12.96192,77.748507
Bengaluru City,Whitefield Traffic PS,1.04432e+16,2023,1,2,Road Accidents,Not Applicable,City/Town,Open area,Human Error,Yes,Grievous Injury,Vehicle to Vehicle,Not Applicable,Straight and flat,Others,Bitumen(Tar),Dry,Not Applicable,Clear,"NEAR SHELL PEROBUNK & HUNASEMARA,CHANNASANDRA MAIN ROAD,BENGALORE",ELECTICAL FOOL,30,12.983951,77.719523
Bengaluru City,Whitefield Traffic PS,1.04432e+16,2023,1,2,Road Accidents,Narrow road,City/Town,Open area,Human Error,Yes,Grievous Injury,Vehicle to Vehicle,Not Applicable,Straight and flat,State Highway,Bitumen(Tar),Dry,Not Applicable,Clear,"NEAR DUGGALAMMA TEMPAL,VARTHURU-VARTHURU KODI MAIN ROAD,VARTHURU,BENGALORE",IRON BARRICADE,15,0.0,0.0
Bengaluru City,Whitefield Traffic PS,1.04432e+16,2023,1,1,Road Accidents,Narrow road,City/Town,Near School or College,Human Error,No,Grievous Injury,Not Applicable,Not Applicable,Straight and flat,One way,Bitumen(Tar),Not Applicable,Not Applicable,Clear,NEAR UJJVAL SCHOOL,NEAR UJJVAL SCHOOL,3.1 KM,0.0,0.0
Bengaluru City,Whitefield Traffic PS,1.04432e+16,2023,1,1,Road Accidents,Narrow road,City/Town,Open area,Human Error,No,Fatal,Not Applicable,Not Applicable,Straight and flat,One way,Bitumen(Tar),Not Applicable,Not Applicable,Clear,AT GUNJUR PALYA FOREST  NEAR AYYAPPA TEMPLE  PANATHUR MN RD,NEAR AYYAPPA TEMPLE  PANATHUR MN RD,13 KM,0.0,0.0
Bengaluru City,Whitefield Traffic PS,1.04432e+16,2023,1,1,Road Accidents,Junction,City/Town,Near Bus stop,Human Error,Yes,Fatal,Hit pedestrian,Not Applicable,Straight and flat,One way,Bitumen(Tar),Not Applicable,Not Applicable,Clear,HOPE FARM JUNCTION,HOPE FARM JUNCTION,5 KM,0.0,0.0
Bengaluru City,Whitefield Traffic PS,1.04432e+16,2023,1,2,Road Accidents,Not Applicable,City/Town,Near Bus stop,Human Error,Yes,Grievous Injury,Vehicle to Vehicle,Not Applicable,Straight and flat,Others,Bitumen(Tar),Dry,Not Applicable,Clear,"INFORNT OF PRESTIGE ROAD,FROM WHITEFIELD TOWARDS ,KADUGODI-WHITEFIELD MAIN ROAD,BENGALORE",Metro Piller No 462,12,0.0,0.0
Bengaluru City,Whitefield Traffic PS,1.04432e+16,2023,1,2,Road Accidents,Not Applicable,City/Town,Open area,Human Error,Yes,Damage Only,Vehicle to Vehicle,Uncontrolled,Straight and flat,Arterial,Bitumen(Tar),Dry,No influence on accident,Fine,"PRESTIGE SHANTINIKETAN EXIT GATE NO 8, BASEMENT PARKING, ITPL,",PILLAR,31,0.0,0.0
Bengaluru City,Whitefield Traffic PS,1.04432e+16,2023,1,1,Not Applicable,Junction,City/Town,Near Bus stop,Human Error,Not Applicable,Not Applicable,Vehicle to Vehicle,Not Applicable,Straight and flat,Others,Bitumen(Tar),Not Applicable,Not Applicable,Clear,"NEAR KACHAMARANAHALLI JUNCTION,GUNJURU TO KRUPA NIDHI MAIN ROAD,BENGALORE",GREEN TREE,38,12.918765,77.734558
Bengaluru City,Whitefield Traffic PS,1.04432e+16,2023,1,2,Road Accidents,Not Applicable,City/Town,Near office complex,Human Error,Yes,Damage Only,Vehicle to Vehicle,Not Applicable,Straight and flat,One way,Bitumen(Tar),Others,Not Applicable,Clear,NR NEXUS MALL WHITEFIELD MN RD,NR NEXUS MALL WHITEFIELD MN RD,4.5 KM,0.0,0.0
Bengaluru City,Whitefield Traffic PS,1.04432e+16,2023,1,2,Road Accidents,Not Applicable,City/Town,Open area,Human Error,No,Grievous Injury,Vehicle to Vehicle,Not Applicable,Straight and flat,State Highway,Bitumen(Tar),Dry,Not Applicable,Clear,"NEAR VARTHURU KODI JUNCTION ROAD,FROM RAMAGONDANAHALLI TOWARDS,WHITEFIELD,BENGALORE",ELCTRIC POLL,31,0.0,0.0
Bengaluru City,Whitefield Traffic PS,1.04432e+16,2023,1,2,Road Accidents,Not Applicable,City/Town,Open area,Human Error,Yes,Damage Only,Vehicle to Vehicle,Not Applicable,Straight and flat,Others,Bitumen(Tar),Dry,Not Applicable,Clear,"FROM KUNDALAHALLI GATE TOWARDS ,VARTHURU POLICE STATION ROAD,BENGALORE",NOTICE BORD,30,12.957414,77.734151
Bengaluru City,Whitefield Traffic PS,1.04432e+16,2023,1,2,Road Accidents,Not Applicable,City/Town,Open area,Human Error,Not Applicable,Fatal,Vehicle to Vehicle,Not Applicable,Straight and flat,Others,Bitumen(Tar),Dry,Not Applicable,Clear,"INFORT OF VIDHYAGIRI BDA APT ROAD,DODDABANAHALLI,BENGALORE",PEDESTRAIN ANCHU,7,13.034084,77.757566
Bengaluru City,Whitefield Traffic PS,1.04432e+16,2023,1,2,Road Accidents,Not Applicable,City/Town,Open area,Human Error,Yes,Fatal,Vehicle to Vehicle,Not Applicable,Straight and flat,State Highway,Bitumen(Tar),Dry,Not Applicable,Clear,"NEAR SEEGEHALLI JUNCTION,KADUGODI-HOSAKOTE MAIN ROAD,BENGALORE",C C T V POLL,24,13.009879,77.759113
Bengaluru City,Whitefield Traffic PS,1.04432e+16,2023,1,2,Road Accidents,Not Applicable,City/Town,Near a recreation place/cinema,Human Error,Yes,Grievous Injury,Vehicle to Vehicle,Uncontrolled,Straight and flat,Two way,Bitumen(Tar),Dry,No influence on accident,Clear,BALAGERE-VARTHURU MN RD,ELECTRIC POLE,22,0.0,0.0
Bengaluru City,Whitefield Traffic PS,1.04432e+16,2023,1,1,Road Accidents,Not Applicable,City/Town,Residential area,Human Error,Not Applicable,Grievous Injury,Not Applicable,Not Applicable,Straight and flat,Others,Bitumen(Tar),Dry,Not Applicable,Clear,"INFORNT OF NAVEEN REDDY BUILDING CHANNAKESHVA,PROVISION STORE TUBARAHALLI EXTENSION,TUBARAHALLI,BENG",PEDESTRAIN ANCHU,6,12.94981,77.722042
Bengaluru City,Whitefield Traffic PS,1.04432e+16,2023,1,2,Road Accidents,Not Applicable,City/Town,Near Petrol Pump,Human Error,Yes,Damage Only,Vehicle to Vehicle,Not Applicable,Straight and flat,Others,Bitumen(Tar),Dry,Not Applicable,Clear,"NEAR SHELL PETROL BUNK,KODATHI-SULIKUNTE ROAD,SARJAPURA MAIN ROAD,BENGALORE",HAJARD BORD,8,0.0,0.0
Bengaluru City,Whitefield Traffic PS,1.04432e+16,2023,1,2,Road Accidents,Junction,City/Town,Open area,Human Error,Yes,Damage Only,Vehicle to Vehicle,No signal lights,Curve,State Highway,Bitumen(Tar),Dry,Not Applicable,Clear,"NEAR VARTHURU KODI JUCTION,WHITEFIELD-VARTHURU KODI MAIN ROAD,BENGALORE",RAMADEVA MEDICAL SHOP,60,0.0,0.0
Bengaluru City,Whitefield Traffic PS,1.04432e+16,2023,1,1,Road Accidents,Not Applicable,City/Town,Open area,Human Error,Yes,Grievous Injury,Hit bicyclist,Not Applicable,Straight and flat,Others,Bitumen(Tar),Dry,Not Applicable,Clear,"OPPOSITE AXIS BANK,I T P L MAIN ROAD,VYDEHI HOSPITAL JUNCTION-PATTANDURU ,WHITEFIELD,BENGALORE",GREEN TREE,30,0.0,0.0
Bengaluru City,Whitefield Traffic PS,1.04432e+16,2023,1,2,Road Accidents,Narrow road,City/Town,Open area,Human Error,No,Grievous Injury,Vehicle to Vehicle,Not Applicable,Straight and flat,Two way,Bitumen(Tar),Not Applicable,Not Applicable,Clear,NEAR SBI BANK BALAGERE MN RD,VARTHURU PANATHURU MN RD,09 KM,0.0,0.0
Bengaluru City,Whitefield Traffic PS,1.04432e+16,2023,1,2,Road Accidents,Not Applicable,City/Town,Near Petrol Pump,Human Error,Yes,Simple Injury,Vehicle to Vehicle,Not Applicable,Straight and flat,State Highway,Bitumen(Tar),Dry,Not Applicable,Clear,"INFORNT OF H P PETROL BUNK ROAD,NEAR SEEGEHALLI HOSAKOTE-KADUGODI MAIN ROAD ,BENGALORE",CENTER MIDIAN ANCHU,17,0.0,0.0
Bengaluru City,Whitefield Traffic PS,1.04432e+16,2023,1,2,Road Accidents,Not Applicable,City/Town,Open area,Human Error,Yes,Grievous Injury,Vehicle to Vehicle,Not Applicable,Straight and flat,Others,Bitumen(Tar),Dry,Not Applicable,Clear,"NEAR KUMAR KABAB SHOP FROM VARTHURU COLLEGE ROAD,TOWARDS MAHADEVAOURA,BENGALORE",GREEN TREE,13,0.0,0.0
Bengaluru City,Whitefield Traffic PS,1.04432e+16,2023,1,2,Road Accidents,Not Applicable,City/Town,Open area,Human Error,Yes,Grievous Injury,Vehicle to Vehicle,Not Applicable,Straight and flat,Others,Bitumen(Tar),Dry,Not Applicable,Clear,"NEAR MYSHOPEE SUPER MARKET,FROM VARTHURU TOWARDS-SORAHUNASE,BENGALORE",ELCTRIC POLL,18,12.944458,77.751907
Bengaluru City,Whitefield Traffic PS,1.04432e+16,2023,1,2,Road Accidents,Not Applicable,City/Town,Open area,Human Error,Not Applicable,Grievous Injury,Vehicle to Vehicle,Not Applicable,Straight and flat,Others,Bitumen(Tar),Dry,Not Applicable,Clear,"OPP VARTHURU MOSQUE,VARTHUR GUNJURU MAIN ROAD,FROM WHITEFIELD TOWARDS,BENGALORE",ELCTRIC POLL,21,0.0,0.0
Bengaluru City,Whitefield Traffic PS,1.04432e+16,2023,1,2,Road Accidents,Not Applicable,City/Town,Open area,Human Error,Yes,Grievous Injury,Vehicle to Vehicle,Not Applicable,Straight and flat,Others,Bitumen(Tar),Dry,Not Applicable,Clear,"INFORNT OF HP PETROL BUNK ROAD,FROM MUTHANALLURU CROSS TOWARDS KODATI GATE,BENGLAORE",CENTER MEDIA ANCHU,23,12.890481,77.731296
Bengaluru City,Whitefield Traffic PS,1.04432e+16,2023,1,2,Road Accidents,Not Applicable,City/Town,Open area,Human Error,Yes,Simple Injury,Vehicle to Vehicle,Not Applicable,Straight and flat,State Highway,Bitumen(Tar),Dry,Not Applicable,Clear,"NEAR INDIAN AUTO GAS,VARTHURU,BENGALORE",PEDESTRAIN ANCHU,35,12.951077,77.745375
Bengaluru City,Whitefield Traffic PS,1.04432e+16,2023,1,1,Road Accidents,Narrow road,City/Town,Residential area,Human Error,No,Grievous Injury,Hit pedestrian,Not at  Junction,Straight and flat,One way,Bitumen(Tar),Not Applicable,Not Applicable,Clear,NR CSIKCD MEMORIA CHURCH RD WHITEFIELD HOSKOTE MN RD,NR CSIKCD MEMORIA CHURCH RD,3.5 KM,12.970993,77.750222
Bengaluru City,Whitefield Traffic PS,1.04432e+16,2023,1,1,Not Applicable,Not Applicable,City/Town,Open area,Human Error,Not Applicable,Grievous Injury,Not Applicable,Not Applicable,Straight and flat,Others,Bitumen(Tar),Dry,Not Applicable,Clear,"INFRONT OF BRIGADE CORNERSTONE UTOPIA APT ROAD,FROM VARTHURU TOWARDS GUNJURU,BENGLAORE",PEDESTRAIN ANCHU,8,12.934347,77.743428
Bengaluru City,Whitefield Traffic PS,1.04432e+16,2023,1,2,Road Accidents,Junction,City/Town,Near office complex,Human Error,Yes,Grievous Injury,Vehicle to Vehicle,Signal lights Blinking,Straight and flat,Others,Bitumen(Tar),Dry,Not Applicable,Clear,HOPE FARM JUNCTION,HOPE FARM JUNCTION,1.9 KM,0.0,0.0
Bengaluru City,Whitefield Traffic PS,1.04432e+16,2023,1,1,Road Accidents,Narrow road,City/Town,Near office complex,Human Error,Yes,Grievous Injury,Hit pedestrian,Not Applicable,Straight and flat,One way,Bitumen(Tar),Not Applicable,Not Applicable,Clear,INFRONT OF RAMADEV MEDICALS SHOP BELTHUR HOSAKOTE MAIN ROAD,BELTHUR HOSAKOTE MAIN ROAD,3 KM,13.01991382,77.76202905
Bengaluru City,Whitefield Traffic PS,1.04432e+16,2023,1,1,Road Accidents,Not Applicable,City/Town,Residential area,Human Error,No,Fatal,Hit pedestrian,Not Applicable,Straight and flat,Others,Bitumen(Tar),Dry,Not Applicable,Clear,"INFORNT OF ANUKURAA LOTUS,NEAR HOSAROAD JUNCTION,BENGALORE",ANKURU LOTUS APPARTMENT GATE,28,0.0,0.0
Bengaluru City,Whitefield Traffic PS,1.04432e+16,2023,1,2,Road Accidents,Not Applicable,City/Town,Open area,Human Error,Yes,Grievous Injury,Vehicle to Vehicle,Not Applicable,Straight and flat,Others,Bitumen(Tar),Dry,Not Applicable,Clear,"INBETWEEN NAGONDANAHALLI TO IMMADIHALLI ROAD,BENGALORE",ELECTRIC POLE,22,0.0,0.0
Bengaluru City,Whitefield Traffic PS,1.04432e+16,2023,1,1,Road Accidents,Not Applicable,City/Town,Open area,Human Error,Yes,Grievous Injury,Not Applicable,Not Applicable,Straight and flat,Others,Bitumen(Tar),Dry,Not Applicable,Clear,"NEAR LAKSHMI NARASIMHA SWAMY TEMPLA ROAD,GUNJURU MUGALURU MAIN ROAD,BENGALORE",GREEN TREE,4,12.92004,77.743983
Bengaluru City,Whitefield Traffic PS,1.04432e+16,2023,1,1,Road Accidents,Not Applicable,City/Town,Residential area,Human Error,Yes,Fatal,Hit pedestrian,Not Applicable,Straight and flat,Others,Bitumen(Tar),Dry,Not Applicable,Clear,"NEAR MADHURANAGARA VARTHURU BOYS HOSPITAL,MADHURANAGARA MAIN ROAD,BENGALORE",PEDESTRAIN  FELDOWN,21,12.93979,77.759812
Bengaluru City,Whitefield Traffic PS,1.04432e+16,2023,1,2,Road Accidents,Not Applicable,City/Town,Open area,Human Error,Yes,Grievous Injury,Vehicle to Vehicle,Not Applicable,Straight and flat,Others,Bitumen(Tar),Dry,Not Applicable,Clear,"NEAR ANJANEYA TEMPLAE ROAD,BALAGERE MAIN ROAD,BENGALORE",ELCTRIC POLL,30,12.939798,77.725011
Bengaluru City,Whitefield Traffic PS,1.04432e+16,2023,1,2,Road Accidents,Junction,City/Town,Open area,Human Error,Yes,Grievous Injury,Vehicle to Vehicle,No signal lights,Straight and flat,Others,Bitumen(Tar),Dry,Not Applicable,Clear,"BPL JUCTION ,NEAR KADUGODI TREE PARK METRO STATION,I T P L -DINNURU MAIN ROAD,BENGALORE",ELCTRIC POLL,39,12.985231,77.747999
Bengaluru City,Whitefield Traffic PS,1.04432e+16,2023,1,2,Road Accidents,Narrow road,City/Town,Near School or College,Human Error,No,Grievous Injury,Vehicle to Vehicle,Uncontrolled,Straight and flat,Arterial,Bitumen(Tar),Dry,No influence on accident,Clear,"GOVT HIGH SCHOOL GROUND RD, HAGADURU-IMMADIHALLI MN RD,",ELECTRIC POLE,61,12.964759,77.758742
Bengaluru City,Whitefield Traffic PS,1.04432e+16,2023,1,1,Road Accidents,Narrow road,City/Town,Residential area,Human Error,Not Applicable,Grievous Injury,Not Applicable,Not Applicable,Straight and flat,Two way,Bitumen(Tar),Not Applicable,Not Applicable,Clear,NR AMRUTH HEIGHTS APT NALLURAHALLI MN RD,NR AMRUTH HEIGHTS APT NALLURAHALLI MN RD,5 KM,12.969929,77.735104
Bengaluru City,Whitefield Traffic PS,1.04432e+16,2023,1,2,Road Accidents,Not Applicable,City/Town,Open area,Human Error,Yes,Damage Only,Vehicle to Vehicle,Not Applicable,Straight and flat,Others,Bitumen(Tar),Dry,Not Applicable,Clear,"NEAR VEERANJANEYA TEMPLE,RAMAGONGANAHALLI,VARTHURU KODI-KUNDALAHALLI MAIN ROAD,BENGALORE",18,18,12.956745,77.740166