DISTRICTNAME,UNITNAME,Crime_No,Year,RI,Noofvehicle_involved,Accident_Classification,Accident_Spot,Accident_Location,Accident_SubLocation,Main_Cause,Hit_Run,Severity,Collision_Type,Junction_Control,Road_Character,Road_Type,Surface_Type,Surface_Condition,Road_Condition,Weather,Accident_Road,Landmark_first,Distance_LandMark_First,Latitude,Longitude
Bengaluru City,Whitefield Traffic PS,1.04432e+16,2023,1,2,Road Accidents,Not Applicable,City/Town,Open area,Human Error,No,Grievous Injury,Vehicle to Vehicle,Not Applicable,Straight and flat,Others,Bitumen(Tar),Dry,Not Applicable,Clear,"NEAR AMBEDKAR STATUE,DINNURU MAIN ROAD,BENGALORE",PEDESTRAIN ANCHU,18,12.992651,77.753576
Bengaluru City,Whitefield Traffic PS,1.04432e+16,2023,1,1,Road Accidents,Not Applicable,City/Town,Near Petrol Pump,Human Error,Yes,Grievous Injury,Hit pedestrian,Not Applicable,Straight and flat,Others,Bitumen(Tar),Dry,Not Applicable,Clear,"NEAR SHELL PETROL BUNK,VARTHUR-GUNJURU MAIN ROAD,BENGALORE",ELCTRIC POLL,25,12.932321,77.742404
Bengaluru City,Whitefield Traffic PS,1.04432e+16,2023,1,1,Road Accidents,Narrow road,City/Town,Near office complex,Human Error,Yes,Fatal,Hit pedestrian,Not at  Junction,Straight and flat,Two way,Bitumen(Tar),Dry,Not Applicable,Clear,BALAGERE MAIN ROAD,INFRONT OF AAHAD ALUMINIUM SHOP,8.6 KM,0.0,0.0
Bengaluru City,Whitefield Traffic PS,1.04432e+16,2023,1,1,Road Accidents,Not Applicable,City/Town,Near a recreation place/cinema,Human Error,Yes,Fatal,Hit bicyclist,Uncontrolled,Straight and flat,Arterial,Bitumen(Tar),Dry,No influence on accident,Clear,"SATHISH REDDY HOUSE, BALAGERE MN RD",ELECTRIC POLE,33,0.0,0.0
Bengaluru City,Whitefield Traffic PS,1.04432e+16,2023,1,2,Road Accidents,Curves,City/Town,Near a recreation place/cinema,Human Error,No,Grievous Injury,Vehicle to Vehicle,Uncontrolled,Slight Curve,Arterial,Bitumen(Tar),Dry,No influence on accident,Clear,"NR DUGGALAMMA TEMPLE, VARTHURU RD",MEDIAN,17,0.0,0.0
Bengaluru City,Whitefield Traffic PS,1.04432e+16,2023,1,2,Road Accidents,Junction,City/Town,Near Hospital,Human Error,Yes,Grievous Injury,Vehicle to Vehicle,Not Applicable,Straight and flat,State Highway,Bitumen(Tar),Dry,Not Applicable,Clear,"NEAR RAMADEV MEDICAL ROAD,VARTHURU,BENGALORE",CRICLE,21,0.0,0.0
Bengaluru City,Whitefield Traffic PS,1.04432e+16,2023,1,1,Road Accidents,Narrow road,City/Town,Open area,Human Error,No,Grievous Injury,Not Applicable,Not at  Junction,Straight and flat,Two way,Bitumen(Tar),Not Applicable,Not Applicable,Clear,NALLURAHALLI G CROSS,NALLURAHALLI G CROSS,5.2,0.0,0.0
Bengaluru City,Whitefield Traffic PS,1.04432e+16,2023,1,1,Road Accidents,Not Applicable,City/Town,Near School or College,Human Error,No,Grievous Injury,Hit pedestrian,Not Applicable,Straight and flat,State Highway,Bitumen(Tar),Dry,Not Applicable,Clear,"NEAR AR CAR GARAGE,DINNURU MAIN ROAD,BENGALORE",ELCTRIC POLL,38,0.0,0.0
Bengaluru City,Whitefield Traffic PS,1.04432e+16,2023,1,2,Road Accidents,Narrow road,City/Town,Near office complex,Human Error,Yes,Grievous Injury,Vehicle to Vehicle,Not Applicable,Straight and flat,Two way,Bitumen(Tar),Dry,Not Applicable,Fine,"NEAR KADUGODI TREE PARK,ITPL MAIN ROAD,ITPL-HOPE FARM MAIN ROAD",KADUGODI TREE PARK,40 M,0.0,0.0
Bengaluru City,Whitefield Traffic PS,1.04432e+16,2023,1,1,Road Accidents,Not Applicable,City/Town,Open area,Human Error,Yes,Grievous Injury,Hit pedestrian,Not Applicable,Straight and flat,Others,Bitumen(Tar),Dry,Not Applicable,Clear,"INFORNT OF MYHNA HEIGHTS APT,GUNJURU-VARTHURU MAIN ROAD,BENGALORE",ELCTRIC POLL,38,0.0,0.0
Bengaluru City,Whitefield Traffic PS,1.04432e+16,2023,1,2,Road Accidents,Not Applicable,City/Town,Open area,Human Error,Yes,Grievous Injury,Vehicle to Vehicle,Not Applicable,Straight and flat,Others,Bitumen(Tar),Dry,Not Applicable,Clear,"NEAR GREEN HOUSE,VARTHURU MASJID ROAD,BENGALORE",ELCTRIC POLL,41,0.0,0.0
Bengaluru City,Whitefield Traffic PS,1.04432e+16,2023,1,2,Road Accidents,Junction,City/Town,Residential area,Human Error,Yes,Fatal,Vehicle to Vehicle,Uncontrolled,Straight and flat,State Highway,Bitumen(Tar),Dry,No influence on accident,Clear,"WHITEMEADOWS APT, WF MN RD",TREE,41,0.0,0.0
Bengaluru City,Whitefield Traffic PS,1.04432e+16,2023,1,1,Road Accidents,Narrow road,City/Town,Near office complex,Human Error,No,Grievous Injury,Not Applicable,Not at  Junction,Straight and flat,Two way,Bitumen(Tar),Others,Not Applicable,Clear,INFRONT OF SRINIVASA ENT,NALLURAHALLI,6KM,0.0,0.0
Bengaluru City,Whitefield Traffic PS,1.04432e+16,2023,1,2,Road Accidents,Junction,City/Town,Near Hospital,Human Error,No,Grievous Injury,Vehicle to Vehicle,No signal lights,Straight and flat,State Highway,Bitumen(Tar),Dry,Not Applicable,Clear,"AT VARTHURU KODI JUNCTION U TURN ROAD,BENGALORE",CEMENT PILLAR,42,12.957047,77.74542
Bengaluru City,Whitefield Traffic PS,1.04432e+16,2023,1,2,Road Accidents,Not Applicable,City/Town,Open area,Human Error,Yes,Grievous Injury,Vehicle to Vehicle,Not Applicable,Straight and flat,Others,Bitumen(Tar),Dry,Not Applicable,Clear,"NEAR HP GAS GODOWN ROAD,VARTHURU POLICE STATION,ROAD,BENGALORE",ELCTRIC POLL,20,12.93535,77.75204
Bengaluru City,Whitefield Traffic PS,1.04432e+16,2023,1,1,Road Accidents,Not Applicable,City/Town,Open area,Human Error,Yes,Grievous Injury,Hit pedestrian,Not Applicable,Straight and flat,Others,Bitumen(Tar),Dry,Not Applicable,Clear,"NEAR K S V K SCHOOL ROAD,HAGADURU,BENGLAORE",ELCTRIC POLL,7,12.964938,77.753617
Bengaluru City,Whitefield Traffic PS,1.04432e+16,2023,1,1,Road Accidents,Not Applicable,City/Town,Near School or College,Human Error,Yes,Grievous Injury,Hit pedestrian,Not Applicable,Straight and flat,Others,Bitumen(Tar),Dry,Not Applicable,Clear,"NEAR VYDEHI HOSPITAL AND JAIN HETTIGE SCHOOL,KANNAMANGALA -KANNAMANGALAGATE,BENGALORE",ELCTRIC POLL,14,13.03085,77.761034
Bengaluru City,Whitefield Traffic PS,1.04432e+16,2023,1,1,Road Accidents,Not Applicable,City/Town,Open area,Human Error,No,Grievous Injury,Hit pedestrian,Not Applicable,Straight and flat,Others,Bitumen(Tar),Dry,Not Applicable,Clear,"3 RD CROSS,AMBEDKAR NAGARA,WHITEFIELD FROM MUNISINGH MAIN ROAD,TOWARDS AMBEDKAR NAGARA, BENGALORE",ELCTRIC POLL,18,12.978754,77.753555
Bengaluru City,Whitefield Traffic PS,1.04432e+16,2023,1,2,Road Accidents,Not Applicable,Rural Areas,Open area,Human Error,Yes,Damage Only,Vehicle to Vehicle,Not Applicable,Straight and flat,Others,Bitumen(Tar),Dry,Not Applicable,Clear,"NEAR KACHAMARANAHALLI ,BLR",KRISHNA SHOP,15,12.910207,77.731493
Bengaluru City,Whitefield Traffic PS,1.04432e+16,2023,1,2,Road Accidents,Narrow road,City/Town,Residential area,Human Error,Yes,Grievous Injury,Vehicle to Vehicle,Not at  Junction,Not Applicable,Others,Bitumen(Tar),Not Applicable,Not Applicable,Clear,NR MANIPAL HOSPITAL EXIT GATE RD VARTHUR KODI WHITEFIELD,NR MANIPAL HOSPITAL EXIT GATE RD VARTHUR KODI WHITEFIELD,5.2 KM,12.958437,77.746041
Bengaluru City,Whitefield Traffic PS,1.04432e+16,2023,1,2,Road Accidents,Narrow road,City/Town,Near Petrol Pump,Human Error,Yes,Grievous Injury,Vehicle to Vehicle,Not Applicable,Straight and flat,Two way,Bitumen(Tar),Dry,Not Applicable,Clear,NEAR BHARATH PETROL BUNK,NEAR BHARATH PETROL BUNK,4.2 KM,0.0,0.0
Bengaluru City,Whitefield Traffic PS,1.04432e+16,2023,1,2,Road Accidents,Junction,City/Town,Open area,Human Error,Yes,Grievous Injury,Vehicle to Vehicle,Not Applicable,Straight and flat,One way,Bitumen(Tar),Not Applicable,Not Applicable,Clear,CONTIANER YARD JUNCTION ITPL MAIN ROAD,CONTIANER YARD JUNCTION ITPL MAIN ROAD,3 KM,0.0,0.0
Bengaluru City,Whitefield Traffic PS,1.04432e+16,2023,1,2,Road Accidents,Narrow road,City/Town,Near School or College,Human Error,Yes,Grievous Injury,Vehicle to Vehicle,Not at  Junction,Straight and flat,One way,Bitumen(Tar),Not Applicable,Not Applicable,Clear,INFRONT OF MVJ COLLEGE ROAD,INFRONT OF MVJ COLLEGE ROAD,3.4 KM,0.0,0.0
Bengaluru City,Whitefield Traffic PS,1.04432e+16,2023,1,2,Road Accidents,Not Applicable,City/Town,Residential area,Human Error,Yes,Fatal,Vehicle to Vehicle,Not Applicable,Straight and flat,Others,Bitumen(Tar),Dry,Not Applicable,Clear,"OPP TO INDIAN CHICKEN CENTER,NEAR GURUSHREE BAR ,IMMADIHALLI MAIN ROAD,BENGALORE",PEDESTRIAN ANCH,15,0.0,0.0
Bengaluru City,Whitefield Traffic PS,1.04432e+16,2023,1,2,Road Accidents,Not Applicable,City/Town,Open area,Human Error,No,Fatal,Vehicle to Vehicle,Not Applicable,Straight and flat,Others,Bitumen(Tar),Dry,Not Applicable,Clear,"OPP HOPSHAUS RESTAURANT,WHITEFIELD MAIN ROAD,BENGALORE",STREET LIGHT,22,0.0,0.0
Bengaluru City,Whitefield Traffic PS,1.04432e+16,2023,1,2,Road Accidents,Junction,City/Town,Open area,Human Error,Yes,Grievous Injury,Vehicle to Vehicle,Not Applicable,Straight and flat,One way,Bitumen(Tar),Not Applicable,Not Applicable,Clear,INFRONT OF St TERESA NOVITIATE,INFRONT OF St TERESA NOVITIATE,4.5 KM,0.0,0.0
Bengaluru City,Whitefield Traffic PS,1.04432e+16,2023,1,2,Road Accidents,Curves,City/Town,Open area,Human Error,Yes,Grievous Injury,Vehicle to Vehicle,Uncontrolled,Straight and flat,Arterial,Bitumen(Tar),Dry,Not Applicable,Clear,"NR POWER PLAY CRICKET GROUND, SRI SRI RAVISHANKAR SCHOOL RD-MUTHANALLURU CR MN RD, BENGALURU CITY",TREE,62,0.0,0.0
Bengaluru City,Whitefield Traffic PS,1.04432e+16,2023,1,2,Road Accidents,Circle,City/Town,Near a religious place,Human Error,Yes,Grievous Injury,Vehicle to Vehicle,Uncontrolled,Straight and flat,Arterial,Bitumen(Tar),Dry,No influence on accident,Clear,"NR BPL JUNCTION, ITP MN RD, BENGALURU CITY",LIGHT,62,0.0,0.0
Bengaluru City,Whitefield Traffic PS,1.04432e+16,2023,1,3,Road Accidents,Junction,City/Town,Open area,Human Error,No,Fatal,Vehicle to Vehicle,Uncontrolled,Straight and flat,Arterial,Bitumen(Tar),Dry,No influence on accident,Clear,"KHAJISONNENAHALLI JN, KANNAMANGALA",CENTER MEDIAN,33,13.034611,77.75093
Bengaluru City,Whitefield Traffic PS,1.04432e+16,2023,1,2,Road Accidents,Junction,City/Town,Near office complex,Human Error,Yes,Grievous Injury,Vehicle to Vehicle,Not Applicable,Straight and flat,State Highway,Bitumen(Tar),Others,Not Applicable,Clear,NR BELTHUR JUNCTION,NR BELTHUR JUNCTION,2KM,0.0,0.0
Bengaluru City,Whitefield Traffic PS,1.04432e+16,2023,1,2,Road Accidents,Not Applicable,City/Town,Open area,Human Error,No,Fatal,Vehicle to Vehicle,Uncontrolled,Straight and flat,State Highway,Bitumen(Tar),Dry,Not Applicable,Clear,"OPP K R ENTERPRISES, GUNJURU-DOMMASANDRA MN RD",TREE,39,0.0,0.0
Bengaluru City,Whitefield Traffic PS,1.04432e+16,2023,1,2,Road Accidents,Not Applicable,City/Town,Open area,Human Error,No,Grievous Injury,Vehicle to Vehicle,Not Applicable,Straight and flat,State Highway,Bitumen(Tar),Dry,Not Applicable,Clear,"SATYA SAI BABA ASHRAMA & INFORNT OF SATYA SAI GUKLAM GATE ROAD,U RURN,BENALORE",ELCTRIC POLL,30,13.001585,77.756931
Bengaluru City,Whitefield Traffic PS,1.04432e+16,2023,1,2,Road Accidents,Not Applicable,City/Town,Open area,Human Error,Not Applicable,Fatal,Vehicle to Vehicle,Not Applicable,Straight and flat,Others,Bitumen(Tar),Dry,Not Applicable,Clear,"NEAR SBS DRIVING SCHOOL ROAD,SEEGEHALLI,BENGALORE",PEDESTRAIN ANCHU,19,13.011864,77.760318
Bengaluru City,Whitefield Traffic PS,1.04432e+16,2023,1,1,Road Accidents,Not Applicable,City/Town,Near Hospital,Human Error,Yes,Grievous Injury,Not Applicable,Not Applicable,Straight and flat,State Highway,Bitumen(Tar),Dry,Not Applicable,Clear,"AT AAXIS HOSPITAL ROAD,KADUGODI-HOSAKOTE MAIN ROAD,BENGALORE",ELCTRIC POLL,17,13.009278,77.758839
Bengaluru City,Whitefield Traffic PS,1.04432e+16,2023,1,2,Road Accidents,Not Applicable,City/Town,Open area,Human Error,No,Grievous Injury,Vehicle to Vehicle,Not Applicable,Straight and flat,Others,Bitumen(Tar),Dry,Not Applicable,Clear,"VYDEHI JUNCTION ,I T P L TOWARDS BROOKFIELD,BENGALORE",ELCTRIC POLL,8,12.981797,77.722707
Bengaluru City,Whitefield Traffic PS,1.04432e+16,2023,1,1,Road Accidents,Not Applicable,City/Town,Open area,Human Error,Yes,Grievous Injury,Hit pedestrian,Not Applicable,Straight and flat,Others,Bitumen(Tar),Dry,Not Applicable,Clear,"NEAR AYYAPPA TEMPLE,BELATHURU MAIN ROAD,KADUGODI,BENGALORE",NOTICE BORD,18,13.005106,77.755285
Bengaluru City,Whitefield Traffic PS,1.04432e+16,2023,1,3,Road Accidents,Narrow road,City/Town,Open area,Human Error,Yes,Damage Only,Vehicle to Vehicle,Not at  Junction,Straight and flat,Two way,Bitumen(Tar),Not Applicable,Not Applicable,Clear,INFRONT OF HP PETROL BUNK RD,INFRONT OF HP PETROL BUNK RD,3 KM,12.965562,77.733386
Bengaluru City,Whitefield Traffic PS,1.04432e+16,2023,1,2,Road Accidents,Junction,City/Town,Near office complex,Human Error,No,Grievous Injury,Vehicle to Vehicle,Uncontrolled,Straight and flat,Arterial,Bitumen(Tar),Dry,No influence on accident,Clear,"SBR GROUP BLDG, KADUGOD HOSKOTE MN RD",STREET LIGHT,30,0.0,0.0
Bengaluru City,Whitefield Traffic PS,1.04432e+16,2023,1,2,Road Accidents,Not Applicable,City/Town,Near Bus stop,Human Error,Not Applicable,Grievous Injury,Vehicle to Vehicle,Not at  Junction,Straight and flat,Others,Bitumen(Tar),Dry,Not Applicable,Clear,"FROM THUBARAHALLI MAIN ROAD,TOWARDS VIBGYOR ROAD,BENGALORE",ELCTRIC POLL,57,0.0,0.0
Bengaluru City,Whitefield Traffic PS,1.04432e+16,2023,1,1,Road Accidents,Not Applicable,City/Town,Residential area,Human Error,No,Fatal,Hit pedestrian,Not Applicable,Straight and flat,Others,Bitumen(Tar),Dry,Not Applicable,Clear,"OPP SUKCHAND HOUSE,DENESH LABOUR SHED ROAD,VISVESHWARAIAH ROAD,PATTAMDRURU AGRRAHARA,WHITEFIELD ,BEN",MUSTAPA SARDAR,4,0.0,0.0
Bengaluru City,Whitefield Traffic PS,1.04432e+16,2023,1,2,Road Accidents,Not Applicable,City/Town,Open area,Human Error,No,Grievous Injury,Vehicle to Vehicle,Not Applicable,Straight and flat,Others,Bitumen(Tar),Dry,Not Applicable,Clear,"NEAR ANJANEYA TEMPAL ROAD,VARTHURU -BALAGERE MAIN ROAD,BENGALROE",PEDESTRAIN ANCHU,8,12.978754,77.753555
Bengaluru City,Whitefield Traffic PS,1.04432e+16,2023,1,5,Road Accidents,Not Applicable,City/Town,Open area,Human Error,Yes,Grievous Injury,Vehicle to Vehicle,Not Applicable,Straight and flat,Others,Bitumen(Tar),Dry,Not Applicable,Clear,"INFORNT OF YAMAHA SHOWROOM,WHITEFIELD,BENGALORE",CENTER MEDIA ANCHU,5,12.962855,77.748082
Bengaluru City,Whitefield Traffic PS,1.04432e+16,2023,1,2,Road Accidents,Not Applicable,City/Town,Residential area,Human Error,No,Damage Only,Vehicle to Vehicle,Uncontrolled,Straight and flat,Arterial,Bitumen(Tar),Dry,No influence on accident,Fine,"NR VIBGYOR U TURN, KUNDALAHALLI-THUBARAHALLI MN RD",ELECTRIC POLE,28,0.0,0.0
Bengaluru City,Whitefield Traffic PS,1.04432e+16,2023,1,2,Road Accidents,Narrow road,City/Town,Near office complex,Human Error,Yes,Damage Only,Vehicle to Vehicle,Not Applicable,Straight and flat,One way,Bitumen(Tar),Not Applicable,Not Applicable,Clear,OPP TO DEVI EYE CLINIC,OPP TO DEVI EYE CLINIC,6 KM,0.0,0.0
Bengaluru City,Whitefield Traffic PS,1.04432e+16,2023,1,2,Road Accidents,Not Applicable,City/Town,Near Hospital,Human Error,Yes,Grievous Injury,Vehicle to Vehicle,Not Applicable,Straight and flat,State Highway,Bitumen(Tar),Dry,Not Applicable,Clear,"INFRONT OF MANIPAL HOSPITAL EXIT GATE ROAD,WHITEFIELD MAIN ROAD,BENGALORE",CENTER MEDIA ANCHU,20,0.0,0.0
Bengaluru City,Whitefield Traffic PS,1.04432e+16,2023,1,2,Road Accidents,Not Applicable,City/Town,Near a recreation place/cinema,Human Error,Yes,Grievous Injury,Vehicle to Vehicle,Uncontrolled,Straight and flat,Two way,Bitumen(Tar),Dry,No influence on accident,Clear,KAVERY BEKARY,ELECTRIC POLE,34,0.0,0.0
Bengaluru City,Whitefield Traffic PS,1.04432e+16,2023,1,2,Road Accidents,Not Applicable,City/Town,Open area,Human Error,Yes,Grievous Injury,Vehicle to Vehicle,Not Applicable,Straight and flat,Others,Bitumen(Tar),Dry,Not Applicable,Clear,"NEAR BAIRAPPA LAYOUT CROSS,WHITEFIELD MAIN ROAD,BENGALORE",ELCTRIC POLL,32,0.0,0.0
Bengaluru City,Whitefield Traffic PS,1.04432e+16,2023,1,1,Road Accidents,Not Applicable,City/Town,Near Bus stop,Human Error,Not Applicable,Grievous Injury,Not Applicable,Not Applicable,Straight and flat,State Highway,Bitumen(Tar),Dry,Not Applicable,Clear,"INFORNT OF ANJANEYA TEMPAL,KANNAMANNGALA JUCTION,HOSAKOTE-KADUGODI MAIN ROAD,BENGALORE",GREEN TREE,8,0.0,0.0
Bengaluru City,Whitefield Traffic PS,1.04432e+16,2023,1,2,Road Accidents,Not Applicable,City/Town,Open area,Human Error,Yes,Damage Only,Vehicle to Vehicle,Not Applicable,Straight and flat,Others,Bitumen(Tar),Dry,Not Applicable,Clear,"NEAR JADE N TAN SHOP,AT KUNDALAHALLI GATE JUNCTION,BENGALORE",UNDER PASS ANCHU,2,12.955715,77.715585
Bengaluru City,Whitefield Traffic PS,1.04432e+16,2023,1,2,Road Accidents,Not Applicable,City/Town,Near Bus stop,Human Error,Yes,Damage Only,Vehicle to Vehicle,Not Applicable,Straight and flat,State Highway,Bitumen(Tar),Dry,Not Applicable,Clear,"INFORNT OF AWHO APT,NEAR BEVINAMARA BUS STOP,HOSKOTE-WHITEFIELD MAIN ROAD,BENGALORE",ELCTRIC POLL,20,13.024856,77.761528
Bengaluru City,Whitefield Traffic PS,1.04432e+16,2023,1,1,Road Accidents,Not Applicable,City/Town,Open area,Human Error,No,Grievous Injury,Hit bicyclist,Not Applicable,Straight and flat,Others,Bitumen(Tar),Dry,Not Applicable,Clear,"OPPOSITE EXCEL FORMAL &INSPIRATION SCHOOL,SIDDAPURA-THUBARAHALLI MAIN ROAD,BENGALROE",ELCTRIC POLL,48,12.966421,77.733591
Bengaluru City,Whitefield Traffic PS,1.04432e+16,2023,1,2,Road Accidents,Not Applicable,City/Town,Near Bus stop,Human Error,Yes,Damage Only,Vehicle to Vehicle,Not Applicable,Straight and flat,State Highway,Bitumen(Tar),Dry,Not Applicable,Clear,"KANNAMANGALA GATE,KADUGODI TOWARDS ,HOSAKOTE MAIN ROAD,BENGALORE",GREEN TREE,26,13.032091,77.758566
Bengaluru City,Whitefield Traffic PS,1.04432e+16,2023,1,1,Road Accidents,Not Applicable,City/Town,Open area,Human Error,No,Fatal,Hit pedestrian,Uncontrolled,Straight and flat,Arterial,Bitumen(Tar),Dry,No influence on accident,Clear,"SBR GROUP, OPP SAI PALACE HOTEL, KADUGODI HOSAKOTE MN RD",ELECTRIC POLE,115,13.00754,77.757132
Bengaluru City,Whitefield Traffic PS,1.04432e+16,2023,1,2,Road Accidents,Not Applicable,City/Town,Open area,Human Error,Yes,Damage Only,Vehicle to Vehicle,Not Applicable,Straight and flat,State Highway,Bitumen(Tar),Dry,Not Applicable,Clear,"INFORNT OF UDUPI GARDEN HOTEL,FROM TANSI HONDA ,SHOWROOM TOWARDS UDUPI HOTEL,GUNJURU-VARTHURU MAIN R",ELCTRIC POLL,30,12.928942,77.739624
Bengaluru City,Whitefield Traffic PS,1.04432e+16,2023,1,2,Road Accidents,Not Applicable,City/Town,Open area,Human Error,Yes,Grievous Injury,Vehicle to Vehicle,Not Applicable,Straight and flat,State Highway,Bitumen(Tar),Dry,Not Applicable,Clear,"NEAR VARTHURU KODI ,WHITEFIELD -VARTHURU MAIN ROAD,BENGALORE",PADACHARI ANCHU,16,12.956979,77.745395
Bengaluru City,Whitefield Traffic PS,1.04432e+16,2023,1,1,Road Accidents,Not Applicable,City/Town,Open area,Human Error,Yes,Grievous Injury,Hit pedestrian,Not Applicable,Straight and flat,Others,Bitumen(Tar),Dry,Not Applicable,Clear,"KADUGODI CHIKKA RAILWAY GATE,CHANNASANDRA-KADUGODI MAIN ROAD,BENGALORE",ELCTRIC POLL,56,12.995702,77.765031
Bengaluru City,Whitefield Traffic PS,1.04432e+16,2023,1,2,Road Accidents,Not Applicable,City/Town,Open area,Human Error,Yes,Fatal,Vehicle to Vehicle,Not Applicable,Straight and flat,Others,Bitumen(Tar),Dry,Not Applicable,Clear,"FROM GUNJURU TOWARDS VARTHURU,BENGALORE",WHERE THE REAR RIDER FELL DOWN,8,12.93623,77.744518
Bengaluru City,Whitefield Traffic PS,1.04432e+16,2023,1,1,Road Accidents,Not Applicable,City/Town,Open area,Human Error,Not Applicable,Simple Injury,Not Applicable,Not Applicable,Straight and flat,Others,Bitumen(Tar),Dry,Not Applicable,Clear,"NEAR D MART ,SIDDAPURA,BENGALORE",VEHICLES FELDOWN PLACE,15,12.955955,77.728686
Bengaluru City,Whitefield Traffic PS,1.04432e+16,2023,1,2,Road Accidents,Not Applicable,City/Town,Open area,Human Error,Yes,Grievous Injury,Vehicle to Vehicle,Not Applicable,Straight and flat,Others,Bitumen(Tar),Dry,Not Applicable,Clear,"NEAR DISHA PARK WEST APARTMENT,BALAGERE MAIN ROAD,BENGALORE",PEDESTRAIN ANCHU,12,12.938634,77.711782
Bengaluru City,Whitefield Traffic PS,1.04432e+16,2023,1,1,Road Accidents,Not Applicable,City/Town,Open area,Human Error,Not Applicable,Grievous Injury,Hit pedestrian,Not Applicable,Straight and flat,Others,Bitumen(Tar),Dry,Not Applicable,Clear,"NEAR METRO PILLAER NO;BP 315-B4 ROAD,VYDEHI KUNDALAHALLI ROAD,BENGALORE",ELCTRIC POLL,25,12.977255,77.719251
Bengaluru City,Whitefield Traffic PS,1.04432e+16,2023,1,2,Road Accidents,Not Applicable,City/Town,Open area,Human Error,Yes,Fatal,Vehicle to Vehicle,Uncontrolled,Straight and flat,Arterial,Bitumen(Tar),Dry,No influence on accident,Clear,"GOVINDARAJU LAND, KHAJISONNENAHALLI MN RD",COCONUT TREE,23,13.036046,77.77878
Bengaluru City,Whitefield Traffic PS,1.04432e+16,2023,1,2,Road Accidents,Not Applicable,City/Town,Open area,Human Error,Yes,Grievous Injury,Vehicle to Vehicle,Not Applicable,Straight and flat,Others,Bitumen(Tar),Dry,Not Applicable,Clear,"INFORNT OF APOLLO PHARMACY,VARTHURU-BALAGERE MAIN ROAD,BENGALORE",CENTER MEDIA ANCHU,13,12.984462,77.750293
Bengaluru City,Whitefield Traffic PS,1.04432e+16,2023,1,2,Road Accidents,Not Applicable,City/Town,Residential area,Human Error,Yes,Grievous Injury,Vehicle to Vehicle,Not at  Junction,Not Applicable,Others,Bitumen(Tar),Not Applicable,Not Applicable,Not Applicable,"INFRONT OF REDIANS APT, CARMELARAM KRUPANIDHI MN RD",INFRONT OF REDIANS APT CARMELARAM KRUPANIDHI MN RD,5 KM,12.914924,77.71704
Bengaluru City,Whitefield Traffic PS,1.04432e+16,2023,1,1,Road Accidents,Not Applicable,City/Town,Open area,Human Error,No,Grievous Injury,Not Applicable,Not Applicable,Straight and flat,Others,Bitumen(Tar),Dry,Not Applicable,Clear,"NEAR BRIGADE PARIMALA APARTMENT,SIDDAPURA TUBARAHALLI MAIN ROAD,BENGALORE",GREEN TREE,34,12.956205,77.727724
Bengaluru City,Whitefield Traffic PS,1.04432e+16,2023,1,2,Road Accidents,Not Applicable,City/Town,Near Bus stop,Human Error,Yes,Grievous Injury,Vehicle to Vehicle,Not Applicable,Straight and flat,State Highway,Bitumen(Tar),Dry,Not Applicable,Clear,"INFRINT OF ROLLA MARKET ROAD,SEEGEHALLI-KADUGODI MAIN ROAD,BENGALORE",TOWARD ROLLA GATE,20,0.0,0.0
Bengaluru City,Whitefield Traffic PS,1.04432e+16,2023,1,1,Road Accidents,Not Applicable,City/Town,Residential area,Human Error,Yes,Grievous Injury,Hit pedestrian,Not Applicable,Straight and flat,Others,Bitumen(Tar),Dry,Not Applicable,Clear,"INSIDE PREMISES OF SUMADHURA SILVER RIPPLES APT,BOREWELL ROAD,WHITEFIELD,BENGALORE",ELCTRIC POLL,32,0.0,0.0
Bengaluru City,Whitefield Traffic PS,1.04432e+16,2023,1,2,Road Accidents,Junction,City/Town,Near Hospital,Human Error,Yes,Grievous Injury,Vehicle to Vehicle,No signal lights,Straight and flat,Others,Bitumen(Tar),Dry,Not Applicable,Clear,"HOSA ROAD JUNCTION,CHANNASANDRA ROAD,BENGALORE",ELCTRIC POLL,19,0.0,0.0
Bengaluru City,Whitefield Traffic PS,1.04432e+16,2023,1,1,Road Accidents,Narrow road,City/Town,Near office complex,Human Error,Yes,Grievous Injury,Hit pedestrian,Not at  Junction,Straight and flat,One way,Bitumen(Tar),Not Applicable,Not Applicable,Clear,"INFRONT OF STERLING APT, HOSKOTE-KADUGODI MN RD",INFRONT OF STERLING APT,2 KM,0.0,0.0
Bengaluru City,Whitefield Traffic PS,1.04432e+16,2023,1,1,Road Accidents,Not Applicable,City/Town,Residential area,Not Applicable,No,Fatal,Hit pedestrian,Uncontrolled,Straight and flat,Arterial,Bitumen(Tar),Dry,No influence on accident,Clear,"NO 83, 2ND MN RD, MYTHRI LYT, NR HOPEFARM, WHITEFIELD, BENGALURU CITY",TREE,20,0.0,0.0
Bengaluru City,Whitefield Traffic PS,1.04432e+16,2023,1,2,Road Accidents,Junction,City/Town,Near office complex,Human Error,Yes,Damage Only,Vehicle to Vehicle,Signal lights Automatic,Straight and flat,State Highway,Bitumen(Tar),Dry,Not Applicable,Clear,"AT HOPE FARM JUCTION,BENGALORE",PEDESTRAIN ANCHU,15,0.0,0.0
Bengaluru City,Whitefield Traffic PS,1.04432e+16,2023,1,2,Road Accidents,Narrow road,City/Town,Near office complex,Human Error,Yes,Grievous Injury,Vehicle to Vehicle,Police / Manual,Straight and flat,Two way,Bitumen(Tar),Dry,Not Applicable,Fine,"FROM SEEGEHALLI TOWORDS BELTHURU,",STARLING VILLA APARTMENT,30M,0.0,0.0
Bengaluru City,Whitefield Traffic PS,1.04432e+16,2023,1,2,Road Accidents,Not Applicable,City/Town,Open area,Human Error,Yes,Damage Only,Vehicle to Vehicle,Not at  Junction,Straight and flat,Others,Bitumen(Tar),Dry,Not Applicable,Clear,"INFORNT OF VARTHURU POLICE STATION  ROAD,FROM GUNJUR TOWARDS VARTHURU,BENGALORE",CENTER MEDAIN ANCHU,11,12.937685,77.756178
Bengaluru City,Whitefield Traffic PS,1.04432e+16,2023,1,2,Road Accidents,Junction,City/Town,Near Petrol Pump,Human Error,Yes,Grievous Injury,Vehicle to Vehicle,Uncontrolled,Straight and flat,Arterial,Bitumen(Tar),Dry,No influence on accident,Clear,"HP PETROL BUNK, SEEGEHALLI",TREE,68,0.0,0.0
Bengaluru City,Whitefield Traffic PS,1.04432e+16,2023,1,2,Road Accidents,Not Applicable,City/Town,Open area,Human Error,Yes,Grievous Injury,Vehicle to Vehicle,Not Applicable,Straight and flat,Others,Bitumen(Tar),Dry,Not Applicable,Clear,"INFORNT OF SRIKRISHNA TEMPAL,NEAR POST OFFICE,WHITEFIELD MAIN ROAD TOWARDS BOREWELL ROAD,BENGALORE",ELCTRIC POLL,18,12.968431,77.747915