DISTRICTNAME,UNITNAME,Crime_No,Year,RI,Noofvehicle_involved,Accident_Classification,Accident_Spot,Accident_Location,Accident_SubLocation,Main_Cause,Hit_Run,Severity,Collision_Type,Junction_Control,Road_Character,Road_Type,Surface_Type,Surface_Condition,Road_Condition,Weather,Accident_Road,Landmark_first,Distance_LandMark_First,Latitude,Longitude
Bengaluru City,Whitefield Traffic PS,1.04432e+16,2023,1,1,Road Accidents,Not Applicable,City/Town,Open area,Human Error,Yes,Grievous Injury,Vehicle to Vehicle,Not Applicable,Straight and flat,Others,Bitumen(Tar),Dry,Not Applicable,Clear,"AT I T P L MAIN ROAD U TURN,BENGALORE",METRO PILLAR,13,0.0,0.0
Bengaluru City,Whitefield Traffic PS,1.04432e+16,2023,1,2,Road Accidents,Not Applicable,City/Town,Residential area,Human Error,Yes,Damage Only,Vehicle to Vehicle,Not Applicable,Straight and flat,Others,Bitumen(Tar),Dry,Not Applicable,Clear,"NEAR LAUGHING  WATERS MAIN GATE,FROM VARTHURU KODI & TAKING A U TURN BENGALORE",ELCTRIC POLL,18,12.956934,77.735992
Bengaluru City,Whitefield Traffic PS,1.04432e+16,2023,1,1,Road Accidents,Not Applicable,City/Town,Open area,Human Error,Yes,Fatal,Not Applicable,Not Applicable,Straight and flat,Others,Bitumen(Tar),Dry,Not Applicable,Clear,"INFORNT OF SREE RAM SAMRUDDHI APT GATE NO.05,VIBGYOR SCHOOL ROAD,BENGALORE",ELCTRIC POLL,15,12.952491,77.717483
Bengaluru City,Whitefield Traffic PS,1.04432e+16,2023,1,2,Road Accidents,Not Applicable,City/Town,Open area,Human Error,Yes,Grievous Injury,Vehicle to Vehicle,Not Applicable,Straight and flat,Others,Bitumen(Tar),Dry,Not Applicable,Clear,"INFORNT OF HINDUSTAN UNILEVER RESEARCH CENTER,WHITEFIELD,BENGALORE",ELCTRIC POLL,15,0.0,0.0
Bengaluru City,Whitefield Traffic PS,1.04432e+16,2023,1,2,Road Accidents,Not Applicable,City/Town,Near Hospital,Human Error,No,Grievous Injury,Vehicle to Vehicle,Not Applicable,Straight and flat,Others,Bitumen(Tar),Dry,Not Applicable,Clear,"NEAR ASTER HOSPITAL,I T P L -ASTER HOSPITAL MAIN ROAD,BENGALORE",TRAFFIC NOTICE BOARD,18,12.989564,77.73338
Bengaluru City,Whitefield Traffic PS,1.04432e+16,2023,1,1,Road Accidents,Not Applicable,City/Town,Open area,Human Error,Not Applicable,Fatal,Not Applicable,Not Applicable,Straight and flat,Others,Bitumen(Tar),Dry,Not Applicable,Clear,"NEAR GANESHA NURSERY ,FROM GUNJURU TOWARDS DOMMASANDRA,BENGALORE",GREEN TREE,51,12.910703,77.742208
Bengaluru City,Whitefield Traffic PS,1.04432e+16,2023,1,1,Road Accidents,Not Applicable,City/Town,Near School or College,Human Error,No,Fatal,Not Applicable,Not Applicable,Straight and flat,State Highway,Bitumen(Tar),Dry,Not Applicable,Clear,"INFRONT OF UJJVAL SCHOOL ROAD,KADUGODI-HOPE FARM MAIN ROAD,BENGALORE",TRAFFIC NOTICE BOARD,24,0.0,0.0
Bengaluru City,Whitefield Traffic PS,1.04432e+16,2023,1,2,Road Accidents,Not Applicable,City/Town,Near a recreation place/cinema,Human Error,Yes,Grievous Injury,Vehicle to Vehicle,Uncontrolled,Straight and flat,Arterial,Bitumen(Tar),Dry,No influence on accident,Clear,"HOPEFARM JUNCTION, ITPL MN RD",STREET LIGHT,32,0.0,0.0
Bengaluru City,Whitefield Traffic PS,1.04432e+16,2023,1,2,Road Accidents,Narrow road,City/Town,Near School or College,Human Error,Yes,Grievous Injury,Vehicle to Vehicle,Not at  Junction,Straight and flat,Others,Bitumen(Tar),Not Applicable,Not Applicable,Clear,VARTHUR GOVT SCHOOL ROAD,VARTHUR GOVT SCHOOL ROAD,7 KM,0.0,0.0
Bengaluru City,Whitefield Traffic PS,1.04432e+16,2023,1,1,Road Accidents,Junction,City/Town,Open area,Human Error,No,Fatal,Hit pedestrian,Not Applicable,Straight and flat,One way,Bitumen(Tar),Not Applicable,Not Applicable,Clear,NR CONTAINER YARD JUNCTION,NR CONTAINER YARD JUNCTION,03KM,0.0,0.0
Bengaluru City,Whitefield Traffic PS,1.04432e+16,2023,1,1,Road Accidents,Not Applicable,City/Town,Open area,Human Error,Yes,Grievous Injury,Hit pedestrian,Not Applicable,Straight and flat,Others,Bitumen(Tar),Dry,Not Applicable,Clear,"NEAR TEA SHOP,PANATURU BRIDGE,BENGALORE",CEMENT COMPOUND,44,0.0,0.0
Bengaluru City,Whitefield Traffic PS,1.04432e+16,2023,1,2,Road Accidents,Not Applicable,City/Town,Open area,Human Error,Yes,Grievous Injury,Vehicle to Vehicle,Not Applicable,Straight and flat,Others,Bitumen(Tar),Dry,Not Applicable,Clear,"OPPOSITE SHANTHINIKETAN GATE NO-03,I T P L MAIN ROAD,WHITEFIELD,BENGALORE",GREEN TREE,24,0.0,0.0
Bengaluru City,Whitefield Traffic PS,1.04432e+16,2023,1,1,Road Accidents,Narrow road,City/Town,Residential area,Human Error,Yes,Grievous Injury,Hit pedestrian,Not Applicable,Straight and flat,Two way,Bitumen(Tar),Not Applicable,Not Applicable,Clear,OPP TO SANSAR CENTER HYPER MARKET,ELCTRIC POLL,38,0.0,0.0
Bengaluru City,Whitefield Traffic PS,1.04432e+16,2023,1,2,Road Accidents,Not Applicable,City/Town,Near School or College,Human Error,Not Applicable,Grievous Injury,Vehicle to Vehicle,Not Applicable,Straight and flat,State Highway,Bitumen(Tar),Dry,Not Applicable,Clear,"NEAR UJJAVAL SCHOOL,HOPE FARM,BENGALORE",Metro Piller No 468,10,0.0,0.0
Bengaluru City,Whitefield Traffic PS,1.04432e+16,2023,1,1,Road Accidents,Not Applicable,City/Town,Open area,Human Error,Yes,Grievous Injury,Hit pedestrian,Not Applicable,Straight and flat,Others,Bitumen(Tar),Dry,Not Applicable,Clear,"INFORNT OF MODERN TILES,VARTHURU-GUNJURU MAIN ROAD,BNEGALORE",PEDESTRAIN ANCHU,3,0.0,0.0
Bengaluru City,Whitefield Traffic PS,1.04432e+16,2023,1,1,Road Accidents,Not Applicable,City/Town,Near office complex,Human Error,Yes,Grievous Injury,Hit pedestrian,Uncontrolled,Straight and flat,Arterial,Bitumen(Tar),Ditch or Potholed,Not Applicable,Clear,"THUBARAHALLI LIBRARY, KUNDALAHALLI-VARTHURU KODI MN RD",STREET LIGHT,47,0.0,0.0
Bengaluru City,Whitefield Traffic PS,1.04432e+16,2023,1,2,Road Accidents,Junction,City/Town,Near Bus stop,Human Error,Yes,Grievous Injury,Vehicle to Vehicle,Uncontrolled,Straight and flat,Arterial,Bitumen(Tar),Dry,No influence on accident,Clear,"NR BPL LJN, DINNUR-ITPL MN RD",STREET LIGHT,41,0.0,0.0
Bengaluru City,Whitefield Traffic PS,1.04432e+16,2023,1,3,Road Accidents,Not Applicable,City/Town,Open area,Human Error,No,Fatal,Vehicle to Vehicle,Not Applicable,Straight and flat,Others,Bitumen(Tar),Dry,Not Applicable,Clear,"INFORNT OF LITTLE GEM HOUSE OLD NO;19 &NEW NO;672,WHITEFIELD MAIN ROAD,BENGALORE",ELCTRIC POLL,30,0.0,0.0
Bengaluru City,Whitefield Traffic PS,1.04432e+16,2023,1,1,Road Accidents,Not Applicable,City/Town,Residential area,Human Error,Yes,Grievous Injury,Hit pedestrian,Not Applicable,Straight and flat,Others,Bitumen(Tar),Dry,Not Applicable,Clear,"BETWEEN APOLLO MEDICALS AND SBI BANK ROAD,BALAGERE MAIN ROAD,BENGALORE",APARTMENT GATE,22,12.939353,77.735871
Bengaluru City,Whitefield Traffic PS,1.04432e+16,2023,1,2,Road Accidents,Not Applicable,City/Town,Open area,Human Error,Yes,Grievous Injury,Vehicle to Vehicle,Not Applicable,Straight and flat,Others,Bitumen(Tar),Dry,Not Applicable,Clear,"NEAR CHAITANYA'S GROUND FROM HOODI TOWARDS SADARAMANGALA,BENGALORE",ELCTRIC POLL,48,12.995819,77.72452
Bengaluru City,Whitefield Traffic PS,1.04432e+16,2023,1,2,Road Accidents,Not Applicable,City/Town,Open area,Human Error,Yes,Grievous Injury,Vehicle to Vehicle,Not Applicable,Straight and flat,Others,Bitumen(Tar),Dry,Not Applicable,Clear,"SHIVAKUNTAMMA TEMPAL,NAGONDANAHALLI MAIN ROAD,BENGALORE",PEDESTRAIN ANCHU,10,12.976016,77.763986
Bengaluru City,Whitefield Traffic PS,1.04432e+16,2023,1,2,Road Accidents,Narrow road,City/Town,Residential area,Human Error,Yes,Grievous Injury,Vehicle to Vehicle,Not at  Junction,Not Applicable,One way,Bitumen(Tar),Not Applicable,Not Applicable,Clear,NR HOPE FARM BUS STOP HOPE FARM,NR HOPE FARM BUS STOP HOPE FARM,1.5 KM,12.984435,77.752754
Bengaluru City,Whitefield Traffic PS,1.04432e+16,2023,1,1,Road Accidents,Narrow road,City/Town,Near or inside a village,Human Error,Yes,Grievous Injury,Hit pedestrian,Not at  Junction,Straight and flat,Two way,Bitumen(Tar),Dry,Not Applicable,Clear,INFRONT OF VINAYAKA MEDICALS SHOP ROAD,INFRONT OF VINAYAKA MEDICALS SHOP ROAD,1.6KM,0.0,0.0
Bengaluru City,Whitefield Traffic PS,1.04432e+16,2023,1,2,Road Accidents,Junction,City/Town,Open area,Human Error,Yes,Grievous Injury,Vehicle to Vehicle,Not Applicable,Straight and flat,State Highway,Bitumen(Tar),Dry,Not Applicable,Clear,"NEAR HOPE FARM JUNCTION,",NEAR HOPE FARM JUNCTION,1 KM,0.0,0.0
Bengaluru City,Whitefield Traffic PS,1.04432e+16,2023,1,1,Road Accidents,Not Applicable,City/Town,Near Hospital,Human Error,No,Grievous Injury,Hit pedestrian,Uncontrolled,Straight and flat,Arterial,Bitumen(Tar),Dry,No influence on accident,Clear,"MANIPAL HOSPITAL, VARTHURU KODI",GATE,30,0.0,0.0
Bengaluru City,Whitefield Traffic PS,1.04432e+16,2023,1,2,Road Accidents,Not Applicable,City/Town,Near School or College,Human Error,Not Applicable,Fatal,Vehicle to Vehicle,Not Applicable,Straight and flat,Others,Bitumen(Tar),Dry,Not Applicable,Clear,"NEAR GRANDER INTERNATIONAL SCHOOL U TURN,KODTHI MUTTANALLURU CROSS,SARJAPURA MN RD BANGALURU",CENTER MEDIA ANCHU,8,0.0,0.0
Bengaluru City,Whitefield Traffic PS,1.04432e+16,2023,1,2,Road Accidents,Junction,City/Town,Near Bus stop,Human Error,Yes,Grievous Injury,Vehicle to Vehicle,Signal lights Automatic,Straight and flat,State Highway,Bitumen(Tar),Dry,Not Applicable,Clear,"NEAR HOPE FARM JUNCTION,WHITEFIELD-KADUGODI MAIN ROAD,BENGALORE",POLICE OUTPOST,30,0.0,0.0
Bengaluru City,Whitefield Traffic PS,1.04432e+16,2023,1,1,Road Accidents,Not Applicable,City/Town,Open area,Human Error,Yes,Fatal,Hit pedestrian,Uncontrolled,Straight and flat,Others,Not Applicable,Dry,Not Applicable,Clear,"CONTAINER YARD EMPTY GROUND, ITPL MN RD",TREE,15,0.0,0.0
Bengaluru City,Whitefield Traffic PS,1.04432e+16,2023,1,3,Road Accidents,Not Applicable,City/Town,Open area,Human Error,Yes,Grievous Injury,Vehicle to Vehicle,Uncontrolled,Straight and flat,Two way,Bitumen(Tar),Dry,No influence on accident,Clear,"PANATHUR BRIDGE, BALAGERE-KADUBISANAHALLI MN RD",CCTV,34,0.0,0.0
Bengaluru City,Whitefield Traffic PS,1.04432e+16,2023,1,1,Road Accidents,Not Applicable,City/Town,Residential area,Human Error,Yes,Grievous Injury,Hit pedestrian,Not Applicable,Straight and flat,Others,Bitumen(Tar),Dry,Not Applicable,Clear,"FROM STOP & SHOP TOWARDS VIJAYASRI,ELDORADO APT,BIDARE AGRAHARA MAIN ROAD,BENGALORE",PEDESTRAIN ANCHU,2,0.0,0.0
Bengaluru City,Whitefield Traffic PS,1.04432e+16,2023,1,2,Road Accidents,Not Applicable,City/Town,Open area,Human Error,Yes,Grievous Injury,Vehicle to Vehicle,Not Applicable,Straight and flat,Residential Street,Bitumen(Tar),Dry,Not Applicable,Clear,"NEAR PRESTIGE PALMS ,WHIFIELD MAIN ROAD,BENGALORE",ELCTRIC POLL,44,12.974982,77.750578
Bengaluru City,Whitefield Traffic PS,1.04432e+16,2023,1,2,Road Accidents,Not Applicable,City/Town,Open area,Human Error,No,Damage Only,Vehicle to Vehicle,Not Applicable,Straight and flat,Others,Bitumen(Tar),Dry,Not Applicable,Clear,"NEAR D MART ,SIDDAPURA MAIN ROAD ,BENGALORE",ELECTRICAL POLL,42,12.955969,77.728687
Bengaluru City,Whitefield Traffic PS,1.04432e+16,2023,1,1,Road Accidents,Not Applicable,City/Town,Near office complex,Human Error,No,Fatal,Hit pedestrian,Uncontrolled,Straight and flat,Arterial,Bitumen(Tar),Dry,No influence on accident,Clear,"SANDEEP VIHAR APT, SEEGEHALLI,",ELECTRIC POLE,66,19.022651,77.761943
Bengaluru City,Whitefield Traffic PS,1.04432e+16,2023,1,2,Road Accidents,Not Applicable,City/Town,Open area,Human Error,Yes,Grievous Injury,Vehicle to Vehicle,Not Applicable,Straight and flat,Others,Bitumen(Tar),Dry,Not Applicable,Clear,"I T P L FRONT GATE ROAD,BIGBAZAR JUCTION TOWARDS HOPE FARM JUNCTION,BENGALORE",METRO PILLAR NO C 01,18,12.987616,77.737214
Bengaluru City,Whitefield Traffic PS,1.04432e+16,2023,1,1,Road Accidents,Narrow road,City/Town,Near office complex,Human Error,Yes,Grievous Injury,Hit pedestrian,Not at  Junction,Straight and flat,One way,Bitumen(Tar),Dry,Not Applicable,Clear,"NEAR MUTHANALLUR CROSS, SARJAPURA MAIN ROAD,",FROM AYYAPPA BAKERY TOWARDS SMP BIRYANI CENTRE NEAR MUTHANALLUR CROSS,12 KM,0.0,0.0
Bengaluru City,Whitefield Traffic PS,1.04432e+16,2023,1,2,Road Accidents,Not Applicable,City/Town,Near office complex,Human Error,No,Grievous Injury,Vehicle to Vehicle,Not Applicable,Straight and flat,Others,Bitumen(Tar),Dry,Not Applicable,Clear,"OPPOSITE TO SUMADHURA APARTMENT CONSTRUCION BLDG,PILLAR NO 452,HOPEFARM MAIN ROAD,BENGALORE",PILLAR NO 452,29,0.0,0.0
Bengaluru City,Whitefield Traffic PS,1.04432e+16,2023,1,2,Road Accidents,Narrow road,City/Town,Near office complex,Human Error,No,Damage Only,Vehicle to Vehicle,Not at  Junction,Straight and flat,One way,Bitumen(Tar),Not Applicable,Not Applicable,Clear,TUBARAHALLI-MARATHALLI MN RD,NEAR UNDER PASS BRIDGE,8 KM,0.0,0.0
Bengaluru City,Whitefield Traffic PS,1.04432e+16,2023,1,2,Road Accidents,Junction,City/Town,Near office complex,Human Error,Yes,Grievous Injury,Vehicle to Vehicle,Signal lights Automatic,Straight and flat,Others,Bitumen(Tar),Dry,Not Applicable,Clear,VYDEHI HOSPITAL JUNCTION,VYDEHI HOSPITAL JUNCTION,4 KM,0.0,0.0
Bengaluru City,Whitefield Traffic PS,1.04432e+16,2023,1,2,Road Accidents,Narrow road,City/Town,Open area,Human Error,Yes,Grievous Injury,Vehicle to Vehicle,Not at  Junction,Straight and flat,Others,Bitumen(Tar),Dry,Not Applicable,Clear,NEAR DINNURU JUNCTION,NEAR DINNURU JUNCTION,2.4 KM,0.0,0.0
Bengaluru City,Whitefield Traffic PS,1.04432e+16,2023,1,1,Road Accidents,Not Applicable,City/Town,Open area,Human Error,No,Grievous Injury,Hit pedestrian,Not Applicable,Straight and flat,Others,Bitumen(Tar),Dry,Not Applicable,Clear,"NEAR GANESH TEMPAL,WHITEFIELD MAIN ROAD,BENGALORE",GREEN TREE,9,0.0,0.0
Bengaluru City,Whitefield Traffic PS,1.04432e+16,2023,1,1,Road Accidents,Not Applicable,City/Town,Near Hospital,Human Error,No,Grievous Injury,Hit bicyclist,Not Applicable,Straight and flat,Others,Bitumen(Tar),Dry,Not Applicable,Clear,"NEAR SATHYA SAI METRO STATION,DINNURU-VYDHI HOSPITAL MAIN ROAD,BENALORE",METRO PILLAR,25,0.0,0.0
Bengaluru City,Whitefield Traffic PS,1.04432e+16,2023,1,2,Road Accidents,Bottleneck,City/Town,Near Bus stop,Human Error,Yes,Fatal,Vehicle to Vehicle,Uncontrolled,Straight and flat,Arterial,Bitumen(Tar),Dry,No influence on accident,Clear,"KADUGODI RAILWAY BRIDGE, HOPEFARM-KADUGODI",STREET LIGHT,50,0.0,0.0
Bengaluru City,Whitefield Traffic PS,1.04432e+16,2023,1,2,Road Accidents,Junction,City/Town,Near Bus stop,Human Error,No,Grievous Injury,Vehicle to Vehicle,Controlled,Straight and flat,Arterial,Bitumen(Tar),Dry,No influence on accident,Clear,HOPEFARM JN,SOLAR SIGNAL LIGHT,56,0.0,0.0
Bengaluru City,Whitefield Traffic PS,1.04432e+16,2023,1,1,Road Accidents,Not Applicable,City/Town,Residential area,Human Error,Yes,Grievous Injury,Hit pedestrian,Uncontrolled,Straight and flat,Arterial,Bitumen(Tar),Dry,Not Applicable,Clear,"NR MP SHEKAR HOUSE, MULLUR RD",ELECTRIC POLE,31,0.0,0.0
Bengaluru City,Whitefield Traffic PS,1.04432e+16,2023,1,2,Road Accidents,Not Applicable,City/Town,Open area,Human Error,Not Applicable,Grievous Injury,Vehicle to Vehicle,Not Applicable,Straight and flat,Others,Bitumen(Tar),Dry,Not Applicable,Clear,"AT EPIP ZONE JUCTION,NEAR NALLURAHALLI CAPGEMINI LEMON TREE HOTEL,BENGALORE",GREEN TREE,26,0.0,0.0
Bengaluru City,Whitefield Traffic PS,1.04432e+16,2023,1,2,Road Accidents,Not Applicable,City/Town,Open area,Human Error,Yes,Fatal,Vehicle to Vehicle,Not Applicable,Straight and flat,Others,Bitumen(Tar),Dry,Not Applicable,Clear,"FROM HUSKUR ROAD,GENIUS GLOBAL SCHOOL TOWARDS KODATHI VILLAGE ROAD,BENGALORE",NANJUNDA EMTY HOME,24,12.884995,77.716369
Bengaluru City,Whitefield Traffic PS,1.04432e+16,2023,1,1,Road Accidents,Not Applicable,City/Town,Open area,Human Error,Yes,Grievous Injury,Hit pedestrian,Not Applicable,Straight and flat,Others,Bitumen(Tar),Dry,Not Applicable,Clear,"BALAGERE MAIN ROAD,VARTHURU,BENGALORE",ELCTRIC POLL,10,12.938498,77.744146
Bengaluru City,Whitefield Traffic PS,1.04432e+16,2023,1,2,Road Accidents,Not Applicable,City/Town,Open area,Human Error,Yes,Simple Injury,Vehicle to Vehicle,Not Applicable,Straight and flat,Others,Bitumen(Tar),Dry,Not Applicable,Clear,"NEAR KATERAMMA TEMPAL ROAD,CHANNASANDRA ROAD,BENGALORE",ELCTRIC POLL,35,12.984051,77.772769
Bengaluru City,Whitefield Traffic PS,1.04432e+16,2023,1,2,Road Accidents,Not Applicable,City/Town,Open area,Human Error,Yes,Grievous Injury,Vehicle to Vehicle,Not Applicable,Straight and flat,Others,Bitumen(Tar),Dry,Not Applicable,Clear,"BEHIND KARNATAKA KOLACHE NIRMULANA MANDALI QUTRS,CHANNASANDRA,BENGALORE",PEDESTRAIN ANCHU,10,12.979138,77.765115
Bengaluru City,Whitefield Traffic PS,1.04432e+16,2023,1,1,Road Accidents,Not Applicable,City/Town,Near Bus stop,Human Error,Yes,Grievous Injury,Hit pedestrian,Uncontrolled,Straight and flat,Arterial,Bitumen(Tar),Dry,No influence on accident,Clear,"HOPEFARM BUS STOP, CHANNASANDRA MN RD",SOLAR SIGNAL LIGHT,25,0.0,0.0
Bengaluru City,Whitefield Traffic PS,1.04432e+16,2023,1,2,Road Accidents,Narrow road,City/Town,Residential area,Human Error,Yes,Grievous Injury,Vehicle to Vehicle,Not at  Junction,Straight and flat,One way,Bitumen(Tar),Not Applicable,Not Applicable,Clear,"INFRONT OF DSR APEX APT, THUBARAHALLI",INFRONT OF DSR APEX APT,8KM,0.0,0.0
Bengaluru City,Whitefield Traffic PS,1.04432e+16,2023,1,2,Road Accidents,Junction,City/Town,Open area,Human Error,No,Grievous Injury,Vehicle to Vehicle,No signal lights,Straight and flat,Others,Bitumen(Tar),Dry,Not Applicable,Clear,"NEAR BPL JUNCTION,I T P L MAIN ROAD,BENGALORE",GREEN TREE,51,0.0,0.0
Bengaluru City,Whitefield Traffic PS,1.04432e+16,2023,1,2,Road Accidents,Narrow road,City/Town,Open area,Human Error,No,Damage Only,Vehicle to Vehicle,Not Applicable,Straight and flat,Others,Bitumen(Tar),Not Applicable,Not Applicable,Clear,OPP TO BANK OF BARODA,OPP TO BANK OF BARODA,8.9 KM,0.0,0.0
Bengaluru City,Whitefield Traffic PS,1.04432e+16,2023,1,2,Road Accidents,Narrow road,City/Town,Open area,Human Error,No,Fatal,Vehicle to Vehicle,Not at  Junction,Not Applicable,Two way,Bitumen(Tar),Not Applicable,Not Applicable,Clear,OPP AKUL RESIDENCY KRUPANIDHI COLLEGE RD,OPP AKUL RESIDENCY KRUPANIDHI COLLEGE RD,12KM,12.918095,77.728508
Bengaluru City,Whitefield Traffic PS,1.04432e+16,2023,1,1,Road Accidents,Not Applicable,City/Town,Near office complex,Human Error,No,Fatal,Hit pedestrian,Uncontrolled,Straight and flat,Arterial,Bitumen(Tar),Dry,Construction Work / Material,Clear,"WIPRO GE HEALTH CARE, KTPO-GRAPHITE INDIA RD",STREET LIGHT,45,12.976956,77.721374
Bengaluru City,Whitefield Traffic PS,1.04432e+16,2023,1,1,Road Accidents,Not Applicable,City/Town,Open area,Human Error,No,Grievous Injury,Hit pedestrian,Not Applicable,Straight and flat,Others,Bitumen(Tar),Dry,Not Applicable,Clear,"NEAR VARTHURU POLICE STATION ROAD,VARTHRU,BENGALORE",HANI LAND BEKARY,35,12.938216,77.746848
Bengaluru City,Whitefield Traffic PS,1.04432e+16,2023,1,5,Road Accidents,Not Applicable,City/Town,Near School or College,Human Error,Not Applicable,Damage Only,Vehicle to Vehicle,Not Applicable,Straight and flat,State Highway,Bitumen(Tar),Dry,Not Applicable,Clear,"OPP VARTHUR GOT HOSPITAL,NEAR VARTHUR PS,GUNJURU -VARTHUR MAIN ROAD,BENGALORE",HOUSE NO 25,12,12.937967,77.746528
Bengaluru City,Whitefield Traffic PS,1.04432e+16,2023,1,1,Road Accidents,Not Applicable,City/Town,Open area,Human Error,Not Applicable,Grievous Injury,Hit pedestrian,Not Applicable,Straight and flat,Others,Bitumen(Tar),Dry,Not Applicable,Clear,"OPP BENGALURU PET HOSPITAL, NEAR D MART,KUNDALAHALLI-VARTHURU KODI JUCTION MAIN ROAD,SIDDAPURA,BENGA",ELCTRIC POLL,13,12.956083,77.730195
Bengaluru City,Whitefield Traffic PS,1.04432e+16,2023,1,1,Road Accidents,Circle,City/Town,Open area,Human Error,No,Fatal,Hit pedestrian,Not Applicable,Straight and flat,Others,Bitumen(Tar),Dry,Not Applicable,Clear,"NEAR NALLURAHALLI METRO STATION,GRAPHITE INDIA-VYDEHI HOSPITAL AIN ROAD,I T P L ,BENGALORE",ELCTRIC POLL,28,12.976825,77.726375
Bengaluru City,Whitefield Traffic PS,1.04432e+16,2023,1,4,Road Accidents,Junction,City/Town,Near office complex,Human Error,No,Simple Injury,Vehicle to Vehicle,Not Applicable,Straight and flat,One way,Bitumen(Tar),Dry,Not Applicable,Clear,"NEAR BELTHUR JUNCTION,",NEAR BELTHUR JUNCTION,2 KM,0.0,0.0
Bengaluru City,Whitefield Traffic PS,1.04432e+16,2023,1,2,Road Accidents,Narrow road,City/Town,Near Hospital,Human Error,Yes,Grievous Injury,Vehicle to Vehicle,Not at  Junction,Straight and flat,One way,Bitumen(Tar),Not Applicable,Not Applicable,Clear,NEAR SVASTA HOSPITAL WHITEFIELD,NEAR SVASTA HOSPITAL,3.8KM,0.0,0.0
Bengaluru City,Whitefield Traffic PS,1.04432e+16,2023,1,2,Road Accidents,Not Applicable,City/Town,Open area,Human Error,Yes,Grievous Injury,Vehicle to Vehicle,Not Applicable,Straight and flat,Others,Bitumen(Tar),Dry,Not Applicable,Clear,"OPP SHOBHA APT,NEAR JAIN HERITAGE SCHOOL,KANNAMANGALA MAIN ROAD,BENGALORE",GREEN TREE,17,13.030491,77.761331
Bengaluru City,Whitefield Traffic PS,1.04432e+16,2023,1,2,Road Accidents,Not Applicable,City/Town,Open area,Human Error,Yes,Grievous Injury,Vehicle to Vehicle,Not Applicable,Straight and flat,State Highway,Bitumen(Tar),Dry,Not Applicable,Clear,"NRAR CHANNASANDRA METRO STATION,HOPE FARM,BENGALORE",METRO PILLAR,26,12.986735,77.753539
Bengaluru City,Whitefield Traffic PS,1.04432e+16,2023,1,2,Road Accidents,Not Applicable,City/Town,Near Bus stop,Human Error,No,Grievous Injury,Vehicle to Vehicle,Uncontrolled,Straight and flat,Arterial,Bitumen(Tar),Dry,No influence on accident,Clear,"KADUGODI RAILWAY BRIDGE, HOPEFARM-KADUGODI",STREET LIGHT,16,12.995674,77.758996
Bengaluru City,Whitefield Traffic PS,1.04432e+16,2023,1,2,Road Accidents,Not Applicable,City/Town,Open area,Human Error,Not Applicable,Damage Only,Vehicle to Vehicle,Not Applicable,Straight and flat,Others,Bitumen(Tar),Dry,Not Applicable,Clear,"VARTHURU GOVT SCHOOL ROAD,VARTHURU,BENGALORE",CENTER MEDIA ANCHU,10,12.943869,77.74697
Bengaluru City,Wilsongarden Traffic PS,1.04432e+16,2016,1,2,Road Accidents,Narrow road,City/Town,Near Bus stop,Not Applicable,No,Damage Only,Rear end,Controlled,Not Applicable,Two way,Bitumen(Tar),Dry,Not Applicable,Fine,DR MARIGOWDA RAOD,10TH CROSS JUNCTION,1.5 KM,0.0,0.0
Bengaluru City,Wilsongarden Traffic PS,1.04432e+16,2016,1,1,Road Accidents,Narrow road,City/Town,Near Bus stop,Human Error,Not Applicable,Simple Injury,Others,Uncontrolled,Hump,City or Town Road,Bitumen(Tar),Dry,Not Applicable,Clear,MARIGOWDA RD,LAL BAGH,100M,0.0,0.0
Bengaluru City,Wilsongarden Traffic PS,1.04432e+16,2016,1,2,Road Accidents,Narrow road,City/Town,Near office complex,Human Error,Not Applicable,Fatal,Head on,Uncontrolled,Others,City or Town Road,Bitumen(Tar),Dry,Not Applicable,Clear,LALBHAG ROAD,5TH CROSS,50 ft,0.0,0.0
Bengaluru City,Wilsongarden Traffic PS,1.04432e+16,2016,1,2,Road Accidents,Narrow road,City/Town,Near office complex,Not Applicable,No,Damage Only,Rear end,Uncontrolled,Not Applicable,Two way,Bitumen(Tar),Dry,Not Applicable,Fine,KH ROAD,NEAR VISHAN CINIMA,2KM,12.952508,77.590871
Bengaluru City,Wilsongarden Traffic PS,1.04432e+16,2016,1,2,Road Accidents,Narrow road,City/Town,Near Bus stop,Not Applicable,No,Damage Only,Right Turn Collision,Signals (Working),Not Applicable,City or Town Road,Bitumen(Tar),Dry,Not Applicable,Fine,DR.MARIGOWDA ROAD,SIDDAPURA JUNNCTION,1KM,0.0,0.0
Bengaluru City,Wilsongarden Traffic PS,1.04432e+16,2016,1,2,Road Accidents,Narrow road,City/Town,Near Hospital,Not Applicable,No,Damage Only,Rear end,Uncontrolled,Not Applicable,Others,Bitumen(Tar),Dry,Not Applicable,Fine,BYRASANDRA MAIN ROAD,NEAR SIDDAPURA PS,200MTR,0.0,0.0
Bengaluru City,Wilsongarden Traffic PS,1.04432e+16,2016,1,1,Road Accidents,Narrow road,City/Town,Near Hospital,Not Applicable,Not Applicable,Damage Only,Rear end,Uncontrolled,Curve,One way,Bitumen(Tar),Dry,Not Applicable,Fine,DR MARIGOWDA RAOD,DAIRY CIRCL FLY OVER,1.5KM,0.0,0.0
Bengaluru City,Wilsongarden Traffic PS,1.04432e+16,2016,1,1,Road Accidents,Narrow road,City/Town,Near Bus stop,Human Error,No,Grievous Injury,Not Applicable,Police / Manual,Straight and flat,City or Town Road,Bitumen(Tar),Dry,Not Applicable,Clear,DR MARI GOWDA ROAD 7TH CROSS SIDDALPURA,DR MARI GOWDA ROAD 7TH CROSS SIDDALPURA,2KM,0.0,0.0
Bengaluru City,Wilsongarden Traffic PS,1.04432e+16,2016,1,1,Road Accidents,Narrow road,City/Town,Near Bus stop,Human Error,Not Applicable,Grievous Injury,Rear end,Police / Manual,Straight and flat,City or Town Road,Bitumen(Tar),Dry,Not Applicable,Clear,LALBAGH ROAD NEAR ALL AMEEN COLLEGE,LALBAGH COMPOUND,200M,0.0,0.0
Bengaluru City,Wilsongarden Traffic PS,1.04432e+16,2016,1,2,Road Accidents,Narrow road,City/Town,Near office complex,Human Error,Not Applicable,Not Applicable,Head on,Uncontrolled,Others,City or Town Road,Bitumen(Tar),Dry,Not Applicable,Clear,KANAKANAPALYA MAIN ROAD,HUTTHA CIRCLE,25 FT,0.0,0.0
Bengaluru City,Wilsongarden Traffic PS,1.04432e+16,2016,1,2,Road Accidents,Narrow road,City/Town,Near Bus stop,Not Applicable,Not Applicable,Damage Only,Rear end,Uncontrolled,Not Applicable,Two way,Bitumen(Tar),Dry,Not Applicable,Fine,DR MARIGOWDA ROAD,NEAR 9TH CROSS,1.5KM,0.0,0.0