DISTRICTNAME,UNITNAME,Crime_No,Year,RI,Noofvehicle_involved,Accident_Classification,Accident_Spot,Accident_Location,Accident_SubLocation,Main_Cause,Hit_Run,Severity,Collision_Type,Junction_Control,Road_Character,Road_Type,Surface_Type,Surface_Condition,Road_Condition,Weather,Accident_Road,Landmark_first,Distance_LandMark_First,Latitude,Longitude
Bengaluru City,Wilsongarden Traffic PS,1.04432e+16,2019,1,1,Road Accidents,Narrow road,City/Town,Near Hospital,Human Error,No,Grievous Injury,Not Applicable,Uncontrolled,Straight and flat,Two way,Bitumen(Tar),Dry,No influence on accident,Clear,DR.MARIGOWDA ROAD,NEAR ABHAYA HOSPITAL,1KM,12.946597,77.594839
Bengaluru City,Wilsongarden Traffic PS,1.04432e+16,2019,1,2,Road Accidents,Narrow road,City/Town,Open area,Human Error,Yes,Grievous Injury,Vehicle to Vehicle,Not at  Junction,Straight and flat,One way,Bitumen(Tar),Dry,No influence on accident,Clear,MALYA ROAD,NEAR RRMR JUNCTION,3 KM,12.967208,77.594965
Bengaluru City,Wilsongarden Traffic PS,1.04432e+16,2019,1,1,Road Accidents,Cross roads,City/Town,Near Hospital,Human Error,No,Grievous Injury,Hit pedestrian,Not Applicable,Others,City or Town Road,Concrete,Dry,No influence on accident,Clear,SAMPANGIRAMANAGR 12TH A CROSS,NEAR SINDHI HOSPITAL,2 KM,12.964349,77.592725
Bengaluru City,Wilsongarden Traffic PS,1.04432e+16,2019,1,2,Road Accidents,Narrow road,City/Town,Open area,Human Error,Yes,Grievous Injury,Vehicle to Vehicle,Not at  Junction,Others,One way,Bitumen(Tar),Dry,No influence on accident,Clear,LALBAGH ROAD,NEAR ICICI BANK,2 KM,12.959979,77.587485
Bengaluru City,Wilsongarden Traffic PS,1.04432e+16,2019,1,1,Road Accidents,Narrow road,City/Town,Open area,Human Error,No,Grievous Injury,Hit pedestrian,Not at  Junction,Others,Two way,Bitumen(Tar),Dry,No influence on accident,Clear,MISSION ROAD,NEAR ADLAB PHOTO STUDIO,2 KM,12.963333,77.590805
Bengaluru City,Wilsongarden Traffic PS,1.04432e+16,2019,1,2,Road Accidents,Narrow road,City/Town,Open area,Human Error,No,Grievous Injury,Vehicle to Vehicle,Uncontrolled,Others,Two way,Bitumen(Tar),Dry,No influence on accident,Clear,DR.MARIGOWDA ROAD,NEAR H M G COMPANY,1KM,0.0,0.0
Bengaluru City,Wilsongarden Traffic PS,1.04432e+16,2019,1,2,Road Accidents,Narrow road,City/Town,Open area,Human Error,No,Grievous Injury,Hit pedestrian,Uncontrolled,Others,Two way,Bitumen(Tar),Dry,No influence on accident,Fine,Lalbhag road near 4th cross,Nala road,2km,0.0,0.0
Bengaluru City,Wilsongarden Traffic PS,1.04432e+16,2019,1,1,Road Accidents,Narrow road,City/Town,Near Bus stop,Not Applicable,No,Fatal,Hit pedestrian,Uncontrolled,Not Applicable,One way,Bitumen(Tar),Dry,Not Applicable,Fine,DR.MAERIGOWDA ROAD,NEAR 7TH CROSS,1KM,0.0,0.0
Bengaluru City,Wilsongarden Traffic PS,1.04432e+16,2019,1,2,Road Accidents,Not Applicable,City/Town,Open area,Human Error,Yes,Damage Only,Vehicle to Vehicle,Uncontrolled,Others,Two way,Concrete,Dry,No influence on accident,Fine,NALA ROAD,KEB ELECRICAL POLE,2KM,0.0,0.0
Bengaluru City,Wilsongarden Traffic PS,1.04432e+16,2019,1,2,Road Accidents,Narrow road,City/Town,Near office complex,Human Error,Yes,Grievous Injury,Hit bicyclist,Uncontrolled,Straight and flat,Two way,Bitumen(Tar),Dry,No influence on accident,Clear,K H ROAD,NEAR V G P SHOW ROOM,1KM,12.961854,77.5945269
Bengaluru City,Wilsongarden Traffic PS,1.04432e+16,2019,1,2,Road Accidents,Junction,City/Town,Open area,Human Error,Yes,Damage Only,Vehicle to Vehicle,Signal lights Automatic,Straight and flat,Two way,Bitumen(Tar),Dry,No influence on accident,Clear,DR.MARIGOWDA ROAD,NEAR SIDDAPURA JUNCTION,1KM,0.0,0.0
Bengaluru City,Wilsongarden Traffic PS,1.04432e+16,2019,1,2,Road Accidents,Narrow road,City/Town,Open area,Human Error,No,Damage Only,Vehicle to Vehicle,Not at  Junction,Not Applicable,Two way,Bitumen(Tar),Dry,No influence on accident,Clear,MISSION ROAD,NEAR SUDHARSHAN BEKARI,3KM,12.962296,77.593719
Bengaluru City,Wilsongarden Traffic PS,1.04432e+16,2019,1,1,Road Accidents,Junction,City/Town,Open area,Human Error,No,Fatal,Hit pedestrian,Uncontrolled,Straight and flat,Residential Street,Bitumen(Tar),Dry,No influence on accident,Clear,WILSONGARDEN 8TH MAIN 12TH CROSS,NEAR MARUTHI CHATS CENTRE,HALF,12.947541,77.598185
Bengaluru City,Wilsongarden Traffic PS,1.04432e+16,2019,1,2,Road Accidents,Junction,City/Town,Open area,Human Error,No,Grievous Injury,Hit bicyclist,Police / Manual,Others,Others,Bitumen(Tar),Dry,No influence on accident,Clear,DR MARIOGOWDA ROAD,10 TH CROSS JUNCTION,1 KM,0.0,0.0
Bengaluru City,Wilsongarden Traffic PS,1.04432e+16,2019,1,2,Road Accidents,Junction,City/Town,Open area,Human Error,No,Damage Only,Vehicle to Vehicle,Signal lights Automatic,Others,Two way,Bitumen(Tar),Dry,No influence on accident,Fine,DR.MARIGOWDA ROAD,SIDDAPURA JUNCTION,1KM,12.948588,77.593159
Bengaluru City,Wilsongarden Traffic PS,1.04432e+16,2019,1,2,Road Accidents,Narrow road,City/Town,Open area,Human Error,Yes,Grievous Injury,Vehicle to Vehicle,Not at  Junction,Straight and flat,One way,Bitumen(Tar),Dry,No influence on accident,Clear,malya road,near SAINT JOSEPH SCHOOL,3,12.971259,77.594087
Bengaluru City,Wilsongarden Traffic PS,1.04432e+16,2019,1,2,Road Accidents,Junction,City/Town,Open area,Human Error,No,Grievous Injury,Vehicle to Vehicle,Signal lights Automatic,Straight and flat,One way,Bitumen(Tar),Dry,No influence on accident,Clear,LALBHAG ROAD,NEAR URVASHI JUNCTIOB,2KM,12.955557,77.585744
Bengaluru City,Wilsongarden Traffic PS,1.04432e+16,2019,1,2,Road Accidents,Narrow road,City/Town,Open area,Human Error,Yes,Simple Injury,Vehicle to Vehicle,Uncontrolled,Straight and flat,One way,Bitumen(Tar),Dry,No influence on accident,Clear,LALBHAG ROAD,NEAR PASSPORT OFFICE,1KM,12.957596,77.586087
Bengaluru City,Wilsongarden Traffic PS,1.04432e+16,2019,1,2,Road Accidents,Narrow road,City/Town,Near Bus stop,Not Applicable,No,Grievous Injury,Vehicle to Vehicle,Uncontrolled,Not Applicable,One way,Bitumen(Tar),Dry,Not Applicable,Clear,RRMR ROAD,NEAR HUDSUN CIRCLE,2KM,0.0,0.0
Bengaluru City,Wilsongarden Traffic PS,1.04432e+16,2019,1,2,Road Accidents,Junction,City/Town,Open area,Human Error,No,Simple Injury,Hit bicyclist,Police / Manual,Others,One way,Bitumen(Tar),Dry,No influence on accident,Fine,R R M R JUNCTION,JAGADALE GROUPS,3KM,12.966986,77.594675
Bengaluru City,Wilsongarden Traffic PS,1.04432e+16,2019,1,2,Road Accidents,Narrow road,City/Town,Near School or College,Human Error,No,Grievous Injury,Vehicle to Vehicle,Uncontrolled,Straight and flat,Two way,Bitumen(Tar),Dry,No influence on accident,Clear,DR.MARIGOWDA ROAD,NEAR ITI COLLEGE GATE,2KM,0.0,0.0
Bengaluru City,Wilsongarden Traffic PS,1.04432e+16,2019,1,2,Road Accidents,Not Applicable,City/Town,Open area,Human Error,Yes,Grievous Injury,Hit bicyclist,Uncontrolled,Others,Two way,Bitumen(Tar),Dry,No influence on accident,Fine,MISSION ROAD,NEAR SUBBAIAH CIRCLE,3KM,12.962382,77.589476
Bengaluru City,Wilsongarden Traffic PS,1.04432e+16,2019,1,2,Road Accidents,Narrow road,City/Town,Near School or College,Human Error,Yes,Grievous Injury,Vehicle to Vehicle,Uncontrolled,Straight and flat,Two way,Bitumen(Tar),Dry,No influence on accident,Clear,DR MARIGOWDA ROAD,NEAR ALL AMEEN COLLEGE,1KM,0.0,0.0
Bengaluru City,Wilsongarden Traffic PS,1.04432e+16,2019,1,2,Road Accidents,Junction,City/Town,Residential area,Human Error,No,Damage Only,Vehicle to Vehicle,Uncontrolled,Others,Two way,Bitumen(Tar),Dry,No influence on accident,Cloudy,12TH CROSS 8TH MAIN JUNCTION,8TH MAIN WILSONGARDEN,600MTR,0.0,0.0
Bengaluru City,Wilsongarden Traffic PS,1.04432e+16,2019,1,2,Rail Road Accidents,Junction,City/Town,Open area,Human Error,No,Damage Only,Others,Controlled,Others,City or Town Road,Bitumen(Tar),Dry,No influence on accident,Clear,DR. MARIGOWDA ROAD,NEAR SIDDAPUR JUNCTION,1 KM,0.0,0.0
Bengaluru City,Wilsongarden Traffic PS,1.04432e+16,2019,1,2,Road Accidents,Not Applicable,City/Town,Near office complex,Human Error,No,Damage Only,Vehicle to Vehicle,Uncontrolled,Others,Two way,Bitumen(Tar),Dry,No influence on accident,Fine,K H ROAD,OPP KSRTC HEAD OFFICE,1KM,12.956278,77.5923739
Bengaluru City,Wilsongarden Traffic PS,1.04432e+16,2019,1,2,Road Accidents,Narrow road,City/Town,Near Hospital,Human Error,No,Fatal,Vehicle to Vehicle,Uncontrolled,Others,Two way,Bitumen(Tar),Dry,No influence on accident,Others,DR.MARIGOWDA ROAD,NEAR KIDWAY HOSPITAL,1KM,12.938177,77.598683
Bengaluru City,Wilsongarden Traffic PS,1.04432e+16,2019,1,2,Road Accidents,Narrow road,City/Town,Open area,Human Error,Yes,Grievous Injury,Hit bicyclist,Uncontrolled,Others,One way,Bitumen(Tar),Dry,No influence on accident,Fine,R R M R ROAD,NEAR IBS HOTEL,3KM,12.967546,77.593995
Bengaluru City,Wilsongarden Traffic PS,1.04432e+16,2019,1,2,Road Accidents,Cross roads,City/Town,Near School or College,Human Error,No,Damage Only,Vehicle to Vehicle,Uncontrolled,Others,Two way,Concrete,Dry,No influence on accident,Fine,B T S MAIN ROAD,NEAR OUT RICH SCHOOL,1KM,0.0,0.0
Bengaluru City,Wilsongarden Traffic PS,1.04432e+16,2019,1,2,Road Accidents,Narrow road,City/Town,Open area,Human Error,No,Grievous Injury,Vehicle to Vehicle,Not Applicable,Straight and flat,Two way,Concrete,Dry,No influence on accident,Clear,BTS ROAD,NEAR SHANTHINAGARA BMTC BUSSTOP,1 KM,0.0,0.0
Bengaluru City,Wilsongarden Traffic PS,1.04432e+16,2019,1,1,Road Accidents,Narrow road,City/Town,Residential area,Human Error,No,Grievous Injury,Hit pedestrian,Uncontrolled,Straight and flat,Two way,Bitumen(Tar),Dry,No influence on accident,Clear,B T S ROAD,NEAR SOMESHWARA TEMPLE,500 M,12.951375,77.597005
Bengaluru City,Wilsongarden Traffic PS,1.04432e+16,2019,1,2,Road Accidents,Narrow road,City/Town,Open area,Human Error,No,Grievous Injury,Vehicle to Vehicle,Uncontrolled,Straight and flat,Others,Bitumen(Tar),Dry,No influence on accident,Clear,MISSION ROAD,NEAR SUBBAIAH CIRCLE,2.5KM,0.0,0.0
Bengaluru City,Wilsongarden Traffic PS,1.04432e+16,2019,1,2,Road Accidents,Other,City/Town,Open area,Human Error,Yes,Grievous Injury,Others,Uncontrolled,Others,One way,Bitumen(Tar),Dry,No influence on accident,Others,R R M R ROAD,NEAR IBIS HOTEL,2KM,12.967409,77.594178
Bengaluru City,Wilsongarden Traffic PS,1.04432e+16,2019,1,2,Road Accidents,Junction,City/Town,Open area,Human Error,No,Simple Injury,Rear end,Signal lights Automatic,Others,Two way,Bitumen(Tar),Dry,No influence on accident,Fine,K.H.ROAD,SHANTHINAGAR JUNCTION,2KM,12.962074,77.594457
Bengaluru City,Wilsongarden Traffic PS,1.04432e+16,2019,1,2,Road Accidents,Other,City/Town,Near Bus stop,Human Error,No,Damage Only,Others,Uncontrolled,Others,City or Town Road,Bitumen(Tar),Dry,No influence on accident,Clear,BTS ROAD,NEAR SHANTHINAGARA BUS STOP,1 KM,0.0,0.0
Bengaluru City,Wilsongarden Traffic PS,1.04432e+16,2019,1,2,Road Accidents,Narrow road,City/Town,Open area,Human Error,No,Grievous Injury,Vehicle to Vehicle,Not at  Junction,Straight and flat,Two way,Bitumen(Tar),Dry,No influence on accident,Clear,DR MARIGOWDA ROAD,NEAR AL AMEEN COLEGE,2 KM,0.0,0.0
Bengaluru City,Wilsongarden Traffic PS,1.04432e+16,2019,1,1,Road Accidents,Narrow road,City/Town,Residential area,Human Error,No,Not Applicable,Not Applicable,Uncontrolled,Straight and flat,Others,Bitumen(Tar),Dry,No influence on accident,Clear,Wilsongarden 11th cross,NEAR MAY FLOWER,500MTR,0.0,0.0
Bengaluru City,Wilsongarden Traffic PS,1.04432e+16,2019,1,1,Road Accidents,Narrow road,City/Town,Near Bus stop,Human Error,Yes,Simple Injury,Hit pedestrian,Not Applicable,Straight and flat,Two way,Bitumen(Tar),Dry,No influence on accident,Clear,K H ROAD,NEAR COURTYARD HOTEL KH ROAD,2 KM,12.958528,77.593129
Bengaluru City,Wilsongarden Traffic PS,1.04432e+16,2019,1,1,Road Accidents,Narrow road,City/Town,Open area,Human Error,No,Grievous Injury,Hit pedestrian,Uncontrolled,Others,Two way,Bitumen(Tar),Dry,No influence on accident,Fine,NALA ROAD,NEAR SUDHAMANAGAR MARKET,2KM,0.0,0.0
Bengaluru City,Wilsongarden Traffic PS,1.04432e+16,2019,1,1,Road Accidents,Narrow road,City/Town,Open area,Human Error,Yes,Grievous Injury,Hit pedestrian,Uncontrolled,Others,One way,Bitumen(Tar),Dry,No influence on accident,Fine,R R M R ROAD,NEAR WOODLAND HOTEL,3KM,12.966055,77.5953879
Bengaluru City,Wilsongarden Traffic PS,1.04432e+16,2019,1,1,Road Accidents,Other,City/Town,Open area,Human Error,No,Grievous Injury,Hit pedestrian,Uncontrolled,Others,Two way,Bitumen(Tar),Dry,No influence on accident,Others,MISSION ROAD,NEAR SUBBAIAH CIRCLE,2KM,12.962587,77.5898629
Bengaluru City,Wilsongarden Traffic PS,1.04432e+16,2019,1,1,Road Accidents,Narrow road,City/Town,Open area,Human Error,Yes,Fatal,Hit pedestrian,Uncontrolled,Others,One way,Bitumen(Tar),Dry,No influence on accident,Fine,R R M R ROAD,NEAR GANESHA TEMPLE,3KM,12.96786,77.59305
Bengaluru City,Wilsongarden Traffic PS,1.04432e+16,2019,1,2,Road Accidents,Other,City/Town,Near Petrol Pump,Human Error,No,Simple Injury,Others,Uncontrolled,Others,Two way,Bitumen(Tar),Dry,No influence on accident,Fine,DR.MARIGOWDA ROAD,NEAR PETROL BUNK,1KM,0.0,0.0
Bengaluru City,Wilsongarden Traffic PS,1.04432e+16,2019,1,2,Road Accidents,Narrow road,City/Town,Open area,Human Error,No,Grievous Injury,Vehicle to Vehicle,Not at  Junction,Others,One way,Bitumen(Tar),Dry,No influence on accident,Clear,RAJA RAM MOHAN RAY ROAD,NEAR PANJAB NATIONAL BANK,3 KM,12.967545,77.589229
Bengaluru City,Wilsongarden Traffic PS,1.04432e+16,2019,1,2,Road Accidents,Narrow road,City/Town,Open area,Human Error,No,Grievous Injury,Vehicle to Vehicle,Uncontrolled,Straight and flat,Others,Bitumen(Tar),Dry,No influence on accident,Fine,Wilsongarden 8th main near lassi bar,near lassi bar,1km,12.947465,77.59823
Bengaluru City,Wilsongarden Traffic PS,1.04432e+16,2019,1,1,Road Accidents,Circle,City/Town,Open area,Human Error,Yes,Grievous Injury,Hit pedestrian,Signal lights Automatic,Straight and flat,One way,Bitumen(Tar),Dry,No influence on accident,Clear,R R M R ROAD,KANNIKAPARAMESHWARA TEMPLE,3KM,0.0,0.0
Bengaluru City,Wilsongarden Traffic PS,1.04432e+16,2019,1,1,Road Accidents,Narrow road,City/Town,Near Bus stop,Not Applicable,No,Fatal,Hit pedestrian,Uncontrolled,Not Applicable,One way,Bitumen(Tar),Dry,Not Applicable,Fine,KH ROAD,NEAR BUS STOP,2KM,0.0,0.0
Bengaluru City,Wilsongarden Traffic PS,1.04432e+16,2019,1,1,Road Accidents,Other,City/Town,Open area,Human Error,No,Grievous Injury,Others,Uncontrolled,Others,Two way,Bitumen(Tar),Dry,No influence on accident,Fine,WILSONGARDEN MAIN ROAD,NEAR RILIANCE MARKET,1KM,12.953418,77.592598
Bengaluru City,Wilsongarden Traffic PS,1.04432e+16,2019,1,1,Road Accidents,Other,City/Town,Near office complex,Human Error,Yes,Grievous Injury,Hit and Run,Uncontrolled,Others,Others,Bitumen(Tar),Dry,No influence on accident,Snow,LALBHAG ROAD,NEAR DIGVIJAYA NEWS,2,12.960028,77.587438
Bengaluru City,Wilsongarden Traffic PS,1.04432e+16,2019,1,1,Road Accidents,Junction,City/Town,Near Petrol Pump,Human Error,No,Fatal,Hit pedestrian,Controlled,Others,Two way,Bitumen(Tar),Dry,No influence on accident,Fine,R R M R ROAD,NEAR RAMANASHRI HOTEL,3KM,12.966349,77.595147
Bengaluru City,Wilsongarden Traffic PS,1.04432e+16,2019,1,1,Road Accidents,Narrow road,City/Town,Open area,Human Error,No,Fatal,Not Applicable,Uncontrolled,Others,Others,Bitumen(Tar),Dry,No influence on accident,Clear,ON RICMOND FLYOVER,NEAR UDUPI UPAHARA HOTEL,1.25,0.0,0.0
Bengaluru City,Wilsongarden Traffic PS,1.04432e+16,2020,1,2,Road Accidents,Narrow road,City/Town,Open area,Human Error,No,Grievous Injury,Vehicle to Vehicle,Not at  Junction,Straight and flat,Others,Concrete,Dry,No influence on accident,Clear,BTS Road,Near Sanjeevini Ambulance,500m,0.0,0.0
Bengaluru City,Wilsongarden Traffic PS,1.04432e+16,2020,1,2,Road Accidents,Narrow road,City/Town,Near Bus stop,Not Applicable,No,Grievous Injury,Vehicle to Vehicle,Uncontrolled,Not Applicable,Two way,Bitumen(Tar),Dry,Not Applicable,Fine,H SIDDAIAH ROAD,NEAR RANI PARK,500MTR,0.0,0.0
Bengaluru City,Wilsongarden Traffic PS,1.04432e+16,2020,1,1,Road Accidents,Junction,City/Town,Open area,Human Error,No,Grievous Injury,Hit pedestrian,Controlled,Straight and flat,Others,Bitumen(Tar),Dry,No influence on accident,Clear,Lalbagh Road,At Purnima Junction,2 km,0.0,0.0
Bengaluru City,Wilsongarden Traffic PS,1.04432e+16,2020,1,2,Road Accidents,Junction,City/Town,Open area,Human Error,No,Simple Injury,Vehicle to Vehicle,Uncontrolled,Others,Others,Bitumen(Tar),Dry,No influence on accident,Clear,K H Road near K H Junction,near K H Junction,1km,0.0,0.0
Bengaluru City,Wilsongarden Traffic PS,1.04432e+16,2020,1,2,Road Accidents,Junction,City/Town,Near a recreation place/cinema,Not Applicable,No,Grievous Injury,Not Applicable,Controlled,Not Applicable,One way,Bitumen(Tar),Dry,Not Applicable,Fine,LALBAG ROAD,NEAR  CINIMA,2KM,0.0,0.0
Bengaluru City,Wilsongarden Traffic PS,1.04432e+16,2020,1,2,Road Accidents,Narrow road,City/Town,Residential area,Human Error,No,Simple Injury,Hit pedestrian,Uncontrolled,Straight and flat,Two way,Bitumen(Tar),Dry,No influence on accident,Fine,Wilsongarden 9th cross,Near Vaisraya apts,400mtr,0.0,0.0
Bengaluru City,Wilsongarden Traffic PS,1.04432e+16,2020,1,4,Road Accidents,Cross roads,City/Town,Open area,Human Error,Yes,Simple Injury,Hit pedestrian,Not at  Junction,Straight and flat,Others,Bitumen(Tar),Dry,No influence on accident,Clear,H Siddaiah Road,Near SRKT Transport,1 km,0.0,0.0
Bengaluru City,Wilsongarden Traffic PS,1.04432e+16,2020,1,1,Road Accidents,Narrow road,City/Town,Near School or College,Not Applicable,No,Fatal,Hit pedestrian,Uncontrolled,Straight and flat,Two way,Bitumen(Tar),Dry,Not Applicable,Fine,DR MARIGOWDA ROAD,NEAR AL AMEEN COLLEGE,1KM,0.0,0.0
Bengaluru City,Wilsongarden Traffic PS,1.04432e+16,2020,1,1,Road Accidents,Narrow road,City/Town,Near office complex,Not Applicable,No,Damage Only,Not Applicable,Uncontrolled,Not Applicable,One way,Bitumen(Tar),Dry,Not Applicable,Fine,MISSION ROAD,NEAR BANK,1KM,0.0,0.0
Bengaluru City,Wilsongarden Traffic PS,1.04432e+16,2020,1,1,Road Accidents,Circle,City/Town,Open area,Human Error,No,Grievous Injury,Hit pedestrian,Uncontrolled,Straight and flat,Others,Bitumen(Tar),Dry,No influence on accident,Clear,KH Road Near K H Circle,Near K H Circle,1 km,0.0,0.0
Bengaluru City,Wilsongarden Traffic PS,1.04432e+16,2020,1,2,Road Accidents,Narrow road,City/Town,Open area,Human Error,Yes,Grievous Injury,Vehicle to Vehicle,No signal lights,Straight and flat,Others,Bitumen(Tar),Dry,No influence on accident,Clear,WILSONGARDEN 12th cross 10th main junction,NEAR PRESTIGE XCLUSICE SHOPING,600MTR,0.0,0.0
Bengaluru City,Wilsongarden Traffic PS,1.04432e+16,2020,1,2,Road Accidents,Narrow road,City/Town,Open area,Human Error,No,Damage Only,Vehicle to Vehicle,Uncontrolled,Others,One way,Bitumen(Tar),Dry,No influence on accident,Fine,LALBHAG ROAD,NEAR DIGVIJYA NEWS CHANNAL,1KM,0.0,0.0
Bengaluru City,Wilsongarden Traffic PS,1.04432e+16,2020,1,1,Road Accidents,Narrow road,City/Town,Residential area,Human Error,No,Not Applicable,Not Applicable,Uncontrolled,Others,One way,Bitumen(Tar),Dry,No influence on accident,Clear,wilsongarden 8th main,Near Donne Biriyani Hotel,300m,0.0,0.0
Bengaluru City,Wilsongarden Traffic PS,1.04432e+16,2020,1,2,Road Accidents,Not Applicable,City/Town,Open area,Human Error,Yes,Simple Injury,Vehicle to Vehicle,Not at  Junction,Straight and flat,Two way,Bitumen(Tar),Dry,No influence on accident,Clear,Dr Marigouda Road,Near Kannappa Auto Garrage,1 km,0.0,0.0
Bengaluru City,Wilsongarden Traffic PS,1.04432e+16,2020,1,2,Road Accidents,Narrow road,City/Town,Near Bus stop,Human Error,Yes,Grievous Injury,Hit bicyclist,Uncontrolled,Straight and flat,Two way,Concrete,Dry,No influence on accident,Fine,B T S ROAD,near bmtc bus stop,1KM,0.0,0.0
Bengaluru City,Wilsongarden Traffic PS,1.04432e+16,2020,1,1,Road Accidents,Junction,City/Town,Near Hospital,Human Error,No,Simple Injury,Hit bicyclist,Signal lights Automatic,Others,Two way,Bitumen(Tar),Dry,No influence on accident,Clear,DR MARIGOWDA ROAD,NEAR NIMHANS HOSPITAL,1KM,0.0,0.0
Bengaluru City,Wilsongarden Traffic PS,1.04432e+16,2020,1,2,Road Accidents,Junction,City/Town,Open area,Human Error,Yes,Grievous Injury,Vehicle to Vehicle,Uncontrolled,Straight and flat,Sub Arterial,Concrete,Dry,No influence on accident,Clear,BTS Road,Near 4th Cross,300m,0.0,0.0
Bengaluru City,Wilsongarden Traffic PS,1.04432e+16,2020,1,1,Road Accidents,Narrow road,City/Town,Near Hospital,Not Applicable,No,Grievous Injury,Not Applicable,Uncontrolled,Not Applicable,One way,Bitumen(Tar),Dry,Not Applicable,Fine,DR.MARIGOWDA ROAD,NEAR HOSPITAL,1KM,0.0,0.0
Bengaluru City,Wilsongarden Traffic PS,1.04432e+16,2020,1,2,Road Accidents,Narrow road,City/Town,Open area,Human Error,No,Grievous Injury,Vehicle to Vehicle,Uncontrolled,Others,Two way,Concrete,Dry,No influence on accident,Clear,B T S ROAD,OPP SHANTHINAGAR BUS STOP,1KM,0.0,0.0
Bengaluru City,Wilsongarden Traffic PS,1.04432e+16,2020,1,1,Road Accidents,Narrow road,City/Town,Near Bus stop,Human Error,Yes,Grievous Injury,Hit pedestrian,Uncontrolled,Others,Others,Bitumen(Tar),Dry,No influence on accident,Clear,DR.MARIGOWDA ROAD,7TH CROSS,500M,0.0,0.0
Bengaluru City,Wilsongarden Traffic PS,1.04432e+16,2020,1,2,Road Accidents,Junction,City/Town,Residential area,Human Error,Yes,Grievous Injury,Vehicle to Vehicle,Uncontrolled,Others,Two way,Bitumen(Tar),Dry,No influence on accident,Clear,WILSONGARDEN,11TH MAIN 12TH CROSS JUNCTION,500 M,0.0,0.0
Bengaluru City,Wilsongarden Traffic PS,1.04432e+16,2020,1,2,Road Accidents,Narrow road,City/Town,Near Bus stop,Not Applicable,Yes,Grievous Injury,Vehicle to Vehicle,Controlled,Not Applicable,One way,Bitumen(Tar),Dry,Not Applicable,Fine,KH ROAD,NEAR KH JUNCTION,1KM,0.0,0.0
Bengaluru City,Wilsongarden Traffic PS,1.04432e+16,2020,1,1,Road Accidents,Junction,City/Town,Near Petrol Pump,Human Error,No,Damage Only,Not Applicable,Police / Manual,Straight and flat,Two way,Bitumen(Tar),Dry,No influence on accident,Clear,DR.MARIGOWDA ROAD 10TH CROSS JUNCTION,10TH CROSS JUNCTION,500M,0.0,0.0
Bengaluru City,Wilsongarden Traffic PS,1.04432e+16,2020,1,2,Road Accidents,Not Applicable,City/Town,Near Bus stop,Human Error,No,Grievous Injury,Vehicle to Vehicle,Uncontrolled,Straight and flat,Two way,Concrete,Dry,No influence on accident,Clear,B T S ROAD,Near Shanthingara bus stop,500mtr,0.0,0.0
Bengaluru City,Wilsongarden Traffic PS,1.04432e+16,2020,1,2,Road Accidents,Junction,City/Town,Open area,Human Error,Yes,Grievous Injury,Vehicle to Vehicle,Uncontrolled,Others,Others,Bitumen(Tar),Dry,No influence on accident,Clear,WILSONGARDEN 12TH CROSS 8TH MAIN JUNCTION,NEAR LASSI BAR,500 MT,0.0,0.0
Bengaluru City,Wilsongarden Traffic PS,1.04432e+16,2020,1,1,Road Accidents,Narrow road,City/Town,Near Bus stop,Human Error,No,Fatal,Not Applicable,Uncontrolled,Straight and flat,Two way,Concrete,Dry,No influence on accident,Clear,B T S ROAD,NEAR SHANTHINAGAR BUS STOP,0.5KM,0.0,0.0
Bengaluru City,Wilsongarden Traffic PS,1.04432e+16,2020,1,2,Road Accidents,Narrow road,City/Town,Open area,Human Error,No,Grievous Injury,Vehicle to Vehicle,Uncontrolled,Straight and flat,One way,Bitumen(Tar),Dry,No influence on accident,Clear,MISSION ROAD FLY OVER,NEAR SHANTHINAGAR,1.5,0.0,0.0
Bengaluru City,Wilsongarden Traffic PS,1.04432e+16,2020,1,1,Road Accidents,Narrow road,City/Town,Open area,Human Error,No,Grievous Injury,Hit pedestrian,Uncontrolled,Others,Two way,Bitumen(Tar),Dry,No influence on accident,Clear,K H ROAD,Near olampiks sports shop,1km,0.0,0.0
Bengaluru City,Wilsongarden Traffic PS,1.04432e+16,2020,1,1,Road Accidents,Narrow road,City/Town,Near office complex,Not Applicable,No,Grievous Injury,Hit pedestrian,Uncontrolled,Not Applicable,One way,Bitumen(Tar),Dry,Not Applicable,Fine,LALBAG ROAD,NEAR  NEWS CHANNAL OFFICE,2KM,0.0,0.0
Bengaluru City,Wilsongarden Traffic PS,1.04432e+16,2020,1,2,Road Accidents,Narrow road,City/Town,Near Bus stop,Not Applicable,No,Damage Only,Vehicle to Vehicle,Controlled,Not Applicable,One way,Bitumen(Tar),Dry,Not Applicable,Fine,KH ROAD,NEAR BUS STOP,1KM,0.0,0.0
Bengaluru City,Wilsongarden Traffic PS,1.04432e+16,2020,1,2,Road Accidents,Cross roads,City/Town,Open area,Human Error,No,Grievous Injury,Vehicle to Vehicle,Not at  Junction,Straight and flat,Two way,Bitumen(Tar),Dry,No influence on accident,Clear,k s garden 2nd cross,near Prakash motors,2 km,0.0,0.0
Bengaluru City,Wilsongarden Traffic PS,1.04432e+16,2020,1,1,Road Accidents,Narrow road,City/Town,Near Bus stop,Not Applicable,No,Fatal,Not Applicable,Uncontrolled,Others,One way,Bitumen(Tar),Dry,Not Applicable,Fine,DR MARIGOWDA ROAD,NEAR HOPCOMS,1KM,0.0,0.0
Bengaluru City,Wilsongarden Traffic PS,1.04432e+16,2020,1,3,Road Accidents,Junction,City/Town,Open area,Human Error,No,Fatal,Vehicle to Vehicle,Controlled,Straight and flat,Major District Road,Bitumen(Tar),Dry,No influence on accident,Clear,Raja Ram Mohan Ray Road,Near Richmond Circle,2 km,0.0,0.0