DISTRICTNAME,UNITNAME,Crime_No,Year,RI,Noofvehicle_involved,Accident_Classification,Accident_Spot,Accident_Location,Accident_SubLocation,Main_Cause,Hit_Run,Severity,Collision_Type,Junction_Control,Road_Character,Road_Type,Surface_Type,Surface_Condition,Road_Condition,Weather,Accident_Road,Landmark_first,Distance_LandMark_First,Latitude,Longitude
Bengaluru City,Wilsongarden Traffic PS,1.04432e+16,2022,1,2,Road Accidents,Narrow road,City/Town,Near Bus stop,Human Error,No,Grievous Injury,Vehicle to Vehicle,Not at  Junction,Straight and flat,Sub Arterial,Bitumen(Tar),Dry,No influence on accident,Fine,10 th cross near Bus stop,Hombe gowda schoo ground,500mtr,0.0,0.0
Bengaluru City,Wilsongarden Traffic PS,1.04432e+16,2022,1,2,Road Accidents,Narrow road,City/Town,Open area,Human Error,Yes,Simple Injury,Vehicle to Vehicle,Uncontrolled,Straight and flat,Arterial,Concrete,Dry,No influence on accident,Clear,Kasthuribha Road,Near Kanteerava stadiam bwssb water tank office,2.5 km,0.0,0.0
Bengaluru City,Wilsongarden Traffic PS,1.04432e+16,2022,1,1,Road Accidents,Junction,City/Town,At pedestrian Crossing,Human Error,No,Grievous Injury,Hit pedestrian,Signal lights Automatic,Straight and flat,Sub Arterial,Bitumen(Tar),Dry,No influence on accident,Clear,K H Road,Shanthinagara junction,1.5 km,0.0,0.0
Bengaluru City,Wilsongarden Traffic PS,1.04432e+16,2022,1,2,Road Accidents,Narrow road,City/Town,Open area,Human Error,No,Simple Injury,Vehicle to Vehicle,Uncontrolled,Others,One way,Bitumen(Tar),Dry,No influence on accident,Fine,8TH MAIN 8TH CROSS,NEAR BAKE LAND BEKARY,100 MT,0.0,0.0
Bengaluru City,Wilsongarden Traffic PS,1.04432e+16,2022,1,2,Road Accidents,Narrow road,City/Town,Open area,Human Error,Yes,Fatal,Hit bicyclist,Uncontrolled,Others,Arterial,Bitumen(Tar),Dry,No influence on accident,Clear,R R M R ROAD,Near Bagemane pallavi Talkies,2.5 km,0.0,0.0
Bengaluru City,Wilsongarden Traffic PS,1.04432e+16,2022,1,2,Road Accidents,Narrow road,City/Town,Open area,Human Error,No,Grievous Injury,Vehicle to Vehicle,Uncontrolled,Straight and flat,Arterial,Bitumen(Tar),Dry,No influence on accident,Clear,K H Road,Near Union bank,700mtr,0.0,0.0
Bengaluru City,Wilsongarden Traffic PS,1.04432e+16,2022,1,2,Road Accidents,Narrow road,City/Town,Narrow bridge or culverts,Human Error,Yes,Grievous Injury,Vehicle to Vehicle,Not at  Junction,Straight and flat,Arterial,Bitumen(Tar),Dry,Not Applicable,Clear,K H Road,KH Road near Richmond flover upper ramp,1km,0.0,0.0
Bengaluru City,Wilsongarden Traffic PS,1.04432e+16,2022,1,2,Road Accidents,Narrow road,City/Town,Open area,Human Error,No,Damage Only,Vehicle to Vehicle,Uncontrolled,Straight and flat,Two way,Bitumen(Tar),Dry,No influence on accident,Clear,Dr.Marigowda road,NEAR SHELL PETROLBUNK,0.5KM,0.0,0.0
Bengaluru City,Wilsongarden Traffic PS,1.04432e+16,2022,1,1,Road Accidents,Narrow road,City/Town,Open area,Human Error,Yes,Fatal,Hit pedestrian,Not at  Junction,Straight and flat,Arterial,Bitumen(Tar),Dry,No influence on accident,Clear,Dr Marigouda Road,Near A K Arotech company,250m,0.0,0.0
Bengaluru City,Wilsongarden Traffic PS,1.04432e+16,2022,1,2,Road Accidents,Narrow road,City/Town,Open area,Human Error,No,Grievous Injury,Vehicle to Vehicle,Uncontrolled,Others,Arterial,Bitumen(Tar),Dry,No influence on accident,Clear,Dr.Marigowda road,Near Kidwai hospital,1KM,0.0,0.0
Bengaluru City,Wilsongarden Traffic PS,1.04432e+16,2022,1,3,Road Accidents,Narrow road,City/Town,Open area,Human Error,No,Grievous Injury,Vehicle to Vehicle,Not at  Junction,Straight and flat,Others,Bitumen(Tar),Dry,No influence on accident,Fine,K H ROAD,NEAR CITY PALACE,1 KM,0.0,0.0
Bengaluru City,Wilsongarden Traffic PS,1.04432e+16,2022,1,2,Road Accidents,Narrow road,City/Town,Open area,Human Error,Yes,Grievous Injury,Vehicle to Vehicle,Uncontrolled,Others,Two way,Bitumen(Tar),Dry,No influence on accident,Clear,K H Road,NEAR INDULAND BANK,1 km,0.0,0.0
Bengaluru City,Wilsongarden Traffic PS,1.04432e+16,2022,1,1,Road Accidents,Narrow road,City/Town,Open area,Human Error,No,Grievous Injury,Hit pedestrian,Not at  Junction,Straight and flat,Arterial,Bitumen(Tar),Dry,No influence on accident,Clear,Dr.Marigowda road,Near Hopcoms,600,0.0,0.0
Bengaluru City,Wilsongarden Traffic PS,1.04432e+16,2022,1,1,Road Accidents,Road hump or Rumble strips,City/Town,Near Bus stop,Human Error,Not Applicable,Grievous Injury,Not Applicable,Not at  Junction,Straight and flat,Others,Bitumen(Tar),Dry,No influence on accident,Fine,Dr.Marigowda road,NEAR WILSON GARDEN 7TH CROSS ROAD  BUS STOP,2 KM,0.0,0.0
Bengaluru City,Wilsongarden Traffic PS,1.04432e+16,2022,1,2,Road Accidents,Narrow road,City/Town,In bazaar,Human Error,Yes,Grievous Injury,Vehicle to Vehicle,Not at  Junction,Straight and flat,Others,Bitumen(Tar),Dry,No influence on accident,Fine,LALBAG MAIN ROAD,NEAR MVR GAS SHOP,2 KM,12.958586,77.586499
Bengaluru City,Wilsongarden Traffic PS,1.04432e+16,2022,1,1,Other Railway Accidents,Cross roads,City/Town,Open area,Human Error,No,Grievous Injury,Not Applicable,Not at  Junction,Straight and flat,Sub Arterial,Concrete,Dry,No influence on accident,Clear,BMTC DEPO ROAD,Near KSRTC Central ofice,1km,0.0,0.0
Bengaluru City,Wilsongarden Traffic PS,1.04432e+16,2022,1,1,Road Accidents,Not Applicable,City/Town,Near Bus stop,Human Error,No,Grievous Injury,Hit pedestrian,Uncontrolled,Straight and flat,Two way,Bitumen(Tar),Dry,No influence on accident,Clear,Dr.Marigowda road,Near Lakkasandra bus stop,700mtr,0.0,0.0
Bengaluru City,Wilsongarden Traffic PS,1.04432e+16,2022,1,2,Road Accidents,Narrow road,City/Town,Open area,Human Error,No,Grievous Injury,Vehicle to Vehicle,Not at  Junction,Straight and flat,Sub Arterial,Bitumen(Tar),Dry,No influence on accident,Clear,RRMR Road,IBIS Hotel,2km,0.0,0.0
Bengaluru City,Wilsongarden Traffic PS,1.04432e+16,2022,1,2,Road Accidents,Narrow road,City/Town,Open area,Human Error,No,Grievous Injury,Vehicle to Vehicle,Not at  Junction,Straight and flat,Two way,Bitumen(Tar),Dry,No influence on accident,Fine,KH ROAD,NEAR CITY PALACE,1 KM,0.0,0.0
Bengaluru City,Wilsongarden Traffic PS,1.04432e+16,2022,1,2,Road Accidents,Junction,City/Town,Open area,Human Error,Yes,Not Applicable,Vehicle to Vehicle,Signal lights Automatic,Straight and flat,Arterial,Bitumen(Tar),Dry,Not Applicable,Fine,Dr.Marigowda road near 12 th cross,0,1 km,0.0,0.0
Bengaluru City,Wilsongarden Traffic PS,1.04432e+16,2022,1,2,Road Accidents,Narrow road,City/Town,Open area,Human Error,Yes,Grievous Injury,Vehicle to Vehicle,Uncontrolled,Straight and flat,Sub Arterial,Bitumen(Tar),Dry,No influence on accident,Clear,Wilson Garden Main Road,Near Rani park,500m,0.0,0.0
Bengaluru City,Wilsongarden Traffic PS,1.04432e+16,2022,1,1,Road Accidents,Junction,City/Town,Open area,Human Error,No,Damage Only,Not Applicable,Signal lights Automatic,Others,Sub Arterial,Bitumen(Tar),Dry,No influence on accident,Clear,Dr Marigouda Road,Near band factroy,700m,0.0,0.0
Bengaluru City,Wilsongarden Traffic PS,1.04432e+16,2022,1,1,Road Accidents,Narrow road,City/Town,Narrow bridge or culverts,Human Error,No,Grievous Injury,Hit pedestrian,Not at  Junction,Straight and flat,Sub Arterial,Bitumen(Tar),Dry,No influence on accident,Fine,K H Road,Fly over up Ramp,1.00km,0.0,0.0
Bengaluru City,Wilsongarden Traffic PS,1.04432e+16,2022,1,1,Road Accidents,Narrow road,City/Town,Near School or College,Human Error,Yes,Grievous Injury,Hit pedestrian,Not at  Junction,Straight and flat,Others,Bitumen(Tar),Dry,No influence on accident,Fine,Wilson garden main road,near nethaji school,300,0.0,0.0
Bengaluru City,Wilsongarden Traffic PS,1.04432e+16,2022,1,2,Road Accidents,Narrow road,City/Town,Open area,Human Error,No,Grievous Injury,Vehicle to Vehicle,Not at  Junction,Straight and flat,Sub Arterial,Bitumen(Tar),Dry,No influence on accident,Fine,R R M R Road,NEAR IBIS HOTEL,02 KM,0.0,0.0
Bengaluru City,Wilsongarden Traffic PS,1.04432e+16,2023,1,2,Road Accidents,Junction,City/Town,Open area,Human Error,Yes,Grievous Injury,Vehicle to Vehicle,Not Applicable,Straight and flat,Others,Bitumen(Tar),Dry,No influence on accident,Fine,H SIDDAIAH ROAD,NEAR WILSON GARDEN POLICE STATION,100 mt,12.950126,77.596541
Bengaluru City,Wilsongarden Traffic PS,1.04432e+16,2023,1,2,Road Accidents,Cross roads,City/Town,Near Bus stop,Human Error,No,Simple Injury,Vehicle to Vehicle,Not at  Junction,Others,Two way,Bitumen(Tar),Dry,Not Applicable,Others,BBMP WARD OFFICE,WILSON GARDEN MAIN ROAD,1.5 KM,12.943585,77.598088
Bengaluru City,Wilsongarden Traffic PS,1.04432e+16,2023,1,2,Road Accidents,Narrow road,City/Town,Near office complex,Human Error,No,Grievous Injury,Vehicle to Vehicle,Not at  Junction,Straight and flat,Others,Bitumen(Tar),Dry,No influence on accident,Fine,DR. Marigowda road,opposite HMG stone,2 km,0.0,0.0
Bengaluru City,Wilsongarden Traffic PS,1.04432e+16,2023,1,1,Road Accidents,Circle,City/Town,Near Bus stop,Human Error,Yes,Simple Injury,Hit pedestrian,Controlled,Others,Two way,Bitumen(Tar),Dry,Not Applicable,Fine,DR MARIGOWDA ROAD,NEAR LALBAG,1.5 KM,12.952323,77.588209
Bengaluru City,Wilsongarden Traffic PS,1.04432e+16,2023,1,2,Road Accidents,Narrow road,City/Town,Near Hospital,Human Error,Yes,Grievous Injury,Hit pedestrian,Not at  Junction,Straight and flat,Arterial,Bitumen(Tar),Not Applicable,Not Applicable,Clear,100,0,02 KM,12.943133,77.597356
Bengaluru City,Wilsongarden Traffic PS,1.04432e+16,2023,1,2,Road Accidents,Cross roads,City/Town,Near office complex,Human Error,No,Grievous Injury,Vehicle to Vehicle,Not at  Junction,Straight and flat,Others,Bitumen(Tar),Dry,No influence on accident,Fine,T.MARIYAPPA ROAD,NEAR SLN HOTEL,2 KM,0.0,0.0
Bengaluru City,Wilsongarden Traffic PS,1.04432e+16,2023,1,2,Road Accidents,Narrow road,City/Town,Open area,Human Error,No,Damage Only,Vehicle to Vehicle,Not at  Junction,Others,Others,Concrete,Dry,Drainage Ditch,Clear,BMTC Head office C Block Near,BMTC Head office C Block Near,400 m,0.0,0.0
Bengaluru City,Wilsongarden Traffic PS,1.04432e+16,2023,1,3,Road Accidents,Narrow road,City/Town,Open area,Human Error,No,Grievous Injury,Vehicle to Vehicle,Not Applicable,Others,Residential Street,Bitumen(Tar),Dry,No influence on accident,Clear,Byrasandra 1st main Road,1,1,12.932626,77.589506
Bengaluru City,Wilsongarden Traffic PS,1.04432e+16,2023,1,2,Road Accidents,Circle,City/Town,Open area,Human Error,No,Damage Only,Vehicle to Vehicle,Police / Manual,Curve,Arterial,Bitumen(Tar),Others,No influence on accident,Clear,DR. Marigowda road Near K.H Circle,1,1,0.0,0.0
Bengaluru City,Wilsongarden Traffic PS,1.04432e+16,2023,1,1,Road Accidents,Narrow road,City/Town,Open area,Human Error,Yes,Grievous Injury,Hit pedestrian,Not at  Junction,Others,Others,Bitumen(Tar),Dry,No influence on accident,Fine,"2nd cross, wilson garden",canada house apartment,500mtr,12.950849,77.592718
Bengaluru City,Wilsongarden Traffic PS,1.04432e+16,2023,1,1,Road Accidents,Narrow road,City/Town,Residential area,Human Error,No,Fatal,Hit pedestrian,Not at  Junction,Straight and flat,Arterial,Bitumen(Tar),Not Applicable,Not Applicable,Clear,DR. Marigowda road,Near 12th cross Junction,1.5 Km,0.0,0.0
Bengaluru City,Wilsongarden Traffic PS,1.04432e+16,2023,1,1,Road Accidents,Narrow road,City/Town,Near or inside a village,Human Error,No,Grievous Injury,Hit bicyclist,Not at  Junction,Straight and flat,Others,Bitumen(Tar),Dry,No influence on accident,Fine,SIDDAPURA ROAD,VENKATAREDDY NAGARA,2 KM,12.946335,77.589921
Bengaluru City,Wilsongarden Traffic PS,1.04432e+16,2023,1,2,Road Accidents,Narrow road,City/Town,Open area,Vehicle Defect,No,Damage Only,Vehicle to Vehicle,Not at  Junction,Straight and flat,Others,Bitumen(Tar),Dry,No influence on accident,Fine,DR. Marigowda road,Near veking crene service centre,500mtr,0.0,0.0
Bengaluru City,Wilsongarden Traffic PS,1.04432e+16,2023,1,2,Road Accidents,Circle,City/Town,Open area,Human Error,No,Not Applicable,Vehicle to Vehicle,No signal lights,Curve,Others,Concrete,Dry,No influence on accident,Fine,T.MARIYAPPA ROAD,NEAR ASHOKA PILLAR,1.8KM,0.0,0.0
Bengaluru City,Wilsongarden Traffic PS,1.04432e+16,2023,1,1,Road Accidents,Narrow road,City/Town,Near Bus stop,Human Error,No,Grievous Injury,Hit pedestrian,Not at  Junction,Straight and flat,Others,Bitumen(Tar),Dry,No influence on accident,Fine,DR. Marigowda road,NEAR HOPCOMS,1 km,0.0,0.0
Bengaluru City,Wilsongarden Traffic PS,1.04432e+16,2023,1,2,Road Accidents,Circle,City/Town,Near School or College,Vehicle Defect,No,Damage Only,Vehicle to Vehicle,Not at  Junction,Others,Two way,Bitumen(Tar),Dry,No influence on accident,Clear,"Ashok Piller Circle,siddapura,BNG 560011",NEAR ASHOKA PILLAR,1.5 KM,12.943662,77.585272
Bengaluru City,Wilsongarden Traffic PS,1.04432e+16,2023,1,1,Road Accidents,Narrow road,City/Town,Near office complex,Human Error,No,Grievous Injury,Hit pedestrian,Not Applicable,Straight and flat,Others,Bitumen(Tar),Dry,No influence on accident,Fine,DR MARIGOWDA ROAD,near madhus tyres opposite,1 KM,12.950511,77.59231
Bengaluru City,Wilsongarden Traffic PS,1.04432e+16,2023,1,2,Road Accidents,Narrow road,City/Town,Near Bus stop,Human Error,No,Grievous Injury,Vehicle to Vehicle,Not Applicable,Straight and flat,Others,Concrete,Dry,No influence on accident,Fine,BTS ROAD,NEAR SHANTHINAGARA BUS STOP,600 mt,0.0,0.0
Bengaluru City,Wilsongarden Traffic PS,1.04432e+16,2023,1,1,Road Accidents,Junction,City/Town,Open area,Human Error,Yes,Simple Injury,Hit pedestrian,No signal lights,Straight and flat,Others,Concrete,Dry,No influence on accident,Clear,BTS MAIN ROAD,Indira Canteen 9 th cross BTS Road,600mtr,0.0,0.0
Bengaluru City,Wilsongarden Traffic PS,1.04432e+16,2023,1,2,Road Accidents,Circle,City/Town,Near Bus stop,Vehicle Defect,No,Damage Only,Vehicle to Vehicle,Police / Manual,Others,Others,Bitumen(Tar),Dry,No influence on accident,Fine,K H CIRCLE,NEAR LALBAG,1 KM,12.951547,77.590643
Bengaluru City,Wilsongarden Traffic PS,1.04432e+16,2023,1,2,Road Accidents,Narrow road,City/Town,Near Bus stop,Human Error,No,Grievous Injury,Vehicle to Vehicle,Not at  Junction,Straight and flat,Two way,Bitumen(Tar),Dry,No influence on accident,Fine,SIDDAPURA MAIN ROAD,NEAR LALBAG SOUTH GATE,2KM,12.94663,77.588054
Bengaluru City,Wilsongarden Traffic PS,1.04432e+16,2023,1,1,Road Accidents,Narrow road,City/Town,Residential area,Human Error,No,Grievous Injury,Hit pedestrian,Not at  Junction,Straight and flat,Others,Bitumen(Tar),Dry,No influence on accident,Fine,JAYANAGARA 1ST BLOCK,SOMESHWARA NAGARA,1.5 KM,0.0,0.0
Bengaluru City,Wilsongarden Traffic PS,1.04432e+16,2023,1,2,Road Accidents,Junction,City/Town,Open area,Human Error,No,Grievous Injury,Vehicle to Vehicle,Signal lights Automatic,Slight Curve,Arterial,Bitumen(Tar),Dry,No influence on accident,Clear,DR. Marigowda road,nill,100 mt,12.949344,77.59332
Bengaluru City,Wilsongarden Traffic PS,1.04432e+16,2023,1,2,Road Accidents,Junction,City/Town,Open area,Human Error,Yes,Grievous Injury,Vehicle to Vehicle,No signal lights,Straight and flat,Others,Concrete,Dry,No influence on accident,Clear,BTS MAIN ROAD,Indira Canteen 9 th cross BTS Road,600mtr,0.0,0.0
Bengaluru City,Wilsongarden Traffic PS,1.04432e+16,2023,1,2,Road Accidents,Narrow road,City/Town,Near Hospital,Human Error,No,Grievous Injury,Vehicle to Vehicle,Not at  Junction,Straight and flat,Others,Bitumen(Tar),Dry,No influence on accident,Fine,DR MARIGOWDA ROAD,NEAR DAIRY CIRCLE DOWN RAMP,2 KM,12.937257,77.601267
Bengaluru City,Wilsongarden Traffic PS,1.04432e+16,2023,1,1,Road Accidents,Narrow road,City/Town,Near School or College,Human Error,No,Grievous Injury,Not Applicable,Not at  Junction,Hump,Others,Bitumen(Tar),Dry,No influence on accident,Fine,DR. Marigowda road,Alah Ameene colleage near,2 km,0.0,0.0
Bengaluru City,Wilsongarden Traffic PS,1.04432e+16,2023,1,2,Road Accidents,Narrow road,City/Town,Open area,Human Error,No,Simple Injury,Vehicle to Vehicle,Not at  Junction,Straight and flat,Others,Bitumen(Tar),Dry,No influence on accident,Fine,DR. Marigowda road,dairy circle upper ramp,2.5 km,0.0,0.0
Bengaluru City,Wilsongarden Traffic PS,1.04432e+16,2023,1,1,Road Accidents,Narrow road,City/Town,Near Bus stop,Human Error,No,Grievous Injury,Hit pedestrian,Not at  Junction,Straight and flat,Others,Bitumen(Tar),Dry,No influence on accident,Fine,DR. Marigowda road,NERA ELECTRIC CEMETRY CENTRE,600 MT,0.0,0.0
Bengaluru City,Wilsongarden Traffic PS,1.04432e+16,2023,1,2,Road Accidents,Junction,City/Town,Open area,Human Error,Yes,Damage Only,Vehicle to Vehicle,Controlled,Straight and flat,Others,Bitumen(Tar),Dry,No influence on accident,Clear,KH ROAD,RIVOLI HOTEL,1KM,0.0,0.0
Bengaluru City,Wilsongarden Traffic PS,1.04432e+16,2023,1,2,Road Accidents,Junction,City/Town,Open area,Human Error,No,Not Applicable,Vehicle to Vehicle,Controlled,Straight and flat,Sub Arterial,Concrete,Dry,No influence on accident,Clear,SIDDAPURA ROAD,LALBAGH SOUTH GATE,2KM,0.0,0.0
Bengaluru City,Wilsongarden Traffic PS,1.04432e+16,2023,1,2,Road Accidents,Narrow road,City/Town,Near a factory industrial area,Human Error,No,Damage Only,Vehicle to Vehicle,Not at  Junction,Others,Others,Bitumen(Tar),Dry,No influence on accident,Fine,DR MARIGOWDA ROAD,NEAR SHELL PETROLL BUNK,1 KM,12.949391,77.593139
Bengaluru City,Wilsongarden Traffic PS,1.04432e+16,2023,1,1,Road Accidents,Cross roads,City/Town,Open area,Human Error,No,Grievous Injury,Hit pedestrian,Not at  Junction,Straight and flat,Others,Bitumen(Tar),Dry,No influence on accident,Fine,"K H ROAD, BASAPPA CROSS",NEAR UNION BANK,2 KM,12.958454,77.593201
Bengaluru City,Wilsongarden Traffic PS,1.04432e+16,2023,1,1,Road Accidents,Narrow road,City/Town,Near Hospital,Human Error,No,Fatal,Hit pedestrian,Not at  Junction,Straight and flat,Others,Concrete,Dry,No influence on accident,Clear,T MARIYAPPA ROAD,Near Maiah hospital,2km,12.942262,77.585142
Bengaluru City,Wilsongarden Traffic PS,1.04432e+16,2023,1,2,Road Accidents,Junction,City/Town,Open area,Human Error,No,Grievous Injury,Vehicle to Vehicle,Controlled,Sharp Curve,Arterial,Bitumen(Tar),Dry,No influence on accident,Fine,lalbagh road,NEAR URVASHI THEATER,1.8KM,0.0,0.0
Bengaluru City,Wilsongarden Traffic PS,1.04432e+16,2023,1,2,Road Accidents,Not Applicable,City/Town,Near Bus stop,Human Error,No,Grievous Injury,Vehicle to Vehicle,Not at  Junction,Straight and flat,Arterial,Bitumen(Tar),Dry,No influence on accident,Clear,DR. Marigowda road,Kidwai Hospital,1.2KM,12.938514,77.598399
Bengaluru City,Wilsongarden Traffic PS,1.04432e+16,2023,1,2,Road Accidents,Junction,City/Town,Open area,Human Error,No,Damage Only,Vehicle to Vehicle,Controlled,Curve,Arterial,Bitumen(Tar),Dry,No influence on accident,Clear,DR. Marigowda road,A2B hotel,1.8KM,0.0,0.0
Bengaluru City,Wilsongarden Traffic PS,1.04432e+16,2023,1,3,Road Accidents,Not Applicable,City/Town,Near Hospital,Human Error,Yes,Grievous Injury,Vehicle to Vehicle,Not at  Junction,Straight and flat,Two way,Bitumen(Tar),Dry,No influence on accident,Clear,DR MARIGOWDA ROAD,Kidwai Hospital,2.5 km,12.938131,77.598861
Bengaluru City,Wilsongarden Traffic PS,1.04432e+16,2023,1,2,Road Accidents,Junction,City/Town,Near Bus stop,Human Error,No,Damage Only,Vehicle to Vehicle,Signals (Working),Straight and flat,Others,Bitumen(Tar),Dry,No influence on accident,Clear,K H Road,BMTC JUNCTION,1KM,12.955806,77.592194
Bengaluru City,Wilsongarden Traffic PS,1.04432e+16,2023,1,2,Road Accidents,Cross roads,City/Town,Near Bus stop,Human Error,No,Simple Injury,Vehicle to Vehicle,Not at  Junction,Others,Two way,Bitumen(Tar),Dry,Not Applicable,Fine,"BASAPPA ROAD, SHANTI NAGARA",BASAPPA ROAD,1.5 KM,12.957986,77.59683
Bengaluru City,Wilsongarden Traffic PS,1.04432e+16,2023,1,2,Road Accidents,Junction,City/Town,Near Bus stop,Human Error,No,Fatal,Vehicle to Vehicle,Controlled,Not Applicable,Two way,Bitumen(Tar),Dry,No influence on accident,Clear,K H Road,1,1,12.956103,77.592287
Bengaluru City,Wilsongarden Traffic PS,1.04432e+16,2023,1,2,Road Accidents,Narrow road,City/Town,Near office complex,Human Error,No,Damage Only,Vehicle to Vehicle,Not at  Junction,Straight and flat,Others,Concrete,Dry,No influence on accident,Fine,BTS ROAD,NEAR MANDOVI SHOWROOM,600mtr,0.0,0.0
Bengaluru City,Wilsongarden Traffic PS,1.04432e+16,2023,1,1,Road Accidents,Narrow road,City/Town,Near Hospital,Human Error,Yes,Grievous Injury,Hit pedestrian,Not at  Junction,Straight and flat,Others,Bitumen(Tar),Dry,No influence on accident,Fine,DR. Marigowda road,NEAR KIDWAYI HOSPITAL,2 KM,12.93847,77.598456
Bengaluru City,Wilsongarden Traffic PS,1.04432e+16,2023,1,2,Road Accidents,Narrow road,City/Town,Near Bus stop,Human Error,No,Grievous Injury,Vehicle to Vehicle,Not at  Junction,Straight and flat,Others,Concrete,Dry,No influence on accident,Fine,BTS MAIN ROAD,NEAR SHANTHINAGARA BUS STOP,1 km,12.954715,77.592679
Bengaluru City,Wilsongarden Traffic PS,1.04432e+16,2023,1,2,Road Accidents,Narrow road,City/Town,Near Hospital,Human Error,No,Grievous Injury,Vehicle to Vehicle,Not at  Junction,Straight and flat,Others,Bitumen(Tar),Dry,No influence on accident,Fine,DR. Marigowda road,near dairy circle down ramp,2 km,12.937719,77.599159
Bengaluru City,Wilsongarden Traffic PS,1.04432e+16,2023,1,2,Road Accidents,Not Applicable,City/Town,Near Hospital,Human Error,No,Damage Only,Vehicle to Vehicle,Not at  Junction,Straight and flat,Arterial,Bitumen(Tar),Dry,No influence on accident,Clear,DR. Marigowda road,Nimhans hospital,1.8KM,0.0,0.0
Bengaluru City,Wilsongarden Traffic PS,1.04432e+16,2023,1,1,Road Accidents,Not Applicable,City/Town,Open area,Human Error,Not Applicable,Grievous Injury,Not Applicable,Not at  Junction,Straight and flat,Others,Bitumen(Tar),Dry,No influence on accident,Clear,12 Cross road wilson garden,Sannidi castel Appartment,1.5,0.0,0.0
Bengaluru City,Wilsongarden Traffic PS,1.04432e+16,2023,1,2,Road Accidents,Narrow road,City/Town,Near Bus stop,Vehicle Defect,Yes,Damage Only,Vehicle to Vehicle,Not at  Junction,Straight and flat,Others,Bitumen(Tar),Dry,No influence on accident,Fine,H SIDDAIAH ROAD,NEAR BMTC BUS STOP SHANTHI NAGARA,2 KM,12.953729,77.591678
Bengaluru City,Wilsongarden Traffic PS,1.04432e+16,2023,1,2,Road Accidents,Narrow road,City/Town,Near office complex,Human Error,No,Simple Injury,Vehicle to Vehicle,Uncontrolled,Steep Incline or Climb,One way,Bitumen(Tar),Dry,No influence on accident,Fine,DR MARIGOWDA ROAD,WILSON GARDEN 12TH CROSS JUNCTION,2 km,12.945408,77.596601
Bengaluru City,Wilsongarden Traffic PS,1.04432e+16,2023,1,1,Road Accidents,Not Applicable,City/Town,Near Bus stop,Human Error,Not Applicable,Fatal,Not Applicable,Not at  Junction,Straight and flat,Sub Arterial,Bitumen(Tar),Dry,No influence on accident,Cloudy,K H Road,NEAR BMTC JUNCTION,50 MTR,12.956068,77.592286
Bengaluru City,Wilsongarden Traffic PS,1.04432e+16,2023,1,2,Road Accidents,Junction,City/Town,Near Bus stop,Human Error,No,Grievous Injury,Vehicle to Vehicle,Uncontrolled,Straight and flat,One way,Bitumen(Tar),Dry,No influence on accident,Fine,wilson garden 11 main road,12th cross,800mtr,12.946274,77.597184
Bengaluru City,Wilsongarden Traffic PS,1.04432e+16,2023,1,2,Road Accidents,Narrow road,City/Town,Open area,Human Error,No,Grievous Injury,Vehicle to Vehicle,Not at  Junction,Others,Others,Bitumen(Tar),Dry,No influence on accident,Fine,SIDDAPURA MAIN ROAD,NEAR AMUDHAM CAFE,1KM,12.949367,77.593286
Bengaluru City,Wilsongarden Traffic PS,1.04432e+16,2023,1,2,Road Accidents,Junction,City/Town,Open area,Vehicle Defect,No,Damage Only,Vehicle to Vehicle,Uncontrolled,Others,Others,Bitumen(Tar),Dry,No influence on accident,Fine,DR. Marigowda road,LALBAG EAST GATE,800 MT,0.0,0.0
Bengaluru City,Wilsongarden Traffic PS,1.04432e+16,2023,1,2,Road Accidents,Junction,City/Town,Open area,Human Error,Yes,Grievous Injury,Vehicle to Vehicle,Uncontrolled,Straight and flat,Others,Bitumen(Tar),Dry,No influence on accident,Fine,WILSON GARDEN 12 CROSS ROAD,WILSON GARDEN 11TH MAIN ROAD JUNCTION,1 KM,12.946296,77.59719
Bengaluru City,Wilsongarden Traffic PS,1.04432e+16,2023,1,2,Road Accidents,Narrow road,City/Town,Near School or College,Human Error,Yes,Grievous Injury,Vehicle to Vehicle,Not Applicable,Not Applicable,Others,Concrete,Dry,Not Applicable,Fog / Mist,BTS MAIN ROAD,OUT RICH SCHOOL,1 KM,12.953803,77.594288
Bengaluru City,Wilsongarden Traffic PS,1.04432e+16,2023,1,2,Road Accidents,Circle,City/Town,Near Bus stop,Human Error,Not Applicable,Fatal,Vehicle to Vehicle,Controlled,Others,Two way,Bitumen(Tar),Dry,Not Applicable,Others,T.MARIYAPPA ROAD,NEAR GIRIYAS SHOP,2KM,12.941617,77.585127
Bengaluru City,Wilsongarden Traffic PS,1.04432e+16,2023,1,1,Road Accidents,Narrow road,City/Town,Near Hospital,Human Error,No,Fatal,Hit bicyclist,Not Applicable,Straight and flat,Arterial,Bitumen(Tar),Dry,No influence on accident,Clear,DR. Marigowda road,No Scratch,600 mt,0.0,0.0
Bengaluru City,Wilsongarden Traffic PS,1.04432e+16,2023,1,2,Road Accidents,Circle,City/Town,Open area,Human Error,No,Not Applicable,Vehicle to Vehicle,No signal lights,Slight Curve,Arterial,Bitumen(Tar),Dry,No influence on accident,Fine,DR. Marigowda road,NEAR LALBAGH EAST GATE,700MTR,0.0,0.0