DISTRICTNAME,UNITNAME,Crime_No,Year,RI,Noofvehicle_involved,Accident_Classification,Accident_Spot,Accident_Location,Accident_SubLocation,Main_Cause,Hit_Run,Severity,Collision_Type,Junction_Control,Road_Character,Road_Type,Surface_Type,Surface_Condition,Road_Condition,Weather,Accident_Road,Landmark_first,Distance_LandMark_First,Latitude,Longitude
Bengaluru City,Yelahanka Traffic PS,1.04432e+16,2016,1,2,Road Accidents,Narrow road,City/Town,Near Bus stop,Human Error,Yes,Grievous Injury,Side swipe,Uncontrolled,Straight and flat,City or Town Road,Bitumen(Tar),Dry,No influence on accident,Clear,MSU Road,Electric Pole,55 F,0.0,0.0
Bengaluru City,Yelahanka Traffic PS,1.04432e+16,2016,1,2,Road Accidents,Junction,City/Town,Near office complex,Human Error,Yes,Grievous Injury,Head on,Uncontrolled,Straight and flat,City or Town Road,Bitumen(Tar),Dry,No influence on accident,Cloudy,Jakkur Main Road,Electric Pole,65 F,0.0,0.0
Bengaluru City,Yelahanka Traffic PS,1.04432e+16,2016,1,2,Road Accidents,Narrow road,City/Town,Open area,Human Error,Yes,Fatal,Side swipe,Uncontrolled,Straight and flat,NH,Bitumen(Tar),Dry,No influence on accident,Clear,B.B.Road,Electric Pole,65 F,0.0,0.0
Bengaluru City,Yelahanka Traffic PS,1.04432e+16,2016,1,2,Road Accidents,Junction,City/Town,Near Bus stop,Human Error,Yes,Damage Only,Right Turn Collision,Signal lights Automatic,Straight and flat,NH,Bitumen(Tar),Dry,No influence on accident,Cloudy,B.B.road,Electric Pole,60 F,0.0,0.0
Bengaluru City,Yelahanka Traffic PS,1.04432e+16,2016,1,1,Road Accidents,Narrow road,City/Town,Open area,Human Error,No,Fatal,Hit fixed object,Uncontrolled,Straight and flat,NH,Bitumen(Tar),Dry,No influence on accident,Cloudy,B.B.Road,Elecric Pole,65 F,0.0,0.0
Bengaluru City,Yelahanka Traffic PS,1.04432e+16,2016,1,1,Road Accidents,Curves,City/Town,Near Bus stop,Human Error,No,Grievous Injury,Hit pedestrian,Uncontrolled,Slight Curve,City or Town Road,Bitumen(Tar),Dry,No influence on accident,Clear,Electric Pole,Electric Pole,65 F,0.0,0.0
Bengaluru City,Yelahanka Traffic PS,1.04432e+16,2016,1,2,Road Accidents,Narrow road,City/Town,Narrow bridge or culverts,Human Error,No,Grievous Injury,Others,Uncontrolled,Straight and flat,NH,Bitumen(Tar),Dry,No influence on accident,Fine,B.B.Road,Electric Pole,45 F,0.0,0.0
Bengaluru City,Yelahanka Traffic PS,1.04432e+16,2016,1,2,Road Accidents,Narrow road,City/Town,Open area,Human Error,No,Fatal,Side swipe,Uncontrolled,Straight and flat,NH,Bitumen(Tar),Dry,No influence on accident,Cloudy,B.B.Road,Electric Pole,50 F,0.0,0.0
Bengaluru City,Yelahanka Traffic PS,1.04432e+16,2016,1,3,Road Accidents,Curves,City/Town,Near or inside a village,Human Error,No,Simple Injury,Others,Not Applicable,Curve,Village Road,Bitumen(Tar),Dry,Not Applicable,Clear,VELLGE ROAD,ECECTRICAL ROAD,101 FE,0.0,0.0
Bengaluru City,Yelahanka Traffic PS,1.04432e+16,2016,1,2,Road Accidents,Junction,City/Town,Near Petrol Pump,Human Error,No,Simple Injury,Not Applicable,Controlled,Curve,City or Town Road,Bitumen(Tar),Dry,Not Applicable,Cloudy,B.B road,Electrical pol,116,0.0,0.0
Bengaluru City,Yelahanka Traffic PS,1.04432e+16,2016,1,2,Road Accidents,Narrow road,City/Town,Residential area,Human Error,Yes,Fatal,Head on,Uncontrolled,Straight and flat,City or Town Road,Bitumen(Tar),Dry,No influence on accident,Clear,Jakkur Main Road,Electric Pole,50 F,0.0,0.0
Bengaluru City,Yelahanka Traffic PS,1.04432e+16,2016,1,2,Road Accidents,Junction,City/Town,Open area,Human Error,No,Damage Only,Rear end,Signal lights Automatic,Others,City or Town Road,Bitumen(Tar),Dry,No influence on accident,Clear,D.B.Pura Road,Electric Pole,50 F,0.0,0.0
Bengaluru City,Yelahanka Traffic PS,1.04432e+16,2016,1,2,Road Accidents,Narrow road,City/Town,Near School or College,Human Error,No,Grievous Injury,Rear end,Uncontrolled,Straight and flat,NH,Bitumen(Tar),Dry,No influence on accident,Clear,B.B.Road,Electric Pole,50 F,0.0,0.0
Bengaluru City,Yelahanka Traffic PS,1.04432e+16,2016,1,1,Road Accidents,Narrow road,City/Town,Residential area,Human Error,No,Grievous Injury,Others,Uncontrolled,Straight and flat,City or Town Road,Bitumen(Tar),Dry,No influence on accident,Clear,Judicial Layout Road,Electric Pole,50 F,0.0,0.0
Bengaluru City,Yelahanka Traffic PS,1.04432e+16,2016,1,2,Road Accidents,Narrow road,City/Town,Near a factory industrial area,Human Error,Yes,Grievous Injury,Rear end,Uncontrolled,Straight and flat,NH,Bitumen(Tar),Dry,No influence on accident,Clear,B.B.Road On Flyover,Electric Pole,13 F,0.0,0.0
Bengaluru City,Yelahanka Traffic PS,1.04432e+16,2016,1,1,Road Accidents,Junction,City/Town,Near Bus stop,Human Error,No,Grievous Injury,Hit pedestrian,Signal lights Manual,Straight and flat,State Highway,Bitumen(Tar),Dry,No influence on accident,Cloudy,D.B.Pura Main Road,Electric Pole,65 F,0.0,0.0
Bengaluru City,Yelahanka Traffic PS,1.04432e+16,2016,1,1,Road Accidents,Junction,City/Town,Near Bus stop,Human Error,Yes,Grievous Injury,Hit pedestrian,Signal lights Manual,Straight and flat,NH,Bitumen(Tar),Dry,No influence on accident,Cloudy,B.B.Road,Pillor Pole,35 F,0.0,0.0
Bengaluru City,Yelahanka Traffic PS,1.04432e+16,2016,1,1,Road Accidents,Narrow road,City/Town,Near Bus stop,Human Error,No,Grievous Injury,Hit pedestrian,Uncontrolled,Straight and flat,State Highway,Bitumen(Tar),Dry,No influence on accident,Clear,D.B.Pura Road,Electric Pole,55 F,0.0,0.0
Bengaluru City,Yelahanka Traffic PS,1.04432e+16,2016,1,2,Road Accidents,Narrow road,City/Town,Near a factory industrial area,Human Error,No,Grievous Injury,Head on,Uncontrolled,Straight and flat,City or Town Road,Bitumen(Tar),Dry,No influence on accident,Clear,B.B.Road,Electric Pole,65 F,0.0,0.0
Bengaluru City,Yelahanka Traffic PS,1.04432e+16,2016,1,1,Road Accidents,Narrow road,City/Town,Near Bus stop,Human Error,No,Simple Injury,Rear end,Uncontrolled,Straight and flat,NH,Bitumen(Tar),Dry,No influence on accident,Clear,B.B.Road,Electric Pole,50 F,0.0,0.0
Bengaluru City,Yelahanka Traffic PS,1.04432e+16,2016,1,2,Road Accidents,Narrow road,City/Town,Near Bus stop,Human Error,No,Grievous Injury,Rear end,Uncontrolled,Straight and flat,NH,Bitumen(Tar),Dry,No influence on accident,Clear,B.B.Road,Electric Pole,65 F,0.0,0.0
Bengaluru City,Yelahanka Traffic PS,1.04432e+16,2016,1,1,Road Accidents,Narrow road,City/Town,Residential area,Human Error,No,Grievous Injury,Hit parked vehicle,Uncontrolled,Straight and flat,State Highway,Bitumen(Tar),Dry,No influence on accident,Cloudy,D.B.Pura Road,Electric Pole,55 F,0.0,0.0
Bengaluru City,Yelahanka Traffic PS,1.04432e+16,2016,1,2,Road Accidents,Junction,City/Town,Near Bus stop,Human Error,No,Grievous Injury,Head on,Uncontrolled,Straight and flat,NH,Bitumen(Tar),Dry,No influence on accident,Clear,B.B.road,Electric Pole,60 F,0.0,0.0
Bengaluru City,Yelahanka Traffic PS,1.04432e+16,2016,1,1,Road Accidents,Junction,City/Town,Near Petrol Pump,Human Error,No,Grievous Injury,Hit pedestrian,Signal lights Automatic,Straight and flat,NH,Bitumen(Tar),Dry,No influence on accident,Clear,B.B.Road,Electric Pole,65 F,0.0,0.0
Bengaluru City,Yelahanka Traffic PS,1.04432e+16,2016,1,1,Road Accidents,Narrow road,City/Town,Near Bus stop,Human Error,No,Grievous Injury,Hit pedestrian,Uncontrolled,Straight and flat,State Highway,Bitumen(Tar),Dry,No influence on accident,Clear,D.B.Pura Road,Electric Pole,65 F,0.0,0.0
Bengaluru City,Yelahanka Traffic PS,1.04432e+16,2016,1,1,Not Applicable,Narrow road,City/Town,Residential area,Human Error,Yes,Grievous Injury,Hit pedestrian,Uncontrolled,Straight and flat,City or Town Road,Bitumen(Tar),Dry,No influence on accident,Clear,Judicial Layout Road,Electric Pole,60 F,0.0,0.0
Bengaluru City,Yelahanka Traffic PS,1.04432e+16,2016,1,2,Road Accidents,Junction,City/Town,Near Bus stop,Human Error,No,Simple Injury,Not Applicable,Signal lights Manual,Not Applicable,NH,Bitumen(Tar),Dry,Not Applicable,Clear,NH,ELECTIRCAL POL,210 F,0.0,0.0
Bengaluru City,Yelahanka Traffic PS,1.04432e+16,2016,1,1,Road Accidents,Narrow road,City/Town,Near Petrol Pump,Human Error,No,Grievous Injury,Head on,No signal lights,Curve and Incline,Others,Bitumen(Tar),Dry,Drainage Ditch,Clear,CQAC LAYOUT YELAHANKA NEW TOWN,ELECRICAL POL,65FT,0.0,0.0
Bengaluru City,Yelahanka Traffic PS,1.04432e+16,2016,1,2,Road Accidents,Narrow road,City/Town,Near Bus stop,Human Error,No,Fatal,Head on,Give way sign,Curve and Incline,City or Town Road,Bitumen(Tar),Dry,Drainage Ditch,Clear,OPPOSITE K V SCHOOL D B PURA ROAD YELAHANKA,ELECTRICAL POL,85FT,0.0,0.0
Bengaluru City,Yelahanka Traffic PS,1.04432e+16,2016,1,2,Road Accidents,Narrow road,City/Town,Residential area,Human Error,No,Grievous Injury,Head on,Controlled,Curve and Incline,One way,Bitumen(Tar),Dry,Engineering Defect of Road,Clear,B B ROAD I A F ROAD,ELECRICAL POL,86FT,0.0,0.0
Bengaluru City,Yelahanka Traffic PS,1.04432e+16,2016,1,2,Road Accidents,Narrow road,City/Town,Near Bus stop,Human Error,No,Fatal,Head on,Controlled,Curve and Incline,City or Town Road,Bitumen(Tar),Dry,Drainage Ditch,Cloudy,B B ROAD JAKKURU AERO DRAM,ELECTRICAL POL,86FT,0.0,0.0
Bengaluru City,Yelahanka Traffic PS,1.04432e+16,2016,1,1,Road Accidents,Narrow road,City/Town,Near Bus stop,Human Error,Yes,Grievous Injury,Hit pedestrian,Controlled,Straight and flat,NH,Bitumen(Tar),Dry,No influence on accident,Clear,B.B.Road,Electric Pole,50 F,0.0,0.0
Bengaluru City,Yelahanka Traffic PS,1.04432e+16,2016,1,1,Road Accidents,Curves,City/Town,Near Bus stop,Human Error,No,Grievous Injury,Hit pedestrian,Uncontrolled,Straight and flat,City or Town Road,Bitumen(Tar),Dry,No influence on accident,Clear,MSU Road,Electric Pole,60 F,0.0,0.0
Bengaluru City,Yelahanka Traffic PS,1.04432e+16,2016,1,2,Road Accidents,Narrow road,City/Town,Open area,Human Error,No,Fatal,Rear end,Uncontrolled,Straight and flat,NH,Bitumen(Tar),Dry,No influence on accident,Cloudy,B.B.Road,Electric Pole,65 F,0.0,0.0
Bengaluru City,Yelahanka Traffic PS,1.04432e+16,2016,1,2,Road Accidents,Junction,City/Town,Residential area,Human Error,No,Grievous Injury,Right Turn Collision,Uncontrolled,Straight and flat,City or Town Road,Bitumen(Tar),Dry,No influence on accident,Clear,Judicial Layout Road,Electric Pole,60 F,0.0,0.0
Bengaluru City,Yelahanka Traffic PS,1.04432e+16,2016,1,1,Road Accidents,Junction,City/Town,Near office complex,Human Error,No,Grievous Injury,Hit pedestrian,Police / Manual,Straight and flat,City or Town Road,Bitumen(Tar),Dry,No influence on accident,Clear,MSU Road,Electric Pole,60 F,0.0,0.0
Bengaluru City,Yelahanka Traffic PS,1.04432e+16,2016,1,2,Road Accidents,Narrow road,City/Town,Near a religious place,Human Error,No,Grievous Injury,Rear end,Uncontrolled,Straight and flat,NH,Bitumen(Tar),Dry,No influence on accident,Clear,B.B.Road,Electric Pole,65 F,0.0,0.0
Bengaluru City,Yelahanka Traffic PS,1.04432e+16,2016,1,2,Road Accidents,Narrow road,City/Town,Open area,Human Error,No,Grievous Injury,Side swipe,Uncontrolled,Straight and flat,NH,Bitumen(Tar),Dry,No influence on accident,Clear,B.B.Road,Electric Pole,65 F,0.0,0.0
Bengaluru City,Yelahanka Traffic PS,1.04432e+16,2016,1,2,Road Accidents,Curves,City/Town,Near Bus stop,Human Error,Yes,Damage Only,Rear end,Controlled,Curve,City or Town Road,Bitumen(Tar),Dry,Not Applicable,Clear,B.B.Road,Electrical pol,65 F,0.0,0.0
Bengaluru City,Yelahanka Traffic PS,1.04432e+16,2016,1,1,Road Accidents,Junction,City/Town,Open area,Human Error,Yes,Fatal,Hit pedestrian,Uncontrolled,Straight and flat,NH,Bitumen(Tar),Dry,No influence on accident,Cloudy,B.B.road,Electric Pole,50 F,0.0,0.0
Bengaluru City,Yelahanka Traffic PS,1.04432e+16,2016,1,2,Road Accidents,Bottleneck,City/Town,Near office complex,Human Error,No,Fatal,Hit and Run,Controlled,Curve,Service Road,Bitumen(Tar),Dry,Drainage Ditch,Cloudy,SAHAKARANAGAR ROAD,ELECTRICAL POLE,60FT,0.0,0.0
Bengaluru City,Yelahanka Traffic PS,1.04432e+16,2016,1,1,Road Accidents,Narrow road,City/Town,Near Bus stop,Human Error,Not Applicable,Grievous Injury,Head on,No signal lights,Curve and Incline,NH,Bitumen(Tar),Dry,Drainage Ditch,Cloudy,B B ROAD,ELECTICAL POL,89FT,0.0,0.0
Bengaluru City,Yelahanka Traffic PS,1.04432e+16,2016,1,2,Road Accidents,Narrow road,City/Town,Open area,Human Error,No,Grievous Injury,Head on,Uncontrolled,Straight and flat,NH,Bitumen(Tar),Dry,No influence on accident,Cloudy,B.B.Road,Electric Pole,55 F,0.0,0.0
Bengaluru City,Yelahanka Traffic PS,1.04432e+16,2016,1,2,Road Accidents,Narrow road,City/Town,Near Bus stop,Human Error,No,Fatal,Head on,Controlled,Curve,One way,Bitumen(Tar),Dry,No influence on accident,Clear,OPPOSITE BASAVALINGAPPA SAMADI ALLALASANDRA MAIN ROAD YELAHANKA,ELECRICAL POL,126FT,0.0,0.0
Bengaluru City,Yelahanka Traffic PS,1.04432e+16,2016,1,2,Road Accidents,Junction,City/Town,Near Bus stop,Human Error,No,Grievous Injury,Side swipe,Signal lights Automatic,Straight and flat,NH,Bitumen(Tar),Dry,No influence on accident,Cloudy,B.B.Road,Electric Pole,50 F,0.0,0.0
Bengaluru City,Yelahanka Traffic PS,1.04432e+16,2016,1,2,Road Accidents,Narrow road,City/Town,Residential area,Human Error,No,Grievous Injury,Rear end,Uncontrolled,Straight and flat,City or Town Road,Bitumen(Tar),Dry,No influence on accident,Clear,Sahakaranagara Main Road,Electric Pole,50 F,0.0,0.0
Bengaluru City,Yelahanka Traffic PS,1.04432e+16,2016,1,2,Road Accidents,Narrow road,City/Town,Residential area,Human Error,Yes,Grievous Injury,Others,Uncontrolled,Straight and flat,City or Town Road,Bitumen(Tar),Dry,No influence on accident,Clear,15th Main Sahakaranagara,Electric Pole,50 F,0.0,0.0
Bengaluru City,Yelahanka Traffic PS,1.04432e+16,2016,1,2,Road Accidents,Narrow road,City/Town,Near School or College,Human Error,No,Simple Injury,Rear end,Uncontrolled,Straight and flat,NH,Bitumen(Tar),Dry,No influence on accident,Clear,B.B.Road,Electric Pole,50 F,0.0,0.0
Bengaluru City,Yelahanka Traffic PS,1.04432e+16,2016,1,2,Road Accidents,Culvert,City/Town,Narrow bridge or culverts,Human Error,No,Damage Only,Rear end,Uncontrolled,Straight and flat,City or Town Road,Bitumen(Tar),Dry,No influence on accident,Clear,Yelahanka Allalasandra Main Road,Electric Pole,50 F,0.0,0.0
Bengaluru City,Yelahanka Traffic PS,1.04432e+16,2016,1,1,Road Accidents,Narrow road,City/Town,Near a factory industrial area,Human Error,No,Grievous Injury,Hit pedestrian,Uncontrolled,Straight and flat,State Highway,Bitumen(Tar),Dry,No influence on accident,Cloudy,Doddaballapura,Electric Pole,50 F,0.0,0.0
Bengaluru City,Yelahanka Traffic PS,1.04432e+16,2016,1,1,Road Accidents,Other,City/Town,Residential area,Human Error,No,Fatal,Hit pedestrian,Uncontrolled,Straight and flat,City or Town Road,Bitumen(Tar),Dry,No influence on accident,Clear,Ananthapura Main Road,Electric pole,55 F,0.0,0.0
Bengaluru City,Yelahanka Traffic PS,1.04432e+16,2016,1,1,Road Accidents,Junction,City/Town,Near Bus stop,Human Error,No,Grievous Injury,Hit pedestrian,Signal lights Automatic,Straight and flat,NH,Bitumen(Tar),Dry,No influence on accident,Cloudy,B.B.Road,Electric Pole,65 F,0.0,0.0
Bengaluru City,Yelahanka Traffic PS,1.04432e+16,2016,1,2,Road Accidents,Other,City/Town,Residential area,Human Error,Yes,Damage Only,Right Turn Collision,Uncontrolled,Others,City or Town Road,Bitumen(Tar),Dry,No influence on accident,Clear,NCC Aster Apartment Basement,Electric Pole,65 F,0.0,0.0
Bengaluru City,Yelahanka Traffic PS,1.04432e+16,2016,1,2,Road Accidents,Junction,City/Town,Near a religious place,Human Error,No,Grievous Injury,Side swipe,Signal lights Automatic,Straight and flat,City or Town Road,Bitumen(Tar),Dry,No influence on accident,Clear,Yelahanka Main Road,Electric Pole,60 F,0.0,0.0
Bengaluru City,Yelahanka Traffic PS,1.04432e+16,2016,1,2,Road Accidents,Junction,City/Town,Near office complex,Human Error,No,Fatal,Head on,Uncontrolled,Straight and flat,NH,Bitumen(Tar),Dry,No influence on accident,Cloudy,B.B.Srvice Road,Electric pole,55 F,0.0,0.0
Bengaluru City,Yelahanka Traffic PS,1.04432e+16,2016,1,1,Road Accidents,Other,City/Town,Open area,Human Error,No,Fatal,Hit fixed object,Uncontrolled,Straight and flat,City or Town Road,Bitumen(Tar),Dry,No influence on accident,Cloudy,MSU Road,Electric Pole,50 F,0.0,0.0
Bengaluru City,Yelahanka Traffic PS,1.04432e+16,2016,1,2,Road Accidents,Narrow road,City/Town,Narrow bridge or culverts,Human Error,Yes,Grievous Injury,Rear end,Uncontrolled,Straight and flat,NH,Bitumen(Tar),Dry,No influence on accident,Cloudy,B.B.Road,Electric Pole,50 F,0.0,0.0
Bengaluru City,Yelahanka Traffic PS,1.04432e+16,2016,1,2,Road Accidents,T Junction,City/Town,Open area,Human Error,No,Simple Injury,Rear end,Not at  Junction,Straight and flat,City or Town Road,Bitumen(Tar),Dry,No influence on accident,Cloudy,B.B.Road,Electric Pole,50 F,0.0,0.0
Bengaluru City,Yelahanka Traffic PS,1.04432e+16,2016,1,1,Road Accidents,T Junction,City/Town,Near Bus stop,Human Error,No,Fatal,Head on,Controlled,Curve and Incline,City or Town Road,Bitumen(Tar),Dry,Not Applicable,Clear,DODDABETTAHALLI LYOUT YELAHANKA,ELETRICAL POL,75FT,0.0,0.0
Bengaluru City,Yelahanka Traffic PS,1.04432e+16,2017,1,1,Road Accidents,Narrow road,City/Town,Near Hospital,Human Error,No,Grievous Injury,Hit pedestrian,Uncontrolled,Straight and flat,NH,Bitumen(Tar),Dry,No influence on accident,Cloudy,B.B.Service Road,Electric Pole,50 F,0.0,0.0
Bengaluru City,Yelahanka Traffic PS,1.04432e+16,2017,1,1,Road Accidents,Narrow road,City/Town,Near office complex,Human Error,No,Grievous Injury,Rear end,Uncontrolled,Straight and flat,NH,Bitumen(Tar),Dry,No influence on accident,Cloudy,B.B.Road,Electric Pole,50 F,0.0,0.0
Bengaluru City,Yelahanka Traffic PS,1.04432e+16,2017,1,2,Road Accidents,Junction,City/Town,Near School or College,Human Error,No,Grievous Injury,Side swipe,Uncontrolled,Straight and flat,State Highway,Bitumen(Tar),Dry,No influence on accident,Clear,D.B.Pura Main road,Electric Pole,50 F,0.0,0.0
Bengaluru City,Yelahanka Traffic PS,1.04432e+16,2017,1,1,Rail Road Accidents,Other,City/Town,Near Petrol Pump,Human Error,No,Damage Only,Hit fixed object,Uncontrolled,Slight Curve,City or Town Road,Bitumen(Tar),Dry,No influence on accident,Clear,Jakkur Road,Electrical Pole,55 F,0.0,0.0
Bengaluru City,Yelahanka Traffic PS,1.04432e+16,2017,1,2,Road Accidents,Railway crossing,City/Town,Near School or College,Human Error,Yes,Grievous Injury,Side swipe,Uncontrolled,Straight and flat,City or Town Road,Bitumen(Tar),Dry,No influence on accident,Clear,Yelahanka Main Road,Electric Pole,50 F,0.0,0.0
Bengaluru City,Yelahanka Traffic PS,1.04432e+16,2017,1,2,Road Accidents,Junction,City/Town,Open area,Human Error,Yes,Grievous Injury,Rear end,Uncontrolled,Straight and flat,City or Town Road,Bitumen(Tar),Dry,No influence on accident,Cloudy,Vidyaranyapura Main Road,Electric Pole,50 F,0.0,0.0
Bengaluru City,Yelahanka Traffic PS,1.04432e+16,2017,1,2,Road Accidents,Cross roads,City/Town,Near office complex,Human Error,No,Damage Only,Overturning,Uncontrolled,Straight and flat,NH,Bitumen(Tar),Dry,No influence on accident,Clear,NEAR 118FT ELECRICAL POL,NEAR 118FT ELECRICAL POL,118,0.0,0.0
Bengaluru City,Yelahanka Traffic PS,1.04432e+16,2017,1,1,Road Accidents,Narrow road,City/Town,Residential area,Human Error,No,Fatal,Hit fixed object,Not Applicable,Curve,City or Town Road,Bitumen(Tar),Dry,No influence on accident,Clear,Hesarughatta Main Road,Electric Pole,50 F,0.0,0.0
Bengaluru City,Yelahanka Traffic PS,1.04432e+16,2017,1,2,Road Accidents,Narrow road,City/Town,Residential area,Human Error,No,Simple Injury,Head on,No signal lights,Straight and flat,City or Town Road,Bitumen(Tar),Dry,No influence on accident,Clear,PALHALLI GEAT,ELECTRICAL,50FEET,0.0,0.0
Bengaluru City,Yelahanka Traffic PS,1.04432e+16,2017,1,2,Road Accidents,Cross roads,City/Town,Near Bus stop,Human Error,No,Simple Injury,Head on,Uncontrolled,Curve,NH,Bitumen(Tar),Dry,No influence on accident,Cloudy,B.B. ROAD YELAHANKA,NEAR VENKATALA BUS STOP,50FT,0.0,0.0
Bengaluru City,Yelahanka Traffic PS,1.04432e+16,2017,1,2,Road Accidents,Narrow road,City/Town,Near School or College,Human Error,No,Fatal,Others,Uncontrolled,Straight and flat,NH,Bitumen(Tar),Dry,No influence on accident,Cloudy,B.B.Road,Electric Pole,50 F,0.0,0.0
Bengaluru City,Yelahanka Traffic PS,1.04432e+16,2017,1,1,Road Accidents,Narrow road,City/Town,Near office complex,Human Error,No,Damage Only,Others,Uncontrolled,Straight and flat,NH,Bitumen(Tar),Dry,No influence on accident,Clear,B.B.Road,Electric Pole,15 F,0.0,0.0
Bengaluru City,Yelahanka Traffic PS,1.04432e+16,2017,1,2,Road Accidents,Narrow road,City/Town,Near School or College,Human Error,No,Simple Injury,Rear end,Uncontrolled,Straight and flat,NH,Bitumen(Tar),Dry,No influence on accident,Clear,B.B.Road,Electric Pole,50 F,0.0,0.0
Bengaluru City,Yelahanka Traffic PS,1.04432e+16,2017,1,2,Road Accidents,Narrow road,City/Town,Near office complex,Human Error,Yes,Grievous Injury,Head on,Uncontrolled,Straight and flat,Others,Bitumen(Tar),Dry,No influence on accident,Clear,Hunasamaranahalli Road,Shop,65 F,0.0,0.0
Bengaluru City,Yelahanka Traffic PS,1.04432e+16,2017,1,2,Road Accidents,Narrow road,City/Town,Near Bus stop,Human Error,No,Simple Injury,Others,Uncontrolled,Straight and flat,State Highway,Bitumen(Tar),Dry,No influence on accident,Fine,D.B.Pura Main road,Electric Pole,65 F,0.0,0.0
Bengaluru City,Yelahanka Traffic PS,1.04432e+16,2017,1,2,Road Accidents,Narrow road,City/Town,Residential area,Human Error,No,Damage Only,Others,Uncontrolled,Straight and flat,City or Town Road,Bitumen(Tar),Dry,No influence on accident,Fine,Yelahanka New Twon Road,Electric Pole,65 F,0.0,0.0
Bengaluru City,Yelahanka Traffic PS,1.04432e+16,2017,1,2,Road Accidents,Narrow road,City/Town,Residential area,Human Error,Yes,Grievous Injury,Head on,Uncontrolled,Straight and flat,City or Town Road,Bitumen(Tar),Dry,No influence on accident,Clear,Attur Kempanahalli Main Road,Residence,65 F,0.0,0.0
Bengaluru City,Yelahanka Traffic PS,1.04432e+16,2017,1,1,Road Accidents,Junction,City/Town,Near office complex,Human Error,No,Grievous Injury,Hit pedestrian,Police / Manual,Straight and flat,City or Town Road,Bitumen(Tar),Dry,No influence on accident,Clear,MSU Road,Residence,85 F,0.0,0.0
Bengaluru City,Yelahanka Traffic PS,1.04432e+16,2017,1,2,Road Accidents,Other,City/Town,Residential area,Human Error,No,Simple Injury,Rear end,Uncontrolled,Straight and flat,NH,Bitumen(Tar),Dry,No influence on accident,Cloudy,B.B.Road,Electric Pole,50 F,0.0,0.0
Bengaluru City,Yelahanka Traffic PS,1.04432e+16,2017,1,3,Road Accidents,Culvert,City/Town,Near Petrol Pump,Human Error,Yes,Damage Only,Rear end,Uncontrolled,Straight and flat,NH,Bitumen(Tar),Dry,No influence on accident,Clear,B.B.road,Electric Pole,50 F,0.0,0.0
Bengaluru City,Yelahanka Traffic PS,1.04432e+16,2017,1,2,Road Accidents,Narrow road,City/Town,Residential area,Human Error,No,Simple Injury,Others,Uncontrolled,Straight and flat,State Highway,Bitumen(Tar),Dry,No influence on accident,Clear,D.B.Pura Main Road,Electric Pole,50 F,0.0,0.0
Bengaluru City,Yelahanka Traffic PS,1.04432e+16,2017,1,2,Road Accidents,Narrow road,City/Town,Residential area,Human Error,No,Fatal,Side swipe,Uncontrolled,Straight and flat,City or Town Road,Bitumen(Tar),Dry,No influence on accident,Clear,MSU Road,Electric Pole,65 F,0.0,0.0
Bengaluru City,Yelahanka Traffic PS,1.04432e+16,2017,1,2,Road Accidents,Junction,City/Town,Residential area,Human Error,No,Grievous Injury,Hit pedestrian,Uncontrolled,Straight and flat,City or Town Road,Bitumen(Tar),Dry,No influence on accident,Clear,4th Phase Main Road,Electric Pole,60 F,0.0,0.0
Bengaluru City,Yelahanka Traffic PS,1.04432e+16,2017,1,2,Road Accidents,Junction,City/Town,Residential area,Human Error,Yes,Simple Injury,Hit and Run,Controlled,Curve,City or Town Road,Bitumen(Tar),Dry,No influence on accident,Clear,"RAILIS COLONY VEERSAHGARA MAIN ROAD ATTUR LAYOUT,YELAHANKA",ELICTRICAL POL,118FEE,0.0,0.0
Bengaluru City,Yelahanka Traffic PS,1.04432e+16,2017,1,2,Road Accidents,Cross roads,City/Town,Near Bus stop,Human Error,Yes,Simple Injury,Hit and Run,Uncontrolled,Straight and flat,Others,Bitumen(Tar),Dry,No influence on accident,Clear,ELECTRICAL POL,ELECTRICAL POL,120FT,0.0,0.0
Bengaluru City,Yelahanka Traffic PS,1.04432e+16,2017,1,1,Rail Road Accidents,Narrow road,City/Town,Residential area,Human Error,Yes,Simple Injury,Hit pedestrian,Not at  Junction,Gentle Incline or Climb,City or Town Road,Bitumen(Tar),Dry,No influence on accident,Cloudy,NEAR AYYAPPA STEEL STORE SMBRAM COLLGE ROAD,ELICTRICAL POL,158FEE,0.0,0.0
Bengaluru City,Yelahanka Traffic PS,1.04432e+16,2017,1,1,Road Accidents,Narrow road,City/Town,Near office complex,Human Error,No,Fatal,Hit pedestrian,Uncontrolled,Straight and flat,NH,Bitumen(Tar),Dry,No influence on accident,Cloudy,B.B.Road,Electric Pole,65 F,0.0,0.0
Bengaluru City,Yelahanka Traffic PS,1.04432e+16,2017,1,2,Road Accidents,Junction,City/Town,Near a religious place,Human Error,Yes,Fatal,Rear end,Uncontrolled,Curve,NH,Bitumen(Tar),Dry,No influence on accident,Clear,B.B.Service Road,Electric Pole,55 F,0.0,0.0