DISTRICTNAME,UNITNAME,Crime_No,Year,RI,Noofvehicle_involved,Accident_Classification,Accident_Spot,Accident_Location,Accident_SubLocation,Main_Cause,Hit_Run,Severity,Collision_Type,Junction_Control,Road_Character,Road_Type,Surface_Type,Surface_Condition,Road_Condition,Weather,Accident_Road,Landmark_first,Distance_LandMark_First,Latitude,Longitude
Bengaluru City,Yelahanka Traffic PS,1.04432e+16,2017,1,2,Road Accidents,Other,City/Town,Near Bus stop,Human Error,Yes,Damage Only,Rear end,Controlled,Straight and flat,NH,Bitumen(Tar),Dry,No influence on accident,Clear,B.B.Road,Electric Pole,55 F,0.0,0.0
Bengaluru City,Yelahanka Traffic PS,1.04432e+16,2017,1,2,Road Accidents,Junction,City/Town,Near Bus stop,Human Error,Yes,Grievous Injury,Others,Signals (Working),Straight and flat,NH,Bitumen(Tar),Dry,No influence on accident,Clear,B.B.Road,Petrol Bunk,85 F,0.0,0.0
Bengaluru City,Yelahanka Traffic PS,1.04432e+16,2017,1,1,Rail Road Accidents,Narrow road,City/Town,Near office complex,Human Error,Yes,Fatal,Hit pedestrian,Uncontrolled,Straight and flat,City or Town Road,Bitumen(Tar),Dry,No influence on accident,Clear,Allalasandra Road,Electric Pole,32 F,0.0,0.0
Bengaluru City,Yelahanka Traffic PS,1.04432e+16,2017,1,2,Road Accidents,Junction,City/Town,Near Bus stop,Human Error,Yes,Grievous Injury,Others,Signals (Working),Straight and flat,State Highway,Bitumen(Tar),Dry,No influence on accident,Cloudy,D.B.Pura Main Road,Electric Pole,68 F,0.0,0.0
Bengaluru City,Yelahanka Traffic PS,1.04432e+16,2017,1,2,Road Accidents,Other,City/Town,Near office complex,Human Error,No,Damage Only,Rear end,Uncontrolled,Straight and flat,NH,Bitumen(Tar),Dry,No influence on accident,Cloudy,B.B.Road,Electric Pole,50 F,0.0,0.0
Bengaluru City,Yelahanka Traffic PS,1.04432e+16,2017,1,1,Road Accidents,Narrow road,City/Town,Near Bus stop,Human Error,No,Damage Only,Hit fixed object,Uncontrolled,Straight and flat,NH,Bitumen(Tar),Dry,No influence on accident,Clear,B.B.Road,Electric Pole,50 F,0.0,0.0
Bengaluru City,Yelahanka Traffic PS,1.04432e+16,2017,1,2,Road Accidents,Narrow road,City/Town,In bazaar,Human Error,No,Damage Only,Rear end,Uncontrolled,Straight and flat,NH,Bitumen(Tar),Dry,No influence on accident,Cloudy,B.B.road,Electric Pole,50 F,0.0,0.0
Bengaluru City,Yelahanka Traffic PS,1.04432e+16,2017,1,2,Road Accidents,Narrow road,City/Town,Near School or College,Human Error,No,Damage Only,Rear end,Uncontrolled,Straight and flat,NH,Bitumen(Tar),Dry,No influence on accident,Clear,B.B.road,Electric Pole,50 F,0.0,0.0
Bengaluru City,Yelahanka Traffic PS,1.04432e+16,2017,1,2,Road Accidents,Narrow road,City/Town,Near Petrol Pump,Human Error,Yes,Grievous Injury,Head on,Uncontrolled,Straight and flat,City or Town Road,Bitumen(Tar),Dry,No influence on accident,Cloudy,Kogilu Main Road,Electric Pole,50 F,0.0,0.0
Bengaluru City,Yelahanka Traffic PS,1.04432e+16,2017,1,2,Road Accidents,Narrow road,City/Town,Open area,Human Error,No,Grievous Injury,Rear end,Uncontrolled,Straight and flat,NH,Bitumen(Tar),Dry,No influence on accident,Cloudy,B.B.Road,Electric Pole,50 F,0.0,0.0
Bengaluru City,Yelahanka Traffic PS,1.04432e+16,2017,1,2,Road Accidents,Other,City/Town,Near office complex,Human Error,No,Grievous Injury,Side swipe,Uncontrolled,Straight and flat,City or Town Road,Bitumen(Tar),Dry,No influence on accident,Cloudy,Sheshadripuram Road,Elctric Pole,50 F,0.0,0.0
Bengaluru City,Yelahanka Traffic PS,1.04432e+16,2017,1,1,Road Accidents,Cross roads,City/Town,At pedestrian Crossing,Human Error,No,Simple Injury,Hit pedestrian,Uncontrolled,Straight and flat,Residential Street,Bitumen(Tar),Dry,No influence on accident,Clear,MANJUNATH SERVICE STATION,MANJUNATH SERVICE STATION,118FT,0.0,0.0
Bengaluru City,Yelahanka Traffic PS,1.04432e+16,2017,1,2,Road Accidents,Cross roads,City/Town,Near Hospital,Human Error,No,Simple Injury,Rear end,Uncontrolled,Straight and flat,Service Road,Bitumen(Tar),Dry,No influence on accident,Clear,NEAR MANASA HOSPITAL,NEAR MANASA HOSPITAL,150FT,0.0,0.0
Bengaluru City,Yelahanka Traffic PS,1.04432e+16,2017,1,1,Road Accidents,Narrow road,City/Town,Open area,Human Error,No,Fatal,Hit fixed object,Uncontrolled,Straight and flat,NH,Bitumen(Tar),Dry,No influence on accident,Clear,B.B.Road,Electric Pole,50 F,0.0,0.0
Bengaluru City,Yelahanka Traffic PS,1.04432e+16,2017,1,2,Road Accidents,Narrow road,City/Town,Near Bus stop,Human Error,Yes,Damage Only,Rear end,Uncontrolled,Curve,City or Town Road,Bitumen(Tar),Dry,No influence on accident,Clear,Railway station bus stop nera yelahanka,Elctrical pol,120f,0.0,0.0
Bengaluru City,Yelahanka Traffic PS,1.04432e+16,2017,1,2,Road Accidents,Cross roads,City/Town,Near a religious place,Human Error,No,Damage Only,Rear end,Uncontrolled,Straight and flat,State Highway,Bitumen(Tar),Dry,No influence on accident,Clear,YELAHANKA CIRCLE,BESCOM OFFICE,85FT,0.0,0.0
Bengaluru City,Yelahanka Traffic PS,1.04432e+16,2017,1,2,Road Accidents,Culvert,City/Town,Narrow bridge or culverts,Human Error,Yes,Simple Injury,Hit and Run,Not at  Junction,Curve and Incline,City or Town Road,Bitumen(Tar),Dry,No influence on accident,Clear,NEAR ALLALSANDRA BRIDGE,ELCTRICAL POL,90FEET,0.0,0.0
Bengaluru City,Yelahanka Traffic PS,1.04432e+16,2017,1,3,Road Accidents,Junction,City/Town,Near Petrol Pump,Vehicle Defect,Yes,Damage Only,Hit and Run,Controlled,Curve,NH,Bitumen(Tar),Dry,No influence on accident,Clear,NH,elctrical pol,70feet,0.0,0.0
Bengaluru City,Yelahanka Traffic PS,1.04432e+16,2017,1,1,Road Accidents,Narrow road,City/Town,Residential area,Human Error,Yes,Simple Injury,Hit pedestrian,Not Applicable,Curve and Incline,City or Town Road,Bitumen(Tar),Dry,No influence on accident,Clear,THINDLU MAIN ROAD NEAR KENRA BANK VIDYRANYAPURA,ELICTRICAL POL,60FEET,0.0,0.0
Bengaluru City,Yelahanka Traffic PS,1.04432e+16,2017,1,2,Road Accidents,Circle,City/Town,Near a religious place,Human Error,Yes,Simple Injury,Hit and Run,Uncontrolled,Curve and Incline,City or Town Road,Bitumen(Tar),Dry,No influence on accident,Clear,BEL LYAOUT 2ND BLOCK 1ST MAIN RAYMOND SHOWROOM NEAR VIDYARANYAPURA,ELICTRICAL POL,40FEET,0.0,0.0
Bengaluru City,Yelahanka Traffic PS,1.04432e+16,2017,1,2,Road Accidents,Narrow road,City/Town,Near office complex,Human Error,Yes,Grievous Injury,Side swipe,Uncontrolled,Straight and flat,City or Town Road,Bitumen(Tar),Dry,No influence on accident,Clear,MSU Road,Electric Pole,50 F,0.0,0.0
Bengaluru City,Yelahanka Traffic PS,1.04432e+16,2017,1,2,Road Accidents,Narrow road,City/Town,Open area,Human Error,Yes,Grievous Injury,Rear end,Uncontrolled,Straight and flat,NH,Bitumen(Tar),Dry,No influence on accident,Cloudy,B.B.Road,Electric Pole,50 F,0.0,0.0
Bengaluru City,Yelahanka Traffic PS,1.04432e+16,2017,1,2,Road Accidents,Junction,City/Town,Near Petrol Pump,Human Error,No,Grievous Injury,Side swipe,Signal lights Automatic,Straight and flat,NH,Bitumen(Tar),Dry,No influence on accident,Cloudy,B.B.road,Electric Pole,50 F,0.0,0.0
Bengaluru City,Yelahanka Traffic PS,1.04432e+16,2017,1,1,Road Accidents,Junction,City/Town,Near Bus stop,Human Error,No,Grievous Injury,Hit pedestrian,Signal lights Automatic,Straight and flat,State Highway,Bitumen(Tar),Dry,No influence on accident,Clear,D.B.Pura Main Road,Elecric Pole,50 F,0.0,0.0
Bengaluru City,Yelahanka Traffic PS,1.04432e+16,2017,1,2,Road Accidents,Curves,City/Town,Near Bus stop,Human Error,No,Simple Injury,Head on,Uncontrolled,Straight and flat,NH,Bitumen(Tar),Dry,No influence on accident,Clear,NEAR ALLALASANDRA FLY OVER,ELELCTRICAL POLE,40FT,0.0,0.0
Bengaluru City,Yelahanka Traffic PS,1.04432e+16,2017,1,2,Road Accidents,Narrow road,City/Town,Near Bus stop,Human Error,No,Damage Only,Overturning,Uncontrolled,Curve,City or Town Road,Bitumen(Tar),Dry,No influence on accident,Clear,FOOT PATH ROAD,FOOT PATH ROAD,5 FT,0.0,0.0
Bengaluru City,Yelahanka Traffic PS,1.04432e+16,2017,1,1,Road Accidents,Curves,City/Town,Near a factory industrial area,Human Error,Yes,Grievous Injury,Hit pedestrian,Uncontrolled,Curve,City or Town Road,Bitumen(Tar),Dry,No influence on accident,Clear,Go Go Factory Road,Electric Pole,50 F,0.0,0.0
Bengaluru City,Yelahanka Traffic PS,1.04432e+16,2017,1,1,Road Accidents,Narrow road,City/Town,Near Petrol Pump,Human Error,No,Fatal,Others,Uncontrolled,Straight and flat,City or Town Road,Bitumen(Tar),Dry,No influence on accident,Cloudy,Kogilu Bellahalli Main road,Electric Pole,50 F,0.0,0.0
Bengaluru City,Yelahanka Traffic PS,1.04432e+16,2017,1,2,Road Accidents,T Junction,City/Town,Residential area,Human Error,No,Damage Only,Side swipe,Uncontrolled,Straight and flat,City or Town Road,Bitumen(Tar),Dry,No influence on accident,Fine,Mathru Layout Road,Electric Pole,50 F,0.0,0.0
Bengaluru City,Yelahanka Traffic PS,1.04432e+16,2017,1,1,Road Accidents,Narrow road,City/Town,Near Bus stop,Human Error,No,Grievous Injury,Hit pedestrian,Uncontrolled,Straight and flat,NH,Bitumen(Tar),Dry,No influence on accident,Clear,D.B.Pura Main Road,Electric Pole,50 F,0.0,0.0
Bengaluru City,Yelahanka Traffic PS,1.04432e+16,2017,1,2,Road Accidents,Narrow road,City/Town,In bazaar,Human Error,Yes,Grievous Injury,Rear end,Uncontrolled,Straight and flat,City or Town Road,Bitumen(Tar),Dry,No influence on accident,Clear,Ramachandrapura Main Road,Electric Pole,50 F,0.0,0.0
Bengaluru City,Yelahanka Traffic PS,1.04432e+16,2017,1,1,Road Accidents,Narrow road,City/Town,Near Bus stop,Human Error,Yes,Grievous Injury,Hit pedestrian,Uncontrolled,Straight and flat,NH,Bitumen(Tar),Dry,No influence on accident,Clear,B.B.Road,Electric Pole,50 F,0.0,0.0
Bengaluru City,Yelahanka Traffic PS,1.04432e+16,2017,1,2,Road Accidents,Narrow road,City/Town,Open area,Human Error,No,Fatal,Rear end,Uncontrolled,Straight and flat,NH,Bitumen(Tar),Dry,No influence on accident,Clear,B.B.road,Electric Pole,50 F,0.0,0.0
Bengaluru City,Yelahanka Traffic PS,1.04432e+16,2017,1,2,Road Accidents,Junction,City/Town,Near Bus stop,Human Error,No,Damage Only,Rear end,Uncontrolled,Straight and flat,NH,Bitumen(Tar),Dry,No influence on accident,Clear,B.B.Road,Elecric Pole,50 F,0.0,0.0
Bengaluru City,Yelahanka Traffic PS,1.04432e+16,2017,1,1,Road Accidents,Narrow road,City/Town,Near Hospital,Human Error,Yes,Grievous Injury,Hit pedestrian,Uncontrolled,Straight and flat,City or Town Road,Bitumen(Tar),Dry,No influence on accident,Clear,Dodda Bommasandra Road,Electric Pole,50 F,0.0,0.0
Bengaluru City,Yelahanka Traffic PS,1.04432e+16,2017,1,3,Road Accidents,Narrow road,City/Town,Residential area,Human Error,No,Grievous Injury,Rear end,Uncontrolled,Straight and flat,City or Town Road,Bitumen(Tar),Dry,No influence on accident,Clear,Vidyaranyapura Road,Electric Pole,50 F,0.0,0.0
Bengaluru City,Yelahanka Traffic PS,1.04432e+16,2017,1,2,Road Accidents,Cross roads,City/Town,Near a factory industrial area,Human Error,Yes,Simple Injury,Hit and Run,Uncontrolled,Straight and flat,Service Road,Bitumen(Tar),Dry,No influence on accident,Clear,NEAR ASTRA ZENECA,NEAR ASTRA ZENECA,150 MT,0.0,0.0
Bengaluru City,Yelahanka Traffic PS,1.04432e+16,2017,1,2,Road Accidents,Cross roads,City/Town,In bazaar,Human Error,No,Simple Injury,Head on,Uncontrolled,Straight and flat,Others,Bitumen(Tar),Dry,No influence on accident,Clear,DODDABOMMASANDRA MAIN ROAD,MRF TAIR SHOW ROOM,250,0.0,0.0
Bengaluru City,Yelahanka Traffic PS,1.04432e+16,2017,1,2,Road Accidents,Cross roads,City/Town,Residential area,Human Error,No,Simple Injury,Head on,Uncontrolled,Slight Curve,Residential Street,Bitumen(Tar),Dry,No influence on accident,Clear,"NEAR NAGARJUNA HOUSE,GANTHIGANAHALLI",ELECTRICL POLE,110 FT,0.0,0.0
Bengaluru City,Yelahanka Traffic PS,1.04432e+16,2017,1,3,Road Accidents,Narrow road,City/Town,Near Hospital,Vehicle Defect,No,Damage Only,Rear end,Not Applicable,Curve and Incline,NH,Bitumen(Tar),Dry,No influence on accident,Clear,b.b road yelahanka,electrical pol,80feet,0.0,0.0
Bengaluru City,Yelahanka Traffic PS,1.04432e+16,2017,1,2,Road Accidents,Cross roads,City/Town,Near a religious place,Human Error,No,Simple Injury,Rear end,Uncontrolled,Curve,Two way,Bitumen(Tar),Dry,No influence on accident,Clear,ELECTRICL POLE,ELECTRICL POLE,166 FT,0.0,0.0
Bengaluru City,Yelahanka Traffic PS,1.04432e+16,2017,1,2,Road Accidents,Narrow road,City/Town,Near School or College,Human Error,No,Fatal,Others,Uncontrolled,Straight and flat,NH,Bitumen(Tar),Dry,No influence on accident,Clear,B.B.Road,Near Electrical Pole,50 F,0.0,0.0
Bengaluru City,Yelahanka Traffic PS,1.04432e+16,2017,1,2,Road Accidents,Narrow road,City/Town,Near School or College,Human Error,No,Simple Injury,Rear end,Uncontrolled,Straight and flat,NH,Bitumen(Tar),Dry,No influence on accident,Cloudy,B.B.Road,Electric Pole,45 F,0.0,0.0
Bengaluru City,Yelahanka Traffic PS,1.04432e+16,2017,1,2,Road Accidents,Narrow road,City/Town,Near School or College,Human Error,No,Damage Only,Rear end,Uncontrolled,Straight and flat,NH,Bitumen(Tar),Dry,No influence on accident,Cloudy,B.B.Road,Electric Pole,55 F,0.0,0.0
Bengaluru City,Yelahanka Traffic PS,1.04432e+16,2017,1,1,Road Accidents,Narrow road,City/Town,Near School or College,Human Error,Yes,Grievous Injury,Hit pedestrian,Uncontrolled,Straight and flat,State Highway,Bitumen(Tar),Dry,No influence on accident,Clear,D.B.Pura Road,Electric Pole,55 F,0.0,0.0
Bengaluru City,Yelahanka Traffic PS,1.04432e+16,2017,1,1,Road Accidents,Junction,City/Town,Near office complex,Human Error,Yes,Grievous Injury,Hit pedestrian,Uncontrolled,Straight and flat,City or Town Road,Bitumen(Tar),Dry,No influence on accident,Clear,Chikkabommasandra Road,Electric Pole,45 F,0.0,0.0
Bengaluru City,Yelahanka Traffic PS,1.04432e+16,2017,1,2,Road Accidents,Junction,City/Town,Open area,Human Error,Yes,Grievous Injury,Others,Signal lights Automatic,Straight and flat,City or Town Road,Bitumen(Tar),Dry,No influence on accident,Clear,D.B.Pura Main Road,Electric Pole,50 F,0.0,0.0
Bengaluru City,Yelahanka Traffic PS,1.04432e+16,2017,1,2,Road Accidents,Narrow road,City/Town,Near office complex,Human Error,No,Damage Only,Rear end,Uncontrolled,Straight and flat,State Highway,Bitumen(Tar),Dry,No influence on accident,Clear,D.B.Pura Road,Electric Pole,50 F,0.0,0.0
Bengaluru City,Yelahanka Traffic PS,1.04432e+16,2017,1,2,Road Accidents,Circle,City/Town,Near School or College,Human Error,Yes,Simple Injury,Hit and Run,Controlled,Curve,City or Town Road,Bitumen(Tar),Dry,No influence on accident,Cloudy,D B PURA MAIN ROAD,ELCTRICAL POL,180 FE,0.0,0.0
Bengaluru City,Yelahanka Traffic PS,1.04432e+16,2017,1,2,Road Accidents,Circle,City/Town,Near Bus stop,Human Error,No,Damage Only,Rear end,Uncontrolled,Curve,State Highway,Bitumen(Tar),Dry,No influence on accident,Cloudy,ELECTRICL POLE,ELECTRICL POLE,60FT,0.0,0.0
Bengaluru City,Yelahanka Traffic PS,1.04432e+16,2017,1,1,Road Accidents,Narrow road,City/Town,Open area,Human Error,No,Grievous Injury,Rear end,Uncontrolled,Straight and flat,NH,Bitumen(Tar),Dry,No influence on accident,Cloudy,B.B.Road,Electric Pole,45 F,0.0,0.0
Bengaluru City,Yelahanka Traffic PS,1.04432e+16,2017,1,2,Road Accidents,Junction,City/Town,Residential area,Human Error,Yes,Damage Only,Rear end,Controlled,Straight and flat,State Highway,Bitumen(Tar),Dry,No influence on accident,Clear,D.B.Pura Road,Electric Pole,50 F,0.0,0.0
Bengaluru City,Yelahanka Traffic PS,1.04432e+16,2017,1,2,Road Accidents,Junction,City/Town,Near Petrol Pump,Human Error,Yes,Fatal,Side swipe,Signals (Working),Straight and flat,NH,Bitumen(Tar),Dry,No influence on accident,Clear,B.B.Road,Signal Light Pole,50 F,0.0,0.0
Bengaluru City,Yelahanka Traffic PS,1.04432e+16,2017,1,1,Road Accidents,Narrow road,City/Town,Residential area,Human Error,Yes,Fatal,Hit bicyclist,Uncontrolled,Straight and flat,City or Town Road,Bitumen(Tar),Dry,No influence on accident,Clear,Jakkur Srirampura Main road,Electircal Pole,25 F,0.0,0.0
Bengaluru City,Yelahanka Traffic PS,1.04432e+16,2017,1,2,Road Accidents,Narrow road,City/Town,Near Bus stop,Human Error,Yes,Grievous Injury,Head on,Uncontrolled,Straight and flat,City or Town Road,Bitumen(Tar),Dry,No influence on accident,Clear,Attur Main Road,Electric Pole,50 F,0.0,0.0
Bengaluru City,Yelahanka Traffic PS,1.04432e+16,2017,1,2,Road Accidents,Junction,City/Town,Open area,Human Error,Yes,Grievous Injury,Others,Uncontrolled,Straight and flat,State Highway,Bitumen(Tar),Dry,No influence on accident,Clear,D.B.Pura Main Road,Electric Pole,50 F,0.0,0.0
Bengaluru City,Yelahanka Traffic PS,1.04432e+16,2017,1,2,Road Accidents,Narrow road,City/Town,Open area,Human Error,No,Fatal,Head on,Uncontrolled,Straight and flat,City or Town Road,Bitumen(Tar),Dry,No influence on accident,Cloudy,Hesarughatta Main Road,Electric Pole,50 F,0.0,0.0
Bengaluru City,Yelahanka Traffic PS,1.04432e+16,2017,1,2,Road Accidents,Narrow road,City/Town,Open area,Human Error,No,Fatal,Others,Uncontrolled,Straight and flat,NH,Bitumen(Tar),Dry,No influence on accident,Cloudy,B.B.Road,Electric Pole,45 F,0.0,0.0
Bengaluru City,Yelahanka Traffic PS,1.04432e+16,2017,1,1,Road Accidents,Junction,City/Town,Residential area,Human Error,No,Grievous Injury,Hit pedestrian,Signal lights Automatic,Straight and flat,State Highway,Bitumen(Tar),Dry,No influence on accident,Cloudy,D.B.Pura Main Road,Electric Pole,50 F,0.0,0.0
Bengaluru City,Yelahanka Traffic PS,1.04432e+16,2017,1,2,Road Accidents,Cross roads,City/Town,Near School or College,Human Error,No,Simple Injury,Head on,Uncontrolled,Straight and flat,Service Road,Bitumen(Tar),Dry,No influence on accident,Clear,NEAR ELECTRICAL POLE,NEAR ELECTRICAL POLE,120 FT,0.0,0.0
Bengaluru City,Yelahanka Traffic PS,1.04432e+16,2017,1,2,Road Accidents,Narrow road,City/Town,Near School or College,Human Error,No,Simple Injury,Rear end,No signal lights,Curve and Incline,City or Town Road,Bitumen(Tar),Dry,No influence on accident,Clear,NITTE MINAKSHI COLLGE GANTEGANAHALLI MAIN ROAD,ELICTRICAL POL,27FEET,0.0,0.0
Bengaluru City,Yelahanka Traffic PS,1.04432e+16,2017,1,1,Road Accidents,Bridge,City/Town,Near School or College,Human Error,Yes,Fatal,Hit pedestrian,Uncontrolled,Straight and flat,NH,Bitumen(Tar),Dry,No influence on accident,Cloudy,B.B.Road,Electric Pole,25 F,0.0,0.0
Bengaluru City,Yelahanka Traffic PS,1.04432e+16,2017,1,2,Road Accidents,Other,City/Town,Near office complex,Human Error,Yes,Damage Only,Hit parked vehicle,Uncontrolled,Straight and flat,City or Town Road,Bitumen(Tar),Dry,No influence on accident,Clear,Near NCBS,Electric Pole,50 F,0.0,0.0
Bengaluru City,Yelahanka Traffic PS,1.04432e+16,2017,1,2,Road Accidents,Junction,City/Town,Residential area,Human Error,Yes,Simple Injury,Head on,Uncontrolled,Straight and flat,City or Town Road,Bitumen(Tar),Dry,No influence on accident,Clear,Judicial Layout Road,Residence,35 F,0.0,0.0
Bengaluru City,Yelahanka Traffic PS,1.04432e+16,2017,1,2,Road Accidents,Junction,City/Town,Residential area,Human Error,No,Damage Only,Others,Uncontrolled,Straight and flat,City or Town Road,Bitumen(Tar),Dry,No influence on accident,Clear,MSU Road,Electric Pole,50 F,0.0,0.0
Bengaluru City,Yelahanka Traffic PS,1.04432e+16,2017,1,1,Road Accidents,Narrow road,City/Town,Open area,Human Error,Yes,Grievous Injury,Hit pedestrian,Uncontrolled,Straight and flat,NH,Bitumen(Tar),Dry,No influence on accident,Clear,B.B.Road,Electric Pole,50 F,0.0,0.0
Bengaluru City,Yelahanka Traffic PS,1.04432e+16,2017,1,2,Road Accidents,Narrow road,City/Town,Near office complex,Human Error,Yes,Grievous Injury,Head on,Uncontrolled,Straight and flat,NH,Bitumen(Tar),Dry,No influence on accident,Fine,B.B.Road,Hotel,85 F,0.0,0.0
Bengaluru City,Yelahanka Traffic PS,1.04432e+16,2017,1,1,Road Accidents,Junction,City/Town,Residential area,Human Error,No,Grievous Injury,Hit pedestrian,Police / Manual,Straight and flat,City or Town Road,Bitumen(Tar),Dry,No influence on accident,Clear,MSU Road,Electric Pole,50 F,0.0,0.0
Bengaluru City,Yelahanka Traffic PS,1.04432e+16,2017,1,2,Road Accidents,Other,City/Town,Near Bus stop,Human Error,Yes,Grievous Injury,Head on,Uncontrolled,Straight and flat,City or Town Road,Bitumen(Tar),Dry,No influence on accident,Cloudy,vidyaranyapura Road,Electric Pole,50 F,0.0,0.0
Bengaluru City,Yelahanka Traffic PS,1.04432e+16,2017,1,2,Road Accidents,Narrow road,City/Town,Residential area,Human Error,No,Grievous Injury,Others,Uncontrolled,Straight and flat,State Highway,Bitumen(Tar),Dry,No influence on accident,Clear,D.B.Pura Main Road,Electric Pole,50 F,0.0,0.0
Bengaluru City,Yelahanka Traffic PS,1.04432e+16,2017,1,2,Road Accidents,Narrow road,City/Town,Open area,Human Error,No,Fatal,Head on,Uncontrolled,Straight and flat,City or Town Road,Bitumen(Tar),Dry,No influence on accident,Cloudy,Near Dibbur Cross,Electric Pole,50 F,0.0,0.0
Bengaluru City,Yelahanka Traffic PS,1.04432e+16,2017,1,2,Road Accidents,Junction,City/Town,In bazaar,Human Error,Yes,Simple Injury,Side swipe,Signal lights Automatic,Straight and flat,City or Town Road,Bitumen(Tar),Dry,No influence on accident,Clear,MSU Road,Electric Pol,50 F,0.0,0.0
Bengaluru City,Yelahanka Traffic PS,1.04432e+16,2017,1,2,Road Accidents,Narrow road,City/Town,Near Hospital,Vehicle Defect,No,Damage Only,Rear end,Not Applicable,Not Applicable,City or Town Road,Bitumen(Tar),Dry,No influence on accident,Clear,D B PURA MAIN ROAD YELAHANKA,ELECTRIACL POL,180FEE,0.0,0.0
Bengaluru City,Yelahanka Traffic PS,1.04432e+16,2017,1,2,Road Accidents,Cross roads,City/Town,Near Bus stop,Human Error,Yes,Simple Injury,Hit and Run,Uncontrolled,Straight and flat,Service Road,Bitumen(Tar),Dry,No influence on accident,Clear,NEAR NES BUS STOP,NEAR ELCTRICAL POL,250 FT,0.0,0.0
Bengaluru City,Yelahanka Traffic PS,1.04432e+16,2017,1,2,Road Accidents,Narrow road,City/Town,Residential area,Human Error,Yes,Simple Injury,Hit and Run,Controlled,Curve and Incline,City or Town Road,Bitumen(Tar),Dry,No influence on accident,Clear,near bypass junction b b road,elictrical pol,90feet,0.0,0.0
Bengaluru City,Yelahanka Traffic PS,1.04432e+16,2017,1,2,Road Accidents,Narrow road,City/Town,Near Petrol Pump,Human Error,No,Simple Injury,Rear end,Controlled,Curve,NH,Bitumen(Tar),Dry,No influence on accident,Clear,NH,ELCTRICAL POL,80FEET,0.0,0.0
Bengaluru City,Yelahanka Traffic PS,1.04432e+16,2017,1,1,Road Accidents,Narrow road,City/Town,Residential area,Human Error,Yes,Grievous Injury,Hit pedestrian,Uncontrolled,Straight and flat,City or Town Road,Bitumen(Tar),Dry,No influence on accident,Clear,Kattigenahalli Main Road,Mahendra Residence,85 F,0.0,0.0
Bengaluru City,Yelahanka Traffic PS,1.04432e+16,2017,1,2,Road Accidents,Junction,City/Town,In bazaar,Human Error,No,Simple Injury,Side swipe,Controlled,Others,City or Town Road,Bitumen(Tar),Dry,No influence on accident,Cloudy,Chikkabommasandra Road,Electric Pole,62 F,0.0,0.0
Bengaluru City,Yelahanka Traffic PS,1.04432e+16,2017,1,1,Road Accidents,Junction,City/Town,Near Hospital,Human Error,No,Fatal,Hit pedestrian,Uncontrolled,Straight and flat,City or Town Road,Bitumen(Tar),Dry,No influence on accident,Cloudy,Kogilu Bellahalli Main Road,Near Hospital,45 F,0.0,0.0
Bengaluru City,Yelahanka Traffic PS,1.04432e+16,2017,1,2,Road Accidents,Junction,City/Town,Near Bus stop,Human Error,Yes,Damage Only,Side swipe,Signals (Working),Straight and flat,City or Town Road,Bitumen(Tar),Dry,No influence on accident,Clear,Yelahanka Main Road,Electric Pole,50 F,0.0,0.0
Bengaluru City,Yelahanka Traffic PS,1.04432e+16,2017,1,1,Road Accidents,Narrow road,City/Town,Near office complex,Human Error,Yes,Grievous Injury,Hit pedestrian,Uncontrolled,Straight and flat,City or Town Road,Bitumen(Tar),Dry,No influence on accident,Clear,Allalasandra Road,Electric Pole,50 F,0.0,0.0
Bengaluru City,Yelahanka Traffic PS,1.04432e+16,2017,1,3,Road Accidents,Narrow road,City/Town,Open area,Human Error,No,Damage Only,Others,Uncontrolled,Straight and flat,NH,Bitumen(Tar),Dry,No influence on accident,Fine,B.B.Road,Electric Pole,65 F,0.0,0.0
Bengaluru City,Yelahanka Traffic PS,1.04432e+16,2017,1,2,Road Accidents,Junction,City/Town,Near Bus stop,Human Error,No,Grievous Injury,Rear end,Signal lights Automatic,Curve,NH,Bitumen(Tar),Dry,No influence on accident,Clear,B.B.Road Near Kogilu Cross Junction,Signal Light Pole,65 F,0.0,0.0
Bengaluru City,Yelahanka Traffic PS,1.04432e+16,2017,1,2,Road Accidents,Narrow road,City/Town,Residential area,Human Error,Yes,Simple Injury,Head on,Uncontrolled,Straight and flat,City or Town Road,Bitumen(Tar),Dry,No influence on accident,Cloudy,MSU Road,Electric Pole,58 F,0.0,0.0
Bengaluru City,Yelahanka Traffic PS,1.04432e+16,2017,1,2,Road Accidents,Narrow road,City/Town,Residential area,Human Error,Yes,Damage Only,Rear end,Uncontrolled,Straight and flat,City or Town Road,Bitumen(Tar),Dry,No influence on accident,Clear,MSU Road,Electric Pole,50 F,0.0,0.0
Bengaluru City,Yelahanka Traffic PS,1.04432e+16,2017,1,1,Road Accidents,Narrow road,City/Town,Near Petrol Pump,Human Error,No,Grievous Injury,Hit fixed object,Uncontrolled,Straight and flat,NH,Bitumen(Tar),Dry,No influence on accident,Cloudy,B.B.Road,Electric Pole,50 F,0.0,0.0