DISTRICTNAME,UNITNAME,Crime_No,Year,RI,Noofvehicle_involved,Accident_Classification,Accident_Spot,Accident_Location,Accident_SubLocation,Main_Cause,Hit_Run,Severity,Collision_Type,Junction_Control,Road_Character,Road_Type,Surface_Type,Surface_Condition,Road_Condition,Weather,Accident_Road,Landmark_first,Distance_LandMark_First,Latitude,Longitude
Bengaluru City,Yelahanka Traffic PS,1.04432e+16,2018,1,2,Road Accidents,Other,City/Town,Near Bus stop,Human Error,No,Grievous Injury,Others,Controlled,Others,Others,Bitumen(Tar),Dry,Not Applicable,Clear,Kabab Center Yelahanka Main Road Yelahanka,Eletrical Pole,25ft,0.0,0.0
Bengaluru City,Yelahanka Traffic PS,1.04432e+16,2018,1,2,Road Accidents,T Junction,City/Town,Near School or College,Human Error,No,Grievous Injury,Side swipe,Uncontrolled,Straight and flat,State Highway,Bitumen(Tar),Dry,No influence on accident,Clear,D.B.Pura Main Road,Electric Pole,50 F,0.0,0.0
Bengaluru City,Yelahanka Traffic PS,1.04432e+16,2018,1,2,Road Accidents,Cross roads,City/Town,Near School or College,Human Error,No,Simple Injury,Rear end,Uncontrolled,Curve,City or Town Road,Bitumen(Tar),Dry,No influence on accident,Clear,SHESHADRIPURAM COLLGE,SHESHADRIPURAM COLLGE,45FT,0.0,0.0
Bengaluru City,Yelahanka Traffic PS,1.04432e+16,2018,1,2,Road Accidents,Curves,City/Town,Near office complex,Human Error,Yes,Simple Injury,Hit and Run,Uncontrolled,Straight and flat,NH,Bitumen(Tar),Dry,No influence on accident,Clear,NEAR BMTC BUS STOP,NEAR BMTC BUS STOP,20FT,0.0,0.0
Bengaluru City,Yelahanka Traffic PS,1.04432e+16,2018,1,2,Road Accidents,Cross roads,City/Town,Near office complex,Human Error,No,Simple Injury,Overturning,Uncontrolled,Curve,Service Road,Bitumen(Tar),Dry,No influence on accident,Clear,NEAR COFFEE DAY,NEAR COFFEE DAY,58FT,0.0,0.0
Bengaluru City,Yelahanka Traffic PS,1.04432e+16,2018,1,1,Road Accidents,Junction,City/Town,In bazaar,Human Error,No,Simple Injury,Hit pedestrian,Uncontrolled,Straight and flat,Two way,Bitumen(Tar),Dry,No influence on accident,Clear,NEAR ANJANEYASWAMY TEMPLE,NEAR ANJANEYASWAMY TEMPLE,100FT,0.0,0.0
Bengaluru City,Yelahanka Traffic PS,1.04432e+16,2018,1,3,Road Accidents,Narrow road,City/Town,Open area,Human Error,Yes,Grievous Injury,Rear end,Uncontrolled,Straight and flat,NH,Bitumen(Tar),Dry,No influence on accident,Cloudy,B.B.Road,Electric Pole,50 F,0.0,0.0
Bengaluru City,Yelahanka Traffic PS,1.04432e+16,2018,1,1,Road Accidents,Cross roads,City/Town,In bazaar,Human Error,No,Simple Injury,Hit pedestrian,Uncontrolled,Straight and flat,City or Town Road,Bitumen(Tar),Dry,No influence on accident,Clear,NEAR JEEVAN HOSPITAL,NEAR JEEVAN HOSPITAL,90FT,0.0,0.0
Bengaluru City,Yelahanka Traffic PS,1.04432e+16,2018,1,1,Road Accidents,Narrow road,City/Town,Residential area,Human Error,No,Fatal,Hit pedestrian,Uncontrolled,Straight and flat,City or Town Road,Bitumen(Tar),Dry,No influence on accident,Clear,Kogilu Bellahalli Main Road,Electric Pole,50 F,0.0,0.0
Bengaluru City,Yelahanka Traffic PS,1.04432e+16,2018,1,1,Road Accidents,Narrow road,City/Town,Residential area,Human Error,No,Grievous Injury,Others,Uncontrolled,Straight and flat,City or Town Road,Bitumen(Tar),Dry,No influence on accident,Clear,Hesarughatta Main Road,Electric Pole,50 F,0.0,0.0
Bengaluru City,Yelahanka Traffic PS,1.04432e+16,2018,1,2,Road Accidents,Narrow road,City/Town,Residential area,Human Error,No,Grievous Injury,Rear end,Uncontrolled,Straight and flat,NH,Bitumen(Tar),Dry,No influence on accident,Clear,B.B.Road,Electric Pole,50 F,0.0,0.0
Bengaluru City,Yelahanka Traffic PS,1.04432e+16,2018,1,3,Road Accidents,Other,City/Town,Open area,Human Error,No,Grievous Injury,Others,Controlled,Others,Others,Bitumen(Tar),Dry,Not Applicable,Clear,"Kere Kodi Road, Karimuttu  Mariyamma Temple allalasandra Yelahanka",Electrical Pole,30,0.0,0.0
Bengaluru City,Yelahanka Traffic PS,1.04432e+16,2018,1,2,Road Accidents,Narrow road,City/Town,Near a religious place,Human Error,No,Grievous Injury,Side swipe,Uncontrolled,Straight and flat,NH,Bitumen(Tar),Dry,No influence on accident,Cloudy,B.B.Road,Electric Pole,50 F,0.0,0.0
Bengaluru City,Yelahanka Traffic PS,1.04432e+16,2018,1,1,Road Accidents,Other,City/Town,Near Bus stop,Human Error,No,Grievous Injury,Others,Controlled,Others,Others,Bitumen(Tar),Dry,Not Applicable,Cloudy,"B B Road, Near Jakkuru Aero Drem Yelahanka",Electrical Pole,60,0.0,0.0
Bengaluru City,Yelahanka Traffic PS,1.04432e+16,2018,1,2,Road Accidents,Other,City/Town,Near Hospital,Human Error,No,Grievous Injury,Others,Controlled,Others,Others,Bitumen(Tar),Dry,Not Applicable,Cloudy,NEAR HOSPOTAL MAIN ROAD YELAHANKA,ELECTRICAL POLE,56FT,0.0,0.0
Bengaluru City,Yelahanka Traffic PS,1.04432e+16,2018,1,2,Road Accidents,Other,City/Town,Near Bus stop,Human Error,No,Grievous Injury,Others,Controlled,Others,NH,Bitumen(Tar),Dry,Drainage Ditch,Clear,B B ROAD,ELECTRICAL POLE,60FT,0.0,0.0
Bengaluru City,Yelahanka Traffic PS,1.04432e+16,2018,1,1,Road Accidents,Other,City/Town,Near Bus stop,Human Error,No,Simple Injury,Others,Controlled,Curve,Others,Bitumen(Tar),Dry,Not Applicable,Clear,Allalasandra Bridge Yelahanka,Electrical Pole,40,0.0,0.0
Bengaluru City,Yelahanka Traffic PS,1.04432e+16,2018,1,2,Road Accidents,Narrow road,City/Town,Residential area,Human Error,Yes,Damage Only,Others,Uncontrolled,Straight and flat,City or Town Road,Bitumen(Tar),Dry,No influence on accident,Clear,Kogilu Main Road,Electric Pole,50 F,0.0,0.0
Bengaluru City,Yelahanka Traffic PS,1.04432e+16,2018,1,1,Road Accidents,Round about or Circle,City/Town,Near or inside a village,Human Error,No,Damage Only,Hit fixed object,Uncontrolled,Straight and flat,Two way,Bitumen(Tar),Dry,No influence on accident,Clear,NEAR PARK,NEAR PARK,25FT,0.0,0.0
Bengaluru City,Yelahanka Traffic PS,1.04432e+16,2018,1,1,Road Accidents,Cross roads,City/Town,Near Bus stop,Human Error,Yes,Simple Injury,Hit and Run,Uncontrolled,Straight and flat,NH,Bitumen(Tar),Dry,No influence on accident,Cloudy,NEAR BUS STOP,NEAR BUS STOP,85 FT,0.0,0.0
Bengaluru City,Yelahanka Traffic PS,1.04432e+16,2018,1,1,Road Accidents,Junction,City/Town,Near a factory industrial area,Human Error,No,Simple Injury,Hit pedestrian,Uncontrolled,Straight and flat,State Highway,Bitumen(Tar),Dry,No influence on accident,Clear,NEAR RAILWHEEL FACTORY,NEAR RAILWHEEL FACTORY,40 FT,0.0,0.0
Bengaluru City,Yelahanka Traffic PS,1.04432e+16,2018,1,2,Road Accidents,Cross roads,City/Town,Residential area,Human Error,No,Simple Injury,Head on,Uncontrolled,Straight and flat,One way,Bitumen(Tar),Dry,No influence on accident,Clear,NEAR ALLALASANDRA LAKE,NEAR ALLALASANDRA LAKE,40FT,0.0,0.0
Bengaluru City,Yelahanka Traffic PS,1.04432e+16,2018,1,2,Road Accidents,Narrow road,City/Town,Open area,Human Error,Yes,Simple Injury,Side swipe,Uncontrolled,Straight and flat,NH,Bitumen(Tar),Dry,No influence on accident,Clear,B.B.Road,Electric Pole,50 F,0.0,0.0
Bengaluru City,Yelahanka Traffic PS,1.04432e+16,2018,1,3,Road Accidents,Cross roads,City/Town,Residential area,Human Error,No,Simple Injury,Head on,Uncontrolled,Curve,Residential Street,Bitumen(Tar),Dry,No influence on accident,Clear,NEAR KRISHNA GREEN APARTMENT,NEAR KRISHNA GREEN APARTMENT,80 FT,0.0,0.0
Bengaluru City,Yelahanka Traffic PS,1.04432e+16,2018,1,1,Road Accidents,Other,City/Town,Near Bus stop,Human Error,Yes,Grievous Injury,Others,Controlled,Others,Others,Bitumen(Tar),Dry,Not Applicable,Clear,D B pura Main Road C R P F centrel Univercity Yelahanka,Electrical Pole,30,0.0,0.0
Bengaluru City,Yelahanka Traffic PS,1.04432e+16,2018,1,2,Road Accidents,T Junction,City/Town,In bazaar,Human Error,No,Grievous Injury,Drowned,Controlled,Curve,Others,Bitumen(Tar),Dry,Not Applicable,Clear,VIDYARANNAPURA MAIN ROAD,ELECTRICAL POLE,35FT,0.0,0.0
Bengaluru City,Yelahanka Traffic PS,1.04432e+16,2018,1,2,Road Accidents,Other,City/Town,Near Bus stop,Human Error,No,Grievous Injury,Head on,Controlled,Others,City or Town Road,Bitumen(Tar),Dry,Not Applicable,Clear,NEAR KURLAPPA COMPLEX  KOGILU MAIN ROAD YELAHANKA,ELECTRICAL POLE,160FT,0.0,0.0
Bengaluru City,Yelahanka Traffic PS,1.04432e+16,2018,1,2,Road Accidents,Narrow road,City/Town,Near Hospital,Human Error,No,Grievous Injury,Head on,Controlled,Others,Others,Bitumen(Tar),Dry,No influence on accident,Clear,NAGENAHANLLI GATE D B PURA MAIN ROAD YELAHANKA,ELECTRICAL POLE,90FT,0.0,0.0
Bengaluru City,Yelahanka Traffic PS,1.04432e+16,2018,1,1,Road Accidents,Other,City/Town,Near Bus stop,Human Error,No,Fatal,Others,Controlled,Others,Others,Bitumen(Tar),Dry,Not Applicable,Cloudy,Opposite Shanimahatma Temple Kogilu Main Road Srinivasapura Yellahanaka,Electrical Pole,35,0.0,0.0
Bengaluru City,Yelahanka Traffic PS,1.04432e+16,2018,1,2,Road Accidents,Other,City/Town,Near Bus stop,Human Error,No,Grievous Injury,Others,Controlled,Others,Others,Bitumen(Tar),Dry,Not Applicable,Clear,Near Dwaraka Convetion Hall Vidyarannapura,ElectricalPole,30,0.0,0.0
Bengaluru City,Yelahanka Traffic PS,1.04432e+16,2018,1,2,Road Accidents,Other,City/Town,Near office complex,Human Error,No,Fatal,Others,Controlled,Others,NH,Bitumen(Tar),Dry,Not Applicable,Clear,Coffe Day B B Main Road,Elecrical Pole,60,0.0,0.0
Bengaluru City,Yelahanka Traffic PS,1.04432e+16,2018,1,2,Road Accidents,Other,City/Town,Near Bus stop,Human Error,No,Grievous Injury,Others,Controlled,Others,Others,Bitumen(Tar),Dry,Not Applicable,Clear,Near Wheel and Axel D B pura Main Road Yelahanka,electrical Pole,30,0.0,0.0
Bengaluru City,Yelahanka Traffic PS,1.04432e+16,2018,1,2,Road Accidents,Other,City/Town,Near Bus stop,Human Error,No,Grievous Injury,Others,Controlled,Others,Others,Bitumen(Tar),Dry,Not Applicable,Cloudy,Near Bypass H P Petrola bank Yelahanaka,Electrical Pole,40,0.0,0.0
Bengaluru City,Yelahanka Traffic PS,1.04432e+16,2018,1,1,Road Accidents,Cross roads,City/Town,Residential area,Human Error,No,Simple Injury,Hit pedestrian,Uncontrolled,Straight and flat,City or Town Road,Bitumen(Tar),Dry,No influence on accident,Clear,ELECTRICL POLE,ELECTRICL POLE,30FT,0.0,0.0
Bengaluru City,Yelahanka Traffic PS,1.04432e+16,2018,1,2,Not Applicable,Cross roads,City/Town,Residential area,Human Error,No,Simple Injury,Head on,Uncontrolled,Straight and flat,Residential Street,Bitumen(Tar),Dry,No influence on accident,Clear,RAVISHANKARA GURUJI SCHOOL,RAVISHANKARA GURUJI SCHOOL,100FT,0.0,0.0
Bengaluru City,Yelahanka Traffic PS,1.04432e+16,2018,1,2,Road Accidents,Narrow road,City/Town,Near a factory industrial area,Human Error,Yes,Fatal,Side swipe,Uncontrolled,Straight and flat,City or Town Road,Bitumen(Tar),Dry,No influence on accident,Clear,Yelahanka Allalasandra Main Road,Electric Pole,50 F,0.0,0.0
Bengaluru City,Yelahanka Traffic PS,1.04432e+16,2018,1,2,Road Accidents,Narrow road,City/Town,Near office complex,Human Error,No,Fatal,Side swipe,Uncontrolled,Straight and flat,State Highway,Bitumen(Tar),Dry,No influence on accident,Clear,D.B.Pura Main Road,Electric Pole,40 F,0.0,0.0
Bengaluru City,Yelahanka Traffic PS,1.04432e+16,2018,1,1,Road Accidents,Other,City/Town,Near Bus stop,Human Error,No,Simple Injury,Others,Controlled,Others,Others,Bitumen(Tar),Dry,Not Applicable,Others,SHESHADRIPURAM COLLGE JUCTION MUS ROAD YELAHANKA NEW TOWN,Electric Pole,50 FT,0.0,0.0
Bengaluru City,Yelahanka Traffic PS,1.04432e+16,2018,1,1,Road Accidents,Other,City/Town,Open area,Human Error,No,Damage Only,Others,Controlled,Others,Others,Bitumen(Tar),Dry,Not Applicable,Cloudy,B B Road Bypass Junction Yelahanak,Electrical Pole,30,0.0,0.0
Bengaluru City,Yelahanka Traffic PS,1.04432e+16,2018,1,1,Rail Road Accidents,Junction,City/Town,Near Bus stop,Human Error,Yes,Simple Injury,Hit fixed object,Uncontrolled,Straight and flat,NH,Bitumen(Tar),Dry,No influence on accident,Cloudy,ELECTRICL POLE,ELECTRICL POLE,50 FT,0.0,0.0
Bengaluru City,Yelahanka Traffic PS,1.04432e+16,2018,1,1,Road Accidents,Junction,City/Town,Open area,Human Error,No,Simple Injury,Side swipe,Controlled,Straight and flat,NH,Bitumen(Tar),Dry,No influence on accident,Clear,B.B.Road,Electric Pole,50 F,0.0,0.0
Bengaluru City,Yelahanka Traffic PS,1.04432e+16,2018,1,2,Road Accidents,Narrow road,City/Town,Near office complex,Human Error,Yes,Grievous Injury,Hit and Run,Not Applicable,Straight and flat,Service Road,Bitumen(Tar),Others,Not Applicable,Not Applicable,B B Service Road opposite coffee,B B Service Road,1.5 km,0.0,0.0
Bengaluru City,Yelahanka Traffic PS,1.04432e+16,2018,1,2,Road Accidents,Other,City/Town,Near Bus stop,Human Error,No,Damage Only,Others,Controlled,Others,Others,Bitumen(Tar),Dry,Not Applicable,Clear,Near Unnikrishna Junction MSU Road Yelahanka,Electrical Pole,30,0.0,0.0
Bengaluru City,Yelahanka Traffic PS,1.04432e+16,2018,1,2,Road Accidents,Other,City/Town,Near Bus stop,Human Error,No,Grievous Injury,Others,Controlled,Others,Others,Bitumen(Tar),Dry,Not Applicable,Clear,Near Amrutha Hospital  Kogilu Main road  Yelahanak,Electrical pole,35,0.0,0.0
Bengaluru City,Yelahanka Traffic PS,1.04432e+16,2018,1,2,Road Accidents,Other,City/Town,Near Bus stop,Human Error,No,Grievous Injury,Others,Controlled,Others,Others,Bitumen(Tar),Dry,Not Applicable,Cloudy,"Near Doddabommasandra Arch, Doddabommasanndra Main Road",Electrical Pole,30,0.0,0.0
Bengaluru City,Yelahanka Traffic PS,1.04432e+16,2018,1,1,Road Accidents,Other,City/Town,Near Bus stop,Human Error,No,Grievous Injury,Others,Controlled,Others,Others,Bitumen(Tar),Others,Not Applicable,Clear,Near R R School Ramachandrapura Road Doddabommasandra,Electrical pole,30,0.0,0.0
Bengaluru City,Yelahanka Traffic PS,1.04432e+16,2018,1,3,Road Accidents,Narrow road,City/Town,Open area,Human Error,No,Fatal,Head on,Controlled,Straight and flat,City or Town Road,Bitumen(Tar),Dry,No influence on accident,Clear,Hesarugahatta Main Road,Electric Pole,50 F,0.0,0.0
Bengaluru City,Yelahanka Traffic PS,1.04432e+16,2018,1,3,Road Accidents,Culvert,City/Town,Open area,Human Error,Yes,Fatal,Hit and Run,Uncontrolled,Straight and flat,NH,Bitumen(Tar),Dry,No influence on accident,Clear,B.B.Road,Electric Pole,50 F,0.0,0.0
Bengaluru City,Yelahanka Traffic PS,1.04432e+16,2018,1,1,Road Accidents,Bridge,City/Town,Open area,Human Error,No,Damage Only,Hit fixed object,Uncontrolled,Straight and flat,NH,Bitumen(Tar),Dry,No influence on accident,Cloudy,NEAR JAKKURU AERO DURM,ELECTRICL LIGHT,60FT,0.0,0.0
Bengaluru City,Yelahanka Traffic PS,1.04432e+16,2018,1,2,Road Accidents,Cross roads,City/Town,Near office complex,Human Error,No,Simple Injury,Head on,Uncontrolled,Straight and flat,Service Road,Bitumen(Tar),Dry,No influence on accident,Clear,ELECTRICL POLE,ELECTRICL POLE,60FT,0.0,0.0
Bengaluru City,Yelahanka Traffic PS,1.04432e+16,2018,1,2,Road Accidents,Junction,City/Town,Near a religious place,Human Error,No,Simple Injury,Side swipe,Not Applicable,Not Applicable,Service Road,Bitumen(Tar),Dry,No influence on accident,Clear,NEAR DWARAKA KALYANA MANTHAPA,NEAR DWARAKA KALYANA MANTHAPA,100FT,0.0,0.0
Bengaluru City,Yelahanka Traffic PS,1.04432e+16,2018,1,1,Road Accidents,Narrow road,City/Town,Open area,Human Error,Yes,Fatal,Hit pedestrian,Uncontrolled,Straight and flat,NH,Bitumen(Tar),Dry,No influence on accident,Cloudy,B.B.Road,Electric Pole,50 F,0.0,0.0
Bengaluru City,Yelahanka Traffic PS,1.04432e+16,2018,1,3,Road Accidents,Narrow road,City/Town,Open area,Human Error,Yes,Fatal,Rear end,Uncontrolled,Straight and flat,NH,Bitumen(Tar),Dry,No influence on accident,Cloudy,B.B.Road,Electric Pole,50 F,0.0,0.0
Bengaluru City,Yelahanka Traffic PS,1.04432e+16,2018,1,2,Road Accidents,Other,City/Town,Narrow bridge or culverts,Human Error,No,Grievous Injury,Head on,Controlled,Others,Others,Bitumen(Tar),Dry,No influence on accident,Clear,YELAHANKA NEW TOWN,ELECTRICAL POLE,55FT,0.0,0.0
Bengaluru City,Yelahanka Traffic PS,1.04432e+16,2018,1,1,Road Accidents,Other,City/Town,Near Bus stop,Human Error,No,Grievous Injury,Others,Controlled,Others,Others,Bitumen(Tar),Dry,Not Applicable,Clear,S L K Compani 5th Phace Yelahanka,Electrical pole,60,0.0,0.0
Bengaluru City,Yelahanka Traffic PS,1.04432e+16,2018,1,2,Road Accidents,Other,City/Town,Near office complex,Human Error,No,Grievous Injury,Others,No signal lights,Others,Others,Bitumen(Tar),Dry,Not Applicable,Clear,ANANTHAPURA MAIN ROAD,ELECTRICAL POLE,30FT,0.0,0.0
Bengaluru City,Yelahanka Traffic PS,1.04432e+16,2018,1,2,Road Accidents,Narrow road,City/Town,In bazaar,Human Error,No,Grievous Injury,Head on,No signal lights,Others,City or Town Road,Bitumen(Tar),Dry,Not Applicable,Others,OPPOSITE CANARA BANK ATM M S PALYA,ELECTRICAL POLE,96FT,0.0,0.0
Bengaluru City,Yelahanka Traffic PS,1.04432e+16,2018,1,2,Road Accidents,Bottleneck,City/Town,In bazaar,Human Error,No,Damage Only,Head on,Give way sign,Others,City or Town Road,Bitumen(Tar),Dry,Not Applicable,Clear,MOTHER DAIRY CIRCLE,ELECTRICAL POLE,35FT,0.0,0.0
Bengaluru City,Yelahanka Traffic PS,1.04432e+16,2018,1,2,Road Accidents,Other,City/Town,Near Bus stop,Human Error,No,Grievous Injury,Others,Controlled,Others,Others,Bitumen(Tar),Dry,Not Applicable,Cloudy,Opposite Aroma Bekary Near Mother Dairy Cross Yelahanka New Town,Electrical Pole,40,0.0,0.0
Bengaluru City,Yelahanka Traffic PS,1.04432e+16,2018,1,2,Road Accidents,Other,City/Town,Near Bus stop,Human Error,No,Grievous Injury,Others,Controlled,Others,Others,Bitumen(Tar),Dry,Not Applicable,Cloudy,Doddaballapura Main road Ananthapura Junction Yelahanaka,Electrical Pole,40,0.0,0.0
Bengaluru City,Yelahanka Traffic PS,1.04432e+16,2018,1,2,Road Accidents,Other,Not Applicable,Near Bus stop,Human Error,No,Grievous Injury,Others,Controlled,Others,Others,Bitumen(Tar),Dry,Not Applicable,Cloudy,Near Jakkuru Aero Drem B B Road Flyover Yelahanaka,Electrical Pole,40,0.0,0.0
Bengaluru City,Yelahanka Traffic PS,1.04432e+16,2018,1,2,Road Accidents,Cross roads,City/Town,Residential area,Human Error,Yes,Simple Injury,Hit and Run,Uncontrolled,Curve,State Highway,Bitumen(Tar),Dry,No influence on accident,Cloudy,NEAR ELECTRICAL POLE,NEAR ELECTRICAL POLE,160FT,0.0,0.0
Bengaluru City,Yelahanka Traffic PS,1.04432e+16,2018,1,1,Road Accidents,Junction,City/Town,Near office complex,Human Error,No,Simple Injury,Hit bicyclist,Uncontrolled,Slight Curve,State Highway,Bitumen(Tar),Dry,No influence on accident,Clear,NEAR DHARIVALA GLASS HOUSE,NEAR DHARIVALA GLASS HOUSE,40 FT,0.0,0.0
Bengaluru City,Yelahanka Traffic PS,1.04432e+16,2018,1,2,Road Accidents,Junction,City/Town,Residential area,Human Error,Yes,Simple Injury,Head on,Uncontrolled,Curve,City or Town Road,Bitumen(Tar),Dry,No influence on accident,Clear,Yelahanka New Town Main Road,Electric Pole,50 F,0.0,0.0
Bengaluru City,Yelahanka Traffic PS,1.04432e+16,2018,1,2,Rail Road Accidents,Cross roads,City/Town,Near or inside a village,Human Error,Yes,Damage Only,Hit and Run,Uncontrolled,Straight and flat,Village Road,Bitumen(Tar),Dry,No influence on accident,Clear,NEAR PATHANJALI STORE,NEAR PATHANJALI STORE,25,0.0,0.0
Bengaluru City,Yelahanka Traffic PS,1.04432e+16,2018,1,1,Road Accidents,Cross roads,City/Town,Near School or College,Human Error,No,Simple Injury,Head on,Uncontrolled,Straight and flat,Others,Bitumen(Tar),Dry,No influence on accident,Clear,NES BUS STOP,NEAR SHESHADRIPURAM COLE,30FT,0.0,0.0
Bengaluru City,Yelahanka Traffic PS,1.04432e+16,2018,1,2,Road Accidents,Other,City/Town,Near Bus stop,Human Error,Yes,Damage Only,Others,Controlled,Others,Others,Bitumen(Tar),Others,Not Applicable,Others,Yelahanka New Town Yelahanka,Eletrical Pole,35 FT,0.0,0.0
Bengaluru City,Yelahanka Traffic PS,1.04432e+16,2018,1,1,Road Accidents,Junction,City/Town,Near Hospital,Human Error,Yes,Simple Injury,Hit and Run,Uncontrolled,Straight and flat,NH,Bitumen(Tar),Dry,No influence on accident,Clear,NEAR GOVT HOSPITAL,NEAR GOVT HOSPITAL,85 FT,0.0,0.0
Bengaluru City,Yelahanka Traffic PS,1.04432e+16,2018,1,2,Road Accidents,Cross roads,City/Town,Near office complex,Human Error,No,Simple Injury,Head on,Uncontrolled,Straight and flat,Service Road,Bitumen(Tar),Dry,No influence on accident,Clear,ELECTRICL POLE,ELECTRICL POLE,50 FT,0.0,0.0
Bengaluru City,Yelahanka Traffic PS,1.04432e+16,2018,1,1,Road Accidents,Narrow road,City/Town,Open area,Human Error,Yes,Fatal,Hit pedestrian,Uncontrolled,Straight and flat,City or Town Road,Bitumen(Tar),Dry,No influence on accident,Cloudy,Hesarughatta Main Road,Electric Pole,50 F,0.0,0.0
Bengaluru City,Yelahanka Traffic PS,1.04432e+16,2018,1,1,Road Accidents,Other,City/Town,Near Bus stop,Human Error,No,Grievous Injury,Head on,Controlled,Others,City or Town Road,Bitumen(Tar),Dry,No influence on accident,Clear,PUTTENAHALLI NEAR D B PUR MAIN ROAD YELAHANKA,ELECTRICAL POLE,90FT,0.0,0.0
Bengaluru City,Yelahanka Traffic PS,1.04432e+16,2018,1,1,Road Accidents,Bottleneck,City/Town,Near Hospital,Human Error,No,Grievous Injury,Head on,Controlled,Others,Others,Bitumen(Tar),Dry,Not Applicable,Cloudy,OPPOSITE CITECARE HOSPITAL B B ROAD  YELAHANKA,ELECTRICAL POLE,80FT,0.0,0.0
Bengaluru City,Yelahanka Traffic PS,1.04432e+16,2018,1,1,Road Accidents,Other,City/Town,Near Bus stop,Human Error,Yes,Fatal,Others,Controlled,Others,Others,Bitumen(Tar),Dry,Not Applicable,Cloudy,B B Main Road Yelahanka,Electrical Pole,60,0.0,0.0
Bengaluru City,Yelahanka Traffic PS,1.04432e+16,2018,1,1,Road Accidents,Other,City/Town,Near Bus stop,Human Error,No,Fatal,Others,Controlled,Others,Others,Bitumen(Tar),Dry,Not Applicable,Cloudy,Verasagara Villege Road  Veerasagara,Electrical Pole,35,0.0,0.0
Bengaluru City,Yelahanka Traffic PS,1.04432e+16,2018,1,1,Road Accidents,Other,City/Town,Near Bus stop,Human Error,No,Damage Only,Others,Controlled,Others,Others,Bitumen(Tar),Dry,Not Applicable,Clear,Opposite August Center  B B Road Yelahanka,Electrical pole,60,0.0,0.0
Bengaluru City,Yelahanka Traffic PS,1.04432e+16,2018,1,2,Road Accidents,Other,City/Town,Near Bus stop,Human Error,No,Grievous Injury,Others,Controlled,Curve,Others,Bitumen(Tar),Dry,Not Applicable,Others,Sandeepa unnikrushana Janction,Electric Pole,40 FT,0.0,0.0
Bengaluru City,Yelahanka Traffic PS,1.04432e+16,2018,1,2,Road Accidents,Other,City/Town,Near Bus stop,Human Error,No,Simple Injury,Others,Controlled,Others,Others,Bitumen(Tar),Dry,Not Applicable,Clear,Near Post Office Vidyaranapura Main Road,Eletrical Pole,30FT,0.0,0.0
Bengaluru City,Yelahanka Traffic PS,1.04432e+16,2018,1,2,Road Accidents,Narrow road,City/Town,Open area,Human Error,Yes,Fatal,Hit and Run,Uncontrolled,Straight and flat,City or Town Road,Bitumen(Tar),Dry,No influence on accident,Clear,Hesarughatta Main Road,Electric Pole,50 F,0.0,0.0
Bengaluru City,Yelahanka Traffic PS,1.04432e+16,2018,1,1,Rail Road Accidents,Cross roads,City/Town,In bazaar,Human Error,No,Simple Injury,Hit pedestrian,Uncontrolled,Straight and flat,NH,Bitumen(Tar),Dry,No influence on accident,Clear,NEAR RMZ GALLARY,NEAR RMZ GALLARY,50FT,0.0,0.0
Bengaluru City,Yelahanka Traffic PS,1.04432e+16,2018,1,1,Road Accidents,Other,City/Town,Near Bus stop,Human Error,No,Damage Only,Others,Controlled,Others,Others,Bitumen(Tar),Dry,Not Applicable,Others,Muneeshwara Layout Byaladakere Veerasagara,Electrical Pole,30,0.0,0.0
Bengaluru City,Yelahanka Traffic PS,1.04432e+16,2018,1,2,Road Accidents,Junction,City/Town,Open area,Human Error,No,Simple Injury,Rear end,Uncontrolled,Straight and flat,NH,Bitumen(Tar),Others,No influence on accident,Cloudy,ELECTRICL POLE,ELECTRICL POLE,30FT,0.0,0.0
Bengaluru City,Yelahanka Traffic PS,1.04432e+16,2018,1,2,Road Accidents,Cross roads,City/Town,Near or inside a village,Human Error,No,Simple Injury,Head on,Uncontrolled,Straight and flat,Two way,Kutcha,Dry,No influence on accident,Clear,ELECTRICL POLE,ELECTRICL POLE,18 FT,0.0,0.0
Bengaluru City,Yelahanka Traffic PS,1.04432e+16,2018,1,2,Road Accidents,Junction,City/Town,Open area,Human Error,Yes,Fatal,Others,Signal lights Automatic,Straight and flat,NH,Bitumen(Tar),Dry,No influence on accident,Cloudy,B.B.Road,Electric Pole,50 F,0.0,0.0
Bengaluru City,Yelahanka Traffic PS,1.04432e+16,2018,1,2,Road Accidents,Narrow road,City/Town,Residential area,Human Error,Not Applicable,Grievous Injury,Head on,Controlled,Others,City or Town Road,Bitumen(Tar),Not Applicable,Not Applicable,Not Applicable,Major Unnikrishnan road,SHESHADRIPURAM SCHOOL,2 KM,0.0,0.0
Bengaluru City,Yelahanka Traffic PS,1.04432e+16,2018,1,2,Road Accidents,Other,City/Town,Near Bus stop,Human Error,No,Grievous Injury,Others,Controlled,Curve,NH,Bitumen(Tar),Dry,No influence on accident,Clear,NEAR GKVK B B ROAD JAKKURU,ELECTRICAL POLE,60FT,0.0,0.0
Bengaluru City,Yelahanka Traffic PS,1.04432e+16,2018,1,2,Road Accidents,Other,City/Town,Near Bus stop,Human Error,No,Grievous Injury,Others,Controlled,Others,Others,Bitumen(Tar),Dry,Not Applicable,Cloudy,Near Kogilu Junction On B B Road Flyover Yelahanaka,Electrical Pole,35,0.0,0.0
Bengaluru City,Yelahanka Traffic PS,1.04432e+16,2018,1,1,Road Accidents,Other,City/Town,Near Bus stop,Human Error,No,Grievous Injury,Others,Controlled,Others,Others,Bitumen(Tar),Dry,Not Applicable,Cloudy,No 257/4 PWD quartres Yelahanaka New Town,Electrical Pole,30,0.0,0.0