DISTRICTNAME,UNITNAME,Crime_No,Year,RI,Noofvehicle_involved,Accident_Classification,Accident_Spot,Accident_Location,Accident_SubLocation,Main_Cause,Hit_Run,Severity,Collision_Type,Junction_Control,Road_Character,Road_Type,Surface_Type,Surface_Condition,Road_Condition,Weather,Accident_Road,Landmark_first,Distance_LandMark_First,Latitude,Longitude
Bengaluru City,Yelahanka Traffic PS,1.04432e+16,2018,1,2,Road Accidents,Cross roads,City/Town,Near office complex,Human Error,No,Simple Injury,Hit pedestrian,Uncontrolled,Straight and flat,City or Town Road,Bitumen(Tar),Dry,No influence on accident,Clear,"VIDYARNYAPURA MAIN ROAD, NEAR POST OFFICE",NEAR POST OFFICE,40 FT,0.0,0.0
Bengaluru City,Yelahanka Traffic PS,1.04432e+16,2018,1,2,Road Accidents,T Junction,City/Town,Residential area,Human Error,No,Simple Injury,Side swipe,Uncontrolled,Straight and flat,State Highway,Bitumen(Tar),Dry,No influence on accident,Clear,D.B.Pura Main Road,Electric Pole,50 F,0.0,0.0
Bengaluru City,Yelahanka Traffic PS,1.04432e+16,2018,1,1,Road Accidents,Narrow road,City/Town,Near office complex,Human Error,No,Fatal,Others,Uncontrolled,Straight and flat,City or Town Road,Bitumen(Tar),Dry,No influence on accident,Cloudy,MSU Road,Electric Pole,50 F,0.0,0.0
Bengaluru City,Yelahanka Traffic PS,1.04432e+16,2018,1,1,Road Accidents,Narrow road,City/Town,Residential area,Human Error,No,Fatal,Hit pedestrian,Uncontrolled,Straight and flat,NH,Bitumen(Tar),Dry,No influence on accident,Cloudy,B.B.West Service Road,Electric Pole,50 F,0.0,0.0
Bengaluru City,Yelahanka Traffic PS,1.04432e+16,2018,1,1,Road Accidents,Narrow road,City/Town,Residential area,Human Error,No,Fatal,Others,Uncontrolled,Straight and flat,City or Town Road,Bitumen(Tar),Dry,No influence on accident,Clear,Chikkabommasandra Main Road,Electric Pole,50 F,0.0,0.0
Bengaluru City,Yelahanka Traffic PS,1.04432e+16,2018,1,1,Road Accidents,Narrow road,City/Town,Near Hospital,Human Error,Yes,Fatal,Hit pedestrian,Uncontrolled,Straight and flat,NH,Bitumen(Tar),Dry,No influence on accident,Cloudy,B.B.Road,Electric Pole,50 F,0.0,0.0
Bengaluru City,Yelahanka Traffic PS,1.04432e+16,2018,1,2,Road Accidents,Junction,City/Town,Near Bus stop,Human Error,No,Simple Injury,Right Turn Collision,Uncontrolled,Slight Curve,Two way,Bitumen(Tar),Dry,No influence on accident,Clear,NEAR MILK SHOP,NEAR MILK SHOP,20 FT,0.0,0.0
Bengaluru City,Yelahanka Traffic PS,1.04432e+16,2018,1,2,Road Accidents,Narrow road,City/Town,Near office complex,Human Error,Yes,Grievous Injury,Side swipe,Uncontrolled,Straight and flat,City or Town Road,Bitumen(Tar),Dry,No influence on accident,Cloudy,Yelahanka Allalasandra Main Road,Electric Pole,50 F,0.0,0.0
Bengaluru City,Yelahanka Traffic PS,1.04432e+16,2018,1,1,Road Accidents,Narrow road,City/Town,Residential area,Human Error,Yes,Grievous Injury,Hit pedestrian,Uncontrolled,Straight and flat,City or Town Road,Bitumen(Tar),Dry,No influence on accident,Clear,"7th Main, Doddabettahalli Layout",Electric Pole,50 F,0.0,0.0
Bengaluru City,Yelahanka Traffic PS,1.04432e+16,2018,1,2,Road Accidents,Other,City/Town,In bazaar,Human Error,No,Grievous Injury,Others,No signal lights,Others,Others,Bitumen(Tar),Dry,No influence on accident,Cloudy,SAMBRAMA COLLEGE MAIN ROAD  M S PALYA,TEA STAL,30FT,0.0,0.0
Bengaluru City,Yelahanka Traffic PS,1.04432e+16,2018,1,2,Road Accidents,Narrow road,City/Town,Residential area,Human Error,Yes,Grievous Injury,Others,Signals (Working),Others,City or Town Road,Bitumen(Tar),Not Applicable,Not Applicable,Not Applicable,Yelahanka circle,yelahanka P S Near,0.1 k,0.0,0.0
Bengaluru City,Yelahanka Traffic PS,1.04432e+16,2018,1,2,Road Accidents,Circle,City/Town,Residential area,Human Error,Yes,Simple Injury,Hit and Run,Controlled,Curve,City or Town Road,Bitumen(Tar),Dry,No influence on accident,Clear,D B pur road,ELECTRICL POLE,60FT,0.0,0.0
Bengaluru City,Yelahanka Traffic PS,1.04432e+16,2018,1,2,Road Accidents,Other,City/Town,Near Bus stop,Human Error,No,Grievous Injury,Head on,Controlled,Others,One way,Bitumen(Tar),Dry,Not Applicable,Cloudy,PALANAHALLI GATE,ELECTRICAL POLE,60FT,0.0,0.0
Bengaluru City,Yelahanka Traffic PS,1.04432e+16,2018,1,1,Road Accidents,Other,City/Town,Near Bus stop,Human Error,No,Grievous Injury,Head on,Controlled,Others,Others,Bitumen(Tar),Dry,No influence on accident,Clear,ANANTHAPURA MAIN ROAD,ELECTRICAL POLE,85FT,0.0,0.0
Bengaluru City,Yelahanka Traffic PS,1.04432e+16,2018,1,2,Road Accidents,Other,City/Town,Near Bus stop,Human Error,No,Grievous Injury,Others,Controlled,Others,Others,Bitumen(Tar),Dry,Not Applicable,Clear,Venkatala Yelahanka,Electrical pole,60,0.0,0.0
Bengaluru City,Yelahanka Traffic PS,1.04432e+16,2018,1,2,Road Accidents,Other,City/Town,Residential area,Human Error,Not Applicable,Damage Only,Head on,Not Applicable,Not Applicable,State Highway,Bitumen(Tar),Not Applicable,Not Applicable,Others,jakkuru near areo drum,Near Areo drum,40 ft,0.0,0.0
Bengaluru City,Yelahanka Traffic PS,1.04432e+16,2018,1,2,Road Accidents,Other,City/Town,Near Bus stop,Human Error,No,Grievous Injury,Others,Controlled,Others,Others,Bitumen(Tar),Dry,Not Applicable,Clear,"Near Sayi tredars, Kogilu Main Road Shreenivasapura Yelahanaka",Electrical Pole,60,0.0,0.0
Bengaluru City,Yelahanka Traffic PS,1.04432e+16,2018,1,1,Road Accidents,Other,City/Town,In bazaar,Human Error,No,Grievous Injury,Others,Controlled,Others,Others,Bitumen(Tar),Dry,Not Applicable,Clear,10th B Main Road Yelahanaka New Town,Electrical Pole,30,0.0,0.0
Bengaluru City,Yelahanka Traffic PS,1.04432e+16,2018,1,2,Road Accidents,Other,City/Town,Near Bus stop,Human Error,No,Grievous Injury,Others,Controlled,Others,Others,Bitumen(Tar),Dry,Not Applicable,Cloudy,Opposite Sheshadripuram College D B Pura Main Road,Elecrical Pole,40,0.0,0.0
Bengaluru City,Yelahanka Traffic PS,1.04432e+16,2018,1,2,Road Accidents,Bridge,City/Town,Near School or College,Human Error,No,Simple Injury,Hit parked vehicle,Uncontrolled,Straight and flat,NH,Bitumen(Tar),Dry,No influence on accident,Cloudy,VIDYASHILPA SCHOOL,VIDYASHILPA SCHOOL,250FT,0.0,0.0
Bengaluru City,Yelahanka Traffic PS,1.04432e+16,2018,1,3,Road Accidents,Narrow road,City/Town,Near office complex,Human Error,No,Fatal,Others,Uncontrolled,Straight and flat,NH,Bitumen(Tar),Dry,No influence on accident,Cloudy,B.B.Road,Electric Pole,50 F,0.0,0.0
Bengaluru City,Yelahanka Traffic PS,1.04432e+16,2018,1,2,Road Accidents,Narrow road,City/Town,Near office complex,Human Error,No,Fatal,Head on,Uncontrolled,Straight and flat,City or Town Road,Bitumen(Tar),Dry,No influence on accident,Cloudy,Thindlu Main Road,Electric Pole,50 F,0.0,0.0
Bengaluru City,Yelahanka Traffic PS,1.04432e+16,2018,1,2,Road Accidents,Bridge,City/Town,Residential area,Human Error,Not Applicable,Simple Injury,Head on,Controlled,Others,City or Town Road,Bitumen(Tar),Not Applicable,Not Applicable,Not Applicable,Allalasandra on railway  bridge,Allalassandra raiway bridge,80FT,0.0,0.0
Bengaluru City,Yelahanka Traffic PS,1.04432e+16,2018,1,1,Road Accidents,Cross roads,City/Town,Near office complex,Human Error,No,Simple Injury,Hit pedestrian,Uncontrolled,Curve,Village Road,Bitumen(Tar),Dry,No influence on accident,Clear,CLOTH CENTER,CLOTH CENTER,20 FT,0.0,0.0
Bengaluru City,Yelahanka Traffic PS,1.04432e+16,2018,1,2,Road Accidents,Cross roads,City/Town,Residential area,Human Error,No,Simple Injury,Hit parked vehicle,Uncontrolled,Straight and flat,State Highway,Bitumen(Tar),Dry,No influence on accident,Cloudy,NEAR DHARIVALA GLASS HOUSE,NEAR DHARIVALA GLASS HOUSE,110 FT,0.0,0.0
Bengaluru City,Yelahanka Traffic PS,1.04432e+16,2018,1,1,Road Accidents,Other,City/Town,Residential area,Human Error,Not Applicable,Simple Injury,Head on,Controlled,Others,State Highway,Bitumen(Tar),Not Applicable,Not Applicable,Others,crpf D B pur main road,CRPF D B pur main road,2,0.0,0.0
Bengaluru City,Yelahanka Traffic PS,1.04432e+16,2018,1,2,Road Accidents,Culvert,City/Town,Narrow bridge or culverts,Human Error,No,Grievous Injury,Overturning,Uncontrolled,Straight and flat,Two way,Bitumen(Tar),Dry,No influence on accident,Clear,"ON ALLALASANDRA RAILWAY BRIDGE, YELAHANKA",ELECTRICL LIGHT,52 FT,0.0,0.0
Bengaluru City,Yelahanka Traffic PS,1.04432e+16,2018,1,2,Road Accidents,Other,Not Applicable,Near Hospital,Human Error,No,Not Applicable,Drowned,Controlled,Others,Others,Bitumen(Tar),Dry,No influence on accident,Cloudy,DODDABALLAPURA MAIN ROAD NES JUNCTION YELAHANKA,ELECTRICAL POLE,55FT,0.0,0.0
Bengaluru City,Yelahanka Traffic PS,1.04432e+16,2018,1,1,Not Applicable,Other,City/Town,Near Bus stop,Human Error,Yes,Grievous Injury,Others,Controlled,Others,Others,Bitumen(Tar),Dry,Not Applicable,Cloudy,Near Attur Bus Stop MSU Road Yelahanka,Electrical Pole,30,0.0,0.0
Bengaluru City,Yelahanka Traffic PS,1.04432e+16,2018,1,2,Rail Road Accidents,Narrow road,City/Town,Residential area,Human Error,Yes,Simple Injury,Hit and Run,Not Applicable,Incline,City or Town Road,Bitumen(Tar),Dry,No influence on accident,Cloudy,Raiter sante nvm kalayan manthappa near yelahanka,Electric Pole,75,0.0,0.0
Bengaluru City,Yelahanka Traffic PS,1.04432e+16,2018,1,2,Road Accidents,Other,City/Town,Near Bus stop,Human Error,No,Grievous Injury,Others,Controlled,Others,Others,Bitumen(Tar),Dry,Not Applicable,Cloudy,I Payhome school  Purvanka Apartment Yelahanka new town,Electrical Pole,30,0.0,0.0
Bengaluru City,Yelahanka Traffic PS,1.04432e+16,2018,1,1,Road Accidents,Narrow road,City/Town,Residential area,Human Error,Yes,Grievous Injury,Hit pedestrian,Uncontrolled,Straight and flat,City or Town Road,Bitumen(Tar),Dry,No influence on accident,Clear,Vidyaranyapura Mai Road,Electric Pole,50 F,0.0,0.0
Bengaluru City,Yelahanka Traffic PS,1.04432e+16,2018,1,1,Road Accidents,Other,City/Town,Residential area,Human Error,No,Damage Only,Others,Controlled,Others,Others,Bitumen(Tar),Dry,Not Applicable,Clear,Near Puttenahalli Lake D B Pura Main Road Yelahanak,Eletrical Pole,30FT,0.0,0.0
Bengaluru City,Yelahanka Traffic PS,1.04432e+16,2018,1,2,Road Accidents,Other,City/Town,Near Bus stop,Human Error,Yes,Damage Only,Others,Controlled,Others,Others,Bitumen(Tar),Dry,Not Applicable,Cloudy,D B Pura Main Road Yelahanaka,Electrical Pole,35,0.0,0.0
Bengaluru City,Yelahanka Traffic PS,1.04432e+16,2018,1,2,Rail Road Accidents,Cross roads,City/Town,Near a religious place,Human Error,No,Simple Injury,Hit and Run,Uncontrolled,Straight and flat,Others,Bitumen(Tar),Dry,No influence on accident,Cloudy,MUNESHWARA TEMPLE,MUNESHWARA TEMPLE,20FT,0.0,0.0
Bengaluru City,Yelahanka Traffic PS,1.04432e+16,2018,1,1,Road Accidents,Narrow road,City/Town,Near office complex,Human Error,No,Fatal,Hit pedestrian,Uncontrolled,Straight and flat,City or Town Road,Bitumen(Tar),Dry,No influence on accident,Clear,MSU Road,Electric Pole,50 F,0.0,0.0
Bengaluru City,Yelahanka Traffic PS,1.04432e+16,2018,1,1,Road Accidents,Narrow road,City/Town,Near office complex,Human Error,Yes,Fatal,Hit pedestrian,Uncontrolled,Straight and flat,State Highway,Bitumen(Tar),Dry,No influence on accident,Cloudy,D.B.Pura Main Road,Electric Pole,50 F,0.0,0.0
Bengaluru City,Yelahanka Traffic PS,1.04432e+16,2018,1,2,Road Accidents,Narrow road,City/Town,Residential area,Human Error,Yes,Grievous Injury,Head on,Uncontrolled,Straight and flat,City or Town Road,Bitumen(Tar),Dry,No influence on accident,Clear,Vidyaranyapura 9th Main,Electric Pole,50 F,0.0,0.0
Bengaluru City,Yelahanka Traffic PS,1.04432e+16,2018,1,2,Road Accidents,Narrow road,City/Town,Residential area,Human Error,Yes,Grievous Injury,Side swipe,Uncontrolled,Straight and flat,City or Town Road,Bitumen(Tar),Dry,No influence on accident,Cloudy,Yelahanka New Twon Main Road,Electric Pole,50 F,0.0,0.0
Bengaluru City,Yelahanka Traffic PS,1.04432e+16,2018,1,2,Road Accidents,Narrow road,City/Town,Residential area,Human Error,No,Grievous Injury,Head on,Controlled,Not Applicable,NH,Bitumen(Tar),Not Applicable,Not Applicable,Not Applicable,B B ROAD ON FLYOVER VENKATAL,Venkatal,85FT,0.0,0.0
Bengaluru City,Yelahanka Traffic PS,1.04432e+16,2018,1,1,Road Accidents,Other,City/Town,In bazaar,Human Error,No,Grievous Injury,Head on,Controlled,Others,Others,Bitumen(Tar),Dry,No influence on accident,Cloudy,VIDYARANYAPURA MAIN ROAD,ELECTRICALPOLE,50FT,0.0,0.0
Bengaluru City,Yelahanka Traffic PS,1.04432e+16,2018,1,2,Road Accidents,Other,City/Town,Near School or College,Human Error,No,Grievous Injury,Others,Controlled,Curve,Others,Bitumen(Tar),Dry,Not Applicable,Clear,NEAR VIDYASHILPA SCHOOL B B ROAD,ELECTRICAL POLE,50FT,0.0,0.0
Bengaluru City,Yelahanka Traffic PS,1.04432e+16,2018,1,1,Road Accidents,Other,City/Town,Near Bus stop,Human Error,No,Simple Injury,Others,Controlled,Others,Others,Bitumen(Tar),Dry,Not Applicable,Clear,Near Jnanajyothi School Yelahanka New Town,ELECTRICL LIGHT,35,0.0,0.0
Bengaluru City,Yelahanka Traffic PS,1.04432e+16,2018,1,2,Road Accidents,Junction,City/Town,Near office complex,Human Error,No,Fatal,Others,Signal lights Automatic,Straight and flat,City or Town Road,Bitumen(Tar),Dry,No influence on accident,Clear,MSU road,Electric Pole,50 F,0.0,0.0
Bengaluru City,Yelahanka Traffic PS,1.04432e+16,2018,1,2,Road Accidents,Other,City/Town,Near Bus stop,Human Error,No,Damage Only,Others,Controlled,Others,NH,Bitumen(Tar),Dry,Not Applicable,Cloudy,Near Vidyashipa School  B B Road Yelahanka,Eletrical Pole,40FT,0.0,0.0
Bengaluru City,Yelahanka Traffic PS,1.04432e+16,2018,1,2,Road Accidents,Other,City/Town,Near Bus stop,Human Error,No,Damage Only,Others,Controlled,Others,NH,Bitumen(Tar),Dry,Not Applicable,Clear,B B Road near Jakkuru Junction Yelahanka,Electrical Pole,30,0.0,0.0
Bengaluru City,Yelahanka Traffic PS,1.04432e+16,2018,1,2,Road Accidents,Narrow road,City/Town,Open area,Human Error,No,Fatal,Rear end,Uncontrolled,Straight and flat,NH,Bitumen(Tar),Dry,No influence on accident,Clear,B.B.Road,Electric Pole,50 F,0.0,0.0
Bengaluru City,Yelahanka Traffic PS,1.04432e+16,2018,1,2,Road Accidents,Narrow road,City/Town,Open area,Human Error,No,Grievous Injury,Rear end,Uncontrolled,Straight and flat,NH,Bitumen(Tar),Dry,No influence on accident,Clear,B.B.Road,Electric Pole,50 F,0.0,0.0
Bengaluru City,Yelahanka Traffic PS,1.04432e+16,2018,1,2,Road Accidents,Narrow road,City/Town,Open area,Human Error,No,Fatal,Head on,Uncontrolled,Straight and flat,NH,Bitumen(Tar),Dry,No influence on accident,Clear,B.B.Service Road,Electric Pole,50 F,0.0,0.0
Bengaluru City,Yelahanka Traffic PS,1.04432e+16,2018,1,1,Road Accidents,Narrow road,City/Town,Near Bus stop,Human Error,No,Grievous Injury,Head on,Controlled,Others,Others,Bitumen(Tar),Dry,No influence on accident,Others,NEAR VENKATALA BUS STOP YELAHANKA,ELECTRICAL POLE,80FT,0.0,0.0
Bengaluru City,Yelahanka Traffic PS,1.04432e+16,2018,1,1,Road Accidents,Narrow road,City/Town,Open area,Human Error,Yes,Fatal,Hit pedestrian,Uncontrolled,Straight and flat,NH,Bitumen(Tar),Dry,No influence on accident,Cloudy,B.B.Service Road,Electric Pole,50 F,0.0,0.0
Bengaluru City,Yelahanka Traffic PS,1.04432e+16,2018,1,2,Road Accidents,Other,City/Town,Residential area,Human Error,Yes,Grievous Injury,Side swipe,Uncontrolled,Straight and flat,State Highway,Bitumen(Tar),Dry,No influence on accident,Clear,D.B.Pura Main Road,Electric Pole,50 F,0.0,0.0
Bengaluru City,Yelahanka Traffic PS,1.04432e+16,2018,1,1,Road Accidents,Cross roads,City/Town,Near Hospital,Human Error,Yes,Simple Injury,Hit and Run,Uncontrolled,Straight and flat,NH,Bitumen(Tar),Dry,No influence on accident,Clear,NEAR CYTE CARE HOSPITAL,NEAR CYTE CARE HOSPITAL,100 FT,0.0,0.0
Bengaluru City,Yelahanka Traffic PS,1.04432e+16,2018,1,2,Road Accidents,Junction,City/Town,Near Bus stop,Human Error,Yes,Simple Injury,Head on,Uncontrolled,Straight and flat,State Highway,Bitumen(Tar),Dry,No influence on accident,Clear,PUTTENAHALLI BUS STOP,PUTTENAHALLI BUS STOP,60 FT,0.0,0.0
Bengaluru City,Yelahanka Traffic PS,1.04432e+16,2018,1,2,Road Accidents,Junction,City/Town,Near Bus stop,Human Error,No,Simple Injury,Rear end,Uncontrolled,Straight and flat,NH,Bitumen(Tar),Dry,No influence on accident,Cloudy,ELECTRICL POLE,ELECTRICL POLE,18 FT,0.0,0.0
Bengaluru City,Yelahanka Traffic PS,1.04432e+16,2018,1,2,Road Accidents,Junction,City/Town,Near office complex,Human Error,Yes,Simple Injury,Hit and Run,Uncontrolled,Straight and flat,NH,Bitumen(Tar),Dry,No influence on accident,Cloudy,NEAR COFFEE DAY,NEAR COFFEE DAY,50 FT,0.0,0.0
Bengaluru City,Yelahanka Traffic PS,1.04432e+16,2018,1,1,Road Accidents,Narrow road,City/Town,Open area,Human Error,No,Fatal,Hit pedestrian,Uncontrolled,Straight and flat,NH,Bitumen(Tar),Dry,No influence on accident,Cloudy,B.B.Road,Electric Pole,50 F,0.0,0.0
Bengaluru City,Yelahanka Traffic PS,1.04432e+16,2018,1,2,Road Accidents,Narrow road,City/Town,In bazaar,Human Error,No,Grievous Injury,Head on,Controlled,Others,Others,Bitumen(Tar),Dry,No influence on accident,Clear,YELAHANKA NEW TOWN P S ROAD,ELECTRIC POLE,50FT,0.0,0.0
Bengaluru City,Yelahanka Traffic PS,1.04432e+16,2018,1,1,Road Accidents,Other,City/Town,Near Bus stop,Human Error,No,Grievous Injury,Head on,Controlled,Others,Others,Bitumen(Tar),Dry,Engineering Defect of Road,Cloudy,PALANAHALLI B B ROAD YELAHANKA,ELECTRICAL POLE,50FT,0.0,0.0
Bengaluru City,Yelahanka Traffic PS,1.04432e+16,2018,1,2,Road Accidents,Other,City/Town,Near Bus stop,Human Error,No,Grievous Injury,Others,Controlled,Others,Others,Bitumen(Tar),Dry,Not Applicable,Others,Utasav Kalyan Mantap Main Road Yelahanka,Electrical Pole,40,0.0,0.0
Bengaluru City,Yelahanka Traffic PS,1.04432e+16,2018,1,2,Road Accidents,Bottleneck,City/Town,Near Bus stop,Human Error,No,Grievous Injury,Others,Controlled,Curve,Others,Bitumen(Tar),Dry,Not Applicable,Clear,Near Jakkuru Aero Dream B B Road Yelahanka,Electrical pole,30,0.0,0.0
Bengaluru City,Yelahanka Traffic PS,1.04432e+16,2018,1,1,Road Accidents,Curves,City/Town,Residential area,Human Error,No,Grievous Injury,Hit pedestrian,Uncontrolled,Straight and flat,City or Town Road,Bitumen(Tar),Dry,No influence on accident,Cloudy,MSU Road,Electric Pole,50 F,0.0,0.0
Bengaluru City,Yelahanka Traffic PS,1.04432e+16,2018,1,2,Road Accidents,Cross roads,Rural Areas,Residential area,Human Error,Yes,Simple Injury,Hit and Run,Uncontrolled,Straight and flat,Village Road,Bitumen(Tar),Dry,No influence on accident,Clear,ELECTRICL POLE,ELECTRICL POLE,40FT,0.0,0.0
Bengaluru City,Yelahanka Traffic PS,1.04432e+16,2018,1,2,Road Accidents,Narrow road,City/Town,Near School or College,Human Error,Yes,Damage Only,Hit and Run,Controlled,Not Applicable,City or Town Road,Bitumen(Tar),Not Applicable,Not Applicable,Clear,Near Vidyashilpa school,B B Road,30,0.0,0.0
Bengaluru City,Yelahanka Traffic PS,1.04432e+16,2018,1,1,Road Accidents,Narrow road,City/Town,Residential area,Human Error,No,Grievous Injury,Hit pedestrian,Uncontrolled,Straight and flat,City or Town Road,Bitumen(Tar),Dry,No influence on accident,Cloudy,Vidyaranyapura Main Road,Electric Pole,50 F,0.0,0.0
Bengaluru City,Yelahanka Traffic PS,1.04432e+16,2019,1,1,Road Accidents,Other,City/Town,Near Bus stop,Human Error,No,Simple Injury,Others,Controlled,Curve,Others,Bitumen(Tar),Dry,Not Applicable,Clear,Near sumathi Medical,Electrical Pole,25,0.0,0.0
Bengaluru City,Yelahanka Traffic PS,1.04432e+16,2019,1,2,Road Accidents,Other,City/Town,Near Bus stop,Human Error,No,Simple Injury,Others,Controlled,Others,Others,Concrete,Dry,Not Applicable,Clear,Near Harohalli Lake Ghantiganahalli Road,Electrical Pole,30,0.0,0.0
Bengaluru City,Yelahanka Traffic PS,1.04432e+16,2019,1,1,Road Accidents,Narrow road,City/Town,Open area,Human Error,Yes,Fatal,Hit pedestrian,Uncontrolled,Straight and flat,City or Town Road,Bitumen(Tar),Dry,No influence on accident,Clear,Kattigenahalli Yelahanka Main Road,Electric Pole,70 F,0.0,0.0
Bengaluru City,Yelahanka Traffic PS,1.04432e+16,2019,1,2,Road Accidents,Other,City/Town,Near Bus stop,Human Error,No,Simple Injury,Others,Controlled,Others,Others,Not Applicable,Others,Not Applicable,Clear,ambedkara Nagar Main Road  Near Chaitanya Hospital Yelahanka,Elecricle Pole,20FT,0.0,0.0
Bengaluru City,Yelahanka Traffic PS,1.04432e+16,2019,1,2,Road Accidents,Not Applicable,City/Town,Near Bus stop,Human Error,Yes,Simple Injury,Vehicle to Vehicle,Controlled,Others,Others,Not Applicable,Dry,Not Applicable,Others,Opp Navachethna Hospital Yelahanka New TOwn,Elecricale Pole,10ft,0.0,0.0
Bengaluru City,Yelahanka Traffic PS,1.04432e+16,2019,1,1,Road Accidents,Other,City/Town,Near Bus stop,Human Error,Yes,Simple Injury,Others,Controlled,Others,Others,Not Applicable,Dry,Not Applicable,Clear,Malt Super Market Near Shivanahalli Yelahanka,Electrical Pole,15 mtr,0.0,0.0
Bengaluru City,Yelahanka Traffic PS,1.04432e+16,2019,1,1,Road Accidents,Not Applicable,City/Town,Near Bus stop,Not Applicable,Yes,Simple Injury,Hit pedestrian,Controlled,Others,Others,Not Applicable,Others,Not Applicable,Others,Near Relince Press  Doddabommasandra,Electrical Pole,15 mtr,0.0,0.0
Bengaluru City,Yelahanka Traffic PS,1.04432e+16,2019,1,2,Road Accidents,Curves,City/Town,Near School or College,Human Error,No,Fatal,Vehicle to Vehicle,Uncontrolled,Curve,State Highway,Bitumen(Tar),Dry,No influence on accident,Cloudy,NEAR CRPF CAMPOUS,NEAR CRPF CAMPOUS,85 FT,0.0,0.0
Bengaluru City,Yelahanka Traffic PS,1.04432e+16,2019,1,2,Road Accidents,Curves,City/Town,Near Bus stop,Human Error,No,Simple Injury,Vehicle to Vehicle,Uncontrolled,Curve,One way,Bitumen(Tar),Dry,No influence on accident,Clear,NEAR SHARAVATHI BUS STOP,NEAR SHARAVATHI BUS STOP,10 FT,0.0,0.0
Bengaluru City,Yelahanka Traffic PS,1.04432e+16,2019,1,1,Road Accidents,Cross roads,City/Town,Near a factory industrial area,Human Error,No,Simple Injury,Not Applicable,Uncontrolled,Curve,NH,Bitumen(Tar),Dry,No influence on accident,Clear,NEAR COFFEE DAY,NEAR COFFEE DAY,50 FT,0.0,0.0
Bengaluru City,Yelahanka Traffic PS,1.04432e+16,2019,1,2,Road Accidents,Cross roads,City/Town,Near office complex,Human Error,No,Simple Injury,Rear end,Uncontrolled,Straight and flat,Service Road,Bitumen(Tar),Dry,No influence on accident,Cloudy,NEAR KAVERY WATER TANK,NEAR KAVERY WATER TANK,50 FT,0.0,0.0
Bengaluru City,Yelahanka Traffic PS,1.04432e+16,2019,1,2,Road Accidents,Other,City/Town,Near Bus stop,Human Error,No,Simple Injury,Others,Controlled,Others,NH,Bitumen(Tar),Dry,Not Applicable,Clear,Near Jakkur Ply Over Yelahanka,B B Road,25,0.0,0.0
Bengaluru City,Yelahanka Traffic PS,1.04432e+16,2019,1,1,Road Accidents,Other,City/Town,Near Bus stop,Human Error,No,Simple Injury,Others,Controlled,Others,Others,Bitumen(Tar),Dry,Not Applicable,Clear,B B Road near Palanahalli Gate Yelahanka,Electrical Pole,10Ft,0.0,0.0
Bengaluru City,Yelahanka Traffic PS,1.04432e+16,2019,1,2,Road Accidents,Cross roads,City/Town,Near office complex,Human Error,No,Fatal,Rear end,Uncontrolled,Curve,NH,Bitumen(Tar),Dry,No influence on accident,Clear,NEAR AGASTA COMPANY,NEAR AGASTA COMPANY,50 FT,0.0,0.0
Bengaluru City,Yelahanka Traffic PS,1.04432e+16,2019,1,2,Road Accidents,Other,City/Town,Near Bus stop,Human Error,Yes,Simple Injury,Others,Controlled,Others,Others,Not Applicable,Others,Not Applicable,Clear,MSU Road Dairy Circle Yelahanka,Elecrical Pole,10FT,0.0,0.0
Bengaluru City,Yelahanka Traffic PS,1.04432e+16,2019,1,1,Road Accidents,Not Applicable,City/Town,Near Bus stop,Human Error,No,Fatal,Not Applicable,Not Applicable,Others,Others,Not Applicable,Others,Not Applicable,Others,North Gate Phase 2 Inside KNK Consruetion Venkatala Yelahanka,Electrical Pole,10 FT,0.0,0.0
Bengaluru City,Yelahanka Traffic PS,1.04432e+16,2019,1,2,Road Accidents,Other,City/Town,Near Bus stop,Human Error,Yes,Simple Injury,Others,Controlled,Others,Others,Not Applicable,Dry,Not Applicable,Others,Near Ledge Apartment Jakkuru Main Road yelahanka,Electrical Pole,10 FT,0.0,0.0
Bengaluru City,Yelahanka Traffic PS,1.04432e+16,2019,1,2,Road Accidents,Not Applicable,City/Town,Near Bus stop,Human Error,No,Simple Injury,Vehicle to Vehicle,Controlled,Others,Others,Not Applicable,Others,Not Applicable,Others,Opp Vignesha Gift Center Vidyarannapura Near last Bus Stop,Electrical Pole,20Ft,0.0,0.0
Bengaluru City,Yelahanka Traffic PS,1.04432e+16,2019,1,2,Road Accidents,Cross roads,City/Town,Residential area,Human Error,No,Simple Injury,Hit pedestrian,Uncontrolled,Curve,One way,Bitumen(Tar),Dry,No influence on accident,Clear,NEAR ELECTRICAL POLE,NEAR ELECTRICAL POLE,40 FT,0.0,0.0
Bengaluru City,Yelahanka Traffic PS,1.04432e+16,2019,1,2,Road Accidents,Cross roads,City/Town,Near office complex,Human Error,Yes,Simple Injury,Vehicle to Vehicle,Uncontrolled,Curve,Two way,Bitumen(Tar),Dry,No influence on accident,Clear,NEAR CORPORATION BANK,NEAR CORPORATION BANK,74 FT,0.0,0.0
Bengaluru City,Yelahanka Traffic PS,1.04432e+16,2019,1,1,Road Accidents,Bottleneck,City/Town,In bazaar,Human Error,Yes,Simple Injury,Hit bicyclist,Controlled,Straight and flat,NH,Bitumen(Tar),Dry,No influence on accident,Clear,B B Service road Near Raithar sante,Raithar sante,30 ft,0.0,0.0