DISTRICTNAME,UNITNAME,Crime_No,Year,RI,Noofvehicle_involved,Accident_Classification,Accident_Spot,Accident_Location,Accident_SubLocation,Main_Cause,Hit_Run,Severity,Collision_Type,Junction_Control,Road_Character,Road_Type,Surface_Type,Surface_Condition,Road_Condition,Weather,Accident_Road,Landmark_first,Distance_LandMark_First,Latitude,Longitude
Bengaluru City,Yelahanka Traffic PS,1.04432e+16,2019,1,1,Road Accidents,Cross roads,City/Town,Near a factory industrial area,Human Error,No,Fatal,Hit pedestrian,Uncontrolled,Straight and flat,Service Road,Bitumen(Tar),Dry,No influence on accident,Clear,NEAR AUSTRAZANICA,NEAR ASTRAZENICA COMPANY,50 FT,0.0,0.0
Bengaluru City,Yelahanka Traffic PS,1.04432e+16,2019,1,2,Road Accidents,Other,City/Town,Near Bus stop,Human Error,No,Simple Injury,Others,Controlled,Others,Others,Bitumen(Tar),Dry,Not Applicable,Clear,near CRPF  D B Pura Main Road Yelahanka,Electrical Pole,30,0.0,0.0
Bengaluru City,Yelahanka Traffic PS,1.04432e+16,2019,1,1,Road Accidents,Narrow road,City/Town,Open area,Human Error,Yes,Grievous Injury,Hit pedestrian,Uncontrolled,Straight and flat,City or Town Road,Bitumen(Tar),Dry,No influence on accident,Clear,GKVK Double Road,Electric Pole,50 F,0.0,0.0
Bengaluru City,Yelahanka Traffic PS,1.04432e+16,2019,1,2,Road Accidents,Other,City/Town,Near Bus stop,Human Error,Yes,Simple Injury,Others,Controlled,Others,Others,Bitumen(Tar),Dry,Not Applicable,Clear,B B Road  Service Road Near Venkatala ganesha Temple Yelahanka,Electrical Pole,20Ft,0.0,0.0
Bengaluru City,Yelahanka Traffic PS,1.04432e+16,2019,1,2,Road Accidents,Other,City/Town,Near Bus stop,Human Error,No,Simple Injury,Others,Controlled,Others,NH,Bitumen(Tar),Dry,Not Applicable,Others,B B Road On Flyover Raitara sante Yelahanka,ELECTRICL POLE,15FT,0.0,0.0
Bengaluru City,Yelahanka Traffic PS,1.04432e+16,2019,1,1,Road Accidents,Cross roads,City/Town,Near Bus stop,Human Error,Yes,Fatal,Hit pedestrian,Controlled,Curve,Others,Bitumen(Tar),Dry,Not Applicable,Cloudy,Near IAF B B Road Yelahanka,Elctric Pole,10FT,0.0,0.0
Bengaluru City,Yelahanka Traffic PS,1.04432e+16,2019,1,2,Road Accidents,Bottleneck,City/Town,Near Bus stop,Human Error,No,Simple Injury,Others,Controlled,Curve,Others,Bitumen(Tar),Dry,Not Applicable,Clear,B B Main Road Opp On JKVK Ply over Yelahanka,Elecricale Pole,15FT,0.0,0.0
Bengaluru City,Yelahanka Traffic PS,1.04432e+16,2019,1,1,Road Accidents,Not Applicable,City/Town,Near Bus stop,Human Error,Yes,Simple Injury,Hit pedestrian,Controlled,Others,Others,Not Applicable,Others,Not Applicable,Clear,Near Chikkabommasandra Archa,Electrical Pole,15Ft,0.0,0.0
Bengaluru City,Yelahanka Traffic PS,1.04432e+16,2019,1,1,Road Accidents,Not Applicable,City/Town,Near Bus stop,Not Applicable,Yes,Simple Injury,Hit pedestrian,Controlled,Others,Others,Not Applicable,Dry,Not Applicable,Others,7th Cross Near Govt Hospital Singapura Villege Vidyarannapura Post,Electrical Pole,15Ft,0.0,0.0
Bengaluru City,Yelahanka Traffic PS,1.04432e+16,2019,1,3,Road Accidents,Not Applicable,City/Town,Open area,Human Error,No,Simple Injury,Vehicle to Vehicle,Controlled,Others,Others,Bitumen(Tar),Dry,Not Applicable,Cloudy,Jakkuru Aero Drem On Plyover Yelahanka,B B Road,0,0.0,0.0
Bengaluru City,Yelahanka Traffic PS,1.04432e+16,2019,1,2,Road Accidents,Circle,City/Town,Near Bus stop,Human Error,No,Fatal,Hit pedestrian,Controlled,Curve,Others,Bitumen(Tar),Dry,Not Applicable,Others,B B Road Near Bagaluru Cross,B B Road,10 FT,0.0,0.0
Bengaluru City,Yelahanka Traffic PS,1.04432e+16,2019,1,2,Road Accidents,Cross roads,City/Town,Near School or College,Human Error,Yes,Simple Injury,Vehicle to Vehicle,Uncontrolled,Curve,Service Road,Bitumen(Tar),Dry,No influence on accident,Cloudy,NEAR DOUBLE ROAD,NEAR DOUBLE ROAD,50 FT,0.0,0.0
Bengaluru City,Yelahanka Traffic PS,1.04432e+16,2019,1,1,Road Accidents,Cross roads,City/Town,Near a religious place,Human Error,Yes,Fatal,Hit pedestrian,Uncontrolled,Curve,Service Road,Bitumen(Tar),Dry,No influence on accident,Cloudy,NEAR ANJANEYASWAMY TEMPLE,NEAR ANJANEYASWAMY TEMPLE,50 FT,0.0,0.0
Bengaluru City,Yelahanka Traffic PS,1.04432e+16,2019,1,2,Road Accidents,Junction,City/Town,Near Bus stop,Human Error,Yes,Simple Injury,Vehicle to Vehicle,Uncontrolled,Curve,State Highway,Bitumen(Tar),Dry,No influence on accident,Clear,NEAR RAMANASHREE HOTEL,NEAR RAMANASHREE HOTEL,100 FT,0.0,0.0
Bengaluru City,Yelahanka Traffic PS,1.04432e+16,2019,1,2,Road Accidents,Cross roads,City/Town,Open area,Human Error,No,Simple Injury,Vehicle to Vehicle,Controlled,Others,Others,Not Applicable,Dry,Construction Work / Material,Others,Atturu Lake Atturu Yelahanka,Electrical Pole,30 Mtr,0.0,0.0
Bengaluru City,Yelahanka Traffic PS,1.04432e+16,2019,1,2,Road Accidents,Not Applicable,City/Town,Near School or College,Human Error,Yes,Damage Only,Vehicle to Vehicle,Controlled,Straight and flat,Two way,Bitumen(Tar),Dry,No influence on accident,Clear,Sheshadripuram college,Sheshadripuram college,30 ft,0.0,0.0
Bengaluru City,Yelahanka Traffic PS,1.04432e+16,2019,1,1,Road Accidents,Cross roads,City/Town,Near Bus stop,Human Error,No,Simple Injury,Hit pedestrian,Uncontrolled,Curve,State Highway,Bitumen(Tar),Dry,No influence on accident,Clear,NEAR CRPF CAMPUS,NEAR CRPF CAMPUS,55FT,0.0,0.0
Bengaluru City,Yelahanka Traffic PS,1.04432e+16,2019,1,2,Road Accidents,Bottleneck,City/Town,Near School or College,Human Error,No,Simple Injury,Vehicle to Vehicle,Uncontrolled,Curve,Two way,Bitumen(Tar),Dry,No influence on accident,Clear,NEAR VIDHANIKETHAN SCHOOL,NEAR VIDHANIKETHAN SCHOOL,50 FT,0.0,0.0
Bengaluru City,Yelahanka Traffic PS,1.04432e+16,2019,1,1,Road Accidents,Cross roads,City/Town,Near Bus stop,Human Error,No,Simple Injury,Not Applicable,Uncontrolled,Curve,State Highway,Bitumen(Tar),Dry,No influence on accident,Clear,"NEAR CRPF , KENCHENAHALLI BUS STOP",NEAR CRPF KENCHANAHALLI BUS STOP,50 FT,0.0,0.0
Bengaluru City,Yelahanka Traffic PS,1.04432e+16,2019,1,2,Road Accidents,Cross roads,City/Town,Near School or College,Human Error,No,Simple Injury,Vehicle to Vehicle,Uncontrolled,Curve,NH,Bitumen(Tar),Dry,No influence on accident,Clear,NEAR GKVK,NEAR GKVK,100 FT,0.0,0.0
Bengaluru City,Yelahanka Traffic PS,1.04432e+16,2019,1,2,Road Accidents,Cross roads,City/Town,Near School or College,Human Error,Yes,Simple Injury,Vehicle to Vehicle,Uncontrolled,Curve,Two way,Bitumen(Tar),Dry,No influence on accident,Cloudy,NEAR SHESHADRIPURAM  SCHOOL,NEAR SHESHADRIPURAM  SCHOOL,50 FT,13.101177,77.583075
Bengaluru City,Yelahanka Traffic PS,1.04432e+16,2019,1,2,Road Accidents,Cross roads,City/Town,Residential area,Human Error,No,Damage Only,Vehicle to Vehicle,Uncontrolled,Straight and flat,Two way,Bitumen(Tar),Dry,No influence on accident,Cloudy,ANRIYA APARTMENT,ANRIYA APARTMENT,50 FT,0.0,0.0
Bengaluru City,Yelahanka Traffic PS,1.04432e+16,2019,1,2,Road Accidents,Cross roads,City/Town,Near a religious place,Human Error,No,Simple Injury,Head on,Uncontrolled,Straight and flat,One way,Bitumen(Tar),Dry,No influence on accident,Cloudy,NEAR GANESH TEMPLE,NEAR GANESH TEMPLE,50 FT,0.0,0.0
Bengaluru City,Yelahanka Traffic PS,1.04432e+16,2019,1,1,Road Accidents,Cross roads,City/Town,Near a factory industrial area,Human Error,No,Simple Injury,Rear end,Uncontrolled,Curve,Residential Street,Bitumen(Tar),Dry,No influence on accident,Clear,NEAR RITH SRAHA HOUSE,NEAR RITH SRAHA HOUSE,05 FT,0.0,0.0
Bengaluru City,Yelahanka Traffic PS,1.04432e+16,2019,1,1,Road Accidents,Other,City/Town,Near Bus stop,Human Error,No,Simple Injury,Others,Controlled,Curve,Others,Bitumen(Tar),Dry,Not Applicable,Clear,Near NCBS GKVK Yelahanka,Near Bus stop,30Ft,0.0,0.0
Bengaluru City,Yelahanka Traffic PS,1.04432e+16,2019,1,2,Road Accidents,Narrow road,City/Town,Open area,Human Error,Yes,Grievous Injury,Others,Uncontrolled,Straight and flat,City or Town Road,Bitumen(Tar),Dry,No influence on accident,Clear,VP,Electric Pole,50 F,0.0,0.0
Bengaluru City,Yelahanka Traffic PS,1.04432e+16,2019,1,3,Road Accidents,Other,City/Town,Near Bus stop,Human Error,No,Simple Injury,Others,Controlled,Curve,Others,Bitumen(Tar),Dry,Not Applicable,Clear,Near BSF Bagaluru Cross B B Road Yelahanka,Elecricle Pole,20FT,0.0,0.0
Bengaluru City,Yelahanka Traffic PS,1.04432e+16,2019,1,2,Road Accidents,Bottleneck,City/Town,Near Bus stop,Human Error,No,Simple Injury,Vehicle to Vehicle,Controlled,Others,Others,Bitumen(Tar),Dry,Not Applicable,Others,Kolatturu Parm House Lakshmipuram,Electrical Pole,15mtr,0.0,0.0
Bengaluru City,Yelahanka Traffic PS,1.04432e+16,2019,1,2,Road Accidents,Junction,City/Town,Near School or College,Human Error,Yes,Simple Injury,Vehicle to Vehicle,Controlled,Straight and flat,Two way,Bitumen(Tar),Dry,No influence on accident,Clear,Yelahanka newtown club,Yelahanka newtown club,30 Ft,0.0,0.0
Bengaluru City,Yelahanka Traffic PS,1.04432e+16,2019,1,1,Road Accidents,Circle,City/Town,Residential area,Human Error,Not Applicable,Simple Injury,Hit pedestrian,Controlled,Others,Others,Bitumen(Tar),Dry,No influence on accident,Clear,MSU Road,M S Palya juction,30 ft,13.081556,77.548297
Bengaluru City,Yelahanka Traffic PS,1.04432e+16,2019,1,2,Road Accidents,Cross roads,City/Town,Near Bus stop,Human Error,Yes,Simple Injury,Vehicle to Vehicle,Uncontrolled,Curve,Two way,Bitumen(Tar),Dry,No influence on accident,Clear,NEAR MARUTHI NAGARA,NEAR MARUTHI NAGARA,75 FT,0.0,0.0
Bengaluru City,Yelahanka Traffic PS,1.04432e+16,2019,1,2,Road Accidents,Curves,City/Town,Near School or College,Human Error,No,Simple Injury,Vehicle to Vehicle,Uncontrolled,Curve,One way,Bitumen(Tar),Dry,Engineering Defect of Road,Clear,G.K.V.K.,G K V K,50 FT,13.087026,77.561803
Bengaluru City,Yelahanka Traffic PS,1.04432e+16,2019,1,1,Road Accidents,Cross roads,City/Town,Near Bus stop,Human Error,No,Simple Injury,Not Applicable,Uncontrolled,Curve,Service Road,Bitumen(Tar),Dry,No influence on accident,Cloudy,KOGILU CROSS ROAD,KOGILU CROSS ROAD,50 FT,0.0,0.0
Bengaluru City,Yelahanka Traffic PS,1.04432e+16,2019,1,1,Road Accidents,Curves,City/Town,Residential area,Human Error,No,Simple Injury,Not Applicable,Uncontrolled,Straight and flat,Residential Street,Bitumen(Tar),Dry,No influence on accident,Cloudy,HOUSE NO 166,HOUSE NO 166,40 FT,0.0,0.0
Bengaluru City,Yelahanka Traffic PS,1.04432e+16,2019,1,2,Road Accidents,Cross roads,City/Town,Near School or College,Human Error,No,Fatal,Vehicle to Vehicle,Uncontrolled,Straight and flat,Two way,Bitumen(Tar),Dry,No influence on accident,Cloudy,NEAR SHESHADRIPURAM COLLEGE,NEAR SHESHADRIPURAM COLLEGE,50 FT,0.0,0.0
Bengaluru City,Yelahanka Traffic PS,1.04432e+16,2019,1,1,Road Accidents,Cross roads,City/Town,Near a religious place,Human Error,No,Simple Injury,Head on,Uncontrolled,Curve,NH,Bitumen(Tar),Dry,No influence on accident,Cloudy,MADHURA MILANA KALYANA MANTAPA,MADHURA MILANA KALYANA MANTAPA,80 FT,0.0,0.0
Bengaluru City,Yelahanka Traffic PS,1.04432e+16,2019,1,2,Road Accidents,Cross roads,City/Town,Near or inside a village,Human Error,No,Simple Injury,Rear end,Uncontrolled,Curve,Service Road,Bitumen(Tar),Dry,No influence on accident,Cloudy,NEAR VIJAYA BAR,NEAR VIJAYA BAR,45 FT,0.0,0.0
Bengaluru City,Yelahanka Traffic PS,1.04432e+16,2019,1,1,Road Accidents,Cross roads,City/Town,Residential area,Human Error,Yes,Simple Injury,Hit and Run,Uncontrolled,Straight and flat,State Highway,Bitumen(Tar),Dry,No influence on accident,Clear,NEAR HTC APARTMENT,NEAR HTC APARTMENT,50 FT,0.0,0.0
Bengaluru City,Yelahanka Traffic PS,1.04432e+16,2019,1,1,Road Accidents,Narrow road,City/Town,Open area,Human Error,No,Grievous Injury,Hit fixed object,Uncontrolled,Straight and flat,NH,Bitumen(Tar),Dry,No influence on accident,Clear,B.B.Road,Elctric Pole,50 F,0.0,0.0
Bengaluru City,Yelahanka Traffic PS,1.04432e+16,2019,1,2,Road Accidents,Junction,City/Town,Open area,Human Error,No,Grievous Injury,Rear end,Controlled,Straight and flat,NH,Bitumen(Tar),Dry,No influence on accident,Cloudy,B.B.Road,Electric Pole,50 F,0.0,0.0
Bengaluru City,Yelahanka Traffic PS,1.04432e+16,2019,1,1,Road Accidents,Other,City/Town,Near Bus stop,Human Error,No,Simple Injury,Others,Controlled,Others,Others,Bitumen(Tar),Dry,Not Applicable,Clear,Rairara sante On Flyover B B Road Yelahanka,ELECTRICL LIGHT,10 FT,0.0,0.0
Bengaluru City,Yelahanka Traffic PS,1.04432e+16,2019,1,1,Road Accidents,Other,City/Town,Near Bus stop,Human Error,No,Simple Injury,Others,Controlled,Curve,Others,Bitumen(Tar),Dry,Not Applicable,Clear,Near Sheshadripuram College  Yelahanka,ELECTRICL POLE,15Ft,0.0,0.0
Bengaluru City,Yelahanka Traffic PS,1.04432e+16,2019,1,2,Road Accidents,Narrow road,City/Town,Residential area,Human Error,Yes,Grievous Injury,Others,Uncontrolled,Straight and flat,City or Town Road,Bitumen(Tar),Dry,No influence on accident,Cloudy,Vidyaranyapura Main Road,Electric Pole,65 F,0.0,0.0
Bengaluru City,Yelahanka Traffic PS,1.04432e+16,2019,1,1,Road Accidents,Not Applicable,City/Town,Near Bus stop,Human Error,No,Simple Injury,Hit pedestrian,Controlled,Others,Others,Not Applicable,Dry,Not Applicable,Others,mSU Road M S Palya Near Bus Stop,Electrical Pole,15 mtr,0.0,0.0
Bengaluru City,Yelahanka Traffic PS,1.04432e+16,2019,1,1,Road Accidents,Cross roads,City/Town,Near Bus stop,Human Error,No,Simple Injury,Hit pedestrian,Uncontrolled,Straight and flat,Residential Street,Bitumen(Tar),Dry,No influence on accident,Cloudy,INFORT OF SHIVAJI HOTEL,SHIVAJI HOTEL,50 FT,0.0,0.0
Bengaluru City,Yelahanka Traffic PS,1.04432e+16,2019,1,2,Road Accidents,Not Applicable,City/Town,Open area,Human Error,No,Simple Injury,Vehicle to Vehicle,Not Applicable,Others,Others,Not Applicable,Others,Not Applicable,Clear,Near Vishala martha Lakshamipura Cross,Electrical Pole,30ft,0.0,0.0
Bengaluru City,Yelahanka Traffic PS,1.04432e+16,2019,1,2,Road Accidents,Not Applicable,City/Town,Near Petrol Pump,Human Error,Yes,Damage Only,Vehicle to Vehicle,Controlled,Others,Others,Bitumen(Tar),Dry,No influence on accident,Clear,Yelahank main road,petrol bunk,30 ft,0.0,0.0
Bengaluru City,Yelahanka Traffic PS,1.04432e+16,2019,1,1,Not Applicable,Not Applicable,City/Town,Near Bus stop,Not Applicable,Yes,Fatal,Hit pedestrian,Signals (Working),Others,State Highway,Bitumen(Tar),Others,Not Applicable,Others,"DB Pura main Road, Near NES Junction",DB Pura main Road  Near NES Junction,1 km,13.09743,77.592017
Bengaluru City,Yelahanka Traffic PS,1.04432e+16,2019,1,2,Road Accidents,Narrow road,City/Town,Narrow bridge or culverts,Human Error,Yes,Fatal,Vehicle to Vehicle,Uncontrolled,Straight and flat,NH,Bitumen(Tar),Dry,No influence on accident,Cloudy,B.B.Service Roa,Elecric Pole,50 F,0.0,0.0
Bengaluru City,Yelahanka Traffic PS,1.04432e+16,2019,1,2,Road Accidents,Cross roads,City/Town,Near office complex,Human Error,Yes,Simple Injury,Vehicle to Vehicle,Uncontrolled,Curve,One way,Bitumen(Tar),Dry,No influence on accident,Cloudy,NEAR ELECTRICAL POLE,NEAR ELECTRICAL POLE,20 FT,0.0,0.0
Bengaluru City,Yelahanka Traffic PS,1.04432e+16,2019,1,2,Road Accidents,Cross roads,City/Town,Near School or College,Human Error,Yes,Simple Injury,Vehicle to Vehicle,Uncontrolled,Curve,Two way,Bitumen(Tar),Dry,No influence on accident,Clear,NEAR ADITHI INTERNATIONAL SCHOOL,NEAR ADITHI INTERNATIONAL SCHOOL,50 FT,0.0,0.0
Bengaluru City,Yelahanka Traffic PS,1.04432e+16,2019,1,2,Road Accidents,Curves,City/Town,Near Bus stop,Human Error,No,Simple Injury,Vehicle to Vehicle,Uncontrolled,Curve,NH,Bitumen(Tar),Dry,No influence on accident,Clear,NEAR BSF BUS STO,NEAR BSF BUS STO,50 FT,0.0,0.0
Bengaluru City,Yelahanka Traffic PS,1.04432e+16,2019,1,1,Road Accidents,Cross roads,City/Town,Near a factory industrial area,Human Error,No,Simple Injury,Hit pedestrian,Uncontrolled,Curve,Two way,Bitumen(Tar),Dry,No influence on accident,Clear,NEAR D MART,NEAR D MART,50FT,0.0,0.0
Bengaluru City,Yelahanka Traffic PS,1.04432e+16,2019,1,2,Road Accidents,Cross roads,City/Town,Near Bus stop,Human Error,No,Simple Injury,Right Turn Collision,Uncontrolled,Curve,NH,Bitumen(Tar),Dry,No influence on accident,Cloudy,NEAR BHARATHI NAGARA CROSS,NEAR BHARATHI NAGARA CROSS,50 FT,0.0,0.0
Bengaluru City,Yelahanka Traffic PS,1.04432e+16,2019,1,2,Road Accidents,Cross roads,City/Town,Near or inside a village,Human Error,No,Fatal,Rear end,Uncontrolled,Curve,City or Town Road,Bitumen(Tar),Dry,No influence on accident,Clear,NEAR ATTURU LAKE,NEAR ATTURU LAKE,50 FT,0.0,0.0
Bengaluru City,Yelahanka Traffic PS,1.04432e+16,2019,1,2,Road Accidents,Cross roads,City/Town,In bazaar,Human Error,No,Simple Injury,Head on,Uncontrolled,Straight and flat,Service Road,Bitumen(Tar),Dry,No influence on accident,Cloudy,NEAR TIRUMAL DABA,NEAR TIRUMAL DABA,80 FT,0.0,0.0
Bengaluru City,Yelahanka Traffic PS,1.04432e+16,2019,1,3,Road Accidents,Cross roads,City/Town,Near School or College,Human Error,Yes,Simple Injury,Hit and Run,Uncontrolled,Straight and flat,NH,Bitumen(Tar),Dry,No influence on accident,Cloudy,NEAR VIDHYASHILP SCHOOL,NEAR VIDHYASHILP SCHOOL,100 FT,0.0,0.0
Bengaluru City,Yelahanka Traffic PS,1.04432e+16,2019,1,1,Road Accidents,Other,City/Town,Near Bus stop,Human Error,Yes,Simple Injury,Others,Controlled,Others,Others,Bitumen(Tar),Dry,Not Applicable,Clear,Near Sambrama College Vidyarnayapura M S Palya,Electrical Pole,15,0.0,0.0
Bengaluru City,Yelahanka Traffic PS,1.04432e+16,2019,1,2,Road Accidents,Circle,City/Town,Near Bus stop,Human Error,Yes,Simple Injury,Head on,Uncontrolled,Straight and flat,State Highway,Bitumen(Tar),Dry,No influence on accident,Clear,NEAR PETORL BUNK,NEAR PETORL BUNK,80 FT,0.0,0.0
Bengaluru City,Yelahanka Traffic PS,1.04432e+16,2019,1,1,Road Accidents,Circle,City/Town,Near Bus stop,Human Error,No,Simple Injury,Head on,Uncontrolled,Straight and flat,Two way,Bitumen(Tar),Dry,No influence on accident,Cloudy,NEAR TIRUMAL DABA,NEAR TIRUMAL DABA,45 FT,0.0,0.0
Bengaluru City,Yelahanka Traffic PS,1.04432e+16,2019,1,1,Road Accidents,Other,City/Town,Near Hospital,Human Error,Yes,Simple Injury,Others,Controlled,Curve,Others,Bitumen(Tar),Dry,Not Applicable,Others,Near Bypass Junction B B Road Yelhanka,NEAR BUS STOP,15FT,0.0,0.0
Bengaluru City,Yelahanka Traffic PS,1.04432e+16,2019,1,2,Road Accidents,Curves,City/Town,Near Bus stop,Human Error,Yes,Simple Injury,Vehicle to Vehicle,Controlled,Curve,Others,Not Applicable,Dry,Not Applicable,Clear,D B Pura Road Nagenahalli gate Yelahanka,ELECTRICL POLE,15 FT,0.0,0.0
Bengaluru City,Yelahanka Traffic PS,1.04432e+16,2019,1,2,Road Accidents,Other,City/Town,Near Bus stop,Human Error,No,Simple Injury,Others,Controlled,Others,Others,Not Applicable,Others,Not Applicable,Others,North Gate 2 Bagaluru Cross Near B B Service Road  Yelahanka,Electrical Pole,15Mtr,0.0,0.0
Bengaluru City,Yelahanka Traffic PS,1.04432e+16,2019,1,2,Road Accidents,Not Applicable,City/Town,Residential area,Human Error,Yes,Simple Injury,Vehicle to Vehicle,Controlled,Straight and flat,NH,Bitumen(Tar),Dry,No influence on accident,Clear,B B Service road,Urban restorent,30 ft,0.0,0.0
Bengaluru City,Yelahanka Traffic PS,1.04432e+16,2019,1,2,Road Accidents,Narrow road,City/Town,In bazaar,Human Error,No,Damage Only,Vehicle to Vehicle,Controlled,Straight and flat,Others,Bitumen(Tar),Dry,No influence on accident,Cloudy,NEAR TRAFFIC JAMS CLOTH SHOP,NEAR TRAFFIC JAMS CLOTH SHOP,30FT,13.08255,77.548474
Bengaluru City,Yelahanka Traffic PS,1.04432e+16,2019,1,1,Road Accidents,Curves,City/Town,Near a religious place,Human Error,Yes,Simple Injury,Hit pedestrian,Uncontrolled,Curve,Service Road,Bitumen(Tar),Dry,No influence on accident,Cloudy,NEAR MADHURA MILANA KALYANA MANTAPA,NEAR MADHURA MILANA KALYANA MANTAPA,80 FT,0.0,0.0
Bengaluru City,Yelahanka Traffic PS,1.04432e+16,2019,1,2,Road Accidents,Curves,City/Town,Near office complex,Human Error,Yes,Fatal,Vehicle to Vehicle,Uncontrolled,Curve,Two way,Bitumen(Tar),Dry,No influence on accident,Clear,NEAR HDFC BANK,NEAR HDFC BANK,50 FT,0.0,0.0
Bengaluru City,Yelahanka Traffic PS,1.04432e+16,2019,1,1,Road Accidents,Cross roads,City/Town,Near School or College,Human Error,No,Simple Injury,Hit bicyclist,Uncontrolled,Curve,Two way,Bitumen(Tar),Dry,No influence on accident,Clear,NERA GKVK,NERA GKVK,50 FT,0.0,0.0
Bengaluru City,Yelahanka Traffic PS,1.04432e+16,2019,1,2,Road Accidents,Cross roads,City/Town,Near School or College,Human Error,No,Damage Only,Vehicle to Vehicle,Uncontrolled,Straight and flat,Two way,Bitumen(Tar),Dry,No influence on accident,Clear,NEAR SHESHADRIPURAM COLLEGE,NEAR SHESHADRIPURAM COLLEGE,50 FT,0.0,0.0
Bengaluru City,Yelahanka Traffic PS,1.04432e+16,2020,1,2,Road Accidents,Cross roads,City/Town,Near Bus stop,Human Error,Yes,Simple Injury,Vehicle to Vehicle,Uncontrolled,Curve,NH,Bitumen(Tar),Dry,No influence on accident,Clear,NEAR BAGALURU BUS STOP,NEAR BAGALURU BUS STOP,50 FT,0.0,0.0
Bengaluru City,Yelahanka Traffic PS,1.04432e+16,2020,1,1,Road Accidents,Circle,City/Town,Near Bus stop,Vehicle Defect,No,Fatal,Hit pedestrian,Uncontrolled,Others,Others,Bitumen(Tar),Others,Not Applicable,Others,Mother Dairy Circle,Mother Dairy Circle,2.5km,0.0,0.0
Bengaluru City,Yelahanka Traffic PS,1.04432e+16,2020,1,2,Not Applicable,Curves,City/Town,Residential area,Not Applicable,No,Simple Injury,Vehicle to Vehicle,Uncontrolled,Curve,Others,Bitumen(Tar),Others,Not Applicable,Others,Unnikrishnan Road GKVK Double Road cross,Unnikrishnan Road GKVK Double Road cross,3km,0.0,0.0
Bengaluru City,Yelahanka Traffic PS,1.04432e+16,2020,1,2,Road Accidents,Cross roads,City/Town,Near School or College,Human Error,Yes,Simple Injury,Vehicle to Vehicle,Controlled,Curve,Two way,Bitumen(Tar),Dry,No influence on accident,Cloudy,NEAR SHESHADRIPUMA COLLEGE,NEAR SHESHADRIPUMA COLLEGE,180,0.0,0.0
Bengaluru City,Yelahanka Traffic PS,1.04432e+16,2020,1,2,Road Accidents,Narrow road,City/Town,Open area,Not Applicable,No,Simple Injury,Vehicle to Vehicle,Uncontrolled,Others,Others,Bitumen(Tar),Others,Not Applicable,Others,Veerasagar Byalakere main Road,Veerasagar Byalakere main Road,6 km,0.0,0.0
Bengaluru City,Yelahanka Traffic PS,1.04432e+16,2020,1,1,Road Accidents,Not Applicable,City/Town,Near or inside a village,Not Applicable,Not Applicable,Grievous Injury,Not Applicable,Uncontrolled,Others,Mixed,Bitumen(Tar),Others,Not Applicable,Others,4th phase Yelahanka newtown,4th phase Yelahanka newtown,3 km,0.0,0.0
Bengaluru City,Yelahanka Traffic PS,1.04432e+16,2020,1,2,Not Applicable,Narrow road,City/Town,In bazaar,Human Error,Yes,Simple Injury,Vehicle to Vehicle,Uncontrolled,Others,Others,Bitumen(Tar),Others,Not Applicable,Others,Near Santhe Cuircle Yelahanka,Near Santhe Cuircle Yelahanka,1 km,0.0,0.0
Bengaluru City,Yelahanka Traffic PS,1.04432e+16,2020,1,1,Not Applicable,Not Applicable,City/Town,Near or inside a village,Not Applicable,No,Fatal,Not Applicable,Uncontrolled,Others,Not Applicable,Bitumen(Tar),Others,Not Applicable,Others,Nagenahalli Gate,Nagenahalli Gate,5 km,0.0,0.0
Bengaluru City,Yelahanka Traffic PS,1.04432e+16,2020,1,2,Not Applicable,Not Applicable,City/Town,Near School or College,Not Applicable,Yes,Grievous Injury,Vehicle to Vehicle,Uncontrolled,Others,Mixed,Bitumen(Tar),Others,Not Applicable,Others,Near Nagarjun School Yelahanka,Near Nagarjun School Yelahanka,5 km,0.0,0.0
Bengaluru City,Yelahanka Traffic PS,1.04432e+16,2020,1,2,Not Applicable,Narrow road,City/Town,Near a religious place,Not Applicable,No,Simple Injury,Vehicle to Vehicle,Uncontrolled,Straight and flat,Others,Bitumen(Tar),Others,Not Applicable,Others,Krishna Temple Road DB Sandhra,Krishna Temple Road DB Sandhra,5 km,0.0,0.0
Bengaluru City,Yelahanka Traffic PS,1.04432e+16,2020,1,1,Not Applicable,Not Applicable,City/Town,At pedestrian Crossing,Not Applicable,Yes,Simple Injury,Hit pedestrian,Uncontrolled,Others,Others,Surfaced,Not Applicable,Not Applicable,Others,Near Library Vidyaranyapur,Near Library Vidyaranyapur,5 km,0.0,0.0
Bengaluru City,Yelahanka Traffic PS,1.04432e+16,2020,1,2,Road Accidents,Not Applicable,City/Town,Open area,Not Applicable,No,Simple Injury,Vehicle to Vehicle,Uncontrolled,Straight and flat,Others,Bitumen(Tar),Others,Not Applicable,Others,DB pura main Road Near Nagenahalli Gate,DB pura main Road Near Nagenahalli Gate,4 km,0.0,0.0
Bengaluru City,Yelahanka Traffic PS,1.04432e+16,2020,1,2,Road Accidents,Junction,City/Town,Residential area,Human Error,No,Grievous Injury,Vehicle to Vehicle,Signals (Working),Others,NH,Bitumen(Tar),Others,Not Applicable,Others,Near Jakkuru Signal BB Road,Near Jakkuru Signal BB Road,2 km,0.0,0.0
Bengaluru City,Yelahanka Traffic PS,1.04432e+16,2020,1,1,Not Applicable,Not Applicable,City/Town,At pedestrian Crossing,Human Error,Yes,Simple Injury,Hit pedestrian,No signal lights,Others,Others,Bitumen(Tar),Others,Not Applicable,Others,Nagenahalli Road Near Yeshodha Foundation Yelahanka,Nagenahalli Road Near Yeshodha Foundation Yelahanka,5 km,0.0,0.0
Bengaluru City,Yelahanka Traffic PS,1.04432e+16,2020,1,2,Not Applicable,Not Applicable,City/Town,Near or inside a village,Human Error,No,Simple Injury,Vehicle to Vehicle,Not at  Junction,Others,State Highway,Concrete,Others,Not Applicable,Others,"DB Pura main Road, Near Nagenahalli Gate Yelahanka",DB Pura main Road Near Nagenahalli Gate Yelahanka,3 km,0.0,0.0