DISTRICTNAME,UNITNAME,Crime_No,Year,RI,Noofvehicle_involved,Accident_Classification,Accident_Spot,Accident_Location,Accident_SubLocation,Main_Cause,Hit_Run,Severity,Collision_Type,Junction_Control,Road_Character,Road_Type,Surface_Type,Surface_Condition,Road_Condition,Weather,Accident_Road,Landmark_first,Distance_LandMark_First,Latitude,Longitude
Bengaluru City,Yelahanka Traffic PS,1.04432e+16,2020,1,2,Road Accidents,Narrow road,City/Town,Near office complex,Not Applicable,No,Simple Injury,Vehicle to Vehicle,Uncontrolled,Others,NH,Bitumen(Tar),Others,Not Applicable,Others,BB Service Road,BB Service Road,1km,0.0,0.0
Bengaluru City,Yelahanka Traffic PS,1.04432e+16,2020,1,2,Not Applicable,Not Applicable,City/Town,Near office complex,Human Error,Yes,Damage Only,Vehicle to Vehicle,No signal lights,Others,Others,Bitumen(Tar),Others,Not Applicable,Others,"Near 3rd cross, Basavasamithi Layout Vidyaranyapur",Near 3rd cross Basavasamithi Layout Vidyaranyapur,5 km,0.0,0.0
Bengaluru City,Yelahanka Traffic PS,1.04432e+16,2020,1,1,Not Applicable,Junction,City/Town,Near Bus stop,Not Applicable,Yes,Simple Injury,Hit pedestrian,Signals (Working),Others,State Highway,Bitumen(Tar),Others,Not Applicable,Others,Near NES Junction Yelahanka,Near NES Junction Yelahanka,0.5 km,0.0,0.0
Bengaluru City,Yelahanka Traffic PS,1.04432e+16,2020,1,2,Road Accidents,Narrow road,City/Town,Residential area,Human Error,Not Applicable,Fatal,Vehicle to Vehicle,Not at  Junction,Not Applicable,Others,Bitumen(Tar),Not Applicable,Not Applicable,Clear,D B sandra,Krishna temple road,20,0.0,0.0
Bengaluru City,Yelahanka Traffic PS,1.04432e+16,2020,1,2,Road Accidents,Not Applicable,City/Town,Open area,Human Error,Yes,Fatal,Hit pedestrian,Uncontrolled,Straight and flat,NH,Bitumen(Tar),Others,Not Applicable,Clear,B B Road Near IAF,IAF,40,0.0,0.0
Bengaluru City,Yelahanka Traffic PS,1.04432e+16,2020,1,1,Road Accidents,Junction,City/Town,Near Bus stop,Not Applicable,No,Simple Injury,Not Applicable,Uncontrolled,Curve,Not Applicable,Not Applicable,Not Applicable,Not Applicable,Others,Near Thirumala Daba,Near Thirumala Daba,2.5 km,0.0,0.0
Bengaluru City,Yelahanka Traffic PS,1.04432e+16,2020,1,2,Not Applicable,Narrow road,City/Town,Residential area,Human Error,Yes,Simple Injury,Vehicle to Vehicle,No signal lights,Others,Service Road,Bitumen(Tar),Others,Not Applicable,Others,Near Reliance Fresh  Vidyaranayapur,Near Reliance Fresh  Vidyaranayapur,5 km,0.0,0.0
Bengaluru City,Yelahanka Traffic PS,1.04432e+16,2020,1,3,Road Accidents,Junction,City/Town,Near Petrol Pump,Human Error,No,Simple Injury,Vehicle to Vehicle,Signal lights Automatic,Curve,Others,Bitumen(Tar),Others,Not Applicable,Others,B Road Bypass Signal Yelahanka,B Road Bypass Signal Yelahanka,0.5 km,0.0,0.0
Bengaluru City,Yelahanka Traffic PS,1.04432e+16,2020,1,2,Not Applicable,Cross roads,City/Town,Near office complex,Human Error,No,Simple Injury,Vehicle to Vehicle,Signal lights Automatic,Others,Others,Bitumen(Tar),Others,Not Applicable,Others,Kogilu cross Yelahanka,Kogilu cross Yelahanka,1 km,0.0,0.0
Bengaluru City,Yelahanka Traffic PS,1.04432e+16,2020,1,2,Road Accidents,Cross roads,City/Town,Near a factory industrial area,Human Error,Yes,Grievous Injury,Vehicle to Vehicle,Uncontrolled,Curve,Others,Bitumen(Tar),Dry,No influence on accident,Clear,SHIVASHANKATA TIMBER,SHIVASHANKATA TIMBER,55 FT,0.0,0.0
Bengaluru City,Yelahanka Traffic PS,1.04432e+16,2020,1,2,Road Accidents,Narrow road,City/Town,Near School or College,Human Error,Yes,Simple Injury,Vehicle to Vehicle,Not Applicable,Curve and Incline,Residential Street,Concrete,Dry,Not Applicable,Clear,Offosite BMS Collage,Near Nagenahalli Gate,4,0.0,0.0
Bengaluru City,Yelahanka Traffic PS,1.04432e+16,2020,1,1,Not Applicable,Not Applicable,City/Town,Near a religious place,Human Error,No,Simple Injury,Hit pedestrian,Not at  Junction,Not Applicable,Others,Concrete,Others,Not Applicable,Others,Atturu Village Near Anjaneya Temple,Atturu Village Near Anjaneya Temple,5 km,13.107654,77.565466
Bengaluru City,Yelahanka Traffic PS,1.04432e+16,2020,1,2,Road Accidents,Circle,City/Town,Near Hospital,Human Error,No,Simple Injury,Vehicle to Vehicle,Uncontrolled,Curve,State Highway,Bitumen(Tar),Dry,No influence on accident,Cloudy,RAMANASRHEE HOTEL,RAMANASRHEE HOTEL,70FT,0.0,0.0
Bengaluru City,Yelahanka Traffic PS,1.04432e+16,2020,1,1,Road Accidents,Cross roads,City/Town,Near or inside a village,Human Error,Yes,Simple Injury,Hit pedestrian,Controlled,Curve,Two way,Bitumen(Tar),Dry,No influence on accident,Cloudy,NEAR ELECTRICAL POLE,NEAR ELECTRICAL POLE,60 FT,0.0,0.0
Bengaluru City,Yelahanka Traffic PS,1.04432e+16,2020,1,1,Road Accidents,Cross roads,City/Town,Near Bus stop,Human Error,No,Simple Injury,Hit pedestrian,Uncontrolled,Curve,Residential Street,Bitumen(Tar),Dry,No influence on accident,Clear,NEAR KATTEGENAHALLI BUS STOP,NEAR KATTEGENAHALLI BUS STOP,50 FT,0.0,0.0
Bengaluru City,Yelahanka Traffic PS,1.04432e+16,2020,1,2,Not Applicable,Not Applicable,City/Town,Near Bus stop,Human Error,No,Simple Injury,Vehicle to Vehicle,Signal lights Automatic,Others,Not Applicable,Bitumen(Tar),Others,Not Applicable,Others,DB Pura main Road Near NES Yelahanka,DB Pura main Road Near NES Yelahanka,0.5 km,0.0,0.0
Bengaluru City,Yelahanka Traffic PS,1.04432e+16,2020,1,1,Road Accidents,Narrow road,City/Town,Near office complex,Not Applicable,No,Fatal,Hit bicyclist,No signal lights,Others,NH,Bitumen(Tar),Others,Not Applicable,Others,BB Road Opposite Coffeeday,BB Road Opposite Coffeeday,1km,0.0,0.0
Bengaluru City,Yelahanka Traffic PS,1.04432e+16,2020,1,2,Road Accidents,Not Applicable,City/Town,Open area,Human Error,No,Simple Injury,Vehicle to Vehicle,Controlled,Others,NH,Bitumen(Tar),Dry,No influence on accident,Others,NEAR JAKKURU AERO DURM,NEAR JAKKURU AERO DURM,50 FT,0.0,0.0
Bengaluru City,Yelahanka Traffic PS,1.04432e+16,2020,1,2,Not Applicable,Not Applicable,City/Town,Near Petrol Pump,Not Applicable,Yes,Simple Injury,Vehicle to Vehicle,Signal lights Automatic,Others,Others,Bitumen(Tar),Others,Not Applicable,Others,Near Allalasandhra Bridge,Near Allalasandhra Bridge,1 km,0.0,0.0
Bengaluru City,Yelahanka Traffic PS,1.04432e+16,2020,1,2,Not Applicable,Not Applicable,City/Town,Near Petrol Pump,Not Applicable,No,Damage Only,Vehicle to Vehicle,Signals (Working),Others,Others,Bitumen(Tar),Others,Not Applicable,Others,GKVK opposite Signal Yelahanka,GKVK opposite Signal Yelahanka,2 km,0.0,0.0
Bengaluru City,Yelahanka Traffic PS,1.04432e+16,2020,1,2,Not Applicable,Not Applicable,City/Town,Residential area,Not Applicable,Yes,Simple Injury,Vehicle to Vehicle,Not at  Junction,Others,Others,Bitumen(Tar),Others,Not Applicable,Others,"Kanshiram Nagar Near bridgecounting cross MRP wine, MS Palya",MS Palya,6 km,0.0,0.0
Bengaluru City,Yelahanka Traffic PS,1.04432e+16,2020,1,2,Not Applicable,Not Applicable,City/Town,Near Hospital,Not Applicable,No,Damage Only,Vehicle to Vehicle,Not at  Junction,Others,Others,Bitumen(Tar),Others,Not Applicable,Others,Navachethan hospital Road,Navachethan hospital,2 km,0.0,0.0
Bengaluru City,Yelahanka Traffic PS,1.04432e+16,2020,1,2,Not Applicable,Not Applicable,City/Town,Residential area,Not Applicable,No,Simple Injury,Vehicle to Vehicle,Not at  Junction,Others,Others,Bitumen(Tar),Others,Not Applicable,Others,DB Pura main Road,Near Nagarajun APRT,4 km,0.0,0.0
Bengaluru City,Yelahanka Traffic PS,1.04432e+16,2020,1,2,Not Applicable,Not Applicable,City/Town,In bazaar,Human Error,No,Fatal,Vehicle to Vehicle,Not at  Junction,Others,Others,Bitumen(Tar),Not Applicable,Not Applicable,Others,yelahanka main road,santhe circle,0.5 km,0.0,0.0
Bengaluru City,Yelahanka Traffic PS,1.04432e+16,2020,1,2,Road Accidents,Cross roads,City/Town,Near School or College,Human Error,No,Simple Injury,Vehicle to Vehicle,Uncontrolled,Curve,Two way,Bitumen(Tar),Dry,No influence on accident,Clear,NEAR VYASA SCHOOL,NEAR VYASA SCHOOL,50 FT,0.0,0.0
Bengaluru City,Yelahanka Traffic PS,1.04432e+16,2020,1,1,Road Accidents,Cross roads,City/Town,In bazaar,Human Error,No,Simple Injury,Vehicle to Vehicle,Controlled,Curve,Two way,Bitumen(Tar),Dry,No influence on accident,Cloudy,NEAR COFFEE DAY,NEAR COFFEE DAY,40 FT,0.0,0.0
Bengaluru City,Yelahanka Traffic PS,1.04432e+16,2020,1,1,Road Accidents,Narrow road,City/Town,Open area,Human Error,Not Applicable,Fatal,Not Applicable,Not Applicable,Straight and flat,Not Applicable,Bitumen(Tar),Not Applicable,No influence on accident,Clear,Nitteminakshi college road,Near NCC home,20,0.0,0.0
Bengaluru City,Yelahanka Traffic PS,1.04432e+16,2020,1,2,Road Accidents,Not Applicable,City/Town,Near School or College,Human Error,No,Damage Only,Vehicle to Vehicle,Controlled,Others,Others,Bitumen(Tar),Dry,Not Applicable,Clear,Vidyarannapura GKVK Double Road,Electrical Pole,20ft,0.0,0.0
Bengaluru City,Yelahanka Traffic PS,1.04432e+16,2020,1,2,Not Applicable,Not Applicable,City/Town,Residential area,Human Error,No,Simple Injury,Vehicle to Vehicle,Not at  Junction,Others,Others,Bitumen(Tar),Others,Not Applicable,Others,Near Sharavathi hotel Yelahanka Newtown,Near Sharavathi hotel Yelahanka Newtown,1.5 km,0.0,0.0
Bengaluru City,Yelahanka Traffic PS,1.04432e+16,2020,1,2,Not Applicable,Curves,City/Town,Near Petrol Pump,Human Error,No,Damage Only,Vehicle to Vehicle,Uncontrolled,Others,Others,Bitumen(Tar),Others,Not Applicable,Others,"Near Allalasandhra Flyover, Yelahanka",Near Allalasandhra Flyover Yelahanka,1 km,0.0,0.0
Bengaluru City,Yelahanka Traffic PS,1.04432e+16,2020,1,2,Road Accidents,Not Applicable,City/Town,Near School or College,Human Error,Yes,Simple Injury,Vehicle to Vehicle,Not at  Junction,Others,NH,Bitumen(Tar),Not Applicable,Not Applicable,Others,BB Road Near Vidyashilpa On Flyover Yelahanka,BB Road Near Vidyashilpa On Flyover Yelahanka,1 km,0.0,0.0
Bengaluru City,Yelahanka Traffic PS,1.04432e+16,2020,1,2,Road Accidents,Junction,City/Town,Near School or College,Human Error,No,Damage Only,Vehicle to Vehicle,Controlled,Curve,State Highway,Bitumen(Tar),Dry,No influence on accident,Clear,NEAR SHESHADRIPURAM COLLEGE,NEAR SHESHADRIPURAM COLLEGE,50 FT,0.0,0.0
Bengaluru City,Yelahanka Traffic PS,1.04432e+16,2020,1,2,Not Applicable,Not Applicable,City/Town,Residential area,Not Applicable,Yes,Not Applicable,Vehicle to Vehicle,Not at  Junction,Others,Others,Bitumen(Tar),Others,Not Applicable,Others,Near MS Palya Shanimahatma Temple Vidyaranyapur,Near MS Palya Shanimahatma Temple Vidyaranyapur,5 km,0.0,0.0
Bengaluru City,Yelahanka Traffic PS,1.04432e+16,2020,1,2,Not Applicable,Not Applicable,City/Town,Near Bus stop,Not Applicable,No,Simple Injury,Vehicle to Vehicle,Not at  Junction,Others,Others,Bitumen(Tar),Others,Not Applicable,Others,BB Road,Raithara santhe on fly over,1 km,0.0,0.0
Bengaluru City,Yelahanka Traffic PS,1.04432e+16,2020,1,2,Road Accidents,Cross roads,City/Town,Near Hospital,Human Error,No,Simple Injury,Vehicle to Vehicle,Controlled,Curve,NH,Bitumen(Tar),Dry,No influence on accident,Clear,NEAR CYTE CARE HOSPITAL,NEAR CYTE CARE HOSPITAL,50 FT,0.0,0.0
Bengaluru City,Yelahanka Traffic PS,1.04432e+16,2020,1,1,Road Accidents,Cross roads,City/Town,At pedestrian Crossing,Human Error,No,Fatal,Hit pedestrian,Uncontrolled,Curve,NH,Bitumen(Tar),Dry,No influence on accident,Clear,NEAR PEDESTRIAN UNDER PASS,NEAR PEDESTRIAN UNDER PASS,40 FT,0.0,0.0
Bengaluru City,Yelahanka Traffic PS,1.04432e+16,2020,1,2,Road Accidents,Junction,City/Town,Near Bus stop,Not Applicable,Yes,Simple Injury,Vehicle to Vehicle,Uncontrolled,Not Applicable,State Highway,Bitumen(Tar),Others,Not Applicable,Others,Near Putenahalli Bus Stop,Near Putenahalli Bus Stop,2 km,0.0,0.0
Bengaluru City,Yelahanka Traffic PS,1.04432e+16,2020,1,2,Not Applicable,Not Applicable,City/Town,Near Petrol Pump,Not Applicable,Yes,Simple Injury,Vehicle to Vehicle,Uncontrolled,Others,Others,Bitumen(Tar),Others,Not Applicable,Others,NES Petrol Bunk,NES Petrol Bunk,05.km,0.0,0.0
Bengaluru City,Yelahanka Traffic PS,1.04432e+16,2020,1,2,Road Accidents,Junction,City/Town,Near Petrol Pump,Vehicle Defect,Yes,Simple Injury,Vehicle to Vehicle,Controlled,Not Applicable,NH,Not Applicable,Others,Engineering Defect of Road,Others,BB Road Bypass Junction,BB Road Bypass Junction,1km,0.0,0.0
Bengaluru City,Yelahanka Traffic PS,1.04432e+16,2020,1,2,Not Applicable,Cross roads,City/Town,At pedestrian Crossing,Not Applicable,No,Simple Injury,Vehicle to Vehicle,Controlled,Straight and flat,NH,Bitumen(Tar),Not Applicable,Not Applicable,Others,"B B Road, Jakkuru cross",B B Road Jakkuru cross,2km,0.0,0.0
Bengaluru City,Yelahanka Traffic PS,1.04432e+16,2020,1,1,Not Applicable,Cross roads,City/Town,Residential area,Not Applicable,No,Simple Injury,Hit pedestrian,No signal lights,Others,Others,Bitumen(Tar),Others,Not Applicable,Others,Hesarughatta main Road Lakshmipura cross,Hesarughatta main Road Lakshmipura cross,6 km,0.0,0.0
Bengaluru City,Yelahanka Traffic PS,1.04432e+16,2020,1,2,Not Applicable,Not Applicable,City/Town,Near office complex,Human Error,No,Simple Injury,Vehicle to Vehicle,Not at  Junction,Others,NH,Bitumen(Tar),Others,Not Applicable,Others,BB service Road Near Agasthya Company,BB service Road Near Agasthya Company,2 km,0.0,0.0
Bengaluru City,Yelahanka Traffic PS,1.04432e+16,2020,1,2,Not Applicable,Not Applicable,City/Town,Residential area,Human Error,No,Simple Injury,Vehicle to Vehicle,Not Applicable,Others,Others,Bitumen(Tar),Others,Not Applicable,Others,Yelahanka Judicial Layout allalasandra main Road Yelahanka,Yelahanka Judicial Layout allalasandra main Road Yelahanka,3 km,0.0,0.0
Bengaluru City,Yelahanka Traffic PS,1.04432e+16,2020,1,1,Not Applicable,Not Applicable,City/Town,Affected by encroachments,Not Applicable,Not Applicable,Fatal,Not Applicable,Not at  Junction,Others,NH,Bitumen(Tar),Others,Not Applicable,Others,B B Road,Coffee Day,1 km,0.0,0.0
Bengaluru City,Yelahanka Traffic PS,1.04432e+16,2020,1,2,Not Applicable,Junction,City/Town,Near Bus stop,Not Applicable,Yes,Simple Injury,Vehicle to Vehicle,No signal lights,Curve,Others,Bitumen(Tar),Others,Not Applicable,Others,MSU Road Near Thirumala daba Yelahanka Newtown,MSU Road Near Thirumala daba Yelahanka Newtown,3 km,0.0,0.0
Bengaluru City,Yelahanka Traffic PS,1.04432e+16,2020,1,1,Not Applicable,Not Applicable,City/Town,Near Bus stop,Human Error,Yes,Damage Only,Not Applicable,Not at  Junction,Others,Others,Bitumen(Tar),Others,Not Applicable,Others,Kogilu main Road Near Venkatala Bus stop Yelahanka,Kogilu main Road Near Venkatala Bus stop Yelahanka,3 km,0.0,0.0
Bengaluru City,Yelahanka Traffic PS,1.04432e+16,2020,1,2,Not Applicable,Not Applicable,City/Town,Near Petrol Pump,Human Error,Yes,Simple Injury,Vehicle to Vehicle,Not at  Junction,Others,Others,Bitumen(Tar),Others,Not Applicable,Others,MS Palya Junction Vidyranyapur post,MS Palya Junction Vidyranyapur post,4 km,0.0,0.0
Bengaluru City,Yelahanka Traffic PS,1.04432e+16,2020,1,2,Road Accidents,Cross roads,City/Town,Near School or College,Human Error,Yes,Simple Injury,Vehicle to Vehicle,Uncontrolled,Curve,Others,Bitumen(Tar),Dry,No influence on accident,Clear,ELECTRICAL POLE,ELECTRICAL POLE,60 FT,0.0,0.0
Bengaluru City,Yelahanka Traffic PS,1.04432e+16,2020,1,1,Not Applicable,Not Applicable,City/Town,In bazaar,Not Applicable,No,Damage Only,Not Applicable,Not at  Junction,Others,Others,Bitumen(Tar),Not Applicable,Not Applicable,Others,GKVK Double Road Yelahanka,GKVK Double Road Yelahanka,3.5 km,0.0,0.0
Bengaluru City,Yelahanka Traffic PS,1.04432e+16,2020,1,1,Not Applicable,Not Applicable,City/Town,Open area,Not Applicable,No,Simple Injury,Not Applicable,Not at  Junction,Others,Others,Bitumen(Tar),Others,Not Applicable,Others,Near Veerasagarkere Yelahanka Newtown,Near Veerasagarkere Yelahanka Newtown,6 km,0.0,0.0
Bengaluru City,Yelahanka Traffic PS,1.04432e+16,2020,1,1,Not Applicable,Not Applicable,City/Town,Residential area,Not Applicable,No,Simple Injury,Hit bicyclist,Not at  Junction,Others,Others,Bitumen(Tar),Others,Not Applicable,Others,Atturu Layout,Near SBI Bank,4 km,0.0,0.0
Bengaluru City,Yelahanka Traffic PS,1.04432e+16,2020,1,2,Not Applicable,Not Applicable,City/Town,Residential area,Not Applicable,No,Simple Injury,Vehicle to Vehicle,Not at  Junction,Not Applicable,Others,Bitumen(Tar),Not Applicable,Not Applicable,Others,Vysasa school Road,DB sandhra,6 km,0.0,0.0
Bengaluru City,Yelahanka Traffic PS,1.04432e+16,2020,1,2,Not Applicable,Narrow road,City/Town,Near Bus stop,Not Applicable,No,Simple Injury,Vehicle to Vehicle,Uncontrolled,Hump,Not Applicable,Not Applicable,Others,Not Applicable,Others,GKVK main Gate,GKVK main gate,3km,0.0,0.0
Bengaluru City,Yelahanka Traffic PS,1.04432e+16,2020,1,3,Road Accidents,Narrow road,City/Town,Narrow bridge or culverts,Not Applicable,No,Damage Only,Vehicle to Vehicle,No signal lights,Others,Others,Surfaced,Others,Engineering Defect of Road,Others,Jakkuru Fly Over,Jakkuru On fly Over,2 km,0.0,0.0
Bengaluru City,Yelahanka Traffic PS,1.04432e+16,2020,1,2,Not Applicable,Curves,City/Town,Near School or College,Not Applicable,No,Simple Injury,Vehicle to Vehicle,Uncontrolled,Others,State Highway,Bitumen(Tar),Not Applicable,Not Applicable,Others,DB Pura main Road Near Seshadripuram college,DB Pura main Road Near Seshadripuram college,1km,0.0,0.0
Bengaluru City,Yelahanka Traffic PS,1.04432e+16,2020,1,4,Not Applicable,Not Applicable,Rural Areas,Narrow bridge or culverts,Human Error,No,Damage Only,Vehicle to Vehicle,Not at  Junction,Straight and flat,Others,Bitumen(Tar),Others,Not Applicable,Others,On Bagaluru fly over BB Road,On Bagaluru fly over BB Road,3 km,0.0,0.0
Bengaluru City,Yelahanka Traffic PS,1.04432e+16,2020,1,1,Road Accidents,Cross roads,City/Town,Near School or College,Human Error,Yes,Grievous Injury,Hit pedestrian,Uncontrolled,Curve,Others,Bitumen(Tar),Dry,No influence on accident,Clear,ELECTRICAL POLE,ELECTRICAL POLE,10 FT,0.0,0.0
Bengaluru City,Yelahanka Traffic PS,1.04432e+16,2020,1,1,Road Accidents,Cross roads,City/Town,In bazaar,Human Error,Yes,Simple Injury,Hit pedestrian,Controlled,Straight and flat,Two way,Bitumen(Tar),Dry,No influence on accident,Cloudy,NEAR SUBRAMANI GLASS FLYAWOOD,NEAR SUBRAMANI GLASS FLYAWOOD,40FT,0.0,0.0
Bengaluru City,Yelahanka Traffic PS,1.04432e+16,2020,1,1,Not Applicable,Not Applicable,City/Town,Residential area,Human Error,No,Fatal,Not Applicable,Not at  Junction,Others,Others,Bitumen(Tar),Not Applicable,Not Applicable,Others,Veerasagar main road,Byalakere,5 km,0.0,0.0
Bengaluru City,Yelahanka Traffic PS,1.04432e+16,2020,1,1,Not Applicable,Not Applicable,City/Town,Residential area,Not Applicable,Yes,Simple Injury,Hit pedestrian,Not at  Junction,Others,Others,Bitumen(Tar),Others,Not Applicable,Others,"Sharavathi Road, Near Chinmayi Diagnostic centre Yelahanka Newtown",Sharavathi Road Near Chinmayi Diagnostic centre Yelahanka Newtown,2 km,0.0,0.0
Bengaluru City,Yelahanka Traffic PS,1.04432e+16,2020,1,1,Road Accidents,Cross roads,City/Town,Near office complex,Not Applicable,No,Fatal,Not Applicable,Controlled,Curve,State Highway,Bitumen(Tar),Dry,No influence on accident,Cloudy,DHARIVALA GLASS HOUSE,DHARIVALA GLASS HOUSE,45 FT,0.0,0.0
Bengaluru City,Yelahanka Traffic PS,1.04432e+16,2020,1,2,Not Applicable,Not Applicable,City/Town,Near Bus stop,Human Error,No,Simple Injury,Vehicle to Vehicle,Not at  Junction,Others,Others,Bitumen(Tar),Others,Not Applicable,Others,GKVK Backside Double Road MV Layout Vidyaranyapur,GKVK Backside Double Road MV Layout Vidyaranyapur,3 km,0.0,0.0
Bengaluru City,Yelahanka Traffic PS,1.04432e+16,2020,1,2,Not Applicable,Not Applicable,City/Town,Near office complex,Not Applicable,No,Simple Injury,Vehicle to Vehicle,Signals (Working),Others,State Highway,Bitumen(Tar),Others,Not Applicable,Cloudy,Opposite RMZ mall Yelahanka Circle,Opposite RMZ mall Yelahanka Circle,50 mtr,0.0,0.0
Bengaluru City,Yelahanka Traffic PS,1.04432e+16,2020,1,1,Not Applicable,Not Applicable,City/Town,Near Petrol Pump,Not Applicable,No,Simple Injury,Hit pedestrian,Not at  Junction,Others,Others,Bitumen(Tar),Others,Not Applicable,Others,Near Nanjappa Circle Petrol bunk Vidyaranyapur,Near Nanjappa Circle Petrol bunk Vidyaranyapur,6 km,0.0,0.0
Bengaluru City,Yelahanka Traffic PS,1.04432e+16,2020,1,2,Not Applicable,Not Applicable,City/Town,Near Petrol Pump,Not Applicable,No,Fatal,Vehicle to Vehicle,Not at  Junction,Others,Others,Bitumen(Tar),Others,Not Applicable,Others,"BB Road,  Bharathi Nagar cross",BB Road  Bharathi Nagar cross,5 km,0.0,0.0
Bengaluru City,Yelahanka Traffic PS,1.04432e+16,2020,1,2,Not Applicable,Not Applicable,City/Town,In bazaar,Not Applicable,No,Simple Injury,Vehicle to Vehicle,Not at  Junction,Others,Others,Bitumen(Tar),Others,Not Applicable,Others,"Near Santhe Circle, Yelahanka",Near Santhe Circle Yelahanka,0.5 km,0.0,0.0
Bengaluru City,Yelahanka Traffic PS,1.04432e+16,2020,1,2,Not Applicable,Junction,City/Town,Near Petrol Pump,Not Applicable,No,Simple Injury,Vehicle to Vehicle,Signal lights Automatic,Others,Others,Bitumen(Tar),Others,Not Applicable,Others,BB Road,Jakkuru Juction,2 km,0.0,0.0
Bengaluru City,Yelahanka Traffic PS,1.04432e+16,2020,1,1,Road Accidents,Not Applicable,City/Town,Narrow bridge or culverts,Human Error,No,Simple Injury,Not Applicable,Uncontrolled,Straight and flat,NH,Bitumen(Tar),Dry,No influence on accident,Cloudy,NEAR ALLALASANDRA RAILWAY TRACK,NEAR ALLALASANDRA RAILWAY TRACK,30FT,0.0,0.0
Bengaluru City,Yelahanka Traffic PS,1.04432e+16,2020,1,1,Road Accidents,Not Applicable,City/Town,Open area,Not Applicable,No,Damage Only,Not Applicable,Uncontrolled,Not Applicable,Others,Bitumen(Tar),Others,Engineering Defect of Road,Others,BB Service Road IAF Yelahanka,BB Service Road IAF Yelahanka,3km,0.0,0.0
Bengaluru City,Yelahanka Traffic PS,1.04432e+16,2020,1,1,Not Applicable,Not Applicable,City/Town,Near a religious place,Human Error,No,Fatal,Hit pedestrian,Not Applicable,Straight and flat,State Highway,Bitumen(Tar),Others,Not Applicable,Others,"Near shiva Temple, DB pura main Raod",Near shiva Temple DB pura main Raod,3 km,0.0,0.0
Bengaluru City,Yelahanka Traffic PS,1.04432e+16,2020,1,1,Road Accidents,Cross roads,City/Town,Near Bus stop,Human Error,No,Simple Injury,Not Applicable,Uncontrolled,Curve,NH,Bitumen(Tar),Dry,No influence on accident,Clear,NEAR VENKATALA MAZEED,NEAR VENKATALA MAZEED,40 FT,0.0,0.0
Bengaluru City,Yelahanka Traffic PS,1.04432e+16,2020,1,2,Not Applicable,Not Applicable,City/Town,Near office complex,Human Error,No,Damage Only,Vehicle to Vehicle,No signal lights,Others,NH,Bitumen(Tar),Others,Not Applicable,Others,"BB road, Near Jakkuru Aerodrome, Fly Over Yelahanka",BB Road Near Jakkuru Aerodrome Fly Over Yelahanka,1.5 km,0.0,0.0
Bengaluru City,Yelahanka Traffic PS,1.04432e+16,2020,1,2,Not Applicable,Junction,City/Town,Near Bus stop,Human Error,No,Simple Injury,Vehicle to Vehicle,No signal lights,Curve,One way,Bitumen(Tar),Others,Not Applicable,Others,Mother Dairy Junction Yelahanka Newtown,Mother Dairy Junction Yelahanka Newtown,2 km,0.0,0.0
Bengaluru City,Yelahanka Traffic PS,1.04432e+16,2020,1,1,Not Applicable,Not Applicable,City/Town,Near office complex,Human Error,Yes,Fatal,Hit bicyclist,Not at  Junction,Others,NH,Bitumen(Tar),Others,Not Applicable,Others,"BB Service Road, Near ECOPOLISH Company Gate Yelahanka",BB Service Road Near ECOPOLISH Company Gate Yelahanka,3.5 km,0.0,0.0
Bengaluru City,Yelahanka Traffic PS,1.04432e+16,2020,1,2,Not Applicable,Not Applicable,City/Town,Open area,Not Applicable,Yes,Damage Only,Vehicle to Vehicle,Not at  Junction,Others,NH,Bitumen(Tar),Others,Not Applicable,Others,"BB Road, On Kogilu cross Fly over Yelahanka",BB Road On Kogilu cross Fly over Yelahanka,2 km,0.0,0.0
Bengaluru City,Yelahanka Traffic PS,1.04432e+16,2020,1,1,Not Applicable,Not Applicable,City/Town,Near Bus stop,Not Applicable,No,Fatal,Hit pedestrian,Not at  Junction,Others,Others,Bitumen(Tar),Others,Not Applicable,Others,DB pura main road,yelahanka govt college,1 km,0.0,0.0
Bengaluru City,Yelahanka Traffic PS,1.04432e+16,2020,1,2,Not Applicable,Not Applicable,City/Town,Residential area,Not Applicable,No,Simple Injury,Vehicle to Vehicle,Not Applicable,Others,Others,Bitumen(Tar),Others,Not Applicable,Others,BB Road,Raithara santhe,2 km,0.0,0.0
Bengaluru City,Yelahanka Traffic PS,1.04432e+16,2020,1,1,Not Applicable,Not Applicable,City/Town,Residential area,Human Error,No,Fatal,Vehicle to Vehicle,Not at  Junction,Others,NH,Bitumen(Tar),Not Applicable,Not Applicable,Others,BB road,GKVK main  gate,3 km,0.0,0.0
Bengaluru City,Yelahanka Traffic PS,1.04432e+16,2020,1,1,Road Accidents,Cross roads,City/Town,Near Bus stop,Human Error,No,Simple Injury,Hit bicyclist,Uncontrolled,Curve,Two way,Bitumen(Tar),Dry,No influence on accident,Clear,NEAR ANANTHAPURA GATE,NEAR ANANTHAPURA GATE,30FT,0.0,0.0