DISTRICTNAME,UNITNAME,Crime_No,Year,RI,Noofvehicle_involved,Accident_Classification,Accident_Spot,Accident_Location,Accident_SubLocation,Main_Cause,Hit_Run,Severity,Collision_Type,Junction_Control,Road_Character,Road_Type,Surface_Type,Surface_Condition,Road_Condition,Weather,Accident_Road,Landmark_first,Distance_LandMark_First,Latitude,Longitude
Bengaluru City,Yelahanka Traffic PS,1.04432e+16,2021,1,1,Not Applicable,Not Applicable,City/Town,Near office complex,Human Error,No,Simple Injury,Hit pedestrian,Not at  Junction,Others,Others,Bitumen(Tar),Others,Not Applicable,Others,Jakkuru plantation road,Jakkuru plantation road,2 km,0.0,0.0
Bengaluru City,Yelahanka Traffic PS,1.04432e+16,2021,1,2,Not Applicable,Not Applicable,City/Town,Narrow bridge or culverts,Human Error,No,Simple Injury,Vehicle to Vehicle,Not Applicable,Others,Others,Bitumen(Tar),Others,Not Applicable,Others,Near allalasandra bridge,Near allalasandra bridge,1 km,0.0,0.0
Bengaluru City,Yelahanka Traffic PS,1.04432e+16,2021,1,2,Not Applicable,Not Applicable,City/Town,Residential area,Human Error,No,Simple Injury,Vehicle to Vehicle,Not at  Junction,Others,NH,Bitumen(Tar),Others,Not Applicable,Others,BB road,Bagaluru cross,3 km,0.0,0.0
Bengaluru City,Yelahanka Traffic PS,1.04432e+16,2021,1,2,Not Applicable,Not Applicable,City/Town,Residential area,Human Error,No,Simple Injury,Vehicle to Vehicle,Not at  Junction,Others,Others,Bitumen(Tar),Others,Not Applicable,Others,DB pura main road,Near puttenahalli,3 km,0.0,0.0
Bengaluru City,Yelahanka Traffic PS,1.04432e+16,2021,1,2,Not Applicable,Not Applicable,City/Town,Residential area,Human Error,No,Fatal,Vehicle to Vehicle,Not at  Junction,Others,Others,Bitumen(Tar),Others,Not Applicable,Others,Vidyaranyapura 8th main,Vidyaranyapura,5 km,0.0,0.0
Bengaluru City,Yelahanka Traffic PS,1.04432e+16,2021,1,2,Not Applicable,Not Applicable,City/Town,Residential area,Human Error,No,Simple Injury,Vehicle to Vehicle,Not at  Junction,Not Applicable,NH,Bitumen(Tar),Others,Not Applicable,Others,BB road,Near venkatala,3 km,0.0,0.0
Bengaluru City,Yelahanka Traffic PS,1.04432e+16,2021,1,2,Not Applicable,Not Applicable,City/Town,Near office complex,Human Error,No,Simple Injury,Vehicle to Vehicle,Not at  Junction,Not Applicable,NH,Bitumen(Tar),Not Applicable,Not Applicable,Others,BB road,Near coffee day,1 km,0.0,0.0
Bengaluru City,Yelahanka Traffic PS,1.04432e+16,2021,1,2,Road Accidents,Narrow road,City/Town,Residential area,Human Error,No,Damage Only,Vehicle to Vehicle,Uncontrolled,Not Applicable,Not Applicable,Not Applicable,Not Applicable,Not Applicable,Cloudy,80 Feet Road Judicial Layout,80 Feet Road Judicial Layout,5,0.0,0.0
Bengaluru City,Yelahanka Traffic PS,1.04432e+16,2021,1,2,Not Applicable,Not Applicable,City/Town,Near School or College,Human Error,No,Simple Injury,Vehicle to Vehicle,Not at  Junction,Others,Others,Bitumen(Tar),Others,Not Applicable,Others,other road,near chandra cafe,2 km,0.0,0.0
Bengaluru City,Yelahanka Traffic PS,1.04432e+16,2021,1,2,Not Applicable,Not Applicable,City/Town,Residential area,Not Applicable,No,Simple Injury,Vehicle to Vehicle,Not Applicable,Not Applicable,State Highway,Bitumen(Tar),Others,Not Applicable,Others,DB pira road,heritage APRT,2 km,0.0,0.0
Bengaluru City,Yelahanka Traffic PS,1.04432e+16,2021,1,1,Not Applicable,Not Applicable,City/Town,Near office complex,Human Error,Yes,Fatal,Hit pedestrian,Not at  Junction,Others,Others,Bitumen(Tar),Others,Not Applicable,Others,BB road,Jakkuru Aerodrum,2 km,13.075693,77.592772
Bengaluru City,Yelahanka Traffic PS,1.04432e+16,2021,1,1,Not Applicable,Not Applicable,City/Town,Near office complex,Human Error,No,Damage Only,Not Applicable,Not at  Junction,Others,Others,Bitumen(Tar),Others,Not Applicable,Others,BB road,jakkuru on fly over yelahanka,2.5 km,0.0,0.0
Bengaluru City,Yelahanka Traffic PS,1.04432e+16,2021,1,2,Not Applicable,Not Applicable,City/Town,Near office complex,Human Error,No,Simple Injury,Vehicle to Vehicle,Not at  Junction,Others,NH,Bitumen(Tar),Others,Not Applicable,Others,BB Road,opposite jakkuru aero drum,2 km,0.0,0.0
Bengaluru City,Yelahanka Traffic PS,1.04432e+16,2021,1,2,Not Applicable,Not Applicable,City/Town,Near office complex,Human Error,Yes,Simple Injury,Vehicle to Vehicle,Not Applicable,Others,NH,Bitumen(Tar),Others,Not Applicable,Others,BB road,near coffee day,1 km,0.0,0.0
Bengaluru City,Yelahanka Traffic PS,1.04432e+16,2021,1,3,Not Applicable,Not Applicable,City/Town,Near School or College,Human Error,Yes,Simple Injury,Vehicle to Vehicle,Not at  Junction,Others,NH,Bitumen(Tar),Others,Not Applicable,Others,BB Road,Jakkuru arodrum,2.5 km,13.076002,77.592781
Bengaluru City,Yelahanka Traffic PS,1.04432e+16,2021,1,2,Not Applicable,Not Applicable,City/Town,Residential area,Human Error,No,Simple Injury,Vehicle to Vehicle,Not at  Junction,Others,Others,Bitumen(Tar),Not Applicable,Not Applicable,Others,BB road,Bagaluru cross,3 km,0.0,0.0
Bengaluru City,Yelahanka Traffic PS,1.04432e+16,2021,1,2,Not Applicable,Not Applicable,City/Town,Residential area,Not Applicable,No,Simple Injury,Vehicle to Vehicle,Not Applicable,Others,State Highway,Bitumen(Tar),Others,Not Applicable,Others,DB pura main road,Near puttenahalli,2 km,0.0,0.0
Bengaluru City,Yelahanka Traffic PS,1.04432e+16,2021,1,2,Road Accidents,Cross roads,City/Town,Near School or College,Human Error,No,Simple Injury,Vehicle to Vehicle,Uncontrolled,Curve,Others,Bitumen(Tar),Dry,No influence on accident,Cloudy,NEAR SAMBRAM COLLEGE,NEAR SAMBRAM COLLEGE,30 FT,0.0,0.0
Bengaluru City,Yelahanka Traffic PS,1.04432e+16,2021,1,1,Not Applicable,Not Applicable,City/Town,Residential area,Human Error,No,Simple Injury,Hit pedestrian,Not at  Junction,Others,Others,Bitumen(Tar),Others,Not Applicable,Others,Hanuman Layout main road,Ramachandrapura,5 km,0.0,0.0
Bengaluru City,Yelahanka Traffic PS,1.04432e+16,2021,1,1,Not Applicable,Junction,City/Town,Narrow bridge or culverts,Not Applicable,No,Grievous Injury,Hit pedestrian,No signal lights,Not Applicable,Not Applicable,Not Applicable,Dry,Drainage Ditch,Cloudy,Nagenahalli Gate,Nagenahalli Gate,2,0.0,0.0
Bengaluru City,Yelahanka Traffic PS,1.04432e+16,2021,1,1,Not Applicable,Not Applicable,City/Town,Residential area,Human Error,No,Simple Injury,Not Applicable,Not at  Junction,Others,Others,Bitumen(Tar),Others,Not Applicable,Others,Near Lakshmipur cross,Near Lakshmipur cross,5 km,0.0,0.0
Bengaluru City,Yelahanka Traffic PS,1.04432e+16,2021,1,2,Not Applicable,Not Applicable,City/Town,Near office complex,Human Error,No,Simple Injury,Vehicle to Vehicle,Signal lights Automatic,Others,Others,Bitumen(Tar),Others,Not Applicable,Others,other road,yelahanka circle,50 mtr,0.0,0.0
Bengaluru City,Yelahanka Traffic PS,1.04432e+16,2021,1,2,Not Applicable,Not Applicable,City/Town,Near office complex,Human Error,No,Simple Injury,Vehicle to Vehicle,Signal lights Automatic,Others,State Highway,Bitumen(Tar),Others,Not Applicable,Others,DB pur road,NES Junction,0.5 km,0.0,0.0
Bengaluru City,Yelahanka Traffic PS,1.04432e+16,2021,1,2,Not Applicable,Not Applicable,City/Town,Near office complex,Human Error,No,Simple Injury,Vehicle to Vehicle,Not at  Junction,Others,Others,Bitumen(Tar),Others,Not Applicable,Others,DB pur main road,near NES,0.5 km,0.0,0.0
Bengaluru City,Yelahanka Traffic PS,1.04432e+16,2021,1,1,Not Applicable,Not Applicable,City/Town,Near office complex,Human Error,No,Simple Injury,Hit pedestrian,Not at  Junction,Others,Others,Bitumen(Tar),Others,Not Applicable,Others,DB puram main road,near puttenahalli,2.5 km,13.112491,77.579546
Bengaluru City,Yelahanka Traffic PS,1.04432e+16,2021,1,2,Not Applicable,Not Applicable,City/Town,Near office complex,Not Applicable,No,Grievous Injury,Vehicle to Vehicle,Not at  Junction,Not Applicable,Others,Bitumen(Tar),Others,Not Applicable,Others,Jakkuru road,Near Vijaya bar,2 km,0.0,0.0
Bengaluru City,Yelahanka Traffic PS,1.04432e+16,2021,1,2,Not Applicable,Not Applicable,City/Town,Residential area,Not Applicable,No,Simple Injury,Vehicle to Vehicle,Not at  Junction,Straight and flat,Others,Bitumen(Tar),Others,Not Applicable,Others,DB sandra main road,Vidyaranyapur,5 km,0.0,0.0
Bengaluru City,Yelahanka Traffic PS,1.04432e+16,2021,1,3,Not Applicable,Not Applicable,City/Town,Near School or College,Human Error,No,Simple Injury,Vehicle to Vehicle,Not Applicable,Others,Others,Bitumen(Tar),Others,Not Applicable,Others,Sambhrama college road,MS Palya,5 km,0.0,0.0
Bengaluru City,Yelahanka Traffic PS,1.04432e+16,2021,1,1,Not Applicable,Not Applicable,City/Town,Near office complex,Not Applicable,No,Fatal,Vehicle to Vehicle,Not at  Junction,Others,Others,Bitumen(Tar),Others,Not Applicable,Others,BB service road,Near IAF gate,4 km,13.128623,77.614279
Bengaluru City,Yelahanka Traffic PS,1.04432e+16,2021,1,2,Not Applicable,Not Applicable,City/Town,Residential area,Human Error,No,Damage Only,Vehicle to Vehicle,Not at  Junction,Others,Others,Bitumen(Tar),Others,Not Applicable,Others,NTI layout,Vidyaranyapur,5 km,0.0,0.0
Bengaluru City,Yelahanka Traffic PS,1.04432e+16,2021,1,2,Not Applicable,Not Applicable,City/Town,Near Hospital,Human Error,No,Simple Injury,Vehicle to Vehicle,Not at  Junction,Others,Others,Bitumen(Tar),Others,Not Applicable,Others,MS Palya,Near Nagappa hadli hospital,5 km,0.0,0.0
Bengaluru City,Yelahanka Traffic PS,1.04432e+16,2021,1,2,Not Applicable,Not Applicable,City/Town,Residential area,Not Applicable,No,Simple Injury,Vehicle to Vehicle,Not at  Junction,Others,Others,Bitumen(Tar),Others,Not Applicable,Others,BB road,Jakkuru junction,2 km,0.0,0.0
Bengaluru City,Yelahanka Traffic PS,1.04432e+16,2021,1,2,Not Applicable,Not Applicable,City/Town,Near office complex,Not Applicable,No,Damage Only,Vehicle to Vehicle,Not at  Junction,Others,Others,Bitumen(Tar),Others,Not Applicable,Others,BB road,jakkuru signal,2 km,0.0,0.0
Bengaluru City,Yelahanka Traffic PS,1.04432e+16,2021,1,4,Not Applicable,Not Applicable,City/Town,Residential area,Human Error,No,Damage Only,Vehicle to Vehicle,Not at  Junction,Others,Not Applicable,Bitumen(Tar),Others,Not Applicable,Others,Sandeep unnikrishnan road,Sandeep unnikrishnan road,1 km,0.0,0.0
Bengaluru City,Yelahanka Traffic PS,1.04432e+16,2021,1,2,Not Applicable,Not Applicable,City/Town,Residential area,Not Applicable,No,Simple Injury,Vehicle to Vehicle,Not at  Junction,Others,State Highway,Bitumen(Tar),Others,Not Applicable,Others,DB pura main road,Ananthpur gate,2 km,0.0,0.0
Bengaluru City,Yelahanka Traffic PS,1.04432e+16,2021,1,2,Not Applicable,Not Applicable,City/Town,Near office complex,Human Error,No,Simple Injury,Vehicle to Vehicle,Not Applicable,Others,Others,Bitumen(Tar),Others,Not Applicable,Others,BB Road,Jakkuru Jn,2 km,0.0,0.0
Bengaluru City,Yelahanka Traffic PS,1.04432e+16,2021,1,1,Not Applicable,Narrow road,City/Town,Near Bus stop,Human Error,No,Fatal,Not Applicable,Not at  Junction,Others,Others,Bitumen(Tar),Others,Not Applicable,Others,"BB service road, near jakkuru Aerodrum",BB service road near jakkuru Aerodrum,2 km,13.081165,77.593304
Bengaluru City,Yelahanka Traffic PS,1.04432e+16,2021,1,2,Not Applicable,Not Applicable,City/Town,Near office complex,Human Error,No,Simple Injury,Vehicle to Vehicle,Not at  Junction,Others,Others,Bitumen(Tar),Others,Not Applicable,Others,"DB sandra main road, infront of relience fresh vidyaranyapur",DB sandra main road infront of relience fresh,5 km,0.0,0.0
Bengaluru City,Yelahanka Traffic PS,1.04432e+16,2021,1,2,Not Applicable,Not Applicable,City/Town,Near Petrol Pump,Human Error,No,Fatal,Vehicle to Vehicle,Not at  Junction,Others,Others,Bitumen(Tar),Others,Not Applicable,Others,BB Road,Bagaluru cross,2 km,0.0,0.0
Bengaluru City,Yelahanka Traffic PS,1.04432e+16,2021,1,2,Not Applicable,Not Applicable,City/Town,Near office complex,Human Error,No,Simple Injury,Vehicle to Vehicle,Not at  Junction,Others,Others,Bitumen(Tar),Others,Not Applicable,Others,BB road,Near Air force,5 km,0.0,0.0
Bengaluru City,Yelahanka Traffic PS,1.04432e+16,2021,1,1,Road Accidents,Curves,City/Town,Residential area,Human Error,No,Fatal,Hit pedestrian,No signal lights,Others,Residential Street,Bitumen(Tar),Dry,Not Applicable,Clear,Kenchenahalli Road,Kenchenahalli Road,5,0.0,0.0
Bengaluru City,Yelahanka Traffic PS,1.04432e+16,2021,1,2,Not Applicable,Not Applicable,City/Town,Near Petrol Pump,Human Error,Yes,Fatal,Vehicle to Vehicle,Not at  Junction,Others,NH,Bitumen(Tar),Others,Not Applicable,Others,BB ROAD,Jakkuru on fly over,2 km,0.0,0.0
Bengaluru City,Yelahanka Traffic PS,1.04432e+16,2021,1,65,Not Applicable,Not Applicable,City/Town,Residential area,Human Error,No,Fatal,Hit pedestrian,Not at  Junction,Others,Others,Bitumen(Tar),Others,Not Applicable,Others,Harohalli kere,Harohalli kere,5 km,0.0,0.0
Bengaluru City,Yelahanka Traffic PS,1.04432e+16,2021,1,1,Not Applicable,Not Applicable,City/Town,Open area,Not Applicable,No,Fatal,Not Applicable,Not at  Junction,Not Applicable,Not Applicable,Not Applicable,Not Applicable,Not Applicable,Clear,Ramagondanhalli,Ramagondanhalli,4,0.0,0.0
Bengaluru City,Yelahanka Traffic PS,1.04432e+16,2021,1,1,Not Applicable,Not Applicable,City/Town,Residential area,Human Error,Yes,Simple Injury,Hit bicyclist,Not at  Junction,Others,Others,Bitumen(Tar),Others,Not Applicable,Others,GKVK double road,MV layout,3 km,0.0,0.0
Bengaluru City,Yelahanka Traffic PS,1.04432e+16,2021,1,1,Not Applicable,Not Applicable,City/Town,Residential area,Human Error,No,Simple Injury,Vehicle to Vehicle,Not at  Junction,Others,Others,Bitumen(Tar),Others,Not Applicable,Others,jarak bande kaval forest road Veerasagar byalakere road,Veerasagar byalakere road,6 km,0.0,0.0
Bengaluru City,Yelahanka Traffic PS,1.04432e+16,2021,1,2,Not Applicable,Not Applicable,City/Town,Near office complex,Human Error,No,Simple Injury,Vehicle to Vehicle,Not at  Junction,Others,Others,Bitumen(Tar),Not Applicable,Not Applicable,Others,Sandeep unnikrishnan road,dairy circle yelahanka,2 km,0.0,0.0
Bengaluru City,Yelahanka Traffic PS,1.04432e+16,2021,1,2,Not Applicable,Not Applicable,City/Town,Near office complex,Human Error,No,Fatal,Vehicle to Vehicle,Not Applicable,Others,NH,Bitumen(Tar),Others,Not Applicable,Others,BB road,on bypass fly over,1 km,13.081839,77.59337
Bengaluru City,Yelahanka Traffic PS,1.04432e+16,2021,1,2,Not Applicable,Not Applicable,City/Town,Residential area,Human Error,No,Simple Injury,Vehicle to Vehicle,Not Applicable,Others,Others,Bitumen(Tar),Others,Not Applicable,Others,Allalasandra road,infront of royal orchid hotel,1 km,0.0,0.0
Bengaluru City,Yelahanka Traffic PS,1.04432e+16,2021,1,2,Not Applicable,Not Applicable,City/Town,Residential area,Not Applicable,No,Simple Injury,Vehicle to Vehicle,Not at  Junction,Others,Others,Bitumen(Tar),Others,Not Applicable,Others,lakshmipur cross,Kanshiram nagar,2 km,0.0,0.0
Bengaluru City,Yelahanka Traffic PS,1.04432e+16,2021,1,1,Not Applicable,Not Applicable,City/Town,Near School or College,Human Error,No,Simple Injury,Not Applicable,Not at  Junction,Others,State Highway,Bitumen(Tar),Others,Not Applicable,Others,DB pura main road,seshadripuram college,1 km,0.0,0.0
Bengaluru City,Yelahanka Traffic PS,1.04432e+16,2021,1,2,Not Applicable,Not Applicable,City/Town,Near office complex,Human Error,No,Damage Only,Vehicle to Vehicle,Not at  Junction,Others,Others,Bitumen(Tar),Others,Not Applicable,Others,BB road,near Kogilu signal,1.5 km,0.0,0.0
Bengaluru City,Yelahanka Traffic PS,1.04432e+16,2021,1,1,Not Applicable,Not Applicable,City/Town,Near office complex,Human Error,No,Fatal,Not Applicable,Not at  Junction,Not Applicable,NH,Bitumen(Tar),Not Applicable,Not Applicable,Others,BB road,Near IAF gate,4 km,13.131148,77.615267
Bengaluru City,Yelahanka Traffic PS,1.04432e+16,2021,1,2,Not Applicable,Not Applicable,City/Town,Near office complex,Human Error,Yes,Fatal,Vehicle to Vehicle,Not at  Junction,Others,NH,Bitumen(Tar),Others,Not Applicable,Others,BB service road,near augusta compony gate,1 km,13.094909,77.597903
Bengaluru City,Yelahanka Traffic PS,1.04432e+16,2021,1,2,Not Applicable,Not Applicable,City/Town,Near Bus stop,Human Error,No,Simple Injury,Vehicle to Vehicle,Not at  Junction,Others,Others,Bitumen(Tar),Others,Not Applicable,Others,Vidyaranyapur old bus stand,Vidyaranyapur,5 km,0.0,0.0
Bengaluru City,Yelahanka Traffic PS,1.04432e+16,2021,1,2,Not Applicable,Not Applicable,City/Town,Residential area,Human Error,No,Simple Injury,Not Applicable,Not at  Junction,Others,State Highway,Bitumen(Tar),Not Applicable,Not Applicable,Others,DB pura mian road,Near NES junction,0.5 km,0.0,0.0
Bengaluru City,Yelahanka Traffic PS,1.04432e+16,2021,1,1,Road Accidents,Curves,City/Town,Residential area,Human Error,No,Damage Only,Not Applicable,Not at  Junction,Curve,State Highway,Not Applicable,Dry,Not Applicable,Clear,D B Pura main Road,D B Pura main Road,2,0.0,0.0
Bengaluru City,Yelahanka Traffic PS,1.04432e+16,2021,1,1,Not Applicable,Not Applicable,City/Town,Near or inside a village,Human Error,No,Fatal,Not Applicable,Not at  Junction,Others,Others,Bitumen(Tar),Others,Not Applicable,Others,Allalasandra judicial road,judicial layout,1 km,13.086184,77.588842
Bengaluru City,Yelahanka Traffic PS,1.04432e+16,2021,1,2,Not Applicable,Not Applicable,City/Town,Near office complex,Human Error,No,Simple Injury,Vehicle to Vehicle,Not at  Junction,Others,Others,Bitumen(Tar),Others,Not Applicable,Others,Yelahanka newtown main road,Yelahanka newtown,2 km,0.0,0.0
Bengaluru City,Yelahanka Traffic PS,1.04432e+16,2021,1,1,Not Applicable,Not Applicable,City/Town,Near office complex,Human Error,No,Fatal,Not Applicable,Not at  Junction,Others,NH,Bitumen(Tar),Others,Not Applicable,Others,BB road,near bagaluru fly over,3 km,13.12567,77.612578
Bengaluru City,Yelahanka Traffic PS,1.04432e+16,2021,1,1,Not Applicable,Not Applicable,City/Town,Near office complex,Human Error,No,Simple Injury,Not Applicable,Not at  Junction,Others,State Highway,Bitumen(Tar),Others,Not Applicable,Others,DB pura main road,DB pura main road infront of CRPF gate yelahanka,2.5,13.121283,77.610807
Bengaluru City,Yelahanka Traffic PS,1.04432e+16,2021,1,1,Not Applicable,Not Applicable,City/Town,Near office complex,Human Error,No,Fatal,Not Applicable,Not at  Junction,Others,Others,Bitumen(Tar),Others,Not Applicable,Others,BB road,Near IAF gate,4 km,13.129061,77.61427
Bengaluru City,Yelahanka Traffic PS,1.04432e+16,2021,1,2,Not Applicable,Not Applicable,City/Town,Residential area,Human Error,No,Fatal,Vehicle to Vehicle,Not at  Junction,Others,Others,Bitumen(Tar),Others,Not Applicable,Others,kogilu main rpoad,Kogilu grama,2 km,13.103808,77.616481
Bengaluru City,Yelahanka Traffic PS,1.04432e+16,2021,1,1,Not Applicable,Not Applicable,City/Town,Near Hospital,Not Applicable,No,Fatal,Vehicle to Vehicle,Not at  Junction,Others,Others,Bitumen(Tar),Others,Not Applicable,Others,Mavallipuram road,Near ayurvedic hospital,7 km,0.0,0.0
Bengaluru City,Yelahanka Traffic PS,1.04432e+16,2021,1,2,Not Applicable,Not Applicable,City/Town,Residential area,Human Error,No,Damage Only,Vehicle to Vehicle,Not at  Junction,Not Applicable,NH,Bitumen(Tar),Others,Not Applicable,Others,Jakkuru junction signal,Jakkuru,2 km,0.0,0.0
Bengaluru City,Yelahanka Traffic PS,1.04432e+16,2021,1,2,Not Applicable,Not Applicable,City/Town,Near office complex,Human Error,No,Simple Injury,Vehicle to Vehicle,Not at  Junction,Others,State Highway,Bitumen(Tar),Not Applicable,Not Applicable,Others,DB pura main road,Near puttenahalli lake,2.5 km,0.0,0.0
Bengaluru City,Yelahanka Traffic PS,1.04432e+16,2021,1,2,Not Applicable,Not Applicable,City/Town,Residential area,Human Error,No,Damage Only,Vehicle to Vehicle,Not Applicable,Others,Others,Bitumen(Tar),Not Applicable,Not Applicable,Others,Unnikrishnan road,Near mother dairy circle,2 km,0.0,0.0
Bengaluru City,Yelahanka Traffic PS,1.04432e+16,2021,1,1,Not Applicable,Not Applicable,City/Town,Near or inside a village,Human Error,Yes,Simple Injury,Vehicle to Vehicle,Not Applicable,Others,Others,Bitumen(Tar),Others,Not Applicable,Others,Veerasagar main road,Kempanahalli cross,6 km,0.0,0.0
Bengaluru City,Yelahanka Traffic PS,1.04432e+16,2021,1,4,Not Applicable,Narrow road,Rural Areas,In bazaar,Human Error,No,Simple Injury,Vehicle to Vehicle,Give way sign,Curve,Others,Not Applicable,Not Applicable,Not Applicable,Others,Kenchenahalli Gate,Kenchenahalli Gate,3,0.0,0.0
Bengaluru City,Yelahanka Traffic PS,1.04432e+16,2021,1,2,Road Accidents,Narrow road,City/Town,Narrow bridge or culverts,Human Error,No,Grievous Injury,Vehicle to Vehicle,Not Applicable,Not Applicable,Not Applicable,Not Applicable,Dry,Not Applicable,Clear,B B Road on Flyover,B B Road on Flyover,1,0.0,0.0
Bengaluru City,Yelahanka Traffic PS,1.04432e+16,2021,1,2,Not Applicable,Not Applicable,City/Town,Residential area,Human Error,No,Simple Injury,Vehicle to Vehicle,Not Applicable,Others,Others,Bitumen(Tar),Others,Not Applicable,Others,Near cetury APRT,Near cetury APRT,4 km,0.0,0.0
Bengaluru City,Yelahanka Traffic PS,1.04432e+16,2021,1,2,Not Applicable,Not Applicable,City/Town,Residential area,Human Error,No,Fatal,Vehicle to Vehicle,Not at  Junction,Others,State Highway,Bitumen(Tar),Others,Not Applicable,Others,DB pura main road,near puttenahalli lake,2 k km,13.113461,77.579436
Bengaluru City,Yelahanka Traffic PS,1.04432e+16,2021,1,2,Not Applicable,Not Applicable,City/Town,Near office complex,Human Error,Yes,Simple Injury,Vehicle to Vehicle,Signal lights Automatic,Others,State Highway,Bitumen(Tar),Others,Not Applicable,Others,DB pura main Road,Yelahanka circle,50 mtr,0.0,0.0
Bengaluru City,Yelahanka Traffic PS,1.04432e+16,2021,1,2,Not Applicable,Not Applicable,City/Town,Near office complex,Human Error,No,Simple Injury,Vehicle to Vehicle,Not at  Junction,Others,Others,Bitumen(Tar),Others,Not Applicable,Others,BB service road,near venkatala,3 km,0.0,0.0
Bengaluru City,Yelahanka Traffic PS,1.04432e+16,2021,1,2,Not Applicable,Not Applicable,City/Town,Near office complex,Human Error,No,Fatal,Vehicle to Vehicle,Not at  Junction,Others,Others,Bitumen(Tar),Others,Not Applicable,Others,"DB pura main road, near ananthapur gate",DB pura main road near ananthapur gate,2 km,0.0,0.0
Bengaluru City,Yelahanka Traffic PS,1.04432e+16,2021,1,2,Not Applicable,Not Applicable,City/Town,Near office complex,Human Error,No,Damage Only,Not Applicable,Not at  Junction,Others,Others,Bitumen(Tar),Others,Not Applicable,Others,"BB main raod, near IAF",BB main raod  near IAF,4 km,0.0,0.0
Bengaluru City,Yelahanka Traffic PS,1.04432e+16,2021,1,2,Not Applicable,Not Applicable,City/Town,Near office complex,Human Error,No,Simple Injury,Vehicle to Vehicle,Not at  Junction,Others,Others,Bitumen(Tar),Others,Not Applicable,Others,"Vinayaka nagar, near 7th cross yelahanka",Vinayaka nagar near 7th cross yelahanka,2 km,0.0,0.0
Bengaluru City,Yelahanka Traffic PS,1.04432e+16,2021,1,2,Not Applicable,Narrow road,City/Town,Near Bus stop,Human Error,No,Grievous Injury,Vehicle to Vehicle,Not at  Junction,Others,Others,Bitumen(Tar),Others,Not Applicable,Others,NES road,NES bus sto,1 km,0.0,0.0
Bengaluru City,Yelahanka Traffic PS,1.04432e+16,2021,1,2,Not Applicable,Not Applicable,City/Town,Residential area,Human Error,No,Fatal,Vehicle to Vehicle,Not at  Junction,Others,Others,Bitumen(Tar),Others,Not Applicable,Others,Kenchenahalli railway gate,Arun Petios Apartment,5 km,13.122274,77.58162
Bengaluru City,Yelahanka Traffic PS,1.04432e+16,2021,1,2,Not Applicable,Not Applicable,City/Town,Residential area,Human Error,No,Simple Injury,Vehicle to Vehicle,Not at  Junction,Others,Others,Bitumen(Tar),Others,Not Applicable,Others,on fly over,Mother dairy circle,3 km,0.0,0.0
Bengaluru City,Yelahanka Traffic PS,1.04432e+16,2021,1,1,Not Applicable,Not Applicable,City/Town,Near office complex,Human Error,No,Fatal,Not Applicable,Not at  Junction,Others,State Highway,Bitumen(Tar),Others,Not Applicable,Others,DB pura main road,Rajadhani liqour,2 km,0.0,0.0
Bengaluru City,Yelahanka Traffic PS,1.04432e+16,2021,1,1,Not Applicable,Not Applicable,City/Town,Near School or College,Human Error,No,Fatal,Not Applicable,Not at  Junction,Others,Others,Bitumen(Tar),Others,Not Applicable,Others,BB Road,Near Vidyashilpa,1 km,13.090286,77.596577
Bengaluru City,Yelahanka Traffic PS,1.04432e+16,2021,1,2,Not Applicable,Not Applicable,City/Town,Near Petrol Pump,Human Error,No,Simple Injury,Vehicle to Vehicle,Not at  Junction,Others,Others,Bitumen(Tar),Others,Not Applicable,Others,BB road,jakkuru on fly over,2 km,0.0,0.0
Bengaluru City,Yelahanka Traffic PS,1.04432e+16,2021,1,2,Not Applicable,Not Applicable,City/Town,Residential area,Human Error,No,Simple Injury,Vehicle to Vehicle,Not at  Junction,Others,Others,Bitumen(Tar),Others,Not Applicable,Others,sandeep unnirishnan road,near thirumala daba,4 km,0.0,0.0
Bengaluru City,Yelahanka Traffic PS,1.04432e+16,2021,1,2,Not Applicable,Not Applicable,City/Town,Near Hospital,Human Error,No,Simple Injury,Vehicle to Vehicle,Not at  Junction,Others,Others,Bitumen(Tar),Others,Not Applicable,Others,other road,Infront of nagappa hadli hospital,6 km,0.0,0.0