DISTRICTNAME,UNITNAME,Crime_No,Year,RI,Noofvehicle_involved,Accident_Classification,Accident_Spot,Accident_Location,Accident_SubLocation,Main_Cause,Hit_Run,Severity,Collision_Type,Junction_Control,Road_Character,Road_Type,Surface_Type,Surface_Condition,Road_Condition,Weather,Accident_Road,Landmark_first,Distance_LandMark_First,Latitude,Longitude
Bengaluru City,Yelahanka Traffic PS,1.04432e+16,2022,1,1,Not Applicable,Not Applicable,City/Town,Near office complex,Human Error,No,Fatal,Not Applicable,Not at  Junction,Others,Others,Bitumen(Tar),Not Applicable,Not Applicable,Others,Vaderahalli road,Near 6th cross vaderahalli road yelahanka,6 km,13.094726,77.545242
Bengaluru City,Yelahanka Traffic PS,1.04432e+16,2022,1,2,Not Applicable,Not Applicable,City/Town,Near office complex,Human Error,No,Grievous Injury,Vehicle to Vehicle,Not at  Junction,Others,Others,Not Applicable,Others,Not Applicable,Others,BB road,jakkuru fly over yelahanka,2 km,13.075159,77.592703
Bengaluru City,Yelahanka Traffic PS,1.04432e+16,2022,1,1,Not Applicable,Not Applicable,City/Town,Near office complex,Human Error,Yes,Fatal,Not Applicable,Not at  Junction,Others,Others,Bitumen(Tar),Others,Not Applicable,Others,BB road,near Bypass signal U tern yelahanka,1 km,13.082714,77.593365
Bengaluru City,Yelahanka Traffic PS,1.04432e+16,2022,1,1,Not Applicable,Not Applicable,City/Town,Near Bus stop,Human Error,No,Grievous Injury,Hit pedestrian,Not at  Junction,Others,Others,Bitumen(Tar),Others,Not Applicable,Others,BMTC deppo,near ticket section Yelahanka,2km,13.10998,77.577503
Bengaluru City,Yelahanka Traffic PS,1.04432e+16,2022,1,2,Road Accidents,Not Applicable,City/Town,Near office complex,Human Error,Yes,Grievous Injury,Vehicle to Vehicle,Not at  Junction,Others,NH,Bitumen(Tar),Others,Not Applicable,Others,BB serviece road,near Venkatala Yelahanka,3 km,0.0,0.0
Bengaluru City,Yelahanka Traffic PS,1.04432e+16,2022,1,1,Not Applicable,Not Applicable,City/Town,Near office complex,Human Error,No,Grievous Injury,Vehicle to Vehicle,Not at  Junction,Others,Others,Bitumen(Tar),Others,Not Applicable,Others,Vidyaranyapur main road,near madeshwara tiffin vidyaranyapur,4 km,0.0,0.0
Bengaluru City,Yelahanka Traffic PS,1.04432e+16,2022,1,1,Not Applicable,Not Applicable,City/Town,Residential area,Human Error,No,Damage Only,Not Applicable,Not Applicable,Not Applicable,Not Applicable,Not Applicable,Others,Not Applicable,Cloudy,"Ramachandrapura Main Road Near, C Aswhatappa Layout, Vidyaranyapura",Vidyaranyapura,5,0.0,0.0
Bengaluru City,Yelahanka Traffic PS,1.04432e+16,2022,1,1,Not Applicable,Not Applicable,City/Town,Near office complex,Human Error,No,Fatal,Not Applicable,Not at  Junction,Not Applicable,Others,Bitumen(Tar),Others,Not Applicable,Others,"BB road, near IAF yelahanak",Near IAF yelahanak,3 km,13.252562,77.26354
Bengaluru City,Yelahanka Traffic PS,1.04432e+16,2022,1,2,Not Applicable,Narrow road,City/Town,Near office complex,Human Error,Yes,Grievous Injury,Vehicle to Vehicle,Not at  Junction,Others,Others,Bitumen(Tar),Others,Not Applicable,Others,BB service road,Near Maruthi showroom venkatala,3 km,13.108317,77.603309
Bengaluru City,Yelahanka Traffic PS,1.04432e+16,2022,1,1,Not Applicable,Not Applicable,City/Town,Near office complex,Human Error,Yes,Grievous Injury,Vehicle to Vehicle,Signals (Working),Others,Others,Bitumen(Tar),Others,Not Applicable,Others,BB service road,near kogilu signal,2 km,13.104735,77.601153
Bengaluru City,Yelahanka Traffic PS,1.04432e+16,2022,1,1,Not Applicable,Narrow road,City/Town,Near office complex,Human Error,No,Grievous Injury,Hit pedestrian,Not at  Junction,Others,Others,Bitumen(Tar),Others,Not Applicable,Others,Minividhana soudha road,Minividhana soudha road,1 km,13.099555,77.593372
Bengaluru City,Yelahanka Traffic PS,1.04432e+16,2022,1,1,Not Applicable,Not Applicable,City/Town,Near office complex,Human Error,No,Fatal,Hit pedestrian,Not at  Junction,Others,State Highway,Bitumen(Tar),Others,Not Applicable,Others,"DB pura main road, infront of CRPF gate yelahanka",DB pura main road,2.5 km,13.12358,77.5751419
Bengaluru City,Yelahanka Traffic PS,1.04432e+16,2022,1,1,Not Applicable,Narrow road,City/Town,Residential area,Human Error,No,Damage Only,Vehicle to Vehicle,No signal lights,Not Applicable,Not Applicable,Bitumen(Tar),Dry,Not Applicable,Clear,Ananthpura Gate,Ananthpura Gate,2,13.114762,77.579084
Bengaluru City,Yelahanka Traffic PS,1.04432e+16,2022,1,2,Not Applicable,Not Applicable,City/Town,Near office complex,Human Error,No,Damage Only,Vehicle to Vehicle,Not at  Junction,Others,Others,Bitumen(Tar),Others,Not Applicable,Others,BB road,kogilu fly over yelahanka,2 km,13.10301,77.600319
Bengaluru City,Yelahanka Traffic PS,1.04432e+16,2022,1,2,Not Applicable,Not Applicable,City/Town,Near School or College,Human Error,No,Fatal,Vehicle to Vehicle,Not at  Junction,Others,Others,Bitumen(Tar),Others,Not Applicable,Others,DB pura main road,near yelahanka police station,200 mt,13.095545,77.593995
Bengaluru City,Yelahanka Traffic PS,1.04432e+16,2022,1,2,Not Applicable,Not Applicable,City/Town,Near office complex,Human Error,No,Damage Only,Vehicle to Vehicle,Not at  Junction,Others,Others,Bitumen(Tar),Others,Not Applicable,Others,Santhe circle yelahanka,Santhe circle yelahanka,0.5 km,13.099204,77.597472
Bengaluru City,Yelahanka Traffic PS,1.04432e+16,2022,1,1,Not Applicable,Not Applicable,City/Town,Near School or College,Human Error,No,Grievous Injury,Hit pedestrian,Not at  Junction,Others,Others,Bitumen(Tar),Others,Not Applicable,Others,Yelahanka main road,near Railway bdridge yelahanka,200 mt,13.084703,77.593996
Bengaluru City,Yelahanka Traffic PS,1.04432e+16,2022,1,2,Not Applicable,Not Applicable,City/Town,Near office complex,Human Error,No,Damage Only,Vehicle to Vehicle,Not at  Junction,Others,NH,Bitumen(Tar),Others,Not Applicable,Others,BB road,Kogilu cross yelahanka,1.5 km,13.104118,77.60058
Bengaluru City,Yelahanka Traffic PS,1.04432e+16,2022,1,2,Road Accidents,Not Applicable,City/Town,Near office complex,Human Error,No,Grievous Injury,Vehicle to Vehicle,Not at  Junction,Others,NH,Bitumen(Tar),Others,Not Applicable,Others,BB road,ford showroom bagaluru yelahanka,3 km,13.120087,77.609897
Bengaluru City,Yelahanka Traffic PS,1.04432e+16,2022,1,2,Not Applicable,Not Applicable,City/Town,Near office complex,Human Error,No,Fatal,Vehicle to Vehicle,Not at  Junction,Others,Others,Bitumen(Tar),Others,Not Applicable,Others,5th phase road,Yelahanka newtown 5th phase BMTC bus stop,2 km,13.106102,77.572803
Bengaluru City,Yelahanka Traffic PS,1.04432e+16,2022,1,1,Not Applicable,Not Applicable,City/Town,Near office complex,Human Error,No,Simple Injury,Hit pedestrian,Not at  Junction,Others,Others,Bitumen(Tar),Others,Not Applicable,Others,"Judicial layout, near Udaya Daba yelahanka",near Udaya Daba,2.5 km,0.0,0.0
Bengaluru City,Yelahanka Traffic PS,1.04432e+16,2022,1,2,Not Applicable,Not Applicable,City/Town,Near office complex,Human Error,No,Grievous Injury,Vehicle to Vehicle,Not at  Junction,Others,Others,Bitumen(Tar),Others,Not Applicable,Others,BB road,kogilu signal yelahanka,1.5 km,0.0,0.0
Bengaluru City,Yelahanka Traffic PS,1.04432e+16,2022,1,2,Not Applicable,Not Applicable,City/Town,Near office complex,Not Applicable,No,Grievous Injury,Vehicle to Vehicle,Not at  Junction,Others,Others,Bitumen(Tar),Others,Not Applicable,Others,"Ramagondanahalli main road,",near nagarjun college yelahanka,5 km,0.0,0.0
Bengaluru City,Yelahanka Traffic PS,1.04432e+16,2022,1,2,Not Applicable,Not Applicable,City/Town,Near office complex,Human Error,No,Damage Only,Vehicle to Vehicle,Not at  Junction,Others,Others,Bitumen(Tar),Others,Not Applicable,Others,BB road,jakkuru signal,2 km,13.07351,77.592762
Bengaluru City,Yelahanka Traffic PS,1.04432e+16,2022,1,2,Not Applicable,Not Applicable,City/Town,Near office complex,Human Error,No,Grievous Injury,Vehicle to Vehicle,Not at  Junction,Others,Others,Bitumen(Tar),Others,Not Applicable,Others,BB main road BSF fly over yelahanka,BSF fly over yelahanka,3 km,13.123837,77.611713
Bengaluru City,Yelahanka Traffic PS,1.04432e+16,2022,1,1,Road Accidents,Cross roads,City/Town,Near School or College,Not Applicable,No,Simple Injury,Hit pedestrian,Controlled,Others,Others,Not Applicable,Dry,Not Applicable,Clear,Near old RTO Office Yelahanka new town,near National public school,200 m,13.098646,77.581813
Bengaluru City,Yelahanka Traffic PS,1.04432e+16,2022,1,2,Not Applicable,Not Applicable,City/Town,Residential area,Human Error,No,Damage Only,Not Applicable,Not at  Junction,Others,Others,Bitumen(Tar),Others,Not Applicable,Others,BB road,near Raithara santhe,1 km,13.09549,77.5977539
Bengaluru City,Yelahanka Traffic PS,1.04432e+16,2022,1,1,Not Applicable,Narrow road,City/Town,Near a factory industrial area,Human Error,No,Grievous Injury,Not Applicable,No signal lights,Others,State Highway,Not Applicable,Dry,Drainage Ditch,Clear,Opposite Rail wheel factory,Opposite Rail wheel factory,1,13.10395,77.5841019
Bengaluru City,Yelahanka Traffic PS,1.04432e+16,2022,1,1,Not Applicable,Not Applicable,City/Town,Residential area,Human Error,No,Fatal,Not Applicable,Not at  Junction,Others,State Highway,Bitumen(Tar),Others,Not Applicable,Others,DB pur main road,Near puttenahalli lake Yelahanka,2 km,13.11353,77.5795849
Bengaluru City,Yelahanka Traffic PS,1.04432e+16,2022,1,2,Not Applicable,Not Applicable,City/Town,Near office complex,Human Error,No,Fatal,Vehicle to Vehicle,Not at  Junction,Others,Others,Bitumen(Tar),Others,Not Applicable,Others,Vidyaranyapur main road,Vidyaranyapur main road,4 km,13.071889,77.55617
Bengaluru City,Yelahanka Traffic PS,1.04432e+16,2022,1,1,Not Applicable,Not Applicable,City/Town,Near office complex,Human Error,No,Grievous Injury,Not Applicable,Not at  Junction,Others,Others,Bitumen(Tar),Others,Not Applicable,Others,DB pura main road,Near anathapur gate,2 km,13.114153,77.579322
Bengaluru City,Yelahanka Traffic PS,1.04432e+16,2022,1,3,Not Applicable,Not Applicable,City/Town,Near office complex,Human Error,No,Damage Only,Vehicle to Vehicle,Not at  Junction,Others,Others,Bitumen(Tar),Others,Not Applicable,Others,"Jakkuru main road, near ganesh darshini hotel yelahanka",Jakkuru main road near ganesh darshini hotel yelahanka,2 km,13.090292,77.602523
Bengaluru City,Yelahanka Traffic PS,1.04432e+16,2022,1,1,Not Applicable,Not Applicable,City/Town,Near office complex,Human Error,No,Simple Injury,Not Applicable,Not at  Junction,Others,Others,Bitumen(Tar),Others,Not Applicable,Others,"BB service road, near palanahalli gate yelahanka",BB service road near palanahalli gate yelahanka,2.50km,0.0,0.0
Bengaluru City,Yelahanka Traffic PS,1.04432e+16,2022,1,2,Not Applicable,Narrow road,City/Town,Narrow bridge or culverts,Human Error,No,Damage Only,Vehicle to Vehicle,Not Applicable,Not Applicable,Not Applicable,Not Applicable,Dry,Construction Work / Material,Clear,Ratara Sante under Pass,Ratara Sante under Pass,2,0.0,0.0
Bengaluru City,Yelahanka Traffic PS,1.04432e+16,2022,1,1,Not Applicable,Not Applicable,City/Town,Near office complex,Human Error,No,Damage Only,Vehicle to Vehicle,Not at  Junction,Others,Others,Bitumen(Tar),Others,Not Applicable,Others,Near NCC aprt puttenahalli yelahanka,Near NCC aprt puttenahalli yelahanka,2 km,13.117552,77.577745
Bengaluru City,Yelahanka Traffic PS,1.04432e+16,2022,1,2,Not Applicable,Not Applicable,City/Town,Near office complex,Human Error,No,Fatal,Vehicle to Vehicle,Not at  Junction,Others,NH,Bitumen(Tar),Dry,Not Applicable,Others,BB road,near jakkuru Aerodrum yelahanka,2 km,13.080124,77.5931689
Bengaluru City,Yelahanka Traffic PS,1.04432e+16,2022,1,1,Not Applicable,Not Applicable,City/Town,Near or inside a village,Human Error,No,Simple Injury,Hit pedestrian,Not at  Junction,Others,Others,Bitumen(Tar),Others,Not Applicable,Others,Ramagondanahalli Yelahanka,Ramagondanahalli Yelahanka,6 km,13.116385,77.562569
Bengaluru City,Yelahanka Traffic PS,1.04432e+16,2022,1,1,Not Applicable,Not Applicable,City/Town,Near office complex,Human Error,No,Fatal,Not Applicable,Not at  Junction,Others,Others,Bitumen(Tar),Others,Not Applicable,Others,"Yelahanka main road, near allalasandra bridge yelahanka",Yelahanka main road near allalasandra bridge yelahanka,0.5 km,13.088699,77.593944
Bengaluru City,Yelahanka Traffic PS,1.04432e+16,2022,1,1,Not Applicable,Not Applicable,City/Town,Near office complex,Human Error,No,Fatal,Not Applicable,Not at  Junction,Others,State Highway,Bitumen(Tar),Others,Not Applicable,Others,Doddaballapur main road,near puttenahalli lake,2 km,13.112324,77.579587
Bengaluru City,Yelahanka Traffic PS,1.04432e+16,2022,1,2,Not Applicable,Not Applicable,City/Town,Near office complex,Human Error,No,Grievous Injury,Vehicle to Vehicle,Not at  Junction,Others,Others,Bitumen(Tar),Others,Not Applicable,Others,Vidyaranyapur main road,near NTI ground,5 km,13.078087,77.55882
Bengaluru City,Yelahanka Traffic PS,1.04432e+16,2022,1,1,Not Applicable,Not Applicable,City/Town,Near office complex,Human Error,No,Grievous Injury,Hit pedestrian,Not at  Junction,Others,Others,Bitumen(Tar),Others,Not Applicable,Others,BB road,Near IAF gate No 05,3 km,13.136483,77.617484
Bengaluru City,Yelahanka Traffic PS,1.04432e+16,2022,1,2,Road Accidents,Bottleneck,City/Town,Open area,Human Error,No,Grievous Injury,Vehicle to Vehicle,Not at  Junction,Straight and flat,Sub Arterial,Bitumen(Tar),Dry,No influence on accident,Fine,"Near 4th Stage Bus Stop, Yalahanka Upa nagara, yalahanka",Electric Pole,15ft,13.106157,77.572594
Bengaluru City,Yelahanka Traffic PS,1.04432e+16,2022,1,1,Not Applicable,Narrow road,City/Town,In bazaar,Human Error,No,Grievous Injury,Hit pedestrian,Not Applicable,Not Applicable,Not Applicable,Not Applicable,Not Applicable,Not Applicable,Cloudy,BB Road Near Coffee Day,BB Road Near Coffee Day,1,0.0,0.0
Bengaluru City,Yelahanka Traffic PS,1.04432e+16,2022,1,2,Not Applicable,Not Applicable,City/Town,Near office complex,Human Error,No,Grievous Injury,Vehicle to Vehicle,Not at  Junction,Others,Others,Bitumen(Tar),Others,Not Applicable,Others,Hanuman layout,near galli dose hotel Vidyaranyapur,5 km,0.0,0.0
Bengaluru City,Yelahanka Traffic PS,1.04432e+16,2022,1,2,Not Applicable,Not Applicable,City/Town,Near office complex,Human Error,No,Simple Injury,Vehicle to Vehicle,Not at  Junction,Others,Others,Bitumen(Tar),Others,Not Applicable,Others,BB road,near bagaluru cross,2.5 km,0.0,0.0
Bengaluru City,Yelahanka Traffic PS,1.04432e+16,2022,1,2,Not Applicable,Not Applicable,City/Town,Near office complex,Human Error,No,Simple Injury,Vehicle to Vehicle,Not at  Junction,Others,Others,Bitumen(Tar),Others,Not Applicable,Others,Vidyaranyapur main road,Vidyaranyapur main road near shiva vision care Vidyaranyapur,4 km,0.0,0.0
Bengaluru City,Yelahanka Traffic PS,1.04432e+16,2022,1,2,Not Applicable,Circle,City/Town,Residential area,Human Error,No,Grievous Injury,Vehicle to Vehicle,No signal lights,Not Applicable,Not Applicable,Not Applicable,Not Applicable,Drainage Ditch,Not Applicable,Lakshmipura Cross,Lakshmipura Cross,9,0.0,0.0
Bengaluru City,Yelahanka Traffic PS,1.04432e+16,2022,1,2,Not Applicable,Not Applicable,City/Town,Near office complex,Human Error,No,Fatal,Vehicle to Vehicle,Not at  Junction,Straight and flat,NH,Bitumen(Tar),Others,Not Applicable,Others,BB road,BB road Raithara santhe on fly over,1 km,13.097954,77.5987979
Bengaluru City,Yelahanka Traffic PS,1.04432e+16,2022,1,1,Not Applicable,Not Applicable,City/Town,Near office complex,Human Error,No,Grievous Injury,Hit pedestrian,Not at  Junction,Others,Others,Bitumen(Tar),Others,Not Applicable,Others,Kogilu kattigenhalli main road,Kogilu kattigenhalli main road,2 km,13.107901,77.621066
Bengaluru City,Yelahanka Traffic PS,1.04432e+16,2022,1,2,Road Accidents,Not Applicable,City/Town,Near Petrol Pump,Human Error,Yes,Fatal,Vehicle to Vehicle,Not at  Junction,Others,NH,Bitumen(Tar),Others,Not Applicable,Others,BB road,jakkuru signal fly over yelahanka,2 km,13.074065,77.592617
Bengaluru City,Yelahanka Traffic PS,1.04432e+16,2022,1,2,Road Accidents,Not Applicable,City/Town,Near Bus stop,Human Error,No,Simple Injury,Vehicle to Vehicle,Signals (Working),Others,NH,Bitumen(Tar),Others,Not Applicable,Others,"BB road, near bypass signal yelahanka",BB road near bypass signal yelahanka,1 km,13.081633,77.593031
Bengaluru City,Yelahanka Traffic PS,1.04432e+16,2022,1,1,Road Accidents,Not Applicable,City/Town,Near office complex,Human Error,No,Grievous Injury,Not Applicable,Not at  Junction,Others,Others,Bitumen(Tar),Others,Not Applicable,Others,BB main road,raithara santhe fly over yelahanka,1 km,13.097973,77.598781
Bengaluru City,Yelahanka Traffic PS,1.04432e+16,2022,1,1,Not Applicable,Not Applicable,City/Town,Near office complex,Human Error,No,Grievous Injury,Hit pedestrian,Not at  Junction,Others,Others,Bitumen(Tar),Not Applicable,Not Applicable,Others,service road yelahanka,Near NES petrol bunk service road yelahanka,0.5 km,13.097527,77.591557
Bengaluru City,Yelahanka Traffic PS,1.04432e+16,2022,1,2,Not Applicable,Not Applicable,City/Town,Near office complex,Human Error,No,Grievous Injury,Vehicle to Vehicle,Not at  Junction,Others,Others,Bitumen(Tar),Others,Not Applicable,Others,BB service road,near yelahanka bypass,1 km,0.0,0.0
Bengaluru City,Yelahanka Traffic PS,1.04432e+16,2022,1,1,Not Applicable,Not Applicable,City/Town,Near office complex,Not Applicable,Yes,Simple Injury,Hit pedestrian,Not at  Junction,Others,Others,Bitumen(Tar),Others,Not Applicable,Others,Attru main road,near orange medical,2 km,0.0,0.0
Bengaluru City,Yelahanka Traffic PS,1.04432e+16,2022,1,2,Not Applicable,Not Applicable,City/Town,Open area,Human Error,No,Grievous Injury,Not Applicable,Uncontrolled,Not Applicable,Not Applicable,Not Applicable,Not Applicable,Not Applicable,Clear,Chikkabettahalli Mosque,Chikkabettahalli Mosque,3,0.0,0.0
Bengaluru City,Yelahanka Traffic PS,1.04432e+16,2022,1,2,Not Applicable,Not Applicable,City/Town,Near office complex,Human Error,Yes,Grievous Injury,Vehicle to Vehicle,Not at  Junction,Others,Others,Bitumen(Tar),Others,Not Applicable,Others,BB road near Vidyashilpa up rump yelahanka,BB road,1 km,13.090901,77.5967329
Bengaluru City,Yelahanka Traffic PS,1.04432e+16,2022,1,2,Not Applicable,Not Applicable,City/Town,Near office complex,Human Error,No,Fatal,Vehicle to Vehicle,Not at  Junction,Others,Others,Bitumen(Tar),Others,Not Applicable,Others,Vyasa school road,Vyasa school road,5 km,13.056602,77.5658
Bengaluru City,Yelahanka Traffic PS,1.04432e+16,2022,1,2,Road Accidents,Road hump or Rumble strips,City/Town,Open area,Human Error,No,Grievous Injury,Vehicle to Vehicle,Uncontrolled,Straight and flat,Arterial,Bitumen(Tar),Dry,No influence on accident,Fine,palenahalkli Main road,Electric Pole,60Ft,13.116766,77.615437
Bengaluru City,Yelahanka Traffic PS,1.04432e+16,2022,1,1,Not Applicable,Not Applicable,City/Town,Near office complex,Human Error,No,Fatal,Vehicle to Vehicle,Not at  Junction,Others,Others,Bitumen(Tar),Others,Not Applicable,Others,"Abhabavani nagar, 3rd cross veerasagar yelahanka",Abhabavani nagar 3rd cross veerasagar yelahanka,5 km,0.0,0.0
Bengaluru City,Yelahanka Traffic PS,1.04432e+16,2022,1,2,Road Accidents,Not Applicable,City/Town,Open area,Human Error,No,Damage Only,Vehicle to Vehicle,Not at  Junction,Straight and flat,Arterial,Bitumen(Tar),Dry,No influence on accident,Fine,BB Main road,Electric Pole,40ft,0.0,0.0
Bengaluru City,Yelahanka Traffic PS,1.04432e+16,2022,1,2,Road Accidents,Not Applicable,City/Town,Open area,Human Error,No,Grievous Injury,Vehicle to Vehicle,Uncontrolled,Straight and flat,NH,Bitumen(Tar),Dry,No influence on accident,Fine,BB main road,Electrical Polo,30 ft,0.0,0.0
Bengaluru City,Yelahanka Traffic PS,1.04432e+16,2022,1,1,Not Applicable,Not Applicable,City/Town,Near office complex,Human Error,No,Damage Only,Vehicle to Vehicle,Not at  Junction,Others,Others,Bitumen(Tar),Others,Not Applicable,Others,BB service road,near venkatala,3 km,13.110517,77.604083
Bengaluru City,Yelahanka Traffic PS,1.04432e+16,2022,1,1,Not Applicable,Not Applicable,City/Town,Near office complex,Human Error,No,Grievous Injury,Hit pedestrian,Not at  Junction,Others,Others,Bitumen(Tar),Others,Not Applicable,Others,"Kogilu main road, opposite kurlappa complex yelahanka",Kogilu main road opposite kurlappa complex yelahanka,2 km,13.104436,77.605294
Bengaluru City,Yelahanka Traffic PS,1.04432e+16,2022,1,1,Not Applicable,Not Applicable,City/Town,Near office complex,Human Error,Yes,Grievous Injury,Hit bicyclist,Not at  Junction,Others,NH,Bitumen(Tar),Others,Not Applicable,Others,BB road,near Delhi public school,4 km,13.13262,77.615977
Bengaluru City,Yelahanka Traffic PS,1.04432e+16,2022,1,1,Not Applicable,Not Applicable,City/Town,Near office complex,Human Error,Yes,Grievous Injury,Vehicle to Vehicle,Not at  Junction,Others,Others,Bitumen(Tar),Others,Not Applicable,Others,Thirumala daba junction Yelahanka,Thirumala daba junction Yelahanka,3 km,13.097805,77.5631609
Bengaluru City,Yelahanka Traffic PS,1.04432e+16,2022,1,2,Not Applicable,Not Applicable,City/Town,Near office complex,Human Error,No,Fatal,Vehicle to Vehicle,Not at  Junction,Others,Others,Bitumen(Tar),Others,Not Applicable,Others,"BB main road, infront of BSF yelahanka",BB main road infront of BSF yelahanka,4 km,13.124127,77.611782
Bengaluru City,Yelahanka Traffic PS,1.04432e+16,2022,1,2,Not Applicable,Not Applicable,City/Town,Near office complex,Human Error,No,Grievous Injury,Vehicle to Vehicle,Not at  Junction,Others,Others,Bitumen(Tar),Others,Not Applicable,Others,"BB main road, near jakkuru signal yelahanka",BB main road near jakkuru signal yelahanka,2.5 km,0.0,0.0
Bengaluru City,Yelahanka Traffic PS,1.04432e+16,2022,1,1,Not Applicable,Narrow road,City/Town,Affected by encroachments,Human Error,No,Grievous Injury,Hit pedestrian,Give way sign,Not Applicable,Not Applicable,Gravel,Dry,Not Applicable,Clear,NES BUS STOP,NES BUS STOP,0.5,0.0,0.0
Bengaluru City,Yelahanka Traffic PS,1.04432e+16,2022,1,1,Not Applicable,Not Applicable,City/Town,Near office complex,Human Error,No,Fatal,Not Applicable,Not at  Junction,Others,Others,Bitumen(Tar),Others,Not Applicable,Others,BB sevrice road,Near RMC ready mix concrete company BB service road,4 km,0.0,0.0
Bengaluru City,Yelahanka Traffic PS,1.04432e+16,2022,1,1,Not Applicable,Not Applicable,City/Town,Near office complex,Human Error,No,Grievous Injury,Hit pedestrian,Not at  Junction,Others,Others,Bitumen(Tar),Others,Not Applicable,Others,DB pura main road,Near NES  signal,0.3 km,0.0,0.0
Bengaluru City,Yelahanka Traffic PS,1.04432e+16,2022,1,2,Not Applicable,Not Applicable,City/Town,Near office complex,Not Applicable,No,Grievous Injury,Vehicle to Vehicle,Not at  Junction,Others,Others,Bitumen(Tar),Others,Not Applicable,Others,BB main road,Near Jakkuru signal,3 km,0.0,0.0
Bengaluru City,Yelahanka Traffic PS,1.04432e+16,2022,1,2,Not Applicable,Not Applicable,City/Town,Near office complex,Not Applicable,No,Grievous Injury,Vehicle to Vehicle,Not at  Junction,Others,Others,Bitumen(Tar),Others,Not Applicable,Others,Ramagondanahalli main road,near malnad hotel yelahanka,2 km,0.0,0.0
Bengaluru City,Yelahanka Traffic PS,1.04432e+16,2022,1,2,Not Applicable,Not Applicable,City/Town,Near office complex,Human Error,No,Fatal,Vehicle to Vehicle,Not at  Junction,Others,NH,Bitumen(Tar),Others,Not Applicable,Others,BB main road,Near IAF,5 km,0.0,0.0
Bengaluru City,Yelahanka Traffic PS,1.04432e+16,2022,1,2,Not Applicable,Not Applicable,City/Town,Residential area,Human Error,No,Grievous Injury,Not Applicable,Not Applicable,Not Applicable,Not Applicable,Not Applicable,Not Applicable,Not Applicable,Dust Storn,Sandeep Unnikrishnan Road Near Agriculture office Entrance,Sandeep Unnikrishnan Road Near Agriculture office Entrance,2 KM,0.0,0.0
Bengaluru City,Yelahanka Traffic PS,1.04432e+16,2022,1,2,Not Applicable,Not Applicable,City/Town,Near Bus stop,Human Error,No,Simple Injury,Vehicle to Vehicle,Not at  Junction,Others,Others,Bitumen(Tar),Others,Not Applicable,Others,BB road,near ambiance daba,4 km,13.119429,77.609298
Bengaluru City,Yelahanka Traffic PS,1.04432e+16,2022,1,1,Not Applicable,Not Applicable,City/Town,Near office complex,Human Error,No,Fatal,Not Applicable,Not at  Junction,Others,Others,Bitumen(Tar),Others,Not Applicable,Others,Palanahalli road,Infront of RMZ savan,4 km,13.095021,77.594494
Bengaluru City,Yelahanka Traffic PS,1.04432e+16,2022,1,2,Not Applicable,Not Applicable,City/Town,Near office complex,Human Error,No,Simple Injury,Vehicle to Vehicle,Not at  Junction,Others,NH,Bitumen(Tar),Others,Not Applicable,Others,BB road,Infront of BSF,3 km,13.124022,77.611596
Bengaluru City,Yelahanka Traffic PS,1.04432e+16,2022,1,1,Not Applicable,Not Applicable,City/Town,Residential area,Human Error,No,Grievous Injury,Hit bicyclist,Not at  Junction,Others,Others,Bitumen(Tar),Others,Not Applicable,Others,Maruthi nagar near canara bank,near canara bank,2 km,13.103117,77.625562