DISTRICTNAME,UNITNAME,Crime_No,Year,RI,Noofvehicle_involved,Accident_Classification,Accident_Spot,Accident_Location,Accident_SubLocation,Main_Cause,Hit_Run,Severity,Collision_Type,Junction_Control,Road_Character,Road_Type,Surface_Type,Surface_Condition,Road_Condition,Weather,Accident_Road,Landmark_first,Distance_LandMark_First,Latitude,Longitude
Bengaluru City,Yelahanka Traffic PS,1.04432e+16,2022,1,2,Not Applicable,Not Applicable,City/Town,Near office complex,Human Error,No,Grievous Injury,Vehicle to Vehicle,Not at  Junction,Others,Others,Bitumen(Tar),Others,Not Applicable,Others,Judicial layout 10th main yelahanka,Judicial layout 10th main yelahanka,3 km,13.081287,77.586383
Bengaluru City,Yelahanka Traffic PS,1.04432e+16,2022,1,1,Not Applicable,Not Applicable,City/Town,Near Hospital,Human Error,No,Grievous Injury,Hit pedestrian,Not Applicable,Others,Others,Bitumen(Tar),Others,Not Applicable,Others,Near yelahanka 401 bus stop yelahanka,Near yelahanka 401 bus stop yelahanka,1 km,13.100706,77.594342
Bengaluru City,Yelahanka Traffic PS,1.04432e+16,2022,1,2,Road Accidents,Not Applicable,City/Town,Near or inside a village,Human Error,No,Simple Injury,Vehicle to Vehicle,Signal lights Blinking,Slight Curve,Others,Bitumen(Tar),Others,Not Applicable,Others,DB pura main road,ramanashree california,2 km,13.114099,77.579201
Bengaluru City,Yelahanka Traffic PS,1.04432e+16,2022,1,2,Road Accidents,Narrow road,City/Town,Narrow bridge or culverts,Human Error,No,Grievous Injury,Vehicle to Vehicle,Not at  Junction,Straight and flat,Sub Arterial,Bitumen(Tar),Dry,No influence on accident,Fine,"BB Main road, Kogilu CrossFly Over",Electric Pole,20ft,13.103733,77.600571
Bengaluru City,Yelahanka Traffic PS,1.04432e+16,2022,1,1,Not Applicable,Not Applicable,City/Town,Near office complex,Human Error,No,Fatal,Hit bicyclist,Not at  Junction,Others,Others,Bitumen(Tar),Others,Not Applicable,Others,BB road,Infront of gate no1,4 km,13.13092,77.614961
Bengaluru City,Yelahanka Traffic PS,1.04432e+16,2022,1,1,Not Applicable,Not Applicable,City/Town,Near office complex,Human Error,No,Simple Injury,Hit pedestrian,Not at  Junction,Others,Others,Bitumen(Tar),Others,Not Applicable,Others,"MS palya road, near jelli mission yelahanka",MS palya road near jelli mission yelahanka,3 km,13.088161,77.555675
Bengaluru City,Yelahanka Traffic PS,1.04432e+16,2022,1,2,Not Applicable,Not Applicable,City/Town,Near office complex,Human Error,No,Grievous Injury,Vehicle to Vehicle,Not at  Junction,Others,Others,Bitumen(Tar),Others,Not Applicable,Others,BB main road yelahanka,Near Yelahanka Bypass,1 km,13.082101,77.593137
Bengaluru City,Yelahanka Traffic PS,1.04432e+16,2022,1,2,Not Applicable,Not Applicable,City/Town,Near office complex,Human Error,No,Grievous Injury,Vehicle to Vehicle,Not at  Junction,Others,Others,Bitumen(Tar),Others,Not Applicable,Others,BB main road,jakkuru cross fly,3 km,0.0,0.0
Bengaluru City,Yelahanka Traffic PS,1.04432e+16,2022,1,2,Road Accidents,Not Applicable,City/Town,Near office complex,Human Error,No,Grievous Injury,Vehicle to Vehicle,Not at  Junction,Others,Others,Bitumen(Tar),Others,Not Applicable,Others,"Near High bar, kogilu main road yelahanka",Near High bar kogilu main road yelahanka,2 km,0.0,0.0
Bengaluru City,Yelahanka Traffic PS,1.04432e+16,2022,1,2,Not Applicable,Not Applicable,City/Town,Near office complex,Human Error,No,Grievous Injury,Vehicle to Vehicle,Not at  Junction,Others,Others,Bitumen(Tar),Others,Not Applicable,Others,DB pura main road,Near puttenahalli lake,2 km,0.0,0.0
Bengaluru City,Yelahanka Traffic PS,1.04432e+16,2022,1,1,Not Applicable,Narrow road,City/Town,Narrow bridge or culverts,Human Error,No,Damage Only,Hit pedestrian,No signal lights,Not Applicable,Not Applicable,Not Applicable,Others,Not Applicable,Clear,MS Palya Main Road,MS Palya Main Road,MS Pal,0.0,0.0
Bengaluru City,Yelahanka Traffic PS,1.04432e+16,2022,1,2,Not Applicable,Narrow road,City/Town,Near office complex,Not Applicable,No,Damage Only,Vehicle to Vehicle,Not at  Junction,Others,Others,Bitumen(Tar),Others,Not Applicable,Others,"Nitte minakshi cllege, near chai point bakery yelahanka",Nitte minakshi cllege near chai point bakery yelahanka,3 km,0.0,0.0
Bengaluru City,Yelahanka Traffic PS,1.04432e+16,2022,1,1,Not Applicable,Narrow road,Rural Areas,Open area,Human Error,Yes,Grievous Injury,Hit pedestrian,Not Applicable,Not Applicable,Not Applicable,Not Applicable,Not Applicable,Not Applicable,Others,GKVK Double Road,GKVK Double Road,5,13.090856,77.559806
Bengaluru City,Yelahanka Traffic PS,1.04432e+16,2022,1,2,Road Accidents,Cross roads,City/Town,Residential area,Human Error,Not Applicable,Damage Only,Vehicle to Vehicle,Not at  Junction,Slight Curve,Two way,Bitumen(Tar),Dry,Not Applicable,Clear,"Vivekananda park road, newtown",Vivekananda park road newtown,3km,13.104095,77.571705
Bengaluru City,Yelahanka Traffic PS,1.04432e+16,2022,1,1,Not Applicable,Not Applicable,City/Town,Open area,Not Applicable,No,Fatal,Not Applicable,Not at  Junction,Others,One way,Bitumen(Tar),Others,Not Applicable,Others,Sapthagiri layout thindlu circle road,Sapthagiri layout thindlu circle road,5 km,13.074559,77.562553
Bengaluru City,Yelahanka Traffic PS,1.04432e+16,2022,1,2,Not Applicable,Not Applicable,City/Town,Near office complex,Human Error,Yes,Grievous Injury,Vehicle to Vehicle,Not at  Junction,Others,Others,Bitumen(Tar),Others,Not Applicable,Others,other road,Jakkuru flying center service road,2 km,13.07632,77.593016
Bengaluru City,Yelahanka Traffic PS,1.04432e+16,2022,1,2,Not Applicable,Not Applicable,City/Town,Near office complex,Human Error,No,Grievous Injury,Not Applicable,Not at  Junction,Others,Others,Bitumen(Tar),Others,Not Applicable,Others,B BRoad,jakkuru on fly over,2 km,13.080502,77.593196
Bengaluru City,Yelahanka Traffic PS,1.04432e+16,2022,1,1,Road Accidents,Not Applicable,City/Town,Near office complex,Human Error,No,Damage Only,Vehicle to Vehicle,Not at  Junction,Others,State Highway,Bitumen(Tar),Others,Not Applicable,Others,DB pura main road,opposite CNR Bar,1 km,13.113741,77.579342
Bengaluru City,Yelahanka Traffic PS,1.04432e+16,2022,1,2,Not Applicable,Not Applicable,City/Town,Near office complex,Human Error,No,Grievous Injury,Vehicle to Vehicle,Not at  Junction,Others,NH,Bitumen(Tar),Others,Not Applicable,Others,BB road,bagaluru cross infront of Tea shop yelahanka,3 km,13.120837,77.6106069
Bengaluru City,Yelahanka Traffic PS,1.04432e+16,2022,1,2,Road Accidents,Not Applicable,City/Town,Near School or College,Human Error,No,Grievous Injury,Vehicle to Vehicle,Not at  Junction,Others,Others,Bitumen(Tar),Others,Not Applicable,Others,Sandeep unnikrishnan road,Seshadripuram school,1km,13.101138,77.5831269
Bengaluru City,Yelahanka Traffic PS,1.04432e+16,2022,1,2,Not Applicable,Not Applicable,City/Town,Near office complex,Human Error,No,Grievous Injury,Vehicle to Vehicle,Not at  Junction,Others,Others,Bitumen(Tar),Others,Not Applicable,Others,MS palya main road,near SBI bank ATM,4 km,13.097716,77.563409
Bengaluru City,Yelahanka Traffic PS,1.04432e+16,2022,1,1,Not Applicable,Not Applicable,City/Town,Near office complex,Human Error,No,Fatal,Not Applicable,Not at  Junction,Others,Others,Bitumen(Tar),Others,Not Applicable,Others,GKVK Double road,Near Vidyaranyapur police sttaion,3 km,13.080708,77.563037
Bengaluru City,Yelahanka Traffic PS,1.04432e+16,2022,1,1,Not Applicable,Narrow road,City/Town,Near office complex,Human Error,No,Grievous Injury,Hit pedestrian,Not at  Junction,Others,NH,Bitumen(Tar),Not Applicable,Not Applicable,Others,Yelahanka newtown 4th phase near indiara cantene,Yelahanka newtown 4th phase near indiara cantene,2 km,13.100498,77.576679
Bengaluru City,Yelahanka Traffic PS,1.04432e+16,2022,1,2,Not Applicable,Not Applicable,City/Town,Near office complex,Human Error,No,Grievous Injury,Vehicle to Vehicle,Not at  Junction,Others,Others,Bitumen(Tar),Others,Not Applicable,Others,"Thirumal nagar, near 2nd cross yelahanka",Thirumal nagar near 2nd cross yelahanka,3 km,13.100254,77.563227
Bengaluru City,Yelahanka Traffic PS,1.04432e+16,2022,1,2,Not Applicable,Not Applicable,City/Town,Near office complex,Human Error,No,Grievous Injury,Vehicle to Vehicle,Not at  Junction,Others,Others,Bitumen(Tar),Others,Not Applicable,Others,"A sector, 12th A main, yelahanka newtown",A sector 12th A main yelahanka newtown,2 km,13.094236,77.588786
Bengaluru City,Yelahanka Traffic PS,1.04432e+16,2022,1,1,Not Applicable,Not Applicable,City/Town,Near office complex,Human Error,No,Grievous Injury,Vehicle to Vehicle,Not at  Junction,Others,Others,Bitumen(Tar),Others,Not Applicable,Others,Near Thirumala daba cross near atturu layout,Near Thirumala daba cross near atturu layout,3 km,0.0,0.0
Bengaluru City,Yelahanka Traffic PS,1.04432e+16,2022,1,2,Not Applicable,Not Applicable,City/Town,Near office complex,Human Error,No,Grievous Injury,Vehicle to Vehicle,Not at  Junction,Others,NH,Bitumen(Tar),Others,Not Applicable,Others,BB main road kogilu fly over yelahanka,kogilu fly over yelahanka,1 km,0.0,0.0
Bengaluru City,Yelahanka Traffic PS,1.04432e+16,2022,1,1,Not Applicable,Not Applicable,City/Town,Near office complex,Human Error,No,Fatal,Vehicle to Vehicle,Not at  Junction,Others,Others,Bitumen(Tar),Others,Not Applicable,Others,BB road fly over,near Raithara santhe yelahanka,1 km,0.0,0.0
Bengaluru City,Yelahanka Traffic PS,1.04432e+16,2022,1,2,Not Applicable,Not Applicable,City/Town,Near office complex,Human Error,No,Simple Injury,Vehicle to Vehicle,Not at  Junction,Others,NH,Bitumen(Tar),Others,Not Applicable,Others,BB road,bypass fly over yelahanka,1 km,0.0,0.0
Bengaluru City,Yelahanka Traffic PS,1.04432e+16,2022,1,2,Not Applicable,Not Applicable,City/Town,Near office complex,Human Error,No,Simple Injury,Vehicle to Vehicle,Not at  Junction,Others,Others,Bitumen(Tar),Others,Not Applicable,Others,Infront of Srirama sahana aprt yelahanka,Infront of Srirama sahana aprt yelahanka,3 km,0.0,0.0
Bengaluru City,Yelahanka Traffic PS,1.04432e+16,2022,1,1,Not Applicable,Not Applicable,City/Town,Near office complex,Not Applicable,Yes,Grievous Injury,Hit pedestrian,Not at  Junction,Others,NH,Bitumen(Tar),Others,Not Applicable,Others,BB service road,Near Bagaluru cross under pass,2 km,0.0,0.0
Bengaluru City,Yelahanka Traffic PS,1.04432e+16,2022,1,1,Not Applicable,Not Applicable,City/Town,Residential area,Human Error,No,Grievous Injury,Hit pedestrian,Not at  Junction,Others,Others,Bitumen(Tar),Others,Not Applicable,Others,Near Liberty shworoom vidyaranyapur,Near Liberty shworoom vidyaranyapur,5 km,13.069272,77.556378
Bengaluru City,Yelahanka Traffic PS,1.04432e+16,2022,1,1,Not Applicable,Not Applicable,City/Town,Near office complex,Human Error,No,Grievous Injury,Not Applicable,Not at  Junction,Others,Others,Bitumen(Tar),Others,Not Applicable,Others,BB road,near palanahalli gate,3 km,13.117129,77.6086959
Bengaluru City,Yelahanka Traffic PS,1.04432e+16,2022,1,2,Not Applicable,Not Applicable,City/Town,Near office complex,Human Error,No,Grievous Injury,Vehicle to Vehicle,Not at  Junction,Others,Others,Bitumen(Tar),Others,Not Applicable,Others,Lakshmipura main road,near Kanshiram nagar bus st,5 km,13.089804,77.542516
Bengaluru City,Yelahanka Traffic PS,1.04432e+16,2022,1,2,Not Applicable,Not Applicable,City/Town,Near office complex,Human Error,No,Grievous Injury,Vehicle to Vehicle,Not at  Junction,Others,Others,Bitumen(Tar),Others,Not Applicable,Others,BB road,near IAF Yelahanka,4 km,13.136106,77.617371
Bengaluru City,Yelahanka Traffic PS,1.04432e+16,2022,1,2,Not Applicable,Not Applicable,City/Town,Near office complex,Human Error,No,Grievous Injury,Vehicle to Vehicle,Not at  Junction,Others,Others,Bitumen(Tar),Others,Not Applicable,Others,"Nagenahalli main road, near habitate apartment yelahanka",Nagenahalli main road near habitate apartment yelahanka,3 km,13.1312,77.5770299
Bengaluru City,Yelahanka Traffic PS,1.04432e+16,2022,1,2,Not Applicable,Not Applicable,City/Town,Near office complex,Human Error,No,Grievous Injury,Vehicle to Vehicle,Not at  Junction,Others,Others,Bitumen(Tar),Others,Not Applicable,Others,BB road,Vidyashilpa down rump Yelahanka,1 km,13.090055,77.596354
Bengaluru City,Yelahanka Traffic PS,1.04432e+16,2022,1,2,Not Applicable,Not Applicable,City/Town,Near office complex,Human Error,No,Grievous Injury,Vehicle to Vehicle,Not at  Junction,Others,Others,Bitumen(Tar),Others,Not Applicable,Others,Near Reliance fresh Vidyaranyapur,Near Reliance fresh Vidyaranyapur,5 km,0.0,0.0
Bengaluru City,Yelahanka Traffic PS,1.04432e+16,2022,1,1,Not Applicable,Not Applicable,City/Town,Near office complex,Human Error,Yes,Grievous Injury,Hit pedestrian,Not Applicable,Others,Others,Bitumen(Tar),Others,Not Applicable,Others,BB road,near coffee day,1 km,0.0,0.0
Bengaluru City,Yelahanka Traffic PS,1.04432e+16,2022,1,2,Not Applicable,Not Applicable,City/Town,Open area,Human Error,No,Grievous Injury,Not Applicable,Not Applicable,Not Applicable,Others,Not Applicable,Dry,Not Applicable,Clear,Bagaluru Cross,Bagaluru Cross,5,0.0,0.0
Bengaluru City,Yelahanka Traffic PS,1.04432e+16,2022,1,1,Not Applicable,Not Applicable,City/Town,In bazaar,Human Error,No,Grievous Injury,Not Applicable,Not Applicable,Not Applicable,Not Applicable,Gravel,Dry,Not Applicable,Not Applicable,Ambabavani Temple Road,Ambabavani Temple Road,5,0.0,0.0
Bengaluru City,Yelahanka Traffic PS,1.04432e+16,2022,1,2,Not Applicable,Not Applicable,City/Town,Near office complex,Human Error,No,Grievous Injury,Vehicle to Vehicle,Not Applicable,Others,Others,Bitumen(Tar),Others,Not Applicable,Others,Thindlu main road,near sapthagiri layout,2 km,13.07447,77.563184
Bengaluru City,Yelahanka Traffic PS,1.04432e+16,2022,1,1,Not Applicable,Not Applicable,City/Town,Near Bus stop,Human Error,Yes,Fatal,Hit pedestrian,Not at  Junction,Others,Others,Bitumen(Tar),Others,Not Applicable,Others,Bagaluru main road,kattigenahalli bus stop,4 km,13.121137,77.617219
Bengaluru City,Yelahanka Traffic PS,1.04432e+16,2022,1,2,Not Applicable,Not Applicable,City/Town,Near School or College,Human Error,No,Damage Only,Vehicle to Vehicle,Not at  Junction,Not Applicable,Others,Bitumen(Tar),Others,Not Applicable,Others,other road,Backside of seshadripuram college gate,1.5 km,13.099081,77.587507
Bengaluru City,Yelahanka Traffic PS,1.04432e+16,2022,1,1,Not Applicable,Not Applicable,City/Town,Near office complex,Human Error,No,Fatal,Hit pedestrian,Not at  Junction,Others,Others,Bitumen(Tar),Others,Not Applicable,Others,BB main road vidyashilpa down rump yelahanka,BB main road vidyashilpa down rump yelahanka,1 km,13.113419,77.554313
Bengaluru City,Yelahanka Traffic PS,1.04432e+16,2022,1,2,Not Applicable,Narrow road,City/Town,Near office complex,Human Error,No,Grievous Injury,Vehicle to Vehicle,Not at  Junction,Others,Others,Bitumen(Tar),Others,Not Applicable,Others,"Ramachandrapur main road, near sky bajar vidyaranyapur",Ramachandrapur main road near sky bajar vidyaranyapur,5 km,13.063438,77.552069
Bengaluru City,Yelahanka Traffic PS,1.04432e+16,2022,1,2,Not Applicable,Not Applicable,City/Town,Near office complex,Human Error,No,Damage Only,Vehicle to Vehicle,Not at  Junction,Others,Others,Bitumen(Tar),Others,Not Applicable,Others,Doddabommasandra main road,near pete siddappa circle,5 km,13.059945,77.558954
Bengaluru City,Yelahanka Traffic PS,1.04432e+16,2022,1,1,Not Applicable,Not Applicable,City/Town,Near office complex,Human Error,No,Grievous Injury,Not Applicable,Not at  Junction,Others,Others,Bitumen(Tar),Others,Not Applicable,Others,DB pura main road,Near nagenahalli gate yelahanka,4 km,13.129819,77.571597
Bengaluru City,Yelahanka Traffic PS,1.04432e+16,2022,1,1,Not Applicable,Not Applicable,City/Town,Near office complex,Human Error,No,Grievous Injury,Hit pedestrian,Not at  Junction,Others,Others,Bitumen(Tar),Others,Not Applicable,Others,DB pur main road,near kendriya vidyalaya Yelahanka,2 km,13.119566,77.577014
Bengaluru City,Yelahanka Traffic PS,1.04432e+16,2022,1,2,Not Applicable,Narrow road,City/Town,Near office complex,Human Error,No,Grievous Injury,Vehicle to Vehicle,Not at  Junction,Others,Others,Bitumen(Tar),Others,Not Applicable,Others,shamarajpur 2nd cross,2nd cross near car wash,5 km,0.0,0.0
Bengaluru City,Yelahanka Traffic PS,1.04432e+16,2022,1,2,Not Applicable,Not Applicable,City/Town,Near office complex,Human Error,No,Grievous Injury,Vehicle to Vehicle,Not at  Junction,Others,Others,Bitumen(Tar),Others,Not Applicable,Others,BB service road,Near venkatala pipe factory,3 km,0.0,0.0
Bengaluru City,Yelahanka Traffic PS,1.04432e+16,2022,1,1,Not Applicable,Not Applicable,City/Town,Near office complex,Human Error,No,Fatal,Not Applicable,Not at  Junction,Others,Others,Bitumen(Tar),Others,Not Applicable,Others,BB main road,bypass fly over yelahanka,1 km,0.0,0.0
Bengaluru City,Yelahanka Traffic PS,1.04432e+16,2022,1,2,Not Applicable,Not Applicable,City/Town,Near office complex,Human Error,No,Fatal,Vehicle to Vehicle,Not at  Junction,Not Applicable,State Highway,Bitumen(Tar),Others,Not Applicable,Others,Doddaballapur main road,near mavallipuram cross,5 km,0.0,0.0
Bengaluru City,Yelahanka Traffic PS,1.04432e+16,2022,1,2,Road Accidents,Not Applicable,City/Town,Near School or College,Human Error,No,Grievous Injury,Vehicle to Vehicle,Uncontrolled,Straight and flat,Arterial,Bitumen(Tar),Dry,No influence on accident,Fine,Sandeep unnikrishnan Road,Electric Pole,40ft,0.0,0.0
Bengaluru City,Yelahanka Traffic PS,1.04432e+16,2023,1,2,Road Accidents,Not Applicable,City/Town,Open area,Human Error,Yes,Fatal,Vehicle to Vehicle,No signal lights,Straight and flat,NH,Bitumen(Tar),Dry,No influence on accident,Fine,BB main road,Metro Piller,40 ft,0.0,0.0
Bengaluru City,Yelahanka Traffic PS,1.04432e+16,2023,1,2,Road Accidents,Bottleneck,Rural Areas,Open area,Human Error,No,Grievous Injury,Vehicle to Vehicle,Not at  Junction,Others,Sub Arterial,Bitumen(Tar),Dry,No influence on accident,Fine,aaaa,eeee,20,0.0,0.0
Bengaluru City,Yelahanka Traffic PS,1.04432e+16,2023,1,1,Not Applicable,Not Applicable,City/Town,Residential area,Human Error,No,Grievous Injury,Hit pedestrian,Not Applicable,Not Applicable,Not Applicable,Not Applicable,Not Applicable,Not Applicable,Clear,Near M S Palya,Near M S Palya,4,0.0,0.0
Bengaluru City,Yelahanka Traffic PS,1.04432e+16,2023,1,2,Road Accidents,Junction,City/Town,Near a factory industrial area,Human Error,No,Fatal,Vehicle to Vehicle,Uncontrolled,Straight and flat,NH,Bitumen(Tar),Dry,No influence on accident,Fine,BB Main road,Electrical pole,40ft,13.127837,77.613527
Bengaluru City,Yelahanka Traffic PS,1.04432e+16,2023,1,2,Not Applicable,Not Applicable,City/Town,Open area,Human Error,No,Damage Only,Vehicle to Vehicle,Not Applicable,Not Applicable,Not Applicable,Not Applicable,Ditch or Potholed,Not Applicable,Clear,Near Jakkuru Signal,Near Jakkuru Signal,2,0.0,0.0
Bengaluru City,Yelahanka Traffic PS,1.04432e+16,2023,1,2,Not Applicable,Not Applicable,City/Town,Open area,Human Error,No,Grievous Injury,Vehicle to Vehicle,Not Applicable,Not Applicable,Not Applicable,Not Applicable,Not Applicable,Not Applicable,Clear,Near Allalasandra Lake,Near Allalasandra Lake,2,0.0,0.0
Bengaluru City,Yelahanka Traffic PS,1.04432e+16,2023,1,2,Not Applicable,Not Applicable,City/Town,Open area,Not Applicable,No,Damage Only,Vehicle to Vehicle,Not Applicable,Not Applicable,Not Applicable,Not Applicable,Not Applicable,Not Applicable,Clear,BB Road Near Jakkuru Signal,BB Road Near Jakkuru Signal,2,13.0,77.0
Bengaluru City,Yelahanka Traffic PS,1.04432e+16,2023,1,1,Road Accidents,Junction,City/Town,Near Bus stop,Human Error,No,Fatal,Hit pedestrian,Signals (Working),Straight and flat,NH,Bitumen(Tar),Dry,No influence on accident,Fine,BB Service road,Sign board,25 ft,0.0,0.0
Bengaluru City,Yelahanka Traffic PS,1.04432e+16,2023,1,3,Not Applicable,Not Applicable,City/Town,Open area,Human Error,No,Grievous Injury,Vehicle to Vehicle,Not Applicable,Not Applicable,Not Applicable,Not Applicable,Dry,Not Applicable,Not Applicable,In front V R Ayyangara Bekari,In front V R Ayyangara Bekari,7,0.0,0.0
Bengaluru City,Yelahanka Traffic PS,1.04432e+16,2023,1,2,Road Accidents,Junction,City/Town,Open area,Human Error,No,Grievous Injury,Vehicle to Vehicle,Signal lights Automatic,Straight and flat,NH,Bitumen(Tar),Dry,No influence on accident,Fine,B B main road,Flyover Piller,15 Ft,0.0,0.0
Bengaluru City,Yelahanka Traffic PS,1.04432e+16,2023,1,2,Not Applicable,Not Applicable,City/Town,Residential area,Human Error,Not Applicable,Damage Only,Not Applicable,Not Applicable,Not Applicable,Not Applicable,Not Applicable,Not Applicable,Not Applicable,Clear,NES Yelahanka,NES Yelahanka,0.5,0.0,0.0
Bengaluru City,Yelahanka Traffic PS,1.04432e+16,2023,1,2,Not Applicable,Not Applicable,City/Town,Open area,Human Error,No,Damage Only,Not Applicable,Signal lights Automatic,Not Applicable,Not Applicable,Not Applicable,Dry,Not Applicable,Clear,Jakkuru Signal,2,2,0.0,0.0
Bengaluru City,Yelahanka Traffic PS,1.04432e+16,2023,1,1,Road Accidents,Not Applicable,City/Town,Near Bus stop,Human Error,No,Fatal,Hit pedestrian,Not at  Junction,Others,Others,Concrete,Dry,No influence on accident,Fine,BMTC Depo Road,Toilets,100 Ft,0.0,0.0
Bengaluru City,Yelahanka Traffic PS,1.04432e+16,2023,1,2,Not Applicable,Not Applicable,City/Town,Open area,Human Error,No,Grievous Injury,Not Applicable,Not Applicable,Not Applicable,Not Applicable,Not Applicable,Not Applicable,Not Applicable,Not Applicable,Major Sandeep Unnikrishnan Road Near Chikkabettahalli Bus Stand,Major Sandeep Unnikrishnan Road Near Chikkabettahalli Bus Stand,3,0.0,0.0
Bengaluru City,Yelahanka Traffic PS,1.04432e+16,2023,1,2,Not Applicable,Not Applicable,City/Town,Residential area,Human Error,No,Simple Injury,Vehicle to Vehicle,Not Applicable,Not Applicable,Not Applicable,Not Applicable,Not Applicable,Not Applicable,Cloudy,Thindlu Main Road,Thindlu Main Road,4,0.0,0.0
Bengaluru City,Yelahanka Traffic PS,1.04432e+16,2023,1,2,Not Applicable,Not Applicable,City/Town,Open area,Human Error,No,Damage Only,Not Applicable,Not Applicable,Not Applicable,Not Applicable,Not Applicable,Not Applicable,Not Applicable,Clear,Near Yelahanka Coffee Day,Near Yelahanka Coffee Day,1.2,0.0,0.0
Bengaluru City,Yelahanka Traffic PS,1.04432e+16,2023,1,2,Not Applicable,Not Applicable,City/Town,Open area,Not Applicable,No,Grievous Injury,Vehicle to Vehicle,Not Applicable,Not Applicable,Not Applicable,Not Applicable,Not Applicable,Not Applicable,Cloudy,Ambabhavani Temple,Ambabhavani Temple,6,0.0,0.0
Bengaluru City,Yelahanka Traffic PS,1.04432e+16,2023,1,1,Not Applicable,Not Applicable,City/Town,Residential area,Human Error,No,Grievous Injury,Hit pedestrian,Not Applicable,Not Applicable,Not Applicable,Not Applicable,Not Applicable,Not Applicable,Clear,Near NES,Near NES,0.5,0.0,0.0
Bengaluru City,Yelahanka Traffic PS,1.04432e+16,2023,1,1,Not Applicable,Not Applicable,City/Town,Open area,Human Error,No,Grievous Injury,Vehicle to Vehicle,Not Applicable,Not Applicable,Not Applicable,Not Applicable,Not Applicable,Not Applicable,Cloudy,Near Yelahanka By Pass,Near Yelahanka By Pass,2,0.0,0.0
Bengaluru City,Yelahanka Traffic PS,1.04432e+16,2023,1,2,Road Accidents,Junction,City/Town,Residential area,Human Error,No,Fatal,Vehicle to Vehicle,No signal lights,Straight and flat,Sub Arterial,Bitumen(Tar),Dry,No influence on accident,Fine,Newtown 14th A cross,B street light  pole,7ft,13.215468,77.154685
Bengaluru City,Yelahanka Traffic PS,1.04432e+16,2023,1,1,Road Accidents,Junction,City/Town,Residential area,Human Error,No,Fatal,Not Applicable,No signal lights,Straight and flat,Residential Street,Bitumen(Tar),Dry,No influence on accident,Fine,4th phase main road,Street light pole,8ft,0.0,0.0
Bengaluru City,Yelahanka Traffic PS,1.04432e+16,2023,1,2,Road Accidents,Narrow road,City/Town,Near School or College,Human Error,No,Grievous Injury,Vehicle to Vehicle,Not Applicable,Steep Incline or Climb,Arterial,Bitumen(Tar),Dry,No influence on accident,Fine,Nitte meenakshi college Road,Light poll,50 ft,13.255445,77.554555
Bengaluru City,Yelahanka Traffic PS,1.04432e+16,2023,1,2,Road Accidents,Bottleneck,City/Town,Near School or College,Human Error,No,Grievous Injury,Vehicle to Vehicle,Not at  Junction,Straight and flat,Arterial,Bitumen(Tar),Ditch or Potholed,No influence on accident,Fine,BB Service Road,Electricle POle,25ft,13.455565,77.542444
Bengaluru City,Yelahanka Traffic PS,1.04432e+16,2023,1,2,Road Accidents,Not Applicable,City/Town,Open area,Human Error,No,Grievous Injury,Vehicle to Vehicle,Not at  Junction,Straight and flat,NH,Bitumen(Tar),Dry,No influence on accident,Fine,BB Service road,Electric Pole,50 Ft,0.0,0.0
Bengaluru City,Yelahanka Traffic PS,1.04432e+16,2023,1,2,Not Applicable,Not Applicable,City/Town,Residential area,Human Error,No,Grievous Injury,Not Applicable,No signal lights,Others,Others,Not Applicable,Others,Not Applicable,Wind,VENKATALA SERVICE ROAD,VENKATALA SERVICE ROAD,3,0.0,0.0