DISTRICTNAME,UNITNAME,Crime_No,Year,RI,Noofvehicle_involved,Accident_Classification,Accident_Spot,Accident_Location,Accident_SubLocation,Main_Cause,Hit_Run,Severity,Collision_Type,Junction_Control,Road_Character,Road_Type,Surface_Type,Surface_Condition,Road_Condition,Weather,Accident_Road,Landmark_first,Distance_LandMark_First,Latitude,Longitude
Bengaluru City,Yelahanka Traffic PS,1.04432e+16,2023,1,2,Road Accidents,Narrow road,City/Town,Near office complex,Human Error,No,Grievous Injury,Vehicle to Vehicle,No signal lights,Straight and flat,Service Road,Bitumen(Tar),Dry,No influence on accident,Fine,Near Venkatala Service BB Road,metro pillor No 636,15ft,13.113029,77.606062
Bengaluru City,Yelahanka Traffic PS,1.04432e+16,2023,1,2,Road Accidents,Circle,City/Town,Near office complex,Human Error,No,Grievous Injury,Vehicle to Vehicle,Not at  Junction,Straight and flat,One way,Bitumen(Tar),Dry,No influence on accident,Fine,Ramagondanahalli,Light pole,12ft,13.119369,77.557554
Bengaluru City,Yelahanka Traffic PS,1.04432e+16,2023,1,2,Road Accidents,Bottleneck,City/Town,Open area,Human Error,No,Grievous Injury,Vehicle to Vehicle,Not at  Junction,Straight and flat,Service Road,Bitumen(Tar),Dry,No influence on accident,Fine,BB Service Road Near Venkatala,Street Light Pole BB Service Road Near Venkatala,15ft,13.574575,77.556845
Bengaluru City,Yelahanka Traffic PS,1.04432e+16,2023,1,2,Road Accidents,Narrow road,City/Town,Near School or College,Human Error,No,Grievous Injury,Vehicle to Vehicle,Not at  Junction,Straight and flat,Sub Arterial,Bitumen(Tar),Dry,No influence on accident,Fine,Hesagatta main road opp.bisile school,Electric pole,25 ft,13.255452,77.546559
Bengaluru City,Yelahanka Traffic PS,1.04432e+16,2023,1,2,Road Accidents,Narrow road,City/Town,Residential area,Human Error,Yes,Grievous Injury,Not Applicable,Not at  Junction,Straight and flat,Arterial,Bitumen(Tar),Dry,No influence on accident,Fine,"Near Nitesh Apartment, Bagaluru Main road",Electric Pole,25ft,13.121628,77.613746
Bengaluru City,Yelahanka Traffic PS,1.04432e+16,2023,1,2,Not Applicable,Not Applicable,City/Town,In bazaar,Human Error,No,Grievous Injury,Vehicle to Vehicle,Not Applicable,Not Applicable,Not Applicable,Not Applicable,Not Applicable,Not Applicable,Not Applicable,Near Sheshadripuram Collage,Near Sheshadripuram Collage,1,0.0,0.0
Bengaluru City,Yelahanka Traffic PS,1.04432e+16,2023,1,2,Not Applicable,Not Applicable,City/Town,Near Hospital,Human Error,No,Grievous Injury,Vehicle to Vehicle,Not Applicable,Not Applicable,Not Applicable,Not Applicable,Not Applicable,Not Applicable,Not Applicable,Near Omega Hospital,Near Omega Hospital,2,0.0,0.0
Bengaluru City,Yelahanka Traffic PS,1.04432e+16,2023,1,2,Not Applicable,Not Applicable,City/Town,Open area,Human Error,No,Grievous Injury,Vehicle to Vehicle,Not Applicable,Not Applicable,Not Applicable,Not Applicable,Not Applicable,Not Applicable,Clear,Jakkur On Flyover,Jakkur On Flyover,2,0.0,0.0
Bengaluru City,Yelahanka Traffic PS,1.04432e+16,2023,1,2,Not Applicable,Not Applicable,City/Town,Open area,Human Error,No,Grievous Injury,Vehicle to Vehicle,Not Applicable,Not Applicable,Not Applicable,Not Applicable,Not Applicable,Not Applicable,Clear,Manipal Academy,Manipal Academy,4,0.0,0.0
Bengaluru City,Yelahanka Traffic PS,1.04432e+16,2023,1,2,Not Applicable,Not Applicable,City/Town,Open area,Human Error,No,Simple Injury,Vehicle to Vehicle,Not Applicable,Not Applicable,Not Applicable,Not Applicable,Not Applicable,Not Applicable,Clear,Coffee day Yelahanka,Coffee day Yelahanka,1,0.0,0.0
Bengaluru City,Yelahanka Traffic PS,1.04432e+16,2023,1,1,Road Accidents,Junction,City/Town,Near Bus stop,Human Error,No,Fatal,Hit pedestrian,Signal lights Automatic,Straight and flat,Arterial,Bitumen(Tar),Dry,No influence on accident,Fine,Yelahanka main road,traffic sign board,15ft,0.0,0.0
Bengaluru City,Yelahanka Traffic PS,1.04432e+16,2023,1,1,Road Accidents,Curves,City/Town,Open area,Human Error,No,Fatal,Not Applicable,Uncontrolled,Slight Curve,Sub Arterial,Bitumen(Tar),Dry,No influence on accident,Fine,Allalasandra main road yelahanka,swimming pool compound wall,35ft,0.0,0.0
Bengaluru City,Yelahanka Traffic PS,1.04432e+16,2023,1,2,Not Applicable,Not Applicable,City/Town,Open area,Not Applicable,No,Grievous Injury,Vehicle to Vehicle,Not Applicable,Not Applicable,Not Applicable,Not Applicable,Not Applicable,Not Applicable,Not Applicable,Near Kogilu Cross Singnal,Near Kogilu Cross Singnal,2,0.0,0.0
Bengaluru City,Yelahanka Traffic PS,1.04432e+16,2023,1,2,Not Applicable,Not Applicable,City/Town,Open area,Human Error,No,Grievous Injury,Vehicle to Vehicle,Not Applicable,Not Applicable,Not Applicable,Not Applicable,Not Applicable,Not Applicable,Cloudy,Near Nitte Meenakshi Collage,Near Nitte Meenakshi Collage,5,0.0,0.0
Bengaluru City,Yelahanka Traffic PS,1.04432e+16,2023,1,2,Road Accidents,Narrow road,City/Town,Near Bus stop,Human Error,No,Simple Injury,Vehicle to Vehicle,Not at  Junction,Straight and flat,Service Road,Bitumen(Tar),Dry,Not Applicable,Fine,B B Service Road,Light Pol,15,13.0,77.0
Bengaluru City,Yelahanka Traffic PS,1.04432e+16,2023,1,2,Road Accidents,Narrow road,Rural Areas,Open area,Human Error,No,Fatal,Vehicle to Vehicle,Not at  Junction,Straight and flat,Arterial,Bitumen(Tar),Dry,No influence on accident,Fine,Near Coffee Day BB service Road,Electric pole,20ft,13.079701,77.62054
Bengaluru City,Yelahanka Traffic PS,1.04432e+16,2023,1,1,Road Accidents,Not Applicable,City/Town,Open area,Human Error,No,Fatal,Not Applicable,Not at  Junction,Straight and flat,NH,Bitumen(Tar),Dry,No influence on accident,Fine,BB Service road,RMC gate,20 Ft,0.0,0.0
Bengaluru City,Yelahanka Traffic PS,1.04432e+16,2023,1,2,Not Applicable,Not Applicable,City/Town,Open area,Human Error,Yes,Grievous Injury,Vehicle to Vehicle,Not Applicable,Not Applicable,Not Applicable,Not Applicable,Not Applicable,Not Applicable,Clear,Kogilu Main Road Near HP Petrol Bunk,Kogilu Main Road Near HP Petrol Bunk,2,0.0,0.0
Bengaluru City,Yelahanka Traffic PS,1.04432e+16,2023,1,1,Road Accidents,Not Applicable,City/Town,Open area,Human Error,No,Fatal,Not Applicable,Not at  Junction,Straight and flat,State Highway,Bitumen(Tar),Dry,No influence on accident,Fine,Doddaballapura Main road,Electrical polo,40 ft,0.0,0.0
Bengaluru City,Yelahanka Traffic PS,1.04432e+16,2023,1,2,Not Applicable,Not Applicable,City/Town,Open area,Human Error,No,Damage Only,Not Applicable,No signal lights,Not Applicable,Others,Not Applicable,Dry,Not Applicable,Clear,Near Mavallipura Cross,Near Mavallipura Cross,3,0.0,0.0
Bengaluru City,Yelahanka Traffic PS,1.04432e+16,2023,1,2,Not Applicable,Not Applicable,City/Town,Open area,Human Error,No,Damage Only,Vehicle to Vehicle,No signal lights,Not Applicable,Not Applicable,Not Applicable,Others,Not Applicable,Clear,opposite RMZ Mall Yelahanka,opposite RMZ Mall Yelahanka,0.2,0.0,0.0
Bengaluru City,Yelahanka Traffic PS,1.04432e+16,2023,1,2,Not Applicable,Not Applicable,City/Town,Open area,Human Error,No,Damage Only,Vehicle to Vehicle,Not Applicable,Not Applicable,Not Applicable,Not Applicable,Not Applicable,Not Applicable,Clear,Yelahanka New Town near Agarwal Eye Hospital,Yelahanka New Town near Agarwal Eye Hospital,2,0.0,0.0
Bengaluru City,Yelahanka Traffic PS,1.04432e+16,2023,1,1,Not Applicable,Not Applicable,City/Town,Open area,Human Error,No,Grievous Injury,Hit pedestrian,Not at  Junction,Not Applicable,Not Applicable,Not Applicable,Not Applicable,Not Applicable,Clear,opposite Coffe Day,opposite Coffe Day,1,0.0,0.0
Bengaluru City,Yelahanka Traffic PS,1.04432e+16,2023,1,1,Not Applicable,Not Applicable,City/Town,Residential area,Human Error,Yes,Grievous Injury,Hit pedestrian,Not Applicable,Not Applicable,Not Applicable,Not Applicable,Not Applicable,Not Applicable,Clear,Judicial Layout,Judicial Layout,3,0.0,0.0
Bengaluru City,Yelahanka Traffic PS,1.04432e+16,2023,1,1,Road Accidents,Not Applicable,City/Town,Near office complex,Human Error,No,Fatal,Hit pedestrian,Not at  Junction,Straight and flat,One way,Bitumen(Tar),Dry,No influence on accident,Fine,Sandeep Unnikrishnan Road,Mahima Residency,40ft,13.080622,77.547952
Bengaluru City,Yelahanka Traffic PS,1.04432e+16,2023,1,2,Not Applicable,Not Applicable,City/Town,Residential area,Not Applicable,No,Grievous Injury,Vehicle to Vehicle,Not Applicable,Not Applicable,Not Applicable,Not Applicable,Not Applicable,Not Applicable,Clear,Near Muneshwara Provision Store Kattigenahalli,Near Muneshwara Provision Store Kattigenahalli,5,0.0,0.0
Bengaluru City,Yelahanka Traffic PS,1.04432e+16,2023,1,2,Road Accidents,Not Applicable,City/Town,Open area,Human Error,No,Grievous Injury,Vehicle to Vehicle,Controlled,Straight and flat,One way,Bitumen(Tar),Dry,No influence on accident,Fine,BB Main Road,Near Jakkur Aerodrum,50mt,13.078776,77.593022
Bengaluru City,Yelahanka Traffic PS,1.04432e+16,2023,1,2,Road Accidents,Bottleneck,City/Town,Open area,Human Error,Yes,Damage Only,Vehicle to Vehicle,Not at  Junction,Straight and flat,Sub Arterial,Bitumen(Tar),Dry,No influence on accident,Fine,"Jelly Michain, VIdyaranyapura, MS Maion road",electric Pole,25mtr,13.086912,77.555812
Bengaluru City,Yelahanka Traffic PS,1.04432e+16,2023,1,2,Road Accidents,Narrow road,City/Town,Near Bus stop,Human Error,No,Fatal,Vehicle to Vehicle,Not at  Junction,Straight and flat,Sub Arterial,Bitumen(Tar),Dry,No influence on accident,Fine,venkatala BB service road,Electric Pole,35ft,13.254554,77.558655
Bengaluru City,Yelahanka Traffic PS,1.04432e+16,2023,1,2,Road Accidents,Bottleneck,City/Town,Open area,Human Error,Yes,Fatal,Vehicle to Vehicle,Not at  Junction,Straight and flat,Sub Arterial,Bitumen(Tar),Dry,No influence on accident,Fine,Sandeep Unnikrishnan Road,Electric pole,20ft,13.09761,77.56386
Bengaluru City,Yelahanka Traffic PS,1.04432e+16,2023,1,1,Road Accidents,Bottleneck,City/Town,Near a recreation place/cinema,Human Error,Yes,Grievous Injury,Hit pedestrian,Not at  Junction,Straight and flat,Sub Arterial,Bitumen(Tar),Dry,No influence on accident,Fine,Near NTI Ground Vidyaranyapura,Electricle Pole,15ft,13.455445,77.545654
Bengaluru City,Yelahanka Traffic PS,1.04432e+16,2023,1,2,Road Accidents,Bottleneck,City/Town,Near Bus stop,Human Error,No,Fatal,Vehicle to Vehicle,Uncontrolled,Straight and flat,Others,Bitumen(Tar),Dry,No influence on accident,Fine,Allalasandra mian road,Street Light,25 ft,0.0,0.0
Bengaluru City,Yelahanka Traffic PS,1.04432e+16,2023,1,2,Not Applicable,Not Applicable,City/Town,Residential area,Human Error,No,Grievous Injury,Not Applicable,No signal lights,Not Applicable,Not Applicable,Kutcha,Others,Not Applicable,Clear,Sandeep unnikrishnan Road,Sandeep unnikrishnan Road,2,0.0,0.0
Bengaluru City,Yelahanka Traffic PS,1.04432e+16,2023,1,1,Road Accidents,Not Applicable,City/Town,Open area,Human Error,No,Grievous Injury,Not Applicable,Not at  Junction,Straight and flat,NH,Bitumen(Tar),Dry,No influence on accident,Fine,BB Main raod,Street Lite,85 ft,0.0,0.0
Bengaluru City,Yelahanka Traffic PS,1.04432e+16,2023,1,1,Other Railway Accidents,Not Applicable,City/Town,Open area,Human Error,No,Grievous Injury,Not Applicable,Not Applicable,Not Applicable,Not Applicable,Not Applicable,Not Applicable,Not Applicable,Clear,BB Road Near Sarnor building,BB Road Near Sarnor building,4,0.0,0.0
Bengaluru City,Yelahanka Traffic PS,1.04432e+16,2023,1,2,Not Applicable,Not Applicable,City/Town,Open area,Human Error,No,Damage Only,Not Applicable,Not Applicable,Not Applicable,Not Applicable,Not Applicable,Not Applicable,Not Applicable,Not Applicable,Near IAF,Near IAF,5 KM,0.0,0.0
Bengaluru City,Yelahanka Traffic PS,1.04432e+16,2023,1,1,Not Applicable,Not Applicable,City/Town,Residential area,Human Error,No,Grievous Injury,Not Applicable,Not Applicable,Not Applicable,Not Applicable,Not Applicable,Not Applicable,Not Applicable,Clear,Vardarajswamy Layout,Vardarajswamy Layout,7,0.0,0.0
Bengaluru City,Yelahanka Traffic PS,1.04432e+16,2023,1,2,Not Applicable,Not Applicable,City/Town,Open area,Human Error,Not Applicable,Grievous Injury,Vehicle to Vehicle,Not Applicable,Not Applicable,Not Applicable,Not Applicable,Not Applicable,Not Applicable,Not Applicable,Balaji Layout,Balaji Layout,3,0.0,0.0
Bengaluru City,Yelahanka Traffic PS,1.04432e+16,2023,1,2,Not Applicable,Not Applicable,City/Town,Open area,Human Error,Not Applicable,Grievous Injury,Vehicle to Vehicle,Not Applicable,Not Applicable,Not Applicable,Not Applicable,Not Applicable,Not Applicable,Not Applicable,Sandeep Unnikrishnan Road Near New Town Medical Collage,Sandeep Unnikrishnan Road Near New Town Medical Collage,1.5,0.0,0.0
Bengaluru City,Yelahanka Traffic PS,1.04432e+16,2023,1,2,Not Applicable,Not Applicable,City/Town,Open area,Human Error,No,Grievous Injury,Vehicle to Vehicle,Not Applicable,Not Applicable,Not Applicable,Not Applicable,Not Applicable,Not Applicable,Cloudy,Near By Pass Signal,Near By Pass Signal,1,0.0,0.0
Bengaluru City,Yelahanka Traffic PS,1.04432e+16,2023,1,1,Road Accidents,Narrow road,City/Town,Open area,Human Error,Yes,Grievous Injury,Hit pedestrian,Not at  Junction,Straight and flat,Arterial,Bitumen(Tar),Dry,No influence on accident,Fine,BB Main Road,Flyover piller,44ft,13.455454,77.225545
Bengaluru City,Yelahanka Traffic PS,1.04432e+16,2023,1,2,Not Applicable,Not Applicable,City/Town,Open area,Human Error,No,Damage Only,Vehicle to Vehicle,Not Applicable,Not Applicable,Not Applicable,Not Applicable,Not Applicable,Not Applicable,Clear,B B Road Near Venkatala Flyover,B B Road Near Venkatala Flyover,4,0.0,0.0
Bengaluru City,Yelahanka Traffic PS,1.04432e+16,2023,1,2,Not Applicable,Not Applicable,City/Town,Open area,Human Error,No,Grievous Injury,Vehicle to Vehicle,Not Applicable,Not Applicable,Not Applicable,Not Applicable,Not Applicable,Not Applicable,Clear,"Near Royan School, Yelahanka",Near Royan School Yelahanka,5,0.0,0.0
Bengaluru City,Yelahanka Traffic PS,1.04432e+16,2023,1,1,Road Accidents,Narrow road,City/Town,Residential area,Human Error,No,Grievous Injury,Hit pedestrian,No signal lights,Others,Two way,Bitumen(Tar),Dry,No influence on accident,Fine,Ananthapura Main Road,Anthapura Bus stop,15ft,13.114778,77.578701
Bengaluru City,Yeshwanthapura Traffic PS,1.04432e+16,2016,1,2,Road Accidents,Junction,City/Town,Open area,Human Error,No,Grievous Injury,Head on,Controlled,Not Applicable,City or Town Road,Bitumen(Tar),Dry,Not Applicable,Clear,YESHWANTHAPURA CIRCLE,PILLER,15FEET,13.16366,77.33280398
Bengaluru City,Yeshwanthapura Traffic PS,1.04432e+16,2016,1,2,Road Accidents,Narrow road,City/Town,Near Bus stop,Human Error,No,Grievous Injury,Not Applicable,Police / Manual,Hump,NH,Bitumen(Tar),Dry,Not Applicable,Clear,YESHWANTHAPURA PIPE LANE ROAD,BUS STOP,2,0.0,0.0
Bengaluru City,Yeshwanthapura Traffic PS,1.04432e+16,2016,1,2,Road Accidents,Narrow road,City/Town,Near a factory industrial area,Human Error,No,Grievous Injury,Not Applicable,No signal lights,Hump,NH,Bitumen(Tar),Dry,Not Applicable,Clear,NEAR FTI RING ROAD  GG PALYA,1,2,13.02361268,77.53461473
Bengaluru City,Yeshwanthapura Traffic PS,1.04432e+16,2016,1,2,Road Accidents,Curves,City/Town,Near Hospital,Human Error,No,Fatal,Others,Not at  Junction,Hump,NH,Bitumen(Tar),Dry,Not Applicable,Clear,infront of cmti office,hospital,50 mtr,0.0,0.0
Bengaluru City,Yeshwanthapura Traffic PS,1.04432e+16,2016,1,1,Road Accidents,Not Applicable,City/Town,Near Bus stop,Human Error,No,Simple Injury,Not Applicable,Police / Manual,Straight and flat,City or Town Road,Bitumen(Tar),Dry,Not Applicable,Clear,RAMAIAH COLLEGE BUS STOP,BUS STOP,100MTS,13.142207,77.33434802
Bengaluru City,Yeshwanthapura Traffic PS,1.04432e+16,2016,1,1,Road Accidents,Cross roads,City/Town,Near Hospital,Human Error,No,Fatal,Hit pedestrian,No signal lights,Straight and flat,City or Town Road,Bitumen(Tar),Dry,Not Applicable,Clear,PEENYA FLY OVER,DENTAL HOSPITAL,50 mtr,13.032523,77.533655
Bengaluru City,Yeshwanthapura Traffic PS,1.04432e+16,2016,1,2,Road Accidents,Other,Not Applicable,Near Bus stop,Human Error,No,Damage Only,Others,Not at  Junction,Straight and flat,City or Town Road,Bitumen(Tar),Dry,Not Applicable,Clear,YESHWANTHPURA,YPR TRPS,50 fee,13.01728,77.558364
Bengaluru City,Yeshwanthapura Traffic PS,1.04432e+16,2016,1,2,Road Accidents,Other,City/Town,Near Bus stop,Human Error,No,Damage Only,Others,Not at  Junction,Curve,City or Town Road,Bitumen(Tar),Dry,Not Applicable,Clear,TUMKUR ROAD,RAILWAL STATION,60MTRS,13.023136,77.550113
Bengaluru City,Yeshwanthapura Traffic PS,1.04432e+16,2016,1,1,Road Accidents,T Junction,City/Town,Near Bus stop,Human Error,No,Simple Injury,Not Applicable,Signals (Working),Straight and flat,City or Town Road,Bitumen(Tar),Dry,Not Applicable,Clear,G G PALYA,PEOPLE TREE,20,13.028843,77.540092
Bengaluru City,Yeshwanthapura Traffic PS,1.04432e+16,2016,1,1,Road Accidents,Other,City/Town,Near Bus stop,Human Error,No,Simple Injury,Others,Not at  Junction,Straight and flat,City or Town Road,Bitumen(Tar),Dry,Not Applicable,Clear,GG PALYA,HOSPITYAL,50mtrs,13.023021,77.537593
Bengaluru City,Yeshwanthapura Traffic PS,1.04432e+16,2016,1,2,Road Accidents,Cross roads,City/Town,In bazaar,Human Error,No,Grievous Injury,Others,No signal lights,Straight and flat,City or Town Road,Bitumen(Tar),Dry,Not Applicable,Clear,RMC YARD U TURN,APMC YARD,10 fee,0.0,0.0
Bengaluru City,Yeshwanthapura Traffic PS,1.04432e+16,2016,1,1,Road Accidents,Narrow road,City/Town,Near office complex,Human Error,No,Simple Injury,Others,Not at  Junction,Straight and flat,City or Town Road,Bitumen(Tar),Dry,Not Applicable,Clear,yeshwanthapura,COLLEGE,50 fee,13.07259,77.558345
Bengaluru City,Yeshwanthapura Traffic PS,1.04432e+16,2016,1,1,Not Applicable,Narrow road,Not Applicable,Near Bus stop,Not Applicable,Yes,Fatal,Not Applicable,No signal lights,Not Applicable,NH,Not Applicable,Not Applicable,No influence on accident,Not Applicable,NEAR MUNISWAMAYAPPA KALAYANAMANTAPA,1,2,13.01949729,77.55130172
Bengaluru City,Yeshwanthapura Traffic PS,1.04432e+16,2016,1,2,Road Accidents,Y Junction,City/Town,Near Bus stop,Human Error,No,Grievous Injury,Not Applicable,Signals (Not working),Straight and flat,City or Town Road,Bitumen(Tar),Dry,Not Applicable,Clear,Marappanapalya bus stop,NEAR GOVARDHAN TEATRE,20 fee,13.1185412,77.3359328
Bengaluru City,Yeshwanthapura Traffic PS,1.04432e+16,2016,1,2,Road Accidents,T Junction,City/Town,Near Bus stop,Human Error,No,Grievous Injury,Not Applicable,Signal lights Automatic,Not Applicable,City or Town Road,Bitumen(Tar),Ditch or Potholed,Not Applicable,Clear,G G PALYA,CMTI COMPANY,40mtrs,13.1348378,77.32391734
Bengaluru City,Yeshwanthapura Traffic PS,1.04432e+16,2016,1,1,Road Accidents,Narrow road,City/Town,Near a factory industrial area,Human Error,No,Simple Injury,Not Applicable,Signals (Working),Straight and flat,City or Town Road,Bitumen(Tar),Dry,Not Applicable,Clear,near more mall,r mc yard,20,13.026167,77.544416
Bengaluru City,Yeshwanthapura Traffic PS,1.04432e+16,2016,1,2,Road Accidents,Bridge,City/Town,Near a factory industrial area,Human Error,No,Damage Only,Others,No signal lights,Hump,City or Town Road,Bitumen(Tar),Dry,Not Applicable,Clear,YPR UP RAMP,ANJANEYA TEMPLE,50MTRS,13.018537,77.557752
Bengaluru City,Yeshwanthapura Traffic PS,1.04432e+16,2016,1,2,Road Accidents,Other,City/Town,Narrow bridge or culverts,Human Error,No,Simple Injury,Others,Not at  Junction,Hump,City or Town Road,Bitumen(Tar),Dry,Not Applicable,Clear,YPR RAILWAY BRIDGE,YPR CIRCLE,90MTRS,13.015819,77.555875
Bengaluru City,Yeshwanthapura Traffic PS,1.04432e+16,2016,1,2,Road Accidents,Narrow road,City/Town,Near Bus stop,Human Error,No,Fatal,Not Applicable,Not at  Junction,Straight and flat,City or Town Road,Bitumen(Tar),Dry,Not Applicable,Clear,FTI CIRCLE,CMTI,50 mtr,13.022164,77.5328
Bengaluru City,Yeshwanthapura Traffic PS,1.04432e+16,2016,1,2,Road Accidents,Other,City/Town,Near Bus stop,Human Error,Yes,Simple Injury,Others,Not at  Junction,Straight and flat,City or Town Road,Bitumen(Tar),Dry,Not Applicable,Clear,NH4 GOVARDHAN,THEATRRE,60MTRS,13.021759,77.551342
Bengaluru City,Yeshwanthapura Traffic PS,1.04432e+16,2016,1,2,Not Applicable,Narrow road,Not Applicable,Open area,Not Applicable,No,Grievous Injury,Not Applicable,No signal lights,Not Applicable,NH,Not Applicable,Not Applicable,No influence on accident,Not Applicable,NEAR G G PALYA JUNCTION,1,2,13.014357,77.322758
Bengaluru City,Yeshwanthapura Traffic PS,1.04432e+16,2016,1,2,Road Accidents,T Junction,City/Town,Near Bus stop,Human Error,Not Applicable,Damage Only,Hit and Run,Signals (Working),Not Applicable,City or Town Road,Bitumen(Tar),Dry,Not Applicable,Fine,yeshwanthpura,ypr station,10,13.14656,77.33329832
Bengaluru City,Yeshwanthapura Traffic PS,1.04432e+16,2016,1,2,Road Accidents,Other,City/Town,Near Bus stop,Human Error,No,Simple Injury,Others,No signal lights,Straight and flat,City or Town Road,Bitumen(Tar),Dry,Not Applicable,Clear,1st main road  ypr,BOMBAY DYING,50MTRS,0.0,0.0
Bengaluru City,Yeshwanthapura Traffic PS,1.04432e+16,2016,1,1,Road Accidents,Narrow road,City/Town,In bazaar,Human Error,No,Fatal,Not Applicable,Police / Manual,Straight and flat,City or Town Road,Bitumen(Tar),Dry,Not Applicable,Clear,RMC YARD,YARD,80MTRS,13.023842,77.548579
Bengaluru City,Yeshwanthapura Traffic PS,1.04432e+16,2016,1,2,Road Accidents,Other,City/Town,Near Bus stop,Human Error,No,Simple Injury,Others,No signal lights,Straight and flat,City or Town Road,Bitumen(Tar),Dry,Not Applicable,Clear,PEENYA UP RAMP,CMTI JUNCTION,50MTRS,13.032104,77.53417
Bengaluru City,Yeshwanthapura Traffic PS,1.04432e+16,2016,1,2,Road Accidents,Junction,City/Town,Near Hospital,Human Error,No,Damage Only,Others,Signal lights Automatic,Straight and flat,City or Town Road,Bitumen(Tar),Dry,Not Applicable,Clear,CMTI,HOSPITAL,50MYRS,13.030254,77.537228
Bengaluru City,Yeshwanthapura Traffic PS,1.04432e+16,2016,1,2,Road Accidents,Other,City/Town,Near Bus stop,Human Error,No,Damage Only,Others,Signals (Not working),Curve,City or Town Road,Bitumen(Tar),Dry,Not Applicable,Clear,RMC YARD U TURN,BUS STOP,50 fee,13.024432,77.547538
Bengaluru City,Yeshwanthapura Traffic PS,1.04432e+16,2016,1,2,Road Accidents,Narrow road,City/Town,Near Bus stop,Human Error,Not Applicable,Not Applicable,Not Applicable,Not at  Junction,Straight and flat,City or Town Road,Bitumen(Tar),Dry,Not Applicable,Clear,NEAR AYYAPPA TEMPLE,MATHIKERE,1,13.034655,77.557344
Bengaluru City,Yeshwanthapura Traffic PS,1.04432e+16,2016,1,2,Road Accidents,Bridge,City/Town,Near School or College,Human Error,No,Simple Injury,Others,No signal lights,Hump,City or Town Road,Bitumen(Tar),Dry,Not Applicable,Clear,cv raman road,college,50 mtr,13.018079,77.558723
Bengaluru City,Yeshwanthapura Traffic PS,1.04432e+16,2016,1,1,Road Accidents,Narrow road,City/Town,Near Hospital,Not Applicable,Yes,Grievous Injury,Not Applicable,No signal lights,Not Applicable,One way,Not Applicable,Not Applicable,No influence on accident,Others,NEAR MSR GATE,1,2,13.02962027,77.56483884
Bengaluru City,Yeshwanthapura Traffic PS,1.04432e+16,2016,1,2,Not Applicable,Narrow road,Not Applicable,Near a factory industrial area,Not Applicable,Yes,Simple Injury,Not Applicable,No signal lights,Not Applicable,NH,Not Applicable,Not Applicable,No influence on accident,Not Applicable,near g g palya junction,1,2,13.1428982,77.32248928
Bengaluru City,Yeshwanthapura Traffic PS,1.04432e+16,2016,1,2,Road Accidents,Junction,City/Town,Near Bus stop,Human Error,No,Fatal,Others,Not Applicable,Straight and flat,City or Town Road,Bitumen(Tar),Dry,Not Applicable,Clear,yeshwanthapura bus stop,BMTC BUS STOP,10 FEE,13.147748,77.33226044
Bengaluru City,Yeshwanthapura Traffic PS,1.04432e+16,2016,1,1,Road Accidents,Narrow road,City/Town,In bazaar,Human Error,No,Simple Injury,Not Applicable,Signal lights Manual,Not Applicable,City or Town Road,Bitumen(Tar),Dry,Not Applicable,Clear,yeshwanthpura BAZAR,bmtc bus stand,100 mt,0.0,0.0
Bengaluru City,Yeshwanthapura Traffic PS,1.04432e+16,2016,1,1,Road Accidents,Narrow road,City/Town,Near office complex,Human Error,No,Grievous Injury,Hit and Run,Not Applicable,Others,One way,Bitumen(Tar),Dry,Not Applicable,Clear,Lakshmi venkateshwara,scj ayyangar road,10 fee,13.1163482,77.33309018
Bengaluru City,Yeshwanthapura Traffic PS,1.04432e+16,2016,1,2,Road Accidents,Bridge,City/Town,Near Bus stop,Human Error,No,Simple Injury,Not Applicable,Not at  Junction,Not Applicable,City or Town Road,Bitumen(Tar),Dry,Not Applicable,Clear,yeshwanthapura bus stop,DARI ANJANEYA TEMPLE,20 FEE,13.157576,77.3331158
Bengaluru City,Yeshwanthapura Traffic PS,1.04432e+16,2016,1,2,Road Accidents,Narrow road,City/Town,In bazaar,Human Error,No,Grievous Injury,Others,Not at  Junction,Not Applicable,Two way,Bitumen(Tar),Dry,Not Applicable,Fine,yeshwanthpura to marappanapalya,metro cash and carry,20 fee,13.055587,77.33187626