DISTRICTNAME,UNITNAME,Crime_No,Year,RI,Noofvehicle_involved,Accident_Classification,Accident_Spot,Accident_Location,Accident_SubLocation,Main_Cause,Hit_Run,Severity,Collision_Type,Junction_Control,Road_Character,Road_Type,Surface_Type,Surface_Condition,Road_Condition,Weather,Accident_Road,Landmark_first,Distance_LandMark_First,Latitude,Longitude
Bengaluru City,Yeshwanthapura Traffic PS,1.04432e+16,2016,1,1,Road Accidents,Not Applicable,City/Town,Near Bus stop,Human Error,No,Grievous Injury,Not Applicable,Not Applicable,Straight and flat,City or Town Road,Bitumen(Tar),Dry,Not Applicable,Clear,RMC MARKET,bus stop,100mtr,13.024149,77.547211
Bengaluru City,Yeshwanthapura Traffic PS,1.04432e+16,2016,1,1,Road Accidents,Circle,City/Town,Near Bus stop,Human Error,No,Fatal,Others,Signal lights Automatic,Hump,City or Town Road,Bitumen(Tar),Dry,Not Applicable,Clear,yeshwanthpura circle road,BUS STOP,80MTRS,13.018286,77.557688
Bengaluru City,Yeshwanthapura Traffic PS,1.04432e+16,2016,1,1,Not Applicable,Narrow road,Not Applicable,Near Bus stop,Not Applicable,Yes,Simple Injury,Not Applicable,No signal lights,Not Applicable,NH,Not Applicable,Not Applicable,No influence on accident,Not Applicable,"B K NAGARA 2ND MAIN, YPR",1,2,13.140101,77.33153072
Bengaluru City,Yeshwanthapura Traffic PS,1.04432e+16,2016,1,2,Not Applicable,Narrow road,Not Applicable,Narrow bridge or culverts,Not Applicable,Yes,Fatal,Not Applicable,No signal lights,Not Applicable,NH,Not Applicable,Not Applicable,No influence on accident,Not Applicable,MARAPPANAPALYA,1,2,13.0573186,77.3304788
Bengaluru City,Yeshwanthapura Traffic PS,1.04432e+16,2016,1,2,Road Accidents,Junction,City/Town,Near Bus stop,Human Error,No,Damage Only,Others,Signal lights Automatic,Hump,City or Town Road,Bitumen(Tar),Dry,Not Applicable,Clear,"CMTI JUNCTION, TUMAKUR ROAD",HOSPITAL,50 mts,13.1489534,77.32133758
Bengaluru City,Yeshwanthapura Traffic PS,1.04432e+16,2016,1,2,Road Accidents,Narrow road,City/Town,Near Petrol Pump,Human Error,No,Simple Injury,Hit and Run,Police / Manual,Not Applicable,City or Town Road,Bitumen(Tar),Dry,Not Applicable,Fine,Reliance petrol bunk,CMTI COMPANY,0.5 KM,131.42999,77.3291422
Bengaluru City,Yeshwanthapura Traffic PS,1.04432e+16,2016,1,2,Road Accidents,Narrow road,City/Town,Near Petrol Pump,Human Error,No,Grievous Injury,Not Applicable,No signal lights,Straight and flat,City or Town Road,Bitumen(Tar),Dry,Not Applicable,Clear,FVIER Ring Road,petrol bunk,20,13.1385638,77.3273602
Bengaluru City,Yeshwanthapura Traffic PS,1.04432e+16,2016,1,2,Road Accidents,Narrow road,City/Town,Near Bus stop,Human Error,No,Damage Only,Not Applicable,Police / Manual,Straight and flat,City or Town Road,Bitumen(Tar),Dry,Not Applicable,Clear,1st main,1st main,10,13.019854,77.555799
Bengaluru City,Yeshwanthapura Traffic PS,1.04432e+16,2016,1,2,Road Accidents,T Junction,City/Town,Near Hospital,Human Error,No,Damage Only,Not Applicable,Signals (Working),Straight and flat,City or Town Road,Bitumen(Tar),Dry,Not Applicable,Clear,PEOPLE TREE HOSPITAL,GOKUL DAS IMAGES,10 fee,13.028958,77.539953
Bengaluru City,Yeshwanthapura Traffic PS,1.04432e+16,2016,1,2,Road Accidents,Circle,City/Town,Near Bus stop,Human Error,No,Damage Only,Others,Signal lights Automatic,Hump,City or Town Road,Bitumen(Tar),Dry,Not Applicable,Clear,YESHWANTHPURA CIRCLE,BTC BUSSTOP,50MTRS,13.018537,77.557752
Bengaluru City,Yeshwanthapura Traffic PS,1.04432e+16,2016,1,2,Road Accidents,T Junction,City/Town,Near Bus stop,Human Error,No,Simple Injury,Not Applicable,Signals (Working),Straight and flat,City or Town Road,Bitumen(Tar),Dry,Not Applicable,Clear,CMTI JUNCTION,cmti,20 FEE,13.028969,77.539663
Bengaluru City,Yeshwanthapura Traffic PS,1.04432e+16,2016,1,1,Road Accidents,Narrow road,City/Town,In bazaar,Human Error,No,Not Applicable,Not Applicable,Not at  Junction,Straight and flat,City or Town Road,Bitumen(Tar),Dry,Not Applicable,Clear,NEAR PVR CENIMA,RNS MOTORS,60MTRS,13.023763,77.549158
Bengaluru City,Yeshwanthapura Traffic PS,1.04432e+16,2016,1,2,Road Accidents,Junction,City/Town,Near Bus stop,Human Error,No,Damage Only,Others,Signal lights Automatic,Incline,City or Town Road,Bitumen(Tar),Dry,Not Applicable,Clear,NH4 GG PALYA,HOSPITAL,50 MTR,13.028707,77.540243
Bengaluru City,Yeshwanthapura Traffic PS,1.04432e+16,2016,1,2,Road Accidents,Junction,City/Town,Open area,Human Error,No,Damage Only,Head on,Controlled,Not Applicable,City or Town Road,Bitumen(Tar),Dry,Not Applicable,Clear,YESHWANTHAPURA CIRCLE,FLY OVER,15FEET,13.163582,77.3328602
Bengaluru City,Yeshwanthapura Traffic PS,1.04432e+16,2016,1,1,Road Accidents,Narrow road,City/Town,Residential area,Human Error,No,Fatal,Not Applicable,Police / Manual,Straight and flat,NH,Bitumen(Tar),Dry,Not Applicable,Clear,NEAR RELANCE PETROL BUNK,1,2,13.1437694,77.32108096
Bengaluru City,Yeshwanthapura Traffic PS,1.04432e+16,2016,1,2,Road Accidents,Cross roads,City/Town,In bazaar,Human Error,No,Damage Only,Overturning,No signal lights,Not Applicable,City or Town Road,Bitumen(Tar),Dry,Not Applicable,Clear,hmt main road,new smitha store,50,13.1547746,77.33331266
Bengaluru City,Yeshwanthapura Traffic PS,1.04432e+16,2016,1,1,Road Accidents,Not Applicable,City/Town,Near Bus stop,Human Error,No,Simple Injury,Not Applicable,Police / Manual,Straight and flat,City or Town Road,Bitumen(Tar),Dry,Not Applicable,Clear,CHOWDESHWARI,BUS STOP,100 MT,13.1590118,77.33144792
Bengaluru City,Yeshwanthapura Traffic PS,1.04432e+16,2016,1,2,Road Accidents,Narrow road,City/Town,Near a factory industrial area,Human Error,Yes,Simple Injury,Hit and Run,Not at  Junction,Straight and flat,Two way,Bitumen(Tar),Dry,Not Applicable,Clear,BFW CROSS,cmti,10 fee,13.157882,77.3211472
Bengaluru City,Yeshwanthapura Traffic PS,1.04432e+16,2016,1,1,Road Accidents,Narrow road,City/Town,Near Bus stop,Human Error,No,Fatal,Not Applicable,Police / Manual,Straight and flat,City or Town Road,Bitumen(Tar),Dry,Not Applicable,Clear,mei  main road,mei company,20,0.0,0.0
Bengaluru City,Yeshwanthapura Traffic PS,1.04432e+16,2016,1,2,Road Accidents,Other,City/Town,Near Hospital,Human Error,No,Fatal,Hit and Run,Not at  Junction,Curve,Expressway,Bitumen(Tar),Dry,Not Applicable,Clear,RNS MOTORS JUNCTION,RNS SHOW ROOM,25MTRS,0.0,0.0
Bengaluru City,Yeshwanthapura Traffic PS,1.04432e+16,2016,1,1,Road Accidents,T Junction,City/Town,Near Bus stop,Human Error,No,Simple Injury,Not Applicable,Not Applicable,Straight and flat,City or Town Road,Bitumen(Tar),Dry,Not Applicable,Clear,YPR CIRCAL,BUS STOP,100MTS,13.16888,77.33268302
Bengaluru City,Yeshwanthapura Traffic PS,1.04432e+16,2016,1,2,Road Accidents,Narrow road,City/Town,Near Bus stop,Human Error,No,Simple Injury,Not Applicable,Not Applicable,Not Applicable,NH,Bitumen(Tar),Dry,Not Applicable,Fine,Marappanapalya bus stop,GOKUL DAS IMAGES,10 fee,13.1187746,77.3358104
Bengaluru City,Yeshwanthapura Traffic PS,1.04432e+16,2016,1,2,Road Accidents,Other,City/Town,Near Bus stop,Human Error,Yes,Grievous Injury,Others,No signal lights,Hump,City or Town Road,Bitumen(Tar),Dry,Not Applicable,Clear,RMC YARD TUMAKUR ROAD,GANESHA TEMPLE,40MTRS,13.1117186,77.3246554
Bengaluru City,Yeshwanthapura Traffic PS,1.04432e+16,2016,1,2,Road Accidents,Narrow road,City/Town,Near Petrol Pump,Human Error,No,Simple Injury,Hit and Run,Not at  Junction,Straight and flat,City or Town Road,Bitumen(Tar),Dry,Not Applicable,Clear,srs bus stop,petrol bunk,5 FEET,13.02993,77.537603
Bengaluru City,Yeshwanthapura Traffic PS,1.04432e+16,2016,1,1,Road Accidents,Junction,City/Town,Near Bus stop,Human Error,No,Damage Only,Not Applicable,Signals (Working),Straight and flat,City or Town Road,Bitumen(Tar),Dry,Not Applicable,Clear,"CMTI JUNCTION, TUMAKUR ROAD",cmti,50 mts,13.032104,77.53417
Bengaluru City,Yeshwanthapura Traffic PS,1.04432e+16,2016,1,1,Road Accidents,Narrow road,City/Town,Near Bus stop,Human Error,Not Applicable,Simple Injury,Not Applicable,Not Applicable,Straight and flat,City or Town Road,Bitumen(Tar),Dry,Not Applicable,Clear,RMC YARD BMTC BUS STOP,RMC YARD,10 fee,13.024803,77.547334
Bengaluru City,Yeshwanthapura Traffic PS,1.04432e+16,2016,1,2,Road Accidents,Narrow road,City/Town,Near Petrol Pump,Not Applicable,Yes,Not Applicable,Hit and Run,Not at  Junction,Not Applicable,City or Town Road,Bitumen(Tar),Dry,Not Applicable,Fine,Near Reliance petrol bunk,cmti,0.5 KM,13.028694,77.536134
Bengaluru City,Yeshwanthapura Traffic PS,1.04432e+16,2016,1,2,Road Accidents,Narrow road,City/Town,Near a factory industrial area,Human Error,Yes,Grievous Injury,Hit and Run,Police / Manual,Straight and flat,City or Town Road,Bitumen(Tar),Dry,Not Applicable,Clear,INDUSTRIAL SUB-RUB ROAD,RMC U TURN,20 FEE,13.024022,77.548316
Bengaluru City,Yeshwanthapura Traffic PS,1.04432e+16,2016,1,2,Road Accidents,Junction,City/Town,Near Bus stop,Human Error,Not Applicable,Damage Only,Not Applicable,Not Applicable,Straight and flat,City or Town Road,Bitumen(Tar),Dry,Not Applicable,Clear,G G PALYA,g g palya,10 fee,0.0,0.0
Bengaluru City,Yeshwanthapura Traffic PS,1.04432e+16,2016,1,2,Road Accidents,Y Junction,City/Town,Near a factory industrial area,Human Error,No,Simple Injury,Not Applicable,No signal lights,Straight and flat,City or Town Road,Bitumen(Tar),Dry,Not Applicable,Clear,CMTI FLYOVER,cmti,50 mtr,13.032178,77.534074
Bengaluru City,Yeshwanthapura Traffic PS,1.04432e+16,2016,1,1,Road Accidents,Narrow road,City/Town,Near Bus stop,Human Error,No,Grievous Injury,Not Applicable,No signal lights,Curve,NH,Bitumen(Tar),Dry,Not Applicable,Clear,OPP BSNL OFFICE NH-4 TUMKUR ROAD,1,2,13.01668463,77.55216116
Bengaluru City,Yeshwanthapura Traffic PS,1.04432e+16,2016,1,2,Road Accidents,Junction,City/Town,Near Hospital,Human Error,No,Grievous Injury,Others,Signal lights Automatic,Straight and flat,City or Town Road,Bitumen(Tar),Dry,Not Applicable,Clear,CMTI,HOSPITAL,50MTRS,13.1492924,77.32135888
Bengaluru City,Yeshwanthapura Traffic PS,1.04432e+16,2016,1,1,Road Accidents,Narrow road,City/Town,Near Bus stop,Human Error,No,Grievous Injury,Others,Not at  Junction,Straight and flat,City or Town Road,Bitumen(Tar),Dry,Not Applicable,Clear,"CMTI JUNCTION, TUMAKUR ROAD",CMTI COMPANY,10 fee,0.0,0.0
Bengaluru City,Yeshwanthapura Traffic PS,1.04432e+16,2016,1,1,Road Accidents,T Junction,City/Town,Near Bus stop,Human Error,No,Simple Injury,Not Applicable,Police / Manual,Straight and flat,City or Town Road,Bitumen(Tar),Dry,Not Applicable,Clear,MATHIKERE BUS STOP,BUS STOP,100MTS,0.0,0.0
Bengaluru City,Yeshwanthapura Traffic PS,1.04432e+16,2016,1,1,Road Accidents,Not Applicable,City/Town,Near Bus stop,Human Error,No,Fatal,Not Applicable,Not Applicable,Straight and flat,City or Town Road,Bitumen(Tar),Dry,Not Applicable,Clear,KFC RESTORENT,BUS STOP,100MTS,13.1239232,77.3314691
Bengaluru City,Yeshwanthapura Traffic PS,1.04432e+16,2016,1,1,Not Applicable,Narrow road,City/Town,Near Petrol Pump,Human Error,Yes,Simple Injury,Hit and Run,Not at  Junction,Straight and flat,City or Town Road,Bitumen(Tar),Dry,Not Applicable,Clear,shell,CMTI COMPANY,50 mtr,13.1296862,77.32503946
Bengaluru City,Yeshwanthapura Traffic PS,1.04432e+16,2016,1,2,Road Accidents,Narrow road,City/Town,Near Bus stop,Human Error,No,Damage Only,Not Applicable,Not Applicable,Others,Not Applicable,Bitumen(Tar),Others,Not Applicable,Clear,Near platinum city,near railway station,100 mt,0.0,0.0
Bengaluru City,Yeshwanthapura Traffic PS,1.04432e+16,2016,1,2,Road Accidents,T Junction,City/Town,Near Bus stop,Human Error,No,Grievous Injury,Others,Not Applicable,Straight and flat,City or Town Road,Bitumen(Tar),Dry,Not Applicable,Clear,srs bus stop,petrol bunk,100 mt,13.215972,77.31519162
Bengaluru City,Yeshwanthapura Traffic PS,1.04432e+16,2016,1,2,Road Accidents,Junction,City/Town,Near Hospital,Human Error,No,Damage Only,Others,Signal lights Automatic,Hump,City or Town Road,Kutcha,Muddy,Not Applicable,Clear,"CMTI JUNCTION, TUMAKUR ROAD",KLE HOSPITAL,40mtrs,13.029429,77.538719
Bengaluru City,Yeshwanthapura Traffic PS,1.04432e+16,2016,1,1,Road Accidents,Junction,City/Town,Near School or College,Human Error,Yes,Fatal,Hit and Run,No signal lights,Hump,City or Town Road,Bitumen(Tar),Dry,Not Applicable,Clear,srs junction,SRS Junction,50 mtr,13.033777,77.53108
Bengaluru City,Yeshwanthapura Traffic PS,1.04432e+16,2016,1,1,Road Accidents,Not Applicable,City/Town,In bazaar,Human Error,No,Simple Injury,Overturning,Not at  Junction,Straight and flat,City or Town Road,Bitumen(Tar),Dry,Not Applicable,Clear,RMC YARD,MEI Factory,0.5 KM,13.023523,77.54698
Bengaluru City,Yeshwanthapura Traffic PS,1.04432e+16,2016,1,1,Road Accidents,Not Applicable,City/Town,Near Bus stop,Human Error,No,Grievous Injury,Not Applicable,Not Applicable,Straight and flat,City or Town Road,Bitumen(Tar),Dry,Not Applicable,Clear,7TH MAIN MATHIKERE,bus stop,100mtr,0.0,0.0
Bengaluru City,Yeshwanthapura Traffic PS,1.04432e+16,2016,1,2,Road Accidents,Curves,City/Town,Near Bus stop,Human Error,No,Grievous Injury,Others,No signal lights,Hump,City or Town Road,Bitumen(Tar),Dry,Not Applicable,Clear,FTI OUTER RING ROAD,BUS STOP,60MTRS,13.022133,77.532636
Bengaluru City,Yeshwanthapura Traffic PS,1.04432e+16,2016,1,1,Road Accidents,Other,City/Town,Near a factory industrial area,Human Error,Yes,Fatal,Hit and Run,No signal lights,Hump,City or Town Road,Bitumen(Tar),Dry,Not Applicable,Clear,industrial subrub,viswakala printers,30mtrs,13.027631,77.533253
Bengaluru City,Yeshwanthapura Traffic PS,1.04432e+16,2016,1,1,Not Applicable,Narrow road,Not Applicable,Near Bus stop,Not Applicable,No,Grievous Injury,Not Applicable,No signal lights,Not Applicable,NH,Not Applicable,Not Applicable,No influence on accident,Not Applicable,NEAR MARAPPANAPALYA NH-4,1,2,13.169132,77.33124128
Bengaluru City,Yeshwanthapura Traffic PS,1.04432e+16,2016,1,3,Road Accidents,Narrow road,City/Town,Near Bus stop,Human Error,No,Simple Injury,Not Applicable,No signal lights,Straight and flat,NH,Bitumen(Tar),Not Applicable,Not Applicable,Clear,NEAR KPTCL CV RAMAN ROAD,1,2,13.152818,77.3331269
Bengaluru City,Yeshwanthapura Traffic PS,1.04432e+16,2016,1,1,Road Accidents,T Junction,City/Town,Near Bus stop,Human Error,No,Grievous Injury,Not Applicable,Signal lights Automatic,Straight and flat,City or Town Road,Bitumen(Tar),Dry,Not Applicable,Clear,YPR BUS STOP,BUS STOP,100MTS,13.018275,77.557029
Bengaluru City,Yeshwanthapura Traffic PS,1.04432e+16,2016,1,1,Road Accidents,Not Applicable,City/Town,Near Bus stop,Human Error,No,Simple Injury,Not Applicable,Not Applicable,Straight and flat,City or Town Road,Bitumen(Tar),Dry,Not Applicable,Clear,NH4 SELF PETROL BUNK,PETROL PUMP,100MTS,13.1293592,77.32502182
Bengaluru City,Yeshwanthapura Traffic PS,1.04432e+16,2016,1,2,Road Accidents,Junction,City/Town,Near Bus stop,Human Error,No,Damage Only,Others,Signal lights Automatic,Straight and flat,City or Town Road,Bitumen(Tar),Dry,Not Applicable,Clear,TUMAKURU ROAD,TAI VIVANTA HOTEL,40MTRS,13.029073,77.539309
Bengaluru City,Yeshwanthapura Traffic PS,1.04432e+16,2016,1,1,Road Accidents,Other,City/Town,At pedestrian Crossing,Human Error,No,Simple Injury,Others,Not Applicable,Hump,City or Town Road,Bitumen(Tar),Dry,Not Applicable,Clear,triveni road,karavali hotel,50 mtr,13.021244,77.558997
Bengaluru City,Yeshwanthapura Traffic PS,1.04432e+16,2016,1,1,Not Applicable,Narrow road,Not Applicable,Near Bus stop,Not Applicable,Yes,Simple Injury,Not Applicable,No signal lights,Not Applicable,NH,Not Applicable,Not Applicable,No influence on accident,Not Applicable,NEAR YESHWANTHAPURA FLY OVER,1,2,13.010997,77.334105
Bengaluru City,Yeshwanthapura Traffic PS,1.04432e+16,2016,1,2,Not Applicable,Narrow road,Not Applicable,In bazaar,Not Applicable,No,Damage Only,Not Applicable,No signal lights,Others,NH,Not Applicable,Not Applicable,No influence on accident,Not Applicable,NEAR G G PALYA JUNCTION NH-4 TUMKUR ROAD,1,2,0.0,0.0
Bengaluru City,Yeshwanthapura Traffic PS,1.04432e+16,2016,1,1,Road Accidents,Narrow road,City/Town,Narrow bridge or culverts,Human Error,Yes,Simple Injury,Hit and Run,No signal lights,Not Applicable,City or Town Road,Bitumen(Tar),Dry,Not Applicable,Clear,CMTI FLYOVER ROAD,FORD CAR SHOW ROOM,100 fe,13.1558732,77.3222302
Bengaluru City,Yeshwanthapura Traffic PS,1.04432e+16,2016,1,2,Road Accidents,Junction,City/Town,Near a factory industrial area,Human Error,No,Damage Only,Not Applicable,Not at  Junction,Not Applicable,City or Town Road,Bitumen(Tar),Dry,Not Applicable,Clear,TATA INSTITUTE,JIMKHANA GATE,10 fee,13.0583014,77.33437322
Bengaluru City,Yeshwanthapura Traffic PS,1.04432e+16,2016,1,2,Road Accidents,Not Applicable,City/Town,Near Bus stop,Human Error,No,Simple Injury,Not Applicable,Not Applicable,Straight and flat,City or Town Road,Bitumen(Tar),Dry,Not Applicable,Clear,RMV U TUREN,BUS STOP,100 MT,0.0,0.0
Bengaluru City,Yeshwanthapura Traffic PS,1.04432e+16,2016,1,1,Road Accidents,Cross roads,City/Town,In bazaar,Human Error,Not Applicable,Grievous Injury,Not Applicable,Not Applicable,Others,One way,Bitumen(Tar),Dry,Not Applicable,Not Applicable,yeshwanthpura BAZAR,RAGHAVENDRA COMPLEX,5 FEE,13.1390282,77.33306354
Bengaluru City,Yeshwanthapura Traffic PS,1.04432e+16,2016,1,2,Road Accidents,Narrow road,City/Town,Near Bus stop,Human Error,No,Damage Only,Not Applicable,Signals (Working),Straight and flat,City or Town Road,Bitumen(Tar),Dry,Not Applicable,Clear,NEARMETRO SHOP,BUS STPO,5 MT,13.01538,77.55507
Bengaluru City,Yeshwanthapura Traffic PS,1.04432e+16,2016,1,2,Road Accidents,Junction,City/Town,Near Bus stop,Human Error,No,Damage Only,Others,Signal lights Automatic,Hump,Others,Bitumen(Tar),Dry,Not Applicable,Clear,CMTI JUNCTION,BUS STOP,50 fee,13.034671,77.529551
Bengaluru City,Yeshwanthapura Traffic PS,1.04432e+16,2016,1,2,Road Accidents,Cross roads,City/Town,In bazaar,Human Error,No,Damage Only,Not Applicable,No signal lights,Straight and flat,City or Town Road,Bitumen(Tar),Dry,Not Applicable,Clear,APMC YARD 7TH CROSS,NEAR  AYUSH COMPANY,50 FEE,13.019263,77.54779
Bengaluru City,Yeshwanthapura Traffic PS,1.04432e+16,2016,1,2,Road Accidents,Narrow road,City/Town,In bazaar,Human Error,No,Damage Only,Not Applicable,No signal lights,Straight and flat,City or Town Road,Bitumen(Tar),Dry,Not Applicable,Clear,MEI BUS STOP,MEga store,20 fee,13.026345,77.544127
Bengaluru City,Yeshwanthapura Traffic PS,1.04432e+16,2016,1,1,Road Accidents,Cross roads,City/Town,Near Hospital,Human Error,Yes,Simple Injury,Not Applicable,No signal lights,Not Applicable,City or Town Road,Bitumen(Tar),Dry,Not Applicable,Clear,1ST MN,BMTC BUS STOP,20 MTR,13.026764,77.561726
Bengaluru City,Yeshwanthapura Traffic PS,1.04432e+16,2016,1,2,Road Accidents,Circle,City/Town,Near Bus stop,Human Error,Yes,Simple Injury,Hit and Run,No signal lights,Hump,City or Town Road,Bitumen(Tar),Dry,Not Applicable,Clear,FTI CIRCLE TUMAKUR ROAD,BUS STOP,50 fee,13.022185,77.532876
Bengaluru City,Yeshwanthapura Traffic PS,1.04432e+16,2016,1,1,Not Applicable,Narrow road,Not Applicable,Narrow bridge or culverts,Not Applicable,No,Simple Injury,Not Applicable,No signal lights,Not Applicable,NH,Not Applicable,Not Applicable,No influence on accident,Not Applicable,NEAR ULLAS THEATER MARAPPANAPALYA,1,2,13.011174,77.331037
Bengaluru City,Yeshwanthapura Traffic PS,1.04432e+16,2016,1,1,Not Applicable,Narrow road,Not Applicable,Near Bus stop,Not Applicable,Yes,Simple Injury,Not Applicable,No signal lights,Not Applicable,NH,Not Applicable,Not Applicable,No influence on accident,Not Applicable,C V RAMAN ROAD  YESHWANTHAPURA,1,2,13.16474,77.33287958
Bengaluru City,Yeshwanthapura Traffic PS,1.04432e+16,2016,1,2,Not Applicable,Narrow road,Not Applicable,Near a factory industrial area,Not Applicable,No,Damage Only,Not Applicable,No signal lights,Not Applicable,NH,Not Applicable,Not Applicable,No influence on accident,Not Applicable,INDUSTRY SUB RUB  YPR BANGALORE,1,2,13.1435252,77.32106038
Bengaluru City,Yeshwanthapura Traffic PS,1.04432e+16,2016,1,2,Road Accidents,Narrow road,City/Town,Residential area,Human Error,No,Fatal,Not Applicable,No signal lights,Hump,NH,Bitumen(Tar),Dry,Not Applicable,Clear,1ST MAIN SUMANGALI SILK MATHIKERE YPR,1,2,13.024296,77.5572
Bengaluru City,Yeshwanthapura Traffic PS,1.04432e+16,2016,1,1,Road Accidents,Narrow road,City/Town,Near a factory industrial area,Human Error,No,Simple Injury,Not Applicable,No signal lights,Curve,NH,Bitumen(Tar),Dry,No influence on accident,Clear,NEAR MARAPPANAPALYA TUMKUR ROAD,1,2,13.0587088,77.33139242
Bengaluru City,Yeshwanthapura Traffic PS,1.04432e+16,2016,1,2,Road Accidents,Narrow road,City/Town,Residential area,Human Error,No,Grievous Injury,Not Applicable,No signal lights,Hump,City or Town Road,Bitumen(Tar),Not Applicable,Not Applicable,Clear,EYE WISHIN CENTER MATHIKERE,1,2,13.1567222,77.33317946
Bengaluru City,Yeshwanthapura Traffic PS,1.04432e+16,2016,1,2,Road Accidents,Circle,City/Town,Near Bus stop,Human Error,No,Damage Only,Others,Signal lights Automatic,Straight and flat,City or Town Road,Bitumen(Tar),Dry,Not Applicable,Clear,yeshwanthpura circle road,ypr trps,40mtrs,13.174346,77.33275214
Bengaluru City,Yeshwanthapura Traffic PS,1.04432e+16,2016,1,2,Road Accidents,T Junction,City/Town,Near a factory industrial area,Human Error,No,Damage Only,Right Turn Collision,Signal lights Automatic,Straight and flat,City or Town Road,Bitumen(Tar),Dry,Not Applicable,Clear,TAJ VIVANTHA,GOKUL DAS IMAGES,10 fee,0.0,0.0
Bengaluru City,Yeshwanthapura Traffic PS,1.04432e+16,2016,1,1,Road Accidents,Bridge,City/Town,At pedestrian Crossing,Human Error,No,Fatal,Hit pedestrian,No signal lights,Hump,City or Town Road,Bitumen(Tar),Dry,Not Applicable,Clear,fti flyover,petrol bunk,50 mts,13.1207444,77.31579138
Bengaluru City,Yeshwanthapura Traffic PS,1.04432e+16,2016,1,2,Road Accidents,Bridge,City/Town,Near Bus stop,Human Error,No,Simple Injury,Not Applicable,Not at  Junction,Not Applicable,City or Town Road,Bitumen(Tar),Dry,Not Applicable,Clear,yeshwanthpura,yeshwanthpura flyover,50 mtr,13.1282,77.33245268
Bengaluru City,Yeshwanthapura Traffic PS,1.04432e+16,2016,1,1,Road Accidents,Other,City/Town,Near Bus stop,Human Error,No,Damage Only,Others,Not at  Junction,Curve,City or Town Road,Bitumen(Tar),Dry,Not Applicable,Clear,NEAR HOTEL,HOTEL,40MTRS,13.028969,77.540715
Bengaluru City,Yeshwanthapura Traffic PS,1.04432e+16,2016,1,2,Not Applicable,Other,City/Town,Near a factory industrial area,Human Error,Yes,Simple Injury,Hit and Run,No signal lights,Not Applicable,Two way,Bitumen(Tar),Dry,Not Applicable,Clear,industrial subrub AREA,SHARAVANA STEEL,100 mt,13.030787,77.532883
Bengaluru City,Yeshwanthapura Traffic PS,1.04432e+16,2017,1,1,Not Applicable,Other,City/Town,In bazaar,Human Error,No,Grievous Injury,Hit and Run,Not at  Junction,Not Applicable,Two way,Bitumen(Tar),Dry,Not Applicable,Fine,1st main road  ypr,bombay dying,50 fee,13.019937,77.555671
Bengaluru City,Yeshwanthapura Traffic PS,1.04432e+16,2017,1,2,Road Accidents,Narrow road,City/Town,Near a factory industrial area,Human Error,No,Damage Only,Others,Not at  Junction,Straight and flat,City or Town Road,Bitumen(Tar),Dry,Not Applicable,Clear,MES ROAD,TATA INSTITUTE,50MTRS,13.032408,77.54075
Bengaluru City,Yeshwanthapura Traffic PS,1.04432e+16,2017,1,1,Road Accidents,Circle,City/Town,Near Bus stop,Human Error,No,Simple Injury,Not Applicable,Not Applicable,Curve,City or Town Road,Bitumen(Tar),Dry,Not Applicable,Clear,yeshwanthapura bus stop,blue dart,20 FEE,13.018537,77.557752
Bengaluru City,Yeshwanthapura Traffic PS,1.04432e+16,2017,1,2,Road Accidents,T Junction,City/Town,Near Hospital,Human Error,Yes,Not Applicable,Hit and Run,Signals (Working),Others,One way,Bitumen(Tar),Dry,Not Applicable,Fine,g.g. palya bus stop,People tree hospital,50 fee,13.029073,77.539309
Bengaluru City,Yeshwanthapura Traffic PS,1.04432e+16,2017,1,1,Road Accidents,Circle,City/Town,Near Bus stop,Human Error,No,Damage Only,Others,Signal lights Automatic,Straight and flat,City or Town Road,Bitumen(Tar),Dry,Not Applicable,Clear,PLATINUM CITY,BMTC BUS STOP,50 mtr,13.018537,77.557752
Bengaluru City,Yeshwanthapura Traffic PS,1.04432e+16,2017,1,2,Road Accidents,Narrow road,City/Town,Near School or College,Human Error,No,Fatal,Rear end,Police / Manual,Straight and flat,City or Town Road,Bitumen(Tar),Dry,Not Applicable,Clear,B K NAGAR 1ST MAIN ROAD,DVINE SCHOOL,50,13.028969,77.561293
Bengaluru City,Yeshwanthapura Traffic PS,1.04432e+16,2017,1,1,Road Accidents,Narrow road,City/Town,Near Bus stop,Human Error,Yes,Simple Injury,Hit and Run,Police / Manual,Straight and flat,City or Town Road,Bitumen(Tar),Dry,Not Applicable,Clear,1ST MN,bus stop,100 MT,13.028969,77.561293
Bengaluru City,Yeshwanthapura Traffic PS,1.04432e+16,2017,1,1,Road Accidents,T Junction,City/Town,Near Bus stop,Human Error,No,Fatal,Others,Signal lights Automatic,Straight and flat,City or Town Road,Bitumen(Tar),Dry,Not Applicable,Clear,C.V.RAMAN RD,dcp office,10 FEE,13.024181,77.54844