DISTRICTNAME,UNITNAME,Crime_No,Year,RI,Noofvehicle_involved,Accident_Classification,Accident_Spot,Accident_Location,Accident_SubLocation,Main_Cause,Hit_Run,Severity,Collision_Type,Junction_Control,Road_Character,Road_Type,Surface_Type,Surface_Condition,Road_Condition,Weather,Accident_Road,Landmark_first,Distance_LandMark_First,Latitude,Longitude
Bengaluru City,Yeshwanthapura Traffic PS,1.04432e+16,2017,1,1,Road Accidents,Other,City/Town,Near Bus stop,Human Error,No,Simple Injury,Not Applicable,No signal lights,Not Applicable,City or Town Road,Bitumen(Tar),Dry,Not Applicable,Clear,RMC YARD,FIRE ENGINE OFFICE,100,13.02069,77.546852
Bengaluru City,Yeshwanthapura Traffic PS,1.04432e+16,2017,1,1,Road Accidents,Y Junction,City/Town,Near Bus stop,Human Error,No,Simple Injury,Others,No signal lights,Straight and flat,City or Town Road,Bitumen(Tar),Dry,Not Applicable,Clear,YESHWANTHPURA ROAD,METRO FORD,15,13.019859,77.552798
Bengaluru City,Yeshwanthapura Traffic PS,1.04432e+16,2017,1,1,Road Accidents,Narrow road,City/Town,In bazaar,Human Error,No,Grievous Injury,Rear end,No signal lights,Straight and flat,City or Town Road,Bitumen(Tar),Dry,Not Applicable,Clear,NEAR MORE MEGA STORE,MEI BUS STAND,10 FEE,13.024181,77.54844
Bengaluru City,Yeshwanthapura Traffic PS,1.04432e+16,2017,1,1,Road Accidents,Narrow road,City/Town,Near Bus stop,Human Error,No,Simple Injury,Not Applicable,No signal lights,Straight and flat,City or Town Road,Bitumen(Tar),Dry,Not Applicable,Clear,HMT ROPAD DIVANARA PALYA,DIVANARA PALYA BUS STOP,0,13.028049,77.561936
Bengaluru City,Yeshwanthapura Traffic PS,1.04432e+16,2017,1,2,Road Accidents,Y Junction,City/Town,Near a factory industrial area,Human Error,No,Damage Only,Not Applicable,No signal lights,Straight and flat,City or Town Road,Bitumen(Tar),Dry,Not Applicable,Clear,TUMKUR ROAD,CMTI,20,13.032104,77.53417
Bengaluru City,Yeshwanthapura Traffic PS,1.04432e+16,2017,1,1,Road Accidents,Y Junction,City/Town,Near Bus stop,Human Error,No,Fatal,Skidding or Self accident,Not at  Junction,Curve,City or Town Road,Bitumen(Tar),Dry,Not Applicable,Clear,YESHWANTHAPURA CIRCLE BUS STOP,YESHWANTHAPURA PS,10 MTR,13.018537,77.557752
Bengaluru City,Yeshwanthapura Traffic PS,1.04432e+16,2017,1,2,Road Accidents,Junction,City/Town,Near Bus stop,Human Error,No,Damage Only,Others,Signal lights Automatic,Straight and flat,City or Town Road,Bitumen(Tar),Dry,Not Applicable,Clear,YESHWANTHPURA CIRCLE,BMTC BUS STOP,50 fee,13.019937,77.555671
Bengaluru City,Yeshwanthapura Traffic PS,1.04432e+16,2017,1,2,Not Applicable,Other,City/Town,Near office complex,Human Error,Not Applicable,Not Applicable,Hit and Run,Police / Manual,Not Applicable,City or Town Road,Bitumen(Tar),Dry,Not Applicable,Fine,yeshwanthapura 1st main,Sagar fast food hotel,20,13.028969,77.561293
Bengaluru City,Yeshwanthapura Traffic PS,1.04432e+16,2017,1,2,Road Accidents,Narrow road,City/Town,In bazaar,Human Error,Yes,Fatal,Not Applicable,Not at  Junction,Straight and flat,City or Town Road,Bitumen(Tar),Dry,Not Applicable,Clear,megh store,MEI BUS STAND,50 mtr,13.024181,77.54844
Bengaluru City,Yeshwanthapura Traffic PS,1.04432e+16,2017,1,1,Road Accidents,Other,City/Town,Near Bus stop,Human Error,No,Simple Injury,Others,Not at  Junction,Straight and flat,City or Town Road,Bitumen(Tar),Dry,Not Applicable,Clear,NH4 TUMKUR ROAD,MORE STORE,50 mtr,13.024181,77.54844
Bengaluru City,Yeshwanthapura Traffic PS,1.04432e+16,2017,1,1,Road Accidents,Narrow road,City/Town,Near a factory industrial area,Human Error,Yes,Damage Only,Not Applicable,No signal lights,Straight and flat,City or Town Road,Bitumen(Tar),Dry,Not Applicable,Clear,industrial subrub AREA 2nd stage,compound,10,13.027004,77.528419
Bengaluru City,Yeshwanthapura Traffic PS,1.04432e+16,2017,1,2,Road Accidents,Narrow road,City/Town,Near Bus stop,Human Error,No,Simple Injury,Not Applicable,Police / Manual,Others,City or Town Road,Bitumen(Tar),Dry,Not Applicable,Clear,MATHIKERE,NEAR VIDYANIKETHAN SCHOLL,30 MT,13.033116,77.557318
Bengaluru City,Yeshwanthapura Traffic PS,1.04432e+16,2017,1,2,Road Accidents,Narrow road,City/Town,Near office complex,Human Error,No,Fatal,Overturning,No signal lights,Not Applicable,City or Town Road,Bitumen(Tar),Dry,Not Applicable,Clear,CQAE,CQAE,2 MTR,13.035916,77.542617
Bengaluru City,Yeshwanthapura Traffic PS,1.04432e+16,2017,1,1,Road Accidents,Narrow road,City/Town,Near Bus stop,Human Error,Yes,Simple Injury,Hit and Run,No signal lights,Straight and flat,City or Town Road,Bitumen(Tar),Dry,Not Applicable,Clear,MEI road,MEI FACTORY,20 fee,13.024479,77.54719
Bengaluru City,Yeshwanthapura Traffic PS,1.04432e+16,2017,1,1,Road Accidents,T Junction,City/Town,Near Bus stop,Human Error,No,Grievous Injury,Not Applicable,Signal lights Automatic,Straight and flat,City or Town Road,Bitumen(Tar),Dry,Not Applicable,Clear,BMTC bus tarminal near yeswanthapura,BUS STOP,10  FT,13.018537,77.557752
Bengaluru City,Yeshwanthapura Traffic PS,1.04432e+16,2017,1,2,Road Accidents,T Junction,City/Town,Near Bus stop,Human Error,No,Grievous Injury,Not Applicable,No signal lights,Straight and flat,City or Town Road,Bitumen(Tar),Dry,Not Applicable,Clear,MEI outer ring rd.,BUS STOP,100 FT,13.029073,77.539309
Bengaluru City,Yeshwanthapura Traffic PS,1.04432e+16,2017,1,1,Road Accidents,Other,City/Town,Open area,Human Error,No,Grievous Injury,Not Applicable,Not Applicable,Straight and flat,Others,Bitumen(Tar),Dry,Not Applicable,Clear,VRL office opposit NH4 Rd,bus stop,100ft,13.032104,77.53417
Bengaluru City,Yeshwanthapura Traffic PS,1.04432e+16,2017,1,1,Road Accidents,Narrow road,City/Town,Near office complex,Human Error,No,Simple Injury,Not Applicable,Police / Manual,Straight and flat,City or Town Road,Bitumen(Tar),Dry,Not Applicable,Clear,MORE MEGA STORE TUMKUR ROAD,NEAR RMC YARD,10 MTR,13.024181,77.54844
Bengaluru City,Yeshwanthapura Traffic PS,1.04432e+16,2018,1,2,Road Accidents,T Junction,City/Town,Near Bus stop,Human Error,Yes,Simple Injury,Hit and Run,Signals (Working),Straight and flat,City or Town Road,Bitumen(Tar),Dry,Not Applicable,Clear,G G PALYA,NEAR SHIVA TEMPLE,10ft,13.029073,77.539309
Bengaluru City,Yeshwanthapura Traffic PS,1.04432e+16,2018,1,1,Road Accidents,Narrow road,City/Town,Near Petrol Pump,Human Error,No,Simple Injury,Others,Not at  Junction,Straight and flat,City or Town Road,Bitumen(Tar),Dry,Not Applicable,Clear,Ring road,near Reliance petrol bunk,100 ft,13.030265,77.537051
Bengaluru City,Yeshwanthapura Traffic PS,1.04432e+16,2018,1,1,Road Accidents,Other,City/Town,Near office complex,Not Applicable,No,Grievous Injury,Hit pedestrian,Uncontrolled,Others,City or Town Road,Bitumen(Tar),Dry,Not Applicable,Clear,APMC YARD,opp Maruthi tredars,10 FT,13.019169,77.553133
Bengaluru City,Yeshwanthapura Traffic PS,1.04432e+16,2018,1,2,Road Accidents,Circle,City/Town,Near a factory industrial area,Human Error,No,Damage Only,Others,Signals (Working),Straight and flat,City or Town Road,Bitumen(Tar),Dry,Not Applicable,Clear,Tumkur road,NEAR CMTI,20FT,13.030265,77.537051
Bengaluru City,Yeshwanthapura Traffic PS,1.04432e+16,2018,1,1,Road Accidents,Y Junction,City/Town,Near Bus stop,Human Error,No,Damage Only,Not Applicable,Uncontrolled,Not Applicable,City or Town Road,Bitumen(Tar),Dry,Not Applicable,Clear,yeshwanthapura flyover,Yeshwanthapura ps,10 FT,13.018537,77.557752
Bengaluru City,Yeshwanthapura Traffic PS,1.04432e+16,2018,1,2,Road Accidents,Curves,City/Town,Near Hospital,Human Error,Yes,Simple Injury,Hit and Run,No signal lights,Curve,City or Town Road,Bitumen(Tar),Dry,Not Applicable,Clear,triveni road,SAYI DEEP ADVANCE DENTAL HOSPITAL,50 MTR,0.0,0.0
Bengaluru City,Yeshwanthapura Traffic PS,1.04432e+16,2018,1,2,Road Accidents,Narrow road,City/Town,Near Hospital,Human Error,Yes,Simple Injury,Hit and Run,Uncontrolled,Not Applicable,City or Town Road,Bitumen(Tar),Dry,Not Applicable,Fine,NEAR SPARSHA HOSPITAL,TUMAKURU NH4 ROAD,25ft,13.029073,77.539309
Bengaluru City,Yeshwanthapura Traffic PS,1.04432e+16,2018,1,1,Road Accidents,Junction,City/Town,Near Bus stop,Human Error,No,Damage Only,Hit and Run,Signal lights Automatic,Straight and flat,City or Town Road,Bitumen(Tar),Dry,Not Applicable,Clear,Yeshwanthapura circle,YESHWANTHAPUR  PS,5 FT,0.0,0.0
Bengaluru City,Yeshwanthapura Traffic PS,1.04432e+16,2018,1,2,Road Accidents,Junction,City/Town,In bazaar,Human Error,No,Simple Injury,Not Applicable,Signal lights Manual,Straight and flat,City or Town Road,Bitumen(Tar),Dry,Not Applicable,Clear,SUBEDAR PALYA ROAD,UMA MAHESHWARI BEKARY,50 ft,13.02416,77.562408
Bengaluru City,Yeshwanthapura Traffic PS,1.04432e+16,2018,1,1,Road Accidents,Narrow road,City/Town,Near Bus stop,Human Error,No,Simple Injury,Hit pedestrian,No signal lights,Straight and flat,City or Town Road,Bitumen(Tar),Dry,Not Applicable,Clear,Tumkur road,CMTI JUNCTION,20 FT,13.029073,77.539309
Bengaluru City,Yeshwanthapura Traffic PS,1.04432e+16,2018,1,1,Road Accidents,Narrow road,City/Town,Near Bus stop,Human Error,Yes,Fatal,Hit pedestrian,No signal lights,Straight and flat,City or Town Road,Bitumen(Tar),Dry,Not Applicable,Clear,RMC YARD BUS STOP,VAISHNAVI SAPAIR,10 FT,13.024181,77.54844
Bengaluru City,Yeshwanthapura Traffic PS,1.04432e+16,2018,1,1,Road Accidents,Narrow road,City/Town,Near office complex,Human Error,No,Simple Injury,Not Applicable,No signal lights,Straight and flat,City or Town Road,Bitumen(Tar),Dry,Not Applicable,Clear,NEAR RMC YARD,RMC YARD,100 FT,0.0,0.0
Bengaluru City,Yeshwanthapura Traffic PS,1.04432e+16,2018,1,2,Road Accidents,Narrow road,City/Town,Near Bus stop,Human Error,Not Applicable,Simple Injury,Others,Signal lights Manual,Straight and flat,City or Town Road,Bitumen(Tar),Dry,Not Applicable,Clear,1ST MAIN,ADEESHWARA SHOW ROOM,50,13.039473,77.591671
Bengaluru City,Yeshwanthapura Traffic PS,1.04432e+16,2018,1,1,Road Accidents,Narrow road,City/Town,Residential area,Human Error,No,Fatal,Not Applicable,Not at  Junction,Straight and flat,City or Town Road,Bitumen(Tar),Dry,Not Applicable,Clear,G G PALYA,NEAR DATTA GURU TEA STALL 1ST MAIN G G PALYA,5MTR,13.029073,77.539309
Bengaluru City,Yeshwanthapura Traffic PS,1.04432e+16,2018,1,2,Road Accidents,Y Junction,City/Town,Narrow bridge or culverts,Human Error,Yes,Simple Injury,Hit and Run,No signal lights,Not Applicable,City or Town Road,Bitumen(Tar),Dry,Not Applicable,Clear,Tumkur road,PEENYA FLYOVER,40 FT,13.032104,77.53417
Bengaluru City,Yeshwanthapura Traffic PS,1.04432e+16,2018,1,1,Road Accidents,Narrow road,City/Town,Near a factory industrial area,Human Error,Not Applicable,Simple Injury,Not Applicable,Not Applicable,Not Applicable,City or Town Road,Bitumen(Tar),Dry,Not Applicable,Clear,Near modern bread factory,outer ring road,25ft,13.0250679,77.5340637
Bengaluru City,Yeshwanthapura Traffic PS,1.04432e+16,2018,1,2,Road Accidents,Narrow road,City/Town,Near Bus stop,Human Error,Yes,Simple Injury,Hit and Run,Not at  Junction,Straight and flat,City or Town Road,Bitumen(Tar),Dry,Not Applicable,Clear,MATHIKERE ROAD,NEAR AYYAPPA TEMPLE,50 mtr,13.02416,77.562408
Bengaluru City,Yeshwanthapura Traffic PS,1.04432e+16,2018,1,2,Road Accidents,Narrow road,City/Town,Near office complex,Human Error,Yes,Not Applicable,Hit and Run,Not at  Junction,Not Applicable,City or Town Road,Bitumen(Tar),Dry,Not Applicable,Clear,oppisite of dcp west office,C V Raman road,15 FT,13.018537,77.557752
Bengaluru City,Yeshwanthapura Traffic PS,1.04432e+16,2018,1,1,Rail Road Accidents,Circle,City/Town,Near Bus stop,Human Error,No,Simple Injury,Hit and Run,Signal lights Automatic,Straight and flat,City or Town Road,Bitumen(Tar),Dry,Not Applicable,Clear,8th main,BMTC BUS STOP,40 FT,13.0182784,77.5578137
Bengaluru City,Yeshwanthapura Traffic PS,1.04432e+16,2018,1,1,Road Accidents,Cross roads,City/Town,Near Bus stop,Human Error,No,Grievous Injury,Hit pedestrian,Signal lights Automatic,Straight and flat,City or Town Road,Bitumen(Tar),Dry,Not Applicable,Clear,NEAR POPULAR AUTO GARAGE TUMKUR ROAD,CMTI JUNCTION,30 FEE,13.0312868,77.5352134
Bengaluru City,Yeshwanthapura Traffic PS,1.04432e+16,2018,1,2,Road Accidents,Narrow road,City/Town,Near Bus stop,Human Error,No,Simple Injury,Others,No signal lights,Straight and flat,City or Town Road,Bitumen(Tar),Dry,Not Applicable,Clear,SMASHANA ROAD,LAKSHMIDEVI HOTEL,30 FEE,13.0254684,77.516324
Bengaluru City,Yeshwanthapura Traffic PS,1.04432e+16,2018,1,2,Road Accidents,Cross roads,City/Town,Near office complex,Human Error,No,Simple Injury,Not Applicable,No signal lights,Hump,City or Town Road,Bitumen(Tar),Dry,Not Applicable,Clear,DCP OFFCE ROAD,FLY OVER UP RAMP,20 FT,13.018537,77.557752
Bengaluru City,Yeshwanthapura Traffic PS,1.04432e+16,2018,1,2,Road Accidents,Narrow road,City/Town,Near Bus stop,Human Error,No,Simple Injury,Not Applicable,Signals (Not working),Straight and flat,City or Town Road,Bitumen(Tar),Dry,Not Applicable,Clear,Marappana palya,Metro ford,20 FT,13.019169,77.553133
Bengaluru City,Yeshwanthapura Traffic PS,1.04432e+16,2018,1,1,Road Accidents,Narrow road,City/Town,In bazaar,Human Error,No,Simple Injury,Not Applicable,No signal lights,Straight and flat,City or Town Road,Bitumen(Tar),Dry,Not Applicable,Clear,RMC YARD  TUMKUR ROAD,SHIVA TEMPLE,30,13.024181,77.54844
Bengaluru City,Yeshwanthapura Traffic PS,1.04432e+16,2018,1,1,Road Accidents,Narrow road,City/Town,In bazaar,Human Error,Yes,Damage Only,Not Applicable,Not at  Junction,Others,Others,Bitumen(Tar),Dry,Not Applicable,Clear,RMC YARD ROAD,NEAR RMC YARD,30 FT,13.024181,77.54844
Bengaluru City,Yeshwanthapura Traffic PS,1.04432e+16,2018,1,2,Road Accidents,Junction,City/Town,Near Bus stop,Human Error,Yes,Simple Injury,Hit and Run,Not Applicable,Others,City or Town Road,Bitumen(Tar),Dry,Not Applicable,Clear,NEAR MEI JUNTION,TUMAKURU NH4 ROAD,30 FT,13.029073,77.539309
Bengaluru City,Yeshwanthapura Traffic PS,1.04432e+16,2018,1,1,Road Accidents,Not Applicable,City/Town,At pedestrian Crossing,Human Error,Yes,Fatal,Hit and Run,No signal lights,Straight and flat,City or Town Road,Bitumen(Tar),Dry,Not Applicable,Clear,OUTER RING ROAD,INDIAN MINNING BEARUE,50ft,13.024919,77.533496
Bengaluru City,Yeshwanthapura Traffic PS,1.04432e+16,2018,1,1,Road Accidents,Curves,City/Town,In bazaar,Human Error,Yes,Simple Injury,Hit and Run,No signal lights,Curve,City or Town Road,Bitumen(Tar),Dry,Not Applicable,Not Applicable,TUMKUR ROAD NEAR KARLE OFFICE,METRO CASH AND CARRY,40 FT,13.0154736,77.5547564
Bengaluru City,Yeshwanthapura Traffic PS,1.04432e+16,2018,1,2,Road Accidents,Narrow road,City/Town,Near Bus stop,Human Error,No,Fatal,Not Applicable,Signal lights Automatic,Straight and flat,City or Town Road,Bitumen(Tar),Dry,Not Applicable,Clear,TUMKUR ROAD,CMTI,20 FT,13.0296909,77.5374282
Bengaluru City,Yeshwanthapura Traffic PS,1.04432e+16,2018,1,1,Road Accidents,Narrow road,City/Town,Near Bus stop,Human Error,Yes,Simple Injury,Hit pedestrian,Police / Manual,Straight and flat,City or Town Road,Bitumen(Tar),Dry,Not Applicable,Clear,poojamma temple road,G G PALYA BUS STOP,30 FEE,13.026002,77.537381
Bengaluru City,Yeshwanthapura Traffic PS,1.04432e+16,2018,1,1,Road Accidents,Bridge,City/Town,Near a factory industrial area,Human Error,Yes,Fatal,Hit and Run,No signal lights,Not Applicable,City or Town Road,Bitumen(Tar),Dry,Not Applicable,Not Applicable,Ring road,FTI,50ft,13.024919,77.533496
Bengaluru City,Yeshwanthapura Traffic PS,1.04432e+16,2018,1,2,Road Accidents,Y Junction,City/Town,Near Bus stop,Human Error,No,Simple Injury,Not Applicable,No signal lights,Not Applicable,City or Town Road,Bitumen(Tar),Dry,Not Applicable,Fine,Thumkur rd CMTI junction prrnya piay over down ramp near,cmti,20ft,13.032104,77.53417
Bengaluru City,Yeshwanthapura Traffic PS,1.04432e+16,2018,1,2,Road Accidents,Narrow road,City/Town,Near Bus stop,Human Error,No,Simple Injury,Not Applicable,Signals (Working),Straight and flat,City or Town Road,Bitumen(Tar),Dry,Not Applicable,Clear,MEI TUMKUR ROAD,MEI BUS STOP,40 FT,0.0,0.0
Bengaluru City,Yeshwanthapura Traffic PS,1.04432e+16,2018,1,2,Road Accidents,Other,City/Town,Near Hospital,Human Error,Yes,Simple Injury,Hit and Run,Not Applicable,Others,City or Town Road,Bitumen(Tar),Dry,Not Applicable,Clear,INFRENT OF ESI HOSPTIAL,INDUSTRIAL SUBRUB ARIEA,20FT,13.024919,77.533496
Bengaluru City,Yeshwanthapura Traffic PS,1.04432e+16,2018,1,1,Road Accidents,Narrow road,City/Town,Near Bus stop,Human Error,No,Simple Injury,Not Applicable,No signal lights,Straight and flat,City or Town Road,Bitumen(Tar),Dry,Not Applicable,Clear,1ST MAIN G G PALYA,G G PALYA BUS STOP,30 FEE,13.0271024,77.5392283
Bengaluru City,Yeshwanthapura Traffic PS,1.04432e+16,2018,1,2,Road Accidents,Narrow road,City/Town,Near Bus stop,Human Error,No,Simple Injury,Others,Not Applicable,Straight and flat,City or Town Road,Bitumen(Tar),Dry,Not Applicable,Clear,80 FEET ROAD,MATHIKERE BUS STOP,20 FT,13.0323096,77.5537927
Bengaluru City,Yeshwanthapura Traffic PS,1.04432e+16,2018,1,2,Road Accidents,Narrow road,City/Town,Near a factory industrial area,Human Error,Yes,Grievous Injury,Hit and Run,No signal lights,Straight and flat,City or Town Road,Bitumen(Tar),Dry,Not Applicable,Clear,RING ROAD,NEAR INDIAN MINIS BEARUE OFFICE,100,13.026844,77.5350167
Bengaluru City,Yeshwanthapura Traffic PS,1.04432e+16,2018,1,2,Road Accidents,Curves,City/Town,Near a factory industrial area,Human Error,No,Simple Injury,Others,No signal lights,Curve,City or Town Road,Bitumen(Tar),Dry,Not Applicable,Clear,NEARKARLE FACTORY,KARLE,10 FT,13.019169,77.553133
Bengaluru City,Yeshwanthapura Traffic PS,1.04432e+16,2018,1,1,Road Accidents,Narrow road,City/Town,Near Bus stop,Human Error,No,Simple Injury,Hit pedestrian,No signal lights,Straight and flat,City or Town Road,Bitumen(Tar),Not Applicable,Not Applicable,Clear,Yeshwanthapura circle,j k mobile centre,10 FT,13.019509,77.558047
Bengaluru City,Yeshwanthapura Traffic PS,1.04432e+16,2018,1,2,Road Accidents,Bridge,City/Town,Near Bus stop,Human Error,No,Simple Injury,Not Applicable,Not at  Junction,Not Applicable,City or Town Road,Bitumen(Tar),Dry,Not Applicable,Clear,MATHIKERE FLYOVER,SVS ENTERPRISES,100 FT,13.021233,77.565781
Bengaluru City,Yeshwanthapura Traffic PS,1.04432e+16,2018,1,1,Road Accidents,Narrow road,City/Town,Near office complex,Human Error,No,Simple Injury,Rear end,No signal lights,Straight and flat,City or Town Road,Bitumen(Tar),Dry,Not Applicable,Clear,Tumkur road,shell petrol bunk,20,13.024181,77.54844
Bengaluru City,Yeshwanthapura Traffic PS,1.04432e+16,2018,1,1,Road Accidents,Narrow road,City/Town,Near Bus stop,Human Error,No,Simple Injury,Not Applicable,Signals (Working),Others,City or Town Road,Bitumen(Tar),Dry,Not Applicable,Clear,TUMKUR ROAD G G PALYA ENTRENCE,SHIVA TEMPLE,10,13.029073,77.539309
Bengaluru City,Yeshwanthapura Traffic PS,1.04432e+16,2018,1,1,Rail Road Accidents,Narrow road,City/Town,Near School or College,Human Error,No,Simple Injury,Rear end,No signal lights,Straight and flat,City or Town Road,Bitumen(Tar),Dry,Not Applicable,Clear,MATHIKERE,SENT LOOTS ENGLISH  SCHOOL,30 FT,13.019937,77.555671
Bengaluru City,Yeshwanthapura Traffic PS,1.04432e+16,2018,1,2,Road Accidents,Narrow road,City/Town,Near School or College,Human Error,Not Applicable,Simple Injury,Not Applicable,No signal lights,Straight and flat,City or Town Road,Bitumen(Tar),Dry,Not Applicable,Clear,outer ring road,ITI COLLEGE AND FTI FACTORY,20 FEE,13.0250679,77.5340637
Bengaluru City,Yeshwanthapura Traffic PS,1.04432e+16,2018,1,2,Road Accidents,Circle,City/Town,Near Bus stop,Human Error,No,Simple Injury,Not Applicable,Signal lights Automatic,Not Applicable,City or Town Road,Bitumen(Tar),Dry,Not Applicable,Clear,Yeshwanthapura circle,YESHWANTHAPUR PS,05FEE,13.018537,77.557752
Bengaluru City,Yeshwanthapura Traffic PS,1.04432e+16,2018,1,2,Road Accidents,Junction,City/Town,Near a factory industrial area,Human Error,Not Applicable,Simple Injury,Not Applicable,No signal lights,Not Applicable,City or Town Road,Bitumen(Tar),Not Applicable,Not Applicable,Clear,YESHAWANTHAPURA INDUSTRIAL SUB HARB AREA,NEAR 2ND CROSS,5FT,13.030265,77.537051
Bengaluru City,Yeshwanthapura Traffic PS,1.04432e+16,2018,1,2,Road Accidents,Junction,City/Town,Near Bus stop,Human Error,No,Simple Injury,Not Applicable,Signals (Working),Straight and flat,City or Town Road,Bitumen(Tar),Dry,Not Applicable,Clear,HMT MAIN ROAD,HMT MAIN ROAD,100,13.028969,77.561293
Bengaluru City,Yeshwanthapura Traffic PS,1.04432e+16,2018,1,1,Road Accidents,Narrow road,City/Town,Near Bus stop,Human Error,No,Simple Injury,Hit pedestrian,Not at  Junction,Straight and flat,City or Town Road,Bitumen(Tar),Dry,Not Applicable,Clear,G G PALYA,VENKATESHWARA TEMPLE,100 FT,13.026143,77.539707
Bengaluru City,Yeshwanthapura Traffic PS,1.04432e+16,2018,1,1,Road Accidents,Y Junction,City/Town,Residential area,Human Error,Not Applicable,Simple Injury,Hit pedestrian,Not Applicable,Not Applicable,Others,Bitumen(Tar),Dry,Not Applicable,Fine,FTI FLAY OVER DOWN RAMP,OUTER RING ROAD,3 KM,13.032104,77.53417
Bengaluru City,Yeshwanthapura Traffic PS,1.04432e+16,2018,1,3,Road Accidents,Narrow road,City/Town,Near Bus stop,Human Error,No,Simple Injury,Not Applicable,Police / Manual,Straight and flat,City or Town Road,Bitumen(Tar),Dry,Not Applicable,Clear,MEI BUS STOP,bus stop,100 FE,13.024181,77.54844
Bengaluru City,Yeshwanthapura Traffic PS,1.04432e+16,2018,1,1,Road Accidents,Y Junction,City/Town,Near office complex,Human Error,No,Grievous Injury,Rear end,Police / Manual,Others,City or Town Road,Bitumen(Tar),Dry,Not Applicable,Clear,NH-4,NEAR METRO CASH AND CARRY,30 FEE,13.013727,77.554968
Bengaluru City,Yeshwanthapura Traffic PS,1.04432e+16,2018,1,2,Road Accidents,Circle,City/Town,Near Bus stop,Human Error,No,Simple Injury,Hit and Run,Signals (Working),Straight and flat,City or Town Road,Bitumen(Tar),Dry,Not Applicable,Clear,YPR CIRCLE,BMTC BUS STOP,20 FT,13.018537,77.557752
Bengaluru City,Yeshwanthapura Traffic PS,1.04432e+16,2018,1,2,Road Accidents,Not Applicable,City/Town,Near a factory industrial area,Human Error,No,Damage Only,Hit parked vehicle,No signal lights,Others,City or Town Road,Bitumen(Tar),Dry,Not Applicable,Clear,Yeshwanthapura SUBRUB AREA,NEAR CCI LOGISTIC,10 FT,13.032453,77.533929
Bengaluru City,Yeshwanthapura Traffic PS,1.04432e+16,2018,1,2,Road Accidents,Junction,City/Town,Near Hospital,Human Error,Not Applicable,Simple Injury,Not Applicable,Signals (Working),Straight and flat,City or Town Road,Bitumen(Tar),Dry,Not Applicable,Clear,TUMKUR ROAD G G PALYA ENTRENCE,PEOPLE TREE HOSPITAL,05FEE,13.029073,77.539309
Bengaluru City,Yeshwanthapura Traffic PS,1.04432e+16,2018,1,2,Road Accidents,Y Junction,City/Town,Narrow bridge or culverts,Human Error,No,Damage Only,Not Applicable,Not Applicable,Not Applicable,City or Town Road,Bitumen(Tar),Dry,Not Applicable,Clear,PEENYA FLYOVER NEAR,CMTI OFFICE,50 mtr,13.032104,77.53417
Bengaluru City,Yeshwanthapura Traffic PS,1.04432e+16,2018,1,2,Road Accidents,Cross roads,City/Town,Near a factory industrial area,Human Error,Yes,Simple Injury,Hit and Run,Not Applicable,Others,City or Town Road,Bitumen(Tar),Dry,Not Applicable,Clear,"D SIRIYAL, 1ST CROSS",NEAR KGTA BUILDING,20FT,13.024919,77.533496
Bengaluru City,Yeshwanthapura Traffic PS,1.04432e+16,2018,1,2,Road Accidents,Other,City/Town,Near Bus stop,Human Error,No,Simple Injury,Not Applicable,No signal lights,Straight and flat,City or Town Road,Bitumen(Tar),Dry,Not Applicable,Clear,MATHIKERE,NEAR KARNATAKA TAILER  SHOP,50 mtr,13.0425794,77.5628774
Bengaluru City,Yeshwanthapura Traffic PS,1.04432e+16,2018,1,2,Road Accidents,Narrow road,City/Town,Near Bus stop,Human Error,No,Simple Injury,Others,Signal lights Automatic,Straight and flat,City or Town Road,Bitumen(Tar),Dry,Not Applicable,Clear,TUMKUR ROAD CMTI JUNCTION,VRL POINT OFFICE,30 FEE,13.0317465,77.5337818
Bengaluru City,Yeshwanthapura Traffic PS,1.04432e+16,2018,1,1,Road Accidents,Cross roads,City/Town,In bazaar,Human Error,No,Simple Injury,Hit pedestrian,No signal lights,Not Applicable,City or Town Road,Bitumen(Tar),Dry,Not Applicable,Clear,RMC YARD  MANDI,SBI BANK,50 mtr,13.220724,77.5481472
Bengaluru City,Yeshwanthapura Traffic PS,1.04432e+16,2018,1,3,Road Accidents,Narrow road,City/Town,Near a factory industrial area,Human Error,No,Simple Injury,Others,No signal lights,Straight and flat,City or Town Road,Bitumen(Tar),Dry,Not Applicable,Clear,c v raman road,jimkhana ground,100 FT,13.016436,77.561833
Bengaluru City,Yeshwanthapura Traffic PS,1.04432e+16,2018,1,1,Road Accidents,Narrow road,City/Town,Near Bus stop,Human Error,No,Simple Injury,Others,Signals (Working),Straight and flat,City or Town Road,Bitumen(Tar),Dry,Not Applicable,Clear,SRS JUNCTION TUMKUR ROAD,MC DONALD,40 FT,13.03479,77.529739
Bengaluru City,Yeshwanthapura Traffic PS,1.04432e+16,2018,1,1,Road Accidents,Narrow road,City/Town,In bazaar,Human Error,Yes,Simple Injury,Hit and Run,No signal lights,Others,City or Town Road,Bitumen(Tar),Dry,Not Applicable,Clear,1ST MAIN,NEARDIMPLE JEWELERS,30 FEE,13.028049,77.561936