DISTRICTNAME,UNITNAME,Crime_No,Year,RI,Noofvehicle_involved,Accident_Classification,Accident_Spot,Accident_Location,Accident_SubLocation,Main_Cause,Hit_Run,Severity,Collision_Type,Junction_Control,Road_Character,Road_Type,Surface_Type,Surface_Condition,Road_Condition,Weather,Accident_Road,Landmark_first,Distance_LandMark_First,Latitude,Longitude
Bengaluru City,Yeshwanthapura Traffic PS,1.04432e+16,2018,1,1,Road Accidents,Narrow road,City/Town,Near a factory industrial area,Human Error,Yes,Damage Only,Hit and Run,Not at  Junction,Straight and flat,City or Town Road,Bitumen(Tar),Dry,Not Applicable,Clear,PRABHAKAR KORE  CONVENTION SERVICE ROAD,PRABHAKAR KORE CONVENTION HALL,20 FEE,13.0314065,77.5305069
Bengaluru City,Yeshwanthapura Traffic PS,1.04432e+16,2018,1,2,Road Accidents,Narrow road,City/Town,Near office complex,Human Error,Not Applicable,Simple Injury,Not Applicable,Uncontrolled,Straight and flat,NH,Bitumen(Tar),Dry,Not Applicable,Others,"Opp Shivabog hotel, tumakuru road, goraguntepalya",Shivabog hotel,25ft,0.0,0.0
Bengaluru City,Yeshwanthapura Traffic PS,1.04432e+16,2018,1,2,Road Accidents,Junction,City/Town,Near Bus stop,Human Error,No,Damage Only,Others,Signals (Working),Straight and flat,City or Town Road,Bitumen(Tar),Dry,Not Applicable,Clear,TUMKUR ROAD,PEOPLE TREE HOSPITAL,10 FT,0.0,0.0
Bengaluru City,Yeshwanthapura Traffic PS,1.04432e+16,2018,1,2,Not Applicable,Junction,City/Town,Near Bus stop,Human Error,No,Damage Only,Not Applicable,Signal lights Automatic,Not Applicable,City or Town Road,Bitumen(Tar),Dry,Not Applicable,Clear,G G PALYA,PEOPLE TREE HOSPITAL,50 mtr,13.029073,77.539309
Bengaluru City,Yeshwanthapura Traffic PS,1.04432e+16,2018,1,2,Road Accidents,Y Junction,City/Town,Near a factory industrial area,Human Error,No,Simple Injury,Not Applicable,No signal lights,Straight and flat,City or Town Road,Bitumen(Tar),Dry,Not Applicable,Clear,NEAR MONDOVI MARAPPANA PLAYA BUS STOP,NEAR MONDOVI,20FT,13.019169,77.553133
Bengaluru City,Yeshwanthapura Traffic PS,1.04432e+16,2018,1,2,Road Accidents,Narrow road,City/Town,Near a factory industrial area,Human Error,No,Fatal,Others,No signal lights,Straight and flat,City or Town Road,Bitumen(Tar),Dry,Not Applicable,Clear,CQAE OFFICE NEAR  MES RING ROAD,HOTEL TAJ VIVANTHA,30,13.0352424,77.5408827
Bengaluru City,Yeshwanthapura Traffic PS,1.04432e+16,2018,1,1,Road Accidents,Narrow road,City/Town,Near Bus stop,Human Error,No,Simple Injury,Others,Not Applicable,Straight and flat,City or Town Road,Bitumen(Tar),Dry,Not Applicable,Clear,TUMKUR ROAD RNS SHANTHI NIVAS,MEI BUS STOP,50,0.0,0.0
Bengaluru City,Yeshwanthapura Traffic PS,1.04432e+16,2018,1,2,Not Applicable,Bridge,City/Town,Narrow bridge or culverts,Human Error,Yes,Damage Only,Not Applicable,No signal lights,Not Applicable,City or Town Road,Bitumen(Tar),Dry,Not Applicable,Clear,yeshwanthapura flyover down ramp,Muniswamappa kalyana mantap,10,13.01809,77.05591919
Bengaluru City,Yeshwanthapura Traffic PS,1.04432e+16,2019,1,1,Road Accidents,Narrow road,City/Town,Near Bus stop,Human Error,Yes,Fatal,Hit pedestrian,Not at  Junction,Straight and flat,City or Town Road,Bitumen(Tar),Dry,Not Applicable,Clear,HMT ROAD,IN FRONT OFF MATHIKERE BUS STOP,20FT,13.028049,77.561936
Bengaluru City,Yeshwanthapura Traffic PS,1.04432e+16,2019,1,1,Road Accidents,Narrow road,City/Town,In bazaar,Human Error,No,Simple Injury,Hit pedestrian,Signal lights Manual,Straight and flat,City or Town Road,Bitumen(Tar),Dry,Not Applicable,Clear,Pes road,Pes School,50 mtr,13.032453,77.533929
Bengaluru City,Yeshwanthapura Traffic PS,1.04432e+16,2019,1,2,Road Accidents,Junction,City/Town,Near Bus stop,Human Error,No,Simple Injury,Others,Not Applicable,Straight and flat,City or Town Road,Bitumen(Tar),Dry,Not Applicable,Clear,MES RING ROAD,taj vivantha hotel,30FEET,13.029577,77.540109
Bengaluru City,Yeshwanthapura Traffic PS,1.04432e+16,2019,1,1,Road Accidents,Circle,City/Town,Near Bus stop,Human Error,No,Simple Injury,Hit pedestrian,Signals (Working),Steep Incline or Climb,City or Town Road,Bitumen(Tar),Dry,Not Applicable,Clear,YESHWANTHAPURA CIRCLE,INFRONT OF NEW SAGAR HOTEL,100 FT,13.01873,77.55759
Bengaluru City,Yeshwanthapura Traffic PS,1.04432e+16,2019,1,2,Road Accidents,Junction,City/Town,Near Bus stop,Human Error,No,Damage Only,Vehicle to Vehicle,Signal lights Manual,Curve,Not Applicable,Bitumen(Tar),Dry,Not Applicable,Clear,TUMAKUR ROAD,NEAR CMTI BUS STOP,30FEET,13.030513,77.537208
Bengaluru City,Yeshwanthapura Traffic PS,1.04432e+16,2019,1,2,Road Accidents,Cross roads,City/Town,Near office complex,Human Error,No,Grievous Injury,Vehicle to Vehicle,No signal lights,Straight and flat,Others,Bitumen(Tar),Dry,Not Applicable,Clear,8TH CROSS,NEAR BUS STOP,20 FT,13.028686,77.557183
Bengaluru City,Yeshwanthapura Traffic PS,1.04432e+16,2019,1,5,Road Accidents,Junction,City/Town,Near Hospital,Human Error,No,Simple Injury,Vehicle to Vehicle,Signal lights Manual,Straight and flat,NH,Bitumen(Tar),Dry,Not Applicable,Clear,TUMAKUR ROAD,taj vivantha hotel,30FEET,13.02947,77.540233
Bengaluru City,Yeshwanthapura Traffic PS,1.04432e+16,2019,1,3,Road Accidents,Junction,City/Town,Near Bus stop,Human Error,Yes,Simple Injury,Vehicle to Vehicle,Signal lights Automatic,Straight and flat,One way,Bitumen(Tar),Dry,Not Applicable,Clear,cmti junction,popular auto,10 FT,0.0,0.0
Bengaluru City,Yeshwanthapura Traffic PS,1.04432e+16,2019,1,2,Road Accidents,Not Applicable,City/Town,Near Bus stop,Human Error,No,Simple Injury,Not Applicable,No signal lights,Straight and flat,City or Town Road,Bitumen(Tar),Dry,Not Applicable,Clear,"CV RAMANA ROAD ,OPPOSITE GYMKHAA GATE",CV RAMAN ROAD,100 FT,13.016049,77.562489
Bengaluru City,Yeshwanthapura Traffic PS,1.04432e+16,2019,1,2,Road Accidents,Other,City/Town,Near Bus stop,Human Error,No,Simple Injury,Not Applicable,Signals (Working),Straight and flat,City or Town Road,Bitumen(Tar),Dry,Not Applicable,Clear,CV RAMAN ROAD,INFRONT OF TRAFFIC WEST DCP OFFIICE CV RAMAN ROAD,100 FT,13.018033,77.558888
Bengaluru City,Yeshwanthapura Traffic PS,1.04432e+16,2019,1,2,Road Accidents,Curves,City/Town,Near Bus stop,Human Error,No,Grievous Injury,Not Applicable,No signal lights,Straight and flat,NH,Bitumen(Tar),Dry,Not Applicable,Clear,TUMAKUR ROAD,BUS STOP,20FT,13.024196,77.548488
Bengaluru City,Yeshwanthapura Traffic PS,1.04432e+16,2019,1,2,Not Applicable,Junction,City/Town,Near Hospital,Human Error,No,Damage Only,Vehicle to Vehicle,Signal lights Manual,Straight and flat,NH,Bitumen(Tar),Dry,Not Applicable,Clear,TUMKUR ROAD,PEOPLE TREE HOSPITAL,20 FT,13.028737,77.540135
Bengaluru City,Yeshwanthapura Traffic PS,1.04432e+16,2019,1,1,Road Accidents,Narrow road,City/Town,Near a factory industrial area,Human Error,Yes,Fatal,Vehicle to Vehicle,No signal lights,Straight and flat,Not Applicable,Bitumen(Tar),Others,Not Applicable,Clear,INFRONT OFF KARLE FACTORY,KARLE FACTORY,10 FT,13.0163115,77.5542141
Bengaluru City,Yeshwanthapura Traffic PS,1.04432e+16,2019,1,2,Road Accidents,Cross roads,City/Town,Near Bus stop,Human Error,Yes,Simple Injury,Vehicle to Vehicle,Signal lights Automatic,Not Applicable,NH,Bitumen(Tar),Dry,Not Applicable,Clear,cmti bus stop,cmti,10,13.031366,77.535359
Bengaluru City,Yeshwanthapura Traffic PS,1.04432e+16,2019,1,1,Not Applicable,Circle,City/Town,Near Bus stop,Human Error,Yes,Simple Injury,Hit pedestrian,No signal lights,Not Applicable,State Highway,Bitumen(Tar),Dry,Not Applicable,Clear,Near Marappanapalya bus stop  tumkur road,Marrappana palya bus stop,20,13.019169,77.551631
Bengaluru City,Yeshwanthapura Traffic PS,1.04432e+16,2019,1,2,Road Accidents,Y Junction,City/Town,Near office complex,Human Error,No,Simple Injury,Not Applicable,No signal lights,Not Applicable,City or Town Road,Bitumen(Tar),Dry,Not Applicable,Clear,C V RAMAN ROAD,IN FRONT OFF DCP OFFICE,10 FT,13.01799,77.558814
Bengaluru City,Yeshwanthapura Traffic PS,1.04432e+16,2019,1,1,Road Accidents,Other,City/Town,Near Bus stop,Human Error,No,Simple Injury,Hit pedestrian,Not at  Junction,Not Applicable,City or Town Road,Bitumen(Tar),Dry,Not Applicable,Clear,TUMKUR MAIN ROAD NEAR SHELL PETROL BUNK,NEAR SHELL PETROL BUNK,100ft,13.024181,77.54844
Bengaluru City,Yeshwanthapura Traffic PS,1.04432e+16,2019,1,1,Road Accidents,Other,Not Applicable,Near Hospital,Human Error,No,Fatal,Not Applicable,Not Applicable,Straight and flat,Others,Bitumen(Tar),Dry,Not Applicable,Clear,ESI HOSPITAL ROAD,SHIVA ROAD LINES PARKING AAVARANA,100 FT,13.022433,77.528462
Bengaluru City,Yeshwanthapura Traffic PS,1.04432e+16,2019,1,2,Road Accidents,Not Applicable,City/Town,Near Bus stop,Human Error,No,Simple Injury,Others,Not at  Junction,Straight and flat,City or Town Road,Bitumen(Tar),Dry,Not Applicable,Clear,INFRONT OF JP PARK ROAD,INFRONT OF JP PARK ROAD,100 FT,13.034672,77.553739
Bengaluru City,Yeshwanthapura Traffic PS,1.04432e+16,2019,1,2,Road Accidents,Not Applicable,City/Town,Near Bus stop,Human Error,Yes,Damage Only,Others,Not at  Junction,Straight and flat,City or Town Road,Bitumen(Tar),Dry,Not Applicable,Clear,CV RAMAN ROAD NEAR SKY WALK,YESHWANTHAPUR  PS,100 FT,13.015987,77.562419
Bengaluru City,Yeshwanthapura Traffic PS,1.04432e+16,2019,1,2,Road Accidents,Curves,City/Town,Near School or College,Human Error,Yes,Simple Injury,Vehicle to Vehicle,No signal lights,Straight and flat,Others,Bitumen(Tar),Dry,Not Applicable,Clear,LCR SCHOOL ROAD,NEAR LCR SCHOOL,50ft,13.027555,77.55734
Bengaluru City,Yeshwanthapura Traffic PS,1.04432e+16,2019,1,1,Road Accidents,Other,City/Town,Near Bus stop,Human Error,Not Applicable,Simple Injury,Hit pedestrian,Not at  Junction,Not Applicable,City or Town Road,Bitumen(Tar),Dry,Not Applicable,Clear,NEAR CANARA BANK SRS JUNCTION,KEB ROAD SRS JUNCTION,50ft,13.032104,77.53417
Bengaluru City,Yeshwanthapura Traffic PS,1.04432e+16,2019,1,1,Road Accidents,Other,City/Town,Near Bus stop,Human Error,No,Simple Injury,Hit pedestrian,Not at  Junction,Not Applicable,City or Town Road,Bitumen(Tar),Dry,Not Applicable,Clear,MATHIKERE MAIN ROAD NEAR PRIYADARSHINI HOTEL,INFRONT OF PRIYADHARSHINI HOTEL,100ft,13.0425794,77.5628774
Bengaluru City,Yeshwanthapura Traffic PS,1.04432e+16,2019,1,2,Road Accidents,Junction,City/Town,Near Bus stop,Human Error,No,Fatal,Others,Signal lights Manual,Straight and flat,City or Town Road,Bitumen(Tar),Dry,Not Applicable,Clear,TUMAKUR ROAD,BUS STOP,40 FT,13.031192,77.536066
Bengaluru City,Yeshwanthapura Traffic PS,1.04432e+16,2019,1,2,Road Accidents,Junction,City/Town,Near Bus stop,Human Error,No,Grievous Injury,Vehicle to Vehicle,No signal lights,Straight and flat,NH,Bitumen(Tar),Dry,Not Applicable,Clear,TUMAKUR ROAD,METRO STATION,30MTRS,13.028915,77.540078
Bengaluru City,Yeshwanthapura Traffic PS,1.04432e+16,2019,1,2,Road Accidents,Curves,City/Town,Near School or College,Human Error,No,Simple Injury,Vehicle to Vehicle,No signal lights,Straight and flat,NH,Bitumen(Tar),Dry,Not Applicable,Clear,C V RAMAN ROAD,KENDRIYA VISHW VIDHYALAY SCHOOL,40FEET,13.017074,77.560692
Bengaluru City,Yeshwanthapura Traffic PS,1.04432e+16,2019,1,1,Road Accidents,Cross roads,City/Town,At pedestrian Crossing,Human Error,Yes,Grievous Injury,Hit pedestrian,Signal lights Manual,Straight and flat,Others,Bitumen(Tar),Dry,Not Applicable,Clear,"G G PALYA,TUMKUR ROAD",CLASSIC UNICORN MOTORS,30FEET,13.028874,77.540027
Bengaluru City,Yeshwanthapura Traffic PS,1.04432e+16,2019,1,2,Road Accidents,Narrow road,City/Town,Near Bus stop,Human Error,No,Simple Injury,Not Applicable,Not Applicable,Straight and flat,City or Town Road,Bitumen(Tar),Dry,Not Applicable,Clear,2ND MAIN LCR SCHOOL ROAD,LC R SCHOOL,100 FT,13.02778,77.555613
Bengaluru City,Yeshwanthapura Traffic PS,1.04432e+16,2019,1,1,Road Accidents,Narrow road,City/Town,Near Petrol Pump,Human Error,No,Simple Injury,Hit pedestrian,Not Applicable,Straight and flat,Two way,Bitumen(Tar),Dry,Not Applicable,Clear,1ST MAIN BOMBAY DAYING ROAD,BOMBAY DAYING,50ft,13.028224,77.553821
Bengaluru City,Yeshwanthapura Traffic PS,1.04432e+16,2019,1,1,Road Accidents,Circle,City/Town,Near a religious place,Human Error,No,Fatal,Right Turn Collision,Signals (Working),Curve,City or Town Road,Bitumen(Tar),Dry,Not Applicable,Clear,NEAR SHREYAS BAR AN RESTORENT YESHWANTHAPURA CIRCLUE,SHREYAS BAR YESHWANTHAPURA CIRCLE,25 FT,13.018734,77.558026
Bengaluru City,Yeshwanthapura Traffic PS,1.04432e+16,2019,1,2,Road Accidents,Curves,City/Town,Open area,Human Error,Yes,Grievous Injury,Vehicle to Vehicle,No signal lights,Straight and flat,NH,Bitumen(Tar),Dry,Not Applicable,Clear,CV RAMAN ROAD,NEAR JAMAKHAN GROUNDS,40FT,13.017078,77.560674
Bengaluru City,Yeshwanthapura Traffic PS,1.04432e+16,2019,1,1,Road Accidents,Cross roads,City/Town,Near Bus stop,Human Error,No,Fatal,Hit pedestrian,Signal lights Manual,Straight and flat,NH,Bitumen(Tar),Dry,Not Applicable,Clear,TUMAKUR ROAD,CMTI BUS STOP,30FEET,13.030557,77.536584
Bengaluru City,Yeshwanthapura Traffic PS,1.04432e+16,2019,1,2,Road Accidents,Junction,City/Town,Near Bus stop,Human Error,Yes,Simple Injury,Vehicle to Vehicle,Signals (Working),Straight and flat,NH,Bitumen(Tar),Dry,Not Applicable,Clear,TUMKUR MAIN ROAD,SRS SIGNAL LIGHT,20FT,77.53065,13.034075
Bengaluru City,Yeshwanthapura Traffic PS,1.04432e+16,2019,1,2,Road Accidents,Junction,City/Town,Near Petrol Pump,Human Error,No,Damage Only,Vehicle to Vehicle,Signal lights Automatic,Straight and flat,NH,Bitumen(Tar),Dry,Not Applicable,Clear,TUMKUR ROAD,PETROL BUNK,20FT,13.033604,77.531489
Bengaluru City,Yeshwanthapura Traffic PS,1.04432e+16,2019,1,1,Road Accidents,Not Applicable,City/Town,In bazaar,Human Error,No,Simple Injury,Hit pedestrian,Not at  Junction,Others,Not Applicable,Bitumen(Tar),Others,Not Applicable,Clear,Near Metro cash and carry,METRO CASH AND CARRY,200 mt,13.016508,77.556499
Bengaluru City,Yeshwanthapura Traffic PS,1.04432e+16,2019,1,2,Road Accidents,Narrow road,City/Town,Near office complex,Human Error,No,Simple Injury,Vehicle to Vehicle,No signal lights,Not Applicable,Major District Road,Bitumen(Tar),Dry,Not Applicable,Clear,in front off dcp office,deputy police commission office,20 ft,13.018225,77.558844
Bengaluru City,Yeshwanthapura Traffic PS,1.04432e+16,2019,1,1,Road Accidents,Y Junction,City/Town,Near office complex,Human Error,Yes,Simple Injury,Hit pedestrian,Not Applicable,Not Applicable,City or Town Road,Bitumen(Tar),Dry,Not Applicable,Clear,TUMKUR ROAD,POPULAR AUTO MOBILE,30 FT,13.032453,77.533929
Bengaluru City,Yeshwanthapura Traffic PS,1.04432e+16,2019,1,1,Road Accidents,Other,City/Town,Near Bus stop,Human Error,No,Simple Injury,Hit pedestrian,Not at  Junction,Not Applicable,City or Town Road,Bitumen(Tar),Dry,Not Applicable,Clear,NEAR AASHA NEKARY OUTER RING ROAD,NEAR AASAHA BEKARY RELAINCE PETROL BUNK,100ft,13.028842,77.536395
Bengaluru City,Yeshwanthapura Traffic PS,1.04432e+16,2019,1,2,Road Accidents,Other,City/Town,Near Bus stop,Human Error,No,Simple Injury,Others,Not at  Junction,Straight and flat,Service Road,Bitumen(Tar),Dry,Not Applicable,Clear,"NEAR ICICI BANK,NH-4 SERVICE ROAD",ICICI BANK RMC YARD,100 FT,13.024975,77.546602
Bengaluru City,Yeshwanthapura Traffic PS,1.04432e+16,2019,1,2,Road Accidents,Circle,City/Town,Near Bus stop,Human Error,No,Damage Only,Not Applicable,Signal lights Manual,Straight and flat,City or Town Road,Bitumen(Tar),Dry,Not Applicable,Clear,c v raman road,DARI ANJANEY TEMPLE,50MTRS,13.018483,77.558238
Bengaluru City,Yeshwanthapura Traffic PS,1.04432e+16,2019,1,2,Road Accidents,Other,City/Town,Near office complex,Human Error,No,Not Applicable,Others,Not at  Junction,Straight and flat,City or Town Road,Bitumen(Tar),Dry,Not Applicable,Clear,PARIJATHA TAILS FACTORY,MYSORE LAMPS ROAD,100 FT,13.014525,77.554106
Bengaluru City,Yeshwanthapura Traffic PS,1.04432e+16,2019,1,2,Road Accidents,Junction,City/Town,Near Hospital,Human Error,No,Simple Injury,Vehicle to Vehicle,Signal lights Manual,Straight and flat,Not Applicable,Bitumen(Tar),Dry,Not Applicable,Clear,RING ROAD,taj vivantha hotel,30FEET,13.028316,77.543137
Bengaluru City,Yeshwanthapura Traffic PS,1.04432e+16,2019,1,2,Road Accidents,Not Applicable,City/Town,Near Bus stop,Human Error,Yes,Grievous Injury,Not Applicable,No signal lights,Straight and flat,Not Applicable,Bitumen(Tar),Dry,Not Applicable,Clear,1ST MAIN ROAD,SWATI GRAND HOTEL,30FEET,13.026193,77.557879
Bengaluru City,Yeshwanthapura Traffic PS,1.04432e+16,2019,1,1,Road Accidents,Curves,City/Town,Near Bus stop,Human Error,No,Simple Injury,Not Applicable,No signal lights,Straight and flat,Others,Bitumen(Tar),Dry,Not Applicable,Clear,KALPANA ROAD,JP PARK,40FEET,13.03177,77.549204
Bengaluru City,Yeshwanthapura Traffic PS,1.04432e+16,2019,1,2,Road Accidents,Junction,City/Town,Near Hospital,Human Error,No,Simple Injury,Vehicle to Vehicle,Signal lights Manual,Straight and flat,NH,Bitumen(Tar),Dry,Not Applicable,Clear,TUMKUR ROAD,people tree hospital,30FEET,13.029162,77.5393
Bengaluru City,Yeshwanthapura Traffic PS,1.04432e+16,2019,1,1,Road Accidents,Road hump or Rumble strips,City/Town,Near Bus stop,Human Error,Yes,Simple Injury,Hit pedestrian,Not Applicable,Not Applicable,Two way,Bitumen(Tar),Dry,Not Applicable,Clear,Mathikere flyover,Hmt main road mathikere flyover,10,13.036162,77.557645
Bengaluru City,Yeshwanthapura Traffic PS,1.04432e+16,2019,1,1,Road Accidents,Narrow road,City/Town,Near a factory industrial area,Human Error,No,Simple Injury,Hit and Run,No signal lights,Not Applicable,City or Town Road,Bitumen(Tar),Dry,Not Applicable,Clear,ESI HOSPITAL ROAD,TEXPORT OVERSEAS TEXTILE,20FT,13.024388,77.530009
Bengaluru City,Yeshwanthapura Traffic PS,1.04432e+16,2019,1,2,Road Accidents,Round about or Circle,City/Town,Near office complex,Human Error,No,Simple Injury,Run Off Road,Not Applicable,Not Applicable,City or Town Road,Bitumen(Tar),Dry,Not Applicable,Clear,NEAR MUTHOOT FINANCE TRIVENI ROAD,MUTHOOT FINANCE,70 mtr,13.019509,77.558047
Bengaluru City,Yeshwanthapura Traffic PS,1.04432e+16,2019,1,2,Road Accidents,Junction,City/Town,Near Bus stop,Human Error,No,Damage Only,Others,Signal lights Manual,Straight and flat,City or Town Road,Bitumen(Tar),Dry,Not Applicable,Clear,TUMAKUR ROAD,BUS STOP,20FT,13.030045,77.536953
Bengaluru City,Yeshwanthapura Traffic PS,1.04432e+16,2019,1,2,Road Accidents,T Junction,City/Town,Near Bus stop,Human Error,No,Damage Only,Rear end,Signals (Working),Straight and flat,City or Town Road,Bitumen(Tar),Dry,Not Applicable,Clear,NEAR CMTI JUNCTION,CMTI JUNCTION,100 FT,13.031555,77.535336
Bengaluru City,Yeshwanthapura Traffic PS,1.04432e+16,2019,1,1,Road Accidents,Not Applicable,City/Town,Near Bus stop,Human Error,No,Fatal,Hit pedestrian,Not at  Junction,Straight and flat,City or Town Road,Bitumen(Tar),Dry,Not Applicable,Clear,TUMAKUR ROAD,CANER BANK ATM,40FT,13.023944,77.548219
Bengaluru City,Yeshwanthapura Traffic PS,1.04432e+16,2019,1,2,Road Accidents,Other,City/Town,Near Hospital,Human Error,No,Simple Injury,Not Applicable,No signal lights,Straight and flat,City or Town Road,Bitumen(Tar),Dry,Not Applicable,Clear,ESI HOSPITAL ROAD,SURAN COLLAGE,50ft,13.021063,77.528413
Bengaluru City,Yeshwanthapura Traffic PS,1.04432e+16,2019,1,2,Road Accidents,Not Applicable,City/Town,Near office complex,Human Error,No,Simple Injury,Not Applicable,Not at  Junction,Straight and flat,Others,Bitumen(Tar),Dry,Not Applicable,Clear,BAZAR ROAD YESHWANTHPURA,BAZAR ROAD,20FT,13.019819,77.55624
Bengaluru City,Yeshwanthapura Traffic PS,1.04432e+16,2019,1,2,Road Accidents,Not Applicable,City/Town,Near School or College,Human Error,No,Simple Injury,Not Applicable,No signal lights,Straight and flat,City or Town Road,Bitumen(Tar),Dry,Not Applicable,Clear,C V RAMAN ROAD,KENDIRIY VIDHYLAYA,30MTRS,13.017119,77.56061
Bengaluru City,Yeshwanthapura Traffic PS,1.04432e+16,2019,1,1,Road Accidents,Cross roads,City/Town,Near Bus stop,Human Error,Yes,Simple Injury,Hit pedestrian,No signal lights,Straight and flat,Service Road,Bitumen(Tar),Dry,Not Applicable,Clear,TUMAKUR ROAD,SBI BANK,30FEET,13.023669,77.548712
Bengaluru City,Yeshwanthapura Traffic PS,1.04432e+16,2019,1,2,Road Accidents,Curves,City/Town,Near Bus stop,Human Error,Yes,Grievous Injury,Vehicle to Vehicle,No signal lights,Straight and flat,NH,Bitumen(Tar),Dry,Not Applicable,Clear,TUMAKUR ROAD,MORE,20FT,13.01541,77.554837
Bengaluru City,Yeshwanthapura Traffic PS,1.04432e+16,2019,1,2,Road Accidents,Cross roads,City/Town,Near Bus stop,Human Error,No,Grievous Injury,Vehicle to Vehicle,No signal lights,Straight and flat,NH,Bitumen(Tar),Dry,Not Applicable,Clear,TUMAKUR ROAD,NEAR METRO STATION,30FEET,13.034367,77.530576
Bengaluru City,Yeshwanthapura Traffic PS,1.04432e+16,2019,1,2,Road Accidents,Cross roads,City/Town,Near a factory industrial area,Human Error,No,Grievous Injury,Vehicle to Vehicle,No signal lights,Straight and flat,NH,Bitumen(Tar),Dry,Not Applicable,Clear,TUMKUR ROAD,KARLE FACTORY,20FT,13.015735,77.554364
Bengaluru City,Yeshwanthapura Traffic PS,1.04432e+16,2019,1,2,Road Accidents,Narrow road,City/Town,Near Bus stop,Human Error,No,Simple Injury,Vehicle to Vehicle,Not Applicable,Straight and flat,Others,Bitumen(Tar),Dry,Not Applicable,Clear,Near Marappanapalya bus stop  tumkur road,Marrappana palya bus stop,10,13.017179,77.553764
Bengaluru City,Yeshwanthapura Traffic PS,1.04432e+16,2019,1,2,Road Accidents,T Junction,City/Town,Near Bus stop,Human Error,No,Simple Injury,Others,Signal lights Manual,Straight and flat,City or Town Road,Bitumen(Tar),Dry,Not Applicable,Clear,cmti junction,CMTI JUNCTION,50MTRS,13.030265,77.53705
Bengaluru City,Yeshwanthapura Traffic PS,1.04432e+16,2019,1,1,Road Accidents,Not Applicable,City/Town,Near Bus stop,Human Error,No,Simple Injury,Not Applicable,No signal lights,Straight and flat,City or Town Road,Bitumen(Tar),Dry,Not Applicable,Clear,TUMAKUR ROAD,CMTI JUNCTION,50MTRS,13.032144,77.533895
Bengaluru City,Yeshwanthapura Traffic PS,1.04432e+16,2019,1,1,Road Accidents,Cross roads,City/Town,Near Bus stop,Human Error,Yes,Grievous Injury,Hit pedestrian,Signal lights Manual,Straight and flat,NH,Bitumen(Tar),Dry,Not Applicable,Clear,TUMAKUR ROAD,PEOPLE TREE HOSPITAL,20 FT,13.028846,77.539856
Bengaluru City,Yeshwanthapura Traffic PS,1.04432e+16,2019,1,2,Road Accidents,Narrow road,City/Town,In bazaar,Human Error,No,Simple Injury,Others,Not at  Junction,Straight and flat,City or Town Road,Bitumen(Tar),Dry,Not Applicable,Clear,1ST MAIN ROAD,RAGHU CLINIC,20FT,13.0280717,77.5578303
Bengaluru City,Yeshwanthapura Traffic PS,1.04432e+16,2019,1,2,Road Accidents,T Junction,City/Town,Near a factory industrial area,Human Error,No,Damage Only,Others,Signal lights Automatic,Straight and flat,City or Town Road,Bitumen(Tar),Dry,Not Applicable,Clear,CMTI,cmti,10 FT,13.030265,77.537051
Bengaluru City,Yeshwanthapura Traffic PS,1.04432e+16,2019,1,1,Road Accidents,Circle,City/Town,Near Bus stop,Human Error,No,Simple Injury,Hit pedestrian,Signal lights Automatic,Straight and flat,City or Town Road,Bitumen(Tar),Dry,Not Applicable,Clear,YESHWANTHAPURA CIRCLE,BMTC BUS STOP,10 FT,0.0,0.0
Bengaluru City,Yeshwanthapura Traffic PS,1.04432e+16,2019,1,2,Road Accidents,Narrow road,City/Town,Near Bus stop,Human Error,No,Simple Injury,Not Applicable,Not Applicable,Straight and flat,City or Town Road,Bitumen(Tar),Dry,Not Applicable,Clear,Tumkur road,NEAR CMTI BUS STOP,10 FT,13.032182,77.533868
Bengaluru City,Yeshwanthapura Traffic PS,1.04432e+16,2019,1,1,Road Accidents,Y Junction,City/Town,Near Bus stop,Human Error,No,Simple Injury,Hit pedestrian,Not Applicable,Not Applicable,City or Town Road,Bitumen(Tar),Dry,Not Applicable,Clear,yeshwanthapura flyover down ramp,FLY DOWN  RAMP,50 mtr,13.018537,77.557752
Bengaluru City,Yeshwanthapura Traffic PS,1.04432e+16,2019,1,1,Road Accidents,Cross roads,City/Town,In bazaar,Human Error,Yes,Simple Injury,Hit pedestrian,No signal lights,Straight and flat,City or Town Road,Bitumen(Tar),Dry,Not Applicable,Clear,RMC YARD,Near RMC YARD,50 mtr,13.024181,77.54844
Bengaluru City,Yeshwanthapura Traffic PS,1.04432e+16,2019,1,1,Road Accidents,Bridge,City/Town,Near Bus stop,Human Error,Yes,Fatal,Hit and Run,Not Applicable,Hump,City or Town Road,Bitumen(Tar),Dry,Not Applicable,Others,TUMKUR ROAD NEAR CMTI BUS STOP,cmti AND MISHRA PEDA OFF,20 FT,13.0322221,77.5337031
Bengaluru City,Yeshwanthapura Traffic PS,1.04432e+16,2019,1,2,Road Accidents,Junction,City/Town,Near Hospital,Human Error,Yes,Simple Injury,Hit and Run,Not Applicable,Straight and flat,City or Town Road,Bitumen(Tar),Dry,Not Applicable,Clear,KIRALOSAKAR JUNCTION,COLAMBIYA HOSPITAL,20 FT,13.015901,77.555967
Bengaluru City,Yeshwanthapura Traffic PS,1.04432e+16,2019,1,2,Road Accidents,Other,City/Town,Near office complex,Human Error,No,Simple Injury,Others,No signal lights,Straight and flat,City or Town Road,Bitumen(Tar),Dry,Not Applicable,Clear,"SRS ROAD, NEAR KEB OFFICE",NEAR KEB OFFICE SRS ROAD,100 FT,13.033733,77.525273
Bengaluru City,Yeshwanthapura Traffic PS,1.04432e+16,2019,1,1,Road Accidents,Not Applicable,City/Town,Near Bus stop,Human Error,No,Simple Injury,Hit pedestrian,No signal lights,Straight and flat,City or Town Road,Bitumen(Tar),Dry,Not Applicable,Clear,TUMKUR ROAD ULLASA TALKIES,TOTAL GASS,50MTRS,13.018152,77.548877