DISTRICTNAME,UNITNAME,Crime_No,Year,RI,Noofvehicle_involved,Accident_Classification,Accident_Spot,Accident_Location,Accident_SubLocation,Main_Cause,Hit_Run,Severity,Collision_Type,Junction_Control,Road_Character,Road_Type,Surface_Type,Surface_Condition,Road_Condition,Weather,Accident_Road,Landmark_first,Distance_LandMark_First,Latitude,Longitude
Bengaluru City,Yeshwanthapura Traffic PS,1.04432e+16,2019,1,1,Road Accidents,Not Applicable,City/Town,Near Petrol Pump,Human Error,No,Damage Only,Vehicle to Vehicle,No signal lights,Straight and flat,NH,Bitumen(Tar),Dry,Not Applicable,Clear,OUTER RING ROAD,PETROL PUMP,30FEET,77.533227,13.022361
Bengaluru City,Yeshwanthapura Traffic PS,1.04432e+16,2019,1,1,Not Applicable,Cross roads,City/Town,In bazaar,Human Error,Yes,Simple Injury,Hit pedestrian,No signal lights,Not Applicable,Not Applicable,Bitumen(Tar),Dry,No influence on accident,Clear,Near Shivanaga temple,Near Railway station,50,13.030874,77.55175
Bengaluru City,Yeshwanthapura Traffic PS,1.04432e+16,2019,1,3,Road Accidents,Junction,City/Town,Near Petrol Pump,Human Error,Yes,Simple Injury,Vehicle to Vehicle,Signal lights Automatic,Straight and flat,Arterial,Bitumen(Tar),Dry,Not Applicable,Clear,TUMKUR ROAD,METRO PILLAR NO 260,18,13.026251,77.544407
Bengaluru City,Yeshwanthapura Traffic PS,1.04432e+16,2019,1,3,Road Accidents,Narrow road,City/Town,Near Hospital,Human Error,No,Simple Injury,Not Applicable,Not at  Junction,Straight and flat,Others,Bitumen(Tar),Dry,Not Applicable,Clear,KRISHNANDA CIRCLE,KARNATAKA CANCER HOSPITA,30,13.019169,77.551631
Bengaluru City,Yeshwanthapura Traffic PS,1.04432e+16,2019,1,2,Road Accidents,Not Applicable,City/Town,In bazaar,Human Error,Yes,Simple Injury,Vehicle to Vehicle,Not at  Junction,Straight and flat,Two way,Bitumen(Tar),Dry,Not Applicable,Clear,NEAR RAILWAY STATION gate,railway station gate,50MTRS,13.021652,77.553257
Bengaluru City,Yeshwanthapura Traffic PS,1.04432e+16,2019,1,2,Not Applicable,Narrow road,City/Town,Near Petrol Pump,Human Error,Not Applicable,Damage Only,Not Applicable,Signal lights Automatic,Others,City or Town Road,Bitumen(Tar),Dry,Not Applicable,Clear,MEI JUNCTION TUMKUR ROAD,NH4,20FT,0.0,0.0
Bengaluru City,Yeshwanthapura Traffic PS,1.04432e+16,2019,1,3,Road Accidents,Junction,City/Town,Near Bus stop,Human Error,Not Applicable,Fatal,Not Applicable,Not Applicable,Straight and flat,City or Town Road,Bitumen(Tar),Dry,Not Applicable,Clear,TUMAKUR ROAD,ASHOKLELAND,50MTRS,13.024561,77.547176
Bengaluru City,Yeshwanthapura Traffic PS,1.04432e+16,2019,1,1,Road Accidents,Cross roads,City/Town,Near Hospital,Human Error,No,Grievous Injury,Hit pedestrian,No signal lights,Straight and flat,NH,Bitumen(Tar),Dry,Not Applicable,Clear,TUMAKUR ROAD,SPARASH HOSPITAL,20FT,13.027408,77.542872
Bengaluru City,Yeshwanthapura Traffic PS,1.04432e+16,2019,1,2,Road Accidents,Other,City/Town,Near Bus stop,Human Error,Not Applicable,Simple Injury,Not Applicable,Not Applicable,Straight and flat,City or Town Road,Bitumen(Tar),Others,Not Applicable,Clear,TUMAKUR MAIN ROAD,BUS STOP,100,13.030265,77.537051
Bengaluru City,Yeshwanthapura Traffic PS,1.04432e+16,2019,1,2,Road Accidents,Junction,City/Town,Near Bus stop,Human Error,No,Simple Injury,Not Applicable,Not Applicable,Straight and flat,City or Town Road,Bitumen(Tar),Dry,Not Applicable,Clear,MES RING ROAD,PAIPALEN ROAD,30 FT,13.029073,77.539309
Bengaluru City,Yeshwanthapura Traffic PS,1.04432e+16,2019,1,2,Road Accidents,Junction,City/Town,Near Bus stop,Human Error,No,Simple Injury,Others,Signal lights Manual,Straight and flat,City or Town Road,Bitumen(Tar),Dry,Not Applicable,Clear,"G G PALYA,TUMKUR ROAD",CQAE OFFICE NEAR,100 FT,13.036591,77.54183
Bengaluru City,Yeshwanthapura Traffic PS,1.04432e+16,2019,1,2,Road Accidents,Other,City/Town,In bazaar,Human Error,No,Simple Injury,Others,Not at  Junction,Straight and flat,City or Town Road,Bitumen(Tar),Dry,Not Applicable,Clear,RAILWAY PARLAL ROAD,YESHWANTHAPURA BAZARA,100 FT,13.021076,77.553553
Bengaluru City,Yeshwanthapura Traffic PS,1.04432e+16,2019,1,1,Road Accidents,Not Applicable,City/Town,Near Hospital,Human Error,Not Applicable,Not Applicable,Not Applicable,No signal lights,Straight and flat,City or Town Road,Bitumen(Tar),Dry,Not Applicable,Clear,TUMAKUR ROAD,METRO CASH AND CARRY,30FEET,13.015384,77.554469
Bengaluru City,Yeshwanthapura Traffic PS,1.04432e+16,2019,1,2,Road Accidents,Junction,City/Town,Near Hospital,Human Error,Yes,Grievous Injury,Vehicle to Vehicle,Signal lights Manual,Straight and flat,NH,Bitumen(Tar),Dry,Not Applicable,Clear,TUMAKUR ROAD,PEOPLE TREE HOSPITAL,20 FT,77.533423,13.032489
Bengaluru City,Yeshwanthapura Traffic PS,1.04432e+16,2019,1,2,Road Accidents,Not Applicable,City/Town,Near office complex,Human Error,Yes,Fatal,Vehicle to Vehicle,Not at  Junction,Straight and flat,NH,Bitumen(Tar),Dry,Not Applicable,Clear,TUMAKUR ROAD,NEAR POLICE STATION,30MTRS,13.028316,77.540076
Bengaluru City,Yeshwanthapura Traffic PS,1.04432e+16,2019,1,2,Road Accidents,Circle,City/Town,Near Bus stop,Human Error,Yes,Fatal,Vehicle to Vehicle,Signal lights Automatic,Straight and flat,NH,Bitumen(Tar),Dry,Not Applicable,Clear,TUMKUR ROAD,SRS JUNCTION,30FEET,13.034712,77.529991
Bengaluru City,Yeshwanthapura Traffic PS,1.04432e+16,2019,1,2,Road Accidents,Cross roads,City/Town,Near office complex,Human Error,No,Fatal,Vehicle to Vehicle,No signal lights,Straight and flat,Others,Bitumen(Tar),Dry,Not Applicable,Clear,JP PARK ROAD,JP PARK,20FT,13.032693,77.554144
Bengaluru City,Yeshwanthapura Traffic PS,1.04432e+16,2019,1,2,Road Accidents,Not Applicable,City/Town,Near office complex,Human Error,No,Damage Only,Vehicle to Vehicle,No signal lights,Straight and flat,NH,Bitumen(Tar),Dry,Not Applicable,Clear,OUTER RING ROAD,BRED FACTORY,30FEET,0.0,0.0
Bengaluru City,Yeshwanthapura Traffic PS,1.04432e+16,2019,1,1,Road Accidents,Cross roads,City/Town,Near Bus stop,Human Error,No,Grievous Injury,Hit pedestrian,Signal lights Manual,Straight and flat,NH,Bitumen(Tar),Dry,Not Applicable,Clear,MES RING ROAD,taj vivantha hotel,30FEET,13.029388,77.540081
Bengaluru City,Yeshwanthapura Traffic PS,1.04432e+16,2019,1,2,Road Accidents,Narrow road,City/Town,Near office complex,Human Error,Yes,Damage Only,Hit and Run,No signal lights,Straight and flat,City or Town Road,Bitumen(Tar),Dry,Not Applicable,Clear,RTO OFFICE,RTO OFFICE,10 FT,13.019733,77.55604
Bengaluru City,Yeshwanthapura Traffic PS,1.04432e+16,2019,1,2,Road Accidents,Not Applicable,City/Town,Near Bus stop,Human Error,No,Simple Injury,Hit fixed object,Signal lights Automatic,Straight and flat,City or Town Road,Bitumen(Tar),Dry,Not Applicable,Clear,YESHWANTHAPURA CIRCLE,Yeshwanthapura ps,10 FT,13.018537,77.557752
Bengaluru City,Yeshwanthapura Traffic PS,1.04432e+16,2019,1,2,Road Accidents,Other,City/Town,Near Bus stop,Human Error,Yes,Simple Injury,Hit and Run,Not at  Junction,Straight and flat,City or Town Road,Bitumen(Tar),Dry,Not Applicable,Clear,NEAR BALAJI TAILOR SHOP 2ND CROSS MATTIKERE,BALAJI TAILOR SHOP,100ft,13.032251,77.560125
Bengaluru City,Yeshwanthapura Traffic PS,1.04432e+16,2019,1,1,Road Accidents,Junction,City/Town,Near Bus stop,Human Error,No,Simple Injury,Hit pedestrian,Police / Manual,Straight and flat,City or Town Road,Bitumen(Tar),Dry,Not Applicable,Clear,TUMAKUR ROAD,BUS STOP,30MTRS,13.030265,77.538076
Bengaluru City,Yeshwanthapura Traffic PS,1.04432e+16,2019,1,2,Road Accidents,Junction,City/Town,Near Bus stop,Human Error,Yes,Damage Only,Vehicle to Vehicle,Signal lights Manual,Straight and flat,Others,Bitumen(Tar),Dry,Not Applicable,Clear,TUMAKUR ROAD,RING ROAD,40 FT,13.030404,77.537223
Bengaluru City,Yeshwanthapura Traffic PS,1.04432e+16,2019,1,2,Road Accidents,Junction,City/Town,Near Bus stop,Human Error,No,Grievous Injury,Not Applicable,Signal lights Manual,Straight and flat,Minor District Road,Bitumen(Tar),Dry,Not Applicable,Clear,M E S ROAD GG PALYA,taj vivantha hotel,20 FT,13.029344,77.540221
Bengaluru City,Yeshwanthapura Traffic PS,1.04432e+16,2019,1,2,Road Accidents,Curves,City/Town,Near Bus stop,Human Error,Yes,Damage Only,Vehicle to Vehicle,Signal lights Manual,Straight and flat,NH,Bitumen(Tar),Dry,Not Applicable,Clear,TUMAKUR ROAD,KLE DENTEL HOSPITAL,20FT,13.030813,77.536201
Bengaluru City,Yeshwanthapura Traffic PS,1.04432e+16,2019,1,1,Road Accidents,Cross roads,City/Town,Near office complex,Human Error,No,Simple Injury,Hit pedestrian,No signal lights,Straight and flat,One way,Bitumen(Tar),Dry,Not Applicable,Clear,BK NAGAR ROAD,BUS STOP,40FT,13.029341,77.554815
Bengaluru City,Yeshwanthapura Traffic PS,1.04432e+16,2019,1,2,Road Accidents,Narrow road,City/Town,Near Bus stop,Human Error,Yes,Simple Injury,Vehicle to Vehicle,No signal lights,Straight and flat,Minor District Road,Bitumen(Tar),Dry,Not Applicable,Clear,MATHIKERE BUS STOOP,1ST MAIN MATHIKERE BUS STOP,50,13.028969,77.561293
Bengaluru City,Yeshwanthapura Traffic PS,1.04432e+16,2019,1,2,Road Accidents,Circle,City/Town,Residential area,Human Error,Yes,Simple Injury,Hit and Run,Not at  Junction,Straight and flat,City or Town Road,Bitumen(Tar),Dry,Not Applicable,Clear,PIPE LANE ROAD,HOUSE NO 82,25ft,13.03467,77.564319
Bengaluru City,Yeshwanthapura Traffic PS,1.04432e+16,2019,1,1,Road Accidents,Cross roads,City/Town,In bazaar,Human Error,No,Simple Injury,Hit pedestrian,Police / Manual,Steep Incline or Climb,City or Town Road,Bitumen(Tar),Dry,Not Applicable,Clear,Yeshwanthapura baza road,Near Sulabh souchalaya,10 FT,13.021233,77.553457
Bengaluru City,Yeshwanthapura Traffic PS,1.04432e+16,2019,1,2,Road Accidents,Junction,City/Town,Near Bus stop,Human Error,No,Damage Only,Overturning,Not Applicable,Straight and flat,City or Town Road,Bitumen(Tar),Dry,Not Applicable,Clear,TUMAKUR ROAD,CMTI JUNCTION,30mtr,3.0322221,77.5337031
Bengaluru City,Yeshwanthapura Traffic PS,1.04432e+16,2019,1,2,Road Accidents,Other,City/Town,Residential area,Human Error,No,Damage Only,Others,Not at  Junction,Straight and flat,City or Town Road,Bitumen(Tar),Dry,Not Applicable,Clear,INFRONT OF HOUSE NO 568 ASHRAYA NAGARA,IMFRONT OF HOUSE NO 568,100 FT,13.029027,77.529655
Bengaluru City,Yeshwanthapura Traffic PS,1.04432e+16,2019,1,1,Road Accidents,Not Applicable,City/Town,Near Bus stop,Human Error,No,Simple Injury,Others,No signal lights,Straight and flat,City or Town Road,Bitumen(Tar),Dry,Not Applicable,Clear,yeshwanthapura flyover,BUS STOP,100 FT,13.016869,77.556514
Bengaluru City,Yeshwanthapura Traffic PS,1.04432e+16,2019,1,1,Road Accidents,Circle,City/Town,At pedestrian Crossing,Human Error,No,Fatal,Hit pedestrian,Signal lights Automatic,Straight and flat,NH,Bitumen(Tar),Dry,Not Applicable,Clear,TUMAKUR ROAD,YPR TRAFFIC POLICE STATION,30FEET,13.018437,77.557832
Bengaluru City,Yeshwanthapura Traffic PS,1.04432e+16,2019,1,2,Road Accidents,Narrow road,City/Town,Near Bus stop,Human Error,No,Simple Injury,Not Applicable,Signal lights Automatic,Straight and flat,City or Town Road,Bitumen(Tar),Dry,Not Applicable,Clear,TUMKUR ROAD G G PALYA JUNCTION,people tree hospital,05 FT,13.028931,77.539711
Bengaluru City,Yeshwanthapura Traffic PS,1.04432e+16,2019,1,1,Road Accidents,Narrow road,City/Town,Near a factory industrial area,Human Error,No,Fatal,Hit bicyclist,No signal lights,Straight and flat,NH,Bitumen(Tar),Dry,Not Applicable,Clear,TUMKUR ROAD,cmti,50ft,13.033411,77.532475
Bengaluru City,Yeshwanthapura Traffic PS,1.04432e+16,2019,1,2,Road Accidents,Junction,City/Town,Near Hospital,Human Error,Not Applicable,Simple Injury,Not Applicable,Signal lights Manual,Straight and flat,City or Town Road,Bitumen(Tar),Dry,Not Applicable,Clear,TUMAKUR ROAD,BUS STOP,30FEET,13.028596,77.540152
Bengaluru City,Yeshwanthapura Traffic PS,1.04432e+16,2019,1,2,Road Accidents,Junction,City/Town,Near Bus stop,Human Error,No,Simple Injury,Others,Not Applicable,Straight and flat,Arterial,Bitumen(Tar),Dry,Not Applicable,Clear,SUBEDAR PALYA,SUBEDAR PALYA,50 mtr,13.026272,77.561359
Bengaluru City,Yeshwanthapura Traffic PS,1.04432e+16,2019,1,2,Road Accidents,Other,City/Town,Near Bus stop,Human Error,Yes,Damage Only,Hit and Run,Not at  Junction,Straight and flat,City or Town Road,Bitumen(Tar),Dry,Not Applicable,Clear,MEI ROAD,SMASHANA ROAD,30FEET,13.02279,77.541983
Bengaluru City,Yeshwanthapura Traffic PS,1.04432e+16,2019,1,1,Road Accidents,Cross roads,City/Town,At pedestrian Crossing,Human Error,Yes,Fatal,Hit pedestrian,No signal lights,Straight and flat,NH,Bitumen(Tar),Dry,Not Applicable,Clear,TUMAKUR ROAD,METRO STATION,20 FT,13.033701,77.531607
Bengaluru City,Yeshwanthapura Traffic PS,1.04432e+16,2019,1,2,Road Accidents,Cross roads,City/Town,Near office complex,Human Error,Yes,Grievous Injury,Vehicle to Vehicle,No signal lights,Straight and flat,Others,Bitumen(Tar),Dry,Not Applicable,Clear,DIVANARAPALYA ROAD,NEAR OFFICE COMPLEX,30FEET,13.026065,77.55962
Bengaluru City,Yeshwanthapura Traffic PS,1.04432e+16,2019,1,1,Road Accidents,Road hump or Rumble strips,City/Town,Near Bus stop,Human Error,No,Grievous Injury,Vehicle to Vehicle,No signal lights,Straight and flat,NH,Bitumen(Tar),Dry,Not Applicable,Clear,TUMKUR ROAD,BUS STOP,30FEET,13.018334,77.553221
Bengaluru City,Yeshwanthapura Traffic PS,1.04432e+16,2019,1,2,Road Accidents,Narrow road,City/Town,In bazaar,Human Error,Yes,Simple Injury,Hit pedestrian,No signal lights,Straight and flat,Two way,Bitumen(Tar),Dry,Not Applicable,Clear,Bramhalingeshwara candiments,g g palya 1st main bramhalingeshwara candiments,15,13.028003,77.538088
Bengaluru City,Yeshwanthapura Traffic PS,1.04432e+16,2019,1,1,Road Accidents,Junction,City/Town,Near Bus stop,Human Error,Yes,Fatal,Hit pedestrian,Signal lights Automatic,Straight and flat,City or Town Road,Bitumen(Tar),Dry,Not Applicable,Clear,MEI TUMKUR ROAD,MARKS GRANDIER HOTEL,50MTRS,13.027025,77.543563
Bengaluru City,Yeshwanthapura Traffic PS,1.04432e+16,2019,1,1,Road Accidents,Other,City/Town,At pedestrian Crossing,Human Error,No,Simple Injury,Hit pedestrian,Not Applicable,Straight and flat,City or Town Road,Bitumen(Tar),Dry,Not Applicable,Clear,FTI ROAD,MADRAN BREADFACTORY,100ft,13.024919,77.533496
Bengaluru City,Yeshwanthapura Traffic PS,1.04432e+16,2019,1,2,Road Accidents,Other,City/Town,Near Bus stop,Human Error,No,Simple Injury,Others,Not at  Junction,Straight and flat,City or Town Road,Bitumen(Tar),Dry,Not Applicable,Clear,NEAR SUBEDARPALYA CHURCH HMT MAIN ROAD,NEAR SUBEDARPALYA CHURCH,100ft,13.023841,77.562754
Bengaluru City,Yeshwanthapura Traffic PS,1.04432e+16,2019,1,1,Road Accidents,Circle,City/Town,Near office complex,Human Error,Yes,Damage Only,Vehicle to Vehicle,Not at  Junction,Straight and flat,Not Applicable,Bitumen(Tar),Dry,Not Applicable,Clear,JB TRANSPORT,DUTTL INDUSTRIAL SUBURB,100 FT,13.035954,77.533547
Bengaluru City,Yeshwanthapura Traffic PS,1.04432e+16,2019,1,1,Road Accidents,Cross roads,City/Town,Near Petrol Pump,Human Error,No,Grievous Injury,Hit pedestrian,No signal lights,Straight and flat,Others,Bitumen(Tar),Dry,Not Applicable,Clear,1ST MAIN ROAD,MAHINDRA FINANCE,30FEET,13.026703,77.558147
Bengaluru City,Yeshwanthapura Traffic PS,1.04432e+16,2019,1,1,Road Accidents,Cross roads,City/Town,Near Bus stop,Human Error,No,Grievous Injury,Hit pedestrian,Signal lights Automatic,Straight and flat,NH,Bitumen(Tar),Dry,Not Applicable,Clear,TUMAKUR ROAD,BUS STOP,20FT,13.028915,77.540078
Bengaluru City,Yeshwanthapura Traffic PS,1.04432e+16,2019,1,1,Road Accidents,Cross roads,City/Town,Near Bus stop,Human Error,No,Simple Injury,Hit pedestrian,No signal lights,Straight and flat,Others,Bitumen(Tar),Dry,Not Applicable,Clear,HMT MAIN ROAD,GANESH HOTEL,20FT,13.027068,77.561777
Bengaluru City,Yeshwanthapura Traffic PS,1.04432e+16,2019,1,1,Road Accidents,Cross roads,City/Town,Near Bus stop,Human Error,No,Grievous Injury,Hit pedestrian,No signal lights,Straight and flat,NH,Bitumen(Tar),Dry,Not Applicable,Clear,TUMKUR ROAD,VAISHATNAVI MAL,30FEET,13.024451,77.548001
Bengaluru City,Yeshwanthapura Traffic PS,1.04432e+16,2019,1,2,Road Accidents,Curves,City/Town,Near Hospital,Human Error,No,Grievous Injury,Vehicle to Vehicle,No signal lights,Straight and flat,NH,Bitumen(Tar),Dry,Not Applicable,Clear,TUMAKUR ROAD,NEAR SPARSH HOSPITAL,30FEET,13.027758,77.542273
Bengaluru City,Yeshwanthapura Traffic PS,1.04432e+16,2019,1,3,Road Accidents,Curves,City/Town,Narrow bridge or culverts,Human Error,No,Simple Injury,Vehicle to Vehicle,Uncontrolled,Curve,One way,Bitumen(Tar),Dry,Not Applicable,Clear,yeshwanthapura flyover,BMTC BUS STOP,30 FT,13.018537,77.557752
Bengaluru City,Yeshwanthapura Traffic PS,1.04432e+16,2019,1,1,Road Accidents,Narrow road,City/Town,Near Bus stop,Human Error,No,Simple Injury,Hit pedestrian,Signals (Working),Straight and flat,City or Town Road,Bitumen(Tar),Dry,Not Applicable,Clear,NEAR EACHER GOODS GARAGE TUMKUR ROAD,G G PALYA BUS STOP,20 FT,13.030265,77.537051
Bengaluru City,Yeshwanthapura Traffic PS,1.04432e+16,2019,1,2,Road Accidents,Circle,City/Town,Near Bus stop,Human Error,No,Simple Injury,Others,Not Applicable,Straight and flat,City or Town Road,Bitumen(Tar),Dry,Not Applicable,Clear,YESHWANTHAPURA CIRCLE,YESHWANTHAPURA CIRCLE,30mtr,13.018537,77.557752
Bengaluru City,Yeshwanthapura Traffic PS,1.04432e+16,2019,1,2,Road Accidents,Other,City/Town,Near Bus stop,Human Error,No,Simple Injury,Others,No signal lights,Straight and flat,City or Town Road,Bitumen(Tar),Dry,Not Applicable,Clear,NEAR LCR SCHOOL 11TH CROSS B K NAGARA,11TH CROSS B K NAGARA,100 FT,13.027812,77.555342
Bengaluru City,Yeshwanthapura Traffic PS,1.04432e+16,2019,1,2,Road Accidents,Junction,City/Town,Near Bus stop,Human Error,No,Damage Only,Not Applicable,Signal lights Manual,Straight and flat,City or Town Road,Bitumen(Tar),Dry,Not Applicable,Clear,TUMKUR ROAD,PEOPLE TREE HOSPITAL,30FEET,13.029831,77.540192
Bengaluru City,Yeshwanthapura Traffic PS,1.04432e+16,2019,1,2,Road Accidents,Junction,City/Town,Near Bus stop,Human Error,Yes,Grievous Injury,Vehicle to Vehicle,Signal lights Automatic,Straight and flat,Others,Bitumen(Tar),Dry,Not Applicable,Clear,INFRONT OF CMTI GATE,TUMUKURU ROAD,100FT,13.030678,77.536961
Bengaluru City,Yeshwanthapura Traffic PS,1.04432e+16,2019,1,2,Road Accidents,Junction,City/Town,Near Hospital,Human Error,No,Grievous Injury,Hit pedestrian,Signal lights Manual,Straight and flat,NH,Bitumen(Tar),Dry,Not Applicable,Clear,TUMAKUR ROAD,POLICE CHAWAKI,50MTRS,13.0291,77.539983
Bengaluru City,Yeshwanthapura Traffic PS,1.04432e+16,2019,1,2,Road Accidents,Not Applicable,City/Town,Near Bus stop,Human Error,Yes,Simple Injury,Vehicle to Vehicle,No signal lights,Gentle Incline or Climb,Not Applicable,Bitumen(Tar),Others,Not Applicable,Clear,cmti bus stop,cmti,20,13.034269,77.530897
Bengaluru City,Yeshwanthapura Traffic PS,1.04432e+16,2020,1,2,Road Accidents,Junction,City/Town,At pedestrian Crossing,Human Error,No,Damage Only,Vehicle to Vehicle,Police / Manual,Not Applicable,NH,Bitumen(Tar),Dry,Not Applicable,Clear,Tumkur road srs junction,SRS SIGNAL LIGHT,10 FT,13.035456,77.53005
Bengaluru City,Yeshwanthapura Traffic PS,1.04432e+16,2020,1,2,Road Accidents,Not Applicable,City/Town,Near Bus stop,Human Error,Yes,Damage Only,Vehicle to Vehicle,Not at  Junction,Others,One way,Bitumen(Tar),Dry,Not Applicable,Clear,cv raman road,ANJANEYA TEMPLE,10 FT,13.014447,77.570995
Bengaluru City,Yeshwanthapura Traffic PS,1.04432e+16,2020,1,1,Road Accidents,Narrow road,City/Town,Near Bus stop,Human Error,No,Simple Injury,Hit pedestrian,Not at  Junction,Straight and flat,Others,Bitumen(Tar),Dry,Not Applicable,Clear,G G PALYA BUS STOP,PEOPLE TREE HOSPITAL,20,13.029096,77.539256
Bengaluru City,Yeshwanthapura Traffic PS,1.04432e+16,2020,1,1,Road Accidents,Narrow road,City/Town,At pedestrian Crossing,Human Error,No,Fatal,Hit pedestrian,Signal lights Automatic,Straight and flat,Major District Road,Bitumen(Tar),Dry,Not Applicable,Clear,TUMKUR ROAD,TAJ HOTEL,10,13.02866,77.540173
Bengaluru City,Yeshwanthapura Traffic PS,1.04432e+16,2020,1,2,Road Accidents,Not Applicable,City/Town,Near Bus stop,Human Error,Yes,Grievous Injury,Vehicle to Vehicle,Not Applicable,Not Applicable,NH,Bitumen(Tar),Dry,Not Applicable,Clear,PEENYA FLYOVER UPRAMP,CMTI JUNCTION,20FT,13.032104,77.53417
Bengaluru City,Yeshwanthapura Traffic PS,1.04432e+16,2020,1,1,Road Accidents,Narrow road,City/Town,Near Bus stop,Human Error,Yes,Simple Injury,Hit pedestrian,No signal lights,Straight and flat,Two way,Bitumen(Tar),Dry,Not Applicable,Clear,MODRUN BREAD FACTORY,FTI FACTORY,20,13.0251295,77.5334092
Bengaluru City,Yeshwanthapura Traffic PS,1.04432e+16,2020,1,2,Road Accidents,Narrow road,City/Town,Near Bus stop,Human Error,Yes,Simple Injury,Vehicle to Vehicle,Not Applicable,Straight and flat,Two way,Bitumen(Tar),Dry,Not Applicable,Clear,TRIVENI ROADA,ICE REAM STORE,20 FT,13.019509,77.558047
Bengaluru City,Yeshwanthapura Traffic PS,1.04432e+16,2020,1,2,Road Accidents,Narrow road,City/Town,Near Bus stop,Human Error,No,Not Applicable,Vehicle to Vehicle,Not at  Junction,Straight and flat,Two way,Bitumen(Tar),Dry,Not Applicable,Others,NEAR ULLAS THEATRE,ROYAN CHICKEN CENTRE,0.5 KM,13.018817,77.5516
Bengaluru City,Yeshwanthapura Traffic PS,1.04432e+16,2020,1,2,Road Accidents,Circle,City/Town,Near Bus stop,Human Error,Yes,Grievous Injury,Vehicle to Vehicle,No signal lights,Straight and flat,Others,Bitumen(Tar),Dry,Not Applicable,Clear,MATTIKERE ROAD,SRI SHAKTI MEDICAL SHOP,50MTRS,13.030074,77.558457
Bengaluru City,Yeshwanthapura Traffic PS,1.04432e+16,2020,1,1,Road Accidents,Narrow road,City/Town,Near Bus stop,Human Error,Yes,Simple Injury,Hit pedestrian,Not at  Junction,Straight and flat,NH,Bitumen(Tar),Dry,Not Applicable,Clear,NEAR CMTI TUMKUR ROAD,CMTI OFFICE COMPOUND,30FEET,13.031625,77.534899
Bengaluru City,Yeshwanthapura Traffic PS,1.04432e+16,2020,1,1,Road Accidents,Narrow road,City/Town,Near office complex,Human Error,Yes,Simple Injury,Hit pedestrian,No signal lights,Straight and flat,NH,Bitumen(Tar),Dry,Not Applicable,Clear,CMTI,cmti,30 FT,13.031681,77.534953
Bengaluru City,Yeshwanthapura Traffic PS,1.04432e+16,2020,1,1,Not Applicable,Not Applicable,City/Town,Near Petrol Pump,Human Error,No,Damage Only,Not Applicable,Not Applicable,Not Applicable,Not Applicable,Not Applicable,Not Applicable,Not Applicable,Clear,OUTER RING ROAD,BHARATH PETROL BUNK,40,13.02237,77.53298
Bengaluru City,Yeshwanthapura Traffic PS,1.04432e+16,2020,1,2,Road Accidents,Narrow road,City/Town,Near Bus stop,Human Error,No,Simple Injury,Not Applicable,No signal lights,Straight and flat,Two way,Bitumen(Tar),Dry,Not Applicable,Others,TRIVENI ROAD,ROOPASHRI BAR,50MTRS,13.023261,77.559383
Bengaluru City,Yeshwanthapura Traffic PS,1.04432e+16,2020,1,2,Road Accidents,Narrow road,City/Town,Narrow bridge or culverts,Human Error,No,Simple Injury,Vehicle to Vehicle,Not at  Junction,Others,NH,Bitumen(Tar),Dry,Not Applicable,Clear,TUMKUR ROAD NEAR CMTI,CMTI BUS STOP,20 FT,13.0323388,77.5343726
Bengaluru City,Yeshwanthapura Traffic PS,1.04432e+16,2020,1,1,Road Accidents,Narrow road,City/Town,Residential area,Human Error,Yes,Simple Injury,Hit pedestrian,No signal lights,Straight and flat,One way,Bitumen(Tar),Dry,Not Applicable,Clear,PLATINUM CITY,BUS STOP,30,13.025065,77.534254
Bengaluru City,Yeshwanthapura Traffic PS,1.04432e+16,2020,1,1,Road Accidents,Narrow road,City/Town,Near office complex,Human Error,Yes,Simple Injury,Hit pedestrian,Not at  Junction,Straight and flat,Two way,Bitumen(Tar),Dry,Not Applicable,Clear,RTO OFFICE ROAD,RTO OFFICE,20 FT,13.0200391,77.5542541
Bengaluru City,Yeshwanthapura Traffic PS,1.04432e+16,2020,1,2,Road Accidents,Narrow road,City/Town,Near Bus stop,Human Error,Yes,Grievous Injury,Vehicle to Vehicle,No signal lights,Not Applicable,Others,Bitumen(Tar),Dry,Not Applicable,Clear,MES RING ROAD,BUS STOP,30FEET,13.021652,77.553257
Bengaluru City,Yeshwanthapura Traffic PS,1.04432e+16,2020,1,1,Road Accidents,Junction,City/Town,Near Petrol Pump,Human Error,Not Applicable,Fatal,Not Applicable,Uncontrolled,Straight and flat,Not Applicable,Bitumen(Tar),Dry,Not Applicable,Not Applicable,TUMKUR ROAD NEAR MEI JUNCTION,MEI PETROL BUNK,05 FT,13.026143,77.545023
Bengaluru City,Yeshwanthapura Traffic PS,1.04432e+16,2020,1,1,Road Accidents,Narrow road,City/Town,In bazaar,Human Error,Yes,Fatal,Hit pedestrian,Signal lights Automatic,Straight and flat,One way,Bitumen(Tar),Dry,Not Applicable,Clear,bazar road,masque,10 FEE,13.019944,77.555631
Bengaluru City,Yeshwanthapura Traffic PS,1.04432e+16,2020,1,2,Road Accidents,Not Applicable,City/Town,Near Bus stop,Human Error,Yes,Simple Injury,Vehicle to Vehicle,Not at  Junction,Straight and flat,Mixed,Bitumen(Tar),Dry,Not Applicable,Clear,MARAPPANAPALYA NEAR SOAP FACTORY UNDER PASS,GARMENTS,10FEET,13.021612,77.551812
Bengaluru City,Yeshwanthapura Traffic PS,1.04432e+16,2020,1,5,Road Accidents,Narrow road,City/Town,Near Bus stop,Human Error,No,Simple Injury,Vehicle to Vehicle,No signal lights,Straight and flat,One way,Bitumen(Tar),Dry,Not Applicable,Clear,TUMKUR ROAD,Yeshwanthapura METRO STATION,50ft,13.022864,77.550714