DISTRICTNAME,UNITNAME,Crime_No,Year,RI,Noofvehicle_involved,Accident_Classification,Accident_Spot,Accident_Location,Accident_SubLocation,Main_Cause,Hit_Run,Severity,Collision_Type,Junction_Control,Road_Character,Road_Type,Surface_Type,Surface_Condition,Road_Condition,Weather,Accident_Road,Landmark_first,Distance_LandMark_First,Latitude,Longitude
Bengaluru City,Yeshwanthapura Traffic PS,1.04432e+16,2020,1,2,Road Accidents,Narrow road,City/Town,Near a factory industrial area,Human Error,Yes,Simple Injury,Vehicle to Vehicle,No signal lights,Straight and flat,State Highway,Bitumen(Tar),Dry,Not Applicable,Clear,TUMKUR ROAD NEAR SPARSHA HOSPITAL,SPARSHA HOSPITAL,10 FEE,13.027477,77.542777
Bengaluru City,Yeshwanthapura Traffic PS,1.04432e+16,2020,1,2,Road Accidents,Narrow road,City/Town,Near Bus stop,Human Error,No,Simple Injury,Vehicle to Vehicle,Not at  Junction,Straight and flat,Two way,Bitumen(Tar),Dry,Not Applicable,Clear,hmt main road,MAthikere fly over,0.5 km,13.038069,77.557409
Bengaluru City,Yeshwanthapura Traffic PS,1.04432e+16,2020,1,2,Road Accidents,Junction,City/Town,Near Bus stop,Human Error,No,Damage Only,Vehicle to Vehicle,Signal lights Automatic,Straight and flat,NH,Bitumen(Tar),Dry,Not Applicable,Clear,CMTI JUNCTION,CMTI,20,13.030265,77.537051
Bengaluru City,Yeshwanthapura Traffic PS,1.04432e+16,2020,1,1,Road Accidents,Junction,City/Town,Near Bus stop,Human Error,No,Simple Injury,Hit bicyclist,Signal lights Automatic,Straight and flat,State Highway,Bitumen(Tar),Dry,Not Applicable,Clear,G G PALYA JUNCTION,TAJ HOTEL,10,13.028729,77.540187
Bengaluru City,Yeshwanthapura Traffic PS,1.04432e+16,2020,1,1,Road Accidents,Narrow road,City/Town,Near a factory industrial area,Human Error,Not Applicable,Fatal,Not Applicable,Uncontrolled,Straight and flat,Others,Bitumen(Tar),Dry,Not Applicable,Very Cold,CV RAMAN ROAD,BHEL,20 FT,13.0145358,77.5687394
Bengaluru City,Yeshwanthapura Traffic PS,1.04432e+16,2020,1,2,Road Accidents,Narrow road,City/Town,Near Bus stop,Human Error,No,Simple Injury,Vehicle to Vehicle,Signals (Working),Straight and flat,NH,Bitumen(Tar),Dry,Not Applicable,Clear,TUMKUR ROAD,SRS BUS STOP,30FEET,13.034676,77.529823
Bengaluru City,Yeshwanthapura Traffic PS,1.04432e+16,2020,1,2,Road Accidents,Narrow road,City/Town,Near Hospital,Human Error,No,Damage Only,Vehicle to Vehicle,Signals (Working),Straight and flat,Not Applicable,Bitumen(Tar),Dry,Not Applicable,Clear,Thumkur rd  g g palya circle,people tree hospital,10 FT,13.035979,77.323343
Bengaluru City,Yeshwanthapura Traffic PS,1.04432e+16,2020,1,2,Road Accidents,Narrow road,City/Town,Near Bus stop,Human Error,No,Simple Injury,Vehicle to Vehicle,Signals (Working),Straight and flat,NH,Bitumen(Tar),Dry,Not Applicable,Clear,cmti junction,CHIEF ENGINEER AIRFORCE OFFICE,10,13.030265,77.537051
Bengaluru City,Yeshwanthapura Traffic PS,1.04432e+16,2020,1,2,Road Accidents,Narrow road,City/Town,Near Bus stop,Human Error,No,Simple Injury,Vehicle to Vehicle,No signal lights,Others,State Highway,Bitumen(Tar),Dry,Not Applicable,Clear,MARAPPANAPALYA,BUS STOP,30FEET,13.017576,77.553778
Bengaluru City,Yeshwanthapura Traffic PS,1.04432e+16,2020,1,2,Road Accidents,Narrow road,City/Town,Near a factory industrial area,Human Error,No,Simple Injury,Vehicle to Vehicle,Not Applicable,Straight and flat,NH,Bitumen(Tar),Dry,Not Applicable,Clear,NEAR CMTI,CMTI BUS STOP,50,0.0,0.0
Bengaluru City,Yeshwanthapura Traffic PS,1.04432e+16,2020,1,2,Road Accidents,Narrow road,City/Town,Near Bus stop,Human Error,Yes,Simple Injury,Vehicle to Vehicle,Signal lights Automatic,Straight and flat,State Highway,Bitumen(Tar),Dry,Not Applicable,Clear,tumkur road,people tree hospital,20 fee,13.2976,77.538727
Bengaluru City,Yeshwanthapura Traffic PS,1.04432e+16,2020,1,2,Road Accidents,Narrow road,City/Town,Residential area,Human Error,Yes,Fatal,Vehicle to Vehicle,Not at  Junction,Not Applicable,Others,Bitumen(Tar),Wet,Not Applicable,Clear,BFW CROSS ROAD,NEAR PEENYA METRO STATION,30,13.032986,77.533825
Bengaluru City,Yeshwanthapura Traffic PS,1.04432e+16,2020,1,2,Road Accidents,Narrow road,City/Town,Residential area,Human Error,Yes,Fatal,Vehicle to Vehicle,Not at  Junction,Straight and flat,Others,Bitumen(Tar),Dry,Not Applicable,Clear,BFW CROSS ROAD,NEAR PEENYA METRO STATION,40,13.033729,77.534132
Bengaluru City,Yeshwanthapura Traffic PS,1.04432e+16,2020,1,2,Road Accidents,Narrow road,City/Town,Residential area,Human Error,Yes,Simple Injury,Vehicle to Vehicle,No signal lights,Others,Others,Bitumen(Tar),Dry,Not Applicable,Clear,HMT MAIN ROAD,AYYAPPA TEMPLE,40,13.02283,77.56301
Bengaluru City,Yeshwanthapura Traffic PS,1.04432e+16,2020,1,1,Road Accidents,Narrow road,City/Town,Near Bus stop,Human Error,No,Simple Injury,Hit pedestrian,Not Applicable,Straight and flat,Two way,Bitumen(Tar),Dry,Not Applicable,Clear,hmt main road,MSR BUS STOP,40,13.0321317,77.5602948
Bengaluru City,Yeshwanthapura Traffic PS,1.04432e+16,2020,1,2,Road Accidents,Junction,City/Town,Near Hospital,Human Error,No,Damage Only,Vehicle to Vehicle,Signal lights Automatic,Straight and flat,NH,Bitumen(Tar),Dry,Not Applicable,Not Applicable,TUMKUR ROAD CMTI JUNCTION,PEOPLE TREE HOSPITAL,100 FT,13.030291,77.537271
Bengaluru City,Yeshwanthapura Traffic PS,1.04432e+16,2020,1,2,Road Accidents,Narrow road,City/Town,Near Bus stop,Human Error,Yes,Simple Injury,Vehicle to Vehicle,No signal lights,Straight and flat,Service Road,Bitumen(Tar),Dry,Not Applicable,Clear,TUMKUR MAIN ROAD  BSNL SERVICE ROAD,BSNL OFFICE,20,13.018406,77.553208
Bengaluru City,Yeshwanthapura Traffic PS,1.04432e+16,2020,1,1,Road Accidents,Narrow road,City/Town,Near Bus stop,Human Error,Yes,Damage Only,Not Applicable,Not Applicable,Others,Not Applicable,Bitumen(Tar),Dry,Not Applicable,Clear,MEI ROAD,MEI FACTORY,20 FT,13.025433,77.54369
Bengaluru City,Yeshwanthapura Traffic PS,1.04432e+16,2020,1,2,Road Accidents,Narrow road,City/Town,Near Bus stop,Human Error,Yes,Simple Injury,Not Applicable,Signal lights Automatic,Straight and flat,State Highway,Bitumen(Tar),Dry,Not Applicable,Clear,TUMAKUR ROAD,MEI FACTORY,20 FT,77.544255,13.026498
Bengaluru City,Yeshwanthapura Traffic PS,1.04432e+16,2020,1,1,Road Accidents,Narrow road,City/Town,Near Bus stop,Human Error,No,Simple Injury,Hit pedestrian,No signal lights,Straight and flat,Others,Bitumen(Tar),Dry,Not Applicable,Clear,TRIVENI ROAD,VENKATESHWARA CHOTRI,50 mtr,13.019509,77.558047
Bengaluru City,Yeshwanthapura Traffic PS,1.04432e+16,2020,1,2,Road Accidents,Not Applicable,City/Town,Open area,Human Error,No,Damage Only,Vehicle to Vehicle,No signal lights,Not Applicable,Others,Bitumen(Tar),Dry,Not Applicable,Clear,NEAR MARAPPANA PALYA TUMKUR ROAD,Mandovi motors,30 FT,13.017685,77.553693
Bengaluru City,Yeshwanthapura Traffic PS,1.04432e+16,2020,1,2,Road Accidents,Narrow road,City/Town,Near Bus stop,Human Error,No,Simple Injury,Vehicle to Vehicle,Signal lights Automatic,Not Applicable,Two way,Bitumen(Tar),Dry,Not Applicable,Clear,MATHIKERE BUS STOP,BUS STOP,50,13.037475,77.55756
Bengaluru City,Yeshwanthapura Traffic PS,1.04432e+16,2020,1,2,Road Accidents,Narrow road,City/Town,Near Bus stop,Human Error,Yes,Simple Injury,Vehicle to Vehicle,Not Applicable,Straight and flat,Service Road,Bitumen(Tar),Dry,Not Applicable,Clear,RMC YARD TUMKUR ROAD,CORPORATION BANK,15 FEE,13.027656,77.541324
Bengaluru City,Yeshwanthapura Traffic PS,1.04432e+16,2020,1,2,Road Accidents,Narrow road,City/Town,Near Bus stop,Human Error,Yes,Simple Injury,Vehicle to Vehicle,No signal lights,Straight and flat,One way,Bitumen(Tar),Dry,Not Applicable,Clear,NEARRMC YARD POLICE STATION,RMC YAR PS,10,13.022885,77.549981
Bengaluru City,Yeshwanthapura Traffic PS,1.04432e+16,2020,1,2,Road Accidents,Circle,City/Town,Near Bus stop,Human Error,No,Simple Injury,Vehicle to Vehicle,Signals (Working),Straight and flat,One way,Bitumen(Tar),Dry,Not Applicable,Clear,YESHWANTHAPURA CIRCLE,BMTC BUS STOP,10 FEE,13.017064,77.556597
Bengaluru City,Yeshwanthapura Traffic PS,1.04432e+16,2020,1,2,Road Accidents,Narrow road,City/Town,Near Bus stop,Human Error,Yes,Fatal,Vehicle to Vehicle,Not Applicable,Straight and flat,Two way,Bitumen(Tar),Dry,Not Applicable,Not Applicable,HMT ROAD,SABASTIAN APARTMENT,40,13.024767,77.562486
Bengaluru City,Yeshwanthapura Traffic PS,1.04432e+16,2020,1,2,Road Accidents,Narrow road,City/Town,In bazaar,Human Error,No,Simple Injury,Vehicle to Vehicle,No signal lights,Straight and flat,One way,Bitumen(Tar),Dry,Not Applicable,Clear,bazar road,CAUVERY TRADERS,40,13.019828,77.554595
Bengaluru City,Yeshwanthapura Traffic PS,1.04432e+16,2020,1,3,Road Accidents,Junction,City/Town,Near a recreation place/cinema,Human Error,No,Fatal,Not Applicable,No signal lights,Straight and flat,Two way,Bitumen(Tar),Dry,Not Applicable,Clear,MES RING ROAD,BYRAVESHWARA WINE SHOP,40,13.04296,77.54911
Bengaluru City,Yeshwanthapura Traffic PS,1.04432e+16,2020,1,2,Road Accidents,Narrow road,City/Town,Near a factory industrial area,Human Error,No,Simple Injury,Vehicle to Vehicle,Not at  Junction,Straight and flat,Others,Bitumen(Tar),Dry,Not Applicable,Clear,MES RING ROAD,MAGNAM HONDA,20 FT,13.023779,77.054264
Bengaluru City,Yeshwanthapura Traffic PS,1.04432e+16,2020,1,2,Road Accidents,Circle,City/Town,Near Hospital,Human Error,Yes,Simple Injury,Vehicle to Vehicle,Signal lights Automatic,Straight and flat,State Highway,Bitumen(Tar),Dry,Not Applicable,Clear,TUMKUR ROAD,PEOPLE TREE HOSPITAL,10 FEE,13.029813,77.540198
Bengaluru City,Yeshwanthapura Traffic PS,1.04432e+16,2020,1,2,Road Accidents,Narrow road,City/Town,Near office complex,Human Error,Yes,Simple Injury,Vehicle to Vehicle,Not at  Junction,Straight and flat,State Highway,Bitumen(Tar),Dry,Not Applicable,Clear,NEAR CQAE OFFICE,NEAR TAJ HOTEL,50,13.030007,77.540332
Bengaluru City,Yeshwanthapura Traffic PS,1.04432e+16,2020,1,2,Road Accidents,Narrow road,City/Town,Open area,Human Error,Yes,Not Applicable,Vehicle to Vehicle,Not Applicable,Straight and flat,Not Applicable,Bitumen(Tar),Dry,Not Applicable,Clear,KARNATAKA CANCER HOSPITAL,MEI FACTORY,40 FT,13.023832,77.542735
Bengaluru City,Yeshwanthapura Traffic PS,1.04432e+16,2020,1,2,Road Accidents,Narrow road,City/Town,Near Bus stop,Human Error,Yes,Simple Injury,Vehicle to Vehicle,Signal lights Automatic,Others,Not Applicable,Bitumen(Tar),Dry,Not Applicable,Clear,MEI JUNCTION TUMKUR ROAD,MEI BUS STOP,30FEET,13.024243,77.548367
Bengaluru City,Yeshwanthapura Traffic PS,1.04432e+16,2020,1,2,Road Accidents,Narrow road,City/Town,Near Bus stop,Human Error,Yes,Grievous Injury,Vehicle to Vehicle,No signal lights,Straight and flat,Not Applicable,Bitumen(Tar),Dry,Not Applicable,Clear,Tumkur road,MARAPPANA PALYA BUS STOP,10 FT,13.018304,77.553526
Bengaluru City,Yeshwanthapura Traffic PS,1.04432e+16,2020,1,2,Road Accidents,Junction,City/Town,Near Bus stop,Human Error,Yes,Simple Injury,Vehicle to Vehicle,Controlled,Others,NH,Bitumen(Tar),Dry,Not Applicable,Clear,CMTI JUNCTION,CMTI BUS STOP,30FEET,13.030265,77.537051
Bengaluru City,Yeshwanthapura Traffic PS,1.04432e+16,2020,1,2,Road Accidents,Curves,City/Town,Near Bus stop,Human Error,Not Applicable,Grievous Injury,Not Applicable,Uncontrolled,Curve,Others,Bitumen(Tar),Dry,Not Applicable,Clear,YESHWANTHAPURA FLYOVER,BUS STOP,20 FT,13.032104,77.53417
Bengaluru City,Yeshwanthapura Traffic PS,1.04432e+16,2020,1,1,Road Accidents,Narrow road,City/Town,Near Bus stop,Human Error,No,Not Applicable,Not Applicable,No signal lights,Straight and flat,Others,Bitumen(Tar),Dry,Not Applicable,Clear,MES RING ROAD,PARIMALA TOWER,50 ft,13.032205,77.540662
Bengaluru City,Yeshwanthapura Traffic PS,1.04432e+16,2020,1,1,Road Accidents,Narrow road,City/Town,Near office complex,Human Error,Yes,Grievous Injury,Hit pedestrian,Not at  Junction,Others,One way,Bitumen(Tar),Dry,Not Applicable,Clear,Near salapuria apartement,INDIRA CANTEEN NEAR,50 mtr,13.016627,77.5609437
Bengaluru City,Yeshwanthapura Traffic PS,1.04432e+16,2020,1,2,Road Accidents,Narrow road,City/Town,Near a factory industrial area,Human Error,Yes,Fatal,Not Applicable,Not Applicable,Straight and flat,Residential Street,Bitumen(Tar),Dry,Not Applicable,Not Applicable,MES ROAD,CQAE OFFICE NEAR,50 mtr,0.0,0.0
Bengaluru City,Yeshwanthapura Traffic PS,1.04432e+16,2020,1,2,Road Accidents,Narrow road,City/Town,Open area,Human Error,Yes,Damage Only,Vehicle to Vehicle,Not Applicable,Straight and flat,Not Applicable,Bitumen(Tar),Dry,Not Applicable,Clear,TRIVENI ROAD,ROOPASHREE BAR,40FEET,13.02323,77.559372
Bengaluru City,Yeshwanthapura Traffic PS,1.04432e+16,2020,1,1,Road Accidents,Narrow road,City/Town,Near Bus stop,Human Error,Yes,Simple Injury,Vehicle to Vehicle,Signals (Working),Not Applicable,Others,Bitumen(Tar),Dry,Not Applicable,Clear,YESHWANTHAPURA BUS STOP,YESHWANTHAPURA PS,40FEET,13.018537,77.557752
Bengaluru City,Yeshwanthapura Traffic PS,1.04432e+16,2020,1,2,Road Accidents,Narrow road,City/Town,Near Bus stop,Human Error,No,Grievous Injury,Vehicle to Vehicle,No signal lights,Others,Others,Bitumen(Tar),Dry,Not Applicable,Clear,TUMKUR ROAD NEAR RAILWAY STATION,MARAPPANA PALYA BUS STOP,20 FT,13.019169,77.553133
Bengaluru City,Yeshwanthapura Traffic PS,1.04432e+16,2020,1,2,Road Accidents,Junction,City/Town,In bazaar,Human Error,Yes,Grievous Injury,Vehicle to Vehicle,No signal lights,Straight and flat,Two way,Bitumen(Tar),Dry,Not Applicable,Clear,Yeshwanthapura bazaR road,1ST MAIN,0.5 KM,13.019937,77.555671
Bengaluru City,Yeshwanthapura Traffic PS,1.04432e+16,2020,1,2,Road Accidents,Cross roads,City/Town,In bazaar,Human Error,Yes,Simple Injury,Vehicle to Vehicle,Not Applicable,Not Applicable,Mixed,Bitumen(Tar),Dry,Not Applicable,Clear,near metro cash and carry,met,30FEET,13.013727,77.554968
Bengaluru City,Yeshwanthapura Traffic PS,1.04432e+16,2020,1,2,Road Accidents,Not Applicable,City/Town,Narrow bridge or culverts,Human Error,Not Applicable,Simple Injury,Vehicle to Vehicle,No signal lights,Not Applicable,One way,Bitumen(Tar),Dry,Not Applicable,Clear,C V RAMAN ROAD,MUNISWAMAPPA KALYANA MANTAPA,30FEET,13.017008,77.5542997
Bengaluru City,Yeshwanthapura Traffic PS,1.04432e+16,2020,1,2,Road Accidents,Not Applicable,City/Town,Near Bus stop,Human Error,No,Simple Injury,Vehicle to Vehicle,Not at  Junction,Slight Curve,Two way,Bitumen(Tar),Dry,Not Applicable,Clear,YESHWANTHAPURA FLYOVER,BMTC BUS STOP,40,13.018537,77.557752
Bengaluru City,Yeshwanthapura Traffic PS,1.04432e+16,2020,1,1,Road Accidents,Not Applicable,City/Town,Near Bus stop,Human Error,Not Applicable,Fatal,Not Applicable,Not at  Junction,Not Applicable,Others,Bitumen(Tar),Dry,Not Applicable,Clear,MARAPPANAPALYA U TURN,KARLE FACTORY,50,77.553988,13.016057
Bengaluru City,Yeshwanthapura Traffic PS,1.04432e+16,2020,1,2,Road Accidents,Cross roads,City/Town,Near a factory industrial area,Human Error,Yes,Fatal,Vehicle to Vehicle,No signal lights,Straight and flat,Others,Bitumen(Tar),Dry,Not Applicable,Others,RMC YARD ROAD,RMC YARD 1ST GATE,20FT,13.0208736,77.547077
Bengaluru City,Yeshwanthapura Traffic PS,1.04432e+16,2020,1,2,Road Accidents,Narrow road,City/Town,Near Bus stop,Human Error,Yes,Simple Injury,Vehicle to Vehicle,Not at  Junction,Straight and flat,Others,Bitumen(Tar),Dry,Not Applicable,Clear,MES RING ROAD,CQWA OFFICE,50 ft,13.02382092,77.56077621
Bengaluru City,Yeshwanthapura Traffic PS,1.04432e+16,2020,1,1,Road Accidents,Narrow road,City/Town,Near Bus stop,Human Error,Yes,Damage Only,Not Applicable,Signal lights Automatic,Straight and flat,Mixed,Bitumen(Tar),Dry,Not Applicable,Clear,MES RING ROAD,HEIDELBERG PROMINENT FLUID CONTROLS INDIA PVT LTD,40,13.024181,77.54844
Bengaluru City,Yeshwanthapura Traffic PS,1.04432e+16,2020,1,1,Road Accidents,Narrow road,City/Town,In bazaar,Human Error,Yes,Grievous Injury,Hit pedestrian,No signal lights,Straight and flat,Not Applicable,Bitumen(Tar),Dry,Not Applicable,Clear,RMC YARD,RMC YARD,20ft,13.020816,77.548916
Bengaluru City,Yeshwanthapura Traffic PS,1.04432e+16,2020,1,2,Road Accidents,Curves,City/Town,Open area,Human Error,Not Applicable,Simple Injury,Vehicle to Vehicle,Not Applicable,Curve,One way,Bitumen(Tar),Dry,Not Applicable,Fine,MUTHYALANAGAR RAILWAY FLY OVER,KEB POLE,6 FEET,13.040402,77.547929
Bengaluru City,Yeshwanthapura Traffic PS,1.04432e+16,2020,1,1,Road Accidents,Narrow road,City/Town,In bazaar,Human Error,Yes,Grievous Injury,Hit animal,Not at  Junction,Straight and flat,Two way,Bitumen(Tar),Dry,Not Applicable,Fine,YESHWANTHAPURA BAZAR,NEAR SHREE MOTOR GARAGE,30FEET,13.03201,77.553243
Bengaluru City,Yeshwanthapura Traffic PS,1.04432e+16,2020,1,2,Road Accidents,Narrow road,City/Town,Near a factory industrial area,Human Error,Yes,Fatal,Vehicle to Vehicle,No signal lights,Straight and flat,Major District Road,Bitumen(Tar),Dry,Not Applicable,Clear,MES RING ROAD,CQAE OFFICE,100 FT,13.036556,77.541659
Bengaluru City,Yeshwanthapura Traffic PS,1.04432e+16,2020,1,2,Road Accidents,Junction,City/Town,In bazaar,Human Error,Not Applicable,Simple Injury,Vehicle to Vehicle,Not at  Junction,Straight and flat,Others,Bitumen(Tar),Dry,Not Applicable,Clear,KN EXTENTION ROAD,KN EXTENTION,30 FEE,13.02316,77.556881
Bengaluru City,Yeshwanthapura Traffic PS,1.04432e+16,2020,1,2,Road Accidents,Narrow road,City/Town,Near Bus stop,Human Error,Yes,Simple Injury,Vehicle to Vehicle,No signal lights,Others,Not Applicable,Bitumen(Tar),Dry,Not Applicable,Clear,Tumkur road service road,Hallimane Hotel,20,13.0224844,77.555504
Bengaluru City,Yeshwanthapura Traffic PS,1.04432e+16,2020,1,1,Road Accidents,Not Applicable,City/Town,Residential area,Human Error,No,Simple Injury,Not Applicable,Not at  Junction,Straight and flat,Mixed,Bitumen(Tar),Dry,Not Applicable,Others,SANNAPPA ROAD,MILK STORE,10 FEE,13.029073,77.539309
Bengaluru City,Yeshwanthapura Traffic PS,1.04432e+16,2020,1,2,Road Accidents,Narrow road,City/Town,Near Bus stop,Human Error,Yes,Simple Injury,Vehicle to Vehicle,No signal lights,Straight and flat,State Highway,Bitumen(Tar),Dry,Not Applicable,Clear,TUMKUR MAIN ROAD  NEARMARAPPANA PALYA,METRO STATION,10ft,0.0,0.0
Bengaluru City,Yeshwanthapura Traffic PS,1.04432e+16,2020,1,2,Road Accidents,Not Applicable,City/Town,Near Bus stop,Vehicle Defect,Yes,Simple Injury,Vehicle to Vehicle,Not at  Junction,Straight and flat,Service Road,Bitumen(Tar),Dry,Not Applicable,Clear,MARAPPANAPALYA NEAR SOAP FACTORY UNDER PASS,SOAP FACTORY,30FEET,13.019169,77.553133
Bengaluru City,Yeshwanthapura Traffic PS,1.04432e+16,2020,1,2,Road Accidents,Junction,City/Town,Near Bus stop,Human Error,No,Fatal,Vehicle to Vehicle,Signals (Working),Straight and flat,NH,Bitumen(Tar),Dry,Not Applicable,Clear,Tumkur road,gokula DAS AND KLE DENTAL COLLEGE,10 FT,13.0290111,77.5373963
Bengaluru City,Yeshwanthapura Traffic PS,1.04432e+16,2020,1,1,Road Accidents,Narrow road,City/Town,In bazaar,Human Error,Yes,Grievous Injury,Hit pedestrian,No signal lights,Straight and flat,Others,Bitumen(Tar),Not Applicable,Not Applicable,Clear,DEVARAJ TRUCK TERMINAL ROAD,MARIDARTHI TEA STALL,10 FEE,13.021772,77.551631
Bengaluru City,Yeshwanthapura Traffic PS,1.04432e+16,2020,1,2,Road Accidents,Narrow road,City/Town,Near Hospital,Human Error,No,Damage Only,Vehicle to Vehicle,No signal lights,Straight and flat,Two way,Bitumen(Tar),Dry,Not Applicable,Clear,MES ROAD,NEAR BUS STOP AND PEOPLE TREE HOSPITAL,40 ft,13.0291,77.539984
Bengaluru City,Yeshwanthapura Traffic PS,1.04432e+16,2020,1,1,Road Accidents,Narrow road,City/Town,Near Bus stop,Human Error,Yes,Simple Injury,Hit pedestrian,No signal lights,Straight and flat,Two way,Bitumen(Tar),Dry,Not Applicable,Clear,80 FEET ROAD M K NAGAR,P R SCHOOL,40 ft,13.032896,77.554745
Bengaluru City,Yeshwanthapura Traffic PS,1.04432e+16,2020,1,2,Road Accidents,Junction,City/Town,Near Bus stop,Human Error,Yes,Simple Injury,Vehicle to Vehicle,Signals (Working),Straight and flat,Two way,Bitumen(Tar),Dry,Not Applicable,Clear,MEI JUNCTION,CQAE,20 FT,13.0263595,77.542036
Bengaluru City,Yeshwanthapura Traffic PS,1.04432e+16,2020,1,2,Road Accidents,Narrow road,City/Town,Near Petrol Pump,Human Error,No,Fatal,Vehicle to Vehicle,Not at  Junction,Straight and flat,State Highway,Bitumen(Tar),Dry,Not Applicable,Clear,OUTER RING ROAD,FTI,50ft,13.023457,77.53327
Bengaluru City,Yeshwanthapura Traffic PS,1.04432e+16,2020,1,1,Road Accidents,Narrow road,City/Town,Near Bus stop,Human Error,No,Simple Injury,Hit pedestrian,No signal lights,Straight and flat,Not Applicable,Bitumen(Tar),Dry,Not Applicable,Clear,ULLAS TEATRE ROAD,ULLAS THEATRE,30,13.019005,77.550832
Bengaluru City,Yeshwanthapura Traffic PS,1.04432e+16,2020,1,2,Road Accidents,Junction,City/Town,Near Bus stop,Human Error,No,Damage Only,Not Applicable,Signals (Working),Straight and flat,NH,Bitumen(Tar),Dry,Not Applicable,Clear,cmti junction TUMKUR ROAD,NEAR GOKUL DAS,30FEET,13.030107,77.537635
Bengaluru City,Yeshwanthapura Traffic PS,1.04432e+16,2020,1,1,Road Accidents,Narrow road,City/Town,In bazaar,Human Error,Yes,Simple Injury,Hit pedestrian,Not at  Junction,Straight and flat,One way,Bitumen(Tar),Dry,Not Applicable,Clear,YPR RAILWAY STATION ROAD,BBMP HOSPITAL,30,13.021379,77.553327
Bengaluru City,Yeshwanthapura Traffic PS,1.04432e+16,2020,1,2,Road Accidents,Narrow road,City/Town,Near a recreation place/cinema,Human Error,No,Damage Only,Vehicle to Vehicle,Signal lights Automatic,Straight and flat,Not Applicable,Bitumen(Tar),Dry,Not Applicable,Clear,NEAR THAJ VIVANTH HOTEL,THAJ VIVANTH,25FEE,13.028832,77.540265
Bengaluru City,Yeshwanthapura Traffic PS,1.04432e+16,2020,1,1,Road Accidents,Narrow road,City/Town,Near Bus stop,Human Error,Yes,Simple Injury,Vehicle to Vehicle,Signal lights Manual,Straight and flat,State Highway,Bitumen(Tar),Dry,Not Applicable,Clear,RMC YARD TUMKUR ROAD,JUICE CENTRE,30FEET,13.021334,77.546253
Bengaluru City,Yeshwanthapura Traffic PS,1.04432e+16,2020,1,1,Road Accidents,Junction,City/Town,Near Bus stop,Human Error,No,Simple Injury,Vehicle to Vehicle,No signal lights,Straight and flat,NH,Bitumen(Tar),Dry,Not Applicable,Clear,TUMAKUR ROAD,MARAPPANA PALYA BUS STOP,30FEET,13.019587,77.553103
Bengaluru City,Yeshwanthapura Traffic PS,1.04432e+16,2020,1,2,Road Accidents,Narrow road,City/Town,Near a religious place,Human Error,No,Simple Injury,Vehicle to Vehicle,No signal lights,Straight and flat,Service Road,Bitumen(Tar),Dry,Not Applicable,Clear,MES ROAD,CMTI QUARTERS,50 ft,13.032205,77.540662
Bengaluru City,Yeshwanthapura Traffic PS,1.04432e+16,2020,1,2,Road Accidents,Road hump or Rumble strips,City/Town,Narrow bridge or culverts,Human Error,No,Simple Injury,Vehicle to Vehicle,No signal lights,Not Applicable,NH,Bitumen(Tar),Dry,Not Applicable,Clear,PEENYA FLYOVER NEAR CMTI,CMTI,60,13.032735,77.532955
Bengaluru City,Yeshwanthapura Traffic PS,1.04432e+16,2020,1,2,Road Accidents,Junction,City/Town,Near Bus stop,Human Error,No,Damage Only,Vehicle to Vehicle,Signals (Working),Straight and flat,State Highway,Bitumen(Tar),Dry,Not Applicable,Clear,TUMKUR ROAD  G G PALYA JUNCTIOM,PEOPLE TREE HOSPITAL,20 FT,13.02919,77.539631
Bengaluru City,Yeshwanthapura Traffic PS,1.04432e+16,2020,1,1,Road Accidents,Narrow road,City/Town,Near Bus stop,Human Error,Yes,Damage Only,Vehicle to Vehicle,Signal lights Automatic,Straight and flat,Not Applicable,Bitumen(Tar),Dry,Not Applicable,Cloudy,TUMKUR ROAD,MEI BUS STOP,40,13.13503,77.323822
Bengaluru City,Yeshwanthapura Traffic PS,1.04432e+16,2020,1,2,Road Accidents,Junction,City/Town,Near Bus stop,Human Error,No,Simple Injury,Vehicle to Vehicle,Signal lights Blinking,Straight and flat,Service Road,Bitumen(Tar),Dry,Not Applicable,Clear,MEI JUNCTION BUSSTOP,KARNATAKA CANCER HOSPITA,40,13.019287,77.539963
Bengaluru City,Yeshwanthapura Traffic PS,1.04432e+16,2020,1,2,Road Accidents,Narrow road,City/Town,Near Bus stop,Human Error,Yes,Simple Injury,Vehicle to Vehicle,No signal lights,Straight and flat,Not Applicable,Bitumen(Tar),Dry,Not Applicable,Clear,RMC YARD BUS STOP\,RMC YARD,40 FT,13.022852,77.550005
Bengaluru City,Yeshwanthapura Traffic PS,1.04432e+16,2020,1,1,Road Accidents,Not Applicable,City/Town,Narrow bridge or culverts,Human Error,Not Applicable,Fatal,Not Applicable,No signal lights,Not Applicable,NH,Bitumen(Tar),Dry,Not Applicable,Others,PEENYA FLYOVER NEAR METRO STATION,CMTI OFFICE COMPOUND,20 FEE,13.032753,77.533103
Bengaluru City,Yeshwanthapura Traffic PS,1.04432e+16,2020,1,2,Road Accidents,Narrow road,City/Town,Near Bus stop,Human Error,No,Simple Injury,Hit pedestrian,No signal lights,Straight and flat,Not Applicable,Bitumen(Tar),Dry,Not Applicable,Clear,4TH PLATFORM YESHWANTHAPURA BUS STOP,BUS STOP,20,13.0177698,77.5565854
Bengaluru City,Yeshwanthapura Traffic PS,1.04432e+16,2020,1,2,Road Accidents,Narrow road,City/Town,Near Bus stop,Human Error,Not Applicable,Simple Injury,Vehicle to Vehicle,Signal lights Automatic,Straight and flat,Others,Bitumen(Tar),Dry,Not Applicable,Fine,TUMKUR ROAD NEI SIGNAL NEAR,MEI BUS STOP,20FT,13.026536,77.544402