DISTRICTNAME,UNITNAME,Crime_No,Year,RI,Noofvehicle_involved,Accident_Classification,Accident_Spot,Accident_Location,Accident_SubLocation,Main_Cause,Hit_Run,Severity,Collision_Type,Junction_Control,Road_Character,Road_Type,Surface_Type,Surface_Condition,Road_Condition,Weather,Accident_Road,Landmark_first,Distance_LandMark_First,Latitude,Longitude
Bengaluru City,Yeshwanthapura Traffic PS,1.04432e+16,2020,1,1,Road Accidents,Narrow road,City/Town,Near Bus stop,Human Error,Yes,Simple Injury,Hit pedestrian,Not at  Junction,Straight and flat,Two way,Bitumen(Tar),Dry,Not Applicable,Clear,RAMAIAH HOSPITAL ROAD,RAMAIAH HOSPITAL,20,13.028969,77.561293
Bengaluru City,Yeshwanthapura Traffic PS,1.04432e+16,2020,1,2,Road Accidents,Junction,City/Town,Near Bus stop,Human Error,No,Simple Injury,Vehicle to Vehicle,Signal lights Automatic,Straight and flat,NH,Bitumen(Tar),Dry,Not Applicable,Clear,TUMKUR ROAD,CMTI BUS STOP,20,13.031027,77.535943
Bengaluru City,Yeshwanthapura Traffic PS,1.04432e+16,2020,1,2,Road Accidents,Narrow road,City/Town,Near Bus stop,Human Error,No,Simple Injury,Vehicle to Vehicle,Signal lights Automatic,Straight and flat,Others,Bitumen(Tar),Dry,Not Applicable,Clear,TUMKUR ROAD NEAR MEI JUNCTION,MEI PETROL BUNK,40FEET,13.024368,77.548063
Bengaluru City,Yeshwanthapura Traffic PS,1.04432e+16,2020,1,2,Road Accidents,Narrow road,City/Town,Near Bus stop,Human Error,No,Simple Injury,Vehicle to Vehicle,No signal lights,Straight and flat,Others,Bitumen(Tar),Dry,Not Applicable,Others,HMT MAIN ROAD,TATA INSTITUTE BACK GATE,20,13.017445,77.559984
Bengaluru City,Yeshwanthapura Traffic PS,1.04432e+16,2021,1,2,Road Accidents,Narrow road,City/Town,Near Bus stop,Human Error,No,Simple Injury,Vehicle to Vehicle,Not at  Junction,Straight and flat,Major District Road,Bitumen(Tar),Dry,Not Applicable,Clear,C V RAMAN ROAD,DARI ANJANEYA TEMPLE,20 FT,13.0182975,77.5589342
Bengaluru City,Yeshwanthapura Traffic PS,1.04432e+16,2021,1,2,Road Accidents,Cross roads,City/Town,Near Hospital,Human Error,Yes,Simple Injury,Vehicle to Vehicle,Signals (Working),Slight Curve,State Highway,Bitumen(Tar),Dry,Not Applicable,Clear,TUMKUR ROAD  G G PALYA JUNCTIOM,TAJ HOTEL,5,13.029106,77.53992
Bengaluru City,Yeshwanthapura Traffic PS,1.04432e+16,2021,1,2,Road Accidents,Junction,City/Town,Near a factory industrial area,Human Error,Yes,Grievous Injury,Vehicle to Vehicle,No signal lights,Straight and flat,One way,Bitumen(Tar),Dry,Not Applicable,Clear,4TH MAIN ROAD YPR INDUSTRIAL AREA,PRISISION FACTORY,30FEET,13.02938277,77.53436231
Bengaluru City,Yeshwanthapura Traffic PS,1.04432e+16,2021,1,2,Road Accidents,Not Applicable,City/Town,Narrow bridge or culverts,Human Error,No,Simple Injury,Vehicle to Vehicle,Not Applicable,Others,NH,Bitumen(Tar),Dry,Not Applicable,Clear,TUMKUR PEENYA FLYOVER,MEETRO STATION,30,13.033916,77.530913
Bengaluru City,Yeshwanthapura Traffic PS,1.04432e+16,2021,1,2,Road Accidents,Curves,City/Town,Near Bus stop,Human Error,No,Damage Only,Vehicle to Vehicle,No signal lights,Not Applicable,Mixed,Bitumen(Tar),Dry,Not Applicable,Clear,TUMKUR ROAD,BSNLA OFFICE,30,13.017793,77.553595
Bengaluru City,Yeshwanthapura Traffic PS,1.04432e+16,2021,1,1,Road Accidents,Circle,City/Town,Near Bus stop,Human Error,No,Simple Injury,Hit pedestrian,Signals (Working),Straight and flat,Not Applicable,Bitumen(Tar),Dry,Not Applicable,Clear,YESHWANTHAPURA CIRCLE,Yeshwanthapura ps,100 FE,13.019429,77.558075
Bengaluru City,Yeshwanthapura Traffic PS,1.04432e+16,2021,1,2,Road Accidents,Not Applicable,City/Town,Narrow bridge or culverts,Human Error,No,Simple Injury,Vehicle to Vehicle,No signal lights,Straight and flat,NH,Bitumen(Tar),Dry,Not Applicable,Clear,TUMKUR ROAD  MARAPPANA PALYA BUS STOP,DARI ANJANEYA TEMPLE,05 FT,13.018227,77.558846
Bengaluru City,Yeshwanthapura Traffic PS,1.04432e+16,2021,1,2,Road Accidents,Narrow road,City/Town,Near a factory industrial area,Human Error,Yes,Simple Injury,Vehicle to Vehicle,No signal lights,Straight and flat,NH,Bitumen(Tar),Dry,Not Applicable,Clear,CMTI,CMTI FACTORY,25,13.031804,77.534994
Bengaluru City,Yeshwanthapura Traffic PS,1.04432e+16,2021,1,1,Road Accidents,Curves,City/Town,Near office complex,Human Error,No,Damage Only,Not Applicable,Not Applicable,Curve,Minor District Road,Bitumen(Tar),Dry,Not Applicable,Clear,KARLE FACTORY,KARLE FACTORY,40 ft,13.015848,77.554042
Bengaluru City,Yeshwanthapura Traffic PS,1.04432e+16,2021,1,1,Road Accidents,Narrow road,City/Town,In bazaar,Human Error,No,Simple Injury,Hit pedestrian,No signal lights,Straight and flat,Two way,Bitumen(Tar),Dry,Not Applicable,Clear,HMT MAIN ROAD,TATA INSTITUTE,20,13.026303,77.561877
Bengaluru City,Yeshwanthapura Traffic PS,1.04432e+16,2021,1,2,Road Accidents,Narrow road,City/Town,Near Bus stop,Human Error,No,Simple Injury,Vehicle to Vehicle,No signal lights,Others,One way,Bitumen(Tar),Dry,Not Applicable,Clear,TUMAKUR ROAD,CMTI BUS STOP,20,13.031478,77.535143
Bengaluru City,Yeshwanthapura Traffic PS,1.04432e+16,2021,1,2,Road Accidents,Narrow road,City/Town,Residential area,Human Error,Yes,Fatal,Vehicle to Vehicle,Not at  Junction,Straight and flat,Others,Bitumen(Tar),Dry,Not Applicable,Clear,BFW CROSS ROAD,PLATINUM CITY,20FEET,13.036085,77.534904
Bengaluru City,Yeshwanthapura Traffic PS,1.04432e+16,2021,1,1,Road Accidents,Curves,City/Town,Narrow bridge or culverts,Human Error,Not Applicable,Fatal,Not Applicable,Signal lights Automatic,Slight Curve,Two way,Bitumen(Tar),Others,Not Applicable,Clear,HMT MAIN ROAD,BRUNDAVAN FLYWOOD,20FEET,13.037938,77.557449
Bengaluru City,Yeshwanthapura Traffic PS,1.04432e+16,2021,1,1,Road Accidents,Narrow road,City/Town,Near Bus stop,Human Error,Not Applicable,Grievous Injury,Not Applicable,Not at  Junction,Straight and flat,Others,Bitumen(Tar),Dry,Not Applicable,Clear,BDA COMPLEX ROAD,SAMRUDHI TRADING COMPANY,40,13.01800644,77.54504859
Bengaluru City,Yeshwanthapura Traffic PS,1.04432e+16,2021,1,2,Road Accidents,Junction,City/Town,Near a factory industrial area,Human Error,Not Applicable,Grievous Injury,Vehicle to Vehicle,No signal lights,Straight and flat,Arterial,Bitumen(Tar),Dry,Not Applicable,Clear,MEI ROAD,KEB POLE,15 FEE,13.029486,77.534295
Bengaluru City,Yeshwanthapura Traffic PS,1.04432e+16,2021,1,2,Road Accidents,Junction,City/Town,Near a factory industrial area,Human Error,No,Damage Only,Vehicle to Vehicle,Signal lights Automatic,Straight and flat,NH,Bitumen(Tar),Dry,Not Applicable,Clear,CMTI JUNCTION,CMTI OFFICE,20,13.030265,77.537051
Bengaluru City,Yeshwanthapura Traffic PS,1.04432e+16,2021,1,1,Not Applicable,Narrow road,City/Town,Residential area,Human Error,No,Simple Injury,Hit pedestrian,No signal lights,Straight and flat,Not Applicable,Bitumen(Tar),Dry,Not Applicable,Clear,MUTYALA NAGAR,HOUDE NO 44 UMESH,40,13.037221,77.549747
Bengaluru City,Yeshwanthapura Traffic PS,1.04432e+16,2021,1,2,Road Accidents,Junction,City/Town,Near Bus stop,Human Error,Not Applicable,Simple Injury,Vehicle to Vehicle,Signal lights Automatic,Straight and flat,Mixed,Bitumen(Tar),Dry,Not Applicable,Clear,TUMKUR ROAD,MEI PETROL BUNK,20,13.026374,77.544203
Bengaluru City,Yeshwanthapura Traffic PS,1.04432e+16,2021,1,2,Road Accidents,Narrow road,City/Town,Near Bus stop,Human Error,No,Damage Only,Vehicle to Vehicle,Not at  Junction,Straight and flat,Mixed,Bitumen(Tar),Dry,Not Applicable,Clear,MES RING ROAD,KURLON FACTORY,30,13.03153,77.543036
Bengaluru City,Yeshwanthapura Traffic PS,1.04432e+16,2021,1,2,Road Accidents,Circle,City/Town,Near Bus stop,Human Error,No,Simple Injury,Vehicle to Vehicle,Police / Manual,Straight and flat,Two way,Bitumen(Tar),Dry,Not Applicable,Clear,MATHIKERE NETHAJI CIRCLE,SHAKTHI VINAYAKA STORE,50FT,13.03639,77.561871
Bengaluru City,Yeshwanthapura Traffic PS,1.04432e+16,2021,1,3,Road Accidents,Narrow road,City/Town,Residential area,Human Error,Yes,Damage Only,Vehicle to Vehicle,Not at  Junction,Straight and flat,Others,Bitumen(Tar),Dry,Not Applicable,Clear,HMT LAYOUT,MATHIKERE,20,13.031772,77.557862
Bengaluru City,Yeshwanthapura Traffic PS,1.04432e+16,2021,1,2,Road Accidents,Junction,City/Town,Near Hospital,Not Applicable,No,Damage Only,Vehicle to Vehicle,Signals (Working),Straight and flat,State Highway,Bitumen(Tar),Dry,Not Applicable,Clear,TUMKUR ROAD,PEOPLE TREE HOSPITAL,30,13.030528,77.537189
Bengaluru City,Yeshwanthapura Traffic PS,1.04432e+16,2021,1,2,Road Accidents,Narrow road,City/Town,Near Bus stop,Human Error,No,Damage Only,Vehicle to Vehicle,Not at  Junction,Others,State Highway,Bitumen(Tar),Dry,Not Applicable,Clear,TUMKUR ROAD NEAR CMTI,CMTI,20,13.033161,77.53254
Bengaluru City,Yeshwanthapura Traffic PS,1.04432e+16,2021,1,2,Road Accidents,Junction,City/Town,Open area,Human Error,Not Applicable,Grievous Injury,Vehicle to Vehicle,No signal lights,Straight and flat,Arterial,Bitumen(Tar),Dry,Not Applicable,Clear,MEI ROAD,NEAR VARDHAMAN PHARMA,500,13.021083,77.541048
Bengaluru City,Yeshwanthapura Traffic PS,1.04432e+16,2021,1,2,Road Accidents,Junction,City/Town,Near Bus stop,Human Error,No,Simple Injury,Vehicle to Vehicle,Signal lights Automatic,Straight and flat,NH,Bitumen(Tar),Dry,Not Applicable,Clear,TUMKUR ROAD,PEOPLE TREE HOSPITAL,50ft,13.030265,77.537051
Bengaluru City,Yeshwanthapura Traffic PS,1.04432e+16,2021,1,2,Road Accidents,Not Applicable,City/Town,Near Bus stop,Human Error,No,Damage Only,Vehicle to Vehicle,No signal lights,Not Applicable,NH,Bitumen(Tar),Dry,Not Applicable,Clear,TUMKUR ROAD,VRL OFFICE,40,13.031627,77.534906
Bengaluru City,Yeshwanthapura Traffic PS,1.04432e+16,2021,1,2,Not Applicable,Circle,City/Town,In bazaar,Human Error,Not Applicable,Simple Injury,Vehicle to Vehicle,Not Applicable,Straight and flat,Others,Bitumen(Tar),Dry,Not Applicable,Clear,RMC YARD,RMC YARD CIRCLE,40,13.020788,77.544134
Bengaluru City,Yeshwanthapura Traffic PS,1.04432e+16,2021,1,1,Not Applicable,Cross roads,City/Town,Near Bus stop,Human Error,No,Simple Injury,Hit pedestrian,Not Applicable,Straight and flat,Two way,Bitumen(Tar),Dry,Not Applicable,Clear,TUMKUR ROAD,BUS STOP,20 FEE,13.016686,77.556573
Bengaluru City,Yeshwanthapura Traffic PS,1.04432e+16,2021,1,2,Road Accidents,Narrow road,City/Town,Near Hospital,Human Error,No,Simple Injury,Vehicle to Vehicle,No signal lights,Straight and flat,Two way,Bitumen(Tar),Dry,Not Applicable,Clear,HMT ROAD,SUMATHI NURSING HOME,50,13.032515,77.558903
Bengaluru City,Yeshwanthapura Traffic PS,1.04432e+16,2021,1,2,Road Accidents,Cross roads,City/Town,Near a factory industrial area,Human Error,No,Not Applicable,Vehicle to Vehicle,Not at  Junction,Straight and flat,Two way,Bitumen(Tar),Dry,Not Applicable,Clear,NEAR SOAP FACTORY TUMKUR ROAD,SOAP FACTORY,20,13.015033,77.0553944
Bengaluru City,Yeshwanthapura Traffic PS,1.04432e+16,2021,1,1,Road Accidents,Narrow road,City/Town,Near a factory industrial area,Human Error,No,Simple Injury,Hit pedestrian,No signal lights,Straight and flat,Two way,Bitumen(Tar),Dry,Not Applicable,Clear,MEI FACTORY ROAD,MEI PETROL BUNK,40,0.0,0.0
Bengaluru City,Yeshwanthapura Traffic PS,1.04432e+16,2021,1,1,Road Accidents,Cross roads,City/Town,Near Hospital,Human Error,Not Applicable,Simple Injury,Hit pedestrian,No signal lights,Straight and flat,Mixed,Bitumen(Tar),Dry,Not Applicable,Clear,HMT MAIN ROAD,SUBBAIAH HOSPITAL,25 FEE,13.02984748,77.56077315
Bengaluru City,Yeshwanthapura Traffic PS,1.04432e+16,2021,1,3,Road Accidents,Narrow road,City/Town,Near Bus stop,Human Error,No,Damage Only,Vehicle to Vehicle,Police / Manual,Straight and flat,One way,Bitumen(Tar),Dry,Not Applicable,Clear,HMT MAIN ROAD,AGARWAM HOTEL,30,13.03052502,77.56027588
Bengaluru City,Yeshwanthapura Traffic PS,1.04432e+16,2021,1,2,Road Accidents,Junction,City/Town,Near office complex,Human Error,No,Simple Injury,Vehicle to Vehicle,Signal lights Automatic,Straight and flat,NH,Bitumen(Tar),Dry,Not Applicable,Clear,TUMKUR ROAD NEAR CMTI,CMTI,20,13.031736,77.535136
Bengaluru City,Yeshwanthapura Traffic PS,1.04432e+16,2021,1,2,Road Accidents,Curves,City/Town,Narrow bridge or culverts,Human Error,Yes,Fatal,Vehicle to Vehicle,Not at  Junction,Slight Curve,One way,Bitumen(Tar),Dry,Not Applicable,Clear,YESHWANTHAPURA FLYOVER,DCP OFFICE,20,13.018642,77.558038
Bengaluru City,Yeshwanthapura Traffic PS,1.04432e+16,2021,1,2,Road Accidents,Junction,City/Town,Near Bus stop,Human Error,No,Simple Injury,Vehicle to Vehicle,Signal lights Automatic,Straight and flat,NH,Bitumen(Tar),Dry,Not Applicable,Clear,TUMKUR ROAD NEAR CMTI,CMTI,20,13.036591,77.54183
Bengaluru City,Yeshwanthapura Traffic PS,1.04432e+16,2021,1,1,Road Accidents,Curves,City/Town,At pedestrian Crossing,Human Error,Yes,Grievous Injury,Hit pedestrian,Not Applicable,Straight and flat,Arterial,Bitumen(Tar),Dry,Not Applicable,Clear,TUMKUR ROAD,NEAR KEB POLE,10 FT,13.019169,77.553133
Bengaluru City,Yeshwanthapura Traffic PS,1.04432e+16,2021,1,2,Road Accidents,Junction,City/Town,Near Bus stop,Human Error,No,Simple Injury,Vehicle to Vehicle,Signals (Working),Straight and flat,NH,Bitumen(Tar),Dry,Not Applicable,Clear,TUMKUR ROAD,cmti,10,13.030265,77.537051
Bengaluru City,Yeshwanthapura Traffic PS,1.04432e+16,2021,1,1,Road Accidents,Not Applicable,City/Town,Residential area,Human Error,Not Applicable,Fatal,Not Applicable,Not at  Junction,Straight and flat,Two way,Bitumen(Tar),Dry,Not Applicable,Clear,8TH MAIN ROAD,NO 7SRI LAKSHMI NARASIMA NILAYA,10,13.037067,77.549402
Bengaluru City,Yeshwanthapura Traffic PS,1.04432e+16,2021,1,1,Road Accidents,Curves,City/Town,In bazaar,Human Error,Not Applicable,Simple Injury,Not Applicable,No signal lights,Curve and Incline,One way,Bitumen(Tar),Dry,No influence on accident,Clear,TUMKUR ROAD,VIVEKANANDA  STATUE,40,13.015365,77.554876
Bengaluru City,Yeshwanthapura Traffic PS,1.04432e+16,2021,1,2,Road Accidents,Narrow road,City/Town,Near Bus stop,Human Error,No,Simple Injury,Vehicle to Vehicle,Signal lights Automatic,Straight and flat,Others,Bitumen(Tar),Dry,Not Applicable,Clear,TUMKUR ROAD,THE FURN HOTEL,20,13.019924,77.552888
Bengaluru City,Yeshwanthapura Traffic PS,1.04432e+16,2021,1,2,Road Accidents,Narrow road,City/Town,Near Bus stop,Human Error,No,Damage Only,Vehicle to Vehicle,Not Applicable,Straight and flat,Two way,Bitumen(Tar),Dry,Not Applicable,Clear,MATHIKERE,GOKULA EXTENTION,50,13.028019,77.5572147
Bengaluru City,Yeshwanthapura Traffic PS,1.04432e+16,2021,1,2,Road Accidents,Narrow road,City/Town,Near Bus stop,Human Error,No,Simple Injury,Vehicle to Vehicle,Signal lights Automatic,Straight and flat,Mixed,Bitumen(Tar),Dry,Not Applicable,Clear,MEI FACTORY ROAD,SAI RAM WEARS,20,13.024732,77.543237
Bengaluru City,Yeshwanthapura Traffic PS,1.04432e+16,2021,1,1,Road Accidents,Narrow road,City/Town,Near Bus stop,Human Error,No,Simple Injury,Hit pedestrian,Not Applicable,Straight and flat,One way,Bitumen(Tar),Dry,Not Applicable,Fine,90 ROOTE ROAD,POLICE STATION,20 FT,13.017219,77.558422
Bengaluru City,Yeshwanthapura Traffic PS,1.04432e+16,2021,1,2,Road Accidents,Junction,City/Town,Near Bus stop,Human Error,No,Simple Injury,Vehicle to Vehicle,Police / Manual,Straight and flat,One way,Bitumen(Tar),Dry,Not Applicable,Clear,OUTER RING ROAD,FTI,30,13.022352,77.532851
Bengaluru City,Yeshwanthapura Traffic PS,1.04432e+16,2021,1,2,Not Applicable,Curves,City/Town,Near Bus stop,Human Error,No,Damage Only,Vehicle to Vehicle,No signal lights,Straight and flat,One way,Bitumen(Tar),Dry,Not Applicable,Clear,OUTER RING ROAD,AIR FORCE OFFICE GATE COMPOUND,20,13.029145,77.540025
Bengaluru City,Yeshwanthapura Traffic PS,1.04432e+16,2021,1,1,Road Accidents,Narrow road,City/Town,Near a factory industrial area,Human Error,No,Damage Only,Not Applicable,Not at  Junction,Straight and flat,Not Applicable,Bitumen(Tar),Dry,Not Applicable,Clear,M E S ROAD GG PALYA,CQAE OFFICE,50MTRS,13.035814,77.541699
Bengaluru City,Yeshwanthapura Traffic PS,1.04432e+16,2021,1,3,Road Accidents,Junction,City/Town,Near Bus stop,Human Error,No,Damage Only,Vehicle to Vehicle,Signals (Working),Straight and flat,NH,Bitumen(Tar),Dry,Not Applicable,Clear,Tumkur road,CMTI JUNCTION,30ft,13.00232,77.537137
Bengaluru City,Yeshwanthapura Traffic PS,1.04432e+16,2021,1,2,Road Accidents,Curves,City/Town,Narrow bridge or culverts,Human Error,Yes,Not Applicable,Vehicle to Vehicle,No signal lights,Slight Curve,Two way,Bitumen(Tar),Dry,Not Applicable,Clear,YESHWANTHAPURA FLYOVER,BMTC BUS STOP,10,13.018674,77.557914
Bengaluru City,Yeshwanthapura Traffic PS,1.04432e+16,2021,1,2,Not Applicable,Narrow road,City/Town,Near a factory industrial area,Human Error,No,Fatal,Vehicle to Vehicle,Not Applicable,Straight and flat,State Highway,Bitumen(Tar),Dry,Not Applicable,Clear,MES ROAD,CQAE OFFICE,10,13.036591,77.54183
Bengaluru City,Yeshwanthapura Traffic PS,1.04432e+16,2021,1,1,Road Accidents,Narrow road,City/Town,In bazaar,Human Error,No,Grievous Injury,Hit pedestrian,No signal lights,Straight and flat,Others,Bitumen(Tar),Dry,Not Applicable,Clear,80 FEET ROAD RMC YARD,GURJARATH TRADERS,20,13.022653,77.544887
Bengaluru City,Yeshwanthapura Traffic PS,1.04432e+16,2021,1,1,Road Accidents,Road hump or Rumble strips,City/Town,Near Bus stop,Human Error,No,Fatal,Not Applicable,Not Applicable,Others,Mixed,Bitumen(Tar),Dry,Not Applicable,Clear,HMT MAIN ROAD,MAthikere fly over,45,13.03655126,77.55749751
Bengaluru City,Yeshwanthapura Traffic PS,1.04432e+16,2021,1,1,Road Accidents,Narrow road,City/Town,In bazaar,Human Error,No,Simple Injury,Hit pedestrian,Not Applicable,Straight and flat,Mixed,Bitumen(Tar),Dry,Not Applicable,Clear,bazar road,GANGADHARESHWARA TEMPLE,5,13.019049,77.5575311
Bengaluru City,Yeshwanthapura Traffic PS,1.04432e+16,2021,1,2,Road Accidents,Junction,City/Town,Near a factory industrial area,Human Error,No,Simple Injury,Vehicle to Vehicle,Signal lights Automatic,Straight and flat,NH,Bitumen(Tar),Dry,Not Applicable,Clear,TUMKUR ROAD,CMTI OFFICE COMPOUND,30,13.030364,77.53711
Bengaluru City,Yeshwanthapura Traffic PS,1.04432e+16,2021,1,2,Road Accidents,Narrow road,City/Town,Near Bus stop,Human Error,Yes,Simple Injury,Vehicle to Vehicle,Not at  Junction,Not Applicable,NH,Bitumen(Tar),Dry,Not Applicable,Clear,TUMKUR ROAD,VRL OFFICE,20,13.032579,77.533175
Bengaluru City,Yeshwanthapura Traffic PS,1.04432e+16,2021,1,1,Road Accidents,Junction,City/Town,Near Bus stop,Human Error,No,Simple Injury,Hit pedestrian,No signal lights,Straight and flat,State Highway,Bitumen(Tar),Dry,Not Applicable,Clear,TUMKUR ROAD  MARAPPANA PALYA BUS STOP,MARAPPANA PALYA,10 FEE,13.017842,77.553798
Bengaluru City,Yeshwanthapura Traffic PS,1.04432e+16,2021,1,1,Road Accidents,Narrow road,City/Town,Near Bus stop,Human Error,No,Simple Injury,Hit bicyclist,Not at  Junction,Straight and flat,Service Road,Bitumen(Tar),Dry,Not Applicable,Clear,TUMKUR ROAD NEAR METRO STATION,PEENYA METRO STATION,30,13.032668,77.53354
Bengaluru City,Yeshwanthapura Traffic PS,1.04432e+16,2021,1,2,Road Accidents,Narrow road,City/Town,Near Petrol Pump,Human Error,No,Simple Injury,Vehicle to Vehicle,No signal lights,Straight and flat,Major District Road,Bitumen(Tar),Dry,Not Applicable,Clear,TUMKUR ROAD,TOTAL GAS PETROL BUNK,30,13.022864,77.550714
Bengaluru City,Yeshwanthapura Traffic PS,1.04432e+16,2021,1,2,Road Accidents,Junction,City/Town,Near Bus stop,Human Error,No,Damage Only,Vehicle to Vehicle,Signal lights Automatic,Straight and flat,NH,Bitumen(Tar),Dry,Not Applicable,Clear,TUMKUR ROAD,GOKULDAS GARMENTS,5,13.030138,77.53708
Bengaluru City,Yeshwanthapura Traffic PS,1.04432e+16,2021,1,2,Road Accidents,Narrow road,City/Town,Near office complex,Human Error,No,Simple Injury,Vehicle to Vehicle,No signal lights,Straight and flat,One way,Bitumen(Tar),Dry,Not Applicable,Clear,C V RAMAN ROAD,DCP OFFICE,10,13.017588,77.559775
Bengaluru City,Yeshwanthapura Traffic PS,1.04432e+16,2021,1,2,Road Accidents,Narrow road,City/Town,Near Hospital,Human Error,Not Applicable,Fatal,Not Applicable,No signal lights,Straight and flat,Mixed,Bitumen(Tar),Dry,Not Applicable,Clear,TUMKUR ROAD,SPARSHA HOSPITAL,20,13.027309,77.542587
Bengaluru City,Yeshwanthapura Traffic PS,1.04432e+16,2021,1,1,Road Accidents,Narrow road,City/Town,Near Bus stop,Human Error,Not Applicable,Not Applicable,Not Applicable,No signal lights,Straight and flat,Two way,Bitumen(Tar),Dry,Not Applicable,Clear,HMT ROAD,SHANIMAHATHAMA TEMPLE,10 FEE,13.026303,77.561877
Bengaluru City,Yeshwanthapura Traffic PS,1.04432e+16,2021,1,1,Road Accidents,Circle,City/Town,Near Bus stop,Human Error,No,Simple Injury,Hit pedestrian,Signals (Working),Straight and flat,One way,Bitumen(Tar),Dry,Not Applicable,Clear,YPR CIRCLE,BMTC BUS STOP,10FEET,13.018612,77.557656
Bengaluru City,Yeshwanthapura Traffic PS,1.04432e+16,2021,1,2,Road Accidents,Narrow road,City/Town,Near Hospital,Human Error,No,Simple Injury,Vehicle to Vehicle,Signal lights Automatic,Straight and flat,State Highway,Bitumen(Tar),Dry,Not Applicable,Clear,TUMKUR ROAD SPARSH HOSPITAL,SPARSHA HOSPITAL,20,13.027438,77.542831
Bengaluru City,Yeshwanthapura Traffic PS,1.04432e+16,2021,1,1,Road Accidents,Curves,City/Town,Near Bus stop,Human Error,Not Applicable,Simple Injury,Not Applicable,Not Applicable,Slight Curve,One way,Bitumen(Tar),Others,Not Applicable,Clear,YESHWANTHAPURA FLYOVER,DCP OFFICE,10,13.018602,77.557952
Bengaluru City,Yeshwanthapura Traffic PS,1.04432e+16,2021,1,2,Road Accidents,Junction,City/Town,Near Bus stop,Human Error,Yes,Simple Injury,Vehicle to Vehicle,Signal lights Automatic,Straight and flat,Others,Bitumen(Tar),Dry,Not Applicable,Clear,MEI JUNCTION BUSSTOP,MEI PETROL BUNK,10 FEE,13.02648,77.54422
Bengaluru City,Yeshwanthapura Traffic PS,1.04432e+16,2021,1,2,Road Accidents,Narrow road,City/Town,In bazaar,Human Error,No,Fatal,Vehicle to Vehicle,No signal lights,Straight and flat,Others,Bitumen(Tar),Dry,Not Applicable,Clear,TUMKUR ROAD NEAR PARIJATHA HOTEL,PARIJATHA HOTEL,20FT,13.014272,77.554264
Bengaluru City,Yeshwanthapura Traffic PS,1.04432e+16,2021,1,1,Road Accidents,Narrow road,Rural Areas,Near Petrol Pump,Human Error,No,Simple Injury,Hit pedestrian,Signals (Working),Straight and flat,State Highway,Bitumen(Tar),Dry,Not Applicable,Clear,MEI JUNCTION,MEI PETROL BUNK,20,13.026469,77.544451
Bengaluru City,Yeshwanthapura Traffic PS,1.04432e+16,2021,1,1,Road Accidents,Narrow road,City/Town,Near Petrol Pump,Human Error,No,Simple Injury,Hit pedestrian,Not Applicable,Straight and flat,One way,Bitumen(Tar),Dry,Not Applicable,Clear,OUTER RING ROAD,GOKULDAS GARMENTS,40,13.029892,77.536972
Bengaluru City,Yeshwanthapura Traffic PS,1.04432e+16,2021,1,1,Road Accidents,Circle,City/Town,Near Bus stop,Human Error,Yes,Simple Injury,Hit pedestrian,Signal lights Automatic,Straight and flat,Mixed,Bitumen(Tar),Dry,Not Applicable,Clear,YESHWANTHAPURA CIRCLE,YESHWANTHAPURA PS,10FEET,13.017017,77.560566
Bengaluru City,Yeshwanthapura Traffic PS,1.04432e+16,2021,1,2,Road Accidents,Cross roads,City/Town,Near Bus stop,Human Error,No,Simple Injury,Vehicle to Vehicle,No signal lights,Straight and flat,Service Road,Bitumen(Tar),Dry,Not Applicable,Clear,CV RAMAN ROAD,DARIANJANEYA TEMPLE,10,13.018629,77.558862
Bengaluru City,Yeshwanthapura Traffic PS,1.04432e+16,2021,1,1,Road Accidents,Narrow road,City/Town,Near Bus stop,Human Error,No,Simple Injury,Hit pedestrian,Police / Manual,Straight and flat,Mixed,Bitumen(Tar),Dry,Not Applicable,Clear,CHOWDESHWARI BMTC BUS STOP,J P PARK,20,13.03273669,77.55402217
Bengaluru City,Yeshwanthapura Traffic PS,1.04432e+16,2021,1,3,Road Accidents,Curves,City/Town,Near Bus stop,Human Error,Yes,Simple Injury,Vehicle to Vehicle,No signal lights,Slight Curve,NH,Bitumen(Tar),Dry,Not Applicable,Clear,TUMAKUR ROAD,PEENYA FLYOVER AND METRO STATION,20,13.03274,77.5333
Bengaluru City,Yeshwanthapura Traffic PS,1.04432e+16,2021,1,2,Road Accidents,Narrow road,City/Town,Near Bus stop,Human Error,Yes,Damage Only,Vehicle to Vehicle,Signal lights Automatic,Straight and flat,Others,Bitumen(Tar),Dry,Not Applicable,Clear,TUMKUR ROAD,TAJ HOTEL,30,13.028749,77.540089
Bengaluru City,Yeshwanthapura Traffic PS,1.04432e+16,2021,1,2,Road Accidents,Cross roads,City/Town,Near Bus stop,Human Error,No,Simple Injury,Vehicle to Vehicle,Not Applicable,Straight and flat,One way,Bitumen(Tar),Dry,Not Applicable,Clear,MATHIKERE,chowdeshwari temple,40,13.033113,77.554851
Bengaluru City,Yeshwanthapura Traffic PS,1.04432e+16,2021,1,2,Road Accidents,Junction,City/Town,Near Bus stop,Human Error,Yes,Simple Injury,Vehicle to Vehicle,Signal lights Automatic,Straight and flat,NH,Bitumen(Tar),Dry,Not Applicable,Clear,TUMKUR ROAD,CMTI BUS STOP,30,13.031792,77.534987
Bengaluru City,Yeshwanthapura Traffic PS,1.04432e+16,2021,1,1,Road Accidents,Junction,City/Town,Near Bus stop,Human Error,No,Simple Injury,Hit pedestrian,Signals (Working),Straight and flat,NH,Bitumen(Tar),Dry,Not Applicable,Clear,TUMKUR ROAD NEAR CMTI,GOKULDAS GARMENTS,20,13.030333,77.53695
Bengaluru City,Yeshwanthapura Traffic PS,1.04432e+16,2021,1,1,Road Accidents,Narrow road,City/Town,Residential area,Human Error,No,Fatal,Not Applicable,Signals (Working),Straight and flat,Two way,Bitumen(Tar),Dry,Not Applicable,Clear,HMT MAIN ROAD,NEAR MUNESHWARA TEMPLE,20,13.01339,77.551504