DISTRICTNAME,UNITNAME,Crime_No,Year,RI,Noofvehicle_involved,Accident_Classification,Accident_Spot,Accident_Location,Accident_SubLocation,Main_Cause,Hit_Run,Severity,Collision_Type,Junction_Control,Road_Character,Road_Type,Surface_Type,Surface_Condition,Road_Condition,Weather,Accident_Road,Landmark_first,Distance_LandMark_First,Latitude,Longitude
Bengaluru City,Yeshwanthapura Traffic PS,1.04432e+16,2021,1,2,Road Accidents,Narrow road,City/Town,Near School or College,Human Error,Yes,Simple Injury,Vehicle to Vehicle,No signal lights,Straight and flat,One way,Bitumen(Tar),Dry,Not Applicable,Clear,OUTER RING ROAD,ITI COLLEGE,20,13.02068,77.540838
Bengaluru City,Yeshwanthapura Traffic PS,1.04432e+16,2022,1,2,Road Accidents,Narrow road,City/Town,Near Bus stop,Human Error,No,Fatal,Vehicle to Vehicle,Signal lights Automatic,Straight and flat,NH,Bitumen(Tar),Dry,Not Applicable,Clear,TUMKUR ROAD NEAR SRS JUNCTION,MAC DONALD,10,13.034555,77.529847
Bengaluru City,Yeshwanthapura Traffic PS,1.04432e+16,2022,1,1,Road Accidents,Narrow road,City/Town,Near Bus stop,Human Error,Yes,Grievous Injury,Hit pedestrian,Uncontrolled,Straight and flat,Others,Bitumen(Tar),Dry,Not Applicable,Clear,NEAR  UNION BANK ATM,NEAR GOKULADAS GARMENTS,50,13.02645,77.534837
Bengaluru City,Yeshwanthapura Traffic PS,1.04432e+16,2022,1,1,Road Accidents,Circle,City/Town,Near Bus stop,Human Error,No,Fatal,Hit pedestrian,Not Applicable,Straight and flat,Others,Bitumen(Tar),Dry,Not Applicable,Clear,NEAR TRIVENI ROAD,NEAR SREYAS BAR,10FT,13.018727,77.558109
Bengaluru City,Yeshwanthapura Traffic PS,1.04432e+16,2022,1,2,Road Accidents,Narrow road,City/Town,Near Bus stop,Human Error,Not Applicable,Simple Injury,Vehicle to Vehicle,Not Applicable,Straight and flat,Residential Street,Bitumen(Tar),Dry,Not Applicable,Clear,Near Gurudarshan Hotel,Near girls colection,20FT,13.028795,77.561541
Bengaluru City,Yeshwanthapura Traffic PS,1.04432e+16,2022,1,2,Road Accidents,Junction,City/Town,Near Bus stop,Human Error,No,Damage Only,Vehicle to Vehicle,Signals (Working),Straight and flat,NH,Bitumen(Tar),Dry,Not Applicable,Clear,TUMKUR ROAD,CMTI,20,13.031122,77.536294
Bengaluru City,Yeshwanthapura Traffic PS,1.04432e+16,2022,1,2,Road Accidents,Narrow road,City/Town,Near Bus stop,Human Error,No,Simple Injury,Vehicle to Vehicle,Not at  Junction,Straight and flat,Two way,Bitumen(Tar),Dry,Not Applicable,Clear,TRIVENI ROADA,ROOPASRI BAR,20,13.023309,77.559403
Bengaluru City,Yeshwanthapura Traffic PS,1.04432e+16,2022,1,2,Road Accidents,Narrow road,City/Town,Near Bus stop,Human Error,Yes,Grievous Injury,Vehicle to Vehicle,Controlled,Straight and flat,Residential Street,Bitumen(Tar),Dry,Not Applicable,Clear,OPPOSIT HUNDAI SHOE ROOM,NEAR MEI BUS STOP,20 FT,13.022558,77.54188
Bengaluru City,Yeshwanthapura Traffic PS,1.04432e+16,2022,1,2,Road Accidents,Junction,City/Town,Near Bus stop,Human Error,Not Applicable,Not Applicable,Vehicle to Vehicle,Controlled,Straight and flat,Not Applicable,Bitumen(Tar),Dry,Not Applicable,Clear,NEAR  SHIVA TEMPLE,NEAR TAJ VIVANTH HOTEL,50FT,13.029175,77.539756
Bengaluru City,Yeshwanthapura Traffic PS,1.04432e+16,2022,1,2,Road Accidents,Not Applicable,City/Town,Near office complex,Human Error,Yes,Simple Injury,Hit pedestrian,Not Applicable,Not Applicable,Others,Bitumen(Tar),Dry,Not Applicable,Clear,NEAR LIC OFFICE,NEAR  KEMWEL FACTORY,20 FT,13.025605,77.545693
Bengaluru City,Yeshwanthapura Traffic PS,1.04432e+16,2022,1,1,Road Accidents,Cross roads,City/Town,Near School or College,Human Error,Not Applicable,Simple Injury,Hit pedestrian,Not Applicable,Straight and flat,Others,Bitumen(Tar),Dry,Not Applicable,Clear,NEAR GOVT ITI COLLAGE,NEAR PRIVATE SHOP,50FT,13.026247,77.532424
Bengaluru City,Yeshwanthapura Traffic PS,1.04432e+16,2022,1,3,Road Accidents,Narrow road,City/Town,Near Bus stop,Human Error,Not Applicable,Damage Only,Vehicle to Vehicle,Not Applicable,Straight and flat,Others,Bitumen(Tar),Dry,Not Applicable,Clear,NEAR METRO STATION,NEAR PEENYA METRO,50FT,13.034334,77.530642
Bengaluru City,Yeshwanthapura Traffic PS,1.04432e+16,2022,1,2,Road Accidents,Narrow road,City/Town,Near a religious place,Human Error,Not Applicable,Simple Injury,Vehicle to Vehicle,Not Applicable,Straight and flat,Not Applicable,Bitumen(Tar),Dry,Not Applicable,Clear,NEAR RNS SHANTHI NIVASA,NEAR SPARSHA HOSPITAL,20 FT,13.027851,77.542066
Bengaluru City,Yeshwanthapura Traffic PS,1.04432e+16,2022,1,3,Road Accidents,Narrow road,City/Town,In bazaar,Human Error,No,Simple Injury,Vehicle to Vehicle,No signal lights,Straight and flat,Two way,Bitumen(Tar),Dry,Not Applicable,Clear,BOMBAY DYING ROAD,NEAR INDIAN OIL PETROL BUNK,30,13.027819,77.558616
Bengaluru City,Yeshwanthapura Traffic PS,1.04432e+16,2022,1,2,Road Accidents,Narrow road,City/Town,Near Petrol Pump,Human Error,No,Simple Injury,Vehicle to Vehicle,Signals (Working),Straight and flat,Two way,Bitumen(Tar),Dry,Not Applicable,Clear,RELAINCE PETROL BUNK NEAR,AMIDC AUTOMENTION TECNOLOGY LTD,30,13.030142,77.536974
Bengaluru City,Yeshwanthapura Traffic PS,1.04432e+16,2022,1,2,Road Accidents,Narrow road,City/Town,Near Hospital,Human Error,Not Applicable,Grievous Injury,Vehicle to Vehicle,Signals (Working),Straight and flat,Others,Bitumen(Tar),Dry,Not Applicable,Clear,NEAR GLODEN GFRAND APARTMENT,NEAR SPARSH HOSPETAL,20 FT,13.026123,77.544698
Bengaluru City,Yeshwanthapura Traffic PS,1.04432e+16,2022,1,2,Road Accidents,Narrow road,City/Town,Near a factory industrial area,Human Error,Yes,Grievous Injury,Not Applicable,Controlled,Straight and flat,Others,Bitumen(Tar),Dry,Not Applicable,Clear,NEAR KLE INSTITUTION SITE,NEAR PEENYA METRO STATION,20 FT,13.032027,77.533898
Bengaluru City,Yeshwanthapura Traffic PS,1.04432e+16,2022,1,1,Road Accidents,Narrow road,City/Town,Near a religious place,Human Error,Not Applicable,Fatal,Hit pedestrian,Not Applicable,Straight and flat,Others,Bitumen(Tar),Dry,Not Applicable,Clear,NEAR NAVATA TRANCEPORT,NEAR CHAMUNDI AUTO GYAREG,20FT,13.019051,77.552702
Bengaluru City,Yeshwanthapura Traffic PS,1.04432e+16,2022,1,2,Road Accidents,Junction,City/Town,Near a factory industrial area,Human Error,No,Simple Injury,Vehicle to Vehicle,No signal lights,Not Applicable,Two way,Bitumen(Tar),Dry,Not Applicable,Clear,4TH MAIN ROAD YPR INDUSTRIAL AREA,PRICISION FACTORY,50,13.02948,77.534289
Bengaluru City,Yeshwanthapura Traffic PS,1.04432e+16,2022,1,2,Road Accidents,Narrow road,City/Town,Near Petrol Pump,Human Error,No,Simple Injury,Vehicle to Vehicle,Not at  Junction,Straight and flat,Two way,Bitumen(Tar),Dry,Not Applicable,Clear,OUTER RING ROAD,RELIANCE  PETROL BUNK,30,13.029162,77.536523
Bengaluru City,Yeshwanthapura Traffic PS,1.04432e+16,2022,1,1,Road Accidents,Narrow road,City/Town,Near office complex,Human Error,Not Applicable,Simple Injury,Not Applicable,No signal lights,Straight and flat,Service Road,Bitumen(Tar),Dry,Not Applicable,Clear,C V RAMAN ROAD,GYKHANA GATE,15,13.015931,77.562694
Bengaluru City,Yeshwanthapura Traffic PS,1.04432e+16,2022,1,1,Road Accidents,Narrow road,City/Town,At pedestrian Crossing,Human Error,Not Applicable,Grievous Injury,Hit pedestrian,Controlled,Not Applicable,Others,Bitumen(Tar),Dry,Not Applicable,Clear,NEAR SAYAKRUPA HOSPITAL,NEAR TULASI JEWELARRY,50FT,13.029686,77.559396
Bengaluru City,Yeshwanthapura Traffic PS,1.04432e+16,2022,1,2,Road Accidents,Narrow road,City/Town,Near Bus stop,Human Error,No,Damage Only,Vehicle to Vehicle,Signals (Working),Straight and flat,NH,Bitumen(Tar),Dry,Not Applicable,Clear,Tumkur road,cmti,40,13.031297,77.535385
Bengaluru City,Yeshwanthapura Traffic PS,1.04432e+16,2022,1,2,Road Accidents,Narrow road,City/Town,Residential area,Human Error,Yes,Simple Injury,Vehicle to Vehicle,Not at  Junction,Straight and flat,Residential Street,Bitumen(Tar),Dry,Not Applicable,Clear,NEAR CHARCH,NEAR IISC D GATE,50 FT,13.018786,77.561488
Bengaluru City,Yeshwanthapura Traffic PS,1.04432e+16,2022,1,2,Road Accidents,Narrow road,City/Town,Near a factory industrial area,Human Error,No,Grievous Injury,Vehicle to Vehicle,Uncontrolled,Straight and flat,Others,Bitumen(Tar),Dry,Not Applicable,Clear,NEAR CMTI FACTORY,NEAR PEENYA METRO STATION,50 mtr,13.03169,77.535282
Bengaluru City,Yeshwanthapura Traffic PS,1.04432e+16,2022,1,1,Road Accidents,Curves,City/Town,Near Hospital,Human Error,No,Fatal,Hit pedestrian,No signal lights,Slight Curve,One way,Bitumen(Tar),Dry,Not Applicable,Clear,RAILWAY STATION ROAD,COVID HOSPITAL,TWO FE,13.021225,77.553491
Bengaluru City,Yeshwanthapura Traffic PS,1.04432e+16,2022,1,2,Road Accidents,Narrow road,City/Town,Near Bus stop,Human Error,Yes,Fatal,Vehicle to Vehicle,No signal lights,Straight and flat,NH,Bitumen(Tar),Dry,Not Applicable,Clear,TUMKUR ROAD,POPULAR AUTO MAC,30,13.031338,77.535403
Bengaluru City,Yeshwanthapura Traffic PS,1.04432e+16,2022,1,2,Road Accidents,Cross roads,City/Town,Near Bus stop,Human Error,No,Damage Only,Vehicle to Vehicle,Not Applicable,Straight and flat,State Highway,Bitumen(Tar),Dry,Not Applicable,Clear,MES RING ROAD,CHEIF ENGINEER OFFICE COMPOUND,10,13.029131,77.540021
Bengaluru City,Yeshwanthapura Traffic PS,1.04432e+16,2022,1,2,Road Accidents,Narrow road,City/Town,In bazaar,Human Error,Yes,Simple Injury,Vehicle to Vehicle,No signal lights,Straight and flat,Two way,Bitumen(Tar),Dry,Not Applicable,Clear,1ST MAIN YESHWANTHAPURA,SANGAM JEWELLARY,20,13.02555,77.557649
Bengaluru City,Yeshwanthapura Traffic PS,1.04432e+16,2022,1,2,Road Accidents,Cross roads,City/Town,Near office complex,Human Error,Not Applicable,Not Applicable,Vehicle to Vehicle,Controlled,Straight and flat,Others,Bitumen(Tar),Dry,Not Applicable,Clear,NEAR CMTI JUNCTION,NEAR CMTI JUNCTION,100FT,13.029995,77.537809
Bengaluru City,Yeshwanthapura Traffic PS,1.04432e+16,2022,1,2,Road Accidents,Junction,City/Town,Near Bus stop,Human Error,Yes,Grievous Injury,Vehicle to Vehicle,Controlled,Straight and flat,Two way,Bitumen(Tar),Wet,Not Applicable,Light Rain,NEAR GOLDEN GRAND APARTMENT,NEAR MEI JUNCTION,50FT,13.025773,77.545449
Bengaluru City,Yeshwanthapura Traffic PS,1.04432e+16,2022,1,2,Road Accidents,Junction,City/Town,Near Bus stop,Human Error,Not Applicable,Grievous Injury,Vehicle to Vehicle,Controlled,Straight and flat,Others,Bitumen(Tar),Dry,Not Applicable,Clear,NEAR CMTI BUS STOP,NEAR CMTI FACTORY,50ft,13.030403,77.537191
Bengaluru City,Yeshwanthapura Traffic PS,1.04432e+16,2022,1,2,Road Accidents,Junction,City/Town,Near Hospital,Human Error,Yes,Simple Injury,Vehicle to Vehicle,Signal lights Automatic,Straight and flat,State Highway,Bitumen(Tar),Dry,Not Applicable,Clear,TUMKUR ROAD PEOPLE TREE HOSPITAL,PEOPLE TREE HOSPITAL,5,13.029125,77.539915
Bengaluru City,Yeshwanthapura Traffic PS,1.04432e+16,2022,1,2,Road Accidents,Narrow road,City/Town,In bazaar,Human Error,No,Simple Injury,Vehicle to Vehicle,Not at  Junction,Straight and flat,Two way,Bitumen(Tar),Dry,Not Applicable,Clear,80 FEET ROAD M K NAGAR,D MART,40,13.032253,77.553573
Bengaluru City,Yeshwanthapura Traffic PS,1.04432e+16,2022,1,1,Road Accidents,Narrow road,City/Town,Near Bus stop,Human Error,No,Simple Injury,Not Applicable,No signal lights,Straight and flat,Mixed,Bitumen(Tar),Dry,Not Applicable,Clear,TUMAKUR ROAD,YESHWANTHAPURA METRO STATION,20,13.019102,77.553257
Bengaluru City,Yeshwanthapura Traffic PS,1.04432e+16,2022,1,2,Road Accidents,Narrow road,City/Town,Near a factory industrial area,Human Error,No,Fatal,Vehicle to Vehicle,Signal lights Automatic,Straight and flat,Major District Road,Bitumen(Tar),Dry,Not Applicable,Clear,TUMKUR ROAD NEAR CMTI,GOKULDAS GARMENTS,10,13.027526,77.535491
Bengaluru City,Yeshwanthapura Traffic PS,1.04432e+16,2022,1,1,Road Accidents,Narrow road,City/Town,Near Bus stop,Human Error,No,Simple Injury,Vehicle to Vehicle,No signal lights,Straight and flat,One way,Bitumen(Tar),Dry,Not Applicable,Clear,MATHIKERE NEAR POST OFFICE,OLD POST OFFICE,45,13.02927,77.558733
Bengaluru City,Yeshwanthapura Traffic PS,1.04432e+16,2022,1,2,Road Accidents,Narrow road,City/Town,Near a factory industrial area,Human Error,No,Simple Injury,Vehicle to Vehicle,No signal lights,Straight and flat,State Highway,Bitumen(Tar),Dry,Not Applicable,Clear,MES RING ROAD,CHEIF ENGINEER AIR FORCE GATE NEAR,50,13.031828,77.540538
Bengaluru City,Yeshwanthapura Traffic PS,1.04432e+16,2022,1,2,Road Accidents,Circle,City/Town,Near a factory industrial area,Human Error,Yes,Fatal,Vehicle to Vehicle,No signal lights,Straight and flat,Two way,Bitumen(Tar),Dry,Not Applicable,Clear,YESHWANTHAPURA INDUSTRIAL AREA,PRICISION FACTORY,20,13.029484,77.534297
Bengaluru City,Yeshwanthapura Traffic PS,1.04432e+16,2022,1,2,Road Accidents,Narrow road,City/Town,Near Petrol Pump,Human Error,Yes,Fatal,Vehicle to Vehicle,Not at  Junction,Straight and flat,NH,Bitumen(Tar),Dry,Not Applicable,Clear,TUMKUR ROAD,macdonald,20,13.033039,77.532451
Bengaluru City,Yeshwanthapura Traffic PS,1.04432e+16,2022,1,2,Road Accidents,Not Applicable,City/Town,Open area,Vehicle Defect,No,Damage Only,Vehicle to Vehicle,Not Applicable,Straight and flat,Others,Bitumen(Tar),Dry,Not Applicable,Clear,C V RAMAN ROAD,MATTIKERE CROSS,0.5,13.017301,77.56017
Bengaluru City,Yeshwanthapura Traffic PS,1.04432e+16,2022,1,2,Road Accidents,Narrow road,City/Town,Near Petrol Pump,Human Error,Not Applicable,Fatal,Vehicle to Vehicle,Not Applicable,Straight and flat,Service Road,Bitumen(Tar),Dry,Not Applicable,Clear,NEAR KASHIVISHWANATHA TEMPLE,NEAR  SHELL PETROLE BUNK,10FT,13.027144,77.543445
Bengaluru City,Yeshwanthapura Traffic PS,1.04432e+16,2022,1,2,Road Accidents,Narrow road,City/Town,Near a religious place,Human Error,Yes,Simple Injury,Vehicle to Vehicle,Controlled,Straight and flat,Two way,Bitumen(Tar),Dry,Not Applicable,Clear,NEAR CHIFE ENGINEER OFFICE,NEAR CMTI JUNCTION,50FT,13.029209,77.538931
Bengaluru City,Yeshwanthapura Traffic PS,1.04432e+16,2022,1,2,Road Accidents,Junction,City/Town,Near Bus stop,Human Error,No,Damage Only,Vehicle to Vehicle,Signals (Working),Straight and flat,NH,Bitumen(Tar),Dry,Not Applicable,Clear,CMTI JUNCTION TUMKUR ROAD,CMTI OFFICE COMPOUND,25,13.03022,77.637008
Bengaluru City,Yeshwanthapura Traffic PS,1.04432e+16,2022,1,1,Road Accidents,Narrow road,City/Town,Near a factory industrial area,Human Error,Not Applicable,Grievous Injury,Hit pedestrian,Not Applicable,Not Applicable,Not Applicable,Bitumen(Tar),Dry,Not Applicable,Clear,OUTER RING ROAD,NEAR CELL PETROL BUNK,20FEET,13.028074,77.53578
Bengaluru City,Yeshwanthapura Traffic PS,1.04432e+16,2022,1,2,Road Accidents,Narrow road,City/Town,Near a religious place,Human Error,Yes,Simple Injury,Not Applicable,Not Applicable,Straight and flat,Others,Bitumen(Tar),Dry,Not Applicable,Clear,NEAR IISC GATE,NEAR 9TH CROSS ROAD,50FT,13.024276,77.562707
Bengaluru City,Yeshwanthapura Traffic PS,1.04432e+16,2022,1,3,Road Accidents,Junction,City/Town,Near Hospital,Human Error,No,Simple Injury,Vehicle to Vehicle,Signal lights Automatic,Not Applicable,State Highway,Bitumen(Tar),Dry,Not Applicable,Clear,TUMKUR ROAD,PEOPLE TREE HOSPITAL,10,13.028936,77.539638
Bengaluru City,Yeshwanthapura Traffic PS,1.04432e+16,2022,1,2,Road Accidents,Narrow road,City/Town,Near office complex,Human Error,No,Fatal,Vehicle to Vehicle,No signal lights,Straight and flat,One way,Bitumen(Tar),Dry,Not Applicable,Clear,C V RAMAN ROAD,JIMKHANA GROUND,10,13.016395,77.561649
Bengaluru City,Yeshwanthapura Traffic PS,1.04432e+16,2022,1,2,Road Accidents,Narrow road,City/Town,Residential area,Human Error,Yes,Grievous Injury,Vehicle to Vehicle,Not at  Junction,Straight and flat,Two way,Bitumen(Tar),Dry,Not Applicable,Clear,HMT MAIN ROAD,IISC INSTITUTE,12 FEE,13.24888,77.562469
Bengaluru City,Yeshwanthapura Traffic PS,1.04432e+16,2022,1,1,Road Accidents,Narrow road,City/Town,Near Bus stop,Human Error,No,Simple Injury,Hit pedestrian,Signal lights Automatic,Straight and flat,State Highway,Bitumen(Tar),Dry,Not Applicable,Clear,TUMKUR ROAD NEAR PEOPLE TREE HOSPITAL,PEOPLE TREE HOSPITAL,30,13.029167,77.539248
Bengaluru City,Yeshwanthapura Traffic PS,1.04432e+16,2022,1,1,Road Accidents,Narrow road,City/Town,Near office complex,Human Error,No,Grievous Injury,Hit pedestrian,No signal lights,Straight and flat,Arterial,Bitumen(Tar),Dry,No influence on accident,Clear,TUMKUR ROAD NEAR VYSHNAVI MALL,VYSHANAVI MALL,10,13.024416,77.547875
Bengaluru City,Yeshwanthapura Traffic PS,1.04432e+16,2022,1,1,Road Accidents,Not Applicable,City/Town,Near Bus stop,Human Error,Not Applicable,Grievous Injury,Not Applicable,Controlled,Others,Others,Bitumen(Tar),Dry,Not Applicable,Clear,CMTI JUNCTION TUMKUR ROAD,CMTI,10,13.0273609,77.538282
Bengaluru City,Yeshwanthapura Traffic PS,1.04432e+16,2022,1,1,Road Accidents,Narrow road,City/Town,Near Bus stop,Human Error,Yes,Fatal,Vehicle to Vehicle,No signal lights,Straight and flat,Service Road,Bitumen(Tar),Dry,Not Applicable,Clear,TUMKUR ROAD,GOVARDHAN TEATRE,25,13.021202,77.551908
Bengaluru City,Yeshwanthapura Traffic PS,1.04432e+16,2022,1,2,Road Accidents,Narrow road,City/Town,In bazaar,Human Error,No,Simple Injury,Vehicle to Vehicle,No signal lights,Straight and flat,Two way,Bitumen(Tar),Dry,Not Applicable,Clear,TRIVENI ROAD,AMBURI BIRIYANI NEAR,20,13.024952,77.560075
Bengaluru City,Yeshwanthapura Traffic PS,1.04432e+16,2022,1,2,Road Accidents,Narrow road,City/Town,Near Bus stop,Human Error,No,Simple Injury,Vehicle to Vehicle,Not at  Junction,Straight and flat,Two way,Bitumen(Tar),Dry,Not Applicable,Clear,HMT MAIN ROAD,UNIVERSAL TRADEING COMPANY,40,13.026829,77.558168
Bengaluru City,Yeshwanthapura Traffic PS,1.04432e+16,2022,1,1,Road Accidents,Not Applicable,City/Town,Near a religious place,Human Error,Not Applicable,Fatal,Hit pedestrian,Not at  Junction,Straight and flat,Not Applicable,Bitumen(Tar),Dry,Not Applicable,Clear,NEAR  BBMP COVID HOSPITAL,NEAR YESHAWANTHAPURA RAILWAY STATION,100 FT,13.021502,77.55332
Bengaluru City,Yeshwanthapura Traffic PS,1.04432e+16,2022,1,1,Not Applicable,Narrow road,City/Town,Near a religious place,Human Error,Not Applicable,Grievous Injury,Not Applicable,Controlled,Straight and flat,Not Applicable,Bitumen(Tar),Dry,Not Applicable,Clear,NEAR JALAHALLI RAILWAY ROAD,NEAR CQAE WEST OFFFICE,20 FT,13.038445,77.542064
Bengaluru City,Yeshwanthapura Traffic PS,1.04432e+16,2022,1,2,Road Accidents,Narrow road,City/Town,Near a religious place,Human Error,Not Applicable,Simple Injury,Hit bicyclist,Not Applicable,Straight and flat,Others,Bitumen(Tar),Dry,Not Applicable,Clear,NEAR MSR GATE -10,NEAR MSR RAMAIAH BOYS HOSTEL,20FT,13.031781,77.563808
Bengaluru City,Yeshwanthapura Traffic PS,1.04432e+16,2022,1,2,Road Accidents,Cross roads,City/Town,Near a religious place,Human Error,Not Applicable,Grievous Injury,Not Applicable,Not Applicable,Others,Others,Bitumen(Tar),Dry,Not Applicable,Clear,NEAR TRUPTI WINE,NEAR MADEENA TEA HOUSE,20 FT,13.021053,77.556219
Bengaluru City,Yeshwanthapura Traffic PS,1.04432e+16,2022,1,1,Road Accidents,Narrow road,City/Town,At pedestrian Crossing,Human Error,Yes,Grievous Injury,Hit pedestrian,Controlled,Straight and flat,Others,Bitumen(Tar),Dry,Not Applicable,Clear,NEAR LORRY ASSOCIATE BUILDING,NEAR OUTER RING ROAD,20 FT,13.023778,77.533123
Bengaluru City,Yeshwanthapura Traffic PS,1.04432e+16,2022,1,2,Road Accidents,Not Applicable,City/Town,Near Bus stop,Human Error,Not Applicable,Not Applicable,Not Applicable,Uncontrolled,Not Applicable,Others,Bitumen(Tar),Dry,Not Applicable,Clear,NEAR METRO STATION,NEAR MARAPPANAPALYA BUS STOP,50 FT,13.015052,77.554335
Bengaluru City,Yeshwanthapura Traffic PS,1.04432e+16,2022,1,1,Road Accidents,Narrow road,City/Town,Near a factory industrial area,Human Error,Yes,Simple Injury,Hit pedestrian,No signal lights,Not Applicable,Sub Arterial,Bitumen(Tar),Dry,Not Applicable,Clear,Near modern bread factory,IN FRONT OFF LOBOUR OFFICE,40 FT,13.026272,77.53165
Bengaluru City,Yeshwanthapura Traffic PS,1.04432e+16,2022,1,2,Road Accidents,Narrow road,City/Town,Near a religious place,Human Error,Yes,Simple Injury,Vehicle to Vehicle,Not at  Junction,Straight and flat,Others,Bitumen(Tar),Dry,Not Applicable,Clear,NEAR BMTC BUS STOP,NEAR GOPAL THEATRE,50 FT,13.016818,77.556687
Bengaluru City,Yeshwanthapura Traffic PS,1.04432e+16,2022,1,1,Road Accidents,Narrow road,City/Town,Near Bus stop,Human Error,Not Applicable,Simple Injury,Hit pedestrian,No signal lights,Straight and flat,Others,Bitumen(Tar),Dry,Not Applicable,Clear,NEAR VAISHNAVI MALL,NEAR RMC YARDS POLICE STATION,100FT,13.024087,77.54806
Bengaluru City,Yeshwanthapura Traffic PS,1.04432e+16,2022,1,1,Road Accidents,Circle,City/Town,Near Bus stop,Human Error,No,Simple Injury,Hit pedestrian,Signals (Working),Straight and flat,Two way,Bitumen(Tar),Dry,Not Applicable,Clear,YESHWANTHAPURA CIRCLE,NEW SHANTHI SAGAR,30,13.018424,77.55769
Bengaluru City,Yeshwanthapura Traffic PS,1.04432e+16,2022,1,2,Road Accidents,Junction,City/Town,Near Bus stop,Human Error,Yes,Fatal,Hit pedestrian,Signals (Working),Slight Curve,State Highway,Bitumen(Tar),Dry,Not Applicable,Clear,TUMKUR ROAD,TAJ HOTEL,10,13.028759,77.540027
Bengaluru City,Yeshwanthapura Traffic PS,1.04432e+16,2022,1,1,Road Accidents,Narrow road,City/Town,Narrow bridge or culverts,Human Error,Not Applicable,Damage Only,Not Applicable,Uncontrolled,Straight and flat,NH,Bitumen(Tar),Dry,Not Applicable,Clear,NEAR PEENYA METRO STATION,NEAR VRL TRAVELS OFFICE,20 FT,13.032286,77.53395
Bengaluru City,Yeshwanthapura Traffic PS,1.04432e+16,2022,1,1,Road Accidents,Narrow road,City/Town,Near a factory industrial area,Human Error,No,Simple Injury,Not Applicable,No signal lights,Not Applicable,Two way,Bitumen(Tar),Dry,Not Applicable,Clear,M E S ROAD,PARIMALA TOWER,20,13.032593,77.540746
Bengaluru City,Yeshwanthapura Traffic PS,1.04432e+16,2022,1,2,Road Accidents,Narrow road,City/Town,Near a factory industrial area,Human Error,No,Grievous Injury,Vehicle to Vehicle,No signal lights,Straight and flat,NH,Bitumen(Tar),Dry,Not Applicable,Clear,TUMKUR ROAD,CMTI,10,13.031776,77.535064
Bengaluru City,Yeshwanthapura Traffic PS,1.04432e+16,2022,1,2,Road Accidents,Narrow road,City/Town,Near Bus stop,Human Error,No,Simple Injury,Vehicle to Vehicle,No signal lights,Straight and flat,Service Road,Bitumen(Tar),Dry,Not Applicable,Clear,G G PALYA BUS STOP,PEOPLE TREE HOSPITAL,20,13.029125,77.539293
Bengaluru City,Yeshwanthapura Traffic PS,1.04432e+16,2022,1,2,Road Accidents,Narrow road,City/Town,Near Bus stop,Human Error,No,Damage Only,Vehicle to Vehicle,Signals (Working),Straight and flat,One way,Bitumen(Tar),Dry,Not Applicable,Clear,8TH MAIN ROAD,EMBESSI HERITAGE APARTMENT,10 FEE,13.016971,77.558551
Bengaluru City,Yeshwanthapura Traffic PS,1.04432e+16,2022,1,2,Road Accidents,Cross roads,City/Town,Near office complex,Human Error,Not Applicable,Damage Only,Vehicle to Vehicle,Controlled,Straight and flat,Others,Bitumen(Tar),Dry,Not Applicable,Clear,NEAR PEENYA METRO STATION,NEAR VRL TRAVELS OFFICE,20,13.04096,77.530563
Bengaluru City,Yeshwanthapura Traffic PS,1.04432e+16,2022,1,2,Road Accidents,Not Applicable,City/Town,Near office complex,Human Error,Not Applicable,Simple Injury,Vehicle to Vehicle,Uncontrolled,Straight and flat,One way,Bitumen(Tar),Dry,Not Applicable,Clear,NEAR YESHWANTHAPURA POLICE STATION BUILDING,NEAR SHREYAS BAR & RESTORENT,100 FT,13.018614,77.557903
Bengaluru City,Yeshwanthapura Traffic PS,1.04432e+16,2022,1,1,Road Accidents,Narrow road,City/Town,Near a religious place,Human Error,Not Applicable,Simple Injury,Vehicle to Vehicle,Not Applicable,Straight and flat,Others,Bitumen(Tar),Dry,Not Applicable,Clear,NEAR BMTC BUS STOP,NEAR SALLAPURI APARTMENT,100FT,13.018552,77.557586
Bengaluru City,Yeshwanthapura Traffic PS,1.04432e+16,2023,1,2,Road Accidents,Narrow road,City/Town,In bazaar,Human Error,Yes,Fatal,Hit pedestrian,Uncontrolled,Straight and flat,Arterial,Concrete,Not Applicable,Not Applicable,Clear,7TH CROSS 6TH MAIN,INFRONT OF GANESH TEMPLE,3 KM,13.020549,77.546126
Bengaluru City,Yeshwanthapura Traffic PS,1.04432e+16,2023,1,1,Road Accidents,Narrow road,City/Town,Open area,Human Error,Not Applicable,Fatal,Hit pedestrian,Controlled,Others,Arterial,Bitumen(Tar),Not Applicable,Not Applicable,Clear,TUMKURU ROAD,NEAR SALAR PURIA APARTMENT,40FT,13.016969,77.556928
Bengaluru City,Yeshwanthapura Traffic PS,1.04432e+16,2023,1,2,Road Accidents,Narrow road,City/Town,Near Bus stop,Human Error,Yes,Simple Injury,Vehicle to Vehicle,Not at  Junction,Not Applicable,Others,Bitumen(Tar),Dry,Not Applicable,Clear,NEAR MUNISWAMAPPA KALYANA MANTAPA,NEAR  KARLE FACTORY,100FT,13.015918,77.555879
Bengaluru City,Yeshwanthapura Traffic PS,1.04432e+16,2023,1,2,Road Accidents,Narrow road,City/Town,Near Bus stop,Human Error,No,Simple Injury,Vehicle to Vehicle,Controlled,Straight and flat,Sub Arterial,Bitumen(Tar),Dry,No influence on accident,Fine,MEI JUNCTION,MEI BUS STOP,500 M,13.026523,77.544473