DISTRICTNAME,UNITNAME,Crime_No,Year,RI,Noofvehicle_involved,Accident_Classification,Accident_Spot,Accident_Location,Accident_SubLocation,Main_Cause,Hit_Run,Severity,Collision_Type,Junction_Control,Road_Character,Road_Type,Surface_Type,Surface_Condition,Road_Condition,Weather,Accident_Road,Landmark_first,Distance_LandMark_First,Latitude,Longitude
Bengaluru City,Yeshwanthapura Traffic PS,1.04432e+16,2023,1,2,Road Accidents,Narrow road,City/Town,Near Bus stop,Human Error,No,Grievous Injury,Vehicle to Vehicle,Controlled,Curve and Incline,Others,Bitumen(Tar),Dry,No influence on accident,Clear,TUMKUR ROAD,MUNIWAMAPPA KALYANA MANTAPA,20 M,13.016671,77.556463
Bengaluru City,Yeshwanthapura Traffic PS,1.04432e+16,2023,1,2,Road Accidents,Narrow road,City/Town,Near Bus stop,Human Error,Not Applicable,Grievous Injury,Vehicle to Vehicle,Controlled,Straight and flat,Service Road,Bitumen(Tar),Dry,Not Applicable,Clear,NEAR GOVT FIRST GRADE COLLEGE,NEAR PEENYA SRS BUS STOP,50FT,13.033268,77.531283
Bengaluru City,Yeshwanthapura Traffic PS,1.04432e+16,2023,1,1,Road Accidents,Narrow road,City/Town,Open area,Human Error,No,Not Applicable,Not Applicable,Controlled,Others,One way,Bitumen(Tar),Dry,Not Applicable,Fine,TUMKUR MAIN ROAD,CMTI VEHICLE DIVERSION,10 M,0.0,0.0
Bengaluru City,Yeshwanthapura Traffic PS,1.04432e+16,2023,1,1,Road Accidents,Narrow road,City/Town,Near Petrol Pump,Human Error,No,Simple Injury,Hit pedestrian,Controlled,Straight and flat,Arterial,Bitumen(Tar),Not Applicable,Not Applicable,Clear,HMT MAIN ROAD,NEAR GAS BUNK,50FT,13.021415,77.563115
Bengaluru City,Yeshwanthapura Traffic PS,1.04432e+16,2023,1,1,Road Accidents,Not Applicable,City/Town,Open area,Human Error,No,Fatal,Hit pedestrian,Controlled,Straight and flat,Sub Arterial,Bitumen(Tar),Dry,No influence on accident,Clear,HMT MAIN ROAD,SHANI MAHATHMA TEMPLE,30 M,13.026316,77.561856
Bengaluru City,Yeshwanthapura Traffic PS,1.04432e+16,2023,1,2,Road Accidents,Narrow road,City/Town,Open area,Human Error,No,Damage Only,Vehicle to Vehicle,Controlled,Straight and flat,Service Road,Bitumen(Tar),Dry,Not Applicable,Fine,SERVICE ROAD,CHIEF ENGINEER OFFICE,500,13.029144,77.539757
Bengaluru City,Yeshwanthapura Traffic PS,1.04432e+16,2023,1,2,Road Accidents,Narrow road,City/Town,Near Bus stop,Human Error,No,Fatal,Vehicle to Vehicle,Controlled,Straight and flat,Sub Arterial,Bitumen(Tar),Dry,No influence on accident,Fine,FTI ROAD,FTI JN,50 M,13.024651,77.534197
Bengaluru City,Yeshwanthapura Traffic PS,1.04432e+16,2023,1,2,Road Accidents,Narrow road,City/Town,Near Bus stop,Human Error,Yes,Grievous Injury,Vehicle to Vehicle,Controlled,Straight and flat,Not Applicable,Bitumen(Tar),Dry,Not Applicable,Clear,NEAR GOKULDAS GARMENTS,NEAR CHIFE INGINEAR OFFICE,50FT,13.030288,77.537638
Bengaluru City,Yeshwanthapura Traffic PS,1.04432e+16,2023,1,1,Road Accidents,Narrow road,City/Town,Near office complex,Human Error,Not Applicable,Simple Injury,Hit pedestrian,Uncontrolled,Straight and flat,Two way,Bitumen(Tar),Dry,Not Applicable,Clear,NEAR NORTH DCP OFFICE,NEAR KENDRIYA VIDYALAYA,20FT,13.017185,77.560566
Bengaluru City,Yeshwanthapura Traffic PS,1.04432e+16,2023,1,2,Road Accidents,Narrow road,City/Town,Near a factory industrial area,Human Error,Yes,Simple Injury,Vehicle to Vehicle,Uncontrolled,Straight and flat,Two way,Bitumen(Tar),Dry,Not Applicable,Clear,Near Karle factory,Near BSNL Office,20FT,13.015533,77.554184
Bengaluru City,Yeshwanthapura Traffic PS,1.04432e+16,2023,1,2,Road Accidents,Junction,City/Town,Open area,Human Error,No,Simple Injury,Vehicle to Vehicle,Controlled,Straight and flat,Arterial,Bitumen(Tar),Not Applicable,Not Applicable,Clear,Tumkuru road,CHIFE ENJANEER OFFICE,50FT,13.029577,77.538994
Bengaluru City,Yeshwanthapura Traffic PS,1.04432e+16,2023,1,1,Road Accidents,Narrow road,City/Town,Open area,Human Error,No,Simple Injury,Hit pedestrian,Controlled,Straight and flat,Arterial,Bitumen(Tar),Not Applicable,Not Applicable,Clear,OUTER RING ROAD,NEAR SHELL PETROL BUNK,40FT,13.027643,77.53563
Bengaluru City,Yeshwanthapura Traffic PS,1.04432e+16,2023,1,2,Not Applicable,Junction,City/Town,Near Bus stop,Human Error,No,Grievous Injury,Vehicle to Vehicle,Controlled,Slight Curve,Sub Arterial,Bitumen(Tar),Dry,No influence on accident,Fine,HMT MAIN ROAD,MSR BUS STOP,50 M,13.028168,77.561935
Bengaluru City,Yeshwanthapura Traffic PS,1.04432e+16,2023,1,2,Road Accidents,Not Applicable,City/Town,Open area,Human Error,No,Damage Only,Vehicle to Vehicle,Controlled,Straight and flat,Sub Arterial,Bitumen(Tar),Dry,No influence on accident,Fine,TUMKUR ROAD,KIA SHOW ROOM,50 M,13.020134,77.552561
Bengaluru City,Yeshwanthapura Traffic PS,1.04432e+16,2023,1,1,Road Accidents,Not Applicable,City/Town,Near Hospital,Human Error,Not Applicable,Fatal,Hit pedestrian,Controlled,Straight and flat,Arterial,Bitumen(Tar),Not Applicable,Not Applicable,Clear,Tumkuru road,NEAR PEOPLE TREE HOSPITAL,60FT,13.029639,77.539637
Bengaluru City,Yeshwanthapura Traffic PS,1.04432e+16,2023,1,2,Road Accidents,Not Applicable,City/Town,Open area,Human Error,Yes,Simple Injury,Vehicle to Vehicle,Controlled,Straight and flat,Sub Arterial,Bitumen(Tar),Dry,No influence on accident,Fine,SUBEDARPALYA ROAD,HMT MAIN ROAD,100 M,13.020367,77.561253
Bengaluru City,Yeshwanthapura Traffic PS,1.04432e+16,2023,1,1,Road Accidents,Narrow road,City/Town,Open area,Human Error,Yes,Simple Injury,Hit pedestrian,Uncontrolled,Straight and flat,Arterial,Bitumen(Tar),Dry,Not Applicable,Clear,4TH CROSS ROAD,4TH CROSS A K COLONY,30 FT,13.028921,77.561705
Bengaluru City,Yeshwanthapura Traffic PS,1.04432e+16,2023,1,2,Road Accidents,Cross roads,City/Town,Near a religious place,Human Error,Not Applicable,Grievous Injury,Vehicle to Vehicle,Uncontrolled,Straight and flat,Others,Bitumen(Tar),Dry,Not Applicable,Clear,8TH MAIN ROAD,NEAR MYSORE LAMPS,10 FT,13.014285,77.560145
Bengaluru City,Yeshwanthapura Traffic PS,1.04432e+16,2023,1,1,Road Accidents,Narrow road,City/Town,Near a factory industrial area,Human Error,Not Applicable,Grievous Injury,Vehicle to Vehicle,Controlled,Straight and flat,Others,Bitumen(Tar),Dry,Not Applicable,Clear,INFRONT OF INDIAN DESIGN EXPORT PVT,NEAR MARAPPANAPALYA,20FT,13.017621,77.553876
Bengaluru City,Yeshwanthapura Traffic PS,1.04432e+16,2023,1,2,Road Accidents,Junction,City/Town,Open area,Human Error,No,Simple Injury,Vehicle to Vehicle,Controlled,Straight and flat,Arterial,Bitumen(Tar),Not Applicable,Not Applicable,Clear,TUMKURU ROAD,CMTI JUNCTION,50FT,13.030281,77.537053
Bengaluru City,Yeshwanthapura Traffic PS,1.04432e+16,2023,1,1,Road Accidents,Narrow road,City/Town,At pedestrian Crossing,Human Error,No,Fatal,Hit pedestrian,Controlled,Straight and flat,Sub Arterial,Bitumen(Tar),Dry,No influence on accident,Fine,TUMKUR ROAD,VAISHWAVI SAFAIR ROAD,100 M,13.02441,77.548798
Bengaluru City,Yeshwanthapura Traffic PS,1.04432e+16,2023,1,2,Road Accidents,Narrow road,City/Town,Open area,Human Error,Yes,Simple Injury,Vehicle to Vehicle,Controlled,Straight and flat,Sub Arterial,Bitumen(Tar),Dry,No influence on accident,Fine,TUMKUR ROAD,VAISHWAVI MALL,500 M,13.024498,77.548752
Bengaluru City,Yeshwanthapura Traffic PS,1.04432e+16,2023,1,2,Road Accidents,Junction,City/Town,Near Bus stop,Human Error,Yes,Damage Only,Vehicle to Vehicle,Controlled,Curve,Sub Arterial,Bitumen(Tar),Dry,No influence on accident,Fine,MSR ROAD,RAMAIAH BUS STOP,200 M,13.028159,77.561934
Bengaluru City,Yeshwanthapura Traffic PS,1.04432e+16,2023,1,2,Road Accidents,Narrow road,City/Town,Open area,Human Error,No,Grievous Injury,Vehicle to Vehicle,Uncontrolled,Not Applicable,Sub Arterial,Bitumen(Tar),Dry,No influence on accident,Clear,ITI COLLEGE ROAD,MAGNAM HONDA CAR SHOW ROOM,4 KM,13.030617,77.535167
Bengaluru City,Yeshwanthapura Traffic PS,1.04432e+16,2023,1,2,Road Accidents,Narrow road,City/Town,Near office complex,Human Error,Not Applicable,Damage Only,Vehicle to Vehicle,Controlled,Straight and flat,Two way,Bitumen(Tar),Dry,Not Applicable,Clear,OUTER RING ROAD,NEAR FTI GAGE,20FT,13.024949,77.534001
Bengaluru City,Yeshwanthapura Traffic PS,1.04432e+16,2023,1,2,Road Accidents,Narrow road,City/Town,Near Petrol Pump,Human Error,No,Damage Only,Vehicle to Vehicle,Not Applicable,Straight and flat,Arterial,Bitumen(Tar),Dry,Not Applicable,Fine,TUMKUR ROAD,METRO PILLAR NO 327,30FEET,13.020806,77.552211
Bengaluru City,Yeshwanthapura Traffic PS,1.04432e+16,2023,1,2,Road Accidents,Narrow road,City/Town,Open area,Human Error,No,Simple Injury,Vehicle to Vehicle,Controlled,Not Applicable,Arterial,Bitumen(Tar),Not Applicable,Not Applicable,Clear,TUMKRU ROAD,PEOPLE TREE HOSPITAL,50 FT,13.028958,77.539475
Bengaluru City,Yeshwanthapura Traffic PS,1.04432e+16,2023,1,2,Road Accidents,Narrow road,City/Town,Near a factory industrial area,Human Error,No,Simple Injury,Vehicle to Vehicle,Controlled,Straight and flat,Service Road,Bitumen(Tar),Dry,No influence on accident,Fine,SRS ROAD,ASIAN METAL,60,13.032697,77.532942
Bengaluru City,Yeshwanthapura Traffic PS,1.04432e+16,2023,1,1,Road Accidents,Junction,City/Town,Near Bus stop,Human Error,No,Simple Injury,Hit pedestrian,Controlled,Straight and flat,Sub Arterial,Bitumen(Tar),Dry,No influence on accident,Fine,HMT MAIN ROAD,MATHIKERE BUS STOP,100 M,13.036286,77.557597
Bengaluru City,Yeshwanthapura Traffic PS,1.04432e+16,2023,1,1,Road Accidents,Narrow road,City/Town,Near Bus stop,Human Error,Yes,Simple Injury,Hit pedestrian,Controlled,Straight and flat,Arterial,Bitumen(Tar),Not Applicable,Not Applicable,Clear,HMT MAIN ROAD,NEAR MATTIKERE JUNCTION,40 FT,13.034831,77.557435
Bengaluru City,Yeshwanthapura Traffic PS,1.04432e+16,2023,1,2,Road Accidents,Junction,City/Town,Near Bus stop,Human Error,Not Applicable,Fatal,Vehicle to Vehicle,Controlled,Straight and flat,Sub Arterial,Bitumen(Tar),Dry,No influence on accident,Fine,MARAPPANA PALYA RD,FLOWER MARKET,50 M,13.018098,77.553535
Bengaluru City,Yeshwanthapura Traffic PS,1.04432e+16,2023,1,2,Road Accidents,Narrow road,City/Town,Open area,Human Error,Yes,Damage Only,Vehicle to Vehicle,Controlled,Curve,Arterial,Bitumen(Tar),Not Applicable,Not Applicable,Clear,TUMKURU ROAD,CMTI JUNCTION,80 FT,13.030215,77.537139
Bengaluru City,Yeshwanthapura Traffic PS,1.04432e+16,2023,1,1,Road Accidents,Narrow road,City/Town,Near Bus stop,Human Error,No,Grievous Injury,Hit pedestrian,Not at  Junction,Straight and flat,Two way,Bitumen(Tar),Dry,Not Applicable,Clear,OUTER RING ROAD,NEAR MADREN BRED FACTORY,20FT,13.024974,77.534009
Bengaluru City,Yeshwanthapura Traffic PS,1.04432e+16,2023,1,2,Road Accidents,Narrow road,City/Town,Near office complex,Human Error,Not Applicable,Simple Injury,Vehicle to Vehicle,Not at  Junction,Straight and flat,Two way,Bitumen(Tar),Dry,Not Applicable,Clear,NEAR YESHVANTHAPURA CIRCLE,NEAR MUNISWAMAPPA CHOWTRY,20FT,13.016069,77.556159
Bengaluru City,Yeshwanthapura Traffic PS,1.04432e+16,2023,1,1,Road Accidents,Circle,City/Town,Near Bus stop,Human Error,Not Applicable,Simple Injury,Hit pedestrian,Controlled,Straight and flat,Others,Bitumen(Tar),Dry,Not Applicable,Clear,NEAR ANNAPURNESHARI VEG,NEAR YESHWANTHAPURA CIRCLE,5FT,13.018397,77.557324
Bengaluru City,Yeshwanthapura Traffic PS,1.04432e+16,2023,1,2,Road Accidents,Narrow road,City/Town,Open area,Human Error,No,Grievous Injury,Vehicle to Vehicle,Controlled,Straight and flat,Sub Arterial,Bitumen(Tar),Dry,No influence on accident,Fine,OUTER RING ROAD,RELIENCE PETROL BUNK,50MTRS,13.028713,77.5362
Bengaluru City,Yeshwanthapura Traffic PS,1.04432e+16,2023,1,2,Road Accidents,Narrow road,City/Town,Near a factory industrial area,Human Error,No,Simple Injury,Vehicle to Vehicle,Controlled,Straight and flat,Arterial,Bitumen(Tar),Not Applicable,Not Applicable,Clear,MEI FACTORY ROAD,NEAR INDIAN OIL PETROL BUNK,60 FT,13.02602,77.543944
Bengaluru City,Yeshwanthapura Traffic PS,1.04432e+16,2023,1,3,Road Accidents,Narrow road,City/Town,Near a factory industrial area,Human Error,No,Damage Only,Vehicle to Vehicle,Controlled,Straight and flat,Arterial,Bitumen(Tar),Not Applicable,Not Applicable,Clear,YESHWANTHPURA INDUSTIAL ROAD 4TH MAIN,KIV RAJ MOTORS,40 FT,13.030376,77.535046
Bengaluru City,Yeshwanthapura Traffic PS,1.04432e+16,2023,1,2,Road Accidents,Narrow road,City/Town,Open area,Human Error,Not Applicable,Simple Injury,Vehicle to Vehicle,Controlled,Straight and flat,Arterial,Bitumen(Tar),Others,Not Applicable,Clear,NEAR SRS JUNCTION,NEAR SRS U TURN,40FT,13.34194,77.530644
Bengaluru City,Yeshwanthapura Traffic PS,1.04432e+16,2023,1,2,Road Accidents,Junction,City/Town,Near Bus stop,Human Error,No,Simple Injury,Vehicle to Vehicle,Controlled,Straight and flat,Sub Arterial,Bitumen(Tar),Dry,No influence on accident,Clear,HMT MAIN ROAD,MSR BUS STOP,100 M,13.028291,77.561404
Bengaluru City,Yeshwanthapura Traffic PS,1.04432e+16,2023,1,1,Road Accidents,Narrow road,City/Town,Residential area,Human Error,Not Applicable,Fatal,Not Applicable,Not Applicable,Straight and flat,Others,Bitumen(Tar),Dry,Not Applicable,Clear,NEAR VEGITABLE AND FRUITES SHOP,NEAR DHANALAKSHMI COMPLEX,20,13.033941,77.556294
Bengaluru City,Yeshwanthapura Traffic PS,1.04432e+16,2023,1,1,Road Accidents,Narrow road,City/Town,Near a factory industrial area,Human Error,No,Simple Injury,Hit pedestrian,Controlled,Straight and flat,One way,Bitumen(Tar),Dry,No influence on accident,Fine,OUTER RING ROAD,ELECTRIC POLE,60,13.024873,77.534131
Bengaluru City,Yeshwanthapura Traffic PS,1.04432e+16,2023,1,1,Road Accidents,Junction,City/Town,Near Bus stop,Human Error,No,Grievous Injury,Hit pedestrian,Controlled,Straight and flat,Arterial,Bitumen(Tar),Dry,No influence on accident,Clear,TUMKUR ROAD,GOVARDAN BUS STOP,20 M,13.018491,77.553248
Bengaluru City,Yeshwanthapura Traffic PS,1.04432e+16,2023,1,2,Road Accidents,Narrow road,City/Town,Near Hospital,Human Error,Yes,Grievous Injury,Vehicle to Vehicle,Uncontrolled,Straight and flat,Others,Bitumen(Tar),Dry,Not Applicable,Clear,Tumkuru road,NEAR SPARSHA HOSPITAL,1.5 KM,13.025057,77.534081
Bengaluru City,Yeshwanthapura Traffic PS,1.04432e+16,2023,1,1,Road Accidents,Narrow road,City/Town,Near Bus stop,Human Error,Not Applicable,Simple Injury,Hit bicyclist,Not Applicable,Straight and flat,Two way,Bitumen(Tar),Dry,Not Applicable,Clear,NEAR MUNISWAMAPPA KALYANA MANTAPA,NEAR KIRLOSKAR CROSS,50 FT,13.016483,77.556467
Bengaluru City,Yeshwanthapura Traffic PS,1.04432e+16,2023,1,1,Road Accidents,Junction,City/Town,At pedestrian Crossing,Human Error,Not Applicable,Fatal,Hit pedestrian,No signal lights,Others,Two way,Bitumen(Tar),Dry,Not Applicable,Clear,Tumkuru road,NEAR MARAPPANAPALYA BUS STOP,20FT,77.017918,77.553556
Bengaluru City,Yeshwanthapura Traffic PS,1.04432e+16,2023,1,2,Road Accidents,Junction,City/Town,Near Bus stop,Human Error,Not Applicable,Grievous Injury,Vehicle to Vehicle,Controlled,Straight and flat,Others,Bitumen(Tar),Dry,Not Applicable,Clear,NEAR BMTC BUS STOP,NEAR KLE COLLAGE,20FT,13.030809,77.536756
Bengaluru City,Yeshwanthapura Traffic PS,1.04432e+16,2023,1,2,Road Accidents,Narrow road,City/Town,Near a factory industrial area,Human Error,Yes,Damage Only,Vehicle to Vehicle,Controlled,Straight and flat,Two way,Bitumen(Tar),Dry,Not Applicable,Clear,MES RING ROAD,NEAR CQAE GROUND,10FT,13.036836,77.541655
Bengaluru City,Yeshwanthapura Traffic PS,1.04432e+16,2023,1,2,Road Accidents,Junction,City/Town,Near Bus stop,Human Error,Not Applicable,Damage Only,Vehicle to Vehicle,Controlled,Straight and flat,Others,Bitumen(Tar),Dry,Not Applicable,Clear,TUMKURU ROAD,NEAR CMTI JUNCTION,20FT,13.030199,77.537997
Bengaluru City,Yeshwanthapura Traffic PS,1.04432e+16,2023,1,2,Road Accidents,Narrow road,City/Town,Near Bus stop,Human Error,Not Applicable,Simple Injury,Vehicle to Vehicle,Uncontrolled,Straight and flat,Others,Bitumen(Tar),Dry,Not Applicable,Clear,NEAR PLATINUM CITY APARTMENT,NEAR CMTI,50FT,13.032777,77.533252
Bengaluru City,Yeshwanthapura Traffic PS,1.04432e+16,2023,1,2,Road Accidents,Junction,City/Town,Open area,Human Error,Yes,Simple Injury,Vehicle to Vehicle,Controlled,Straight and flat,Arterial,Bitumen(Tar),Others,Not Applicable,Clear,OUTER RING ROAD,gokul das garments,80,13.030175,77.537088
Bengaluru City,Yeshwanthapura Traffic PS,1.04432e+16,2023,1,2,Road Accidents,Narrow road,City/Town,Open area,Human Error,Not Applicable,Fatal,Vehicle to Vehicle,Controlled,Straight and flat,Arterial,Bitumen(Tar),Not Applicable,Not Applicable,Clear,H MT MAIN ROAD,IISC QUATERS,60FT,13.019791,77.562289
Bengaluru City,Yeshwanthapura Traffic PS,1.04432e+16,2023,1,1,Road Accidents,Narrow road,City/Town,Open area,Human Error,Not Applicable,Fatal,Hit pedestrian,Controlled,Straight and flat,Arterial,Bitumen(Tar),Not Applicable,Not Applicable,Clear,TRIVENI ROAD,KARNATAK TEST HOUSE,30FT,13.025147,77.560146
Bengaluru City,Yeshwanthapura Traffic PS,1.04432e+16,2023,1,2,Road Accidents,Narrow road,City/Town,Open area,Human Error,No,Grievous Injury,Vehicle to Vehicle,Not Applicable,Not Applicable,Arterial,Bitumen(Tar),Dry,Not Applicable,Fine,TRIVENI ROAD,TREE,20 FT,13.025137,77.560153
Bengaluru City,Yeshwanthapura Traffic PS,1.04432e+16,2023,1,2,Road Accidents,Narrow road,City/Town,Near School or College,Human Error,No,Simple Injury,Vehicle to Vehicle,Controlled,Straight and flat,Arterial,Bitumen(Tar),Not Applicable,Not Applicable,Clear,C V RAMAN ROAD,ZIMKHAN GROUND,40FT,13.017135,77.560462
Bengaluru City,Yeshwanthapura Traffic PS,1.04432e+16,2023,1,1,Road Accidents,Not Applicable,City/Town,Open area,Human Error,No,Fatal,Not Applicable,Uncontrolled,Curve,Minor District Road,Bitumen(Tar),Dry,Not Applicable,Clear,tumkur road,opposite bsnl office,tree,13.024498,77.548752
Bengaluru City,Yeshwanthapura Traffic PS,1.04432e+16,2023,1,1,Road Accidents,Narrow road,City/Town,Residential area,Human Error,No,Grievous Injury,Hit pedestrian,Controlled,Straight and flat,Service Road,Bitumen(Tar),Dry,No influence on accident,Fine,MUTHYALAMMA BRIDGE,MUTHYALAMMA BRIDGE,100 M,13.040197,77.549821
Bengaluru City,Yeshwanthapura Traffic PS,1.04432e+16,2023,1,2,Road Accidents,Narrow road,City/Town,Near School or College,Human Error,No,Grievous Injury,Vehicle to Vehicle,Controlled,Straight and flat,Service Road,Bitumen(Tar),Dry,No influence on accident,Fine,TUMKUR ROAD,RMC YARD,500 M,13.022343,77.547134
Bengaluru City,Yeshwanthapura Traffic PS,1.04432e+16,2023,1,2,Road Accidents,Narrow road,City/Town,Open area,Human Error,No,Fatal,Vehicle to Vehicle,Controlled,Straight and flat,Arterial,Bitumen(Tar),Not Applicable,Not Applicable,Clear,TUMKURU ROAD,NEAR PEENYA METRO STATION,60FT,13.03118,77.535262
Bengaluru City,Yeshwanthapura Traffic PS,1.04432e+16,2023,1,2,Road Accidents,Not Applicable,City/Town,Near a factory industrial area,Human Error,No,Grievous Injury,Vehicle to Vehicle,Controlled,Straight and flat,Sub Arterial,Bitumen(Tar),Dry,No influence on accident,Fine,C V RAMAN ROAD,BHEL FACTORY,100 M,13.015299,77.563829
Bengaluru City,Yeshwanthapura Traffic PS,1.04432e+16,2023,1,2,Road Accidents,Narrow road,City/Town,Open area,Human Error,Yes,Simple Injury,Vehicle to Vehicle,Controlled,Straight and flat,Arterial,Bitumen(Tar),Others,Not Applicable,Clear,MATTIKERE MAIN ROAD,NEAR GOVT SCHOOL,40 FT,13.034165,77.560553
Bengaluru City,Yeshwanthapura Traffic PS,1.04432e+16,2023,1,1,Road Accidents,Narrow road,City/Town,Residential area,Human Error,No,Grievous Injury,Hit pedestrian,Not Applicable,Straight and flat,Service Road,Bitumen(Tar),Dry,No influence on accident,Fine,BAZAR ROAD,BAZAR CIRCLE,20 M,13.020042,77.555493
Bengaluru City,Yeshwanthapura Traffic PS,1.04432e+16,2023,1,2,Road Accidents,Narrow road,City/Town,Near office complex,Human Error,Yes,Simple Injury,Vehicle to Vehicle,Not Applicable,Straight and flat,Two way,Bitumen(Tar),Dry,Not Applicable,Cloudy,MES ROAD,NEAR TAJVIVANTH HOTEL,20 FT,13.029589,77.54026
Bengaluru City,Yeshwanthapura Traffic PS,1.04432e+16,2023,1,2,Road Accidents,Narrow road,City/Town,Near a religious place,Human Error,Yes,Grievous Injury,Vehicle to Vehicle,Not Applicable,Straight and flat,Others,Bitumen(Tar),Dry,Not Applicable,Clear,NEAR FARN RESIDENSY,NEAR HOTEL PRASAD,10FT,13.027037,77.543582
Bengaluru City,Yeshwanthapura Traffic PS,1.04432e+16,2023,1,1,Road Accidents,Not Applicable,City/Town,Near a religious place,Human Error,Yes,Grievous Injury,Hit pedestrian,Uncontrolled,Not Applicable,Residential Street,Bitumen(Tar),Dry,Not Applicable,Clear,4TH CROSS GOKUL EXTENSION,MATTIKERE,20 FT,13.015362,77.547828
Bengaluru City,Yeshwanthapura Traffic PS,1.04432e+16,2023,1,2,Road Accidents,Narrow road,City/Town,Open area,Human Error,Not Applicable,Simple Injury,Vehicle to Vehicle,Not at  Junction,Straight and flat,Arterial,Bitumen(Tar),Dry,No influence on accident,Clear,MES RING ROAD,NEAR ALISDA OFFICE,50 FT,13.037339,77.541697
Bengaluru City,Yeshwanthapura Traffic PS,1.04432e+16,2023,1,1,Road Accidents,Cross roads,City/Town,Near Bus stop,Human Error,No,Fatal,Not Applicable,Controlled,Curve,Two way,Bitumen(Tar),Dry,No influence on accident,Fine,HMT MAIN ROAD,HMT MAIN ROAD,50 mtr,13.017218,77.560591
Bengaluru City,Yeshwanthapura Traffic PS,1.04432e+16,2023,1,2,Road Accidents,Junction,City/Town,Near Bus stop,Human Error,No,Damage Only,Vehicle to Vehicle,Controlled,Straight and flat,Sub Arterial,Bitumen(Tar),Dry,No influence on accident,Fine,TUMKUR ROAD,TAZ HOTEL,20 M,13.028744,77.540097
Bengaluru City,Yeshwanthapura Traffic PS,1.04432e+16,2023,1,2,Road Accidents,Not Applicable,City/Town,Open area,Human Error,No,Fatal,Vehicle to Vehicle,Controlled,Straight and flat,Arterial,Bitumen(Tar),Dry,No influence on accident,Fine,OUTER RING ROAD,RAJKUMAR SAMADI,250 M,13.023385,77.533254
Bengaluru City,Yeshwanthapura Traffic PS,1.04432e+16,2023,1,1,Road Accidents,Narrow road,City/Town,Open area,Human Error,Not Applicable,Simple Injury,Hit pedestrian,Not at  Junction,Straight and flat,Others,Bitumen(Tar),Dry,Not Applicable,Clear,NEAR PUTER RING ROAD,NEAR WEST GOKHULDAS GARMENTES,50 FT,13.025057,77.534081
Bengaluru City,Yeshwanthapura Traffic PS,1.04432e+16,2023,1,2,Road Accidents,Narrow road,City/Town,Near Bus stop,Human Error,Yes,Fatal,Vehicle to Vehicle,Not Applicable,Straight and flat,Two way,Bitumen(Tar),Dry,Not Applicable,Clear,Tumkuru road,NEAR  SHELL PETROLE BUNK,20 FT,13.024887,77.54686
Bengaluru City,Yeshwanthapura Traffic PS,1.04432e+16,2023,1,2,Road Accidents,Narrow road,City/Town,Near Bus stop,Human Error,Not Applicable,Damage Only,Vehicle to Vehicle,Controlled,Not Applicable,Others,Bitumen(Tar),Dry,Not Applicable,Clear,NEAR CMTI FACTORY,NEAR BFW JUNCTION,20FT,13.032243,77.533898
Bengaluru City,Yeshwanthapura Traffic PS,1.04432e+16,2023,1,2,Road Accidents,Narrow road,City/Town,Narrow bridge or culverts,Human Error,Not Applicable,Damage Only,Vehicle to Vehicle,Uncontrolled,Straight and flat,Others,Bitumen(Tar),Dry,Not Applicable,Clear,OPPOSITE OF DAKSHINA DELIKESI HOTEL,NEAR PEENYA FLY OVER,20FT,13.032139,77.534112
Bengaluru City,Yeshwanthapura Traffic PS,1.04432e+16,2023,1,2,Road Accidents,Junction,City/Town,Open area,Human Error,Yes,Damage Only,Vehicle to Vehicle,Signal lights Manual,Not Applicable,Arterial,Bitumen(Tar),Dry,Not Applicable,Fine,OUTER RING ROAD,TREE,25FT,13.030245,77.537135
Bengaluru City,Yeshwanthapura Traffic PS,1.04432e+16,2023,1,2,Road Accidents,Narrow road,City/Town,Open area,Human Error,Not Applicable,Fatal,Vehicle to Vehicle,Controlled,Straight and flat,Arterial,Bitumen(Tar),Not Applicable,Not Applicable,Clear,HMT MAIN ROAD,INFRONT OF IISC QUATERS,40 FT,13.019087,77.561726
Bengaluru City,Yeshwanthapura Traffic PS,1.04432e+16,2023,1,1,Road Accidents,Narrow road,City/Town,Residential area,Human Error,Not Applicable,Fatal,Vehicle to Vehicle,Controlled,Others,Arterial,Bitumen(Tar),Others,Not Applicable,Clear,KEB QUATERS MAIN ROAD,NEAR GANESH TEMPLE,30FT,13.029016,77.526907
Bengaluru City,Yeshwanthapura Traffic PS,1.04432e+16,2023,1,2,Road Accidents,Narrow road,City/Town,Open area,Human Error,Not Applicable,Simple Injury,Vehicle to Vehicle,Controlled,Straight and flat,Arterial,Bitumen(Tar),Not Applicable,Not Applicable,Clear,FTI Outer Ring road,OPPOSITE LORRY OWNER BUILDING,40FT,13.024195,77.533616
Bengaluru City,Yeshwanthapura Traffic PS,1.04432e+16,2023,1,1,Road Accidents,Narrow road,City/Town,Near Bus stop,Human Error,No,Simple Injury,Hit pedestrian,Controlled,Straight and flat,Sub Arterial,Bitumen(Tar),Dry,No influence on accident,Fine,HMT MAIN ROAD,MATHIKERE BUS STOP,50 M,13.035149,77.557485
Bengaluru City,Yeshwanthapura Traffic PS,1.04432e+16,2023,1,1,Road Accidents,Not Applicable,City/Town,Open area,Human Error,No,Grievous Injury,Hit pedestrian,Controlled,Straight and flat,Sub Arterial,Bitumen(Tar),Dry,No influence on accident,Clear,MEI ROAD,ADA SENSOR PVT LTD,50 M,13.021033,77.541049
Bengaluru City,Yeshwanthapura Traffic PS,1.04432e+16,2023,1,2,Road Accidents,Narrow road,City/Town,Open area,Human Error,Not Applicable,Simple Injury,Vehicle to Vehicle,Not Applicable,Not Applicable,Others,Bitumen(Tar),Dry,Not Applicable,Clear,NEAR GANESH AUTO SERVICE CENTER,NEAR 80FT ROAD,50FT,13.033035,77.554654