DISTRICTNAME,UNITNAME,Crime_No,Year,RI,Noofvehicle_involved,Accident_Classification,Accident_Spot,Accident_Location,Accident_SubLocation,Main_Cause,Hit_Run,Severity,Collision_Type,Junction_Control,Road_Character,Road_Type,Surface_Type,Surface_Condition,Road_Condition,Weather,Accident_Road,Landmark_first,Distance_LandMark_First,Latitude,Longitude
Bengaluru City,Yeshwanthapura Traffic PS,1.04432e+16,2023,1,2,Road Accidents,Junction,City/Town,Near office complex,Human Error,Yes,Fatal,Vehicle to Vehicle,Controlled,Straight and flat,Others,Bitumen(Tar),Dry,Not Applicable,Clear,NEAR CHIFE ENGINEER OFFICE,NEAR OUTER RING ROAD,100FT,13.03022,77.537941
Bengaluru City,Yeshwanthapura Traffic PS,1.04432e+16,2023,1,2,Road Accidents,Junction,City/Town,Open area,Human Error,No,Grievous Injury,Vehicle to Vehicle,Signals (Working),Straight and flat,Others,Bitumen(Tar),Dry,Not Applicable,Clear,TUMKUR ROAD NEAR SRS JUNCTION,SRS JUNCTION,40 FT,13.03471,77.529754
Bengaluru City,Yeshwanthapura Traffic PS,1.04432e+16,2023,1,1,Road Accidents,Narrow road,City/Town,Near Bus stop,Human Error,Not Applicable,Grievous Injury,Hit pedestrian,Uncontrolled,Straight and flat,Others,Bitumen(Tar),Dry,Not Applicable,Fine,NEAR JIMKHANA GATE,NEAR C V RAMAN ROAD,50FT,13.015989,77.562523
Bengaluru City,Yeshwanthapura Traffic PS,1.04432e+16,2023,1,1,Road Accidents,Narrow road,City/Town,Near office complex,Human Error,Not Applicable,Grievous Injury,Hit pedestrian,Not Applicable,Not Applicable,Others,Bitumen(Tar),Dry,Not Applicable,Clear,KATTA AGENCY,NEAR PANDURANGA TREDERS,10FT,13.021062,77.547559
Bengaluru City,Yeshwanthapura Traffic PS,1.04432e+16,2023,1,2,Road Accidents,Narrow road,City/Town,Near a religious place,Human Error,Not Applicable,Grievous Injury,Vehicle to Vehicle,Uncontrolled,Straight and flat,Others,Bitumen(Tar),Dry,Not Applicable,Clear,NEAR SURANA COLLEGE,ESI HOPITAL ROAD,100FT,13.022408,77.52906
Bengaluru City,Yeshwanthapura Traffic PS,1.04432e+16,2023,1,1,Road Accidents,Junction,City/Town,Near Hospital,Human Error,Not Applicable,Grievous Injury,Hit pedestrian,Controlled,Straight and flat,Others,Bitumen(Tar),Dry,Not Applicable,Clear,GORAGUNTEPALYA JUNCTION,NEAR TAJ VIVANTH HOTEL,20FEET,13.028934,77.540064
Bengaluru City,Yeshwanthapura Traffic PS,1.04432e+16,2023,1,2,Road Accidents,Junction,City/Town,Open area,Human Error,No,Damage Only,Vehicle to Vehicle,Controlled,Straight and flat,Arterial,Bitumen(Tar),Others,Not Applicable,Clear,TUMAKUR ROAD,FURN HOTEL,40FT,13.027014,77.543562
Bengaluru City,Yeshwanthapura Traffic PS,1.04432e+16,2023,1,1,Road Accidents,Narrow road,City/Town,Residential area,Human Error,No,Grievous Injury,Hit pedestrian,Controlled,Straight and flat,Sub Arterial,Bitumen(Tar),Dry,No influence on accident,Fine,RMC YARD ROAD,RMC YARD PS,200 M,13.02443,77.548792
Bengaluru City,Yeshwanthapura Traffic PS,1.04432e+16,2023,1,1,Road Accidents,Narrow road,City/Town,Near a factory industrial area,Human Error,Not Applicable,Grievous Injury,Not Applicable,Not Applicable,Straight and flat,Two way,Bitumen(Tar),Dry,Not Applicable,Clear,TUMKUR ROAD,NEAR CMTI FACTORY,20 FT,13.031629,77.535826
Bengaluru City,Yeshwanthapura Traffic PS,1.04432e+16,2023,1,3,Road Accidents,Narrow road,City/Town,Near Hospital,Human Error,No,Damage Only,Vehicle to Vehicle,Controlled,Straight and flat,Two way,Bitumen(Tar),Dry,Not Applicable,Clear,NEAR PEOPLE TREE HOSPITAL,NEAR CHIFE ENGINEAR OFFICE,50 FT,13.028932,77.540057
Bengaluru City,Yeshwanthapura Traffic PS,1.04432e+16,2023,1,2,Road Accidents,Narrow road,City/Town,Near a factory industrial area,Human Error,No,Grievous Injury,Vehicle to Vehicle,Not Applicable,Straight and flat,Others,Bitumen(Tar),Dry,Not Applicable,Clear,NEAR IISC  GATE,HMT MAIN ROAD,20 FT,13.018814,77.261478
Bengaluru City,Yeshwanthapura Traffic PS,1.04432e+16,2023,1,1,Road Accidents,Not Applicable,City/Town,Near office complex,Human Error,No,Grievous Injury,Not Applicable,Not Applicable,Not Applicable,Others,Bitumen(Tar),Dry,Not Applicable,Clear,OPPOSITE KENDRIYA UGRANA SAMSTE,2ND MAIN APMC,10FT,13.023846,77.546513
Bengaluru City,Yeshwanthapura Traffic PS,1.04432e+16,2023,1,2,Road Accidents,Narrow road,City/Town,Near Bus stop,Human Error,Not Applicable,Grievous Injury,Vehicle to Vehicle,Uncontrolled,Straight and flat,Others,Bitumen(Tar),Dry,Not Applicable,Clear,NEAR PEENYA METRO STATION,TUMKURU ROAD,20FT,13.032775,77.533353
Bengaluru City,Yeshwanthapura Traffic PS,1.04432e+16,2023,1,2,Road Accidents,Narrow road,City/Town,Near a religious place,Human Error,Yes,Grievous Injury,Vehicle to Vehicle,Controlled,Straight and flat,Others,Bitumen(Tar),Dry,Not Applicable,Clear,80FEET ROAD,MOHANKUMAR NAGAR,10FT,13.032535,77.554055
Bengaluru City,Yeshwanthapura Traffic PS,1.04432e+16,2023,1,1,Road Accidents,Narrow road,City/Town,At pedestrian Crossing,Human Error,Yes,Fatal,Hit pedestrian,Not Applicable,Not Applicable,Arterial,Bitumen(Tar),Dry,Not Applicable,Clear,HMT MAIN ROAD,STREET LIGHT,25ft,13.030067,77.5600608
Bengaluru City,Yeshwanthapura Traffic PS,1.04432e+16,2023,1,2,Road Accidents,Not Applicable,City/Town,Near a factory industrial area,Human Error,No,Simple Injury,Vehicle to Vehicle,Controlled,Straight and flat,Arterial,Bitumen(Tar),Others,Not Applicable,Clear,TUMKURU ROAD,CMTI FACTORY,50FT,13.03197,77.534801
Bengaluru City,Yeshwanthapura Traffic PS,1.04432e+16,2023,1,2,Road Accidents,Junction,City/Town,Near a factory industrial area,Human Error,No,Grievous Injury,Vehicle to Vehicle,Controlled,Straight and flat,Sub Arterial,Bitumen(Tar),Dry,No influence on accident,Fine,TUMKUR ROAD,CMTI JUNCTION,0 M,13.030543,77.537132
Bengaluru City,Yeshwanthapura Traffic PS,1.04432e+16,2023,1,1,Road Accidents,Narrow road,City/Town,At pedestrian Crossing,Human Error,No,Fatal,Hit pedestrian,Controlled,Straight and flat,Service Road,Bitumen(Tar),Dry,No influence on accident,Fine,FTI ROAD,CMTI JN,100 M,13.028587,77.536184
Bengaluru City,Yeshwanthapura Traffic PS,1.04432e+16,2023,1,1,Road Accidents,Not Applicable,City/Town,Open area,Human Error,Yes,Grievous Injury,Hit pedestrian,Controlled,Straight and flat,Arterial,Bitumen(Tar),Dry,No influence on accident,Clear,TUMKUR ROAD,M PALYA BUS STOP,50 M,13.019025,77.553293
Bengaluru Dist,Anekal PS,1.04421e+16,2016,1,2,Not Applicable,Cross roads,Not Applicable,Open area,Vehicle Defect,Not Applicable,Grievous Injury,Others,Not Applicable,Not Applicable,Two way,Kutcha,Not Applicable,Not Applicable,Others,ANEKAL THALI  ROAD,TAR ROAD,5 KM,0.0,0.0
Bengaluru Dist,Anekal PS,1.04421e+16,2016,1,2,Not Applicable,Cross roads,Rural Areas,Open area,Vehicle Defect,Not Applicable,Not Applicable,Not Applicable,Uncontrolled,Not Applicable,Two way,Kutcha,Others,Not Applicable,Others,ANEKAL CHANDAPURA ROAD,TAR ROAD,5,0.0,0.0
Bengaluru Dist,Anekal PS,1.04421e+16,2016,1,1,Road Accidents,Staggered junction,Rural Areas,Near School or College,Not Applicable,No,Grievous Injury,Not Applicable,Uncontrolled,Others,Others,Not Applicable,Others,Not Applicable,Others,ANEKAL-CHANDAPURA ROAD,OPP ALLIYANCE COLLAGE,3,0.0,0.0
Bengaluru Dist,Anekal PS,1.04421e+16,2016,1,2,Road Accidents,Cross roads,Not Applicable,Near Bus stop,Not Applicable,Not Applicable,Grievous Injury,Others,Not Applicable,Hump,Two way,Kutcha,Not Applicable,Not Applicable,Not Applicable,anekal chandapura road,TAR ROAD,3,0.0,0.0
Bengaluru Dist,Anekal PS,1.04421e+16,2016,1,1,Not Applicable,Cross roads,Not Applicable,Open area,Not Applicable,Not Applicable,Grievous Injury,Others,Stop sign,Hump,Two way,Kutcha,Not Applicable,Not Applicable,Not Applicable,ANEKAL THALI  ROAD,TAR ROAD,5,0.0,0.0
Bengaluru Dist,Anekal PS,1.04421e+16,2016,1,1,Road Accidents,Cross roads,Not Applicable,Open area,Vehicle Defect,Not Applicable,Grievous Injury,Not Applicable,Not Applicable,Others,Two way,Gravel,Others,Not Applicable,Not Applicable,ANEKAL -CHANDAPURA,TAR ROAD,4,0.0,0.0
Bengaluru Dist,Anekal PS,1.04421e+16,2016,1,1,Not Applicable,Cross roads,Not Applicable,Near Bus stop,Vehicle Defect,Not Applicable,Grievous Injury,Not Applicable,Not at  Junction,Others,Others,Gravel,Dry,Not Applicable,Others,ANEKAL HOSURU ROAD,TAR ROAD,1,0.0,0.0
Bengaluru Dist,Anekal PS,1.04421e+16,2016,1,2,Road Accidents,Cross roads,Not Applicable,Open area,Vehicle Defect,Not Applicable,Grievous Injury,Others,Not Applicable,Not Applicable,Two way,Gravel,Muddy,Not Applicable,Not Applicable,anekal  chandapura road,TAR ROAD,1,0.0,0.0
Bengaluru Dist,Anekal PS,1.04421e+16,2016,1,1,Road Accidents,Cross roads,Not Applicable,Open area,Vehicle Defect,Not Applicable,Grievous Injury,Others,Not Applicable,Others,Two way,Not Applicable,Others,Not Applicable,Others,anekal  bannerughatta road,TAR ROAD,2,0.0,0.0
Bengaluru Dist,Anekal PS,1.04421e+16,2016,1,1,Not Applicable,Not Applicable,Not Applicable,Open area,Vehicle Defect,Not Applicable,Grievous Injury,Others,Not Applicable,Others,Others,Kutcha,Others,Not Applicable,Others,KARAKALGHATTA ROAD,TAR ROAD,5,0.0,0.0
Bengaluru Dist,Anekal PS,1.04421e+16,2016,1,1,Not Applicable,Not Applicable,Not Applicable,Open area,Vehicle Defect,Not Applicable,Grievous Injury,Others,Not Applicable,Others,Others,Kutcha,Others,Not Applicable,Not Applicable,ANEKAL HOSURU ROAD,TA,2,0.0,0.0
Bengaluru Dist,Anekal PS,1.04421e+16,2016,1,1,Road Accidents,Cross roads,Rural Areas,Open area,Vehicle Defect,Not Applicable,Grievous Injury,Not Applicable,Not Applicable,Others,Two way,Not Applicable,Others,Not Applicable,Not Applicable,SONNANAYAKANAPURA,NILAGIRI TOP,5,0.0,0.0
Bengaluru Dist,Anekal PS,1.04421e+16,2016,1,2,Road Accidents,Cross roads,Rural Areas,Open area,Not Applicable,No,Damage Only,Not Applicable,Controlled,Curve,Others,Not Applicable,Not Applicable,Not Applicable,Others,ANEKAL to BANNERGHATTA ROAD,TAR ROAD,3KM,0.0,0.0
Bengaluru Dist,Anekal PS,1.04421e+16,2016,1,1,Road Accidents,Other,Rural Areas,Open area,Vehicle Defect,Not Applicable,Grievous Injury,Not Applicable,Not Applicable,Others,Two way,Not Applicable,Not Applicable,Not Applicable,Others,anekal  bannerughatta road,TAR ROAD,2,0.0,0.0
Bengaluru Dist,Anekal PS,1.04421e+16,2016,1,1,Road Accidents,Not Applicable,Rural Areas,Open area,Vehicle Defect,Not Applicable,Grievous Injury,Others,Stop sign,Others,Two way,Not Applicable,Others,Not Applicable,Others,ANEKAL HOSURU ROAD,TAR ROAD,2,0.0,0.0
Bengaluru Dist,Anekal PS,1.04421e+16,2016,1,1,Road Accidents,Cross roads,Rural Areas,Open area,Vehicle Defect,Not Applicable,Grievous Injury,Others,Not Applicable,Others,Not Applicable,Kutcha,Not Applicable,Not Applicable,Others,ANEKAL CHANDAPURA ROAD,TAR ROAD,2,0.0,0.0
Bengaluru Dist,Anekal PS,1.04421e+16,2016,1,1,Road Accidents,Offset,Rural Areas,Open area,Vehicle Defect,Not Applicable,Grievous Injury,Others,Controlled,Others,Village Road,Not Applicable,Others,Not Applicable,Others,anekal  chandapura road,TAR ROAD,2,0.0,0.0
Bengaluru Dist,Anekal PS,1.04421e+16,2016,1,1,Road Accidents,Cross roads,Not Applicable,Open area,Vehicle Defect,Not Applicable,Grievous Injury,Not Applicable,Not at  Junction,Others,Two way,Metalled,Others,Not Applicable,Not Applicable,ANEKAL HOSURU ROAD,TAR ROAD,2,0.0,0.0
Bengaluru Dist,Anekal PS,1.04421e+16,2016,1,1,Road Accidents,Other,Rural Areas,Open area,Not Applicable,No,Grievous Injury,Others,Controlled,Curve,Two way,Not Applicable,Others,Not Applicable,Not Applicable,ANEKAL-CHANDAPURA ROAD,THAR ROAD,5,0.0,0.0
Bengaluru Dist,Anekal PS,1.04421e+16,2016,1,2,Road Accidents,Cross roads,Rural Areas,Near Bus stop,Not Applicable,Not Applicable,Grievous Injury,Not Applicable,Not Applicable,Others,Others,Not Applicable,Not Applicable,Not Applicable,Not Applicable,anekal  chandapura road,TAR ROAD,4,0.0,0.0
Bengaluru Dist,Anekal PS,1.04421e+16,2016,1,1,Road Accidents,Cross roads,Not Applicable,Open area,Not Applicable,Not Applicable,Grievous Injury,Not Applicable,Not Applicable,Not Applicable,Two way,Not Applicable,Not Applicable,Not Applicable,Others,ANEKAL CHANDAPURA ROAD,TAR ROAD,2,0.0,0.0
Bengaluru Dist,Anekal PS,1.04421e+16,2017,1,1,Road Accidents,Cross roads,Rural Areas,Open area,Vehicle Defect,Not Applicable,Grievous Injury,Hit and Run,Not Applicable,Not Applicable,Service Road,Concrete,Not Applicable,Not Applicable,Not Applicable,narayanapura,anekal town,2km,0.0,0.0
Bengaluru Dist,Anekal PS,1.04421e+16,2017,1,1,Not Applicable,Cross roads,Rural Areas,Near or inside a village,Human Error,Not Applicable,Fatal,Others,Not Applicable,Others,Two way,Not Applicable,Others,Not Applicable,Others,ANEKAL TO JIGANI ROAD,NARROW,2KMS,0.0,0.0
Bengaluru Dist,Anekal PS,1.04421e+16,2017,1,2,Road Accidents,Cross roads,Rural Areas,Residential area,Vehicle Defect,Not Applicable,Grievous Injury,Not Applicable,Not Applicable,Curve,Two way,Bitumen(Tar),Others,Not Applicable,Others,anekal  chandapura road,near bus stop,3km,0.0,0.0
Bengaluru Dist,Anekal PS,1.04421e+16,2017,1,2,Road Accidents,Cross roads,Rural Areas,Open area,Vehicle Defect,Not Applicable,Grievous Injury,Others,Not Applicable,Others,Village Road,Concrete,Not Applicable,Not Applicable,Others,solur village,near village,5 km,0.0,0.0
Bengaluru Dist,Anekal PS,1.04421e+16,2017,1,1,Road Accidents,Cross roads,Rural Areas,Open area,Vehicle Defect,Not Applicable,Grievous Injury,Others,Not Applicable,Not Applicable,Not Applicable,Concrete,Dry,Not Applicable,Others,ROAD,2,2,0.0,0.0
Bengaluru Dist,Anekal PS,1.04421e+16,2017,1,1,Road Accidents,Curves,Rural Areas,Open area,Not Applicable,No,Damage Only,Others,Uncontrolled,Others,One way,Surfaced,Wet,Not Applicable,Snow,ROAD,NEAR GUDDANAHALLI VILLAGE,6,0.0,0.0
Bengaluru Dist,Anekal PS,1.04421e+16,2017,1,1,Road Accidents,Cross roads,Rural Areas,Open area,Vehicle Defect,Not Applicable,Grievous Injury,Not Applicable,Not Applicable,Not Applicable,Two way,Bitumen(Tar),Not Applicable,Not Applicable,Others,rwaly gate,anekal attibele road,3 km,0.0,0.0
Bengaluru Dist,Anekal PS,1.04421e+16,2017,1,2,Road Accidents,Cross roads,Rural Areas,Open area,Human Error,Not Applicable,Grievous Injury,Not Applicable,Not Applicable,Others,Two way,Bitumen(Tar),Not Applicable,Not Applicable,Not Applicable,anekal  chandapura road,ANEKAL CHANDAPURA ROAD,3km,0.0,0.0
Bengaluru Dist,Anekal PS,1.04421e+16,2017,1,1,Road Accidents,Cross roads,Rural Areas,Open area,Vehicle Defect,Not Applicable,Grievous Injury,Hit and Run,Not Applicable,Not Applicable,Two way,Concrete,Not Applicable,Not Applicable,Not Applicable,anekal  chandapura road,sub mangal gate,4km,0.0,0.0
Bengaluru Dist,Anekal PS,1.04421e+16,2017,1,1,Rail Road Accidents,Cross roads,Rural Areas,Near or inside a village,Vehicle Defect,Not Applicable,Simple Injury,Skidding or Self accident,Not at  Junction,Curve,Village Road,Concrete,Not Applicable,Not Applicable,Not Applicable,kammasandra agrahara,near kere,5km,0.0,0.0
Bengaluru Dist,Anekal PS,1.04421e+16,2017,1,2,Road Accidents,Other,City/Town,Open area,Not Applicable,No,Grievous Injury,Others,Stop sign,Others,Others,Not Applicable,Dry,Not Applicable,Others,ANEKAL HOSURU ROAD,Hompalaghatta cross,3,0.0,0.0
Bengaluru Dist,Anekal PS,1.04421e+16,2018,1,2,Other Railway Accidents,Round about or Circle,Rural Areas,Near a factory industrial area,Not Applicable,No,Grievous Injury,Others,Not Applicable,Others,Village Road,Kutcha,Not Applicable,Not Applicable,Others,ANEKAL-THALI ROAD,near powergrid gowdan,4,0.0,0.0
Bengaluru Dist,Anekal PS,1.04421e+16,2018,1,2,Road Accidents,Other,Rural Areas,Near Bus stop,Road Environment Defect,Yes,Grievous Injury,Others,Uncontrolled,Curve,Others,Not Applicable,Others,Not Applicable,Others,ANEKAL JIGANI ROAD,GOWRENAHALLI,3,0.0,0.0
Bengaluru Dist,Anekal PS,1.04421e+16,2018,1,1,Road Accidents,Round about or Circle,Rural Areas,Near School or College,Human Error,Yes,Grievous Injury,Others,Uncontrolled,Others,State Highway,Not Applicable,Others,Not Applicable,Others,ANEKAL-CHANDAPURA ROAD,Anekal taluk,3,0.0,0.0
Bengaluru Dist,Anekal PS,1.04421e+16,2018,1,1,Road Accidents,Offset,Rural Areas,Near or inside a village,Not Applicable,Yes,Simple Injury,Others,Not at  Junction,Others,Others,Kutcha,Dry,Pot holed,Snow,ROAD,HOSURU ROAD,3,0.0,0.0
Bengaluru Dist,Anekal PS,1.04421e+16,2018,1,1,Road Accidents,Narrow road,Rural Areas,Near or inside a village,Human Error,Not Applicable,Fatal,Others,Not Applicable,Not Applicable,One way,Bitumen(Tar),Dry,Not Applicable,Not Applicable,ANEKAL TO CHANDAPURA ROAD FRONT OF ROYAL SANNIILLA LAY OUT,ROYAL SANNI LAY OUT,4KM,0.0,0.0
Bengaluru Dist,Anekal PS,1.04421e+16,2018,1,1,Road Accidents,Narrow road,Rural Areas,Near Bus stop,Not Applicable,No,Fatal,Hit pedestrian,Not Applicable,Not Applicable,Village Road,Not Applicable,Not Applicable,Not Applicable,Fine,ANEKAL TO ATTIBELE ROAD,1,2KM,0.0,0.0
Bengaluru Dist,Anekal PS,1.04421e+16,2018,1,1,Not Applicable,Other,Rural Areas,Near a religious place,Road Environment Defect,No,Not Applicable,Others,Not at  Junction,Others,One way,Concrete,Flooded,Not Applicable,Fog / Mist,Road,jigani road,6,0.0,0.0
Bengaluru Dist,Anekal PS,1.04421e+16,2018,1,1,Other Railway Accidents,Round about or Circle,Rural Areas,Near a factory industrial area,Human Error,No,Grievous Injury,Others,Uncontrolled,Not Applicable,State Highway,Not Applicable,Not Applicable,Not Applicable,Others,Indlavadi cross,Anekal taluk,5,0.0,0.0
Bengaluru Dist,Anekal PS,1.04421e+16,2018,1,2,Road Accidents,Narrow road,Rural Areas,Open area,Human Error,No,Grievous Injury,Not Applicable,Not Applicable,Others,Not Applicable,Not Applicable,Others,No influence on accident,Others,INDLAVADI CROSS,ADURU VILLAGE,5,0.0,0.0
Bengaluru Dist,Anekal PS,1.04421e+16,2018,1,1,Road Accidents,Other,Rural Areas,Near Bus stop,Human Error,Yes,Grievous Injury,Hit and Run,Not Applicable,Others,Others,Not Applicable,Others,Not Applicable,Others,ANEKAL-CHANDAPURA ROAD,Anekal taluk,5,0.0,0.0
Bengaluru Dist,Anekal PS,1.04421e+16,2018,1,1,Not Applicable,Other,Rural Areas,Near Bus stop,Human Error,No,Grievous Injury,Others,Not Applicable,Others,Two way,Bitumen(Tar),Not Applicable,Not Applicable,Others,ANEKAL-CHANDAPURA ROAD,ANEKAL CHANDAPURA ROAD,8,0.0,0.0
Bengaluru Dist,Anekal PS,1.04421e+16,2018,1,1,Road Accidents,Cross roads,Rural Areas,Near Bus stop,Human Error,No,Fatal,Skidding or Self accident,Uncontrolled,Curve,Village Road,Bitumen(Tar),Dry,Not Applicable,Fine,ANEKAL TO JIGANI ROAD PRASHANTH LAY OUT FRONT,T,4,0.0,0.0
Bengaluru Dist,Anekal PS,1.04421e+16,2018,1,1,Road Accidents,Other,Rural Areas,Residential area,Human Error,No,Grievous Injury,Others,Uncontrolled,Curve,Service Road,Kutcha,Dry,Not Applicable,Strong Wind,Road,Singasandra village,5,0.0,0.0
Bengaluru Dist,Anekal PS,1.04421e+16,2018,1,2,Road Accidents,Narrow road,Rural Areas,Open area,Human Error,Not Applicable,Fatal,Others,Not Applicable,Curve,One way,Bitumen(Tar),Dry,Not Applicable,Others,JIGANI ROAD,DODDAKERE,2KM,0.0,0.0
Bengaluru Dist,Anekal PS,1.04421e+16,2018,1,1,Road Accidents,Other,Rural Areas,Open area,Not Applicable,Yes,Grievous Injury,Others,Controlled,Others,Village Road,Not Applicable,Not Applicable,Not Applicable,Others,CD HOSAKOTE VILLAGE,NEAR FIRE STATTION,4,0.0,0.0
Bengaluru Dist,Anekal PS,1.04421e+16,2018,1,2,Road Accidents,Other,Rural Areas,Open area,Human Error,No,Grievous Injury,Others,Not at  Junction,Others,Others,Gravel,Others,Drainage Ditch,Light Rain,ANEKAL-BANNERGHATTA ROAD,ANEKAL TALUK,3,0.0,0.0
Bengaluru Dist,Anekal PS,1.04421e+16,2018,1,1,Road Accidents,Other,City/Town,Near a religious place,Human Error,No,Grievous Injury,Brown ,Not Applicable,Others,Two way,Not Applicable,Others,Not Applicable,Others,anekal thali road,Opp Mohan house,0.5 KM,0.0,0.0
Bengaluru Dist,Anekal PS,1.04421e+16,2018,1,1,Not Applicable,Other,Rural Areas,Near Bus stop,Not Applicable,No,Grievous Injury,Others,Stop sign,Others,Others,Bitumen(Tar),Dry,Not Applicable,Others,ANEKAL-CHANDAPURA ROAD,TAR ROAD,8,0.0,0.0
Bengaluru Dist,Anekal PS,1.04421e+16,2018,1,1,Road Accidents,Narrow road,Rural Areas,Open area,Human Error,No,Fatal,Others,Not at  Junction,Not Applicable,One way,Bitumen(Tar),Dry,No influence on accident,Fine,KARPOOR VILLAGE,NEAR MILK DIARY,4,0.0,0.0
Bengaluru Dist,Anekal PS,1.04421e+16,2018,1,2,Not Applicable,Narrow road,Rural Areas,Open area,Not Applicable,No,Grievous Injury,Not Applicable,Not Applicable,Straight and flat,One way,Concrete,Dry,Not Applicable,Snow,CHANDAPURA-ANEKAL TOAD,KAMMASANDRA AGRAHARA GATE,5,0.0,0.0
Bengaluru Dist,Anekal PS,1.04421e+16,2018,1,2,Road Accidents,Other,Not Applicable,Open area,Human Error,Yes,Simple Injury,Others,Not Applicable,Curve,Others,Not Applicable,Others,Not Applicable,Clear,ANEKAL-BANNERGHATTA ROAD,DODDA KERE LAKE,2,0.0,0.0
Bengaluru Dist,Anekal PS,1.04421e+16,2018,1,1,Road Accidents,Other,Rural Areas,Open area,Not Applicable,No,Grievous Injury,Others,Controlled,Others,Others,Not Applicable,Not Applicable,Not Applicable,Others,Anekal-Hosuru road,Anekal taluk,1.5,0.0,0.0
Bengaluru Dist,Anekal PS,1.04421e+16,2018,1,1,Road Accidents,Other,Rural Areas,Residential area,Not Applicable,No,Grievous Injury,Others,Not Applicable,Hump,Residential Street,Not Applicable,Not Applicable,Not Applicable,Others,Anekal-Kanakapura road,Near Rajanna Land,3,0.0,0.0
Bengaluru Dist,Anekal PS,1.04421e+16,2018,1,1,Road Accidents,Narrow road,Rural Areas,Near Bus stop,Not Applicable,No,Fatal,Side swipe,No signal lights,Others,Two way,Bitumen(Tar),Dry,Not Applicable,Fine,TAR ROAD,1,3 KMS,0.0,0.0
Bengaluru Dist,Anekal PS,1.04421e+16,2018,1,1,Road Accidents,Narrow road,Villages settlement,Near Bus stop,Human Error,Not Applicable,Fatal,Overturning,Not Applicable,Not Applicable,One way,Not Applicable,Not Applicable,Not Applicable,Fine,TAR ROAD,BYGADADENAHALLI GATE,5,0.0,0.0
Bengaluru Dist,Anekal PS,1.04421e+16,2018,1,1,Road Accidents,Narrow road,Rural Areas,Open area,Human Error,No,Grievous Injury,Not Applicable,Not Applicable,Others,One way,Not Applicable,Not Applicable,Not Applicable,Not Applicable,ANEKAL-BANNERGHATTA ROAD,Anekal taluk,2,0.0,0.0
Bengaluru Dist,Anekal PS,1.04421e+16,2018,1,2,Road Accidents,Other,Rural Areas,Open area,Not Applicable,Not Applicable,Fatal,Others,Not Applicable,Others,Others,Not Applicable,Others,Not Applicable,Others,Anekal to chandapura,vijayanursing home,3 k.m.,0.0,0.0
Bengaluru Dist,Anekal PS,1.04421e+16,2018,1,1,Road Accidents,Round about or Circle,City/Town,Near School or College,Human Error,Yes,Simple Injury,Hit and Run,Uncontrolled,Others,Others,Not Applicable,Others,Not Applicable,Others,ANEKAL-THALI ROAD,GOVT OLD MIDDLE SCHOOL,1,0.0,0.0
Bengaluru Dist,Anekal PS,1.04421e+16,2018,1,2,Road Accidents,Narrow road,Villages settlement,Open area,Human Error,No,Grievous Injury,Not Applicable,Uncontrolled,Others,Village Road,Not Applicable,Muddy,Not Applicable,Others,CHIKKANAHALLI BADARAHALLI ROAD,MUGAPPA LAND,5,0.0,0.0
Bengaluru Dist,Anekal PS,1.04421e+16,2018,1,1,Not Applicable,Railway crossing,Rural Areas,Near Bus stop,Human Error,No,Simple Injury,Hit animal,Stop sign,Others,Others,Concrete,Others,Not Applicable,Others,ANEKAL-CHANDAPURA ROAD,Byagadadenahalli gate,8,0.0,0.0
Bengaluru Dist,Anekal PS,1.04421e+16,2018,1,1,Road Accidents,Other,Rural Areas,Open area,Not Applicable,No,Grievous Injury,Hit and Run,Not Applicable,Not Applicable,Others,Concrete,Others,Not Applicable,Others,ANEKAL-CHANDAPURA ROAD,SHIVAJI CIRCLE,1,0.0,0.0
Bengaluru Dist,Anekal PS,1.04421e+16,2018,1,1,Road Accidents,Narrow road,Rural Areas,Near Bus stop,Human Error,No,Fatal,Others,No signal lights,Not Applicable,City or Town Road,Concrete,Not Applicable,Not Applicable,Not Applicable,ANEKAL CHANDAPURA ROAD,NEAR MGB LAY OUT,4,0.0,0.0
Bengaluru Dist,Anekal PS,1.04421e+16,2018,1,1,Road Accidents,Narrow road,City/Town,Residential area,Human Error,No,Fatal,Others,No signal lights,Others,One way,Bitumen(Tar),Dry,No influence on accident,Fine,HOSUR ROAD,HOUSR ROAD,1,0.0,0.0
Bengaluru Dist,Anekal PS,1.04421e+16,2018,1,1,Road Accidents,Narrow road,Rural Areas,Near Bus stop,Human Error,No,Fatal,Not Applicable,No signal lights,Not Applicable,Others,Bitumen(Tar),Dry,Not Applicable,Fine,TELUGARAHALLI GATE,TELUGARAHALLI GATE,3,0.0,0.0
Bengaluru Dist,Anekal PS,1.04421e+16,2018,1,1,Road Accidents,Narrow road,Rural Areas,Near Bus stop,Not Applicable,No,Fatal,Not Applicable,No signal lights,Not Applicable,Residential Street,Bitumen(Tar),Dry,Not Applicable,Fine,THALI ROAD,NEAR CHIKKANAHALLI CORSS,2,0.0,0.0
Bengaluru Dist,Anekal PS,1.04421e+16,2019,1,1,Road Accidents,Narrow road,Rural Areas,Near Bus stop,Not Applicable,No,Simple Injury,Vehicle to Vehicle,Not Applicable,Others,One way,Not Applicable,Others,Not Applicable,Others,ANEKAL-BANNERGHATTA ROAD,Anekal taluk,4,12.731788,77.6710079
Bengaluru Dist,Anekal PS,1.04421e+16,2019,1,2,Road Accidents,Cross roads,Rural Areas,Near or inside a village,Human Error,No,Fatal,Vehicle to Vehicle,Not at  Junction,Curve,One way,Bitumen(Tar),Dry,No influence on accident,Fine,ANEKAL TO JIGANI ROAD,2,2 KMS,12.71653,77.686215
Bengaluru Dist,Anekal PS,1.04421e+16,2019,1,2,Road Accidents,Cross roads,Rural Areas,Near School or College,Human Error,Not Applicable,Fatal,Vehicle to Vehicle,Not Applicable,Curve,Others,Kutcha,Dry,No influence on accident,Fine,SIDDANAPALYA CROSS,SIDDANAPALYA CROSS,5 KMS,12.721532,77.655478