DISTRICTNAME,UNITNAME,Crime_No,Year,RI,Noofvehicle_involved,Accident_Classification,Accident_Spot,Accident_Location,Accident_SubLocation,Main_Cause,Hit_Run,Severity,Collision_Type,Junction_Control,Road_Character,Road_Type,Surface_Type,Surface_Condition,Road_Condition,Weather,Accident_Road,Landmark_first,Distance_LandMark_First,Latitude,Longitude
Bengaluru Dist,Anekal PS,1.04421e+16,2019,1,1,Rail Road Accidents,Narrow road,Rural Areas,Near Bus stop,Human Error,No,Fatal,Hit pedestrian,Not Applicable,Not Applicable,Two way,Bitumen(Tar),Dry,No influence on accident,Others,ANEKAL TO CHANDAPURA ROAD,1,2 KM,12.724584,77.70227
Bengaluru Dist,Anekal PS,1.04421e+16,2019,1,1,Road Accidents,Other,Villages settlement,Open area,Not Applicable,No,Not Applicable,Others,Not Applicable,Slight Curve,Others,Surfaced,Dry,Not Applicable,Others,Sunavara-Muthyalamudu road,Anekal taluk,4,12.709253,77.699382
Bengaluru Dist,Anekal PS,1.04421e+16,2019,1,1,Road Accidents,Not Applicable,City/Town,Residential area,Not Applicable,Yes,Grievous Injury,Not Applicable,Not Applicable,Others,Others,Not Applicable,Not Applicable,Not Applicable,Not Applicable,Anekal town,Anekal taluk,1,12.704044,77.696275
Bengaluru Dist,Anekal PS,1.04421e+16,2019,1,1,Road Accidents,Round about or Circle,City/Town,Near Bus stop,Human Error,No,Grievous Injury,Others,Not Applicable,Others,City or Town Road,Not Applicable,Others,Not Applicable,Others,ANEKAL-CHANDAPURA ROAD,Anekal taluk,1 km,12.710522,77.689392
Bengaluru Dist,Anekal PS,1.04421e+16,2019,1,1,Road Accidents,Cross roads,Rural Areas,Near Bus stop,Not Applicable,Not Applicable,Fatal,Not Applicable,No signal lights,Curve,One way,Bitumen(Tar),Dry,No influence on accident,Others,ANEKAL TO JIGANI ROAD,JIGANI ROAD,4,12.705822,77.703377
Bengaluru Dist,Anekal PS,1.04421e+16,2019,1,1,Road Accidents,Other,Rural Areas,Open area,Not Applicable,No,Grievous Injury,Others,Controlled,Not Applicable,Village Road,Not Applicable,Not Applicable,Not Applicable,Others,Anekal-Muthagatte road,Anekal taluk,3,12.718007,77.72226
Bengaluru Dist,Anekal PS,1.04421e+16,2019,1,1,Not Applicable,Not Applicable,Rural Areas,Open area,Not Applicable,No,Grievous Injury,Not Applicable,Not Applicable,Not Applicable,Not Applicable,Not Applicable,Others,Not Applicable,Others,ANEKAL-BANNERGHATTA ROAD,Anekal taluk,2,12.70828,77.686752
Bengaluru Dist,Anekal PS,1.04421e+16,2019,1,1,Road Accidents,Narrow road,Rural Areas,Residential area,Human Error,No,Grievous Injury,Not Applicable,Controlled,Not Applicable,Others,Kutcha,Muddy,Not Applicable,Others,Anekal-Submangala road,Anekal taluk,5km,12.694546,77.730616
Bengaluru Dist,Anekal PS,1.04421e+16,2019,1,1,Road Accidents,Narrow road,Rural Areas,Near a factory industrial area,Human Error,Yes,Fatal,Vehicle to Vehicle,Not Applicable,Others,Two way,Not Applicable,Not Applicable,Not Applicable,Others,ANEKAL-CHANDAPURA ROAD,NEAR SRR LAYOUT,6,12.722082,77.697983
Bengaluru Dist,Anekal PS,1.04421e+16,2019,1,1,Road Accidents,Not Applicable,Rural Areas,Open area,Not Applicable,Not Applicable,Fatal,Hit pedestrian,Not Applicable,Others,Others,Kutcha,Muddy,Not Applicable,Fine,SRI LAKSHMI ENTER PRISES BRICKS FACTORY,1,1,12.690533,77.727463
Bengaluru Dist,Anekal PS,1.04421e+16,2019,1,1,Road Accidents,Round about or Circle,City/Town,Near Hospital,Human Error,No,Simple Injury,Others,Controlled,Curve,City or Town Road,Not Applicable,Not Applicable,Not Applicable,Very Hot,ANEKAL-CHANDAPURA ROAD,Near S R Petrol Bunk,2.5,12.722278,77.703993
Bengaluru Dist,Anekal PS,1.04421e+16,2019,1,1,Road Accidents,Other,City/Town,Residential area,Not Applicable,No,Simple Injury,Others,Not Applicable,Not Applicable,Service Road,Not Applicable,Dry,Not Applicable,Others,ANEKAL-CHANDAPURA ROAD,Anekal taluk,6,12.761171,77.707901
Bengaluru Dist,Anekal PS,1.04421e+16,2019,1,1,Road Accidents,Narrow road,City/Town,Open area,Human Error,No,Grievous Injury,Vehicle to Vehicle,Not Applicable,Not Applicable,Two way,Not Applicable,Others,Not Applicable,Others,ANEKAL-BANNERGHATTA ROAD,Opp IB,2,12.719224,77.6927419
Bengaluru Dist,Anekal PS,1.04421e+16,2019,1,2,Road Accidents,Narrow road,City/Town,Near Petrol Pump,Human Error,No,Fatal,Vehicle to Vehicle,No signal lights,Others,One way,Bitumen(Tar),Dry,No influence on accident,Fine,ANEKAL ROAD,OPP PETROL BUNK,1,12.718912,77.701843
Bengaluru Dist,Anekal PS,1.04421e+16,2019,1,2,Road Accidents,Narrow road,Rural Areas,Near or inside a village,Human Error,No,Fatal,Vehicle to Vehicle,No signal lights,Not Applicable,Two way,Bitumen(Tar),Dry,Not Applicable,Fine,ANEKAL TO HOSUR ROAD,GUDDANAHALLI VILLAGE NEAR,3,12.681756,77.726764
Bengaluru Dist,Anekal PS,1.04421e+16,2019,1,2,Road Accidents,Not Applicable,City/Town,Near Hospital,Human Error,No,Grievous Injury,Vehicle to Vehicle,Uncontrolled,Not Applicable,Two way,Not Applicable,Dry,Not Applicable,Others,ANEKAL-CHANDAPURA ROAD,Near Vijaya nursing home,1 km,12.719091,77.701518
Bengaluru Dist,Anekal PS,1.04421e+16,2019,1,1,Road Accidents,Narrow road,Rural Areas,Near or inside a village,Human Error,No,Grievous Injury,Vehicle to Vehicle,Not Applicable,Others,Others,Not Applicable,Others,Not Applicable,Others,Anekal-Kanakapura Road,Anekal taluk,5,12.710645,77.63989
Bengaluru Dist,Anekal PS,1.04421e+16,2019,1,1,Road Accidents,Cross roads,Rural Areas,Open area,Human Error,Not Applicable,Fatal,Not Applicable,Not Applicable,Curve,One way,Bitumen(Tar),Dry,Not Applicable,Fine,ANEKAL TO HOSUR ROAD,1,2,12.691713,77.717149
Bengaluru Dist,Anekal PS,1.04421e+16,2019,1,1,Road Accidents,Narrow road,Rural Areas,Residential area,Human Error,No,Fatal,Not Applicable,No signal lights,Not Applicable,Others,Bitumen(Tar),Dry,Not Applicable,Fine,VANAKANAHALLI ROAD,SHANIMAHATHME TEMPLE,5,12.723009,77.668941
Bengaluru Dist,Anekal PS,1.04421e+16,2019,1,1,Road Accidents,Not Applicable,Rural Areas,Open area,Not Applicable,Yes,Fatal,Not Applicable,Not Applicable,Others,Others,Not Applicable,Not Applicable,Not Applicable,Others,Anekal-Hosur road,Near Guudanahalli village,5 km,12.689974,77.723984
Bengaluru Dist,Anekal PS,1.04421e+16,2019,1,1,Road Accidents,Circle,Rural Areas,Near Petrol Pump,Not Applicable,Yes,Grievous Injury,Hit and Run,Signal lights Automatic,Dip or trough,Others,Kutcha,Others,Not Applicable,Others,ANEKAL-CHANDAPURA ROAD,Anekal taluk,1.5,12.756882,77.702464
Bengaluru Dist,Anekal PS,1.04421e+16,2019,1,1,Road Accidents,Narrow road,City/Town,Near a religious place,Not Applicable,No,Grievous Injury,Not Applicable,Not Applicable,Others,State Highway,Not Applicable,Others,Not Applicable,Others,ANEKAL-CHANDAPURA ROAD,Anekal town,0.5,12.712875,77.699447
Bengaluru Dist,Anekal PS,1.04421e+16,2019,1,2,Road Accidents,Circle,Rural Areas,Near Bus stop,Not Applicable,No,Grievous Injury,Vehicle to Vehicle,Uncontrolled,Hump,Residential Street,Bitumen(Tar),Dry,Not Applicable,Fine,"Anekal Jigani Road, Kasaba Hobali, Anekal Taluk",Electrical Pool,25feet,12.731843,77.6707069
Bengaluru Dist,Anekal PS,1.04421e+16,2019,1,1,Road Accidents,Narrow road,Rural Areas,Near Bus stop,Not Applicable,No,Grievous Injury,Not Applicable,Not Applicable,Hump,State Highway,Kutcha,Not Applicable,Not Applicable,Others,ANEKAL-THALI ROAD,Anekal taluk,5,12.70046,77.685394
Bengaluru Dist,Anekal PS,1.04421e+16,2019,1,1,Road Accidents,Not Applicable,Rural Areas,Open area,Not Applicable,No,Grievous Injury,Not Applicable,Stop sign,Others,Not Applicable,Not Applicable,Others,Not Applicable,Others,ANEKAL-BANNERGHATTA ROAD,Anekal taluk,4,12.723991,77.6797899
Bengaluru Dist,Anekal PS,1.04421e+16,2019,1,2,Road Accidents,Narrow road,Rural Areas,Open area,Human Error,Yes,Fatal,Vehicle to Vehicle,Not Applicable,Not Applicable,NH,Not Applicable,Others,Not Applicable,Light Rain,ANEKAL-HOSUR ROAD,NEAR GUUDANAHALLI VILLAGE,6,12.689884,77.724813
Bengaluru Dist,Anekal PS,1.04421e+16,2019,1,2,Road Accidents,Not Applicable,City/Town,Open area,Not Applicable,No,Grievous Injury,Vehicle to Vehicle,Not Applicable,Not Applicable,State Highway,Not Applicable,Wet,Not Applicable,Wind,Anekal-Hoaur Road,Opp Kadumane Hotel,1 km,12.702876,77.700779
Bengaluru Dist,Anekal PS,1.04421e+16,2019,1,1,Road Accidents,Cross roads,Rural Areas,Open area,Not Applicable,Yes,Grievous Injury,Not Applicable,Controlled,Others,Service Road,Not Applicable,Not Applicable,Not Applicable,Snow,Anekal-Kanakapura Road,Anekal taluk,4,12.738107,77.652191
Bengaluru Dist,Anekal PS,1.04421e+16,2019,1,1,Road Accidents,Narrow road,City/Town,Near School or College,Human Error,No,Fatal,Hit pedestrian,Uncontrolled,Straight and flat,Residential Street,Bitumen(Tar),Dry,No influence on accident,Fine,THIMMARAYASWAMY TEMPLE ROAD,NEAR LINKAN SCHOOL,1,12.711397,77.715945
Bengaluru Dist,Anekal PS,1.04421e+16,2019,1,2,Road Accidents,Junction,Rural Areas,Near Bus stop,Human Error,No,Fatal,Vehicle to Vehicle,No signal lights,Straight and flat,Two way,Bitumen(Tar),Dry,Not Applicable,Fine,AVADADENAHALLI GATE,NEA BUS STOP,4,12.758123,77.704034
Bengaluru Dist,Anekal PS,1.04421e+16,2019,1,1,Road Accidents,Not Applicable,Rural Areas,Open area,Human Error,No,Grievous Injury,Vehicle to Vehicle,Not Applicable,Others,Others,Not Applicable,Not Applicable,Not Applicable,Others,ANEKAL-CHANDAPURA ROAD,Narayanappa land,5,12.744344,77.708342
Bengaluru Dist,Anekal PS,1.04421e+16,2019,1,2,Road Accidents,Other,Rural Areas,Near Bus stop,Human Error,No,Not Applicable,Others,Uncontrolled,Others,State Highway,Bitumen(Tar),Others,Not Applicable,Others,ANEKAL-CHANDAPURA ROAD,Anekal taluk,5,12.712972,77.696604
Bengaluru Dist,Anekal PS,1.04421e+16,2019,1,1,Road Accidents,Curves,Rural Areas,Open area,Not Applicable,No,Grievous Injury,Not Applicable,Not Applicable,Not Applicable,Others,Not Applicable,Not Applicable,Not Applicable,Not Applicable,ANEKAL-BANNERGHATTA ROAD,Anekal taluk,2.5,12.717655,77.685606
Bengaluru Dist,Anekal PS,1.04421e+16,2019,1,2,Road Accidents,Narrow road,Rural Areas,Residential area,Not Applicable,Not Applicable,Fatal,Vehicle to Vehicle,Not Applicable,Not Applicable,Two way,Bitumen(Tar),Dry,Not Applicable,Fine,ANEKAL TO ATTIBELE RAOD,1,2,12.729939,77.716056
Bengaluru Dist,Anekal PS,1.04421e+16,2020,1,2,Road Accidents,Cross roads,Rural Areas,Residential area,Vehicle Defect,Yes,Grievous Injury,Vehicle to Vehicle,Uncontrolled,Straight and flat,Residential Street,Bitumen(Tar),Dry,Not Applicable,Fine,Chandapur Anekal Road,Electrical Pool,30feet,12.733403,77.707681
Bengaluru Dist,Anekal PS,1.04421e+16,2020,1,2,Road Accidents,Narrow road,Rural Areas,Near or inside a village,Not Applicable,No,Grievous Injury,Hit bicyclist,Uncontrolled,Straight and flat,Two way,Bitumen(Tar),Dry,Not Applicable,Fine,"Vanakanahalli Village, Kasaba Hobali, Anekal Taluk",Electrical Pool,12feet,12.672482,77.694996
Bengaluru Dist,Anekal PS,1.04421e+16,2020,1,2,Road Accidents,Circle,Rural Areas,Near Bus stop,Not Applicable,No,Grievous Injury,Vehicle to Vehicle,Uncontrolled,Others,Others,Bitumen(Tar),Dry,Not Applicable,Others,"Near Chikka Hosahalli Cross, Anekal Thali Road",Electical Pool,5Feet,12.708707,77.676127
Bengaluru Dist,Anekal PS,1.04421e+16,2020,1,2,Road Accidents,Narrow road,Rural Areas,Open area,Human Error,No,Grievous Injury,Vehicle to Vehicle,Not Applicable,Others,Two way,Bitumen(Tar),Muddy,Not Applicable,Others,AVADENAHALLI GATE,2,4,12.733711,77.712039
Bengaluru Dist,Anekal PS,1.04421e+16,2020,1,1,Road Accidents,Narrow road,Rural Areas,Near or inside a village,Not Applicable,No,Grievous Injury,Not Applicable,Not Applicable,Not Applicable,Mixed,Kutcha,Others,Not Applicable,Others,Venkateshwara dinne,kanakapura road,5km,12.711046,77.691352
Bengaluru Dist,Anekal PS,1.04421e+16,2020,1,1,Road Accidents,Narrow road,Rural Areas,Near or inside a village,Not Applicable,No,Damage Only,Not Applicable,Not Applicable,Not Applicable,State Highway,Not Applicable,Not Applicable,Not Applicable,Others,ANEKAL-CHANDAPURA ROAD,Anekal taluk,4,12.717761,77.708885
Bengaluru Dist,Anekal PS,1.04421e+16,2020,1,1,Road Accidents,Cross roads,City/Town,At pedestrian Crossing,Vehicle Defect,Yes,Grievous Injury,Hit pedestrian,Uncontrolled,Straight and flat,Residential Street,Bitumen(Tar),Dry,Not Applicable,Clear,"Anekal Hosur Road, Anekal Town, Anekal Taluk",Electrical Pool,30feet,12.699959,77.704956
Bengaluru Dist,Anekal PS,1.04421e+16,2020,1,2,Road Accidents,Not Applicable,City/Town,Residential area,Not Applicable,No,Grievous Injury,Vehicle to Vehicle,Not at  Junction,Straight and flat,Residential Street,Bitumen(Tar),Dry,Not Applicable,Others,"Dinnuru Cross, Anekal Town, Anekal Taluk",Electrical Pool,20Feet,12.694636,77.710798
Bengaluru Dist,Anekal PS,1.04421e+16,2020,1,2,Road Accidents,Curves,Rural Areas,Near Petrol Pump,Vehicle Defect,No,Simple Injury,Vehicle to Vehicle,No signal lights,Others,Two way,Bitumen(Tar),Dry,No influence on accident,Fine,"Anekal Jigani Road, Kasaba Hobali, Anekal Taluk",Electrical Pool,30feet,12.713822,77.705569
Bengaluru Dist,Anekal PS,1.04421e+16,2020,1,2,Road Accidents,Not Applicable,Rural Areas,Near or inside a village,Not Applicable,Yes,Grievous Injury,Vehicle to Vehicle,Uncontrolled,Not Applicable,Others,Bitumen(Tar),Dry,Not Applicable,Very Hot,"Near Madappa Land, Anekal Kanakpura Road,",Electrical Pool,40Feet,12.709191,77.68169
Bengaluru Dist,Anekal PS,1.04421e+16,2020,1,2,Road Accidents,Road hump or Rumble strips,Rural Areas,Near or inside a village,Not Applicable,No,Grievous Injury,Vehicle to Vehicle,Uncontrolled,Straight and flat,Minor District Road,Bitumen(Tar),Dry,Not Applicable,Cloudy,"Near Venkataswamy Land, Anekal Attibele Road,",Electrical Pool,50feet,12.718648,77.710636
Bengaluru Dist,Anekal PS,1.04421e+16,2020,1,1,Road Accidents,Circle,City/Town,At pedestrian Crossing,Not Applicable,Yes,Grievous Injury,Hit pedestrian,Not Applicable,Straight and flat,One way,Bitumen(Tar),Dry,Not Applicable,Fine,"CR Circle Bus Stand, Anekal T own, Anekal Taluk",Electrical Pool,20Feet,12.711578,77.699536
Bengaluru Dist,Anekal PS,1.04421e+16,2020,1,1,Road Accidents,Not Applicable,Rural Areas,Near or inside a village,Human Error,No,Grievous Injury,Not Applicable,Uncontrolled,Straight and flat,Residential Street,Bitumen(Tar),Dry,Not Applicable,Fine,"Infront Of Vakeel Layout, Indlawasi Cross Aduru Road, Anekal Taluk",Electrical Pool,60feet,12.733072,77.6563199
Bengaluru Dist,Anekal PS,1.04421e+16,2020,1,2,Road Accidents,Cross roads,Rural Areas,Open area,Human Error,No,Fatal,Vehicle to Vehicle,No signal lights,Curve,Others,Bitumen(Tar),Dry,No influence on accident,Fine,ANEKAL TO JIGANI ROAD,1,1,12.716704,77.697309
Bengaluru Dist,Anekal PS,1.04421e+16,2020,1,1,Road Accidents,Narrow road,City/Town,Near Bus stop,Human Error,Not Applicable,Fatal,Not Applicable,Uncontrolled,Not Applicable,Two way,Bitumen(Tar),Dry,No influence on accident,Fine,ANEKAL TO HOSUR ROAD,2,1,12.716724,77.698569
Bengaluru Dist,Anekal PS,1.04421e+16,2020,1,1,Road Accidents,Not Applicable,Rural Areas,At pedestrian Crossing,Not Applicable,Yes,Grievous Injury,Hit pedestrian,Not Applicable,Not Applicable,Others,Bitumen(Tar),Dry,Not Applicable,Others,Chandapur Anekal Road,12 Feet Distance South 2 Light pols,12,12.730279,77.705984
Bengaluru Dist,Anekal PS,1.04421e+16,2020,1,2,Road Accidents,Cross roads,City/Town,Near Bus stop,Not Applicable,Not Applicable,Grievous Injury,Hit bicyclist,Not Applicable,Not Applicable,Two way,Bitumen(Tar),Dry,Not Applicable,Fine,"Bajane Mandira Cross, Opp KKM Tenta House, Gandhi Circle KSRTC Bus Stand Road,",0,0.5 KM,12.709207,77.697468
Bengaluru Dist,Anekal PS,1.04421e+16,2020,1,1,Road Accidents,Narrow road,Rural Areas,Near Bus stop,Human Error,Not Applicable,Fatal,Not Applicable,Uncontrolled,Hump,Not Applicable,Bitumen(Tar),Others,Not Applicable,Fine,ANEKAL TO CHANDAPURA ROAD,1,3,12.750657,77.7065929
Bengaluru Dist,Anekal PS,1.04421e+16,2020,1,2,Road Accidents,Narrow road,Rural Areas,In bazaar,Human Error,No,Fatal,Vehicle to Vehicle,Not Applicable,Not Applicable,Others,Bitumen(Tar),Dry,Not Applicable,Fine,ANEKAL TO TALI ROAD,1,01-Feb,12.710486,77.691282
Bengaluru Dist,Anekal PS,1.04421e+16,2020,1,1,Not Applicable,Narrow road,Rural Areas,Near or inside a village,Not Applicable,Not Applicable,Not Applicable,Not Applicable,Not Applicable,Not Applicable,Others,Not Applicable,Not Applicable,Not Applicable,Wind,Anekal-Hosu road,0,5km,12.696725,77.706172
Bengaluru Dist,Anekal PS,1.04421e+16,2020,1,2,Road Accidents,Narrow road,Rural Areas,Near Bus stop,Not Applicable,No,Fatal,Vehicle to Vehicle,Uncontrolled,Hump,Two way,Bitumen(Tar),Dry,No influence on accident,Fine,ANEKAL TO ATTIBELE ROAD NEAR DINNUR CROSS,1,2,12.691625,77.71625
Bengaluru Dist,Anekal PS,1.04421e+16,2020,1,2,Road Accidents,Road hump or Rumble strips,Rural Areas,Near Bus stop,Human Error,No,Simple Injury,Vehicle to Vehicle,Uncontrolled,Not Applicable,One way,Bitumen(Tar),Dry,Not Applicable,Fine,Chandapura Anekal Road,Near Karpuru Gate Bus Stop,3 KM,12.735906,77.70768
Bengaluru Dist,Anekal PS,1.04421e+16,2020,1,2,Road Accidents,Narrow road,Rural Areas,Near or inside a village,Human Error,Yes,Grievous Injury,Vehicle to Vehicle,Uncontrolled,Straight and flat,Residential Street,Bitumen(Tar),Dry,Not Applicable,Fine,Indlawadi Cross Sidi Hosakote Road,Electrical Pool,20Feet,12.723884,77.691509
Bengaluru Dist,Anekal PS,1.04421e+16,2020,1,1,Road Accidents,Narrow road,Rural Areas,Open area,Human Error,No,Fatal,Hit pedestrian,Not Applicable,Others,Others,Bitumen(Tar),Others,Construction Work / Material,Others,ANEKAL TO HOSUR ROAD,1,4,12.690551,77.725025
Bengaluru Dist,Anekal PS,1.04421e+16,2020,1,1,Road Accidents,Road hump or Rumble strips,Rural Areas,Near or inside a village,Human Error,No,Grievous Injury,Not Applicable,Uncontrolled,Straight and flat,Residential Street,Bitumen(Tar),Dry,Not Applicable,Fine,"Anekal Attibele Road, Kasaba Hobali, Anekal Taluk",Electrical Pool,30feet,12.725752,77.722121
Bengaluru Dist,Anekal PS,1.04421e+16,2020,1,2,Road Accidents,Narrow road,Rural Areas,Near or inside a village,Not Applicable,No,Simple Injury,Vehicle to Vehicle,Not at  Junction,Straight and flat,Residential Street,Bitumen(Tar),Others,Not Applicable,Mist or Fog,"Karpuru Aravntikepura Road, Anekal Taluk",Electrical Pool,5Feet,12.70327,77.704901
Bengaluru Dist,Anekal PS,1.04421e+16,2020,1,1,Not Applicable,Narrow road,City/Town,Near School or College,Not Applicable,No,Grievous Injury,Not Applicable,Controlled,Others,Not Applicable,Not Applicable,Not Applicable,Not Applicable,Others,Anekal-Attibele road,Anekal town Anekal Taluk,1km,12.712651,77.723239
Bengaluru Dist,Anekal PS,1.04421e+16,2020,1,1,Road Accidents,Road hump or Rumble strips,Rural Areas,Residential area,Not Applicable,Yes,Grievous Injury,Not Applicable,Uncontrolled,Straight and flat,Residential Street,Bitumen(Tar),Dry,Not Applicable,Fine,Anekal Thali Road,Electical Pool,40feet,12.731537,77.705011
Bengaluru Dist,Anekal PS,1.04421e+16,2021,1,2,Road Accidents,Curves,Rural Areas,Open area,Not Applicable,No,Fatal,Vehicle to Vehicle,Uncontrolled,Curve,Others,Bitumen(Tar),Dry,Not Applicable,Fine,"Indlavadi Village, Anekal Harohalli Road, Kasaba Hobli, Anekal Taluk",Muneswara Temple,200 Fe,12.731022,77.637053
Bengaluru Dist,Anekal PS,1.04421e+16,2021,1,2,Road Accidents,Cross roads,City/Town,In bazaar,Human Error,Not Applicable,Fatal,Not Applicable,No signal lights,Curve,Others,Bitumen(Tar),Dry,Not Applicable,Fine,ANEKAL TOWN,2,1,12.717685,77.6903209
Bengaluru Dist,Anekal PS,1.04421e+16,2021,1,2,Road Accidents,Narrow road,Rural Areas,Open area,Not Applicable,No,Fatal,Vehicle to Vehicle,Uncontrolled,Others,Others,Bitumen(Tar),Dry,Not Applicable,Fine,Anekal Chandapura Road Near Kammasandra Agrahara Gate Bus Stop Aenkal Taluk,Bus Stop,10 Fet,12.733819,77.712104
Bengaluru Dist,Anekal PS,1.04421e+16,2021,1,2,Road Accidents,Narrow road,Rural Areas,Near a religious place,Human Error,Yes,Fatal,Vehicle to Vehicle,Uncontrolled,Not Applicable,Others,Bitumen(Tar),Dry,No influence on accident,Fine,ANEKAL TO CHANDAPURA ROAD,1,1,12.759536,77.703147
Bengaluru Dist,Anekal PS,1.04421e+16,2021,1,2,Road Accidents,Not Applicable,Rural Areas,Near Bus stop,Not Applicable,No,Fatal,Vehicle to Vehicle,Not Applicable,Straight and flat,Others,Bitumen(Tar),Dry,Not Applicable,Clear,Anekal Thali Road,0,0,12.703052,77.684234
Bengaluru Dist,Anekal PS,1.04421e+16,2021,1,1,Road Accidents,Cross roads,City/Town,Near Hospital,Not Applicable,No,Grievous Injury,Hit pedestrian,Uncontrolled,Straight and flat,Residential Street,Bitumen(Tar),Dry,Not Applicable,Fine,"Gandi Circle Taluk Office Road, Anekal Town",15Feef,Gate,12.707313,77.701208
Bengaluru Dist,Anekal PS,1.04421e+16,2021,1,1,Road Accidents,Curves,Rural Areas,Open area,Not Applicable,No,Fatal,Not Applicable,Uncontrolled,Curve,Others,Bitumen(Tar),Dry,Not Applicable,Fine,Anekal Muthylamadu Road Anekal Taluk,Light Pool,15 Fet,12.690421,77.671965
Bengaluru Dist,Anekal PS,1.04421e+16,2021,1,2,Road Accidents,Narrow road,City/Town,Residential area,Not Applicable,Not Applicable,Grievous Injury,Vehicle to Vehicle,Not at  Junction,Not Applicable,Others,Surfaced,Dry,Not Applicable,Fine,"Shankaranaga Rad,Anekal Town",Near Vidhatha School,25feet,12.704909,77.698892
Bengaluru Dist,Anekal PS,1.04421e+16,2021,1,1,Not Applicable,Narrow road,Rural Areas,Near Bus stop,Human Error,No,Fatal,Not Applicable,Not at  Junction,Others,One way,Surfaced,Dry,Not Applicable,Fine,Anekal Samandur Road,SLV Bar And Restaurant Opp,30 fit,12.694293,77.733294
Bengaluru Dist,Anekal PS,1.04421e+16,2021,1,2,Road Accidents,Junction,Rural Areas,Near Bus stop,Human Error,Yes,Grievous Injury,Vehicle to Vehicle,Uncontrolled,Curve,One way,Bitumen(Tar),Dry,No influence on accident,Fine,ANNPORJESHWAR FIL TAKIES NEAR,2,1,12.709889,77.697441
Bengaluru Dist,Anekal PS,1.04421e+16,2021,1,1,Road Accidents,Narrow road,City/Town,Near Bus stop,Not Applicable,No,Simple Injury,Not Applicable,Controlled,Not Applicable,One way,Not Applicable,Not Applicable,Not Applicable,Not Applicable,Anekal-chandapura road,near Kavalahosahalli,2,12.722176,77.703198
Bengaluru Dist,Anekal PS,1.04421e+16,2021,1,1,Road Accidents,Offset,Rural Areas,Open area,Not Applicable,No,Grievous Injury,Not Applicable,Not Applicable,Others,One way,Not Applicable,Not Applicable,Not Applicable,Not Applicable,Anekal Jigani road,Near Indlavadi cross,6,12.731678,77.67073
Bengaluru Dist,Anekal PS,1.04421e+16,2021,1,1,Road Accidents,Cross roads,Rural Areas,Open area,Human Error,Not Applicable,Fatal,Not Applicable,No signal lights,Curve,Others,Bitumen(Tar),Dry,Not Applicable,Fine,ANEKAL TO TALI ROAD CHIKKAHOSAHALLI CROSS,1,1,12.70826,77.685699
Bengaluru Dist,Anekal PS,1.04421e+16,2021,1,1,Road Accidents,Narrow road,Rural Areas,Near or inside a village,Not Applicable,No,Simple Injury,Not Applicable,Not Applicable,Others,Others,Not Applicable,Not Applicable,Not Applicable,Others,Anekal Jigani road,Near Gowrenahalli village,6,12.723421,77.680838
Bengaluru Dist,Anekal PS,1.04421e+16,2021,1,1,Road Accidents,Cross roads,Rural Areas,Residential area,Not Applicable,Yes,Simple Injury,Not Applicable,Not Applicable,Not Applicable,Others,Not Applicable,Not Applicable,Not Applicable,Not Applicable,Anekal-chandapura road,Kapuru colony anekal taluk,6,12.734061,77.711076
Bengaluru Dist,Anekal PS,1.04421e+16,2021,1,1,Road Accidents,Narrow road,Rural Areas,Open area,Not Applicable,No,Simple Injury,Not Applicable,Not Applicable,Others,Mixed,Gravel,Not Applicable,Not Applicable,Mist or Fog,ANEKAL-HOSUR ROAD,NEAR MUTHAKATTE GATE,3,12.694108,77.714151
Bengaluru Dist,Anekal PS,1.04421e+16,2021,1,2,Road Accidents,Curves,Rural Areas,Near Bus stop,Not Applicable,No,Grievous Injury,Vehicle to Vehicle,Not Applicable,Curve,Others,Bitumen(Tar),Dry,Not Applicable,Clear,"Timmasandra Gate Cross, Anekal Kanakapura Road, Anekal Taluk",Electrcical Pool,20Feet,12.727627,77.64874
Bengaluru Dist,Anekal PS,1.04421e+16,2021,1,2,Road Accidents,Narrow road,Rural Areas,Open area,Not Applicable,Yes,Fatal,Vehicle to Vehicle,Uncontrolled,Others,Others,Bitumen(Tar),Dry,Not Applicable,Fine,Gowrenahalli Siddanapalya Road Kasaba Hobli Anekal Taluk,Lay Out Compound,10 Fet,12.724031,77.6655959
Bengaluru Dist,Anekal PS,1.04421e+16,2021,1,2,Road Accidents,Not Applicable,Rural Areas,Residential area,Not Applicable,No,Not Applicable,Vehicle to Vehicle,Not Applicable,Straight and flat,Others,Bitumen(Tar),Dry,Not Applicable,Fine,"Infront Of Venkateshappa Lang, Karpuru Village, Kasaba Hobali, Anekal Taluk",Electical Pool,50feet,12.720641,77.715167
Bengaluru Dist,Anekal PS,1.04421e+16,2021,1,1,Road Accidents,Narrow road,Rural Areas,Near Bus stop,Human Error,No,Fatal,Not Applicable,No signal lights,Not Applicable,Residential Street,Bitumen(Tar),Dry,No influence on accident,Fine,ANEKAL TO ATTIBELE ROAD NEAR KARPOOR GATE,1,4,12.725605,77.721944
Bengaluru Dist,Anekal PS,1.04421e+16,2021,1,2,Road Accidents,Narrow road,Rural Areas,Open area,Human Error,No,Grievous Injury,Vehicle to Vehicle,No signal lights,Not Applicable,Others,Bitumen(Tar),Dry,No influence on accident,Others,VILLAGE ROAD,1,6,12.718863,77.603164