DISTRICTNAME,UNITNAME,Crime_No,Year,RI,Noofvehicle_involved,Accident_Classification,Accident_Spot,Accident_Location,Accident_SubLocation,Main_Cause,Hit_Run,Severity,Collision_Type,Junction_Control,Road_Character,Road_Type,Surface_Type,Surface_Condition,Road_Condition,Weather,Accident_Road,Landmark_first,Distance_LandMark_First,Latitude,Longitude
Bengaluru Dist,Anekal PS,1.04421e+16,2021,1,1,Road Accidents,Narrow road,Rural Areas,Residential area,Human Error,No,Grievous Injury,Hit pedestrian,Not at  Junction,Others,Residential Street,Bitumen(Tar),Dry,No influence on accident,Fine,NARASIMHA LAY OUT,2,1 KM,0.0,0.0
Bengaluru Dist,Anekal PS,1.04421e+16,2021,1,1,Road Accidents,Not Applicable,Rural Areas,Open area,Human Error,No,Grievous Injury,Not Applicable,Not Applicable,Others,Others,Not Applicable,Not Applicable,Not Applicable,Snow,Temple road,Thimmarayaswamy temple road,1,12.70464,77.70293
Bengaluru Dist,Anekal PS,1.04421e+16,2021,1,2,Road Accidents,Junction,Rural Areas,Near Bus stop,Human Error,No,Grievous Injury,Vehicle to Vehicle,No signal lights,Others,One way,Bitumen(Tar),Dry,Not Applicable,Fine,ANEKAL TO CHANDAPUR ROAD,1,5,12.743344,77.708506
Bengaluru Dist,Anekal PS,1.04421e+16,2021,1,2,Road Accidents,Junction,City/Town,Near Bus stop,Human Error,No,Grievous Injury,Vehicle to Vehicle,Uncontrolled,Others,Two way,Bitumen(Tar),Dry,No influence on accident,Fine,ANEKAL TO HOUSR ROAD,1,2KM,12.695421,77.709777
Bengaluru Dist,Anekal PS,1.04421e+16,2021,1,1,Road Accidents,Junction,Rural Areas,Near Bus stop,Human Error,Yes,Simple Injury,Hit pedestrian,Signal lights Manual,Not Applicable,Others,Bitumen(Tar),Dry,No influence on accident,Fine,THAMMANAYAKANAHALLI ROAD,2,8,12.698614,77.641746
Bengaluru Dist,Anekal PS,1.04421e+16,2021,1,2,Road Accidents,Curves,Rural Areas,Open area,Not Applicable,Yes,Grievous Injury,Not Applicable,Not Applicable,Others,Others,Not Applicable,Others,Not Applicable,Fine,Anekal-Kanakapura road,0,4 KM,12.706292,77.665302
Bengaluru Dist,Anekal PS,1.04421e+16,2021,1,2,Road Accidents,Cross roads,City/Town,Residential area,Not Applicable,No,Grievous Injury,Vehicle to Vehicle,Not Applicable,Straight and flat,Residential Street,Bitumen(Tar),Dry,Not Applicable,Fine,"Near Shani Mahatma Temple, Anekal Bannerughatta Road, Anekal Town",Electical Pool,5feet,12.746424,77.686865
Bengaluru Dist,Anekal PS,1.04421e+16,2022,1,2,Rail Road Accidents,Circle,Rural Areas,Near Bus stop,Not Applicable,No,Grievous Injury,Vehicle to Vehicle,Not Applicable,Curve,Others,Bitumen(Tar),Dry,Not Applicable,Others,Anekal Chandapur Road,0,0,12.733145,77.706878
Bengaluru Dist,Anekal PS,1.04421e+16,2022,1,2,Road Accidents,Curves,Rural Areas,Open area,Not Applicable,No,Grievous Injury,Vehicle to Vehicle,Not Applicable,Curve,Others,Surfaced,Others,Not Applicable,Clear,Sunavar Muthyalamaduvu Road A,Sunavar Muthyalamaduvu,25,12.703011,77.684482
Bengaluru Dist,Anekal PS,1.04421e+16,2022,1,1,Road Accidents,Narrow road,Rural Areas,Open area,Not Applicable,Not Applicable,Fatal,Not Applicable,Not at  Junction,Not Applicable,Others,Surfaced,Dry,Not Applicable,Clear,Anekal Harohalli Village Road,Jadappa land,25feet,12.706915,77.6672519
Bengaluru Dist,Anekal PS,1.04421e+16,2022,1,2,Road Accidents,Narrow road,Rural Areas,Open area,Not Applicable,No,Fatal,Vehicle to Vehicle,Uncontrolled,Others,Others,Bitumen(Tar),Dry,Construction Work / Material,Fine,Jigani Anekal Toad,Lay Out Gate,40,12.704495,77.700832
Bengaluru Dist,Anekal PS,1.04421e+16,2022,1,1,Not Applicable,Narrow road,Rural Areas,Open area,Not Applicable,No,Fatal,Vehicle to Vehicle,Not Applicable,Not Applicable,Others,Not Applicable,Not Applicable,Not Applicable,Clear,Anekal-Jigani Road,ANEKAL TALUK,6,12.73949,77.666831
Bengaluru Dist,Anekal PS,1.04421e+16,2022,1,2,Road Accidents,Narrow road,Rural Areas,Open area,Not Applicable,No,Grievous Injury,Vehicle to Vehicle,Not Applicable,Not Applicable,One way,Bitumen(Tar),Dry,Not Applicable,Fine,Anekal Bannerugatta Raod,kacha Road,30 fet,12.72203,77.680439
Bengaluru Dist,Anekal PS,1.04421e+16,2022,1,2,Road Accidents,Narrow road,Rural Areas,Open area,Not Applicable,No,Grievous Injury,Vehicle to Vehicle,Not Applicable,Not Applicable,One way,Bitumen(Tar),Dry,Not Applicable,Fine,Anekal Chandapura Road,Petrol Bunk,40 fet,12.721495,77.703203
Bengaluru Dist,Anekal PS,1.04421e+16,2022,1,1,Not Applicable,Narrow road,City/Town,Open area,Not Applicable,No,Simple Injury,Not Applicable,Not Applicable,Not Applicable,Others,Surfaced,Dry,Not Applicable,Clear,Anekal Banneghatta Road,Doodakere Ari,25,12.7156,77.686472
Bengaluru Dist,Anekal PS,1.04421e+16,2022,1,1,Road Accidents,Junction,City/Town,Open area,Human Error,Yes,Simple Injury,Not Applicable,Not Applicable,Not Applicable,Others,Not Applicable,Not Applicable,Not Applicable,Not Applicable,ANEKAL-HOSUR ROAD,ANEKAL TALUK,4,12.696167,77.706539
Bengaluru Dist,Anekal PS,1.04421e+16,2022,1,2,Road Accidents,Junction,City/Town,In bazaar,Human Error,No,Damage Only,Vehicle to Vehicle,Signal lights Automatic,Slight Curve,Two way,Bitumen(Tar),Dry,Not Applicable,Not Applicable,ANEKAL TO HOSUR ROAD,1,1,12.709133,77.6985429
Bengaluru Dist,Anekal PS,1.04421e+16,2022,1,2,Road Accidents,Cross roads,Rural Areas,Open area,Not Applicable,No,Simple Injury,Vehicle to Vehicle,Not at  Junction,Others,Others,Surfaced,Dry,Not Applicable,Others,Chandapur Anekal Road,Address Lyout,30,12.713553,77.699735
Bengaluru Dist,Anekal PS,1.04421e+16,2022,1,1,Road Accidents,Curves,City/Town,Near a recreation place/cinema,Not Applicable,No,Fatal,Hit pedestrian,Not Applicable,Curve,Others,Bitumen(Tar),Dry,Not Applicable,Fine,Anekal Attibele Road,Light Pool,30 fet,0.0,0.0
Bengaluru Dist,Anekal PS,1.04421e+16,2022,1,1,Road Accidents,Narrow road,Rural Areas,Open area,Not Applicable,No,Grievous Injury,Not Applicable,Not Applicable,Not Applicable,Others,Kutcha,Muddy,Not Applicable,Others,Anekal Kanakapura road,ANEKAL TALUK,5,12.6722,77.6940599
Bengaluru Dist,Anekal PS,1.04421e+16,2022,1,2,Road Accidents,Cross roads,Rural Areas,Open area,Not Applicable,No,Grievous Injury,Vehicle to Vehicle,Not Applicable,Not Applicable,Two way,Bitumen(Tar),Dry,Not Applicable,Fine,Anekal Hosur Road,Blank Land,20 Fet,12.692194,77.715217
Bengaluru Dist,Anekal PS,1.04421e+16,2022,1,1,Road Accidents,Curves,Rural Areas,Open area,Human Error,No,Damage Only,Not Applicable,Uncontrolled,Curve,Others,Bitumen(Tar),Dry,No influence on accident,Fine,ANEKAL TO KANAKAPURA ROAD NEAR DODDAKERE,1,2,12.708427,77.68654
Bengaluru Dist,Anekal PS,1.04421e+16,2022,1,1,Road Accidents,Narrow road,City/Town,Open area,Not Applicable,No,Fatal,Hit pedestrian,Not Applicable,Others,Others,Bitumen(Tar),Dry,Not Applicable,Fine,"N.R. Road, Near Rama kutira, Anekal Town",Signal Bord,4 fet,0.0,0.0
Bengaluru Dist,Anekal PS,1.04421e+16,2022,1,1,Other Railway Accidents,Not Applicable,Rural Areas,Open area,Not Applicable,No,Fatal,Not Applicable,Not Applicable,Not Applicable,Others,Surfaced,Dry,Not Applicable,Clear,Anekal Chanapur Road,Byagadadenahalli Gate,25,0.0,0.0
Bengaluru Dist,Anekal PS,1.04421e+16,2022,1,2,Road Accidents,Narrow road,Rural Areas,Open area,Not Applicable,No,Fatal,Vehicle to Vehicle,Not Applicable,Not Applicable,One way,Bitumen(Tar),Dry,Not Applicable,Fine,Thali Anekal Road,Near Sunavara Gate,100 M,12.702843,77.684251
Bengaluru Dist,Anekal PS,1.04421e+16,2022,1,1,Not Applicable,Narrow road,Rural Areas,Open area,Not Applicable,No,Fatal,Not Applicable,Not Applicable,Not Applicable,Others,Not Applicable,Dry,Not Applicable,Fine,Thali Anekal Road,front of Nanjunareddy land,30,12.666879,77.6880589
Bengaluru Dist,Anekal PS,1.04421e+16,2022,1,2,Not Applicable,Cross roads,Rural Areas,Near Bus stop,Not Applicable,No,Damage Only,Not Applicable,Not at  Junction,Others,Others,Surfaced,Others,Not Applicable,Clear,Chandapur Anekal Road,Indian Petrol Bunk,25,12.746721,77.708031
Bengaluru Dist,Anekal PS,1.04421e+16,2022,1,3,Road Accidents,Narrow road,Rural Areas,Open area,Not Applicable,Yes,Fatal,Vehicle to Vehicle,Not Applicable,Straight and flat,One way,Bitumen(Tar),Dry,Not Applicable,Fine,Thali Anekal Road,CKInter National Hotel,15 Fet,12.703216,77.684258
Bengaluru Dist,Anekal PS,1.04421e+16,2022,1,1,Road Accidents,Not Applicable,Rural Areas,Near Bus stop,Human Error,No,Fatal,Not Applicable,Uncontrolled,Straight and flat,Residential Street,Bitumen(Tar),Dry,Not Applicable,Fine,"Thali Anekal Road, Kasaba Hobali, Anekal Taluk",Electiral Pole,25feet,12.674121,77.686551
Bengaluru Dist,Anekal PS,1.04421e+16,2022,1,1,Road Accidents,Narrow road,Rural Areas,Open area,Not Applicable,Not Applicable,Grievous Injury,Hit pedestrian,Not Applicable,Not Applicable,One way,Bitumen(Tar),Dry,Not Applicable,Fine,Chandapura Anekal Road,Service Station,15 fet,0.0,0.0
Bengaluru Dist,Anekal PS,1.04421e+16,2022,1,2,Road Accidents,Narrow road,Rural Areas,Open area,Not Applicable,Yes,Grievous Injury,Vehicle to Vehicle,Not Applicable,Not Applicable,Others,Bitumen(Tar),Dry,Not Applicable,Fine,Anekal Chandapura Road,Light Pool,12 Fet,0.0,0.0
Bengaluru Dist,Anekal PS,1.04421e+16,2022,1,1,Not Applicable,Narrow road,Rural Areas,Near a factory industrial area,Not Applicable,No,Fatal,Not Applicable,Not at  Junction,Not Applicable,Others,Surfaced,Dry,Not Applicable,Clear,Indlawadi Coss Aduru Village Road,Near Anjaneya Temple,30,0.0,0.0
Bengaluru Dist,Anekal PS,1.04421e+16,2022,1,1,Road Accidents,Narrow road,City/Town,Open area,Not Applicable,No,Fatal,Hit pedestrian,Uncontrolled,Others,Others,Bitumen(Tar),Dry,Not Applicable,Fine,Anekal Chandapura Road,Vijaya Nursing Home,60 Fet,12.719215,77.702288
Bengaluru Dist,Anekal PS,1.04421e+16,2022,1,2,Road Accidents,Not Applicable,Rural Areas,Near Bus stop,Not Applicable,Not Applicable,Simple Injury,Vehicle to Vehicle,Not at  Junction,Not Applicable,Two way,Concrete,Dry,Not Applicable,Clear,Anekal Jigani Road,Near Gowrenahalli Bus Stop,25feet,12.715502,77.685383
Bengaluru Dist,Anekal PS,1.04421e+16,2022,1,1,Road Accidents,Not Applicable,Rural Areas,Near School or College,Human Error,No,Fatal,Not Applicable,Not at  Junction,Others,One way,Surfaced,Dry,Not Applicable,Clear,Thali Anekal Road,Near Swamy Vivekanda School,25mit,12.689976,77.686701
Bengaluru Dist,Anekal PS,1.04421e+16,2022,1,1,Road Accidents,Curves,Rural Areas,Residential area,Human Error,No,Fatal,Not Applicable,Uncontrolled,Curve,Others,Surfaced,Dry,Not Applicable,Others,"Aduru Village, Kasaba Hobli, Anekal Taluk",Aduru Village,30,12.735471,77.6545899
Bengaluru Dist,Anekal PS,1.04421e+16,2022,1,2,Road Accidents,Junction,City/Town,Near Bus stop,Human Error,Not Applicable,Fatal,Vehicle to Vehicle,No signal lights,Others,One way,Surfaced,Others,Not Applicable,Cloudy,Anekal Hosur Road,Bathallunisa Badavane,25feet,0.0,0.0
Bengaluru Dist,Anekal PS,1.04421e+16,2022,1,2,Road Accidents,Junction,City/Town,Near Petrol Pump,Not Applicable,No,Grievous Injury,Vehicle to Vehicle,No signal lights,Curve,Others,Surfaced,Dry,Not Applicable,Clear,"Anekal Jigani Road, Anekal Town",Near I B Anekal Town,25feet,12.715765,77.696695
Bengaluru Dist,Anekal PS,1.04421e+16,2023,1,2,Not Applicable,Narrow road,City/Town,Open area,Not Applicable,No,Grievous Injury,Vehicle to Vehicle,Not at  Junction,Others,One way,Surfaced,Others,Not Applicable,Clear,Bannerughatta Anekal Road,Bayanna Layout,25feet,12.710858,77.724828
Bengaluru Dist,Anekal PS,1.04421e+16,2023,1,1,Not Applicable,Narrow road,City/Town,Near Bus stop,Not Applicable,Yes,Fatal,Hit pedestrian,Not Applicable,Not Applicable,Others,Surfaced,Dry,Not Applicable,Clear,Anekal Jigani Road,Near Bharth Gas prant,25,12.716201,77.696019
Bengaluru Dist,Anekal PS,1.04421e+16,2023,1,2,Road Accidents,Junction,City/Town,Near Bus stop,Human Error,No,Simple Injury,Vehicle to Vehicle,No signal lights,Others,Others,Surfaced,Others,No influence on accident,Others,Hosuru Aneka; Road,Hompleghatta Cross,25,12.699311,77.70332
Bengaluru Dist,Anekal PS,1.04421e+16,2023,1,3,Road Accidents,Narrow road,Rural Areas,Open area,Not Applicable,No,Fatal,Vehicle to Vehicle,Not at  Junction,Not Applicable,Others,Surfaced,Others,Not Applicable,Clear,Anekal Jigani Road,Dodda Kere Ari,3.5,12.71698,77.686353
Bengaluru Dist,Anekal PS,1.04421e+16,2023,1,2,Road Accidents,Curves,Rural Areas,Open area,Not Applicable,No,Fatal,Vehicle to Vehicle,Not Applicable,Curve,One way,Surfaced,Dry,Not Applicable,Cloudy,Anekal Hosuru Road,Near SBI bricks Factory,30,0.0,0.0
Bengaluru Dist,Anekal PS,1.04421e+16,2023,1,1,Road Accidents,Cross roads,City/Town,Near or inside a village,Vehicle Defect,No,Simple Injury,Hit pedestrian,Uncontrolled,Curve,Service Road,Kutcha,Muddy,Not Applicable,Others,ANEKAL HOSUR MAIN ROAD,MUTTAKATTE CROSS,2KM,12.935696,77.682893
Bengaluru Dist,Anekal PS,1.04421e+16,2023,1,2,Road Accidents,Junction,Rural Areas,Near Bus stop,Not Applicable,Yes,Fatal,Vehicle to Vehicle,Not Applicable,Curve,Others,Surfaced,Dry,Not Applicable,Fine,"Indlawadi Cross, Anekal Jigani Road",BuSStop,30,0.0,0.0
Bengaluru Dist,Anekal PS,1.04421e+16,2023,1,1,Not Applicable,Cross roads,City/Town,Near Bus stop,Not Applicable,No,Fatal,Not Applicable,No signal lights,Not Applicable,Not Applicable,Kutcha,Not Applicable,Not Applicable,Not Applicable,ANEKAL-HOSUR ROAD,ANEKAL TALUK,4,12.711323,77.699381
Bengaluru Dist,Anekal PS,1.04421e+16,2023,1,2,Road Accidents,Narrow road,City/Town,Near Bus stop,Not Applicable,Yes,Fatal,Vehicle to Vehicle,Not at  Junction,Not Applicable,Others,Surfaced,Dry,Not Applicable,Clear,Anekal Chandapur Road,Mudhu Reddy Banana Shop,25,12.71103,77.699399
Bengaluru Dist,Anekal PS,1.04421e+16,2023,1,2,Other Railway Accidents,Cross roads,Rural Areas,Narrow bridge or culverts,Road Environment Defect,No,Simple Injury,Vehicle to Vehicle,Give way sign,Curve and Incline,Others,Kutcha,Muddy,Engineering Defect of Road,Not Applicable,hs,gbgggggg,gggg,12.456782,77.456852
Bengaluru Dist,Anekal PS,1.04421e+16,2023,1,1,Road Accidents,Narrow road,Rural Areas,Open area,Not Applicable,No,Fatal,Not Applicable,Not Applicable,Not Applicable,One way,Kutcha,Muddy,Not Applicable,Clear,Bailiniru Kutunt road,Near Rajappa Land,25,12.685296,77.711427
Bengaluru Dist,Anekal PS,1.04421e+16,2023,1,2,Not Applicable,Junction,Rural Areas,Near office complex,Not Applicable,No,Fatal,Vehicle to Vehicle,Not at  Junction,Others,Others,Gravel,Not Applicable,No influence on accident,Others,hs,OO,5,12.732223,77.670929
Bengaluru Dist,Anekal PS,1.04421e+16,2023,1,2,Not Applicable,Curves,Rural Areas,Open area,Not Applicable,Yes,Fatal,Not Applicable,Not at  Junction,Curve,Others,Surfaced,Dry,Not Applicable,Clear,Anekal Jigani Road,Doddakere Anekal Jigani Road,30,0.0,0.0
Bengaluru Dist,Anekal PS,1.04421e+16,2023,1,1,Road Accidents,Curves,Rural Areas,Open area,Not Applicable,No,Grievous Injury,Not Applicable,No signal lights,Curve,One way,Surfaced,Dry,No influence on accident,Others,Thali - Anekal Road,Chikkahosahalli Cross Road,3 K M,12.714848,77.702763
Bengaluru Dist,Anekal PS,1.04421e+16,2023,1,2,Road Accidents,Cross roads,Rural Areas,Near Bus stop,Not Applicable,Yes,Grievous Injury,Vehicle to Vehicle,Not Applicable,Others,One way,Surfaced,Dry,Not Applicable,Clear,Anekal Chandapur Road,Avaravantikepur Bus Stand,25,12.735391,77.707897
Bengaluru Dist,Anekal PS,1.04421e+16,2023,1,2,Road Accidents,Narrow road,Rural Areas,Near Bus stop,Not Applicable,No,Fatal,Not Applicable,Not at  Junction,Curve,Not Applicable,Gravel,Dry,Not Applicable,Fine,Anekal Jigani Road,Near  Suragajakkanahalli  Masjid,30,12.736888,77.668395
Bengaluru Dist,Anekal PS,1.04421e+16,2023,1,2,Road Accidents,Narrow road,Rural Areas,Open area,Not Applicable,Yes,Fatal,Vehicle to Vehicle,Not Applicable,Not Applicable,Others,Surfaced,Dry,Not Applicable,Cloudy,Anekal Hosuru Road,Guddanahalli Lake,25,0.0,0.0
Bengaluru Dist,Anekal PS,1.04421e+16,2023,1,1,Not Applicable,Narrow road,City/Town,Open area,Not Applicable,No,Simple Injury,Hit pedestrian,Not at  Junction,Not Applicable,Others,Surfaced,Dry,Not Applicable,Cloudy,Anekal BMTC Bus Stand,Anekal BMTC Bus Stand,25,12.711529,77.694748
Bengaluru Dist,Anugondanahalli PS,1.04422e+16,2016,1,2,Road Accidents,Other,Rural Areas,Open area,Human Error,Yes,Grievous Injury,Others,Not Applicable,Curve,Others,Bitumen(Tar),Others,Not Applicable,Others,KANEKAL CROSS,ELECTRIC POLE,20feet,0.0,0.0
Bengaluru Dist,Anugondanahalli PS,1.04422e+16,2016,1,2,Road Accidents,Other,Rural Areas,Open area,Human Error,No,Grievous Injury,Others,Not Applicable,Others,Others,Bitumen(Tar),Others,Not Applicable,Others,MUTSANDRA -VARTURU ROAD,electric pole,60feet,0.0,0.0
Bengaluru Dist,Anugondanahalli PS,1.04422e+16,2016,1,2,Road Accidents,Other,Rural Areas,Open area,Not Applicable,Not Applicable,Simple Injury,Others,Not Applicable,Others,Village Road,Bitumen(Tar),Others,Not Applicable,Others,Byalahalli,LIGHT POLS,12km,0.0,0.0
Bengaluru Dist,Anugondanahalli PS,1.04422e+16,2016,1,1,Road Accidents,Other,Rural Areas,Open area,Vehicle Defect,No,Damage Only,Others,Not Applicable,Not Applicable,Others,Bitumen(Tar),Others,Not Applicable,Others,MUTSANDRA -VARTURU ROAD,LEFT ROAD SIDE CURRENT POLE,50 FT,0.0,0.0
Bengaluru Dist,Anugondanahalli PS,1.04422e+16,2016,1,1,Road Accidents,Other,Rural Areas,Open area,Vehicle Defect,No,Simple Injury,Others,Not Applicable,Curve,NH,Bitumen(Tar),Others,Not Applicable,Others,NH 207 ROAD,electric pole,20feet,0.0,0.0
Bengaluru Dist,Anugondanahalli PS,1.04422e+16,2016,1,2,Not Applicable,Other,Rural Areas,Open area,Not Applicable,No,Not Applicable,Others,Not Applicable,Others,NH,Bitumen(Tar),Others,Not Applicable,Not Applicable,NH 207 ROAD,CURRENT POLE,30 FT,0.0,0.0
Bengaluru Dist,Anugondanahalli PS,1.04422e+16,2016,1,2,Road Accidents,Other,Rural Areas,Open area,Not Applicable,No,Grievous Injury,Others,Not Applicable,Others,NH,Bitumen(Tar),Others,Not Applicable,Not Applicable,NH 207 ROAD,WEST DISTANCE 50 MTR ELECTRICLE POLE,20,0.0,0.0
Bengaluru Dist,Anugondanahalli PS,1.04422e+16,2016,1,1,Road Accidents,Other,Rural Areas,Open area,Vehicle Defect,No,Simple Injury,Others,Not Applicable,Others,NH,Not Applicable,Others,Not Applicable,Others,NH-207,ROAD  RIGHTSIDE  ONE  ELECTRIC POLE,50 FT,0.0,0.0
Bengaluru Dist,Anugondanahalli PS,1.04422e+16,2016,1,2,Not Applicable,Other,Rural Areas,Open area,Not Applicable,Yes,Grievous Injury,Others,Not Applicable,Others,Others,Not Applicable,Others,Not Applicable,Others,others,east current pole,40 ft,0.0,0.0
Bengaluru Dist,Anugondanahalli PS,1.04422e+16,2016,1,2,Road Accidents,Other,Rural Areas,Open area,Vehicle Defect,No,Simple Injury,Others,Not Applicable,Others,NH,Bitumen(Tar),Others,Not Applicable,Others,nh207,near small bridge,60feet,0.0,0.0
Bengaluru Dist,Anugondanahalli PS,1.04422e+16,2016,1,2,Road Accidents,Other,Rural Areas,Open area,Vehicle Defect,No,Grievous Injury,Others,Not Applicable,Others,Others,Bitumen(Tar),Others,Not Applicable,Others,MUTSANDRA -VARTURU ROAD,electric pole,30 FT,0.0,0.0
Bengaluru Dist,Anugondanahalli PS,1.04422e+16,2016,1,2,Road Accidents,Other,Rural Areas,Open area,Vehicle Defect,Not Applicable,Grievous Injury,Others,Not Applicable,Others,Village Road,Not Applicable,Others,Not Applicable,Others,villege tar road,electrical pols,40 ft,0.0,0.0
Bengaluru Dist,Anugondanahalli PS,1.04422e+16,2016,1,1,Road Accidents,Other,Rural Areas,Open area,Human Error,Yes,Simple Injury,Others,Not Applicable,Others,Others,Bitumen(Tar),Others,Not Applicable,Others,OTHER ROAD,electric pole,18FEET,0.0,0.0
Bengaluru Dist,Anugondanahalli PS,1.04422e+16,2016,1,2,Road Accidents,Not Applicable,Rural Areas,Open area,Vehicle Defect,No,Grievous Injury,Not Applicable,Not Applicable,Not Applicable,Not Applicable,Bitumen(Tar),Others,Not Applicable,Others,village road,electric pole,50 FT,0.0,0.0
Bengaluru Dist,Anugondanahalli PS,1.04422e+16,2016,1,1,Road Accidents,Other,Rural Areas,Open area,Vehicle Defect,No,Damage Only,Others,Uncontrolled,Others,Others,Bitumen(Tar),Others,Not Applicable,Others,NH 207 ROAD,LILAVATHI BY HOME,5 FT,0.0,0.0
Bengaluru Dist,Anugondanahalli PS,1.04422e+16,2016,1,2,Road Accidents,Other,Rural Areas,Open area,Vehicle Defect,No,Grievous Injury,Others,Not Applicable,Not Applicable,NH,Not Applicable,Others,Not Applicable,Not Applicable,NH 207 ROAD,road left side 15 ft one current pole,1 5fit,0.0,0.0
Bengaluru Dist,Anugondanahalli PS,1.04422e+16,2017,1,1,Road Accidents,Other,Rural Areas,Open area,Not Applicable,No,Simple Injury,Others,Not Applicable,Others,Village Road,Kutcha,Others,Not Applicable,Others,OTHER ROAD,OTHER ROAD,3,0.0,0.0
Bengaluru Dist,Anugondanahalli PS,1.04422e+16,2017,1,1,Not Applicable,Curves,Rural Areas,Open area,Not Applicable,Not Applicable,Fatal,Not Applicable,Controlled,Not Applicable,Village Road,Bitumen(Tar),Dry,Not Applicable,Not Applicable,mud road,LIGHT POL,8 km,0.0,0.0
Bengaluru Dist,Anugondanahalli PS,1.04422e+16,2017,1,2,Not Applicable,Other,Not Applicable,Open area,Not Applicable,Yes,Fatal,Hit and Run,Not Applicable,Not Applicable,NH,Bitumen(Tar),Others,Not Applicable,Not Applicable,NH 207,on road,7 km,0.0,0.0
Bengaluru Dist,Anugondanahalli PS,1.04422e+16,2017,1,2,Road Accidents,Other,Rural Areas,Open area,Not Applicable,No,Simple Injury,Others,Uncontrolled,Incline,Village Road,Not Applicable,Others,Not Applicable,Others,OTHER ROAD,Near pig house,30 ft,0.0,0.0
Bengaluru Dist,Anugondanahalli PS,1.04422e+16,2017,1,1,Road Accidents,Not Applicable,Not Applicable,Open area,Vehicle Defect,Not Applicable,Fatal,Not Applicable,Not Applicable,Not Applicable,Not Applicable,Not Applicable,Not Applicable,Not Applicable,Not Applicable,NH 207 ROAD,MUNIREDDY HOUSE,5 KM,0.0,0.0
Bengaluru Dist,Anugondanahalli PS,1.04422e+16,2017,1,2,Rail Road Accidents,Other,Rural Areas,Open area,Not Applicable,Not Applicable,Simple Injury,Others,Not Applicable,Others,Others,Kutcha,Others,Not Applicable,Others,OTHER ROAD,OTHER ROAD,3 feet,0.0,0.0
Bengaluru Dist,Anugondanahalli PS,1.04422e+16,2017,1,2,Road Accidents,Other,Rural Areas,Near Petrol Pump,Not Applicable,Not Applicable,Simple Injury,Others,Not Applicable,Others,Village Road,Not Applicable,Others,Not Applicable,Others,OTHER ROAD,petrol bunk,1 KM,0.0,0.0
Bengaluru Dist,Anugondanahalli PS,1.04422e+16,2017,1,2,Road Accidents,Other,Rural Areas,Open area,Not Applicable,No,Grievous Injury,Others,Not Applicable,Others,Others,Bitumen(Tar),Others,Not Applicable,Others,VILLAGE ROAD,RURAL ROAD,8 KM,0.0,0.0
Bengaluru Dist,Anugondanahalli PS,1.04422e+16,2017,1,2,Road Accidents,Other,Rural Areas,Open area,Not Applicable,No,Not Applicable,Others,Not Applicable,Others,Village Road,Not Applicable,Others,Not Applicable,Others,OTHER ROAD,OTHER ROAD,5 FEET,0.0,0.0
Bengaluru Dist,Anugondanahalli PS,1.04422e+16,2017,1,2,Road Accidents,Other,Rural Areas,Open area,Not Applicable,Not Applicable,Simple Injury,Others,Not Applicable,Others,Others,Bitumen(Tar),Others,Not Applicable,Others,OTHER ROAD,LIGHT POL,15 fee,0.0,0.0
Bengaluru Dist,Anugondanahalli PS,1.04422e+16,2017,1,2,Road Accidents,Other,Rural Areas,Open area,Road Environment Defect,Not Applicable,Simple Injury,Others,Not Applicable,Not Applicable,Others,Not Applicable,Others,Not Applicable,Others,NH 207 ROAD,NH 207 ROAD,30 FT,0.0,0.0
Bengaluru Dist,Anugondanahalli PS,1.04422e+16,2017,1,2,Road Accidents,Other,Rural Areas,In bazaar,Not Applicable,Not Applicable,Simple Injury,Others,Not Applicable,Not Applicable,Others,Kutcha,Muddy,Not Applicable,Others,OTHER ROAD,in bazar,2 km,0.0,0.0
Bengaluru Dist,Anugondanahalli PS,1.04422e+16,2017,1,2,Road Accidents,Other,Rural Areas,Near or inside a village,Vehicle Defect,Not Applicable,Fatal,Not Applicable,Not Applicable,Others,NH,Bitumen(Tar),Others,Not Applicable,Others,AREHALLY CROSS,AREHALLY CROSS,6,0.0,0.0
Bengaluru Dist,Anugondanahalli PS,1.04422e+16,2017,1,2,Road Accidents,Offset,Rural Areas,Near Petrol Pump,Not Applicable,Yes,Simple Injury,Hit and Run,Not at  Junction,Others,Others,Bitumen(Tar),Others,Not Applicable,Others,OTHER ROAD,20  feet light kamba,1 KM,0.0,0.0
Bengaluru Dist,Anugondanahalli PS,1.04422e+16,2017,1,2,Road Accidents,Other,Rural Areas,Near office complex,Not Applicable,Not Applicable,Grievous Injury,Others,Not Applicable,Others,NH,Bitumen(Tar),Others,Not Applicable,Others,NH 207 ROAD,30 feet one LIGHT POL,30 ft,0.0,0.0
Bengaluru Dist,Anugondanahalli PS,1.04422e+16,2017,1,1,Not Applicable,Not Applicable,Rural Areas,Near or inside a village,Vehicle Defect,Not Applicable,Fatal,Not Applicable,Not Applicable,Others,Others,Bitumen(Tar),Not Applicable,Not Applicable,Others,MEDHALLY COLONEY,LIGHT KAMBA,4,0.0,0.0
Bengaluru Dist,Anugondanahalli PS,1.04422e+16,2017,1,1,Not Applicable,Other,Rural Areas,Near or inside a village,Vehicle Defect,Not Applicable,Fatal,Not Applicable,Not Applicable,Not Applicable,Others,Bitumen(Tar),Not Applicable,Not Applicable,Others,GANAGALURU-SONNENAHALLY GATE,SEENAPPA LAND,13,0.0,0.0
Bengaluru Dist,Anugondanahalli PS,1.04422e+16,2017,1,2,Road Accidents,Other,Rural Areas,In bazaar,Not Applicable,Not Applicable,Simple Injury,Others,Not Applicable,Others,Not Applicable,Bitumen(Tar),Others,Not Applicable,Not Applicable,OTHER ROAD,LIGHT POL,01-Feb,0.0,0.0