DISTRICTNAME,UNITNAME,Crime_No,Year,RI,Noofvehicle_involved,Accident_Classification,Accident_Spot,Accident_Location,Accident_SubLocation,Main_Cause,Hit_Run,Severity,Collision_Type,Junction_Control,Road_Character,Road_Type,Surface_Type,Surface_Condition,Road_Condition,Weather,Accident_Road,Landmark_first,Distance_LandMark_First,Latitude,Longitude
Bengaluru Dist,Anugondanahalli PS,1.04422e+16,2018,1,2,Road Accidents,Other,Rural Areas,Near Bus stop,Human Error,Not Applicable,Simple Injury,Others,Not Applicable,Not Applicable,Village Road,Bitumen(Tar),Dry,Not Applicable,Clear,D Hosahalli Maluru Road,Dunnasandra Post Office,200m,0.0,0.0
Bengaluru Dist,Anugondanahalli PS,1.04422e+16,2018,1,1,Road Accidents,Not Applicable,Rural Areas,At pedestrian Crossing,Human Error,Yes,Grievous Injury,Hit and Run,Not Applicable,Others,Others,Concrete,Dry,Not Applicable,Clear,Ioc,IOC Gas Plantation,3km,0.0,0.0
Bengaluru Dist,Anugondanahalli PS,1.04422e+16,2018,1,2,Road Accidents,Not Applicable,Rural Areas,Near Bus stop,Human Error,No,Grievous Injury,Others,Not Applicable,Not Applicable,Village Road,Bitumen(Tar),Dry,Not Applicable,Fine,Dunnasandra D Hosahalli Road,Dunnasandra  Shrinivasa Home,3km,0.0,0.0
Bengaluru Dist,Anugondanahalli PS,1.04422e+16,2018,1,2,Road Accidents,Curves,Rural Areas,Near Bus stop,Human Error,Not Applicable,Simple Injury,Hit bicyclist,Give way sign,Curve,One way,Bitumen(Tar),Dry,Not Applicable,Fine,Handenahalli,Handenahalli Kaloni,4,0.0,0.0
Bengaluru Dist,Anugondanahalli PS,1.04422e+16,2018,1,2,Road Accidents,Curves,Rural Areas,Near or inside a village,Road Environment Defect,No,Damage Only,Right Turn Collision,Not Applicable,Curve,NH,Bitumen(Tar),Others,Not Applicable,Fine,NH 207 ROAD,Arehalli Cross,4,0.0,0.0
Bengaluru Dist,Anugondanahalli PS,1.04422e+16,2018,1,2,Road Accidents,Narrow road,Rural Areas,Near a religious place,Human Error,Not Applicable,Grievous Injury,Not Applicable,Not at  Junction,Curve,NH,Bitumen(Tar),Dry,Not Applicable,Fine,NH 207 Road,Medimallasandra Masid,4,0.0,0.0
Bengaluru Dist,Anugondanahalli PS,1.04422e+16,2018,1,2,Road Accidents,Curves,Rural Areas,Open area,Human Error,Not Applicable,Simple Injury,Others,Not Applicable,Others,Village Road,Bitumen(Tar),Dry,Not Applicable,Fine,Koturu,koturu,11km,0.0,0.0
Bengaluru Dist,Anugondanahalli PS,1.04422e+16,2018,1,2,Road Accidents,Curves,Rural Areas,Near Petrol Pump,Vehicle Defect,No,Damage Only,Others,Not Applicable,Curve,One way,Bitumen(Tar),Dry,Not Applicable,Fine,Kanekal Dunnasandra road,petrol bunk near,1,0.0,0.0
Bengaluru Dist,Anugondanahalli PS,1.04422e+16,2018,1,1,Not Applicable,Other,Rural Areas,Open area,Not Applicable,No,Damage Only,Hit animal,Not Applicable,Others,One way,Not Applicable,Dry,Not Applicable,Others,bellikere village,current pole,20,0.0,0.0
Bengaluru Dist,Anugondanahalli PS,1.04422e+16,2018,1,2,Road Accidents,Cross roads,Rural Areas,Near School or College,Human Error,No,Fatal,Hit bicyclist,Not Applicable,Curve,NH,Bitumen(Tar),Others,No influence on accident,Fine,NH 207 ROAD,NEAR KALKUNTE SCHOOL,7km,0.0,0.0
Bengaluru Dist,Anugondanahalli PS,1.04422e+16,2018,1,2,Road Accidents,Road hump or Rumble strips,Rural Areas,Near Bus stop,Human Error,Not Applicable,Grievous Injury,Vehicle to Vehicle,Uncontrolled,Hump,One way,Bitumen(Tar),Dry,Not Applicable,Fine,One Way,Medahalli Kaloni,3,0.0,0.0
Bengaluru Dist,Anugondanahalli PS,1.04422e+16,2018,1,2,Road Accidents,Narrow road,Not Applicable,Near a religious place,Human Error,Not Applicable,Grievous Injury,Not Applicable,Not Applicable,Curve,Village Road,Bitumen(Tar),Dry,Not Applicable,Fine,Kanekal road,SHANI MAHATMA TEMPLE,2km,0.0,0.0
Bengaluru Dist,Anugondanahalli PS,1.04422e+16,2018,1,1,Road Accidents,Other,Rural Areas,Near a factory industrial area,Human Error,No,Simple Injury,Run Off Road,Not Applicable,Not Applicable,NH,Bitumen(Tar),Dry,Not Applicable,Clear,Obalapura Gate,Anjaneya temple,1.5 km,0.0,0.0
Bengaluru Dist,Anugondanahalli PS,1.04422e+16,2018,1,1,Road Accidents,Circle,Rural Areas,Near Bus stop,Human Error,Yes,Simple Injury,Hit pedestrian,Not Applicable,Others,NH,Bitumen(Tar),Dry,Not Applicable,Fine,DODDDUNNASANDRA ROAD,Dunnasandra Shivakumara Shop,200m,0.0,0.0
Bengaluru Dist,Anugondanahalli PS,1.04422e+16,2018,1,2,Road Accidents,Other,Rural Areas,Open area,Human Error,Yes,Grievous Injury,Hit and Run,Give way sign,Others,One way,Bitumen(Tar),Dry,Not Applicable,Fine,Near Maranagere Village,Maranagere,18 km,0.0,0.0
Bengaluru Dist,Anugondanahalli PS,1.04422e+16,2018,1,2,Road Accidents,Circle,Rural Areas,Near Bus stop,Vehicle Defect,No,Damage Only,Others,Uncontrolled,Not Applicable,NH,Bitumen(Tar),Dry,Not Applicable,Clear,baguru croos n h 207 road,baguru cross,15 km,0.0,0.0
Bengaluru Dist,Anugondanahalli PS,1.04422e+16,2018,1,1,Road Accidents,Other,Rural Areas,Open area,Vehicle Defect,Not Applicable,Fatal,Hit pedestrian,Uncontrolled,Others,NH,Bitumen(Tar),Dry,Not Applicable,Fine,Dunnasandra  A G Halli center N H 07 Road,Dunnasandra Muneswara Temple,1km,0.0,0.0
Bengaluru Dist,Anugondanahalli PS,1.04422e+16,2018,1,2,Road Accidents,Other,Rural Areas,Near office complex,Human Error,Not Applicable,Grievous Injury,Not Applicable,Give way sign,Others,Village Road,Bitumen(Tar),Dry,Not Applicable,Fine,Kanekal Road,flip kart company,1.5 km,0.0,0.0
Bengaluru Dist,Anugondanahalli PS,1.04422e+16,2018,1,2,Not Applicable,Other,Rural Areas,Open area,Not Applicable,No,Fatal,Others,Not Applicable,Curve,Village Road,Not Applicable,Dry,Not Applicable,Others,koturu road,s l v factory,20,0.0,0.0
Bengaluru Dist,Anugondanahalli PS,1.04422e+16,2018,1,2,Road Accidents,Other,Rural Areas,Near Bus stop,Human Error,No,Simple Injury,Others,Not Applicable,Others,Village Road,Bitumen(Tar),Dry,Not Applicable,Clear,Dunnasandra Road,Dunnasandra  Shrinivasa Home,3km,0.0,0.0
Bengaluru Dist,Anugondanahalli PS,1.04422e+16,2018,1,2,Road Accidents,Circle,Rural Areas,Open area,Human Error,Not Applicable,Grievous Injury,Overturning,Not Applicable,Curve,NH,Bitumen(Tar),Dry,Not Applicable,Clear,Dunnasandra  Kanekal Roadc,KANEKAL,1,0.0,0.0
Bengaluru Dist,Anugondanahalli PS,1.04422e+16,2018,1,2,Road Accidents,Junction,Rural Areas,In bazaar,Human Error,Yes,Grievous Injury,Vehicle to Vehicle,Controlled,Others,NH,Bitumen(Tar),Dry,Not Applicable,Fine,NH,D D Sandra Cross Karnataka Bank,2,0.0,0.0
Bengaluru Dist,Anugondanahalli PS,1.04422e+16,2018,1,1,Road Accidents,Not Applicable,Rural Areas,Open area,Vehicle Defect,Yes,Grievous Injury,Vehicle to Vehicle,Not Applicable,Others,Others,Not Applicable,Dry,Not Applicable,Others,doddadunnasandara village,curent fol,20,0.0,0.0
Bengaluru Dist,Anugondanahalli PS,1.04422e+16,2018,1,1,Road Accidents,Other,Rural Areas,At pedestrian Crossing,Human Error,Not Applicable,Fatal,Hit pedestrian,Not Applicable,Others,NH,Bitumen(Tar),Dry,Not Applicable,Clear,NH 207 ROAD,Shiva Pyaberic Foctory,1,0.0,0.0
Bengaluru Dist,Anugondanahalli PS,1.04422e+16,2018,1,2,Road Accidents,Other,Rural Areas,Near Bus stop,Human Error,Yes,Simple Injury,Hit and Run,Not Applicable,Not Applicable,Village Road,Bitumen(Tar),Dry,Not Applicable,Fine,Dunnasandra D Hosahalli Road,Sharada school  D D Sandra,200m,0.0,0.0
Bengaluru Dist,Anugondanahalli PS,1.04422e+16,2018,1,2,Road Accidents,Other,Rural Areas,Open area,Human Error,No,Grievous Injury,Hit pedestrian,Not Applicable,Not Applicable,Village Road,Bitumen(Tar),Not Applicable,Not Applicable,Fine,SOUKYA ROAD,SHANI MAHATMA TEMPLE,2KM,0.0,0.0
Bengaluru Dist,Anugondanahalli PS,1.04422e+16,2018,1,1,Rail Road Accidents,Rail Crossing manned,Rural Areas,Near Bus stop,Human Error,Not Applicable,Grievous Injury,Hit pedestrian,Not Applicable,Not Applicable,State Highway,Bitumen(Tar),Dry,Not Applicable,Clear,N H 207 ROAD,MEDIMALLASANDRA,3km,0.0,0.0
Bengaluru Dist,Anugondanahalli PS,1.04422e+16,2018,1,2,Road Accidents,Other,Rural Areas,Open area,Vehicle Defect,No,Grievous Injury,Others,Not Applicable,Others,Others,Not Applicable,Dry,Not Applicable,Fine,koturu,koturu krishnappa land,18,0.0,0.0
Bengaluru Dist,Anugondanahalli PS,1.04422e+16,2019,1,1,Road Accidents,Curves,Rural Areas,Open area,Vehicle Defect,No,Grievous Injury,Vehicle to Vehicle,Not Applicable,Others,Residential Street,Not Applicable,Others,Not Applicable,Clear,medimallasandra -obalpura,taj hotel,20,12.933968,77.841402
Bengaluru Dist,Anugondanahalli PS,1.04422e+16,2019,1,2,Road Accidents,Curves,Rural Areas,Near School or College,Human Error,Not Applicable,Simple Injury,Vehicle to Vehicle,Uncontrolled,Curve,NH,Surfaced,Others,Not Applicable,Clear,NH 207 Road,Kalkunte Agrahara,7km,12.932261,77.84281
Bengaluru Dist,Anugondanahalli PS,1.04422e+16,2019,1,1,Road Accidents,Cross roads,Rural Areas,Near Bus stop,Not Applicable,No,Grievous Injury,Vehicle to Vehicle,Not Applicable,Others,NH,Bitumen(Tar),Others,Not Applicable,Clear,NH 207 Road,Doddadunnasandra Road,1KM,12.977023,77.816584
Bengaluru Dist,Anugondanahalli PS,1.04422e+16,2019,1,2,Road Accidents,Curves,Rural Areas,Near School or College,Not Applicable,No,Fatal,Vehicle to Vehicle,Not at  Junction,Slight Curve,NH,Bitumen(Tar),Dry,No influence on accident,Fine,Chikkatirupathi road,towords south School,100 ft,12.932738,77.841036
Bengaluru Dist,Anugondanahalli PS,1.04422e+16,2019,1,2,Road Accidents,Curves,Rural Areas,Near a factory industrial area,Human Error,No,Simple Injury,Vehicle to Vehicle,Not Applicable,Curve,NH,Bitumen(Tar),Dry,Not Applicable,Fine,NH,Dunnsandra,1,12.973423,77.820576
Bengaluru Dist,Anugondanahalli PS,1.04422e+16,2019,1,1,Road Accidents,Curves,Rural Areas,Near Bus stop,Human Error,Not Applicable,Grievous Injury,Hit bicyclist,Not Applicable,Curve,NH,Bitumen(Tar),Dry,Not Applicable,Fine,NH,Dunnsandra,1,12.973169,77.819037
Bengaluru Dist,Anugondanahalli PS,1.04422e+16,2019,1,2,Road Accidents,Curves,Rural Areas,Near Hospital,Human Error,Not Applicable,Grievous Injury,Vehicle to Vehicle,Not Applicable,Curve,NH,Bitumen(Tar),Dry,Not Applicable,Fine,NH,Anugondanahalli,1.5,12.961153,77.815548
Bengaluru Dist,Anugondanahalli PS,1.04422e+16,2019,1,2,Road Accidents,Curves,Rural Areas,Open area,Human Error,No,Grievous Injury,Vehicle to Vehicle,Give way sign,Curve,One way,Bitumen(Tar),Dry,Not Applicable,Fine,DH,D Hosahalli Shmashana,3,12.9686,77.831899
Bengaluru Dist,Anugondanahalli PS,1.04422e+16,2019,1,1,Road Accidents,Cross roads,Rural Areas,Near Bus stop,Not Applicable,No,Grievous Injury,Vehicle to Vehicle,Uncontrolled,Curve,Others,Not Applicable,Dry,Not Applicable,Clear,koturu,koturu bus stop,20,12.9292,77.796161
Bengaluru Dist,Anugondanahalli PS,1.04422e+16,2019,1,2,Road Accidents,Curves,Rural Areas,Near office complex,Human Error,No,Simple Injury,Vehicle to Vehicle,Not Applicable,Curve,NH,Bitumen(Tar),Dry,Not Applicable,Fine,NH,Dunnsandra,1,12.974292,77.819509
Bengaluru Dist,Anugondanahalli PS,1.04422e+16,2019,1,1,Road Accidents,Cross roads,Rural Areas,Open area,Vehicle Defect,No,Grievous Injury,Vehicle to Vehicle,Uncontrolled,Others,NH,Not Applicable,Others,Not Applicable,Clear,N H 204 ROAD,Anugondanahalli name board,10,12.89603,77.828792
Bengaluru Dist,Anugondanahalli PS,1.04422e+16,2019,1,2,Not Applicable,Curves,Rural Areas,Open area,Human Error,No,Grievous Injury,Vehicle to Vehicle,Not Applicable,Curve,Minor District Road,Bitumen(Tar),Dry,Not Applicable,Fine,Dist Road,D Hosahalli,2,12.96867,77.831885
Bengaluru Dist,Anugondanahalli PS,1.04422e+16,2019,1,1,Road Accidents,Cross roads,Rural Areas,Open area,Vehicle Defect,Yes,Grievous Injury,Vehicle to Vehicle,Not Applicable,Others,NH,Not Applicable,Dry,Not Applicable,Clear,NH,courent poll west,8 feat,12.976095,77.8203709
Bengaluru Dist,Anugondanahalli PS,1.04422e+16,2019,1,1,Not Applicable,Cross roads,Rural Areas,Near Bus stop,Vehicle Defect,No,Not Applicable,Not Applicable,Not Applicable,Curve,NH,Not Applicable,Others,Not Applicable,Clear,kLkunte agrahar nh 207,ranganatha temple mantap,10,12.93275,77.841129
Bengaluru Dist,Anugondanahalli PS,1.04422e+16,2019,1,2,Road Accidents,Cross roads,Rural Areas,Near a religious place,Human Error,Yes,Simple Injury,Hit bicyclist,Not Applicable,Curve,NH,Bitumen(Tar),Dry,Not Applicable,Fine,NH,A G Halli,1.5,12.957207,77.821087
Bengaluru Dist,Anugondanahalli PS,1.04422e+16,2019,1,1,Road Accidents,Cross roads,Rural Areas,Open area,Vehicle Defect,No,Grievous Injury,Vehicle to Vehicle,Uncontrolled,Others,Others,Not Applicable,Dry,Not Applicable,Clear,dunnasandra-narayankere road,curent fol,20,12.96576,77.83956
Bengaluru Dist,Anugondanahalli PS,1.04422e+16,2019,1,2,Road Accidents,Circle,Rural Areas,Open area,Vehicle Defect,No,Grievous Injury,Vehicle to Vehicle,Uncontrolled,Curve,Others,Not Applicable,Dry,Not Applicable,Clear,doddadunnasandara cross,ambedkar name board,30,12.971324,77.818858
Bengaluru Dist,Anugondanahalli PS,1.04422e+16,2019,1,2,Road Accidents,Not Applicable,Rural Areas,Open area,Human Error,Not Applicable,Simple Injury,Vehicle to Vehicle,Give way sign,Others,One way,Bitumen(Tar),Dry,Not Applicable,Clear,Mutsandra,Mutsandra Road,8km,12.896965,77.843534
Bengaluru Dist,Anugondanahalli PS,1.04422e+16,2019,1,2,Road Accidents,Curves,Rural Areas,Near Bus stop,Human Error,Not Applicable,Grievous Injury,Overturning,No signal lights,Curve,NH,Bitumen(Tar),Dry,Not Applicable,Fine,NH 207 Road,Anugonanahalli NVS School Near,1Km,12.990976,77.828982
Bengaluru Dist,Anugondanahalli PS,1.04422e+16,2019,1,2,Road Accidents,Curves,Rural Areas,Open area,Human Error,Yes,Grievous Injury,Hit and Run,Not Applicable,Curve,City or Town Road,Bitumen(Tar),Dry,Not Applicable,Fine,City town Road,ITI Collage Soukya Road,2,12.984202,77.830522
Bengaluru Dist,Anugondanahalli PS,1.04422e+16,2019,1,2,Road Accidents,Not Applicable,Rural Areas,Open area,Not Applicable,No,Fatal,Vehicle to Vehicle,Uncontrolled,Straight and flat,Others,Bitumen(Tar),Dry,No influence on accident,Fine,Dunnasandra to Kanekal road,Electiric tranceform,15,12.972845,77.819659
Bengaluru Dist,Anugondanahalli PS,1.04422e+16,2019,1,2,Road Accidents,Curves,City/Town,Near a factory industrial area,Human Error,Not Applicable,Grievous Injury,Head on,Not Applicable,Curve,City or Town Road,Bitumen(Tar),Dry,Not Applicable,Fine,City Town Road,ITI Collage Soukya Road,2,12.971935,77.816825
Bengaluru Dist,Anugondanahalli PS,1.04422e+16,2019,1,1,Road Accidents,Curves,Rural Areas,Near a factory industrial area,Human Error,Not Applicable,Grievous Injury,Hit pedestrian,Not Applicable,Curve,NH,Bitumen(Tar),Dry,Not Applicable,Fine,NH,Anugondanahalli,1.5,12.964828,77.817168
Bengaluru Dist,Anugondanahalli PS,1.04422e+16,2019,1,2,Road Accidents,Narrow road,Rural Areas,Near a factory industrial area,Human Error,Not Applicable,Simple Injury,Vehicle to Vehicle,Controlled,Curve,NH,Bitumen(Tar),Dry,Not Applicable,Fine,NH,Baguru Rice Mil,15,12.89799,77.83437
Bengaluru Dist,Anugondanahalli PS,1.04422e+16,2019,1,1,Road Accidents,Not Applicable,Rural Areas,Open area,Vehicle Defect,No,Grievous Injury,Vehicle to Vehicle,Uncontrolled,Others,Others,Not Applicable,Others,Not Applicable,Clear,kalkunte agrahar,curent fol,20,12.937176,77.840782
Bengaluru Dist,Anugondanahalli PS,1.04422e+16,2020,1,1,Road Accidents,Circle,Rural Areas,Open area,Not Applicable,Not Applicable,Fatal,Not Applicable,Not Applicable,Curve,Others,Not Applicable,Others,Not Applicable,Fine,Malur Road,Ganesha Temple,6 Km,12.978733,77.85774
Bengaluru Dist,Anugondanahalli PS,1.04422e+16,2020,1,2,Road Accidents,Not Applicable,Rural Areas,Open area,Not Applicable,No,Fatal,Not Applicable,Not Applicable,Not Applicable,NH,Not Applicable,Others,Not Applicable,Fine,NH-207(648) ROAD,towards East19Feat Baniyan tree,19ft,12.976556,77.817907
Bengaluru Dist,Anugondanahalli PS,1.04422e+16,2020,1,2,Road Accidents,Not Applicable,Rural Areas,Near Hospital,Not Applicable,Not Applicable,Grievous Injury,Vehicle to Vehicle,Uncontrolled,Others,Minor District Road,Surfaced,Dry,Not Applicable,Fine,Other Road,Doddadunnasandra Road,0.5km,12.976611,77.818289
Bengaluru Dist,Anugondanahalli PS,1.04422e+16,2020,1,2,Road Accidents,Not Applicable,Rural Areas,Residential area,Human Error,No,Simple Injury,Vehicle to Vehicle,Not Applicable,Straight and flat,Others,Surfaced,Dry,Not Applicable,Clear,Other Road,Byalahalli,5KM,12.939099,77.815406
Bengaluru Dist,Anugondanahalli PS,1.04422e+16,2020,1,2,Road Accidents,Cross roads,Rural Areas,Near School or College,Not Applicable,Not Applicable,Grievous Injury,Vehicle to Vehicle,Not Applicable,Not Applicable,Others,Surfaced,Dry,Not Applicable,Clear,Other Road,Muttukadalli,6km,12.929486,77.820486
Bengaluru Dist,Anugondanahalli PS,1.04422e+16,2020,1,1,Road Accidents,Not Applicable,Rural Areas,Open area,Vehicle Defect,Yes,Grievous Injury,Hit pedestrian,Uncontrolled,Others,Others,Not Applicable,Others,Not Applicable,Others,angondanhalli ps,CURRENT POLE,20,12.976545,77.8178939
Bengaluru Dist,Anugondanahalli PS,1.04422e+16,2020,1,2,Road Accidents,Curves,Rural Areas,Near a religious place,Not Applicable,No,Fatal,Vehicle to Vehicle,Uncontrolled,Others,NH,Bitumen(Tar),Dry,No influence on accident,Clear,NH-207,Near Anjaneya Temple,01 Km,12.957736,77.819668
Bengaluru Dist,Anugondanahalli PS,1.04422e+16,2020,1,2,Road Accidents,Curves,Rural Areas,Near School or College,Not Applicable,No,Grievous Injury,Vehicle to Vehicle,Uncontrolled,Curve,Minor District Road,Surfaced,Dry,Not Applicable,Fine,Other Road,Muthsandra Bellikere Road,7km,12.93753,77.793537
Bengaluru Dist,Anugondanahalli PS,1.04422e+16,2020,1,2,Road Accidents,Not Applicable,Rural Areas,In bazaar,Human Error,No,Grievous Injury,Vehicle to Vehicle,Uncontrolled,Straight and flat,NH,Surfaced,Dry,Not Applicable,Cloudy,NH 207 Road,Doddadunnasandra Cross,1km,12.97651,77.817941
Bengaluru Dist,Anugondanahalli PS,1.04422e+16,2020,1,1,Road Accidents,Offset,Rural Areas,Residential area,Vehicle Defect,No,Grievous Injury,Not Applicable,Uncontrolled,Straight and flat,NH,Surfaced,Dry,Not Applicable,Clear,Baguru village,Baguru Village Name Board,30,12.895494,77.844778
Bengaluru Dist,Anugondanahalli PS,1.04422e+16,2020,1,1,Not Applicable,Not Applicable,Rural Areas,Open area,Vehicle Defect,No,Grievous Injury,Not Applicable,Not Applicable,Others,Others,Not Applicable,Dry,Not Applicable,Others,bellikere village,CURRENT POLE,20,12.932533,77.797289
Bengaluru Dist,Anugondanahalli PS,1.04422e+16,2020,1,2,Road Accidents,Curves,Rural Areas,Near School or College,Human Error,No,Fatal,Vehicle to Vehicle,Uncontrolled,Slight Curve,NH,Bitumen(Tar),Dry,No influence on accident,Fine,Chikkatirupathi road,Electric pole for west,20feet,12.961917,77.771378
Bengaluru Dist,Anugondanahalli PS,1.04422e+16,2020,1,1,Road Accidents,Not Applicable,Rural Areas,Near School or College,Vehicle Defect,No,Grievous Injury,Vehicle to Vehicle,Uncontrolled,Others,NH,Not Applicable,Others,Not Applicable,Others,angondanhalli Village,Anugondanahalli  village ksvk scholl gate,20,12.957712,77.8197219
Bengaluru Dist,Anugondanahalli PS,1.04422e+16,2020,1,2,Road Accidents,Curves,Rural Areas,Near School or College,Not Applicable,No,Grievous Injury,Vehicle to Vehicle,Not Applicable,Curve,NH,Surfaced,Dry,Not Applicable,Clear,NH 207 Road,Anugondnahalli,1km,12.962729,77.816271
Bengaluru Dist,Anugondanahalli PS,1.04422e+16,2020,1,1,Road Accidents,Narrow road,Rural Areas,Open area,Not Applicable,No,Grievous Injury,Vehicle to Vehicle,No signal lights,Others,One way,Not Applicable,Dry,Not Applicable,Others,DevalapurRoad,sreedevi bar,30,12.976549,77.8291209
Bengaluru Dist,Anugondanahalli PS,1.04422e+16,2020,1,1,Road Accidents,Not Applicable,Rural Areas,Near Bus stop,Not Applicable,No,Damage Only,Vehicle to Vehicle,Uncontrolled,Others,NH,Not Applicable,Others,Not Applicable,Clear,medimallasandra bus stop near nh 207,curent fol,20,12.953704,77.828843
Bengaluru Dist,Anugondanahalli PS,1.04422e+16,2020,1,1,Not Applicable,Not Applicable,Rural Areas,Open area,Vehicle Defect,No,Grievous Injury,Vehicle to Vehicle,Uncontrolled,Others,Others,Not Applicable,Others,Not Applicable,Others,Obalapur cross,curent fol,40,12.968688,77.818156
Bengaluru Dist,Anugondanahalli PS,1.04422e+16,2020,1,1,Road Accidents,Not Applicable,Rural Areas,Open area,Vehicle Defect,No,Grievous Injury,Vehicle to Vehicle,Not Applicable,Others,Others,Not Applicable,Others,Not Applicable,Others,Baguru village,curent fol,25,12.885102,77.85239
Bengaluru Dist,Anugondanahalli PS,1.04422e+16,2020,1,1,Road Accidents,Cross roads,Rural Areas,Open area,Vehicle Defect,No,Simple Injury,Vehicle to Vehicle,Uncontrolled,Curve,NH,Not Applicable,Dry,Not Applicable,Others,doddadunnasandara cross,reddy arch,30,12.976529,77.817889
Bengaluru Dist,Anugondanahalli PS,1.04422e+16,2020,1,1,Road Accidents,Cross roads,Rural Areas,Open area,Vehicle Defect,No,Damage Only,Vehicle to Vehicle,Uncontrolled,Others,One way,Not Applicable,Dry,Not Applicable,Others,lingdeermallasandra village,RKB ITTIGE FACTORY,20,12.978165,77.8588899
Bengaluru Dist,Anugondanahalli PS,1.04422e+16,2020,1,2,Road Accidents,Curves,Rural Areas,Near School or College,Not Applicable,No,Grievous Injury,Vehicle to Vehicle,Not Applicable,Curve,NH,Surfaced,Dry,Not Applicable,Clear,NH 207 Road,Anugondanahalli,1KM,12.958229,77.818125
Bengaluru Dist,Anugondanahalli PS,1.04422e+16,2020,1,2,Road Accidents,Not Applicable,Rural Areas,Open area,Human Error,Yes,Fatal,Vehicle to Vehicle,Not at  Junction,Others,NH,Bitumen(Tar),Dry,No influence on accident,Fine,NH648,Electric Pole,40 ft,12.976556,77.817967
Bengaluru Dist,Anugondanahalli PS,1.04422e+16,2020,1,1,Road Accidents,Not Applicable,Rural Areas,Open area,Not Applicable,No,Grievous Injury,Hit pedestrian,Uncontrolled,Others,Others,Not Applicable,Others,Not Applicable,Others,Devalapur kanekal cross road,curent fol,40,12.983109,77.8284279
Bengaluru Dist,Anugondanahalli PS,1.04422e+16,2020,1,1,Rail Road Accidents,Not Applicable,Rural Areas,Open area,Vehicle Defect,No,Grievous Injury,Vehicle to Vehicle,Uncontrolled,Others,NH,Not Applicable,Others,Not Applicable,Others,doddadunnasandara village,Dunnsandra nh 207,20,12.976515,77.817952
Bengaluru Dist,Anugondanahalli PS,1.04422e+16,2020,1,2,Road Accidents,Curves,Rural Areas,Open area,Road Environment Defect,No,Grievous Injury,Vehicle to Vehicle,Uncontrolled,Curve,Others,Surfaced,Dry,Not Applicable,Clear,Other Road,D D sandra to Maluru Road near Lingadeer mallsandra,8,12.977773,77.856923
Bengaluru Dist,Anugondanahalli PS,1.04422e+16,2020,1,1,Not Applicable,Not Applicable,Rural Areas,Open area,Not Applicable,No,Damage Only,Vehicle to Vehicle,Uncontrolled,Not Applicable,Others,Not Applicable,Others,Not Applicable,Clear,muthakuru village,current pole,10,12.954467,77.805815
Bengaluru Dist,Anugondanahalli PS,1.04422e+16,2020,1,1,Road Accidents,Offset,Rural Areas,Open area,Vehicle Defect,No,Grievous Injury,Not Applicable,Uncontrolled,Others,Others,Not Applicable,Others,Not Applicable,Others,muthakuru-yadagondanhalli road,current pole,25,12.956219,77.809316
Bengaluru Dist,Anugondanahalli PS,1.04422e+16,2020,1,1,Road Accidents,Not Applicable,Rural Areas,Open area,Not Applicable,No,Grievous Injury,Vehicle to Vehicle,Uncontrolled,Not Applicable,One way,Not Applicable,Others,Not Applicable,Clear,devangundhi road,curent fol,20,12.976354,77.837477
Bengaluru Dist,Anugondanahalli PS,1.04422e+16,2020,1,1,Road Accidents,Narrow road,Rural Areas,Open area,Vehicle Defect,No,Grievous Injury,Vehicle to Vehicle,Uncontrolled,Others,Others,Not Applicable,Others,Not Applicable,Others,Dhosahalli village,curent fol,20,12.96869,77.8319709
Bengaluru Dist,Anugondanahalli PS,1.04422e+16,2020,1,1,Road Accidents,Not Applicable,Rural Areas,Open area,Vehicle Defect,Yes,Grievous Injury,Vehicle to Vehicle,Uncontrolled,Others,Others,Not Applicable,Others,Not Applicable,Others,Devalapur E cart near,curent fol,10,12.983239,77.828647
Bengaluru Dist,Anugondanahalli PS,1.04422e+16,2020,1,2,Road Accidents,Narrow road,Rural Areas,Residential area,Human Error,Not Applicable,Grievous Injury,Vehicle to Vehicle,Uncontrolled,Not Applicable,NH,Bitumen(Tar),Dry,Not Applicable,Fine,NH 207,NEAR KRISHNPPA SARVICE STATION,1,12.976035,77.818054
Bengaluru Dist,Anugondanahalli PS,1.04422e+16,2020,1,1,Road Accidents,Cross roads,Rural Areas,Open area,Not Applicable,Not Applicable,Fatal,Hit pedestrian,Uncontrolled,Others,NH,Bitumen(Tar),Dry,Not Applicable,Clear,NH-207,Near Cross,0.5 Km,12.976891,77.816487
Bengaluru Dist,Anugondanahalli PS,1.04422e+16,2021,1,1,Road Accidents,Not Applicable,Rural Areas,Open area,Not Applicable,No,Grievous Injury,Hit pedestrian,Not Applicable,Not Applicable,NH,Bitumen(Tar),Dry,Not Applicable,Fine,Nh,Harish building,1 km,12.97626,77.817926
Bengaluru Dist,Anugondanahalli PS,1.04422e+16,2021,1,2,Road Accidents,Curves,Rural Areas,Open area,Not Applicable,No,Grievous Injury,Vehicle to Vehicle,Uncontrolled,Curve,NH,Bitumen(Tar),Dry,Not Applicable,Fine,THIRUVARANGA CROSS,THIRUVARANGA BUDGE NEAR,10,12.896795,77.832777