DISTRICTNAME,UNITNAME,Crime_No,Year,RI,Noofvehicle_involved,Accident_Classification,Accident_Spot,Accident_Location,Accident_SubLocation,Main_Cause,Hit_Run,Severity,Collision_Type,Junction_Control,Road_Character,Road_Type,Surface_Type,Surface_Condition,Road_Condition,Weather,Accident_Road,Landmark_first,Distance_LandMark_First,Latitude,Longitude
Bengaluru Dist,Anugondanahalli PS,1.04422e+16,2021,1,2,Road Accidents,Curves,Rural Areas,Near a religious place,Human Error,No,Damage Only,Vehicle to Vehicle,Controlled,Curve,NH,Bitumen(Tar),Dry,Not Applicable,Fine,NH,anugondanahalli,1Km,12.960112,77.815301
Bengaluru Dist,Anugondanahalli PS,1.04422e+16,2021,1,2,Road Accidents,Narrow road,Rural Areas,Near a factory industrial area,Not Applicable,No,Grievous Injury,Vehicle to Vehicle,Uncontrolled,Not Applicable,Others,Bitumen(Tar),Dry,Not Applicable,Fine,1KM NORTH TO PS,NEAR E CORT COMPANY,1KM,0.0,0.0
Bengaluru Dist,Anugondanahalli PS,1.04422e+16,2021,1,1,Road Accidents,Narrow road,Rural Areas,Open area,Not Applicable,No,Damage Only,Not Applicable,Controlled,Incline,Two way,Kutcha,Dry,No influence on accident,Others,Tar road,Linadheera mallasandra,7 km,12.983473,77.8714389
Bengaluru Dist,Anugondanahalli PS,1.04422e+16,2021,1,2,Not Applicable,Not Applicable,Rural Areas,Open area,Not Applicable,No,Fatal,Not Applicable,Not Applicable,Not Applicable,Not Applicable,Not Applicable,Not Applicable,Not Applicable,Clear,Hosakote to Chikkatirupati,Near Arehalli Cross,4 Km,12.943018,77.836298
Bengaluru Dist,Anugondanahalli PS,1.04422e+16,2021,1,1,Road Accidents,Not Applicable,Rural Areas,Open area,Not Applicable,No,Grievous Injury,Not Applicable,Not Applicable,Curve,Two way,Kutcha,Dry,Not Applicable,Others,NH 207,Ag halli,2 km,12.958899,77.815967
Bengaluru Dist,Anugondanahalli PS,1.04422e+16,2021,1,1,Not Applicable,Narrow road,Rural Areas,Open area,Vehicle Defect,No,Grievous Injury,Vehicle to Vehicle,Uncontrolled,Slight Curve,Others,Not Applicable,Not Applicable,Not Applicable,Clear,D hosahalli road,curent fol,20,12.96876,77.831822
Bengaluru Dist,Anugondanahalli PS,1.04422e+16,2021,1,1,Road Accidents,Curves,Rural Areas,Near Bus stop,Not Applicable,No,Grievous Injury,Vehicle to Vehicle,Not at  Junction,Straight and flat,Others,Surfaced,Dry,Not Applicable,Snow,Muthsandra Bus Stop,Muthsandra Bus Stand,09 km,12.928892,77.793678
Bengaluru Dist,Anugondanahalli PS,1.04422e+16,2021,1,2,Road Accidents,Junction,Rural Areas,Near Hospital,Not Applicable,Not Applicable,Grievous Injury,Vehicle to Vehicle,Uncontrolled,Curve,NH,Bitumen(Tar),Dry,Not Applicable,Fine,N H,Baguru,12km,12.897814,77.8378859
Bengaluru Dist,Anugondanahalli PS,1.04422e+16,2021,1,2,Road Accidents,Circle,Rural Areas,Near School or College,Human Error,Yes,Grievous Injury,Vehicle to Vehicle,Controlled,Hump,Others,Bitumen(Tar),Dry,Not Applicable,Fine,Sub Road,Devalapura College,1Km,12.982456,77.828235
Bengaluru Dist,Anugondanahalli PS,1.04422e+16,2021,1,1,Road Accidents,Not Applicable,Rural Areas,Residential area,Human Error,No,Grievous Injury,Hit pedestrian,Give way sign,Others,NH,Bitumen(Tar),Dry,Not Applicable,Fine,NH,Dunnasandra Village,1,12.97623,77.813268
Bengaluru Dist,Anugondanahalli PS,1.04422e+16,2021,1,2,Road Accidents,Curves,Rural Areas,Near or inside a village,Human Error,No,Fatal,Vehicle to Vehicle,Not Applicable,Curve,NH,Bitumen(Tar),Dry,No influence on accident,Fine,NH-207,Kalkunte Village,300mts,12.93489,77.841492
Bengaluru Dist,Anugondanahalli PS,1.04422e+16,2021,1,1,Road Accidents,Cross roads,Rural Areas,Residential area,Not Applicable,Yes,Simple Injury,Hit pedestrian,Uncontrolled,Curve,Others,Concrete,Dry,Not Applicable,Fine,yadagondanahalli village road,near veeramma house,4km,0.0,0.0
Bengaluru Dist,Anugondanahalli PS,1.04422e+16,2021,1,2,Road Accidents,Cross roads,Rural Areas,Near Bus stop,Human Error,No,Simple Injury,Vehicle to Vehicle,Not Applicable,Curve,One way,Bitumen(Tar),Dry,Not Applicable,Clear,Rural Area,Ajagondanahalli,8km,12.959126,77.769129
Bengaluru Dist,Anugondanahalli PS,1.04422e+16,2021,1,2,Road Accidents,Cross roads,Rural Areas,Near a factory industrial area,Not Applicable,No,Fatal,Vehicle to Vehicle,Not Applicable,Curve,Major District Road,Bitumen(Tar),Dry,Not Applicable,Clear,devanagundi to maluru road,Chandregowda factary,20feet,12.983012,77.871271
Bengaluru Dist,Anugondanahalli PS,1.04422e+16,2021,1,1,Road Accidents,Circle,Rural Areas,Residential area,Human Error,Yes,Grievous Injury,Hit pedestrian,Controlled,Hump,Others,Bitumen(Tar),Dry,Not Applicable,Fine,other Road,Kanekal,01Km,12.98397,77.822268
Bengaluru Dist,Anugondanahalli PS,1.04422e+16,2021,1,2,Road Accidents,Curves,Rural Areas,Near Bus stop,Human Error,Not Applicable,Grievous Injury,Vehicle to Vehicle,Give way sign,Curve,One way,Bitumen(Tar),Dry,Not Applicable,Fine,Ajagondanahalli,Ajagonandanahalli,12km,12.959163,77.769175
Bengaluru Dist,Anugondanahalli PS,1.04422e+16,2021,1,2,Road Accidents,Not Applicable,Rural Areas,In bazaar,Not Applicable,No,Fatal,Not Applicable,Not Applicable,Others,Others,Bitumen(Tar),Not Applicable,Not Applicable,Fine,devangundi sante gate,girija mallaeshwar hotel opposit,20 ft,12.965689,77.841289
Bengaluru Dist,Anugondanahalli PS,1.04422e+16,2021,1,2,Road Accidents,Narrow road,Rural Areas,Near or inside a village,Not Applicable,No,Grievous Injury,Vehicle to Vehicle,Uncontrolled,Not Applicable,NH,Bitumen(Tar),Dry,Not Applicable,Clear,NH 648,NEAR NEW MEKALE,5,12.893562,77.849251
Bengaluru Dist,Anugondanahalli PS,1.04422e+16,2021,1,3,Road Accidents,Circle,Rural Areas,Near Bus stop,Human Error,Not Applicable,Grievous Injury,Vehicle to Vehicle,Give way sign,Curve,Minor District Road,Bitumen(Tar),Dry,Not Applicable,Fine,Tq Road,Near Devanagundi Cross,1Km,12.972878,77.829749
Bengaluru Dist,Anugondanahalli PS,1.04422e+16,2021,1,2,Road Accidents,Narrow road,Rural Areas,Near School or College,Human Error,No,Grievous Injury,Vehicle to Vehicle,Controlled,Curve,NH,Bitumen(Tar),Dry,Not Applicable,Fine,NH,Baguru,15Km,12.89838,77.83696
Bengaluru Dist,Anugondanahalli PS,1.04422e+16,2021,1,1,Not Applicable,Cross roads,Rural Areas,Open area,Not Applicable,No,Simple Injury,Not Applicable,Not Applicable,Not Applicable,Not Applicable,Kutcha,Dry,Not Applicable,Others,tar,kanekal cross,1km,12.983102,77.8287769
Bengaluru Dist,Anugondanahalli PS,1.04422e+16,2021,1,2,Road Accidents,Curves,Rural Areas,Open area,Human Error,Not Applicable,Grievous Injury,Vehicle to Vehicle,Controlled,Curve,Others,Bitumen(Tar),Dry,Not Applicable,Fine,other Road,D Hosahalli,1Km,12.973851,77.829732
Bengaluru Dist,Anugondanahalli PS,1.04422e+16,2021,1,2,Road Accidents,Circle,Rural Areas,Near Bus stop,Human Error,Yes,Grievous Injury,Vehicle to Vehicle,Controlled,Others,NH,Bitumen(Tar),Dry,Not Applicable,Fine,NH,Baguru,15Km,12.897325,77.839642
Bengaluru Dist,Anugondanahalli PS,1.04422e+16,2021,1,2,Road Accidents,Not Applicable,Rural Areas,Near Bus stop,Not Applicable,Not Applicable,Fatal,Not Applicable,Not Applicable,Others,NH,Not Applicable,Dry,Not Applicable,Clear,NH-648,Near RS Chicken Centre,1Km,12.976537,77.817926
Bengaluru Dist,Anugondanahalli PS,1.04422e+16,2021,1,1,Road Accidents,Not Applicable,Rural Areas,Open area,Not Applicable,No,Damage Only,Not Applicable,Controlled,Not Applicable,Others,Kutcha,Dry,No influence on accident,Others,NH207,Near mutkuru cross road,0.5 Km,12.976122,77.814691
Bengaluru Dist,Anugondanahalli PS,1.04422e+16,2021,1,2,Road Accidents,Junction,Rural Areas,In bazaar,Human Error,Not Applicable,Grievous Injury,Vehicle to Vehicle,Controlled,Others,NH,Bitumen(Tar),Dry,Not Applicable,Fine,NH,Dunnasandra Cross,1Km,12.976424,77.816
Bengaluru Dist,Anugondanahalli PS,1.04422e+16,2021,1,1,Road Accidents,Not Applicable,Rural Areas,Open area,Not Applicable,No,Fatal,Hit pedestrian,No signal lights,Others,Minor District Road,Bitumen(Tar),Dry,Not Applicable,Clear,D hosahalli - Lingdhiramallasandra Road,D hosahalli lake AG Halli Hobli Hoskote tq,20,12.974596,77.824997
Bengaluru Dist,Anugondanahalli PS,1.04422e+16,2021,1,1,Not Applicable,Not Applicable,Rural Areas,Open area,Not Applicable,Not Applicable,Fatal,Vehicle to Vehicle,Not Applicable,Others,State Highway,Not Applicable,Others,Not Applicable,Clear,NH-648,Near Muneshwara Temple,1 KM,12.958598,77.817271
Bengaluru Dist,Anugondanahalli PS,1.04422e+16,2021,1,2,Road Accidents,Circle,Rural Areas,Near Bus stop,Human Error,No,Grievous Injury,Vehicle to Vehicle,Give way sign,Not Applicable,Minor District Road,Bitumen(Tar),Dry,Not Applicable,Clear,Sub Road,Dunnasandra D hosahalli Road,1,12.976802,77.816601
Bengaluru Dist,Anugondanahalli PS,1.04422e+16,2021,1,2,Road Accidents,Narrow road,Rural Areas,Open area,Human Error,Not Applicable,Grievous Injury,Vehicle to Vehicle,Give way sign,Curve,NH,Bitumen(Tar),Dry,Not Applicable,Fine,NH 207,Near Service Station Dunnasandra,5,12.97115,77.819005
Bengaluru Dist,Anugondanahalli PS,1.04422e+16,2022,1,1,Road Accidents,Not Applicable,Rural Areas,Near or inside a village,Not Applicable,No,Fatal,Hit pedestrian,Not Applicable,Others,Minor District Road,Bitumen(Tar),Dry,Not Applicable,Others,Handenahalli to Lakkuru Road,Handenahalli Village Arali katte,5km,12.958999,77.8470229
Bengaluru Dist,Anugondanahalli PS,1.04422e+16,2022,1,1,Road Accidents,Not Applicable,Rural Areas,In bazaar,Human Error,Yes,Grievous Injury,Hit pedestrian,Give way sign,Others,Others,Bitumen(Tar),Dry,Not Applicable,Fine,other Road,DP Hotel,1,12.977536,77.820574
Bengaluru Dist,Anugondanahalli PS,1.04422e+16,2022,1,2,Road Accidents,Narrow road,Rural Areas,Residential area,Not Applicable,No,Grievous Injury,Vehicle to Vehicle,Uncontrolled,Not Applicable,Residential Street,Bitumen(Tar),Dry,Not Applicable,Clear,GUNDURU VILLAGE,NEAR NIJOCART MART,10KM,12.892481,77.850485
Bengaluru Dist,Anugondanahalli PS,1.04422e+16,2022,1,2,Road Accidents,Curves,Rural Areas,Open area,Human Error,No,Grievous Injury,Vehicle to Vehicle,Controlled,Curve,NH,Bitumen(Tar),Dry,Not Applicable,Fine,NH,Baguru,14KM,12.897217,77.840141
Bengaluru Dist,Anugondanahalli PS,1.04422e+16,2022,1,2,Road Accidents,Curves,Rural Areas,Open area,Human Error,No,Grievous Injury,Vehicle to Vehicle,Not Applicable,Curve,NH,Bitumen(Tar),Ditch or Potholed,Not Applicable,Fine,NH,Ganagaluru Circle,15,12.940395,77.837795
Bengaluru Dist,Anugondanahalli PS,1.04422e+16,2022,1,2,Road Accidents,Narrow road,Rural Areas,Near Petrol Pump,Not Applicable,No,Damage Only,Vehicle to Vehicle,Not Applicable,Not Applicable,NH,Bitumen(Tar),Not Applicable,Not Applicable,Fine,NH-648,NEAR BHARATH PETROL BUNK,3KM,0.0,0.0
Bengaluru Dist,Anugondanahalli PS,1.04422e+16,2022,1,2,Road Accidents,Narrow road,Rural Areas,Near or inside a village,Not Applicable,No,Grievous Injury,Vehicle to Vehicle,Controlled,Others,NH,Bitumen(Tar),Dry,Not Applicable,Fine,DODDADUNNASANDRA TO CHIKKATHIRUPATHI NH-648,NEAR MEDIMALLASANDRA VILLAGE,4KM,12.953764,77.828799
Bengaluru Dist,Anugondanahalli PS,1.04422e+16,2022,1,1,Not Applicable,Narrow road,Rural Areas,Near Hospital,Not Applicable,No,Fatal,Not Applicable,Not Applicable,Not Applicable,NH,Kutcha,Dry,No influence on accident,Others,NH 648,AG HALLY,3 KM,12.958192,77.818101
Bengaluru Dist,Anugondanahalli PS,1.04422e+16,2022,1,1,Road Accidents,Narrow road,Rural Areas,Near Petrol Pump,Not Applicable,No,Grievous Injury,Hit pedestrian,Controlled,Not Applicable,Others,Bitumen(Tar),Dry,Not Applicable,Others,DEVALAPURA ROAD,NEAR MUNIRAJU PETROL BUNK,2KM,0.0,0.0
Bengaluru Dist,Anugondanahalli PS,1.04422e+16,2022,1,2,Road Accidents,Not Applicable,Rural Areas,Near office complex,Not Applicable,No,Fatal,Vehicle to Vehicle,Not Applicable,Others,NH,Bitumen(Tar),Dry,Not Applicable,Others,NH,New Panchayath Office opposite NH 648,30feet,12.98051,77.823805
Bengaluru Dist,Anugondanahalli PS,1.04422e+16,2022,1,1,Road Accidents,Narrow road,Rural Areas,Near Petrol Pump,Not Applicable,No,Grievous Injury,Hit pedestrian,Not Applicable,Not Applicable,Residential Street,Bitumen(Tar),Dry,Not Applicable,Clear,DEVALAPURA ROAD,NEAR DEVALAPURA PETROL BUNK,2KM,0.0,0.0
Bengaluru Dist,Anugondanahalli PS,1.04422e+16,2022,1,2,Road Accidents,Narrow road,Rural Areas,Open area,Not Applicable,No,Grievous Injury,Vehicle to Vehicle,Controlled,Not Applicable,Others,Bitumen(Tar),Not Applicable,Not Applicable,Fine,MUTKURU- BELLIKERE ROAD,NEAR MUTKUR DAMODHAR NAGAR,4KM,0.0,0.0
Bengaluru Dist,Anugondanahalli PS,1.04422e+16,2022,1,2,Road Accidents,Junction,Rural Areas,Near Bus stop,Human Error,No,Damage Only,Vehicle to Vehicle,Controlled,Curve,NH,Bitumen(Tar),Dry,Not Applicable,Fine,NH,Baguru,12Km,0.0,0.0
Bengaluru Dist,Anugondanahalli PS,1.04422e+16,2022,1,2,Road Accidents,Narrow road,Rural Areas,Near Petrol Pump,Not Applicable,No,Grievous Injury,Vehicle to Vehicle,Controlled,Sharp Curve,NH,Bitumen(Tar),Dry,Not Applicable,Fine,NH 648,NEAR BHARATH PETROL BUNK,1.5,12.89411,77.826121
Bengaluru Dist,Anugondanahalli PS,1.04422e+16,2022,1,2,Not Applicable,Road hump or Rumble strips,Rural Areas,Residential area,Human Error,No,Grievous Injury,Vehicle to Vehicle,Uncontrolled,Others,Minor District Road,Bitumen(Tar),Others,Not Applicable,Others,Ajagondanahalli ROAD,Ajagonandanahalli,12km,12.95858,77.768676
Bengaluru Dist,Anugondanahalli PS,1.04422e+16,2022,1,2,Road Accidents,Narrow road,Rural Areas,Open area,Not Applicable,No,Simple Injury,Vehicle to Vehicle,Uncontrolled,Others,Others,Bitumen(Tar),Others,Not Applicable,Fine,MEDAHALLI TO MEDAHALLI COLONY ROAD,NEAR CEMENT ITTIGE FACTORY,4KM,12.978216,77.858673
Bengaluru Dist,Anugondanahalli PS,1.04422e+16,2022,1,2,Road Accidents,Narrow road,Rural Areas,Near or inside a village,Not Applicable,Yes,Grievous Injury,Vehicle to Vehicle,Not Applicable,Not Applicable,Others,Bitumen(Tar),Dry,Not Applicable,Fine,THIRUVARANGA TO TATANUR ROAD,NEAR GAS PLANT,10KM,12.909659,77.82572
Bengaluru Dist,Anugondanahalli PS,1.04422e+16,2022,1,2,Road Accidents,Curves,Rural Areas,Near Bus stop,Human Error,No,Grievous Injury,Vehicle to Vehicle,Controlled,Curve,NH,Bitumen(Tar),Dry,Not Applicable,Fine,NH,Obalapura Bus Stop,2km,12.95551,77.825669
Bengaluru Dist,Anugondanahalli PS,1.04422e+16,2022,1,1,Road Accidents,Curves,Rural Areas,Open area,Not Applicable,Not Applicable,Fatal,Not Applicable,Uncontrolled,Others,Residential Street,Not Applicable,Not Applicable,Not Applicable,Fine,AJGONDANAHALLI TO IMMADIHALLI ROAD,NEAR ELECTRICAL POOL,5,12.961937,77.770879
Bengaluru Dist,Anugondanahalli PS,1.04422e+16,2022,1,2,Road Accidents,Curves,Rural Areas,Near School or College,Not Applicable,No,Simple Injury,Vehicle to Vehicle,Controlled,Curve,NH,Bitumen(Tar),Dry,Not Applicable,Fine,NH-648,NEAR GOVT SCHOOL DUNNASANDRA VILLAGE,0.5 KM,12.976821,77.816477
Bengaluru Dist,Anugondanahalli PS,1.04422e+16,2022,1,2,Road Accidents,Narrow road,Rural Areas,Open area,Not Applicable,Yes,Grievous Injury,Vehicle to Vehicle,Controlled,Others,Others,Bitumen(Tar),Dry,Not Applicable,Fine,MALUR ROAD,NEAR DEVANAGONDI SANTEBEEDI,3KM,12.965844,77.839299
Bengaluru Dist,Anugondanahalli PS,1.04422e+16,2022,1,1,Not Applicable,Curves,Rural Areas,Open area,Not Applicable,No,Fatal,Not Applicable,Not Applicable,Incline,Others,Kutcha,Others,No influence on accident,Not Applicable,nh,Near Anjaneya temple,Baguru,12.897301,77.839029
Bengaluru Dist,Anugondanahalli PS,1.04422e+16,2022,1,2,Road Accidents,Narrow road,Rural Areas,Open area,Not Applicable,No,Grievous Injury,Vehicle to Vehicle,Uncontrolled,Not Applicable,Minor District Road,Bitumen(Tar),Dry,Not Applicable,Fine,D HOSAHALLI TO MALUR ROAD,NAER MEDAHALLI DINNE,5KM,0.0,0.0
Bengaluru Dist,Anugondanahalli PS,1.04422e+16,2022,1,2,Road Accidents,Curves,Rural Areas,Near Bus stop,Not Applicable,No,Grievous Injury,Vehicle to Vehicle,Uncontrolled,Curve,NH,Bitumen(Tar),Dry,Not Applicable,Clear,NH 648,NEAR,4KM,12.956273,77.824147
Bengaluru Dist,Anugondanahalli PS,1.04422e+16,2022,1,2,Road Accidents,Narrow road,Rural Areas,Residential area,Not Applicable,No,Grievous Injury,Vehicle to Vehicle,Controlled,Not Applicable,Others,Bitumen(Tar),Not Applicable,Not Applicable,Fine,BELLIKERE ROAD,RAMASWAMYPALYA,4,0.0,0.0
Bengaluru Dist,Anugondanahalli PS,1.04422e+16,2022,1,2,Road Accidents,Curves,Rural Areas,Open area,Not Applicable,Yes,Grievous Injury,Vehicle to Vehicle,Controlled,Curve,NH,Bitumen(Tar),Dry,Not Applicable,Fine,CHIKKATHIRUPATHI- SARJAPURA ROAD,NEAR THIRUVARANGA CROSS,12,12.898963,77.835357
Bengaluru Dist,Anugondanahalli PS,1.04422e+16,2022,1,2,Road Accidents,Curves,Rural Areas,Open area,Not Applicable,No,Grievous Injury,Vehicle to Vehicle,Not Applicable,Curve,NH,Bitumen(Tar),Dry,Not Applicable,Clear,CHIKKATHIRUPATHI- SARJAPURA ROAD,NEAR GANAGALURU CROSS,10KM,12.873445,77.811677
Bengaluru Dist,Anugondanahalli PS,1.04422e+16,2022,1,1,Road Accidents,Curves,Rural Areas,Open area,Not Applicable,Not Applicable,Damage Only,Not Applicable,Controlled,Curve,Others,Bitumen(Tar),Dry,Not Applicable,Fine,MUTHSANDRA TO VARTUR ROAD,NEAR MUTHSANDRA VILLAGE,7,12.938487,77.785815
Bengaluru Dist,Anugondanahalli PS,1.04422e+16,2023,1,2,Road Accidents,Curves,Rural Areas,Open area,Human Error,No,Grievous Injury,Vehicle to Vehicle,Not at  Junction,Others,Others,Bitumen(Tar),Others,Not Applicable,Fog / Mist,THIRUVARANGA TO MUGALUR ROAD,TIRUVARANGA CROSS,0.5 KM,0.0,0.0
Bengaluru Dist,Anugondanahalli PS,1.04422e+16,2023,1,1,Road Accidents,Narrow road,Rural Areas,Open area,Not Applicable,No,Simple Injury,Not Applicable,Not at  Junction,Others,NH,Not Applicable,Dry,No influence on accident,Not Applicable,nh,petrol bunk,3 km,0.0,0.0
Bengaluru Dist,Anugondanahalli PS,1.04422e+16,2023,1,1,Road Accidents,Narrow road,Rural Areas,Open area,Not Applicable,No,Fatal,Not Applicable,Not Applicable,Not Applicable,Others,Kutcha,Dry,Not Applicable,Clear,Narrow,Maranagere,10 km,12.890046,77.851327
Bengaluru Dist,Anugondanahalli PS,1.04422e+16,2023,1,2,Road Accidents,Not Applicable,Rural Areas,Residential area,Human Error,No,Grievous Injury,Vehicle to Vehicle,Not at  Junction,Not Applicable,NH,Bitumen(Tar),Others,Not Applicable,Others,NH 648,NEAR MEDIMALLASANDRA BUS STOP,0.2 km,12.953282,77.829608
Bengaluru Dist,Anugondanahalli PS,1.04422e+16,2023,1,2,Road Accidents,Not Applicable,Rural Areas,Near office complex,Human Error,No,Fatal,Vehicle to Vehicle,Uncontrolled,Not Applicable,NH,Bitumen(Tar),Dry,Pot holed,Fine,Hosakote Chikkatirupati road,mart,100ft,12.973008,77.81962
Bengaluru Dist,Anugondanahalli PS,1.04422e+16,2023,1,2,Road Accidents,Not Applicable,Rural Areas,Open area,Human Error,Yes,Grievous Injury,Vehicle to Vehicle,Uncontrolled,Curve,NH,Bitumen(Tar),Dry,Pot holed,Clear,NH 648 NEAR THIRUVARANGA GATE,NEAR BUS STOP,100 MT,12.895909,77.8287
Bengaluru Dist,Anugondanahalli PS,1.04422e+16,2023,1,2,Road Accidents,Not Applicable,Rural Areas,Residential area,Not Applicable,No,Fatal,Vehicle to Vehicle,Controlled,Straight and flat,NH,Bitumen(Tar),Dry,No influence on accident,Cloudy,NH,Near Corrent Pole,4KM,12.950392,77.83147
Bengaluru Dist,Anugondanahalli PS,1.04422e+16,2023,1,2,Road Accidents,Curves,Rural Areas,Open area,Not Applicable,Not Applicable,Damage Only,Vehicle to Vehicle,Controlled,Curve,Others,Bitumen(Tar),Dry,Not Applicable,Fine,SARJAPURA TO BELLIKERE ROAD,NEAR CLASI WTER POINT,8KM,0.0,0.0
Bengaluru Dist,Anugondanahalli PS,1.04422e+16,2023,1,2,Road Accidents,Not Applicable,Rural Areas,Residential area,Human Error,Yes,Grievous Injury,Vehicle to Vehicle,Not at  Junction,Straight and flat,Others,Bitumen(Tar),Dry,Not Applicable,Fine,Soukya road,Near Shaneshwara temple,0.1km,12.973462,77.829321
Bengaluru Dist,Anugondanahalli PS,1.04422e+16,2023,1,1,Road Accidents,Not Applicable,Rural Areas,Residential area,Not Applicable,No,Grievous Injury,Not Applicable,Uncontrolled,Not Applicable,NH,Bitumen(Tar),Not Applicable,Not Applicable,Fine,NH-648,Near Bagur Bustand,0.5 KM,0.0,0.0
Bengaluru Dist,Anugondanahalli PS,1.04422e+16,2023,1,2,Road Accidents,Cross roads,Rural Areas,Open area,Human Error,No,Grievous Injury,Vehicle to Vehicle,Controlled,Curve,Others,Bitumen(Tar),Dry,No influence on accident,Clear,Other Road,Near Anjaney Temple,05 Km,12.958891,77.847099
Bengaluru Dist,Anugondanahalli PS,1.04422e+16,2023,1,1,Road Accidents,Not Applicable,Rural Areas,Residential area,Human Error,No,Grievous Injury,Not Applicable,Uncontrolled,Not Applicable,NH,Bitumen(Tar),Dry,Not Applicable,Clear,NH 648,NEAR MEDIMALLASANDRA VILLAGE,0.5 KM,12.949844,77.861695
Bengaluru Dist,Anugondanahalli PS,1.04422e+16,2023,1,1,Not Applicable,Not Applicable,Rural Areas,Near Bus stop,Human Error,No,Fatal,Hit pedestrian,Not at  Junction,Others,Minor District Road,Bitumen(Tar),Dry,Not Applicable,Others,Whitefield to Malur Road,Near Doddadunnasandra Lake,0.1km,12.974603,77.825387
Bengaluru Dist,Anugondanahalli PS,1.04422e+16,2023,1,1,Road Accidents,Not Applicable,Rural Areas,Near a factory industrial area,Human Error,No,Grievous Injury,Hit pedestrian,Controlled,Not Applicable,Feeder Road,Bitumen(Tar),Dry,Not Applicable,Clear,Lifestylewearhouse,Maingate,100mtr,12.965389,77.823028
Bengaluru Dist,Anugondanahalli PS,1.04422e+16,2023,1,2,Not Applicable,Curves,Rural Areas,Near School or College,Human Error,No,Grievous Injury,Vehicle to Vehicle,Controlled,Curve,NH,Bitumen(Tar),Others,Not Applicable,Clear,NH 648,Govt Hospital Anugondanahalli,0.2 km,12.959118,77.815305
Bengaluru Dist,Anugondanahalli PS,1.04422e+16,2023,1,2,Road Accidents,Curves,Rural Areas,Residential area,Human Error,Not Applicable,Damage Only,Vehicle to Vehicle,Uncontrolled,Sharp Curve,Major District Road,Bitumen(Tar),Dry,Pot holed,Clear,Malur-Dunnasandra road,Near  temple,50mtr,12.96549,77.843513
Bengaluru Dist,Anugondanahalli PS,1.04422e+16,2023,1,2,Road Accidents,Circle,Rural Areas,In bazaar,Not Applicable,No,Fatal,Vehicle to Vehicle,Uncontrolled,Hump,Others,Bitumen(Tar),Dry,Not Applicable,Clear,Other Road,Nea Bekary,2Km,12.976183,77.821208
Bengaluru Dist,Anugondanahalli PS,1.04422e+16,2023,1,1,Road Accidents,Narrow road,Rural Areas,Open area,Human Error,No,Grievous Injury,Hit pedestrian,Uncontrolled,Straight and flat,Minor District Road,Bitumen(Tar),Dry,Not Applicable,Clear,Belikere Mutsandra  road,Near  village,500mtr,12.938042,77.789177
Bengaluru Dist,Anugondanahalli PS,1.04422e+16,2023,1,1,Not Applicable,Junction,Rural Areas,Near office complex,Not Applicable,No,Grievous Injury,Not Applicable,Uncontrolled,Others,Others,Bitumen(Tar),Dry,Not Applicable,Clear,Other Road,Near Medical Shop,2Km,12.976099,77.819898
Bengaluru Dist,Anugondanahalli PS,1.04422e+16,2023,1,2,Road Accidents,Curves,Rural Areas,Open area,Not Applicable,No,Simple Injury,Vehicle to Vehicle,Controlled,Others,Others,Bitumen(Tar),Dry,Not Applicable,Clear,other Road,Neal Clinik,06 Km,12.955893,77.8068539
Bengaluru Dist,Anugondanahalli PS,1.04422e+16,2023,1,2,Road Accidents,Cross roads,Rural Areas,Open area,Not Applicable,No,Grievous Injury,Vehicle to Vehicle,Uncontrolled,Others,Others,Bitumen(Tar),Dry,Not Applicable,Clear,other Road,Near Lingaderamallasandra,05Km,12.979638,77.869906
Bengaluru Dist,Anugondanahalli PS,1.04422e+16,2023,1,1,Not Applicable,Offset,Rural Areas,Near School or College,Human Error,No,Not Applicable,Not Applicable,Uncontrolled,Curve,NH,Bitumen(Tar),Others,Not Applicable,Not Applicable,NH 648,Near Govt Hospital Anugondanahalli village,0.2km,0.0,0.0
Bengaluru Dist,Anugondanahalli PS,1.04422e+16,2023,1,1,Road Accidents,Not Applicable,Rural Areas,Near a factory industrial area,Human Error,No,Grievous Injury,Not Applicable,Not Applicable,Straight and flat,Minor District Road,Bitumen(Tar),Dry,Not Applicable,Fine,Whitefield to Malur Road,Near Mungappa Land,0.1km,12.976642,77.856294
Bengaluru Dist,Anugondanahalli PS,1.04422e+16,2023,1,2,Road Accidents,Circle,Rural Areas,Open area,Not Applicable,No,Damage Only,Vehicle to Vehicle,Uncontrolled,Others,NH,Bitumen(Tar),Others,Not Applicable,Clear,NH,Near Ganagaluru Cross,15 Km,12.928553,77.848055
Bengaluru Dist,Anugondanahalli PS,1.04422e+16,2023,1,2,Road Accidents,Cross roads,Rural Areas,Open area,Not Applicable,Yes,Simple Injury,Vehicle to Vehicle,Not at  Junction,Curve,NH,Bitumen(Tar),Dry,Not Applicable,Clear,NH,Near Anugondanahalli PHC,04 Km,12.958093,77.8144349
Bengaluru Dist,Anugondanahalli PS,1.04422e+16,2023,1,1,Road Accidents,Not Applicable,Rural Areas,Open area,Human Error,No,Fatal,Not Applicable,Uncontrolled,Incline,One way,Bitumen(Tar),Dry,No influence on accident,Clear,Doddadunnasandra Anugondanahalli Road,Near Garage,50  ft,12.964224,77.817569
Bengaluru Dist,Anugondanahalli PS,1.04422e+16,2023,1,2,Road Accidents,Narrow road,Rural Areas,Near School or College,Not Applicable,No,Grievous Injury,Vehicle to Vehicle,Uncontrolled,Incline,NH,Bitumen(Tar),Dry,Pot holed,Clear,NH,Infront Of KSVK School,3,12.961566,77.815563
Bengaluru Dist,Anugondanahalli PS,1.04422e+16,2023,1,1,Road Accidents,Narrow road,Rural Areas,Open area,Not Applicable,No,Fatal,Not Applicable,Not Applicable,Others,Others,Kutcha,Dry,Not Applicable,Others,cucha,Tattanuru,10 km,12.928553,77.76856