DISTRICTNAME,UNITNAME,Crime_No,Year,RI,Noofvehicle_involved,Accident_Classification,Accident_Spot,Accident_Location,Accident_SubLocation,Main_Cause,Hit_Run,Severity,Collision_Type,Junction_Control,Road_Character,Road_Type,Surface_Type,Surface_Condition,Road_Condition,Weather,Accident_Road,Landmark_first,Distance_LandMark_First,Latitude,Longitude
Bengaluru Dist,Anugondanahalli PS,1.04422e+16,2023,1,2,Not Applicable,Not Applicable,Rural Areas,Near Bus stop,Human Error,No,Grievous Injury,Vehicle to Vehicle,Not at  Junction,Others,Minor District Road,Bitumen(Tar),Dry,Not Applicable,Others,Ganagalur To Maranagere Road,NEAR GANAGALURU CROSS,0.5 KM,0.0,0.0
Bengaluru Dist,Anugondanahalli PS,1.04422e+16,2023,1,1,Road Accidents,Curves,Rural Areas,Open area,Not Applicable,Not Applicable,Grievous Injury,Not Applicable,Controlled,Curve,Others,Kutcha,Dry,Not Applicable,Fog / Mist,KOTURU ROAD,NEAR DOCTOR NAGARAJ LAND,8KM,12.976472,77.816997
Bengaluru Dist,Anugondanahalli PS,1.04422e+16,2023,1,1,Road Accidents,Narrow road,Rural Areas,Near School or College,Not Applicable,No,Fatal,Hit pedestrian,Controlled,Not Applicable,Others,Kutcha,Dry,Not Applicable,Fine,VALEPURA TO VARTUR ROAD,NEAR PRATHAM SCHOOL,10KM,12.974314,77.839003
Bengaluru Dist,Anugondanahalli PS,1.04422e+16,2023,1,1,Not Applicable,Offset,Rural Areas,Open area,Human Error,No,Grievous Injury,Not Applicable,Uncontrolled,Others,Minor District Road,Bitumen(Tar),Dry,Not Applicable,Others,Anugondanahalli - Mutkuru road,Mutkuru Village,1km,0.0,0.0
Bengaluru Dist,Anugondanahalli PS,1.04422e+16,2023,1,1,Road Accidents,Not Applicable,Rural Areas,Open area,Human Error,No,Fatal,Not Applicable,Uncontrolled,Not Applicable,Two way,Bitumen(Tar),Dry,Not Applicable,Clear,Ajagondanahalli Harohalli road,Near bar,50mtr,12.89416,77.85229
Bengaluru Dist,Attibele PS,1.04421e+16,2016,1,1,Road Accidents,Other,City/Town,Near Bus stop,Human Error,No,Grievous Injury,Others,Not Applicable,Others,NH,Bitumen(Tar),Others,Not Applicable,Others,HOSUR BANGALORE NH7 ROAD,NEAR NERALUR BUS STOP,5,0.0,0.0
Bengaluru Dist,Attibele PS,1.04421e+16,2016,1,1,Road Accidents,Other,City/Town,Open area,Human Error,No,Grievous Injury,Others,Not Applicable,Others,NH,Bitumen(Tar),Others,Not Applicable,Others,NH7 BANGALORE HOSUR MAIN ROAD,NERALUR GATE,5,0.0,0.0
Bengaluru Dist,Attibele PS,1.04421e+16,2016,1,2,Road Accidents,Other,City/Town,Open area,Human Error,No,Simple Injury,Others,Not Applicable,Others,NH,Bitumen(Tar),Others,Not Applicable,Others,HOSUR BANGALORE NH7 ROAD,NEAR ATTIBELE BORDER,1,0.0,0.0
Bengaluru Dist,Attibele PS,1.04421e+16,2016,1,2,Road Accidents,Other,City/Town,Open area,Human Error,No,Damage Only,Others,Not Applicable,Others,NH,Bitumen(Tar),Others,Not Applicable,Others,HOSUR BANGALORE MAIN ROAD,NEAR YADAVANAHALLI GATE,2,0.0,0.0
Bengaluru Dist,Attibele PS,1.04421e+16,2016,1,3,Road Accidents,Other,City/Town,Open area,Human Error,No,Damage Only,Others,Not Applicable,Others,NH,Bitumen(Tar),Others,Not Applicable,Others,NH7 HOSUR BANGALORE ROAD,NEAR GUDDAHATTI GATE,2,0.0,0.0
Bengaluru Dist,Attibele PS,1.04421e+16,2016,1,2,Road Accidents,Other,City/Town,Open area,Human Error,No,Simple Injury,Others,Not Applicable,Others,NH,Bitumen(Tar),Others,Not Applicable,Others,NH7 BANGALORE HOSUR MAIN ROAD,NEAR ATTIBELE BORDER,1,0.0,0.0
Bengaluru Dist,Attibele PS,1.04421e+16,2016,1,2,Road Accidents,Other,City/Town,Open area,Human Error,No,Damage Only,Others,Not Applicable,Others,NH,Bitumen(Tar),Others,Not Applicable,Others,HOSUR BANGALORE NH7 ROAD,NEAR BALAGARANAHALLI GATE GUDDAHATTI,3,0.0,0.0
Bengaluru Dist,Attibele PS,1.04421e+16,2016,1,1,Road Accidents,Other,City/Town,Open area,Human Error,No,Simple Injury,Others,Not Applicable,Others,NH,Bitumen(Tar),Others,Not Applicable,Others,"ANEKAL TALUK, ATTIBELE CIRCLE",INFRONT OF G S MESS HOTEL,01-Feb,0.0,0.0
Bengaluru Dist,Attibele PS,1.04421e+16,2016,1,1,Road Accidents,Other,City/Town,Open area,Human Error,No,Grievous Injury,Others,Not Applicable,Others,NH,Bitumen(Tar),Others,Not Applicable,Others,HOSUR BNGALORE ROAD,NEAR LA CLASSIC HOTEL,1,0.0,0.0
Bengaluru Dist,Attibele PS,1.04421e+16,2016,1,2,Road Accidents,Other,City/Town,Open area,Human Error,No,Simple Injury,Others,Not Applicable,Others,NH,Bitumen(Tar),Others,Not Applicable,Others,HOSUR BANGALORE NH7 ROAD,LA CLASSIC HOTEL,1,0.0,0.0
Bengaluru Dist,Attibele PS,1.04421e+16,2016,1,2,Road Accidents,Not Applicable,Rural Areas,Open area,Not Applicable,No,Grievous Injury,Not Applicable,Not Applicable,Not Applicable,Others,Kutcha,Not Applicable,Not Applicable,Others,SRILAKSHMI KALYANA MANTAPA,ATTIBELE TOWN,1 KM,0.0,0.0
Bengaluru Dist,Attibele PS,1.04421e+16,2016,1,2,Road Accidents,Other,City/Town,Near office complex,Human Error,No,Simple Injury,Others,Not Applicable,Others,NH,Bitumen(Tar),Others,Not Applicable,Others,NH7 HOSUR BANGALORE ROAD,NEAR ATTIBELE TOLL OFFICE,1,0.0,0.0
Bengaluru Dist,Attibele PS,1.04421e+16,2016,1,2,Road Accidents,Other,City/Town,Open area,Human Error,Not Applicable,Grievous Injury,Others,Not Applicable,Others,NH,Bitumen(Tar),Others,Not Applicable,Others,BANGALORE HOSUR NH7 ROAD,NEAR LA CLASSIC HOTEL,1,0.0,0.0
Bengaluru Dist,Attibele PS,1.04421e+16,2016,1,2,Road Accidents,Other,City/Town,Open area,Human Error,No,Grievous Injury,Others,Not Applicable,Others,NH,Bitumen(Tar),Others,Not Applicable,Others,HOSUR BANGALORE NH7 ROAD,NEAR GUESTLINE HOTEL CIRCLE,2,0.0,0.0
Bengaluru Dist,Attibele PS,1.04421e+16,2016,1,2,Road Accidents,Not Applicable,Rural Areas,Open area,Not Applicable,Yes,Fatal,Not Applicable,Not Applicable,Not Applicable,Not Applicable,Not Applicable,Not Applicable,Not Applicable,Not Applicable,SBR KALYANAMANTAPA,ATTIBELE TOWN,500 M,0.0,0.0
Bengaluru Dist,Attibele PS,1.04421e+16,2016,1,1,Road Accidents,Other,City/Town,Open area,Human Error,Yes,Damage Only,Others,Not Applicable,Others,NH,Bitumen(Tar),Others,Not Applicable,Others,NH7 HOSUR BANGALORE ROAD,NEAR BETL TOLL,1,0.0,0.0
Bengaluru Dist,Attibele PS,1.04421e+16,2016,1,2,Road Accidents,Other,Rural Areas,Near or inside a village,Human Error,No,Damage Only,Others,Not Applicable,Others,Others,Kutcha,Others,Not Applicable,Others,RAMASAGARA NARAYANAGHATTA ROAD,NEAR CHOWDESHWARI NURSERY,12,0.0,0.0
Bengaluru Dist,Attibele PS,1.04421e+16,2016,1,1,Road Accidents,Other,City/Town,Open area,Human Error,No,Grievous Injury,Others,Not Applicable,Others,NH,Bitumen(Tar),Others,Not Applicable,Others,NH7 BANGALORE HOSUR ROAD,NEAR ATTIBELE TOLL,1,0.0,0.0
Bengaluru Dist,Attibele PS,1.04421e+16,2016,1,2,Road Accidents,Other,City/Town,Open area,Human Error,Yes,Simple Injury,Others,Not Applicable,Others,Others,Concrete,Others,Not Applicable,Others,BANGALORE HOSUR NH7 ROAD,NEAR ASHOK LEYLAND,5,0.0,0.0
Bengaluru Dist,Attibele PS,1.04421e+16,2016,1,1,Road Accidents,Other,Rural Areas,Near a religious place,Human Error,No,Simple Injury,Hit pedestrian,Not Applicable,Others,Others,Kutcha,Others,Not Applicable,Others,MUTHSANDRA MAYASNDRA ROAD ANEKAL TALUK,NEAR OM SHAKTHI TEMPLE,8,0.0,0.0
Bengaluru Dist,Attibele PS,1.04421e+16,2016,1,1,Road Accidents,Other,Rural Areas,Open area,Human Error,No,Grievous Injury,Others,Not Applicable,Others,Others,Kutcha,Others,Not Applicable,Others,ATTIBELE ANEKAL ROAD,NEAR JAGAJEEVANRAM NAGAR,1,0.0,0.0
Bengaluru Dist,Attibele PS,1.04421e+16,2016,1,2,Road Accidents,Other,City/Town,Near office complex,Human Error,No,Grievous Injury,Others,Not Applicable,Others,NH,Bitumen(Tar),Others,Not Applicable,Others,NH7 HOSUR BANGALORE ROAD,NEAR ATTIBELE TOLL BORDER,01-Feb,0.0,0.0
Bengaluru Dist,Attibele PS,1.04421e+16,2016,1,2,Road Accidents,Other,City/Town,Open area,Human Error,No,Simple Injury,Others,Not Applicable,Others,Others,Kutcha,Others,Not Applicable,Others,"SARJAPURA ROAD, ATTIBELE",NEAR MCC BAR,2,0.0,0.0
Bengaluru Dist,Attibele PS,1.04421e+16,2016,1,1,Road Accidents,Other,City/Town,Open area,Human Error,No,Grievous Injury,Others,Not Applicable,Others,NH,Bitumen(Tar),Others,Not Applicable,Others,NH7 BANGALORE HOSUR ROAD,NEAR ANJANEYA TEMPLE YADAVANAHALLI GATE,2,0.0,0.0
Bengaluru Dist,Attibele PS,1.04421e+16,2016,1,1,Road Accidents,Other,City/Town,Near Bus stop,Human Error,No,Grievous Injury,Others,Not Applicable,Others,NH,Bitumen(Tar),Others,Not Applicable,Others,HOSUR BANGALORE NH7 ROAD,NEAR YADAVANAHALLI BUS STOP,2,0.0,0.0
Bengaluru Dist,Attibele PS,1.04421e+16,2016,1,1,Road Accidents,Other,City/Town,Open area,Human Error,No,Grievous Injury,Others,Not Applicable,Others,NH,Bitumen(Tar),Others,Not Applicable,Others,BANGALORE HOSUR NH7 ROAD,NEAR LA CLASSIC HOTEL ATTIBELE ANEKAL TALUK,2,0.0,0.0
Bengaluru Dist,Attibele PS,1.04421e+16,2016,1,2,Not Applicable,Other,City/Town,Open area,Human Error,No,Damage Only,Others,Not Applicable,Others,NH,Bitumen(Tar),Others,Not Applicable,Others,NH7 BANGALORE HOSUR ROAD,LA CLASSIS HOTEL,1,0.0,0.0
Bengaluru Dist,Attibele PS,1.04421e+16,2016,1,1,Road Accidents,Other,City/Town,Near a religious place,Human Error,Yes,Grievous Injury,Hit pedestrian,Not Applicable,Others,NH,Bitumen(Tar),Others,Not Applicable,Others,NH7 BANGALORE HOSUR ROAD,NEAR JAIN TEMPLE GUDDAHATTI,4,0.0,0.0
Bengaluru Dist,Attibele PS,1.04421e+16,2016,1,2,Not Applicable,Not Applicable,City/Town,Open area,Not Applicable,Yes,Fatal,Not Applicable,Not Applicable,Not Applicable,NH,Surfaced,Not Applicable,Not Applicable,Not Applicable,"NH 7 BANGALORE HOSUR ROAD, NEAR",ATTIBELE CHECK POST,1 KM,0.0,0.0
Bengaluru Dist,Attibele PS,1.04421e+16,2016,1,2,Road Accidents,Other,City/Town,Open area,Human Error,No,Simple Injury,Others,Not Applicable,Others,NH,Bitumen(Tar),Others,Not Applicable,Others,MH7 BANGALORE HOSUR MAIN ROAD,NEAR GUESTLINE CIRCLE ATTIBELE,3,0.0,0.0
Bengaluru Dist,Attibele PS,1.04421e+16,2016,1,1,Road Accidents,Other,City/Town,Near office complex,Human Error,No,Grievous Injury,Hit pedestrian,Not Applicable,Others,Service Road,Bitumen(Tar),Others,Not Applicable,Others,"NH7 SERVICE ROAD, ANEKAL TALUK",INFRONT OF CANARA BANK NERALUR,5,0.0,0.0
Bengaluru Dist,Attibele PS,1.04421e+16,2016,1,1,Road Accidents,Other,City/Town,Near Bus stop,Human Error,No,Simple Injury,Others,Not Applicable,Others,NH,Bitumen(Tar),Others,Not Applicable,Others,NH7 HOSUR BANGALORE ROAD,NEAR NERALUR BUS STOP,5,0.0,0.0
Bengaluru Dist,Attibele PS,1.04421e+16,2016,1,2,Road Accidents,Other,City/Town,Open area,Human Error,No,Grievous Injury,Others,Not Applicable,Others,NH,Bitumen(Tar),Others,Not Applicable,Others,NH7 HOSUR BANGALORE ROAD,GELETEC FACTORY YADVANAHALLI,2,0.0,0.0
Bengaluru Dist,Attibele PS,1.04421e+16,2016,1,2,Road Accidents,Other,City/Town,Open area,Human Error,No,Simple Injury,Others,Not Applicable,Others,NH,Bitumen(Tar),Others,Not Applicable,Others,BANGALORE HOSUR NH7 ROAD,NEAR ATTIBELE CHECKPOST,1,0.0,0.0
Bengaluru Dist,Attibele PS,1.04421e+16,2016,1,3,Road Accidents,Other,City/Town,Near office complex,Human Error,No,Damage Only,Others,Not Applicable,Others,NH,Bitumen(Tar),Others,Not Applicable,Others,BANGALORE HOSUR NH7 ROAD,NEAR ATTIBELE TOLL,1 FAR,0.0,0.0
Bengaluru Dist,Attibele PS,1.04421e+16,2016,1,2,Not Applicable,Other,City/Town,Open area,Human Error,No,Damage Only,Others,Not Applicable,Others,NH,Bitumen(Tar),Others,Not Applicable,Others,BANGALORE HOSUR NH7 ROAD,NEAR ATTIBELE CHECK POST,01-Feb,0.0,0.0
Bengaluru Dist,Attibele PS,1.04421e+16,2016,1,1,Road Accidents,Other,Rural Areas,Near Bus stop,Vehicle Defect,No,Fatal,Others,Not Applicable,Others,NH,Concrete,Others,Construction Work / Material,Others,NH ROAD,1,2 KM,0.0,0.0
Bengaluru Dist,Attibele PS,1.04421e+16,2016,1,2,Road Accidents,Other,City/Town,Open area,Human Error,Yes,Damage Only,Others,Not Applicable,Others,NH,Bitumen(Tar),Others,Not Applicable,Others,BANGALORE HOUSR NH7 ROAD,INFRONT OF NERALUR MURALI BAR,5,0.0,0.0
Bengaluru Dist,Attibele PS,1.04421e+16,2016,1,1,Road Accidents,Other,Rural Areas,Near Bus stop,Vehicle Defect,No,Fatal,Others,Uncontrolled,Others,NH,Concrete,Others,Not Applicable,Others,NH7 ROAD,1,1KM,0.0,0.0
Bengaluru Dist,Attibele PS,1.04421e+16,2016,1,1,Road Accidents,Other,City/Town,Open area,Human Error,No,Grievous Injury,Others,Not Applicable,Others,NH,Concrete,Others,Not Applicable,Others,NH7 HOSUR BANGALORE ROAD,NEAR GUESTLINE CIRCLE,2,0.0,0.0
Bengaluru Dist,Attibele PS,1.04421e+16,2016,1,2,Road Accidents,Other,City/Town,Open area,Human Error,No,Damage Only,Others,Not Applicable,Others,Others,Bitumen(Tar),Others,Not Applicable,Others,BANGALORE HOSUR NH7 ROAD,NEAR NERALUR GATE ANEKAL TALUK,6,0.0,0.0
Bengaluru Dist,Attibele PS,1.04421e+16,2016,1,2,Road Accidents,Other,City/Town,Near office complex,Human Error,No,Grievous Injury,Others,Not Applicable,Others,NH,Bitumen(Tar),Others,Not Applicable,Others,HOSUR BANGALORE NH7 ROAD,INFRONT OF RTO CHECK POST,01-Feb,0.0,0.0
Bengaluru Dist,Attibele PS,1.04421e+16,2016,1,1,Road Accidents,Other,City/Town,Open area,Human Error,No,Grievous Injury,Others,Not Applicable,Others,NH,Bitumen(Tar),Others,Not Applicable,Others,HOSUR BANGALORE NH7 ROAD,NEAR ATTIBELE TOLL BORDER,1,0.0,0.0
Bengaluru Dist,Attibele PS,1.04421e+16,2016,1,2,Road Accidents,Other,City/Town,Near a religious place,Human Error,No,Grievous Injury,Others,Not Applicable,Others,NH,Bitumen(Tar),Others,Not Applicable,Others,"YADAVANAHALLI, ANEKAL TALUK",OPP TO SRI ANJANEYA TEMPLE,2,0.0,0.0
Bengaluru Dist,Attibele PS,1.04421e+16,2016,1,2,Road Accidents,Other,City/Town,Near office complex,Human Error,No,Grievous Injury,Others,Not Applicable,Others,NH,Bitumen(Tar),Others,Not Applicable,Others,NH7 BANGALORE HOSUR MAIN ROAD,NEAR TELEPHONE EXCHANGE ANEKAL TALUK,3,0.0,0.0
Bengaluru Dist,Attibele PS,1.04421e+16,2016,1,2,Road Accidents,Not Applicable,City/Town,Open area,Not Applicable,Yes,Grievous Injury,Not Applicable,Not Applicable,Not Applicable,NH,Surfaced,Not Applicable,Not Applicable,Others,"NH HOSUR BANGALORE ROAD, NEAR YADAVANAHALLI CHECK POST",ATTIBELE HOBLI,2 KM,0.0,0.0
Bengaluru Dist,Attibele PS,1.04421e+16,2016,1,1,Road Accidents,Other,City/Town,Near Hospital,Human Error,No,Simple Injury,Hit pedestrian,Not Applicable,Others,NH,Bitumen(Tar),Others,Not Applicable,Others,"ANEKAL TALUK, ATTIBELE HOBLI",NEAR ATTIBELE RTO CHECK POST,1,0.0,0.0
Bengaluru Dist,Attibele PS,1.04421e+16,2016,1,1,Road Accidents,Other,City/Town,Open area,Human Error,No,Grievous Injury,Others,Not Applicable,Others,NH,Bitumen(Tar),Others,Not Applicable,Others,BANGALORE HOSUR NH7 ROAD,NEAR GUDDAHATTI GATE,2,0.0,0.0
Bengaluru Dist,Attibele PS,1.04421e+16,2016,1,2,Road Accidents,Other,City/Town,Near a factory industrial area,Human Error,No,Grievous Injury,Others,Not Applicable,Others,NH,Bitumen(Tar),Others,Not Applicable,Others,HOSUR BANGALORE NH7 ROAD,INFRONT OF AVS CONCRETE  BALAGARANAHALLI GATE,3,0.0,0.0
Bengaluru Dist,Attibele PS,1.04421e+16,2016,1,1,Road Accidents,Not Applicable,Rural Areas,Open area,Not Applicable,No,Damage Only,Not Applicable,Not Applicable,Others,Two way,Kutcha,Muddy,Not Applicable,Not Applicable,LAKSHMISAGARA GOPALAREDDYS LAND,OPP GOPALAREDDYS LAND,12 KM,0.0,0.0
Bengaluru Dist,Attibele PS,1.04421e+16,2016,1,2,Road Accidents,Other,City/Town,Near office complex,Human Error,No,Damage Only,Others,Not Applicable,Others,NH,Bitumen(Tar),Others,Not Applicable,Others,BANGALORE HOSUR NH7 ROAD,NEAR ATTIBELE CHECK POST,1,0.0,0.0
Bengaluru Dist,Attibele PS,1.04421e+16,2016,1,1,Road Accidents,Other,City/Town,Open area,Human Error,No,Grievous Injury,Others,Not Applicable,Others,NH,Bitumen(Tar),Others,Not Applicable,Others,HOSUR BANALORE NH7 ROAD,NEAR SK DHABA,2,0.0,0.0
Bengaluru Dist,Attibele PS,1.04421e+16,2016,1,1,Road Accidents,Other,City/Town,Open area,Human Error,No,Grievous Injury,Others,Not Applicable,Others,NH,Bitumen(Tar),Others,Not Applicable,Others,NH7 HOSUR BANGALORE ROAD,NEAR GUESTLINE CIRCLE,2,0.0,0.0
Bengaluru Dist,Attibele PS,1.04421e+16,2016,1,2,Road Accidents,Other,Not Applicable,Open area,Human Error,No,Damage Only,Others,Not Applicable,Others,NH,Bitumen(Tar),Others,Not Applicable,Others,NH7 BANGALORE HOSUR ROAD,ATTIBELE TOLL GATE,1,0.0,0.0
Bengaluru Dist,Attibele PS,1.04421e+16,2016,1,2,Road Accidents,Not Applicable,Rural Areas,Near Bus stop,Not Applicable,No,Grievous Injury,Others,Not Applicable,Others,NH,Not Applicable,Not Applicable,Not Applicable,Not Applicable,NH7 ROAD ATTIBELECHECKPOST,INFRONT OF UPKAR APARTMENTS,1/2 KM,0.0,0.0
Bengaluru Dist,Attibele PS,1.04421e+16,2016,1,2,Road Accidents,Other,City/Town,Open area,Human Error,No,Simple Injury,Others,Not Applicable,Others,NH,Bitumen(Tar),Others,Not Applicable,Others,BANGALORE HOSUR NH7 SERVICE ROAD,ATTIBELE CIRCLE,250,0.0,0.0
Bengaluru Dist,Attibele PS,1.04421e+16,2016,1,1,Road Accidents,Other,Rural Areas,Near Bus stop,Vehicle Defect,No,Fatal,Others,Not Applicable,Others,NH,Concrete,Others,Construction Work / Material,Others,N H ROAD,1,3 KM,0.0,0.0
Bengaluru Dist,Attibele PS,1.04421e+16,2016,1,2,Road Accidents,Other,City/Town,Near office complex,Human Error,No,Damage Only,Others,Not Applicable,Others,NH,Bitumen(Tar),Others,Not Applicable,Others,BANGALORE HOSUR NH7 ROAD,NEAR ATTIBELE TOLL GATE,1,0.0,0.0
Bengaluru Dist,Attibele PS,1.04421e+16,2016,1,2,Road Accidents,Not Applicable,City/Town,Open area,Not Applicable,No,Grievous Injury,Not Applicable,Not Applicable,Not Applicable,NH,Surfaced,Not Applicable,Not Applicable,Others,NH 7 HOSUR BANGALORE ROAD,NEAR COUTRICLUB ROAD,2 KM,0.0,0.0
Bengaluru Dist,Attibele PS,1.04421e+16,2016,1,2,Road Accidents,Other,City/Town,Near office complex,Human Error,No,Grievous Injury,Others,Not Applicable,Others,NH,Bitumen(Tar),Others,Not Applicable,Others,NH7 BANGALORE HOSUR ROAD,NEAR ATTIBELE TOLL,1,0.0,0.0
Bengaluru Dist,Attibele PS,1.04421e+16,2016,1,2,Road Accidents,Other,City/Town,Open area,Human Error,No,Grievous Injury,Others,Not Applicable,Others,NH,Bitumen(Tar),Others,Not Applicable,Others,"NH7 BANGALORE HOSUR ROAD,",NEAR HMG GRANITE COMPANY,1,0.0,0.0
Bengaluru Dist,Attibele PS,1.04421e+16,2016,1,1,Road Accidents,Other,City/Town,Near a factory industrial area,Human Error,No,Simple Injury,Others,Not Applicable,Others,NH,Bitumen(Tar),Others,Not Applicable,Others,NH7 HOSUR BANGALORE ROAD,NEAR AVS FACTORY ANEKAL TALUK,2,0.0,0.0
Bengaluru Dist,Attibele PS,1.04421e+16,2016,1,2,Road Accidents,Other,City/Town,Open area,Human Error,No,Grievous Injury,Others,Not Applicable,Others,NH,Bitumen(Tar),Others,Not Applicable,Others,BANGALORE HOSUR NH7 ROAD,NEAR GUESTLINE CIRCLE,2,0.0,0.0
Bengaluru Dist,Attibele PS,1.04421e+16,2016,1,1,Road Accidents,Other,City/Town,Open area,Human Error,No,Simple Injury,Others,Not Applicable,Others,NH,Bitumen(Tar),Others,Not Applicable,Others,HOSUR BANGALORE NH7 ROAD,NEAR GUESTLINE CIRCLE,2,0.0,0.0
Bengaluru Dist,Attibele PS,1.04421e+16,2016,1,2,Road Accidents,Other,Rural Areas,Open area,Human Error,No,Simple Injury,Others,Not Applicable,Others,Others,Kutcha,Others,Not Applicable,Others,ATTIBELE BIDARAGUPPE ROAD,NEAR MARUTHI SURAKSHA GARAGE,01-Feb,0.0,0.0
Bengaluru Dist,Attibele PS,1.04421e+16,2016,1,2,Road Accidents,Other,Rural Areas,Open area,Human Error,No,Grievous Injury,Others,Not Applicable,Others,Others,Kutcha,Others,Not Applicable,Others,ATTIBELE ANEKAL ROAD,NEAR KRISHNAREDDY NEELAGIRI THOPU MAYASANDRA,6,0.0,0.0
Bengaluru Dist,Attibele PS,1.04421e+16,2016,1,1,Road Accidents,Other,Rural Areas,Near Bus stop,Vehicle Defect,No,Fatal,Others,Not Applicable,Others,NH,Concrete,Others,Construction Work / Material,Others,NH 7 ROAD,1,1 KM,0.0,0.0
Bengaluru Dist,Attibele PS,1.04421e+16,2016,1,2,Road Accidents,Other,City/Town,Open area,Human Error,No,Grievous Injury,Others,Not Applicable,Others,NH,Bitumen(Tar),Others,Not Applicable,Others,ANEKAL TALUK,NEAR ATTIBELE CIRCLE,200,0.0,0.0
Bengaluru Dist,Attibele PS,1.04421e+16,2016,1,1,Road Accidents,Other,City/Town,Near Bus stop,Human Error,Yes,Grievous Injury,Hit pedestrian,Not Applicable,Others,NH,Bitumen(Tar),Others,Not Applicable,Others,NH7 BANGALORE HOSUR ROAD,NEAR YADAVANAHALLI BUS STOP,2,0.0,0.0
Bengaluru Dist,Attibele PS,1.04421e+16,2016,1,2,Road Accidents,Other,City/Town,Open area,Human Error,No,Damage Only,Others,Not Applicable,Others,NH,Bitumen(Tar),Others,Not Applicable,Others,BANGALORE HOSUR NH7 ROAD,NEAR ATTIBELE TOWN,0.5,0.0,0.0
Bengaluru Dist,Attibele PS,1.04421e+16,2016,1,2,Road Accidents,Other,City/Town,Near office complex,Human Error,No,Grievous Injury,Others,Not Applicable,Others,NH,Bitumen(Tar),Others,Not Applicable,Others,BANGALORE HOSUR ROAD,INFRONT OF ATTIBELE TOLL OFFICE,0.5,0.0,0.0
Bengaluru Dist,Attibele PS,1.04421e+16,2016,1,1,Road Accidents,Other,City/Town,Open area,Human Error,No,Simple Injury,Others,Not Applicable,Others,NH,Bitumen(Tar),Others,Not Applicable,Others,BANGALORE HOUSR NH7 ROAD,INFRONT OF ATTIBELE TOLL OFFICE,1,0.0,0.0
Bengaluru Dist,Attibele PS,1.04421e+16,2016,1,2,Road Accidents,Other,City/Town,Open area,Human Error,No,Grievous Injury,Others,Not Applicable,Others,NH,Bitumen(Tar),Others,Not Applicable,Others,HOSUR BANGALORE NH7 ROAD,NEAR BALAGARANAHALLI GATE,4,0.0,0.0
Bengaluru Dist,Attibele PS,1.04421e+16,2016,1,1,Road Accidents,Other,City/Town,Open area,Human Error,No,Grievous Injury,Others,Not Applicable,Others,NH,Bitumen(Tar),Others,Not Applicable,Others,NH7 HOSUR BANGALORE ROAD,NEAR BALAJI WINES ATTIBELE BORDER,1 FAR,0.0,0.0
Bengaluru Dist,Attibele PS,1.04421e+16,2016,1,2,Road Accidents,Other,City/Town,Open area,Human Error,No,Grievous Injury,Others,Not Applicable,Others,NH,Bitumen(Tar),Others,Not Applicable,Others,"ATTIBELE TOWN, ANEKAL TALUK",NEAR ATTIBELE BORDER TOLL,1,0.0,0.0
Bengaluru Dist,Attibele PS,1.04421e+16,2016,1,2,Road Accidents,Other,Rural Areas,Residential area,Not Applicable,No,Grievous Injury,Others,Not Applicable,Others,Others,Kutcha,Others,Not Applicable,Others,"ANEKAL ATTIBELE ROAD, INFRONT OF TVS SHOW ROOM, ANEKAL TALUK",ATTIBELE ANEKAL TALUK,0.5 KM,0.0,0.0
Bengaluru Dist,Attibele PS,1.04421e+16,2016,1,2,Road Accidents,Other,Rural Areas,Open area,Human Error,No,Simple Injury,Others,Not Applicable,Others,Others,Bitumen(Tar),Others,Not Applicable,Others,ATTIBELE ANEKAL ROAD,NEAR BHAKTHIPURA GATE,5,0.0,0.0
Bengaluru Dist,Attibele PS,1.04421e+16,2016,1,1,Road Accidents,Other,Rural Areas,Open area,Human Error,No,Simple Injury,Others,Not Applicable,Others,Others,Kutcha,Others,Not Applicable,Others,SARJAPURA ROAD,NEAR INDLABELE BUS STOP,2,0.0,0.0
Bengaluru Dist,Attibele PS,1.04421e+16,2016,1,2,Road Accidents,Other,Rural Areas,Residential area,Human Error,No,Damage Only,Others,Not Applicable,Others,Others,Kutcha,Others,Not Applicable,Others,CHANDAPURA MUTHANALLUR ROAD,ASSET PLACIT APARTMENT NARAYANAGHATTA CROSS,12,0.0,0.0
Bengaluru Dist,Attibele PS,1.04421e+16,2016,1,2,Road Accidents,Other,Rural Areas,Near Bus stop,Human Error,No,Grievous Injury,Others,Not Applicable,Others,Others,Kutcha,Others,Not Applicable,Others,ATTIBELE ANEKAL ROAD,NEAR HAROHALLI BUS STOP,2,0.0,0.0
Bengaluru Dist,Attibele PS,1.04421e+16,2016,1,2,Road Accidents,Other,City/Town,Open area,Human Error,No,Simple Injury,Others,Not Applicable,Others,NH,Bitumen(Tar),Others,Not Applicable,Others,HOSUR BANGALORE NH7 SERVICE ROAD,NEAR LA CLASSIC HOTEL INFRONT OF VIDEOCON FACTORY,1,0.0,0.0
Bengaluru Dist,Attibele PS,1.04421e+16,2016,1,2,Road Accidents,Other,City/Town,Open area,Human Error,No,Grievous Injury,Others,Not Applicable,Others,Others,Bitumen(Tar),Others,Not Applicable,Others,HOSUR BANGALORE NH7 ROAD,NEAR NERALUR GATE,4,0.0,0.0
Bengaluru Dist,Attibele PS,1.04421e+16,2016,1,2,Road Accidents,Other,City/Town,Near Petrol Pump,Human Error,Yes,Grievous Injury,Others,Not Applicable,Others,NH,Bitumen(Tar),Others,Not Applicable,Others,NH7 HOSUR BANGALORE ROAD,NEAR INDIAN OIL PETROL BUNK YADAVANAHALLI,3,0.0,0.0
Bengaluru Dist,Attibele PS,1.04421e+16,2016,1,2,Road Accidents,Other,City/Town,Open area,Human Error,Yes,Fatal,Others,Not Applicable,Others,Others,Bitumen(Tar),Others,Not Applicable,Others,TVS ROAD ANEKAL TALUK,NEAR MDR PETROL BUNK GREEN VALEY CITY LAYOUT,5,0.0,0.0
Bengaluru Dist,Attibele PS,1.04421e+16,2016,1,1,Road Accidents,Other,City/Town,Open area,Human Error,No,Grievous Injury,Others,Not Applicable,Others,NH,Bitumen(Tar),Others,Not Applicable,Others,HOSUR BANGALORE ROAD,NEAR GUDDAHATTI GATE,3,0.0,0.0
Bengaluru Dist,Attibele PS,1.04421e+16,2016,1,2,Road Accidents,Other,City/Town,Open area,Human Error,Yes,Damage Only,Others,Not Applicable,Others,NH,Bitumen(Tar),Others,Not Applicable,Others,ATTIBELE ANEKAL ROAD,TVS CROSS,1,0.0,0.0
Bengaluru Dist,Attibele PS,1.04421e+16,2016,1,2,Road Accidents,Other,City/Town,Near Bus stop,Human Error,No,Grievous Injury,Others,Not Applicable,Others,NH,Bitumen(Tar),Others,Not Applicable,Others,HOSUR BANGALORE NH7 ROAD,NEAR GUESTLINE HOTEL BUS STOP,2,0.0,0.0
Bengaluru Dist,Attibele PS,1.04421e+16,2016,1,2,Road Accidents,Other,City/Town,Near a religious place,Human Error,No,Simple Injury,Others,Not Applicable,Others,Others,Kutcha,Others,Not Applicable,Others,NERALUR ALIBOMMASANDRA ROAD,NEAR MUNESHWARA TEMPLE,8,0.0,0.0
Bengaluru Dist,Attibele PS,1.04421e+16,2016,1,1,Road Accidents,Other,City/Town,Open area,Human Error,No,Damage Only,Others,Not Applicable,Others,NH,Bitumen(Tar),Others,Not Applicable,Others,NH7 BANGALORE HOSUR MAIN ROAD,NEAR NERALUR GATE ANEKAL TALUK,5,0.0,0.0