DISTRICTNAME,UNITNAME,Crime_No,Year,RI,Noofvehicle_involved,Accident_Classification,Accident_Spot,Accident_Location,Accident_SubLocation,Main_Cause,Hit_Run,Severity,Collision_Type,Junction_Control,Road_Character,Road_Type,Surface_Type,Surface_Condition,Road_Condition,Weather,Accident_Road,Landmark_first,Distance_LandMark_First,Latitude,Longitude
Bengaluru Dist,Attibele PS,1.04421e+16,2016,1,1,Road Accidents,Other,City/Town,Near a factory industrial area,Human Error,No,Simple Injury,Others,Not Applicable,Others,Others,Not Applicable,Others,Not Applicable,Others,"ATTIBELE INDUSTRIAL AREA, ANEKAL TALUK",NEAR PRAKASH SEATING PVT LTD COMPANY MAIN GATE,1,0.0,0.0
Bengaluru Dist,Attibele PS,1.04421e+16,2016,1,2,Road Accidents,Other,City/Town,Near office complex,Human Error,No,Simple Injury,Others,Not Applicable,Others,NH,Bitumen(Tar),Others,Not Applicable,Others,NH7 HOSUR BANGALORE ROAD,NEAR ATTIBELE CHECK POST,1,0.0,0.0
Bengaluru Dist,Attibele PS,1.04421e+16,2016,1,2,Road Accidents,Other,City/Town,Open area,Human Error,No,Damage Only,Others,Not Applicable,Others,NH,Bitumen(Tar),Others,Not Applicable,Others,ATTIBELE TOWN,NEAR ATTIBELE BORDER TOLL,1,0.0,0.0
Bengaluru Dist,Attibele PS,1.04421e+16,2016,1,2,Road Accidents,Other,City/Town,Near office complex,Human Error,No,Simple Injury,Others,Not Applicable,Others,NH,Bitumen(Tar),Others,Not Applicable,Others,BANALORE HOSUR NH7 ROAD,NEAR ATTIBELE CHECK POST,1,0.0,0.0
Bengaluru Dist,Attibele PS,1.04421e+16,2016,1,2,Road Accidents,Other,City/Town,Open area,Human Error,No,Damage Only,Others,Not Applicable,Others,Others,Bitumen(Tar),Others,Not Applicable,Others,NH7 BANGALORE HOSUR ROAD,NEAR BETL TOLL ATTIBELE,1,0.0,0.0
Bengaluru Dist,Attibele PS,1.04421e+16,2016,1,1,Road Accidents,Other,Rural Areas,Open area,Human Error,No,Grievous Injury,Others,Not Applicable,Others,Others,Kutcha,Others,Not Applicable,Others,MUTHANALLUR CHANDAPURA,NEAR KAGGALIPURA,12,0.0,0.0
Bengaluru Dist,Attibele PS,1.04421e+16,2016,1,2,Road Accidents,Other,City/Town,Open area,Human Error,No,Simple Injury,Others,Not Applicable,Others,NH,Bitumen(Tar),Others,Not Applicable,Others,HOSUR BANGALORE NH7 ROAD,NEAR ATTIBELE TOLL JUNCTION,01-Feb,0.0,0.0
Bengaluru Dist,Attibele PS,1.04421e+16,2016,1,1,Road Accidents,Other,City/Town,Open area,Human Error,No,Damage Only,Others,Not Applicable,Others,NH,Bitumen(Tar),Others,Not Applicable,Others,HOSUR BANGALORE NH7 ROAD,NEAR ATTIBELE TOLL BOOTH NO 11,1,0.0,0.0
Bengaluru Dist,Attibele PS,1.04421e+16,2016,1,1,Road Accidents,Other,City/Town,Open area,Human Error,No,Damage Only,Others,Not Applicable,Others,NH,Bitumen(Tar),Others,Not Applicable,Others,HOSUR BANGALORE NH7 ROAD,ATTIBELE TOLL BOOTH,1,0.0,0.0
Bengaluru Dist,Attibele PS,1.04421e+16,2016,1,2,Road Accidents,Not Applicable,City/Town,Open area,Not Applicable,No,Grievous Injury,Not Applicable,Not Applicable,Not Applicable,NH,Surfaced,Not Applicable,Not Applicable,Not Applicable,NH 7 BANGALORE HOSUR ROAD,NEAR ANJANEYA TEMPLE,2 KM,0.0,0.0
Bengaluru Dist,Attibele PS,1.04421e+16,2016,1,1,Road Accidents,Other,City/Town,Open area,Human Error,No,Simple Injury,Others,Not Applicable,Others,NH,Bitumen(Tar),Others,Not Applicable,Others,HOSUR BANGALORE NH7 ROAD,NEAR YADAVANAHALLI BUS STAND,2,0.0,0.0
Bengaluru Dist,Attibele PS,1.04421e+16,2016,1,1,Road Accidents,Not Applicable,Rural Areas,Open area,Not Applicable,Yes,Fatal,Not Applicable,Not Applicable,Not Applicable,Others,Kutcha,Others,Not Applicable,Not Applicable,HAROHALLI BUS STOP NEAR,ATTIBELE HOBLI,5 KM,0.0,0.0
Bengaluru Dist,Attibele PS,1.04421e+16,2016,1,2,Road Accidents,Other,City/Town,Open area,Human Error,No,Not Applicable,Others,Not Applicable,Others,NH,Bitumen(Tar),Others,Not Applicable,Others,BANGALORE HOSUR NH7 ROAD,NEAR COMMERCIAL CHECK POST,1,0.0,0.0
Bengaluru Dist,Attibele PS,1.04421e+16,2016,1,3,Road Accidents,Other,City/Town,Open area,Human Error,No,Grievous Injury,Others,Not Applicable,Others,Others,Concrete,Others,Not Applicable,Others,BANGALORE HOSUR NH7 ROAD,INFRONT OF CHECKPOST YADAVANAHALLI,1,0.0,0.0
Bengaluru Dist,Attibele PS,1.04421e+16,2016,1,1,Road Accidents,Other,Rural Areas,Open area,Human Error,No,Grievous Injury,Others,Not Applicable,Others,Others,Bitumen(Tar),Others,Not Applicable,Others,ANEKAL BASAVANNA LAYOUT,ATTIBELE TOWN,1,0.0,0.0
Bengaluru Dist,Attibele PS,1.04421e+16,2016,1,1,Road Accidents,Other,City/Town,Near office complex,Human Error,No,Damage Only,Others,Not Applicable,Others,NH,Bitumen(Tar),Others,Not Applicable,Others,NH7 BANGALORE HOSUR ROAD,NEAR GUESTLINE CIRCLE INFRONT OF TELEPHONE EXCHANGE,2,0.0,0.0
Bengaluru Dist,Attibele PS,1.04421e+16,2016,1,1,Road Accidents,Other,City/Town,Open area,Human Error,No,Grievous Injury,Others,Not Applicable,Others,NH,Bitumen(Tar),Others,Not Applicable,Others,NH7 ROAD,BELOW ATTIBELE FLY OVER,100,0.0,0.0
Bengaluru Dist,Attibele PS,1.04421e+16,2016,1,1,Road Accidents,Other,City/Town,Open area,Human Error,No,Grievous Injury,Others,Not Applicable,Others,NH,Bitumen(Tar),Others,Not Applicable,Others,BANGALORE HOSUR NH7 ROAD,NEAR BALAGARANAHALLI GATE,3,0.0,0.0
Bengaluru Dist,Attibele PS,1.04421e+16,2016,1,1,Road Accidents,Other,Rural Areas,Residential area,Human Error,No,Grievous Injury,Skidding or Self accident,Not Applicable,Others,Others,Kutcha,Others,Not Applicable,Others,BIDARAGUPPE SARJAPURA ROAD,NEAR SRIRAMA SMRITHI APARTMENT,1,0.0,0.0
Bengaluru Dist,Attibele PS,1.04421e+16,2016,1,2,Road Accidents,Other,City/Town,Open area,Human Error,No,Grievous Injury,Others,Not Applicable,Others,Others,Bitumen(Tar),Others,Not Applicable,Others,"ANEKAL ROAD, ATTIBELE, ANEKAL TALUK",NEAR QUALITY BAKERY,250,0.0,0.0
Bengaluru Dist,Attibele PS,1.04421e+16,2016,1,2,Road Accidents,Other,City/Town,Open area,Human Error,No,Simple Injury,Others,Not Applicable,Others,NH,Bitumen(Tar),Others,Not Applicable,Others,NH7 HOSUR BANGALORE ROAD,NEAR ATTIBELE BORDER ARCH,1,0.0,0.0
Bengaluru Dist,Attibele PS,1.04421e+16,2016,1,3,Road Accidents,Other,City/Town,Open area,Human Error,No,Damage Only,Others,Not Applicable,Others,NH,Bitumen(Tar),Others,Not Applicable,Others,NH7 HOSUR BANGALORE ROAD,NEAR BALAGARANAHALLI GATE GUDDAHATTI,3,0.0,0.0
Bengaluru Dist,Attibele PS,1.04421e+16,2017,1,1,Road Accidents,Not Applicable,Rural Areas,Open area,Not Applicable,No,Fatal,Not Applicable,Not Applicable,Not Applicable,Others,Kutcha,Others,Not Applicable,Others,ATTIBELE ANEKAL ROAD,SHETTIHALLI GATE,5 KM,0.0,0.0
Bengaluru Dist,Attibele PS,1.04421e+16,2017,1,1,Road Accidents,Not Applicable,Not Applicable,Open area,Not Applicable,No,Damage Only,Not Applicable,Not Applicable,Not Applicable,Not Applicable,Not Applicable,Not Applicable,Not Applicable,Not Applicable,NH7 BANGALORE HOSUR ROAD,NEAR ATTIBELE BETL TOLL,01-Feb,0.0,0.0
Bengaluru Dist,Attibele PS,1.04421e+16,2017,1,1,Road Accidents,Not Applicable,City/Town,Open area,Not Applicable,No,Not Applicable,Not Applicable,Not Applicable,Others,NH,Surfaced,Not Applicable,Not Applicable,Others,NH 7 BANGALORE HOSUR ROAD,ATTIBELE BOARDER NEAR,1 KM,0.0,0.0
Bengaluru Dist,Attibele PS,1.04421e+16,2017,1,1,Road Accidents,Not Applicable,City/Town,Open area,Vehicle Defect,No,Grievous Injury,Not Applicable,Not Applicable,Not Applicable,NH,Not Applicable,Not Applicable,Not Applicable,Others,"NH 7 HOSUR BANGALORE ROAD, NEAR YADAVANAHALLI BUS STOP NEAR, ANEKAL TALUK",YADAVANAHALLI BUS STOP NEAR,3 KM,0.0,0.0
Bengaluru Dist,Attibele PS,1.04421e+16,2017,1,2,Road Accidents,Other,City/Town,Near office complex,Human Error,No,Damage Only,Others,Not Applicable,Others,NH,Bitumen(Tar),Others,Not Applicable,Others,HOSUR BANGALORE NH7 ROAD,NEAR ATTIBELE TOLL OFFICE,1 KM,0.0,0.0
Bengaluru Dist,Attibele PS,1.04421e+16,2017,1,2,Road Accidents,Other,City/Town,Open area,Human Error,No,Fatal,Others,Not Applicable,Others,NH,Bitumen(Tar),Others,Not Applicable,Others,NH7 BANGALORE HOSUR ROAD,NEAR MAHADESHWARA TEMPLE,1 KM,0.0,0.0
Bengaluru Dist,Attibele PS,1.04421e+16,2017,1,2,Road Accidents,Not Applicable,Not Applicable,Open area,Not Applicable,No,Grievous Injury,Not Applicable,Not Applicable,Not Applicable,NH,Not Applicable,Not Applicable,Not Applicable,Not Applicable,NH7 ROAD,NEAR BAKERY GUESTLINE CIRCLE,3 KM,0.0,0.0
Bengaluru Dist,Attibele PS,1.04421e+16,2017,1,2,Road Accidents,Other,Rural Areas,Open area,Human Error,No,Grievous Injury,Others,Not Applicable,Others,Others,Kutcha,Others,Not Applicable,Others,ATTIBELE SARJAPURA ROAD,NEAR BNR KALYANA MANTAPA ATTIBELE TOWN,500,0.0,0.0
Bengaluru Dist,Attibele PS,1.04421e+16,2017,1,1,Road Accidents,Not Applicable,Not Applicable,Open area,Not Applicable,No,Simple Injury,Not Applicable,Not Applicable,Not Applicable,NH,Not Applicable,Not Applicable,Not Applicable,Not Applicable,NH7 BANGLORE HOSUR ROAD,NEAR LA CLASSIC HOTEL,2 KM,0.0,0.0
Bengaluru Dist,Attibele PS,1.04421e+16,2017,1,2,Road Accidents,Not Applicable,City/Town,Open area,Not Applicable,No,Grievous Injury,Not Applicable,Not Applicable,Not Applicable,NH,Surfaced,Not Applicable,Not Applicable,Others,NH 7 HOSUR BANGALORE ROAD,GUEST LINE NEAR,3 KM,0.0,0.0
Bengaluru Dist,Attibele PS,1.04421e+16,2017,1,2,Road Accidents,Not Applicable,City/Town,Open area,Not Applicable,Not Applicable,Grievous Injury,Not Applicable,Not Applicable,Not Applicable,NH,Surfaced,Not Applicable,Not Applicable,Others,"NH 7 HOSUR BANGALORE ROAD,",BALAGARANAHALLI GATE,4 KM,0.0,0.0
Bengaluru Dist,Attibele PS,1.04421e+16,2017,1,1,Road Accidents,Other,City/Town,Open area,Human Error,No,Not Applicable,Others,Not Applicable,Others,NH,Bitumen(Tar),Others,Not Applicable,Others,NH7 BANGALORE HOSUR SERVICE ROAD,NEAR ATTIBELE GOVT HOSPITAL ANEKAL TALUK,500,0.0,0.0
Bengaluru Dist,Attibele PS,1.04421e+16,2017,1,3,Road Accidents,Not Applicable,City/Town,Open area,Not Applicable,No,Simple Injury,Not Applicable,Not Applicable,Not Applicable,Not Applicable,Not Applicable,Not Applicable,Not Applicable,Not Applicable,"NH 7 BANGALORE HOSUR ROAD, GUEST LINE CIRCLE",YADAVANAHALLI VILLAGE,3 KM,0.0,0.0
Bengaluru Dist,Attibele PS,1.04421e+16,2017,1,1,Road Accidents,Other,City/Town,Open area,Human Error,Yes,Fatal,Others,Not Applicable,Others,NH,Bitumen(Tar),Others,Not Applicable,Others,ANEKAL TALUK,INFRONT OF NERALUR PANCHAYATH OFFICE,5,0.0,0.0
Bengaluru Dist,Attibele PS,1.04421e+16,2017,1,4,Road Accidents,Other,City/Town,Open area,Human Error,No,Damage Only,Others,Not Applicable,Others,NH,Bitumen(Tar),Others,Not Applicable,Others,NH7 BANGALORE HOSUR ROAD,NEAR ATTIBELE TOLL ANEKAL TALUK,1 KM,0.0,0.0
Bengaluru Dist,Attibele PS,1.04421e+16,2017,1,2,Road Accidents,Other,Rural Areas,Open area,Human Error,No,Simple Injury,Others,Not Applicable,Others,Others,Bitumen(Tar),Others,Not Applicable,Others,ANEKALL TALUK,MAYASANDRA,5 KM,0.0,0.0
Bengaluru Dist,Attibele PS,1.04421e+16,2017,1,2,Road Accidents,Other,City/Town,Open area,Human Error,No,Grievous Injury,Others,Not Applicable,Others,NH,Bitumen(Tar),Not Applicable,Not Applicable,Others,MAYASANDRA SHETTIHALLI ROAD,NEAR ECO DOOR FACTORY,6 KM,0.0,0.0
Bengaluru Dist,Attibele PS,1.04421e+16,2017,1,2,Road Accidents,Other,City/Town,Near Petrol Pump,Human Error,Yes,Grievous Injury,Others,Not Applicable,Others,NH,Bitumen(Tar),Others,Not Applicable,Others,NH7 HOSUR BANGALORE SERVICE ROAD,NEAR YADAVANAHALLI PETROL BUNK,2 KM,0.0,0.0
Bengaluru Dist,Attibele PS,1.04421e+16,2017,1,1,Road Accidents,Other,Rural Areas,Open area,Human Error,No,Grievous Injury,Others,Not Applicable,Others,Others,Kutcha,Others,Not Applicable,Others,MALLENAHALLI BIDARAGUPPE ROAD,BIDARAGUPPE ANEKAL TALUK,2 KM,0.0,0.0
Bengaluru Dist,Attibele PS,1.04421e+16,2017,1,1,Road Accidents,Other,City/Town,Open area,Human Error,No,Grievous Injury,Hit pedestrian,Not Applicable,Others,NH,Not Applicable,Others,Not Applicable,Others,NH7 BANGALORE HOSUR ROAD,NEAR RANGAVILAS HOTEL,1 KM,0.0,0.0
Bengaluru Dist,Attibele PS,1.04421e+16,2017,1,2,Road Accidents,Not Applicable,Not Applicable,Open area,Not Applicable,No,Simple Injury,Not Applicable,Not Applicable,Not Applicable,Not Applicable,Not Applicable,Not Applicable,Not Applicable,Not Applicable,NH7 HOSUR BANGALORE ROAD,NEAR BALAGARANAHALLI GAE,3 KM,0.0,0.0
Bengaluru Dist,Attibele PS,1.04421e+16,2017,1,1,Road Accidents,Not Applicable,Not Applicable,Open area,Not Applicable,Yes,Fatal,Not Applicable,Not Applicable,Not Applicable,Not Applicable,Surfaced,Not Applicable,Not Applicable,Others,NH 7 BANGALORE HOSUR ROAD,ATTIBELE TOWN,1 KM,0.0,0.0
Bengaluru Dist,Attibele PS,1.04421e+16,2017,1,2,Road Accidents,Other,City/Town,Open area,Human Error,No,Grievous Injury,Others,Not Applicable,Others,NH,Bitumen(Tar),Others,Not Applicable,Others,NH7 HOSUR BANGALORE ROAD,BALAGARANAHALLI U TURN ANEKAL TALUK,3,0.0,0.0
Bengaluru Dist,Attibele PS,1.04421e+16,2017,1,2,Road Accidents,Other,City/Town,Open area,Human Error,No,Grievous Injury,Others,Not Applicable,Others,NH,Bitumen(Tar),Others,Not Applicable,Others,HOSUR BANGALORE NH7 ROAD,NEAR GUESTLINE CIRCLE U TURN,6 KM,0.0,0.0
Bengaluru Dist,Attibele PS,1.04421e+16,2017,1,2,Road Accidents,Other,Rural Areas,Open area,Not Applicable,No,Fatal,Others,Not Applicable,Others,NH,Bitumen(Tar),Dry,Not Applicable,Not Applicable,"NH 7,BANGALORE-HOSUR ROAD",NEAR BALAGARANAHALLI GATE,4 KM,0.0,0.0
Bengaluru Dist,Attibele PS,1.04421e+16,2017,1,2,Road Accidents,Other,City/Town,Near office complex,Human Error,No,Damage Only,Others,Not Applicable,Others,NH,Bitumen(Tar),Others,Not Applicable,Others,NH7 BANGALORE HOSUR ROAD,NEAR ATTIBELE TOLL,1/2 KM,0.0,0.0
Bengaluru Dist,Attibele PS,1.04421e+16,2017,1,1,Road Accidents,Other,Not Applicable,Near Bus stop,Not Applicable,No,Fatal,Others,Not Applicable,Not Applicable,NH,Concrete,Not Applicable,Not Applicable,Not Applicable,YADAVANAHALLI BUS STOP,2 KM,2 KM,0.0,0.0
Bengaluru Dist,Attibele PS,1.04421e+16,2017,1,1,Road Accidents,Other,City/Town,Open area,Human Error,Yes,Fatal,Hit and Run,Not Applicable,Others,NH,Bitumen(Tar),Dry,Not Applicable,Not Applicable,"NH-7,HOSUR-BANGALORE ROAD",NEAR UPKAR LAYOUT GATE,1 KM,0.0,0.0
Bengaluru Dist,Attibele PS,1.04421e+16,2017,1,1,Road Accidents,Narrow road,City/Town,Open area,Human Error,Yes,Fatal,Hit and Run,Not Applicable,Not Applicable,NH,Bitumen(Tar),Dry,Not Applicable,Not Applicable,"NH-7,HOSUR-BANGALORE ROAD",NEAR ATTIBELE BORDER,1 KM,0.0,0.0
Bengaluru Dist,Attibele PS,1.04421e+16,2017,1,1,Road Accidents,Other,City/Town,Open area,Human Error,No,Grievous Injury,Others,Not Applicable,Others,NH,Bitumen(Tar),Others,Not Applicable,Others,NH7 HOSUR BANGALORE SERVICE ROAD,NEAR YADAVANAHALLI BUS STAND SUBWAY,3 KM,0.0,0.0
Bengaluru Dist,Attibele PS,1.04421e+16,2017,1,1,Road Accidents,Other,Villages settlement,Open area,Not Applicable,Yes,Fatal,Hit pedestrian,Not Applicable,Others,NH,Bitumen(Tar),Dry,Not Applicable,Others,NH 7,NEAR SLV CRACKERS SHOP,6 KM,0.0,0.0
Bengaluru Dist,Attibele PS,1.04421e+16,2017,1,1,Road Accidents,Not Applicable,Not Applicable,Open area,Not Applicable,No,Damage Only,Not Applicable,Not Applicable,Not Applicable,NH,Not Applicable,Not Applicable,Not Applicable,Not Applicable,NH7 BANGALORE HOSUR ROAD,LINE NO 2 ATTIBELE TOLL,1/2 KM,0.0,0.0
Bengaluru Dist,Attibele PS,1.04421e+16,2017,1,2,Road Accidents,Other,City/Town,Open area,Human Error,No,Grievous Injury,Others,Not Applicable,Others,NH,Bitumen(Tar),Others,Not Applicable,Others,NH7 BANGALORE HOSUR ROAD,NEAR GUDDAHATTI GATE ANEKAL TALUK,4,0.0,0.0
Bengaluru Dist,Attibele PS,1.04421e+16,2017,1,2,Road Accidents,Not Applicable,Not Applicable,Open area,Not Applicable,Not Applicable,Not Applicable,Not Applicable,Not Applicable,Not Applicable,NH,Not Applicable,Not Applicable,Not Applicable,Not Applicable,NH7 BANGALORE HOSUR ROAD,GUDDAHATTI GATE,2 KM,0.0,0.0
Bengaluru Dist,Attibele PS,1.04421e+16,2017,1,1,Road Accidents,Other,City/Town,At pedestrian Crossing,Human Error,No,Grievous Injury,Hit pedestrian,Not Applicable,Others,NH,Bitumen(Tar),Others,Not Applicable,Others,NERALUR ANEKAL TALUK,NEAR SAINAGARA GATE,5,0.0,0.0
Bengaluru Dist,Attibele PS,1.04421e+16,2017,1,1,Road Accidents,Not Applicable,City/Town,Open area,Not Applicable,No,Grievous Injury,Not Applicable,Not Applicable,Not Applicable,NH,Surfaced,Not Applicable,Not Applicable,Others,"NH 7 BANGALORE HOSUR ROAD,",ATTIBELE TOLL NEAR,1 KM,0.0,0.0
Bengaluru Dist,Attibele PS,1.04421e+16,2017,1,2,Road Accidents,Other,City/Town,Open area,Human Error,No,Grievous Injury,Others,Not Applicable,Others,NH,Bitumen(Tar),Others,Not Applicable,Others,NH7 HOSUR BANGALORE ROAD,NEAR YADAVANAHALLI BUS STOP,2 KM,0.0,0.0
Bengaluru Dist,Attibele PS,1.04421e+16,2017,1,1,Road Accidents,Not Applicable,Not Applicable,Near Bus stop,Not Applicable,No,Fatal,Others,Not Applicable,Not Applicable,NH,Concrete,Muddy,Not Applicable,Not Applicable,ATTIBELE CHECKPOST,1,1 KM,0.0,0.0
Bengaluru Dist,Attibele PS,1.04421e+16,2017,1,1,Road Accidents,Not Applicable,City/Town,Open area,Human Error,Yes,Simple Injury,Hit pedestrian,Not at  Junction,Others,NH,Bitumen(Tar),Others,Not Applicable,Others,HOSUR BANGALORE NH7 SERVICE RD,NEAR SRI PATALAMMA TEMPLE U TURN,500 MT,0.0,0.0
Bengaluru Dist,Attibele PS,1.04421e+16,2017,1,2,Road Accidents,Other,Rural Areas,Near Petrol Pump,Human Error,No,Grievous Injury,Others,Not Applicable,Others,Others,Not Applicable,Others,Not Applicable,Others,ATTIBELE SARJAPURA ROAD,NEAR BIDARAGUPPE PETROL BUNK,6 KM,0.0,0.0
Bengaluru Dist,Attibele PS,1.04421e+16,2017,1,1,Road Accidents,Not Applicable,Not Applicable,Near Bus stop,Not Applicable,No,Fatal,Not Applicable,Not Applicable,Not Applicable,NH,Concrete,Not Applicable,Not Applicable,Others,NERALUR GATE HOSUR BANGALORE NH7 ROAD,6 KM TOWARDS EAST,6 KM,0.0,0.0
Bengaluru Dist,Attibele PS,1.04421e+16,2017,1,2,Road Accidents,Other,City/Town,Open area,Human Error,No,Simple Injury,Others,Not Applicable,Others,NH,Bitumen(Tar),Others,Not Applicable,Others,NH7 BANGALORE HOSUR ROAD,NEAR BALAGARANAHALLI GATE,3,0.0,0.0
Bengaluru Dist,Attibele PS,1.04421e+16,2017,1,2,Road Accidents,Not Applicable,City/Town,Open area,Not Applicable,No,Not Applicable,Not Applicable,Not Applicable,Not Applicable,NH,Surfaced,Others,Not Applicable,Others,"NH 7 HOSUR BANGALORE ROAD,",JELLTEC FACTORY NEAR,2 KM,0.0,0.0
Bengaluru Dist,Attibele PS,1.04421e+16,2017,1,1,Road Accidents,Other,City/Town,Open area,Human Error,No,Fatal,Others,Not Applicable,Others,NH,Bitumen(Tar),Others,Not Applicable,Others,BANGALORE HOSUR ROAD,INFRONT OF LA CLASSIC HOTEL,1,0.0,0.0
Bengaluru Dist,Attibele PS,1.04421e+16,2017,1,2,Road Accidents,Not Applicable,Not Applicable,Near Petrol Pump,Not Applicable,No,Fatal,Others,Not Applicable,Not Applicable,Two way,Concrete,Not Applicable,Not Applicable,Not Applicable,ATTIBELE TVS ROAD,ANEKAL TQ,1 KM,0.0,0.0
Bengaluru Dist,Attibele PS,1.04421e+16,2017,1,1,Road Accidents,Other,City/Town,Open area,Human Error,No,Grievous Injury,Others,Not Applicable,Others,NH,Bitumen(Tar),Others,Not Applicable,Others,NH7 BANGALORE HOSUR ROAD,NEAR NERALUR GATE,3 KM,0.0,0.0
Bengaluru Dist,Attibele PS,1.04421e+16,2017,1,2,Road Accidents,Other,City/Town,Open area,Human Error,No,Grievous Injury,Others,Not Applicable,Others,NH,Bitumen(Tar),Others,Not Applicable,Others,NH7 BANGALORE HOSUR MAIN ROAD,NEAR GUESTLINE CIRCLE,3 KM,0.0,0.0
Bengaluru Dist,Attibele PS,1.04421e+16,2017,1,1,Road Accidents,Other,Rural Areas,Near office complex,Not Applicable,No,Fatal,Hit pedestrian,Uncontrolled,Straight and flat,NH,Bitumen(Tar),Dry,Not Applicable,Not Applicable,"NH 7,BANGALORE-HOSUR ROAD",NEAR TOLL OFFICE ATTIBELE,0.5 KM,0.0,0.0
Bengaluru Dist,Attibele PS,1.04421e+16,2017,1,1,Road Accidents,Other,City/Town,Open area,Human Error,Yes,Simple Injury,Hit pedestrian,Not Applicable,Others,NH,Bitumen(Tar),Others,Not Applicable,Others,NH7 HOSUR BANGALORE ROAD,NEAR GUESTLINE HOTEL YADAVANAHALLI,2,0.0,0.0
Bengaluru Dist,Attibele PS,1.04421e+16,2017,1,1,Road Accidents,Other,City/Town,Open area,Human Error,No,Fatal,Others,Not Applicable,Others,NH,Bitumen(Tar),Others,Not Applicable,Others,BANGALORE HOSUR NH7 ROAD,NEAR ATTIBELE BORDER ATTIBELE TOWN,01-Feb,0.0,0.0
Bengaluru Dist,Attibele PS,1.04421e+16,2017,1,2,Road Accidents,Not Applicable,City/Town,Open area,Not Applicable,No,Grievous Injury,Not Applicable,Not Applicable,Not Applicable,Not Applicable,Surfaced,Not Applicable,Not Applicable,Others,"ATTIBELE SARJAPURA ROAD, INDLABELE NEAR",ANEKAL TALUK,500 M,0.0,0.0
Bengaluru Dist,Attibele PS,1.04421e+16,2017,1,2,Road Accidents,Not Applicable,Not Applicable,Open area,Not Applicable,No,Damage Only,Others,Not Applicable,Not Applicable,NH,Not Applicable,Not Applicable,Not Applicable,Not Applicable,NEAR AVR FACTORY,NH7 HOSUR BANGALORE ROAD,6 KM,0.0,0.0
Bengaluru Dist,Attibele PS,1.04421e+16,2017,1,1,Road Accidents,Other,Rural Areas,Open area,Human Error,No,Fatal,Others,Not Applicable,Others,Others,Bitumen(Tar),Others,Not Applicable,Others,ANEKAL TALUK,NEAR BESTHAMANAHALLI BUS STOP,8,0.0,0.0
Bengaluru Dist,Attibele PS,1.04421e+16,2017,1,1,Road Accidents,Other,City/Town,Open area,Human Error,No,Fatal,Others,Not Applicable,Others,NH,Bitumen(Tar),Others,Not Applicable,Others,GUEST LINE CIRCLE,NEAR PETROL BUNK ANEKAL TALUK,2,0.0,0.0
Bengaluru Dist,Attibele PS,1.04421e+16,2017,1,1,Road Accidents,Not Applicable,City/Town,Open area,Not Applicable,No,Grievous Injury,Not Applicable,Not Applicable,Not Applicable,NH,Surfaced,Not Applicable,Not Applicable,Others,"NH 7 BANGALORE HSOUR ROAD,",ATTIBELE TOLL NEAR,1 KM,0.0,0.0
Bengaluru Dist,Attibele PS,1.04421e+16,2017,1,2,Road Accidents,Not Applicable,City/Town,Open area,Not Applicable,No,Grievous Injury,Not Applicable,Not Applicable,Not Applicable,NH,Not Applicable,Not Applicable,Not Applicable,Others,"NH 7 HOSUR BANGALORE ROAD,",ATTIBELE TOWN,1 KM,0.0,0.0
Bengaluru Dist,Attibele PS,1.04421e+16,2017,1,2,Road Accidents,Other,City/Town,Open area,Human Error,No,Damage Only,Others,Not Applicable,Others,Others,Bitumen(Tar),Others,Not Applicable,Others,ATTIBELE TVS ROAD,NEAR ANJANEYA TRANSPORT,2 KM,0.0,0.0
Bengaluru Dist,Attibele PS,1.04421e+16,2017,1,1,Road Accidents,Other,City/Town,Near a religious place,Human Error,No,Grievous Injury,Others,Not Applicable,Others,NH,Bitumen(Tar),Others,Not Applicable,Others,NH7 BANGALORE HOSUR SERVICE ROAD,NEAR MAHADESHWARA TEMPLE YADAVANAHALLI,2 KM,0.0,0.0
Bengaluru Dist,Attibele PS,1.04421e+16,2017,1,1,Road Accidents,Other,Rural Areas,Open area,Human Error,No,Fatal,Skidding or Self accident,Not Applicable,Straight and flat,NH,Bitumen(Tar),Dry,Not Applicable,Not Applicable,"NH-7,BANGALORE-HOSUR ROAD",OPP SBR CHOWTRY,0.5 KM,0.0,0.0
Bengaluru Dist,Attibele PS,1.04421e+16,2017,1,1,Road Accidents,Not Applicable,Rural Areas,Near Bus stop,Not Applicable,No,Fatal,Not Applicable,Not Applicable,Others,Others,Concrete,Not Applicable,Not Applicable,Others,SHIVA TEMPLE NEAR THIMMASANDRA,1,10 KM,0.0,0.0
Bengaluru Dist,Attibele PS,1.04421e+16,2017,1,1,Road Accidents,Other,Rural Areas,Open area,Human Error,Yes,Fatal,Hit and Run,Not Applicable,Others,NH,Bitumen(Tar),Ditch or Potholed,Not Applicable,Not Applicable,"NH-7,BANGALORE-HOSUR ROAD",NEAR LA CLASSIC HOTEL,2 KM,0.0,0.0
Bengaluru Dist,Attibele PS,1.04421e+16,2017,1,1,Road Accidents,Other,City/Town,Open area,Human Error,No,Damage Only,Others,Not Applicable,Others,Others,Kutcha,Others,Not Applicable,Others,ANEKAL TALUK,BIDARAGUPPE KERE ERI,3,0.0,0.0
Bengaluru Dist,Attibele PS,1.04421e+16,2017,1,2,Road Accidents,Not Applicable,City/Town,Open area,Not Applicable,No,Grievous Injury,Not Applicable,Not Applicable,Not Applicable,NH,Surfaced,Not Applicable,Not Applicable,Not Applicable,"NH 7 BANGALORE HOSUR ROAD,",GUEST LINE CIRCLE NEAR,3 KM,0.0,0.0
Bengaluru Dist,Attibele PS,1.04421e+16,2017,1,2,Road Accidents,Other,City/Town,Open area,Human Error,No,Damage Only,Others,Not Applicable,Others,NH,Bitumen(Tar),Others,Not Applicable,Others,NH7 BANGALORE HOSUR MAIN ROAD,NEAR LA CLASSIC CHECKPOST,2 KM,0.0,0.0
Bengaluru Dist,Attibele PS,1.04421e+16,2017,1,2,Not Applicable,Other,City/Town,Open area,Human Error,No,Grievous Injury,Others,Not Applicable,Others,Others,Not Applicable,Others,Not Applicable,Others,SARJAPURA ATTIBELE ROAD,ON BIDARAGUPPE BRIDGE,3 KM,0.0,0.0
Bengaluru Dist,Attibele PS,1.04421e+16,2017,1,2,Road Accidents,Other,City/Town,Open area,Human Error,No,Damage Only,Others,Not Applicable,Others,NH,Bitumen(Tar),Others,Not Applicable,Others,NH7 BANGALORE HOSUR ROAD,NEAR NERALUR GATE ANEKAL TALUK,6 KM,0.0,0.0
Bengaluru Dist,Attibele PS,1.04421e+16,2017,1,1,Road Accidents,Other,City/Town,Open area,Human Error,No,Grievous Injury,Hit pedestrian,Not Applicable,Others,NH,Not Applicable,Others,Not Applicable,Others,HOSUR BANGALORE NH7 ROAD,NEAR BALAGARANAHALLI GATE,5 KM,0.0,0.0
Bengaluru Dist,Attibele PS,1.04421e+16,2017,1,1,Road Accidents,Not Applicable,Not Applicable,Open area,Not Applicable,Not Applicable,Grievous Injury,Not Applicable,Not Applicable,Not Applicable,NH,Not Applicable,Not Applicable,Not Applicable,Not Applicable,NH7 HOSUR BANGALORE ROAD,NEAR GELTECH FACTORY,2 KM,0.0,0.0