DISTRICTNAME,UNITNAME,Crime_No,Year,RI,Noofvehicle_involved,Accident_Classification,Accident_Spot,Accident_Location,Accident_SubLocation,Main_Cause,Hit_Run,Severity,Collision_Type,Junction_Control,Road_Character,Road_Type,Surface_Type,Surface_Condition,Road_Condition,Weather,Accident_Road,Landmark_first,Distance_LandMark_First,Latitude,Longitude
Bengaluru Dist,Attibele PS,1.04421e+16,2018,1,1,Road Accidents,Narrow road,Rural Areas,Near Bus stop,Human Error,No,Fatal,Hit pedestrian,Not Applicable,Others,NH,Bitumen(Tar),Dry,Not Applicable,Others,"NH-7,HOSUR-BANGALORE ROAD",NEAR NERALOOR BUS STOP,5 KM,0.0,0.0
Bengaluru Dist,Attibele PS,1.04421e+16,2018,1,2,Road Accidents,Junction,Rural Areas,Near Bus stop,Human Error,No,Fatal,Others,Stop sign,Others,NH,Bitumen(Tar),Dry,Not Applicable,Not Applicable,"NH-7,HOSUR-BANGALORE ROAD",NEAR BALAGHARANAHALLI GATE,4 KM,0.0,0.0
Bengaluru Dist,Attibele PS,1.04421e+16,2018,1,2,Road Accidents,Other,Rural Areas,Open area,Human Error,No,Simple Injury,Others,Not Applicable,Others,Others,Kutcha,Others,Not Applicable,Others,ATTIBELE ANEKAL ROAD,NEAR AREHALLI VILLAGE,2 KM,0.0,0.0
Bengaluru Dist,Attibele PS,1.04421e+16,2018,1,1,Road Accidents,Other,Rural Areas,Open area,Human Error,No,Simple Injury,Others,Not Applicable,Others,Others,Kutcha,Others,Not Applicable,Others,SARJAPURA ATTIBELE ROAD,NEAR BIDARAGUPPE,2 KM,0.0,0.0
Bengaluru Dist,Attibele PS,1.04421e+16,2018,1,2,Road Accidents,Other,City/Town,Open area,Human Error,No,Damage Only,Others,Not Applicable,Not Applicable,NH,Bitumen(Tar),Others,Not Applicable,Others,NH7 HOSUR BANGALORE ROAD,NEAR ATTIBELE BORDER,0.5 KM,0.0,0.0
Bengaluru Dist,Attibele PS,1.04421e+16,2018,1,1,Road Accidents,Other,Rural Areas,Open area,Human Error,No,Grievous Injury,Others,Not Applicable,Others,Others,Bitumen(Tar),Others,Not Applicable,Others,ATTIBELE ANEKAL ROAD,NEAR AREHALLI TALUK,3 KM,0.0,0.0
Bengaluru Dist,Attibele PS,1.04421e+16,2018,1,2,Road Accidents,Circle,Rural Areas,Near Bus stop,Human Error,No,Fatal,Hit bicyclist,Uncontrolled,Others,NH,Bitumen(Tar),Dry,Not Applicable,Clear,"NH-7,HOSUR-BANAGALORE ROAD",NEAR GUSTELINE CIRCLE,2 KM,0.0,0.0
Bengaluru Dist,Attibele PS,1.04421e+16,2018,1,2,Road Accidents,Not Applicable,Not Applicable,Open area,Human Error,No,Grievous Injury,Others,Not Applicable,Others,Others,Not Applicable,Others,Not Applicable,Others,ATTIBELE SARJAPURA ROAD,INFRONT OF TELECOM LAYOUT NEAR SILK FARM GATE,3.5,0.0,0.0
Bengaluru Dist,Attibele PS,1.04421e+16,2018,1,2,Road Accidents,Not Applicable,City/Town,Open area,Human Error,No,Damage Only,Others,Not Applicable,Others,Others,Bitumen(Tar),Others,Not Applicable,Others,ATTIBELE SARJAPURA ROAD NEAR LIBERTY ACRES GOLDEN GATE LAYOUT MAIN GATE,ANEKAL TALUK,1.5 KM,0.0,0.0
Bengaluru Dist,Attibele PS,1.04421e+16,2018,1,1,Road Accidents,Other,City/Town,Open area,Human Error,Yes,Grievous Injury,Others,Not at  Junction,Others,Others,Bitumen(Tar),Others,Not Applicable,Others,OPP INDCAB FACTORY,ATTIBELE IND AREA,4 KM,0.0,0.0
Bengaluru Dist,Attibele PS,1.04421e+16,2018,1,1,Road Accidents,Other,City/Town,Open area,Human Error,No,Fatal,Skidding or Self accident,Not Applicable,Others,NH,Bitumen(Tar),Dry,Not Applicable,Not Applicable,"NH-7,HOSUR-BANGALORE ROAD",INFRONT OF ATTIBELE CHECK POST,1,0.0,0.0
Bengaluru Dist,Attibele PS,1.04421e+16,2018,1,2,Road Accidents,Not Applicable,City/Town,Open area,Human Error,No,Damage Only,Others,Not Applicable,Not Applicable,NH,Bitumen(Tar),Others,Not Applicable,Others,NH7 HOSUR BANGALORE ROAD,NEAR GELTECH FACTORY YADAVANAHALLI,2 KM,0.0,0.0
Bengaluru Dist,Attibele PS,1.04421e+16,2018,1,1,Road Accidents,Other,Not Applicable,Near Bus stop,Human Error,Yes,Grievous Injury,Others,Not Applicable,Others,NH,Bitumen(Tar),Others,Not Applicable,Others,BANGALORE HOSUR NH7 ROAD,NEAR GUDDAHATTI GATE,4 KM,0.0,0.0
Bengaluru Dist,Attibele PS,1.04421e+16,2018,1,2,Road Accidents,Not Applicable,City/Town,Open area,Human Error,No,Grievous Injury,Others,Not Applicable,Others,NH,Bitumen(Tar),Others,Not Applicable,Others,NH7 BANGALORE HOSUR ROAD,NEAR ATTIBELE CIRCLE,200 MT,0.0,0.0
Bengaluru Dist,Attibele PS,1.04421e+16,2018,1,1,Road Accidents,Other,Rural Areas,Near Bus stop,Human Error,No,Fatal,Hit pedestrian,Not Applicable,Others,NH,Bitumen(Tar),Dry,Not Applicable,Others,BANGALORE-HOSUR NH-07 MAIN ROAD,YADAVANAHALLY GATE,2 KM,0.0,0.0
Bengaluru Dist,Attibele PS,1.04421e+16,2018,1,1,Road Accidents,Other,City/Town,At pedestrian Crossing,Human Error,Yes,Grievous Injury,Hit pedestrian,Not Applicable,Others,NH,Not Applicable,Others,Not Applicable,Others,NH7 BANGALORE HOSUR ROAD,NEAR YADAVANAHALLI BUS STOP,2 KM,0.0,0.0
Bengaluru Dist,Attibele PS,1.04421e+16,2018,1,1,Road Accidents,Other,Rural Areas,Near Petrol Pump,Not Applicable,No,Damage Only,Others,Not Applicable,Others,Village Road,Concrete,Muddy,Not Applicable,Others,TVS ATTIBELE ROAD,2 KM TOWARDS,2 KM,0.0,0.0
Bengaluru Dist,Attibele PS,1.04421e+16,2018,1,2,Road Accidents,Other,City/Town,Open area,Human Error,No,Damage Only,Others,Not at  Junction,Not Applicable,NH,Bitumen(Tar),Others,Not Applicable,Others,NH7 HOSUR BANGALORE ROAD,NEAR GUDDAHATTI GATE,4 KM,0.0,0.0
Bengaluru Dist,Attibele PS,1.04421e+16,2018,1,1,Road Accidents,Other,City/Town,Open area,Human Error,No,Grievous Injury,Others,Not Applicable,Others,NH,Bitumen(Tar),Others,Not Applicable,Others,NH7 HOSUR BANGALORE ROAD,NEAR MANJUNATHA BAKERY,4 KM,0.0,0.0
Bengaluru Dist,Attibele PS,1.04421e+16,2018,1,2,Road Accidents,Other,Rural Areas,Near Petrol Pump,Human Error,No,Simple Injury,Others,Not Applicable,Not Applicable,Others,Bitumen(Tar),Others,Not Applicable,Others,NEAR MDR PETROL BUNK,BALLUR CROSS ANEKAL TALUK,4 KM,0.0,0.0
Bengaluru Dist,Attibele PS,1.04421e+16,2018,1,1,Road Accidents,Narrow road,Rural Areas,Near Bus stop,Human Error,No,Fatal,Hit pedestrian,Uncontrolled,Straight and flat,NH,Bitumen(Tar),Dry,Not Applicable,Clear,"NH-7,HOSUR-BANGALORE SERVICE ROAD",NEAR NERALOOR BUS STOP,5 KM,0.0,0.0
Bengaluru Dist,Attibele PS,1.04421e+16,2018,1,2,Road Accidents,Other,Not Applicable,Near a factory industrial area,Human Error,No,Simple Injury,Others,Not Applicable,Not Applicable,NH,Bitumen(Tar),Others,Not Applicable,Others,NH7 HOSUR BANGALURU ROAD NEAR BALLGARNHALLI,BALAGARANAHALLI,4KM,0.0,0.0
Bengaluru Dist,Attibele PS,1.04421e+16,2018,1,2,Road Accidents,Narrow road,Rural Areas,Near office complex,Human Error,No,Fatal,Rear end,Uncontrolled,Others,NH,Bitumen(Tar),Dry,Not Applicable,Others,"NH7,BANGALORE-HOSUR ROAD",NEAR ATTIBELE CHECK POST,0.5 KM,0.0,0.0
Bengaluru Dist,Attibele PS,1.04421e+16,2018,1,2,Not Applicable,Other,City/Town,Near Bus stop,Human Error,No,Grievous Injury,Others,Not Applicable,Others,NH,Bitumen(Tar),Others,Not Applicable,Others,NH7 BANGALORE HOSUR ROAD INFRONT OF NEW PATEL STORE,NEAR NERALUR BUS STAND ATTIBELE,4 KM,0.0,0.0
Bengaluru Dist,Attibele PS,1.04421e+16,2018,1,2,Road Accidents,Narrow road,Rural Areas,Open area,Human Error,No,Fatal,Hit bicyclist,Not Applicable,Others,NH,Bitumen(Tar),Dry,Not Applicable,Others,"NH-7,HOSUR-BANGALORE ROAD",NEAR UPKAR LAYOUT,1 KM,0.0,0.0
Bengaluru Dist,Attibele PS,1.04421e+16,2018,1,2,Road Accidents,Other,Rural Areas,Near Bus stop,Human Error,No,Fatal,Hit bicyclist,Uncontrolled,Curve,State Highway,Bitumen(Tar),Dry,Not Applicable,Clear,ATTIBELE SARJAPURA ROAD,NEAR INDLABELE VILLAGE,1.5 KM,0.0,0.0
Bengaluru Dist,Attibele PS,1.04421e+16,2018,1,2,Road Accidents,Other,City/Town,Open area,Human Error,No,Simple Injury,Others,Not Applicable,Not Applicable,NH,Bitumen(Tar),Others,Not Applicable,Others,NH7 HOSUR BANGALORE ROAD,NEAR GUESTLINE CIRCLE,3,0.0,0.0
Bengaluru Dist,Attibele PS,1.04421e+16,2018,1,2,Road Accidents,Other,City/Town,Open area,Human Error,No,Simple Injury,Others,Not Applicable,Others,NH,Bitumen(Tar),Others,Not Applicable,Others,NH7 BANGALORE HOSUR ROAD,INFRONT OF SBR KALYANA MANTAPA,1 KM,0.0,0.0
Bengaluru Dist,Attibele PS,1.04421e+16,2018,1,2,Road Accidents,Not Applicable,Rural Areas,Open area,Human Error,No,Grievous Injury,Others,Not Applicable,Others,Others,Kutcha,Others,Not Applicable,Others,ATTIBELE SARJAPURA ROAD,NEAR SILK FARM GATE,4 KM,0.0,0.0
Bengaluru Dist,Attibele PS,1.04421e+16,2019,1,1,Road Accidents,Narrow road,Rural Areas,Open area,Human Error,No,Fatal,Hit pedestrian,Uncontrolled,Straight and flat,NH,Bitumen(Tar),Dry,Not Applicable,Clear,"NH-7,HOSUR-BANGALORE ROAD",NEAR GUDDAHATTI GATE,5 KM,12.778738,77.772343
Bengaluru Dist,Attibele PS,1.04421e+16,2019,1,2,Road Accidents,Other,City/Town,Open area,Human Error,Yes,Grievous Injury,Others,Not at  Junction,Others,Others,Bitumen(Tar),Others,Not Applicable,Others,ATTIBELE SARJAPURA ROAD,NEAR INDLABELE ANEKAL TALUK,2 KM,12.789461,77.775568
Bengaluru Dist,Attibele PS,1.04421e+16,2019,1,4,Road Accidents,Other,City/Town,Open area,Human Error,No,Grievous Injury,Others,Not at  Junction,Others,NH,Bitumen(Tar),Others,Not Applicable,Others,ATTIBELE SARJAPURA ROAD,LIBERTY ACRES INDLABELE,3 KM,12.793305,77.779565
Bengaluru Dist,Attibele PS,1.04421e+16,2019,1,1,Road Accidents,Not Applicable,City/Town,Near Bus stop,Human Error,No,Grievous Injury,Hit pedestrian,Not Applicable,Others,NH,Bitumen(Tar),Dry,Not Applicable,Others,NH7 BANGALORE HOSUR ROAD,NEAR BUS STOP YADAVANAHALLI,3 KM,12.785581,77.7508169
Bengaluru Dist,Attibele PS,1.04421e+16,2019,1,1,Road Accidents,Other,City/Town,Near Petrol Pump,Human Error,No,Grievous Injury,Others,Not at  Junction,Others,Others,Bitumen(Tar),Others,Not Applicable,Others,ATTIBELE ANEKAL ROAD,NEAR ATTIBELE PETROL BUNK,1 KM,12.77171,77.770686
Bengaluru Dist,Attibele PS,1.04421e+16,2019,1,2,Road Accidents,Other,City/Town,Open area,Human Error,No,Damage Only,Others,Not at  Junction,Others,NH,Bitumen(Tar),Others,Not Applicable,Others,NH7 HOSUR BANGALORE ROAD,NEAR ATTIBELE TOLL ATTIBELE TOWN,1 KM,12.776652,77.776989
Bengaluru Dist,Attibele PS,1.04421e+16,2019,1,2,Road Accidents,Not Applicable,City/Town,Open area,Human Error,No,Grievous Injury,Vehicle to Vehicle,Not at  Junction,Others,NH,Bitumen(Tar),Others,Not Applicable,Others,NH7 BANGALORE HOSUR ROAD,NEAR GUESTLINE CIRCLE,3 KM,12.786655,77.741719
Bengaluru Dist,Attibele PS,1.04421e+16,2019,1,2,Road Accidents,Cross roads,Rural Areas,Open area,Human Error,No,Damage Only,Vehicle to Vehicle,Not at  Junction,Others,Others,Bitumen(Tar),Others,Not Applicable,Others,TVS ATTIBELE ROAD,NEAR BALLUR CROSS,4 KM,12.749725,77.779424
Bengaluru Dist,Attibele PS,1.04421e+16,2019,1,1,Road Accidents,Not Applicable,City/Town,Open area,Human Error,No,Grievous Injury,Hit pedestrian,Not at  Junction,Others,NH,Bitumen(Tar),Others,Not Applicable,Others,NH7 HOSUR BANGALORE ROAD,NEAR GUDDAHATTI GATE,4 KM,12.788305,77.7355139
Bengaluru Dist,Attibele PS,1.04421e+16,2019,1,2,Road Accidents,Narrow road,City/Town,Open area,Human Error,No,Damage Only,Vehicle to Vehicle,Not at  Junction,Straight and flat,NH,Bitumen(Tar),Dry,No influence on accident,Clear,NH7 BENGALURU HOSUR ROAD,NEAR ATTIBELE TOLL OFFICE,500 MT,12.77772,77.775725
Bengaluru Dist,Attibele PS,1.04421e+16,2019,1,2,Road Accidents,Not Applicable,City/Town,Open area,Human Error,No,Damage Only,Vehicle to Vehicle,Not Applicable,Others,NH,Bitumen(Tar),Others,Not Applicable,Others,NH7 BANGALORE HOSUR ROAD,ON FLY OVER ATTIBELE,01-Feb,12.778193,77.774219
Bengaluru Dist,Attibele PS,1.04421e+16,2019,1,2,Road Accidents,Not Applicable,City/Town,Open area,Human Error,No,Damage Only,Vehicle to Vehicle,Not at  Junction,Others,NH,Bitumen(Tar),Others,Not Applicable,Others,NH7 HOSUR BANGALORE ROAD,NEAR ATTIBELE CIRCLE,200MTR,12.778288,77.771221
Bengaluru Dist,Attibele PS,1.04421e+16,2019,1,1,Road Accidents,Circle,Rural Areas,Open area,Human Error,Yes,Fatal,Others,Uncontrolled,Straight and flat,NH,Bitumen(Tar),Dry,Not Applicable,Clear,BANGALORE-HOSUR MAIN ROAD,NEAR GUEST LINE CIRCLE,3 KM,12.809178,77.774816
Bengaluru Dist,Attibele PS,1.04421e+16,2019,1,2,Road Accidents,Other,City/Town,Open area,Human Error,No,Grievous Injury,Others,Not Applicable,Others,NH,Bitumen(Tar),Others,Not Applicable,Others,NH7 BENGALURU HOSUR SERVICE ROAD,OPP TO NARMADA BAR ATTIBELE,1 KM,12.778221,77.774676
Bengaluru Dist,Attibele PS,1.04421e+16,2019,1,2,Road Accidents,Other,City/Town,Open area,Human Error,No,Grievous Injury,Others,Not at  Junction,Others,Others,Bitumen(Tar),Others,Not Applicable,Others,SARJAPURA ATTIBELE ROAD,NEAR VAIBHAVA KALYANA MANTAPA,1/2 KM,12.786158,77.773932
Bengaluru Dist,Attibele PS,1.04421e+16,2019,1,2,Road Accidents,Not Applicable,City/Town,Open area,Human Error,Yes,Grievous Injury,Not Applicable,Not at  Junction,Others,NH,Bitumen(Tar),Others,Not Applicable,Others,NH7 BANGALORE HOSUR ROAD,NEAR GUESTLINE CIRCLE,3 KM,12.786666,77.741721
Bengaluru Dist,Attibele PS,1.04421e+16,2019,1,2,Road Accidents,Other,City/Town,Open area,Human Error,No,Damage Only,Others,Not Applicable,Others,NH,Bitumen(Tar),Others,Not Applicable,Others,NH7 BANGALORE HOSUR ROAD,NEAR NERALUR PANCHYATH OFFICE,5 KM,12.791491,77.730525
Bengaluru Dist,Attibele PS,1.04421e+16,2019,1,1,Road Accidents,Not Applicable,City/Town,Open area,Human Error,No,Grievous Injury,Hit pedestrian,Not at  Junction,Not Applicable,NH,Bitumen(Tar),Others,Not Applicable,Others,ATTIBELE SARJAPURA ROAD,NEAR VAIBHAVA KALYANA MANTAPA ATTIBELE,1/2 KM,12.786211,77.773951
Bengaluru Dist,Attibele PS,1.04421e+16,2019,1,1,Road Accidents,Narrow road,City/Town,Near office complex,Human Error,No,Fatal,Hit pedestrian,Uncontrolled,Straight and flat,NH,Bitumen(Tar),Dry,Not Applicable,Clear,"NH-7,HOSUR-BANGALORE ROAD",NEAR ARCH ATTIBELE BORDER,1 KM,12.774381,77.780859
Bengaluru Dist,Attibele PS,1.04421e+16,2019,1,2,Road Accidents,Narrow road,Rural Areas,Near Bus stop,Human Error,Yes,Fatal,Hit bicyclist,Uncontrolled,Straight and flat,NH,Bitumen(Tar),Dry,Not Applicable,Clear,"NH-7,HOSUR-BANGALORE ROAD",GUDDAHATTI GATE,4 KM,12.787715,77.7375069
Bengaluru Dist,Attibele PS,1.04421e+16,2019,1,2,Road Accidents,Circle,City/Town,Open area,Human Error,No,Fatal,Hit bicyclist,Uncontrolled,Others,Service Road,Bitumen(Tar),Dry,Not Applicable,Clear,NEAR ATTIBELE CIRCLE,ATTIBELE TOWN,0.2 KM,12.788198,77.73711
Bengaluru Dist,Attibele PS,1.04421e+16,2019,1,1,Road Accidents,Narrow road,Rural Areas,Near office complex,Human Error,No,Fatal,Not Applicable,Uncontrolled,Straight and flat,NH,Bitumen(Tar),Dry,Not Applicable,Clear,"NH-7,BANGALORE-HOSUR MAIN ROAD",NEAR ATTIBELE TOLL,1 KM,12.777439,77.776341
Bengaluru Dist,Attibele PS,1.04421e+16,2019,1,2,Road Accidents,Not Applicable,Rural Areas,Open area,Human Error,No,Grievous Injury,Vehicle to Vehicle,Not at  Junction,Others,Others,Bitumen(Tar),Others,Not Applicable,Others,NEAR BIDARAGUPPE KERE YERI,ANEKAL TALUK,3 KM,12.794987,77.7797329
Bengaluru Dist,Attibele PS,1.04421e+16,2019,1,2,Road Accidents,Not Applicable,City/Town,Open area,Human Error,No,Damage Only,Vehicle to Vehicle,Not at  Junction,Others,NH,Bitumen(Tar),Others,Not Applicable,Others,NH7 BANGALORE HOSUR ROAD,NEA GUESTLINE CIRCLE,3 KM,12.786514,77.743161
Bengaluru Dist,Attibele PS,1.04421e+16,2019,1,1,Road Accidents,Other,Not Applicable,Near Bus stop,Not Applicable,No,Grievous Injury,Not Applicable,Not Applicable,Others,Not Applicable,Concrete,Not Applicable,Not Applicable,Others,NEAR GUEST LINE HOTEL,3 KM TOWARDS WEST,3 KM,12.788475,77.737336
Bengaluru Dist,Attibele PS,1.04421e+16,2019,1,2,Road Accidents,Other,City/Town,Open area,Human Error,No,Grievous Injury,Others,Not Applicable,Others,NH,Bitumen(Tar),Others,Not Applicable,Others,NH7 HOSUR BANGALORE ROAD,NEAR ATTIBELE ARCH,1 KM,12.779578,77.748059
Bengaluru Dist,Attibele PS,1.04421e+16,2019,1,2,Road Accidents,Not Applicable,City/Town,Open area,Human Error,Yes,Damage Only,Others,Not Applicable,Others,NH,Bitumen(Tar),Others,Not Applicable,Others,NH7 BANGALORE ATTIBELE SERVICE ROAD,NEAR GUESTLINE CIRCLE,2 KM,12.804672,77.786211
Bengaluru Dist,Attibele PS,1.04421e+16,2019,1,1,Road Accidents,Not Applicable,City/Town,Near a religious place,Not Applicable,No,Grievous Injury,Not Applicable,Not at  Junction,Not Applicable,NH,Concrete,Not Applicable,Not Applicable,Cloudy,NEAR ANJANEYA SWAMY TEMPLE GUEST LINE CIRCLE,3 KM TOWARDS WEST,3 KM,12.786859,77.742049
Bengaluru Dist,Attibele PS,1.04421e+16,2019,1,2,Road Accidents,Not Applicable,City/Town,Open area,Human Error,No,Damage Only,Others,Not Applicable,Others,NH,Bitumen(Tar),Others,Not Applicable,Others,NH7 HOSUR BANGALORE RD,NEAR ATTIBELE TOLL LANE,1/2 KM,12.775659,77.77872
Bengaluru Dist,Attibele PS,1.04421e+16,2019,1,2,Road Accidents,Not Applicable,Rural Areas,Near a factory industrial area,Human Error,No,Grievous Injury,Vehicle to Vehicle,Not at  Junction,Others,Others,Bitumen(Tar),Others,Not Applicable,Others,ANEKAL MAIN ROAD,NEAR AMAZON COMPANY,5 KM,12.745347,77.739799
Bengaluru Dist,Attibele PS,1.04421e+16,2019,1,4,Road Accidents,Not Applicable,City/Town,Near a factory industrial area,Human Error,No,Grievous Injury,Vehicle to Vehicle,Not at  Junction,Others,NH,Bitumen(Tar),Others,Not Applicable,Others,NH7 HOSUR BANGALORE ROAD NEAR AVS,BALAGARANAHALLI ATTIBELE HOBLI,4 KM,12.788663,77.735301
Bengaluru Dist,Attibele PS,1.04421e+16,2019,1,2,Road Accidents,Not Applicable,Rural Areas,Near Petrol Pump,Human Error,Not Applicable,Damage Only,Not Applicable,Not Applicable,Not Applicable,Others,Concrete,Not Applicable,Not Applicable,Others,ATTIBELE TVS ROAD,ATTIBELE TVS ROAD,4 KM,12.7577,77.774065
Bengaluru Dist,Attibele PS,1.04421e+16,2019,1,1,Road Accidents,Not Applicable,City/Town,Open area,Human Error,No,Damage Only,Hit pedestrian,Not Applicable,Others,NH,Bitumen(Tar),Others,Not Applicable,Others,NH7 HOSUR ANGALORE ROAD 1ST LINE,ATIBELE TOLL NEAR DURGA,1 KM,12.77625,77.777641
Bengaluru Dist,Attibele PS,1.04421e+16,2019,1,2,Road Accidents,Road hump or Rumble strips,Rural Areas,Near Bus stop,Human Error,No,Damage Only,Vehicle to Vehicle,Not at  Junction,Hump,Minor District Road,Bitumen(Tar),Dry,No influence on accident,Clear,NEAR BESTHAMANAHALLI BUS STOP HUMPS,ATTIBELE HOBLI ANEKAL TALUK,8 KM,12.730876,77.726681
Bengaluru Dist,Attibele PS,1.04421e+16,2019,1,2,Road Accidents,Not Applicable,Rural Areas,Open area,Human Error,No,Grievous Injury,Others,Not Applicable,Others,Others,Not Applicable,Others,Not Applicable,Others,SAMANDUR ANEKAL ROAD,NEAR SAMANDUR GATE,8 KM,12.774506,77.780303
Bengaluru Dist,Attibele PS,1.04421e+16,2019,1,1,Road Accidents,Narrow road,Rural Areas,Open area,Human Error,No,Fatal,Skidding or Self accident,Stop sign,Straight and flat,Village Road,Bitumen(Tar),Dry,Not Applicable,Clear,ATTIBELE-ANEKAL ROAD,THATTANAHALLI VILLAGE,4 KM,12.778797,77.771803
Bengaluru Dist,Attibele PS,1.04421e+16,2019,1,2,Road Accidents,Other,City/Town,Open area,Human Error,No,Damage Only,Others,Not Applicable,Not Applicable,NH,Bitumen(Tar),Others,Not Applicable,Clear,NH7 BANGALORE HOSUR ROAD,NEAR YADAVANAHALLI GATE,2 KM,12.788256,77.735904
Bengaluru Dist,Attibele PS,1.04421e+16,2019,1,2,Road Accidents,Other,Rural Areas,Open area,Human Error,No,Damage Only,Others,Not Applicable,Others,Others,Bitumen(Tar),Others,Not Applicable,Clear,ATTIBELE TVS ROAD,NEAR MANJANNA HOUSE,2KM,12.786471,77.741877
Bengaluru Dist,Attibele PS,1.04421e+16,2019,1,1,Road Accidents,Not Applicable,Not Applicable,Near Bus stop,Human Error,No,Grievous Injury,Not Applicable,Not Applicable,Others,NH,Concrete,Not Applicable,Not Applicable,Not Applicable,ATTIBELE CHECKPOST,3 KM WEST,3 KM,12.786787,77.741822
Bengaluru Dist,Attibele PS,1.04421e+16,2019,1,1,Road Accidents,Other,City/Town,Near Bus stop,Not Applicable,No,Damage Only,Others,Not Applicable,Curve,Two way,Concrete,Others,Not Applicable,Others,NH7 ROAD ATTIBELECHECKPOST,ATTIBELE CHECKPOST,1/2 KM,12.775775,77.778584
Bengaluru Dist,Attibele PS,1.04421e+16,2019,1,1,Road Accidents,Curves,City/Town,At pedestrian Crossing,Human Error,No,Grievous Injury,Hit pedestrian,Not at  Junction,Curve,NH,Bitumen(Tar),Dry,No influence on accident,Clear,NH7BANGALORE HOSUR ROAD,NEAR NERALUR BUS STOP,6 KM,12.791917,77.7297209
Bengaluru Dist,Attibele PS,1.04421e+16,2019,1,2,Rail Road Accidents,Narrow road,Rural Areas,Near Bus stop,Human Error,No,Fatal,Vehicle to Vehicle,Uncontrolled,Straight and flat,NH,Bitumen(Tar),Dry,Not Applicable,Clear,HOSUR-BANGALORE ROAD,NEAR GUDDAHATTI GATE,4 KM,12.788154,77.7371939
Bengaluru Dist,Attibele PS,1.04421e+16,2019,1,2,Road Accidents,Other,Rural Areas,Open area,Human Error,No,Simple Injury,Others,Not Applicable,Others,Others,Not Applicable,Others,Not Applicable,Others,NEAR DASANAPURA GATE,ATTIBELE HOBLI ANEKAL TALUK,3 KM,12.770643,77.771072
Bengaluru Dist,Attibele PS,1.04421e+16,2019,1,1,Road Accidents,Not Applicable,City/Town,Open area,Human Error,No,Grievous Injury,Others,Not Applicable,Others,NH,Bitumen(Tar),Others,Not Applicable,Others,NH7 HOSUR BANGALORE ROAD,NEAR FEDERAL BANK BALAGARANAHALLI,5 KM,12.806885,77.78393
Bengaluru Dist,Attibele PS,1.04421e+16,2019,1,2,Road Accidents,Not Applicable,City/Town,Open area,Human Error,No,Grievous Injury,Vehicle to Vehicle,Not at  Junction,Others,NH,Bitumen(Tar),Others,Not Applicable,Others,BANGALORE ATTIBELE ROAD,NEAR SBR KALYANA MANTAPA ATTIBELE TOWN,1/2 KM,12.783667,77.759235
Bengaluru Dist,Attibele PS,1.04421e+16,2019,1,2,Road Accidents,Other,City/Town,Open area,Human Error,Yes,Damage Only,Others,Not Applicable,Others,NH,Bitumen(Tar),Others,Not Applicable,Others,NH7 HOSUR BANGALORE ROAD,NEAR ATTIBELE TOLL,500 MT,12.776422,77.77764
Bengaluru Dist,Attibele PS,1.04421e+16,2019,1,2,Road Accidents,Narrow road,Rural Areas,Residential area,Human Error,Yes,Fatal,Vehicle to Vehicle,Uncontrolled,Straight and flat,State Highway,Bitumen(Tar),Dry,Not Applicable,Clear,SARJAPURA-ATTIBELE ROAD,OPP SRI RAM SMRUTHI APARTMENT,3 KM,12.812693,77.782814
Bengaluru Dist,Attibele PS,1.04421e+16,2019,1,2,Road Accidents,Narrow road,Rural Areas,Open area,Human Error,No,Fatal,Vehicle to Vehicle,Uncontrolled,Straight and flat,NH,Bitumen(Tar),Dry,Not Applicable,Clear,HOSUR-BANGALORE ROAD,NEAR ATTIBELE BORDER,1 KM,12.776331,77.777841
Bengaluru Dist,Attibele PS,1.04421e+16,2019,1,2,Road Accidents,Other,Not Applicable,Open area,Human Error,No,Simple Injury,Others,Not Applicable,Others,NH,Bitumen(Tar),Others,Not Applicable,Others,BANGALORE HOSUR SERVICE ROAD,NEAR CHIKKANAHALLI CROSS,200 MT,12.799472,77.761342
Bengaluru Dist,Attibele PS,1.04421e+16,2019,1,1,Road Accidents,Other,Rural Areas,Open area,Human Error,No,Grievous Injury,Others,Not Applicable,Not Applicable,Others,Bitumen(Tar),Others,Not Applicable,Others,ATTIBELE SARJAPURA ROAD,NEAR SOWPARNIKA APARTMENTS BIDARAGUPPE,4 KM,12.785794,77.750752
Bengaluru Dist,Attibele PS,1.04421e+16,2019,1,1,Road Accidents,Cross roads,Rural Areas,Near Bus stop,Vehicle Defect,No,Fatal,Not Applicable,Not at  Junction,Curve,Others,Concrete,Others,Not Applicable,Others,NEAR NERALUR BUS STOP,NEAR NERALUR GATE,1 KM,12.791905,77.729277
Bengaluru Dist,Attibele PS,1.04421e+16,2019,1,2,Road Accidents,Not Applicable,City/Town,Near a factory industrial area,Human Error,No,Grievous Injury,Vehicle to Vehicle,Not at  Junction,Others,NH,Bitumen(Tar),Others,Not Applicable,Others,BANGALORE HOSUR NH7 ROAD,NEAR HMG FACTORY,2 KM,12.783055,77.759807
Bengaluru Dist,Attibele PS,1.04421e+16,2019,1,4,Road Accidents,Not Applicable,City/Town,Open area,Human Error,No,Damage Only,Vehicle to Vehicle,Not at  Junction,Others,NH,Bitumen(Tar),Others,Not Applicable,Others,NH7 BANGALORE HOSUR SERVICE ROAD,NEAR CHIKKANAHALLI ROAD ATTIBELE TOWN,600 MT,12.777753,77.775535
Bengaluru Dist,Attibele PS,1.04421e+16,2019,1,2,Road Accidents,Not Applicable,City/Town,Open area,Human Error,Yes,Grievous Injury,Vehicle to Vehicle,Not at  Junction,Straight and flat,NH,Bitumen(Tar),Others,No influence on accident,Clear,NH7 HOSUR BANGALORE MAIN ROAD,NEAR BALAGARANAHALLI GATE,5 KM,12.788493,77.735744
Bengaluru Dist,Attibele PS,1.04421e+16,2019,1,2,Road Accidents,Not Applicable,City/Town,Open area,Human Error,No,Grievous Injury,Vehicle to Vehicle,Not at  Junction,Others,NH,Bitumen(Tar),Others,Not Applicable,Others,NH7 BANGALORE HOSUR ROAD,ON ATTIBELE FLY OVER BRIDGE,1 KM,12.779292,77.769092
Bengaluru Dist,Attibele PS,1.04421e+16,2019,1,1,Road Accidents,Not Applicable,City/Town,Near Bus stop,Not Applicable,Yes,Not Applicable,Vehicle to Vehicle,Not Applicable,Others,NH,Concrete,Not Applicable,Not Applicable,Others,BANGALORE HOSUR NH7 ROAD,3 KM TOWARDS WEST,3 KM,12.791228,77.727046
Bengaluru Dist,Attibele PS,1.04421e+16,2019,1,2,Road Accidents,Not Applicable,City/Town,Open area,Human Error,No,Grievous Injury,Vehicle to Vehicle,Not at  Junction,Others,NH,Bitumen(Tar),Others,Not Applicable,Others,NH7 BANGALORE HOSUR ROAD,NEAR SBR KALYANA MANTAPA,01-Feb,12.783291,77.758933
Bengaluru Dist,Attibele PS,1.04421e+16,2019,1,2,Road Accidents,Not Applicable,City/Town,Open area,Human Error,No,Grievous Injury,Vehicle to Vehicle,Not at  Junction,Others,NH,Bitumen(Tar),Others,Not Applicable,Others,NH7 HOSUR BANGALORE ROAD,NEAR ATTIBELE BORDER ARCH,1 KM,12.774608,77.780557