DISTRICTNAME,UNITNAME,Crime_No,Year,RI,Noofvehicle_involved,Accident_Classification,Accident_Spot,Accident_Location,Accident_SubLocation,Main_Cause,Hit_Run,Severity,Collision_Type,Junction_Control,Road_Character,Road_Type,Surface_Type,Surface_Condition,Road_Condition,Weather,Accident_Road,Landmark_first,Distance_LandMark_First,Latitude,Longitude
Bengaluru Dist,Attibele PS,1.04421e+16,2019,1,2,Road Accidents,Offset,City/Town,Open area,Human Error,No,Grievous Injury,Vehicle to Vehicle,Not at  Junction,Curve,NH,Bitumen(Tar),Dry,No influence on accident,Clear,NH7 BANGALORE HOSUR SERVICE ROAD,NEAR LA CLASSIC,1 KM,12.783717,77.757009
Bengaluru Dist,Attibele PS,1.04421e+16,2019,1,2,Road Accidents,Not Applicable,City/Town,Near a factory industrial area,Human Error,No,Damage Only,Vehicle to Vehicle,Not at  Junction,Others,NH,Bitumen(Tar),Others,Not Applicable,Others,NH7 HOSUR BANGALORE ROAD,NEAR AVS COMPANY BALAGARANAHALLI GATE,4 KM,12.788832,77.734974
Bengaluru Dist,Attibele PS,1.04421e+16,2019,1,1,Road Accidents,Narrow road,Rural Areas,Near Bus stop,Human Error,No,Fatal,Hit pedestrian,Uncontrolled,Straight and flat,NH,Bitumen(Tar),Dry,Not Applicable,Clear,"NH-7,HOSUR-BANGALORE ROAD",NEAR BALAGARANAHALLI GATE,4 KM,12.788562,77.7354609
Bengaluru Dist,Attibele PS,1.04421e+16,2019,1,3,Road Accidents,Cross roads,City/Town,Open area,Human Error,No,Grievous Injury,Vehicle to Vehicle,Not at  Junction,Straight and flat,NH,Bitumen(Tar),Dry,No influence on accident,Clear,NH7 HOSUR BANGALORE ROAD,NEAR ATTIBELE BORDER,500,12.775796,77.778369
Bengaluru Dist,Attibele PS,1.04421e+16,2019,1,2,Road Accidents,Other,City/Town,Open area,Human Error,No,Damage Only,Others,Not Applicable,Others,NH,Bitumen(Tar),Others,Not Applicable,Others,NH7 BANGALORE HOSUR SERVICE ROAD,NEAR GOPALAKRISHNA BLDG ATTIBELE CIRCLE,1/2 KM,12.778606,77.770442
Bengaluru Dist,Attibele PS,1.04421e+16,2019,1,2,Road Accidents,Other,City/Town,Open area,Human Error,Yes,Grievous Injury,Others,Not at  Junction,Others,Others,Bitumen(Tar),Others,Not Applicable,Others,NEAR BALAJI SERVICE STATION,INDLABELE ANEKAL TALUK,1 KM,12.806284,77.76073
Bengaluru Dist,Attibele PS,1.04421e+16,2019,1,2,Road Accidents,Not Applicable,City/Town,Open area,Human Error,No,Damage Only,Vehicle to Vehicle,Not at  Junction,Others,NH,Bitumen(Tar),Others,Not Applicable,Others,NH7 BANGALORE HOSUR MAIN ROAD,NEAR NARMADA BAR ATTIBELE,1/2 KM,12.780993,77.764587
Bengaluru Dist,Attibele PS,1.04421e+16,2019,1,2,Road Accidents,Not Applicable,Rural Areas,Open area,Human Error,No,Grievous Injury,Not Applicable,Not at  Junction,Others,Others,Bitumen(Tar),Others,Not Applicable,Others,ATTIBELE JIGALA ROAD,NEAR PAPAREDDY HOUSE,2 KM,12.794762,77.764967
Bengaluru Dist,Attibele PS,1.04421e+16,2019,1,2,Road Accidents,Not Applicable,City/Town,Open area,Human Error,No,Grievous Injury,Vehicle to Vehicle,Not at  Junction,Others,Others,Bitumen(Tar),Others,Not Applicable,Others,ATTIBELE TVS ROAD,OPPOSITE TO CANARA BANK ATTIBELE,01-Feb,12.776959,77.769566
Bengaluru Dist,Attibele PS,1.04421e+16,2019,1,2,Road Accidents,Narrow road,Rural Areas,Near a factory industrial area,Human Error,No,Fatal,Hit parked vehicle,Uncontrolled,Straight and flat,State Highway,Bitumen(Tar),Dry,Not Applicable,Clear,ATTIBELE-TVS ROAD,NEAR RG PEPSI GODON,1 KM,12.786712,77.7490939
Bengaluru Dist,Attibele PS,1.04421e+16,2019,1,2,Road Accidents,Other,City/Town,Open area,Human Error,No,Damage Only,Others,Not Applicable,Others,NH,Bitumen(Tar),Others,Not Applicable,Others,NH7 HOSUR BANGALORE ROAD,NEAR ATTIBELE TOLL,1 KM,12.805808,77.783635
Bengaluru Dist,Attibele PS,1.04421e+16,2019,1,1,Road Accidents,Narrow road,Rural Areas,Near a factory industrial area,Human Error,No,Fatal,Hit pedestrian,Uncontrolled,Straight and flat,NH,Bitumen(Tar),Dry,Not Applicable,Clear,HOSUR-BANGALORE ROAD,NEAR ASHIRVAD FACTORY,2 KM,12.778551,77.770805
Bengaluru Dist,Attibele PS,1.04421e+16,2019,1,2,Road Accidents,Narrow road,Rural Areas,Open area,Human Error,No,Fatal,Vehicle to Vehicle,Uncontrolled,Others,State Highway,Bitumen(Tar),Dry,Not Applicable,Clear,ATTIBELE-SARJAPURA ROAD,NEAR BIG MARKET,1 KM,12.785646,77.773438
Bengaluru Dist,Attibele PS,1.04421e+16,2019,1,2,Road Accidents,Narrow road,Rural Areas,Open area,Human Error,No,Fatal,Vehicle to Vehicle,Uncontrolled,Straight and flat,NH,Bitumen(Tar),Dry,Not Applicable,Clear,"NH-7,BANGALORE-HOSUR MAIN ROAD",NEAR NERALOOR VILLAGE,5 KM,12.792265,77.728645
Bengaluru Dist,Attibele PS,1.04421e+16,2019,1,2,Road Accidents,Not Applicable,City/Town,Open area,Human Error,No,Grievous Injury,Vehicle to Vehicle,Not at  Junction,Others,Others,Bitumen(Tar),Others,Not Applicable,Others,ATTIBELE TVS ROAD NEAR KRISHNA DAIRY,DASANAPURA,4 KM,12.747727,77.780405
Bengaluru Dist,Attibele PS,1.04421e+16,2019,1,1,Road Accidents,Circle,Rural Areas,Near Hospital,Human Error,No,Fatal,Hit pedestrian,Uncontrolled,Curve,State Highway,Bitumen(Tar),Dry,Not Applicable,Clear,SARJAPURA-HOSUR ROAD,INFRONT OF NANDINI MILK BOOTH,1 KM,12.77918,77.770712
Bengaluru Dist,Attibele PS,1.04421e+16,2019,1,2,Road Accidents,Not Applicable,City/Town,Open area,Human Error,No,Damage Only,Vehicle to Vehicle,Not at  Junction,Others,Others,Bitumen(Tar),Others,Not Applicable,Others,TVS ANEKAL CROSS,ATTIBELE TOWN,1KM,12.768042,77.7701519
Bengaluru Dist,Attibele PS,1.04421e+16,2019,1,2,Road Accidents,Narrow road,Rural Areas,Near Petrol Pump,Human Error,No,Fatal,Hit bicyclist,Uncontrolled,Straight and flat,State Highway,Bitumen(Tar),Dry,Not Applicable,Clear,ATFTIBELE-SARJAPURA ROAD,OPP PETROL BUNK,3 KM,12.80216,77.782844
Bengaluru Dist,Attibele PS,1.04421e+16,2019,1,2,Road Accidents,Cross roads,City/Town,Near Bus stop,Human Error,No,Grievous Injury,Vehicle to Vehicle,Not at  Junction,Straight and flat,NH,Bitumen(Tar),Dry,No influence on accident,Clear,NH7 BANGALORE HOSUR ROAD,NEAR YADAVANAHALLI GATE,3 KM,12.785928,77.7499
Bengaluru Dist,Attibele PS,1.04421e+16,2019,1,1,Road Accidents,Narrow road,Rural Areas,At pedestrian Crossing,Human Error,No,Grievous Injury,Hit pedestrian,Not at  Junction,Straight and flat,Major District Road,Bitumen(Tar),Dry,No influence on accident,Clear,ATTIBELE SARJAPURA ROAD,NEAR KWALITY BAKERY,500 MT,12.778603,77.770387
Bengaluru Dist,Attibele PS,1.04421e+16,2019,1,2,Road Accidents,Cross roads,City/Town,Open area,Human Error,No,Grievous Injury,Vehicle to Vehicle,Not at  Junction,Curve,Two way,Bitumen(Tar),Dry,No influence on accident,Clear,ATTIBELE ANEKAL ROAD,ATTIBELE ANEKAL ROAD,1 KM,12.775042,77.770231
Bengaluru Dist,Attibele PS,1.04421e+16,2019,1,1,Road Accidents,Other,City/Town,Open area,Human Error,No,Grievous Injury,Others,Not Applicable,Others,Others,Bitumen(Tar),Others,Not Applicable,Others,NEAR SRI PATALAMMA TEMPLE,ATTIBELE TOWN,1/2 KM,12.782393,77.76036
Bengaluru Dist,Attibele PS,1.04421e+16,2019,1,1,Road Accidents,Other,Rural Areas,Open area,Human Error,No,Grievous Injury,Others,Not Applicable,Not Applicable,Others,Bitumen(Tar),Others,Not Applicable,Others,NEAR CHANDRA REDDY HOUSE KARNATAKA HOUSING BOARD 3RD PHASE,JIGALA ANEKAL TALUK,2 KM,12.778795,77.7707639
Bengaluru Dist,Attibele PS,1.04421e+16,2019,1,2,Road Accidents,Other,City/Town,Open area,Human Error,No,Damage Only,Others,Not Applicable,Not Applicable,NH,Bitumen(Tar),Others,Not Applicable,Others,NH7 BANGALORE HOSUR ROAD,NEAR ATTIBELE TOLL,1 KM,12.71548,77.751428
Bengaluru Dist,Attibele PS,1.04421e+16,2019,1,1,Road Accidents,Narrow road,Rural Areas,Open area,Human Error,No,Fatal,Hit pedestrian,Uncontrolled,Straight and flat,NH,Bitumen(Tar),Dry,Not Applicable,Clear,"NH-7,HOSUR-BANGALORE ROAD",OPP LA CLASSIC HOTEL,1.5 KM,12.786383,77.7459809
Bengaluru Dist,Attibele PS,1.04421e+16,2019,1,2,Road Accidents,Other,City/Town,Open area,Human Error,No,Grievous Injury,Others,Not at  Junction,Others,Others,Bitumen(Tar),Others,Not Applicable,Others,NEAR MANJUNATHA TRAVELS HANUMAN LAYOUT,YADAVANAHALLI VILLAGE,3 KM,12.786495,77.745407
Bengaluru Dist,Attibele PS,1.04421e+16,2019,1,2,Road Accidents,Other,City/Town,Open area,Human Error,No,Damage Only,Others,Not Applicable,Others,NH,Bitumen(Tar),Others,Not Applicable,Others,NH7 HOSUR BANGALORE ROAD,INFRONT OF TATA MOTOR COMPANY UPKAR LAYOUT ATTIBELE,1 KM,12.791941,77.777234
Bengaluru Dist,Attibele PS,1.04421e+16,2019,1,1,Road Accidents,Other,City/Town,Open area,Human Error,No,Grievous Injury,Others,Not Applicable,Others,NH,Bitumen(Tar),Others,Not Applicable,Others,NH7 HOSUR BANGALORE ROAD,NEAR JAIMARUTHI WINES ATTIBELE BORDER,1 KM,12.779344,77.768448
Bengaluru Dist,Attibele PS,1.04421e+16,2019,1,2,Road Accidents,Not Applicable,City/Town,Open area,Human Error,No,Grievous Injury,Others,Not at  Junction,Not Applicable,NH,Bitumen(Tar),Others,Not Applicable,Others,NH7 BANGALORE HOSUR SERVICE ROAD,OPP TO JAIN TEMPLE GUDDAHATTI GATE,5 KM,12.783761,77.757072
Bengaluru Dist,Attibele PS,1.04421e+16,2019,1,2,Road Accidents,Narrow road,City/Town,Near office complex,Human Error,No,Fatal,Hit bicyclist,Uncontrolled,Straight and flat,State Highway,Bitumen(Tar),Dry,Not Applicable,Clear,ATTIBELE ANEKAL ROAD,OPP SHYAMSUNDAR BUILDING,0.5 KM,12.777326,77.769474
Bengaluru Dist,Attibele PS,1.04421e+16,2019,1,2,Road Accidents,Other,City/Town,Open area,Human Error,No,Grievous Injury,Others,Not Applicable,Not Applicable,NH,Bitumen(Tar),Others,Not Applicable,Others,NH7 HOSUR BANGALORE ROAD,NEAR ATTIBELE BORDER ARCH,1 KM,12.774904,77.780379
Bengaluru Dist,Attibele PS,1.04421e+16,2019,1,1,Road Accidents,Other,City/Town,Open area,Human Error,No,Grievous Injury,Others,Not Applicable,Others,Others,Bitumen(Tar),Others,Not Applicable,Others,ATTIBELE ANEKAL ROAD,NEAR LAKSHMIKUNTE TEMPLE,1/2 KM,12.769962,77.770369
Bengaluru Dist,Attibele PS,1.04421e+16,2019,1,1,Road Accidents,Narrow road,Rural Areas,Near Bus stop,Human Error,Yes,Fatal,Hit pedestrian,Uncontrolled,Straight and flat,NH,Bitumen(Tar),Dry,Not Applicable,Clear,HOSUR-BANGALORE ROAD,NEAR BALAGARANAHALLI GATE,4 KM,12.788607,77.735171
Bengaluru Dist,Attibele PS,1.04421e+16,2019,1,2,Road Accidents,Not Applicable,City/Town,Near a religious place,Human Error,No,Grievous Injury,Vehicle to Vehicle,Not at  Junction,Others,NH,Bitumen(Tar),Others,Not Applicable,Others,NH7 BANGALORE HOSUR MAIN ROAD,OPP NEW JAIN TEMPLE GUDDAHATTI GATE,5 KM,12.788,77.737267
Bengaluru Dist,Attibele PS,1.04421e+16,2019,1,1,Road Accidents,Not Applicable,City/Town,At pedestrian Crossing,Human Error,Yes,Grievous Injury,Hit pedestrian,Not at  Junction,Others,Others,Bitumen(Tar),Others,Not Applicable,Others,SARJAPURA ATTIBELE ROAD,NEAR SYNDICATE BANK,1/2 KM,12.779986,77.77088
Bengaluru Dist,Attibele PS,1.04421e+16,2019,1,1,Road Accidents,Not Applicable,City/Town,Open area,Human Error,No,Damage Only,Not Applicable,Not at  Junction,Others,NH,Bitumen(Tar),Others,Not Applicable,Others,NH7 BENGALORE HOSUR RD,NEAR KODIHALLI PAPANNA LAND,01-Feb,12.781988,77.762388
Bengaluru Dist,Attibele PS,1.04421e+16,2019,1,2,Road Accidents,Circle,Rural Areas,Near a factory industrial area,Human Error,No,Fatal,Vehicle to Vehicle,Uncontrolled,Straight and flat,NH,Bitumen(Tar),Dry,Not Applicable,Clear,BANGALORE-HOSUR MAIN ROAD,NEAR GUEST LINE CIRCLE,3 KM,12.786719,77.741881
Bengaluru Dist,Attibele PS,1.04421e+16,2019,1,2,Road Accidents,Other,City/Town,Open area,Human Error,No,Grievous Injury,Others,Not at  Junction,Others,Others,Bitumen(Tar),Others,Not Applicable,Others,ATTIBELE ANEKAL ROAD,NEAR DEVEGOWDA BAR MAYASANDRA,5 KM,12.753711,77.751659
Bengaluru Dist,Attibele PS,1.04421e+16,2019,1,1,Road Accidents,Narrow road,Rural Areas,Near a factory industrial area,Human Error,No,Fatal,Hit pedestrian,Uncontrolled,Straight and flat,NH,Bitumen(Tar),Dry,Not Applicable,Clear,"NH-7,BANGALORE-HOSUR ROAD",YADAVANAHALLI VILLAGE,4 KM,12.783123,77.7599959
Bengaluru Dist,Attibele PS,1.04421e+16,2019,1,1,Road Accidents,Circle,City/Town,At pedestrian Crossing,Human Error,No,Grievous Injury,Hit pedestrian,Not at  Junction,Others,NH,Bitumen(Tar),Others,Not Applicable,Others,NEAR ATTIBELE CIRCLE,ATTIBELE TOWN ANEKAL TALUK,200 MT,12.779254,77.770285
Bengaluru Dist,Attibele PS,1.04421e+16,2019,1,2,Road Accidents,Not Applicable,Rural Areas,Near a factory industrial area,Human Error,No,Grievous Injury,Not Applicable,Not at  Junction,Others,NH,Bitumen(Tar),Others,Not Applicable,Others,INFRON OF AVS FACTORY BALAGARANAHALLI GATE,NH7 HOSUR BANGALORE ROAD,4,12.788614,77.734956
Bengaluru Dist,Attibele PS,1.04421e+16,2019,1,2,Road Accidents,Not Applicable,City/Town,Open area,Human Error,No,Grievous Injury,Vehicle to Vehicle,Not at  Junction,Others,NH,Bitumen(Tar),Others,Not Applicable,Others,NEAR VETERNARY HOSPITAL,ATTIBELE CIRCLE,1,12.779177,77.770448
Bengaluru Dist,Attibele PS,1.04421e+16,2019,1,1,Road Accidents,Narrow road,Rural Areas,Near Petrol Pump,Human Error,No,Fatal,Hit pedestrian,Not Applicable,Others,One way,Kutcha,Dry,No influence on accident,Clear,ATTIBELE TVS ROAD,NEAR TEMPLE,1,12.768164,77.770176
Bengaluru Dist,Attibele PS,1.04421e+16,2019,1,2,Road Accidents,Not Applicable,City/Town,Residential area,Human Error,No,Damage Only,Vehicle to Vehicle,Not at  Junction,Others,Others,Bitumen(Tar),Others,Not Applicable,Others,INFRONT OF GOLDEN GATE,INDLABELE VILLAGE,2 KM,12.787955,77.77475
Bengaluru Dist,Attibele PS,1.04421e+16,2019,1,1,Road Accidents,Curves,City/Town,Near office complex,Human Error,No,Grievous Injury,Hit pedestrian,Not at  Junction,Curve,NH,Bitumen(Tar),Dry,No influence on accident,Clear,NH7 BANGALORE HOSUR ROAD,INFRONT OF PANCHAYATH OFFICE NERALU,5 KM,12.791143,77.730442
Bengaluru Dist,Attibele PS,1.04421e+16,2019,1,1,Road Accidents,Narrow road,Rural Areas,Open area,Human Error,Not Applicable,Fatal,Not Applicable,Uncontrolled,Straight and flat,NH,Bitumen(Tar),Dry,Not Applicable,Clear,"NH-7,HOSUR-BANGALORE ROAD",ON ATTIBELE FLY OVER,500 MT,12.777897,77.7748409
Bengaluru Dist,Attibele PS,1.04421e+16,2019,1,2,Road Accidents,Cross roads,City/Town,Open area,Human Error,No,Grievous Injury,Vehicle to Vehicle,Not at  Junction,Straight and flat,NH,Bitumen(Tar),Dry,No influence on accident,Clear,NH7 BANGALORE HOSUR ROAD,NEAR ABR BAR ATTIBELE TOLL,1 KM,12.77638,77.777055
Bengaluru Dist,Attibele PS,1.04421e+16,2019,1,1,Road Accidents,Other,City/Town,Open area,Human Error,No,Grievous Injury,Others,Not Applicable,Others,NH,Bitumen(Tar),Others,Not Applicable,Others,NH7 HOSUR BANGALORE ROAD,NEAR NERALUR BUS STOP,5 KM,12.740968,77.75887
Bengaluru Dist,Attibele PS,1.04421e+16,2019,1,1,Road Accidents,Narrow road,Rural Areas,Open area,Human Error,No,Fatal,Hit pedestrian,Uncontrolled,Straight and flat,NH,Bitumen(Tar),Dry,Not Applicable,Clear,"NH-7,HOSUR-BANGALORE ROAD",OPP OLD CHECK POST,2 KM,12.783768,77.75797
Bengaluru Dist,Attibele PS,1.04421e+16,2019,1,1,Road Accidents,Not Applicable,City/Town,Open area,Human Error,Yes,Grievous Injury,Not Applicable,Not at  Junction,Others,NH,Bitumen(Tar),Others,Not Applicable,Others,NH7 HOSUR BANGALORE ROAD,NEAR GUDDAHATTI GATE,4.5,12.788134,77.736937
Bengaluru Dist,Attibele PS,1.04421e+16,2019,1,2,Road Accidents,Not Applicable,City/Town,Open area,Human Error,No,Grievous Injury,Vehicle to Vehicle,Not at  Junction,Others,NH,Bitumen(Tar),Others,Not Applicable,Others,NH7 HOSUR BANGALORE ROAD,NEAR ATTIBELE ARCH,1 KM,12.774745,77.780269
Bengaluru Dist,Attibele PS,1.04421e+16,2019,1,1,Road Accidents,Not Applicable,City/Town,Open area,Human Error,No,Grievous Injury,Hit pedestrian,Not at  Junction,Others,NH,Bitumen(Tar),Others,Not Applicable,Others,NH7 HOSUR BANGALORE ROAD,NEAR YADVANAHALLI BUS STOP,2 KM,12.785623,77.750645
Bengaluru Dist,Attibele PS,1.04421e+16,2019,1,1,Road Accidents,Other,City/Town,Open area,Human Error,No,Damage Only,Others,Not Applicable,Others,NH,Bitumen(Tar),Others,Not Applicable,Others,NH7 BANGALORE HOSUR ROAD,LANE NO 9 ATTIBELE TOLL PLAZA,1 KM,12.754266,77.786826
Bengaluru Dist,Attibele PS,1.04421e+16,2019,1,1,Road Accidents,Other,City/Town,Open area,Human Error,No,Grievous Injury,Others,Not at  Junction,Not Applicable,Others,Bitumen(Tar),Others,Not Applicable,Others,BIDARAGUPPE SARJAPURA ROAD,NEAR SRIRAM SMRITHI APARTMENT,3 KM,12.812769,77.782861
Bengaluru Dist,Attibele PS,1.04421e+16,2019,1,2,Road Accidents,Other,City/Town,Open area,Human Error,Yes,Grievous Injury,Others,Not Applicable,Others,NH,Bitumen(Tar),Others,Not Applicable,Others,SARJAPURA ATTIBELE ROAD,NEAR RAMESH WELDING MACHINE SHOP INDLABELE,2 KM,12.789996,77.775903
Bengaluru Dist,Attibele PS,1.04421e+16,2019,1,2,Road Accidents,Not Applicable,City/Town,Near a factory industrial area,Human Error,No,Grievous Injury,Not Applicable,Not at  Junction,Others,NH,Bitumen(Tar),Others,Not Applicable,Others,NH7 HOSUR BANGALORE ROAD,NEAR AVS FACTORY,3 KM,12.789012,77.734545
Bengaluru Dist,Attibele PS,1.04421e+16,2019,1,2,Road Accidents,Not Applicable,City/Town,Open area,Not Applicable,No,Damage Only,Vehicle to Vehicle,Not Applicable,Others,NH,Bitumen(Tar),Others,Not Applicable,Others,NH7 HOSUR BANGALORE SERVICE ROAD,ATTIBELE BORDER,1 KM,12.774668,77.78018
Bengaluru Dist,Attibele PS,1.04421e+16,2019,1,2,Road Accidents,Not Applicable,City/Town,Open area,Human Error,No,Damage Only,Vehicle to Vehicle,Not at  Junction,Others,NH,Bitumen(Tar),Others,Not Applicable,Others,NH7 HOSUR BANGALORE ROAD,NEAR BALAGARANAHALLI GATE,4 KM,12.788901,77.734835
Bengaluru Dist,Attibele PS,1.04421e+16,2019,1,2,Road Accidents,Circle,Rural Areas,Open area,Human Error,No,Fatal,Hit bicyclist,Uncontrolled,Curve,NH,Bitumen(Tar),Dry,Not Applicable,Clear,"NEAR ATTIBELE CIRCLE,ATTIBELE,ANEKAL TALUK",NEAR ATTIBELE CIRCLE,1 KM,12.779157,77.770314
Bengaluru Dist,Attibele PS,1.04421e+16,2019,1,2,Road Accidents,Not Applicable,City/Town,Open area,Human Error,No,Damage Only,Vehicle to Vehicle,Not at  Junction,Others,NH,Bitumen(Tar),Others,Not Applicable,Others,NH7 HOSUR BANGALORE ROAD,NEAR LA CLASSIC HOTEL YADAVANAHALLI,1 KM,12.783335,77.757868
Bengaluru Dist,Attibele PS,1.04421e+16,2019,1,1,Road Accidents,Not Applicable,City/Town,Open area,Human Error,No,Grievous Injury,Hit pedestrian,Not at  Junction,Others,Others,Bitumen(Tar),Others,Not Applicable,Others,ATTIBELE ANEKAL ROAD,NEAR SRI MUNESHWARA TEMPL,01-Feb,12.776965,77.76928
Bengaluru Dist,Attibele PS,1.04421e+16,2019,1,2,Road Accidents,Not Applicable,City/Town,Open area,Human Error,No,Grievous Injury,Vehicle to Vehicle,Not at  Junction,Others,Not Applicable,Bitumen(Tar),Others,Not Applicable,Others,INFRONT OF GNR CONCRETE COMPANY,GUDDAHATTI VILLAGE,4 KM,12.794414,77.7375589
Bengaluru Dist,Attibele PS,1.04421e+16,2019,1,2,Road Accidents,Narrow road,Rural Areas,Near Bus stop,Human Error,Yes,Fatal,Hit bicyclist,Uncontrolled,Straight and flat,NH,Bitumen(Tar),Dry,Not Applicable,Clear,"NH-7,HOSUR-BANGALORE ROAD",NEAR GUDDAHATTI GATE,6 KM,12.787917,77.737103
Bengaluru Dist,Attibele PS,1.04421e+16,2019,1,1,Road Accidents,Not Applicable,City/Town,Near Bus stop,Not Applicable,Not Applicable,Fatal,Not Applicable,Not Applicable,Not Applicable,NH,Concrete,Not Applicable,Not Applicable,Others,ATTIBELE CHECKPOST,Half KM TOWARDS EAST,2 KM,12.777255,77.776063
Bengaluru Dist,Attibele PS,1.04421e+16,2019,1,1,Road Accidents,Cross roads,Rural Areas,Near a religious place,Human Error,No,Grievous Injury,Hit pedestrian,Not at  Junction,Straight and flat,Major District Road,Bitumen(Tar),Dry,No influence on accident,Clear,ATTIBELE ANEKAL ROAD,NEAR BEERESHWARA TEMPLE OPP M S FURNITURE SHOP,0.5 KM,12.773434,77.770945
Bengaluru Dist,Attibele PS,1.04421e+16,2019,1,1,Road Accidents,Other,City/Town,Open area,Human Error,No,Grievous Injury,Others,Not Applicable,Others,Others,Bitumen(Tar),Not Applicable,Not Applicable,Others,ATTIBELE SARJAPURA ROAD BIDARAGUPPE VILLAGE,NEAR SOUPARNIKA APARTMENT,2 KM,12.801695,77.783505
Bengaluru Dist,Attibele PS,1.04421e+16,2019,1,2,Road Accidents,Not Applicable,City/Town,Near a religious place,Human Error,No,Grievous Injury,Vehicle to Vehicle,Not at  Junction,Others,NH,Bitumen(Tar),Others,Not Applicable,Others,NH7 BANGALORE HOSUR ROAD BALAGARANAHALLI GATE,NEAR JAIN TEMPLE,4 KM,12.788737,77.735575
Bengaluru Dist,Attibele PS,1.04421e+16,2019,1,2,Road Accidents,Not Applicable,City/Town,Near Petrol Pump,Human Error,No,Grievous Injury,Vehicle to Vehicle,Not at  Junction,Others,NH,Bitumen(Tar),Others,Not Applicable,Others,NH7 BANGALORE HOSUR SERVICE ROAD,INFRONT OF GUESTLINE HOTEL NEAR BHARATH PETROL BUNK,3 KM,12.786356,77.745359
Bengaluru Dist,Attibele PS,1.04421e+16,2019,1,1,Road Accidents,Narrow road,Rural Areas,Open area,Human Error,No,Fatal,Not Applicable,Uncontrolled,Straight and flat,NH,Bitumen(Tar),Dry,Not Applicable,Clear,NH SERVICE ROAD YADAVANAHALLI VILLAGE,NEAR HMG GRANITE FACTORY,3 KM,12.786366,77.7461879
Bengaluru Dist,Attibele PS,1.04421e+16,2019,1,1,Road Accidents,Narrow road,Rural Areas,Open area,Human Error,No,Fatal,Hit pedestrian,Uncontrolled,Straight and flat,NH,Bitumen(Tar),Dry,Not Applicable,Clear,"NH-7,BANGALORE-HOSUR ROAD",NEAR ATTIBELE TOLL,1 KM,12.777096,77.776991
Bengaluru Dist,Attibele PS,1.04421e+16,2019,1,2,Road Accidents,Narrow road,City/Town,Open area,Human Error,No,Damage Only,Vehicle to Vehicle,Not at  Junction,Straight and flat,NH,Bitumen(Tar),Dry,Not Applicable,Clear,NH7 HOSUR BENGALURU SERVICE ROAD,INFRONT OF RAMEE GUESTLINE,2KM,12.786253,77.743465
Bengaluru Dist,Attibele PS,1.04421e+16,2019,1,2,Road Accidents,Other,City/Town,Open area,Human Error,No,Damage Only,Others,Not Applicable,Not Applicable,NH,Bitumen(Tar),Others,Not Applicable,Others,NH7 HOSUR BANGALORE ROAD,NEAR ATTIBELE TOLL,1 KM,12.781384,77.771305
Bengaluru Dist,Attibele PS,1.04421e+16,2019,1,2,Road Accidents,Other,City/Town,Open area,Human Error,No,Damage Only,Others,Not Applicable,Others,NH,Bitumen(Tar),Others,Not Applicable,Not Applicable,NH7 BANGALORE HOSURMAIN ROAD,NEAR ATTIBELE TOLL,0.5 KM,12.713144,77.752168
Bengaluru Dist,Attibele PS,1.04421e+16,2019,1,2,Road Accidents,Other,City/Town,Open area,Human Error,No,Damage Only,Others,Not Applicable,Others,NH,Bitumen(Tar),Others,Not Applicable,Others,NH7 BENGALUR HOSUR ROAD NEAR AHUJA FACTORY,GUDDAHATTI GATE ANEKAL TALUK,3 KM,12.788152,77.736872
Bengaluru Dist,Attibele PS,1.04421e+16,2019,1,1,Road Accidents,Not Applicable,City/Town,Open area,Human Error,No,Grievous Injury,Hit pedestrian,Not at  Junction,Others,NH,Bitumen(Tar),Others,Not Applicable,Others,NH7 HOSUR BANGALORE ROAD,NEAR SRI PATALAMMA TEMPLE CROSS,500,12.778175,77.773047
Bengaluru Dist,Attibele PS,1.04421e+16,2019,1,2,Road Accidents,Other,City/Town,Open area,Human Error,No,Grievous Injury,Others,Not at  Junction,Others,NH,Bitumen(Tar),Others,Not Applicable,Others,NH7 HOSUR BANGALORE ROAD,NEAR ATTIBELE CHECKPOST,1 KM,12.780186,77.764316
Bengaluru Dist,Attibele PS,1.04421e+16,2019,1,1,Road Accidents,Narrow road,Rural Areas,Near Bus stop,Human Error,No,Fatal,Hit pedestrian,Uncontrolled,Straight and flat,NH,Bitumen(Tar),Dry,Not Applicable,Clear,"NH-7,BANGALORE-HOSUR  ROAD",NEAR YADAVANAHALLI GATE,4 KM,12.785563,77.750828
Bengaluru Dist,Attibele PS,1.04421e+16,2019,1,2,Road Accidents,Not Applicable,City/Town,Open area,Human Error,No,Damage Only,Vehicle to Vehicle,Not at  Junction,Others,NH,Bitumen(Tar),Others,Not Applicable,Others,NH7 BANGALORE HOSUR ROAD,NEAR ATTIBELE TOLL,1 KM,12.777516,77.775995
Bengaluru Dist,Attibele PS,1.04421e+16,2019,1,2,Road Accidents,Not Applicable,City/Town,Open area,Human Error,No,Grievous Injury,Vehicle to Vehicle,Not at  Junction,Others,NH,Bitumen(Tar),Others,Not Applicable,Others,NH7 BANGALORE HOSUR ROAD,NEAR GUESTLINE CIRCLE,3 KM,12.786741,77.741889
Bengaluru Dist,Attibele PS,1.04421e+16,2019,1,2,Road Accidents,Narrow road,Rural Areas,Open area,Human Error,No,Fatal,Hit bicyclist,Uncontrolled,Straight and flat,NH,Bitumen(Tar),Dry,Not Applicable,Clear,"NH-7,BANGALORE-HOSUR ROAD",NEAR SBR KALYANA MANTAPA,2 KM,12.783311,77.758872
Bengaluru Dist,Attibele PS,1.04421e+16,2019,1,2,Road Accidents,Circle,Rural Areas,Open area,Human Error,No,Grievous Injury,Not Applicable,Not Applicable,Not Applicable,State Highway,Not Applicable,Others,Not Applicable,Not Applicable,NH-7,RAMEE GUEST LINE CIRCLE,3 KM,12.786844,77.741316
Bengaluru Dist,Attibele PS,1.04421e+16,2019,1,2,Road Accidents,Narrow road,Rural Areas,Open area,Human Error,No,Fatal,Vehicle to Vehicle,Uncontrolled,Straight and flat,State Highway,Bitumen(Tar),Dry,Not Applicable,Clear,ATTIBELE-ANEKAL ROAD,NEAR BESTAMANAHALLI,3 KM,12.730576,77.726845
Bengaluru Dist,Attibele PS,1.04421e+16,2019,1,2,Road Accidents,Narrow road,City/Town,Open area,Human Error,No,Damage Only,Vehicle to Vehicle,Not at  Junction,Straight and flat,NH,Bitumen(Tar),Dry,No influence on accident,Clear,NH7 HOSUR BANGALORE ROAD,NEAR ATTIBELE TOLL,1/2 KM,12.775817,77.778534
Bengaluru Dist,Attibele PS,1.04421e+16,2020,1,2,Road Accidents,Narrow road,Rural Areas,Near Bus stop,Human Error,No,Fatal,Vehicle to Vehicle,Not Applicable,Not Applicable,State Highway,Kutcha,Dry,Not Applicable,Fine,ATTIBELE ANEKAL RAOD,HAROHALLI GATE,1 KM,12.76416,77.767553