DISTRICTNAME,UNITNAME,Crime_No,Year,RI,Noofvehicle_involved,Accident_Classification,Accident_Spot,Accident_Location,Accident_SubLocation,Main_Cause,Hit_Run,Severity,Collision_Type,Junction_Control,Road_Character,Road_Type,Surface_Type,Surface_Condition,Road_Condition,Weather,Accident_Road,Landmark_first,Distance_LandMark_First,Latitude,Longitude
Bengaluru Dist,Attibele PS,1.04421e+16,2020,1,1,Road Accidents,Junction,City/Town,Near Bus stop,Not Applicable,No,Grievous Injury,Hit pedestrian,Uncontrolled,Straight and flat,Service Road,Concrete,Muddy,Not Applicable,Fine,HOSURU BENGALURU ROAD,YADUVANAHALLY UNDERPASS,2 KM,12.784742,77.753074
Bengaluru Dist,Attibele PS,1.04421e+16,2020,1,2,Road Accidents,Narrow road,Rural Areas,Open area,Human Error,No,Simple Injury,Vehicle to Vehicle,Not at  Junction,Others,Two way,Bitumen(Tar),Dry,No influence on accident,Clear,ATTIBELE SARJAPURA ROAD BIDARGUPPE LAKE,ATTIBELE SARJAPURA ROAD,3 KM,12.800363,77.782524
Bengaluru Dist,Attibele PS,1.04421e+16,2020,1,2,Road Accidents,Narrow road,Rural Areas,Near Bus stop,Human Error,No,Grievous Injury,Vehicle to Vehicle,Not at  Junction,Straight and flat,Others,Bitumen(Tar),Dry,No influence on accident,Cloudy,ATTIBELE SARJAPURA ROAD,NEAR BIDARAGUPPE BUS STAND,3 KM,12.805785,77.783607
Bengaluru Dist,Attibele PS,1.04421e+16,2020,1,2,Road Accidents,Cross roads,City/Town,Near Bus stop,Human Error,No,Grievous Injury,Vehicle to Vehicle,Not at  Junction,Straight and flat,NH,Bitumen(Tar),Dry,No influence on accident,Others,NH7 BANGALORE HOSUR MAIN ROAD,NEAR YADAVANAHALLI BUS STOP,4 KM,12.785555,77.750828
Bengaluru Dist,Attibele PS,1.04421e+16,2020,1,1,Road Accidents,Narrow road,Rural Areas,Near Petrol Pump,Human Error,No,Fatal,Hit pedestrian,Uncontrolled,Straight and flat,NH,Bitumen(Tar),Dry,Not Applicable,Clear,"NH-7,BANGALORE-HOSUR SERVICE ROAD",NEAR PETROL BUNK,2 KM,12.786457,77.745239
Bengaluru Dist,Attibele PS,1.04421e+16,2020,1,2,Road Accidents,Not Applicable,City/Town,Near Bus stop,Vehicle Defect,No,Grievous Injury,Not Applicable,Not Applicable,Others,Service Road,Concrete,Not Applicable,Not Applicable,Others,NH7 ROAD,1,3 KM,12.783421,77.757576
Bengaluru Dist,Attibele PS,1.04421e+16,2020,1,1,Road Accidents,Narrow road,Rural Areas,Near or inside a village,Human Error,No,Fatal,Hit pedestrian,Not at  Junction,Straight and flat,NH,Kutcha,Dry,No influence on accident,Clear,"NH 7, BENGALURU HOSUR MAIN ROAD",NEAR TOLL,1 KM,12.788908,77.742427
Bengaluru Dist,Attibele PS,1.04421e+16,2020,1,2,Road Accidents,Cross roads,City/Town,Open area,Human Error,No,Damage Only,Vehicle to Vehicle,Not at  Junction,Others,NH,Bitumen(Tar),Dry,No influence on accident,Clear,NH7 BANGALORE HOSUR ROAD,NEAR ATTIBELE ARCH,0.5 KM,12.776876,77.776947
Bengaluru Dist,Attibele PS,1.04421e+16,2020,1,2,Road Accidents,Curves,City/Town,Open area,Human Error,No,Damage Only,Vehicle to Vehicle,Not at  Junction,Straight and flat,NH,Bitumen(Tar),Dry,No influence on accident,Clear,NH7 BANGALORE HOSUR ROAD,NEAR ATTIELE TOLL U TURN,1 KM,12.776539,77.777629
Bengaluru Dist,Attibele PS,1.04421e+16,2020,1,1,Road Accidents,Curves,Rural Areas,Open area,Human Error,No,Damage Only,Hit pedestrian,Not at  Junction,Straight and flat,NH,Bitumen(Tar),Dry,No influence on accident,Clear,NH7 HOSUR BANGALORE ROAD,NEAR GUDDAHATTI,3 KM,12.78827,77.73669
Bengaluru Dist,Attibele PS,1.04421e+16,2020,1,2,Road Accidents,Cross roads,Rural Areas,Open area,Human Error,No,Grievous Injury,Vehicle to Vehicle,Not at  Junction,Straight and flat,NH,Bitumen(Tar),Dry,No influence on accident,Clear,NH7 HOSUR BANGALORE MAIN ROAD,NEAR YADAVANAHALLI GATE,3 KM,12.785655,77.750681
Bengaluru Dist,Attibele PS,1.04421e+16,2020,1,1,Road Accidents,Not Applicable,City/Town,Open area,Human Error,Yes,Damage Only,Hit pedestrian,Not at  Junction,Others,NH,Bitumen(Tar),Dry,No influence on accident,Others,NH7 BANGALORE HOSUR ROAD NEAR FLY OVER,NEAR ATTIBELE TOLL,1 KM,12.779711,77.767932
Bengaluru Dist,Attibele PS,1.04421e+16,2020,1,1,Road Accidents,Cross roads,City/Town,Open area,Human Error,No,Grievous Injury,Hit pedestrian,Not at  Junction,Straight and flat,NH,Bitumen(Tar),Others,No influence on accident,Fine,NH7 HOSUR BANGALORE ROAD,NEAR GUESTLINE CIRCLE,2 KM,12.786681,77.741717
Bengaluru Dist,Attibele PS,1.04421e+16,2020,1,1,Road Accidents,Curves,City/Town,Open area,Human Error,Yes,Grievous Injury,Hit pedestrian,Not at  Junction,Straight and flat,NH,Bitumen(Tar),Dry,No influence on accident,Clear,NH7 BANGALORE HOSUR ROAD,NEAR GUDDAHATTI GATE,4 KM,12.749505,77.779249
Bengaluru Dist,Attibele PS,1.04421e+16,2020,1,2,Road Accidents,Narrow road,Rural Areas,Near a religious place,Human Error,No,Fatal,Vehicle to Vehicle,Uncontrolled,Straight and flat,NH,Bitumen(Tar),Dry,Not Applicable,Clear,HOSUR-BANGALORE ROAD,OPP SRI MAHADESHWARA TEMAPLE,2 KM,12.748644,77.747685
Bengaluru Dist,Attibele PS,1.04421e+16,2020,1,1,Road Accidents,Narrow road,City/Town,Open area,Human Error,No,Grievous Injury,Hit pedestrian,Not at  Junction,Straight and flat,Service Road,Bitumen(Tar),Dry,No influence on accident,Fine,NH7 HOSUR BENGALURU SERVICE ROAD,NEAR SV MOTORS OPP TO LA CLASSIC HOTEL,2 KM,12.783359,77.757776
Bengaluru Dist,Attibele PS,1.04421e+16,2020,1,2,Road Accidents,Curves,City/Town,Open area,Human Error,No,Grievous Injury,Vehicle to Vehicle,Not at  Junction,Straight and flat,Two way,Bitumen(Tar),Dry,No influence on accident,Clear,UNDER FLY OVER,ATTIBELE CIRCLE,200 MT,12.779146,77.770298
Bengaluru Dist,Attibele PS,1.04421e+16,2020,1,2,Road Accidents,Circle,City/Town,Open area,Human Error,No,Simple Injury,Vehicle to Vehicle,Not at  Junction,Straight and flat,NH,Bitumen(Tar),Dry,No influence on accident,Clear,NH7 HOSUR BANGALORE RD,NEAR DREAM LAND BAKERY ATTIBELE CIRCLE,500 MT,12.778726,77.770364
Bengaluru Dist,Attibele PS,1.04421e+16,2020,1,1,Road Accidents,Narrow road,City/Town,Near office complex,Human Error,No,Damage Only,Not Applicable,Not at  Junction,Straight and flat,NH,Bitumen(Tar),Dry,No influence on accident,Clear,NH7 BANGALORE HOSUR ROAD,OPP TO HMG STONE FACTORY,2 KM,12.782803,77.760218
Bengaluru Dist,Attibele PS,1.04421e+16,2020,1,1,Road Accidents,Cross roads,Rural Areas,Open area,Human Error,No,Fatal,Not Applicable,Uncontrolled,Curve,Residential Street,Bitumen(Tar),Dry,Not Applicable,Clear,MAYASANDRA-MARASUR ROAD,NEAR BABU REDDY POULTRY FARM,5 KM,12.754449,77.729519
Bengaluru Dist,Attibele PS,1.04421e+16,2020,1,1,Road Accidents,Narrow road,City/Town,Open area,Human Error,No,Damage Only,Vehicle to Vehicle,Not at  Junction,Others,Others,Bitumen(Tar),Dry,No influence on accident,Fine,NEAR FAMILY MART,ATTIBELE SARJAPURA ROAD,1.5 KM,12.78556,77.773654
Bengaluru Dist,Attibele PS,1.04421e+16,2020,1,1,Road Accidents,Not Applicable,Rural Areas,Near Bus stop,Not Applicable,No,Fatal,Not Applicable,Not Applicable,Not Applicable,Not Applicable,Concrete,Muddy,Not Applicable,Others,"NH-7,BANGALORE HOSUR SERVICE ROAD NEAR LA CLASSIC HOTEL",NERALUR,2 KM,12.791907,77.729705
Bengaluru Dist,Attibele PS,1.04421e+16,2020,1,1,Road Accidents,Curves,Rural Areas,Open area,Human Error,Yes,Grievous Injury,Hit pedestrian,Not at  Junction,Straight and flat,Others,Bitumen(Tar),Dry,No influence on accident,Fine,NEAR SLV KALYANA MANTAPA,SARJAPURA ROAD ATTIBELE,1 KM,12.782254,77.772004
Bengaluru Dist,Attibele PS,1.04421e+16,2020,1,1,Road Accidents,Circle,City/Town,Near Bus stop,Not Applicable,No,Grievous Injury,Not Applicable,Not at  Junction,Others,NH,Concrete,Others,Construction Work / Material,Others,NH7 ROAD,1,5 KM,12.791732,77.730348
Bengaluru Dist,Attibele PS,1.04421e+16,2020,1,1,Road Accidents,Narrow road,Rural Areas,Open area,Human Error,No,Fatal,Hit pedestrian,Uncontrolled,Straight and flat,NH,Bitumen(Tar),Dry,Not Applicable,Clear,BANGALORE-HOSUR MAIN ROAD,NEAR ATTIBELE TOLL,1 KM,12.795802,77.728272
Bengaluru Dist,Attibele PS,1.04421e+16,2020,1,1,Road Accidents,Cross roads,City/Town,Open area,Human Error,No,Grievous Injury,Hit pedestrian,Not at  Junction,Straight and flat,NH,Bitumen(Tar),Dry,No influence on accident,Clear,HOSUR BANGALORE ROAD,INFRONT OF JAYABHARATHI COMPLEX ATTIBELE,200 MT,12.779556,77.770765
Bengaluru Dist,Attibele PS,1.04421e+16,2020,1,2,Road Accidents,Cross roads,City/Town,Open area,Human Error,No,Grievous Injury,Vehicle to Vehicle,Not at  Junction,Straight and flat,Two way,Bitumen(Tar),Dry,No influence on accident,Clear,NEAR SRI ANJANEYA SWAMY TEMPLE,MAYASANDRA TANK,5 KM,12.77233,77.741601
Bengaluru Dist,Attibele PS,1.04421e+16,2020,1,2,Road Accidents,Not Applicable,City/Town,Near Bus stop,Human Error,No,Damage Only,Vehicle to Vehicle,Not at  Junction,Straight and flat,NH,Bitumen(Tar),Dry,No influence on accident,Clear,NH7 BANGALORE HOSUR ROAD,NERALUR GATE,5 KM,12.792256,77.728522
Bengaluru Dist,Attibele PS,1.04421e+16,2020,1,1,Road Accidents,Narrow road,Rural Areas,Residential area,Not Applicable,No,Fatal,Hit pedestrian,Uncontrolled,Straight and flat,State Highway,Bitumen(Tar),Dry,Not Applicable,Clear,ATTIBELE-ANEKAL ROAD,NEAR SHUBHA APARTMENT,4 KM,12.73912,77.734895
Bengaluru Dist,Attibele PS,1.04421e+16,2020,1,2,Road Accidents,Curves,City/Town,Open area,Human Error,No,Damage Only,Vehicle to Vehicle,Not at  Junction,Straight and flat,NH,Bitumen(Tar),Dry,No influence on accident,Clear,NH7 HOSUR BANGALORE ROAD,NEAR ATTIBELE BORDER ARCH,1 KM,12.773884,77.78189
Bengaluru Dist,Attibele PS,1.04421e+16,2020,1,2,Road Accidents,Narrow road,Rural Areas,Open area,Human Error,No,Fatal,Vehicle to Vehicle,Uncontrolled,Straight and flat,NH,Bitumen(Tar),Dry,Not Applicable,Clear,HOSUR-BANGALORE ROAD,NEAR ATTIBELE BORDER ARCH,1 KM,12.796752,77.77898
Bengaluru Dist,Attibele PS,1.04421e+16,2020,1,2,Road Accidents,Narrow road,Rural Areas,Open area,Human Error,Yes,Grievous Injury,Vehicle to Vehicle,Not at  Junction,Straight and flat,Others,Bitumen(Tar),Dry,No influence on accident,Clear,MANCHANAHALLI ATTIBELE ROAD,NEAR BASAVESHWARA LAYOUT,3 KM,12.769514,77.759568
Bengaluru Dist,Attibele PS,1.04421e+16,2020,1,3,Road Accidents,Narrow road,Rural Areas,Open area,Human Error,Yes,Fatal,Vehicle to Vehicle,Controlled,Straight and flat,Two way,Bitumen(Tar),Dry,No influence on accident,Clear,ATTIBELE-TVS ROAD,DASANAPURA GATE,1 KM,12.743962,77.781888
Bengaluru Dist,Attibele PS,1.04421e+16,2020,1,1,Road Accidents,Cross roads,City/Town,Near a religious place,Human Error,No,Grievous Injury,Vehicle to Vehicle,Not at  Junction,Straight and flat,NH,Bitumen(Tar),Dry,No influence on accident,Clear,NH7 BANGALORE HOSUR MAIN ROAD,OPP TO MAHADESHWARA TEMPLE YADAVANAHALLI,3 KM,12.78385,77.7558
Bengaluru Dist,Attibele PS,1.04421e+16,2020,1,1,Road Accidents,Not Applicable,City/Town,Near Bus stop,Not Applicable,No,Fatal,Not Applicable,Not Applicable,Not Applicable,Others,Not Applicable,Not Applicable,Not Applicable,Not Applicable,ATTIBELE SARJAPURA MAIN ROAD NEAR BIDRAGUPPE,NEAR BIDRAGUPPE,3 KM,12.800285,77.782519
Bengaluru Dist,Attibele PS,1.04421e+16,2020,1,2,Road Accidents,Circle,City/Town,Open area,Human Error,Yes,Grievous Injury,Vehicle to Vehicle,Not at  Junction,Straight and flat,NH,Bitumen(Tar),Dry,No influence on accident,Clear,NH7 HOSUR BANGALORE ROAD,NEAR JAIN TEMPLE GUDDAHATTI GATE,4 KM,12.78883,77.7353849
Bengaluru Dist,Attibele PS,1.04421e+16,2020,1,2,Road Accidents,Narrow road,Rural Areas,Open area,Human Error,No,Fatal,Vehicle to Vehicle,Uncontrolled,Steep Incline or Climb,Service Road,Bitumen(Tar),Dry,Not Applicable,Clear,"ATTIBELE-ANEKAL ROAD,",NEAR MAYASANDRA VILLAGE,6 KM,12.750292,77.74761
Bengaluru Dist,Attibele PS,1.04421e+16,2020,1,1,Road Accidents,Junction,Rural Areas,Near Bus stop,Not Applicable,No,Fatal,Not Applicable,Not Applicable,Others,Others,Concrete,Not Applicable,Not Applicable,Heavy Rain,"NH-7,BANGALORE HOSUR SERVICE ROAD NEAR LA CLASSIC HOTEL",NERALUR,4 KM,12.800299,77.760819
Bengaluru Dist,Attibele PS,1.04421e+16,2020,1,3,Road Accidents,Cross roads,City/Town,Open area,Human Error,No,Damage Only,Vehicle to Vehicle,Not at  Junction,Straight and flat,NH,Bitumen(Tar),Dry,No influence on accident,Clear,NEAR NERALUR BUS STOP,NH7 BANGALORE HOSUR ROAD,5 KM,12.791753,77.730328
Bengaluru Dist,Attibele PS,1.04421e+16,2020,1,2,Road Accidents,Curves,City/Town,Open area,Human Error,No,Simple Injury,Vehicle to Vehicle,Not at  Junction,Straight and flat,NH,Bitumen(Tar),Dry,No influence on accident,Clear,NH7 BANGALORE HOSUR SERVICE ROAD,NEAR GUDDAHATTI GATE,4 KM,12.787864,77.73756
Bengaluru Dist,Attibele PS,1.04421e+16,2020,1,1,Road Accidents,Not Applicable,Rural Areas,Near Bus stop,Not Applicable,No,Fatal,Not Applicable,Not Applicable,Not Applicable,Service Road,Concrete,Not Applicable,Not Applicable,Not Applicable,"NH-7,BANGALORE HOSUR SERVICE ROAD NEAR LA CLASSIC HOTEL",NEAR CHIKKANAHALLI CROSS,0.5 KM,12.777965,77.7750709
Bengaluru Dist,Attibele PS,1.04421e+16,2020,1,1,Road Accidents,Cross roads,Rural Areas,Near Bus stop,Not Applicable,No,Grievous Injury,Not Applicable,No signal lights,Others,Service Road,Concrete,Others,Not Applicable,Not Applicable,NH7 ROAD,1,5 KM,12.788673,77.735317
Bengaluru Dist,Attibele PS,1.04421e+16,2020,1,2,Road Accidents,Narrow road,City/Town,Open area,Human Error,No,Damage Only,Vehicle to Vehicle,Not at  Junction,Straight and flat,NH,Bitumen(Tar),Dry,No influence on accident,Clear,NH7 HOSUR BANGALORE ROAD,NEAR GUESTLINE CIRCLE,3 KM,12.786452,77.743744
Bengaluru Dist,Attibele PS,1.04421e+16,2020,1,1,Road Accidents,Circle,City/Town,Open area,Human Error,No,Grievous Injury,Vehicle to Vehicle,Not at  Junction,Straight and flat,NH,Bitumen(Tar),Others,No influence on accident,Others,NH7 BANGALORE HOSUR RD INFRONT OF RTO CHECKPOST,NEARR NARMADA BAR,1 KM,12.780893,77.764897
Bengaluru Dist,Attibele PS,1.04421e+16,2020,1,1,Road Accidents,Narrow road,City/Town,Open area,Human Error,No,Damage Only,Not Applicable,Not at  Junction,Straight and flat,NH,Bitumen(Tar),Dry,No influence on accident,Clear,NH7 BANGALORE HOSUR RD ATTIBELE FLY OVER,NEAR KODIHALLI PAPANNA HOUSE,1/2 KM,12.779649,77.767895
Bengaluru Dist,Attibele PS,1.04421e+16,2020,1,1,Road Accidents,Junction,City/Town,Near Bus stop,Not Applicable,Yes,Fatal,Not Applicable,Not Applicable,Not Applicable,Others,Not Applicable,Flooded,Not Applicable,Others,ATTIBELE ANEKAL ROAD,1,4 KM,12.757741,77.762483
Bengaluru Dist,Attibele PS,1.04421e+16,2020,1,2,Road Accidents,Not Applicable,City/Town,Open area,Human Error,No,Simple Injury,Vehicle to Vehicle,Not at  Junction,Others,NH,Bitumen(Tar),Others,No influence on accident,Clear,NH7 BANGALORE HOSUR ROAD,NEAR ATTIBELE BORDER,1 KM,12.775039,77.779715
Bengaluru Dist,Attibele PS,1.04421e+16,2020,1,2,Road Accidents,Cross roads,Rural Areas,Near School or College,Human Error,Yes,Grievous Injury,Vehicle to Vehicle,Not at  Junction,Straight and flat,Others,Bitumen(Tar),Dry,No influence on accident,Clear,SARJAPURA ATTIBELE ROAD,NEAR HARVEST SCHOOL,2 KM,12.792763,77.77804
Bengaluru Dist,Attibele PS,1.04421e+16,2020,1,1,Road Accidents,Circle,Rural Areas,Near a factory industrial area,Human Error,No,Fatal,Not Applicable,Uncontrolled,Others,NH,Bitumen(Tar),Dry,Not Applicable,Clear,BANGALORE-HOSUR MAIN ROAD,NEAR GUEST LINE CIRCLE,3 KM,12.798211,77.7513369
Bengaluru Dist,Attibele PS,1.04421e+16,2020,1,1,Road Accidents,Junction,Rural Areas,Near Petrol Pump,Road Environment Defect,No,Grievous Injury,Not Applicable,Not Applicable,Others,Others,Concrete,Muddy,Not Applicable,Not Applicable,ATTIBELE SARJAPURA ROAD,3 KM TOWARDS WEST,3 KM,12.799544,77.78178
Bengaluru Dist,Attibele PS,1.04421e+16,2020,1,1,Road Accidents,Narrow road,Rural Areas,Near a factory industrial area,Human Error,No,Fatal,Hit pedestrian,Uncontrolled,Straight and flat,NH,Bitumen(Tar),Dry,Not Applicable,Clear,"NH-7,BANGALORE-HOSUR SERVICE ROAD",OPP AVS CONCRITE FACTORY,4 KM,12.788781,77.735081
Bengaluru Dist,Attibele PS,1.04421e+16,2020,1,2,Road Accidents,Narrow road,City/Town,Open area,Human Error,No,Grievous Injury,Vehicle to Vehicle,Not at  Junction,Straight and flat,NH,Bitumen(Tar),Dry,No influence on accident,Clear,NH7 BANGALORE HOSUR RD,NEAR YADAVANAHALLI BUS STOP,3 KM,12.785694,77.750653
Bengaluru Dist,Attibele PS,1.04421e+16,2020,1,2,Road Accidents,Cross roads,Rural Areas,Near office complex,Human Error,No,Damage Only,Vehicle to Vehicle,Not at  Junction,Straight and flat,NH,Bitumen(Tar),Dry,No influence on accident,Clear,NH7 HOSUR BANGALORE ROAD,NEAR COMMERCIAL CHECKPOST,1 KM,12.780601,77.764457
Bengaluru Dist,Attibele PS,1.04421e+16,2020,1,1,Road Accidents,Junction,City/Town,Near Bus stop,Not Applicable,No,Fatal,Not Applicable,Not Applicable,Not Applicable,NH,Concrete,Not Applicable,Not Applicable,Not Applicable,"NH-7,BANGALORE HOSUR SERVICE ROAD NEAR LA CLASSIC HOTEL",NEAR TOLL PLAZA,1 KM,12.776982,77.77619
Bengaluru Dist,Attibele PS,1.04421e+16,2020,1,1,Road Accidents,Narrow road,Rural Areas,Near Bus stop,Human Error,No,Fatal,Hit pedestrian,Uncontrolled,Straight and flat,NH,Bitumen(Tar),Dry,Not Applicable,Clear,"NH-7,BANGALORE HOSUR MAIN ROAD NEAR LA CLASSIC HOTEL",NEAR YADAVANAHALLI BUS STOP,3 KM,12.78557,77.750889
Bengaluru Dist,Attibele PS,1.04421e+16,2020,1,1,Road Accidents,Narrow road,Rural Areas,Near Petrol Pump,Human Error,No,Fatal,Hit pedestrian,Uncontrolled,Straight and flat,NH,Bitumen(Tar),Dry,Not Applicable,Clear,"NH-7, HOSUR-BANGALORE MAIN ROAD",NEAR GUEST LINE,4 KM,12.786364,77.745311
Bengaluru Dist,Attibele PS,1.04421e+16,2020,1,2,Road Accidents,Narrow road,City/Town,Open area,Human Error,No,Grievous Injury,Vehicle to Vehicle,Not at  Junction,Straight and flat,Two way,Bitumen(Tar),Dry,No influence on accident,Clear,ATTIBELE SARJAPURA ROAD,INFRONT OF SRIRAM SMRITHI APARTMENT BIDARAGUPPE,4 KM,12.811869,77.78333
Bengaluru Dist,Attibele PS,1.04421e+16,2020,1,2,Road Accidents,Narrow road,Rural Areas,Open area,Human Error,No,Grievous Injury,Vehicle to Vehicle,Not at  Junction,Curve,Others,Bitumen(Tar),Dry,No influence on accident,Clear,ATTIBELE TVS ROAD BALLURU,NEAR BIDDA REDDY LAND,4 KM,12.757234,77.774651
Bengaluru Dist,Attibele PS,1.04421e+16,2020,1,2,Road Accidents,Cross roads,Rural Areas,Open area,Human Error,No,Grievous Injury,Vehicle to Vehicle,Not at  Junction,Others,Others,Bitumen(Tar),Dry,No influence on accident,Fine,NEAR NAGAPPA NURSERY,ATTIBELE TVS ROAD,4 KM,12.749664,77.779368
Bengaluru Dist,Attibele PS,1.04421e+16,2020,1,2,Road Accidents,Cross roads,City/Town,Open area,Human Error,Yes,Grievous Injury,Vehicle to Vehicle,Not at  Junction,Straight and flat,NH,Bitumen(Tar),Dry,No influence on accident,Clear,NH7 HOSUR BBANGALORE ROAD,NEAR BALAGARANAHALLI U TURN,4 KM,12.788524,77.73554
Bengaluru Dist,Attibele PS,1.04421e+16,2020,1,1,Not Applicable,Not Applicable,City/Town,Near a factory industrial area,Not Applicable,No,Simple Injury,Not Applicable,Give way sign,Others,Service Road,Concrete,Not Applicable,Not Applicable,Fine,NH7 ROAD,1,2KM,12.78309,77.7596849
Bengaluru Dist,Attibele PS,1.04421e+16,2020,1,1,Road Accidents,Narrow road,Rural Areas,Open area,Human Error,No,Fatal,Hit pedestrian,Uncontrolled,Straight and flat,NH,Bitumen(Tar),Dry,Not Applicable,Clear,"NH-7,BANGALORE HOSUR MAIN ROAD NEAR LA CLASSIC HOTEL",NEAR CHIKKANAHALLI CROSS,1 KM,12.77795,77.775162
Bengaluru Dist,Attibele PS,1.04421e+16,2020,1,1,Road Accidents,Curves,City/Town,Open area,Human Error,No,Damage Only,Not Applicable,Not at  Junction,Straight and flat,NH,Bitumen(Tar),Dry,No influence on accident,Fine,NH7 BANGALORE HOSUR ROAD,NEAR RTO CHECKPOST,1.5,12.812964,77.784718
Bengaluru Dist,Attibele PS,1.04421e+16,2020,1,1,Road Accidents,Circle,City/Town,Open area,Human Error,No,Damage Only,Not Applicable,Not at  Junction,Straight and flat,NH,Bitumen(Tar),Dry,No influence on accident,Clear,NH7 BENGALURU HOSUR ROAD,INFRONT OF BHARATH BENZ COMPANY,1 KM,12.780109,77.766452
Bengaluru Dist,Attibele PS,1.04421e+16,2020,1,1,Road Accidents,Cross roads,Rural Areas,At pedestrian Crossing,Human Error,Yes,Simple Injury,Hit pedestrian,Not at  Junction,Straight and flat,Others,Bitumen(Tar),Dry,No influence on accident,Clear,BEHIND PAPAREDDY HOUSE,3RD PHASE SURYACITY JIGALA,4 KM,12.794115,77.762455
Bengaluru Dist,Attibele PS,1.04421e+16,2020,1,2,Road Accidents,Cross roads,City/Town,Open area,Human Error,No,Damage Only,Vehicle to Vehicle,Not at  Junction,Straight and flat,Two way,Bitumen(Tar),Dry,No influence on accident,Clear,SARJAPURA ROAD,NEAR INDLABELE GATE,2 KM,12.791292,77.7765159
Bengaluru Dist,Attibele PS,1.04421e+16,2020,1,1,Road Accidents,Narrow road,City/Town,At pedestrian Crossing,Human Error,No,Grievous Injury,Hit pedestrian,Not at  Junction,Straight and flat,Two way,Bitumen(Tar),Dry,No influence on accident,Clear,ATTIBELE SARJAPURA ROAD,NEAR BIDARAGUPPE GATE,3 KM,12.80577,77.783549
Bengaluru Dist,Attibele PS,1.04421e+16,2020,1,2,Road Accidents,Narrow road,Rural Areas,Near Bus stop,Human Error,Yes,Fatal,Hit pedestrian,Uncontrolled,Straight and flat,NH,Bitumen(Tar),Dry,Not Applicable,Clear,"NH-7,HOSUR-BANGALORE ROAD",NEAR NERALOORE BUS STAND,5 KM,12.786801,77.740733
Bengaluru Dist,Attibele PS,1.04421e+16,2020,1,3,Road Accidents,Narrow road,Rural Areas,Open area,Human Error,No,Fatal,Not Applicable,Uncontrolled,Straight and flat,NH,Bitumen(Tar),Dry,Not Applicable,Clear,"NH-7,HOSUR-BANGALORE ROAD",OPP TO ATTIBELE CHECK POST,1 KM,12.781283,77.7639169
Bengaluru Dist,Attibele PS,1.04421e+16,2020,1,2,Road Accidents,Cross roads,City/Town,Open area,Human Error,No,Grievous Injury,Vehicle to Vehicle,Not at  Junction,Others,NH,Bitumen(Tar),Dry,No influence on accident,Fog / Mist,NH7 BANGALORE HOSUR MAIN ROAD,NEAR NERALUR GATE,5 KM,12.792505,77.726817
Bengaluru Dist,Attibele PS,1.04421e+16,2020,1,1,Road Accidents,Narrow road,Rural Areas,Near Hospital,Human Error,No,Fatal,Not Applicable,Uncontrolled,Not Applicable,NH,Bitumen(Tar),Dry,Not Applicable,Clear,"NH-7,BANGALORE HOSUR SERVICE ROAD NEAR LA CLASSIC HOTEL",NAER LA CLASSIC HOTEL,2 KM,12.783634,77.757244
Bengaluru Dist,Attibele PS,1.04421e+16,2020,1,1,Road Accidents,Cross roads,City/Town,Open area,Human Error,Yes,Grievous Injury,Hit pedestrian,Not at  Junction,Straight and flat,NH,Bitumen(Tar),Others,No influence on accident,Others,NH7 HOSUR BANGALORE MAIN ROAD,NEAR GUDDAHATTI GATE,4 KM,12.788076,77.737316
Bengaluru Dist,Attibele PS,1.04421e+16,2020,1,1,Road Accidents,Cross roads,City/Town,Near Bus stop,Not Applicable,No,Fatal,Not Applicable,Not Applicable,Not Applicable,NH,Concrete,Muddy,Not Applicable,Not Applicable,"NH-7,BANGALORE HOSUR SERVICE ROAD NEAR LA CLASSIC HOTEL",NEAR KALYANA MANTAPA SHIDLABASAPPA,1/2 KM,12.778683,77.772571
Bengaluru Dist,Attibele PS,1.04421e+16,2020,1,1,Road Accidents,Junction,City/Town,Near Bus stop,Not Applicable,No,Damage Only,Not Applicable,Not Applicable,Not Applicable,NH,Concrete,Not Applicable,Not Applicable,Not Applicable,NH7 ROAD,1,100 MT,12.779154,77.77034
Bengaluru Dist,Attibele PS,1.04421e+16,2020,1,1,Road Accidents,Narrow road,Rural Areas,Near Bus stop,Human Error,No,Fatal,Hit pedestrian,Uncontrolled,Steep Incline or Climb,NH,Bitumen(Tar),Dry,Not Applicable,Clear,"NH-7,BANGALORE HOSUR MAIN ROAD NEAR LA CLASSIC HOTEL",NEAR NERALOORE BUS STAND,5 KM,12.79173,77.7304
Bengaluru Dist,Attibele PS,1.04421e+16,2020,1,2,Road Accidents,Junction,City/Town,Open area,Human Error,No,Damage Only,Vehicle to Vehicle,Not at  Junction,Straight and flat,Two way,Bitumen(Tar),Dry,No influence on accident,Clear,ATTIBELE SARJAPURA ROAD,NEAR INDLABELE BUS STAND,1 KM,12.785678,77.751085
Bengaluru Dist,Attibele PS,1.04421e+16,2020,1,1,Road Accidents,Narrow road,Rural Areas,Near or inside a village,Human Error,No,Fatal,Hit pedestrian,Controlled,Not Applicable,Service Road,Kutcha,Dry,No influence on accident,Clear,"NH 7, BENGALORE HOSUR SERVICE ROAD",ATTIBELE CIRCLE,0.5 KM,12.780739,77.76509
Bengaluru Dist,Attibele PS,1.04421e+16,2020,1,3,Road Accidents,Narrow road,City/Town,Open area,Human Error,No,Damage Only,Vehicle to Vehicle,Not at  Junction,Straight and flat,NH,Bitumen(Tar),Dry,No influence on accident,Clear,NH7 BANGALORE HOSUR ROAD,NEAR ATTIBELE TOLL,500 MT,12.776842,77.776982
Bengaluru Dist,Attibele PS,1.04421e+16,2020,1,1,Road Accidents,Railway crossing,Rural Areas,Open area,Human Error,Yes,Grievous Injury,Not Applicable,Not at  Junction,Steep Incline or Climb,Others,Bitumen(Tar),Dry,Pot holed,Clear,SAMANDUR ANEKAL ROAD,NEAR SAMANDUR RAILWAY GATE,12 KM,12.712161,77.75151
Bengaluru Dist,Attibele PS,1.04421e+16,2020,1,1,Road Accidents,Cross roads,City/Town,Open area,Human Error,No,Simple Injury,Hit pedestrian,Not at  Junction,Straight and flat,NH,Bitumen(Tar),Dry,No influence on accident,Clear,NH7 HOSUR BANGALORE MAIN ROAD,NEAR ATTIBELE CHECKPOST,0.5,12.781062,77.764023
Bengaluru Dist,Attibele PS,1.04421e+16,2020,1,1,Road Accidents,Circle,City/Town,Near Hospital,Not Applicable,No,Grievous Injury,Not Applicable,Not Applicable,Not Applicable,Others,Concrete,Not Applicable,Not Applicable,Not Applicable,NH7 ROAD,1,1 KM,12.776876,77.77661
Bengaluru Dist,Attibele PS,1.04421e+16,2020,1,2,Road Accidents,Narrow road,City/Town,Open area,Human Error,No,Grievous Injury,Vehicle to Vehicle,Not at  Junction,Straight and flat,NH,Bitumen(Tar),Others,No influence on accident,Clear,NH7 HOSUR BANGALORE ROAD,NEAR ATTIBELE TOLL GATE,1 KM,12.774564,77.780526