DISTRICTNAME,UNITNAME,Crime_No,Year,RI,Noofvehicle_involved,Accident_Classification,Accident_Spot,Accident_Location,Accident_SubLocation,Main_Cause,Hit_Run,Severity,Collision_Type,Junction_Control,Road_Character,Road_Type,Surface_Type,Surface_Condition,Road_Condition,Weather,Accident_Road,Landmark_first,Distance_LandMark_First,Latitude,Longitude
Bengaluru Dist,Attibele PS,1.04421e+16,2020,1,1,Road Accidents,Junction,Rural Areas,Near Bus stop,Not Applicable,No,Fatal,Not Applicable,Not Applicable,Not Applicable,Others,Concrete,Not Applicable,Not Applicable,Not Applicable,"NH-7,BANGALORE HOSUR SERVICE ROAD NEAR LA CLASSIC HOTEL",NEAR YADAVANAHALLI VILLAGE,2 KM,12.784756,77.752338
Bengaluru Dist,Attibele PS,1.04421e+16,2020,1,2,Road Accidents,Cross roads,City/Town,Open area,Human Error,No,Damage Only,Vehicle to Vehicle,Not at  Junction,Straight and flat,NH,Bitumen(Tar),Dry,No influence on accident,Clear,NH7 BANGALORE HOSUR ROAD,NEAR CHIKKANAHALLI CROSS ATTIBELE,0.5,12.786276,77.758969
Bengaluru Dist,Attibele PS,1.04421e+16,2020,1,2,Road Accidents,Curves,City/Town,Open area,Human Error,No,Damage Only,Vehicle to Vehicle,Not at  Junction,Straight and flat,NH,Bitumen(Tar),Dry,No influence on accident,Clear,NH7 BANGALORE HOSUR ROAD,NEAR RTO CHECKPOST,800 MT,12.781287,77.763879
Bengaluru Dist,Attibele PS,1.04421e+16,2020,1,2,Road Accidents,Cross roads,Rural Areas,Near Petrol Pump,Human Error,No,Grievous Injury,Vehicle to Vehicle,Not at  Junction,Others,Two way,Bitumen(Tar),Dry,No influence on accident,Cloudy,SARJAPURA ATTIBELE RD INFRONT OF INDIAN PETROL BUNK BIDARAGUPPE,SARJAPURA ATTIBELE RD INFRONT OF INDIAN PETROL BUNK,4KM,12.801947,77.7830139
Bengaluru Dist,Attibele PS,1.04421e+16,2020,1,2,Road Accidents,Cross roads,City/Town,Near Petrol Pump,Vehicle Defect,No,Damage Only,Vehicle to Vehicle,Not at  Junction,Curve,Two way,Bitumen(Tar),Dry,No influence on accident,Clear,ATTIBELE TVS ROAD,ATTIBELE ANEKAL ROAD,2KM,12.808399,77.7841059
Bengaluru Dist,Attibele PS,1.04421e+16,2020,1,1,Road Accidents,Cross roads,City/Town,Open area,Human Error,No,Grievous Injury,Hit pedestrian,Not at  Junction,Straight and flat,NH,Bitumen(Tar),Dry,No influence on accident,Clear,BANGALORE HOSUR NH7 ROAD,NEAR GUDDAHATTI GATE,4 KM,12.753141,77.731085
Bengaluru Dist,Attibele PS,1.04421e+16,2020,1,2,Road Accidents,Circle,City/Town,Open area,Vehicle Defect,No,Damage Only,Vehicle to Vehicle,Not at  Junction,Curve,NH,Bitumen(Tar),Dry,No influence on accident,Clear,NH7 BENGALORE HOSUR ROAD,NH7 BENGALORE HOSUR ROAD,3 KM,12.766651,77.753576
Bengaluru Dist,Attibele PS,1.04421e+16,2020,1,2,Road Accidents,Narrow road,City/Town,Open area,Human Error,No,Grievous Injury,Vehicle to Vehicle,Not at  Junction,Straight and flat,NH,Bitumen(Tar),Others,No influence on accident,Clear,NH7 HOSUR BANGALORE ROAD,NEAR BALAGARANAHALLI GATE,4 KM,12.754182,77.787284
Bengaluru Dist,Attibele PS,1.04421e+16,2020,1,2,Road Accidents,Curves,City/Town,Near a religious place,Human Error,No,Grievous Injury,Vehicle to Vehicle,Not at  Junction,Straight and flat,NH,Bitumen(Tar),Dry,No influence on accident,Clear,NH7 BANGALORE HOSUR ROAD,INFRONT OF JAIN TEMPLE GUDDAHATTI GATE,4 KM,12.789102,77.7347149
Bengaluru Dist,Attibele PS,1.04421e+16,2020,1,1,Road Accidents,Narrow road,City/Town,Open area,Human Error,No,Damage Only,Not Applicable,Not at  Junction,Straight and flat,NH,Bitumen(Tar),Dry,No influence on accident,Clear,NH7 BANGALORE HOSUR ROAD,NEAR ATTIBELE TOLL,500MTR,12.777579,77.775895
Bengaluru Dist,Attibele PS,1.04421e+16,2020,1,1,Road Accidents,Circle,City/Town,At pedestrian Crossing,Human Error,No,Grievous Injury,Hit pedestrian,Not at  Junction,Straight and flat,NH,Bitumen(Tar),Dry,No influence on accident,Clear,NEAR ATTIBELE CIRCLE,ANEKAL TALUK,100 MT,12.779161,77.77036
Bengaluru Dist,Attibele PS,1.04421e+16,2020,1,2,Rail Road Accidents,Not Applicable,City/Town,Open area,Not Applicable,Not Applicable,Grievous Injury,Not Applicable,Not at  Junction,Others,NH,Concrete,Others,Not Applicable,Others,NH-7 BANGALORE HOSURU ROAD,RTO CHECK POST ATTIBELE,1 KM,12.780453,77.76536
Bengaluru Dist,Attibele PS,1.04421e+16,2020,1,4,Road Accidents,Circle,City/Town,Near Bus stop,Not Applicable,No,Damage Only,Not Applicable,Not Applicable,Others,NH,Concrete,Others,Not Applicable,Light Rain,ATTIBELE CHECKPOST,Near toll,0.5 KM,12.777381,77.776607
Bengaluru Dist,Attibele PS,1.04421e+16,2020,1,2,Road Accidents,Curves,City/Town,Open area,Human Error,Yes,Grievous Injury,Vehicle to Vehicle,Not at  Junction,Straight and flat,NH,Bitumen(Tar),Dry,No influence on accident,Clear,NH7 HOSUR BANGALORE ROAD,NEAR BALAGARANAHALLI GATE,5 KM,12.786776,77.744519
Bengaluru Dist,Attibele PS,1.04421e+16,2020,1,2,Road Accidents,Narrow road,Rural Areas,Open area,Human Error,No,Fatal,Vehicle to Vehicle,Controlled,Others,State Highway,Kutcha,Dry,No influence on accident,Clear,ATTIBELE SARJAPURA ROAD,ATTIBELE,0.5 KM,12.776738,77.777566
Bengaluru Dist,Attibele PS,1.04421e+16,2020,1,1,Road Accidents,Cross roads,City/Town,Open area,Human Error,No,Simple Injury,Hit pedestrian,Not at  Junction,Straight and flat,NH,Bitumen(Tar),Dry,No influence on accident,Clear,NH7 BANGALORE HOSUR ROAD,NEAR SKY WALK GUDDAHATTI GATE,4 KM,12.787905,77.737495
Bengaluru Dist,Attibele PS,1.04421e+16,2020,1,1,Road Accidents,Narrow road,Rural Areas,Open area,Human Error,No,Grievous Injury,Vehicle to Vehicle,Not at  Junction,Curve,Others,Bitumen(Tar),Dry,Drainage Ditch,Clear,JIGALA ATTIBELE ROAD,JIGALA ATTIBELE ROAD,2,12.79666,77.7633559
Bengaluru Dist,Attibele PS,1.04421e+16,2020,1,2,Road Accidents,Cross roads,City/Town,Open area,Human Error,No,Grievous Injury,Vehicle to Vehicle,Not at  Junction,Straight and flat,NH,Bitumen(Tar),Dry,No influence on accident,Clear,NH7 BANGALORE HOSUR ROAD,NEAR GUDDAHATTI GATE,5 KM,12.789698,77.733667
Bengaluru Dist,Attibele PS,1.04421e+16,2020,1,2,Road Accidents,Narrow road,Rural Areas,Open area,Human Error,No,Grievous Injury,Vehicle to Vehicle,Not at  Junction,Straight and flat,Two way,Bitumen(Tar),Dry,No influence on accident,Clear,ATTIBELE JIGALA ROAD,NEAR MUNESHWARA TEMPLE,2 KM,12.79509,77.764716
Bengaluru Dist,Attibele PS,1.04421e+16,2020,1,2,Road Accidents,Cross roads,City/Town,Open area,Human Error,No,Simple Injury,Vehicle to Vehicle,Not at  Junction,Straight and flat,NH,Bitumen(Tar),Dry,No influence on accident,Clear,NH7 HOSUR BANGALORE ROAD,NEAR GUESTLINE CIRCLE,3 KM,12.786714,77.741858
Bengaluru Dist,Attibele PS,1.04421e+16,2020,1,1,Road Accidents,Not Applicable,Rural Areas,Near Bus stop,Not Applicable,No,Damage Only,Not Applicable,Not Applicable,Not Applicable,NH,Concrete,Not Applicable,Not Applicable,Others,ATTIBELE CHECKPOST,1,1KM,12.776416,77.777644
Bengaluru Dist,Attibele PS,1.04421e+16,2020,1,2,Road Accidents,Narrow road,Rural Areas,Near Bus stop,Human Error,Yes,Fatal,Not Applicable,Uncontrolled,Straight and flat,State Highway,Bitumen(Tar),Dry,Not Applicable,Clear,SARJAPURA-ATTIBELE ROAD,NEAR INDLABELE BUS STOP,2 KM,12.779619,77.770546
Bengaluru Dist,Attibele PS,1.04421e+16,2020,1,2,Road Accidents,Narrow road,Rural Areas,Near Bus stop,Human Error,No,Fatal,Vehicle to Vehicle,Uncontrolled,Straight and flat,State Highway,Bitumen(Tar),Dry,Not Applicable,Clear,SARJAPURA-ATTIBELE ROAD,INFRONT OF KARTHIK HOTEL,3 KM,12.805858,77.783596
Bengaluru Dist,Attibele PS,1.04421e+16,2020,1,1,Road Accidents,Cross roads,Rural Areas,Open area,Vehicle Defect,Yes,Fatal,Vehicle to Vehicle,Controlled,Hump,Others,Concrete,Dry,Construction Work / Material,Fine,indlabele road,1,1 KM,12.787919,77.774772
Bengaluru Dist,Attibele PS,1.04421e+16,2020,1,2,Road Accidents,Narrow road,City/Town,Open area,Human Error,No,Grievous Injury,Vehicle to Vehicle,Not at  Junction,Straight and flat,Service Road,Bitumen(Tar),Dry,No influence on accident,Clear,NH7 HOSUR BANGALORE SERVICE ROAD,INFRONT OF CHANDANA BAR,0.5,12.778378,77.770079
Bengaluru Dist,Attibele PS,1.04421e+16,2020,1,1,Road Accidents,Junction,Rural Areas,Open area,Vehicle Defect,No,Fatal,Vehicle to Vehicle,Controlled,Curve,Service Road,Concrete,Dry,Construction Work / Material,Fine,mayasandra,1,5 km,12.752034,77.746566
Bengaluru Dist,Attibele PS,1.04421e+16,2020,1,2,Road Accidents,Not Applicable,City/Town,Open area,Human Error,No,Grievous Injury,Vehicle to Vehicle,Not at  Junction,Straight and flat,NH,Bitumen(Tar),Others,Not Applicable,Fine,NH7 BANGALORE HOSUR MAIN ROAD,INFRON OF MUARLI BAR NERALUR GATE,5 KM,12.792306,77.728575
Bengaluru Dist,Attibele PS,1.04421e+16,2020,1,2,Road Accidents,Cross roads,City/Town,Open area,Human Error,No,Grievous Injury,Vehicle to Vehicle,Not at  Junction,Straight and flat,NH,Bitumen(Tar),Dry,No influence on accident,Others,NH7 HOSUR BANGALORE ROAD,NEAR ATTIBELE BORDER ARCH,1 KM,12.774509,77.78056
Bengaluru Dist,Attibele PS,1.04421e+16,2020,1,2,Road Accidents,Cross roads,City/Town,Open area,Human Error,No,Damage Only,Vehicle to Vehicle,Not at  Junction,Straight and flat,NH,Bitumen(Tar),Dry,No influence on accident,Clear,NH7 BANGALORE HOSUR ROAD,NEAR RTO CHECKPOST ATTIBELE,1 KM,12.781414,77.763591
Bengaluru Dist,Attibele PS,1.04421e+16,2020,1,1,Road Accidents,Curves,City/Town,Open area,Human Error,No,Grievous Injury,Hit pedestrian,Not at  Junction,Straight and flat,Service Road,Bitumen(Tar),Not Applicable,No influence on accident,Clear,NH7 BANGALORE HOSUR SERVICE ROAD,NEAR NEALUR BUS STAND,4,12.792093,77.728506
Bengaluru Dist,Attibele PS,1.04421e+16,2020,1,2,Road Accidents,Curves,City/Town,Open area,Human Error,No,Simple Injury,Vehicle to Vehicle,Not at  Junction,Straight and flat,NH,Bitumen(Tar),Dry,No influence on accident,Clear,NH7 HOSUR BANGALORE ROAD,NEAR YADAVANAHALLI GATE,4,12.785609,77.751119
Bengaluru Dist,Attibele PS,1.04421e+16,2020,1,1,Road Accidents,Cross roads,Rural Areas,Open area,Human Error,No,Damage Only,Not Applicable,Not at  Junction,Straight and flat,Others,Bitumen(Tar),Dry,No influence on accident,Clear,ATTIBELE TVS ROAD NEAR MUKUNDA BAKERY,BALLUR VILLAGE,5 KM,12.757489,77.774284
Bengaluru Dist,Attibele PS,1.04421e+16,2021,1,2,Road Accidents,Not Applicable,Rural Areas,Open area,Human Error,Yes,Grievous Injury,Vehicle to Vehicle,Not at  Junction,Straight and flat,NH,Bitumen(Tar),Others,No influence on accident,Others,MAYASANDRA SHETTIHALLI ROAD,NEAR SHETTIHALLI,5 KM,12.778644,77.772649
Bengaluru Dist,Attibele PS,1.04421e+16,2021,1,2,Road Accidents,Not Applicable,Rural Areas,Open area,Vehicle Defect,No,Damage Only,Vehicle to Vehicle,Not Applicable,Others,Others,Not Applicable,Others,Not Applicable,Others,NH-7,KODIHALLI PAPANNA BUILDING,0.5 KM,12.779429,77.768936
Bengaluru Dist,Attibele PS,1.04421e+16,2021,1,1,Road Accidents,Circle,City/Town,Near Bus stop,Vehicle Defect,No,Fatal,Vehicle to Vehicle,Uncontrolled,Curve,NH,Concrete,Others,Not Applicable,Fine,YADUVANAHALLY HOSUR BENGALURU ROAD,1,2 KM,12.783644,77.75614
Bengaluru Dist,Attibele PS,1.04421e+16,2021,1,1,Road Accidents,Not Applicable,City/Town,Near Bus stop,Human Error,No,Grievous Injury,Vehicle to Vehicle,Not at  Junction,Straight and flat,NH,Bitumen(Tar),Others,No influence on accident,Clear,NH7 BANGALORE HOSUR SERVICE ROAD,NEAR GUDDAHATTI GATE,5 KM,12.787963,77.736982
Bengaluru Dist,Attibele PS,1.04421e+16,2021,1,2,Road Accidents,Narrow road,Rural Areas,Open area,Human Error,No,Grievous Injury,Vehicle to Vehicle,Not at  Junction,Straight and flat,Others,Bitumen(Tar),Others,No influence on accident,Cloudy,ATTIBELE TVS ROAD,NEAR KRISHNA MILK DAIRY,4 KM,12.748778,77.7798739
Bengaluru Dist,Attibele PS,1.04421e+16,2021,1,1,Not Applicable,Curves,City/Town,Near a religious place,Not Applicable,No,Grievous Injury,Hit bicyclist,Not Applicable,Curve and Incline,Not Applicable,Concrete,Not Applicable,Engineering Defect of Road,Light Rain,ATTIBELE CIRCLE,1,1,12.779503,77.768548
Bengaluru Dist,Attibele PS,1.04421e+16,2021,1,2,Road Accidents,Narrow road,City/Town,Near or inside a village,Human Error,No,Fatal,Vehicle to Vehicle,Controlled,Straight and flat,NH,Bitumen(Tar),Dry,No influence on accident,Fine,NH7 Hosur Bangaluru road,Near Attibele check post,1 kms,12.780763,77.764334
Bengaluru Dist,Attibele PS,1.04421e+16,2021,1,1,Road Accidents,Cross roads,Rural Areas,Open area,Vehicle Defect,Yes,Fatal,Vehicle to Vehicle,Controlled,Curve,Others,Concrete,Dry,No influence on accident,Fine,GUEST LINE NEAR,YADUVANAHALLY UNDERPASS,1 KM,12.77719,77.775895
Bengaluru Dist,Attibele PS,1.04421e+16,2021,1,2,Road Accidents,Cross roads,Rural Areas,Open area,Human Error,No,Grievous Injury,Vehicle to Vehicle,Not at  Junction,Straight and flat,Two way,Bitumen(Tar),Others,No influence on accident,Clear,ATTIBELE ANEKAL ROAD,NEAR MAYASANDRA LAKE,4 KM,12.777393,77.7466549
Bengaluru Dist,Attibele PS,1.04421e+16,2021,1,2,Road Accidents,Circle,City/Town,Open area,Human Error,No,Grievous Injury,Vehicle to Vehicle,No signal lights,Straight and flat,NH,Bitumen(Tar),Dry,No influence on accident,Clear,NH7 BANGALORE HOSUR MAIN ROAD,NEAR GUESTLINE CIRCLE,3 KM,12.762451,77.777585
Bengaluru Dist,Attibele PS,1.04421e+16,2021,1,1,Road Accidents,Not Applicable,City/Town,Open area,Human Error,No,Grievous Injury,Hit pedestrian,Not at  Junction,Straight and flat,NH,Bitumen(Tar),Dry,No influence on accident,Others,NH7 HOSUR BANGALORE ROAD,NEAR ATTIBELE TOLL,0.5,12.777297,77.775706
Bengaluru Dist,Attibele PS,1.04421e+16,2021,1,1,Road Accidents,Cross roads,Rural Areas,Open area,Road Environment Defect,No,Not Applicable,Hit pedestrian,Controlled,Straight and flat,Service Road,Concrete,Others,Not Applicable,Very Cold,CHIKKANAHALLY CROSS,CHIKKANAHALLY CROSS,1 KM,12.777147,77.776824
Bengaluru Dist,Attibele PS,1.04421e+16,2021,1,1,Not Applicable,Curves,Rural Areas,Near Bus stop,Not Applicable,Not Applicable,Not Applicable,Not Applicable,Not at  Junction,Curve and Incline,Major District Road,Concrete,Muddy,Pot holed,Fine,ATTIBELE RTO OFFICE OPPOSITE,1,2 KM,12.78018,77.7641649
Bengaluru Dist,Attibele PS,1.04421e+16,2021,1,1,Not Applicable,Circle,Rural Areas,Near a factory industrial area,Vehicle Defect,Not Applicable,Fatal,Not Applicable,Controlled,Curve,Others,Gravel,Dry,Not Applicable,Mist or Fog,AREHALLY,1,4 KM,0.0,0.0
Bengaluru Dist,Attibele PS,1.04421e+16,2021,1,1,Road Accidents,Circle,Rural Areas,Near office complex,Vehicle Defect,No,Grievous Injury,Not Applicable,Controlled,Curve,Not Applicable,Concrete,Dry,Not Applicable,Fine,GAIL INDIA COMPANY NEAR,1,2KM,0.0,0.0
Bengaluru Dist,Attibele PS,1.04421e+16,2021,1,1,Road Accidents,Circle,Rural Areas,Residential area,Vehicle Defect,No,Grievous Injury,Vehicle to Vehicle,Controlled,Curve,State Highway,Concrete,Dry,Not Applicable,Fine,SHREERAM SMRUTHI APARTMENT,1,2 KM,12.814551,77.789519
Bengaluru Dist,Attibele PS,1.04421e+16,2021,1,1,Road Accidents,Narrow road,Rural Areas,Near a factory industrial area,Human Error,No,Fatal,Not Applicable,Uncontrolled,Straight and flat,NH,Bitumen(Tar),Dry,Not Applicable,Clear,"NH-7, BANGALORE-HOSUR ROAD",BHARATH BENZ OPP,05 KM,12.779236,77.773349
Bengaluru Dist,Attibele PS,1.04421e+16,2021,1,1,Road Accidents,Cross roads,Rural Areas,Near Bus stop,Vehicle Defect,No,Fatal,Hit pedestrian,Uncontrolled,Curve,State Highway,Concrete,Others,Not Applicable,Fine,HAROHALLY GATE,1,2 km,12.755011,77.757351
Bengaluru Dist,Attibele PS,1.04421e+16,2021,1,1,Road Accidents,Circle,Rural Areas,Open area,Vehicle Defect,No,Fatal,Not Applicable,Controlled,Curve,Residential Street,Kutcha,Others,Engineering Defect of Road,Fine,ADIGONDANAHALLY VILLAGE ROAD KESHAVAREDDY LAND NEAR,1,1 KM,12.812433,77.751207
Bengaluru Dist,Attibele PS,1.04421e+16,2021,1,1,Road Accidents,Circle,Rural Areas,Near Bus stop,Vehicle Defect,No,Not Applicable,Not Applicable,Controlled,Curve,Service Road,Concrete,Dry,Not Applicable,Fine,golden gate near,1,1 km,12.793923,77.778879
Bengaluru Dist,Attibele PS,1.04421e+16,2021,1,2,Road Accidents,Narrow road,Rural Areas,Open area,Human Error,No,Grievous Injury,Vehicle to Vehicle,Not Applicable,Straight and flat,NH,Bitumen(Tar),Dry,No influence on accident,Clear,NH 7,OPP LA CLASSIC,2 KM,12.784211,77.756983
Bengaluru Dist,Attibele PS,1.04421e+16,2021,1,3,Road Accidents,Cross roads,Rural Areas,Open area,Human Error,No,Simple Injury,Vehicle to Vehicle,Not at  Junction,Straight and flat,Others,Bitumen(Tar),Others,No influence on accident,Fine,ATTIBELE ANEKAL ROAD,NEAR LAKSHMI TEMPLE,1 KM,12.776286,77.772212
Bengaluru Dist,Attibele PS,1.04421e+16,2021,1,2,Road Accidents,Not Applicable,Rural Areas,Residential area,Human Error,Yes,Grievous Injury,Vehicle to Vehicle,Not at  Junction,Straight and flat,NH,Bitumen(Tar),Others,No influence on accident,Clear,NH7 HOSUR BANGALORE FLYOVER,NEAR ATTIBELE FLYOVER,200 MT,12.779188,77.7692539
Bengaluru Dist,Attibele PS,1.04421e+16,2021,1,3,Road Accidents,Narrow road,City/Town,Open area,Human Error,No,Damage Only,Vehicle to Vehicle,Uncontrolled,Straight and flat,NH,Bitumen(Tar),Dry,Not Applicable,Clear,NH7 BANGALORE HOSURU ROAD,IN FORNT OF RTO OFICE,0.5KM,12.780744,77.76464
Bengaluru Dist,Attibele PS,1.04421e+16,2021,1,1,Road Accidents,Junction,Rural Areas,Near Bus stop,Vehicle Defect,No,Fatal,Vehicle to Vehicle,Controlled,Curve and Incline,NH,Concrete,Others,Not Applicable,Fine,YADUVANAHALLY HOSUR BENGALURU ROAD,1,2 km,12.806627,77.760238
Bengaluru Dist,Attibele PS,1.04421e+16,2021,1,1,Road Accidents,Curves,City/Town,Open area,Human Error,No,Grievous Injury,Hit pedestrian,Not at  Junction,Straight and flat,NH,Bitumen(Tar),Dry,No influence on accident,Clear,NH7 HOSUR BANGALORE SERVICE ROAD,NEAR ASHIRVAD COMPANY,3 KM,12.786056,77.748599
Bengaluru Dist,Attibele PS,1.04421e+16,2021,1,2,Road Accidents,Not Applicable,City/Town,Near Bus stop,Human Error,No,Damage Only,Vehicle to Vehicle,Not at  Junction,Straight and flat,NH,Bitumen(Tar),Others,No influence on accident,Clear,NH7 BANGALORE HOSUR ROAD,NEAR NERALUR GATE,5 KM,12.79208,77.72847
Bengaluru Dist,Attibele PS,1.04421e+16,2021,1,1,Road Accidents,Curves,City/Town,Near Bus stop,Not Applicable,No,Grievous Injury,Not Applicable,Not Applicable,Curve,State Highway,Not Applicable,Dry,Not Applicable,Others,YES,T,3 KM,12.78674,77.741846
Bengaluru Dist,Attibele PS,1.04421e+16,2021,1,1,Road Accidents,Cross roads,Rural Areas,Open area,Vehicle Defect,Yes,Grievous Injury,Vehicle to Vehicle,Controlled,Others,Others,Kutcha,Muddy,Not Applicable,Fine,ADIGONDANAHALLY VILLAGE ROAD KESHAVAREDDY LAND NEAR,KESHAVAREDDY LAND NEAR,7 KM,12.810445,77.752386
Bengaluru Dist,Attibele PS,1.04421e+16,2021,1,1,Not Applicable,Circle,Rural Areas,Near Bus stop,Vehicle Defect,Yes,Grievous Injury,Not Applicable,Controlled,Curve,NH,Concrete,Dry,Construction Work / Material,Fine,guddahatty gate,1,3 KM,12.788333,77.737352
Bengaluru Dist,Attibele PS,1.04421e+16,2021,1,1,Road Accidents,Narrow road,Rural Areas,At pedestrian Crossing,Human Error,No,Grievous Injury,Hit pedestrian,Not at  Junction,Others,Others,Bitumen(Tar),Dry,No influence on accident,Clear,ATTIBELE SARJAPURA ROAD,OPP TO BIG MARKET,1/2 KM,12.749685,77.779545
Bengaluru Dist,Attibele PS,1.04421e+16,2021,1,2,Road Accidents,Not Applicable,City/Town,Open area,Human Error,No,Grievous Injury,Vehicle to Vehicle,No signal lights,Straight and flat,NH,Bitumen(Tar),Dry,No influence on accident,Others,NH7 BANGALORE HOSUR ROAD,NEAR LA CLASSIC HOTEL,1 KM,12.789286,77.751275
Bengaluru Dist,Attibele PS,1.04421e+16,2021,1,1,Road Accidents,Narrow road,City/Town,Near Bus stop,Human Error,No,Grievous Injury,Hit pedestrian,No signal lights,Straight and flat,NH,Bitumen(Tar),Dry,No influence on accident,Clear,ATTEBELE SARJAPURA ROAD,NEAR ATTEBELE BUS STAND,0.5KM,12.782484,77.772391
Bengaluru Dist,Attibele PS,1.04421e+16,2021,1,2,Road Accidents,Cross roads,Rural Areas,Open area,Human Error,No,Grievous Injury,Vehicle to Vehicle,Not at  Junction,Straight and flat,Others,Bitumen(Tar),Dry,No influence on accident,Clear,RACHAMANAHALLI BIDARAGERE ROAD,NEAR ALADA MARA,9 KM,12.714118,77.734543
Bengaluru Dist,Attibele PS,1.04421e+16,2021,1,2,Road Accidents,Not Applicable,Rural Areas,Open area,Human Error,Yes,Grievous Injury,Vehicle to Vehicle,Not at  Junction,Straight and flat,Two way,Bitumen(Tar),Dry,No influence on accident,Clear,ATTIBELE SARJAPURA ROAD,NEAR G R SANSKRUTHI CONSTRUCTION,2 KM,12.793672,77.779171
Bengaluru Dist,Attibele PS,1.04421e+16,2021,1,1,Road Accidents,Circle,Rural Areas,Open area,Vehicle Defect,No,Fatal,Vehicle to Vehicle,Controlled,Curve,NH,Concrete,Dry,No influence on accident,Fine,ATTBELE TOLL,1,1,12.776345,77.777585
Bengaluru Dist,Attibele PS,1.04421e+16,2021,1,1,Road Accidents,Circle,Rural Areas,Residential area,Vehicle Defect,Not Applicable,Fatal,Vehicle to Vehicle,Controlled,Curve,Service Road,Not Applicable,Dry,Construction Work / Material,Fine,BALAGARANAHALLY VILLAGE,1,5 km,12.785222,77.732102
Bengaluru Dist,Attibele PS,1.04421e+16,2021,1,2,Road Accidents,Narrow road,Rural Areas,Open area,Human Error,No,Fatal,Hit bicyclist,Uncontrolled,Straight and flat,State Highway,Bitumen(Tar),Dry,Not Applicable,Clear,ATTIBELE-SARJAPURA ROAD,NEAR SILK FARM GATE,3 KM,12.80768,77.787111
Bengaluru Dist,Attibele PS,1.04421e+16,2021,1,2,Road Accidents,Circle,City/Town,Open area,Human Error,Yes,Grievous Injury,Vehicle to Vehicle,Not at  Junction,Straight and flat,NH,Bitumen(Tar),Dry,No influence on accident,Clear,NH7 HOSUR BANGALORE ROAD,NEAR GUESTLINE CIRCLE,2 KM,12.760785,77.757668
Bengaluru Dist,Attibele PS,1.04421e+16,2021,1,1,Road Accidents,Junction,City/Town,At pedestrian Crossing,Human Error,No,Grievous Injury,Hit pedestrian,Controlled,Straight and flat,NH,Bitumen(Tar),Dry,No influence on accident,Clear,NH7 BANGALORE HOSUR ROAD,NEAR YADAVANAHALLI BUS STOP,3 KM,12.766678,77.752734
Bengaluru Dist,Attibele PS,1.04421e+16,2021,1,1,Road Accidents,Narrow road,Rural Areas,Open area,Human Error,No,Fatal,Not Applicable,Uncontrolled,Straight and flat,NH,Bitumen(Tar),Dry,Not Applicable,Clear,HOSUR-BANGALORE MAIN ROAD,NEAR ATTIBELE ARCH,0.5 KM,12.81279,77.783255
Bengaluru Dist,Attibele PS,1.04421e+16,2021,1,1,Road Accidents,Not Applicable,Rural Areas,Open area,Human Error,No,Damage Only,Not Applicable,Not at  Junction,Straight and flat,NH,Bitumen(Tar),Others,No influence on accident,Clear,NH7 BANGALORE HOSUR ROAD,NEAR ATTIBELE TOLL,0.5,12.777205,77.77674
Bengaluru Dist,Attibele PS,1.04421e+16,2021,1,1,Not Applicable,Circle,Rural Areas,Near Bus stop,Vehicle Defect,No,Grievous Injury,Not Applicable,Controlled,Curve,Feeder Road,Concrete,Dry,Not Applicable,Fine,sriram smruthi apartment,1,1 km,12.812352,77.783342
Bengaluru Dist,Attibele PS,1.04421e+16,2021,1,2,Road Accidents,Not Applicable,City/Town,Near a religious place,Human Error,No,Simple Injury,Vehicle to Vehicle,Not at  Junction,Straight and flat,NH,Bitumen(Tar),Dry,No influence on accident,Fine,NH7 BANGALORE HOSUR ROAD,OPP TO SRI MAHADESHWARA TEMPLE YADAVANAHALLI,3 KM,12.786647,77.741897
Bengaluru Dist,Attibele PS,1.04421e+16,2021,1,2,Road Accidents,Circle,Rural Areas,Near Bus stop,Human Error,Yes,Grievous Injury,Vehicle to Vehicle,Give way sign,Slight Curve,NH,Concrete,Others,Not Applicable,Fine,NH  7 BANGALORE HOSUR MAIN ROAD GUST LINE CIRCLE,NH 7 BANGALORE HOSUR MAIN ROAD,2 KM,12.786715,77.741781
Bengaluru Dist,Attibele PS,1.04421e+16,2021,1,2,Road Accidents,Narrow road,Rural Areas,Open area,Human Error,No,Damage Only,Vehicle to Vehicle,Not at  Junction,Straight and flat,NH,Bitumen(Tar),Others,No influence on accident,Clear,NH7 HOSUR BANGALORE MAIN ROAD,NEAR ATTIBELE TOLL,0.5,12.776393,77.777677
Bengaluru Dist,Attibele PS,1.04421e+16,2021,1,2,Road Accidents,Cross roads,Rural Areas,Open area,Human Error,No,Damage Only,Vehicle to Vehicle,Not at  Junction,Others,NH,Bitumen(Tar),Dry,No influence on accident,Others,NH7 HOSUR BANGALORE MAIN ROAD,NEAR GUDDAHATTI GATE,4 KM,12.787944,77.737009
Bengaluru Dist,Attibele PS,1.04421e+16,2021,1,2,Road Accidents,Narrow road,Rural Areas,Open area,Human Error,No,Not Applicable,Not Applicable,Uncontrolled,Straight and flat,NH,Bitumen(Tar),Dry,No influence on accident,Clear,NH 7,OPP GELTEC,2 KM,12.784618,77.753961
Bengaluru Dist,Attibele PS,1.04421e+16,2021,1,2,Road Accidents,Circle,Rural Areas,Open area,Human Error,Yes,Grievous Injury,Vehicle to Vehicle,Not at  Junction,Straight and flat,NH,Bitumen(Tar),Dry,No influence on accident,Clear,NH7 BANGALORE HOSUR ROAD,NEAR GUESTLINE CIRCLE,3 KM,12.783702,77.758034
Bengaluru Dist,Attibele PS,1.04421e+16,2021,1,1,Road Accidents,Narrow road,Rural Areas,Near a religious place,Human Error,No,Grievous Injury,Hit pedestrian,Not at  Junction,Straight and flat,NH,Bitumen(Tar),Others,No influence on accident,Cloudy,NH7 HOSUR BANGALORE ROAD,NEAR MAHADESHWARA TEMPLE,2 KM,12.783827,77.756131
Bengaluru Dist,Attibele PS,1.04421e+16,2021,1,2,Road Accidents,Narrow road,Rural Areas,Open area,Human Error,No,Fatal,Vehicle to Vehicle,Uncontrolled,Straight and flat,NH,Bitumen(Tar),Dry,Not Applicable,Clear,BANGALORE-HOSUR NH ROAD,NEAR BHARATH BENZ SERVICE CENTRE,1/2 KM,12.780181,77.766434