DISTRICTNAME,UNITNAME,Crime_No,Year,RI,Noofvehicle_involved,Accident_Classification,Accident_Spot,Accident_Location,Accident_SubLocation,Main_Cause,Hit_Run,Severity,Collision_Type,Junction_Control,Road_Character,Road_Type,Surface_Type,Surface_Condition,Road_Condition,Weather,Accident_Road,Landmark_first,Distance_LandMark_First,Latitude,Longitude
Bengaluru Dist,Attibele PS,1.04421e+16,2021,1,1,Road Accidents,Narrow road,Rural Areas,Open area,Vehicle Defect,No,Grievous Injury,Vehicle to Vehicle,Not Applicable,Others,Others,Concrete,Not Applicable,Not Applicable,Fine,MAYASANDRA KERE KODI,MAYASANDRA KERE KODI,5,12.749769,77.746615
Bengaluru Dist,Attibele PS,1.04421e+16,2021,1,2,Road Accidents,Not Applicable,City/Town,Near Bus stop,Human Error,No,Damage Only,Vehicle to Vehicle,Not at  Junction,Others,NH,Bitumen(Tar),Others,No influence on accident,Others,NH7 BANGALORE HOSUR RD,NEAR YADAVANAHALLI BUS STOP,2 KM,12.78563,77.7507519
Bengaluru Dist,Attibele PS,1.04421e+16,2021,1,1,Road Accidents,Circle,Rural Areas,Near office complex,Not Applicable,Not Applicable,Fatal,Vehicle to Vehicle,Controlled,Curve,NH,Concrete,Dry,Construction Work / Material,Fine,NERAURU GATE,1,5 km,12.793303,77.727454
Bengaluru Dist,Attibele PS,1.04421e+16,2021,1,1,Road Accidents,Circle,Rural Areas,Open area,Vehicle Defect,No,Fatal,Vehicle to Vehicle,Controlled,Curve,Not Applicable,Concrete,Dry,Construction Work / Material,Fine,BALLURU CROSS,1,3 KM,12.757454,77.774161
Bengaluru Dist,Attibele PS,1.04421e+16,2021,1,1,Road Accidents,Not Applicable,City/Town,Open area,Human Error,No,Grievous Injury,Hit pedestrian,Not at  Junction,Straight and flat,NH,Bitumen(Tar),Dry,No influence on accident,Clear,NH7 HOSUR BANGALORE MAIN ROAD,NEAR GUESTLINE CIRCLE,4 KM,12.754246,77.786671
Bengaluru Dist,Attibele PS,1.04421e+16,2021,1,2,Road Accidents,Circle,Rural Areas,Near Bus stop,Human Error,Yes,Grievous Injury,Vehicle to Vehicle,No signal lights,Curve,NH,Concrete,Dry,Not Applicable,Fine,GUESTLINE CIRCLE,NH7 BANGALORE HOSUR SURVICE ROAD,3 KM,12.786957,77.7420919
Bengaluru Dist,Attibele PS,1.04421e+16,2021,1,1,Road Accidents,Circle,Rural Areas,Near Bus stop,Vehicle Defect,No,Fatal,Vehicle to Vehicle,Controlled,Curve,Others,Concrete,Muddy,Construction Work / Material,Fine,BHAKTIPURA ROAD,1,3 KM,12.757608,77.762218
Bengaluru Dist,Attibele PS,1.04421e+16,2021,1,1,Road Accidents,Circle,Rural Areas,Open area,Human Error,Not Applicable,Damage Only,Not Applicable,No signal lights,Straight and flat,NH,Surfaced,Dry,Not Applicable,Fine,NH 7 HOSUR BANGALORE  ROAD INFRONT OF RTO OFFICE,NH 7 HOSUR BANGALORE ROAD,2 KM,12.780686,77.764844
Bengaluru Dist,Attibele PS,1.04421e+16,2021,1,1,Road Accidents,Circle,Rural Areas,Near Bus stop,Vehicle Defect,No,Grievous Injury,Not Applicable,Controlled,Curve,NH,Kutcha,Dry,No influence on accident,Others,guddahatty gate,1,2 km,12.788154,77.737211
Bengaluru Dist,Attibele PS,1.04421e+16,2021,1,1,Road Accidents,Circle,Rural Areas,Near Bus stop,Vehicle Defect,Not Applicable,Fatal,Vehicle to Vehicle,Controlled,Curve,NH,Concrete,Dry,Construction Work / Material,Fine,YADUVANAHALLY GATE,1,4 KM,12.785427,77.752066
Bengaluru Dist,Attibele PS,1.04421e+16,2021,1,1,Road Accidents,Narrow road,Rural Areas,Open area,Human Error,No,Damage Only,Not Applicable,Controlled,Straight and flat,NH,Bitumen(Tar),Dry,No influence on accident,Clear,NH 7,NH 7,5 KM,12.779416,77.742042
Bengaluru Dist,Attibele PS,1.04421e+16,2021,1,2,Road Accidents,Narrow road,Rural Areas,Open area,Human Error,No,Fatal,Vehicle to Vehicle,Uncontrolled,Straight and flat,NH,Bitumen(Tar),Dry,Not Applicable,Clear,HOSUR-BANGALORE ROAD,INFRONT OF RTO CHECK POST,1 KM,12.782371,77.771444
Bengaluru Dist,Attibele PS,1.04421e+16,2021,1,2,Road Accidents,Narrow road,Rural Areas,Open area,Human Error,No,Fatal,Not Applicable,Uncontrolled,Straight and flat,NH,Bitumen(Tar),Dry,Not Applicable,Clear,"NH-7, HOSUR-BANGALORE MAIN ROAD",NEAR LA CLASSIC HOTEL,2 KM,12.786269,77.751226
Bengaluru Dist,Attibele PS,1.04421e+16,2021,1,1,Road Accidents,Circle,Rural Areas,Open area,Vehicle Defect,Yes,Simple Injury,Vehicle to Vehicle,Controlled,Curve,NH,Concrete,Dry,Construction Work / Material,Fine,NH,1,1 km,12.787038,77.740511
Bengaluru Dist,Attibele PS,1.04421e+16,2021,1,2,Road Accidents,Not Applicable,City/Town,Open area,Human Error,No,Damage Only,Vehicle to Vehicle,Not at  Junction,Straight and flat,NH,Bitumen(Tar),Others,No influence on accident,Clear,NH7 BANGALORE HOSUR ROAD,OPP LA CLASSIC HOTEL,2 KM,12.783646,77.757591
Bengaluru Dist,Attibele PS,1.04421e+16,2021,1,1,Not Applicable,Curves,Rural Areas,Near Bus stop,Vehicle Defect,Yes,Fatal,Vehicle to Vehicle,Controlled,Curve,NH,Concrete,Dry,Construction Work / Material,Fine,RTO CHECKPOST,1,1 KM,12.78355,77.757563
Bengaluru Dist,Attibele PS,1.04421e+16,2021,1,2,Road Accidents,Circle,City/Town,Near Bus stop,Human Error,No,Damage Only,Vehicle to Vehicle,Not at  Junction,Straight and flat,NH,Bitumen(Tar),Dry,No influence on accident,Fine,NH7 HOSUR BANGALORE ROAD,NEAR YADAVANAHALLI BUS STOP,2 KM,12.785629,77.750758
Bengaluru Dist,Attibele PS,1.04421e+16,2021,1,1,Road Accidents,Circle,Rural Areas,Open area,Vehicle Defect,No,Fatal,Vehicle to Vehicle,Controlled,Curve,NH,Concrete,Dry,Construction Work / Material,Fine,CHIKKANAHALLY CROSS,1,1 km,12.777934,77.775089
Bengaluru Dist,Attibele PS,1.04421e+16,2021,1,2,Road Accidents,Junction,Rural Areas,Open area,Human Error,No,Grievous Injury,Vehicle to Vehicle,No signal lights,Straight and flat,NH,Concrete,Dry,Not Applicable,Fine,MAK BAR NEAR GUEST LINE CIRCLE,NH7 BANGALORE HOSUR SURVICE ROAD,3 KM,12.786675,77.743247
Bengaluru Dist,Attibele PS,1.04421e+16,2021,1,1,Not Applicable,Circle,Rural Areas,In bazaar,Not Applicable,No,Simple Injury,Not Applicable,Controlled,Hump,Not Applicable,Bitumen(Tar),Dry,Drainage Ditch,Fine,YADUVANAHALLY,1,1 KM,12.784367,77.752305
Bengaluru Dist,Attibele PS,1.04421e+16,2021,1,2,Road Accidents,Not Applicable,City/Town,Open area,Human Error,No,Damage Only,Vehicle to Vehicle,Not at  Junction,Straight and flat,NH,Bitumen(Tar),Dry,No influence on accident,Clear,NH7 HOSUR BANGALORE ROAD,ON ATTIBELE FLY OVER,1/2 KM,12.749541,77.791054
Bengaluru Dist,Attibele PS,1.04421e+16,2021,1,1,Road Accidents,Not Applicable,Rural Areas,At pedestrian Crossing,Human Error,No,Grievous Injury,Hit pedestrian,Not at  Junction,Straight and flat,NH,Bitumen(Tar),Dry,No influence on accident,Clear,NEAR NERALUR BUS STOP,NH7 HOSUR BANGALORE ROAD,5 KM,12.778308,77.747842
Bengaluru Dist,Attibele PS,1.04421e+16,2021,1,2,Road Accidents,Curves,City/Town,Near Hospital,Human Error,No,Simple Injury,Vehicle to Vehicle,Uncontrolled,Straight and flat,NH,Bitumen(Tar),Dry,Not Applicable,Clear,NH7,GUEST LINE CIRCLE,4 KM,12.786686,77.7417059
Bengaluru Dist,Attibele PS,1.04421e+16,2021,1,2,Road Accidents,Circle,Rural Areas,Open area,Human Error,No,Grievous Injury,Vehicle to Vehicle,Not at  Junction,Others,NH,Bitumen(Tar),Others,No influence on accident,Others,NH7 BANGALORE HOSUR ROAD,NEAR ATTIBELE BORDER ARCH,0.5,12.774624,77.7804839
Bengaluru Dist,Attibele PS,1.04421e+16,2021,1,1,Road Accidents,Curves,Rural Areas,Near Bus stop,Vehicle Defect,No,Grievous Injury,Vehicle to Vehicle,Controlled,Curve,NH,Concrete,Dry,Drainage Ditch,Fine,ghest line circle,1,3 KM,0.0,0.0
Bengaluru Dist,Attibele PS,1.04421e+16,2021,1,1,Road Accidents,Circle,Rural Areas,Near Bus stop,Vehicle Defect,Yes,Fatal,Vehicle to Vehicle,Controlled,Curve and Incline,NH,Concrete,Dry,Construction Work / Material,Fine,GUDDAHATTY GATE,1,2 KM,12.787622,77.738356
Bengaluru Dist,Attibele PS,1.04421e+16,2021,1,1,Road Accidents,Junction,City/Town,Near Bus stop,Vehicle Defect,No,Fatal,Vehicle to Vehicle,Give way sign,Curve and Incline,Feeder Road,Concrete,Ditch or Potholed,Drainage Ditch,Fine,indlabele road,1,1 KM,12.789556,77.733861
Bengaluru Dist,Attibele PS,1.04421e+16,2021,1,1,Road Accidents,Circle,Rural Areas,Open area,Vehicle Defect,No,Grievous Injury,Vehicle to Vehicle,Controlled,Crest of hill,Expressway,Concrete,Flooded,Construction Work / Material,Fine,GUEST LINE NEAR,1,1 KM,12.786711,77.7422679
Bengaluru Dist,Attibele PS,1.04421e+16,2021,1,1,Road Accidents,Narrow road,City/Town,Near Bus stop,Vehicle Defect,No,Not Applicable,Vehicle to Vehicle,Controlled,Curve,NH,Concrete,Others,Not Applicable,Fine,ATTIBELE TOLL,1,1 KM,12.77527,77.779702
Bengaluru Dist,Attibele PS,1.04421e+16,2021,1,2,Road Accidents,Cross roads,Rural Areas,Near Petrol Pump,Human Error,No,Grievous Injury,Vehicle to Vehicle,Signal lights Manual,Others,NH,Surfaced,Others,Not Applicable,Clear,"BANGALORE HOSUR SERVICE ROAD, NEAR GUEST LINE CIRCLE OPP BHARATH PEPROL BUNK",GUEST LINCE CIRCLE,4,12.786628,77.741783
Bengaluru Dist,Attibele PS,1.04421e+16,2021,1,2,Road Accidents,Junction,Rural Areas,Open area,Vehicle Defect,No,Damage Only,Vehicle to Vehicle,Not at  Junction,Others,NH,Bitumen(Tar),Dry,No influence on accident,Cloudy,NH7 BENGALORE HOSUR ROAD,NEAR ATTIBELE BORDER,1 KM,12.783159,77.760152
Bengaluru Dist,Attibele PS,1.04421e+16,2021,1,2,Road Accidents,Not Applicable,Rural Areas,Open area,Human Error,No,Damage Only,Vehicle to Vehicle,Not at  Junction,Straight and flat,NH,Bitumen(Tar),Dry,No influence on accident,Clear,NH7 HOSUR BANGALORE ROAD,NEAR GUDDAHATTI GATE,4 KM,12.787705,77.737988
Bengaluru Dist,Attibele PS,1.04421e+16,2021,1,1,Not Applicable,Junction,Rural Areas,Open area,Vehicle Defect,No,Fatal,Not Applicable,Controlled,Curve,Service Road,Concrete,Muddy,Not Applicable,Fine,BALLURU CROSS,1,1 KM,12.757486,77.7740369
Bengaluru Dist,Attibele PS,1.04421e+16,2021,1,1,Not Applicable,Circle,Rural Areas,Near Bus stop,Vehicle Defect,No,Fatal,Vehicle to Vehicle,Controlled,Curve,State Highway,Concrete,Others,Not Applicable,Fine,ANEKAL ROAD,1,1 KM,12.778381,77.770079
Bengaluru Dist,Attibele PS,1.04421e+16,2021,1,1,Road Accidents,Cross roads,Rural Areas,Near Bus stop,Vehicle Defect,No,Fatal,Vehicle to Vehicle,Uncontrolled,Curve,NH,Concrete,Not Applicable,Not Applicable,Fine,GUDDAHATTY GATE,1,4 KM,12.787888,77.737683
Bengaluru Dist,Attibele PS,1.04421e+16,2021,1,2,Road Accidents,Narrow road,City/Town,Near Bus stop,Human Error,No,Fatal,Vehicle to Vehicle,Controlled,Straight and flat,NH,Bitumen(Tar),Dry,No influence on accident,Fine,NH7 Bangaluru Hosur road,Near Guestline circle,3 kms,12.786424,77.745785
Bengaluru Dist,Attibele PS,1.04421e+16,2021,1,1,Not Applicable,Circle,Rural Areas,Near Bus stop,Vehicle Defect,No,Not Applicable,Not Applicable,Uncontrolled,Curve,Not Applicable,Concrete,Dry,Not Applicable,Fine,ghest line circle,1,3 KM,12.786991,77.739238
Bengaluru Dist,Attibele PS,1.04421e+16,2021,1,2,Road Accidents,Circle,City/Town,Open area,Human Error,No,Grievous Injury,Vehicle to Vehicle,Not at  Junction,Straight and flat,NH,Bitumen(Tar),Others,No influence on accident,Others,NH7 HOSUR BANGALORE ROAD,NEAR GUESTLINE CIRCLE,3 KM,12.786697,77.74176
Bengaluru Dist,Attibele PS,1.04421e+16,2021,1,1,Road Accidents,Not Applicable,Rural Areas,Open area,Human Error,No,Grievous Injury,Not Applicable,Not at  Junction,Straight and flat,NH,Bitumen(Tar),Others,No influence on accident,Cloudy,NH7 HOSUR BANGALORE ROAD,NEAR SRINIDHI HOTEL,5,12.791188,77.7310489
Bengaluru Dist,Attibele PS,1.04421e+16,2021,1,2,Road Accidents,Offset,City/Town,Open area,Human Error,No,Damage Only,Vehicle to Vehicle,Not at  Junction,Straight and flat,NH,Bitumen(Tar),Others,No influence on accident,Clear,NH7 HOSUR BANGALORE ROAD,NEAR ATTIBELE TOLL GATE,1,12.777015,77.776407
Bengaluru Dist,Attibele PS,1.04421e+16,2021,1,2,Road Accidents,Not Applicable,Rural Areas,Open area,Human Error,Yes,Simple Injury,Vehicle to Vehicle,Not at  Junction,Straight and flat,Others,Bitumen(Tar),Dry,No influence on accident,Clear,NH7 ATTIBELE JIGALA ROAD,NEAR PATAPAT SADAN,1,12.785739,77.769761
Bengaluru Dist,Attibele PS,1.04421e+16,2022,1,2,Road Accidents,Narrow road,Rural Areas,Near or inside a village,Human Error,No,Simple Injury,Vehicle to Vehicle,Uncontrolled,Straight and flat,Residential Street,Bitumen(Tar),Dry,Not Applicable,Fine,Near Manchenahalli village,near st philomina school,1kms,12.779029,77.76976
Bengaluru Dist,Attibele PS,1.04421e+16,2022,1,1,Road Accidents,Curves,Rural Areas,Open area,Vehicle Defect,No,Fatal,Vehicle to Vehicle,Controlled,Curve,NH,Concrete,Flooded,Construction Work / Material,Fine,biduruppe village near,1,5 km,12.778113,77.7714079
Bengaluru Dist,Attibele PS,1.04421e+16,2022,1,2,Road Accidents,Narrow road,Rural Areas,Open area,Human Error,No,Grievous Injury,Vehicle to Vehicle,Controlled,Straight and flat,NH,Bitumen(Tar),Dry,No influence on accident,Clear,NH 7,ATTIBELE BORDER,1 KM,12.77486,77.779862
Bengaluru Dist,Attibele PS,1.04421e+16,2022,1,2,Road Accidents,Circle,Rural Areas,Open area,Human Error,No,Grievous Injury,Vehicle to Vehicle,Not Applicable,Others,One way,Surfaced,Others,Not Applicable,Fine,YADAVANAHALLI GATE,NEAR YADAVANAHALLI GATE,3,12.785576,77.750797
Bengaluru Dist,Attibele PS,1.04421e+16,2022,1,1,Road Accidents,Cross roads,Rural Areas,Near Bus stop,Vehicle Defect,Not Applicable,Fatal,Vehicle to Vehicle,Controlled,Curve,NH,Concrete,Not Applicable,Construction Work / Material,Not Applicable,YADUVANAHALLY VILLAGE,1,3 KM,12.785679,77.750461
Bengaluru Dist,Attibele PS,1.04421e+16,2022,1,1,Road Accidents,Circle,Rural Areas,Near Bus stop,Vehicle Defect,Not Applicable,Fatal,Vehicle to Vehicle,Controlled,Curve,NH,Not Applicable,Others,Construction Work / Material,Fine,SHETTAHALLY,1,5 KM,12.748222,77.742335
Bengaluru Dist,Attibele PS,1.04421e+16,2022,1,1,Road Accidents,Circle,Rural Areas,Near Hospital,Vehicle Defect,Not Applicable,Fatal,Vehicle to Vehicle,Controlled,Curve,NH,Gravel,Dry,Construction Work / Material,Others,TATTANAHALLY,1,1 KM,12.74439,77.724939
Bengaluru Dist,Attibele PS,1.04421e+16,2022,1,2,Road Accidents,Circle,City/Town,In bazaar,Human Error,No,Grievous Injury,Vehicle to Vehicle,Give way sign,Curve,Residential Street,Bitumen(Tar),Dry,Engineering Defect of Road,Clear,ATTIBELE CIRCLE,ATTIBELE CIRCLE,0.5KM,12.779457,77.770451
Bengaluru Dist,Attibele PS,1.04421e+16,2022,1,3,Road Accidents,Circle,Rural Areas,Near Bus stop,Human Error,No,Simple Injury,Vehicle to Vehicle,Not Applicable,Others,NH,Concrete,Dry,Not Applicable,Fine,NH 7 BANGALORE HOSUR  MAIN ROAD  NERALURU GATE,NH 7 BANGALORE HOSUR MAIN ROAD,5 KM,12.791913,77.728171
Bengaluru Dist,Attibele PS,1.04421e+16,2022,1,1,Road Accidents,Circle,Rural Areas,Near Bus stop,Vehicle Defect,Not Applicable,Fatal,Vehicle to Vehicle,Controlled,Curve,NH,Concrete,Dry,Construction Work / Material,Fine,ATTIBELE TOLL NEAR,1,1 KM,12.777635,77.775915
Bengaluru Dist,Attibele PS,1.04421e+16,2022,1,2,Road Accidents,Not Applicable,Rural Areas,Near or inside a village,Human Error,Not Applicable,Simple Injury,Vehicle to Vehicle,No signal lights,Others,Others,Concrete,Dry,Not Applicable,Fine,SHAKAMBARI LAY OUT ATTIBELE,SHAKAMBARY LAYOUT,2 KM,12.775107,77.766392
Bengaluru Dist,Attibele PS,1.04421e+16,2022,1,1,Not Applicable,Cross roads,Rural Areas,Open area,Not Applicable,Not Applicable,Not Applicable,Not Applicable,Not Applicable,Not Applicable,Not Applicable,Not Applicable,Not Applicable,Not Applicable,Not Applicable,TVS ROAD ATTIBELE,ATTIBELE TOWN,2 KM,12.767546,77.77063
Bengaluru Dist,Attibele PS,1.04421e+16,2022,1,3,Road Accidents,Narrow road,City/Town,Near office complex,Human Error,No,Simple Injury,Vehicle to Vehicle,Uncontrolled,Straight and flat,NH,Bitumen(Tar),Dry,No influence on accident,Fine,NH7 Hosur Bangaluru main road opposite HMG factory,Opposite to HMG factory,1 km,12.749586,77.774592
Bengaluru Dist,Attibele PS,1.04421e+16,2022,1,1,Road Accidents,Not Applicable,Rural Areas,Near Bus stop,Human Error,No,Simple Injury,Vehicle to Vehicle,No signal lights,Curve,NH,Concrete,Dry,Not Applicable,Fine,NH 7 HOSUR  BANGALORE  MAIN ROAD NEAR NERALURU GATE,NH 7 HOSUR  BANGALORE MAIN ROAD,3 KM,12.792295,77.7285709
Bengaluru Dist,Attibele PS,1.04421e+16,2022,1,1,Road Accidents,Circle,Rural Areas,Near Bus stop,Human Error,No,Simple Injury,Vehicle to Vehicle,No signal lights,Curve,NH,Concrete,Dry,Not Applicable,Fine,NH 7 BANGALORE HOSUR MAIN ROAD NERALURU GATE  CENERA BANK OPP,NH 7 BANGALORE HOSUR MAIN ROAD,4 KM,12.792515,77.727967
Bengaluru Dist,Attibele PS,1.04421e+16,2022,1,1,Road Accidents,Cross roads,Rural Areas,Open area,Vehicle Defect,No,Damage Only,Not Applicable,No signal lights,Others,Two way,Not Applicable,Dry,Not Applicable,Fine,NH 7 HOSUR BBANGALORE ROAD OPP NERALURU PANCHAYATH OFFICE,HN 7 HOSUR BANGALORE ROAD,412.79,12.791828,77.730404
Bengaluru Dist,Attibele PS,1.04421e+16,2022,1,1,Road Accidents,Not Applicable,Rural Areas,Near Bus stop,Human Error,Not Applicable,Grievous Injury,Vehicle to Vehicle,No signal lights,Hump,Others,Not Applicable,Dry,Not Applicable,Fine,MANCHANAHALLI VILLAGE,MANCHANAHALLI VILLAGE,4 KM,12.773703,77.752282
Bengaluru Dist,Attibele PS,1.04421e+16,2022,1,2,Road Accidents,Not Applicable,Rural Areas,Open area,Human Error,No,Grievous Injury,Vehicle to Vehicle,Not Applicable,Hump,NH,Bitumen(Tar),Dry,Not Applicable,Fine,OPP ATTIBELE POLICE STATION,BEHIND OF ATTIBELE POLICE STATION,0.5 KM,12.778801,77.77172
Bengaluru Dist,Attibele PS,1.04421e+16,2022,1,1,Other Railway Accidents,Not Applicable,Rural Areas,Near Petrol Pump,Not Applicable,Not Applicable,Not Applicable,Not Applicable,Signal lights Automatic,Hump,Expressway,Gravel,Dry,Not Applicable,Fine,HIGHWAY,1,0.121,12.789554,77.751586
Bengaluru Dist,Attibele PS,1.04421e+16,2022,1,1,Road Accidents,Circle,Rural Areas,Near Bus stop,Vehicle Defect,Not Applicable,Fatal,Vehicle to Vehicle,Controlled,Curve,NH,Concrete,Others,Not Applicable,Fine,YADUVANAHALLY,1,1 KM,12.786513,77.741866
Bengaluru Dist,Attibele PS,1.04421e+16,2022,1,2,Road Accidents,Narrow road,Rural Areas,Near or inside a village,Human Error,No,Grievous Injury,Vehicle to Vehicle,Uncontrolled,Straight and flat,Others,Bitumen(Tar),Dry,Not Applicable,Fine,Attibele to Sarjapura road near Ragav hospital,Near Ragav hospital Attibele town,500 mt,12.783972,77.736054
Bengaluru Dist,Attibele PS,1.04421e+16,2022,1,2,Road Accidents,Cross roads,Rural Areas,Near Bus stop,Human Error,Yes,Grievous Injury,Vehicle to Vehicle,No signal lights,Curve,State Highway,Concrete,Dry,Not Applicable,Fine,ATTIBELE ANEKAL ROAD,ATTIBELE ANEKAL ROAD,3 KM,12.757121,77.761838
Bengaluru Dist,Attibele PS,1.04421e+16,2022,1,1,Not Applicable,Circle,Rural Areas,Near Hospital,Vehicle Defect,Not Applicable,Grievous Injury,Not Applicable,Controlled,Curve,NH,Concrete,Not Applicable,Construction Work / Material,Fine,NERALURU GATE,1,1 KM,12.791594,77.730404
Bengaluru Dist,Attibele PS,1.04421e+16,2022,1,2,Road Accidents,Not Applicable,Rural Areas,Near office complex,Human Error,No,Simple Injury,Vehicle to Vehicle,No signal lights,Others,NH,Concrete,Dry,Not Applicable,Fine,NH 7 HOSUR BANGALORE  OPP RTO OFFICE,NH 7 HOSUR BANGALORE  OPP,1 KM,12.780394,77.765365
Bengaluru Dist,Attibele PS,1.04421e+16,2022,1,2,Road Accidents,Junction,Rural Areas,Open area,Human Error,No,Grievous Injury,Vehicle to Vehicle,Controlled,Hump,NH,Concrete,Dry,Not Applicable,Fine,NH7 HOSUR BANGALORE MAIN ROAD NEAR ATTIBELE TOLL OPP MARUTI BEKARY,NH7 HOSUR BANGALORE MAIN ROAD NEAR ATTIBELE TOLL OPP MARUTI BEKARY,1KM,12.777278,77.775711
Bengaluru Dist,Attibele PS,1.04421e+16,2022,1,1,Not Applicable,Circle,Rural Areas,At pedestrian Crossing,Not Applicable,Not Applicable,Not Applicable,Vehicle to Vehicle,No signal lights,Dip or trough,Feeder Road,Concrete,Dry,Engineering Defect of Road,Dust Storn,NH 07,1,5 KM,12.788496,77.735015
Bengaluru Dist,Attibele PS,1.04421e+16,2022,1,1,Road Accidents,Circle,Rural Areas,Near Bus stop,Vehicle Defect,Not Applicable,Fatal,Vehicle to Vehicle,Controlled,Curve,Service Road,Concrete,Not Applicable,Construction Work / Material,Fine,SHETTY HALLY GATE,1,5 KM,0.0,0.0
Bengaluru Dist,Attibele PS,1.04421e+16,2022,1,1,Road Accidents,Circle,Rural Areas,Near Hospital,Vehicle Defect,Not Applicable,Fatal,Vehicle to Vehicle,Controlled,Curve,NH,Concrete,Dry,Drainage Ditch,Fine,ATTIBELE TOWN,1,1 KM,12.778675,77.769828
Bengaluru Dist,Attibele PS,1.04421e+16,2022,1,1,Road Accidents,Circle,Rural Areas,Open area,Human Error,No,Damage Only,Not Applicable,No signal lights,Curve,NH,Surfaced,Dry,Not Applicable,Others,NH 7 HOSUR BANGALOR MAIN ROAD NEAR ARCH,NH 7 HOSUR BANGALORE  MAIN ROAD NEAR ATTIBELE ARCH,1 KM,0.0,0.0
Bengaluru Dist,Attibele PS,1.04421e+16,2022,1,2,Road Accidents,Narrow road,City/Town,Near office complex,Human Error,No,Damage Only,Vehicle to Vehicle,Uncontrolled,Straight and flat,NH,Bitumen(Tar),Dry,No influence on accident,Fine,Near Attibele circle,near Attibele circle,100 mt,12.755999,77.780238
Bengaluru Dist,Attibele PS,1.04421e+16,2022,1,2,Road Accidents,Not Applicable,Rural Areas,Near Petrol Pump,Human Error,Not Applicable,Simple Injury,Vehicle to Vehicle,Not Applicable,Others,Others,Not Applicable,Others,Not Applicable,Others,ATTIBELE ANEKAL ROAD,PETROL BUNK,1,12.776697,77.749736
Bengaluru Dist,Attibele PS,1.04421e+16,2022,1,1,Road Accidents,Circle,Rural Areas,Near Bus stop,Vehicle Defect,No,Fatal,Vehicle to Vehicle,Controlled,Curve,NH,Concrete,Dry,Construction Work / Material,Fine,GUDDAHATTY GATE,4,4 KM,12.787619,77.736979
Bengaluru Dist,Attibele PS,1.04421e+16,2022,1,1,Not Applicable,Junction,Rural Areas,Near Bus stop,Not Applicable,Not Applicable,Not Applicable,Not Applicable,Not Applicable,Hump,Major District Road,Gravel,Dry,Not Applicable,Dust Storn,TVS ROAD ATTIBELE,1,5 KM,0.0,0.0
Bengaluru Dist,Attibele PS,1.04421e+16,2022,1,1,Not Applicable,Not Applicable,Rural Areas,Residential area,Not Applicable,Not Applicable,Fatal,Not Applicable,Not Applicable,Not Applicable,Not Applicable,Not Applicable,Not Applicable,Not Applicable,Not Applicable,ANEKAL HOSUR ROAD,ATTIBELE TOWN,1/2 KM,12.697564,77.759121
Bengaluru Dist,Attibele PS,1.04421e+16,2022,1,1,Road Accidents,Circle,Rural Areas,Near Bus stop,Vehicle Defect,No,Fatal,Vehicle to Vehicle,Controlled,Curve and Incline,Others,Concrete,Dry,Construction Work / Material,Fine,TV S ROAD,1,1 KM,12.749485,77.779408
Bengaluru Dist,Attibele PS,1.04421e+16,2022,1,2,Road Accidents,Circle,Rural Areas,Near Bus stop,Human Error,No,Grievous Injury,Vehicle to Vehicle,No signal lights,Not Applicable,NH,Concrete,Dry,Not Applicable,Fine,NH 7 HOSUR BANGALORE MAIN ROAD,NH 7 HOSUR BANGALORE MAIN ROAD,1 KM,12.779785,77.770102
Bengaluru Dist,Attibele PS,1.04421e+16,2022,1,1,Not Applicable,Not Applicable,Rural Areas,In bazaar,Not Applicable,Not Applicable,Not Applicable,Not Applicable,Not at  Junction,Not Applicable,NH,Gravel,Dry,Engineering Defect of Road,Cloudy,NH 7,1,5 KM,12.788523,77.735176
Bengaluru Dist,Attibele PS,1.04421e+16,2022,1,1,Road Accidents,Not Applicable,Rural Areas,Near Hospital,Vehicle Defect,Not Applicable,Fatal,Vehicle to Vehicle,Controlled,Curve,NH,Gravel,Not Applicable,Construction Work / Material,Fine,NERALOOR,1,3 KM,0.0,0.0
Bengaluru Dist,Attibele PS,1.04421e+16,2022,1,2,Road Accidents,Circle,Rural Areas,Near Bus stop,Human Error,No,Grievous Injury,Vehicle to Vehicle,Not Applicable,Others,Others,Concrete,Dry,Not Applicable,Fine,ATTIBELE SARJAPURA ROAD NEAR BIDARAGUPPE BUS STAND,ATTIBELE SARJAPURA ROAD NEAR BIDARAGUPPE BUS STAND,4 KM,12.805735,77.783836
Bengaluru Dist,Attibele PS,1.04421e+16,2022,1,1,Road Accidents,Circle,Rural Areas,Near Bus stop,Vehicle Defect,Yes,Fatal,Vehicle to Vehicle,Controlled,Hump,State Highway,Gravel,Flooded,Drainage Ditch,Fine,INDLABELE NEAR,1,2 KM,12.738352,77.752504
Bengaluru Dist,Attibele PS,1.04421e+16,2022,1,2,Road Accidents,Circle,Rural Areas,Near Bus stop,Human Error,No,Simple Injury,Vehicle to Vehicle,Give way sign,Straight and flat,NH,Concrete,Dry,Not Applicable,Fine,NH 7 HOSUR BANGALORE ROAD NEAR YADAVANAHALLI BUS STAND,NH 7 HOSUR BANGALORE ROAD NEAR YADAVANAHALLI BUS STAND,5 KM,12.784858,77.751058
Bengaluru Dist,Attibele PS,1.04421e+16,2022,1,1,Road Accidents,Cross roads,Rural Areas,Open area,Human Error,Not Applicable,Grievous Injury,Vehicle to Vehicle,No signal lights,Curve,One way,Surfaced,Dry,Not Applicable,Fine,ATTIBELE TVS ROAD DASANAPURA GATE,ATTIBELE TVS ROAD DASANAPURA GATE,3 KM,12.748685,77.779844
Bengaluru Dist,Attibele PS,1.04421e+16,2022,1,2,Road Accidents,Not Applicable,Rural Areas,Open area,Human Error,No,Grievous Injury,Vehicle to Vehicle,Not Applicable,Straight and flat,NH,Concrete,Others,Not Applicable,Fine,NH 7 BANGALORE  HOSUR MAIN ROAD,NH 7 BANGALORE HOSUR MAIN ROAD,1 KM,12.779029,77.768361
Bengaluru Dist,Attibele PS,1.04421e+16,2022,1,1,Road Accidents,Curves,City/Town,Near Petrol Pump,Not Applicable,Not Applicable,Not Applicable,Not Applicable,No signal lights,Others,One way,Not Applicable,Others,Construction Work / Material,Fine,SARJAPUR ROAD ATTIBELE,1,2 KM,12.784555,77.773007
Bengaluru Dist,Attibele PS,1.04421e+16,2022,1,2,Road Accidents,Cross roads,Rural Areas,Open area,Human Error,No,Grievous Injury,Vehicle to Vehicle,Not Applicable,Others,Others,Concrete,Dry,Not Applicable,Fine,ADIGONDANAHALLI VILLAGE GUDDAHATTI ROAD,ADIGONDANAHALLI GUDDAHATTI ROAD,6 KM,12.812534,77.7519019