DISTRICTNAME,UNITNAME,Crime_No,Year,RI,Noofvehicle_involved,Accident_Classification,Accident_Spot,Accident_Location,Accident_SubLocation,Main_Cause,Hit_Run,Severity,Collision_Type,Junction_Control,Road_Character,Road_Type,Surface_Type,Surface_Condition,Road_Condition,Weather,Accident_Road,Landmark_first,Distance_LandMark_First,Latitude,Longitude
Bengaluru Dist,Attibele PS,1.04421e+16,2023,1,2,Road Accidents,Narrow road,Rural Areas,Open area,Human Error,No,Damage Only,Vehicle to Vehicle,No signal lights,Not Applicable,Others,Concrete,Dry,Not Applicable,Fine,ATTIBELE SARJAPURA ROAD NEAR BIDARAGUPPE LACK,ATTIBELE SARJAPURA ROAD NEAR BIDARAGUPPE LACK,4 KM,12.778985,77.771063
Bengaluru Dist,Attibele PS,1.04421e+16,2023,1,1,Not Applicable,Not Applicable,City/Town,Residential area,Not Applicable,Not Applicable,Fatal,Not Applicable,Controlled,Not Applicable,NH,Bitumen(Tar),Not Applicable,Not Applicable,Not Applicable,NH 7,1,1.5KM,12.739727,77.617091
Bengaluru Dist,Attibele PS,1.04421e+16,2023,1,1,Not Applicable,Not Applicable,Rural Areas,Residential area,Not Applicable,Not Applicable,Not Applicable,Not Applicable,Not Applicable,Not Applicable,Not Applicable,Not Applicable,Not Applicable,Not Applicable,Not Applicable,NATIONAL HIGHWAY,YADAVANAHALLI NEAR,1KM,12.000536,68.236548
Bengaluru Dist,Attibele PS,1.04421e+16,2023,1,1,Not Applicable,Not Applicable,Rural Areas,Open area,Human Error,No,Grievous Injury,Not Applicable,Not Applicable,Not Applicable,Others,Not Applicable,Not Applicable,Not Applicable,Not Applicable,Attibele Sarjapura Road,Bidaraguppe Lake,4 K M,0.0,0.0
Bengaluru Dist,Attibele PS,1.04421e+16,2023,1,1,Not Applicable,Curves,Rural Areas,Open area,Not Applicable,Not Applicable,Grievous Injury,Not Applicable,Uncontrolled,Hump,Not Applicable,Not Applicable,Others,Not Applicable,Clear,tvs road,1,2 km,12.773984,77.73027
Bengaluru Dist,Attibele PS,1.04421e+16,2023,1,1,Not Applicable,Not Applicable,Rural Areas,Open area,Human Error,No,Not Applicable,Not Applicable,No signal lights,Not Applicable,NH,Not Applicable,Not Applicable,Not Applicable,Not Applicable,Hosuru Bengaluru NH44,Near MCC BAR Attibele Border,1 K M,12.776289,77.777656
Bengaluru Dist,Attibele PS,1.04421e+16,2023,1,2,Road Accidents,Not Applicable,City/Town,Open area,Not Applicable,No,Grievous Injury,Vehicle to Vehicle,Not Applicable,Not Applicable,Two way,Bitumen(Tar),Dry,Not Applicable,Fine,ATTIBELE-ANEKAL ROAD,Muneswar Temple,1 km,12.773765,77.771104
Bengaluru Dist,Attibele PS,1.04421e+16,2023,1,1,Road Accidents,Not Applicable,Rural Areas,Open area,Not Applicable,No,Grievous Injury,Not Applicable,Not Applicable,Others,NH,Not Applicable,Others,Not Applicable,Others,NH 7 NEAR BENCH SHOWAROOM ATTIBELE TOWN,NH 7 NEAR BENCH SHOWAROOM ATTIBELE TOWN,2 KM,12.746501,77.724952
Bengaluru Dist,Attibele PS,1.04421e+16,2023,1,2,Road Accidents,Not Applicable,Rural Areas,Open area,Not Applicable,No,Grievous Injury,Not Applicable,Not Applicable,Others,NH,Not Applicable,Others,Not Applicable,Fine,NH NEAR SRI NIDI HOTEL,NH HOSUR BANGALORE MAIN ROAD NEAR SIRI HOTEL,5 KM,0.0,0.0
Bengaluru Dist,Avalahally PS,1.04422e+16,2016,1,2,Road Accidents,Not Applicable,City/Town,Narrow bridge or culverts,Human Error,No,Fatal,Head on,Not Applicable,Not Applicable,NH,Bitumen(Tar),Dry,Not Applicable,Fine,NH 75 Road,near medahalli bridge,4 kms,0.0,0.0
Bengaluru Dist,Avalahally PS,1.04422e+16,2016,1,1,Road Accidents,Not Applicable,City/Town,Near a factory industrial area,Human Error,No,Simple Injury,Others,Not Applicable,Not Applicable,Others,Bitumen(Tar),Dry,Not Applicable,Clear,Budigere road,Near SKF Factory,4 kms,0.0,0.0
Bengaluru Dist,Avalahally PS,1.04422e+16,2016,1,2,Road Accidents,Not Applicable,City/Town,Near or inside a village,Human Error,No,Not Applicable,Rear end,Not Applicable,Not Applicable,NH,Bitumen(Tar),Dry,Not Applicable,Fine,Bidarahalli Road,Bidarahalli Circle,7 kms,0.0,0.0
Bengaluru Dist,Avalahally PS,1.04422e+16,2016,1,2,Road Accidents,Narrow road,Villages settlement,Near or inside a village,Human Error,No,Simple Injury,Head on,Not Applicable,Not Applicable,Others,Bitumen(Tar),Dry,Not Applicable,Clear,Medahalli Road,Near Parvathinagara,5 kms,0.0,0.0
Bengaluru Dist,Avalahally PS,1.04422e+16,2016,1,1,Road Accidents,Narrow road,Rural Areas,Near a factory industrial area,Human Error,No,Fatal,Hit pedestrian,Not Applicable,Not Applicable,Village Road,Bitumen(Tar),Dry,No influence on accident,Clear,Kitaganuru Road,Near Munireddy Bricks factory,9 kms,0.0,0.0
Bengaluru Dist,Avalahally PS,1.04422e+16,2016,1,2,Road Accidents,Not Applicable,City/Town,Open area,Human Error,No,Fatal,Rear end,Not Applicable,Not Applicable,NH,Bitumen(Tar),Dry,Not Applicable,Others,NH 75 Road,elemallappa shetty lake road,4 kms,0.0,0.0
Bengaluru Dist,Avalahally PS,1.04422e+16,2016,1,2,Road Accidents,Other,Villages settlement,Near a factory industrial area,Human Error,No,Grievous Injury,Rear end,Not Applicable,Others,Village Road,Bitumen(Tar),Not Applicable,Not Applicable,Fine,BUDHIGERE ROAD,X,X,0.0,0.0
Bengaluru Dist,Avalahally PS,1.04422e+16,2016,1,2,Road Accidents,Not Applicable,City/Town,Open area,Human Error,No,Fatal,Rear end,Not Applicable,Not Applicable,NH,Bitumen(Tar),Dry,Not Applicable,Clear,NH 75 Road,near medahalli bridge,4 kms,0.0,0.0
Bengaluru Dist,Avalahally PS,1.04422e+16,2016,1,2,Road Accidents,Not Applicable,City/Town,Open area,Human Error,No,Grievous Injury,Rear end,Not Applicable,Not Applicable,Others,Bitumen(Tar),Dry,Not Applicable,Clear,Kadugodi road,kadugodi road,4 kms,0.0,0.0
Bengaluru Dist,Avalahally PS,1.04422e+16,2016,1,2,Road Accidents,Narrow road,City/Town,Near or inside a village,Human Error,Yes,Grievous Injury,Head on,Not Applicable,Not Applicable,Village Road,Bitumen(Tar),Dry,Not Applicable,Fine,Aduru - Bidarahalli Road,Near Pillanna Land,5 kms,0.0,0.0
Bengaluru Dist,Avalahally PS,1.04422e+16,2016,1,2,Road Accidents,Not Applicable,City/Town,Open area,Human Error,No,Grievous Injury,Head on,Not Applicable,Not Applicable,NH,Bitumen(Tar),Dry,Not Applicable,Fine,NH 75 Road,near elemallappa shetty lake,5 kms,0.0,0.0
Bengaluru Dist,Avalahally PS,1.04422e+16,2016,1,2,Road Accidents,Not Applicable,City/Town,Open area,Human Error,No,Simple Injury,Rear end,Not Applicable,Not Applicable,NH,Bitumen(Tar),Dry,Not Applicable,Clear,NH 75 Road,Medahalli Fly over,4 kms,0.0,0.0
Bengaluru Dist,Avalahally PS,1.04422e+16,2016,1,1,Road Accidents,Not Applicable,City/Town,Open area,Human Error,No,Grievous Injury,Hit pedestrian,Not Applicable,Not Applicable,NH,Bitumen(Tar),Dry,Not Applicable,Clear,NH 75 Road,Service Road near budigere cross,2 kms,0.0,0.0
Bengaluru Dist,Avalahally PS,1.04422e+16,2016,1,2,Road Accidents,Not Applicable,City/Town,Near or inside a village,Human Error,No,Fatal,Others,Not Applicable,Not Applicable,NH,Bitumen(Tar),Dry,Not Applicable,Clear,Rampura Road,Near Rampura lake,8 kms,0.0,0.0
Bengaluru Dist,Avalahally PS,1.04422e+16,2016,1,2,Road Accidents,Not Applicable,City/Town,Near Bus stop,Human Error,No,Not Applicable,Rear end,Not Applicable,Not Applicable,NH,Bitumen(Tar),Dry,Not Applicable,Fine,NH 75 Road,near kattamnallur Cross,3 kms,0.0,0.0
Bengaluru Dist,Avalahally PS,1.04422e+16,2016,1,2,Road Accidents,Not Applicable,City/Town,Open area,Human Error,No,Fatal,Rear end,Not Applicable,Not Applicable,NH,Bitumen(Tar),Not Applicable,Not Applicable,Clear,NH 75 Road,Medahalli Fly over,4 km,0.0,0.0
Bengaluru Dist,Avalahally PS,1.04422e+16,2016,1,2,Road Accidents,Not Applicable,City/Town,Open area,Human Error,Not Applicable,Fatal,Head on,Not Applicable,Not Applicable,Others,Bitumen(Tar),Not Applicable,Not Applicable,Clear,Budigere road,Near Venkateshwara Rice traders,7 kms,0.0,0.0
Bengaluru Dist,Avalahally PS,1.04422e+16,2016,1,2,Road Accidents,Not Applicable,City/Town,Open area,Human Error,Yes,Fatal,Rear end,Not Applicable,Not Applicable,NH,Bitumen(Tar),Dry,Not Applicable,Clear,NH 75 Road,near medahalli bridge,4 kms,0.0,0.0
Bengaluru Dist,Avalahally PS,1.04422e+16,2016,1,2,Road Accidents,Not Applicable,City/Town,Near Bus stop,Human Error,No,Simple Injury,Rear end,Not Applicable,Not Applicable,NH,Bitumen(Tar),Dry,Not Applicable,Clear,NH 75 Road,near kattamnallur Cross,4 kms,0.0,0.0
Bengaluru Dist,Avalahally PS,1.04422e+16,2016,1,2,Road Accidents,Not Applicable,City/Town,Open area,Human Error,Yes,Simple Injury,Others,Not Applicable,Not Applicable,NH,Bitumen(Tar),Not Applicable,Not Applicable,Clear,nh,Budigere cross flyover,1 km,0.0,0.0
Bengaluru Dist,Avalahally PS,1.04422e+16,2016,1,2,Road Accidents,Not Applicable,City/Town,Near Bus stop,Human Error,No,Not Applicable,Others,Not Applicable,Not Applicable,NH,Bitumen(Tar),Not Applicable,Not Applicable,Not Applicable,NH 75 Road,Near Kattamnallur Gate,4 kms,0.0,0.0
Bengaluru Dist,Avalahally PS,1.04422e+16,2016,1,1,Road Accidents,Not Applicable,City/Town,Near Bus stop,Human Error,Yes,Fatal,Others,Not Applicable,Not Applicable,NH,Bitumen(Tar),Dry,Not Applicable,Clear,NH 75 Road,Near Chimasandr agate,1 km,0.0,0.0
Bengaluru Dist,Avalahally PS,1.04422e+16,2016,1,1,Road Accidents,Not Applicable,City/Town,Near office complex,Human Error,No,Fatal,Others,Not Applicable,Not Applicable,NH,Bitumen(Tar),Dry,Not Applicable,Others,NH 75 Road,Near Ravindu toyota Showroom,2 kms,0.0,0.0
Bengaluru Dist,Avalahally PS,1.04422e+16,2016,1,2,Road Accidents,Narrow road,Rural Areas,Near or inside a village,Human Error,No,Simple Injury,Head on,Not Applicable,Not Applicable,Others,Bitumen(Tar),Dry,Not Applicable,Clear,Budigere road,Near Kattugollahalli Gate,7 kms,0.0,0.0
Bengaluru Dist,Avalahally PS,1.04422e+16,2016,1,2,Road Accidents,Not Applicable,City/Town,Near Petrol Pump,Human Error,No,Fatal,Rear end,Not Applicable,Not Applicable,NH,Bitumen(Tar),Dry,Not Applicable,Clear,NH 75 Road,Near Kodi petrol bunk,5 kms,0.0,0.0
Bengaluru Dist,Avalahally PS,1.04422e+16,2016,1,2,Road Accidents,Not Applicable,City/Town,Near Petrol Pump,Human Error,Yes,Grievous Injury,Rear end,Not Applicable,Not Applicable,NH,Bitumen(Tar),Dry,Not Applicable,Clear,NH 75 Road,Avalahalli Petrol Bunk,3 kms,0.0,0.0
Bengaluru Dist,Avalahally PS,1.04422e+16,2016,1,2,Road Accidents,Not Applicable,City/Town,Open area,Human Error,No,Simple Injury,Rear end,Not Applicable,Not Applicable,NH,Bitumen(Tar),Dry,Not Applicable,Clear,NH 75 Road,Medahalli Fly over,4 kms,0.0,0.0
Bengaluru Dist,Avalahally PS,1.04422e+16,2016,1,1,Road Accidents,Not Applicable,City/Town,Near a factory industrial area,Human Error,No,Fatal,Others,Not Applicable,Not Applicable,NH,Bitumen(Tar),Dry,Not Applicable,Cloudy,NH 75 Road,Near bandapura gate,1/2 km,0.0,0.0
Bengaluru Dist,Avalahally PS,1.04422e+16,2016,1,2,Road Accidents,Not Applicable,City/Town,Open area,Human Error,No,Not Applicable,Others,Not Applicable,Not Applicable,NH,Bitumen(Tar),Dry,Not Applicable,Fine,NH 75 Road,Medahalli Fly over,3 kms,0.0,0.0
Bengaluru Dist,Avalahally PS,1.04422e+16,2016,1,2,Road Accidents,Not Applicable,City/Town,Near a recreation place/cinema,Human Error,No,Grievous Injury,Rear end,Not Applicable,Not Applicable,NH,Bitumen(Tar),Dry,Not Applicable,Clear,NH 75 Road,Near Ishwarya Daba,2 km,0.0,0.0
Bengaluru Dist,Avalahally PS,1.04422e+16,2016,1,1,Road Accidents,Not Applicable,City/Town,Open area,Human Error,No,Grievous Injury,Head on,Not Applicable,Not Applicable,NH,Bitumen(Tar),Not Applicable,Not Applicable,Fine,Budigere road,Near Nirmala farm,3 kms,0.0,0.0
Bengaluru Dist,Avalahally PS,1.04422e+16,2016,1,2,Road Accidents,Not Applicable,City/Town,Near School or College,Human Error,No,Grievous Injury,Rear end,Not Applicable,Not Applicable,NH,Bitumen(Tar),Dry,Not Applicable,Clear,Budigere road,Near Bladwin School,5 kms,0.0,0.0
Bengaluru Dist,Avalahally PS,1.04422e+16,2016,1,2,Road Accidents,Narrow road,Rural Areas,Near or inside a village,Human Error,No,Fatal,Rear end,Not Applicable,Not Applicable,Village Road,Bitumen(Tar),Dry,Not Applicable,Clear,Channasandra - Rampura Road,Rampura,7 kms,0.0,0.0
Bengaluru Dist,Avalahally PS,1.04422e+16,2016,1,2,Road Accidents,Not Applicable,City/Town,Open area,Human Error,No,Damage Only,Rear end,Not Applicable,Not Applicable,NH,Bitumen(Tar),Dry,Not Applicable,Clear,NH 75 Road,Medahalli Fly over,3 kms,0.0,0.0
Bengaluru Dist,Avalahally PS,1.04422e+16,2016,1,2,Road Accidents,Not Applicable,City/Town,Near Bus stop,Human Error,No,Fatal,Head on,Not Applicable,Not Applicable,NH,Bitumen(Tar),Dry,Not Applicable,Fine,NH 75 Road,near nimbekaipura Gate,3 kms,0.0,0.0
Bengaluru Dist,Avalahally PS,1.04422e+16,2016,1,1,Road Accidents,Not Applicable,City/Town,Near Bus stop,Not Applicable,No,Grievous Injury,Others,Not Applicable,Not Applicable,NH,Bitumen(Tar),Dry,Not Applicable,Cloudy,NH 75 Road,Near Kattamnallur Gate,4,0.0,0.0
Bengaluru Dist,Avalahally PS,1.04422e+16,2016,1,2,Road Accidents,Not Applicable,City/Town,Open area,Human Error,No,Fatal,Head on,Not Applicable,Not Applicable,NH,Bitumen(Tar),Dry,Not Applicable,Clear,NH 75 Road,near medahalli bridge,4 kms,0.0,0.0
Bengaluru Dist,Avalahally PS,1.04422e+16,2016,1,2,Road Accidents,Narrow road,Villages settlement,Open area,Human Error,No,Fatal,Head on,Not Applicable,Not Applicable,Others,Bitumen(Tar),Dry,Not Applicable,Clear,Budigere road,Near Thirumenahalli Gate,8 kms,0.0,0.0
Bengaluru Dist,Avalahally PS,1.04422e+16,2016,1,2,Road Accidents,Narrow road,City/Town,Near a factory industrial area,Human Error,No,Simple Injury,Head on,Not Applicable,Not Applicable,NH,Bitumen(Tar),Dry,Not Applicable,Clear,Budigere road,Near CP India,4 kms,0.0,0.0
Bengaluru Dist,Avalahally PS,1.04422e+16,2016,1,2,Road Accidents,Narrow road,City/Town,Near Bus stop,Human Error,No,Grievous Injury,Head on,Not Applicable,Not Applicable,Others,Bitumen(Tar),Not Applicable,Not Applicable,Fine,Kadugodi road,near goravigere gate,4 kms,0.0,0.0
Bengaluru Dist,Avalahally PS,1.04422e+16,2016,1,1,Road Accidents,Not Applicable,City/Town,Near office complex,Human Error,Yes,Fatal,Others,Not Applicable,Not Applicable,NH,Bitumen(Tar),Dry,Not Applicable,Clear,NH 75 Road,Near Saptagiri Kalyana Mantapa,4 kms,0.0,0.0
Bengaluru Dist,Avalahally PS,1.04422e+16,2016,1,1,Road Accidents,Not Applicable,City/Town,Near Petrol Pump,Human Error,No,Fatal,Others,Not Applicable,Not Applicable,NH,Bitumen(Tar),Dry,Not Applicable,Fine,NH 75 Road,Near Kodi petrol bunk,3 km,0.0,0.0
Bengaluru Dist,Avalahally PS,1.04422e+16,2016,1,2,Road Accidents,Not Applicable,City/Town,Near Bus stop,Human Error,Yes,Grievous Injury,Rear end,Not Applicable,Not Applicable,NH,Bitumen(Tar),Dry,Not Applicable,Clear,NH 75 Road,Near Old Police station,1 km,0.0,0.0
Bengaluru Dist,Avalahally PS,1.04422e+16,2016,1,1,Road Accidents,Narrow road,Rural Areas,Near or inside a village,Human Error,Yes,Fatal,Others,Not Applicable,Not Applicable,Others,Bitumen(Tar),Dry,Not Applicable,Clear,Nimbekaipura Road,Nimbekaipura road,6 kms,0.0,0.0
Bengaluru Dist,Avalahally PS,1.04422e+16,2016,1,2,Road Accidents,Not Applicable,City/Town,Near Bus stop,Human Error,No,Simple Injury,Rear end,Not Applicable,Not Applicable,NH,Bitumen(Tar),Dry,Not Applicable,Clear,NH 75 Road,Near Veerenahalli gate,3 kms,0.0,0.0
Bengaluru Dist,Avalahally PS,1.04422e+16,2016,1,1,Road Accidents,Not Applicable,City/Town,Open area,Human Error,No,Fatal,Skidding or Self accident,Not Applicable,Not Applicable,NH,Bitumen(Tar),Dry,Not Applicable,Clear,NH 75 Road,Avalahalli Flyover,2 kms,0.0,0.0
Bengaluru Dist,Avalahally PS,1.04422e+16,2016,1,2,Road Accidents,Narrow road,City/Town,Near Bus stop,Human Error,No,Damage Only,Head on,Not Applicable,Others,Village Road,Bitumen(Tar),Others,Not Applicable,Fine,NH75 ROAD,x,x,0.0,0.0
Bengaluru Dist,Avalahally PS,1.04422e+16,2016,1,2,Road Accidents,Not Applicable,City/Town,Near Bus stop,Human Error,No,Not Applicable,Rear end,Not Applicable,Not Applicable,NH,Bitumen(Tar),Dry,Not Applicable,Fine,NH 75 Road,Near Chimasandr agate,1 km,0.0,0.0
Bengaluru Dist,Avalahally PS,1.04422e+16,2016,1,2,Road Accidents,Not Applicable,City/Town,Near a factory industrial area,Human Error,No,Not Applicable,Rear end,Not Applicable,Not Applicable,NH,Bitumen(Tar),Dry,Not Applicable,Cloudy,NH 75 Road,Near Jindal Steel,2 kms,0.0,0.0
Bengaluru Dist,Avalahally PS,1.04422e+16,2016,1,2,Road Accidents,Not Applicable,City/Town,Open area,Human Error,Yes,Fatal,Rear end,Not Applicable,Not Applicable,NH,Bitumen(Tar),Dry,Not Applicable,Clear,NH 75 Road,Avalahalli Flyover,2 kms,0.0,0.0
Bengaluru Dist,Avalahally PS,1.04422e+16,2016,1,1,Road Accidents,Not Applicable,Villages settlement,Near or inside a village,Human Error,Yes,Fatal,Others,Not Applicable,Not Applicable,Others,Bitumen(Tar),Dry,Not Applicable,Clear,Budigere road,near Mandoor,7 kms,0.0,0.0
Bengaluru Dist,Avalahally PS,1.04422e+16,2016,1,2,Road Accidents,Narrow road,Villages settlement,Near or inside a village,Human Error,No,Simple Injury,Head on,Not Applicable,Not Applicable,Others,Bitumen(Tar),Others,Not Applicable,Clear,Budigere road,Hancharahalli Gate,7 kms,0.0,0.0
Bengaluru Dist,Avalahally PS,1.04422e+16,2016,1,2,Road Accidents,Not Applicable,City/Town,Near Bus stop,Human Error,No,Simple Injury,Rear end,Not Applicable,Not Applicable,NH,Bitumen(Tar),Dry,Not Applicable,Clear,NH 75 Road,Chimasandra Gate,2 kms,0.0,0.0
Bengaluru Dist,Avalahally PS,1.04422e+16,2016,1,2,Road Accidents,Not Applicable,City/Town,Near a recreation place/cinema,Human Error,Yes,Grievous Injury,Head on,Not Applicable,Not Applicable,NH,Bitumen(Tar),Dry,Not Applicable,Clear,NH 75 Road,Niear Ishwarya dhaba,4 kms,0.0,0.0
Bengaluru Dist,Avalahally PS,1.04422e+16,2016,1,1,Road Accidents,Not Applicable,Rural Areas,Open area,Human Error,No,Simple Injury,Not Applicable,Not Applicable,Not Applicable,Village Road,Kutcha,Dry,Not Applicable,Fine,Kadaagrahra Road,Bidarahalli kadaagrahara Road,8 kms,0.0,0.0
Bengaluru Dist,Avalahally PS,1.04422e+16,2016,1,3,Road Accidents,Bridge,City/Town,Narrow bridge or culverts,Human Error,Yes,Simple Injury,Hit and Run,Not Applicable,Others,NH,Bitumen(Tar),Others,Not Applicable,Fine,NH75 ROAD,XX,X,0.0,0.0
Bengaluru Dist,Avalahally PS,1.04422e+16,2016,1,2,Road Accidents,Narrow road,City/Town,Near Bus stop,Human Error,Yes,Grievous Injury,Others,Not Applicable,Not Applicable,Village Road,Bitumen(Tar),Others,Not Applicable,Clear,Rampura Road,Near Hancharahalli Gate,5 kms,0.0,0.0
Bengaluru Dist,Avalahally PS,1.04422e+16,2016,1,2,Road Accidents,Narrow road,City/Town,Open area,Human Error,No,Simple Injury,Rear end,Not Applicable,Not Applicable,Others,Bitumen(Tar),Dry,Not Applicable,Clear,Kadugodi road,Near Sai Service station,3 kms,0.0,0.0
Bengaluru Dist,Avalahally PS,1.04422e+16,2016,1,1,Road Accidents,Other,City/Town,Near office complex,Human Error,No,Grievous Injury,Head on,Not Applicable,Others,NH,Bitumen(Tar),Not Applicable,Not Applicable,Fine,NH75 Road,x,x,0.0,0.0
Bengaluru Dist,Avalahally PS,1.04422e+16,2016,1,1,Road Accidents,Not Applicable,City/Town,Near Petrol Pump,Human Error,No,Fatal,Others,Not Applicable,Not Applicable,NH,Bitumen(Tar),Dry,Not Applicable,Clear,NH 75 Road,Near Kodi petrol bunk,5 kms,0.0,0.0
Bengaluru Dist,Avalahally PS,1.04422e+16,2016,1,2,Road Accidents,Not Applicable,City/Town,Open area,Human Error,Yes,Grievous Injury,Rear end,Not Applicable,Not Applicable,NH,Bitumen(Tar),Dry,Not Applicable,Clear,NH 75 Road,Avalahalli Flyover,2 kms,0.0,0.0
Bengaluru Dist,Avalahally PS,1.04422e+16,2016,1,2,Road Accidents,Not Applicable,Villages settlement,Near or inside a village,Human Error,Yes,Grievous Injury,Rear end,Not Applicable,Others,NH,Bitumen(Tar),Others,Not Applicable,Fine,NH4,X,X,0.0,0.0
Bengaluru Dist,Avalahally PS,1.04422e+16,2016,1,2,Road Accidents,Not Applicable,City/Town,Near office complex,Human Error,Yes,Grievous Injury,Rear end,Not Applicable,Not Applicable,NH,Bitumen(Tar),Dry,Not Applicable,Clear,NH 75 Road,Near Decathlon  Budigere cross,2 km,0.0,0.0
Bengaluru Dist,Avalahally PS,1.04422e+16,2016,1,2,Road Accidents,Not Applicable,City/Town,Near office complex,Human Error,Yes,Grievous Injury,Rear end,Not Applicable,Not Applicable,NH,Bitumen(Tar),Dry,Not Applicable,Fine,NH 75 Road,Near Toyota Show room,3 kms,0.0,0.0
Bengaluru Dist,Avalahally PS,1.04422e+16,2016,1,2,Road Accidents,Not Applicable,City/Town,Open area,Human Error,Not Applicable,Not Applicable,Rear end,Not Applicable,Not Applicable,NH,Bitumen(Tar),Dry,Not Applicable,Fine,NH 75 Road,Near Budigere Flyover,2 km,0.0,0.0
Bengaluru Dist,Avalahally PS,1.04422e+16,2016,1,1,Road Accidents,Not Applicable,City/Town,Near a factory industrial area,Human Error,No,Fatal,Hit pedestrian,Not Applicable,Not Applicable,Others,Bitumen(Tar),Dry,Not Applicable,Clear,Budigere road,Near Grindwell factory,4 kms,0.0,0.0
Bengaluru Dist,Avalahally PS,1.04422e+16,2016,1,2,Not Applicable,Narrow road,Rural Areas,Near a factory industrial area,Human Error,No,Grievous Injury,Head on,Not Applicable,Straight and flat,NH,Bitumen(Tar),Dry,Not Applicable,Fine,NH 75 Service Road,Near Police Station,1KM,0.0,0.0
Bengaluru Dist,Avalahally PS,1.04422e+16,2016,1,1,Road Accidents,Not Applicable,City/Town,Near School or College,Human Error,No,Simple Injury,Others,Not Applicable,Not Applicable,NH,Bitumen(Tar),Not Applicable,Not Applicable,Clear,Kadugodi road,Near school,4,0.0,0.0
Bengaluru Dist,Avalahally PS,1.04422e+16,2016,1,2,Road Accidents,Other,Villages settlement,Near or inside a village,Human Error,No,Grievous Injury,Not Applicable,Not at  Junction,Not Applicable,NH,Bitumen(Tar),Others,Not Applicable,Flooding of Slipways/Rivulets,NH4,X,X,0.0,0.0
Bengaluru Dist,Avalahally PS,1.04422e+16,2016,1,2,Road Accidents,Narrow road,Rural Areas,Near or inside a village,Human Error,No,Simple Injury,Head on,Not at  Junction,Others,Village Road,Bitumen(Tar),Others,Not Applicable,Others,Avalahalli-Bidarahalli village road,liker shop,3 km,0.0,0.0
Bengaluru Dist,Avalahally PS,1.04422e+16,2016,1,3,Road Accidents,Narrow road,Rural Areas,Near or inside a village,Human Error,No,Grievous Injury,Rear end,Not Applicable,Not Applicable,Others,Bitumen(Tar),Dry,Not Applicable,Clear,Budigere road,Shrungarpura Cross,7 kms,0.0,0.0
Bengaluru Dist,Avalahally PS,1.04422e+16,2016,1,2,Road Accidents,Not Applicable,City/Town,Near a recreation place/cinema,Human Error,No,Simple Injury,Rear end,Not Applicable,Not Applicable,NH,Bitumen(Tar),Dry,Not Applicable,Clear,NH 75 Road,Near Brigade Exotica,100 mt,0.0,0.0
Bengaluru Dist,Avalahally PS,1.04422e+16,2016,1,2,Road Accidents,Not Applicable,City/Town,Near Bus stop,Human Error,No,Grievous Injury,Others,Not Applicable,Not Applicable,NH,Bitumen(Tar),Dry,Not Applicable,Clear,NH 75 Road,Near Cipla Factory Nh 75 road,4 kms,0.0,0.0
Bengaluru Dist,Avalahally PS,1.04422e+16,2016,1,1,Road Accidents,Not Applicable,City/Town,Open area,Human Error,No,Grievous Injury,Hit pedestrian,Not Applicable,Not Applicable,NH,Bitumen(Tar),Dry,Not Applicable,Others,NH 75 Road,near elemallappa shetty lake,5 kms,0.0,0.0
Bengaluru Dist,Avalahally PS,1.04422e+16,2016,1,1,Road Accidents,Not Applicable,City/Town,Near Bus stop,Human Error,No,Fatal,Others,Not Applicable,Not Applicable,NH,Bitumen(Tar),Dry,Not Applicable,Fine,NH 75 Road,Near Kattamnallur Gate,4 km,0.0,0.0
Bengaluru Dist,Avalahally PS,1.04422e+16,2016,1,2,Road Accidents,Not Applicable,City/Town,Near office complex,Human Error,No,Not Applicable,Rear end,Not Applicable,Not Applicable,NH,Bitumen(Tar),Dry,Not Applicable,Clear,NH 75 Road,near Budigere cross Service Road,2 km,0.0,0.0
Bengaluru Dist,Avalahally PS,1.04422e+16,2016,1,2,Road Accidents,Not Applicable,City/Town,Open area,Human Error,No,Simple Injury,Rear end,Not Applicable,Not Applicable,NH,Bitumen(Tar),Dry,Not Applicable,Clear,NH 75 Road,in front of Police Station Fly Over,1 fur,0.0,0.0
Bengaluru Dist,Avalahally PS,1.04422e+16,2016,1,2,Road Accidents,Not Applicable,City/Town,Near a factory industrial area,Human Error,No,Simple Injury,Head on,Not Applicable,Not Applicable,NH,Bitumen(Tar),Dry,Not Applicable,Clear,NH 75 Road,service road near Sathe enterprises,1 km,0.0,0.0
Bengaluru Dist,Avalahally PS,1.04422e+16,2016,1,2,Road Accidents,Not Applicable,City/Town,Open area,Human Error,No,Grievous Injury,Rear end,Not Applicable,Not Applicable,NH,Bitumen(Tar),Dry,Not Applicable,Others,NH 75 Road,Kolar  Bangaloer NH 75,1 km,0.0,0.0
Bengaluru Dist,Avalahally PS,1.04422e+16,2016,1,2,Road Accidents,Narrow road,Villages settlement,Open area,Human Error,No,Damage Only,Head on,Not Applicable,Not Applicable,Others,Bitumen(Tar),Dry,Not Applicable,Clear,Budigere road,Kitaganuru cross,7 kms,0.0,0.0
Bengaluru Dist,Avalahally PS,1.04422e+16,2016,1,1,Road Accidents,Not Applicable,City/Town,Near Petrol Pump,Human Error,No,Grievous Injury,Rear end,Not Applicable,Not Applicable,NH,Bitumen(Tar),Dry,Not Applicable,Clear,NH 75 Road,Near Kodi petrol bunk,5 kms,0.0,0.0
Bengaluru Dist,Avalahally PS,1.04422e+16,2016,1,2,Road Accidents,Narrow road,Rural Areas,Near or inside a village,Human Error,No,Simple Injury,Rear end,Not Applicable,Not Applicable,Others,Bitumen(Tar),Dry,Not Applicable,Clear,Bidarahalli Road,Bidarahalli Govt hospital,8 kms,0.0,0.0