DISTRICTNAME,UNITNAME,Crime_No,Year,RI,Noofvehicle_involved,Accident_Classification,Accident_Spot,Accident_Location,Accident_SubLocation,Main_Cause,Hit_Run,Severity,Collision_Type,Junction_Control,Road_Character,Road_Type,Surface_Type,Surface_Condition,Road_Condition,Weather,Accident_Road,Landmark_first,Distance_LandMark_First,Latitude,Longitude
Bengaluru Dist,Avalahally PS,1.04422e+16,2017,1,2,Road Accidents,Culvert,City/Town,Narrow bridge or culverts,Human Error,No,Grievous Injury,Others,Not Applicable,Others,NH,Bitumen(Tar),Not Applicable,Not Applicable,Fine,Bangalore - Kolar NH - 75 Road,xx,1 km,0.0,0.0
Bengaluru Dist,Avalahally PS,1.04422e+16,2017,1,1,Road Accidents,Other,Rural Areas,Open area,Human Error,No,Damage Only,Others,Not Applicable,Others,NH,Bitumen(Tar),Others,Not Applicable,Others,NH-75,11,1,0.0,0.0
Bengaluru Dist,Avalahally PS,1.04422e+16,2017,1,2,Not Applicable,Other,City/Town,Open area,Human Error,No,Grievous Injury,Others,Not Applicable,Not Applicable,NH,Bitumen(Tar),Others,Not Applicable,Fine,MEDAHALLI - KURUDUSONNEHALLI ROAD,5 kms towards south,xx,0.0,0.0
Bengaluru Dist,Avalahally PS,1.04422e+16,2017,1,1,Road Accidents,Narrow road,City/Town,Near Bus stop,Human Error,No,Simple Injury,Head on,Not Applicable,Others,Village Road,Bitumen(Tar),Others,Not Applicable,Fine,KADUGODI HOSKOTE  ROAD,X,X,0.0,0.0
Bengaluru Dist,Avalahally PS,1.04422e+16,2017,1,1,Road Accidents,Culvert,City/Town,Narrow bridge or culverts,Human Error,No,Fatal,Others,Not Applicable,Not Applicable,NH,Bitumen(Tar),Not Applicable,Not Applicable,Light Rain,NH -75,Beside Gindal Steel,1 kms,0.0,0.0
Bengaluru Dist,Avalahally PS,1.04422e+16,2017,1,3,Not Applicable,Other,City/Town,Open area,Human Error,Not Applicable,Grievous Injury,Others,Not Applicable,Others,NH,Bitumen(Tar),Not Applicable,Not Applicable,Fine,AVALAHALLI  - HIRANDAHALLI ROAD,2 KM,xx,0.0,0.0
Bengaluru Dist,Avalahally PS,1.04422e+16,2017,1,1,Road Accidents,Other,Rural Areas,Near Petrol Pump,Not Applicable,No,Simple Injury,Others,Uncontrolled,Others,One way,Not Applicable,Dry,Not Applicable,Others,Nh 75,Avalahalli,1 Km,0.0,0.0
Bengaluru Dist,Avalahally PS,1.04422e+16,2017,1,2,Road Accidents,Other,Rural Areas,Near Bus stop,Human Error,Not Applicable,Fatal,Head on,Not at  Junction,Others,Village Road,Bitumen(Tar),Others,Not Applicable,Fine,Medahalli-Kurudusonnenahalli,Tar road,5 Kms,0.0,0.0
Bengaluru Dist,Avalahally PS,1.04422e+16,2017,1,2,Road Accidents,Other,City/Town,Near Bus stop,Human Error,No,Grievous Injury,Rear end,Not Applicable,Others,NH,Bitumen(Tar),Others,Not Applicable,Fine,Bangalore- kolar NH75,x,x,0.0,0.0
Bengaluru Dist,Avalahally PS,1.04422e+16,2017,1,1,Road Accidents,Other,Rural Areas,Near Bus stop,Not Applicable,No,Grievous Injury,Others,Not at  Junction,Others,NH,Not Applicable,Others,Not Applicable,Others,NH 75 Road,Nh75 Cheemasandra gate,2,0.0,0.0
Bengaluru Dist,Avalahally PS,1.04422e+16,2017,1,1,Road Accidents,Other,City/Town,Near Petrol Pump,Human Error,No,Fatal,Hit fixed object,Not Applicable,Not Applicable,NH,Bitumen(Tar),Dry,Not Applicable,Cloudy,Bengaluru Kolar NH75 road,Avalahalli HP petrol bunk Opposite,2 Kms,0.0,0.0
Bengaluru Dist,Avalahally PS,1.04422e+16,2017,1,2,Road Accidents,Not Applicable,City/Town,Narrow bridge or culverts,Human Error,No,Simple Injury,Others,Not Applicable,Others,NH,Bitumen(Tar),Others,Not Applicable,Fine,On medahalli flyover,2 km,xx,0.0,0.0
Bengaluru Dist,Avalahally PS,1.04422e+16,2017,1,1,Road Accidents,Other,Rural Areas,Open area,Not Applicable,No,Grievous Injury,Hit pedestrian,Not at  Junction,Others,Not Applicable,Not Applicable,Others,Not Applicable,Others,Rampura Village,1,8,0.0,0.0
Bengaluru Dist,Avalahally PS,1.04422e+16,2017,1,2,Road Accidents,Other,Villages settlement,Near Bus stop,Human Error,No,Damage Only,Rear end,Not Applicable,Not Applicable,Village Road,Bitumen(Tar),Others,Not Applicable,Fine,HANCHARAHALLI GATE,X,7KM,0.0,0.0
Bengaluru Dist,Avalahally PS,1.04422e+16,2017,1,2,Road Accidents,Other,Rural Areas,Open area,Not Applicable,No,Simple Injury,Others,Not at  Junction,Others,One way,Bitumen(Tar),Others,Not Applicable,Others,Hosakote-Kadugodi Road Near Goravigere,Goravgere Gate,4KM,0.0,0.0
Bengaluru Dist,Avalahally PS,1.04422e+16,2017,1,1,Road Accidents,Other,Not Applicable,Open area,Not Applicable,No,Grievous Injury,Not Applicable,Not Applicable,Others,NH,Not Applicable,Dry,Not Applicable,Others,NH-75,1,1,0.0,0.0
Bengaluru Dist,Avalahally PS,1.04422e+16,2017,1,2,Road Accidents,Bridge,Rural Areas,Open area,Not Applicable,Not Applicable,Not Applicable,Not Applicable,Not Applicable,Not Applicable,NH,Bitumen(Tar),Dry,Not Applicable,Fine,NH 75  Road,1,1,0.0,0.0
Bengaluru Dist,Avalahally PS,1.04422e+16,2017,1,1,Road Accidents,Other,City/Town,Near Hospital,Human Error,No,Fatal,Others,Not Applicable,Not Applicable,Others,Bitumen(Tar),Others,Not Applicable,Fine,Heerandahalli Road,Near Geetha Hospital,2 kms,0.0,0.0
Bengaluru Dist,Avalahally PS,1.04422e+16,2017,1,1,Road Accidents,Cross roads,Rural Areas,At pedestrian Crossing,Vehicle Defect,No,Grievous Injury,Others,Not Applicable,Others,Service Road,Not Applicable,Others,Not Applicable,Others,Veerenahalli gate,2,5,0.0,0.0
Bengaluru Dist,Avalahally PS,1.04422e+16,2017,1,1,Road Accidents,Other,Rural Areas,Open area,Not Applicable,No,Simple Injury,Others,Not at  Junction,Others,NH,Bitumen(Tar),Others,Not Applicable,Others,Nh75,Near Bandapura Gate,1/2 Km,0.0,0.0
Bengaluru Dist,Avalahally PS,1.04422e+16,2017,1,1,Road Accidents,Not Applicable,Rural Areas,Near Bus stop,Human Error,Yes,Grievous Injury,Not Applicable,Not Applicable,Not Applicable,Others,Bitumen(Tar),Dry,Not Applicable,Clear,Budigere road,Budigere cross,3 kms,0.0,0.0
Bengaluru Dist,Avalahally PS,1.04422e+16,2017,1,2,Road Accidents,Other,City/Town,Near Petrol Pump,Human Error,No,Fatal,Others,Not Applicable,Others,Not Applicable,Bitumen(Tar),Not Applicable,Not Applicable,Fine,Budigere To Devanahalli Road,Near Jyothipura Gate,6 kms,0.0,0.0
Bengaluru Dist,Avalahally PS,1.04422e+16,2017,1,1,Road Accidents,Other,Rural Areas,Open area,Human Error,Yes,Simple Injury,Side swipe,Not at  Junction,Others,Mixed,Not Applicable,Wet,Not Applicable,Fine,Kithaganuru villege lake,Kithaganuru villege lake,8 km,0.0,0.0
Bengaluru Dist,Avalahally PS,1.04422e+16,2017,1,1,Road Accidents,Not Applicable,City/Town,Near Bus stop,Human Error,No,Grievous Injury,Others,Not Applicable,Not Applicable,Others,Bitumen(Tar),Not Applicable,Not Applicable,Fine,Budigere to Mandoor road,Near Jyothipura gate bus stop,x,0.0,0.0
Bengaluru Dist,Avalahally PS,1.04422e+16,2017,1,1,Road Accidents,Other,City/Town,Near Bus stop,Human Error,No,Grievous Injury,Others,Not Applicable,Not Applicable,NH,Bitumen(Tar),Others,Not Applicable,Fine,Devanahalli to Budigere cross road,8 kms,xx,0.0,0.0
Bengaluru Dist,Avalahally PS,1.04422e+16,2017,1,1,Other Railway Accidents,Narrow road,Rural Areas,Open area,Not Applicable,No,Grievous Injury,Not Applicable,Not Applicable,Not Applicable,Not Applicable,Kutcha,Dry,No influence on accident,Others,Tar road,1 electrical pole,12 Km,0.0,0.0
Bengaluru Dist,Avalahally PS,1.04422e+16,2017,1,1,Road Accidents,Other,Rural Areas,Near Bus stop,Not Applicable,No,Grievous Injury,Others,Not Applicable,Others,Two way,Kutcha,Dry,Not Applicable,Others,Budigere road,Tirumenahalli gate,10 km,0.0,0.0
Bengaluru Dist,Avalahally PS,1.04422e+16,2017,1,1,Road Accidents,Not Applicable,City/Town,Near Bus stop,Human Error,No,Grievous Injury,Not Applicable,Not Applicable,Not Applicable,Others,Bitumen(Tar),Dry,Not Applicable,Clear,Budigere road,Near Mandoor gate,7 kms,0.0,0.0
Bengaluru Dist,Avalahally PS,1.04422e+16,2017,1,1,Road Accidents,Circle,City/Town,Near Bus stop,Human Error,No,Simple Injury,Head on,Not Applicable,Not Applicable,NH,Bitumen(Tar),Others,Not Applicable,Fine,NH4,X,X,0.0,0.0
Bengaluru Dist,Avalahally PS,1.04422e+16,2017,1,1,Road Accidents,Bridge,City/Town,Near Petrol Pump,Human Error,No,Damage Only,Head on,Not Applicable,Not Applicable,NH,Bitumen(Tar),Others,Not Applicable,Fine,NH75,X,X,0.0,0.0
Bengaluru Dist,Avalahally PS,1.04422e+16,2017,1,2,Road Accidents,Other,Villages settlement,Near Bus stop,Human Error,Yes,Damage Only,Rear end,Not at  Junction,Others,Service Road,Bitumen(Tar),Others,Not Applicable,Fine,Bangalore- kolar NH75,Avalahalli Bus stop,1 km,0.0,0.0
Bengaluru Dist,Avalahally PS,1.04422e+16,2017,1,2,Road Accidents,Not Applicable,City/Town,Near Bus stop,Human Error,No,Grievous Injury,Rear end,Uncontrolled,Others,NH,Bitumen(Tar),Dry,Not Applicable,Clear,NH 75 Road,Service Road,2 kms,0.0,0.0
Bengaluru Dist,Avalahally PS,1.04422e+16,2017,1,1,Road Accidents,Other,Not Applicable,Near a religious place,Human Error,Not Applicable,Simple Injury,Others,Not Applicable,Others,Others,Not Applicable,Dry,Not Applicable,Fine,Bommenahalli Road,4,3,0.0,0.0
Bengaluru Dist,Avalahally PS,1.04422e+16,2017,1,2,Not Applicable,Not Applicable,Rural Areas,Near Bus stop,Not Applicable,Yes,Simple Injury,Others,Not Applicable,Not Applicable,Others,Bitumen(Tar),Others,Not Applicable,Fine,Budigere Road,1,4KM,0.0,0.0
Bengaluru Dist,Avalahally PS,1.04422e+16,2018,1,1,Road Accidents,Narrow road,Rural Areas,Near Bus stop,Not Applicable,No,Grievous Injury,Not Applicable,Not Applicable,Others,One way,Not Applicable,Dry,No influence on accident,Others,Nh 75,Cheemasandra gate,1 Km,0.0,0.0
Bengaluru Dist,Avalahally PS,1.04422e+16,2018,1,2,Road Accidents,Curves,City/Town,Narrow bridge or culverts,Human Error,No,Grievous Injury,Head on,Not Applicable,Hump,Feeder Road,Not Applicable,Others,No influence on accident,Fine,xx,xx,xx,0.0,0.0
Bengaluru Dist,Avalahally PS,1.04422e+16,2018,1,2,Not Applicable,Bridge,Not Applicable,Narrow bridge or culverts,Not Applicable,No,Grievous Injury,Others,Not Applicable,Others,NH,Not Applicable,Others,Not Applicable,Others,BUDIGERE CROSS,1,1,0.0,0.0
Bengaluru Dist,Avalahally PS,1.04422e+16,2018,1,1,Road Accidents,Other,Rural Areas,Open area,Not Applicable,No,Damage Only,Others,Not at  Junction,Not Applicable,NH,Bitumen(Tar),Others,Not Applicable,Others,Nh75,Nh 75 Road Budigere cross over bidg,1,0.0,0.0
Bengaluru Dist,Avalahally PS,1.04422e+16,2018,1,2,Road Accidents,Other,City/Town,Open area,Human Error,No,Damage Only,Others,Not Applicable,Others,NH,Bitumen(Tar),Others,Not Applicable,Fine,Kolar -Bangalore NH-75 road,Infrant of BPL Factory,1 km,0.0,0.0
Bengaluru Dist,Avalahally PS,1.04422e+16,2018,1,1,Road Accidents,Other,City/Town,Open area,Human Error,No,Grievous Injury,Others,Not Applicable,Others,NH,Bitumen(Tar),Others,Not Applicable,Fine,Bangalore - Kolar NH - 75 Road,near aishwarya daba,xx,0.0,0.0
Bengaluru Dist,Avalahally PS,1.04422e+16,2018,1,1,Road Accidents,Junction,Rural Areas,Near Bus stop,Not Applicable,Yes,Grievous Injury,Hit and Run,Not Applicable,Not Applicable,NH,Bitumen(Tar),Dry,Not Applicable,Fine,NH,Bhuvalka Steel Opposite Road,1,0.0,0.0
Bengaluru Dist,Avalahally PS,1.04422e+16,2018,1,1,Road Accidents,Narrow road,Rural Areas,Open area,Not Applicable,No,Fatal,Others,Not Applicable,Others,NH,Not Applicable,Others,No influence on accident,Others,Nh 75,Nh 75 road,100 mt,0.0,0.0
Bengaluru Dist,Avalahally PS,1.04422e+16,2018,1,1,Not Applicable,Cross roads,Rural Areas,Near Bus stop,Human Error,Yes,Simple Injury,Hit pedestrian,Stop Sign,Others,Others,Not Applicable,Others,Not Applicable,Not Applicable,BUDIGERE CROSS,2,1,0.0,0.0
Bengaluru Dist,Avalahally PS,1.04422e+16,2018,1,1,Road Accidents,Not Applicable,Villages settlement,Near Bus stop,Not Applicable,No,Grievous Injury,Not Applicable,Controlled,Others,NH,Bitumen(Tar),Dry,Not Applicable,Snow,NH,1,3 km,0.0,0.0
Bengaluru Dist,Avalahally PS,1.04422e+16,2018,1,1,Not Applicable,Other,Not Applicable,Near office complex,Not Applicable,Yes,Damage Only,Others,Not Applicable,Hump,Not Applicable,Not Applicable,Dry,No influence on accident,Others,Village road,3 km,3 km,0.0,0.0
Bengaluru Dist,Avalahally PS,1.04422e+16,2018,1,2,Road Accidents,Other,City/Town,Open area,Human Error,No,Grievous Injury,Others,Not Applicable,Others,State Highway,Bitumen(Tar),Others,Not Applicable,Fine,Near Handarahalli Gate,xx,7 km,0.0,0.0
Bengaluru Dist,Avalahally PS,1.04422e+16,2018,1,1,Not Applicable,Other,Not Applicable,Near a factory industrial area,Not Applicable,No,Grievous Injury,Others,Controlled,Not Applicable,Not Applicable,Not Applicable,Dry,Not Applicable,Clear,AVALAHALLI,2 Km,2 km,0.0,0.0
Bengaluru Dist,Avalahally PS,1.04422e+16,2018,1,1,Road Accidents,Cross roads,Rural Areas,Open area,Not Applicable,No,Grievous Injury,Right Turn Collision,Not Applicable,Curve,Village Road,Bitumen(Tar),Dry,Not Applicable,Others,Normal Road,Kadaagrahara,10 km,0.0,0.0
Bengaluru Dist,Avalahally PS,1.04422e+16,2018,1,1,Not Applicable,Other,Rural Areas,Open area,Not Applicable,No,Simple Injury,Not Applicable,Not Applicable,Not Applicable,One way,Not Applicable,Dry,No influence on accident,Not Applicable,NH 75,Near Ele mallappa lake,2 Km,0.0,0.0
Bengaluru Dist,Avalahally PS,1.04422e+16,2018,1,2,Not Applicable,Other,Not Applicable,Near Hospital,Vehicle Defect,Not Applicable,Not Applicable,Others,Not Applicable,Others,Others,Not Applicable,Others,Not Applicable,Others,sarvice road,1,1,0.0,0.0
Bengaluru Dist,Avalahally PS,1.04422e+16,2018,1,1,Road Accidents,Cross roads,Rural Areas,Near or inside a village,Human Error,No,Fatal,Not Applicable,Not Applicable,Others,Minor District Road,Bitumen(Tar),Others,Not Applicable,Others,"Rampura Kadaagrahara road,Bidarahalli hobali,Bengaluru east taluk",Rampura Kadaagrahara road Bidarahalli hobali Bengaluru east taluk,11,0.0,0.0
Bengaluru Dist,Avalahally PS,1.04422e+16,2018,1,2,Road Accidents,Not Applicable,Rural Areas,Near Bus stop,Human Error,No,Simple Injury,Not Applicable,Not Applicable,Others,NH,Not Applicable,Others,Not Applicable,Others,AVALAHALLI LAKE,2,4,0.0,0.0
Bengaluru Dist,Avalahally PS,1.04422e+16,2018,1,2,Not Applicable,Cross roads,Not Applicable,Near Bus stop,Human Error,Not Applicable,Simple Injury,Others,Not Applicable,Curve,Others,Not Applicable,Others,Not Applicable,Others,bBudigere cross,1,1,0.0,0.0
Bengaluru Dist,Avalahally PS,1.04422e+16,2018,1,2,Road Accidents,Other,Rural Areas,Open area,Not Applicable,No,Grievous Injury,Others,Not at  Junction,Others,NH,Bitumen(Tar),Dry,Not Applicable,Fine,NH75,Medahalli bridze,3km,0.0,0.0
Bengaluru Dist,Avalahally PS,1.04422e+16,2018,1,2,Road Accidents,Narrow road,Rural Areas,Open area,Human Error,No,Simple Injury,Right Turn Collision,Not Applicable,Straight and flat,City or Town Road,Surfaced,Dry,Not Applicable,Fine,Bidrahalli and Herendahalli Main Road,Towards bidarahalli road In front maya hardwere shop,3 km,0.0,0.0
Bengaluru Dist,Avalahally PS,1.04422e+16,2018,1,1,Road Accidents,Other,Rural Areas,Open area,Not Applicable,No,Grievous Injury,Others,Not at  Junction,Others,NH,Bitumen(Tar),Others,Not Applicable,Not Applicable,Nh,Toyota Company,2 km,0.0,0.0
Bengaluru Dist,Avalahally PS,1.04422e+16,2018,1,1,Not Applicable,Other,City/Town,Open area,Human Error,No,Fatal,Others,Not Applicable,Not Applicable,NH,Bitumen(Tar),Others,Not Applicable,Fine,Bangalore - Kolar NH - 75 Road,xx,xx,0.0,0.0
Bengaluru Dist,Avalahally PS,1.04422e+16,2018,1,1,Road Accidents,Other,Rural Areas,Near Bus stop,Not Applicable,No,Fatal,Others,Not Applicable,Not Applicable,NH,Bitumen(Tar),Dry,Not Applicable,Fine,NH,Near Cheemasandra gate Bus Stop,1km,0.0,0.0
Bengaluru Dist,Avalahally PS,1.04422e+16,2018,1,2,Road Accidents,Other,City/Town,Narrow bridge or culverts,Human Error,No,Fatal,Others,Not Applicable,Not Applicable,NH,Bitumen(Tar),Dry,Not Applicable,Fine,Bengaluru Kolar NH75 road Near Avalahalli Flyover,Bengaluru Kolar NH75 road Near Avalahalli Flyover,2,0.0,0.0
Bengaluru Dist,Avalahally PS,1.04422e+16,2018,1,1,Road Accidents,Other,Villages settlement,Near or inside a village,Not Applicable,Not Applicable,Damage Only,Hit and Run,Uncontrolled,Others,Residential Street,Gravel,Dry,Not Applicable,Fine,Normal Road,near Market,7km,0.0,0.0
Bengaluru Dist,Avalahally PS,1.04422e+16,2018,1,3,Road Accidents,Other,Not Applicable,Open area,Not Applicable,No,Grievous Injury,Others,Not at  Junction,Others,NH,Bitumen(Tar),Others,Not Applicable,Others,NH,NEAR HP PETROL BUNK,2KM,0.0,0.0
Bengaluru Dist,Avalahally PS,1.04422e+16,2018,1,3,Road Accidents,Bridge,Villages settlement,Open area,Not Applicable,No,Damage Only,Others,Not at  Junction,Others,NH,Bitumen(Tar),Others,Not Applicable,Others,Nh75,Nh 75 Road Budigere cross over bidg,1,0.0,0.0
Bengaluru Dist,Avalahally PS,1.04422e+16,2018,1,2,Road Accidents,Other,City/Town,Open area,Human Error,Yes,Grievous Injury,Others,Not Applicable,Others,Others,Bitumen(Tar),Others,Not Applicable,Fine,Heerandahalli Avalahalli Road,3 km,xx,0.0,0.0
Bengaluru Dist,Avalahally PS,1.04422e+16,2018,1,2,Not Applicable,Offset,City/Town,Affected by encroachments,Human Error,Yes,Grievous Injury,Run Off Road,Not Applicable,Gentle Incline or Climb,City or Town Road,Kutcha,Flooded,Engineering Defect of Road,Not Applicable,x,x,xx,0.0,0.0
Bengaluru Dist,Avalahally PS,1.04422e+16,2018,1,2,Road Accidents,Round about or Circle,City/Town,Residential area,Human Error,No,Damage Only,Others,Not Applicable,Not Applicable,Others,Bitumen(Tar),Others,Not Applicable,Fine,Presteeg Trankulity,Near Bommenahalli Gate,xx,0.0,0.0
Bengaluru Dist,Avalahally PS,1.04422e+16,2018,1,1,Road Accidents,Other,Villages settlement,Open area,Not Applicable,No,Grievous Injury,Others,Not at  Junction,Others,Village Road,Bitumen(Tar),Dry,Not Applicable,Others,OTHER,SILVEOAK,2KM,0.0,0.0
Bengaluru Dist,Avalahally PS,1.04422e+16,2018,1,1,Road Accidents,Narrow road,Rural Areas,Open area,Not Applicable,Yes,Grievous Injury,Others,Controlled,Not Applicable,One way,Kutcha,Dry,Not Applicable,Others,Narrow,Katamnallur,5 Km,0.0,0.0
Bengaluru Dist,Avalahally PS,1.04422e+16,2018,1,2,Road Accidents,Bridge,City/Town,Narrow bridge or culverts,Human Error,Not Applicable,Grievous Injury,Others,Not Applicable,Others,NH,Bitumen(Tar),Others,Not Applicable,Fine,Bangalore - Kolar NH - 75,Budigere cross flyover,1 km,0.0,0.0
Bengaluru Dist,Avalahally PS,1.04422e+16,2018,1,1,Road Accidents,Other,Not Applicable,Near Petrol Pump,Vehicle Defect,No,Damage Only,Others,Not Applicable,Others,Others,Not Applicable,Others,Not Applicable,Others,NH,1,2 K M,0.0,0.0
Bengaluru Dist,Avalahally PS,1.04422e+16,2018,1,2,Road Accidents,Not Applicable,Rural Areas,Open area,Not Applicable,No,Grievous Injury,Not Applicable,Not Applicable,Not Applicable,NH,Bitumen(Tar),Dry,Not Applicable,Clear,NH Service Road,NH Service Road,2 Kms,0.0,0.0
Bengaluru Dist,Avalahally PS,1.04422e+16,2018,1,2,Road Accidents,Other,City/Town,Open area,Human Error,No,Grievous Injury,Others,Not Applicable,Not Applicable,NH,Bitumen(Tar),Others,Not Applicable,Fine,Bangalore - Kolar NH - 75 Road,xx,xx,0.0,0.0
Bengaluru Dist,Avalahally PS,1.04422e+16,2018,1,2,Not Applicable,Other,City/Town,Open area,Human Error,No,Grievous Injury,Others,Not Applicable,Others,NH,Bitumen(Tar),Not Applicable,Not Applicable,Fine,Bangalore - Kolar NH - 75,On avalahalli Flyover,xx,0.0,0.0
Bengaluru Dist,Avalahally PS,1.04422e+16,2018,1,2,Not Applicable,Curves,Not Applicable,Near Bus stop,Human Error,No,Damage Only,Others,Not Applicable,Not Applicable,Others,Not Applicable,Others,Not Applicable,Others,BUDHIGERE CROSS - DEVANAHALLI ROAD,1 k m,1 km,0.0,0.0
Bengaluru Dist,Avalahally PS,1.04422e+16,2018,1,2,Road Accidents,Other,Rural Areas,Near Bus stop,Not Applicable,No,Damage Only,Run Off Road,Not Applicable,Not Applicable,NH,Bitumen(Tar),Dry,Not Applicable,Fine,NH,2,2,0.0,0.0
Bengaluru Dist,Avalahally PS,1.04422e+16,2018,1,2,Road Accidents,Cross roads,Rural Areas,Near Bus stop,Human Error,Not Applicable,Fatal,Hit parked vehicle,Uncontrolled,Not Applicable,NH,Bitumen(Tar),Others,Not Applicable,Fine,Bengaluru Kolar NH75 road Kattamnalluru cross,NH 75 road Kattamnalluru cross,3,0.0,0.0
Bengaluru Dist,Avalahally PS,1.04422e+16,2018,1,2,Road Accidents,Y Junction,City/Town,Open area,Human Error,Not Applicable,Grievous Injury,Hit fixed object,Not Applicable,Others,NH,Bitumen(Tar),Others,Not Applicable,Fine,Kolar -Bangalore NH-75 road,xx,xx,0.0,0.0
Bengaluru Dist,Avalahally PS,1.04422e+16,2018,1,1,Road Accidents,Narrow road,Villages settlement,Near or inside a village,Not Applicable,No,Fatal,Others,Not Applicable,Others,Others,Bitumen(Tar),Dry,Not Applicable,Fine,Village Road,Near Temple,4 kms,0.0,0.0
Bengaluru Dist,Avalahally PS,1.04422e+16,2018,1,1,Road Accidents,Narrow road,Rural Areas,Near Bus stop,Not Applicable,No,Fatal,Not Applicable,Controlled,Others,NH,Bitumen(Tar),Dry,Not Applicable,Fine,NH Service Road,Near Govt Hospital,2 Kms,0.0,0.0
Bengaluru Dist,Avalahally PS,1.04422e+16,2018,1,1,Road Accidents,Other,Rural Areas,Near Bus stop,Human Error,No,Fatal,Hit pedestrian,Not Applicable,Not Applicable,NH,Bitumen(Tar),Others,Not Applicable,Others,Kolar Bengaluru NH75 road Near Chimasandra gate,Kolara to Bengaluru NH75 road,1,0.0,0.0
Bengaluru Dist,Avalahally PS,1.04422e+16,2018,1,1,Road Accidents,Other,Rural Areas,Open area,Not Applicable,No,Grievous Injury,Others,Not at  Junction,Others,NH,Bitumen(Tar),Others,Not Applicable,Others,NH75,Near KatamnalluruGate,2 km,0.0,0.0
Bengaluru Dist,Avalahally PS,1.04422e+16,2018,1,2,Road Accidents,Other,Rural Areas,Near Bus stop,Not Applicable,No,Grievous Injury,Others,Not at  Junction,Others,NH,Bitumen(Tar),Dry,Not Applicable,Fine,NH75,Near KatamnalluruGate,2 km,0.0,0.0
Bengaluru Dist,Avalahally PS,1.04422e+16,2018,1,1,Road Accidents,Other,Rural Areas,Near a factory industrial area,Human Error,No,Fatal,Hit pedestrian,Not Applicable,Others,Others,Bitumen(Tar),Others,Not Applicable,Others,Avalahalli Hirandahalli road,Infront of Eicher company  Avalahalli,2,0.0,0.0
Bengaluru Dist,Avalahally PS,1.04422e+16,2018,1,1,Road Accidents,Other,Rural Areas,Open area,Not Applicable,No,Grievous Injury,Hit bicyclist,Not Applicable,Curve,Others,Not Applicable,Dry,Not Applicable,Others,Rampura,Rampura cross,10 Km,0.0,0.0
Bengaluru Dist,Avalahally PS,1.04422e+16,2018,1,2,Road Accidents,Other,Rural Areas,Open area,Not Applicable,No,Grievous Injury,Others,Not at  Junction,Others,One way,Bitumen(Tar),Dry,Not Applicable,Others,SH,Near Samruddi Chowltry,3km,0.0,0.0
Bengaluru Dist,Avalahally PS,1.04422e+16,2018,1,1,Not Applicable,Not Applicable,Not Applicable,Open area,Human Error,Not Applicable,Fatal,Others,Not Applicable,Not Applicable,Not Applicable,Not Applicable,Not Applicable,Not Applicable,Others,Katamnalluru land,land,2,0.0,0.0
Bengaluru Dist,Avalahally PS,1.04422e+16,2018,1,1,Road Accidents,Other,Not Applicable,Near or inside a village,Human Error,No,Fatal,Hit pedestrian,Not Applicable,Not Applicable,NH,Bitumen(Tar),Others,Not Applicable,Fine,Kolar Bengaluru NH75 road,Kolara to Bengaluru NH75 road,2.5,0.0,0.0
Bengaluru Dist,Avalahally PS,1.04422e+16,2018,1,1,Road Accidents,Other,City/Town,Open area,Human Error,No,Grievous Injury,Others,Not Applicable,Others,NH,Bitumen(Tar),Others,Not Applicable,Fine,Hosakote to KR Puram NH - 75 Service road,xx,1 km,0.0,0.0
Bengaluru Dist,Avalahally PS,1.04422e+16,2018,1,2,Road Accidents,Other,City/Town,Open area,Human Error,No,Simple Injury,Others,Not Applicable,Not Applicable,Others,Bitumen(Tar),Others,Not Applicable,Others,Avalahalli to Heerandahalli Road,2 km,xx,0.0,0.0
Bengaluru Dist,Avalahally PS,1.04422e+16,2018,1,2,Road Accidents,Other,Rural Areas,Near or inside a village,Human Error,No,Fatal,Others,Not Applicable,Others,State Highway,Bitumen(Tar),Dry,Not Applicable,Fine,Budigere cross To Devanahalli Road,Budigere cross To Devanahalli Road,7,0.0,0.0
Bengaluru Dist,Avalahally PS,1.04422e+16,2018,1,2,Road Accidents,Bridge,Rural Areas,Open area,Not Applicable,Yes,Grievous Injury,Others,Uncontrolled,Straight and flat,NH,Not Applicable,Dry,Not Applicable,Clear,NH 75Road,NH 75 Road,2K M t,0.0,0.0
Bengaluru Dist,Avalahally PS,1.04422e+16,2018,1,2,Road Accidents,Other,Rural Areas,Near a factory industrial area,Human Error,Yes,Fatal,Hit and Run,Not at  Junction,Others,Others,Bitumen(Tar),Dry,Not Applicable,Clear,Avalahalli Hirandahalli road,Avalahalli Hirandahalli road,2 Kms,0.0,0.0
Bengaluru Dist,Avalahally PS,1.04422e+16,2018,1,1,Road Accidents,Narrow road,Rural Areas,Open area,Not Applicable,No,Grievous Injury,Others,Not Applicable,Not Applicable,NH,Bitumen(Tar),Dry,Not Applicable,Fine,NH Service Road,NH 75 Service Road Infront of Nimbekayipura Lake Road Opposite,2 Kms,0.0,0.0
Bengaluru Dist,Avalahally PS,1.04422e+16,2018,1,1,Road Accidents,Not Applicable,Rural Areas,Open area,Not Applicable,No,Grievous Injury,Others,Not Applicable,Others,Others,Kutcha,Dry,Not Applicable,Clear,Budigere road,Jyothipura gate,10 Km,0.0,0.0
Bengaluru Dist,Avalahally PS,1.04422e+16,2018,1,1,Not Applicable,Other,Not Applicable,Near Bus stop,Not Applicable,Not Applicable,Simple Injury,Others,Not Applicable,Not Applicable,Others,Not Applicable,Others,Not Applicable,Others,Avalahalli Road,2 k m,2 k m,0.0,0.0