DISTRICTNAME,UNITNAME,Crime_No,Year,RI,Noofvehicle_involved,Accident_Classification,Accident_Spot,Accident_Location,Accident_SubLocation,Main_Cause,Hit_Run,Severity,Collision_Type,Junction_Control,Road_Character,Road_Type,Surface_Type,Surface_Condition,Road_Condition,Weather,Accident_Road,Landmark_first,Distance_LandMark_First,Latitude,Longitude
Bengaluru Dist,Avalahally PS,1.04422e+16,2020,1,1,Road Accidents,Road hump or Rumble strips,Rural Areas,Near office complex,Human Error,No,Fatal,Not Applicable,Not Applicable,Others,Minor District Road,Bitumen(Tar),Others,Not Applicable,Fine,BIDARAHALLI TO HIRANDAHALLI ROAD,BIDARAHALLI TO HIRANDAHALLI ROAD,5Km,13.045836,77.7609219
Bengaluru Dist,Avalahally PS,1.04422e+16,2020,1,2,Road Accidents,Not Applicable,Rural Areas,Near Bus stop,Human Error,No,Simple Injury,Vehicle to Vehicle,Not at  Junction,Straight and flat,Others,Bitumen(Tar),Dry,Not Applicable,Fine,"Bidarahalli -Avalahalli Road,Near uco Bank",uco bank,5 km,13.033723,77.700515
Bengaluru Dist,Avalahally PS,1.04422e+16,2020,1,1,Not Applicable,Curves,Rural Areas,Open area,Not Applicable,No,Simple Injury,Not Applicable,Not Applicable,Not Applicable,Not Applicable,Kutcha,Others,No influence on accident,Others,NH 75,Gate,1 Km,13.083132,77.733476
Bengaluru Dist,Avalahally PS,1.04422e+16,2020,1,1,Road Accidents,Not Applicable,City/Town,Near office complex,Human Error,No,Fatal,Hit pedestrian,Not Applicable,Not Applicable,NH,Bitumen(Tar),Others,Not Applicable,Fine,Kolara to Bengaluru NH75 road near Avalahalli infront of Toyota car showroom,Kolara to Bengaluru NH75 road near Avalahalli infront of Toyota car showroom,2 Kms,13.037326,77.738441
Bengaluru Dist,Avalahally PS,1.04422e+16,2020,1,1,Road Accidents,Narrow road,Rural Areas,Open area,Not Applicable,Not Applicable,Damage Only,Vehicle to Vehicle,Not at  Junction,Others,State Highway,Bitumen(Tar),Dry,Construction Work / Material,Others,SH Road,Graindwell,2 Km,13.062388,77.740615
Bengaluru Dist,Avalahally PS,1.04422e+16,2020,1,2,Road Accidents,Not Applicable,Rural Areas,Open area,Not Applicable,No,Damage Only,Not Applicable,Not at  Junction,Others,NH,Bitumen(Tar),Others,Not Applicable,Fine,NH75,Budigere Over Bridj,1 km,13.047141,77.752026
Bengaluru Dist,Avalahally PS,1.04422e+16,2020,1,2,Road Accidents,Not Applicable,Rural Areas,Open area,Not Applicable,No,Grievous Injury,Vehicle to Vehicle,Not at  Junction,Others,Service Road,Bitumen(Tar),Dry,Not Applicable,Fine,NH75,2KM,2KM,13.032305,77.730645
Bengaluru Dist,Avalahally PS,1.04422e+16,2020,1,1,Road Accidents,Narrow road,Rural Areas,Narrow bridge or culverts,Not Applicable,Yes,Fatal,Not Applicable,Uncontrolled,Not Applicable,Two way,Bitumen(Tar),Dry,Not Applicable,Clear,Bidrahalli towards Kithaganoor road Lake bridge,Bidrahalli towards Kithaganoor road Lake bridge,7 km,13.045894,77.712195
Bengaluru Dist,Avalahally PS,1.04422e+16,2020,1,2,Road Accidents,Narrow road,Rural Areas,Near Bus stop,Not Applicable,Yes,Fatal,Vehicle to Vehicle,Uncontrolled,Others,Two way,Bitumen(Tar),Dry,Not Applicable,Clear,Rampur Avalahalli road,Near Rampura village,10 km,13.052644,77.696976
Bengaluru Dist,Avalahally PS,1.04422e+16,2020,1,1,Road Accidents,Narrow road,Rural Areas,Near Bus stop,Human Error,Yes,Grievous Injury,Hit pedestrian,Not Applicable,Not Applicable,Others,Kutcha,Others,Not Applicable,Others,CHEEMASANDRA,1,2 K M,13.048468,77.741101
Bengaluru Dist,Avalahally PS,1.04422e+16,2020,1,2,Road Accidents,Narrow road,City/Town,Near Bus stop,Human Error,No,Grievous Injury,Vehicle to Vehicle,Not Applicable,Others,NH,Kutcha,Dry,Not Applicable,Very Hot,Avalahalli sarvice road,1,1,13.029887,77.726743
Bengaluru Dist,Avalahally PS,1.04422e+16,2020,1,1,Road Accidents,Not Applicable,Rural Areas,Open area,Not Applicable,No,Fatal,Hit pedestrian,Not at  Junction,Others,Others,Bitumen(Tar),Dry,Not Applicable,Fine,Other Road,LBS SCHOOL,15KM,13.052696,77.698522
Bengaluru Dist,Avalahally PS,1.04422e+16,2020,1,2,Road Accidents,Not Applicable,Rural Areas,Narrow bridge or culverts,Not Applicable,No,Simple Injury,Vehicle to Vehicle,Uncontrolled,Straight and flat,NH,Bitumen(Tar),Dry,Not Applicable,Clear,NH 75,1km towards west,1,13.051819,77.758594
Bengaluru Dist,Avalahally PS,1.04422e+16,2020,1,2,Road Accidents,Not Applicable,Rural Areas,Open area,Not Applicable,No,Damage Only,Not Applicable,Not at  Junction,Others,Others,Bitumen(Tar),Dry,Not Applicable,Fine,Other Road,Near Iswarya Dhaba,1 km,13.057671,77.756242
Bengaluru Dist,Avalahally PS,1.04422e+16,2020,1,1,Road Accidents,Not Applicable,Rural Areas,Open area,Not Applicable,No,Damage Only,Vehicle to Vehicle,Not at  Junction,Others,Others,Bitumen(Tar),Dry,Not Applicable,Fine,Other Road,Near Karnataka treders Srinivasanagara,8 km,13.039309,77.692927
Bengaluru Dist,Avalahally PS,1.04422e+16,2020,1,2,Road Accidents,Narrow road,Rural Areas,Near School or College,Human Error,No,Fatal,Vehicle to Vehicle,Not Applicable,Others,Others,Bitumen(Tar),Others,Not Applicable,Others,Avalahalli Bidarahalli road near Hirandahalli,Avalahalli Bidarahalli road near Hirandahalli,4 kms,13.053418,77.7186289
Bengaluru Dist,Avalahally PS,1.04422e+16,2020,1,2,Road Accidents,Not Applicable,Rural Areas,Near Bus stop,Not Applicable,No,Damage Only,Vehicle to Vehicle,Uncontrolled,Others,NH,Concrete,Dry,Not Applicable,Clear,NH-75,NH 75,5 K M,13.031427,77.729467
Bengaluru Dist,Avalahally PS,1.04422e+16,2020,1,2,Road Accidents,Cross roads,Rural Areas,Open area,Vehicle Defect,No,Fatal,Vehicle to Vehicle,Not Applicable,Others,NH,Not Applicable,Others,Not Applicable,Clear,NH 75,1,20,13.055765,77.766159
Bengaluru Dist,Avalahally PS,1.04422e+16,2020,1,2,Road Accidents,Not Applicable,Rural Areas,Open area,Not Applicable,No,Simple Injury,Hit bicyclist,Not at  Junction,Others,NH,Bitumen(Tar),Dry,Not Applicable,Fine,NH75,Near Budigere Cross,1 km,13.036704,77.737289
Bengaluru Dist,Avalahally PS,1.04422e+16,2020,1,1,Road Accidents,Not Applicable,Rural Areas,Open area,Not Applicable,No,Fatal,Not Applicable,Not Applicable,Others,Others,Not Applicable,Dry,Not Applicable,Clear,kurudusonnenhalli,1,20,13.011543,77.73881
Bengaluru Dist,Avalahally PS,1.04422e+16,2020,1,1,Road Accidents,Narrow road,Rural Areas,Residential area,Human Error,No,Grievous Injury,Vehicle to Vehicle,Not at  Junction,Straight and flat,Two way,Bitumen(Tar),Dry,No influence on accident,Fine,Bidarahalli- Avalahalli Road,Hirandahalli maya store,3 KmS,13.082287,77.7380839
Bengaluru Dist,Avalahally PS,1.04422e+16,2020,1,2,Road Accidents,Not Applicable,Rural Areas,Open area,Not Applicable,No,Grievous Injury,Not Applicable,Not at  Junction,Others,NH,Bitumen(Tar),Dry,Not Applicable,Fine,NH75,Thalampalli indstrial,3km,13.04102,77.69387
Bengaluru Dist,Avalahally PS,1.04422e+16,2020,1,2,Road Accidents,Not Applicable,City/Town,Open area,Vehicle Defect,No,Fatal,Vehicle to Vehicle,Not Applicable,Others,NH,Not Applicable,Others,Not Applicable,Clear,NH 75,curent pole,50,13.037856,77.713126
Bengaluru Dist,Avalahally PS,1.04422e+16,2020,1,1,Road Accidents,Not Applicable,Rural Areas,Near Petrol Pump,Not Applicable,No,Grievous Injury,Not Applicable,Not at  Junction,Others,Others,Bitumen(Tar),Dry,Construction Work / Material,Fine,Other Road,Near Thirumenahalli Bp Petrol bunk,6 km,13.056679,77.734722
Bengaluru Dist,Avalahally PS,1.04422e+16,2020,1,2,Road Accidents,Junction,Rural Areas,Open area,Not Applicable,No,Grievous Injury,Vehicle to Vehicle,Police / Manual,Hump,NH,Bitumen(Tar),Dry,Not Applicable,Fine,NH75,Near Katamnalluru Cross,3km,13.082883,77.686803
Bengaluru Dist,Avalahally PS,1.04422e+16,2020,1,2,Road Accidents,Narrow road,Rural Areas,Near Bus stop,Human Error,No,Grievous Injury,Vehicle to Vehicle,Not at  Junction,Others,Two way,Bitumen(Tar),Dry,Not Applicable,Fine,Devanahalli road,111,5 KmS,13.091877,77.741657
Bengaluru Dist,Avalahally PS,1.04422e+16,2020,1,2,Road Accidents,Narrow road,City/Town,Near Bus stop,Human Error,No,Simple Injury,Vehicle to Vehicle,Not Applicable,Others,NH,Kutcha,Others,Not Applicable,Not Applicable,NH 75 road,1,3 k m,13.053473,77.761724
Bengaluru Dist,Avalahally PS,1.04422e+16,2020,1,1,Not Applicable,Narrow road,Rural Areas,Open area,Not Applicable,Not Applicable,Grievous Injury,Vehicle to Vehicle,Not Applicable,Not Applicable,NH,Kutcha,Others,Not Applicable,Clear,NH 75 road,Near Bandapura gate,0.5,13.044815,77.738608
Bengaluru Dist,Avalahally PS,1.04422e+16,2020,1,2,Road Accidents,Not Applicable,Rural Areas,Near Bus stop,Not Applicable,Not Applicable,Grievous Injury,Not Applicable,Not Applicable,Not Applicable,NH,Kutcha,Others,Not Applicable,Others,KATAMNALLURU,1,1,13.045409,77.760642
Bengaluru Dist,Avalahally PS,1.04422e+16,2020,1,1,Road Accidents,Not Applicable,City/Town,Open area,Not Applicable,No,Fatal,Not Applicable,Not Applicable,Others,Two way,Bitumen(Tar),Others,Not Applicable,Others,Maragondanahalli  Road,Near Diamand college,10 kms,13.035364,77.698451
Bengaluru Dist,Avalahally PS,1.04422e+16,2020,1,2,Road Accidents,Narrow road,City/Town,Open area,Human Error,No,Simple Injury,Vehicle to Vehicle,Stop sign,Straight and flat,Service Road,Bitumen(Tar),Dry,Not Applicable,Fine,service road,service road,3 km,13.0316,77.72978
Bengaluru Dist,Avalahally PS,1.04422e+16,2020,1,3,Road Accidents,Not Applicable,Rural Areas,Open area,Not Applicable,No,Damage Only,Vehicle to Vehicle,Not at  Junction,Others,NH,Bitumen(Tar),Dry,Not Applicable,Fine,NH75,Near Elemallappa Shetty kere,3km,13.031512,77.729413
Bengaluru Dist,Avalahally PS,1.04422e+16,2020,1,2,Road Accidents,Road hump or Rumble strips,City/Town,Open area,Not Applicable,No,Damage Only,Vehicle to Vehicle,Not at  Junction,Straight and flat,NH,Bitumen(Tar),Dry,Not Applicable,Clear,NH 75,Husukuru gate,3km 13,13.053475,77.761695
Bengaluru Dist,Avalahally PS,1.04422e+16,2020,1,2,Road Accidents,Not Applicable,Rural Areas,Open area,Not Applicable,No,Damage Only,Vehicle to Vehicle,Not at  Junction,Others,State Highway,Bitumen(Tar),Dry,Not Applicable,Fine,State Highway,Near Ioc Petrol Bunk,4 Km,13.062325,77.7161559
Bengaluru Dist,Avalahally PS,1.04422e+16,2020,1,2,Road Accidents,Narrow road,Rural Areas,Near Bus stop,Human Error,Not Applicable,Simple Injury,Vehicle to Vehicle,Controlled,Others,Others,Not Applicable,Others,Not Applicable,Very Hot,Katamnalluru Geat,1,5,13.05309,77.755861
Bengaluru Dist,Avalahally PS,1.04422e+16,2020,1,1,Road Accidents,Narrow road,Rural Areas,Open area,Not Applicable,No,Not Applicable,Hit pedestrian,Not Applicable,Not Applicable,One way,Bitumen(Tar),Dry,Not Applicable,Clear,Bommenahalli Gate,Budigerecross,4km,13.063353,77.73968
Bengaluru Dist,Avalahally PS,1.04422e+16,2020,1,2,Road Accidents,Narrow road,Rural Areas,Narrow bridge or culverts,Human Error,No,Simple Injury,Vehicle to Vehicle,Not at  Junction,Others,Others,Kutcha,Dry,Not Applicable,Others,NH 75,2,11,13.050674,77.757069
Bengaluru Dist,Avalahally PS,1.04422e+16,2020,1,1,Road Accidents,Not Applicable,City/Town,Near Bus stop,Human Error,No,Fatal,Hit pedestrian,Not at  Junction,Others,NH,Bitumen(Tar),Others,Not Applicable,Others,Bengaluru Kolar NH75 road Near Nimbekayipura gate opp Checkpost,Bengaluru Kolar NH75 road Near Nimbekayipura gate opp Checkpost,2 Kms,13.045633,77.75323
Bengaluru Dist,Avalahally PS,1.04422e+16,2020,1,2,Road Accidents,Narrow road,City/Town,Near Bus stop,Not Applicable,No,Simple Injury,Vehicle to Vehicle,Uncontrolled,Slight Curve,NH,Bitumen(Tar),Dry,Not Applicable,Clear,NH 75 road,towards west,1 km,13.084049,77.688989
Bengaluru Dist,Avalahally PS,1.04422e+16,2020,1,1,Road Accidents,Narrow road,Rural Areas,Residential area,Human Error,Yes,Grievous Injury,Hit pedestrian,No signal lights,Others,Others,Kutcha,Others,Not Applicable,Fine,1,1,1,13.052282,77.694765
Bengaluru Dist,Avalahally PS,1.04422e+16,2020,1,2,Not Applicable,Narrow road,City/Town,Near Bus stop,Human Error,Yes,Grievous Injury,Vehicle to Vehicle,Not at  Junction,Others,NH,Not Applicable,Others,Not Applicable,Others,NH 75,1,1,13.046476,77.750132
Bengaluru Dist,Avalahally PS,1.04422e+16,2020,1,1,Road Accidents,Not Applicable,Rural Areas,Open area,Not Applicable,No,Grievous Injury,Not Applicable,Not Applicable,Not Applicable,Others,Kutcha,Others,No influence on accident,Others,Tar road,Gunduru circle,8 Km,13.086619,77.715088
Bengaluru Dist,Avalahally PS,1.04422e+16,2020,1,1,Road Accidents,Not Applicable,City/Town,Open area,Not Applicable,No,Fatal,Not Applicable,Not Applicable,Others,Two way,Bitumen(Tar),Dry,Not Applicable,Others,Budigere Cross Near,Farmasutical Ltd,1 km,13.046117,77.750342
Bengaluru Dist,Avalahally PS,1.04422e+16,2020,1,2,Road Accidents,Not Applicable,Rural Areas,Near office complex,Human Error,No,Simple Injury,Vehicle to Vehicle,No signal lights,Straight and flat,NH,Bitumen(Tar),Dry,Not Applicable,Fine,"Bangalore Kolar NH - 75 road, Near katamnalurur cross",Near Katamnaluru cross,2 Km,13.053216,77.755901
Bengaluru Dist,Avalahally PS,1.04422e+16,2020,1,1,Not Applicable,Narrow road,Rural Areas,Open area,Not Applicable,No,Grievous Injury,Not Applicable,Not Applicable,Others,Others,Kutcha,Dry,Not Applicable,Fine,Adur,Land,7 Km,13.077626,77.694479
Bengaluru Dist,Avalahally PS,1.04422e+16,2020,1,2,Road Accidents,Not Applicable,Rural Areas,Open area,Not Applicable,No,Grievous Injury,Vehicle to Vehicle,Not at  Junction,Others,NH,Bitumen(Tar),Dry,Not Applicable,Fine,NH75,Near Iswarya Dhaba,2KM,13.032619,77.714863
Bengaluru Dist,Avalahally PS,1.04422e+16,2020,1,2,Rail Road Accidents,Narrow road,City/Town,Narrow bridge or culverts,Human Error,No,Simple Injury,Vehicle to Vehicle,Not at  Junction,Others,NH,Kutcha,Dry,No influence on accident,Not Applicable,NH 75 road,1,1,13.062094,77.716129
Bengaluru Dist,Avalahally PS,1.04422e+16,2020,1,2,Road Accidents,Not Applicable,City/Town,Narrow bridge or culverts,Human Error,No,Fatal,Vehicle to Vehicle,Not Applicable,Others,NH,Bitumen(Tar),Others,Not Applicable,Others,Kolara to Bengaluru NH75 road near Katamnallurua flyover towards Bengaluru,Kolara to Bengaluru NH75 road near Katamnallurua flyover towards Bengaluru,2 Kms,13.051768,77.75895
Bengaluru Dist,Avalahally PS,1.04422e+16,2020,1,2,Not Applicable,Narrow road,Rural Areas,Open area,Not Applicable,No,Fatal,Not Applicable,Not at  Junction,Others,Others,Kutcha,Dry,No influence on accident,Fine,open,Near Brigade apartment,200 me,13.046645,77.7505129
Bengaluru Dist,Avalahally PS,1.04422e+16,2020,1,2,Road Accidents,Narrow road,City/Town,Open area,Not Applicable,No,Damage Only,Vehicle to Vehicle,Uncontrolled,Sharp Curve,NH,Bitumen(Tar),Dry,Not Applicable,Cloudy,Nh,Nh,3 km,13.046697,77.760473
Bengaluru Dist,Avalahally PS,1.04422e+16,2020,1,1,Road Accidents,Not Applicable,Rural Areas,Open area,Not Applicable,No,Grievous Injury,Not Applicable,Not at  Junction,Others,Others,Bitumen(Tar),Dry,Not Applicable,Fine,22,Near Bandapura,1 km,13.048133,77.749637
Bengaluru Dist,Avalahally PS,1.04422e+16,2020,1,2,Road Accidents,Narrow road,Rural Areas,Open area,Not Applicable,No,Simple Injury,Vehicle to Vehicle,Uncontrolled,Straight and flat,State Highway,Bitumen(Tar),Dry,Not Applicable,Fine,State  way,Near petrol bonk,5km,13.055841,77.745148
Bengaluru Dist,Avalahally PS,1.04422e+16,2020,1,2,Road Accidents,Not Applicable,Rural Areas,Open area,Vehicle Defect,No,Fatal,Vehicle to Vehicle,Uncontrolled,Not Applicable,Others,Not Applicable,Others,Not Applicable,Clear,Gorvaigere road,curent pole,1,13.048693,77.759667
Bengaluru Dist,Avalahally PS,1.04422e+16,2020,1,2,Road Accidents,Not Applicable,Rural Areas,Open area,Human Error,No,Simple Injury,Vehicle to Vehicle,Not at  Junction,Straight and flat,Service Road,Bitumen(Tar),Dry,Not Applicable,Fine,"Bangalore Kolar NH - 75 road, Near  Husukuru kodi",Husukuru gate,5 km,13.055955,77.766653
Bengaluru Dist,Avalahally PS,1.04422e+16,2020,1,1,Road Accidents,Not Applicable,Rural Areas,Near Bus stop,Human Error,No,Fatal,Hit pedestrian,Not Applicable,Others,Others,Bitumen(Tar),Others,Not Applicable,Fine,Baiyappanahalli to Bidarahalli road near Bidarahalli bus stop,Baiyappanahalli to Bidarahalli road near Bidarahalli bus stop,7 km,13.072322,77.720641
Bengaluru Dist,Avalahally PS,1.04422e+16,2020,1,1,Not Applicable,Cross roads,Rural Areas,Open area,Not Applicable,No,Grievous Injury,Vehicle to Vehicle,Not Applicable,Others,NH,Kutcha,Others,Not Applicable,Fine,NH 75,Cheemasandra gate,1 Km,13.039257,77.740365
Bengaluru Dist,Avalahally PS,1.04422e+16,2020,1,2,Road Accidents,Narrow road,Rural Areas,Residential area,Human Error,No,Grievous Injury,Vehicle to Vehicle,Not Applicable,Others,Others,Kutcha,Dry,Not Applicable,Others,Rampur Bilishivale rood,1,1,13.051722,77.68849
Bengaluru Dist,Avalahally PS,1.04422e+16,2020,1,2,Road Accidents,Narrow road,Rural Areas,Near Hospital,Not Applicable,No,Simple Injury,Vehicle to Vehicle,Uncontrolled,Straight and flat,Service Road,Bitumen(Tar),Dry,Not Applicable,Clear,Avalahalli service road Near Govt Hospital,Avalahalli service road Near Govt Hospital,3 k m,13.046858,77.7516749
Bengaluru Dist,Avalahally PS,1.04422e+16,2020,1,2,Road Accidents,Not Applicable,Rural Areas,Open area,Not Applicable,No,Simple Injury,Vehicle to Vehicle,Not at  Junction,Others,NH,Bitumen(Tar),Dry,Not Applicable,Fine,NH75,Near Bandapura Gate,1 km,13.043183,77.743729
Bengaluru Dist,Avalahally PS,1.04422e+16,2020,1,2,Road Accidents,Narrow road,City/Town,Near School or College,Not Applicable,No,Damage Only,Vehicle to Vehicle,Controlled,Straight and flat,NH,Bitumen(Tar),Others,Not Applicable,Clear,NH75,NH,2km,13.032608,77.737948
Bengaluru Dist,Avalahally PS,1.04422e+16,2020,1,2,Road Accidents,Not Applicable,Rural Areas,Near or inside a village,Human Error,No,Fatal,Vehicle to Vehicle,Not Applicable,Others,Service Road,Bitumen(Tar),Dry,Not Applicable,Fine,NH75 Service road Avalahalli to Medahalli village,Service road Avalahalli to Medahalli village,2 Kms,13.060326,77.7048169
Bengaluru Dist,Avalahally PS,1.04422e+16,2020,1,2,Road Accidents,Not Applicable,Rural Areas,Open area,Not Applicable,No,Grievous Injury,Not Applicable,Not Applicable,Others,NH,Not Applicable,Dry,Not Applicable,Fine,NH75,FLY OVER,1 km,13.050531,77.7364839
Bengaluru Dist,Avalahally PS,1.04422e+16,2020,1,2,Not Applicable,Narrow road,Rural Areas,Near or inside a village,Human Error,No,Grievous Injury,Vehicle to Vehicle,Uncontrolled,Straight and flat,Mixed,Bitumen(Tar),Dry,Not Applicable,Fine,Bidarhalli to Avalahalli road near M-kitchen in front of hotel,Near Bidarahalli village,5 km,13.037007,77.735248
Bengaluru Dist,Avalahally PS,1.04422e+16,2020,1,2,Road Accidents,Not Applicable,Rural Areas,Open area,Not Applicable,No,Grievous Injury,Vehicle to Vehicle,Not at  Junction,Others,Others,Bitumen(Tar),Dry,Not Applicable,Fine,Other Road,Near Sri Ram Praparty Road,5 KM,13.070083,77.744936
Bengaluru Dist,Avalahally PS,1.04422e+16,2020,1,2,Road Accidents,Cross roads,City/Town,Open area,Human Error,No,Grievous Injury,Vehicle to Vehicle,Uncontrolled,Straight and flat,NH,Concrete,Dry,Not Applicable,Clear,"Bangalore Kolar NH - 75 road,",1km towards west,3 kms,13.051757,77.758468
Bengaluru Dist,Avalahally PS,1.04422e+16,2020,1,2,Road Accidents,Not Applicable,Rural Areas,Open area,Not Applicable,No,Grievous Injury,Vehicle to Vehicle,Not at  Junction,Others,NH,Bitumen(Tar),Dry,Not Applicable,Fine,NH75,Huskuru Kodi,4 Km,13.055966,77.767142
Bengaluru Dist,Avalahally PS,1.04422e+16,2021,1,2,Road Accidents,Not Applicable,Rural Areas,Open area,Not Applicable,No,Grievous Injury,Vehicle to Vehicle,Not at  Junction,Others,NH,Bitumen(Tar),Dry,Not Applicable,Fine,NH75,Near Elemallappa Shetty kere,4 Km,13.014578,77.730553
Bengaluru Dist,Avalahally PS,1.04422e+16,2021,1,2,Road Accidents,Not Applicable,Rural Areas,Open area,Not Applicable,No,Damage Only,Vehicle to Vehicle,Not at  Junction,Others,NH,Bitumen(Tar),Dry,Not Applicable,Fine,NH75,Near Toyoto Show Room,1 km,13.035994,77.736342
Bengaluru Dist,Avalahally PS,1.04422e+16,2021,1,1,Road Accidents,Narrow road,Rural Areas,Near a factory industrial area,Human Error,No,Fatal,Vehicle to Vehicle,Uncontrolled,Straight and flat,Service Road,Bitumen(Tar),Dry,No influence on accident,Clear,Medahalli vilalge to Avalahalli service road,Medahalli vilalge to Avalahalli service road,5 k m,13.032984,77.732501
Bengaluru Dist,Avalahally PS,1.04422e+16,2021,1,2,Road Accidents,Narrow road,Rural Areas,Near Bus stop,Human Error,No,Simple Injury,Vehicle to Vehicle,Not at  Junction,Others,NH,Bitumen(Tar),Dry,Not Applicable,Others,NH 75,1,1,13.038934,77.740314
Bengaluru Dist,Avalahally PS,1.04422e+16,2021,1,2,Road Accidents,Not Applicable,Rural Areas,Open area,Vehicle Defect,No,Damage Only,Vehicle to Vehicle,Uncontrolled,Others,NH,Not Applicable,Others,Not Applicable,Clear,budigere,curent pole,20,13.047343,77.751729
Bengaluru Dist,Avalahally PS,1.04422e+16,2021,1,1,Road Accidents,Narrow road,Rural Areas,Near or inside a village,Human Error,No,Simple Injury,Hit pedestrian,Uncontrolled,Straight and flat,One way,Bitumen(Tar),Dry,Not Applicable,Fine,Rampura-Adaur Road,Near Aduru Village,10 Km,13.044133,77.752168
Bengaluru Dist,Avalahally PS,1.04422e+16,2021,1,1,Road Accidents,Not Applicable,Rural Areas,In bazaar,Human Error,Yes,Simple Injury,Hit pedestrian,Not Applicable,Others,Others,Bitumen(Tar),Dry,Not Applicable,Clear,Hirandahalli-Bidarahalli Road,Gopalappa Shed,3km,13.037768,77.712513
Bengaluru Dist,Avalahally PS,1.04422e+16,2021,1,1,Road Accidents,Not Applicable,Rural Areas,Open area,Not Applicable,Yes,Fatal,Not Applicable,Uncontrolled,Straight and flat,NH,Bitumen(Tar),Dry,Not Applicable,Clear,Budigere cross Flyover bridge,Budigere cross Flyover bridge,2 km,13.047,77.750264
Bengaluru Dist,Avalahally PS,1.04422e+16,2021,1,2,Road Accidents,Narrow road,Rural Areas,Open area,Vehicle Defect,No,Grievous Injury,Vehicle to Vehicle,Uncontrolled,Not Applicable,NH,Not Applicable,Others,Not Applicable,Others,NH 75,curent pole,30,13.057358,77.768411
Bengaluru Dist,Avalahally PS,1.04422e+16,2021,1,1,Road Accidents,Circle,City/Town,Near Bus stop,Vehicle Defect,Yes,Fatal,Not Applicable,Uncontrolled,Others,NH,Not Applicable,Others,Not Applicable,Clear,Hosakote \Road,curent pole,20,13.049532,77.754821
Bengaluru Dist,Avalahally PS,1.04422e+16,2021,1,2,Road Accidents,Curves,City/Town,Near office complex,Human Error,No,Simple Injury,Vehicle to Vehicle,Uncontrolled,Straight and flat,NH,Bitumen(Tar),Dry,Not Applicable,Fine,"Bangalore-Kolar NH 75 Road ,Katamanalluru Cross",John deer Tractor Showroom,05 km,13.049001,77.755032
Bengaluru Dist,Avalahally PS,1.04422e+16,2021,1,1,Road Accidents,Not Applicable,City/Town,Open area,Vehicle Defect,No,Damage Only,Vehicle to Vehicle,Uncontrolled,Others,Others,Not Applicable,Others,Not Applicable,Clear,Chimasandra road,0,20,13.053719,77.746943
Bengaluru Dist,Avalahally PS,1.04422e+16,2021,1,2,Road Accidents,Narrow road,City/Town,Open area,Not Applicable,No,Simple Injury,Vehicle to Vehicle,Not Applicable,Others,Two way,Bitumen(Tar),Dry,Not Applicable,Clear,Bengaluru-Kolar Road,Bandapura  gate,1 kms,13.039234,77.740169
Bengaluru Dist,Avalahally PS,1.04422e+16,2021,1,2,Road Accidents,Narrow road,Rural Areas,Narrow bridge or culverts,Not Applicable,No,Fatal,Vehicle to Vehicle,Uncontrolled,Straight and flat,NH,Bitumen(Tar),Dry,Not Applicable,Clear,Budigere cross Flyover bridge,Budiger cross Flyover bridge,3 km,13.047211,77.752124
Bengaluru Dist,Avalahally PS,1.04422e+16,2021,1,2,Rail Road Accidents,Not Applicable,City/Town,Open area,Vehicle Defect,No,Grievous Injury,Not Applicable,Uncontrolled,Others,Others,Not Applicable,Dry,Not Applicable,Clear,Avalahalli service Road,cu,20,0.0,0.0
Bengaluru Dist,Avalahally PS,1.04422e+16,2021,1,2,Road Accidents,Offset,Rural Areas,Open area,Vehicle Defect,No,Fatal,Vehicle to Vehicle,Uncontrolled,Others,Others,Not Applicable,Others,Not Applicable,Clear,Bidarahalli Baippanahalli village road,curent pole,50,13.061815,77.715709
Bengaluru Dist,Avalahally PS,1.04422e+16,2021,1,2,Not Applicable,Not Applicable,City/Town,Residential area,Human Error,No,Simple Injury,Vehicle to Vehicle,Uncontrolled,Straight and flat,NH,Bitumen(Tar),Dry,Not Applicable,Clear,Avalahall Flyover brdige enterence,Avalahall Flyover brdige enterence,3 km,13.036832,77.737582
Bengaluru Dist,Avalahally PS,1.04422e+16,2021,1,1,Road Accidents,Not Applicable,City/Town,Open area,Vehicle Defect,No,Fatal,Vehicle to Vehicle,Uncontrolled,Others,Others,Not Applicable,Others,Not Applicable,Clear,Avalahalli rampura,curent pole,25,13.035215,77.688843
Bengaluru Dist,Avalahally PS,1.04422e+16,2021,1,1,Road Accidents,Narrow road,City/Town,Open area,Not Applicable,No,Fatal,Not Applicable,Uncontrolled,Others,Others,Not Applicable,Others,Not Applicable,Clear,Avalahalli -BIdarahalli,curent pole,20,13.046962,77.723055
Bengaluru Dist,Avalahally PS,1.04422e+16,2021,1,1,Not Applicable,Narrow road,Rural Areas,Open area,Not Applicable,No,Fatal,Not Applicable,Uncontrolled,Straight and flat,NH,Bitumen(Tar),Dry,Not Applicable,Clear,Bandapura gate,Bandapura  gate,3 km,13.039771,77.741797