DISTRICTNAME,UNITNAME,Crime_No,Year,RI,Noofvehicle_involved,Accident_Classification,Accident_Spot,Accident_Location,Accident_SubLocation,Main_Cause,Hit_Run,Severity,Collision_Type,Junction_Control,Road_Character,Road_Type,Surface_Type,Surface_Condition,Road_Condition,Weather,Accident_Road,Landmark_first,Distance_LandMark_First,Latitude,Longitude
Bengaluru Dist,Avalahally PS,1.04422e+16,2021,1,2,Road Accidents,Not Applicable,Rural Areas,Open area,Not Applicable,No,Grievous Injury,Vehicle to Vehicle,Not at  Junction,Others,Others,Bitumen(Tar),Dry,Not Applicable,Fine,Other Road,4Km,4 Km,13.061367,77.743973
Bengaluru Dist,Avalahally PS,1.04422e+16,2021,1,2,Road Accidents,Narrow road,Rural Areas,Near Bus stop,Not Applicable,No,Fatal,Vehicle to Vehicle,Uncontrolled,Straight and flat,NH,Bitumen(Tar),Dry,Not Applicable,Clear,Medrich Factory,Medrich Factory,2 km,13.047332,77.75184
Bengaluru Dist,Avalahally PS,1.04422e+16,2021,1,2,Road Accidents,Narrow road,Rural Areas,Open area,Human Error,No,Simple Injury,Vehicle to Vehicle,Not at  Junction,Straight and flat,NH,Bitumen(Tar),Dry,No influence on accident,Fine,NH 75,KATAMNALLUR CROSS,3 KM,13.04695,77.752149
Bengaluru Dist,Avalahally PS,1.04422e+16,2021,1,2,Road Accidents,Not Applicable,Rural Areas,Open area,Vehicle Defect,No,Grievous Injury,Vehicle to Vehicle,Uncontrolled,Others,Others,Not Applicable,Dry,Not Applicable,Clear,ANAGALAPURA VILLAGE ROAD,curent pole,20,0.0,0.0
Bengaluru Dist,Avalahally PS,1.04422e+16,2021,1,1,Road Accidents,Not Applicable,Rural Areas,Open area,Vehicle Defect,Yes,Grievous Injury,Hit pedestrian,Uncontrolled,Others,Others,Not Applicable,Others,Not Applicable,Clear,Avalahalli -nh 75,curent pole,0,0.0,0.0
Bengaluru Dist,Avalahally PS,1.04422e+16,2021,1,2,Not Applicable,Narrow road,Rural Areas,Near School or College,Not Applicable,No,Simple Injury,Vehicle to Vehicle,Stop Sign,Curve and Incline,Two way,Bitumen(Tar),Dry,Not Applicable,Clear,Near East point college,Near East point college,6 km,13.06161,77.7164939
Bengaluru Dist,Avalahally PS,1.04422e+16,2021,1,1,Road Accidents,Not Applicable,Rural Areas,Near Bus stop,Not Applicable,No,Simple Injury,Not Applicable,Not at  Junction,Others,NH,Bitumen(Tar),Dry,Not Applicable,Fine,NH75,Near Katamnalluru Cross,2KM,13.049352,77.755033
Bengaluru Dist,Avalahally PS,1.04422e+16,2021,1,2,Road Accidents,Not Applicable,Rural Areas,Open area,Not Applicable,No,Simple Injury,Vehicle to Vehicle,Uncontrolled,Straight and flat,Two way,Bitumen(Tar),Dry,Not Applicable,Clear,Near VRKP Steel company,Near VRKP steel company,5 km,13.074722,77.737467
Bengaluru Dist,Avalahally PS,1.04422e+16,2021,1,2,Not Applicable,Narrow road,City/Town,Near Bus stop,Not Applicable,No,Fatal,Vehicle to Vehicle,Uncontrolled,Not Applicable,State Highway,Bitumen(Tar),Dry,Not Applicable,Clear,Kadugodi towards katamnallru cross,Kadugodi towards katamanalluru cross,5 km,13.04563,77.761097
Bengaluru Dist,Avalahally PS,1.04422e+16,2021,1,2,Road Accidents,Not Applicable,Rural Areas,Near Bus stop,Human Error,Yes,Simple Injury,Vehicle to Vehicle,Uncontrolled,Straight and flat,Two way,Bitumen(Tar),Dry,Not Applicable,Clear,Bidrahalli to Hirandanahalli road,Krishnsa Naik layout cross,6 km,13.047111,77.722982
Bengaluru Dist,Avalahally PS,1.04422e+16,2021,1,2,Road Accidents,Narrow road,Rural Areas,Near Bus stop,Human Error,No,Grievous Injury,Vehicle to Vehicle,Uncontrolled,Straight and flat,NH,Bitumen(Tar),Dry,Not Applicable,Clear,NH 75,Near BPL Factory,2 km,13.037783,77.7388789
Bengaluru Dist,Avalahally PS,1.04422e+16,2021,1,2,Road Accidents,Not Applicable,Rural Areas,Open area,Not Applicable,No,Fatal,Vehicle to Vehicle,Not Applicable,Others,Two way,Bitumen(Tar),Dry,Not Applicable,Clear,Hosakote Road,Bharath Petrol bunk,3 kms,0.0,0.0
Bengaluru Dist,Avalahally PS,1.04422e+16,2021,1,2,Road Accidents,Not Applicable,City/Town,Open area,Not Applicable,No,Fatal,Vehicle to Vehicle,Not Applicable,Others,Two way,Bitumen(Tar),Dry,Not Applicable,Others,"Budigere Cross, Fly  over  Bridge",Budigere cross,2 kms,0.0,0.0
Bengaluru Dist,Avalahally PS,1.04422e+16,2021,1,2,Road Accidents,Narrow road,Rural Areas,Open area,Vehicle Defect,Yes,Fatal,Vehicle to Vehicle,Not Applicable,Others,NH,Not Applicable,Others,Not Applicable,Clear,NH 75 Medric company,curent pole,20,0.0,0.0
Bengaluru Dist,Avalahally PS,1.04422e+16,2021,1,2,Road Accidents,Narrow road,Rural Areas,Near Bus stop,Human Error,No,Grievous Injury,Vehicle to Vehicle,Not Applicable,Others,NH,Not Applicable,Others,Not Applicable,Others,CHEEMASANDRA GATE,1,2 KM,13.040233,77.694571
Bengaluru Dist,Avalahally PS,1.04422e+16,2021,1,2,Road Accidents,Not Applicable,Rural Areas,Open area,Not Applicable,No,Grievous Injury,Not Applicable,Not at  Junction,Others,State Highway,Bitumen(Tar),Dry,Not Applicable,Fine,State Highway,Manduru,6 km,13.086412,77.739743
Bengaluru Dist,Avalahally PS,1.04422e+16,2021,1,2,Road Accidents,Narrow road,City/Town,Narrow bridge or culverts,Human Error,No,Grievous Injury,Vehicle to Vehicle,Not Applicable,Others,NH,Bitumen(Tar),Dry,Not Applicable,Others,NH 75,MEDAHALLI DARGA,3 KM,13.029631,77.727338
Bengaluru Dist,Avalahally PS,1.04422e+16,2021,1,1,Road Accidents,Not Applicable,Rural Areas,Near Bus stop,Vehicle Defect,No,Fatal,Not Applicable,Uncontrolled,Others,Others,Not Applicable,Dry,Not Applicable,Clear,Gunduru,curent pole,20,13.082766,77.733228
Bengaluru Dist,Avalahally PS,1.04422e+16,2021,1,2,Road Accidents,Not Applicable,City/Town,Open area,Not Applicable,No,Simple Injury,Vehicle to Vehicle,Not Applicable,Others,One way,Bitumen(Tar),Dry,Not Applicable,Clear,NH 75  Service road,Axiliyarm school,0.5 Km,13.040783,77.744134
Bengaluru Dist,Avalahally PS,1.04422e+16,2021,1,1,Road Accidents,Not Applicable,Rural Areas,Open area,Not Applicable,No,Grievous Injury,Hit pedestrian,Not Applicable,Others,Others,Bitumen(Tar),Dry,Not Applicable,Others,Seenappa house,Budigere road,8 kms,13.098713,77.7441279
Bengaluru Dist,Avalahally PS,1.04422e+16,2021,1,2,Road Accidents,Narrow road,City/Town,Open area,Vehicle Defect,No,Grievous Injury,Vehicle to Vehicle,Uncontrolled,Others,Others,Not Applicable,Dry,Not Applicable,Clear,Avalahalli service Road,curent pole,20,0.0,0.0
Bengaluru Dist,Avalahally PS,1.04422e+16,2021,1,2,Road Accidents,Not Applicable,Rural Areas,Open area,Not Applicable,No,Simple Injury,Vehicle to Vehicle,Not at  Junction,Others,NH,Bitumen(Tar),Dry,Not Applicable,Fine,NH75,Near Sapthagiri Chowltry,1 km,13.046906,77.751606
Bengaluru Dist,Avalahally PS,1.04422e+16,2021,1,2,Road Accidents,Curves,City/Town,Open area,Not Applicable,No,Damage Only,Vehicle to Vehicle,Uncontrolled,Slight Curve,Two way,Bitumen(Tar),Dry,Not Applicable,Fine,Gunduru Manduru road,Gunduru manduru road,7 km,13.084547,77.7325449
Bengaluru Dist,Avalahally PS,1.04422e+16,2021,1,1,Road Accidents,Not Applicable,City/Town,Open area,Not Applicable,No,Not Applicable,Not Applicable,Not Applicable,Others,Two way,Bitumen(Tar),Dry,Not Applicable,Others,Bengaluru  kolar road,Avalahalli  Over  Bridge,1 1.5,13.047451,77.75197
Bengaluru Dist,Avalahally PS,1.04422e+16,2021,1,1,Road Accidents,Not Applicable,Rural Areas,Near School or College,Not Applicable,No,Simple Injury,Not Applicable,Uncontrolled,Not Applicable,State Highway,Bitumen(Tar),Not Applicable,Not Applicable,Clear,Tirumenahalli cross,Tirumenahalli cross,9 km,0.0,0.0
Bengaluru Dist,Avalahally PS,1.04422e+16,2021,1,2,Not Applicable,Narrow road,Rural Areas,Narrow bridge or culverts,Not Applicable,No,Simple Injury,Vehicle to Vehicle,Uncontrolled,Straight and flat,NH,Bitumen(Tar),Dry,Not Applicable,Clear,Bengaluru  kolar road,Bangalore koloar road Budigere cross fly over bridge,2 km,13.046542,77.7514429
Bengaluru Dist,Avalahally PS,1.04422e+16,2021,1,2,Road Accidents,Not Applicable,Rural Areas,Open area,Not Applicable,No,Grievous Injury,Not Applicable,Not at  Junction,Others,NH,Bitumen(Tar),Dry,Not Applicable,Fine,NH75,NearEle MallappaShetty Lake,3km,13.03076,77.7290099
Bengaluru Dist,Avalahally PS,1.04422e+16,2021,1,2,Road Accidents,Not Applicable,City/Town,Open area,Not Applicable,No,Grievous Injury,Vehicle to Vehicle,Not Applicable,Not Applicable,One way,Bitumen(Tar),Dry,Not Applicable,Clear,Elemallappa Lake,Bangalore Kolar Road,2 kms,13.030268,77.727931
Bengaluru Dist,Avalahally PS,1.04422e+16,2021,1,1,Road Accidents,Not Applicable,City/Town,Open area,Not Applicable,Yes,Grievous Injury,Hit pedestrian,Not Applicable,Others,Two way,Bitumen(Tar),Dry,Not Applicable,Others,Devanahalli  road,budigere  croos,3 kms,13.047147,77.749961
Bengaluru Dist,Avalahally PS,1.04422e+16,2021,1,1,Road Accidents,Narrow road,Rural Areas,Open area,Not Applicable,No,Fatal,Vehicle to Vehicle,Not Applicable,Not Applicable,Others,Kutcha,Dry,Not Applicable,Fine,open,open,12 km,13.054051,77.769117
Bengaluru Dist,Avalahally PS,1.04422e+16,2021,1,1,Road Accidents,Not Applicable,Rural Areas,Open area,Not Applicable,No,Damage Only,Not Applicable,Not at  Junction,Others,State Highway,Bitumen(Tar),Dry,Not Applicable,Fine,State Highway,Near Car Care Sarvise Station,6 km,13.082444,77.735164
Bengaluru Dist,Avalahally PS,1.04422e+16,2021,1,2,Road Accidents,Bottleneck,Rural Areas,Narrow bridge or culverts,Not Applicable,No,Fatal,Hit pedestrian,Uncontrolled,Straight and flat,NH,Bitumen(Tar),Dry,Not Applicable,Clear,NH-75 Road,Budigere cross Flyover bridge,3 km,13.046454,77.751035
Bengaluru Dist,Avalahally PS,1.04422e+16,2021,1,2,Road Accidents,Cross roads,Rural Areas,Near Bus stop,Not Applicable,No,Fatal,Vehicle to Vehicle,Uncontrolled,Curve,NH,Bitumen(Tar),Dry,Not Applicable,Clear,Avalahalli service road NH-75 road,Chemasandra gate,5 km,13.061696,77.716548
Bengaluru Dist,Avalahally PS,1.04422e+16,2021,1,1,Road Accidents,Not Applicable,City/Town,Open area,Vehicle Defect,No,Grievous Injury,Vehicle to Vehicle,Uncontrolled,Others,Others,Not Applicable,Others,Not Applicable,Clear,Avalahalli -BIdarahalli,curent pole,20,13.055481,77.713802
Bengaluru Dist,Avalahally PS,1.04422e+16,2021,1,2,Road Accidents,Not Applicable,City/Town,Open area,Not Applicable,No,Fatal,Vehicle to Vehicle,Not at  Junction,Others,Two way,Bitumen(Tar),Dry,Not Applicable,Others,Adugodi  papanna land,Kadaghara road,10 kms,13.090247,77.715214
Bengaluru Dist,Avalahally PS,1.04422e+16,2021,1,2,Not Applicable,Not Applicable,City/Town,Open area,Not Applicable,No,Fatal,Vehicle to Vehicle,Not Applicable,Others,Two way,Bitumen(Tar),Dry,Not Applicable,Clear,Sri  krishna lay  out  cross,Hirandahalli,5 kms,13.052656,77.721448
Bengaluru Dist,Avalahally PS,1.04422e+16,2021,1,1,Road Accidents,Cross roads,City/Town,Open area,Not Applicable,No,Grievous Injury,Hit pedestrian,Not Applicable,Others,Two way,Bitumen(Tar),Dry,Not Applicable,Others,Infront of Plastic Factory,Bangalore Hosakote Road,4 kms,0.0,0.0
Bengaluru Dist,Avalahally PS,1.04422e+16,2021,1,2,Road Accidents,Bottleneck,Rural Areas,Near Bus stop,Not Applicable,Yes,Simple Injury,Vehicle to Vehicle,Uncontrolled,Straight and flat,Service Road,Bitumen(Tar),Dry,Not Applicable,Clear,Near Elemallappa shetty lake,Near Elemallappa shetty lake,3 km,13.046595,77.7506079
Bengaluru Dist,Avalahally PS,1.04422e+16,2021,1,1,Road Accidents,Not Applicable,Rural Areas,Near Bus stop,Not Applicable,No,Grievous Injury,Not Applicable,Uncontrolled,Others,NH,Bitumen(Tar),Dry,Pot holed,Fine,NH75,NH ROAD,1 km,13.056259,77.716239
Bengaluru Dist,Avalahally PS,1.04422e+16,2021,1,1,Road Accidents,Narrow road,City/Town,Open area,Human Error,No,Simple Injury,Hit pedestrian,Not at  Junction,Straight and flat,NH,Bitumen(Tar),Dry,No influence on accident,Clear,Bengaluru-Kolara NH 75 Road,Avalahalli Hyundai Company Car show room,1 1/2,13.06689,77.778252
Bengaluru Dist,Avalahally PS,1.04422e+16,2021,1,2,Road Accidents,Road hump or Rumble strips,City/Town,Near Bus stop,Human Error,No,Damage Only,Vehicle to Vehicle,Uncontrolled,Hump,NH,Bitumen(Tar),Dry,Not Applicable,Fine,"Bangalore Kolar NH - 75 road, Near katamnalurur cross",signature Brigade,03 km,13.054171,77.760109
Bengaluru Dist,Avalahally PS,1.04422e+16,2021,1,1,Road Accidents,Narrow road,City/Town,Open area,Not Applicable,No,Grievous Injury,Vehicle to Vehicle,Uncontrolled,Others,Others,Not Applicable,Others,Not Applicable,Clear,Ramapur  Bidarahalli,curent pole,20,13.090012,77.637517
Bengaluru Dist,Avalahally PS,1.04422e+16,2021,1,1,Road Accidents,Narrow road,Rural Areas,Open area,Not Applicable,No,Fatal,Not Applicable,Not Applicable,Others,Others,Kutcha,Dry,Not Applicable,Clear,Byappanahalli  Road,Manjunatha Land,10  km,13.072437,77.720743
Bengaluru Dist,Avalahally PS,1.04422e+16,2021,1,2,Not Applicable,Narrow road,Rural Areas,Near Bus stop,Not Applicable,No,Damage Only,Not Applicable,Uncontrolled,Straight and flat,Two way,Bitumen(Tar),Dry,Not Applicable,Clear,Manduru to Budigere cross road Near Sringara pura gate,Sringapura gate,9 km,13.046434,77.750267
Bengaluru Dist,Avalahally PS,1.04422e+16,2021,1,2,Road Accidents,Narrow road,Rural Areas,Near Bus stop,Not Applicable,No,Damage Only,Vehicle to Vehicle,Uncontrolled,Straight and flat,NH,Bitumen(Tar),Dry,Not Applicable,Clear,budigere cross Fly over bridge,budigere cross Fly over bridge,2km,13.036597,77.737068
Bengaluru Dist,Avalahally PS,1.04422e+16,2021,1,2,Road Accidents,Not Applicable,Rural Areas,Open area,Not Applicable,No,Simple Injury,Vehicle to Vehicle,Not at  Junction,Others,NH,Bitumen(Tar),Dry,Not Applicable,Fine,NH75,Near Bandapura,1/2 km,13.039355,77.741305
Bengaluru Dist,Avalahally PS,1.04422e+16,2021,1,2,Road Accidents,Narrow road,Rural Areas,Near School or College,Human Error,Yes,Grievous Injury,Vehicle to Vehicle,Uncontrolled,Not Applicable,Minor District Road,Bitumen(Tar),Dry,Not Applicable,Fine,Bidarhalli to Avalahalli road near M-kitchen in front of hotel,Near Bidarahalli village,3 km,13.049951,77.720095
Bengaluru Dist,Avalahally PS,1.04422e+16,2021,1,2,Road Accidents,Not Applicable,Rural Areas,Open area,Not Applicable,No,Grievous Injury,Vehicle to Vehicle,Not at  Junction,Others,Service Road,Bitumen(Tar),Dry,Not Applicable,Fine,NH75,Near Thalampalli Estete,4 Km,13.02979,77.726498
Bengaluru Dist,Avalahally PS,1.04422e+16,2021,1,2,Road Accidents,Cross roads,Rural Areas,Open area,Vehicle Defect,No,Fatal,Vehicle to Vehicle,Uncontrolled,Others,NH,Not Applicable,Others,Not Applicable,Clear,kattamnalluru,curent pole,20,13.047228,77.752169
Bengaluru Dist,Avalahally PS,1.04422e+16,2021,1,1,Road Accidents,Not Applicable,Rural Areas,Open area,Not Applicable,No,Fatal,Not Applicable,Not Applicable,Not Applicable,Two way,Bitumen(Tar),Dry,Not Applicable,Others,Bidarahalli Kithaganur Road,Cipla Factory,6 kms,13.047093,77.712615
Bengaluru Dist,Avalahally PS,1.04422e+16,2021,1,2,Road Accidents,Not Applicable,Rural Areas,Near Bus stop,Not Applicable,No,Simple Injury,Vehicle to Vehicle,Uncontrolled,Sharp Curve,Mixed,Bitumen(Tar),Dry,Not Applicable,Clear,Manduru Gunduru road Near BMTC bus stop,Gunduru Manduru road Near Manduru BMTC Depo,10 km,0.0,0.0
Bengaluru Dist,Avalahally PS,1.04422e+16,2021,1,1,Road Accidents,Narrow road,City/Town,Near a factory industrial area,Human Error,No,Fatal,Not Applicable,Uncontrolled,Straight and flat,Others,Bitumen(Tar),Dry,Not Applicable,Fine,Near Lakshmi steel Ltd,Lakshmi steel Factory,6 Km N,13.048204,77.753783
Bengaluru Dist,Avalahally PS,1.04422e+16,2021,1,2,Road Accidents,Not Applicable,City/Town,Open area,Not Applicable,No,Grievous Injury,Vehicle to Vehicle,Not Applicable,Not Applicable,Two way,Bitumen(Tar),Dry,Not Applicable,Clear,Medahalli  Bridge,Bangalore kolar road,1.5 km,13.029503,77.725634
Bengaluru Dist,Avalahally PS,1.04422e+16,2021,1,2,Road Accidents,Not Applicable,City/Town,Open area,Not Applicable,No,Grievous Injury,Vehicle to Vehicle,Not Applicable,Others,Others,Bitumen(Tar),Others,Not Applicable,Others,Kolar Bangalore  Road,sai deep  Apartment,1 km,13.069945,77.738106
Bengaluru Dist,Avalahally PS,1.04422e+16,2021,1,1,Road Accidents,Cross roads,City/Town,Open area,Vehicle Defect,No,Grievous Injury,Vehicle to Vehicle,Uncontrolled,Others,Others,Not Applicable,Others,Not Applicable,Clear,Chimasandra road,curent pole,20,13.035026,77.737823
Bengaluru Dist,Avalahally PS,1.04422e+16,2021,1,3,Not Applicable,Not Applicable,Rural Areas,Open area,Human Error,No,Simple Injury,Vehicle to Vehicle,Uncontrolled,Others,NH,Bitumen(Tar),Dry,Not Applicable,Clear,Budigere cross Flyover bridge,Budigere cross fly over bridge,3 km,13.047381,77.752225
Bengaluru Dist,Avalahally PS,1.04422e+16,2021,1,2,Road Accidents,Not Applicable,Rural Areas,Open area,Not Applicable,No,Simple Injury,Not Applicable,Not at  Junction,Others,Others,Bitumen(Tar),Dry,Not Applicable,Fine,Other Road,Near LBS SCHOOL RAMPURA,10km,13.053986,77.769277
Bengaluru Dist,Avalahally PS,1.04422e+16,2021,1,2,Road Accidents,Not Applicable,City/Town,Open area,Not Applicable,No,Simple Injury,Vehicle to Vehicle,Not Applicable,Others,Two way,Bitumen(Tar),Dry,Not Applicable,Cloudy,CHEEMASANDRA GATE,Bangalore Kolar Road,1 km,13.038901,77.740335
Bengaluru Dist,Avalahally PS,1.04422e+16,2021,1,1,Road Accidents,Not Applicable,City/Town,Open area,Not Applicable,No,Grievous Injury,Hit pedestrian,Not Applicable,Others,Two way,Bitumen(Tar),Dry,Not Applicable,Others,Goravigere  Village Narayanaswamy  House,Narayanaswamy  House,5 kms,13.039774,77.771211
Bengaluru Dist,Avalahally PS,1.04422e+16,2021,1,2,Road Accidents,Narrow road,Rural Areas,Near School or College,Not Applicable,Yes,Simple Injury,Vehicle to Vehicle,Uncontrolled,Slight Curve,Service Road,Bitumen(Tar),Dry,Not Applicable,Clear,Near Axelioum school,Near Bandapura gate,1 km,0.0,0.0
Bengaluru Dist,Avalahally PS,1.04422e+16,2021,1,2,Not Applicable,Narrow road,City/Town,Open area,Not Applicable,No,Fatal,Not Applicable,Not Applicable,Not Applicable,NH,Bitumen(Tar),Dry,Not Applicable,Not Applicable,NH 75,0,2 km,0.0,0.0
Bengaluru Dist,Avalahally PS,1.04422e+16,2022,1,2,Road Accidents,Not Applicable,City/Town,Open area,Not Applicable,No,Fatal,Vehicle to Vehicle,Not Applicable,Others,Others,Bitumen(Tar),Dry,Not Applicable,Clear,Banglore-Kolar road,Katamnellur cross,5 kms,13.053118,77.76233
Bengaluru Dist,Avalahally PS,1.04422e+16,2022,1,1,Road Accidents,Not Applicable,City/Town,Open area,Not Applicable,No,Not Applicable,Vehicle to Vehicle,Not Applicable,Others,Two way,Bitumen(Tar),Dry,Not Applicable,Others,Katam nallur fly  over  down,Brigade signature  aportment,1 kms,13.050982,77.760868
Bengaluru Dist,Avalahally PS,1.04422e+16,2022,1,2,Road Accidents,Narrow road,Rural Areas,Open area,Vehicle Defect,No,Fatal,Vehicle to Vehicle,Controlled,Others,NH,Not Applicable,Others,Not Applicable,Cloudy,NH 75 budigere cross,1,20,13.046346,77.750589
Bengaluru Dist,Avalahally PS,1.04422e+16,2022,1,1,Not Applicable,Not Applicable,Rural Areas,Open area,Not Applicable,No,Simple Injury,Not Applicable,Uncontrolled,Straight and flat,Others,Bitumen(Tar),Dry,Not Applicable,Clear,Kadaagrahara Ramapura  road,Kadaagrahara Road,10 km,13.074449,77.7061869
Bengaluru Dist,Avalahally PS,1.04422e+16,2022,1,2,Road Accidents,Not Applicable,City/Town,Open area,Not Applicable,No,Fatal,Vehicle to Vehicle,Not Applicable,Others,Two way,Bitumen(Tar),Dry,Not Applicable,Others,Budigere cross Devanahalli  road,Triveni steel factory near,4 kms,13.047723,77.752319
Bengaluru Dist,Avalahally PS,1.04422e+16,2022,1,1,Road Accidents,Not Applicable,City/Town,Open area,Not Applicable,No,Fatal,Hit pedestrian,Not Applicable,Others,Two way,Bitumen(Tar),Dry,Not Applicable,Others,Kolar Bangalore  Road,Tayota Show Room,1 kms,13.036496,77.735275
Bengaluru Dist,Avalahally PS,1.04422e+16,2022,1,2,Not Applicable,Not Applicable,Rural Areas,Residential area,Human Error,Yes,Damage Only,Vehicle to Vehicle,Not Applicable,Not Applicable,Others,Bitumen(Tar),Dry,Not Applicable,Not Applicable,Bommenahalli village,Bommenahall,4 km,0.0,0.0
Bengaluru Dist,Avalahally PS,1.04422e+16,2022,1,2,Road Accidents,Not Applicable,City/Town,Near office complex,Human Error,No,Simple Injury,Not Applicable,Not Applicable,Not Applicable,Service Road,Bitumen(Tar),Dry,No influence on accident,Fine,Service Road,Budigere Cross to Katamnalluru Cross Service  Road,1 K.M,13.048352,77.751661
Bengaluru Dist,Avalahally PS,1.04422e+16,2022,1,2,Road Accidents,Narrow road,Rural Areas,Open area,Not Applicable,No,Fatal,Vehicle to Vehicle,Uncontrolled,Straight and flat,Service Road,Bitumen(Tar),Not Applicable,Not Applicable,Clear,Verenahalli gate,Verenahalli,4 k m,13.031245,77.735149
Bengaluru Dist,Avalahally PS,1.04422e+16,2022,1,2,Road Accidents,Narrow road,Rural Areas,Open area,Vehicle Defect,Yes,Grievous Injury,Vehicle to Vehicle,Not Applicable,Others,Others,Surfaced,Dry,Not Applicable,Cloudy,Kadugodi  katamnalluru road,1,40,13.045819,77.754077
Bengaluru Dist,Avalahally PS,1.04422e+16,2022,1,1,Road Accidents,Narrow road,Rural Areas,Near or inside a village,Human Error,No,Fatal,Not Applicable,Uncontrolled,Straight and flat,Residential Street,Bitumen(Tar),Dry,Not Applicable,Clear,Bommenehalacli village,Bommenahalli,9 k m,13.071698,77.738406
Bengaluru Dist,Avalahally PS,1.04422e+16,2022,1,2,Not Applicable,Not Applicable,City/Town,Open area,Not Applicable,No,Grievous Injury,Vehicle to Vehicle,Not Applicable,Others,NH,Bitumen(Tar),Dry,Not Applicable,Others,medrich  Bandapura  Gate,Bandapura  gate,1 kms,13.040463,77.745392
Bengaluru Dist,Avalahally PS,1.04422e+16,2022,1,2,Road Accidents,Narrow road,Rural Areas,Open area,Not Applicable,No,Grievous Injury,Vehicle to Vehicle,Uncontrolled,Straight and flat,NH,Bitumen(Tar),Dry,Not Applicable,Clear,Kolar- Bangalore Road NH_75,Elemallappa shetty lake,4 k m,13.030143,77.726482
Bengaluru Dist,Avalahally PS,1.04422e+16,2022,1,1,Road Accidents,Not Applicable,Rural Areas,Open area,Vehicle Defect,No,Grievous Injury,Not Applicable,Controlled,Not Applicable,Others,Not Applicable,Dry,Not Applicable,Others,Manduru Road,curent pole,20,13.053376,77.717274
Bengaluru Dist,Avalahally PS,1.04422e+16,2022,1,1,Road Accidents,Not Applicable,City/Town,Open area,Not Applicable,No,Fatal,Hit pedestrian,Not Applicable,Others,Others,Bitumen(Tar),Others,Not Applicable,Clear,Kamadenu Badavane  Road,Kadaagrahara Road,13 kms,0.0,0.0
Bengaluru Dist,Avalahally PS,1.04422e+16,2022,1,2,Road Accidents,Not Applicable,City/Town,Open area,Not Applicable,No,Simple Injury,Vehicle to Vehicle,Uncontrolled,Others,Two way,Bitumen(Tar),Dry,Not Applicable,Clear,Kolar Bangalore  Road,Medahalli lake,4 kms,13.026671,77.721801
Bengaluru Dist,Avalahally PS,1.04422e+16,2022,1,2,Not Applicable,Not Applicable,Rural Areas,Open area,Vehicle Defect,No,Grievous Injury,Vehicle to Vehicle,Not Applicable,Others,NH,Not Applicable,Dry,Not Applicable,Others,NH 75,curent pole,40,13.057955,77.756195
Bengaluru Dist,Avalahally PS,1.04422e+16,2022,1,2,Road Accidents,Narrow road,Rural Areas,Residential area,Vehicle Defect,Yes,Grievous Injury,Vehicle to Vehicle,Uncontrolled,Curve,Others,Not Applicable,Dry,Not Applicable,Clear,Bommenahalli village road,curent pole,40,13.062121,77.715793
Bengaluru Dist,Avalahally PS,1.04422e+16,2022,1,1,Not Applicable,Not Applicable,City/Town,Open area,Vehicle Defect,No,Grievous Injury,Not Applicable,Not Applicable,Others,NH,Not Applicable,Others,Not Applicable,Clear,Bandapura cross,0,20,13.040075,77.7462929
Bengaluru Dist,Avalahally PS,1.04422e+16,2022,1,1,Not Applicable,Not Applicable,City/Town,Open area,Not Applicable,No,Fatal,Hit pedestrian,Not Applicable,Others,Two way,Bitumen(Tar),Dry,Not Applicable,Others,Kolar Bangalore Road,Tayota Show Room,3 kms,13.035533,77.735409
Bengaluru Dist,Avalahally PS,1.04422e+16,2022,1,1,Road Accidents,Not Applicable,City/Town,Open area,Not Applicable,No,Fatal,Not Applicable,Not Applicable,Others,Two way,Bitumen(Tar),Dry,Not Applicable,Others,Budigere cross road,Royal okah,500 mt,13.041477,77.741925
Bengaluru Dist,Avalahally PS,1.04422e+16,2022,1,1,Road Accidents,Not Applicable,Rural Areas,Open area,Not Applicable,No,Grievous Injury,Hit pedestrian,Not Applicable,Others,Two way,Bitumen(Tar),Others,Not Applicable,Clear,Bidarahalli Road,Nayara Petrol bunk,5 kms,0.0,0.0
Bengaluru Dist,Avalahally PS,1.04422e+16,2022,1,1,Road Accidents,Narrow road,Rural Areas,Near Bus stop,Not Applicable,No,Simple Injury,Not Applicable,Uncontrolled,Not Applicable,Two way,Bitumen(Tar),Dry,Not Applicable,Fine,Medahalli village,Medahalli village,8 k m,13.026435,77.719811
Bengaluru Dist,Avalahally PS,1.04422e+16,2022,1,2,Road Accidents,Curves,City/Town,Open area,Not Applicable,Yes,Simple Injury,Vehicle to Vehicle,Uncontrolled,Curve and Incline,Mixed,Concrete,Dry,Not Applicable,Clear,Kadagrahara road,Kadagarahara road,15 k m,13.077673,77.691115
Bengaluru Dist,Avalahally PS,1.04422e+16,2022,1,2,Road Accidents,Not Applicable,Rural Areas,Open area,Vehicle Defect,No,Grievous Injury,Vehicle to Vehicle,Not Applicable,Others,Others,Not Applicable,Dry,Not Applicable,Clear,Budigere cross,curent pole,40,13.056304,77.705683