DISTRICTNAME,UNITNAME,Crime_No,Year,RI,Noofvehicle_involved,Accident_Classification,Accident_Spot,Accident_Location,Accident_SubLocation,Main_Cause,Hit_Run,Severity,Collision_Type,Junction_Control,Road_Character,Road_Type,Surface_Type,Surface_Condition,Road_Condition,Weather,Accident_Road,Landmark_first,Distance_LandMark_First,Latitude,Longitude
Bengaluru Dist,Avalahally PS,1.04422e+16,2022,1,1,Road Accidents,Not Applicable,City/Town,Open area,Not Applicable,No,Fatal,Hit pedestrian,Not Applicable,Others,Two way,Bitumen(Tar),Others,Not Applicable,Clear,Kadugodi Katamanellur Road,K M M Chowtary,3 kms,13.050788,77.760517
Bengaluru Dist,Avalahally PS,1.04422e+16,2022,1,2,Road Accidents,Junction,Rural Areas,Near Bus stop,Not Applicable,No,Simple Injury,Vehicle to Vehicle,Uncontrolled,Incline,Two way,Bitumen(Tar),Dry,Not Applicable,Clear,Goravenagere Bus stop,Goravenagere Bus stop,5 k m,13.045151,77.756962
Bengaluru Dist,Avalahally PS,1.04422e+16,2022,1,2,Road Accidents,Cross roads,Rural Areas,Near Bus stop,Vehicle Defect,No,Damage Only,Vehicle to Vehicle,Uncontrolled,Curve,Mixed,Not Applicable,Others,Not Applicable,Clear,kattamnalluru cross,curent pole,40,13.052718,77.754463
Bengaluru Dist,Avalahally PS,1.04422e+16,2022,1,2,Road Accidents,Not Applicable,City/Town,Open area,Vehicle Defect,No,Damage Only,Vehicle to Vehicle,Uncontrolled,Not Applicable,One way,Not Applicable,Others,Not Applicable,Cloudy,BANGALORE  HOSAKOTE,curent pole,40,13.053304,77.7555329
Bengaluru Dist,Avalahally PS,1.04422e+16,2022,1,2,Rail Road Accidents,Not Applicable,Rural Areas,Open area,Vehicle Defect,No,Damage Only,Vehicle to Vehicle,Uncontrolled,Not Applicable,NH,Not Applicable,Others,Not Applicable,Others,NH 75 budigere cross,curent pole,25,13.047779,77.753187
Bengaluru Dist,Avalahally PS,1.04422e+16,2022,1,2,Road Accidents,Not Applicable,City/Town,Open area,Not Applicable,No,Not Applicable,Vehicle to Vehicle,Not Applicable,Others,Two way,Bitumen(Tar),Dry,Not Applicable,Others,Indinan oil Petrol bunk  near,Indian Petrol Bunk,5 kms,13.064118,77.74431
Bengaluru Dist,Avalahally PS,1.04422e+16,2022,1,2,Road Accidents,Narrow road,Rural Areas,Open area,Vehicle Defect,No,Grievous Injury,Vehicle to Vehicle,Uncontrolled,Others,NH,Not Applicable,Dry,Not Applicable,Clear,medahalli village Nh 75road,curent pole,10 km,13.028336,77.7192109
Bengaluru Dist,Avalahally PS,1.04422e+16,2022,1,1,Road Accidents,Not Applicable,Rural Areas,Residential area,Vehicle Defect,No,Fatal,Vehicle to Vehicle,Uncontrolled,Not Applicable,NH,Not Applicable,Dry,Not Applicable,Clear,Budigere cross BNG-KOLAR NH75,curent pole,40,13.048329,77.753383
Bengaluru Dist,Avalahally PS,1.04422e+16,2022,1,1,Road Accidents,Not Applicable,Rural Areas,Open area,Vehicle Defect,Yes,Grievous Injury,Not Applicable,Uncontrolled,Others,Others,Not Applicable,Others,Not Applicable,Clear,Maragondanhalli village road,curent pole,0,13.036405,77.691857
Bengaluru Dist,Avalahally PS,1.04422e+16,2022,1,2,Road Accidents,Not Applicable,Rural Areas,Open area,Vehicle Defect,No,Simple Injury,Vehicle to Vehicle,Not Applicable,Others,Others,Not Applicable,Others,Not Applicable,Clear,Avalahalli -nh 75,Hospital,45,13.03416,77.73834
Bengaluru Dist,Avalahally PS,1.04422e+16,2022,1,1,Road Accidents,Not Applicable,Rural Areas,Open area,Not Applicable,No,Fatal,Hit pedestrian,Not Applicable,Others,One way,Kutcha,Dry,Not Applicable,Others,Kithaganur  Village,Ravi House Kithganur Village,8 kms,0.0,0.0
Bengaluru Dist,Avalahally PS,1.04422e+16,2022,1,1,Road Accidents,Not Applicable,Rural Areas,Open area,Vehicle Defect,No,Grievous Injury,Hit pedestrian,Uncontrolled,Others,Others,Not Applicable,Others,Not Applicable,Clear,bidarahalli rampur road,curent pole,40,13.061435,77.7160659
Bengaluru Dist,Avalahally PS,1.04422e+16,2022,1,2,Road Accidents,Not Applicable,Rural Areas,Open area,Vehicle Defect,No,Grievous Injury,Vehicle to Vehicle,Not Applicable,Others,Others,Not Applicable,Others,Not Applicable,Clear,Avalahalli service Road,curent pole,0,13.034164,77.73411
Bengaluru Dist,Avalahally PS,1.04422e+16,2022,1,2,Road Accidents,Not Applicable,Rural Areas,Open area,Vehicle Defect,No,Simple Injury,Vehicle to Vehicle,Uncontrolled,Others,Others,Not Applicable,Others,Not Applicable,Clear,Budigere cross,curent pole,45,0.0,0.0
Bengaluru Dist,Avalahally PS,1.04422e+16,2022,1,1,Not Applicable,Narrow road,Rural Areas,Open area,Not Applicable,Not Applicable,Not Applicable,Hit pedestrian,Uncontrolled,Straight and flat,Mixed,Bitumen(Tar),Dry,Not Applicable,Clear,Herendanahalli village,Near Glass Factory,4 k m,13.036625,77.736552
Bengaluru Dist,Avalahally PS,1.04422e+16,2022,1,2,Road Accidents,Not Applicable,City/Town,Open area,Not Applicable,No,Fatal,Vehicle to Vehicle,Not Applicable,Others,Two way,Bitumen(Tar),Dry,Not Applicable,Clear,Medahalli Avalaahlli  service road,Ele mallappa shetty kere,3 kms,13.027387,77.72225
Bengaluru Dist,Avalahally PS,1.04422e+16,2022,1,2,Road Accidents,Narrow road,Rural Areas,Residential area,Not Applicable,No,Simple Injury,Vehicle to Vehicle,Uncontrolled,Straight and flat,Two way,Bitumen(Tar),Dry,Not Applicable,Clear,Near Bar Hirendhalli village,Hirendhalli vilalge,5 km,13.048098,77.7208919
Bengaluru Dist,Avalahally PS,1.04422e+16,2022,1,2,Road Accidents,Narrow road,Rural Areas,Open area,Not Applicable,No,Damage Only,Vehicle to Vehicle,Uncontrolled,Straight and flat,Service Road,Bitumen(Tar),Dry,Not Applicable,Clear,Near SDP Palace Opp,Near SDP Palace Opp,5 k m,13.049291,77.749143
Bengaluru Dist,Avalahally PS,1.04422e+16,2022,1,2,Road Accidents,Not Applicable,Rural Areas,Open area,Not Applicable,No,Fatal,Vehicle to Vehicle,Not Applicable,Others,Two way,Bitumen(Tar),Others,Not Applicable,Others,Kadaagrahara Bande Bommasandra Road,Bandde bommasandra Mori,15 kms,0.0,0.0
Bengaluru Dist,Avalahally PS,1.04422e+16,2022,1,1,Road Accidents,Not Applicable,Rural Areas,Open area,Vehicle Defect,No,Grievous Injury,Hit pedestrian,Not Applicable,Others,Others,Not Applicable,Others,Not Applicable,Others,Avalahalli service Road,1,20,0.0,0.0
Bengaluru Dist,Avalahally PS,1.04422e+16,2022,1,2,Road Accidents,Not Applicable,Rural Areas,Open area,Vehicle Defect,No,Simple Injury,Vehicle to Vehicle,Uncontrolled,Others,Others,Not Applicable,Others,Not Applicable,Clear,Manduru Road,curent pole,20,13.08255,77.734253
Bengaluru Dist,Avalahally PS,1.04422e+16,2022,1,1,Road Accidents,Not Applicable,Rural Areas,Open area,Not Applicable,No,Fatal,Hit pedestrian,Not Applicable,Others,Two way,Bitumen(Tar),Dry,Not Applicable,Others,Heerandahalli Water  Service road,Water service station,3 kms,13.047205,77.721516
Bengaluru Dist,Avalahally PS,1.04422e+16,2022,1,1,Road Accidents,Not Applicable,Rural Areas,Open area,Not Applicable,No,Fatal,Not Applicable,Not Applicable,Others,Two way,Bitumen(Tar),Dry,Not Applicable,Others,VTC Trilar service company road,Huskur Kodi,5 kms,13.051074,77.763692
Bengaluru Dist,Avalahally PS,1.04422e+16,2022,1,1,Road Accidents,Not Applicable,City/Town,Open area,Not Applicable,No,Fatal,Not Applicable,Not Applicable,Others,Two way,Bitumen(Tar),Dry,Not Applicable,Clear,Avalahalli-Bidarahalli Road,Samrudi mart,5 kms,13.069254,77.70568
Bengaluru Dist,Avalahally PS,1.04422e+16,2022,1,2,Road Accidents,Not Applicable,City/Town,Open area,Human Error,No,Not Applicable,Not Applicable,Not Applicable,Not Applicable,Service Road,Not Applicable,Dry,No influence on accident,Fine,Service Road,Budigere Cross  Katamnalluru Cross Service  Road,1 K.M,13.047729,77.750988
Bengaluru Dist,Avalahally PS,1.04422e+16,2022,1,2,Road Accidents,Not Applicable,City/Town,Open area,Not Applicable,No,Grievous Injury,Vehicle to Vehicle,Not Applicable,Others,Two way,Bitumen(Tar),Dry,Not Applicable,Clear,Katam nellur  Cross near,KSM Fish &  Chicken Center,3 kms,13.037945,77.7326029
Bengaluru Dist,Avalahally PS,1.04422e+16,2022,1,1,Road Accidents,Not Applicable,City/Town,Open area,Not Applicable,No,Fatal,Not Applicable,Not Applicable,Others,Two way,Bitumen(Tar),Dry,No influence on accident,Others,Avalahalli medahalli  service road,Nandishreddy land,2 kms,13.035848,77.735612
Bengaluru Dist,Avalahally PS,1.04422e+16,2022,1,2,Road Accidents,Not Applicable,City/Town,Open area,Not Applicable,No,Fatal,Vehicle to Vehicle,Not Applicable,Others,Two way,Bitumen(Tar),Dry,Not Applicable,Not Applicable,Avalahalli  service road,Infront of Tayota show room,2 kms,13.033138,77.7295779
Bengaluru Dist,Avalahally PS,1.04422e+16,2022,1,1,Road Accidents,Not Applicable,City/Town,Open area,Not Applicable,No,Grievous Injury,Hit pedestrian,Not Applicable,Others,Two way,Bitumen(Tar),Dry,Not Applicable,Others,Banglore-Kolar road,Budigere cross fly over bridge,3 kms,13.046563,77.751137
Bengaluru Dist,Avalahally PS,1.04422e+16,2022,1,2,Road Accidents,Not Applicable,City/Town,Open area,Vehicle Defect,Yes,Grievous Injury,Vehicle to Vehicle,Uncontrolled,Not Applicable,Others,Not Applicable,Not Applicable,Not Applicable,Clear,Jyothipura,0,0,13.102844,77.750521
Bengaluru Dist,Avalahally PS,1.04422e+16,2022,1,2,Road Accidents,Not Applicable,City/Town,Open area,Not Applicable,No,Fatal,Vehicle to Vehicle,Not Applicable,Others,Two way,Bitumen(Tar),Dry,Not Applicable,Others,Kurudu sonnenahalli-Kadugodi ROad,infront of Altras company,6 kms,13.010209,77.7399469
Bengaluru Dist,Avalahally PS,1.04422e+16,2022,1,1,Road Accidents,Narrow road,Rural Areas,Near Bus stop,Human Error,No,Fatal,Not Applicable,Uncontrolled,Straight and flat,Service Road,Bitumen(Tar),Dry,Not Applicable,Clear,Avalahalli -,Avalahalli village,3 km,13.045944,77.751365
Bengaluru Dist,Avalahally PS,1.04422e+16,2022,1,2,Road Accidents,Not Applicable,Rural Areas,Open area,Vehicle Defect,No,Damage Only,Vehicle to Vehicle,Uncontrolled,Others,Others,Not Applicable,Others,Not Applicable,Clear,Avalahalli -,0,0,13.046375,77.750868
Bengaluru Dist,Avalahally PS,1.04422e+16,2022,1,1,Road Accidents,Not Applicable,City/Town,Open area,Not Applicable,No,Fatal,Not Applicable,Not Applicable,Others,Two way,Bitumen(Tar),Others,Not Applicable,Others,Kolar Bengaluru  road,Honda show room  stright road,3 kms,13.029143,77.7261
Bengaluru Dist,Avalahally PS,1.04422e+16,2022,1,2,Road Accidents,Not Applicable,City/Town,Open area,Not Applicable,No,Fatal,Vehicle to Vehicle,Uncontrolled,Others,Not Applicable,Bitumen(Tar),Dry,Not Applicable,Others,Mandur Gundur Forest near,Mandur gundur Road,8 kms,13.102384,77.7437429
Bengaluru Dist,Avalahally PS,1.04422e+16,2022,1,2,Road Accidents,Not Applicable,Rural Areas,Residential area,Vehicle Defect,No,Grievous Injury,Vehicle to Vehicle,Not Applicable,Others,Others,Not Applicable,Dry,Not Applicable,Clear,budigere CROSS SRVICE ROAD,curent pole,40,13.046446,77.751043
Bengaluru Dist,Avalahally PS,1.04422e+16,2022,1,2,Road Accidents,Not Applicable,City/Town,Open area,Not Applicable,No,Not Applicable,Vehicle to Vehicle,Not Applicable,Others,Others,Bitumen(Tar),Dry,Not Applicable,Clear,AValahalli  medahalli  road,Siddeshwara water  service fly over,2.5kms,13.073488,77.7428599
Bengaluru Dist,Avalahally PS,1.04422e+16,2022,1,2,Road Accidents,Not Applicable,City/Town,Open area,Not Applicable,No,Grievous Injury,Vehicle to Vehicle,Not Applicable,Others,Two way,Bitumen(Tar),Dry,Not Applicable,Others,White field- Katam nellur cross road,Goravigere colony  turning,3 kms,13.043979,77.76341
Bengaluru Dist,Avalahally PS,1.04422e+16,2022,1,2,Road Accidents,Not Applicable,Rural Areas,Near Bus stop,Vehicle Defect,No,Fatal,Vehicle to Vehicle,Not Applicable,Others,Others,Not Applicable,Others,Not Applicable,Clear,Manduru Road,curent pole,10 km,13.082945,77.7350909
Bengaluru Dist,Avalahally PS,1.04422e+16,2022,1,2,Road Accidents,Not Applicable,City/Town,Open area,Not Applicable,No,Simple Injury,Vehicle to Vehicle,Not Applicable,Others,Two way,Bitumen(Tar),Dry,Not Applicable,Others,Katam nellur cross,HOsakote Toll,2 kms,13.052434,77.761797
Bengaluru Dist,Avalahally PS,1.04422e+16,2022,1,1,Road Accidents,Not Applicable,City/Town,Open area,Not Applicable,No,Fatal,Hit pedestrian,Not Applicable,Others,Two way,Bitumen(Tar),Others,Not Applicable,Clear,Hosakote Budigere Cross,Orion Mall,5 kms,0.0,0.0
Bengaluru Dist,Avalahally PS,1.04422e+16,2022,1,2,Road Accidents,Not Applicable,Rural Areas,Open area,Vehicle Defect,No,Damage Only,Vehicle to Vehicle,Not Applicable,Others,Not Applicable,Not Applicable,Dry,Not Applicable,Clear,Budigere cross,curent pole,10,13.073536,77.742585
Bengaluru Dist,Avalahally PS,1.04422e+16,2022,1,1,Road Accidents,Narrow road,Rural Areas,Residential area,Human Error,Yes,Fatal,Not Applicable,Uncontrolled,Straight and flat,Residential Street,Bitumen(Tar),Dry,Not Applicable,Clear,Herendanahalli village,Herendanahalli village,6 k m,0.0,0.0
Bengaluru Dist,Avalahally PS,1.04422e+16,2022,1,2,Road Accidents,Narrow road,Rural Areas,Open area,Not Applicable,No,Simple Injury,Vehicle to Vehicle,Signal lights Not working,Straight and flat,Two way,Bitumen(Tar),Dry,Not Applicable,Clear,Near Graindvell Factory,Near Graindvell Factory,5 k m,13.058019,77.756725
Bengaluru Dist,Avalahally PS,1.04422e+16,2022,1,2,Road Accidents,Narrow road,Rural Areas,Open area,Vehicle Defect,Yes,Fatal,Vehicle to Vehicle,Uncontrolled,Others,NH,Not Applicable,Dry,Not Applicable,Clear,NH 75Huskuru KODI,curent pole,40,13.053653,77.768826
Bengaluru Dist,Avalahally PS,1.04422e+16,2022,1,1,Road Accidents,Narrow road,City/Town,Open area,Human Error,No,Fatal,Not Applicable,Uncontrolled,Straight and flat,NH,Bitumen(Tar),Dry,Not Applicable,Clear,budigere cross Flyover bridge,Budiger cross fly over bridge,3 k m,13.045622,77.749652
Bengaluru Dist,Avalahally PS,1.04422e+16,2022,1,2,Road Accidents,Not Applicable,Rural Areas,Near School or College,Human Error,Not Applicable,Grievous Injury,Not Applicable,Not Applicable,Not Applicable,Others,Bitumen(Tar),Dry,No influence on accident,Fine,Others,Near NPS School,3 km,13.043847,77.763037
Bengaluru Dist,Avalahally PS,1.04422e+16,2022,1,1,Road Accidents,Circle,Rural Areas,Near Bus stop,Human Error,No,Grievous Injury,Hit pedestrian,Not Applicable,Not Applicable,NH,Bitumen(Tar),Dry,Not Applicable,Fine,NH 75,Near Katamnalluru Cross,02 K.M,0.0,0.0
Bengaluru Dist,Avalahally PS,1.04422e+16,2022,1,2,Not Applicable,Not Applicable,Rural Areas,Near School or College,Human Error,No,Simple Injury,Vehicle to Vehicle,Stop sign,Straight and flat,Service Road,Bitumen(Tar),Dry,No influence on accident,Clear,Hundai  car show room opp Avalahalli,HUNDAI SHOW ROOM OPP,4 km,13.014686,77.727463
Bengaluru Dist,Avalahally PS,1.04422e+16,2022,1,2,Road Accidents,Narrow road,Rural Areas,Near Bus stop,Human Error,No,Simple Injury,Vehicle to Vehicle,Uncontrolled,Straight and flat,Service Road,Bitumen(Tar),Dry,Not Applicable,Clear,Verenahalli gate,Verenahalli gate,4 km,13.036741,77.694109
Bengaluru Dist,Avalahally PS,1.04422e+16,2022,1,3,Not Applicable,Not Applicable,City/Town,Open area,Not Applicable,No,Grievous Injury,Vehicle to Vehicle,Not Applicable,Others,Two way,Bitumen(Tar),Dry,Not Applicable,Clear,Devanahalli  Road,Infront of Lakshmi  steel factory,3 kms,13.07087,77.737816
Bengaluru Dist,Avalahally PS,1.04422e+16,2022,1,2,Not Applicable,Not Applicable,Rural Areas,Open area,Not Applicable,No,Fatal,Vehicle to Vehicle,Uncontrolled,Steep Incline or Climb,Two way,Bitumen(Tar),Dry,Not Applicable,Clear,Shrungarpura gate twords kattugollhalli road,Shrungara pura gate,10 km,13.102862,77.721666
Bengaluru Dist,Avalahally PS,1.04422e+16,2022,1,2,Road Accidents,Not Applicable,City/Town,Open area,Not Applicable,No,Fatal,Vehicle to Vehicle,Not Applicable,Others,Two way,Bitumen(Tar),Dry,Not Applicable,Clear,Avalahalli medahalli  service road,Medahalli  service station,3 kms,13.027123,77.723893
Bengaluru Dist,Avalahally PS,1.04422e+16,2022,1,2,Road Accidents,Not Applicable,City/Town,Open area,Not Applicable,No,Fatal,Vehicle to Vehicle,Not Applicable,Others,Two way,Bitumen(Tar),Dry,Not Applicable,Others,Avalahalli fish stall near,Medahalli  service road,2 kms,13.036633,77.736235
Bengaluru Dist,Avalahally PS,1.04422e+16,2022,1,3,Not Applicable,Not Applicable,City/Town,Open area,Not Applicable,No,Not Applicable,Vehicle to Vehicle,Not Applicable,Not Applicable,Others,Bitumen(Tar),Dry,Not Applicable,Others,"Fly  over  Bridge, Budigere  cross",Budigere  cross,1 km,13.004054,77.690583
Bengaluru Dist,Avalahally PS,1.04422e+16,2022,1,2,Road Accidents,Not Applicable,Rural Areas,Open area,Vehicle Defect,No,Grievous Injury,Vehicle to Vehicle,Uncontrolled,Others,Others,Not Applicable,Others,Not Applicable,Clear,Budigere cross,curent pole,1,13.028236,77.684982
Bengaluru Dist,Avalahally PS,1.04422e+16,2022,1,2,Road Accidents,Not Applicable,City/Town,Open area,Not Applicable,No,Fatal,Vehicle to Vehicle,Not Applicable,Others,One way,Bitumen(Tar),Dry,Not Applicable,Others,Bengaluru Kolar Road,Medahalli Talampatti bricks factory,4 kms,13.027007,77.723061
Bengaluru Dist,Avalahally PS,1.04422e+16,2022,1,2,Not Applicable,Not Applicable,City/Town,Open area,Not Applicable,No,Grievous Injury,Vehicle to Vehicle,Not Applicable,Others,Two way,Bitumen(Tar),Dry,Not Applicable,Others,Bayappanahalli  Gate,Devanahalli  Road,10  km,13.010115,77.740317
Bengaluru Dist,Avalahally PS,1.04422e+16,2022,1,2,Road Accidents,Not Applicable,Rural Areas,Residential area,Not Applicable,No,Damage Only,Vehicle to Vehicle,Not Applicable,Others,Others,Not Applicable,Others,Not Applicable,Clear,Avalahalli -,0,20,13.0617,77.716581
Bengaluru Dist,Avalahally PS,1.04422e+16,2022,1,2,Road Accidents,Not Applicable,Rural Areas,Open area,Vehicle Defect,No,Damage Only,Vehicle to Vehicle,Not Applicable,Others,Others,Not Applicable,Others,Not Applicable,Clear,kattamnalluru,curent pole,40,13.053555,77.763989
Bengaluru Dist,Avalahally PS,1.04422e+16,2022,1,2,Road Accidents,Not Applicable,Rural Areas,Open area,Vehicle Defect,No,Grievous Injury,Vehicle to Vehicle,Uncontrolled,Others,Others,Not Applicable,Dry,Not Applicable,Others,Bommenahalli village,curent pole,0,13.073985,77.743227
Bengaluru Dist,Avalahally PS,1.04422e+16,2022,1,1,Road Accidents,Not Applicable,City/Town,Open area,Not Applicable,No,Fatal,Not Applicable,Not at  Junction,Others,Two way,Bitumen(Tar),Others,Not Applicable,Others,Medahalli  service road,Talampatti Bricks factory,3 km,13.027106,77.724409
Bengaluru Dist,Avalahally PS,1.04422e+16,2022,1,1,Road Accidents,Offset,Rural Areas,Open area,Vehicle Defect,No,Grievous Injury,Not Applicable,Uncontrolled,Not Applicable,Others,Not Applicable,Others,Not Applicable,Clear,Avalahalli service Road,curent pole,45,13.041106,77.745207
Bengaluru Dist,Avalahally PS,1.04422e+16,2022,1,2,Road Accidents,Not Applicable,City/Town,Open area,Not Applicable,No,Grievous Injury,Not Applicable,Not at  Junction,Others,Service Road,Bitumen(Tar),Dry,Not Applicable,Fine,"Budigere cross - Avalahalli Service road,",Budigere Cross  Avalahalli Service  Road,1 K.M,0.0,0.0
Bengaluru Dist,Avalahally PS,1.04422e+16,2022,1,1,Road Accidents,Cross roads,Rural Areas,Open area,Vehicle Defect,No,Damage Only,Vehicle to Vehicle,Uncontrolled,Others,Others,Not Applicable,Dry,Not Applicable,Clear,Budigere cross,curent pole,45,0.0,0.0
Bengaluru Dist,Avalahally PS,1.04422e+16,2022,1,1,Road Accidents,Junction,Rural Areas,Near or inside a village,Not Applicable,No,Simple Injury,Hit pedestrian,Uncontrolled,Straight and flat,Residential Street,Bitumen(Tar),Dry,Not Applicable,Clear,Opp Bidarahalli panchyat office,Opp Bidarahalli panchyat office,8 k m,13.062271,77.71597
Bengaluru Dist,Avalahally PS,1.04422e+16,2022,1,2,Road Accidents,Not Applicable,Rural Areas,Near Bus stop,Not Applicable,Not Applicable,Simple Injury,Not Applicable,Not Applicable,Others,Others,Bitumen(Tar),Dry,Not Applicable,Fine,Near Kattugollahalli Village Bus Station,Near Kattugollahalli Village Bus Station,7 K.M,0.0,0.0
Bengaluru Dist,Avalahally PS,1.04422e+16,2022,1,2,Road Accidents,Not Applicable,City/Town,Near or inside a village,Human Error,No,Grievous Injury,Not Applicable,Not Applicable,Not Applicable,Service Road,Bitumen(Tar),Dry,No influence on accident,Clear,Service Road,Near Ishwarya Daba,2 km,13.052382,77.751435
Bengaluru Dist,Avalahally PS,1.04422e+16,2022,1,2,Road Accidents,Not Applicable,Rural Areas,Residential area,Vehicle Defect,No,Damage Only,Vehicle to Vehicle,Uncontrolled,Others,Not Applicable,Not Applicable,Others,Not Applicable,Clear,katamnalluru-kadugodi,curent pole,40,13.053294,77.755551
Bengaluru Dist,Avalahally PS,1.04422e+16,2022,1,1,Road Accidents,Not Applicable,Rural Areas,Open area,Not Applicable,No,Grievous Injury,Hit pedestrian,Not Applicable,Others,Two way,Bitumen(Tar),Dry,Not Applicable,Others,Srirama green field  main gate,Bommenhalli  huskur road,4 kms,13.07322,77.743594
Bengaluru Dist,Avalahally PS,1.04422e+16,2022,1,1,Road Accidents,Narrow road,Rural Areas,Open area,Vehicle Defect,No,Damage Only,Vehicle to Vehicle,Uncontrolled,Not Applicable,One way,Not Applicable,Dry,Not Applicable,Others,Bommenahalli village YCH Were house,curent pole,40,0.0,0.0
Bengaluru Dist,Avalahally PS,1.04422e+16,2022,1,2,Road Accidents,Narrow road,Rural Areas,Open area,Not Applicable,No,Simple Injury,Vehicle to Vehicle,Uncontrolled,Straight and flat,NH,Bitumen(Tar),Dry,Not Applicable,Clear,Nimbekaipura gate,Nimbekaipura gate,6 k m,0.0,0.0
Bengaluru Dist,Avalahally PS,1.04422e+16,2022,1,2,Road Accidents,Not Applicable,City/Town,Open area,Not Applicable,No,Not Applicable,Vehicle to Vehicle,Not Applicable,Others,One way,Bitumen(Tar),Others,Not Applicable,Clear,Infront of slv Apartment,Slv Apartment,2 kms,13.045506,77.738973
Bengaluru Dist,Avalahally PS,1.04422e+16,2022,1,2,Road Accidents,Not Applicable,Rural Areas,Open area,Not Applicable,Yes,Grievous Injury,Vehicle to Vehicle,Not Applicable,Others,One way,Bitumen(Tar),Dry,Not Applicable,Others,Medahalli  service road,Harihome timbars,4 km,13.037679,77.693336
Bengaluru Dist,Avalahally PS,1.04422e+16,2022,1,1,Road Accidents,Not Applicable,City/Town,Open area,Not Applicable,Not Applicable,Not Applicable,Not Applicable,Not Applicable,Others,Two way,Bitumen(Tar),Dry,Not Applicable,Others,Bengaluru Kolar road,Budigere cross fly over bridge,5 kms,13.046552,77.750712
Bengaluru Dist,Avalahally PS,1.04422e+16,2022,1,3,Road Accidents,Narrow road,Rural Areas,Open area,Not Applicable,No,Damage Only,Vehicle to Vehicle,Uncontrolled,Straight and flat,NH,Bitumen(Tar),Wet,Not Applicable,Light Rain,budigere cross Flyover bridge,Budiger cross fly over bridge,3 km,13.047439,77.752473
Bengaluru Dist,Avalahally PS,1.04422e+16,2022,1,2,Rail Road Accidents,Not Applicable,Rural Areas,Open area,Vehicle Defect,No,Grievous Injury,Vehicle to Vehicle,Uncontrolled,Others,NH,Not Applicable,Dry,Not Applicable,Clear,Kittaganur village road,1,40,0.0,0.0
Bengaluru Dist,Avalahally PS,1.04422e+16,2023,1,2,Not Applicable,Not Applicable,Rural Areas,Open area,Not Applicable,Not Applicable,Simple Injury,Vehicle to Vehicle,Not Applicable,Others,Others,Not Applicable,Not Applicable,Not Applicable,Others,Bommenahalli Gate to Bommenahalli village road,Bommenahalli gate,3,13.073662,77.74225
Bengaluru Dist,Avalahally PS,1.04422e+16,2023,1,2,Road Accidents,Not Applicable,Rural Areas,Open area,Not Applicable,Yes,Grievous Injury,Vehicle to Vehicle,Not Applicable,Others,Others,Not Applicable,Not Applicable,Not Applicable,Others,Near Brundavana Marbles Granite Shop,Near Brundavana Marbles,3,13.047707,77.721697
Bengaluru Dist,Avalahally PS,1.04422e+16,2023,1,2,Road Accidents,Not Applicable,Rural Areas,Open area,Not Applicable,Not Applicable,Fatal,Vehicle to Vehicle,Not Applicable,Others,Others,Not Applicable,Others,Not Applicable,Not Applicable,Halehalli-Maragondanahlli Raod Lakshmi Bakes Near,1,12,0.0,0.0
Bengaluru Dist,Avalahally PS,1.04422e+16,2023,1,1,Not Applicable,Not Applicable,Rural Areas,Open area,Not Applicable,Yes,Simple Injury,Not Applicable,Not Applicable,Others,Not Applicable,Kutcha,Others,Not Applicable,Others,Maragondanahalli  Road Ossion aps,Ossion aps,12,13.037385,77.693094
Bengaluru Dist,Avalahally PS,1.04422e+16,2023,1,1,Not Applicable,Cross roads,Rural Areas,Open area,Not Applicable,Not Applicable,Fatal,Not Applicable,Not Applicable,Curve,Others,Not Applicable,Others,Not Applicable,Others,Byappanahalli  Road,1,10,0.0,0.0
Bengaluru Dist,Avalahally PS,1.04422e+16,2023,1,1,Road Accidents,Not Applicable,Rural Areas,Open area,Not Applicable,No,Fatal,Hit pedestrian,Not Applicable,Others,Others,Not Applicable,Others,Not Applicable,Others,Near Venkateshappa bulding Land,Huskuru village,5,0.0,0.0
Bengaluru Dist,Avalahally PS,1.04422e+16,2023,1,2,Road Accidents,Narrow road,Rural Areas,Open area,Not Applicable,No,Simple Injury,Vehicle to Vehicle,Uncontrolled,Straight and flat,NH,Bitumen(Tar),Dry,Not Applicable,Clear,budigere cross Flyover bridge,budigere cross Flyover bridge,4 k m,13.037209,77.6927739
Bengaluru Dist,Avalahally PS,1.04422e+16,2023,1,2,Road Accidents,Not Applicable,Rural Areas,Narrow bridge or culverts,Not Applicable,No,Damage Only,Vehicle to Vehicle,Not Applicable,Not Applicable,NH,Bitumen(Tar),Dry,No influence on accident,Fine,NH75,Budigere cross Flyover bridge,1 KM,0.0,0.0