DISTRICTNAME,UNITNAME,Crime_No,Year,RI,Noofvehicle_involved,Accident_Classification,Accident_Spot,Accident_Location,Accident_SubLocation,Main_Cause,Hit_Run,Severity,Collision_Type,Junction_Control,Road_Character,Road_Type,Surface_Type,Surface_Condition,Road_Condition,Weather,Accident_Road,Landmark_first,Distance_LandMark_First,Latitude,Longitude
Bengaluru Dist,Avalahally PS,1.04422e+16,2023,1,2,Road Accidents,Not Applicable,City/Town,Open area,Not Applicable,No,Not Applicable,Vehicle to Vehicle,Not Applicable,Others,Two way,Bitumen(Tar),Dry,Not Applicable,Others,Avalahalli-Bidaraahli Road,Infront of Eicher Company,3 kms,0.0,0.0
Bengaluru Dist,Avalahally PS,1.04422e+16,2023,1,2,Road Accidents,Narrow road,Rural Areas,Residential area,Not Applicable,Yes,Simple Injury,Not Applicable,Uncontrolled,Straight and flat,Two way,Bitumen(Tar),Dry,Not Applicable,Clear,Herendanahalli village,Hirendhalli vilalge,4 k m,0.0,0.0
Bengaluru Dist,Avalahally PS,1.04422e+16,2023,1,1,Not Applicable,Not Applicable,City/Town,Near a factory industrial area,Not Applicable,No,Simple Injury,Hit pedestrian,Uncontrolled,Straight and flat,Others,Kutcha,Dry,Not Applicable,Clear,Manduru,Manduru,8 k m,13.083353,77.738095
Bengaluru Dist,Avalahally PS,1.04422e+16,2023,1,2,Road Accidents,Not Applicable,Rural Areas,Narrow bridge or culverts,Human Error,No,Simple Injury,Vehicle to Vehicle,No signal lights,Not Applicable,NH,Not Applicable,Dry,Not Applicable,Fine,NH 75,Budigere cross Flyover bridge,1 KM,0.0,0.0
Bengaluru Dist,Avalahally PS,1.04422e+16,2023,1,2,Road Accidents,Not Applicable,Rural Areas,Open area,Not Applicable,No,Grievous Injury,Vehicle to Vehicle,Not Applicable,Others,Others,Kutcha,Others,Not Applicable,Others,Anjanappa Bricks Factory Gate,2,2,13.005795,77.77009
Bengaluru Dist,Avalahally PS,1.04422e+16,2023,1,1,Road Accidents,Not Applicable,Rural Areas,Open area,Not Applicable,Not Applicable,Simple Injury,Hit pedestrian,Not Applicable,Others,Others,Kutcha,Others,Not Applicable,Others,Goravigere Near Yallamma temple,Goravigere Near Yallamma temple,5,0.0,0.0
Bengaluru Dist,Avalahally PS,1.04422e+16,2023,1,2,Road Accidents,Narrow road,Rural Areas,Near Hospital,Human Error,Yes,Fatal,Vehicle to Vehicle,Uncontrolled,Others,Others,Bitumen(Tar),Dry,Not Applicable,Clear,Near East point Hospital,Near East point Hospital,5 K M,13.02874,77.720586
Bengaluru Dist,Avalahally PS,1.04422e+16,2023,1,2,Road Accidents,Not Applicable,City/Town,Open area,Not Applicable,No,Not Applicable,Vehicle to Vehicle,Not Applicable,Others,Two way,Bitumen(Tar),Dry,Not Applicable,Others,Kithaganur  Road,Diomand College,8 kms,0.0,0.0
Bengaluru Dist,Avalahally PS,1.04422e+16,2023,1,2,Not Applicable,Not Applicable,Rural Areas,Open area,Not Applicable,No,Grievous Injury,Vehicle to Vehicle,Not Applicable,Others,Others,Bitumen(Tar),Not Applicable,Not Applicable,Others,Aduru Anganavadi Kendra,Aduru Anganavadi Kendra,8,13.042245,77.746156
Bengaluru Dist,Avalahally PS,1.04422e+16,2023,1,2,Road Accidents,Cross roads,Rural Areas,Near or inside a village,Not Applicable,Not Applicable,Fatal,Vehicle to Vehicle,Not Applicable,Others,Others,Kutcha,Others,Not Applicable,Others,Aduru Cross Tayappa Land,Aduru Cross Tayappa Land,12,13.055358,77.7054549
Bengaluru Dist,Avalahally PS,1.04422e+16,2023,1,2,Road Accidents,Narrow road,City/Town,Near or inside a village,Not Applicable,Yes,Damage Only,Vehicle to Vehicle,Uncontrolled,Not Applicable,Others,Bitumen(Tar),Dry,Not Applicable,Clear,Cheemasandra,Cheemasandra,6 k m,0.0,0.0
Bengaluru Dist,Avalahally PS,1.04422e+16,2023,1,2,Road Accidents,Curves,Rural Areas,Open area,Human Error,Yes,Simple Injury,Vehicle to Vehicle,Uncontrolled,Slight Curve,Others,Bitumen(Tar),Dry,Not Applicable,Fine,Rampura gate,Rampura gate,12 k m,13.052389,77.698325
Bengaluru Dist,Avalahally PS,1.04422e+16,2023,1,2,Road Accidents,Not Applicable,Rural Areas,Open area,Not Applicable,Not Applicable,Fatal,Vehicle to Vehicle,Not Applicable,Others,Others,Not Applicable,Not Applicable,Not Applicable,Others,Kammasandra-Manduru Road,Infront of mcb bricks,7,0.0,0.0
Bengaluru Dist,Avalahally PS,1.04422e+16,2023,1,2,Not Applicable,Not Applicable,Rural Areas,Near Petrol Pump,Not Applicable,Yes,Fatal,Vehicle to Vehicle,Not Applicable,Others,Others,Not Applicable,Not Applicable,Not Applicable,Others,"New Indian Oil Petrol Bonk Hirandahalli village, Bidarhalli Hobli",Hirandahalli,6,13.014444,77.687068
Bengaluru Dist,Avalahally PS,1.04422e+16,2023,1,2,Road Accidents,Circle,Rural Areas,Near Bus stop,Not Applicable,No,Simple Injury,Vehicle to Vehicle,Uncontrolled,Curve,Two way,Bitumen(Tar),Dry,Pot holed,Fine,Goravenagere Bus stop,Goravenagere Bus stop,3,13.034736,77.703866
Bengaluru Dist,Avalahally PS,1.04422e+16,2023,1,2,Road Accidents,Not Applicable,City/Town,Near Bus stop,Human Error,Yes,Grievous Injury,Vehicle to Vehicle,Not Applicable,Not Applicable,Not Applicable,Bitumen(Tar),Dry,No influence on accident,Fine,katamnalluru-kadugodi Road,In Fron of Mayura Bekari,2 Km,0.0,0.0
Bengaluru Dist,Avalahally PS,1.04422e+16,2023,1,1,Road Accidents,Narrow road,Rural Areas,Open area,Not Applicable,No,Simple Injury,Not Applicable,Uncontrolled,Others,Others,Bitumen(Tar),Dry,Not Applicable,Fine,Rampura road,Kadagarahara road,10 k m,13.078755,77.692454
Bengaluru Dist,Avalahally PS,1.04422e+16,2023,1,1,Road Accidents,Not Applicable,City/Town,Open area,Not Applicable,Yes,Fatal,Hit pedestrian,Not at  Junction,Not Applicable,Others,Bitumen(Tar),Dry,Not Applicable,Fine,Other Road,BAKTHA MARUTHI LAYOUT,12,13.037307,77.692139
Bengaluru Dist,Avalahally PS,1.04422e+16,2023,1,2,Road Accidents,Not Applicable,Rural Areas,Open area,Not Applicable,No,Fatal,Vehicle to Vehicle,Not at  Junction,Others,Others,Bitumen(Tar),Dry,Not Applicable,Fine,Other Road,Yarrappanahalli Cross,10km,13.087493,77.6862859
Bengaluru Dist,Avalahally PS,1.04422e+16,2023,1,1,Road Accidents,Not Applicable,Rural Areas,Residential area,Not Applicable,No,Grievous Injury,Not Applicable,Not at  Junction,Others,Others,Concrete,Dry,Not Applicable,Fine,Other,Near Gunduru Circle,10 Km,13.086544,77.713701
Bengaluru Dist,Avalahally PS,1.04422e+16,2023,1,2,Road Accidents,Not Applicable,Rural Areas,Open area,Not Applicable,Yes,Grievous Injury,Vehicle to Vehicle,Not Applicable,Others,Others,Kutcha,Others,Not Applicable,Others,Avalahalli Rampura Road Hirandahalli,Near Udupi Hotel,3,13.047553,77.722527
Bengaluru Dist,Bannerghatta PS,1.04421e+16,2016,1,2,Road Accidents,Other,Rural Areas,Open area,Vehicle Defect,No,Grievous Injury,Hit bicyclist,Uncontrolled,Others,State Highway,Bitumen(Tar),Dry,Not Applicable,Cloudy,BANNERUGHATTA JIGANI ROAD,MAMMY DADDY LAYOUT,1KM,0.0,0.0
Bengaluru Dist,Bannerghatta PS,1.04421e+16,2016,1,2,Rail Road Accidents,Cross roads,Rural Areas,Open area,Human Error,Yes,Simple Injury,Others,Uncontrolled,Straight and flat,Village Road,Bitumen(Tar),Dry,Not Applicable,Others,BANNERUGHATTA KAGGALIPUR RAOD,NEAR HAKKI PIKKI COLONI,5,0.0,0.0
Bengaluru Dist,Bannerghatta PS,1.04421e+16,2016,1,1,Road Accidents,Other,Rural Areas,Open area,Human Error,Yes,Grievous Injury,Others,Not Applicable,Straight and flat,Village Road,Bitumen(Tar),Dry,Not Applicable,Very Hot,KAGGALIPURA ROAD,HAKKIPIKKI COLONI,6 KM,0.0,0.0
Bengaluru Dist,Bannerghatta PS,1.04421e+16,2016,1,2,Road Accidents,Narrow road,City/Town,Near School or College,Human Error,Not Applicable,Grievous Injury,Others,Uncontrolled,Others,State Highway,Bitumen(Tar),Dry,Not Applicable,Very Hot,JIGANI ROAD,VENKATESHWARA DENTAL COLLEGE,2 KM,0.0,0.0
Bengaluru Dist,Bannerghatta PS,1.04421e+16,2016,1,2,Road Accidents,Circle,Rural Areas,Open area,Vehicle Defect,No,Grievous Injury,Others,Uncontrolled,Curve,Village Road,Bitumen(Tar),Dry,Not Applicable,Clear,BYALADAMARADA DODDI,KAGGALEPURA ROAD,4 KM,0.0,0.0
Bengaluru Dist,Bannerghatta PS,1.04421e+16,2016,1,2,Road Accidents,Narrow road,Villages settlement,Near or inside a village,Not Applicable,No,Grievous Injury,Others,Uncontrolled,Straight and flat,Village Road,Not Applicable,Dry,No influence on accident,Others,BANNERUGHATTA KAGGALIPURA ROAD,SILEENFRA DODDI  VILLAGE,6 KM,0.0,0.0
Bengaluru Dist,Bannerghatta PS,1.04421e+16,2016,1,2,Road Accidents,Other,Rural Areas,Near or inside a village,Not Applicable,No,Fatal,Others,Uncontrolled,Others,Forest Road,Bitumen(Tar),Dry,Not Applicable,Cloudy,RAGIHALLI FOREST ROAD,E,7KM,0.0,0.0
Bengaluru Dist,Bannerghatta PS,1.04421e+16,2016,1,2,Road Accidents,Curves,Rural Areas,Open area,Not Applicable,No,Grievous Injury,Others,Uncontrolled,Curve,Village Road,Bitumen(Tar),Dry,Not Applicable,Wind,BYATARAYANADOODI,KAGGALIPURA MAIN ROAD,4  KM,0.0,0.0
Bengaluru Dist,Bannerghatta PS,1.04421e+16,2016,1,1,Road Accidents,Narrow road,Rural Areas,Near Bus stop,Human Error,No,Grievous Injury,Others,Stop sign,Others,Village Road,Bitumen(Tar),Dry,Not Applicable,Very Hot,JIGANI MAIN ROAD,JANGALPLYA BUS STAND,2 KM,0.0,0.0
Bengaluru Dist,Bannerghatta PS,1.04421e+16,2016,1,2,Road Accidents,Junction,City/Town,Residential area,Human Error,No,Grievous Injury,Others,Uncontrolled,Curve,Residential Street,Surfaced,Dry,Not Applicable,Clear,NEAR BALAJI KALYANA MANTAPA,KAGGALIPURA ROAD,1/2 KM,0.0,0.0
Bengaluru Dist,Bannerghatta PS,1.04421e+16,2016,1,1,Road Accidents,Narrow road,Villages settlement,Residential area,Human Error,No,Fatal,Skidding or Self accident,Controlled,Others,Village Road,Bitumen(Tar),Dry,No influence on accident,Clear,MANTAPA JANGALPALYA ROAD,OPPOSITE DRUVA HOTEL,2 KM,0.0,0.0
Bengaluru Dist,Bannerghatta PS,1.04421e+16,2016,1,2,Road Accidents,Narrow road,City/Town,Near School or College,Human Error,No,Grievous Injury,Others,Uncontrolled,Others,Others,Not Applicable,Others,Not Applicable,Others,BANGALORE  ROAD,NEAR RAYAN SCHOOL,1 KM,0.0,0.0
Bengaluru Dist,Bannerghatta PS,1.04421e+16,2016,1,1,Not Applicable,Narrow road,Rural Areas,Near School or College,Human Error,Yes,Simple Injury,Rear end,Uncontrolled,Others,Others,Bitumen(Tar),Dry,Not Applicable,Clear,KOPPA BEGURU ROAD,CHRISHT ACADEMY,5 KM,0.0,0.0
Bengaluru Dist,Bannerghatta PS,1.04421e+16,2016,1,2,Road Accidents,Other,Rural Areas,Open area,Human Error,No,Grievous Injury,Others,Uncontrolled,Others,State Highway,Bitumen(Tar),Dry,Not Applicable,Fine,JIGANI MAIN ROAD,SARALA BIRLA SCHOOL,1 KM,0.0,0.0
Bengaluru Dist,Bannerghatta PS,1.04421e+16,2016,1,1,Road Accidents,Narrow road,Rural Areas,Near Bus stop,Human Error,No,Grievous Injury,Others,Uncontrolled,Hump,Village Road,Bitumen(Tar),Dry,Not Applicable,Wind,JIGANI ROAD,JANGALPALYA  ROAD,2 KM,0.0,0.0
Bengaluru Dist,Bannerghatta PS,1.04421e+16,2016,1,2,Road Accidents,Round about or Circle,Rural Areas,Open area,Human Error,No,Grievous Injury,Others,Uncontrolled,Straight and flat,Two way,Bitumen(Tar),Dry,Not Applicable,Wind,JIGANI BANNERUGHATTA ROAD,MANTAPA GATE,3KM,0.0,0.0
Bengaluru Dist,Bannerghatta PS,1.04421e+16,2017,1,1,Not Applicable,Other,Rural Areas,Open area,Human Error,No,Damage Only,Run Off Road,Uncontrolled,Curve,One way,Bitumen(Tar),Dry,Not Applicable,Clear,KULUMEYPALYA,KULUMEPALYA CROSS,6 KM,0.0,0.0
Bengaluru Dist,Bannerghatta PS,1.04421e+16,2017,1,2,Road Accidents,Other,Rural Areas,Near Petrol Pump,Not Applicable,No,Grievous Injury,Others,Not Applicable,Others,Two way,Bitumen(Tar),Others,Not Applicable,Others,BG ROAD,BG ROAD,1,0.0,0.0
Bengaluru Dist,Bannerghatta PS,1.04421e+16,2017,1,1,Road Accidents,Narrow road,Villages settlement,Near Hospital,Not Applicable,Yes,Grievous Injury,Hit and Run,Controlled,Others,State Highway,Bitumen(Tar),Dry,Not Applicable,Fine,BANNERGHATTA BENGALURU ROAD,PREMAVIJAYA KALYANA MANTAPA OPPOSIT,200MTR,0.0,0.0
Bengaluru Dist,Bannerghatta PS,1.04421e+16,2017,1,1,Road Accidents,Narrow road,Villages settlement,Residential area,Human Error,No,Simple Injury,Hit pedestrian,Not Applicable,Others,Residential Street,Kutcha,Dry,No influence on accident,Fine,KARIYPPANHALLI GUNDU TOPU ROAD,SARASWATI IN FRONT OF HOUSE,2 KM,0.0,0.0
Bengaluru Dist,Bannerghatta PS,1.04421e+16,2017,1,1,Road Accidents,Narrow road,Rural Areas,Open area,Not Applicable,No,Grievous Injury,Hit pedestrian,Controlled,Others,State Highway,Bitumen(Tar),Dry,No influence on accident,Fine,BENGALURU BANNERUGHATTA ROAD,ANJANEYA TEMPLE NEAT,4 KM,0.0,0.0
Bengaluru Dist,Bannerghatta PS,1.04421e+16,2017,1,2,Road Accidents,Cross roads,Rural Areas,Near Bus stop,Not Applicable,Yes,Not Applicable,Hit and Run,Uncontrolled,Others,Two way,Bitumen(Tar),Dry,Not Applicable,Others,BANGALORE- BANNERGHATTA ROAD,ROAD,3KM,0.0,0.0
Bengaluru Dist,Bannerghatta PS,1.04421e+16,2017,1,2,Road Accidents,Curves,Rural Areas,Open area,Not Applicable,No,Damage Only,Drowned,Controlled,Curve,Others,Bitumen(Tar),Dry,No influence on accident,Fine,C K PALYA DINNEPALYA ROAD,C K PALYA CURVE,4 KM,0.0,0.0
Bengaluru Dist,Bannerghatta PS,1.04421e+16,2017,1,2,Road Accidents,Circle,Rural Areas,Open area,Not Applicable,Yes,Grievous Injury,Head on,Controlled,Others,State Highway,Bitumen(Tar),Dry,No influence on accident,Fine,SAKALAVARA CROSS BANNERGHATTA PS,SAKALAVARA CROSS,2 KM,0.0,0.0
Bengaluru Dist,Bannerghatta PS,1.04421e+16,2017,1,1,Road Accidents,Other,Villages settlement,Near Bus stop,Not Applicable,Yes,Grievous Injury,Hit and Run,Controlled,Others,State Highway,Bitumen(Tar),Dry,No influence on accident,Fine,BANNERUGHATTA JIGANI ROAD,BANNERUGHATTA BUS STOP,100M,0.0,0.0
Bengaluru Dist,Bannerghatta PS,1.04421e+16,2017,1,2,Road Accidents,Curves,Rural Areas,Near a religious place,Human Error,No,Grievous Injury,Head on,Controlled,Curve,Village Road,Bitumen(Tar),Dry,No influence on accident,Fine,BANNERGHATTA KAGGALIPURA ROAD,SHANESHWARA TEMPLE OPPOSIT,4 KM,0.0,0.0
Bengaluru Dist,Bannerghatta PS,1.04421e+16,2017,1,2,Road Accidents,Curves,Rural Areas,Near or inside a village,Not Applicable,Yes,Grievous Injury,Hit and Run,Controlled,Curve,Village Road,Bitumen(Tar),Dry,No influence on accident,Fine,BANNERGHATTA KAGGALIPURA ROAD,BYLADAMARADADODDI CROSS,6KM,0.0,0.0
Bengaluru Dist,Bannerghatta PS,1.04421e+16,2017,1,2,Road Accidents,Narrow road,City/Town,Near office complex,Human Error,No,Damage Only,Not Applicable,Uncontrolled,Hump,Two way,Bitumen(Tar),Dry,Not Applicable,Clear,TVS SHOROOM,TVS SHOW ROOM,1/2 KM,0.0,0.0
Bengaluru Dist,Bannerghatta PS,1.04421e+16,2017,1,2,Road Accidents,Narrow road,Rural Areas,Open area,Not Applicable,No,Damage Only,Others,Controlled,Others,Village Road,Bitumen(Tar),Dry,Not Applicable,Fine,KGGALIPURA BANNERUGHATTA ROAD,BYALAMARADADODDI CROSS,6 KM,0.0,0.0
Bengaluru Dist,Bannerghatta PS,1.04421e+16,2017,1,1,Road Accidents,Narrow road,Rural Areas,Open area,Human Error,Not Applicable,Simple Injury,Not Applicable,Uncontrolled,Others,One way,Bitumen(Tar),Dry,Not Applicable,Clear,bannerughatta circle,near rvm hospital,50 mtr,0.0,0.0
Bengaluru Dist,Bannerghatta PS,1.04421e+16,2017,1,2,Road Accidents,Narrow road,Rural Areas,Near Petrol Pump,Not Applicable,No,Grievous Injury,Drowned,Controlled,Others,State Highway,Bitumen(Tar),Dry,No influence on accident,Fine,BANNERUGHATTA BENGALURU ROAD,NEAR INDIAN PERTOL BUNK,2 KM,0.0,0.0
Bengaluru Dist,Bannerghatta PS,1.04421e+16,2017,1,1,Road Accidents,Other,Villages settlement,Near a factory industrial area,Not Applicable,No,Grievous Injury,Hit pedestrian,Controlled,Others,Service Road,Concrete,Dry,No influence on accident,Fine,C K PALYA INDUSTRIAL ROAD,NEAR SUNRISE FASHION,6 KM,0.0,0.0
Bengaluru Dist,Bannerghatta PS,1.04421e+16,2017,1,2,Road Accidents,Bottleneck,Rural Areas,Near Petrol Pump,Not Applicable,Yes,Damage Only,Hit and Run,Controlled,Others,State Highway,Bitumen(Tar),Dry,No influence on accident,Fine,BANNERUGHATTA BENGALURU ROAD,INDIAN OIL PETROL BANK OPP,1 KM,0.0,0.0
Bengaluru Dist,Bannerghatta PS,1.04421e+16,2017,1,1,Road Accidents,Narrow road,Rural Areas,Open area,Not Applicable,No,Damage Only,Others,Controlled,Others,State Highway,Bitumen(Tar),Dry,Not Applicable,Fine,BANNERUGHATTA JIGANI ROAD,BASAPPA FACTORY,2,0.0,0.0
Bengaluru Dist,Bannerghatta PS,1.04421e+16,2018,1,1,Road Accidents,Junction,Rural Areas,Near Bus stop,Human Error,No,Fatal,Not Applicable,No signal lights,Others,One way,Bitumen(Tar),Dry,Not Applicable,Fine,BGT TO BANGALORE ROAD,KALKERE BUS STOP,4,0.0,0.0
Bengaluru Dist,Bannerghatta PS,1.04421e+16,2018,1,2,Road Accidents,Cross roads,Villages settlement,Residential area,Not Applicable,Not Applicable,Simple Injury,Others,Not Applicable,Others,Two way,Bitumen(Tar),Dry,Not Applicable,Clear,C K PALYA HULLUHLLI ROAD,AMARANATH MURTY NEAR HOUSE,100 M,0.0,0.0
Bengaluru Dist,Bannerghatta PS,1.04421e+16,2018,1,2,Road Accidents,Narrow road,Rural Areas,Residential area,Human Error,Not Applicable,Simple Injury,Drowned,Uncontrolled,Others,Village Road,Bitumen(Tar),Dry,Not Applicable,Clear,BILVARDAHALLI TO SHYANUBOGANAHALLI,NEAR AR PHARM,200,0.0,0.0
Bengaluru Dist,Bannerghatta PS,1.04421e+16,2018,1,2,Road Accidents,Narrow road,Rural Areas,Near Bus stop,Human Error,No,Fatal,Hit parked vehicle,No signal lights,Curve and Incline,Major District Road,Bitumen(Tar),Muddy,Not Applicable,Fine,BANGALORE DISTRICT ANEKAL TALUK JIGANI HOBLI BANGALORE TO BANNERUGHATTA ROAD NEAR KEMPANAYAKANAHALLI,JALLI MISSION,2,0.0,0.0
Bengaluru Dist,Bannerghatta PS,1.04421e+16,2018,1,1,Road Accidents,Narrow road,Rural Areas,Near Bus stop,Not Applicable,No,Simple Injury,Hit pedestrian,Controlled,Not Applicable,State Highway,Bitumen(Tar),Dry,Not Applicable,Fine,BANNERGHATTA BENGALURU ROAD,UNION BANK ATM NEAR,3 KM,0.0,0.0
Bengaluru Dist,Bannerghatta PS,1.04421e+16,2018,1,1,Road Accidents,Narrow road,Rural Areas,Near a religious place,Not Applicable,No,Grievous Injury,Drowned,Controlled,Hump,Village Road,Bitumen(Tar),Dry,No influence on accident,Fine,BEGIHALLI ROAD,SHANESHWARA TEMPLE NEAR,5KM,0.0,0.0
Bengaluru Dist,Bannerghatta PS,1.04421e+16,2018,1,2,Road Accidents,Narrow road,Rural Areas,Residential area,Not Applicable,Not Applicable,Grievous Injury,Not Applicable,Not at  Junction,Others,One way,Bitumen(Tar),Dry,Not Applicable,Clear,BANNERUGHATTA JIGANI ROAD,1 KM,1.5,0.0,0.0
Bengaluru Dist,Bannerghatta PS,1.04421e+16,2018,1,2,Road Accidents,Cross roads,Villages settlement,Near Bus stop,Not Applicable,Not Applicable,Fatal,Hit bicyclist,Uncontrolled,Curve,Two way,Bitumen(Tar),Not Applicable,Construction Work / Material,Fine,ANEKAL TO JIGANI RAOD,1,3,0.0,0.0
Bengaluru Dist,Bannerghatta PS,1.04421e+16,2018,1,2,Road Accidents,Narrow road,Rural Areas,Residential area,Human Error,Not Applicable,Grievous Injury,Others,Controlled,Others,Two way,Bitumen(Tar),Dry,Not Applicable,Clear,BYALADAMARDODDI,2,0.5,0.0,0.0
Bengaluru Dist,Bannerghatta PS,1.04421e+16,2018,1,1,Road Accidents,Narrow road,Rural Areas,Near Bus stop,Not Applicable,Not Applicable,Fatal,Skidding or Self accident,Not at  Junction,Others,Two way,Bitumen(Tar),Not Applicable,Not Applicable,Others,BANNERUGHATTA ROAD,KOLIFORAM GATE,1/2 KM,0.0,0.0
Bengaluru Dist,Bannerghatta PS,1.04421e+16,2018,1,1,Road Accidents,Curves,Rural Areas,Near Bus stop,Not Applicable,Yes,Simple Injury,Hit and Run,Controlled,Curve,State Highway,Bitumen(Tar),Dry,No influence on accident,Fine,BANNERUGHATTA BENGALURU ROAD,NEAR BUS STAND,3 KM,0.0,0.0
Bengaluru Dist,Bannerghatta PS,1.04421e+16,2018,1,1,Other Railway Accidents,Narrow road,Rural Areas,Open area,Not Applicable,Not Applicable,Fatal,Others,Controlled,Not Applicable,Village Road,Not Applicable,Muddy,Not Applicable,Not Applicable,SHIVANAHALLI VILLAGE,MUD,15 KMS,0.0,0.0
Bengaluru Dist,Bannerghatta PS,1.04421e+16,2018,1,2,Road Accidents,Circle,Villages settlement,Near or inside a village,Not Applicable,No,Grievous Injury,Others,Controlled,Curve,Village Road,Bitumen(Tar),Dry,No influence on accident,Fine,BILWARADAHALLI ROAD,WATER FLANT,3 KM,0.0,0.0
Bengaluru Dist,Bannerghatta PS,1.04421e+16,2018,1,2,Road Accidents,Narrow road,Rural Areas,Open area,Human Error,No,Simple Injury,Drowned,Uncontrolled,Others,Two way,Bitumen(Tar),Dry,Not Applicable,Clear,JIGANI - BANNERUGHATTA ROAD,RAGIHALLI GATE,200 MT,0.0,0.0
Bengaluru Dist,Bannerghatta PS,1.04421e+16,2018,1,1,Road Accidents,Narrow road,Rural Areas,Near or inside a village,Human Error,Not Applicable,Simple Injury,Not Applicable,Uncontrolled,Others,Two way,Bitumen(Tar),Dry,No influence on accident,Clear,BANNERUGHATTA-JIGANI ROAD,NEAR MYSORE GRANAITE SHOP,100 MT,0.0,0.0
Bengaluru Dist,Bannerghatta PS,1.04421e+16,2018,1,1,Other Railway Accidents,Narrow road,Not Applicable,Near or inside a village,Human Error,No,Fatal,Others,Not Applicable,Others,Others,Not Applicable,Others,Not Applicable,Others,SAKALAVARA ROAD,MOHITH FORM,1,0.0,0.0
Bengaluru Dist,Bannerghatta PS,1.04421e+16,2018,1,2,Road Accidents,Narrow road,Rural Areas,Near Petrol Pump,Human Error,No,Simple Injury,Head on,Controlled,Others,State Highway,Bitumen(Tar),Dry,No influence on accident,Fine,BANNERGHATTA BENGALURU ROAD,INDIAN OIL PETROL BUNK OPP,2KM,0.0,0.0
Bengaluru Dist,Bannerghatta PS,1.04421e+16,2018,1,1,Road Accidents,Other,Rural Areas,Open area,Vehicle Defect,No,Simple Injury,Drowned,Uncontrolled,Not Applicable,Two way,Bitumen(Tar),Dry,No influence on accident,Clear,JIGAN BANNERUGHATTA RAOD,RAGIHALLI GATE,200 MT,0.0,0.0
Bengaluru Dist,Bannerghatta PS,1.04421e+16,2018,1,2,Road Accidents,Narrow road,City/Town,Near Bus stop,Human Error,Not Applicable,Simple Injury,Not Applicable,Not Applicable,Others,State Highway,Bitumen(Tar),Dry,Not Applicable,Clear,JANGAL PALYA GATE,NEAR BUS STOP,1 KM,0.0,0.0
Bengaluru Dist,Bannerghatta PS,1.04421e+16,2018,1,2,Road Accidents,Narrow road,Rural Areas,Open area,Human Error,Not Applicable,Simple Injury,Others,Uncontrolled,Others,Village Road,Bitumen(Tar),Dry,Not Applicable,Clear,HULLUHALLI ROAD,HULLUHALLI GATE,100 MT,0.0,0.0
Bengaluru Dist,Bannerghatta PS,1.04421e+16,2018,1,2,Road Accidents,Narrow road,City/Town,Residential area,Road Environment Defect,Not Applicable,Grievous Injury,Others,Not at  Junction,Others,Residential Street,Bitumen(Tar),Dry,Not Applicable,Clear,BENGALURU BANNERUGHATTA ROAD,1 KM,1.5,0.0,0.0
Bengaluru Dist,Bannerghatta PS,1.04421e+16,2018,1,2,Road Accidents,Narrow road,City/Town,Residential area,Human Error,Not Applicable,Simple Injury,Not Applicable,Not at  Junction,Others,One way,Bitumen(Tar),Dry,Not Applicable,Clear,JIGANI BNNERUGHATTA ROAD,RAINBO GARDAN,1 KM,0.0,0.0
Bengaluru Dist,Bannerghatta PS,1.04421e+16,2019,1,1,Road Accidents,Narrow road,Rural Areas,Open area,Human Error,Yes,Simple Injury,Not Applicable,Uncontrolled,Others,State Highway,Bitumen(Tar),Dry,Not Applicable,Clear,JIG,NEAR RAGIUHALLI ROAD,100 MT,12.800088,77.598866
Bengaluru Dist,Bannerghatta PS,1.04421e+16,2019,1,2,Not Applicable,Circle,Rural Areas,Open area,Not Applicable,No,Damage Only,Vehicle to Vehicle,Controlled,Curve,Two way,Bitumen(Tar),Dry,Not Applicable,Fine,KAGALIPURA BANNERGHATTA ROAD NEAR BHUTHANAHALLI,NEAR BHUTHANAHALLI,3 KM,12.805281,77.554694
Bengaluru Dist,Bannerghatta PS,1.04421e+16,2019,1,3,Road Accidents,Narrow road,City/Town,Open area,Human Error,Not Applicable,Damage Only,Others,Uncontrolled,Not Applicable,State Highway,Bitumen(Tar),Dry,Not Applicable,Clear,BANNERUGHATTA ROAD,NEAR FOREST,1 KM,12.82358,77.553955
Bengaluru Dist,Bannerghatta PS,1.04421e+16,2019,1,1,Road Accidents,Cross roads,Rural Areas,Near Bus stop,Vehicle Defect,Yes,Simple Injury,Hit pedestrian,Controlled,Others,Service Road,Concrete,Others,Not Applicable,Clear,KASARAGUPPE,2KM,2KM,12.822749,77.57264
Bengaluru Dist,Bannerghatta PS,1.04421e+16,2019,1,2,Road Accidents,Narrow road,Rural Areas,Near Bus stop,Human Error,No,Damage Only,Others,Controlled,Curve,State Highway,Bitumen(Tar),Dry,Not Applicable,Clear,BANNERUGHATTA - JIGANI ROAD,NEAR BUS STOP,500 MT,12.792489,77.605398
Bengaluru Dist,Bannerghatta PS,1.04421e+16,2019,1,1,Road Accidents,Circle,Rural Areas,Residential area,Human Error,Not Applicable,Simple Injury,Hit pedestrian,Give way sign,Others,Minor District Road,Not Applicable,Others,Engineering Defect of Road,Others,BANNERUGHATTA MAIN ROAD,temple,1km,12.814038,77.576074
Bengaluru Dist,Bannerghatta PS,1.04421e+16,2019,1,2,Road Accidents,Narrow road,Rural Areas,Near School or College,Human Error,Not Applicable,Simple Injury,Vehicle to Vehicle,Uncontrolled,Curve,Two way,Bitumen(Tar),Dry,Drainage Ditch,Clear,BANNERUGHATTA BEMGALURU MAIN ROAD,NERA AMC COLLAGE,200 MT,12.82847,77.589353
Bengaluru Dist,Bannerghatta PS,1.04421e+16,2019,1,2,Road Accidents,Narrow road,Rural Areas,Open area,Human Error,Not Applicable,Simple Injury,Drowned,Uncontrolled,Others,Two way,Bitumen(Tar),Dry,Not Applicable,Clear,NEAR SAKALAVARA CROSS,NEAR KALKERE BUS STOP,200MTR,12.822052,77.570143
Bengaluru Dist,Bannerghatta PS,1.04421e+16,2019,1,2,Not Applicable,Curves,Rural Areas,Open area,Human Error,Not Applicable,Grievous Injury,Vehicle to Vehicle,Controlled,Crest of hill,Others,Bitumen(Tar),Dry,Not Applicable,Fine,JIGANI-BANNERGHATTA ROAD,KOPPA GATE,6 KM,12.799911,77.624921
Bengaluru Dist,Bannerghatta PS,1.04421e+16,2019,1,1,Road Accidents,Narrow road,Rural Areas,Open area,Human Error,No,Grievous Injury,Not Applicable,Uncontrolled,Others,Two way,Bitumen(Tar),Dry,Not Applicable,Clear,JIGANI BANNERUGHATTA ROAD,NEAR MANTAPA GATE,100MTR,12.806119,77.593504