DISTRICTNAME,UNITNAME,Crime_No,Year,RI,Noofvehicle_involved,Accident_Classification,Accident_Spot,Accident_Location,Accident_SubLocation,Main_Cause,Hit_Run,Severity,Collision_Type,Junction_Control,Road_Character,Road_Type,Surface_Type,Surface_Condition,Road_Condition,Weather,Accident_Road,Landmark_first,Distance_LandMark_First,Latitude,Longitude
Bengaluru Dist,Bannerghatta PS,1.04421e+16,2019,1,1,Road Accidents,Circle,Rural Areas,Open area,Human Error,Not Applicable,Simple Injury,Hit pedestrian,Uncontrolled,Others,State Highway,Bitumen(Tar),Dry,Not Applicable,Clear,JIGANI BANNERUGHATTA MAIN ROAD,NEAR MANTAPA BUS STOP,1,12.807347,77.597006
Bengaluru Dist,Bannerghatta PS,1.04421e+16,2019,1,20,Road Accidents,Narrow road,City/Town,Open area,Vehicle Defect,Yes,Simple Injury,Vehicle to Vehicle,Uncontrolled,Others,State Highway,Bitumen(Tar),Dry,Not Applicable,Clear,BANNERUGHATTA ROAD,1,500 MT,12.816951,77.58224
Bengaluru Dist,Bannerghatta PS,1.04421e+16,2019,1,2,Road Accidents,Circle,Rural Areas,Near Bus stop,Vehicle Defect,Yes,Fatal,Vehicle to Vehicle,Controlled,Curve,Two way,Bitumen(Tar),Others,Engineering Defect of Road,Clear,SAKALAVARA ROAD,SAKALVARA ROAD,3KM,12.835189,77.589193
Bengaluru Dist,Bannerghatta PS,1.04421e+16,2019,1,2,Road Accidents,Cross roads,Rural Areas,Near Bus stop,Vehicle Defect,Yes,Grievous Injury,Vehicle to Vehicle,Not Applicable,Others,Forest Road,Not Applicable,Others,Engineering Defect of Road,Others,BANNERGHATTA ROAD,1,1KM,12.823699,77.58578
Bengaluru Dist,Bannerghatta PS,1.04421e+16,2019,1,2,Road Accidents,Junction,Rural Areas,Open area,Not Applicable,Yes,Grievous Injury,Vehicle to Vehicle,Controlled,Not Applicable,Others,Bitumen(Tar),Dry,Not Applicable,Fine,RAGIHALLI ROAD,RAGIHALLI ROAD NEAR PYANTESTION JUNCTION,10 KM,12.800085,77.5992099
Bengaluru Dist,Bannerghatta PS,1.04421e+16,2019,1,1,Road Accidents,Narrow road,Rural Areas,Open area,Human Error,Not Applicable,Simple Injury,Not Applicable,Uncontrolled,Curve,State Highway,Bitumen(Tar),Dry,Not Applicable,Clear,RAGIHALLI ROAD,RAGIHALLI GATE,300 MT,12.800081,77.598923
Bengaluru Dist,Bannerghatta PS,1.04421e+16,2019,1,1,Road Accidents,Narrow road,Rural Areas,Open area,Human Error,Not Applicable,Damage Only,Side swipe,Controlled,Curve,Others,Bitumen(Tar),Dry,Not Applicable,Clear,CK PALYA HULLUHALLI ROAD,NEAR LADU PACTORY,400 MT,12.833535,77.5863189
Bengaluru Dist,Bannerghatta PS,1.04421e+16,2019,1,2,Road Accidents,Other,Rural Areas,Narrow bridge or culverts,Human Error,Not Applicable,Damage Only,Hit and Run,Uncontrolled,Curve,Two way,Bitumen(Tar),Dry,Not Applicable,Clear,shcool campus,near candor shcool,200 mt,12.817001,77.578264
Bengaluru Dist,Bannerghatta PS,1.04421e+16,2019,1,1,Road Accidents,Narrow road,Rural Areas,Near Bus stop,Human Error,Yes,Simple Injury,Hit bicyclist,Uncontrolled,Others,One way,Bitumen(Tar),Dry,Not Applicable,Clear,BANNERUGHATTA JIGANI ROAD,NEAR BUS STOP,200 MT,12.809597,77.591121
Bengaluru Dist,Bannerghatta PS,1.04421e+16,2019,1,1,Road Accidents,Curves,Rural Areas,Open area,Vehicle Defect,Not Applicable,Simple Injury,Hit pedestrian,Uncontrolled,Crest of hill,Forest Road,Bitumen(Tar),Dry,Not Applicable,Clear,BANNERUGHATTA NATIONAL PARK,FOREST,400 MT,12.797924,77.577166
Bengaluru Dist,Bannerghatta PS,1.04421e+16,2019,1,1,Road Accidents,Cross roads,Rural Areas,Near a factory industrial area,Human Error,Yes,Not Applicable,Not Applicable,Not Applicable,Curve,One way,Bitumen(Tar),Dry,Not Applicable,Fine,JIGANI - BANNERGHATTA ROAD,JANGALPALYA,3 KM,12.830988,77.611434
Bengaluru Dist,Bannerghatta PS,1.04421e+16,2019,1,2,Road Accidents,Narrow road,Rural Areas,Near Bus stop,Human Error,Yes,Simple Injury,Vehicle to Vehicle,Uncontrolled,Curve,One way,Bitumen(Tar),Dry,Not Applicable,Clear,BANNERUGHATTA JIGANI ROAD,MD LAYOUT TIRUVU,100 MT,12.807948,77.590429
Bengaluru Dist,Bannerghatta PS,1.04421e+16,2019,1,1,Road Accidents,Narrow road,Rural Areas,Open area,Vehicle Defect,Not Applicable,Simple Injury,Hit pedestrian,Uncontrolled,Others,State Highway,Bitumen(Tar),Dry,Not Applicable,Clear,BANNERUGHATTA MAIN ROAD,2,200 MT,12.833566,77.586887
Bengaluru Dist,Bannerghatta PS,1.04421e+16,2019,1,2,Road Accidents,Narrow road,City/Town,Near Bus stop,Human Error,No,Simple Injury,Vehicle to Vehicle,Uncontrolled,Curve,One way,Bitumen(Tar),Dry,Not Applicable,Clear,BANNERUGHATTA CIRCLE,NEAR BUS STOP,100 MT,12.844848,77.59885
Bengaluru Dist,Bannerghatta PS,1.04421e+16,2019,1,1,Road Accidents,Narrow road,Rural Areas,Open area,Human Error,No,Simple Injury,Not Applicable,Uncontrolled,Others,Two way,Bitumen(Tar),Dry,Not Applicable,Clear,ANJANEY TEMPLE ROAD SAMPIGEHALLI VILLAGE,NERA ANJENEY TEMPLE,300MTR,12.797714,77.583559
Bengaluru Dist,Bannerghatta PS,1.04421e+16,2019,1,2,Road Accidents,Cross roads,Rural Areas,Near or inside a village,Not Applicable,No,Damage Only,Vehicle to Vehicle,Controlled,Not Applicable,State Highway,Bitumen(Tar),Dry,No influence on accident,Fine,BANNERGHATTA JIGANI ROAD,SRINIVASH CEMENT SHOP,1.5 KM,12.808928,77.592268
Bengaluru Dist,Bannerghatta PS,1.04421e+16,2019,1,2,Road Accidents,Curves,Rural Areas,Open area,Human Error,No,Grievous Injury,Vehicle to Vehicle,Controlled,Curve,Two way,Bitumen(Tar),Dry,Not Applicable,Clear,JIGANI-BANNERGHATTA ROAD RAGIHALLI CROSS,RAGIHALLI CROSS,4 KM,12.797417,77.60634
Bengaluru Dist,Bannerghatta PS,1.04421e+16,2019,1,1,Road Accidents,Cross roads,Rural Areas,Near Bus stop,Vehicle Defect,Yes,Damage Only,Hit pedestrian,Uncontrolled,Others,Service Road,Not Applicable,Others,No influence on accident,Clear,MALENALSANDRA,NEAR MALENALSANDRA,4KM,12.805531,77.558418
Bengaluru Dist,Bannerghatta PS,1.04421e+16,2019,1,2,Road Accidents,Narrow road,Rural Areas,Open area,Human Error,No,Simple Injury,Vehicle to Vehicle,Uncontrolled,Others,State Highway,Bitumen(Tar),Dry,Not Applicable,Clear,BNANERUGHATTA NARTIONAL PARK ROAD,FRONT OF GANESH HOME,100 MT,12.811031,77.578701
Bengaluru Dist,Bannerghatta PS,1.04421e+16,2019,1,2,Road Accidents,Narrow road,Rural Areas,Open area,Human Error,Yes,Simple Injury,Vehicle to Vehicle,Stop Sign,Curve,State Highway,Bitumen(Tar),Dry,Not Applicable,Clear,KULUMEPALYA,KULUME PALYA BUS STOP,200 MT,12.832835,77.554563
Bengaluru Dist,Bannerghatta PS,1.04421e+16,2019,1,1,Road Accidents,Narrow road,Rural Areas,Open area,Vehicle Defect,Not Applicable,Damage Only,Hit pedestrian,Uncontrolled,Hump,State Highway,Bitumen(Tar),Dry,Not Applicable,Clear,BANNERUGHATTA KAGGALIPURA ROAD,BYALADAMARADADODDI CROSS,200 MT,12.803907,77.542758
Bengaluru Dist,Bannerghatta PS,1.04421e+16,2019,1,2,Road Accidents,Narrow road,Rural Areas,Open area,Human Error,Not Applicable,Simple Injury,Drowned,Uncontrolled,Others,Two way,Bitumen(Tar),Dry,Not Applicable,Clear,bannerughatta road,maruthi shoroom,0.5 km,12.816218,77.586932
Bengaluru Dist,Bannerghatta PS,1.04421e+16,2019,1,2,Road Accidents,Narrow road,Rural Areas,Open area,Human Error,Yes,Simple Injury,Vehicle to Vehicle,Uncontrolled,Others,Two way,Bitumen(Tar),Dry,Not Applicable,Clear,JIGANI - BANNERGHATTA ROAD,GAJANAND STONES,100 MT,12.795714,77.604632
Bengaluru Dist,Bannerghatta PS,1.04421e+16,2019,1,1,Road Accidents,Narrow road,Rural Areas,Near Bus stop,Human Error,Yes,Fatal,Vehicle to Vehicle,Give way sign,Not Applicable,Two way,Bitumen(Tar),Not Applicable,No influence on accident,Fine,BANGALOE TO BANNERUGHATTA ROAD,AMC COLLAGE,3,12.82873,77.587155
Bengaluru Dist,Bannerghatta PS,1.04421e+16,2019,1,1,Road Accidents,Narrow road,Rural Areas,Residential area,Human Error,Not Applicable,Fatal,Hit pedestrian,No signal lights,Not Applicable,One way,Bitumen(Tar),Dry,Not Applicable,Others,BANGALORE TO BANNERUGHATTA ROAD,BANNERUGHATTA ROAD,1,12.812328,77.579412
Bengaluru Dist,Bannerghatta PS,1.04421e+16,2019,1,2,Road Accidents,Narrow road,Rural Areas,Open area,Human Error,Not Applicable,Damage Only,Vehicle to Vehicle,Uncontrolled,Curve,State Highway,Bitumen(Tar),Dry,Not Applicable,Clear,BANNERUGHATTA ROAD,NEAR JELLIMISSION BUS STOP,200MTR,12.824615,77.586666
Bengaluru Dist,Bannerghatta PS,1.04421e+16,2019,1,1,Road Accidents,Circle,Rural Areas,Open area,Vehicle Defect,No,Simple Injury,Hit pedestrian,Not at  Junction,Others,Others,Concrete,Others,No influence on accident,Clear,KEMPANIKNHALLI,BAR AND BANK,1KM,12.834217,77.631128
Bengaluru Dist,Bannerghatta PS,1.04421e+16,2019,1,2,Not Applicable,Cross roads,Rural Areas,Open area,Human Error,Yes,Grievous Injury,Vehicle to Vehicle,Controlled,Curve,Others,Bitumen(Tar),Dry,Not Applicable,Fine,JIGANI-BANNERGHATTA ROAD,RAGIHALLI GATE,2.5 KM,12.80026,77.598595
Bengaluru Dist,Bannerghatta PS,1.04421e+16,2019,1,2,Road Accidents,Narrow road,City/Town,Near Bus stop,Human Error,Yes,Simple Injury,Vehicle to Vehicle,Uncontrolled,Others,One way,Bitumen(Tar),Dry,Not Applicable,Clear,BNANERUGHATTA ROAD,NEAR RIANTAL BANK,200 MT,12.817699,77.583597
Bengaluru Dist,Bannerghatta PS,1.04421e+16,2019,1,2,Rail Road Accidents,Narrow road,Rural Areas,Open area,Human Error,Yes,Simple Injury,Hit pedestrian,Uncontrolled,Curve,State Highway,Bitumen(Tar),Dry,Not Applicable,Clear,JIGNI BANNERUGHATTA ROAD,NEAR MANTAPA BUS STOP,1 KM,12.809367,77.595834
Bengaluru Dist,Bannerghatta PS,1.04421e+16,2019,1,2,Road Accidents,Narrow road,Rural Areas,Open area,Human Error,Not Applicable,Simple Injury,Vehicle to Vehicle,Controlled,Others,Two way,Bitumen(Tar),Dry,Not Applicable,Clear,NATIONAL PARK ROAD BANNERUGHATTA,NERA BLUEMING FLOWER SCHOOL,200 MT,12.803668,77.577224
Bengaluru Dist,Bannerghatta PS,1.04421e+16,2019,1,2,Road Accidents,Cross roads,Rural Areas,Open area,Human Error,Yes,Grievous Injury,Vehicle to Vehicle,Controlled,Curve,Two way,Bitumen(Tar),Dry,Not Applicable,Fine,JIGANI - BANNERGHATTA ROAD KARIYAPPANAHALLI CROSS,KARIYAPPANAHALLI CROSS,2 KM,12.808592,77.590499
Bengaluru Dist,Bannerghatta PS,1.04421e+16,2019,1,2,Not Applicable,Not Applicable,Rural Areas,Open area,Human Error,Yes,Damage Only,Vehicle to Vehicle,Controlled,Others,One way,Bitumen(Tar),Others,Not Applicable,Clear,tar,LAKSHMIPURA,5 KMS,12.817389,77.594268
Bengaluru Dist,Bannerghatta PS,1.04421e+16,2019,1,3,Road Accidents,Narrow road,Rural Areas,Residential area,Human Error,No,Fatal,Others,Uncontrolled,Not Applicable,Village Road,Bitumen(Tar),Dry,Not Applicable,Fine,KAGGALIPURA ROAD,VNR BANDE,1,12.810249,77.590547
Bengaluru Dist,Bannerghatta PS,1.04421e+16,2019,1,2,Road Accidents,Narrow road,Rural Areas,Near Bus stop,Human Error,Not Applicable,Simple Injury,Others,Not Applicable,Others,State Highway,Bitumen(Tar),Dry,Not Applicable,Clear,BANNERUGHATTA ROAD,NEAR JELLIMISION,200MTR,12.824934,77.568273
Bengaluru Dist,Bannerghatta PS,1.04421e+16,2019,1,2,Road Accidents,Cross roads,Rural Areas,Open area,Human Error,Yes,Simple Injury,Vehicle to Vehicle,Uncontrolled,Curve,Two way,Bitumen(Tar),Dry,Not Applicable,Clear,BANNERUGHATAT KAGGALIPURA ROAD,NEAR BYALADAMARDA DODDI CROSS,200MT,12.809217,77.549876
Bengaluru Dist,Bannerghatta PS,1.04421e+16,2019,1,1,Road Accidents,Narrow road,Rural Areas,Narrow bridge or culverts,Human Error,Not Applicable,Simple Injury,Hit bicyclist,Uncontrolled,Others,One way,Bitumen(Tar),Dry,Not Applicable,Clear,BANNERUGHATTA JIGANI ROAD,HASAN AYYANGAR BEKARI,200 MT,12.808965,77.5899909
Bengaluru Dist,Bannerghatta PS,1.04421e+16,2020,1,1,Road Accidents,Narrow road,Rural Areas,Near Bus stop,Not Applicable,No,Fatal,Not Applicable,Not at  Junction,Not Applicable,Major District Road,Bitumen(Tar),Dry,No influence on accident,Fine,BANGALORE TO BANNERUGHATTA ROAD,1,1,12.81043,77.567333
Bengaluru Dist,Bannerghatta PS,1.04421e+16,2020,1,2,Road Accidents,Narrow road,Rural Areas,Open area,Not Applicable,Not Applicable,Damage Only,Vehicle to Vehicle,Uncontrolled,Curve,State Highway,Bitumen(Tar),Dry,Not Applicable,Clear,SHILINDRADODDI ROAD,NEAR SHILINDRADODDI,200 MT,12.810253,77.590495
Bengaluru Dist,Bannerghatta PS,1.04421e+16,2020,1,2,Road Accidents,Narrow road,Rural Areas,Near Bus stop,Human Error,No,Fatal,Vehicle to Vehicle,Not at  Junction,Others,Two way,Bitumen(Tar),Dry,No influence on accident,Fine,BANGALORE TO BANNERUGHATTA ROAD NEAR SAKALVARA CROSS,1,3,12.835502,77.589194
Bengaluru Dist,Bannerghatta PS,1.04421e+16,2020,1,1,Road Accidents,Cross roads,Rural Areas,Residential area,Human Error,No,Fatal,Hit pedestrian,Not Applicable,Not Applicable,Residential Street,Bitumen(Tar),Dry,Not Applicable,Others,SAMPIGEHALLI VILLAGE,1,2,12.801044,77.576749
Bengaluru Dist,Bannerghatta PS,1.04421e+16,2020,1,1,Road Accidents,Cross roads,Rural Areas,Open area,Human Error,No,Fatal,Not Applicable,No signal lights,Curve,Others,Bitumen(Tar),Dry,No influence on accident,Fine,BANNERUGHATTA KAGGALIPURA ROAD NEW FOREST GATE,1,2,12.821151,77.57574
Bengaluru Dist,Bannerghatta PS,1.04421e+16,2020,1,1,Road Accidents,Road hump or Rumble strips,Rural Areas,Near or inside a village,Human Error,No,Fatal,Hit pedestrian,Not Applicable,Curve,Residential Street,Surfaced,Muddy,Not Applicable,Others,MUTHURAYANA DODDI VILLAGE,1,15,12.766167,77.597683
Bengaluru Dist,Bannerghatta PS,1.04421e+16,2020,1,2,Road Accidents,Curves,City/Town,Open area,Vehicle Defect,No,Damage Only,Vehicle to Vehicle,Uncontrolled,Curve,State Highway,Bitumen(Tar),Dry,Not Applicable,Clear,RAGIHALLI ROAD,NEAR RAGIHALLI GATE,100 MT,12.769618,77.600267
Bengaluru Dist,Bannerghatta PS,1.04421e+16,2020,1,2,Road Accidents,Narrow road,Rural Areas,Residential area,Human Error,Not Applicable,Simple Injury,Vehicle to Vehicle,Stop Sign,Curve,State Highway,Bitumen(Tar),Others,Not Applicable,Clear,SHIVANAHALLI ROAD,NEAR RD RESOLT,1,12.825818,77.631583
Bengaluru Dist,Bannerghatta PS,1.04421e+16,2020,1,2,Road Accidents,Narrow road,Rural Areas,Open area,Vehicle Defect,Not Applicable,Grievous Injury,Vehicle to Vehicle,Uncontrolled,Curve,State Highway,Bitumen(Tar),Dry,Not Applicable,Clear,NEAR HP PETROL BUNK BNNERUGHATTA,PETROL BUNK,1,12.83103,77.616462
Bengaluru Dist,Bannerghatta PS,1.04421e+16,2020,1,2,Road Accidents,Narrow road,Rural Areas,Residential area,Human Error,Not Applicable,Simple Injury,Vehicle to Vehicle,Uncontrolled,Others,State Highway,Bitumen(Tar),Dry,Not Applicable,Clear,BNANERUGHATTA NATIONAL PARK ROAD,NEAR BANNERUGHATTA MARCKET,50 MTR,12.813496,77.579568
Bengaluru Dist,Bannerghatta PS,1.04421e+16,2020,1,3,Road Accidents,Cross roads,Rural Areas,Open area,Human Error,Not Applicable,Damage Only,Vehicle to Vehicle,Uncontrolled,Curve,State Highway,Bitumen(Tar),Dry,Not Applicable,Clear,SAKALAVARA ROAD,NERA SAKALAVAR CROSS,100 MT,12.835244,77.589425
Bengaluru Dist,Bannerghatta PS,1.04421e+16,2020,1,2,Road Accidents,Narrow road,Rural Areas,Open area,Vehicle Defect,Not Applicable,Damage Only,Vehicle to Vehicle,Uncontrolled,Curve,State Highway,Bitumen(Tar),Dry,Not Applicable,Clear,BANNERUGHATTA ROAD,SAKALAVARA TURNING,1 KM,12.795339,77.571656
Bengaluru Dist,Bannerghatta PS,1.04421e+16,2020,1,2,Road Accidents,Narrow road,Rural Areas,Open area,Vehicle Defect,No,Simple Injury,Vehicle to Vehicle,Uncontrolled,Curve,State Highway,Bitumen(Tar),Dry,Not Applicable,Cloudy,KAGGALIPURA ROAD,NEAR JAIN TEMPLE,1,12.820438,77.575613
Bengaluru Dist,Bannerghatta PS,1.04421e+16,2020,1,2,Road Accidents,Narrow road,Rural Areas,Open area,Human Error,Not Applicable,Simple Injury,Vehicle to Vehicle,Uncontrolled,Curve,State Highway,Bitumen(Tar),Dry,Not Applicable,Clear,KAGGALIPUR BANNERUGHATTA ROAD,BYATRAYANA DODDI CURVE,100,12.804432,77.5514559
Bengaluru Dist,Bannerghatta PS,1.04421e+16,2020,1,2,Road Accidents,Narrow road,Rural Areas,Open area,Vehicle Defect,Yes,Damage Only,Vehicle to Vehicle,Uncontrolled,Others,State Highway,Bitumen(Tar),Dry,Not Applicable,Clear,BANNERUGHATTA ROAD,NEAR AKVERAL GARMENTS,1 KM,12.818808,77.584426
Bengaluru Dist,Bannerghatta PS,1.04421e+16,2020,1,2,Road Accidents,Narrow road,City/Town,Near Bus stop,Human Error,Yes,Simple Injury,Vehicle to Vehicle,Uncontrolled,Others,State Highway,Bitumen(Tar),Dry,Not Applicable,Clear,BANNERUGHATTA BANGLORE MAIN ROAD,NEAR ANJANEY TEMPLE,100 MT,12.840161,77.588801
Bengaluru Dist,Bannerghatta PS,1.04421e+16,2020,1,2,Road Accidents,Narrow road,Rural Areas,Open area,Vehicle Defect,Not Applicable,Grievous Injury,Vehicle to Vehicle,Uncontrolled,Others,State Highway,Bitumen(Tar),Dry,Not Applicable,Clear,BANNERUGHATTA JIGANI MAIN ROAD,HP PETROL BUNK,200 MT,12.814272,77.579323
Bengaluru Dist,Bannerghatta PS,1.04421e+16,2020,1,1,Road Accidents,Narrow road,Rural Areas,Open area,Human Error,No,Fatal,Vehicle to Vehicle,Not Applicable,Others,Forest Road,Bitumen(Tar),Dry,No influence on accident,Others,RAGIHALLI ROAD,1,6,12.838191,77.588994
Bengaluru Dist,Bannerghatta PS,1.04421e+16,2020,1,1,Road Accidents,Junction,Rural Areas,Residential area,Human Error,Not Applicable,Fatal,Not Applicable,Uncontrolled,Others,One way,Bitumen(Tar),Dry,Construction Work / Material,Fine,RAGIHALLI GATE,1,3,12.800258,77.598468
Bengaluru Dist,Bannerghatta PS,1.04421e+16,2020,1,1,Road Accidents,Narrow road,Rural Areas,Near Bus stop,Human Error,Yes,Fatal,Not Applicable,Uncontrolled,Others,One way,Bitumen(Tar),Dry,Not Applicable,Fine,BANGALORE TO BANNERUGHATTA ROAD,1,2,12.821207,77.587991
Bengaluru Dist,Bannerghatta PS,1.04421e+16,2021,1,1,Road Accidents,Not Applicable,Rural Areas,Open area,Not Applicable,Yes,Grievous Injury,Not Applicable,Not Applicable,Not Applicable,Others,Not Applicable,Not Applicable,Not Applicable,Fine,Koppa Beguru Road,tar,6 k.m.,12.830468,77.615982
Bengaluru Dist,Bannerghatta PS,1.04421e+16,2021,1,2,Road Accidents,Narrow road,City/Town,Near Petrol Pump,Human Error,No,Simple Injury,Vehicle to Vehicle,Uncontrolled,Others,State Highway,Bitumen(Tar),Dry,Not Applicable,Clear,BANNERUGHATTA JIGANI MAIN ROAD,NERA HP PETROL BUNK,200 MT,12.817999,77.594504
Bengaluru Dist,Bannerghatta PS,1.04421e+16,2021,1,2,Not Applicable,Cross roads,Rural Areas,Residential area,Not Applicable,Yes,Not Applicable,Vehicle to Vehicle,Not Applicable,Not Applicable,State Highway,Not Applicable,Not Applicable,Not Applicable,Fine,Jigani Banneragatta Tar Road,tar,4 k.m.,12.806518,77.567355
Bengaluru Dist,Bannerghatta PS,1.04421e+16,2021,1,2,Road Accidents,Narrow road,Rural Areas,Open area,Vehicle Defect,Not Applicable,Simple Injury,Vehicle to Vehicle,Uncontrolled,Curve,State Highway,Bitumen(Tar),Dry,Not Applicable,Clear,BANNERUGHATTA ROAD,4,2,12.832999,77.590846
Bengaluru Dist,Bannerghatta PS,1.04421e+16,2021,1,2,Road Accidents,Curves,Rural Areas,Narrow bridge or culverts,Road Environment Defect,No,Fatal,Not Applicable,Not Applicable,Curve,Forest Road,Not Applicable,Dry,Engineering Defect of Road,Fine,KAGGALIPURA ROAD,KAGGALIPUR ROAD,5 KM,0.0,0.0
Bengaluru Dist,Bannerghatta PS,1.04421e+16,2021,1,1,Road Accidents,Not Applicable,Rural Areas,Open area,Not Applicable,Not Applicable,Grievous Injury,Hit pedestrian,Not Applicable,Not Applicable,Others,Not Applicable,Not Applicable,Not Applicable,Fine,Sakalavara Village infront of Godown,tar,6 k.m.,0.0,0.0
Bengaluru Dist,Bannerghatta PS,1.04421e+16,2021,1,1,Road Accidents,Cross roads,Rural Areas,Residential area,Not Applicable,Not Applicable,Grievous Injury,Hit pedestrian,Not Applicable,Not Applicable,Others,Not Applicable,Others,Not Applicable,Fine,Kaggalipuar Banneragatta Main Tar Road,tar,4 k.m.,0.0,0.0
Bengaluru Dist,Bannerghatta PS,1.04421e+16,2021,1,2,Road Accidents,Narrow road,Rural Areas,Open area,Not Applicable,Yes,Fatal,Vehicle to Vehicle,Not Applicable,Others,Others,Bitumen(Tar),Dry,Not Applicable,Fine,Bannerughatta Bengalore Raod,Royal Green Family Daba,30 Fet,12.815563,77.584084
Bengaluru Dist,Bannerghatta PS,1.04421e+16,2021,1,1,Road Accidents,Junction,Rural Areas,Near office complex,Human Error,Not Applicable,Simple Injury,Not Applicable,Uncontrolled,Others,State Highway,Bitumen(Tar),Dry,Not Applicable,Clear,HULLAUHALLI,NEAR AVINUE SUPER MARCKET,200 MT,12.828819,77.6306509
Bengaluru Dist,Bannerghatta PS,1.04421e+16,2021,1,2,Road Accidents,Junction,Rural Areas,Near Petrol Pump,Not Applicable,No,Grievous Injury,Vehicle to Vehicle,Uncontrolled,Not Applicable,Two way,Not Applicable,Others,Not Applicable,Fine,KOPPA ROAD,H P PETROL BUNK,100 ME,12.821272,77.6168579
Bengaluru Dist,Bannerghatta PS,1.04421e+16,2021,1,1,Road Accidents,Narrow road,Rural Areas,Open area,Vehicle Defect,Yes,Simple Injury,Hit animal,Controlled,Others,State Highway,Bitumen(Tar),Dry,Not Applicable,Clear,MARCKET ROAD BANNERUGHATTA VILLAGE,NEAR BANNERUGHATTA  CIRCLE,200 MT,12.813549,77.580585
Bengaluru Dist,Bannerghatta PS,1.04421e+16,2021,1,2,Road Accidents,Narrow road,Rural Areas,Residential area,Vehicle Defect,Not Applicable,Simple Injury,Vehicle to Vehicle,Uncontrolled,Others,Others,Bitumen(Tar),Dry,Not Applicable,Clear,BANGLORE BANNERUGHATTA ROAD,NEAR KOLI PHARAM GATE,200 MT,12.834591,77.589347
Bengaluru Dist,Bannerghatta PS,1.04421e+16,2021,1,1,Rail Road Accidents,Narrow road,City/Town,Open area,Vehicle Defect,Not Applicable,Damage Only,Not Applicable,Uncontrolled,Curve,State Highway,Bitumen(Tar),Dry,Engineering Defect of Road,Clear,SHIVANAHALLI ROAD,NEAR FOREST,500 MT,12.803149,77.595931
Bengaluru Dist,Bannerghatta PS,1.04421e+16,2021,1,2,Road Accidents,Narrow road,Rural Areas,Open area,Vehicle Defect,Not Applicable,Simple Injury,Vehicle to Vehicle,Uncontrolled,Curve,State Highway,Bitumen(Tar),Dry,Not Applicable,Clear,HULLUHALLI ROAD,HULLUHALLI BUS STOP,200 MT,12.830915,77.6157659
Bengaluru Dist,Bannerghatta PS,1.04421e+16,2021,1,1,Road Accidents,Narrow road,Rural Areas,Residential area,Not Applicable,Yes,Grievous Injury,Not Applicable,Not Applicable,Others,State Highway,Not Applicable,Others,Not Applicable,Fine,Jigani Banneragatta Tar Road,tar,1 k.m,0.0,0.0
Bengaluru Dist,Bannerghatta PS,1.04421e+16,2021,1,1,Road Accidents,Cross roads,Rural Areas,Open area,Human Error,Not Applicable,Damage Only,Hit animal,Uncontrolled,Curve,State Highway,Bitumen(Tar),Dry,Not Applicable,Clear,KAGGALIPURA ROAD,NEAR JAIN TEMPLE,200 MT,12.815335,77.577317
Bengaluru Dist,Bannerghatta PS,1.04421e+16,2021,1,1,Road Accidents,Narrow road,Rural Areas,Open area,Human Error,Not Applicable,Simple Injury,Hit pedestrian,Uncontrolled,Others,State Highway,Bitumen(Tar),Dry,Pot holed,Clear,BANNERUGHATAT CIRCLE,NEAR POLICE STATION,200 MT,12.814793,77.581602
Bengaluru Dist,Bannerghatta PS,1.04421e+16,2021,1,1,Road Accidents,Cross roads,Rural Areas,Open area,Not Applicable,No,Fatal,Not Applicable,Uncontrolled,Curve,Others,Bitumen(Tar),Dry,Not Applicable,Fine,Jaipura Doddi To Kariyappanadoddi Road Anekal Taluk,Loght Pool,40 Fet,12.768374,77.603349
Bengaluru Dist,Bannerghatta PS,1.04421e+16,2021,1,2,Road Accidents,Narrow road,Rural Areas,Open area,Human Error,Not Applicable,Simple Injury,Vehicle to Vehicle,Uncontrolled,Others,State Highway,Bitumen(Tar),Dry,Not Applicable,Clear,KARIYAPPANHALLI ROAD,GUNDU THOPU,200 MT,12.806846,77.586408
Bengaluru Dist,Bannerghatta PS,1.04421e+16,2021,1,1,Road Accidents,Narrow road,City/Town,Open area,Human Error,Yes,Simple Injury,Hit pedestrian,Uncontrolled,Others,State Highway,Bitumen(Tar),Dry,Not Applicable,Clear,BANNERUGHATTA ROAD,NEAR JELLI MISSION BUS STOP,100 MT,12.833088,77.587055
Bengaluru Dist,Bannerghatta PS,1.04421e+16,2021,1,2,Road Accidents,Narrow road,Rural Areas,Open area,Human Error,Yes,Simple Injury,Vehicle to Vehicle,Uncontrolled,Others,State Highway,Bitumen(Tar),Dry,Not Applicable,Clear,BANNERUGHATAT BANGLORE ROAD,NEAR RAN SCHOOL,1,12.819307,77.583603
Bengaluru Dist,Bannerghatta PS,1.04421e+16,2021,1,1,Road Accidents,Narrow road,Rural Areas,Residential area,Human Error,No,Fatal,Hit pedestrian,Uncontrolled,Others,Residential Street,Bitumen(Tar),Dry,No influence on accident,Fine,KOPPA BEGUR ROAD HULLAHALLI GATGE FRONT OF PVS BEKERY,1,1,12.826423,77.6324089
Bengaluru Dist,Bannerghatta PS,1.04421e+16,2021,1,2,Road Accidents,Cross roads,Rural Areas,Near School or College,Not Applicable,No,Grievous Injury,Vehicle to Vehicle,Uncontrolled,Curve,State Highway,Not Applicable,Dry,Not Applicable,Cloudy,87,NEAR BY AMC COLLAGE,1 K.M,12.824928,77.588214
Bengaluru Dist,Bannerghatta PS,1.04421e+16,2021,1,1,Not Applicable,Not Applicable,Rural Areas,Residential area,Not Applicable,Yes,Not Applicable,Hit pedestrian,Uncontrolled,Not Applicable,One way,Concrete,Others,Not Applicable,Fine,NO,KANCHIGAIANADODDI,1 K.M,12.816422,77.544634
Bengaluru Dist,Bannerghatta PS,1.04421e+16,2021,1,2,Rail Road Accidents,Narrow road,Rural Areas,Open area,Vehicle Defect,Yes,Fatal,Vehicle to Vehicle,Give way sign,Slight Curve,Sub Arterial,Bitumen(Tar),Dry,Engineering Defect of Road,Clear,BEGIHALLI MAILASANDRA ROAD,1,200MTR,12.806744,77.606062
Bengaluru Dist,Bannerghatta PS,1.04421e+16,2021,1,2,Road Accidents,Cross roads,Rural Areas,Residential area,Not Applicable,Not Applicable,Grievous Injury,Vehicle to Vehicle,Not Applicable,Not Applicable,Others,Not Applicable,Not Applicable,Not Applicable,Fine,Sakalavara Village cross Road,tar,4 k.m.,12.823962,77.605179
Bengaluru Dist,Bannerghatta PS,1.04421e+16,2022,1,2,Road Accidents,Cross roads,Rural Areas,Open area,Not Applicable,No,Grievous Injury,Vehicle to Vehicle,Controlled,Not Applicable,Two way,Not Applicable,Others,Not Applicable,Others,SHYANUBOGNAHALLI TO BILWARADAHALLI RAOD,K K SHARIP LAY OUT,6 K.M,12.827885,77.562848