DISTRICTNAME,UNITNAME,Crime_No,Year,RI,Noofvehicle_involved,Accident_Classification,Accident_Spot,Accident_Location,Accident_SubLocation,Main_Cause,Hit_Run,Severity,Collision_Type,Junction_Control,Road_Character,Road_Type,Surface_Type,Surface_Condition,Road_Condition,Weather,Accident_Road,Landmark_first,Distance_LandMark_First,Latitude,Longitude
Bengaluru Dist,Bannerghatta PS,1.04421e+16,2022,1,2,Road Accidents,Cross roads,Rural Areas,Open area,Human Error,No,Grievous Injury,Vehicle to Vehicle,Uncontrolled,Curve,Others,Bitumen(Tar),Dry,Not Applicable,Fine,tar road,ragihalli jayapuradoddi road,2meter,0.0,0.0
Bengaluru Dist,Bannerghatta PS,1.04421e+16,2022,1,1,Road Accidents,Curves,Rural Areas,Near office complex,Human Error,Yes,Simple Injury,Hit pedestrian,Uncontrolled,Curve,State Highway,Bitumen(Tar),Dry,Not Applicable,Fine,BANNERGHATTA BANGALURU MAIN ROAD,NEAR RAJASHREE JEWELERS SHOWROOM,500,12.825555,77.275551
Bengaluru Dist,Bannerghatta PS,1.04421e+16,2022,1,2,Road Accidents,Not Applicable,Rural Areas,Near Bus stop,Not Applicable,No,Damage Only,Not Applicable,Not Applicable,Others,State Highway,Not Applicable,Others,Not Applicable,Fine,Baneeragatta Jigani Road Banneragatta Circle,tar,100 ft,12.832456,77.590326
Bengaluru Dist,Bannerghatta PS,1.04421e+16,2022,1,2,Road Accidents,Cross roads,Rural Areas,Near School or College,Human Error,No,Grievous Injury,Vehicle to Vehicle,Controlled,Curve,State Highway,Surfaced,Dry,Not Applicable,Fine,bannerughatta road,RAYAN SCHOOL,1KM,12.819349,77.584704
Bengaluru Dist,Bannerghatta PS,1.04421e+16,2022,1,2,Road Accidents,Cross roads,Rural Areas,Residential area,Not Applicable,No,Grievous Injury,Vehicle to Vehicle,Not Applicable,Not Applicable,Others,Not Applicable,Not Applicable,Not Applicable,Fine,Kaggalipuar Banneragatta Main Tar Road,tar,5 k.m,12.82976,77.607002
Bengaluru Dist,Bannerghatta PS,1.04421e+16,2022,1,2,Not Applicable,Cross roads,Rural Areas,Near a religious place,Human Error,No,Grievous Injury,Hit bicyclist,Not at  Junction,Hump,State Highway,Concrete,Dry,Drainage Ditch,Clear,bannerughatta road,road,1 km,12.812826,77.580119
Bengaluru Dist,Bannerghatta PS,1.04421e+16,2022,1,2,Road Accidents,Narrow road,Rural Areas,Near a factory industrial area,Not Applicable,Not Applicable,Grievous Injury,Vehicle to Vehicle,Uncontrolled,Curve,One way,Bitumen(Tar),Dry,Not Applicable,Clear,NEAR UDAN COMPANY,NEAR UDAN COMPANY,7 KMS,12.82751,77.6219079
Bengaluru Dist,Bannerghatta PS,1.04421e+16,2022,1,2,Road Accidents,Narrow road,Rural Areas,Residential area,Not Applicable,Yes,Fatal,Vehicle to Vehicle,Not Applicable,Not Applicable,State Highway,Not Applicable,Not Applicable,Not Applicable,Fine,Baneeragatta Jigani Road,tar,4 k.m.,0.0,0.0
Bengaluru Dist,Bannerghatta PS,1.04421e+16,2022,1,2,Road Accidents,Narrow road,Rural Areas,Near School or College,Human Error,No,Grievous Injury,Vehicle to Vehicle,Uncontrolled,Straight and flat,One way,Bitumen(Tar),Dry,No influence on accident,Fine,SH 87,SARALABIRLA ACADAMY,1 KM,12.857224,77.157554
Bengaluru Dist,Bannerghatta PS,1.04421e+16,2022,1,2,Not Applicable,Not Applicable,Rural Areas,Residential area,Not Applicable,Yes,Grievous Injury,Not Applicable,Uncontrolled,Not Applicable,State Highway,Not Applicable,Dry,Not Applicable,Fine,87,BEGIHALLI GATE,1 K.M,12.790295,77.605182
Bengaluru Dist,Bannerghatta PS,1.04421e+16,2022,1,2,Not Applicable,Curves,Rural Areas,Open area,Not Applicable,No,Grievous Injury,Vehicle to Vehicle,Not Applicable,Curve,Forest Road,Bitumen(Tar),Not Applicable,Not Applicable,Fine,OTHER ROAD,KYASARAGUPPE,1 K.M,12.81786,77.573221
Bengaluru Dist,Bannerghatta PS,1.04421e+16,2022,1,3,Road Accidents,Narrow road,Rural Areas,Near Petrol Pump,Human Error,Yes,Not Applicable,Vehicle to Vehicle,Uncontrolled,Others,Two way,Bitumen(Tar),Others,Not Applicable,Clear,BANNERGHATTA BENGALURU MAIN ROAD,NEAR SITARAM KALYAN MANTAP,HALF,12.814824,77.582896
Bengaluru Dist,Bannerghatta PS,1.04421e+16,2022,1,2,Road Accidents,Road hump or Rumble strips,Rural Areas,Residential area,Not Applicable,No,Grievous Injury,Vehicle to Vehicle,Not Applicable,Not Applicable,State Highway,Not Applicable,Dry,Not Applicable,Mist or Fog,BANNERGHATTA - JIGANI ROAD,ANJNEY TEMPLE,1 K.M,12.809749,77.591166
Bengaluru Dist,Bannerghatta PS,1.04421e+16,2022,1,1,Road Accidents,Narrow road,Rural Areas,Near School or College,Human Error,No,Grievous Injury,Hit pedestrian,Not at  Junction,Slight Curve,Others,Bitumen(Tar),Dry,Not Applicable,Cloudy,KOPPA BEGUR ROAD,NEAR CHRIST ACADAMY COLLAGE,4KM,12.830779,77.615991
Bengaluru Dist,Bannerghatta PS,1.04421e+16,2022,1,2,Road Accidents,Narrow road,Rural Areas,Residential area,Not Applicable,Yes,Fatal,Not Applicable,Not Applicable,Not Applicable,Others,Not Applicable,Not Applicable,Not Applicable,Fine,"Koloform Gate to C.K.Palya Main Road, Tar Road",tar,5 k.m,12.83973,77.600894
Bengaluru Dist,Bannerghatta PS,1.04421e+16,2022,1,1,Road Accidents,Narrow road,Rural Areas,Residential area,Not Applicable,No,Simple Injury,Not Applicable,Not Applicable,Hump,Others,Bitumen(Tar),Not Applicable,Not Applicable,Fine,Banneragatta Jigani Road,Tar,6 k.m.,0.0,0.0
Bengaluru Dist,Bannerghatta PS,1.04421e+16,2022,1,2,Road Accidents,Cross roads,Rural Areas,Open area,Not Applicable,No,Damage Only,Vehicle to Vehicle,Not Applicable,Not Applicable,Others,Not Applicable,Not Applicable,Not Applicable,Fine,Banneragatta Jelli Mission Road,tar,1 k.m,12.814425,77.583001
Bengaluru Dist,Bannerghatta PS,1.04421e+16,2022,1,2,Road Accidents,Narrow road,Rural Areas,Residential area,Not Applicable,No,Fatal,Not Applicable,Not Applicable,Not Applicable,State Highway,Not Applicable,Not Applicable,Not Applicable,Fine,Banneragatta Bengaluru Road,tar,1 k.m.,12.818088,77.583846
Bengaluru Dist,Bannerghatta PS,1.04421e+16,2022,1,1,Road Accidents,Not Applicable,Rural Areas,Residential area,Not Applicable,Not Applicable,Grievous Injury,Not Applicable,Uncontrolled,Not Applicable,Residential Street,Not Applicable,Not Applicable,Drainage Ditch,Fine,Podu Village,Tar,5 k.m.,12.834572,77.634209
Bengaluru Dist,Bannerghatta PS,1.04421e+16,2022,1,1,Road Accidents,Narrow road,Rural Areas,Residential area,Not Applicable,Not Applicable,Grievous Injury,Not Applicable,Not Applicable,Not Applicable,Others,Not Applicable,Not Applicable,Not Applicable,Fine,Hullahalli Gate,tar,6 k.m.,12.825624,77.623102
Bengaluru Dist,Bannerghatta PS,1.04421e+16,2022,1,2,Road Accidents,Narrow road,Rural Areas,Residential area,Not Applicable,Not Applicable,Simple Injury,Vehicle to Vehicle,Not Applicable,Not Applicable,Others,Not Applicable,Not Applicable,Not Applicable,Fine,Harapanahalli Beguru Road,tar,6 k.m.,12.837923,77.642744
Bengaluru Dist,Bannerghatta PS,1.04421e+16,2022,1,2,Road Accidents,Not Applicable,Rural Areas,Residential area,Not Applicable,Yes,Grievous Injury,Vehicle to Vehicle,Not Applicable,Not Applicable,State Highway,Not Applicable,Not Applicable,Not Applicable,Fine,Jigani-Banneragatta Main Road,Tar,4 k.m,0.0,0.0
Bengaluru Dist,Bannerghatta PS,1.04421e+16,2022,1,1,Road Accidents,Circle,Rural Areas,Near Bus stop,Not Applicable,No,Grievous Injury,Not Applicable,Not Applicable,Not Applicable,Residential Street,Not Applicable,Not Applicable,Not Applicable,Fine,Baneeragatta Jigani Road Banneragatta Circle,tar,100 ft,12.802031,77.599597
Bengaluru Dist,Bannerghatta PS,1.04421e+16,2022,1,1,Not Applicable,Cross roads,Rural Areas,At pedestrian Crossing,Not Applicable,No,Grievous Injury,Hit pedestrian,No signal lights,Not Applicable,State Highway,Bitumen(Tar),Dry,Not Applicable,Fine,87,RAGIHALLI GATE,1 K.M,12.808771,77.589804
Bengaluru Dist,Bannerghatta PS,1.04421e+16,2022,1,2,Road Accidents,Curves,Rural Areas,Near a religious place,Not Applicable,Not Applicable,Simple Injury,Vehicle to Vehicle,Uncontrolled,Curve,State Highway,Bitumen(Tar),Dry,Not Applicable,Clear,BANNERGHATTA JIGANI MAIN ROAD,NEAR OMSHAKTI TEMPLE,5KMS,12.809665,77.591639
Bengaluru Dist,Bannerghatta PS,1.04421e+16,2022,1,1,Road Accidents,Not Applicable,Rural Areas,Open area,Not Applicable,No,Damage Only,Not Applicable,Not Applicable,Not Applicable,Others,Not Applicable,Others,Not Applicable,Fine,Ragihalli Mud Road,Mud,6 k.m.,12.82412,77.60428
Bengaluru Dist,Bannerghatta PS,1.04421e+16,2022,1,2,Road Accidents,Not Applicable,Rural Areas,Open area,Human Error,Not Applicable,Simple Injury,Vehicle to Vehicle,Not at  Junction,Others,State Highway,Bitumen(Tar),Others,Not Applicable,Clear,NEAR KOLI FARM GATE KALKERE VILLAGE,KALKERE FOREST GATE,4KMS,12.832943,77.589428
Bengaluru Dist,Bannerghatta PS,1.04421e+16,2022,1,1,Road Accidents,Narrow road,Rural Areas,Residential area,Not Applicable,Not Applicable,Fatal,Not Applicable,Not Applicable,Not Applicable,Others,Not Applicable,Others,Not Applicable,Fine,Koppa Beguru Road,tar,6 k.m.,12.83241,77.640612
Bengaluru Dist,Bannerghatta PS,1.04421e+16,2022,1,2,Road Accidents,Narrow road,Rural Areas,Residential area,Not Applicable,Not Applicable,Simple Injury,Not Applicable,Not Applicable,Not Applicable,State Highway,Not Applicable,Not Applicable,Not Applicable,Fine,Banneragatta Bengaluru Road,tar,1 k.m.,12.806619,77.539704
Bengaluru Dist,Bannerghatta PS,1.04421e+16,2022,1,2,Road Accidents,Cross roads,Rural Areas,Residential area,Not Applicable,Not Applicable,Not Applicable,Not Applicable,Not Applicable,Not Applicable,Others,Not Applicable,Not Applicable,Not Applicable,Fine,Kaggalipuar Banneragatta Main Tar Road,tar,6 k.m.,12.805815,77.543843
Bengaluru Dist,Bannerghatta PS,1.04421e+16,2022,1,2,Road Accidents,Cross roads,Rural Areas,Residential area,Human Error,Not Applicable,Grievous Injury,Vehicle to Vehicle,Not Applicable,Curve,State Highway,Bitumen(Tar),Others,Not Applicable,Clear,BANNERGHATTA JIGANI MAIN ROAD NEAR JAYARAM LAYOUT CROSS,BANNERGHATTA JIGANI MAIN ROAD,2 KMS,12.81477,77.582793
Bengaluru Dist,Bannerghatta PS,1.04421e+16,2022,1,2,Road Accidents,Cross roads,Rural Areas,Near School or College,Human Error,Not Applicable,Grievous Injury,Vehicle to Vehicle,Uncontrolled,Others,State Highway,Bitumen(Tar),Dry,Not Applicable,Fine,BANNERGHATTA BENGALURU MAIN ROAD,NEAR AMC ENGINEERING COLLEGE,4KMS,12.828717,77.5873089
Bengaluru Dist,Bannerghatta PS,1.04421e+16,2022,1,2,Road Accidents,Circle,Rural Areas,Residential area,Not Applicable,Not Applicable,Grievous Injury,Not Applicable,Not Applicable,Not Applicable,Others,Not Applicable,Others,Not Applicable,Fine,Hullahalli Gate,tar,6 k.m.,12.827248,77.623203
Bengaluru Dist,Bannerghatta PS,1.04421e+16,2022,1,1,Road Accidents,Not Applicable,Rural Areas,Near or inside a village,Not Applicable,Not Applicable,Fatal,Not Applicable,Not Applicable,Not Applicable,Others,Not Applicable,Not Applicable,Not Applicable,Fine,Hullahalli Chinnayanapalya Lake,Mud,5 k.m,12.832252,77.616124
Bengaluru Dist,Bannerghatta PS,1.04421e+16,2022,1,2,Road Accidents,Narrow road,Rural Areas,Near School or College,Human Error,No,Grievous Injury,Vehicle to Vehicle,Not at  Junction,Not Applicable,State Highway,Surfaced,Dry,Not Applicable,Fine,BANNERGHATTA ROAD,ST JOSEPH CHURCH,3 KM,12.829321,77.587557
Bengaluru Dist,Bannerghatta PS,1.04421e+16,2022,1,2,Road Accidents,Junction,Rural Areas,Near Bus stop,Human Error,No,Simple Injury,Vehicle to Vehicle,Uncontrolled,Straight and flat,One way,Surfaced,Dry,Not Applicable,Others,STATE HIGHWAY,MANTAPA GATE,3 KM,0.0,0.0
Bengaluru Dist,Bannerghatta PS,1.04421e+16,2022,1,1,Not Applicable,Not Applicable,Rural Areas,Open area,Not Applicable,No,Grievous Injury,Not Applicable,Uncontrolled,Not Applicable,State Highway,Not Applicable,Dry,Not Applicable,Fine,87,FORREST GATE,2 K M,12.821545,77.575618
Bengaluru Dist,Bannerghatta PS,1.04421e+16,2022,1,1,Road Accidents,Narrow road,Rural Areas,Residential area,Not Applicable,No,Grievous Injury,Not Applicable,Uncontrolled,Not Applicable,State Highway,Not Applicable,Others,Not Applicable,Fine,Jigani-Banneragatta Main Road,Tar,2 k.m,0.0,0.0
Bengaluru Dist,Bannerghatta PS,1.04421e+16,2022,1,2,Road Accidents,Narrow road,Rural Areas,Near or inside a village,Human Error,No,Damage Only,Vehicle to Vehicle,Uncontrolled,Straight and flat,State Highway,Bitumen(Tar),Flooded,Not Applicable,Fine,STATE HIGHWAY,infront of hruthik automobiles shop,1km,12.851242,77.247514
Bengaluru Dist,Bannerghatta PS,1.04421e+16,2022,1,2,Road Accidents,Narrow road,Rural Areas,Open area,Not Applicable,No,Fatal,Vehicle to Vehicle,Not Applicable,Others,One way,Bitumen(Tar),Dry,Not Applicable,Fine,Bannerughatta Jigani Road,Clasic Tails Store,20 Fet,12.813119,77.578251
Bengaluru Dist,Bannerghatta PS,1.04421e+16,2023,1,1,Road Accidents,Narrow road,Rural Areas,Residential area,Not Applicable,Not Applicable,Fatal,Not Applicable,Not Applicable,Not Applicable,One way,Not Applicable,Not Applicable,Not Applicable,Fine,Bengaluru Banneragatta Road,tar,2 k.m,12.809781,77.590964
Bengaluru Dist,Bannerghatta PS,1.04421e+16,2023,1,2,Road Accidents,Road hump or Rumble strips,Rural Areas,Residential area,Human Error,No,Grievous Injury,Vehicle to Vehicle,Controlled,Others,Two way,Surfaced,Dry,Not Applicable,Cloudy,BANNERGHATTA ROAD,BUS STOP,2 KM,12.825499,77.58627
Bengaluru Dist,Bannerghatta PS,1.04421e+16,2023,1,2,Road Accidents,Junction,Rural Areas,Near Bus stop,Human Error,Yes,Grievous Injury,Vehicle to Vehicle,Uncontrolled,Straight and flat,Two way,Surfaced,Dry,Not Applicable,Fine,STATE HIGHWAY,KALKERE CROSS,2 KM,12.832788,77.589138
Bengaluru Dist,Bannerghatta PS,1.04421e+16,2023,1,1,Road Accidents,Cross roads,Rural Areas,Open area,Not Applicable,Not Applicable,Fatal,Not Applicable,Uncontrolled,Not Applicable,Others,Not Applicable,Not Applicable,Not Applicable,Fine,Banneragatta Kaggalipur Main Road,Tar,5 k.m.,0.0,0.0
Bengaluru Dist,Bannerghatta PS,1.04421e+16,2023,1,2,Road Accidents,Cross roads,Rural Areas,Residential area,Not Applicable,No,Fatal,Vehicle to Vehicle,Not Applicable,Slight Curve,Residential Street,Not Applicable,Not Applicable,Not Applicable,Fine,Hullahalli Village,Tar,6 k.m,0.0,0.0
Bengaluru Dist,Bannerghatta PS,1.04421e+16,2023,1,1,Road Accidents,Not Applicable,Rural Areas,Open area,Human Error,No,Simple Injury,Hit pedestrian,Not Applicable,Not Applicable,State Highway,Bitumen(Tar),Dry,Not Applicable,Clear,BANNERGHATTA JIGANI MAIN ROAD,NEAR INDIAN MOVEMENT PARTY,5KMS,12.800622,77.597175
Bengaluru Dist,Bannerghatta PS,1.04421e+16,2023,1,1,Road Accidents,Curves,Rural Areas,Open area,Human Error,Not Applicable,Simple Injury,Not Applicable,Uncontrolled,Incline,State Highway,Bitumen(Tar),Dry,Not Applicable,Clear,BANGALURU BANNERGHATTA MAIN ROAD,JELLYMISSION VILLAGE,3KMS,12.492221,77.357174
Bengaluru Dist,Bannerghatta PS,1.04421e+16,2023,1,1,Road Accidents,Narrow road,Rural Areas,In bazaar,Not Applicable,Not Applicable,Fatal,Hit pedestrian,Uncontrolled,Not Applicable,State Highway,Not Applicable,Not Applicable,Not Applicable,Fine,Beguru - Koppa Main Road Hullahalli Gate,Tar,6 k.m.,12.831171,77.624263
Bengaluru Dist,Bannerghatta PS,1.04421e+16,2023,1,1,Road Accidents,Narrow road,Rural Areas,Residential area,Human Error,Yes,Grievous Injury,Hit pedestrian,Not Applicable,Others,State Highway,Bitumen(Tar),Dry,Not Applicable,Clear,BANNERGHATTA BANGALURU ROAD,NEAR NATURE LUXURY,2KMS,12.820139,77.583642
Bengaluru Dist,Bannerghatta PS,1.04421e+16,2023,1,1,Road Accidents,Circle,Rural Areas,Near Bus stop,Human Error,No,Grievous Injury,Not Applicable,Uncontrolled,Straight and flat,State Highway,Bitumen(Tar),Dry,Not Applicable,Clear,BANNERGHATTA ROAD,BEGIHALLI GATE,4KM,12.797913,77.610851
Bengaluru Dist,Bannerghatta PS,1.04421e+16,2023,1,1,Road Accidents,Narrow road,Rural Areas,Residential area,Not Applicable,Not Applicable,Fatal,Not Applicable,Uncontrolled,Straight and flat,State Highway,Not Applicable,Others,Not Applicable,Fine,Banneragatta Bengaluru Main Road,Tar,2 k.m,12.828906,77.587416
Bengaluru Dist,Bannerghatta PS,1.04421e+16,2023,1,2,Road Accidents,Curves,Rural Areas,Open area,Human Error,No,Grievous Injury,Vehicle to Vehicle,Uncontrolled,Slight Curve,Two way,Bitumen(Tar),Others,Not Applicable,Fine,BANNRGHATTA KAGGALIPURA ROAD,NEAR CRPF DOG BREEDING CENTER,7KM,12.814495,77.565988
Bengaluru Dist,Bannerghatta PS,1.04421e+16,2023,1,2,Road Accidents,Narrow road,Rural Areas,Open area,Human Error,No,Grievous Injury,Vehicle to Vehicle,Controlled,Straight and flat,One way,Bitumen(Tar),Dry,Not Applicable,Clear,SH 87,MAKRAN GRANITE FACTORY NEAR,2 KM,0.0,0.0
Bengaluru Dist,Bannerghatta PS,1.04421e+16,2023,1,1,Road Accidents,Narrow road,Rural Areas,Near Bus stop,Human Error,No,Grievous Injury,Not Applicable,Not Applicable,Others,State Highway,Bitumen(Tar),Dry,Not Applicable,Clear,MANTAP CROSS,JIGANI BANNERGHATTA MAIN ROAD,3KMS,12.802264,77.596762
Bengaluru Dist,Bannerghatta PS,1.04421e+16,2023,1,1,Road Accidents,Narrow road,Rural Areas,Residential area,Human Error,Yes,Grievous Injury,Hit pedestrian,Not Applicable,Others,State Highway,Bitumen(Tar),Dry,Not Applicable,Clear,BANNERGHATTA BANGALURU MAIN ROAD,NEAR ANANDASABHAGRAHA KALYAN MANTAP,500MTR,12.818163,77.584156
Bengaluru Dist,Bannerghatta PS,1.04421e+16,2023,1,2,Road Accidents,Narrow road,Rural Areas,Near Petrol Pump,Human Error,No,Grievous Injury,Vehicle to Vehicle,Controlled,Straight and flat,One way,Bitumen(Tar),Dry,Not Applicable,Others,BANNERGHATTA ROAD,NEAR HP PETROL BUNK,1 KM,12.811083,77.585875
Bengaluru Dist,Bannerghatta PS,1.04421e+16,2023,1,1,Road Accidents,Circle,Rural Areas,Near Bus stop,Human Error,Yes,Grievous Injury,Hit pedestrian,Uncontrolled,Straight and flat,State Highway,Surfaced,Others,Not Applicable,Others,BANNERGHATTA ROAD,MANTAPA GATE,2 KM,12.800251,77.598988
Bengaluru Dist,Bannerghatta PS,1.04421e+16,2023,1,2,Road Accidents,Narrow road,Rural Areas,Open area,Human Error,No,Grievous Injury,Vehicle to Vehicle,Uncontrolled,Straight and flat,Forest Road,Bitumen(Tar),Dry,Not Applicable,Clear,RAGIHALLI ROAD,NEAR FOREST GATE,8KMS,12.749522,77.576254
Bengaluru Dist,Bannerghatta PS,1.04421e+16,2023,1,2,Road Accidents,Cross roads,Rural Areas,Open area,Human Error,No,Simple Injury,Vehicle to Vehicle,Controlled,Straight and flat,Two way,Surfaced,Dry,Not Applicable,Fine,BANNRGHATTA KAGGALIPURA ROAD,NEAR CRPF GATE,5 KM,12.800771,77.539913
Bengaluru Dist,Bannerghatta PS,1.04421e+16,2023,1,2,Road Accidents,Curves,Rural Areas,Residential area,Not Applicable,No,Fatal,Vehicle to Vehicle,Uncontrolled,Curve,Others,Bitumen(Tar),Not Applicable,Not Applicable,Fine,Banneragatta Kaggalipur Main Road,Tar,6 k.m.,0.0,0.0
Bengaluru Dist,Bannerghatta PS,1.04421e+16,2023,1,2,Road Accidents,Narrow road,Rural Areas,Residential area,Not Applicable,Not Applicable,Fatal,Vehicle to Vehicle,Uncontrolled,Not Applicable,State Highway,Not Applicable,Not Applicable,Not Applicable,Fine,Banneragatta Jigani Road,Tar,5 k.m.,12.800214,77.598925
Bengaluru Dist,Bannerghatta PS,1.04421e+16,2023,1,2,Road Accidents,Junction,Rural Areas,Near or inside a village,Human Error,No,Simple Injury,Vehicle to Vehicle,Not Applicable,Others,State Highway,Bitumen(Tar),Dry,Not Applicable,Clear,BANNERGHATTA BANGALURU MAIN ROAD,BANNERGHATTA BANGALURU MAIN ROAD,2KMS,12.824776,77.585881
Bengaluru Dist,Bannerghatta PS,1.04421e+16,2023,1,2,Road Accidents,Junction,Rural Areas,Near Bus stop,Human Error,No,Grievous Injury,Vehicle to Vehicle,Controlled,Straight and flat,State Highway,Bitumen(Tar),Dry,Not Applicable,Clear,KALKERE CROSS,KALKERE CROSS,3 KM,12.832612,77.589078
Bengaluru Dist,Bannerghatta PS,1.04421e+16,2023,1,2,Road Accidents,Road hump or Rumble strips,Rural Areas,Near School or College,Human Error,No,Simple Injury,Vehicle to Vehicle,Controlled,Straight and flat,Two way,Bitumen(Tar),Dry,Not Applicable,Fine,KOPPA BEGUR ROAD,NEAR CHRIST ACADAMY COLLAGE,5 km,12.789886,77.604703
Bengaluru Dist,Bannerghatta PS,1.04421e+16,2023,1,1,Road Accidents,Circle,Rural Areas,Near Bus stop,Human Error,No,Grievous Injury,Hit pedestrian,Controlled,Straight and flat,Two way,Surfaced,Dry,Not Applicable,Fine,BANNERGHATTA ROAD,JANGALPALYA GATE,2 KM,12.808356,77.590444
Bengaluru Dist,Bannerghatta PS,1.04421e+16,2023,1,2,Road Accidents,Narrow road,Rural Areas,Near or inside a village,Human Error,No,Damage Only,Vehicle to Vehicle,Controlled,Straight and flat,Others,Surfaced,Others,Not Applicable,Fine,LAY OUT RAOD,NEAR SCHOOL OF INDIA,1 KM,12.813989,77.587207
Bengaluru Dist,Bannerghatta PS,1.04421e+16,2023,1,2,Road Accidents,Not Applicable,Rural Areas,Open area,Not Applicable,Yes,Fatal,Vehicle to Vehicle,Uncontrolled,Straight and flat,Two way,Surfaced,Dry,Not Applicable,Fine,KULUME PALYA ROAD,KULUME PALYA ROAD,5 KM,12.830949,77.552563
Bengaluru Dist,Bannerghatta PS,1.04421e+16,2023,1,2,Road Accidents,Narrow road,Rural Areas,Residential area,Not Applicable,No,Grievous Injury,Vehicle to Vehicle,Uncontrolled,Not Applicable,Residential Street,Not Applicable,Not Applicable,Not Applicable,Fine,Banneragatta Jigani Road,Tar,5 k m,12.802418,77.596865
Bengaluru Dist,Bannerghatta PS,1.04421e+16,2023,1,2,Road Accidents,Narrow road,Rural Areas,Near Bus stop,Human Error,Yes,Grievous Injury,Hit pedestrian,Uncontrolled,Straight and flat,Two way,Bitumen(Tar),Dry,Not Applicable,Cloudy,BANNERGHATTA ROAD,BEGIHALLI GATE,3 KM,12.79793,77.603828
Bengaluru Dist,Bannerghatta PS,1.04421e+16,2023,1,2,Road Accidents,Curves,Rural Areas,Open area,Not Applicable,Not Applicable,Simple Injury,Vehicle to Vehicle,Not Applicable,Curve,Others,Bitumen(Tar),Others,Not Applicable,Clear,KAGGALIPUR BANNERGHATTA MAIN ROAD HAKKIPIKKI COLONY CROSS,KAGGALIPUR BANNERGHATTA MAIN ROAD,6KMS,12.824201,77.542421
Bengaluru Dist,Bannerghatta PS,1.04421e+16,2023,1,1,Road Accidents,Narrow road,Rural Areas,At pedestrian Crossing,Not Applicable,Not Applicable,Grievous Injury,Hit pedestrian,Not Applicable,Not Applicable,State Highway,Not Applicable,Not Applicable,Not Applicable,Fine,Banneragatta Jigani Road,Tar,3,0.0,0.0
Bengaluru Dist,Bannerghatta PS,1.04421e+16,2023,1,2,Road Accidents,Cross roads,Rural Areas,Residential area,Not Applicable,Yes,Fatal,Vehicle to Vehicle,Not Applicable,Curve,State Highway,Not Applicable,Not Applicable,Not Applicable,Fine,Banneragatta Kaggalipur Main Road,Tar,5 k m,0.0,0.0
Bengaluru Dist,Bannerghatta PS,1.04421e+16,2023,1,2,Road Accidents,Narrow road,Rural Areas,Near Bus stop,Human Error,Not Applicable,Not Applicable,Vehicle to Vehicle,Not at  Junction,Others,State Highway,Bitumen(Tar),Dry,Not Applicable,Clear,BANGALURU BANNERGHATTA MAIN ROAD,BANNERGHATTA BANGALURU MAIN ROAD,3KMS,0.0,0.0
Bengaluru Dist,Bannerghatta PS,1.04421e+16,2023,1,1,Road Accidents,Narrow road,Rural Areas,Open area,Human Error,No,Grievous Injury,Hit pedestrian,Not Applicable,Others,Others,Bitumen(Tar),Dry,Not Applicable,Clear,NATIONAL PARK ROAD SAMPIGEHALLI VILLAGE,NEAR NANDINI MILK DAIRY,2KMS,12.811093,77.578467
Bengaluru Dist,Bannerghatta PS,1.04421e+16,2023,1,2,Road Accidents,Circle,Rural Areas,Near Bus stop,Human Error,Not Applicable,Damage Only,Vehicle to Vehicle,Uncontrolled,Others,State Highway,Bitumen(Tar),Others,Not Applicable,Clear,BANNERGHATTA JIGANI MAIN ROAD NEAR RAGIHALLI GATE,NEAR RAGIHALLI GATE,3KMS,0.0,0.0
Bengaluru Dist,Bannerghatta PS,1.04421e+16,2023,1,1,Road Accidents,Narrow road,Rural Areas,Residential area,Human Error,Not Applicable,Simple Injury,Not Applicable,Not at  Junction,Others,Others,Bitumen(Tar),Dry,Not Applicable,Clear,"Hullahalli-S Bingipura Road, near Visthara Convention Hall, Hullahalli",Near Visthara Convention Hall Hullahalli,7KM,12.825742,77.623967
Bengaluru Dist,Bannerghatta PS,1.04421e+16,2023,1,2,Road Accidents,Cross roads,Rural Areas,Open area,Human Error,Not Applicable,Not Applicable,Vehicle to Vehicle,Not at  Junction,Others,State Highway,Bitumen(Tar),Dry,Not Applicable,Clear,BANNERGHATTA BANGALURU MAIN ROAD,NEAR NATURE LUXURY,2KMS,12.822162,77.585252
Bengaluru Dist,Bannerghatta PS,1.04421e+16,2023,1,2,Road Accidents,Narrow road,Rural Areas,Residential area,Not Applicable,Yes,Grievous Injury,Vehicle to Vehicle,Not Applicable,Others,State Highway,Not Applicable,Others,Not Applicable,Fine,Banneragatta Bengaluru Main Road,Tar,3,12.83296,77.589162
Bengaluru Dist,Bannerghatta PS,1.04421e+16,2023,1,2,Road Accidents,Narrow road,Rural Areas,Near Petrol Pump,Human Error,No,Not Applicable,Vehicle to Vehicle,Not Applicable,Others,State Highway,Bitumen(Tar),Dry,Not Applicable,Clear,JIGANI BANNERGHATTA MAIN ROAD,NEAR HP PETROL BUNK,3KMS,12.810631,77.58678
Bengaluru Dist,Bannerghatta PS,1.04421e+16,2023,1,1,Road Accidents,Narrow road,Rural Areas,Residential area,Not Applicable,Not Applicable,Fatal,Not Applicable,Not Applicable,Others,Others,Not Applicable,Not Applicable,Not Applicable,Fine,"Banneragatta  Park Road, Opposite Sadbhavan School",Tar,2 k.m,0.0,0.0
Bengaluru Dist,Bannerghatta PS,1.04421e+16,2023,1,1,Road Accidents,Cross roads,Rural Areas,Residential area,Human Error,No,Simple Injury,Hit pedestrian,Controlled,Straight and flat,Residential Street,Surfaced,Dry,Not Applicable,Fine,LAY OUT RAOD,KANCHIGAIYANADODDI ROAD,5 km,12.823399,77.556369