DISTRICTNAME,UNITNAME,Crime_No,Year,RI,Noofvehicle_involved,Accident_Classification,Accident_Spot,Accident_Location,Accident_SubLocation,Main_Cause,Hit_Run,Severity,Collision_Type,Junction_Control,Road_Character,Road_Type,Surface_Type,Surface_Condition,Road_Condition,Weather,Accident_Road,Landmark_first,Distance_LandMark_First,Latitude,Longitude
Bengaluru Dist,Bannerghatta PS,1.04421e+16,2023,1,2,Road Accidents,Narrow road,Rural Areas,Near School or College,Human Error,Yes,Grievous Injury,Vehicle to Vehicle,Not Applicable,Others,Others,Bitumen(Tar),Dry,Not Applicable,Clear,KOPPA BEGURU  MAIN ROAD,NEAR REDBRIDGE SCHOOL,8KMS,12.810887,77.627495
Bengaluru Dist,Chennarayapatana PS,1.04422e+16,2016,1,2,Road Accidents,Curves,Rural Areas,Near or inside a village,Human Error,No,Damage Only,Others,Uncontrolled,Others,State Highway,Bitumen(Tar),Dry,Not Applicable,Fine,Devanahalli-Budigere Cargo Road,Straight to Chikkanna Land,20 Mtr,0.0,0.0
Bengaluru Dist,Chennarayapatana PS,1.04422e+16,2016,1,2,Road Accidents,Narrow road,Rural Areas,Open area,Human Error,No,Fatal,Others,Uncontrolled,Straight and flat,State Highway,Surfaced,Dry,Not Applicable,Fine,Budigere Davanahalli Road,NEAR JONNAHALLI CROSS,15MET,0.0,0.0
Bengaluru Dist,Chennarayapatana PS,1.04422e+16,2016,1,2,Road Accidents,Curves,Rural Areas,Open area,Human Error,No,Simple Injury,Others,Uncontrolled,Curve,State Highway,Bitumen(Tar),Dry,Not Applicable,Fine,Budigre-Devanahalli Road,Straight to Thimmarayappa And Nagarajappa Fields,10 Mtr,0.0,0.0
Bengaluru Dist,Chennarayapatana PS,1.04422e+16,2016,1,1,Road Accidents,Narrow road,Rural Areas,Open area,Human Error,No,Simple Injury,Others,Uncontrolled,Curve,Village Road,Bitumen(Tar),Dry,Not Applicable,Fine,YALIYURU - DEVANAHALLI ROAD,NANJAPPA So DODDAPILLAPPA LAND,10 Mtr,0.0,0.0
Bengaluru Dist,Chennarayapatana PS,1.04422e+16,2016,1,1,Road Accidents,Circle,Villages settlement,Near or inside a village,Human Error,No,Simple Injury,Hit pedestrian,Uncontrolled,Others,Village Road,Bitumen(Tar),Dry,Not Applicable,Fine,NALLURU CROSS - BUDIGERE ROAD,INFROT OF RAJANNA STORE,10 Mtr,0.0,0.0
Bengaluru Dist,Chennarayapatana PS,1.04422e+16,2016,1,2,Road Accidents,Narrow road,Rural Areas,Open area,Human Error,Yes,Simple Injury,Hit and Run,Uncontrolled,Slight Curve,Village Road,Bitumen(Tar),Dry,Not Applicable,Fine,Budigre-Chowdappanahalli Road,Straight to Appayyanna Field,10 Mtr,0.0,0.0
Bengaluru Dist,Chennarayapatana PS,1.04422e+16,2016,1,2,Road Accidents,Curves,Rural Areas,Open area,Human Error,No,Simple Injury,Others,Uncontrolled,Others,State Highway,Bitumen(Tar),Dry,Not Applicable,Fine,Devanahalli-Budigere Cargo Road,Ssomathannahalli Devaraja Land,10 Mtr,0.0,0.0
Bengaluru Dist,Chennarayapatana PS,1.04422e+16,2016,1,1,Road Accidents,Curves,Rural Areas,Open area,Human Error,No,Fatal,Skidding or Self accident,Uncontrolled,Straight and flat,Others,Bitumen(Tar),Dry,Not Applicable,Fine,HOSAHALLI CHANNAHALLI ROAD,SHIVASHANKAR LAND,15MET,0.0,0.0
Bengaluru Dist,Chennarayapatana PS,1.04422e+16,2016,1,1,Road Accidents,Other,Rural Areas,Open area,Human Error,Not Applicable,Simple Injury,Others,Uncontrolled,Straight and flat,Village Road,Bitumen(Tar),Dry,Not Applicable,Fine,CHANNARAYAPATNA - BALEPURA ROAD,Straight to Pillegowda Land,10 Mtr,0.0,0.0
Bengaluru Dist,Chennarayapatana PS,1.04422e+16,2016,1,1,Road Accidents,Curves,Rural Areas,Open area,Human Error,No,Fatal,Skidding or Self accident,Uncontrolled,Straight and flat,Others,Bitumen(Tar),Dry,Not Applicable,Fine,BUDIGERE NALLURU ROAD,SOMATTANAHALLI NELAMMA LAND,15MET,0.0,0.0
Bengaluru Dist,Chennarayapatana PS,1.04422e+16,2016,1,2,Road Accidents,Other,Rural Areas,Open area,Human Error,No,Simple Injury,Head on,Not at  Junction,Slight Curve,State Highway,Bitumen(Tar),Dry,Not Applicable,Fine,Devanahalli-Budigere Cargo Road,NEAR MISHRA FARM,20 Mtr,0.0,0.0
Bengaluru Dist,Chennarayapatana PS,1.04422e+16,2016,1,1,Road Accidents,Narrow road,Rural Areas,Open area,Human Error,No,Fatal,Others,Uncontrolled,Straight and flat,State Highway,Surfaced,Dry,Not Applicable,Fine,Budigere Davanahalli Road,ERANNA LAND,15MET,0.0,0.0
Bengaluru Dist,Chennarayapatana PS,1.04422e+16,2016,1,2,Road Accidents,Other,Rural Areas,Near Bus stop,Human Error,No,Simple Injury,Hit parked vehicle,Uncontrolled,Straight and flat,Expressway,Surfaced,Dry,Not Applicable,Fine,Devanahalli- sulibele Road,Channhalli Bus stand,4Ft,0.0,0.0
Bengaluru Dist,Chennarayapatana PS,1.04422e+16,2016,1,2,Road Accidents,Other,Villages settlement,Open area,Human Error,Not Applicable,Fatal,Head on,Not at  Junction,Slight Curve,State Highway,Bitumen(Tar),Dry,No influence on accident,Fine,Devanahalli-Budigere Cargo Road,NEAR BALADIMMANAHALLI,20 Mtr,0.0,0.0
Bengaluru Dist,Chennarayapatana PS,1.04422e+16,2016,1,1,Road Accidents,Circle,Not Applicable,Near School or College,Human Error,Not Applicable,Fatal,Skidding or Self accident,Not Applicable,Straight and flat,NH,Bitumen(Tar),Not Applicable,Not Applicable,Fine,Devanahalli-Sulibele,Grapes land of Appayanna towards South in 75 Feet Distance,75,0.0,0.0
Bengaluru Dist,Chennarayapatana PS,1.04422e+16,2016,1,2,Road Accidents,Other,Rural Areas,Open area,Human Error,No,Simple Injury,Head on,Uncontrolled,Others,State Highway,Bitumen(Tar),Dry,Not Applicable,Fine,Budigre-Devanahalli Road,NEAR SUMAN MISHRA FARM HOUSE,15 MTR,0.0,0.0
Bengaluru Dist,Chennarayapatana PS,1.04422e+16,2016,1,2,Road Accidents,Other,Villages settlement,Near or inside a village,Not Applicable,No,Fatal,Head on,Not at  Junction,Straight and flat,Others,Bitumen(Tar),Wet,Not Applicable,Light Rain,Budigre-Nalluru Road,Towards East in Distance 25 Feet in One Electric Pole,25 Fee,0.0,0.0
Bengaluru Dist,Chennarayapatana PS,1.04422e+16,2016,1,2,Road Accidents,Other,Rural Areas,Open area,Human Error,No,Simple Injury,Others,Uncontrolled,Curve,State Highway,Bitumen(Tar),Dry,Not Applicable,Fine,Devanahalli-Budigere Cargo Road,Straight to Hosahalli Krishnamurthy Land,20 mtr,0.0,0.0
Bengaluru Dist,Chennarayapatana PS,1.04422e+16,2016,1,2,Road Accidents,Other,Rural Areas,Open area,Human Error,No,Simple Injury,Others,Uncontrolled,Others,Others,Bitumen(Tar),Dry,Not Applicable,Fine,Devanahalli-Sulibele,Straight to Balepura Laxminarayanappa Land,15 mtr,0.0,0.0
Bengaluru Dist,Chennarayapatana PS,1.04422e+16,2016,1,1,Rail Road Accidents,Other,Villages settlement,Near Bus stop,Human Error,Yes,Simple Injury,Hit and Run,Not Applicable,Straight and flat,Village Road,Bitumen(Tar),Dry,No influence on accident,Fine,BALEPURA CHANNARAYAPATNA ROAD,MALLEPURA BUS STOP,10 Mtr,0.0,0.0
Bengaluru Dist,Chennarayapatana PS,1.04422e+16,2017,1,1,Road Accidents,Circle,Villages settlement,Residential area,Human Error,No,Simple Injury,Others,No signal lights,Others,Others,Surfaced,Dry,Not Applicable,Fine,NALLURU ROAD,NALLURU ROAD CRICLE,4Ft,0.0,0.0
Bengaluru Dist,Chennarayapatana PS,1.04422e+16,2017,1,2,Road Accidents,T Junction,Villages settlement,Near Bus stop,Human Error,No,Simple Injury,Head on,Not at  Junction,Slight Curve,State Highway,Bitumen(Tar),Dry,Not Applicable,Fine,Devanahalli-Budigere Cargo Road,NEAR BETTAKOTE BUS STOP,10 Mtr,0.0,0.0
Bengaluru Dist,Chennarayapatana PS,1.04422e+16,2017,1,1,Road Accidents,Narrow road,Rural Areas,Residential area,Human Error,No,Simple Injury,Others,Uncontrolled,Others,Village Road,Surfaced,Dry,Not Applicable,Fine,channarayapattana -Balepura,Naganayakanahalli ROAD,4Ft,0.0,0.0
Bengaluru Dist,Chennarayapatana PS,1.04422e+16,2017,1,1,Road Accidents,Other,Rural Areas,Open area,Human Error,Not Applicable,Damage Only,Skidding or Self accident,Uncontrolled,Straight and flat,State Highway,Bitumen(Tar),Dry,Not Applicable,Fine,Devanahalli-Budigere Cargo Road,Bettakote Bus Stand,5 Mtr,0.0,0.0
Bengaluru Dist,Chennarayapatana PS,1.04422e+16,2017,1,2,Road Accidents,Other,Rural Areas,Near or inside a village,Human Error,Not Applicable,Damage Only,Head on,Not at  Junction,Others,State Highway,Bitumen(Tar),Dry,No influence on accident,Fine,Devanahalli-Budigere Cargo Road,Straight to Kondappa land,20 Mtr,0.0,0.0
Bengaluru Dist,Chennarayapatana PS,1.04422e+16,2017,1,2,Road Accidents,Cross roads,Rural Areas,Residential area,Vehicle Defect,No,Simple Injury,Others,No signal lights,Curve,Village Road,Kutcha,Dry,Not Applicable,Fine,KONAGINABELE ROAD,KONAGINABELE ROAD,4Ft,0.0,0.0
Bengaluru Dist,Chennarayapatana PS,1.04422e+16,2017,1,2,Road Accidents,Other,Villages settlement,Near or inside a village,Human Error,No,Simple Injury,Head on,Not at  Junction,Straight and flat,Village Road,Bitumen(Tar),Dry,No influence on accident,Fine,BALEPURA CHANNARAYAPATNA ROAD,In front of Jagadeesha House,20 Mtr,0.0,0.0
Bengaluru Dist,Chennarayapatana PS,1.04422e+16,2017,1,2,Road Accidents,Cross roads,Villages settlement,Near Bus stop,Human Error,No,Simple Injury,Head on,Not Applicable,Slight Curve,NH,Bitumen(Tar),Dry,Not Applicable,Fine,Devanahalli-Sulibele NH 207 ROAD,BALEPURA CROSS,10 Mtr,0.0,0.0
Bengaluru Dist,Chennarayapatana PS,1.04422e+16,2017,1,1,Road Accidents,Curves,Villages settlement,Near School or College,Human Error,Yes,Grievous Injury,Hit and Run,Not at  Junction,Slight Curve,Village Road,Bitumen(Tar),Dry,No influence on accident,Fine,GANGAVARA KAMMASANDRA ROAD,NEAR GANGAVARA GOVERNMENT SCHOOL,20 Mtr,0.0,0.0
Bengaluru Dist,Chennarayapatana PS,1.04422e+16,2017,1,1,Road Accidents,Other,Rural Areas,Near or inside a village,Not Applicable,No,Fatal,Others,Not Applicable,Others,Village Road,Bitumen(Tar),Dry,Not Applicable,Fine,Devenahalli-Budigere Road,West side Light pole,10 ft,0.0,0.0
Bengaluru Dist,Chennarayapatana PS,1.04422e+16,2017,1,2,Road Accidents,Curves,Rural Areas,Near School or College,Human Error,Not Applicable,Grievous Injury,Others,Not at  Junction,Sharp Curve,State Highway,Bitumen(Tar),Dry,No influence on accident,Fine,Budigre-Devanahalli Road,Near Siddhaganga School,20 Mtr,0.0,0.0
Bengaluru Dist,Chennarayapatana PS,1.04422e+16,2017,1,1,Road Accidents,Other,Rural Areas,Open area,Human Error,No,Simple Injury,Others,Uncontrolled,Not Applicable,State Highway,Bitumen(Tar),Dry,Not Applicable,Fine,Budigere-Hittarahalli Road,Near Ramanna Field,4Ft,0.0,0.0
Bengaluru Dist,Chennarayapatana PS,1.04422e+16,2017,1,1,Road Accidents,Other,Villages settlement,Open area,Human Error,No,Simple Injury,Others,Not at  Junction,Slight Curve,State Highway,Bitumen(Tar),Dry,No influence on accident,Fine,Devanahalli-Budigere Cross Road,NEAR DARGA HITTARAHALLI GATE,50 MTR,0.0,0.0
Bengaluru Dist,Chennarayapatana PS,1.04422e+16,2017,1,2,Road Accidents,Curves,Rural Areas,Open area,Human Error,No,Simple Injury,Side swipe,Not at  Junction,Slight Curve,Village Road,Bitumen(Tar),Dry,Not Applicable,Fine,Budigre-Chowdappanahalli Road,Budigere Amani Lake Kodi,10 Mtr,0.0,0.0
Bengaluru Dist,Chennarayapatana PS,1.04422e+16,2017,1,2,Road Accidents,Curves,Rural Areas,Open area,Human Error,No,Fatal,Others,Not at  Junction,Curve,State Highway,Bitumen(Tar),Dry,Not Applicable,Fine,Budigere Davanahalli Road,Manchappanahalli Gate,20 FT,0.0,0.0
Bengaluru Dist,Chennarayapatana PS,1.04422e+16,2017,1,2,Road Accidents,Narrow road,Villages settlement,Open area,Human Error,Not Applicable,Simple Injury,Head on,Not at  Junction,Curve,Village Road,Bitumen(Tar),Dry,Not Applicable,Fine,Budigre-Chowdappanahalli Road,At Budigere Amani Lake,15 MTR,0.0,0.0
Bengaluru Dist,Chennarayapatana PS,1.04422e+16,2017,1,2,Road Accidents,Curves,Villages settlement,Near or inside a village,Human Error,Not Applicable,Damage Only,Head on,Not Applicable,Curve,State Highway,Bitumen(Tar),Dry,No influence on accident,Fine,Devanahalli-Budigere Cargo Road,Near Shanimahathma Temple,20 Mtr,0.0,0.0
Bengaluru Dist,Chennarayapatana PS,1.04422e+16,2017,1,2,Road Accidents,Other,Rural Areas,Near or inside a village,Human Error,Yes,Grievous Injury,Hit and Run,Not at  Junction,Straight and flat,State Highway,Bitumen(Tar),Dry,Not Applicable,Fine,Devanahalli-Budigere Cargo Road,Gajendra Bricks Factory,150ft,0.0,0.0
Bengaluru Dist,Chennarayapatana PS,1.04422e+16,2017,1,2,Road Accidents,Other,Villages settlement,Near or inside a village,Human Error,No,Simple Injury,Head on,Not at  Junction,Straight and flat,Village Road,Bitumen(Tar),Dry,Not Applicable,Fine,Devanaykanahalli - Jonnahalli Road,Near Devanaykanahalli Dairy,10 Mtr,0.0,0.0
Bengaluru Dist,Chennarayapatana PS,1.04422e+16,2017,1,2,Road Accidents,Other,Villages settlement,Near Petrol Pump,Human Error,No,Fatal,Head on,Not at  Junction,Straight and flat,NH,Bitumen(Tar),Dry,No influence on accident,Fine,Devanahalli-Sulibele NH 207 ROAD,NEAR INDIAN OIL PETROL BUNK CHANNAHALLI GATE,20 Mtr,0.0,0.0
Bengaluru Dist,Chennarayapatana PS,1.04422e+16,2017,1,1,Road Accidents,Curves,Rural Areas,Open area,Human Error,Not Applicable,Damage Only,Overturning,Not at  Junction,Slight Curve,State Highway,Bitumen(Tar),Dry,Not Applicable,Fine,Devanahalli-Budigere Cargo Road,Near Manchappanahalli gate,20 Mtr,0.0,0.0
Bengaluru Dist,Chennarayapatana PS,1.04422e+16,2017,1,2,Road Accidents,Other,Rural Areas,Open area,Human Error,Not Applicable,Simple Injury,Head on,Not at  Junction,Straight and flat,NH,Bitumen(Tar),Dry,No influence on accident,Fine,Devanahalli-Sulibele NH 207 ROAD,Near Nalluru Cross Balepura,200mtr,0.0,0.0
Bengaluru Dist,Chennarayapatana PS,1.04422e+16,2017,1,1,Road Accidents,Narrow road,Rural Areas,Open area,Human Error,No,Simple Injury,Not Applicable,No signal lights,Straight and flat,Village Road,Surfaced,Dry,Not Applicable,Fine,Naganayakanahalli Polanahalli Road,Naganayakanahalli Polanahalli Road,10 FT,0.0,0.0
Bengaluru Dist,Chennarayapatana PS,1.04422e+16,2017,1,1,Road Accidents,Curves,Rural Areas,Open area,Human Error,No,Simple Injury,Others,Not at  Junction,Curve,Others,Bitumen(Tar),Dry,Not Applicable,Fine,BUDIGERE NALLURU ROAD,In Front of Sampangappa Land,15MET,0.0,0.0
Bengaluru Dist,Chennarayapatana PS,1.04422e+16,2017,1,2,Road Accidents,Curves,Villages settlement,Open area,Human Error,No,Fatal,Overturning,Not at  Junction,Sharp Curve,State Highway,Bitumen(Tar),Dry,Not Applicable,Fine,Devanahalli-Budigere Cargo Road,Straight to Munichowdappa Land,20 Mtr,0.0,0.0
Bengaluru Dist,Chennarayapatana PS,1.04422e+16,2017,1,1,Road Accidents,Other,Rural Areas,Near or inside a village,Human Error,Not Applicable,Fatal,Skidding or Self accident,Not at  Junction,Curve,Village Road,Bitumen(Tar),Dry,Not Applicable,Fine,NALLURU-BUDIGERE ROAD,NEAR ANJANEYA TEMPLE NAGENAHALLI,100 FT,0.0,0.0
Bengaluru Dist,Chennarayapatana PS,1.04422e+16,2017,1,2,Road Accidents,Curves,Rural Areas,Open area,Human Error,No,Simple Injury,Others,Not at  Junction,Curve,State Highway,Surfaced,Dry,Not Applicable,Fine,Budigere Davanahalli Road,Narayanagowda land Near Battaramarenahalli,20 FT,0.0,0.0
Bengaluru Dist,Chennarayapatana PS,1.04422e+16,2017,1,1,Road Accidents,Other,Rural Areas,Near or inside a village,Not Applicable,No,Fatal,Others,Not Applicable,Others,Village Road,Bitumen(Tar),Dry,Not Applicable,Fine,Sulibele-Vijayapura Main Road,East Side Electrical Pole,20 ft,0.0,0.0
Bengaluru Dist,Chennarayapatana PS,1.04422e+16,2017,1,1,Road Accidents,Narrow road,Rural Areas,Open area,Human Error,No,Damage Only,Skidding or Self accident,Uncontrolled,Straight and flat,State Highway,Surfaced,Dry,Not Applicable,Fine,Budigere-Davanahalli Road,RAMANAHALLI GATE,6FT,0.0,0.0
Bengaluru Dist,Chennarayapatana PS,1.04422e+16,2017,1,1,Road Accidents,Other,Villages settlement,Open area,Human Error,Not Applicable,Damage Only,Others,Not at  Junction,Curve,State Highway,Bitumen(Tar),Dry,No influence on accident,Fine,Between Kondenahalli Gate - Manchenahalli Gate,Straight to Hosahalli Krishnamurthy Land,20 Mtr,0.0,0.0
Bengaluru Dist,Chennarayapatana PS,1.04422e+16,2017,1,1,Road Accidents,Cross roads,Villages settlement,Near or inside a village,Human Error,Yes,Fatal,Hit pedestrian,Not at  Junction,Straight and flat,NH,Bitumen(Tar),Dry,No influence on accident,Fine,Devanahalli-Sulibele NH 207 ROAD,NEAR BALEPURA CROSS,50 MTR,0.0,0.0
Bengaluru Dist,Chennarayapatana PS,1.04422e+16,2018,1,2,Road Accidents,Narrow road,Rural Areas,Near a religious place,Human Error,No,Fatal,Others,Not at  Junction,Others,Others,Surfaced,Dry,Not Applicable,Fine,Balepura-Channarayapattana Road,Near Basaveshwara Temple,10 Ft,0.0,0.0
Bengaluru Dist,Chennarayapatana PS,1.04422e+16,2018,1,1,Road Accidents,Narrow road,Rural Areas,Open area,Human Error,No,Fatal,Not Applicable,Not at  Junction,Not Applicable,NH,Bitumen(Tar),Dry,Not Applicable,Fine,Devanahalli Hosakote Road,Devanahalli Hosakote Road  Arashinakunte Gate,20,0.0,0.0
Bengaluru Dist,Chennarayapatana PS,1.04422e+16,2018,1,1,Road Accidents,Other,Rural Areas,Near Bus stop,Human Error,No,Grievous Injury,Others,Uncontrolled,Not Applicable,NH,Bitumen(Tar),Dry,Not Applicable,Others,NH 207 Devanahalli -Sukibele Road,Channahalli Gate,30 ft,0.0,0.0
Bengaluru Dist,Chennarayapatana PS,1.04422e+16,2018,1,2,Road Accidents,Other,Rural Areas,Near or inside a village,Human Error,No,Fatal,Others,Not Applicable,Others,Village Road,Bitumen(Tar),Others,Not Applicable,Cloudy,Nalluru-Reddihalli Road,Near Kempegowda Land,10 Ft,0.0,0.0
Bengaluru Dist,Chennarayapatana PS,1.04422e+16,2018,1,2,Road Accidents,Curves,Not Applicable,Open area,Human Error,Not Applicable,Grievous Injury,Not Applicable,Uncontrolled,Crest of hill,Village Road,Bitumen(Tar),Dry,Not Applicable,Not Applicable,Dinnuru Ibasapur Road,Near Dinnuru,500 Mi,0.0,0.0
Bengaluru Dist,Chennarayapatana PS,1.04422e+16,2018,1,2,Road Accidents,Not Applicable,Rural Areas,Open area,Human Error,No,Grievous Injury,Overturning,Controlled,Not Applicable,Village Road,Bitumen(Tar),Dry,Not Applicable,Clear,Vijayapur Balepur Road,Near Munisonnappa Land,20 FT,0.0,0.0
Bengaluru Dist,Chennarayapatana PS,1.04422e+16,2018,1,2,Road Accidents,Other,Villages settlement,In bazaar,Human Error,Yes,Simple Injury,Hit and Run,No signal lights,Not Applicable,State Highway,Surfaced,Dry,Not Applicable,Fine,Devanahalli-Budigere Cross Road,opposite amarnarayan texttile budigere,10 FT,0.0,0.0
Bengaluru Dist,Chennarayapatana PS,1.04422e+16,2018,1,2,Road Accidents,Other,Rural Areas,Open area,Human Error,Not Applicable,Damage Only,Head on,Not at  Junction,Slight Curve,Others,Bitumen(Tar),Dry,Not Applicable,Fine,VIJAYAPURA-BALEPURA ROAD,Near Rajanandagowda Eucliptus Land,10 Mtr,0.0,0.0
Bengaluru Dist,Chennarayapatana PS,1.04422e+16,2018,1,1,Road Accidents,Cross roads,Rural Areas,Open area,Human Error,No,Fatal,Skidding or Self accident,Not at  Junction,Curve,NH,Bitumen(Tar),Dry,Not Applicable,Fine,NH 7,Haraluru Gate,20,0.0,0.0
Bengaluru Dist,Chennarayapatana PS,1.04422e+16,2018,1,2,Road Accidents,Junction,Villages settlement,Open area,Human Error,No,Grievous Injury,Not Applicable,No signal lights,Others,Major District Road,Bitumen(Tar),Dry,Not Applicable,Clear,Budigere-Davanahalli Road,Near Gollahalli Gate,5 mi,0.0,0.0
Bengaluru Dist,Chennarayapatana PS,1.04422e+16,2018,1,2,Road Accidents,Not Applicable,Rural Areas,Open area,Human Error,No,Grievous Injury,Not Applicable,Not Applicable,Not Applicable,Village Road,Bitumen(Tar),Dry,Not Applicable,Fine,Vijayapur Budigere Road,5 Feet,10 Mtr,0.0,0.0
Bengaluru Dist,Chennarayapatana PS,1.04422e+16,2018,1,1,Road Accidents,Road hump or Rumble strips,Rural Areas,Near Bus stop,Human Error,No,Damage Only,Others,Not at  Junction,Hump,NH,Surfaced,Dry,Not Applicable,Fine,Devanahalli- sulibele Road,Harulur Gate,10 FT,0.0,0.0
Bengaluru Dist,Chennarayapatana PS,1.04422e+16,2018,1,1,Road Accidents,Other,Rural Areas,Residential area,Human Error,Yes,Fatal,Hit pedestrian,Not at  Junction,Others,Residential Street,Surfaced,Dry,Not Applicable,Fine,Reddihalli-Baladimanahalli,Near Muniraju House,10 Ft,0.0,0.0
Bengaluru Dist,Chennarayapatana PS,1.04422e+16,2018,1,2,Road Accidents,Curves,Rural Areas,Near or inside a village,Human Error,No,Simple Injury,Head on,Not at  Junction,Curve,Village Road,Bitumen(Tar),Dry,Drainage Ditch,Fine,Budigre-Devanahalli Road,Near Krishnamurthy House Bhattaramarenahalli,50 MTR,0.0,0.0
Bengaluru Dist,Chennarayapatana PS,1.04422e+16,2018,1,2,Road Accidents,Cross roads,Rural Areas,Open area,Human Error,No,Grievous Injury,Not Applicable,Uncontrolled,Not Applicable,NH,Bitumen(Tar),Dry,Not Applicable,Not Applicable,NH 207 Devanahalli -Sulibele Road,near Bidalpur cross,10 FT,0.0,0.0
Bengaluru Dist,Chennarayapatana PS,1.04422e+16,2018,1,2,Road Accidents,Other,Villages settlement,Near or inside a village,Human Error,No,Grievous Injury,Head on,Uncontrolled,Straight and flat,Village Road,Bitumen(Tar),Dry,No influence on accident,Fine,VIJAYAPURA-BALEPURA ROAD,Near C R Patna Jagadish House,25mtrs,0.0,0.0
Bengaluru Dist,Chennarayapatana PS,1.04422e+16,2018,1,2,Road Accidents,Not Applicable,Rural Areas,Open area,Human Error,No,Simple Injury,Not Applicable,Not at  Junction,Others,Two way,Surfaced,Dry,Not Applicable,Fine,CHANNARAYAPATNA - BALEPURA ROAD,CHANNARAYAPATNA  BALEPURA ROAD Muniyappa Land,10 Mtr,0.0,0.0
Bengaluru Dist,Chennarayapatana PS,1.04422e+16,2018,1,1,Road Accidents,Other,Rural Areas,Near or inside a village,Human Error,No,Grievous Injury,Hit pedestrian,Not at  Junction,Not Applicable,Village Road,Bitumen(Tar),Dry,Not Applicable,Fine,Konaginabale Road,1 KEB Pillar,10 Mtr,0.0,0.0
Bengaluru Dist,Chennarayapatana PS,1.04422e+16,2018,1,2,Road Accidents,Other,Rural Areas,Near or inside a village,Human Error,No,Simple Injury,Head on,Not at  Junction,Others,State Highway,Bitumen(Tar),Dry,No influence on accident,Fine,Devanahalli-Budigere Cargo Road,Budigere Naganna Complex,10 Mtr,0.0,0.0
Bengaluru Dist,Chennarayapatana PS,1.04422e+16,2018,1,2,Road Accidents,Cross roads,Rural Areas,Open area,Human Error,No,Fatal,Others,No signal lights,Slight Curve,NH,Surfaced,Dry,Not Applicable,Fine,Devanahalli Hosakote Road,Devanahalli Hosakote Road  Arashinakunte Gate,20,0.0,0.0
Bengaluru Dist,Chennarayapatana PS,1.04422e+16,2018,1,2,Road Accidents,Not Applicable,Rural Areas,Open area,Human Error,Not Applicable,Grievous Injury,Right Turn Collision,Controlled,Not Applicable,NH,Bitumen(Tar),Dry,Not Applicable,Clear,Devanahalli-Sulibele NH 207 ROAD,Near Rani Estate,10 mtr,0.0,0.0
Bengaluru Dist,Chennarayapatana PS,1.04422e+16,2018,1,2,Road Accidents,Narrow road,Rural Areas,Open area,Human Error,No,Simple Injury,Others,Not Applicable,Not Applicable,Village Road,Kutcha,Dry,Not Applicable,Fine,jonnahalli bhattarmarnhalli road,ramanahalli munegoudas land,10mtr,0.0,0.0
Bengaluru Dist,Chennarayapatana PS,1.04422e+16,2019,1,2,Not Applicable,Curves,Villages settlement,Open area,Human Error,No,Grievous Injury,Others,Controlled,Curve,NH,Bitumen(Tar),Dry,Not Applicable,Clear,Devanahalli- sulibele Road,Near 10 m Bridge,Near,13.198676,77.776345
Bengaluru Dist,Chennarayapatana PS,1.04422e+16,2019,1,2,Road Accidents,Narrow road,Rural Areas,Open area,Human Error,No,Fatal,Others,Not at  Junction,Others,State Highway,Bitumen(Tar),Dry,Not Applicable,Fine,Devanahalli Budigere Cross Raoad,Govt Boys Hostel,45,13.130941,77.74504
Bengaluru Dist,Chennarayapatana PS,1.04422e+16,2019,1,1,Road Accidents,Junction,Rural Areas,Open area,Human Error,Not Applicable,Grievous Injury,Not Applicable,Not Applicable,Not Applicable,Not Applicable,Not Applicable,Not Applicable,Not Applicable,Clear,Budigere cross devanahalli kargo road,Near budigere govt Hostel,10m,13.13772,77.744998
Bengaluru Dist,Chennarayapatana PS,1.04422e+16,2019,1,1,Road Accidents,Road hump or Rumble strips,Rural Areas,Near Bus stop,Human Error,No,Grievous Injury,Not Applicable,Controlled,Hump,City or Town Road,Bitumen(Tar),Dry,Not Applicable,Clear,HITTAHALLI BUDIGERE ROAD,Near Ayyappa Backery,10 FT,13.242515,77.822014
Bengaluru Dist,Chennarayapatana PS,1.04422e+16,2019,1,2,Road Accidents,Junction,Rural Areas,Near a factory industrial area,Human Error,No,Fatal,Vehicle to Vehicle,Uncontrolled,Others,Two way,Bitumen(Tar),Dry,Not Applicable,Fine,"Bagaluru-Bhattaramarenahalli Road,",App Velca Factory,50,13.169859,77.739578
Bengaluru Dist,Chennarayapatana PS,1.04422e+16,2019,1,2,Road Accidents,Narrow road,Rural Areas,Open area,Human Error,No,Grievous Injury,Vehicle to Vehicle,Controlled,Curve,NH,Bitumen(Tar),Dry,Not Applicable,Clear,Devanahalli- sulibele Road,Near Land,Near,13.198111,77.776988
Bengaluru Dist,Chennarayapatana PS,1.04422e+16,2019,1,2,Road Accidents,Narrow road,Rural Areas,Near Bus stop,Human Error,No,Fatal,Vehicle to Vehicle,Not at  Junction,Straight and flat,NH,Bitumen(Tar),Dry,Not Applicable,Fine,Devanahalli -Hoskote RoaNH 207 d,Lakeshinarayanappa Land,NH 207,13.20201,77.771739
Bengaluru Dist,Chennarayapatana PS,1.04422e+16,2019,1,2,Road Accidents,Curves,Villages settlement,Open area,Human Error,Not Applicable,Simple Injury,Overturning,Controlled,Curve,Village Road,Bitumen(Tar),Dry,Not Applicable,Clear,Vijayapur Balepur Road,Near,10,13.205599,77.781028