DISTRICTNAME,UNITNAME,Crime_No,Year,RI,Noofvehicle_involved,Accident_Classification,Accident_Spot,Accident_Location,Accident_SubLocation,Main_Cause,Hit_Run,Severity,Collision_Type,Junction_Control,Road_Character,Road_Type,Surface_Type,Surface_Condition,Road_Condition,Weather,Accident_Road,Landmark_first,Distance_LandMark_First,Latitude,Longitude
Bengaluru Dist,Dobbespet PS,1.0442e+16,2016,1,1,Road Accidents,Other,Rural Areas,Near Bus stop,Human Error,Not Applicable,Damage Only,Others,Not Applicable,Others,NH,Bitumen(Tar),Others,Not Applicable,Others,NH 04 ROAD,RAYARAPALYA ROAD,50,0.0,0.0
Bengaluru Dist,Dobbespet PS,1.0442e+16,2016,1,1,Road Accidents,Other,Rural Areas,Near Bus stop,Human Error,No,Simple Injury,Others,Not Applicable,Others,NH,Bitumen(Tar),Others,Not Applicable,Others,NH 04 ROAD,RAYARAPALYA ROAD,70,0.0,0.0
Bengaluru Dist,Dobbespet PS,1.0442e+16,2016,1,2,Road Accidents,Other,Rural Areas,Near Bus stop,Human Error,No,Damage Only,Others,Not Applicable,Others,NH,Bitumen(Tar),Others,Not Applicable,Others,NH 04 ROAD,BUS STIO,100,0.0,0.0
Bengaluru Dist,Dobbespet PS,1.0442e+16,2016,1,2,Not Applicable,Narrow road,Not Applicable,Residential area,Not Applicable,Not Applicable,Fatal,Others,Not Applicable,Not Applicable,Others,Not Applicable,Others,Not Applicable,Not Applicable,Road,Road,5,0.0,0.0
Bengaluru Dist,Dobbespet PS,1.0442e+16,2016,1,2,Road Accidents,T Junction,Rural Areas,Near or inside a village,Human Error,No,Simple Injury,Others,No signal lights,Others,NH,Bitumen(Tar),Others,No influence on accident,Fine,NH04,GUNDENAHALLI CROSS,100,0.0,0.0
Bengaluru Dist,Dobbespet PS,1.0442e+16,2016,1,1,Road Accidents,Other,Rural Areas,Near or inside a village,Human Error,No,Simple Injury,Others,Not at  Junction,Others,State Highway,Bitumen(Tar),Others,No influence on accident,Fine,SH 03,HALENAHALLI,100,0.0,0.0
Bengaluru Dist,Dobbespet PS,1.0442e+16,2016,1,1,Not Applicable,Other,Not Applicable,Narrow bridge or culverts,Not Applicable,Not Applicable,Fatal,Not Applicable,Not Applicable,Not Applicable,NH,Not Applicable,Not Applicable,Not Applicable,Not Applicable,Road,Road,4KM,0.0,0.0
Bengaluru Dist,Dobbespet PS,1.0442e+16,2016,1,1,Not Applicable,Narrow road,Not Applicable,Near a religious place,Not Applicable,Not Applicable,Fatal,Not Applicable,Not Applicable,Not Applicable,NH,Not Applicable,Not Applicable,Not Applicable,Not Applicable,Road,road,4KM,0.0,0.0
Bengaluru Dist,Dobbespet PS,1.0442e+16,2016,1,1,Road Accidents,Other,Rural Areas,Near Bus stop,Human Error,No,Grievous Injury,Others,Not Applicable,Others,NH,Bitumen(Tar),Others,Not Applicable,Others,NH 04 ROAD,KAMADENU CROSS,100,0.0,0.0
Bengaluru Dist,Dobbespet PS,1.0442e+16,2016,1,1,Road Accidents,T Junction,Rural Areas,Near a factory industrial area,Human Error,No,Damage Only,Hit fixed object,No signal lights,Others,NH,Bitumen(Tar),Others,No influence on accident,Fine,NH04,JINDAL,100,0.0,0.0
Bengaluru Dist,Dobbespet PS,1.0442e+16,2016,1,2,Road Accidents,Other,Rural Areas,Near Bus stop,Human Error,No,Grievous Injury,Others,Not Applicable,Others,NH,Bitumen(Tar),Others,Not Applicable,Others,BUS STOP,INDUSTRIAL AREA,100,0.0,0.0
Bengaluru Dist,Dobbespet PS,1.0442e+16,2016,1,2,Not Applicable,Curves,Rural Areas,Near a religious place,Not Applicable,Not Applicable,Grievous Injury,Vehicle to Vehicle,Not at  Junction,Straight and flat,NH,Not Applicable,Dry,Not Applicable,Not Applicable,Road,Road,4KM,0.0,0.0
Bengaluru Dist,Dobbespet PS,1.0442e+16,2016,1,1,Road Accidents,Junction,Rural Areas,Near or inside a village,Human Error,No,Grievous Injury,Others,No signal lights,Others,NH,Bitumen(Tar),Others,Not Applicable,Fine,NH 04 ROAD,RAYARAPALYA ROAD,50,0.0,0.0
Bengaluru Dist,Dobbespet PS,1.0442e+16,2016,1,2,Road Accidents,T Junction,Rural Areas,Near or inside a village,Human Error,Yes,Grievous Injury,Others,No signal lights,Others,NH,Bitumen(Tar),Others,No influence on accident,Fine,NH 207,KANTHARAJU HOUSE,200,0.0,0.0
Bengaluru Dist,Dobbespet PS,1.0442e+16,2016,1,2,Road Accidents,Other,Rural Areas,Near Bus stop,Human Error,No,Damage Only,Others,Not at  Junction,Others,Others,Bitumen(Tar),Others,Not Applicable,Others,YEDEHALLI LORRY PARKING,BUS STOP,100,0.0,0.0
Bengaluru Dist,Dobbespet PS,1.0442e+16,2016,1,2,Road Accidents,Other,Rural Areas,Near or inside a village,Human Error,Yes,Grievous Injury,Others,Not at  Junction,Others,NH,Bitumen(Tar),Others,No influence on accident,Fine,NH 04,BHAVANI HOTEL,100,0.0,0.0
Bengaluru Dist,Dobbespet PS,1.0442e+16,2016,1,2,Road Accidents,Other,Rural Areas,Near Bus stop,Human Error,No,Damage Only,Others,Not at  Junction,Others,NH,Bitumen(Tar),Others,Not Applicable,Others,NH. 04 ROAD,KEREKATTIGANURU ROAD,50,0.0,0.0
Bengaluru Dist,Dobbespet PS,1.0442e+16,2016,1,1,Road Accidents,Other,Rural Areas,Near office complex,Human Error,No,Grievous Injury,Others,Not at  Junction,Others,State Highway,Bitumen(Tar),Others,Not Applicable,Others,DOBASPET SHIVAGANGE ROAD,MARUTHI MAHAL,75,0.0,0.0
Bengaluru Dist,Dobbespet PS,1.0442e+16,2016,1,2,Not Applicable,Narrow road,Not Applicable,Near or inside a village,Not Applicable,Not Applicable,Fatal,Others,Not Applicable,Others,Others,Not Applicable,Not Applicable,Not Applicable,Not Applicable,ROAD,ROAD,5KM,0.0,0.0
Bengaluru Dist,Dobbespet PS,1.0442e+16,2016,1,2,Road Accidents,Other,Rural Areas,Near Bus stop,Human Error,No,Grievous Injury,Others,Not Applicable,Others,NH,Bitumen(Tar),Others,Not Applicable,Others,NH04 ROAD,BUS STOP,100,0.0,0.0
Bengaluru Dist,Dobbespet PS,1.0442e+16,2016,1,2,Road Accidents,Other,Rural Areas,Near or inside a village,Human Error,No,Grievous Injury,Others,Not at  Junction,Others,Village Road,Bitumen(Tar),Others,Not Applicable,Not Applicable,VILLEGE ROAD,KUMARAIAH LAND,100,0.0,0.0
Bengaluru Dist,Dobbespet PS,1.0442e+16,2016,1,2,Road Accidents,Other,Rural Areas,Near Bus stop,Human Error,No,Grievous Injury,Others,Not at  Junction,Others,NH,Bitumen(Tar),Others,No influence on accident,Others,NH 04 ROAD,BUS STOP,100,0.0,0.0
Bengaluru Dist,Dobbespet PS,1.0442e+16,2016,1,2,Road Accidents,Cross roads,Rural Areas,Near Bus stop,Human Error,No,Grievous Injury,Others,No signal lights,Others,Others,Bitumen(Tar),Others,No influence on accident,Others,NH 04 ROAD,BUS STOP,100,0.0,0.0
Bengaluru Dist,Dobbespet PS,1.0442e+16,2016,1,2,Road Accidents,T Junction,Rural Areas,Near or inside a village,Human Error,No,Grievous Injury,Others,No signal lights,Others,Village Road,Bitumen(Tar),Others,No influence on accident,Fine,SHIVAGANGE HONNUDIKE ROAD,SHIVANANDANAGAR CROSS,100,0.0,0.0
Bengaluru Dist,Dobbespet PS,1.0442e+16,2016,1,2,Road Accidents,Other,Rural Areas,Near or inside a village,Human Error,No,Damage Only,Others,Not at  Junction,Others,NH,Bitumen(Tar),Others,No influence on accident,Others,NH 04 ROAD,SANGAM HOTEL,50,0.0,0.0
Bengaluru Dist,Dobbespet PS,1.0442e+16,2016,1,2,Road Accidents,Junction,Rural Areas,Near or inside a village,Human Error,No,Simple Injury,Others,No signal lights,Others,Service Road,Bitumen(Tar),Others,No influence on accident,Fine,NH04 SERVICE ROAD,BUS STOP,200,0.0,0.0
Bengaluru Dist,Dobbespet PS,1.0442e+16,2016,1,2,Road Accidents,Other,Rural Areas,Near or inside a village,Human Error,No,Damage Only,Others,Not at  Junction,Others,NH,Bitumen(Tar),Others,No influence on accident,Fine,NH04,KENGAL,100,0.0,0.0
Bengaluru Dist,Dobbespet PS,1.0442e+16,2016,1,1,Road Accidents,Other,Rural Areas,Near Bus stop,Human Error,Yes,Grievous Injury,Others,Not Applicable,Others,NH,Bitumen(Tar),Others,No influence on accident,Others,NH 04 ROAD,BUS STOP,100,0.0,0.0
Bengaluru Dist,Dobbespet PS,1.0442e+16,2016,1,1,Road Accidents,Other,Rural Areas,Near Bus stop,Human Error,No,Simple Injury,Others,Not at  Junction,Others,NH,Bitumen(Tar),Others,No influence on accident,Others,NH 207,BUS STOP,100,0.0,0.0
Bengaluru Dist,Dobbespet PS,1.0442e+16,2016,1,2,Road Accidents,Other,Rural Areas,Near or inside a village,Human Error,No,Grievous Injury,Others,Not at  Junction,Others,NH,Bitumen(Tar),Others,No influence on accident,Fine,NH 04,TANK,100,0.0,0.0
Bengaluru Dist,Dobbespet PS,1.0442e+16,2016,1,2,Road Accidents,Other,Rural Areas,Near a factory industrial area,Human Error,No,Grievous Injury,Others,Not at  Junction,Others,NH,Bitumen(Tar),Others,No influence on accident,Others,N H 207 ROAD,RAMKI FACTORY,50,0.0,0.0
Bengaluru Dist,Dobbespet PS,1.0442e+16,2016,1,2,Road Accidents,T Junction,Rural Areas,Near a factory industrial area,Human Error,No,Grievous Injury,Others,No signal lights,Others,Village Road,Bitumen(Tar),Others,No influence on accident,Fine,INDUSTRIAL AREA ROAD,SATRAC,100,0.0,0.0
Bengaluru Dist,Dobbespet PS,1.0442e+16,2016,1,2,Road Accidents,Other,Rural Areas,Near or inside a village,Human Error,No,Grievous Injury,Others,Not at  Junction,Others,Village Road,Bitumen(Tar),Others,No influence on accident,Fine,VILLEGE ROAD,MUDDARANGAIAH HOUSE,100,0.0,0.0
Bengaluru Dist,Dobbespet PS,1.0442e+16,2016,1,2,Not Applicable,Not Applicable,Not Applicable,Narrow bridge or culverts,Not Applicable,Not Applicable,Grievous Injury,Not Applicable,Not Applicable,Not Applicable,NH,Not Applicable,Not Applicable,Not Applicable,Not Applicable,Road,Road,4KM,0.0,0.0
Bengaluru Dist,Dobbespet PS,1.0442e+16,2016,1,1,Not Applicable,Other,Rural Areas,Near or inside a village,Not Applicable,Not Applicable,Fatal,Others,Not Applicable,Not Applicable,Not Applicable,Not Applicable,Others,Not Applicable,Not Applicable,road,Road,3KM,0.0,0.0
Bengaluru Dist,Dobbespet PS,1.0442e+16,2016,1,2,Road Accidents,Other,Rural Areas,Near Bus stop,Human Error,No,Damage Only,Others,Not Applicable,Others,NH,Bitumen(Tar),Others,Not Applicable,Others,NH 04 ROAD,HOSANIJAGAL GATE,50,0.0,0.0
Bengaluru Dist,Dobbespet PS,1.0442e+16,2016,1,2,Road Accidents,Bridge,City/Town,Open area,Human Error,No,Fatal,Others,Controlled,Not Applicable,NH,Bitumen(Tar),Not Applicable,Engineering Defect of Road,Others,BRIDGE,Bridge,01 KMS,0.0,0.0
Bengaluru Dist,Dobbespet PS,1.0442e+16,2016,1,2,Road Accidents,Other,Rural Areas,Near Bus stop,Not Applicable,No,Grievous Injury,Others,Stop sign,Others,One way,Gravel,Muddy,Not Applicable,Fine,Koratagere  Dabaspet,Tor road,1 Km,0.0,0.0
Bengaluru Dist,Dobbespet PS,1.0442e+16,2016,1,3,Road Accidents,Other,Rural Areas,Near Bus stop,Human Error,No,Simple Injury,Others,Not Applicable,Others,NH,Bitumen(Tar),Others,Not Applicable,Others,NH 04 ROAD,BUS STOP,100,0.0,0.0
Bengaluru Dist,Dobbespet PS,1.0442e+16,2016,1,2,Road Accidents,Other,Rural Areas,Near Petrol Pump,Human Error,No,Simple Injury,Others,Not at  Junction,Others,NH,Bitumen(Tar),Others,No influence on accident,Others,NH 04,PETROLE PUMP,100,0.0,0.0
Bengaluru Dist,Dobbespet PS,1.0442e+16,2016,1,2,Road Accidents,T Junction,Rural Areas,Near or inside a village,Human Error,No,Grievous Injury,Others,No signal lights,Others,NH,Bitumen(Tar),Others,No influence on accident,Fine,NH 04 ROAD,HOSANIJAGAL ROAD,50,0.0,0.0
Bengaluru Dist,Dobbespet PS,1.0442e+16,2016,1,1,Not Applicable,Narrow road,Rural Areas,Narrow bridge or culverts,Not Applicable,Not Applicable,Grievous Injury,Not Applicable,Not at  Junction,Curve and Incline,Not Applicable,Not Applicable,Not Applicable,Not Applicable,Not Applicable,Road,Road,1KM,0.0,0.0
Bengaluru Dist,Dobbespet PS,1.0442e+16,2016,1,2,Road Accidents,T Junction,Rural Areas,Near or inside a village,Human Error,No,Grievous Injury,Others,No signal lights,Others,NH,Bitumen(Tar),Others,No influence on accident,Fine,NH04,JINDAL,50,0.0,0.0
Bengaluru Dist,Dobbespet PS,1.0442e+16,2016,1,2,Road Accidents,Other,Rural Areas,Near a religious place,Human Error,No,Grievous Injury,Others,Not at  Junction,Others,Village Road,Bitumen(Tar),Others,Not Applicable,Others,SRIPATHI HALLI- HONNENAHALLI ROAD,TEMPLE,100,0.0,0.0
Bengaluru Dist,Dobbespet PS,1.0442e+16,2016,1,2,Road Accidents,Other,Rural Areas,Near or inside a village,Human Error,Yes,Grievous Injury,Others,Not at  Junction,Others,NH,Bitumen(Tar),Others,No influence on accident,Fine,NH04,BUS STOP,100,0.0,0.0
Bengaluru Dist,Dobbespet PS,1.0442e+16,2016,1,3,Road Accidents,Other,Rural Areas,Near Bus stop,Human Error,No,Grievous Injury,Others,No signal lights,Not Applicable,NH,Bitumen(Tar),Others,Not Applicable,Others,NH 04 ROAD,JINDAL FACTORY,100,0.0,0.0
Bengaluru Dist,Dobbespet PS,1.0442e+16,2016,1,2,Road Accidents,Junction,Rural Areas,Near or inside a village,Human Error,No,Grievous Injury,Others,No signal lights,Others,NH,Bitumen(Tar),Others,No influence on accident,Fine,NH 04 ROAD,ANCHEMANE ROAD,50,0.0,0.0
Bengaluru Dist,Dobbespet PS,1.0442e+16,2016,1,2,Road Accidents,Junction,Rural Areas,Near or inside a village,Human Error,No,Damage Only,Others,No signal lights,Others,NH,Bitumen(Tar),Muddy,No influence on accident,Fine,NH 04 ROAD,RAYARAPALYA ROAD,50,0.0,0.0
Bengaluru Dist,Dobbespet PS,1.0442e+16,2016,1,3,Road Accidents,T Junction,Rural Areas,Near or inside a village,Human Error,No,Damage Only,Hit parked vehicle,No signal lights,Others,NH,Bitumen(Tar),Others,No influence on accident,Fine,NH04,JINDAL,100,0.0,0.0
Bengaluru Dist,Dobbespet PS,1.0442e+16,2016,1,2,Road Accidents,Junction,Rural Areas,Near Bus stop,Human Error,No,Simple Injury,Others,No signal lights,Others,Village Road,Bitumen(Tar),Others,No influence on accident,Fine,VILLEGE ROAD,BUS STOP,50,0.0,0.0
Bengaluru Dist,Dobbespet PS,1.0442e+16,2016,1,2,Road Accidents,Other,Rural Areas,Near School or College,Human Error,No,Grievous Injury,Others,Not at  Junction,Others,NH,Bitumen(Tar),Others,No influence on accident,Fine,NH 207,GEETHA E S,100,0.0,0.0
Bengaluru Dist,Dobbespet PS,1.0442e+16,2016,1,2,Road Accidents,Narrow road,Rural Areas,Near or inside a village,Human Error,No,Grievous Injury,Hit bicyclist,Not at  Junction,Others,Others,Bitumen(Tar),Not Applicable,Not Applicable,Fine,DOBASPET KORATAGERE ROAD,VIJAYABANK,100,0.0,0.0
Bengaluru Dist,Dobbespet PS,1.0442e+16,2016,1,2,Road Accidents,Narrow road,Rural Areas,Near Bus stop,Human Error,Not Applicable,Fatal,Vehicle to Vehicle,Not Applicable,Not Applicable,NH,Not Applicable,Dry,No influence on accident,Cloudy,TUMKURU BENGALURU NH 4 ROAD,Near Share E Punjabi Dabha,4 KM,0.0,0.0
Bengaluru Dist,Dobbespet PS,1.0442e+16,2016,1,1,Road Accidents,Other,City/Town,Near or inside a village,Human Error,Yes,Damage Only,Hit and Run,Not Applicable,Not Applicable,One way,Bitumen(Tar),Not Applicable,Not Applicable,Clear,Dobbaspet Koratagere Road,Tor road,4 KM,0.0,0.0
Bengaluru Dist,Dobbespet PS,1.0442e+16,2016,1,2,Road Accidents,Bridge,Rural Areas,Narrow bridge or culverts,Human Error,No,Damage Only,Others,Not at  Junction,Others,NH,Bitumen(Tar),Others,No influence on accident,Fine,NH04,FLYOVER,10,0.0,0.0
Bengaluru Dist,Dobbespet PS,1.0442e+16,2016,1,2,Road Accidents,Junction,Rural Areas,Near or inside a village,Human Error,No,Fatal,Others,No signal lights,Others,NH,Bitumen(Tar),Others,No influence on accident,Fine,NH04,KEREKATTIGANURU GATE,100,0.0,0.0
Bengaluru Dist,Dobbespet PS,1.0442e+16,2016,1,1,Road Accidents,Other,Rural Areas,Near Bus stop,Human Error,Not Applicable,Damage Only,Others,Not at  Junction,Others,NH,Bitumen(Tar),Not Applicable,Not Applicable,Others,NH 04 ROAD,ALANKER DABA,70,0.0,0.0
Bengaluru Dist,Dobbespet PS,1.0442e+16,2016,1,1,Road Accidents,T Junction,Rural Areas,Near or inside a village,Human Error,No,Damage Only,Skidding or Self accident,No signal lights,Others,NH,Bitumen(Tar),Others,No influence on accident,Fine,NH04,RAYARAPALYA ROAD,100,0.0,0.0
Bengaluru Dist,Dobbespet PS,1.0442e+16,2016,1,2,Road Accidents,Narrow road,Rural Areas,Near a factory industrial area,Human Error,No,Fatal,Overturning,Controlled,Others,NH,Bitumen(Tar),Dry,Engineering Defect of Road,Others,Bengalore Tumkuru NH 04 Road namakkal dhaba,dhaba,01KM,0.0,0.0
Bengaluru Dist,Dobbespet PS,1.0442e+16,2016,1,2,Road Accidents,Other,Rural Areas,Near Bus stop,Human Error,No,Grievous Injury,Others,Not Applicable,Others,NH,Bitumen(Tar),Others,Not Applicable,Others,NH 04 ROAD,BUS STOP,100,0.0,0.0
Bengaluru Dist,Dobbespet PS,1.0442e+16,2016,1,2,Road Accidents,Other,Rural Areas,Near Bus stop,Human Error,No,Grievous Injury,Others,Not Applicable,Others,NH,Bitumen(Tar),Others,Not Applicable,Others,NH 04 ROAD,DAMODAR FACTORY,100,0.0,0.0
Bengaluru Dist,Dobbespet PS,1.0442e+16,2016,1,2,Road Accidents,Bridge,Rural Areas,Narrow bridge or culverts,Not Applicable,No,Fatal,Others,Not at  Junction,Not Applicable,NH,Bitumen(Tar),Others,Not Applicable,Others,NH04,LAKKURU RAILWAY BRIDGE,1 KM,0.0,0.0
Bengaluru Dist,Dobbespet PS,1.0442e+16,2016,1,3,Road Accidents,Other,Rural Areas,Narrow bridge or culverts,Human Error,No,Damage Only,Others,Not at  Junction,Others,NH,Bitumen(Tar),Others,No influence on accident,Others,RAILWAY BRIDGE,BRIDGE,50,0.0,0.0
Bengaluru Dist,Dobbespet PS,1.0442e+16,2016,1,2,Road Accidents,Other,Rural Areas,Near Bus stop,Human Error,No,Simple Injury,Others,No signal lights,Others,NH,Bitumen(Tar),Not Applicable,No influence on accident,Fine,NH 207,BUS STOP,100,0.0,0.0
Bengaluru Dist,Dobbespet PS,1.0442e+16,2016,1,2,Road Accidents,Other,Rural Areas,Open area,Not Applicable,No,Fatal,Not Applicable,Not at  Junction,Not Applicable,NH,Bitumen(Tar),Dry,Not Applicable,Others,HOSANIJAGAL,HOSANIJAGAL,2 KM,0.0,0.0
Bengaluru Dist,Dobbespet PS,1.0442e+16,2016,1,2,Road Accidents,Narrow road,Rural Areas,Near Bus stop,Human Error,Not Applicable,Grievous Injury,Vehicle to Vehicle,Not Applicable,Steep Incline or Climb,NH,Bitumen(Tar),Dry,No influence on accident,Clear,NH 48 BNG-TMK,Bus stop,100 ft,0.0,0.0
Bengaluru Dist,Dobbespet PS,1.0442e+16,2016,1,2,Not Applicable,Narrow road,Rural Areas,Narrow bridge or culverts,Not Applicable,Not Applicable,Damage Only,Vehicle to Vehicle,Not Applicable,Not Applicable,NH,Not Applicable,Not Applicable,Not Applicable,Others,Road,Road,5KM,0.0,0.0
Bengaluru Dist,Dobbespet PS,1.0442e+16,2016,1,2,Road Accidents,Other,Rural Areas,Near Bus stop,Human Error,No,Grievous Injury,Others,Not at  Junction,Others,Others,Bitumen(Tar),Others,Not Applicable,Others,INDUSTRIAL AREA,INDUSRTY,30,0.0,0.0
Bengaluru Dist,Dobbespet PS,1.0442e+16,2016,1,2,Road Accidents,Other,Rural Areas,Near Bus stop,Human Error,No,Damage Only,Others,Not at  Junction,Others,NH,Bitumen(Tar),Others,Not Applicable,Others,NH.04 ROAD,BUS STOP,50,0.0,0.0
Bengaluru Dist,Dobbespet PS,1.0442e+16,2016,1,1,Road Accidents,Other,Rural Areas,Near or inside a village,Human Error,Yes,Simple Injury,Others,Not at  Junction,Others,Village Road,Bitumen(Tar),Others,No influence on accident,Fine,VILLEGE ROAD,THIMMAPPA HOUSE,100,0.0,0.0
Bengaluru Dist,Dobbespet PS,1.0442e+16,2016,1,1,Not Applicable,Not Applicable,Not Applicable,Near Bus stop,Not Applicable,Not Applicable,Fatal,Not Applicable,Not Applicable,Not Applicable,NH,Not Applicable,Not Applicable,Not Applicable,Not Applicable,Road,road,4KM,0.0,0.0
Bengaluru Dist,Dobbespet PS,1.0442e+16,2016,1,3,Road Accidents,Other,Rural Areas,Narrow bridge or culverts,Human Error,No,Damage Only,Others,Not at  Junction,Others,NH,Bitumen(Tar),Others,No influence on accident,Fine,NH04,RAILWAY BRIDGE,100,0.0,0.0
Bengaluru Dist,Dobbespet PS,1.0442e+16,2016,1,1,Road Accidents,Other,Rural Areas,Near a factory industrial area,Human Error,Yes,Damage Only,Hit fixed object,Not at  Junction,Others,NH,Bitumen(Tar),Others,No influence on accident,Fine,INDUSTRIAL AREA ROAD,CHOWDESHWARI TEMPLE,100,0.0,0.0
Bengaluru Dist,Dobbespet PS,1.0442e+16,2016,1,1,Road Accidents,Other,Rural Areas,Near or inside a village,Human Error,No,Simple Injury,Hit pedestrian,Not at  Junction,Others,State Highway,Bitumen(Tar),Others,No influence on accident,Fine,DOBASPET KORATAGERE ROAD,KENGAL KEMPOHALLI,100,0.0,0.0
Bengaluru Dist,Dobbespet PS,1.0442e+16,2016,1,2,Road Accidents,Other,Rural Areas,Near or inside a village,Human Error,No,Grievous Injury,Others,Not at  Junction,Others,State Highway,Bitumen(Tar),Others,No influence on accident,Fine,SH 03,LAKKURU,100,0.0,0.0
Bengaluru Dist,Dobbespet PS,1.0442e+16,2016,1,1,Road Accidents,Other,Rural Areas,Near Bus stop,Human Error,Not Applicable,Damage Only,Others,Not at  Junction,Not Applicable,NH,Bitumen(Tar),Others,Not Applicable,Others,NH 04 ROAD,COFFEE DAY,50,0.0,0.0
Bengaluru Dist,Dobbespet PS,1.0442e+16,2016,1,1,Not Applicable,Narrow road,Not Applicable,Near Bus stop,Not Applicable,Not Applicable,Fatal,Not Applicable,Not Applicable,Not Applicable,NH,Not Applicable,Not Applicable,Not Applicable,Not Applicable,NH4 Road,NH4 Road,2KM,0.0,0.0
Bengaluru Dist,Dobbespet PS,1.0442e+16,2016,1,2,Road Accidents,Other,Rural Areas,Near or inside a village,Human Error,No,Grievous Injury,Others,Not at  Junction,Others,NH,Bitumen(Tar),Others,No influence on accident,Fine,NH 04,RAYARAPALYA ROAD,200,0.0,0.0
Bengaluru Dist,Dobbespet PS,1.0442e+16,2016,1,3,Road Accidents,Junction,Rural Areas,Near or inside a village,Human Error,No,Damage Only,Others,No signal lights,Others,NH,Bitumen(Tar),Others,No influence on accident,Fine,NH04,KAMADENU HOTEL,150,0.0,0.0
Bengaluru Dist,Dobbespet PS,1.0442e+16,2016,1,2,Road Accidents,Narrow road,Not Applicable,At pedestrian Crossing,Not Applicable,Not Applicable,Fatal,Others,Not Applicable,Not Applicable,NH,Not Applicable,Not Applicable,Not Applicable,Not Applicable,Road,road,4KM,0.0,0.0
Bengaluru Dist,Dobbespet PS,1.0442e+16,2016,1,2,Road Accidents,Other,Rural Areas,Near or inside a village,Human Error,No,Grievous Injury,Rear end,Not at  Junction,Others,NH,Bitumen(Tar),Others,No influence on accident,Fine,NH04,SANGAM HOTEL,200,0.0,0.0
Bengaluru Dist,Dobbespet PS,1.0442e+16,2016,1,3,Road Accidents,Bridge,Rural Areas,Near or inside a village,Human Error,No,Grievous Injury,Others,Not at  Junction,Others,NH,Bitumen(Tar),Others,No influence on accident,Fine,NH04,GUNDENAHALLI BRIDGE,100,0.0,0.0
Bengaluru Dist,Dobbespet PS,1.0442e+16,2016,1,1,Road Accidents,Cross roads,Rural Areas,Near Bus stop,Human Error,No,Grievous Injury,Hit fixed object,Not at  Junction,Others,Village Road,Bitumen(Tar),Others,No influence on accident,Others,SHIVAGANGE DOBASPET ROAD,BUS STOP,50,0.0,0.0
Bengaluru Dist,Dobbespet PS,1.0442e+16,2016,1,2,Road Accidents,Other,Rural Areas,Near or inside a village,Human Error,No,Grievous Injury,Others,Not at  Junction,Others,NH,Bitumen(Tar),Others,No influence on accident,Fine,NH04,GUNDENAHALLI CROSS,100,0.0,0.0
Bengaluru Dist,Dobbespet PS,1.0442e+16,2016,1,2,Road Accidents,Bridge,Rural Areas,Near or inside a village,Human Error,No,Damage Only,Others,Not at  Junction,Gentle Incline or Climb,NH,Bitumen(Tar),Others,Not Applicable,Others,NH04 ROAD,FLY OVER,50,0.0,0.0
Bengaluru Dist,Dobbespet PS,1.0442e+16,2016,1,1,Not Applicable,Narrow road,Not Applicable,Near a religious place,Not Applicable,Not Applicable,Fatal,Not Applicable,Not Applicable,Not Applicable,Not Applicable,Not Applicable,Not Applicable,Not Applicable,Not Applicable,Road,Road,4KM,0.0,0.0
Bengaluru Dist,Dobbespet PS,1.0442e+16,2016,1,1,Road Accidents,Other,Rural Areas,Near or inside a village,Human Error,Yes,Grievous Injury,Hit pedestrian,Not at  Junction,Others,State Highway,Bitumen(Tar),Others,No influence on accident,Fine,STATE HIGHWAY 3,KENGAL,100,0.0,0.0
Bengaluru Dist,Dobbespet PS,1.0442e+16,2016,1,2,Road Accidents,Other,Rural Areas,Near or inside a village,Human Error,No,Simple Injury,Others,Not at  Junction,Others,Village Road,Bitumen(Tar),Others,Not Applicable,Others,BILLANAKOTE-THOTANAHALLI ROAD,ASHWATHAMARA,50,0.0,0.0
Bengaluru Dist,Dobbespet PS,1.0442e+16,2016,1,3,Road Accidents,Other,Rural Areas,Near Bus stop,Human Error,No,Grievous Injury,Others,Not at  Junction,Others,NH,Bitumen(Tar),Others,Not Applicable,Others,NH.04 ROAD,BUS STOP,50,0.0,0.0
Bengaluru Dist,Dobbespet PS,1.0442e+16,2016,1,2,Road Accidents,Other,Rural Areas,Near Bus stop,Human Error,No,Grievous Injury,Others,Not at  Junction,Others,NH,Bitumen(Tar),Others,Not Applicable,Others,N.H.04 ROAD,BUS STOP,100,0.0,0.0
Bengaluru Dist,Dobbespet PS,1.0442e+16,2016,1,4,Road Accidents,Other,Rural Areas,Near Bus stop,Human Error,No,Grievous Injury,Others,Not Applicable,Others,NH,Bitumen(Tar),Others,Not Applicable,Others,NH 04 ROAD,RAYARAPALYA ROAD,50,0.0,0.0
Bengaluru Dist,Dobbespet PS,1.0442e+16,2016,1,2,Road Accidents,Other,Rural Areas,Near Bus stop,Human Error,No,Damage Only,Others,Not Applicable,Others,NH,Bitumen(Tar),Others,Not Applicable,Others,NH 04 ROAD,BUS STOP,70,0.0,0.0
Bengaluru Dist,Dobbespet PS,1.0442e+16,2016,1,1,Road Accidents,Other,Rural Areas,Near Bus stop,Human Error,No,Grievous Injury,Others,Not Applicable,Others,NH,Bitumen(Tar),Others,Not Applicable,Others,NH 04 ROAD,BUS STOP,80,0.0,0.0
Bengaluru Dist,Dobbespet PS,1.0442e+16,2016,1,2,Not Applicable,Narrow road,Not Applicable,At pedestrian Crossing,Not Applicable,Not Applicable,Fatal,Not Applicable,Not Applicable,Not Applicable,NH,Not Applicable,Not Applicable,Not Applicable,Not Applicable,road,road,4km,0.0,0.0
Bengaluru Dist,Dobbespet PS,1.0442e+16,2016,1,3,Road Accidents,Junction,Rural Areas,Near or inside a village,Human Error,No,Damage Only,Others,No signal lights,Others,NH,Bitumen(Tar),Others,No influence on accident,Fine,NH 04 ROAD,RAYARAPALYA ROAD,50,0.0,0.0