DISTRICTNAME,UNITNAME,Crime_No,Year,RI,Noofvehicle_involved,Accident_Classification,Accident_Spot,Accident_Location,Accident_SubLocation,Main_Cause,Hit_Run,Severity,Collision_Type,Junction_Control,Road_Character,Road_Type,Surface_Type,Surface_Condition,Road_Condition,Weather,Accident_Road,Landmark_first,Distance_LandMark_First,Latitude,Longitude
Bengaluru Dist,Dobbespet PS,1.0442e+16,2016,1,3,Road Accidents,Other,Rural Areas,Near or inside a village,Human Error,No,Simple Injury,Others,Not at  Junction,Others,NH,Bitumen(Tar),Others,No influence on accident,Fine,NH04,SANGAM HOTEL,100,0.0,0.0
Bengaluru Dist,Dobbespet PS,1.0442e+16,2016,1,1,Road Accidents,Other,Rural Areas,Near Bus stop,Human Error,No,Grievous Injury,Others,Not at  Junction,Others,NH,Bitumen(Tar),Others,Not Applicable,Others,NH.04 ROAD,BUSSTOP,100,0.0,0.0
Bengaluru Dist,Dobbespet PS,1.0442e+16,2016,1,2,Road Accidents,Other,Rural Areas,Near Bus stop,Human Error,No,Damage Only,Others,Not Applicable,Others,NH,Bitumen(Tar),Others,Not Applicable,Others,NH04 SERVICE ROAD,BUS STOP,70,0.0,0.0
Bengaluru Dist,Dobbespet PS,1.0442e+16,2016,1,2,Road Accidents,Other,Rural Areas,Near Bus stop,Human Error,No,Grievous Injury,Others,Not Applicable,Others,NH,Bitumen(Tar),Others,Not Applicable,Others,NH 04 ROAD,LAJ EXPORT,70,0.0,0.0
Bengaluru Dist,Dobbespet PS,1.0442e+16,2016,1,1,Road Accidents,Other,Rural Areas,Near or inside a village,Human Error,No,Fatal,Skidding or Self accident,Not at  Junction,Others,Village Road,Bitumen(Tar),Others,No influence on accident,Fine,VILLEGE ROAD,CHANPASHA LAND,200,0.0,0.0
Bengaluru Dist,Dobbespet PS,1.0442e+16,2016,1,1,Road Accidents,T Junction,Rural Areas,Near or inside a village,Human Error,Yes,Grievous Injury,Others,No signal lights,Others,NH,Bitumen(Tar),Others,No influence on accident,Fine,NH 04,HALENIJAGAL ROAD,100,0.0,0.0
Bengaluru Dist,Dobbespet PS,1.0442e+16,2016,1,3,Road Accidents,T Junction,Rural Areas,Near or inside a village,Human Error,No,Damage Only,Others,No signal lights,Others,NH,Bitumen(Tar),Others,No influence on accident,Fine,NH04,JINDAL,100,0.0,0.0
Bengaluru Dist,Dobbespet PS,1.0442e+16,2016,1,2,Road Accidents,Narrow road,Rural Areas,Near or inside a village,Human Error,No,Grievous Injury,Vehicle to Vehicle,Not at  Junction,Steep Incline or Climb,NH,Bitumen(Tar),Dry,No influence on accident,Others,NH 48 BNG-TMK,TATA Show Room,150 ft,0.0,0.0
Bengaluru Dist,Dobbespet PS,1.0442e+16,2016,1,1,Road Accidents,Junction,Rural Areas,Near a factory industrial area,Human Error,No,Grievous Injury,Rear end,No signal lights,Others,NH,Bitumen(Tar),Others,No influence on accident,Fine,NH 04 ROAD,INDUSTRIAL AREA,100,0.0,0.0
Bengaluru Dist,Dobbespet PS,1.0442e+16,2016,1,2,Road Accidents,Other,Rural Areas,Near or inside a village,Human Error,Yes,Damage Only,Others,Not at  Junction,Others,NH,Bitumen(Tar),Others,No influence on accident,Fine,NH 04,KENGAL KEMPOHALLI,200,0.0,0.0
Bengaluru Dist,Dobbespet PS,1.0442e+16,2016,1,2,Not Applicable,Narrow road,Not Applicable,Residential area,Not Applicable,Not Applicable,Grievous Injury,Others,Not Applicable,Not Applicable,Not Applicable,Not Applicable,Not Applicable,Not Applicable,Not Applicable,Land,Road,12KM,0.0,0.0
Bengaluru Dist,Dobbespet PS,1.0442e+16,2016,1,2,Road Accidents,Bridge,Rural Areas,Near or inside a village,Human Error,Not Applicable,Damage Only,Others,Not at  Junction,Others,NH,Bitumen(Tar),Others,No influence on accident,Fine,NH 04 ROAD,FLY OVER,50,0.0,0.0
Bengaluru Dist,Dobbespet PS,1.0442e+16,2016,1,2,Road Accidents,Other,Rural Areas,Near or inside a village,Human Error,No,Damage Only,Others,Not at  Junction,Others,NH,Bitumen(Tar),Others,No influence on accident,Fine,NH04,HALLI NENAPU HOTEL,100,0.0,0.0
Bengaluru Dist,Dobbespet PS,1.0442e+16,2016,1,2,Road Accidents,Other,Rural Areas,Near Bus stop,Human Error,No,Simple Injury,Others,Not at  Junction,Others,NH,Bitumen(Tar),Others,Not Applicable,Others,NH 04 ROAD,GURUSIDDAPPA GODOWN,40,0.0,0.0
Bengaluru Dist,Dobbespet PS,1.0442e+16,2016,1,1,Road Accidents,Other,Rural Areas,Near School or College,Human Error,Yes,Fatal,Hit and Run,Not at  Junction,Others,NH,Bitumen(Tar),Others,No influence on accident,Fine,NH207,GEETHA SCHOOL,100,0.0,0.0
Bengaluru Dist,Dobbespet PS,1.0442e+16,2016,1,2,Road Accidents,Junction,Rural Areas,Near a factory industrial area,Human Error,No,Simple Injury,Others,No signal lights,Others,NH,Bitumen(Tar),Others,No influence on accident,Fine,NH 04 ROAD,INDUSTRIES,70,0.0,0.0
Bengaluru Dist,Dobbespet PS,1.0442e+16,2016,1,2,Road Accidents,Other,Rural Areas,Near or inside a village,Human Error,No,Simple Injury,Others,Not at  Junction,Others,NH,Bitumen(Tar),Others,No influence on accident,Fine,NH04,BILLANAKOTE,100,0.0,0.0
Bengaluru Dist,Dobbespet PS,1.0442e+16,2016,1,2,Road Accidents,Other,Rural Areas,Near or inside a village,Human Error,No,Grievous Injury,Others,Not at  Junction,Not Applicable,Others,Bitumen(Tar),Others,No influence on accident,Others,DOBASPET KORATAGERE ROAD,NIJAGAL KEMPOHALLI ROAD,100,0.0,0.0
Bengaluru Dist,Dobbespet PS,1.0442e+16,2016,1,1,Road Accidents,Other,Rural Areas,Near or inside a village,Human Error,No,Damage Only,Skidding or Self accident,Not at  Junction,Others,State Highway,Bitumen(Tar),Others,No influence on accident,Fine,STATE HIGHWAY 3,MADENAHALLI,200,0.0,0.0
Bengaluru Dist,Dobbespet PS,1.0442e+16,2017,1,2,Road Accidents,Not Applicable,City/Town,Near a factory industrial area,Human Error,No,Simple Injury,Not Applicable,Police / Manual,Not Applicable,One way,Bitumen(Tar),Others,Not Applicable,Very Cold,Yedehalli Industrial Airea,Near Industrial Airea,3 Km,0.0,0.0
Bengaluru Dist,Dobbespet PS,1.0442e+16,2017,1,1,Rail Road Accidents,Curves,Rural Areas,Near Bus stop,Human Error,Yes,Grievous Injury,Hit and Run,Controlled,Curve,Others,Bitumen(Tar),Not Applicable,Not Applicable,Others,Dobbaspet D B Pura Road,D B Pura Road,1 Km,0.0,0.0
Bengaluru Dist,Dobbespet PS,1.0442e+16,2017,1,1,Not Applicable,Narrow road,Not Applicable,Open area,Not Applicable,Not Applicable,Fatal,Not Applicable,Not Applicable,Not Applicable,Others,Not Applicable,Not Applicable,Not Applicable,Clear,village Road,Suguna Koli Seeds,5 KM,0.0,0.0
Bengaluru Dist,Dobbespet PS,1.0442e+16,2017,1,2,Road Accidents,Other,Rural Areas,Near or inside a village,Human Error,Yes,Fatal,Hit and Run,Not at  Junction,Others,State Highway,Bitumen(Tar),Others,No influence on accident,Fine,SH 03,LAND,50,0.0,0.0
Bengaluru Dist,Dobbespet PS,1.0442e+16,2017,1,1,Road Accidents,Narrow road,Villages settlement,Near or inside a village,Human Error,No,Grievous Injury,Not Applicable,Not at  Junction,Others,State Highway,Bitumen(Tar),Not Applicable,Not Applicable,Not Applicable,Shivagange Dobbaspet Road,Near Honnenahalli Thandya,3 KM,0.0,0.0
Bengaluru Dist,Dobbespet PS,1.0442e+16,2017,1,2,Road Accidents,Not Applicable,City/Town,Near School or College,Human Error,No,Simple Injury,Not Applicable,Not Applicable,Not Applicable,City or Town Road,Bitumen(Tar),Not Applicable,Not Applicable,Others,Dobbaspet Shivagange Road,Tor road,2 Km,0.0,0.0
Bengaluru Dist,Dobbespet PS,1.0442e+16,2017,1,1,Road Accidents,Narrow road,Rural Areas,Near a factory industrial area,Not Applicable,No,Not Applicable,Not Applicable,Not at  Junction,Not Applicable,Others,Bitumen(Tar),Dry,Not Applicable,Others,DABASPET INDUSTRIAL AREA,INFRONT OF ADVAITH MOTORS COMPANY,2 KM,0.0,0.0
Bengaluru Dist,Dobbespet PS,1.0442e+16,2017,1,1,Road Accidents,Not Applicable,Rural Areas,Near Bus stop,Human Error,No,Grievous Injury,Not Applicable,Not Applicable,Not Applicable,Village Road,Bitumen(Tar),Not Applicable,Not Applicable,Not Applicable,Dobbaspet Koratagere Road,Near Bus Stop,6 KM,0.0,0.0
Bengaluru Dist,Dobbespet PS,1.0442e+16,2017,1,2,Road Accidents,Curves,Rural Areas,Near or inside a village,Human Error,No,Grievous Injury,Not Applicable,Not at  Junction,Curve,State Highway,Bitumen(Tar),Not Applicable,Not Applicable,Others,Dobbaspet Shivagange Road,SH 3,1,0.0,0.0
Bengaluru Dist,Dobbespet PS,1.0442e+16,2017,1,1,Not Applicable,Narrow road,Not Applicable,Near Bus stop,Not Applicable,Not Applicable,Fatal,Side swipe,Not Applicable,Curve,State Highway,Not Applicable,Not Applicable,Not Applicable,Others,Road,Road,5KM,0.0,0.0
Bengaluru Dist,Dobbespet PS,1.0442e+16,2017,1,2,Not Applicable,Not Applicable,Not Applicable,Near Bus stop,Not Applicable,Not Applicable,Simple Injury,Others,Not Applicable,Not Applicable,Not Applicable,Not Applicable,Not Applicable,Not Applicable,Not Applicable,Road,Road,14KM,0.0,0.0
Bengaluru Dist,Dobbespet PS,1.0442e+16,2017,1,2,Not Applicable,Cross roads,Not Applicable,Residential area,Not Applicable,Not Applicable,Fatal,Not Applicable,Not Applicable,Others,State Highway,Not Applicable,Not Applicable,Not Applicable,Not Applicable,Road,Road,4KM,0.0,0.0
Bengaluru Dist,Dobbespet PS,1.0442e+16,2017,1,2,Not Applicable,Cross roads,Not Applicable,Residential area,Not Applicable,Not Applicable,Grievous Injury,Others,Not Applicable,Not Applicable,State Highway,Not Applicable,Not Applicable,Not Applicable,Not Applicable,Road,road,8KM,0.0,0.0
Bengaluru Dist,Dobbespet PS,1.0442e+16,2017,1,2,Not Applicable,Narrow road,Not Applicable,Near or inside a village,Not Applicable,Not Applicable,Grievous Injury,Not Applicable,Not Applicable,Not Applicable,Others,Not Applicable,Not Applicable,Not Applicable,Not Applicable,Village Road,Road,5KM,0.0,0.0
Bengaluru Dist,Dobbespet PS,1.0442e+16,2017,1,2,Road Accidents,Narrow road,Not Applicable,Near Bus stop,Human Error,No,Grievous Injury,Not Applicable,Not Applicable,Not Applicable,State Highway,Bitumen(Tar),Not Applicable,Not Applicable,Not Applicable,Shivagange Dobbaspet Road,Dobbaspet Shivagange Road,3 Km,0.0,0.0
Bengaluru Dist,Dobbespet PS,1.0442e+16,2017,1,2,Not Applicable,Cross roads,Not Applicable,Open area,Not Applicable,Not Applicable,Grievous Injury,Hit puchcart,Not Applicable,Not Applicable,Others,Not Applicable,Others,Not Applicable,Others,Road,Road,5,0.0,0.0
Bengaluru Dist,Dobbespet PS,1.0442e+16,2017,1,1,Not Applicable,Narrow road,Not Applicable,Near or inside a village,Not Applicable,Not Applicable,Grievous Injury,Skidding or Self accident,Not Applicable,Not Applicable,State Highway,Not Applicable,Not Applicable,Not Applicable,Not Applicable,OTHER ROAD,Road,5,0.0,0.0
Bengaluru Dist,Dobbespet PS,1.0442e+16,2017,1,2,Road Accidents,Other,City/Town,Near School or College,Human Error,No,Simple Injury,Overturning,Controlled,Not Applicable,NH,Bitumen(Tar),Dry,Engineering Defect of Road,Others,Road,Road,01 KMS,0.0,0.0
Bengaluru Dist,Dobbespet PS,1.0442e+16,2017,1,1,Road Accidents,Other,Rural Areas,Near or inside a village,Human Error,Yes,Fatal,Hit and Run,Controlled,Not Applicable,Village Road,Bitumen(Tar),Dry,Engineering Defect of Road,Others,Road,Road,15 KM,0.0,0.0
Bengaluru Dist,Dobbespet PS,1.0442e+16,2017,1,2,Road Accidents,Curves,Rural Areas,Near a factory industrial area,Human Error,No,Grievous Injury,Overturning,Not at  Junction,Curve,Village Road,Bitumen(Tar),Not Applicable,Not Applicable,Not Applicable,Thyamagondlu Dobbaspet Road,Thyamagondlu Dobbaspet Road,3 K M,0.0,0.0
Bengaluru Dist,Dobbespet PS,1.0442e+16,2017,1,1,Road Accidents,Other,Rural Areas,Near Bus stop,Human Error,No,Fatal,Others,Not at  Junction,Others,State Highway,Bitumen(Tar),Others,Not Applicable,Others,SH 03,road hums,1,0.0,0.0
Bengaluru Dist,Dobbespet PS,1.0442e+16,2017,1,2,Road Accidents,Curves,Rural Areas,Near or inside a village,Human Error,No,Grievous Injury,Overturning,Not Applicable,Curve,Village Road,Bitumen(Tar),Not Applicable,Not Applicable,Not Applicable,Kuntabommanahalli Thyamagondlu Road,Tar Road,15 k M,0.0,0.0
Bengaluru Dist,Dobbespet PS,1.0442e+16,2017,1,2,Road Accidents,Not Applicable,City/Town,Near School or College,Human Error,No,Grievous Injury,Not Applicable,Not at  Junction,Not Applicable,City or Town Road,Bitumen(Tar),Not Applicable,Not Applicable,Not Applicable,Dobbaspet Shivagange Road,Near Vidyaspoorthy School,1 Km,0.0,0.0
Bengaluru Dist,Dobbespet PS,1.0442e+16,2017,1,1,Road Accidents,Road hump or Rumble strips,Rural Areas,Open area,Not Applicable,Not Applicable,Fatal,Skidding or Self accident,Not Applicable,Not Applicable,Village Road,Not Applicable,Not Applicable,Not Applicable,Not Applicable,village Road,Baragenahalli Village,5 km,0.0,0.0
Bengaluru Dist,Dobbespet PS,1.0442e+16,2017,1,1,Road Accidents,Narrow road,Rural Areas,Near or inside a village,Human Error,No,Grievous Injury,Not Applicable,Not at  Junction,Not Applicable,State Highway,Bitumen(Tar),Not Applicable,Not Applicable,Not Applicable,Dobbaspet Koratagere Road,SH 3,4 KM,0.0,0.0
Bengaluru Dist,Dobbespet PS,1.0442e+16,2017,1,1,Road Accidents,Other,Rural Areas,Near or inside a village,Human Error,No,Fatal,Hit pedestrian,Not at  Junction,Others,State Highway,Bitumen(Tar),Others,No influence on accident,Fine,SH 03,BUS SHELTER,100,0.0,0.0
Bengaluru Dist,Dobbespet PS,1.0442e+16,2017,1,2,Road Accidents,Curves,Rural Areas,Near or inside a village,Human Error,No,Grievous Injury,Overturning,Controlled,Curve,One way,Bitumen(Tar),Not Applicable,Not Applicable,Others,Dobbaspet Kengal Gollarahatti Road,Tar Road,5,0.0,0.0
Bengaluru Dist,Dobbespet PS,1.0442e+16,2017,1,2,Road Accidents,Other,Rural Areas,Near or inside a village,Human Error,No,Grievous Injury,Others,Uncontrolled,Others,State Highway,Bitumen(Tar),Dry,Not Applicable,Fine,state high way,near Narasipura thopu,5 kms,0.0,0.0
Bengaluru Dist,Dobbespet PS,1.0442e+16,2017,1,2,Road Accidents,Other,Rural Areas,Near or inside a village,Human Error,No,Simple Injury,Overturning,Controlled,Not Applicable,State Highway,Bitumen(Tar),Dry,Engineering Defect of Road,Others,Road,Road,02 KMS,0.0,0.0
Bengaluru Dist,Dobbespet PS,1.0442e+16,2017,1,1,Road Accidents,Not Applicable,Rural Areas,Near or inside a village,Human Error,Not Applicable,Grievous Injury,Not Applicable,Not Applicable,Not Applicable,Village Road,Bitumen(Tar),Not Applicable,Not Applicable,Not Applicable,Dobbaspet Shivagange Road,Near KEb Trnsform,6 KM,0.0,0.0
Bengaluru Dist,Dobbespet PS,1.0442e+16,2017,1,1,Not Applicable,Narrow road,Not Applicable,Open area,Not Applicable,Not Applicable,Grievous Injury,Others,Not Applicable,Not Applicable,Others,Not Applicable,Not Applicable,Not Applicable,Not Applicable,Road NH 207,road,4KM,0.0,0.0
Bengaluru Dist,Dobbespet PS,1.0442e+16,2017,1,1,Not Applicable,Bridge,Not Applicable,Narrow bridge or culverts,Not Applicable,Not Applicable,Grievous Injury,Others,Not Applicable,Not Applicable,Others,Not Applicable,Not Applicable,Not Applicable,Others,Makenahalli Bridge,road,3km,0.0,0.0
Bengaluru Dist,Dobbespet PS,1.0442e+16,2017,1,2,Road Accidents,Junction,Rural Areas,Near or inside a village,Human Error,No,Fatal,Others,No signal lights,Others,State Highway,Bitumen(Tar),Others,No influence on accident,Fine,SH 03,MANJUNATHA BEKARI,100,0.0,0.0
Bengaluru Dist,Dobbespet PS,1.0442e+16,2017,1,2,Not Applicable,Not Applicable,Not Applicable,At pedestrian Crossing,Not Applicable,Not Applicable,Grievous Injury,Others,Not Applicable,Not Applicable,State Highway,Not Applicable,Not Applicable,Not Applicable,Not Applicable,Road,Road HONNENAHALLI,2KM,0.0,0.0
Bengaluru Dist,Dobbespet PS,1.0442e+16,2017,1,2,Road Accidents,Cross roads,Villages settlement,Near or inside a village,Human Error,Not Applicable,Simple Injury,Not Applicable,Not Applicable,Curve,Village Road,Bitumen(Tar),Not Applicable,Not Applicable,Others,Shivagange Mahimapura Road,Near Village,8 KM,0.0,0.0
Bengaluru Dist,Dobbespet PS,1.0442e+16,2017,1,2,Road Accidents,Curves,Rural Areas,Near Petrol Pump,Human Error,No,Simple Injury,Right Turn Collision,Uncontrolled,Curve,State Highway,Bitumen(Tar),Not Applicable,Not Applicable,Others,SH Road,Petrol Bunk,4 Km,0.0,0.0
Bengaluru Dist,Dobbespet PS,1.0442e+16,2017,1,2,Road Accidents,Curves,Villages settlement,Near or inside a village,Human Error,Yes,Grievous Injury,Hit and Run,Police / Manual,Hump,State Highway,Gravel,Dry,Pot holed,Others,STATE HIGHWAY,DABASPET KORATAGERE ROAD,100,0.0,0.0
Bengaluru Dist,Dobbespet PS,1.0442e+16,2017,1,2,Not Applicable,Narrow road,Rural Areas,Near or inside a village,Human Error,No,Simple Injury,Not Applicable,Not Applicable,Not Applicable,Others,Bitumen(Tar),Not Applicable,Not Applicable,Not Applicable,Kuntabommanahalli,Tar Road,15 KM,0.0,0.0
Bengaluru Dist,Dobbespet PS,1.0442e+16,2017,1,2,Road Accidents,Not Applicable,Not Applicable,Near a factory industrial area,Human Error,No,Grievous Injury,Not Applicable,Not at  Junction,Not Applicable,City or Town Road,Bitumen(Tar),Not Applicable,Not Applicable,Not Applicable,Industrial Airea Road,Industrial Airea Road,4 KM,0.0,0.0
Bengaluru Dist,Dobbespet PS,1.0442e+16,2017,1,2,Road Accidents,Curves,Villages settlement,Near or inside a village,Human Error,No,Simple Injury,Others,Controlled,Curve,Two way,Bitumen(Tar),Dry,Engineering Defect of Road,Others,Road,Road,12 KMS,0.0,0.0
Bengaluru Dist,Dobbespet PS,1.0442e+16,2017,1,1,Not Applicable,Narrow road,Not Applicable,Near Bus stop,Not Applicable,Not Applicable,Grievous Injury,Others,Not Applicable,Not Applicable,Not Applicable,Not Applicable,Not Applicable,Not Applicable,Not Applicable,Road,Road,5km,0.0,0.0
Bengaluru Dist,Dobbespet PS,1.0442e+16,2017,1,2,Road Accidents,Not Applicable,Villages settlement,Near or inside a village,Human Error,No,Grievous Injury,Not Applicable,Controlled,Not Applicable,One way,Bitumen(Tar),Not Applicable,Not Applicable,Not Applicable,Dobbaspet D B Pura Road,Near Village,4 KM,0.0,0.0
Bengaluru Dist,Dobbespet PS,1.0442e+16,2017,1,1,Road Accidents,Other,Rural Areas,Near or inside a village,Human Error,No,Fatal,Others,Not at  Junction,Others,State Highway,Bitumen(Tar),Others,No influence on accident,Fine,SH 03,RAMANJINAPPA HOUSE,100,0.0,0.0
Bengaluru Dist,Dobbespet PS,1.0442e+16,2017,1,2,Road Accidents,Narrow road,Rural Areas,Near Petrol Pump,Human Error,No,Grievous Injury,Not Applicable,Controlled,Not Applicable,Two way,Bitumen(Tar),Others,Not Applicable,Not Applicable,Dobbaspet Koratagere Road,Dobbaspet Koratagere Road,8 Km,0.0,0.0
Bengaluru Dist,Dobbespet PS,1.0442e+16,2017,1,2,Road Accidents,Narrow road,Rural Areas,Near or inside a village,Human Error,No,Grievous Injury,Not Applicable,Not at  Junction,Not Applicable,NH,Bitumen(Tar),Not Applicable,Not Applicable,Not Applicable,Dobbaspet Doddaballapura Road,Opposit of Ramki Companey,3,0.0,0.0
Bengaluru Dist,Dobbespet PS,1.0442e+16,2017,1,1,Road Accidents,Other,Rural Areas,Near or inside a village,Human Error,No,Fatal,Hit pedestrian,Not at  Junction,Others,State Highway,Bitumen(Tar),Others,No influence on accident,Fine,SH 03,THOPU,100,0.0,0.0
Bengaluru Dist,Dobbespet PS,1.0442e+16,2017,1,1,Road Accidents,Other,Rural Areas,Near or inside a village,Human Error,No,Grievous Injury,Skidding or Self accident,Not at  Junction,Others,Village Road,Bitumen(Tar),Others,No influence on accident,Fine,KOLALA THYAMAGODNLU ROAD,THATTERE GATE,300,0.0,0.0
Bengaluru Dist,Dobbespet PS,1.0442e+16,2017,1,1,Road Accidents,Narrow road,Rural Areas,Near or inside a village,Human Error,No,Damage Only,Others,Not at  Junction,Not Applicable,Village Road,Bitumen(Tar),Not Applicable,Not Applicable,Not Applicable,Dabbaspet -Db pur road,tar road,8,0.0,0.0
Bengaluru Dist,Dobbespet PS,1.0442e+16,2017,1,2,Not Applicable,Cross roads,Not Applicable,Near or inside a village,Human Error,Yes,Grievous Injury,Not Applicable,No signal lights,Curve,Village Road,Bitumen(Tar),Not Applicable,Not Applicable,Not Applicable,Dobbaspet Veerasagara road,Veerasagara Cross,6 KM,0.0,0.0
Bengaluru Dist,Dobbespet PS,1.0442e+16,2017,1,2,Road Accidents,Other,City/Town,Near or inside a village,Human Error,No,Simple Injury,Overturning,Controlled,Curve,State Highway,Bitumen(Tar),Dry,Engineering Defect of Road,Others,Road,Road,01 KMS,0.0,0.0
Bengaluru Dist,Dobbespet PS,1.0442e+16,2017,1,2,Road Accidents,Not Applicable,City/Town,Near or inside a village,Human Error,Yes,Fatal,Not Applicable,Not Applicable,Not Applicable,City or Town Road,Bitumen(Tar),Not Applicable,Not Applicable,Not Applicable,DB Pura DObbaspet Road,Near Village,4 KM,0.0,0.0
Bengaluru Dist,Dobbespet PS,1.0442e+16,2017,1,1,Road Accidents,Narrow road,Rural Areas,Near or inside a village,Human Error,No,Grievous Injury,Others,Not at  Junction,Not Applicable,Village Road,Bitumen(Tar),Not Applicable,Not Applicable,Others,Dobbaspet DB Pura Road,Dobbaspet DB Pura Road,4,0.0,0.0
Bengaluru Dist,Dobbespet PS,1.0442e+16,2017,1,2,Road Accidents,Curves,Rural Areas,Near or inside a village,Human Error,No,Grievous Injury,Not Applicable,Not at  Junction,Curve,Village Road,Bitumen(Tar),Others,Not Applicable,Others,Dobbaspet Lakkuru Road,Tar Road,2 KM,0.0,0.0
Bengaluru Dist,Dobbespet PS,1.0442e+16,2017,1,2,Road Accidents,Narrow road,City/Town,Near or inside a village,Human Error,No,Simple Injury,Not Applicable,Not at  Junction,Not Applicable,State Highway,Bitumen(Tar),Not Applicable,Not Applicable,Not Applicable,Dobbaspet Koratagere Road,Near Village,4 KM,0.0,0.0
Bengaluru Dist,Dobbespet PS,1.0442e+16,2017,1,1,Road Accidents,Narrow road,Rural Areas,Near or inside a village,Human Error,Yes,Grievous Injury,Not Applicable,Controlled,Not Applicable,Village Road,Bitumen(Tar),Not Applicable,Not Applicable,Others,Makenahalli Road,Near Govindappa Angadi,6 Km,0.0,0.0
Bengaluru Dist,Dobbespet PS,1.0442e+16,2017,1,2,Road Accidents,Other,Rural Areas,Near Bus stop,Not Applicable,Not Applicable,Fatal,Others,Not Applicable,Not Applicable,Village Road,Not Applicable,Not Applicable,Not Applicable,Not Applicable,N H 207,Near Bus Stand,7 KM,0.0,0.0
Bengaluru Dist,Dobbespet PS,1.0442e+16,2017,1,2,Road Accidents,Not Applicable,Not Applicable,Near Bus stop,Human Error,No,Grievous Injury,Not Applicable,Not Applicable,Not Applicable,State Highway,Bitumen(Tar),Not Applicable,Not Applicable,Not Applicable,Dobbaspet Koratagere Road,SH3,0.5 Km,0.0,0.0
Bengaluru Dist,Dobbespet PS,1.0442e+16,2017,1,2,Road Accidents,Not Applicable,City/Town,Near a factory industrial area,Human Error,Yes,Grievous Injury,Not Applicable,Not Applicable,Not Applicable,Not Applicable,Bitumen(Tar),Not Applicable,Not Applicable,Not Applicable,Dobbaspet Thyamagondlu Road,Dobbaspet Thyamagondlu Road,5 KM,0.0,0.0
Bengaluru Dist,Dobbespet PS,1.0442e+16,2017,1,2,Not Applicable,Cross roads,Not Applicable,Near a factory industrial area,Not Applicable,Not Applicable,Grievous Injury,Others,Not Applicable,Not Applicable,State Highway,Not Applicable,Not Applicable,Not Applicable,Not Applicable,Road,Road,3KM,0.0,0.0
Bengaluru Dist,Dobbespet PS,1.0442e+16,2017,1,2,Road Accidents,Narrow road,Rural Areas,Near or inside a village,Human Error,No,Grievous Injury,Not Applicable,Not at  Junction,Not Applicable,State Highway,Bitumen(Tar),Others,Not Applicable,Others,Dobbaspet Koratagere Road,SH 3,7 Km,0.0,0.0
Bengaluru Dist,Dobbespet PS,1.0442e+16,2017,1,2,Road Accidents,Other,Rural Areas,Near Bus stop,Human Error,No,Grievous Injury,Others,Not at  Junction,Others,State Highway,Bitumen(Tar),Others,Not Applicable,Others,"KORATAGERE DOBASPET ROAD, SH.3",BUS STOP,30,0.0,0.0
Bengaluru Dist,Dobbespet PS,1.0442e+16,2017,1,1,Road Accidents,Other,Villages settlement,Near a factory industrial area,Human Error,No,Simple Injury,Others,Controlled,Not Applicable,NH,Bitumen(Tar),Not Applicable,Not Applicable,Clear,Bengalore Tumkuru NH 04 Road,Near Industrial Aeria,2 Km,0.0,0.0
Bengaluru Dist,Dobbespet PS,1.0442e+16,2017,1,2,Road Accidents,Narrow road,Rural Areas,Open area,Human Error,Not Applicable,Fatal,Hit and Run,Not Applicable,Not Applicable,Village Road,Bitumen(Tar),Not Applicable,Not Applicable,Clear,village Road,0,13,0.0,0.0
Bengaluru Dist,Dobbespet PS,1.0442e+16,2017,1,2,Road Accidents,Bridge,City/Town,Near or inside a village,Human Error,No,Grievous Injury,Others,Not at  Junction,Incline,State Highway,Bitumen(Tar),Not Applicable,Not Applicable,Clear,Dobbaspet Koratagere Road,Near Lakkuru,3 Km,0.0,0.0
Bengaluru Dist,Dobbespet PS,1.0442e+16,2017,1,2,Road Accidents,Narrow road,Rural Areas,Near or inside a village,Human Error,No,Grievous Injury,Not Applicable,Controlled,Not Applicable,Others,Bitumen(Tar),Not Applicable,Not Applicable,Not Applicable,Shivagange Dobbaspet Road,Shivagange Dobbaspet Road,2 KM,0.0,0.0
Bengaluru Dist,Dobbespet PS,1.0442e+16,2017,1,2,Road Accidents,Not Applicable,Not Applicable,Near or inside a village,Not Applicable,Not Applicable,Grievous Injury,Not Applicable,Not Applicable,Not Applicable,Not Applicable,Not Applicable,Not Applicable,Not Applicable,Snow,Road,Road,0.05KM,0.0,0.0
Bengaluru Dist,Dobbespet PS,1.0442e+16,2017,1,1,Not Applicable,Narrow road,Not Applicable,Open area,Not Applicable,Not Applicable,Grievous Injury,Others,Not Applicable,Not Applicable,Not Applicable,Not Applicable,Not Applicable,Not Applicable,Not Applicable,Road,road,3KM,0.0,0.0