DISTRICTNAME,UNITNAME,Crime_No,Year,RI,Noofvehicle_involved,Accident_Classification,Accident_Spot,Accident_Location,Accident_SubLocation,Main_Cause,Hit_Run,Severity,Collision_Type,Junction_Control,Road_Character,Road_Type,Surface_Type,Surface_Condition,Road_Condition,Weather,Accident_Road,Landmark_first,Distance_LandMark_First,Latitude,Longitude
Bengaluru Dist,Dobbespet PS,1.0442e+16,2019,1,2,Road Accidents,Cross roads,Rural Areas,Open area,Human Error,No,Fatal,Hit pedestrian,Not Applicable,Straight and flat,State Highway,Bitumen(Tar),Not Applicable,Not Applicable,Clear,state High way,Halenahalli gate,6km,13.148119,77.252007
Bengaluru Dist,Dobbespet PS,1.0442e+16,2019,1,1,Road Accidents,Narrow road,Rural Areas,Open area,Not Applicable,Yes,Fatal,Not Applicable,Not Applicable,Not Applicable,One way,Bitumen(Tar),Not Applicable,Not Applicable,Clear,village Road,0,7 km,13.256072,77.207837
Bengaluru Dist,Dobbespet PS,1.0442e+16,2019,1,1,Road Accidents,Narrow road,Rural Areas,Open area,Human Error,No,Grievous Injury,Hit pedestrian,Not Applicable,Straight and flat,Others,Bitumen(Tar),Dry,Not Applicable,Clear,NIDAVANDA,MOBL,6 KM,13.23221,77.273077
Bengaluru Dist,Dobbespet PS,1.0442e+16,2019,1,2,Road Accidents,Narrow road,Rural Areas,Residential area,Human Error,No,Fatal,Vehicle to Vehicle,Not Applicable,Straight and flat,State Highway,Bitumen(Tar),Not Applicable,Not Applicable,Clear,village road,0,6 km,13.266951,77.244473
Bengaluru Dist,Dobbespet PS,1.0442e+16,2019,1,2,Road Accidents,Curves,Rural Areas,Near or inside a village,Human Error,Yes,Grievous Injury,Vehicle to Vehicle,Not at  Junction,Curve,State Highway,Bitumen(Tar),Others,Not Applicable,Clear,SH 03,Tar,6 Km,13.297179,77.238843
Bengaluru Dist,Dobbespet PS,1.0442e+16,2019,1,2,Road Accidents,Narrow road,Rural Areas,Near a factory industrial area,Human Error,No,Grievous Injury,Vehicle to Vehicle,Not Applicable,Straight and flat,Two way,Bitumen(Tar),Dry,Not Applicable,Clear,INDUSTRIAL AREA,TCI FACTORY,4 KM,13.221855,77.255201
Bengaluru Dist,Dobbespet PS,1.0442e+16,2019,1,1,Not Applicable,Narrow road,Rural Areas,Near a factory industrial area,Human Error,No,Fatal,Hit pedestrian,Not Applicable,Not Applicable,Others,Not Applicable,Muddy,Not Applicable,Clear,other road,0,8km,13.187808,77.235429
Bengaluru Dist,Dobbespet PS,1.0442e+16,2019,1,1,Road Accidents,Narrow road,Rural Areas,Open area,Human Error,No,Grievous Injury,Not Applicable,Not Applicable,Straight and flat,State Highway,Bitumen(Tar),Dry,Not Applicable,Clear,Shivagange-Dobbaspete Road,BASAVASRI SHIVASRI KALYANA MANTAPA,2 Km,13.216103,77.241237
Bengaluru Dist,Dobbespet PS,1.0442e+16,2020,1,2,Road Accidents,Narrow road,Rural Areas,Open area,Human Error,No,Not Applicable,Vehicle to Vehicle,Not Applicable,Others,NH,Bitumen(Tar),Dry,Not Applicable,Fine,Dobbaspet D B Pura Road,LM vind power,2 Km,13.229798,77.250649
Bengaluru Dist,Dobbespet PS,1.0442e+16,2020,1,2,Road Accidents,Narrow road,Rural Areas,Near Bus stop,Human Error,Not Applicable,Fatal,Vehicle to Vehicle,Uncontrolled,Others,State Highway,Bitumen(Tar),Others,Not Applicable,Others,NEAR MAKENAHALLI DABASPET - KORATAGERE ROAD,IN FRONT OF SETU ESTATE,6 K.M,13.24723,77.2472159
Bengaluru Dist,Dobbespet PS,1.0442e+16,2020,1,1,Road Accidents,Narrow road,Rural Areas,Residential area,Human Error,No,Fatal,Not Applicable,Not Applicable,Not Applicable,One way,Bitumen(Tar),Not Applicable,Not Applicable,Clear,Village Road,0,1 KM,13.234088,77.259448
Bengaluru Dist,Dobbespet PS,1.0442e+16,2020,1,2,Road Accidents,Narrow road,Rural Areas,Near or inside a village,Human Error,No,Grievous Injury,Vehicle to Vehicle,Not at  Junction,Not Applicable,State Highway,Bitumen(Tar),Others,Not Applicable,Clear,Dobbaspet Koratagere Road,Tar,2 KM,13.242605,77.245219
Bengaluru Dist,Dobbespet PS,1.0442e+16,2020,1,1,Road Accidents,Cross roads,Rural Areas,Near or inside a village,Human Error,Yes,Grievous Injury,Hit pedestrian,Controlled,Curve and Incline,State Highway,Bitumen(Tar),Not Applicable,Not Applicable,Very Cold,Dobbaspet Magadi Road,Tar,6 KM,13.186823,77.235555
Bengaluru Dist,Dobbespet PS,1.0442e+16,2020,1,2,Road Accidents,Not Applicable,Rural Areas,Open area,Human Error,Not Applicable,Grievous Injury,Vehicle to Vehicle,Not Applicable,Straight and flat,Others,Bitumen(Tar),Dry,Not Applicable,Clear,Thyamagondlu-Dobbaspete Road,NIDAVANDA COLONY,6 Km,13.233243,77.268271
Bengaluru Dist,Dobbespet PS,1.0442e+16,2020,1,1,Road Accidents,Narrow road,Rural Areas,Open area,Human Error,Yes,Grievous Injury,Hit pedestrian,Not Applicable,Not Applicable,NH,Bitumen(Tar),Dry,Not Applicable,Clear,Dobbaspet D B Pura Road pemmanahalli bus stand,Bus stand pemmanahalli,5 k m,12.813131,77.580966
Bengaluru Dist,Dobbespet PS,1.0442e+16,2020,1,1,Road Accidents,Narrow road,Rural Areas,Open area,Human Error,No,Grievous Injury,Not Applicable,Not Applicable,Straight and flat,State Highway,Bitumen(Tar),Dry,Not Applicable,Clear,Koratagere Dobbaspet Road,Halenahalli gate,6 Km,13.278404,77.242418
Bengaluru Dist,Dobbespet PS,1.0442e+16,2020,1,2,Road Accidents,Narrow road,Rural Areas,Near or inside a village,Human Error,Not Applicable,Grievous Injury,Vehicle to Vehicle,Not at  Junction,Straight and flat,Others,Bitumen(Tar),Others,Not Applicable,Clear,Veerasagara Dobbaspet Road,Near Veerasaga Colony,4 KM,13.216475,77.207096
Bengaluru Dist,Dobbespet PS,1.0442e+16,2020,1,3,Road Accidents,Not Applicable,Rural Areas,Open area,Human Error,Not Applicable,Not Applicable,Vehicle to Vehicle,Not Applicable,Straight and flat,Others,Bitumen(Tar),Dry,Not Applicable,Clear,Pyaru bhaba parking,pyaru dhabha,5 KM,13.259564,77.210615
Bengaluru Dist,Dobbespet PS,1.0442e+16,2020,1,2,Road Accidents,Narrow road,City/Town,Near or inside a village,Human Error,No,Grievous Injury,Vehicle to Vehicle,Not at  Junction,Not Applicable,State Highway,Bitumen(Tar),Not Applicable,Not Applicable,Clear,Thyamagondlu Nidavanda Road,Tar Road,5 Km,13.244698,77.272782
Bengaluru Dist,Dobbespet PS,1.0442e+16,2020,1,2,Road Accidents,Narrow road,Rural Areas,Open area,Human Error,No,Simple Injury,Vehicle to Vehicle,Not Applicable,Straight and flat,Others,Bitumen(Tar),Dry,Not Applicable,Clear,Imachenahalli- Karimanne Road,Karimanne,6 km,13.265737,77.250053
Bengaluru Dist,Dobbespet PS,1.0442e+16,2020,1,2,Road Accidents,Narrow road,Rural Areas,Near Bus stop,Human Error,No,Fatal,Vehicle to Vehicle,Not Applicable,Not Applicable,NH,Bitumen(Tar),Not Applicable,Not Applicable,Wind,NH207,0,3km,13.232082,77.25929
Bengaluru Dist,Dobbespet PS,1.0442e+16,2020,1,2,Road Accidents,Narrow road,Rural Areas,Residential area,Human Error,No,Fatal,Hit bicyclist,Not Applicable,Not Applicable,One way,Bitumen(Tar),Not Applicable,Not Applicable,Fine,Rural Areas,0,6km,13.292837,77.304254
Bengaluru Dist,Dobbespet PS,1.0442e+16,2020,1,1,Road Accidents,Narrow road,Rural Areas,Open area,Human Error,No,Grievous Injury,Hit pedestrian,Not at  Junction,Straight and flat,State Highway,Bitumen(Tar),Dry,Not Applicable,Clear,Shivagange-Dobbaspete Road,Kuthagatta Cross,6 KM,13.295823,77.291006
Bengaluru Dist,Dobbespet PS,1.0442e+16,2020,1,2,Road Accidents,Narrow road,Rural Areas,Open area,Human Error,No,Grievous Injury,Vehicle to Vehicle,Not Applicable,Not Applicable,Others,Bitumen(Tar),Dry,Not Applicable,Fine,Veerasagara-Dobbaspete road,Near Ashwini bar,1 km,13.2241,77.240116
Bengaluru Dist,Dobbespet PS,1.0442e+16,2020,1,2,Road Accidents,Narrow road,Rural Areas,Open area,Human Error,Not Applicable,Fatal,Vehicle to Vehicle,Uncontrolled,Not Applicable,State Highway,Bitumen(Tar),Others,No influence on accident,Others,Koratagere - Dabaspet road,Road Near Sadhik Estate,4 k.m,13.246438,77.246764
Bengaluru Dist,Dobbespet PS,1.0442e+16,2020,1,2,Rail Road Accidents,Narrow road,City/Town,Near a factory industrial area,Human Error,No,Grievous Injury,Vehicle to Vehicle,Not at  Junction,Not Applicable,NH,Bitumen(Tar),Not Applicable,Not Applicable,Clear,NH 207,Tar,5 KM,13.235486,77.2701509
Bengaluru Dist,Dobbespet PS,1.0442e+16,2020,1,2,Road Accidents,Narrow road,Rural Areas,Near or inside a village,Human Error,Not Applicable,Grievous Injury,Vehicle to Vehicle,Not at  Junction,Not Applicable,Others,Bitumen(Tar),Others,Not Applicable,Not Applicable,Maddenahalli palaya Heggunda Road,Near Kalyani,15 Km,13.264557,77.196421
Bengaluru Dist,Dobbespet PS,1.0442e+16,2020,1,1,Road Accidents,Road hump or Rumble strips,Rural Areas,Near or inside a village,Human Error,No,Fatal,Not Applicable,Uncontrolled,Hump,State Highway,Bitumen(Tar),Not Applicable,Not Applicable,Not Applicable,"Dabaspet - Shivagange road, kengal cross Nelamangala Taluk.",0,4 k.m,13.204201,77.239342
Bengaluru Dist,Dobbespet PS,1.0442e+16,2020,1,1,Road Accidents,Not Applicable,Rural Areas,Near office complex,Not Applicable,Not Applicable,Fatal,Not Applicable,Uncontrolled,Others,State Highway,Bitumen(Tar),Others,Not Applicable,Others,DABASPET - SHIVAGANGE ROAD,SHIVAGANGE ROAD,3 K.M,13.218094,77.242339
Bengaluru Dist,Dobbespet PS,1.0442e+16,2020,1,2,Road Accidents,Narrow road,Rural Areas,Open area,Human Error,No,Not Applicable,Vehicle to Vehicle,Not Applicable,Straight and flat,NH,Bitumen(Tar),Dry,Not Applicable,Clear,Dobbaspete-d.b.pura road Nidavanda colony,NIDAVANDA COLONY,5 Km,13.234132,77.267814
Bengaluru Dist,Dobbespet PS,1.0442e+16,2020,1,2,Road Accidents,Narrow road,Rural Areas,Open area,Human Error,Yes,Simple Injury,Vehicle to Vehicle,Not Applicable,Straight and flat,Others,Bitumen(Tar),Dry,Not Applicable,Clear,Thyamagondlu-Dobbaspete Road,Satrac company,5 k m,13.197362,77.271036
Bengaluru Dist,Dobbespet PS,1.0442e+16,2020,1,2,Road Accidents,Circle,Rural Areas,Open area,Human Error,No,Not Applicable,Vehicle to Vehicle,Not Applicable,Straight and flat,Others,Bitumen(Tar),Dry,Not Applicable,Clear,NIDAVANDA CIRCLE,Nidavanda,5,13.236567,77.274776
Bengaluru Dist,Dobbespet PS,1.0442e+16,2020,1,1,Road Accidents,Narrow road,Rural Areas,Open area,Human Error,No,Grievous Injury,Not Applicable,Not Applicable,Straight and flat,State Highway,Bitumen(Tar),Dry,Not Applicable,Clear,DOBBASPET KORATAGERE ROAD NARASIPURA TOPU,Madenahalli Kumars house,4 km,13.247013,77.2470499
Bengaluru Dist,Dobbespet PS,1.0442e+16,2020,1,1,Road Accidents,Narrow road,Rural Areas,Open area,Human Error,No,Grievous Injury,Hit pedestrian,Not Applicable,Straight and flat,State Highway,Bitumen(Tar),Dry,Not Applicable,Clear,Koratagere Dobbaspet Road,Shuber land,1 KM,13.167489,77.240469
Bengaluru Dist,Dobbespet PS,1.0442e+16,2020,1,2,Road Accidents,Narrow road,Rural Areas,Open area,Human Error,Not Applicable,Grievous Injury,Vehicle to Vehicle,Not Applicable,Straight and flat,Others,Bitumen(Tar),Dry,Not Applicable,Clear,Jindhal company Industrial area,Jindhal company,4 KM,13.220259,77.254089
Bengaluru Dist,Dobbespet PS,1.0442e+16,2020,1,2,Road Accidents,Narrow road,Rural Areas,Open area,Human Error,No,Grievous Injury,Vehicle to Vehicle,Not Applicable,Straight and flat,State Highway,Bitumen(Tar),Dry,Not Applicable,Clear,DOBBASPETE-KORATAGERE ROAD,5 km Towards North,5 km,13.274531,77.243253
Bengaluru Dist,Dobbespet PS,1.0442e+16,2020,1,3,Road Accidents,Narrow road,Rural Areas,Near Bus stop,Human Error,No,Fatal,Hit bicyclist,Not Applicable,Not Applicable,State Highway,Bitumen(Tar),Not Applicable,Not Applicable,Fine,State High way,0,5km,13.267185,77.244756
Bengaluru Dist,Dobbespet PS,1.0442e+16,2020,1,2,Road Accidents,Narrow road,Rural Areas,Open area,Human Error,No,Not Applicable,Vehicle to Vehicle,Not Applicable,Not Applicable,NH,Bitumen(Tar),Dry,Not Applicable,Clear,Nidavanda colony,Jayanthi Form,6 KM,13.233629,77.268004
Bengaluru Dist,Dobbespet PS,1.0442e+16,2020,1,2,Road Accidents,Narrow road,Rural Areas,Near or inside a village,Human Error,No,Grievous Injury,Vehicle to Vehicle,Controlled,Not Applicable,State Highway,Bitumen(Tar),Not Applicable,Not Applicable,Clear,Stat Highway,Tar Road,2 KM,13.214278,77.240478
Bengaluru Dist,Dobbespet PS,1.0442e+16,2020,1,2,Road Accidents,Narrow road,City/Town,Near School or College,Human Error,No,Grievous Injury,Vehicle to Vehicle,Not at  Junction,Not Applicable,NH,Bitumen(Tar),Not Applicable,Not Applicable,Clear,NH 207,Tar,6 KM,13.230598,77.2507069
Bengaluru Dist,Dobbespet PS,1.0442e+16,2020,1,2,Road Accidents,Narrow road,Rural Areas,Open area,Human Error,No,Not Applicable,Vehicle to Vehicle,Not Applicable,Straight and flat,NH,Bitumen(Tar),Dry,Not Applicable,Clear,DOBBASPETE-KORATAGERE ROAD,IOC PETROL BUNK,5,13.264471,77.245869
Bengaluru Dist,Dobbespet PS,1.0442e+16,2021,1,1,Road Accidents,Not Applicable,Rural Areas,Open area,Human Error,No,Fatal,Not Applicable,Uncontrolled,Not Applicable,Others,Surfaced,Muddy,Not Applicable,Others,SLR STONE CRUSHER ROAD MAKENAHALLI NEAR,NEAR SLR STONE CRUSHER,6  K.M,13.29768,77.238944
Bengaluru Dist,Dobbespet PS,1.0442e+16,2021,1,2,Road Accidents,Narrow road,City/Town,Near office complex,Human Error,No,Grievous Injury,Vehicle to Vehicle,Not at  Junction,Not Applicable,Others,Bitumen(Tar),Not Applicable,Not Applicable,Clear,Other Road,Tar,0.5 KM,13.298002,77.289357
Bengaluru Dist,Dobbespet PS,1.0442e+16,2021,1,2,Road Accidents,Narrow road,Rural Areas,Near or inside a village,Human Error,Not Applicable,Fatal,Vehicle to Vehicle,Not Applicable,Not Applicable,State Highway,Bitumen(Tar),Others,No influence on accident,Others,S.H 3,In front of Ramesh Estate,6 k.m,13.268023,77.244137
Bengaluru Dist,Dobbespet PS,1.0442e+16,2021,1,1,Road Accidents,Narrow road,Rural Areas,Near or inside a village,Human Error,No,Grievous Injury,Hit animal,Not at  Junction,Straight and flat,State Highway,Bitumen(Tar),Dry,No influence on accident,Clear,Dobbaspete to Pavagada Road,Jalli Crusher Road,90 ft,13.308011,77.239015
Bengaluru Dist,Dobbespet PS,1.0442e+16,2021,1,2,Road Accidents,Narrow road,Rural Areas,Near Hospital,Human Error,No,Grievous Injury,Vehicle to Vehicle,Not at  Junction,Straight and flat,Two way,Bitumen(Tar),Dry,No influence on accident,Clear,Dobbaspete-Agalakuppe Road,J K Hospital,50 ft,0.0,0.0
Bengaluru Dist,Dobbespet PS,1.0442e+16,2021,1,2,Road Accidents,Narrow road,Rural Areas,Open area,Human Error,No,Grievous Injury,Vehicle to Vehicle,Not Applicable,Straight and flat,NH,Bitumen(Tar),Dry,Not Applicable,Clear,Dobbaspet D B Pura Road Nidavanda,Nidavanda Bare,5 km T,13.18994,77.235899
Bengaluru Dist,Dobbespet PS,1.0442e+16,2021,1,1,Road Accidents,Narrow road,Rural Areas,Open area,Human Error,Yes,Simple Injury,Hit pedestrian,Not Applicable,Not Applicable,NH,Bitumen(Tar),Dry,Not Applicable,Clear,Dobbaspet -D B Pura Road NH 207 road,Ramky company,6 Km,13.231538,77.256731
Bengaluru Dist,Dobbespet PS,1.0442e+16,2021,1,1,Road Accidents,Not Applicable,Rural Areas,Open area,Human Error,Not Applicable,Not Applicable,Not Applicable,Not Applicable,Straight and flat,Others,Bitumen(Tar),Dry,Not Applicable,Clear,Kamalapura- Beeragondanahalli,land in Krishnappas,4 KM,13.230211,77.199048
Bengaluru Dist,Dobbespet PS,1.0442e+16,2021,1,1,Road Accidents,Narrow road,Rural Areas,Open area,Human Error,No,Fatal,Not Applicable,Not Applicable,Not Applicable,State Highway,Bitumen(Tar),Others,Not Applicable,Others,State Highway,NEAR JINNAGARADAMMA LAY OUT,6 KM,13.287147,77.23867
Bengaluru Dist,Dobbespet PS,1.0442e+16,2021,1,2,Road Accidents,Narrow road,Rural Areas,Open area,Human Error,No,Damage Only,Vehicle to Vehicle,Not Applicable,Straight and flat,NH,Bitumen(Tar),Dry,Not Applicable,Clear,Dobbaspet -D B Pura Road NH 207 road,Nidavanda,6 KM,13.234362,77.267877
Bengaluru Dist,Dobbespet PS,1.0442e+16,2021,1,2,Road Accidents,Narrow road,Rural Areas,Open area,Human Error,Not Applicable,Fatal,Vehicle to Vehicle,Not Applicable,Not Applicable,NH,Bitumen(Tar),Not Applicable,Not Applicable,Clear,NH 03,0,7km,13.276911,77.243221
Bengaluru Dist,Dobbespet PS,1.0442e+16,2021,1,2,Road Accidents,Narrow road,Rural Areas,Open area,Human Error,No,Grievous Injury,Vehicle to Vehicle,Not at  Junction,Straight and flat,Others,Bitumen(Tar),Dry,Not Applicable,Clear,Thyamagondlu-Dobbaspete Road,Satrac company,6 Km,13.229849,77.274005
Bengaluru Dist,Dobbespet PS,1.0442e+16,2021,1,1,Road Accidents,Narrow road,Rural Areas,Near or inside a village,Human Error,Not Applicable,Fatal,Not Applicable,Not Applicable,Not Applicable,Others,Bitumen(Tar),Others,Not Applicable,Others,Narasipura Heggundar Road,In front of Siddaraju House,6 k.m,13.274343,77.243558
Bengaluru Dist,Dobbespet PS,1.0442e+16,2021,1,2,Road Accidents,Cross roads,Rural Areas,Near Bus stop,Human Error,No,Grievous Injury,Vehicle to Vehicle,Not at  Junction,Curve,State Highway,Bitumen(Tar),Dry,Not Applicable,Fine,Dobbaspet-Madugiri Road,Near Bus Stop,8 Km,13.296765,77.239357
Bengaluru Dist,Dobbespet PS,1.0442e+16,2021,1,2,Road Accidents,Narrow road,Rural Areas,Open area,Human Error,No,Simple Injury,Vehicle to Vehicle,Not Applicable,Straight and flat,State Highway,Bitumen(Tar),Dry,Not Applicable,Clear,Dobbaspete to Pavagada Road,Imachenahalli Bus stand,6 Km,13.257867,77.248742
Bengaluru Dist,Dobbespet PS,1.0442e+16,2021,1,1,Road Accidents,Narrow road,Rural Areas,At pedestrian Crossing,Human Error,No,Fatal,Hit pedestrian,Not Applicable,Straight and flat,State Highway,Bitumen(Tar),Not Applicable,Not Applicable,Clear,Rural Areas,0,2 km,13.216422,77.241647
Bengaluru Dist,Dobbespet PS,1.0442e+16,2021,1,2,Road Accidents,Curves,Rural Areas,Narrow bridge or culverts,Human Error,No,Fatal,Vehicle to Vehicle,Not Applicable,Straight and flat,State Highway,Bitumen(Tar),Others,Not Applicable,Others,on Bridge Dabaspet - Pavagada Road,Railway Bridge,0.5 km,13.235284,77.241043
Bengaluru Dist,Dobbespet PS,1.0442e+16,2021,1,2,Road Accidents,Narrow road,Rural Areas,Near or inside a village,Human Error,Yes,Fatal,Vehicle to Vehicle,Not Applicable,Others,State Highway,Bitumen(Tar),Others,No influence on accident,Others,State Highway,Near Prjna janya School,10 k.m,13.171977,77.2412869
Bengaluru Dist,Dobbespet PS,1.0442e+16,2021,1,2,Road Accidents,Narrow road,Rural Areas,Near Bus stop,Human Error,No,Damage Only,Vehicle to Vehicle,Not at  Junction,Straight and flat,State Highway,Bitumen(Tar),Dry,No influence on accident,Very Cold,Dobbaspet-Doddaballapura Road,panchayath Office,100 ft,13.228097,77.241637
Bengaluru Dist,Dobbespet PS,1.0442e+16,2021,1,1,Road Accidents,Narrow road,Rural Areas,Near Bus stop,Human Error,No,Grievous Injury,Hit pedestrian,Not at  Junction,Straight and flat,State Highway,Bitumen(Tar),Dry,No influence on accident,Clear,Dabaspete Madugiri Road,Bajane mandira,30ft,0.0,0.0
Bengaluru Dist,Dobbespet PS,1.0442e+16,2021,1,2,Road Accidents,Narrow road,Rural Areas,Near or inside a village,Human Error,No,Simple Injury,Vehicle to Vehicle,Not at  Junction,Straight and flat,Major District Road,Bitumen(Tar),Dry,No influence on accident,Others,Dabaspete Magadi Road,District Border Board,200 mt,13.242681,77.274182
Bengaluru Dist,Dobbespet PS,1.0442e+16,2021,1,2,Road Accidents,Narrow road,Rural Areas,Open area,Human Error,Not Applicable,Fatal,Vehicle to Vehicle,Not Applicable,Straight and flat,State Highway,Bitumen(Tar),Not Applicable,Not Applicable,Fine,State Highway,0,3km,0.0,0.0
Bengaluru Dist,Dobbespet PS,1.0442e+16,2021,1,2,Road Accidents,Not Applicable,Rural Areas,Open area,Human Error,Not Applicable,Grievous Injury,Vehicle to Vehicle,Not Applicable,Straight and flat,Service Road,Bitumen(Tar),Dry,Not Applicable,Clear,Thyamagondlu-Dobbaspete Road,Satrack company,6 KM,13.229729,77.272526
Bengaluru Dist,Dobbespet PS,1.0442e+16,2021,1,2,Road Accidents,Narrow road,Rural Areas,Near or inside a village,Human Error,Yes,Fatal,Vehicle to Vehicle,Not Applicable,Not Applicable,State Highway,Bitumen(Tar),Others,Not Applicable,Clear,Shivagange - Dabaspet Road,In fron of Bhyranna land,3 k.m,13.198007,77.23795
Bengaluru Dist,Dobbespet PS,1.0442e+16,2021,1,1,Road Accidents,Curves,Rural Areas,Near or inside a village,Human Error,No,Damage Only,Not Applicable,Not at  Junction,Sharp Curve,Two way,Bitumen(Tar),Dry,No influence on accident,Clear,Dobbaspet-Sigepalya Road,Gundu topu,100 ft,0.0,0.0
Bengaluru Dist,Dobbespet PS,1.0442e+16,2021,1,2,Road Accidents,Curves,Rural Areas,Near or inside a village,Human Error,No,Simple Injury,Vehicle to Vehicle,Not at  Junction,Steep Incline or Climb,Minor District Road,Bitumen(Tar),Dry,No influence on accident,Clear,Shivagange-Honnudike Road,Shudda kudiyuva neerina ghataka,15 ft,13.17944,77.215415
Bengaluru Dist,Dobbespet PS,1.0442e+16,2021,1,1,Road Accidents,Narrow road,Rural Areas,Near or inside a village,Human Error,No,Grievous Injury,Not Applicable,Not at  Junction,Straight and flat,Two way,Kutcha,Dry,Pot holed,Clear,Honnenahalli-KG Shrinivasapura Road,Aralimara,250 ft,0.0,0.0
Bengaluru Dist,Dobbespet PS,1.0442e+16,2021,1,2,Road Accidents,Narrow road,Rural Areas,Open area,Human Error,No,Not Applicable,Vehicle to Vehicle,Not Applicable,Straight and flat,Others,Bitumen(Tar),Dry,Not Applicable,Clear,Dobbaspete-Shivagange Road,Shivaganage,6 Km,13.186988,77.227167
Bengaluru Dist,Dobbespet PS,1.0442e+16,2021,1,1,Road Accidents,Narrow road,Rural Areas,Open area,Human Error,Not Applicable,Not Applicable,Not Applicable,Not Applicable,Straight and flat,Others,Bitumen(Tar),Dry,Not Applicable,Clear,Manne-Kolala road,Gangubais land,13 km,13.321009,77.312236
Bengaluru Dist,Dobbespet PS,1.0442e+16,2021,1,2,Road Accidents,Narrow road,Rural Areas,Near or inside a village,Human Error,No,Grievous Injury,Vehicle to Vehicle,Not at  Junction,Straight and flat,Minor District Road,Bitumen(Tar),Dry,No influence on accident,Fine,Shivagange-Dobbaspete Road,Honnadevi Agro tech Shop,50 ft,13.190234,77.236363
Bengaluru Dist,Dobbespet PS,1.0442e+16,2021,1,1,Road Accidents,Narrow road,Rural Areas,Near or inside a village,Human Error,No,Damage Only,Hit animal,Not Applicable,Not Applicable,State Highway,Bitumen(Tar),Others,Not Applicable,Clear,SH,Tar,7 Km,13.27292,77.243827
Bengaluru Dist,Dobbespet PS,1.0442e+16,2021,1,2,Road Accidents,Narrow road,Rural Areas,Near or inside a village,Human Error,No,Grievous Injury,Vehicle to Vehicle,Not at  Junction,Straight and flat,State Highway,Bitumen(Tar),Dry,No influence on accident,Clear,Dobbaspete to Pavagada Road,Near Ramaiah Farm,40 ft,13.291773,77.238485
Bengaluru Dist,Dobbespet PS,1.0442e+16,2021,1,1,Road Accidents,Narrow road,Rural Areas,Near or inside a village,Human Error,No,Grievous Injury,Not Applicable,Not at  Junction,Straight and flat,NH,Bitumen(Tar),Dry,No influence on accident,Clear,Dobbaspet-Doddaballapura Road,Tree,25 ft,13.229465,77.247888
Bengaluru Dist,Dobbespet PS,1.0442e+16,2021,1,1,Road Accidents,Curves,Rural Areas,Open area,Not Applicable,No,Fatal,Vehicle to Vehicle,Uncontrolled,Curve,One way,Bitumen(Tar),Dry,Not Applicable,Fine,shivagange  To Mahimapura Road,Machanalli Cross Near,8,13.172519,77.253457
Bengaluru Dist,Dobbespet PS,1.0442e+16,2021,1,1,Road Accidents,Narrow road,Rural Areas,Near or inside a village,Human Error,No,Grievous Injury,Hit pedestrian,Not at  Junction,Others,State Highway,Bitumen(Tar),Others,Not Applicable,Clear,SH,Tar,3 KM,13.25419,77.2486969
Bengaluru Dist,Dobbespet PS,1.0442e+16,2021,1,2,Road Accidents,Narrow road,Rural Areas,Near a factory industrial area,Human Error,No,Grievous Injury,Vehicle to Vehicle,Not at  Junction,Straight and flat,NH,Bitumen(Tar),Dry,No influence on accident,Clear,Dobbaspet-Doddaballapura Road,Hazardose waste Factory,150 ft,0.0,0.0
Bengaluru Dist,Dobbespet PS,1.0442e+16,2021,1,1,Road Accidents,Narrow road,Rural Areas,Near a religious place,Human Error,No,Grievous Injury,Hit pedestrian,Not at  Junction,Straight and flat,Two way,Concrete,Ditch or Potholed,No influence on accident,Clear,Lakkuru-Lakkuru Thota,120 ft,Masjid,0.0,0.0
Bengaluru Dist,Dobbespet PS,1.0442e+16,2021,1,1,Road Accidents,Narrow road,Rural Areas,Near Bus stop,Vehicle Defect,No,Fatal,Hit pedestrian,Uncontrolled,Straight and flat,State Highway,Bitumen(Tar),Dry,Not Applicable,Fine,Dobspet  Shivagange,Honnenahalalli Tandya,3,13.213062,77.239957
Bengaluru Dist,Dobbespet PS,1.0442e+16,2021,1,2,Road Accidents,Narrow road,Rural Areas,Open area,Human Error,No,Grievous Injury,Vehicle to Vehicle,Not Applicable,Not Applicable,State Highway,Bitumen(Tar),Dry,Not Applicable,Clear,Dobbaspete-Shivagange Road,near Maruthi mahal,3 Km,13.287015,77.301435
Bengaluru Dist,Dobbespet PS,1.0442e+16,2021,1,2,Road Accidents,Cross roads,City/Town,Near a factory industrial area,Human Error,No,Grievous Injury,Vehicle to Vehicle,Not at  Junction,Curve,NH,Bitumen(Tar),Not Applicable,Not Applicable,Clear,NH 207,Tar,3 KM,13.23705,77.274604
Bengaluru Dist,Dobbespet PS,1.0442e+16,2021,1,2,Road Accidents,Narrow road,Rural Areas,Near or inside a village,Human Error,No,Grievous Injury,Vehicle to Vehicle,Not at  Junction,Straight and flat,State Highway,Bitumen(Tar),Dry,No influence on accident,Clear,Dobbaspet-Doddaballapura Road,BSNL Mobile Tower,120 Mt,13.230164,77.250384