DISTRICTNAME,UNITNAME,Crime_No,Year,RI,Noofvehicle_involved,Accident_Classification,Accident_Spot,Accident_Location,Accident_SubLocation,Main_Cause,Hit_Run,Severity,Collision_Type,Junction_Control,Road_Character,Road_Type,Surface_Type,Surface_Condition,Road_Condition,Weather,Accident_Road,Landmark_first,Distance_LandMark_First,Latitude,Longitude
Bengaluru Dist,Dobbespet PS,1.0442e+16,2022,1,2,Road Accidents,Cross roads,Rural Areas,Near Hospital,Human Error,No,Grievous Injury,Vehicle to Vehicle,Not at  Junction,Curve,State Highway,Bitumen(Tar),Dry,No influence on accident,Clear,Dabaspete Madugiri Road,we care Hospital,50 ft,13.258096,77.187905
Bengaluru Dist,Dobbespet PS,1.0442e+16,2022,1,3,Road Accidents,Narrow road,Rural Areas,Near a factory industrial area,Human Error,No,Fatal,Vehicle to Vehicle,Not Applicable,Not Applicable,One way,Bitumen(Tar),Not Applicable,Not Applicable,Clear,village Road,0,2 km,13.23072,77.2524669
Bengaluru Dist,Dobbespet PS,1.0442e+16,2022,1,2,Road Accidents,Cross roads,Rural Areas,Open area,Human Error,No,Grievous Injury,Vehicle to Vehicle,Controlled,Curve,State Highway,Bitumen(Tar),Dry,Not Applicable,Cloudy,SH  Road,Near Makenahalli Cross,9 Km,13.179196,77.215987
Bengaluru Dist,Dobbespet PS,1.0442e+16,2022,1,2,Road Accidents,Narrow road,Rural Areas,Near School or College,Human Error,No,Grievous Injury,Vehicle to Vehicle,Not at  Junction,Not Applicable,State Highway,Bitumen(Tar),Dry,No influence on accident,Cloudy,Dobbaspet-Madhugiri Road,Near Lakkuru,1 Km,13.239188,77.242769
Bengaluru Dist,Dobbespet PS,1.0442e+16,2022,1,1,Road Accidents,Cross roads,Rural Areas,Open area,Human Error,No,Grievous Injury,Hit pedestrian,Not at  Junction,Curve,Major District Road,Bitumen(Tar),Dry,No influence on accident,Others,Niduvanda-Heggunda Road,Heggunda Road,50 ft,13.164764,77.234941
Bengaluru Dist,Dobbespet PS,1.0442e+16,2022,1,2,Road Accidents,Not Applicable,Rural Areas,Near Bus stop,Human Error,Yes,Fatal,Vehicle to Vehicle,Uncontrolled,Straight and flat,Others,Bitumen(Tar),Dry,No influence on accident,Clear,Dabaspete Shivagange Road,Infront of Honnenahalli slv cement shop,3 km,13.210858,77.239381
Bengaluru Dist,Dobbespet PS,1.0442e+16,2022,1,2,Road Accidents,Narrow road,Rural Areas,Near a factory industrial area,Human Error,No,Grievous Injury,Vehicle to Vehicle,Not at  Junction,Curve,Others,Bitumen(Tar),Dry,Not Applicable,Fine,EDEHALLI CROSS-NIDAVANDA ROAD NEAR TCI FACTORY,NEAR TCI FACTORY,2 KM,13.221683,77.255298
Bengaluru Dist,Dobbespet PS,1.0442e+16,2022,1,2,Road Accidents,Narrow road,Rural Areas,Near a factory industrial area,Human Error,No,Fatal,Vehicle to Vehicle,No signal lights,Curve,Others,Bitumen(Tar),Dry,No influence on accident,Clear,Sompura Industrial Raod,Near polycab factory,5 Km,13.225612,77.262348
Bengaluru Dist,Dobbespet PS,1.0442e+16,2022,1,2,Road Accidents,Narrow road,Rural Areas,Near or inside a village,Human Error,Yes,Fatal,Vehicle to Vehicle,Not at  Junction,Others,Others,Bitumen(Tar),Dry,No influence on accident,Others,Dobbaspete-Shivagange Road,Honnenahalli lake,15 ft,13.203055,77.239093
Bengaluru Dist,Dobbespet PS,1.0442e+16,2022,1,2,Road Accidents,Narrow road,Rural Areas,Near Petrol Pump,Human Error,No,Grievous Injury,Vehicle to Vehicle,Not at  Junction,Straight and flat,State Highway,Bitumen(Tar),Dry,No influence on accident,Light Rain,Dobbaspet-Madugiri Road,Petrol pump,80 ft,13.266719,77.244208
Bengaluru Dist,Dobbespet PS,1.0442e+16,2022,1,2,Road Accidents,Curves,Rural Areas,Residential area,Vehicle Defect,No,Simple Injury,Vehicle to Vehicle,Not Applicable,Curve,One way,Not Applicable,Dry,Not Applicable,Clear,State Road,Sharadha Cross,6 Km,13.188295,77.227916
Bengaluru Dist,Dobbespet PS,1.0442e+16,2022,1,2,Road Accidents,Narrow road,Rural Areas,Open area,Human Error,No,Grievous Injury,Vehicle to Vehicle,Not Applicable,Straight and flat,Others,Bitumen(Tar),Dry,No influence on accident,Cloudy,Chikkakoratagere-Dobbaspet Road,Near Anjaneya Templa,8km,0.0,0.0
Bengaluru Dist,Dobbespet PS,1.0442e+16,2022,1,1,Road Accidents,Cross roads,Rural Areas,Near a factory industrial area,Human Error,No,Grievous Injury,Not Applicable,Not at  Junction,Curve,Others,Bitumen(Tar),Dry,Not Applicable,Clear,OTHER ROAD,NEAR CHOUDESWARI TEMPLE,4 KM,0.0,0.0
Bengaluru Dist,Dobbespet PS,1.0442e+16,2022,1,2,Road Accidents,Circle,City/Town,Near Bus stop,Human Error,No,Fatal,Vehicle to Vehicle,Uncontrolled,Straight and flat,Sub Arterial,Bitumen(Tar),Dry,No influence on accident,Clear,Dabaspete Shivagange Road,Shivagange circle,1 km,13.222901,77.242862
Bengaluru Dist,Dobbespet PS,1.0442e+16,2022,1,2,Road Accidents,Curves,Rural Areas,Near a religious place,Human Error,No,Grievous Injury,Vehicle to Vehicle,No signal lights,Curve,Others,Bitumen(Tar),Dry,Not Applicable,Cloudy,Shvagange-Dobbaspet Road,Near Muslim Smashana,6 Km,13.188296,77.227913
Bengaluru Dist,Dobbespet PS,1.0442e+16,2022,1,1,Road Accidents,Narrow road,Rural Areas,Near office complex,Human Error,No,Fatal,Not Applicable,Not Applicable,Straight and flat,State Highway,Bitumen(Tar),Not Applicable,Not Applicable,Not Applicable,SH 03,0,0.5,13.233255,77.250562
Bengaluru Dist,Dobbespet PS,1.0442e+16,2022,1,1,Road Accidents,Narrow road,Rural Areas,Open area,Human Error,No,Fatal,Not Applicable,Not Applicable,Not Applicable,One way,Bitumen(Tar),Not Applicable,Not Applicable,Clear,village Road,0,0.5,13.168966,77.275004
Bengaluru Dist,Dobbespet PS,1.0442e+16,2022,1,1,Road Accidents,Cross roads,Rural Areas,Near a religious place,Human Error,No,Grievous Injury,Not Applicable,Not at  Junction,Curve,Minor District Road,Bitumen(Tar),Dry,No influence on accident,Clear,Dabaspete-Gottigere  Road,GaneshTemple,100 mt,0.0,0.0
Bengaluru Dist,Dobbespet PS,1.0442e+16,2022,1,2,Rail Road Accidents,Narrow road,Rural Areas,Near a factory industrial area,Human Error,No,Grievous Injury,Vehicle to Vehicle,No signal lights,Straight and flat,One way,Bitumen(Tar),Dry,No influence on accident,Clear,Dobbaspete-Thyamagondalu Road,Satrac Factory,50 ft,13.229425,77.274797
Bengaluru Dist,Dobbespet PS,1.0442e+16,2022,1,2,Road Accidents,Narrow road,Rural Areas,Near a religious place,Human Error,No,Damage Only,Vehicle to Vehicle,Not at  Junction,Straight and flat,NH,Bitumen(Tar),Dry,No influence on accident,Others,Dobbaspet-Doddaballapura Road,Maramma temple,120 ft,13.22808,77.24286
Bengaluru Dist,Dobbespet PS,1.0442e+16,2022,1,2,Road Accidents,Narrow road,Rural Areas,Open area,Human Error,No,Damage Only,Vehicle to Vehicle,Not Applicable,Not Applicable,Others,Bitumen(Tar),Dry,No influence on accident,Cloudy,Aladahalli-Kamadhenu Road,Near Swamy Narayana Trust,8 km,0.0,0.0
Bengaluru Dist,Dobbespet PS,1.0442e+16,2022,1,1,Road Accidents,Narrow road,Rural Areas,Near a factory industrial area,Human Error,No,Fatal,Hit pedestrian,Not Applicable,Not Applicable,State Highway,Bitumen(Tar),Not Applicable,Not Applicable,Wind,State Highway,0,6 km,13.22955,77.274361
Bengaluru Dist,Dobbespet PS,1.0442e+16,2022,1,1,Road Accidents,Curves,Rural Areas,Narrow bridge or culverts,Human Error,No,Fatal,Not Applicable,Uncontrolled,Curve,State Highway,Bitumen(Tar),Dry,No influence on accident,Clear,dobbaspet Ramanagara Road,Near Basavapatna Lake,10 Km,13.161823,77.241709
Bengaluru Dist,Dobbespet PS,1.0442e+16,2022,1,2,Road Accidents,Curves,Rural Areas,Open area,Human Error,No,Grievous Injury,Vehicle to Vehicle,Not at  Junction,Sharp Curve,Others,Bitumen(Tar),Dry,No influence on accident,Clear,Muddalinganahalli-Koratagere Road,Village Name Board,100 mt,0.0,0.0
Bengaluru Dist,Dobbespet PS,1.0442e+16,2022,1,2,Road Accidents,Narrow road,Rural Areas,Near a factory industrial area,Human Error,No,Grievous Injury,Vehicle to Vehicle,Controlled,Straight and flat,Others,Bitumen(Tar),Dry,No influence on accident,Clear,Nidavanda Colony-Tyamagondlu road,Near Shekar Enginearing Works,20 Ft,0.0,0.0
Bengaluru Dist,Dobbespet PS,1.0442e+16,2022,1,1,Road Accidents,Narrow road,Rural Areas,Near a factory industrial area,Human Error,No,Fatal,Hit pedestrian,Not Applicable,Not Applicable,Others,Bitumen(Tar),Dry,No influence on accident,Cloudy,Dobbaspet-Doddaballapura Road,Near Om Logistics Thimmanayakanahalli,2km,0.0,0.0
Bengaluru Dist,Dobbespet PS,1.0442e+16,2022,1,2,Road Accidents,Narrow road,Rural Areas,Residential area,Human Error,Not Applicable,Fatal,Vehicle to Vehicle,Not Applicable,Not Applicable,One way,Bitumen(Tar),Not Applicable,Not Applicable,Clear,Village Road,0,2km,13.228329,77.241203
Bengaluru Dist,Dobbespet PS,1.0442e+16,2022,1,2,Road Accidents,Narrow road,Rural Areas,Near or inside a village,Human Error,No,Grievous Injury,Vehicle to Vehicle,Not Applicable,Straight and flat,Others,Bitumen(Tar),Dry,Not Applicable,Fine,"Near TDPS unit 2, Bharathipura colony",near Bharathipura colony,4km,13.221869,77.261614
Bengaluru Dist,Dobbespet PS,1.0442e+16,2022,1,2,Road Accidents,Narrow road,Rural Areas,Near or inside a village,Human Error,No,Grievous Injury,Vehicle to Vehicle,Not Applicable,Slight Curve,Others,Bitumen(Tar),Dry,Not Applicable,Cloudy,Shivagange-Honnudike Road,Shivanandanagara,7 kms,13.184169,77.217069
Bengaluru Dist,Dobbespet PS,1.0442e+16,2022,1,1,Road Accidents,Not Applicable,Rural Areas,Near a factory industrial area,Human Error,No,Grievous Injury,Hit pedestrian,Not Applicable,Not Applicable,Others,Kutcha,Muddy,Construction Work / Material,Fine,Industrial Area Raod,Rajadhani Indl area,8km,13.195593,77.261938
Bengaluru Dist,Dobbespet PS,1.0442e+16,2022,1,1,Road Accidents,Narrow road,Rural Areas,Near School or College,Human Error,No,Simple Injury,Hit pedestrian,Not at  Junction,Straight and flat,Major District Road,Bitumen(Tar),Dry,No influence on accident,Clear,Shivagange-Dobbaspete Road,Near Govt School,100 ft,0.0,0.0
Bengaluru Dist,Dobbespet PS,1.0442e+16,2022,1,1,Road Accidents,Narrow road,Rural Areas,Near Bus stop,Human Error,No,Grievous Injury,Hit pedestrian,Not at  Junction,Curve,State Highway,Bitumen(Tar),Dry,Not Applicable,Fine,Dobbaspet-Dobbaballapur Road Near Dobbaspet Bustand,Near Bus Stand,1/2 Km,13.158187,77.243288
Bengaluru Dist,Dobbespet PS,1.0442e+16,2022,1,1,Road Accidents,Narrow road,Rural Areas,Open area,Human Error,No,Simple Injury,Hit pedestrian,Controlled,Others,State Highway,Bitumen(Tar),Dry,Not Applicable,Others,Dobbaspet Shivagange Raod,Near Mrutyunjaya Land,6 Km,13.200597,77.238428
Bengaluru Dist,Dobbespet PS,1.0442e+16,2022,1,2,Road Accidents,Curves,Rural Areas,Open area,Human Error,No,Grievous Injury,Vehicle to Vehicle,No signal lights,Curve,Others,Bitumen(Tar),Dry,No influence on accident,Cloudy,Nidavanda Tattekere Road,Near Railway Gate,6 Km,13.245135,77.271307
Bengaluru Dist,Dobbespet PS,1.0442e+16,2022,1,2,Road Accidents,Junction,Rural Areas,Near a factory industrial area,Human Error,No,Grievous Injury,Vehicle to Vehicle,Uncontrolled,Others,Others,Bitumen(Tar),Dry,No influence on accident,Cloudy,Industrial Area Raod,Near Satrac Factory,6km,13.229592,77.274828
Bengaluru Dist,Dobbespet PS,1.0442e+16,2022,1,2,Road Accidents,Not Applicable,Rural Areas,Open area,Human Error,No,Fatal,Vehicle to Vehicle,No signal lights,Not Applicable,Others,Bitumen(Tar),Dry,Not Applicable,Cloudy,Muddalinganahalli-Kolala Road,Near Linganahalli Jayanna House,10km,0.0,0.0
Bengaluru Dist,Dobbespet PS,1.0442e+16,2022,1,2,Road Accidents,Circle,Rural Areas,Open area,Human Error,Yes,Grievous Injury,Vehicle to Vehicle,No signal lights,Curve,NH,Bitumen(Tar),Dry,Construction Work / Material,Cloudy,Dabbasapete-Doddaballapura Road,Near Cross,6 Km,13.234758,77.267493
Bengaluru Dist,Dobbespet PS,1.0442e+16,2022,1,2,Road Accidents,Curves,Rural Areas,Open area,Human Error,No,Damage Only,Vehicle to Vehicle,Not Applicable,Curve,State Highway,Concrete,Dry,Not Applicable,Fine,Shivaganga Road,Near Nagaraju Land,12,13.180199,77.217033
Bengaluru Dist,Dobbespet PS,1.0442e+16,2022,1,1,Road Accidents,Cross roads,Rural Areas,Near a factory industrial area,Human Error,No,Grievous Injury,Hit pedestrian,Not at  Junction,Not Applicable,State Highway,Bitumen(Tar),Others,No influence on accident,Clear,Shvagange-Dobbaspet Road,Near Bhyranna Land,6 Km,13.211498,77.239266
Bengaluru Dist,Dobbespet PS,1.0442e+16,2022,1,2,Road Accidents,Narrow road,Rural Areas,Near School or College,Human Error,No,Grievous Injury,Vehicle to Vehicle,Not at  Junction,Dip or trough,Others,Bitumen(Tar),Others,No influence on accident,Cloudy,Naasipura-Givndapura Road,Near Heggunda village,8 Km,13.274886,77.260817
Bengaluru Dist,Dobbespet PS,1.0442e+16,2022,1,2,Road Accidents,Junction,Rural Areas,Near a factory industrial area,Human Error,No,Grievous Injury,Vehicle to Vehicle,Give way sign,Straight and flat,Two way,Bitumen(Tar),Dry,No influence on accident,Clear,Dobbaspete-Thyamagondalu Road,Satrac Factory,50 ft,13.229419,77.274773
Bengaluru Dist,Dobbespet PS,1.0442e+16,2022,1,1,Road Accidents,Narrow road,Rural Areas,Open area,Human Error,No,Grievous Injury,Not Applicable,Controlled,Others,Minor District Road,Bitumen(Tar),Dry,No influence on accident,Clear,Shivagange-Sharada cross,Near Muslim Burrial Ground,2 ft,13.188289,77.227835
Bengaluru Dist,Dobbespet PS,1.0442e+16,2022,1,1,Road Accidents,Narrow road,Rural Areas,Near a factory industrial area,Human Error,No,Grievous Injury,Hit pedestrian,Controlled,Straight and flat,Major District Road,Bitumen(Tar),Dry,Not Applicable,Cloudy,Sompur ind Area Main Raod,Road,300,13.21531,77.242119
Bengaluru Dist,Dobbespet PS,1.0442e+16,2022,1,2,Road Accidents,Narrow road,Rural Areas,Near a religious place,Human Error,No,Grievous Injury,Vehicle to Vehicle,Not at  Junction,Straight and flat,State Highway,Bitumen(Tar),Dry,No influence on accident,Clear,Dabaspete Madugiri Road,Temple,80 ft,0.0,0.0
Bengaluru Dist,Dobbespet PS,1.0442e+16,2022,1,1,Road Accidents,Narrow road,City/Town,Near Bus stop,Human Error,Not Applicable,Fatal,Hit pedestrian,Not Applicable,Not Applicable,NH,Bitumen(Tar),Not Applicable,Not Applicable,Clear,NH 648,0,0.5 km,13.228,77.241949
Bengaluru Dist,Dobbespet PS,1.0442e+16,2022,1,2,Road Accidents,Narrow road,Rural Areas,Near Petrol Pump,Human Error,No,Not Applicable,Vehicle to Vehicle,No signal lights,Not Applicable,State Highway,Bitumen(Tar),Dry,No influence on accident,Clear,Dobbaspet-Madhugiri Road,Near Narasipura,6 Km,13.272203,77.243933
Bengaluru Dist,Dobbespet PS,1.0442e+16,2022,1,1,Road Accidents,Curves,Rural Areas,Near a factory industrial area,Human Error,No,Fatal,Hit pedestrian,Not at  Junction,Curve and Incline,Others,Bitumen(Tar),Dry,No influence on accident,Clear,Near Edehalli Ind Area,Electric Pole,60,13.218041,77.252207
Bengaluru Dist,Dobbespet PS,1.0442e+16,2022,1,1,Road Accidents,Narrow road,Rural Areas,Near office complex,Human Error,No,Grievous Injury,Hit pedestrian,Not at  Junction,Straight and flat,Two way,Bitumen(Tar),Dry,No influence on accident,Clear,Dabaspete Magadi Road,Basavashri Kalyana Mantapa,50 ft,13.21611,77.241291
Bengaluru Dist,Dobbespet PS,1.0442e+16,2022,1,2,Road Accidents,Curves,Rural Areas,Open area,Human Error,No,Grievous Injury,Vehicle to Vehicle,No signal lights,Curve,State Highway,Bitumen(Tar),Dry,Not Applicable,Others,Dobbaspet-Madhugiri Road,Near Makenahalli Cross,10 Km,13.300284,77.238819
Bengaluru Dist,Dobbespet PS,1.0442e+16,2022,1,1,Road Accidents,Circle,Rural Areas,Near a factory industrial area,Human Error,No,Simple Injury,Hit pedestrian,No signal lights,Curve,Two way,Bitumen(Tar),Dry,Drainage Ditch,Clear,KIADB IND Area,Near Jindal Factory,6 KM,13.223035,77.254096
Bengaluru Dist,Dobbespet PS,1.0442e+16,2022,1,2,Road Accidents,Cross roads,Rural Areas,Open area,Human Error,No,Fatal,Vehicle to Vehicle,Uncontrolled,Curve,Others,Bitumen(Tar),Dry,No influence on accident,Cloudy,Dobbaspet Gudemaranahalli Road,Near Sharada cross,6 km,13.186704,77.235462
Bengaluru Dist,Dobbespet PS,1.0442e+16,2022,1,2,Road Accidents,Curves,Rural Areas,Open area,Human Error,No,Grievous Injury,Vehicle to Vehicle,Controlled,Curve,Others,Bitumen(Tar),Others,Not Applicable,Clear,Tattekere Nidavanda Road,Near Raliway Station,10 ft,0.0,0.0
Bengaluru Dist,Dobbespet PS,1.0442e+16,2022,1,2,Road Accidents,Junction,Rural Areas,Near a factory industrial area,Human Error,No,Grievous Injury,Vehicle to Vehicle,Uncontrolled,Straight and flat,Two way,Bitumen(Tar),Dry,No influence on accident,Clear,Niduvanda Inustrial Area,Mangalam pipes,30ft,13.230141,77.2413749
Bengaluru Dist,Dobbespet PS,1.0442e+16,2022,1,2,Road Accidents,Narrow road,Rural Areas,Open area,Human Error,No,Grievous Injury,Vehicle to Vehicle,Not at  Junction,Straight and flat,NH,Bitumen(Tar),Dry,No influence on accident,Clear,Dabbasapete-Doddaballapura Road,Siddalingeshwara hotel,50 ft,13.269566,77.240233
Bengaluru Dist,Dobbespet PS,1.0442e+16,2022,1,2,Road Accidents,Curves,Rural Areas,Open area,Human Error,No,Grievous Injury,Vehicle to Vehicle,No signal lights,Curve,State Highway,Bitumen(Tar),Dry,Not Applicable,Others,Dobbaspet-Madhugiri Road,Near Makenahalli Cross,8 Km,13.300208,77.239057
Bengaluru Dist,Dobbespet PS,1.0442e+16,2022,1,2,Road Accidents,Narrow road,Rural Areas,Near a factory industrial area,Human Error,No,Grievous Injury,Vehicle to Vehicle,Not at  Junction,Straight and flat,Others,Bitumen(Tar),Dry,No influence on accident,Clear,Thyamagondlu-Dobbaspete Road,Satrac Factory,50 ft,13.229429,77.274786
Bengaluru Dist,Dobbespet PS,1.0442e+16,2022,1,2,Road Accidents,Not Applicable,City/Town,Near Bus stop,Human Error,No,Fatal,Vehicle to Vehicle,Uncontrolled,Straight and flat,NH,Bitumen(Tar),Dry,No influence on accident,Clear,DABASPETE DODDABALLAPURA NH-648 MAINROAD,NEAR DABASPETE BUS STOP,0.5 KM,13.228324,77.243383
Bengaluru Dist,Dobbespet PS,1.0442e+16,2022,1,1,Road Accidents,Narrow road,Rural Areas,Near a factory industrial area,Human Error,No,Fatal,Hit pedestrian,Not Applicable,Straight and flat,State Highway,Bitumen(Tar),Not Applicable,No influence on accident,Clear,Industrial Area,Avverahalli industrial area,5km,13.199467,77.249848
Bengaluru Dist,Dobbespet PS,1.0442e+16,2022,1,1,Road Accidents,Narrow road,Rural Areas,Open area,Human Error,Yes,Grievous Injury,Hit pedestrian,Not at  Junction,Straight and flat,State Highway,Bitumen(Tar),Dry,No influence on accident,Clear,Dobbaspete-Shivagange Road,Manipal Natural Pvt ltd,100 ft,0.0,0.0
Bengaluru Dist,Dobbespet PS,1.0442e+16,2022,1,2,Road Accidents,Narrow road,Rural Areas,Near office complex,Human Error,No,Grievous Injury,Vehicle to Vehicle,Not at  Junction,Straight and flat,NH,Bitumen(Tar),Dry,No influence on accident,Clear,Dabaspete Madugiri Road,Dobbaspete Police station,50 ft,0.0,0.0
Bengaluru Dist,Dobbespet PS,1.0442e+16,2022,1,1,Not Applicable,Narrow road,Rural Areas,Near or inside a village,Human Error,No,Grievous Injury,Hit pedestrian,Uncontrolled,Not Applicable,Others,Bitumen(Tar),Dry,No influence on accident,Clear,Shvagange-Dobbaspet Road,Near VSSN Baragaenahalli,4km,0.0,0.0
Bengaluru Dist,Dobbespet PS,1.0442e+16,2022,1,2,Road Accidents,Narrow road,Rural Areas,Open area,Human Error,Yes,Simple Injury,Vehicle to Vehicle,Give way sign,Curve,State Highway,Bitumen(Tar),Dry,Not Applicable,Fine,Doddabalapura-Dabasapete  Road,Near Bus Stand,1 Km,13.228014,77.2421509
Bengaluru Dist,Dobbespet PS,1.0442e+16,2022,1,2,Road Accidents,Curves,City/Town,Near a factory industrial area,Human Error,No,Grievous Injury,Vehicle to Vehicle,Uncontrolled,Curve,Others,Concrete,Dry,No influence on accident,Clear,Industrial Area Raod,Behind LM Factory,3 km,13.223369,77.2499129
Bengaluru Dist,Dobbespet PS,1.0442e+16,2022,1,3,Road Accidents,Narrow road,Rural Areas,Near office complex,Human Error,Yes,Damage Only,Vehicle to Vehicle,Not at  Junction,Straight and flat,State Highway,Bitumen(Tar),Dry,No influence on accident,Clear,Dabaspete Madugiri Road,Tree,100 ft,13.22876,77.2419109
Bengaluru Dist,Dobbespet PS,1.0442e+16,2022,1,2,Road Accidents,Curves,Rural Areas,Open area,Human Error,No,Grievous Injury,Vehicle to Vehicle,Not at  Junction,Curve,Others,Bitumen(Tar),Dry,No influence on accident,Clear,Muddalinganahalli-Koratagere Road,Village Name Board,100 mt,0.0,0.0
Bengaluru Dist,Dobbespet PS,1.0442e+16,2023,1,2,Road Accidents,Narrow road,Rural Areas,Residential area,Human Error,No,Fatal,Vehicle to Vehicle,Not at  Junction,Straight and flat,State Highway,Bitumen(Tar),Dry,Not Applicable,Fine,Lakkuru village Near sh-03 Dobbaspet Madhugiri Road,Near Lakkuru Village,2 Km,13.238666,77.242531
Bengaluru Dist,Dobbespet PS,1.0442e+16,2023,1,2,Road Accidents,Narrow road,Rural Areas,Open area,Human Error,No,Simple Injury,Vehicle to Vehicle,Not at  Junction,Slight Curve,One way,Bitumen(Tar),Dry,No influence on accident,Clear,Thymagondlu-Dobbaspete Road,Satrac Factory gate,100 mt,13.230799,77.271071
Bengaluru Dist,Dobbespet PS,1.0442e+16,2023,1,1,Road Accidents,Curves,Rural Areas,Open area,Human Error,No,Grievous Injury,Not Applicable,Uncontrolled,Curve,Minor District Road,Bitumen(Tar),Dry,No influence on accident,Clear,Dobbaspet-Magadi road,Near Lake,20ft,13.186647,77.235416
Bengaluru Dist,Dobbespet PS,1.0442e+16,2023,1,2,Road Accidents,Junction,Rural Areas,Near a factory industrial area,Human Error,No,Grievous Injury,Vehicle to Vehicle,Uncontrolled,Straight and flat,One way,Bitumen(Tar),Dry,No influence on accident,Clear,Thymagondlu-Dobbaspete Road,Satrac Factory gate,45 ft,13.230145,77.272377
Bengaluru Dist,Dobbespet PS,1.0442e+16,2023,1,2,Road Accidents,Narrow road,Rural Areas,Open area,Vehicle Defect,No,Damage Only,Vehicle to Vehicle,Not at  Junction,Curve,State Highway,Bitumen(Tar),Others,Drainage Ditch,Clear,Dobbaspete-Madhugiri Road,Mud Road,10 ft,13.021454,77.012548
Bengaluru Dist,Dobbespet PS,1.0442e+16,2023,1,2,Road Accidents,Curves,Rural Areas,Open area,Human Error,No,Grievous Injury,Vehicle to Vehicle,Not at  Junction,Curve,Service Road,Bitumen(Tar),Dry,No influence on accident,Clear,Sgivagange -Gudemaranahalli Gottiegere Cross,Tar Road,10,13.169986,77.222787
Bengaluru Dist,Dobbespet PS,1.0442e+16,2023,1,1,Road Accidents,Narrow road,Rural Areas,Near or inside a village,Human Error,No,Grievous Injury,Not Applicable,Not at  Junction,Straight and flat,Two way,Bitumen(Tar),Dry,No influence on accident,Cloudy,Devarahosahalli Road,Water tank,120 ft,13.2337,77.187732
Bengaluru Dist,Dobbespet PS,1.0442e+16,2023,1,2,Road Accidents,Curves,Rural Areas,Open area,Human Error,No,Damage Only,Vehicle to Vehicle,Controlled,Others,Others,Bitumen(Tar),Dry,No influence on accident,Clear,Edehalli-Niduvanda road,Near L M Factory Cross,20 ft,13.230763,77.242376
Bengaluru Dist,Dobbespet PS,1.0442e+16,2023,1,1,Road Accidents,Narrow road,Rural Areas,Open area,Human Error,No,Grievous Injury,Hit pedestrian,Controlled,Straight and flat,State Highway,Bitumen(Tar),Dry,No influence on accident,Clear,Dobbaspete-Shivagange road,Infront of Nandini Bhoot,25ft,13.206685,77.237973
Bengaluru Dist,Dobbespet PS,1.0442e+16,2023,1,1,Road Accidents,Narrow road,Rural Areas,Residential area,Human Error,No,Fatal,Not Applicable,Uncontrolled,Not Applicable,State Highway,Bitumen(Tar),Dry,Not Applicable,Clear,Dobbaspet-Madhugiri Road Madenahalli Village,Near Narasipura village,6 Km,0.0,0.0
Bengaluru Dist,Dobbespet PS,1.0442e+16,2023,1,2,Road Accidents,Narrow road,Rural Areas,Near a factory industrial area,Human Error,No,Fatal,Vehicle to Vehicle,Not at  Junction,Straight and flat,Others,Bitumen(Tar),Dry,No influence on accident,Clear,industrial Area raod,Shop,55 ft,0.0,0.0
Bengaluru Dist,Dobbespet PS,1.0442e+16,2023,1,2,Road Accidents,Curves,Rural Areas,Open area,Human Error,No,Grievous Injury,Vehicle to Vehicle,Not at  Junction,Slight Curve,State Highway,Bitumen(Tar),Dry,No influence on accident,Cloudy,Dobbaspete-Madhugiri Road,Electrice Pole,80 ft,0.0,0.0
Bengaluru Dist,Dobbespet PS,1.0442e+16,2023,1,1,Not Applicable,Curves,Rural Areas,Residential area,Not Applicable,Not Applicable,Grievous Injury,Not Applicable,No signal lights,Others,State Highway,Not Applicable,Others,Not Applicable,Others,Madhugiri-dobbaspete Road Near Bairaiah Form Makenahalli village,Madhugiri Dobbasepete Road,21 Fit,13.306821,77.2398189
Bengaluru Dist,Dobbespet PS,1.0442e+16,2023,1,1,Road Accidents,Narrow road,Rural Areas,Open area,Human Error,No,Grievous Injury,Hit pedestrian,Not at  Junction,Straight and flat,NH,Bitumen(Tar),Dry,No influence on accident,Cloudy,Doddballapura-D Pete Road,Ramkey Factory,120 ft,13.231787,77.256339
Bengaluru Dist,Dobbespet PS,1.0442e+16,2023,1,1,Road Accidents,Narrow road,Rural Areas,Open area,Human Error,No,Grievous Injury,Hit pedestrian,Not at  Junction,Straight and flat,NH,Bitumen(Tar),Dry,No influence on accident,Cloudy,Ramangara-Dobbaspete Road,Aqua Fresh water filter plant,60 mt,13.202156,77.238984
Bengaluru Dist,Dobbespet PS,1.0442e+16,2023,1,1,Road Accidents,Narrow road,Rural Areas,Residential area,Human Error,No,Grievous Injury,Hit pedestrian,Not at  Junction,Others,State Highway,Bitumen(Tar),Dry,Not Applicable,Fine,Dobbaspet-Madhugiri Road Madenahalli Village,Near MadenahalliVillage,1KM,0.0,0.0