DISTRICTNAME,UNITNAME,Crime_No,Year,RI,Noofvehicle_involved,Accident_Classification,Accident_Spot,Accident_Location,Accident_SubLocation,Main_Cause,Hit_Run,Severity,Collision_Type,Junction_Control,Road_Character,Road_Type,Surface_Type,Surface_Condition,Road_Condition,Weather,Accident_Road,Landmark_first,Distance_LandMark_First,Latitude,Longitude
Bengaluru Dist,Dobbespet PS,1.0442e+16,2023,1,1,Road Accidents,Cross roads,Rural Areas,Residential area,Human Error,No,Grievous Injury,Hit pedestrian,Not at  Junction,Straight and flat,State Highway,Bitumen(Tar),Dry,Not Applicable,Fine,Dobbaspet-Madhugiri Road Makenahalli Village,Near Victim House,5 Km,0.0,0.0
Bengaluru Dist,Dobbespet PS,1.0442e+16,2023,1,2,Road Accidents,Not Applicable,Rural Areas,Near a factory industrial area,Vehicle Defect,No,Damage Only,Vehicle to Vehicle,Not at  Junction,Straight and flat,Others,Concrete,Dry,Not Applicable,Clear,VRL Godown Billinakote Village,VRL Godown,4 KM,0.0,0.0
Bengaluru Dist,Dobbespet PS,1.0442e+16,2023,1,1,Road Accidents,Cross roads,Rural Areas,Near a religious place,Human Error,No,Grievous Injury,Hit pedestrian,Controlled,Curve and Incline,Minor District Road,Bitumen(Tar),Dry,No influence on accident,Clear,Shivagange-kuduru road,Near Ganesh Temple,5ft,0.0,0.0
Bengaluru Dist,Dobbespet PS,1.0442e+16,2023,1,1,Road Accidents,Narrow road,Rural Areas,Residential area,Human Error,No,Grievous Injury,Hit pedestrian,Controlled,Straight and flat,Major District Road,Bitumen(Tar),Dry,No influence on accident,Clear,Dobbaspet-Koratagere road,Infront Of Narasimhaiah House,20 ft,0.0,0.0
Bengaluru Dist,Dobbespet PS,1.0442e+16,2023,1,2,Road Accidents,Junction,Rural Areas,Near a factory industrial area,Human Error,No,Fatal,Vehicle to Vehicle,No signal lights,Straight and flat,Minor District Road,Bitumen(Tar),Dry,No influence on accident,Clear,Avverahalli Indutraial Area Road,Electrice Pole,18 ft,13.188608,77.244635
Bengaluru Dist,Dobbespet PS,1.0442e+16,2023,1,1,Road Accidents,Narrow road,Rural Areas,Open area,Human Error,No,Grievous Injury,Hit pedestrian,Not at  Junction,Straight and flat,NH,Bitumen(Tar),Dry,No influence on accident,Fog / Mist,Dobbaspete NH-648 Service Road,Near TRMN Factory,199 mt,13.234238,77.263199
Bengaluru Dist,Dobbespet PS,1.0442e+16,2023,1,2,Road Accidents,Narrow road,Rural Areas,Near or inside a village,Human Error,No,Simple Injury,Vehicle to Vehicle,Not at  Junction,Straight and flat,State Highway,Bitumen(Tar),Dry,No influence on accident,Clear,Dobbaspete-Madhugiri Road,Bus Shelter,60 ft,13.262145,77.247292
Bengaluru Dist,Dobbespet PS,1.0442e+16,2023,1,2,Road Accidents,Curves,Rural Areas,Open area,Human Error,No,Fatal,Vehicle to Vehicle,Not at  Junction,Curve,State Highway,Bitumen(Tar),Dry,No influence on accident,Clear,Shivagange-Dobbaspete SH-03 Road,Electric Pole,45 ft,0.0,0.0
Bengaluru Dist,Dobbespet PS,1.0442e+16,2023,1,2,Road Accidents,Narrow road,Rural Areas,Near or inside a village,Human Error,No,Grievous Injury,Vehicle to Vehicle,Not at  Junction,Straight and flat,State Highway,Bitumen(Tar),Dry,No influence on accident,Clear,Dobbaspete-Madhugiri Road,Darga,100 mt,13.2801,77.241816
Bengaluru Dist,Dobbespet PS,1.0442e+16,2023,1,1,Road Accidents,Narrow road,Rural Areas,Near a factory industrial area,Human Error,No,Fatal,Hit pedestrian,Not at  Junction,Straight and flat,Service Road,Bitumen(Tar),Dry,No influence on accident,Cloudy,industrial Area raod,Electric Pole,15,13.238304,77.266621
Bengaluru Dist,Dobbespet PS,1.0442e+16,2023,1,2,Road Accidents,Narrow road,Rural Areas,Open area,Human Error,No,Fatal,Vehicle to Vehicle,Not at  Junction,Straight and flat,NH,Bitumen(Tar),Dry,No influence on accident,Cloudy,Doddballapura-D Pete Road,Industrial Area Board,45 ft,13.23083,77.252897
Bengaluru Dist,Dobbespet PS,1.0442e+16,2023,1,2,Road Accidents,Narrow road,Rural Areas,Open area,Human Error,No,Grievous Injury,Vehicle to Vehicle,Controlled,Straight and flat,Major District Road,Bitumen(Tar),Dry,No influence on accident,Clear,Dobbaspete-Shivagange road,Infront of Wild Craft Factory,20 ft,0.0,0.0
Bengaluru Dist,Dobbespet PS,1.0442e+16,2023,1,2,Road Accidents,Narrow road,Rural Areas,Open area,Human Error,No,Not Applicable,Vehicle to Vehicle,Controlled,Straight and flat,State Highway,Bitumen(Tar),Dry,No influence on accident,Clear,Dobbaspete  Doddaballapura Road,Infront Umesh Land,50ft,13.228114,77.242109
Bengaluru Dist,Dobbespet PS,1.0442e+16,2023,1,2,Road Accidents,Narrow road,Rural Areas,Near or inside a village,Human Error,No,Fatal,Vehicle to Vehicle,Controlled,Straight and flat,Service Road,Bitumen(Tar),Dry,Construction Work / Material,Clear,Dobbaspete NH-648 Service Road,BCM  Hostel,50,13.228844,77.244423
Bengaluru Dist,Dobbespet PS,1.0442e+16,2023,1,2,Road Accidents,Cross roads,Rural Areas,Open area,Human Error,No,Grievous Injury,Vehicle to Vehicle,Uncontrolled,Curve,NH,Bitumen(Tar),Dry,No influence on accident,Clear,Dabaspete Magadi Road,Vishranti Upahara Hotel,100 ft,0.0,0.0
Bengaluru Dist,Dobbespet PS,1.0442e+16,2023,1,2,Road Accidents,Narrow road,Rural Areas,Residential area,Human Error,No,Grievous Injury,Vehicle to Vehicle,Not at  Junction,Straight and flat,Minor District Road,Bitumen(Tar),Dry,No influence on accident,Clear,Dobbaspet-Ramanagara road,Near Honnenahalli Tandya,20ft,0.0,0.0
Bengaluru Dist,Dobbespet PS,1.0442e+16,2023,1,2,Road Accidents,Narrow road,Rural Areas,Residential area,Human Error,No,Simple Injury,Vehicle to Vehicle,Not at  Junction,Straight and flat,State Highway,Bitumen(Tar),Dry,Not Applicable,Fine,Narasipur  Hostel Front Of,Near Narasipur village,4 KM,13.272367,77.243954
Bengaluru Dist,Dobbespet PS,1.0442e+16,2023,1,2,Road Accidents,Narrow road,Rural Areas,Residential area,Human Error,No,Grievous Injury,Vehicle to Vehicle,Not at  Junction,Straight and flat,Others,Bitumen(Tar),Dry,Not Applicable,Fine,Nidavanda-Tattekere Road,Near Nidavanda Railway Gate,4,0.0,0.0
Bengaluru Dist,Dobbespet PS,1.0442e+16,2023,1,1,Road Accidents,Narrow road,Rural Areas,Near Bus stop,Human Error,No,Grievous Injury,Not Applicable,Controlled,Straight and flat,State Highway,Bitumen(Tar),Dry,No influence on accident,Clear,Dobbaspet-Madhugiri road,Near Bus stand,20ft,0.0,0.0
Bengaluru Dist,Dobbespet PS,1.0442e+16,2023,1,2,Road Accidents,Cross roads,Rural Areas,Open area,Human Error,Yes,Simple Injury,Vehicle to Vehicle,Controlled,Others,Others,Bitumen(Tar),Dry,No influence on accident,Clear,Billinakote-Avverahalli KIADB Industrial road,Infront Of Lakshmi Profiles,20ft,0.0,0.0
Bengaluru Dist,Dobbespet PS,1.0442e+16,2023,1,1,Road Accidents,Narrow road,Rural Areas,Near or inside a village,Human Error,No,Grievous Injury,Hit pedestrian,Controlled,Straight and flat,Minor District Road,Bitumen(Tar),Dry,No influence on accident,Cloudy,Kerekattiganooru- Shivagange Main raod,Shop,60 ft,13.185551,77.280849
Bengaluru Dist,Dobbespet PS,1.0442e+16,2023,1,2,Road Accidents,Narrow road,Rural Areas,Near or inside a village,Human Error,Yes,Simple Injury,Vehicle to Vehicle,Controlled,Curve,Minor District Road,Bitumen(Tar),Dry,No influence on accident,Clear,Karimanne Tattekere Road,KEB POLE,80,13.25608,77.267112
Bengaluru Dist,Dobbespet PS,1.0442e+16,2023,1,1,Road Accidents,Narrow road,Rural Areas,Near a factory industrial area,Not Applicable,Not Applicable,Damage Only,Not Applicable,Not at  Junction,Others,Others,Bitumen(Tar),Dry,Not Applicable,Fine,GOTTIKERE-KENGAL KEMPOHALLI ROAD NEAR AVVERAHALLI INDUSTRIAL AREA,NEAR AVVERAHALLI INDUSTRIAL AREA,05 KM,0.0,0.0
Bengaluru Dist,Dobbespet PS,1.0442e+16,2023,1,2,Road Accidents,Narrow road,Rural Areas,Near or inside a village,Human Error,No,Grievous Injury,Vehicle to Vehicle,Not at  Junction,Straight and flat,Two way,Concrete,Dry,No influence on accident,Others,Halenijagal-NH 48 Road,Electrice Pole,20 ft,13.252303,77.203158
Bengaluru Dist,Dobbespet PS,1.0442e+16,2023,1,2,Road Accidents,Narrow road,Rural Areas,Near or inside a village,Human Error,No,Grievous Injury,Vehicle to Vehicle,Not at  Junction,Straight and flat,Two way,Bitumen(Tar),Dry,No influence on accident,Clear,Shivagange,Gangadhareshwara Temple,120 mt,0.0,0.0
Bengaluru Dist,Dobbespet PS,1.0442e+16,2023,1,1,Road Accidents,Narrow road,Rural Areas,Near School or College,Human Error,Not Applicable,Grievous Injury,Hit pedestrian,Controlled,Straight and flat,Major District Road,Bitumen(Tar),Dry,No influence on accident,Clear,Dobbaspet-Koratagere road,Near Public School,50 ft,13.238091,77.242229
Bengaluru Dist,Dobbespet PS,1.0442e+16,2023,1,1,Not Applicable,Curves,Rural Areas,Near a factory industrial area,Not Applicable,No,Damage Only,Not Applicable,Uncontrolled,Crest of hill,Others,Surfaced,Others,Construction Work / Material,Dust Storn,SLR Stone Crusher Makenahalli,Mud Road,30,13.310215,77.230375
Bengaluru Dist,Dobbespet PS,1.0442e+16,2023,1,2,Road Accidents,Narrow road,Rural Areas,Near Hospital,Human Error,No,Grievous Injury,Vehicle to Vehicle,Not at  Junction,Straight and flat,State Highway,Bitumen(Tar),Dry,No influence on accident,Clear,Dobbaspete-Madhugiri Road,we care Hospital,200 ft,13.232859,77.241635
Bengaluru Dist,Dobbespet PS,1.0442e+16,2023,1,1,Road Accidents,Cross roads,Rural Areas,Open area,Human Error,No,Fatal,Not Applicable,Not at  Junction,Curve,One way,Concrete,Dry,Not Applicable,Fine,Near Kutaghatta Shivagange Village,Near Kuthaghatta,6 Km,13.187032,77.226818
Bengaluru Dist,Dobbespet PS,1.0442e+16,2023,1,2,Road Accidents,Curves,Rural Areas,Near Bus stop,Human Error,Not Applicable,Grievous Injury,Vehicle to Vehicle,Not at  Junction,Curve,State Highway,Bitumen(Tar),Dry,Construction Work / Material,Clear,Dobbaspet-Dobbaballapur Road Near Dobbaspet Bustand,Near Sompur Pachayat,1 Km,13.228766,77.241799
Bengaluru Dist,Dobbespet PS,1.0442e+16,2023,1,1,Road Accidents,Road hump or Rumble strips,City/Town,Near a factory industrial area,Human Error,No,Fatal,Not Applicable,Not at  Junction,Others,State Highway,Not Applicable,Muddy,Construction Work / Material,Dust Storn,Dobbaspet D B PUra Road,Electric Pole,25,0.0,0.0
Bengaluru Dist,Dobbespet PS,1.0442e+16,2023,1,2,Road Accidents,Narrow road,City/Town,Open area,Human Error,No,Fatal,Vehicle to Vehicle,Not at  Junction,Straight and flat,NH,Bitumen(Tar),Dry,No influence on accident,Others,Dobbaspete Doddaballapura Road NH-648,Turbo Honda Showroom,500 mt,0.0,0.0
Bengaluru Dist,Dobbespet PS,1.0442e+16,2023,1,2,Road Accidents,Cross roads,Rural Areas,Residential area,Human Error,No,Grievous Injury,Vehicle to Vehicle,Uncontrolled,Others,Others,Bitumen(Tar),Dry,No influence on accident,Clear,Bharatipura Colony-Bharatipura Village Road,Near Narasimharaju House,20ft,13.219926,77.262965
Bengaluru Dist,Dobbespet PS,1.0442e+16,2023,1,2,Road Accidents,Narrow road,Rural Areas,Near or inside a village,Human Error,No,Fatal,Vehicle to Vehicle,Not at  Junction,Straight and flat,State Highway,Bitumen(Tar),Dry,No influence on accident,Fog / Mist,Dobbaspete-Madhugiri Road,SLN Auto Engineering,70 mt,13.246225,77.246745
Bengaluru Dist,Dobbespet PS,1.0442e+16,2023,1,2,Road Accidents,Narrow road,Rural Areas,Near or inside a village,Human Error,No,Damage Only,Vehicle to Vehicle,Not at  Junction,Straight and flat,State Highway,Bitumen(Tar),Dry,No influence on accident,Clear,Dobbaspete-Madhugiri Road,Laxmiranganatha store,30 ft,13.296427,77.238723
Bengaluru Dist,Dobbespet PS,1.0442e+16,2023,1,2,Road Accidents,Curves,Rural Areas,Open area,Human Error,No,Simple Injury,Vehicle to Vehicle,Not Applicable,Sharp Curve,Others,Bitumen(Tar),Dry,No influence on accident,Clear,Dabaspete Magadi Road,Hotel,80 ft,0.0,0.0
Bengaluru Dist,Dobbespet PS,1.0442e+16,2023,1,2,Road Accidents,Curves,Rural Areas,Open area,Human Error,Not Applicable,Grievous Injury,Vehicle to Vehicle,Controlled,Curve,Minor District Road,Bitumen(Tar),Dry,No influence on accident,Clear,Billinakote-Tyamagondlu road,Near Thotanahalli Bande,20ft,13.197535,77.272642
Bengaluru Dist,Dobbespet PS,1.0442e+16,2023,1,2,Road Accidents,Curves,Rural Areas,Near a factory industrial area,Vehicle Defect,No,Damage Only,Vehicle to Vehicle,Not at  Junction,Curve,Others,Bitumen(Tar),Dry,Not Applicable,Fine,Front of Polycab Factory,Near Polycab Factory,2 KM,0.0,0.0
Bengaluru Dist,Dobbespet PS,1.0442e+16,2023,1,2,Road Accidents,Narrow road,Rural Areas,Near a religious place,Human Error,No,Grievous Injury,Vehicle to Vehicle,Controlled,Straight and flat,Others,Bitumen(Tar),Dry,No influence on accident,Clear,Mahimapura-Shivagange road,Near Samadhana Ashram,20ft,0.0,0.0
Bengaluru Dist,Dobbespet PS,1.0442e+16,2023,1,2,Road Accidents,Narrow road,Rural Areas,Open area,Human Error,No,Grievous Injury,Vehicle to Vehicle,Not at  Junction,Straight and flat,Two way,Bitumen(Tar),Dry,No influence on accident,Clear,Billinakote-Thyamagondlu Road,Ashwathakatte,100 ft,0.0,0.0
Bengaluru Dist,Dobbespet PS,1.0442e+16,2023,1,1,Road Accidents,Narrow road,Rural Areas,Near a factory industrial area,Human Error,No,Grievous Injury,Hit pedestrian,Not at  Junction,Others,Service Road,Bitumen(Tar),Dry,Construction Work / Material,Cloudy,Dobbaspete  Doddaballapura Road,Near Hotel,2 km,0.0,0.0
Bengaluru Dist,Dobbespet PS,1.0442e+16,2023,1,2,Road Accidents,Cross roads,Rural Areas,Near a factory industrial area,Not Applicable,No,Simple Injury,Vehicle to Vehicle,No signal lights,Others,One way,Bitumen(Tar),Others,Not Applicable,Others,"Avverahalli Indl Area Near Manipal Factoty Road,",Kengal Kempohalli Village road,25 Fit,13.086548,77.153807
Bengaluru Dist,Dobbespet PS,1.0442e+16,2023,1,1,Road Accidents,Narrow road,Rural Areas,Near or inside a village,Human Error,No,Grievous Injury,Not Applicable,Not at  Junction,Straight and flat,Two way,Bitumen(Tar),Dry,No influence on accident,Clear,Heggunda-Narasipura gate,Anjaneya Temple,40 ft,13.230764,77.251439
Bengaluru Dist,Dobbespet PS,1.0442e+16,2023,1,1,Road Accidents,Narrow road,Rural Areas,Near a factory industrial area,Human Error,No,Fatal,Hit pedestrian,Not at  Junction,Straight and flat,Others,Concrete,Dry,No influence on accident,Clear,SK Steels Factory,SK Steels Factory Office,50 ft,13.134356,77.154623
Bengaluru Dist,Doddaballapura Rural PS,1.0442e+16,2016,1,2,Road Accidents,Narrow road,Rural Areas,Open area,Human Error,No,Grievous Injury,Others,Not Applicable,Not Applicable,State Highway,Bitumen(Tar),Dry,Not Applicable,Fine,MENASI,SH,4,0.0,0.0
Bengaluru Dist,Doddaballapura Rural PS,1.0442e+16,2016,1,2,Road Accidents,Narrow road,Villages settlement,Open area,Human Error,No,Simple Injury,Hit fixed object,Not Applicable,Not Applicable,NH,Bitumen(Tar),Dry,Not Applicable,Fine,ARALLUMALLIGE,NH,6,0.0,0.0
Bengaluru Dist,Doddaballapura Rural PS,1.0442e+16,2016,1,1,Road Accidents,Narrow road,Villages settlement,Open area,Human Error,No,Simple Injury,Head on,Not Applicable,Not Applicable,NH,Bitumen(Tar),Dry,Not Applicable,Fine,KODIGEHALLI,NH,5,0.0,0.0
Bengaluru Dist,Doddaballapura Rural PS,1.0442e+16,2016,1,1,Road Accidents,Narrow road,Villages settlement,Open area,Not Applicable,No,Not Applicable,Others,Not Applicable,Not Applicable,NH,Bitumen(Tar),Dry,Not Applicable,Fine,PALANAJOGAHALII,NH,5,0.0,0.0
Bengaluru Dist,Doddaballapura Rural PS,1.0442e+16,2016,1,2,Road Accidents,Narrow road,Villages settlement,Open area,Human Error,No,Simple Injury,Hit and Run,Not Applicable,Not Applicable,State Highway,Bitumen(Tar),Dry,Not Applicable,Fine,BASHETTIHALLI,SH,6,0.0,0.0
Bengaluru Dist,Doddaballapura Rural PS,1.0442e+16,2016,1,2,Road Accidents,Narrow road,Villages settlement,Open area,Human Error,No,Simple Injury,Hit fixed object,Not Applicable,Not Applicable,State Highway,Bitumen(Tar),Dry,Not Applicable,Fine,KODIGEHALLI,SH,3,0.0,0.0
Bengaluru Dist,Doddaballapura Rural PS,1.0442e+16,2016,1,2,Road Accidents,Narrow road,Rural Areas,Open area,Human Error,No,Grievous Injury,Others,Not Applicable,Not Applicable,NH,Bitumen(Tar),Dry,Not Applicable,Fine,NAGDENAHALLI,NH,5,0.0,0.0
Bengaluru Dist,Doddaballapura Rural PS,1.0442e+16,2016,1,3,Road Accidents,Narrow road,Villages settlement,Open area,Human Error,No,Simple Injury,Hit fixed object,Not Applicable,Not Applicable,State Highway,Bitumen(Tar),Dry,Not Applicable,Fine,BASHETTHALLI,SH,6,0.0,0.0
Bengaluru Dist,Doddaballapura Rural PS,1.0442e+16,2016,1,1,Road Accidents,Narrow road,Villages settlement,Open area,Human Error,No,Simple Injury,Hit fixed object,Not Applicable,Not Applicable,NH,Bitumen(Tar),Dry,Not Applicable,Fine,PALANAJOGAHALLI,NH,4,0.0,0.0
Bengaluru Dist,Doddaballapura Rural PS,1.0442e+16,2016,1,2,Road Accidents,Narrow road,Villages settlement,Open area,Human Error,No,Simple Injury,Others,Not Applicable,Not Applicable,State Highway,Bitumen(Tar),Dry,Not Applicable,Fine,KANIVEPUR,SH,12,0.0,0.0
Bengaluru Dist,Doddaballapura Rural PS,1.0442e+16,2016,1,1,Road Accidents,More than four arms,Villages settlement,Open area,Human Error,Yes,Simple Injury,Head on,Not Applicable,Not Applicable,NH,Bitumen(Tar),Dry,Not Applicable,Fine,GUNDUMAGERE CROSS,NH,10,0.0,0.0
Bengaluru Dist,Doddaballapura Rural PS,1.0442e+16,2016,1,2,Road Accidents,Narrow road,Villages settlement,Narrow bridge or culverts,Human Error,No,Simple Injury,Head on,Not Applicable,Not Applicable,Service Road,Bitumen(Tar),Dry,Not Applicable,Fine,RAJAGHATTA,SERAVICE ROD,5,0.0,0.0
Bengaluru Dist,Doddaballapura Rural PS,1.0442e+16,2016,1,2,Road Accidents,Narrow road,Villages settlement,Open area,Not Applicable,No,Not Applicable,Hit and Run,Not Applicable,Not Applicable,State Highway,Bitumen(Tar),Dry,Not Applicable,Fine,BASHETTHALLI,SH,8,0.0,0.0
Bengaluru Dist,Doddaballapura Rural PS,1.0442e+16,2016,1,2,Road Accidents,Narrow road,Villages settlement,Open area,Human Error,No,Simple Injury,Hit fixed object,Not Applicable,Not Applicable,State Highway,Bitumen(Tar),Dry,Not Applicable,Fine,THIRUMAGONDANHALLI,SH,6,0.0,0.0
Bengaluru Dist,Doddaballapura Rural PS,1.0442e+16,2016,1,2,Road Accidents,Narrow road,Villages settlement,Open area,Human Error,No,Simple Injury,Others,Not Applicable,Not Applicable,NH,Bitumen(Tar),Dry,Not Applicable,Fine,S S GHATI,NH,15,0.0,0.0
Bengaluru Dist,Doddaballapura Rural PS,1.0442e+16,2016,1,2,Road Accidents,Narrow road,Villages settlement,Open area,Human Error,No,Simple Injury,Hit fixed object,Not Applicable,Not Applicable,NH,Bitumen(Tar),Dry,Not Applicable,Fine,GOLLAHALLI,NH,9,0.0,0.0
Bengaluru Dist,Doddaballapura Rural PS,1.0442e+16,2016,1,2,Road Accidents,Narrow road,Rural Areas,Open area,Human Error,No,Grievous Injury,Others,Not Applicable,Not Applicable,State Highway,Bitumen(Tar),Dry,Not Applicable,Fine,KELAGINA NAYAKNDRAHALLI,SH,12,0.0,0.0
Bengaluru Dist,Doddaballapura Rural PS,1.0442e+16,2016,1,1,Road Accidents,Narrow road,Villages settlement,Open area,Human Error,No,Simple Injury,Head on,Not Applicable,Not Applicable,State Highway,Bitumen(Tar),Dry,Not Applicable,Fine,HOSAHUDYA,SH,6,0.0,0.0
Bengaluru Dist,Doddaballapura Rural PS,1.0442e+16,2016,1,2,Road Accidents,Narrow road,Villages settlement,Open area,Human Error,No,Simple Injury,Hit fixed object,Not Applicable,Not Applicable,State Highway,Bitumen(Tar),Dry,Not Applicable,Fine,NEAR APPERAL,SH,6,0.0,0.0
Bengaluru Dist,Doddaballapura Rural PS,1.0442e+16,2016,1,1,Road Accidents,Narrow road,Rural Areas,Open area,Human Error,No,Simple Injury,Others,Not Applicable,Not Applicable,Others,Bitumen(Tar),Dry,Not Applicable,Fine,RAJAGHATTA,RAJAGHATTA,5,0.0,0.0
Bengaluru Dist,Doddaballapura Rural PS,1.0442e+16,2016,1,2,Road Accidents,Narrow road,Villages settlement,Open area,Human Error,No,Simple Injury,Hit fixed object,Not Applicable,Not Applicable,NH,Bitumen(Tar),Dry,Not Applicable,Fine,PALANAJOGAHALLI,NH,5,0.0,0.0
Bengaluru Dist,Doddaballapura Rural PS,1.0442e+16,2016,1,1,Road Accidents,Narrow road,Villages settlement,Open area,Human Error,No,Simple Injury,Hit fixed object,Not Applicable,Not Applicable,State Highway,Bitumen(Tar),Dry,Not Applicable,Fine,THIMMASANDRA,SH,5,0.0,0.0
Bengaluru Dist,Doddaballapura Rural PS,1.0442e+16,2016,1,2,Road Accidents,Narrow road,Villages settlement,Open area,Human Error,No,Simple Injury,Hit fixed object,Not Applicable,Not Applicable,State Highway,Bitumen(Tar),Dry,Not Applicable,Fine,BASHETTIHALLI,SH,6,0.0,0.0
Bengaluru Dist,Doddaballapura Rural PS,1.0442e+16,2016,1,1,Road Accidents,Narrow road,Villages settlement,Open area,Human Error,No,Simple Injury,Others,Not Applicable,Not Applicable,NH,Bitumen(Tar),Dry,Not Applicable,Fine,PALANAJOGAHALLI,NH,4,0.0,0.0
Bengaluru Dist,Doddaballapura Rural PS,1.0442e+16,2016,1,2,Road Accidents,Narrow road,Villages settlement,Open area,Human Error,No,Not Applicable,Head on,Not Applicable,Not Applicable,NH,Bitumen(Tar),Dry,Not Applicable,Fine,RAGHUNATHAPURA,NH,5,0.0,0.0
Bengaluru Dist,Doddaballapura Rural PS,1.0442e+16,2016,1,2,Road Accidents,Narrow road,Rural Areas,Open area,Human Error,No,Grievous Injury,Others,Not Applicable,Not Applicable,Others,Bitumen(Tar),Dry,Not Applicable,Fine,HASANGHTTA,HASANGHTTA,3,0.0,0.0
Bengaluru Dist,Doddaballapura Rural PS,1.0442e+16,2016,1,2,Road Accidents,Narrow road,Rural Areas,Open area,Human Error,No,Simple Injury,Others,Not Applicable,Not Applicable,Others,Bitumen(Tar),Dry,Not Applicable,Fine,KANTANKUANTE,KANTANKUANTE,8,0.0,0.0
Bengaluru Dist,Doddaballapura Rural PS,1.0442e+16,2016,1,2,Road Accidents,Narrow road,Villages settlement,Open area,Human Error,Yes,Simple Injury,Hit and Run,Not Applicable,Not Applicable,NH,Bitumen(Tar),Dry,Not Applicable,Fine,PALANAJOGAHALLI,NH,5,0.0,0.0
Bengaluru Dist,Doddaballapura Rural PS,1.0442e+16,2016,1,2,Road Accidents,Narrow road,Rural Areas,Open area,Human Error,No,Simple Injury,Head on,Not Applicable,Not Applicable,Others,Bitumen(Tar),Dry,Not Applicable,Fine,OBDENAHALLI,OBDENAHALLI,5,0.0,0.0
Bengaluru Dist,Doddaballapura Rural PS,1.0442e+16,2016,1,2,Road Accidents,Narrow road,Villages settlement,Open area,Human Error,No,Simple Injury,Head on,Not Applicable,Not Applicable,Village Road,Bitumen(Tar),Dry,Not Applicable,Fine,LIANGANAHALLI,VILLAGE ROAD,12,0.0,0.0
Bengaluru Dist,Doddaballapura Rural PS,1.0442e+16,2016,1,2,Road Accidents,Narrow road,Villages settlement,Open area,Human Error,Yes,Simple Injury,Hit and Run,Not Applicable,Not Applicable,Village Road,Bitumen(Tar),Dry,Not Applicable,Fine,VADDARAHALLI,VILLAGE ROAD,8,0.0,0.0
Bengaluru Dist,Doddaballapura Rural PS,1.0442e+16,2016,1,1,Road Accidents,Narrow road,Rural Areas,Open area,Human Error,No,Simple Injury,Others,Not Applicable,Not Applicable,Village Road,Bitumen(Tar),Dry,Not Applicable,Fine,HEGGADIHALLI,VILLAGE ROAD,15,0.0,0.0
Bengaluru Dist,Doddaballapura Rural PS,1.0442e+16,2016,1,2,Road Accidents,Narrow road,Villages settlement,Open area,Not Applicable,No,Simple Injury,Hit fixed object,Not Applicable,Not Applicable,NH,Bitumen(Tar),Dry,Not Applicable,Fine,MAKALI DURGA,NH,12,0.0,0.0
Bengaluru Dist,Doddaballapura Rural PS,1.0442e+16,2016,1,1,Road Accidents,Narrow road,Rural Areas,Open area,Human Error,No,Grievous Injury,Others,Not Applicable,Not Applicable,Others,Bitumen(Tar),Dry,Not Applicable,Fine,TOGARIGHATTA,TOGARIGHATTA,4,0.0,0.0
Bengaluru Dist,Doddaballapura Rural PS,1.0442e+16,2016,1,2,Road Accidents,Narrow road,Rural Areas,Open area,Human Error,No,Grievous Injury,Others,Not Applicable,Not Applicable,Others,Bitumen(Tar),Dry,Not Applicable,Fine,TALAGAVARA,TALAGAVARA,6,0.0,0.0
Bengaluru Dist,Doddaballapura Rural PS,1.0442e+16,2016,1,2,Road Accidents,Narrow road,Villages settlement,Open area,Human Error,No,Simple Injury,Hit fixed object,Not Applicable,Not Applicable,Village Road,Bitumen(Tar),Dry,Not Applicable,Fine,GOLLAHALLI,VILLAGE ROAD,12,0.0,0.0
Bengaluru Dist,Doddaballapura Rural PS,1.0442e+16,2016,1,2,Road Accidents,Narrow road,Villages settlement,Open area,Human Error,No,Not Applicable,Hit fixed object,Not Applicable,Not Applicable,NH,Bitumen(Tar),Dry,Not Applicable,Fine,PALPALDINNE,NH,13,0.0,0.0
Bengaluru Dist,Doddaballapura Rural PS,1.0442e+16,2016,1,2,Road Accidents,Narrow road,Villages settlement,Open area,Human Error,No,Simple Injury,Head on,Not Applicable,Not Applicable,State Highway,Bitumen(Tar),Dry,Not Applicable,Fine,Raghunathapura,SH,7,0.0,0.0
Bengaluru Dist,Doddaballapura Rural PS,1.0442e+16,2016,1,2,Road Accidents,Narrow road,Villages settlement,Open area,Human Error,No,Simple Injury,Hit fixed object,Not Applicable,Not Applicable,NH,Bitumen(Tar),Dry,Not Applicable,Fine,RAJAGHATTA,NH,10,0.0,0.0
Bengaluru Dist,Doddaballapura Rural PS,1.0442e+16,2016,1,2,Road Accidents,Narrow road,Villages settlement,Open area,Not Applicable,No,Simple Injury,Head on,Not Applicable,Not Applicable,NH,Bitumen(Tar),Dry,Not Applicable,Fine,RAGHUNATHAPURA,NH,6,0.0,0.0
Bengaluru Dist,Doddaballapura Rural PS,1.0442e+16,2016,1,2,Road Accidents,Narrow road,Villages settlement,Open area,Human Error,No,Simple Injury,Head on,Not Applicable,Not Applicable,NH,Bitumen(Tar),Dry,Not Applicable,Fine,HAMAM,NH,5,0.0,0.0
Bengaluru Dist,Doddaballapura Rural PS,1.0442e+16,2016,1,2,Road Accidents,Narrow road,Villages settlement,Open area,Human Error,No,Not Applicable,Hit fixed object,Not Applicable,Not Applicable,State Highway,Bitumen(Tar),Dry,Not Applicable,Fine,BISUVANAHALLI,SH,8,0.0,0.0