DISTRICTNAME,UNITNAME,Crime_No,Year,RI,Noofvehicle_involved,Accident_Classification,Accident_Spot,Accident_Location,Accident_SubLocation,Main_Cause,Hit_Run,Severity,Collision_Type,Junction_Control,Road_Character,Road_Type,Surface_Type,Surface_Condition,Road_Condition,Weather,Accident_Road,Landmark_first,Distance_LandMark_First,Latitude,Longitude
Bengaluru Dist,Doddaballapura Rural PS,1.0442e+16,2018,1,2,Road Accidents,Other,Rural Areas,Open area,Human Error,No,Fatal,Head on,Not Applicable,Straight and flat,State Highway,Bitumen(Tar),Dry,Not Applicable,Fine,SH-09,Gundumgere Cross,10 KM,0.0,0.0
Bengaluru Dist,Doddaballapura Rural PS,1.0442e+16,2018,1,2,Road Accidents,Other,Rural Areas,Near Petrol Pump,Not Applicable,No,Grievous Injury,Not Applicable,Not Applicable,Others,NH,Not Applicable,Others,Not Applicable,Others,Doddaballapura Gowribidanuru Raod Gundamgere Crose Near,Yes,12km,0.0,0.0
Bengaluru Dist,Doddaballapura Rural PS,1.0442e+16,2018,1,1,Not Applicable,Not Applicable,Not Applicable,Near School or College,Not Applicable,Not Applicable,Damage Only,Not Applicable,Not Applicable,Not Applicable,Not Applicable,Not Applicable,Not Applicable,Not Applicable,Not Applicable,Doddaballapura Gowribidanuru Raod,Yes,10kms,0.0,0.0
Bengaluru Dist,Doddaballapura Rural PS,1.0442e+16,2018,1,2,Road Accidents,Narrow road,Villages settlement,Near a religious place,Human Error,Not Applicable,Fatal,Head on,Uncontrolled,Others,NH,Bitumen(Tar),Dry,Not Applicable,Others,DB Pura Dobbospet,Doddamma Temple,3 KM,0.0,0.0
Bengaluru Dist,Doddaballapura Rural PS,1.0442e+16,2018,1,2,Road Accidents,Other,Rural Areas,Residential area,Human Error,No,Grievous Injury,Others,Not Applicable,Others,Village Road,Bitumen(Tar),Dry,Not Applicable,Fine,Other Road,Kodigehalli,4 K.M,0.0,0.0
Bengaluru Dist,Doddaballapura Rural PS,1.0442e+16,2018,1,2,Not Applicable,Not Applicable,Not Applicable,Open area,Vehicle Defect,No,Grievous Injury,Not Applicable,Not Applicable,Not Applicable,Not Applicable,Not Applicable,Not Applicable,Not Applicable,Others,Doddaballapura Gowribidanuru Raod Panchavati Foram,Yes,8KMS,0.0,0.0
Bengaluru Dist,Doddaballapura Rural PS,1.0442e+16,2018,1,1,Not Applicable,Not Applicable,Villages settlement,Open area,Not Applicable,No,Grievous Injury,Not Applicable,Not Applicable,Not Applicable,Village Road,Not Applicable,Not Applicable,Not Applicable,Not Applicable,Hanabe Doddaballapura Road,yes,12km,0.0,0.0
Bengaluru Dist,Doddaballapura Rural PS,1.0442e+16,2018,1,2,Not Applicable,Not Applicable,Not Applicable,Near Bus stop,Not Applicable,No,Simple Injury,Not Applicable,Not Applicable,Not Applicable,Not Applicable,Not Applicable,Not Applicable,Not Applicable,Not Applicable,Doddaballapura Benagaluru Raod Byank Circle Near,Yes,6 kms,0.0,0.0
Bengaluru Dist,Doddaballapura Rural PS,1.0442e+16,2018,1,1,Not Applicable,Not Applicable,Not Applicable,Open area,Vehicle Defect,No,Damage Only,Others,Not at  Junction,Not Applicable,Village Road,Not Applicable,Not Applicable,Not Applicable,Others,DODDABALLAPURA CHIKKABALLAPURA ROAD ANCHARAHALLI  GATE,yes,15km,0.0,0.0
Bengaluru Dist,Doddaballapura Rural PS,1.0442e+16,2018,1,1,Not Applicable,Not Applicable,Not Applicable,Open area,Vehicle Defect,No,Damage Only,Not Applicable,Not Applicable,Not Applicable,Not Applicable,Not Applicable,Not Applicable,Not Applicable,Not Applicable,DODDABALLAPURA NELAMANGALA RAOD,Yes,10kms,0.0,0.0
Bengaluru Dist,Doddaballapura Rural PS,1.0442e+16,2018,1,2,Road Accidents,Other,Not Applicable,Open area,Not Applicable,No,Grievous Injury,Others,Not at  Junction,Others,Others,Not Applicable,Others,Not Applicable,Others,Doddaballapura Benagaluru Raod,Yes,10kms,0.0,0.0
Bengaluru Dist,Doddaballapura Rural PS,1.0442e+16,2018,1,1,Not Applicable,Not Applicable,Not Applicable,Open area,Not Applicable,No,Grievous Injury,Not Applicable,Not Applicable,Not Applicable,Not Applicable,Not Applicable,Not Applicable,Not Applicable,Not Applicable,"Bachahalli Allalasandra Road, Allalasandra Crose",Yes,12km,0.0,0.0
Bengaluru Dist,Doddaballapura Rural PS,1.0442e+16,2018,1,1,Road Accidents,Narrow road,Rural Areas,Near School or College,Human Error,Not Applicable,Fatal,Skidding or Self accident,Uncontrolled,Hump,NH,Bitumen(Tar),Dry,Not Applicable,Others,Doddaballapura Dobbospet NH 207,Kodigehalli Govt Primary School,4 KM,0.0,0.0
Bengaluru Dist,Doddaballapura Rural PS,1.0442e+16,2018,1,1,Road Accidents,Narrow road,Rural Areas,Open area,Human Error,Not Applicable,Fatal,Skidding or Self accident,Uncontrolled,Not Applicable,Village Road,Bitumen(Tar),Dry,Not Applicable,Others,Jingebhachahalli Road,Appi Store,7 KM,0.0,0.0
Bengaluru Dist,Doddaballapura Rural PS,1.0442e+16,2018,1,2,Road Accidents,Narrow road,Rural Areas,Open area,Human Error,No,Fatal,Head on,Uncontrolled,Curve and Incline,Village Road,Bitumen(Tar),Others,Not Applicable,Others,Veerapura Bashettihalli Road,Giriyappas Land,6 KM,0.0,0.0
Bengaluru Dist,Doddaballapura Rural PS,1.0442e+16,2018,1,2,Road Accidents,Road hump or Rumble strips,Villages settlement,Near Petrol Pump,Human Error,No,Damage Only,Others,Uncontrolled,Hump,State Highway,Not Applicable,Others,Not Applicable,Not Applicable,Doddaballapura-Gowribidanuru road,Near Makalidurga,28feet,0.0,0.0
Bengaluru Dist,Doddaballapura Rural PS,1.0442e+16,2018,1,2,Road Accidents,Other,Rural Areas,Near or inside a village,Human Error,No,Fatal,Overturning,Not Applicable,Straight and flat,State Highway,Bitumen(Tar),Dry,Not Applicable,Fine,"Gollahalli Gowda Mane, Gowribidanuru-DB Pura road, Tubagere Hobali, D B Pura Taluk",Gollahalli Gowda Mane near,8,0.0,0.0
Bengaluru Dist,Doddaballapura Rural PS,1.0442e+16,2018,1,1,Road Accidents,Curves,Rural Areas,Open area,Not Applicable,No,Damage Only,Others,Not Applicable,Others,Village Road,Bitumen(Tar),Dry,Not Applicable,Clear,village road,Land Of Geethchar,32,0.0,0.0
Bengaluru Dist,Doddaballapura Rural PS,1.0442e+16,2018,1,2,Road Accidents,Curves,Rural Areas,Open area,Human Error,No,Simple Injury,Overturning,Not Applicable,Sharp Curve,State Highway,Bitumen(Tar),Dry,Not Applicable,Clear,Aralumallige Kere Eri,Aralumallige Kere Eri,6 KM,0.0,0.0
Bengaluru Dist,Doddaballapura Rural PS,1.0442e+16,2018,1,2,Not Applicable,Not Applicable,Not Applicable,Residential area,Not Applicable,No,Grievous Injury,Not Applicable,Not Applicable,Not Applicable,Not Applicable,Not Applicable,Not Applicable,Not Applicable,Not Applicable,Doddaballapura Devanahalli Road,Yes,5KM,0.0,0.0
Bengaluru Dist,Doddaballapura Rural PS,1.0442e+16,2018,1,2,Road Accidents,Junction,Rural Areas,Open area,Human Error,No,Grievous Injury,Others,Uncontrolled,Others,Others,Bitumen(Tar),Dry,Not Applicable,Clear,Doddaballapur-Kodigehalli Road,towards south water plant,30 mtr,0.0,0.0
Bengaluru Dist,Doddaballapura Rural PS,1.0442e+16,2018,1,2,Road Accidents,Curves,Rural Areas,Open area,Not Applicable,No,Simple Injury,Hit bicyclist,Not Applicable,Not Applicable,NH,Bitumen(Tar),Dry,Not Applicable,Fine,Palanajogahalli,Palanajogahalli,10,0.0,0.0
Bengaluru Dist,Doddaballapura Rural PS,1.0442e+16,2018,1,2,Not Applicable,Not Applicable,Not Applicable,Open area,Not Applicable,No,Simple Injury,Not Applicable,Not Applicable,Not Applicable,Not Applicable,Not Applicable,Not Applicable,Not Applicable,Not Applicable,Doddaballapura Benagaluru Raod,Yes,10kms,0.0,0.0
Bengaluru Dist,Doddaballapura Rural PS,1.0442e+16,2018,1,2,Not Applicable,Not Applicable,Rural Areas,Open area,Vehicle Defect,No,Damage Only,Not Applicable,Not at  Junction,Not Applicable,Others,Not Applicable,Not Applicable,Not Applicable,Others,Doddaballapura Benagaluru Raod Bashettihalli Aperal Park Front Raod,yes,15kms,0.0,0.0
Bengaluru Dist,Doddaballapura Rural PS,1.0442e+16,2018,1,2,Road Accidents,Not Applicable,Not Applicable,Residential area,Not Applicable,No,Grievous Injury,Not Applicable,Not Applicable,Not Applicable,Not Applicable,Not Applicable,Not Applicable,Not Applicable,Not Applicable,Doddaballapura Benagaluru Raod,Yes,6KMS,0.0,0.0
Bengaluru Dist,Doddaballapura Rural PS,1.0442e+16,2018,1,2,Not Applicable,Not Applicable,Not Applicable,Near Bus stop,Not Applicable,No,Grievous Injury,Not Applicable,Not Applicable,Not Applicable,Not Applicable,Not Applicable,Not Applicable,Not Applicable,Not Applicable,Doddaballapura Gowribidanuru Raod,YES,6KMS,0.0,0.0
Bengaluru Dist,Doddaballapura Rural PS,1.0442e+16,2018,1,1,Road Accidents,Narrow road,Rural Areas,Open area,Human Error,Not Applicable,Fatal,Skidding or Self accident,Uncontrolled,Others,State Highway,Bitumen(Tar),Dry,Not Applicable,Others,Nelamangala Doddaballapura,Near Aralumallike Roja Factory,8 KM,0.0,0.0
Bengaluru Dist,Doddaballapura Rural PS,1.0442e+16,2018,1,2,Road Accidents,Other,Rural Areas,Open area,Human Error,No,Grievous Injury,Others,Not Applicable,Not Applicable,Others,Bitumen(Tar),Dry,Not Applicable,Clear,0,0,0,0.0,0.0
Bengaluru Dist,Doddaballapura Rural PS,1.0442e+16,2018,1,3,Not Applicable,Not Applicable,Not Applicable,Near or inside a village,Not Applicable,No,Grievous Injury,Not Applicable,Not Applicable,Not Applicable,Not Applicable,Not Applicable,Not Applicable,Not Applicable,Not Applicable,Doddaballapura Gowribidanuru Raod Gollahalli Village,Yes,8KMS,0.0,0.0
Bengaluru Dist,Doddaballapura Rural PS,1.0442e+16,2018,1,2,Not Applicable,Not Applicable,Not Applicable,Open area,Not Applicable,No,Grievous Injury,Not Applicable,Not Applicable,Not Applicable,Not Applicable,Not Applicable,Others,Not Applicable,Others,Raghunathapura Railway Station Raod Inpocity 02 Gate,Yes,8KMS,0.0,0.0
Bengaluru Dist,Doddaballapura Rural PS,1.0442e+16,2018,1,1,Not Applicable,Not Applicable,Villages settlement,Open area,Not Applicable,No,Grievous Injury,Not Applicable,Not Applicable,Not Applicable,Not Applicable,Not Applicable,Others,Not Applicable,Others,"Maralenahalli Doddaballapura Road, Neraleghatta Village",Yes,10kms,0.0,0.0
Bengaluru Dist,Doddaballapura Rural PS,1.0442e+16,2018,1,2,Road Accidents,Not Applicable,Rural Areas,Open area,Not Applicable,Yes,Grievous Injury,Hit and Run,Not Applicable,Others,State Highway,Bitumen(Tar),Not Applicable,Not Applicable,Fine,chikkaballapura-Doddaballapura Road,Rajaghatta Kere Eri,9KM,0.0,0.0
Bengaluru Dist,Doddaballapura Rural PS,1.0442e+16,2018,1,2,Not Applicable,Not Applicable,Not Applicable,Open area,Not Applicable,No,Grievous Injury,Not Applicable,Not Applicable,Not Applicable,Not Applicable,Not Applicable,Not Applicable,Not Applicable,Not Applicable,doddaballapura manchenhalli road,yes,10kms,0.0,0.0
Bengaluru Dist,Doddaballapura Rural PS,1.0442e+16,2018,1,2,Road Accidents,Narrow road,Rural Areas,Open area,Not Applicable,Yes,Simple Injury,Hit and Run,Not Applicable,Not Applicable,Village Road,Bitumen(Tar),Dry,Not Applicable,Fine,Narasimhanahalli,Narasimhanahalli,11,0.0,0.0
Bengaluru Dist,Doddaballapura Rural PS,1.0442e+16,2018,1,2,Road Accidents,Narrow road,Rural Areas,Open area,Not Applicable,Not Applicable,Simple Injury,Hit fixed object,Not Applicable,Not Applicable,NH,Bitumen(Tar),Dry,Not Applicable,Fine,Menasi Gate,Menasi Gate,7,0.0,0.0
Bengaluru Dist,Doddaballapura Rural PS,1.0442e+16,2018,1,1,Road Accidents,Other,Rural Areas,Near or inside a village,Human Error,No,Fatal,Skidding or Self accident,Not Applicable,Straight and flat,State Highway,Bitumen(Tar),Dry,Not Applicable,Fine,SH 9,Near Gangamma s land,5,0.0,0.0
Bengaluru Dist,Doddaballapura Rural PS,1.0442e+16,2018,1,2,Road Accidents,Other,Rural Areas,Near a recreation place/cinema,Human Error,Yes,Fatal,Hit and Run,Not Applicable,Straight and flat,State Highway,Bitumen(Tar),Dry,Not Applicable,Clear,SH,Near Sappalamma Temple,15 km,0.0,0.0
Bengaluru Dist,Doddaballapura Rural PS,1.0442e+16,2018,1,3,Road Accidents,Other,Rural Areas,Near Bus stop,Human Error,No,Fatal,Others,Not Applicable,Straight and flat,NH,Bitumen(Tar),Dry,Not Applicable,Fine,Menasi gate NH-207,Menasi gate,6 KM,0.0,0.0
Bengaluru Dist,Doddaballapura Rural PS,1.0442e+16,2018,1,2,Not Applicable,Not Applicable,Not Applicable,Near or inside a village,Not Applicable,No,Simple Injury,Not Applicable,Not Applicable,Not Applicable,Not Applicable,Not Applicable,Not Applicable,Not Applicable,Not Applicable,Doddaballapura Gowribidanuru Raod,Yes,12km,0.0,0.0
Bengaluru Dist,Doddaballapura Rural PS,1.0442e+16,2018,1,1,Not Applicable,Not Applicable,Not Applicable,Open area,Not Applicable,No,Grievous Injury,Not Applicable,Not Applicable,Not Applicable,Not Applicable,Not Applicable,Not Applicable,Not Applicable,Not Applicable,Doddaballapura Gowribidanuru Raod Palanajogahalli Water Tyank,Yes,3KM,0.0,0.0
Bengaluru Dist,Doddaballapura Rural PS,1.0442e+16,2018,1,2,Road Accidents,Other,Not Applicable,Open area,Not Applicable,No,Simple Injury,Others,Not Applicable,Others,State Highway,Not Applicable,Others,Not Applicable,Others,"Doddaballapura Hindupura Road, Melinanayakandarahalli Gate, Hari Naik Land Near",Yes,10kms,0.0,0.0
Bengaluru Dist,Doddaballapura Rural PS,1.0442e+16,2018,1,2,Not Applicable,Not Applicable,Not Applicable,Near a factory industrial area,Not Applicable,No,Grievous Injury,Not Applicable,Not Applicable,Not Applicable,Not Applicable,Not Applicable,Not Applicable,Not Applicable,Not Applicable,Bashettihalli Ellupura Road Tape Factory Gate,Yes,8KMS,0.0,0.0
Bengaluru Dist,Doddaballapura Rural PS,1.0442e+16,2018,1,2,Road Accidents,Not Applicable,Not Applicable,Open area,Not Applicable,No,Grievous Injury,Not Applicable,Not Applicable,Not Applicable,Others,Not Applicable,Not Applicable,Not Applicable,Others,"Kasuvanahalli Vardanahalli Road, Muniyappa Faram",Yes,10km,0.0,0.0
Bengaluru Dist,Doddaballapura Rural PS,1.0442e+16,2018,1,2,Road Accidents,Other,Rural Areas,Open area,Human Error,No,Fatal,Hit parked vehicle,Uncontrolled,Straight and flat,State Highway,Bitumen(Tar),Dry,Not Applicable,Fog / Mist,SH-09,Chikkagovindhappa Land,8 KM,0.0,0.0
Bengaluru Dist,Doddaballapura Rural PS,1.0442e+16,2018,1,1,Not Applicable,Not Applicable,Rural Areas,Near Bus stop,Not Applicable,No,Grievous Injury,Not Applicable,Not Applicable,Not Applicable,Not Applicable,Bitumen(Tar),Dry,Not Applicable,Not Applicable,Doddaballapura gowribidaranuru road,Electricale pole,15 pt,0.0,0.0
Bengaluru Dist,Doddaballapura Rural PS,1.0442e+16,2018,1,2,Not Applicable,Not Applicable,Not Applicable,Open area,Not Applicable,No,Grievous Injury,Not Applicable,Not Applicable,Not Applicable,Not Applicable,Not Applicable,Not Applicable,Not Applicable,Not Applicable,DODDABALLAPURA CHIKKABALLAPURA ROAD,Yes,10kms,0.0,0.0
Bengaluru Dist,Doddaballapura Rural PS,1.0442e+16,2018,1,2,Road Accidents,Other,Rural Areas,Open area,Human Error,No,Fatal,Rear end,Not Applicable,Straight and flat,State Highway,Bitumen(Tar),Dry,Not Applicable,Fine,SH-09,Near Muniyappa Land,16 KM,0.0,0.0
Bengaluru Dist,Doddaballapura Rural PS,1.0442e+16,2018,1,2,Not Applicable,Not Applicable,Rural Areas,Open area,Not Applicable,No,Grievous Injury,Not Applicable,Not Applicable,Not Applicable,Not Applicable,Bitumen(Tar),Dry,Not Applicable,Not Applicable,Bengalore Doddaballapura road,yes,8km,0.0,0.0
Bengaluru Dist,Doddaballapura Rural PS,1.0442e+16,2018,1,2,Road Accidents,Other,Rural Areas,Near a factory industrial area,Human Error,No,Fatal,Right Turn Collision,Not Applicable,Straight and flat,State Highway,Bitumen(Tar),Dry,Not Applicable,Fine,SH-09,Near Blue Dart Factory,8 KM,0.0,0.0
Bengaluru Dist,Doddaballapura Rural PS,1.0442e+16,2018,1,2,Road Accidents,Not Applicable,Rural Areas,Near a factory industrial area,Not Applicable,Not Applicable,Simple Injury,Not Applicable,Not Applicable,Not Applicable,State Highway,Bitumen(Tar),Dry,Not Applicable,Clear,Devanahalli Doddaballapura Road,near Grovore wines Factory,200 Ms,0.0,0.0
Bengaluru Dist,Doddaballapura Rural PS,1.0442e+16,2018,1,2,Road Accidents,Not Applicable,Rural Areas,Near Bus stop,Vehicle Defect,No,Damage Only,Not Applicable,Not Applicable,Not Applicable,Not Applicable,Not Applicable,Not Applicable,Not Applicable,Not Applicable,Doddaballapura Benagaluru Raod Bashettihalli Aperal Park Front Raod,yes,5 kms,0.0,0.0
Bengaluru Dist,Doddaballapura Rural PS,1.0442e+16,2018,1,2,Road Accidents,Narrow road,Rural Areas,Open area,Human Error,Not Applicable,Fatal,Rear end,Uncontrolled,Others,NH,Bitumen(Tar),Dry,Not Applicable,Fine,Gowribidanuru Bengaluru,Akram Garaj,5 KM,0.0,0.0
Bengaluru Dist,Doddaballapura Rural PS,1.0442e+16,2018,1,2,Road Accidents,Other,Rural Areas,Near Hospital,Not Applicable,No,Grievous Injury,Others,Not Applicable,Not Applicable,State Highway,Bitumen(Tar),Dry,Not Applicable,Fine,Doddaballapur Bengalluru road,State Haiway,6 K.M,0.0,0.0
Bengaluru Dist,Doddaballapura Rural PS,1.0442e+16,2018,1,2,Not Applicable,Not Applicable,Not Applicable,Near a factory industrial area,Not Applicable,No,Grievous Injury,Not Applicable,Not Applicable,Not Applicable,Not Applicable,Not Applicable,Not Applicable,Not Applicable,Not Applicable,Doddaballapura Benagaluru Raod,Yes,10kms,0.0,0.0
Bengaluru Dist,Doddaballapura Rural PS,1.0442e+16,2018,1,2,Road Accidents,Junction,Villages settlement,Near Bus stop,Not Applicable,Not Applicable,Simple Injury,Not Applicable,Not Applicable,Not Applicable,State Highway,Bitumen(Tar),Dry,Not Applicable,Fine,Doddaballapur-Yalahanka,Near Busstop,23,0.0,0.0
Bengaluru Dist,Doddaballapura Rural PS,1.0442e+16,2018,1,2,Road Accidents,Narrow road,Rural Areas,Open area,Human Error,Not Applicable,Not Applicable,Side swipe,Not Applicable,Not Applicable,Others,Bitumen(Tar),Dry,Not Applicable,Fine,Infront of FFI Factory,Infront of FFI Factory,6 K.M,0.0,0.0
Bengaluru Dist,Doddaballapura Rural PS,1.0442e+16,2018,1,1,Road Accidents,Other,Not Applicable,Near Bus stop,Not Applicable,No,Grievous Injury,Others,Not Applicable,Others,Others,Not Applicable,Others,Not Applicable,Others,Doddaballapura Gowribidanuru Raod Near Kantanakunte,Yes,8KMS,0.0,0.0
Bengaluru Dist,Doddaballapura Rural PS,1.0442e+16,2018,1,2,Road Accidents,Narrow road,Rural Areas,Residential area,Human Error,Not Applicable,Fatal,Head on,Uncontrolled,Not Applicable,State Highway,Bitumen(Tar),Dry,Not Applicable,Fine,Gowribidanuru Doddabalapura,Thapasihalli Gate,8 KM,0.0,0.0
Bengaluru Dist,Doddaballapura Rural PS,1.0442e+16,2018,1,1,Road Accidents,Road hump or Rumble strips,Rural Areas,Residential area,Human Error,Not Applicable,Fatal,Skidding or Self accident,Uncontrolled,Hump,NH,Bitumen(Tar),Dry,Not Applicable,Fine,DB Pura Dobbaspet NH 207,Milk Dairy,5 KM,0.0,0.0
Bengaluru Dist,Doddaballapura Rural PS,1.0442e+16,2018,1,2,Not Applicable,Not Applicable,Not Applicable,Near a factory industrial area,Not Applicable,No,Simple Injury,Not Applicable,Not Applicable,Not Applicable,Not Applicable,Not Applicable,Not Applicable,Not Applicable,Not Applicable,Doddaballapura Benagaluru Raod,Yes,5 kms,0.0,0.0
Bengaluru Dist,Doddaballapura Rural PS,1.0442e+16,2018,1,1,Road Accidents,Cross roads,Villages settlement,Near office complex,Human Error,Not Applicable,Fatal,Head on,Uncontrolled,Others,State Highway,Bitumen(Tar),Dry,Not Applicable,Others,Bengaluru Doddaballapura,Indian Oversees Bank Building,8 KM,0.0,0.0
Bengaluru Dist,Doddaballapura Rural PS,1.0442e+16,2018,1,1,Road Accidents,Narrow road,Rural Areas,Near School or College,Human Error,Yes,Fatal,Head on,Uncontrolled,Others,NH,Bitumen(Tar),Dry,Not Applicable,Others,Devanahalli DB Pura Taluk,Near Geetam University,8 KM,0.0,0.0
Bengaluru Dist,Doddaballapura Rural PS,1.0442e+16,2018,1,2,Road Accidents,Narrow road,Rural Areas,Open area,Human Error,Not Applicable,Simple Injury,Others,Not Applicable,Not Applicable,Village Road,Bitumen(Tar),Dry,Not Applicable,Clear,Near Anjaneya Temple,Near Anjaneya Temple,10 km,0.0,0.0
Bengaluru Dist,Doddaballapura Rural PS,1.0442e+16,2018,1,1,Road Accidents,Other,Rural Areas,Near School or College,Human Error,Yes,Fatal,Hit and Run,Not Applicable,Straight and flat,NH,Bitumen(Tar),Dry,Not Applicable,Fine,NH-207,Sir M Vishsweshswaraiah scholl infront of,6 KM,0.0,0.0
Bengaluru Dist,Doddaballapura Rural PS,1.0442e+16,2018,1,2,Road Accidents,Other,Rural Areas,Open area,Human Error,No,Fatal,Others,Not Applicable,Straight and flat,Village Road,Bitumen(Tar),Dry,Not Applicable,Fine,Ghatti- D.B Pura Road,Perumagondanahalli cross,12KM,0.0,0.0
Bengaluru Dist,Doddaballapura Rural PS,1.0442e+16,2018,1,2,Road Accidents,Other,Rural Areas,Near a factory industrial area,Human Error,No,Damage Only,Others,Not Applicable,Others,Others,Not Applicable,Not Applicable,Not Applicable,Others,KIADB ROAD,Near Mushashi Company,06 km,0.0,0.0
Bengaluru Dist,Doddaballapura Rural PS,1.0442e+16,2018,1,2,Not Applicable,Not Applicable,Not Applicable,Open area,Not Applicable,No,Grievous Injury,Not Applicable,Not Applicable,Not Applicable,Not Applicable,Not Applicable,Not Applicable,Not Applicable,Not Applicable,DODDABALLAPURA NELAMANGALA RAOD,Yes,7kms,0.0,0.0
Bengaluru Dist,Doddaballapura Rural PS,1.0442e+16,2018,1,1,Road Accidents,Narrow road,Rural Areas,Near a religious place,Human Error,Not Applicable,Fatal,Head on,Uncontrolled,Others,State Highway,Bitumen(Tar),Dry,Not Applicable,Fine,DB Pura Gowribidanuru,Gunjuru Village,14 KM,0.0,0.0
Bengaluru Dist,Doddaballapura Rural PS,1.0442e+16,2018,1,2,Road Accidents,Junction,City/Town,Near Bus stop,Human Error,No,Grievous Injury,Others,Not Applicable,Not Applicable,Two way,Bitumen(Tar),Dry,Not Applicable,Cloudy,State Highway,Near Friends hall,100 fe,0.0,0.0
Bengaluru Dist,Doddaballapura Rural PS,1.0442e+16,2018,1,2,Road Accidents,Curves,Rural Areas,Near or inside a village,Not Applicable,No,Grievous Injury,Others,Not at  Junction,Others,State Highway,Bitumen(Tar),Dry,Not Applicable,Fine,State Highway,Aralumallige,6 KM,0.0,0.0
Bengaluru Dist,Doddaballapura Rural PS,1.0442e+16,2018,1,2,Not Applicable,Not Applicable,Not Applicable,Near Bus stop,Not Applicable,No,Grievous Injury,Not Applicable,Not Applicable,Not Applicable,Not Applicable,Not Applicable,Not Applicable,Not Applicable,Not Applicable,Doddaballapura Dabaspete Road,yes,10kms,0.0,0.0
Bengaluru Dist,Doddaballapura Rural PS,1.0442e+16,2018,1,2,Road Accidents,Other,Rural Areas,Open area,Human Error,No,Fatal,Head on,Not Applicable,Straight and flat,State Highway,Bitumen(Tar),Dry,Not Applicable,Fine,"Near Apperal Park Arch, D B Pura-Bengaluru road, Kasaba hobli, D B Pura TaluK",Near Apperal Park Arch,5 KM,0.0,0.0
Bengaluru Dist,Doddaballapura Rural PS,1.0442e+16,2018,1,1,Road Accidents,Other,Rural Areas,Near or inside a village,Human Error,No,Fatal,Skidding or Self accident,Not Applicable,Straight and flat,NH,Bitumen(Tar),Dry,Not Applicable,Fine,"D B Pura-Devanahalli road, Raghunathapura village, Kasaba hobli, D B Pura taluk",Annamalai land  Kaddipudi Factory near,8 km,0.0,0.0
Bengaluru Dist,Doddaballapura Rural PS,1.0442e+16,2018,1,2,Road Accidents,Not Applicable,Rural Areas,Near or inside a village,Human Error,Not Applicable,Fatal,Others,Not Applicable,Straight and flat,State Highway,Bitumen(Tar),Others,Not Applicable,Fine,SH-09,Thapasihalli Gate Near,9 km,0.0,0.0
Bengaluru Dist,Doddaballapura Rural PS,1.0442e+16,2018,1,1,Not Applicable,Not Applicable,Not Applicable,Near or inside a village,Not Applicable,No,Grievous Injury,Not Applicable,Not Applicable,Not Applicable,Not Applicable,Not Applicable,Not Applicable,Not Applicable,Not Applicable,Raghunathapura Railway Station Raod,Yes,8KMS,0.0,0.0
Bengaluru Dist,Doddaballapura Rural PS,1.0442e+16,2018,1,1,Not Applicable,Not Applicable,Not Applicable,Near a factory industrial area,Not Applicable,No,Grievous Injury,Not Applicable,Not Applicable,Not Applicable,Not Applicable,Not Applicable,Not Applicable,Not Applicable,Others,Doddaballapura Devanahalli Road Infront Of Venus Layout,yes,8KMS,0.0,0.0
Bengaluru Dist,Doddaballapura Rural PS,1.0442e+16,2018,1,2,Road Accidents,Narrow road,Rural Areas,Open area,Human Error,No,Grievous Injury,Others,Not Applicable,Not Applicable,State Highway,Bitumen(Tar),Dry,Not Applicable,Fine,State Haiway,Gunjuru,15 KM,0.0,0.0
Bengaluru Dist,Doddaballapura Rural PS,1.0442e+16,2018,1,3,Road Accidents,Other,Rural Areas,Near Bus stop,Not Applicable,No,Grievous Injury,Others,Not Applicable,Not Applicable,State Highway,Bitumen(Tar),Dry,Not Applicable,Fine,State Haiway,State Haiway,6 KM,0.0,0.0
Bengaluru Dist,Doddaballapura Rural PS,1.0442e+16,2018,1,3,Not Applicable,Not Applicable,Not Applicable,Near Petrol Pump,Vehicle Defect,No,Damage Only,Not Applicable,Not Applicable,Not Applicable,Not Applicable,Not Applicable,Not Applicable,Not Applicable,Not Applicable,Doddaballapura Gowribidanuru Raod,Yes,4KM,0.0,0.0
Bengaluru Dist,Doddaballapura Rural PS,1.0442e+16,2018,1,1,Road Accidents,Other,Rural Areas,At pedestrian Crossing,Not Applicable,No,Grievous Injury,Others,Not Applicable,Not Applicable,Village Road,Bitumen(Tar),Dry,Not Applicable,Clear,Doddaballapura - Bangalore Road,Near Ganesh hotal,31,0.0,0.0
Bengaluru Dist,Doddaballapura Rural PS,1.0442e+16,2018,1,2,Road Accidents,Round about or Circle,Rural Areas,Open area,Human Error,No,Grievous Injury,Right Turn Collision,Not at  Junction,Curve,Others,Not Applicable,Others,Not Applicable,Clear,0,0,0,0.0,0.0