DISTRICTNAME,UNITNAME,Crime_No,Year,RI,Noofvehicle_involved,Accident_Classification,Accident_Spot,Accident_Location,Accident_SubLocation,Main_Cause,Hit_Run,Severity,Collision_Type,Junction_Control,Road_Character,Road_Type,Surface_Type,Surface_Condition,Road_Condition,Weather,Accident_Road,Landmark_first,Distance_LandMark_First,Latitude,Longitude
Bengaluru Dist,Doddaballapura Rural PS,1.0442e+16,2019,1,2,Road Accidents,Cross roads,Rural Areas,Residential area,Not Applicable,Not Applicable,Simple Injury,Vehicle to Vehicle,Not Applicable,Not Applicable,Others,Bitumen(Tar),Dry,Not Applicable,Clear,Dargajogahalli roda,Mangalya Kalyana Mantapa,9,13.297692,77.529875
Bengaluru Dist,Doddaballapura Rural PS,1.0442e+16,2019,1,1,Road Accidents,Circle,Rural Areas,Near Bus stop,Not Applicable,Not Applicable,Grievous Injury,Hit pedestrian,Not Applicable,Others,Residential Street,Bitumen(Tar),Dry,Not Applicable,Clear,Tubagere-Gantaganahalli,KEB POLL,28,13.369248,77.578491
Bengaluru Dist,Doddaballapura Rural PS,1.0442e+16,2019,1,2,Road Accidents,Narrow road,Rural Areas,Near Bus stop,Human Error,No,Fatal,Vehicle to Vehicle,Not at  Junction,Others,Others,Bitumen(Tar),Dry,No influence on accident,Fine,DBpura To SS Ghati Road,Thirumagondanahalli Bus stop Near,8,13.352999,77.5379629
Bengaluru Dist,Doddaballapura Rural PS,1.0442e+16,2019,1,2,Road Accidents,Cross roads,Rural Areas,Near a factory industrial area,Not Applicable,Not Applicable,Simple Injury,Not Applicable,Not Applicable,Not Applicable,State Highway,Bitumen(Tar),Not Applicable,Not Applicable,Not Applicable,Doddaballapura Benagaluru Raod,Near Aperal park,7kms,13.269411,77.558216
Bengaluru Dist,Doddaballapura Rural PS,1.0442e+16,2019,1,2,Road Accidents,Not Applicable,Rural Areas,Near or inside a village,Human Error,No,Fatal,Vehicle to Vehicle,Not Applicable,Others,Others,Bitumen(Tar),Dry,Not Applicable,Fine,Village road,Near Somashettihalli village infront of Narayanappa House,15 KM,13.338278,77.47046
Bengaluru Dist,Doddaballapura Rural PS,1.0442e+16,2019,1,2,Road Accidents,Narrow road,Rural Areas,Open area,Not Applicable,Not Applicable,Damage Only,Not Applicable,Not Applicable,Not Applicable,NH,Bitumen(Tar),Dry,Not Applicable,Clear,DODDABALLAPURA-DEVANAHALLI,Electricale pole,33,13.288565,77.57716
Bengaluru Dist,Doddaballapura Rural PS,1.0442e+16,2019,1,1,Road Accidents,Cross roads,Rural Areas,Near Bus stop,Not Applicable,Yes,Grievous Injury,Not Applicable,Not Applicable,Others,Others,Not Applicable,Not Applicable,Not Applicable,Others,Doddaballapura SS Ghati Road Laghumenahalli Gate,Yes,12kms,13.349307,77.640845
Bengaluru Dist,Doddaballapura Rural PS,1.0442e+16,2019,1,1,Road Accidents,Not Applicable,Rural Areas,Near or inside a village,Human Error,No,Grievous Injury,Hit pedestrian,Not Applicable,Not Applicable,Others,Bitumen(Tar),Dry,Not Applicable,Fine,Other Road,Kanivepura,15 KM,13.368615,77.578962
Bengaluru Dist,Doddaballapura Rural PS,1.0442e+16,2019,1,1,Road Accidents,Not Applicable,Rural Areas,Near a factory industrial area,Human Error,No,Fatal,Hit pedestrian,Not Applicable,Straight and flat,NH,Bitumen(Tar),Dry,Not Applicable,Fine,NH,Infront of L&T Factory,5 KM,13.287161,77.577749
Bengaluru Dist,Doddaballapura Rural PS,1.0442e+16,2019,1,1,Road Accidents,Not Applicable,Rural Areas,Open area,Not Applicable,Not Applicable,Simple Injury,Not Applicable,Not Applicable,Not Applicable,State Highway,Bitumen(Tar),Ditch or Potholed,Not Applicable,Clear,Bengaluru Doddaballapura raod,Near Alankar paradice,200 Ms,13.27844,77.550843
Bengaluru Dist,Doddaballapura Rural PS,1.0442e+16,2019,1,2,Road Accidents,Not Applicable,Rural Areas,Near Petrol Pump,Not Applicable,Not Applicable,Damage Only,Vehicle to Vehicle,Not Applicable,Not Applicable,State Highway,Bitumen(Tar),Dry,Not Applicable,Clear,Bengaluru-Doddaballapura,Bharat petrolim bank,48.3,13.263569,77.552848
Bengaluru Dist,Doddaballapura Rural PS,1.0442e+16,2019,1,1,Road Accidents,Circle,Rural Areas,Near Bus stop,Not Applicable,Not Applicable,Simple Injury,Hit pedestrian,Not Applicable,Not Applicable,NH,Not Applicable,Not Applicable,Not Applicable,Clear,NH,Circle,4 KM,13.316079,77.534291
Bengaluru Dist,Doddaballapura Rural PS,1.0442e+16,2019,1,2,Not Applicable,Narrow road,Rural Areas,Narrow bridge or culverts,Not Applicable,Not Applicable,Simple Injury,Not Applicable,Not Applicable,Others,NH,Bitumen(Tar),Not Applicable,Not Applicable,Clear,Doddaballapur-Dabbaspet Road,DattuFarom House,100mtr,13.277423,77.522218
Bengaluru Dist,Doddaballapura Rural PS,1.0442e+16,2019,1,2,Not Applicable,Other,Rural Areas,Open area,Not Applicable,Not Applicable,Damage Only,Not Applicable,Not Applicable,Curve,Major District Road,Bitumen(Tar),Not Applicable,Not Applicable,Others,DODDABALLAPURA -CHIKKABALLAPURA ROAD,TANK,12.6,13.221021,77.52678
Bengaluru Dist,Doddaballapura Rural PS,1.0442e+16,2019,1,2,Road Accidents,Not Applicable,Rural Areas,Open area,Not Applicable,Not Applicable,Simple Injury,Not Applicable,Not Applicable,Not Applicable,Others,Bitumen(Tar),Dry,Not Applicable,Clear,Doddaballapura gowribidaranuru road,New Bridge,68 Ms,13.42842,77.5130549
Bengaluru Dist,Doddaballapura Rural PS,1.0442e+16,2019,1,1,Road Accidents,Narrow road,Rural Areas,Open area,Human Error,Not Applicable,Fatal,Hit pedestrian,Uncontrolled,Others,State Highway,Bitumen(Tar),Dry,Not Applicable,Others,SH Road,Near Akashavani Kendra,10,13.247738,77.520659
Bengaluru Dist,Doddaballapura Rural PS,1.0442e+16,2019,1,1,Road Accidents,Not Applicable,Rural Areas,Open area,Human Error,Not Applicable,Fatal,Hit pedestrian,Not Applicable,Straight and flat,State Highway,Bitumen(Tar),Dry,Not Applicable,Fine,SH,Infront of Sri Ganesh Temple,2 KM,13.31342,77.537993
Bengaluru Dist,Doddaballapura Rural PS,1.0442e+16,2019,1,2,Road Accidents,Junction,Rural Areas,Open area,Human Error,Not Applicable,Damage Only,Vehicle to Vehicle,Controlled,Curve,State Highway,Bitumen(Tar),Dry,Not Applicable,Clear,State Highway,Bank Circle,8KM,13.260353,77.554038
Bengaluru Dist,Doddaballapura Rural PS,1.0442e+16,2019,1,2,Road Accidents,Narrow road,Rural Areas,Near Bus stop,Not Applicable,Not Applicable,Grievous Injury,Vehicle to Vehicle,Not Applicable,Others,Two way,Bitumen(Tar),Dry,Not Applicable,Clear,Doddaballapura-Gowribidanuru road,Near Ramaswamynaik House,45,13.365516,77.520355
Bengaluru Dist,Doddaballapura Rural PS,1.0442e+16,2019,1,2,Road Accidents,Narrow road,Rural Areas,Near School or College,Human Error,No,Grievous Injury,Vehicle to Vehicle,Not at  Junction,Straight and flat,State Highway,Surfaced,Dry,Pot holed,Fine,"Doddaballapura Bengaluru Road, Near Navodaya School Bashettihalli",Yes,8 kms,13.262189,77.557446
Bengaluru Dist,Doddaballapura Rural PS,1.0442e+16,2019,1,2,Road Accidents,Circle,Rural Areas,Residential area,Vehicle Defect,Yes,Grievous Injury,Not Applicable,Stop sign,Curve,Residential Street,Concrete,Dry,No influence on accident,Clear,Doddaballapura SS Ghati Road Vaddarahalli Village Bus Stop,Yes,8 Kms,13.413193,77.539106
Bengaluru Dist,Doddaballapura Rural PS,1.0442e+16,2019,1,1,Road Accidents,Junction,Rural Areas,In bazaar,Human Error,Yes,Grievous Injury,Hit pedestrian,Not Applicable,Not Applicable,Village Road,Bitumen(Tar),Dry,No influence on accident,Clear,0,0,1,13.285111,77.59802
Bengaluru Dist,Doddaballapura Rural PS,1.0442e+16,2019,1,2,Road Accidents,Not Applicable,Rural Areas,Open area,Not Applicable,Yes,Grievous Injury,Not Applicable,Not Applicable,Others,Others,Not Applicable,Others,Not Applicable,Others,DODDABALLAPURA CHIKKABALLAPURA ROAD Thimmasandra Kere Yeri,Yes,8KMS,13.323968,77.568723
Bengaluru Dist,Doddaballapura Rural PS,1.0442e+16,2019,1,2,Road Accidents,Cross roads,Rural Areas,Open area,Human Error,No,Damage Only,Vehicle to Vehicle,Controlled,Curve,Others,Bitumen(Tar),Dry,Not Applicable,Fine,Karahalli Nandibetta Road Near Nandibetta Crose,Yes,15 kms,13.360545,77.65667
Bengaluru Dist,Doddaballapura Rural PS,1.0442e+16,2019,1,2,Road Accidents,Not Applicable,Rural Areas,Near Petrol Pump,Not Applicable,Not Applicable,Simple Injury,Not Applicable,Not Applicable,Not Applicable,State Highway,Bitumen(Tar),Dry,Not Applicable,Not Applicable,Doddaballapura Gowribidanuru Raod,Near petrol bunk,3,13.421162,77.5141729
Bengaluru Dist,Doddaballapura Rural PS,1.0442e+16,2019,1,1,Road Accidents,Other,Not Applicable,Open area,Not Applicable,No,Damage Only,Others,Not at  Junction,Others,Not Applicable,Not Applicable,Others,Not Applicable,Others,"Doddaballapura Gowribidanuru Raod Melinanayakandarahalli Gate Down,",Yes,12km,13.383501,77.508193
Bengaluru Dist,Doddaballapura Rural PS,1.0442e+16,2019,1,2,Road Accidents,Not Applicable,Rural Areas,Open area,Human Error,No,Fatal,Vehicle to Vehicle,Not Applicable,Curve and Incline,State Highway,Bitumen(Tar),Dry,Not Applicable,Fine,SH,Near Makali Durga Rly Stn,16 KM,13.434282,77.4901449
Bengaluru Dist,Doddaballapura Rural PS,1.0442e+16,2019,1,2,Road Accidents,Narrow road,Rural Areas,Open area,Not Applicable,No,Grievous Injury,Vehicle to Vehicle,Not Applicable,Others,Others,Bitumen(Tar),Dry,Not Applicable,Clear,Jinkebachahalli- Chikkatumakuru Road,Near Lakshamamma Tempal,8km,13.254452,77.534821
Bengaluru Dist,Doddaballapura Rural PS,1.0442e+16,2019,1,2,Road Accidents,Not Applicable,Rural Areas,Near Petrol Pump,Not Applicable,No,Grievous Injury,Vehicle to Vehicle,Not Applicable,Others,State Highway,Bitumen(Tar),Dry,Not Applicable,Clear,Gowribidnuru-Doddaballapura road,Near petrol bunk,4KM,13.335122,77.531247
Bengaluru Dist,Doddaballapura Rural PS,1.0442e+16,2019,1,1,Road Accidents,Not Applicable,Rural Areas,Narrow bridge or culverts,Not Applicable,Not Applicable,Damage Only,Not Applicable,Not Applicable,Others,Others,Bitumen(Tar),Dry,Not Applicable,Clear,Bengalore Doddaballapura road near Bashattihalli flay over Bridge,near fctory crical,120,13.260291,77.5529959
Bengaluru Dist,Doddaballapura Rural PS,1.0442e+16,2019,1,1,Road Accidents,Other,Rural Areas,Open area,Human Error,Not Applicable,Fatal,Hit pedestrian,Not Applicable,Straight and flat,State Highway,Bitumen(Tar),Dry,Not Applicable,Fine,SH-09,Infront of Kwality Bar & Restorent Palanajogahalli,3 KM,13.318094,77.536522
Bengaluru Dist,Doddaballapura Rural PS,1.0442e+16,2019,1,2,Road Accidents,Not Applicable,Rural Areas,Near a factory industrial area,Not Applicable,No,Grievous Injury,Not Applicable,Not Applicable,Others,Others,Not Applicable,Others,Not Applicable,Others,Doddaballapura Benagaluru Raod Bashettihalli Aperal Park Raod,Yes,6 kms,13.269196,77.559307
Bengaluru Dist,Doddaballapura Rural PS,1.0442e+16,2019,1,2,Road Accidents,Narrow road,Rural Areas,Near a factory industrial area,Not Applicable,No,Grievous Injury,Vehicle to Vehicle,No signal lights,Others,NH,Bitumen(Tar),Dry,No influence on accident,Clear,Doddaballapura Devanahalli Road,Near Growar Wine Factory,42.2,13.288368,77.577291
Bengaluru Dist,Doddaballapura Rural PS,1.0442e+16,2019,1,2,Road Accidents,Narrow road,Rural Areas,Near Hospital,Human Error,No,Grievous Injury,Vehicle to Vehicle,Controlled,Straight and flat,State Highway,Bitumen(Tar),Dry,Not Applicable,Fine,"Doddaballapura Bengaluru Road, Near Colambia Asia Hospital",Yes,8 Kms,13.271115,77.548026
Bengaluru Dist,Doddaballapura Rural PS,1.0442e+16,2020,1,1,Road Accidents,Narrow road,Rural Areas,Open area,Human Error,Yes,Fatal,Hit pedestrian,Not at  Junction,Others,NH,Bitumen(Tar),Dry,No influence on accident,Fine,DBpura to Doddabelavangala  NH 207 Road,Near Papanna land,5 Km,13.359529,77.64952
Bengaluru Dist,Doddaballapura Rural PS,1.0442e+16,2020,1,2,Road Accidents,Not Applicable,Rural Areas,Near School or College,Not Applicable,No,Grievous Injury,Vehicle to Vehicle,Not Applicable,Not Applicable,NH,Surfaced,Dry,Not Applicable,Fine,NH 207,NEAR VIDYA DHAN SCHOOL,"4 K,M",13.323068,77.476838
Bengaluru Dist,Doddaballapura Rural PS,1.0442e+16,2020,1,2,Road Accidents,Cross roads,Rural Areas,At pedestrian Crossing,Vehicle Defect,No,Simple Injury,Vehicle to Vehicle,Uncontrolled,Others,State Highway,Bitumen(Tar),Dry,Not Applicable,Clear,State Highway,Tar Road,10 kms,13.372164,77.509502
Bengaluru Dist,Doddaballapura Rural PS,1.0442e+16,2020,1,2,Road Accidents,Not Applicable,Rural Areas,Open area,Not Applicable,Yes,Fatal,Vehicle to Vehicle,Not Applicable,Others,NH,Bitumen(Tar),Dry,Not Applicable,Clear,Doddaballapura-Gowribidanuru Road,Near Munirajappa House,4 Kms,13.333128,77.531869
Bengaluru Dist,Doddaballapura Rural PS,1.0442e+16,2020,1,1,Road Accidents,Junction,Rural Areas,Open area,Not Applicable,No,Fatal,Hit pedestrian,Uncontrolled,Others,State Highway,Bitumen(Tar),Others,Not Applicable,Others,SH,Melinaykandrahalli villege,3,13.383207,77.510476
Bengaluru Dist,Doddaballapura Rural PS,1.0442e+16,2020,1,2,Road Accidents,Circle,Rural Areas,Open area,Human Error,Yes,Simple Injury,Vehicle to Vehicle,Uncontrolled,Others,Others,Bitumen(Tar),Dry,Not Applicable,Fine,DODDABALLAPURA -CHIKKABALLAPURA ROAD,13,13,13.364965,77.62595
Bengaluru Dist,Doddaballapura Rural PS,1.0442e+16,2020,1,2,Road Accidents,Cross roads,Rural Areas,Near Bus stop,Not Applicable,Not Applicable,Simple Injury,Not Applicable,Uncontrolled,Others,State Highway,Bitumen(Tar),Dry,Not Applicable,Others,Bengaluru Doddaballapura raod,TOWORD SOUTH 12 KMS,12 kms,13.262768,77.552948
Bengaluru Dist,Doddaballapura Rural PS,1.0442e+16,2020,1,1,Road Accidents,Cross roads,Rural Areas,Open area,Human Error,No,Grievous Injury,Hit pedestrian,Not Applicable,Not Applicable,Residential Street,Not Applicable,Dry,Not Applicable,Fine,Road,Cross,15 KM,13.339628,77.625002
Bengaluru Dist,Doddaballapura Rural PS,1.0442e+16,2020,1,1,Road Accidents,Narrow road,Rural Areas,Near Bus stop,Not Applicable,Not Applicable,Simple Injury,Hit animal,Not at  Junction,Others,Major District Road,Bitumen(Tar),Dry,Not Applicable,Clear,DODDABALLAPURA -CHIKKABALLAPURA ROAD,KEB POLL,8,13.3164,77.553388
Bengaluru Dist,Doddaballapura Rural PS,1.0442e+16,2020,1,2,Road Accidents,Narrow road,Rural Areas,Near or inside a village,Not Applicable,Not Applicable,Damage Only,Vehicle to Vehicle,Not at  Junction,Others,NH,Bitumen(Tar),Dry,No influence on accident,Clear,Devanahalli - Doddaballapura,KEB POLL,34,13.260834,77.542934
Bengaluru Dist,Doddaballapura Rural PS,1.0442e+16,2020,1,2,Road Accidents,Narrow road,Rural Areas,Open area,Human Error,No,Fatal,Vehicle to Vehicle,Not at  Junction,Others,State Highway,Bitumen(Tar),Dry,No influence on accident,Fine,DBpura To Nelamangal Road,Indo Boom Ploriculture Factory Nesr,8 Km,13.267619,77.530404
Bengaluru Dist,Doddaballapura Rural PS,1.0442e+16,2020,1,2,Road Accidents,Circle,Rural Areas,Near Bus stop,Not Applicable,No,Grievous Injury,Not Applicable,Not Applicable,Not Applicable,One way,Not Applicable,Not Applicable,Not Applicable,Fine,State Hiwya,Road Near Bus stop,8 KM,13.297811,77.533168
Bengaluru Dist,Doddaballapura Rural PS,1.0442e+16,2020,1,2,Road Accidents,Narrow road,Rural Areas,Near Bus stop,Human Error,No,Simple Injury,Vehicle to Vehicle,Not Applicable,Incline,Minor District Road,Not Applicable,Dry,Not Applicable,Fine,Road,Cross,12 KM,13.288131,77.576884
Bengaluru Dist,Doddaballapura Rural PS,1.0442e+16,2020,1,1,Road Accidents,Narrow road,City/Town,Open area,Human Error,No,Fatal,Hit pedestrian,Not at  Junction,Others,State Highway,Bitumen(Tar),Dry,No influence on accident,Fine,DBpura-Bangalore Road,Near Bharath Petrol Pump,8 KM,13.258757,77.553242
Bengaluru Dist,Doddaballapura Rural PS,1.0442e+16,2020,1,2,Road Accidents,Narrow road,Rural Areas,Near Bus stop,Human Error,No,Fatal,Hit animal,Not at  Junction,Straight and flat,State Highway,Bitumen(Tar),Dry,No influence on accident,Fine,DBpura-Gowribidanuru Road,Ramesh nayak shop front,10 KM,13.369134,77.515811
Bengaluru Dist,Doddaballapura Rural PS,1.0442e+16,2020,1,2,Road Accidents,Narrow road,Rural Areas,Near School or College,Not Applicable,Not Applicable,Simple Injury,Vehicle to Vehicle,Not Applicable,Not Applicable,Others,Bitumen(Tar),Dry,Not Applicable,Clear,Konagatta - Doddaballapura Road,Near Navodaya School,100,13.311094,77.5899329
Bengaluru Dist,Doddaballapura Rural PS,1.0442e+16,2020,1,1,Road Accidents,Narrow road,Rural Areas,Open area,Human Error,No,Fatal,Hit pedestrian,Not Applicable,Not Applicable,One way,Bitumen(Tar),Dry,Not Applicable,Fine,"Hosahudya cross, DBPura-Bangalore road",Near Hosahudya cross,8 km,13.411017,77.528994
Bengaluru Dist,Doddaballapura Rural PS,1.0442e+16,2020,1,2,Road Accidents,Not Applicable,City/Town,Narrow bridge or culverts,Not Applicable,No,Damage Only,Vehicle to Vehicle,Not Applicable,Not Applicable,NH,Bitumen(Tar),Dry,Not Applicable,Clear,NH 207,KEB POLE,30,13.305085,77.5475239
Bengaluru Dist,Doddaballapura Rural PS,1.0442e+16,2020,1,2,Road Accidents,Narrow road,Rural Areas,Open area,Human Error,No,Fatal,Vehicle to Vehicle,Not at  Junction,Straight and flat,State Highway,Bitumen(Tar),Dry,No influence on accident,Fine,Nelamangala-DBpura Road,Near Nagarjuna land,13 KM,13.239887,77.483795
Bengaluru Dist,Doddaballapura Rural PS,1.0442e+16,2020,1,2,Road Accidents,Circle,Rural Areas,Open area,Human Error,No,Grievous Injury,Vehicle to Vehicle,Controlled,Curve,Others,Bitumen(Tar),Dry,Not Applicable,Clear,Doddaballapura- Chikkababallapura Road,Sunnaghattahalli Cross,10 km,13.348285,77.553122
Bengaluru Dist,Doddaballapura Rural PS,1.0442e+16,2020,1,1,Road Accidents,Junction,Rural Areas,Open area,Not Applicable,No,Damage Only,Vehicle to Vehicle,Uncontrolled,Others,State Highway,Not Applicable,Others,Not Applicable,Others,SH9,SH,30,13.426863,77.513433
Bengaluru Dist,Doddaballapura Rural PS,1.0442e+16,2020,1,1,Road Accidents,Narrow road,Rural Areas,Open area,Human Error,No,Fatal,Not Applicable,Not at  Junction,Others,State Highway,Bitumen(Tar),Dry,No influence on accident,Others,Doddaballapura-chickballapura Road,Near Krishnappa house,6 KM,13.32803,77.597169
Bengaluru Dist,Doddaballapura Rural PS,1.0442e+16,2020,1,1,Road Accidents,Not Applicable,Rural Areas,Open area,Not Applicable,No,Damage Only,Hit pedestrian,Uncontrolled,Others,Others,Not Applicable,Others,Not Applicable,Snow,Other Road,S Nagenahalli,1,13.369308,77.545401
Bengaluru Dist,Doddaballapura Rural PS,1.0442e+16,2020,1,1,Not Applicable,Not Applicable,Rural Areas,Open area,Vehicle Defect,Not Applicable,Grievous Injury,Hit bicyclist,Uncontrolled,Others,Others,Not Applicable,Others,Not Applicable,Others,Other Road,Maralenahalli,6,13.327329,77.475235
Bengaluru Dist,Doddaballapura Rural PS,1.0442e+16,2020,1,1,Road Accidents,Curves,Rural Areas,Open area,Human Error,No,Fatal,Not Applicable,Not at  Junction,Curve,Others,Bitumen(Tar),Dry,No influence on accident,Fine,Chikkatumakuru-Majarahosahalli,Near Lakshmamma Land,8 KM,13.26292,77.532534
Bengaluru Dist,Doddaballapura Rural PS,1.0442e+16,2020,1,2,Road Accidents,Curves,Rural Areas,Open area,Human Error,No,Simple Injury,Vehicle to Vehicle,Not Applicable,Curve,State Highway,Bitumen(Tar),Dry,Not Applicable,Fine,State High way,Makali,14 KM,13.412133,77.510635
Bengaluru Dist,Doddaballapura Rural PS,1.0442e+16,2020,1,1,Road Accidents,Not Applicable,Rural Areas,Open area,Not Applicable,No,Simple Injury,Hit pedestrian,Uncontrolled,Others,Others,Not Applicable,Others,Not Applicable,Others,SH9,Bashettyhalli,30,13.25863,77.567223
Bengaluru Dist,Doddaballapura Rural PS,1.0442e+16,2020,1,1,Road Accidents,Narrow road,Rural Areas,Open area,Not Applicable,No,Simple Injury,Not Applicable,Not Applicable,Others,One way,Not Applicable,Dry,Not Applicable,Fine,Road,Village,5KM,13.29745,77.569763
Bengaluru Dist,Doddaballapura Rural PS,1.0442e+16,2020,1,1,Road Accidents,Narrow road,City/Town,Near Bus stop,Human Error,No,Simple Injury,Hit bicyclist,Not Applicable,Not Applicable,One way,Not Applicable,Dry,Not Applicable,Fine,Fine,Narow Road,5 KM,13.331578,77.53212
Bengaluru Dist,Doddaballapura Rural PS,1.0442e+16,2020,1,1,Road Accidents,Not Applicable,Rural Areas,Near office complex,Not Applicable,No,Simple Injury,Not Applicable,Not Applicable,Not Applicable,State Highway,Bitumen(Tar),Dry,Not Applicable,Clear,Doddaballapura- Bangalore Road,Near JP Grand Hotel,4 Kms,13.264441,77.552758
Bengaluru Dist,Doddaballapura Rural PS,1.0442e+16,2020,1,1,Rail Road Accidents,Narrow road,Rural Areas,Near or inside a village,Not Applicable,Not Applicable,Damage Only,Not Applicable,Not at  Junction,Others,Others,Bitumen(Tar),Dry,Not Applicable,Clear,Chikkaballapur-Doddaballapur,Near Nilagiri Tree,7,13.352539,77.655463
Bengaluru Dist,Doddaballapura Rural PS,1.0442e+16,2020,1,2,Road Accidents,Curves,Rural Areas,Open area,Human Error,No,Fatal,Vehicle to Vehicle,Not at  Junction,Others,State Highway,Bitumen(Tar),Dry,No influence on accident,Fine,DBpura to Gowribidanur Road,Near Lakshminarasimhaswamy kalyan mantap,4 KM,13.366218,77.626473
Bengaluru Dist,Doddaballapura Rural PS,1.0442e+16,2020,1,2,Road Accidents,Narrow road,Rural Areas,Residential area,Human Error,No,Fatal,Vehicle to Vehicle,Not at  Junction,Others,Others,Bitumen(Tar),Dry,No influence on accident,Fine,Tubagere-Melekote Road,Manjunatha New House near,6 KM,13.363066,77.6149
Bengaluru Dist,Doddaballapura Rural PS,1.0442e+16,2020,1,2,Road Accidents,Cross roads,Rural Areas,Open area,Not Applicable,No,Grievous Injury,Vehicle to Vehicle,Uncontrolled,Others,State Highway,Bitumen(Tar),Others,Not Applicable,Others,SH9,Bashettyhalli,30,13.27261,77.552371
Bengaluru Dist,Doddaballapura Rural PS,1.0442e+16,2020,1,1,Road Accidents,Road hump or Rumble strips,Rural Areas,Near Petrol Pump,Human Error,No,Simple Injury,Vehicle to Vehicle,Controlled,Others,NH,Bitumen(Tar),Dry,Not Applicable,Snow,Dabaspete-Doddaballapura,Kurubarahalli,6,13.306027,77.524888
Bengaluru Dist,Doddaballapura Rural PS,1.0442e+16,2020,1,2,Road Accidents,Circle,Rural Areas,Open area,Human Error,No,Grievous Injury,Vehicle to Vehicle,Not Applicable,Curve,Others,Bitumen(Tar),Dry,Not Applicable,Clear,Kadanuru-Marasandra,0,10 km,13.239521,77.48377
Bengaluru Dist,Doddaballapura Rural PS,1.0442e+16,2020,1,1,Road Accidents,Narrow road,Rural Areas,Open area,Human Error,No,Fatal,Not Applicable,Not at  Junction,Others,Others,Bitumen(Tar),Dry,No influence on accident,Fine,Kaddipudi Factory-Konaghatta Road,Near Grovar Grape Garden,5 Km,13.288318,77.577011
Bengaluru Dist,Doddaballapura Rural PS,1.0442e+16,2020,1,1,Road Accidents,Not Applicable,Rural Areas,Residential area,Human Error,No,Grievous Injury,Hit pedestrian,Not at  Junction,Not Applicable,Others,Bitumen(Tar),Dry,Not Applicable,Clear,Konaghatta- Kodihalli Road,0,0,13.312191,77.540342
Bengaluru Dist,Doddaballapura Rural PS,1.0442e+16,2020,1,2,Road Accidents,Narrow road,Rural Areas,Open area,Human Error,No,Fatal,Vehicle to Vehicle,Not at  Junction,Straight and flat,Two way,Bitumen(Tar),Dry,No influence on accident,Fine,Bashettahalli To Veerapura Road,Kittappa Land Near,10 KM,13.259591,77.546542
Bengaluru Dist,Doddaballapura Rural PS,1.0442e+16,2020,1,1,Road Accidents,Circle,Rural Areas,Open area,Human Error,No,Grievous Injury,Hit bicyclist,Uncontrolled,Not Applicable,State Highway,Bitumen(Tar),Dry,Not Applicable,Fine,State Highway,Bank sarcale,5KM,13.25921,77.553346
Bengaluru Dist,Doddaballapura Rural PS,1.0442e+16,2020,1,2,Road Accidents,Narrow road,Rural Areas,Open area,Not Applicable,Not Applicable,Grievous Injury,Hit bicyclist,Not Applicable,Others,Others,Bitumen(Tar),Dry,Not Applicable,Clear,Doddaballapura Konagatta,Near Nilagiri Tree,19,13.292832,77.56912
Bengaluru Dist,Doddaballapura Rural PS,1.0442e+16,2020,1,1,Road Accidents,Not Applicable,Rural Areas,Near Bus stop,Human Error,No,Damage Only,Vehicle to Vehicle,Not Applicable,Others,One way,Not Applicable,Dry,Not Applicable,Others,Fine,Fine,8 KM,13.276753,77.575992
Bengaluru Dist,Doddaballapura Rural PS,1.0442e+16,2020,1,2,Road Accidents,Narrow road,Rural Areas,Near School or College,Not Applicable,Not Applicable,Grievous Injury,Vehicle to Vehicle,Not Applicable,Others,NH,Bitumen(Tar),Dry,Not Applicable,Clear,Dobbaspet-Bangalore Road,KEB POLL,28,13.303001,77.511229
Bengaluru Dist,Doddaballapura Rural PS,1.0442e+16,2020,1,3,Road Accidents,Junction,Rural Areas,Near Petrol Pump,Human Error,No,Grievous Injury,Vehicle to Vehicle,Controlled,Others,State Highway,Not Applicable,Dry,Not Applicable,Clear,Chikkaballapura-Doddaballapura Road,Rajaghatta Petrol Bunk Oppo,0,13.418648,77.6125679
Bengaluru Dist,Doddaballapura Rural PS,1.0442e+16,2020,1,2,Road Accidents,Narrow road,Rural Areas,Open area,Human Error,Not Applicable,Fatal,Vehicle to Vehicle,Not Applicable,Not Applicable,State Highway,Bitumen(Tar),Dry,Not Applicable,Fine,Doddaballapura-gowribidanuru road,forest area,12,13.260531,77.542877
Bengaluru Dist,Doddaballapura Rural PS,1.0442e+16,2020,1,2,Road Accidents,Not Applicable,Rural Areas,Open area,Not Applicable,No,Fatal,Vehicle to Vehicle,Not Applicable,Others,Others,Not Applicable,Dry,Not Applicable,Clear,Raghunathapura Railway Station Road,Near Rashi Layout,6 km,13.287843,77.576809
Bengaluru Dist,Doddaballapura Rural PS,1.0442e+16,2020,1,2,Road Accidents,Circle,Rural Areas,Open area,Not Applicable,No,Simple Injury,Vehicle to Vehicle,Not Applicable,Others,State Highway,Bitumen(Tar),Dry,Not Applicable,Clear,Bangalore Doddaballapura Road,Factary Circal Near Bangalore Doddaballapura Road,8 KMS,13.245844,77.551933