DISTRICTNAME,UNITNAME,Crime_No,Year,RI,Noofvehicle_involved,Accident_Classification,Accident_Spot,Accident_Location,Accident_SubLocation,Main_Cause,Hit_Run,Severity,Collision_Type,Junction_Control,Road_Character,Road_Type,Surface_Type,Surface_Condition,Road_Condition,Weather,Accident_Road,Landmark_first,Distance_LandMark_First,Latitude,Longitude
Bengaluru Dist,Doddaballapura Rural PS,1.0442e+16,2021,1,2,Road Accidents,Not Applicable,Rural Areas,Near or inside a village,Not Applicable,Yes,Fatal,Vehicle to Vehicle,Not Applicable,Not Applicable,Not Applicable,Not Applicable,Dry,Not Applicable,Clear,DB Pura-Gowribidanuru Road,near petrol bunk,3 KM,0.0,0.0
Bengaluru Dist,Doddaballapura Rural PS,1.0442e+16,2021,1,2,Road Accidents,Not Applicable,Rural Areas,Open area,Not Applicable,No,Fatal,Vehicle to Vehicle,Not Applicable,Not Applicable,Not Applicable,Surfaced,Dry,Not Applicable,Clear,DB pura-dabsapete road,near kurabarahalli Reshme office,3 KM,13.305802,77.526889
Bengaluru Dist,Doddaballapura Rural PS,1.0442e+16,2021,1,1,Road Accidents,Circle,Rural Areas,Near Bus stop,Human Error,No,Fatal,Hit pedestrian,Not Applicable,Not Applicable,State Highway,Not Applicable,Dry,Pot holed,Fine,NH,Bus stop,10 KM,13.372029,77.509643
Bengaluru Dist,Doddaballapura Rural PS,1.0442e+16,2021,1,1,Road Accidents,Narrow road,Rural Areas,Near Bus stop,Human Error,Not Applicable,Simple Injury,Not Applicable,Not Applicable,Not Applicable,One way,Not Applicable,Dry,Not Applicable,Fine,Hay road,schol,5 KM,13.303234,77.5105919
Bengaluru Dist,Doddaballapura Rural PS,1.0442e+16,2021,1,2,Road Accidents,Not Applicable,Rural Areas,Open area,Not Applicable,Not Applicable,Simple Injury,Vehicle to Vehicle,Not Applicable,Straight and flat,State Highway,Bitumen(Tar),Dry,Not Applicable,Clear,bank circle,bank circle,8 KM,13.258678,77.552678
Bengaluru Dist,Doddaballapura Rural PS,1.0442e+16,2021,1,2,Road Accidents,Not Applicable,Rural Areas,Near a factory industrial area,Not Applicable,No,Fatal,Vehicle to Vehicle,Not Applicable,Not Applicable,Not Applicable,Not Applicable,Others,Not Applicable,Not Applicable,DB Pura-Gowribidanuru Road,brekas,10 KM,13.265282,77.552714
Bengaluru Dist,Doddaballapura Rural PS,1.0442e+16,2021,1,2,Road Accidents,Circle,Rural Areas,Near Bus stop,Human Error,No,Simple Injury,Vehicle to Vehicle,Not Applicable,Curve,One way,Bitumen(Tar),Dry,Not Applicable,Fine,village road,land,15 km,13.240728,77.498959
Bengaluru Dist,Doddaballapura Rural PS,1.0442e+16,2021,1,1,Road Accidents,Not Applicable,Rural Areas,Open area,Not Applicable,Yes,Simple Injury,Not Applicable,Not Applicable,Others,Others,Bitumen(Tar),Dry,Not Applicable,Clear,Scout camp Railway Station Road,Near Indinan Bank,5 Kms,13.372239,77.578991
Bengaluru Dist,Doddaballapura Rural PS,1.0442e+16,2021,1,2,Road Accidents,Not Applicable,Rural Areas,Near School or College,Human Error,Not Applicable,Simple Injury,Vehicle to Vehicle,Not Applicable,Not Applicable,NH,Not Applicable,Not Applicable,Not Applicable,Not Applicable,Jalappa College to Kodigehalli,8,5 km,13.300692,77.523615
Bengaluru Dist,Doddaballapura Rural PS,1.0442e+16,2021,1,1,Road Accidents,Narrow road,Rural Areas,Near a factory industrial area,Not Applicable,Not Applicable,Fatal,Not Applicable,Not Applicable,Others,Others,Bitumen(Tar),Dry,Not Applicable,Clear,Doddaballapura- Devanahalli Road,Near Arehalli Guddadahalli,5 Kms,13.277098,77.574698
Bengaluru Dist,Doddaballapura Rural PS,1.0442e+16,2021,1,2,Road Accidents,Not Applicable,Rural Areas,Open area,Not Applicable,No,Damage Only,Vehicle to Vehicle,Not Applicable,Others,Others,Bitumen(Tar),Dry,Not Applicable,Clear,Doddaballapura-Madagondanahalli Road,Near Chandramouleshwara Layout,6 KM,13.311989,77.53211
Bengaluru Dist,Doddaballapura Rural PS,1.0442e+16,2021,1,2,Road Accidents,Narrow road,Rural Areas,Near or inside a village,Not Applicable,No,Simple Injury,Hit bicyclist,Not Applicable,Not Applicable,Others,Bitumen(Tar),Dry,Not Applicable,Clear,Chikkathumakuru - Doddaballapura Road,GOSLOW NOTICE BORDA,79.9,13.274324,77.534506
Bengaluru Dist,Doddaballapura Rural PS,1.0442e+16,2021,1,2,Road Accidents,Cross roads,Rural Areas,Near or inside a village,Human Error,No,Simple Injury,Vehicle to Vehicle,Not Applicable,Others,One way,Not Applicable,Dry,Not Applicable,Fine,fine,near bustand,200mt,13.30477,77.485342
Bengaluru Dist,Doddaballapura Rural PS,1.0442e+16,2021,1,1,Road Accidents,Narrow road,Rural Areas,Near Bus stop,Human Error,No,Fatal,Not Applicable,Not Applicable,Others,State Highway,Not Applicable,Not Applicable,Not Applicable,Fine,Fine,Bus stop,12 KM,13.305163,77.524499
Bengaluru Dist,Doddaballapura Rural PS,1.0442e+16,2021,1,1,Road Accidents,Circle,Rural Areas,Near Bus stop,Not Applicable,No,Grievous Injury,Hit pedestrian,Not Applicable,Others,State Highway,Bitumen(Tar),Dry,Not Applicable,Clear,Doddaballapura- Bangalore Road,Near Bank Crical,5 Kms,13.26135,77.554036
Bengaluru Dist,Doddaballapura Rural PS,1.0442e+16,2021,1,1,Road Accidents,Not Applicable,Rural Areas,Open area,Not Applicable,Yes,Grievous Injury,Hit pedestrian,Not Applicable,Others,State Highway,Bitumen(Tar),Dry,Not Applicable,Clear,Doddaballapura Bangalore Road,Near JP Palace,5 Km,13.26528,77.552675
Bengaluru Dist,Doddaballapura Rural PS,1.0442e+16,2021,1,2,Road Accidents,Not Applicable,Rural Areas,Near Petrol Pump,Not Applicable,No,Grievous Injury,Vehicle to Vehicle,Not Applicable,Not Applicable,Not Applicable,Not Applicable,Not Applicable,Not Applicable,Clear,Doddaballapura-Gowribidanuru road,North west one KEB POLE,15km,0.0,0.0
Bengaluru Dist,Doddaballapura Rural PS,1.0442e+16,2021,1,1,Road Accidents,Not Applicable,Rural Areas,Open area,Not Applicable,No,Fatal,Not Applicable,Not Applicable,Others,Others,Bitumen(Tar),Dry,Not Applicable,Clear,Near Namratha Form,Near Namratha Form,6 KM,13.312683,77.513521
Bengaluru Dist,Doddaballapura Rural PS,1.0442e+16,2021,1,1,Road Accidents,Not Applicable,Rural Areas,Open area,Human Error,No,Fatal,Not Applicable,Not at  Junction,Others,State Highway,Bitumen(Tar),Dry,Not Applicable,Clear,Chennapura,Near Kuchammana Kere,15 KM,13.27625,77.577781
Bengaluru Dist,Doddaballapura Rural PS,1.0442e+16,2021,1,2,Road Accidents,Narrow road,Rural Areas,Near or inside a village,Not Applicable,Not Applicable,Damage Only,Vehicle to Vehicle,Not Applicable,Others,State Highway,Bitumen(Tar),Dry,Not Applicable,Clear,Doddaballapura-Gowribidanuru road,Gangamma Temple,48,13.273409,77.554438
Bengaluru Dist,Doddaballapura Rural PS,1.0442e+16,2021,1,2,Road Accidents,Not Applicable,Rural Areas,Open area,Not Applicable,No,Simple Injury,Hit animal,Not Applicable,Not Applicable,State Highway,Bitumen(Tar),Dry,Not Applicable,Clear,Doddaballapura-Gowribidanuru Road,Near Anjaneya swamy Temple,10Kms,13.382355,77.507648
Bengaluru Dist,Doddaballapura Rural PS,1.0442e+16,2021,1,2,Road Accidents,Not Applicable,Rural Areas,Open area,Human Error,No,Grievous Injury,Vehicle to Vehicle,Not Applicable,Straight and flat,NH,Bitumen(Tar),Dry,Not Applicable,Clear,Near Mestru mane cross,Near Mestru mane cross,7 KM,13.446666,77.490552
Bengaluru Dist,Doddaballapura Rural PS,1.0442e+16,2021,1,1,Road Accidents,Narrow road,Rural Areas,Open area,Human Error,Not Applicable,Simple Injury,Not Applicable,Not Applicable,Others,State Highway,Surfaced,Others,Not Applicable,Others,Near Aralumallige,breaks,10 KM,13.271544,77.504729
Bengaluru Dist,Doddaballapura Rural PS,1.0442e+16,2021,1,1,Road Accidents,Narrow road,Rural Areas,Near or inside a village,Road Environment Defect,Not Applicable,Fatal,Not Applicable,Not Applicable,Not Applicable,One way,Not Applicable,Not Applicable,Not Applicable,Others,Malekoti Road,18 feet tar Road,5 Km,0.0,0.0
Bengaluru Dist,Doddaballapura Rural PS,1.0442e+16,2021,1,1,Road Accidents,Narrow road,Rural Areas,Near or inside a village,Human Error,Not Applicable,Fatal,Not Applicable,Not Applicable,Not Applicable,NH,Concrete,Others,Not Applicable,Not Applicable,Doddaballapura - Dabaspete Road,Infront Of Dattu Farm,5 Kms,13.301189,77.499467
Bengaluru Dist,Doddaballapura Rural PS,1.0442e+16,2021,1,2,Road Accidents,Circle,Rural Areas,Near Petrol Pump,Not Applicable,No,Fatal,Vehicle to Vehicle,Not Applicable,Others,State Highway,Bitumen(Tar),Dry,Not Applicable,Clear,Bangalore Doddaballapura Road,Near Indian oil Petrol Bunk,5 Kms,13.261883,77.553848
Bengaluru Dist,Doddaballapura Rural PS,1.0442e+16,2021,1,2,Road Accidents,Narrow road,Rural Areas,Near Bus stop,Human Error,No,Simple Injury,Vehicle to Vehicle,Not Applicable,Not Applicable,One way,Not Applicable,Dry,Not Applicable,Very Hot,Fine,Fine,12 KM,13.260694,77.554024
Bengaluru Dist,Doddaballapura Rural PS,1.0442e+16,2021,1,2,Road Accidents,Cross roads,Rural Areas,Open area,Not Applicable,No,Fatal,Vehicle to Vehicle,Uncontrolled,Others,Others,Not Applicable,Others,Not Applicable,Others,Doddaballapura-S.S.Ghati Road,Hadonahalli Panchaythi Office,6 KM,13.31242,77.5401009
Bengaluru Dist,Doddaballapura Rural PS,1.0442e+16,2021,1,2,Not Applicable,Not Applicable,Rural Areas,Near Petrol Pump,Human Error,Not Applicable,Simple Injury,Vehicle to Vehicle,No signal lights,Others,State Highway,Surfaced,Others,Not Applicable,Not Applicable,Bangalore Doddaballapura Road,Near one electrical Kamba,10 KM,13.239432,77.551291
Bengaluru Dist,Doddaballapura Rural PS,1.0442e+16,2021,1,1,Road Accidents,Not Applicable,Rural Areas,Open area,Not Applicable,No,Simple Injury,Hit pedestrian,Not Applicable,Others,State Highway,Bitumen(Tar),Dry,Not Applicable,Clear,Doddaballapura-Gowribidanuru Road,Near Mallikarjunappa Estate,12kms,13.369327,77.515417
Bengaluru Dist,Doddaballapura Rural PS,1.0442e+16,2021,1,3,Road Accidents,Curves,Rural Areas,Open area,Not Applicable,Not Applicable,Grievous Injury,Vehicle to Vehicle,Not Applicable,Curve,State Highway,Bitumen(Tar),Dry,Not Applicable,Clear,Near Makali Forest,Near Makali Forest,10 KM,13.382382,77.50787
Bengaluru Dist,Doddaballapura Rural PS,1.0442e+16,2021,1,2,Road Accidents,Not Applicable,Rural Areas,Open area,Not Applicable,Not Applicable,Grievous Injury,Vehicle to Vehicle,Not at  Junction,Not Applicable,State Highway,Bitumen(Tar),Dry,Not Applicable,Clear,Bangaluru- Doddaballapura Road,Esslor Factory,79.9,13.245159,77.552043
Bengaluru Dist,Doddaballapura Rural PS,1.0442e+16,2021,1,2,Road Accidents,Narrow road,Rural Areas,Open area,Human Error,Not Applicable,Simple Injury,Vehicle to Vehicle,Not Applicable,Not Applicable,Others,Not Applicable,Not Applicable,Not Applicable,Others,Scout Camp Road near Sarvajna Nagar,Near Apearal Park,3km,13.279964,77.558776
Bengaluru Dist,Doddaballapura Rural PS,1.0442e+16,2021,1,2,Road Accidents,Narrow road,Rural Areas,Open area,Human Error,No,Fatal,Vehicle to Vehicle,Not at  Junction,Not Applicable,State Highway,Bitumen(Tar),Dry,No influence on accident,Fine,D.B.Pura-Bangalore Road,Prakruthi lay out,8 KM,13.313082,77.5394579
Bengaluru Dist,Doddaballapura Rural PS,1.0442e+16,2021,1,2,Road Accidents,Not Applicable,Rural Areas,Near School or College,Not Applicable,No,Grievous Injury,Vehicle to Vehicle,Not Applicable,Others,State Highway,Bitumen(Tar),Dry,Not Applicable,Clear,Dabaspete - Doddaballapura Road,Near Govt School,5 kms,13.215656,77.523273
Bengaluru Dist,Doddaballapura Rural PS,1.0442e+16,2021,1,2,Road Accidents,Not Applicable,Rural Areas,Near a factory industrial area,Not Applicable,Not Applicable,Grievous Injury,Vehicle to Vehicle,Not Applicable,Others,Others,Bitumen(Tar),Dry,Not Applicable,Clear,Aluru Duddanahalli - Bank Circal Road,Near Ajax Factory,5 Kms,13.318943,77.615752
Bengaluru Dist,Doddaballapura Rural PS,1.0442e+16,2021,1,1,Road Accidents,Not Applicable,Rural Areas,Near Bus stop,Not Applicable,Not Applicable,Fatal,Not Applicable,Not Applicable,Curve,Others,Not Applicable,Others,Not Applicable,Others,Near Rajaghatta Bustop,Rajaghatta Bustop,5 Kms,13.326295,77.59167
Bengaluru Dist,Doddaballapura Rural PS,1.0442e+16,2021,1,1,Not Applicable,Narrow road,City/Town,Near a factory industrial area,Human Error,Not Applicable,Simple Injury,Not Applicable,Not Applicable,Others,NH,Not Applicable,Not Applicable,Not Applicable,Others,Devanahalli-Doddaballapura Road,Near Factory Circle,5,13.293915,77.566481
Bengaluru Dist,Doddaballapura Rural PS,1.0442e+16,2021,1,2,Road Accidents,Cross roads,Rural Areas,Open area,Not Applicable,No,Damage Only,Vehicle to Vehicle,Not Applicable,Not Applicable,Not Applicable,Not Applicable,Dry,Not Applicable,Clear,DODDABALAPUR-DABASPETE ROAD,NEAR Reshme dipartment,10,0.0,0.0
Bengaluru Dist,Doddaballapura Rural PS,1.0442e+16,2021,1,1,Road Accidents,Circle,Rural Areas,Open area,Human Error,No,Fatal,Hit pedestrian,No signal lights,Others,NH,Not Applicable,Dry,Not Applicable,Clear,Doddballapur Dodabas pet road,Doddamma temple,2,13.306598,77.531645
Bengaluru Dist,Doddaballapura Rural PS,1.0442e+16,2021,1,2,Road Accidents,Not Applicable,Rural Areas,Open area,Human Error,Not Applicable,Fatal,Not Applicable,Not Applicable,Others,Not Applicable,Not Applicable,Not Applicable,Not Applicable,Others,Dabaspete - Doddaballapura Road,Kesturu Gate,5 Km,13.298883,77.485828
Bengaluru Dist,Doddaballapura Rural PS,1.0442e+16,2021,1,2,Road Accidents,Narrow road,Rural Areas,Near Petrol Pump,Not Applicable,Yes,Simple Injury,Vehicle to Vehicle,Signal lights Automatic,Not Applicable,State Highway,Bitumen(Tar),Dry,Not Applicable,Clear,Gowribidanuru-Doddaballapura Road,HMS Lorry Garage,98.2,13.317968,77.536601
Bengaluru Dist,Doddaballapura Rural PS,1.0442e+16,2022,1,3,Road Accidents,Curves,Rural Areas,Open area,Human Error,No,Simple Injury,Vehicle to Vehicle,Not Applicable,Curve,Others,Not Applicable,Dry,Not Applicable,Clear,Bengalore - Doddaballapur Road,Pindakuruthimmanahalli dairy nera,100m,13.315978,77.551983
Bengaluru Dist,Doddaballapura Rural PS,1.0442e+16,2022,1,2,Road Accidents,Railway crossing,Rural Areas,Open area,Human Error,Not Applicable,Fatal,Vehicle to Vehicle,Not Applicable,Others,Others,Not Applicable,Others,Not Applicable,Others,Makalidurga Railway Bridge,Near Railway Bridge,5 Km,13.408746,77.511771
Bengaluru Dist,Doddaballapura Rural PS,1.0442e+16,2022,1,2,Road Accidents,Not Applicable,Rural Areas,Near or inside a village,Not Applicable,Not Applicable,Not Applicable,Vehicle to Vehicle,Not Applicable,Not Applicable,Others,Not Applicable,Dry,Not Applicable,Clear,Melekote-Tubagere Road,near Kuruvigere corss,18km,13.358251,77.59417
Bengaluru Dist,Doddaballapura Rural PS,1.0442e+16,2022,1,2,Not Applicable,Cross roads,Rural Areas,Open area,Human Error,No,Fatal,Hit bicyclist,Not Applicable,Curve,Others,Not Applicable,Dry,Not Applicable,Clear,Jalappa College Road,Near College,2KM,13.300725,77.522576
Bengaluru Dist,Doddaballapura Rural PS,1.0442e+16,2022,1,1,Road Accidents,Narrow road,City/Town,Open area,Human Error,Yes,Simple Injury,Not Applicable,Not Applicable,Not Applicable,State Highway,Not Applicable,Not Applicable,Not Applicable,Clear,Nandibetta Cross - Heggadihalli Road,Near Nandi Cross,5 Km,13.261266,77.543234
Bengaluru Dist,Doddaballapura Rural PS,1.0442e+16,2022,1,2,Road Accidents,Narrow road,Rural Areas,Open area,Human Error,Not Applicable,Simple Injury,Vehicle to Vehicle,Not Applicable,Straight and flat,Not Applicable,Metalled,Muddy,Not Applicable,Clear,Doddaballapura - Dabaspete Road,Near Kurubarahalli Gate,5Km,13.361977,77.575141
Bengaluru Dist,Doddaballapura Rural PS,1.0442e+16,2022,1,2,Road Accidents,Railway crossing,Rural Areas,Open area,Human Error,Not Applicable,Fatal,Vehicle to Vehicle,Not Applicable,Others,Others,Not Applicable,Not Applicable,Not Applicable,Others,Sout camp road,Near Railway Station,5km,13.27995,77.5587139
Bengaluru Dist,Doddaballapura Rural PS,1.0442e+16,2022,1,2,Road Accidents,Not Applicable,Rural Areas,Near or inside a village,Human Error,Yes,Simple Injury,Vehicle to Vehicle,Not Applicable,Not Applicable,Others,Bitumen(Tar),Others,Not Applicable,Others,Chikkaballpur- Doddaballapur Road,Mini Water Tank,7,13.325794,77.594339
Bengaluru Dist,Doddaballapura Rural PS,1.0442e+16,2022,1,2,Road Accidents,Narrow road,Rural Areas,In bazaar,Human Error,No,Fatal,Vehicle to Vehicle,Not Applicable,Others,Others,Not Applicable,Others,Not Applicable,Others,Kodigehalli Road,Near Provision Store,5 Km,13.302154,77.513824
Bengaluru Dist,Doddaballapura Rural PS,1.0442e+16,2022,1,2,Road Accidents,Narrow road,Rural Areas,Near Petrol Pump,Human Error,No,Simple Injury,Vehicle to Vehicle,Uncontrolled,Not Applicable,State Highway,Bitumen(Tar),Dry,Not Applicable,Clear,Doddaballapur To Gouribidanoor Road Near Petrol Pump,Near Petrol Pump,120 Ft,0.0,0.0
Bengaluru Dist,Doddaballapura Rural PS,1.0442e+16,2022,1,2,Road Accidents,Not Applicable,Rural Areas,Near a factory industrial area,Human Error,Not Applicable,Simple Injury,Vehicle to Vehicle,Uncontrolled,Others,Others,Not Applicable,Others,Not Applicable,Others,Near Y.J.Cutting corporation Pvt Lmt roads,Near Factory,5km,13.260656,77.554489
Bengaluru Dist,Doddaballapura Rural PS,1.0442e+16,2022,1,1,Road Accidents,Circle,Rural Areas,Open area,Not Applicable,Not Applicable,Fatal,Not Applicable,Not Applicable,Not Applicable,NH,Bitumen(Tar),Dry,Not Applicable,Clear,Doddaballapura - Devanahalli Road,Near L& T Factory,5 KMS,0.0,0.0
Bengaluru Dist,Doddaballapura Rural PS,1.0442e+16,2022,1,2,Road Accidents,Narrow road,Rural Areas,Open area,Human Error,No,Not Applicable,Vehicle to Vehicle,Not Applicable,Others,Others,Surfaced,Others,Not Applicable,Others,Tipparura-Doddaballapira Road,Near Provision Store,5 Km,13.339757,77.540391
Bengaluru Dist,Doddaballapura Rural PS,1.0442e+16,2022,1,2,Road Accidents,Narrow road,Rural Areas,Open area,Human Error,Yes,Grievous Injury,Vehicle to Vehicle,Uncontrolled,Others,State Highway,Not Applicable,Dry,Not Applicable,Fine,Road,Village,10 KM,13.311329,77.602561
Bengaluru Dist,Doddaballapura Rural PS,1.0442e+16,2022,1,1,Road Accidents,Not Applicable,Rural Areas,Open area,Human Error,Yes,Fatal,Hit pedestrian,Not Applicable,Others,Major District Road,Bitumen(Tar),Others,Not Applicable,Others,Doddaballapur - Gowribidanuru Road,front Gundum gere cross busstop,100m,13.371954,77.509774
Bengaluru Dist,Doddaballapura Rural PS,1.0442e+16,2022,1,1,Road Accidents,Narrow road,Rural Areas,Open area,Not Applicable,Yes,Simple Injury,Hit pedestrian,Not Applicable,Not Applicable,Minor District Road,Bitumen(Tar),Dry,Not Applicable,Clear,Jakkalumadagu  - Doddaballapura road,KEB Poll,25,13.338193,77.567311
Bengaluru Dist,Doddaballapura Rural PS,1.0442e+16,2022,1,2,Road Accidents,Cross roads,Rural Areas,Open area,Human Error,No,Simple Injury,Vehicle to Vehicle,Uncontrolled,Others,State Highway,Bitumen(Tar),Others,Not Applicable,Others,Gowribidanoru-Doddaballapura Road,Near Gundamagere Cross,1.5,13.373279,77.508123
Bengaluru Dist,Doddaballapura Rural PS,1.0442e+16,2022,1,2,Road Accidents,Not Applicable,Rural Areas,Open area,Human Error,Not Applicable,Fatal,Vehicle to Vehicle,Not Applicable,Not Applicable,Not Applicable,Not Applicable,Others,Not Applicable,Others,Gowribidanoru-Doddaballapura Road,Near Tippunagar,5 km,13.410411,77.52868
Bengaluru Dist,Doddaballapura Rural PS,1.0442e+16,2022,1,2,Road Accidents,Narrow road,Rural Areas,Open area,Not Applicable,No,Grievous Injury,Vehicle to Vehicle,Not Applicable,Not Applicable,Not Applicable,Not Applicable,Not Applicable,Not Applicable,Clear,Doddaballapura-Gowribidanuru road,near charch,3,13.260704,77.553794
Bengaluru Dist,Doddaballapura Rural PS,1.0442e+16,2022,1,1,Not Applicable,Not Applicable,Rural Areas,Open area,Human Error,No,Fatal,Not Applicable,Not Applicable,Others,Major District Road,Bitumen(Tar),Others,Not Applicable,Others,Konagatt - Doddaballapur road,front of shivapur Vidyaniketan school,200m,13.308597,77.57111
Bengaluru Dist,Doddaballapura Rural PS,1.0442e+16,2022,1,2,Road Accidents,Not Applicable,City/Town,Near School or College,Human Error,Not Applicable,Simple Injury,Vehicle to Vehicle,Not Applicable,Others,State Highway,Not Applicable,Others,Not Applicable,Clear,Doddaballapura - Dabaspete Road,Near Kongadiyappa School,5Km,13.303244,77.511111
Bengaluru Dist,Doddaballapura Rural PS,1.0442e+16,2022,1,2,Road Accidents,Circle,Rural Areas,Near Bus stop,Human Error,Yes,Fatal,Vehicle to Vehicle,Stop sign,Others,Major District Road,Bitumen(Tar),Dry,Not Applicable,Clear,MUKKENAHALL CROSS,6,12,13.34377,77.619526
Bengaluru Dist,Doddaballapura Rural PS,1.0442e+16,2022,1,2,Road Accidents,Not Applicable,City/Town,Near a factory industrial area,Human Error,Yes,Damage Only,Vehicle to Vehicle,Not Applicable,Not Applicable,Others,Not Applicable,Others,Not Applicable,Others,"Scout Camp road, Near Raashi Layout",Near Layout,5Km,13.285452,77.570119
Bengaluru Dist,Doddaballapura Rural PS,1.0442e+16,2022,1,2,Not Applicable,Not Applicable,Rural Areas,Open area,Not Applicable,Yes,Simple Injury,Vehicle to Vehicle,Not Applicable,Others,NH,Bitumen(Tar),Others,Not Applicable,Clear,gouribidanur - Kantanakunte Road,Ranganathaswamy hietech nursary,50m,13.333855,77.531801
Bengaluru Dist,Doddaballapura Rural PS,1.0442e+16,2022,1,2,Road Accidents,Circle,Rural Areas,Open area,Human Error,No,Simple Injury,Vehicle to Vehicle,Uncontrolled,Curve,Others,Bitumen(Tar),Others,Not Applicable,Clear,Hadonahalli-Tubegere Road Near Kallikote Cross,Near Kallikote Cross,100m,0.0,0.0
Bengaluru Dist,Doddaballapura Rural PS,1.0442e+16,2022,1,2,Road Accidents,Not Applicable,Rural Areas,Open area,Not Applicable,No,Damage Only,Vehicle to Vehicle,Not Applicable,Others,Others,Bitumen(Tar),Dry,Not Applicable,Clear,Doddaballapura-Bangalore Road,Near KHPL TEXCO Company,10kms,13.260092,77.553807
Bengaluru Dist,Doddaballapura Rural PS,1.0442e+16,2022,1,2,Road Accidents,Not Applicable,Rural Areas,Open area,Not Applicable,Yes,Grievous Injury,Vehicle to Vehicle,Not Applicable,Others,State Highway,Bitumen(Tar),Dry,Not Applicable,Clear,Chikkaballapura-Doddaballapura Road,Near Heggadihalli Village,12 KMS,0.0,0.0
Bengaluru Dist,Doddaballapura Rural PS,1.0442e+16,2022,1,2,Road Accidents,Narrow road,Rural Areas,Near School or College,Vehicle Defect,Yes,Simple Injury,Vehicle to Vehicle,Uncontrolled,Others,State Highway,Not Applicable,Others,Not Applicable,Others,Doddaballapura-Gowribidanoru Road,Near Murarji School,5Km,0.0,0.0
Bengaluru Dist,Doddaballapura Rural PS,1.0442e+16,2022,1,1,Road Accidents,Road hump or Rumble strips,Rural Areas,Open area,Human Error,Yes,Fatal,Hit bicyclist,Not Applicable,Others,Others,Bitumen(Tar),Dry,Not Applicable,Others,Koluru - Honnaghatt road,Koluru village Raghav land,10km,0.0,0.0
Bengaluru Dist,Doddaballapura Rural PS,1.0442e+16,2022,1,2,Road Accidents,Narrow road,Rural Areas,Near a factory industrial area,Human Error,Yes,Simple Injury,Vehicle to Vehicle,Uncontrolled,Others,State Highway,Not Applicable,Others,Not Applicable,Others,Bangalore-Doddaballapura Road,Near Factory Circle,5 Km,0.0,0.0
Bengaluru Dist,Doddaballapura Rural PS,1.0442e+16,2022,1,2,Road Accidents,Narrow road,City/Town,Open area,Human Error,No,Fatal,Vehicle to Vehicle,Controlled,Not Applicable,Others,Surfaced,Others,Not Applicable,Clear,Gowribidanoru-Doddaballapura Road,Near Petrol Bunk,5 Km,13.327276,77.53303
Bengaluru Dist,Doddaballapura Rural PS,1.0442e+16,2022,1,2,Road Accidents,Not Applicable,Rural Areas,Open area,Human Error,No,Simple Injury,Vehicle to Vehicle,Not Applicable,Others,Major District Road,Bitumen(Tar),Others,Not Applicable,Others,Bengalore -Gowribidanuru,Near Makali dhurg road,500m,13.409539,77.511531
Bengaluru Dist,Doddaballapura Rural PS,1.0442e+16,2022,1,2,Not Applicable,Not Applicable,Rural Areas,Open area,Not Applicable,Not Applicable,Not Applicable,Hit bicyclist,Not Applicable,Not Applicable,Others,Not Applicable,Not Applicable,Not Applicable,Not Applicable,Melekote Sadumata Road,5,5,0.0,0.0
Bengaluru Dist,Doddaballapura Rural PS,1.0442e+16,2022,1,2,Road Accidents,Narrow road,Rural Areas,Open area,Human Error,Not Applicable,Not Applicable,Vehicle to Vehicle,Uncontrolled,Others,Others,Surfaced,Others,Not Applicable,Others,Doddaballapura - Jakkalamadagu Road,Near Narasimhanahalli Forest,5 KM,0.0,0.0
Bengaluru Dist,Doddaballapura Rural PS,1.0442e+16,2022,1,2,Road Accidents,Not Applicable,Rural Areas,Open area,Not Applicable,No,Damage Only,Vehicle to Vehicle,Not Applicable,Not Applicable,State Highway,Not Applicable,Dry,Not Applicable,Clear,gowribidanuru-hindupur road,petrol bunk,15 km,13.426784,77.513545
Bengaluru Dist,Doddaballapura Rural PS,1.0442e+16,2022,1,1,Road Accidents,Curves,Rural Areas,Near Petrol Pump,Not Applicable,Yes,Fatal,Hit pedestrian,Not Applicable,Curve,State Highway,Bitumen(Tar),Others,Not Applicable,Clear,BAGALORE DODDABALLAPURA ROAD,Front of Bashettialli Petrol Bunk,100m,13.263448,77.552882
Bengaluru Dist,Doddaballapura Rural PS,1.0442e+16,2022,1,2,Road Accidents,Circle,Rural Areas,Near a factory industrial area,Human Error,Yes,Simple Injury,Vehicle to Vehicle,Stop Sign,Others,State Highway,Bitumen(Tar),Dry,Not Applicable,Clear,"Doddaballapura - Bengalore road, Near Petrol Bunk",near circle,5,13.246204,77.552476