DISTRICTNAME,UNITNAME,Crime_No,Year,RI,Noofvehicle_involved,Accident_Classification,Accident_Spot,Accident_Location,Accident_SubLocation,Main_Cause,Hit_Run,Severity,Collision_Type,Junction_Control,Road_Character,Road_Type,Surface_Type,Surface_Condition,Road_Condition,Weather,Accident_Road,Landmark_first,Distance_LandMark_First,Latitude,Longitude
Bengaluru Dist,Doddaballapura Rural PS,1.0442e+16,2022,1,2,Road Accidents,Rail Crossing manned,Rural Areas,Narrow bridge or culverts,Human Error,No,Simple Injury,Vehicle to Vehicle,Uncontrolled,Others,State Highway,Not Applicable,Others,Not Applicable,Others,Doddaballapur - Gowribidanuru Road,Near Railway bridge,5 Km,0.0,0.0
Bengaluru Dist,Doddaballapura Rural PS,1.0442e+16,2022,1,2,Road Accidents,Not Applicable,Rural Areas,Near Petrol Pump,Not Applicable,Yes,Damage Only,Vehicle to Vehicle,Not Applicable,Not Applicable,Others,Bitumen(Tar),Dry,Not Applicable,Clear,Doddaballapura - Nelamangala Road,Near Petrol Pump,5 kms,0.0,0.0
Bengaluru Dist,Doddaballapura Rural PS,1.0442e+16,2022,1,2,Road Accidents,Curves,Rural Areas,Narrow bridge or culverts,Human Error,No,Simple Injury,Vehicle to Vehicle,Not Applicable,Curve,One way,Not Applicable,Others,Not Applicable,Fine,Makali,Bridge,15 KM,0.0,0.0
Bengaluru Dist,Doddaballapura Rural PS,1.0442e+16,2022,1,2,Road Accidents,Narrow road,Rural Areas,In bazaar,Human Error,Not Applicable,Damage Only,Vehicle to Vehicle,Not Applicable,Others,State Highway,Not Applicable,Others,Not Applicable,Others,Doddaballapura-Gowribidanoru Road,Near Kantanakunte Cross,5 KM,0.0,0.0
Bengaluru Dist,Doddaballapura Rural PS,1.0442e+16,2023,1,2,Road Accidents,Not Applicable,Rural Areas,In bazaar,Human Error,Not Applicable,Simple Injury,Vehicle to Vehicle,Uncontrolled,Others,Others,Not Applicable,Others,Not Applicable,Others,Doddaballapura-Gowribidanoru Road,Near Palanajogihalli U Turn,5 KM,0.0,0.0
Bengaluru Dist,Doddaballapura Rural PS,1.0442e+16,2023,1,2,Road Accidents,Circle,Rural Areas,Open area,Not Applicable,No,Fatal,Vehicle to Vehicle,Not Applicable,Others,Others,Bitumen(Tar),Dry,Not Applicable,Clear,Obadenahalli- Bashettihalli Road,Near Bashettihali Circal,6 KMS,13.276756,77.577585
Bengaluru Dist,Doddaballapura Rural PS,1.0442e+16,2023,1,2,Not Applicable,Narrow road,Rural Areas,Near Bus stop,Human Error,Not Applicable,Simple Injury,Vehicle to Vehicle,Not Applicable,Others,State Highway,Surfaced,Muddy,Not Applicable,Others,Doddaballapura - Dabaspete Road,Near Mestru Mane Cross,5 Km,13.258141,77.52583
Bengaluru Dist,Doddaballapura Rural PS,1.0442e+16,2023,1,2,Road Accidents,Cross roads,Rural Areas,Open area,Human Error,Yes,Fatal,Vehicle to Vehicle,Controlled,Others,Others,Bitumen(Tar),Dry,No influence on accident,Clear,Gundamagere,Doddaballapura,15 KM,13.38452,77.531356
Bengaluru Dist,Doddaballapura Rural PS,1.0442e+16,2023,1,2,Road Accidents,Not Applicable,Rural Areas,Residential area,Human Error,No,Simple Injury,Vehicle to Vehicle,Controlled,Straight and flat,Others,Bitumen(Tar),Dry,No influence on accident,Clear,Palanajogahalli,Doddaballapura,2km,13.315921,77.537494
Bengaluru Dist,Doddaballapura Rural PS,1.0442e+16,2023,1,1,Road Accidents,Not Applicable,Rural Areas,Open area,Human Error,No,Fatal,Not Applicable,Controlled,Others,Others,Bitumen(Tar),Dry,No influence on accident,Clear,Doddaballapura,Doddaballapura,15 KM,0.0,0.0
Bengaluru Dist,Doddaballapura Rural PS,1.0442e+16,2023,1,2,Road Accidents,Circle,Rural Areas,Open area,Human Error,No,Grievous Injury,Vehicle to Vehicle,Controlled,Others,Others,Bitumen(Tar),Dry,No influence on accident,Clear,Sunnaghatta Road,Doddaballapura,7 km,0.0,0.0
Bengaluru Dist,Doddaballapura Rural PS,1.0442e+16,2023,1,1,Road Accidents,Junction,Rural Areas,Residential area,Human Error,No,Grievous Injury,Hit pedestrian,Uncontrolled,Others,Others,Concrete,Dry,Not Applicable,Others,Balenahalli,Yarramma House,15 km,13.412064,77.606382
Bengaluru Dist,Doddaballapura Rural PS,1.0442e+16,2023,1,2,Not Applicable,Narrow road,Rural Areas,Open area,Not Applicable,No,Damage Only,Vehicle to Vehicle,Uncontrolled,Others,State Highway,Not Applicable,Not Applicable,Not Applicable,Clear,Bangalore Doddaballapura Road,Aralumallige Village,8,0.0,0.0
Bengaluru Dist,Doddaballapura Rural PS,1.0442e+16,2023,1,2,Road Accidents,Not Applicable,Rural Areas,Open area,Human Error,Yes,Simple Injury,Vehicle to Vehicle,Controlled,Others,Others,Bitumen(Tar),Dry,No influence on accident,Clear,Gollahalli,Doddaballapura,5 KM,0.0,0.0
Bengaluru Dist,Doddaballapura Rural PS,1.0442e+16,2023,1,2,Road Accidents,Not Applicable,Rural Areas,Near Petrol Pump,Not Applicable,Yes,Simple Injury,Hit bicyclist,Controlled,Curve,Two way,Bitumen(Tar),Dry,Not Applicable,Clear,Doddaballapura - Gowribidanuru,Palanajogihalli,1KM,0.0,0.0
Bengaluru Dist,Doddaballapura Rural PS,1.0442e+16,2023,1,1,Road Accidents,Not Applicable,Rural Areas,Open area,Not Applicable,No,Simple Injury,Not Applicable,Not Applicable,Others,State Highway,Bitumen(Tar),Dry,Not Applicable,Clear,Doddaballapur - Gowribidanuru Road,Near Gundumgere Cross,12 KMS,0.0,0.0
Bengaluru Dist,Doddaballapura Rural PS,1.0442e+16,2023,1,2,Road Accidents,Not Applicable,Rural Areas,Near Hospital,Human Error,Yes,Grievous Injury,Vehicle to Vehicle,Controlled,Straight and flat,Not Applicable,Bitumen(Tar),Dry,No influence on accident,Clear,Near Manipal Hospital,Doddaballapura,6 km,13.269093,77.552275
Bengaluru Dist,Doddaballapura Rural PS,1.0442e+16,2023,1,1,Road Accidents,Cross roads,Rural Areas,Open area,Human Error,Not Applicable,Fatal,Not Applicable,Controlled,Curve,Others,Bitumen(Tar),Dry,No influence on accident,Clear,Madagondanahalli Road,Doddaballapura,5 KM,0.0,0.0
Bengaluru Dist,Doddaballapura Rural PS,1.0442e+16,2023,1,2,Road Accidents,Narrow road,Rural Areas,Open area,Human Error,No,Damage Only,Vehicle to Vehicle,Controlled,Straight and flat,State Highway,Bitumen(Tar),Dry,No influence on accident,Others,Doddaballapura,Doddaballapura,7 km,13.300604,77.495456
Bengaluru Dist,Doddaballapura Rural PS,1.0442e+16,2023,1,2,Road Accidents,Not Applicable,Rural Areas,Open area,Human Error,Not Applicable,Fatal,Vehicle to Vehicle,Controlled,Others,State Highway,Bitumen(Tar),Dry,No influence on accident,Clear,Doddaballapura,Doddaballapura,12 KM,13.296879,77.552749
Bengaluru Dist,Doddaballapura Rural PS,1.0442e+16,2023,1,2,Road Accidents,Not Applicable,Rural Areas,Open area,Human Error,No,Damage Only,Vehicle to Vehicle,Controlled,Others,Others,Bitumen(Tar),Dry,No influence on accident,Others,Kadanuru,Doddaballapura,10 KM,13.296879,77.562749
Bengaluru Dist,Doddaballapura Rural PS,1.0442e+16,2023,1,2,Road Accidents,Narrow road,City/Town,Open area,Human Error,No,Fatal,Vehicle to Vehicle,Not Applicable,Others,State Highway,Not Applicable,Others,Not Applicable,Others,Doddaballapura -Nelamangala Road,Near Alahalli,5 km,0.0,0.0
Bengaluru Dist,Doddaballapura Rural PS,1.0442e+16,2023,1,2,Road Accidents,Cross roads,Rural Areas,Open area,Human Error,No,Fatal,Vehicle to Vehicle,Controlled,Curve,Others,Surfaced,Dry,Not Applicable,Clear,Doddaballapur-Chikkaballapur Road,Near Rajaghatta Lake,100m,0.0,0.0
Bengaluru Dist,Doddaballapura Rural PS,1.0442e+16,2023,1,2,Road Accidents,Narrow road,Rural Areas,Near School or College,Human Error,Not Applicable,Simple Injury,Vehicle to Vehicle,Not Applicable,Others,NH,Surfaced,Others,Not Applicable,Others,Doddaballapura - Devanahalli Road,Near Nagadenahalli Collage,5KM,13.284115,77.599133
Bengaluru Dist,Doddaballapura Rural PS,1.0442e+16,2023,1,1,Not Applicable,Not Applicable,Rural Areas,Near a recreation place/cinema,Human Error,Not Applicable,Fatal,Hit pedestrian,Not Applicable,Others,State Highway,Not Applicable,Others,Not Applicable,Others,Doddaballapura-Gowribidanoru Road,Near Infont of Prakruthi Daba,5 KM,13.361095,77.52214
Bengaluru Dist,Doddaballapura Rural PS,1.0442e+16,2023,1,1,Road Accidents,Not Applicable,Rural Areas,Residential area,Human Error,No,Fatal,Hit pedestrian,Not Applicable,Straight and flat,Others,Bitumen(Tar),Dry,No influence on accident,Hail or Sleet,Gunjuru,Doddaballapura,8 KM,0.0,0.0
Bengaluru Dist,Doddaballapura Rural PS,1.0442e+16,2023,1,1,Road Accidents,Road hump or Rumble strips,Rural Areas,Near Bus stop,Human Error,Yes,Simple Injury,Hit bicyclist,Not Applicable,Others,State Highway,Not Applicable,Others,Not Applicable,Others,Chikkaballapura - Doddaballapura Road,Near Bidigere Gate,1 KM,13.314104,77.547352
Bengaluru Dist,Doddaballapura Rural PS,1.0442e+16,2023,1,2,Road Accidents,Not Applicable,Rural Areas,Near a religious place,Human Error,No,Simple Injury,Vehicle to Vehicle,Not Applicable,Others,Others,Not Applicable,Others,Not Applicable,Others,S.S.Ghati-Kantanakunte Road,Near PalPal Dinne Anjineyaswamy Temple,5KM,13.392773,77.540478
Bengaluru Dist,Doddaballapura Rural PS,1.0442e+16,2023,1,1,Road Accidents,Curves,Rural Areas,Open area,Human Error,No,Damage Only,Not Applicable,Uncontrolled,Curve,Others,Bitumen(Tar),Others,No influence on accident,Others,Maralenahalli,Maralenahalli,2km,13.304305,77.486679
Bengaluru Dist,Doddaballapura Rural PS,1.0442e+16,2023,1,1,Road Accidents,Not Applicable,Rural Areas,Open area,Vehicle Defect,Not Applicable,Fatal,Vehicle to Vehicle,Not Applicable,Others,Others,Surfaced,Others,Not Applicable,Others,Dabasapete-Doddaballapura Road,Near Kesturu Gate,5 KM,0.0,0.0
Bengaluru Dist,Doddaballapura Rural PS,1.0442e+16,2023,1,2,Road Accidents,Not Applicable,Rural Areas,Open area,Not Applicable,Yes,Not Applicable,Vehicle to Vehicle,Not at  Junction,Others,State Highway,Not Applicable,Dry,Not Applicable,Fine,Gunjur Tool,10,10,0.0,0.0
Bengaluru Dist,Doddaballapura Rural PS,1.0442e+16,2023,1,2,Road Accidents,Narrow road,Rural Areas,Near Bus stop,Not Applicable,No,Simple Injury,Vehicle to Vehicle,Controlled,Others,Others,Not Applicable,Not Applicable,Construction Work / Material,Clear,Doddaballapura Devanahalli Rd,Doddaballapura Devanahalli Rd Moparahalli village,10 km,13.286063,77.5901719
Bengaluru Dist,Doddaballapura Rural PS,1.0442e+16,2023,1,1,Road Accidents,Not Applicable,Rural Areas,Open area,Human Error,No,Fatal,Not Applicable,Controlled,Straight and flat,State Highway,Bitumen(Tar),Others,No influence on accident,Clear,Palanajogahalli,Doddaballapura,3km,13.319827,77.5355249
Bengaluru Dist,Doddaballapura Rural PS,1.0442e+16,2023,1,2,Road Accidents,Not Applicable,Rural Areas,Near Bus stop,Human Error,Yes,Damage Only,Vehicle to Vehicle,Controlled,Straight and flat,State Highway,Bitumen(Tar),Dry,No influence on accident,Clear,Kantanakunte,Doddaballapura,4km,0.0,0.0
Bengaluru Dist,Doddaballapura Rural PS,1.0442e+16,2023,1,2,Road Accidents,Circle,Rural Areas,Open area,Human Error,Yes,Grievous Injury,Vehicle to Vehicle,Controlled,Others,State Highway,Bitumen(Tar),Dry,No influence on accident,Clear,Bashettihalli,Doddaballapura,6km,13.202782,77.490568
Bengaluru Dist,Doddaballapura Rural PS,1.0442e+16,2023,1,2,Road Accidents,Cross roads,Rural Areas,Open area,Human Error,No,Damage Only,Vehicle to Vehicle,Controlled,Curve,Others,Bitumen(Tar),Dry,No influence on accident,Clear,Doddballapura,Anjaeya Swamy Temple,12 KM,0.0,0.0
Bengaluru Dist,Doddaballapura Rural PS,1.0442e+16,2023,1,2,Road Accidents,Not Applicable,Rural Areas,Open area,Human Error,Yes,Grievous Injury,Vehicle to Vehicle,Controlled,Others,State Highway,Bitumen(Tar),Dry,No influence on accident,Clear,Thapasihalli Gate,Doddaballapura,6km,13.34755,77.527544
Bengaluru Dist,Doddaballapura Rural PS,1.0442e+16,2023,1,1,Road Accidents,Not Applicable,Rural Areas,Open area,Human Error,Yes,Grievous Injury,Hit pedestrian,Controlled,Others,Others,Bitumen(Tar),Dry,No influence on accident,Clear,Shivapura Road,Doddaballapura,5km,13.306942,77.566808
Bengaluru Dist,Doddaballapura Rural PS,1.0442e+16,2023,1,1,Road Accidents,Junction,Rural Areas,Open area,Human Error,No,Fatal,Hit pedestrian,Uncontrolled,Others,Others,Bitumen(Tar),Dry,No influence on accident,Others,Rishicanse Fabricaaction,Rishicanse Fabricaaction,6 km,13.248567,77.561509
Bengaluru Dist,Doddaballapura Rural PS,1.0442e+16,2023,1,1,Road Accidents,Not Applicable,Rural Areas,Near Bus stop,Human Error,Not Applicable,Grievous Injury,Hit pedestrian,Controlled,Straight and flat,State Highway,Bitumen(Tar),Dry,No influence on accident,Clear,Doddaballapura,Doddaballapura,5km,13.27135,77.5519999
Bengaluru Dist,Doddaballapura Rural PS,1.0442e+16,2023,1,2,Road Accidents,Not Applicable,Rural Areas,Open area,Human Error,Not Applicable,Simple Injury,Vehicle to Vehicle,Not Applicable,Others,State Highway,Surfaced,Others,Not Applicable,Others,Doddaballapura - Dabaspete Road,Near Kesturu Gate,5 KM,0.0,0.0
Bengaluru Dist,Doddaballapura Rural PS,1.0442e+16,2023,1,1,Road Accidents,Narrow road,Rural Areas,Narrow bridge or culverts,Human Error,No,Fatal,Not Applicable,Uncontrolled,Others,State Highway,Not Applicable,Not Applicable,Not Applicable,Others,Doddaballapura - Gowribidanoru Road,Near Railway Station,5 Km,13.409463,77.511523
Bengaluru Dist,Doddaballapura Rural PS,1.0442e+16,2023,1,2,Road Accidents,Narrow road,Rural Areas,Open area,Vehicle Defect,Not Applicable,Fatal,Vehicle to Vehicle,Uncontrolled,Others,Others,Not Applicable,Others,Not Applicable,Others,Manchenahalli Road,Near Durgenahalli Road,5 Km,13.330687,77.615848
Bengaluru Dist,Doddaballapura Rural PS,1.0442e+16,2023,1,2,Road Accidents,Not Applicable,Rural Areas,Open area,Vehicle Defect,Yes,Simple Injury,Hit bicyclist,Not Applicable,Not Applicable,State Highway,Surfaced,Dry,Not Applicable,Fine,Doddaballapur - Gowribidanuru Road,10km,10km,0.0,0.0
Bengaluru Dist,Doddaballapura Rural PS,1.0442e+16,2023,1,2,Road Accidents,Not Applicable,Rural Areas,Open area,Not Applicable,Yes,Not Applicable,Hit bicyclist,Not Applicable,Others,State Highway,Surfaced,Dry,Not Applicable,Fine,Aralumallige To Doddaballapura,5,3,0.0,0.0
Bengaluru Dist,Doddaballapura Rural PS,1.0442e+16,2023,1,2,Road Accidents,Not Applicable,Rural Areas,Open area,Not Applicable,Not Applicable,Simple Injury,Vehicle to Vehicle,Not Applicable,Not Applicable,State Highway,Bitumen(Tar),Dry,Not Applicable,Clear,Tubagere- Melekote Road,Near Marahalli Cross,12 KMS,0.0,0.0
Bengaluru Dist,Doddaballapura Rural PS,1.0442e+16,2023,1,1,Road Accidents,Cross roads,Rural Areas,At pedestrian Crossing,Not Applicable,Not Applicable,Simple Injury,Hit pedestrian,Uncontrolled,Others,State Highway,Surfaced,Others,Not Applicable,Others,Doddaballapura - Bangalore Road,Near Basappa Land,5 KM,0.0,0.0
Bengaluru Dist,Doddaballapura Rural PS,1.0442e+16,2023,1,1,Road Accidents,Not Applicable,Rural Areas,Open area,Human Error,Not Applicable,Damage Only,Not Applicable,Signals (Working),Straight and flat,Service Road,Bitumen(Tar),Dry,Construction Work / Material,Others,Dobaspete-Doddaballapur Road,Kodigehalli,2KM,0.0,0.0
Bengaluru Dist,Doddaballapura Rural PS,1.0442e+16,2023,1,2,Road Accidents,Not Applicable,Rural Areas,Open area,Not Applicable,Yes,Not Applicable,Vehicle to Vehicle,Not Applicable,Others,State Highway,Surfaced,Others,Not Applicable,Fine,Devanahalli Ragunathapura Road,5,5,0.0,0.0
Bengaluru Dist,Doddaballapura Rural PS,1.0442e+16,2023,1,2,Road Accidents,Narrow road,Rural Areas,Residential area,Human Error,Yes,Fatal,Vehicle to Vehicle,Controlled,Straight and flat,Others,Bitumen(Tar),Dry,No influence on accident,Clear,Hadonahalli,Doddaballapura,8km,13.370346,77.544464
Bengaluru Dist,Doddaballapura Rural PS,1.0442e+16,2023,1,1,Road Accidents,Not Applicable,Rural Areas,Near Bus stop,Human Error,No,Grievous Injury,Hit pedestrian,Controlled,Straight and flat,Others,Bitumen(Tar),Dry,No influence on accident,Others,Kanivepura,Doddaballapura,12 KM,13.352451,77.657616
Bengaluru Dist,Doddaballapura Rural PS,1.0442e+16,2023,1,2,Road Accidents,Cross roads,Rural Areas,Open area,Human Error,No,Simple Injury,Vehicle to Vehicle,Controlled,Not Applicable,State Highway,Bitumen(Tar),Dry,No influence on accident,Clear,Near Aralumallige Kere,Doddaballapura,4km,0.0,0.0
Bengaluru Dist,Doddaballapura Rural PS,1.0442e+16,2023,1,2,Road Accidents,Not Applicable,Rural Areas,Near a factory industrial area,Human Error,No,Fatal,Vehicle to Vehicle,Not Applicable,Others,Others,Surfaced,Others,Not Applicable,Others,Sunnaghatta-Varadanahalli Road,Near Kanthi Sweets Factory,5 Km,13.370108,77.5149689
Bengaluru Dist,Doddaballapura Rural PS,1.0442e+16,2023,1,2,Road Accidents,Not Applicable,Rural Areas,Open area,Not Applicable,No,Grievous Injury,Vehicle to Vehicle,Not Applicable,Others,State Highway,Bitumen(Tar),Dry,Not Applicable,Clear,Doddaballapura Nelamagala Road,Near Aralumalige Lake,8 KMS,13.27899,77.592461
Bengaluru Dist,Doddaballapura Rural PS,1.0442e+16,2023,1,1,Road Accidents,Narrow road,Rural Areas,Near Bus stop,Not Applicable,Not Applicable,Simple Injury,Not Applicable,Uncontrolled,Others,NH,Surfaced,Others,Not Applicable,Others,Dabasapete-Doddaballapura Road,Near Kodigehalli Ashwathkatte,5KM,13.30334,77.51147
Bengaluru Dist,Doddaballapura Rural PS,1.0442e+16,2023,1,1,Road Accidents,Curves,Rural Areas,Near Bus stop,Vehicle Defect,No,Fatal,Hit bicyclist,Uncontrolled,Others,Not Applicable,Not Applicable,Others,Not Applicable,Others,Kantanakunte-S.S.Ghati Road,Near Peramagondanahalli Gate,5 KM,13.36023,77.54134
Bengaluru Dist,Doddaballapura Rural PS,1.0442e+16,2023,1,2,Road Accidents,Narrow road,Rural Areas,Near Bus stop,Human Error,No,Fatal,Vehicle to Vehicle,Not Applicable,Others,State Highway,Not Applicable,Others,Not Applicable,Others,Doddaballapura-Gowribidanoru Road,Infront of Anjineyaswamy Temple,5 KM,13.42892,77.51398
Bengaluru Dist,Doddaballapura Rural PS,1.0442e+16,2023,1,3,Road Accidents,Junction,City/Town,Open area,Human Error,No,Damage Only,Vehicle to Vehicle,Uncontrolled,Others,State Highway,Bitumen(Tar),Dry,No influence on accident,Others,"Doddaballapura-Bangalore Road, BAsheetyhalli",Bashettyhalli,6 km,13.262048,77.552828
Bengaluru Dist,Doddaballapura Rural PS,1.0442e+16,2023,1,2,Road Accidents,Not Applicable,Rural Areas,Narrow bridge or culverts,Human Error,Not Applicable,Not Applicable,Vehicle to Vehicle,Uncontrolled,Others,State Highway,Not Applicable,Others,Not Applicable,Others,Doddaballapura-Devanahalli Road,Near Gitam University Nagadenahalli,5 KM,13.284791,77.598759
Bengaluru Dist,Doddaballapura Rural PS,1.0442e+16,2023,1,2,Road Accidents,Curves,Rural Areas,Open area,Vehicle Defect,No,Fatal,Vehicle to Vehicle,Uncontrolled,Curve,Others,Surfaced,Others,Not Applicable,Others,Doddaballapura-Dobaspete Road,Kodigehalli,3,13.303373,77.512488
Bengaluru Dist,Doddaballapura Rural PS,1.0442e+16,2023,1,3,Road Accidents,Junction,Rural Areas,Near Petrol Pump,Not Applicable,No,Simple Injury,Vehicle to Vehicle,Not Applicable,Others,State Highway,Bitumen(Tar),Dry,Not Applicable,Clear,Bengalore-Gowribidanur Road,Bharat Petrol Bunk,500m,0.0,0.0
Bengaluru Dist,Doddaballapura Rural PS,1.0442e+16,2023,1,2,Road Accidents,Circle,Rural Areas,Open area,Not Applicable,Yes,Simple Injury,Vehicle to Vehicle,Not Applicable,Others,State Highway,Bitumen(Tar),Dry,Not Applicable,Clear,MELEKOTE -TUBAGERE ROAD,NARASIMHANAHALLI GATE,15 km,13.369454,77.586361
Bengaluru Dist,Doddaballapura Rural PS,1.0442e+16,2023,1,2,Road Accidents,Narrow road,Rural Areas,Residential area,Human Error,No,Fatal,Vehicle to Vehicle,Controlled,Straight and flat,Others,Bitumen(Tar),Dry,No influence on accident,Clear,Dargajogihalli,MRF Tyre Shop,5 KM,0.0,0.0
Bengaluru Dist,Doddaballapura Rural PS,1.0442e+16,2023,1,2,Road Accidents,Not Applicable,Rural Areas,In bazaar,Human Error,Yes,Simple Injury,Vehicle to Vehicle,Not Applicable,Others,Others,Surfaced,Others,Not Applicable,Others,Doddaballapura - Devanahalli Road,Near Nagadenahalli,5 Km,0.0,0.0
Bengaluru Dist,Doddaballapura Rural PS,1.0442e+16,2023,1,2,Road Accidents,Not Applicable,Rural Areas,Near or inside a village,Human Error,Yes,Grievous Injury,Vehicle to Vehicle,Controlled,Others,State Highway,Bitumen(Tar),Dry,No influence on accident,Clear,Koluru,Doddaballapura,8 KM,13.333699,77.498195
Bengaluru Dist,Doddaballapura Rural PS,1.0442e+16,2023,1,1,Road Accidents,Narrow road,Rural Areas,Residential area,Human Error,Yes,Grievous Injury,Hit pedestrian,Uncontrolled,Others,Residential Street,Concrete,Others,No influence on accident,Others,Aralumallige,Akshay House,5 Km,13.264465,77.522943
Bengaluru Dist,Doddaballapura Rural PS,1.0442e+16,2023,1,1,Road Accidents,Not Applicable,Rural Areas,Near Petrol Pump,Human Error,No,Grievous Injury,Hit pedestrian,Controlled,Straight and flat,State Highway,Bitumen(Tar),Dry,No influence on accident,Clear,Doddballapura,Doddaballapura,2km,13.307011,77.523518
Bengaluru Dist,Doddaballapura Rural PS,1.0442e+16,2023,1,1,Road Accidents,Narrow road,Rural Areas,Near a factory industrial area,Human Error,Not Applicable,Fatal,Hit pedestrian,Not Applicable,Others,State Highway,Not Applicable,Flooded,Not Applicable,Others,Doddaballapura - Bangalore Road,Near Factory Circle,5 KM,0.0,0.0
Bengaluru Dist,Doddaballapura Rural PS,1.0442e+16,2023,1,2,Road Accidents,Not Applicable,Rural Areas,Open area,Human Error,Yes,Grievous Injury,Vehicle to Vehicle,Uncontrolled,Not Applicable,State Highway,Bitumen(Tar),Wet,Not Applicable,Clear,Doddaballapura-Devanahalli Road,Near Grover Wine Factory,8 KM,13.276052,77.541596
Bengaluru Dist,Doddaballapura Rural PS,1.0442e+16,2023,1,3,Road Accidents,Narrow road,Rural Areas,Near Bus stop,Human Error,Not Applicable,Simple Injury,Vehicle to Vehicle,Not Applicable,Others,Others,Surfaced,Others,Not Applicable,Others,SS Ghati - Doddaballapura road,Near Hadonahalli,5 KM,0.0,0.0
Bengaluru Dist,Doddaballapura Rural PS,1.0442e+16,2023,1,1,Road Accidents,Not Applicable,Rural Areas,Open area,Human Error,Not Applicable,Grievous Injury,Hit pedestrian,Uncontrolled,Incline,State Highway,Not Applicable,Not Applicable,No influence on accident,Others,Bengalore-Doddaballapura Road,Near Pavitra Tea Shop,5 KM,0.0,0.0
Bengaluru Dist,Doddaballapura Rural PS,1.0442e+16,2023,1,2,Road Accidents,Not Applicable,Rural Areas,Near Bus stop,Human Error,No,Grievous Injury,Vehicle to Vehicle,Controlled,Straight and flat,State Highway,Bitumen(Tar),Dry,No influence on accident,Hail or Sleet,Bashettihalli,Doddaballapura,6KM,13.260921,77.555826
Bengaluru Dist,Doddaballapura Rural PS,1.0442e+16,2023,1,1,Road Accidents,Junction,Rural Areas,Open area,Human Error,No,Fatal,Hit pedestrian,Uncontrolled,Others,Others,Bitumen(Tar),Others,No influence on accident,Others,Dandudasakodigehalli-Linganahalli Road,Near Anjinappa Land,12 km,13.320278,77.616687
Bengaluru Dist,Doddaballapura Rural PS,1.0442e+16,2023,1,2,Road Accidents,Not Applicable,Rural Areas,Open area,Human Error,No,Grievous Injury,Vehicle to Vehicle,Controlled,Straight and flat,State Highway,Bitumen(Tar),Others,No influence on accident,Others,Bachahalli Gate,Doddaballapura,8km,13.355145,77.524817
Bengaluru Dist,Doddaballapura Rural PS,1.0442e+16,2023,1,2,Road Accidents,Not Applicable,Rural Areas,In bazaar,Not Applicable,No,Simple Injury,Vehicle to Vehicle,Not Applicable,Others,Two way,Bitumen(Tar),Dry,Not Applicable,Clear,Doddaballapura-Gowribidanuru Road,500,500m,13.319969,77.535816
Bengaluru Dist,Doddaballapura Rural PS,1.0442e+16,2023,1,2,Road Accidents,Not Applicable,Rural Areas,Near a factory industrial area,Human Error,Yes,Grievous Injury,Vehicle to Vehicle,Controlled,Curve,State Highway,Bitumen(Tar),Dry,No influence on accident,Clear,Adinarayanahosahalli,Doddaballapura,7 km,13.278826,77.589823
Bengaluru Dist,Doddaballapura Rural PS,1.0442e+16,2023,1,2,Not Applicable,Junction,Rural Areas,Open area,Not Applicable,Yes,Not Applicable,Not Applicable,Not Applicable,Curve,State Highway,Not Applicable,Dry,Not Applicable,Fine,Aralumallige To Doddaballapura,5,5,13.318386,77.535644
Bengaluru Dist,Doddaballapura Rural PS,1.0442e+16,2023,1,2,Not Applicable,Narrow road,Rural Areas,Open area,Not Applicable,Not Applicable,Simple Injury,Vehicle to Vehicle,Controlled,Others,State Highway,Not Applicable,Others,Not Applicable,Others,Doddaballapur  to Nelamangala,Near Kadanuru kai mara,10,13.289608,77.513892
Bengaluru Dist,Doddaballapura Rural PS,1.0442e+16,2023,1,1,Road Accidents,Not Applicable,Rural Areas,Residential area,Human Error,Yes,Fatal,Hit pedestrian,Controlled,Others,Others,Bitumen(Tar),Dry,No influence on accident,Clear,Maralenahalli,Doddaballapura,8km,0.0,0.0
Bengaluru Dist,Doddaballapura Rural PS,1.0442e+16,2023,1,2,Road Accidents,Narrow road,Rural Areas,Near a factory industrial area,Human Error,Not Applicable,Grievous Injury,Vehicle to Vehicle,Not Applicable,Others,Others,Not Applicable,Others,Drainage Ditch,Others,"Majarahosahalli-Silver Park Factory Road,",Veerapura Cross Circle,5 KM,13.261396,77.542948
Bengaluru Dist,Doddaballapura Rural PS,1.0442e+16,2023,1,1,Road Accidents,Not Applicable,Rural Areas,Open area,Human Error,Yes,Simple Injury,Hit pedestrian,Police / Manual,Straight and flat,NH,Bitumen(Tar),Dry,No influence on accident,Clear,CHIKKABALLAPURA  DODDABALLAPURA ROAD,RAJAGHATTA,8 KM,13.32649,77.59193