DISTRICTNAME,UNITNAME,Crime_No,Year,RI,Noofvehicle_involved,Accident_Classification,Accident_Spot,Accident_Location,Accident_SubLocation,Main_Cause,Hit_Run,Severity,Collision_Type,Junction_Control,Road_Character,Road_Type,Surface_Type,Surface_Condition,Road_Condition,Weather,Accident_Road,Landmark_first,Distance_LandMark_First,Latitude,Longitude
Bengaluru Dist,Doddaballapura Rural PS,1.0442e+16,2023,1,2,Road Accidents,Not Applicable,Rural Areas,Open area,Not Applicable,No,Simple Injury,Vehicle to Vehicle,Not Applicable,Others,NH,Bitumen(Tar),Dry,Not Applicable,Clear,Doddaballapura- Devanahalli Road,Near Hamam Shivapura Gate,5 KMS,13.301518,77.552329
Bengaluru Dist,Doddaballapura Rural PS,1.0442e+16,2023,1,1,Road Accidents,Not Applicable,Rural Areas,Open area,Not Applicable,No,Fatal,Hit bicyclist,Not Applicable,Others,State Highway,Bitumen(Tar),Dry,Not Applicable,Clear,Doddaballapura- Chikkaballapura Road,Near Rajaghatta Lake,5 KMS,13.273065,77.508847
Bengaluru Dist,Doddaballapura Rural PS,1.0442e+16,2023,1,2,Road Accidents,Cross roads,Rural Areas,Near Hospital,Human Error,No,Simple Injury,Vehicle to Vehicle,Controlled,Steep Incline or Climb,State Highway,Bitumen(Tar),Dry,No influence on accident,Hail or Sleet,Doddballapur,Bashettihalli,6 km,13.251411,77.5539559
Bengaluru Dist,Doddaballapura Rural PS,1.0442e+16,2023,1,1,Road Accidents,Narrow road,Rural Areas,Open area,Human Error,Not Applicable,Fatal,Not Applicable,Controlled,Others,Others,Bitumen(Tar),Dry,No influence on accident,Clear,Thogarigatta Doddaballapura Road,Doddaballapura,7 km,13.334751,77.563762
Bengaluru Dist,Doddaballapura Rural PS,1.0442e+16,2023,1,2,Road Accidents,Narrow road,Rural Areas,Near Hospital,Not Applicable,Yes,Simple Injury,Hit pedestrian,No signal lights,Others,One way,Not Applicable,Dry,Not Applicable,Others,H,8,12,0.0,0.0
Bengaluru Dist,Doddaballapura Rural PS,1.0442e+16,2023,1,2,Road Accidents,Not Applicable,Rural Areas,Open area,Human Error,Not Applicable,Fatal,Vehicle to Vehicle,Not Applicable,Others,State Highway,Not Applicable,Others,Not Applicable,Others,Gowribidanuru-Doddaballapura Road,Near Melinanayakandrahalli Gate,5 Km,0.0,0.0
Bengaluru Dist,Doddaballapura Rural PS,1.0442e+16,2023,1,2,Road Accidents,Cross roads,Rural Areas,Near a religious place,Human Error,Not Applicable,Fatal,Vehicle to Vehicle,Controlled,Curve,Others,Bitumen(Tar),Dry,No influence on accident,Clear,Near Anjaneya Temple Hadonahalli,Doddaballapura,8 KM,0.0,0.0
Bengaluru Dist,Doddaballapura Rural PS,1.0442e+16,2023,1,2,Road Accidents,Narrow road,Rural Areas,Near a factory industrial area,Human Error,No,Not Applicable,Vehicle to Vehicle,Uncontrolled,Others,Others,Not Applicable,Others,Not Applicable,Others,Bangalore - Doddaballapura Road,Near Bashettahalli,5 KM,13.250553,77.555999
Bengaluru Dist,Doddaballapura Rural PS,1.0442e+16,2023,1,1,Road Accidents,Not Applicable,Rural Areas,Near Bus stop,Human Error,Not Applicable,Fatal,Hit pedestrian,Not Applicable,Others,State Highway,Not Applicable,Others,Not Applicable,Others,Doddaballapura - Gowribidanoru Road,Near Manoj Shop Bachahalli,5 KM,13.372789,77.63727
Bengaluru Dist,Doddaballapura Rural PS,1.0442e+16,2023,1,1,Road Accidents,Not Applicable,Rural Areas,Near Bus stop,Human Error,No,Grievous Injury,Hit pedestrian,Controlled,Others,State Highway,Bitumen(Tar),Dry,No influence on accident,Clear,Palanajogahalli,Doddaballapura,2km,13.313658,77.538969
Bengaluru Dist,Doddaballapura Rural PS,1.0442e+16,2023,1,2,Road Accidents,Not Applicable,Rural Areas,In bazaar,Human Error,No,Fatal,Vehicle to Vehicle,Not Applicable,Not Applicable,State Highway,Metalled,Not Applicable,Drainage Ditch,Others,Doddaballapura - Gowribidanoru Road,Near Gopal Naik Land,5 KM,13.377656,77.504921
Bengaluru Dist,Doddaballapura Rural PS,1.0442e+16,2023,1,1,Road Accidents,Narrow road,Rural Areas,Near Bus stop,Human Error,No,Grievous Injury,Hit pedestrian,Uncontrolled,Others,State Highway,Bitumen(Tar),Dry,No influence on accident,Others,Bangalore Doddaballapura Road,Bashettyhalli,06 km,13.259805,77.552708
Bengaluru Dist,Doddaballapura Rural PS,1.0442e+16,2023,1,1,Road Accidents,Circle,Rural Areas,Open area,Not Applicable,No,Fatal,Hit pedestrian,Not Applicable,Others,State Highway,Bitumen(Tar),Dry,Not Applicable,Clear,Bangalore - Doddaballapura Road,Near Factory Circal,5 KMS,13.429432,77.51329
Bengaluru Dist,Doddaballapura Rural PS,1.0442e+16,2023,1,2,Road Accidents,Narrow road,Rural Areas,Open area,Human Error,Not Applicable,Grievous Injury,Vehicle to Vehicle,Not Applicable,Others,Others,Surfaced,Others,Not Applicable,Others,Nandibetta Cross - Heggadihalli Road,Near Nandi betta Cross,5 KM,0.0,0.0
Bengaluru Dist,Doddaballapura Rural PS,1.0442e+16,2023,1,2,Road Accidents,Not Applicable,Rural Areas,Open area,Human Error,Yes,Damage Only,Vehicle to Vehicle,Not Applicable,Straight and flat,Others,Bitumen(Tar),Dry,No influence on accident,Clear,Raghunathapura-Devanahalli Road,Doddaballapura,7 km,13.288087,77.576828
Bengaluru Dist,Doddaballapura Rural PS,1.0442e+16,2023,1,1,Road Accidents,Narrow road,Rural Areas,Open area,Human Error,Not Applicable,Simple Injury,Hit pedestrian,Not Applicable,Others,State Highway,Kutcha,Others,Not Applicable,Others,Doddaballapura - Gowribidanoru Road,Near Palalajogahalli,5KM,13.313812,77.538647
Bengaluru Dist,Doddaballapura Rural PS,1.0442e+16,2023,1,2,Road Accidents,Narrow road,Rural Areas,In bazaar,Human Error,Not Applicable,Fatal,Vehicle to Vehicle,Not Applicable,Others,State Highway,Not Applicable,Others,Not Applicable,Others,Doddaballapura - Chikkaballapura Road,Near Nandimori,5 KM,13.314427,77.547982
Bengaluru Dist,Doddaballapura Rural PS,1.0442e+16,2023,1,1,Road Accidents,Not Applicable,Rural Areas,Near Bus stop,Human Error,Not Applicable,Simple Injury,Hit pedestrian,Not Applicable,Others,State Highway,Not Applicable,Others,Not Applicable,Others,Doddaballapura-Chikkaballapura Road,Near Thimmasandra,5 KM,13.32064,77.56316
Bengaluru Dist,Doddaballapura Rural PS,1.0442e+16,2023,1,2,Road Accidents,Not Applicable,Rural Areas,Open area,Human Error,No,Simple Injury,Vehicle to Vehicle,Controlled,Straight and flat,Others,Bitumen(Tar),Dry,No influence on accident,Clear,Thalagavara Gate,Doddaballapura,4km,13.304308,77.518158
Bengaluru Dist,Doddaballapura Rural PS,1.0442e+16,2023,1,1,Road Accidents,Not Applicable,Rural Areas,Near School or College,Human Error,No,Grievous Injury,Hit bicyclist,Controlled,Straight and flat,Others,Bitumen(Tar),Dry,No influence on accident,Clear,Near Madagondanahalli College,Doddaballapura,2 km,13.296879,77.552749
Bengaluru Dist,Doddaballapura Rural PS,1.0442e+16,2023,1,2,Road Accidents,Narrow road,Rural Areas,Near Petrol Pump,Not Applicable,No,Simple Injury,Vehicle to Vehicle,Give way sign,Not Applicable,NH,Bitumen(Tar),Dry,No influence on accident,Clear,DOBBASPET To DODDABALLAPURA,KEB Poll,52,13.30023,77.49203
Bengaluru Dist,Doddaballapura Rural PS,1.0442e+16,2023,1,2,Road Accidents,Not Applicable,Rural Areas,Open area,Not Applicable,No,Simple Injury,Vehicle to Vehicle,Not Applicable,Others,State Highway,Bitumen(Tar),Dry,Not Applicable,Clear,Doddaballapur - Gowribidanuru Road,Near Kantankunte,5 KMS,0.0,0.0
Bengaluru Dist,Doddaballapura Rural PS,1.0442e+16,2023,1,2,Road Accidents,Not Applicable,Rural Areas,In bazaar,Human Error,Not Applicable,Simple Injury,Vehicle to Vehicle,Controlled,Others,State Highway,Not Applicable,Others,Not Applicable,Others,Gowribidanoru-Doddaballapura Road,Near Melinanayankrahalli Gate,5 KM,13.315681,77.537072
Bengaluru Dist,Doddaballapura Rural PS,1.0442e+16,2023,1,2,Road Accidents,Not Applicable,Rural Areas,Open area,Human Error,Not Applicable,Fatal,Vehicle to Vehicle,Controlled,Straight and flat,State Highway,Bitumen(Tar),Dry,No influence on accident,Clear,Doddballapur,Gollahalli,8km,13.369539,77.515752
Bengaluru Dist,Doddaballapura Rural PS,1.0442e+16,2023,1,2,Road Accidents,Not Applicable,Rural Areas,Open area,Not Applicable,Not Applicable,Damage Only,Vehicle to Vehicle,Not Applicable,Others,State Highway,Bitumen(Tar),Dry,Not Applicable,Clear,"Chikkaballapura-Doddaballapura Road, Near Udanahalli Cros",Near Makali durga Village,12,13.426761,77.5137
Bengaluru Dist,Doddaballapura Rural PS,1.0442e+16,2023,1,1,Road Accidents,Not Applicable,Rural Areas,Open area,Human Error,Not Applicable,Simple Injury,Not Applicable,Uncontrolled,Others,State Highway,Not Applicable,Others,Not Applicable,Others,S.S.Ghati-makalidurga Road,Near SS Ghati Temple,5 Km,13.408359,77.526452
Bengaluru Dist,Doddaballapura Rural PS,1.0442e+16,2023,1,1,Road Accidents,Not Applicable,Rural Areas,Open area,Human Error,No,Simple Injury,Not Applicable,Controlled,Others,Others,Bitumen(Tar),Dry,No influence on accident,Clear,Gangasadra Kere,Doddaballapura,8 KM,13.356038,77.555774
Bengaluru Dist,Doddaballapura Rural PS,1.0442e+16,2023,1,2,Road Accidents,Narrow road,Rural Areas,Near or inside a village,Human Error,Not Applicable,Damage Only,Vehicle to Vehicle,Not Applicable,Others,NH,Surfaced,Not Applicable,Construction Work / Material,Others,Dabasapete-Doddaballapura Road,5 KM,5 KM,13.303997,77.516788
Bengaluru Dist,Doddaballapura Rural PS,1.0442e+16,2023,1,1,Road Accidents,Not Applicable,Rural Areas,Open area,Human Error,No,Fatal,Not Applicable,Controlled,Others,State Highway,Bitumen(Tar),Dry,No influence on accident,Clear,Near Akashavani,Doddaballapura,10 KM,13.255177,77.48806
Bengaluru Dist,Doddaballapura Rural PS,1.0442e+16,2023,1,1,Road Accidents,Road hump or Rumble strips,Rural Areas,Open area,Road Environment Defect,No,Fatal,Hit pedestrian,Not Applicable,Others,Two way,Bitumen(Tar),Others,Not Applicable,Clear,SS Ghat-Kantanakunte Road,Neat vaddarahalli Bus stop,1km,13.339468,77.535061
Bengaluru Dist,Doddaballapura Rural PS,1.0442e+16,2023,1,2,Road Accidents,Narrow road,Rural Areas,Open area,Human Error,No,Simple Injury,Vehicle to Vehicle,Not at  Junction,Others,State Highway,Bitumen(Tar),Dry,Not Applicable,Clear,Doddaballapura-Chikkaballapura Road,Near Beedigere Gate,1KM,0.0,0.0
Bengaluru Dist,Doddaballapura Rural PS,1.0442e+16,2023,1,1,Road Accidents,Not Applicable,Rural Areas,Near Bus stop,Human Error,No,Grievous Injury,Hit pedestrian,Controlled,Others,Others,Bitumen(Tar),Dry,No influence on accident,Clear,Doddballapura,Gollahalli,6 km,13.324748,77.592847
Bengaluru Dist,Doddaballapura Rural PS,1.0442e+16,2023,1,2,Road Accidents,Not Applicable,Rural Areas,Near a factory industrial area,Human Error,No,Fatal,Vehicle to Vehicle,Not Applicable,Not Applicable,State Highway,Metalled,Others,Not Applicable,Others,Bangalore -Doddaballapura Road,Near Factory Circle,5 KM,13.246993,77.552691
Bengaluru Dist,Doddaballapura Rural PS,1.0442e+16,2023,1,2,Road Accidents,Narrow road,City/Town,In bazaar,Human Error,Not Applicable,Grievous Injury,Vehicle to Vehicle,Uncontrolled,Not Applicable,State Highway,Not Applicable,Dry,Not Applicable,Others,Doddaballapur To Gouribidanoor Road Gundumgere Cross,Near Kantanakute,5 KM,13.249866,77.555695
Bengaluru Dist,Doddaballapura Rural PS,1.0442e+16,2023,1,3,Road Accidents,Narrow road,Rural Areas,Near Bus stop,Human Error,Not Applicable,Damage Only,Vehicle to Vehicle,Not Applicable,Not Applicable,Others,Surfaced,Others,Not Applicable,Others,Infront of Nandini Parlour Road,Near RMC Gate,5 KM,0.0,0.0
Bengaluru Dist,Doddaballapura Rural PS,1.0442e+16,2023,1,2,Not Applicable,Cross roads,Rural Areas,Near a factory industrial area,Not Applicable,Not Applicable,Not Applicable,Vehicle to Vehicle,Not Applicable,Curve,State Highway,Metalled,Others,Not Applicable,Clear,YALAHANKA DODDABALLAPURA ROAD,6,5,13.251478,77.553833
Bengaluru Dist,Doddaballapura Rural PS,1.0442e+16,2023,1,2,Road Accidents,Junction,Rural Areas,Open area,Human Error,No,Simple Injury,Vehicle to Vehicle,Signal lights Automatic,Others,NH,Bitumen(Tar),Dry,Not Applicable,Clear,"Factory Circle, Bashettihalli",Factory Circle,7KM,13.246385,77.552711
Bengaluru Dist,Doddaballapura Rural PS,1.0442e+16,2023,1,2,Road Accidents,Curves,Rural Areas,Near Petrol Pump,Human Error,Yes,Grievous Injury,Vehicle to Vehicle,Controlled,Curve,State Highway,Bitumen(Tar),Dry,No influence on accident,Hail or Sleet,Bashettihalli,Doddaballapura,6km,0.0,0.0
Bengaluru Dist,Doddaballapura Rural PS,1.0442e+16,2023,1,2,Rail Road Accidents,Narrow road,Rural Areas,Near Bus stop,Human Error,Not Applicable,Simple Injury,Vehicle to Vehicle,Uncontrolled,Others,Others,Surfaced,Not Applicable,Construction Work / Material,Others,Doddaballapura -Kodigehalli Road,Near Kodigehalli,5 KM,13.30187,77.51588
Bengaluru Dist,Doddaballapura Rural PS,1.0442e+16,2023,1,2,Road Accidents,Not Applicable,Rural Areas,Open area,Human Error,No,Grievous Injury,Vehicle to Vehicle,Controlled,Others,Others,Bitumen(Tar),Others,No influence on accident,Clear,Near Makalidurga,Doddaballapura,12 KM,13.407169,77.511741
Bengaluru Dist,Doddaballapura Rural PS,1.0442e+16,2023,1,1,Road Accidents,Junction,Rural Areas,Near Bus stop,Human Error,No,Grievous Injury,Hit pedestrian,Uncontrolled,Others,State Highway,Bitumen(Tar),Dry,No influence on accident,Others,Doddaballapur - Gowribidanuru Road,Gollahalli Bus Stop,15 km,13.369721,77.515246
Bengaluru Dist,Doddaballapura Town PS,1.0442e+16,2016,1,2,Road Accidents,Rail Crossing manned,City/Town,Open area,Human Error,No,Damage Only,Hit parked vehicle,Not Applicable,Straight and flat,NH,Bitumen(Tar),Dry,Not Applicable,Fine,NH207,Arkavathi Extention,1 KM,0.0,0.0
Bengaluru Dist,Doddaballapura Town PS,1.0442e+16,2016,1,1,Road Accidents,Narrow road,City/Town,Near Bus stop,Human Error,No,Fatal,Hit pedestrian,No signal lights,Others,State Highway,Bitumen(Tar),Dry,Not Applicable,Clear,Bengalore to Gouribidunooru Road DBPURA TOWN,1,1,0.0,0.0
Bengaluru Dist,Doddaballapura Town PS,1.0442e+16,2016,1,1,Road Accidents,Narrow road,City/Town,Near a religious place,Human Error,No,Damage Only,Skidding or Self accident,No signal lights,Others,Sub Arterial,Bitumen(Tar),Dry,Not Applicable,Clear,NELAMANGALA  ROAD DBPURA.,1,1,0.0,0.0
Bengaluru Dist,Doddaballapura Town PS,1.0442e+16,2016,1,1,Road Accidents,Narrow road,City/Town,Open area,Human Error,Yes,Grievous Injury,Hit and Run,Not Applicable,Others,State Highway,Bitumen(Tar),Dry,Not Applicable,Clear,BANGALORE GOWREBIDANUR ROAD,1,1,0.0,0.0
Bengaluru Dist,Doddaballapura Town PS,1.0442e+16,2016,1,3,Road Accidents,Bridge,City/Town,Narrow bridge or culverts,Human Error,No,Grievous Injury,Hit puchcart,No signal lights,Others,NH,Bitumen(Tar),Dry,Not Applicable,Clear,"GOURIBIDANOORU- DEVANAHALLI ROAD, DBPURA TOWN",1,1,0.0,0.0
Bengaluru Dist,Doddaballapura Town PS,1.0442e+16,2016,1,2,Road Accidents,Narrow road,City/Town,Open area,Human Error,No,Damage Only,Hit puchcart,Not at  Junction,Others,NH,Bitumen(Tar),Dry,Not Applicable,Clear,GOWRIBIDNORE TO DEVANAHALLI,1,1,0.0,0.0
Bengaluru Dist,Doddaballapura Town PS,1.0442e+16,2016,1,1,Road Accidents,Circle,City/Town,At pedestrian Crossing,Human Error,No,Grievous Injury,Hit pedestrian,No signal lights,Others,One way,Bitumen(Tar),Dry,Not Applicable,Clear,GANDI CIRCLE ROAD DODDABALLAPURA,1,1,0.0,0.0
Bengaluru Dist,Doddaballapura Town PS,1.0442e+16,2016,1,1,Road Accidents,Narrow road,City/Town,Near Hospital,Human Error,Yes,Grievous Injury,Hit pedestrian,Not at  Junction,Others,City or Town Road,Bitumen(Tar),Dry,Not Applicable,Clear,D CROSS ROAD,1,1,0.0,0.0
Bengaluru Dist,Doddaballapura Town PS,1.0442e+16,2016,1,1,Road Accidents,Narrow road,City/Town,Open area,Human Error,No,Grievous Injury,Hit pedestrian,Not at  Junction,Not Applicable,Two way,Bitumen(Tar),Dry,Not Applicable,Clear,GOWREBEDNOOR BANGALORE ROAD,1,1,0.0,0.0
Bengaluru Dist,Doddaballapura Town PS,1.0442e+16,2016,1,1,Road Accidents,Narrow road,City/Town,Open area,Human Error,No,Grievous Injury,Hit parked vehicle,No signal lights,Others,State Highway,Bitumen(Tar),Dry,Not Applicable,Clear,RAIWAY GATE# TO RAIWAY STATION ROAD,1,1,0.0,0.0
Bengaluru Dist,Doddaballapura Town PS,1.0442e+16,2016,1,2,Road Accidents,Railway crossing,City/Town,Open area,Human Error,Yes,Simple Injury,Hit and Run,Controlled,Hump,State Highway,Bitumen(Tar),Others,Not Applicable,Clear,SH,NEAR MUTHURU,02 KM,0.0,0.0
Bengaluru Dist,Doddaballapura Town PS,1.0442e+16,2016,1,2,Road Accidents,Circle,City/Town,Near Bus stop,Human Error,No,Grievous Injury,Hit puchcart,Not Applicable,Others,NH,Bitumen(Tar),Dry,Not Applicable,Clear,BANGALORE GOWREBIDANUR ROAD,1,1,0.0,0.0
Bengaluru Dist,Doddaballapura Town PS,1.0442e+16,2016,1,1,Road Accidents,Narrow road,City/Town,Near office complex,Human Error,Yes,Grievous Injury,Hit and Run,No signal lights,Others,State Highway,Bitumen(Tar),Dry,Not Applicable,Clear,Dabaspete To  Doddaballapura  Road,1,1,0.0,0.0
Bengaluru Dist,Doddaballapura Town PS,1.0442e+16,2016,1,2,Road Accidents,Narrow road,City/Town,Near office complex,Human Error,No,Fatal,Hit puchcart,No signal lights,Others,City or Town Road,Bitumen(Tar),Dry,Not Applicable,Clear,Scout Camp Road DBPURA TOWN,1,1,0.0,0.0
Bengaluru Dist,Doddaballapura Town PS,1.0442e+16,2016,1,1,Road Accidents,More than four arms,City/Town,Near Bus stop,Human Error,Yes,Simple Injury,Hit and Run,No signal lights,Others,State Highway,Bitumen(Tar),Dry,Not Applicable,Dust Storn,"Tumkur to cb pura road, doddaballapura",1,1,0.0,0.0
Bengaluru Dist,Doddaballapura Town PS,1.0442e+16,2016,1,1,Road Accidents,Narrow road,City/Town,In bazaar,Human Error,No,Grievous Injury,Hit pedestrian,Not Applicable,Others,Two way,Bitumen(Tar),Dry,Not Applicable,Clear,doddaballapuratown near sbm byank,1,1,0.0,0.0
Bengaluru Dist,Doddaballapura Town PS,1.0442e+16,2016,1,2,Road Accidents,Other,City/Town,Open area,Human Error,No,Damage Only,Right Turn Collision,Not at  Junction,Others,NH,Bitumen(Tar),Dry,Not Applicable,Clear,BANGALORE GOWREBIDANUR ROAD,1,1,0.0,0.0
Bengaluru Dist,Doddaballapura Town PS,1.0442e+16,2016,1,2,Road Accidents,Narrow road,City/Town,Near office complex,Human Error,Yes,Grievous Injury,Hit and Run,No signal lights,Others,NH,Bitumen(Tar),Dry,Not Applicable,Clear,Bengalore to Gouribidunooru Road,1,1,0.0,0.0
Bengaluru Dist,Doddaballapura Town PS,1.0442e+16,2016,1,1,Road Accidents,Cross roads,City/Town,Near Bus stop,Human Error,Yes,Grievous Injury,Hit pedestrian,Not Applicable,Slight Curve,City or Town Road,Bitumen(Tar),Dry,Not Applicable,Clear,sawndaryamahal sarcal,1,1,0.0,0.0
Bengaluru Dist,Doddaballapura Town PS,1.0442e+16,2016,1,1,Road Accidents,Narrow road,City/Town,Near office complex,Human Error,No,Grievous Injury,Hit puchcart,Not Applicable,Others,NH,Bitumen(Tar),Dry,Not Applicable,Clear,"Tumkur to cb pura road, doddaballapura",1,1,0.0,0.0
Bengaluru Dist,Doddaballapura Town PS,1.0442e+16,2016,1,1,Road Accidents,Other,City/Town,Near a recreation place/cinema,Human Error,Yes,Grievous Injury,Hit and Run,No signal lights,Others,City or Town Road,Bitumen(Tar),Dry,Not Applicable,Clear,GHANDICIRCLE ROAD,1,1,0.0,0.0
Bengaluru Dist,Doddaballapura Town PS,1.0442e+16,2016,1,2,Road Accidents,Narrow road,City/Town,Near a religious place,Human Error,No,Grievous Injury,Hit puchcart,No signal lights,Others,Others,Bitumen(Tar),Dry,Not Applicable,Clear,BUS STAND TO D CROSS ROAD DODDABALLAPURA,1,1,0.0,0.0
Bengaluru Dist,Doddaballapura Town PS,1.0442e+16,2016,1,2,Road Accidents,Narrow road,City/Town,Near office complex,Human Error,No,Grievous Injury,Hit puchcart,Not Applicable,Others,State Highway,Bitumen(Tar),Dry,Not Applicable,Clear,Taluk Office Basavabhavana Road,1,1,0.0,0.0
Bengaluru Dist,Doddaballapura Town PS,1.0442e+16,2016,1,1,Road Accidents,Offset,City/Town,Narrow bridge or culverts,Human Error,Not Applicable,Damage Only,Skidding or Self accident,Uncontrolled,Others,NH,Bitumen(Tar),Dry,Not Applicable,Clear,"GOURIBIDANOORU- DEVANAHALLI ROAD, DBPURA TOWN",1,1,0.0,0.0
Bengaluru Dist,Doddaballapura Town PS,1.0442e+16,2016,1,1,Road Accidents,Narrow road,City/Town,Near School or College,Human Error,No,Grievous Injury,Right Turn Collision,Not Applicable,Others,City or Town Road,Bitumen(Tar),Dry,Not Applicable,Clear,COURT ROAD,1,1,0.0,0.0
Bengaluru Dist,Doddaballapura Town PS,1.0442e+16,2016,1,1,Road Accidents,Narrow road,City/Town,Near office complex,Human Error,No,Grievous Injury,Hit puchcart,Not at  Junction,Others,NH,Bitumen(Tar),Dry,Not Applicable,Clear,"GOURIBIDANOORU-BENGALORE ROAD, DBPURA TOWN",1,1,0.0,0.0
Bengaluru Dist,Doddaballapura Town PS,1.0442e+16,2016,1,2,Road Accidents,Narrow road,City/Town,Near Bus stop,Human Error,No,Grievous Injury,Hit puchcart,No signal lights,Others,State Highway,Bitumen(Tar),Dry,Not Applicable,Clear,BANGLORE GOURIBIDNORU,1,1,0.0,0.0
Bengaluru Dist,Doddaballapura Town PS,1.0442e+16,2016,1,1,Road Accidents,Other,City/Town,Near a recreation place/cinema,Human Error,Yes,Simple Injury,Hit and Run,No signal lights,Others,State Highway,Bitumen(Tar),Dry,Not Applicable,Clear,DODDABALLAPURA TO NELAMANGALA ROAD DBPURA TOWN,1,1,0.0,0.0
Bengaluru Dist,Doddaballapura Town PS,1.0442e+16,2016,1,2,Road Accidents,Narrow road,City/Town,Open area,Human Error,No,Simple Injury,Hit puchcart,No signal lights,Others,NH,Bitumen(Tar),Dry,Not Applicable,Clear,Bengalore to Gouribidunooru Road,1,1,0.0,0.0
Bengaluru Dist,Doddaballapura Town PS,1.0442e+16,2016,1,1,Road Accidents,Narrow road,City/Town,Open area,Human Error,No,Fatal,Hit pedestrian,Not at  Junction,Others,City or Town Road,Bitumen(Tar),Dry,Not Applicable,Clear,Railway Station to Scout Camp Road.,1,1,0.0,0.0
Bengaluru Dist,Doddaballapura Town PS,1.0442e+16,2016,1,1,Road Accidents,Circle,City/Town,In bazaar,Human Error,No,Simple Injury,Hit pedestrian,Not Applicable,Others,City or Town Road,Bitumen(Tar),Dry,Not Applicable,Clear,CHIKKAPETE,1,1,0.0,0.0
Bengaluru Dist,Doddaballapura Town PS,1.0442e+16,2016,1,2,Road Accidents,Narrow road,City/Town,Near a religious place,Human Error,Yes,Grievous Injury,Hit parked vehicle,Not at  Junction,Others,City or Town Road,Bitumen(Tar),Dry,Not Applicable,Clear,NELAMANGALA TO DODDABALLAPURA,1,1,0.0,0.0
Bengaluru Dist,Doddaballapura Town PS,1.0442e+16,2016,1,1,Road Accidents,Narrow road,City/Town,Near a religious place,Human Error,Yes,Grievous Injury,Hit and Run,No signal lights,Not Applicable,City or Town Road,Bitumen(Tar),Dry,Not Applicable,Clear,Taluk Office Basavabhavana Road,1,1,0.0,0.0
Bengaluru Dist,Doddaballapura Town PS,1.0442e+16,2017,1,1,Road Accidents,Narrow road,City/Town,Near a religious place,Human Error,No,Grievous Injury,Hit pedestrian,No signal lights,Others,City or Town Road,Bitumen(Tar),Dry,Not Applicable,Clear,Gouribidanuru BeNGALORE Road,1,1,0.0,0.0
Bengaluru Dist,Doddaballapura Town PS,1.0442e+16,2017,1,2,Road Accidents,Railway crossing,City/Town,Narrow bridge or culverts,Vehicle Defect,Not Applicable,Damage Only,Others,No signal lights,Not Applicable,NH,Bitumen(Tar),Dry,Not Applicable,Clear,BANGLORE TO GOWRIBIDNORE,1,1,0.0,0.0
Bengaluru Dist,Doddaballapura Town PS,1.0442e+16,2017,1,2,Road Accidents,Other,City/Town,Near office complex,Human Error,No,Simple Injury,Hit puchcart,No signal lights,Others,City or Town Road,Bitumen(Tar),Others,Not Applicable,Clear,Taluk Office Basavabhavana Road,1,1,0.0,0.0
Bengaluru Dist,Doddaballapura Town PS,1.0442e+16,2017,1,1,Road Accidents,Other,City/Town,Residential area,Human Error,Yes,Fatal,Side swipe,Not Applicable,Straight and flat,City or Town Road,Bitumen(Tar),Dry,Not Applicable,Fine,"Near rumale Circle, D B Pura town",Near rumale Circle,1 KM,0.0,0.0
Bengaluru Dist,Doddaballapura Town PS,1.0442e+16,2017,1,1,Road Accidents,Narrow road,City/Town,Open area,Human Error,Yes,Grievous Injury,Hit pedestrian,No signal lights,Others,State Highway,Bitumen(Tar),Dry,Not Applicable,Clear,Taluk Office Basavabhavana Road,1,1,0.0,0.0
Bengaluru Dist,Doddaballapura Town PS,1.0442e+16,2017,1,2,Road Accidents,Narrow road,City/Town,Near Bus stop,Human Error,Yes,Grievous Injury,Hit and Run,No signal lights,Others,State Highway,Bitumen(Tar),Dry,Not Applicable,Clear,Bengalore to Gouribidunooru Road,1,1,0.0,0.0
Bengaluru Dist,Doddaballapura Town PS,1.0442e+16,2017,1,2,Road Accidents,Narrow road,City/Town,Near a religious place,Human Error,Not Applicable,Fatal,Head on,Uncontrolled,Not Applicable,NH,Bitumen(Tar),Dry,Not Applicable,Others,Gowribidanuru Bengaluru,Near D Cross Church,100Mtr,0.0,0.0
Bengaluru Dist,Doddaballapura Town PS,1.0442e+16,2017,1,2,Road Accidents,Narrow road,City/Town,Open area,Human Error,No,Damage Only,Others,Not Applicable,Not Applicable,State Highway,Bitumen(Tar),Dry,Not Applicable,Fine,STATE HIGHWAY,NEAR MUTHRU,3,0.0,0.0
Bengaluru Dist,Doddaballapura Town PS,1.0442e+16,2017,1,2,Road Accidents,Narrow road,City/Town,Open area,Human Error,No,Damage Only,Hit puchcart,No signal lights,Others,State Highway,Bitumen(Tar),Dry,Not Applicable,Clear,Bengalore to Gouribidunooru Road Doddaballapura Town,1,1,0.0,0.0
Bengaluru Dist,Doddaballapura Town PS,1.0442e+16,2017,1,1,Road Accidents,Narrow road,City/Town,Near a religious place,Human Error,No,Grievous Injury,Hit bicyclist,No signal lights,Others,City or Town Road,Bitumen(Tar),Dry,Not Applicable,Clear,NELAMANGALA TO DODDABALLAPURA,1,1,0.0,0.0