DISTRICTNAME,UNITNAME,Crime_No,Year,RI,Noofvehicle_involved,Accident_Classification,Accident_Spot,Accident_Location,Accident_SubLocation,Main_Cause,Hit_Run,Severity,Collision_Type,Junction_Control,Road_Character,Road_Type,Surface_Type,Surface_Condition,Road_Condition,Weather,Accident_Road,Landmark_first,Distance_LandMark_First,Latitude,Longitude
Bengaluru Dist,Doddaballapura Town PS,1.0442e+16,2017,1,2,Road Accidents,Narrow road,City/Town,Near Petrol Pump,Human Error,No,Simple Injury,Hit puchcart,No signal lights,Others,State Highway,Bitumen(Tar),Dry,Not Applicable,Clear,"BENGLORE GOURIBIDANURU ROAD, DODDABALLAPURA TOWN",1,1,0.0,0.0
Bengaluru Dist,Doddaballapura Town PS,1.0442e+16,2017,1,1,Road Accidents,Other,Rural Areas,Open area,Human Error,Not Applicable,Fatal,Hit pedestrian,Uncontrolled,Others,NH,Kutcha,Dry,Not Applicable,Others,Doddaballapura Bengaluru,Chaitra Bar & Restuarant,3 KM,0.0,0.0
Bengaluru Dist,Doddaballapura Town PS,1.0442e+16,2017,1,2,Road Accidents,Narrow road,City/Town,Near Petrol Pump,Human Error,No,Simple Injury,Hit puchcart,No signal lights,Others,NH,Bitumen(Tar),Dry,Not Applicable,Clear,Bengalore to Gouribidunooru Road,1,1,0.0,0.0
Bengaluru Dist,Doddaballapura Town PS,1.0442e+16,2017,1,2,Road Accidents,Narrow road,City/Town,Near Petrol Pump,Not Applicable,Yes,Grievous Injury,Hit and Run,No signal lights,Not Applicable,City or Town Road,Bitumen(Tar),Dry,Not Applicable,Clear,DODDABALLAPURA TO NELAMNGALA ROAD,1,1,0.0,0.0
Bengaluru Dist,Doddaballapura Town PS,1.0442e+16,2017,1,1,Road Accidents,Cross roads,City/Town,At pedestrian Crossing,Human Error,Yes,Grievous Injury,Hit pedestrian,Not Applicable,Others,City or Town Road,Bitumen(Tar),Dry,Not Applicable,Clear,KALAMMA TEMPLE ROAD,1,1,0.0,0.0
Bengaluru Dist,Doddaballapura Town PS,1.0442e+16,2017,1,1,Road Accidents,Other,City/Town,Near a religious place,Not Applicable,Yes,Simple Injury,Hit and Run,Uncontrolled,Others,Others,Bitumen(Tar),Dry,No influence on accident,Clear,other road,Near Muthyalamma Temple,2,0.0,0.0
Bengaluru Dist,Doddaballapura Town PS,1.0442e+16,2017,1,1,Road Accidents,Narrow road,City/Town,Near School or College,Human Error,No,Fatal,Skidding or Self accident,Uncontrolled,Others,City or Town Road,Bitumen(Tar),Dry,Not Applicable,Others,Kongadiyappa College Road,Kongadiyappa College,3 KM,0.0,0.0
Bengaluru Dist,Doddaballapura Town PS,1.0442e+16,2017,1,2,Road Accidents,Cross roads,City/Town,Open area,Human Error,Not Applicable,Fatal,Head on,Uncontrolled,Slight Curve,NH,Bitumen(Tar),Dry,Not Applicable,Others,Gowribidanuru Bengaluru Road,In front of Golden Era Layout,3 KM,0.0,0.0
Bengaluru Dist,Doddaballapura Town PS,1.0442e+16,2017,1,2,Road Accidents,Narrow road,City/Town,Near a religious place,Human Error,No,Simple Injury,Hit puchcart,No signal lights,Others,City or Town Road,Bitumen(Tar),Dry,Not Applicable,Clear,DBPURA TO GOURIBIDANURU ROAD,1,1,0.0,0.0
Bengaluru Dist,Doddaballapura Town PS,1.0442e+16,2017,1,2,Road Accidents,Narrow road,City/Town,Near a religious place,Human Error,No,Grievous Injury,Hit puchcart,No signal lights,Others,City or Town Road,Bitumen(Tar),Dry,Not Applicable,Clear,DBPURA TO GOURIBIDANURU ROAD,1,1,0.0,0.0
Bengaluru Dist,Doddaballapura Town PS,1.0442e+16,2018,1,2,Road Accidents,Circle,City/Town,Near a religious place,Human Error,No,Grievous Injury,Others,Not Applicable,Others,City or Town Road,Bitumen(Tar),Dry,Not Applicable,Clear,MARUTHINAGARA,1,1,0.0,0.0
Bengaluru Dist,Doddaballapura Town PS,1.0442e+16,2018,1,2,Road Accidents,Other,City/Town,Near or inside a village,Human Error,Yes,Fatal,Hit and Run,Not Applicable,Straight and flat,State Highway,Bitumen(Tar),Dry,Not Applicable,Clear,SH,BHUVANESWARI BADAVANE,2 KM,0.0,0.0
Bengaluru Dist,Doddaballapura Town PS,1.0442e+16,2018,1,1,Road Accidents,Other,City/Town,Near Bus stop,Human Error,No,Fatal,Others,Not Applicable,Straight and flat,NH,Bitumen(Tar),Dry,Not Applicable,Fine,"D'Cross, Gowribidanuru-Bengaluru road, D B Pura Town",Lechus Bekary,20metr,0.0,0.0
Bengaluru Dist,Doddaballapura Town PS,1.0442e+16,2018,1,2,Road Accidents,Other,City/Town,Near Petrol Pump,Human Error,Not Applicable,Fatal,Rear end,Not Applicable,Straight and flat,State Highway,Bitumen(Tar),Dry,Not Applicable,Fine,SH-09,Infront of HP Petrol Bunk,2 KM,0.0,0.0
Bengaluru Dist,Doddaballapura Town PS,1.0442e+16,2018,1,1,Road Accidents,Other,City/Town,Near Bus stop,Human Error,No,Fatal,Hit pedestrian,Not Applicable,Others,Others,Bitumen(Tar),Dry,Not Applicable,Fine,Other road,Madagondanahalli cross,2,0.0,0.0
Bengaluru Dist,Doddaballapura Town PS,1.0442e+16,2018,1,2,Road Accidents,Other,City/Town,Near a religious place,Human Error,No,Fatal,Head on,Not Applicable,Straight and flat,City or Town Road,Bitumen(Tar),Others,Not Applicable,Fine,Town road,Gangadharapura Cross,2 KM,0.0,0.0
Bengaluru Dist,Doddaballapura Town PS,1.0442e+16,2018,1,2,Road Accidents,Other,City/Town,Near Bus stop,Human Error,Yes,Fatal,Hit and Run,Not Applicable,Straight and flat,NH,Bitumen(Tar),Dry,Not Applicable,Fine,"Near Preethi Bar and Restorent, D'Cross, D B Pura Town",Near Preethi Bar and Restorent,500 M,0.0,0.0
Bengaluru Dist,Doddaballapura Town PS,1.0442e+16,2018,1,1,Road Accidents,Circle,City/Town,Open area,Human Error,No,Grievous Injury,Not Applicable,No signal lights,Others,State Highway,Bitumen(Tar),Dry,Not Applicable,Clear,BANGLORE - GOWRIBIDNORE ROAD,1,1,0.0,0.0
Bengaluru Dist,Doddaballapura Town PS,1.0442e+16,2019,1,2,Road Accidents,Curves,City/Town,Open area,Human Error,No,Fatal,Vehicle to Vehicle,Not at  Junction,Curve,State Highway,Bitumen(Tar),Dry,Construction Work / Material,Wind,Hindupura-Bangalore State Highway near DBpura Town PS,Near BDpura Town police station,50 m,13.306887,77.54553
Bengaluru Dist,Doddaballapura Town PS,1.0442e+16,2019,1,2,Road Accidents,Cross roads,City/Town,Open area,Human Error,Yes,Grievous Injury,Vehicle to Vehicle,Uncontrolled,Curve,State Highway,Bitumen(Tar),Dry,No influence on accident,Clear,STATE HIGHWAY 09,NEAR PRIYANKA HOTEL,1,13.292076,77.5344289
Bengaluru Dist,Doddaballapura Town PS,1.0442e+16,2019,1,2,Road Accidents,Circle,City/Town,Open area,Human Error,No,Grievous Injury,Vehicle to Vehicle,Not at  Junction,Straight and flat,Residential Street,Bitumen(Tar),Dry,No influence on accident,Clear,OTHER ROAD,NEAR NAGARASABHE PUMP HOUSE,3,13.292548,77.544411
Bengaluru Dist,Doddaballapura Town PS,1.0442e+16,2019,1,2,Road Accidents,Narrow road,City/Town,Open area,Human Error,No,Grievous Injury,Vehicle to Vehicle,Uncontrolled,Straight and flat,Residential Street,Bitumen(Tar),Dry,No influence on accident,Clear,TOWN ROAD,NEAR NAGARA SHBHE,3,13.299219,77.539307
Bengaluru Dist,Doddaballapura Town PS,1.0442e+16,2019,1,2,Road Accidents,Narrow road,City/Town,Near Petrol Pump,Human Error,No,Grievous Injury,Vehicle to Vehicle,Uncontrolled,Straight and flat,State Highway,Bitumen(Tar),Dry,No influence on accident,Clear,STATE HIGHWAY 09,SIDDENAYAKANAHALLI PETROL BUNK,2,13.29607,77.550405
Bengaluru Dist,Doddaballapura Town PS,1.0442e+16,2019,1,2,Road Accidents,Not Applicable,City/Town,Near office complex,Not Applicable,No,Grievous Injury,Vehicle to Vehicle,Not Applicable,Others,State Highway,Bitumen(Tar),Dry,Construction Work / Material,Fine,Tar road,Juniar College,04 K M,13.30037,77.538701
Bengaluru Dist,Doddaballapura Town PS,1.0442e+16,2019,1,2,Road Accidents,Narrow road,City/Town,Open area,Human Error,Yes,Fatal,Vehicle to Vehicle,Uncontrolled,Straight and flat,NH,Bitumen(Tar),Dry,No influence on accident,Clear,NH,Near Nandini Dairy,2km,13.30911,77.537355
Bengaluru Dist,Doddaballapura Town PS,1.0442e+16,2019,1,1,Road Accidents,Narrow road,City/Town,Open area,Human Error,No,Grievous Injury,Hit bicyclist,Not at  Junction,Straight and flat,State Highway,Bitumen(Tar),Dry,No influence on accident,Clear,STATE HIGWAY,NEAR BARATH GAS GODOWN,2,13.306755,77.537466
Bengaluru Dist,Doddaballapura Town PS,1.0442e+16,2019,1,2,Road Accidents,Circle,City/Town,Open area,Human Error,Yes,Grievous Injury,Vehicle to Vehicle,Not at  Junction,Straight and flat,Service Road,Bitumen(Tar),Dry,No influence on accident,Clear,STATE HIGHWAY,NEAR RAILWAYSTATION CIRCLE,3,13.280821,77.551759
Bengaluru Dist,Doddaballapura Town PS,1.0442e+16,2019,1,1,Road Accidents,Cross roads,City/Town,Near Petrol Pump,Human Error,No,Grievous Injury,Not Applicable,Uncontrolled,Straight and flat,State Highway,Bitumen(Tar),Dry,No influence on accident,Clear,STATE HIGHWAY NO 09,NEAR SIDDENAYAKNAHALLI,3,13.29029,77.545494
Bengaluru Dist,Doddaballapura Town PS,1.0442e+16,2019,1,2,Road Accidents,Narrow road,Rural Areas,Near a religious place,Human Error,No,Fatal,Vehicle to Vehicle,Not at  Junction,Straight and flat,NH,Bitumen(Tar),Dry,No influence on accident,Fine,Devanahalli-Dabaspete Road,Near Muniraju Chickhen center,3 KM,13.306764,77.53169
Bengaluru Dist,Doddaballapura Town PS,1.0442e+16,2019,1,2,Rail Road Accidents,Narrow road,City/Town,Open area,Human Error,No,Grievous Injury,Vehicle to Vehicle,Not at  Junction,Straight and flat,State Highway,Bitumen(Tar),Dry,No influence on accident,Clear,STATE HIGHWAY,NEAR MUTHURU,3,13.288041,77.5517139
Bengaluru Dist,Doddaballapura Town PS,1.0442e+16,2019,1,2,Road Accidents,Circle,City/Town,Open area,Human Error,No,Simple Injury,Vehicle to Vehicle,Uncontrolled,Curve,NH,Bitumen(Tar),Dry,No influence on accident,Clear,NATIONAL HIGWAY 207,NEAR IB CIRCLE,1,13.291998,77.531219
Bengaluru Dist,Doddaballapura Town PS,1.0442e+16,2019,1,2,Road Accidents,Narrow road,City/Town,Open area,Human Error,Yes,Grievous Injury,Vehicle to Vehicle,Not at  Junction,Straight and flat,State Highway,Bitumen(Tar),Dry,No influence on accident,Clear,STATE HIGHWAY,NEAR VIDYANAGARA,3,13.308613,77.546929
Bengaluru Dist,Doddaballapura Town PS,1.0442e+16,2019,1,1,Road Accidents,Narrow road,City/Town,Near a religious place,Human Error,Yes,Grievous Injury,Hit pedestrian,Not at  Junction,Straight and flat,Residential Street,Bitumen(Tar),Dry,No influence on accident,Clear,OTHER TOWN ROAD,NEAR MUTHYALAMMA TEMPLE,3,13.306818,77.54593
Bengaluru Dist,Doddaballapura Town PS,1.0442e+16,2019,1,2,Road Accidents,Narrow road,City/Town,Open area,Human Error,No,Grievous Injury,Vehicle to Vehicle,Not at  Junction,Straight and flat,State Highway,Bitumen(Tar),Dry,No influence on accident,Clear,SH-9,NEAR MUTHURU,3,13.306596,77.539523
Bengaluru Dist,Doddaballapura Town PS,1.0442e+16,2019,1,2,Road Accidents,Narrow road,City/Town,Near School or College,Human Error,No,Grievous Injury,Vehicle to Vehicle,Not at  Junction,Straight and flat,Others,Bitumen(Tar),Dry,No influence on accident,Clear,OTHER ROAD,NEAR KHAS BAG,3,13.283387,77.546713
Bengaluru Dist,Doddaballapura Town PS,1.0442e+16,2019,1,1,Road Accidents,Narrow road,City/Town,Open area,Human Error,No,Fatal,Hit pedestrian,Not at  Junction,Straight and flat,Two way,Bitumen(Tar),Dry,No influence on accident,Fine,DBpura Town bus stop to railway station Road,near Khasabag Prestige Motors front,3 KM,13.283725,77.546619
Bengaluru Dist,Doddaballapura Town PS,1.0442e+16,2019,1,2,Road Accidents,Narrow road,City/Town,Open area,Human Error,No,Damage Only,Vehicle to Vehicle,Uncontrolled,Hump,NH,Bitumen(Tar),Dry,No influence on accident,Clear,NH 207,NH 207 ROAD OPPOSITE TO LAVANYA SCHOOL,1,13.308289,77.536419
Bengaluru Dist,Doddaballapura Town PS,1.0442e+16,2019,1,2,Road Accidents,Circle,City/Town,Open area,Human Error,No,Simple Injury,Vehicle to Vehicle,Uncontrolled,Curve,NH,Bitumen(Tar),Dry,No influence on accident,Clear,NH 207,DODDABALLAPURA TOWN IB CIRCLE,1,13.311682,77.5418539
Bengaluru Dist,Doddaballapura Town PS,1.0442e+16,2019,1,2,Road Accidents,Cross roads,City/Town,Open area,Human Error,No,Grievous Injury,Vehicle to Vehicle,Not at  Junction,Curve,Two way,Bitumen(Tar),Dry,No influence on accident,Clear,TOWN RAOD,NEAR MANSA HOSPITAL,1 KM,13.303445,77.544714
Bengaluru Dist,Doddaballapura Town PS,1.0442e+16,2019,1,2,Road Accidents,Narrow road,City/Town,Near Bus stop,Human Error,No,Damage Only,Vehicle to Vehicle,Not at  Junction,Curve,Others,Bitumen(Tar),Dry,No influence on accident,Clear,OTHER ROAD,GANDHI CIRCLE,3,13.293672,77.543941
Bengaluru Dist,Doddaballapura Town PS,1.0442e+16,2019,1,2,Road Accidents,Narrow road,City/Town,Open area,Human Error,No,Damage Only,Vehicle to Vehicle,Not at  Junction,Straight and flat,NH,Bitumen(Tar),Dry,No influence on accident,Clear,NATIONAL HIGHWAY 207,IN FRONT OF DODDABALLAPURA TOWN PS,100,13.308431,77.544179
Bengaluru Dist,Doddaballapura Town PS,1.0442e+16,2019,1,2,Rail Road Accidents,Circle,City/Town,Open area,Human Error,No,Grievous Injury,Vehicle to Vehicle,Not at  Junction,Curve,State Highway,Bitumen(Tar),Dry,No influence on accident,Clear,STATE HIGWAY,NEAR RAILWAY STATION,3 KM,13.280242,77.551911
Bengaluru Dist,Doddaballapura Town PS,1.0442e+16,2019,1,1,Road Accidents,Other,City/Town,Near Bus stop,Human Error,No,Fatal,Hit pedestrian,Not Applicable,Straight and flat,State Highway,Bitumen(Tar),Dry,Not Applicable,Fine,SH-09,Infront of Kwality Bar,500 Mt,13.312217,77.540716
Bengaluru Dist,Doddaballapura Town PS,1.0442e+16,2019,1,2,Road Accidents,Narrow road,City/Town,Near School or College,Human Error,No,Grievous Injury,Vehicle to Vehicle,Not at  Junction,Straight and flat,Others,Bitumen(Tar),Dry,No influence on accident,Clear,TOWN ROAD,KHASBAG,2,13.283101,77.546899
Bengaluru Dist,Doddaballapura Town PS,1.0442e+16,2019,1,2,Rail Road Accidents,Narrow road,City/Town,Open area,Human Error,Yes,Grievous Injury,Vehicle to Vehicle,Not at  Junction,Straight and flat,State Highway,Bitumen(Tar),Dry,No influence on accident,Clear,STATE HIGHWAY,NEAR KRN PARK,4 K M,13.283898,77.5315629
Bengaluru Dist,Doddaballapura Town PS,1.0442e+16,2019,1,1,Road Accidents,Narrow road,City/Town,Open area,Human Error,Yes,Grievous Injury,Hit pedestrian,Not at  Junction,Straight and flat,Others,Bitumen(Tar),Dry,No influence on accident,Clear,TOWN ROAD,BHUVANESHWARI NAGARA,3,13.298594,77.550619
Bengaluru Dist,Doddaballapura Town PS,1.0442e+16,2019,1,2,Road Accidents,Circle,City/Town,Near Petrol Pump,Human Error,No,Fatal,Vehicle to Vehicle,Not Applicable,Curve,State Highway,Bitumen(Tar),Dry,No influence on accident,Clear,SH,IB CIRCLE DODDABALLAPURA TOWN,2 KM,13.296118,77.550318
Bengaluru Dist,Doddaballapura Town PS,1.0442e+16,2019,1,2,Road Accidents,Narrow road,City/Town,Open area,Human Error,Not Applicable,Fatal,Vehicle to Vehicle,Not Applicable,Not Applicable,Major District Road,Not Applicable,Dry,Construction Work / Material,Not Applicable,Bengaluru-Hindupura road,Near Siddenayakanahalli,60,13.295143,77.55067
Bengaluru Dist,Doddaballapura Town PS,1.0442e+16,2019,1,2,Road Accidents,Cross roads,City/Town,Open area,Human Error,No,Grievous Injury,Vehicle to Vehicle,Uncontrolled,Straight and flat,NH,Bitumen(Tar),Dry,No influence on accident,Cloudy,NH 207,NEAR RMC MARKET,1,13.288971,77.537956
Bengaluru Dist,Doddaballapura Town PS,1.0442e+16,2019,1,1,Road Accidents,Narrow road,City/Town,Open area,Human Error,No,Grievous Injury,Hit pedestrian,Not Applicable,Straight and flat,Residential Street,Bitumen(Tar),Dry,No influence on accident,Clear,COURT ROAD,COURT ROAD NEAR PREM MOTORS,1,13.305922,77.542926
Bengaluru Dist,Doddaballapura Town PS,1.0442e+16,2019,1,2,Road Accidents,Circle,City/Town,Open area,Human Error,No,Damage Only,Vehicle to Vehicle,Not at  Junction,Curve,State Highway,Bitumen(Tar),Dry,No influence on accident,Clear,STATE HIGHWAY,NEAR KCP CIRCLE,3,13.281809,77.531816
Bengaluru Dist,Doddaballapura Town PS,1.0442e+16,2019,1,1,Road Accidents,Not Applicable,City/Town,Near Petrol Pump,Not Applicable,No,Damage Only,Not Applicable,Not Applicable,Not Applicable,Major District Road,Bitumen(Tar),Others,Construction Work / Material,Others,Bangalore-Hindupura road,H P Petrol Pump,Kanma,13.295315,77.5507
Bengaluru Dist,Doddaballapura Town PS,1.0442e+16,2020,1,2,Road Accidents,Not Applicable,City/Town,Residential area,Not Applicable,No,Grievous Injury,Vehicle to Vehicle,Not at  Junction,Others,One way,Bitumen(Tar),Dry,Not Applicable,Fine,"Bangalore-Hindupura road, Siddenayakanahalli",Near D Mart,500 M,13.285519,77.551504
Bengaluru Dist,Doddaballapura Town PS,1.0442e+16,2020,1,2,Not Applicable,Not Applicable,City/Town,Near Hospital,Not Applicable,Not Applicable,Simple Injury,Not Applicable,Not Applicable,Others,Others,Not Applicable,Others,Not Applicable,Others,SCOUT COMP ROAD,SCOUT COPM ROAD,3,13.280598,77.554178
Bengaluru Dist,Doddaballapura Town PS,1.0442e+16,2020,1,2,Road Accidents,Narrow road,City/Town,Near Petrol Pump,Human Error,No,Fatal,Vehicle to Vehicle,Not at  Junction,Others,Others,Bitumen(Tar),Dry,No influence on accident,Fine,Railway station to Raghunathapura road,Near Indian Oil petrol bunk,4 K M,13.279898,77.555482
Bengaluru Dist,Doddaballapura Town PS,1.0442e+16,2020,1,1,Road Accidents,Narrow road,City/Town,Open area,Human Error,No,Fatal,Hit pedestrian,Not at  Junction,Straight and flat,Two way,Bitumen(Tar),Dry,No influence on accident,Fine,DBpura Town bus stop to D cross road near Nandi hospital,BR Tredars Shop front,1 Km,13.287057,77.542446
Bengaluru Dist,Doddaballapura Town PS,1.0442e+16,2020,1,2,Road Accidents,Narrow road,City/Town,Open area,Human Error,No,Grievous Injury,Vehicle to Vehicle,Not Applicable,Others,State Highway,Surfaced,Dry,No influence on accident,Clear,MUTHURU CROSS,DODDABALLAPURA TOWN,1KM,13.286431,77.552099
Bengaluru Dist,Doddaballapura Town PS,1.0442e+16,2020,1,2,Road Accidents,Narrow road,City/Town,Near office complex,Human Error,No,Fatal,Vehicle to Vehicle,Not at  Junction,Others,NH,Bitumen(Tar),Dry,No influence on accident,Fine,Dobbaspete-Devanahalli Road NH-207,Near Milk Dairy,1 KM,13.312755,77.540185
Bengaluru Dist,Doddaballapura Town PS,1.0442e+16,2020,1,2,Road Accidents,Narrow road,City/Town,Open area,Human Error,No,Fatal,Vehicle to Vehicle,Not at  Junction,Others,State Highway,Bitumen(Tar),Dry,No influence on accident,Fine,Hindupura-Bangalore,Ramdev granites,500 m,13.304406,77.548111
Bengaluru Dist,Doddaballapura Town PS,1.0442e+16,2020,1,1,Road Accidents,Narrow road,City/Town,Open area,Human Error,No,Fatal,Hit pedestrian,Not at  Junction,Straight and flat,Others,Bitumen(Tar),Dry,No influence on accident,Fine,KCP Circle To Taluk Office Road,Dinne basavanna Park Front Road,4 KM,13.28762,77.531273
Bengaluru Dist,Doddaballapura Town PS,1.0442e+16,2020,1,2,Road Accidents,Narrow road,City/Town,Open area,Human Error,No,Fatal,Vehicle to Vehicle,Not at  Junction,Curve,Others,Bitumen(Tar),Dry,No influence on accident,Fine,Dobbaspete-Devanahalli Road NH-207,Near RMC Yard,1 KM,13.313605,77.537987
Bengaluru Dist,Doddaballapura Town PS,1.0442e+16,2020,1,1,Road Accidents,Narrow road,City/Town,Residential area,Human Error,No,Fatal,Hit pedestrian,Not at  Junction,Straight and flat,Residential Street,Bitumen(Tar),Dry,No influence on accident,Fine,Near Excise office Court Road DBpura Town,Near excise Office,2 K M,13.303413,77.541789
Bengaluru Dist,Doddaballapura Town PS,1.0442e+16,2020,1,1,Not Applicable,Not Applicable,City/Town,Open area,Not Applicable,Not Applicable,Damage Only,Not Applicable,Not Applicable,Others,NH,Not Applicable,Others,Construction Work / Material,Others,BENGALORE -HINDUPUR NH ROAD,MUTTURU RODA,1,13.285834,77.5520679
Bengaluru Dist,Doddaballapura Town PS,1.0442e+16,2020,1,2,Road Accidents,Cross roads,City/Town,Residential area,Not Applicable,No,Grievous Injury,Vehicle to Vehicle,Not Applicable,Not Applicable,Others,Not Applicable,Not Applicable,Not Applicable,Very Hot,NEAR 7TH CROSS SHANTHINAGAR,0,3,13.295474,77.543406
Bengaluru Dist,Doddaballapura Town PS,1.0442e+16,2020,1,1,Road Accidents,Not Applicable,City/Town,Near School or College,Not Applicable,Not Applicable,Damage Only,Not Applicable,Not Applicable,Not Applicable,Others,Not Applicable,Others,Not Applicable,Fine,DODDABALLAPUR - NELAMANGAL ROAD,NEAR BASAVANNA TEMPLE,1,13.288094,77.5300789
Bengaluru Dist,Doddaballapura Town PS,1.0442e+16,2020,1,1,Road Accidents,Not Applicable,City/Town,Near or inside a village,Not Applicable,Not Applicable,Damage Only,Not Applicable,Not at  Junction,Others,State Highway,Not Applicable,Not Applicable,Not Applicable,Clear,BENGALORE HINDUPUR NATIONAL HIGHWAY,NEAR TB CIRCLE,0,13.309123,77.543939
Bengaluru Dist,Doddaballapura Town PS,1.0442e+16,2020,1,2,Road Accidents,Not Applicable,City/Town,Open area,Not Applicable,No,Damage Only,Vehicle to Vehicle,Not Applicable,Others,NH,Not Applicable,Others,Not Applicable,Others,HINDUPUR -BENGALORE ROAD  NEAR SIDDENAYAKANAHALLI,NH,2,13.298828,77.549843
Bengaluru Dist,Doddaballapura Town PS,1.0442e+16,2020,1,2,Road Accidents,Junction,City/Town,Near office complex,Human Error,No,Fatal,Vehicle to Vehicle,Uncontrolled,Straight and flat,State Highway,Bitumen(Tar),Dry,No influence on accident,Fine,Hindupura-Bangalore-Devanahalli,Near Rajasri compart,1 Km,13.302246,77.550492
Bengaluru Dist,Doddaballapura Town PS,1.0442e+16,2020,1,2,Road Accidents,Circle,City/Town,Near Hospital,Vehicle Defect,No,Damage Only,Vehicle to Vehicle,Not Applicable,Curve,Others,Not Applicable,Others,Not Applicable,Heavy Rain,ORTHER ROAD,DODDABALLAPURA TOWN,1,13.31167,77.541255
Bengaluru Dist,Doddaballapura Town PS,1.0442e+16,2020,1,2,Road Accidents,Junction,City/Town,Near Bus stop,Not Applicable,No,Damage Only,Vehicle to Vehicle,No signal lights,Others,Others,Not Applicable,Others,Not Applicable,Fine,THALUK OFFICE ROAD,DODDABALLAPURA TOWN,0,13.300958,77.538697
Bengaluru Dist,Doddaballapura Town PS,1.0442e+16,2020,1,1,Road Accidents,Road hump or Rumble strips,City/Town,Open area,Not Applicable,No,Simple Injury,Not Applicable,Not Applicable,Others,NH,Not Applicable,Not Applicable,Not Applicable,Very Hot,ORTHER ROAD,DODDABALLAPURA TOWN,3,13.281951,77.55227
Bengaluru Dist,Doddaballapura Town PS,1.0442e+16,2020,1,2,Road Accidents,Circle,City/Town,Near Bus stop,Not Applicable,No,Damage Only,Vehicle to Vehicle,No signal lights,Others,NH,Bitumen(Tar),Dry,Not Applicable,Others,Bangalore-Hindupura road,Near Railway station,300 m,13.281045,77.551961
Bengaluru Dist,Doddaballapura Town PS,1.0442e+16,2020,1,2,Road Accidents,Circle,City/Town,Near Bus stop,Not Applicable,Yes,Grievous Injury,Vehicle to Vehicle,Not Applicable,Not Applicable,Not Applicable,Bitumen(Tar),Others,Construction Work / Material,Clear,Tar Road,Bus Stop,500 m,13.312605,77.544528
Bengaluru Dist,Doddaballapura Town PS,1.0442e+16,2020,1,2,Road Accidents,Narrow road,City/Town,Open area,Human Error,No,Fatal,Vehicle to Vehicle,Not at  Junction,Others,State Highway,Bitumen(Tar),Dry,No influence on accident,Fine,Bangalore to Hindupura Road,near Siddenayakanahalli,2 KM,13.294071,77.540526
Bengaluru Dist,Doddaballapura Town PS,1.0442e+16,2020,1,1,Road Accidents,Narrow road,City/Town,Residential area,Human Error,No,Grievous Injury,Hit pedestrian,Not Applicable,Not Applicable,One way,Bitumen(Tar),Others,Not Applicable,Others,"Sanjayanagara, Nelamangala Main Road",Main Road,03 KM,13.271797,77.550526
Bengaluru Dist,Doddaballapura Town PS,1.0442e+16,2020,1,1,Road Accidents,Narrow road,City/Town,Open area,Human Error,No,Fatal,Hit pedestrian,Not at  Junction,Straight and flat,State Highway,Bitumen(Tar),Dry,No influence on accident,Others,Hindupura-Bangalore,Near police station,100 mt,13.308733,77.544397
Bengaluru Dist,Doddaballapura Town PS,1.0442e+16,2021,1,1,Road Accidents,Narrow road,City/Town,Near Bus stop,Human Error,No,Fatal,Not Applicable,Not at  Junction,Others,State Highway,Bitumen(Tar),Dry,No influence on accident,Fine,D.B.Pura-Bangalore Road,Near Thirumala wines,500 M,13.306524,77.546101
Bengaluru Dist,Doddaballapura Town PS,1.0442e+16,2021,1,1,Road Accidents,Narrow road,City/Town,Open area,Human Error,No,Fatal,Not Applicable,Not at  Junction,Straight and flat,State Highway,Bitumen(Tar),Dry,No influence on accident,Fine,Railway station to Mutturu road,Near Anjaneya temple Road,2.5 KM,13.285856,77.551711
Bengaluru Dist,Doddaballapura Town PS,1.0442e+16,2021,1,2,Road Accidents,Narrow road,City/Town,Open area,Human Error,Not Applicable,Damage Only,Vehicle to Vehicle,Not Applicable,Straight and flat,Others,Not Applicable,Not Applicable,No influence on accident,Others,OTHER ROAD,DODDABALLAPURA TOWN,1 KM,13.306306,77.537711
Bengaluru Dist,Doddaballapura Town PS,1.0442e+16,2021,1,3,Road Accidents,Narrow road,City/Town,Open area,Human Error,Not Applicable,Grievous Injury,Vehicle to Vehicle,Not Applicable,Straight and flat,State Highway,Bitumen(Tar),Dry,No influence on accident,Clear,Near Railway Under Bridge,DODDABALLAPURA TOWN,2.5 Km,13.282738,77.5535429
Bengaluru Dist,Doddaballapura Town PS,1.0442e+16,2021,1,1,Road Accidents,Narrow road,City/Town,Residential area,Human Error,No,Grievous Injury,Hit pedestrian,Controlled,Straight and flat,State Highway,Not Applicable,Dry,No influence on accident,Clear,DODDABALLAPURA TOWN,DODDABALLAPURA TOWN,01KM,13.306866,77.545971