DISTRICTNAME,UNITNAME,Crime_No,Year,RI,Noofvehicle_involved,Accident_Classification,Accident_Spot,Accident_Location,Accident_SubLocation,Main_Cause,Hit_Run,Severity,Collision_Type,Junction_Control,Road_Character,Road_Type,Surface_Type,Surface_Condition,Road_Condition,Weather,Accident_Road,Landmark_first,Distance_LandMark_First,Latitude,Longitude
Bengaluru Dist,Doddaballapura Town PS,1.0442e+16,2021,1,1,Road Accidents,Curves,City/Town,Open area,Human Error,No,Fatal,Not Applicable,Not at  Junction,Curve,State Highway,Bitumen(Tar),Dry,No influence on accident,Fine,Bangalore-Doddaballapur Road,Near Arkavathi bridge near,2 KM,13.296605,77.539773
Bengaluru Dist,Doddaballapura Town PS,1.0442e+16,2021,1,2,Road Accidents,Narrow road,City/Town,Near Petrol Pump,Human Error,No,Fatal,Vehicle to Vehicle,Not at  Junction,Others,State Highway,Bitumen(Tar),Dry,No influence on accident,Fine,Gowribidanuru-Doddaballapura Road,Near T S Mahadevaiah petrol bank,500 m,13.306495,77.545944
Bengaluru Dist,Doddaballapura Town PS,1.0442e+16,2021,1,1,Road Accidents,Narrow road,City/Town,Open area,Human Error,No,Fatal,Not Applicable,Not at  Junction,Straight and flat,State Highway,Bitumen(Tar),Others,No influence on accident,Others,Bangalore To Gowribidanuru,Mutturu circle near,3 Km,13.286797,77.551566
Bengaluru Dist,Doddaballapura Town PS,1.0442e+16,2021,1,1,Road Accidents,Narrow road,City/Town,Near Bus stop,Human Error,Yes,Simple Injury,Not Applicable,Not Applicable,Straight and flat,Others,Surfaced,Not Applicable,Not Applicable,Clear,BASAVA BHAVANA,DODDABALLAPURA TOWN,1 KM,13.287353,77.5341199
Bengaluru Dist,Doddaballapura Town PS,1.0442e+16,2021,1,1,Road Accidents,Circle,City/Town,Near Bus stop,Human Error,No,Fatal,Hit pedestrian,Not at  Junction,Others,State Highway,Bitumen(Tar),Dry,No influence on accident,Fine,Bangalore To Gowribidanuru,Near D Cross,500 M,13.306453,77.546093
Bengaluru Dist,Doddaballapura Town PS,1.0442e+16,2021,1,1,Road Accidents,Narrow road,City/Town,Residential area,Human Error,No,Fatal,Not Applicable,Not at  Junction,Others,Others,Bitumen(Tar),Dry,No influence on accident,Others,D.B.Pura to Nelamangala Road,Aralenne seenappa land near,4 K M,13.28693,77.542472
Bengaluru Dist,Doddaballapura Town PS,1.0442e+16,2021,1,1,Road Accidents,Narrow road,City/Town,At pedestrian Crossing,Human Error,No,Grievous Injury,Hit pedestrian,Controlled,Straight and flat,State Highway,Surfaced,Dry,No influence on accident,Clear,MUTHURU,DODDABALLAPURA TOWN,2km,13.287564,77.55175
Bengaluru Dist,Doddaballapura Town PS,1.0442e+16,2021,1,1,Road Accidents,Narrow road,City/Town,Open area,Human Error,No,Fatal,Not Applicable,Not at  Junction,Others,NH,Bitumen(Tar),Dry,No influence on accident,Fine,Dobbaspete-Devanahalli Road NH-207,Near Balaji Daba,2 KM,13.279524,77.550049
Bengaluru Dist,Doddaballapura Town PS,1.0442e+16,2021,1,2,Road Accidents,Narrow road,City/Town,Open area,Human Error,No,Grievous Injury,Vehicle to Vehicle,Not Applicable,Straight and flat,NH,Not Applicable,Dry,No influence on accident,Others,INFRONT OF RMC GATE,DODDABALLAPURA TOWN,500mtr,13.310165,77.539539
Bengaluru Dist,Doddaballapura Town PS,1.0442e+16,2021,1,1,Road Accidents,Cross roads,City/Town,Open area,Human Error,No,Fatal,Hit pedestrian,Uncontrolled,Others,State Highway,Bitumen(Tar),Others,Not Applicable,Others,Bangalore-Doddaballapura Road,Dbpura,150,13.280505,77.551634
Bengaluru Dist,Doddaballapura Town PS,1.0442e+16,2021,1,1,Road Accidents,Narrow road,City/Town,Open area,Human Error,Yes,Grievous Injury,Not Applicable,Controlled,Straight and flat,NH,Not Applicable,Others,No influence on accident,Clear,Near Rajashree Comfort,DODDABALLAPURA TOWN,1 km,13.303222,77.549279
Bengaluru Dist,Doddaballapura Town PS,1.0442e+16,2021,1,1,Road Accidents,Narrow road,City/Town,Near Hospital,Human Error,Not Applicable,Grievous Injury,Not Applicable,Controlled,Straight and flat,State Highway,Bitumen(Tar),Dry,No influence on accident,Others,Near Layans Club Hospital,DODDABALLAPURA TOWN,1km,13.308165,77.535048
Bengaluru Dist,Doddaballapura Town PS,1.0442e+16,2021,1,1,Road Accidents,Narrow road,City/Town,Residential area,Human Error,Yes,Simple Injury,Not Applicable,Not Applicable,Others,Service Road,Not Applicable,Others,Not Applicable,Cloudy,NEAR KMH CHOWTRY NELAMANGALA ROAD,DODDABALLAPURA TOWN,03KM,13.285342,77.53366
Bengaluru Dist,Doddaballapura Town PS,1.0442e+16,2021,1,1,Road Accidents,Curves,City/Town,Open area,Human Error,No,Fatal,Not Applicable,Uncontrolled,Curve,State Highway,Bitumen(Tar),Dry,Not Applicable,Fine,Bengaluru Gowribidanuru Road,near D Cross Railway gate,1 KM,13.300088,77.549661
Bengaluru Dist,Doddaballapura Town PS,1.0442e+16,2021,1,1,Road Accidents,Not Applicable,City/Town,Open area,Not Applicable,No,Fatal,Hit pedestrian,Uncontrolled,Others,NH,Bitumen(Tar),Others,Not Applicable,Others,Doddaballapura-Dobaspete Road,LVT Bar & Restaurant,150,13.310215,77.539661
Bengaluru Dist,Doddaballapura Town PS,1.0442e+16,2021,1,1,Road Accidents,Narrow road,City/Town,Open area,Human Error,No,Fatal,Hit pedestrian,Uncontrolled,Straight and flat,State Highway,Bitumen(Tar),Dry,No influence on accident,Others,Bangalore-Doddaballapura Road,Near Chaithra Bar & Resturant,1.6,13.285758,77.552587
Bengaluru Dist,Doddaballapura Town PS,1.0442e+16,2021,1,1,Road Accidents,Narrow road,City/Town,Residential area,Human Error,No,Fatal,Hit pedestrian,Not at  Junction,Others,Others,Bitumen(Tar),Dry,No influence on accident,Others,Doddaballapura-Nelamangala,Ravikumar house,3 KM,13.285826,77.537225
Bengaluru Dist,Doddaballapura Town PS,1.0442e+16,2021,1,1,Road Accidents,Narrow road,City/Town,At pedestrian Crossing,Human Error,No,Grievous Injury,Hit pedestrian,Not Applicable,Straight and flat,NH,Surfaced,Dry,No influence on accident,Clear,Near Muthuru,DODDABALLAPURA TOWN,3km,13.292624,77.544086
Bengaluru Dist,Doddaballapura Town PS,1.0442e+16,2021,1,1,Road Accidents,Narrow road,City/Town,Near Petrol Pump,Human Error,No,Grievous Injury,Hit pedestrian,Controlled,Straight and flat,Others,Surfaced,Dry,No influence on accident,Clear,NEAR PETROL BUNK RAGHUNATHAPURA ROAD,DODDABALLAPURA TOWN,3 KM,13.280919,77.554822
Bengaluru Dist,Doddaballapura Town PS,1.0442e+16,2022,1,1,Road Accidents,Not Applicable,City/Town,Open area,Human Error,No,Fatal,Hit pedestrian,Not at  Junction,Others,State Highway,Bitumen(Tar),Dry,Not Applicable,Clear,Infront of GK Green Valley Layout,Infront of GK Green Valley Layout,3 KM,13.284104,77.530973
Bengaluru Dist,Doddaballapura Town PS,1.0442e+16,2022,1,2,Road Accidents,Narrow road,City/Town,Open area,Human Error,No,Grievous Injury,Vehicle to Vehicle,Controlled,Straight and flat,State Highway,Bitumen(Tar),Dry,No influence on accident,Clear,D mart,DODDABALLAPURA TOWN,2KM,13.28993,77.551798
Bengaluru Dist,Doddaballapura Town PS,1.0442e+16,2022,1,1,Road Accidents,Narrow road,City/Town,At pedestrian Crossing,Human Error,Not Applicable,Simple Injury,Hit pedestrian,Controlled,Straight and flat,State Highway,Bitumen(Tar),Dry,No influence on accident,Clear,TB Circle,DODDABALLAPURA TOWN,500mtr,13.305836,77.5416049
Bengaluru Dist,Doddaballapura Town PS,1.0442e+16,2022,1,2,Road Accidents,Circle,City/Town,Open area,Human Error,Not Applicable,Damage Only,Vehicle to Vehicle,Controlled,Straight and flat,State Highway,Bitumen(Tar),Dry,No influence on accident,Clear,Railway Station Circle,DODDABALLAPURA TOWN,2.5 Km,13.279495,77.552011
Bengaluru Dist,Doddaballapura Town PS,1.0442e+16,2022,1,2,Road Accidents,Narrow road,City/Town,Open area,Human Error,Not Applicable,Simple Injury,Vehicle to Vehicle,Not Applicable,Straight and flat,State Highway,Bitumen(Tar),Dry,No influence on accident,Clear,Siddenayakanahalli,DODDABALLAPURA TOWN,2KM,13.29393,77.544053
Bengaluru Dist,Doddaballapura Town PS,1.0442e+16,2022,1,2,Road Accidents,Circle,City/Town,Near Bus stop,Human Error,No,Damage Only,Vehicle to Vehicle,Controlled,Curve,State Highway,Bitumen(Tar),Dry,No influence on accident,Hail or Sleet,TB Circle,DODDABALLAPURA TOWN,500mtr,0.0,0.0
Bengaluru Dist,Doddaballapura Town PS,1.0442e+16,2022,1,2,Road Accidents,Circle,City/Town,Near office complex,Human Error,No,Damage Only,Vehicle to Vehicle,Controlled,Straight and flat,State Highway,Bitumen(Tar),Dry,No influence on accident,Clear,D Mart,DODDABALLAPURA TOWN,2km,13.290524,77.551854
Bengaluru Dist,Doddaballapura Town PS,1.0442e+16,2022,1,2,Road Accidents,Circle,City/Town,Residential area,Human Error,Not Applicable,Grievous Injury,Vehicle to Vehicle,Controlled,Curve,State Highway,Bitumen(Tar),Dry,No influence on accident,Clear,Taluk Office Circle,DODDABALLAPURA TOWN,2.5 km,13.297285,77.538777
Bengaluru Dist,Doddaballapura Town PS,1.0442e+16,2022,1,2,Road Accidents,Narrow road,City/Town,Near Bus stop,Human Error,No,Grievous Injury,Vehicle to Vehicle,Controlled,Straight and flat,State Highway,Bitumen(Tar),Dry,No influence on accident,Clear,Railway Station Circle,DODDABALLAPURA TOWN,2.5 Km,13.279825,77.55197
Bengaluru Dist,Doddaballapura Town PS,1.0442e+16,2022,1,2,Road Accidents,Narrow road,City/Town,Open area,Human Error,No,Damage Only,Vehicle to Vehicle,Not Applicable,Straight and flat,State Highway,Bitumen(Tar),Dry,No influence on accident,Clear,TB Circle,DODDABALLAPURA TOWN,500mtr,13.28104,77.552186
Bengaluru Dist,Doddaballapura Town PS,1.0442e+16,2022,1,2,Road Accidents,Narrow road,Rural Areas,Near School or College,Human Error,No,Grievous Injury,Vehicle to Vehicle,Controlled,Straight and flat,Others,Bitumen(Tar),Others,No influence on accident,Clear,Infront Of Mahaveer Jain School,DODDABALLAPURA TOWN,1 km,13.292909,77.538012
Bengaluru Dist,Doddaballapura Town PS,1.0442e+16,2022,1,2,Road Accidents,Not Applicable,City/Town,Near Bus stop,Human Error,Yes,Simple Injury,Vehicle to Vehicle,Controlled,Straight and flat,Others,Bitumen(Tar),Dry,No influence on accident,Others,Railway Under Bridge,DODDABALLAPURA TOWN,3 KM,13.287606,77.552685
Bengaluru Dist,Doddaballapura Town PS,1.0442e+16,2022,1,2,Road Accidents,Narrow road,City/Town,Near School or College,Human Error,Yes,Grievous Injury,Vehicle to Vehicle,Controlled,Straight and flat,State Highway,Bitumen(Tar),Dry,No influence on accident,Clear,Near Thotagarike Ilakhe,DODDABALLAPURA TOWN,1.5 Km,13.297218,77.538829
Bengaluru Dist,Doddaballapura Town PS,1.0442e+16,2022,1,1,Road Accidents,Narrow road,City/Town,Near Bus stop,Human Error,Not Applicable,Grievous Injury,Hit pedestrian,Controlled,Straight and flat,NH,Bitumen(Tar),Dry,No influence on accident,Clear,Railway Station Bus Stand,DODDABALLAPURA TOWN,2.5 Km,13.288127,77.531975
Bengaluru Dist,Doddaballapura Town PS,1.0442e+16,2022,1,2,Road Accidents,Curves,City/Town,Open area,Human Error,No,Damage Only,Vehicle to Vehicle,Not Applicable,Straight and flat,State Highway,Bitumen(Tar),Dry,No influence on accident,Clear,Rajashree Comfort Circle,DODDABALLAPURA TOWN,1KM,13.282378,77.548382
Bengaluru Dist,Doddaballapura Town PS,1.0442e+16,2022,1,2,Road Accidents,Narrow road,City/Town,Open area,Human Error,Yes,Fatal,Vehicle to Vehicle,Not Applicable,Straight and flat,State Highway,Bitumen(Tar),Dry,Not Applicable,Others,Bangalore-Gowribidnuru road,Near D Mart,2 KM,13.290909,77.552019
Bengaluru Dist,Doddaballapura Town PS,1.0442e+16,2022,1,2,Road Accidents,Circle,City/Town,Open area,Human Error,No,Grievous Injury,Vehicle to Vehicle,Controlled,Others,State Highway,Bitumen(Tar),Ditch or Potholed,No influence on accident,Hail or Sleet,Court Cross,DODDABALLAPURA TOWN,400 mt,13.31129,77.541973
Bengaluru Dist,Doddaballapura Town PS,1.0442e+16,2022,1,1,Road Accidents,Not Applicable,City/Town,Open area,Human Error,No,Fatal,Not Applicable,Controlled,Straight and flat,State Highway,Bitumen(Tar),Dry,Not Applicable,Clear,Nelamangala-CB Pura Road,Jamiya Abdulla Ibn A Masjid,2.5,0.0,0.0
Bengaluru Dist,Doddaballapura Town PS,1.0442e+16,2022,1,2,Road Accidents,Narrow road,City/Town,Residential area,Human Error,No,Fatal,Not Applicable,Uncontrolled,Others,State Highway,Bitumen(Tar),Dry,Not Applicable,Fine,Bengaluru Gowribidanuru,Muthuru Village,2 KM,13.287599,77.5522999
Bengaluru Dist,Doddaballapura Town PS,1.0442e+16,2022,1,1,Road Accidents,Narrow road,City/Town,Near office complex,Human Error,No,Fatal,Hit pedestrian,Not at  Junction,Others,NH,Bitumen(Tar),Dry,No influence on accident,Fine,Dabaspete-Doddaballapura NH 207 road,Near Dairy circle,2 KM,13.281758,77.532093
Bengaluru Dist,Doddaballapura Town PS,1.0442e+16,2022,1,1,Road Accidents,Not Applicable,City/Town,Open area,Human Error,Yes,Grievous Injury,Hit pedestrian,Controlled,Straight and flat,Others,Bitumen(Tar),Dry,No influence on accident,Hail or Sleet,Shanthinagara,DODDABALLAPURA TOWN,2.5 Km,13.299104,77.529647
Bengaluru Dist,Doddaballapura Town PS,1.0442e+16,2022,1,2,Road Accidents,Narrow road,City/Town,Near Petrol Pump,Human Error,Not Applicable,Damage Only,Vehicle to Vehicle,Controlled,Straight and flat,State Highway,Bitumen(Tar),Dry,No influence on accident,Hail or Sleet,D Mart,DODDABALLAPURA TOWN,2.5 Km,13.290151,77.551727
Bengaluru Dist,Doddaballapura Town PS,1.0442e+16,2022,1,2,Road Accidents,Narrow road,City/Town,Near Bus stop,Human Error,Not Applicable,Grievous Injury,Vehicle to Vehicle,Controlled,Curve,State Highway,Bitumen(Tar),Dry,No influence on accident,Clear,Court Road,DODDABALLAPURA TOWN,2km,13.301769,77.541552
Bengaluru Dist,Doddaballapura Town PS,1.0442e+16,2022,1,2,Road Accidents,Not Applicable,City/Town,Open area,Human Error,No,Fatal,Vehicle to Vehicle,Controlled,Straight and flat,State Highway,Bitumen(Tar),Dry,Not Applicable,Fog / Mist,Nelamangala Road,Infront Of Kongadiyappa Collage,3 KM,13.288999,77.532216
Bengaluru Dist,Doddaballapura Town PS,1.0442e+16,2022,1,2,Road Accidents,Not Applicable,City/Town,Near School or College,Human Error,No,Grievous Injury,Vehicle to Vehicle,Not Applicable,Others,Others,Surfaced,Dry,No influence on accident,Hail or Sleet,"Near Adithya School, Sanjayanagara",DODDABALLAPURA TOWN,3 KM,13.280615,77.55153
Bengaluru Dist,Doddaballapura Town PS,1.0442e+16,2022,1,2,Road Accidents,Cross roads,City/Town,Open area,Human Error,No,Fatal,Vehicle to Vehicle,Uncontrolled,Sharp Curve,Others,Bitumen(Tar),Others,No influence on accident,Others,"Court road Cross, Doddaballapura Town",Near Court road Cross,1.6,13.286133,77.552458
Bengaluru Dist,Doddaballapura Town PS,1.0442e+16,2022,1,1,Road Accidents,Narrow road,City/Town,Near Bus stop,Human Error,Not Applicable,Grievous Injury,Hit bicyclist,Controlled,Straight and flat,NH,Bitumen(Tar),Dry,No influence on accident,Clear,"Near Chikkegowda Weigh Bridge, Dabaspete Road",DODDABALLAPURA TOWN,1.5 km,0.0,0.0
Bengaluru Dist,Doddaballapura Town PS,1.0442e+16,2022,1,2,Road Accidents,Cross roads,City/Town,Near Bus stop,Human Error,Not Applicable,Grievous Injury,Vehicle to Vehicle,Controlled,Straight and flat,State Highway,Bitumen(Tar),Flooded,No influence on accident,Clear,KCP Circle,DODDABALLAPURA TOWN,3.5 Km,13.282671,77.531541
Bengaluru Dist,Doddaballapura Town PS,1.0442e+16,2022,1,1,Road Accidents,Not Applicable,City/Town,Near Bus stop,Human Error,Not Applicable,Grievous Injury,Vehicle to Vehicle,Controlled,Straight and flat,Others,Bitumen(Tar),Dry,No influence on accident,Others,Sanjayanagara,DODDABALLAPURA TOWN,2 KM,13.286023,77.536312
Bengaluru Dist,Doddaballapura Town PS,1.0442e+16,2022,1,2,Road Accidents,Cross roads,City/Town,Near Bus stop,Human Error,Not Applicable,Grievous Injury,Vehicle to Vehicle,Controlled,Slight Curve,State Highway,Bitumen(Tar),Dry,No influence on accident,Clear,Infront Of Gramina Abyudaya Seva Samsthe,DODDABALLAPURA TOWN,500mtr,0.0,0.0
Bengaluru Dist,Doddaballapura Town PS,1.0442e+16,2022,1,2,Road Accidents,Narrow road,City/Town,Near Bus stop,Human Error,Not Applicable,Grievous Injury,Vehicle to Vehicle,Controlled,Straight and flat,State Highway,Bitumen(Tar),Others,No influence on accident,Hail or Sleet,KCP Circle,DODDABALLAPURA TOWN,3 KM,13.2814,77.531594
Bengaluru Dist,Doddaballapura Town PS,1.0442e+16,2022,1,2,Road Accidents,Circle,City/Town,Open area,Human Error,No,Damage Only,Vehicle to Vehicle,Not Applicable,Hump,NH,Surfaced,Dry,No influence on accident,Clear,D Cross Circle,DODDABALLAPURA TOWN,500mtr,13.286825,77.542572
Bengaluru Dist,Doddaballapura Town PS,1.0442e+16,2022,1,2,Road Accidents,Circle,City/Town,Near Bus stop,Human Error,Not Applicable,Grievous Injury,Vehicle to Vehicle,Controlled,Slight Curve,State Highway,Bitumen(Tar),Dry,No influence on accident,Hail or Sleet,TB Circle,DODDABALLAPURA TOWN,500mtr,13.311554,77.541678
Bengaluru Dist,Doddaballapura Town PS,1.0442e+16,2022,1,2,Road Accidents,Narrow road,City/Town,Open area,Human Error,No,Grievous Injury,Vehicle to Vehicle,Controlled,Straight and flat,State Highway,Bitumen(Tar),Dry,No influence on accident,Clear,D Mart,DODDABALLAPURA TOWN,2.5 Km,13.290818,77.551615
Bengaluru Dist,Doddaballapura Town PS,1.0442e+16,2022,1,2,Road Accidents,Circle,City/Town,Near Petrol Pump,Human Error,Not Applicable,Simple Injury,Vehicle to Vehicle,Controlled,Straight and flat,State Highway,Bitumen(Tar),Dry,No influence on accident,Clear,"HP Petrol Bunk,Gangadharapura",DODDABALLAPURA TOWN,1 Km,0.0,0.0
Bengaluru Dist,Doddaballapura Town PS,1.0442e+16,2023,1,2,Road Accidents,Circle,Rural Areas,Open area,Not Applicable,Yes,Simple Injury,Vehicle to Vehicle,Not Applicable,Others,NH,Bitumen(Tar),Dry,Not Applicable,Clear,TB Circle- Dabaspete Road,Near Pratham Maruthi Showroom,1 KMS,13.310875,77.540862
Bengaluru Dist,Doddaballapura Town PS,1.0442e+16,2023,1,1,Road Accidents,Circle,City/Town,Residential area,Human Error,No,Grievous Injury,Hit pedestrian,Controlled,Straight and flat,Two way,Bitumen(Tar),Dry,Not Applicable,Cloudy,Doddaballapura Yalahanka,1,2,13.30868,77.544717
Bengaluru Dist,Doddaballapura Town PS,1.0442e+16,2023,1,1,Road Accidents,Narrow road,City/Town,Near Bus stop,Human Error,Not Applicable,Fatal,Hit pedestrian,Controlled,Straight and flat,NH,Bitumen(Tar),Dry,No influence on accident,Clear,"Near Concrete blocks, Doddaballapura-Tumakuru Road",DODDABALLAPURA TOWN,2km,13.286059,77.546404
Bengaluru Dist,Doddaballapura Town PS,1.0442e+16,2023,1,1,Road Accidents,Curves,City/Town,Near office complex,Human Error,No,Fatal,Not Applicable,Stop Sign,Hump,Residential Street,Bitumen(Tar),Dry,Not Applicable,Cloudy,Doddaballapura Town Shenigarapete Lions Club Road,Gandicircle,60ft,0.0,0.0
Bengaluru Dist,Doddaballapura Town PS,1.0442e+16,2023,1,2,Road Accidents,Not Applicable,City/Town,Near Bus stop,Human Error,Yes,Grievous Injury,Vehicle to Vehicle,Controlled,Straight and flat,State Highway,Bitumen(Tar),Dry,No influence on accident,Clear,New Karagadagudi Dhrowpadamma Temple Road,DODDABALLAPURA TOWN,1 km,13.293875,77.544317
Bengaluru Dist,Doddaballapura Town PS,1.0442e+16,2023,1,1,Road Accidents,Not Applicable,City/Town,Near Hospital,Human Error,Not Applicable,Grievous Injury,Hit pedestrian,Controlled,Straight and flat,State Highway,Bitumen(Tar),Dry,No influence on accident,Clear,Infront Of Ganesh Medicals,DODDABALLAPURA TOWN,1 km,13.283585,77.529854
Bengaluru Dist,Doddaballapura Town PS,1.0442e+16,2023,1,1,Road Accidents,Not Applicable,Rural Areas,Open area,Not Applicable,Not Applicable,Fatal,Vehicle to Vehicle,Not Applicable,Not Applicable,Others,Bitumen(Tar),Dry,Not Applicable,Clear,A Na Krishna Rao Road,Near Gundanna Flower Shop,2 KMS,13.292194,77.53598
Bengaluru Dist,Doddaballapura Town PS,1.0442e+16,2023,1,1,Road Accidents,Circle,City/Town,Near Bus stop,Human Error,Not Applicable,Damage Only,Not Applicable,Controlled,Not Applicable,State Highway,Bitumen(Tar),Dry,No influence on accident,Clear,Siddenayakanahalli,DODDABALLAPURA TOWN,1.5 km,13.295759,77.550024
Bengaluru Dist,Doddaballapura Town PS,1.0442e+16,2023,1,2,Road Accidents,Circle,City/Town,Near Bus stop,Not Applicable,No,Damage Only,Vehicle to Vehicle,Not Applicable,Others,State Highway,Bitumen(Tar),Dry,Not Applicable,Clear,Gowribidanuru- Doddaballapura Road,Near D Cross Circal,500mtr,0.0,0.0
Bengaluru Dist,Doddaballapura Town PS,1.0442e+16,2023,1,1,Not Applicable,Not Applicable,Rural Areas,In bazaar,Human Error,No,Grievous Injury,Not Applicable,Not Applicable,Others,Others,Gravel,Wet,Construction Work / Material,Cloudy,Ishanic Project Layout,1,1,13.29268,77.552827
Bengaluru Dist,Doddaballapura Town PS,1.0442e+16,2023,1,1,Road Accidents,Circle,City/Town,Near Bus stop,Not Applicable,No,Grievous Injury,Hit pedestrian,Not Applicable,Others,State Highway,Bitumen(Tar),Dry,Not Applicable,Clear,Doddaballapura Town D Cross,Near D Cross,500 M,13.294674,77.5439019
Bengaluru Dist,Doddaballapura Town PS,1.0442e+16,2023,1,1,Road Accidents,Cross roads,City/Town,Near Bus stop,Human Error,Not Applicable,Grievous Injury,Not Applicable,Controlled,Curve,State Highway,Bitumen(Tar),Dry,No influence on accident,Clear,Siddenayakanahalli Colony,DODDABALLAPURA TOWN,2km,13.309016,77.542779
Bengaluru Dist,Doddaballapura Town PS,1.0442e+16,2023,1,2,Road Accidents,Narrow road,City/Town,Residential area,Human Error,No,Fatal,Vehicle to Vehicle,Not Applicable,Straight and flat,Residential Street,Bitumen(Tar),Dry,Not Applicable,Fine,Doddaballapura Town Cross To Gandhi Circle,Near ICICI Bank,100ft,13.300713,77.543355
Bengaluru Dist,Doddaballapura Town PS,1.0442e+16,2023,1,2,Road Accidents,Circle,City/Town,Near Bus stop,Human Error,No,Grievous Injury,Vehicle to Vehicle,Controlled,Others,State Highway,Bitumen(Tar),Dry,No influence on accident,Clear,T B Circle,DODDABALLAPURA TOWN,500mtr,0.0,0.0
Bengaluru Dist,Doddaballapura Town PS,1.0442e+16,2023,1,2,Road Accidents,Not Applicable,City/Town,Open area,Human Error,No,Simple Injury,Vehicle to Vehicle,Controlled,Straight and flat,State Highway,Bitumen(Tar),Dry,No influence on accident,Cloudy,Gowribidanuru- Doddaballapura Road,1,1,13.282931,77.551962
Bengaluru Dist,Doddaballapura Town PS,1.0442e+16,2023,1,3,Road Accidents,Not Applicable,City/Town,Near School or College,Not Applicable,No,Simple Injury,Vehicle to Vehicle,Not Applicable,Others,NH,Bitumen(Tar),Dry,Not Applicable,Clear,Doddaballapura- Dabaspete Road,Near Lavanya School,1.5 KM,13.308537,77.536634
Bengaluru Dist,Doddaballapura Town PS,1.0442e+16,2023,1,2,Road Accidents,Cross roads,City/Town,Open area,Not Applicable,No,Fatal,Vehicle to Vehicle,Not Applicable,Not Applicable,Others,Bitumen(Tar),Dry,Not Applicable,Clear,Mugavalappa Circle- Nelamangala Road,Near Nanjundeshwara Kalyana Mantapa,2.5 KM,13.29064,77.533113
Bengaluru Dist,Doddaballapura Town PS,1.0442e+16,2023,1,1,Road Accidents,Cross roads,City/Town,Near School or College,Human Error,No,Fatal,Hit pedestrian,Not Applicable,Straight and flat,Residential Street,Bitumen(Tar),Dry,Not Applicable,Fog / Mist,KCP Circle To Terinabeedi Road,Near Shanimahatma Temple,100ft,0.0,0.0
Bengaluru Dist,Doddaballapura Town PS,1.0442e+16,2023,1,2,Road Accidents,Circle,Rural Areas,Open area,Human Error,No,Simple Injury,Vehicle to Vehicle,Not Applicable,Others,Others,Bitumen(Tar),Dry,Not Applicable,Clear,Court Road,Near RS Convention Hall,400 Mt,13.165132,77.252654
Bengaluru Dist,Doddaballapura Town PS,1.0442e+16,2023,1,2,Road Accidents,Not Applicable,City/Town,Residential area,Human Error,Yes,Grievous Injury,Vehicle to Vehicle,Not at  Junction,Straight and flat,State Highway,Bitumen(Tar),Dry,No influence on accident,Fine,Gowribidanuru- Doddaballapura Road,1,1,13.294821,77.551012
Bengaluru Dist,Doddaballapura Town PS,1.0442e+16,2023,1,2,Road Accidents,Circle,Rural Areas,In bazaar,Not Applicable,No,Fatal,Vehicle to Vehicle,Not Applicable,Others,NH,Bitumen(Tar),Dry,Not Applicable,Clear,Doddaballapura- Dabaspete Road,Near RMC Market,1.5KMS,13.310332,77.5398319
Bengaluru Dist,Doddaballapura Town PS,1.0442e+16,2023,1,2,Rail Road Accidents,Not Applicable,City/Town,Residential area,Human Error,No,Grievous Injury,Vehicle to Vehicle,Controlled,Straight and flat,NH,Bitumen(Tar),Dry,No influence on accident,Fine,Doddaballapura NH Road,DODDABALLAPURA TOWN,1,13.30266,77.550028
Bengaluru Dist,Doddaballapura Town PS,1.0442e+16,2023,1,2,Road Accidents,Not Applicable,City/Town,Near Bus stop,Not Applicable,No,Grievous Injury,Vehicle to Vehicle,Not Applicable,Others,Others,Bitumen(Tar),Dry,Not Applicable,Clear,Muguvalappa Circal Road,Near Muguvalappa Circal,3 KMS,13.295302,77.537023
Bengaluru Dist,Doddaballapura Town PS,1.0442e+16,2023,1,2,Road Accidents,Circle,Rural Areas,Open area,Not Applicable,No,Simple Injury,Vehicle to Vehicle,Not Applicable,Others,Others,Bitumen(Tar),Others,Not Applicable,Clear,Nelamangala Road,Infront of Chamundeshwari Silks,3 kMS,13.292356,77.534017
Bengaluru Dist,Doddaballapura Town PS,1.0442e+16,2023,1,1,Road Accidents,Not Applicable,City/Town,Near School or College,Human Error,Yes,Grievous Injury,Hit pedestrian,Controlled,Others,State Highway,Bitumen(Tar),Dry,No influence on accident,Clear,Khasbag,DODDABALLAPURA TOWN,2km,13.281624,77.55124
Bengaluru Dist,Doddaballapura Town PS,1.0442e+16,2023,1,2,Road Accidents,Junction,City/Town,Near Bus stop,Human Error,No,Fatal,Not Applicable,Stop sign,Hump,NH,Bitumen(Tar),Dry,Not Applicable,Clear,Doddaballapura Town DCross To TB Circle Road,Near D Cross,40ft,13.296985,77.544418