DISTRICTNAME,UNITNAME,Crime_No,Year,RI,Noofvehicle_involved,Accident_Classification,Accident_Spot,Accident_Location,Accident_SubLocation,Main_Cause,Hit_Run,Severity,Collision_Type,Junction_Control,Road_Character,Road_Type,Surface_Type,Surface_Condition,Road_Condition,Weather,Accident_Road,Landmark_first,Distance_LandMark_First,Latitude,Longitude
Bengaluru Dist,Doddaballapura Town PS,1.0442e+16,2023,1,2,Road Accidents,Circle,City/Town,Near Bus stop,Not Applicable,No,Not Applicable,Vehicle to Vehicle,Not Applicable,Not Applicable,Others,Bitumen(Tar),Dry,Not Applicable,Clear,Doddaballapuran Town Old Bus Stop Road,Near  KSRTC Bus Stop,2 KMS,13.292329,77.542084
Bengaluru Dist,Doddaballapura Town PS,1.0442e+16,2023,1,2,Road Accidents,Circle,City/Town,Near Bus stop,Not Applicable,No,Damage Only,Vehicle to Vehicle,Not Applicable,Not Applicable,State Highway,Bitumen(Tar),Dry,Not Applicable,Clear,chikkaballapura Road,Near TB Circal,1 km,13.29276,77.542571
Bengaluru Dist,Doddaballapura Town PS,1.0442e+16,2023,1,2,Road Accidents,Offset,Rural Areas,Open area,Not Applicable,No,Simple Injury,Vehicle to Vehicle,Not Applicable,Others,NH,Bitumen(Tar),Dry,Not Applicable,Clear,Doddaballapura- Dabaspete Road,Near  APMC Market,1KMS,13.310344,77.539703
Bengaluru Dist,Doddaballapura Town PS,1.0442e+16,2023,1,2,Road Accidents,Not Applicable,City/Town,Residential area,Human Error,Yes,Grievous Injury,Vehicle to Vehicle,Controlled,Straight and flat,State Highway,Bitumen(Tar),Dry,No influence on accident,Cloudy,Near Rajashree Comfort,Near D Cross Circal,1,0.0,0.0
Bengaluru Dist,Doddaballapura Town PS,1.0442e+16,2023,1,1,Road Accidents,Circle,City/Town,Open area,Not Applicable,No,Fatal,Hit pedestrian,Not Applicable,Others,Others,Bitumen(Tar),Dry,Not Applicable,Clear,D Cross- Gandhi Circle Road,Near Gandhi Circle,3 KMS,13.302602,77.543954
Bengaluru Dist,Doddaballapura Town PS,1.0442e+16,2023,1,1,Road Accidents,Circle,City/Town,In bazaar,Not Applicable,No,Grievous Injury,Hit pedestrian,Not Applicable,Others,Others,Bitumen(Tar),Dry,Not Applicable,Clear,Rangappa Circle,Near Doddaballapura Bus Stop,1.5 KM,0.0,0.0
Bengaluru Dist,Doddaballapura Town PS,1.0442e+16,2023,1,1,Road Accidents,Circle,Rural Areas,Near Bus stop,Not Applicable,Yes,Simple Injury,Hit pedestrian,Not at  Junction,Not Applicable,Others,Concrete,Dry,Not Applicable,Clear,Doddaballapura Town Bus Stop,Near KSRTC Bus Stop,2 KMS,13.292797,77.542543
Bengaluru Dist,Doddaballapura Town PS,1.0442e+16,2023,1,2,Road Accidents,Narrow road,City/Town,Near Bus stop,Human Error,Not Applicable,Damage Only,Vehicle to Vehicle,Controlled,Straight and flat,State Highway,Bitumen(Tar),Dry,No influence on accident,Clear,Dcross,DODDABALLAPURA TOWN,500mtr,13.301026,77.543821
Bengaluru Dist,Doddaballapura Town PS,1.0442e+16,2023,1,1,Road Accidents,Circle,City/Town,Near Bus stop,Human Error,Not Applicable,Fatal,Hit pedestrian,Controlled,Curve,State Highway,Bitumen(Tar),Dry,No influence on accident,Clear,Railwaystation Circle,DODDABALLAPURA TOWN,2.5 km,13.298174,77.533816
Bengaluru Dist,Doddaballapura Town PS,1.0442e+16,2023,1,1,Road Accidents,Narrow road,Rural Areas,Near Petrol Pump,Not Applicable,No,Fatal,Not Applicable,Uncontrolled,Straight and flat,State Highway,Bitumen(Tar),Dry,Not Applicable,Others,Doddaballapura Bengaluru Road,Near HP petrol Bunk,20 Ft,13.292833,77.542528
Bengaluru Dist,Doddaballapura Town PS,1.0442e+16,2023,1,2,Road Accidents,Circle,City/Town,Near Bus stop,Human Error,Not Applicable,Grievous Injury,Vehicle to Vehicle,Controlled,Curve,State Highway,Bitumen(Tar),Ditch or Potholed,No influence on accident,Clear,KCP Circle,DODDABALLAPURA TOWN,3 KM,13.282088,77.515484
Bengaluru Dist,Doddaballapura Town PS,1.0442e+16,2023,1,1,Road Accidents,Narrow road,City/Town,Residential area,Human Error,No,Fatal,Not Applicable,Not Applicable,Straight and flat,Residential Street,Bitumen(Tar),Dry,Not Applicable,Not Applicable,Chaitanyanagar to Sanjayanagar,Near Venkatesh House,100ft,13.288804,77.536135
Bengaluru Dist,Doddaballapura Town PS,1.0442e+16,2023,1,1,Road Accidents,Not Applicable,City/Town,Residential area,Human Error,No,Simple Injury,Hit pedestrian,Controlled,Straight and flat,State Highway,Bitumen(Tar),Dry,Not Applicable,Clear,Taluk Office Road,1,1,13.303834,77.538234
Bengaluru Dist,Doddaballapura Town PS,1.0442e+16,2023,1,3,Road Accidents,Circle,City/Town,Near Bus stop,Not Applicable,Not Applicable,Simple Injury,Vehicle to Vehicle,Not Applicable,Others,State Highway,Bitumen(Tar),Dry,Not Applicable,Clear,Doddaballapura- Bangalore Road,Near Raliway Station Circal,2 KMS,13.280495,77.551774
Bengaluru Dist,Doddaballapura Town PS,1.0442e+16,2023,1,2,Road Accidents,Circle,City/Town,Near Bus stop,Human Error,No,Grievous Injury,Vehicle to Vehicle,Controlled,Curve,State Highway,Bitumen(Tar),Dry,No influence on accident,Clear,T B Circle,DODDABALLAPURA TOWN,500mtr,13.305819,77.532171
Bengaluru Dist,Doddaballapura Town PS,1.0442e+16,2023,1,1,Road Accidents,Circle,City/Town,Near Bus stop,Human Error,No,Grievous Injury,Hit pedestrian,Controlled,Others,State Highway,Bitumen(Tar),Dry,No influence on accident,Clear,Railwaystation Circle,DODDABALLAPURA TOWN,2.5 km,0.0,0.0
Bengaluru Dist,Doddabelavangala PS,1.0442e+16,2016,1,2,Road Accidents,Other,Rural Areas,Near Bus stop,Human Error,No,Simple Injury,Head on,Not at  Junction,Straight and flat,NH,Bitumen(Tar),Dry,Not Applicable,Clear,Dobaspete-DB Pura NH 207 Road,Madhuranahosahalli Gate,2 KM,0.0,0.0
Bengaluru Dist,Doddabelavangala PS,1.0442e+16,2016,1,1,Road Accidents,Cross roads,Villages settlement,Near Bus stop,Human Error,Yes,Simple Injury,Hit and Run,Not at  Junction,Curve,Village Road,Bitumen(Tar),Dry,Not Applicable,Clear,Sasalu-Chikkabelavangala Road Near Sakkaregollahalli Village,0,5 KM,0.0,0.0
Bengaluru Dist,Doddabelavangala PS,1.0442e+16,2016,1,1,Road Accidents,Narrow road,Rural Areas,Open area,Not Applicable,No,Grievous Injury,Side swipe,Not Applicable,Not Applicable,State Highway,Bitumen(Tar),Dry,Not Applicable,Clear,Nelamangal-Doddaballapura Road Ray College,0,15 KMS,0.0,0.0
Bengaluru Dist,Doddabelavangala PS,1.0442e+16,2016,1,2,Road Accidents,Not Applicable,Rural Areas,Open area,Human Error,Yes,Grievous Injury,Rear end,Not Applicable,Not Applicable,NH,Bitumen(Tar),Dry,Not Applicable,Clear,Dobspete-D.B.pura Road,Near Pota Sab Land,5,0.0,0.0
Bengaluru Dist,Doddabelavangala PS,1.0442e+16,2016,1,2,Road Accidents,Not Applicable,Rural Areas,Open area,Human Error,No,Grievous Injury,Head on,Not Applicable,Others,Others,Bitumen(Tar),Dry,Not Applicable,Clear,"Kanasavadi-Khanimat Road near Kanasavadi Lake,Madhure Hobali",0,10,0.0,0.0
Bengaluru Dist,Doddabelavangala PS,1.0442e+16,2016,1,1,Road Accidents,Curves,Rural Areas,Open area,Human Error,No,Simple Injury,Overturning,Not Applicable,Curve,Others,Bitumen(Tar),Dry,Not Applicable,Clear,Sasalu-Arudi Road,Near Nagaraju Land,17,0.0,0.0
Bengaluru Dist,Doddabelavangala PS,1.0442e+16,2016,1,1,Road Accidents,Other,Rural Areas,Open area,Human Error,No,Grievous Injury,Hit bicyclist,Not at  Junction,Curve,NH,Bitumen(Tar),Dry,Not Applicable,Clear,Dobaspete-DB Pura NH 207 Road,0,4 KM,0.0,0.0
Bengaluru Dist,Doddabelavangala PS,1.0442e+16,2016,1,1,Road Accidents,Not Applicable,Rural Areas,Open area,Human Error,No,Grievous Injury,Others,Not Applicable,Not Applicable,NH,Bitumen(Tar),Dry,Not Applicable,Clear,"Dobspete-D.B.pura Road, Near Ajjanakatte Petrol",Near Ajjanakatte Petrol Bunk,1 kms,0.0,0.0
Bengaluru Dist,Doddabelavangala PS,1.0442e+16,2016,1,1,Road Accidents,Other,Rural Areas,Narrow bridge or culverts,Not Applicable,Yes,Grievous Injury,Hit animal,Not Applicable,Curve,State Highway,Bitumen(Tar),Dry,Not Applicable,Clear,D.B.Pura-Nelamangala Madhure kere Eriya kodipalya kade,Madhure Kere Eriya,15 KM,0.0,0.0
Bengaluru Dist,Doddabelavangala PS,1.0442e+16,2016,1,2,Road Accidents,Narrow road,Rural Areas,Open area,Human Error,No,Grievous Injury,Others,Not Applicable,Not Applicable,Others,Kutcha,Dry,Not Applicable,Clear,Arudi-Sasalu Road,Near Chowdaiah Land,8,0.0,0.0
Bengaluru Dist,Doddabelavangala PS,1.0442e+16,2016,1,2,Road Accidents,Other,Rural Areas,Near or inside a village,Human Error,No,Simple Injury,Head on,Not Applicable,Not Applicable,NH,Bitumen(Tar),Dry,Not Applicable,Clear,"Near Dyavasandra village,D.B.Pura-Dabaspet NH207 Road",near village,7 kM,0.0,0.0
Bengaluru Dist,Doddabelavangala PS,1.0442e+16,2016,1,1,Road Accidents,Not Applicable,Rural Areas,Open area,Human Error,No,Grievous Injury,Side swipe,Not Applicable,Not Applicable,Others,Bitumen(Tar),Dry,Not Applicable,Clear,Kanimata-Kanasavadi Road,Gandrigolipura,14,0.0,0.0
Bengaluru Dist,Doddabelavangala PS,1.0442e+16,2016,1,2,Road Accidents,Other,Rural Areas,Near Petrol Pump,Human Error,Not Applicable,Simple Injury,Rear end,Not Applicable,Not Applicable,NH,Bitumen(Tar),Dry,Not Applicable,Clear,"D.B.Pura-Dabaspet NH207 Road,near petrol bump",Petrol pump,0.5km,0.0,0.0
Bengaluru Dist,Doddabelavangala PS,1.0442e+16,2016,1,2,Road Accidents,Other,Villages settlement,Open area,Human Error,No,Simple Injury,Hit bicyclist,Not at  Junction,Straight and flat,State Highway,Bitumen(Tar),Dry,Not Applicable,Clear,Doddaballapura-Nelamangala Road,L G Mahal Kalyanamantapa,15 KM,0.0,0.0
Bengaluru Dist,Doddabelavangala PS,1.0442e+16,2016,1,2,Road Accidents,Narrow road,Rural Areas,Near Bus stop,Human Error,Yes,Grievous Injury,Rear end,Not Applicable,Not Applicable,NH,Bitumen(Tar),Dry,Not Applicable,Clear,"Doddaballapura-Dobspete NH-207 Road, Apna Hotel",0,1 kms,0.0,0.0
Bengaluru Dist,Doddabelavangala PS,1.0442e+16,2016,1,2,Road Accidents,Other,Rural Areas,Open area,Human Error,No,Grievous Injury,Hit bicyclist,Not at  Junction,Straight and flat,NH,Bitumen(Tar),Dry,Construction Work / Material,Clear,Dobaspete-DB Pura NH 207 Road,0,0.5 KM,0.0,0.0
Bengaluru Dist,Doddabelavangala PS,1.0442e+16,2016,1,2,Road Accidents,Narrow road,Rural Areas,Open area,Not Applicable,No,Grievous Injury,Head on,Not Applicable,Not Applicable,State Highway,Bitumen(Tar),Dry,Not Applicable,Clear,Nelamangal-Doddaballapura Road C.D.Agrahara Village,0,15 kms,0.0,0.0
Bengaluru Dist,Doddabelavangala PS,1.0442e+16,2016,1,1,Road Accidents,Narrow road,Rural Areas,Open area,Not Applicable,No,Simple Injury,Not Applicable,Not Applicable,Not Applicable,NH,Bitumen(Tar),Dry,Not Applicable,Very Hot,NH-207ROAD Thubgunte,ROAD,15 KMS,0.0,0.0
Bengaluru Dist,Doddabelavangala PS,1.0442e+16,2016,1,1,Road Accidents,Other,Rural Areas,Near Bus stop,Human Error,Yes,Not Applicable,Rear end,Not Applicable,Not Applicable,NH,Bitumen(Tar),Dry,Not Applicable,Clear,Dobaspete-DB Pura NH 207 Road Near Kugonahalli Gate,Bus Stop,3,0.0,0.0
Bengaluru Dist,Doddabelavangala PS,1.0442e+16,2016,1,1,Road Accidents,Narrow road,Rural Areas,Open area,Human Error,No,Grievous Injury,Hit animal,Not Applicable,Not Applicable,Others,Kutcha,Dry,Not Applicable,Clear,Arudi-Sasalu Road,Naer Tree,16,0.0,0.0
Bengaluru Dist,Doddabelavangala PS,1.0442e+16,2016,1,1,Road Accidents,Not Applicable,Rural Areas,Open area,Human Error,No,Not Applicable,Others,Not Applicable,Not Applicable,NH,Bitumen(Tar),Dry,Not Applicable,Clear,Dobspete-D.B.pura Road,Near Lite Pole,1,0.0,0.0
Bengaluru Dist,Doddabelavangala PS,1.0442e+16,2016,1,1,Road Accidents,Other,Rural Areas,Open area,Human Error,Yes,Grievous Injury,Hit pedestrian,Not Applicable,Not Applicable,One way,Bitumen(Tar),Dry,Not Applicable,Clear,D.B.Pura -Sasalu Road,Near Nagaraju Koliform,14,0.0,0.0
Bengaluru Dist,Doddabelavangala PS,1.0442e+16,2016,1,2,Road Accidents,Other,Rural Areas,Open area,Human Error,No,Grievous Injury,Head on,Not Applicable,Not Applicable,Others,Bitumen(Tar),Dry,Not Applicable,Clear,Kanasavadi-Honnavara Gate,Near Kare Mori,10,0.0,0.0
Bengaluru Dist,Doddabelavangala PS,1.0442e+16,2016,1,1,Road Accidents,Cross roads,Rural Areas,Near Bus stop,Human Error,No,Damage Only,Others,Uncontrolled,Not Applicable,NH,Bitumen(Tar),Dry,Not Applicable,Clear,Dobaspete-DB Pura NH 207 Road Near Chikkabelavangala Bus Stand,Near Bus Stand,1 kms,0.0,0.0
Bengaluru Dist,Doddabelavangala PS,1.0442e+16,2016,1,1,Road Accidents,Cross roads,Rural Areas,Near School or College,Human Error,No,Damage Only,Side swipe,Not Applicable,Not Applicable,State Highway,Bitumen(Tar),Dry,Not Applicable,Clear,Doddaballapura-Nelamangala Road,Near Collage,15,0.0,0.0
Bengaluru Dist,Doddabelavangala PS,1.0442e+16,2016,1,1,Road Accidents,Narrow road,Rural Areas,Open area,Human Error,No,Not Applicable,Side swipe,Not Applicable,Others,Others,Kutcha,Dry,Not Applicable,Clear,"Sasalu-D.B Pura Road, Vanigarahalli",0,10 kms,0.0,0.0
Bengaluru Dist,Doddabelavangala PS,1.0442e+16,2016,1,1,Road Accidents,Narrow road,Rural Areas,Near Bus stop,Human Error,Yes,Grievous Injury,Hit pedestrian,Not Applicable,Not Applicable,State Highway,Bitumen(Tar),Dry,Not Applicable,Fine,Nelamangala-DoddaballapuraKodihalli Bus stand,0,13 kms,0.0,0.0
Bengaluru Dist,Doddabelavangala PS,1.0442e+16,2016,1,2,Road Accidents,Narrow road,Rural Areas,Open area,Human Error,No,Grievous Injury,Head on,Not Applicable,Others,Others,Kutcha,Others,Not Applicable,Clear,Rampura-Doddabelavangala Road,Near Koliform,1 KMS,0.0,0.0
Bengaluru Dist,Doddabelavangala PS,1.0442e+16,2016,1,2,Road Accidents,Other,Rural Areas,Open area,Human Error,No,Grievous Injury,Side swipe,Not Applicable,Not Applicable,Others,Bitumen(Tar),Dry,Not Applicable,Clear,Sasalu-Kanekanahalli Road,Near Sasalu,12,0.0,0.0
Bengaluru Dist,Doddabelavangala PS,1.0442e+16,2016,1,2,Road Accidents,Narrow road,Rural Areas,Open area,Human Error,No,Grievous Injury,Hit bicyclist,Not at  Junction,Others,Village Road,Bitumen(Tar),Dry,Not Applicable,Clear,Kadanuru-Kalludevanahalli Road,0,9 KM,0.0,0.0
Bengaluru Dist,Doddabelavangala PS,1.0442e+16,2016,1,2,Road Accidents,Other,Rural Areas,Open area,Human Error,No,Damage Only,Rear end,Not Applicable,Others,State Highway,Bitumen(Tar),Dry,Not Applicable,Clear,DODDABALLAPURA NELAMANGALA ROAD,Near Kodipalya,13,0.0,0.0
Bengaluru Dist,Doddabelavangala PS,1.0442e+16,2016,1,2,Road Accidents,Other,Rural Areas,Open area,Human Error,No,Grievous Injury,Head on,Not Applicable,Not Applicable,State Highway,Bitumen(Tar),Dry,Not Applicable,Clear,Doddaballapura-Nelamangala Road,Near Godimill product,13,0.0,0.0
Bengaluru Dist,Doddabelavangala PS,1.0442e+16,2016,1,1,Road Accidents,Other,Rural Areas,Near a religious place,Human Error,Yes,Simple Injury,Others,Not Applicable,Others,Village Road,Bitumen(Tar),Dry,Not Applicable,Clear,"Near Ranganathaswamy Temple,Hulikunte village",Near Temple,6Km,0.0,0.0
Bengaluru Dist,Doddabelavangala PS,1.0442e+16,2016,1,1,Road Accidents,Narrow road,Rural Areas,Open area,Human Error,No,Simple Injury,Side swipe,Not Applicable,Not Applicable,NH,Bitumen(Tar),Dry,Construction Work / Material,Clear,Dobaspete-DB Pura NH 207 Road Near Kugonahalli Gate,0,6 KM,0.0,0.0
Bengaluru Dist,Doddabelavangala PS,1.0442e+16,2016,1,2,Road Accidents,Other,Rural Areas,Near Bus stop,Human Error,No,Grievous Injury,Head on,Not at  Junction,Straight and flat,State Highway,Bitumen(Tar),Dry,Not Applicable,Clear,Nelamangala-DB Pura Road Near Lakshmivenkateshewara Kalyanamantapa Kanasavadi,Lakshminarayana Kalyanamantapa,10 KM,0.0,0.0
Bengaluru Dist,Doddabelavangala PS,1.0442e+16,2016,1,2,Road Accidents,Narrow road,Rural Areas,Open area,Human Error,No,Simple Injury,Others,Not Applicable,Others,NH,Bitumen(Tar),Dry,Not Applicable,Clear,NH-207 Road Chikkabelavangala,0,1 kms,0.0,0.0
Bengaluru Dist,Doddabelavangala PS,1.0442e+16,2016,1,2,Road Accidents,Other,Rural Areas,Near a factory industrial area,Human Error,No,Grievous Injury,Others,Not Applicable,Not Applicable,State Highway,Bitumen(Tar),Dry,Not Applicable,Clear,D.B.Pura-nelamangala Road.near Godhi mill,Industriy,14 KM,0.0,0.0
Bengaluru Dist,Doddabelavangala PS,1.0442e+16,2016,1,2,Road Accidents,Narrow road,Rural Areas,Near Bus stop,Not Applicable,No,Grievous Injury,Overturning,Not Applicable,Not Applicable,NH,Bitumen(Tar),Dry,Not Applicable,Clear,"D.B.pura-Dabaspet NH207 road,Kattihosahalli village",0,4 k.m,0.0,0.0
Bengaluru Dist,Doddabelavangala PS,1.0442e+16,2016,1,1,Road Accidents,Other,Not Applicable,Open area,Human Error,No,Simple Injury,Side swipe,Not Applicable,Not Applicable,Others,Bitumen(Tar),Dry,Not Applicable,Clear,Sasalu-Kanakenahalli Road,Near Thodalabande,10,0.0,0.0
Bengaluru Dist,Doddabelavangala PS,1.0442e+16,2016,1,2,Road Accidents,Other,Rural Areas,Near a religious place,Human Error,Yes,Simple Injury,Head on,Not Applicable,Not Applicable,NH,Bitumen(Tar),Dry,Not Applicable,Clear,Doddaballapura-Dobspete NH 207 Road,Near Eshwar Temple,01-Feb,0.0,0.0
Bengaluru Dist,Doddabelavangala PS,1.0442e+16,2016,1,2,Road Accidents,Other,Rural Areas,Open area,Human Error,No,Grievous Injury,Head on,Not Applicable,Not Applicable,Others,Bitumen(Tar),Dry,Not Applicable,Clear,Doddaballapura-Dobspete Road,Near Naranahalli,3,0.0,0.0
Bengaluru Dist,Doddabelavangala PS,1.0442e+16,2016,1,2,Road Accidents,Not Applicable,Rural Areas,Open area,Human Error,Yes,Grievous Injury,Head on,Not Applicable,Not Applicable,Others,Bitumen(Tar),Dry,Not Applicable,Clear,Kanimata-Kanasavadi Road,Near Madure Lake,14,0.0,0.0
Bengaluru Dist,Doddabelavangala PS,1.0442e+16,2016,1,1,Road Accidents,Narrow road,Villages settlement,Near Bus stop,Human Error,No,Grievous Injury,Skidding or Self accident,Not at  Junction,Curve,Village Road,Bitumen(Tar),Muddy,Not Applicable,Clear,Madhure-Khanimut Road,Shakaladevanapura Bus Stop,7 KM,0.0,0.0
Bengaluru Dist,Doddabelavangala PS,1.0442e+16,2016,1,2,Road Accidents,Other,Rural Areas,Open area,Human Error,No,Simple Injury,Head on,Not Applicable,Not Applicable,Others,Bitumen(Tar),Dry,Not Applicable,Clear,Doddabelavangala-Madure Road,Near Madure Lake Vijiyakumar Thota,11,0.0,0.0
Bengaluru Dist,Doddabelavangala PS,1.0442e+16,2016,1,2,Road Accidents,Other,Rural Areas,Near School or College,Human Error,Yes,Grievous Injury,Hit and Run,Not at  Junction,Straight and flat,NH,Bitumen(Tar),Dry,Not Applicable,Clear,Dobaspete-DB Pura NH 207 Road,School,0.4 KM,0.0,0.0
Bengaluru Dist,Doddabelavangala PS,1.0442e+16,2016,1,2,Road Accidents,Other,Rural Areas,Open area,Human Error,Yes,Grievous Injury,Head on,Not Applicable,Not Applicable,State Highway,Bitumen(Tar),Dry,Not Applicable,Clear,"Near Ramarayarapalya Geta,Nelamangala D.B.Pura Road,Madhrue Hobali,D.B.pura T.Q",Ramarayarapalya village,12 k.m,0.0,0.0
Bengaluru Dist,Doddabelavangala PS,1.0442e+16,2016,1,2,Road Accidents,Narrow road,Rural Areas,Open area,Human Error,Not Applicable,Not Applicable,Others,Not Applicable,Not Applicable,NH,Bitumen(Tar),Dry,Construction Work / Material,Clear,Dobaspete-DB Pura NH 207 Road Near Kugonahalli Gate,0,6 KM,0.0,0.0
Bengaluru Dist,Doddabelavangala PS,1.0442e+16,2016,1,2,Road Accidents,Narrow road,Rural Areas,Near Bus stop,Not Applicable,No,Grievous Injury,Head on,Not Applicable,Not Applicable,State Highway,Bitumen(Tar),Dry,Not Applicable,Clear,Nelamangala-D.BPura Road Mollahalli Village,5,14 KMS,0.0,0.0
Bengaluru Dist,Doddabelavangala PS,1.0442e+16,2017,1,1,Road Accidents,Other,Villages settlement,Open area,Human Error,No,Fatal,Run Off Road,Not at  Junction,Not Applicable,Others,Kutcha,Dry,No influence on accident,Others,Bokipura-Kalludevanahalli Road,Near Veerappa land,10 KM,0.0,0.0
Bengaluru Dist,Doddabelavangala PS,1.0442e+16,2017,1,1,Road Accidents,Not Applicable,Rural Areas,Open area,Human Error,Not Applicable,Fatal,Others,Not Applicable,Not Applicable,Not Applicable,Not Applicable,Others,Not Applicable,Others,Land,Land,5 KM,0.0,0.0
Bengaluru Dist,Doddabelavangala PS,1.0442e+16,2017,1,2,Road Accidents,Cross roads,Rural Areas,Open area,Human Error,No,Simple Injury,Head on,Not at  Junction,Curve,State Highway,Bitumen(Tar),Dry,Not Applicable,Clear,Nelamangala-Doddaballapura Road,Krishnakumar Land,14 KM,0.0,0.0
Bengaluru Dist,Doddabelavangala PS,1.0442e+16,2017,1,2,Road Accidents,Other,Rural Areas,In bazaar,Human Error,Not Applicable,Grievous Injury,Head on,Controlled,Not Applicable,State Highway,Bitumen(Tar),Not Applicable,Not Applicable,Clear,"Nelamangala -DB pura Road near LG Mahal, Kannamangala Gate,Madhure Hobali,D.b.pura T.Q",Kalyanamantapa,14 k.m,0.0,0.0
Bengaluru Dist,Doddabelavangala PS,1.0442e+16,2017,1,2,Road Accidents,Other,Rural Areas,Open area,Human Error,No,Fatal,Others,Not at  Junction,Straight and flat,NH,Bitumen(Tar),Dry,Not Applicable,Clear,Dobaspete-DB Pura NH 207 Road,Mandibyadarahalli Gate,6 KM,0.0,0.0
Bengaluru Dist,Doddabelavangala PS,1.0442e+16,2017,1,1,Road Accidents,Not Applicable,Rural Areas,Near Petrol Pump,Human Error,No,Grievous Injury,Hit bicyclist,Not at  Junction,Straight and flat,NH,Bitumen(Tar),Dry,Not Applicable,Clear,Dabaspete-DB Pura NH 207 Road,DB Vangala Petrol Bunk,1 KM,0.0,0.0
Bengaluru Dist,Doddabelavangala PS,1.0442e+16,2017,1,2,Road Accidents,Cross roads,City/Town,Near Bus stop,Human Error,No,Grievous Injury,Rear end,Not Applicable,Straight and flat,NH,Bitumen(Tar),Dry,Not Applicable,Clear,NH 207 Road,Doddabelavangala Bus Stop,0.5 KM,0.0,0.0
Bengaluru Dist,Doddabelavangala PS,1.0442e+16,2017,1,2,Road Accidents,Cross roads,Rural Areas,Open area,Human Error,Yes,Grievous Injury,Hit and Run,Not at  Junction,Others,Village Road,Kutcha,Dry,Not Applicable,Clear,DB Pura-Nelamangala Road To M G Ramarayarapalya Road,GPR Garden,13 KM,0.0,0.0
Bengaluru Dist,Doddabelavangala PS,1.0442e+16,2017,1,2,Road Accidents,Narrow road,Rural Areas,Open area,Human Error,No,Grievous Injury,Head on,Not Applicable,Straight and flat,Village Road,Bitumen(Tar),Dry,Not Applicable,Clear,Madhure-Kodihalli Road,Kodihalli,13 KM,0.0,0.0
Bengaluru Dist,Doddabelavangala PS,1.0442e+16,2017,1,1,Road Accidents,Narrow road,Villages settlement,Residential area,Human Error,Yes,Grievous Injury,Hit pedestrian,Not Applicable,Not Applicable,Residential Street,Kutcha,Dry,Not Applicable,Clear,Doddabelavangala Milk Dairy Road,DB Vangala Milk Dairy,0.3 KM,0.0,0.0
Bengaluru Dist,Doddabelavangala PS,1.0442e+16,2017,1,1,Road Accidents,Other,Villages settlement,Near Bus stop,Human Error,No,Fatal,Others,Not Applicable,Others,NH,Bitumen(Tar),Dry,Not Applicable,Clear,Dobaspete-DB Pura NH 207 Road,Ajjanakatte,1 KM,0.0,0.0
Bengaluru Dist,Doddabelavangala PS,1.0442e+16,2017,1,1,Road Accidents,Cross roads,Rural Areas,Near School or College,Human Error,No,Grievous Injury,Skidding or Self accident,Not Applicable,Curve,State Highway,Bitumen(Tar),Dry,Not Applicable,Clear,Nelamangala-DB Pura Road,Rai College,13 KM,0.0,0.0
Bengaluru Dist,Doddabelavangala PS,1.0442e+16,2017,1,1,Road Accidents,Cross roads,Rural Areas,Near Bus stop,Human Error,Yes,Grievous Injury,Hit and Run,Not at  Junction,Straight and flat,NH,Bitumen(Tar),Dry,Not Applicable,Clear,Dabaspete-DB Pura NH 207 Road,Khanimut,1 KM,0.0,0.0
Bengaluru Dist,Doddabelavangala PS,1.0442e+16,2017,1,1,Road Accidents,Narrow road,Villages settlement,Open area,Human Error,No,Grievous Injury,Hit pedestrian,Not at  Junction,Straight and flat,Village Road,Bitumen(Tar),Dry,Not Applicable,Clear,Kanasavadi-Khanimut Road,Doddahejjaji Colony,3 KM,0.0,0.0
Bengaluru Dist,Doddabelavangala PS,1.0442e+16,2017,1,1,Road Accidents,Narrow road,Rural Areas,Open area,Human Error,Yes,Grievous Injury,Hit and Run,Not at  Junction,Straight and flat,Village Road,Bitumen(Tar),Dry,Not Applicable,Clear,Arodi-Sasalu Road,Thammaganahalli Cross,14 KM,0.0,0.0
Bengaluru Dist,Doddabelavangala PS,1.0442e+16,2017,1,2,Road Accidents,Other,Rural Areas,Open area,Human Error,No,Damage Only,Rear end,Not at  Junction,Straight and flat,NH,Bitumen(Tar),Dry,Not Applicable,Clear,Dabaspete-DB Pura NH 207 Road,Thubakunte Gate,5 KM,0.0,0.0
Bengaluru Dist,Doddabelavangala PS,1.0442e+16,2017,1,2,Road Accidents,Narrow road,Villages settlement,Near Bus stop,Human Error,No,Grievous Injury,Head on,Not at  Junction,Curve,Village Road,Bitumen(Tar),Dry,Not Applicable,Clear,Kolala-Kadathipuru Road,Ankonahalli Village,13 KM,0.0,0.0
Bengaluru Dist,Doddabelavangala PS,1.0442e+16,2017,1,1,Road Accidents,Other,Rural Areas,Near or inside a village,Human Error,No,Grievous Injury,Skidding or Self accident,Not Applicable,Not Applicable,Village Road,Bitumen(Tar),Dry,Not Applicable,Clear,"Kanasavadi-Khanimata Road,Near Kanasavadi Vijayakumar Land,Madhure Hobali",Near Vijayakumar land,100 Mt,0.0,0.0
Bengaluru Dist,Doddabelavangala PS,1.0442e+16,2017,1,2,Road Accidents,Other,Rural Areas,Near a religious place,Human Error,Yes,Grievous Injury,Hit and Run,Not Applicable,Others,State Highway,Bitumen(Tar),Dry,Not Applicable,Clear,Nelamangala -DB pura Road near Anjineya temple,Near Temple,13 K.M,0.0,0.0
Bengaluru Dist,Doddabelavangala PS,1.0442e+16,2017,1,2,Road Accidents,Narrow road,Villages settlement,Near Bus stop,Human Error,No,Simple Injury,Head on,Not at  Junction,Curve,Village Road,Bitumen(Tar),Dry,Not Applicable,Clear,Sasalu-DB Pura NH 207 Road,Thippuru Village,8 KM,0.0,0.0
Bengaluru Dist,Doddabelavangala PS,1.0442e+16,2017,1,2,Road Accidents,Not Applicable,Villages settlement,Near School or College,Human Error,No,Grievous Injury,Rear end,Not Applicable,Straight and flat,NH,Bitumen(Tar),Dry,Not Applicable,Clear,Dabaspete-DB Pura NH 207 Road,DB Vangala Gramapanchayath Office,50 Mtr,0.0,0.0