DISTRICTNAME,UNITNAME,Crime_No,Year,RI,Noofvehicle_involved,Accident_Classification,Accident_Spot,Accident_Location,Accident_SubLocation,Main_Cause,Hit_Run,Severity,Collision_Type,Junction_Control,Road_Character,Road_Type,Surface_Type,Surface_Condition,Road_Condition,Weather,Accident_Road,Landmark_first,Distance_LandMark_First,Latitude,Longitude
Bengaluru Dist,Doddabelavangala PS,1.0442e+16,2017,1,1,Road Accidents,Not Applicable,Rural Areas,Open area,Human Error,No,Simple Injury,Hit pedestrian,Not at  Junction,Straight and flat,NH,Bitumen(Tar),Dry,Not Applicable,Clear,Dabaspete-DB Pura NH 207 Road,Chikkabelavangala Old Milk Diary,1 KM,0.0,0.0
Bengaluru Dist,Doddabelavangala PS,1.0442e+16,2017,1,2,Road Accidents,Narrow road,Rural Areas,Near Bus stop,Human Error,No,Fatal,Rear end,Uncontrolled,Others,Village Road,Bitumen(Tar),Others,Not Applicable,Others,Kanasawadi Khani matt Road,Near Bar,11 KM,0.0,0.0
Bengaluru Dist,Doddabelavangala PS,1.0442e+16,2017,1,2,Road Accidents,Curves,Rural Areas,Near or inside a village,Human Error,No,Damage Only,Overturning,Not Applicable,Curve,State Highway,Bitumen(Tar),Not Applicable,Not Applicable,Clear,"D.B.Pura-Nelamangala Road,Near Sigebeli,Gete,Madhure Hobali,D.B.pura T.Q",Near village,13 K.M,0.0,0.0
Bengaluru Dist,Doddabelavangala PS,1.0442e+16,2017,1,2,Road Accidents,Narrow road,Rural Areas,Near Bus stop,Human Error,Yes,Grievous Injury,Hit and Run,Not at  Junction,Straight and flat,State Highway,Bitumen(Tar),Dry,Not Applicable,Clear,DB Pura-Nelamangala Road,Nisarga Daba,12 KM,0.0,0.0
Bengaluru Dist,Doddabelavangala PS,1.0442e+16,2017,1,2,Road Accidents,Junction,Villages settlement,Near Bus stop,Human Error,Yes,Grievous Injury,Hit and Run,Not Applicable,Not Applicable,State Highway,Bitumen(Tar),Dry,Not Applicable,Clear,DB Pura-Nelamangala Road,Kannamangala Gate,15 KM,0.0,0.0
Bengaluru Dist,Doddabelavangala PS,1.0442e+16,2017,1,2,Road Accidents,Curves,Rural Areas,Near or inside a village,Human Error,No,Grievous Injury,Head on,Not Applicable,Curve,Village Road,Bitumen(Tar),Dry,Not Applicable,Clear,Sasalu-D.B.Vangala Road,village,4 K.M,0.0,0.0
Bengaluru Dist,Doddabelavangala PS,1.0442e+16,2017,1,1,Road Accidents,Offset,Rural Areas,Near or inside a village,Human Error,No,Grievous Injury,Side swipe,Not Applicable,Not Applicable,NH,Bitumen(Tar),Dry,No influence on accident,Clear,"D.B.pura-Dabaspet, NH 207 Road near Mugenahalli village",Near village,3 k.M,0.0,0.0
Bengaluru Dist,Doddabelavangala PS,1.0442e+16,2017,1,1,Road Accidents,Offset,Rural Areas,Narrow bridge or culverts,Human Error,No,Grievous Injury,Side swipe,Uncontrolled,Others,State Highway,Bitumen(Tar),Dry,No influence on accident,Clear,D.B.pura-Nelamangala Road near Madhure kere,Madhure kere,13 K.M,0.0,0.0
Bengaluru Dist,Doddabelavangala PS,1.0442e+16,2017,1,1,Road Accidents,Junction,City/Town,Near Bus stop,Human Error,Not Applicable,Grievous Injury,Hit pedestrian,Uncontrolled,Not Applicable,NH,Bitumen(Tar),Dry,No influence on accident,Clear,"D.B.pura-Dabaspet, NH 207 Road near D.B.Vangala  village",Near Bus stand,500mt,0.0,0.0
Bengaluru Dist,Doddabelavangala PS,1.0442e+16,2017,1,2,Road Accidents,Other,Rural Areas,Near or inside a village,Human Error,No,Damage Only,Head on,Not Applicable,Others,Village Road,Bitumen(Tar),Dry,No influence on accident,Clear,"DB.Vangala-Kanasavadi Road,Near Vijayakumar Plantation cross,Madhure Hobali,D.B.pura T.Q",Near Vijaykumar Plantation,12 k.m,0.0,0.0
Bengaluru Dist,Doddabelavangala PS,1.0442e+16,2017,1,2,Road Accidents,Other,Rural Areas,Open area,Human Error,No,Simple Injury,Head on,Not at  Junction,Straight and flat,NH,Bitumen(Tar),Dry,Not Applicable,Clear,Dobaspete-DB Pura NH 207 Road,Thubakunte Gate,6 KM,0.0,0.0
Bengaluru Dist,Doddabelavangala PS,1.0442e+16,2017,1,2,Road Accidents,Narrow road,Rural Areas,Open area,Human Error,Yes,Grievous Injury,Hit and Run,Not Applicable,Straight and flat,Village Road,Bitumen(Tar),Dry,Not Applicable,Clear,Kanasavadi-Khanimut Road,Gandragolipura Colony,10 KM,0.0,0.0
Bengaluru Dist,Doddabelavangala PS,1.0442e+16,2017,1,2,Road Accidents,Other,Rural Areas,Near or inside a village,Human Error,No,Grievous Injury,Run Off Road,Uncontrolled,Others,State Highway,Bitumen(Tar),Dry,No influence on accident,Clear,"Nelamangala-D.B.Pura Road,Near Mallohalli colony,Madhure Hobali,D.B.pura T.Q",Near Raghu Land,13 k.M,0.0,0.0
Bengaluru Dist,Doddabelavangala PS,1.0442e+16,2018,1,2,Road Accidents,Cross roads,Rural Areas,Open area,Human Error,No,Fatal,Head on,Uncontrolled,Curve,Village Road,Bitumen(Tar),Dry,Not Applicable,Others,Sasalu Chikkabelavangala Road,Kangalapura Cross,7 KM,0.0,0.0
Bengaluru Dist,Doddabelavangala PS,1.0442e+16,2018,1,2,Road Accidents,Not Applicable,Rural Areas,Open area,Human Error,No,Grievous Injury,Head on,Not at  Junction,Curve,Village Road,Bitumen(Tar),Dry,Not Applicable,Clear,Kanasavadi-Khanimut Road Near Doddahejjaji Village,Narasappa Land,2 KM,0.0,0.0
Bengaluru Dist,Doddabelavangala PS,1.0442e+16,2018,1,2,Road Accidents,Other,Rural Areas,Open area,Human Error,No,Fatal,Side swipe,Not Applicable,Straight and flat,NH,Bitumen(Tar),Dry,Not Applicable,Fine,NH-207,Near Kallegowda Bavi Mori,3 KM,0.0,0.0
Bengaluru Dist,Doddabelavangala PS,1.0442e+16,2018,1,2,Road Accidents,Cross roads,Villages settlement,Near Bus stop,Human Error,Yes,Simple Injury,Hit bicyclist,Not at  Junction,Straight and flat,State Highway,Bitumen(Tar),Dry,Not Applicable,Clear,Doddaballapura-Nelamangala Road,Mallohalli Gate,13 KM,0.0,0.0
Bengaluru Dist,Doddabelavangala PS,1.0442e+16,2018,1,2,Road Accidents,Bridge,Rural Areas,Near or inside a village,Human Error,No,Damage Only,Head on,Uncontrolled,Curve,State Highway,Bitumen(Tar),Dry,No influence on accident,Clear,"Nelamangala-D.B.pura road,Near Sri Shaneshwara temple bridge",Near Temple,13 K.M,0.0,0.0
Bengaluru Dist,Doddabelavangala PS,1.0442e+16,2018,1,1,Road Accidents,Cross roads,Rural Areas,Open area,Human Error,Not Applicable,Fatal,Skidding or Self accident,Uncontrolled,Incline,Village Road,Bitumen(Tar),Others,Not Applicable,Others,11th Mile to Kadanuru Road,11th Mile,14 KM,0.0,0.0
Bengaluru Dist,Doddabelavangala PS,1.0442e+16,2018,1,3,Road Accidents,Narrow road,Rural Areas,Near or inside a village,Human Error,Not Applicable,Simple Injury,Head on,Uncontrolled,Not Applicable,State Highway,Bitumen(Tar),Dry,No influence on accident,Clear,"Nelamangala-D.B.pura Road,Near Puttenahalli gate,Madhure Hobali,D.B.pura T.Q",Near village,10 K.M,0.0,0.0
Bengaluru Dist,Doddabelavangala PS,1.0442e+16,2018,1,1,Road Accidents,Curves,Rural Areas,Near or inside a village,Human Error,No,Grievous Injury,Hit pedestrian,Not Applicable,Curve,NH,Bitumen(Tar),Dry,No influence on accident,Clear,"D.B.pura-Dabaspet N.H.207 Road,near Ajjanakatte village",near ajjanakatte village,1.K.M,0.0,0.0
Bengaluru Dist,Doddabelavangala PS,1.0442e+16,2018,1,2,Road Accidents,Not Applicable,Rural Areas,Near a religious place,Human Error,Not Applicable,Fatal,Overturning,Not Applicable,Straight and flat,State Highway,Bitumen(Tar),Dry,Not Applicable,Fine,SH-74,Infront of Sai Baba Temple,12KM,0.0,0.0
Bengaluru Dist,Doddabelavangala PS,1.0442e+16,2018,1,2,Road Accidents,Not Applicable,Rural Areas,Near School or College,Human Error,No,Fatal,Head on,Not Applicable,Straight and flat,State Highway,Bitumen(Tar),Dry,Not Applicable,Fine,"D B Pura-Nelamangala road, infront of Rai collage Malohalli",infront of Rai collage Malohalli,15 KM,0.0,0.0
Bengaluru Dist,Doddabelavangala PS,1.0442e+16,2018,1,1,Road Accidents,Offset,Rural Areas,Open area,Human Error,No,Damage Only,Skidding or Self accident,Not at  Junction,Straight and flat,State Highway,Bitumen(Tar),Dry,Not Applicable,Clear,Doddaballapura-Nelamangala Road,Madhure Lake,13 KM,0.0,0.0
Bengaluru Dist,Doddabelavangala PS,1.0442e+16,2018,1,2,Road Accidents,Bridge,Rural Areas,Narrow bridge or culverts,Human Error,No,Damage Only,Head on,Not at  Junction,Others,Village Road,Bitumen(Tar),Dry,No influence on accident,Clear,Sasalu-Kanakenahalli Rad Near Todalabande Lake,Near Lake,11 K.M,0.0,0.0
Bengaluru Dist,Doddabelavangala PS,1.0442e+16,2018,1,1,Road Accidents,Other,Villages settlement,Open area,Human Error,No,Fatal,Others,Uncontrolled,Others,Village Road,Bitumen(Tar),Dry,Not Applicable,Fine,Kodihalli Thotagere Road,Beeraianapalya lake,14 KM,0.0,0.0
Bengaluru Dist,Doddabelavangala PS,1.0442e+16,2018,1,1,Road Accidents,Other,Villages settlement,Near a religious place,Human Error,No,Simple Injury,Skidding or Self accident,Not at  Junction,Straight and flat,Village Road,Bitumen(Tar),Dry,Not Applicable,Clear,Kolala-DB Vangala Road,Anjaneya Temple,10 KM,0.0,0.0
Bengaluru Dist,Doddabelavangala PS,1.0442e+16,2018,1,1,Road Accidents,Other,Rural Areas,Near or inside a village,Human Error,No,Fatal,Others,Not Applicable,Others,Village Road,Bitumen(Tar),Dry,Not Applicable,Dust Storn,village road,Infront of Ramachandrappa House,12 KM,0.0,0.0
Bengaluru Dist,Doddabelavangala PS,1.0442e+16,2018,1,1,Road Accidents,Other,Rural Areas,Open area,Human Error,No,Simple Injury,Others,Not at  Junction,Straight and flat,Village Road,Bitumen(Tar),Dry,Not Applicable,Clear,Kattihosahalli-Kasagatta Road,Hanumantharayappa Form House,6 KM,0.0,0.0
Bengaluru Dist,Doddabelavangala PS,1.0442e+16,2018,1,2,Road Accidents,Culvert,Rural Areas,Near a religious place,Human Error,No,Simple Injury,Hit bicyclist,Not at  Junction,Others,State Highway,Bitumen(Tar),Dry,Not Applicable,Clear,Doddaballapura-Nelamangala Road,Anjaneya Temple,13 KM,0.0,0.0
Bengaluru Dist,Doddabelavangala PS,1.0442e+16,2018,1,2,Road Accidents,Narrow road,Villages settlement,Near Bus stop,Human Error,No,Simple Injury,Hit bicyclist,Not at  Junction,Straight and flat,Village Road,Bitumen(Tar),Dry,Not Applicable,Clear,Madhure-Khanimut Road,Ashwath Katte,50 Mtr,0.0,0.0
Bengaluru Dist,Doddabelavangala PS,1.0442e+16,2018,1,1,Road Accidents,Other,Rural Areas,Open area,Human Error,No,Damage Only,Skidding or Self accident,Not Applicable,Straight and flat,NH,Bitumen(Tar),Dry,No influence on accident,Clear,Dabaspete-DB Pura NH 207 Road infornt of maruthi kalayana manatapa,Kalayana Mantapa,2 kms,0.0,0.0
Bengaluru Dist,Doddabelavangala PS,1.0442e+16,2018,1,2,Road Accidents,Other,Villages settlement,Residential area,Human Error,No,Grievous Injury,Head on,Not at  Junction,Straight and flat,State Highway,Bitumen(Tar),Dry,Not Applicable,Clear,Nelamangala-DB Pura Road,Nisarga Daba,0.2 KM,0.0,0.0
Bengaluru Dist,Doddabelavangala PS,1.0442e+16,2018,1,1,Road Accidents,Offset,Rural Areas,Open area,Human Error,No,Simple Injury,Skidding or Self accident,Not at  Junction,Straight and flat,NH,Bitumen(Tar),Dry,Not Applicable,Clear,Dabaspete-DB Pura NH 207 Road,Chikkalaiahna Katte,7 KM,0.0,0.0
Bengaluru Dist,Doddabelavangala PS,1.0442e+16,2018,1,2,Road Accidents,T Junction,Rural Areas,Near Bus stop,Human Error,Not Applicable,Fatal,Head on,Uncontrolled,Straight and flat,Village Road,Bitumen(Tar),Dry,Not Applicable,Others,Kanasawadi Doddabelavangala Road,Honnavara Gate,8 KM,0.0,0.0
Bengaluru Dist,Doddabelavangala PS,1.0442e+16,2018,1,1,Road Accidents,Curves,Rural Areas,Near or inside a village,Human Error,No,Simple Injury,Side swipe,Uncontrolled,Curve,Village Road,Bitumen(Tar),Dry,No influence on accident,Clear,Sasalu-D.B.Vangala Road Near Kanakenahalli,Near village,12 k.m,0.0,0.0
Bengaluru Dist,Doddabelavangala PS,1.0442e+16,2018,1,2,Road Accidents,Other,Rural Areas,Open area,Human Error,No,Grievous Injury,Hit bicyclist,Not at  Junction,Others,Others,Bitumen(Tar),Dry,Not Applicable,Clear,Sasalu-DB Pura Road,Thippuru Lake,0.1 KM,0.0,0.0
Bengaluru Dist,Doddabelavangala PS,1.0442e+16,2018,1,1,Road Accidents,Other,Rural Areas,Open area,Human Error,No,Fatal,Skidding or Self accident,Not Applicable,Straight and flat,NH,Bitumen(Tar),Dry,Not Applicable,Fine,NH-2017,Near Mugenahalli Gate,3 KM,0.0,0.0
Bengaluru Dist,Doddabelavangala PS,1.0442e+16,2018,1,1,Road Accidents,Junction,Villages settlement,Near Bus stop,Human Error,Not Applicable,Damage Only,Skidding or Self accident,Not Applicable,Straight and flat,NH,Bitumen(Tar),Dry,Not Applicable,Clear,Dabaspete-DB Pura NH 207 Road Near Chikkabelavangala Bus stand,Chikkabelavangala Bus stand,0.5 KM,0.0,0.0
Bengaluru Dist,Doddabelavangala PS,1.0442e+16,2018,1,2,Road Accidents,Other,Rural Areas,Open area,Human Error,Yes,Simple Injury,Rear end,Not at  Junction,Straight and flat,NH,Bitumen(Tar),Dry,Not Applicable,Clear,Dabaspete-DB Pura NH 207 Road,Mandibyadarahalli Gate,7 KM,0.0,0.0
Bengaluru Dist,Doddabelavangala PS,1.0442e+16,2018,1,2,Road Accidents,Circle,Rural Areas,Near Bus stop,Human Error,Yes,Grievous Injury,Hit and Run,Not Applicable,Straight and flat,NH,Bitumen(Tar),Dry,No influence on accident,Clear,Dabaspete-DB Pura NH 207 Road Near Mugenahalli Bare,Near Hulikunte,100 Mt,0.0,0.0
Bengaluru Dist,Doddabelavangala PS,1.0442e+16,2018,1,2,Road Accidents,Other,Rural Areas,Open area,Road Environment Defect,No,Damage Only,Side swipe,Not at  Junction,Straight and flat,NH,Bitumen(Tar),Dry,Construction Work / Material,Clear,Dabaspete-DB Pura NH 207 Road Near Rameshwara Gate,Rameshwara Gate,0.2 KM,0.0,0.0
Bengaluru Dist,Doddabelavangala PS,1.0442e+16,2018,1,1,Road Accidents,Other,Rural Areas,Near or inside a village,Human Error,No,Fatal,Skidding or Self accident,Not Applicable,Straight and flat,Village Road,Bitumen(Tar),Others,Not Applicable,Fine,Kanasavadi-D.B.Vangla Road,Near Sri Rama Woddworks,11 KM,0.0,0.0
Bengaluru Dist,Doddabelavangala PS,1.0442e+16,2018,1,2,Road Accidents,Other,Rural Areas,Near or inside a village,Human Error,No,Fatal,Head on,Not Applicable,Straight and flat,NH,Bitumen(Tar),Others,Not Applicable,Fine,NH-207,Near Veerabhadraswami Kalyana Mantapada,0.5 KM,0.0,0.0
Bengaluru Dist,Doddabelavangala PS,1.0442e+16,2018,1,1,Road Accidents,Other,Rural Areas,Open area,Human Error,Not Applicable,Grievous Injury,Skidding or Self accident,Not at  Junction,Straight and flat,NH,Bitumen(Tar),Dry,Not Applicable,Clear,Dabaspete-DB Pura NH 207 Road Near Thubakunte gate,Thubakunte Gate,5 KM,0.0,0.0
Bengaluru Dist,Doddabelavangala PS,1.0442e+16,2018,1,2,Road Accidents,Not Applicable,Rural Areas,Near Bus stop,Human Error,No,Fatal,Head on,Not Applicable,Straight and flat,NH,Bitumen(Tar),Dry,Not Applicable,Fine,NH-207,Chikkabelavangala Bus Stand Near,1.5 KM,0.0,0.0
Bengaluru Dist,Doddabelavangala PS,1.0442e+16,2018,1,2,Road Accidents,Narrow road,Rural Areas,Open area,Road Environment Defect,Not Applicable,Simple Injury,Head on,Give way sign,Others,NH,Not Applicable,Not Applicable,Construction Work / Material,Others,d.pet d.pur road tubakunte Gate,nanjundappa Land,5km,0.0,0.0
Bengaluru Dist,Doddabelavangala PS,1.0442e+16,2018,1,2,Road Accidents,Curves,Rural Areas,Open area,Human Error,No,Grievous Injury,Hit bicyclist,Not Applicable,Curve,Village Road,Bitumen(Tar),Dry,Not Applicable,Clear,Kanasavadi-Khanimut Road,Patalamma Temple,1.5 KM,0.0,0.0
Bengaluru Dist,Doddabelavangala PS,1.0442e+16,2018,1,2,Road Accidents,Narrow road,Rural Areas,Open area,Human Error,Yes,Grievous Injury,Hit and Run,Not at  Junction,Straight and flat,Village Road,Bitumen(Tar),Dry,Not Applicable,Clear,Sasalu-Thippuru Road,0,6 Ft,0.0,0.0
Bengaluru Dist,Doddabelavangala PS,1.0442e+16,2018,1,1,Road Accidents,Other,Villages settlement,Residential area,Human Error,No,Grievous Injury,Hit pedestrian,Not at  Junction,Hump,Village Road,Bitumen(Tar),Dry,Not Applicable,Clear,DB Vangala-Bhaktharahalli Road,Rampura Colony,3 KM,0.0,0.0
Bengaluru Dist,Doddabelavangala PS,1.0442e+16,2018,1,1,Road Accidents,Other,Rural Areas,Near or inside a village,Human Error,No,Damage Only,Side swipe,Not Applicable,Others,Village Road,Surfaced,Dry,No influence on accident,Clear,"Kannamangala-Kenjigadahalli Road,Near Lake,Madhure Hobali,D.B.pura T.Q",Near Lake,13 K.M,0.0,0.0
Bengaluru Dist,Doddabelavangala PS,1.0442e+16,2018,1,2,Road Accidents,Curves,Rural Areas,Near a religious place,Human Error,No,Grievous Injury,Head on,Not Applicable,Curve,Village Road,Bitumen(Tar),Dry,No influence on accident,Clear,"Channaveranahalli-Sulukunte road,Near Anjaneya Tempal,Sasalu Hobali,D.B.pura T.Q",Near Temple,14 K.M,0.0,0.0
Bengaluru Dist,Doddabelavangala PS,1.0442e+16,2018,1,2,Road Accidents,Cross roads,Rural Areas,Open area,Human Error,No,Simple Injury,Others,Not at  Junction,Curve,NH,Bitumen(Tar),Dry,Not Applicable,Clear,Dabaspete-DB Pura NH 207 Road Near Mugenahalli Bare,Mugenahalli Gate,3 KM,0.0,0.0
Bengaluru Dist,Doddabelavangala PS,1.0442e+16,2018,1,2,Road Accidents,Other,Rural Areas,Open area,Human Error,No,Fatal,Head on,Uncontrolled,Straight and flat,NH,Bitumen(Tar),Dry,Not Applicable,Fine,NH-207,Near Ajjanakatte,1 KM,0.0,0.0
Bengaluru Dist,Doddabelavangala PS,1.0442e+16,2018,1,1,Road Accidents,Other,Rural Areas,Open area,Human Error,No,Fatal,Others,Not Applicable,Straight and flat,Village Road,Bitumen(Tar),Dry,Not Applicable,Fine,village road,Near Badrapura Bandi Road Near,15 km,0.0,0.0
Bengaluru Dist,Doddabelavangala PS,1.0442e+16,2018,1,2,Road Accidents,Other,Rural Areas,Open area,Human Error,No,Grievous Injury,Head on,Not at  Junction,Straight and flat,NH,Bitumen(Tar),Dry,Construction Work / Material,Clear,Dabaspete-DB Pura NH 207 Road Near Thubakunte Gate,Thubakunte Gate,5 KM,0.0,0.0
Bengaluru Dist,Doddabelavangala PS,1.0442e+16,2018,1,1,Road Accidents,Other,Rural Areas,Open area,Human Error,Yes,Fatal,Hit pedestrian,Not Applicable,Straight and flat,NH,Bitumen(Tar),Dry,Construction Work / Material,Clear,NH-207,Near Kugenahalli colony,4 KM,0.0,0.0
Bengaluru Dist,Doddabelavangala PS,1.0442e+16,2018,1,2,Road Accidents,Narrow road,Rural Areas,Near or inside a village,Human Error,Not Applicable,Damage Only,Rear end,Not Applicable,Not Applicable,Village Road,Bitumen(Tar),Dry,No influence on accident,Clear,D.B.Vangala-Madhure Road Puttaiahna agrahara village Near Ramesh House,Near village,6,0.0,0.0
Bengaluru Dist,Doddabelavangala PS,1.0442e+16,2018,1,1,Road Accidents,Other,Rural Areas,Near or inside a village,Not Applicable,No,Damage Only,Side swipe,Uncontrolled,Others,Village Road,Bitumen(Tar),Dry,No influence on accident,Clear,"Sasalu-thipuru road,near crazy flora faram,D.B.Vangala D.B.pura T.Q",Near village,8 Km,0.0,0.0
Bengaluru Dist,Doddabelavangala PS,1.0442e+16,2018,1,2,Road Accidents,Other,Rural Areas,Open area,Human Error,No,Simple Injury,Hit bicyclist,Not at  Junction,Straight and flat,State Highway,Bitumen(Tar),Dry,No influence on accident,Clear,Nelamangala-DB Pura Road,Prakash Poultry Foram,0.5 KM,0.0,0.0
Bengaluru Dist,Doddabelavangala PS,1.0442e+16,2018,1,2,Road Accidents,Curves,Rural Areas,Open area,Human Error,No,Grievous Injury,Hit bicyclist,Not at  Junction,Curve,Village Road,Bitumen(Tar),Dry,Not Applicable,Clear,Khanimata-Kanasavadi Road,Ramaiah land,2 KM,0.0,0.0
Bengaluru Dist,Doddabelavangala PS,1.0442e+16,2018,1,2,Road Accidents,Other,Villages settlement,Residential area,Human Error,No,Damage Only,Rear end,Not at  Junction,Straight and flat,Village Road,Bitumen(Tar),Dry,Not Applicable,Clear,Kanakenahalli-DB Pura Road,Thippuru Village,8 KM,0.0,0.0
Bengaluru Dist,Doddabelavangala PS,1.0442e+16,2019,1,2,Road Accidents,Narrow road,Rural Areas,Open area,Human Error,No,Grievous Injury,Vehicle to Vehicle,Not at  Junction,Straight and flat,Two way,Bitumen(Tar),Dry,No influence on accident,Clear,Kanasavadi-Khanimut Road,Shakaladevanapura Ashwatha katte,0.4 KM,13.244299,77.4265299
Bengaluru Dist,Doddabelavangala PS,1.0442e+16,2019,1,1,Road Accidents,Not Applicable,Rural Areas,Open area,Human Error,No,Damage Only,Not Applicable,Not at  Junction,Straight and flat,NH,Bitumen(Tar),Dry,Construction Work / Material,Clear,Dabaspete-DB Pura NH 207 Road,Rameshwara gate,5 KM,13.293939,77.447653
Bengaluru Dist,Doddabelavangala PS,1.0442e+16,2019,1,3,Road Accidents,Not Applicable,Rural Areas,Open area,Human Error,Not Applicable,Fatal,Vehicle to Vehicle,Not Applicable,Straight and flat,Others,Bitumen(Tar),Dry,Not Applicable,Fine,Other road,Near Kumbalagunte Mori,13 km,13.20166,77.457368
Bengaluru Dist,Doddabelavangala PS,1.0442e+16,2019,1,2,Road Accidents,Not Applicable,Rural Areas,Open area,Human Error,No,Grievous Injury,Vehicle to Vehicle,Not at  Junction,Straight and flat,State Highway,Bitumen(Tar),Dry,No influence on accident,Clear,Nelamangala-DB Pura Road,CD Agrahara Village,0.5 KM,13.216674,77.45603
Bengaluru Dist,Doddabelavangala PS,1.0442e+16,2019,1,2,Road Accidents,Not Applicable,Rural Areas,Open area,Human Error,No,Grievous Injury,Vehicle to Vehicle,Not at  Junction,Curve,NH,Bitumen(Tar),Dry,Construction Work / Material,Clear,Dabaspete-DB Pura NH 207 Road,Dhanalakshmi Daba,0.1 KM,13.284237,77.402257
Bengaluru Dist,Doddabelavangala PS,1.0442e+16,2019,1,2,Road Accidents,Narrow road,Rural Areas,Open area,Human Error,Yes,Simple Injury,Vehicle to Vehicle,Not at  Junction,Straight and flat,Minor District Road,Bitumen(Tar),Dry,No influence on accident,Clear,DB Pura-Sasalu Road,Suttahalli Gate,0.1 KM,13.384199,77.419635
Bengaluru Dist,Doddabelavangala PS,1.0442e+16,2019,1,2,Road Accidents,Not Applicable,Rural Areas,Open area,Human Error,No,Fatal,Vehicle to Vehicle,Not Applicable,Straight and flat,State Highway,Bitumen(Tar),Not Applicable,Not Applicable,Fine,SH,Uddichikkanahalli gate near,13 KM,13.172323,77.414437
Bengaluru Dist,Doddabelavangala PS,1.0442e+16,2019,1,2,Road Accidents,Narrow road,Rural Areas,Open area,Human Error,Not Applicable,Fatal,Vehicle to Vehicle,Not Applicable,Not Applicable,NH,Not Applicable,Not Applicable,Not Applicable,Not Applicable,"Doddaballapura - Dabaspete Road ,",Near Hungi land,30,13.295742,77.463707
Bengaluru Dist,Doddabelavangala PS,1.0442e+16,2019,1,1,Road Accidents,Not Applicable,Rural Areas,Residential area,Human Error,Not Applicable,Damage Only,Not Applicable,Not at  Junction,Straight and flat,NH,Bitumen(Tar),Dry,Not Applicable,Clear,Dabaspete-DB Pura NH 207 Road,Kattihosahalli Village,0.5 KM,13.279369,77.380078
Bengaluru Dist,Doddabelavangala PS,1.0442e+16,2019,1,2,Road Accidents,Not Applicable,Rural Areas,Open area,Human Error,No,Fatal,Head on,Not Applicable,Straight and flat,State Highway,Bitumen(Tar),Dry,Not Applicable,Fine,NH-207,Near Kugenahalli Gate,7 KM,13.294816,77.463688
Bengaluru Dist,Doddabelavangala PS,1.0442e+16,2019,1,2,Road Accidents,Narrow road,Rural Areas,Open area,Human Error,Yes,Simple Injury,Vehicle to Vehicle,Not at  Junction,Straight and flat,Others,Bitumen(Tar),Dry,No influence on accident,Clear,Kanasavadi-Khanimut Road,Shakaladevanapura Ashwatha katte,0.2 KM,13.248869,77.42886
Bengaluru Dist,Doddabelavangala PS,1.0442e+16,2019,1,2,Road Accidents,Narrow road,Rural Areas,Open area,Human Error,Yes,Grievous Injury,Hit bicyclist,Not at  Junction,Straight and flat,Others,Bitumen(Tar),Dry,Not Applicable,Clear,Karepura Village Road,Karepura Cross,5 KM,13.349604,77.461221
Bengaluru Dist,Doddabelavangala PS,1.0442e+16,2019,1,2,Road Accidents,Not Applicable,Rural Areas,Open area,Human Error,No,Simple Injury,Vehicle to Vehicle,Not at  Junction,Straight and flat,NH,Bitumen(Tar),Dry,Not Applicable,Clear,Dabaspete-DB Pura NH 207 Road,Omkar Way bridge,3 KM,13.291001,77.43399
Bengaluru Dist,Doddabelavangala PS,1.0442e+16,2019,1,2,Road Accidents,Not Applicable,Rural Areas,Open area,Human Error,No,Fatal,Vehicle to Vehicle,Not Applicable,Straight and flat,Others,Bitumen(Tar),Dry,Not Applicable,Fine,Other Road,Near Krishnappa Land,6 KM,13.294168,77.409034
Bengaluru Dist,Doddabelavangala PS,1.0442e+16,2019,1,2,Road Accidents,Not Applicable,Rural Areas,Near a religious place,Human Error,No,Damage Only,Vehicle to Vehicle,Not Applicable,Straight and flat,State Highway,Bitumen(Tar),Dry,Not Applicable,Clear,Nelamangala-DB Pura Road,Godhi mill,12 KM,13.182783,77.417915
Bengaluru Dist,Doddabelavangala PS,1.0442e+16,2019,1,1,Road Accidents,Not Applicable,Rural Areas,Open area,Human Error,Yes,Simple Injury,Hit pedestrian,Not at  Junction,Straight and flat,Two way,Bitumen(Tar),Dry,Not Applicable,Clear,Sasalu-Chikkabelavangala Road,Thodalabande lake,0.5 KM,13.395084,77.384878
Bengaluru Dist,Doddabelavangala PS,1.0442e+16,2019,1,2,Road Accidents,Narrow road,Rural Areas,Open area,Human Error,No,Grievous Injury,Vehicle to Vehicle,Not at  Junction,Straight and flat,Others,Bitumen(Tar),Dry,No influence on accident,Clear,DB Pura-Kolala Road,Ankonahalli Village,0.3 KM,13.355417,77.347542
Bengaluru Dist,Doddabelavangala PS,1.0442e+16,2019,1,2,Road Accidents,Curves,Rural Areas,Near or inside a village,Human Error,Yes,Grievous Injury,Hit bicyclist,Not at  Junction,Curve,Minor District Road,Bitumen(Tar),Dry,No influence on accident,Clear,"Kanakenahalli-Channaveeranahalli Road, Sulakunte Cross",Near Sulakunte village,12,13.372976,77.42056
Bengaluru Dist,Doddabelavangala PS,1.0442e+16,2019,1,1,Road Accidents,Not Applicable,City/Town,Near or inside a village,Human Error,No,Fatal,Not Applicable,Not Applicable,Straight and flat,NH,Bitumen(Tar),Dry,Not Applicable,Fine,NH,Chikkayallaiahnapalya village near,6 KM,13.268974,77.342769