DISTRICTNAME,UNITNAME,Crime_No,Year,RI,Noofvehicle_involved,Accident_Classification,Accident_Spot,Accident_Location,Accident_SubLocation,Main_Cause,Hit_Run,Severity,Collision_Type,Junction_Control,Road_Character,Road_Type,Surface_Type,Surface_Condition,Road_Condition,Weather,Accident_Road,Landmark_first,Distance_LandMark_First,Latitude,Longitude
Bengaluru Dist,Doddabelavangala PS,1.0442e+16,2019,1,1,Road Accidents,Narrow road,Rural Areas,Residential area,Human Error,No,Grievous Injury,Hit pedestrian,Not at  Junction,Straight and flat,Others,Bitumen(Tar),Dry,Not Applicable,Clear,11th Mail-Mallohalli Road,Hosallaiah House,0.1 KM,13.224487,77.468901
Bengaluru Dist,Doddabelavangala PS,1.0442e+16,2019,1,2,Road Accidents,Cross roads,Rural Areas,Near or inside a village,Human Error,No,Damage Only,Vehicle to Vehicle,Not Applicable,Others,Others,Bitumen(Tar),Dry,No influence on accident,Clear,"Sonnenahalli-akkatammanahalli Road,Near Hanumegowda land",Near village,4,13.301924,77.40568
Bengaluru Dist,Doddabelavangala PS,1.0442e+16,2019,1,2,Road Accidents,Not Applicable,Rural Areas,Open area,Human Error,No,Grievous Injury,Vehicle to Vehicle,Not at  Junction,Straight and flat,NH,Bitumen(Tar),Dry,Not Applicable,Clear,Dabaspete-DB Pura NH 207 Road,Kugenahalli Gate,6 KM,13.295145,77.4626439
Bengaluru Dist,Doddabelavangala PS,1.0442e+16,2019,1,2,Road Accidents,Not Applicable,Rural Areas,Near or inside a village,Human Error,Yes,Grievous Injury,Vehicle to Vehicle,Not at  Junction,Straight and flat,State Highway,Bitumen(Tar),Dry,No influence on accident,Clear,"Nelamangala-DBpura Road,near Grama panchayiti,kanasavadi,madhure Hobali,D.B.pura T.Q",Near Grama Panchayati,12 k.M,13.069983,77.432187
Bengaluru Dist,Doddabelavangala PS,1.0442e+16,2019,1,2,Road Accidents,Narrow road,Rural Areas,Open area,Human Error,No,Fatal,Vehicle to Vehicle,Not Applicable,Others,NH,Bitumen(Tar),Dry,No influence on accident,Fine,DBpura-Dabaspete NH-207 Road Naranahalli Near,Hanumegowda house near,2 Km,13.292194,77.4378209
Bengaluru Dist,Doddabelavangala PS,1.0442e+16,2019,1,2,Road Accidents,Narrow road,Rural Areas,Open area,Human Error,No,Grievous Injury,Vehicle to Vehicle,Not at  Junction,Straight and flat,Others,Bitumen(Tar),Dry,No influence on accident,Clear,Sasalu-Chikkabelavangala Road,Sonnenahalli Village,0.2 KM,13.288839,77.408715
Bengaluru Dist,Doddabelavangala PS,1.0442e+16,2019,1,2,Road Accidents,Other,Rural Areas,Open area,Human Error,Not Applicable,Fatal,Side impact or Right angle,Uncontrolled,Straight and flat,State Highway,Bitumen(Tar),Dry,Not Applicable,Fine,SH-74,Near Naganna Land,13 KM,13.225525,77.472919
Bengaluru Dist,Doddabelavangala PS,1.0442e+16,2019,1,1,Road Accidents,Not Applicable,Rural Areas,Open area,Human Error,Yes,Grievous Injury,Hit pedestrian,Not at  Junction,Straight and flat,State Highway,Bitumen(Tar),Dry,No influence on accident,Clear,Nelamangala-DB Pura Road,Kanasavadi Cross,12 KM,13.243481,77.386297
Bengaluru Dist,Doddabelavangala PS,1.0442e+16,2019,1,2,Road Accidents,Not Applicable,Rural Areas,Open area,Human Error,No,Grievous Injury,Vehicle to Vehicle,Not at  Junction,Straight and flat,NH,Bitumen(Tar),Dry,Not Applicable,Clear,Dabaspete-DB Pura NH 207 Road,Chunchegowdanahosahalli Gate,5 KM,13.296583,77.471681
Bengaluru Dist,Doddabelavangala PS,1.0442e+16,2019,1,2,Road Accidents,Not Applicable,Rural Areas,Near or inside a village,Human Error,No,Simple Injury,Vehicle to Vehicle,Not at  Junction,Straight and flat,NH,Bitumen(Tar),Dry,Construction Work / Material,Clear,Dabaspete-DB Pura NH 207 Road Near Mugenahalli cross,Near Mugenahalli village,3 KM,13.308826,77.460894
Bengaluru Dist,Doddabelavangala PS,1.0442e+16,2019,1,2,Road Accidents,Not Applicable,Rural Areas,Open area,Human Error,No,Grievous Injury,Hit bicyclist,Not at  Junction,Straight and flat,NH,Bitumen(Tar),Dry,Not Applicable,Clear,Dabaspete-DB Pura NH 207 Road,Kugonahalli Colony,0.2 KM,13.209801,77.377142
Bengaluru Dist,Doddabelavangala PS,1.0442e+16,2019,1,2,Road Accidents,Not Applicable,Rural Areas,Open area,Human Error,No,Fatal,Vehicle to Vehicle,Not Applicable,Straight and flat,NH,Bitumen(Tar),Dry,Not Applicable,Fine,NH,Doddamankalnala Cross Near,6 KM,13.302356,77.3673419
Bengaluru Dist,Doddabelavangala PS,1.0442e+16,2019,1,2,Road Accidents,Not Applicable,Rural Areas,Open area,Human Error,No,Fatal,Vehicle to Vehicle,Uncontrolled,Straight and flat,Others,Bitumen(Tar),Others,No influence on accident,Clear,Chikkabelavangala-Sasalu road,Sonnenahalli Hanumegowda Farm Straite,5 KM,13.291343,77.408935
Bengaluru Dist,Doddabelavangala PS,1.0442e+16,2019,1,1,Road Accidents,Not Applicable,Rural Areas,Open area,Human Error,Yes,Grievous Injury,Hit pedestrian,Not at  Junction,Straight and flat,State Highway,Bitumen(Tar),Dry,No influence on accident,Clear,Nelamangala-DB Pura Road,Kanasavadi Cross,0.3 KM,13.201916,77.431433
Bengaluru Dist,Doddabelavangala PS,1.0442e+16,2019,1,2,Road Accidents,Not Applicable,Rural Areas,Open area,Human Error,No,Simple Injury,Vehicle to Vehicle,Not at  Junction,Straight and flat,NH,Bitumen(Tar),Dry,Construction Work / Material,Clear,Dabaspete-DB Pura NH 207 Road,Anjana Daba,0.5 KM,13.28397,77.402327
Bengaluru Dist,Doddabelavangala PS,1.0442e+16,2019,1,2,Road Accidents,Other,Rural Areas,Near or inside a village,Human Error,No,Fatal,Others,Uncontrolled,Straight and flat,NH,Bitumen(Tar),Others,Not Applicable,Others,Kattihosahalli Nare Near,Near Kattihosahalli Bare,4km,13.279651,77.380255
Bengaluru Dist,Doddabelavangala PS,1.0442e+16,2019,1,1,Road Accidents,Not Applicable,Rural Areas,Open area,Human Error,Not Applicable,Simple Injury,Not Applicable,Uncontrolled,Others,State Highway,Not Applicable,Wet,Not Applicable,Very Cold,Nelamangala-Doddaballapura Road,Madure Lake,8 KM,13.210412,77.444994
Bengaluru Dist,Doddabelavangala PS,1.0442e+16,2019,1,2,Road Accidents,Other,Rural Areas,Near School or College,Human Error,No,Fatal,Head on,Not Applicable,Straight and flat,State Highway,Bitumen(Tar),Dry,Not Applicable,Fine,SH-74,Near Rai Collage 11th mail,12 KM,13.24717,77.428346
Bengaluru Dist,Doddabelavangala PS,1.0442e+16,2019,1,2,Road Accidents,Not Applicable,Rural Areas,Open area,Human Error,No,Grievous Injury,Vehicle to Vehicle,Not at  Junction,Curve,NH,Bitumen(Tar),Dry,Not Applicable,Clear,Dabaspete-DB Pura NH 207 Road,Siddalingappa land,5 KM,13.279759,77.380206
Bengaluru Dist,Doddabelavangala PS,1.0442e+16,2019,1,2,Road Accidents,Not Applicable,Rural Areas,Near Bus stop,Human Error,No,Grievous Injury,Hit pedestrian,Not at  Junction,Straight and flat,NH,Bitumen(Tar),Dry,Not Applicable,Clear,Dabaspete-DB Pura NH 207 Road,Hulikunte Bustand,0.2 KM,13.296834,77.4321189
Bengaluru Dist,Doddabelavangala PS,1.0442e+16,2019,1,1,Road Accidents,Not Applicable,Rural Areas,Residential area,Human Error,No,Grievous Injury,Hit pedestrian,Not at  Junction,Straight and flat,Residential Street,Bitumen(Tar),Dry,Not Applicable,Clear,Kadanuru Village,Late Narayanappa House,12 KM,13.243779,77.455526
Bengaluru Dist,Doddabelavangala PS,1.0442e+16,2019,1,1,Road Accidents,Not Applicable,Rural Areas,Residential area,Human Error,No,Fatal,Hit pedestrian,Not Applicable,Straight and flat,Residential Street,Bitumen(Tar),Dry,Not Applicable,Fine,Village road,Umashankar & Murthappa Land,12 KM,13.205142,77.434183
Bengaluru Dist,Doddabelavangala PS,1.0442e+16,2020,1,2,Road Accidents,Not Applicable,Rural Areas,Open area,Human Error,No,Damage Only,Vehicle to Vehicle,Not at  Junction,Straight and flat,NH,Bitumen(Tar),Dry,Not Applicable,Clear,"Dabaspete-DB Pura NH 207 Road, Near Benaka Hotel",Arasegowda Neelagiri yard,0.2 KM,13.287369,77.418277
Bengaluru Dist,Doddabelavangala PS,1.0442e+16,2020,1,1,Road Accidents,Narrow road,Rural Areas,Near or inside a village,Human Error,No,Fatal,Not Applicable,Not at  Junction,Others,Others,Concrete,Dry,No influence on accident,Fine,Galibilikote village to coloni road,near Bachappa land,5 KM,13.336637,77.432706
Bengaluru Dist,Doddabelavangala PS,1.0442e+16,2020,1,1,Road Accidents,Curves,Rural Areas,Open area,Human Error,No,Grievous Injury,Not Applicable,Not at  Junction,Curve,Others,Bitumen(Tar),Dry,Not Applicable,Clear,Khanimut-Kanasavadi Road,Madhure Lake,100 ft,13.209563,77.445396
Bengaluru Dist,Doddabelavangala PS,1.0442e+16,2020,1,1,Road Accidents,Offset,Rural Areas,Near or inside a village,Not Applicable,No,Damage Only,Not Applicable,Uncontrolled,Straight and flat,Others,Bitumen(Tar),Dry,Engineering Defect of Road,Clear,"Near Gangadhara land,Rampura-Bhaktarahalli Road",Near Gangadhara Land,2 k.M.,13.24405,77.471285
Bengaluru Dist,Doddabelavangala PS,1.0442e+16,2020,1,1,Road Accidents,Offset,Rural Areas,Open area,Human Error,No,Damage Only,Not Applicable,Not at  Junction,Straight and flat,NH,Bitumen(Tar),Dry,Construction Work / Material,Clear,Dabaspete-DB Pura NH 207 Road,Rameshwara gate,0.2 KM,13.259063,77.424331
Bengaluru Dist,Doddabelavangala PS,1.0442e+16,2020,1,2,Road Accidents,Not Applicable,Rural Areas,Open area,Human Error,No,Grievous Injury,Vehicle to Vehicle,Not at  Junction,Straight and flat,NH,Bitumen(Tar),Dry,Not Applicable,Clear,DB Pura-Dabaspete NH 207 Road,Ajjanakatte bustop,0.1 KM,13.289405,77.427245
Bengaluru Dist,Doddabelavangala PS,1.0442e+16,2020,1,2,Road Accidents,Not Applicable,Rural Areas,Open area,Human Error,No,Grievous Injury,Vehicle to Vehicle,Not at  Junction,Straight and flat,NH,Bitumen(Tar),Dry,Not Applicable,Clear,DB Pura-Dabaspete NH 207 Road,Rameshwara gate,0.5 KM,13.294099,77.448301
Bengaluru Dist,Doddabelavangala PS,1.0442e+16,2020,1,2,Road Accidents,Not Applicable,Rural Areas,Near Petrol Pump,Human Error,No,Grievous Injury,Vehicle to Vehicle,Not at  Junction,Straight and flat,NH,Bitumen(Tar),Dry,Not Applicable,Clear,Dabaspete-DB Pura NH 207 Road Near DB Vangala Petrol bunk,Petrol bunk,0.2 KM,13.289301,77.425638
Bengaluru Dist,Doddabelavangala PS,1.0442e+16,2020,1,1,Road Accidents,Not Applicable,Rural Areas,Open area,Human Error,No,Grievous Injury,Not Applicable,Not at  Junction,Straight and flat,NH,Bitumen(Tar),Dry,Not Applicable,Clear,Dabaspete-DB Pura NH 207 Road,H L Dhattu faram,80 ft,13.29027,77.4316469
Bengaluru Dist,Doddabelavangala PS,1.0442e+16,2020,1,2,Road Accidents,Cross roads,Rural Areas,Open area,Human Error,No,Grievous Injury,Vehicle to Vehicle,Not at  Junction,Slight Curve,State Highway,Bitumen(Tar),Dry,Not Applicable,Clear,DB Pura-Nelamangala Road,Madhure Temple,0.4 KM,13.325622,77.463241
Bengaluru Dist,Doddabelavangala PS,1.0442e+16,2020,1,2,Road Accidents,Not Applicable,Rural Areas,Open area,Human Error,No,Grievous Injury,Vehicle to Vehicle,Not at  Junction,Straight and flat,Minor District Road,Bitumen(Tar),Dry,Not Applicable,Clear,Kanasavadi-Khanimut Road,Honnavara gate,0.2 KM,13.346532,77.4067749
Bengaluru Dist,Doddabelavangala PS,1.0442e+16,2020,1,1,Road Accidents,Not Applicable,Rural Areas,Open area,Human Error,No,Damage Only,Not Applicable,Not at  Junction,Straight and flat,NH,Bitumen(Tar),Dry,Not Applicable,Clear,Dabaspete-DB Pura NH 207 Road,Ajjanakatte bustop,0.1 KM,13.290097,77.427126
Bengaluru Dist,Doddabelavangala PS,1.0442e+16,2020,1,1,Road Accidents,Narrow road,Rural Areas,Open area,Human Error,No,Fatal,Not Applicable,Not at  Junction,Others,Others,Bitumen(Tar),Dry,No influence on accident,Fine,Doddabelavangala-Bhaktharahalli road,Near Huvinakatte,3 K M,13.196062,77.411203
Bengaluru Dist,Doddabelavangala PS,1.0442e+16,2020,1,1,Road Accidents,Not Applicable,Rural Areas,Open area,Human Error,No,Damage Only,Not Applicable,Not at  Junction,Straight and flat,NH,Bitumen(Tar),Dry,Not Applicable,Clear,Dabaspete-DB Pura NH 207 Road,Maseedi,0.2 KM,13.289042,77.4251799
Bengaluru Dist,Doddabelavangala PS,1.0442e+16,2020,1,1,Road Accidents,Not Applicable,Rural Areas,Open area,Human Error,Not Applicable,Damage Only,Not Applicable,Not at  Junction,Straight and flat,NH,Bitumen(Tar),Dry,Not Applicable,Clear,NH-207 Dabaspete-doddaballapura road,near Nagesh land,20 fee,13.267511,77.336958
Bengaluru Dist,Doddabelavangala PS,1.0442e+16,2020,1,1,Road Accidents,Narrow road,Rural Areas,Open area,Human Error,Not Applicable,Grievous Injury,Not Applicable,Not Applicable,Straight and flat,NH,Bitumen(Tar),Dry,Construction Work / Material,Cloudy,Dabaspete-DB Pura NH 207 Road,Electric pole,50feet,13.293489,77.4483579
Bengaluru Dist,Doddabelavangala PS,1.0442e+16,2020,1,2,Road Accidents,Narrow road,Rural Areas,Open area,Human Error,Yes,Damage Only,Vehicle to Vehicle,Not at  Junction,Straight and flat,Major District Road,Bitumen(Tar),Dry,No influence on accident,Clear,Sasalu-Chikkabelavangala Road,Amrut Wines,50 Mtr,13.330968,77.394206
Bengaluru Dist,Doddabelavangala PS,1.0442e+16,2020,1,2,Road Accidents,Cross roads,Rural Areas,Open area,Human Error,No,Grievous Injury,Vehicle to Vehicle,Not at  Junction,Curve,Minor District Road,Bitumen(Tar),Dry,Not Applicable,Clear,"Sasalu-Chikkabelavangala Road, Near Mallegowdanahalli cross",Mallegowdanahalli cross,20 ft,13.365509,77.3785769
Bengaluru Dist,Doddabelavangala PS,1.0442e+16,2020,1,2,Road Accidents,Not Applicable,Rural Areas,Open area,Human Error,Yes,Grievous Injury,Vehicle to Vehicle,Not at  Junction,Straight and flat,NH,Bitumen(Tar),Dry,Not Applicable,Clear,Dabaspete-DB Pura NH 207 Road,Thubakunte Cross,0.1 KM,13.278708,77.37522
Bengaluru Dist,Doddabelavangala PS,1.0442e+16,2020,1,1,Road Accidents,Curves,Rural Areas,Open area,Human Error,Not Applicable,Grievous Injury,Not Applicable,Uncontrolled,Curve,State Highway,Bitumen(Tar),Dry,No influence on accident,Clear,Nelamangala-  Doddaballapura Road,50 KM West Ramesh Farm,50 Mtr,13.230158,77.449588
Bengaluru Dist,Doddabelavangala PS,1.0442e+16,2020,1,2,Road Accidents,Narrow road,Rural Areas,Open area,Human Error,Yes,Fatal,Vehicle to Vehicle,Not Applicable,Others,Others,Bitumen(Tar),Dry,No influence on accident,Fine,Sriramanahalli to Sasalu Road,Near Sriramanahalli,13 km,13.291439,77.427528
Bengaluru Dist,Doddabelavangala PS,1.0442e+16,2020,1,1,Road Accidents,Curves,Rural Areas,Open area,Human Error,No,Fatal,Hit pedestrian,Not at  Junction,Curve,Two way,Bitumen(Tar),Dry,No influence on accident,Fine,Kanasavadi-Khanimutta Road,Near Kanasavadi lake curve,12 Km,13.210354,77.433222
Bengaluru Dist,Doddabelavangala PS,1.0442e+16,2020,1,2,Road Accidents,Not Applicable,Rural Areas,Open area,Human Error,No,Simple Injury,Vehicle to Vehicle,Not at  Junction,Straight and flat,NH,Bitumen(Tar),Dry,Construction Work / Material,Clear,Dabaspete-DB Pura NH 207 Road,Balaji Daba,0.2 KM,13.284039,77.4021
Bengaluru Dist,Doddabelavangala PS,1.0442e+16,2020,1,1,Road Accidents,Not Applicable,Rural Areas,Open area,Human Error,No,Damage Only,Not Applicable,Not at  Junction,Straight and flat,Others,Bitumen(Tar),Dry,Not Applicable,Clear,Kolala-Doddabelavangala Road,Near Narasimharaju land,0.1 KM,13.241796,77.42306
Bengaluru Dist,Doddabelavangala PS,1.0442e+16,2020,1,2,Road Accidents,Not Applicable,Rural Areas,Open area,Human Error,No,Grievous Injury,Vehicle to Vehicle,Not at  Junction,Straight and flat,Others,Bitumen(Tar),Dry,Not Applicable,Clear,DB Vangala-Rampura Road,Chikkarama Poultry Faram,0.1 KM,13.268965,77.3542469
Bengaluru Dist,Doddabelavangala PS,1.0442e+16,2020,1,2,Road Accidents,Not Applicable,Rural Areas,Near School or College,Human Error,Yes,Grievous Injury,Vehicle to Vehicle,Not at  Junction,Straight and flat,Two way,Bitumen(Tar),Dry,Not Applicable,Clear,Kanasavadi-Khanimut Road,Govt School Shakaladevanapura,40 ft,13.247934,77.428252
Bengaluru Dist,Doddabelavangala PS,1.0442e+16,2020,1,2,Road Accidents,Circle,Rural Areas,Open area,Human Error,Not Applicable,Grievous Injury,Vehicle to Vehicle,Uncontrolled,Straight and flat,State Highway,Bitumen(Tar),Dry,Not Applicable,Clear,Doddaballapura- Nelamangala Road,Electric Pole,10 Eas,13.216875,77.456897
Bengaluru Dist,Doddabelavangala PS,1.0442e+16,2021,1,2,Road Accidents,Narrow road,Rural Areas,Open area,Human Error,No,Fatal,Vehicle to Vehicle,Not at  Junction,Straight and flat,NH,Bitumen(Tar),Dry,No influence on accident,Fine,Doddaballapura-Dabaspete Road,Near Basavaraju Neelagiri land,1 Km,13.301721,77.391678
Bengaluru Dist,Doddabelavangala PS,1.0442e+16,2021,1,2,Road Accidents,Not Applicable,Rural Areas,Open area,Human Error,No,Grievous Injury,Vehicle to Vehicle,Not at  Junction,Straight and flat,Minor District Road,Bitumen(Tar),Dry,Not Applicable,Clear,Sasalu-Arodi road,Ettinahole project construction palce,0.1 KM,13.424528,77.39021
Bengaluru Dist,Doddabelavangala PS,1.0442e+16,2021,1,1,Road Accidents,Junction,Rural Areas,Open area,Human Error,No,Fatal,Hit bicyclist,Uncontrolled,Not Applicable,NH,Bitumen(Tar),Dry,Not Applicable,Others,Doddaballapura-Dabaspete Road,Rameshwara Gate,60,13.28737,77.408724
Bengaluru Dist,Doddabelavangala PS,1.0442e+16,2021,1,1,Road Accidents,Not Applicable,Rural Areas,Open area,Not Applicable,No,Fatal,Not Applicable,Uncontrolled,Others,NH,Bitumen(Tar),Others,Not Applicable,Others,Doddaballapura-Dabaspete Road,Mandibyadarahalli Gate,1.6,13.208839,77.45148
Bengaluru Dist,Doddabelavangala PS,1.0442e+16,2021,1,1,Road Accidents,Not Applicable,Rural Areas,Near Bus stop,Human Error,No,Grievous Injury,Hit pedestrian,Not Applicable,Straight and flat,NH,Bitumen(Tar),Dry,Construction Work / Material,Fine,Dabaspete-DB Pura NH 207 Road,Guruprasad Hotel,50feet,13.272828,77.352366
Bengaluru Dist,Doddabelavangala PS,1.0442e+16,2021,1,2,Road Accidents,Not Applicable,Rural Areas,Open area,Human Error,Not Applicable,Damage Only,Vehicle to Vehicle,Not Applicable,Straight and flat,NH,Bitumen(Tar),Dry,Construction Work / Material,Clear,NH-207 Dabaspete-doddaballapura road,Ajjanakatte bustop,60 Mtr,13.290422,77.42738
Bengaluru Dist,Doddabelavangala PS,1.0442e+16,2021,1,2,Road Accidents,Narrow road,Rural Areas,Open area,Human Error,No,Grievous Injury,Vehicle to Vehicle,Not Applicable,Not Applicable,NH,Bitumen(Tar),Dry,Not Applicable,Very Hot,DB Pura-Dabaspete NH 207 Road,Rameshwara gate,04 km,0.0,0.0
Bengaluru Dist,Doddabelavangala PS,1.0442e+16,2021,1,2,Road Accidents,Narrow road,Rural Areas,Open area,Human Error,No,Fatal,Vehicle to Vehicle,Not at  Junction,Straight and flat,Others,Bitumen(Tar),Dry,No influence on accident,Fine,Khanimutta-Doddabelavangala cross Road,Dasegowda Land Near,5 KM,0.0,0.0
Bengaluru Dist,Doddabelavangala PS,1.0442e+16,2021,1,1,Road Accidents,Curves,Rural Areas,Open area,Human Error,Not Applicable,Damage Only,Not Applicable,Not Applicable,Sharp Curve,State Highway,Bitumen(Tar),Dry,Not Applicable,Cloudy,Doddaballapura- Nelamanagala Road Near Ramesh Farm,Ramesh Farm,50Feet,13.221579,77.4711309
Bengaluru Dist,Doddabelavangala PS,1.0442e+16,2021,1,1,Road Accidents,Narrow road,Rural Areas,Residential area,Human Error,No,Fatal,Not Applicable,Not at  Junction,Hump,Others,Bitumen(Tar),Dry,No influence on accident,Fine,D.B.Pura-Nelamangala Road,Near Panchaythi Office,12 KM,13.210076,77.45244
Bengaluru Dist,Doddabelavangala PS,1.0442e+16,2021,1,2,Road Accidents,Curves,Rural Areas,Open area,Human Error,Not Applicable,Simple Injury,Vehicle to Vehicle,Not at  Junction,Curve,Major District Road,Bitumen(Tar),Dry,Not Applicable,Clear,Khanimata- Belavangala Cross Road,Speed Limit Board,100 ft,0.0,0.0
Bengaluru Dist,Doddabelavangala PS,1.0442e+16,2021,1,2,Road Accidents,Junction,Rural Areas,Open area,Vehicle Defect,Not Applicable,Damage Only,Vehicle to Vehicle,Uncontrolled,Straight and flat,NH,Bitumen(Tar),Dry,Not Applicable,Clear,NH-207 Dabaspete-doddaballapura road,Electric Pole North East,40Feet,13.319086,77.44309
Bengaluru Dist,Doddabelavangala PS,1.0442e+16,2021,1,1,Road Accidents,Narrow road,Rural Areas,Open area,Human Error,No,Fatal,Not Applicable,Not at  Junction,Straight and flat,Others,Bitumen(Tar),Dry,No influence on accident,Fine,Khanimutt-Kanasavadi Road to Karepura Road,Narasimhaiah Land near,5 KM,13.263724,77.420862
Bengaluru Dist,Doddabelavangala PS,1.0442e+16,2021,1,2,Road Accidents,Junction,Rural Areas,Open area,Human Error,Yes,Grievous Injury,Vehicle to Vehicle,Uncontrolled,Straight and flat,NH,Bitumen(Tar),Dry,Construction Work / Material,Clear,NH-207 Dabaspete-doddaballapura road,Petrol bunk west,250Mtr,0.0,0.0
Bengaluru Dist,Doddabelavangala PS,1.0442e+16,2021,1,1,Road Accidents,Cross roads,Rural Areas,Residential area,Human Error,No,Grievous Injury,Hit pedestrian,Not Applicable,Others,Residential Street,Bitumen(Tar),Dry,Not Applicable,Fine,Adakavala-kolala road,Trakatar Shed,16 km,13.358263,77.360207
Bengaluru Dist,Doddabelavangala PS,1.0442e+16,2021,1,2,Road Accidents,Not Applicable,Rural Areas,Open area,Human Error,No,Grievous Injury,Vehicle to Vehicle,Not at  Junction,Straight and flat,NH,Bitumen(Tar),Dry,Not Applicable,Clear,"DB Pura-Dabaspete NH 207 Road, Near Koligere cross",Kaaduchannaiahna katte,50 ft,13.283816,77.400787
Bengaluru Dist,Doddabelavangala PS,1.0442e+16,2021,1,2,Road Accidents,Circle,Rural Areas,Open area,Human Error,No,Grievous Injury,Vehicle to Vehicle,Uncontrolled,Curve,Major District Road,Bitumen(Tar),Dry,Not Applicable,Fine,Chikkabelavangala- sasalu Road,Two Electrical Poles North,25 Fee,13.333279,77.393727
Bengaluru Dist,Doddabelavangala PS,1.0442e+16,2021,1,2,Road Accidents,Cross roads,Rural Areas,Open area,Not Applicable,No,Fatal,Vehicle to Vehicle,Uncontrolled,Curve,Others,Bitumen(Tar),Others,Not Applicable,Others,Kanakenahalli-Mestrumane Cross Road,Near Mestrumane Cross,4,13.349411,77.460979
Bengaluru Dist,Doddabelavangala PS,1.0442e+16,2021,1,1,Road Accidents,Not Applicable,Rural Areas,Residential area,Human Error,No,Grievous Injury,Hit pedestrian,Not Applicable,Straight and flat,Residential Street,Concrete,Dry,No influence on accident,Clear,Bokipura colony Residencial street,Shivakumaraswamy house,10 ft,13.290358,77.439332
Bengaluru Dist,Doddabelavangala PS,1.0442e+16,2021,1,2,Road Accidents,Narrow road,Rural Areas,Open area,Human Error,No,Fatal,Vehicle to Vehicle,Not at  Junction,Straight and flat,NH,Bitumen(Tar),Dry,No influence on accident,Wind,Doddaballapura To Daddaspete Road,Kote Ramaiah land near,2 KM,13.285077,77.4059639
Bengaluru Dist,Doddabelavangala PS,1.0442e+16,2021,1,2,Road Accidents,Curves,Rural Areas,Residential area,Human Error,Not Applicable,Grievous Injury,Vehicle to Vehicle,Not Applicable,Curve,Major District Road,Bitumen(Tar),Dry,Not Applicable,Clear,Chiakkabelavangala sasalu Road,Double electric pole,50feet,13.354094,77.418125
Bengaluru Dist,Doddabelavangala PS,1.0442e+16,2021,1,2,Road Accidents,Narrow road,Rural Areas,Open area,Human Error,No,Fatal,Vehicle to Vehicle,Not at  Junction,Others,NH,Bitumen(Tar),Dry,No influence on accident,Others,D.B.Pura-Dabaspete NH-207 Rosd,Near Venkatesh murthy land,7 K M,0.0,0.0
Bengaluru Dist,Doddabelavangala PS,1.0442e+16,2021,1,2,Road Accidents,Curves,Rural Areas,Open area,Human Error,No,Grievous Injury,Vehicle to Vehicle,Uncontrolled,Curve,Others,Bitumen(Tar),Dry,No influence on accident,Clear,Madhuranahosahalli- Chikkahejjaji Road,Electric pole In south,20Feet,13.188503,77.418158
Bengaluru Dist,Doddabelavangala PS,1.0442e+16,2021,1,1,Road Accidents,Narrow road,Rural Areas,Open area,Not Applicable,No,Fatal,Not Applicable,Not at  Junction,Others,Others,Bitumen(Tar),Dry,No influence on accident,Others,Arodi-sasalu road,Gummanahalli,20 KM,13.281944,77.474741
Bengaluru Dist,Doddabelavangala PS,1.0442e+16,2021,1,2,Road Accidents,Curves,Rural Areas,Open area,Human Error,Not Applicable,Grievous Injury,Vehicle to Vehicle,Not Applicable,Curve,Minor District Road,Bitumen(Tar),Dry,Not Applicable,Clear,Mestrumane cross- Kanakenahalli Road,East Anjaneya temple,5oFeet,13.348948,77.46615
Bengaluru Dist,Doddabelavangala PS,1.0442e+16,2021,1,2,Road Accidents,Curves,Rural Areas,Open area,Human Error,No,Simple Injury,Vehicle to Vehicle,Not at  Junction,Curve,Minor District Road,Bitumen(Tar),Dry,Not Applicable,Clear,Tippuru- Channaverranahalli Road,South west Channaveeranhalli Village,500 Mt,13.371641,77.431455
Bengaluru Dist,Doddabelavangala PS,1.0442e+16,2021,1,2,Road Accidents,Not Applicable,Rural Areas,Near Petrol Pump,Human Error,No,Grievous Injury,Vehicle to Vehicle,Not at  Junction,Straight and flat,NH,Bitumen(Tar),Dry,Not Applicable,Clear,"Dabaspete-DB Pura NH 207 Road Near, MRPL Petrol bunk",MRPL Petrol bunk,80 ft,13.281355,77.388635
Bengaluru Dist,Doddabelavangala PS,1.0442e+16,2021,1,1,Road Accidents,Narrow road,Rural Areas,Open area,Human Error,No,Fatal,Not Applicable,Not at  Junction,Straight and flat,Others,Bitumen(Tar),Dry,No influence on accident,Fine,Adripura-Rameshwara gate Road,Near Ramaswamaiah,6 Km,13.26024,77.443376
Bengaluru Dist,Doddabelavangala PS,1.0442e+16,2021,1,1,Road Accidents,Junction,Rural Areas,Near Bus stop,Human Error,Not Applicable,Grievous Injury,Hit pedestrian,Uncontrolled,Straight and flat,NH,Bitumen(Tar),Dry,Not Applicable,Clear,Doddaballapura- Dobospet NH 207,Govt School,50 mtr,13.285535,77.406176