DISTRICTNAME,UNITNAME,Crime_No,Year,RI,Noofvehicle_involved,Accident_Classification,Accident_Spot,Accident_Location,Accident_SubLocation,Main_Cause,Hit_Run,Severity,Collision_Type,Junction_Control,Road_Character,Road_Type,Surface_Type,Surface_Condition,Road_Condition,Weather,Accident_Road,Landmark_first,Distance_LandMark_First,Latitude,Longitude
Bengaluru Dist,Doddabelavangala PS,1.0442e+16,2022,1,2,Road Accidents,Junction,Rural Areas,Open area,Human Error,Not Applicable,Grievous Injury,Vehicle to Vehicle,Uncontrolled,Not Applicable,NH,Bitumen(Tar),Dry,Not Applicable,Clear,Dabaspete-DB Pura NH 207 Road,Khanimatha,50Feet,13.407144,77.349156
Bengaluru Dist,Doddabelavangala PS,1.0442e+16,2022,1,1,Road Accidents,Narrow road,Rural Areas,Open area,Human Error,Not Applicable,Grievous Injury,Hit pedestrian,Not Applicable,Straight and flat,State Highway,Bitumen(Tar),Dry,Not Applicable,Very Cold,Doddaballapura- Nelamanagala Road Near Ramesh Farm,Malu Wire Factory,50 mtr,13.231423,77.481117
Bengaluru Dist,Doddabelavangala PS,1.0442e+16,2022,1,1,Road Accidents,Not Applicable,Rural Areas,Near Bus stop,Human Error,Not Applicable,Grievous Injury,Hit pedestrian,Not Applicable,Straight and flat,NH,Bitumen(Tar),Dry,Not Applicable,Fine,Doddaballapura-Dobspete NH 207 Road,Infront of HMS Chikan center,12 km,13.28901,77.425147
Bengaluru Dist,Doddabelavangala PS,1.0442e+16,2022,1,1,Road Accidents,Not Applicable,Rural Areas,Residential area,Not Applicable,No,Not Applicable,Not Applicable,Uncontrolled,Others,Residential Street,Bitumen(Tar),Dry,Not Applicable,Cloudy,Kanasavadi-Kanimata road,Near Vasudevamurthy Land,03 km,13.204455,77.433336
Bengaluru Dist,Doddabelavangala PS,1.0442e+16,2022,1,2,Road Accidents,Not Applicable,Rural Areas,Open area,Human Error,No,Fatal,Vehicle to Vehicle,Controlled,Straight and flat,NH,Bitumen(Tar),Dry,Not Applicable,Clear,"Dabaspete-Doddaballapura road, NH",Ajjanakatte bare,200 mt,13.339464,77.419622
Bengaluru Dist,Doddabelavangala PS,1.0442e+16,2022,1,2,Road Accidents,Narrow road,Rural Areas,Open area,Human Error,Not Applicable,Grievous Injury,Vehicle to Vehicle,Not Applicable,Straight and flat,State Highway,Bitumen(Tar),Dry,Not Applicable,Clear,Doddaballapura- Nelamanagala Road Near Ramesh Farm,Kriyageon Factory,100ft,13.298525,77.418313
Bengaluru Dist,Doddabelavangala PS,1.0442e+16,2022,1,2,Road Accidents,Narrow road,Rural Areas,Open area,Human Error,No,Fatal,Vehicle to Vehicle,Uncontrolled,Others,State Highway,Bitumen(Tar),Others,No influence on accident,Others,Nelamangala-Doddaballapura Road,Puttenahallai Gate,1.6,13.198319,77.426834
Bengaluru Dist,Doddabelavangala PS,1.0442e+16,2022,1,1,Road Accidents,Circle,Rural Areas,Near School or College,Human Error,No,Grievous Injury,Hit pedestrian,No signal lights,Straight and flat,Residential Street,Bitumen(Tar),Dry,Not Applicable,Fine,Chikkabelavangala-sasalu Road,Near Muiraju Land,13,13.324679,77.393997
Bengaluru Dist,Doddabelavangala PS,1.0442e+16,2022,1,2,Road Accidents,Curves,Rural Areas,Residential area,Human Error,Not Applicable,Grievous Injury,Vehicle to Vehicle,Uncontrolled,Curve,State Highway,Bitumen(Tar),Dry,Not Applicable,Clear,Madure Raod,Near Garadigarapalya kere kodi crossing,13 km,0.0,0.0
Bengaluru Dist,Doddabelavangala PS,1.0442e+16,2022,1,1,Road Accidents,Circle,Rural Areas,Near Bus stop,Human Error,No,Grievous Injury,Hit pedestrian,Controlled,Straight and flat,Residential Street,Bitumen(Tar),Dry,Not Applicable,Clear,Nelamangala-Doddaballapura road kanasavadi RR Chikan center,kanasavadi,12 km,13.203333,77.433601
Bengaluru Dist,Doddabelavangala PS,1.0442e+16,2022,1,2,Road Accidents,Not Applicable,Rural Areas,Open area,Human Error,Yes,Fatal,Vehicle to Vehicle,Controlled,Straight and flat,Others,Bitumen(Tar),Dry,Not Applicable,Clear,Mugenahalli Bare,M L Factroy Yard,4 KM,13.282119,77.39178
Bengaluru Dist,Doddabelavangala PS,1.0442e+16,2022,1,2,Road Accidents,Not Applicable,Rural Areas,Residential area,Human Error,No,Grievous Injury,Vehicle to Vehicle,Not Applicable,Straight and flat,NH,Bitumen(Tar),Dry,Not Applicable,Fine,"Doddaballapura - Dabaspete NH 207 Road, Near Naranahalli Kempamma Land",Near Naranahalli Kempamma Land,1/2 km,0.0,0.0
Bengaluru Dist,Doddabelavangala PS,1.0442e+16,2022,1,2,Road Accidents,Narrow road,Rural Areas,Open area,Human Error,Not Applicable,Grievous Injury,Vehicle to Vehicle,Not Applicable,Straight and flat,Others,Bitumen(Tar),Dry,Not Applicable,Clear,Suttahalli Cross- Suttahalli,Electric pole,10Mtr,13.375356,77.440183
Bengaluru Dist,Doddabelavangala PS,1.0442e+16,2022,1,2,Road Accidents,Narrow road,Rural Areas,Open area,Human Error,No,Fatal,Vehicle to Vehicle,Uncontrolled,Others,Others,Bitumen(Tar),Dry,No influence on accident,Others,Sankarasanahalli-Thambenahalli Road,Near Kempaiah Land,600,13.339344,77.401476
Bengaluru Dist,Doddabelavangala PS,1.0442e+16,2022,1,2,Road Accidents,Narrow road,Rural Areas,Near Bus stop,Human Error,Yes,Grievous Injury,Vehicle to Vehicle,Not Applicable,Straight and flat,NH,Bitumen(Tar),Dry,Not Applicable,Fine,Doddaballapura-Dobaspete Raod,Chikkabelavangala,2 km,13.340101,77.420623
Bengaluru Dist,Doddabelavangala PS,1.0442e+16,2022,1,2,Road Accidents,Not Applicable,Rural Areas,Open area,Human Error,No,Fatal,Vehicle to Vehicle,Controlled,Straight and flat,NH,Bitumen(Tar),Dry,Not Applicable,Clear,"Dabaspete-Doddaballapura road, NH",Infront Of Jagadish clinic,1 KM,13.288292,77.421522
Bengaluru Dist,Doddabelavangala PS,1.0442e+16,2022,1,2,Road Accidents,Narrow road,Rural Areas,Open area,Human Error,Not Applicable,Grievous Injury,Vehicle to Vehicle,Not Applicable,Straight and flat,Major District Road,Bitumen(Tar),Dry,Not Applicable,Clear,Belavangala Cross- Khanimatha Circle Road,Rangasswamaiahs land,50 ft,13.220895,77.429481
Bengaluru Dist,Doddabelavangala PS,1.0442e+16,2022,1,2,Road Accidents,Curves,Rural Areas,Open area,Human Error,Not Applicable,Grievous Injury,Vehicle to Vehicle,Not at  Junction,Sharp Curve,Major District Road,Bitumen(Tar),Dry,Not Applicable,Clear,Chikkabelavangala- Sasalu Road,Electric pole,50ft,13.312372,77.403677
Bengaluru Dist,Doddabelavangala PS,1.0442e+16,2022,1,2,Road Accidents,Narrow road,Rural Areas,Open area,Human Error,Not Applicable,Grievous Injury,Vehicle to Vehicle,Not at  Junction,Straight and flat,NH,Bitumen(Tar),Dry,No influence on accident,Clear,NH-207 Dabaspete-doddaballapura road,Electric pole,50 ft,13.153071,77.4100609
Bengaluru Dist,Doddabelavangala PS,1.0442e+16,2022,1,2,Road Accidents,Not Applicable,Rural Areas,Open area,Human Error,No,Fatal,Vehicle to Vehicle,Not Applicable,Straight and flat,Others,Bitumen(Tar),Dry,Not Applicable,Fog / Mist,Vanigarahalli Near Rajanna Land,Near Rajanna Land,9 KM,13.353729,77.453183
Bengaluru Dist,Doddabelavangala PS,1.0442e+16,2022,1,2,Road Accidents,Narrow road,Rural Areas,Near Petrol Pump,Human Error,Not Applicable,Grievous Injury,Vehicle to Vehicle,Not Applicable,Straight and flat,State Highway,Bitumen(Tar),Others,Not Applicable,Others,"Doddaballapura - Dabaspete Road, Near Channadeviaghara Village",Near Hanumantharayappa House,15,13.213808,77.454481
Bengaluru Dist,Doddabelavangala PS,1.0442e+16,2022,1,2,Road Accidents,Narrow road,Rural Areas,Open area,Human Error,Not Applicable,Grievous Injury,Vehicle to Vehicle,Not at  Junction,Straight and flat,State Highway,Bitumen(Tar),Dry,Construction Work / Material,Cloudy,Doddaballapura- Nelamanagala Road Near Ramesh Farm,Tree,5ft,13.185593,77.418259
Bengaluru Dist,Doddabelavangala PS,1.0442e+16,2022,1,2,Road Accidents,Not Applicable,Rural Areas,Residential area,Human Error,Not Applicable,Grievous Injury,Vehicle to Vehicle,Not Applicable,Straight and flat,NH,Bitumen(Tar),Dry,Not Applicable,Clear,Doddaballapur-Dabasapete road NH-207,Near Maruti kalyan Mantapa,3km,13.284917,77.406156
Bengaluru Dist,Doddabelavangala PS,1.0442e+16,2022,1,2,Road Accidents,Not Applicable,Rural Areas,Near School or College,Human Error,Yes,Not Applicable,Vehicle to Vehicle,Not Applicable,Straight and flat,State Highway,Bitumen(Tar),Dry,Not Applicable,Clear,Doddaballapur-Nelamangala road,Near Sri rama Highschool,12,0.0,0.0
Bengaluru Dist,Doddabelavangala PS,1.0442e+16,2022,1,2,Road Accidents,Not Applicable,Rural Areas,Open area,Human Error,No,Fatal,Vehicle to Vehicle,Not at  Junction,Others,NH,Bitumen(Tar),Dry,Not Applicable,Clear,Middle Of Hulukunte-Appakaranahalli Gate,Middle Of Hulukunte Appakaranahalli Gate,8,13.272217,77.352157
Bengaluru Dist,Doddabelavangala PS,1.0442e+16,2022,1,2,Road Accidents,Not Applicable,Rural Areas,Residential area,Human Error,No,Grievous Injury,Vehicle to Vehicle,No signal lights,Straight and flat,State Highway,Bitumen(Tar),Dry,Pot holed,Cloudy,Doddaballapura-Nelamangala Road,Near Meera esstete,14,13.200471,77.429598
Bengaluru Dist,Doddabelavangala PS,1.0442e+16,2022,1,2,Road Accidents,Curves,Rural Areas,Open area,Human Error,Not Applicable,Simple Injury,Vehicle to Vehicle,Not Applicable,Curve,Major District Road,Bitumen(Tar),Dry,Not Applicable,Cloudy,Sasalu - Gummanahalli Road,Narashimamurty house North,50Feet,13.415473,77.38643
Bengaluru Dist,Doddabelavangala PS,1.0442e+16,2022,1,2,Road Accidents,Narrow road,Rural Areas,Open area,Human Error,Not Applicable,Simple Injury,Vehicle to Vehicle,Not Applicable,Straight and flat,NH,Bitumen(Tar),Dry,Construction Work / Material,Cloudy,Doddaballapura- Dobospet NH 207,MRPL Petrol bunk,200mtr,13.279513,77.384611
Bengaluru Dist,Doddabelavangala PS,1.0442e+16,2022,1,2,Road Accidents,Not Applicable,Rural Areas,Open area,Human Error,Yes,Fatal,Vehicle to Vehicle,Controlled,Others,NH,Bitumen(Tar),Dry,Not Applicable,Fog / Mist,Near Naranahalli,Near Naranahalli,2 KM,13.291805,77.438949
Bengaluru Dist,Doddabelavangala PS,1.0442e+16,2022,1,2,Road Accidents,Narrow road,Rural Areas,Near Hospital,Human Error,Not Applicable,Simple Injury,Vehicle to Vehicle,Not Applicable,Not Applicable,Minor District Road,Bitumen(Tar),Dry,Not Applicable,Clear,Chikkabelavangala- Sasalu Road,Govt Hospital,70ft,13.406339,77.390707
Bengaluru Dist,Doddabelavangala PS,1.0442e+16,2022,1,2,Road Accidents,Narrow road,Rural Areas,Open area,Human Error,Not Applicable,Grievous Injury,Vehicle to Vehicle,Not Applicable,Straight and flat,State Highway,Bitumen(Tar),Dry,Construction Work / Material,Clear,Doddaballapura- Nelamanagala Road Near Ramesh Farm,Waste Disposal unit,100,13.372215,77.4191969
Bengaluru Dist,Doddabelavangala PS,1.0442e+16,2022,1,2,Road Accidents,Not Applicable,Rural Areas,Open area,Vehicle Defect,Not Applicable,Damage Only,Vehicle to Vehicle,Not Applicable,Others,NH,Not Applicable,Dry,Not Applicable,Others,Dabaspete-Doddaballapura road Chikkabelavangala - Kanimata cross center,Near Venkateshppa Home,04 km,13.286603,77.413226
Bengaluru Dist,Doddabelavangala PS,1.0442e+16,2022,1,2,Road Accidents,Not Applicable,Rural Areas,Residential area,Human Error,No,Grievous Injury,Vehicle to Vehicle,Not Applicable,Straight and flat,NH,Bitumen(Tar),Dry,Not Applicable,Fine,"Doddaballapura - Dabaspete Road, Near Moogenahalli Bare",Infront of Smt Sowjanya Form House Mooogenahalli Bare,5,13.283296,77.397536
Bengaluru Dist,Doddabelavangala PS,1.0442e+16,2022,1,1,Road Accidents,Curves,Rural Areas,Residential area,Human Error,No,Grievous Injury,Not Applicable,Uncontrolled,Curve,Residential Street,Bitumen(Tar),Dry,Not Applicable,Fine,Kanasavadi-Kanimata road,Near Madhure,10,13.213038,77.431688
Bengaluru Dist,Doddabelavangala PS,1.0442e+16,2022,1,2,Road Accidents,Cross roads,City/Town,Open area,Human Error,No,Fatal,Vehicle to Vehicle,Uncontrolled,Others,NH,Bitumen(Tar),Dry,No influence on accident,Others,Doddaballapura-Dobaspete Road,Chunchegowdanahosahalli Gate,1.6,13.297549,77.475943
Bengaluru Dist,Doddabelavangala PS,1.0442e+16,2022,1,2,Road Accidents,Cross roads,Rural Areas,Residential area,Human Error,No,Grievous Injury,Vehicle to Vehicle,Not Applicable,Not Applicable,Residential Street,Bitumen(Tar),Dry,Not Applicable,Others,Doddaballapura-Dobspete NH 207 Road,Near Kathihosahalli Lake,6,13.279677,77.381258
Bengaluru Dist,Doddabelavangala PS,1.0442e+16,2022,1,2,Road Accidents,Narrow road,Rural Areas,Near Bus stop,Human Error,Not Applicable,Grievous Injury,Vehicle to Vehicle,Uncontrolled,Straight and flat,NH,Bitumen(Tar),Dry,Not Applicable,Fine,Doddaballapura-Dobspete NH 207 Road,Near Tubukunte gate,06 km,13.278822,77.374804
Bengaluru Dist,Doddabelavangala PS,1.0442e+16,2022,1,2,Road Accidents,Not Applicable,Rural Areas,Open area,Human Error,No,Fatal,Vehicle to Vehicle,Not Applicable,Straight and flat,NH,Bitumen(Tar),Dry,Not Applicable,Clear,Near Kugenahalli Gate,Near Kugenahalli Gate,7 KM,13.294399,77.45767
Bengaluru Dist,Doddabelavangala PS,1.0442e+16,2022,1,2,Road Accidents,Curves,Rural Areas,Near Bus stop,Human Error,No,Grievous Injury,Vehicle to Vehicle,Not Applicable,Others,Others,Bitumen(Tar),Dry,Not Applicable,Fine,Thippuru to Kanakenahalli,Near Byrapuratanda Village Gate,1,13.357679,77.451694
Bengaluru Dist,Doddabelavangala PS,1.0442e+16,2022,1,2,Road Accidents,Narrow road,Rural Areas,Open area,Human Error,Not Applicable,Grievous Injury,Vehicle to Vehicle,Not Applicable,Straight and flat,NH,Bitumen(Tar),Dry,Construction Work / Material,Clear,NearChikkarasappa Land,Chikkellaiahnapalya,300mtr,13.269971,77.344695
Bengaluru Dist,Doddabelavangala PS,1.0442e+16,2022,1,1,Road Accidents,Narrow road,Rural Areas,Open area,Human Error,No,Fatal,Vehicle to Vehicle,Uncontrolled,Straight and flat,NH,Bitumen(Tar),Dry,No influence on accident,Others,Doddaballapura-Dobaspete Road,Near Chunchegowdanahosahalli,4,13.29327,77.448345
Bengaluru Dist,Doddabelavangala PS,1.0442e+16,2022,1,1,Road Accidents,Not Applicable,Rural Areas,Residential area,Human Error,No,Grievous Injury,Not Applicable,Not Applicable,Straight and flat,Minor District Road,Bitumen(Tar),Dry,No influence on accident,Cloudy,cheennaveeranahalli-kanakenahalli road,Muttarayaswami Temple,15km,13.38094,77.398945
Bengaluru Dist,Doddabelavangala PS,1.0442e+16,2022,1,2,Road Accidents,Not Applicable,Rural Areas,Open area,Human Error,No,Fatal,Vehicle to Vehicle,Not at  Junction,Straight and flat,NH,Bitumen(Tar),Dry,Not Applicable,Clear,Near Indian cab  Farm House,Near Indian cab  Farm House,7 KM,13.275913,77.3645429
Bengaluru Dist,Doddabelavangala PS,1.0442e+16,2022,1,2,Road Accidents,Cross roads,Rural Areas,Open area,Human Error,Not Applicable,Grievous Injury,Not Applicable,Not Applicable,Straight and flat,NH,Bitumen(Tar),Dry,Construction Work / Material,Cloudy,Doddaballapur-Dabasapete road NH-207,Dyavasandra village near siddappa land,8km,13.274285,77.3592849
Bengaluru Dist,Doddabelavangala PS,1.0442e+16,2022,1,2,Road Accidents,Curves,Rural Areas,Open area,Human Error,Not Applicable,Grievous Injury,Vehicle to Vehicle,Not Applicable,Curve,Major District Road,Bitumen(Tar),Dry,Not Applicable,Clear,Sasalu-Chikkabelavangala Road,Bridge,20mtr,13.294434,77.409141
Bengaluru Dist,Doddabelavangala PS,1.0442e+16,2022,1,2,Road Accidents,Narrow road,Rural Areas,Near School or College,Human Error,Not Applicable,Damage Only,Vehicle to Vehicle,Not at  Junction,Straight and flat,NH,Bitumen(Tar),Dry,Construction Work / Material,Clear,NH-207 Dabaspete-doddaballapura road,North East Side Karnataka public School,100Mtr,13.287569,77.417744
Bengaluru Dist,Doddabelavangala PS,1.0442e+16,2022,1,2,Road Accidents,Not Applicable,Rural Areas,Open area,Human Error,No,Fatal,Vehicle to Vehicle,Not Applicable,Straight and flat,NH,Bitumen(Tar),Dry,Not Applicable,Clear,"Middle of Kattihosahalli-Mugenahalli baare, Near MRPL Petrol Bunk",Middle of Kattihosahalli Mugenahalli baare Near MRPL Petrol Bunk,5 KM,13.281192,77.387503
Bengaluru Dist,Doddabelavangala PS,1.0442e+16,2023,1,2,Road Accidents,Not Applicable,Rural Areas,Open area,Human Error,Yes,Fatal,Vehicle to Vehicle,Controlled,Others,NH,Bitumen(Tar),Dry,Not Applicable,Clear,NH,Near Kattihosahalli Village,5 KM,0.0,0.0
Bengaluru Dist,Doddabelavangala PS,1.0442e+16,2023,1,2,Not Applicable,Narrow road,Rural Areas,Open area,Human Error,Not Applicable,Damage Only,Vehicle to Vehicle,Not at  Junction,Straight and flat,NH,Bitumen(Tar),Dry,Not Applicable,Clear,Doddaballapura- Dobospet NH 648,Kugenahalli Gate,200mtr,13.290461,77.44081
Bengaluru Dist,Doddabelavangala PS,1.0442e+16,2023,1,2,Road Accidents,Not Applicable,Rural Areas,Open area,Human Error,No,Fatal,Vehicle to Vehicle,Controlled,Others,Others,Bitumen(Tar),Dry,Not Applicable,Clear,Kanakenahalli-Mestrumane Cross Road,Near Kadalappanahalli,16 KM,13.383632,77.3830469
Bengaluru Dist,Doddabelavangala PS,1.0442e+16,2023,1,1,Road Accidents,Not Applicable,Rural Areas,Open area,Human Error,No,Fatal,Hit pedestrian,Controlled,Others,State Highway,Bitumen(Tar),Dry,Not Applicable,Fog / Mist,Nelamangala-Doddaballapura Road,Infront of Kyamason Company,10 KM,13.239623,77.483327
Bengaluru Dist,Doddabelavangala PS,1.0442e+16,2023,1,2,Road Accidents,Not Applicable,Rural Areas,Open area,Human Error,No,Damage Only,Vehicle to Vehicle,Controlled,Straight and flat,NH,Bitumen(Tar),Dry,Not Applicable,Clear,NH,Koligere Gate,5 KM,13.2839,77.400214
Bengaluru Dist,Doddabelavangala PS,1.0442e+16,2023,1,2,Road Accidents,Narrow road,Rural Areas,Open area,Human Error,No,Grievous Injury,Vehicle to Vehicle,Uncontrolled,Others,Others,Bitumen(Tar),Dry,Not Applicable,Fine,Thyamagondlu Honnavara Road,Halenahalli Cross,12 KM,13.206284,77.414833
Bengaluru Dist,Doddabelavangala PS,1.0442e+16,2023,1,2,Road Accidents,Not Applicable,Rural Areas,Open area,Human Error,Not Applicable,Damage Only,Vehicle to Vehicle,Controlled,Straight and flat,NH,Bitumen(Tar),Dry,Not Applicable,Clear,NH,Near Lakshminarayana Chowtry,1 KM,13.286745,77.413849
Bengaluru Dist,Doddabelavangala PS,1.0442e+16,2023,1,2,Road Accidents,Narrow road,Rural Areas,Open area,Human Error,No,Damage Only,Vehicle to Vehicle,Not Applicable,Straight and flat,NH,Bitumen(Tar),Dry,Construction Work / Material,Cloudy,Doddaballapura- Dobospet NH 207,MRPL Petrol bunk,300mtr,13.28505,77.452677
Bengaluru Dist,Doddabelavangala PS,1.0442e+16,2023,1,1,Road Accidents,Narrow road,Rural Areas,Open area,Human Error,Not Applicable,Fatal,Not Applicable,Uncontrolled,Others,State Highway,Bitumen(Tar),Dry,Not Applicable,Fine,Nelamangala-Doddaballapura road kanasavadi RR Chikan center,Kannamangala Colony,13 km,0.0,0.0
Bengaluru Dist,Doddabelavangala PS,1.0442e+16,2023,1,2,Road Accidents,Not Applicable,Rural Areas,Open area,Not Applicable,No,Simple Injury,Vehicle to Vehicle,Uncontrolled,Not Applicable,NH,Bitumen(Tar),Dry,Not Applicable,Clear,"Doddaballapura-Dabaspete Road, H N 648, Near Naranahalli, Doddabelavangala, Hobali, Doddaballapura t",Near Naranahalli Bridj,600 M,13.292232,77.441319
Bengaluru Dist,Doddabelavangala PS,1.0442e+16,2023,1,1,Road Accidents,Narrow road,Rural Areas,Open area,Human Error,Not Applicable,Grievous Injury,Hit pedestrian,Not Applicable,Straight and flat,NH,Bitumen(Tar),Dry,Not Applicable,Clear,Doddaballapura- Dobospet NH 207,Madhuranahosahalli Gate,100mtr,13.290509,77.432422
Bengaluru Dist,Doddabelavangala PS,1.0442e+16,2023,1,3,Road Accidents,Narrow road,Rural Areas,Open area,Human Error,Not Applicable,Damage Only,Vehicle to Vehicle,Uncontrolled,Not Applicable,NH,Bitumen(Tar),Dry,Not Applicable,Fine,NH 207,Muthugadhalli Gate,6 KM,0.0,0.0
Bengaluru Dist,Doddabelavangala PS,1.0442e+16,2023,1,2,Road Accidents,Narrow road,Rural Areas,Open area,Human Error,Not Applicable,Grievous Injury,Vehicle to Vehicle,Not Applicable,Straight and flat,NH,Bitumen(Tar),Dry,Not Applicable,Clear,Doddaballapura- Dobospet NH 648,Rameshwara Gate,100mtr,13.275602,77.350623
Bengaluru Dist,Doddabelavangala PS,1.0442e+16,2023,1,2,Road Accidents,Narrow road,Rural Areas,Open area,Human Error,Not Applicable,Grievous Injury,Vehicle to Vehicle,Not Applicable,Straight and flat,NH,Bitumen(Tar),Dry,Construction Work / Material,Clear,Doddaballapura- Dobospet NH 648,Dyavasandra Village,250Mtr,13.273491,77.357889
Bengaluru Dist,Doddabelavangala PS,1.0442e+16,2023,1,1,Road Accidents,Narrow road,Rural Areas,Residential area,Human Error,No,Simple Injury,Not Applicable,Uncontrolled,Not Applicable,Others,Bitumen(Tar),Dry,Not Applicable,Fine,Byappanhalli,Byappanahalli,13 km,13.35527,77.353807
Bengaluru Dist,Doddabelavangala PS,1.0442e+16,2023,1,2,Road Accidents,Not Applicable,Rural Areas,Open area,Human Error,Yes,Simple Injury,Vehicle to Vehicle,Controlled,Straight and flat,Others,Bitumen(Tar),Dry,Not Applicable,Clear,"Near Ashwathappa Land, Jalagere",Near Ashwathappa Land,12 KM,13.370542,77.4398799
Bengaluru Dist,Doddabelavangala PS,1.0442e+16,2023,1,1,Road Accidents,Not Applicable,Rural Areas,Open area,Human Error,No,Fatal,Not Applicable,Controlled,Others,NH,Bitumen(Tar),Dry,Construction Work / Material,Cloudy,"Dabaspete-Doddaballapura road, NH",Near Naranahalli Bridge,2 KM,0.0,0.0
Bengaluru Dist,Doddabelavangala PS,1.0442e+16,2023,1,2,Road Accidents,Narrow road,Rural Areas,Open area,Human Error,Not Applicable,Simple Injury,Vehicle to Vehicle,Uncontrolled,Not Applicable,NH,Bitumen(Tar),Dry,Not Applicable,Fine,NH 648,Hulikunte Dyavasandra Toll,8 km,13.270153,77.345033
Bengaluru Dist,Doddabelavangala PS,1.0442e+16,2023,1,1,Road Accidents,Narrow road,Rural Areas,Residential area,Human Error,Not Applicable,Simple Injury,Hit pedestrian,Uncontrolled,Others,Others,Bitumen(Tar),Dry,Not Applicable,Others,Doddabelavangala Sasalu Road,Girish Foultry Farm,4 km,13.1747,77.24217
Bengaluru Dist,Doddabelavangala PS,1.0442e+16,2023,1,2,Road Accidents,Narrow road,Rural Areas,Open area,Human Error,Not Applicable,Damage Only,Vehicle to Vehicle,Not Applicable,Straight and flat,NH,Bitumen(Tar),Dry,Not Applicable,Cloudy,Doddaballapura- Dobospet NH 648,Infront Of LM Wind Power Plant,100mtr,13.281616,77.389222
Bengaluru Dist,Doddabelavangala PS,1.0442e+16,2023,1,2,Road Accidents,Narrow road,Rural Areas,Near a religious place,Human Error,Not Applicable,Simple Injury,Vehicle to Vehicle,Uncontrolled,Others,NH,Bitumen(Tar),Dry,Not Applicable,Fine,DB Pura Dobbaspet NH 207,Masjid,0.5 KM,13.280454,77.33452
Bengaluru Dist,Doddabelavangala PS,1.0442e+16,2023,1,2,Road Accidents,Narrow road,Rural Areas,Open area,Human Error,No,Simple Injury,Vehicle to Vehicle,Controlled,Others,Others,Bitumen(Tar),Dry,Not Applicable,Clear,Inbetween Puttaiahna agrahara-hadripura cross,Near Narayanappa Land,5,13.256924,77.439751
Bengaluru Dist,Doddabelavangala PS,1.0442e+16,2023,1,2,Road Accidents,Narrow road,Rural Areas,Open area,Human Error,Not Applicable,Simple Injury,Vehicle to Vehicle,Not Applicable,Straight and flat,NH,Bitumen(Tar),Dry,Not Applicable,Clear,Doddaballapura- Dobospet NH 648,Transformer,20Ft,13.280269,77.384506
Bengaluru Dist,Doddabelavangala PS,1.0442e+16,2023,1,1,Road Accidents,Narrow road,Rural Areas,Open area,Human Error,Not Applicable,Damage Only,Not Applicable,Not Applicable,Straight and flat,State Highway,Bitumen(Tar),Dry,Not Applicable,Wind,Doddaballapura- Nelamanagala Road Near Ramesh Farm,BTS Mill,200mtr,13.291386,77.469989
Bengaluru Dist,Doddabelavangala PS,1.0442e+16,2023,1,1,Road Accidents,Narrow road,Rural Areas,Near School or College,Human Error,No,Simple Injury,Hit pedestrian,Uncontrolled,Others,NH,Bitumen(Tar),Dry,Not Applicable,Fine,"Doddaballapura - Dabaspete Road, Near Channadeviaghara Village",Karnataka Public Shool Oppoiste,1 KM,13.288333,77.421375
Bengaluru Dist,Doddabelavangala PS,1.0442e+16,2023,1,1,Road Accidents,Narrow road,Rural Areas,Open area,Human Error,Not Applicable,Fatal,Not Applicable,Uncontrolled,Others,State Highway,Bitumen(Tar),Dry,Not Applicable,Fine,Nelamangala-Doddaballapura road kanasavadi RR Chikan center,Near Godi mill,13 km,13.182399,77.418054
Bengaluru Dist,Doddabelavangala PS,1.0442e+16,2023,1,2,Road Accidents,Curves,Rural Areas,Open area,Human Error,Not Applicable,Simple Injury,Vehicle to Vehicle,Uncontrolled,Curve,NH,Bitumen(Tar),Dry,Not Applicable,Others,NH 648,LM Wind Factory yard,6 km,13.282022,77.391568
Bengaluru Dist,Doddabelavangala PS,1.0442e+16,2023,1,2,Road Accidents,Narrow road,Rural Areas,Open area,Human Error,Not Applicable,Not Applicable,Vehicle to Vehicle,Uncontrolled,Others,NH,Bitumen(Tar),Dry,Not Applicable,Others,NH 648,Ajjanakatte,100mts,13.378014,77.441036
Bengaluru Dist,Doddabelavangala PS,1.0442e+16,2023,1,1,Road Accidents,Not Applicable,Rural Areas,Open area,Human Error,No,Grievous Injury,Hit bicyclist,Controlled,Straight and flat,State Highway,Bitumen(Tar),Dry,Not Applicable,Clear,Doddaballapura-Nelamangala Road,Near Adishakti Guddadamma Temple Gate,14 KM,0.0,0.0
Bengaluru Dist,Doddabelavangala PS,1.0442e+16,2023,1,1,Road Accidents,Not Applicable,Rural Areas,Open area,Human Error,Not Applicable,Fatal,Not Applicable,Not Applicable,Straight and flat,Others,Kutcha,Muddy,Not Applicable,Cloudy,"Bandijadu In Prabhuvaiah, s Land",Mud Road to CG hosahalli,350mtr,13.291124,77.468279
Bengaluru Dist,Doddabelavangala PS,1.0442e+16,2023,1,2,Road Accidents,Not Applicable,Rural Areas,Open area,Human Error,No,Simple Injury,Vehicle to Vehicle,Controlled,Straight and flat,Others,Bitumen(Tar),Dry,Not Applicable,Clear,Khanimatha Cross Road,Near Govindaraju Land,1 KM,0.0,0.0