DISTRICTNAME,UNITNAME,Crime_No,Year,RI,Noofvehicle_involved,Accident_Classification,Accident_Spot,Accident_Location,Accident_SubLocation,Main_Cause,Hit_Run,Severity,Collision_Type,Junction_Control,Road_Character,Road_Type,Surface_Type,Surface_Condition,Road_Condition,Weather,Accident_Road,Landmark_first,Distance_LandMark_First,Latitude,Longitude
Bengaluru Dist,Doddabelavangala PS,1.0442e+16,2023,1,2,Road Accidents,Not Applicable,Rural Areas,Open area,Human Error,Not Applicable,Grievous Injury,Vehicle to Vehicle,Not at  Junction,Straight and flat,Minor District Road,Bitumen(Tar),Dry,Not Applicable,Clear,Khanimata- Belavangala Cross Road,Balaji Wines,75ft,13.262275,77.42276
Bengaluru Dist,Doddabelavangala PS,1.0442e+16,2023,1,2,Road Accidents,Narrow road,Rural Areas,Open area,Human Error,Not Applicable,Not Applicable,Vehicle to Vehicle,Uncontrolled,Others,NH,Bitumen(Tar),Dry,Not Applicable,Fine,Dobbospet Doddaballapura,Chikkabelavangala Sasalu Cross Raod,2 km,13.285631,77.408302
Bengaluru Dist,Doddabelavangala PS,1.0442e+16,2023,1,2,Road Accidents,Narrow road,Rural Areas,Open area,Human Error,Yes,Grievous Injury,Vehicle to Vehicle,Not at  Junction,Straight and flat,NH,Bitumen(Tar),Dry,Not Applicable,Cloudy,Doddaballapura- Dobospet NH 648,SNC Camp gate,100ft,13.290737,77.434034
Bengaluru Dist,Doddabelavangala PS,1.0442e+16,2023,1,4,Road Accidents,Narrow road,Rural Areas,Near Bus stop,Human Error,Yes,Simple Injury,Vehicle to Vehicle,Uncontrolled,Others,State Highway,Gravel,Dry,Not Applicable,Fine,Nelamangala-Doddaballapura road kanasavadi RR Chikan center,BDCC Bank Opposite,8 KM,13.204515,77.421238
Bengaluru Dist,Doddabelavangala PS,1.0442e+16,2023,1,2,Road Accidents,Cross roads,Rural Areas,Open area,Human Error,Yes,Simple Injury,Vehicle to Vehicle,Uncontrolled,Others,One way,Bitumen(Tar),Dry,Not Applicable,Others,Arodi Chikkabelavangala Road,Kenchanna Katte,17 KM,13.39794,77.38547
Bengaluru Dist,Doddabelavangala PS,1.0442e+16,2023,1,2,Road Accidents,Not Applicable,Rural Areas,Open area,Human Error,No,Simple Injury,Vehicle to Vehicle,Controlled,Hump,Others,Bitumen(Tar),Dry,Not Applicable,Clear,Khanimatha Kanasawadi Road,Near Shakaladevipura,6 KM,13.248253,77.428124
Bengaluru Dist,Doddabelavangala PS,1.0442e+16,2023,1,1,Road Accidents,Narrow road,Rural Areas,Open area,Human Error,Not Applicable,Fatal,Not Applicable,Uncontrolled,Others,NH,Bitumen(Tar),Dry,Not Applicable,Fine,DB Pura Dobbaspet NH 648,Tubugunte Village,9 km,13.278945,77.37417
Bengaluru Dist,Doddabelavangala PS,1.0442e+16,2023,1,3,Road Accidents,Not Applicable,Rural Areas,Open area,Human Error,No,Fatal,Vehicle to Vehicle,Controlled,Straight and flat,NH,Bitumen(Tar),Dry,Not Applicable,Clear,Near MRPL Petrol Bunk,Near MRPL Petrol Bunk,3 KM,13.281068,77.387375
Bengaluru Dist,Doddabelavangala PS,1.0442e+16,2023,1,2,Road Accidents,Narrow road,Rural Areas,Open area,Human Error,Yes,Fatal,Vehicle to Vehicle,Uncontrolled,Others,NH,Bitumen(Tar),Dry,Not Applicable,Fine,NH 648,Near Mugenahalli Bare,3 km,0.0,0.0
Bengaluru Dist,Doddabelavangala PS,1.0442e+16,2023,1,1,Road Accidents,Not Applicable,Rural Areas,Open area,Human Error,Not Applicable,Grievous Injury,Not Applicable,Uncontrolled,Not Applicable,NH,Bitumen(Tar),Dry,Construction Work / Material,Fine,NH 648,Channabasavaiahnapalya Gate,6 KM,13.27461,77.36015
Bengaluru Dist,Doddabelavangala PS,1.0442e+16,2023,1,1,Rail Road Accidents,Narrow road,Rural Areas,Residential area,Human Error,Yes,Grievous Injury,Hit pedestrian,Not Applicable,Straight and flat,Others,Kutcha,Dry,Not Applicable,Clear,Sri Shanimahatma Tepmle to Kanasawadi Village,Sri Lakshminarashima Agro foods,10ft,0.0,0.0
Bengaluru Dist,Doddabelavangala PS,1.0442e+16,2023,1,2,Road Accidents,Not Applicable,Rural Areas,Open area,Human Error,Yes,Simple Injury,Vehicle to Vehicle,Controlled,Straight and flat,Others,Bitumen(Tar),Dry,Not Applicable,Clear,"Sasalu-Arudi Road, Near Venkataraju Land",Near Venkataraju Land,18 KM,13.413504,77.388825
Bengaluru Dist,Doddabelavangala PS,1.0442e+16,2023,1,2,Road Accidents,Narrow road,Rural Areas,Near Bus stop,Human Error,Not Applicable,Simple Injury,Vehicle to Vehicle,Uncontrolled,Others,NH,Bitumen(Tar),Dry,Not Applicable,Fine,NH 648,Appakaranahalli Cross,10 km,13.267278,77.336755
Bengaluru Dist,Doddabelavangala PS,1.0442e+16,2023,1,1,Road Accidents,Narrow road,Rural Areas,Open area,Human Error,Not Applicable,Fatal,Not Applicable,Not at  Junction,Straight and flat,Major District Road,Bitumen(Tar),Dry,Not Applicable,Cloudy,Chiakkabelavangala sasalu Road,Curve,75mtr,13.399511,77.386333
Bengaluru Dist,Doddabelavangala PS,1.0442e+16,2023,1,2,Road Accidents,Not Applicable,Rural Areas,Open area,Human Error,Not Applicable,Fatal,Vehicle to Vehicle,Not at  Junction,Straight and flat,NH,Bitumen(Tar),Dry,Not Applicable,Clear,Doddaballapura- Dobospet NH 648,Renukappa House,100ft,0.0,0.0
Bengaluru Dist,Doddabelavangala PS,1.0442e+16,2023,1,2,Road Accidents,Narrow road,Rural Areas,Residential area,Human Error,Not Applicable,Damage Only,Vehicle to Vehicle,Uncontrolled,Others,NH,Bitumen(Tar),Dry,Not Applicable,Fine,NH 207,Naranahalli,2 KM,13.383887,77.3917729
Bengaluru Dist,Doddabelavangala PS,1.0442e+16,2023,1,2,Road Accidents,Curves,Rural Areas,Open area,Human Error,Not Applicable,Grievous Injury,Vehicle to Vehicle,Not Applicable,Curve,Major District Road,Bitumen(Tar),Dry,Not Applicable,Cloudy,Chiakkabelavangala sasalu Road,Narayanappas House,100 ft,13.31191,77.4038749
Bengaluru Dist,Doddabelavangala PS,1.0442e+16,2023,1,1,Road Accidents,Not Applicable,Rural Areas,Open area,Human Error,No,Simple Injury,Vehicle to Vehicle,Controlled,Straight and flat,Others,Bitumen(Tar),Dry,Not Applicable,Clear,Khanimatha-Kanasawadi Cross Road,Shakaladevanapura,6 KM,13.294976,77.409116
Bengaluru Dist,Doddabelavangala PS,1.0442e+16,2023,1,3,Road Accidents,Narrow road,Rural Areas,Open area,Human Error,Not Applicable,Fatal,Vehicle to Vehicle,Not at  Junction,Straight and flat,State Highway,Bitumen(Tar),Dry,Not Applicable,Clear,Doddaballapura- Nelamanagala Road Near Ramesh Farm,Mallohalli palya,200mtr,13.221689,77.465519
Bengaluru Dist,Hebbagodi PS,1.04421e+16,2016,1,2,Road Accidents,Other,Rural Areas,Residential area,Human Error,Yes,Grievous Injury,Hit and Run,No signal lights,Others,Village Road,Bitumen(Tar),Dry,Not Applicable,Fine,KACHANAYAKANA HALLI,KACHANAYAKANAHALLI BAVANI BAR,5 KM,0.0,0.0
Bengaluru Dist,Hebbagodi PS,1.04421e+16,2016,1,1,Road Accidents,Other,Rural Areas,Narrow bridge or culverts,Human Error,Yes,Fatal,Hit and Run,Uncontrolled,Others,NH,Bitumen(Tar),Dry,Not Applicable,Fine,NH 7,Bommasandra Bridge,2 KM,0.0,0.0
Bengaluru Dist,Hebbagodi PS,1.04421e+16,2016,1,2,Road Accidents,Narrow road,Rural Areas,Near Hospital,Human Error,Yes,Damage Only,Hit and Run,Uncontrolled,Others,NH,Bitumen(Tar),Dry,Not Applicable,Fine,NH 7,NH HOSPITAL,2 KM,0.0,0.0
Bengaluru Dist,Hebbagodi PS,1.04421e+16,2016,1,1,Road Accidents,Other,Rural Areas,Open area,Human Error,No,Grievous Injury,Hit and Run,Uncontrolled,Others,NH,Bitumen(Tar),Others,Not Applicable,Fine,NH 7,Bangalpete,2 KM,0.0,0.0
Bengaluru Dist,Hebbagodi PS,1.04421e+16,2016,1,1,Road Accidents,Narrow road,Rural Areas,Near Hospital,Human Error,Yes,Fatal,Hit and Run,Uncontrolled,Others,NH,Bitumen(Tar),Dry,Not Applicable,Fine,NH 7,narayana hospital,2 KM,0.0,0.0
Bengaluru Dist,Hebbagodi PS,1.04421e+16,2016,1,2,Road Accidents,Other,Rural Areas,Near or inside a village,Human Error,No,Simple Injury,Others,Uncontrolled,Straight and flat,Others,Bitumen(Tar),Others,Not Applicable,Others,Bommasandra,NEAR NRS BOMMASANDRA,1 km,0.0,0.0
Bengaluru Dist,Hebbagodi PS,1.04421e+16,2016,1,1,Road Accidents,Narrow road,Rural Areas,Residential area,Human Error,Yes,Fatal,Hit and Run,Uncontrolled,Straight and flat,NH,Bitumen(Tar),Dry,Not Applicable,Fine,NH 7,Amin Hotel,3 km,0.0,0.0
Bengaluru Dist,Hebbagodi PS,1.04421e+16,2016,1,1,Road Accidents,Narrow road,Rural Areas,Near School or College,Human Error,No,Grievous Injury,Others,Uncontrolled,Others,Service Road,Bitumen(Tar),Dry,Not Applicable,Fine,SFS Collage Huskur Gate,SFS Collage Huskur Gate,1  km,0.0,0.0
Bengaluru Dist,Hebbagodi PS,1.04421e+16,2016,1,1,Rail Road Accidents,Offset,Rural Areas,Near Bus stop,Human Error,No,Grievous Injury,Others,Uncontrolled,Straight and flat,NH,Bitumen(Tar),Others,Not Applicable,Others,HEBBAGODI,NEAR HEBBAGODI BUS STOP,100 M,0.0,0.0
Bengaluru Dist,Hebbagodi PS,1.04421e+16,2016,1,2,Road Accidents,Other,Rural Areas,Near office complex,Human Error,No,Simple Injury,Others,Uncontrolled,Straight and flat,Service Road,Bitumen(Tar),Others,Not Applicable,Others,NH-7  SERVICES ROAD BIOCON,NEAR BIOCON COMPANY,1 km,0.0,0.0
Bengaluru Dist,Hebbagodi PS,1.04421e+16,2016,1,1,Road Accidents,Narrow road,Rural Areas,Open area,Human Error,Yes,Grievous Injury,Hit and Run,Uncontrolled,Straight and flat,NH,Bitumen(Tar),Others,Not Applicable,Others,NH 7,NEAR Anjaneya temple,2 KM,0.0,0.0
Bengaluru Dist,Hebbagodi PS,1.04421e+16,2016,1,2,Road Accidents,Other,Rural Areas,Near Petrol Pump,Human Error,No,Grievous Injury,Others,Stop sign,Steep Incline or Climb,NH,Not Applicable,Others,Not Applicable,Others,PRIYADARSHINI PETROL PUMP,BOMMASANDRA PETROL PUMP,1  km,0.0,0.0
Bengaluru Dist,Hebbagodi PS,1.04421e+16,2016,1,1,Road Accidents,Other,Rural Areas,Near Hospital,Human Error,Yes,Fatal,Others,Uncontrolled,Straight and flat,NH,Bitumen(Tar),Others,Not Applicable,Others,NH-7 ROAD,NEAR NARAYANA HRUDAYALA HOSPITAL BUS STOP,2 KM,0.0,0.0
Bengaluru Dist,Hebbagodi PS,1.04421e+16,2016,1,1,Road Accidents,Narrow road,Rural Areas,Near Bus stop,Human Error,Yes,Fatal,Hit and Run,Uncontrolled,Others,NH,Bitumen(Tar),Dry,Not Applicable,Fine,NH 7,BTL collage,2 KM,0.0,0.0
Bengaluru Dist,Hebbagodi PS,1.04421e+16,2016,1,1,Road Accidents,Narrow road,Rural Areas,Near School or College,Human Error,Yes,Fatal,Hit and Run,Uncontrolled,Others,NH,Bitumen(Tar),Dry,Not Applicable,Fine,NH 7,BTL collage,2 KM,0.0,0.0
Bengaluru Dist,Hebbagodi PS,1.04421e+16,2016,1,1,Road Accidents,Narrow road,Rural Areas,Near Bus stop,Human Error,Yes,Fatal,Hit and Run,Uncontrolled,Straight and flat,NH,Bitumen(Tar),Others,Not Applicable,Others,NH 7,Hebbagodi Bus Stop,100 mt,0.0,0.0
Bengaluru Dist,Hebbagodi PS,1.04421e+16,2016,1,2,Road Accidents,Narrow road,Rural Areas,Near a factory industrial area,Human Error,Yes,Grievous Injury,Hit and Run,Uncontrolled,Straight and flat,NH,Bitumen(Tar),Others,Not Applicable,Fine,NH 7,Biocon Company,500 mt,0.0,0.0
Bengaluru Dist,Hebbagodi PS,1.04421e+16,2016,1,2,Road Accidents,Narrow road,Rural Areas,Near Hospital,Human Error,No,Fatal,Others,Uncontrolled,Not Applicable,NH,Bitumen(Tar),Others,Not Applicable,Others,NH 7,NH HOSPITAL,2 KM,0.0,0.0
Bengaluru Dist,Hebbagodi PS,1.04421e+16,2016,1,2,Road Accidents,Other,Rural Areas,Near Bus stop,Human Error,No,Grievous Injury,Others,Uncontrolled,Others,NH,Bitumen(Tar),Others,Not Applicable,Others,NH 7,Hebbagodi Bus Stop,100 mt,0.0,0.0
Bengaluru Dist,Hebbagodi PS,1.04421e+16,2016,1,2,Road Accidents,Cross roads,Rural Areas,Near a factory industrial area,Human Error,Yes,Fatal,Hit and Run,Not Applicable,Others,Two way,Bitumen(Tar),Dry,Not Applicable,Fine,Bommasnadra Link Road,bommasandra link raod,4 KM,0.0,0.0
Bengaluru Dist,Hebbagodi PS,1.04421e+16,2016,1,1,Road Accidents,Cross roads,Rural Areas,Near a factory industrial area,Human Error,No,Damage Only,Others,Uncontrolled,Others,Two way,Bitumen(Tar),Dry,Not Applicable,Fine,Bommasnadra Ling Road,sensera company,3 km,0.0,0.0
Bengaluru Dist,Hebbagodi PS,1.04421e+16,2016,1,1,Road Accidents,Narrow road,Rural Areas,Near Bus stop,Human Error,No,Grievous Injury,Others,Uncontrolled,Straight and flat,NH,Bitumen(Tar),Others,Not Applicable,Others,NH 7,Hebbagodi Bus Stop,100 mt,0.0,0.0
Bengaluru Dist,Hebbagodi PS,1.04421e+16,2016,1,2,Road Accidents,Narrow road,Rural Areas,Near Bus stop,Human Error,No,Fatal,Others,Uncontrolled,Not Applicable,NH,Surfaced,Dry,Not Applicable,Fine,NH 7,Huskuru Gate,2 KM,0.0,0.0
Bengaluru Dist,Hebbagodi PS,1.04421e+16,2016,1,2,Road Accidents,Other,Rural Areas,Near a recreation place/cinema,Not Applicable,No,Grievous Injury,Others,Uncontrolled,Straight and flat,NH,Bitumen(Tar),Others,Not Applicable,Others,Bommasandra KFC,NEAR BOMMASANDRA KFC,1 km,0.0,0.0
Bengaluru Dist,Hebbagodi PS,1.04421e+16,2016,1,1,Road Accidents,Narrow road,Rural Areas,Near Bus stop,Human Error,No,Grievous Injury,Others,Uncontrolled,Straight and flat,NH,Bitumen(Tar),Others,Not Applicable,Others,NH-7 ROAD,THIRUMAGONDANAHALLI GATE,3 km,0.0,0.0
Bengaluru Dist,Hebbagodi PS,1.04421e+16,2016,1,1,Road Accidents,Narrow road,Rural Areas,Near or inside a village,Human Error,Yes,Grievous Injury,Hit and Run,Not at  Junction,Others,Service Road,Bitumen(Tar),Others,Not Applicable,Others,NH 7,NEAR Bommasandra helth city,2 KM,0.0,0.0
Bengaluru Dist,Hebbagodi PS,1.04421e+16,2016,1,2,Road Accidents,Cross roads,Rural Areas,Near a factory industrial area,Human Error,Yes,Grievous Injury,Hit and Run,Uncontrolled,Others,Two way,Bitumen(Tar),Dry,Not Applicable,Fine,bommasandra,BOMMASANDRA INDUSTRIAL AREA NEAR BIOCON PARK,1 KM,0.0,0.0
Bengaluru Dist,Hebbagodi PS,1.04421e+16,2016,1,3,Road Accidents,Narrow road,Rural Areas,Near Bus stop,Human Error,No,Grievous Injury,Others,Uncontrolled,Others,NH,Surfaced,Dry,Not Applicable,Fine,NH 7,Hebbagodi Bus Stop,100 mt,0.0,0.0
Bengaluru Dist,Hebbagodi PS,1.04421e+16,2016,1,1,Road Accidents,Narrow road,Rural Areas,Near Bus stop,Human Error,No,Grievous Injury,Others,Uncontrolled,Others,NH,Bitumen(Tar),Others,Not Applicable,Fine,NH-7 ROAD,NH Hospital,2 KM,0.0,0.0
Bengaluru Dist,Hebbagodi PS,1.04421e+16,2016,1,1,Road Accidents,Narrow road,Rural Areas,Narrow bridge or culverts,Human Error,No,Grievous Injury,Others,Uncontrolled,Not Applicable,NH,Bitumen(Tar),Dry,Not Applicable,Fine,NH 7,bommasandra birdge,2 KM,0.0,0.0
Bengaluru Dist,Hebbagodi PS,1.04421e+16,2016,1,1,Road Accidents,Narrow road,Rural Areas,Near Bus stop,Human Error,No,Fatal,Others,Uncontrolled,Others,NH,Bitumen(Tar),Others,Not Applicable,Others,NH 7,Hebbagodi Bus Stop,100 mt,0.0,0.0
Bengaluru Dist,Hebbagodi PS,1.04421e+16,2016,1,2,Road Accidents,Other,Rural Areas,Open area,Human Error,No,Fatal,Hit pedal cyclist,Uncontrolled,Straight and flat,Others,Surfaced,Dry,Not Applicable,Fine,EGGALURU ROAD,NEAR EGGALURU,6 KM,0.0,0.0
Bengaluru Dist,Hebbagodi PS,1.04421e+16,2016,1,1,Road Accidents,Narrow road,Rural Areas,Near Hospital,Human Error,Yes,Fatal,Hit and Run,Uncontrolled,Others,NH,Bitumen(Tar),Dry,Not Applicable,Fine,NH 7,NH HOSPITAL,3 km,0.0,0.0
Bengaluru Dist,Hebbagodi PS,1.04421e+16,2016,1,1,Road Accidents,Narrow road,Rural Areas,Near Bus stop,Human Error,Yes,Grievous Injury,Hit and Run,Uncontrolled,Straight and flat,NH,Bitumen(Tar),Others,Not Applicable,Fine,NH 7,Huskuru Gate,1  km,0.0,0.0
Bengaluru Dist,Hebbagodi PS,1.04421e+16,2016,1,1,Road Accidents,Other,Rural Areas,Narrow bridge or culverts,Human Error,No,Damage Only,Others,Uncontrolled,Straight and flat,NH,Bitumen(Tar),Others,Not Applicable,Others,NH-7 ROAD,BOMMASANDRA FLY OVER,1 km,0.0,0.0
Bengaluru Dist,Hebbagodi PS,1.04421e+16,2016,1,1,Road Accidents,Other,Rural Areas,Near Bus stop,Human Error,No,Fatal,Others,Uncontrolled,Others,NH,Bitumen(Tar),Others,Not Applicable,Others,Hebbagodi Bus Stop,NH 7 Road Hebbagodi,100 M,0.0,0.0
Bengaluru Dist,Hebbagodi PS,1.04421e+16,2016,1,2,Road Accidents,Other,Rural Areas,In bazaar,Human Error,No,Simple Injury,Others,Uncontrolled,Straight and flat,NH,Bitumen(Tar),Wet,Not Applicable,Others,Bommasandra,NEAR BOMMASANDRA D MART,1 km,0.0,0.0
Bengaluru Dist,Hebbagodi PS,1.04421e+16,2016,1,1,Road Accidents,Other,Rural Areas,Near a religious place,Human Error,No,Simple Injury,Others,Uncontrolled,Straight and flat,Others,Bitumen(Tar),Others,Not Applicable,Others,HULIMANGALA,NEAR HULIMANGALA TEMPLE,8 KM,0.0,0.0
Bengaluru Dist,Hebbagodi PS,1.04421e+16,2016,1,1,Road Accidents,Narrow road,Rural Areas,Near Hospital,Human Error,Yes,Grievous Injury,Hit and Run,Uncontrolled,Others,NH,Bitumen(Tar),Dry,Not Applicable,Fine,NH 7,narayana hospital,2 KM,0.0,0.0
Bengaluru Dist,Hebbagodi PS,1.04421e+16,2016,1,1,Road Accidents,Other,Rural Areas,Near Bus stop,Human Error,No,Fatal,Others,Uncontrolled,Others,NH,Bitumen(Tar),Others,Not Applicable,Fine,kittaganahalli dinne,Kittagenahalli,5 KM,0.0,0.0
Bengaluru Dist,Hebbagodi PS,1.04421e+16,2016,1,1,Road Accidents,Other,Rural Areas,Near office complex,Human Error,No,Simple Injury,Others,Uncontrolled,Straight and flat,Others,Bitumen(Tar),Others,Not Applicable,Others,HEBBAGODI,NEAR ADISWARA SHOW ROOM,100 M,0.0,0.0
Bengaluru Dist,Hebbagodi PS,1.04421e+16,2016,1,2,Road Accidents,Narrow road,Rural Areas,Near Bus stop,Human Error,No,Damage Only,Others,Uncontrolled,Others,Two way,Bitumen(Tar),Others,Not Applicable,Others,Hebbagodi,Hebbagodi,200mt,0.0,0.0
Bengaluru Dist,Hebbagodi PS,1.04421e+16,2016,1,1,Road Accidents,Culvert,Rural Areas,Near Bus stop,Human Error,No,Fatal,Hit pedestrian,Uncontrolled,Straight and flat,NH,Bitumen(Tar),Dry,Not Applicable,Others,NH-7 ROAD,CHANDAPURA VILLAGE,4 KM,0.0,0.0
Bengaluru Dist,Hebbagodi PS,1.04421e+16,2016,1,1,Road Accidents,Narrow road,Rural Areas,Open area,Human Error,Yes,Grievous Injury,Hit and Run,Uncontrolled,Others,Village Road,Not Applicable,Dry,Not Applicable,Fine,Hulimangala Road,jajeenrao nagara,5 KM,0.0,0.0
Bengaluru Dist,Hebbagodi PS,1.04421e+16,2016,1,1,Road Accidents,Narrow road,Rural Areas,Near a factory industrial area,Human Error,Yes,Fatal,Hit and Run,Uncontrolled,Others,NH,Bitumen(Tar),Others,Not Applicable,Fine,NH 7,Biocon Company,500 mt,0.0,0.0
Bengaluru Dist,Hebbagodi PS,1.04421e+16,2016,1,1,Road Accidents,Narrow road,Rural Areas,Near Bus stop,Human Error,No,Grievous Injury,Others,Uncontrolled,Others,NH,Surfaced,Others,Not Applicable,Fine,NH 7,Hebbagodi Bus Stop,100 mt,0.0,0.0
Bengaluru Dist,Hebbagodi PS,1.04421e+16,2016,1,2,Road Accidents,Narrow road,Rural Areas,Near a factory industrial area,Human Error,No,Grievous Injury,Others,Uncontrolled,Straight and flat,NH,Bitumen(Tar),Dry,Not Applicable,Others,NH-7 ROAD,biocon company,1 KM,0.0,0.0
Bengaluru Dist,Hebbagodi PS,1.04421e+16,2016,1,1,Road Accidents,Offset,Rural Areas,Near a factory industrial area,Human Error,Yes,Fatal,Others,Uncontrolled,Straight and flat,Village Road,Bitumen(Tar),Others,Not Applicable,Others,Bommasandra,NEAR BOMMASANDRA NILAGIRIS COMPANY,2 KM,0.0,0.0
Bengaluru Dist,Hebbagodi PS,1.04421e+16,2016,1,1,Road Accidents,Narrow road,Rural Areas,Near office complex,Human Error,No,Grievous Injury,Others,Uncontrolled,Straight and flat,NH,Bitumen(Tar),Dry,Not Applicable,Fine,NH 7,Biocon Company,1  km,0.0,0.0
Bengaluru Dist,Hebbagodi PS,1.04421e+16,2016,1,2,Road Accidents,Cross roads,Rural Areas,Near Petrol Pump,Human Error,Yes,Grievous Injury,Hit and Run,Uncontrolled,Not Applicable,NH,Bitumen(Tar),Dry,Not Applicable,Fine,NH 7,Bommasandra Petrol Pump,2 KM,0.0,0.0
Bengaluru Dist,Hebbagodi PS,1.04421e+16,2016,1,2,Road Accidents,Narrow road,Rural Areas,Near a factory industrial area,Human Error,No,Grievous Injury,Others,Uncontrolled,Others,Service Road,Bitumen(Tar),Dry,Not Applicable,Fine,NH-7 ROAD,Jashmijo Company,2 KM,0.0,0.0
Bengaluru Dist,Hebbagodi PS,1.04421e+16,2016,1,1,Road Accidents,Narrow road,Rural Areas,Near Hospital,Human Error,No,Grievous Injury,Others,Uncontrolled,Others,NH,Bitumen(Tar),Others,Not Applicable,Fine,NH 7,NH HOSPITAL,2 KM,0.0,0.0
Bengaluru Dist,Hebbagodi PS,1.04421e+16,2016,1,1,Road Accidents,Narrow road,Rural Areas,Open area,Human Error,No,Grievous Injury,Others,Uncontrolled,Straight and flat,Others,Bitumen(Tar),Others,Not Applicable,Fine,Bommasandra,Puma Company,2 KM,0.0,0.0
Bengaluru Dist,Hebbagodi PS,1.04421e+16,2016,1,1,Road Accidents,Other,Rural Areas,Near Bus stop,Human Error,No,Fatal,Others,Uncontrolled,Others,NH,Bitumen(Tar),Others,Not Applicable,Others,NH 7,Hebbagodi Bus Stop,100 mt,0.0,0.0
Bengaluru Dist,Hebbagodi PS,1.04421e+16,2016,1,1,Rail Road Accidents,Other,Rural Areas,Near office complex,Human Error,No,Fatal,Others,Uncontrolled,Straight and flat,NH,Bitumen(Tar),Others,Not Applicable,Others,Bommasandra,NEAR SKF COMPANY,1  km,0.0,0.0
Bengaluru Dist,Hebbagodi PS,1.04421e+16,2016,1,1,Road Accidents,Other,Rural Areas,Near or inside a village,Human Error,No,Fatal,Others,Uncontrolled,Straight and flat,Village Road,Bitumen(Tar),Others,Not Applicable,Others,Bommasandra,Bommasandra,2 KM,0.0,0.0
Bengaluru Dist,Hebbagodi PS,1.04421e+16,2016,1,3,Road Accidents,Narrow road,Rural Areas,Residential area,Human Error,No,Damage Only,Others,Uncontrolled,Others,Two way,Bitumen(Tar),Dry,Not Applicable,Fine,HUSKUR GATE TO FRUIT MARKET  ROAD,Huskru Gate,2 KM,0.0,0.0
Bengaluru Dist,Hebbagodi PS,1.04421e+16,2016,1,2,Road Accidents,Narrow road,Rural Areas,Open area,Human Error,No,Fatal,Others,Uncontrolled,Others,NH,Bitumen(Tar),Dry,Not Applicable,Fine,NH 7,R K Dhaba,5 KM,0.0,0.0
Bengaluru Dist,Hebbagodi PS,1.04421e+16,2016,1,2,Road Accidents,Narrow road,Rural Areas,Narrow bridge or culverts,Human Error,Yes,Damage Only,Hit and Run,Uncontrolled,Others,NH,Bitumen(Tar),Others,Not Applicable,Fine,NH 7,Bommasandra Bridge,2 KM,0.0,0.0
Bengaluru Dist,Hebbagodi PS,1.04421e+16,2016,1,1,Road Accidents,Other,Rural Areas,Near Petrol Pump,Human Error,No,Fatal,Run Off Road,Uncontrolled,Straight and flat,NH,Bitumen(Tar),Others,Not Applicable,Others,NH-7 ROAD HEBBAGODI,HEBBAGOSI PETROL PUMP,100 M,0.0,0.0
Bengaluru Dist,Hebbagodi PS,1.04421e+16,2016,1,1,Road Accidents,Other,Rural Areas,Near Bus stop,Human Error,No,Simple Injury,Others,Uncontrolled,Straight and flat,NH,Bitumen(Tar),Others,Not Applicable,Others,HEBBAGODI,NEAR HEBBAGODI BUS STOP,100 M,0.0,0.0
Bengaluru Dist,Hebbagodi PS,1.04421e+16,2016,1,2,Road Accidents,Narrow road,Rural Areas,Near Hospital,Human Error,No,Grievous Injury,Others,Uncontrolled,Straight and flat,NH,Bitumen(Tar),Others,Not Applicable,Snow,NH 7,NH HOSPITAL,2 KM,0.0,0.0
Bengaluru Dist,Hebbagodi PS,1.04421e+16,2016,1,1,Road Accidents,Narrow road,Rural Areas,Near Bus stop,Human Error,No,Fatal,Others,Uncontrolled,Others,NH,Surfaced,Dry,Not Applicable,Others,NH 7,Bommasandra,1  km,0.0,0.0
Bengaluru Dist,Hebbagodi PS,1.04421e+16,2017,1,1,Road Accidents,Other,Rural Areas,Near a recreation place/cinema,Human Error,No,Damage Only,Others,Uncontrolled,Straight and flat,NH,Surfaced,Others,Not Applicable,Others,NH 7,NEAR A2B HOTEL,2 KM,0.0,0.0
Bengaluru Dist,Hebbagodi PS,1.04421e+16,2017,1,1,Road Accidents,Other,Rural Areas,Near a factory industrial area,Human Error,No,Simple Injury,Others,Uncontrolled,Straight and flat,NH,Surfaced,Others,Not Applicable,Others,BOMMASANDRA INDUSTRIAL AREA,NEAR FESTO COMPANY,2 KM,0.0,0.0
Bengaluru Dist,Hebbagodi PS,1.04421e+16,2017,1,1,Not Applicable,Round about or Circle,City/Town,At pedestrian Crossing,Not Applicable,Not Applicable,Fatal,Head on,No signal lights,Others,City or Town Road,Surfaced,Dry,Not Applicable,Others,Bommasandra Jigani Link Road,Near Guring,2 Km,0.0,0.0
Bengaluru Dist,Hebbagodi PS,1.04421e+16,2017,1,1,Road Accidents,Circle,City/Town,Near a factory industrial area,Not Applicable,Yes,Grievous Injury,Hit and Run,No signal lights,Not Applicable,Others,Bitumen(Tar),Dry,Not Applicable,Clear,Other Road,Teckuteck Circle,3,0.0,0.0
Bengaluru Dist,Hebbagodi PS,1.04421e+16,2017,1,2,Not Applicable,Narrow road,City/Town,Narrow bridge or culverts,Human Error,Not Applicable,Not Applicable,Head on,Controlled,Others,NH,Surfaced,Dry,Not Applicable,Others,NH Road,Huskur Gate,2,0.0,0.0
Bengaluru Dist,Hebbagodi PS,1.04421e+16,2017,1,2,Road Accidents,Other,City/Town,Near School or College,Human Error,No,Grievous Injury,Rear end,Not Applicable,Not Applicable,NH,Bitumen(Tar),Dry,Not Applicable,Clear,NH-7,Near BTL Collage,03 Km,0.0,0.0
Bengaluru Dist,Hebbagodi PS,1.04421e+16,2017,1,1,Not Applicable,Not Applicable,Not Applicable,Near Bus stop,Not Applicable,Not Applicable,Fatal,Head on,Not Applicable,Not Applicable,NH,Not Applicable,Dry,Not Applicable,Others,NH Road,Bus Stop,3 Km,0.0,0.0
Bengaluru Dist,Hebbagodi PS,1.04421e+16,2017,1,2,Road Accidents,Not Applicable,Not Applicable,Near Hospital,Not Applicable,No,Grievous Injury,Others,Not Applicable,Straight and flat,NH,Surfaced,Not Applicable,Not Applicable,Others,NH Road,Near NH Hospital,1 Km,0.0,0.0
Bengaluru Dist,Hebbagodi PS,1.04421e+16,2017,1,1,Road Accidents,Other,Rural Areas,Near Bus stop,Not Applicable,Not Applicable,Fatal,Others,Uncontrolled,Others,NH,Surfaced,Others,Not Applicable,Clear,NH-7 ROAD,BTL BUS STOP,2 KM,0.0,0.0
Bengaluru Dist,Hebbagodi PS,1.04421e+16,2017,1,2,Road Accidents,Other,Rural Areas,Near a factory industrial area,Human Error,No,Simple Injury,Others,Uncontrolled,Straight and flat,Two way,Surfaced,Others,Not Applicable,Others,JIGANI LINK ROAD,JIGANI LINK ROAD,4km,0.0,0.0
Bengaluru Dist,Hebbagodi PS,1.04421e+16,2017,1,2,Road Accidents,Other,Rural Areas,Near Bus stop,Human Error,No,Fatal,Others,Uncontrolled,Straight and flat,NH,Surfaced,Dry,Not Applicable,Fine,NH-7 ROAD,HEBBAGODI BUS STOP,100 MT,0.0,0.0