DISTRICTNAME,UNITNAME,Crime_No,Year,RI,Noofvehicle_involved,Accident_Classification,Accident_Spot,Accident_Location,Accident_SubLocation,Main_Cause,Hit_Run,Severity,Collision_Type,Junction_Control,Road_Character,Road_Type,Surface_Type,Surface_Condition,Road_Condition,Weather,Accident_Road,Landmark_first,Distance_LandMark_First,Latitude,Longitude
Bengaluru Dist,Hebbagodi PS,1.04421e+16,2019,1,1,Road Accidents,Other,City/Town,At pedestrian Crossing,Human Error,Not Applicable,Fatal,Others,Controlled,Others,NH,Concrete,Dry,Not Applicable,Fine,Nh- 7,NH 7,3 km,12.836902,77.69008
Bengaluru Dist,Hebbagodi PS,1.04421e+16,2019,1,1,Not Applicable,Not Applicable,City/Town,Near Bus stop,Human Error,No,Simple Injury,Not Applicable,Not at  Junction,Not Applicable,NH,Bitumen(Tar),Dry,Not Applicable,Clear,NH-07,Near Hebbagodi Bus Stop,500Mtr,12.827532,77.682255
Bengaluru Dist,Hebbagodi PS,1.04421e+16,2019,1,2,Road Accidents,Not Applicable,City/Town,Near Petrol Pump,Human Error,Yes,Grievous Injury,Vehicle to Vehicle,Not at  Junction,Not Applicable,NH,Bitumen(Tar),Dry,Not Applicable,Clear,NH-07,Near HP Petrol Pumb,1 KM,12.830105,77.681321
Bengaluru Dist,Hebbagodi PS,1.04421e+16,2019,1,2,Road Accidents,Narrow road,City/Town,Near Hospital,Human Error,No,Grievous Injury,Vehicle to Vehicle,Not at  Junction,Straight and flat,NH,Bitumen(Tar),Dry,Not Applicable,Clear,NH-07,Near NH Hospital,2 KM,12.810467,77.6956809
Bengaluru Dist,Hebbagodi PS,1.04421e+16,2019,1,1,Not Applicable,Not Applicable,City/Town,Open area,Not Applicable,Not Applicable,Fatal,Not Applicable,Not Applicable,Not Applicable,NH,Not Applicable,Dry,Not Applicable,Others,Nh 7 Road,Fly Over,1 Km,12.819935,77.6881709
Bengaluru Dist,Hebbagodi PS,1.04421e+16,2019,1,2,Road Accidents,Junction,Rural Areas,Open area,Human Error,Yes,Grievous Injury,Vehicle to Vehicle,No signal lights,Straight and flat,Two way,Bitumen(Tar),Dry,Not Applicable,Clear,Dommasandra Road,L & T Cross,05 KM,12.872025,77.720125
Bengaluru Dist,Hebbagodi PS,1.04421e+16,2019,1,2,Road Accidents,Not Applicable,City/Town,Near a factory industrial area,Human Error,No,Grievous Injury,Vehicle to Vehicle,Not at  Junction,Straight and flat,Two way,Bitumen(Tar),Dry,Not Applicable,Clear,Other Road,Near Thrimurthy Company,02 KM,12.819014,77.692236
Bengaluru Dist,Hebbagodi PS,1.04421e+16,2019,1,2,Road Accidents,Not Applicable,City/Town,Near Bus stop,Human Error,Not Applicable,Damage Only,Vehicle to Vehicle,Not at  Junction,Others,NH,Bitumen(Tar),Dry,Not Applicable,Clear,NH-07,Near NH Hospital,02 KM,12.810681,77.695785
Bengaluru Dist,Hebbagodi PS,1.04421e+16,2019,1,1,Not Applicable,Not Applicable,City/Town,Near Petrol Pump,Human Error,No,Grievous Injury,Hit pedestrian,Not at  Junction,Not Applicable,City or Town Road,Bitumen(Tar),Dry,Not Applicable,Clear,NH-07,Near A2B Hotel,03 KM,12.825887,77.656117
Bengaluru Dist,Hebbagodi PS,1.04421e+16,2019,1,1,Road Accidents,Not Applicable,City/Town,Near a factory industrial area,Human Error,No,Grievous Injury,Hit bicyclist,Not at  Junction,Not Applicable,Others,Bitumen(Tar),Dry,Not Applicable,Clear,Other Road,Near Suma Springs,2 KM,12.81852,77.6908259
Bengaluru Dist,Hebbagodi PS,1.04421e+16,2019,1,1,Road Accidents,Not Applicable,City/Town,Near a factory industrial area,Human Error,No,Grievous Injury,Hit pedestrian,Not at  Junction,Others,Others,Bitumen(Tar),Dry,Not Applicable,Others,Other Road,Near Syngene,02 KM,12.821478,77.675012
Bengaluru Dist,Hebbagodi PS,1.04421e+16,2019,1,2,Road Accidents,Narrow road,City/Town,Open area,Human Error,Yes,Grievous Injury,Vehicle to Vehicle,Not at  Junction,Straight and flat,NH,Bitumen(Tar),Dry,Not Applicable,Clear,NH-07 Road,Opp BETPL,03 KM,12.810762,77.6954319
Bengaluru Dist,Hebbagodi PS,1.04421e+16,2019,1,2,Not Applicable,Narrow road,City/Town,Near Bus stop,Not Applicable,Not Applicable,Fatal,Vehicle to Vehicle,Not Applicable,Others,NH,Not Applicable,Others,Not Applicable,Fine,Nh 7 Road,Near Bus Stand,1 Km,12.831942,77.680402
Bengaluru Dist,Hebbagodi PS,1.04421e+16,2019,1,1,Not Applicable,Not Applicable,City/Town,Near a factory industrial area,Human Error,No,Damage Only,Not Applicable,Not Applicable,Not Applicable,Others,Kutcha,Dry,Not Applicable,Clear,Other,0,2 KM,12.810194,77.69126
Bengaluru Dist,Hebbagodi PS,1.04421e+16,2019,1,2,Road Accidents,Not Applicable,City/Town,Residential area,Human Error,No,Simple Injury,Vehicle to Vehicle,Not at  Junction,Straight and flat,NH,Bitumen(Tar),Dry,Not Applicable,Clear,NH-07,Near R K Gardenia Gate,01 KM,12.82106,77.687266
Bengaluru Dist,Hebbagodi PS,1.04421e+16,2019,1,2,Road Accidents,Other,City/Town,Residential area,Human Error,No,Grievous Injury,Head on,Not at  Junction,Others,Others,Bitumen(Tar),Dry,Not Applicable,Clear,Other Road,Near Swastik Service Station,02 KM,12.82336,77.664935
Bengaluru Dist,Hebbagodi PS,1.04421e+16,2019,1,1,Road Accidents,Other,City/Town,Near Bus stop,Human Error,No,Grievous Injury,Hit pedestrian,Not at  Junction,Not Applicable,City or Town Road,Bitumen(Tar),Dry,Not Applicable,Clear,NH-07,Near Bus Stop,300 Mt,12.83366,77.697358
Bengaluru Dist,Hebbagodi PS,1.04421e+16,2019,1,1,Road Accidents,Other,City/Town,Near a factory industrial area,Human Error,No,Grievous Injury,Others,Not at  Junction,Others,City or Town Road,Bitumen(Tar),Dry,Not Applicable,Clear,Other Road,Near Roopesh Hotel,2 KM,12.815412,77.671586
Bengaluru Dist,Hebbagodi PS,1.04421e+16,2019,1,3,Not Applicable,Not Applicable,City/Town,Near Bus stop,Not Applicable,Not Applicable,Fatal,Vehicle to Vehicle,Not Applicable,Not Applicable,NH,Not Applicable,Wet,Not Applicable,Fine,Nh 7 Road,Near Bus Stand,1 Km,12.825686,77.682967
Bengaluru Dist,Hebbagodi PS,1.04421e+16,2019,1,2,Road Accidents,Other,City/Town,Near Bus stop,Human Error,No,Damage Only,Rear end,Not at  Junction,Not Applicable,City or Town Road,Bitumen(Tar),Dry,Not Applicable,Clear,NH,Near Bus Stop,300 mt,12.827589,77.682498
Bengaluru Dist,Hebbagodi PS,1.04421e+16,2019,1,1,Road Accidents,Narrow road,City/Town,Near a factory industrial area,Human Error,No,Grievous Injury,Vehicle to Vehicle,Not at  Junction,Straight and flat,NH,Bitumen(Tar),Dry,Not Applicable,Clear,NH-07,Near Venkateshwara Hospital,2 KM,12.815704,77.691529
Bengaluru Dist,Hebbagodi PS,1.04421e+16,2019,1,2,Not Applicable,Not Applicable,Rural Areas,Residential area,Not Applicable,Not Applicable,Fatal,Vehicle to Vehicle,Not Applicable,Not Applicable,Others,Not Applicable,Dry,Not Applicable,Others,Nh 7 Road,Near Hotel,1.5 Km,12.822512,77.686063
Bengaluru Dist,Hebbagodi PS,1.04421e+16,2019,1,2,Road Accidents,Narrow road,City/Town,Near a factory industrial area,Not Applicable,No,Fatal,Vehicle to Vehicle,Controlled,Straight and flat,Others,Surfaced,Dry,Not Applicable,Fine,other Road,Near Factory,5 Km,12.814989,77.684886
Bengaluru Dist,Hebbagodi PS,1.04421e+16,2019,1,1,Road Accidents,Not Applicable,City/Town,Near office complex,Human Error,No,Grievous Injury,Not Applicable,Not at  Junction,Straight and flat,NH,Bitumen(Tar),Dry,Not Applicable,Clear,NH-07,Near A2B,02 Km,12.807407,77.698164
Bengaluru Dist,Hebbagodi PS,1.04421e+16,2019,1,2,Road Accidents,Narrow road,City/Town,Near a factory industrial area,Human Error,No,Grievous Injury,Vehicle to Vehicle,Not at  Junction,Straight and flat,Two way,Bitumen(Tar),Dry,Not Applicable,Clear,Karnataka Bank Road,Bommasandra Indi Area,03 KM,12.813848,77.683463
Bengaluru Dist,Hebbagodi PS,1.04421e+16,2019,1,2,Not Applicable,Narrow road,City/Town,Near a factory industrial area,Human Error,Not Applicable,Fatal,Vehicle to Vehicle,Not Applicable,Not Applicable,Others,Not Applicable,Dry,Not Applicable,Fine,factorcy road,Near Factory,1 Km,12.814848,77.685452
Bengaluru Dist,Hebbagodi PS,1.04421e+16,2019,1,1,Road Accidents,Not Applicable,City/Town,Near School or College,Human Error,Yes,Grievous Injury,Hit pedestrian,Not at  Junction,Straight and flat,Others,Bitumen(Tar),Dry,Not Applicable,Clear,Other Road,BTL Road,02 KM,12.811342,77.694903
Bengaluru Dist,Hebbagodi PS,1.04421e+16,2019,1,2,Not Applicable,Narrow road,City/Town,Near a factory industrial area,Not Applicable,No,Fatal,Vehicle to Vehicle,No signal lights,Others,Others,Not Applicable,Flooded,Not Applicable,Others,MDR,FACTORY,2 KM,12.815477,77.672203
Bengaluru Dist,Hebbagodi PS,1.04421e+16,2019,1,2,Road Accidents,Junction,Rural Areas,Open area,Human Error,Not Applicable,Grievous Injury,Vehicle to Vehicle,Police / Manual,Straight and flat,Others,Bitumen(Tar),Dry,Not Applicable,Clear,Other Road,Gulimangala Cross,4 KM,12.849638,77.701354
Bengaluru Dist,Hebbagodi PS,1.04421e+16,2019,1,2,Road Accidents,Narrow road,City/Town,Near a factory industrial area,Human Error,Yes,Damage Only,Vehicle to Vehicle,Not at  Junction,Straight and flat,Two way,Bitumen(Tar),Dry,Not Applicable,Clear,Bommasandra - Jigani Link Road,Near GEA,03 KM,12.86165,77.704756
Bengaluru Dist,Hebbagodi PS,1.04421e+16,2019,1,2,Road Accidents,Other,City/Town,Open area,Human Error,No,Grievous Injury,Rear end,Not at  Junction,Others,City or Town Road,Bitumen(Tar),Dry,Not Applicable,Clear,Other Road,Near Muneshwara Layout,5KM,12.834277,77.687496
Bengaluru Dist,Hebbagodi PS,1.04421e+16,2019,1,2,Road Accidents,Not Applicable,Rural Areas,Near School or College,Human Error,No,Grievous Injury,Vehicle to Vehicle,Not at  Junction,Not Applicable,Others,Bitumen(Tar),Dry,Not Applicable,Clear,Other Road,Sai Baba Temple Road,5 KM,12.838171,77.645224
Bengaluru Dist,Hebbagodi PS,1.04421e+16,2019,1,1,Road Accidents,Other,Villages settlement,Near School or College,Human Error,No,Simple Injury,Hit pedestrian,Not at  Junction,Not Applicable,Others,Bitumen(Tar),Dry,Not Applicable,Clear,Other Road,Near Govt School,7 KM,12.814281,77.6376859
Bengaluru Dist,Hebbagodi PS,1.04421e+16,2019,1,2,Road Accidents,Not Applicable,City/Town,Near Bus stop,Human Error,Yes,Grievous Injury,Vehicle to Vehicle,Not at  Junction,Straight and flat,NH,Bitumen(Tar),Dry,Not Applicable,Clear,NH-07,Near D Mart,2 KM,12.818408,77.689691
Bengaluru Dist,Hebbagodi PS,1.04421e+16,2019,1,1,Not Applicable,Not Applicable,City/Town,Residential area,Human Error,Yes,Simple Injury,Hit pedestrian,Not Applicable,Not Applicable,NH,Bitumen(Tar),Dry,Not Applicable,Clear,Other Road,Near Meetharam Sweet,1 KM,12.827252,77.672812
Bengaluru Dist,Hebbagodi PS,1.04421e+16,2019,1,2,Road Accidents,Narrow road,City/Town,Open area,Not Applicable,Not Applicable,Fatal,Rear end,Not Applicable,Not Applicable,NH,Not Applicable,Others,Not Applicable,Fine,Nh 7 Road,Near College,2 Km,12.833629,77.68022
Bengaluru Dist,Hebbagodi PS,1.04421e+16,2019,1,1,Not Applicable,Not Applicable,City/Town,Near a factory industrial area,Human Error,No,Grievous Injury,Not Applicable,Not Applicable,Not Applicable,Not Applicable,Not Applicable,Not Applicable,Not Applicable,Clear,Aditya Fabtech Company,Aditya Fabtech Company,2 KM,12.815895,77.686194
Bengaluru Dist,Hebbagodi PS,1.04421e+16,2019,1,1,Road Accidents,Narrow road,City/Town,Residential area,Human Error,No,Grievous Injury,Hit pedestrian,Not at  Junction,Others,Residential Street,Bitumen(Tar),Dry,Not Applicable,Clear,Public Road,Icon Happy Living Apartment,1 KM,12.830263,77.6842019
Bengaluru Dist,Hebbagodi PS,1.04421e+16,2019,1,2,Not Applicable,Narrow road,City/Town,Near Bus stop,Not Applicable,Not Applicable,Fatal,Not Applicable,Not Applicable,Others,NH,Not Applicable,Dry,Not Applicable,Fine,Nh 7 Road,Near Bus Stand,1.5 Km,12.827836,77.682116
Bengaluru Dist,Hebbagodi PS,1.04421e+16,2019,1,2,Road Accidents,Not Applicable,City/Town,Near office complex,Human Error,No,Simple Injury,Vehicle to Vehicle,Not at  Junction,Straight and flat,NH,Bitumen(Tar),Dry,Not Applicable,Clear,NH-07,Near KFC,01 KM,12.823603,77.684858
Bengaluru Dist,Hebbagodi PS,1.04421e+16,2019,1,2,Road Accidents,Narrow road,Rural Areas,Open area,Not Applicable,Not Applicable,Fatal,Vehicle to Vehicle,Uncontrolled,Others,Others,Surfaced,Dry,No influence on accident,Fine,other Road,Near Appartment,2 Km,12.833393,77.701865
Bengaluru Dist,Hebbagodi PS,1.04421e+16,2019,1,1,Road Accidents,Narrow road,City/Town,Near Bus stop,Not Applicable,Not Applicable,Fatal,Hit pedestrian,Not at  Junction,Not Applicable,NH,Not Applicable,Dry,No influence on accident,Fine,Nh 7 Road,Near Bus Stand,03 Km,12.823106,77.685078
Bengaluru Dist,Hebbagodi PS,1.04421e+16,2019,1,1,Road Accidents,Other,City/Town,In bazaar,Human Error,No,Grievous Injury,Rear end,Not at  Junction,Others,City or Town Road,Bitumen(Tar),Dry,Not Applicable,Clear,Other Road,Near Karur Veshya Bank,1,12.826089,77.680101
Bengaluru Dist,Hebbagodi PS,1.04421e+16,2019,1,2,Road Accidents,Other,Villages settlement,Near School or College,Human Error,Yes,Damage Only,Head on,Not at  Junction,Not Applicable,Village Road,Bitumen(Tar),Dry,Not Applicable,Clear,Other Road,Near School,03 KM,12.822772,77.651429
Bengaluru Dist,Hebbagodi PS,1.04421e+16,2019,1,2,Road Accidents,Narrow road,City/Town,Near or inside a village,Not Applicable,Not Applicable,Fatal,Vehicle to Vehicle,Not Applicable,Not Applicable,Others,Not Applicable,Dry,Not Applicable,Others,other Road,Near Railway Track,5 Km,12.864915,77.70987
Bengaluru Dist,Hebbagodi PS,1.04421e+16,2019,1,2,Road Accidents,Other,City/Town,Near School or College,Human Error,No,Damage Only,Rear end,Not at  Junction,Not Applicable,NH,Bitumen(Tar),Dry,Not Applicable,Clear,NH-07,Near SFS Collage,01 KM,12.831973,77.680789
Bengaluru Dist,Hebbagodi PS,1.04421e+16,2019,1,2,Road Accidents,Narrow road,City/Town,Open area,Not Applicable,Not Applicable,Fatal,Hit bicyclist,Not at  Junction,Not Applicable,Others,Not Applicable,Dry,Not Applicable,Fine,other Road,Near Factory,2 Km,12.814782,77.678383
Bengaluru Dist,Hebbagodi PS,1.04421e+16,2019,1,1,Road Accidents,Not Applicable,City/Town,Near Bus stop,Human Error,No,Simple Injury,Vehicle to Vehicle,Not at  Junction,Others,NH,Bitumen(Tar),Dry,Not Applicable,Clear,NH-07,Near NH Bus Stop,02 KM,12.810584,77.6958089
Bengaluru Dist,Hebbagodi PS,1.04421e+16,2019,1,1,Road Accidents,Narrow road,City/Town,Near a factory industrial area,Human Error,No,Grievous Injury,Hit pedestrian,Not at  Junction,Not Applicable,Others,Bitumen(Tar),Dry,Not Applicable,Clear,Other Road,Near Monier Company,01 KM,12.823817,77.676629
Bengaluru Dist,Hebbagodi PS,1.04421e+16,2019,1,2,Road Accidents,Not Applicable,Rural Areas,Open area,Human Error,No,Grievous Injury,Vehicle to Vehicle,Not at  Junction,Straight and flat,Two way,Bitumen(Tar),Dry,Not Applicable,Clear,Hulimangala - Thirupalya Road,Near Green Vyali Daba,03 KM,12.820271,77.650473
Bengaluru Dist,Hebbagodi PS,1.04421e+16,2020,1,1,Road Accidents,Not Applicable,City/Town,Near Bus stop,Human Error,Yes,Grievous Injury,Hit pedestrian,Not Applicable,Straight and flat,NH,Bitumen(Tar),Dry,Not Applicable,Clear,NH -07 Road,Near Bus Stop,500Mtr,12.82465,77.671845
Bengaluru Dist,Hebbagodi PS,1.04421e+16,2020,1,2,Road Accidents,Not Applicable,City/Town,Near School or College,Human Error,No,Damage Only,Vehicle to Vehicle,Not at  Junction,Straight and flat,NH,Bitumen(Tar),Dry,Not Applicable,Clear,NH-07 Road,Near Hebbagodi Bus Stop,500Mtr,12.83494,77.678483
Bengaluru Dist,Hebbagodi PS,1.04421e+16,2020,1,2,Road Accidents,Not Applicable,City/Town,Near Petrol Pump,Human Error,No,Grievous Injury,Vehicle to Vehicle,Not at  Junction,Not Applicable,NH,Bitumen(Tar),Dry,Not Applicable,Clear,NH-07 Road,Near Indian Petrol Pump,02 Km,12.833273,77.66954
Bengaluru Dist,Hebbagodi PS,1.04421e+16,2020,1,1,Road Accidents,Narrow road,City/Town,Near a factory industrial area,Human Error,No,Grievous Injury,Hit pedestrian,Not at  Junction,Straight and flat,NH,Bitumen(Tar),Dry,Not Applicable,Clear,NH-07,Near Biocon,01 KM,12.831123,77.680327
Bengaluru Dist,Hebbagodi PS,1.04421e+16,2020,1,2,Road Accidents,Narrow road,City/Town,Open area,Human Error,No,Grievous Injury,Vehicle to Vehicle,Not at  Junction,Straight and flat,Others,Bitumen(Tar),Dry,Not Applicable,Clear,Huskuru Main Road,Near Sumukha Layout,03 KM,12.861362,77.705751
Bengaluru Dist,Hebbagodi PS,1.04421e+16,2020,1,1,Road Accidents,Narrow road,City/Town,Near a factory industrial area,Human Error,No,Grievous Injury,Not Applicable,Not at  Junction,Straight and flat,Others,Bitumen(Tar),Dry,Not Applicable,Clear,Jigani - Bommasandra Link Road,Near Shetron Company,02 KM,12.824409,77.683322
Bengaluru Dist,Hebbagodi PS,1.04421e+16,2020,1,2,Road Accidents,Narrow road,Rural Areas,Open area,Human Error,Yes,Damage Only,Vehicle to Vehicle,Not at  Junction,Straight and flat,Others,Bitumen(Tar),Dry,Not Applicable,Clear,Saibaba Temple Road,Near Mohammed Gouse Building,5 KM,12.824584,77.650369
Bengaluru Dist,Hebbagodi PS,1.04421e+16,2020,1,1,Road Accidents,Not Applicable,City/Town,Near Bus stop,Human Error,Yes,Grievous Injury,Vehicle to Vehicle,Not at  Junction,Straight and flat,NH,Bitumen(Tar),Dry,Not Applicable,Clear,Other Road,Near BMTC Dipo,5 KM,12.814974,77.6983029
Bengaluru Dist,Hebbagodi PS,1.04421e+16,2020,1,1,Not Applicable,Narrow road,City/Town,Near Hospital,Not Applicable,Not Applicable,Fatal,Hit pedestrian,Not Applicable,Straight and flat,NH,Bitumen(Tar),Dry,Not Applicable,Fine,Nh 7 Road,Near Hospital,5 Km,12.825998,77.672817
Bengaluru Dist,Hebbagodi PS,1.04421e+16,2020,1,1,Other Railway Accidents,Circle,City/Town,Near Hospital,Human Error,Yes,Fatal,Not Applicable,Not Applicable,Not Applicable,NH,Bitumen(Tar),Dry,Engineering Defect of Road,Fine,Nh- 7,HENNAGARA GATE,6 KM,0.0,0.0
Bengaluru Dist,Hebbagodi PS,1.04421e+16,2020,1,1,Road Accidents,Not Applicable,City/Town,Open area,Human Error,No,Damage Only,Not Applicable,Not at  Junction,Others,NH,Bitumen(Tar),Dry,Not Applicable,Clear,NH-07 Road,Infront of biocon,01 km,12.831795,77.68061
Bengaluru Dist,Hebbagodi PS,1.04421e+16,2020,1,1,Not Applicable,Not Applicable,Rural Areas,Open area,Not Applicable,Not Applicable,Fatal,Hit pedestrian,Not Applicable,Not Applicable,Not Applicable,Kutcha,Dry,Not Applicable,Others,other Road,Near Appartment,2 Km,12.83477,77.691331
Bengaluru Dist,Hebbagodi PS,1.04421e+16,2020,1,1,Road Accidents,Not Applicable,City/Town,Near Petrol Pump,Human Error,No,Grievous Injury,Vehicle to Vehicle,Not Applicable,Others,Others,Bitumen(Tar),Dry,Not Applicable,Clear,Sai Vishram Road,Near Petrol Pump,1,12.817133,77.670807
Bengaluru Dist,Hebbagodi PS,1.04421e+16,2020,1,1,Road Accidents,Narrow road,Rural Areas,Open area,Not Applicable,Not Applicable,Fatal,Hit pedestrian,Not Applicable,Others,NH,Not Applicable,Dry,Not Applicable,Fine,Nh 7 Road,Near Hospital,1.5 Km,12.834904,77.679783
Bengaluru Dist,Hebbagodi PS,1.04421e+16,2020,1,1,Road Accidents,Narrow road,Rural Areas,Residential area,Not Applicable,Yes,Fatal,Hit pedestrian,Not Applicable,Not Applicable,Residential Street,Kutcha,Dry,Not Applicable,Fine,other Road,Near Circle,5 KM,12.823094,77.669827
Bengaluru Dist,Hebbagodi PS,1.04421e+16,2020,1,1,Road Accidents,Not Applicable,City/Town,Near a factory industrial area,Human Error,No,Grievous Injury,Hit bicyclist,Not at  Junction,Others,Others,Bitumen(Tar),Dry,Not Applicable,Clear,Bommasandra - Jigani Link Road,Near Biocon Park,03 KM,12.842685,77.68899
Bengaluru Dist,Hebbagodi PS,1.04421e+16,2020,1,2,Not Applicable,Narrow road,City/Town,Residential area,Not Applicable,Not Applicable,Fatal,Vehicle to Vehicle,Uncontrolled,Others,Others,Bitumen(Tar),Dry,Not Applicable,Fine,other Road,Near Residence,5 Km,0.0,0.0
Bengaluru Dist,Hebbagodi PS,1.04421e+16,2020,1,1,Road Accidents,Narrow road,City/Town,Residential area,Not Applicable,No,Fatal,Hit pedestrian,Not Applicable,Not Applicable,Others,Surfaced,Others,Not Applicable,Fine,other Road,Near Shop,03 Km,12.835538,77.691306
Bengaluru Dist,Hebbagodi PS,1.04421e+16,2020,1,1,Road Accidents,Narrow road,City/Town,Near Petrol Pump,Human Error,No,Grievous Injury,Hit pedestrian,Not at  Junction,Straight and flat,NH,Bitumen(Tar),Dry,Not Applicable,Clear,NH-07 Road,Near Indian Petrol Pump,04 KM,12.816268,77.6909489
Bengaluru Dist,Hebbagodi PS,1.04421e+16,2020,1,1,Road Accidents,Not Applicable,City/Town,Residential area,Human Error,Yes,Grievous Injury,Hit pedestrian,Not at  Junction,Straight and flat,Others,Bitumen(Tar),Dry,Not Applicable,Clear,Electronic City Road,Shikaripalya,05 KM,12.836868,77.657891
Bengaluru Dist,Hebbagodi PS,1.04421e+16,2020,1,3,Road Accidents,Not Applicable,City/Town,Open area,Human Error,No,Grievous Injury,Vehicle to Vehicle,Not at  Junction,Straight and flat,NH,Bitumen(Tar),Dry,Not Applicable,Clear,NH-07,Near Royal Enfield Show Room,3 KM,12.81429,77.6928419
Bengaluru Dist,Hebbagodi PS,1.04421e+16,2020,1,2,Road Accidents,Not Applicable,Rural Areas,Near a factory industrial area,Human Error,No,Damage Only,Vehicle to Vehicle,Not at  Junction,Straight and flat,Two way,Bitumen(Tar),Dry,Not Applicable,Clear,Other Road,Near Karnataka Bank,03 KM,12.825891,77.672163
Bengaluru Dist,Hebbagodi PS,1.04421e+16,2020,1,1,Road Accidents,Not Applicable,City/Town,Near Hospital,Human Error,No,Grievous Injury,Not Applicable,Not at  Junction,Straight and flat,NH,Bitumen(Tar),Dry,Not Applicable,Clear,NH-07,Near NH Hospital,02 KM,12.840089,77.715652
Bengaluru Dist,Hebbagodi PS,1.04421e+16,2020,1,1,Road Accidents,Not Applicable,City/Town,Residential area,Human Error,No,Grievous Injury,Hit bicyclist,Not at  Junction,Straight and flat,Others,Bitumen(Tar),Dry,Not Applicable,Clear,Gollahally - Shikaripalya Road,Near Siraj Layout,04 KM,12.826186,77.676693
Bengaluru Dist,Hebbagodi PS,1.04421e+16,2020,1,2,Road Accidents,Not Applicable,City/Town,Open area,Human Error,No,Grievous Injury,Vehicle to Vehicle,Not at  Junction,Straight and flat,NH,Bitumen(Tar),Dry,Not Applicable,Clear,NH-07 Road,Near A2B Hotel,02 KM,0.0,0.0
Bengaluru Dist,Hebbagodi PS,1.04421e+16,2020,1,1,Road Accidents,Not Applicable,City/Town,Near office complex,Human Error,Yes,Grievous Injury,Hit pedestrian,Not at  Junction,Others,NH,Bitumen(Tar),Dry,Not Applicable,Clear,NH-07,Near D Mart,02 KM,12.819945,77.68849
Bengaluru Dist,Hebbagodi PS,1.04421e+16,2020,1,1,Road Accidents,Narrow road,City/Town,Near a factory industrial area,Not Applicable,Not Applicable,Fatal,Hit pedestrian,Not Applicable,Not Applicable,NH,Surfaced,Dry,Not Applicable,Others,Nh 7 Road,Near Factory,0.5 Km,12.824459,77.6836769
Bengaluru Dist,Hebbagodi PS,1.04421e+16,2020,1,1,Road Accidents,Cross roads,City/Town,Near a factory industrial area,Not Applicable,Yes,Fatal,Hit pedestrian,Not Applicable,Others,NH,Surfaced,Dry,Not Applicable,Others,Nh 7 Road,near company,1 Km,12.822248,77.6857919
Bengaluru Dist,Hebbagodi PS,1.04421e+16,2020,1,2,Road Accidents,Circle,City/Town,Near Hospital,Vehicle Defect,No,Fatal,Vehicle to Vehicle,Not Applicable,Not Applicable,NH,Bitumen(Tar),Dry,Drainage Ditch,Others,Nh 7 Road,Near Hospital,5 KM,12.810533,77.69562
Bengaluru Dist,Hebbagodi PS,1.04421e+16,2020,1,1,Not Applicable,Narrow road,City/Town,Near a factory industrial area,Not Applicable,Not Applicable,Fatal,Hit pedestrian,Uncontrolled,Straight and flat,NH,Bitumen(Tar),Dry,Not Applicable,Fine,factorcy road,Near Factory,2 Km,12.817804,77.665449
Bengaluru Dist,Hebbagodi PS,1.04421e+16,2020,1,2,Road Accidents,Not Applicable,City/Town,Open area,Human Error,No,Grievous Injury,Vehicle to Vehicle,Not at  Junction,Straight and flat,Others,Bitumen(Tar),Dry,Not Applicable,Clear,NH-07 Road,Near Neo town,05 KM,12.820226,77.660413
Bengaluru Dist,Hebbagodi PS,1.04421e+16,2020,1,2,Road Accidents,Narrow road,Rural Areas,Open area,Not Applicable,Not Applicable,Fatal,Vehicle to Vehicle,Not Applicable,Others,Others,Kutcha,Others,Not Applicable,Fine,other Road,Near Residence,1 Km,12.815065,77.6503669
Bengaluru Dist,Hebbagodi PS,1.04421e+16,2020,1,2,Not Applicable,Narrow road,City/Town,Near a factory industrial area,Not Applicable,No,Fatal,Vehicle to Vehicle,Not Applicable,Others,NH,Surfaced,Dry,Not Applicable,Fine,Nh 7 Road,Fly Over,1.5 Km,12.819713,77.688203
Bengaluru Dist,Hebbagodi PS,1.04421e+16,2020,1,1,Road Accidents,Circle,City/Town,Near Bus stop,Not Applicable,No,Fatal,Not Applicable,Not Applicable,Others,NH,Bitumen(Tar),Dry,Not Applicable,Others,Nh- 7,BOMMASANDRA,3KM,12.819993,77.688118
Bengaluru Dist,Hebbagodi PS,1.04421e+16,2020,1,1,Not Applicable,Circle,City/Town,Near Bus stop,Vehicle Defect,No,Fatal,Not Applicable,Not Applicable,Others,NH,Bitumen(Tar),Dry,Drainage Ditch,Others,Nh- 7,NH7 ROAD,5 KM,12.808604,77.69716
Bengaluru Dist,Hebbagodi PS,1.04421e+16,2020,1,1,Road Accidents,Not Applicable,City/Town,Near a factory industrial area,Human Error,No,Grievous Injury,Hit pedestrian,Not Applicable,Others,Others,Bitumen(Tar),Dry,Not Applicable,Clear,Other Road,Near Deepa Industies,3 KM,12.810507,77.6698019
Bengaluru Dist,Hebbagodi PS,1.04421e+16,2020,1,1,Road Accidents,Narrow road,City/Town,Open area,Human Error,Yes,Damage Only,Hit pedestrian,Not at  Junction,Straight and flat,NH,Bitumen(Tar),Dry,Not Applicable,Clear,NH-07 Road,Near Hebbagodi Bus Stop,500mtr,12.825332,77.683115
Bengaluru Dist,Hebbagodi PS,1.04421e+16,2020,1,1,Not Applicable,Narrow road,City/Town,Near a factory industrial area,Not Applicable,Not Applicable,Fatal,Not Applicable,Not Applicable,Others,Others,Surfaced,Not Applicable,Not Applicable,Fine,other Road,Near Factory,2 Km,12.820016,77.693552