DISTRICTNAME,UNITNAME,Crime_No,Year,RI,Noofvehicle_involved,Accident_Classification,Accident_Spot,Accident_Location,Accident_SubLocation,Main_Cause,Hit_Run,Severity,Collision_Type,Junction_Control,Road_Character,Road_Type,Surface_Type,Surface_Condition,Road_Condition,Weather,Accident_Road,Landmark_first,Distance_LandMark_First,Latitude,Longitude
Bengaluru Dist,Hebbagodi PS,1.04421e+16,2020,1,2,Road Accidents,Not Applicable,City/Town,Near Hospital,Human Error,No,Grievous Injury,Vehicle to Vehicle,Not at  Junction,Straight and flat,NH,Bitumen(Tar),Dry,Not Applicable,Clear,NH-07,Near Narayana Hrudayalaya,3 KM,12.810366,77.695661
Bengaluru Dist,Hebbagodi PS,1.04421e+16,2020,1,1,Road Accidents,Not Applicable,City/Town,Open area,Vehicle Defect,No,Fatal,Not Applicable,Not Applicable,Others,NH,Bitumen(Tar),Dry,Not Applicable,Others,Nh- 7,HEBBAGODI BUS STOP,500MTS,12.825822,77.6827679
Bengaluru Dist,Hebbagodi PS,1.04421e+16,2020,1,1,Road Accidents,Not Applicable,City/Town,Near a factory industrial area,Human Error,No,Grievous Injury,Hit pedestrian,Not at  Junction,Others,Others,Bitumen(Tar),Dry,Not Applicable,Clear,Sai Vishram Road,Neal L & T,2 KM,12.823142,77.6796729
Bengaluru Dist,Hebbagodi PS,1.04421e+16,2020,1,2,Road Accidents,Narrow road,City/Town,Near a religious place,Not Applicable,Not Applicable,Fatal,Vehicle to Vehicle,Not Applicable,Others,NH,Surfaced,Dry,Not Applicable,Fine,Nh 7 Road,Near Bus Stand,5 Km,12.836304,77.673641
Bengaluru Dist,Hebbagodi PS,1.04421e+16,2020,1,2,Road Accidents,Narrow road,City/Town,Near a factory industrial area,Human Error,No,Simple Injury,Vehicle to Vehicle,Not at  Junction,Straight and flat,Others,Bitumen(Tar),Dry,Not Applicable,Clear,Bommasandra - Jigani Link Road,Near Biocon Park,03 KM,12.80703,77.663617
Bengaluru Dist,Hebbagodi PS,1.04421e+16,2020,1,1,Road Accidents,Not Applicable,City/Town,Near a factory industrial area,Human Error,Yes,Grievous Injury,Hit pedestrian,Not at  Junction,Straight and flat,Others,Bitumen(Tar),Dry,Not Applicable,Clear,Other Road,Near Sai Vishram Hotel,1 KM,12.823324,77.677181
Bengaluru Dist,Hebbagodi PS,1.04421e+16,2020,1,1,Road Accidents,Cross roads,City/Town,Near a factory industrial area,Not Applicable,Yes,Fatal,Hit pedestrian,Not Applicable,Others,NH,Not Applicable,Others,Not Applicable,Fine,Nh 7 Road,Near Factory,2 Km,12.807928,77.697907
Bengaluru Dist,Hebbagodi PS,1.04421e+16,2020,1,2,Road Accidents,Junction,City/Town,Near Bus stop,Human Error,No,Grievous Injury,Vehicle to Vehicle,No signal lights,Straight and flat,NH,Bitumen(Tar),Dry,Not Applicable,Clear,NH-07,Near Bommasandra Circle,2 KM,12.818881,77.688976
Bengaluru Dist,Hebbagodi PS,1.04421e+16,2020,1,2,Road Accidents,Not Applicable,City/Town,Near a factory industrial area,Human Error,No,Grievous Injury,Vehicle to Vehicle,Not at  Junction,Others,Others,Bitumen(Tar),Dry,Not Applicable,Clear,Bommasandra - Jigani Link Road,Near Petrol Pump,03 KM,12.834084,77.6884859
Bengaluru Dist,Hebbagodi PS,1.04421e+16,2020,1,2,Road Accidents,Not Applicable,City/Town,Near Bus stop,Human Error,No,Grievous Injury,Vehicle to Vehicle,Not at  Junction,Others,NH,Bitumen(Tar),Dry,Not Applicable,Clear,NH-07 Road,Near Kammasandra Cross,1 KM,12.835318,77.699387
Bengaluru Dist,Hebbagodi PS,1.04421e+16,2020,1,2,Road Accidents,Not Applicable,City/Town,Near Petrol Pump,Human Error,No,Grievous Injury,Vehicle to Vehicle,Not at  Junction,Straight and flat,Others,Bitumen(Tar),Dry,Not Applicable,Clear,Bommasandra - Jigani Link Road,Near Cell Petrol Pump,02 KM,12.826493,77.683025
Bengaluru Dist,Hebbagodi PS,1.04421e+16,2020,1,1,Road Accidents,Narrow road,City/Town,Near Bus stop,Vehicle Defect,Not Applicable,Fatal,Hit pedestrian,Not Applicable,Others,NH,Bitumen(Tar),Dry,Not Applicable,Fine,Nh 7 Road,Near Bus Stand,2 Km,12.825916,77.673711
Bengaluru Dist,Hebbagodi PS,1.04421e+16,2020,1,1,Road Accidents,Narrow road,City/Town,Near a factory industrial area,Not Applicable,Yes,Fatal,Hit pedestrian,Not Applicable,Not Applicable,NH,Surfaced,Dry,Not Applicable,Fine,Nh 7 Road,Near Factory,1 Km,12.824342,77.6841089
Bengaluru Dist,Hebbagodi PS,1.04421e+16,2020,1,1,Road Accidents,Narrow road,City/Town,Open area,Human Error,No,Grievous Injury,Hit pedestrian,Not at  Junction,Straight and flat,NH,Bitumen(Tar),Dry,Not Applicable,Clear,NH-07,Near Huskuru Gate,02 KM,12.835738,77.679525
Bengaluru Dist,Hebbagodi PS,1.04421e+16,2020,1,1,Road Accidents,Narrow road,City/Town,Near Hospital,Not Applicable,Not Applicable,Fatal,Not Applicable,Not Applicable,Others,NH,Not Applicable,Dry,Not Applicable,Fine,Nh 7 Road,Near Hospital,2 Km,12.810427,77.6957149
Bengaluru Dist,Hebbagodi PS,1.04421e+16,2020,1,2,Road Accidents,Road hump or Rumble strips,Rural Areas,Near Petrol Pump,Vehicle Defect,No,Fatal,Vehicle to Vehicle,Not Applicable,Others,NH,Gravel,Dry,Drainage Ditch,Fine,Nh 7 Road,Near Circle,500 mt,12.831343,77.680754
Bengaluru Dist,Hebbagodi PS,1.04421e+16,2020,1,2,Road Accidents,Not Applicable,City/Town,Near School or College,Human Error,No,Grievous Injury,Vehicle to Vehicle,Not at  Junction,Others,NH,Bitumen(Tar),Dry,Not Applicable,Clear,NH-07,Near SFS College,02 KM,12.822881,77.6669089
Bengaluru Dist,Hebbagodi PS,1.04421e+16,2020,1,1,Road Accidents,Narrow road,City/Town,Near Bus stop,Not Applicable,Yes,Fatal,Hit pedestrian,Not Applicable,Not Applicable,NH,Not Applicable,Dry,Not Applicable,Fine,Nh 7 Road,Near Bus Stand,1 Km,12.842872,77.689098
Bengaluru Dist,Hebbagodi PS,1.04421e+16,2020,1,1,Road Accidents,Not Applicable,City/Town,Residential area,Human Error,No,Grievous Injury,Hit pedestrian,Not at  Junction,Others,Residential Street,Bitumen(Tar),Dry,Not Applicable,Clear,Other Road,9 th Cross Anantha Nagara,3 KM,0.0,0.0
Bengaluru Dist,Hebbagodi PS,1.04421e+16,2020,1,1,Road Accidents,Not Applicable,City/Town,Near Bus stop,Human Error,No,Grievous Injury,Hit pedestrian,Not at  Junction,Straight and flat,NH,Bitumen(Tar),Dry,Not Applicable,Clear,NH-07,Near Hebbagodi Bus Stop,500mtr,0.0,0.0
Bengaluru Dist,Hebbagodi PS,1.04421e+16,2020,1,1,Road Accidents,Narrow road,Rural Areas,Open area,Not Applicable,Not Applicable,Fatal,Hit pedestrian,Not Applicable,Not Applicable,NH,Not Applicable,Dry,Not Applicable,Fine,Nh 7 Road,Near Musid,2 Km,12.825839,77.6831679
Bengaluru Dist,Hebbagodi PS,1.04421e+16,2020,1,1,Road Accidents,Not Applicable,City/Town,Near Bus stop,Vehicle Defect,Yes,Fatal,Vehicle to Vehicle,Give way sign,Not Applicable,NH,Bitumen(Tar),Wet,Drainage Ditch,Others,NH 7,ROYAL SHOW ROMM,5 KM,12.814179,77.692945
Bengaluru Dist,Hebbagodi PS,1.04421e+16,2020,1,2,Road Accidents,Narrow road,City/Town,Near Bus stop,Not Applicable,Not Applicable,Fatal,Vehicle to Vehicle,Not Applicable,Straight and flat,NH,Surfaced,Dry,No influence on accident,Fine,Nh 7 Road,Near Temple,1 Km,12.838612,77.677644
Bengaluru Dist,Hebbagodi PS,1.04421e+16,2020,1,1,Road Accidents,Junction,City/Town,Near Bus stop,Not Applicable,Yes,Fatal,Not Applicable,Not Applicable,Others,NH,Bitumen(Tar),Dry,Engineering Defect of Road,Fine,Nh- 7,KITTAGANAHALLI BUS STOP,5 KM,12.808354,77.697478
Bengaluru Dist,Hebbagodi PS,1.04421e+16,2020,1,1,Road Accidents,Not Applicable,City/Town,Open area,Human Error,Yes,Grievous Injury,Hit pedestrian,Not at  Junction,Straight and flat,NH,Bitumen(Tar),Dry,Not Applicable,Clear,NH-07 Road,Near A2B,3 KM,12.807289,77.698234
Bengaluru Dist,Hebbagodi PS,1.04421e+16,2020,1,2,Road Accidents,Junction,City/Town,Near a factory industrial area,Human Error,No,Grievous Injury,Vehicle to Vehicle,Not at  Junction,Straight and flat,Others,Bitumen(Tar),Dry,Not Applicable,Clear,Thirupalya Road,Near SFO Company,03 KM,12.815569,77.66779
Bengaluru Dist,Hebbagodi PS,1.04421e+16,2020,1,1,Road Accidents,Narrow road,City/Town,Near office complex,Human Error,No,Grievous Injury,Hit pedestrian,Not at  Junction,Straight and flat,Others,Bitumen(Tar),Dry,Not Applicable,Clear,Other Road,Near Bommasandra,3 KM,12.815721,77.698247
Bengaluru Dist,Hebbagodi PS,1.04421e+16,2020,1,1,Road Accidents,Narrow road,City/Town,Near Bus stop,Human Error,No,Grievous Injury,Hit pedestrian,Not at  Junction,Straight and flat,NH,Bitumen(Tar),Dry,Not Applicable,Clear,NH-07,Near Bus Stop,500Mtr,12.825422,77.68314
Bengaluru Dist,Hebbagodi PS,1.04421e+16,2020,1,1,Road Accidents,Circle,City/Town,Near Bus stop,Vehicle Defect,Yes,Fatal,Not Applicable,Not Applicable,Others,NH,Bitumen(Tar),Dry,Not Applicable,Others,Nh- 7,HENNAGARA GATE,6KM,12.80662,77.69872
Bengaluru Dist,Hebbagodi PS,1.04421e+16,2020,1,1,Not Applicable,Not Applicable,City/Town,Near Bus stop,Vehicle Defect,Yes,Fatal,Vehicle to Vehicle,Not Applicable,Others,NH,Bitumen(Tar),Dry,Not Applicable,Fine,Bommasandra link road,link road,5 km,12.819999,77.6856109
Bengaluru Dist,Hebbagodi PS,1.04421e+16,2020,1,1,Road Accidents,Not Applicable,Rural Areas,Near Bus stop,Not Applicable,Yes,Fatal,Hit pedestrian,Not Applicable,Not Applicable,NH,Bitumen(Tar),Flooded,Not Applicable,Heavy Rain,HEBBAGODI BUS STOP,HEBBAGODI BUS STOP,200FT,12.82753,77.682264
Bengaluru Dist,Hebbagodi PS,1.04421e+16,2020,1,1,Road Accidents,Curves,City/Town,Near or inside a village,Not Applicable,No,Fatal,Hit bicyclist,Signals (Not working),Curve,Others,Concrete,Dry,Not Applicable,Not Applicable,hulmangal road,petrol bunk,3,12.818802,77.664867
Bengaluru Dist,Hebbagodi PS,1.04421e+16,2020,1,2,Road Accidents,Not Applicable,City/Town,Near Bus stop,Not Applicable,No,Damage Only,Not Applicable,Uncontrolled,Others,NH,Surfaced,Dry,Not Applicable,Clear,NH-7 ROAD,Bata Show Room,1 Km,12.822445,77.690136
Bengaluru Dist,Hebbagodi PS,1.04421e+16,2020,1,1,Road Accidents,Not Applicable,City/Town,Near office complex,Human Error,No,Grievous Injury,Hit pedestrian,Not at  Junction,Not Applicable,NH,Bitumen(Tar),Dry,Not Applicable,Clear,NH-07 Road,Near Adhishwar,01 KM,0.0,0.0
Bengaluru Dist,Hebbagodi PS,1.04421e+16,2020,1,2,Road Accidents,Narrow road,City/Town,Open area,Not Applicable,Not Applicable,Fatal,Vehicle to Vehicle,Not Applicable,Others,NH,Gravel,Dry,Not Applicable,Fine,Nh 7 Road,Near D Mart,1.5 Km,12.821665,77.686098
Bengaluru Dist,Hebbagodi PS,1.04421e+16,2020,1,1,Road Accidents,Not Applicable,City/Town,Residential area,Human Error,No,Grievous Injury,Hit pedestrian,Not at  Junction,Straight and flat,Not Applicable,Bitumen(Tar),Dry,Not Applicable,Clear,Kammasandra Road,Near Vinayakanagara,02 KM,12.835107,77.684428
Bengaluru Dist,Hebbagodi PS,1.04421e+16,2020,1,2,Road Accidents,Not Applicable,City/Town,Near Hospital,Human Error,No,Grievous Injury,Vehicle to Vehicle,Not Applicable,Straight and flat,NH,Bitumen(Tar),Dry,Not Applicable,Clear,NH-07,Near BETPL Parking,3 KM,12.81415,77.6927559
Bengaluru Dist,Hebbagodi PS,1.04421e+16,2020,1,2,Road Accidents,Narrow road,City/Town,Near Bus stop,Not Applicable,No,Fatal,Vehicle to Vehicle,Not Applicable,Straight and flat,NH,Surfaced,Dry,No influence on accident,Fine,Nh 7 Road,Near Bus Stand,03 Km,12.819649,77.6684499
Bengaluru Dist,Hebbagodi PS,1.04421e+16,2020,1,2,Road Accidents,Narrow road,City/Town,Narrow bridge or culverts,Not Applicable,Not Applicable,Fatal,Vehicle to Vehicle,Not Applicable,Others,NH,Surfaced,Dry,Not Applicable,Snow,Nh 7 Road,Fly Over,2 Km,12.830376,77.679865
Bengaluru Dist,Hebbagodi PS,1.04421e+16,2020,1,2,Road Accidents,Not Applicable,City/Town,Open area,Human Error,No,Grievous Injury,Vehicle to Vehicle,Not at  Junction,Straight and flat,NH,Bitumen(Tar),Dry,Not Applicable,Clear,NH-07,Near Bommasandra,02 KM,12.836293,77.690649
Bengaluru Dist,Hebbagodi PS,1.04421e+16,2020,1,1,Road Accidents,Narrow road,City/Town,Residential area,Not Applicable,Not Applicable,Fatal,Hit pedestrian,Uncontrolled,Straight and flat,NH,Bitumen(Tar),Dry,Not Applicable,Fine,other Road,Near Residence,5 Km,12.835026,77.643387
Bengaluru Dist,Hebbagodi PS,1.04421e+16,2020,1,1,Road Accidents,Not Applicable,City/Town,Open area,Human Error,No,Damage Only,Hit pedestrian,Not at  Junction,Straight and flat,NH,Bitumen(Tar),Dry,Not Applicable,Clear,NH-07,Near Anjaneya Temple,500mtr,12.826319,77.682852
Bengaluru Dist,Hebbagodi PS,1.04421e+16,2020,1,1,Road Accidents,Circle,City/Town,Open area,Not Applicable,Yes,Fatal,Not Applicable,Give way sign,Others,NH,Bitumen(Tar),Dry,Drainage Ditch,Others,Nh 7 Road,near company,2 Km,12.808542,77.698664
Bengaluru Dist,Hebbagodi PS,1.04421e+16,2020,1,1,Road Accidents,Narrow road,City/Town,Open area,Human Error,No,Grievous Injury,Hit pedestrian,Not at  Junction,Others,NH,Bitumen(Tar),Dry,Not Applicable,Clear,NH-07,Near Biocon,1 KM,12.829349,77.6817719
Bengaluru Dist,Hebbagodi PS,1.04421e+16,2020,1,1,Road Accidents,Not Applicable,City/Town,Open area,Human Error,Yes,Grievous Injury,Vehicle to Vehicle,Not at  Junction,Straight and flat,NH,Bitumen(Tar),Dry,Not Applicable,Clear,NH-07,Near ZEmpair,3 KM,12.80818,77.697449
Bengaluru Dist,Hebbagodi PS,1.04421e+16,2020,1,1,Road Accidents,Narrow road,City/Town,Near a factory industrial area,Not Applicable,Not Applicable,Fatal,Vehicle to Vehicle,Not Applicable,Not Applicable,NH,Surfaced,Dry,Not Applicable,Fine,Nh 7 Road,Near D Mart,1 Km,12.820523,77.6878519
Bengaluru Dist,Hebbagodi PS,1.04421e+16,2020,1,1,Road Accidents,Narrow road,City/Town,Near a factory industrial area,Not Applicable,Yes,Fatal,Hit pedestrian,Not Applicable,Not Applicable,NH,Not Applicable,Not Applicable,Not Applicable,Fine,Nh 7 Road,Near Factory,2 Km,12.814092,77.693055
Bengaluru Dist,Hebbagodi PS,1.04421e+16,2020,1,2,Road Accidents,Not Applicable,City/Town,Near Bus stop,Human Error,Yes,Simple Injury,Vehicle to Vehicle,Not at  Junction,Not Applicable,NH,Bitumen(Tar),Dry,Not Applicable,Clear,NH-07,Near Bus Stop,500Mtr,12.827475,77.682236
Bengaluru Dist,Hebbagodi PS,1.04421e+16,2020,1,1,Road Accidents,Narrow road,City/Town,Near a factory industrial area,Not Applicable,Not Applicable,Fatal,Hit pedestrian,Not Applicable,Not Applicable,NH,Surfaced,Dry,Not Applicable,Fine,Nh 7 Road,Near Hotel,03 Km,12.807719,77.69816
Bengaluru Dist,Hebbagodi PS,1.04421e+16,2020,1,1,Not Applicable,Narrow road,City/Town,Near a factory industrial area,Not Applicable,Yes,Fatal,Hit pedestrian,Not Applicable,Not Applicable,NH,Surfaced,Dry,Not Applicable,Fine,Nh 7 Road,Near Factory,2 Km,12.807519,77.698257
Bengaluru Dist,Hebbagodi PS,1.04421e+16,2020,1,1,Road Accidents,Not Applicable,Rural Areas,Near a factory industrial area,Not Applicable,No,Fatal,Not Applicable,Not Applicable,Not Applicable,Others,Not Applicable,Flooded,Not Applicable,Fine,bommasandra industrial area,jigani link road,4,12.811827,77.673284
Bengaluru Dist,Hebbagodi PS,1.04421e+16,2020,1,2,Road Accidents,Not Applicable,City/Town,Near a factory industrial area,Human Error,No,Grievous Injury,Vehicle to Vehicle,Not at  Junction,Others,Others,Bitumen(Tar),Dry,Not Applicable,Clear,Bommasandra - Jigani Link Road,Near RNS,02 KM,12.836758,77.673754
Bengaluru Dist,Hebbagodi PS,1.04421e+16,2020,1,1,Road Accidents,Narrow road,City/Town,Near a factory industrial area,Not Applicable,Not Applicable,Fatal,Not Applicable,Not Applicable,Others,Service Road,Bitumen(Tar),Dry,Not Applicable,Fine,Nh 7 Road,Near Factory,2 Km,12.835394,77.674717
Bengaluru Dist,Hebbagodi PS,1.04421e+16,2020,1,1,Road Accidents,Not Applicable,City/Town,At pedestrian Crossing,Human Error,No,Grievous Injury,Hit pedestrian,Not at  Junction,Not Applicable,NH,Bitumen(Tar),Dry,Not Applicable,Clear,NH-07 Road,Near Huskuru Gate,1.5 KM,0.0,0.0
Bengaluru Dist,Hebbagodi PS,1.04421e+16,2020,1,1,Road Accidents,Narrow road,City/Town,Open area,Human Error,Yes,Grievous Injury,Hit pedestrian,Not at  Junction,Straight and flat,NH,Bitumen(Tar),Dry,Not Applicable,Clear,NH-07,Near Hebbagodi Bus Stop,500mtr,12.825253,77.683169
Bengaluru Dist,Hebbagodi PS,1.04421e+16,2020,1,2,Road Accidents,Narrow road,City/Town,Near School or College,Human Error,No,Damage Only,Vehicle to Vehicle,Not at  Junction,Straight and flat,NH,Bitumen(Tar),Dry,Not Applicable,Clear,NH-7 ROAD,Near SFS Institution,1 Km,12.83194,77.680867
Bengaluru Dist,Hebbagodi PS,1.04421e+16,2020,1,2,Road Accidents,Not Applicable,City/Town,Near Bus stop,Human Error,No,Grievous Injury,Vehicle to Vehicle,Not at  Junction,Straight and flat,NH,Bitumen(Tar),Dry,Not Applicable,Clear,NH-07 Road,Near Bus Stop,500Mtr,12.827515,77.682258
Bengaluru Dist,Hebbagodi PS,1.04421e+16,2020,1,1,Road Accidents,Narrow road,City/Town,Residential area,Human Error,Not Applicable,Fatal,Not Applicable,Not Applicable,Not Applicable,Residential Street,Kutcha,Dry,Not Applicable,Others,other Road,Near Residence,2 Km,12.821049,77.651767
Bengaluru Dist,Hebbagodi PS,1.04421e+16,2020,1,1,Road Accidents,Narrow road,City/Town,Open area,Not Applicable,Not Applicable,Fatal,Hit pedestrian,Not Applicable,Not Applicable,NH,Surfaced,Dry,Not Applicable,Fine,Nh 7 Road,Near Bus Stand,0.5 Km,12.827812,77.682126
Bengaluru Dist,Hebbagodi PS,1.04421e+16,2020,1,1,Road Accidents,Narrow road,City/Town,Near Bus stop,Human Error,Yes,Grievous Injury,Hit pedestrian,Not at  Junction,Others,NH,Bitumen(Tar),Dry,Not Applicable,Clear,NH-07,Near Hebbagodi Bus Stop,500mtr,12.825644,77.682916
Bengaluru Dist,Hebbagodi PS,1.04421e+16,2020,1,3,Road Accidents,Junction,City/Town,Near office complex,Human Error,No,Grievous Injury,Vehicle to Vehicle,Uncontrolled,Others,NH,Bitumen(Tar),Dry,Not Applicable,Clear,Ananthanagara Road,Near Shrinivasa WayBridge,02 KM,12.810737,77.694736
Bengaluru Dist,Hebbagodi PS,1.04421e+16,2020,1,1,Road Accidents,Narrow road,City/Town,Open area,Human Error,No,Grievous Injury,Hit pedestrian,Not at  Junction,Straight and flat,NH,Bitumen(Tar),Dry,Not Applicable,Clear,NH-07 Road,Near BETPL Office,02 KM,12.820135,77.687431
Bengaluru Dist,Hebbagodi PS,1.04421e+16,2020,1,2,Road Accidents,Narrow road,City/Town,Near Bus stop,Human Error,No,Damage Only,Vehicle to Vehicle,Not at  Junction,Straight and flat,NH,Bitumen(Tar),Dry,Not Applicable,Clear,NH-07,Near Huskuru Gate,01 KM,12.835891,77.6794359
Bengaluru Dist,Hebbagodi PS,1.04421e+16,2020,1,2,Road Accidents,Junction,City/Town,Near Bus stop,Not Applicable,No,Fatal,Vehicle to Vehicle,Not Applicable,Others,NH,Bitumen(Tar),Dry,Engineering Defect of Road,Fine,Nh- 7,NEAR BUS STOP,5 KM,12.823547,77.684887
Bengaluru Dist,Hebbagodi PS,1.04421e+16,2020,1,1,Road Accidents,Narrow road,Rural Areas,Open area,Human Error,No,Grievous Injury,Hit pedestrian,Not at  Junction,Straight and flat,NH,Bitumen(Tar),Dry,Not Applicable,Clear,NH-07 Road,Near Huskuru Gate,01 KM,0.0,0.0
Bengaluru Dist,Hebbagodi PS,1.04421e+16,2020,1,2,Road Accidents,Narrow road,City/Town,Near a factory industrial area,Human Error,No,Grievous Injury,Vehicle to Vehicle,Not at  Junction,Straight and flat,Others,Bitumen(Tar),Dry,Not Applicable,Clear,Sai Vishram Hotel Road,Near Kanoria Company,02 KM,12.818084,77.671921
Bengaluru Dist,Hebbagodi PS,1.04421e+16,2020,1,3,Road Accidents,Narrow road,City/Town,Near a factory industrial area,Human Error,No,Grievous Injury,Vehicle to Vehicle,Not at  Junction,Straight and flat,Others,Bitumen(Tar),Dry,Not Applicable,Clear,Other Road,Near SFO Company,02 KM,12.824595,77.6836
Bengaluru Dist,Hebbagodi PS,1.04421e+16,2020,1,2,Road Accidents,Narrow road,City/Town,Residential area,Human Error,No,Grievous Injury,Vehicle to Vehicle,Not at  Junction,Straight and flat,Others,Bitumen(Tar),Dry,Not Applicable,Clear,Other Road,Near 9 th Cross,4 KM,12.83554,77.691327
Bengaluru Dist,Hebbagodi PS,1.04421e+16,2020,1,2,Road Accidents,Cross roads,Rural Areas,Near a factory industrial area,Not Applicable,Yes,Fatal,Vehicle to Vehicle,Not Applicable,Not Applicable,Sub Arterial,Bitumen(Tar),Dry,Not Applicable,Clear,JIGANI LINK ROAD,petrol bunk,3,12.806579,77.663336
Bengaluru Dist,Hebbagodi PS,1.04421e+16,2021,1,2,Road Accidents,Not Applicable,City/Town,Residential area,Human Error,No,Grievous Injury,Vehicle to Vehicle,Not at  Junction,Straight and flat,Others,Bitumen(Tar),Dry,Not Applicable,Clear,Ananthanagara Main Road,Near Ananthanagara,03 KM,12.82222,77.669685
Bengaluru Dist,Hebbagodi PS,1.04421e+16,2021,1,2,Road Accidents,Narrow road,City/Town,Near a factory industrial area,Human Error,No,Grievous Injury,Vehicle to Vehicle,Not at  Junction,Straight and flat,Others,Bitumen(Tar),Dry,Not Applicable,Clear,Other Road,Near Sathish Nursing Home,03 KM,12.81828,77.6926319
Bengaluru Dist,Hebbagodi PS,1.04421e+16,2021,1,1,Road Accidents,Narrow road,City/Town,Open area,Human Error,No,Grievous Injury,Not Applicable,Not at  Junction,Straight and flat,NH,Bitumen(Tar),Dry,Not Applicable,Clear,NH-07 Road,Near Kaveramma Temple,1,12.838569,77.6777109
Bengaluru Dist,Hebbagodi PS,1.04421e+16,2021,1,2,Road Accidents,Circle,Rural Areas,Open area,Not Applicable,No,Damage Only,Vehicle to Vehicle,No signal lights,Others,Others,Bitumen(Tar),Dry,Not Applicable,Fine,Thirupalya,Thirupalya,3 km,12.823368,77.668921
Bengaluru Dist,Hebbagodi PS,1.04421e+16,2021,1,2,Road Accidents,Not Applicable,City/Town,Near a factory industrial area,Human Error,No,Simple Injury,Vehicle to Vehicle,Not at  Junction,Straight and flat,Others,Bitumen(Tar),Dry,Not Applicable,Clear,Other Road,Near Sab Engineering,2KM,12.811125,77.693961
Bengaluru Dist,Hebbagodi PS,1.04421e+16,2021,1,2,Road Accidents,Narrow road,City/Town,Near a factory industrial area,Human Error,No,Grievous Injury,Vehicle to Vehicle,Not at  Junction,Others,Others,Bitumen(Tar),Dry,Not Applicable,Clear,Karnataka Bank Road,Near Karnataka Bank,03KM,12.814149,77.683767
Bengaluru Dist,Hebbagodi PS,1.04421e+16,2021,1,1,Road Accidents,Narrow road,City/Town,Near a factory industrial area,Human Error,No,Simple Injury,Vehicle to Vehicle,Not at  Junction,Straight and flat,Others,Bitumen(Tar),Dry,Not Applicable,Clear,Jigani Link Road,Near Taegutec Circle,04 KM,12.807178,77.663573
Bengaluru Dist,Hebbagodi PS,1.04421e+16,2021,1,2,Road Accidents,Cross roads,Rural Areas,Near a factory industrial area,Not Applicable,No,Damage Only,Vehicle to Vehicle,Not at  Junction,Curve,Service Road,Concrete,Dry,Not Applicable,Fine,Nh 7 SERVICE ROAD,NEAR SHETRON FACTORY,2 Km,12.821278,77.686648
Bengaluru Dist,Hebbagodi PS,1.04421e+16,2021,1,2,Road Accidents,Not Applicable,Rural Areas,Near Hospital,Vehicle Defect,No,Simple Injury,Vehicle to Vehicle,Not Applicable,Not Applicable,NH,Bitumen(Tar),Dry,Drainage Ditch,Fine,HEBBAGODI BUS STOP,BUS STOP,500mts,12.826663,77.682735
Bengaluru Dist,Hebbagodi PS,1.04421e+16,2021,1,1,Road Accidents,Narrow road,Rural Areas,Near office complex,Not Applicable,No,Simple Injury,Hit pedestrian,Not Applicable,Others,NH,Bitumen(Tar),Dry,Not Applicable,Fine,Nh 7 Road,HOTEL,3KM,12.824942,77.6838029
Bengaluru Dist,Hebbagodi PS,1.04421e+16,2021,1,2,Road Accidents,Narrow road,City/Town,Open area,Human Error,Yes,Grievous Injury,Vehicle to Vehicle,Not at  Junction,Straight and flat,NH,Bitumen(Tar),Dry,Not Applicable,Clear,NH-07,Bommasandra Fly over,2 KM,12.842865,77.688562
Bengaluru Dist,Hebbagodi PS,1.04421e+16,2021,1,1,Road Accidents,Narrow road,City/Town,Near a factory industrial area,Human Error,No,Grievous Injury,Not Applicable,Not at  Junction,Not Applicable,Others,Bitumen(Tar),Dry,Not Applicable,Clear,Jigani - Bommasandra Link Road,Near Biocon Park,04 km,12.807503,77.663612
Bengaluru Dist,Hebbagodi PS,1.04421e+16,2021,1,2,Road Accidents,Junction,Rural Areas,Near Hospital,Vehicle Defect,No,Grievous Injury,Vehicle to Vehicle,Not Applicable,Others,NH,Bitumen(Tar),Dry,Not Applicable,Fine,NH flyover,near flyover,2 km,12.821222,77.68679
Bengaluru Dist,Hebbagodi PS,1.04421e+16,2021,1,1,Road Accidents,Circle,Rural Areas,Open area,Not Applicable,No,Fatal,Not Applicable,Not Applicable,Others,One way,Concrete,Dry,Drainage Ditch,Others,NEAR MIXER PLANT,NEAR COMPANY,3KM,12.813171,77.688764
Bengaluru Dist,Hebbagodi PS,1.04421e+16,2021,1,2,Road Accidents,Narrow road,Rural Areas,Near office complex,Human Error,No,Grievous Injury,Vehicle to Vehicle,Not at  Junction,Straight and flat,NH,Bitumen(Tar),Dry,Not Applicable,Clear,NH-07,Near Vishnu Residency,03 KM,12.808269,77.697197
Bengaluru Dist,Hebbagodi PS,1.04421e+16,2021,1,2,Road Accidents,Narrow road,Rural Areas,Near Petrol Pump,Not Applicable,Not Applicable,Fatal,Vehicle to Vehicle,Not Applicable,Not Applicable,One way,Bitumen(Tar),Dry,Not Applicable,Cloudy,Nh 7 SERVICE ROAD,Near Petrol Bunk,5 KM,12.816933,77.690912
Bengaluru Dist,Hebbagodi PS,1.04421e+16,2021,1,1,Road Accidents,Narrow road,City/Town,Near Bus stop,Human Error,No,Grievous Injury,Hit pedestrian,Not at  Junction,Straight and flat,NH,Bitumen(Tar),Dry,Not Applicable,Clear,NH-07,Near Kithaganahally Bus Stop,3 KM,12.834163,77.686581
Bengaluru Dist,Hebbagodi PS,1.04421e+16,2021,1,2,Road Accidents,Narrow road,City/Town,Near a factory industrial area,Not Applicable,Yes,Grievous Injury,Vehicle to Vehicle,Not Applicable,Not Applicable,Others,Not Applicable,Dry,Not Applicable,Fine,Bommasandra link road,Near Petrol Bunk,5 KM,12.820339,77.673853