DISTRICTNAME,UNITNAME,Crime_No,Year,RI,Noofvehicle_involved,Accident_Classification,Accident_Spot,Accident_Location,Accident_SubLocation,Main_Cause,Hit_Run,Severity,Collision_Type,Junction_Control,Road_Character,Road_Type,Surface_Type,Surface_Condition,Road_Condition,Weather,Accident_Road,Landmark_first,Distance_LandMark_First,Latitude,Longitude
Bengaluru Dist,Hebbagodi PS,1.04421e+16,2021,1,2,Road Accidents,Junction,City/Town,Near a factory industrial area,Human Error,No,Grievous Injury,Vehicle to Vehicle,Police / Manual,Straight and flat,NH,Bitumen(Tar),Dry,Not Applicable,Clear,NH-44,Near Bommasandra Flay Over,2 KM,12.829949,77.668035
Bengaluru Dist,Hebbagodi PS,1.04421e+16,2021,1,2,Road Accidents,Circle,Rural Areas,Near School or College,Vehicle Defect,No,Fatal,Vehicle to Vehicle,No signal lights,Others,NH,Concrete,Dry,Not Applicable,Others,Near SFS college,Near College,500mts,12.829126,77.669551
Bengaluru Dist,Hebbagodi PS,1.04421e+16,2021,1,1,Not Applicable,Narrow road,City/Town,Near Bus stop,Not Applicable,Not Applicable,Fatal,Not Applicable,Not Applicable,Others,Others,Not Applicable,Others,Not Applicable,Fine,Nh 7 Road,Near Petrol Bunk,1.5 Km,12.829809,77.681464
Bengaluru Dist,Hebbagodi PS,1.04421e+16,2021,1,1,Road Accidents,Narrow road,Rural Areas,Near Bus stop,Not Applicable,Not Applicable,Simple Injury,Hit bicyclist,Not Applicable,Not Applicable,NH,Surfaced,Not Applicable,Not Applicable,Fine,Nh 7 Road,Near Subway,0.5 Km,12.827484,77.6822999
Bengaluru Dist,Hebbagodi PS,1.04421e+16,2021,1,1,Road Accidents,Junction,Rural Areas,Residential area,Not Applicable,No,Simple Injury,Not Applicable,Not Applicable,Others,Residential Street,Bitumen(Tar),Not Applicable,Not Applicable,Fine,SINGA ROAD,NEAR SAI BABA TEMPLE,7 KM,12.836792,77.6456199
Bengaluru Dist,Hebbagodi PS,1.04421e+16,2021,1,2,Road Accidents,Not Applicable,Rural Areas,Near office complex,Not Applicable,Yes,Simple Injury,Not Applicable,Not Applicable,Others,NH,Bitumen(Tar),Dry,Not Applicable,Fine,BIOCON COMPANY,NH road,2 KM,12.831239,77.6806859
Bengaluru Dist,Hebbagodi PS,1.04421e+16,2021,1,2,Road Accidents,Not Applicable,City/Town,Near Hospital,Human Error,No,Damage Only,Vehicle to Vehicle,Not at  Junction,Straight and flat,NH,Bitumen(Tar),Dry,Not Applicable,Clear,NH-07,Near NH Hospital,02 KM,12.827077,77.690988
Bengaluru Dist,Hebbagodi PS,1.04421e+16,2021,1,1,Road Accidents,Not Applicable,City/Town,Near a factory industrial area,Human Error,No,Grievous Injury,Hit pedestrian,Not at  Junction,Straight and flat,Others,Bitumen(Tar),Dry,Not Applicable,Clear,NH-07,Near Eriyan Company,02 KM,12.80734,77.663329
Bengaluru Dist,Hebbagodi PS,1.04421e+16,2021,1,1,Road Accidents,Narrow road,City/Town,Near Hospital,Not Applicable,Not Applicable,Fatal,Hit pedestrian,Not Applicable,Others,NH,Surfaced,Not Applicable,Not Applicable,Fine,Nh 7 Road,Near Hospital,1 Km,12.834887,77.67991
Bengaluru Dist,Hebbagodi PS,1.04421e+16,2021,1,2,Road Accidents,Not Applicable,Rural Areas,Near a factory industrial area,Vehicle Defect,No,Grievous Injury,Vehicle to Vehicle,Not Applicable,Others,Service Road,Bitumen(Tar),Dry,Not Applicable,Others,Bommasandra link road,link road,5 KM,12.817357,77.687329
Bengaluru Dist,Hebbagodi PS,1.04421e+16,2021,1,2,Not Applicable,Circle,City/Town,Open area,Vehicle Defect,No,Simple Injury,Vehicle to Vehicle,Not Applicable,Not Applicable,NH,Bitumen(Tar),Dry,Not Applicable,Fine,Nh 7 Road,BOMMASANDRA INDUSTRIAL AREA,2km,12.819006,77.6889299
Bengaluru Dist,Hebbagodi PS,1.04421e+16,2021,1,1,Not Applicable,Cross roads,Rural Areas,Open area,Not Applicable,No,Fatal,Not Applicable,Not Applicable,Others,NH,Bitumen(Tar),Dry,Drainage Ditch,Others,HENNAGARA GATE NH7 ROAD,NEAR BUS STOP,3 KM,12.814801,77.6912869
Bengaluru Dist,Hebbagodi PS,1.04421e+16,2021,1,1,Road Accidents,Offset,City/Town,Open area,Human Error,No,Grievous Injury,Not Applicable,Not at  Junction,Straight and flat,NH,Bitumen(Tar),Dry,Not Applicable,Clear,NH-44,Near Biocon,1 KM,12.831429,77.6809189
Bengaluru Dist,Hebbagodi PS,1.04421e+16,2021,1,2,Road Accidents,Narrow road,Rural Areas,Open area,Human Error,No,Grievous Injury,Vehicle to Vehicle,Not at  Junction,Straight and flat,Others,Bitumen(Tar),Dry,Not Applicable,Clear,Huskuru Road,Near Om Shakthi Temple,06 KM,12.86402,77.705237
Bengaluru Dist,Hebbagodi PS,1.04421e+16,2021,1,2,Road Accidents,Not Applicable,Rural Areas,Near Petrol Pump,Vehicle Defect,No,Fatal,Vehicle to Vehicle,Not Applicable,Others,NH,Bitumen(Tar),Dry,Not Applicable,Fine,Nh 7 Road,hp petrol pump,500 mt,12.830135,77.681325
Bengaluru Dist,Hebbagodi PS,1.04421e+16,2021,1,2,Road Accidents,Circle,Rural Areas,Open area,Vehicle Defect,No,Damage Only,Vehicle to Vehicle,Not Applicable,Others,One way,Bitumen(Tar),Dry,Not Applicable,Clear,Company,tar,2km,12.822074,77.677977
Bengaluru Dist,Hebbagodi PS,1.04421e+16,2021,1,2,Road Accidents,Not Applicable,Rural Areas,Residential area,Vehicle Defect,No,Damage Only,Vehicle to Vehicle,Not Applicable,Not Applicable,NH,Bitumen(Tar),Dry,Drainage Ditch,Fine,Festo Company,NH road,5km,12.812377,77.694521
Bengaluru Dist,Hebbagodi PS,1.04421e+16,2021,1,1,Road Accidents,Not Applicable,Rural Areas,Open area,Vehicle Defect,No,Damage Only,Vehicle to Vehicle,Not Applicable,Others,NH,Bitumen(Tar),Dry,Drainage Ditch,Fine,Smando 3 Apartment,near Apartment,5 km,12.821895,77.659457
Bengaluru Dist,Hebbagodi PS,1.04421e+16,2021,1,2,Road Accidents,Junction,Rural Areas,Near Bus stop,Vehicle Defect,No,Fatal,Vehicle to Vehicle,Not Applicable,Others,NH,Gravel,Dry,Not Applicable,Fine,METRO STOP NH ROAD HEBBAGODI,NEAR BUS STOP,2KM,12.828654,77.681639
Bengaluru Dist,Hebbagodi PS,1.04421e+16,2021,1,2,Road Accidents,Not Applicable,City/Town,Open area,Human Error,No,Damage Only,Vehicle to Vehicle,Not at  Junction,Straight and flat,Others,Bitumen(Tar),Dry,Not Applicable,Clear,Other Road,Huskuru Road,4 KM,12.836245,77.698784
Bengaluru Dist,Hebbagodi PS,1.04421e+16,2021,1,2,Road Accidents,Not Applicable,City/Town,Near a factory industrial area,Human Error,Yes,Damage Only,Vehicle to Vehicle,Not at  Junction,Straight and flat,NH,Bitumen(Tar),Dry,Not Applicable,Clear,NH-07,Near D Mart,2 KM,12.819767,77.669006
Bengaluru Dist,Hebbagodi PS,1.04421e+16,2021,1,2,Road Accidents,Narrow road,City/Town,Near Bus stop,Human Error,No,Grievous Injury,Vehicle to Vehicle,Not at  Junction,Straight and flat,NH,Bitumen(Tar),Dry,Not Applicable,Clear,NH-07,Near Narayana Hrudayalaya,02 KM,12.810392,77.695783
Bengaluru Dist,Hebbagodi PS,1.04421e+16,2021,1,2,Road Accidents,Narrow road,Rural Areas,Near a factory industrial area,Human Error,Yes,Grievous Injury,Vehicle to Vehicle,Not at  Junction,Straight and flat,Others,Bitumen(Tar),Dry,Not Applicable,Clear,Jigani Link Road,Near Dr Pack Company,03 KM,12.815466,77.67173
Bengaluru Dist,Hebbagodi PS,1.04421e+16,2021,1,1,Road Accidents,Not Applicable,Rural Areas,Near Bus stop,Not Applicable,No,Simple Injury,Not Applicable,Not Applicable,Others,NH,Bitumen(Tar),Dry,Drainage Ditch,Fine,BUS STOP,NH road,500 MT,12.826612,77.682233
Bengaluru Dist,Hebbagodi PS,1.04421e+16,2021,1,2,Road Accidents,Not Applicable,City/Town,Residential area,Vehicle Defect,No,Simple Injury,Vehicle to Vehicle,Not Applicable,Not Applicable,NH,Bitumen(Tar),Dry,Not Applicable,Fine,BOMMASANDRA IND AREA,NEAR COMPANY,3KM,12.816544,77.685946
Bengaluru Dist,Hebbagodi PS,1.04421e+16,2021,1,1,Not Applicable,Narrow road,City/Town,Near a factory industrial area,Not Applicable,No,Grievous Injury,Hit pedestrian,Not Applicable,Not Applicable,Not Applicable,Not Applicable,Dry,Drainage Ditch,Fine,JIGANI LINK ROAD CONTINENTAL COMPANY,JIGANI LINK ROAD CONTINENTAL COMPANY,2 KM,12.817246,77.68724
Bengaluru Dist,Hebbagodi PS,1.04421e+16,2021,1,2,Road Accidents,Narrow road,City/Town,Open area,Human Error,Not Applicable,Fatal,Vehicle to Vehicle,Not Applicable,Not Applicable,NH,Not Applicable,Dry,Not Applicable,Fine,Nh 7 Road,Near D Mart,2 Km,12.819593,77.691741
Bengaluru Dist,Hebbagodi PS,1.04421e+16,2021,1,1,Road Accidents,Not Applicable,City/Town,Near a factory industrial area,Not Applicable,Not Applicable,Fatal,Not Applicable,Not Applicable,Incline,Others,Surfaced,Not Applicable,Not Applicable,Fine,factorcy road,Near Factory,03 Km,12.823598,77.6782579
Bengaluru Dist,Hebbagodi PS,1.04421e+16,2021,1,1,Road Accidents,Junction,Rural Areas,Open area,Vehicle Defect,No,Grievous Injury,Not Applicable,Give way sign,Others,Others,Bitumen(Tar),Dry,Engineering Defect of Road,Fine,ind area,NEAR COMPANY,3 km,12.812671,77.680388
Bengaluru Dist,Hebbagodi PS,1.04421e+16,2021,1,2,Road Accidents,Not Applicable,Rural Areas,Near office complex,Vehicle Defect,Yes,Simple Injury,Vehicle to Vehicle,Not Applicable,Others,Mixed,Bitumen(Tar),Dry,Not Applicable,Others,SINGAL ROAD,NEAR SAI BABA TEMPLE,7 KM,12.834202,77.646768
Bengaluru Dist,Hebbagodi PS,1.04421e+16,2021,1,1,Road Accidents,Not Applicable,City/Town,Near Hospital,Human Error,No,Grievous Injury,Hit pedestrian,Not at  Junction,Straight and flat,NH,Bitumen(Tar),Dry,Not Applicable,Clear,NH-07,Near Narayana Hrudayalaya,02 KM,12.82195,77.685776
Bengaluru Dist,Hebbagodi PS,1.04421e+16,2021,1,2,Road Accidents,Not Applicable,City/Town,Near Bus stop,Human Error,No,Grievous Injury,Vehicle to Vehicle,Not at  Junction,Straight and flat,NH,Bitumen(Tar),Dry,Not Applicable,Clear,NH-07,Near Narayana Hrudayalaya Hospital,03 KM,12.82738,77.7031459
Bengaluru Dist,Hebbagodi PS,1.04421e+16,2021,1,1,Road Accidents,Not Applicable,City/Town,Near Petrol Pump,Human Error,Yes,Simple Injury,Hit pedestrian,Not at  Junction,Straight and flat,NH,Bitumen(Tar),Dry,Not Applicable,Clear,NH-44,Near Gas Pump,3,12.813851,77.693613
Bengaluru Dist,Hebbagodi PS,1.04421e+16,2021,1,1,Road Accidents,Narrow road,City/Town,Near Bus stop,Not Applicable,Not Applicable,Fatal,Hit pedestrian,Not Applicable,Others,NH,Metalled,Dry,Not Applicable,Fine,Nh 7 Road,Near Bus Stand,1.5 Km,12.827795,77.682153
Bengaluru Dist,Hebbagodi PS,1.04421e+16,2021,1,1,Not Applicable,Circle,City/Town,Near Bus stop,Vehicle Defect,Not Applicable,Fatal,Vehicle to Vehicle,Not Applicable,Others,NH,Bitumen(Tar),Dry,Drainage Ditch,Fine,ind area,BUS STOP,2KM,12.822659,77.6747589
Bengaluru Dist,Hebbagodi PS,1.04421e+16,2021,1,1,Road Accidents,Narrow road,Rural Areas,Residential area,Not Applicable,Yes,Simple Injury,Hit pedestrian,Not Applicable,Others,Others,Surfaced,Dry,Not Applicable,Fine,other Road,Near Temple,2 Km,12.836411,77.686222
Bengaluru Dist,Hebbagodi PS,1.04421e+16,2021,1,2,Road Accidents,Narrow road,City/Town,In bazaar,Human Error,No,Grievous Injury,Vehicle to Vehicle,Not at  Junction,Straight and flat,Others,Bitumen(Tar),Dry,Not Applicable,Clear,Ananthanagara Road,Near Sangeetha Mobile,03 KM,12.835127,77.6938059
Bengaluru Dist,Hebbagodi PS,1.04421e+16,2021,1,1,Road Accidents,Narrow road,City/Town,Open area,Human Error,Yes,Fatal,Hit pedestrian,Not at  Junction,Not Applicable,NH,Bitumen(Tar),Dry,Not Applicable,Clear,NH-44,Infront of Nalanda Hotel,01 KM,12.826904,77.682592
Bengaluru Dist,Hebbagodi PS,1.04421e+16,2021,1,2,Road Accidents,Narrow road,City/Town,Open area,Human Error,No,Grievous Injury,Vehicle to Vehicle,Not at  Junction,Straight and flat,NH,Bitumen(Tar),Dry,Not Applicable,Clear,NH-07,Near Hebbagodi Metro station,500Mtr,12.829024,77.681514
Bengaluru Dist,Hebbagodi PS,1.04421e+16,2021,1,1,Road Accidents,Junction,City/Town,Near Hospital,Not Applicable,No,Fatal,Not Applicable,Not Applicable,Others,NH,Bitumen(Tar),Dry,Not Applicable,Fine,NH 7 ROAD,TAR ROAD,2KM,12.807948,77.6978699
Bengaluru Dist,Hebbagodi PS,1.04421e+16,2021,1,2,Road Accidents,Not Applicable,City/Town,Near office complex,Vehicle Defect,No,Simple Injury,Vehicle to Vehicle,Not Applicable,Others,NH,Bitumen(Tar),Dry,Not Applicable,Fine,JIGANI LINK ROAD,NEAR COMPANY,3KM,12.817862,77.680232
Bengaluru Dist,Hebbagodi PS,1.04421e+16,2021,1,1,Not Applicable,Narrow road,Rural Areas,Near Bus stop,Not Applicable,No,Damage Only,Vehicle to Vehicle,Not at  Junction,Not Applicable,NH,Concrete,Not Applicable,Not Applicable,Not Applicable,Nh 7 Road,1,0,12.828272,77.6820479
Bengaluru Dist,Hebbagodi PS,1.04421e+16,2021,1,2,Road Accidents,Not Applicable,Rural Areas,Near a factory industrial area,Vehicle Defect,No,Grievous Injury,Vehicle to Vehicle,Not Applicable,Not Applicable,Mixed,Bitumen(Tar),Dry,Not Applicable,Fine,Bommasandra link road,BOMMASANDRA INDUSTRIAL AREA,4,12.815789,77.674127
Bengaluru Dist,Hebbagodi PS,1.04421e+16,2021,1,1,Road Accidents,Not Applicable,City/Town,Near Hospital,Human Error,Yes,Grievous Injury,Hit pedestrian,Not at  Junction,Others,NH,Bitumen(Tar),Dry,Not Applicable,Clear,NH-44,Near NH Hospital,2 KM,12.817041,77.68976
Bengaluru Dist,Hebbagodi PS,1.04421e+16,2021,1,2,Road Accidents,Narrow road,City/Town,Near a factory industrial area,Human Error,No,Grievous Injury,Vehicle to Vehicle,Not at  Junction,Straight and flat,Others,Bitumen(Tar),Dry,Not Applicable,Clear,Karnataka Bank Road,Near Aravid Goodwill,02 KM,12.814338,77.68395
Bengaluru Dist,Hebbagodi PS,1.04421e+16,2021,1,1,Road Accidents,Curves,City/Town,Near Bus stop,Not Applicable,Yes,Grievous Injury,Not Applicable,Not Applicable,Others,NH,Bitumen(Tar),Dry,Not Applicable,Fine,Nalanda hotel,Hebbagodi,1 km,12.824924,77.683806
Bengaluru Dist,Hebbagodi PS,1.04421e+16,2021,1,2,Not Applicable,Junction,City/Town,Open area,Vehicle Defect,No,Damage Only,Vehicle to Vehicle,Not Applicable,Others,NH,Bitumen(Tar),Dry,Not Applicable,Fine,NH 48N ROAD,NEAR BIOCON COMPANY,2 KM,12.831157,77.680828
Bengaluru Dist,Hebbagodi PS,1.04421e+16,2021,1,2,Road Accidents,Not Applicable,City/Town,Open area,Human Error,No,Damage Only,Vehicle to Vehicle,Not at  Junction,Straight and flat,NH,Bitumen(Tar),Dry,Not Applicable,Clear,NH-07 Road,Near Biocon,1 KM,12.810313,77.6604619
Bengaluru Dist,Hebbagodi PS,1.04421e+16,2021,1,1,Road Accidents,Cross roads,City/Town,Near Hospital,Not Applicable,No,Fatal,Not Applicable,Signals (Not working),Others,NH,Bitumen(Tar),Dry,Construction Work / Material,Fine,near bus staop,BUS STOP,500mts,12.830116,77.681415
Bengaluru Dist,Hebbagodi PS,1.04421e+16,2021,1,2,Road Accidents,Junction,Rural Areas,Near Bus stop,Vehicle Defect,No,Fatal,Vehicle to Vehicle,Not Applicable,Others,NH,Bitumen(Tar),Dry,Not Applicable,Fine,NH,A2B HOTEL,3KM,12.80749,77.6980379
Bengaluru Dist,Hebbagodi PS,1.04421e+16,2021,1,2,Other Railway Accidents,Not Applicable,Rural Areas,Near School or College,Not Applicable,No,Grievous Injury,Vehicle to Vehicle,Not at  Junction,Others,NH,Bitumen(Tar),Dry,Drainage Ditch,Fine,school,NH road,5 km,12.846854,77.703501
Bengaluru Dist,Hebbagodi PS,1.04421e+16,2021,1,1,Road Accidents,Not Applicable,City/Town,Near Bus stop,Not Applicable,No,Fatal,Not Applicable,Give way sign,Others,NH,Bitumen(Tar),Dry,Not Applicable,Fine,NEAR BANGALAPETE,NEAR BUS STOP,500MTS,12.82544,77.683414
Bengaluru Dist,Hebbagodi PS,1.04421e+16,2021,1,1,Road Accidents,Not Applicable,Rural Areas,Open area,Human Error,No,Fatal,Not Applicable,Not Applicable,Others,NH,Bitumen(Tar),Dry,Drainage Ditch,Fine,NEAR BOMMASANDRA BUS STOP,BUS STOP,2KM,12.819386,77.688708
Bengaluru Dist,Hebbagodi PS,1.04421e+16,2021,1,1,Road Accidents,Narrow road,City/Town,Residential area,Human Error,Yes,Grievous Injury,Hit pedestrian,Not at  Junction,Straight and flat,Others,Bitumen(Tar),Dry,Not Applicable,Clear,Other Road,Nea Shanumahathma Temple,04 KM,12.820315,77.669023
Bengaluru Dist,Hebbagodi PS,1.04421e+16,2021,1,1,Road Accidents,Narrow road,City/Town,Near Bus stop,Not Applicable,No,Grievous Injury,Hit pedestrian,Not Applicable,Others,NH,Surfaced,Dry,Not Applicable,Fine,NH 7 road,Near bus stop,500 mt,12.825464,77.68312
Bengaluru Dist,Hebbagodi PS,1.04421e+16,2021,1,1,Road Accidents,Junction,Rural Areas,Residential area,Vehicle Defect,No,Simple Injury,Not Applicable,Not Applicable,Others,NH,Bitumen(Tar),Dry,Not Applicable,Others,BIOCON PARK,NEAR COMPANY,500mts,12.830994,77.680794
Bengaluru Dist,Hebbagodi PS,1.04421e+16,2022,1,1,Road Accidents,Circle,City/Town,Residential area,Vehicle Defect,Yes,Grievous Injury,Hit animal,Not Applicable,Others,Others,Bitumen(Tar),Dry,Not Applicable,Fine,Bommasandra link road,4km,4km,12.817817,77.676908
Bengaluru Dist,Hebbagodi PS,1.04421e+16,2022,1,1,Road Accidents,Junction,Rural Areas,Near Bus stop,Not Applicable,No,Grievous Injury,Not Applicable,Not Applicable,Not Applicable,NH,Bitumen(Tar),Dry,Not Applicable,Fine,company,5kmn,5km,12.818936,77.683847
Bengaluru Dist,Hebbagodi PS,1.04421e+16,2022,1,2,Road Accidents,Circle,Rural Areas,Residential area,Vehicle Defect,No,Grievous Injury,Vehicle to Vehicle,Not Applicable,Not Applicable,NH,Bitumen(Tar),Dry,Not Applicable,Others,Bommasandra circle,1km,1km,12.818854,77.689121
Bengaluru Dist,Hebbagodi PS,1.04421e+16,2022,1,1,Not Applicable,Not Applicable,Rural Areas,Residential area,Vehicle Defect,No,Damage Only,Vehicle to Vehicle,Not Applicable,Others,NH,Bitumen(Tar),Wet,Not Applicable,Fine,Bengalore Hosur,NH Hospital,3km,0.0,0.0
Bengaluru Dist,Hebbagodi PS,1.04421e+16,2022,1,1,Road Accidents,Not Applicable,City/Town,Open area,Not Applicable,No,Damage Only,Not Applicable,Not Applicable,Others,One way,Bitumen(Tar),Dry,Drainage Ditch,Fine,Hulimangala,Near Village,5 km,12.81856,77.698092
Bengaluru Dist,Hebbagodi PS,1.04421e+16,2022,1,2,Not Applicable,Circle,City/Town,Residential area,Vehicle Defect,No,Grievous Injury,Vehicle to Vehicle,Not Applicable,Not Applicable,Others,Bitumen(Tar),Dry,Not Applicable,Fine,huskur village,huskur village,7km,12.849868,77.693377
Bengaluru Dist,Hebbagodi PS,1.04421e+16,2022,1,2,Road Accidents,Not Applicable,Rural Areas,Open area,Vehicle Defect,No,Grievous Injury,Vehicle to Vehicle,Not Applicable,Not Applicable,NH,Bitumen(Tar),Dry,Drainage Ditch,Others,Near SFS College,College,1km,12.832298,77.680783
Bengaluru Dist,Hebbagodi PS,1.04421e+16,2022,1,2,Road Accidents,Not Applicable,Rural Areas,Near Hospital,Vehicle Defect,No,Grievous Injury,Vehicle to Vehicle,Not Applicable,Not Applicable,Others,Bitumen(Tar),Dry,Not Applicable,Fine,Bommasandra ind road,2km,2km,12.816066,77.659435
Bengaluru Dist,Hebbagodi PS,1.04421e+16,2022,1,2,Road Accidents,Offset,Rural Areas,Residential area,Vehicle Defect,Yes,Grievous Injury,Vehicle to Vehicle,Controlled,Others,Residential Street,Bitumen(Tar),Dry,Not Applicable,Fine,Bommasandra industrial area,BOMMASANDRA INDUSTRIAL AREA,3km,12.816955,77.687132
Bengaluru Dist,Hebbagodi PS,1.04421e+16,2022,1,2,Road Accidents,Not Applicable,Rural Areas,Open area,Vehicle Defect,No,Grievous Injury,Vehicle to Vehicle,Not Applicable,Others,NH,Bitumen(Tar),Dry,Not Applicable,Fine,Sai baba road,5km,5km,12.837835,77.645331
Bengaluru Dist,Hebbagodi PS,1.04421e+16,2022,1,2,Not Applicable,Curves,City/Town,Near or inside a village,Not Applicable,No,Simple Injury,Vehicle to Vehicle,Not Applicable,Not Applicable,Others,Bitumen(Tar),Dry,Drainage Ditch,Fine,CHINTALA MADIWAL VILLAGE NEAR VISHAL MIXCER COMPANY,CHINTALA MADIWAL VILLAGE NEAR VISHAL MIXCER COMPANY,8 KM,12.832178,77.700421
Bengaluru Dist,Hebbagodi PS,1.04421e+16,2022,1,1,Road Accidents,Not Applicable,Rural Areas,Near Bus stop,Human Error,Yes,Grievous Injury,Hit pedestrian,Not Applicable,Not Applicable,Others,Not Applicable,Dry,Not Applicable,Fine,HOSUR BANGALORE NH-44 HUSKUR GATE,HUSKUR GATE,2KM,12.827259,77.675893
Bengaluru Dist,Hebbagodi PS,1.04421e+16,2022,1,2,Road Accidents,Not Applicable,Rural Areas,Open area,Vehicle Defect,No,Fatal,Vehicle to Vehicle,Not Applicable,Others,NH,Bitumen(Tar),Dry,Not Applicable,Fine,sfs college,2km,2km,12.83232,77.680743
Bengaluru Dist,Hebbagodi PS,1.04421e+16,2022,1,2,Road Accidents,Circle,Rural Areas,Near Bus stop,Vehicle Defect,Yes,Grievous Injury,Vehicle to Vehicle,Give way sign,Not Applicable,NH,Bitumen(Tar),Dry,Not Applicable,Fine,TEMPLE,HULIMANGALA,6KM,12.829903,77.664106
Bengaluru Dist,Hebbagodi PS,1.04421e+16,2022,1,2,Road Accidents,Not Applicable,Rural Areas,Open area,Vehicle Defect,No,Damage Only,Vehicle to Vehicle,Not Applicable,Not Applicable,NH,Bitumen(Tar),Dry,Not Applicable,Fine,SKF company,Near SKF company,2 km,12.815499,77.680938
Bengaluru Dist,Hebbagodi PS,1.04421e+16,2022,1,2,Road Accidents,Not Applicable,Rural Areas,Open area,Vehicle Defect,No,Fatal,Vehicle to Vehicle,Not Applicable,Others,NH,Bitumen(Tar),Dry,Not Applicable,Fine,Bommasandra fly over,1,1,12.821682,77.686593
Bengaluru Dist,Hebbagodi PS,1.04421e+16,2022,1,1,Road Accidents,Not Applicable,City/Town,Near Petrol Pump,Vehicle Defect,Yes,Grievous Injury,Not Applicable,Not at  Junction,Not Applicable,NH,Bitumen(Tar),Dry,Not Applicable,Fine,kamasandra cross,5km,5km,0.0,0.0
Bengaluru Dist,Hebbagodi PS,1.04421e+16,2022,1,2,Road Accidents,Not Applicable,City/Town,Near a factory industrial area,Not Applicable,Yes,Fatal,Vehicle to Vehicle,Not at  Junction,Not Applicable,Others,Bitumen(Tar),Dry,Not Applicable,Fine,"Bommasandra-jigani link road, Anekal taluk",Bangalore electrical work,1 km,12.812167,77.662833
Bengaluru Dist,Hebbagodi PS,1.04421e+16,2022,1,2,Road Accidents,Not Applicable,Rural Areas,Near or inside a village,Human Error,No,Grievous Injury,Vehicle to Vehicle,Not Applicable,Not Applicable,Minor District Road,Bitumen(Tar),Dry,Not Applicable,Not Applicable,HULIMANGALA ROAD,0,6 KM,0.0,0.0
Bengaluru Dist,Hebbagodi PS,1.04421e+16,2022,1,1,Road Accidents,Circle,Rural Areas,Open area,Vehicle Defect,No,Grievous Injury,Not Applicable,Not Applicable,Others,Residential Street,Not Applicable,Dry,Not Applicable,Fine,jagajeevana ramnagar,jagajeevana ramangar,5km,12.826938,77.651479
Bengaluru Dist,Hebbagodi PS,1.04421e+16,2022,1,2,Road Accidents,Not Applicable,Rural Areas,Residential area,Vehicle Defect,Yes,Fatal,Vehicle to Vehicle,Not Applicable,Others,NH,Bitumen(Tar),Dry,Not Applicable,Fine,Sharmila Company,BOMMASANDRA INDUSTRIAL AREA,2km,12.814319,77.679588
Bengaluru Dist,Hebbagodi PS,1.04421e+16,2022,1,1,Road Accidents,Not Applicable,Rural Areas,Near Bus stop,Vehicle Defect,Not Applicable,Fatal,Not Applicable,Not Applicable,Others,NH,Bitumen(Tar),Dry,Not Applicable,Fine,RP 551 METRO PILLAR,1KM,1KM,12.820093,77.687749
Bengaluru Dist,Hebbagodi PS,1.04421e+16,2022,1,1,Not Applicable,Not Applicable,Rural Areas,Open area,Vehicle Defect,No,Fatal,Not Applicable,Not Applicable,Others,Others,Not Applicable,Dry,Not Applicable,Fine,shikariapalya lake,5km,5km,12.832382,77.653416
Bengaluru Dist,Hebbagodi PS,1.04421e+16,2022,1,2,Road Accidents,Not Applicable,Rural Areas,Near Bus stop,Vehicle Defect,No,Fatal,Vehicle to Vehicle,Not Applicable,Others,NH,Bitumen(Tar),Dry,Not Applicable,Fine,JIGANI BOMMASANDRA LINK ROAD,NEAR HOTEL,4KM,12.824322,77.687389
Bengaluru Dist,Hebbagodi PS,1.04421e+16,2022,1,2,Not Applicable,Narrow road,City/Town,Near a factory industrial area,Not Applicable,No,Grievous Injury,Vehicle to Vehicle,Not Applicable,Not Applicable,Service Road,Bitumen(Tar),Dry,Drainage Ditch,Fine,NEAR BOMMASANDRA INDUSTRIAL AREA ALUMINIUM COMPANY,NEAR BOMMASANDRA INDUSTRIAL AREA ALUMINIUM COMPANY,5KM,12.826778,77.67732
Bengaluru Dist,Hebbagodi PS,1.04421e+16,2022,1,4,Road Accidents,Not Applicable,Rural Areas,Near Hospital,Vehicle Defect,No,Simple Injury,Vehicle to Vehicle,Not Applicable,Others,NH,Bitumen(Tar),Dry,Not Applicable,Fine,near s r hospital,5km,5km,12.815527,77.691264
Bengaluru Dist,Hebbagodi PS,1.04421e+16,2022,1,2,Road Accidents,Road hump or Rumble strips,City/Town,Open area,Vehicle Defect,No,Damage Only,Vehicle to Vehicle,Not at  Junction,Others,NH,Bitumen(Tar),Dry,Not Applicable,Fine,royal enfiel shoroom,3km,3km,0.0,0.0
Bengaluru Dist,Hebbagodi PS,1.04421e+16,2022,1,2,Road Accidents,Not Applicable,Rural Areas,Open area,Vehicle Defect,Yes,Grievous Injury,Vehicle to Vehicle,Not Applicable,Not Applicable,NH,Bitumen(Tar),Dry,Not Applicable,Fine,Near Biocon,2km,2km,0.0,0.0
Bengaluru Dist,Hebbagodi PS,1.04421e+16,2022,1,1,Not Applicable,Junction,Rural Areas,Near Bus stop,Vehicle Defect,Yes,Fatal,Not Applicable,Not Applicable,Others,NH,Bitumen(Tar),Dry,Not Applicable,Fine,HOSPITAL,ANANTH NAGAR COROSS,1 KM,12.837362,77.649859
Bengaluru Dist,Hebbagodi PS,1.04421e+16,2022,1,2,Road Accidents,Not Applicable,Rural Areas,Near or inside a village,Human Error,No,Simple Injury,Vehicle to Vehicle,Not Applicable,Others,Others,Not Applicable,Dry,Not Applicable,Fine,INFRONT OF FRUIT MARKET HUSKUR ROAD,NEAR FRUIT MARKET,6KM,12.841509,77.690562
Bengaluru Dist,Hebbagodi PS,1.04421e+16,2022,1,2,Road Accidents,Not Applicable,Rural Areas,Residential area,Vehicle Defect,No,Grievous Injury,Vehicle to Vehicle,Not Applicable,Others,Residential Street,Bitumen(Tar),Dry,Not Applicable,Others,GOLLAHALLI VILLAGE,GOLLAHALLI VILLAGE,3,12.829304,77.668977
Bengaluru Dist,Hebbagodi PS,1.04421e+16,2022,1,1,Road Accidents,Not Applicable,Rural Areas,Near a factory industrial area,Vehicle Defect,Yes,Grievous Injury,Hit pedestrian,Not at  Junction,Not Applicable,Two way,Bitumen(Tar),Dry,Not Applicable,Fine,stright & flat,0,2 km,0.0,0.0
Bengaluru Dist,Hebbagodi PS,1.04421e+16,2022,1,2,Not Applicable,Not Applicable,Rural Areas,Near Hospital,Vehicle Defect,No,Grievous Injury,Vehicle to Vehicle,Not Applicable,Others,NH,Bitumen(Tar),Dry,Not Applicable,Fine,huskur lake road,huskur lake,7km,12.854391,77.698362