DISTRICTNAME,UNITNAME,Crime_No,Year,RI,Noofvehicle_involved,Accident_Classification,Accident_Spot,Accident_Location,Accident_SubLocation,Main_Cause,Hit_Run,Severity,Collision_Type,Junction_Control,Road_Character,Road_Type,Surface_Type,Surface_Condition,Road_Condition,Weather,Accident_Road,Landmark_first,Distance_LandMark_First,Latitude,Longitude
Bengaluru Dist,Hebbagodi PS,1.04421e+16,2022,1,1,Not Applicable,Not Applicable,Rural Areas,Open area,Vehicle Defect,No,Grievous Injury,Not Applicable,Not Applicable,Not Applicable,NH,Bitumen(Tar),Dry,Not Applicable,Fine,Bengalore Hosur,1KM,1KM,0.0,0.0
Bengaluru Dist,Hebbagodi PS,1.04421e+16,2022,1,1,Road Accidents,Narrow road,Rural Areas,Open area,Vehicle Defect,No,Grievous Injury,Hit pedestrian,No signal lights,Others,NH,Bitumen(Tar),Dry,Not Applicable,Fine,Nh 7 Road,NH road,3km,12.832682,77.654587
Bengaluru Dist,Hebbagodi PS,1.04421e+16,2022,1,3,Road Accidents,Narrow road,Rural Areas,Near Hospital,Vehicle Defect,No,Grievous Injury,Vehicle to Vehicle,No signal lights,Others,NH,Bitumen(Tar),Dry,Not Applicable,Fine,SHASTRA HOSPITAL,HOSPITAL,2 KM,12.818829,77.66792
Bengaluru Dist,Hebbagodi PS,1.04421e+16,2022,1,2,Road Accidents,Narrow road,Rural Areas,Near Bus stop,Human Error,Not Applicable,Fatal,Vehicle to Vehicle,Not Applicable,Others,NH,Bitumen(Tar),Dry,Not Applicable,Fine,Anantha Nagar Main Road,Near school,1km,12.822942,77.667142
Bengaluru Dist,Hebbagodi PS,1.04421e+16,2022,1,2,Not Applicable,Narrow road,City/Town,Near Petrol Pump,Not Applicable,No,Grievous Injury,Hit bicyclist,Not Applicable,Not Applicable,Service Road,Bitumen(Tar),Dry,Drainage Ditch,Fine,BANG-HOSUR NH-44 SERVICE ROAD NEAR TOTAL LPG GAS  BOMMASANDRA,SERVICE ROAD NEAR TOTAL LPG GAS  BOMMASANDRA,3KM,12.821124,77.658707
Bengaluru Dist,Hebbagodi PS,1.04421e+16,2022,1,1,Not Applicable,Circle,Rural Areas,Near Hospital,Vehicle Defect,No,Fatal,Vehicle to Vehicle,Give way sign,Others,NH,Bitumen(Tar),Dry,Not Applicable,Fine,Hospital,HOSPITAL,2km,12.835761,77.679082
Bengaluru Dist,Hebbagodi PS,1.04421e+16,2022,1,2,Road Accidents,Circle,Rural Areas,Residential area,Vehicle Defect,No,Fatal,Vehicle to Vehicle,No signal lights,Others,Others,Bitumen(Tar),Dry,Not Applicable,Others,NEAR HOTEL,2,3KM,12.824406,77.667139
Bengaluru Dist,Hebbagodi PS,1.04421e+16,2022,1,2,Road Accidents,Narrow road,Rural Areas,Near Bus stop,Human Error,No,Grievous Injury,Hit bicyclist,Not Applicable,Not Applicable,Service Road,Not Applicable,Dry,Not Applicable,Fine,HEBBAGODI BUS STOP,HEBBAGODI BUS STOP,900MTR,12.827351,77.682374
Bengaluru Dist,Hebbagodi PS,1.04421e+16,2022,1,2,Road Accidents,Narrow road,Rural Areas,Near office complex,Human Error,Not Applicable,Simple Injury,Vehicle to Vehicle,Controlled,Others,NH,Bitumen(Tar),Dry,No influence on accident,Fine,Near Gardenia Comfort D mart,D mart,1km,12.827803,77.67207
Bengaluru Dist,Hebbagodi PS,1.04421e+16,2022,1,1,Road Accidents,Circle,City/Town,Near Hospital,Road Environment Defect,Not Applicable,Fatal,Not Applicable,Not Applicable,Not Applicable,NH,Bitumen(Tar),Dry,Not Applicable,Fine,Bangalore hosur nh 44 road,NH road,2 km,12.828122,77.682139
Bengaluru Dist,Hebbagodi PS,1.04421e+16,2022,1,1,Road Accidents,Circle,Rural Areas,Residential area,Vehicle Defect,No,Fatal,Not Applicable,Not Applicable,Not Applicable,NH,Bitumen(Tar),Dry,Not Applicable,Others,near Biocon park,5km,5km,12.807619,77.663221
Bengaluru Dist,Hebbagodi PS,1.04421e+16,2022,1,2,Road Accidents,Narrow road,Rural Areas,In bazaar,Human Error,Yes,Simple Injury,Not Applicable,Controlled,Not Applicable,NH,Bitumen(Tar),Dry,No influence on accident,Fine,Bommasandra fly over,BOMMASANDRA FLY OVER,2KM,12.845839,77.703802
Bengaluru Dist,Hebbagodi PS,1.04421e+16,2022,1,2,Road Accidents,Narrow road,Rural Areas,Near Hospital,Human Error,Yes,Simple Injury,Vehicle to Vehicle,Controlled,Not Applicable,NH,Bitumen(Tar),Dry,Not Applicable,Fine,Near KFC,KFC,1,12.822077,77.653561
Bengaluru Dist,Hebbagodi PS,1.04421e+16,2022,1,2,Road Accidents,Circle,City/Town,Near Bus stop,Vehicle Defect,Yes,Grievous Injury,Vehicle to Vehicle,Give way sign,Not Applicable,NH,Bitumen(Tar),Dry,Drainage Ditch,Clear,Near Bus stop,Royal Shoroom,3km,12.814155,77.693279
Bengaluru Dist,Hebbagodi PS,1.04421e+16,2022,1,1,Road Accidents,Not Applicable,Rural Areas,Residential area,Vehicle Defect,No,Fatal,Not Applicable,Not Applicable,Others,Residential Street,Bitumen(Tar),Dry,Not Applicable,Fine,Near SFO company,SFO company,5km,12.815502,77.6679009
Bengaluru Dist,Hebbagodi PS,1.04421e+16,2022,1,2,Road Accidents,Not Applicable,Rural Areas,Open area,Vehicle Defect,No,Grievous Injury,Vehicle to Vehicle,Not Applicable,Not Applicable,NH,Bitumen(Tar),Dry,Not Applicable,Fine,Near lake,500,1,12.838289,77.674508
Bengaluru Dist,Hebbagodi PS,1.04421e+16,2022,1,1,Road Accidents,Not Applicable,Rural Areas,Near Bus stop,Vehicle Defect,Yes,Fatal,Not Applicable,Not Applicable,Others,NH,Bitumen(Tar),Dry,Not Applicable,Fine,nalanada hotel,1km,1,12.824941,77.683873
Bengaluru Dist,Hebbagodi PS,1.04421e+16,2022,1,1,Not Applicable,Not Applicable,Rural Areas,Open area,Vehicle Defect,No,Fatal,Not Applicable,Not Applicable,Not Applicable,Others,Bitumen(Tar),Dry,Not Applicable,Fine,hulimangala road,5km,5km,0.0,0.0
Bengaluru Dist,Hebbagodi PS,1.04421e+16,2022,1,2,Road Accidents,Narrow road,Rural Areas,Near a religious place,Human Error,Yes,Grievous Injury,Vehicle to Vehicle,Not at  Junction,Not Applicable,Others,Not Applicable,Dry,Not Applicable,Fine,NEAR SAI BABA TEMPLE HULIMANGALA ROAD JIGANI HOBLI,NEAR SAI BABA TEMPLE HULIMANGALA ROAD JIGANI HOBLI,8KM,12.83768,77.64529
Bengaluru Dist,Hebbagodi PS,1.04421e+16,2022,1,2,Road Accidents,Circle,Rural Areas,Residential area,Vehicle Defect,Yes,Grievous Injury,Vehicle to Vehicle,Not at  Junction,Others,NH,Bitumen(Tar),Dry,Drainage Ditch,Fine,company,3km,3km,12.81783,77.678922
Bengaluru Dist,Hebbagodi PS,1.04421e+16,2022,1,2,Road Accidents,Not Applicable,Rural Areas,Near Hospital,Vehicle Defect,Yes,Damage Only,Vehicle to Vehicle,Not Applicable,Not Applicable,NH,Bitumen(Tar),Dry,Not Applicable,Fine,Bommasandra,3km,1KM,0.0,0.0
Bengaluru Dist,Hebbagodi PS,1.04421e+16,2022,1,1,Road Accidents,Not Applicable,Rural Areas,Near Hospital,Vehicle Defect,Yes,Grievous Injury,Not Applicable,Not Applicable,Not Applicable,NH,Bitumen(Tar),Dry,Not Applicable,Fine,Bengalore Hosur,2km,2km,12.834301,77.6802039
Bengaluru Dist,Hebbagodi PS,1.04421e+16,2022,1,2,Road Accidents,Not Applicable,Rural Areas,Residential area,Vehicle Defect,Not Applicable,Grievous Injury,Vehicle to Vehicle,Not Applicable,Not Applicable,NH,Bitumen(Tar),Dry,Not Applicable,Fine,Bommasandra jigani link road,1km,2km,12.810144,77.664095
Bengaluru Dist,Hebbagodi PS,1.04421e+16,2022,1,2,Not Applicable,Not Applicable,Rural Areas,Open area,Vehicle Defect,No,Grievous Injury,Vehicle to Vehicle,Not Applicable,Others,NH,Bitumen(Tar),Dry,Not Applicable,Fine,Hebbagodi Mileniyam hotel,1KM,1KM,12.826011,77.682591
Bengaluru Dist,Hebbagodi PS,1.04421e+16,2022,1,1,Road Accidents,Not Applicable,Rural Areas,Near a factory industrial area,Vehicle Defect,Yes,Grievous Injury,Vehicle to Vehicle,Not Applicable,Straight and flat,Others,Not Applicable,Dry,Not Applicable,Clear,BANGALORE HOSUR N H 44 SERVICE ROAD NEAR SKF FACTORY,N H 44 SERVICE ROAD,1/2 KM,12.825923,77.682671
Bengaluru Dist,Hebbagodi PS,1.04421e+16,2022,1,2,Not Applicable,Circle,Rural Areas,Residential area,Vehicle Defect,No,Fatal,Vehicle to Vehicle,Not Applicable,Not Applicable,NH,Bitumen(Tar),Dry,Not Applicable,Fine,COMPANY,ICP COMPANY,2,12.821308,77.681214
Bengaluru Dist,Hebbagodi PS,1.04421e+16,2022,1,1,Road Accidents,Circle,Rural Areas,Residential area,Vehicle Defect,Yes,Grievous Injury,Not Applicable,Give way sign,Others,Residential Street,Bitumen(Tar),Dry,Drainage Ditch,Fine,Ananth nagar,ANANTH NAGAR,3km,12.835267,77.682143
Bengaluru Dist,Hebbagodi PS,1.04421e+16,2022,1,1,Road Accidents,Not Applicable,Rural Areas,Near Bus stop,Vehicle Defect,Not Applicable,Grievous Injury,Not Applicable,Not Applicable,Others,Others,Bitumen(Tar),Dry,Drainage Ditch,Fine,Bus stop,Bommasandra bus stop,3km,12.818427,77.6898179
Bengaluru Dist,Hebbagodi PS,1.04421e+16,2022,1,2,Not Applicable,Narrow road,Rural Areas,Open area,Human Error,No,Not Applicable,Vehicle to Vehicle,Not Applicable,Not Applicable,Not Applicable,Not Applicable,Dry,Not Applicable,Fine,BOMMASANDRA FLYOVER,BOMMASANDRA FLYOVER,3KM,12.819005,77.689078
Bengaluru Dist,Hebbagodi PS,1.04421e+16,2022,1,1,Road Accidents,Circle,Rural Areas,Near a factory industrial area,Vehicle Defect,Not Applicable,Not Applicable,Hit pedestrian,Not Applicable,Not Applicable,Not Applicable,Bitumen(Tar),Dry,Not Applicable,Not Applicable,TECOTECK CIRCLE,TECOTEC CIRCLE,5 KM,12.810919,77.664615
Bengaluru Dist,Hebbagodi PS,1.04421e+16,2022,1,2,Road Accidents,Not Applicable,Rural Areas,Near Petrol Pump,Vehicle Defect,No,Grievous Injury,Vehicle to Vehicle,Not Applicable,Others,NH,Bitumen(Tar),Dry,Not Applicable,Fine,HUSKUR ROAD,0,5km,0.0,0.0
Bengaluru Dist,Hebbagodi PS,1.04421e+16,2022,1,1,Not Applicable,Narrow road,City/Town,Near Bus stop,Not Applicable,No,Grievous Injury,Hit pedestrian,Not at  Junction,Not Applicable,NH,Bitumen(Tar),Dry,Drainage Ditch,Fine,NEAR HEBBAGODI BUS STOP,NEAR HEBBAGODI BUS STOP,1KM,12.809644,77.697104
Bengaluru Dist,Hebbagodi PS,1.04421e+16,2022,1,2,Road Accidents,Not Applicable,Rural Areas,Near Hospital,Vehicle Defect,Yes,Fatal,Vehicle to Vehicle,Give way sign,Others,NH,Bitumen(Tar),Dry,Drainage Ditch,Fine,shakar kichan,NH road,3km,12.817104,77.690805
Bengaluru Dist,Hebbagodi PS,1.04421e+16,2022,1,2,Road Accidents,Narrow road,Rural Areas,Near a factory industrial area,Not Applicable,No,Damage Only,Not Applicable,Uncontrolled,Not Applicable,Others,Bitumen(Tar),Not Applicable,Construction Work / Material,Others,RNS MOTORS NH-44 MAIN ROAD JIGANI LINK ROAD BOMMASANDRA,NEAR RNS MOTOR JIGANI LINK ROAD,4KM,12.817946,77.676959
Bengaluru Dist,Hebbagodi PS,1.04421e+16,2022,1,1,Road Accidents,Not Applicable,City/Town,Open area,Not Applicable,No,Fatal,Not Applicable,Not Applicable,Not Applicable,Others,Concrete,Dry,Not Applicable,Fine,kammasandra,0,1,12.827924,77.688282
Bengaluru Dist,Hebbagodi PS,1.04421e+16,2022,1,2,Not Applicable,Narrow road,City/Town,Near Petrol Pump,Not Applicable,No,Grievous Injury,Vehicle to Vehicle,Not at  Junction,Not Applicable,Service Road,Bitumen(Tar),Dry,Drainage Ditch,Fine,SERVIVR  ROAD NEAR TOTAL LPG GAS BOMMASANDRA,SERVIVR  ROAD NEAR TOTAL LPG GAS BOMMASANDRA,3KM,12.825255,77.670303
Bengaluru Dist,Hebbagodi PS,1.04421e+16,2022,1,1,Road Accidents,Not Applicable,Rural Areas,Open area,Vehicle Defect,No,Grievous Injury,Not Applicable,Not Applicable,Others,NH,Bitumen(Tar),Dry,Not Applicable,Fine,company,NH road,337/22,12.819178,77.688892
Bengaluru Dist,Hebbagodi PS,1.04421e+16,2022,1,1,Road Accidents,Not Applicable,Rural Areas,Residential area,Vehicle Defect,No,Fatal,Not Applicable,Give way sign,Others,Residential Street,Bitumen(Tar),Dry,Not Applicable,Fine,Biocon park,Biocon park,5km,12.80883,77.65975
Bengaluru Dist,Hebbagodi PS,1.04421e+16,2022,1,2,Road Accidents,Not Applicable,City/Town,Near Petrol Pump,Not Applicable,Not Applicable,Fatal,Vehicle to Vehicle,Not Applicable,Not Applicable,Service Road,Bitumen(Tar),Dry,Not Applicable,Fine,nh seevice,petol pump bunk,1,12.818979,77.689556
Bengaluru Dist,Hebbagodi PS,1.04421e+16,2022,1,2,Road Accidents,Not Applicable,Rural Areas,Open area,Vehicle Defect,No,Grievous Injury,Vehicle to Vehicle,Not Applicable,Others,NH,Bitumen(Tar),Dry,Not Applicable,Fine,Near SFS college,1km,1km,12.833938,77.6799269
Bengaluru Dist,Hebbagodi PS,1.04421e+16,2023,1,2,Road Accidents,Not Applicable,Rural Areas,Near a factory industrial area,Vehicle Defect,No,Simple Injury,Vehicle to Vehicle,Not Applicable,Straight and flat,Two way,Bitumen(Tar),Not Applicable,Not Applicable,Not Applicable,stright & flat,0,2 KM,0.0,0.0
Bengaluru Dist,Hebbagodi PS,1.04421e+16,2023,1,2,Road Accidents,Narrow road,Rural Areas,Near Bus stop,Not Applicable,No,Simple Injury,Vehicle to Vehicle,Not Applicable,Straight and flat,NH,Bitumen(Tar),Dry,Not Applicable,Fine,BANGALORE HOSUR N H 44 MAIN ROAD NEAR BOMMASANDRA FLYOVER,N H 44 MAIN ROAD,2 KM,12.814742,77.69266
Bengaluru Dist,Hebbagodi PS,1.04421e+16,2023,1,1,Road Accidents,Not Applicable,Rural Areas,Near Bus stop,Vehicle Defect,No,Fatal,Not Applicable,Not Applicable,Not Applicable,NH,Bitumen(Tar),Dry,Not Applicable,Fine,NH,Hebbagodi,2km,12.830528,77.680716
Bengaluru Dist,Hebbagodi PS,1.04421e+16,2023,1,2,Road Accidents,Not Applicable,Rural Areas,Near Bus stop,Not Applicable,No,Grievous Injury,Vehicle to Vehicle,Controlled,Straight and flat,NH,Bitumen(Tar),Not Applicable,Not Applicable,Clear,BANGALORE HOSUR N H 44 MAIN ROAD,0,5 KM,12.810661,77.691273
Bengaluru Dist,Hebbagodi PS,1.04421e+16,2023,1,2,Road Accidents,Narrow road,City/Town,Open area,Human Error,Yes,Grievous Injury,Vehicle to Vehicle,Uncontrolled,Straight and flat,NH,Bitumen(Tar),Dry,No influence on accident,Fine,NH,SKF COMPANY ROAD,1KM,12.833829,77.680264
Bengaluru Dist,Hebbagodi PS,1.04421e+16,2023,1,2,Road Accidents,Narrow road,Rural Areas,Near Bus stop,Not Applicable,No,Grievous Injury,Not Applicable,Not Applicable,Not Applicable,NH,Bitumen(Tar),Dry,Not Applicable,Clear,NH,0,2 KM,12.823067,77.685468
Bengaluru Dist,Hebbagodi PS,1.04421e+16,2023,1,2,Road Accidents,Not Applicable,Rural Areas,Near Hospital,Not Applicable,No,Fatal,Not Applicable,Uncontrolled,Straight and flat,NH,Bitumen(Tar),Not Applicable,Not Applicable,Clear,HOSUR BANGALORE N H 44 MAIN ROAD,N H 44 MAIN ROAD,2 KM,12.834488,77.679622
Bengaluru Dist,Hebbagodi PS,1.04421e+16,2023,1,1,Road Accidents,Not Applicable,Rural Areas,At pedestrian Crossing,Not Applicable,No,Grievous Injury,Hit pedestrian,Uncontrolled,Not Applicable,NH,Bitumen(Tar),Not Applicable,Not Applicable,Fine,HOSUR BANGALOREN H 44 MAIN ROAD,0,1 KM,12.817367,77.6890109
Bengaluru Dist,Hebbagodi PS,1.04421e+16,2023,1,2,Road Accidents,Narrow road,Rural Areas,Near a factory industrial area,Not Applicable,Yes,Grievous Injury,Vehicle to Vehicle,Controlled,Straight and flat,Minor District Road,Bitumen(Tar),Dry,No influence on accident,Fine,BOMMASANDRA JIGANI LINK ROAD,BOMMASANDRA INDUSTRIAL,3 KM,12.814233,77.668878
Bengaluru Dist,Hebbagodi PS,1.04421e+16,2023,1,1,Road Accidents,Narrow road,Rural Areas,Near Petrol Pump,Not Applicable,No,Fatal,Hit bicyclist,Uncontrolled,Dip or trough,NH,Bitumen(Tar),Dry,Not Applicable,Clear,NH 44,0,2 KM,12.081539,77.692491
Bengaluru Dist,Hebbagodi PS,1.04421e+16,2023,1,2,Road Accidents,Narrow road,Rural Areas,In bazaar,Not Applicable,Yes,Grievous Injury,Hit bicyclist,Not at  Junction,Not Applicable,NH,Bitumen(Tar),Dry,Not Applicable,Fine,BANGALORE HOSUR N H 44 SERVICE ROAD NEAR BOMMASANDRA D MART,N H 44 SERVICE ROAD,2 KM,12.827039,77.678369
Bengaluru Dist,Hebbagodi PS,1.04421e+16,2023,1,2,Road Accidents,Narrow road,Rural Areas,In bazaar,Not Applicable,Yes,Grievous Injury,Vehicle to Vehicle,Uncontrolled,Straight and flat,Two way,Bitumen(Tar),Dry,Not Applicable,Fine,BOMMASANDRA,0,2 KM,0.0,0.0
Bengaluru Dist,Hebbagodi PS,1.04421e+16,2023,1,2,Road Accidents,Not Applicable,Rural Areas,Near office complex,Not Applicable,No,Grievous Injury,Vehicle to Vehicle,Controlled,Straight and flat,Service Road,Bitumen(Tar),Not Applicable,Not Applicable,Fine,BANGALORE HOSUR N H 44 SERVICE ROAD,N H 44 SERVICE ROAD,2 KM,12.814368,77.693668
Bengaluru Dist,Hebbagodi PS,1.04421e+16,2023,1,2,Road Accidents,Not Applicable,Rural Areas,Near a factory industrial area,Not Applicable,Yes,Fatal,Vehicle to Vehicle,Not Applicable,Straight and flat,Others,Bitumen(Tar),Dry,Not Applicable,Clear,JIGANI LINK ROAD BOMMASANDRA,BOMMASANDRA,4KM,12.818255,77.684416
Bengaluru Dist,Hebbagodi PS,1.04421e+16,2023,1,2,Road Accidents,Not Applicable,Rural Areas,Near a factory industrial area,Not Applicable,No,Grievous Injury,Not Applicable,Not Applicable,Straight and flat,NH,Surfaced,Dry,Not Applicable,Clear,BANGALORE HOSUR NH 44,BOMMASANDRA,2KM,12.813941,77.693271
Bengaluru Dist,Hebbagodi PS,1.04421e+16,2023,1,2,Road Accidents,Narrow road,Rural Areas,Near Bus stop,Human Error,No,Simple Injury,Vehicle to Vehicle,Controlled,Straight and flat,NH,Surfaced,Dry,Not Applicable,Clear,NATIONAL HIGHWAY,SHANKAR KICHAN,2KM,12.807854,77.698112
Bengaluru Dist,Hebbagodi PS,1.04421e+16,2023,1,2,Road Accidents,Junction,Rural Areas,Near a factory industrial area,Vehicle Defect,No,Grievous Injury,Vehicle to Vehicle,Not Applicable,Straight and flat,Others,Bitumen(Tar),Dry,No influence on accident,Clear,TECOTECK CIRCLE,TECOTEC CIRCLE,5 KM,12.815758,77.652995
Bengaluru Dist,Hebbagodi PS,1.04421e+16,2023,1,2,Road Accidents,Narrow road,Rural Areas,In bazaar,Not Applicable,No,Fatal,Vehicle to Vehicle,Not Applicable,Straight and flat,Two way,Bitumen(Tar),Dry,Not Applicable,Fine,SHIKARIPALYA MARAGONDANAHALLI ROAD,0,5 KM,12.827611,77.655015
Bengaluru Dist,Hebbagodi PS,1.04421e+16,2023,1,2,Road Accidents,Not Applicable,Rural Areas,Near a factory industrial area,Not Applicable,No,Grievous Injury,Vehicle to Vehicle,Uncontrolled,Straight and flat,Others,Bitumen(Tar),Dry,Not Applicable,Clear,BOMMASANDA INDUSTRIL AREA,BOMMASANDRA INDUSTRIAL,3 KM,12.81788,77.679501
Bengaluru Dist,Hebbagodi PS,1.04421e+16,2023,1,2,Not Applicable,Not Applicable,Rural Areas,Near Petrol Pump,Not Applicable,No,Grievous Injury,Vehicle to Vehicle,Not at  Junction,Straight and flat,Service Road,Not Applicable,Muddy,Not Applicable,Fine,priyadarshini petrol bunk parking place,0,2 KM,12.81679,77.689833
Bengaluru Dist,Hebbagodi PS,1.04421e+16,2023,1,2,Road Accidents,Narrow road,Rural Areas,Near a factory industrial area,Not Applicable,No,Grievous Injury,Vehicle to Vehicle,Uncontrolled,Not Applicable,Two way,Bitumen(Tar),Dry,Not Applicable,Clear,GOLLAHALLI ROAD,0,4 K M,12.832289,77.660793
Bengaluru Dist,Hebbagodi PS,1.04421e+16,2023,1,2,Road Accidents,Offset,Rural Areas,Open area,Vehicle Defect,No,Fatal,Vehicle to Vehicle,Not Applicable,Not Applicable,NH,Bitumen(Tar),Dry,Not Applicable,Fine,bommasandra lake,3km,3km,12.809469,77.668921
Bengaluru Dist,Hebbagodi PS,1.04421e+16,2023,1,2,Road Accidents,Not Applicable,Rural Areas,Near a factory industrial area,Not Applicable,No,Simple Injury,Vehicle to Vehicle,Not Applicable,Straight and flat,NH,Bitumen(Tar),Dry,No influence on accident,Clear,HOSUR BANGALORE N H 44 SERVICE ROAD,N H 44 MAIN ROAD,1/2 KM,12.815615,77.678248
Bengaluru Dist,Hebbagodi PS,1.04421e+16,2023,1,2,Road Accidents,Narrow road,City/Town,Open area,Human Error,No,Grievous Injury,Vehicle to Vehicle,Uncontrolled,Straight and flat,NH,Bitumen(Tar),Dry,No influence on accident,Fine,TOWN ROAD,BIOCAN PARK & SHOBHA,3KM,0.0,0.0
Bengaluru Dist,Hebbagodi PS,1.04421e+16,2023,1,2,Road Accidents,Narrow road,City/Town,Open area,Human Error,No,Grievous Injury,Vehicle to Vehicle,Not Applicable,Straight and flat,NH,Bitumen(Tar),Dry,No influence on accident,Fine,NH,BOMMASANDRA,2KM,12.814694,77.691842
Bengaluru Dist,Hebbagodi PS,1.04421e+16,2023,1,1,Road Accidents,Not Applicable,Rural Areas,At pedestrian Crossing,Not Applicable,No,Not Applicable,Hit pedestrian,Uncontrolled,Not Applicable,Minor District Road,Not Applicable,Dry,Not Applicable,Not Applicable,BOMMASANDRA INDUSTRIAL AREA,0,5 KM,12.807283,77.663516
Bengaluru Dist,Hebbagodi PS,1.04421e+16,2023,1,3,Road Accidents,Not Applicable,Rural Areas,Near a factory industrial area,Not Applicable,No,Fatal,Vehicle to Vehicle,Not Applicable,Straight and flat,Not Applicable,Bitumen(Tar),Dry,Not Applicable,Clear,INDUSTRIAL AREA,BOMMASANDRA INDUSTRIAL AREA,3KM,12.813562,77.687437
Bengaluru Dist,Hebbagodi PS,1.04421e+16,2023,1,2,Road Accidents,Circle,Rural Areas,Near or inside a village,Vehicle Defect,No,Fatal,Vehicle to Vehicle,Not Applicable,Not Applicable,Others,Not Applicable,Others,Not Applicable,Fine,Village road,Viillag road,7km,12.868553,77.702402
Bengaluru Dist,Hebbagodi PS,1.04421e+16,2023,1,2,Road Accidents,Not Applicable,Rural Areas,Open area,Vehicle Defect,No,Fatal,Vehicle to Vehicle,Not Applicable,Others,NH,Bitumen(Tar),Dry,Not Applicable,Fine,NH 44 Road,NH 44 Road,5km,12.812632,77.6940289
Bengaluru Dist,Hebbagodi PS,1.04421e+16,2023,1,2,Road Accidents,Circle,Rural Areas,Near Bus stop,Not Applicable,Yes,Grievous Injury,Vehicle to Vehicle,Uncontrolled,Others,Major District Road,Bitumen(Tar),Not Applicable,Not Applicable,Fine,BOMMASANDRA CIRCLE,BOMMASANDRA CIRCLE,2 KM,12.818869,77.689106
Bengaluru Dist,Hebbagodi PS,1.04421e+16,2023,1,2,Road Accidents,Not Applicable,Rural Areas,Near a factory industrial area,Not Applicable,No,Grievous Injury,Vehicle to Vehicle,Uncontrolled,Not Applicable,Minor District Road,Bitumen(Tar),Others,No influence on accident,Fine,BOMMASANDA INDUSTRIL AREA,0,2 KM,12.815325,77.6714159
Bengaluru Dist,Hebbagodi PS,1.04421e+16,2023,1,2,Road Accidents,Not Applicable,Rural Areas,Near Petrol Pump,Not Applicable,No,Grievous Injury,Vehicle to Vehicle,Not Applicable,Straight and flat,NH,Not Applicable,Not Applicable,Not Applicable,Clear,BOMMASANDRA INDUSTRIAL AREA,BOMMASANDRA,2KM,0.0,0.0
Bengaluru Dist,Hebbagodi PS,1.04421e+16,2023,1,1,Road Accidents,Narrow road,Rural Areas,Near a factory industrial area,Not Applicable,No,Grievous Injury,Hit pedestrian,Uncontrolled,Not Applicable,NH,Bitumen(Tar),Dry,Not Applicable,Clear,NH 44,0,500 MT,12.872872,77.66674
Bengaluru Dist,Hebbagodi PS,1.04421e+16,2023,1,1,Road Accidents,Road hump or Rumble strips,Rural Areas,Near a factory industrial area,Human Error,No,Fatal,Not Applicable,Controlled,Curve,Others,Surfaced,Dry,Not Applicable,Cloudy,MRT COMPANY ROAD,INFRONT OF RAJLAKSHMI KICHAN EQUPMENT PVT LTD,2KM,12.822605,77.675817
Bengaluru Dist,Hebbagodi PS,1.04421e+16,2023,1,1,Not Applicable,Not Applicable,Rural Areas,Open area,Vehicle Defect,No,Grievous Injury,Not Applicable,Not Applicable,Others,NH,Bitumen(Tar),Dry,Not Applicable,Fine,Shikaripalya road,5km,5km,12.876902,77.693999
Bengaluru Dist,Hebbagodi PS,1.04421e+16,2023,1,2,Road Accidents,Narrow road,Rural Areas,Near or inside a village,Not Applicable,Yes,Grievous Injury,Vehicle to Vehicle,Not Applicable,Straight and flat,Two way,Bitumen(Tar),Dry,Not Applicable,Fine,stright & flat,SAMPIGENAGARA HEELALIGE ROAD,5 KM,0.0,0.0
Bengaluru Dist,Hebbagodi PS,1.04421e+16,2023,1,2,Road Accidents,Narrow road,Rural Areas,Near office complex,Not Applicable,Yes,Grievous Injury,Vehicle to Vehicle,Uncontrolled,Straight and flat,Service Road,Bitumen(Tar),Dry,Not Applicable,Fine,SERVICE ROAD,N H 44 SERVICE ROAD,2 KM,0.0,0.0
Bengaluru Dist,Hebbagodi PS,1.04421e+16,2023,1,2,Road Accidents,Not Applicable,Rural Areas,Near Hospital,Not Applicable,No,Fatal,Vehicle to Vehicle,Not Applicable,Straight and flat,NH,Bitumen(Tar),Dry,Not Applicable,Clear,BANGALORE HOSUR N H 44 MAIN ROAD,N H 44 MAIN ROAD,2 KM,0.0,0.0
Bengaluru Dist,Hebbagodi PS,1.04421e+16,2023,1,2,Road Accidents,Not Applicable,Rural Areas,Near a factory industrial area,Not Applicable,No,Fatal,Vehicle to Vehicle,Not Applicable,Straight and flat,Two way,Bitumen(Tar),Dry,Not Applicable,Clear,BOMMASANDRA INDUSTRIAL AREA,BOMMASANDRA,3KM,12.816259,77.68271
Bengaluru Dist,Hebbagodi PS,1.04421e+16,2023,1,1,Road Accidents,Not Applicable,Rural Areas,Near Hospital,Not Applicable,No,Grievous Injury,Hit pedestrian,Not Applicable,Straight and flat,NH,Concrete,Dry,Not Applicable,Clear,NH HOSPITAL,BOMMASANDRA,2KM,12.808624,77.701629
Bengaluru Dist,Hebbagodi PS,1.04421e+16,2023,1,1,Road Accidents,Not Applicable,Rural Areas,Near a factory industrial area,Not Applicable,No,Fatal,Not Applicable,Not Applicable,Straight and flat,NH,Concrete,Dry,Not Applicable,Clear,NH44 BANGALORE HOSUR,BOMMASANDRA,3KM,12.815917,77.691557
Bengaluru Dist,Hebbagodi PS,1.04421e+16,2023,1,2,Not Applicable,Not Applicable,Rural Areas,Residential area,Vehicle Defect,No,Grievous Injury,Vehicle to Vehicle,Not Applicable,Others,Others,Bitumen(Tar),Dry,Not Applicable,Fine,Bengalore Hosur,3km,3km,12.832943,77.655308
Bengaluru Dist,Hebbagodi PS,1.04421e+16,2023,1,1,Road Accidents,Not Applicable,Rural Areas,Near a factory industrial area,Not Applicable,No,Grievous Injury,Hit pedestrian,Not Applicable,Straight and flat,Minor District Road,Bitumen(Tar),Dry,Not Applicable,Not Applicable,BOMMASANDA INDUSTRIL AREA,0,2 KM,12.810004,77.69634
Bengaluru Dist,Hebbagodi PS,1.04421e+16,2023,1,2,Road Accidents,Not Applicable,Rural Areas,Near Hospital,Not Applicable,Yes,Fatal,Vehicle to Vehicle,Not Applicable,Others,Service Road,Bitumen(Tar),Dry,Not Applicable,Fine,HOSUR BANGALORE N H 44 SERVICE ROAD,N H 44 SERVICE ROAD,1 KM,12.81321,77.693263
Bengaluru Dist,Hebbagodi PS,1.04421e+16,2023,1,1,Road Accidents,Not Applicable,Rural Areas,Narrow bridge or culverts,Not Applicable,Yes,Grievous Injury,Hit bicyclist,Uncontrolled,Straight and flat,Two way,Bitumen(Tar),Not Applicable,Not Applicable,Cloudy,HOSUR BANGALORE N H 44 SERVICE ROAD,N H 44 SERVICE ROAD,200 M,0.0,0.0