DISTRICTNAME,UNITNAME,Crime_No,Year,RI,Noofvehicle_involved,Accident_Classification,Accident_Spot,Accident_Location,Accident_SubLocation,Main_Cause,Hit_Run,Severity,Collision_Type,Junction_Control,Road_Character,Road_Type,Surface_Type,Surface_Condition,Road_Condition,Weather,Accident_Road,Landmark_first,Distance_LandMark_First,Latitude,Longitude
Bengaluru Dist,Hebbagodi PS,1.04421e+16,2023,1,2,Road Accidents,Narrow road,Rural Areas,Near a factory industrial area,Not Applicable,No,Damage Only,Vehicle to Vehicle,Uncontrolled,Not Applicable,NH,Bitumen(Tar),Not Applicable,Not Applicable,Clear,NH,N H 44 MAIN ROAD,2 KM,12.82829,77.681819
Bengaluru Dist,Hebbagodi PS,1.04421e+16,2023,1,1,Road Accidents,Not Applicable,City/Town,Open area,Vehicle Defect,No,Fatal,Not Applicable,Not Applicable,Others,Others,Bitumen(Tar),Dry,Not Applicable,Others,Bommasandra road,500,2km,0.0,0.0
Bengaluru Dist,Hebbagodi PS,1.04421e+16,2023,1,2,Road Accidents,Not Applicable,Rural Areas,Near a factory industrial area,Not Applicable,No,Not Applicable,Not Applicable,Not Applicable,Straight and flat,Sub Arterial,Concrete,Dry,Not Applicable,Clear,bommasandra jigani link road,bommasandra,5km,12.799075,77.661247
Bengaluru Dist,Hebbagodi PS,1.04421e+16,2023,1,1,Road Accidents,Narrow road,Rural Areas,Near a factory industrial area,Not Applicable,No,Grievous Injury,Hit pedestrian,Not Applicable,Straight and flat,Two way,Bitumen(Tar),Dry,Not Applicable,Fine,BOMMASANDRA INDUSTRIAL AREA,0,3 KM,12.821241,77.673921
Bengaluru Dist,Hebbagodi PS,1.04421e+16,2023,1,2,Road Accidents,Not Applicable,Rural Areas,At pedestrian Crossing,Vehicle Defect,No,Damage Only,Vehicle to Vehicle,Not Applicable,Straight and flat,NH,Concrete,Dry,Not Applicable,Clear,NH ROAD,KAMMASANDRA,1KM,12.833342,77.6803879
Bengaluru Dist,Hebbagodi PS,1.04421e+16,2023,1,2,Road Accidents,Not Applicable,Rural Areas,Near a factory industrial area,Not Applicable,No,Simple Injury,Vehicle to Vehicle,Not Applicable,Straight and flat,NH,Bitumen(Tar),Dry,Not Applicable,Not Applicable,HOSUR BANGALORE N H 44 SERVICE ROAD,N H 44 MAIN ROAD,1 KM,12.837552,77.648245
Bengaluru Dist,Hebbagodi PS,1.04421e+16,2023,1,2,Not Applicable,Not Applicable,Rural Areas,Open area,Vehicle Defect,No,Fatal,Vehicle to Vehicle,Not Applicable,Not Applicable,NH,Bitumen(Tar),Dry,Not Applicable,Fine,Bommasandra industrial area,1KM,5km,0.0,0.0
Bengaluru Dist,Hebbagodi PS,1.04421e+16,2023,1,1,Road Accidents,Not Applicable,Rural Areas,Near School or College,Not Applicable,No,Fatal,Hit pedestrian,Not at  Junction,Straight and flat,NH,Bitumen(Tar),Dry,Not Applicable,Clear,BANGALORE HOSUR N H 44 MAIN ROAD NEAR HUSKUR GATE INFRONT OF THE SFS SCHOOL SKYWALK,N H 44 MAIN ROAD,4KM,12.83372,77.680298
Bengaluru Dist,Hebbagodi PS,1.04421e+16,2023,1,2,Road Accidents,Not Applicable,Rural Areas,Near a factory industrial area,Vehicle Defect,Yes,Fatal,Vehicle to Vehicle,Not Applicable,Others,Residential Street,Bitumen(Tar),Dry,Not Applicable,Fine,Jigani Link road,5km,5km,12.813248,77.682735
Bengaluru Dist,Hebbagodi PS,1.04421e+16,2023,1,2,Road Accidents,Circle,Rural Areas,Near a factory industrial area,Not Applicable,No,Fatal,Vehicle to Vehicle,Uncontrolled,Others,NH,Bitumen(Tar),Dry,Not Applicable,Others,HEBBAGODI SHETRON CIRCLE,N H 44 SERVICE ROAD,1.5 KM,12.820844,77.6846469
Bengaluru Dist,Hebbagodi PS,1.04421e+16,2023,1,2,Road Accidents,Not Applicable,Rural Areas,Near Bus stop,Not Applicable,No,Fatal,Vehicle to Vehicle,Not Applicable,Straight and flat,NH,Concrete,Dry,Not Applicable,Clear,BANGALORE HOSUR NH44,ANANTHNAGAR CROSS,2KM,12.83524,77.67972
Bengaluru Dist,Hebbagodi PS,1.04421e+16,2023,1,1,Road Accidents,Circle,Rural Areas,Near a factory industrial area,Not Applicable,No,Damage Only,Not Applicable,Controlled,Others,Minor District Road,Bitumen(Tar),Dry,Not Applicable,Very Cold,HEBBAGODI SHETRON CIRCLE,Metro Hebbagodi,1/2 KM,12.821999,77.68631
Bengaluru Dist,Hebbagodi PS,1.04421e+16,2023,1,2,Road Accidents,Not Applicable,City/Town,Near a factory industrial area,Not Applicable,No,Fatal,Vehicle to Vehicle,Not Applicable,Not Applicable,One way,Bitumen(Tar),Dry,Not Applicable,Fine,BOMMASANDRA INDUSTRIAL AREA,ACUPACK PVT LTD,4 KM,12.815287,77.682132
Bengaluru Dist,Hebbagodi PS,1.04421e+16,2023,1,2,Road Accidents,Not Applicable,City/Town,Near Bus stop,Vehicle Defect,No,Fatal,Vehicle to Vehicle,Not Applicable,Others,NH,Bitumen(Tar),Dry,Not Applicable,Fine,Near company,3km,1km,0.0,0.0
Bengaluru Dist,Hebbagodi PS,1.04421e+16,2023,1,1,Road Accidents,Narrow road,City/Town,Open area,Human Error,No,Grievous Injury,Hit pedestrian,Uncontrolled,Straight and flat,NH,Bitumen(Tar),Dry,No influence on accident,Fine,NH,BOMMASANDRA,2KM,12.820923,77.687218
Bengaluru Dist,Hebbagodi PS,1.04421e+16,2023,1,2,Road Accidents,Circle,Rural Areas,Near a factory industrial area,Not Applicable,No,Grievous Injury,Vehicle to Vehicle,Uncontrolled,Straight and flat,Minor District Road,Bitumen(Tar),Dry,No influence on accident,Fine,BOMMASANDRA CIRCLE,BOMMASANDRA CIRCLE,2 KM,12.82078,77.687207
Bengaluru Dist,Hebbagodi PS,1.04421e+16,2023,1,2,Road Accidents,Not Applicable,Rural Areas,Near a factory industrial area,Not Applicable,No,Grievous Injury,Not Applicable,Not Applicable,Straight and flat,NH,Concrete,Dry,Not Applicable,Clear,BANGALORE HOSUR N H 44 MAIN ROAD,BANGALORE HOSUR NH 44,1KM,0.0,0.0
Bengaluru Dist,Hebbagodi PS,1.04421e+16,2023,1,1,Road Accidents,Road hump or Rumble strips,Rural Areas,Near a factory industrial area,Not Applicable,No,Fatal,Not Applicable,Uncontrolled,Hump,NH,Bitumen(Tar),Dry,Not Applicable,Clear,NH 44,0,2 KM,0.0,0.0
Bengaluru Dist,Hebbagodi PS,1.04421e+16,2023,1,2,Road Accidents,Not Applicable,Rural Areas,Near a factory industrial area,Not Applicable,No,Simple Injury,Not Applicable,Not Applicable,Straight and flat,Sub Arterial,Concrete,Dry,Not Applicable,Clear,VIDYANAGAR 4TH CROSS BOMMASANDRA,VIDYANAGAR 4TH CROSS BOMMASANDRA,2KM,12.826471,77.6838
Bengaluru Dist,Hebbagodi PS,1.04421e+16,2023,1,1,Road Accidents,Not Applicable,Rural Areas,Near or inside a village,Not Applicable,Not Applicable,Fatal,Not Applicable,Uncontrolled,Others,Two way,Bitumen(Tar),Others,Not Applicable,Others,SHIKARIPALYA NEAR NIOTOWN CIRCLE,0,5 KM,12.83121,77.661483
Bengaluru Dist,Hebbagodi PS,1.04421e+16,2023,1,2,Road Accidents,Not Applicable,Rural Areas,Near a factory industrial area,Not Applicable,Yes,Fatal,Vehicle to Vehicle,Not Applicable,Straight and flat,Not Applicable,Concrete,Dry,Not Applicable,Clear,BOMMASANDRA,BOMMASANDRA,2KM,12.818166,77.689703
Bengaluru Dist,Hebbagodi PS,1.04421e+16,2023,1,1,Road Accidents,Road hump or Rumble strips,Rural Areas,Residential area,Not Applicable,Yes,Grievous Injury,Hit pedestrian,Uncontrolled,Not Applicable,Residential Street,Bitumen(Tar),Dry,Not Applicable,Fine,GOLLAHALLI ROAD,0,3 KM,12.834337,77.664859
Bengaluru Dist,Hebbagodi PS,1.04421e+16,2023,1,2,Road Accidents,Not Applicable,Rural Areas,Near Bus stop,Not Applicable,No,Simple Injury,Vehicle to Vehicle,Uncontrolled,Others,NH,Bitumen(Tar),Dry,No influence on accident,Clear,BOMMASANDRA FLYOVER,0,1 KM,12.819233,77.688693
Bengaluru Dist,Hebbagodi PS,1.04421e+16,2023,1,2,Road Accidents,Not Applicable,Rural Areas,Residential area,Not Applicable,Yes,Not Applicable,Hit bicyclist,Uncontrolled,Straight and flat,Two way,Bitumen(Tar),Wet,Not Applicable,Clear,HULIMANGALA ROAD,0,5 KM,12.823875,77.6664379
Bengaluru Dist,Hebbagodi PS,1.04421e+16,2023,1,2,Road Accidents,Not Applicable,Rural Areas,Near Bus stop,Not Applicable,No,Fatal,Vehicle to Vehicle,Not Applicable,Straight and flat,NH,Surfaced,Dry,Not Applicable,Clear,HOSUR BANGALORE MAIN ROAD,HEBBAGODI,1.5KM,0.0,0.0
Bengaluru Dist,Hebbagodi PS,1.04421e+16,2023,1,2,Road Accidents,Not Applicable,Rural Areas,Near Hospital,Vehicle Defect,No,Grievous Injury,Vehicle to Vehicle,Not Applicable,Not Applicable,NH,Bitumen(Tar),Dry,Not Applicable,Fine,jaki circle,3km,3km,0.0,0.0
Bengaluru Dist,Hebbagodi PS,1.04421e+16,2023,1,2,Not Applicable,Not Applicable,Rural Areas,Near Bus stop,Vehicle Defect,No,Grievous Injury,Vehicle to Vehicle,Not Applicable,Others,NH,Bitumen(Tar),Dry,Drainage Ditch,Fine,Hebbagodi Bus stop,5km,5km,12.823415,77.665306
Bengaluru Dist,Hebbagodi PS,1.04421e+16,2023,1,2,Road Accidents,Narrow road,City/Town,Open area,Human Error,No,Grievous Injury,Vehicle to Vehicle,Uncontrolled,Straight and flat,NH,Bitumen(Tar),Dry,No influence on accident,Fine,NH,SOUTH END HOTEL,1KM,0.0,0.0
Bengaluru Dist,Hebbagodi PS,1.04421e+16,2023,1,1,Road Accidents,Not Applicable,Rural Areas,Near Bus stop,Not Applicable,No,Fatal,Hit pedestrian,Uncontrolled,Others,NH,Bitumen(Tar),Dry,Not Applicable,Fine,BANGALORE HOSUR N H 44 MAIN ROAD,N H 44 MAIN ROAD,1 KM,12.831056,77.681156
Bengaluru Dist,Hebbagodi PS,1.04421e+16,2023,1,2,Road Accidents,Cross roads,City/Town,Open area,Not Applicable,No,Fatal,Vehicle to Vehicle,Uncontrolled,Curve,NH,Concrete,Dry,Not Applicable,Clear,nh 44,shetron cross,1,12.8209,77.686812
Bengaluru Dist,Hebbagodi PS,1.04421e+16,2023,1,2,Road Accidents,Not Applicable,Rural Areas,Near Bus stop,Not Applicable,No,Fatal,Not Applicable,Not Applicable,Straight and flat,NH,Bitumen(Tar),Dry,Not Applicable,Not Applicable,BANGALORE HOSUR N H 44 MAIN ROAD NEAR HEBBAGODI BUS STOP,N H 44 MAIN ROAD,1 KM,0.0,0.0
Bengaluru Dist,Hebbagodi PS,1.04421e+16,2023,1,2,Road Accidents,Narrow road,City/Town,Open area,Human Error,No,Damage Only,Vehicle to Vehicle,Uncontrolled,Straight and flat,NH,Bitumen(Tar),Dry,No influence on accident,Fine,NH,HUSKUR GATE,3KM,0.0,0.0
Bengaluru Dist,Hebbagodi PS,1.04421e+16,2023,1,2,Road Accidents,Not Applicable,Rural Areas,Near a factory industrial area,Not Applicable,No,Fatal,Hit bicyclist,Not Applicable,Not Applicable,Two way,Bitumen(Tar),Others,Not Applicable,Fine,BOMMASANDA INDUSTRIL AREA,BOMMASANDRA INDUSTRIAL,3 KM,0.0,0.0
Bengaluru Dist,Hebbagodi PS,1.04421e+16,2023,1,2,Road Accidents,Not Applicable,Rural Areas,Near Petrol Pump,Not Applicable,Not Applicable,Grievous Injury,Vehicle to Vehicle,Not at  Junction,Straight and flat,Two way,Bitumen(Tar),Others,Not Applicable,Clear,NEELADRI ROAD,NEELADRI ROAD,5 KM,12.818521,77.638032
Bengaluru Dist,Hebbagodi PS,1.04421e+16,2023,1,1,Road Accidents,Narrow road,Rural Areas,Near Petrol Pump,Not Applicable,No,Grievous Injury,Not Applicable,Uncontrolled,Straight and flat,NH,Bitumen(Tar),Dry,Not Applicable,Cloudy,BANGALORE HOSUR N H 44 MAIN ROAD,N H 44 MAIN ROAD,2 KM,12.817961,77.6892
Bengaluru Dist,Hebbagodi PS,1.04421e+16,2023,1,1,Road Accidents,Road hump or Rumble strips,Rural Areas,Near a factory industrial area,Not Applicable,No,Fatal,Not Applicable,Uncontrolled,Hump,Two way,Bitumen(Tar),Others,Not Applicable,Not Applicable,BOMMASANDA INDUSTRIL AREA,BOMMASANDRA INDUSTRIAL,4KM,12.813551,77.677969
Bengaluru Dist,Hebbagodi PS,1.04421e+16,2023,1,1,Road Accidents,Circle,Rural Areas,At pedestrian Crossing,Vehicle Defect,No,Grievous Injury,Not Applicable,No signal lights,Straight and flat,NH,Bitumen(Tar),Dry,No influence on accident,Not Applicable,BANGALORE HOSUR N H 44 MAIN ROAD NEAR HUSKUR GATE,N H 44 MAIN ROAD,1 KM,0.0,0.0
Bengaluru Dist,Hebbagodi PS,1.04421e+16,2023,1,2,Road Accidents,Cross roads,Rural Areas,Near Bus stop,Vehicle Defect,No,Grievous Injury,Vehicle to Vehicle,No signal lights,Straight and flat,Service Road,Concrete,Dry,Not Applicable,Fine,HOSUR BANGALORE N H 44 SERVICE ROAD,N H 44 SERVICE ROAD,1/2 KM,0.0,0.0
Bengaluru Dist,Hebbagodi PS,1.04421e+16,2023,1,1,Road Accidents,Cross roads,Rural Areas,At pedestrian Crossing,Not Applicable,No,Simple Injury,Hit pedestrian,Not Applicable,Curve,Two way,Not Applicable,Wet,Not Applicable,Clear,VEERASANDRA ROAD,0,1 KM,0.0,0.0
Bengaluru Dist,Hebbagodi PS,1.04421e+16,2023,1,1,Road Accidents,Road hump or Rumble strips,Rural Areas,Near Hospital,Not Applicable,No,Fatal,Not Applicable,Uncontrolled,Hump,NH,Bitumen(Tar),Dry,Not Applicable,Fine,BANGALORE HOSUR N H 44 MAIN ROAD,0,2 KM,12.820903,77.687066
Bengaluru Dist,Hebbagodi PS,1.04421e+16,2023,1,2,Road Accidents,Narrow road,Rural Areas,Near a factory industrial area,Human Error,No,Simple Injury,Vehicle to Vehicle,Not at  Junction,Straight and flat,Feeder Road,Bitumen(Tar),Dry,Not Applicable,Fine,J B LINKROAD NEAR MICRO LABS COMPANY,NEAR MICRO LABS COMPANY,4,12.81557,77.67325
Bengaluru Dist,Hebbagodi PS,1.04421e+16,2023,1,1,Road Accidents,Circle,Rural Areas,Near a factory industrial area,Not Applicable,Yes,Grievous Injury,Hit pedestrian,Uncontrolled,Straight and flat,Service Road,Bitumen(Tar),Dry,Not Applicable,Fine,HEBBAGODI INFRONT OF THE SHETRON COMPANY CIRCLE,0,1/2 KM,12.821282,77.686893
Bengaluru Dist,Hebbagodi PS,1.04421e+16,2023,1,2,Road Accidents,Narrow road,City/Town,Open area,Human Error,No,Grievous Injury,Vehicle to Vehicle,Uncontrolled,Straight and flat,NH,Bitumen(Tar),Dry,No influence on accident,Fine,NH,NEAR KAVARAMMA TEMPLE,2KM,12.838644,77.677628
Bengaluru Dist,Hebbagodi PS,1.04421e+16,2023,1,1,Road Accidents,Not Applicable,City/Town,Open area,Human Error,No,Grievous Injury,Not Applicable,Uncontrolled,Others,NH,Bitumen(Tar),Dry,Not Applicable,Fine,NH,Bommasandra Lorry Parking,2,12.812136,77.694
Bengaluru Dist,Hebbagodi PS,1.04421e+16,2023,1,2,Road Accidents,Narrow road,Rural Areas,Near Hospital,Not Applicable,No,Grievous Injury,Vehicle to Vehicle,Uncontrolled,Straight and flat,NH,Bitumen(Tar),Dry,Not Applicable,Not Applicable,BOMMASANDRA,0,4 KM,12.813219,77.693494
Bengaluru Dist,Hebbagodi PS,1.04421e+16,2023,1,1,Not Applicable,Not Applicable,Rural Areas,Near Hospital,Vehicle Defect,No,Grievous Injury,Not Applicable,Not Applicable,Others,NH,Bitumen(Tar),Dry,Not Applicable,Others,Metro Hebbagodi,Metro Hebbagodi,1km,12.828655,77.6814809
Bengaluru Dist,Hebbagodi PS,1.04421e+16,2023,1,2,Road Accidents,Not Applicable,Rural Areas,Near or inside a village,Not Applicable,Yes,Not Applicable,Vehicle to Vehicle,Not at  Junction,Straight and flat,Two way,Bitumen(Tar),Dry,Not Applicable,Clear,HUSKUR ROAD,0,5 KM,12.860778,77.705484
Bengaluru Dist,Hebbagodi PS,1.04421e+16,2023,1,2,Road Accidents,Not Applicable,Rural Areas,Near Bus stop,Not Applicable,No,Grievous Injury,Vehicle to Vehicle,Uncontrolled,Straight and flat,NH,Bitumen(Tar),Dry,Not Applicable,Clear,NH 44,0,1 KM,12.837882,77.678258
Bengaluru Dist,Hosahalli PS,1.04421e+16,2016,1,2,Road Accidents,Curves,Rural Areas,Open area,Human Error,Not Applicable,Damage Only,Others,Uncontrolled,Curve,Village Road,Bitumen(Tar),Dry,Not Applicable,Others,Hosahalli-D B pura Road,1,0,0.0,0.0
Bengaluru Dist,Hosahalli PS,1.04421e+16,2016,1,2,Road Accidents,Cross roads,Rural Areas,Open area,Human Error,No,Grievous Injury,Others,Uncontrolled,Curve,Village Road,Bitumen(Tar),Dry,Not Applicable,Fine,sasalu -Arudi Road,1,0,0.0,0.0
Bengaluru Dist,Hosahalli PS,1.04421e+16,2016,1,2,Road Accidents,Curves,Rural Areas,Open area,Human Error,Not Applicable,Damage Only,Others,Uncontrolled,Curve,Village Road,Bitumen(Tar),Dry,Not Applicable,Fine,Hosahalli-D B pura Road,1,0,0.0,0.0
Bengaluru Dist,Hosahalli PS,1.04421e+16,2016,1,1,Road Accidents,Other,Rural Areas,Near or inside a village,Human Error,No,Grievous Injury,Others,Not at  Junction,Straight and flat,Village Road,Bitumen(Tar),Dry,Not Applicable,Fine,Hosahalli-Alipura Road,1,0,0.0,0.0
Bengaluru Dist,Hosahalli PS,1.04421e+16,2016,1,1,Road Accidents,Curves,Rural Areas,Open area,Human Error,No,Simple Injury,Overturning,Not at  Junction,Curve,Village Road,Bitumen(Tar),Dry,Pot holed,Fine,Hosahalli-D B pura Road,1,0,0.0,0.0
Bengaluru Dist,Hosahalli PS,1.04421e+16,2017,1,2,Road Accidents,Other,Rural Areas,Near or inside a village,Human Error,No,Grievous Injury,Not Applicable,Not at  Junction,Others,Village Road,Bitumen(Tar),Dry,Not Applicable,Fine,Amalugunte-Arudi Road,1,0,0.0,0.0
Bengaluru Dist,Hosahalli PS,1.04421e+16,2017,1,2,Road Accidents,Other,Rural Areas,Near or inside a village,Not Applicable,No,Grievous Injury,Hit bicyclist,No signal lights,Others,Others,Bitumen(Tar),Others,Not Applicable,Others,Near Sonnenahalli Cross,Sonnenahalli Cross,4km,0.0,0.0
Bengaluru Dist,Hosahalli PS,1.04421e+16,2017,1,1,Road Accidents,Narrow road,Rural Areas,Open area,Human Error,Not Applicable,Fatal,Others,Uncontrolled,Others,Village Road,Bitumen(Tar),Others,Not Applicable,Others,DB PURA HOSHALLI ROAD,Sonnenahalli Cross,4 KM,0.0,0.0
Bengaluru Dist,Hosahalli PS,1.04421e+16,2017,1,2,Road Accidents,Other,Rural Areas,Near or inside a village,Not Applicable,No,Grievous Injury,Head on,Not Applicable,Not Applicable,Others,Kutcha,Others,Not Applicable,Others,Kallukunte Dinne,Hosahalli Kalukunte Road,3km,0.0,0.0
Bengaluru Dist,Hosahalli PS,1.04421e+16,2017,1,2,Road Accidents,Cross roads,Rural Areas,Near School or College,Human Error,Not Applicable,Fatal,Head on,Uncontrolled,Others,Village Road,Bitumen(Tar),Dry,Not Applicable,Others,Hosahalli Kottigemachohalli Road,Kadukunte School,4 KM,0.0,0.0
Bengaluru Dist,Hosahalli PS,1.04421e+16,2018,1,2,Road Accidents,Cross roads,Rural Areas,Near or inside a village,Not Applicable,Yes,Grievous Injury,Hit and Run,Not Applicable,Curve,Village Road,Bitumen(Tar),Others,Not Applicable,Others,Nellukunte Cross,Cross,0.5KM,0.0,0.0
Bengaluru Dist,Hosahalli PS,1.04421e+16,2019,1,1,Road Accidents,Curves,Rural Areas,Near or inside a village,Not Applicable,No,Grievous Injury,Not Applicable,Not at  Junction,Others,Others,Not Applicable,Not Applicable,Not Applicable,Fine,Allipura Road Hosahalli,Near Dalappa House,1 KM,13.443874,77.458987
Bengaluru Dist,Hosahalli PS,1.04421e+16,2019,1,2,Road Accidents,Other,Rural Areas,Near or inside a village,Not Applicable,No,Grievous Injury,Others,Not Applicable,Others,Others,Not Applicable,Others,Not Applicable,Others,Near Nellukunte Green House,Green House,4 KM,13.433416,77.430458
Bengaluru Dist,Hosahalli PS,1.04421e+16,2019,1,1,Road Accidents,Offset,Rural Areas,Open area,Human Error,No,Fatal,Not Applicable,Not Applicable,Others,Others,Not Applicable,Dry,Not Applicable,Fine,Other,Near Narasimhachar House,500 Mt,13.440045,77.457651
Bengaluru Dist,Hosahalli PS,1.04421e+16,2019,1,1,Road Accidents,Curves,Rural Areas,Near Bus stop,Not Applicable,No,Grievous Injury,Not Applicable,Uncontrolled,Curve,Others,Kutcha,Muddy,Not Applicable,Clear,Nellukunte Cross,Near Nellukunte Cross,500 M,13.371171,77.494751
Bengaluru Dist,Hosahalli PS,1.04421e+16,2019,1,1,Road Accidents,Not Applicable,Rural Areas,Near or inside a village,Not Applicable,No,Grievous Injury,Hit pedestrian,Not Applicable,Others,Others,Concrete,Others,Not Applicable,Not Applicable,Singrayyanapalya,Water Tank,500 M,13.408654,77.400343
Bengaluru Dist,Hosahalli PS,1.04421e+16,2019,1,2,Road Accidents,Cross roads,Rural Areas,Open area,Not Applicable,No,Grievous Injury,Hit bicyclist,Not Applicable,Others,Others,Bitumen(Tar),Others,Not Applicable,Fine,Lingadhaveeranahalli Cross,Harch,50 F,13.436649,77.485086
Bengaluru Dist,Hosahalli PS,1.04421e+16,2019,1,2,Road Accidents,Not Applicable,Rural Areas,Open area,Human Error,Yes,Fatal,Vehicle to Vehicle,Not Applicable,Straight and flat,Others,Bitumen(Tar),Dry,Not Applicable,Fine,Village road,Near Lingadheeranalli Cross,9 KM,13.445016,77.3973779
Bengaluru Dist,Hosahalli PS,1.04421e+16,2019,1,1,Road Accidents,Narrow road,Rural Areas,Near or inside a village,Human Error,No,Fatal,Not Applicable,Not Applicable,Straight and flat,Sub Arterial,Bitumen(Tar),Dry,Not Applicable,Fine,Hosahalli-Allipura road,Hosahalli Allipura road RL Jalappa samudaya bhavan from north 300m far,300m,13.443613,77.459007
Bengaluru Dist,Hosahalli PS,1.04421e+16,2020,1,1,Road Accidents,Not Applicable,Rural Areas,Open area,Human Error,No,Fatal,Not Applicable,Not at  Junction,Others,Others,Kutcha,Dry,Not Applicable,Fine,Gundamagere-Vabasandra,Vabasandra Canal,3 KM,13.450178,77.482395
Bengaluru Dist,Hosahalli PS,1.04421e+16,2020,1,2,Road Accidents,Not Applicable,Rural Areas,Near Bus stop,Not Applicable,No,Simple Injury,Hit bicyclist,Not Applicable,Others,Others,Concrete,Dry,Not Applicable,Others,Ojenahalli Village,Sri Anjaneya swamy temple,30 Fee,13.436881,77.480724
Bengaluru Dist,Hosahalli PS,1.04421e+16,2020,1,1,Road Accidents,Narrow road,Rural Areas,Open area,Human Error,Yes,Fatal,Hit pedestrian,Not at  Junction,Others,Others,Bitumen(Tar),Dry,No influence on accident,Fine,Arodi-sasalu road,Singraiahnapalya,10 KM,13.483884,77.403904
Bengaluru Dist,Hosahalli PS,1.04421e+16,2020,1,2,Road Accidents,Junction,Rural Areas,Near Bus stop,Not Applicable,No,Grievous Injury,Vehicle to Vehicle,Not Applicable,Curve,Others,Bitumen(Tar),Others,Not Applicable,Fine,Arudi-Sasalu Road,Sri Lakshminarasimhaswamy Arch,20 Fee,13.44086,77.393709
Bengaluru Dist,Hosahalli PS,1.04421e+16,2021,1,1,Road Accidents,Narrow road,Rural Areas,Open area,Human Error,No,Fatal,Not Applicable,Not at  Junction,Others,Others,Bitumen(Tar),Dry,No influence on accident,Fine,Doddaballapura-Hosahalli,Vishwanatha reddy,500 M,13.370594,77.4854749
Bengaluru Dist,Hosahalli PS,1.04421e+16,2021,1,1,Road Accidents,Narrow road,Rural Areas,Open area,Human Error,No,Fatal,Not Applicable,Not at  Junction,Straight and flat,Others,Bitumen(Tar),Dry,No influence on accident,Others,Arodi-sasalu road,Near Gangadharappa Land,10 KM,0.0,0.0
Bengaluru Dist,Hosahalli PS,1.04421e+16,2021,1,1,Road Accidents,Narrow road,Rural Areas,Open area,Human Error,No,Fatal,Not Applicable,Not at  Junction,Others,Others,Bitumen(Tar),Dry,No influence on accident,Fine,Doddaballapura-Hosahalli,near Mallikarjun shop,500 m,13.43858,77.45495
Bengaluru Dist,Hosahalli PS,1.04421e+16,2021,1,1,Road Accidents,Cross roads,Rural Areas,At pedestrian Crossing,Vehicle Defect,No,Simple Injury,Not Applicable,Uncontrolled,Crest of hill,Forest Road,Bitumen(Tar),Not Applicable,Not Applicable,Clear,doddahalla,doddahalla,5,13.404186,77.479288
Bengaluru Dist,Hosahalli PS,1.04421e+16,2021,1,2,Road Accidents,Not Applicable,Rural Areas,Open area,Not Applicable,Not Applicable,Fatal,Vehicle to Vehicle,Uncontrolled,Others,Others,Not Applicable,Others,Not Applicable,Others,"Sasalu-Arudi Road,Doddanarasaihanapalya",Near Doddanarasaiahnapalya,1.6,13.434906,77.389895
Bengaluru Dist,Hosahalli PS,1.04421e+16,2021,1,2,Road Accidents,Cross roads,Rural Areas,Open area,Human Error,No,Fatal,Vehicle to Vehicle,Uncontrolled,Others,Others,Bitumen(Tar),Others,No influence on accident,Others,"Hosahalli-Doddaballapura Road, Gundamagere Cross",Gundamagere Cross,1.6,0.0,0.0
Bengaluru Dist,Hosahalli PS,1.04421e+16,2022,1,2,Road Accidents,Not Applicable,Rural Areas,Open area,Human Error,No,Grievous Injury,Vehicle to Vehicle,Uncontrolled,Straight and flat,Service Road,Bitumen(Tar),Dry,No influence on accident,Clear,Hosahalli-Arudi Road,Near Yarrappa Land Jakkenahalli,30 Ft,0.0,0.0
Bengaluru Dist,Hosahalli PS,1.04421e+16,2022,1,2,Road Accidents,Curves,Rural Areas,Open area,Human Error,No,Grievous Injury,Vehicle to Vehicle,Uncontrolled,Sharp Curve,Minor District Road,Bitumen(Tar),Dry,No influence on accident,Cloudy,Hosahalli-Doddaballapura Road,Bescom Pole towrads East,20 Ft,13.397534,77.481086
Bengaluru Dist,Hosahalli PS,1.04421e+16,2022,1,1,Road Accidents,Cross roads,Rural Areas,Open area,Human Error,No,Damage Only,Not Applicable,Not Applicable,Curve and Incline,Minor District Road,Bitumen(Tar),Dry,No influence on accident,Clear,Doddaballapura to Hosahalli Road,Bescom Pole,10 Fee,13.400642,77.479796
Bengaluru Dist,Hosahalli PS,1.04421e+16,2022,1,2,Road Accidents,Cross roads,Rural Areas,Open area,Human Error,No,Simple Injury,Vehicle to Vehicle,Uncontrolled,Curve and Incline,State Highway,Bitumen(Tar),Dry,Not Applicable,Clear,Arudi-Sasalu Road,Bescom Pole,10,13.481783,77.40235
Bengaluru Dist,Hosahalli PS,1.04421e+16,2022,1,1,Road Accidents,Curves,Rural Areas,Open area,Human Error,No,Grievous Injury,Not Applicable,Not Applicable,Curve and Incline,Major District Road,Bitumen(Tar),Dry,No influence on accident,Cloudy,Doddaballapura to Hosahalli Road,Bescom Pole towrads South,50 F,13.404277,77.4793619
Bengaluru Dist,Hosahalli PS,1.04421e+16,2023,1,1,Road Accidents,Narrow road,Rural Areas,Narrow bridge or culverts,Human Error,No,Fatal,Not Applicable,Uncontrolled,Straight and flat,Minor District Road,Bitumen(Tar),Dry,No influence on accident,Clear,Hosahalli-Arudi Road,towards 15 Feet North Burrying Yard,15 Fee,13.448356,77.445927
Bengaluru Dist,Hosahalli PS,1.04421e+16,2023,1,2,Road Accidents,Narrow road,Rural Areas,Near or inside a village,Human Error,Yes,Fatal,Vehicle to Vehicle,Not Applicable,Incline,Major District Road,Bitumen(Tar),Dry,Not Applicable,Clear,Hosahalli-Doddaballapura Road,Bescom Pole,10 Ft,13.439325,77.461025
Bengaluru Dist,Hosahalli PS,1.04421e+16,2023,1,2,Road Accidents,Cross roads,Rural Areas,Near or inside a village,Human Error,Yes,Simple Injury,Vehicle to Vehicle,Uncontrolled,Curve,Others,Bitumen(Tar),Dry,Not Applicable,Clear,Hosahalli-Kottigemachenahalli Road,Electric Pole towards North,15 Ft,13.428516,77.440266
Bengaluru Dist,Hosahalli PS,1.04421e+16,2023,1,1,Road Accidents,Narrow road,Rural Areas,Near or inside a village,Human Error,No,Fatal,Hit pedestrian,Not Applicable,Straight and flat,Major District Road,Bitumen(Tar),Dry,No influence on accident,Clear,Hosahalli-Arudi Road,Tamarind Tree toawrds North,8 Ft,13.441715,77.457475