DISTRICTNAME,UNITNAME,Crime_No,Year,RI,Noofvehicle_involved,Accident_Classification,Accident_Spot,Accident_Location,Accident_SubLocation,Main_Cause,Hit_Run,Severity,Collision_Type,Junction_Control,Road_Character,Road_Type,Surface_Type,Surface_Condition,Road_Condition,Weather,Accident_Road,Landmark_first,Distance_LandMark_First,Latitude,Longitude
Bengaluru Dist,Hosahalli PS,1.04421e+16,2023,1,2,Road Accidents,Narrow road,Rural Areas,Open area,Human Error,Yes,Simple Injury,Vehicle to Vehicle,Uncontrolled,Curve,Minor District Road,Bitumen(Tar),Dry,Not Applicable,Clear,Hosahalli-Ujjani Road,Sappalamma Temple towards East,50 Ft,13.439824,77.446594
Bengaluru Dist,Hosahalli PS,1.04421e+16,2023,1,2,Road Accidents,Not Applicable,Rural Areas,Open area,Human Error,No,Grievous Injury,Vehicle to Vehicle,Uncontrolled,Straight and flat,Minor District Road,Bitumen(Tar),Dry,No influence on accident,Clear,Doddaballapura to Hosahalli Road,Neelagiri Tress towards East,5 Ft,13.389986,77.484196
Bengaluru Dist,Hosakote PS,1.0442e+16,2016,1,2,Road Accidents,Other,Rural Areas,Open area,Human Error,No,Damage Only,Others,Uncontrolled,Others,State Highway,Bitumen(Tar),Others,Not Applicable,Clear,"Hosakote-Chintamani Road, Near Sonnadenahalli Gate",Sonnadenahalli Gate,5 km,0.0,0.0
Bengaluru Dist,Hosakote PS,1.0442e+16,2016,1,2,Road Accidents,Narrow road,City/Town,Near a religious place,Human Error,No,Grievous Injury,Drowned,Not Applicable,Not Applicable,NH,Bitumen(Tar),Dry,Not Applicable,Fine,kolar bangalore 75road,x,5km,0.0,0.0
Bengaluru Dist,Hosakote PS,1.0442e+16,2016,1,2,Road Accidents,Other,City/Town,Near Hospital,Human Error,No,Simple Injury,Others,Uncontrolled,Others,NH,Bitumen(Tar),Dry,Not Applicable,Clear,bangalore kolar highway,mvj hospital,4km,0.0,0.0
Bengaluru Dist,Hosakote PS,1.0442e+16,2016,1,2,Road Accidents,Other,City/Town,Near office complex,Human Error,No,Damage Only,Others,Uncontrolled,Others,NH,Bitumen(Tar),Dry,Not Applicable,Clear,bangalore kolar highway,toll plaza,1km,0.0,0.0
Bengaluru Dist,Hosakote PS,1.0442e+16,2016,1,2,Road Accidents,Y Junction,Rural Areas,Near Bus stop,Human Error,No,Simple Injury,Hit parked vehicle,Not Applicable,Curve,NH,Bitumen(Tar),Dry,Not Applicable,Fine,KOLAR-BENGALURU NH-75,DASARALLI,5KM,0.0,0.0
Bengaluru Dist,Hosakote PS,1.0442e+16,2016,1,2,Road Accidents,Other,City/Town,Narrow bridge or culverts,Human Error,No,Damage Only,Overturning,Uncontrolled,Others,NH,Bitumen(Tar),Dry,Not Applicable,Clear,bangalore kolar highway,santhe gate fly over,3km,0.0,0.0
Bengaluru Dist,Hosakote PS,1.0442e+16,2016,1,1,Road Accidents,Other,Rural Areas,Open area,Human Error,Yes,Fatal,Hit pedestrian,Uncontrolled,Others,State Highway,Bitumen(Tar),Dry,Not Applicable,Clear,hosakote chintamani road,chikkahullur gate,5km,0.0,0.0
Bengaluru Dist,Hosakote PS,1.0442e+16,2016,1,2,Road Accidents,Other,City/Town,Near School or College,Human Error,No,Damage Only,Skidding or Self accident,Uncontrolled,Others,NH,Bitumen(Tar),Dry,Not Applicable,Clear,hosakote chikka thirupathi road,nandashree choultry,2km,0.0,0.0
Bengaluru Dist,Hosakote PS,1.0442e+16,2016,1,2,Road Accidents,Other,Rural Areas,Open area,Human Error,No,Simple Injury,Run Off Road,Uncontrolled,Straight and flat,NH,Bitumen(Tar),Dry,Not Applicable,Clear,bangalore kolar highway,mylapura gate,8km,0.0,0.0
Bengaluru Dist,Hosakote PS,1.0442e+16,2016,1,1,Road Accidents,Narrow road,Rural Areas,Near Bus stop,Not Applicable,No,Simple Injury,Head on,Uncontrolled,Others,NH,Bitumen(Tar),Dry,Not Applicable,Fine,bangalore kolar nh-75road,attivatta gete,6km,0.0,0.0
Bengaluru Dist,Hosakote PS,1.0442e+16,2016,1,2,Road Accidents,Other,City/Town,Open area,Human Error,No,Damage Only,Others,Uncontrolled,Others,NH,Bitumen(Tar),Not Applicable,Not Applicable,Clear,bamgalore kolar highway,near keb circle,1 km,0.0,0.0
Bengaluru Dist,Hosakote PS,1.0442e+16,2016,1,1,Road Accidents,Other,City/Town,Near Hospital,Human Error,No,Fatal,Hit pedestrian,Uncontrolled,Others,NH,Bitumen(Tar),Dry,Not Applicable,Clear,bangalore kolar highway,mvj hospital,4km,0.0,0.0
Bengaluru Dist,Hosakote PS,1.0442e+16,2016,1,1,Road Accidents,Other,City/Town,Near a recreation place/cinema,Human Error,No,Damage Only,Hit fixed object,Uncontrolled,Straight and flat,NH,Bitumen(Tar),Dry,Not Applicable,Clear,hosakote sulibele road,channabhyregowda stadium,200mtr,0.0,0.0
Bengaluru Dist,Hosakote PS,1.0442e+16,2016,1,1,Road Accidents,Road hump or Rumble strips,City/Town,Open area,Human Error,No,Fatal,Skidding or Self accident,Stop sign,Others,Minor District Road,Bitumen(Tar),Dry,Not Applicable,Clear,hosakote malur road,nisarga layout,4km,0.0,0.0
Bengaluru Dist,Hosakote PS,1.0442e+16,2016,1,2,Road Accidents,Other,City/Town,Near office complex,Human Error,No,Fatal,Others,Uncontrolled,Others,Service Road,Bitumen(Tar),Dry,Not Applicable,Clear,bangalore kolar highway,near TVS Showroom,2km,0.0,0.0
Bengaluru Dist,Hosakote PS,1.0442e+16,2016,1,3,Road Accidents,Other,City/Town,Near Bus stop,Human Error,No,Damage Only,Others,Uncontrolled,Others,NH,Bitumen(Tar),Dry,Not Applicable,Clear,hosakote sulibele road,ib circle,100mtr,0.0,0.0
Bengaluru Dist,Hosakote PS,1.0442e+16,2016,1,2,Road Accidents,Other,Rural Areas,Open area,Human Error,No,Simple Injury,Others,Uncontrolled,Others,Village Road,Bitumen(Tar),Ditch or Potholed,Not Applicable,Clear,kannurahalli road,near chowdappas bricks factory,3km,0.0,0.0
Bengaluru Dist,Hosakote PS,1.0442e+16,2016,1,2,Road Accidents,Other,Rural Areas,Near a religious place,Human Error,No,Simple Injury,Others,Uncontrolled,Others,Minor District Road,Bitumen(Tar),Dry,Not Applicable,Clear,hosakote malur road,near jadigenahalli,8km,0.0,0.0
Bengaluru Dist,Hosakote PS,1.0442e+16,2016,1,2,Road Accidents,Other,Rural Areas,Open area,Human Error,No,Simple Injury,Others,Uncontrolled,Others,NH,Bitumen(Tar),Dry,Not Applicable,Clear,bangalore kolar highway,attur gate,8km,0.0,0.0
Bengaluru Dist,Hosakote PS,1.0442e+16,2016,1,2,Road Accidents,Narrow road,City/Town,Near office complex,Human Error,No,Fatal,Head on,Uncontrolled,Not Applicable,NH,Bitumen(Tar),Dry,Not Applicable,Fine,BANAGALORE KOLAR NH-75ROAD,CHEK POST,1KM,0.0,0.0
Bengaluru Dist,Hosakote PS,1.0442e+16,2016,1,2,Road Accidents,Other,City/Town,Near Bus stop,Human Error,No,Simple Injury,Others,Uncontrolled,Others,NH,Bitumen(Tar),Dry,Not Applicable,Clear,bangalore kolar highway,gowthan colony,2km,0.0,0.0
Bengaluru Dist,Hosakote PS,1.0442e+16,2016,1,2,Road Accidents,Other,City/Town,Near Petrol Pump,Human Error,No,Simple Injury,Others,Stop sign,Others,Minor District Road,Bitumen(Tar),Dry,Not Applicable,Clear,hosakote malur road,near alamin school,3.5km,0.0,0.0
Bengaluru Dist,Hosakote PS,1.0442e+16,2016,1,2,Road Accidents,Other,Rural Areas,Open area,Human Error,No,Simple Injury,Others,Uncontrolled,Others,NH,Bitumen(Tar),Dry,Not Applicable,Clear,bangalore kolar highway,gottipura gate,9km,0.0,0.0
Bengaluru Dist,Hosakote PS,1.0442e+16,2016,1,1,Road Accidents,Other,Rural Areas,Near a recreation place/cinema,Human Error,No,Fatal,Hit pedestrian,Uncontrolled,Others,NH,Bitumen(Tar),Dry,Not Applicable,Clear,bangalore kolar highway,Nandi grand hotel,5km,0.0,0.0
Bengaluru Dist,Hosakote PS,1.0442e+16,2016,1,1,Road Accidents,Y Junction,City/Town,Open area,Human Error,No,Simple Injury,Hit pedestrian,Uncontrolled,Others,NH,Bitumen(Tar),Dry,Not Applicable,Clear,bangalore kolar highway,dandupalya gate,4km,0.0,0.0
Bengaluru Dist,Hosakote PS,1.0442e+16,2016,1,2,Road Accidents,Narrow road,Rural Areas,Near Bus stop,Not Applicable,No,Simple Injury,Not Applicable,Uncontrolled,Curve,NH,Bitumen(Tar),Dry,Not Applicable,Fine,hosakote sulibele road,chikkalokkandahalli,5km,0.0,0.0
Bengaluru Dist,Hosakote PS,1.0442e+16,2016,1,1,Road Accidents,Narrow road,Rural Areas,Near Hospital,Not Applicable,No,Fatal,Head on,Uncontrolled,Not Applicable,NH,Bitumen(Tar),Dry,Not Applicable,Fine,bangalore kolar nh-75road,near mvj hosapetal,4km,0.0,0.0
Bengaluru Dist,Hosakote PS,1.0442e+16,2016,1,1,Not Applicable,Other,Rural Areas,Open area,Human Error,No,Damage Only,Others,Uncontrolled,Not Applicable,NH,Bitumen(Tar),Dry,Not Applicable,Clear,NH,MVJ Hospital,4 km,0.0,0.0
Bengaluru Dist,Hosakote PS,1.0442e+16,2016,1,1,Road Accidents,Other,Rural Areas,Open area,Human Error,Yes,Simple Injury,Others,Uncontrolled,Others,Others,Bitumen(Tar),Dry,Not Applicable,Clear,SH,chikkahullur gate,10 KM,0.0,0.0
Bengaluru Dist,Hosakote PS,1.0442e+16,2016,1,2,Road Accidents,Other,Rural Areas,Open area,Human Error,No,Simple Injury,Others,Uncontrolled,Others,NH,Bitumen(Tar),Dry,Not Applicable,Clear,bamgalore kolar highway,Near Sultan Hotel,5 Km,0.0,0.0
Bengaluru Dist,Hosakote PS,1.0442e+16,2016,1,2,Road Accidents,Other,City/Town,Near Bus stop,Human Error,No,Simple Injury,Others,Uncontrolled,Others,NH,Not Applicable,Dry,Not Applicable,Clear,kolar bangalore nh-75road,Near Gowtham Circle,2 KM,0.0,0.0
Bengaluru Dist,Hosakote PS,1.0442e+16,2016,1,1,Road Accidents,Other,City/Town,Near Bus stop,Human Error,No,Grievous Injury,Others,Uncontrolled,Others,Others,Bitumen(Tar),Dry,Not Applicable,Clear,"K.R.Road, Hosakote Town",Near Balaji Bakeary,1 KM,0.0,0.0
Bengaluru Dist,Hosakote PS,1.0442e+16,2016,1,2,Road Accidents,Other,City/Town,Open area,Human Error,No,Damage Only,Others,Uncontrolled,Others,NH,Bitumen(Tar),Dry,Not Applicable,Clear,Kolar-Bangalore NH-75 Road,Near  Santhe Gate,2 km,0.0,0.0
Bengaluru Dist,Hosakote PS,1.0442e+16,2016,1,2,Road Accidents,Other,City/Town,Open area,Human Error,No,Simple Injury,Others,Uncontrolled,Others,Others,Bitumen(Tar),Others,Not Applicable,Clear,Bangalore-Kolar NH 75 Road,Near IB Circle,1/2 km,0.0,0.0
Bengaluru Dist,Hosakote PS,1.0442e+16,2016,1,2,Road Accidents,Other,Rural Areas,Near Bus stop,Human Error,No,Simple Injury,Others,Uncontrolled,Others,NH,Bitumen(Tar),Dry,Not Applicable,Clear,hosakote sulibele road,upparahalli gate,3km,0.0,0.0
Bengaluru Dist,Hosakote PS,1.0442e+16,2016,1,2,Road Accidents,Other,Rural Areas,Near a factory industrial area,Human Error,No,Simple Injury,Others,Uncontrolled,Straight and flat,Minor District Road,Bitumen(Tar),Dry,Not Applicable,Clear,hosakote shidlaghatta roads,near dairy,5km,0.0,0.0
Bengaluru Dist,Hosakote PS,1.0442e+16,2016,1,1,Road Accidents,Other,City/Town,Near office complex,Human Error,No,Fatal,Skidding or Self accident,Uncontrolled,Straight and flat,NH,Bitumen(Tar),Dry,Not Applicable,Clear,bangalore kolar highway,Commercial tax chech post,500mtr,0.0,0.0
Bengaluru Dist,Hosakote PS,1.0442e+16,2016,1,1,Road Accidents,Other,Rural Areas,Open area,Human Error,No,Simple Injury,Others,Uncontrolled,Others,Village Road,Bitumen(Tar),Dry,Not Applicable,Clear,kannurahalli road,suddugunte tank,4km,0.0,0.0
Bengaluru Dist,Hosakote PS,1.0442e+16,2016,1,2,Road Accidents,Other,Rural Areas,Near a recreation place/cinema,Human Error,No,Fatal,Hit parked vehicle,Uncontrolled,Others,NH,Bitumen(Tar),Dry,Not Applicable,Clear,bangalore kolar highway,near highway dhaba,4km,0.0,0.0
Bengaluru Dist,Hosakote PS,1.0442e+16,2016,1,2,Road Accidents,Other,City/Town,Near Bus stop,Human Error,Yes,Simple Injury,Others,Uncontrolled,Others,NH,Bitumen(Tar),Ditch or Potholed,No influence on accident,Clear,bangalore kolar highway,honda showroom,3km,0.0,0.0
Bengaluru Dist,Hosakote PS,1.0442e+16,2016,1,21,Road Accidents,Other,City/Town,Near a recreation place/cinema,Human Error,No,Simple Injury,Hit parked vehicle,Uncontrolled,Others,NH,Bitumen(Tar),Dry,Not Applicable,Clear,bangalore kolar highway,near sultan dhaba,4km,0.0,0.0
Bengaluru Dist,Hosakote PS,1.0442e+16,2016,1,2,Road Accidents,Other,City/Town,Near office complex,Human Error,No,Damage Only,Others,Uncontrolled,Straight and flat,NH,Bitumen(Tar),Dry,Not Applicable,Clear,bangalore kolar highway,near tata showroom,2km,0.0,0.0
Bengaluru Dist,Hosakote PS,1.0442e+16,2016,1,2,Road Accidents,Other,City/Town,Near a recreation place/cinema,Human Error,No,Simple Injury,Others,Uncontrolled,Straight and flat,NH,Bitumen(Tar),Dry,Not Applicable,Clear,bangalore kolar highway,near RV Lodge,2km,0.0,0.0
Bengaluru Dist,Hosakote PS,1.0442e+16,2016,1,1,Road Accidents,Circle,City/Town,Near Bus stop,Human Error,No,Grievous Injury,Others,Uncontrolled,Hump,NH,Bitumen(Tar),Dry,Not Applicable,Fine,bamgalore kolar highway,ib circle,1/2 km,0.0,0.0
Bengaluru Dist,Hosakote PS,1.0442e+16,2016,1,2,Road Accidents,Other,City/Town,Open area,Human Error,No,Simple Injury,Others,Uncontrolled,Not Applicable,NH,Bitumen(Tar),Not Applicable,Not Applicable,Clear,"Bangalore-Kolar NH-75 Road, Near Toll",Near Toll,4 km,0.0,0.0
Bengaluru Dist,Hosakote PS,1.0442e+16,2016,1,1,Not Applicable,Other,City/Town,Open area,Human Error,No,Simple Injury,Others,Uncontrolled,Others,City or Town Road,Bitumen(Tar),Dry,Not Applicable,Clear,bamgalore kolar highway,Near IB Circle,1 km,0.0,0.0
Bengaluru Dist,Hosakote PS,1.0442e+16,2016,1,1,Not Applicable,Other,City/Town,Open area,Human Error,No,Simple Injury,Others,Uncontrolled,Others,Others,Bitumen(Tar),Dry,Not Applicable,Clear,"Bangalore-Kolar NH-75 Road, Near MSIL",Near MSIL,1 KM,0.0,0.0
Bengaluru Dist,Hosakote PS,1.0442e+16,2016,1,1,Road Accidents,Other,City/Town,Near Bus stop,Human Error,No,Simple Injury,Others,Uncontrolled,Others,NH,Bitumen(Tar),Not Applicable,Not Applicable,Clear,bamgalore kolar highway,Near Ragiruchi Hotel,1 KM,0.0,0.0
Bengaluru Dist,Hosakote PS,1.0442e+16,2016,1,1,Road Accidents,Narrow road,Rural Areas,Narrow bridge or culverts,Human Error,No,Simple Injury,Not Applicable,No signal lights,Curve,Others,Bitumen(Tar),Not Applicable,Not Applicable,Fine,maluru road,5km,10km,0.0,0.0
Bengaluru Dist,Hosakote PS,1.0442e+16,2016,1,2,Road Accidents,Other,City/Town,Open area,Human Error,No,Simple Injury,Others,Uncontrolled,Others,NH,Bitumen(Tar),Others,Not Applicable,Clear,Kolar-Bangalore NH75 Road,Gowtham Circle,2 km,0.0,0.0
Bengaluru Dist,Hosakote PS,1.0442e+16,2016,1,2,Road Accidents,Other,Rural Areas,Open area,Human Error,No,Simple Injury,Others,Uncontrolled,Others,NH,Bitumen(Tar),Dry,Not Applicable,Clear,bangalore kolar highway,KOLATUR gate,4km,0.0,0.0
Bengaluru Dist,Hosakote PS,1.0442e+16,2016,1,2,Road Accidents,Other,City/Town,Near office complex,Human Error,No,Simple Injury,Others,Uncontrolled,Others,NH,Bitumen(Tar),Ditch or Potholed,Not Applicable,Clear,bangalore kolar highway,toll plaza,1km,0.0,0.0
Bengaluru Dist,Hosakote PS,1.0442e+16,2016,1,2,Road Accidents,Bridge,Rural Areas,Near School or College,Not Applicable,No,Simple Injury,Head on,Uncontrolled,Curve,NH,Bitumen(Tar),Dry,Not Applicable,Fine,banagalore kolar 75 road,kaveri bekari near,2km,0.0,0.0
Bengaluru Dist,Hosakote PS,1.0442e+16,2016,1,2,Road Accidents,Other,Rural Areas,Open area,Human Error,No,Fatal,Others,Uncontrolled,Others,NH,Bitumen(Tar),Dry,Not Applicable,Clear,bangalore kolar highway,gottipura gate,8km,0.0,0.0
Bengaluru Dist,Hosakote PS,1.0442e+16,2016,1,2,Road Accidents,Other,Rural Areas,Near or inside a village,Not Applicable,No,Simple Injury,Not Applicable,Uncontrolled,Not Applicable,Others,Bitumen(Tar),Dry,Not Applicable,Fine,gangamana gudi road,ganagamanagudi road,2km,0.0,0.0
Bengaluru Dist,Hosakote PS,1.0442e+16,2016,1,2,Road Accidents,Other,Rural Areas,Open area,Human Error,No,Simple Injury,Others,Uncontrolled,Others,NH,Bitumen(Tar),Dry,Not Applicable,Clear,NH,attivatta gate,10 Km,0.0,0.0
Bengaluru Dist,Hosakote PS,1.0442e+16,2016,1,2,Road Accidents,Other,City/Town,Open area,Human Error,No,Damage Only,Others,Uncontrolled,Others,Others,Bitumen(Tar),Dry,Not Applicable,Clear,NH,Near Toll,5 KM,0.0,0.0
Bengaluru Dist,Hosakote PS,1.0442e+16,2016,1,2,Not Applicable,Other,City/Town,Open area,Human Error,No,Simple Injury,Others,Uncontrolled,Others,NH,Bitumen(Tar),Dry,Not Applicable,Clear,Bangalore-Kolar NH 75 Road,Near Toll,3 KM,0.0,0.0
Bengaluru Dist,Hosakote PS,1.0442e+16,2016,1,1,Road Accidents,Other,City/Town,Near Bus stop,Human Error,No,Grievous Injury,Others,Uncontrolled,Others,Others,Not Applicable,Not Applicable,Not Applicable,Clear,kolar bangalore nh-75road,Near LG Residence Lodge,1 km,0.0,0.0
Bengaluru Dist,Hosakote PS,1.0442e+16,2016,1,1,Road Accidents,Other,City/Town,Open area,Human Error,No,Simple Injury,Others,Uncontrolled,Others,NH,Bitumen(Tar),Others,Not Applicable,Others,kolar bangalore nh-75road,Near Akashvani,1 KM,0.0,0.0
Bengaluru Dist,Hosakote PS,1.0442e+16,2016,1,1,Road Accidents,Other,City/Town,Open area,Human Error,No,Damage Only,Others,Uncontrolled,Others,Others,Not Applicable,Dry,Not Applicable,Others,kolar bangalore nh-75road,Near Toll Plaza,5 KM,0.0,0.0
Bengaluru Dist,Hosakote PS,1.0442e+16,2016,1,2,Road Accidents,Other,Rural Areas,Open area,Human Error,Yes,Simple Injury,Others,Uncontrolled,Others,Not Applicable,Bitumen(Tar),Dry,Not Applicable,Clear,bangalore kolar highway,nidhaghatta gate,"10km,",0.0,0.0
Bengaluru Dist,Hosakote PS,1.0442e+16,2016,1,2,Road Accidents,Other,Rural Areas,Open area,Human Error,No,Simple Injury,Others,Uncontrolled,Others,NH,Bitumen(Tar),Dry,Not Applicable,Clear,bangalore kolar highway,nidhaghatta gate,10km,0.0,0.0
Bengaluru Dist,Hosakote PS,1.0442e+16,2016,1,2,Road Accidents,Other,Rural Areas,Open area,Human Error,No,Simple Injury,Others,Uncontrolled,Straight and flat,Village Road,Bitumen(Tar),Dry,Not Applicable,Clear,hosakote malur road,haralur gate,5km,0.0,0.0
Bengaluru Dist,Hosakote PS,1.0442e+16,2016,1,2,Road Accidents,Narrow road,Villages settlement,Near School or College,Human Error,No,Simple Injury,Head on,Not at  Junction,Curve,Others,Bitumen(Tar),Dry,Not Applicable,Fine,HOSAKOTE MALURU ROAD,alamin college,3KM,0.0,0.0
Bengaluru Dist,Hosakote PS,1.0442e+16,2016,1,1,Road Accidents,Other,Rural Areas,Near Bus stop,Human Error,No,Fatal,Hit pedestrian,Uncontrolled,Others,NH,Bitumen(Tar),Dry,Not Applicable,Clear,bangalore kolar highway,attur gate,8km,0.0,0.0
Bengaluru Dist,Hosakote PS,1.0442e+16,2016,1,1,Road Accidents,Other,City/Town,Near Hospital,Human Error,Yes,Fatal,Hit pedestrian,Uncontrolled,Straight and flat,NH,Bitumen(Tar),Dry,Not Applicable,Clear,bangalore kolar highway,mvj hospital,4km,0.0,0.0
Bengaluru Dist,Hosakote PS,1.0442e+16,2016,1,1,Road Accidents,Other,City/Town,Near office complex,Human Error,Yes,Simple Injury,Hit pedestrian,Uncontrolled,Others,NH,Bitumen(Tar),Dry,No influence on accident,Clear,hosakote chikka thirupathi road,near More Circle,1.5km,0.0,0.0
Bengaluru Dist,Hosakote PS,1.0442e+16,2016,1,1,Road Accidents,Other,City/Town,Residential area,Human Error,No,Damage Only,Others,Not Applicable,Not Applicable,NH,Bitumen(Tar),Dry,Not Applicable,Clear,NH75 ROAD,NEAR LANCO TOLL,1KM,0.0,0.0
Bengaluru Dist,Hosakote PS,1.0442e+16,2016,1,1,Road Accidents,Rail Crossing manned,City/Town,Near Hospital,Human Error,No,Damage Only,Hit fixed object,Uncontrolled,Others,NH,Bitumen(Tar),Dry,Not Applicable,Clear,bangalore kolar highway,mvj hospital,4km,0.0,0.0
Bengaluru Dist,Hosakote PS,1.0442e+16,2016,1,2,Road Accidents,Other,City/Town,Near office complex,Human Error,No,Simple Injury,Others,Uncontrolled,Others,NH,Bitumen(Tar),Dry,Not Applicable,Clear,bangalore kolar highway,toll plaza,1km,0.0,0.0
Bengaluru Dist,Hosakote PS,1.0442e+16,2016,1,2,Road Accidents,Narrow road,City/Town,Near Bus stop,Human Error,Not Applicable,Grievous Injury,Others,Not Applicable,Not Applicable,NH,Bitumen(Tar),Dry,Not Applicable,Clear,NH-75 ROAD,NEAR AKRUTHI JEWELLER,1KM,0.0,0.0
Bengaluru Dist,Hosakote PS,1.0442e+16,2016,1,2,Road Accidents,Narrow road,Rural Areas,Near Hospital,Human Error,No,Simple Injury,Hit fixed object,Uncontrolled,Curve,NH,Bitumen(Tar),Dry,Not Applicable,Fine,bangalore kolar 75 road,NEAR MVJ HOSAPETOL,4km,0.0,0.0
Bengaluru Dist,Hosakote PS,1.0442e+16,2016,1,1,Road Accidents,Other,Rural Areas,Open area,Human Error,No,Fatal,Others,Uncontrolled,Others,Others,Bitumen(Tar),Others,Not Applicable,Clear,kolar bangalore nh-75road,Near Nandi Grand Hotel,10 km,0.0,0.0
Bengaluru Dist,Hosakote PS,1.0442e+16,2016,1,2,Not Applicable,Other,Rural Areas,Open area,Human Error,No,Simple Injury,Others,Controlled,Others,Others,Bitumen(Tar),Dry,Not Applicable,Others,Hosakote-Sulibele Road,Near Venkatapura Gate,6 km,0.0,0.0
Bengaluru Dist,Hosakote PS,1.0442e+16,2016,1,2,Road Accidents,Bridge,Not Applicable,Near School or College,Human Error,No,Simple Injury,Head on,Uncontrolled,Curve,NH,Bitumen(Tar),Dry,Not Applicable,Fine,nh-75 road,lanko toll,5km,0.0,0.0
Bengaluru Dist,Hosakote PS,1.0442e+16,2016,1,2,Road Accidents,Other,Rural Areas,Residential area,Human Error,No,Simple Injury,Others,Uncontrolled,Others,Minor District Road,Bitumen(Tar),Dry,Not Applicable,Clear,hosakote shidlaghatta roads,Royal layout,5km,0.0,0.0
Bengaluru Dist,Hosakote PS,1.0442e+16,2016,1,2,Road Accidents,Other,City/Town,Near a recreation place/cinema,Human Error,No,Simple Injury,Others,Uncontrolled,Others,Not Applicable,Bitumen(Tar),Dry,Not Applicable,Clear,hosakote chikka thirupathi road,nandashree choultry,3km,0.0,0.0
Bengaluru Dist,Hosakote PS,1.0442e+16,2016,1,2,Road Accidents,Other,City/Town,Residential area,Human Error,No,Simple Injury,Others,Uncontrolled,Others,NH,Bitumen(Tar),Dry,Not Applicable,Clear,hosakote chikka thirupathi road,3rd coss vinayaknagar,2km,0.0,0.0
Bengaluru Dist,Hosakote PS,1.0442e+16,2016,1,1,Road Accidents,Other,City/Town,Near office complex,Human Error,No,Damage Only,Hit fixed object,Uncontrolled,Others,NH,Bitumen(Tar),Dry,Not Applicable,Clear,bangalore kolar highway,Commercial tax chech post,500mtr,0.0,0.0
Bengaluru Dist,Hosakote PS,1.0442e+16,2016,1,1,Road Accidents,Other,City/Town,Open area,Human Error,No,Simple Injury,Hit pedestrian,Uncontrolled,Others,NH,Bitumen(Tar),Dry,Not Applicable,Clear,hosakote chikka thirupathi road,muniyappa layout,2.5km,0.0,0.0
Bengaluru Dist,Hosakote PS,1.0442e+16,2016,1,2,Road Accidents,Not Applicable,Rural Areas,Near Bus stop,Not Applicable,No,Simple Injury,Head on,Uncontrolled,Incline,NH,Bitumen(Tar),Dry,Not Applicable,Fine,kolar bangalore nh-75road,gottipura gete,7km,0.0,0.0
Bengaluru Dist,Hosakote PS,1.0442e+16,2016,1,1,Road Accidents,Other,City/Town,Near Hospital,Not Applicable,No,Damage Only,Others,Uncontrolled,Others,NH,Bitumen(Tar),Dry,Not Applicable,Clear,NH,Gowtham Coloney,1 km,0.0,0.0
Bengaluru Dist,Hosakote PS,1.0442e+16,2016,1,1,Road Accidents,Other,Rural Areas,Open area,Human Error,No,Fatal,Others,Uncontrolled,Others,NH,Bitumen(Tar),Dry,Not Applicable,Clear,Bangalore-Kolar NH-75 Road,Near Halasahalli Gate,10 km,0.0,0.0
Bengaluru Dist,Hosakote PS,1.0442e+16,2016,1,2,Road Accidents,Other,Rural Areas,Open area,Human Error,No,Simple Injury,Others,Uncontrolled,Others,State Highway,Not Applicable,Others,Not Applicable,Clear,hosakote malur road,Near Kannurahalli Dinne,8 km,0.0,0.0
Bengaluru Dist,Hosakote PS,1.0442e+16,2016,1,2,Road Accidents,Narrow road,Rural Areas,Near Bus stop,Not Applicable,No,Simple Injury,Head on,Not Applicable,Curve,NH,Bitumen(Tar),Dry,Not Applicable,Fine,NH207,UPPARAHALLI,2.5km,0.0,0.0
Bengaluru Dist,Hosakote PS,1.0442e+16,2016,1,1,Road Accidents,Other,Rural Areas,Near a recreation place/cinema,Human Error,No,Fatal,Hit pedestrian,Uncontrolled,Others,NH,Bitumen(Tar),Dry,Not Applicable,Clear,bangalore kolar highway,Nandi grand hotel,6km,0.0,0.0
Bengaluru Dist,Hosakote PS,1.0442e+16,2016,1,2,Road Accidents,Other,City/Town,Near office complex,Human Error,No,Fatal,Others,Uncontrolled,Others,NH,Bitumen(Tar),Dry,Not Applicable,Clear,bangalore kolar highway,Commercial tax chech post,500mtr,0.0,0.0
Bengaluru Dist,Hosakote PS,1.0442e+16,2016,1,6,Road Accidents,Other,Rural Areas,Near a factory industrial area,Human Error,No,Damage Only,Others,Stop sign,Others,NH,Bitumen(Tar),Dry,Not Applicable,Clear,bangalore kolar highway,Nandi grand hotel,6km,0.0,0.0
Bengaluru Dist,Hosakote PS,1.0442e+16,2016,1,2,Road Accidents,Other,City/Town,Open area,Human Error,No,Simple Injury,Others,Uncontrolled,Others,NH,Bitumen(Tar),Dry,Not Applicable,Cloudy,hosakote sulibele road,eedgha masjid,500mtr,0.0,0.0
Bengaluru Dist,Hosakote PS,1.0442e+16,2016,1,2,Road Accidents,Offset,Villages settlement,Near or inside a village,Human Error,No,Simple Injury,Hit animal,Uncontrolled,Hump,NH,Bitumen(Tar),Dry,Not Applicable,Fine,OTRHER ROAD,K K LAYOUT,2KM,0.0,0.0
Bengaluru Dist,Hosakote PS,1.0442e+16,2016,1,1,Road Accidents,Other,Rural Areas,Open area,Human Error,Yes,Fatal,Hit pedestrian,Uncontrolled,Others,NH,Bitumen(Tar),Dry,Not Applicable,Clear,bangalore kolar highway,gottipura gate,8km,0.0,0.0
Bengaluru Dist,Hosakote PS,1.0442e+16,2016,1,2,Road Accidents,Other,City/Town,Narrow bridge or culverts,Human Error,No,Simple Injury,Others,Uncontrolled,Others,City or Town Road,Bitumen(Tar),Dry,Not Applicable,Clear,bangalore kolar highway,near keb circle,500mtr,0.0,0.0
Bengaluru Dist,Hosakote PS,1.0442e+16,2016,1,1,Road Accidents,Other,City/Town,Open area,Human Error,No,Fatal,Hit pedestrian,Uncontrolled,Others,State Highway,Bitumen(Tar),Dry,Not Applicable,Dust Storn,hosakote chintamani road,near siddharthanagar,3km,0.0,0.0