DISTRICTNAME,UNITNAME,Crime_No,Year,RI,Noofvehicle_involved,Accident_Classification,Accident_Spot,Accident_Location,Accident_SubLocation,Main_Cause,Hit_Run,Severity,Collision_Type,Junction_Control,Road_Character,Road_Type,Surface_Type,Surface_Condition,Road_Condition,Weather,Accident_Road,Landmark_first,Distance_LandMark_First,Latitude,Longitude
Bengaluru Dist,Hosakote PS,1.0442e+16,2016,1,2,Not Applicable,Cross roads,City/Town,Open area,Human Error,No,Simple Injury,Others,Uncontrolled,Others,NH,Bitumen(Tar),Dry,Not Applicable,Clear,NH,Near Lanco Toll,3 KM,0.0,0.0
Bengaluru Dist,Hosakote PS,1.0442e+16,2016,1,2,Not Applicable,Other,City/Town,Open area,Human Error,No,Simple Injury,Others,Uncontrolled,Others,Others,Not Applicable,Dry,Not Applicable,Clear,Sh,doddahullur gate,10 Km,0.0,0.0
Bengaluru Dist,Hosakote PS,1.0442e+16,2016,1,2,Road Accidents,Other,City/Town,Open area,Human Error,Yes,Damage Only,Others,Uncontrolled,Others,Others,Bitumen(Tar),Dry,Not Applicable,Clear,NH,Doopanahalli Muniyappa Layout,5 Km,0.0,0.0
Bengaluru Dist,Hosakote PS,1.0442e+16,2016,1,2,Road Accidents,Circle,City/Town,Near Bus stop,Not Applicable,No,Simple Injury,Hit and Run,Uncontrolled,Curve,NH,Bitumen(Tar),Dry,Not Applicable,Fine,koalr bangalore 75road,sulubele,5km,0.0,0.0
Bengaluru Dist,Hosakote PS,1.0442e+16,2016,1,2,Road Accidents,Other,City/Town,Near Bus stop,Human Error,No,Simple Injury,Others,Uncontrolled,Others,NH,Bitumen(Tar),Dry,Not Applicable,Clear,bangalore kolar highway,ib circle,100mtr,0.0,0.0
Bengaluru Dist,Hosakote PS,1.0442e+16,2016,1,2,Road Accidents,Other,City/Town,Near Hospital,Human Error,No,Fatal,Hit parked vehicle,Uncontrolled,Others,NH,Bitumen(Tar),Dry,Not Applicable,Clear,bangalore kolar highway,mvj hospital,4km,0.0,0.0
Bengaluru Dist,Hosakote PS,1.0442e+16,2016,1,2,Road Accidents,Circle,Not Applicable,Near School or College,Not Applicable,No,Simple Injury,Head on,Uncontrolled,Others,One way,Bitumen(Tar),Dry,Not Applicable,Fine,kolar banaglore nh-75road,atturu,9km,0.0,0.0
Bengaluru Dist,Hosakote PS,1.0442e+16,2016,1,2,Road Accidents,Other,Rural Areas,Near a religious place,Human Error,No,Fatal,Others,Uncontrolled,Others,NH,Bitumen(Tar),Dry,Not Applicable,Clear,hosakote sulibele road,near kateramma temple,4km,0.0,0.0
Bengaluru Dist,Hosakote PS,1.0442e+16,2016,1,1,Road Accidents,Other,City/Town,Near a recreation place/cinema,Human Error,No,Simple Injury,Hit pedestrian,Uncontrolled,Others,NH,Bitumen(Tar),Dry,Not Applicable,Clear,bangalore kolar highway,near harish bar,1.5km,0.0,0.0
Bengaluru Dist,Hosakote PS,1.0442e+16,2016,1,2,Road Accidents,Other,Rural Areas,Near a recreation place/cinema,Human Error,No,Fatal,Others,Uncontrolled,Others,NH,Bitumen(Tar),Dry,Not Applicable,Clear,bangalore kolar highway,sultan hotel and dhaba,4km,0.0,0.0
Bengaluru Dist,Hosakote PS,1.0442e+16,2016,1,2,Road Accidents,Other,Not Applicable,Open area,Not Applicable,No,Simple Injury,Not Applicable,Uncontrolled,Not Applicable,NH,Bitumen(Tar),Dry,Not Applicable,Fine,kolar banagalore nh-75 road,lanco toll,3km,0.0,0.0
Bengaluru Dist,Hosakote PS,1.0442e+16,2016,1,2,Road Accidents,Other,Rural Areas,Open area,Human Error,No,Fatal,Others,Uncontrolled,Not Applicable,Others,Bitumen(Tar),Not Applicable,Not Applicable,Clear,Near Taj Hotel,Taj Hotel,5 KM,0.0,0.0
Bengaluru Dist,Hosakote PS,1.0442e+16,2016,1,1,Road Accidents,Other,City/Town,Open area,Human Error,No,Simple Injury,Others,Uncontrolled,Others,NH,Bitumen(Tar),Dry,Not Applicable,Clear,Kolar-Bangalore NH75 ROad,Near R D  Bar,2 KM,0.0,0.0
Bengaluru Dist,Hosakote PS,1.0442e+16,2016,1,2,Road Accidents,Other,Not Applicable,Open area,Human Error,No,Damage Only,Others,Uncontrolled,Others,NH,Bitumen(Tar),Dry,Not Applicable,Others,Kolar-Bangalore NH 75 Road,near toll plaza,4 km,0.0,0.0
Bengaluru Dist,Hosakote PS,1.0442e+16,2016,1,2,Road Accidents,Other,City/Town,Open area,Human Error,No,Simple Injury,Others,Uncontrolled,Others,Others,Bitumen(Tar),Others,Not Applicable,Clear,Hosakote-IOC Road,ASK Layout,10 km,0.0,0.0
Bengaluru Dist,Hosakote PS,1.0442e+16,2016,1,3,Road Accidents,Other,Rural Areas,Near School or College,Human Error,No,Simple Injury,Others,Uncontrolled,Others,Minor District Road,Bitumen(Tar),Dry,Not Applicable,Cloudy,hosakote malur road,karibeeranahosahalli gate,6km,0.0,0.0
Bengaluru Dist,Hosakote PS,1.0442e+16,2016,1,2,Road Accidents,Other,Rural Areas,Open area,Human Error,No,Fatal,Others,Uncontrolled,Others,NH,Bitumen(Tar),Dry,Not Applicable,Clear,hosakote sulibele road,near gangamma temple,2km,0.0,0.0
Bengaluru Dist,Hosakote PS,1.0442e+16,2016,1,1,Road Accidents,Other,City/Town,Near Bus stop,Human Error,No,Simple Injury,Hit pedestrian,Uncontrolled,Others,NH,Bitumen(Tar),Dry,Not Applicable,Clear,bangalore kolar highway,gowthan colony,2km,0.0,0.0
Bengaluru Dist,Hosakote PS,1.0442e+16,2016,1,1,Road Accidents,Other,Rural Areas,Near a religious place,Human Error,Yes,Simple Injury,Hit pedestrian,Uncontrolled,Others,NH,Bitumen(Tar),Dry,Not Applicable,Clear,hosakote sulibele road,near kateramma temple,5km,0.0,0.0
Bengaluru Dist,Hosakote PS,1.0442e+16,2016,1,2,Road Accidents,Bridge,Rural Areas,Near Bus stop,Not Applicable,No,Simple Injury,Head on,Uncontrolled,Curve,NH,Bitumen(Tar),Others,Not Applicable,Fine,kolar bangalore nh-75 road,hosapetel near,3km,0.0,0.0
Bengaluru Dist,Hosakote PS,1.0442e+16,2016,1,2,Road Accidents,Other,City/Town,Near Hospital,Human Error,No,Fatal,Overturning,Uncontrolled,Others,NH,Bitumen(Tar),Dry,Not Applicable,Clear,bangalore kolar highway,mvj hospital,4km,0.0,0.0
Bengaluru Dist,Hosakote PS,1.0442e+16,2016,1,2,Road Accidents,Other,Rural Areas,Open area,Human Error,No,Simple Injury,Others,Uncontrolled,Others,NH,Bitumen(Tar),Dry,Not Applicable,Clear,bamgalore kolar highway Near Mylapura  Gate,mylapura gate,15 KM,0.0,0.0
Bengaluru Dist,Hosakote PS,1.0442e+16,2016,1,2,Road Accidents,Culvert,Rural Areas,Near a religious place,Not Applicable,Not Applicable,Simple Injury,Head on,Uncontrolled,Others,NH,Bitumen(Tar),Others,Not Applicable,Fine,bangalore kolar 75road,sadana tater,5km,0.0,0.0
Bengaluru Dist,Hosakote PS,1.0442e+16,2016,1,2,Road Accidents,Other,City/Town,Open area,Human Error,No,Simple Injury,Others,Uncontrolled,Others,NH,Bitumen(Tar),Dry,Not Applicable,Clear,Hosakote-Sulibele Road,Near Lakkondanahalli,10 KM,0.0,0.0
Bengaluru Dist,Hosakote PS,1.0442e+16,2016,1,2,Road Accidents,Other,City/Town,Open area,Human Error,No,Simple Injury,Others,Uncontrolled,Others,Others,Not Applicable,Others,Not Applicable,Others,bamgalore kolar highway Near Lanco Toll Plaza,Near Lnco Toll Plaza,3 km,0.0,0.0
Bengaluru Dist,Hosakote PS,1.0442e+16,2016,1,2,Road Accidents,Other,Rural Areas,Open area,Human Error,No,Fatal,Others,Uncontrolled,Others,Others,Not Applicable,Others,Not Applicable,Clear,Kolar-Bangalore NH 75 Road,Near Haraluru Village,15 km,0.0,0.0
Bengaluru Dist,Hosakote PS,1.0442e+16,2016,1,1,Road Accidents,Other,City/Town,Near Hospital,Vehicle Defect,No,Simple Injury,Skidding or Self accident,Uncontrolled,Others,NH,Bitumen(Tar),Dry,Not Applicable,Clear,bangalore kolar highway,mvj hospital,4km,0.0,0.0
Bengaluru Dist,Hosakote PS,1.0442e+16,2016,1,2,Road Accidents,Narrow road,Not Applicable,Near Bus stop,Human Error,No,Simple Injury,Not Applicable,Uncontrolled,Others,NH,Bitumen(Tar),Dry,Not Applicable,Fine,KOLAR-BENGALURU NH-75,KEB BRIDGE,1KM,0.0,0.0
Bengaluru Dist,Hosakote PS,1.0442e+16,2016,1,1,Road Accidents,Other,Rural Areas,Open area,Human Error,No,Damage Only,Skidding or Self accident,Uncontrolled,Others,NH,Bitumen(Tar),Dry,Not Applicable,Clear,bangalore kolar highway,ATTIVATTA gate,8km,0.0,0.0
Bengaluru Dist,Hosakote PS,1.0442e+16,2016,1,2,Road Accidents,Other,City/Town,Near Bus stop,Human Error,No,Damage Only,Others,Uncontrolled,Others,NH,Bitumen(Tar),Dry,Not Applicable,Clear,bangalore kolar highway,santhe gate fly over,3km,0.0,0.0
Bengaluru Dist,Hosakote PS,1.0442e+16,2016,1,2,Road Accidents,Other,City/Town,Near Hospital,Human Error,No,Fatal,Others,Uncontrolled,Straight and flat,NH,Bitumen(Tar),Dry,Not Applicable,Clear,bangalore kolar highway,grand edifice apartment,1km,0.0,0.0
Bengaluru Dist,Hosakote PS,1.0442e+16,2016,1,2,Road Accidents,Other,City/Town,Near School or College,Human Error,No,Fatal,Hit pedestrian,Uncontrolled,Others,NH,Bitumen(Tar),Dry,Not Applicable,Clear,hosakote chikka thirupathi road,near boys college,2km,0.0,0.0
Bengaluru Dist,Hosakote PS,1.0442e+16,2016,1,2,Road Accidents,Other,City/Town,Near a religious place,Human Error,No,Simple Injury,Others,Uncontrolled,Straight and flat,NH,Bitumen(Tar),Dry,Not Applicable,Clear,bangalore kolar highway,near Fathima church,500mtr,0.0,0.0
Bengaluru Dist,Hosakote PS,1.0442e+16,2016,1,1,Road Accidents,Narrow road,Rural Areas,Open area,Human Error,No,Damage Only,Others,Uncontrolled,Others,NH,Bitumen(Tar),Dry,Not Applicable,Clear,NH,kolatur gate,5 KM,0.0,0.0
Bengaluru Dist,Hosakote PS,1.0442e+16,2016,1,2,Not Applicable,Other,City/Town,Open area,Human Error,No,Fatal,Not Applicable,Uncontrolled,Others,NH,Bitumen(Tar),Dry,Not Applicable,Clear,NH,Near Nandi Grand Hotel,10 KM,0.0,0.0
Bengaluru Dist,Hosakote PS,1.0442e+16,2016,1,2,Not Applicable,Not Applicable,City/Town,Near Hospital,Human Error,No,Damage Only,Others,Uncontrolled,Others,NH,Bitumen(Tar),Dry,Not Applicable,Clear,NH,gowtham colony,2 KM,0.0,0.0
Bengaluru Dist,Hosakote PS,1.0442e+16,2016,1,2,Road Accidents,Cross roads,Rural Areas,Near or inside a village,Human Error,No,Damage Only,Not Applicable,Uncontrolled,Others,Others,Bitumen(Tar),Dry,Not Applicable,Others,HOSAKOTE MALURU ROAD,JADIGENAHALLI,15KM,0.0,0.0
Bengaluru Dist,Hosakote PS,1.0442e+16,2016,1,2,Road Accidents,Narrow road,Rural Areas,Open area,Not Applicable,No,Simple Injury,Head on,Uncontrolled,Curve,NH,Bitumen(Tar),Dry,Not Applicable,Fine,nh-75road,lanko toll,2km,0.0,0.0
Bengaluru Dist,Hosakote PS,1.0442e+16,2016,1,2,Road Accidents,Circle,Villages settlement,Open area,Not Applicable,No,Simple Injury,Head on,Uncontrolled,Curve,NH,Bitumen(Tar),Dry,Not Applicable,Fine,bangalore kolar nh-75road,halasahalli,5km,0.0,0.0
Bengaluru Dist,Hosakote PS,1.0442e+16,2016,1,1,Road Accidents,Other,Rural Areas,Near School or College,Human Error,No,Damage Only,Skidding or Self accident,Uncontrolled,Others,NH,Bitumen(Tar),Dry,Not Applicable,Clear,bangalore kolar highway,gottipura gate,8km,0.0,0.0
Bengaluru Dist,Hosakote PS,1.0442e+16,2016,1,1,Road Accidents,Other,Rural Areas,Open area,Human Error,Yes,Fatal,Hit pedestrian,Uncontrolled,Others,Minor District Road,Bitumen(Tar),Dry,Not Applicable,Clear,hosakote malur road,haralur gate,4km,0.0,0.0
Bengaluru Dist,Hosakote PS,1.0442e+16,2016,1,2,Road Accidents,Other,Rural Areas,Open area,Human Error,No,Simple Injury,Others,Uncontrolled,Others,NH,Bitumen(Tar),Dry,Not Applicable,Clear,hosakote sulibele road,lakkondahalli gate,4km,0.0,0.0
Bengaluru Dist,Hosakote PS,1.0442e+16,2016,1,1,Road Accidents,Other,Rural Areas,Open area,Human Error,No,Fatal,Hit pedestrian,Uncontrolled,Others,NH,Bitumen(Tar),Dry,Not Applicable,Clear,bangalore kolar highway,toll plaza,1km,0.0,0.0
Bengaluru Dist,Hosakote PS,1.0442e+16,2016,1,1,Road Accidents,Other,City/Town,Near office complex,Human Error,No,Simple Injury,Hit pedestrian,Uncontrolled,Others,NH,Bitumen(Tar),Dry,Not Applicable,Clear,bangalore kolar highway,near beml show room,3km,0.0,0.0
Bengaluru Dist,Hosakote PS,1.0442e+16,2016,1,2,Road Accidents,Bridge,Rural Areas,Near Hospital,Vehicle Defect,No,Simple Injury,Head on,Uncontrolled,Curve,NH,Bitumen(Tar),Dry,Not Applicable,Fine,kalar,maluru,5km,0.0,0.0
Bengaluru Dist,Hosakote PS,1.0442e+16,2016,1,2,Road Accidents,Other,City/Town,Open area,Human Error,No,Simple Injury,Others,Uncontrolled,Not Applicable,Others,Not Applicable,Others,Not Applicable,Clear,Kolar- Bangalore NH75 Road,Near Bharath Petroleaum Bunk,2 km,0.0,0.0
Bengaluru Dist,Hosakote PS,1.0442e+16,2016,1,2,Road Accidents,Other,City/Town,Open area,Human Error,No,Fatal,Others,Uncontrolled,Others,Others,Bitumen(Tar),Dry,Not Applicable,Clear,kolar-Bangalore  Nh 75 ROad,Near Gowtham Coloney Circle,3 km,0.0,0.0
Bengaluru Dist,Hosakote PS,1.0442e+16,2016,1,2,Road Accidents,Narrow road,Rural Areas,Near Bus stop,Human Error,Yes,Damage Only,Hit animal,Not at  Junction,Curve,Residential Street,Bitumen(Tar),Dry,Not Applicable,Others,kolar nh-75,ib circle,1/2km,0.0,0.0
Bengaluru Dist,Hosakote PS,1.0442e+16,2016,1,2,Road Accidents,Other,Rural Areas,Near Hospital,Human Error,No,Fatal,Overturning,Uncontrolled,Others,NH,Bitumen(Tar),Dry,Not Applicable,Clear,hosakote malur road,near jadigenahalli govt hospital,8km,0.0,0.0
Bengaluru Dist,Hosakote PS,1.0442e+16,2016,1,2,Road Accidents,Other,Rural Areas,Open area,Human Error,No,Simple Injury,Others,Uncontrolled,Others,NH,Bitumen(Tar),Dry,Not Applicable,Clear,bangalore kolar highway,mylapura gate,8km,0.0,0.0
Bengaluru Dist,Hosakote PS,1.0442e+16,2016,1,1,Road Accidents,Other,Rural Areas,Open area,Human Error,No,Fatal,Skidding or Self accident,Uncontrolled,Straight and flat,NH,Bitumen(Tar),Dry,Not Applicable,Clear,bangalore kolar highway,attur gate,8km,0.0,0.0
Bengaluru Dist,Hosakote PS,1.0442e+16,2016,1,2,Road Accidents,Other,Rural Areas,Open area,Human Error,No,Fatal,Others,Uncontrolled,Others,NH,Bitumen(Tar),Dry,Not Applicable,Clear,bangalore kolar highway,gottipura gate,9km,0.0,0.0
Bengaluru Dist,Hosakote PS,1.0442e+16,2016,1,1,Road Accidents,Other,City/Town,Near Hospital,Human Error,No,Damage Only,Skidding or Self accident,Uncontrolled,Others,NH,Bitumen(Tar),Dry,Not Applicable,Clear,hosakote chikka thirupathi road,near CSI Hospital,2km,0.0,0.0
Bengaluru Dist,Hosakote PS,1.0442e+16,2016,1,2,Road Accidents,Other,City/Town,Near a recreation place/cinema,Human Error,Yes,Fatal,Others,Uncontrolled,Others,NH,Bitumen(Tar),Dry,Not Applicable,Clear,bangalore kolar highway,near msil bar,2km,0.0,0.0
Bengaluru Dist,Hosakote PS,1.0442e+16,2016,1,2,Road Accidents,Other,City/Town,Near Hospital,Human Error,No,Simple Injury,Others,Uncontrolled,Others,NH,Bitumen(Tar),Dry,Not Applicable,Clear,bangalore kolar highway,santhe gate fly over,3km,0.0,0.0
Bengaluru Dist,Hosakote PS,1.0442e+16,2016,1,2,Road Accidents,Other,City/Town,Near Bus stop,Human Error,No,Simple Injury,Others,Uncontrolled,Others,NH,Bitumen(Tar),Dry,Not Applicable,Clear,bangalore kolar highway,near pwd quarters,200mtr,0.0,0.0
Bengaluru Dist,Hosakote PS,1.0442e+16,2016,1,2,Road Accidents,Other,City/Town,Near office complex,Human Error,No,Damage Only,Skidding or Self accident,Uncontrolled,Others,NH,Bitumen(Tar),Dry,Not Applicable,Clear,bangalore kolar highway,toll plaza,1km,0.0,0.0
Bengaluru Dist,Hosakote PS,1.0442e+16,2016,1,1,Road Accidents,Other,Rural Areas,Near Bus stop,Not Applicable,No,Fatal,Head on,Uncontrolled,Others,State Highway,Bitumen(Tar),Dry,Not Applicable,Fine,chinthamani road,chikkahulluru gete,5km,0.0,0.0
Bengaluru Dist,Hosakote PS,1.0442e+16,2016,1,3,Road Accidents,Other,City/Town,Near Hospital,Human Error,No,Simple Injury,Others,Uncontrolled,Others,Others,Bitumen(Tar),Dry,Not Applicable,Clear,NH,santhe gate,1km,0.0,0.0
Bengaluru Dist,Hosakote PS,1.0442e+16,2016,1,1,Road Accidents,Other,Not Applicable,Open area,Human Error,No,Damage Only,Others,Uncontrolled,Others,NH,Bitumen(Tar),Dry,Pot holed,Clear,NH,halasalli gate,10 KM,0.0,0.0
Bengaluru Dist,Hosakote PS,1.0442e+16,2016,1,2,Road Accidents,Other,Rural Areas,Open area,Human Error,No,Damage Only,Others,Uncontrolled,Others,State Highway,Bitumen(Tar),Dry,Not Applicable,Clear,"Hosakote-Maluru Road, Near Jadigenahalli",Jadigenahalli Village,15 km,0.0,0.0
Bengaluru Dist,Hosakote PS,1.0442e+16,2016,1,2,Road Accidents,Other,City/Town,Open area,Human Error,No,Simple Injury,Others,Uncontrolled,Others,NH,Bitumen(Tar),Not Applicable,Not Applicable,Clear,"Bangalore _Kolar NH-75 Road, Near MSIL",Near MSIL,2 KM,0.0,0.0
Bengaluru Dist,Hosakote PS,1.0442e+16,2016,1,1,Road Accidents,Other,Rural Areas,Open area,Human Error,No,Grievous Injury,Others,Uncontrolled,Others,NH,Not Applicable,Others,Not Applicable,Clear,kolar bangalore nh-75road,Near Halasahalli Gate,8 km,0.0,0.0
Bengaluru Dist,Hosakote PS,1.0442e+16,2016,1,2,Road Accidents,Other,Rural Areas,Residential area,Human Error,No,Simple Injury,Others,Uncontrolled,Others,State Highway,Bitumen(Tar),Dry,Not Applicable,Clear,hosakote chintamani road,near siddharthanagar,3km,0.0,0.0
Bengaluru Dist,Hosakote PS,1.0442e+16,2016,1,1,Road Accidents,Other,City/Town,Near office complex,Human Error,No,Simple Injury,Hit pedestrian,Uncontrolled,Others,Service Road,Bitumen(Tar),Dry,Not Applicable,Clear,bangalore kolar highway,near toll plaza,1km,0.0,0.0
Bengaluru Dist,Hosakote PS,1.0442e+16,2016,1,2,Road Accidents,Other,City/Town,Open area,Human Error,No,Simple Injury,Others,Uncontrolled,Others,NH,Not Applicable,Others,Not Applicable,Clear,Nh,Near Toll,4 KM,0.0,0.0
Bengaluru Dist,Hosakote PS,1.0442e+16,2016,1,3,Road Accidents,Other,City/Town,Open area,Human Error,No,Damage Only,Others,Uncontrolled,Others,NH,Bitumen(Tar),Not Applicable,Not Applicable,Clear,bamgalore kolar highway,Near  MSIL,2km,0.0,0.0
Bengaluru Dist,Hosakote PS,1.0442e+16,2016,1,2,Road Accidents,Other,Rural Areas,Open area,Human Error,No,Simple Injury,Others,Uncontrolled,Others,NH,Bitumen(Tar),Dry,Not Applicable,Clear,Banglaore-Kolar NH-75 Road,Near Hotel High way,3 KM,0.0,0.0
Bengaluru Dist,Hosakote PS,1.0442e+16,2016,1,2,Road Accidents,Bridge,Not Applicable,Narrow bridge or culverts,Human Error,No,Not Applicable,Drowned,Not Applicable,Curve,NH,Bitumen(Tar),Not Applicable,Not Applicable,Fine,nh-75road,kolar,5km,0.0,0.0
Bengaluru Dist,Hosakote PS,1.0442e+16,2016,1,2,Road Accidents,Circle,Rural Areas,Near Bus stop,Not Applicable,No,Simple Injury,Hit and Run,Uncontrolled,Curve,NH,Bitumen(Tar),Others,Not Applicable,Fine,kolar bangalore nh-75road,channapura gete,5km,0.0,0.0
Bengaluru Dist,Hosakote PS,1.0442e+16,2016,1,2,Road Accidents,Other,City/Town,Near office complex,Human Error,No,Simple Injury,Others,Uncontrolled,Others,Service Road,Bitumen(Tar),Dry,Not Applicable,Clear,bangalore kolar highway,toll plaza,1km,0.0,0.0
Bengaluru Dist,Hosakote PS,1.0442e+16,2016,1,2,Road Accidents,Other,City/Town,Near a recreation place/cinema,Human Error,No,Simple Injury,Others,Uncontrolled,Others,NH,Bitumen(Tar),Dry,Not Applicable,Clear,bangalore kolar highway,near night hotel,2km,0.0,0.0
Bengaluru Dist,Hosakote PS,1.0442e+16,2016,1,2,Road Accidents,Other,Rural Areas,Open area,Human Error,No,Damage Only,Others,Uncontrolled,Others,NH,Bitumen(Tar),Dry,Not Applicable,Clear,bangalore kolar highway,halasalli gate,6km,0.0,0.0
Bengaluru Dist,Hosakote PS,1.0442e+16,2016,1,3,Road Accidents,Other,City/Town,Near office complex,Human Error,No,Damage Only,Overturning,Uncontrolled,Others,NH,Bitumen(Tar),Dry,Not Applicable,Clear,bangalore kolar highway,toll plaza,1km,0.0,0.0
Bengaluru Dist,Hosakote PS,1.0442e+16,2017,1,2,Road Accidents,Other,Villages settlement,Open area,Human Error,No,Fatal,Others,Not Applicable,Not Applicable,NH,Bitumen(Tar),Dry,Not Applicable,Clear,NH75 ROAD,NEAR SULTAN DHABA,10,0.0,0.0
Bengaluru Dist,Hosakote PS,1.0442e+16,2017,1,2,Road Accidents,Not Applicable,City/Town,Near office complex,Human Error,Yes,Grievous Injury,Not Applicable,No signal lights,Others,NH,Bitumen(Tar),Dry,Not Applicable,Clear,NEAR MARUTHI SAW MILL,NH 75 ROAD,10,0.0,0.0
Bengaluru Dist,Hosakote PS,1.0442e+16,2017,1,2,Road Accidents,Cross roads,Not Applicable,Open area,Human Error,No,Grievous Injury,Others,Stop sign,Others,NH,Bitumen(Tar),Others,Not Applicable,Clear,NH75 ROAD,NEAR LANCO TOLL,2.5km,0.0,0.0
Bengaluru Dist,Hosakote PS,1.0442e+16,2017,1,2,Road Accidents,Bridge,Rural Areas,Open area,Human Error,No,Grievous Injury,Overturning,Controlled,Curve,NH,Bitumen(Tar),Dry,Not Applicable,Cloudy,NH 207 ROAD,upparahalli cross,1km,0.0,0.0
Bengaluru Dist,Hosakote PS,1.0442e+16,2017,1,2,Road Accidents,Cross roads,City/Town,Open area,Human Error,Yes,Grievous Injury,Hit and Run,Not Applicable,Others,NH,Bitumen(Tar),Dry,Not Applicable,Clear,NH-75 ROAD,NEAR LANCO TOLL,100FEE,0.0,0.0
Bengaluru Dist,Hosakote PS,1.0442e+16,2017,1,3,Road Accidents,Narrow road,City/Town,Open area,Human Error,No,Damage Only,Rear end,Not Applicable,Not Applicable,NH,Bitumen(Tar),Dry,Not Applicable,Clear,NH75 ROAD,NEAR MSIL,05KM,0.0,0.0
Bengaluru Dist,Hosakote PS,1.0442e+16,2017,1,2,Road Accidents,T Junction,City/Town,Open area,Human Error,No,Grievous Injury,Overturning,Controlled,Others,NH,Bitumen(Tar),Dry,Not Applicable,Clear,NH-75 ROAD,NEAR LANCO TOLL,1 KMS,0.0,0.0
Bengaluru Dist,Hosakote PS,1.0442e+16,2017,1,2,Road Accidents,Y Junction,Rural Areas,Open area,Human Error,Yes,Grievous Injury,Others,Controlled,Others,NH,Bitumen(Tar),Dry,Not Applicable,Clear,HOSAKOTE -SULIBELE ROAD,CHIKKAKERE NEAR,1KM,0.0,0.0
Bengaluru Dist,Hosakote PS,1.0442e+16,2017,1,1,Road Accidents,Junction,City/Town,Near Bus stop,Human Error,Not Applicable,Grievous Injury,Others,Uncontrolled,Others,NH,Bitumen(Tar),Dry,Not Applicable,Clear,Near I.B Circle,Near IB Circle,1/2 km,0.0,0.0
Bengaluru Dist,Hosakote PS,1.0442e+16,2017,1,1,Road Accidents,Other,Rural Areas,Open area,Human Error,No,Simple Injury,Others,Uncontrolled,Not Applicable,NH,Bitumen(Tar),Others,Not Applicable,Fine,MIDLE-GOTTIPURA-HALASAHALLI GETE,NEAR GOVT PLANTESION,6KM,0.0,0.0
Bengaluru Dist,Hosakote PS,1.0442e+16,2017,1,2,Road Accidents,Circle,Rural Areas,Near Bus stop,Human Error,No,Damage Only,Not Applicable,Stop sign,Not Applicable,NH,Bitumen(Tar),Dry,Not Applicable,Clear,NH75 ROAD,NEAR MYELAPURA GATE,10,0.0,0.0
Bengaluru Dist,Hosakote PS,1.0442e+16,2017,1,2,Road Accidents,Narrow road,Not Applicable,At pedestrian Crossing,Not Applicable,No,Damage Only,Head on,Uncontrolled,Crest of hill,NH,Bitumen(Tar),Dry,Not Applicable,Fine,x,x,xxxxx,0.0,0.0
Bengaluru Dist,Hosakote PS,1.0442e+16,2017,1,2,Road Accidents,Round about or Circle,City/Town,Open area,Human Error,No,Damage Only,Overturning,Not Applicable,Others,One way,Bitumen(Tar),Dry,Not Applicable,Clear,NH-75 ROAD,IB CIRCLE,10FEET,0.0,0.0
Bengaluru Dist,Hosakote PS,1.0442e+16,2017,1,2,Road Accidents,Narrow road,City/Town,Near Hospital,Human Error,Not Applicable,Grievous Injury,Others,Not Applicable,Not Applicable,NH,Bitumen(Tar),Dry,Not Applicable,Clear,Bangalore-Kolar NH-75 Road Near MVJ Hospital,near mvj hospital,6 Km,0.0,0.0
Bengaluru Dist,Hosakote PS,1.0442e+16,2017,1,1,Not Applicable,Other,Not Applicable,Open area,Human Error,Not Applicable,Grievous Injury,Others,Not Applicable,Others,NH,Bitumen(Tar),Dry,Not Applicable,Not Applicable,Bangalore-Kolar NH-75 Road,Near Hotel Highway,6 km,0.0,0.0
Bengaluru Dist,Hosakote PS,1.0442e+16,2017,1,2,Road Accidents,Junction,City/Town,Near Bus stop,Human Error,No,Damage Only,Others,Stop sign,Others,NH,Bitumen(Tar),Dry,Not Applicable,Clear,bamgalore kolar highway,bmtc bus stop,1/2 km,0.0,0.0
Bengaluru Dist,Hosakote PS,1.0442e+16,2017,1,2,Rail Road Accidents,Junction,City/Town,Near Bus stop,Human Error,No,Fatal,Right Turn Collision,Uncontrolled,Straight and flat,NH,Bitumen(Tar),Dry,Not Applicable,Fine,NH 75,X,1 KM,0.0,0.0
Bengaluru Dist,Hosakote PS,1.0442e+16,2017,1,2,Road Accidents,Junction,City/Town,Near Bus stop,Human Error,Not Applicable,Simple Injury,Rear end,Controlled,Others,NH,Bitumen(Tar),Dry,Not Applicable,Clear,"Kolar To Bangalore NH-75 Road, Near I.B Circle, Hosakote Town",Near IB Circle,1 km,0.0,0.0
Bengaluru Dist,Hosakote PS,1.0442e+16,2017,1,2,Road Accidents,Narrow road,City/Town,Open area,Human Error,No,Fatal,Others,Not Applicable,Straight and flat,State Highway,Bitumen(Tar),Wet,Not Applicable,Fine,HOSAKOTE MALUR ROAD,XX,3 KM,0.0,0.0
Bengaluru Dist,Hosakote PS,1.0442e+16,2017,1,1,Road Accidents,Not Applicable,Not Applicable,Residential area,Human Error,No,Grievous Injury,Hit pedestrian,Not Applicable,Not Applicable,Residential Street,Bitumen(Tar),Dry,Not Applicable,Clear,NH-75 ROAD,NEAR AMBEDKAR COLONY,10,0.0,0.0
Bengaluru Dist,Hosakote PS,1.0442e+16,2017,1,2,Road Accidents,Narrow road,Rural Areas,Open area,Human Error,No,Fatal,Others,Not at  Junction,Others,State Highway,Bitumen(Tar),Others,Not Applicable,Fine,malur road near taggali hosahalli gate,x,12 km,0.0,0.0
Bengaluru Dist,Hosakote PS,1.0442e+16,2017,1,2,Road Accidents,Other,Rural Areas,Open area,Human Error,Not Applicable,Grievous Injury,Others,Uncontrolled,Not Applicable,NH,Bitumen(Tar),Dry,Not Applicable,Clear,Near Nidagatt Village,Near Nidagatta Dharga,10 km,0.0,0.0
Bengaluru Dist,Hosakote PS,1.0442e+16,2017,1,1,Rail Road Accidents,Narrow road,Rural Areas,Near or inside a village,Human Error,No,Fatal,Head on,Not Applicable,Straight and flat,NH,Bitumen(Tar),Dry,Not Applicable,Fine,NH 207,X,4 KM,0.0,0.0
Bengaluru Dist,Hosakote PS,1.0442e+16,2017,1,1,Road Accidents,T Junction,Rural Areas,Near Bus stop,Human Error,Yes,Fatal,Hit bicyclist,No signal lights,Sharp Curve,NH,Bitumen(Tar),Wet,Not Applicable,Fine,NH,X,3 KM,0.0,0.0
Bengaluru Dist,Hosakote PS,1.0442e+16,2017,1,2,Road Accidents,Not Applicable,City/Town,Open area,Human Error,No,Fatal,Others,Not Applicable,Not Applicable,NH,Bitumen(Tar),Dry,Not Applicable,Clear,ATTIVATTA GATE,KOLARBENGALORE NH75,10,0.0,0.0