DISTRICTNAME,UNITNAME,Crime_No,Year,RI,Noofvehicle_involved,Accident_Classification,Accident_Spot,Accident_Location,Accident_SubLocation,Main_Cause,Hit_Run,Severity,Collision_Type,Junction_Control,Road_Character,Road_Type,Surface_Type,Surface_Condition,Road_Condition,Weather,Accident_Road,Landmark_first,Distance_LandMark_First,Latitude,Longitude
Bengaluru Dist,Hosakote PS,1.0442e+16,2017,1,1,Road Accidents,Not Applicable,Not Applicable,Residential area,Human Error,No,Grievous Injury,Not Applicable,Not at  Junction,Not Applicable,NH,Bitumen(Tar),Dry,Not Applicable,Clear,NH-75 SERVICE ROAD,NEAR EDFIY APARTMENT,10,0.0,0.0
Bengaluru Dist,Hosakote PS,1.0442e+16,2017,1,1,Road Accidents,Other,Rural Areas,Near Bus stop,Human Error,Not Applicable,Grievous Injury,Others,Uncontrolled,Others,NH,Bitumen(Tar),Others,Not Applicable,Others,HOSAKOTE SULIBELE ROAD,NEAR SHANKANIPURA GATE,5KM,0.0,0.0
Bengaluru Dist,Hosakote PS,1.0442e+16,2017,1,2,Road Accidents,Other,Rural Areas,Residential area,Human Error,Not Applicable,Simple Injury,Others,Uncontrolled,Others,Others,Bitumen(Tar),Dry,Not Applicable,Clear,"Hosakote-Nidaghatta Road, Near Bakshu Sab House",Near Bakshu Sab,10 km,0.0,0.0
Bengaluru Dist,Hosakote PS,1.0442e+16,2017,1,2,Road Accidents,Other,Rural Areas,Near School or College,Not Applicable,No,Simple Injury,Not Applicable,Not Applicable,Others,Others,Bitumen(Tar),Others,Not Applicable,Fine,MALUR-HOSAKOTE ROAD,NEAR GOVT SCHOOL,12 KM,0.0,0.0
Bengaluru Dist,Hosakote PS,1.0442e+16,2017,1,2,Road Accidents,Other,Rural Areas,Residential area,Human Error,No,Damage Only,Others,Not at  Junction,Hump,State Highway,Bitumen(Tar),Dry,Not Applicable,Clear,NEAR DODDAHULLURU,CHINTAMANI ROAD,4KM,0.0,0.0
Bengaluru Dist,Hosakote PS,1.0442e+16,2017,1,2,Road Accidents,Other,Rural Areas,Open area,Human Error,No,Simple Injury,Others,Uncontrolled,Not Applicable,NH,Bitumen(Tar),Not Applicable,Not Applicable,Fine,"KOLAR BENGALURU NH-75 ROAD,NEAR HALASAHALLI GETE",near halasahalli gete,5km,0.0,0.0
Bengaluru Dist,Hosakote PS,1.0442e+16,2017,1,2,Road Accidents,Narrow road,Not Applicable,Near Hospital,Human Error,No,Fatal,Others,Not at  Junction,Straight and flat,NH,Bitumen(Tar),Dry,Not Applicable,Clear,NEAR M.V.J HOSPITAL,X,3 K.M,0.0,0.0
Bengaluru Dist,Hosakote PS,1.0442e+16,2017,1,1,Road Accidents,Not Applicable,Rural Areas,Open area,Human Error,No,Fatal,Others,Controlled,Not Applicable,NH,Bitumen(Tar),Dry,Not Applicable,Clear,NH-75 ROAD,NEAR DANDUPALYA,2KM,0.0,0.0
Bengaluru Dist,Hosakote PS,1.0442e+16,2017,1,1,Road Accidents,Circle,City/Town,Near Bus stop,Human Error,No,Grievous Injury,Right Turn Collision,Controlled,Others,Expressway,Not Applicable,Dry,Not Applicable,Fine,NATIONAL HIGHWAY,UNDER BRIDGE,1 KM,0.0,0.0
Bengaluru Dist,Hosakote PS,1.0442e+16,2017,1,2,Road Accidents,Not Applicable,City/Town,Near Petrol Pump,Human Error,No,Grievous Injury,Others,Not Applicable,Not Applicable,NH,Bitumen(Tar),Dry,Not Applicable,Clear,NEAR HP PETROL BUNK,HOSAKOTE TOWN,10,0.0,0.0
Bengaluru Dist,Hosakote PS,1.0442e+16,2017,1,2,Road Accidents,T Junction,Rural Areas,Open area,Human Error,Yes,Grievous Injury,Hit and Run,Not at  Junction,Not Applicable,Two way,Bitumen(Tar),Not Applicable,Not Applicable,Clear,ATTIVATTA CROSS,NEAR OROHALLI ROAD,10km,0.0,0.0
Bengaluru Dist,Hosakote PS,1.0442e+16,2017,1,3,Road Accidents,Other,Not Applicable,Open area,Not Applicable,No,Fatal,Others,Not at  Junction,Straight and flat,NH,Surfaced,Dry,No influence on accident,Fine,X,X,X,0.0,0.0
Bengaluru Dist,Hosakote PS,1.0442e+16,2017,1,1,Road Accidents,Other,Rural Areas,Open area,Human Error,Yes,Grievous Injury,Others,Uncontrolled,Others,NH,Bitumen(Tar),Dry,Not Applicable,Fine,Near Sri Kateramma Temple,Near Sri Kateramma Temple,5km,0.0,0.0
Bengaluru Dist,Hosakote PS,1.0442e+16,2017,1,2,Road Accidents,Other,City/Town,Open area,Human Error,Not Applicable,Grievous Injury,Others,Uncontrolled,Others,NH,Bitumen(Tar),Dry,Not Applicable,Clear,Near TATA Show Room,TATA Show Room,1km,0.0,0.0
Bengaluru Dist,Hosakote PS,1.0442e+16,2017,1,2,Road Accidents,Other,Rural Areas,Open area,Human Error,No,Grievous Injury,Others,Not at  Junction,Not Applicable,State Highway,Bitumen(Tar),Dry,Not Applicable,Clear,HOSAKOTE MALURU ROAD,NEAR DEVANAGUNDI CROSS,4KMS,0.0,0.0
Bengaluru Dist,Hosakote PS,1.0442e+16,2017,1,2,Road Accidents,Other,City/Town,Open area,Human Error,No,Damage Only,Others,Not Applicable,Not Applicable,NH,Bitumen(Tar),Ditch or Potholed,Not Applicable,Clear,NH75 ROAD,NEAR MSIL HOSAKOTET TOWN,1KM,0.0,0.0
Bengaluru Dist,Hosakote PS,1.0442e+16,2017,1,1,Road Accidents,Cross roads,Not Applicable,Open area,Human Error,Yes,Simple Injury,Hit and Run,Not at  Junction,Not Applicable,NH,Bitumen(Tar),Dry,Not Applicable,Clear,SULIBELE ROAD,NEAR SIDDARTHA HOTEL,10,0.0,0.0
Bengaluru Dist,Hosakote PS,1.0442e+16,2017,1,2,Road Accidents,Other,Rural Areas,Residential area,Human Error,No,Grievous Injury,Others,Not at  Junction,Others,NH,Bitumen(Tar),Dry,Not Applicable,Clear,SHANAKNIPURA,HOSAKOTE TALUK,10,0.0,0.0
Bengaluru Dist,Hosakote PS,1.0442e+16,2017,1,2,Road Accidents,Other,Rural Areas,Near Bus stop,Not Applicable,No,Simple Injury,Others,Uncontrolled,Others,NH,Not Applicable,Wet,Not Applicable,Fine,KOLAR-BENGALURU NH-75 ROAD,X,5KM,0.0,0.0
Bengaluru Dist,Hosakote PS,1.0442e+16,2017,1,2,Road Accidents,Narrow road,Rural Areas,Near School or College,Human Error,No,Fatal,Head on,Uncontrolled,Curve,NH,Bitumen(Tar),Dry,Not Applicable,Fine,N.H.207,X,X,0.0,0.0
Bengaluru Dist,Hosakote PS,1.0442e+16,2017,1,2,Road Accidents,Narrow road,City/Town,Open area,Human Error,No,Simple Injury,Not Applicable,Not Applicable,Straight and flat,NH,Bitumen(Tar),Dry,Not Applicable,Clear,NH75 ROAD,NEAR TERMINAL HOTEL,2.5km,0.0,0.0
Bengaluru Dist,Hosakote PS,1.0442e+16,2017,1,2,Road Accidents,Narrow road,City/Town,Near or inside a village,Not Applicable,No,Damage Only,Not Applicable,Uncontrolled,Hump,NH,Bitumen(Tar),Dry,Not Applicable,Fine,KOLAR BANGALORE NH-75 ROAD,GOWTHAM COLONY,3KM,0.0,0.0
Bengaluru Dist,Hosakote PS,1.0442e+16,2017,1,2,Not Applicable,Other,Not Applicable,Open area,Not Applicable,Not Applicable,Grievous Injury,Others,Uncontrolled,Others,NH,Bitumen(Tar),Dry,Not Applicable,Clear,bamgalore kolar highway,Near Hosakote Toll,4km,0.0,0.0
Bengaluru Dist,Hosakote PS,1.0442e+16,2017,1,1,Not Applicable,Other,Rural Areas,Open area,Human Error,No,Grievous Injury,Others,Uncontrolled,Others,Others,Not Applicable,Dry,Not Applicable,Fine,In side the HOsakote Dairy,Dairy Compound,8km,0.0,0.0
Bengaluru Dist,Hosakote PS,1.0442e+16,2017,1,1,Road Accidents,Other,Rural Areas,Open area,Human Error,No,Grievous Injury,Others,Not Applicable,Hump,State Highway,Bitumen(Tar),Dry,Not Applicable,Clear,HOSAKOTE MALUR ROAD,NEAR VARADAPURA,2KMS,0.0,0.0
Bengaluru Dist,Hosakote PS,1.0442e+16,2017,1,2,Road Accidents,Other,Rural Areas,Open area,Human Error,No,Simple Injury,Others,No signal lights,Others,State Highway,Bitumen(Tar),Dry,Not Applicable,Clear,CHINTAMANI ROAD,CHINTAMANI ROAD,2KMS,0.0,0.0
Bengaluru Dist,Hosakote PS,1.0442e+16,2017,1,2,Road Accidents,Narrow road,Rural Areas,Open area,Human Error,Not Applicable,Damage Only,Not Applicable,Not Applicable,Not Applicable,City or Town Road,Bitumen(Tar),Dry,Not Applicable,Fine,Bangalore - Kolar NH-75 Near Mylapur GDate,Near Mylapura Gate,10 km,0.0,0.0
Bengaluru Dist,Hosakote PS,1.0442e+16,2017,1,2,Road Accidents,Narrow road,Rural Areas,Near Hospital,Human Error,No,Grievous Injury,Hit parked vehicle,Not at  Junction,Not Applicable,NH,Bitumen(Tar),Dry,Not Applicable,Clear,NEAR MVJ HOSPITAL,HOSAKOTE TOWN,2KM,0.0,0.0
Bengaluru Dist,Hosakote PS,1.0442e+16,2017,1,2,Road Accidents,Cross roads,City/Town,Open area,Human Error,Yes,Grievous Injury,Hit and Run,Not Applicable,Hump,NH,Bitumen(Tar),Dry,Not Applicable,Clear,NH-75 ROAD,NEAR LANCO TOLL,1KM,0.0,0.0
Bengaluru Dist,Hosakote PS,1.0442e+16,2017,1,2,Not Applicable,Other,Rural Areas,Open area,Human Error,Yes,Grievous Injury,Run Off Road,Uncontrolled,Not Applicable,NH,Bitumen(Tar),Dry,Not Applicable,Clear,Near Halasahalli Gate,Near Halasahalli Gate,10 km,0.0,0.0
Bengaluru Dist,Hosakote PS,1.0442e+16,2017,1,2,Road Accidents,Other,City/Town,Open area,Human Error,Not Applicable,Simple Injury,Others,Uncontrolled,Others,Expressway,Bitumen(Tar),Dry,Not Applicable,Clear,"Kolar To Bangalore NH-75 Road, Near  KEB circle Fly Over Bridge",Near KEB  Circle,1km,0.0,0.0
Bengaluru Dist,Hosakote PS,1.0442e+16,2017,1,1,Road Accidents,Other,City/Town,Open area,Human Error,Not Applicable,Grievous Injury,Others,Uncontrolled,Others,NH,Bitumen(Tar),Dry,Not Applicable,Clear,Bangalore - Kolar NH-75 Near Toll,Near  Toll,4 km,0.0,0.0
Bengaluru Dist,Hosakote PS,1.0442e+16,2017,1,1,Road Accidents,Other,City/Town,Near Hospital,Human Error,Yes,Grievous Injury,Others,Not Applicable,Not Applicable,Service Road,Bitumen(Tar),Dry,Not Applicable,Clear,NH 75 SERVICE ROAD,NEAR EYE HOSPITAL,10,0.0,0.0
Bengaluru Dist,Hosakote PS,1.0442e+16,2017,1,1,Road Accidents,Narrow road,City/Town,Near Petrol Pump,Human Error,Yes,Fatal,Hit and Run,Uncontrolled,Others,NH,Bitumen(Tar),Others,Not Applicable,Fine,NG 75,x,x,0.0,0.0
Bengaluru Dist,Hosakote PS,1.0442e+16,2017,1,2,Not Applicable,Bridge,Not Applicable,Near office complex,Not Applicable,No,Simple Injury,Drowned,Uncontrolled,Curve,NH,Bitumen(Tar),Dry,Not Applicable,Fine,KOALR BANGALORE NH-75,HOSAKOTE,2KM,0.0,0.0
Bengaluru Dist,Hosakote PS,1.0442e+16,2017,1,1,Road Accidents,Other,Rural Areas,Open area,Human Error,Not Applicable,Simple Injury,Hit and Run,Uncontrolled,Others,NH,Bitumen(Tar),Dry,Not Applicable,Fine,Near Karnataka Function Hall,Near Karnataka Function Hall,5km,0.0,0.0
Bengaluru Dist,Hosakote PS,1.0442e+16,2017,1,1,Not Applicable,Not Applicable,Not Applicable,Residential area,Human Error,Not Applicable,Grievous Injury,Not Applicable,Not Applicable,Not Applicable,Others,Bitumen(Tar),Dry,Not Applicable,Clear,"Hosakote-Kannurahalli Road, Near Milan Conention Hall",Near Milan Cinvention Hall,2km,0.0,0.0
Bengaluru Dist,Hosakote PS,1.0442e+16,2017,1,1,Not Applicable,Other,Rural Areas,Open area,Human Error,Not Applicable,Grievous Injury,Others,Uncontrolled,Others,NH,Bitumen(Tar),Dry,Not Applicable,Others,Near Nandi Grand Hotel,kolatur gate,8km,0.0,0.0
Bengaluru Dist,Hosakote PS,1.0442e+16,2017,1,2,Road Accidents,Circle,City/Town,Near office complex,Human Error,Yes,Grievous Injury,Hit and Run,Not Applicable,Incline,City or Town Road,Bitumen(Tar),Dry,Not Applicable,Clear,"NEAR HDFC ATM, K.R.ROAD,",KRROAD,1KM,0.0,0.0
Bengaluru Dist,Hosakote PS,1.0442e+16,2017,1,2,Road Accidents,Other,City/Town,Open area,Human Error,Not Applicable,Simple Injury,Others,Uncontrolled,Hump,NH,Bitumen(Tar),Dry,Not Applicable,Clear,Nea Gowtham Circle,Near Gowtham Circle,2 km,0.0,0.0
Bengaluru Dist,Hosakote PS,1.0442e+16,2017,1,3,Road Accidents,Not Applicable,Not Applicable,Near office complex,Human Error,No,Fatal,Others,Uncontrolled,Not Applicable,NH,Not Applicable,Others,Not Applicable,Others,Kolar Bengaluru NH75 road,NH75 infront of Commercial tax check post,3 Km,0.0,0.0
Bengaluru Dist,Hosakote PS,1.0442e+16,2017,1,1,Not Applicable,Narrow road,Rural Areas,Open area,Human Error,Not Applicable,Grievous Injury,Others,Not at  Junction,Others,NH,Bitumen(Tar),Dry,Not Applicable,Not Applicable,Near  Maylapura Gate,Near Maylapura Gate,10 km,0.0,0.0
Bengaluru Dist,Hosakote PS,1.0442e+16,2017,1,2,Road Accidents,Other,Rural Areas,Near Bus stop,Human Error,No,Simple Injury,Others,Uncontrolled,Others,NH,Bitumen(Tar),Others,Engineering Defect of Road,Fine,NH-75ROAD,MVJ HOSAPETAL,2KM EA,0.0,0.0
Bengaluru Dist,Hosakote PS,1.0442e+16,2017,1,2,Road Accidents,Not Applicable,City/Town,Near Bus stop,Human Error,No,Damage Only,Others,Not Applicable,Not Applicable,NH,Bitumen(Tar),Dry,Not Applicable,Clear,NEAR LANCO TOLL,HOSAKOTE TOWN,10,0.0,0.0
Bengaluru Dist,Hosakote PS,1.0442e+16,2017,1,2,Road Accidents,Other,City/Town,At pedestrian Crossing,Human Error,Yes,Grievous Injury,Others,Not Applicable,Others,Not Applicable,Bitumen(Tar),Dry,Not Applicable,Clear,NH75 ROAD,NEAR SANTEGATE,10,0.0,0.0
Bengaluru Dist,Hosakote PS,1.0442e+16,2017,1,2,Road Accidents,Other,Rural Areas,Open area,Human Error,No,Simple Injury,Others,Uncontrolled,Others,State Highway,Bitumen(Tar),Dry,Not Applicable,Clear,hosakote malur road,Near Karibiranahosahalli,10 KM,0.0,0.0
Bengaluru Dist,Hosakote PS,1.0442e+16,2017,1,1,Rail Road Accidents,Narrow road,Not Applicable,Near office complex,Not Applicable,No,Simple Injury,Head on,Uncontrolled,Curve,NH,Bitumen(Tar),Dry,Not Applicable,Fine,KOLAR BANGALORENH-75 ROAD,NEAR COMERCIAL TAX OFFICE,2KM,0.0,0.0
Bengaluru Dist,Hosakote PS,1.0442e+16,2017,1,2,Not Applicable,Junction,City/Town,Near Bus stop,Human Error,Not Applicable,Grievous Injury,Others,Uncontrolled,Hump,NH,Bitumen(Tar),Dry,Not Applicable,Clear,Near I.B Circle,Near IB Circle,1/2km,0.0,0.0
Bengaluru Dist,Hosakote PS,1.0442e+16,2017,1,2,Road Accidents,Narrow road,Rural Areas,Open area,Human Error,No,Fatal,Rear end,Not at  Junction,Others,State Highway,Bitumen(Tar),Ditch or Potholed,Pot holed,Fine,MALUR ROAD,X,15 KM,0.0,0.0
Bengaluru Dist,Hosakote PS,1.0442e+16,2017,1,2,Not Applicable,Other,City/Town,Near Bus stop,Not Applicable,No,Simple Injury,Others,Uncontrolled,Others,NH,Bitumen(Tar),Others,Not Applicable,Fine,NEAR I B CIRCLE,NEAR BUS STOP,1/2 KM,0.0,0.0
Bengaluru Dist,Hosakote PS,1.0442e+16,2017,1,2,Road Accidents,Cross roads,City/Town,Open area,Human Error,No,Grievous Injury,Not Applicable,Not Applicable,Not Applicable,Residential Street,Bitumen(Tar),Dry,Not Applicable,Clear,CHINTAMANI ROAD,NEAR SANTE GATE,10,0.0,0.0
Bengaluru Dist,Hosakote PS,1.0442e+16,2017,1,1,Road Accidents,Cross roads,City/Town,Near Bus stop,Human Error,Yes,Fatal,Hit and Run,Not Applicable,Not Applicable,NH,Not Applicable,Dry,Not Applicable,Clear,NEAR TATA MOTORS,SERVICE ROAD,1 km,0.0,0.0
Bengaluru Dist,Hosakote PS,1.0442e+16,2017,1,1,Road Accidents,Narrow road,City/Town,Near Bus stop,Human Error,No,Fatal,Head on,Give way sign,Curve,City or Town Road,Bitumen(Tar),Not Applicable,No influence on accident,Fine,X,X,X,0.0,0.0
Bengaluru Dist,Hosakote PS,1.0442e+16,2017,1,1,Road Accidents,Other,City/Town,Open area,Not Applicable,No,Grievous Injury,Hit pedestrian,Uncontrolled,Not Applicable,NH,Bitumen(Tar),Dry,Not Applicable,Clear,NH 75,Near beml showroom,3KM,0.0,0.0
Bengaluru Dist,Hosakote PS,1.0442e+16,2017,1,2,Road Accidents,Other,Rural Areas,Open area,Human Error,No,Grievous Injury,Others,Not Applicable,Others,NH,Bitumen(Tar),Not Applicable,Not Applicable,Clear,NH-75 ROAD,ATTUR GATE,8KMS,0.0,0.0
Bengaluru Dist,Hosakote PS,1.0442e+16,2017,1,2,Rail Road Accidents,Other,Rural Areas,Open area,Not Applicable,No,Damage Only,Others,No signal lights,Others,NH,Not Applicable,Dry,Not Applicable,Clear,NEAR SHANKARIPURA  GATE,SHANKARIPURA GATE,5KMS,0.0,0.0
Bengaluru Dist,Hosakote PS,1.0442e+16,2017,1,2,Road Accidents,Other,City/Town,Open area,Human Error,Yes,Grievous Injury,Hit and Run,No signal lights,Not Applicable,NH,Bitumen(Tar),Dry,Not Applicable,Clear,NH75 ROAD,NEAR SANTEGATE,1KM,0.0,0.0
Bengaluru Dist,Hosakote PS,1.0442e+16,2017,1,1,Road Accidents,Other,City/Town,Near Bus stop,Human Error,No,Fatal,Skidding or Self accident,Not Applicable,Straight and flat,Service Road,Bitumen(Tar),Others,Not Applicable,Fine,NH 75 SERVICE ROAD,X,1 KM,0.0,0.0
Bengaluru Dist,Hosakote PS,1.0442e+16,2017,1,2,Not Applicable,Junction,City/Town,In bazaar,Human Error,Not Applicable,Damage Only,Others,Uncontrolled,Others,Others,Bitumen(Tar),Dry,Not Applicable,Clear,Near J C Circle,Near JC  Circl,1 km,0.0,0.0
Bengaluru Dist,Hosakote PS,1.0442e+16,2017,1,2,Road Accidents,Other,Rural Areas,Open area,Human Error,Not Applicable,Grievous Injury,Others,Uncontrolled,Others,NH,Bitumen(Tar),Dry,Not Applicable,Clear,"Kolar To Bangalore NH-75 Road, Near Kolthuru Gate",Near Kolthuru Gate,5 km,0.0,0.0
Bengaluru Dist,Hosakote PS,1.0442e+16,2017,1,2,Road Accidents,Not Applicable,City/Town,Open area,Human Error,Not Applicable,Simple Injury,Others,Uncontrolled,Others,NH,Bitumen(Tar),Dry,Not Applicable,Clear,"Kolar To Bangalore NH-75 Road, Near Tank bun of Hosakote",Near  Toll,3 km,0.0,0.0
Bengaluru Dist,Hosakote PS,1.0442e+16,2017,1,2,Road Accidents,Other,City/Town,Open area,Human Error,No,Damage Only,Not Applicable,Not Applicable,Not Applicable,NH,Bitumen(Tar),Dry,Not Applicable,Clear,NEAR LANCO TOLL,NH75 ROAD,1KM,0.0,0.0
Bengaluru Dist,Hosakote PS,1.0442e+16,2017,1,2,Road Accidents,Y Junction,Rural Areas,Open area,Human Error,No,Grievous Injury,Others,Controlled,Others,NH,Bitumen(Tar),Dry,Not Applicable,Clear,NEAR HALAHALLI GATE,NH 75 ROAD,5KMS,0.0,0.0
Bengaluru Dist,Hosakote PS,1.0442e+16,2017,1,1,Road Accidents,Junction,City/Town,Near office complex,Human Error,No,Grievous Injury,Hit pedestrian,No signal lights,Not Applicable,NH,Bitumen(Tar),Dry,Not Applicable,Clear,NH75 ROAD,NEAR GPR BAR,10,0.0,0.0
Bengaluru Dist,Hosakote PS,1.0442e+16,2017,1,1,Road Accidents,Other,Rural Areas,Open area,Human Error,No,Grievous Injury,Hit pedestrian,Not Applicable,Others,State Highway,Bitumen(Tar),Dry,Not Applicable,Clear,VILLAGE ROAD,CHINTAMANI ROAD,10,0.0,0.0
Bengaluru Dist,Hosakote PS,1.0442e+16,2017,1,2,Road Accidents,Not Applicable,City/Town,Near office complex,Not Applicable,No,Damage Only,Others,Uncontrolled,Others,NH,Bitumen(Tar),Not Applicable,Not Applicable,Fine,BENGALURU-KOLAR NH-75 ROAD,NEAR HONDA SHOW ROOM,1/2 KM,0.0,0.0
Bengaluru Dist,Hosakote PS,1.0442e+16,2017,1,2,Road Accidents,Other,Not Applicable,Open area,Human Error,No,Grievous Injury,Not Applicable,Not Applicable,Not Applicable,NH,Bitumen(Tar),Others,Not Applicable,Clear,NH-75 ROAD,NEAR CTO OFFICE,"10km,",0.0,0.0
Bengaluru Dist,Hosakote PS,1.0442e+16,2017,1,2,Road Accidents,Other,City/Town,Open area,Human Error,Not Applicable,Damage Only,Others,Uncontrolled,Others,NH,Bitumen(Tar),Dry,Not Applicable,Clear,Bangalore - Kolar NH-75 Near Baiml Car Show Room,Near Baiml Car Show Room,5km,0.0,0.0
Bengaluru Dist,Hosakote PS,1.0442e+16,2017,1,1,Road Accidents,Other,Villages settlement,Residential area,Human Error,No,Fatal,Skidding or Self accident,Not at  Junction,Straight and flat,Residential Street,Bitumen(Tar),Others,Not Applicable,Fine,other road,x,x,0.0,0.0
Bengaluru Dist,Hosakote PS,1.0442e+16,2017,1,1,Road Accidents,Other,Rural Areas,Near or inside a village,Human Error,No,Fatal,Skidding or Self accident,Not at  Junction,Others,Village Road,Kutcha,Muddy,Not Applicable,Fine,village road,x,10 km,0.0,0.0
Bengaluru Dist,Hosakote PS,1.0442e+16,2017,1,2,Road Accidents,Narrow road,City/Town,Near Bus stop,Human Error,No,Damage Only,Others,Controlled,Hump,NH,Bitumen(Tar),Dry,Not Applicable,Clear,"Kolar To Bangalore NH-75 Road, Near I.B Circle, Hosakote Town",Near IB Circle,1/2 km,0.0,0.0
Bengaluru Dist,Hosakote PS,1.0442e+16,2017,1,1,Road Accidents,Other,Rural Areas,Open area,Human Error,Yes,Grievous Injury,Others,Not at  Junction,Others,NH,Bitumen(Tar),Dry,Not Applicable,Clear,NEAR SULTAN DHABA,NH75 ROAD,10,0.0,0.0
Bengaluru Dist,Hosakote PS,1.0442e+16,2017,1,1,Road Accidents,Other,City/Town,Near Bus stop,Human Error,No,Not Applicable,Overturning,Not at  Junction,Not Applicable,NH,Bitumen(Tar),Dry,Not Applicable,Clear,NEAR LANCO TOLL,HOSAKOTE TOWN,10,0.0,0.0
Bengaluru Dist,Hosakote PS,1.0442e+16,2017,1,2,Road Accidents,Junction,Villages settlement,Open area,Human Error,Yes,Grievous Injury,Not Applicable,Not Applicable,Not Applicable,NH,Not Applicable,Dry,Not Applicable,Clear,VALAGERE PURA,NH 75 ROAD,10,0.0,0.0
Bengaluru Dist,Hosakote PS,1.0442e+16,2017,1,2,Road Accidents,Not Applicable,Rural Areas,Near Bus stop,Human Error,No,Damage Only,Others,Not Applicable,Not Applicable,Not Applicable,Bitumen(Tar),Dry,Not Applicable,Clear,NEAR I B CIRXXL,NH 75 ROAD,10FEET,0.0,0.0
Bengaluru Dist,Hosakote PS,1.0442e+16,2017,1,2,Road Accidents,Narrow road,Rural Areas,Near a factory industrial area,Human Error,No,Fatal,Right Turn Collision,Uncontrolled,Others,State Highway,Bitumen(Tar),Dry,Not Applicable,Fine,Hosakote town Jangamakote main road,X,8 km,0.0,0.0
Bengaluru Dist,Hosakote PS,1.0442e+16,2017,1,1,Road Accidents,Curves,Rural Areas,Near Hospital,Human Error,Yes,Simple Injury,Hit and Run,Uncontrolled,Curve,NH,Bitumen(Tar),Not Applicable,Not Applicable,Fine,BANGALORE-KOLAR NH-75 ROAD,U TRAN FRONT OF MVJ HOSAPETAL,4KM,0.0,0.0
Bengaluru Dist,Hosakote PS,1.0442e+16,2017,1,1,Road Accidents,Other,Rural Areas,Near Bus stop,Human Error,No,Fatal,Others,Not Applicable,Others,State Highway,Bitumen(Tar),Others,Pot holed,Clear,hosakote- chinthamani raod,x,5 km,0.0,0.0
Bengaluru Dist,Hosakote PS,1.0442e+16,2017,1,2,Road Accidents,Y Junction,Rural Areas,Open area,Human Error,No,Simple Injury,Not Applicable,No signal lights,Others,NH,Bitumen(Tar),Dry,Not Applicable,Clear,NEAR HOSAKOTE LANCO TOLL,NH 75 ROAD,1KM,0.0,0.0
Bengaluru Dist,Hosakote PS,1.0442e+16,2017,1,2,Road Accidents,Not Applicable,Rural Areas,Near Bus stop,Human Error,No,Grievous Injury,Others,Not at  Junction,Not Applicable,NH,Bitumen(Tar),Dry,Not Applicable,Clear,NEAR ATTU DARGA,NH75 ROAD,6KMS,0.0,0.0
Bengaluru Dist,Hosakote PS,1.0442e+16,2017,1,1,Road Accidents,Not Applicable,Rural Areas,Open area,Human Error,Not Applicable,Grievous Injury,Others,Uncontrolled,Not Applicable,Others,Bitumen(Tar),Dry,Not Applicable,Clear,Hosakote-Maluru Road  Near All Ameen College,Near All Ameen College,6 Km,0.0,0.0
Bengaluru Dist,Hosakote PS,1.0442e+16,2017,1,2,Road Accidents,Narrow road,Not Applicable,At pedestrian Crossing,Not Applicable,No,Simple Injury,Head on,Uncontrolled,Crest of hill,NH,Bitumen(Tar),Dry,Not Applicable,Fine,x,z,x,0.0,0.0
Bengaluru Dist,Hosakote PS,1.0442e+16,2017,1,2,Not Applicable,Other,City/Town,Open area,Human Error,Not Applicable,Damage Only,Others,Controlled,Hump,NH,Bitumen(Tar),Dry,Not Applicable,Clear,"Bangaore-Kolar NH-75 Road, Near Hosakote police Station",Hosakote police Station,1/2 km,0.0,0.0
Bengaluru Dist,Hosakote PS,1.0442e+16,2017,1,1,Road Accidents,Junction,City/Town,Near Bus stop,Human Error,No,Fatal,Hit pedestrian,Controlled,Straight and flat,NH,Bitumen(Tar),Ditch or Potholed,Not Applicable,Fine,NH,X,1 KM,0.0,0.0
Bengaluru Dist,Hosakote PS,1.0442e+16,2017,1,2,Road Accidents,Other,Rural Areas,Near Petrol Pump,Human Error,No,Grievous Injury,Not Applicable,Not Applicable,Others,NH,Bitumen(Tar),Dry,Not Applicable,Clear,bangalore kolar highway,NEAR LANCO TOLL,1KM,0.0,0.0
Bengaluru Dist,Hosakote PS,1.0442e+16,2017,1,4,Rail Road Accidents,T Junction,Villages settlement,Residential area,Human Error,No,Fatal,Right Turn Collision,Not Applicable,Slight Curve,State Highway,Bitumen(Tar),Others,Not Applicable,Fine,CHINTHAMANI ROAD S.H,X,3 KM,0.0,0.0
Bengaluru Dist,Hosakote PS,1.0442e+16,2017,1,2,Road Accidents,Junction,Rural Areas,Open area,Human Error,Not Applicable,Grievous Injury,Others,Uncontrolled,Others,NH,Bitumen(Tar),Dry,Not Applicable,Clear,Near BAMIL Car Show Room,Near Baiml Car Show Room,5 km,0.0,0.0
Bengaluru Dist,Hosakote PS,1.0442e+16,2017,1,2,Road Accidents,Narrow road,Rural Areas,Near Petrol Pump,Human Error,No,Fatal,Head on,Not at  Junction,Straight and flat,State Highway,Bitumen(Tar),Dry,Not Applicable,Others,CHINTHAMANI ROAD,X,5 KM,0.0,0.0
Bengaluru Dist,Hosakote PS,1.0442e+16,2017,1,3,Road Accidents,Other,City/Town,Open area,Human Error,No,Damage Only,Others,Not Applicable,Not Applicable,NH,Bitumen(Tar),Dry,Not Applicable,Clear,NH-75 ROAD,NEAR IB CIRCLE,10FEET,0.0,0.0
Bengaluru Dist,Hosakote PS,1.0442e+16,2017,1,2,Road Accidents,Bridge,City/Town,Open area,Human Error,No,Damage Only,Others,Not at  Junction,Not Applicable,NH,Bitumen(Tar),Dry,Not Applicable,Clear,NH75 ROAD,NEAR SANTEGATE FLY OVER,1.5km,0.0,0.0
Bengaluru Dist,Hosakote PS,1.0442e+16,2017,1,2,Road Accidents,Not Applicable,City/Town,Residential area,Human Error,No,Fatal,Others,Not Applicable,Straight and flat,Two way,Bitumen(Tar),Not Applicable,Not Applicable,Clear,NH 207 ROAD,NEAR BILWARI COLLAGE,1KM,0.0,0.0
Bengaluru Dist,Hosakote PS,1.0442e+16,2017,1,2,Not Applicable,Narrow road,Rural Areas,Open area,Human Error,No,Grievous Injury,Not Applicable,Uncontrolled,Not Applicable,NH,Bitumen(Tar),Dry,Pot holed,Clear,Bangalore-Kolar NH-75 Road,Near Nandi Grand Hotel,10 KM,0.0,0.0
Bengaluru Dist,Hosakote PS,1.0442e+16,2017,1,2,Road Accidents,Other,Rural Areas,Open area,Human Error,No,Grievous Injury,Others,Controlled,Others,State Highway,Bitumen(Tar),Dry,Construction Work / Material,Clear,HOSAKOTE MALUR ROAD,HARALURU GATE,4KMS,0.0,0.0
Bengaluru Dist,Hosakote PS,1.0442e+16,2017,1,2,Road Accidents,Narrow road,City/Town,Near Hospital,Human Error,No,Fatal,Head on,Not Applicable,Not Applicable,NH,Bitumen(Tar),Others,Not Applicable,Cloudy,N.H 75 NEAR TIRUMALA ROAD LINES HOSAKOTE,X,3 KM,0.0,0.0
Bengaluru Dist,Hosakote PS,1.0442e+16,2018,1,2,Road Accidents,Narrow road,City/Town,Open area,Human Error,Yes,Fatal,Hit and Run,Not at  Junction,Straight and flat,NH,Bitumen(Tar),Others,Pot holed,Fine,NH 75,X,2 KM,0.0,0.0