DISTRICTNAME,UNITNAME,Crime_No,Year,RI,Noofvehicle_involved,Accident_Classification,Accident_Spot,Accident_Location,Accident_SubLocation,Main_Cause,Hit_Run,Severity,Collision_Type,Junction_Control,Road_Character,Road_Type,Surface_Type,Surface_Condition,Road_Condition,Weather,Accident_Road,Landmark_first,Distance_LandMark_First,Latitude,Longitude
Bengaluru Dist,Hosakote PS,1.0442e+16,2019,1,2,Road Accidents,Narrow road,Rural Areas,Open area,Human Error,No,Grievous Injury,Vehicle to Vehicle,No signal lights,Straight and flat,NH,Bitumen(Tar),Dry,Not Applicable,Clear,NEAR NH-75 DHABA,MYELAPURA GATE,10KMS,13.104423,77.869417
Bengaluru Dist,Hosakote PS,1.0442e+16,2019,1,1,Road Accidents,Narrow road,City/Town,Near Bus stop,Human Error,No,Fatal,Hit pedestrian,Not at  Junction,Straight and flat,Service Road,Bitumen(Tar),Dry,Not Applicable,Clear,service road,x,1km,13.075107,77.792063
Bengaluru Dist,Hosakote PS,1.0442e+16,2019,1,2,Road Accidents,Junction,Rural Areas,Open area,Human Error,No,Grievous Injury,Others,Not at  Junction,Others,NH,Bitumen(Tar),Dry,Not Applicable,Clear,NEAR GOTTIPURA GATE,4KMS TOWARDS EAST,4,13.094952,77.846586
Bengaluru Dist,Hosakote PS,1.0442e+16,2019,1,2,Road Accidents,Not Applicable,Villages settlement,Open area,Human Error,No,Grievous Injury,Others,Not Applicable,Not Applicable,NH,Bitumen(Tar),Dry,Not Applicable,Clear,NEAR MYELAPURA GATE,NH75 ROAD,7KMS,13.106974,77.873252
Bengaluru Dist,Hosakote PS,1.0442e+16,2019,1,2,Road Accidents,Other,Rural Areas,Open area,Human Error,Not Applicable,Grievous Injury,Rear end,Uncontrolled,Others,NH,Bitumen(Tar),Dry,Not Applicable,Clear,"Kolar To Bengaluru NH 75 Road, Near Gottipura Gate",Near Gottipura Gate,8 km,13.094947,77.8468609
Bengaluru Dist,Hosakote PS,1.0442e+16,2019,1,1,Road Accidents,Not Applicable,City/Town,Open area,Human Error,Not Applicable,Grievous Injury,Vehicle to Vehicle,Uncontrolled,Not Applicable,Others,Bitumen(Tar),Dry,Not Applicable,Clear,"Kannurahalli Road Near Anusree Bakery ,M.V.Extention",Near Anusree Bakery,2 km,13.069188,77.7879299
Bengaluru Dist,Hosakote PS,1.0442e+16,2019,1,1,Road Accidents,Not Applicable,City/Town,Open area,Human Error,Not Applicable,Grievous Injury,Not Applicable,Uncontrolled,Others,NH,Bitumen(Tar),Dry,Pot holed,Clear,"College Road, Near Blue Dart Courier",Near Blue Dart Courier Office,4km,13.065367,77.794527
Bengaluru Dist,Hosakote PS,1.0442e+16,2019,1,2,Road Accidents,Narrow road,Rural Areas,Open area,Human Error,Not Applicable,Grievous Injury,Vehicle to Vehicle,Uncontrolled,Not Applicable,NH,Bitumen(Tar),Dry,Not Applicable,Clear,"Bengaluru To Kolar NH-75 Road, Near Attivatta Gate",Near Attivatta Gate,10 km,13.097451,77.855618
Bengaluru Dist,Hosakote PS,1.0442e+16,2019,1,2,Road Accidents,Narrow road,City/Town,Near Bus stop,Human Error,No,Fatal,Rear end,Not Applicable,Straight and flat,Service Road,Surfaced,Others,Not Applicable,Fine,"SERVICE ROAD, NH75",X,2 KM,13.088123,77.781344
Bengaluru Dist,Hosakote PS,1.0442e+16,2019,1,2,Road Accidents,Other,City/Town,Open area,Human Error,Not Applicable,Grievous Injury,Others,Uncontrolled,Others,NH,Bitumen(Tar),Dry,Not Applicable,Clear,"Bengaluru To Kolar NH-75 Road, Near  KEB Circle , Hosakote Town",Near Axis Bank,2 km,13.073424,77.8055409
Bengaluru Dist,Hosakote PS,1.0442e+16,2019,1,1,Road Accidents,Narrow road,City/Town,Open area,Human Error,Yes,Fatal,Hit pedestrian,Not at  Junction,Straight and flat,NH,Bitumen(Tar),Wet,Not Applicable,Clear,nh,x,half k,13.072265,77.786013
Bengaluru Dist,Hosakote PS,1.0442e+16,2019,1,1,Road Accidents,Narrow road,City/Town,Near Petrol Pump,Human Error,No,Grievous Injury,Hit pedestrian,Not at  Junction,Not Applicable,NH,Bitumen(Tar),Dry,Not Applicable,Clear,BANGALORE TO KOLAR NH75,OPP RELIANCE BUNK,1 KM,13.076642,77.795078
Bengaluru Dist,Hosakote PS,1.0442e+16,2019,1,2,Road Accidents,Not Applicable,City/Town,Open area,Human Error,Yes,Grievous Injury,Not Applicable,Stop Sign,Curve,NH,Bitumen(Tar),Dry,Not Applicable,Clear,NEAR LANCO TOLL U TURN,OPP EDIFY APARTMENT,1 KM,13.060311,77.771176
Bengaluru Dist,Hosakote PS,1.0442e+16,2019,1,1,Road Accidents,Narrow road,City/Town,Open area,Human Error,Yes,Grievous Injury,Hit pedestrian,Not Applicable,Others,One way,Bitumen(Tar),Dry,Construction Work / Material,Cloudy,HOSAKOTE TOWN,PARVATHIPURA TOWN,1 KM,13.078657,77.787583
Bengaluru Dist,Hosakote PS,1.0442e+16,2019,1,4,Road Accidents,Narrow road,Rural Areas,Open area,Human Error,Not Applicable,Simple Injury,Vehicle to Vehicle,Uncontrolled,Not Applicable,NH,Bitumen(Tar),Dry,Not Applicable,Clear,"Kolar To Bangalore NH-75 Road, Near   Halasahalli Gate , Hosakote Taluk",Near Halasahalli Gate,8km,13.091003,77.837051
Bengaluru Dist,Hosakote PS,1.0442e+16,2019,1,1,Road Accidents,Narrow road,Rural Areas,Open area,Human Error,No,Fatal,Not Applicable,Not at  Junction,Straight and flat,Minor District Road,Bitumen(Tar),Ditch or Potholed,Pot holed,Fine,jk road,x,6km,13.085423,77.8079889
Bengaluru Dist,Hosakote PS,1.0442e+16,2019,1,2,Road Accidents,Curves,Rural Areas,Open area,Human Error,No,Fatal,Vehicle to Vehicle,Uncontrolled,Sharp Curve,NH,Bitumen(Tar),Wet,Not Applicable,Clear,NH,X,3KM,13.08703,77.781562
Bengaluru Dist,Hosakote PS,1.0442e+16,2019,1,1,Road Accidents,Circle,City/Town,Open area,Human Error,No,Grievous Injury,Others,Not at  Junction,Not Applicable,NH,Bitumen(Tar),Dry,Not Applicable,Clear,NEAR GPR BAR AND RESTORENT,NH75 SERVICE ROAD,0.5 KM,13.074771,77.791504
Bengaluru Dist,Hosakote PS,1.0442e+16,2019,1,2,Not Applicable,Not Applicable,Rural Areas,Open area,Human Error,Not Applicable,Grievous Injury,Vehicle to Vehicle,Uncontrolled,Others,Residential Street,Bitumen(Tar),Dry,Not Applicable,Clear,"upparahalli- kumblhalli Road, Near Bullet Naraynaswamy House",Near Bullet Narayanswamy House,5km,13.092457,77.792847
Bengaluru Dist,Hosakote PS,1.0442e+16,2019,1,1,Road Accidents,Curves,Rural Areas,Open area,Human Error,No,Grievous Injury,Not Applicable,Not Applicable,Curve,State Highway,Bitumen(Tar),Dry,Not Applicable,Clear,OPP RAMCHARAN HOTEL,HOSAKOTE CHINTAMANI ROAD,3KM,13.087755,77.807621
Bengaluru Dist,Hosakote PS,1.0442e+16,2019,1,2,Road Accidents,Narrow road,City/Town,Open area,Human Error,Not Applicable,Grievous Injury,Vehicle to Vehicle,Uncontrolled,Hump,NH,Bitumen(Tar),Dry,Not Applicable,Clear,"Bengalru To Kolar NH-75 Road, Near Lanco Toll",Near Lanco Toll,3 km,13.061912,77.77273
Bengaluru Dist,Hosakote PS,1.0442e+16,2019,1,1,Road Accidents,Circle,Rural Areas,Open area,Human Error,Yes,Grievous Injury,Hit pedestrian,Stop Sign,Not Applicable,One way,Bitumen(Tar),Dry,Not Applicable,Clear,DODDAHULLURU GATE,HULLURU GATE,4KMS,13.102095,77.821906
Bengaluru Dist,Hosakote PS,1.0442e+16,2019,1,2,Road Accidents,Narrow road,Rural Areas,Open area,Human Error,Not Applicable,Grievous Injury,Vehicle to Vehicle,Uncontrolled,Not Applicable,NH,Bitumen(Tar),Dry,Not Applicable,Clear,"Kolar To Bengalru NH-75 Road, Near Gottipura gate",Near Gottipura,10 km,13.094756,77.84665
Bengaluru Dist,Hosakote PS,1.0442e+16,2019,1,2,Road Accidents,Narrow road,Rural Areas,Open area,Human Error,Not Applicable,Grievous Injury,Vehicle to Vehicle,Uncontrolled,Not Applicable,Mixed,Bitumen(Tar),Dry,Not Applicable,Clear,"Hosakote -Chintamani Road, Near Nandi Grand Hotel",Near Nandi Grand  Hotel,8km,13.099892,77.815829
Bengaluru Dist,Hosakote PS,1.0442e+16,2019,1,1,Road Accidents,Narrow road,City/Town,Open area,Human Error,Not Applicable,Grievous Injury,Not Applicable,Uncontrolled,Not Applicable,Others,Bitumen(Tar),Dry,Not Applicable,Clear,"Hosakote To Maluru Road, Near Nisarga Extention, Hosakote Town",Near Nisarga Badavane,5 km,13.069544,77.80672
Bengaluru Dist,Hosakote PS,1.0442e+16,2019,1,1,Road Accidents,Other,City/Town,Open area,Not Applicable,No,Simple Injury,Hit pedestrian,Not Applicable,Not Applicable,NH,Bitumen(Tar),Dry,Not Applicable,Clear,BANGALORE-KOLAR ROAD NH 75 ROAD NEAR SHIVA GARDEN,HOSAKOTE TOWN,1 KMS,13.077697,77.802446
Bengaluru Dist,Hosakote PS,1.0442e+16,2019,1,2,Road Accidents,Not Applicable,City/Town,Open area,Human Error,Not Applicable,Simple Injury,Others,Uncontrolled,Not Applicable,NH,Bitumen(Tar),Dry,Not Applicable,Clear,"Benagaluru To Kolar NH-75 Service Road, Near Chamundeshweri Hotel, Hosakote Town",Near Chammundeshwari Hotel,1 km,13.070379,77.784351
Bengaluru Dist,Hosakote PS,1.0442e+16,2019,1,2,Road Accidents,Other,City/Town,Open area,Human Error,No,Grievous Injury,Others,Not Applicable,Not Applicable,NH,Bitumen(Tar),Dry,Not Applicable,Clear,KOLAR BANGALORE NH -75 ROAD,NEAR NIGHT HOTEL,1KM,13.077447,77.79348
Bengaluru Dist,Hosakote PS,1.0442e+16,2019,1,2,Road Accidents,T Junction,City/Town,Residential area,Human Error,No,Damage Only,Others,Not Applicable,Hump,NH,Bitumen(Tar),Dry,Not Applicable,Clear,NEAR AMBEDKAR CIRCLE,NH75 ROAD,1KM,13.07705,77.795273
Bengaluru Dist,Hosakote PS,1.0442e+16,2019,1,2,Road Accidents,Other,City/Town,Near Bus stop,Human Error,No,Grievous Injury,Others,Not at  Junction,Not Applicable,NH,Bitumen(Tar),Dry,Not Applicable,Clear,GOUTAM COLONY,OPP SADANA THEATER,1 KM,13.077529,77.801272
Bengaluru Dist,Hosakote PS,1.0442e+16,2019,1,1,Road Accidents,Narrow road,City/Town,Open area,Human Error,Not Applicable,Grievous Injury,Hit pedestrian,Uncontrolled,Others,Others,Bitumen(Tar),Dry,Not Applicable,Clear,"vivekananda School Road , Hosakote Town",Near Puttamma Tailor Shop,2km,13.069143,77.791712
Bengaluru Dist,Hosakote PS,1.0442e+16,2019,1,2,Road Accidents,Not Applicable,City/Town,Open area,Human Error,Yes,Grievous Injury,Vehicle to Vehicle,Not Applicable,Others,State Highway,Bitumen(Tar),Not Applicable,Not Applicable,Clear,HOSAKOTE CHINTAMANI  ROAD,SIDDARTHA NAGARA BRDIGE,2KM,13.077465,77.801444
Bengaluru Dist,Hosakote PS,1.0442e+16,2019,1,2,Road Accidents,Not Applicable,City/Town,Residential area,Human Error,Not Applicable,Grievous Injury,Vehicle to Vehicle,Uncontrolled,Not Applicable,Others,Bitumen(Tar),Dry,Not Applicable,Clear,"Swamy Vivekananda School  Road, Hosakote Twon",Near Ambika Jewellers shop,2 km,13.069596,77.794337
Bengaluru Dist,Hosakote PS,1.0442e+16,2019,1,1,Road Accidents,Narrow road,Rural Areas,Near Petrol Pump,Human Error,Yes,Fatal,Hit pedestrian,Not at  Junction,Straight and flat,State Highway,Bitumen(Tar),Wet,Not Applicable,Clear,sh,x,5km,13.094539,77.81397
Bengaluru Dist,Hosakote PS,1.0442e+16,2019,1,2,Road Accidents,Junction,City/Town,Open area,Human Error,No,Fatal,Vehicle to Vehicle,No signal lights,Straight and flat,NH,Bitumen(Tar),Dry,Not Applicable,Fine,NH,X,3KM,13.061851,77.772751
Bengaluru Dist,Hosakote PS,1.0442e+16,2019,1,1,Road Accidents,Round about or Circle,Rural Areas,Open area,Not Applicable,No,Simple Injury,Not Applicable,Not Applicable,Others,Village Road,Bitumen(Tar),Dry,Not Applicable,Clear,DODDAHULLURU GATE,DODDAHULURU GATE,4 KMS,13.076209,77.787006
Bengaluru Dist,Hosakote PS,1.0442e+16,2019,1,1,Road Accidents,Not Applicable,City/Town,Open area,Human Error,No,Grievous Injury,Not Applicable,Not at  Junction,Not Applicable,NH,Not Applicable,Dry,Not Applicable,Clear,NH-75 SERVICE ROAD,OPP GPR BAR,1,13.075997,77.793762
Bengaluru Dist,Hosakote PS,1.0442e+16,2019,1,2,Road Accidents,Other,City/Town,Near Bus stop,Human Error,No,Fatal,Side impact or Right angle,Not Applicable,Incline,Service Road,Surfaced,Others,Not Applicable,Fine,SERVICE ROAD,X,1/2 KM,13.071949,77.787176
Bengaluru Dist,Hosakote PS,1.0442e+16,2019,1,2,Road Accidents,Junction,City/Town,Open area,Human Error,Not Applicable,Grievous Injury,Others,Uncontrolled,Others,NH,Bitumen(Tar),Dry,Not Applicable,Clear,"Kolar To Bengaluru NH-75 Road, Near Hosakote Lanco Toll",Near Lanco Toll,2 kM,13.06054,77.771237
Bengaluru Dist,Hosakote PS,1.0442e+16,2019,1,1,Road Accidents,Narrow road,Rural Areas,Open area,Human Error,No,Fatal,Hit pedestrian,Not at  Junction,Straight and flat,NH,Bitumen(Tar),Others,Not Applicable,Others,nh75,x,4km,13.08227,77.817114
Bengaluru Dist,Hosakote PS,1.0442e+16,2019,1,1,Road Accidents,Junction,Rural Areas,Near Bus stop,Human Error,Yes,Fatal,Hit pedestrian,Police / Manual,Straight and flat,NH,Bitumen(Tar),Wet,Not Applicable,Fine,NH,X,10KM,13.107387,77.87389
Bengaluru Dist,Hosakote PS,1.0442e+16,2019,1,1,Road Accidents,Narrow road,City/Town,Open area,Human Error,Not Applicable,Grievous Injury,Not Applicable,Uncontrolled,Others,NH,Bitumen(Tar),Dry,Not Applicable,Clear,"Bengaluru To Kolar NH-75 Road, Near MVJ Hospital",Near MVJ  Hospital,5 km,13.077941,77.810961
Bengaluru Dist,Hosakote PS,1.0442e+16,2019,1,1,Road Accidents,Narrow road,City/Town,Open area,Human Error,Not Applicable,Grievous Injury,Not Applicable,Uncontrolled,Others,Others,Bitumen(Tar),Dry,Not Applicable,Clear,K.R.Road  Near  Alankara Talkies,Near Alankara  Talkies,1 km,13.077713,77.786755
Bengaluru Dist,Hosakote PS,1.0442e+16,2019,1,2,Road Accidents,Not Applicable,Rural Areas,Open area,Human Error,Yes,Grievous Injury,Hit and Run,Controlled,Curve,Not Applicable,Bitumen(Tar),Dry,Not Applicable,Clear,"HOSAKOTE CHINTAMANI  ROAD , NANDI GRAND HOTEL",NEAR NANDI GRAND HOTEL,3KMS,13.060387,77.771262
Bengaluru Dist,Hosakote PS,1.0442e+16,2019,1,2,Road Accidents,Narrow road,Rural Areas,Open area,Human Error,No,Grievous Injury,Others,Not Applicable,Not Applicable,State Highway,Bitumen(Tar),Dry,Not Applicable,Clear,HOSAKOTE MALURU ROAD,NEAR GONAKANAHALLI GATE,8KMS,13.063031,77.787727
Bengaluru Dist,Hosakote PS,1.0442e+16,2019,1,1,Road Accidents,Narrow road,City/Town,Near Bus stop,Human Error,Yes,Fatal,Hit pedestrian,Not at  Junction,Straight and flat,NH,Bitumen(Tar),Wet,Not Applicable,Clear,nh75,c,1km,13.073458,77.7886579
Bengaluru Dist,Hosakote PS,1.0442e+16,2019,1,1,Road Accidents,T Junction,City/Town,Open area,Human Error,Not Applicable,Grievous Injury,Others,Uncontrolled,Others,NH,Bitumen(Tar),Dry,Pot holed,Clear,"Bengaluru To kolar  NH-75 Road, Near Santhe Gate, Hosakote Town",Near Santhe gate,2 km,13.077272,77.80194
Bengaluru Dist,Hosakote PS,1.0442e+16,2019,1,1,Road Accidents,Narrow road,City/Town,Open area,Human Error,No,Fatal,Hit pedestrian,Not at  Junction,Straight and flat,NH,Bitumen(Tar),Others,Not Applicable,Not Applicable,NH 75,X,330 MT,13.073264,77.789247
Bengaluru Dist,Hosakote PS,1.0442e+16,2019,1,2,Road Accidents,Narrow road,City/Town,Open area,Human Error,Not Applicable,Grievous Injury,Vehicle to Vehicle,Uncontrolled,Others,NH,Bitumen(Tar),Dry,Not Applicable,Clear,"Bengaluru To Kolar NH-75 Sevice ROad, Near GPR Bar",Near GPR Bar,1 km,13.074579,77.791146
Bengaluru Dist,Hosakote PS,1.0442e+16,2019,1,1,Road Accidents,Not Applicable,City/Town,Residential area,Human Error,Not Applicable,Grievous Injury,Not Applicable,Uncontrolled,Not Applicable,Residential Street,Kutcha,Dry,Not Applicable,Clear,Venkatadri Layout,Near Ashvini Hospital,2 km,13.064514,77.798492
Bengaluru Dist,Hosakote PS,1.0442e+16,2019,1,2,Road Accidents,Narrow road,City/Town,Open area,Human Error,No,Fatal,Vehicle to Vehicle,Not at  Junction,Straight and flat,Service Road,Bitumen(Tar),Others,Not Applicable,Clear,SERVICE ROAD NH 75,X,1KM,13.067441,77.7785159
Bengaluru Dist,Hosakote PS,1.0442e+16,2019,1,2,Road Accidents,Cross roads,City/Town,Open area,Human Error,Yes,Fatal,Vehicle to Vehicle,Give way sign,Straight and flat,State Highway,Bitumen(Tar),Wet,Not Applicable,Clear,State high way,x,3km,13.077296,77.80186
Bengaluru Dist,Hosakote PS,1.0442e+16,2019,1,2,Road Accidents,Narrow road,Rural Areas,Near Bus stop,Human Error,Yes,Fatal,Vehicle to Vehicle,Not at  Junction,Straight and flat,NH,Bitumen(Tar),Dry,Not Applicable,Fine,NH,X,X,13.097437,77.855361
Bengaluru Dist,Hosakote PS,1.0442e+16,2019,1,2,Road Accidents,Curves,Rural Areas,Open area,Human Error,No,Fatal,Vehicle to Vehicle,Not at  Junction,Slight Curve,State Highway,Bitumen(Tar),Ditch or Potholed,Not Applicable,Clear,SH,X,4KM,13.066813,77.81481
Bengaluru Dist,Hosakote PS,1.0442e+16,2019,1,2,Road Accidents,Circle,City/Town,Near Hospital,Human Error,Not Applicable,Grievous Injury,Vehicle to Vehicle,Uncontrolled,Not Applicable,Others,Bitumen(Tar),Dry,Not Applicable,Clear,"Hosakote -Chintamani Road, Near Santhe Gate",Near Santhe gate,4 km,13.077197,77.801362
Bengaluru Dist,Hosakote PS,1.0442e+16,2019,1,2,Road Accidents,Narrow road,City/Town,Open area,Human Error,No,Fatal,Vehicle to Vehicle,Controlled,Straight and flat,NH,Bitumen(Tar),Wet,Pot holed,Clear,NH,X,0.5KM,13.060238,77.770946
Bengaluru Dist,Hosakote PS,1.0442e+16,2019,1,2,Road Accidents,Not Applicable,City/Town,Near Bus stop,Human Error,No,Grievous Injury,Not Applicable,Not Applicable,Not Applicable,One way,Bitumen(Tar),Dry,Not Applicable,Clear,HOSAKOTE-CHINTAMANI ROAD,NEAR ANJANEYA TEMPLE CHIKKAHULLURUR,3KMS,13.077847,77.7853369
Bengaluru Dist,Hosakote PS,1.0442e+16,2019,1,1,Road Accidents,Other,Rural Areas,Open area,Human Error,Not Applicable,Grievous Injury,Others,Uncontrolled,Others,NH,Bitumen(Tar),Dry,Not Applicable,Clear,"Bengaluru To Kolar NH-75 Road, Near Nandi Grand Hotel",Near Nandi Grand,5km,13.087948,77.828799
Bengaluru Dist,Hosakote PS,1.0442e+16,2019,1,2,Road Accidents,Narrow road,City/Town,Open area,Human Error,No,Damage Only,Others,Signal lights Blinking,Not Applicable,NH,Bitumen(Tar),Dry,Not Applicable,Clear,NH-75 ROAD,IB CIRCLE,300 ME,13.070535,77.7836189
Bengaluru Dist,Hosakote PS,1.0442e+16,2019,1,1,Road Accidents,Other,Rural Areas,Open area,Human Error,Not Applicable,Grievous Injury,Not Applicable,Uncontrolled,Not Applicable,NH,Bitumen(Tar),Dry,Not Applicable,Clear,"Bengaluru To Kolar NH-75 Road, Near BIAML Car Show Room",Near Baiml Car Show Room,4 km,13.076587,77.8053699
Bengaluru Dist,Hosakote PS,1.0442e+16,2019,1,1,Road Accidents,Other,Not Applicable,Open area,Human Error,Not Applicable,Grievous Injury,Others,Uncontrolled,Others,NH,Bitumen(Tar),Dry,Not Applicable,Clear,"Kolar to Bengaluru  NH-75 Road, Near SBI , Old Madra Road, Hosakote Town",Near SBI Bank,2 km,13.072782,77.786856
Bengaluru Dist,Hosakote PS,1.0442e+16,2019,1,2,Road Accidents,Circle,City/Town,Open area,Human Error,Not Applicable,Damage Only,Others,Uncontrolled,Others,NH,Bitumen(Tar),Dry,Not Applicable,Clear,Near Gowtham Circle,Near Gowtham Circle,1 km,13.076978,77.795564
Bengaluru Dist,Hosakote PS,1.0442e+16,2019,1,2,Road Accidents,Narrow road,Rural Areas,Open area,Human Error,Yes,Fatal,Vehicle to Vehicle,Uncontrolled,Straight and flat,NH,Bitumen(Tar),Dry,Not Applicable,Clear,NH,X,10KM,13.094708,77.8466909
Bengaluru Dist,Hosakote PS,1.0442e+16,2019,1,2,Road Accidents,Narrow road,City/Town,Open area,Human Error,No,Grievous Injury,Vehicle to Vehicle,Controlled,Not Applicable,NH,Bitumen(Tar),Dry,Not Applicable,Clear,OPP AKRUTHI JEWELLERS,KOLAR BANGALOR NH75 ROAD,1KM,13.07382,77.790064
Bengaluru Dist,Hosakote PS,1.0442e+16,2019,1,3,Road Accidents,Narrow road,City/Town,Open area,Human Error,No,Grievous Injury,Vehicle to Vehicle,Not Applicable,Not Applicable,NH,Bitumen(Tar),Dry,Not Applicable,Clear,NEAR KEB CIRCLE,HOSAKOTE TOWN,1,13.072693,77.787617
Bengaluru Dist,Hosakote PS,1.0442e+16,2019,1,1,Road Accidents,Not Applicable,City/Town,Open area,Human Error,Not Applicable,Grievous Injury,Not Applicable,Uncontrolled,Not Applicable,NH,Bitumen(Tar),Dry,Not Applicable,Clear,"Kolar TO Bengaluru NH-75 Road, Near MSIL  Shop, Hosakote Town",Near MSIL Shop,1 km,13.072194,77.786765
Bengaluru Dist,Hosakote PS,1.0442e+16,2019,1,2,Road Accidents,Not Applicable,City/Town,Open area,Human Error,No,Grievous Injury,Others,Stop sign,Not Applicable,NH,Bitumen(Tar),Dry,Not Applicable,Clear,NEAR LANCO TOLL,NH75 ROAD,1 KM,13.060476,77.770973
Bengaluru Dist,Hosakote PS,1.0442e+16,2019,1,2,Road Accidents,Not Applicable,Rural Areas,Open area,Human Error,Not Applicable,Simple Injury,Others,Uncontrolled,Not Applicable,NH,Bitumen(Tar),Dry,Not Applicable,Clear,"Kolar TO Bengalore NH-75 Road, Arun Farm, Gottipura Gate",Near Gottipura Gate,8 km,13.094712,77.846423
Bengaluru Dist,Hosakote PS,1.0442e+16,2019,1,1,Road Accidents,Not Applicable,City/Town,Open area,Human Error,Not Applicable,Grievous Injury,Hit pedestrian,Uncontrolled,Not Applicable,NH,Bitumen(Tar),Dry,Not Applicable,Clear,"Bengalru To Kolar NH-75 Road, Near Gowtham Circle, Hosakote Town",Near Gowtham Circle,2 km,13.076876,77.795456
Bengaluru Dist,Hosakote PS,1.0442e+16,2019,1,3,Not Applicable,Narrow road,Rural Areas,Open area,Human Error,Not Applicable,Grievous Injury,Not Applicable,Uncontrolled,Others,NH,Bitumen(Tar),Dry,Not Applicable,Others,Near HP Petrol Bunk,Near HP Petrol Bunk,8 km,13.098609,77.8223
Bengaluru Dist,Hosakote PS,1.0442e+16,2019,1,1,Road Accidents,Narrow road,Rural Areas,Open area,Human Error,Not Applicable,Grievous Injury,Not Applicable,Uncontrolled,Curve,Two way,Bitumen(Tar),Dry,Not Applicable,Clear,"Kolar To Bengalru NH-75 Road, Near Kolthuru Gate,",Near Kolthuru Gate,6 km,13.084959,77.825309
Bengaluru Dist,Hosakote PS,1.0442e+16,2019,1,1,Road Accidents,Narrow road,Rural Areas,Open area,Human Error,Not Applicable,Grievous Injury,Not Applicable,Uncontrolled,Not Applicable,NH,Bitumen(Tar),Dry,Not Applicable,Clear,"Kolar TO Bengalru NH-75 Raod, Near Bimal Car Show Room",Near Baiml Car Show Room,5 km,13.074368,77.8117189
Bengaluru Dist,Hosakote PS,1.0442e+16,2019,1,1,Road Accidents,Road hump or Rumble strips,Rural Areas,Open area,Human Error,Not Applicable,Grievous Injury,Not Applicable,Uncontrolled,Not Applicable,State Highway,Bitumen(Tar),Dry,Not Applicable,Clear,Chintamani Hosakote Road,Near Sonndenahalli Gate,6 km,13.087829,77.807677
Bengaluru Dist,Hosakote PS,1.0442e+16,2019,1,3,Road Accidents,Narrow road,City/Town,Open area,Human Error,Not Applicable,Damage Only,Not Applicable,Uncontrolled,Others,NH,Bitumen(Tar),Dry,Not Applicable,Clear,"Kolar To Bengaluru NH-75 Road, Near Gottipura Gate,",Near Gottipura Gate,8 km,13.094792,77.846825
Bengaluru Dist,Hosakote PS,1.0442e+16,2019,1,1,Road Accidents,Narrow road,City/Town,Open area,Human Error,No,Fatal,Hit pedestrian,Not at  Junction,Straight and flat,NH,Bitumen(Tar),Others,Not Applicable,Fine,NH 75,X,5 KM,13.076751,77.806947
Bengaluru Dist,Hosakote PS,1.0442e+16,2019,1,1,Road Accidents,Curves,Rural Areas,Narrow bridge or culverts,Human Error,No,Fatal,Not Applicable,Not at  Junction,Sharp Curve,State Highway,Bitumen(Tar),Others,Not Applicable,Clear,SH road,x,4km,13.081656,77.807071
Bengaluru Dist,Hosakote PS,1.0442e+16,2019,1,2,Road Accidents,Narrow road,City/Town,Open area,Human Error,No,Grievous Injury,Vehicle to Vehicle,Not Applicable,Not Applicable,NH,Bitumen(Tar),Dry,Not Applicable,Clear,NEAR SHIVA GARDEN HOSAKOTE TOWN,BANGALORE KOLAR NH75 ROAD,0.5 KM,13.067962,77.779429
Bengaluru Dist,Hosakote PS,1.0442e+16,2019,1,2,Road Accidents,Not Applicable,Rural Areas,Open area,Human Error,Not Applicable,Grievous Injury,Vehicle to Vehicle,Uncontrolled,Not Applicable,NH,Bitumen(Tar),Dry,Not Applicable,Clear,"Hosakote-Sulibele Road, Near Lakkondnahalli gate",Near Lakkondnahalli Gate,5km,13.117228,77.773417
Bengaluru Dist,Hosakote PS,1.0442e+16,2019,1,1,Road Accidents,More than four arms,Rural Areas,Open area,Human Error,No,Fatal,Skidding or Self accident,Not at  Junction,Straight and flat,NH,Not Applicable,Not Applicable,Not Applicable,Cloudy,NEAR CHINNAPURA GETE,X,10 KM,13.068179,77.787723
Bengaluru Dist,Hosakote PS,1.0442e+16,2019,1,2,Road Accidents,Narrow road,City/Town,Open area,Human Error,Yes,Grievous Injury,Hit and Run,Not Applicable,Not Applicable,One way,Bitumen(Tar),Dry,Not Applicable,Clear,NEAR ANUSRI BEKARY HOSAKOTE TOWN,GANGAMMA GUDI ROAD,1KM,13.069266,77.7882999
Bengaluru Dist,Hosakote PS,1.0442e+16,2019,1,2,Road Accidents,Other,City/Town,Near Bus stop,Human Error,Not Applicable,Grievous Injury,Others,Uncontrolled,Others,NH,Bitumen(Tar),Dry,Not Applicable,Clear,"bengaluru To Kolar NH-75 Service ROad Near KEb circle , Hosakote Town",Near kE,1 km,13.072037,77.7873709
Bengaluru Dist,Hosakote PS,1.0442e+16,2019,1,2,Road Accidents,Cross roads,Rural Areas,Narrow bridge or culverts,Human Error,No,Fatal,Vehicle to Vehicle,Not at  Junction,Curve,NH,Bitumen(Tar),Others,Not Applicable,Fine,NH,C,3KM,13.089143,77.781378
Bengaluru Dist,Hosakote PS,1.0442e+16,2019,1,2,Road Accidents,Narrow road,Rural Areas,Open area,Human Error,Not Applicable,Grievous Injury,Vehicle to Vehicle,Uncontrolled,Not Applicable,NH,Bitumen(Tar),Dry,Not Applicable,Clear,"Bengalru To Kolar Road, Near Atturu Gate",Near Atturu Gate,10,13.098744,77.85856
Bengaluru Dist,Hosakote PS,1.0442e+16,2019,1,2,Road Accidents,Narrow road,City/Town,Near Hospital,Human Error,Not Applicable,Grievous Injury,Vehicle to Vehicle,Uncontrolled,Others,NH,Bitumen(Tar),Dry,Not Applicable,Clear,"Kolar To Bengaluru NH-75 Road, Near MVJ Hospital",Near MVJ  Hospital,6 km,13.079357,77.812454
Bengaluru Dist,Hosakote PS,1.0442e+16,2019,1,2,Road Accidents,Not Applicable,City/Town,Open area,Human Error,Yes,Grievous Injury,Vehicle to Vehicle,Controlled,Not Applicable,NH,Bitumen(Tar),Dry,Not Applicable,Clear,BANGALORE TO KOLAR NH75,OPP INDIAN OIL PETROL BUNK,0.5KM,13.074882,77.791873