DISTRICTNAME,UNITNAME,Crime_No,Year,RI,Noofvehicle_involved,Accident_Classification,Accident_Spot,Accident_Location,Accident_SubLocation,Main_Cause,Hit_Run,Severity,Collision_Type,Junction_Control,Road_Character,Road_Type,Surface_Type,Surface_Condition,Road_Condition,Weather,Accident_Road,Landmark_first,Distance_LandMark_First,Latitude,Longitude
Bengaluru Dist,Hosakote PS,1.0442e+16,2019,1,2,Road Accidents,Narrow road,City/Town,Open area,Human Error,Not Applicable,Grievous Injury,Vehicle to Vehicle,Uncontrolled,Not Applicable,NH,Bitumen(Tar),Dry,Not Applicable,Clear,Bengaluru TO Kolar NH-75 Road Near Lanco Toll,Near Lanco Toll,4 km,13.060108,77.770993
Bengaluru Dist,Hosakote PS,1.0442e+16,2019,1,2,Road Accidents,Narrow road,City/Town,Open area,Human Error,Not Applicable,Grievous Injury,Vehicle to Vehicle,Uncontrolled,Others,NH,Bitumen(Tar),Dry,Not Applicable,Clear,"Kolar To Bengaluru NH-75 Service Road,Near MVJ Hospital",Near MVJ  Hospital,5 km,13.078972,77.81165
Bengaluru Dist,Hosakote PS,1.0442e+16,2019,1,2,Road Accidents,Cross roads,Rural Areas,Open area,Human Error,No,Grievous Injury,Vehicle to Vehicle,Controlled,Curve,NH,Bitumen(Tar),Dry,Not Applicable,Clear,UPPARAHALLI BRIDGE,HOSAKOTEDEVANAHALLI ROAD,1 KM,13.088548,77.780815
Bengaluru Dist,Hosakote PS,1.0442e+16,2019,1,3,Road Accidents,Narrow road,City/Town,Near Bus stop,Human Error,No,Damage Only,Vehicle to Vehicle,Not Applicable,Hump,NH,Bitumen(Tar),Dry,Not Applicable,Clear,NH-75 ROAD,COURT CIRLCE,300 MT,13.070184,77.7836579
Bengaluru Dist,Hosakote PS,1.0442e+16,2019,1,2,Road Accidents,Narrow road,City/Town,Open area,Human Error,No,Grievous Injury,Not Applicable,Not Applicable,Not Applicable,NH,Bitumen(Tar),Dry,Not Applicable,Clear,NEAR LANCO TOLL,OPP NALAPAKA HOTEL,1,13.065918,77.7763829
Bengaluru Dist,Hosakote PS,1.0442e+16,2019,1,2,Road Accidents,Not Applicable,City/Town,Open area,Human Error,Not Applicable,Grievous Injury,Others,Uncontrolled,Not Applicable,NH,Bitumen(Tar),Dry,Not Applicable,Clear,"Bengaluru To kolar  NH-75 Road, Near Santhe Gate, Near HP Petrol Bunk",Near HP Petrol Bunk,2km,13.07741,77.801278
Bengaluru Dist,Hosakote PS,1.0442e+16,2019,1,1,Road Accidents,Circle,City/Town,Near Bus stop,Human Error,No,Damage Only,Others,Stop sign,Not Applicable,NH,Bitumen(Tar),Dry,Not Applicable,Clear,IB CIRCLE,NH75 ROAD,05KM,13.07059,77.784536
Bengaluru Dist,Hosakote PS,1.0442e+16,2019,1,2,Road Accidents,Narrow road,City/Town,Open area,Human Error,Not Applicable,Grievous Injury,Not Applicable,Uncontrolled,Not Applicable,NH,Bitumen(Tar),Dry,Drainage Ditch,Clear,"Bengalru To NH 75 Road, Near MVJ Hospital",Near MVJ  Hospital,5 km,13.079318,77.8123499
Bengaluru Dist,Hosakote PS,1.0442e+16,2019,1,1,Road Accidents,Other,City/Town,Narrow bridge or culverts,Human Error,No,Grievous Injury,Others,Controlled,Not Applicable,NH,Bitumen(Tar),Dry,Not Applicable,Clear,NEAR CTO OFFICE,NH75 ROAD,1KM,13.076675,77.804771
Bengaluru Dist,Hosakote PS,1.0442e+16,2019,1,2,Road Accidents,Narrow road,City/Town,Open area,Human Error,No,Fatal,Vehicle to Vehicle,Not at  Junction,Steep Incline or Climb,NH,Bitumen(Tar),Others,Not Applicable,Fine,nh75,X,2KM,13.077352,77.801673
Bengaluru Dist,Hosakote PS,1.0442e+16,2019,1,2,Road Accidents,Narrow road,City/Town,Near Hospital,Human Error,No,Grievous Injury,Vehicle to Vehicle,Controlled,Not Applicable,NH,Bitumen(Tar),Dry,Not Applicable,Clear,MVJ HOSPITAL,NH75 ROAD,2KMS,13.079419,77.812276
Bengaluru Dist,Hosakote PS,1.0442e+16,2019,1,2,Road Accidents,Junction,City/Town,Near office complex,Human Error,No,Fatal,Vehicle to Vehicle,No signal lights,Straight and flat,Service Road,Bitumen(Tar),Not Applicable,Not Applicable,Fine,service road,x,1 km,13.077322,77.796972
Bengaluru Dist,Hosakote PS,1.0442e+16,2019,1,1,Road Accidents,Cross roads,Rural Areas,Residential area,Human Error,No,Fatal,Hit pedestrian,Not at  Junction,Straight and flat,Residential Street,Bitumen(Tar),Muddy,Pot holed,Fine,VILLAGE ROAD,X,3 KM,13.079545,77.812124
Bengaluru Dist,Hosakote PS,1.0442e+16,2019,1,1,Road Accidents,Narrow road,City/Town,Open area,Human Error,Not Applicable,Grievous Injury,Not Applicable,Uncontrolled,Others,Others,Bitumen(Tar),Dry,Not Applicable,Clear,"Hosakote -Chintamani Road, Near Siddartha Nagar",Near Siddaratha Nagar,3 km,13.082332,77.8075889
Bengaluru Dist,Hosakote PS,1.0442e+16,2019,1,2,Road Accidents,Narrow road,Rural Areas,Open area,Human Error,Not Applicable,Grievous Injury,Others,Uncontrolled,Not Applicable,NH,Bitumen(Tar),Dry,Not Applicable,Clear,"Bengaluru To Kolar NH-75 Road, Near Atturu Gate",Near Atturu Gate,8 km,13.099019,77.85922
Bengaluru Dist,Hosakote PS,1.0442e+16,2019,1,2,Road Accidents,Narrow road,City/Town,Open area,Human Error,No,Grievous Injury,Others,Not Applicable,Not Applicable,NH,Bitumen(Tar),Not Applicable,Not Applicable,Clear,NEAR LANCO TOLL U TURN,LANCO TOLL U TURN,1,13.062025,77.772909
Bengaluru Dist,Hosakote PS,1.0442e+16,2019,1,2,Road Accidents,Other,City/Town,Open area,Human Error,No,Damage Only,Others,No signal lights,Others,NH,Bitumen(Tar),Dry,Not Applicable,Clear,GOUTAM COLONY,NH75 SERVICE,1KM,13.077019,77.7952419
Bengaluru Dist,Hosakote PS,1.0442e+16,2019,1,1,Road Accidents,Circle,City/Town,Near Bus stop,Human Error,Yes,Fatal,Hit pedestrian,No signal lights,Straight and flat,NH,Bitumen(Tar),Dry,Not Applicable,Clear,nh,x,half k,13.070023,77.7837299
Bengaluru Dist,Hosakote PS,1.0442e+16,2019,1,2,Road Accidents,Other,Rural Areas,Near Hospital,Human Error,No,Damage Only,Others,Controlled,Not Applicable,NH,Bitumen(Tar),Dry,Not Applicable,Clear,MVJ HOSPITAL,DANDUPALYA,1KM,13.079303,77.812183
Bengaluru Dist,Hosakote PS,1.0442e+16,2019,1,1,Road Accidents,Narrow road,Rural Areas,Open area,Human Error,Yes,Fatal,Hit pedestrian,Not at  Junction,Straight and flat,NH,Bitumen(Tar),Wet,Not Applicable,Clear,nh,x,6km,13.082057,77.8166439
Bengaluru Dist,Hosakote PS,1.0442e+16,2019,1,2,Road Accidents,Narrow road,Rural Areas,Open area,Human Error,No,Fatal,Vehicle to Vehicle,Not Applicable,Straight and flat,NH,Bitumen(Tar),Others,Not Applicable,Fine,NH75,X,8 KM,13.107248,77.873178
Bengaluru Dist,Hosakote PS,1.0442e+16,2019,1,1,Road Accidents,Narrow road,Rural Areas,Open area,Human Error,Not Applicable,Damage Only,Not Applicable,Uncontrolled,Not Applicable,NH,Bitumen(Tar),Dry,Not Applicable,Clear,"Kolar To Bengaluru NH-75 Road, Near NH-75 Hotel, Hosakote taluk",Near NH75 Hotel,10 km,13.104213,77.868678
Bengaluru Dist,Hosakote PS,1.0442e+16,2019,1,2,Road Accidents,T Junction,Rural Areas,Open area,Human Error,Not Applicable,Grievous Injury,Others,Uncontrolled,Others,NH,Bitumen(Tar),Dry,Not Applicable,Clear,"Bengaluru To Kolar NH-75 Road, Near Kothuru Gate",Near Kolthuru Gate,5 km,13.117305,77.771996
Bengaluru Dist,Hosakote PS,1.0442e+16,2019,1,2,Road Accidents,Narrow road,City/Town,Open area,Human Error,Not Applicable,Grievous Injury,Others,Uncontrolled,Others,NH,Bitumen(Tar),Dry,Not Applicable,Clear,"Bengalru To Kolar NH-75 Service Road,",Near Girls College Main Gate,1km,13.071065,77.784828
Bengaluru Dist,Hosakote PS,1.0442e+16,2019,1,2,Road Accidents,Narrow road,Rural Areas,Open area,Human Error,Yes,Fatal,Vehicle to Vehicle,Not at  Junction,Straight and flat,NH,Bitumen(Tar),Dry,Not Applicable,Clear,nh,x,8km,13.094838,77.846719
Bengaluru Dist,Hosakote PS,1.0442e+16,2019,1,2,Road Accidents,Circle,City/Town,Near Hospital,Human Error,No,Grievous Injury,Others,Stop sign,Hump,NH,Bitumen(Tar),Dry,Not Applicable,Clear,KOLAR BANGALORE NH -75 ROAD,NEAR MVJ HOSPITAL,2KMS,13.079052,77.812408
Bengaluru Dist,Hosakote PS,1.0442e+16,2019,1,2,Road Accidents,Not Applicable,City/Town,Near Hospital,Human Error,No,Grievous Injury,Vehicle to Vehicle,Not Applicable,Not Applicable,NH,Bitumen(Tar),Dry,Not Applicable,Clear,SANTEGATE FLY OVER,KOLAR BANGALOR NH75 ROAD,1KM,13.077949,77.801923
Bengaluru Dist,Hosakote PS,1.0442e+16,2019,1,1,Road Accidents,Cross roads,Rural Areas,Near Bus stop,Human Error,No,Grievous Injury,Hit pedestrian,Not Applicable,Not Applicable,NH,Bitumen(Tar),Dry,Not Applicable,Clear,SHANKANIPURA GATE,NH207 ROAD,4KMS,13.108134,77.7758669
Bengaluru Dist,Hosakote PS,1.0442e+16,2019,1,1,Road Accidents,Junction,Rural Areas,At pedestrian Crossing,Human Error,No,Fatal,Hit pedestrian,No signal lights,Curve,State Highway,Bitumen(Tar),Others,Not Applicable,Fine,SH,X,6KM,13.087765,77.807605
Bengaluru Dist,Hosakote PS,1.0442e+16,2019,1,2,Road Accidents,Narrow road,Rural Areas,Open area,Human Error,No,Grievous Injury,Vehicle to Vehicle,Not at  Junction,Not Applicable,NH,Bitumen(Tar),Dry,Not Applicable,Clear,HOSAKOTE-DEVANAHALLI 207 ROAD,ALAPPANAHALLI GATE,5KMS,13.103717,77.777638
Bengaluru Dist,Hosakote PS,1.0442e+16,2019,1,2,Road Accidents,Junction,City/Town,Open area,Human Error,Not Applicable,Grievous Injury,Vehicle to Vehicle,Uncontrolled,Others,State Highway,Bitumen(Tar),Dry,Not Applicable,Clear,Hosakote-Maluru Road Near Nisarga Badavane,Near Nisarga Badavane,4 km,13.074389,77.804742
Bengaluru Dist,Hosakote PS,1.0442e+16,2019,1,2,Road Accidents,Narrow road,Rural Areas,Open area,Human Error,Not Applicable,Simple Injury,Vehicle to Vehicle,Uncontrolled,Not Applicable,NH,Bitumen(Tar),Dry,Not Applicable,Clear,"Bengaluru To Kolar NH-75 Road, Near MVJ Hospital",Near MVJ  Hospital,6 km,13.079116,77.811962
Bengaluru Dist,Hosakote PS,1.0442e+16,2019,1,2,Road Accidents,Circle,City/Town,Open area,Human Error,Not Applicable,Grievous Injury,Vehicle to Vehicle,Uncontrolled,Others,NH,Bitumen(Tar),Dry,Not Applicable,Clear,"Bengaluru TO Kolar NH-75 Road, Near I.B.Circle, Hosakote Town",Near IB Circle,1 km,13.070375,77.78368
Bengaluru Dist,Hosakote PS,1.0442e+16,2019,1,1,Not Applicable,Narrow road,Rural Areas,Open area,Human Error,Not Applicable,Grievous Injury,Not Applicable,Uncontrolled,Others,Others,Bitumen(Tar),Dry,Pot holed,Clear,"Kolthru-Maluru Road,",Near swamy vivekananda School,3 km,13.076196,77.826298
Bengaluru Dist,Hosakote PS,1.0442e+16,2019,1,1,Road Accidents,Narrow road,Rural Areas,Open area,Human Error,Not Applicable,Grievous Injury,Not Applicable,Uncontrolled,Not Applicable,Others,Bitumen(Tar),Dry,Not Applicable,Clear,Hosakote-Maluru Road Near IOC  Circle,Near IOC Cross,5 km,13.059983,77.827545
Bengaluru Dist,Hosakote PS,1.0442e+16,2019,1,2,Road Accidents,Narrow road,Rural Areas,Open area,Human Error,No,Fatal,Vehicle to Vehicle,Not at  Junction,Straight and flat,NH,Bitumen(Tar),Wet,Pot holed,Fine,nh,x,4km,13.10201,77.7778719
Bengaluru Dist,Hosakote PS,1.0442e+16,2019,1,2,Road Accidents,Junction,City/Town,Open area,Human Error,Not Applicable,Simple Injury,Others,Uncontrolled,Others,NH,Bitumen(Tar),Dry,Not Applicable,Clear,"Bengaluru To Kolar NH-75 Road, Near Gowtham Circle",Near Gowtham Circle,2 km,13.058346,77.769481
Bengaluru Dist,Hosakote PS,1.0442e+16,2019,1,1,Road Accidents,Other,City/Town,Near Bus stop,Not Applicable,No,Simple Injury,Not Applicable,Not Applicable,Others,NH,Bitumen(Tar),Dry,Not Applicable,Clear,NH 75 KOLAR - BANGALORE ROAD,NH 75 ROAD,1 KMS,13.073996,77.787796
Bengaluru Dist,Hosakote PS,1.0442e+16,2019,1,1,Road Accidents,Junction,City/Town,Open area,Human Error,Not Applicable,Grievous Injury,Not Applicable,Uncontrolled,Not Applicable,NH,Bitumen(Tar),Others,Not Applicable,Clear,Near Toll,Near Toll,3 km,13.060321,77.770847
Bengaluru Dist,Hosakote PS,1.0442e+16,2019,1,2,Road Accidents,Junction,Rural Areas,Near Bus stop,Human Error,No,Fatal,Rear end,No signal lights,Straight and flat,NH,Surfaced,Wet,Not Applicable,Fine,NH75 ATTIVATTA GATE,X,5KM,13.097561,77.85591
Bengaluru Dist,Hosakote PS,1.0442e+16,2019,1,2,Road Accidents,Other,City/Town,Open area,Human Error,Yes,Grievous Injury,Hit and Run,Not at  Junction,Curve,Two way,Bitumen(Tar),Dry,Not Applicable,Clear,NEAR SRINIVASA BEKARY,GANGAMMA GUDI ROAD,1KM,13.070367,77.793835
Bengaluru Dist,Hosakote PS,1.0442e+16,2019,1,1,Road Accidents,Curves,Rural Areas,Residential area,Human Error,No,Fatal,Hit pedestrian,Uncontrolled,Sharp Curve,Others,Bitumen(Tar),Others,Pot holed,Fine,VILLAGE ROAD,X,10KM,13.110585,77.872609
Bengaluru Dist,Hosakote PS,1.0442e+16,2019,1,1,Road Accidents,Narrow road,City/Town,At pedestrian Crossing,Human Error,No,Fatal,Hit pedestrian,Not at  Junction,Straight and flat,NH,Bitumen(Tar),Dry,Not Applicable,Clear,NH 75,X,1KM,13.076664,77.795006
Bengaluru Dist,Hosakote PS,1.0442e+16,2020,1,2,Road Accidents,Circle,City/Town,Open area,Human Error,No,Damage Only,Vehicle to Vehicle,Controlled,Hump,NH,Bitumen(Tar),Dry,Not Applicable,Clear,HOSAKOTE CHINTAMANI  ROAD,1KM,1,13.077367,77.801699
Bengaluru Dist,Hosakote PS,1.0442e+16,2020,1,1,Road Accidents,Narrow road,Rural Areas,Open area,Human Error,No,Fatal,Not Applicable,Not at  Junction,Straight and flat,State Highway,Bitumen(Tar),Wet,Pot holed,Light Rain,state high way,x,6km,13.060279,77.827555
Bengaluru Dist,Hosakote PS,1.0442e+16,2020,1,1,Road Accidents,Not Applicable,City/Town,Open area,Human Error,Not Applicable,Grievous Injury,Not Applicable,Uncontrolled,Others,Others,Bitumen(Tar),Dry,Not Applicable,Clear,"Hosakote-Chintamani Road, Near Siddartha Nagar, Hosakote Town",Near Siddaratha Nagar,3 km,13.079728,77.804599
Bengaluru Dist,Hosakote PS,1.0442e+16,2020,1,2,Road Accidents,Narrow road,City/Town,Near Hospital,Human Error,No,Simple Injury,Vehicle to Vehicle,Signal lights Blinking,Not Applicable,NH,Bitumen(Tar),Dry,Not Applicable,Clear,NH75 ROAD,OPP MVJ HOSPITAL,1KM,13.069131,77.788734
Bengaluru Dist,Hosakote PS,1.0442e+16,2020,1,2,Road Accidents,Narrow road,Rural Areas,Open area,Human Error,No,Fatal,Vehicle to Vehicle,Not at  Junction,Others,NH,Bitumen(Tar),Others,Not Applicable,Cloudy,BENGALURU-KOLAR,NH 75 HOTEL,250 Mt,13.110052,77.876401
Bengaluru Dist,Hosakote PS,1.0442e+16,2020,1,2,Road Accidents,Narrow road,City/Town,Open area,Human Error,Not Applicable,Grievous Injury,Vehicle to Vehicle,Uncontrolled,Others,NH,Bitumen(Tar),Dry,Not Applicable,Others,"Bengaluru To Kolar NH-75 Road, Near Lanco Toll",Near Lanco Toll,2 km,13.058158,77.769598
Bengaluru Dist,Hosakote PS,1.0442e+16,2020,1,2,Road Accidents,Junction,City/Town,Open area,Human Error,No,Fatal,Vehicle to Vehicle,No signal lights,Straight and flat,NH,Bitumen(Tar),Others,No influence on accident,Clear,NEAR BIMAL CAR SHOWROOM,X,2KM,13.076779,77.806956
Bengaluru Dist,Hosakote PS,1.0442e+16,2020,1,2,Road Accidents,Junction,City/Town,Open area,Human Error,No,Damage Only,Vehicle to Vehicle,Controlled,Others,NH,Surfaced,Dry,Not Applicable,Clear,NH-75 ROAD,NEAR TOLL GATE,1KM,13.062104,77.772961
Bengaluru Dist,Hosakote PS,1.0442e+16,2020,1,2,Road Accidents,Narrow road,Rural Areas,Open area,Human Error,No,Fatal,Vehicle to Vehicle,Not at  Junction,Straight and flat,State Highway,Bitumen(Tar),Dry,No influence on accident,Clear,HOSAKOTE-CHINTHAMANI ROAD,X,4KM,13.105243,77.82505
Bengaluru Dist,Hosakote PS,1.0442e+16,2020,1,2,Road Accidents,Narrow road,Rural Areas,Open area,Human Error,No,Fatal,Vehicle to Vehicle,Not at  Junction,Straight and flat,NH,Bitumen(Tar),Wet,No influence on accident,Cloudy,HOSAKOTE-DEVANAHALLI ROAD,X,5KM,13.089008,77.781132
Bengaluru Dist,Hosakote PS,1.0442e+16,2020,1,1,Road Accidents,Junction,Rural Areas,Near Bus stop,Human Error,No,Fatal,Hit pedestrian,No signal lights,Straight and flat,NH,Bitumen(Tar),Dry,Pot holed,Clear,NH,X,8KM,13.095608,77.834869
Bengaluru Dist,Hosakote PS,1.0442e+16,2020,1,2,Road Accidents,Narrow road,City/Town,Open area,Human Error,No,Grievous Injury,Vehicle to Vehicle,Uncontrolled,Others,NH,Bitumen(Tar),Dry,Not Applicable,Clear,"Kolar To Bengaluru  NH-75 Road Near MSIL Shop , Hosakote Town",Near MSIL Shop,1km,13.052816,77.852848
Bengaluru Dist,Hosakote PS,1.0442e+16,2020,1,1,Road Accidents,Narrow road,City/Town,Open area,Human Error,No,Grievous Injury,Not Applicable,No signal lights,Others,NH,Bitumen(Tar),Dry,Not Applicable,Clear,OPP MSIL,NH75 SERVICE ROAD,1KM,13.06755,77.7788469
Bengaluru Dist,Hosakote PS,1.0442e+16,2020,1,1,Road Accidents,Circle,City/Town,Near Bus stop,Human Error,No,Grievous Injury,Not Applicable,Not Applicable,Not Applicable,NH,Bitumen(Tar),Not Applicable,Not Applicable,Clear,IB CIRCLE,KOLAR BANGALOR NH75 ROAD,0.3 KM,13.070204,77.783592
Bengaluru Dist,Hosakote PS,1.0442e+16,2020,1,2,Road Accidents,Cross roads,City/Town,Open area,Human Error,No,Grievous Injury,Vehicle to Vehicle,Not Applicable,Others,NH,Bitumen(Tar),Dry,Not Applicable,Clear,LANCO TOLL U TURN,BANGALORE KOLAR NH75 ROAD,1KM,13.059803,77.770955
Bengaluru Dist,Hosakote PS,1.0442e+16,2020,1,2,Road Accidents,Junction,City/Town,Open area,Human Error,No,Fatal,Vehicle to Vehicle,No signal lights,Straight and flat,NH,Bitumen(Tar),Ditch or Potholed,No influence on accident,Clear,kolar to bengaluru road,lanco toll,3 km,13.057876,77.7694579
Bengaluru Dist,Hosakote PS,1.0442e+16,2020,1,2,Road Accidents,Narrow road,Rural Areas,Open area,Human Error,No,Fatal,Vehicle to Vehicle,Not at  Junction,Straight and flat,NH,Bitumen(Tar),Wet,No influence on accident,Clear,high way,x,8km,13.097683,77.855682
Bengaluru Dist,Hosakote PS,1.0442e+16,2020,1,2,Road Accidents,Narrow road,Rural Areas,Near Bus stop,Human Error,Yes,Fatal,Vehicle to Vehicle,Not at  Junction,Straight and flat,State Highway,Bitumen(Tar),Wet,No influence on accident,Clear,hosakote-chinthami road,x,6 km,13.105373,77.825129
Bengaluru Dist,Hosakote PS,1.0442e+16,2020,1,1,Road Accidents,Narrow road,Rural Areas,Open area,Human Error,Not Applicable,Grievous Injury,Not Applicable,Uncontrolled,Not Applicable,NH,Bitumen(Tar),Dry,Not Applicable,Clear,"Bengaluru To Kolar NH-75 Road, Near Kolthru Gate, Hosakote Taluk",Near Kolthuru Gate,6 km,13.075156,77.829354
Bengaluru Dist,Hosakote PS,1.0442e+16,2020,1,3,Road Accidents,Narrow road,City/Town,Near Bus stop,Human Error,No,Grievous Injury,Vehicle to Vehicle,Controlled,Hump,NH,Bitumen(Tar),Dry,No influence on accident,Clear,NH-75 ROAD,IB CIRCLE,300 MT,13.098052,77.81034
Bengaluru Dist,Hosakote PS,1.0442e+16,2020,1,1,Road Accidents,Narrow road,Rural Areas,Open area,Human Error,No,Damage Only,Not Applicable,Not Applicable,Straight and flat,NH,Bitumen(Tar),Dry,Not Applicable,Clear,NEAR ALLAPPANAHALLI GATE,4KMS TOWARDS NORTH,4,13.101999,77.777897
Bengaluru Dist,Hosakote PS,1.0442e+16,2020,1,1,Road Accidents,Narrow road,City/Town,Open area,Human Error,Not Applicable,Grievous Injury,Not Applicable,Uncontrolled,Others,NH,Bitumen(Tar),Dry,Not Applicable,Clear,Kolar To Bengalru NH-75 Near Commercial Check post,Near Commercial Check post,1km,13.06617,77.776736
Bengaluru Dist,Hosakote PS,1.0442e+16,2020,1,2,Road Accidents,Road hump or Rumble strips,City/Town,Open area,Human Error,No,Grievous Injury,Hit bicyclist,Controlled,Hump,Expressway,Surfaced,Dry,Not Applicable,Clear,KOLAR BANGALORE NH -75 ROAD,GOUTHAM COLONY HOSAKOTE TOWN,1KM,13.076549,77.7938829
Bengaluru Dist,Hosakote PS,1.0442e+16,2020,1,2,Road Accidents,Narrow road,City/Town,Near Petrol Pump,Human Error,No,Grievous Injury,Vehicle to Vehicle,Not Applicable,Not Applicable,NH,Surfaced,Dry,Not Applicable,Fine,nh,PRG GRAINT,3KM,13.077524,77.801773
Bengaluru Dist,Hosakote PS,1.0442e+16,2020,1,1,Road Accidents,Narrow road,City/Town,Near Bus stop,Human Error,Yes,Fatal,Hit pedestrian,Not at  Junction,Straight and flat,NH,Bitumen(Tar),Dry,No influence on accident,Clear,Bengaluru to Kolar road,x,1/2 km,13.073578,77.7895
Bengaluru Dist,Hosakote PS,1.0442e+16,2020,1,1,Road Accidents,Narrow road,Rural Areas,Open area,Human Error,No,Fatal,Not Applicable,Not at  Junction,Straight and flat,NH,Bitumen(Tar),Dry,No influence on accident,Cloudy,BENGALURU to KOLAR ROAD,X,8KM,13.094732,77.846679
Bengaluru Dist,Hosakote PS,1.0442e+16,2020,1,2,Road Accidents,Narrow road,City/Town,Open area,Human Error,Yes,Grievous Injury,Vehicle to Vehicle,Not at  Junction,Straight and flat,NH,Bitumen(Tar),Dry,No influence on accident,Clear,OPP MSIL,5 KM TOWARDS WEST,1,13.072816,77.7870319
Bengaluru Dist,Hosakote PS,1.0442e+16,2020,1,2,Road Accidents,Narrow road,City/Town,Near Hospital,Human Error,No,Grievous Injury,Vehicle to Vehicle,Not at  Junction,Not Applicable,NH,Bitumen(Tar),Dry,Not Applicable,Clear,OPP KTM SHOW ROOM,NH 75 ROAD,0.5 KM,13.071224,77.784668
Bengaluru Dist,Hosakote PS,1.0442e+16,2020,1,2,Road Accidents,Cross roads,City/Town,Open area,Human Error,Not Applicable,Grievous Injury,Vehicle to Vehicle,Uncontrolled,Not Applicable,NH,Bitumen(Tar),Dry,Not Applicable,Clear,Bengaluru To Kolar NH-75 Road Near Lanco Toll,Near Lanco Toll,2km,13.065947,77.776042
Bengaluru Dist,Hosakote PS,1.0442e+16,2020,1,1,Road Accidents,Narrow road,City/Town,Near Hospital,Not Applicable,No,Grievous Injury,Hit pedestrian,Controlled,Not Applicable,NH,Surfaced,Dry,Not Applicable,Clear,BANGALORE KOLAR NH 75,NEAR OVUM HOSPITAL,500MTR,13.067853,77.776613
Bengaluru Dist,Hosakote PS,1.0442e+16,2020,1,2,Road Accidents,Not Applicable,Rural Areas,Open area,Human Error,No,Damage Only,Vehicle to Vehicle,Not Applicable,Not Applicable,NH,Bitumen(Tar),Dry,Not Applicable,Clear,NEAR LANCO TOLL,NH 75 ROAD,1,13.061662,77.772587
Bengaluru Dist,Hosakote PS,1.0442e+16,2020,1,2,Road Accidents,Narrow road,City/Town,Open area,Human Error,Not Applicable,Grievous Injury,Vehicle to Vehicle,Uncontrolled,Hump,NH,Bitumen(Tar),Dry,Not Applicable,Clear,Hosakote-Doddagattiganabe Road,Near Doopanahalli Muniyappa Layout,2km,13.061395,77.785232
Bengaluru Dist,Hosakote PS,1.0442e+16,2020,1,2,Road Accidents,Junction,Rural Areas,Near Bus stop,Human Error,No,Fatal,Vehicle to Vehicle,No signal lights,Straight and flat,NH,Bitumen(Tar),Wet,Not Applicable,Clear,NH75,x,10km,13.097213,77.8557029
Bengaluru Dist,Hosakote PS,1.0442e+16,2020,1,1,Road Accidents,Circle,Rural Areas,Near Bus stop,Human Error,No,Fatal,Hit pedestrian,No signal lights,Straight and flat,NH,Bitumen(Tar),Ditch or Potholed,No influence on accident,Clear,Bengaluru-kolar road National high-way,x,10km,13.107189,77.873515
Bengaluru Dist,Hosakote PS,1.0442e+16,2020,1,2,Road Accidents,Cross roads,Rural Areas,Near Petrol Pump,Human Error,No,Grievous Injury,Vehicle to Vehicle,No signal lights,Curve,NH,Surfaced,Dry,Not Applicable,Fine,NH207,LAKONDANAHALLI NEAR,7km,13.117967,77.772363
Bengaluru Dist,Hosakote PS,1.0442e+16,2020,1,2,Road Accidents,Narrow road,Rural Areas,Open area,Human Error,Not Applicable,Grievous Injury,Vehicle to Vehicle,Uncontrolled,Others,NH,Bitumen(Tar),Dry,Not Applicable,Clear,"Bengaluru To Kolar NH-75 Road, Near Nandi Grand Hotel",Near Nandi Grand  Hotel,6 km,13.079256,77.811501
Bengaluru Dist,Hosakote PS,1.0442e+16,2020,1,1,Road Accidents,Narrow road,Rural Areas,Open area,Human Error,Not Applicable,Grievous Injury,Not Applicable,Uncontrolled,Others,Others,Bitumen(Tar),Dry,Not Applicable,Clear,"Gottipura Road, Near Dasarahalli cross,",Gottipura Road,8 km,13.108,77.850013
Bengaluru Dist,Hosakote PS,1.0442e+16,2020,1,1,Road Accidents,Narrow road,City/Town,Open area,Human Error,No,Grievous Injury,Hit pedestrian,Controlled,Not Applicable,NH,Bitumen(Tar),Dry,Not Applicable,Clear,HOSAKOTE TOWN,OPP A1 GARAGE,0.5 KM,13.075161,77.79632
Bengaluru Dist,Hosakote PS,1.0442e+16,2020,1,2,Road Accidents,Narrow road,City/Town,Open area,Human Error,Not Applicable,Grievous Injury,Vehicle to Vehicle,Uncontrolled,Others,NH,Bitumen(Tar),Dry,Not Applicable,Clear,"Bengaluru To Kolar NH-75 Road, Near Gowtham Circle , Hosakote Town",Near Gowtham Circle,3 km,13.076672,77.794765
Bengaluru Dist,Hosakote PS,1.0442e+16,2020,1,2,Road Accidents,Narrow road,Rural Areas,Near a factory industrial area,Human Error,No,Fatal,Hit bicyclist,Not Applicable,Not Applicable,State Highway,Bitumen(Tar),Not Applicable,No influence on accident,Not Applicable,HOSKOTE J KOTE ROAD,KAMMABALIPURA,10,13.072054,77.78663
Bengaluru Dist,Hosakote PS,1.0442e+16,2020,1,2,Road Accidents,Not Applicable,Rural Areas,Open area,Human Error,Yes,Grievous Injury,Vehicle to Vehicle,Not Applicable,Straight and flat,Others,Bitumen(Tar),Dry,Not Applicable,Clear,OPP JAYASHILAREDDY LAYOUT,DEVANAGUNDI CROSS,4 KMS,13.060905,77.827518
Bengaluru Dist,Hosakote PS,1.0442e+16,2020,1,2,Road Accidents,Road hump or Rumble strips,City/Town,Open area,Human Error,No,Fatal,Vehicle to Vehicle,Signal lights Blinking,Straight and flat,NH,Bitumen(Tar),Dry,No influence on accident,Fine,NH75,NEAR LANCO TOLL,3KM,13.058287,77.769651
Bengaluru Dist,Hosakote PS,1.0442e+16,2020,1,2,Road Accidents,Narrow road,City/Town,Open area,Human Error,No,Fatal,Vehicle to Vehicle,Not at  Junction,Straight and flat,NH,Bitumen(Tar),Dry,No influence on accident,Clear,bengaluru to kolar,near camrshial tax office,1km,13.066095,77.776684
Bengaluru Dist,Hosakote PS,1.0442e+16,2020,1,2,Road Accidents,Narrow road,City/Town,Near Bus stop,Not Applicable,No,Damage Only,Vehicle to Vehicle,Stop sign,Hump,One way,Surfaced,Flooded,Not Applicable,Fine,NH 75,GOWTHAM COLONY,ONE,13.076766,77.7951939
Bengaluru Dist,Hosakote PS,1.0442e+16,2020,1,2,Road Accidents,Narrow road,City/Town,Open area,Human Error,Not Applicable,Grievous Injury,Vehicle to Vehicle,Uncontrolled,Not Applicable,Others,Bitumen(Tar),Dry,Not Applicable,Clear,"Bengaluru To Kolar NH-75 Road, Near MVJ Hospital",Near MVJ  Hospital,5 km,13.074118,77.9316649