DISTRICTNAME,UNITNAME,Crime_No,Year,RI,Noofvehicle_involved,Accident_Classification,Accident_Spot,Accident_Location,Accident_SubLocation,Main_Cause,Hit_Run,Severity,Collision_Type,Junction_Control,Road_Character,Road_Type,Surface_Type,Surface_Condition,Road_Condition,Weather,Accident_Road,Landmark_first,Distance_LandMark_First,Latitude,Longitude
Bengaluru Dist,Hosakote PS,1.0442e+16,2021,1,2,Road Accidents,Narrow road,Rural Areas,Open area,Human Error,No,Grievous Injury,Vehicle to Vehicle,Controlled,Not Applicable,State Highway,Surfaced,Dry,Not Applicable,Clear,hosakote maluru road,nea jadigenahalli,10km,13.050157,77.854992
Bengaluru Dist,Hosakote PS,1.0442e+16,2021,1,2,Road Accidents,Cross roads,City/Town,At pedestrian Crossing,Not Applicable,Yes,Grievous Injury,Vehicle to Vehicle,Controlled,Not Applicable,NH,Surfaced,Dry,Not Applicable,Fine,NH 75,AMBDKAR COLONY,500MTE,13.076012,77.794201
Bengaluru Dist,Hosakote PS,1.0442e+16,2021,1,2,Road Accidents,Not Applicable,City/Town,Near office complex,Human Error,No,Grievous Injury,Vehicle to Vehicle,Controlled,Not Applicable,Expressway,Bitumen(Tar),Dry,Not Applicable,Clear,NH75 ROAD,NH 75 ROAD,1/2 KM,0.0,0.0
Bengaluru Dist,Hosakote PS,1.0442e+16,2021,1,2,Road Accidents,Narrow road,City/Town,Open area,Human Error,Not Applicable,Grievous Injury,Vehicle to Vehicle,Uncontrolled,Not Applicable,NH,Bitumen(Tar),Dry,Not Applicable,Clear,"Kolar To Bengaluru Nh-75 Road, Near gowtham Coloney circle",Near Gowham Coloney,1 km,13.077173,77.7962389
Bengaluru Dist,Hosakote PS,1.0442e+16,2021,1,2,Road Accidents,Narrow road,Rural Areas,Near Petrol Pump,Human Error,No,Fatal,Vehicle to Vehicle,Not at  Junction,Straight and flat,State Highway,Bitumen(Tar),Ditch or Potholed,No influence on accident,Fine,HOSAKOTE-CHINTHAMANI ROAD,NEAR ESSAR PETROL BUNK,10 Mts,13.094841,77.813661
Bengaluru Dist,Hosakote PS,1.0442e+16,2021,1,2,Road Accidents,Curves,Rural Areas,Open area,Not Applicable,Yes,Grievous Injury,Vehicle to Vehicle,Not Applicable,Curve and Incline,Expressway,Bitumen(Tar),Dry,Not Applicable,Clear,KOLATUR NH 75,KOLATUR GATE,4 kM,13.079641,77.812675
Bengaluru Dist,Hosakote PS,1.0442e+16,2021,1,1,Road Accidents,Narrow road,Rural Areas,Narrow bridge or culverts,Human Error,No,Fatal,Not Applicable,Not at  Junction,Others,NH,Bitumen(Tar),Others,Not Applicable,Clear,KOLAR -BANGALURU NH-75 ROAD,AAKRUTHI JUWELERS,100 M,13.071329,77.788173
Bengaluru Dist,Hosakote PS,1.0442e+16,2021,1,2,Road Accidents,Narrow road,City/Town,Near Petrol Pump,Not Applicable,No,Grievous Injury,Vehicle to Vehicle,Give way sign,Not Applicable,Service Road,Surfaced,Dry,Not Applicable,Fine,NH 75SERVICE ROAD,TAFE KARANATAK TROCER SHOW ROME,1KM,13.077606,77.801249
Bengaluru Dist,Hosakote PS,1.0442e+16,2021,1,1,Road Accidents,Not Applicable,City/Town,Residential area,Human Error,No,Grievous Injury,Hit pedestrian,Controlled,Straight and flat,NH,Surfaced,Dry,Not Applicable,Clear,NH75 ROAD,DYVIK SUZUKI SHOW ROOM,1KM,13.076122,77.798251
Bengaluru Dist,Hosakote PS,1.0442e+16,2021,1,2,Road Accidents,Curves,Rural Areas,Open area,Not Applicable,No,Grievous Injury,Vehicle to Vehicle,Uncontrolled,Curve,NH,Bitumen(Tar),Dry,Not Applicable,Fine,NH-207ROAD,NEAR UPPARAHALLI VILLAGE,4KM,13.075269,77.788661
Bengaluru Dist,Hosakote PS,1.0442e+16,2021,1,1,Road Accidents,Narrow road,Rural Areas,Near Bus stop,Human Error,No,Fatal,Hit pedestrian,Not at  Junction,Straight and flat,NH,Bitumen(Tar),Ditch or Potholed,No influence on accident,Clear,Kolar to Bengaluru road,attur bus stand,20 mt,13.098712,77.8588419
Bengaluru Dist,Hosakote PS,1.0442e+16,2021,1,2,Road Accidents,Narrow road,Rural Areas,Open area,Human Error,No,Fatal,Vehicle to Vehicle,Not at  Junction,Straight and flat,NH,Bitumen(Tar),Others,No influence on accident,Fine,kolar to bengaluru HIGH WAY road,NANDI GRAND,80mt,13.089012,77.83334
Bengaluru Dist,Hosakote PS,1.0442e+16,2021,1,1,Road Accidents,Curves,Rural Areas,Near Hospital,Human Error,No,Fatal,Not Applicable,Not at  Junction,Sharp Curve,State Highway,Bitumen(Tar),Ditch or Potholed,No influence on accident,Fine,state high way,Near jadigenahalli govt hospital,10km,13.048043,77.85657
Bengaluru Dist,Hosakote PS,1.0442e+16,2021,1,2,Road Accidents,Not Applicable,City/Town,Near Hospital,Human Error,No,Simple Injury,Not Applicable,Uncontrolled,Others,Expressway,Surfaced,Others,Not Applicable,Clear,NH-75,near govt hospital,3KM,13.077034,77.801182
Bengaluru Dist,Hosakote PS,1.0442e+16,2021,1,2,Road Accidents,Narrow road,Rural Areas,Open area,Not Applicable,Yes,Grievous Injury,Vehicle to Vehicle,Stop Sign,Hump,NH,Surfaced,Dry,No influence on accident,Fine,NH75,GAND ADIFICE,2KM,13.058115,77.769308
Bengaluru Dist,Hosakote PS,1.0442e+16,2021,1,2,Road Accidents,Narrow road,Rural Areas,Open area,Human Error,No,Fatal,Vehicle to Vehicle,Not at  Junction,Straight and flat,NH,Bitumen(Tar),Not Applicable,No influence on accident,Clear,HOSAKOTE-DEVANAHALLI ROAD,VENKATAPURA GATE,30 Mt,0.0,0.0
Bengaluru Dist,Hosakote PS,1.0442e+16,2021,1,2,Road Accidents,Narrow road,Rural Areas,Open area,Human Error,Yes,Fatal,Vehicle to Vehicle,Not at  Junction,Straight and flat,NH,Bitumen(Tar),Others,No influence on accident,Clear,KOLAR-BANGALORE NH 75 ROAD,MYLAPURA GATE,150 Mt,13.10889,77.876891
Bengaluru Dist,Hosakote PS,1.0442e+16,2021,1,2,Road Accidents,Narrow road,Rural Areas,Open area,Human Error,No,Fatal,Vehicle to Vehicle,Not at  Junction,Straight and flat,State Highway,Bitumen(Tar),Not Applicable,No influence on accident,Fine,HOSAKOTE-MALUR ROAD,NEAR KOLATHUR ROAD,01 KM,13.061177,77.8258179
Bengaluru Dist,Hosakote PS,1.0442e+16,2021,1,2,Road Accidents,Not Applicable,City/Town,Open area,Human Error,Yes,Damage Only,Vehicle to Vehicle,Controlled,Straight and flat,NH,Concrete,Flooded,Not Applicable,Fog / Mist,NH-75 ROAD,Near Lanco toll,200mtr,13.058892,77.7705199
Bengaluru Dist,Hosakote PS,1.0442e+16,2021,1,2,Road Accidents,Road hump or Rumble strips,City/Town,Near Hospital,Not Applicable,No,Simple Injury,Vehicle to Vehicle,Uncontrolled,Not Applicable,NH,Bitumen(Tar),Dry,Not Applicable,Fine,NH-75ROAD,NEAR VISHNU BHAVAN,2KM,13.056076,77.779616
Bengaluru Dist,Hosakote PS,1.0442e+16,2021,1,2,Road Accidents,Narrow road,City/Town,In bazaar,Human Error,No,Fatal,Vehicle to Vehicle,Not at  Junction,Straight and flat,NH,Bitumen(Tar),Ditch or Potholed,No influence on accident,Light Rain,BENGALURU-KOLAR ROAD,BRUNDAVAN LADGE,100 Mt,13.068587,77.781035
Bengaluru Dist,Hosakote PS,1.0442e+16,2021,1,2,Road Accidents,Junction,Rural Areas,Open area,Human Error,Yes,Grievous Injury,Vehicle to Vehicle,Police / Manual,Others,State Highway,Bitumen(Tar),Dry,Not Applicable,Fine,HIGHWAY,JANGAMKOTTE ROAD,3 K M,13.089592,77.807999
Bengaluru Dist,Hosakote PS,1.0442e+16,2021,1,2,Road Accidents,Not Applicable,City/Town,Near Bus stop,Human Error,Yes,Grievous Injury,Vehicle to Vehicle,Controlled,Straight and flat,NH,Bitumen(Tar),Not Applicable,Not Applicable,Clear,DEVANAGUNDI,malur road,5KM,13.06026,77.827358
Bengaluru Dist,Hosakote PS,1.0442e+16,2021,1,2,Road Accidents,Junction,City/Town,Residential area,Human Error,No,Not Applicable,Vehicle to Vehicle,Controlled,Not Applicable,NH,Surfaced,Dry,Not Applicable,Clear,NH75 ROAD,NEAR GOUTAM COLONY,1KM,13.076731,77.793722
Bengaluru Dist,Hosakote PS,1.0442e+16,2021,1,2,Road Accidents,Narrow road,Rural Areas,Near a religious place,Human Error,Not Applicable,Grievous Injury,Vehicle to Vehicle,Controlled,Not Applicable,NH,Surfaced,Dry,Not Applicable,Clear,NH207 ROAD,near kateramma temple,5km,13.070242,77.792443
Bengaluru Dist,Hosakote PS,1.0442e+16,2021,1,2,Road Accidents,Narrow road,Rural Areas,Open area,Human Error,Not Applicable,Grievous Injury,Vehicle to Vehicle,Uncontrolled,Not Applicable,State Highway,Bitumen(Tar),Dry,Not Applicable,Others,"Hosakote-Chintamani Road, Near  Krishna Sagar Hotel , Hosakote Taluk",Near Krishna Sagar Hotel,6 km,13.101617,77.821373
Bengaluru Dist,Hosakote PS,1.0442e+16,2021,1,2,Road Accidents,Not Applicable,City/Town,Near a factory industrial area,Human Error,Yes,Grievous Injury,Vehicle to Vehicle,Give way sign,Straight and flat,NH,Bitumen(Tar),Dry,No influence on accident,Clear,NH 75,bricks factory,100m,13.102496,77.867255
Bengaluru Dist,Hosakote PS,1.0442e+16,2021,1,2,Road Accidents,Narrow road,City/Town,Open area,Human Error,No,Fatal,Vehicle to Vehicle,Not at  Junction,Straight and flat,NH,Bitumen(Tar),Others,No influence on accident,Clear,kolar to bengaluru road,NEAR CAMRCIAL TAX OFFICE,100Mt,13.067732,77.778506
Bengaluru Dist,Hosakote PS,1.0442e+16,2021,1,2,Road Accidents,Curves,Rural Areas,Narrow bridge or culverts,Human Error,Yes,Grievous Injury,Vehicle to Vehicle,Controlled,Curve,NH,Surfaced,Dry,Not Applicable,Fine,NH,NEAR UPPARAHALLI,4KM,13.086679,77.781758
Bengaluru Dist,Hosakote PS,1.0442e+16,2021,1,2,Road Accidents,Narrow road,Rural Areas,Open area,Human Error,No,Fatal,Vehicle to Vehicle,Not at  Junction,Straight and flat,NH,Bitumen(Tar),Others,No influence on accident,Fine,HIGH WAY,X,8KM,13.098173,77.855401
Bengaluru Dist,Hosakote PS,1.0442e+16,2021,1,2,Road Accidents,Narrow road,City/Town,Residential area,Not Applicable,No,Grievous Injury,Vehicle to Vehicle,Uncontrolled,Others,NH,Bitumen(Tar),Dry,Not Applicable,Fine,BANGALORE KOLAR NH-75 ROAD,NEAR LONCO TOLL,1KM,13.061586,77.772516
Bengaluru Dist,Hosakote PS,1.0442e+16,2021,1,2,Road Accidents,Narrow road,City/Town,Near Bus stop,Human Error,Yes,Grievous Injury,Vehicle to Vehicle,Controlled,Straight and flat,Service Road,Bitumen(Tar),Dry,Not Applicable,Clear,NH-75 SERVICE ROAD,Near govt boys hostal,100 mt,0.0,0.0
Bengaluru Dist,Hosakote PS,1.0442e+16,2021,1,2,Road Accidents,Circle,City/Town,Near Bus stop,Human Error,No,Simple Injury,Vehicle to Vehicle,Uncontrolled,Hump,NH,Concrete,Dry,Not Applicable,Others,IB CIRCLE,IB CIRCLE,100 mt,13.070053,77.783931
Bengaluru Dist,Hosakote PS,1.0442e+16,2021,1,2,Road Accidents,Narrow road,Rural Areas,Open area,Human Error,Not Applicable,Grievous Injury,Vehicle to Vehicle,Uncontrolled,Not Applicable,NH,Bitumen(Tar),Dry,Not Applicable,Others,"Kolar To Bengaluru NH-75 Road, Near Mylapura Gate",Near Maylapura Gate,15 km,13.10747,77.874082
Bengaluru Dist,Hosakote PS,1.0442e+16,2021,1,1,Road Accidents,Narrow road,Rural Areas,Open area,Human Error,No,Fatal,Hit pedestrian,Not at  Junction,Straight and flat,State Highway,Bitumen(Tar),Ditch or Potholed,No influence on accident,Clear,Malur-Hosakote road,Near agarwal petro bunk,500 mt,13.061515,77.825521
Bengaluru Dist,Hosakote PS,1.0442e+16,2021,1,2,Road Accidents,Offset,City/Town,Near Petrol Pump,Human Error,No,Grievous Injury,Vehicle to Vehicle,Controlled,Straight and flat,Expressway,Bitumen(Tar),Dry,Not Applicable,Cloudy,NH75,RELIANCE PETROL BUNK,1.5K M,13.075349,77.7908769
Bengaluru Dist,Hosakote PS,1.0442e+16,2021,1,2,Road Accidents,Junction,City/Town,Narrow bridge or culverts,Human Error,Not Applicable,Grievous Injury,Vehicle to Vehicle,Uncontrolled,Slight Curve,Service Road,Bitumen(Tar),Dry,Not Applicable,Fine,KURUBARPETE UNDER BRIDGE,HOSKOTE TOWN,1 K M,13.076413,77.793422
Bengaluru Dist,Hosakote PS,1.0442e+16,2021,1,1,Road Accidents,Narrow road,Rural Areas,Open area,Human Error,No,Grievous Injury,Hit pedestrian,Controlled,Straight and flat,NH,Surfaced,Not Applicable,Not Applicable,Clear,NH75 ROAD,GOTTIPURA GATE,8KM,13.089147,77.792425
Bengaluru Dist,Hosakote PS,1.0442e+16,2021,1,1,Road Accidents,Not Applicable,City/Town,Narrow bridge or culverts,Not Applicable,Yes,Grievous Injury,Not Applicable,Not Applicable,Hump,Service Road,Surfaced,Dry,Drainage Ditch,Fine,CHINTAMANI ROAD,NEAR SANTHE GATE,5,13.07753,77.802064
Bengaluru Dist,Hosakote PS,1.0442e+16,2021,1,2,Road Accidents,Junction,Rural Areas,Near Bus stop,Human Error,No,Fatal,Vehicle to Vehicle,Uncontrolled,Straight and flat,NH,Bitumen(Tar),Others,No influence on accident,Clear,bengaluru to kolar road,kolathur gate,04 km,13.085105,77.825383
Bengaluru Dist,Hosakote PS,1.0442e+16,2021,1,2,Road Accidents,Narrow road,City/Town,Open area,Human Error,Not Applicable,Grievous Injury,Vehicle to Vehicle,Uncontrolled,Others,NH,Bitumen(Tar),Dry,Not Applicable,Clear,"Hosakote-Chintamani Road, Near Santhe Gate",Near Santhe gate,2 km,13.077242,77.802451
Bengaluru Dist,Hosakote PS,1.0442e+16,2021,1,2,Road Accidents,Junction,City/Town,Open area,Human Error,No,Damage Only,Vehicle to Vehicle,Not at  Junction,Sharp Curve,Expressway,Concrete,Dry,Not Applicable,Clear,NATIONAL HIGH WAY,HOSKOTE TOLL,1 km,13.059467,77.77132
Bengaluru Dist,Hosakote PS,1.0442e+16,2021,1,2,Road Accidents,Narrow road,City/Town,Narrow bridge or culverts,Human Error,Not Applicable,Simple Injury,Vehicle to Vehicle,Not Applicable,Others,Expressway,Bitumen(Tar),Not Applicable,Not Applicable,Fine,KEB CIRCAL FLY OVER,KEB CIRCAL,1K M,13.072219,77.7871119
Bengaluru Dist,Hosakote PS,1.0442e+16,2021,1,2,Road Accidents,Narrow road,City/Town,Near Hospital,Human Error,Yes,Grievous Injury,Vehicle to Vehicle,Controlled,Hump,Service Road,Bitumen(Tar),Not Applicable,Not Applicable,Clear,silicon city hospital road,HOSAKOTE POLICE STATION,1/2 km,13.068484,77.7812399
Bengaluru Dist,Hosakote PS,1.0442e+16,2021,1,2,Road Accidents,Cross roads,City/Town,Near Bus stop,Human Error,Yes,Grievous Injury,Vehicle to Vehicle,Controlled,Straight and flat,NH,Bitumen(Tar),Others,Not Applicable,Clear,NH,kolthur gate,5 km,13.084939,77.82502
Bengaluru Dist,Hosakote PS,1.0442e+16,2021,1,2,Road Accidents,Junction,City/Town,Near Bus stop,Human Error,No,Damage Only,Vehicle to Vehicle,Controlled,Straight and flat,NH,Surfaced,Dry,Not Applicable,Clear,NH207 ROAD,IB CIRCLE,1/2 KM,13.070446,77.783402
Bengaluru Dist,Hosakote PS,1.0442e+16,2021,1,1,Road Accidents,Narrow road,Rural Areas,Open area,Human Error,No,Fatal,Not Applicable,Not at  Junction,Straight and flat,Others,Bitumen(Tar),Wet,No influence on accident,Clear,village road,x,10km,13.096217,77.860992
Bengaluru Dist,Hosakote PS,1.0442e+16,2021,1,2,Road Accidents,Narrow road,Rural Areas,Open area,Human Error,No,Fatal,Vehicle to Vehicle,Not at  Junction,Others,NH,Bitumen(Tar),Others,Not Applicable,Clear,KOLAR-BANGALORE NH 75 ROAD,HALASAHALLI GATE,1/2 KM,13.090079,77.836121
Bengaluru Dist,Hosakote PS,1.0442e+16,2021,1,1,Road Accidents,Narrow road,City/Town,Open area,Not Applicable,Yes,Grievous Injury,Hit pedestrian,Not Applicable,Not Applicable,Residential Street,Bitumen(Tar),Dry,Not Applicable,Fine,TOWN ROAD,KUMBAR PET T,1.5K M,13.076939,77.795154
Bengaluru Dist,Hosakote PS,1.0442e+16,2021,1,1,Rail Road Accidents,Narrow road,City/Town,Residential area,Human Error,No,Grievous Injury,Hit pedestrian,Controlled,Straight and flat,NH,Bitumen(Tar),Dry,Not Applicable,Clear,NH-75,Near goutam colony,200mtr,13.075243,77.789913
Bengaluru Dist,Hosakote PS,1.0442e+16,2021,1,2,Road Accidents,Narrow road,Rural Areas,Near a religious place,Human Error,No,Fatal,Vehicle to Vehicle,Not at  Junction,Straight and flat,NH,Bitumen(Tar),Ditch or Potholed,No influence on accident,Clear,NH,NEAR KATERAMMA TEMPLE,4KM,13.073416,77.787619
Bengaluru Dist,Hosakote PS,1.0442e+16,2021,1,1,Road Accidents,Junction,City/Town,Open area,Human Error,No,Grievous Injury,Hit pedestrian,Controlled,Not Applicable,NH,Surfaced,Others,Not Applicable,Fog / Mist,NH207 ROAD,SULIBELE ROAD,1/2 KM,13.059773,77.806627
Bengaluru Dist,Hosakote PS,1.0442e+16,2021,1,1,Road Accidents,Narrow road,Rural Areas,Near a factory industrial area,Human Error,No,Fatal,Not Applicable,Not at  Junction,Straight and flat,State Highway,Bitumen(Tar),Ditch or Potholed,No influence on accident,Light Rain,jangamakote road,near unipic medicine factory,50 mt,13.111324,77.8150309
Bengaluru Dist,Hosakote PS,1.0442e+16,2021,1,2,Road Accidents,Circle,City/Town,Near Bus stop,Human Error,No,Grievous Injury,Vehicle to Vehicle,Controlled,Not Applicable,Service Road,Bitumen(Tar),Dry,Not Applicable,Clear,NH75,KEB CIRCLE HOSKOTE TOWN,1 KM,13.072377,77.7869949
Bengaluru Dist,Hosakote PS,1.0442e+16,2021,1,2,Road Accidents,Junction,Rural Areas,Near Bus stop,Human Error,Not Applicable,Grievous Injury,Vehicle to Vehicle,No signal lights,Not Applicable,State Highway,Bitumen(Tar),Dry,Not Applicable,Fine,HOSAKOTE MALUR ROAD,JADEGENA HALLI BUS STOP,10 KM,0.0,0.0
Bengaluru Dist,Hosakote PS,1.0442e+16,2021,1,2,Road Accidents,Junction,Rural Areas,At pedestrian Crossing,Human Error,No,Fatal,Vehicle to Vehicle,No signal lights,Straight and flat,State Highway,Bitumen(Tar),Others,No influence on accident,Clear,hosakote-chinthamani road,doddahulluru gate,30mt,13.099533,77.822733
Bengaluru Dist,Hosakote PS,1.0442e+16,2021,1,1,Road Accidents,Narrow road,Rural Areas,Open area,Human Error,No,Fatal,Not Applicable,Uncontrolled,Hump,Others,Bitumen(Tar),Dry,Not Applicable,Clear,Kolaturu road,Near Kolaturu,00 mtr,13.075528,77.828792
Bengaluru Dist,Hosakote PS,1.0442e+16,2021,1,1,Road Accidents,Narrow road,City/Town,Near office complex,Human Error,No,Grievous Injury,Hit pedestrian,Not Applicable,Not Applicable,NH,Bitumen(Tar),Dry,Not Applicable,Fine,NH-75,NEAR LONCO TOLL,1KM,13.072176,77.798283
Bengaluru Dist,Hosakote PS,1.0442e+16,2021,1,2,Road Accidents,Not Applicable,Rural Areas,Open area,Human Error,No,Not Applicable,Vehicle to Vehicle,Controlled,Others,State Highway,Surfaced,Dry,Not Applicable,Clear,SH,IOC CROSS,6KM,13.059086,77.770051
Bengaluru Dist,Hosakote PS,1.0442e+16,2021,1,1,Road Accidents,Narrow road,City/Town,Open area,Human Error,Yes,Simple Injury,Hit pedestrian,Controlled,Not Applicable,NH,Surfaced,Dry,Not Applicable,Clear,NH75 ROAD,LANCO TOLL,2KM,13.061698,77.772647
Bengaluru Dist,Hosakote PS,1.0442e+16,2021,1,2,Road Accidents,Narrow road,Rural Areas,Open area,Human Error,Not Applicable,Grievous Injury,Vehicle to Vehicle,Uncontrolled,Not Applicable,NH,Bitumen(Tar),Dry,Not Applicable,Clear,"bengaluru To kolar NH-75 road, Near atturu gate",Near Atturu Gate,8 km,13.097452,77.856027
Bengaluru Dist,Hosakote PS,1.0442e+16,2021,1,2,Road Accidents,Narrow road,Rural Areas,Open area,Not Applicable,Yes,Grievous Injury,Vehicle to Vehicle,Uncontrolled,Not Applicable,Others,Bitumen(Tar),Dry,Not Applicable,Fine,maluru hosakote road,karibeeranahosahalli gete,10km,13.045462,77.86472
Bengaluru Dist,Hosakote PS,1.0442e+16,2021,1,3,Not Applicable,Not Applicable,Rural Areas,Open area,Human Error,No,Grievous Injury,Vehicle to Vehicle,Not Applicable,Curve,State Highway,Gravel,Muddy,Not Applicable,Fine,SH,SIDDARTHANAGRA,4KM,13.081935,77.807517
Bengaluru Dist,Hosakote PS,1.0442e+16,2021,1,2,Road Accidents,Circle,City/Town,At pedestrian Crossing,Human Error,Yes,Simple Injury,Vehicle to Vehicle,Controlled,Others,Expressway,Bitumen(Tar),Dry,Not Applicable,Clear,IB circle,JMFC COURT,100m,13.070389,77.783564
Bengaluru Dist,Hosakote PS,1.0442e+16,2021,1,2,Road Accidents,Not Applicable,City/Town,Narrow bridge or culverts,Human Error,Yes,Simple Injury,Vehicle to Vehicle,Give way sign,Straight and flat,NH,Bitumen(Tar),Dry,No influence on accident,Clear,KED BRIDGE,KEB CIRCLE,100m,13.072248,77.7871019
Bengaluru Dist,Hosakote PS,1.0442e+16,2021,1,2,Road Accidents,Road hump or Rumble strips,City/Town,Open area,Human Error,Yes,Grievous Injury,Vehicle to Vehicle,Controlled,Curve and Incline,NH,Bitumen(Tar),Dry,Not Applicable,Clear,NH 75 Road,Near Court circle,500mtr,0.0,0.0
Bengaluru Dist,Hosakote PS,1.0442e+16,2021,1,2,Road Accidents,Narrow road,Rural Areas,Open area,Human Error,Yes,Fatal,Vehicle to Vehicle,Not at  Junction,Straight and flat,NH,Bitumen(Tar),Others,No influence on accident,Fine,KOLAR-BANGALORE NH 75 ROAD,attivatta gate,100mt,13.096967,77.8556479
Bengaluru Dist,Hosakote PS,1.0442e+16,2021,1,1,Road Accidents,Curves,Rural Areas,Open area,Human Error,No,Fatal,Not Applicable,Not at  Junction,Curve,Others,Gravel,Ditch or Potholed,No influence on accident,Cloudy,VILLAGE ROAD,CHANNAPURA VILLAGE,1/2 KM,13.109155,77.865538
Bengaluru Dist,Hosakote PS,1.0442e+16,2021,1,1,Road Accidents,Narrow road,Rural Areas,Open area,Human Error,Not Applicable,Damage Only,Not Applicable,Uncontrolled,Others,Others,Bitumen(Tar),Dry,Not Applicable,Clear,"Hosakote-Soluru Road, Near Soluru infront of YSCC criket Ground",Near Soluru,10 km,13.072549,77.835208
Bengaluru Dist,Hosakote PS,1.0442e+16,2021,1,2,Road Accidents,Narrow road,City/Town,In bazaar,Human Error,No,Fatal,Vehicle to Vehicle,Not at  Junction,Straight and flat,NH,Bitumen(Tar),Ditch or Potholed,No influence on accident,Fine,HOSAKOTE-GATTIGANABBE ROAD,NEAR MAYURA BEKARI,10 Mts,13.070264,77.786998
Bengaluru Dist,Hosakote PS,1.0442e+16,2021,1,1,Road Accidents,Not Applicable,Rural Areas,Near Bus stop,Not Applicable,No,Grievous Injury,Not Applicable,Not Applicable,Not Applicable,NH,Not Applicable,Not Applicable,Not Applicable,Not Applicable,KOLAR -BANGALURU NH-75 ROAD,AAKRUTHI JUWELERS,100 M,13.073928,77.789582
Bengaluru Dist,Hosakote PS,1.0442e+16,2021,1,2,Road Accidents,Circle,City/Town,Residential area,Human Error,Yes,Grievous Injury,Vehicle to Vehicle,Not Applicable,Others,Residential Street,Concrete,Dry,Not Applicable,Clear,5th cross Vinayak nagar Hosakote town,6th cross Vinayak nagar road,2km,13.068227,77.79088
Bengaluru Dist,Hosakote PS,1.0442e+16,2021,1,1,Road Accidents,Narrow road,Rural Areas,Open area,Human Error,No,Fatal,Not Applicable,Not at  Junction,Straight and flat,State Highway,Bitumen(Tar),Not Applicable,No influence on accident,Cloudy,JANGAMAKOTE ROAD,KURUBARAHALLI GATE,100 Mt,0.0,0.0
Bengaluru Dist,Hosakote PS,1.0442e+16,2021,1,2,Road Accidents,Narrow road,Rural Areas,Open area,Human Error,No,Fatal,Vehicle to Vehicle,Not Applicable,Straight and flat,NH,Bitumen(Tar),Not Applicable,No influence on accident,Others,NEAR GOTTIPURA,NEAR GOTTIPURA,8 KM,13.0374,77.4752
Bengaluru Dist,Hosakote PS,1.0442e+16,2021,1,2,Road Accidents,Narrow road,City/Town,Residential area,Not Applicable,No,Grievous Injury,Vehicle to Vehicle,Uncontrolled,Curve,NH,Bitumen(Tar),Dry,Not Applicable,Fine,KOLAR-BANGALORE NH-75 ROAD,NEAR MARUTHI SHOWROOM,3KM,13.077001,77.8078669
Bengaluru Dist,Hosakote PS,1.0442e+16,2021,1,1,Road Accidents,Circle,Rural Areas,Near Bus stop,Human Error,Yes,Grievous Injury,Vehicle to Vehicle,Controlled,Straight and flat,NH,Bitumen(Tar),Others,Not Applicable,Clear,Kolar To Bangaluru,Kolar Bengaluru,8 kms,13.090228,77.835955
Bengaluru Dist,Hosakote PS,1.0442e+16,2021,1,1,Road Accidents,Narrow road,City/Town,Near School or College,Human Error,No,Fatal,Hit pedestrian,Not at  Junction,Straight and flat,Others,Bitumen(Tar),Others,No influence on accident,Clear,KANNURAHALLI ROAD,VIVEKANANDA SCHOOL,50 Mt,13.069159,77.788201
Bengaluru Dist,Hosakote PS,1.0442e+16,2021,1,2,Road Accidents,Narrow road,Rural Areas,Open area,Human Error,Not Applicable,Grievous Injury,Vehicle to Vehicle,Not at  Junction,Straight and flat,NH,Bitumen(Tar),Dry,Not Applicable,Others,NH75 ROAD,Near Halasahalli gate,200mtr,13.090049,77.836038
Bengaluru Dist,Hosakote PS,1.0442e+16,2021,1,2,Road Accidents,Road hump or Rumble strips,City/Town,Near School or College,Not Applicable,No,Damage Only,Vehicle to Vehicle,Uncontrolled,Hump,State Highway,Bitumen(Tar),Dry,Not Applicable,Fine,chinthamani road,near kyathi collage,2KM,13.097732,77.816049
Bengaluru Dist,Hosakote PS,1.0442e+16,2021,1,2,Road Accidents,Not Applicable,City/Town,Open area,Human Error,No,Grievous Injury,Vehicle to Vehicle,Give way sign,Straight and flat,NH,Bitumen(Tar),Not Applicable,Not Applicable,Clear,GOTTIPURA GATE,NH 75 ROAD,10m,13.095041,77.846846
Bengaluru Dist,Hosakote PS,1.0442e+16,2022,1,2,Road Accidents,Circle,City/Town,Near Hospital,Human Error,Yes,Simple Injury,Vehicle to Vehicle,Controlled,Dip or trough,Service Road,Concrete,Ditch or Potholed,Pot holed,Clear,jadgenahalli malur road,govt hospital,50m,13.047549,77.857557
Bengaluru Dist,Hosakote PS,1.0442e+16,2022,1,1,Road Accidents,Circle,City/Town,Near Bus stop,Human Error,Yes,Grievous Injury,Hit pedestrian,No signal lights,Curve and Incline,NH,Bitumen(Tar),Dry,Not Applicable,Clear,NH 75 Road,Near I B Circle,100 mt,13.072097,77.786968
Bengaluru Dist,Hosakote PS,1.0442e+16,2022,1,1,Road Accidents,Narrow road,City/Town,Near School or College,Human Error,No,Grievous Injury,Hit pedestrian,Not Applicable,Incline,One way,Bitumen(Tar),Others,Not Applicable,Clear,SLV BAKARY,KANAKANAGAR,2 KM,13.058863,77.784545
Bengaluru Dist,Hosakote PS,1.0442e+16,2022,1,2,Road Accidents,Curves,Rural Areas,Near Bus stop,Human Error,Yes,Grievous Injury,Vehicle to Vehicle,Controlled,Not Applicable,NH,Bitumen(Tar),Others,Not Applicable,Clear,KOLAR-BANGALORE NH 75 ROAD,Near Lanco Toll,1.5 km,13.057529,77.76869
Bengaluru Dist,Hosakote PS,1.0442e+16,2022,1,2,Road Accidents,Offset,City/Town,Near Bus stop,Human Error,Yes,Grievous Injury,Vehicle to Vehicle,Controlled,Straight and flat,NH,Bitumen(Tar),Others,Not Applicable,Clear,NATIONAL HIGH WAY,Gottipura Road,8 km,13.089658,77.836472
Bengaluru Dist,Hosakote PS,1.0442e+16,2022,1,1,Road Accidents,Narrow road,City/Town,Open area,Human Error,Yes,Grievous Injury,Hit pedestrian,Signal lights Blinking,Steep Incline or Climb,NH,Bitumen(Tar),Dry,Not Applicable,Clear,NH 75 Road,Court circle,100 mt,13.071096,77.785745