DISTRICTNAME,UNITNAME,Crime_No,Year,RI,Noofvehicle_involved,Accident_Classification,Accident_Spot,Accident_Location,Accident_SubLocation,Main_Cause,Hit_Run,Severity,Collision_Type,Junction_Control,Road_Character,Road_Type,Surface_Type,Surface_Condition,Road_Condition,Weather,Accident_Road,Landmark_first,Distance_LandMark_First,Latitude,Longitude
Bengaluru Dist,Hosakote PS,1.0442e+16,2022,1,2,Road Accidents,Narrow road,Rural Areas,Residential area,Human Error,No,Fatal,Vehicle to Vehicle,Not at  Junction,Straight and flat,State Highway,Bitumen(Tar),Dry,Not Applicable,Fine,HOSAKOTE-CHINTHAMANI,NEAR RENUKA WHEEL ALINMENT & WATER SERVICE STATION,100 Mt,13.086486,77.8078079
Bengaluru Dist,Hosakote PS,1.0442e+16,2022,1,1,Road Accidents,Circle,Rural Areas,Residential area,Human Error,Not Applicable,Grievous Injury,Not Applicable,Controlled,Straight and flat,NH,Bitumen(Tar),Others,Not Applicable,Cloudy,NH 75,Kolar Bengaluru,8 kms,0.0,0.0
Bengaluru Dist,Hosakote PS,1.0442e+16,2022,1,1,Road Accidents,Not Applicable,Rural Areas,Residential area,Human Error,Not Applicable,Grievous Injury,Hit pedestrian,Not Applicable,Straight and flat,Service Road,Concrete,Others,Not Applicable,Clear,Sarvice Road,Lakkandanahalli Village,3kms,13.11794,77.772946
Bengaluru Dist,Hosakote PS,1.0442e+16,2022,1,2,Road Accidents,Not Applicable,City/Town,Near Bus stop,Human Error,No,Grievous Injury,Vehicle to Vehicle,Controlled,Straight and flat,NH,Bitumen(Tar),Others,Not Applicable,Clear,Lanko Toll,National highway,1 km,0.0,0.0
Bengaluru Dist,Hosakote PS,1.0442e+16,2022,1,1,Road Accidents,Cross roads,City/Town,Near Bus stop,Human Error,No,Grievous Injury,Not Applicable,Controlled,Others,NH,Bitumen(Tar),Others,Not Applicable,Clear,NH75,Gottipura gate,11km,0.0,0.0
Bengaluru Dist,Hosakote PS,1.0442e+16,2022,1,1,Road Accidents,Curves,Rural Areas,Open area,Human Error,No,Fatal,Not Applicable,Not Applicable,Curve,NH,Bitumen(Tar),Not Applicable,Not Applicable,Clear,BENGALURU-KOLAR NH 75 ROAD,NANDHIGRAND HOTEL,250 Me,13.077963,77.7829249
Bengaluru Dist,Hosakote PS,1.0442e+16,2022,1,2,Road Accidents,Not Applicable,Rural Areas,Open area,Human Error,Not Applicable,Simple Injury,Vehicle to Vehicle,Controlled,Straight and flat,State Highway,Bitumen(Tar),Others,No influence on accident,Fine,DODDAHULLUR GATE,DODDAHULLLUR VILLAGE,100M,13.099801,77.820131
Bengaluru Dist,Hosakote PS,1.0442e+16,2022,1,2,Not Applicable,Cross roads,City/Town,Near Bus stop,Human Error,No,Grievous Injury,Vehicle to Vehicle,Controlled,Curve,Service Road,Bitumen(Tar),Others,Not Applicable,Clear,Service Road,Santhe Gate,4 km,0.0,0.0
Bengaluru Dist,Hosakote PS,1.0442e+16,2022,1,1,Road Accidents,Narrow road,City/Town,Near a recreation place/cinema,Human Error,Yes,Simple Injury,Hit pedestrian,Controlled,Others,Not Applicable,Bitumen(Tar),Others,Not Applicable,Clear,Road,Village Road,2 km,0.0,0.0
Bengaluru Dist,Hosakote PS,1.0442e+16,2022,1,2,Road Accidents,Circle,City/Town,Near Bus stop,Human Error,Not Applicable,Grievous Injury,Vehicle to Vehicle,Controlled,Others,NH,Bitumen(Tar),Others,Not Applicable,Clear,NH75,Kolar To Bengaluru,5 KM,13.076813,77.807137
Bengaluru Dist,Hosakote PS,1.0442e+16,2022,1,1,Road Accidents,Junction,City/Town,Near Bus stop,Human Error,No,Grievous Injury,Hit pedestrian,Controlled,Straight and flat,NH,Bitumen(Tar),Dry,Not Applicable,Clear,"Court circle,hosakote town",BMTC bus stop,500mtr,13.069795,77.78417
Bengaluru Dist,Hosakote PS,1.0442e+16,2022,1,2,Road Accidents,Not Applicable,City/Town,Near Bus stop,Human Error,No,Grievous Injury,Vehicle to Vehicle,Controlled,Straight and flat,NH,Bitumen(Tar),Others,Not Applicable,Clear,HALASAHALLY GATE,HALASAHALLI GATE,8KM,13.090349,77.836491
Bengaluru Dist,Hosakote PS,1.0442e+16,2022,1,2,Road Accidents,Narrow road,Rural Areas,Open area,Not Applicable,Not Applicable,Grievous Injury,Vehicle to Vehicle,Not Applicable,Not Applicable,NH,Bitumen(Tar),Dry,Not Applicable,Clear,NH75,Attivatta Gate,7,13.095468,77.847394
Bengaluru Dist,Hosakote PS,1.0442e+16,2022,1,2,Road Accidents,Offset,City/Town,Near Bus stop,Human Error,Yes,Grievous Injury,Vehicle to Vehicle,Controlled,Straight and flat,NH,Bitumen(Tar),Others,Not Applicable,Clear,NATIONAL HIGHWAY,KOLATHUR GATE,5 KM,13.083544,77.820518
Bengaluru Dist,Hosakote PS,1.0442e+16,2022,1,2,Road Accidents,Narrow road,Rural Areas,Near office complex,Human Error,No,Fatal,Vehicle to Vehicle,Not at  Junction,Straight and flat,State Highway,Bitumen(Tar),Others,Not Applicable,Clear,HOSAKOTE - CHINTHAMANI SH 82 ROAD,KOR LOZISTIC COMPANY,100 Mt,13.080164,77.806638
Bengaluru Dist,Hosakote PS,1.0442e+16,2022,1,2,Road Accidents,Cross roads,Rural Areas,Near Bus stop,Human Error,Not Applicable,Grievous Injury,Vehicle to Vehicle,Not at  Junction,Straight and flat,NH,Bitumen(Tar),Others,Not Applicable,Clear,HOSAKOTE -SULIBELE ROAD,Allapanahalli  Near Mayura Bekari NH207,100 Mt,13.079168,77.782544
Bengaluru Dist,Hosakote PS,1.0442e+16,2022,1,2,Road Accidents,Circle,City/Town,Residential area,Human Error,No,Grievous Injury,Vehicle to Vehicle,Signal lights Not working,Hump,Service Road,Bitumen(Tar),Dry,Not Applicable,Clear,GOUTAM COLONY,NEAR GOUTAM COLONY,50mtr,13.076449,77.79577
Bengaluru Dist,Hosakote PS,1.0442e+16,2022,1,2,Road Accidents,Not Applicable,City/Town,Near a recreation place/cinema,Human Error,No,Damage Only,Vehicle to Vehicle,Controlled,Straight and flat,NH,Bitumen(Tar),Others,Not Applicable,Clear,Near vishnu bhavan hotel,NH 75,4 km,0.0,0.0
Bengaluru Dist,Hosakote PS,1.0442e+16,2022,1,1,Road Accidents,Narrow road,Rural Areas,Near Bus stop,Human Error,No,Fatal,Hit pedestrian,Not at  Junction,Others,NH,Bitumen(Tar),Others,Not Applicable,Clear,BENGALURU-KOLAR,MYLAPURA GATE,100 Mt,0.0,0.0
Bengaluru Dist,Hosakote PS,1.0442e+16,2022,1,2,Road Accidents,Circle,Rural Areas,Near Bus stop,Human Error,Yes,Grievous Injury,Vehicle to Vehicle,Controlled,Straight and flat,NH,Bitumen(Tar),Others,Not Applicable,Clear,NH 75,bangaluru to kolar,3km,0.0,0.0
Bengaluru Dist,Hosakote PS,1.0442e+16,2022,1,1,Not Applicable,Narrow road,Rural Areas,Residential area,Human Error,No,Fatal,Not Applicable,Not at  Junction,Others,Others,Kutcha,Others,Not Applicable,Fine,DANDUPALYA TO ROOBI LAYOUT,NEAR MUNISHAMAPPA HOUSE,250,13.105394,77.8252
Bengaluru Dist,Hosakote PS,1.0442e+16,2022,1,1,Road Accidents,Not Applicable,Rural Areas,Near Bus stop,Human Error,No,Grievous Injury,Hit pedestrian,Uncontrolled,Straight and flat,Others,Bitumen(Tar),Not Applicable,Not Applicable,Clear,Jadigenahalli-vagata Road,MALURU ROAD,10 KM,13.052237,77.854275
Bengaluru Dist,Hosakote PS,1.0442e+16,2022,1,2,Road Accidents,Circle,City/Town,Near Petrol Pump,Human Error,No,Grievous Injury,Vehicle to Vehicle,Controlled,Straight and flat,NH,Bitumen(Tar),Others,Not Applicable,Clear,NH75,gowtham colony,500m,13.076808,77.795763
Bengaluru Dist,Hosakote PS,1.0442e+16,2022,1,2,Road Accidents,Narrow road,City/Town,Residential area,Human Error,Not Applicable,Grievous Injury,Hit bicyclist,Controlled,Straight and flat,Others,Bitumen(Tar),Dry,Not Applicable,Clear,KR Road,TAPMC Market,100 mt,13.073745,77.786668
Bengaluru Dist,Hosakote PS,1.0442e+16,2022,1,2,Road Accidents,Offset,Rural Areas,Near Bus stop,Human Error,No,Grievous Injury,Vehicle to Vehicle,Controlled,Straight and flat,NH,Bitumen(Tar),Others,Not Applicable,Clear,KOLAR-BANGALORE NH 75 ROAD,Attivatta Gate,7 km,13.099125,77.858811
Bengaluru Dist,Hosakote PS,1.0442e+16,2022,1,2,Road Accidents,Cross roads,City/Town,Residential area,Human Error,Not Applicable,Grievous Injury,Vehicle to Vehicle,Uncontrolled,Slight Curve,Service Road,Bitumen(Tar),Dry,Not Applicable,Clear,NH75 SERVICE ROAD,GOUTHAM COLONY HOSAKOTE TOWN,500mtr,13.072254,77.796862
Bengaluru Dist,Hosakote PS,1.0442e+16,2022,1,2,Road Accidents,Narrow road,City/Town,Residential area,Human Error,No,Grievous Injury,Vehicle to Vehicle,Controlled,Straight and flat,NH,Bitumen(Tar),Dry,Not Applicable,Clear,NH 75 Road,Lanco toll,500mtr,13.06338,77.774814
Bengaluru Dist,Hosakote PS,1.0442e+16,2022,1,1,Road Accidents,Narrow road,Rural Areas,Near a religious place,Human Error,No,Fatal,Hit pedestrian,Not at  Junction,Others,State Highway,Bitumen(Tar),Dry,Not Applicable,Fine,HOSAKOTE-MALUR,KALABYRAWESHWARA SWAMY TEMPLE,50 Mt,0.0,0.0
Bengaluru Dist,Hosakote PS,1.0442e+16,2022,1,2,Road Accidents,Junction,City/Town,In bazaar,Human Error,No,Grievous Injury,Vehicle to Vehicle,Controlled,Not Applicable,Others,Bitumen(Tar),Others,Not Applicable,Clear,More road,Kannuralli Road,2 km,0.0,0.0
Bengaluru Dist,Hosakote PS,1.0442e+16,2022,1,2,Road Accidents,Narrow road,Rural Areas,Near Bus stop,Human Error,No,Grievous Injury,Vehicle to Vehicle,Controlled,Straight and flat,NH,Bitumen(Tar),Others,Not Applicable,Clear,Taggali hosahalli gate,Gate,7 km,13.045899,77.8653599
Bengaluru Dist,Hosakote PS,1.0442e+16,2022,1,2,Road Accidents,Narrow road,City/Town,Residential area,Human Error,No,Grievous Injury,Vehicle to Vehicle,Controlled,Straight and flat,State Highway,Bitumen(Tar),Dry,Not Applicable,Clear,Maluru road,Near Udupi sagar hotel,20feet,13.073267,77.803897
Bengaluru Dist,Hosakote PS,1.0442e+16,2022,1,2,Road Accidents,Road hump or Rumble strips,City/Town,Near Petrol Pump,Human Error,No,Grievous Injury,Vehicle to Vehicle,Uncontrolled,Hump,NH,Bitumen(Tar),Others,Not Applicable,Clear,NH75,GOWTHAM COLONY,1 KM,13.077041,77.795408
Bengaluru Dist,Hosakote PS,1.0442e+16,2022,1,2,Road Accidents,Road hump or Rumble strips,City/Town,Residential area,Human Error,No,Grievous Injury,Vehicle to Vehicle,No signal lights,Straight and flat,NH,Bitumen(Tar),Dry,Not Applicable,Light Rain,"Court circle,hosakote town",COURT CIRLCE,50mtr,13.085801,77.809221
Bengaluru Dist,Hosakote PS,1.0442e+16,2022,1,2,Road Accidents,Offset,City/Town,Near Bus stop,Human Error,Yes,Grievous Injury,Vehicle to Vehicle,Controlled,Straight and flat,NH,Bitumen(Tar),Others,Not Applicable,Clear,NATIONAL HIGHWAY,LANCO TOLL,1KM,13.05973,77.771179
Bengaluru Dist,Hosakote PS,1.0442e+16,2022,1,2,Road Accidents,Narrow road,Rural Areas,Open area,Human Error,No,Fatal,Vehicle to Vehicle,Not at  Junction,Others,NH,Bitumen(Tar),Others,Not Applicable,Clear,BENGALURU TO KOLAR,SHEER E PANJABI FAMILY DABHA,100 Mt,13.097452,77.855689
Bengaluru Dist,Hosakote PS,1.0442e+16,2022,1,2,Road Accidents,Narrow road,Rural Areas,Residential area,Human Error,No,Fatal,Vehicle to Vehicle,Not at  Junction,Not Applicable,NH,Bitumen(Tar),Others,Not Applicable,Cloudy,BENGALURU TO KOLAR,NH75 RESTORENT HOTEL,50 mt,0.0,0.0
Bengaluru Dist,Hosakote PS,1.0442e+16,2022,1,1,Road Accidents,Narrow road,Rural Areas,Open area,Human Error,Yes,Fatal,Hit pedestrian,Not at  Junction,Others,NH,Bitumen(Tar),Dry,Not Applicable,Fine,BENGALURU-KOLAR,ARUN NURSERY FORM,40 Mt,0.0,0.0
Bengaluru Dist,Hosakote PS,1.0442e+16,2022,1,2,Road Accidents,Narrow road,Rural Areas,Near Bus stop,Human Error,No,Fatal,Vehicle to Vehicle,Not at  Junction,Not Applicable,NH,Bitumen(Tar),Others,Not Applicable,Clear,BENGALURU TO KOLAR,KOLATHUR GATE,100 mt,0.0,0.0
Bengaluru Dist,Hosakote PS,1.0442e+16,2022,1,1,Road Accidents,Narrow road,Rural Areas,Open area,Human Error,No,Fatal,Hit pedestrian,Not at  Junction,Not Applicable,NH,Bitumen(Tar),Others,Not Applicable,Cloudy,BENGALURU TO KIOLAR,NEAR LANCO TOLL,600 Mt,0.0,0.0
Bengaluru Dist,Hosakote PS,1.0442e+16,2022,1,1,Road Accidents,Cross roads,City/Town,Near or inside a village,Human Error,No,Grievous Injury,Hit pedestrian,Controlled,Straight and flat,Mixed,Bitumen(Tar),Others,Not Applicable,Clear,kannurali Road,Near Milana Chowtry,2 km,0.0,0.0
Bengaluru Dist,Hosakote PS,1.0442e+16,2022,1,2,Road Accidents,Narrow road,City/Town,Near Bus stop,Human Error,Not Applicable,Damage Only,Vehicle to Vehicle,No signal lights,Not Applicable,NH,Bitumen(Tar),Not Applicable,Not Applicable,Snow,NH75,GOTTIPURA GATE,2 KM,13.094549,77.846874
Bengaluru Dist,Hosakote PS,1.0442e+16,2022,1,2,Road Accidents,Curves,Rural Areas,Near Bus stop,Human Error,No,Fatal,Vehicle to Vehicle,Not at  Junction,Slight Curve,NH,Bitumen(Tar),Others,Not Applicable,Clear,KOLAR TO BENGALURU,NANDHIGRAND HOTEL,150 Me,13.083804,77.8256369
Bengaluru Dist,Hosakote PS,1.0442e+16,2022,1,2,Road Accidents,Not Applicable,City/Town,Near Bus stop,Human Error,No,Grievous Injury,Vehicle to Vehicle,Controlled,Straight and flat,NH,Bitumen(Tar),Others,Not Applicable,Clear,MAILAPURA GATE,NEAR GATE,6KM,13.107562,77.874341
Bengaluru Dist,Hosakote PS,1.0442e+16,2022,1,2,Rail Road Accidents,Narrow road,City/Town,Narrow bridge or culverts,Human Error,Yes,Fatal,Vehicle to Vehicle,Not at  Junction,Steep Incline or Climb,NH,Bitumen(Tar),Wet,No influence on accident,Clear,bengaluru to kolar road,axix bank,30 mt,13.07807,77.790421
Bengaluru Dist,Hosakote PS,1.0442e+16,2022,1,1,Road Accidents,Junction,City/Town,Open area,Human Error,No,Grievous Injury,Hit pedestrian,No signal lights,Straight and flat,NH,Concrete,Dry,Not Applicable,Clear,NH 75,Near Lanco toll,300mtr,13.058611,77.770151
Bengaluru Dist,Hosakote PS,1.0442e+16,2022,1,2,Road Accidents,Narrow road,Rural Areas,Open area,Human Error,No,Simple Injury,Vehicle to Vehicle,Not at  Junction,Straight and flat,State Highway,Bitumen(Tar),Dry,Not Applicable,Clear,Chinatamani road,opp Madina hotel,80feet,0.0,0.0
Bengaluru Dist,Hosakote PS,1.0442e+16,2022,1,2,Road Accidents,Narrow road,City/Town,Near Bus stop,Human Error,Not Applicable,Grievous Injury,Vehicle to Vehicle,Controlled,Straight and flat,Service Road,Concrete,Dry,Not Applicable,Clear,NH75 SERVICE ROAD,NEAR KEB OFFICE,500mtr,13.048926,77.771824
Bengaluru Dist,Hosakote PS,1.0442e+16,2022,1,2,Road Accidents,Narrow road,Rural Areas,Open area,Human Error,No,Fatal,Vehicle to Vehicle,Not at  Junction,Straight and flat,NH,Bitumen(Tar),Others,Not Applicable,Cloudy,BENGALURU TO KIOLAR,SRI SHANKAR SHILPAKALA KENDRA,500 Me,13.104426,77.8793909
Bengaluru Dist,Hosakote PS,1.0442e+16,2022,1,1,Road Accidents,Narrow road,Rural Areas,Open area,Human Error,No,Fatal,Not Applicable,Not at  Junction,Straight and flat,State Highway,Bitumen(Tar),Others,Not Applicable,Fine,HOSAKOTE-MALURU ROAD,ARALURU BYRAPPA LAND,500 Me,13.06027,77.827871
Bengaluru Dist,Hosakote PS,1.0442e+16,2022,1,1,Road Accidents,Circle,Rural Areas,Near Bus stop,Human Error,Not Applicable,Fatal,Not Applicable,Controlled,Straight and flat,NH,Bitumen(Tar),Others,Not Applicable,Clear,"Bengaluru To Kolar NH-75 Road, Near Halasahalli Gate",Halasahalli Gate,3 km,13.089839,77.836184
Bengaluru Dist,Hosakote PS,1.0442e+16,2022,1,1,Road Accidents,Narrow road,Rural Areas,Near Bus stop,Human Error,No,Grievous Injury,Hit pedestrian,Controlled,Straight and flat,Others,Bitumen(Tar),Others,Not Applicable,Clear,KANNURAHALLI  ROAD,kannuralli road,6km,13.060901,77.808139
Bengaluru Dist,Hosakote PS,1.0442e+16,2022,1,2,Road Accidents,Cross roads,City/Town,Near Bus stop,Human Error,Yes,Grievous Injury,Vehicle to Vehicle,Controlled,Straight and flat,NH,Bitumen(Tar),Not Applicable,Not Applicable,Clear,KOLAR TO BENGALURU,Near Kolattaru Gate,5km,13.084975,77.82589
Bengaluru Dist,Hosakote PS,1.0442e+16,2022,1,4,Road Accidents,Offset,City/Town,Near Bus stop,Human Error,No,Grievous Injury,Vehicle to Vehicle,Controlled,Straight and flat,NH,Bitumen(Tar),Others,Not Applicable,Snow,"BANGALURU TO KOLAR  NH 75 ,",NH 75,1 KM,13.059462,77.771053
Bengaluru Dist,Hosakote PS,1.0442e+16,2022,1,1,Road Accidents,Narrow road,Rural Areas,Open area,Human Error,No,Fatal,Not Applicable,Not at  Junction,Straight and flat,NH,Bitumen(Tar),Others,Not Applicable,Fine,BENGALURU TO KIOLAR,NEAR ATTURU GATE,100 Mt,13.084772,77.823977
Bengaluru Dist,Hosakote PS,1.0442e+16,2022,1,2,Road Accidents,Cross roads,Rural Areas,Open area,Human Error,No,Fatal,Vehicle to Vehicle,Signals (Working),Curve,NH,Bitumen(Tar),Others,Construction Work / Material,Fine,BENGALURU TO KIOLAR,KOLATHUR GATE,250 Me,13.06295,77.896661
Bengaluru Dist,Hosakote PS,1.0442e+16,2022,1,2,Road Accidents,Cross roads,Rural Areas,Near Bus stop,Human Error,No,Grievous Injury,Vehicle to Vehicle,Controlled,Hump,NH,Bitumen(Tar),Others,Not Applicable,Clear,NH75,Kolar To Bengaluru,3 km,13.076829,77.795341
Bengaluru Dist,Hosakote PS,1.0442e+16,2022,1,1,Road Accidents,Curves,Rural Areas,Open area,Human Error,No,Fatal,Not Applicable,Not at  Junction,Curve,NH,Bitumen(Tar),Dry,Not Applicable,Clear,KOLAR to BENGALURU ROAD,MODALIYAR SEVAKENDRA,400 Mt,13.094789,77.8466699
Bengaluru Dist,Hosakote PS,1.0442e+16,2022,1,1,Road Accidents,Narrow road,Rural Areas,Residential area,Human Error,No,Fatal,Hit pedestrian,Not at  Junction,Others,State Highway,Bitumen(Tar),Others,Not Applicable,Very Cold,HOSAKOTE to MALUR ROAD,SRINIVAS MURTHY HOUSE,250 Mt,0.0,0.0
Bengaluru Dist,Hosakote PS,1.0442e+16,2022,1,2,Road Accidents,Cross roads,Rural Areas,Near Bus stop,Human Error,Not Applicable,Simple Injury,Vehicle to Vehicle,Controlled,Straight and flat,Service Road,Bitumen(Tar),Others,Not Applicable,Clear,Service Road,Kannurahalli Road,5 km,13.069531,77.798185
Bengaluru Dist,Hosakote PS,1.0442e+16,2022,1,2,Road Accidents,Junction,City/Town,Near Bus stop,Not Applicable,No,Grievous Injury,Vehicle to Vehicle,No signal lights,Others,NH,Bitumen(Tar),Dry,Not Applicable,Clear,NH75,12,1 KM,13.076918,77.795019
Bengaluru Dist,Hosakote PS,1.0442e+16,2022,1,2,Road Accidents,Narrow road,Rural Areas,Near Bus stop,Human Error,No,Fatal,Vehicle to Vehicle,Not at  Junction,Straight and flat,NH,Bitumen(Tar),Others,Not Applicable,Fine,HOSAKOTE -SULIBELE ROAD,THANGUDANA,250,13.068739,77.781069
Bengaluru Dist,Hosakote PS,1.0442e+16,2022,1,2,Road Accidents,Cross roads,Rural Areas,Near Bus stop,Human Error,Yes,Grievous Injury,Vehicle to Vehicle,Controlled,Straight and flat,NH,Bitumen(Tar),Others,Not Applicable,Cloudy,NH75,Kolar To Bengaluru,1 KM,0.0,0.0
Bengaluru Dist,Hosakote PS,1.0442e+16,2022,1,1,Road Accidents,Narrow road,Rural Areas,Open area,Human Error,Not Applicable,Fatal,Not Applicable,Not Applicable,Straight and flat,State Highway,Bitumen(Tar),Dry,Not Applicable,Not Applicable,Chinatamani road,Taj Hotel,100 mt,0.0,0.0
Bengaluru Dist,Hosakote PS,1.0442e+16,2022,1,2,Road Accidents,Road hump or Rumble strips,City/Town,Near School or College,Human Error,No,Damage Only,Vehicle to Vehicle,Controlled,Straight and flat,NH,Bitumen(Tar),Others,Not Applicable,Clear,NATIONAL HIGH WAY,MVJ COLLEGE,3 KM,13.078065,77.811986
Bengaluru Dist,Hosakote PS,1.0442e+16,2022,1,2,Road Accidents,Cross roads,City/Town,Near Bus stop,Human Error,No,Grievous Injury,Vehicle to Vehicle,Controlled,Straight and flat,NH,Bitumen(Tar),Others,Not Applicable,Clear,Hosakote-Sulibele NH 207 rOAD,NH207 ROAD,8KM,13.085474,77.782699
Bengaluru Dist,Hosakote PS,1.0442e+16,2022,1,2,Road Accidents,Road hump or Rumble strips,City/Town,Residential area,Human Error,Not Applicable,Grievous Injury,Vehicle to Vehicle,Signal lights Blinking,Steep Incline or Climb,NH,Bitumen(Tar),Dry,Not Applicable,Cloudy,NH 75,COURT CIRLCE,300mtr,13.070515,77.784072
Bengaluru Dist,Hosakote PS,1.0442e+16,2022,1,2,Road Accidents,Cross roads,Rural Areas,Near Bus stop,Human Error,No,Grievous Injury,Vehicle to Vehicle,Controlled,Straight and flat,NH,Bitumen(Tar),Others,Not Applicable,Clear,KOLAR-BANGALORE NH 75 ROAD,Attivatta Gate,10 km,13.095876,77.850719
Bengaluru Dist,Hosakote PS,1.0442e+16,2022,1,2,Road Accidents,Offset,City/Town,Near Bus stop,Human Error,No,Grievous Injury,Vehicle to Vehicle,Controlled,Straight and flat,NH,Bitumen(Tar),Others,Not Applicable,Clear,NH 75,Near toll,1 km,0.0,0.0
Bengaluru Dist,Hosakote PS,1.0442e+16,2022,1,2,Rail Road Accidents,Narrow road,Rural Areas,Near a factory industrial area,Human Error,No,Fatal,Vehicle to Vehicle,Not at  Junction,Not Applicable,NH,Bitumen(Tar),Others,Not Applicable,Very Cold,KOLAR TO BENGALURU,KALVASAN CONCREET PVT LTD,500 Me,13.091347,77.793768
Bengaluru Dist,Hosakote PS,1.0442e+16,2022,1,2,Road Accidents,Cross roads,Rural Areas,Near Bus stop,Human Error,Yes,Fatal,Vehicle to Vehicle,Controlled,Curve,NH,Bitumen(Tar),Dry,Not Applicable,Fine,BENGALURU TO KIOLAR,NEAR KOLATHUR GATE,250 Me,13.084888,77.825383
Bengaluru Dist,Hosakote PS,1.0442e+16,2022,1,2,Road Accidents,Cross roads,City/Town,Near Bus stop,Human Error,No,Grievous Injury,Vehicle to Vehicle,Controlled,Dip or trough,NH,Bitumen(Tar),Dry,Engineering Defect of Road,Cloudy,NH 75 Road,GOUTHAM COLONY HOSAKOTE TOWN,00 mtr,13.07634,77.795072
Bengaluru Dist,Hosakote PS,1.0442e+16,2022,1,2,Road Accidents,Offset,Rural Areas,Near Bus stop,Human Error,No,Grievous Injury,Vehicle to Vehicle,Controlled,Straight and flat,State Highway,Bitumen(Tar),Others,Not Applicable,Snow,state highway,Haraluru gate,7 km,13.082646,77.820853
Bengaluru Dist,Hosakote PS,1.0442e+16,2022,1,2,Road Accidents,Narrow road,Rural Areas,Open area,Human Error,No,Grievous Injury,Vehicle to Vehicle,Not Applicable,Straight and flat,State Highway,Bitumen(Tar),Dry,Not Applicable,Clear,state highway,Near Karibeeranahosalli Gate,500mtr,0.0,0.0
Bengaluru Dist,Hosakote PS,1.0442e+16,2022,1,2,Road Accidents,Cross roads,City/Town,Near Bus stop,Human Error,Yes,Grievous Injury,Vehicle to Vehicle,Controlled,Straight and flat,NH,Bitumen(Tar),Others,Not Applicable,Clear,NH 75,Gonakanahalli Gate,10,13.049734,77.88407
Bengaluru Dist,Hosakote PS,1.0442e+16,2022,1,1,Road Accidents,Narrow road,City/Town,Near Hospital,Human Error,No,Simple Injury,Hit pedestrian,Controlled,Not Applicable,NH,Bitumen(Tar),Others,Not Applicable,Cloudy,NH75,MVJ HOSPITAL,1 KM,13.105013,77.877976
Bengaluru Dist,Hosakote PS,1.0442e+16,2022,1,2,Road Accidents,Curves,Rural Areas,Open area,Human Error,No,Grievous Injury,Vehicle to Vehicle,Not at  Junction,Curve,NH,Bitumen(Tar),Not Applicable,Not Applicable,Clear,NH207 ROAD,Near Upparahalli,500mtr,13.08681,77.781196
Bengaluru Dist,Hosakote PS,1.0442e+16,2022,1,2,Road Accidents,Cross roads,Rural Areas,Near Bus stop,Human Error,No,Grievous Injury,Vehicle to Vehicle,Controlled,Straight and flat,State Highway,Bitumen(Tar),Others,Not Applicable,Clear,Sulibele Hosakote Road,Sulibele Hosakote Road,8KMs,13.086279,77.777932
Bengaluru Dist,Hosakote PS,1.0442e+16,2022,1,2,Road Accidents,Offset,City/Town,Narrow bridge or culverts,Human Error,No,Grievous Injury,Vehicle to Vehicle,Controlled,Others,NH,Bitumen(Tar),Others,Not Applicable,Clear,way bridge road,chinthamani road,2 km,0.0,0.0
Bengaluru Dist,Hosakote PS,1.0442e+16,2022,1,2,Road Accidents,Cross roads,City/Town,Near a recreation place/cinema,Human Error,Yes,Damage Only,Vehicle to Vehicle,Controlled,Curve,NH,Bitumen(Tar),Others,Not Applicable,Clear,NH75,NANDI GRAND HOTEL,50m,13.052143,77.853586
Bengaluru Dist,Hosakote PS,1.0442e+16,2022,1,2,Road Accidents,Narrow road,Rural Areas,Near office complex,Human Error,No,Fatal,Vehicle to Vehicle,Not at  Junction,Straight and flat,NH,Bitumen(Tar),Others,Not Applicable,Fine,HOSAKOTE  TOWN TO GATTIGANABBE,NANDASHREE KALYANA MANTAPA,250 Me,13.059553,77.783429
Bengaluru Dist,Hosakote PS,1.0442e+16,2022,1,2,Road Accidents,Not Applicable,City/Town,Near Bus stop,Human Error,No,Grievous Injury,Vehicle to Vehicle,Controlled,Straight and flat,NH,Bitumen(Tar),Others,Not Applicable,Clear,NH 75,highway,1km,13.081335,77.824188
Bengaluru Dist,Hosakote PS,1.0442e+16,2022,1,2,Road Accidents,Offset,City/Town,Residential area,Human Error,No,Simple Injury,Vehicle to Vehicle,Controlled,Others,NH,Bitumen(Tar),Others,Not Applicable,Clear,NH75,Sulthan Daba,2 km,0.0,0.0
Bengaluru Dist,Hosakote PS,1.0442e+16,2022,1,2,Road Accidents,Not Applicable,City/Town,Near office complex,Human Error,Yes,Damage Only,Vehicle to Vehicle,Controlled,Straight and flat,NH,Bitumen(Tar),Dry,No influence on accident,Fine,kolathur gate NH75,NH75,10m,13.05987,77.808051
Bengaluru Dist,Hosakote PS,1.0442e+16,2022,1,2,Road Accidents,Narrow road,Rural Areas,Near Bus stop,Human Error,No,Fatal,Vehicle to Vehicle,Not at  Junction,Straight and flat,Others,Bitumen(Tar),Others,Not Applicable,Clear,HOSAKOTE - MALUR,NEAR THAGGALI HOSAHALLI GATE,500 Me,13.037257,77.887868
Bengaluru Dist,Hosakote PS,1.0442e+16,2022,1,2,Road Accidents,Not Applicable,Rural Areas,Near Bus stop,Human Error,No,Simple Injury,Vehicle to Vehicle,Uncontrolled,Straight and flat,State Highway,Bitumen(Tar),Not Applicable,Not Applicable,Clear,Chintamani Hosakote Road,sonnadenahally gate,5km,13.08778,77.807568
Bengaluru Dist,Hosakote PS,1.0442e+16,2022,1,1,Road Accidents,Narrow road,Rural Areas,Near Bus stop,Human Error,No,Fatal,Hit pedestrian,Not Applicable,Straight and flat,NH,Bitumen(Tar),Not Applicable,No influence on accident,Clear,KOLAR -BANGALURU NH-75 ROAD,NEAR ATTU GATE,250 Me,13.098782,77.859176
Bengaluru Dist,Hosakote PS,1.0442e+16,2022,1,1,Road Accidents,Narrow road,Rural Areas,Open area,Human Error,No,Grievous Injury,Hit pedestrian,Not Applicable,Straight and flat,State Highway,Bitumen(Tar),Dry,Not Applicable,Cloudy,Chinatamani road,Near Doddahulluru gate,100 mt,13.100238,77.82258