DISTRICTNAME,UNITNAME,Crime_No,Year,RI,Noofvehicle_involved,Accident_Classification,Accident_Spot,Accident_Location,Accident_SubLocation,Main_Cause,Hit_Run,Severity,Collision_Type,Junction_Control,Road_Character,Road_Type,Surface_Type,Surface_Condition,Road_Condition,Weather,Accident_Road,Landmark_first,Distance_LandMark_First,Latitude,Longitude
Bengaluru Dist,Hosakote Traffic PS,1.04422e+16,2023,1,2,Road Accidents,Narrow road,Rural Areas,Near office complex,Vehicle Defect,No,Grievous Injury,Vehicle to Vehicle,Uncontrolled,Others,NH,Not Applicable,Dry,Not Applicable,Clear,NH 75,Bord,40,13.068278,77.779602
Bengaluru Dist,Hosakote Traffic PS,1.04422e+16,2023,1,2,Road Accidents,Narrow road,Rural Areas,Near Bus stop,Human Error,No,Grievous Injury,Vehicle to Vehicle,Not at  Junction,Straight and flat,State Highway,Bitumen(Tar),Dry,Not Applicable,Clear,SH82,1,17,0.0,0.0
Bengaluru Dist,Hosakote Traffic PS,1.04422e+16,2023,1,3,Road Accidents,Narrow road,Rural Areas,Near Bus stop,Human Error,No,Simple Injury,Vehicle to Vehicle,Not at  Junction,Straight and flat,State Highway,Bitumen(Tar),Dry,Not Applicable,Clear,Air Port Road,1,3,13.102749,77.744217
Bengaluru Dist,Hosakote Traffic PS,1.04422e+16,2023,1,2,Road Accidents,Narrow road,Rural Areas,Open area,Vehicle Defect,No,Fatal,Vehicle to Vehicle,Uncontrolled,Others,State Highway,Not Applicable,Others,Not Applicable,Clear,SH 82,Medirch GATE,60,0.0,0.0
Bengaluru Dist,Hosakote Traffic PS,1.04422e+16,2023,1,2,Road Accidents,Narrow road,Rural Areas,Open area,Vehicle Defect,No,Grievous Injury,Vehicle to Vehicle,Uncontrolled,Others,NH,Not Applicable,Others,Not Applicable,Others,NH 75,curent pole,15,0.0,0.0
Bengaluru Dist,Hosakote Traffic PS,1.04422e+16,2023,1,2,Road Accidents,Circle,Rural Areas,Open area,Vehicle Defect,Yes,Grievous Injury,Vehicle to Vehicle,Uncontrolled,Not Applicable,NH,Not Applicable,Others,Not Applicable,Clear,NH 75,curent pole,20,13.026255,77.7203
Bengaluru Dist,Hosakote Traffic PS,1.04422e+16,2023,1,2,Road Accidents,Not Applicable,Rural Areas,Open area,Vehicle Defect,No,Grievous Injury,Vehicle to Vehicle,Uncontrolled,Others,NH,Not Applicable,Dry,Not Applicable,Clear,NH 75,curent pole,50,13.134626,77.938312
Bengaluru Dist,Hosakote Traffic PS,1.04422e+16,2023,1,2,Road Accidents,Narrow road,Rural Areas,Open area,Vehicle Defect,No,Grievous Injury,Vehicle to Vehicle,Uncontrolled,Others,State Highway,Not Applicable,Dry,Not Applicable,Clear,Mallimakanapura village,curent pole,50,13.123088,77.84324
Bengaluru Dist,Hosakote Traffic PS,1.04422e+16,2023,1,3,Road Accidents,Narrow road,City/Town,Open area,Human Error,No,Fatal,Vehicle to Vehicle,Not at  Junction,Straight and flat,NH,Bitumen(Tar),Ditch or Potholed,No influence on accident,Clear,KOLAR TO BENGALURU ROAD NH,LANCO TOLL,100ft,13.058466,77.769459
Bengaluru Dist,Hosakote Traffic PS,1.04422e+16,2023,1,2,Road Accidents,Narrow road,Rural Areas,Open area,Vehicle Defect,No,Damage Only,Vehicle to Vehicle,Uncontrolled,Others,NH,Not Applicable,Dry,Not Applicable,Clear,NH 75,40,45,13.032399,77.731677
Bengaluru Dist,Hosakote Traffic PS,1.04422e+16,2023,1,1,Road Accidents,Narrow road,Rural Areas,Open area,Vehicle Defect,No,Fatal,Vehicle to Vehicle,Controlled,Not Applicable,Others,Not Applicable,Dry,Not Applicable,Clear,SH 82,raja kaluve,35,13.053566,77.747797
Bengaluru Dist,Hosakote Traffic PS,1.04422e+16,2023,1,2,Road Accidents,Narrow road,Rural Areas,Open area,Human Error,No,Fatal,Vehicle to Vehicle,Not at  Junction,Straight and flat,State Highway,Bitumen(Tar),Dry,Not Applicable,Fine,State Highway 82,Near k sathyawara village,12 KM,13.077319,77.801682
Bengaluru Dist,Hosakote Traffic PS,1.04422e+16,2023,1,2,Road Accidents,Junction,City/Town,Open area,Human Error,No,Damage Only,Vehicle to Vehicle,No signal lights,Straight and flat,NH,Bitumen(Tar),Dry,Not Applicable,Clear,NH75,1,2,13.076163,77.796815
Bengaluru Dist,Hosakote Traffic PS,1.04422e+16,2023,1,2,Road Accidents,Curves,City/Town,Near School or College,Human Error,No,Grievous Injury,Vehicle to Vehicle,Not at  Junction,Sharp Curve,State Highway,Bitumen(Tar),Others,No influence on accident,Clear,malur road,all ameen college,50mt,0.0,0.0
Bengaluru Dist,Hosakote Traffic PS,1.04422e+16,2023,1,2,Road Accidents,Junction,Rural Areas,Near Bus stop,Human Error,No,Grievous Injury,Vehicle to Vehicle,Give way sign,Straight and flat,NH,Bitumen(Tar),Dry,Not Applicable,Clear,NH75,1,15,0.0,0.0
Bengaluru Dist,Hosakote Traffic PS,1.04422e+16,2023,1,1,Road Accidents,Narrow road,City/Town,Open area,Vehicle Defect,No,Simple Injury,Vehicle to Vehicle,Uncontrolled,Others,State Highway,Not Applicable,Dry,Not Applicable,Clear,katamnalluru to kadugodi road,curent pole,50,0.0,0.0
Bengaluru Dist,Hosakote Traffic PS,1.04422e+16,2023,1,2,Road Accidents,Narrow road,Rural Areas,Open area,Road Environment Defect,No,Grievous Injury,Vehicle to Vehicle,Not at  Junction,Straight and flat,Service Road,Bitumen(Tar),Dry,Not Applicable,Clear,NH75,1,4,0.0,0.0
Bengaluru Dist,Hosakote Traffic PS,1.04422e+16,2023,1,2,Road Accidents,Narrow road,Rural Areas,Open area,Vehicle Defect,No,Simple Injury,Vehicle to Vehicle,Uncontrolled,Others,NH,Surfaced,Dry,Not Applicable,Clear,NH 75,curent pole,20,13.077886,77.8092049
Bengaluru Dist,Hosakote Traffic PS,1.04422e+16,2023,1,2,Road Accidents,Not Applicable,Rural Areas,Open area,Vehicle Defect,Yes,Grievous Injury,Vehicle to Vehicle,Uncontrolled,Others,Others,Surfaced,Dry,Not Applicable,Clear,Budigere cross budigere,krishnappa,120,13.130884,77.745276
Bengaluru Dist,Hosakote Traffic PS,1.04422e+16,2023,1,2,Road Accidents,Junction,City/Town,Near Hospital,Human Error,No,Grievous Injury,Vehicle to Vehicle,No signal lights,Straight and flat,Service Road,Surfaced,Dry,No influence on accident,Clear,NH SERVICE ROAD,NEAR REVANKAR HOSPITAL,40MT,0.0,0.0
Bengaluru Dist,Hosakote Traffic PS,1.04422e+16,2023,1,2,Road Accidents,Narrow road,Rural Areas,Open area,Vehicle Defect,No,Damage Only,Vehicle to Vehicle,Uncontrolled,Others,NH,Metalled,Dry,Not Applicable,Clear,NH75,CURENT POLE,40,13.033947,77.733388
Bengaluru Dist,Hosakote Traffic PS,1.04422e+16,2023,1,2,Other Railway Accidents,Narrow road,Rural Areas,Open area,Vehicle Defect,No,Grievous Injury,Vehicle to Vehicle,Uncontrolled,Others,Others,Surfaced,Others,Not Applicable,Clear,NH-207,curent pole,45,13.093254,77.779021
Bengaluru Dist,Hosakote Traffic PS,1.04422e+16,2023,1,2,Road Accidents,Narrow road,Rural Areas,Near Bus stop,Human Error,No,Grievous Injury,Vehicle to Vehicle,Not Applicable,Straight and flat,NH,Bitumen(Tar),Dry,Not Applicable,Clear,NH75,1,0.5,0.0,0.0
Bengaluru Dist,Hosakote Traffic PS,1.04422e+16,2023,1,2,Road Accidents,Narrow road,Rural Areas,Near School or College,Human Error,No,Fatal,Vehicle to Vehicle,Not at  Junction,Incline,NH,Bitumen(Tar),Not Applicable,No influence on accident,Clear,KOLAR TO BENGALURU ROAD NH,NH75 HOTEL,100Mt,13.097375,77.855416
Bengaluru Dist,Hosakote Traffic PS,1.04422e+16,2023,1,2,Road Accidents,Junction,City/Town,Near Bus stop,Human Error,No,Grievous Injury,Vehicle to Vehicle,No signal lights,Steep Incline or Climb,NH,Bitumen(Tar),Others,No influence on accident,Clear,KOLAR TO BENGALURU ROAD NH,goutham colony,10mt,13.076781,77.795056
Bengaluru Dist,Hosakote Traffic PS,1.04422e+16,2023,1,2,Road Accidents,Junction,City/Town,In bazaar,Human Error,No,Damage Only,Vehicle to Vehicle,Police / Manual,Straight and flat,Service Road,Bitumen(Tar),Wet,No influence on accident,Clear,NH SERVICE ROAD,KEB CIRCLE,20Mt,13.0721,77.7870679
Bengaluru Dist,Hosakote Traffic PS,1.04422e+16,2023,1,1,Road Accidents,Narrow road,City/Town,Open area,Human Error,Yes,Fatal,Hit pedestrian,Not at  Junction,Gentle Incline or Climb,NH,Surfaced,Others,No influence on accident,Clear,KOLAR TO BENGALURU ROAD NH,near avalahalli police station,250mt,13.043374,77.747744
Bengaluru Dist,Hosakote Traffic PS,1.04422e+16,2023,1,2,Road Accidents,Not Applicable,Rural Areas,Open area,Vehicle Defect,No,Fatal,Vehicle to Vehicle,Uncontrolled,Not Applicable,NH,Not Applicable,Dry,Not Applicable,Clear,NH 75,signal board,15,13.133416,77.935425
Bengaluru Dist,Hosakote Traffic PS,1.04422e+16,2023,1,1,Road Accidents,Narrow road,Rural Areas,Near Bus stop,Human Error,No,Grievous Injury,Hit pedestrian,Not at  Junction,Straight and flat,NH,Bitumen(Tar),Dry,Not Applicable,Clear,NH75,1,1,13.034125,77.73368
Bengaluru Dist,Hosakote Traffic PS,1.04422e+16,2023,1,3,Road Accidents,Narrow road,Rural Areas,Open area,Vehicle Defect,No,Grievous Injury,Vehicle to Vehicle,Uncontrolled,Others,NH,Not Applicable,Dry,Not Applicable,Clear,NH 75,curent pole,45,13.070225,77.783817
Bengaluru Dist,Hosakote Traffic PS,1.04422e+16,2023,1,3,Road Accidents,Narrow road,City/Town,Near or inside a village,Not Applicable,No,Grievous Injury,Vehicle to Vehicle,Controlled,Not Applicable,NH,Bitumen(Tar),Dry,Not Applicable,Fine,KOLAR BANGALORE NH-75 SARVICE ROAD,NEAR SBI BANK,2KM,13.075687,77.79335
Bengaluru Dist,Hosakote Traffic PS,1.04422e+16,2023,1,1,Road Accidents,Narrow road,Rural Areas,Open area,Human Error,No,Fatal,Hit pedestrian,Not at  Junction,Straight and flat,NH,Bitumen(Tar),Dry,No influence on accident,Clear,NH 75 BENGALURU TO KOLAR ROAD,OPP TOYOTA SHOWROOM,50 Mt,0.0,0.0
Bengaluru Dist,Hosakote Traffic PS,1.04422e+16,2023,1,2,Road Accidents,Narrow road,Rural Areas,Open area,Vehicle Defect,No,Simple Injury,Vehicle to Vehicle,Not Applicable,Others,Service Road,Not Applicable,Dry,Not Applicable,Clear,Hosakote,GPR BAR,20,0.0,0.0
Bengaluru Dist,Hosakote Traffic PS,1.04422e+16,2023,1,2,Road Accidents,Not Applicable,Rural Areas,Open area,Vehicle Defect,No,Grievous Injury,Vehicle to Vehicle,Not Applicable,Not Applicable,NH,Kutcha,Not Applicable,Not Applicable,Others,NH75,Anjneya temple,100mtr,0.0,0.0
Bengaluru Dist,Hosakote Traffic PS,1.04422e+16,2023,1,2,Road Accidents,Narrow road,Rural Areas,Open area,Vehicle Defect,No,Grievous Injury,Vehicle to Vehicle,Uncontrolled,Others,NH,Surfaced,Others,Not Applicable,Clear,NH75,Curent pole,40,0.0,0.0
Bengaluru Dist,Hosakote Traffic PS,1.04422e+16,2023,1,2,Road Accidents,Narrow road,Rural Areas,Near or inside a village,Human Error,Yes,Fatal,Vehicle to Vehicle,Not at  Junction,Straight and flat,Service Road,Bitumen(Tar),Ditch or Potholed,No influence on accident,Clear,SERVICE ROAD,YALACHAHALLI BRIDGE UNDER PASS,50MT,13.126468,77.907816
Bengaluru Dist,Hosakote Traffic PS,1.04422e+16,2023,1,2,Road Accidents,Narrow road,Rural Areas,Open area,Vehicle Defect,No,Simple Injury,Vehicle to Vehicle,Uncontrolled,Others,NH,Not Applicable,Dry,Not Applicable,Clear,NH 75,curent pole,40,13.049264,77.755158
Bengaluru Dist,Hosakote Traffic PS,1.04422e+16,2023,1,2,Road Accidents,Narrow road,Rural Areas,Open area,Human Error,No,Damage Only,Vehicle to Vehicle,Not at  Junction,Straight and flat,NH,Bitumen(Tar),Dry,Not Applicable,Clear,NH75,1,15,13.094822,77.846639
Bengaluru Dist,Hosakote Traffic PS,1.04422e+16,2023,1,1,Road Accidents,Not Applicable,Rural Areas,Open area,Vehicle Defect,No,Fatal,Hit pedestrian,Uncontrolled,Others,NH,Not Applicable,Dry,Not Applicable,Clear,NH 75,msil bar,60,13.067895,77.779595
Bengaluru Dist,Hosakote Traffic PS,1.04422e+16,2023,1,2,Road Accidents,Narrow road,Rural Areas,Near School or College,Human Error,No,Grievous Injury,Vehicle to Vehicle,Not at  Junction,Straight and flat,Service Road,Bitumen(Tar),Dry,Not Applicable,Clear,NH 75,1,3,13.077497,77.799392
Bengaluru Dist,Hosakote Traffic PS,1.04422e+16,2023,1,2,Road Accidents,Narrow road,Rural Areas,Open area,Vehicle Defect,No,Grievous Injury,Vehicle to Vehicle,Uncontrolled,Others,Others,Surfaced,Dry,Not Applicable,Clear,NH 75,curent pole,60,0.0,0.0
Bengaluru Dist,Hosakote Traffic PS,1.04422e+16,2023,1,1,Road Accidents,Narrow road,Rural Areas,Open area,Human Error,No,Grievous Injury,Vehicle to Vehicle,Not at  Junction,Straight and flat,NH,Bitumen(Tar),Dry,Not Applicable,Clear,NH 75,1,15,13.055328,77.7833329
Bengaluru Dist,Hosakote Traffic PS,1.04422e+16,2023,1,1,Road Accidents,Narrow road,Rural Areas,Open area,Human Error,No,Simple Injury,Vehicle to Vehicle,Not at  Junction,Straight and flat,NH,Bitumen(Tar),Dry,Not Applicable,Clear,NH75,1,5,13.104936,77.869752
Bengaluru Dist,Hosakote Traffic PS,1.04422e+16,2023,1,2,Rail Road Accidents,Not Applicable,Rural Areas,Open area,Vehicle Defect,No,Fatal,Vehicle to Vehicle,Uncontrolled,Others,NH,Not Applicable,Dry,Not Applicable,Clear,NH 75,curent pole,40,13.046372,77.750612
Bengaluru Dist,Hosakote Traffic PS,1.04422e+16,2023,1,3,Road Accidents,Offset,Rural Areas,Open area,Vehicle Defect,No,Grievous Injury,Vehicle to Vehicle,Uncontrolled,Slight Curve,NH,Surfaced,Dry,Not Applicable,Clear,NH 75,curent pole,20,13.134456,77.937749
Bengaluru Dist,Hosakote Traffic PS,1.04422e+16,2023,1,2,Road Accidents,Not Applicable,City/Town,Near a religious place,Not Applicable,No,Damage Only,Vehicle to Vehicle,Controlled,Not Applicable,NH,Bitumen(Tar),Dry,Not Applicable,Fine,KOLAR BANGALORE NH-75 ROAD,KEB BRIDGE,500MTS,13.071792,77.786825
Bengaluru Dist,Hosakote Traffic PS,1.04422e+16,2023,1,2,Road Accidents,Narrow road,Rural Areas,Open area,Vehicle Defect,No,Simple Injury,Vehicle to Vehicle,Uncontrolled,Others,NH,Concrete,Dry,Not Applicable,Clear,NH 75,curent pole,45,13.026818,77.467869
Bengaluru Dist,Hosakote Traffic PS,1.04422e+16,2023,1,1,Road Accidents,Narrow road,Rural Areas,Near Hospital,Human Error,No,Fatal,Vehicle to Vehicle,Not at  Junction,Straight and flat,NH,Bitumen(Tar),Ditch or Potholed,No influence on accident,Clear,NEATIONAL HIGH WAY,ORIYAN MAL,100Mt,0.0,0.0
Bengaluru Dist,Hosakote Traffic PS,1.04422e+16,2023,1,2,Road Accidents,Narrow road,City/Town,In bazaar,Human Error,No,Grievous Injury,Vehicle to Vehicle,Not at  Junction,Straight and flat,NH,Bitumen(Tar),Others,No influence on accident,Clear,GATTIGANABBE ROAD NATIONAL HIGH,NEAR MTB PARK,50mt,0.0,0.0
Bengaluru Dist,Hosakote Traffic PS,1.04422e+16,2023,1,2,Road Accidents,Narrow road,Rural Areas,In bazaar,Human Error,No,Grievous Injury,Vehicle to Vehicle,Not at  Junction,Straight and flat,State Highway,Bitumen(Tar),Dry,Not Applicable,Clear,SH 35,1,1,0.0,0.0
Bengaluru Dist,Hosakote Traffic PS,1.04422e+16,2023,1,1,Road Accidents,Narrow road,Rural Areas,Open area,Vehicle Defect,No,Grievous Injury,Vehicle to Vehicle,Controlled,Others,Others,Not Applicable,Dry,Not Applicable,Clear,katamnalluru road,Juce center,30,0.0,0.0
Bengaluru Dist,Hosakote Traffic PS,1.04422e+16,2023,1,2,Road Accidents,Narrow road,Rural Areas,Open area,Vehicle Defect,Yes,Grievous Injury,Vehicle to Vehicle,Uncontrolled,Others,Others,Not Applicable,Dry,Not Applicable,Clear,Hosakote -Sulibele Road,curent pole,40,0.0,0.0
Bengaluru Dist,Hosakote Traffic PS,1.04422e+16,2023,1,2,Road Accidents,Narrow road,Rural Areas,Near Bus stop,Human Error,Yes,Fatal,Vehicle to Vehicle,Not at  Junction,Straight and flat,State Highway,Surfaced,Others,No influence on accident,Clear,HOSAKOTE-CHINTHAMANI ROAD,COLD STORAGE BUILDING,50 MT,13.104955,77.824702
Bengaluru Dist,Hosakote Traffic PS,1.04422e+16,2023,1,2,Road Accidents,Narrow road,Rural Areas,Near Bus stop,Human Error,No,Grievous Injury,Vehicle to Vehicle,No signal lights,Straight and flat,NH,Bitumen(Tar),Dry,Not Applicable,Clear,NH 75,1,15,13.126414,77.846855
Bengaluru Dist,Hosakote Traffic PS,1.04422e+16,2023,1,1,Road Accidents,Narrow road,Rural Areas,Narrow bridge or culverts,Human Error,No,Fatal,Not Applicable,Not at  Junction,Straight and flat,NH,Bitumen(Tar),Dry,Not Applicable,Clear,NH75,1,15,13.045972,77.75024
Bengaluru Dist,Hosakote Traffic PS,1.04422e+16,2023,1,1,Road Accidents,Narrow road,Rural Areas,Open area,Human Error,No,Fatal,Hit pedestrian,Not at  Junction,Straight and flat,NH,Surfaced,Others,No influence on accident,Clear,KOLAR TO BENGALURU ROAD NH,near nandi grand hotel,100mt,13.087903,77.829008
Bengaluru Dist,Hosakote Traffic PS,1.04422e+16,2023,1,2,Road Accidents,Narrow road,Rural Areas,Open area,Vehicle Defect,No,Grievous Injury,Vehicle to Vehicle,Uncontrolled,Others,Others,Not Applicable,Others,Not Applicable,Clear,SH82,family restorent,60,0.0,0.0
Bengaluru Dist,Hosakote Traffic PS,1.04422e+16,2023,1,2,Road Accidents,Narrow road,Rural Areas,Open area,Vehicle Defect,No,Fatal,Vehicle to Vehicle,Uncontrolled,Not Applicable,State Highway,Not Applicable,Dry,Not Applicable,Clear,SH 82,Bord,50,13.093893,77.813427
Bengaluru Dist,Hosakote Traffic PS,1.04422e+16,2023,1,1,Road Accidents,Cross roads,Rural Areas,Near a factory industrial area,Human Error,No,Simple Injury,Not Applicable,Not at  Junction,Curve,NH,Bitumen(Tar),Muddy,Not Applicable,Clear,NH75,1,15,13.14424,77.86458
Bengaluru Dist,Hosakote Traffic PS,1.04422e+16,2023,1,2,Road Accidents,Narrow road,Rural Areas,Open area,Not Applicable,No,Simple Injury,Vehicle to Vehicle,Controlled,Others,NH,Bitumen(Tar),Dry,Not Applicable,Fine,KOLAR BENGALURU NH-75 ROAD,NEAR HALSAHALLI GATE,5KM,0.0,0.0
Bengaluru Dist,Hosakote Traffic PS,1.04422e+16,2023,1,2,Road Accidents,Not Applicable,Rural Areas,Open area,Vehicle Defect,No,Grievous Injury,Vehicle to Vehicle,Uncontrolled,Not Applicable,NH,Not Applicable,Others,Not Applicable,Clear,NH 75,curent pole,60,0.0,0.0
Bengaluru Dist,Hosakote Traffic PS,1.04422e+16,2023,1,1,Road Accidents,Narrow road,City/Town,Narrow bridge or culverts,Human Error,No,Fatal,Hit pedestrian,Not at  Junction,Others,NH,Surfaced,Others,No influence on accident,Clear,BENGALURU TO KOLAR HIGHWAY,goutham colony,500mt,0.0,0.0
Bengaluru Dist,Hosakote Traffic PS,1.04422e+16,2023,1,2,Road Accidents,Not Applicable,Rural Areas,Open area,Vehicle Defect,No,Grievous Injury,Vehicle to Vehicle,Uncontrolled,Others,NH,Surfaced,Others,Not Applicable,Clear,NH 75,curent pole,50,0.0,0.0
Bengaluru Dist,Hosakote Traffic PS,1.04422e+16,2023,1,3,Road Accidents,Not Applicable,Rural Areas,Open area,Vehicle Defect,No,Simple Injury,Vehicle to Vehicle,Uncontrolled,Others,NH,Not Applicable,Dry,Not Applicable,Clear,NH-75,CURENT POLE,40,13.078367,77.8109059
Bengaluru Dist,Hosakote Traffic PS,1.04422e+16,2023,1,2,Road Accidents,Narrow road,Rural Areas,Near Bus stop,Human Error,No,Damage Only,Vehicle to Vehicle,Not at  Junction,Straight and flat,NH,Bitumen(Tar),Dry,Not Applicable,Clear,NH75,1,9,13.097374,77.855418
Bengaluru Dist,Hosakote Traffic PS,1.04422e+16,2023,1,2,Road Accidents,Junction,Rural Areas,Near Bus stop,Human Error,No,Damage Only,Vehicle to Vehicle,No signal lights,Straight and flat,NH,Bitumen(Tar),Others,No influence on accident,Clear,BENGALURU TO KOLAR HIGHWAY,CHIKKANAHALLI GATE,20Mt,13.125856,77.90492
Bengaluru Dist,Hosakote Traffic PS,1.04422e+16,2023,1,2,Road Accidents,Circle,City/Town,Near or inside a village,Not Applicable,No,Grievous Injury,Vehicle to Vehicle,Controlled,Curve,NH,Bitumen(Tar),Dry,Not Applicable,Fine,KOLAR BANGALORE NH-75 SARVICE ROAD,NEAR KEB CIRCLE,1/2 KM,13.070959,77.787224
Bengaluru Dist,Hosakote Traffic PS,1.04422e+16,2023,1,2,Road Accidents,Narrow road,Rural Areas,Open area,Not Applicable,No,Damage Only,Vehicle to Vehicle,Controlled,Not Applicable,NH,Bitumen(Tar),Not Applicable,Not Applicable,Fine,bangalore-kolar NH-75 service road near sulthan hotel,near mvj hosapital,3,13.078302,77.81002
Bengaluru Dist,Hosakote Traffic PS,1.04422e+16,2023,1,2,Road Accidents,Narrow road,Rural Areas,Open area,Vehicle Defect,No,Grievous Injury,Vehicle to Vehicle,Uncontrolled,Others,Others,Not Applicable,Dry,Not Applicable,Clear,SH 82 Mallimakanapura Gate,curent pole,50,13.127554,77.848022
Bengaluru Dist,Hosakote Traffic PS,1.04422e+16,2023,1,2,Road Accidents,Narrow road,Rural Areas,Open area,Vehicle Defect,No,Grievous Injury,Vehicle to Vehicle,Controlled,Not Applicable,State Highway,Not Applicable,Dry,Not Applicable,Clear,NH-207 HOSAKOTE BIRDGE CHIKKAKERE,BAJAJ SHOW ROOM,100M,13.026818,77.721775
Bengaluru Dist,Hosakote Traffic PS,1.04422e+16,2023,1,2,Road Accidents,Narrow road,Rural Areas,Open area,Human Error,No,Fatal,Vehicle to Vehicle,Not at  Junction,Straight and flat,NH,Bitumen(Tar),Dry,Not Applicable,Clear,NH75,1,5,13.077077,77.803545
Bengaluru Dist,Hosakote Traffic PS,1.04422e+16,2023,1,1,Road Accidents,Junction,City/Town,Near Bus stop,Human Error,No,Fatal,Hit pedestrian,No signal lights,Hump,NH,Bitumen(Tar),Others,No influence on accident,Clear,BENGALURU TO KOLAR HIGHWAY,BUS STAND,20Mt,13.070265,77.78351
Bengaluru Dist,Hosakote Traffic PS,1.04422e+16,2023,1,1,Road Accidents,Narrow road,Rural Areas,Near or inside a village,Human Error,Yes,Fatal,Hit pedestrian,Not at  Junction,Straight and flat,NH,Bitumen(Tar),Others,No influence on accident,Clear,BENGALURU TO KOLAR HIGHWAY,NEAR SKY WALK,75 mt,0.0,0.0
Bengaluru Dist,Hosakote Traffic PS,1.04422e+16,2023,1,2,Road Accidents,Narrow road,Rural Areas,Open area,Human Error,No,Fatal,Vehicle to Vehicle,Not at  Junction,Straight and flat,NH,Bitumen(Tar),Ditch or Potholed,No influence on accident,Clear,KOLAR TO BENGALURU ROAD NH,near attavatta gate,1 km,0.0,0.0
Bengaluru Dist,Hosakote Traffic PS,1.04422e+16,2023,1,2,Road Accidents,Cross roads,Rural Areas,Open area,Vehicle Defect,No,Grievous Injury,Vehicle to Vehicle,Police / Manual,Others,NH,Surfaced,Dry,Not Applicable,Others,NH 75,curent pole,20,13.078416,77.810148
Bengaluru Dist,Hosakote Traffic PS,1.04422e+16,2023,1,1,Road Accidents,Narrow road,City/Town,Near Bus stop,Human Error,No,Fatal,Hit pedestrian,Not Applicable,Straight and flat,State Highway,Surfaced,Others,No influence on accident,Clear,AIR PORT ROAD,BOMMENAHALLI GATE,80Mt,13.073214,77.7372449
Bengaluru Dist,Hosakote Traffic PS,1.04422e+16,2023,1,2,Road Accidents,Junction,Rural Areas,Near Bus stop,Human Error,Yes,Fatal,Hit pedestrian,Not at  Junction,Straight and flat,State Highway,Bitumen(Tar),Others,No influence on accident,Clear,HOSAKOTE-CHINTHAMANI ROAD,ROAD HOMPUS,10FT,13.213704,77.912287
Bengaluru Dist,Hosakote Traffic PS,1.04422e+16,2023,1,1,Road Accidents,Narrow road,Rural Areas,Open area,Vehicle Defect,Yes,Grievous Injury,Hit pedestrian,Uncontrolled,Not Applicable,Others,Not Applicable,Dry,Not Applicable,Clear,Kadaugodi To katamnallur,curent pole,40,0.0,0.0
Bengaluru Dist,Hosakote Traffic PS,1.04422e+16,2023,1,1,Road Accidents,Narrow road,Rural Areas,Near Bus stop,Human Error,No,Fatal,Vehicle to Vehicle,Not at  Junction,Straight and flat,State Highway,Bitumen(Tar),Dry,Not Applicable,Clear,SH 95,1,18,0.0,0.0
Bengaluru Dist,Hosakote Traffic PS,1.04422e+16,2023,1,2,Road Accidents,Narrow road,Rural Areas,Open area,Vehicle Defect,No,Grievous Injury,Vehicle to Vehicle,Uncontrolled,Others,NH,Not Applicable,Others,Not Applicable,Clear,NH-45,Curent pole,60,0.0,0.0
Bengaluru Dist,Hosakote Traffic PS,1.04422e+16,2023,1,2,Road Accidents,Curves,Rural Areas,Near or inside a village,Not Applicable,No,Simple Injury,Vehicle to Vehicle,Controlled,Curve,NH,Bitumen(Tar),Dry,Not Applicable,Others,NH-207 ROAD,NEAR UPPARAHALLI,5KM,13.09808,77.778289
Bengaluru Dist,Hosakote Traffic PS,1.04422e+16,2023,1,1,Road Accidents,Narrow road,City/Town,Open area,Vehicle Defect,No,Fatal,Vehicle to Vehicle,Uncontrolled,Others,NH,Not Applicable,Dry,Not Applicable,Clear,NH-75,CURENT POLE,40,13.040742,77.742764
Bengaluru Dist,Hosakote Traffic PS,1.04422e+16,2023,1,2,Road Accidents,Narrow road,Rural Areas,Open area,Vehicle Defect,Yes,Simple Injury,Vehicle to Vehicle,Uncontrolled,Others,NH,Not Applicable,Dry,Not Applicable,Clear,NH 75,curent pole,45,13.125701,77.904345
Bengaluru Dist,Hosakote Traffic PS,1.04422e+16,2023,1,2,Road Accidents,Narrow road,Rural Areas,Open area,Vehicle Defect,No,Grievous Injury,Vehicle to Vehicle,Uncontrolled,Others,NH,Surfaced,Dry,Not Applicable,Others,NH 75,No parking,40,13.079358,77.811898
Bengaluru Dist,Hosakote Traffic PS,1.04422e+16,2023,1,2,Road Accidents,Narrow road,Rural Areas,Open area,Vehicle Defect,No,Grievous Injury,Vehicle to Vehicle,Uncontrolled,Others,NH,Not Applicable,Dry,Not Applicable,Clear,NH 75,curent pole,40,13.073393,77.788886
Bengaluru Dist,Hosakote Traffic PS,1.04422e+16,2023,1,2,Road Accidents,Junction,Rural Areas,Near Hospital,Human Error,No,Grievous Injury,Vehicle to Vehicle,Signals (Not working),Incline,NH,Bitumen(Tar),Dry,Drainage Ditch,Clear,NH75,1,4,13.077318,77.201678
Bengaluru Dist,Hosakote Traffic PS,1.04422e+16,2023,1,1,Road Accidents,Narrow road,Rural Areas,Near School or College,Human Error,No,Fatal,Hit pedestrian,Not at  Junction,Straight and flat,State Highway,Bitumen(Tar),Ditch or Potholed,No influence on accident,Clear,chinthamani road STATE HIGHWAY,near doddahullur govt school,100ft,13.097131,77.816644
Bengaluru Dist,Hosakote Traffic PS,1.04422e+16,2023,1,2,Road Accidents,Narrow road,Rural Areas,Open area,Vehicle Defect,No,Grievous Injury,Vehicle to Vehicle,Uncontrolled,Others,NH,Not Applicable,Dry,Not Applicable,Clear,SH95,curent pole,45,13.057903,77.836402
Bengaluru Dist,Hosakote Traffic PS,1.04422e+16,2023,1,2,Road Accidents,Not Applicable,Rural Areas,Open area,Vehicle Defect,No,Grievous Injury,Vehicle to Vehicle,Controlled,Others,NH,Not Applicable,Dry,Not Applicable,Clear,NH 75,HP petrol  Bunk,40,13.076935,77.803253