DISTRICTNAME,UNITNAME,Crime_No,Year,RI,Noofvehicle_involved,Accident_Classification,Accident_Spot,Accident_Location,Accident_SubLocation,Main_Cause,Hit_Run,Severity,Collision_Type,Junction_Control,Road_Character,Road_Type,Surface_Type,Surface_Condition,Road_Condition,Weather,Accident_Road,Landmark_first,Distance_LandMark_First,Latitude,Longitude
Bengaluru Dist,Hosakote Traffic PS,1.04422e+16,2023,1,2,Road Accidents,Junction,Rural Areas,Open area,Human Error,No,Grievous Injury,Vehicle to Vehicle,Uncontrolled,Straight and flat,NH,Bitumen(Tar),Dry,Not Applicable,Clear,SH 82,1,25,13.135292,77.856039
Bengaluru Dist,Hosakote Traffic PS,1.04422e+16,2023,1,2,Road Accidents,Curves,Rural Areas,Near Bus stop,Human Error,Yes,Grievous Injury,Vehicle to Vehicle,Uncontrolled,Curve,State Highway,Bitumen(Tar),Dry,Pot holed,Clear,SH82,1,1,13.08783,77.8076
Bengaluru Dist,Hosakote Traffic PS,1.04422e+16,2023,1,2,Road Accidents,Cross roads,City/Town,Near Hospital,Vehicle Defect,Not Applicable,Damage Only,Vehicle to Vehicle,Uncontrolled,Not Applicable,State Highway,Not Applicable,Dry,Not Applicable,Clear,Hosakote Town,Hospital Qutrs,15,0.0,0.0
Bengaluru Dist,Hosakote Traffic PS,1.04422e+16,2023,1,1,Road Accidents,Narrow road,Rural Areas,Open area,Vehicle Defect,No,Damage Only,Vehicle to Vehicle,Uncontrolled,Others,NH,Surfaced,Dry,Not Applicable,Clear,NH 75,SLV RESTORENT,60,0.0,0.0
Bengaluru Dist,Hosakote Traffic PS,1.04422e+16,2023,1,2,Road Accidents,Not Applicable,Rural Areas,Open area,Vehicle Defect,Yes,Grievous Injury,Vehicle to Vehicle,Uncontrolled,Others,Others,Not Applicable,Dry,Not Applicable,Clear,Tarabahalli village,curent pole,40,0.0,0.0
Bengaluru Dist,Hosakote Traffic PS,1.04422e+16,2023,1,1,Road Accidents,Narrow road,Rural Areas,Open area,Vehicle Defect,No,Grievous Injury,Hit pedestrian,Uncontrolled,Others,NH,Surfaced,Dry,Not Applicable,Clear,NH 75,curent pole,40,13.114426,77.882032
Bengaluru Dist,Hosakote Traffic PS,1.04422e+16,2023,1,2,Road Accidents,Cross roads,Rural Areas,Near Bus stop,Human Error,No,Grievous Injury,Vehicle to Vehicle,No signal lights,Curve,State Highway,Bitumen(Tar),Dry,Not Applicable,Clear,SH82,1,15,13.194299,77.892048
Bengaluru Dist,Hosakote Traffic PS,1.04422e+16,2023,1,2,Road Accidents,Narrow road,Rural Areas,Near Hospital,Human Error,No,Fatal,Vehicle to Vehicle,Not at  Junction,Straight and flat,Service Road,Bitumen(Tar),Dry,Not Applicable,Clear,NH75,1,3,13.077314,77.801584
Bengaluru Dist,Hosakote Traffic PS,1.04422e+16,2023,1,2,Road Accidents,Not Applicable,Rural Areas,Open area,Vehicle Defect,No,Fatal,Vehicle to Vehicle,Uncontrolled,Not Applicable,NH,Not Applicable,Others,Not Applicable,Clear,NH 75,curent pole,30,0.0,0.0
Bengaluru Dist,Hosakote Traffic PS,1.04422e+16,2023,1,2,Road Accidents,Not Applicable,Rural Areas,Open area,Vehicle Defect,No,Grievous Injury,Vehicle to Vehicle,Uncontrolled,Not Applicable,NH,Not Applicable,Others,Pot holed,Clear,NH 75,curent pole,50,0.0,0.0
Bengaluru Dist,Hosakote Traffic PS,1.04422e+16,2023,1,2,Road Accidents,Narrow road,Rural Areas,Narrow bridge or culverts,Human Error,Yes,Fatal,Vehicle to Vehicle,Not at  Junction,Crest of hill,NH,Bitumen(Tar),Others,No influence on accident,Clear,BENGALURU TO KOLAR HIGHWAY,BUDIGERE CROSS UNDER PASS,40Mt,0.0,0.0
Bengaluru Dist,Hosakote Traffic PS,1.04422e+16,2023,1,2,Road Accidents,Not Applicable,Rural Areas,Open area,Vehicle Defect,No,Simple Injury,Vehicle to Vehicle,Uncontrolled,Others,NH,Not Applicable,Others,Not Applicable,Clear,NH 75,curent pole,40,13.089912,77.836327
Bengaluru Dist,Hosakote Traffic PS,1.04422e+16,2023,1,2,Road Accidents,Curves,Rural Areas,Near School or College,Human Error,No,Fatal,Vehicle to Vehicle,Not at  Junction,Curve and Incline,State Highway,Bitumen(Tar),Dry,Not Applicable,Clear,SH 95,1,18,13.052267,77.854095
Bengaluru Dist,Hosakote Traffic PS,1.04422e+16,2023,1,2,Road Accidents,Narrow road,Rural Areas,Open area,Vehicle Defect,No,Grievous Injury,Vehicle to Vehicle,Uncontrolled,Others,NH,Surfaced,Dry,Not Applicable,Clear,NH 75,curent pole,40,13.07406,77.790264
Bengaluru Dist,Hosakote Traffic PS,1.04422e+16,2023,1,2,Road Accidents,Narrow road,Rural Areas,Open area,Human Error,No,Grievous Injury,Vehicle to Vehicle,Not at  Junction,Straight and flat,State Highway,Bitumen(Tar),Dry,Not Applicable,Clear,SH 82,1,3,13.158683,77.873347
Bengaluru Dist,Hosakote Traffic PS,1.04422e+16,2023,1,2,Not Applicable,Narrow road,Rural Areas,Open area,Vehicle Defect,Yes,Damage Only,Vehicle to Vehicle,Controlled,Others,NH,Surfaced,Dry,Not Applicable,Clear,NH 75,curent pole,20,13.070304,77.783741
Bengaluru Dist,Hosakote Traffic PS,1.04422e+16,2023,1,1,Road Accidents,Narrow road,City/Town,Open area,Human Error,No,Fatal,Hit pedestrian,Not at  Junction,Straight and flat,Service Road,Bitumen(Tar),Not Applicable,No influence on accident,Clear,NH 75 SERVICE ROAD,NEAR INDIAN PETROL BUNK,100Mt,13.079004,77.8076
Bengaluru Dist,Hosakote Traffic PS,1.04422e+16,2023,1,2,Road Accidents,Narrow road,Rural Areas,Open area,Vehicle Defect,Yes,Grievous Injury,Vehicle to Vehicle,Uncontrolled,Not Applicable,NH,Not Applicable,Dry,Not Applicable,Clear,NH 75BUDIGERE CROSS,curent pole,50,13.047548,77.753034
Bengaluru Dist,Hosakote Traffic PS,1.04422e+16,2023,1,1,Road Accidents,Junction,Rural Areas,Open area,Vehicle Defect,Yes,Fatal,Vehicle to Vehicle,Uncontrolled,Others,State Highway,Not Applicable,Dry,Not Applicable,Clear,SH 82,family restorent,50,0.0,0.0
Bengaluru Dist,Hosakote Traffic PS,1.04422e+16,2023,1,2,Road Accidents,Narrow road,City/Town,Open area,Road Environment Defect,No,Fatal,Vehicle to Vehicle,Give way sign,Straight and flat,NH,Bitumen(Tar),Dry,Not Applicable,Clear,NH75,1,10,13.031856,77.730552
Bengaluru Dist,Hosakote Traffic PS,1.04422e+16,2023,1,2,Road Accidents,Narrow road,Rural Areas,Open area,Vehicle Defect,No,Grievous Injury,Vehicle to Vehicle,Uncontrolled,Others,Others,Surfaced,Others,Not Applicable,Clear,SH 82,curent pole,30,13.188497,77.888108
Bengaluru Dist,Hosakote Traffic PS,1.04422e+16,2023,1,1,Road Accidents,Offset,Rural Areas,Open area,Vehicle Defect,No,Fatal,Hit pedestrian,Uncontrolled,Others,Others,Surfaced,Others,Not Applicable,Clear,Bangalore to kolar NH75,curent pole,20,13.066854,77.777353
Bengaluru Dist,Hosakote Traffic PS,1.04422e+16,2023,1,2,Road Accidents,Narrow road,Rural Areas,Near office complex,Human Error,No,Grievous Injury,Vehicle to Vehicle,Not at  Junction,Curve,NH,Bitumen(Tar),Dry,Not Applicable,Clear,NH75,1,2,13.066762,77.777223
Bengaluru Dist,Hosakote Traffic PS,1.04422e+16,2023,1,2,Road Accidents,Narrow road,Rural Areas,Open area,Human Error,No,Fatal,Hit bicyclist,Not at  Junction,Straight and flat,State Highway,Bitumen(Tar),Dry,Not Applicable,Clear,SH 82,1,18,0.0,0.0
Bengaluru Dist,Hosakote Traffic PS,1.04422e+16,2023,1,3,Road Accidents,Narrow road,Rural Areas,Open area,Vehicle Defect,Yes,Damage Only,Vehicle to Vehicle,Uncontrolled,Others,NH,Not Applicable,Dry,Not Applicable,Clear,NH 75,curent pole,40,13.05497,77.763923
Bengaluru Dist,Hosakote Traffic PS,1.04422e+16,2023,1,2,Road Accidents,Not Applicable,City/Town,Open area,Vehicle Defect,No,Grievous Injury,Vehicle to Vehicle,Uncontrolled,Others,NH,Not Applicable,Dry,Not Applicable,Clear,NH 75,curent pole,40,13.052568,77.760438
Bengaluru Dist,Hosakote Traffic PS,1.04422e+16,2023,1,2,Road Accidents,Narrow road,Rural Areas,Open area,Human Error,No,Fatal,Vehicle to Vehicle,Not Applicable,Straight and flat,State Highway,Bitumen(Tar),Dry,Not Applicable,Clear,SH 82,1,3,13.217281,77.913317
Bengaluru Dist,Hosakote Traffic PS,1.04422e+16,2023,1,2,Road Accidents,Narrow road,Rural Areas,Open area,Human Error,No,Fatal,Vehicle to Vehicle,Not at  Junction,Straight and flat,Service Road,Bitumen(Tar),Ditch or Potholed,No influence on accident,Clear,NH-75 SERVICE ROAD,dividar open,100mt,13.030323,77.728987
Bengaluru Dist,Hosakote Traffic PS,1.04422e+16,2023,1,1,Road Accidents,Not Applicable,Rural Areas,Open area,Vehicle Defect,Yes,Simple Injury,Hit pedestrian,Uncontrolled,Others,NH,Surfaced,Dry,Pot holed,Clear,NH 75,Elemallashetti lake board,50,13.026314,77.720481
Bengaluru Dist,Hosakote Traffic PS,1.04422e+16,2023,1,2,Road Accidents,Narrow road,Rural Areas,Near Petrol Pump,Vehicle Defect,No,Fatal,Vehicle to Vehicle,Uncontrolled,Others,State Highway,Not Applicable,Dry,Not Applicable,Clear,Chokkahalli  Gate SH-82,Petrol Bunk,50,13.110497,77.830802
Bengaluru Dist,Hosakote Traffic PS,1.04422e+16,2023,1,1,Road Accidents,Junction,Rural Areas,Near Hospital,Human Error,No,Fatal,Hit pedestrian,No signal lights,Slight Curve,NH,Bitumen(Tar),Dry,Pot holed,Clear,NH75,1,5,0.0,0.0
Bengaluru Dist,Hosakote Traffic PS,1.04422e+16,2023,1,2,Road Accidents,Narrow road,Rural Areas,Open area,Human Error,No,Grievous Injury,Vehicle to Vehicle,Not Applicable,Straight and flat,State Highway,Bitumen(Tar),Dry,Not Applicable,Clear,SH 82,1,5,0.0,0.0
Bengaluru Dist,Hosakote Traffic PS,1.04422e+16,2023,1,2,Road Accidents,Junction,Rural Areas,Near Petrol Pump,Human Error,No,Fatal,Vehicle to Vehicle,Not at  Junction,Straight and flat,State Highway,Bitumen(Tar),Ditch or Potholed,No influence on accident,Clear,chinthamani road STATE HIGHWAY,NEAR ESSAR PETROL BUNK,30 mt,0.0,0.0
Bengaluru Dist,Hosakote Traffic PS,1.04422e+16,2023,1,2,Road Accidents,Narrow road,City/Town,Open area,Human Error,No,Damage Only,Vehicle to Vehicle,Not at  Junction,Straight and flat,Service Road,Bitumen(Tar),Dry,Not Applicable,Clear,NH75,1,8,0.0,0.0
Bengaluru Dist,Hosakote Traffic PS,1.04422e+16,2023,1,2,Road Accidents,Not Applicable,Rural Areas,Open area,Vehicle Defect,No,Damage Only,Vehicle to Vehicle,Uncontrolled,Others,NH,Surfaced,Dry,Not Applicable,Clear,NH 75,Petrol Bunk Gate,40,13.077451,77.802114
Bengaluru Dist,Hosakote Traffic PS,1.04422e+16,2023,1,2,Road Accidents,Not Applicable,Rural Areas,Open area,Vehicle Defect,No,Grievous Injury,Vehicle to Vehicle,Uncontrolled,Others,NH,Not Applicable,Dry,Not Applicable,Clear,NH 75,curent pole,40,13.033033,77.732144
Bengaluru Dist,Hosakote Traffic PS,1.04422e+16,2023,1,1,Road Accidents,Narrow road,Rural Areas,Open area,Vehicle Defect,No,Grievous Injury,Hit pedestrian,Uncontrolled,Others,Others,Not Applicable,Dry,Not Applicable,Clear,SH 82,INDIAN Gyarage,50,13.159242,77.873756
Bengaluru Dist,Hosakote Traffic PS,1.04422e+16,2023,1,1,Road Accidents,Road hump or Rumble strips,Rural Areas,Near School or College,Human Error,No,Grievous Injury,Vehicle to Vehicle,Not Applicable,Straight and flat,NH,Bitumen(Tar),Dry,Not Applicable,Clear,NH 75,1,3,13.041125,77.743607
Bengaluru Dist,Hosakote Traffic PS,1.04422e+16,2023,1,2,Road Accidents,Narrow road,Rural Areas,Near a factory industrial area,Not Applicable,No,Simple Injury,Vehicle to Vehicle,Controlled,Curve,NH,Bitumen(Tar),Dry,Not Applicable,Others,NEAR VOLOVA FACTORY BENGALURU-KOLAR NH-75 ROAD,NEAR VOLOVA FACTORY,15KM,13.128239,77.914261
Bengaluru Dist,Hosakote Traffic PS,1.04422e+16,2023,1,2,Road Accidents,Narrow road,Rural Areas,Near office complex,Not Applicable,No,Damage Only,Vehicle to Vehicle,Not at  Junction,Straight and flat,State Highway,Bitumen(Tar),Dry,Not Applicable,Clear,SH95,1,6,13.077162,77.801755
Bengaluru Dist,Hosakote Traffic PS,1.04422e+16,2023,1,1,Road Accidents,Junction,City/Town,Near Bus stop,Human Error,No,Fatal,Hit pedestrian,No signal lights,Straight and flat,NH,Bitumen(Tar),Ditch or Potholed,No influence on accident,Clear,KOLAR TO BENGALURU ROAD NH,old court building,50mt,13.070004,77.781679
Bengaluru Dist,Hosakote Traffic PS,1.04422e+16,2023,1,2,Road Accidents,Narrow road,City/Town,Open area,Not Applicable,No,Damage Only,Vehicle to Vehicle,Controlled,Hump,NH,Bitumen(Tar),Dry,Not Applicable,Fine,NH-75 ROAD,NEAR LANCO TOLL,3KM,0.0,0.0
Bengaluru Dist,Hosakote Traffic PS,1.04422e+16,2023,1,2,Road Accidents,Narrow road,Rural Areas,Open area,Human Error,No,Fatal,Vehicle to Vehicle,Not at  Junction,Straight and flat,NH,Bitumen(Tar),Dry,Construction Work / Material,Clear,NH75,1,10,13.038488,77.739429
Bengaluru Dist,Hosakote Traffic PS,1.04422e+16,2023,1,2,Road Accidents,Narrow road,Rural Areas,Open area,Human Error,No,Grievous Injury,Vehicle to Vehicle,Not Applicable,Straight and flat,NH,Bitumen(Tar),Dry,Not Applicable,Clear,NH 75,1,1,13.071662,77.786086
Bengaluru Dist,Hosakote Traffic PS,1.04422e+16,2023,1,2,Road Accidents,Curves,Rural Areas,Narrow bridge or culverts,Human Error,No,Fatal,Vehicle to Vehicle,Not at  Junction,Steep Incline or Climb,NH,Bitumen(Tar),Ditch or Potholed,No influence on accident,Clear,BENGALURU TO KOLAR HIGHWAY,near tavarekere flyover bridge,100mt,13.132806,77.929801
Bengaluru Dist,Hosakote Traffic PS,1.04422e+16,2023,1,2,Road Accidents,Curves,Rural Areas,Open area,Not Applicable,No,Fatal,Vehicle to Vehicle,Controlled,Curve,NH,Bitumen(Tar),Dry,Not Applicable,Fine,NH-207,NEAR UPPARAHALLI VILLAGE,3,13.070075,77.78235
Bengaluru Dist,Hosakote Traffic PS,1.04422e+16,2023,1,2,Road Accidents,Narrow road,Rural Areas,Open area,Vehicle Defect,Yes,Damage Only,Vehicle to Vehicle,Uncontrolled,Others,Not Applicable,Not Applicable,Dry,Not Applicable,Clear,NH 75,curent pole,30,13.070272,77.783863
Bengaluru Dist,Hosakote Traffic PS,1.04422e+16,2023,1,2,Road Accidents,Narrow road,Rural Areas,Open area,Vehicle Defect,No,Simple Injury,Vehicle to Vehicle,Uncontrolled,Others,NH,Not Applicable,Others,Not Applicable,Clear,NH 75,curent pole,30,13.057456,77.7688779
Bengaluru Dist,Hosakote Traffic PS,1.04422e+16,2023,1,2,Road Accidents,Narrow road,Rural Areas,Open area,Human Error,No,Grievous Injury,Vehicle to Vehicle,Not at  Junction,Straight and flat,State Highway,Bitumen(Tar),Dry,Not Applicable,Clear,NH 75,1,8,13.093877,77.813297
Bengaluru Dist,Hosakote Traffic PS,1.04422e+16,2023,1,2,Road Accidents,Narrow road,Rural Areas,Open area,Human Error,Yes,Fatal,Vehicle to Vehicle,Not at  Junction,Steep Incline or Climb,Major District Road,Bitumen(Tar),Ditch or Potholed,No influence on accident,Clear,Budigere Cross -Devanahalli Road,near kattugollahalli gate,100mt,13.092878,77.74253
Bengaluru Dist,Hosakote Traffic PS,1.04422e+16,2023,1,2,Road Accidents,Narrow road,Rural Areas,Near or inside a village,Not Applicable,No,Grievous Injury,Vehicle to Vehicle,Controlled,Not Applicable,State Highway,Bitumen(Tar),Dry,Not Applicable,Fine,CHINTHAMANI HOSAKOTE SH-82 ROAD,NEAR K SATHYAWARA VILLAGE,10,13.160793,77.874847
Bengaluru Dist,Hosakote Traffic PS,1.04422e+16,2023,1,2,Road Accidents,Narrow road,Rural Areas,Open area,Vehicle Defect,No,Simple Injury,Vehicle to Vehicle,Controlled,Not Applicable,State Highway,Not Applicable,Dry,Not Applicable,Clear,NH 75,curent pole,40,13.100791,77.820462
Bengaluru Dist,Hosakote Traffic PS,1.04422e+16,2023,1,4,Road Accidents,Narrow road,Rural Areas,Open area,Human Error,No,Fatal,Vehicle to Vehicle,Not at  Junction,Straight and flat,State Highway,Bitumen(Tar),Ditch or Potholed,No influence on accident,Fine,HOSAKOTE-CHINTHAMANI ROAD,chokkasandra gate,50,13.180195,77.885845
Bengaluru Dist,Hosakote Traffic PS,1.04422e+16,2023,1,2,Road Accidents,Narrow road,City/Town,Near Petrol Pump,Human Error,No,Grievous Injury,Vehicle to Vehicle,Not at  Junction,Straight and flat,NH,Bitumen(Tar),Ditch or Potholed,No influence on accident,Clear,KOLAR TO BENGALURU ROAD NH,DANDUPALYA GATE,20 Mt,0.0,0.0
Bengaluru Dist,Hosakote Traffic PS,1.04422e+16,2023,1,1,Road Accidents,Narrow road,Rural Areas,Open area,Vehicle Defect,No,Grievous Injury,Vehicle to Vehicle,Uncontrolled,Others,NH,Surfaced,Dry,Not Applicable,Clear,NH 75,Bord,70,0.0,0.0
Bengaluru Dist,Hosakote Traffic PS,1.04422e+16,2023,1,1,Road Accidents,Junction,Rural Areas,Near Bus stop,Human Error,No,Grievous Injury,Not Applicable,Give way sign,Curve,NH,Bitumen(Tar),Dry,Pot holed,Mist or Fog,NH75,1,5,0.0,0.0
Bengaluru Dist,Hosakote Traffic PS,1.04422e+16,2023,1,3,Road Accidents,Narrow road,Rural Areas,Open area,Vehicle Defect,No,Grievous Injury,Vehicle to Vehicle,Uncontrolled,Others,NH,Not Applicable,Dry,Not Applicable,Clear,SH83,curent pole,50,13.039342,77.881567
Bengaluru Dist,Hosakote Traffic PS,1.04422e+16,2023,1,2,Road Accidents,Narrow road,Rural Areas,Near School or College,Not Applicable,No,Grievous Injury,Vehicle to Vehicle,Controlled,Others,State Highway,Bitumen(Tar),Dry,Not Applicable,Fine,HOSAKOTE CHINTHAMANI ROAD,NEAR DODDAHULLURU GATE,5KM,13.099971,77.819627
Bengaluru Dist,Hosakote Traffic PS,1.04422e+16,2023,1,2,Road Accidents,Narrow road,Rural Areas,Open area,Human Error,No,Fatal,Vehicle to Vehicle,Not at  Junction,Straight and flat,State Highway,Bitumen(Tar),Dry,Not Applicable,Clear,SH82,1,3,0.0,0.0
Bengaluru Dist,Hosakote Traffic PS,1.04422e+16,2023,1,2,Road Accidents,Narrow road,Rural Areas,Open area,Human Error,No,Grievous Injury,Vehicle to Vehicle,Not at  Junction,Straight and flat,NH,Bitumen(Tar),Dry,Not Applicable,Clear,NH 75,1,5,0.0,0.0
Bengaluru Dist,Hosakote Traffic PS,1.04422e+16,2023,1,2,Road Accidents,Narrow road,Rural Areas,Open area,Not Applicable,No,Damage Only,Vehicle to Vehicle,Controlled,Others,NH,Bitumen(Tar),Dry,Not Applicable,Fine,KOLAR-BANGALORE NH-75 ROAD,NEAR BUDIGERE BRIDGE,4KM,13.045988,77.750131
Bengaluru Dist,Hosakote Traffic PS,1.04422e+16,2023,1,2,Road Accidents,Not Applicable,Rural Areas,Open area,Vehicle Defect,No,Simple Injury,Vehicle to Vehicle,Uncontrolled,Others,NH,Not Applicable,Dry,Engineering Defect of Road,Clear,NH 75,curent pole,60,0.0,0.0
Bengaluru Dist,Hosakote Traffic PS,1.04422e+16,2023,1,2,Road Accidents,Not Applicable,Rural Areas,Open area,Vehicle Defect,No,Simple Injury,Vehicle to Vehicle,Uncontrolled,Others,Others,Not Applicable,Dry,Not Applicable,Clear,NH75,curent pole,60,0.0,0.0
Bengaluru Dist,Hosakote Traffic PS,1.04422e+16,2023,1,3,Road Accidents,Junction,Rural Areas,Narrow bridge or culverts,Human Error,No,Grievous Injury,Vehicle to Vehicle,No signal lights,Straight and flat,State Highway,Bitumen(Tar),Others,No influence on accident,Clear,HOSAKOTE-CHINTHAMANI ROAD,DODDAHULLURU GATE,100mt,13.102075,77.821813
Bengaluru Dist,Hosakote Traffic PS,1.04422e+16,2023,1,2,Road Accidents,Narrow road,Rural Areas,Near Bus stop,Human Error,No,Grievous Injury,Vehicle to Vehicle,Not at  Junction,Straight and flat,Service Road,Bitumen(Tar),Dry,Not Applicable,Clear,NH75,1,9,0.0,0.0
Bengaluru Dist,Hosakote Traffic PS,1.04422e+16,2023,1,1,Road Accidents,Narrow road,Rural Areas,In bazaar,Human Error,No,Grievous Injury,Hit pedestrian,Not at  Junction,Straight and flat,NH,Bitumen(Tar),Dry,Not Applicable,Clear,NH 75,1,3,13.065854,77.776209
Bengaluru Dist,Hosakote Traffic PS,1.04422e+16,2023,1,2,Not Applicable,Not Applicable,Rural Areas,Open area,Vehicle Defect,No,Damage Only,Vehicle to Vehicle,Uncontrolled,Others,One way,Not Applicable,Dry,Not Applicable,Clear,SH82,curent pole,50,13.137098,77.857826
Bengaluru Dist,Hosakote Traffic PS,1.04422e+16,2023,1,2,Road Accidents,Curves,Rural Areas,Near a religious place,Not Applicable,No,Fatal,Vehicle to Vehicle,Controlled,Curve,NH,Bitumen(Tar),Dry,Not Applicable,Fine,HOSAKOTE- KOLAR NH-75 ROAD,NAER BANMAKANAHALLI GATE,15,13.134484,77.937645
Bengaluru Dist,Hosakote Traffic PS,1.04422e+16,2023,1,2,Road Accidents,Narrow road,Rural Areas,Near office complex,Vehicle Defect,Yes,Grievous Injury,Vehicle to Vehicle,Uncontrolled,Others,State Highway,Not Applicable,Dry,Not Applicable,Clear,SULIBELE  HOSAKOTE NH-207,curent pole,5,13.07612,77.782602
Bengaluru Dist,Hosakote Traffic PS,1.04422e+16,2023,1,2,Road Accidents,Narrow road,Rural Areas,Open area,Vehicle Defect,No,Grievous Injury,Vehicle to Vehicle,Controlled,Others,NH,Not Applicable,Dry,Not Applicable,Clear,NH-207,Iron angle,50,13.053566,77.784021
Bengaluru Dist,Hosakote Traffic PS,1.04422e+16,2023,1,2,Road Accidents,Narrow road,Rural Areas,Near Hospital,Vehicle Defect,No,Damage Only,Vehicle to Vehicle,Controlled,Not Applicable,NH,Bitumen(Tar),Dry,Not Applicable,Clear,NH 75,volvo factory Gate,60,13.129719,77.917211
Bengaluru Dist,Hosakote Traffic PS,1.04422e+16,2023,1,2,Road Accidents,Narrow road,Rural Areas,Open area,Human Error,No,Grievous Injury,Vehicle to Vehicle,Not at  Junction,Straight and flat,NH,Bitumen(Tar),Wet,No influence on accident,Clear,KOLAR TO BENGALURU ROAD,NEAR SANJAY DABA,200 mt,0.0,0.0
Bengaluru Dist,Hosakote Traffic PS,1.04422e+16,2023,1,2,Road Accidents,Narrow road,Rural Areas,Open area,Human Error,No,Grievous Injury,Vehicle to Vehicle,Not at  Junction,Straight and flat,NH,Bitumen(Tar),Dry,Not Applicable,Clear,NH75,1,15,0.0,0.0
Bengaluru Dist,Hosakote Traffic PS,1.04422e+16,2023,1,2,Road Accidents,Narrow road,Rural Areas,Open area,Vehicle Defect,Yes,Grievous Injury,Vehicle to Vehicle,Uncontrolled,Others,NH,Not Applicable,Dry,Not Applicable,Clear,NH75,krushi honda,30,0.0,0.0
Bengaluru Dist,Hosakote Traffic PS,1.04422e+16,2023,1,2,Road Accidents,Narrow road,Rural Areas,Open area,Human Error,No,Fatal,Vehicle to Vehicle,Not at  Junction,Straight and flat,NH,Bitumen(Tar),Dry,Not Applicable,Clear,NH75,1,4,0.0,0.0
Bengaluru Dist,Hosakote Traffic PS,1.04422e+16,2023,1,1,Road Accidents,Narrow road,Rural Areas,Open area,Human Error,Yes,Fatal,Hit pedestrian,No signal lights,Straight and flat,Service Road,Bitumen(Tar),Ditch or Potholed,No influence on accident,Cloudy,"N.H 75, SERVICE ROAD",NEAR VEERENAHALLI GATE,100Mt,13.032754,77.731522
Bengaluru Dist,Hosakote Traffic PS,1.04422e+16,2023,1,1,Road Accidents,Not Applicable,Rural Areas,Open area,Vehicle Defect,Yes,Fatal,Hit pedestrian,Uncontrolled,Others,State Highway,Not Applicable,Others,Not Applicable,Clear,SH-82,Curent pole,30,13.241878,77.929681
Bengaluru Dist,Hosakote Traffic PS,1.04422e+16,2023,1,2,Road Accidents,Narrow road,Rural Areas,Residential area,Vehicle Defect,No,Grievous Injury,Vehicle to Vehicle,Controlled,Others,NH,Not Applicable,Dry,Not Applicable,Clear,NH 75,curent pole,40,13.039069,77.740072
Bengaluru Dist,Hosakote Traffic PS,1.04422e+16,2023,1,1,Road Accidents,Cross roads,Rural Areas,Open area,Vehicle Defect,No,Grievous Injury,Hit pedestrian,Uncontrolled,Others,Others,Surfaced,Dry,Not Applicable,Clear,Budigere cross budigere,curent pole,40,13.046447,77.750193
Bengaluru Dist,Hosakote Traffic PS,1.04422e+16,2023,1,2,Road Accidents,Narrow road,Rural Areas,Open area,Vehicle Defect,No,Grievous Injury,Vehicle to Vehicle,Uncontrolled,Others,NH,Not Applicable,Dry,Not Applicable,Clear,NH 75,curent pole,45,13.033007,77.732064
Bengaluru Dist,Hosakote Traffic PS,1.04422e+16,2023,1,2,Road Accidents,Narrow road,Rural Areas,Near Bus stop,Not Applicable,Not Applicable,Fatal,Vehicle to Vehicle,Controlled,Others,NH,Bitumen(Tar),Dry,Not Applicable,Fine,BENGALURU TO KOLAR HIGHWAY,NEAR RAMASANDRA BARDER,25KM,0.0,0.0
Bengaluru Dist,Hosakote Traffic PS,1.04422e+16,2023,1,1,Road Accidents,Narrow road,Rural Areas,Open area,Human Error,No,Fatal,Hit pedestrian,Not at  Junction,Straight and flat,State Highway,Bitumen(Tar),Dry,Not Applicable,Clear,SH 82,1,20,0.0,0.0
Bengaluru Dist,Hosakote Traffic PS,1.04422e+16,2023,1,2,Road Accidents,Narrow road,Rural Areas,Open area,Vehicle Defect,No,Grievous Injury,Vehicle to Vehicle,Uncontrolled,Not Applicable,NH,Not Applicable,Dry,Not Applicable,Clear,NH 75,curent pole,40,0.0,0.0
Bengaluru Dist,Hosakote Traffic PS,1.04422e+16,2023,1,1,Road Accidents,Narrow road,Rural Areas,Near or inside a village,Not Applicable,Not Applicable,Fatal,Not Applicable,Controlled,Not Applicable,State Highway,Bitumen(Tar),Dry,Not Applicable,Light Rain,SH-82 ROAD,NEAR PILLAGUMPE,6KM,13.110926,77.8308839
Bengaluru Dist,Hosakote Traffic PS,1.04422e+16,2023,1,2,Road Accidents,Narrow road,Rural Areas,Open area,Not Applicable,Not Applicable,Simple Injury,Vehicle to Vehicle,Uncontrolled,Not Applicable,NH,Bitumen(Tar),Dry,Not Applicable,Fine,BANGALORE-KOLAR NH-75 ROAD,NEAR MUGABALA,20KM,13.119502,77.888163
Bengaluru Dist,Hosakote Traffic PS,1.04422e+16,2023,1,2,Road Accidents,Narrow road,Rural Areas,Open area,Human Error,No,Grievous Injury,Vehicle to Vehicle,Not at  Junction,Straight and flat,Service Road,Bitumen(Tar),Dry,Not Applicable,Clear,NH75,1,3,13.028203,77.724343
Bengaluru Dist,Hosakote Traffic PS,1.04422e+16,2023,1,1,Road Accidents,Road hump or Rumble strips,City/Town,Near Bus stop,Human Error,No,Fatal,Not Applicable,No signal lights,Straight and flat,Service Road,Bitumen(Tar),Ditch or Potholed,No influence on accident,Clear,SERVICE ROAD,BUDIGERE CROSS UNDER PASS,25mt,13.046057,77.750684
Bengaluru Dist,Hosakote Traffic PS,1.04422e+16,2023,1,1,Road Accidents,Narrow road,Rural Areas,Open area,Vehicle Defect,No,Simple Injury,Vehicle to Vehicle,Uncontrolled,Others,Others,Not Applicable,Dry,Not Applicable,Clear,NH-207,curent pole,50,13.103237,77.777763
Bengaluru Dist,Hosakote Traffic PS,1.04422e+16,2023,1,1,Road Accidents,Narrow road,City/Town,Open area,Human Error,No,Fatal,Hit pedestrian,Not at  Junction,Straight and flat,Service Road,Bitumen(Tar),Others,No influence on accident,Clear,SERVICE ROAD,NEAR CHIMASANDRA,100Mt,13.040001,77.741516
Bengaluru Dist,Hosakote Traffic PS,1.04422e+16,2023,1,1,Road Accidents,Curves,Rural Areas,Narrow bridge or culverts,Human Error,No,Fatal,Not Applicable,Not at  Junction,Sharp Curve,NH,Bitumen(Tar),Ditch or Potholed,No influence on accident,Clear,BENGALURU TO KOLAR HIGHWAY,MUGABALA VILLAGE,50Mt,13.120947,77.891489