DISTRICTNAME,UNITNAME,Crime_No,Year,RI,Noofvehicle_involved,Accident_Classification,Accident_Spot,Accident_Location,Accident_SubLocation,Main_Cause,Hit_Run,Severity,Collision_Type,Junction_Control,Road_Character,Road_Type,Surface_Type,Surface_Condition,Road_Condition,Weather,Accident_Road,Landmark_first,Distance_LandMark_First,Latitude,Longitude
Bengaluru Dist,Hosakote Traffic PS,1.04422e+16,2023,1,3,Road Accidents,Narrow road,Rural Areas,Near Hospital,Road Environment Defect,No,Grievous Injury,Vehicle to Vehicle,Not at  Junction,Straight and flat,NH,Bitumen(Tar),Dry,Not Applicable,Clear,NH 75,1,4,0.0,0.0
Bengaluru Dist,Hosakote Traffic PS,1.04422e+16,2023,1,2,Road Accidents,Narrow road,Rural Areas,Open area,Vehicle Defect,No,Grievous Injury,Vehicle to Vehicle,Uncontrolled,Others,NH,Not Applicable,Dry,Not Applicable,Clear,Nh75,Sanjaya Dhabha,150mtr,0.0,0.0
Bengaluru Dist,Hosakote Traffic PS,1.04422e+16,2023,1,2,Road Accidents,Narrow road,Rural Areas,Open area,Human Error,No,Grievous Injury,Vehicle to Vehicle,Not at  Junction,Straight and flat,NH,Bitumen(Tar),Dry,Not Applicable,Clear,NH75,1,5,13.082374,77.817274
Bengaluru Dist,Hosakote Traffic PS,1.04422e+16,2023,1,1,Road Accidents,Narrow road,Rural Areas,Open area,Vehicle Defect,No,Grievous Injury,Vehicle to Vehicle,Uncontrolled,Others,State Highway,Not Applicable,Dry,Not Applicable,Clear,SH 82,curent pole,40,0.0,0.0
Bengaluru Dist,Hosakote Traffic PS,1.04422e+16,2023,1,1,Road Accidents,Not Applicable,Rural Areas,Open area,Vehicle Defect,No,Grievous Injury,Vehicle to Vehicle,Uncontrolled,Others,NH,Not Applicable,Dry,Not Applicable,Clear,NH 75,pakshale,50,0.0,0.0
Bengaluru Dist,Hosakote Traffic PS,1.04422e+16,2023,1,2,Road Accidents,Narrow road,Rural Areas,Open area,Human Error,No,Grievous Injury,Vehicle to Vehicle,Not at  Junction,Straight and flat,State Highway,Bitumen(Tar),Dry,Not Applicable,Clear,SH,1,15,0.0,0.0
Bengaluru Dist,Hosakote Traffic PS,1.04422e+16,2023,1,1,Road Accidents,Narrow road,City/Town,Near Petrol Pump,Human Error,Yes,Fatal,Hit pedestrian,Not at  Junction,Straight and flat,NH,Surfaced,Others,No influence on accident,Clear,KOLAR TO BENGALURU ROAD NH,NEAR PETROL BUNK,100 Mt,0.0,0.0
Bengaluru Dist,Hosakote Traffic PS,1.04422e+16,2023,1,2,Road Accidents,Narrow road,City/Town,Near office complex,Human Error,No,Fatal,Vehicle to Vehicle,No signal lights,Straight and flat,NH,Bitumen(Tar),Dry,Not Applicable,Clear,NH75,1,3,0.0,0.0
Bengaluru Dist,Hosakote Traffic PS,1.04422e+16,2023,1,2,Road Accidents,Road hump or Rumble strips,Rural Areas,Open area,Vehicle Defect,Yes,Simple Injury,Vehicle to Vehicle,Uncontrolled,Others,NH,Surfaced,Dry,Not Applicable,Clear,NH 75,curent pole,45,0.0,0.0
Bengaluru Dist,Hosakote Traffic PS,1.04422e+16,2023,1,1,Road Accidents,Narrow road,Rural Areas,Near Bus stop,Human Error,No,Fatal,Not Applicable,Not at  Junction,Straight and flat,NH,Bitumen(Tar),Others,No influence on accident,Clear,KOLAR TO BENGALURU ROAD NH,near mugabal bus stap,100mt,13.119728,77.8889609
Bengaluru Dist,Hosakote Traffic PS,1.04422e+16,2023,1,2,Road Accidents,Curves,Rural Areas,Near Bus stop,Not Applicable,Yes,Simple Injury,Vehicle to Vehicle,Controlled,Curve,Others,Bitumen(Tar),Dry,Not Applicable,Fine,Budigere Cross -Devanahalli Road,NEAR BUDIGERE CROSS,15KM,13.046341,77.750286
Bengaluru Dist,Hosakote Traffic PS,1.04422e+16,2023,1,3,Road Accidents,Narrow road,Rural Areas,Near Bus stop,Human Error,No,Simple Injury,Vehicle to Vehicle,Not at  Junction,Straight and flat,NH,Bitumen(Tar),Dry,Not Applicable,Clear,NH75,1,1,13.070244,77.783719
Bengaluru Dist,Hosakote Traffic PS,1.04422e+16,2023,1,3,Road Accidents,Narrow road,Rural Areas,Open area,Vehicle Defect,No,Grievous Injury,Vehicle to Vehicle,Uncontrolled,Others,NH,Surfaced,Dry,Not Applicable,Clear,NH 75,curent pole,35,0.0,0.0
Bengaluru Dist,Hosakote Traffic PS,1.04422e+16,2023,1,2,Road Accidents,Narrow road,Rural Areas,Open area,Road Environment Defect,No,Fatal,Vehicle to Vehicle,Uncontrolled,Others,State Highway,Not Applicable,Dry,Not Applicable,Clear,SH95,curent pole,60,0.0,0.0
Bengaluru Dist,Hosakote Traffic PS,1.04422e+16,2023,1,1,Road Accidents,Narrow road,Rural Areas,Near Petrol Pump,Human Error,No,Grievous Injury,Vehicle to Vehicle,No signal lights,Straight and flat,Service Road,Bitumen(Tar),Dry,Not Applicable,Clear,NH75,1,16,0.0,0.0
Bengaluru Dist,Hosakote Traffic PS,1.04422e+16,2023,1,1,Road Accidents,Narrow road,Rural Areas,Open area,Vehicle Defect,No,Grievous Injury,Hit pedestrian,Uncontrolled,Others,NH,Surfaced,Dry,Not Applicable,Clear,NH 75,curent pole,40,13.0702,77.783627
Bengaluru Dist,Hosakote Traffic PS,1.04422e+16,2023,1,2,Road Accidents,Narrow road,Rural Areas,Residential area,Vehicle Defect,No,Fatal,Vehicle to Vehicle,No signal lights,Not Applicable,NH,Surfaced,Dry,Not Applicable,Clear,NH-75 Kolar Bangalore Service Road,Agriculture Office Bord,45,13.076935,77.803253
Bengaluru Dist,Hosakote Traffic PS,1.04422e+16,2023,1,2,Road Accidents,Narrow road,Rural Areas,Near Bus stop,Human Error,No,Fatal,Vehicle to Vehicle,Not at  Junction,Straight and flat,State Highway,Bitumen(Tar),Dry,Not Applicable,Fine,SH 82 Mallimakanapura Gate,SH82,9km,13.127773,77.8481629
Bengaluru Dist,Hosakote Traffic PS,1.04422e+16,2023,1,2,Road Accidents,Narrow road,City/Town,Near Bus stop,Not Applicable,Not Applicable,Damage Only,Vehicle to Vehicle,Controlled,Not Applicable,NH,Bitumen(Tar),Others,Not Applicable,Others,KOLAR BANGALORE NH-75 ROAD,NEAR COURT CIRCLE,500 MT,13.070515,77.78421
Bengaluru Dist,Hosakote Traffic PS,1.04422e+16,2023,1,3,Road Accidents,Not Applicable,Rural Areas,Open area,Vehicle Defect,Yes,Damage Only,Vehicle to Vehicle,Uncontrolled,Others,NH,Not Applicable,Dry,Not Applicable,Clear,NH 75,curent pole,45,13.089909,77.836256
Bengaluru Dist,Hosakote Traffic PS,1.04422e+16,2023,1,1,Road Accidents,Narrow road,City/Town,Near Petrol Pump,Human Error,No,Fatal,Not Applicable,Not at  Junction,Hump,Service Road,Bitumen(Tar),Ditch or Potholed,No influence on accident,Clear,NH 75 SERVICE ROAD,NEAR SHELL PERTOL BUNK,100mtr,0.0,0.0
Bengaluru Dist,Hosakote Traffic PS,1.04422e+16,2023,1,3,Road Accidents,Narrow road,Rural Areas,Near Bus stop,Human Error,No,Damage Only,Vehicle to Vehicle,Not at  Junction,Straight and flat,State Highway,Bitumen(Tar),Ditch or Potholed,No influence on accident,Clear,MALUR ROAD,KANNURAHALLI DINNE,20Mt,0.0,0.0
Bengaluru Dist,Hosakote Traffic PS,1.04422e+16,2023,1,2,Road Accidents,Narrow road,Rural Areas,Open area,Vehicle Defect,Yes,Fatal,Vehicle to Vehicle,Uncontrolled,Others,NH,Bitumen(Tar),Dry,Not Applicable,Clear,Bangalore to kolar NH75,NH75 NAME BORD,15,0.0,0.0
Bengaluru Dist,Hosakote Traffic PS,1.04422e+16,2023,1,2,Road Accidents,Curves,Rural Areas,Open area,Human Error,No,Fatal,Vehicle to Vehicle,Not at  Junction,Sharp Curve,State Highway,Gravel,Others,Construction Work / Material,Clear,malur road SH,gonakanahalli gate,100mt,0.0,0.0
Bengaluru Dist,Hosakote Traffic PS,1.04422e+16,2023,1,1,Road Accidents,Narrow road,City/Town,Narrow bridge or culverts,Human Error,No,Fatal,Hit pedestrian,Not at  Junction,Straight and flat,NH,Bitumen(Tar),Others,No influence on accident,Clear,BENGALURU TO KOLAR HIGHWAY,dominos building,100mt,13.07446,77.7913759
Bengaluru Dist,Hosakote Traffic PS,1.04422e+16,2023,1,1,Road Accidents,Not Applicable,Rural Areas,Open area,Vehicle Defect,No,Fatal,Hit pedestrian,Uncontrolled,Others,NH,Not Applicable,Dry,Not Applicable,Clear,NH 75,1,20,13.075574,77.792574
Bengaluru Dist,Hosakote Traffic PS,1.04422e+16,2023,1,2,Road Accidents,Narrow road,Rural Areas,Near or inside a village,Not Applicable,No,Damage Only,Vehicle to Vehicle,Controlled,Not Applicable,State Highway,Bitumen(Tar),Dry,Not Applicable,Fine,HOSAKOTE CHINTHAMANI SH-82ROAD,NEAR CHIKKAHULLURU,5KM,13.105289,77.825063
Bengaluru Dist,Hosakote Traffic PS,1.04422e+16,2023,1,2,Road Accidents,Not Applicable,Rural Areas,Open area,Vehicle Defect,No,Grievous Injury,Vehicle to Vehicle,Uncontrolled,Others,Others,Surfaced,Dry,Not Applicable,Clear,NH 75 CHIKKANAHALLI GATE,curent pole,40,0.0,0.0
Bengaluru Dist,Hosakote Traffic PS,1.04422e+16,2023,1,2,Road Accidents,Narrow road,Rural Areas,Near a factory industrial area,Human Error,No,Damage Only,Vehicle to Vehicle,Not at  Junction,Straight and flat,NH,Bitumen(Tar),Dry,Not Applicable,Clear,NH75,1,6,0.0,0.0
Bengaluru Dist,Hosakote Traffic PS,1.04422e+16,2023,1,2,Road Accidents,Narrow road,Rural Areas,Near office complex,Human Error,Yes,Grievous Injury,Vehicle to Vehicle,Not at  Junction,Straight and flat,NH,Bitumen(Tar),Dry,Not Applicable,Clear,NH 75,5,8,0.0,0.0
Bengaluru Dist,Hosakote Traffic PS,1.04422e+16,2023,1,1,Road Accidents,Narrow road,Rural Areas,Open area,Vehicle Defect,No,Grievous Injury,Hit bicyclist,Uncontrolled,Others,Others,Surfaced,Dry,Not Applicable,Clear,NH 75,curent pole,45,0.0,0.0
Bengaluru Dist,Hosakote Traffic PS,1.04422e+16,2023,1,1,Road Accidents,Narrow road,Rural Areas,Open area,Human Error,No,Fatal,Vehicle to Vehicle,Not at  Junction,Straight and flat,State Highway,Bitumen(Tar),Dry,Not Applicable,Clear,SH 95,1,18,13.037431,77.886987
Bengaluru Dist,Hosakote Traffic PS,1.04422e+16,2023,1,2,Not Applicable,Not Applicable,Rural Areas,Open area,Vehicle Defect,No,Grievous Injury,Vehicle to Vehicle,Uncontrolled,Others,NH,Not Applicable,Dry,Not Applicable,Clear,NH 75,curent pole,20,13.107411,77.873808
Bengaluru Dist,Hosakote Traffic PS,1.04422e+16,2023,1,2,Road Accidents,Narrow road,Rural Areas,Open area,Human Error,No,Fatal,Vehicle to Vehicle,Not at  Junction,Straight and flat,Service Road,Bitumen(Tar),Others,No influence on accident,Light Rain,SERVICE ROAD,near high way to service entrence,80mt,13.029829,77.725328
Bengaluru Dist,Hosakote Traffic PS,1.04422e+16,2023,1,2,Road Accidents,Curves,Rural Areas,Open area,Human Error,No,Grievous Injury,Vehicle to Vehicle,Not at  Junction,Curve,Service Road,Bitumen(Tar),Dry,Not Applicable,Clear,NH 75,1,5,13.066607,77.777395
Bengaluru Dist,Hosakote Traffic PS,1.04422e+16,2023,1,2,Road Accidents,Narrow road,Rural Areas,Open area,Vehicle Defect,No,Grievous Injury,Vehicle to Vehicle,Uncontrolled,Others,Mixed,Not Applicable,Dry,Not Applicable,Clear,NH 75,curent pole,45,13.225358,77.917522
Bengaluru Dist,Hosakote Traffic PS,1.04422e+16,2023,1,2,Road Accidents,Narrow road,Rural Areas,Open area,Human Error,No,Grievous Injury,Vehicle to Vehicle,Not at  Junction,Curve,NH,Bitumen(Tar),Dry,Not Applicable,Clear,NH 75,1,3,13.119986,77.8894
Bengaluru Dist,Hosakote Traffic PS,1.04422e+16,2023,1,2,Road Accidents,Narrow road,Rural Areas,Open area,Human Error,Yes,Grievous Injury,Vehicle to Vehicle,Not at  Junction,Straight and flat,State Highway,Bitumen(Tar),Ditch or Potholed,No influence on accident,Clear,HOSAKOTE-CHINTHAMANI ROAD,DODDAHULLURU GATE,240Mt,13.103978,77.823833
Bengaluru Dist,Hosakote Traffic PS,1.04422e+16,2023,1,2,Road Accidents,Narrow road,Rural Areas,Near School or College,Human Error,No,Grievous Injury,Vehicle to Vehicle,Not at  Junction,Straight and flat,State Highway,Bitumen(Tar),Dry,Not Applicable,Clear,SH 82,1,18,13.228303,77.919545
Bengaluru Dist,Hosakote Traffic PS,1.04422e+16,2023,1,2,Road Accidents,Narrow road,Rural Areas,Open area,Not Applicable,Yes,Grievous Injury,Vehicle to Vehicle,Controlled,Others,NH,Bitumen(Tar),Dry,Not Applicable,Fine,BANGALORE-KOLAR NH-75 ROAD,NEAR MEDAHALLI BRIDGE,10,13.028231,77.721733
Bengaluru Dist,Hosakote Traffic PS,1.04422e+16,2023,1,2,Road Accidents,Narrow road,Rural Areas,Open area,Vehicle Defect,No,Damage Only,Vehicle to Vehicle,Uncontrolled,Others,NH,Not Applicable,Dry,Not Applicable,Clear,NH 75,curent pole,45,13.065703,77.776337
Bengaluru Dist,Hosakote Traffic PS,1.04422e+16,2023,1,2,Road Accidents,Narrow road,Rural Areas,Open area,Human Error,No,Grievous Injury,Vehicle to Vehicle,Not at  Junction,Straight and flat,NH,Bitumen(Tar),Dry,Not Applicable,Clear,NH75,1,5,13.084821,77.825102
Bengaluru Dist,Hosakote Traffic PS,1.04422e+16,2023,1,2,Road Accidents,Curves,Rural Areas,Near Hospital,Vehicle Defect,No,Fatal,Vehicle to Vehicle,Uncontrolled,Curve,State Highway,Not Applicable,Dry,Not Applicable,Clear,SH82,curent pole,45,13.077256,77.798667
Bengaluru Dist,Hosakote Traffic PS,1.04422e+16,2023,1,2,Road Accidents,Not Applicable,Rural Areas,Open area,Vehicle Defect,No,Grievous Injury,Vehicle to Vehicle,Controlled,Others,NH,Not Applicable,Dry,Not Applicable,Clear,SH 82,curent pole,40,13.186878,77.887781
Bengaluru Dist,Hosakote Traffic PS,1.04422e+16,2023,1,2,Road Accidents,Narrow road,Rural Areas,Near School or College,Not Applicable,Not Applicable,Damage Only,Vehicle to Vehicle,Controlled,Sharp Curve,Others,Bitumen(Tar),Dry,Not Applicable,Fine,"budigere devanahalli road,",near balwin school,10,13.071373,77.73719
Bengaluru Dist,Hosakote Traffic PS,1.04422e+16,2023,1,1,Road Accidents,Narrow road,Rural Areas,Near Petrol Pump,Human Error,No,Fatal,Not Applicable,Not at  Junction,Straight and flat,State Highway,Bitumen(Tar),Dry,Not Applicable,Clear,SH82,1,8,13.110421,77.830418
Bengaluru Dist,Hosakote Traffic PS,1.04422e+16,2023,1,2,Road Accidents,Junction,Rural Areas,Near a factory industrial area,Human Error,No,Grievous Injury,Vehicle to Vehicle,No signal lights,Straight and flat,NH,Bitumen(Tar),Ditch or Potholed,No influence on accident,Clear,KOLAR TO BENGALURU ROAD NH,VOLVO FACTORY,50 Mt,0.0,0.0
Bengaluru Dist,Hosakote Traffic PS,1.04422e+16,2023,1,2,Road Accidents,Circle,Rural Areas,Open area,Vehicle Defect,No,Simple Injury,Not Applicable,Not Applicable,Curve,State Highway,Surfaced,Dry,Not Applicable,Clear,SH 82,curent pole,20,0.0,0.0
Bengaluru Dist,Hosakote Traffic PS,1.04422e+16,2023,1,2,Road Accidents,Not Applicable,Rural Areas,Near Hospital,Vehicle Defect,No,Grievous Injury,Not Applicable,Uncontrolled,Others,NH,Surfaced,Others,Not Applicable,Clear,NH 75,curent pole,40,0.0,0.0
Bengaluru Dist,Hosakote Traffic PS,1.04422e+16,2023,1,1,Not Applicable,Not Applicable,Rural Areas,Open area,Vehicle Defect,No,Grievous Injury,Vehicle to Vehicle,Uncontrolled,Others,State Highway,Not Applicable,Dry,Not Applicable,Clear,SH 82,curent pole,40,13.104911,77.824714
Bengaluru Dist,Hosakote Traffic PS,1.04422e+16,2023,1,2,Road Accidents,Narrow road,City/Town,Open area,Human Error,No,Grievous Injury,Vehicle to Vehicle,Not at  Junction,Straight and flat,NH,Bitumen(Tar),Dry,Not Applicable,Clear,NH75,1,11,13.045972,77.750119
Bengaluru Dist,Hosakote Traffic PS,1.04422e+16,2023,1,2,Road Accidents,Road hump or Rumble strips,Rural Areas,Open area,Human Error,Yes,Fatal,Vehicle to Vehicle,Give way sign,Hump,NH,Bitumen(Tar),Ditch or Potholed,Construction Work / Material,Clear,BENGALURU TO KOLAR HIGHWAY,near kolathur gate,200mt,13.084102,77.821462
Bengaluru Dist,Hosakote Traffic PS,1.04422e+16,2023,1,1,Road Accidents,Narrow road,Rural Areas,Open area,Vehicle Defect,No,Grievous Injury,Vehicle to Vehicle,Not Applicable,Others,NH,Not Applicable,Dry,Not Applicable,Clear,NH 75,curent pole,30,13.125727,77.904356
Bengaluru Dist,Hosakote Traffic PS,1.04422e+16,2023,1,2,Road Accidents,Curves,Rural Areas,Open area,Not Applicable,No,Grievous Injury,Vehicle to Vehicle,Controlled,Curve,State Highway,Bitumen(Tar),Dry,Not Applicable,Clear,HOSAKOTE CHINTHAMANI SH-82 ROAD,NEAR NANDAGUDI FOREST,15KM,0.0,0.0
Bengaluru Dist,Hosakote Traffic PS,1.04422e+16,2023,1,2,Road Accidents,Not Applicable,Rural Areas,Open area,Vehicle Defect,No,Simple Injury,Vehicle to Vehicle,Uncontrolled,Others,Others,Not Applicable,Dry,Not Applicable,Clear,SH 82,curent pole,60,0.0,0.0
Bengaluru Dist,Hosakote Traffic PS,1.04422e+16,2023,1,2,Road Accidents,Narrow road,Rural Areas,Open area,Vehicle Defect,Yes,Grievous Injury,Vehicle to Vehicle,Uncontrolled,Others,NH,Not Applicable,Dry,Not Applicable,Clear,NH 75,Anjaneya temple,50,13.094707,77.8463269
Bengaluru Dist,Hosakote Traffic PS,1.04422e+16,2023,1,1,Road Accidents,Narrow road,Rural Areas,Open area,Human Error,No,Fatal,Not Applicable,Not at  Junction,Straight and flat,NH,Bitumen(Tar),Not Applicable,No influence on accident,Clear,BENGALURU TO KOLAR HIGHWAY,VOLVO FACTORY,100Mt,13.129814,77.917537
Bengaluru Dist,Hosakote Traffic PS,1.04422e+16,2023,1,2,Road Accidents,Narrow road,Rural Areas,Open area,Human Error,No,Fatal,Vehicle to Vehicle,Not at  Junction,Straight and flat,NH,Bitumen(Tar),Dry,Not Applicable,Clear,NH75,1,5,13.08016,77.814091
Bengaluru Dist,Hosakote Traffic PS,1.04422e+16,2023,1,2,Road Accidents,Narrow road,Rural Areas,Near Bus stop,Human Error,No,Simple Injury,Vehicle to Vehicle,Not at  Junction,Straight and flat,NH,Bitumen(Tar),Dry,Not Applicable,Clear,NH75,1,5,13.056117,77.767175
Bengaluru Dist,Hosakote Traffic PS,1.04422e+16,2023,1,2,Road Accidents,Narrow road,Rural Areas,Open area,Human Error,No,Grievous Injury,Vehicle to Vehicle,Not at  Junction,Straight and flat,State Highway,Bitumen(Tar),Dry,Not Applicable,Clear,SH82,1,18,13.19817,77.896392
Bengaluru Dist,Hosakote Traffic PS,1.04422e+16,2023,1,1,Road Accidents,Cross roads,Rural Areas,Open area,Human Error,No,Fatal,Not Applicable,Not at  Junction,Straight and flat,Others,Bitumen(Tar),Dry,Not Applicable,Clear,SH35,1,8,13.034656,77.759049
Bengaluru Dist,Jigani PS,1.04422e+16,2016,1,2,Road Accidents,Other,Rural Areas,Near a factory industrial area,Human Error,Yes,Damage Only,Hit and Run,Controlled,Others,State Highway,Concrete,Others,Not Applicable,Fine,JIGANI BOMMASANDRA LINK ROAD NEAR CIPLA COMPANY COMPOUND JIGANI HOBLI ANEKAL TQ,JIGANI BOMMASANDRA LINK ROAD NEAR CIPLA COMPANY COMPOUND JIGANI HOBLI ANEKAL TQ,2KM,0.0,0.0
Bengaluru Dist,Jigani PS,1.04422e+16,2016,1,1,Road Accidents,Other,Rural Areas,Near a factory industrial area,Human Error,Yes,Fatal,Hit and Run,Not at  Junction,Not Applicable,Two way,Bitumen(Tar),Dry,Not Applicable,Fine,JIGANI INDUL AREA NEAR VEERA VAHANA BODY BUILDERS,JIGANI INDUL AREA NEAR VEERA VAHANA BODY BUILDERS,2 KMS,0.0,0.0
Bengaluru Dist,Jigani PS,1.04422e+16,2016,1,1,Road Accidents,Offset,City/Town,Near a factory industrial area,Human Error,Yes,Grievous Injury,Others,Uncontrolled,Others,State Highway,Bitumen(Tar),Others,Not Applicable,Clear,JIGANI BOMMASANDRA LINK ROAD,NEAR HCL COMPANY JIGANI BOMMASANDRA LINK ROAD,2,0.0,0.0
Bengaluru Dist,Jigani PS,1.04422e+16,2016,1,2,Road Accidents,Other,Rural Areas,Near a factory industrial area,Human Error,Yes,Damage Only,Hit and Run,Not Applicable,Others,State Highway,Concrete,Others,Not Applicable,Fine,JIGANI BOMMASANDRA LINK ROAD NEAR MARUTI NAGAR JIGANI HOBALI ANEKAL TQ,JIGANI BOMMASANDRA LINK ROAD NEAR MARUTI NAGAR JIGANI HOBALI ANEKAL TQ,3KM,0.0,0.0
Bengaluru Dist,Jigani PS,1.04422e+16,2016,1,2,Road Accidents,Offset,Rural Areas,Near a factory industrial area,Human Error,Yes,Damage Only,Hit and Run,Controlled,Crest of hill,State Highway,Bitumen(Tar),Others,Not Applicable,Fine,ANEKAL JIGANI LINK ROAD NEAER SBI BANK JIGANI HOBLI ANEKAL TQ,ANEKAL JIGANI LINK ROAD NEAER SBI BANK JIGANI HOBLI ANEKAL TQ,1KM,0.0,0.0
Bengaluru Dist,Jigani PS,1.04422e+16,2016,1,2,Road Accidents,Circle,City/Town,Near Bus stop,Human Error,Yes,Damage Only,Hit and Run,Give way sign,Curve,State Highway,Concrete,Others,Pot holed,Fine,AT TAJ HOTEL  JIGANI HOBLI ANEKAL TQ,AT TAJ HOTEL  JIGANI HOBLI ANEKAL TQ,1KM,0.0,0.0
Bengaluru Dist,Jigani PS,1.04422e+16,2016,1,2,Road Accidents,Circle,Rural Areas,Near Bus stop,Human Error,Yes,Damage Only,Hit and Run,Signal lights Manual,Curve and Incline,State Highway,Concrete,Not Applicable,Not Applicable,Fine,JIGANI APC CIRCLE AT SNEHA BHEKARY JIGANI,JIGANI APC CIRCLE AT SNEHA BHEKARY JIGANI,1KM,0.0,0.0
Bengaluru Dist,Jigani PS,1.04422e+16,2016,1,2,Road Accidents,Junction,Rural Areas,Near a factory industrial area,Human Error,No,Fatal,Others,Uncontrolled,Others,Others,Bitumen(Tar),Others,Not Applicable,Others,"JB LINK ROAD,",JB LINK ROAD,2 KMS,0.0,0.0
Bengaluru Dist,Jigani PS,1.04422e+16,2016,1,1,Road Accidents,Other,Rural Areas,Near a factory industrial area,Human Error,Yes,Grievous Injury,Others,Not Applicable,Others,Two way,Bitumen(Tar),Others,Not Applicable,Others,JIGANI INDUSTRIAL AREA NEAR SURTEX COMPANY JIGANI HOBLI ANEKLA TQ,NEAR SURTEX COMPANY,2 KMS,0.0,0.0
Bengaluru Dist,Jigani PS,1.04422e+16,2016,1,1,Road Accidents,Other,City/Town,Near Hospital,Human Error,No,Grievous Injury,Hit pedestrian,Controlled,Others,State Highway,Concrete,Others,Not Applicable,Clear,JIGANI BOMMASANDRA LINK ROAD NEAR MARUTI NAGAR JIGANI HOBLI ANEKAL TQ,NEAR Y K HOSPITAL JIGANI,1,0.0,0.0
Bengaluru Dist,Jigani PS,1.04422e+16,2016,1,2,Road Accidents,Other,Rural Areas,In bazaar,Human Error,Yes,Fatal,Hit and Run,Controlled,Others,State Highway,Bitumen(Tar),Others,Pot holed,Fine,ANEKAL JIGANI BANNEGHATTA MAIN ROAD APC CRICLE IN BAZZAR,ANEKAL JIGANI BANNEGHATTA MAIN ROAD APC CRICLE IN BAZZAR,1KM,0.0,0.0
Bengaluru Dist,Jigani PS,1.04422e+16,2016,1,1,Road Accidents,Circle,Rural Areas,Near a factory industrial area,Human Error,Yes,Fatal,Skidding or Self accident,Not Applicable,Dip or trough,State Highway,Bitumen(Tar),Muddy,Not Applicable,Clear,JIGANI BOMMASANDRA LINKA ROAD NEAR OMAX FOCTORY CIRCLE,JIGANI BOMMASANDRA LINKA ROAD NEAR OMAX FOCTORY CIRCLE,4KM,0.0,0.0
Bengaluru Dist,Jigani PS,1.04422e+16,2016,1,2,Road Accidents,Curves,Rural Areas,Near or inside a village,Human Error,Not Applicable,Fatal,Run Off Road,Not Applicable,Curve and Incline,Village Road,Bitumen(Tar),Others,Not Applicable,Others,"ANEKAL BANNERGHATTA ROAD, NEAR HARAPANAHALLI LAKE",ANEKAL BANNERGHATTA ROAD NEAR HARAPANAHALLI LAKE,3 KMS,0.0,0.0
Bengaluru Dist,Jigani PS,1.04422e+16,2016,1,2,Road Accidents,Junction,Rural Areas,Near a factory industrial area,Human Error,No,Grievous Injury,Others,Uncontrolled,Straight and flat,Two way,Bitumen(Tar),Dry,Not Applicable,Not Applicable,JIGANI INDUL AREA NEAR OMEX FACTORY TURNING,NEAR OMEX FACTORY,2 KMS,0.0,0.0
Bengaluru Dist,Jigani PS,1.04422e+16,2016,1,1,Road Accidents,Other,City/Town,Near a factory industrial area,Human Error,No,Simple Injury,Others,Uncontrolled,Others,State Highway,Bitumen(Tar),Others,Not Applicable,Clear,JIGANI BOMMASANDR LINK ROAD NEAR HCL FOCTORY,INFRONT OF HCL COMPANY JIGANI,3,0.0,0.0
Bengaluru Dist,Jigani PS,1.04422e+16,2016,1,2,Road Accidents,Other,Rural Areas,Residential area,Human Error,No,Simple Injury,Others,Uncontrolled,Straight and flat,Others,Bitumen(Tar),Dry,Not Applicable,Others,BANNERGHATTA ROAD,BANNERGHATTA ROAD JIGANI HOBLI,3 KMS,0.0,0.0
Bengaluru Dist,Jigani PS,1.04422e+16,2016,1,1,Road Accidents,Circle,Rural Areas,Near a factory industrial area,Human Error,Yes,Simple Injury,Hit and Run,Controlled,Curve,State Highway,Bitumen(Tar),Dry,Not Applicable,Fine,ANEKAL JIGANI LINK ROAD NEAR MADAPATTAN MICRO FACTORY JIGANI,ANEKAL JIGANI LINK ROAD NEAR MADAPATTAN MICRO FACTORY JIGANI,4KM,0.0,0.0
Bengaluru Dist,Jigani PS,1.04422e+16,2016,1,2,Road Accidents,Other,Rural Areas,Near a factory industrial area,Human Error,Yes,Damage Only,Hit and Run,Controlled,Others,State Highway,Concrete,Others,Not Applicable,Fine,JIGANI APC CIRCLE TO OTIS CIRCLE ROAD NEAR SBI BANK JIGANI HOBLI ANEKAL TQ,JIGANI APC CIRCLE TO OTIS CIRCLE ROAD NEAR SBI BANK JIGANI HOBLI ANEKAL TQ,2KM,0.0,0.0
Bengaluru Dist,Jigani PS,1.04422e+16,2016,1,2,Road Accidents,Other,City/Town,Near a factory industrial area,Human Error,No,Fatal,Others,Uncontrolled,Others,State Highway,Bitumen(Tar),Others,Not Applicable,Clear,JIGANI BOMMASANDRA LINK ROAD,SIPLA FACTORY,2,0.0,0.0
Bengaluru Dist,Jigani PS,1.04422e+16,2016,1,2,Road Accidents,Other,Rural Areas,Near or inside a village,Human Error,No,Grievous Injury,Others,Uncontrolled,Others,Village Road,Bitumen(Tar),Others,Not Applicable,Clear,NEAR MADAPPANDODDI VIILAGE,MADAPPANDODDI VILLAGE,8,0.0,0.0
Bengaluru Dist,Jigani PS,1.04422e+16,2016,1,2,Road Accidents,Curves,Rural Areas,Near a factory industrial area,Human Error,Yes,Fatal,Right Turn Collision,Not Applicable,Curve,Two way,Concrete,Dry,Not Applicable,Not Applicable,JIGANI LINK ROAD NEAR OTIS CIRCLE POORNIMA INDUSTRIES,JIGANI LINK ROAD NEAR OTIS CIRCLE POORNIMA INDUSTRIES,2 KMS,0.0,0.0
Bengaluru Dist,Jigani PS,1.04422e+16,2016,1,2,Road Accidents,Other,Rural Areas,Open area,Human Error,No,Simple Injury,Head on,Not Applicable,Not Applicable,Others,Not Applicable,Not Applicable,Not Applicable,Others,KUMBARANAHALLI ROAD,KUMBARANAHALLI ROAD,5 KM,0.0,0.0
Bengaluru Dist,Jigani PS,1.04422e+16,2016,1,3,Road Accidents,Other,City/Town,Near a factory industrial area,Human Error,No,Simple Injury,Others,Signals (Not working),Others,State Highway,Bitumen(Tar),Others,Not Applicable,Clear,OPPOSITE NANDI WAYBRIDGE,JIGANI RING ROAD,1,0.0,0.0
Bengaluru Dist,Jigani PS,1.04422e+16,2016,1,1,Road Accidents,Other,City/Town,Residential area,Human Error,No,Grievous Injury,Hit pedestrian,Uncontrolled,Others,City or Town Road,Concrete,Others,Not Applicable,Clear,JIGANI BOMMASANDRA ROAD,NEAR SNEHA BAKERY,2,0.0,0.0