DISTRICTNAME,UNITNAME,Crime_No,Year,RI,Noofvehicle_involved,Accident_Classification,Accident_Spot,Accident_Location,Accident_SubLocation,Main_Cause,Hit_Run,Severity,Collision_Type,Junction_Control,Road_Character,Road_Type,Surface_Type,Surface_Condition,Road_Condition,Weather,Accident_Road,Landmark_first,Distance_LandMark_First,Latitude,Longitude
Bengaluru Dist,Jigani PS,1.04422e+16,2018,1,1,Road Accidents,Other,Rural Areas,Open area,Vehicle Defect,Not Applicable,Grievous Injury,Others,Not Applicable,Others,Others,Not Applicable,Others,Not Applicable,Others,NEAR APC,JIGANI,APC,0.0,0.0
Bengaluru Dist,Jigani PS,1.04422e+16,2018,1,2,Road Accidents,Other,Rural Areas,Near a factory industrial area,Human Error,No,Grievous Injury,Others,Not Applicable,Others,Others,Bitumen(Tar),Dry,Not Applicable,Fine,ANEKAL TQ,NEAR GAYATHRI GRANITES,2,0.0,0.0
Bengaluru Dist,Jigani PS,1.04422e+16,2018,1,1,Road Accidents,Other,Rural Areas,Residential area,Vehicle Defect,No,Grievous Injury,Others,Not Applicable,Others,Others,Surfaced,Others,Not Applicable,Fine,MADAPATANNA,MADAPATANNA NEAR BANK,3,0.0,0.0
Bengaluru Dist,Jigani PS,1.04422e+16,2018,1,2,Road Accidents,Curves,Rural Areas,Near or inside a village,Human Error,No,Grievous Injury,Others,Not Applicable,Curve,Village Road,Bitumen(Tar),Dry,Not Applicable,Fine,NEAR NANJAPURA VILLAGE MEENAKSHI RESORTS,BRICK FACTORY,3,0.0,0.0
Bengaluru Dist,Jigani PS,1.04422e+16,2018,1,2,Rail Road Accidents,Cross roads,Rural Areas,Near a factory industrial area,Human Error,No,Grievous Injury,Vehicle to Vehicle,Not Applicable,Others,Others,Bitumen(Tar),Dry,Not Applicable,Fine,SRI NARASIMHASWAMY TEMPLE CROSS,SRI NARASIMHASWAMY TEMPLE CROSS,2,0.0,0.0
Bengaluru Dist,Jigani PS,1.04422e+16,2018,1,2,Road Accidents,Cross roads,Rural Areas,Near a factory industrial area,Human Error,No,Fatal,Not Applicable,Uncontrolled,Others,State Highway,Bitumen(Tar),Dry,Not Applicable,Fine,ANEKAL BGHATTA MAIN ROAD,NEAR WEIGH BRIDGE,2,0.0,0.0
Bengaluru Dist,Jigani PS,1.04422e+16,2018,1,2,Road Accidents,Not Applicable,Not Applicable,Open area,Not Applicable,Not Applicable,Grievous Injury,Others,Not Applicable,Not Applicable,Not Applicable,Not Applicable,Not Applicable,Not Applicable,Others,jigani,jigani,jigani,0.0,0.0
Bengaluru Dist,Jigani PS,1.04422e+16,2018,1,2,Not Applicable,Other,Not Applicable,Open area,Not Applicable,Not Applicable,Grievous Injury,Others,Not at  Junction,Not Applicable,Not Applicable,Not Applicable,Not Applicable,Not Applicable,Others,BANDENALLASANDRA ROAD,NEAR MYALA COPANY,JIGANI,0.0,0.0
Bengaluru Dist,Jigani PS,1.04422e+16,2018,1,2,Road Accidents,Curves,Rural Areas,Near a factory industrial area,Human Error,No,Fatal,Others,Not at  Junction,Curve and Incline,City or Town Road,Bitumen(Tar),Others,Not Applicable,Fine,JIGANI BOMMASANDRA LINK ROAD OPP TO LAKSHMI WEIGH BRIDGE APC CIRCLE NEAR INDIAN OIL PETROL BUNK,NEAR INDIAN OIL PETROL BUNK APC CIRCL,1,0.0,0.0
Bengaluru Dist,Jigani PS,1.04422e+16,2018,1,2,Road Accidents,Other,Rural Areas,Near a factory industrial area,Human Error,No,Fatal,Others,Not Applicable,Others,City or Town Road,Bitumen(Tar),Dry,Not Applicable,Fine,ANEKAL BANNERGHATTA ROAD,NEAR INDIRA HOSPITAL,2,0.0,0.0
Bengaluru Dist,Jigani PS,1.04422e+16,2018,1,2,Road Accidents,Curves,Rural Areas,Residential area,Human Error,No,Not Applicable,Others,Not Applicable,Curve,Residential Street,Bitumen(Tar),Dry,Not Applicable,Fine,JIGANI HAROHALLI ROAD,YELLAMMANADODDI,6 KMS,0.0,0.0
Bengaluru Dist,Jigani PS,1.04422e+16,2018,1,1,Rail Road Accidents,Other,Rural Areas,Open area,Not Applicable,Not Applicable,Grievous Injury,Others,Not Applicable,Others,Not Applicable,Surfaced,Others,Not Applicable,Others,NEAR HARAPANAHALLI LACK,HARAPANAHALLI,JIGANI,0.0,0.0
Bengaluru Dist,Jigani PS,1.04422e+16,2018,1,1,Road Accidents,Other,Rural Areas,Residential area,Human Error,Yes,Grievous Injury,Others,Not Applicable,Straight and flat,Village Road,Bitumen(Tar),Dry,Not Applicable,Fine,KOPPA BEGUR ROAD,NEAR WATER PLANT,5,0.0,0.0
Bengaluru Dist,Jigani PS,1.04422e+16,2018,1,1,Road Accidents,Other,Rural Areas,Residential area,Human Error,Not Applicable,Simple Injury,Others,Not Applicable,Straight and flat,Residential Street,Bitumen(Tar),Dry,Not Applicable,Fine,NEAR COMFOLD COMPANY,COMFOLD COMPANY,5,0.0,0.0
Bengaluru Dist,Jigani PS,1.04422e+16,2018,1,2,Road Accidents,Not Applicable,Rural Areas,Open area,Not Applicable,Not Applicable,Grievous Injury,Others,Not Applicable,Others,Two way,Bitumen(Tar),Not Applicable,Not Applicable,Fine,ANEKAL-JIGANI ROAD,20 METTER   GRANITE FACTORY,1/2 CM,0.0,0.0
Bengaluru Dist,Jigani PS,1.04422e+16,2018,1,1,Road Accidents,Not Applicable,Rural Areas,Near a factory industrial area,Human Error,Not Applicable,Grievous Injury,Hit bicyclist,Not at  Junction,Not Applicable,Others,Bitumen(Tar),Dry,Not Applicable,Fine,NEAR KAVERAMMA TEMPLE JIGANI DOUBLE ROAD,NEAR KAVERAMMA TEMPLE,2,0.0,0.0
Bengaluru Dist,Jigani PS,1.04422e+16,2018,1,1,Road Accidents,Junction,Rural Areas,Near a factory industrial area,Human Error,No,Fatal,Others,Uncontrolled,Straight and flat,Village Road,Bitumen(Tar),Dry,Not Applicable,Fine,OMEX CIRCLE,NEAR OMEX CIRCLE,4,0.0,0.0
Bengaluru Dist,Jigani PS,1.04422e+16,2018,1,2,Road Accidents,Curves,Rural Areas,Open area,Human Error,Yes,Grievous Injury,Others,Not Applicable,Curve,State Highway,Bitumen(Tar),Dry,Not Applicable,Fine,NEAR HARAPANAHALLI POLICE LAKE,NEAR HARAPANAHALLI POLICE LAKE,3,0.0,0.0
Bengaluru Dist,Jigani PS,1.04422e+16,2018,1,1,Road Accidents,Narrow road,Rural Areas,Near a factory industrial area,Human Error,Not Applicable,Grievous Injury,Hit bicyclist,Not Applicable,Straight and flat,Village Road,Bitumen(Tar),Dry,Not Applicable,Fine,VADDARAPALYA VILLAGE ROAD NEAR VEERO METAL COMPANY,NEAR VEERO METALS AND SCHENIDER COMPANY,2,0.0,0.0
Bengaluru Dist,Jigani PS,1.04422e+16,2018,1,1,Road Accidents,Cross roads,Rural Areas,Near Petrol Pump,Not Applicable,No,Grievous Injury,Others,Not at  Junction,Others,State Highway,Bitumen(Tar),Not Applicable,Not Applicable,Fine,ANEKAL-BANNERAGATTAROAD,NEAR PETROL BUMK,100,0.0,0.0
Bengaluru Dist,Jigani PS,1.04422e+16,2018,1,1,Road Accidents,Curves,Rural Areas,Near Petrol Pump,Human Error,No,Fatal,Overturning,Not Applicable,Curve,State Highway,Bitumen(Tar),Dry,Not Applicable,Fine,ANEKAL JIGANI ROAD NEAR HARAPANAHALLI,NEAR KUMAR FUEL PETROL BUNK HARAPANAHALLI,3,0.0,0.0
Bengaluru Dist,Jigani PS,1.04422e+16,2018,1,1,Road Accidents,Junction,Rural Areas,Near a factory industrial area,Human Error,No,Fatal,Others,Controlled,Straight and flat,Others,Bitumen(Tar),Dry,Not Applicable,Fine,"J.B. LINK ROAD,",LEEBOY COMPANY,2,0.0,0.0
Bengaluru Dist,Jigani PS,1.04422e+16,2018,1,2,Road Accidents,Other,Rural Areas,Near a factory industrial area,Human Error,No,Grievous Injury,Others,Not Applicable,Not Applicable,Others,Bitumen(Tar),Dry,Not Applicable,Fine,JIGANI INDUL AREA NEAR THE AKSHAYA PATHRA FOUNDATION,INDUSTRIAL AREA,18,0.0,0.0
Bengaluru Dist,Jigani PS,1.04422e+16,2018,1,1,Road Accidents,Other,Rural Areas,Open area,Vehicle Defect,No,Grievous Injury,Others,Not Applicable,Others,Others,Not Applicable,Others,Not Applicable,Others,JIGANI,JIGANI,1 KM,0.0,0.0
Bengaluru Dist,Jigani PS,1.04422e+16,2019,1,2,Road Accidents,Narrow road,Rural Areas,Near a factory industrial area,Human Error,Not Applicable,Damage Only,Vehicle to Vehicle,Not Applicable,Hump,Not Applicable,Bitumen(Tar),Others,Not Applicable,Fine,"JB LINK ROAD,",NEAR OMEX CIRCLE,4,12.780795,77.640431
Bengaluru Dist,Jigani PS,1.04422e+16,2019,1,1,Road Accidents,Cross roads,Rural Areas,Near a factory industrial area,Human Error,No,Simple Injury,Hit pedestrian,Not Applicable,Straight and flat,Others,Bitumen(Tar),Dry,Not Applicable,Fine,OTIS CIRCLE,NEAR OTIS CIRCLE,2,12.787539,77.621708
Bengaluru Dist,Jigani PS,1.04422e+16,2019,1,2,Road Accidents,Narrow road,City/Town,Near a factory industrial area,Human Error,No,Grievous Injury,Vehicle to Vehicle,Not at  Junction,Not Applicable,Mixed,Bitumen(Tar),Dry,Construction Work / Material,Fine,JIGANI  BOMMASAND08RA LINK ROAD INFRONT OF GVK BIO COMPANY,INFRONT OF GVK BIO COMPANY,3,13.350024,77.683358
Bengaluru Dist,Jigani PS,1.04422e+16,2019,1,1,Road Accidents,Narrow road,Rural Areas,Near a factory industrial area,Human Error,No,Fatal,Hit pedestrian,Controlled,Straight and flat,State Highway,Bitumen(Tar),Dry,Not Applicable,Fine,NEAR MALAI MAHADESHWARA BAKERY & SWEETS,NEAR MALAI MAHADESHWARA BAKERY & SWEETS,1,12.596307,77.650912
Bengaluru Dist,Jigani PS,1.04422e+16,2019,1,2,Road Accidents,Narrow road,Rural Areas,Open area,Not Applicable,Not Applicable,Not Applicable,Vehicle to Vehicle,Not Applicable,Not Applicable,Two way,Bitumen(Tar),Dry,Not Applicable,Fine,BOMMASANDRA JIGANI LINK ROAD,1 KM,1 KM,12.785219,77.651231
Bengaluru Dist,Jigani PS,1.04422e+16,2019,1,1,Road Accidents,Cross roads,Rural Areas,Near a factory industrial area,Human Error,No,Grievous Injury,Not Applicable,Not Applicable,Not Applicable,Others,Bitumen(Tar),Dry,Not Applicable,Clear,JIGANI-BOMMASANDRA LINK ROAD,NEAR RICH GLOBAL FACTORY,1KMS,12.848297,77.838325
Bengaluru Dist,Jigani PS,1.04422e+16,2019,1,1,Road Accidents,Cross roads,Rural Areas,Open area,Not Applicable,Yes,Grievous Injury,Not Applicable,Uncontrolled,Curve,Not Applicable,Bitumen(Tar),Dry,Not Applicable,Clear,KAYLASANAHALLI- OMEX CRICLE ROAD,0,1 KM,12.800533,77.653113
Bengaluru Dist,Jigani PS,1.04422e+16,2019,1,2,Road Accidents,Narrow road,Rural Areas,Open area,Not Applicable,Not Applicable,Simple Injury,Not Applicable,Not Applicable,Not Applicable,One way,Bitumen(Tar),Dry,Not Applicable,Fine,SURYA NAGARA 2 ND STAGE HINNAKKI,0,0,12.777733,77.681936
Bengaluru Dist,Jigani PS,1.04422e+16,2019,1,1,Road Accidents,Narrow road,Rural Areas,Near a factory industrial area,Human Error,No,Fatal,Hit bicyclist,Not at  Junction,Not Applicable,Two way,Bitumen(Tar),Dry,No influence on accident,Fine,JIGANI VADERAMANCHANAHALLI ROAD NEAR LAP INDIA COMPANY,IN FRONT OF LAP INDIA COMPANY MAIN GATE,2KM,12.767787,77.629828
Bengaluru Dist,Jigani PS,1.04422e+16,2019,1,1,Road Accidents,Cross roads,Rural Areas,Near a factory industrial area,Human Error,No,Simple Injury,Hit pedestrian,Not Applicable,Others,Others,Bitumen(Tar),Dry,Not Applicable,Fine,NEAR JAYAKANTH RUBBER PRODUCTS PVT LTD,NEAR JEEVADAN & HIKAL COMPANY,2,12.773309,77.640375
Bengaluru Dist,Jigani PS,1.04422e+16,2019,1,3,Road Accidents,Curves,Rural Areas,Near office complex,Human Error,No,Grievous Injury,Vehicle to Vehicle,Give way sign,Curve,State Highway,Bitumen(Tar),Ditch or Potholed,Not Applicable,Fine,"NEAR MADAPATNA VILLAGE,",NEAR ALLUMINIUM FACTORY,2,12.771114,77.6466
Bengaluru Dist,Jigani PS,1.04422e+16,2019,1,2,Road Accidents,Not Applicable,Rural Areas,Near a factory industrial area,Human Error,No,Not Applicable,Vehicle to Vehicle,Not at  Junction,Straight and flat,Others,Bitumen(Tar),Dry,Not Applicable,Fine,NEAR VEERA VAHANA MOTORS  JB LINK ROAD,NEAR VEERA VAHANA BODY BUILDERS,3,12.80692,77.639182
Bengaluru Dist,Jigani PS,1.04422e+16,2019,1,1,Road Accidents,Narrow road,City/Town,Near office complex,Human Error,Yes,Simple Injury,Not Applicable,Not at  Junction,Not Applicable,One way,Bitumen(Tar),Dry,Not Applicable,Fine,JIGANI APC BANNERUGHATTA DOUBLE ROAD,NEAR APC CIRCLE,1 KM,12.462175,77.311737
Bengaluru Dist,Jigani PS,1.04422e+16,2019,1,2,Road Accidents,Narrow road,Rural Areas,Near a factory industrial area,Human Error,No,Grievous Injury,Vehicle to Vehicle,Not at  Junction,Not Applicable,Mixed,Bitumen(Tar),Dry,Not Applicable,Fine,JIGANI  BOMMASANDRA LINK ROAD INFRONT OF MICROTROLL COMPANY,INFRONT OF MICROTROLL COMPANY,05 KM,12.934894,77.693625
Bengaluru Dist,Jigani PS,1.04422e+16,2019,1,1,Road Accidents,Narrow road,City/Town,Near a factory industrial area,Human Error,No,Fatal,Not Applicable,Not Applicable,Not Applicable,Others,Bitumen(Tar),Dry,Not Applicable,Fine,JIGANI  BOMMASANDRA LINK ROAD INFRONT OF AVON COMPANY,IN FRONT OF AVON PLOSTIC COMPANY,4 KM,12.800557,77.777031
Bengaluru Dist,Jigani PS,1.04422e+16,2019,1,2,Not Applicable,Junction,Not Applicable,Near Bus stop,Not Applicable,No,Fatal,Others,No signal lights,Others,Others,Bitumen(Tar),Dry,Not Applicable,Fine,JIGANI  BOMMASANDRA LINK ROAD OMAX CIRCLE,OMAX CIRCLE,5 KM,12.810984,77.665433
Bengaluru Dist,Jigani PS,1.04422e+16,2019,1,1,Road Accidents,Narrow road,City/Town,Near a factory industrial area,Not Applicable,No,Grievous Injury,Not Applicable,Not at  Junction,Others,Two way,Bitumen(Tar),Dry,Not Applicable,Fine,JIGANI VADDARAPALYA ROAD JIGANI INDUSTRIAL ARIA,FRONT OF ANAD SWEETS,3KM,12.770645,77.64303
Bengaluru Dist,Jigani PS,1.04422e+16,2019,1,1,Road Accidents,Narrow road,Rural Areas,Near a factory industrial area,Human Error,Yes,Grievous Injury,Hit pedestrian,Not at  Junction,Straight and flat,Others,Bitumen(Tar),Dry,Not Applicable,Fine,NEAR ASHIRWAD PIPES COMPANY,NEAR ASHIRWAD PIPES COMPANY,3,12.729766,77.674593
Bengaluru Dist,Jigani PS,1.04422e+16,2019,1,1,Road Accidents,Narrow road,Rural Areas,Near or inside a village,Human Error,Yes,Fatal,Hit bicyclist,Not Applicable,Straight and flat,Village Road,Bitumen(Tar),Dry,Not Applicable,Fine,NEAR KALLUBALA VIVEKANANDA VIDYA KENDRA,NEAR KALLUBALA VIVEKANANDA VIDYA KENDRA,4,12.768844,77.656934
Bengaluru Dist,Jigani PS,1.04422e+16,2019,1,2,Road Accidents,Other,Rural Areas,Residential area,Human Error,Yes,Simple Injury,Others,Not at  Junction,Straight and flat,Residential Street,Bitumen(Tar),Dry,Not Applicable,Fine,KYLASANAHALLI VILLAGE,UPKAR MEADOWS,3,12.784192,77.6439919
Bengaluru Dist,Jigani PS,1.04422e+16,2019,1,1,Road Accidents,Cross roads,Rural Areas,Near a factory industrial area,Human Error,Yes,Damage Only,Vehicle to Vehicle,No signal lights,Hump,Two way,Bitumen(Tar),Dry,Not Applicable,Fine,JIGANI HAROHALLI MAIN ROAD,OMAX CIRCLE,2KM,12.787726,77.640942
Bengaluru Dist,Jigani PS,1.04422e+16,2019,1,2,Road Accidents,Narrow road,City/Town,Near Bus stop,Not Applicable,No,Grievous Injury,Others,Not Applicable,Others,Two way,Bitumen(Tar),Dry,Not Applicable,Fine,JIGANI ANEKAL  MAIN ROAD,FRONT OF V INN HOTEL,1KM,12.780548,77.642599
Bengaluru Dist,Jigani PS,1.04422e+16,2019,1,1,Not Applicable,Narrow road,Rural Areas,Open area,Human Error,No,Fatal,Not Applicable,Not Applicable,Not Applicable,Others,Metalled,Wet,Not Applicable,Cloudy,RAJAPUA LINGAPUARA VILLAGE,RAJAPURA  LINGAPURA ROAD,6KM,12.77612,77.6747
Bengaluru Dist,Jigani PS,1.04422e+16,2019,1,2,Road Accidents,Not Applicable,Rural Areas,Near a factory industrial area,Human Error,Not Applicable,Grievous Injury,Not Applicable,Not at  Junction,Not Applicable,Not Applicable,Bitumen(Tar),Not Applicable,Not Applicable,Clear,JIGANI-BOMMASANDRA  LINK ROAD,NEAR  INDISTRAL AREA,500,13.328498,77.618836
Bengaluru Dist,Jigani PS,1.04422e+16,2019,1,2,Road Accidents,Curves,Rural Areas,Residential area,Human Error,Yes,Damage Only,Vehicle to Vehicle,Not at  Junction,Curve and Incline,Residential Street,Bitumen(Tar),Dry,Not Applicable,Fine,JIGANI TOWN,NEAR GANESHA TEMPLE,1,12.786096,77.64187
Bengaluru Dist,Jigani PS,1.04422e+16,2019,1,1,Road Accidents,Narrow road,Rural Areas,Residential area,Not Applicable,Yes,Grievous Injury,Not Applicable,Not at  Junction,Not Applicable,Two way,Bitumen(Tar),Dry,Not Applicable,Not Applicable,JIGANI ANEKAL  MAIN ROAD,NEAR JAIMATA WAY BRIDE MADAPATTANA,3KM,12.823175,77.695947
Bengaluru Dist,Jigani PS,1.04422e+16,2019,1,1,Road Accidents,Not Applicable,Rural Areas,Open area,Human Error,Not Applicable,Fatal,Not Applicable,Not at  Junction,Not Applicable,Two way,Bitumen(Tar),Others,Not Applicable,Fine,JIGANI HULIMANGALA ROAD,JIGANI TANK BUND,2KM,12.789631,77.633258
Bengaluru Dist,Jigani PS,1.04422e+16,2019,1,3,Road Accidents,Circle,City/Town,Near Bus stop,Human Error,Not Applicable,Not Applicable,Vehicle to Vehicle,Stop sign,Not Applicable,Others,Concrete,Wet,Not Applicable,Clear,JIGANI APC CIRCLE,JIGANI APC CIRCLE,500MTR,12.778256,77.643901
Bengaluru Dist,Jigani PS,1.04422e+16,2019,1,2,Road Accidents,Narrow road,Rural Areas,Near a factory industrial area,Human Error,No,Fatal,Vehicle to Vehicle,Uncontrolled,Straight and flat,State Highway,Bitumen(Tar),Dry,Not Applicable,Clear,"NEAR RIDDI SIDDI GRANITES SHOWROOM, ANEKAL  BANNERGHATTA ROAD",SUDARSHAN FARM,4,12.79966,77.65618
Bengaluru Dist,Jigani PS,1.04422e+16,2019,1,2,Road Accidents,Narrow road,Rural Areas,Near a factory industrial area,Human Error,Yes,Fatal,Others,Uncontrolled,Hump,Others,Concrete,Dry,Not Applicable,Fine,JIGANI BOMMASANDRA LINK ROAD,NEAR IRON MOUNT COMPANY,1,12.781954,77.645936
Bengaluru Dist,Jigani PS,1.04422e+16,2019,1,1,Road Accidents,Circle,Not Applicable,Near Bus stop,Not Applicable,Yes,Fatal,Others,No signal lights,Hump,Mixed,Bitumen(Tar),Dry,Not Applicable,Fine,JIGANI  BOMMASANDRA LINK ROAD OMAX CIRCLE,OMAX CIRCLE,4 KM,12.798995,77.661117
Bengaluru Dist,Jigani PS,1.04422e+16,2019,1,1,Road Accidents,Circle,Rural Areas,Near Bus stop,Human Error,Not Applicable,Fatal,Not Applicable,Uncontrolled,Curve,Mixed,Bitumen(Tar),Dry,Not Applicable,Fine,JIGANI  BOMMASANDRA LINK ROAD OMAX CIRCLE,OMAX CIRCLE,5 KM,12.803723,77.654564
Bengaluru Dist,Jigani PS,1.04422e+16,2019,1,2,Road Accidents,Cross roads,Rural Areas,Near a factory industrial area,Human Error,No,Grievous Injury,Vehicle to Vehicle,Not Applicable,Straight and flat,Others,Bitumen(Tar),Dry,Not Applicable,Fine,NEAR KEB CIRCLE,NEAR JIGANI KEB CIRCLE,2,12.781157,77.63556
Bengaluru Dist,Jigani PS,1.04422e+16,2019,1,3,Road Accidents,Narrow road,Rural Areas,Near a factory industrial area,Not Applicable,No,Fatal,Vehicle to Vehicle,Not at  Junction,Not Applicable,Two way,Bitumen(Tar),Not Applicable,Not Applicable,Fine,JIGANI INDUSTRIAL AREA,0,10 M,12.782997,77.6424
Bengaluru Dist,Jigani PS,1.04422e+16,2019,1,2,Road Accidents,Cross roads,Rural Areas,Near a factory industrial area,Human Error,No,Grievous Injury,Vehicle to Vehicle,Uncontrolled,Straight and flat,Others,Bitumen(Tar),Dry,Not Applicable,Fine,BILL FORGE COMPANY CROSS,NEAR SNIDER COMPANY,2,12.775091,77.6401449
Bengaluru Dist,Jigani PS,1.04422e+16,2019,1,2,Road Accidents,Cross roads,City/Town,Near a factory industrial area,Human Error,No,Simple Injury,Vehicle to Vehicle,Not Applicable,Curve,Two way,Concrete,Others,Not Applicable,Clear,JANATA COLONY CROSS DOUBLE ROAD JIGANI,INFRONT OF SHAKTI WAYBRIDGE,1KMS,12.783532,77.645508
Bengaluru Dist,Jigani PS,1.04422e+16,2019,1,1,Road Accidents,Narrow road,Rural Areas,Near Bus stop,Human Error,Yes,Fatal,Hit pedestrian,Not at  Junction,Not Applicable,State Highway,Bitumen(Tar),Dry,Not Applicable,Fine,JIGANI ANEKAL  MAIN ROAD,NEAR KUMABARANHALLI COLONY GATE,4 KM,12.747717,77.661188
Bengaluru Dist,Jigani PS,1.04422e+16,2019,1,2,Road Accidents,Curves,Rural Areas,Near Bus stop,Human Error,No,Grievous Injury,Vehicle to Vehicle,Not at  Junction,Curve,State Highway,Bitumen(Tar),Dry,Not Applicable,Fine,"ANEKAL BANNERGHATTA ROAD,",NEAR HARAGADDE SRI CHANNAKESHAVA SAMUDAYA BHAVANA,4,12.766068,77.652241
Bengaluru Dist,Jigani PS,1.04422e+16,2019,1,2,Road Accidents,Narrow road,Rural Areas,Near a factory industrial area,Human Error,Yes,Grievous Injury,Vehicle to Vehicle,Not at  Junction,Straight and flat,Two way,Bitumen(Tar),Dry,Construction Work / Material,Fine,DLF TO SRIRAMPURA,NEAR KTTM JOB WORK UNIT,5,12.800375,77.65933
Bengaluru Dist,Jigani PS,1.04422e+16,2019,1,3,Road Accidents,Circle,City/Town,Near Bus stop,Human Error,No,Damage Only,Vehicle to Vehicle,Stop Sign,Straight and flat,State Highway,Concrete,Dry,Not Applicable,Clear,JIGANI APC CIRCLE,JIGANI APC CIRCLE,1,12.778118,77.64385
Bengaluru Dist,Jigani PS,1.04422e+16,2019,1,2,Road Accidents,Narrow road,Villages settlement,Near School or College,Not Applicable,No,Grievous Injury,Others,Not at  Junction,Not Applicable,Mixed,Bitumen(Tar),Dry,Not Applicable,Fine,JIGANI ANEKAL  MAIN ROAD,NEAR TAPOVANA SCHOOL,4 KM,12.785108,77.64
Bengaluru Dist,Jigani PS,1.04422e+16,2019,1,2,Road Accidents,Cross roads,Rural Areas,Near a factory industrial area,Human Error,Yes,Grievous Injury,Hit and Run,Not at  Junction,Others,Others,Bitumen(Tar),Dry,Not Applicable,Fine,JB LINK ROAD NEAR HCL COMPANY U TURN,FINE COMPONENTS COMPANY,2,12.802001,77.661964
Bengaluru Dist,Jigani PS,1.04422e+16,2019,1,2,Road Accidents,Narrow road,Rural Areas,Near Petrol Pump,Not Applicable,Not Applicable,Grievous Injury,Vehicle to Vehicle,Not Applicable,Not Applicable,State Highway,Bitumen(Tar),Not Applicable,Not Applicable,Clear,JIGANI ANEKAL ROAD,NEAR PETROL PUMP,2 KMS,12.773428,77.650631
Bengaluru Dist,Jigani PS,1.04422e+16,2019,1,1,Road Accidents,Narrow road,Rural Areas,Near a factory industrial area,Human Error,Not Applicable,Simple Injury,Not Applicable,Not at  Junction,Straight and flat,State Highway,Bitumen(Tar),Dry,Not Applicable,Fine,NEAR FLIP KART GODOWN,KUMBARANAHALLI,5,12.749327,77.659808
Bengaluru Dist,Jigani PS,1.04422e+16,2019,1,1,Road Accidents,Cross roads,City/Town,Near a factory industrial area,Human Error,No,Fatal,Others,Not at  Junction,Curve,Mixed,Bitumen(Tar),Dry,Not Applicable,Fine,JIGANI  BOMMASANDRA LINK ROAD OMAX CIRCLE,NEAR DLF CROSS,3KM,12.78453,77.6593329
Bengaluru Dist,Jigani PS,1.04422e+16,2019,1,2,Road Accidents,Curves,Rural Areas,Near Petrol Pump,Human Error,No,Simple Injury,Vehicle to Vehicle,Not at  Junction,Curve,Others,Bitumen(Tar),Dry,Not Applicable,Fine,NEAR INDIAN OIL PETROL BUNK JIGANI APC CIRCLE,NEAR INDIAN OIL PETROL BUNK,1,13.058071,77.704238
Bengaluru Dist,Jigani PS,1.04422e+16,2019,1,2,Road Accidents,Curves,Rural Areas,Near a factory industrial area,Human Error,No,Grievous Injury,Vehicle to Vehicle,Uncontrolled,Straight and flat,Others,Bitumen(Tar),Dry,Not Applicable,Fine,"JB LINK ROAD,",NEAR INDIAN OIL PETROL BUNK,2,12.812134,77.629624
Bengaluru Dist,Jigani PS,1.04422e+16,2019,1,1,Not Applicable,Curves,Rural Areas,Open area,Not Applicable,No,Fatal,Others,Not at  Junction,Slight Curve,Two way,Bitumen(Tar),Dry,Not Applicable,Others,JIGANI HAROHALLI MAIN ROAD,FRONT OF SLN PRABHUDDALAYA,6KM,12.782861,77.644778
Bengaluru Dist,Jigani PS,1.04422e+16,2019,1,2,Road Accidents,Cross roads,City/Town,Near a factory industrial area,Not Applicable,Yes,Grievous Injury,Vehicle to Vehicle,Not at  Junction,Others,One way,Concrete,Wet,Not Applicable,Fine,JIGANI APC  BANNERUGHATTA LINK ROAD,NEAR APC CIRCLE,1KM,12.817438,77.616211
Bengaluru Dist,Jigani PS,1.04422e+16,2019,1,2,Road Accidents,Narrow road,Rural Areas,Open area,Not Applicable,Not Applicable,Grievous Injury,Not Applicable,Not Applicable,Not Applicable,One way,Bitumen(Tar),Not Applicable,Not Applicable,Fine,jigani police station frent of road,500 feet,500fee,12.752266,77.519065
Bengaluru Dist,Jigani PS,1.04422e+16,2019,1,1,Road Accidents,Narrow road,Rural Areas,At pedestrian Crossing,Human Error,No,Fatal,Hit pedestrian,Not Applicable,Straight and flat,Mixed,Bitumen(Tar),Dry,Not Applicable,Others,JIGANI BVANNERUGHATTA MAIN ROAD,0,2KM,12.791837,77.623426
Bengaluru Dist,Jigani PS,1.04422e+16,2019,1,2,Road Accidents,Junction,Rural Areas,Near a factory industrial area,Human Error,No,Damage Only,Others,Signals (Working),Straight and flat,Others,Bitumen(Tar),Dry,Not Applicable,Fine,JIGANI APC CIRCLE,NEAR MALAI MAHADESHWARA BAKERY & SWEETS,2,12.770952,77.630021
Bengaluru Dist,Jigani PS,1.04422e+16,2019,1,1,Road Accidents,Narrow road,Rural Areas,In bazaar,Human Error,Yes,Fatal,Hit pedestrian,Not at  Junction,Straight and flat,State Highway,Bitumen(Tar),Dry,Not Applicable,Fine,JIGANI TOWN NEAR V INN HOTEL,NEAR V INN HOTEL,1,12.70078,77.6753689
Bengaluru Dist,Jigani PS,1.04422e+16,2019,1,1,Road Accidents,Cross roads,Rural Areas,Near or inside a village,Human Error,Not Applicable,Simple Injury,Not Applicable,Not Applicable,Not Applicable,Others,Bitumen(Tar),Not Applicable,Not Applicable,Clear,KYALASANHALLI TO OMAX CIRCLE ROAD,NEAR RICHMAND APARTMENTS,4KMS,12.804419,77.83738
Bengaluru Dist,Jigani PS,1.04422e+16,2019,1,1,Road Accidents,Circle,Rural Areas,Residential area,Human Error,Not Applicable,Grievous Injury,Hit pedestrian,Controlled,Curve,Residential Street,Bitumen(Tar),Dry,Not Applicable,Clear,"HARAPPANAHALLI KOPPA MAIN ROAD, NEAR CHAMAKADHAMA CLSSIC LAYOUT, JIGANI HOBLI, ANEKAL TQ",CHAMAKADHAMHA CLSSIC LAYOUT,3 KMS,12.835727,77.6367
Bengaluru Dist,Jigani PS,1.04422e+16,2019,1,1,Road Accidents,Narrow road,Rural Areas,Near a factory industrial area,Not Applicable,Not Applicable,Grievous Injury,Hit pedestrian,Not Applicable,Not Applicable,Others,Bitumen(Tar),Not Applicable,Not Applicable,Clear,JIGANI  KALLABALU ROAD,0,0,12.782821,77.64153
Bengaluru Dist,Jigani PS,1.04422e+16,2020,1,2,Road Accidents,Narrow road,Rural Areas,Near a factory industrial area,Human Error,No,Grievous Injury,Vehicle to Vehicle,Not at  Junction,Straight and flat,Service Road,Bitumen(Tar),Dry,Not Applicable,Fine,MADAPATNA VILLAGE,NEAR SILICON VALUE COMPANY,2,12.772789,77.6478879
Bengaluru Dist,Jigani PS,1.04422e+16,2020,1,1,Rail Road Accidents,Narrow road,Rural Areas,Open area,Human Error,Yes,Fatal,Hit pedestrian,Not at  Junction,Straight and flat,Two way,Bitumen(Tar),Dry,No influence on accident,Fine,JIGANI HAROHALLI MAIN ROAD,NEAR MADAPPANA DODDI VILLAGE,6 KMS,12.731114,77.599376