DISTRICTNAME,UNITNAME,Crime_No,Year,RI,Noofvehicle_involved,Accident_Classification,Accident_Spot,Accident_Location,Accident_SubLocation,Main_Cause,Hit_Run,Severity,Collision_Type,Junction_Control,Road_Character,Road_Type,Surface_Type,Surface_Condition,Road_Condition,Weather,Accident_Road,Landmark_first,Distance_LandMark_First,Latitude,Longitude
Bengaluru Dist,Jigani PS,1.04422e+16,2021,1,2,Road Accidents,Not Applicable,City/Town,Near a factory industrial area,Human Error,No,Fatal,Vehicle to Vehicle,Not at  Junction,Straight and flat,Others,Bitumen(Tar),Dry,Not Applicable,Clear,Jigani - Bommasandra Link Road,Near HCL Gate,04 KM,12.785525,77.651327
Bengaluru Dist,Jigani PS,1.04422e+16,2021,1,2,Road Accidents,Cross roads,Rural Areas,Near a factory industrial area,Human Error,No,Grievous Injury,Vehicle to Vehicle,Uncontrolled,Hump,Others,Bitumen(Tar),Dry,Not Applicable,Fine,OMEX CIRCLE,OMEX CIRCLE,4,12.798861,77.661816
Bengaluru Dist,Jigani PS,1.04422e+16,2022,1,2,Road Accidents,Cross roads,Rural Areas,Near a factory industrial area,Human Error,No,Fatal,Vehicle to Vehicle,Not at  Junction,Straight and flat,Feeder Road,Bitumen(Tar),Dry,No influence on accident,Fine,NEAR ASHIRWAD PIPES COMPANY,NEAR ASHIRWAD PIPES U TRUN,2,12.786628,77.653006
Bengaluru Dist,Jigani PS,1.04422e+16,2022,1,2,Road Accidents,Cross roads,Rural Areas,Near a factory industrial area,Human Error,No,Damage Only,Vehicle to Vehicle,No signal lights,Straight and flat,Feeder Road,Bitumen(Tar),Dry,Not Applicable,Fine,JB LINK ROAD NEAR HCL COMPANY DLF CROSS,NEAR BANSAL PRECISSION FORGE COMPANY,2,12.787627,77.667743
Bengaluru Dist,Jigani PS,1.04422e+16,2022,1,2,Road Accidents,Cross roads,Rural Areas,Near a factory industrial area,Human Error,No,Grievous Injury,Vehicle to Vehicle,Uncontrolled,Straight and flat,Feeder Road,Bitumen(Tar),Dry,Not Applicable,Fine,JB LINK ROAD NEAR OMEX CIRCLE,OMEX CIRCLE,4,0.0,0.0
Bengaluru Dist,Jigani PS,1.04422e+16,2022,1,2,Road Accidents,Narrow road,Rural Areas,Open area,Human Error,Yes,Grievous Injury,Vehicle to Vehicle,Uncontrolled,Straight and flat,State Highway,Bitumen(Tar),Dry,Not Applicable,Fine,ANEKAL BANNERGHATTA MAIN ROAD,HARAPANAHALLI CIRCLE,3,12.772403,77.650029
Bengaluru Dist,Jigani PS,1.04422e+16,2022,1,2,Road Accidents,Junction,City/Town,Near a factory industrial area,Human Error,No,Fatal,Vehicle to Vehicle,No signal lights,Straight and flat,Others,Bitumen(Tar),Dry,Not Applicable,Clear,Other Road,Near Schneider Company,01 KM,12.77355,77.639601
Bengaluru Dist,Jigani PS,1.04422e+16,2022,1,2,Road Accidents,Cross roads,Rural Areas,Near a factory industrial area,Human Error,Yes,Grievous Injury,Vehicle to Vehicle,Uncontrolled,Straight and flat,Feeder Road,Bitumen(Tar),Dry,Not Applicable,Fine,NEAR OTIS CIRCLE,OTIS CIRCLE,2,0.0,0.0
Bengaluru Dist,Jigani PS,1.04422e+16,2022,1,2,Road Accidents,Junction,Rural Areas,Near Bus stop,Human Error,No,Grievous Injury,Vehicle to Vehicle,Not at  Junction,Straight and flat,Feeder Road,Bitumen(Tar),Dry,No influence on accident,Fine,JB LINK ROAD NEAR MARUTHI NAGARA,SUNSHINE COMPANY,3,0.0,0.0
Bengaluru Dist,Jigani PS,1.04422e+16,2022,1,2,Road Accidents,Narrow road,Rural Areas,Open area,Human Error,No,Damage Only,Vehicle to Vehicle,No signal lights,Not Applicable,Two way,Bitumen(Tar),Dry,No influence on accident,Clear,NEAR KALLUBALU CROSS,IN FRONT OF MURWESHWARA COMPNY,4 KMS,12.787342,77.64416
Bengaluru Dist,Jigani PS,1.04422e+16,2022,1,1,Road Accidents,Narrow road,Rural Areas,Near Bus stop,Human Error,Yes,Grievous Injury,Hit pedestrian,Uncontrolled,Straight and flat,State Highway,Bitumen(Tar),Dry,Not Applicable,Fine,ANEKAL BANNERGHATTA ROAD,NEAR KOPPA GATE,4,12.775195,77.64839
Bengaluru Dist,Jigani PS,1.04422e+16,2022,1,1,Road Accidents,Narrow road,Rural Areas,Near a factory industrial area,Human Error,No,Grievous Injury,Hit pedestrian,Not at  Junction,Straight and flat,Feeder Road,Bitumen(Tar),Dry,No influence on accident,Fine,JB LINK ROAD NEAR SLV MRP BAR,NEAR SLV MRP BAR,2,12.783187,77.639108
Bengaluru Dist,Jigani PS,1.04422e+16,2022,1,1,Road Accidents,Not Applicable,Rural Areas,In bazaar,Human Error,Yes,Damage Only,Not Applicable,Not at  Junction,Others,Two way,Bitumen(Tar),Dry,Not Applicable,Clear,Bannerughatta - Jigani Road,Near Harapanahalli Lake,2.5 KM,12.793201,77.61916
Bengaluru Dist,Jigani PS,1.04422e+16,2022,1,2,Road Accidents,Narrow road,Rural Areas,Near or inside a village,Human Error,Yes,Fatal,Vehicle to Vehicle,Not at  Junction,Straight and flat,Others,Bitumen(Tar),Dry,No influence on accident,Fine,KONNASANDRA VADERAMANCHANAHALLI VILLAGE ROAD,NEAR AMULYA MEADOWS LAYOUT,4,12.759425,77.6303589
Bengaluru Dist,Jigani PS,1.04422e+16,2022,1,1,Road Accidents,Curves,Rural Areas,Open area,Human Error,Not Applicable,Grievous Injury,Not Applicable,Not Applicable,Curve,State Highway,Bitumen(Tar),Dry,Not Applicable,Fine,NEAR HARAPANAHALLI LAKE BANNERGATTA JIGANI MAIN ROAD,NEAR HARAPANAHALLI LAKE,03 KM,0.0,0.0
Bengaluru Dist,Jigani PS,1.04422e+16,2022,1,2,Road Accidents,Narrow road,Rural Areas,Near School or College,Human Error,No,Grievous Injury,Vehicle to Vehicle,Uncontrolled,Straight and flat,State Highway,Bitumen(Tar),Dry,Not Applicable,Fine,ANEKAL BANNERGHATTA ROAD,NEAR NITHYANANDA HIGH SCHOOL,1,12.787903,77.633722
Bengaluru Dist,Jigani PS,1.04422e+16,2022,1,1,Road Accidents,Cross roads,Rural Areas,Near Hospital,Human Error,No,Grievous Injury,Hit pedestrian,Uncontrolled,Straight and flat,State Highway,Bitumen(Tar),Dry,No influence on accident,Fine,ANEKAL JIGANI ROAD,NEAR UDUPI UPAHAR HOTEL,1,12.748048,77.603834
Bengaluru Dist,Jigani PS,1.04422e+16,2022,1,2,Road Accidents,Narrow road,Rural Areas,Open area,Human Error,No,Fatal,Vehicle to Vehicle,Not Applicable,Straight and flat,State Highway,Bitumen(Tar),Dry,No influence on accident,Fine,"ANEKAL BANNERGHATTA MAIN ROAD,",KOPPA GATE,5,12.748943,77.661757
Bengaluru Dist,Jigani PS,1.04422e+16,2022,1,1,Road Accidents,Narrow road,Rural Areas,Near a factory industrial area,Human Error,No,Grievous Injury,Hit pedestrian,Not at  Junction,Straight and flat,Feeder Road,Bitumen(Tar),Dry,Not Applicable,Fine,SWASTIK MASALA PICKLES & FOOD PRODUCTS PVT LTD,SWASTIK MASALA PICKLES & FOOD PRODUCTS PVT LTD,2,12.775146,77.632675
Bengaluru Dist,Jigani PS,1.04422e+16,2022,1,2,Road Accidents,Junction,City/Town,Near a factory industrial area,Human Error,Not Applicable,Grievous Injury,Vehicle to Vehicle,No signal lights,Straight and flat,State Highway,Bitumen(Tar),Dry,Not Applicable,Clear,Jigani Bannerughatta Road,Near BMTC Dipo,1 KM,12.780663,77.634792
Bengaluru Dist,Jigani PS,1.04422e+16,2022,1,2,Road Accidents,Cross roads,Rural Areas,Near a factory industrial area,Human Error,No,Fatal,Vehicle to Vehicle,Not Applicable,Straight and flat,Feeder Road,Bitumen(Tar),Dry,No influence on accident,Fine,ROAD NO 3,NEAR SK MARKETING TILES & TAPS CO,2,12.803247,77.655679
Bengaluru Dist,Jigani PS,1.04422e+16,2022,1,2,Road Accidents,Circle,Rural Areas,Near a factory industrial area,Human Error,Yes,Grievous Injury,Vehicle to Vehicle,Not at  Junction,Others,Major District Road,Bitumen(Tar),Dry,Not Applicable,Fine,OPP SRI RAMA STEELS JIGANI -BENNARGATTA DOUBLE ROAD JIGANI INDUSTRIAL AREA,OPP SRI RAMA STEELS JIGANI BENNARGATTA DOUBLE ROAD JIGANI INDUSTRIAL AREA,01 KM,12.779675,77.636648
Bengaluru Dist,Jigani PS,1.04422e+16,2022,1,2,Road Accidents,Cross roads,Rural Areas,Near a factory industrial area,Human Error,Yes,Fatal,Vehicle to Vehicle,Not at  Junction,Straight and flat,Feeder Road,Bitumen(Tar),Dry,No influence on accident,Fine,JIGANI DOUBLE ROAD,NEAR MRP BAR AND STEEL HOUSE,1,12.780355,77.635563
Bengaluru Dist,Jigani PS,1.04422e+16,2022,1,2,Road Accidents,Narrow road,Rural Areas,Residential area,Human Error,No,Grievous Injury,Vehicle to Vehicle,Not at  Junction,Straight and flat,Feeder Road,Bitumen(Tar),Dry,No influence on accident,Fine,HENNAGRA ROAD,NEAR VAKIL ENCASA LAYOUT GATE,6,0.0,0.0
Bengaluru Dist,Jigani PS,1.04422e+16,2022,1,2,Road Accidents,Cross roads,Rural Areas,Near a factory industrial area,Human Error,No,Grievous Injury,Vehicle to Vehicle,Uncontrolled,Straight and flat,Others,Bitumen(Tar),Dry,No influence on accident,Fine,"JIGANI BOMMASANDRA LINK ROAD,",NEAR KAVERAPPA SABANGANA,3,0.0,0.0
Bengaluru Dist,Jigani PS,1.04422e+16,2022,1,2,Road Accidents,Narrow road,Rural Areas,Near a factory industrial area,Human Error,No,Grievous Injury,Vehicle to Vehicle,Uncontrolled,Straight and flat,State Highway,Bitumen(Tar),Dry,No influence on accident,Fine,BANNERGHATTA ANEKAL ROAD NEAR MILE STONE LAYOUT GATE,NEAR MILE STONE LAYOUT GATE,4,0.0,0.0
Bengaluru Dist,Jigani PS,1.04422e+16,2022,1,1,Road Accidents,Narrow road,Rural Areas,Near a factory industrial area,Human Error,No,Fatal,Not Applicable,Not at  Junction,Straight and flat,Feeder Road,Bitumen(Tar),Dry,No influence on accident,Fine,JIGANI BOMMASANDRA LINK ROAD NEAR VEERAVAHANA BODY BUILDING COMPANY,NEAR VEERAVAHANA BODY BUILDING COMPANY,3,12.782694,77.637111
Bengaluru Dist,Jigani PS,1.04422e+16,2022,1,2,Road Accidents,Narrow road,City/Town,Near a factory industrial area,Human Error,No,Damage Only,Vehicle to Vehicle,Not at  Junction,Not Applicable,Mixed,Bitumen(Tar),Dry,No influence on accident,Clear,JIGANI-BOMMASANDRA LINK ROAD,0,1KM,12.778761,77.643586
Bengaluru Dist,Jigani PS,1.04422e+16,2022,1,1,Road Accidents,Narrow road,Rural Areas,Near Bus stop,Human Error,No,Grievous Injury,Hit pedestrian,Uncontrolled,Straight and flat,State Highway,Bitumen(Tar),Dry,No influence on accident,Fine,NEAR KEB CIRCLE,NEAR JIGANI KEB OFFICE,2,0.0,0.0
Bengaluru Dist,Jigani PS,1.04422e+16,2022,1,1,Road Accidents,Not Applicable,City/Town,Near a factory industrial area,Human Error,No,Grievous Injury,Not Applicable,Not at  Junction,Straight and flat,Others,Bitumen(Tar),Dry,Not Applicable,Clear,Bommasandra - Jigani Link Road,Near Omex Circle,05 KM,12.811558,77.665446
Bengaluru Dist,Jigani PS,1.04422e+16,2022,1,2,Road Accidents,Not Applicable,City/Town,Near Petrol Pump,Human Error,No,Grievous Injury,Vehicle to Vehicle,Not at  Junction,Straight and flat,State Highway,Bitumen(Tar),Dry,Not Applicable,Clear,SH,Near Harapanahally,03 KM,12.793274,77.622081
Bengaluru Dist,Jigani PS,1.04422e+16,2022,1,2,Road Accidents,Narrow road,Rural Areas,Open area,Human Error,No,Grievous Injury,Vehicle to Vehicle,Not at  Junction,Curve,State Highway,Bitumen(Tar),Dry,Construction Work / Material,Fine,STATE HIGHWAY,NEAR HARAPANAHALLI POLICE LAKE,3,12.793465,77.621506
Bengaluru Dist,Jigani PS,1.04422e+16,2022,1,1,Road Accidents,Curves,Rural Areas,Open area,Human Error,No,Fatal,Hit pedestrian,Not at  Junction,Curve and Incline,Forest Road,Bitumen(Tar),Dry,Not Applicable,Fine,JIGANI HAROHALLI ROAD KUPPASIDDAIANADODDI,NEAR IIM,7,12.723594,77.596981
Bengaluru Dist,Jigani PS,1.04422e+16,2022,1,2,Road Accidents,Narrow road,Rural Areas,Open area,Human Error,Not Applicable,Grievous Injury,Vehicle to Vehicle,Not Applicable,Slight Curve,State Highway,Bitumen(Tar),Dry,Not Applicable,Fine,"Madapatna, Jigani Anekal Main Road",0,0,12.772729,77.648308
Bengaluru Dist,Jigani PS,1.04422e+16,2022,1,2,Road Accidents,Curves,Rural Areas,Near or inside a village,Human Error,No,Grievous Injury,Vehicle to Vehicle,Not at  Junction,Curve,Feeder Road,Bitumen(Tar),Dry,No influence on accident,Fine,"JIGANI, HAROHALLI ROAD",NEAR YELLAMMANADODDI,6,12.772963,77.635798
Bengaluru Dist,Jigani PS,1.04422e+16,2022,1,2,Road Accidents,Narrow road,Rural Areas,Near Hospital,Human Error,No,Fatal,Vehicle to Vehicle,Not at  Junction,Straight and flat,State Highway,Bitumen(Tar),Dry,Not Applicable,Fine,STATE HIGHWAY,NEAR INDIRA HOSPITAL JIGANI,2,0.0,0.0
Bengaluru Dist,Jigani PS,1.04422e+16,2022,1,2,Road Accidents,Narrow road,Rural Areas,Near or inside a village,Human Error,No,Grievous Injury,Vehicle to Vehicle,Not at  Junction,Straight and flat,State Highway,Bitumen(Tar),Dry,No influence on accident,Fine,NEAR JIGANI POLICE STATION,NEAR OLD POLICE STATION,1,12.784569,77.6411359
Bengaluru Dist,Jigani PS,1.04422e+16,2022,1,1,Road Accidents,Cross roads,Rural Areas,Near a factory industrial area,Human Error,No,Fatal,Not Applicable,Not Applicable,Sharp Curve,Service Road,Bitumen(Tar),Dry,No influence on accident,Fine,NEAR OTIS CIRCLE,NEAR OTIS CIRCLE,2,12.768552,77.620874
Bengaluru Dist,Jigani PS,1.04422e+16,2022,1,1,Road Accidents,Curves,Rural Areas,Near Petrol Pump,Human Error,Not Applicable,Grievous Injury,Not Applicable,Not Applicable,Curve,Others,Bitumen(Tar),Dry,Not Applicable,Clear,KOPPA BEGURU ROAD,NEAR HP PETROL PUMP,04 KM,12.80652,77.626031
Bengaluru Dist,Jigani PS,1.04422e+16,2023,1,2,Road Accidents,Not Applicable,Rural Areas,Open area,Not Applicable,No,Grievous Injury,Vehicle to Vehicle,Not Applicable,Not Applicable,Others,Not Applicable,Not Applicable,Not Applicable,Clear,NanjapuraVillage,Meenakshi Resort,05 km,12.796934,77.637292
Bengaluru Dist,Jigani PS,1.04422e+16,2023,1,1,Road Accidents,Narrow road,Rural Areas,Residential area,Human Error,No,Fatal,Not Applicable,Not at  Junction,Straight and flat,Residential Street,Bitumen(Tar),Dry,No influence on accident,Fine,VADERAMANACHANAHALLI KONASANDRA ROAD,NEAR AKHIIYA LAYOUT GATE,4,12.779214,77.642945
Bengaluru Dist,Jigani PS,1.04422e+16,2023,1,3,Road Accidents,Road hump or Rumble strips,Rural Areas,Near a factory industrial area,Human Error,No,Grievous Injury,Vehicle to Vehicle,Uncontrolled,Hump,Feeder Road,Bitumen(Tar),Dry,No influence on accident,Fine,JB LINK ROAD NEAR OMEX CIRCLE,NEAR OMEX CIRCLE,4,12.797843,77.660786
Bengaluru Dist,Jigani PS,1.04422e+16,2023,1,3,Not Applicable,Narrow road,Rural Areas,Open area,Human Error,Yes,Grievous Injury,Vehicle to Vehicle,Controlled,Others,Others,Kutcha,Muddy,Not Applicable,Clear,KALLUBALU LAKE,KALLUBALU LAKE,5KMS,12.772749,77.62121
Bengaluru Dist,Jigani PS,1.04422e+16,2023,1,2,Not Applicable,Narrow road,Rural Areas,Near or inside a village,Human Error,Yes,Grievous Injury,Vehicle to Vehicle,Controlled,Others,Sub Arterial,Bitumen(Tar),Dry,Not Applicable,Clear,jigani-harohalli road,NEAR IIMB COLLAGE,6 KMS,0.0,0.0
Bengaluru Dist,Jigani PS,1.04422e+16,2023,1,1,Road Accidents,Narrow road,Rural Areas,In bazaar,Not Applicable,No,Simple Injury,Hit pedestrian,Controlled,Others,Others,Concrete,Dry,Not Applicable,Fine,JIGANI TOWN ROAD,BALAJI HOSPITAL NEAR,500MTR,0.0,0.0
Bengaluru Dist,Jigani PS,1.04422e+16,2023,1,2,Road Accidents,Narrow road,Rural Areas,Open area,Not Applicable,No,Grievous Injury,Hit bicyclist,Not Applicable,Others,State Highway,Bitumen(Tar),Dry,Construction Work / Material,Clear,ANEKAL JIGANI MAIN ROAD,HARAGADDE VILLAGE,3KMS,12.755971,77.656868
Bengaluru Dist,Jigani PS,1.04422e+16,2023,1,1,Road Accidents,Narrow road,Rural Areas,Near or inside a village,Human Error,No,Grievous Injury,Not Applicable,Controlled,Not Applicable,State Highway,Bitumen(Tar),Dry,Not Applicable,Others,JIGANI-ANEKAL ROAD,CHANNAKESHAVA CHOWLTRY,4KMS,0.0,0.0
Bengaluru Dist,Jigani PS,1.04422e+16,2023,1,1,Road Accidents,Narrow road,Rural Areas,Near a factory industrial area,Human Error,No,Fatal,Not Applicable,Not at  Junction,Straight and flat,State Highway,Bitumen(Tar),Dry,No influence on accident,Fine,BANNERGHATTA ANEKAL ROAD,NEAR KLEAN PACK COMPANY,2,0.0,0.0
Bengaluru Dist,Jigani PS,1.04422e+16,2023,1,1,Road Accidents,Curves,Rural Areas,Open area,Not Applicable,No,Fatal,Not Applicable,Uncontrolled,Curve,Others,Not Applicable,Dry,Not Applicable,Fine,JIGANI TO HAROHALLI ROAD,NEAR BY KUPPASIDDAIAHANA DODDI,200 M,12.721191,77.597807
Bengaluru Dist,Jigani PS,1.04422e+16,2023,1,1,Road Accidents,Circle,Rural Areas,Near Bus stop,Vehicle Defect,No,Damage Only,Not Applicable,Controlled,Curve,State Highway,Bitumen(Tar),Dry,Construction Work / Material,Clear,"KOPPA GATE VILLAGE, KOPPA GATE CIRCLE",KOPPA GATE VILLAGE,4 KMS,0.0,0.0
Bengaluru Dist,Jigani PS,1.04422e+16,2023,1,1,Road Accidents,Narrow road,Rural Areas,Open area,Human Error,No,Grievous Injury,Not Applicable,Controlled,Not Applicable,Two way,Bitumen(Tar),Dry,Construction Work / Material,Clear,jigani-bannerghatta road near police lake,police lake,2 KMS,12.783187,77.66066
Bengaluru Dist,Jigani PS,1.04422e+16,2023,1,2,Not Applicable,Cross roads,Rural Areas,Open area,Not Applicable,Yes,Fatal,Vehicle to Vehicle,Uncontrolled,Not Applicable,One way,Not Applicable,Not Applicable,Not Applicable,Fine,OTHER,ASHIRWAD PIPE FACTORY,50M,12.790794,77.657217
Bengaluru Dist,Jigani PS,1.04422e+16,2023,1,2,Road Accidents,Curves,City/Town,Near Hospital,Not Applicable,Not Applicable,Grievous Injury,Vehicle to Vehicle,Uncontrolled,Curve,Service Road,Not Applicable,Not Applicable,Not Applicable,Fine,SERVICE ROAD,IN FRONT OF BSNL,100MTR,12.780606,77.642461
Bengaluru Dist,Jigani PS,1.04422e+16,2023,1,2,Road Accidents,Cross roads,Rural Areas,Open area,Human Error,No,Grievous Injury,Vehicle to Vehicle,No signal lights,Others,Others,Concrete,Dry,Not Applicable,Clear,JIGANI DUBBLE ROAD,NEAR BATA SHOW RMMO,I KMS,12.784495,77.640252
Bengaluru Dist,Jigani PS,1.04422e+16,2023,1,1,Road Accidents,Circle,City/Town,Near Bus stop,Human Error,No,Grievous Injury,Hit pedestrian,Controlled,Hump,State Highway,Bitumen(Tar),Dry,Not Applicable,Clear,JIGANI ANEKAL ROAD,MADAPATTANA BUS  STOP,2KMS,12.771282,77.649407
Bengaluru Dist,Jigani PS,1.04422e+16,2023,1,1,Not Applicable,Not Applicable,Rural Areas,Residential area,Not Applicable,No,Fatal,Hit bicyclist,Not Applicable,Not Applicable,Residential Street,Not Applicable,Not Applicable,Not Applicable,Fine,OTHER,NEAR BY RAJASHEKAR LAND,15FEET,12.788634,77.661328
Bengaluru Dist,Jigani PS,1.04422e+16,2023,1,2,Road Accidents,Circle,Rural Areas,Near Bus stop,Not Applicable,No,Grievous Injury,Vehicle to Vehicle,Not Applicable,Others,Others,Not Applicable,Others,Not Applicable,Clear,Suryacity -Rajapura Road,Near Bus Stop,05 km,12.756246,77.862146
Bengaluru Dist,Jigani PS,1.04422e+16,2023,1,1,Road Accidents,Curves,Rural Areas,Open area,Not Applicable,Yes,Fatal,Not Applicable,Uncontrolled,Curve,Others,Not Applicable,Not Applicable,Not Applicable,Others,JIGANI TO HAROHALLI ROAD,NEAR BY KUPPASIDDAIAHANA DODDI,200 M,12.721686,77.592762
Bengaluru Dist,Jigani PS,1.04422e+16,2023,1,2,Road Accidents,Not Applicable,Rural Areas,Near or inside a village,Not Applicable,No,Fatal,Vehicle to Vehicle,Not Applicable,Not Applicable,Not Applicable,Not Applicable,Not Applicable,Not Applicable,Not Applicable,ANEKAL,NEAR BY HARAGADDE,1K.M.,12.771408,77.6491749
Bengaluru Dist,Jigani PS,1.04422e+16,2023,1,2,Road Accidents,Circle,Rural Areas,Near a factory industrial area,Not Applicable,No,Simple Injury,Hit pedestrian,Not at  Junction,Sharp Curve,Others,Bitumen(Tar),Dry,No influence on accident,Clear,KALLUBALU CROSS,NEAR GANGA SERVICE,3,0.0,0.0
Bengaluru Dist,Jigani PS,1.04422e+16,2023,1,2,Road Accidents,Narrow road,Rural Areas,Near a factory industrial area,Human Error,No,Grievous Injury,Vehicle to Vehicle,Not at  Junction,Straight and flat,Others,Bitumen(Tar),Dry,No influence on accident,Fine,JIGANI INDUL AREA NEAR TUBE PRODUCTS COMPANY,TUBE PRODUCTS COMPANY,3,12.76424,77.641425
Bengaluru Dist,Jigani PS,1.04422e+16,2023,1,1,Road Accidents,Road hump or Rumble strips,Rural Areas,Open area,Human Error,No,Fatal,Not Applicable,Uncontrolled,Straight and flat,State Highway,Bitumen(Tar),Dry,No influence on accident,Fine,ANEKAL BANNERGHATTA ROAD,NEAR KOPPA GATE,4,0.0,0.0
Bengaluru Dist,Jigani PS,1.04422e+16,2023,1,1,Road Accidents,Circle,Rural Areas,Near Bus stop,Not Applicable,No,Fatal,Not Applicable,Controlled,Not Applicable,Not Applicable,Not Applicable,Not Applicable,Not Applicable,Fine,87,NEAR BY GEL GAS,60,12.77765,77.644313
Bengaluru Dist,Jigani PS,1.04422e+16,2023,1,1,Road Accidents,Circle,Rural Areas,Near Bus stop,Human Error,No,Grievous Injury,Hit pedestrian,Give way sign,Curve,Others,Bitumen(Tar),Dry,Not Applicable,Clear,"JIGANI BOMMASANDRA LINK ROAD,",0,3 KMS,12.799003,77.661148
Bengaluru Dist,Jigani PS,1.04422e+16,2023,1,1,Road Accidents,Not Applicable,Rural Areas,Near a factory industrial area,Human Error,No,Simple Injury,Hit pedestrian,Not Applicable,Not Applicable,Not Applicable,Not Applicable,Not Applicable,Not Applicable,Clear,Jigani Industrial Area,Near Narasimhaswamy Temple,01 km,12.463276,77.38946
Bengaluru Dist,Jigani PS,1.04422e+16,2023,1,2,Not Applicable,Not Applicable,Rural Areas,Near Petrol Pump,Human Error,No,Simple Injury,Vehicle to Vehicle,Not at  Junction,Not Applicable,Others,Not Applicable,Not Applicable,Not Applicable,Clear,Anekal-Bannerughatta Road,Near HP Petrol Pump,02 km,12.772811,77.650563
Bengaluru Dist,Jigani PS,1.04422e+16,2023,1,1,Road Accidents,Narrow road,Rural Areas,Residential area,Human Error,No,Fatal,Hit pedestrian,Not at  Junction,Straight and flat,State Highway,Bitumen(Tar),Dry,No influence on accident,Fine,ANEKAL BANNERGHATTA ROAD,NEAR MASJID,1,0.0,0.0
Bengaluru Dist,Jigani PS,1.04422e+16,2023,1,1,Road Accidents,Not Applicable,Rural Areas,Near a factory industrial area,Not Applicable,Yes,Fatal,Hit pedestrian,Not Applicable,Not Applicable,One way,Bitumen(Tar),Not Applicable,Not Applicable,Fine,NO,MICRO LAP INDIA COMPOND,20 F,12.789508,77.655999
Bengaluru Dist,Jigani PS,1.04422e+16,2023,1,2,Not Applicable,Not Applicable,Rural Areas,Residential area,Not Applicable,No,Grievous Injury,Not Applicable,Not Applicable,Not Applicable,Others,Not Applicable,Others,Not Applicable,Clear,Konasandra,Near Ashwaththakatet,05 km,12.761231,77.627587
Bengaluru Dist,Jigani PS,1.04422e+16,2023,1,2,Not Applicable,Curves,Rural Areas,Residential area,Not Applicable,No,Fatal,Vehicle to Vehicle,Not Applicable,Not Applicable,State Highway,Not Applicable,Not Applicable,Not Applicable,Fine,87,NEAR BY HARAPANAHALLI LAKE,100 M,12.793987,77.621283
Bengaluru Dist,Jigani PS,1.04422e+16,2023,1,2,Road Accidents,Cross roads,Rural Areas,At pedestrian Crossing,Human Error,No,Damage Only,Vehicle to Vehicle,Not Applicable,Curve,Residential Street,Bitumen(Tar),Dry,Drainage Ditch,Clear,NANDANAVANA LAYOUT MAIN GATE,KRISHNA TEMPLE NEAR,2.5 KM,0.0,0.0
Bengaluru Dist,Jigani PS,1.04422e+16,2023,1,1,Road Accidents,Narrow road,Rural Areas,Residential area,Not Applicable,No,Grievous Injury,Not Applicable,Not Applicable,Not Applicable,Not Applicable,Not Applicable,Not Applicable,Not Applicable,Others,Jigani-Suryacity Phase-2,Near OP,06 KM,12.763185,77.684216
Bengaluru Dist,Jigani PS,1.04422e+16,2023,1,1,Road Accidents,Curves,Rural Areas,Residential area,Human Error,No,Fatal,Not Applicable,Uncontrolled,Curve,Two way,Bitumen(Tar),Dry,No influence on accident,Fine,JIGANI HAROHALLI ROAD,MAHANTHALINGAPURA VILLAGE,4,0.0,0.0
Bengaluru Dist,Jigani PS,1.04422e+16,2023,1,1,Road Accidents,Not Applicable,Rural Areas,Residential area,Not Applicable,No,Fatal,Hit pedestrian,Not Applicable,Not Applicable,Residential Street,Not Applicable,Not Applicable,Not Applicable,Fine,OTHER,NEAR BY VENUGOPAL HOUSE,10,12.45132,77.38149
Bengaluru Dist,Jigani PS,1.04422e+16,2023,1,2,Other Railway Accidents,Circle,City/Town,Near a factory industrial area,Human Error,No,Grievous Injury,Hit bicyclist,Not Applicable,Curve,State Highway,Bitumen(Tar),Dry,Not Applicable,Clear,JIGANI BANNERUGHATRTA ROAD,0,1 KM,12.779144,77.641195
Bengaluru Dist,Jigani PS,1.04422e+16,2023,1,2,Road Accidents,Circle,Rural Areas,Near a factory industrial area,Human Error,Not Applicable,Grievous Injury,Vehicle to Vehicle,Controlled,Curve,Two way,Bitumen(Tar),Dry,No influence on accident,Clear,"OMAX CIRCLE, KYALASANAHALLI VILLAGE",OMEX CIRCLE,5KMS,0.0,0.0
Bengaluru Dist,Jigani PS,1.04422e+16,2023,1,2,Road Accidents,Narrow road,Rural Areas,Open area,Human Error,No,Grievous Injury,Vehicle to Vehicle,Not Applicable,Curve,State Highway,Bitumen(Tar),Dry,No influence on accident,Fine,BANNERGHATTA ANEKAL ROAD,NEAR POLICE LAKE,3,0.0,0.0
Bengaluru Dist,Jigani PS,1.04422e+16,2023,1,1,Not Applicable,Curves,Rural Areas,Open area,Not Applicable,Not Applicable,Fatal,Not Applicable,Not at  Junction,Curve,Major District Road,Not Applicable,Not Applicable,Not Applicable,Not Applicable,87,HARAPANAHALLI LAKE,25 F,12.79401,77.621345
Bengaluru Dist,Jigani PS,1.04422e+16,2023,1,2,Road Accidents,Not Applicable,Rural Areas,Near a factory industrial area,Not Applicable,No,Grievous Injury,Vehicle to Vehicle,Not Applicable,Not Applicable,Others,Not Applicable,Others,Not Applicable,Clear,Industrial Area Road,Near Hykal Company,3 km,12.789725,77.641042
Bengaluru Dist,Jigani PS,1.04422e+16,2023,1,1,Not Applicable,Not Applicable,Rural Areas,Open area,Not Applicable,No,Grievous Injury,Hit pedestrian,Not Applicable,Others,Not Applicable,Not Applicable,Not Applicable,Not Applicable,Clear,Jigani-Bannerughatta Road,Near Granite show room,04 KM,12.796431,77.615754
Bengaluru Dist,Jigani PS,1.04422e+16,2023,1,1,Road Accidents,Narrow road,City/Town,Near Hospital,Not Applicable,No,Simple Injury,Hit pedestrian,Not Applicable,Others,Service Road,Bitumen(Tar),Dry,Not Applicable,Fine,JIGANI-APC CIRCLE SARVICE ROAD,NEAR SUHAS HOSPITAL,500MTR,12.780146,77.643057