DISTRICTNAME,UNITNAME,Crime_No,Year,RI,Noofvehicle_involved,Accident_Classification,Accident_Spot,Accident_Location,Accident_SubLocation,Main_Cause,Hit_Run,Severity,Collision_Type,Junction_Control,Road_Character,Road_Type,Surface_Type,Surface_Condition,Road_Condition,Weather,Accident_Road,Landmark_first,Distance_LandMark_First,Latitude,Longitude
Bengaluru Dist,Jigani PS,1.04422e+16,2023,1,2,Road Accidents,Cross roads,Rural Areas,Open area,Human Error,No,Grievous Injury,Vehicle to Vehicle,Uncontrolled,Straight and flat,State Highway,Bitumen(Tar),Dry,No influence on accident,Fine,ANEKAL BANNERGHATTA ROAD,NEAR HARAGADDE PAINT SHOP,3,12.804712,77.624233
Bengaluru Dist,Jigani PS,1.04422e+16,2023,1,2,Road Accidents,Cross roads,City/Town,Near a factory industrial area,Human Error,No,Simple Injury,Vehicle to Vehicle,Give way sign,Others,Two way,Bitumen(Tar),Dry,No influence on accident,Clear,Bannerughatta - Jigani Road,NEAR APPOLLO PHARMACY,1 KM,12.779684,77.643361
Bengaluru Dist,Jigani PS,1.04422e+16,2023,1,2,Road Accidents,Narrow road,City/Town,Near a factory industrial area,Not Applicable,Yes,Damage Only,Vehicle to Vehicle,Not Applicable,Not Applicable,State Highway,Bitumen(Tar),Dry,Not Applicable,Clear,JIGANI ANEKAL ROAD,NEAR MAHAVEERA GRANITE & MARBLE SHOROOM,2 KMS,12.779473,77.643294
Bengaluru Dist,Jigani PS,1.04422e+16,2023,1,1,Road Accidents,Narrow road,Rural Areas,Residential area,Human Error,No,Grievous Injury,Hit pedestrian,Not at  Junction,Not Applicable,Others,Bitumen(Tar),Dry,Not Applicable,Clear,MAHANTALINGAPURA HAROHALI MAIN ROAD,KRISHNADODDY VILLAGE,8,12.75352,77.612112
Bengaluru Dist,Jigani PS,1.04422e+16,2023,1,2,Road Accidents,Not Applicable,Rural Areas,Near or inside a village,Not Applicable,No,Fatal,Vehicle to Vehicle,Not Applicable,Straight and flat,State Highway,Not Applicable,Not Applicable,Not Applicable,Not Applicable,87,HOTEL SRIRAMA,30FEET,12.46182,77.385501
Bengaluru Dist,Jigani PS,1.04422e+16,2023,1,2,Road Accidents,Curves,Rural Areas,Near or inside a village,Human Error,No,Grievous Injury,Vehicle to Vehicle,Controlled,Hump,Others,Concrete,Dry,Not Applicable,Clear,KOPPA BEGURU ROAD,SV CONCRET COMPONY,4 KMS,0.0,0.0
Bengaluru Dist,Jigani PS,1.04422e+16,2023,1,1,Road Accidents,Curves,Rural Areas,Open area,Not Applicable,No,Fatal,Not Applicable,Uncontrolled,Not Applicable,Forest Road,Bitumen(Tar),Not Applicable,Not Applicable,Fine,OTHER,NEAR BY KUPPASIDDAIHANADODDI,500M,12.43198,77.35552
Bengaluru Dist,Jigani PS,1.04422e+16,2023,1,1,Road Accidents,Narrow road,Rural Areas,Open area,Not Applicable,No,Grievous Injury,Not Applicable,Not Applicable,Others,Others,Bitumen(Tar),Dry,Not Applicable,Fine,JIGANI HULIMANGALA ROAD,ELE NAGAPPA LAND NEAR,2KMS,12.819448,77.639598
Bengaluru Dist,Jigani PS,1.04422e+16,2023,1,3,Road Accidents,Narrow road,Rural Areas,Open area,Human Error,No,Simple Injury,Vehicle to Vehicle,Controlled,Not Applicable,State Highway,Bitumen(Tar),Dry,Not Applicable,Clear,STATE HIGHWAY,NEAR RAJALSXMI HARD WARE,2KMS,12.770726,77.649953
Bengaluru Dist,Madanayakanahally PS,1.04422e+16,2016,1,2,Road Accidents,Other,City/Town,Near a religious place,Human Error,Yes,Grievous Injury,Others,Not at  Junction,Others,State Highway,Bitumen(Tar),Not Applicable,Not Applicable,Others,NEAR MACHOHALLI GATE,OPPT HULIYURAMMA TEMPLE,13,0.0,0.0
Bengaluru Dist,Madanayakanahally PS,1.04422e+16,2016,1,2,Road Accidents,Other,Rural Areas,Near Bus stop,Human Error,No,Fatal,Head on,Not Applicable,Not Applicable,Village Road,Bitumen(Tar),Dry,Not Applicable,Fine,TAVAREKERE NELAMANGALA ROAD,BUS STOP,13 KM,0.0,0.0
Bengaluru Dist,Madanayakanahally PS,1.04422e+16,2016,1,2,Road Accidents,Narrow road,Rural Areas,Open area,Human Error,Yes,Grievous Injury,Head on,Controlled,Not Applicable,NH,Not Applicable,Not Applicable,No influence on accident,Clear,NH,NEAR TRANSFORM,100,0.0,0.0
Bengaluru Dist,Madanayakanahally PS,1.04422e+16,2016,1,3,Road Accidents,Culvert,Villages settlement,Near School or College,Road Environment Defect,Not Applicable,Damage Only,Others,Not Applicable,Others,NH,Bitumen(Tar),Ditch or Potholed,Not Applicable,Clear,NEAR JINDAL,NH4 EXPRES ROAD,4 KMS,0.0,0.0
Bengaluru Dist,Madanayakanahally PS,1.04422e+16,2016,1,2,Road Accidents,Not Applicable,Rural Areas,Open area,Not Applicable,No,Damage Only,Others,Not Applicable,Others,NH,Bitumen(Tar),Dry,Not Applicable,Fine,NEAR ADAKAMARANAHALLI,NH 4,5,0.0,0.0
Bengaluru Dist,Madanayakanahally PS,1.04422e+16,2016,1,1,Road Accidents,Other,Rural Areas,Near Bus stop,Human Error,No,Grievous Injury,Others,Not Applicable,Not Applicable,Expressway,Bitumen(Tar),Dry,Not Applicable,Fine,NH 4,NH 4,05 KMS,0.0,0.0
Bengaluru Dist,Madanayakanahally PS,1.04422e+16,2016,1,1,Road Accidents,Other,Villages settlement,Near Bus stop,Human Error,Yes,Simple Injury,Others,Not Applicable,Others,Village Road,Bitumen(Tar),Flooded,Not Applicable,Cloudy,NEAR DODDIPALYA,MAKALI DODDIPALYA ROAD,8,0.0,0.0
Bengaluru Dist,Madanayakanahally PS,1.04422e+16,2016,1,2,Road Accidents,Other,Villages settlement,Near office complex,Human Error,Yes,Grievous Injury,Hit and Run,Not at  Junction,Others,State Highway,Bitumen(Tar),Dry,No influence on accident,Others,MAGADI MAIN ROAD,NEAR RASHI RESIDENCY,50 FT,0.0,0.0
Bengaluru Dist,Madanayakanahally PS,1.04422e+16,2016,1,1,Road Accidents,Narrow road,Rural Areas,Residential area,Human Error,Yes,Grievous Injury,Hit pedestrian,Not at  Junction,Not Applicable,Village Road,Bitumen(Tar),Dry,No influence on accident,Others,Honnasandra,Near Towards Mattahalli Road,10 km,0.0,0.0
Bengaluru Dist,Madanayakanahally PS,1.04422e+16,2016,1,1,Road Accidents,Offset,Rural Areas,Near or inside a village,Human Error,No,Fatal,Others,Not Applicable,Others,Others,Bitumen(Tar),Dry,No influence on accident,Clear,NICE ROAD,NEAR BRIDGE,50 FT,0.0,0.0
Bengaluru Dist,Madanayakanahally PS,1.04422e+16,2016,1,1,Road Accidents,Other,Villages settlement,Open area,Human Error,No,Damage Only,Others,Not at  Junction,Not Applicable,Village Road,Kutcha,Dry,No influence on accident,Clear,VILLAGE ROAD,RESIDENCE,50 FT,0.0,0.0
Bengaluru Dist,Madanayakanahally PS,1.04422e+16,2016,1,2,Road Accidents,Other,Villages settlement,Near or inside a village,Human Error,No,Damage Only,Others,Not Applicable,Others,NH,Bitumen(Tar),Dry,No influence on accident,Clear,National Highway,TOLL,50 FT,0.0,0.0
Bengaluru Dist,Madanayakanahally PS,1.04422e+16,2016,1,2,Road Accidents,Other,Rural Areas,Near office complex,Human Error,No,Fatal,Others,Not Applicable,Others,Service Road,Bitumen(Tar),Dry,No influence on accident,Clear,National Highway,NEAR HOTEL,50 FT,0.0,0.0
Bengaluru Dist,Madanayakanahally PS,1.04422e+16,2016,1,2,Road Accidents,Other,Rural Areas,Open area,Human Error,No,Fatal,Others,Not Applicable,Not Applicable,NH,Bitumen(Tar),Dry,Not Applicable,Clear,BANG TO TUM NH EXPRS ROAD,ADAKAMARANAHALLI,3 KMS,0.0,0.0
Bengaluru Dist,Madanayakanahally PS,1.04422e+16,2016,1,3,Road Accidents,Other,City/Town,Near or inside a village,Human Error,No,Grievous Injury,Others,Uncontrolled,Not Applicable,NH,Bitumen(Tar),Not Applicable,Not Applicable,Fine,NH4 express road,Near Anchepalya,6 km,0.0,0.0
Bengaluru Dist,Madanayakanahally PS,1.04422e+16,2016,1,1,Road Accidents,Other,Villages settlement,Near Bus stop,Human Error,Yes,Fatal,Hit and Run,Not Applicable,Others,Village Road,Bitumen(Tar),Dry,Not Applicable,Clear,VILLAGE ROAD,BUS STOP,12 ft,0.0,0.0
Bengaluru Dist,Madanayakanahally PS,1.04422e+16,2016,1,1,Road Accidents,Other,Villages settlement,Open area,Human Error,Yes,Simple Injury,Others,Not Applicable,Others,Expressway,Bitumen(Tar),Dry,Not Applicable,Clear,MAGADI ROAD NICE ROAD,NICR ROAD,4 KMS,0.0,0.0
Bengaluru Dist,Madanayakanahally PS,1.04422e+16,2016,1,2,Road Accidents,Other,Rural Areas,Open area,Human Error,No,Simple Injury,Others,Not Applicable,Others,NH,Bitumen(Tar),Dry,Not Applicable,Fine,NH 4 TOLL,NH 4 NEAR TOLL MADAVARA,2 KMS,0.0,0.0
Bengaluru Dist,Madanayakanahally PS,1.04422e+16,2016,1,1,Road Accidents,Not Applicable,Rural Areas,Open area,Human Error,No,Damage Only,Others,Not Applicable,Not Applicable,Others,Bitumen(Tar),Dry,Not Applicable,Fine,NEAR SHANTHI NAGARA,NICR ROAD,04 KMS,0.0,0.0
Bengaluru Dist,Madanayakanahally PS,1.04422e+16,2016,1,2,Road Accidents,Other,City/Town,Near or inside a village,Human Error,Yes,Fatal,Others,Uncontrolled,Not Applicable,State Highway,Bitumen(Tar),Not Applicable,Not Applicable,Fine,state highway,Near Kadabagere cross,12 km,0.0,0.0
Bengaluru Dist,Madanayakanahally PS,1.04422e+16,2016,1,2,Road Accidents,Other,Rural Areas,Open area,Human Error,Yes,Grievous Injury,Others,Not Applicable,Others,Village Road,Bitumen(Tar),Dry,Not Applicable,Fine,NEAR ALADAMA MARA NAVILE LAYOUT MADAVARA,NEAR NICE ROAD KENI LAYOUT,3 KMS,0.0,0.0
Bengaluru Dist,Madanayakanahally PS,1.04422e+16,2016,1,1,Road Accidents,Not Applicable,Villages settlement,Near Bus stop,Human Error,Yes,Grievous Injury,Hit and Run,Not Applicable,Not Applicable,Service Road,Bitumen(Tar),Dry,Not Applicable,Fine,NEAR ANCHEPALYA,NH 4,4 KMS,0.0,0.0
Bengaluru Dist,Madanayakanahally PS,1.04422e+16,2016,1,1,Road Accidents,Other,City/Town,Near a religious place,Human Error,No,Grievous Injury,Others,Not at  Junction,Others,State Highway,Bitumen(Tar),Dry,No influence on accident,Fine,MACHOHALLI GATE,NEAR HULIYURAMMA TEMPLE,12,0.0,0.0
Bengaluru Dist,Madanayakanahally PS,1.04422e+16,2016,1,1,Road Accidents,Other,Villages settlement,Open area,Not Applicable,No,Grievous Injury,Others,Not Applicable,Not Applicable,NH,Concrete,Dry,Not Applicable,Clear,NEAR MNHALLY BUS STAND,NH 4,0.5,0.0,0.0
Bengaluru Dist,Madanayakanahally PS,1.04422e+16,2016,1,1,Road Accidents,Curves,Rural Areas,Near Bus stop,Human Error,No,Fatal,Others,Not at  Junction,Not Applicable,State Highway,Bitumen(Tar),Dry,No influence on accident,Fine,Magadi-Bengaluru Main Road,Near Bus stop,12 Km,0.0,0.0
Bengaluru Dist,Madanayakanahally PS,1.04422e+16,2016,1,2,Road Accidents,Other,City/Town,Near Bus stop,Human Error,Yes,Grievous Injury,Others,Uncontrolled,Not Applicable,State Highway,Bitumen(Tar),Dry,Not Applicable,Not Applicable,state highway,Near machohalli gate,12 km,0.0,0.0
Bengaluru Dist,Madanayakanahally PS,1.04422e+16,2016,1,2,Road Accidents,Cross roads,Villages settlement,Near Bus stop,Not Applicable,No,Fatal,Not Applicable,Not Applicable,Others,Village Road,Not Applicable,Others,Not Applicable,Others,MAGADI BANGALORE MAIN ROAD,NEAR KADABHAGERE,15KM,0.0,0.0
Bengaluru Dist,Madanayakanahally PS,1.04422e+16,2016,1,6,Road Accidents,Offset,City/Town,Open area,Human Error,Yes,Grievous Injury,Hit and Run,Not Applicable,Not Applicable,NH,Bitumen(Tar),Dry,Not Applicable,Clear,NH,CHIKKABIDARAKALLU,03 KMS,0.0,0.0
Bengaluru Dist,Madanayakanahally PS,1.04422e+16,2016,1,2,Road Accidents,Other,City/Town,Near or inside a village,Human Error,No,Damage Only,Others,Uncontrolled,Not Applicable,Others,Bitumen(Tar),Others,Not Applicable,Not Applicable,other road,nice road toll madavara,4 km,0.0,0.0
Bengaluru Dist,Madanayakanahally PS,1.04422e+16,2016,1,2,Road Accidents,Narrow road,Rural Areas,Near or inside a village,Human Error,Not Applicable,Fatal,Not Applicable,Uncontrolled,Straight and flat,Expressway,Bitumen(Tar),Dry,No influence on accident,Fine,NH4 EXPRESS ROAD,JINDAL FACTORY,1/2 KM,0.0,0.0
Bengaluru Dist,Madanayakanahally PS,1.04422e+16,2016,1,2,Road Accidents,Other,Villages settlement,Near Bus stop,Human Error,Yes,Damage Only,Hit and Run,Not at  Junction,Others,NH,Bitumen(Tar),Dry,No influence on accident,Clear,National Highway,BUS STOP,100 MT,0.0,0.0
Bengaluru Dist,Madanayakanahally PS,1.04422e+16,2016,1,2,Road Accidents,Narrow road,Not Applicable,Open area,Human Error,No,Grievous Injury,Head on,Controlled,Not Applicable,NH,Not Applicable,Not Applicable,No influence on accident,Clear,NH4,NEAR DEVANNANAPALYA,40 MTS,0.0,0.0
Bengaluru Dist,Madanayakanahally PS,1.04422e+16,2016,1,1,Road Accidents,Other,City/Town,Near office complex,Human Error,Yes,Grievous Injury,Others,Not at  Junction,Others,City or Town Road,Bitumen(Tar),Not Applicable,Not Applicable,Others,MNHALLI TO LAKSHMIPURA ROAD,OPPT SBM BANK,2,0.0,0.0
Bengaluru Dist,Madanayakanahally PS,1.04422e+16,2016,1,2,Road Accidents,Other,Rural Areas,Near Bus stop,Human Error,No,Simple Injury,Not Applicable,Not Applicable,Others,NH,Bitumen(Tar),Dry,Not Applicable,Clear,NH4 SERVICE ROAD,NH 4 SERVICE ROAD,5 KMS,0.0,0.0
Bengaluru Dist,Madanayakanahally PS,1.04422e+16,2016,1,1,Road Accidents,Not Applicable,Rural Areas,Near Bus stop,Human Error,No,Fatal,Others,Not Applicable,Curve,Village Road,Bitumen(Tar),Dry,Not Applicable,Clear,VILLAGER ROAD,HUSKURU ROAD,10,0.0,0.0
Bengaluru Dist,Madanayakanahally PS,1.04422e+16,2016,1,1,Road Accidents,Other,Villages settlement,Near or inside a village,Human Error,Yes,Grievous Injury,Others,Not at  Junction,Others,Village Road,Bitumen(Tar),Not Applicable,Not Applicable,Others,KADABAGERE ROAD,NEAR VILLAGE,13,0.0,0.0
Bengaluru Dist,Madanayakanahally PS,1.04422e+16,2016,1,2,Road Accidents,Other,City/Town,Near Bus stop,Human Error,No,Grievous Injury,Others,Uncontrolled,Others,Service Road,Bitumen(Tar),Dry,Not Applicable,Fine,NH4 service road,Makali near CM bar,2 km,0.0,0.0
Bengaluru Dist,Madanayakanahally PS,1.04422e+16,2016,1,2,Road Accidents,Other,Villages settlement,Near or inside a village,Human Error,No,Grievous Injury,Others,Not at  Junction,Not Applicable,Village Road,Bitumen(Tar),Not Applicable,Not Applicable,Others,"NLM TAVAREKERE MAIN ROAD, MALLASANDRA VILLAGE",NEAR CHOWDESHWARI NAGARA CROSS,12,0.0,0.0
Bengaluru Dist,Madanayakanahally PS,1.04422e+16,2016,1,1,Road Accidents,Other,Villages settlement,Near Bus stop,Human Error,No,Simple Injury,Others,Not Applicable,Others,Village Road,Bitumen(Tar),Not Applicable,Not Applicable,Fine,NEAR KITTANAHALLI,VILLAGE ROAD,14 KMS,0.0,0.0
Bengaluru Dist,Madanayakanahally PS,1.04422e+16,2016,1,2,Road Accidents,Narrow road,Rural Areas,Near Hospital,Human Error,No,Simple Injury,Others,Controlled,Not Applicable,Others,Not Applicable,Not Applicable,Not Applicable,Clear,others,NEAR POOJA HOSPITAL,13 KM,0.0,0.0
Bengaluru Dist,Madanayakanahally PS,1.04422e+16,2016,1,2,Road Accidents,Other,City/Town,Near Bus stop,Human Error,No,Grievous Injury,Others,Uncontrolled,Others,NH,Bitumen(Tar),Others,Not Applicable,Light Rain,NH4 express road,Near Madavara,5 km,0.0,0.0
Bengaluru Dist,Madanayakanahally PS,1.04422e+16,2016,1,2,Road Accidents,Other,City/Town,Near or inside a village,Human Error,No,Fatal,Others,Uncontrolled,Not Applicable,NH,Bitumen(Tar),Dry,Not Applicable,Fine,NH4 express road,near adakamaranahalli,5 km,0.0,0.0
Bengaluru Dist,Madanayakanahally PS,1.04422e+16,2016,1,1,Road Accidents,Cross roads,Rural Areas,Near Hospital,Human Error,No,Fatal,Hit pedestrian,Not Applicable,Not Applicable,NH,Bitumen(Tar),Dry,No influence on accident,Fine,Bengaluru-Tumakuru NH-4 service Road,Near Lifeline Hospital,200mtr,0.0,0.0
Bengaluru Dist,Madanayakanahally PS,1.04422e+16,2016,1,1,Road Accidents,Narrow road,Rural Areas,Open area,Human Error,Yes,Grievous Injury,Head on,Controlled,Not Applicable,NH,Not Applicable,Not Applicable,Not Applicable,Clear,NEAR MADAVARA,NEAR MADAVARA BUSSTOP,100 MT,0.0,0.0
Bengaluru Dist,Madanayakanahally PS,1.04422e+16,2016,1,2,Road Accidents,Other,Rural Areas,Near Bus stop,Human Error,No,Simple Injury,Others,Not Applicable,Others,NH,Bitumen(Tar),Dry,Not Applicable,Cloudy,SERVICE ROAD,NH 4,05 KMS,0.0,0.0
Bengaluru Dist,Madanayakanahally PS,1.04422e+16,2016,1,1,Road Accidents,Cross roads,Rural Areas,Near office complex,Human Error,No,Fatal,Hit pedestrian,Not at  Junction,Not Applicable,Others,Bitumen(Tar),Dry,No influence on accident,Fog / Mist,Nice Road,Madavara Nice Toll,2 km,0.0,0.0
Bengaluru Dist,Madanayakanahally PS,1.04422e+16,2016,1,1,Road Accidents,Other,Rural Areas,Near or inside a village,Human Error,Yes,Grievous Injury,Others,Uncontrolled,Not Applicable,Village Road,Bitumen(Tar),Not Applicable,Not Applicable,Very Cold,other road,Kuduregere road,1km,0.0,0.0
Bengaluru Dist,Madanayakanahally PS,1.04422e+16,2016,1,2,Road Accidents,Other,Rural Areas,Near Bus stop,Not Applicable,No,Damage Only,Others,Not Applicable,Not Applicable,State Highway,Bitumen(Tar),Dry,Not Applicable,Clear,KADABAGERE GATE MAGADI ROAD,MAGADI RAOD,15,0.0,0.0
Bengaluru Dist,Madanayakanahally PS,1.04422e+16,2016,1,2,Road Accidents,Other,City/Town,Near office complex,Not Applicable,No,Grievous Injury,Not Applicable,Uncontrolled,Others,Service Road,Bitumen(Tar),Others,Not Applicable,Very Cold,NH4 service road,Hubli Nagapura garage,6 km,0.0,0.0
Bengaluru Dist,Madanayakanahally PS,1.04422e+16,2016,1,2,Road Accidents,Other,City/Town,Near a factory industrial area,Human Error,No,Grievous Injury,Others,Not at  Junction,Others,City or Town Road,Bitumen(Tar),Not Applicable,Not Applicable,Others,MACHOHALLI GATE,OPPT RADHASWAMY GRANITES,12,0.0,0.0
Bengaluru Dist,Madanayakanahally PS,1.04422e+16,2016,1,2,Road Accidents,Other,City/Town,Near office complex,Human Error,Yes,Grievous Injury,Hit and Run,Not at  Junction,Others,Others,Bitumen(Tar),Not Applicable,Not Applicable,Others,MNHALLI TO LAKSHMIPURA ROAD,OPPT HDFC ATM,2,0.0,0.0
Bengaluru Dist,Madanayakanahally PS,1.04422e+16,2016,1,1,Road Accidents,Other,Villages settlement,Open area,Not Applicable,No,Grievous Injury,Others,Not Applicable,Sharp Curve,Village Road,Not Applicable,Dry,Not Applicable,Others,NICR ROAD MADAVARA,MADAVARA,3 KMS,0.0,0.0
Bengaluru Dist,Madanayakanahally PS,1.04422e+16,2016,1,2,Road Accidents,Other,City/Town,Near or inside a village,Human Error,No,Grievous Injury,Others,Uncontrolled,Not Applicable,NH,Bitumen(Tar),Dry,Not Applicable,Not Applicable,NH4 express road,Near Jindal Flyover,7 km,0.0,0.0
Bengaluru Dist,Madanayakanahally PS,1.04422e+16,2016,1,1,Road Accidents,Narrow road,City/Town,Near Bus stop,Human Error,No,Fatal,Hit pedestrian,Not at  Junction,Not Applicable,NH,Bitumen(Tar),Dry,No influence on accident,Fine,Tumakuru-Bengaluru NH 4 Express Road,Near Bus stop,2 km,0.0,0.0
Bengaluru Dist,Madanayakanahally PS,1.04422e+16,2016,1,2,Road Accidents,Other,City/Town,Near Petrol Pump,Vehicle Defect,Yes,Damage Only,Not Applicable,Uncontrolled,Others,NH,Bitumen(Tar),Others,Not Applicable,Light Rain,Near HP petrol bunk,NH4 express road,8 km,0.0,0.0
Bengaluru Dist,Madanayakanahally PS,1.04422e+16,2016,1,2,Road Accidents,Other,City/Town,Near Bus stop,Human Error,No,Damage Only,Others,Uncontrolled,Not Applicable,Service Road,Bitumen(Tar),Wet,Not Applicable,Light Rain,NH4 service road,TCI under pass,1 km,0.0,0.0
Bengaluru Dist,Madanayakanahally PS,1.04422e+16,2016,1,2,Road Accidents,Other,Not Applicable,Near Bus stop,Human Error,No,Grievous Injury,Others,Uncontrolled,Others,NH,Bitumen(Tar),Not Applicable,Not Applicable,Others,NH4 express road,near Makali bus stand,3 km,0.0,0.0
Bengaluru Dist,Madanayakanahally PS,1.04422e+16,2016,1,2,Road Accidents,Not Applicable,Rural Areas,Near or inside a village,Human Error,No,Grievous Injury,Others,Not Applicable,Not Applicable,Expressway,Bitumen(Tar),Dry,Not Applicable,Fine,NAICE ROAD,NEAR GANGONDANAHALLI LAKE,05 KM,0.0,0.0
Bengaluru Dist,Madanayakanahally PS,1.04422e+16,2016,1,2,Road Accidents,Other,Rural Areas,Near Bus stop,Human Error,No,Grievous Injury,Others,Not Applicable,Not Applicable,Major District Road,Bitumen(Tar),Dry,Not Applicable,Fine,RURAL AREAS,NEAR BAS STAND,8,0.0,0.0
Bengaluru Dist,Madanayakanahally PS,1.04422e+16,2016,1,2,Road Accidents,Other,Rural Areas,Open area,Human Error,No,Grievous Injury,Others,Not Applicable,Others,NH,Bitumen(Tar),Dry,Not Applicable,Clear,NH 4 EXPRESS RAOD,NH4,5 KMS,0.0,0.0
Bengaluru Dist,Madanayakanahally PS,1.04422e+16,2016,1,1,Road Accidents,Cross roads,Not Applicable,Near School or College,Human Error,No,Fatal,Hit pedestrian,Not at  Junction,Not Applicable,NH,Bitumen(Tar),Dry,No influence on accident,Fine,Bengaluru-Tumakuru NH-4 Road,NEAR Nadgeer college,1 Km,0.0,0.0
Bengaluru Dist,Madanayakanahally PS,1.04422e+16,2016,1,1,Road Accidents,Other,Rural Areas,Near Bus stop,Human Error,No,Grievous Injury,Others,Uncontrolled,Others,State Highway,Bitumen(Tar),Not Applicable,Not Applicable,Very Cold,state highway,near chikkagolarahatti busstop,12 km,0.0,0.0
Bengaluru Dist,Madanayakanahally PS,1.04422e+16,2016,1,2,Road Accidents,Other,Rural Areas,Near Bus stop,Human Error,No,Grievous Injury,Others,Not Applicable,Others,NH,Bitumen(Tar),Dry,Not Applicable,Fine,NEAR DASANAPURA NH 4,NH 4 SERVICE ROAD,04 KMS,0.0,0.0
Bengaluru Dist,Madanayakanahally PS,1.04422e+16,2016,1,2,Road Accidents,Other,City/Town,Near or inside a village,Human Error,Yes,Grievous Injury,Others,Not at  Junction,Others,Expressway,Bitumen(Tar),Not Applicable,Not Applicable,Others,"BLR NLM NH-4 EXPRESS ROAD,NEAR MAKALI",OPPT CM WINES,3,0.0,0.0
Bengaluru Dist,Madanayakanahally PS,1.04422e+16,2016,1,1,Road Accidents,Not Applicable,Rural Areas,Near Hospital,Human Error,No,Fatal,Others,Not Applicable,Others,State Highway,Bitumen(Tar),Dry,No influence on accident,Clear,Magadi Road,HOSPITAL,50 FT,0.0,0.0
Bengaluru Dist,Madanayakanahally PS,1.04422e+16,2016,1,2,Road Accidents,Not Applicable,Rural Areas,Open area,Human Error,No,Simple Injury,Others,Not Applicable,Curve,NH,Bitumen(Tar),Dry,Not Applicable,Clear,NH 4 SERVICE ROAD,NICR ROAD CROSSING,2 KMS,0.0,0.0
Bengaluru Dist,Madanayakanahally PS,1.04422e+16,2016,1,2,Road Accidents,Other,Villages settlement,Near Bus stop,Human Error,Yes,Grievous Injury,Hit and Run,Not Applicable,Not Applicable,State Highway,Bitumen(Tar),Dry,Not Applicable,Cloudy,NEAR RASHI RECIDENCY,MAGADI RAOD,15,0.0,0.0
Bengaluru Dist,Madanayakanahally PS,1.04422e+16,2016,1,2,Road Accidents,Narrow road,Rural Areas,Near Bus stop,Human Error,No,Fatal,Others,Not Applicable,Others,NH,Bitumen(Tar),Dry,No influence on accident,Clear,National Highway,BUS STOP,10 m,0.0,0.0
Bengaluru Dist,Madanayakanahally PS,1.04422e+16,2016,1,1,Road Accidents,Other,Rural Areas,Near Bus stop,Human Error,No,Fatal,Hit pedestrian,Not at  Junction,Others,NH,Bitumen(Tar),Dry,No influence on accident,Clear,National Highway,NEAR DABA,100 MT,0.0,0.0
Bengaluru Dist,Madanayakanahally PS,1.04422e+16,2016,1,2,Road Accidents,Other,Rural Areas,Near or inside a village,Human Error,Yes,Damage Only,Others,Not Applicable,Not Applicable,Village Road,Bitumen(Tar),Dry,Not Applicable,Fine,RURAL AREA,NEAR VODAPHONE COMPANY,03 KM,0.0,0.0
Bengaluru Dist,Madanayakanahally PS,1.04422e+16,2016,1,1,Road Accidents,Other,Rural Areas,Near or inside a village,Not Applicable,Yes,Fatal,Others,Not Applicable,Not Applicable,Village Road,Not Applicable,Not Applicable,Not Applicable,Not Applicable,THAVREKEREE MALLASANDRA  ROAD,NEAR MALLASANDRA,15 KM,0.0,0.0
Bengaluru Dist,Madanayakanahally PS,1.04422e+16,2016,1,1,Road Accidents,Other,Rural Areas,Near Bus stop,Human Error,No,Grievous Injury,Others,Not Applicable,Others,State Highway,Bitumen(Tar),Dry,Not Applicable,Fine,MACHOHALLI CORSS,MAGADI RAOD,15,0.0,0.0
Bengaluru Dist,Madanayakanahally PS,1.04422e+16,2016,1,2,Road Accidents,Other,City/Town,Near or inside a village,Human Error,No,Grievous Injury,Others,Not at  Junction,Not Applicable,City or Town Road,Bitumen(Tar),Not Applicable,Not Applicable,Others,JAYALAKSHMI MOTORS SHOW ROOM,NEAR MAKALI,1,0.0,0.0
Bengaluru Dist,Madanayakanahally PS,1.04422e+16,2016,1,1,Road Accidents,Other,City/Town,Near Bus stop,Human Error,No,Grievous Injury,Others,Not at  Junction,Others,Service Road,Bitumen(Tar),Not Applicable,Not Applicable,Others,NLM BLR NH-4 SERVICE ROAD,NEAR ANCHEPALYA BUS STOP,2,0.0,0.0
Bengaluru Dist,Madanayakanahally PS,1.04422e+16,2016,1,1,Road Accidents,Other,City/Town,Open area,Human Error,No,Simple Injury,Others,Not at  Junction,Others,Expressway,Bitumen(Tar),Not Applicable,Not Applicable,Others,TUM BLR NH-4 EXPRESS HIGHWAY,OPPT JINDAL COMPANY ROAD,2,0.0,0.0
Bengaluru Dist,Madanayakanahally PS,1.04422e+16,2016,1,1,Road Accidents,Other,Rural Areas,Open area,Human Error,No,Grievous Injury,Others,Not Applicable,Curve,Mixed,Bitumen(Tar),Dry,Not Applicable,Cloudy,RURAL ROAD TO NH 4 CROSSING,NH 4 CROSS,2,0.0,0.0
Bengaluru Dist,Madanayakanahally PS,1.04422e+16,2016,1,2,Road Accidents,Other,Rural Areas,Near or inside a village,Human Error,Yes,Fatal,Hit and Run,Not Applicable,Not Applicable,Two way,Bitumen(Tar),Dry,Not Applicable,Fine,RURAL AREAS,SONDEKOPPA NEAR GOV SHCOOL,12 KM,0.0,0.0
Bengaluru Dist,Madanayakanahally PS,1.04422e+16,2016,1,1,Road Accidents,Other,Rural Areas,Near Bus stop,Not Applicable,No,Grievous Injury,Not Applicable,Not Applicable,Others,Village Road,Bitumen(Tar),Not Applicable,Not Applicable,Fine,LAKSHMIPURA ROAD,MAGADI ROAD,3,0.0,0.0
Bengaluru Dist,Madanayakanahally PS,1.04422e+16,2016,1,2,Road Accidents,Bridge,Rural Areas,Near Bus stop,Human Error,Yes,Grievous Injury,Others,Not Applicable,Others,NH,Bitumen(Tar),Dry,Not Applicable,Fine,NEAR JNDAL PLYOVER,NH 4,4,0.0,0.0
Bengaluru Dist,Madanayakanahally PS,1.04422e+16,2016,1,2,Road Accidents,Narrow road,Rural Areas,Near or inside a village,Human Error,No,Fatal,Head on,Not at  Junction,Others,Village Road,Bitumen(Tar),Dry,No influence on accident,Cloudy,CHIKKAGOLLARAHATTI- KACHOHALLI ROAD,NEAR DODDALADAMARA,100 FT,0.0,0.0