DISTRICTNAME,UNITNAME,Crime_No,Year,RI,Noofvehicle_involved,Accident_Classification,Accident_Spot,Accident_Location,Accident_SubLocation,Main_Cause,Hit_Run,Severity,Collision_Type,Junction_Control,Road_Character,Road_Type,Surface_Type,Surface_Condition,Road_Condition,Weather,Accident_Road,Landmark_first,Distance_LandMark_First,Latitude,Longitude
Bengaluru Dist,Madanayakanahally PS,1.04422e+16,2016,1,2,Road Accidents,Other,Rural Areas,Near Bus stop,Human Error,Not Applicable,Grievous Injury,Others,Not Applicable,Not Applicable,Major District Road,Bitumen(Tar),Dry,Not Applicable,Fine,RURAL AREA,NEAR BUS STAP,8,0.0,0.0
Bengaluru Dist,Madanayakanahally PS,1.04422e+16,2016,1,2,Road Accidents,Narrow road,Rural Areas,Near a religious place,Human Error,No,Fatal,Others,Not Applicable,Not Applicable,NH,Bitumen(Tar),Dry,No influence on accident,Not Applicable,NLM-BLR NH4 SERVICE ROAD,NEAR ANJANEYA TEMPLE,50 FT,0.0,0.0
Bengaluru Dist,Madanayakanahally PS,1.04422e+16,2016,1,2,Road Accidents,Narrow road,City/Town,Near Bus stop,Human Error,No,Fatal,Others,Not at  Junction,Not Applicable,NH,Bitumen(Tar),Dry,No influence on accident,Fine,Tumakuru-Bengaluru NH 4 Express Road,Near Bus stop,200mtr,0.0,0.0
Bengaluru Dist,Madanayakanahally PS,1.04422e+16,2016,1,1,Road Accidents,Narrow road,City/Town,Open area,Human Error,No,Fatal,Side swipe,Not at  Junction,Not Applicable,Others,Bitumen(Tar),Dry,No influence on accident,Fine,"Mysooru Road - Tumakuru Road, Nice Road",Near Gangondanahalli Lake,3 Km,0.0,0.0
Bengaluru Dist,Madanayakanahally PS,1.04422e+16,2016,1,2,Road Accidents,Other,Not Applicable,Residential area,Human Error,No,Grievous Injury,Others,Uncontrolled,Not Applicable,Village Road,Bitumen(Tar),Not Applicable,Not Applicable,Not Applicable,other road,near Janapriya township,13 km,0.0,0.0
Bengaluru Dist,Madanayakanahally PS,1.04422e+16,2016,1,1,Road Accidents,Other,Rural Areas,Near Bus stop,Human Error,No,Fatal,Hit pedestrian,Not at  Junction,Not Applicable,State Highway,Bitumen(Tar),Dry,No influence on accident,Fine,Magadi-Bengaluru Main Road,Near Bus stop,12 Km,0.0,0.0
Bengaluru Dist,Madanayakanahally PS,1.04422e+16,2016,1,1,Road Accidents,Narrow road,Rural Areas,Near a religious place,Human Error,Yes,Fatal,Not Applicable,Uncontrolled,Not Applicable,State Highway,Bitumen(Tar),Dry,No influence on accident,Fine,MGD-BLR MAIN ROAD SH,NEAR HULIYURAMMA TEMPLE,50 FT,0.0,0.0
Bengaluru Dist,Madanayakanahally PS,1.04422e+16,2016,1,2,Road Accidents,Narrow road,Rural Areas,Near Bus stop,Human Error,No,Grievous Injury,Head on,Controlled,Not Applicable,NH,Not Applicable,Not Applicable,No influence on accident,Clear,VIVIDHYA HOTEL,VIVDHYA HOTEL,50 MTR,0.0,0.0
Bengaluru Dist,Madanayakanahally PS,1.04422e+16,2016,1,2,Road Accidents,Other,Rural Areas,Open area,Not Applicable,No,Damage Only,Not Applicable,Not Applicable,Others,NH,Bitumen(Tar),Others,Not Applicable,Fine,NEAR JINDAL UNDER PASS,NH4 SERVICE ROAD,4 KMS,0.0,0.0
Bengaluru Dist,Madanayakanahally PS,1.04422e+16,2016,1,1,Road Accidents,Other,City/Town,Open area,Human Error,No,Damage Only,Others,Not at  Junction,Others,City or Town Road,Bitumen(Tar),Not Applicable,Not Applicable,Others,"NICE ROAD, MADAVARA",NEAR MADAVARA,1,0.0,0.0
Bengaluru Dist,Madanayakanahally PS,1.04422e+16,2016,1,2,Road Accidents,Other,Rural Areas,Near or inside a village,Human Error,No,Grievous Injury,Others,Uncontrolled,Not Applicable,Village Road,Bitumen(Tar),Dry,Not Applicable,Not Applicable,village road,Sigehalli gate,12 km,0.0,0.0
Bengaluru Dist,Madanayakanahally PS,1.04422e+16,2016,1,2,Road Accidents,Other,City/Town,Near or inside a village,Human Error,Yes,Fatal,Others,Uncontrolled,Not Applicable,Others,Bitumen(Tar),Not Applicable,Not Applicable,Fine,NICE road,Near Nandishwara layout cross,6 km,0.0,0.0
Bengaluru Dist,Madanayakanahally PS,1.04422e+16,2016,1,1,Road Accidents,Other,Not Applicable,Open area,Not Applicable,No,Grievous Injury,Others,Not Applicable,Others,Village Road,Concrete,Dry,Not Applicable,Fine,HUSKURU ROAD,NEAR MAKALI JP DISTRELERY,2,0.0,0.0
Bengaluru Dist,Madanayakanahally PS,1.04422e+16,2016,1,2,Road Accidents,Offset,Rural Areas,Near Bus stop,Human Error,Yes,Grievous Injury,Others,Not Applicable,Others,Others,Bitumen(Tar),Dry,Not Applicable,Clear,CHIKKABIDARAKALLU,LAYOUT MAIN ROAD,5 KMS,0.0,0.0
Bengaluru Dist,Madanayakanahally PS,1.04422e+16,2016,1,2,Road Accidents,Other,Rural Areas,Near or inside a village,Human Error,No,Simple Injury,Others,Not Applicable,Not Applicable,Village Road,Bitumen(Tar),Dry,Pot holed,Fine,RURAL AREAS,GOLDEN FORM RESART,04 KMS,0.0,0.0
Bengaluru Dist,Madanayakanahally PS,1.04422e+16,2016,1,2,Road Accidents,Narrow road,Not Applicable,Open area,Not Applicable,No,Fatal,Head on,Not Applicable,Not Applicable,NH,Not Applicable,Not Applicable,Not Applicable,Clear,NH4 ROAD,NEAR DEVANNANAPALYA,6 KM,0.0,0.0
Bengaluru Dist,Madanayakanahally PS,1.04422e+16,2016,1,2,Road Accidents,Other,Rural Areas,Open area,Human Error,No,Grievous Injury,Others,Not Applicable,Not Applicable,NH,Bitumen(Tar),Dry,Not Applicable,Fine,NH 4,NH 4 NELAMANGALA TO BENGALORE NH 4 SERVICE ROAD,1 KMS,0.0,0.0
Bengaluru Dist,Madanayakanahally PS,1.04422e+16,2016,1,2,Road Accidents,Other,Rural Areas,Open area,Not Applicable,No,Damage Only,Others,Not Applicable,Others,NH,Bitumen(Tar),Dry,Not Applicable,Clear,NH 4 EXPRESS RAOD,DASANAPURA,6 KMS,0.0,0.0
Bengaluru Dist,Madanayakanahally PS,1.04422e+16,2016,1,2,Road Accidents,Other,Rural Areas,Near Petrol Pump,Not Applicable,No,Damage Only,Others,Not Applicable,Others,NH,Bitumen(Tar),Not Applicable,Not Applicable,Others,TCI,NH 4,1,0.0,0.0
Bengaluru Dist,Madanayakanahally PS,1.04422e+16,2016,1,1,Not Applicable,Other,Rural Areas,Open area,Human Error,Yes,Grievous Injury,Others,Not Applicable,Others,NH,Bitumen(Tar),Dry,Not Applicable,Fine,NH 4,NH 4 MAKALI,2 KMS,0.0,0.0
Bengaluru Dist,Madanayakanahally PS,1.04422e+16,2016,1,2,Road Accidents,Other,Rural Areas,Near Bus stop,Human Error,No,Grievous Injury,Overturning,Not Applicable,Not Applicable,NH,Bitumen(Tar),Dry,Not Applicable,Fine,MADAVARA,NEAR BAS STAP,2,0.0,0.0
Bengaluru Dist,Madanayakanahally PS,1.04422e+16,2016,1,2,Road Accidents,Narrow road,City/Town,Near Bus stop,Not Applicable,Yes,Simple Injury,Others,Police / Manual,Straight and flat,Service Road,Bitumen(Tar),Dry,Not Applicable,Very Cold,service road,Bus stop,2 km,0.0,0.0
Bengaluru Dist,Madanayakanahally PS,1.04422e+16,2016,1,2,Road Accidents,Other,City/Town,Near Bus stop,Human Error,No,Grievous Injury,Others,Uncontrolled,Others,NH,Bitumen(Tar),Not Applicable,Not Applicable,Others,NH4 express road,near Madanayakanahalli bus stand,100mtr,0.0,0.0
Bengaluru Dist,Madanayakanahally PS,1.04422e+16,2016,1,2,Road Accidents,Other,City/Town,Open area,Human Error,No,Grievous Injury,Others,Not at  Junction,Not Applicable,State Highway,Bitumen(Tar),Not Applicable,Not Applicable,Others,BLR MAGADI MAIN ROAD,NEAR SIGEHALLI GATE,13,0.0,0.0
Bengaluru Dist,Madanayakanahally PS,1.04422e+16,2016,1,1,Road Accidents,Other,Rural Areas,Near or inside a village,Human Error,No,Grievous Injury,Others,Not Applicable,Not Applicable,Village Road,Bitumen(Tar),Dry,Not Applicable,Fine,RURAL AREAS,NEAR MANTRI LEYOUT,02 KM,0.0,0.0
Bengaluru Dist,Madanayakanahally PS,1.04422e+16,2016,1,1,Road Accidents,Other,Rural Areas,Near Bus stop,Human Error,No,Grievous Injury,Others,Not Applicable,Not Applicable,NH,Bitumen(Tar),Dry,Not Applicable,Fine,NH 4 SERVICE ROAD MADAVARA,MADAVARA,02 KMS,0.0,0.0
Bengaluru Dist,Madanayakanahally PS,1.04422e+16,2016,1,2,Road Accidents,Other,City/Town,Near Bus stop,Human Error,No,Damage Only,Others,Uncontrolled,Not Applicable,NH,Bitumen(Tar),Dry,Not Applicable,Very Cold,NH4 express road,Near Chikkabidrakallu,7 km,0.0,0.0
Bengaluru Dist,Madanayakanahally PS,1.04422e+16,2016,1,2,Road Accidents,Other,Rural Areas,Near or inside a village,Human Error,No,Grievous Injury,Others,Not Applicable,Not Applicable,Major District Road,Bitumen(Tar),Dry,Not Applicable,Fine,RURAL AREAS\,NEAR FOREST GATE,08 KM,0.0,0.0
Bengaluru Dist,Madanayakanahally PS,1.04422e+16,2016,1,1,Road Accidents,Narrow road,Rural Areas,At pedestrian Crossing,Human Error,Yes,Fatal,Hit pedestrian,Not at  Junction,Not Applicable,Village Road,Bitumen(Tar),Dry,No influence on accident,Others,Laxmipura-M.N.Halli Road,Near Shani Mahtma Temple,3 km,0.0,0.0
Bengaluru Dist,Madanayakanahally PS,1.04422e+16,2016,1,1,Road Accidents,Narrow road,Rural Areas,Open area,Human Error,Yes,Fatal,Others,Controlled,Not Applicable,NH,Not Applicable,Not Applicable,Not Applicable,Clear,NH 4,NEAR DEVANNANAPALYA,50 MTS,0.0,0.0
Bengaluru Dist,Madanayakanahally PS,1.04422e+16,2016,1,1,Road Accidents,Not Applicable,Villages settlement,Residential area,Human Error,No,Grievous Injury,Others,Not Applicable,Not Applicable,Village Road,Bitumen(Tar),Not Applicable,Not Applicable,Fine,MNHALLY,CHOULTRY ROAD,0.5 KM,0.0,0.0
Bengaluru Dist,Madanayakanahally PS,1.04422e+16,2016,1,2,Road Accidents,Other,Rural Areas,Near or inside a village,Human Error,No,Fatal,Others,Uncontrolled,Not Applicable,Village Road,Bitumen(Tar),Not Applicable,Not Applicable,Fine,other road,Near Mathahalli Munigangappa house,5km,0.0,0.0
Bengaluru Dist,Madanayakanahally PS,1.04422e+16,2016,1,2,Road Accidents,Other,Villages settlement,Open area,Human Error,Yes,Grievous Injury,Hit and Run,Not at  Junction,Others,Village Road,Bitumen(Tar),Dry,No influence on accident,Clear,VILLAGE ROAD,NEAR RESIDENCE,50 FT,0.0,0.0
Bengaluru Dist,Madanayakanahally PS,1.04422e+16,2016,1,1,Road Accidents,Not Applicable,Rural Areas,Residential area,Not Applicable,Yes,Fatal,Not Applicable,Not Applicable,Others,Village Road,Not Applicable,Others,Not Applicable,Others,NELAMANGALA BANGALORE NH4 ROAD,NEAR MAKALI BRIDGE,5 KM,0.0,0.0
Bengaluru Dist,Madanayakanahally PS,1.04422e+16,2016,1,2,Road Accidents,Other,City/Town,Near Bus stop,Human Error,No,Grievous Injury,Others,Uncontrolled,Not Applicable,Service Road,Bitumen(Tar),Others,Not Applicable,Snow,NH4 service road,near Dasanapura,8 km,0.0,0.0
Bengaluru Dist,Madanayakanahally PS,1.04422e+16,2016,1,2,Road Accidents,Other,City/Town,Open area,Human Error,No,Simple Injury,Others,Not at  Junction,Others,Service Road,Bitumen(Tar),Not Applicable,Not Applicable,Clear,"MADAVARA VILLAGE,BLR NLM NH-4 S.RD",NEAR NICE ROAD PLY OVER,1,0.0,0.0
Bengaluru Dist,Madanayakanahally PS,1.04422e+16,2016,1,2,Road Accidents,Narrow road,Rural Areas,Near Bus stop,Human Error,Yes,Damage Only,Others,Not Applicable,Others,NH,Bitumen(Tar),Dry,Not Applicable,Others,National Highway,NEAR BUS STOP,100 MT,0.0,0.0
Bengaluru Dist,Madanayakanahally PS,1.04422e+16,2016,1,2,Road Accidents,Bridge,Rural Areas,Open area,Not Applicable,No,Grievous Injury,Not Applicable,Not Applicable,Not Applicable,NH,Bitumen(Tar),Flooded,Not Applicable,Fine,NH 4,TCI,1,0.0,0.0
Bengaluru Dist,Madanayakanahally PS,1.04422e+16,2016,1,1,Road Accidents,Cross roads,Villages settlement,Residential area,Not Applicable,Yes,Fatal,Hit pedestrian,Not Applicable,Others,Village Road,Not Applicable,Others,Not Applicable,Others,MAGADI MAIN ROAD NEAR CHIKKAGOLARHATTI,NEAR SUPER  BAR,14 KM,0.0,0.0
Bengaluru Dist,Madanayakanahally PS,1.04422e+16,2016,1,1,Road Accidents,Narrow road,Rural Areas,Open area,Human Error,No,Damage Only,Head on,Controlled,Not Applicable,Others,Not Applicable,Not Applicable,No influence on accident,Clear,OTHER,SHOP,10 FT,0.0,0.0
Bengaluru Dist,Madanayakanahally PS,1.04422e+16,2016,1,3,Road Accidents,Other,Not Applicable,Near Bus stop,Human Error,No,Grievous Injury,Others,Uncontrolled,Not Applicable,NH,Bitumen(Tar),Dry,Not Applicable,Not Applicable,NH4 express road,near Dasanapura,6 km,0.0,0.0
Bengaluru Dist,Madanayakanahally PS,1.04422e+16,2016,1,1,Road Accidents,Other,Rural Areas,Near or inside a village,Human Error,No,Fatal,Others,Uncontrolled,Not Applicable,Village Road,Bitumen(Tar),Not Applicable,Not Applicable,Fine,other road,Near Thotagere Basavanna temple,10 km,0.0,0.0
Bengaluru Dist,Madanayakanahally PS,1.04422e+16,2016,1,2,Road Accidents,Other,Rural Areas,Near Bus stop,Human Error,Yes,Simple Injury,Others,Not at  Junction,Not Applicable,NH,Bitumen(Tar),Dry,Not Applicable,Fine,NH 4 HAIWAY,NEAR BUS STAP,2,0.0,0.0
Bengaluru Dist,Madanayakanahally PS,1.04422e+16,2016,1,2,Road Accidents,Other,Rural Areas,Near Bus stop,Not Applicable,No,Damage Only,Others,Not Applicable,Not Applicable,NH,Bitumen(Tar),Dry,Not Applicable,Fine,NH 4 NEAR CHIKKABIDARAKALLU,NH 4,5,0.0,0.0
Bengaluru Dist,Madanayakanahally PS,1.04422e+16,2016,1,1,Road Accidents,Not Applicable,Rural Areas,Open area,Human Error,Yes,Grievous Injury,Hit and Run,Not Applicable,Others,Service Road,Bitumen(Tar),Dry,Not Applicable,Fine,NH 4,NEAR DEVANNAPALYA,06 KMS,0.0,0.0
Bengaluru Dist,Madanayakanahally PS,1.04422e+16,2016,1,2,Road Accidents,Cross roads,Villages settlement,Near Bus stop,Vehicle Defect,No,Damage Only,Run Off Road,No signal lights,Others,NH,Bitumen(Tar),Dry,Not Applicable,Not Applicable,HUSKURU ROAD,HUSKURU ROAD,2,0.0,0.0
Bengaluru Dist,Madanayakanahally PS,1.04422e+16,2016,1,2,Road Accidents,Other,Rural Areas,Open area,Human Error,No,Simple Injury,Others,Not Applicable,Not Applicable,Others,Bitumen(Tar),Dry,Not Applicable,Clear,NICR ROAD GANGONDANAHAOLLI,NICR ROD,5,0.0,0.0
Bengaluru Dist,Madanayakanahally PS,1.04422e+16,2016,1,1,Road Accidents,Narrow road,Rural Areas,Near Bus stop,Human Error,No,Fatal,Not Applicable,Not at  Junction,Not Applicable,Expressway,Bitumen(Tar),Dry,No influence on accident,Others,BNG-TMK NH 4 EXPRS ROAD,NEAR BUS STOP,100 FT,0.0,0.0
Bengaluru Dist,Madanayakanahally PS,1.04422e+16,2016,1,1,Road Accidents,Other,Rural Areas,Near Petrol Pump,Human Error,No,Damage Only,Overturning,Not Applicable,Not Applicable,NH,Bitumen(Tar),Dry,Not Applicable,Fine,NH 4 SERVICE ROAD,NEAR PETROL BANK,01KM,0.0,0.0
Bengaluru Dist,Madanayakanahally PS,1.04422e+16,2016,1,1,Road Accidents,Not Applicable,Rural Areas,Residential area,Not Applicable,Yes,Fatal,Others,Not Applicable,Others,Village Road,Not Applicable,Others,Not Applicable,Others,MAGADI BANGALORE,NEAR MACHOHALLI GATE,15KM,0.0,0.0
Bengaluru Dist,Madanayakanahally PS,1.04422e+16,2016,1,3,Road Accidents,Other,Villages settlement,Near office complex,Human Error,No,Grievous Injury,Others,Not at  Junction,Others,NH,Bitumen(Tar),Dry,No influence on accident,Clear,National Highway,COMPLEX,100 FT,0.0,0.0
Bengaluru Dist,Madanayakanahally PS,1.04422e+16,2016,1,1,Road Accidents,Other,Rural Areas,Open area,Human Error,Not Applicable,Grievous Injury,Others,Not Applicable,Others,Village Road,Bitumen(Tar),Dry,Not Applicable,Clear,NEAR MADAVARA,NEAR NH4,2 KMS,0.0,0.0
Bengaluru Dist,Madanayakanahally PS,1.04422e+16,2016,1,1,Road Accidents,Narrow road,Rural Areas,Open area,Human Error,Yes,Grievous Injury,Head on,Controlled,Not Applicable,NH,Not Applicable,Not Applicable,Not Applicable,Clear,NH4,NEAR DEVANNANAPALYA,100 MT,0.0,0.0
Bengaluru Dist,Madanayakanahally PS,1.04422e+16,2016,1,2,Road Accidents,Narrow road,Rural Areas,Near Petrol Pump,Human Error,No,Fatal,Rear end,Not at  Junction,Not Applicable,State Highway,Bitumen(Tar),Not Applicable,No influence on accident,Cloudy,MGD-BLR MAIN ROAD SH,NEAR PETROL PUMP,150 FT,0.0,0.0
Bengaluru Dist,Madanayakanahally PS,1.04422e+16,2016,1,3,Road Accidents,Narrow road,Rural Areas,Open area,Human Error,Yes,Grievous Injury,Head on,Controlled,Not Applicable,NH,Not Applicable,Not Applicable,No influence on accident,Clear,NH4,OPP PRABHANAGARA,20 FT,0.0,0.0
Bengaluru Dist,Madanayakanahally PS,1.04422e+16,2016,1,1,Road Accidents,Other,City/Town,Open area,Human Error,No,Grievous Injury,Others,Not at  Junction,Others,Expressway,Bitumen(Tar),Not Applicable,Not Applicable,Others,NLM BLR NU-4 EXPRESS ROAD,NEAR TCI UNDERPASS,01-Feb,0.0,0.0
Bengaluru Dist,Madanayakanahally PS,1.04422e+16,2016,1,2,Road Accidents,Bottleneck,Rural Areas,Near a religious place,Human Error,No,Fatal,Hit bicyclist,Not at  Junction,Not Applicable,State Highway,Bitumen(Tar),Dry,No influence on accident,Fine,Magadi-Bengaluru Main Road,Raj Rajeshwari Chowtry,12 Km,0.0,0.0
Bengaluru Dist,Madanayakanahally PS,1.04422e+16,2016,1,2,Road Accidents,Other,Villages settlement,Near or inside a village,Human Error,No,Fatal,Head on,Not Applicable,Others,Village Road,Bitumen(Tar),Dry,No influence on accident,Clear,Magadi Road,NEAR SCHOOL,100 MT,0.0,0.0
Bengaluru Dist,Madanayakanahally PS,1.04422e+16,2016,1,1,Road Accidents,Other,City/Town,Near Bus stop,Human Error,No,Grievous Injury,Others,Uncontrolled,Others,Service Road,Bitumen(Tar),Not Applicable,Not Applicable,Very Cold,NH4 service road,near Madanayakanahalli bus stand,1/2 km,0.0,0.0
Bengaluru Dist,Madanayakanahally PS,1.04422e+16,2016,1,2,Road Accidents,Other,Rural Areas,Near Bus stop,Human Error,No,Simple Injury,Others,Not Applicable,Others,NH,Bitumen(Tar),Dry,Not Applicable,Clear,NH 4 EXPRESS RAOD,NH 4 ANCEPALYA,4 KMS,0.0,0.0
Bengaluru Dist,Madanayakanahally PS,1.04422e+16,2016,1,2,Road Accidents,Narrow road,Rural Areas,Open area,Human Error,Yes,Grievous Injury,Side swipe,Controlled,Not Applicable,Others,Not Applicable,Not Applicable,No influence on accident,Clear,OTHER ROAD,HULLEGOWDANAHALLI,11,0.0,0.0
Bengaluru Dist,Madanayakanahally PS,1.04422e+16,2016,1,2,Road Accidents,Not Applicable,Not Applicable,Near Bus stop,Not Applicable,No,Damage Only,Others,Not Applicable,Others,State Highway,Bitumen(Tar),Dry,Not Applicable,Not Applicable,MAGADI ROAD,NEAR MACHOAHALLI,15 KMS,0.0,0.0
Bengaluru Dist,Madanayakanahally PS,1.04422e+16,2016,1,1,Road Accidents,Not Applicable,Rural Areas,Near Bus stop,Human Error,Yes,Grievous Injury,Others,Not Applicable,Others,NH,Bitumen(Tar),Dry,Not Applicable,Cloudy,NEAR MADANAYAKANAHALLI,NH 4,0.5 KM,0.0,0.0
Bengaluru Dist,Madanayakanahally PS,1.04422e+16,2016,1,2,Road Accidents,Other,Villages settlement,Near Bus stop,Human Error,No,Damage Only,Others,Not at  Junction,Others,NH,Bitumen(Tar),Dry,No influence on accident,Clear,National Highway,BUS STOP,100 FT,0.0,0.0
Bengaluru Dist,Madanayakanahally PS,1.04422e+16,2016,1,1,Road Accidents,Not Applicable,Rural Areas,Affected by encroachments,Not Applicable,No,Grievous Injury,Others,Not Applicable,Others,Others,Not Applicable,Dry,Not Applicable,Others,NICE ROAD MADAVARA,NICE ROAD TOLL,2,0.0,0.0
Bengaluru Dist,Madanayakanahally PS,1.04422e+16,2016,1,2,Road Accidents,Not Applicable,Villages settlement,Open area,Human Error,Yes,Simple Injury,Others,Not Applicable,Others,State Highway,Bitumen(Tar),Dry,Not Applicable,Clear,NEAR MACHOHALLI CROSS,MAGADI RAOD,15KMS,0.0,0.0
Bengaluru Dist,Madanayakanahally PS,1.04422e+16,2016,1,2,Road Accidents,Cross roads,Rural Areas,Open area,Human Error,No,Grievous Injury,Not Applicable,Not Applicable,Curve,Village Road,Bitumen(Tar),Dry,Not Applicable,Clear,KUDUREGERE TO NH 4 SERIVECE ROAD CIRCEL,CROSSING,2 KMS,0.0,0.0
Bengaluru Dist,Madanayakanahally PS,1.04422e+16,2016,1,1,Road Accidents,Not Applicable,Rural Areas,Near Bus stop,Human Error,No,Grievous Injury,Others,Not Applicable,Others,NH,Bitumen(Tar),Dry,Not Applicable,Clear,NH 4 ROAD,EXPRESS ROAD,1,0.0,0.0
Bengaluru Dist,Madanayakanahally PS,1.04422e+16,2016,1,2,Road Accidents,Other,Rural Areas,Near or inside a village,Human Error,Yes,Grievous Injury,Hit and Run,Not Applicable,Not Applicable,Village Road,Bitumen(Tar),Dry,Not Applicable,Fine,RURAL AREAS,NEAR SONDEKOPPA LAKE,12KM,0.0,0.0
Bengaluru Dist,Madanayakanahally PS,1.04422e+16,2016,1,1,Road Accidents,Other,Rural Areas,Near Bus stop,Human Error,Yes,Simple Injury,Hit pedestrian,Not Applicable,Not Applicable,Minor District Road,Bitumen(Tar),Dry,Not Applicable,Fine,RURAL AREAS,NEAR BAS STAP,9,0.0,0.0
Bengaluru Dist,Madanayakanahally PS,1.04422e+16,2016,1,1,Road Accidents,Curves,Not Applicable,Near Bus stop,Not Applicable,No,Grievous Injury,Others,Not Applicable,Others,Village Road,Bitumen(Tar),Dry,Not Applicable,Fine,NEAR DOMBARAHALLI,DOMBARHALLI,3KMS,0.0,0.0
Bengaluru Dist,Madanayakanahally PS,1.04422e+16,2016,1,1,Road Accidents,Other,Villages settlement,Near Bus stop,Human Error,No,Grievous Injury,Others,Not Applicable,Others,Village Road,Bitumen(Tar),Dry,No influence on accident,Others,VILLAGE ROAD,BUS STOP,100 FT,0.0,0.0
Bengaluru Dist,Madanayakanahally PS,1.04422e+16,2016,1,2,Road Accidents,Other,Rural Areas,Near or inside a village,Human Error,Yes,Grievous Injury,Others,Not Applicable,Not Applicable,Village Road,Bitumen(Tar),Dry,Not Applicable,Fine,RURAL AREA,NEAR GOLDEN FORM HOTEL,04 KM,0.0,0.0
Bengaluru Dist,Madanayakanahally PS,1.04422e+16,2016,1,2,Road Accidents,Narrow road,Rural Areas,Near Bus stop,Human Error,No,Grievous Injury,Head on,Controlled,Not Applicable,NH,Not Applicable,Not Applicable,Not Applicable,Clear,NH4 SERVICE ROAD,NEAR ANCHEPALYA BUSSTOP,3,0.0,0.0
Bengaluru Dist,Madanayakanahally PS,1.04422e+16,2016,1,1,Road Accidents,Narrow road,Rural Areas,Near Bus stop,Human Error,No,Fatal,Others,Not at  Junction,Others,State Highway,Bitumen(Tar),Dry,No influence on accident,Cloudy,MGD-BLR MAIN ROAD SH,NEAR ANJANEYA TEMPLE,50 FT,0.0,0.0
Bengaluru Dist,Madanayakanahally PS,1.04422e+16,2016,1,1,Road Accidents,Other,Rural Areas,Near or inside a village,Human Error,Yes,Simple Injury,Hit pedestrian,Not Applicable,Not Applicable,Village Road,Bitumen(Tar),Dry,Not Applicable,Fine,RURAL AREAS,NEAR VYKUNTABAR,05 KMS,0.0,0.0
Bengaluru Dist,Madanayakanahally PS,1.04422e+16,2016,1,1,Road Accidents,Not Applicable,Rural Areas,Open area,Human Error,No,Grievous Injury,Others,Not Applicable,Not Applicable,Others,Bitumen(Tar),Dry,Not Applicable,Fine,NICR ROAD GANGONDANAHAOLLI,NICE ROAD BIRDG,10 KMS,0.0,0.0
Bengaluru Dist,Madanayakanahally PS,1.04422e+16,2016,1,2,Road Accidents,Other,Rural Areas,Near or inside a village,Human Error,No,Damage Only,Others,Not at  Junction,Not Applicable,Village Road,Bitumen(Tar),Dry,Not Applicable,Fine,RURAL AREAS,NEAR WORLFOOL GODAN,3,0.0,0.0
Bengaluru Dist,Madanayakanahally PS,1.04422e+16,2016,1,3,Road Accidents,Narrow road,Rural Areas,Open area,Not Applicable,No,Damage Only,Not Applicable,Not Applicable,Not Applicable,NH,Bitumen(Tar),Dry,Not Applicable,Clear,N4 4 EXPRESS ROAD,DEVANNAPALYA PLYOVER,5 KMS,0.0,0.0
Bengaluru Dist,Madanayakanahally PS,1.04422e+16,2016,1,2,Road Accidents,Other,Rural Areas,Near Bus stop,Human Error,No,Fatal,Others,Not Applicable,Others,NH,Bitumen(Tar),Dry,No influence on accident,Clear,National Highway,BUS STOP,100 FT,0.0,0.0
Bengaluru Dist,Madanayakanahally PS,1.04422e+16,2016,1,3,Road Accidents,Other,Rural Areas,Open area,Not Applicable,Not Applicable,Damage Only,Others,Not Applicable,Not Applicable,NH,Bitumen(Tar),Dry,Not Applicable,Cloudy,NEAR MNHALLI,NH4,NH4,0.0,0.0
Bengaluru Dist,Madanayakanahally PS,1.04422e+16,2016,1,2,Road Accidents,Not Applicable,Villages settlement,Open area,Not Applicable,Yes,Grievous Injury,Not Applicable,Not Applicable,Others,NH,Bitumen(Tar),Dry,Not Applicable,Fine,NEAR BHORUK SCHOOL BNG-NEL NH4 SERVICE ROAD,TCI,1,0.0,0.0
Bengaluru Dist,Madanayakanahally PS,1.04422e+16,2016,1,2,Road Accidents,Other,City/Town,Open area,Human Error,No,Grievous Injury,Others,Not Applicable,Not Applicable,Village Road,Bitumen(Tar),Dry,Not Applicable,Clear,LAKSHMIPURA-MNHALLI MAIN ROAD,MADANAYAKANAHALLI,0.5 KM,0.0,0.0
Bengaluru Dist,Madanayakanahally PS,1.04422e+16,2016,1,2,Road Accidents,Narrow road,Rural Areas,Open area,Human Error,Yes,Grievous Injury,Hit and Run,Controlled,Not Applicable,Others,Not Applicable,Not Applicable,No influence on accident,Clear,OTHER,near rashi residency,50 MTR,0.0,0.0
Bengaluru Dist,Madanayakanahally PS,1.04422e+16,2016,1,2,Road Accidents,Offset,City/Town,Open area,Human Error,No,Grievous Injury,Others,Not at  Junction,Others,Service Road,Bitumen(Tar),Not Applicable,Not Applicable,Others,MAGADI BLR MAIN ROAD,NEAR MACHOHALLI GATE,12,0.0,0.0
Bengaluru Dist,Madanayakanahally PS,1.04422e+16,2016,1,2,Road Accidents,Other,City/Town,Near or inside a village,Human Error,No,Grievous Injury,Others,Not at  Junction,Others,Village Road,Bitumen(Tar),Not Applicable,Not Applicable,Others,MNHALLI LAKSHMIPURA MAIN ROAD,OPPT SAIRANGANATHA HARDWARE SHOP,2,0.0,0.0
Bengaluru Dist,Madanayakanahally PS,1.04422e+16,2016,1,2,Road Accidents,Other,City/Town,Near office complex,Human Error,Yes,Damage Only,Others,Not at  Junction,Not Applicable,Village Road,Bitumen(Tar),Not Applicable,Not Applicable,Others,HEGGADADEVANAPURA NH-4 ROAD TO HUSKURU ROAD,OPPT NSIR COMPANY,6,0.0,0.0
Bengaluru Dist,Madanayakanahally PS,1.04422e+16,2016,1,2,Road Accidents,Other,Villages settlement,Near office complex,Human Error,No,Grievous Injury,Others,Not at  Junction,Others,Village Road,Bitumen(Tar),Not Applicable,Not Applicable,Others,SIGEHALLI GATE,NEAR SB ARTIST STICKER CUTTING SHOP,13,0.0,0.0
Bengaluru Dist,Madanayakanahally PS,1.04422e+16,2016,1,1,Road Accidents,Not Applicable,Rural Areas,Open area,Human Error,No,Grievous Injury,Others,Not Applicable,Others,NH,Bitumen(Tar),Dry,Not Applicable,Clear,NEAR MADANAYAKANAHALLI,NH4,05 KMS,0.0,0.0