DISTRICTNAME,UNITNAME,Crime_No,Year,RI,Noofvehicle_involved,Accident_Classification,Accident_Spot,Accident_Location,Accident_SubLocation,Main_Cause,Hit_Run,Severity,Collision_Type,Junction_Control,Road_Character,Road_Type,Surface_Type,Surface_Condition,Road_Condition,Weather,Accident_Road,Landmark_first,Distance_LandMark_First,Latitude,Longitude
Bengaluru Dist,Madanayakanahally PS,1.04422e+16,2019,1,2,Road Accidents,Narrow road,Rural Areas,Residential area,Human Error,No,Grievous Injury,Hit bicyclist,Not Applicable,Not Applicable,Residential Street,Bitumen(Tar),Dry,No influence on accident,Clear,Makali-Huskuru Road,Near Nisarga Layout,5 km,13.071153,77.452695
Bengaluru Dist,Madanayakanahally PS,1.04422e+16,2019,1,2,Road Accidents,Cross roads,Rural Areas,Open area,Human Error,Yes,Fatal,Vehicle to Vehicle,Controlled,Not Applicable,State Highway,Bitumen(Tar),Dry,Not Applicable,Clear,"Magadi Main road,",Machohalli Gate,15 KMS,12.990956,77.454637
Bengaluru Dist,Madanayakanahally PS,1.04422e+16,2019,1,2,Road Accidents,Narrow road,Rural Areas,Near School or College,Human Error,No,Grievous Injury,Vehicle to Vehicle,Not at  Junction,Not Applicable,Others,Concrete,Dry,No influence on accident,Others,Makali-Heggadadevanapura Road,School,150ft,13.067954,77.452164
Bengaluru Dist,Madanayakanahally PS,1.04422e+16,2019,1,2,Road Accidents,Narrow road,Rural Areas,Open area,Not Applicable,No,Fatal,Vehicle to Vehicle,Not Applicable,Others,Others,Bitumen(Tar),Dry,Not Applicable,Clear,Rampalya Road,Near Huskuru Bus Staop,500m,13.120734,77.42422
Bengaluru Dist,Madanayakanahally PS,1.04422e+16,2019,1,1,Road Accidents,Narrow road,Rural Areas,Near office complex,Human Error,Not Applicable,Grievous Injury,Not Applicable,Not at  Junction,Others,State Highway,Bitumen(Tar),Dry,No influence on accident,Clear,Bangalore-Magadi Road,Infront Of Manjushree Complex,15 km,12.984998,77.444754
Bengaluru Dist,Madanayakanahally PS,1.04422e+16,2019,1,2,Road Accidents,Narrow road,Rural Areas,Near Bus stop,Human Error,No,Grievous Injury,Vehicle to Vehicle,Uncontrolled,Not Applicable,State Highway,Bitumen(Tar),Dry,Not Applicable,Clear,SH,Magadi Road,10,12.99182,77.459952
Bengaluru Dist,Madanayakanahally PS,1.04422e+16,2019,1,1,Road Accidents,Narrow road,Rural Areas,Open area,Not Applicable,Not Applicable,Simple Injury,Hit pedestrian,No signal lights,Not Applicable,Sub Arterial,Bitumen(Tar),Dry,Not Applicable,Clear,Kokuyo Camlin Ltd Goden,Kokuyo Camlin Ltd Goden,3 Kms,13.066218,77.440107
Bengaluru Dist,Madanayakanahally PS,1.04422e+16,2019,1,2,Road Accidents,Narrow road,Rural Areas,Open area,Not Applicable,Not Applicable,Grievous Injury,Vehicle to Vehicle,Not Applicable,Others,Others,Bitumen(Tar),Dry,Not Applicable,Clear,Gopalpura-Thotagere Road,Thotagere Near Manjunatha Land,1/2 KM,13.147521,77.4424079
Bengaluru Dist,Madanayakanahally PS,1.04422e+16,2019,1,1,Road Accidents,Narrow road,City/Town,Near Bus stop,Human Error,No,Grievous Injury,Hit pedestrian,Uncontrolled,Straight and flat,State Highway,Bitumen(Tar),Dry,No influence on accident,Clear,Kachohally Gate,kachohally Bus Stop,11 KM,12.995351,77.4710449
Bengaluru Dist,Madanayakanahally PS,1.04422e+16,2019,1,2,Road Accidents,Bottleneck,Rural Areas,Near Bus stop,Not Applicable,No,Fatal,Vehicle to Vehicle,Stop sign,Incline,State Highway,Bitumen(Tar),Dry,Not Applicable,Clear,"Makali-Huskuru ROad, Pillahaly Bus Stop",Pallahally Bus Stop,0.5 Km,13.106185,77.445016
Bengaluru Dist,Madanayakanahally PS,1.04422e+16,2019,1,1,Road Accidents,Not Applicable,Rural Areas,Near a factory industrial area,Human Error,Not Applicable,Grievous Injury,Not Applicable,Not at  Junction,Others,Others,Not Applicable,Others,No influence on accident,Clear,Kachohalli Industrial area,Infront of Shri Sai enterpreses,12 km,13.000582,77.4706839
Bengaluru Dist,Madanayakanahally PS,1.04422e+16,2019,1,2,Road Accidents,Cross roads,Rural Areas,Near Hospital,Human Error,Yes,Fatal,Vehicle to Vehicle,Not at  Junction,Curve,Others,Bitumen(Tar),Dry,Not Applicable,Clear,"Kadabagere Cross, Ganesh Medicle Near",Ganesh Medicle Near,100mtr,12.989242,77.44896
Bengaluru Dist,Madanayakanahally PS,1.04422e+16,2019,1,2,Road Accidents,Other,Not Applicable,Near a factory industrial area,Not Applicable,Not Applicable,Simple Injury,Others,Not Applicable,Others,State Highway,Bitumen(Tar),Dry,Not Applicable,Clear,Kachohally-Gangondanahally Road,Near R v Granaitee Factory,1 km,12.990532,77.468992
Bengaluru Dist,Madanayakanahally PS,1.04422e+16,2019,1,2,Road Accidents,Narrow road,Rural Areas,Near Bus stop,Human Error,No,Fatal,Vehicle to Vehicle,Not at  Junction,Straight and flat,State Highway,Bitumen(Tar),Dry,Not Applicable,Fine,SH,near sigehalli gate,10,12.984116,77.44396
Bengaluru Dist,Madanayakanahally PS,1.04422e+16,2019,1,3,Road Accidents,Narrow road,Rural Areas,Near or inside a village,Not Applicable,No,Simple Injury,Vehicle to Vehicle,Not Applicable,Others,Others,Bitumen(Tar),Dry,Not Applicable,Clear,Makli-Huskur Road,Near Aluru Cricket Stadium,1km,13.04718,77.454496
Bengaluru Dist,Madanayakanahally PS,1.04422e+16,2019,1,1,Road Accidents,Narrow road,Rural Areas,Near a religious place,Human Error,Not Applicable,Grievous Injury,Hit pedestrian,Not at  Junction,Not Applicable,State Highway,Bitumen(Tar),Dry,No influence on accident,Clear,Magadi-Bangalore Main road,Near Anjeneya Temple Chikkgollarahatti,12km,12.989854,77.4637209
Bengaluru Dist,Madanayakanahally PS,1.04422e+16,2019,1,2,Road Accidents,Not Applicable,Rural Areas,Open area,Not Applicable,Yes,Grievous Injury,Not Applicable,Not Applicable,Curve,State Highway,Bitumen(Tar),Dry,Not Applicable,Clear,Kachohalli Road,Near Aladamara,12 KMs,12.993187,77.465405
Bengaluru Dist,Madanayakanahally PS,1.04422e+16,2019,1,2,Road Accidents,Narrow road,Rural Areas,Near Petrol Pump,Human Error,Yes,Grievous Injury,Vehicle to Vehicle,No signal lights,Curve and Incline,State Highway,Bitumen(Tar),Dry,No influence on accident,Fine,"Kadabagere Cross, Magadi Main Road",Near Bharath Petrol Bunk,10 m,12.992262,77.424834
Bengaluru Dist,Madanayakanahally PS,1.04422e+16,2019,1,2,Road Accidents,Curves,Rural Areas,Near or inside a village,Human Error,Yes,Grievous Injury,Vehicle to Vehicle,Not at  Junction,Curve,Two way,Bitumen(Tar),Dry,No influence on accident,Clear,Kachohalli-Magadi main Road,KM Motors,300ft,12.999149,77.470468
Bengaluru Dist,Madanayakanahally PS,1.04422e+16,2019,1,2,Road Accidents,Narrow road,Rural Areas,Near or inside a village,Human Error,No,Damage Only,Vehicle to Vehicle,Not at  Junction,Straight and flat,State Highway,Bitumen(Tar),Dry,No influence on accident,Clear,Makli-Huskur Road,Near Siri Vaine,3km,13.080301,77.450497
Bengaluru Dist,Madanayakanahally PS,1.04422e+16,2019,1,2,Road Accidents,Not Applicable,Rural Areas,Near office complex,Human Error,Yes,Fatal,Vehicle to Vehicle,Uncontrolled,Not Applicable,State Highway,Bitumen(Tar),Dry,Not Applicable,Clear,"Makali Huskur Road,",Galaxi gowdan,5 KMs,13.070163,77.452761
Bengaluru Dist,Madanayakanahally PS,1.04422e+16,2019,1,2,Road Accidents,Cross roads,Rural Areas,At pedestrian Crossing,Human Error,No,Grievous Injury,Vehicle to Vehicle,Not at  Junction,Others,Residential Street,Bitumen(Tar),Dry,No influence on accident,Clear,Makli-Huskur Road,Kodipalya Cross,8,13.091679,77.437786
Bengaluru Dist,Madanayakanahally PS,1.04422e+16,2019,1,1,Road Accidents,Narrow road,Rural Areas,Near or inside a village,Human Error,No,Fatal,Not Applicable,Not Applicable,Not Applicable,Others,Bitumen(Tar),Ditch or Potholed,Not Applicable,Cloudy,Chikka kukkanahalli,Near Nagaraju Godambi Thota,12,13.115093,77.475794
Bengaluru Dist,Madanayakanahally PS,1.04422e+16,2019,1,3,Road Accidents,Curves,Rural Areas,Near a factory industrial area,Human Error,No,Grievous Injury,Overturning,Not at  Junction,Curve,Others,Bitumen(Tar),Dry,No influence on accident,Clear,Gangondanahalli-Lakshmipura Road,Infront of Veerabadresvara Ganite,8 km,13.049688,77.419419
Bengaluru Dist,Madanayakanahally PS,1.04422e+16,2019,1,1,Road Accidents,Not Applicable,Rural Areas,Near Petrol Pump,Not Applicable,Not Applicable,Fatal,Not Applicable,Not Applicable,Not Applicable,Two way,Bitumen(Tar),Dry,Not Applicable,Clear,Nelamanagala Sondekoppa Road,Near petrol bunk,15kms,13.070392,77.444682
Bengaluru Dist,Madanayakanahally PS,1.04422e+16,2019,1,2,Road Accidents,Cross roads,Rural Areas,Narrow bridge or culverts,Not Applicable,Not Applicable,Simple Injury,Vehicle to Vehicle,Not Applicable,Others,Others,Bitumen(Tar),Dry,No influence on accident,Clear,Makli-Huskur Road,Near RMC Market,6 km,13.001933,77.440034
Bengaluru Dist,Madanayakanahally PS,1.04422e+16,2019,1,2,Not Applicable,Not Applicable,City/Town,Near a factory industrial area,Not Applicable,Not Applicable,Not Applicable,Not Applicable,Not Applicable,Others,State Highway,Bitumen(Tar),Dry,Not Applicable,Clear,Magadi Main Road,Shahi Garments Opposite,1/2 Km,12.989047,77.47147
Bengaluru Dist,Madanayakanahally PS,1.04422e+16,2019,1,1,Road Accidents,Not Applicable,Rural Areas,Near School or College,Human Error,No,Grievous Injury,Hit pedestrian,Uncontrolled,Not Applicable,State Highway,Bitumen(Tar),Dry,Not Applicable,Cloudy,Chikkagollarahatti,Near Embasis School,15 Kms,12.989706,77.466425
Bengaluru Dist,Madanayakanahally PS,1.04422e+16,2019,1,2,Road Accidents,Cross roads,Rural Areas,Near or inside a village,Human Error,No,Grievous Injury,Vehicle to Vehicle,Not at  Junction,Curve,Two way,Bitumen(Tar),Dry,No influence on accident,Clear,Kachohalli-Magadi main Road,KM Motors service station,500 ft,13.001352,77.469586
Bengaluru Dist,Madanayakanahally PS,1.04422e+16,2019,1,2,Road Accidents,Cross roads,Rural Areas,Near Bus stop,Not Applicable,No,Fatal,Vehicle to Vehicle,Not Applicable,Curve,Service Road,Bitumen(Tar),Dry,Not Applicable,Clear,"Makali-hyadalu Road, Doddipalya Cross",Near Doddipalya Cross,1/2 Km,13.074976,77.432984
Bengaluru Dist,Madanayakanahally PS,1.04422e+16,2019,1,1,Road Accidents,Not Applicable,Rural Areas,Residential area,Not Applicable,Not Applicable,Simple Injury,Not Applicable,Not Applicable,Others,State Highway,Not Applicable,Dry,Not Applicable,Clear,Metipalya-mallasandra Road,Thushar Dhaba Near,1 km,13.009881,77.419056
Bengaluru Dist,Madanayakanahally PS,1.04422e+16,2019,1,2,Road Accidents,Curves,Rural Areas,Open area,Human Error,No,Grievous Injury,Hit bicyclist,Not at  Junction,Curve and Incline,Village Road,Bitumen(Tar),Dry,No influence on accident,Clear,Kadaranahalli-Kammasandra Road,Near Channabasavaiah Land,8km,13.041414,77.4485109
Bengaluru Dist,Madanayakanahally PS,1.04422e+16,2019,1,1,Road Accidents,Cross roads,Rural Areas,Open area,Human Error,Yes,Simple Injury,Hit pedestrian,Controlled,Others,Others,Bitumen(Tar),Dry,Not Applicable,Clear,NELAMANGALA TO SONDEKOPPA ROAD,BUS STOP,10 FT,13.07496,77.393803
Bengaluru Dist,Madanayakanahally PS,1.04422e+16,2019,1,2,Road Accidents,Cross roads,Rural Areas,Residential area,Not Applicable,Yes,Grievous Injury,Vehicle to Vehicle,Not at  Junction,Curve,Others,Bitumen(Tar),Dry,Not Applicable,Clear,"Makali-Huskuru Road, Vaderahalli",Near Vaderahalli water Filter,1/2 KM,13.10525,77.443598
Bengaluru Dist,Madanayakanahally PS,1.04422e+16,2019,1,2,Road Accidents,Curves,City/Town,Near Hospital,Human Error,No,Simple Injury,Vehicle to Vehicle,Not at  Junction,Curve,State Highway,Bitumen(Tar),Dry,Not Applicable,Clear,"Bengaluru-Magadi Main Road, Machohalli Cross Near",Near Hospital,1/2 Km,12.99262,77.45221
Bengaluru Dist,Madanayakanahally PS,1.04422e+16,2019,1,2,Road Accidents,Cross roads,Rural Areas,Open area,Not Applicable,No,Simple Injury,Vehicle to Vehicle,Controlled,Curve,One way,Bitumen(Tar),Dry,Not Applicable,Clear,Kittanahalli Road,Kittanahalli Road,10,13.00951,77.419322
Bengaluru Dist,Madanayakanahally PS,1.04422e+16,2020,1,1,Road Accidents,Narrow road,Rural Areas,Near or inside a village,Human Error,Yes,Grievous Injury,Hit pedestrian,Not at  Junction,Straight and flat,Two way,Bitumen(Tar),Dry,No influence on accident,Clear,Janapriyatownship-Byndahalli Road,Byndahalli Cross,250 ft,12.996981,77.450899
Bengaluru Dist,Madanayakanahally PS,1.04422e+16,2020,1,2,Road Accidents,Cross roads,Rural Areas,Open area,Not Applicable,Yes,Grievous Injury,Hit bicyclist,Not Applicable,Others,One way,Bitumen(Tar),Dry,Not Applicable,Clear,Kithanhalli Byandanahalli Main Road,Kithanahalli byandanahalli Main Road,12 Kms,13.007523,77.442622
Bengaluru Dist,Madanayakanahally PS,1.04422e+16,2020,1,1,Road Accidents,Narrow road,Rural Areas,Near or inside a village,Human Error,No,Grievous Injury,Hit pedestrian,Not at  Junction,Straight and flat,Two way,Gravel,Dry,No influence on accident,Clear,Layout Road,KEB Pole,10 ft,13.067638,77.487929
Bengaluru Dist,Madanayakanahally PS,1.04422e+16,2020,1,2,Road Accidents,Curves,Rural Areas,Near School or College,Human Error,No,Simple Injury,Vehicle to Vehicle,Not at  Junction,Curve,Others,Bitumen(Tar),Dry,Not Applicable,Clear,Magadi Main Road,vani School Near,01-Feb,12.992968,77.46544
Bengaluru Dist,Madanayakanahally PS,1.04422e+16,2020,1,1,Road Accidents,Curves,Rural Areas,Near Bus stop,Not Applicable,No,Fatal,Hit pedestrian,Not at  Junction,Curve,Others,Bitumen(Tar),Dry,Not Applicable,Clear,Magadi Main Road,Hotel Near,1/2 KM,12.985241,77.443265
Bengaluru Dist,Madanayakanahally PS,1.04422e+16,2020,1,2,Road Accidents,Narrow road,Rural Areas,Near or inside a village,Human Error,No,Grievous Injury,Vehicle to Vehicle,Not at  Junction,Straight and flat,Two way,Bitumen(Tar),Dry,No influence on accident,Clear,Madanayakanahalli-Kuduregere Road,Beeralingeshwara provision store,10 ft,13.068448,77.476963
Bengaluru Dist,Madanayakanahally PS,1.04422e+16,2020,1,2,Road Accidents,Narrow road,Rural Areas,Near or inside a village,Human Error,No,Grievous Injury,Vehicle to Vehicle,Not at  Junction,Straight and flat,Two way,Concrete,Dry,No influence on accident,Clear,Bettanagere-Doddipalya,Muddaiah house,20 ft,13.108623,77.415276
Bengaluru Dist,Madanayakanahally PS,1.04422e+16,2020,1,1,Road Accidents,Not Applicable,Rural Areas,Open area,Not Applicable,No,Grievous Injury,Not Applicable,Give way sign,Hump,Forest Road,Bitumen(Tar),Dry,Not Applicable,Clear,"Magadi Main Road, Forest Gate",Near Forest Gate,10 Km,12.991739,77.4596249
Bengaluru Dist,Madanayakanahally PS,1.04422e+16,2020,1,1,Road Accidents,Narrow road,Rural Areas,Near or inside a village,Human Error,No,Grievous Injury,Hit pedestrian,Not at  Junction,Straight and flat,Two way,Bitumen(Tar),Ditch or Potholed,No influence on accident,Clear,Kadabagere-Bettahalli Road,Kadabagere village,0.5 km,13.009802,77.435197
Bengaluru Dist,Madanayakanahally PS,1.04422e+16,2020,1,1,Road Accidents,Cross roads,Rural Areas,Open area,Not Applicable,No,Simple Injury,Hit pedestrian,Not at  Junction,Curve,Others,Bitumen(Tar),Dry,Not Applicable,Clear,Madanayakanahalli-Kuduregere Road,Madanayakanahalli Kuduregere Road,1 Km,13.054166,77.447082
Bengaluru Dist,Madanayakanahally PS,1.04422e+16,2020,1,1,Road Accidents,Narrow road,Rural Areas,Near office complex,Human Error,Yes,Grievous Injury,Hit pedestrian,Not at  Junction,Straight and flat,Two way,Bitumen(Tar),Dry,No influence on accident,Clear,Makali-Huskur Road,TATA New Heaven Apartment,50 ft,13.020176,77.468725
Bengaluru Dist,Madanayakanahally PS,1.04422e+16,2020,1,2,Road Accidents,Narrow road,Rural Areas,Near Bus stop,Human Error,No,Damage Only,Vehicle to Vehicle,Not at  Junction,Straight and flat,Minor District Road,Bitumen(Tar),Dry,No influence on accident,Very Cold,Huskur Road,Golden palms Hotel,600 ft,13.000848,77.451112
Bengaluru Dist,Madanayakanahally PS,1.04422e+16,2020,1,1,Road Accidents,Circle,Rural Areas,Near Bus stop,Human Error,No,Simple Injury,Vehicle to Vehicle,Controlled,Others,State Highway,Bitumen(Tar),Dry,Not Applicable,Clear,MAGADI - BANGALORE MAIN ROAD,S L N GAS AGENCY,30 FT,12.994928,77.4357099
Bengaluru Dist,Madanayakanahally PS,1.04422e+16,2020,1,1,Road Accidents,Narrow road,City/Town,Near Bus stop,Human Error,No,Fatal,Hit pedestrian,Not at  Junction,Hump,Others,Bitumen(Tar),Dry,Not Applicable,Clear,Nelamangala-Thavarekere Road,Near Byregowdanahalli Bus Stop,1/2 KM,13.073159,77.43914
Bengaluru Dist,Madanayakanahally PS,1.04422e+16,2020,1,1,Road Accidents,Narrow road,Rural Areas,Open area,Not Applicable,No,Fatal,Not Applicable,Not Applicable,Others,Others,Bitumen(Tar),Dry,Not Applicable,Clear,BKNagara-Metipalya Road,Near Waterfilter,100 Mt,13.002912,77.407039
Bengaluru Dist,Madanayakanahally PS,1.04422e+16,2020,1,2,Road Accidents,Narrow road,City/Town,Near a factory industrial area,Not Applicable,No,Fatal,Vehicle to Vehicle,Not at  Junction,Others,Others,Bitumen(Tar),Dry,Not Applicable,Clear,Magadi Main Road,Near Shahi Garments,1,12.990528,77.4484
Bengaluru Dist,Madanayakanahally PS,1.04422e+16,2020,1,1,Road Accidents,Curves,Rural Areas,Near Hospital,Human Error,No,Grievous Injury,Not Applicable,Not at  Junction,Curve,Major District Road,Bitumen(Tar),Dry,No influence on accident,Clear,Nelamangala-Tavarekere Road,Hospital,50 ft,13.076463,77.430309
Bengaluru Dist,Madanayakanahally PS,1.04422e+16,2020,1,2,Road Accidents,Narrow road,Rural Areas,Near or inside a village,Human Error,No,Grievous Injury,Vehicle to Vehicle,Not at  Junction,Straight and flat,State Highway,Bitumen(Tar),Dry,No influence on accident,Clear,Magadi-Bangalore Main Road,Rajarajeshwari chowtri,40 ft,12.99112,77.467207
Bengaluru Dist,Madanayakanahally PS,1.04422e+16,2020,1,2,Road Accidents,Cross roads,Rural Areas,Open area,Not Applicable,No,Simple Injury,Hit bicyclist,Give way sign,Curve,One way,Bitumen(Tar),Dry,Not Applicable,Clear,Gangondanahalli Cross,Gangondanahalli Cross,8Kms,13.02892,77.46445
Bengaluru Dist,Madanayakanahally PS,1.04422e+16,2020,1,2,Road Accidents,Narrow road,Rural Areas,Near Bus stop,Human Error,No,Grievous Injury,Vehicle to Vehicle,Not at  Junction,Straight and flat,State Highway,Bitumen(Tar),Dry,No influence on accident,Clear,Magadi-Bangalore Main Road,Bramhashri bekary,20 ft,12.991172,77.456923
Bengaluru Dist,Madanayakanahally PS,1.04422e+16,2020,1,1,Road Accidents,Narrow road,Rural Areas,Open area,Human Error,No,Grievous Injury,Not Applicable,Give way sign,Straight and flat,One way,Bitumen(Tar),Dry,No influence on accident,Others,BIEC Madavara Main Road,BIEC,50 mt,13.057288,77.474157
Bengaluru Dist,Madanayakanahally PS,1.04422e+16,2020,1,2,Road Accidents,Narrow road,Rural Areas,Residential area,Human Error,Yes,Grievous Injury,Vehicle to Vehicle,Not Applicable,Straight and flat,Residential Street,Bitumen(Tar),Dry,No influence on accident,Clear,Machohalli road,Infront of Sitaram Layout,12km,13.058956,77.467042
Bengaluru Dist,Madanayakanahally PS,1.04422e+16,2020,1,2,Road Accidents,Cross roads,Rural Areas,Open area,Not Applicable,Yes,Not Applicable,Vehicle to Vehicle,Not at  Junction,Curve,Two way,Bitumen(Tar),Dry,Not Applicable,Clear,Near Kadabagere Cross,Near Kadabagere Cross,12 Kms,12.988839,77.449001
Bengaluru Dist,Madanayakanahally PS,1.04422e+16,2020,1,2,Road Accidents,Narrow road,Rural Areas,Near School or College,Human Error,No,Grievous Injury,Vehicle to Vehicle,Not at  Junction,Straight and flat,Two way,Concrete,Dry,No influence on accident,Clear,Makali-Aluru Main Road,BMN School,60 ft,13.067832,77.455773
Bengaluru Dist,Madanayakanahally PS,1.04422e+16,2020,1,1,Road Accidents,Narrow road,Rural Areas,Near or inside a village,Human Error,No,Grievous Injury,Hit pedestrian,Not at  Junction,Incline,Two way,Bitumen(Tar),Dry,No influence on accident,Clear,Magadi Main Road-Kachohalli Main Road,water plant,40 ft,12.998601,77.4450029
Bengaluru Dist,Madanayakanahally PS,1.04422e+16,2020,1,2,Road Accidents,Curves,Rural Areas,Near or inside a village,Human Error,No,Grievous Injury,Vehicle to Vehicle,Not at  Junction,Curve,Two way,Kutcha,Dry,No influence on accident,Clear,Totagere-Chikkakukkanahalli Main Road,Shankaregowda Farm,10 ft,13.155133,77.438024
Bengaluru Dist,Madanayakanahally PS,1.04422e+16,2020,1,1,Road Accidents,Junction,Rural Areas,Near office complex,Human Error,No,Simple Injury,Hit pedestrian,Controlled,Others,State Highway,Bitumen(Tar),Dry,Not Applicable,Clear,MAGADI MAIN ROAD BANGALORE TO MAGADI ROAD,EASHWAR HOLE SALE TRADERS SHOP,30 FT,12.991741,77.458911
Bengaluru Dist,Madanayakanahally PS,1.04422e+16,2020,1,1,Road Accidents,Narrow road,Rural Areas,Residential area,Human Error,Yes,Grievous Injury,Hit pedestrian,Not at  Junction,Straight and flat,Residential Street,Bitumen(Tar),Dry,No influence on accident,Clear,Thatadaguddadahalli Road,Near Raghavendra Enclive,5,13.068798,77.486709
Bengaluru Dist,Madanayakanahally PS,1.04422e+16,2020,1,1,Road Accidents,Cross roads,Rural Areas,Open area,Not Applicable,No,Grievous Injury,Hit bicyclist,Give way sign,Curve,One way,Bitumen(Tar),Dry,Not Applicable,Clear,Thavarekere Nelamangala Road,Near Sondekoppa Lake,15 KMs,12.978122,77.401329
Bengaluru Dist,Madanayakanahally PS,1.04422e+16,2020,1,1,Road Accidents,Circle,Rural Areas,Near Bus stop,Human Error,Yes,Simple Injury,Hit pedestrian,Controlled,Others,Others,Bitumen(Tar),Dry,Not Applicable,Clear,SONDEKOPPA TO NELAMANGALA ROAD,SAROJAMMA HOUSE,20 FT,13.055708,77.445853
Bengaluru Dist,Madanayakanahally PS,1.04422e+16,2020,1,2,Road Accidents,Curves,Rural Areas,Near or inside a village,Human Error,No,Simple Injury,Vehicle to Vehicle,Controlled,Curve,Others,Bitumen(Tar),Dry,Not Applicable,Clear,RAVUTHANAHALLI ROAD,K E B TRANSFARM,10 FT,13.043761,77.4296589
Bengaluru Dist,Madanayakanahally PS,1.04422e+16,2020,1,2,Road Accidents,Curves,Rural Areas,Near Bus stop,Not Applicable,No,Fatal,Vehicle to Vehicle,Not at  Junction,Curve,Others,Bitumen(Tar),Dry,Not Applicable,Clear,Madanayakanahalli-Thotadaguddadahalli Road,BJS Bus Stop,1/2 Km,13.070343,77.481093
Bengaluru Dist,Madanayakanahally PS,1.04422e+16,2020,1,2,Road Accidents,Narrow road,Rural Areas,Near or inside a village,Human Error,No,Grievous Injury,Vehicle to Vehicle,Not at  Junction,Gentle Incline or Climb,Two way,Bitumen(Tar),Dry,No influence on accident,Clear,Huskuru Road-Aluru,Matkal Function Hall,1 frlg,13.086963,77.446705
Bengaluru Dist,Madanayakanahally PS,1.04422e+16,2020,1,1,Road Accidents,Offset,Rural Areas,Residential area,Human Error,Yes,Grievous Injury,Hit pedestrian,Not at  Junction,Not Applicable,Residential Street,Concrete,Dry,No influence on accident,Clear,Machalli,Near Vidya Samsak School Machoahalli,12,13.006174,77.452855
Bengaluru Dist,Madanayakanahally PS,1.04422e+16,2020,1,2,Road Accidents,Cross roads,Rural Areas,Open area,Not Applicable,No,Grievous Injury,Not Applicable,Give way sign,Curve,One way,Bitumen(Tar),Dry,Not Applicable,Clear,Thavarekere Bengaluru Road,Near Sri Maruthi Fabricators,12 Kms,12.983916,77.443403
Bengaluru Dist,Madanayakanahally PS,1.04422e+16,2020,1,2,Road Accidents,Cross roads,Rural Areas,Near School or College,Not Applicable,No,Grievous Injury,Hit bicyclist,Give way sign,Not Applicable,One way,Bitumen(Tar),Dry,Not Applicable,Clear,Govt School Near,Near Govt School Thotadaguddadahalli,6 Kms,13.06983,77.487135
Bengaluru Dist,Madanayakanahally PS,1.04422e+16,2020,1,2,Road Accidents,Narrow road,Rural Areas,Near Bus stop,Human Error,No,Grievous Injury,Vehicle to Vehicle,Not at  Junction,Straight and flat,State Highway,Bitumen(Tar),Dry,No influence on accident,Clear,Magadi-Bangalore Main Road,Near Bus stop,200 mt,12.990942,77.454395
Bengaluru Dist,Madanayakanahally PS,1.04422e+16,2020,1,2,Road Accidents,Narrow road,Rural Areas,Near or inside a village,Human Error,No,Grievous Injury,Vehicle to Vehicle,Not at  Junction,Straight and flat,Two way,Bitumen(Tar),Dry,No influence on accident,Clear,MAKALI - HUSKUR ROAD,TATA New Heaven Apartment,20 ft,13.076105,77.453129
Bengaluru Dist,Madanayakanahally PS,1.04422e+16,2020,1,1,Road Accidents,Narrow road,Rural Areas,Near or inside a village,Human Error,No,Grievous Injury,Not Applicable,Not at  Junction,Not Applicable,Two way,Bitumen(Tar),Dry,No influence on accident,Clear,Nelamangala-Tavarekere Road,BESCOM OFFICE,250 ft,13.109513,77.441037
Bengaluru Dist,Madanayakanahally PS,1.04422e+16,2020,1,2,Road Accidents,Narrow road,Rural Areas,Residential area,Human Error,Yes,Grievous Injury,Vehicle to Vehicle,Not at  Junction,Straight and flat,State Highway,Bitumen(Tar),Dry,No influence on accident,Clear,MAKALI -  HUSKUR ROAD,Infront of Golden farm resort,5,13.071712,77.452844
Bengaluru Dist,Madanayakanahally PS,1.04422e+16,2020,1,2,Road Accidents,Narrow road,Rural Areas,Residential area,Human Error,No,Grievous Injury,Vehicle to Vehicle,Not at  Junction,Straight and flat,State Highway,Bitumen(Tar),Dry,No influence on accident,Clear,Gollahalli-Hesaraghatta main road,Near Thotagere,12 km,13.082377,77.473665
Bengaluru Dist,Madanayakanahally PS,1.04422e+16,2020,1,1,Road Accidents,Narrow road,City/Town,Near Bus stop,Not Applicable,No,Fatal,Vehicle to Vehicle,Not at  Junction,Others,Others,Bitumen(Tar),Dry,Not Applicable,Clear,Nelamanagala-Hesaraghatta Main Road,Near Bus Stop,1/2 Km,13.120582,77.423183