DISTRICTNAME,UNITNAME,Crime_No,Year,RI,Noofvehicle_involved,Accident_Classification,Accident_Spot,Accident_Location,Accident_SubLocation,Main_Cause,Hit_Run,Severity,Collision_Type,Junction_Control,Road_Character,Road_Type,Surface_Type,Surface_Condition,Road_Condition,Weather,Accident_Road,Landmark_first,Distance_LandMark_First,Latitude,Longitude
Bengaluru Dist,Madanayakanahally PS,1.04422e+16,2020,1,1,Road Accidents,Cross roads,Rural Areas,Residential area,Human Error,Yes,Grievous Injury,Hit pedestrian,Uncontrolled,Incline,Residential Street,Bitumen(Tar),Dry,No influence on accident,Clear,MAKALI -  HUSKUR ROAD,Heggadadevanapura Cross,4km,13.067625,77.452084
Bengaluru Dist,Madanayakanahally PS,1.04422e+16,2020,1,1,Road Accidents,Narrow road,Rural Areas,Near or inside a village,Human Error,No,Grievous Injury,Not Applicable,Not at  Junction,Straight and flat,Feeder Road,Bitumen(Tar),Dry,Not Applicable,Fine,others,Byandahalli Kadabagere Road,14,13.078777,77.4347079
Bengaluru Dist,Madanayakanahally PS,1.04422e+16,2020,1,3,Road Accidents,Curves,Rural Areas,Near Petrol Pump,Human Error,No,Grievous Injury,Vehicle to Vehicle,Not at  Junction,Steep Incline or Climb,State Highway,Bitumen(Tar),Dry,No influence on accident,Clear,Magadi-Bangalore Main Road,Bhairaveshwara saw mill,10 ft,12.99099,77.449005
Bengaluru Dist,Madanayakanahally PS,1.04422e+16,2020,1,2,Road Accidents,Narrow road,Rural Areas,Residential area,Human Error,No,Grievous Injury,Vehicle to Vehicle,Not at  Junction,Straight and flat,Residential Street,Bitumen(Tar),Dry,No influence on accident,Clear,Thotadaguddadahalli road,Near Kuduregere Colony,2,13.068626,77.478063
Bengaluru Dist,Madanayakanahally PS,1.04422e+16,2020,1,2,Road Accidents,Circle,Rural Areas,Near Hospital,Human Error,No,Simple Injury,Vehicle to Vehicle,Controlled,Others,State Highway,Bitumen(Tar),Dry,Not Applicable,Clear,MAGADI MAIN ROAD,BYREVESHWARA SAW MILL,50 M,12.990441,77.469249
Bengaluru Dist,Madanayakanahally PS,1.04422e+16,2020,1,2,Road Accidents,Cross roads,Rural Areas,Near or inside a village,Human Error,No,Grievous Injury,Vehicle to Vehicle,Not at  Junction,Slight Curve,Two way,Bitumen(Tar),Dry,No influence on accident,Clear,Madanayakanahalli-Lakshmipura Road,Dombarahalli village,1 flg,13.046436,77.459489
Bengaluru Dist,Madanayakanahally PS,1.04422e+16,2020,1,2,Road Accidents,Circle,Rural Areas,Near Bus stop,Human Error,No,Simple Injury,Vehicle to Vehicle,Controlled,Others,Others,Bitumen(Tar),Dry,Not Applicable,Clear,MADANAYAKANHALLI TO THOTADAGUDDAHALLI ROAD,SCHOOL,25 FT,13.070173,77.487197
Bengaluru Dist,Madanayakanahally PS,1.04422e+16,2020,1,1,Road Accidents,Narrow road,Rural Areas,Open area,Human Error,No,Grievous Injury,Not Applicable,Not at  Junction,Straight and flat,Two way,Bitumen(Tar),Dry,No influence on accident,Clear,Nelamangala-Tavarekere Road,Muniraju Land,20 ft,13.043706,77.3973289
Bengaluru Dist,Madanayakanahally PS,1.04422e+16,2020,1,2,Road Accidents,Narrow road,Rural Areas,Open area,Human Error,No,Grievous Injury,Vehicle to Vehicle,Not at  Junction,Gentle Incline or Climb,Minor District Road,Bitumen(Tar),Dry,No influence on accident,Clear,Huskur Road,Bus stop,100 mt,13.081348,77.450472
Bengaluru Dist,Madanayakanahally PS,1.04422e+16,2020,1,1,Road Accidents,Curves,Rural Areas,Near or inside a village,Human Error,No,Grievous Injury,Hit pedestrian,Not at  Junction,Steep Incline or Climb,Two way,Bitumen(Tar),Dry,No influence on accident,Clear,Arishinakunte-Nagaruru Main Road,Nagaruru Village,2 frlg,13.092286,77.442745
Bengaluru Dist,Madanayakanahally PS,1.04422e+16,2020,1,2,Road Accidents,Curves,City/Town,Residential area,Vehicle Defect,No,Fatal,Vehicle to Vehicle,Not at  Junction,Curve,Others,Bitumen(Tar),Dry,Not Applicable,Clear,Madanayakanahalli-Lakshmipura Road,Near SBI Bank,1/2 KM,13.057381,77.460155
Bengaluru Dist,Madanayakanahally PS,1.04422e+16,2020,1,1,Road Accidents,Curves,City/Town,Near Bus stop,Not Applicable,No,Fatal,Not Applicable,Not at  Junction,Others,Others,Bitumen(Tar),Dry,Not Applicable,Clear,"Magadi-Bengaluru Road, Chikkagollarahatti",Near Chikkagollarahatti Bus Stop,1/2 Km,12.990107,77.465644
Bengaluru Dist,Madanayakanahally PS,1.04422e+16,2020,1,2,Road Accidents,Narrow road,Rural Areas,Near Bus stop,Human Error,No,Grievous Injury,Vehicle to Vehicle,Not at  Junction,Straight and flat,State Highway,Bitumen(Tar),Dry,No influence on accident,Clear,Magadi-Bangalore Main Road,Sri Lakshmi convention Hall,50 ft,13.107689,77.456745
Bengaluru Dist,Madanayakanahally PS,1.04422e+16,2020,1,2,Road Accidents,Not Applicable,Rural Areas,Near School or College,Not Applicable,Not Applicable,Simple Injury,Hit bicyclist,Controlled,Not Applicable,Forest Road,Bitumen(Tar),Dry,Not Applicable,Clear,Embassi School Near,Embassi School Near,4 Kms,13.109683,77.415431
Bengaluru Dist,Madanayakanahally PS,1.04422e+16,2020,1,2,Road Accidents,Curves,Rural Areas,Near School or College,Not Applicable,No,Fatal,Vehicle to Vehicle,Not at  Junction,Curve,Others,Bitumen(Tar),Dry,Not Applicable,Clear,Kachohally-Gangondanahalli Road,Near Gagondanahalli Govt school Near,50 Met,13.066079,77.440834
Bengaluru Dist,Madanayakanahally PS,1.04422e+16,2020,1,2,Road Accidents,Not Applicable,Rural Areas,Near office complex,Human Error,Yes,Simple Injury,Vehicle to Vehicle,Controlled,Not Applicable,Others,Bitumen(Tar),Dry,Not Applicable,Clear,NH 48 SERVICE ROAD TO BUDDA JOTHY LAY OUT ROAD,ELECTRICAL  TRANFARM POLL,25 FT,13.053126,77.490615
Bengaluru Dist,Madanayakanahally PS,1.04422e+16,2020,1,1,Road Accidents,Junction,Rural Areas,Near office complex,Human Error,No,Simple Injury,Hit pedestrian,Controlled,Others,Others,Bitumen(Tar),Dry,Not Applicable,Clear,MAKALI -  HUSKUR ROAD,K E B BOX,15 FT,13.072105,77.453666
Bengaluru Dist,Madanayakanahally PS,1.04422e+16,2020,1,1,Road Accidents,Curves,Rural Areas,Near a factory industrial area,Human Error,No,Simple Injury,Hit pedestrian,Controlled,Curve,Others,Bitumen(Tar),Dry,Not Applicable,Clear,MAKALI -  HUSKUR ROAD,ADITHYA WINES,25 FT,13.071019,77.456818
Bengaluru Dist,Madanayakanahally PS,1.04422e+16,2020,1,2,Road Accidents,Narrow road,Rural Areas,Near Bus stop,Human Error,Yes,Grievous Injury,Vehicle to Vehicle,Not at  Junction,Straight and flat,State Highway,Bitumen(Tar),Dry,No influence on accident,Clear,Magadi-Bangalore Main Road,Bus stop,20 ft,12.991736,77.459459
Bengaluru Dist,Madanayakanahally PS,1.04422e+16,2020,1,1,Road Accidents,Narrow road,Rural Areas,Near office complex,Human Error,Yes,Grievous Injury,Hit pedestrian,No signal lights,Straight and flat,State Highway,Bitumen(Tar),Dry,Not Applicable,Cloudy,Kadabagere road,opp channamma complex,15,13.051805,77.487096
Bengaluru Dist,Madanayakanahally PS,1.04422e+16,2020,1,1,Road Accidents,Curves,Rural Areas,Near Bus stop,Not Applicable,No,Fatal,Hit pedestrian,Not at  Junction,Curve,Others,Bitumen(Tar),Dry,Not Applicable,Clear,Kithanahalli-Byandanahalli Road,Near Bus Stop,1/2 KM,13.016511,77.4424829
Bengaluru Dist,Madanayakanahally PS,1.04422e+16,2020,1,1,Road Accidents,Curves,Rural Areas,Near Bus stop,Not Applicable,No,Fatal,Hit pedestrian,Not at  Junction,Curve,Others,Bitumen(Tar),Dry,Not Applicable,Clear,Madavara-Navile Layout Road,Near Navile Layout,1/2 Km,13.047228,77.473339
Bengaluru Dist,Madanayakanahally PS,1.04422e+16,2020,1,2,Road Accidents,Narrow road,Rural Areas,Near or inside a village,Human Error,No,Grievous Injury,Vehicle to Vehicle,Not at  Junction,Straight and flat,Two way,Bitumen(Tar),Dry,No influence on accident,Clear,Magadi-Bangalore Main Road,Kadabagere Cross,1 flg,12.982991,77.439075
Bengaluru Dist,Madanayakanahally PS,1.04422e+16,2020,1,2,Road Accidents,Curves,Rural Areas,Near School or College,Human Error,No,Grievous Injury,Vehicle to Vehicle,Not at  Junction,Slight Curve,Minor District Road,Bitumen(Tar),Dry,No influence on accident,Clear,Totagere-Chikkakukkanahalli Main Road,BGS College,1 frlg,12.993202,77.462474
Bengaluru Dist,Madanayakanahally PS,1.04422e+16,2020,1,2,Road Accidents,Curves,City/Town,Near Hospital,Not Applicable,No,Fatal,Vehicle to Vehicle,Not at  Junction,Curve,State Highway,Bitumen(Tar),Dry,Not Applicable,Clear,"Magadi-Bengaluru Road, Kachohalli Cross",Near Kenganara Hospital,1/2 Km,12.990582,77.468787
Bengaluru Dist,Madanayakanahally PS,1.04422e+16,2020,1,2,Road Accidents,Cross roads,Rural Areas,Near office complex,Not Applicable,No,Grievous Injury,Vehicle to Vehicle,Not Applicable,Not Applicable,One way,Bitumen(Tar),Dry,Not Applicable,Clear,Magadi-Bangalore Main Road,Near Byraveshwara Sawmil,250 ft,12.985008,77.445178
Bengaluru Dist,Madanayakanahally PS,1.04422e+16,2020,1,1,Road Accidents,Narrow road,Rural Areas,Near a religious place,Human Error,No,Grievous Injury,Not Applicable,Not at  Junction,Straight and flat,Two way,Concrete,Dry,No influence on accident,Clear,Adakamaranahalli main road,Anjaneya temple,10 ft,13.070314,77.444641
Bengaluru Dist,Madanayakanahally PS,1.04422e+16,2021,1,3,Road Accidents,Narrow road,Rural Areas,Near or inside a village,Human Error,No,Damage Only,Vehicle to Vehicle,Not at  Junction,Straight and flat,Two way,Bitumen(Tar),Dry,No influence on accident,Clear,Huskur Road,Jayaram land compound,7 ft,13.073662,77.482774
Bengaluru Dist,Madanayakanahally PS,1.04422e+16,2021,1,2,Road Accidents,Curves,Rural Areas,Near or inside a village,Human Error,No,Damage Only,Vehicle to Vehicle,Uncontrolled,Curve,Others,Bitumen(Tar),Dry,Not Applicable,Fine,Thammenahalli road,beside military compound,8,13.07417,77.487686
Bengaluru Dist,Madanayakanahally PS,1.04422e+16,2021,1,2,Road Accidents,Narrow road,Rural Areas,Near Petrol Pump,Human Error,No,Grievous Injury,Vehicle to Vehicle,Not at  Junction,Straight and flat,Residential Street,Bitumen(Tar),Dry,No influence on accident,Clear,Makali-Huskur Road,Infront of Flip cart Gowdown,8km,13.094851,77.4451589
Bengaluru Dist,Madanayakanahally PS,1.04422e+16,2021,1,2,Road Accidents,Cross roads,Rural Areas,Open area,Human Error,Yes,Grievous Injury,Vehicle to Vehicle,Uncontrolled,Straight and flat,Others,Bitumen(Tar),Dry,No influence on accident,Clear,MAKALI -  HUSKUR ROAD,Infront of sannidi Hotel,5km,13.115003,77.429576
Bengaluru Dist,Madanayakanahally PS,1.04422e+16,2021,1,2,Road Accidents,Not Applicable,Rural Areas,Open area,Not Applicable,Yes,Grievous Injury,Hit bicyclist,Not Applicable,Not Applicable,Two way,Bitumen(Tar),Dry,Not Applicable,Clear,Mallasandra Nelamangala Road,Nelamangala Tavarekere Road,12,13.002475,77.394501
Bengaluru Dist,Madanayakanahally PS,1.04422e+16,2021,1,2,Road Accidents,Cross roads,Rural Areas,Near a factory industrial area,Not Applicable,No,Simple Injury,Vehicle to Vehicle,Not Applicable,Curve,One way,Bitumen(Tar),Dry,Not Applicable,Cloudy,Huskuru Road,Near Unibic Biscuites Facotary,4 kms,13.080093,77.450614
Bengaluru Dist,Madanayakanahally PS,1.04422e+16,2021,1,2,Road Accidents,Cross roads,Rural Areas,Near Bus stop,Human Error,No,Grievous Injury,Vehicle to Vehicle,No signal lights,Curve and Incline,Residential Street,Bitumen(Tar),Dry,No influence on accident,Clear,Magadi-Bangalore road,Near SBI Bank Kadabagere cross,10km,12.988878,77.449121
Bengaluru Dist,Madanayakanahally PS,1.04422e+16,2021,1,2,Road Accidents,Narrow road,Rural Areas,Open area,Human Error,No,Fatal,Vehicle to Vehicle,Not Applicable,Not Applicable,Others,Bitumen(Tar),Dry,Not Applicable,Fine,other,Surakshna steelg gowdan,40 ft,0.0,0.0
Bengaluru Dist,Madanayakanahally PS,1.04422e+16,2021,1,1,Road Accidents,Narrow road,Rural Areas,Near or inside a village,Human Error,No,Grievous Injury,Hit pedestrian,Uncontrolled,Straight and flat,Others,Concrete,Wet,Not Applicable,Fine,village road,near ramanjineya temple,7,13.069676,77.4443999
Bengaluru Dist,Madanayakanahally PS,1.04422e+16,2021,1,2,Road Accidents,Curves,Rural Areas,Open area,Human Error,No,Grievous Injury,Vehicle to Vehicle,No signal lights,Not Applicable,Others,Bitumen(Tar),Others,Not Applicable,Fine,Huskuru road,Near Unibic factory,12,0.0,0.0
Bengaluru Dist,Madanayakanahally PS,1.04422e+16,2021,1,2,Road Accidents,Narrow road,Rural Areas,Near Bus stop,Human Error,No,Fatal,Vehicle to Vehicle,Not at  Junction,Curve,Others,Bitumen(Tar),Dry,Not Applicable,Clear,Chikkakukkanahalli-Thotagere Road,Kangovi Factory Near,200 Mt,13.146979,77.450308
Bengaluru Dist,Madanayakanahally PS,1.04422e+16,2021,1,2,Road Accidents,Cross roads,City/Town,Near School or College,Not Applicable,Yes,Simple Injury,Vehicle to Vehicle,Not Applicable,Curve,One way,Bitumen(Tar),Dry,Not Applicable,Clear,Near Vani School,Near vani School,15,12.991888,77.461675
Bengaluru Dist,Madanayakanahally PS,1.04422e+16,2021,1,2,Road Accidents,Narrow road,Rural Areas,Near a factory industrial area,Human Error,Yes,Fatal,Vehicle to Vehicle,Not Applicable,Incline,Others,Bitumen(Tar),Dry,Not Applicable,Fine,Huskur Road,Unibic factory gowdan,40ft,0.0,0.0
Bengaluru Dist,Madanayakanahally PS,1.04422e+16,2021,1,1,Road Accidents,Circle,City/Town,Near a religious place,Not Applicable,Not Applicable,Simple Injury,Hit animal,Not at  Junction,Not Applicable,Two way,Bitumen(Tar),Dry,Not Applicable,Fine,In Front Of Huliyuramma Temple,Near Huliyuramma Temple,10,0.0,0.0
Bengaluru Dist,Madanayakanahally PS,1.04422e+16,2021,1,2,Road Accidents,Curves,Rural Areas,In bazaar,Not Applicable,No,Fatal,Vehicle to Vehicle,Not at  Junction,Curve,Others,Bitumen(Tar),Dry,Not Applicable,Clear,Makali-Huskuru Road,Siri Vaince Near,1/2 KM,13.080301,77.459575
Bengaluru Dist,Madanayakanahally PS,1.04422e+16,2021,1,2,Road Accidents,Cross roads,Rural Areas,Open area,Not Applicable,No,Grievous Injury,Vehicle to Vehicle,Not Applicable,Curve,One way,Bitumen(Tar),Dry,Not Applicable,Clear,Makali-Huskur Road,Makali Huskuru Road,4Kms,13.090245,77.445638
Bengaluru Dist,Madanayakanahally PS,1.04422e+16,2021,1,1,Road Accidents,Curves,Rural Areas,Near a factory industrial area,Not Applicable,No,Grievous Injury,Hit pedestrian,Not Applicable,Curve,Others,Bitumen(Tar),Others,Not Applicable,Others,Huskuru road,NEAR BULLET GODOWN,7,0.0,0.0
Bengaluru Dist,Madanayakanahally PS,1.04422e+16,2021,1,1,Road Accidents,Not Applicable,Rural Areas,Near Bus stop,Human Error,No,Grievous Injury,Hit pedestrian,No signal lights,Straight and flat,Others,Bitumen(Tar),Not Applicable,Not Applicable,Fine,Sondekoppa Road,Near Sondekoppa Bus Stand,18,0.0,0.0
Bengaluru Dist,Madanayakanahally PS,1.04422e+16,2021,1,2,Road Accidents,Not Applicable,Rural Areas,Open area,Human Error,No,Grievous Injury,Vehicle to Vehicle,Not Applicable,Not Applicable,Others,Bitumen(Tar),Dry,Not Applicable,Clear,BYANDAHALLI ROAD,SAI EXTENSION,10,13.005834,77.442566
Bengaluru Dist,Madanayakanahally PS,1.04422e+16,2021,1,1,Road Accidents,Cross roads,Rural Areas,Residential area,Human Error,No,Grievous Injury,Hit pedestrian,Not at  Junction,Others,Residential Street,Bitumen(Tar),Dry,No influence on accident,Clear,MAKALI -  HUSKUR ROAD,Near Vaderahalli Cross,5,13.057018,77.402513
Bengaluru Dist,Madanayakanahally PS,1.04422e+16,2021,1,1,Road Accidents,Curves,Rural Areas,Residential area,Human Error,Yes,Simple Injury,Hit pedestrian,Controlled,Curve,State Highway,Bitumen(Tar),Dry,Not Applicable,Clear,MAGADI MAIN ROAD,ARACH RASHI LAY OUT GATE,50 FT,13.046801,77.489094
Bengaluru Dist,Madanayakanahally PS,1.04422e+16,2021,1,1,Road Accidents,Narrow road,Rural Areas,Residential area,Human Error,No,Grievous Injury,Vehicle to Vehicle,No signal lights,Straight and flat,Others,Bitumen(Tar),Dry,No influence on accident,Clear,Kadabagere-Byandahalli road,Near Janapriya appartment,10km,13.103708,77.42655
Bengaluru Dist,Madanayakanahally PS,1.04422e+16,2021,1,2,Road Accidents,Cross roads,Rural Areas,Near Bus stop,Not Applicable,No,Simple Injury,Hit bicyclist,Not Applicable,Curve,Others,Bitumen(Tar),Dry,Not Applicable,Clear,Bylakonenahalli Cross,Byreshwara Layout,12 Kms,13.008621,77.469388
Bengaluru Dist,Madanayakanahally PS,1.04422e+16,2021,1,2,Road Accidents,Narrow road,Rural Areas,Open area,Human Error,No,Grievous Injury,Vehicle to Vehicle,Not at  Junction,Straight and flat,Residential Street,Bitumen(Tar),Dry,No influence on accident,Clear,Makali-Huskur road,Near Hanuman Garage,10 km,13.120533,77.42291
Bengaluru Dist,Madanayakanahally PS,1.04422e+16,2021,1,2,Road Accidents,Not Applicable,Rural Areas,Near School or College,Human Error,No,Grievous Injury,Vehicle to Vehicle,Uncontrolled,Straight and flat,Others,Bitumen(Tar),Dry,Not Applicable,Fine,Rural road,near national school & college of Nursing,18,13.157452,77.433666
Bengaluru Dist,Madanayakanahally PS,1.04422e+16,2021,1,2,Road Accidents,Curves,Rural Areas,Residential area,Not Applicable,No,Fatal,Vehicle to Vehicle,Not at  Junction,Curve,Others,Bitumen(Tar),Dry,Not Applicable,Clear,Totagere-Chikkakukkanahalli Road,Kangovi Factory,1/2 KM,13.073502,77.458341
Bengaluru Dist,Madanayakanahally PS,1.04422e+16,2021,1,2,Road Accidents,Narrow road,Rural Areas,Near a factory industrial area,Not Applicable,No,Grievous Injury,Vehicle to Vehicle,Not at  Junction,Not Applicable,State Highway,Surfaced,Dry,Not Applicable,Very Hot,Magadi-Bangalore Main Road,Near                                                                                    Near Machohalli gate,15 kms,12.990208,77.451897
Bengaluru Dist,Madanayakanahally PS,1.04422e+16,2021,1,2,Road Accidents,Narrow road,Rural Areas,Open area,Human Error,Yes,Grievous Injury,Vehicle to Vehicle,Controlled,Straight and flat,Residential Street,Bitumen(Tar),Dry,No influence on accident,Clear,Madanayakanahalli-Dombarahalli road,Siddanahosahalli Market,1/2 km,13.053368,77.456437
Bengaluru Dist,Madanayakanahally PS,1.04422e+16,2021,1,1,Road Accidents,Not Applicable,Rural Areas,Near Bus stop,Human Error,No,Grievous Injury,Hit pedestrian,Not at  Junction,Straight and flat,Minor District Road,Bitumen(Tar),Dry,Not Applicable,Clear,Magadi Main Road,near Chikkagollarahatti bus stand,10,12.991553,77.465436
Bengaluru Dist,Madanayakanahally PS,1.04422e+16,2021,1,2,Road Accidents,Curves,Rural Areas,Residential area,Human Error,No,Fatal,Vehicle to Vehicle,Not at  Junction,Curve,Others,Bitumen(Tar),Dry,Not Applicable,Clear,Kithanahalli Road,Near sapthagiri Bar,1/2 KM,13.007968,77.431383
Bengaluru Dist,Madanayakanahally PS,1.04422e+16,2021,1,2,Road Accidents,Narrow road,Rural Areas,Near Bus stop,Human Error,No,Fatal,Vehicle to Vehicle,Not Applicable,Others,State Highway,Bitumen(Tar),Dry,Pot holed,Fine,STATE HIGHAY,GK GARREGE,25FT,12.989996,77.46954
Bengaluru Dist,Madanayakanahally PS,1.04422e+16,2021,1,1,Road Accidents,Curves,Rural Areas,Near School or College,Human Error,No,Simple Injury,Not Applicable,Controlled,Curve,Others,Bitumen(Tar),Dry,Not Applicable,Clear,NELAMANGALA ROAD TO  HULLEGOWDANAHALLI ROAD,TRANSPORM,35 FT,13.063603,77.4053789
Bengaluru Dist,Madanayakanahally PS,1.04422e+16,2021,1,1,Road Accidents,Narrow road,Rural Areas,Near Hospital,Human Error,Yes,Grievous Injury,Hit pedestrian,Not at  Junction,Straight and flat,State Highway,Bitumen(Tar),Dry,No influence on accident,Clear,Magadi-Bangalore Main Road,Pooja Hospital,1 flg,12.990294,77.452214
Bengaluru Dist,Madanayakanahally PS,1.04422e+16,2021,1,2,Road Accidents,Curves,Rural Areas,Residential area,Not Applicable,No,Fatal,Vehicle to Vehicle,Not at  Junction,Curve,Others,Bitumen(Tar),Dry,Not Applicable,Clear,Aluru-Makali Road,Near Thapovana,100 Mt,13.081939,77.461505
Bengaluru Dist,Madanayakanahally PS,1.04422e+16,2021,1,1,Road Accidents,Curves,Rural Areas,Open area,Human Error,No,Grievous Injury,Not Applicable,Not Applicable,Curve,Others,Bitumen(Tar),Not Applicable,Not Applicable,Light Rain,Ravuthanahalli Road,Near Adi Shakti Patalamma temple,13,0.0,0.0
Bengaluru Dist,Madanayakanahally PS,1.04422e+16,2021,1,1,Road Accidents,Not Applicable,Rural Areas,Near a religious place,Not Applicable,No,Simple Injury,Hit pedestrian,Not Applicable,Not Applicable,Service Road,Bitumen(Tar),Dry,Not Applicable,Fine,near Huliyuramma temple,Huliyuram temple,15 KMs,12.990751,77.455413
Bengaluru Dist,Madanayakanahally PS,1.04422e+16,2021,1,2,Road Accidents,Narrow road,Rural Areas,Open area,Human Error,No,Grievous Injury,Vehicle to Vehicle,No signal lights,Straight and flat,Others,Bitumen(Tar),Dry,Not Applicable,Fine,Huskuru road,APMC Market,10,0.0,0.0
Bengaluru Dist,Madanayakanahally PS,1.04422e+16,2021,1,2,Road Accidents,Curves,Rural Areas,Open area,Not Applicable,No,Grievous Injury,Vehicle to Vehicle,Not Applicable,Curve,Service Road,Bitumen(Tar),Dry,Not Applicable,Clear,Narasipura To wards Kaluupalya Near Forest Road,Forest Road,10 Kms,0.0,0.0
Bengaluru Dist,Madanayakanahally PS,1.04422e+16,2021,1,1,Road Accidents,Not Applicable,Rural Areas,Near or inside a village,Human Error,Yes,Grievous Injury,Hit pedestrian,Not Applicable,Not Applicable,Others,Bitumen(Tar),Dry,Not Applicable,Clear,Huskuru road,Nagaruru colony cross,9,13.09211,77.442176
Bengaluru Dist,Madanayakanahally PS,1.04422e+16,2021,1,1,Road Accidents,Narrow road,City/Town,Open area,Human Error,No,Grievous Injury,Not Applicable,Not at  Junction,Others,Others,Bitumen(Tar),Dry,No influence on accident,Clear,Huskuru road,Near Forest gate,12,12.991995,77.460103
Bengaluru Dist,Madanayakanahally PS,1.04422e+16,2021,1,1,Road Accidents,Cross roads,Rural Areas,Residential area,Human Error,No,Grievous Injury,Not Applicable,Uncontrolled,Curve and Incline,Others,Bitumen(Tar),Dry,No influence on accident,Clear,MAKALI -  HUSKUR ROAD,Near Unibic Factory,3 km,13.080376,77.450507
Bengaluru Dist,Madanayakanahally PS,1.04422e+16,2021,1,1,Road Accidents,Cross roads,Rural Areas,Near office complex,Human Error,No,Grievous Injury,Not Applicable,Not at  Junction,Others,Others,Bitumen(Tar),Wet,Not Applicable,Light Rain,Magadi Road,Near Vani school Cross,12,0.0,0.0
Bengaluru Dist,Madanayakanahally PS,1.04422e+16,2021,1,2,Road Accidents,Junction,Rural Areas,Near office complex,Human Error,No,Simple Injury,Vehicle to Vehicle,Controlled,Others,State Highway,Bitumen(Tar),Dry,Not Applicable,Clear,BANGALORE TO MAGADI ROAD,TRANSPORM,35 FT,13.015116,77.449479
Bengaluru Dist,Madanayakanahally PS,1.04422e+16,2021,1,2,Road Accidents,Narrow road,Rural Areas,Near office complex,Human Error,Yes,Grievous Injury,Vehicle to Vehicle,Not Applicable,Not Applicable,Others,Bitumen(Tar),Others,Not Applicable,Fine,Rural road,near panchyat office,12,12.992114,77.469782
Bengaluru Dist,Madanayakanahally PS,1.04422e+16,2021,1,1,Road Accidents,Not Applicable,City/Town,Near Petrol Pump,Not Applicable,Yes,Simple Injury,Hit pedestrian,Not Applicable,Not Applicable,Service Road,Bitumen(Tar),Dry,Not Applicable,Clear,Near  Mahlakshmi Hardwere Shope,Near  maHalakshmi Hardwere Shope,1.5 kM,13.041042,77.462329
Bengaluru Dist,Madanayakanahally PS,1.04422e+16,2021,1,2,Road Accidents,Curves,Rural Areas,Open area,Human Error,Yes,Damage Only,Vehicle to Vehicle,Uncontrolled,Slight Curve,Minor District Road,Bitumen(Tar),Dry,No influence on accident,Clear,Tammanahalli-Thotadaguddadahalli,Near Air force compound Tammenahalli,5km,13.072711,77.487758
Bengaluru Dist,Madanayakanahally PS,1.04422e+16,2021,1,2,Road Accidents,Not Applicable,Rural Areas,Near Bus stop,Not Applicable,No,Fatal,Vehicle to Vehicle,Not Applicable,Curve,Two way,Bitumen(Tar),Dry,Not Applicable,Clear,Chikkagollarahatti Bus Stop,Chikkagollarahatti Bus Stop,15 Kms,12.991357,77.466123
Bengaluru Dist,Madanayakanahally PS,1.04422e+16,2021,1,2,Road Accidents,Not Applicable,Rural Areas,Open area,Human Error,No,Grievous Injury,Vehicle to Vehicle,Not at  Junction,Straight and flat,Others,Bitumen(Tar),Not Applicable,Not Applicable,Fine,Thotagere Road,Near Basaveshwara Layout,18,0.0,0.0
Bengaluru Dist,Madanayakanahally PS,1.04422e+16,2021,1,2,Road Accidents,Curves,Rural Areas,Open area,Not Applicable,No,Fatal,Vehicle to Vehicle,Not at  Junction,Curve,Others,Bitumen(Tar),Dry,Not Applicable,Clear,Magadi Main Road,Rashi Recidence  Layout Near,1/2 KM,0.0,0.0
Bengaluru Dist,Madanayakanahally PS,1.04422e+16,2021,1,2,Road Accidents,Narrow road,Rural Areas,Open area,Human Error,No,Fatal,Vehicle to Vehicle,Not Applicable,Not Applicable,Two way,Bitumen(Tar),Dry,Not Applicable,Fine,SH,Rajarajeshwari chowtri,15ft,0.0,0.0
Bengaluru Dist,Madanayakanahally PS,1.04422e+16,2021,1,2,Road Accidents,Not Applicable,Rural Areas,Near Bus stop,Not Applicable,No,Damage Only,Hit bicyclist,Controlled,Curve,Others,Bitumen(Tar),Dry,Not Applicable,Clear,Navile Layout,Navele Layout,3,13.053941,77.4754459
Bengaluru Dist,Madanayakanahally PS,1.04422e+16,2021,1,2,Road Accidents,Narrow road,Rural Areas,Open area,Human Error,No,Grievous Injury,Vehicle to Vehicle,Uncontrolled,Straight and flat,Others,Bitumen(Tar),Dry,No influence on accident,Clear,Makali-Huskur road,Near Kodipallya,8km,13.079107,77.45309