DISTRICTNAME,UNITNAME,Crime_No,Year,RI,Noofvehicle_involved,Accident_Classification,Accident_Spot,Accident_Location,Accident_SubLocation,Main_Cause,Hit_Run,Severity,Collision_Type,Junction_Control,Road_Character,Road_Type,Surface_Type,Surface_Condition,Road_Condition,Weather,Accident_Road,Landmark_first,Distance_LandMark_First,Latitude,Longitude
Bengaluru Dist,Madanayakanahally PS,1.04422e+16,2021,1,2,Road Accidents,Cross roads,Rural Areas,Near or inside a village,Human Error,No,Simple Injury,Vehicle to Vehicle,Not at  Junction,Gentle Incline or Climb,State Highway,Bitumen(Tar),Dry,No influence on accident,Clear,Magadi-Bangalore Main Road,Byraveshwara sawmill,50 ft,12.98648,77.446872
Bengaluru Dist,Madanayakanahally PS,1.04422e+16,2021,1,2,Road Accidents,Narrow road,Rural Areas,Near or inside a village,Human Error,No,Grievous Injury,Vehicle to Vehicle,Not at  Junction,Straight and flat,Two way,Bitumen(Tar),Dry,No influence on accident,Clear,MAKALI - HUSKUR ROAD,Golden palms Hotel,1 flg,13.087905,77.446255
Bengaluru Dist,Madanayakanahally PS,1.04422e+16,2021,1,1,Road Accidents,Not Applicable,Rural Areas,Near School or College,Not Applicable,No,Simple Injury,Hit pedestrian,Not Applicable,Not Applicable,Service Road,Bitumen(Tar),Dry,Not Applicable,Fine,Near KK School Kadabagere,KK School Kadabagere,12 Kms,12.992758,77.439507
Bengaluru Dist,Madanayakanahally PS,1.04422e+16,2021,1,1,Road Accidents,Narrow road,Rural Areas,Near or inside a village,Not Applicable,No,Grievous Injury,Not Applicable,Uncontrolled,Straight and flat,Others,Surfaced,Others,Not Applicable,Snow,Adakamaranahalli-NH 48 Main road,NEAR ANJANEYA TEMPLE,2 km,0.0,0.0
Bengaluru Dist,Madanayakanahally PS,1.04422e+16,2021,1,2,Road Accidents,Narrow road,Rural Areas,Residential area,Human Error,Yes,Fatal,Vehicle to Vehicle,Not Applicable,Others,Others,Bitumen(Tar),Dry,Not Applicable,Fine,Mahcohalli Road,Near Ramakrishnaiah Home,50Feet,12.996274,77.452263
Bengaluru Dist,Madanayakanahally PS,1.04422e+16,2021,1,1,Road Accidents,Curves,Rural Areas,Residential area,Not Applicable,No,Fatal,Hit pedestrian,Not at  Junction,Curve,Others,Bitumen(Tar),Dry,Not Applicable,Clear,Makali-Huskuru Road,Near Maruthi Medical,1/2 KM,13.0684,77.4883599
Bengaluru Dist,Madanayakanahally PS,1.04422e+16,2021,1,1,Road Accidents,Narrow road,Rural Areas,Residential area,Human Error,No,Grievous Injury,Hit pedestrian,Controlled,Straight and flat,Residential Street,Bitumen(Tar),Dry,No influence on accident,Clear,Harokyatanahalli-Makali Road,In front of Bhagavati Provision Store,4 km,13.056279,77.449112
Bengaluru Dist,Madanayakanahally PS,1.04422e+16,2021,1,2,Road Accidents,Road hump or Rumble strips,Rural Areas,Near a religious place,Not Applicable,Yes,Simple Injury,Vehicle to Vehicle,Not Applicable,Hump,Service Road,Bitumen(Tar),Dry,Not Applicable,Clear,Opp Shanimahathma Temple,Opp Shanimahathma Temple,2 Kms,13.054847,77.4593829
Bengaluru Dist,Madanayakanahally PS,1.04422e+16,2021,1,1,Road Accidents,Cross roads,Rural Areas,Near or inside a village,Human Error,No,Grievous Injury,Not Applicable,Uncontrolled,Steep Incline or Climb,Residential Street,Kutcha,Muddy,No influence on accident,Clear,Machohalli-Andrahalli Road,Bylakonenahalli village,0.5 km,13.010477,77.469164
Bengaluru Dist,Madanayakanahally PS,1.04422e+16,2021,1,2,Road Accidents,Narrow road,Rural Areas,Near or inside a village,Human Error,No,Grievous Injury,Vehicle to Vehicle,Not at  Junction,Straight and flat,Two way,Bitumen(Tar),Dry,No influence on accident,Light Rain,Ravuttanahalli Road,Ranjith Medical,70 ft,13.060092,77.435937
Bengaluru Dist,Madanayakanahally PS,1.04422e+16,2021,1,2,Road Accidents,Not Applicable,Rural Areas,Near School or College,Not Applicable,Yes,Simple Injury,Vehicle to Vehicle,Not Applicable,Curve,One way,Bitumen(Tar),Dry,Not Applicable,Fine,Near Embessy School,Near Embessy School,12 Kms,12.991934,77.463516
Bengaluru Dist,Madanayakanahally PS,1.04422e+16,2021,1,2,Road Accidents,Cross roads,Rural Areas,Near office complex,Not Applicable,No,Damage Only,Vehicle to Vehicle,Not Applicable,Others,Sub Arterial,Bitumen(Tar),Dry,Not Applicable,Clear,Kuduregere Colony,Near Jothy Playwoo Hard ware Store,2 Kms,0.0,0.0
Bengaluru Dist,Madanayakanahally PS,1.04422e+16,2021,1,1,Road Accidents,Narrow road,Rural Areas,Near or inside a village,Human Error,Yes,Grievous Injury,Hit pedestrian,Not at  Junction,Straight and flat,State Highway,Bitumen(Tar),Dry,No influence on accident,Clear,Magadi-Bangalore Main Road,Hotel,20 ft,13.007009,77.450983
Bengaluru Dist,Madanayakanahally PS,1.04422e+16,2021,1,1,Road Accidents,Curves,Rural Areas,Near Bus stop,Not Applicable,No,Fatal,Hit pedestrian,Not at  Junction,Others,Others,Bitumen(Tar),Dry,Not Applicable,Clear,"Makali-Huskuru Road, Rampalya Gate",Ramapalya Gate,1/2 Km,13.086487,77.4259539
Bengaluru Dist,Madanayakanahally PS,1.04422e+16,2021,1,2,Road Accidents,Curves,Rural Areas,Near a religious place,Not Applicable,No,Fatal,Vehicle to Vehicle,Not at  Junction,Curve,Others,Bitumen(Tar),Dry,Not Applicable,Clear,Machohalli Road,Huliyuramma Temple,1/2 KM,12.991428,77.454502
Bengaluru Dist,Madanayakanahally PS,1.04422e+16,2021,1,2,Road Accidents,Cross roads,Rural Areas,Residential area,Human Error,No,Grievous Injury,Vehicle to Vehicle,Not at  Junction,Straight and flat,Minor District Road,Bitumen(Tar),Dry,No influence on accident,Clear,Kadabagere-Janapriya Appartment road,Infront of Gangaraju House,10km,12.988897,77.449176
Bengaluru Dist,Madanayakanahally PS,1.04422e+16,2021,1,1,Not Applicable,Cross roads,Rural Areas,Near or inside a village,Human Error,No,Grievous Injury,Not Applicable,No signal lights,Curve,Residential Street,Bitumen(Tar),Dry,No influence on accident,Clear,LAKSHMIPURA ROAD,LAKSHMIPURA LAKE,5,13.034106,77.463159
Bengaluru Dist,Madanayakanahally PS,1.04422e+16,2021,1,2,Road Accidents,Narrow road,Rural Areas,Open area,Human Error,No,Fatal,Vehicle to Vehicle,Not Applicable,Not Applicable,Others,Bitumen(Tar),Dry,Not Applicable,Fine,other,cheluvaiah form,100ft,13.023438,77.390612
Bengaluru Dist,Madanayakanahally PS,1.04422e+16,2021,1,2,Road Accidents,Curves,Rural Areas,Near a factory industrial area,Not Applicable,No,Fatal,Vehicle to Vehicle,Not at  Junction,Curve,Others,Bitumen(Tar),Dry,Not Applicable,Clear,"Bethanagere Cross, Godrej Gowden Front",Godrej Gowden Front,1/2 KM,13.073293,77.483049
Bengaluru Dist,Madanayakanahally PS,1.04422e+16,2021,1,2,Road Accidents,Cross roads,Rural Areas,Open area,Human Error,No,Grievous Injury,Vehicle to Vehicle,Not Applicable,Others,One way,Bitumen(Tar),Dry,Not Applicable,Clear,Hyadalu Makali Road,Hyadalu makali Road,6 KMS,13.129839,77.413979
Bengaluru Dist,Madanayakanahally PS,1.04422e+16,2021,1,2,Road Accidents,Narrow road,Rural Areas,Open area,Human Error,No,Grievous Injury,Vehicle to Vehicle,Not Applicable,Incline,Others,Bitumen(Tar),Dry,No influence on accident,Cloudy,Bettahalli-Kadabagere road,Near Sai baba Matha,23,12.985748,77.450868
Bengaluru Dist,Madanayakanahally PS,1.04422e+16,2021,1,2,Road Accidents,Curves,Rural Areas,Near Bus stop,Human Error,No,Fatal,Vehicle to Vehicle,Not at  Junction,Curve,Others,Bitumen(Tar),Dry,Not Applicable,Clear,Huskuru Road,Thotagere Layout,1/2 KM,13.137889,77.444635
Bengaluru Dist,Madanayakanahally PS,1.04422e+16,2021,1,2,Road Accidents,Narrow road,Rural Areas,Near office complex,Human Error,No,Grievous Injury,Vehicle to Vehicle,No signal lights,Straight and flat,Others,Bitumen(Tar),Others,Not Applicable,Fine,Magadi Road,near Rashi residency,14,0.0,0.0
Bengaluru Dist,Madanayakanahally PS,1.04422e+16,2021,1,2,Road Accidents,Cross roads,Rural Areas,Open area,Human Error,No,Grievous Injury,Vehicle to Vehicle,Uncontrolled,Not Applicable,Others,Bitumen(Tar),Dry,Not Applicable,Clear,Huskuru road,Near siri wines,12,13.081628,77.452829
Bengaluru Dist,Madanayakanahally PS,1.04422e+16,2021,1,1,Road Accidents,Narrow road,Rural Areas,Near or inside a village,Human Error,No,Grievous Injury,Hit animal,Controlled,Straight and flat,Residential Street,Bitumen(Tar),Dry,No influence on accident,Clear,Siddanahosahalli road,Infront of Jenkar coconut plant,01km,13.00582,77.452662
Bengaluru Dist,Madanayakanahally PS,1.04422e+16,2021,1,2,Road Accidents,Narrow road,Rural Areas,Near Bus stop,Human Error,No,Grievous Injury,Vehicle to Vehicle,Uncontrolled,Not Applicable,Two way,Bitumen(Tar),Not Applicable,Not Applicable,Fine,magadi road,near hullaramma temple,17,12.991097,77.455092
Bengaluru Dist,Madanayakanahally PS,1.04422e+16,2021,1,2,Road Accidents,Curves,Rural Areas,Near Hospital,Human Error,No,Simple Injury,Vehicle to Vehicle,Controlled,Curve,Others,Bitumen(Tar),Dry,Not Applicable,Clear,HESRAGATTA ROAD,GOVT HOSPITAL COMPOND,10 FT,13.084628,77.404075
Bengaluru Dist,Madanayakanahally PS,1.04422e+16,2021,1,2,Road Accidents,Not Applicable,Rural Areas,Open area,Human Error,Yes,Grievous Injury,Vehicle to Vehicle,Uncontrolled,Not Applicable,Others,Bitumen(Tar),Dry,Not Applicable,Fine,Huskuru road,Near nagaruru colony cross,6,13.091966,77.445267
Bengaluru Dist,Madanayakanahally PS,1.04422e+16,2021,1,2,Road Accidents,Narrow road,Rural Areas,Open area,Not Applicable,No,Damage Only,Vehicle to Vehicle,Not Applicable,Others,Two way,Bitumen(Tar),Others,Not Applicable,Others,Nelamangala-Tavarekere Road,Near Mallasandra village,15 Km,13.003156,77.393943
Bengaluru Dist,Madanayakanahally PS,1.04422e+16,2021,1,1,Road Accidents,Narrow road,Rural Areas,Open area,Human Error,No,Simple Injury,Hit pedestrian,Not Applicable,Straight and flat,Others,Bitumen(Tar),Dry,Not Applicable,Fine,Hullegowdanahalli Road,Near Gangaramaiah Land,17,13.029368,77.40314
Bengaluru Dist,Madanayakanahally PS,1.04422e+16,2021,1,2,Road Accidents,Narrow road,Rural Areas,Residential area,Human Error,No,Fatal,Vehicle to Vehicle,Not Applicable,Not Applicable,Others,Bitumen(Tar),Dry,Not Applicable,Fine,OTHER,Durga Hardware,20FT,13.026347,77.465847
Bengaluru Dist,Madanayakanahally PS,1.04422e+16,2021,1,2,Road Accidents,Not Applicable,Rural Areas,Open area,Human Error,No,Grievous Injury,Vehicle to Vehicle,No signal lights,Straight and flat,Others,Bitumen(Tar),Not Applicable,Not Applicable,Light Rain,Magadi Road,near Chikkagollarahatti bus stand,12,0.0,0.0
Bengaluru Dist,Madanayakanahally PS,1.04422e+16,2021,1,1,Road Accidents,Cross roads,City/Town,Open area,Human Error,Not Applicable,Grievous Injury,Not Applicable,Not Applicable,Others,Others,Kutcha,Dry,Not Applicable,Cloudy,Kuduregere road,near tci cross,2,0.0,0.0
Bengaluru Dist,Madanayakanahally PS,1.04422e+16,2021,1,1,Road Accidents,Narrow road,Rural Areas,Near a factory industrial area,Human Error,No,Grievous Injury,Not Applicable,Not Applicable,Straight and flat,Others,Bitumen(Tar),Wet,No influence on accident,Light Rain,Huskuru road,near Sineg gowdown,13,0.0,0.0
Bengaluru Dist,Madanayakanahally PS,1.04422e+16,2021,1,1,Road Accidents,Cross roads,City/Town,Residential area,Vehicle Defect,No,Simple Injury,Not Applicable,Not Applicable,Curve,One way,Bitumen(Tar),Dry,Not Applicable,Clear,Kadabagere Cross,Near Nith Store,17,12.989554,77.451
Bengaluru Dist,Madanayakanahally PS,1.04422e+16,2021,1,2,Road Accidents,Narrow road,City/Town,Near a religious place,Not Applicable,No,Grievous Injury,Vehicle to Vehicle,Uncontrolled,Others,Two way,Surfaced,Dry,Not Applicable,Fine,MN HALLI- KUDUREGERE,Near Maramma temple,150 FT,0.0,0.0
Bengaluru Dist,Madanayakanahally PS,1.04422e+16,2021,1,1,Road Accidents,Curves,Rural Areas,Open area,Not Applicable,No,Fatal,Hit pedestrian,Not at  Junction,Curve,Others,Bitumen(Tar),Dry,Not Applicable,Clear,Janapriya-Madanayakanahalli Road,BMTC Trining Center,100 mt,0.0,0.0
Bengaluru Dist,Madanayakanahally PS,1.04422e+16,2021,1,2,Road Accidents,Narrow road,Rural Areas,Residential area,Human Error,No,Simple Injury,Vehicle to Vehicle,Not at  Junction,Straight and flat,Residential Street,Bitumen(Tar),Dry,No influence on accident,Clear,Kadabagere-Byandahalli road,Infront of Sri Ram Complex,8 km,12.992416,77.4427
Bengaluru Dist,Madanayakanahally PS,1.04422e+16,2021,1,2,Road Accidents,Narrow road,Rural Areas,Near Bus stop,Human Error,Yes,Grievous Injury,Vehicle to Vehicle,Controlled,Straight and flat,Major District Road,Bitumen(Tar),Dry,No influence on accident,Clear,Magadi-Bangalore road,Near Forest Gate,10km,12.99089,77.454523
Bengaluru Dist,Madanayakanahally PS,1.04422e+16,2021,1,2,Road Accidents,Not Applicable,Rural Areas,Near office complex,Human Error,No,Grievous Injury,Vehicle to Vehicle,Not at  Junction,Straight and flat,Others,Bitumen(Tar),Others,Not Applicable,Fine,Kachohalli road,Near Hussain Sab Industrial area cross,13,0.0,0.0
Bengaluru Dist,Madanayakanahally PS,1.04422e+16,2021,1,2,Road Accidents,Not Applicable,Rural Areas,Open area,Human Error,No,Simple Injury,Vehicle to Vehicle,Controlled,Not Applicable,Others,Bitumen(Tar),Dry,Not Applicable,Clear,HUSKUR ROAD,ELECTRICAL POLL,15 FT,13.114079,77.4315149
Bengaluru Dist,Madanayakanahally PS,1.04422e+16,2021,1,1,Road Accidents,Narrow road,Rural Areas,Near Petrol Pump,Human Error,No,Grievous Injury,Hit pedestrian,Uncontrolled,Straight and flat,Major District Road,Bitumen(Tar),Dry,No influence on accident,Clear,Makali-Huskur road,Infront of Arkavati Centre Ri Petroliam,6km,13.09735,77.445129
Bengaluru Dist,Madanayakanahally PS,1.04422e+16,2021,1,1,Road Accidents,Curves,Rural Areas,Near Bus stop,Not Applicable,No,Fatal,Hit pedestrian,Not at  Junction,Curve,Others,Bitumen(Tar),Dry,Not Applicable,Clear,Thotagere-Kukkanhalli Road,Layout Road,1/2 KM,13.007314,77.441928
Bengaluru Dist,Madanayakanahally PS,1.04422e+16,2021,1,2,Road Accidents,Narrow road,Rural Areas,Open area,Human Error,No,Grievous Injury,Vehicle to Vehicle,Not Applicable,Straight and flat,Not Applicable,Bitumen(Tar),Others,Not Applicable,Clear,MAGADI ROAD,NEAR MUTHURAYA TEMPLE,15,13.064299,77.43751
Bengaluru Dist,Madanayakanahally PS,1.04422e+16,2021,1,1,Road Accidents,Narrow road,Rural Areas,Near a religious place,Human Error,No,Grievous Injury,Hit pedestrian,Not at  Junction,Gentle Incline or Climb,Two way,Bitumen(Tar),Dry,No influence on accident,Others,Madanayakanahalli-Lakshmipura Road,Maramma temple,100 Ft,13.075212,77.432171
Bengaluru Dist,Madanayakanahally PS,1.04422e+16,2021,1,1,Road Accidents,Curves,Rural Areas,Near a religious place,Not Applicable,No,Fatal,Hit pedestrian,Not at  Junction,Others,Others,Bitumen(Tar),Dry,Not Applicable,Clear,Kammasandra road,Near Raghavendra Temple,1/2 KM,13.027819,77.456789
Bengaluru Dist,Madanayakanahally PS,1.04422e+16,2021,1,1,Road Accidents,Narrow road,Rural Areas,Near or inside a village,Human Error,No,Grievous Injury,Hit pedestrian,Not at  Junction,Gentle Incline or Climb,Two way,Concrete,Dry,No influence on accident,Clear,Gangondanahalli-tippenahalli Road,Shanti nagara Ashwathakatte,1 frlg,13.024916,77.471668
Bengaluru Dist,Madanayakanahally PS,1.04422e+16,2021,1,2,Road Accidents,Narrow road,Rural Areas,Open area,Human Error,Yes,Grievous Injury,Vehicle to Vehicle,Controlled,Straight and flat,Others,Bitumen(Tar),Dry,No influence on accident,Clear,Magadi-Bangalore road,Infront Huliyuramma Temple,10km,12.991944,77.4609229
Bengaluru Dist,Madanayakanahally PS,1.04422e+16,2021,1,2,Road Accidents,Narrow road,Rural Areas,Residential area,Human Error,No,Grievous Injury,Vehicle to Vehicle,Uncontrolled,Straight and flat,Others,Gravel,Dry,No influence on accident,Clear,Tavarekere-Nelamangala road,Infront of Hanumantarayappa House,12km,13.05577,77.384487
Bengaluru Dist,Madanayakanahally PS,1.04422e+16,2021,1,2,Road Accidents,Narrow road,Rural Areas,Open area,Human Error,Yes,Grievous Injury,Vehicle to Vehicle,Not at  Junction,Straight and flat,Minor District Road,Bitumen(Tar),Wet,No influence on accident,Cloudy,Byandahalli-Kadabagere Cross road,Infront of M P Ceramic,8km,12.999356,77.442756
Bengaluru Dist,Madanayakanahally PS,1.04422e+16,2021,1,2,Road Accidents,Curves,Rural Areas,Near Bus stop,Not Applicable,No,Fatal,Vehicle to Vehicle,Not at  Junction,Curve,Others,Bitumen(Tar),Dry,Not Applicable,Clear,Govindapura-Narasipura Road,Mathahalli Bus Stop,1/2 KM,0.0,0.0
Bengaluru Dist,Madanayakanahally PS,1.04422e+16,2021,1,1,Road Accidents,Narrow road,Rural Areas,Open area,Human Error,No,Grievous Injury,Not Applicable,Not at  Junction,Not Applicable,Others,Bitumen(Tar),Ditch or Potholed,Pot holed,Others,Thorenagasandra road,Near Muniyappa land,18,0.0,0.0
Bengaluru Dist,Madanayakanahally PS,1.04422e+16,2021,1,1,Road Accidents,Not Applicable,Rural Areas,Open area,Human Error,No,Fatal,Hit pedestrian,Not Applicable,Not Applicable,Others,Kutcha,Dry,Not Applicable,Fine,other,A1 body bulders,10,13.065385,77.455697
Bengaluru Dist,Madanayakanahally PS,1.04422e+16,2022,1,2,Road Accidents,Cross roads,Rural Areas,Near Hospital,Human Error,No,Simple Injury,Vehicle to Vehicle,Not Applicable,Straight and flat,Others,Bitumen(Tar),Dry,Not Applicable,Clear,Magadi Road,Near pooja hospital,14,12.990932,77.454245
Bengaluru Dist,Madanayakanahally PS,1.04422e+16,2022,1,2,Road Accidents,Circle,Rural Areas,Near Bus stop,Human Error,No,Fatal,Vehicle to Vehicle,Not at  Junction,Curve,Others,Bitumen(Tar),Dry,Not Applicable,Clear,Kachohally-Machohalli Road,Kachohalli Bus Stand,1/2 KM,13.078501,77.4578169
Bengaluru Dist,Madanayakanahally PS,1.04422e+16,2022,1,1,Road Accidents,Curves,Rural Areas,Open area,Human Error,No,Grievous Injury,Not Applicable,Uncontrolled,Curve,Minor District Road,Bitumen(Tar),Dry,No influence on accident,Clear,Sondekoppa-Mallasandra road,Infront of Rudrappa Land,10km,13.055335,77.481636
Bengaluru Dist,Madanayakanahally PS,1.04422e+16,2022,1,1,Road Accidents,Narrow road,City/Town,Residential area,Not Applicable,No,Grievous Injury,Not Applicable,Controlled,Others,Others,Bitumen(Tar),Others,Not Applicable,Clear,Matthahalli Road,Matthahalli Road,2 KM,13.107946,77.456692
Bengaluru Dist,Madanayakanahally PS,1.04422e+16,2022,1,2,Road Accidents,Not Applicable,Rural Areas,Near School or College,Human Error,No,Grievous Injury,Hit bicyclist,Not Applicable,Straight and flat,Others,Bitumen(Tar),Dry,Not Applicable,Clear,chikkagollaratti,near embssy school,12 km,12.99171,77.463344
Bengaluru Dist,Madanayakanahally PS,1.04422e+16,2022,1,2,Road Accidents,Not Applicable,Rural Areas,Near Bus stop,Human Error,Yes,Grievous Injury,Hit bicyclist,Not at  Junction,Straight and flat,Others,Bitumen(Tar),Dry,Not Applicable,Clear,Magadi Road,near kadabagere bus stand,10km,12.9861,77.447129
Bengaluru Dist,Madanayakanahally PS,1.04422e+16,2022,1,2,Not Applicable,Narrow road,Rural Areas,Near a factory industrial area,Human Error,No,Grievous Injury,Vehicle to Vehicle,Not at  Junction,Not Applicable,Others,Bitumen(Tar),Not Applicable,Not Applicable,Clear,Huskuru Road,Soni Godan,2 Km,13.076184,77.450955
Bengaluru Dist,Madanayakanahally PS,1.04422e+16,2022,1,1,Road Accidents,Narrow road,Rural Areas,Near Bus stop,Human Error,Yes,Grievous Injury,Hit pedestrian,Give way sign,Incline,One way,Bitumen(Tar),Dry,Not Applicable,Clear,Banagalore-Magadi Road,Near Bus Stop,14 Km,0.0,0.0
Bengaluru Dist,Madanayakanahally PS,1.04422e+16,2022,1,1,Road Accidents,Narrow road,Rural Areas,Near School or College,Human Error,No,Grievous Injury,Hit pedestrian,Not at  Junction,Straight and flat,State Highway,Bitumen(Tar),Dry,Engineering Defect of Road,Clear,Magadi-Bangalore road,Infront Of Embassy School,20 FT,12.991708,77.464106
Bengaluru Dist,Madanayakanahally PS,1.04422e+16,2022,1,2,Road Accidents,Narrow road,City/Town,Near a religious place,Not Applicable,No,Simple Injury,Vehicle to Vehicle,Not at  Junction,Others,NH,Bitumen(Tar),Dry,Not Applicable,Clear,Magadi-Bangalore Main Road,NEAR HULIYURAMMA TEMPLE,1/2 KM,13.077526,77.432038
Bengaluru Dist,Madanayakanahally PS,1.04422e+16,2022,1,1,Road Accidents,Narrow road,Rural Areas,Open area,Human Error,No,Fatal,Hit pedestrian,Not Applicable,Others,State Highway,Gravel,Dry,Construction Work / Material,Wind,sh,Kadabagere Cross,50,13.104615,77.442984
Bengaluru Dist,Madanayakanahally PS,1.04422e+16,2022,1,2,Road Accidents,Not Applicable,Rural Areas,Near Hospital,Human Error,Yes,Simple Injury,Vehicle to Vehicle,Not Applicable,Straight and flat,Others,Bitumen(Tar),Dry,Not Applicable,Clear,magadi main road,near machohalli gate,12,13.068729,77.456193
Bengaluru Dist,Madanayakanahally PS,1.04422e+16,2022,1,2,Road Accidents,Narrow road,Rural Areas,Open area,Human Error,No,Simple Injury,Vehicle to Vehicle,Uncontrolled,Straight and flat,Minor District Road,Bitumen(Tar),Dry,No influence on accident,Clear,Makali-Huskur road,Infront of Kaveri Hardware and Electricals,5km,13.053194,77.470233
Bengaluru Dist,Madanayakanahally PS,1.04422e+16,2022,1,1,Road Accidents,Not Applicable,Rural Areas,Near Bus stop,Human Error,No,Grievous Injury,Hit pedestrian,Not Applicable,Not Applicable,Others,Bitumen(Tar),Dry,Not Applicable,Fine,Magadi Road,near Chamunda stones,9,12.991328,77.460438
Bengaluru Dist,Madanayakanahally PS,1.04422e+16,2022,1,2,Road Accidents,Curves,Rural Areas,Near a religious place,Human Error,Yes,Simple Injury,Vehicle to Vehicle,Controlled,Curve,Others,Bitumen(Tar),Dry,Not Applicable,Clear,Kadabagere Cross-Kadabagere,Infront of Mutturayaswamy Temple,10km,12.991699,77.4425909
Bengaluru Dist,Madanayakanahally PS,1.04422e+16,2022,1,1,Road Accidents,Curves,Rural Areas,Open area,Not Applicable,No,Fatal,Hit pedestrian,Not at  Junction,Others,Others,Bitumen(Tar),Dry,Not Applicable,Clear,Hullegowdanahalli Road,Near Vayuputhra Cancrit Blocks,01-Feb,0.0,0.0
Bengaluru Dist,Madanayakanahally PS,1.04422e+16,2022,1,1,Road Accidents,Not Applicable,Rural Areas,Near a religious place,Human Error,No,Grievous Injury,Not Applicable,Not Applicable,Steep Incline or Climb,Others,Bitumen(Tar),Dry,Not Applicable,Clear,Machohalli Road,Near Raghavendra Temple,10,12.998973,77.450804
Bengaluru Dist,Madanayakanahally PS,1.04422e+16,2022,1,2,Road Accidents,Junction,Rural Areas,Open area,Human Error,No,Fatal,Vehicle to Vehicle,Not at  Junction,Curve and Incline,Others,Bitumen(Tar),Dry,Not Applicable,Fine,orhwe,Bettahalli,40,13.01508,77.446873
Bengaluru Dist,Madanayakanahally PS,1.04422e+16,2022,1,2,Road Accidents,Narrow road,Rural Areas,Residential area,Human Error,Yes,Fatal,Vehicle to Vehicle,Not Applicable,Not Applicable,Residential Street,Not Applicable,Dry,Not Applicable,Not Applicable,venkateswara kalyanamantapa road,kumarhouse,5ft,12.983,77.460142
Bengaluru Dist,Madanayakanahally PS,1.04422e+16,2022,1,1,Road Accidents,Narrow road,City/Town,Residential area,Human Error,No,Fatal,Not Applicable,Not Applicable,Hump,Residential Street,Concrete,Dry,Not Applicable,Fine,Muneswara Badavane,slv prisisn,15ft,12.986728,77.460778
Bengaluru Dist,Madanayakanahally PS,1.04422e+16,2022,1,2,Road Accidents,Not Applicable,Rural Areas,Near Bus stop,Human Error,Yes,Grievous Injury,Vehicle to Vehicle,No signal lights,Others,Others,Bitumen(Tar),Dry,No influence on accident,Clear,Kadabagere road,near kg lakenahalli cross,9,0.0,0.0
Bengaluru Dist,Madanayakanahally PS,1.04422e+16,2022,1,2,Road Accidents,Curves,Rural Areas,Near or inside a village,Human Error,Yes,Grievous Injury,Vehicle to Vehicle,Controlled,Curve,Others,Bitumen(Tar),Not Applicable,Not Applicable,Clear,Sondekoppa Thavarekere road,Sondekoppa,15 KM,13.012519,77.384691
Bengaluru Dist,Madanayakanahally PS,1.04422e+16,2022,1,1,Road Accidents,Narrow road,Rural Areas,Open area,Vehicle Defect,No,Fatal,Hit pedestrian,Not Applicable,Not Applicable,Residential Street,Bitumen(Tar),Dry,Not Applicable,Fine,"madhurai temple road,",kannappa house opp,30feet,0.0,0.0
Bengaluru Dist,Madanayakanahally PS,1.04422e+16,2022,1,2,Road Accidents,Narrow road,Rural Areas,Near a factory industrial area,Human Error,Not Applicable,Grievous Injury,Vehicle to Vehicle,Uncontrolled,Straight and flat,Two way,Bitumen(Tar),Dry,No influence on accident,Clear,HUSKUR ROAD,golden seems factory near,7,0.0,0.0
Bengaluru Dist,Madanayakanahally PS,1.04422e+16,2022,1,2,Road Accidents,Curves,Rural Areas,Open area,Human Error,No,Grievous Injury,Vehicle to Vehicle,Not at  Junction,Straight and flat,Others,Bitumen(Tar),Dry,No influence on accident,Clear,Mallasandra road,Near Gangachowdaiah land,17,13.005246,77.389142
Bengaluru Dist,Madanayakanahally PS,1.04422e+16,2022,1,2,Road Accidents,Cross roads,Rural Areas,Residential area,Human Error,No,Grievous Injury,Vehicle to Vehicle,Controlled,Others,Minor District Road,Bitumen(Tar),Dry,No influence on accident,Clear,Thorenagasandra-Thotagere road,Infront of Sriram Enclive,12km,12.995011,77.448309
Bengaluru Dist,Madanayakanahally PS,1.04422e+16,2022,1,1,Road Accidents,Curves,Rural Areas,Near a factory industrial area,Human Error,No,Damage Only,Not Applicable,Not Applicable,Straight and flat,Others,Bitumen(Tar),Others,Not Applicable,Clear,Near kadabagere road,Near mega engineering,12,12.989947,77.447018
Bengaluru Dist,Madanayakanahally PS,1.04422e+16,2022,1,2,Road Accidents,Narrow road,Rural Areas,Open area,Human Error,No,Grievous Injury,Vehicle to Vehicle,Not at  Junction,Not Applicable,Others,Bitumen(Tar),Dry,Not Applicable,Clear,Kitthanahalli Byyandahalli Road,Kuvempu nagara,10 KM,0.0,0.0