DISTRICTNAME,UNITNAME,Crime_No,Year,RI,Noofvehicle_involved,Accident_Classification,Accident_Spot,Accident_Location,Accident_SubLocation,Main_Cause,Hit_Run,Severity,Collision_Type,Junction_Control,Road_Character,Road_Type,Surface_Type,Surface_Condition,Road_Condition,Weather,Accident_Road,Landmark_first,Distance_LandMark_First,Latitude,Longitude
Bengaluru Dist,Madanayakanahally PS,1.04422e+16,2022,1,1,Road Accidents,Cross roads,Rural Areas,Near a religious place,Human Error,No,Grievous Injury,Hit pedestrian,Controlled,Incline,Minor District Road,Bitumen(Tar),Dry,No influence on accident,Clear,Machohalli road,Infront of Complaint House,10km,12.998218,77.45088
Bengaluru Dist,Madanayakanahally PS,1.04422e+16,2022,1,2,Road Accidents,Narrow road,Rural Areas,Open area,Human Error,No,Grievous Injury,Vehicle to Vehicle,Uncontrolled,Others,Others,Bitumen(Tar),Dry,Not Applicable,Clear,Kadabagere road,front of Bharati Hardware,8 kms,12.995288,77.443158
Bengaluru Dist,Madanayakanahally PS,1.04422e+16,2022,1,2,Road Accidents,Narrow road,Rural Areas,Near or inside a village,Human Error,No,Grievous Injury,Vehicle to Vehicle,Not Applicable,Not Applicable,One way,Bitumen(Tar),Not Applicable,Not Applicable,Clear,Machohalli Colony,Near Shanimahathma Temple,12 KM,0.0,0.0
Bengaluru Dist,Madanayakanahally PS,1.04422e+16,2022,1,1,Road Accidents,Not Applicable,Rural Areas,Near Bus stop,Human Error,No,Grievous Injury,Hit pedestrian,Not Applicable,Straight and flat,Others,Bitumen(Tar),Dry,Not Applicable,Clear,Kadabagere road,Near Janapriya township,14,13.022103,77.381173
Bengaluru Dist,Madanayakanahally PS,1.04422e+16,2022,1,1,Road Accidents,Curves,Rural Areas,Residential area,Human Error,No,Fatal,Not Applicable,Not Applicable,Incline,Others,Bitumen(Tar),Dry,Not Applicable,Fine,Kuduragere Road,Adrasha from,10ft,13.06691,77.47464
Bengaluru Dist,Madanayakanahally PS,1.04422e+16,2022,1,2,Road Accidents,Cross roads,Rural Areas,Near or inside a village,Human Error,Yes,Grievous Injury,Vehicle to Vehicle,Not at  Junction,Curve,Others,Bitumen(Tar),Dry,Not Applicable,Clear,Sondekoppa Road,Near Venkatapura cross,14,13.085226,77.392295
Bengaluru Dist,Madanayakanahally PS,1.04422e+16,2022,1,1,Road Accidents,Narrow road,Rural Areas,At pedestrian Crossing,Human Error,Yes,Grievous Injury,Hit pedestrian,Give way sign,Straight and flat,Others,Concrete,Dry,Not Applicable,Fine,"Near Vidya Samaskar School, Machohalli",Near Vidya Samskar School,15 Km,12.992574,77.454128
Bengaluru Dist,Madanayakanahally PS,1.04422e+16,2022,1,1,Road Accidents,Narrow road,Rural Areas,Near Bus stop,Human Error,No,Fatal,Hit pedestrian,Signals (Working),Others,State Highway,Bitumen(Tar),Dry,Not Applicable,Fine,Magadi main Road,Hulluramma tempale,60,12.991095,77.455596
Bengaluru Dist,Madanayakanahally PS,1.04422e+16,2022,1,1,Road Accidents,Not Applicable,Rural Areas,Near School or College,Human Error,Yes,Grievous Injury,Hit pedestrian,Not at  Junction,Straight and flat,Others,Bitumen(Tar),Others,No influence on accident,Clear,Makali-Heggadadevanapura,near Govt school,3,0.0,0.0
Bengaluru Dist,Madanayakanahally PS,1.04422e+16,2022,1,1,Road Accidents,Narrow road,Rural Areas,Near or inside a village,Human Error,No,Grievous Injury,Not Applicable,Not Applicable,Curve,Others,Bitumen(Tar),Dry,Not Applicable,Clear,Bylakonenahalli Madanayakanahalli Road,Bylakonenahalli Cross,10 KM,0.0,0.0
Bengaluru Dist,Madanayakanahally PS,1.04422e+16,2022,1,1,Road Accidents,Cross roads,Rural Areas,Near School or College,Human Error,Yes,Grievous Injury,Hit pedestrian,Uncontrolled,Straight and flat,Others,Bitumen(Tar),Dry,Not Applicable,Cloudy,Machohalli Road,Near Vidya Samskar School,15 Km,12.993201,77.453921
Bengaluru Dist,Madanayakanahally PS,1.04422e+16,2022,1,1,Road Accidents,Not Applicable,Rural Areas,Near Bus stop,Human Error,No,Grievous Injury,Hit pedestrian,Uncontrolled,Straight and flat,Others,Bitumen(Tar),Dry,Not Applicable,Clear,Magadi Main Road,near Chikkagollarahatti bus stand,8,12.991532,77.465269
Bengaluru Dist,Madanayakanahally PS,1.04422e+16,2022,1,1,Road Accidents,Narrow road,Rural Areas,Open area,Human Error,Yes,Grievous Injury,Hit pedestrian,Uncontrolled,Straight and flat,Others,Bitumen(Tar),Dry,No influence on accident,Clear,Makali-Huskur road,Near Biesse Company Nagaruru,6km,13.078531,77.429099
Bengaluru Dist,Madanayakanahally PS,1.04422e+16,2022,1,2,Road Accidents,Cross roads,Rural Areas,Near Petrol Pump,Not Applicable,No,Grievous Injury,Vehicle to Vehicle,Not Applicable,Straight and flat,Others,Bitumen(Tar),Dry,Not Applicable,Clear,sondekoppa road,Kadabgere cross,17,12.992349,77.466553
Bengaluru Dist,Madanayakanahally PS,1.04422e+16,2022,1,1,Road Accidents,Narrow road,Rural Areas,Near office complex,Human Error,No,Fatal,Not Applicable,Not at  Junction,Not Applicable,Others,Bitumen(Tar),Dry,Pot holed,Fine,Ravuthanahalli Main Road,Near moori,6feet,13.052647,77.434211
Bengaluru Dist,Madanayakanahally PS,1.04422e+16,2022,1,2,Road Accidents,Curves,Rural Areas,Open area,Human Error,No,Fatal,Vehicle to Vehicle,Not Applicable,Curve,Others,Bitumen(Tar),Dry,Not Applicable,Fine,Madanayakanahalli Thotadaguddahalli road,govindappa from,6ft,0.0,0.0
Bengaluru Dist,Madanayakanahally PS,1.04422e+16,2022,1,1,Road Accidents,Cross roads,Rural Areas,Open area,Human Error,Not Applicable,Grievous Injury,Hit pedestrian,Uncontrolled,Curve and Incline,Minor District Road,Bitumen(Tar),Dry,No influence on accident,Clear,Kittanahalli-Byandahalli cross road,Infront of S V Fork Hotel,9,13.009008,77.423096
Bengaluru Dist,Madanayakanahally PS,1.04422e+16,2022,1,2,Road Accidents,Road hump or Rumble strips,Rural Areas,Near School or College,Human Error,Yes,Grievous Injury,Vehicle to Vehicle,Controlled,Straight and flat,Major District Road,Bitumen(Tar),Dry,No influence on accident,Clear,Magadi-Bangalore road,Near Embassy school,11km,12.991605,77.463408
Bengaluru Dist,Madanayakanahally PS,1.04422e+16,2022,1,2,Road Accidents,Cross roads,Rural Areas,Open area,Human Error,No,Fatal,Vehicle to Vehicle,Not at  Junction,Curve,Others,Bitumen(Tar),Not Applicable,Not Applicable,Clear,Sondekoppa Road,near Byregowdanahalli cross,12,13.063864,77.393744
Bengaluru Dist,Madanayakanahally PS,1.04422e+16,2022,1,1,Road Accidents,Narrow road,Rural Areas,Near Bus stop,Human Error,Yes,Grievous Injury,Not Applicable,Controlled,Straight and flat,Minor District Road,Bitumen(Tar),Dry,No influence on accident,Clear,Sondekoppa-Nelamangala Road,Near Iswara Temple,12km,13.126362,77.454342
Bengaluru Dist,Madanayakanahally PS,1.04422e+16,2022,1,3,Road Accidents,Not Applicable,Rural Areas,Open area,Human Error,No,Damage Only,Vehicle to Vehicle,Not Applicable,Straight and flat,Others,Bitumen(Tar),Dry,Not Applicable,Clear,Gangondanhalli road,K g shrikantapura cross,9,13.03142,77.466069
Bengaluru Dist,Madanayakanahally PS,1.04422e+16,2022,1,1,Road Accidents,Curves,City/Town,At pedestrian Crossing,Human Error,Yes,Fatal,Hit pedestrian,Controlled,Curve,Sub Arterial,Bitumen(Tar),Others,Not Applicable,Not Applicable,Bommashettihalli Cross,Bommashettihalli Cross,13 KM,0.0,0.0
Bengaluru Dist,Madanayakanahally PS,1.04422e+16,2022,1,1,Road Accidents,Curves,City/Town,Residential area,Human Error,No,Grievous Injury,Not Applicable,Uncontrolled,Curve,Others,Bitumen(Tar),Others,Not Applicable,Others,Sub Way,Tar Road,5 KM,13.08147,77.4909759
Bengaluru Dist,Madanayakanahally PS,1.04422e+16,2022,1,1,Road Accidents,Narrow road,City/Town,Open area,Human Error,No,Grievous Injury,Not Applicable,Not at  Junction,Not Applicable,Two way,Bitumen(Tar),Dry,Not Applicable,Clear,Gangondanahalli Nelagadaranahalli Road,Gangondanahalli Nice Bridge,7 KM,13.020132,77.4671629
Bengaluru Dist,Madanayakanahally PS,1.04422e+16,2022,1,1,Road Accidents,Not Applicable,Rural Areas,Near a religious place,Human Error,No,Grievous Injury,Not Applicable,Not Applicable,Straight and flat,Others,Bitumen(Tar),Dry,No influence on accident,Clear,Magadi Main Road,Near Huliyuramma temple,10,12.990911,77.455764
Bengaluru Dist,Madanayakanahally PS,1.04422e+16,2022,1,1,Road Accidents,Not Applicable,Rural Areas,Residential area,Human Error,No,Grievous Injury,Not Applicable,Not Applicable,Curve,Others,Bitumen(Tar),Dry,No influence on accident,Clear,Magadi Road,Rashi layout Near,9,13.076187,77.4527879
Bengaluru Dist,Madanayakanahally PS,1.04422e+16,2022,1,1,Road Accidents,Curves,Rural Areas,Near Bus stop,Not Applicable,No,Fatal,Hit pedestrian,Not at  Junction,Curve,Others,Concrete,Dry,Not Applicable,Clear,"Devannanapalya, Maruthinagara",Near Prerana Goaden,1/2 KM,13.077752,77.4201199
Bengaluru Dist,Madanayakanahally PS,1.04422e+16,2022,1,2,Road Accidents,Narrow road,City/Town,Near or inside a village,Human Error,No,Grievous Injury,Vehicle to Vehicle,Not Applicable,Not Applicable,Others,Bitumen(Tar),Not Applicable,Not Applicable,Fine,Makali Huskuru Road,Makali Huskuru road,5 KM,13.076478,77.451095
Bengaluru Dist,Madanayakanahally PS,1.04422e+16,2022,1,1,Road Accidents,Narrow road,Rural Areas,Near Bus stop,Human Error,No,Grievous Injury,Hit pedestrian,Uncontrolled,Not Applicable,Others,Bitumen(Tar),Muddy,Not Applicable,Clear,Kadabagere road,Near Janapriya township,10,13.001024,77.442157
Bengaluru Dist,Madanayakanahally PS,1.04422e+16,2022,1,2,Road Accidents,Narrow road,Rural Areas,Near School or College,Human Error,Yes,Grievous Injury,Hit bicyclist,Not at  Junction,Straight and flat,Others,Bitumen(Tar),Dry,Not Applicable,Clear,BGS school road,Near BGS school,6km,13.089589,77.427034
Bengaluru Dist,Madanayakanahally PS,1.04422e+16,2022,1,2,Road Accidents,Curves,Rural Areas,Residential area,Human Error,No,Grievous Injury,Vehicle to Vehicle,Uncontrolled,Curve,Residential Street,Bitumen(Tar),Dry,No influence on accident,Clear,bylakonenahalli road,bylakonenahalli road,9,0.0,0.0
Bengaluru Dist,Madanayakanahally PS,1.04422e+16,2022,1,1,Road Accidents,Narrow road,Rural Areas,Open area,Human Error,Yes,Fatal,Not Applicable,Not at  Junction,Others,Others,Bitumen(Tar),Dry,Not Applicable,Others,other,banian tree,2,13.028157,77.467351
Bengaluru Dist,Madanayakanahally PS,1.04422e+16,2022,1,1,Road Accidents,Curves,Rural Areas,Residential area,Human Error,No,Fatal,Not Applicable,Not at  Junction,Sharp Curve,Others,Bitumen(Tar),Dry,Not Applicable,Fine,other,national wood packars,80ft,13.051415,77.41889
Bengaluru Dist,Madanayakanahally PS,1.04422e+16,2022,1,2,Road Accidents,Narrow road,City/Town,Residential area,Human Error,Yes,Grievous Injury,Vehicle to Vehicle,Not at  Junction,Not Applicable,State Highway,Bitumen(Tar),Dry,Not Applicable,Clear,Magadi Bangalore Main Road,Tar,10 KM,12.985713,77.446329
Bengaluru Dist,Madanayakanahally PS,1.04422e+16,2022,1,2,Road Accidents,Narrow road,City/Town,Near Hospital,Human Error,No,Grievous Injury,Vehicle to Vehicle,Controlled,Straight and flat,State Highway,Bitumen(Tar),Dry,Not Applicable,Fine,Bengaluru Magadi Road,Near Madava Hospitals,12 km,12.979029,77.431997
Bengaluru Dist,Madanayakanahally PS,1.04422e+16,2022,1,2,Road Accidents,Cross roads,Rural Areas,Near or inside a village,Human Error,Yes,Grievous Injury,Vehicle to Vehicle,Controlled,Curve,One way,Bitumen(Tar),Not Applicable,Not Applicable,Clear,Thotadaguddadahalli Madanayakanahalli Raod,Narasappa Circle,6 Km,13.069908,77.485498
Bengaluru Dist,Madanayakanahally PS,1.04422e+16,2022,1,1,Road Accidents,Curves,Rural Areas,Residential area,Not Applicable,No,Fatal,Hit pedestrian,Not at  Junction,Curve,Others,Bitumen(Tar),Dry,Not Applicable,Others,Makali-Kodipalya Road,Near Golden Farm Hotel,1/2 KM,13.089312,77.445465
Bengaluru Dist,Madanayakanahally PS,1.04422e+16,2022,1,1,Not Applicable,Not Applicable,City/Town,Near office complex,Human Error,No,Grievous Injury,Not Applicable,Not at  Junction,Others,Residential Street,Bitumen(Tar),Dry,Not Applicable,Clear,MAGADI MAIN ROAD,vinayaka leyout,16,0.0,0.0
Bengaluru Dist,Madanayakanahally PS,1.04422e+16,2022,1,2,Road Accidents,Curves,Rural Areas,Open area,Human Error,No,Grievous Injury,Vehicle to Vehicle,Not Applicable,Straight and flat,Others,Bitumen(Tar),Dry,Not Applicable,Clear,kadaranahalli - laksmipura road,kadaranahalli,7,13.065147,77.4612109
Bengaluru Dist,Madanayakanahally PS,1.04422e+16,2022,1,1,Road Accidents,Not Applicable,Rural Areas,Near School or College,Human Error,Yes,Grievous Injury,Hit pedestrian,Not Applicable,Straight and flat,Others,Bitumen(Tar),Dry,Not Applicable,Clear,heggadadebanaoura road,near shrusti school,3 km,13.074131,77.457301
Bengaluru Dist,Madanayakanahally PS,1.04422e+16,2022,1,2,Road Accidents,Curves,Rural Areas,Open area,Human Error,Yes,Grievous Injury,Vehicle to Vehicle,Uncontrolled,Curve,Major District Road,Bitumen(Tar),Dry,No influence on accident,Clear,MAGADI MAIN ROAD BANGALORE TO MAGADI ROAD,seegehalli gate,15,12.985397,77.445871
Bengaluru Dist,Madanayakanahally PS,1.04422e+16,2022,1,2,Road Accidents,Cross roads,Rural Areas,Open area,Human Error,Yes,Grievous Injury,Vehicle to Vehicle,Uncontrolled,Slight Curve,Minor District Road,Bitumen(Tar),Dry,No influence on accident,Clear,Thotadaguddadahalli-Tammenahalli road,Infront of Kondappa land,5km,13.066098,77.454105
Bengaluru Dist,Madanayakanahally PS,1.04422e+16,2022,1,2,Road Accidents,Cross roads,Rural Areas,Open area,Human Error,No,Simple Injury,Vehicle to Vehicle,Not Applicable,Straight and flat,Others,Bitumen(Tar),Dry,Not Applicable,Clear,huskuru makali road,madva nagar layout,13,13.131402,77.410681
Bengaluru Dist,Madanayakanahally PS,1.04422e+16,2022,1,1,Road Accidents,Narrow road,Rural Areas,Open area,Human Error,No,Fatal,Not Applicable,Not Applicable,Not Applicable,Others,Bitumen(Tar),Dry,Not Applicable,Fine,others,Ganganarasayya Land,10,13.038234,77.427089
Bengaluru Dist,Madanayakanahally PS,1.04422e+16,2022,1,2,Road Accidents,Narrow road,Rural Areas,Open area,Human Error,No,Grievous Injury,Vehicle to Vehicle,Not Applicable,Not Applicable,Others,Bitumen(Tar),Muddy,Not Applicable,Cloudy,Kachohalli road,Near Anil palace,12,13.006975,77.471912
Bengaluru Dist,Madanayakanahally PS,1.04422e+16,2022,1,1,Road Accidents,Narrow road,Rural Areas,Open area,Human Error,Yes,Grievous Injury,Not Applicable,Uncontrolled,Straight and flat,Others,Bitumen(Tar),Not Applicable,Not Applicable,Clear,Sondekoppa Road,Near Complt house,15,13.002131,77.394455
Bengaluru Dist,Madanayakanahally PS,1.04422e+16,2022,1,1,Road Accidents,Junction,Rural Areas,Near Bus stop,Human Error,Yes,Fatal,Hit pedestrian,No signal lights,Others,State Highway,Bitumen(Tar),Dry,Not Applicable,Fine,Magadi main Road,Seegehalli gate Near Bus stan,40ft,12.984057,77.443864
Bengaluru Dist,Madanayakanahally PS,1.04422e+16,2022,1,2,Road Accidents,Narrow road,Rural Areas,Residential area,Vehicle Defect,Yes,Fatal,Vehicle to Vehicle,Not Applicable,Not Applicable,Residential Street,Not Applicable,Dry,Not Applicable,Not Applicable,lokesh house aluru road kuduregere,lokesh house akuru road kuduregere,4 feet,0.0,0.0
Bengaluru Dist,Madanayakanahally PS,1.04422e+16,2022,1,2,Road Accidents,Not Applicable,Rural Areas,Open area,Human Error,No,Not Applicable,Vehicle to Vehicle,Not Applicable,Not Applicable,Others,Not Applicable,Muddy,Construction Work / Material,Fine,Adakamaranahalli village road,Behind Anjineya Temple,4,13.077387,77.437405
Bengaluru Dist,Madanayakanahally PS,1.04422e+16,2022,1,2,Road Accidents,Cross roads,Rural Areas,Near Hospital,Human Error,No,Grievous Injury,Hit bicyclist,Controlled,Slight Curve,Major District Road,Bitumen(Tar),Dry,Engineering Defect of Road,Clear,Magadi-Bangalore road,Near Sai Garments,11km,12.990003,77.469641
Bengaluru Dist,Madanayakanahally PS,1.04422e+16,2022,1,2,Road Accidents,Not Applicable,Rural Areas,Open area,Human Error,Yes,Grievous Injury,Vehicle to Vehicle,Not Applicable,Straight and flat,Others,Bitumen(Tar),Dry,No influence on accident,Fine,Alur road,Near Alur Panchyat office,15,13.086237,77.453732
Bengaluru Dist,Madanayakanahally PS,1.04422e+16,2022,1,2,Road Accidents,Narrow road,Rural Areas,Near Hospital,Human Error,Yes,Grievous Injury,Vehicle to Vehicle,Uncontrolled,Straight and flat,Major District Road,Bitumen(Tar),Dry,No influence on accident,Clear,MAGADI ROAD,KENGANOR HOSPITAL,15,12.99083,77.46783
Bengaluru Dist,Madanayakanahally PS,1.04422e+16,2022,1,1,Road Accidents,Narrow road,Rural Areas,Near Petrol Pump,Not Applicable,Yes,Grievous Injury,Hit pedestrian,Not Applicable,Straight and flat,Others,Bitumen(Tar),Dry,Pot holed,Clear,kudurugere road,Near TCI  petroL bunk dasanapura hobl,2 Km,13.059052,77.467487
Bengaluru Dist,Madanayakanahally PS,1.04422e+16,2022,1,1,Road Accidents,Curves,Rural Areas,Near Bus stop,Human Error,No,Fatal,Hit pedestrian,Not at  Junction,Curve,Others,Bitumen(Tar),Dry,Not Applicable,Clear,"Magadi Main road, Kodigehalli Road",Near Jnashakthi Subramanya Temple,1/2 KM,12.991993,77.461385
Bengaluru Dist,Madanayakanahally PS,1.04422e+16,2022,1,2,Road Accidents,Narrow road,Rural Areas,Open area,Human Error,No,Grievous Injury,Vehicle to Vehicle,Give way sign,Straight and flat,State Highway,Bitumen(Tar),Dry,No influence on accident,Clear,Magadi-Bangalore road,Near Rashi Residency,10km,12.98523,77.445587
Bengaluru Dist,Madanayakanahally PS,1.04422e+16,2022,1,1,Road Accidents,Narrow road,Rural Areas,Open area,Human Error,No,Grievous Injury,Not Applicable,Not Applicable,Straight and flat,State Highway,Bitumen(Tar),Muddy,Not Applicable,Clear,Magadi Road,near Chikkagollarahatti bus stand,12,12.99112,77.466964
Bengaluru Dist,Madanayakanahally PS,1.04422e+16,2022,1,1,Not Applicable,Curves,Rural Areas,Near or inside a village,Human Error,Not Applicable,Grievous Injury,Not Applicable,Not Applicable,Curve,Residential Street,Bitumen(Tar),Dry,Not Applicable,Clear,HUSKURU ROAD,ANJANEYA TEMPLE,9,13.08028,77.459657
Bengaluru Dist,Madanayakanahally PS,1.04422e+16,2022,1,1,Not Applicable,Offset,Rural Areas,Near a factory industrial area,Not Applicable,No,Grievous Injury,Not Applicable,Not at  Junction,Not Applicable,Others,Not Applicable,Dry,No influence on accident,Not Applicable,Kachohalli KSBLL  Godown,KSBLL GODOWN,9,13.005331,77.469483
Bengaluru Dist,Madanayakanahally PS,1.04422e+16,2022,1,2,Road Accidents,Curves,Rural Areas,Near or inside a village,Human Error,Yes,Grievous Injury,Vehicle to Vehicle,Give way sign,Others,State Highway,Concrete,Dry,Pot holed,Clear,Sondekoppa Road,Near Village,11 Km,13.06253,77.436623
Bengaluru Dist,Madanayakanahally PS,1.04422e+16,2022,1,1,Road Accidents,Circle,Rural Areas,Near Hospital,Human Error,No,Grievous Injury,Hit pedestrian,Give way sign,Straight and flat,State Highway,Bitumen(Tar),Dry,Construction Work / Material,Fine,Magadi Main Road,Near pooja hospital,15 Km,12.990978,77.454202
Bengaluru Dist,Madanayakanahally PS,1.04422e+16,2022,1,1,Road Accidents,Narrow road,Rural Areas,Narrow bridge or culverts,Human Error,No,Grievous Injury,Hit pedestrian,Uncontrolled,Straight and flat,Others,Bitumen(Tar),Dry,Not Applicable,Clear,Gangondaahalli road,bridge,10,13.073505,77.473423
Bengaluru Dist,Madanayakanahally PS,1.04422e+16,2022,1,1,Road Accidents,Narrow road,City/Town,Open area,Human Error,Yes,Grievous Injury,Vehicle to Vehicle,Not at  Junction,Not Applicable,State Highway,Bitumen(Tar),Others,Not Applicable,Clear,Bangalore Magadi Road,Bangalore Magadi Road,14 KM,12.991394,77.4567899
Bengaluru Dist,Madanayakanahally PS,1.04422e+16,2022,1,2,Road Accidents,Curves,Rural Areas,Near a religious place,Not Applicable,No,Fatal,Vehicle to Vehicle,Not at  Junction,Curve,Others,Bitumen(Tar),Dry,Not Applicable,Clear,Adakamaranahalli,Near Sarimaruthi temple,01-Feb,13.070739,77.441979
Bengaluru Dist,Madanayakanahally PS,1.04422e+16,2022,1,1,Road Accidents,Narrow road,Rural Areas,Open area,Human Error,No,Fatal,Not Applicable,Not Applicable,Not Applicable,Others,Bitumen(Tar),Dry,Not Applicable,Fine,Huskur Road,Near fadlight gowdan,50,13.117517,77.425823
Bengaluru Dist,Madanayakanahally PS,1.04422e+16,2022,1,2,Road Accidents,Not Applicable,Rural Areas,Open area,Human Error,No,Grievous Injury,Vehicle to Vehicle,Not Applicable,Straight and flat,Others,Bitumen(Tar),Others,No influence on accident,Clear,Kitanahalli road,near Chetan house,13,13.008215,77.4361219
Bengaluru Dist,Madanayakanahally PS,1.04422e+16,2022,1,1,Road Accidents,Narrow road,Rural Areas,Open area,Vehicle Defect,No,Fatal,Not Applicable,Not Applicable,Others,Others,Bitumen(Tar),Dry,Drainage Ditch,Fine,"bharathi cross, sondekoppa",Bharathi cross,40feet,0.0,0.0
Bengaluru Dist,Madanayakanahally PS,1.04422e+16,2022,1,2,Road Accidents,Not Applicable,Rural Areas,Near office complex,Human Error,No,Grievous Injury,Vehicle to Vehicle,Not Applicable,Others,Others,Bitumen(Tar),Others,No influence on accident,Fine,Gangondaahalli road,Near Vaikunta bar circle,12,13.020684,77.467061
Bengaluru Dist,Madanayakanahally PS,1.04422e+16,2022,1,1,Road Accidents,Narrow road,Rural Areas,Open area,Human Error,Yes,Grievous Injury,Hit pedestrian,Controlled,Straight and flat,Major District Road,Bitumen(Tar),Ditch or Potholed,No influence on accident,Clear,Magadi-Bangalore road,Near Embassy school,12,12.991484,77.46332
Bengaluru Dist,Madanayakanahally PS,1.04422e+16,2022,1,2,Road Accidents,Cross roads,Rural Areas,Near Bus stop,Human Error,No,Not Applicable,Not Applicable,Not Applicable,Curve,Others,Bitumen(Tar),Dry,Not Applicable,Clear,Near Kadabagere Cross Dasanapura Hobli Bangaluru North TQ,Near Kadabagere Cross Dasanapura Hobli Bangaluru North TQ,11km,12.989179,77.445491
Bengaluru Dist,Madanayakanahally PS,1.04422e+16,2022,1,2,Road Accidents,Curves,City/Town,Near or inside a village,Human Error,No,Grievous Injury,Vehicle to Vehicle,Controlled,Curve,One way,Bitumen(Tar),Others,Not Applicable,Fine,Sondekoppa Road,Kere Kodi U Turn,12 KM,0.0,0.0
Bengaluru Dist,Madanayakanahally PS,1.04422e+16,2022,1,1,Road Accidents,Not Applicable,Rural Areas,Near Bus stop,Human Error,Yes,Fatal,Not Applicable,Uncontrolled,Straight and flat,Others,Bitumen(Tar),Dry,No influence on accident,Clear,Magadi road,near sigehalli gate,14,12.984138,77.4440839
Bengaluru Dist,Madanayakanahally PS,1.04422e+16,2022,1,2,Road Accidents,Not Applicable,Rural Areas,Residential area,Not Applicable,No,Grievous Injury,Vehicle to Vehicle,Not Applicable,Straight and flat,Others,Bitumen(Tar),Dry,Not Applicable,Clear,magadi main road,near rashi residency gate,12,13.104659,77.422189
Bengaluru Dist,Madanayakanahally PS,1.04422e+16,2022,1,3,Not Applicable,Narrow road,City/Town,Near Bus stop,Human Error,Not Applicable,Not Applicable,Not Applicable,Not Applicable,Not Applicable,NH,Bitumen(Tar),Not Applicable,Not Applicable,Very Cold,NH 48,Madanayahanahalli,1/2 KM,13.062235,77.462171
Bengaluru Dist,Madanayakanahally PS,1.04422e+16,2022,1,2,Road Accidents,Narrow road,Rural Areas,Near Bus stop,Vehicle Defect,Yes,Fatal,Vehicle to Vehicle,Uncontrolled,Others,State Highway,Bitumen(Tar),Not Applicable,Construction Work / Material,Others,MAGADI MAIN ROAD,BUSSTOP,20 FT,12.990386,77.468997
Bengaluru Dist,Madanayakanahally PS,1.04422e+16,2022,1,1,Road Accidents,Junction,Rural Areas,Near Bus stop,Human Error,Yes,Grievous Injury,Hit pedestrian,Uncontrolled,Straight and flat,Others,Bitumen(Tar),Others,Not Applicable,Fine,Magadi road,near kadabagere bus stand,15,12.991682,77.442639
Bengaluru Dist,Madanayakanahally PS,1.04422e+16,2022,1,2,Road Accidents,Cross roads,Rural Areas,Open area,Human Error,Yes,Grievous Injury,Vehicle to Vehicle,Not Applicable,Curve,Two way,Bitumen(Tar),Dry,Not Applicable,Clear,Makali Huskuru Road Rampalya Dasanapura Hobli Bangaluru North TQ,Makali Huskuru Road Rampalya Dasanapura Hobli Bangaluru North TQ,5km,13.117786,77.425063
Bengaluru Dist,Madanayakanahally PS,1.04422e+16,2022,1,2,Not Applicable,Curves,Rural Areas,Residential area,Human Error,Yes,Grievous Injury,Vehicle to Vehicle,Not Applicable,Curve,Residential Street,Bitumen(Tar),Dry,No influence on accident,Clear,bettanagere road,bettanagere cross,10,13.108284,77.416033
Bengaluru Dist,Madanayakanahally PS,1.04422e+16,2022,1,2,Road Accidents,Cross roads,Rural Areas,Open area,Not Applicable,No,Grievous Injury,Vehicle to Vehicle,Not Applicable,Curve and Incline,Others,Bitumen(Tar),Dry,Not Applicable,Clear,Magadi Road,Near sigehalli gate,12,13.049528,77.489306
Bengaluru Dist,Madanayakanahally PS,1.04422e+16,2022,1,1,Road Accidents,Narrow road,Rural Areas,Open area,Human Error,No,Fatal,Hit pedestrian,Not Applicable,Not Applicable,Others,Bitumen(Tar),Dry,Not Applicable,Fine,near Edga fild,Edga fild,30,13.061292,77.484332
Bengaluru Dist,Madanayakanahally PS,1.04422e+16,2022,1,2,Road Accidents,Curves,Rural Areas,Near Hospital,Human Error,No,Simple Injury,Vehicle to Vehicle,Not at  Junction,Curve,Others,Bitumen(Tar),Dry,Not Applicable,Clear,"Magadi Main Road, Chikkagollarahatti",Near Rajarajeshwari Kalyana Mantapa,1/2 KM,12.990434,77.468143
Bengaluru Dist,Madanayakanahally PS,1.04422e+16,2022,1,2,Road Accidents,Narrow road,Rural Areas,Open area,Human Error,Yes,Grievous Injury,Vehicle to Vehicle,Controlled,Straight and flat,Others,Bitumen(Tar),Dry,No influence on accident,Clear,Magadi-Bangalore road,Infront Of Shri Durga Traders,15km,12.991664,77.461248