DISTRICTNAME,UNITNAME,Crime_No,Year,RI,Noofvehicle_involved,Accident_Classification,Accident_Spot,Accident_Location,Accident_SubLocation,Main_Cause,Hit_Run,Severity,Collision_Type,Junction_Control,Road_Character,Road_Type,Surface_Type,Surface_Condition,Road_Condition,Weather,Accident_Road,Landmark_first,Distance_LandMark_First,Latitude,Longitude
Bengaluru Dist,Madanayakanahally PS,1.04422e+16,2023,1,2,Road Accidents,Narrow road,Rural Areas,Near a factory industrial area,Human Error,No,Grievous Injury,Vehicle to Vehicle,Give way sign,Straight and flat,Others,Bitumen(Tar),Dry,Not Applicable,Cloudy,Huskur-Makali Road,Near Nippan Gowdan,12 Km,0.0,0.0
Bengaluru Dist,Madanayakanahally PS,1.04422e+16,2023,1,2,Road Accidents,Junction,City/Town,Open area,Human Error,Yes,Grievous Injury,Vehicle to Vehicle,Uncontrolled,Straight and flat,Minor District Road,Bitumen(Tar),Dry,No influence on accident,Fine,Madanaykanhalli-Lakshmipura Road,Near Harlakatte,3 Km,0.0,0.0
Bengaluru Dist,Madanayakanahally PS,1.04422e+16,2023,1,1,Road Accidents,Narrow road,Rural Areas,Near Bus stop,Not Applicable,Yes,Grievous Injury,Hit pedestrian,Not at  Junction,Straight and flat,State Highway,Bitumen(Tar),Dry,Not Applicable,Clear,MAGADI ROAD,FOREST GATE,10,12.992072,77.459518
Bengaluru Dist,Madanayakanahally PS,1.04422e+16,2023,1,2,Road Accidents,Narrow road,Rural Areas,Near a factory industrial area,Human Error,Yes,Grievous Injury,Vehicle to Vehicle,Give way sign,Straight and flat,Major District Road,Bitumen(Tar),Dry,Not Applicable,Clear,Chikkagollarahati-Kachohalli Road,Near Amurth Wines,13 Km,13.007934,77.469702
Bengaluru Dist,Madanayakanahally PS,1.04422e+16,2023,1,2,Road Accidents,Narrow road,Rural Areas,Near Bus stop,Human Error,No,Fatal,Vehicle to Vehicle,Not at  Junction,Straight and flat,Others,Bitumen(Tar),Not Applicable,Not Applicable,Clear,Magadi Bangalore Road,Right Wese Decor Opposit,12 KM,12.991281,77.463468
Bengaluru Dist,Madanayakanahally PS,1.04422e+16,2023,1,2,Road Accidents,Narrow road,Rural Areas,In bazaar,Not Applicable,Not Applicable,Fatal,Vehicle to Vehicle,Not at  Junction,Others,Residential Street,Bitumen(Tar),Others,Not Applicable,Not Applicable,Shanimahatma temple near. madanayakanahalli,Miyami super market,10feet,13.062832,77.463903
Bengaluru Dist,Madanayakanahally PS,1.04422e+16,2023,1,1,Road Accidents,Circle,Rural Areas,Open area,Human Error,No,Simple Injury,Not Applicable,Not Applicable,Not Applicable,Others,Bitumen(Tar),Dry,Not Applicable,Fine,Magadi Main Road Near Forest Gate Dasanapura Hobli Ben galuru North TQ,Magadi Main Road Near Forest Gate Dasanapura Hobli Ben galuru North TQ,15 KM,12.99164,77.459725
Bengaluru Dist,Madanayakanahally PS,1.04422e+16,2023,1,1,Road Accidents,Narrow road,Rural Areas,Residential area,Human Error,No,Grievous Injury,Not Applicable,Not at  Junction,Straight and flat,Others,Gravel,Dry,Not Applicable,Cloudy,Kudurgere Colony,Near Anganavadi,6 Km,13.06867,77.476461
Bengaluru Dist,Madanayakanahally PS,1.04422e+16,2023,1,2,Road Accidents,Cross roads,Rural Areas,Open area,Human Error,No,Simple Injury,Not Applicable,Not Applicable,Curve,Not Applicable,Not Applicable,Dry,Not Applicable,Clear,Rahuthnahalli Dasanapura Hobli Bangarulu North Tq,Rahuthnahalli Dasanapura Hobli Bangarulu North Tq,4 km.,13.033627,77.431649
Bengaluru Dist,Madanayakanahally PS,1.04422e+16,2023,1,2,Road Accidents,Narrow road,Rural Areas,Residential area,Human Error,No,Grievous Injury,Vehicle to Vehicle,Give way sign,Straight and flat,Major District Road,Bitumen(Tar),Dry,Not Applicable,Fine,Kadabagere Cross-Janapriya Apperment,Near Relianc Mart,13 Km,12.997887,77.4334
Bengaluru Dist,Madanayakanahally PS,1.04422e+16,2023,1,2,Road Accidents,Cross roads,City/Town,Near Bus stop,Human Error,Not Applicable,Grievous Injury,Vehicle to Vehicle,Controlled,Curve,One way,Bitumen(Tar),Not Applicable,Not Applicable,Clear,Bangalore Thavarekere Magadi Road,Kadabagere Cross,13 KM,0.0,0.0
Bengaluru Dist,Madanayakanahally PS,1.04422e+16,2023,1,2,Road Accidents,Narrow road,Rural Areas,Near Bus stop,Human Error,No,Damage Only,Vehicle to Vehicle,Not at  Junction,Not Applicable,One way,Bitumen(Tar),Not Applicable,Not Applicable,Cloudy,Byandahalli Kitthanahalli Road,Amruth Mahal,15 Km,13.049845,77.4011419
Bengaluru Dist,Madanayakanahally PS,1.04422e+16,2023,1,1,Road Accidents,Narrow road,Rural Areas,Near Bus stop,Human Error,No,Grievous Injury,Hit pedestrian,Uncontrolled,Not Applicable,Others,Bitumen(Tar),Not Applicable,Not Applicable,Clear,Thammenahalli Road,Narasappa Circle,15 Km,13.072386,77.487883
Bengaluru Dist,Madanayakanahally PS,1.04422e+16,2023,1,2,Road Accidents,Narrow road,Rural Areas,Open area,Human Error,No,Grievous Injury,Vehicle to Vehicle,Not at  Junction,Straight and flat,Minor District Road,Bitumen(Tar),Dry,Not Applicable,Clear,Gollahalli-Hesaagatta Road,Near Temple,16 Km,0.0,0.0
Bengaluru Dist,Madanayakanahally PS,1.04422e+16,2023,1,1,Road Accidents,Circle,Rural Areas,Near Bus stop,Human Error,No,Simple Injury,Not Applicable,Not Applicable,Curve,Others,Bitumen(Tar),Dry,Not Applicable,Clear,Magadi Road Near Forest Gate Dasanapura Hobli Bangaluru North TQ,Magadi Road Near Forest Gate Dasanapura Hobli Bangaluru North TQ,12 km,12.991594,77.459342
Bengaluru Dist,Madanayakanahally PS,1.04422e+16,2023,1,2,Road Accidents,Not Applicable,Rural Areas,Open area,Human Error,No,Simple Injury,Vehicle to Vehicle,Not Applicable,Others,Others,Bitumen(Tar),Dry,Not Applicable,Clear,Near Seegehalli Gate Dasanapura Hobli Bangaluru North TQ,Near Seegehalli Gate Dasanapura Hobli Bangaluru North TQ,10,12.982739,77.441403
Bengaluru Dist,Madanayakanahally PS,1.04422e+16,2023,1,2,Road Accidents,Curves,Rural Areas,Open area,Human Error,Not Applicable,Grievous Injury,Vehicle to Vehicle,Not at  Junction,Others,Others,Bitumen(Tar),Dry,No influence on accident,Clear,Makali-Huskur road,Near Sony Gowdan,20ft,13.069998,77.456297
Bengaluru Dist,Madanayakanahally PS,1.04422e+16,2023,1,2,Road Accidents,Narrow road,Rural Areas,Open area,Human Error,No,Grievous Injury,Vehicle to Vehicle,Not at  Junction,Straight and flat,Others,Kutcha,Dry,No influence on accident,Clear,Magadi-Bangalore road,Infront Krishna Medicle,20 FT,12.991717,77.459702
Bengaluru Dist,Madanayakanahally PS,1.04422e+16,2023,1,1,Road Accidents,Not Applicable,Rural Areas,Open area,Human Error,No,Simple Injury,Not Applicable,Not Applicable,Not Applicable,Not Applicable,Not Applicable,Dry,Not Applicable,Clear,Thotadaguddadahalli,Thotadaguddadahalli,10,13.066749,77.488664
Bengaluru Dist,Madanayakanahally PS,1.04422e+16,2023,1,2,Road Accidents,Narrow road,Rural Areas,Residential area,Human Error,Not Applicable,Grievous Injury,Vehicle to Vehicle,Uncontrolled,Straight and flat,Two way,Bitumen(Tar),Not Applicable,No influence on accident,Others,RAVUTHANAHALLI ROAD,matrusri layout,8km,13.053561,77.455276
Bengaluru Dist,Madanayakanahally PS,1.04422e+16,2023,1,2,Road Accidents,Narrow road,Rural Areas,Near a factory industrial area,Human Error,Yes,Grievous Injury,Vehicle to Vehicle,Not at  Junction,Not Applicable,Others,Bitumen(Tar),Not Applicable,Not Applicable,Clear,Nagaruru Road,Near Halobricks Factory,12 KM,0.0,0.0
Bengaluru Dist,Madanayakanahally PS,1.04422e+16,2023,1,1,Road Accidents,Junction,Rural Areas,At pedestrian Crossing,Human Error,Not Applicable,Grievous Injury,Hit pedestrian,Uncontrolled,Straight and flat,Major District Road,Bitumen(Tar),Dry,No influence on accident,Clear,MAGADI MAIN ROAD BANGALORE TO MAGADI ROAD,huliyuraamma temple,15,12.991072,77.455871
Bengaluru Dist,Madanayakanahally PS,1.04422e+16,2023,1,2,Road Accidents,Narrow road,Rural Areas,Near Bus stop,Human Error,No,Grievous Injury,Vehicle to Vehicle,Not Applicable,Straight and flat,Others,Bitumen(Tar),Not Applicable,Not Applicable,Clear,Makali Gollahalli Road,Bommashettihalli,12 KM,13.12924,77.414268
Bengaluru Dist,Madanayakanahally PS,1.04422e+16,2023,1,1,Not Applicable,Narrow road,Rural Areas,Near Bus stop,Human Error,Not Applicable,Grievous Injury,Hit pedestrian,Not at  Junction,Straight and flat,Major District Road,Bitumen(Tar),Dry,No influence on accident,Clear,chikkagollarahatti bus stop,chikkagollarahtti bus stop,10,12.991909,77.467966
Bengaluru Dist,Madanayakanahally PS,1.04422e+16,2023,1,2,Road Accidents,Narrow road,City/Town,Near a factory industrial area,Human Error,No,Grievous Injury,Vehicle to Vehicle,Give way sign,Straight and flat,Major District Road,Bitumen(Tar),Dry,Not Applicable,Cloudy,Kudurgere-Tci Road,Near Deelip Bar,3 Km,0.0,0.0
Bengaluru Dist,Madanayakanahally PS,1.04422e+16,2023,1,2,Road Accidents,Narrow road,Rural Areas,Open area,Not Applicable,Yes,Simple Injury,Hit pedestrian,Uncontrolled,Straight and flat,Others,Bitumen(Tar),Dry,Not Applicable,Fine,Ravutthanahalli Road,Shivanapura Cross,8 KM,0.0,0.0
Bengaluru Dist,Madanayakanahally PS,1.04422e+16,2023,1,1,Road Accidents,Narrow road,Rural Areas,Near School or College,Human Error,No,Grievous Injury,Hit pedestrian,Police / Manual,Straight and flat,Major District Road,Bitumen(Tar),Dry,Not Applicable,Clear,Giddenahalli-Sigehalli Road,Near School,14 Km,12.989356,77.424459
Bengaluru Dist,Madanayakanahally PS,1.04422e+16,2023,1,2,Road Accidents,Cross roads,Rural Areas,Near or inside a village,Human Error,Yes,Grievous Injury,Vehicle to Vehicle,No signal lights,Straight and flat,Minor District Road,Bitumen(Tar),Dry,Not Applicable,Clear,Gangagondanahalli Road,Near Huliyuramma Bilding,8 Km,13.015916,77.467382
Bengaluru Dist,Madanayakanahally PS,1.04422e+16,2023,1,2,Road Accidents,Narrow road,Rural Areas,Open area,Human Error,No,Grievous Injury,Vehicle to Vehicle,Uncontrolled,Straight and flat,Major District Road,Bitumen(Tar),Dry,Not Applicable,Fine,Gangaondanahalli-Lakshmipura Road,Near Lakshmipura Road,8 Km,13.06528,77.85263
Bengaluru Dist,Madanayakanahally PS,1.04422e+16,2023,1,2,Road Accidents,Narrow road,Rural Areas,Open area,Human Error,No,Grievous Injury,Vehicle to Vehicle,Not Applicable,Straight and flat,Minor District Road,Bitumen(Tar),Dry,Not Applicable,Fine,Tavarekre Nelamangala Road,Near Layout,12 Km,13.057168,77.393505
Bengaluru Dist,Madanayakanahally PS,1.04422e+16,2023,1,2,Road Accidents,Narrow road,Rural Areas,Residential area,Human Error,Yes,Grievous Injury,Vehicle to Vehicle,Give way sign,Straight and flat,Minor District Road,Bitumen(Tar),Dry,Not Applicable,Cloudy,"Nelamangala-Tavarekere Road, Near ShylamallikarjunHotel Infront Of Nagaraju House",In Frent Of Nagaraju,12 Km,13.020886,77.384341
Bengaluru Dist,Madanayakanahally PS,1.04422e+16,2023,1,2,Road Accidents,Narrow road,Rural Areas,Near Bus stop,Human Error,Yes,Grievous Injury,Vehicle to Vehicle,Not at  Junction,Others,Others,Bitumen(Tar),Not Applicable,Not Applicable,Clear,Thavarekere Sondekoppa Road,Lakkenahalli gate,13 KM,13.075855,77.453596
Bengaluru Dist,Madanayakanahally PS,1.04422e+16,2023,1,1,Not Applicable,Not Applicable,City/Town,Near School or College,Human Error,No,Not Applicable,Not Applicable,Not Applicable,Others,Minor District Road,Bitumen(Tar),Dry,No influence on accident,Clear,MAGADI MAIN ROAD,Embessy shcool near,15,13.058647,77.393198
Bengaluru Dist,Madanayakanahally PS,1.04422e+16,2023,1,1,Not Applicable,Not Applicable,City/Town,Residential area,Human Error,No,Grievous Injury,Not Applicable,Not Applicable,Others,Minor District Road,Bitumen(Tar),Dry,Not Applicable,Clear,MAGADI MAIN ROAD BANGALORE TO MAGADI ROAD,Anil palace,15,13.057315,77.482509
Bengaluru Dist,Madanayakanahally PS,1.04422e+16,2023,1,2,Road Accidents,Narrow road,Rural Areas,Near Bus stop,Human Error,No,Grievous Injury,Vehicle to Vehicle,Not Applicable,Not Applicable,One way,Bitumen(Tar),Not Applicable,Not Applicable,Clear,Madanayakanahalli Lakshmipura Road,Dombarahalli,6 KM,0.0,0.0
Bengaluru Dist,Madanayakanahally PS,1.04422e+16,2023,1,2,Road Accidents,Narrow road,Rural Areas,Residential area,Not Applicable,Yes,Fatal,Vehicle to Vehicle,Controlled,Others,Residential Street,Not Applicable,Others,Not Applicable,Cloudy,madanayakanahalli-kadabagere,sri chennakeshava hotel,15 fee,13.026441,77.45701
Bengaluru Dist,Madanayakanahally PS,1.04422e+16,2023,1,2,Road Accidents,Circle,City/Town,Open area,Human Error,No,Grievous Injury,Vehicle to Vehicle,Signal lights Manual,Others,Major District Road,Bitumen(Tar),Dry,Not Applicable,Fine,Makali-Rmc Road,Near Aluru Cricket Stadaym,9 Km,13.087032,77.446692
Bengaluru Dist,Madanayakanahally PS,1.04422e+16,2023,1,2,Road Accidents,Narrow road,Rural Areas,Residential area,Vehicle Defect,Yes,Fatal,Vehicle to Vehicle,Not at  Junction,Others,State Highway,Not Applicable,Others,Construction Work / Material,Dust Storn,Bagalore to Magadi road.,ashwath katte,30feet,12.991503,77.464577
Bengaluru Dist,Madanayakanahally PS,1.04422e+16,2023,1,3,Road Accidents,Narrow road,Rural Areas,Open area,Human Error,No,Damage Only,Vehicle to Vehicle,Not at  Junction,Straight and flat,Others,Bitumen(Tar),Dry,Not Applicable,Fine,Huskuru road,near Golden seams,2 km,13.070424,77.458035
Bengaluru Dist,Madanayakanahally PS,1.04422e+16,2023,1,2,Road Accidents,Not Applicable,Rural Areas,Open area,Human Error,Not Applicable,Grievous Injury,Vehicle to Vehicle,Not Applicable,Not Applicable,Not Applicable,Not Applicable,Dry,Not Applicable,Clear,Magadi Main Road Near Embesc School Dasanapura Hobli Bangaluru North TQ,Magadi Main Road Near Embesc School Dasanapura Hobli Bangaluru North TQ,10,12.992002,77.462368
Bengaluru Dist,Madanayakanahally PS,1.04422e+16,2023,1,1,Road Accidents,Circle,Rural Areas,Open area,Human Error,No,Grievous Injury,Hit pedestrian,Not Applicable,Curve,Others,Bitumen(Tar),Dry,Not Applicable,Clear,Near Gangondanahalli Cricle Dasanapura Hobli Bangaluru North TQ,Near Gangondanahalli Cricle Dasanapura Hobli Bangaluru North TQ,12,13.021168,77.467603
Bengaluru Dist,Madanayakanahally PS,1.04422e+16,2023,1,1,Road Accidents,Cross roads,Rural Areas,Residential area,Human Error,No,Grievous Injury,Not Applicable,Not Applicable,Not Applicable,Others,Not Applicable,Dry,Not Applicable,Clear,Kuduregere road,NEAR BGS COMPOUND,0 5 km,13.062171,77.462325
Bengaluru Dist,Madanayakanahally PS,1.04422e+16,2023,1,2,Road Accidents,Narrow road,Rural Areas,Open area,Human Error,No,Grievous Injury,Vehicle to Vehicle,Not at  Junction,Straight and flat,Minor District Road,Bitumen(Tar),Dry,Not Applicable,Cloudy,Sondekoppa-Manchenahalli Road,Near Water tank,14 Km,13.022618,77.380285
Bengaluru Dist,Madanayakanahally PS,1.04422e+16,2023,1,2,Road Accidents,Narrow road,Rural Areas,Near or inside a village,Human Error,No,Grievous Injury,Vehicle to Vehicle,Not Applicable,Straight and flat,Others,Bitumen(Tar),Not Applicable,Not Applicable,Clear,Gangondanahalli Shanthinagara Road,Shanthinagara,6 Km,13.016818,77.29232
Bengaluru Dist,Madanayakanahally PS,1.04422e+16,2023,1,2,Not Applicable,Cross roads,Rural Areas,Residential area,Human Error,Not Applicable,Grievous Injury,Vehicle to Vehicle,Not at  Junction,Curve,Residential Street,Bitumen(Tar),Dry,Not Applicable,Clear,mattahalli road,nagara temple,8,13.623808,77.275285
Bengaluru Dist,Madanayakanahally PS,1.04422e+16,2023,1,1,Road Accidents,Narrow road,City/Town,Near a factory industrial area,Human Error,No,Grievous Injury,Not Applicable,Controlled,Not Applicable,Others,Bitumen(Tar),Not Applicable,Not Applicable,Very Cold,Makali Huskuru Road,NIppan Godan,6 km,13.085219,77.447501
Bengaluru Dist,Madanayakanahally PS,1.04422e+16,2023,1,1,Road Accidents,Narrow road,Rural Areas,Near a factory industrial area,Human Error,No,Fatal,Not Applicable,Not Applicable,Not Applicable,Service Road,Concrete,Dry,Not Applicable,Fine,BIEC SERVICE ROAD,HALL NO 2,5FT,13.083879,77.4534039
Bengaluru Dist,Madanayakanahally PS,1.04422e+16,2023,1,1,Not Applicable,Not Applicable,City/Town,Near Hospital,Human Error,No,Simple Injury,Not Applicable,Uncontrolled,Straight and flat,Two way,Bitumen(Tar),Muddy,Not Applicable,Fine,MAGADI MAIN ROAD,pooja hospital near,15,13.063416,77.440362
Bengaluru Dist,Madanayakanahally PS,1.04422e+16,2023,1,2,Road Accidents,Circle,Rural Areas,Near a factory industrial area,Human Error,No,Damage Only,Vehicle to Vehicle,Not at  Junction,Straight and flat,Others,Bitumen(Tar),Dry,Not Applicable,Fine,Makali-Huskuru Road,Near Wear Minaral Company,8 Km,13.092278,77.445295
Bengaluru Dist,Madanayakanahally PS,1.04422e+16,2023,1,2,Road Accidents,Cross roads,Rural Areas,Open area,Human Error,No,Grievous Injury,Vehicle to Vehicle,Not Applicable,Curve,Others,Bitumen(Tar),Dry,Not Applicable,Clear,Gangondanahalli Kachohalli Road Baylakonenahalli Cross Dasanapura Hobli Bangaluru North TQ,Gangondanahalli Kachohalli Road Baylakonenahalli Cross Dasanapura Hobli Bangaluru North TQ,12 km,13.010432,77.469459
Bengaluru Dist,Madanayakanahally PS,1.04422e+16,2023,1,2,Road Accidents,Cross roads,Rural Areas,Open area,Human Error,No,Grievous Injury,Vehicle to Vehicle,Not Applicable,Curve,Two way,Not Applicable,Dry,Not Applicable,Clear,Narasheepura Road Mattahalli Cross Dasanapura Hobli Bangaluru North TQ,Narasheepura Road Mattahalli Cross Dasanapura Hobli Bangaluru North TQ,15,13.107453,77.451336
Bengaluru Dist,Madanayakanahally PS,1.04422e+16,2023,1,2,Road Accidents,Circle,Rural Areas,Open area,Human Error,No,Simple Injury,Vehicle to Vehicle,Not Applicable,Curve,Two way,Bitumen(Tar),Dry,Not Applicable,Clear,Near Sapthagiri Badavane Kithanahalli Dasanapura Hobli Bangaluru North TQ,Near Sapthagiri Badavane Kithanahalli Dasanapura Hobli Bangaluru North TQ,10 KM,13.009213,77.419641
Bengaluru Dist,Madanayakanahally PS,1.04422e+16,2023,1,2,Road Accidents,Cross roads,Rural Areas,Near School or College,Human Error,No,Grievous Injury,Vehicle to Vehicle,Not Applicable,Curve,Two way,Bitumen(Tar),Dry,Not Applicable,Clear,Kadabagere Road Near Behaind Rashi Residency Dasanapura Hobli Bangaluru North TQ,Kadabagere Road Near Behaind Rashi Residency Dasanapura Hobli Bangaluru North TQ,10km,12.989064,77.445405
Bengaluru Dist,Madanayakanahally PS,1.04422e+16,2023,1,1,Road Accidents,Narrow road,Rural Areas,Open area,Human Error,No,Grievous Injury,Hit bicyclist,Give way sign,Straight and flat,Minor District Road,Bitumen(Tar),Dry,Not Applicable,Cloudy,Madanayaknahalli Lakshmipura Road,Near Arali Katte,8 Km,13.049083,77.460139
Bengaluru Dist,Madanayakanahally PS,1.04422e+16,2023,1,1,Road Accidents,Narrow road,Rural Areas,At pedestrian Crossing,Human Error,No,Fatal,Hit pedestrian,Not Applicable,Not Applicable,State Highway,Bitumen(Tar),Dry,Not Applicable,Fine,STATE HIGHAY,Parishrama granait,10ft,12.99068,77.456038
Bengaluru Dist,Madanayakanahally PS,1.04422e+16,2023,1,1,Road Accidents,Cross roads,Rural Areas,Residential area,Human Error,Not Applicable,Grievous Injury,Not Applicable,Uncontrolled,Curve,Residential Street,Bitumen(Tar),Ditch or Potholed,No influence on accident,Clear,KACHOHALLI ROAD,KACHOHALLI ROAD,15,13.000471,77.471344
Bengaluru Dist,Madanayakanahally PS,1.04422e+16,2023,1,1,Road Accidents,Narrow road,Rural Areas,Near Bus stop,Human Error,No,Grievous Injury,Hit bicyclist,Not Applicable,Curve,Others,Bitumen(Tar),Not Applicable,Not Applicable,Clear,Kuduregege Thotadaguddadahalli Road,Kuduregere Colony,5 km,13.064014,77.470689
Bengaluru Dist,Madanayakanahally PS,1.04422e+16,2023,1,2,Road Accidents,Curves,Rural Areas,Near School or College,Human Error,Not Applicable,Grievous Injury,Vehicle to Vehicle,Uncontrolled,Curve,Two way,Bitumen(Tar),Dry,No influence on accident,Clear,MACHOHALLI COLONY,PRERANA SCHOOL NEAR,13,0.0,0.0
Bengaluru Dist,Madanayakanahally PS,1.04422e+16,2023,1,2,Road Accidents,Narrow road,Rural Areas,Near Bus stop,Human Error,No,Grievous Injury,Vehicle to Vehicle,Give way sign,Others,Others,Bitumen(Tar),Dry,Not Applicable,Cloudy,Huskur-Makali Road,Near vaderahalli Librari,14 Km,13.099805,77.444796
Bengaluru Dist,Madanayakanahally PS,1.04422e+16,2023,1,1,Road Accidents,Curves,Rural Areas,Near a factory industrial area,Human Error,No,Not Applicable,Not Applicable,Uncontrolled,Curve,Residential Street,Bitumen(Tar),Dry,Not Applicable,Clear,HUSKURU ROAD,Honnasandra Cross,8,13.110662,77.443612
Bengaluru Dist,Madanayakanahally PS,1.04422e+16,2023,1,1,Road Accidents,Cross roads,Rural Areas,Near School or College,Human Error,No,Grievous Injury,Hit pedestrian,Not at  Junction,Curve,One way,Bitumen(Tar),Others,Not Applicable,Clear,Madanayakanahalli Kuduregere Road,Hanumanthasagara Cross,1/2 KM,13.07012,77.463602
Bengaluru Dist,Madanayakanahally PS,1.04422e+16,2023,1,2,Road Accidents,Narrow road,Rural Areas,Near School or College,Human Error,Yes,Grievous Injury,Vehicle to Vehicle,Not at  Junction,Straight and flat,Minor District Road,Bitumen(Tar),Dry,Not Applicable,Fine,Aluru Palya Road,Near Government School,8 Km,13.088414,77.465734
Bengaluru Dist,Madanayakanahally PS,1.04422e+16,2023,1,2,Road Accidents,Narrow road,Rural Areas,Open area,Human Error,No,Grievous Injury,Vehicle to Vehicle,Not at  Junction,Straight and flat,Minor District Road,Bitumen(Tar),Dry,Not Applicable,Fine,Giddenahalli-Siggehalli Gate,Near Siddalingeswara Pravisana Store,14 Km,12.983026,77.438974
Bengaluru Dist,Madanayakanahally PS,1.04422e+16,2023,1,2,Road Accidents,Not Applicable,Rural Areas,Open area,Human Error,No,Grievous Injury,Not Applicable,Not Applicable,Not Applicable,Not Applicable,Not Applicable,Dry,Not Applicable,Clear,Huskuru Road Dasanapura Hobli Bangaluru North TQ,Huskuru Road Dasanapura Hobli Bangaluru North TQ,12,13.07535,77.4516
Bengaluru Dist,Madanayakanahally PS,1.04422e+16,2023,1,1,Road Accidents,Not Applicable,Rural Areas,Open area,Human Error,No,Grievous Injury,Not Applicable,Not Applicable,Not Applicable,Not Applicable,Not Applicable,Not Applicable,Not Applicable,Clear,Magadi Main Road Kachohalli Cross,Magadi Main Road Kachohalli,10,12.991061,77.467024
Bengaluru Dist,Madanayakanahally PS,1.04422e+16,2023,1,1,Road Accidents,Cross roads,Rural Areas,Open area,Human Error,No,Not Applicable,Hit pedestrian,Not Applicable,Curve,Others,Not Applicable,Dry,Not Applicable,Clear,Siddanahosahalli Road Near Dombarahalli Peple Tree Dasanapura Hobli Bangaluru North TQ,Siddanahosahalli Road Near Dombarahalli Peple Tree Dasanapura Hobli Bangaluru North TQ,10,13.055284,77.459632
Bengaluru Dist,Madanayakanahally PS,1.04422e+16,2023,1,2,Road Accidents,Curves,Rural Areas,Residential area,Human Error,No,Simple Injury,Vehicle to Vehicle,Not Applicable,Curve,Others,Bitumen(Tar),Dry,Not Applicable,Clear,Magadi Road Near Rajarajeshwari Choultry Dasanapura Hobli Bangaluru North TQ,Magadi Road Near Rajarajeshwari Choultry Dasanapura Hobli Bangaluru North TQ,10,12.990957,77.466939
Bengaluru Dist,Madanayakanahally PS,1.04422e+16,2023,1,2,Road Accidents,Not Applicable,Rural Areas,Near Bus stop,Human Error,No,Not Applicable,Vehicle to Vehicle,Not Applicable,Curve,Others,Bitumen(Tar),Dry,Not Applicable,Clear,Bangalore Magadi Road Chikkagollarahatti Near Rayal Oak Dasanapura hobli Bangalore North Tq,Bangalore Magadi Road Chikkagollarahatti Near Rayal Oak Dasanapura hobli Bangalore North Tq,10 KM,12.989881,77.462773
Bengaluru Dist,Madanayakanahally PS,1.04422e+16,2023,1,2,Road Accidents,Cross roads,Rural Areas,Open area,Human Error,No,Simple Injury,Vehicle to Vehicle,Not Applicable,Curve,Not Applicable,Bitumen(Tar),Dry,Not Applicable,Clear,Bylakonenahalli Machohalli Road Beene Hanumanthanagara Lay out Bengaluru city,Bylakonenahalli Machohalli Road Beene Hanumanthanagara Lay out Bengaluru city,10 KM,13.010401,77.449643
Bengaluru Dist,Madanayakanahally PS,1.04422e+16,2023,1,1,Road Accidents,Narrow road,Rural Areas,Open area,Human Error,No,Grievous Injury,Not Applicable,Not at  Junction,Not Applicable,One way,Bitumen(Tar),Not Applicable,Not Applicable,Clear,Makali Huskuru Road,Near APMC,6 KM,13.006217,77.29232
Bengaluru Dist,Madanayakanahally PS,1.04422e+16,2023,1,1,Road Accidents,Cross roads,Rural Areas,Residential area,Human Error,Yes,Grievous Injury,Hit pedestrian,Uncontrolled,Straight and flat,Minor District Road,Bitumen(Tar),Dry,Not Applicable,Fine,Machohalli Village,Near Manoj Chikana Center,14 Km,12.025652,77.526856
Bengaluru Dist,Madanayakanahally PS,1.04422e+16,2023,1,2,Not Applicable,Narrow road,Rural Areas,Near School or College,Human Error,No,Fatal,Vehicle to Vehicle,Not Applicable,Not Applicable,Not Applicable,Bitumen(Tar),Not Applicable,Not Applicable,Clear,Machohalli Road,Vani School,15 Km,12.991783,77.461957
Bengaluru Dist,Madanayakanahally PS,1.04422e+16,2023,1,1,Road Accidents,Circle,Rural Areas,Near Bus stop,Human Error,No,Grievous Injury,Not Applicable,Not at  Junction,Curve,One way,Bitumen(Tar),Not Applicable,Not Applicable,Clear,Anchepalya Road,Anchepalya Circle,6 Km,0.0,0.0
Bengaluru Dist,Madanayakanahally PS,1.04422e+16,2023,1,2,Road Accidents,Narrow road,Rural Areas,Near Bus stop,Human Error,No,Grievous Injury,Vehicle to Vehicle,Not Applicable,Not Applicable,Others,Not Applicable,Not Applicable,Not Applicable,Clear,Makali Huskuru Road,Near Hallimane Hotel,5 Km,0.0,0.0