DISTRICTNAME,UNITNAME,Crime_No,Year,RI,Noofvehicle_involved,Accident_Classification,Accident_Spot,Accident_Location,Accident_SubLocation,Main_Cause,Hit_Run,Severity,Collision_Type,Junction_Control,Road_Character,Road_Type,Surface_Type,Surface_Condition,Road_Condition,Weather,Accident_Road,Landmark_first,Distance_LandMark_First,Latitude,Longitude
Bengaluru Dist,Madanayakanahally PS,1.04422e+16,2023,1,1,Road Accidents,Not Applicable,Rural Areas,Near Bus stop,Human Error,Not Applicable,Grievous Injury,Hit pedestrian,Not at  Junction,Straight and flat,Major District Road,Bitumen(Tar),Dry,Not Applicable,Clear,magadi road,chikkagollarahtti bus stop,15,0.0,0.0
Bengaluru Dist,Madanayakanahally PS,1.04422e+16,2023,1,2,Road Accidents,Narrow road,Rural Areas,Near Bus stop,Human Error,Yes,Grievous Injury,Vehicle to Vehicle,Not at  Junction,Not Applicable,Others,Bitumen(Tar),Not Applicable,Not Applicable,Clear,Kithhanahalli Byandahalli Road,Kitthanahalli Maruthi Bar,15 Km,0.0,0.0
Bengaluru Dist,Madanayakanahally PS,1.04422e+16,2023,1,2,Road Accidents,Narrow road,Rural Areas,Near Bus stop,Human Error,No,Grievous Injury,Vehicle to Vehicle,Not Applicable,Not Applicable,One way,Bitumen(Tar),Not Applicable,Not Applicable,Clear,Makali Huskuru Road,Golden Sim Factory,6 Km,0.0,0.0
Bengaluru Dist,Madanayakanahally PS,1.04422e+16,2023,1,2,Road Accidents,Narrow road,Rural Areas,Near Bus stop,Human Error,No,Grievous Injury,Vehicle to Vehicle,Not Applicable,Not Applicable,Others,Bitumen(Tar),Not Applicable,Not Applicable,Clear,Kuduregege Thotadaguddadahalli Road,Near Saibaba Tempal,8 KM,13.069689,77.484258
Bengaluru Dist,Madanayakanahally PS,1.04422e+16,2023,1,2,Road Accidents,Not Applicable,Rural Areas,Near Bus stop,Human Error,No,Grievous Injury,Vehicle to Vehicle,Not Applicable,Straight and flat,NH,Bitumen(Tar),Not Applicable,Not Applicable,Clear,Makali Huskuru Road,Vaderahalli Gate,6 Km,0.0,0.0
Bengaluru Dist,Madanayakanahally PS,1.04422e+16,2023,1,1,Road Accidents,Cross roads,Rural Areas,At pedestrian Crossing,Vehicle Defect,Yes,Grievous Injury,Hit pedestrian,Give way sign,Incline,State Highway,Bitumen(Tar),Dry,No influence on accident,Fine,Magdi Road,Near Sigehalli Gate,18 Km,0.0,0.0
Bengaluru Dist,Madanayakanahally PS,1.04422e+16,2023,1,1,Road Accidents,Narrow road,Rural Areas,Near office complex,Human Error,Yes,Grievous Injury,Hit pedestrian,Controlled,Straight and flat,Major District Road,Bitumen(Tar),Dry,Not Applicable,Clear,Ravuthanahalli-Dasanapura Road,Near Lakshimi Ceramic,9 Km,0.0,0.0
Bengaluru Dist,Madanayakanahally PS,1.04422e+16,2023,1,1,Road Accidents,Narrow road,Rural Areas,Residential area,Human Error,No,Grievous Injury,Not Applicable,Not at  Junction,Straight and flat,Residential Street,Bitumen(Tar),Dry,No influence on accident,Clear,Byregowdanahalli village,Near Byregowdanahallli Bar,9,13.054348,77.393216
Bengaluru Dist,Madanayakanahally PS,1.04422e+16,2023,1,2,Road Accidents,Cross roads,Rural Areas,Open area,Human Error,No,Simple Injury,Vehicle to Vehicle,Not Applicable,Curve,Others,Bitumen(Tar),Dry,Not Applicable,Clear,BGS School Road Cross Nagaru Dasanapura Hobli Bangaluru North TQ,BGS School Road Cross Nagaru Dasanapura Hobli Bangaluru North TQ,5km,13.089301,77.425246
Bengaluru Dist,Madanayakanahally PS,1.04422e+16,2023,1,1,Road Accidents,Cross roads,Rural Areas,Open area,Human Error,No,Not Applicable,Vehicle to Vehicle,Not Applicable,Curve,Others,Bitumen(Tar),Dry,Not Applicable,Clear,Kachohalli Gangondanahalli To Magadi Road Dasanapura Hobli Bnagaluru North TQ,Kachohalli Gangondanahalli To Magadi Road Dasanapura Hobli Bnagaluru North TQ,8 km,13.005739,77.469899
Bengaluru Dist,Madanayakanahally PS,1.04422e+16,2023,1,1,Road Accidents,Cross roads,Rural Areas,Open area,Human Error,No,Not Applicable,Hit pedestrian,Not Applicable,Curve,Two way,Bitumen(Tar),Dry,Not Applicable,Clear,Madanayakanahalli To Near Kuduragere Road Adithya Steel Comany Dasanapura Hobli Bangaluru North TQ,Madanayakanahalli To Near Kuduragere Road Adithya Steel Comany Dasanapura Hobli Bangaluru North TQ,10 KM,13.063707,77.470124
Bengaluru Dist,Madanayakanahally PS,1.04422e+16,2023,1,2,Road Accidents,Cross roads,Rural Areas,Open area,Human Error,No,Grievous Injury,Vehicle to Vehicle,Not at  Junction,Straight and flat,Others,Bitumen(Tar),Others,Not Applicable,Clear,Hullegowdanahalli Road,near giriyappanapalya circle,15 Km,13.066415,77.4036099
Bengaluru Dist,Madanayakanahally PS,1.04422e+16,2023,1,2,Road Accidents,Cross roads,Rural Areas,Open area,Human Error,No,Simple Injury,Not Applicable,Not Applicable,Curve,Others,Bitumen(Tar),Dry,Not Applicable,Others,Nelamangala Thavarekere Road Near Byregowdanahalli Calony Dasanapura Hobli Bangaluru North TQ,Nelamangala Thavarekere Road Near Byregowdanahalli Calony Dasanapura Hobli Bangaluru North TQ,40 KM,13.054265,77.485843
Bengaluru Dist,Madanayakanahally PS,1.04422e+16,2023,1,2,Road Accidents,Narrow road,Rural Areas,Residential area,Vehicle Defect,No,Fatal,Vehicle to Vehicle,Not Applicable,Not Applicable,State Highway,Bitumen(Tar),Others,Not Applicable,Fine,bairaveswara traders opp. forest gate machohalli,bairaveswara traders,20 FT,12.991992,77.460691
Bengaluru Dist,Madanayakanahally PS,1.04422e+16,2023,1,2,Road Accidents,Narrow road,Rural Areas,Near Bus stop,Human Error,Yes,Damage Only,Vehicle to Vehicle,Not Applicable,Not Applicable,Others,Bitumen(Tar),Not Applicable,Not Applicable,Clear,Thavarekere Sondekoppa Road,Mallasandra,13 KM,13.002754,77.394789
Bengaluru Dist,Madanayakanahally PS,1.04422e+16,2023,1,2,Road Accidents,Junction,Rural Areas,Residential area,Human Error,No,Grievous Injury,Vehicle to Vehicle,Uncontrolled,Straight and flat,Minor District Road,Bitumen(Tar),Dry,No influence on accident,Clear,MAGADI - BANGALORE MAIN ROAD,Banagaluru Wines Near,8,12.984538,77.4801799
Bengaluru Dist,Madanayakanahally PS,1.04422e+16,2023,1,2,Road Accidents,Narrow road,Rural Areas,Near a factory industrial area,Human Error,No,Simple Injury,Vehicle to Vehicle,Give way sign,Straight and flat,Residential Street,Bitumen(Tar),Dry,No influence on accident,Cloudy,Tci-kudurgere Road,Near Abb Factory,3 Km,13.061561,77.468501
Bengaluru Dist,Madanayakanahally PS,1.04422e+16,2023,1,2,Road Accidents,Narrow road,Rural Areas,Near a factory industrial area,Human Error,No,Simple Injury,Vehicle to Vehicle,Not at  Junction,Straight and flat,Others,Bitumen(Tar),Dry,No influence on accident,Clear,Ravuthanahalli Road,near Jayamala ware house,8,13.057758,77.435021
Bengaluru Dist,Madanayakanahally PS,1.04422e+16,2023,1,2,Road Accidents,Narrow road,Rural Areas,Near a factory industrial area,Human Error,Yes,Simple Injury,Vehicle to Vehicle,Not Applicable,Not Applicable,Others,Bitumen(Tar),Not Applicable,Not Applicable,Light Rain,Makali Huskuru Road,Near Golden Forms,6 Km,0.0,0.0
Bengaluru Dist,Madanayakanahally PS,1.04422e+16,2023,1,1,Road Accidents,Cross roads,Rural Areas,Open area,Human Error,No,Damage Only,Not Applicable,Not at  Junction,Curve,Minor District Road,Bitumen(Tar),Dry,Pot holed,Clear,Rahuthanahalli Road,Near Pattalamatemple,9 km,13.06009,77.4359219
Bengaluru Dist,Madanayakanahally PS,1.04422e+16,2023,1,1,Road Accidents,Narrow road,Rural Areas,Open area,Human Error,Yes,Grievous Injury,Not Applicable,Give way sign,Straight and flat,Major District Road,Bitumen(Tar),Dry,Not Applicable,Cloudy,Lakshmipura-Madanayaknahalli Road,Near Sai Krupa Bild Mart Granity,8 Km,13.079912,77.450594
Bengaluru Dist,Madanayakanahally PS,1.04422e+16,2023,1,1,Road Accidents,Not Applicable,Rural Areas,Residential area,Vehicle Defect,No,Fatal,Not Applicable,Not at  Junction,Not Applicable,Residential Street,Not Applicable,Not Applicable,Construction Work / Material,Dust Storn,Kitthganahalli-Bettahalli road,Sri sai baba temple,100 fe,13.01015,77.435463
Bengaluru Dist,Madanayakanahally PS,1.04422e+16,2023,1,1,Road Accidents,Not Applicable,Rural Areas,Near Bus stop,Human Error,No,Not Applicable,Hit pedestrian,Not Applicable,Not Applicable,Not Applicable,Not Applicable,Dry,Not Applicable,Clear,Vadarahalli Dasanapra Hobli Bangaluru North TQ,Vadarahalli Dasanapra Hobli Bangaluru North TQ,12,13.014948,77.446542
Bengaluru Dist,Nandagudi PS,1.0442e+16,2016,1,1,Road Accidents,T Junction,Rural Areas,Residential area,Human Error,No,Fatal,Hit pedestrian,No signal lights,Others,NH,Bitumen(Tar),Others,Not Applicable,Fine,NEAR NANDAGUDI,Near Nandagudi,0.2 km,0.0,0.0
Bengaluru Dist,Nandagudi PS,1.0442e+16,2016,1,2,Road Accidents,Not Applicable,Rural Areas,Near a factory industrial area,Human Error,No,Grievous Injury,Not Applicable,Not Applicable,Not Applicable,NH,Not Applicable,Not Applicable,Not Applicable,Fine,NH 75,Near Volvo factry,12 KM,0.0,0.0
Bengaluru Dist,Nandagudi PS,1.0442e+16,2016,1,2,Not Applicable,Not Applicable,Villages settlement,Residential area,Human Error,Not Applicable,Damage Only,Not Applicable,Uncontrolled,Not Applicable,NH,Not Applicable,Not Applicable,Not Applicable,Fine,NH 75,Near Mugabala,14 KM,0.0,0.0
Bengaluru Dist,Nandagudi PS,1.0442e+16,2016,1,1,Road Accidents,Other,Rural Areas,Near a religious place,Human Error,No,Fatal,Skidding or Self accident,Not at  Junction,Others,State Highway,Bitumen(Tar),Others,Not Applicable,Fine,Hosakote Chintamani Road,NEAR SHIVANAPURA CROSS,6 KM,0.0,0.0
Bengaluru Dist,Nandagudi PS,1.0442e+16,2016,1,3,Road Accidents,Not Applicable,Rural Areas,Residential area,Human Error,No,Simple Injury,Overturning,Not at  Junction,Not Applicable,NH,Bitumen(Tar),Not Applicable,Not Applicable,Fine,Near Mugabala,Near Mugabala,12 KM,0.0,0.0
Bengaluru Dist,Nandagudi PS,1.0442e+16,2016,1,1,Road Accidents,Not Applicable,Rural Areas,Residential area,Human Error,No,Grievous Injury,Hit pedestrian,Not Applicable,Not Applicable,NH,Bitumen(Tar),Not Applicable,Not Applicable,Fine,NH 75,Near Yealachahalli,12 KM,0.0,0.0
Bengaluru Dist,Nandagudi PS,1.0442e+16,2016,1,2,Road Accidents,Narrow road,Rural Areas,Near a religious place,Human Error,Yes,Fatal,Hit and Run,Not at  Junction,Not Applicable,State Highway,Bitumen(Tar),Muddy,Not Applicable,Fine,Hosakote Chintamani Road,IN FRANT OF ANAJANYA TEMPAL,01 KM,0.0,0.0
Bengaluru Dist,Nandagudi PS,1.0442e+16,2016,1,2,Road Accidents,Not Applicable,Rural Areas,Residential area,Human Error,Not Applicable,Grievous Injury,Not Applicable,Not Applicable,Not Applicable,State Highway,Not Applicable,Not Applicable,Not Applicable,Not Applicable,SH,K SATHEYAVARA GATE,6 KM,0.0,0.0
Bengaluru Dist,Nandagudi PS,1.0442e+16,2016,1,2,Road Accidents,Not Applicable,Rural Areas,Near Bus stop,Human Error,Yes,Simple Injury,Hit and Run,Not at  Junction,Not Applicable,City or Town Road,Bitumen(Tar),Not Applicable,Not Applicable,Fine,Near Tavarekere Bus Stop,Near Tavarekere Bus Stop,12 KM,0.0,0.0
Bengaluru Dist,Nandagudi PS,1.0442e+16,2016,1,2,Road Accidents,Not Applicable,Rural Areas,Open area,Human Error,Yes,Damage Only,Hit and Run,Not Applicable,Not Applicable,NH,Not Applicable,Not Applicable,Not Applicable,Fine,NH 75,Near M Hosahalli Gate,12 KM,0.0,0.0
Bengaluru Dist,Nandagudi PS,1.0442e+16,2016,1,1,Road Accidents,Not Applicable,Rural Areas,Residential area,Human Error,No,Grievous Injury,Hit pedestrian,Not Applicable,Not Applicable,Village Road,Not Applicable,Not Applicable,Not Applicable,Fine,N hosahalli- bn pura road,Near N Hosahalli,5 KM,0.0,0.0
Bengaluru Dist,Nandagudi PS,1.0442e+16,2016,1,1,Road Accidents,Narrow road,Villages settlement,Residential area,Human Error,Yes,Grievous Injury,Hit pedestrian,Not Applicable,Not Applicable,Village Road,Bitumen(Tar),Others,Not Applicable,Fine,Near Thirthahalli,Near Thirthahalli,14 KM,0.0,0.0
Bengaluru Dist,Nandagudi PS,1.0442e+16,2016,1,1,Road Accidents,Other,Rural Areas,Near Bus stop,Human Error,Yes,Grievous Injury,Hit pedestrian,Not at  Junction,Not Applicable,NH,Bitumen(Tar),Not Applicable,Not Applicable,Fine,NH 75,Near Mugabala,12 KM,0.0,0.0
Bengaluru Dist,Nandagudi PS,1.0442e+16,2016,1,2,Road Accidents,Other,Rural Areas,Residential area,Human Error,No,Simple Injury,Others,Not at  Junction,Others,Village Road,Bitumen(Tar),Not Applicable,Not Applicable,Fine,MANCHAPPANAHALLI ROAD,NEAR SHIVANNA HOUSE,12 KM,0.0,0.0
Bengaluru Dist,Nandagudi PS,1.0442e+16,2016,1,2,Road Accidents,Other,Rural Areas,Open area,Human Error,Yes,Fatal,Hit and Run,Not at  Junction,Others,State Highway,Bitumen(Tar),Others,Not Applicable,Fine,Hosakote Chintamani Road,Near D Shattahalli Gate,08 KM,0.0,0.0
Bengaluru Dist,Nandagudi PS,1.0442e+16,2016,1,2,Road Accidents,T Junction,Rural Areas,Near a factory industrial area,Human Error,Yes,Grievous Injury,Hit and Run,Not Applicable,Not Applicable,NH,Bitumen(Tar),Not Applicable,Not Applicable,Fine,NH 75,Near Mugabala,12 KM,0.0,0.0
Bengaluru Dist,Nandagudi PS,1.0442e+16,2016,1,2,Not Applicable,Not Applicable,Not Applicable,Near a religious place,Human Error,No,Fatal,Others,Not Applicable,Not Applicable,NH,Not Applicable,Not Applicable,Not Applicable,Fine,NH 75,Near Mugabala,12 KM,0.0,0.0
Bengaluru Dist,Nandagudi PS,1.0442e+16,2016,1,2,Road Accidents,Not Applicable,Rural Areas,Residential area,Human Error,No,Grievous Injury,Not Applicable,Not at  Junction,Not Applicable,State Highway,Bitumen(Tar),Not Applicable,Not Applicable,Fine,SH,Near Tarabahalli Gate,7 KM,0.0,0.0
Bengaluru Dist,Nandagudi PS,1.0442e+16,2016,1,2,Road Accidents,Not Applicable,Rural Areas,Open area,Human Error,Not Applicable,Fatal,Others,Not at  Junction,Not Applicable,NH,Bitumen(Tar),Not Applicable,Not Applicable,Fine,NH 75,Near Mugabala,14 KM,0.0,0.0
Bengaluru Dist,Nandagudi PS,1.0442e+16,2016,1,2,Road Accidents,Not Applicable,Rural Areas,Open area,Human Error,Yes,Fatal,Overturning,Not Applicable,Not Applicable,NH,Bitumen(Tar),Not Applicable,Not Applicable,Fine,NH 75,Near Gangapura,12 KM,0.0,0.0
Bengaluru Dist,Nandagudi PS,1.0442e+16,2016,1,2,Road Accidents,Not Applicable,Rural Areas,Residential area,Human Error,Yes,Grievous Injury,Hit and Run,Uncontrolled,Not Applicable,NH,Bitumen(Tar),Not Applicable,Not Applicable,Clear,NH 75,Near Banamakanahalli Gate,10 KM,0.0,0.0
Bengaluru Dist,Nandagudi PS,1.0442e+16,2016,1,1,Road Accidents,Not Applicable,Rural Areas,Residential area,Human Error,No,Grievous Injury,Hit fixed object,Not at  Junction,Hump,State Highway,Bitumen(Tar),Not Applicable,Not Applicable,Fine,SH,Near Banahalli,1 KM,0.0,0.0
Bengaluru Dist,Nandagudi PS,1.0442e+16,2016,1,1,Road Accidents,Not Applicable,Rural Areas,Near Petrol Pump,Human Error,No,Fatal,Hit pedestrian,Not at  Junction,Not Applicable,NH,Bitumen(Tar),Others,Not Applicable,Fine,Kolar Benglore N H 75 Road,Near Chikkanahalli Gate,14 KM,0.0,0.0
Bengaluru Dist,Nandagudi PS,1.0442e+16,2016,1,2,Road Accidents,Junction,Rural Areas,Open area,Human Error,No,Damage Only,Right Turn Collision,Not Applicable,Not Applicable,NH,Bitumen(Tar),Not Applicable,Not Applicable,Fine,NH 75,Near Chikkanahalli Gate,12 KM,0.0,0.0
Bengaluru Dist,Nandagudi PS,1.0442e+16,2016,1,2,Road Accidents,Not Applicable,Rural Areas,Near a factory industrial area,Human Error,Yes,Simple Injury,Hit and Run,Not at  Junction,Not Applicable,NH,Bitumen(Tar),Not Applicable,Not Applicable,Fine,NH 75,Near Volvo factry,12 KM,0.0,0.0
Bengaluru Dist,Nandagudi PS,1.0442e+16,2016,1,2,Road Accidents,Other,Rural Areas,Residential area,Human Error,No,Fatal,Others,Not at  Junction,Others,NH,Bitumen(Tar),Not Applicable,Not Applicable,Fine,Kolar Benglore N H 75 Road,CHIKKANAHALLI GATE,14 KM,0.0,0.0
Bengaluru Dist,Nandagudi PS,1.0442e+16,2016,1,2,Road Accidents,Other,Rural Areas,Residential area,Human Error,No,Grievous Injury,Not Applicable,Uncontrolled,Not Applicable,State Highway,Not Applicable,Not Applicable,Not Applicable,Fine,SH,Near Tarabahalli Gate,7 KM,0.0,0.0
Bengaluru Dist,Nandagudi PS,1.0442e+16,2016,1,2,Road Accidents,T Junction,Rural Areas,Open area,Human Error,No,Grievous Injury,Not Applicable,Not Applicable,Not Applicable,NH,Bitumen(Tar),Not Applicable,Not Applicable,Fine,CHIKKANAHALLI GATE,CHIKKANAHALLI GATE,14 KM,0.0,0.0
Bengaluru Dist,Nandagudi PS,1.0442e+16,2016,1,2,Road Accidents,Not Applicable,Rural Areas,Residential area,Human Error,No,Damage Only,Not Applicable,Not at  Junction,Not Applicable,State Highway,Bitumen(Tar),Not Applicable,Not Applicable,Fine,SH,Near Nandagudi,0.5 km,0.0,0.0
Bengaluru Dist,Nandagudi PS,1.0442e+16,2016,1,2,Road Accidents,Not Applicable,Rural Areas,Open area,Human Error,No,Grievous Injury,Not Applicable,Not Applicable,Not Applicable,NH,Bitumen(Tar),Not Applicable,Not Applicable,Fine,NH 75,Near Tavarekere,12 KM,0.0,0.0
Bengaluru Dist,Nandagudi PS,1.0442e+16,2016,1,1,Road Accidents,Not Applicable,Rural Areas,Residential area,Human Error,No,Grievous Injury,Hit pedestrian,Not at  Junction,Not Applicable,Village Road,Bitumen(Tar),Not Applicable,Not Applicable,Fine,NAKKANAHALLI,NAKKANAHALLI,8 KM,0.0,0.0
Bengaluru Dist,Nandagudi PS,1.0442e+16,2016,1,2,Road Accidents,Other,Rural Areas,Open area,Human Error,No,Grievous Injury,Others,Not Applicable,Not Applicable,NH,Bitumen(Tar),Not Applicable,Not Applicable,Fine,BANGALORE KOLAR NH 75,BANAMAKANAHALLI GEAT,12 K M,0.0,0.0
Bengaluru Dist,Nandagudi PS,1.0442e+16,2016,1,2,Road Accidents,Not Applicable,Rural Areas,Near Petrol Pump,Human Error,No,Fatal,Not Applicable,Not at  Junction,Not Applicable,State Highway,Bitumen(Tar),Not Applicable,Not Applicable,Fine,Near D Shattahalli Gate,D Shattahalli Gate,8 KM,0.0,0.0
Bengaluru Dist,Nandagudi PS,1.0442e+16,2016,1,2,Road Accidents,Other,Rural Areas,Residential area,Human Error,Yes,Simple Injury,Hit and Run,Not at  Junction,Others,NH,Bitumen(Tar),Others,Not Applicable,Fine,BANAMAKANAHALLI GATE,Near Bheemakanahalli Gate,12 KM,0.0,0.0
Bengaluru Dist,Nandagudi PS,1.0442e+16,2016,1,1,Not Applicable,Not Applicable,Villages settlement,Residential area,Human Error,No,Grievous Injury,Hit fixed object,Not Applicable,Not Applicable,Residential Street,Not Applicable,Muddy,Not Applicable,Fine,HEDAKANAHLLI ROAD,NEAR AFROZ  HOUSE,7 KM,0.0,0.0
Bengaluru Dist,Nandagudi PS,1.0442e+16,2016,1,2,Road Accidents,Other,Rural Areas,Near a religious place,Human Error,No,Simple Injury,Others,Not at  Junction,Not Applicable,State Highway,Bitumen(Tar),Others,Not Applicable,Fine,SH,Near Nandagudi,1 KM,0.0,0.0
Bengaluru Dist,Nandagudi PS,1.0442e+16,2016,1,2,Road Accidents,Not Applicable,Villages settlement,Near a factory industrial area,Human Error,No,Damage Only,Overturning,Not Applicable,Not Applicable,NH,Not Applicable,Not Applicable,Not Applicable,Fine,NH 75,Near Poojaranahalli Gate,12 KM,0.0,0.0
Bengaluru Dist,Nandagudi PS,1.0442e+16,2016,1,1,Road Accidents,Not Applicable,Rural Areas,Residential area,Human Error,Not Applicable,Damage Only,Skidding or Self accident,Not Applicable,Not Applicable,Village Road,Bitumen(Tar),Dry,Not Applicable,Others,Near Areahalli Gate,Near Areahalli Gate,8 KM,0.0,0.0
Bengaluru Dist,Nandagudi PS,1.0442e+16,2016,1,1,Road Accidents,Not Applicable,Rural Areas,Near School or College,Human Error,No,Fatal,Hit fixed object,Not Applicable,Not Applicable,State Highway,Bitumen(Tar),Not Applicable,Not Applicable,Fine,Near Hindiganala,in frant of yang mind School,6 KM,0.0,0.0
Bengaluru Dist,Nandagudi PS,1.0442e+16,2016,1,2,Road Accidents,Not Applicable,Rural Areas,Open area,Human Error,No,Fatal,Not Applicable,Not at  Junction,Not Applicable,NH,Bitumen(Tar),Not Applicable,Not Applicable,Fine,NH 75,Near Mugabala,14 KM,0.0,0.0
Bengaluru Dist,Nandagudi PS,1.0442e+16,2016,1,1,Road Accidents,Narrow road,Rural Areas,Residential area,Human Error,No,Grievous Injury,Hit pedestrian,Not Applicable,Not Applicable,Major District Road,Bitumen(Tar),Not Applicable,Not Applicable,Fine,Near Areahalli Gate,Near Areahalli Gate,8 KM,0.0,0.0
Bengaluru Dist,Nandagudi PS,1.0442e+16,2016,1,1,Road Accidents,Not Applicable,Rural Areas,Near or inside a village,Human Error,Not Applicable,Damage Only,Not Applicable,Not Applicable,Not Applicable,State Highway,Bitumen(Tar),Not Applicable,Not Applicable,Fine,SH,SH,0.5 km,0.0,0.0
Bengaluru Dist,Nandagudi PS,1.0442e+16,2016,1,2,Road Accidents,Not Applicable,Rural Areas,Open area,Human Error,Yes,Grievous Injury,Hit and Run,Not Applicable,Not Applicable,State Highway,Bitumen(Tar),Not Applicable,Not Applicable,Fine,SH,TARABAHALLI GATE,7 KM,0.0,0.0
Bengaluru Dist,Nandagudi PS,1.0442e+16,2016,1,1,Road Accidents,Not Applicable,Rural Areas,Residential area,Human Error,Not Applicable,Fatal,Hit fixed object,Not Applicable,Not Applicable,State Highway,Bitumen(Tar),Not Applicable,Not Applicable,Fine,SH,SH,0.2 km,0.0,0.0
Bengaluru Dist,Nandagudi PS,1.0442e+16,2016,1,2,Road Accidents,Bridge,Rural Areas,Residential area,Human Error,Yes,Fatal,Hit and Run,Not at  Junction,Others,NH,Bitumen(Tar),Not Applicable,Not Applicable,Fine,Near Yalchahalli Gate,Yalchahalli Gate,14 KM,0.0,0.0
Bengaluru Dist,Nandagudi PS,1.0442e+16,2016,1,2,Road Accidents,Not Applicable,Rural Areas,Residential area,Human Error,No,Grievous Injury,Not Applicable,Not at  Junction,Not Applicable,State Highway,Bitumen(Tar),Not Applicable,Not Applicable,Fine,SH,Near D Shattahalli Gate,08 KM,0.0,0.0
Bengaluru Dist,Nandagudi PS,1.0442e+16,2016,1,2,Road Accidents,Not Applicable,Rural Areas,Residential area,Human Error,No,Fatal,Others,Not at  Junction,Others,NH,Bitumen(Tar),Not Applicable,Not Applicable,Fine,Kolar Benglore N H 75 Road,Near Tavarekere,12 KM,0.0,0.0
Bengaluru Dist,Nandagudi PS,1.0442e+16,2016,1,1,Road Accidents,Other,Rural Areas,Residential area,Human Error,No,Fatal,Skidding or Self accident,Not at  Junction,Others,NH,Bitumen(Tar),Not Applicable,Not Applicable,Clear,Kolar Benglore N H 75 Road,Near Gangapura,12 KM,0.0,0.0
Bengaluru Dist,Nandagudi PS,1.0442e+16,2016,1,2,Road Accidents,T Junction,Rural Areas,Open area,Human Error,No,Grievous Injury,Not Applicable,Not Applicable,Not Applicable,NH,Bitumen(Tar),Not Applicable,Not Applicable,Fine,BANAMAKANAHALLI GATE,BANAMAKANAHALLI GATE,12 KM,0.0,0.0
Bengaluru Dist,Nandagudi PS,1.0442e+16,2016,1,2,Road Accidents,Other,Rural Areas,Open area,Human Error,No,Fatal,Others,Not at  Junction,Not Applicable,NH,Bitumen(Tar),Muddy,Not Applicable,Clear,Kolar Benglore N H 75 Road,Near Chikkanahalli Gate,14 KM,0.0,0.0
Bengaluru Dist,Nandagudi PS,1.0442e+16,2016,1,2,Road Accidents,Bridge,Rural Areas,Residential area,Human Error,No,Damage Only,Not Applicable,Not at  Junction,Not Applicable,NH,Not Applicable,Not Applicable,Not Applicable,Fine,NH 75,Near Tavarekere,12 KM,0.0,0.0
Bengaluru Dist,Nandagudi PS,1.0442e+16,2016,1,2,Road Accidents,Not Applicable,Rural Areas,Residential area,Human Error,No,Fatal,Not Applicable,Not Applicable,Not Applicable,State Highway,Bitumen(Tar),Not Applicable,Not Applicable,Fine,SH,Near Bheemakanahalli Gate,8 KM,0.0,0.0
Bengaluru Dist,Nandagudi PS,1.0442e+16,2016,1,1,Road Accidents,Narrow road,Rural Areas,Near a religious place,Human Error,No,Fatal,Skidding or Self accident,Not Applicable,Not Applicable,State Highway,Bitumen(Tar),Not Applicable,Not Applicable,Fine,SH,NEAR SHIVANAPURA CROSS,5 KM,0.0,0.0
Bengaluru Dist,Nandagudi PS,1.0442e+16,2016,1,2,Road Accidents,Narrow road,Rural Areas,Near School or College,Human Error,No,Fatal,Right Turn Collision,Not at  Junction,Not Applicable,State Highway,Bitumen(Tar),Others,Not Applicable,Clear,Hosakote Chintamani Road,NEAR YANG MIND SCHOOL,5 KM,0.0,0.0
Bengaluru Dist,Nandagudi PS,1.0442e+16,2016,1,1,Road Accidents,Not Applicable,Rural Areas,Residential area,Human Error,Yes,Grievous Injury,Hit pedestrian,Not Applicable,Not Applicable,Village Road,Bitumen(Tar),Not Applicable,Not Applicable,Fine,Near Thirthahalli,Near Thirthahalli,03 KM,0.0,0.0
Bengaluru Dist,Nandagudi PS,1.0442e+16,2016,1,1,Road Accidents,Narrow road,Rural Areas,Open area,Human Error,No,Fatal,Hit fixed object,Not at  Junction,Not Applicable,Village Road,Bitumen(Tar),Not Applicable,Not Applicable,Fine,Near Giddanahalli Cross,Giddanahalli Cross,1 KM,0.0,0.0
Bengaluru Dist,Nandagudi PS,1.0442e+16,2016,1,1,Road Accidents,Other,Rural Areas,Open area,Human Error,Yes,Fatal,Hit and Run,Not at  Junction,Not Applicable,NH,Bitumen(Tar),Not Applicable,Not Applicable,Fine,Kolar Benglore N H 75 Road,NEAR HP DABA,14 KM,0.0,0.0
Bengaluru Dist,Nandagudi PS,1.0442e+16,2016,1,2,Road Accidents,Not Applicable,Rural Areas,Near Bus stop,Human Error,Yes,Grievous Injury,Overturning,Not Applicable,Not Applicable,State Highway,Bitumen(Tar),Not Applicable,Not Applicable,Fine,SH,Near Tarabahalli Gate,6 KM,0.0,0.0
Bengaluru Dist,Nandagudi PS,1.0442e+16,2016,1,1,Road Accidents,Narrow road,Rural Areas,Residential area,Human Error,No,Grievous Injury,Skidding or Self accident,Not at  Junction,Not Applicable,Village Road,Bitumen(Tar),Not Applicable,Not Applicable,Fine,Near Hethakki,Near Hethakki,10 KM,0.0,0.0
Bengaluru Dist,Nandagudi PS,1.0442e+16,2016,1,2,Road Accidents,Not Applicable,Rural Areas,Open area,Human Error,No,Grievous Injury,Not Applicable,Not Applicable,Not Applicable,NH,Bitumen(Tar),Not Applicable,Not Applicable,Fine,BANAMAKANAHALLI GATE,BANAMAKANAHALLI GATE,12 KM,0.0,0.0