DISTRICTNAME,UNITNAME,Crime_No,Year,RI,Noofvehicle_involved,Accident_Classification,Accident_Spot,Accident_Location,Accident_SubLocation,Main_Cause,Hit_Run,Severity,Collision_Type,Junction_Control,Road_Character,Road_Type,Surface_Type,Surface_Condition,Road_Condition,Weather,Accident_Road,Landmark_first,Distance_LandMark_First,Latitude,Longitude
Bengaluru Dist,Nandagudi PS,1.0442e+16,2016,1,1,Road Accidents,Other,Rural Areas,Near Bus stop,Human Error,Yes,Fatal,Hit and Run,Not at  Junction,Not Applicable,NH,Bitumen(Tar),Not Applicable,Not Applicable,Fine,NH 75,Near Tavarekere,12 KM,0.0,0.0
Bengaluru Dist,Nandagudi PS,1.0442e+16,2016,1,2,Road Accidents,Not Applicable,Rural Areas,Residential area,Human Error,Yes,Simple Injury,Hit and Run,Not at  Junction,Not Applicable,NH,Bitumen(Tar),Not Applicable,Not Applicable,Fine,NH 75,Near Gangapura,12 KM,0.0,0.0
Bengaluru Dist,Nandagudi PS,1.0442e+16,2016,1,1,Road Accidents,Not Applicable,Rural Areas,Open area,Human Error,No,Damage Only,Not Applicable,Not Applicable,Not Applicable,NH,Bitumen(Tar),Not Applicable,Not Applicable,Fine,NH 75,Near Gangapura,10 KM,0.0,0.0
Bengaluru Dist,Nandagudi PS,1.0442e+16,2016,1,2,Road Accidents,Not Applicable,Rural Areas,Open area,Human Error,Not Applicable,Grievous Injury,Overturning,Not Applicable,Not Applicable,NH,Bitumen(Tar),Not Applicable,Not Applicable,Fine,NH 75,Near Chikkanahalli Gate,12 KM,0.0,0.0
Bengaluru Dist,Nandagudi PS,1.0442e+16,2016,1,2,Road Accidents,Not Applicable,Rural Areas,Open area,Human Error,No,Damage Only,Overturning,Not at  Junction,Not Applicable,NH,Bitumen(Tar),Not Applicable,Not Applicable,Fine,NH 75,Poojaramanahalli Gate,12 KM,0.0,0.0
Bengaluru Dist,Nandagudi PS,1.0442e+16,2016,1,1,Road Accidents,Not Applicable,Rural Areas,Open area,Human Error,Yes,Damage Only,Hit fixed object,Not Applicable,Not Applicable,Major District Road,Bitumen(Tar),Not Applicable,Not Applicable,Fine,Near dalasagare,Near Dalasagare,10 KM,0.0,0.0
Bengaluru Dist,Nandagudi PS,1.0442e+16,2016,1,1,Road Accidents,Not Applicable,Rural Areas,Residential area,Human Error,Yes,Simple Injury,Hit and Run,Not at  Junction,Not Applicable,State Highway,Bitumen(Tar),Not Applicable,Not Applicable,Fine,Hosakote Chintamani Road,Near Mallimakanapura,10,0.0,0.0
Bengaluru Dist,Nandagudi PS,1.0442e+16,2016,1,2,Road Accidents,T Junction,Rural Areas,Open area,Human Error,Yes,Fatal,Hit and Run,No signal lights,Not Applicable,NH,Bitumen(Tar),Others,Not Applicable,Fine,Kolar Benglore N H 75 Road,CHIKKANAHALLI GATE,14 KM,0.0,0.0
Bengaluru Dist,Nandagudi PS,1.0442e+16,2016,1,2,Road Accidents,Not Applicable,Rural Areas,Residential area,Human Error,Yes,Damage Only,Hit and Run,Not at  Junction,Not Applicable,NH,Not Applicable,Not Applicable,Not Applicable,Fine,NH 75,Near Chikkanahalli Gate,14 KM,0.0,0.0
Bengaluru Dist,Nandagudi PS,1.0442e+16,2016,1,2,Road Accidents,Other,Rural Areas,Near Petrol Pump,Human Error,No,Fatal,Others,Not at  Junction,Others,State Highway,Bitumen(Tar),Others,Not Applicable,Fine,Hosakote Chintamani Road,Sathiyavara gate,7 KM,0.0,0.0
Bengaluru Dist,Nandagudi PS,1.0442e+16,2016,1,2,Road Accidents,Not Applicable,Rural Areas,In bazaar,Human Error,No,Grievous Injury,Overturning,Not at  Junction,Not Applicable,State Highway,Bitumen(Tar),Not Applicable,Not Applicable,Fine,SH,Near Narayanagowda Store,12 KM,0.0,0.0
Bengaluru Dist,Nandagudi PS,1.0442e+16,2016,1,2,Road Accidents,Other,Rural Areas,Open area,Human Error,No,Fatal,Others,Not Applicable,Others,State Highway,Bitumen(Tar),Others,Not Applicable,Fine,Hosakote Chintamani Road,BANAMAKANAHALLI GATE,08 KM,0.0,0.0
Bengaluru Dist,Nandagudi PS,1.0442e+16,2016,1,2,Road Accidents,Not Applicable,Rural Areas,Open area,Human Error,Not Applicable,Damage Only,Hit parked vehicle,Not at  Junction,Not Applicable,NH,Bitumen(Tar),Not Applicable,Not Applicable,Fine,NH 75,Near Poojaranahalli Gate,12 KM,0.0,0.0
Bengaluru Dist,Nandagudi PS,1.0442e+16,2016,1,2,Road Accidents,Other,Rural Areas,Open area,Human Error,No,Simple Injury,Others,Not at  Junction,Others,NH,Not Applicable,Others,Not Applicable,Fine,NH 75,Near Gangapura,12 KM,0.0,0.0
Bengaluru Dist,Nandagudi PS,1.0442e+16,2016,1,2,Road Accidents,Other,Villages settlement,Open area,Human Error,Yes,Grievous Injury,Others,Not Applicable,Not Applicable,State Highway,Bitumen(Tar),Others,Not Applicable,Others,Nandagudi & Hobli Hosakote tq,Near by Fazal guji Shop Nandaudi,1/2 km,0.0,0.0
Bengaluru Dist,Nandagudi PS,1.0442e+16,2016,1,2,Road Accidents,Not Applicable,Rural Areas,Open area,Human Error,No,Grievous Injury,Overturning,Not at  Junction,Not Applicable,NH,Bitumen(Tar),Not Applicable,Not Applicable,Fine,NH 75,Near Poojaranahalli Gate,12 KM,0.0,0.0
Bengaluru Dist,Nandagudi PS,1.0442e+16,2016,1,1,Road Accidents,Other,Not Applicable,Open area,Human Error,No,Damage Only,Skidding or Self accident,Not Applicable,Not Applicable,NH,Bitumen(Tar),Not Applicable,Not Applicable,Fine,NH 75,Near Chikkanahalli Gate,12 KM,0.0,0.0
Bengaluru Dist,Nandagudi PS,1.0442e+16,2016,1,1,Road Accidents,Other,Rural Areas,Residential area,Human Error,No,Fatal,Skidding or Self accident,Not at  Junction,Others,NH,Bitumen(Tar),Others,Not Applicable,Fine,Kolar Benglore N H 75 Road,Near Tavarekere,12 KM,0.0,0.0
Bengaluru Dist,Nandagudi PS,1.0442e+16,2016,1,1,Road Accidents,Not Applicable,Rural Areas,Open area,Human Error,Not Applicable,Grievous Injury,Skidding or Self accident,Not Applicable,Not Applicable,NH,Bitumen(Tar),Not Applicable,Not Applicable,Fine,NH 75,Near Gangapura,12 KM,0.0,0.0
Bengaluru Dist,Nandagudi PS,1.0442e+16,2016,1,1,Road Accidents,Narrow road,Rural Areas,Open area,Human Error,No,Simple Injury,Others,Not Applicable,Not Applicable,NH,Bitumen(Tar),Not Applicable,Not Applicable,Fine,BANGALORE KOLAR NH 75 ROAD,NEAR M HOSAHALLI GEAT,12 K M,0.0,0.0
Bengaluru Dist,Nandagudi PS,1.0442e+16,2016,1,2,Road Accidents,Not Applicable,Rural Areas,Residential area,Human Error,Not Applicable,Grievous Injury,Not Applicable,Not Applicable,Not Applicable,NH,Bitumen(Tar),Not Applicable,Not Applicable,Fine,NH 75,Near Mugabala,14 KM,0.0,0.0
Bengaluru Dist,Nandagudi PS,1.0442e+16,2016,1,2,Road Accidents,Not Applicable,Rural Areas,Near School or College,Human Error,No,Simple Injury,Not Applicable,Not at  Junction,Not Applicable,State Highway,Bitumen(Tar),Not Applicable,Not Applicable,Fine,SH,Near Banamakanahalli,7 KM,0.0,0.0
Bengaluru Dist,Nandagudi PS,1.0442e+16,2016,1,2,Road Accidents,Round about or Circle,Rural Areas,Residential area,Human Error,No,Grievous Injury,Right Turn Collision,Not Applicable,Not Applicable,State Highway,Bitumen(Tar),Not Applicable,Not Applicable,Fine,SH,Near Mallimakanapura,12 KM,0.0,0.0
Bengaluru Dist,Nandagudi PS,1.0442e+16,2016,1,2,Road Accidents,Other,Rural Areas,Near Petrol Pump,Human Error,No,Fatal,Others,Not at  Junction,Not Applicable,State Highway,Bitumen(Tar),Not Applicable,Not Applicable,Fine,SH,TARABAHALLI GATE,5 KM,0.0,0.0
Bengaluru Dist,Nandagudi PS,1.0442e+16,2016,1,2,Road Accidents,Circle,Villages settlement,Near a factory industrial area,Human Error,No,Simple Injury,Others,Not Applicable,Others,NH,Bitumen(Tar),Others,Pot holed,Others,Kolar-Bengaluru N H 75 Road Near Volvo Factory Yalachahalli Nandagudi Hobli,South Volvo Factory and Severs Road,30Feet,0.0,0.0
Bengaluru Dist,Nandagudi PS,1.0442e+16,2016,1,2,Road Accidents,Other,Rural Areas,Residential area,Human Error,No,Fatal,Others,Not at  Junction,Others,State Highway,Bitumen(Tar),Others,Not Applicable,Clear,Hosakote Chintamani Road,Near Mallimakanapura,10 KM,0.0,0.0
Bengaluru Dist,Nandagudi PS,1.0442e+16,2016,1,2,Road Accidents,Narrow road,Rural Areas,Residential area,Human Error,No,Simple Injury,Others,Not Applicable,Not Applicable,State Highway,Bitumen(Tar),Others,Not Applicable,Fine,HOSAKOTE - CHINTHAMANI STATE HIGHWAY-82,Near D Shattahalli Gate,5 KM,0.0,0.0
Bengaluru Dist,Nandagudi PS,1.0442e+16,2016,1,2,Road Accidents,Bridge,Rural Areas,Residential area,Human Error,No,Fatal,Hit pedestrian,Not at  Junction,Not Applicable,NH,Bitumen(Tar),Not Applicable,Not Applicable,Fine,NH 75,Tavarekere,12 KM,0.0,0.0
Bengaluru Dist,Nandagudi PS,1.0442e+16,2016,1,3,Road Accidents,Not Applicable,Rural Areas,Residential area,Human Error,No,Grievous Injury,Overturning,Uncontrolled,Not Applicable,State Highway,Bitumen(Tar),Not Applicable,Not Applicable,Fine,SH,Near Mallimakanapura,7 KM,0.0,0.0
Bengaluru Dist,Nandagudi PS,1.0442e+16,2016,1,2,Road Accidents,Not Applicable,Rural Areas,Residential area,Human Error,Yes,Grievous Injury,Hit and Run,Not Applicable,Not Applicable,State Highway,Bitumen(Tar),Not Applicable,Not Applicable,Fine,Near Mallimakanapura,Near Mallimakanapura,10 KM,0.0,0.0
Bengaluru Dist,Nandagudi PS,1.0442e+16,2016,1,2,Road Accidents,Not Applicable,Rural Areas,Open area,Human Error,No,Grievous Injury,Not Applicable,Not Applicable,Not Applicable,Village Road,Bitumen(Tar),Not Applicable,Not Applicable,Fine,Near Shivanapura Arch,Near Shivanapura Arch,8 KM,0.0,0.0
Bengaluru Dist,Nandagudi PS,1.0442e+16,2016,1,3,Road Accidents,Not Applicable,Rural Areas,Residential area,Human Error,No,Fatal,Not Applicable,Not Applicable,Not Applicable,State Highway,Bitumen(Tar),Not Applicable,Not Applicable,Fine,NH 75,Near Bheemakanahalli Gate,8 KM,0.0,0.0
Bengaluru Dist,Nandagudi PS,1.0442e+16,2016,1,2,Road Accidents,Not Applicable,Rural Areas,Near Bus stop,Human Error,No,Damage Only,Not Applicable,Not at  Junction,Not Applicable,NH,Bitumen(Tar),Not Applicable,Not Applicable,Fine,NH 75,Near Mugabala,14 KM,0.0,0.0
Bengaluru Dist,Nandagudi PS,1.0442e+16,2016,1,2,Road Accidents,Other,Rural Areas,Near Petrol Pump,Human Error,Yes,Grievous Injury,Hit and Run,Uncontrolled,Not Applicable,State Highway,Not Applicable,Not Applicable,Not Applicable,Fine,SH,K SATHEYAVARA GATE,7 KM,0.0,0.0
Bengaluru Dist,Nandagudi PS,1.0442e+16,2016,1,1,Road Accidents,Other,Rural Areas,Near a factory industrial area,Human Error,No,Fatal,Hit pedestrian,Not at  Junction,Others,NH,Bitumen(Tar),Others,Not Applicable,Fine,Kolar Benglore N H 75 Road,shankar shilpa shala Factry,12 KM,0.0,0.0
Bengaluru Dist,Nandagudi PS,1.0442e+16,2016,1,1,Road Accidents,Not Applicable,Rural Areas,Residential area,Human Error,No,Damage Only,Hit fixed object,Not Applicable,Not Applicable,NH,Bitumen(Tar),Not Applicable,Not Applicable,Fine,NH 75,Near Mugabala,12 KM,0.0,0.0
Bengaluru Dist,Nandagudi PS,1.0442e+16,2016,1,2,Road Accidents,Not Applicable,Rural Areas,Residential area,Human Error,No,Damage Only,Others,Not at  Junction,Not Applicable,NH,Bitumen(Tar),Not Applicable,Not Applicable,Fine,NH 75,Near Mugabala,14 KM,0.0,0.0
Bengaluru Dist,Nandagudi PS,1.0442e+16,2016,1,2,Road Accidents,Not Applicable,Rural Areas,Residential area,Human Error,No,Grievous Injury,Others,Not at  Junction,Not Applicable,Minor District Road,Bitumen(Tar),Not Applicable,Not Applicable,Fine,Near Chikkondahalli Gate,Near Chikkondahalli Gate,10 KM,0.0,0.0
Bengaluru Dist,Nandagudi PS,1.0442e+16,2016,1,2,Road Accidents,Not Applicable,Rural Areas,Residential area,Human Error,No,Grievous Injury,Not Applicable,Not Applicable,Not Applicable,Major District Road,Bitumen(Tar),Others,Not Applicable,Fine,Near Chikkondahalli Gate,CHIKKANAHALLI GATE,8 KM,0.0,0.0
Bengaluru Dist,Nandagudi PS,1.0442e+16,2016,1,2,Road Accidents,Narrow road,Rural Areas,Residential area,Human Error,Yes,Fatal,Hit and Run,Not at  Junction,Others,Village Road,Bitumen(Tar),Muddy,Not Applicable,Clear,BN Pura-Banamakanahalli road,Near jalli Craser,08 KM,0.0,0.0
Bengaluru Dist,Nandagudi PS,1.0442e+16,2017,1,1,Road Accidents,Other,Rural Areas,Open area,Human Error,No,Grievous Injury,Hit parked vehicle,Not Applicable,Not Applicable,State Highway,Bitumen(Tar),Muddy,No influence on accident,Fine,HOSAKOTE-CHINTAMANI SH ROAD,Near Shivanapur Cross,3kms,0.0,0.0
Bengaluru Dist,Nandagudi PS,1.0442e+16,2017,1,2,Road Accidents,Curves,Rural Areas,Open area,Human Error,No,Damage Only,Overturning,Not at  Junction,Not Applicable,State Highway,Bitumen(Tar),Dry,Not Applicable,Clear,HOSAKOTE CHINTHAMANI MAIN ROAD,NEAR LAND OF CHOKKASANDRA MUNIYAPPA,4 K M,0.0,0.0
Bengaluru Dist,Nandagudi PS,1.0442e+16,2017,1,2,Road Accidents,Cross roads,Rural Areas,Near Bus stop,Human Error,No,Fatal,Others,Uncontrolled,Not Applicable,State Highway,Bitumen(Tar),Not Applicable,No influence on accident,Not Applicable,SHIVANAPURA CROSS,SHIVNAPURA CROSS,3 SOUT,0.0,0.0
Bengaluru Dist,Nandagudi PS,1.0442e+16,2017,1,1,Road Accidents,Not Applicable,Rural Areas,Near Bus stop,Human Error,No,Fatal,Hit pedestrian,Uncontrolled,Not Applicable,State Highway,Bitumen(Tar),Others,No influence on accident,Not Applicable,KARAPPANAHALLI GATE,5,5,0.0,0.0
Bengaluru Dist,Nandagudi PS,1.0442e+16,2017,1,2,Road Accidents,Narrow road,Rural Areas,Open area,Not Applicable,No,Simple Injury,Overturning,Not at  Junction,Not Applicable,State Highway,Bitumen(Tar),Not Applicable,Not Applicable,Fine,Hosakote-chittamaniroad,near  nandagudi,2,0.0,0.0
Bengaluru Dist,Nandagudi PS,1.0442e+16,2017,1,1,Road Accidents,Other,Rural Areas,Open area,Human Error,Yes,Fatal,Hit and Run,Uncontrolled,Others,Others,Gravel,Muddy,Not Applicable,Not Applicable,LINGAPURA THAVREKERE ROAD,LINGAPURA,10 KM,0.0,0.0
Bengaluru Dist,Nandagudi PS,1.0442e+16,2017,1,2,Road Accidents,Round about or Circle,Rural Areas,Near Petrol Pump,Human Error,No,Grievous Injury,Right Turn Collision,Not Applicable,Not Applicable,State Highway,Bitumen(Tar),Others,No influence on accident,Fine,HOSAKOTE-CHINTAMANI SH ROAD,Near Petrol Pump,1/2kms,0.0,0.0
Bengaluru Dist,Nandagudi PS,1.0442e+16,2017,1,2,Road Accidents,Narrow road,Rural Areas,Open area,Human Error,No,Simple Injury,Others,Not at  Junction,Not Applicable,State Highway,Bitumen(Tar),Others,Not Applicable,Fine,CHINTHAMANI HOSAKOTE MAIN ROAD,NEAR CHOKKASANDRA GEAT,4 K M,0.0,0.0
Bengaluru Dist,Nandagudi PS,1.0442e+16,2017,1,1,Road Accidents,Other,Rural Areas,Open area,Human Error,Not Applicable,Grievous Injury,Skidding or Self accident,Not Applicable,Others,State Highway,Bitumen(Tar),Others,No influence on accident,Fine,HOSAKOTE-CHINTAMANI SH ROAD,Near Banahalli GATE,2kms,0.0,0.0
Bengaluru Dist,Nandagudi PS,1.0442e+16,2017,1,1,Not Applicable,Curves,Rural Areas,Open area,Human Error,No,Fatal,Skidding or Self accident,Controlled,Slight Curve,NH,Bitumen(Tar),Dry,Not Applicable,Others,NH 75,GANGAPURA GATE,13 KM,0.0,0.0
Bengaluru Dist,Nandagudi PS,1.0442e+16,2017,1,1,Road Accidents,Other,Not Applicable,Open area,Human Error,No,Fatal,Drowned,Uncontrolled,Others,State Highway,Bitumen(Tar),Not Applicable,Not Applicable,Not Applicable,HOSKOTE CHINTHAMANI ROAD NANDAGUDI,1,1,0.0,0.0
Bengaluru Dist,Nandagudi PS,1.0442e+16,2017,1,2,Road Accidents,Narrow road,Rural Areas,Open area,Not Applicable,Yes,Grievous Injury,Hit and Run,Not at  Junction,Not Applicable,Village Road,Bitumen(Tar),Muddy,Not Applicable,Fine,Hosakote-chittamaniroad,near  nandagudi,2km,0.0,0.0
Bengaluru Dist,Nandagudi PS,1.0442e+16,2017,1,2,Road Accidents,Other,Rural Areas,Open area,Human Error,No,Grievous Injury,Others,Not Applicable,Not Applicable,State Highway,Bitumen(Tar),Others,No influence on accident,Fine,HOSAKOTE-CHINTAMANI SH ROAD,Near Banahalli,2kms,0.0,0.0
Bengaluru Dist,Nandagudi PS,1.0442e+16,2017,1,2,Road Accidents,Other,Rural Areas,Open area,Human Error,No,Grievous Injury,Others,Not Applicable,Others,One way,Bitumen(Tar),Dry,Not Applicable,Fine,Bylanarasapura  - Thavarekere road,NEAR Bandahalli Siddappa land,10 k m,0.0,0.0
Bengaluru Dist,Nandagudi PS,1.0442e+16,2017,1,2,Road Accidents,Not Applicable,Rural Areas,Near or inside a village,Human Error,Not Applicable,Fatal,Not Applicable,Not Applicable,Not Applicable,State Highway,Bitumen(Tar),Dry,No influence on accident,Not Applicable,VIJAYAPURA KOLARA ROAD NEAR AREHALLI GATE,HAREHALLI GATE,10 KM,0.0,0.0
Bengaluru Dist,Nandagudi PS,1.0442e+16,2017,1,1,Road Accidents,Narrow road,Rural Areas,Open area,Vehicle Defect,No,Grievous Injury,Others,Not Applicable,Others,Others,Not Applicable,Others,Not Applicable,Others,Chikkanahalli-Shivanapura Road Near Chikkappaiah lands,Chikkappaiah lands Nears,6 kms,0.0,0.0
Bengaluru Dist,Nandagudi PS,1.0442e+16,2017,1,1,Road Accidents,Other,Villages settlement,Open area,Human Error,No,Grievous Injury,Skidding or Self accident,Not Applicable,Not Applicable,NH,Bitumen(Tar),Others,No influence on accident,Fine,Bengaluru-Kolar NH 75 Road,Near Pujaramanahalli Gate,10kms,0.0,0.0
Bengaluru Dist,Nandagudi PS,1.0442e+16,2017,1,2,Road Accidents,Narrow road,Rural Areas,Near a religious place,Human Error,No,Grievous Injury,Right Turn Collision,Not Applicable,Not Applicable,State Highway,Bitumen(Tar),Others,No influence on accident,Fine,HOSAKOTE-CHINTAMANI SH ROAD,Near Nandagudi Village,1kms,0.0,0.0
Bengaluru Dist,Nandagudi PS,1.0442e+16,2017,1,1,Road Accidents,Other,Rural Areas,Residential area,Human Error,Yes,Grievous Injury,Hit pedestrian,Not at  Junction,Not Applicable,State Highway,Bitumen(Tar),Muddy,Not Applicable,Fine,HOSAKOTE-CHINTAMANI SH ROAD,NEAR MALLIMAKANAPURA,12 KM,0.0,0.0
Bengaluru Dist,Nandagudi PS,1.0442e+16,2017,1,2,Road Accidents,Other,Rural Areas,Open area,Human Error,No,Damage Only,Others,Not Applicable,Others,NH,Bitumen(Tar),Dry,Not Applicable,Clear,Bengaluru-Kolar NH 75 Road Mugabal Hosakote Tq,Near Mugabal Narayana Gwoda Land NH 75 Road,12 Kms,0.0,0.0
Bengaluru Dist,Nandagudi PS,1.0442e+16,2017,1,1,Road Accidents,Other,Rural Areas,Residential area,Human Error,No,Grievous Injury,Hit pedestrian,Not Applicable,Others,State Highway,Bitumen(Tar),Others,Not Applicable,Others,Hosakote Chintamani Roud,Near Marage Hall,8 Km,0.0,0.0
Bengaluru Dist,Nandagudi PS,1.0442e+16,2017,1,2,Road Accidents,Not Applicable,Rural Areas,Open area,Vehicle Defect,No,Grievous Injury,Overturning,Not Applicable,Not Applicable,NH,Bitumen(Tar),Not Applicable,Not Applicable,Clear,Kolar-bangaluru road,near volo factory,200met,0.0,0.0
Bengaluru Dist,Nandagudi PS,1.0442e+16,2017,1,2,Road Accidents,Other,Villages settlement,Near Bus stop,Human Error,No,Grievous Injury,Others,Not Applicable,Others,State Highway,Bitumen(Tar),Others,Pot holed,Others,HOSAKOTE-CHINTAMANI SH ROAD,Bimakanahalli Gate,10kms,0.0,0.0
Bengaluru Dist,Nandagudi PS,1.0442e+16,2017,1,2,Road Accidents,Other,Villages settlement,Near Bus stop,Vehicle Defect,Yes,Fatal,Hit and Run,Controlled,Not Applicable,NH,Bitumen(Tar),Not Applicable,No influence on accident,Others,NH 75,bus stand,8 KM,0.0,0.0
Bengaluru Dist,Nandagudi PS,1.0442e+16,2017,1,2,Road Accidents,Other,Rural Areas,Open area,Not Applicable,No,Grievous Injury,Others,Not Applicable,Not Applicable,State Highway,Bitumen(Tar),Others,Not Applicable,Not Applicable,HOSAKOTE-CHITAMANI ROAD,LAXMIPURAVILLAGE,3km,0.0,0.0
Bengaluru Dist,Nandagudi PS,1.0442e+16,2017,1,2,Road Accidents,Other,Villages settlement,Open area,Human Error,Not Applicable,Fatal,Hit and Run,Not Applicable,Not Applicable,State Highway,Bitumen(Tar),Others,No influence on accident,Not Applicable,NEAR MALLIMAKNAPURA,MALLIMAKNAPURA,10 KM,0.0,0.0
Bengaluru Dist,Nandagudi PS,1.0442e+16,2017,1,2,Road Accidents,Bridge,Rural Areas,Narrow bridge or culverts,Human Error,No,Grievous Injury,Rear end,Not Applicable,Not Applicable,NH,Bitumen(Tar),Others,No influence on accident,Flooding of Slipways/Rivulets,Bengaluru-Kolar NH 75 Road,Near Amita Hotel,13kms,0.0,0.0
Bengaluru Dist,Nandagudi PS,1.0442e+16,2017,1,2,Road Accidents,Bridge,Rural Areas,Residential area,Human Error,No,Grievous Injury,Rear end,Not Applicable,Not Applicable,NH,Bitumen(Tar),Others,No influence on accident,Fine,Bengaluru-Kolar NH 75 Road,Near Tavarekere Bridge,15kms,0.0,0.0
Bengaluru Dist,Nandagudi PS,1.0442e+16,2017,1,2,Road Accidents,Narrow road,Rural Areas,Open area,Human Error,No,Simple Injury,Rear end,Not at  Junction,Straight and flat,NH,Bitumen(Tar),Others,Not Applicable,Fine,BANGALORE - KOLAR NH 75 ROAD,NEAR PANJABI DABA,10 K M,0.0,0.0
Bengaluru Dist,Nandagudi PS,1.0442e+16,2017,1,2,Road Accidents,Narrow road,Rural Areas,Near Bus stop,Human Error,No,Grievous Injury,Rear end,Not at  Junction,Straight and flat,NH,Bitumen(Tar),Others,Not Applicable,Fine,BANGALORE KOLAR NH 75 ROAD,NEAR CHIKKANAHALLI GEAT,12K M,0.0,0.0
Bengaluru Dist,Nandagudi PS,1.0442e+16,2017,1,1,Road Accidents,Narrow road,Rural Areas,Open area,Not Applicable,Yes,Fatal,Hit and Run,Controlled,Others,NH,Bitumen(Tar),Wet,No influence on accident,Others,NH 75,NH 75,16,0.0,0.0
Bengaluru Dist,Nandagudi PS,1.0442e+16,2017,1,2,Road Accidents,Other,Rural Areas,Open area,Human Error,Not Applicable,Fatal,Hit bicyclist,Uncontrolled,Not Applicable,State Highway,Bitumen(Tar),Not Applicable,No influence on accident,Not Applicable,near chikkondahalli,10 NORTH,10km,0.0,0.0
Bengaluru Dist,Nandagudi PS,1.0442e+16,2017,1,2,Road Accidents,Other,Rural Areas,Residential area,Human Error,No,Grievous Injury,Rear end,Not Applicable,Not Applicable,State Highway,Bitumen(Tar),Others,No influence on accident,Fine,HOSAKOTE-CHINTAMANI SH ROAD,NEAR TARABAHALLI GATE,5 KMS,0.0,0.0
Bengaluru Dist,Nandagudi PS,1.0442e+16,2017,1,2,Road Accidents,Other,Rural Areas,Open area,Not Applicable,Not Applicable,Grievous Injury,Others,Not Applicable,Not Applicable,Others,Bitumen(Tar),Others,Not Applicable,Fine,DODDANALURAHALLI-CHINNAPURA ROAD,NEAR  DODDANALLURAHALLI,13  KM,0.0,0.0
Bengaluru Dist,Nandagudi PS,1.0442e+16,2017,1,2,Road Accidents,Bridge,Rural Areas,Narrow bridge or culverts,Human Error,No,Fatal,Others,Not at  Junction,Not Applicable,NH,Bitumen(Tar),Not Applicable,Not Applicable,Fine,Bengaluru-Kolar NH 75 Road,Near Mugabala,12 KM,0.0,0.0
Bengaluru Dist,Nandagudi PS,1.0442e+16,2017,1,1,Road Accidents,Bridge,Rural Areas,Narrow bridge or culverts,Human Error,Not Applicable,Grievous Injury,Skidding or Self accident,Not Applicable,Not Applicable,NH,Bitumen(Tar),Others,No influence on accident,Fine,Bengaluru-Kolar NH 75 Road,Near Tavarekere Bridge,15kms,0.0,0.0
Bengaluru Dist,Nandagudi PS,1.0442e+16,2017,1,1,Road Accidents,Narrow road,Rural Areas,Residential area,Human Error,No,Simple Injury,Skidding or Self accident,Not Applicable,Not Applicable,State Highway,Bitumen(Tar),Others,No influence on accident,Fine,HOSAKOTE-CHINTAMANI SH ROAD,Near Yallamma Calony Nandagudi village,1/2kms,0.0,0.0
Bengaluru Dist,Nandagudi PS,1.0442e+16,2017,1,2,Road Accidents,Other,Rural Areas,Open area,Vehicle Defect,Not Applicable,Grievous Injury,Others,Not Applicable,Others,Not Applicable,Bitumen(Tar),Not Applicable,Not Applicable,Fine,hosakote-chitamani  road,karappanahalli gate near,5km,0.0,0.0
Bengaluru Dist,Nandagudi PS,1.0442e+16,2017,1,2,Road Accidents,T Junction,Rural Areas,Near a factory industrial area,Human Error,No,Damage Only,Others,Not Applicable,Others,NH,Bitumen(Tar),Others,Not Applicable,Fine,Near Volvo,Near Volvo Factry NH 75 Road,12 KM,0.0,0.0
Bengaluru Dist,Nandagudi PS,1.0442e+16,2017,1,2,Road Accidents,Other,Rural Areas,Near School or College,Human Error,No,Damage Only,Overturning,Not at  Junction,Others,State Highway,Bitumen(Tar),Muddy,Not Applicable,Fine,HOSAKOTE-CHINTAMANI SH ROAD,NEAR YOUG MIND SCHOOL,6 KM,0.0,0.0
Bengaluru Dist,Nandagudi PS,1.0442e+16,2017,1,2,Not Applicable,Cross roads,Rural Areas,Open area,Vehicle Defect,Yes,Grievous Injury,Hit and Run,Not Applicable,Others,Others,Bitumen(Tar),Others,Not Applicable,Fine,Shivanapura-beemapuraroad,trree,7 km,0.0,0.0
Bengaluru Dist,Nandagudi PS,1.0442e+16,2017,1,1,Road Accidents,Other,Rural Areas,Residential area,Human Error,No,Damage Only,Skidding or Self accident,Not at  Junction,Others,NH,Bitumen(Tar),Muddy,Not Applicable,Fine,Bengaluru-Kolar NH 75 Road,GANGAPURA GATE,12 KM,0.0,0.0
Bengaluru Dist,Nandagudi PS,1.0442e+16,2017,1,2,Road Accidents,Narrow road,Rural Areas,Open area,Human Error,No,Grievous Injury,Others,Not at  Junction,Not Applicable,Others,Bitumen(Tar),Others,Not Applicable,Fine,CHIKKANAHALLI -SHIVANAPURA ROAD,C T GOLLAHALLI VILLAGE NEAR RAMANNA LAND,08 K M,0.0,0.0
Bengaluru Dist,Nandagudi PS,1.0442e+16,2017,1,2,Road Accidents,Other,Rural Areas,Near Petrol Pump,Human Error,No,Grievous Injury,Rear end,Not Applicable,Not Applicable,NH,Bitumen(Tar),Others,No influence on accident,Fine,Bengaluru-Kolar NH 75 Road,Near Chikkanahalli gate,12kms,0.0,0.0
Bengaluru Dist,Nandagudi PS,1.0442e+16,2017,1,3,Road Accidents,Not Applicable,Rural Areas,Open area,Not Applicable,No,Fatal,Not Applicable,Not Applicable,Not Applicable,State Highway,Bitumen(Tar),Not Applicable,No influence on accident,Not Applicable,HOSKOTE CHINTHAMANI ROAD,7 KM SOUTH,7 KM,0.0,0.0
Bengaluru Dist,Nandagudi PS,1.0442e+16,2017,1,2,Road Accidents,Narrow road,Rural Areas,Open area,Not Applicable,No,Fatal,Others,Not Applicable,Not Applicable,State Highway,Bitumen(Tar),Wet,No influence on accident,Fine,VIJAYAPURA KOLARA ROAD NEAR AREHALLI GATE,10 NORTH,10 KM,0.0,0.0
Bengaluru Dist,Nandagudi PS,1.0442e+16,2017,1,2,Road Accidents,Circle,Rural Areas,Open area,Not Applicable,Not Applicable,Simple Injury,Others,Not Applicable,Others,NH,Bitumen(Tar),Others,Not Applicable,Not Applicable,KOLAR-BANGALURUROAD,chikkanahalli gate,12KM,0.0,0.0