DISTRICTNAME,UNITNAME,Crime_No,Year,RI,Noofvehicle_involved,Accident_Classification,Accident_Spot,Accident_Location,Accident_SubLocation,Main_Cause,Hit_Run,Severity,Collision_Type,Junction_Control,Road_Character,Road_Type,Surface_Type,Surface_Condition,Road_Condition,Weather,Accident_Road,Landmark_first,Distance_LandMark_First,Latitude,Longitude
Bengaluru Dist,Nandagudi PS,1.0442e+16,2017,1,1,Road Accidents,Not Applicable,Rural Areas,Open area,Human Error,No,Fatal,Hit pedestrian,Not Applicable,Straight and flat,State Highway,Bitumen(Tar),Not Applicable,No influence on accident,Not Applicable,HOSKOTE CHINTHAMANI ROAD,GUNDANJANEYA TEMPLE,6 KM,0.0,0.0
Bengaluru Dist,Nandagudi PS,1.0442e+16,2017,1,2,Road Accidents,Other,Rural Areas,Open area,Vehicle Defect,Not Applicable,Grievous Injury,Rear end,Not Applicable,Not Applicable,NH,Bitumen(Tar),Others,Not Applicable,Fine,Kolar-bangaluru road,500meter near gangapuravillage,500  m,0.0,0.0
Bengaluru Dist,Nandagudi PS,1.0442e+16,2017,1,1,Road Accidents,Rail Crossing manned,Rural Areas,Open area,Human Error,No,Grievous Injury,Hit bicyclist,Not at  Junction,Not Applicable,State Highway,Bitumen(Tar),Muddy,Not Applicable,Fine,Hosakote- Chintamani Road,Near D Shattahalli,7 KM,0.0,0.0
Bengaluru Dist,Nandagudi PS,1.0442e+16,2017,1,2,Road Accidents,Not Applicable,Rural Areas,Near Bus stop,Human Error,Not Applicable,Fatal,Not Applicable,Uncontrolled,Not Applicable,NH,Bitumen(Tar),Not Applicable,Not Applicable,Not Applicable,HOSKOTE KOLARA ROAD NEAR CHIKKANAHALLI GATE,CHIKKANAHALLI GATE,10 KM,0.0,0.0
Bengaluru Dist,Nandagudi PS,1.0442e+16,2017,1,2,Road Accidents,Other,Rural Areas,Near a factory industrial area,Human Error,No,Fatal,Others,Uncontrolled,Others,NH,Bitumen(Tar),Wet,No influence on accident,Not Applicable,NH 75 NEAR VOLVO FACTORY,VOLVO FACTORY,12 KM,0.0,0.0
Bengaluru Dist,Nandagudi PS,1.0442e+16,2018,1,1,Road Accidents,Other,Rural Areas,Near Petrol Pump,Not Applicable,No,Fatal,Not Applicable,Not Applicable,Not Applicable,Expressway,Bitumen(Tar),Not Applicable,No influence on accident,Not Applicable,NH 75 NEAR MUGABALA,MUGABALA,15,0.0,0.0
Bengaluru Dist,Nandagudi PS,1.0442e+16,2018,1,1,Not Applicable,Other,Rural Areas,Open area,Human Error,No,Fatal,Others,Not Applicable,Not Applicable,Others,Not Applicable,Muddy,Pot holed,Others,LAKE,LAKE,6 KM,0.0,0.0
Bengaluru Dist,Nandagudi PS,1.0442e+16,2018,1,2,Road Accidents,Not Applicable,Rural Areas,Open area,Human Error,No,Fatal,Hit bicyclist,Not Applicable,Not Applicable,Minor District Road,Bitumen(Tar),Not Applicable,Not Applicable,Not Applicable,NANDAGUDI SHIVNAPURA ROAD,MOTHAKADAHALLI,3,0.0,0.0
Bengaluru Dist,Nandagudi PS,1.0442e+16,2018,1,2,Road Accidents,Road hump or Rumble strips,Villages settlement,Residential area,Human Error,No,Fatal,Not Applicable,Not at  Junction,Not Applicable,State Highway,Bitumen(Tar),Not Applicable,No influence on accident,Not Applicable,HOSKOTE CHINTHAMANI ROAD,HINDIGANALA,2,0.0,0.0
Bengaluru Dist,Nandagudi PS,1.0442e+16,2018,1,1,Rail Road Accidents,Culvert,Villages settlement,Narrow bridge or culverts,Human Error,No,Grievous Injury,Others,Not Applicable,Others,NH,Bitumen(Tar),Dry,Not Applicable,Fine,KOLAR -BENGALORE NH -75,NEAR MUGABAL VILLAGE,12 KM,0.0,0.0
Bengaluru Dist,Nandagudi PS,1.0442e+16,2018,1,1,Road Accidents,Not Applicable,Rural Areas,Residential area,Human Error,No,Fatal,Hit pedestrian,Not Applicable,Not Applicable,NH,Bitumen(Tar),Not Applicable,No influence on accident,Not Applicable,NH 75 ROAD MUGABALA,MUGABALA,12,0.0,0.0
Bengaluru Dist,Nandagudi PS,1.0442e+16,2018,1,1,Road Accidents,Not Applicable,Rural Areas,Open area,Human Error,No,Damage Only,Others,Uncontrolled,Not Applicable,NH,Bitumen(Tar),Dry,Not Applicable,Fine,natational haiway,banamakanahalli gate,01 km,0.0,0.0
Bengaluru Dist,Nandagudi PS,1.0442e+16,2018,1,1,Road Accidents,Road hump or Rumble strips,Rural Areas,Open area,Human Error,No,Fatal,Overturning,Not Applicable,Not Applicable,Minor District Road,Bitumen(Tar),Not Applicable,No influence on accident,Not Applicable,BAILNARASAPURA ROAD,B N PURA,6,0.0,0.0
Bengaluru Dist,Nandagudi PS,1.0442e+16,2018,1,2,Road Accidents,Not Applicable,Rural Areas,Open area,Human Error,Not Applicable,Fatal,Others,Not Applicable,Not Applicable,NH,Bitumen(Tar),Not Applicable,Not Applicable,Not Applicable,POOJARAMANAHALLI,NH 75,10,0.0,0.0
Bengaluru Dist,Nandagudi PS,1.0442e+16,2018,1,2,Road Accidents,Round about or Circle,Rural Areas,Open area,Human Error,Yes,Fatal,Hit and Run,Uncontrolled,Not Applicable,NH,Bitumen(Tar),Not Applicable,No influence on accident,Not Applicable,NH 75 NEAR GANGAPURA GATE,GANGAPURA GATE,13 KM,0.0,0.0
Bengaluru Dist,Nandagudi PS,1.0442e+16,2018,1,3,Road Accidents,Narrow road,Rural Areas,Open area,Human Error,No,Fatal,Not Applicable,Not Applicable,Not Applicable,State Highway,Bitumen(Tar),Not Applicable,No influence on accident,Not Applicable,HOSKOTE CHINTHAMANI ROAD,KARAPPANAHALLI GATE,6,0.0,0.0
Bengaluru Dist,Nandagudi PS,1.0442e+16,2018,1,2,Road Accidents,Cross roads,Rural Areas,Near a factory industrial area,Human Error,No,Fatal,Not Applicable,Uncontrolled,Not Applicable,NH,Bitumen(Tar),Not Applicable,No influence on accident,Others,NEAR VOLVO FACTORY,VOLVO FACTORY,10,0.0,0.0
Bengaluru Dist,Nandagudi PS,1.0442e+16,2018,1,1,Road Accidents,Other,Rural Areas,Open area,Human Error,No,Simple Injury,Head on,Not Applicable,Others,State Highway,Bitumen(Tar),Dry,Not Applicable,Fine,HOSAKOTE -CHINTAMANI ROAD,NEAR NANDAGUDI VILLAGE,5,0.0,0.0
Bengaluru Dist,Nandagudi PS,1.0442e+16,2018,1,1,Road Accidents,Narrow road,Rural Areas,Near Bus stop,Human Error,Not Applicable,Fatal,Hit pedestrian,Not Applicable,Not Applicable,NH,Bitumen(Tar),Others,No influence on accident,Not Applicable,CHIKKANAHALLI GATE,CHIKKANAHALLI GATE,12,0.0,0.0
Bengaluru Dist,Nandagudi PS,1.0442e+16,2018,1,1,Road Accidents,Other,Rural Areas,At pedestrian Crossing,Human Error,No,Damage Only,Drowned,Uncontrolled,Others,State Highway,Bitumen(Tar),Dry,Not Applicable,Fog / Mist,HOSAKOTE -CHINTAMANI ROAD,NEAR NANDAGUI VILLAGE,1 KM,0.0,0.0
Bengaluru Dist,Nandagudi PS,1.0442e+16,2018,1,2,Road Accidents,Not Applicable,Rural Areas,Near Petrol Pump,Human Error,No,Fatal,Not Applicable,Not Applicable,Not Applicable,NH,Bitumen(Tar),Not Applicable,No influence on accident,Not Applicable,NH 75 NEAR CHIKKANAHALLI GATE,CHIKKANAHALLI GATE,12,0.0,0.0
Bengaluru Dist,Nandagudi PS,1.0442e+16,2018,1,1,Road Accidents,Other,Rural Areas,Near Bus stop,Human Error,No,Grievous Injury,Others,Not Applicable,Others,State Highway,Bitumen(Tar),Dry,Not Applicable,Fine,Hosakote Chainatamani road near bheemakanalli village,1,7 km,0.0,0.0
Bengaluru Dist,Nandagudi PS,1.0442e+16,2018,1,2,Road Accidents,Other,Rural Areas,Open area,Human Error,No,Grievous Injury,Head on,Not Applicable,Not Applicable,State Highway,Bitumen(Tar),Dry,Not Applicable,Not Applicable,kolar-devanahalli road sh-96,near dalasagere village,12km,0.0,0.0
Bengaluru Dist,Nandagudi PS,1.0442e+16,2018,1,2,Road Accidents,Curves,Rural Areas,Near a factory industrial area,Not Applicable,Yes,Simple Injury,Hit and Run,Not Applicable,Curve,NH,Bitumen(Tar),Dry,Not Applicable,Fine,NH75,1,2,0.0,0.0
Bengaluru Dist,Nandagudi PS,1.0442e+16,2018,1,2,Road Accidents,Narrow road,Rural Areas,Open area,Human Error,No,Grievous Injury,Others,Not Applicable,Others,NH,Bitumen(Tar),Not Applicable,Not Applicable,Fine,NEAR BASAVESHWARS COCONET COMPLEX THAVAREKERE VILLAGE,KOLAR BANGALORE NH 75 ROAD,01-Feb,0.0,0.0
Bengaluru Dist,Nandagudi PS,1.0442e+16,2018,1,2,Road Accidents,Narrow road,Villages settlement,Near or inside a village,Human Error,No,Fatal,Hit parked vehicle,Not Applicable,Not Applicable,NH,Bitumen(Tar),Not Applicable,No influence on accident,Others,NH 75 NEAR MUGABALA,MUGABALA,11,0.0,0.0
Bengaluru Dist,Nandagudi PS,1.0442e+16,2018,1,3,Road Accidents,Narrow road,Rural Areas,Open area,Human Error,No,Grievous Injury,Others,Uncontrolled,Not Applicable,State Highway,Bitumen(Tar),Others,Not Applicable,Fine,CHINTHAMANI - HOSAKOTE MAIN ROAD,NEAR ARISHINA GUDDA NANDAGUDI VILLAGE,01-Feb,0.0,0.0
Bengaluru Dist,Nandagudi PS,1.0442e+16,2018,1,2,Road Accidents,Not Applicable,Rural Areas,Open area,Human Error,Yes,Fatal,Hit and Run,Not Applicable,Others,NH,Bitumen(Tar),Not Applicable,No influence on accident,Not Applicable,NH 75,M HOSAHALLI GATE,42 KM,0.0,0.0
Bengaluru Dist,Nandagudi PS,1.0442e+16,2018,1,3,Road Accidents,Cross roads,Villages settlement,Near a factory industrial area,Human Error,No,Fatal,Hit bicyclist,Not Applicable,Not Applicable,NH,Bitumen(Tar),Not Applicable,No influence on accident,Not Applicable,NH 75 NEAR VOLVO FACTORY,VOLVO FACTORY,12,0.0,0.0
Bengaluru Dist,Nandagudi PS,1.0442e+16,2018,1,2,Road Accidents,Not Applicable,Rural Areas,Near Bus stop,Human Error,No,Fatal,Hit bicyclist,Not Applicable,Others,NH,Bitumen(Tar),Not Applicable,No influence on accident,Not Applicable,NH 75 NEAR MUGABALA,MUGABALA,12,0.0,0.0
Bengaluru Dist,Nandagudi PS,1.0442e+16,2018,1,2,Road Accidents,Curves,Rural Areas,Near a factory industrial area,Human Error,No,Simple Injury,Others,Not Applicable,Curve,NH,Bitumen(Tar),Dry,Not Applicable,Fine,75,1,2,0.0,0.0
Bengaluru Dist,Nandagudi PS,1.0442e+16,2018,1,1,Road Accidents,Narrow road,Rural Areas,Open area,Human Error,No,Grievous Injury,Skidding or Self accident,Not Applicable,Others,NH,Bitumen(Tar),Others,Not Applicable,Fine,KOLAR - BANGALORE NH 75 ROAD,NEAR POOJARAMANAHALLI VILLAGE,15,0.0,0.0
Bengaluru Dist,Nandagudi PS,1.0442e+16,2018,1,2,Road Accidents,Not Applicable,Rural Areas,Near Petrol Pump,Human Error,No,Fatal,Not Applicable,Not Applicable,Not Applicable,NH,Bitumen(Tar),Not Applicable,No influence on accident,Not Applicable,NH 75 NEAR CHIKKANAHALLI GATE,CHIKKANAHALLI GATE,12,0.0,0.0
Bengaluru Dist,Nandagudi PS,1.0442e+16,2018,1,2,Road Accidents,Other,Rural Areas,Near or inside a village,Human Error,Not Applicable,Grievous Injury,Others,Not Applicable,Not Applicable,Mixed,Bitumen(Tar),Dry,No influence on accident,Fine,H CROSS-KOLAR ROAD,1,10 kms,0.0,0.0
Bengaluru Dist,Nandagudi PS,1.0442e+16,2018,1,2,Road Accidents,Other,Rural Areas,Residential area,Human Error,No,Grievous Injury,Head on,Not Applicable,Others,NH,Bitumen(Tar),Dry,Not Applicable,Fine,KOLAR -BENGALORE NH -75,NEAR YALACHAHALLI,12 KM,0.0,0.0
Bengaluru Dist,Nandagudi PS,1.0442e+16,2018,1,1,Road Accidents,Other,Rural Areas,Residential area,Human Error,No,Grievous Injury,Head on,Not at  Junction,Others,Village Road,Bitumen(Tar),Dry,Not Applicable,Fine,CHOKKASANDRA - NANDAGUDI  ROAD,NANDAGUDI,1.5,0.0,0.0
Bengaluru Dist,Nandagudi PS,1.0442e+16,2018,1,2,Not Applicable,Junction,Villages settlement,Near office complex,Not Applicable,No,Simple Injury,Others,No signal lights,Incline,Village Road,Concrete,Dry,Not Applicable,Clear,Village road,Near milk dairy,1,0.0,0.0
Bengaluru Dist,Nandagudi PS,1.0442e+16,2018,1,1,Road Accidents,Narrow road,Rural Areas,Open area,Not Applicable,No,Fatal,Hit pedestrian,Signal lights Manual,Not Applicable,NH,Bitumen(Tar),Not Applicable,No influence on accident,Not Applicable,NH 75 ROAD NEAR BANMAKNAHALLI,BANMAKNAHALLI GATE,13,0.0,0.0
Bengaluru Dist,Nandagudi PS,1.0442e+16,2018,1,2,Road Accidents,Other,Rural Areas,Open area,Human Error,No,Grievous Injury,Others,Not Applicable,Not Applicable,Others,Bitumen(Tar),Not Applicable,Not Applicable,Fine,Chikkanahalli to Malur road,near gadigenahalli village,10,0.0,0.0
Bengaluru Dist,Nandagudi PS,1.0442e+16,2018,1,2,Rail Road Accidents,Other,Rural Areas,Residential area,Human Error,No,Grievous Injury,Head on,Not Applicable,Others,State Highway,Bitumen(Tar),Dry,Not Applicable,Snow,HOSAKOTE -CHINTAMANI SH -82,NEAR NANDAGUDI,1/2KM,0.0,0.0
Bengaluru Dist,Nandagudi PS,1.0442e+16,2018,1,1,Road Accidents,Other,Villages settlement,Near a factory industrial area,Human Error,No,Grievous Injury,Head on,Not Applicable,Others,State Highway,Bitumen(Tar),Dry,Not Applicable,Fine,kolar -bengalore NH75 rosd,volvo factory near,12 Kms,0.0,0.0
Bengaluru Dist,Nandagudi PS,1.0442e+16,2018,1,1,Road Accidents,Bridge,Rural Areas,Open area,Human Error,No,Not Applicable,Skidding or Self accident,Not Applicable,Others,State Highway,Bitumen(Tar),Dry,Not Applicable,Fine,state highway,HOSAKOTE CHINTAMANI STATE HIGHWAY,1 KM,0.0,0.0
Bengaluru Dist,Nandagudi PS,1.0442e+16,2018,1,1,Road Accidents,Circle,Rural Areas,Residential area,Human Error,Yes,Grievous Injury,Overturning,Not Applicable,Others,Village Road,Bitumen(Tar),Dry,Not Applicable,Fine,NANDAGUDI TO BYLANARASAPUR ROAD,BYLANARASAPUR ROAD,01-Feb,0.0,0.0
Bengaluru Dist,Nandagudi PS,1.0442e+16,2018,1,2,Road Accidents,Not Applicable,Rural Areas,Residential area,Human Error,Yes,Simple Injury,Others,Uncontrolled,Others,NH,Bitumen(Tar),Dry,Not Applicable,Fine,BENGALORE KOLAR NH 75,NEAR CHIKKANAHALLI VILLAGE,12 km,0.0,0.0
Bengaluru Dist,Nandagudi PS,1.0442e+16,2018,1,2,Road Accidents,Curves,Rural Areas,Open area,Not Applicable,Yes,Damage Only,Hit animal,Not Applicable,Curve and Incline,Two way,Bitumen(Tar),Dry,Not Applicable,Fine,NH75,MEDRICH FACTORY NEAR,NH 75,0.0,0.0
Bengaluru Dist,Nandagudi PS,1.0442e+16,2018,1,2,Road Accidents,Narrow road,Rural Areas,Near Bus stop,Human Error,No,Simple Injury,Rear end,Not at  Junction,Not Applicable,NH,Bitumen(Tar),Others,Not Applicable,Fine,KOLAR - BANGALORE NH 75 ROAD,POOJA RAMANAHALLI GATE,15,0.0,0.0
Bengaluru Dist,Nandagudi PS,1.0442e+16,2018,1,2,Road Accidents,Other,Villages settlement,Residential area,Human Error,Yes,Grievous Injury,Hit and Run,Not at  Junction,Not Applicable,Village Road,Bitumen(Tar),Dry,Not Applicable,Fine,SHIVANAPURA - CIKKANAHALLI ROAD,STREET CHANDRAPPA LAND,1 KM,0.0,0.0
Bengaluru Dist,Nandagudi PS,1.0442e+16,2018,1,2,Road Accidents,Other,Rural Areas,Near a religious place,Human Error,No,Grievous Injury,Head on,Not Applicable,Others,State Highway,Bitumen(Tar),Dry,Not Applicable,Not Applicable,HOSAKOTE CHINTAMANI state highway,NEAR CHOUDESHWARI POULTRY FORM,05KM,0.0,0.0
Bengaluru Dist,Nandagudi PS,1.0442e+16,2018,1,2,Road Accidents,Other,Rural Areas,Near or inside a village,Human Error,No,Simple Injury,Others,Not Applicable,Others,NH,Bitumen(Tar),Dry,Not Applicable,Fine,KOLAR -BENGALORE NH -75,NEAT YALACHALLI VILLAGE,12,0.0,0.0
Bengaluru Dist,Nandagudi PS,1.0442e+16,2018,1,2,Road Accidents,Narrow road,Rural Areas,Near Petrol Pump,Human Error,Yes,Fatal,Hit and Run,Not Applicable,Not Applicable,State Highway,Bitumen(Tar),Not Applicable,No influence on accident,Not Applicable,HOSKOTE CHINTHAMANI ROAD,M SATHYAVARA,6,0.0,0.0
Bengaluru Dist,Nandagudi PS,1.0442e+16,2018,1,2,Not Applicable,Other,Rural Areas,Residential area,Human Error,No,Simple Injury,Head on,Not Applicable,Not Applicable,Village Road,Bitumen(Tar),Dry,Not Applicable,Others,BENDAGANALLI-NANDAGUDI ROAD,NEAR RAJANNA HOME,1,0.0,0.0
Bengaluru Dist,Nandagudi PS,1.0442e+16,2018,1,2,Road Accidents,Road hump or Rumble strips,Rural Areas,Near Bus stop,Human Error,No,Damage Only,Others,Not Applicable,Straight and flat,State Highway,Bitumen(Tar),Dry,Not Applicable,Fine,SH82,ROAD HUMP,1,0.0,0.0
Bengaluru Dist,Nandagudi PS,1.0442e+16,2018,1,2,Road Accidents,Not Applicable,Rural Areas,Near Bus stop,Human Error,No,Fatal,Not Applicable,No signal lights,Not Applicable,NH,Bitumen(Tar),Not Applicable,No influence on accident,Not Applicable,NH 75 NEAR GANGAPURA GATE,GANGAPURA GATE,15,0.0,0.0
Bengaluru Dist,Nandagudi PS,1.0442e+16,2018,1,1,Road Accidents,Other,Rural Areas,Near Bus stop,Human Error,No,Grievous Injury,Hit pedestrian,Not Applicable,Others,NH,Bitumen(Tar),Dry,Not Applicable,Fine,BANGALORE -KOLAR NH -75,NEAR PUJARAMANAHALLI GATE,12KM,0.0,0.0
Bengaluru Dist,Nandagudi PS,1.0442e+16,2018,1,1,Road Accidents,Not Applicable,Villages settlement,Residential area,Human Error,No,Fatal,Hit pedestrian,Uncontrolled,Not Applicable,Village Road,Bitumen(Tar),Not Applicable,Not Applicable,Others,CHIKKANAHALLI VILLAGE,CHIKKANAHALLI VILLAGE,9,0.0,0.0
Bengaluru Dist,Nandagudi PS,1.0442e+16,2018,1,2,Road Accidents,Narrow road,Rural Areas,Open area,Human Error,No,Grievous Injury,Rear end,Not Applicable,Not Applicable,NH,Bitumen(Tar),Others,Not Applicable,Fine,KOLAR-BANGALORE NH-75 ROAD,NERA C B COLONY,01-Apr,0.0,0.0
Bengaluru Dist,Nandagudi PS,1.0442e+16,2018,1,2,Road Accidents,Narrow road,Rural Areas,Near Petrol Pump,Human Error,No,Fatal,Hit bicyclist,Not Applicable,Not Applicable,State Highway,Bitumen(Tar),Not Applicable,No influence on accident,Not Applicable,HOSKOTE CHINTHAMANI ROAD NEAR K SATHYAVARA,M SATHYAVARA,9,0.0,0.0
Bengaluru Dist,Nandagudi PS,1.0442e+16,2018,1,1,Road Accidents,Narrow road,Rural Areas,Open area,Human Error,No,Grievous Injury,Others,Not Applicable,Not Applicable,NH,Bitumen(Tar),Others,Not Applicable,Fine,KOLAR - BANGALORE NH 75 ROAD,M HOSAHALLI GATE,12,0.0,0.0
Bengaluru Dist,Nandagudi PS,1.0442e+16,2018,1,2,Road Accidents,Narrow road,Rural Areas,Open area,Not Applicable,No,Fatal,Hit bicyclist,Not Applicable,Not Applicable,NH,Bitumen(Tar),Not Applicable,No influence on accident,Not Applicable,NH 75 NEAR M HOSAHALLI,M HOSAHALLI GATE,14,0.0,0.0
Bengaluru Dist,Nandagudi PS,1.0442e+16,2018,1,1,Not Applicable,Not Applicable,Rural Areas,Near Bus stop,Not Applicable,Not Applicable,Not Applicable,Not Applicable,Not Applicable,Not Applicable,NH,Bitumen(Tar),Not Applicable,Not Applicable,Fine,NH 75,NH 75,NH 75,0.0,0.0
Bengaluru Dist,Nandagudi PS,1.0442e+16,2018,1,2,Road Accidents,Curves,Rural Areas,Near or inside a village,Human Error,Yes,Grievous Injury,Vehicle to Vehicle,Not Applicable,Curve and Incline,NH,Bitumen(Tar),Dry,Not Applicable,Clear,75,1,1,0.0,0.0
Bengaluru Dist,Nandagudi PS,1.0442e+16,2018,1,2,Road Accidents,Round about or Circle,Rural Areas,Near Bus stop,Human Error,No,Fatal,Hit bicyclist,Uncontrolled,Others,NH,Bitumen(Tar),Not Applicable,No influence on accident,Others,BANMAKNAHALLI GATE,BANMAKNAHALLI GATE,10,0.0,0.0
Bengaluru Dist,Nandagudi PS,1.0442e+16,2018,1,1,Road Accidents,Narrow road,Rural Areas,Open area,Human Error,No,Fatal,Hit pedestrian,Stop sign,Straight and flat,State Highway,Bitumen(Tar),Not Applicable,No influence on accident,Not Applicable,CHINTHAMANI ROAD,THARABAHALLI,03 KM,0.0,0.0
Bengaluru Dist,Nandagudi PS,1.0442e+16,2018,1,2,Rail Road Accidents,Other,Rural Areas,Open area,Human Error,No,Grievous Injury,Others,Not Applicable,Not Applicable,One way,Bitumen(Tar),Others,Not Applicable,Fine,BANAMAKANAHALLI BYLANARASAPURA ROAD,MANJU HALO BRICKS FACTORY,10 FEE,0.0,0.0
Bengaluru Dist,Nandagudi PS,1.0442e+16,2018,1,1,Road Accidents,Not Applicable,Rural Areas,Open area,Human Error,No,Fatal,Skidding or Self accident,Not Applicable,Not Applicable,NH,Bitumen(Tar),Not Applicable,No influence on accident,Not Applicable,NH 75 NEAR MUGABALA,MUGABALA,12,0.0,0.0
Bengaluru Dist,Nandagudi PS,1.0442e+16,2018,1,1,Road Accidents,Narrow road,Rural Areas,Open area,Human Error,No,Grievous Injury,Hit pedestrian,Not Applicable,Not Applicable,NH,Bitumen(Tar),Others,Not Applicable,Fine,Bangalore - Kolar NH-75 Road,Banamakanahalli gate,1 k m,0.0,0.0
Bengaluru Dist,Nandagudi PS,1.0442e+16,2018,1,2,Road Accidents,Other,Rural Areas,Near Bus stop,Human Error,No,Simple Injury,Not Applicable,Give way sign,Others,NH,Bitumen(Tar),Dry,Not Applicable,Fine,NH75,GATE,GAN,0.0,0.0
Bengaluru Dist,Nandagudi PS,1.0442e+16,2018,1,1,Road Accidents,Round about or Circle,Rural Areas,Near Bus stop,Human Error,Not Applicable,Fatal,Skidding or Self accident,Controlled,Not Applicable,NH,Bitumen(Tar),Not Applicable,No influence on accident,Not Applicable,NH 75 ROAD CHIKKANAHALLI GATE,12 KM,13 KM,0.0,0.0
Bengaluru Dist,Nandagudi PS,1.0442e+16,2018,1,2,Road Accidents,Curves,Villages settlement,Residential area,Human Error,Yes,Grievous Injury,Hit and Run,Uncontrolled,Curve and Incline,State Highway,Bitumen(Tar),Dry,Not Applicable,Fine,82,1,2,0.0,0.0
Bengaluru Dist,Nandagudi PS,1.0442e+16,2018,1,1,Road Accidents,Not Applicable,Villages settlement,At pedestrian Crossing,Vehicle Defect,No,Fatal,Hit pedestrian,Uncontrolled,Straight and flat,State Highway,Bitumen(Tar),Others,Not Applicable,Not Applicable,HOSKOTE CHINTHAMANI ROAD,HINDIGANALA,2,0.0,0.0
Bengaluru Dist,Nandagudi PS,1.0442e+16,2018,1,1,Road Accidents,Narrow road,Rural Areas,Open area,Human Error,No,Grievous Injury,Hit pedestrian,Not Applicable,Others,Others,Bitumen(Tar),Others,Not Applicable,Fine,sulibele - shivanapura cross road,nera Bhavapura Nagappa land,05 k m,0.0,0.0
Bengaluru Dist,Nandagudi PS,1.0442e+16,2018,1,2,Road Accidents,Not Applicable,Rural Areas,Near or inside a village,Human Error,No,Grievous Injury,Others,Not Applicable,Others,State Highway,Bitumen(Tar),Dry,Not Applicable,Mist or Fog,hosakote chintamAni state highway,1,5,0.0,0.0
Bengaluru Dist,Nandagudi PS,1.0442e+16,2018,1,2,Road Accidents,Culvert,Rural Areas,Open area,Human Error,No,Fatal,Not Applicable,Not Applicable,Not Applicable,NH,Bitumen(Tar),Not Applicable,Not Applicable,Not Applicable,NH 75 NEAR CHIKKANAHALLI GATE,CHIKKANAHALLI GATE,15,0.0,0.0
Bengaluru Dist,Nandagudi PS,1.0442e+16,2018,1,1,Road Accidents,Offset,Rural Areas,Open area,Human Error,No,Grievous Injury,Overturning,Not at  Junction,Others,State Highway,Bitumen(Tar),Others,Not Applicable,Fine,HOSAKOTE -CHINTHAMANI MAIN ROAD,NEAR FAREST AREA,1 K M,0.0,0.0
Bengaluru Dist,Nandagudi PS,1.0442e+16,2018,1,2,Road Accidents,Narrow road,Rural Areas,Open area,Human Error,No,Grievous Injury,Others,Not Applicable,Others,State Highway,Bitumen(Tar),Others,Not Applicable,Fine,CHINTHAMANI - HOSAKOTE MAIN ROAD 82,NEAR NANDAGUDI ARISHINAGUDDADA,01-Feb,0.0,0.0
Bengaluru Dist,Nandagudi PS,1.0442e+16,2018,1,2,Road Accidents,Other,Rural Areas,Residential area,Human Error,No,Grievous Injury,Others,Not Applicable,Not Applicable,Village Road,Bitumen(Tar),Dry,Not Applicable,Fine,NEAR LAXMIPUR VILLAGE,NEAR MARIYAPPA FIELD,4,0.0,0.0
Bengaluru Dist,Nandagudi PS,1.0442e+16,2018,1,1,Road Accidents,Not Applicable,Rural Areas,Open area,Human Error,No,Fatal,Skidding or Self accident,Not Applicable,Not Applicable,NH,Bitumen(Tar),Not Applicable,No influence on accident,Not Applicable,NH 75 NEAR MUGABALA,MEDRICH FACTORY,13,0.0,0.0
Bengaluru Dist,Nandagudi PS,1.0442e+16,2018,1,1,Road Accidents,Not Applicable,Rural Areas,Open area,Human Error,No,Fatal,Not Applicable,Not Applicable,Others,Others,Kutcha,Muddy,Engineering Defect of Road,Not Applicable,CHOKKASANDRA,CHOKKASANDRA,3,0.0,0.0
Bengaluru Dist,Nandagudi PS,1.0442e+16,2018,1,1,Road Accidents,More than four arms,Rural Areas,Near a factory industrial area,Human Error,No,Grievous Injury,Skidding or Self accident,Not at  Junction,Others,NH,Bitumen(Tar),Others,Not Applicable,Fine,KOLAR - BANGALORE NH 75 ROAD,POOJARAMANAHALLI GATE,12 K M,0.0,0.0
Bengaluru Dist,Nandagudi PS,1.0442e+16,2018,1,1,Road Accidents,Not Applicable,Rural Areas,Near or inside a village,Human Error,No,Simple Injury,Skidding or Self accident,Uncontrolled,Others,NH,Bitumen(Tar),Dry,Not Applicable,Fine,BANGALORE-KOLAR,NEAR CHIKKANAHALLI VILLAGE,12,0.0,0.0
Bengaluru Dist,Nandagudi PS,1.0442e+16,2018,1,1,Road Accidents,Road hump or Rumble strips,Rural Areas,Open area,Human Error,No,Fatal,Skidding or Self accident,Not Applicable,Not Applicable,NH,Bitumen(Tar),Not Applicable,No influence on accident,Not Applicable,NH 75 NEAR GANGAPURA,GANGAPURA GATE,14,0.0,0.0
Bengaluru Dist,Nandagudi PS,1.0442e+16,2018,1,2,Road Accidents,Narrow road,Rural Areas,Near Bus stop,Human Error,No,Grievous Injury,Rear end,Not at  Junction,Not Applicable,State Highway,Bitumen(Tar),Others,Not Applicable,Fine,CHINTHAMANI - HOSAKOTE MAIN ROAD,NEAR D SHETTYHALLI GATE,6 K M,0.0,0.0
Bengaluru Dist,Nandagudi PS,1.0442e+16,2018,1,1,Road Accidents,Narrow road,Rural Areas,Near Bus stop,Human Error,No,Fatal,Hit pedal cyclist,Not Applicable,Not Applicable,State Highway,Bitumen(Tar),Not Applicable,No influence on accident,Others,HOSKOTE CHINTHAMANI ROAD NEAR KARAPPANAHALLI,KARAPPANAHALLI GATE,4,0.0,0.0
Bengaluru Dist,Nandagudi PS,1.0442e+16,2018,1,2,Road Accidents,Road hump or Rumble strips,Not Applicable,Residential area,Human Error,No,Fatal,Hit bicyclist,Not Applicable,Not Applicable,State Highway,Bitumen(Tar),Not Applicable,No influence on accident,Not Applicable,HOSKOTE CHINTHAMANI ROAD,MALLIMAKNAPURA,8,0.0,0.0
Bengaluru Dist,Nandagudi PS,1.0442e+16,2019,1,1,Road Accidents,Narrow road,Rural Areas,Near Bus stop,Human Error,No,Fatal,Not Applicable,Not Applicable,Not Applicable,NH,Bitumen(Tar),Not Applicable,No influence on accident,Not Applicable,NH 75 NEAR MUGABALA,MUGABALA,12,13.11982,77.888907
Bengaluru Dist,Nandagudi PS,1.0442e+16,2019,1,2,Road Accidents,Junction,Rural Areas,Near or inside a village,Human Error,No,Grievous Injury,Vehicle to Vehicle,No signal lights,Straight and flat,State Highway,Bitumen(Tar),Dry,Not Applicable,Clear,86,Byalanarasapura Cricle,5,13.204258,77.903592
Bengaluru Dist,Nandagudi PS,1.0442e+16,2019,1,1,Road Accidents,Cross roads,Rural Areas,Narrow bridge or culverts,Human Error,No,Fatal,Not Applicable,Uncontrolled,Dip or trough,NH,Bitumen(Tar),Not Applicable,No influence on accident,Others,NH 75 NEAR MUGABALA,MUGABALA,14,13.119259,77.8879749