DISTRICTNAME,UNITNAME,Crime_No,Year,RI,Noofvehicle_involved,Accident_Classification,Accident_Spot,Accident_Location,Accident_SubLocation,Main_Cause,Hit_Run,Severity,Collision_Type,Junction_Control,Road_Character,Road_Type,Surface_Type,Surface_Condition,Road_Condition,Weather,Accident_Road,Landmark_first,Distance_LandMark_First,Latitude,Longitude
Bengaluru Dist,Nandagudi PS,1.0442e+16,2019,1,1,Road Accidents,Curves,Rural Areas,Open area,Human Error,No,Grievous Injury,Not Applicable,Not Applicable,Curve,Others,Bitumen(Tar),Dry,Not Applicable,Clear,1,1,1,13.18138,77.923674
Bengaluru Dist,Nandagudi PS,1.0442e+16,2019,1,1,Road Accidents,Curves,Rural Areas,Open area,Human Error,Not Applicable,Fatal,Not Applicable,Uncontrolled,Not Applicable,State Highway,Bitumen(Tar),Not Applicable,Not Applicable,Clear,HINDIGANALA BANAHALLI,HINDIGANALA,2,13.216878,77.91329
Bengaluru Dist,Nandagudi PS,1.0442e+16,2019,1,4,Rail Road Accidents,Junction,Rural Areas,Near Bus stop,Human Error,No,Grievous Injury,Vehicle to Vehicle,No signal lights,Curve,NH,Bitumen(Tar),Dry,Not Applicable,Clear,75,1,3,13.12579,77.903986
Bengaluru Dist,Nandagudi PS,1.0442e+16,2019,1,2,Road Accidents,Circle,Rural Areas,Residential area,Human Error,No,Damage Only,Vehicle to Vehicle,No signal lights,Straight and flat,NH,Bitumen(Tar),Dry,Not Applicable,Clear,BANGALORE - KOLAR NH 75 ROAD,NEAR CHIKKANAHALLI GATE,500 M,13.12565,77.904148
Bengaluru Dist,Nandagudi PS,1.0442e+16,2019,1,2,Road Accidents,Not Applicable,Rural Areas,Narrow bridge or culverts,Human Error,No,Fatal,Vehicle to Vehicle,Not Applicable,Not Applicable,NH,Bitumen(Tar),Not Applicable,Not Applicable,Clear,NH 75 NEAR GANGAPURA,GANGAPURA GATE,12 KM,13.128166,77.848887
Bengaluru Dist,Nandagudi PS,1.0442e+16,2019,1,2,Road Accidents,Bottleneck,Rural Areas,Near Petrol Pump,Human Error,No,Grievous Injury,Vehicle to Vehicle,Not Applicable,Not Applicable,NH,Bitumen(Tar),Dry,Not Applicable,Clear,75,NEAR MUNNARAJU GENARAL STORE,200 Mt,13.126194,77.906345
Bengaluru Dist,Nandagudi PS,1.0442e+16,2019,1,2,Road Accidents,Narrow road,Rural Areas,Near Petrol Pump,Not Applicable,No,Grievous Injury,Vehicle to Vehicle,Not Applicable,Not Applicable,State Highway,Bitumen(Tar),Dry,Not Applicable,Clear,82,2,3,13.234445,77.924199
Bengaluru Dist,Nandagudi PS,1.0442e+16,2019,1,1,Road Accidents,Narrow road,Rural Areas,Open area,Human Error,No,Grievous Injury,Hit pedestrian,Not Applicable,Not Applicable,State Highway,Bitumen(Tar),Dry,Not Applicable,Wind,82,1,4,13.220223,77.913656
Bengaluru Dist,Nandagudi PS,1.0442e+16,2019,1,1,Road Accidents,Road hump or Rumble strips,Rural Areas,Open area,Human Error,Yes,Fatal,Hit pedestrian,Uncontrolled,Not Applicable,Feeder Road,Bitumen(Tar),Ditch or Potholed,Pot holed,Not Applicable,KEMBADIGANAHALLI ROAD,KEMBADIGANAHALLI,11,13.124976,77.882913
Bengaluru Dist,Nandagudi PS,1.0442e+16,2020,1,2,Road Accidents,Narrow road,Rural Areas,Open area,Human Error,No,Grievous Injury,Vehicle to Vehicle,Not at  Junction,Others,State Highway,Bitumen(Tar),Dry,Not Applicable,Clear,1,1,4,13.177058,77.884669
Bengaluru Dist,Nandagudi PS,1.0442e+16,2020,1,2,Road Accidents,Curves,Rural Areas,Narrow bridge or culverts,Human Error,No,Grievous Injury,Vehicle to Vehicle,Not at  Junction,Curve,NH,Bitumen(Tar),Dry,Not Applicable,Clear,75,1,15,13.131244,77.9242589
Bengaluru Dist,Nandagudi PS,1.0442e+16,2020,1,3,Road Accidents,Curves,Rural Areas,Open area,Human Error,No,Damage Only,Vehicle to Vehicle,Not Applicable,Curve,NH,Bitumen(Tar),Dry,Not Applicable,Fine,"HOSAKOTE-CHINTAHAMANI ROAD, NEAR D, SHETTYHALLI GATE",CHOWDESWARI TEMPLE NEAR NANDAGUDI,1/2 K,13.222715,77.912555
Bengaluru Dist,Nandagudi PS,1.0442e+16,2020,1,2,Road Accidents,Junction,Rural Areas,Near Petrol Pump,Human Error,Not Applicable,Fatal,Vehicle to Vehicle,Uncontrolled,Others,State Highway,Bitumen(Tar),Others,Not Applicable,Not Applicable,SH82,Near Bharat Petrol bunk,120 Fe,13.239997,77.92844
Bengaluru Dist,Nandagudi PS,1.0442e+16,2020,1,1,Road Accidents,Not Applicable,Rural Areas,Open area,Human Error,No,Fatal,Not Applicable,Not Applicable,Not Applicable,State Highway,Bitumen(Tar),Not Applicable,No influence on accident,Not Applicable,HOSKOTE CHINTHAMANI ROAD NEAR BEMAKANAHALLI GATE,13,13,13.13542,77.856037
Bengaluru Dist,Nandagudi PS,1.0442e+16,2020,1,2,Road Accidents,Cross roads,Rural Areas,Open area,Human Error,No,Fatal,Vehicle to Vehicle,Not at  Junction,Others,NH,Bitumen(Tar),Wet,No influence on accident,Not Applicable,HOSKOTE KOLARA ROAD NEAR CHIKKANAHALLI GATE,CHIKKANAHALLI GATE,14,13.125845,77.904349
Bengaluru Dist,Nandagudi PS,1.0442e+16,2020,1,2,Road Accidents,Not Applicable,Rural Areas,Open area,Human Error,Not Applicable,Fatal,Vehicle to Vehicle,Uncontrolled,Not Applicable,Not Applicable,Bitumen(Tar),Dry,Not Applicable,Clear,NH-75,coconut tree,50 fee,13.133805,77.946466
Bengaluru Dist,Nandagudi PS,1.0442e+16,2020,1,2,Road Accidents,Narrow road,Rural Areas,Open area,Human Error,No,Grievous Injury,Vehicle to Vehicle,Not Applicable,Others,State Highway,Bitumen(Tar),Others,Not Applicable,Fine,chinthamani-Hosakote SH-82 Road,Near Chikkamunishamappa land,08 k m,13.135831,77.856438
Bengaluru Dist,Nandagudi PS,1.0442e+16,2020,1,1,Road Accidents,Not Applicable,Rural Areas,Open area,Human Error,No,Fatal,Not Applicable,Not Applicable,Not Applicable,Not Applicable,Bitumen(Tar),Muddy,No influence on accident,Others,KORATI,12 KM,12,13.190477,77.958527
Bengaluru Dist,Nandagudi PS,1.0442e+16,2020,1,2,Road Accidents,Junction,Rural Areas,Open area,Human Error,No,Grievous Injury,Vehicle to Vehicle,Uncontrolled,Straight and flat,NH,Bitumen(Tar),Others,Not Applicable,Fine,KORAL-BANGALORE NH 75 ROAD,CHIKKANAHALLI GATE,12 K M,13.125683,77.9043389
Bengaluru Dist,Nandagudi PS,1.0442e+16,2020,1,2,Road Accidents,Not Applicable,Rural Areas,Open area,Human Error,Yes,Fatal,Vehicle to Vehicle,Not at  Junction,Straight and flat,State Highway,Bitumen(Tar),Dry,No influence on accident,Others,HOSKOTE CHINTHAMANI ROAD NEAR KARAPPANAHALLI GATE,KARAPPANAHALLI GATE,8 KM,13.238162,77.937629
Bengaluru Dist,Nandagudi PS,1.0442e+16,2020,1,2,Road Accidents,Narrow road,Rural Areas,Open area,Human Error,No,Grievous Injury,Vehicle to Vehicle,Not at  Junction,Others,State Highway,Bitumen(Tar),Others,Not Applicable,Fine,"HOSAKOTE-CHINTAHAMANI ROAD, NEAR D, SHETTYHALLI GATE",GOVT FORST NEAR SHIVANAPURA CORSS,01-Feb,13.136512,77.947122
Bengaluru Dist,Nandagudi PS,1.0442e+16,2020,1,2,Road Accidents,Narrow road,Rural Areas,Open area,Human Error,No,Grievous Injury,Vehicle to Vehicle,Not Applicable,Others,State Highway,Bitumen(Tar),Dry,Not Applicable,Clear,Hosakote Chainatamani SH 82 Road,Eas by Vishw Vinayaka Stone Crusher Road,2 kms,13.20166,77.900604
Bengaluru Dist,Nandagudi PS,1.0442e+16,2020,1,2,Road Accidents,Narrow road,Rural Areas,Near or inside a village,Human Error,No,Fatal,Vehicle to Vehicle,No signal lights,Not Applicable,Minor District Road,Bitumen(Tar),Not Applicable,No influence on accident,Not Applicable,KEMBADIGANAHALLI ROAD,GADIGENAHALLI,9 KM,13.132709,77.898948
Bengaluru Dist,Nandagudi PS,1.0442e+16,2020,1,2,Not Applicable,Cross roads,Rural Areas,Near Bus stop,Vehicle Defect,Yes,Grievous Injury,Vehicle to Vehicle,Not Applicable,Curve,NH,Surfaced,Dry,Not Applicable,Others,SH 82,NEAR SHETTYHALLI BUSSTOP,05 KM,13.15064,77.868453
Bengaluru Dist,Nandagudi PS,1.0442e+16,2020,1,2,Road Accidents,Curves,Rural Areas,Near Bus stop,Not Applicable,No,Grievous Injury,Vehicle to Vehicle,No signal lights,Curve,NH,Bitumen(Tar),Dry,Not Applicable,Clear,1,1,1,13.125848,77.904436
Bengaluru Dist,Nandagudi PS,1.0442e+16,2020,1,2,Road Accidents,Junction,Rural Areas,Near a factory industrial area,Human Error,No,Grievous Injury,Vehicle to Vehicle,Stop Sign,Incline,NH,Bitumen(Tar),Dry,Not Applicable,Clear,75,1,3,13.129673,77.917271
Bengaluru Dist,Nandagudi PS,1.0442e+16,2020,1,2,Road Accidents,Circle,Rural Areas,Near Bus stop,Human Error,Not Applicable,Fatal,Vehicle to Vehicle,Controlled,Straight and flat,State Highway,Bitumen(Tar),Dry,Not Applicable,Clear,Chinathamani Hosakote SH82 Road Shivanapura Cross Nandagudi Hobli,Near Anjina Tempal & Shanedevaru Temple Shivanpura Cross by West,45feet,13.176705,77.884463
Bengaluru Dist,Nandagudi PS,1.0442e+16,2020,1,2,Road Accidents,Narrow road,Rural Areas,Open area,Human Error,No,Grievous Injury,Vehicle to Vehicle,Not at  Junction,Curve,NH,Bitumen(Tar),Dry,Not Applicable,Clear,75,1,15,13.114804,77.882682
Bengaluru Dist,Nandagudi PS,1.0442e+16,2020,1,2,Road Accidents,Narrow road,Rural Areas,Open area,Human Error,No,Grievous Injury,Vehicle to Vehicle,Not at  Junction,Not Applicable,State Highway,Bitumen(Tar),Dry,Not Applicable,Clear,"HOSAKOTE-CHINTAHAMANI ROAD, NEAR D, SHETTYHALLI GATE",NEAR WEAR HOUSE,60 FEE,13.13542,77.856027
Bengaluru Dist,Nandagudi PS,1.0442e+16,2020,1,2,Road Accidents,Junction,Rural Areas,Near Bus stop,Human Error,No,Grievous Injury,Vehicle to Vehicle,Uncontrolled,Straight and flat,NH,Bitumen(Tar),Dry,Not Applicable,Clear,NH-75,NEAR CHIKKANAHALLI GATE,200 M,13.204812,77.890358
Bengaluru Dist,Nandagudi PS,1.0442e+16,2020,1,2,Road Accidents,Narrow road,Rural Areas,Open area,Human Error,No,Damage Only,Vehicle to Vehicle,Not at  Junction,Not Applicable,State Highway,Bitumen(Tar),Dry,Not Applicable,Clear,Hosakote Chintamani State hight 82 Chokkasandara Village channarayappa Landa Near Nandagudi Hobli,West by Channarayappa Land,3kms,13.183597,77.8868459
Bengaluru Dist,Nandagudi PS,1.0442e+16,2020,1,2,Road Accidents,Cross roads,Rural Areas,Near a factory industrial area,Human Error,No,Fatal,Not Applicable,Uncontrolled,Not Applicable,NH,Bitumen(Tar),Not Applicable,No influence on accident,Cloudy,NH75 NEAR VOLVO GATE,VOLVO FACTORY,10km,13.129733,77.9171019
Bengaluru Dist,Nandagudi PS,1.0442e+16,2020,1,1,Road Accidents,Narrow road,Rural Areas,Near a factory industrial area,Human Error,No,Fatal,Not Applicable,Not Applicable,Not Applicable,State Highway,Bitumen(Tar),Not Applicable,Not Applicable,Not Applicable,HOSKOTE CHINTHAMANI ROAD,7 KM SOUTH,7,13.122408,77.842666
Bengaluru Dist,Nandagudi PS,1.0442e+16,2020,1,2,Road Accidents,Narrow road,Rural Areas,Open area,Human Error,No,Fatal,Vehicle to Vehicle,Not at  Junction,Straight and flat,State Highway,Bitumen(Tar),Dry,Not Applicable,Clear,82,1,2,13.19032,77.888637
Bengaluru Dist,Nandagudi PS,1.0442e+16,2020,1,1,Road Accidents,Not Applicable,Rural Areas,Open area,Human Error,No,Fatal,Not Applicable,Not Applicable,Not Applicable,NH,Bitumen(Tar),Not Applicable,No influence on accident,Not Applicable,KOLARA HOSKOTE NH75,M HOSAHALLI GATE,15,13.109248,77.877547
Bengaluru Dist,Nandagudi PS,1.0442e+16,2020,1,1,Road Accidents,Curves,Rural Areas,Open area,Human Error,Not Applicable,Fatal,Not Applicable,Uncontrolled,Curve,NH,Bitumen(Tar),Dry,Not Applicable,Clear,NH,GOVE CANAL,10 FEE,13.124144,77.90133
Bengaluru Dist,Nandagudi PS,1.0442e+16,2020,1,2,Road Accidents,Junction,Rural Areas,Near Bus stop,Human Error,No,Fatal,Vehicle to Vehicle,Uncontrolled,Curve and Incline,State Highway,Bitumen(Tar),Dry,Not Applicable,Clear,82,1,3,13.177102,77.884719
Bengaluru Dist,Nandagudi PS,1.0442e+16,2020,1,3,Road Accidents,Narrow road,Rural Areas,Near School or College,Human Error,No,Fatal,Vehicle to Vehicle,Not Applicable,Not Applicable,State Highway,Bitumen(Tar),Not Applicable,Not Applicable,Not Applicable,HOSKOTE CHINTHAMANI ROAD NEAR BEEMAKNAHALI,BEMAKANAHALLI,8,13.221255,77.913227
Bengaluru Dist,Nandagudi PS,1.0442e+16,2020,1,2,Road Accidents,Narrow road,Rural Areas,Near Bus stop,Not Applicable,No,Grievous Injury,Vehicle to Vehicle,Not Applicable,Not Applicable,NH,Bitumen(Tar),Dry,Not Applicable,Clear,NH75,1,15,13.125718,77.904334
Bengaluru Dist,Nandagudi PS,1.0442e+16,2020,1,2,Road Accidents,Not Applicable,Rural Areas,Open area,Not Applicable,No,Grievous Injury,Vehicle to Vehicle,Not Applicable,Straight and flat,State Highway,Bitumen(Tar),Dry,Not Applicable,Clear,85,1,2,13.236021,77.92539
Bengaluru Dist,Nandagudi PS,1.0442e+16,2020,1,2,Rail Road Accidents,Narrow road,Rural Areas,Open area,Human Error,No,Grievous Injury,Vehicle to Vehicle,Not Applicable,Not Applicable,Service Road,Bitumen(Tar),Dry,Not Applicable,Clear,75,1,15,13.132416,77.928214
Bengaluru Dist,Nandagudi PS,1.0442e+16,2020,1,2,Road Accidents,Narrow road,Rural Areas,Near School or College,Human Error,No,Damage Only,Vehicle to Vehicle,Not at  Junction,Not Applicable,NH,Bitumen(Tar),Dry,Not Applicable,Clear,75,1,15,13.109211,77.8776419
Bengaluru Dist,Nandagudi PS,1.0442e+16,2020,1,1,Road Accidents,Narrow road,Rural Areas,Open area,Human Error,No,Damage Only,Not Applicable,Not at  Junction,Not Applicable,Others,Kutcha,Muddy,Pot holed,Fine,DODDAKOLIGA D.SHETTY HALLI  GATE ROAD,LAND OF VAZEER,08 K M,13.150627,77.868427
Bengaluru Dist,Nandagudi PS,1.0442e+16,2020,1,2,Road Accidents,Narrow road,Rural Areas,Open area,Human Error,Yes,Grievous Injury,Vehicle to Vehicle,Not at  Junction,Straight and flat,State Highway,Bitumen(Tar),Dry,Not Applicable,Clear,82,1,5,13.150549,77.868415
Bengaluru Dist,Nandagudi PS,1.0442e+16,2020,1,1,Road Accidents,Narrow road,Rural Areas,Near Bus stop,Human Error,No,Grievous Injury,Not Applicable,Not Applicable,Straight and flat,State Highway,Bitumen(Tar),Dry,Not Applicable,Clear,82,1,8,13.135573,77.856197
Bengaluru Dist,Nandagudi PS,1.0442e+16,2020,1,2,Road Accidents,Curves,Rural Areas,Open area,Vehicle Defect,No,Grievous Injury,Vehicle to Vehicle,Controlled,Curve,Others,Bitumen(Tar),Dry,Not Applicable,Clear,Bylanarasapura Banamakanahalli Road Near Hetakki Batheswaraswamy temple,Hetakki Batheswaraswamy temple  Near,12 kms,13.153164,77.940764
Bengaluru Dist,Nandagudi PS,1.0442e+16,2020,1,2,Road Accidents,Narrow road,Rural Areas,Narrow bridge or culverts,Human Error,Not Applicable,Fatal,Vehicle to Vehicle,Uncontrolled,Straight and flat,NH,Bitumen(Tar),Dry,Not Applicable,Clear,NH,TOWARDS SOUTH MILE STONE,12 FEE,13.14472,77.864879
Bengaluru Dist,Nandagudi PS,1.0442e+16,2020,1,1,Road Accidents,Junction,Rural Areas,Open area,Human Error,No,Fatal,Hit animal,Uncontrolled,Curve,NH,Bitumen(Tar),Dry,Not Applicable,Clear,75,1,5,13.115293,77.883176
Bengaluru Dist,Nandagudi PS,1.0442e+16,2020,1,1,Road Accidents,Cross roads,Rural Areas,Open area,Human Error,No,Fatal,Not Applicable,Not Applicable,Not Applicable,One way,Bitumen(Tar),Dry,Not Applicable,Clear,NH-75,Near Solar Light Pole,24 Fee,13.125875,77.904383
Bengaluru Dist,Nandagudi PS,1.0442e+16,2020,1,2,Road Accidents,Narrow road,Rural Areas,Near Petrol Pump,Human Error,Not Applicable,Fatal,Vehicle to Vehicle,Uncontrolled,Not Applicable,State Highway,Bitumen(Tar),Not Applicable,Not Applicable,Clear,SH-82,Near Venkategowda Petrol Bunk,100 fe,13.135908,77.8566
Bengaluru Dist,Nandagudi PS,1.0442e+16,2020,1,2,Road Accidents,Circle,Rural Areas,Near Bus stop,Human Error,Yes,Grievous Injury,Vehicle to Vehicle,Controlled,Others,NH,Bitumen(Tar),Dry,Not Applicable,Clear,Bengaluru-kolar NH 75 Road Chikkanahalli Gate,North by police out post,13 Kms,13.118916,77.889972
Bengaluru Dist,Nandagudi PS,1.0442e+16,2020,1,7,Road Accidents,Narrow road,Rural Areas,Open area,Human Error,Not Applicable,Fatal,Vehicle to Vehicle,Uncontrolled,Straight and flat,NH,Bitumen(Tar),Others,Not Applicable,Clear,NH-75,Infront of golden amon Hotel,50 fee,13.132649,77.951628
Bengaluru Dist,Nandagudi PS,1.0442e+16,2020,1,1,Road Accidents,Narrow road,Rural Areas,Near Bus stop,Human Error,No,Grievous Injury,Not Applicable,Not at  Junction,Straight and flat,State Highway,Bitumen(Tar),Dry,Not Applicable,Fine,82,2,5,13.167184,77.878644
Bengaluru Dist,Nandagudi PS,1.0442e+16,2020,1,1,Road Accidents,Narrow road,Rural Areas,Near a factory industrial area,Human Error,No,Damage Only,Not Applicable,Not Applicable,Not Applicable,State Highway,Bitumen(Tar),Dry,Not Applicable,Clear,82,1,8,13.135829,77.85638
Bengaluru Dist,Nandagudi PS,1.0442e+16,2020,1,2,Road Accidents,Road hump or Rumble strips,Rural Areas,Near Bus stop,Human Error,Yes,Grievous Injury,Vehicle to Vehicle,Not Applicable,Curve,State Highway,Kutcha,Dry,Construction Work / Material,Clear,86,2,1,13.233457,77.950152
Bengaluru Dist,Nandagudi PS,1.0442e+16,2020,1,1,Road Accidents,Cross roads,Rural Areas,Open area,Human Error,No,Fatal,Not Applicable,Not Applicable,Curve,Major District Road,Bitumen(Tar),Not Applicable,Not Applicable,Not Applicable,BAILNARASAPURA NANDAGUDI ROAD,MEDURU GATE,2 KM,13.193662,77.922849
Bengaluru Dist,Nandagudi PS,1.0442e+16,2020,1,2,Road Accidents,Not Applicable,Rural Areas,Near Bus stop,Human Error,No,Grievous Injury,Vehicle to Vehicle,Not at  Junction,Not Applicable,Service Road,Bitumen(Tar),Others,Not Applicable,Clear,THAVAREKERE VILLAGE. NEAR UNDER PASS,UNDER PASS,12 K M,13.204051,77.901087
Bengaluru Dist,Nandagudi PS,1.0442e+16,2020,1,2,Road Accidents,Narrow road,Rural Areas,Open area,Human Error,No,Grievous Injury,Vehicle to Vehicle,Not Applicable,Not Applicable,State Highway,Bitumen(Tar),Dry,Not Applicable,Clear,1,1,2,13.125833,77.904494
Bengaluru Dist,Nandagudi PS,1.0442e+16,2020,1,2,Road Accidents,Curves,Rural Areas,Open area,Road Environment Defect,No,Grievous Injury,Vehicle to Vehicle,No signal lights,Curve,State Highway,Bitumen(Tar),Dry,Not Applicable,Clear,82,1,5,13.189973,77.888513
Bengaluru Dist,Nandagudi PS,1.0442e+16,2020,1,2,Road Accidents,Narrow road,Rural Areas,Near or inside a village,Human Error,No,Fatal,Hit bicyclist,Not Applicable,Not Applicable,State Highway,Bitumen(Tar),Not Applicable,Not Applicable,Not Applicable,HOSKOTE CHINTHAMANI ROAD NEAR BANAHALLI,BANAHALLI,1,13.214724,77.9131439
Bengaluru Dist,Nandagudi PS,1.0442e+16,2020,1,2,Road Accidents,Narrow road,Rural Areas,Open area,Human Error,No,Grievous Injury,Vehicle to Vehicle,Not Applicable,Straight and flat,NH,Bitumen(Tar),Dry,Not Applicable,Fine,75,1,15,13.11505,77.882709
Bengaluru Dist,Nandagudi PS,1.0442e+16,2021,1,2,Road Accidents,Not Applicable,Rural Areas,Open area,Not Applicable,No,Fatal,Vehicle to Vehicle,Not at  Junction,Not Applicable,NH,Bitumen(Tar),Wet,Not Applicable,Snow,National high way,Towards south one tea shop,40,13.189968,77.902891
Bengaluru Dist,Nandagudi PS,1.0442e+16,2021,1,1,Road Accidents,Narrow road,Rural Areas,Near Bus stop,Human Error,No,Grievous Injury,Hit pedestrian,Uncontrolled,Straight and flat,NH,Bitumen(Tar),Not Applicable,Not Applicable,Fine,75,1,15,13.120722,77.89209
Bengaluru Dist,Nandagudi PS,1.0442e+16,2021,1,1,Road Accidents,Curves,Rural Areas,Near Bus stop,Road Environment Defect,No,Grievous Injury,Hit pedestrian,Not at  Junction,Curve,NH,Bitumen(Tar),Dry,Not Applicable,Fine,75,1,15,13.125731,77.904387
Bengaluru Dist,Nandagudi PS,1.0442e+16,2021,1,2,Road Accidents,Narrow road,Rural Areas,Open area,Human Error,No,Grievous Injury,Vehicle to Vehicle,Not Applicable,Straight and flat,NH,Bitumen(Tar),Dry,Not Applicable,Clear,75,1,15,13.133733,77.946857
Bengaluru Dist,Nandagudi PS,1.0442e+16,2021,1,1,Road Accidents,Cross roads,Rural Areas,Residential area,Human Error,No,Grievous Injury,Hit pedestrian,Not at  Junction,Sharp Curve,Others,Bitumen(Tar),Dry,Not Applicable,Clear,others,1,5,13.17736,77.934952
Bengaluru Dist,Nandagudi PS,1.0442e+16,2021,1,2,Road Accidents,Not Applicable,Rural Areas,Open area,Not Applicable,No,Fatal,Vehicle to Vehicle,Not Applicable,Not Applicable,NH,Bitumen(Tar),Dry,Not Applicable,Clear,NH,Bhaskarreddys Form House towords north,45,13.120766,77.8918559
Bengaluru Dist,Nandagudi PS,1.0442e+16,2021,1,2,Road Accidents,Narrow road,Rural Areas,Near Bus stop,Human Error,Yes,Grievous Injury,Vehicle to Vehicle,Not at  Junction,Straight and flat,NH,Bitumen(Tar),Dry,Pot holed,Fine,NH 75,1,15,13.110645,77.879238
Bengaluru Dist,Nandagudi PS,1.0442e+16,2021,1,4,Road Accidents,Curves,Rural Areas,Near a religious place,Human Error,No,Damage Only,Vehicle to Vehicle,Not Applicable,Others,Others,Bitumen(Tar),Not Applicable,Not Applicable,Fine,BYLANARASAPURA-NANDAGUDI MAIN ROAD NEAR GIDDANAHALLI GATE.,HALOBRECKS FACTORY,1 1/2,13.204272,77.911898
Bengaluru Dist,Nandagudi PS,1.0442e+16,2021,1,1,Road Accidents,Curves,Rural Areas,Open area,Human Error,No,Fatal,Not Applicable,Signals (Working),Curve,NH,Bitumen(Tar),Wet,No influence on accident,Not Applicable,HOSKOTE KOLARA ROAD NEAR THAVREKERE,THAVREKERE,8,13.13218,77.928763
Bengaluru Dist,Nandagudi PS,1.0442e+16,2021,1,1,Road Accidents,Not Applicable,Rural Areas,Open area,Not Applicable,Yes,Fatal,Hit pedestrian,Not Applicable,Not Applicable,NH,Bitumen(Tar),Dry,Not Applicable,Clear,Nh,One bridgetowaords south,30,13.159174,77.873773
Bengaluru Dist,Nandagudi PS,1.0442e+16,2021,1,2,Road Accidents,Curves,Rural Areas,Near Bus stop,Human Error,Yes,Grievous Injury,Vehicle to Vehicle,Not at  Junction,Curve,Others,Bitumen(Tar),Dry,Not Applicable,Clear,75,1,8,13.140771,77.89825
Bengaluru Dist,Nandagudi PS,1.0442e+16,2021,1,1,Road Accidents,Narrow road,Rural Areas,Near or inside a village,Not Applicable,No,Grievous Injury,Not Applicable,Not at  Junction,Not Applicable,NH,Bitumen(Tar),Dry,Not Applicable,Clear,NH,102,15,13.125851,77.904482
Bengaluru Dist,Nandagudi PS,1.0442e+16,2021,1,2,Road Accidents,Narrow road,Rural Areas,Near Bus stop,Human Error,No,Grievous Injury,Vehicle to Vehicle,Not at  Junction,Straight and flat,State Highway,Bitumen(Tar),Dry,Not Applicable,Clear,SH82,1,8,0.0,0.0
Bengaluru Dist,Nandagudi PS,1.0442e+16,2021,1,1,Road Accidents,Curves,Rural Areas,Open area,Human Error,No,Damage Only,Vehicle to Vehicle,Not at  Junction,Incline,Others,Bitumen(Tar),Dry,Not Applicable,Clear,1,1,5,13.13754,77.852433
Bengaluru Dist,Nandagudi PS,1.0442e+16,2021,1,2,Road Accidents,Narrow road,Rural Areas,Open area,Human Error,No,Fatal,Vehicle to Vehicle,Not Applicable,Not Applicable,NH,Bitumen(Tar),Not Applicable,Not Applicable,Clear,NH 75 NEAR THAVREKERE,THAVREKERE,11,0.0,0.0
Bengaluru Dist,Nandagudi PS,1.0442e+16,2021,1,2,Road Accidents,Narrow road,Rural Areas,Near Petrol Pump,Human Error,No,Grievous Injury,Vehicle to Vehicle,Not at  Junction,Straight and flat,State Highway,Bitumen(Tar),Dry,Not Applicable,Fine,82,1,8,13.238543,77.927177
Bengaluru Dist,Nandagudi PS,1.0442e+16,2021,1,2,Road Accidents,Not Applicable,Rural Areas,Open area,Not Applicable,No,Fatal,Vehicle to Vehicle,Not Applicable,Not Applicable,NH,Bitumen(Tar),Dry,Not Applicable,Clear,NH,to wordssouth  one Transformer,30,13.13376,77.9465409
Bengaluru Dist,Nandagudi PS,1.0442e+16,2021,1,2,Road Accidents,Narrow road,Rural Areas,Residential area,Not Applicable,No,Grievous Injury,Vehicle to Vehicle,Not Applicable,Straight and flat,State Highway,Bitumen(Tar),Dry,Not Applicable,Clear,82,1,1,13.200691,77.899026
Bengaluru Dist,Nandagudi PS,1.0442e+16,2021,1,3,Road Accidents,Junction,Rural Areas,Open area,Human Error,No,Damage Only,Vehicle to Vehicle,Signal lights Automatic,Straight and flat,NH,Bitumen(Tar),Dry,Engineering Defect of Road,Clear,75,1,15,13.135339,77.946557
Bengaluru Dist,Nandagudi PS,1.0442e+16,2021,1,1,Road Accidents,Narrow road,Rural Areas,Open area,Human Error,No,Simple Injury,Hit bicyclist,Not at  Junction,Straight and flat,State Highway,Bitumen(Tar),Dry,Not Applicable,Clear,82,1,1,0.0,0.0
Bengaluru Dist,Nandagudi PS,1.0442e+16,2021,1,2,Road Accidents,Junction,Rural Areas,Near Bus stop,Human Error,Yes,Grievous Injury,Vehicle to Vehicle,Signal lights Automatic,Curve,NH,Bitumen(Tar),Dry,Not Applicable,Clear,75,1,15,13.125714,77.904691
Bengaluru Dist,Nandagudi PS,1.0442e+16,2021,1,1,Road Accidents,Junction,Rural Areas,Near Bus stop,Human Error,No,Grievous Injury,Not Applicable,Signal lights Blinking,Straight and flat,State Highway,Bitumen(Tar),Dry,Not Applicable,Clear,82,1,1,0.0,0.0
Bengaluru Dist,Nandagudi PS,1.0442e+16,2021,1,2,Road Accidents,Junction,Rural Areas,Open area,Human Error,No,Grievous Injury,Vehicle to Vehicle,No signal lights,Curve,NH,Bitumen(Tar),Dry,Not Applicable,Fine,75,1,15,13.134049,77.9446489
Bengaluru Dist,Nandagudi PS,1.0442e+16,2021,1,1,Road Accidents,Not Applicable,Rural Areas,Open area,Human Error,Not Applicable,Fatal,Hit bicyclist,Uncontrolled,Not Applicable,NH,Bitumen(Tar),Dry,Not Applicable,Clear,NH-75,West Sanjay Daba Hotel,300 fe,13.115489,77.883017
Bengaluru Dist,Nandagudi PS,1.0442e+16,2021,1,1,Road Accidents,Not Applicable,Rural Areas,Open area,Human Error,No,Fatal,Not Applicable,Not Applicable,Not Applicable,State Highway,Bitumen(Tar),Not Applicable,Not Applicable,Others,HOSKOTE CHINTHAMANI ROAD,CHOKKASANDRA,1,13.188269,77.9014679
Bengaluru Dist,Nandagudi PS,1.0442e+16,2021,1,2,Road Accidents,Not Applicable,Rural Areas,Residential area,Human Error,No,Grievous Injury,Vehicle to Vehicle,Not Applicable,Not Applicable,Others,Bitumen(Tar),Dry,Not Applicable,Cloudy,1,1,5,13.206178,77.887655
Bengaluru Dist,Nandagudi PS,1.0442e+16,2021,1,1,Road Accidents,Cross roads,Rural Areas,Near or inside a village,Not Applicable,No,Fatal,Not Applicable,Not Applicable,Curve,Others,Bitumen(Tar),Dry,Not Applicable,Clear,Villege Road,To wards north  one Electric pole,5,13.217809,77.928653
Bengaluru Dist,Nandagudi PS,1.0442e+16,2021,1,2,Road Accidents,Narrow road,Rural Areas,Open area,Not Applicable,Not Applicable,Simple Injury,Not Applicable,Controlled,Others,NH,Bitumen(Tar),Dry,Not Applicable,Not Applicable,NH,NH 75 Yallachahalli,12,13.128234,77.914709