DISTRICTNAME,UNITNAME,Crime_No,Year,RI,Noofvehicle_involved,Accident_Classification,Accident_Spot,Accident_Location,Accident_SubLocation,Main_Cause,Hit_Run,Severity,Collision_Type,Junction_Control,Road_Character,Road_Type,Surface_Type,Surface_Condition,Road_Condition,Weather,Accident_Road,Landmark_first,Distance_LandMark_First,Latitude,Longitude
Bengaluru Dist,Nandagudi PS,1.0442e+16,2021,1,1,Road Accidents,Not Applicable,Rural Areas,Open area,Human Error,No,Fatal,Not Applicable,Not Applicable,Not Applicable,State Highway,Bitumen(Tar),Others,Not Applicable,Not Applicable,HOSKOTE CHINTHAMANI ROAD,NANDAGUDI,1,13.201415,77.899386
Bengaluru Dist,Nandagudi PS,1.0442e+16,2021,1,2,Road Accidents,Cross roads,Rural Areas,Open area,Human Error,No,Fatal,Vehicle to Vehicle,No signal lights,Straight and flat,Major District Road,Bitumen(Tar),Not Applicable,No influence on accident,Not Applicable,BANMAKNAHALLI GATE BNPURA ROAD,HETHAKKI,12,13.152469,77.934377
Bengaluru Dist,Nandagudi PS,1.0442e+16,2021,1,2,Road Accidents,Narrow road,Rural Areas,Narrow bridge or culverts,Not Applicable,Not Applicable,Simple Injury,Vehicle to Vehicle,Not at  Junction,Others,NH,Bitumen(Tar),Dry,Construction Work / Material,Clear,Nh,102,10,13.119431,77.888388
Bengaluru Dist,Nandagudi PS,1.0442e+16,2021,1,1,Other Railway Accidents,Narrow road,Rural Areas,Near Bus stop,Not Applicable,No,Grievous Injury,Hit pedestrian,Not Applicable,Others,State Highway,Kutcha,Dry,Not Applicable,Fine,SH,Bus Stop,3,13.237136,77.92614
Bengaluru Dist,Nandagudi PS,1.0442e+16,2021,1,1,Road Accidents,Narrow road,Rural Areas,Open area,Human Error,No,Fatal,Not Applicable,Not Applicable,Not Applicable,NH,Bitumen(Tar),Not Applicable,Not Applicable,Fine,NH 75,GOLDEN AMOON,15,0.0,0.0
Bengaluru Dist,Nandagudi PS,1.0442e+16,2021,1,2,Road Accidents,Not Applicable,Rural Areas,Open area,Not Applicable,No,Fatal,Vehicle to Vehicle,Uncontrolled,Not Applicable,State Highway,Bitumen(Tar),Others,Not Applicable,Snow,SH,One neeligiri tree to wards west,45,0.0,0.0
Bengaluru Dist,Nandagudi PS,1.0442e+16,2021,1,2,Road Accidents,Narrow road,Rural Areas,Near Bus stop,Human Error,No,Grievous Injury,Vehicle to Vehicle,Not at  Junction,Straight and flat,State Highway,Bitumen(Tar),Dry,Not Applicable,Clear,82,1,5,0.0,0.0
Bengaluru Dist,Nandagudi PS,1.0442e+16,2021,1,2,Road Accidents,Narrow road,Rural Areas,Near Bus stop,Human Error,Yes,Grievous Injury,Vehicle to Vehicle,Not at  Junction,Straight and flat,NH,Bitumen(Tar),Dry,Not Applicable,Fine,75,1,15,13.133916,77.9460829
Bengaluru Dist,Nandagudi PS,1.0442e+16,2021,1,1,Road Accidents,Narrow road,Rural Areas,Near Bus stop,Not Applicable,No,Grievous Injury,Vehicle to Vehicle,Controlled,Others,NH,Bitumen(Tar),Dry,Not Applicable,Clear,NH,102,10,13.125668,77.903604
Bengaluru Dist,Nandagudi PS,1.0442e+16,2021,1,2,Road Accidents,Narrow road,Rural Areas,Near office complex,Human Error,No,Grievous Injury,Vehicle to Vehicle,Not at  Junction,Straight and flat,State Highway,Bitumen(Tar),Dry,Not Applicable,Clear,82,1,2,13.205392,77.904702
Bengaluru Dist,Nandagudi PS,1.0442e+16,2021,1,2,Road Accidents,Narrow road,Rural Areas,Open area,Human Error,No,Simple Injury,Vehicle to Vehicle,Not at  Junction,Straight and flat,NH,Bitumen(Tar),Dry,Not Applicable,Fine,75,1,15,0.0,0.0
Bengaluru Dist,Nandagudi PS,1.0442e+16,2021,1,2,Road Accidents,Narrow road,Rural Areas,Near Bus stop,Human Error,No,Damage Only,Vehicle to Vehicle,Not at  Junction,Curve,NH,Bitumen(Tar),Dry,Not Applicable,Clear,NH 75,1,15,0.0,0.0
Bengaluru Dist,Nandagudi PS,1.0442e+16,2021,1,2,Road Accidents,Narrow road,Rural Areas,Near office complex,Human Error,Yes,Grievous Injury,Vehicle to Vehicle,Not Applicable,Straight and flat,State Highway,Bitumen(Tar),Dry,Not Applicable,Fine,82,1,7,13.235039,77.92523
Bengaluru Dist,Nandagudi PS,1.0442e+16,2021,1,1,Road Accidents,Cross roads,Rural Areas,Open area,Human Error,No,Fatal,Not Applicable,Not Applicable,Not Applicable,NH,Bitumen(Tar),Not Applicable,Not Applicable,Not Applicable,KOLARA HOSKOTE NH75,MUGABALA,10,13.120727,77.892035
Bengaluru Dist,Nandagudi PS,1.0442e+16,2021,1,1,Road Accidents,Not Applicable,Rural Areas,Open area,Human Error,No,Fatal,Hit pedestrian,Not Applicable,Not Applicable,NH,Bitumen(Tar),Others,Not Applicable,Not Applicable,KOLARA HOSKOTE NH75,GOLDEN AMOON,16,0.0,0.0
Bengaluru Dist,Nandagudi PS,1.0442e+16,2021,1,1,Road Accidents,Narrow road,Rural Areas,Open area,Human Error,No,Fatal,Not Applicable,Not Applicable,Not Applicable,State Highway,Bitumen(Tar),Not Applicable,No influence on accident,Others,HOSKOTE CHINTHAMANI ROAD NEAR D SHETTAHALLI,D SHETTAHALLI GATE,8,0.0,0.0
Bengaluru Dist,Nandagudi PS,1.0442e+16,2021,1,2,Road Accidents,Narrow road,Rural Areas,Near a factory industrial area,Human Error,No,Grievous Injury,Vehicle to Vehicle,Not at  Junction,Not Applicable,State Highway,Bitumen(Tar),Dry,Not Applicable,Clear,82,1,8,13.149607,77.867822
Bengaluru Dist,Nandagudi PS,1.0442e+16,2021,1,1,Road Accidents,Not Applicable,Rural Areas,Open area,Not Applicable,No,Fatal,Not Applicable,Not Applicable,Not Applicable,NH,Bitumen(Tar),Others,Not Applicable,Not Applicable,NH,to wards west tornahalli road,50,13.125719,77.904295
Bengaluru Dist,Nandagudi PS,1.0442e+16,2021,1,2,Road Accidents,Narrow road,Rural Areas,Open area,Human Error,No,Damage Only,Vehicle to Vehicle,Not Applicable,Others,NH,Bitumen(Tar),Others,Not Applicable,Fine,BANGALORE -KOLAR NH-75 ROAD NEAR MUGABALAL VILLAGE.,NERA IMRANKHAN LAND,100 Mt,13.118352,77.886523
Bengaluru Dist,Nandagudi PS,1.0442e+16,2021,1,1,Road Accidents,Curves,Rural Areas,Near a factory industrial area,Human Error,No,Damage Only,Hit bicyclist,Not at  Junction,Curve,NH,Bitumen(Tar),Dry,Not Applicable,Fine,75,1,15,13.128104,77.913449
Bengaluru Dist,Nandagudi PS,1.0442e+16,2021,1,2,Road Accidents,Narrow road,Rural Areas,Near Bus stop,Human Error,No,Grievous Injury,Vehicle to Vehicle,Not at  Junction,Straight and flat,NH,Bitumen(Tar),Dry,Pot holed,Clear,75,1,15,13.111423,77.87965
Bengaluru Dist,Nandagudi PS,1.0442e+16,2021,1,1,Road Accidents,Narrow road,Rural Areas,Open area,Human Error,Not Applicable,Fatal,Vehicle to Vehicle,Uncontrolled,Hump,One way,Bitumen(Tar),Dry,Not Applicable,Clear,SH-82,8BUS STOP,80 FEE,13.150267,77.868307
Bengaluru Dist,Nandagudi PS,1.0442e+16,2021,1,2,Road Accidents,Not Applicable,Rural Areas,Near Petrol Pump,Not Applicable,No,Fatal,Vehicle to Vehicle,Not Applicable,Others,State Highway,Bitumen(Tar),Dry,Not Applicable,Clear,SH,Towards East one electric pole,45,13.159138,77.874114
Bengaluru Dist,Nandagudi PS,1.0442e+16,2021,1,1,Road Accidents,Narrow road,Rural Areas,Open area,Not Applicable,Not Applicable,Damage Only,Vehicle to Vehicle,Not Applicable,Not Applicable,NH,Bitumen(Tar),Dry,Not Applicable,Fine,NH,103,12,0.0,0.0
Bengaluru Dist,Nandagudi PS,1.0442e+16,2021,1,2,Road Accidents,Narrow road,Rural Areas,Open area,Human Error,No,Grievous Injury,Vehicle to Vehicle,Not Applicable,Not Applicable,State Highway,Bitumen(Tar),Dry,Not Applicable,Fine,"HOSAKOTE-CHINTAHAMANI ROAD, NEAR D, SHETTYHALLI GATE",NEAR D SHETTYHALLI  GATE,08 K M,13.156426,77.872265
Bengaluru Dist,Nandagudi PS,1.0442e+16,2021,1,2,Road Accidents,Narrow road,Rural Areas,Near School or College,Human Error,No,Grievous Injury,Vehicle to Vehicle,Not Applicable,Others,State Highway,Bitumen(Tar),Dry,Not Applicable,Clear,82,1,8,13.228105,77.919209
Bengaluru Dist,Nandagudi PS,1.0442e+16,2021,1,1,Road Accidents,Road hump or Rumble strips,Rural Areas,Near Bus stop,Human Error,No,Grievous Injury,Not Applicable,Not at  Junction,Straight and flat,State Highway,Bitumen(Tar),Dry,Not Applicable,Clear,SH82,1,3,13.167115,77.878623
Bengaluru Dist,Nandagudi PS,1.0442e+16,2021,1,2,Road Accidents,Narrow road,Rural Areas,Open area,Human Error,No,Fatal,Vehicle to Vehicle,Not Applicable,Not Applicable,State Highway,Bitumen(Tar),Not Applicable,Not Applicable,Not Applicable,HOSKOTE CHINTHAMANI ROAD NEAR KARAPPANAHALLI GATE,KARAPPANAHALLI GATE,5,0.0,0.0
Bengaluru Dist,Nandagudi PS,1.0442e+16,2021,1,2,Road Accidents,Junction,Rural Areas,Near Bus stop,Human Error,No,Grievous Injury,Vehicle to Vehicle,No signal lights,Curve,State Highway,Bitumen(Tar),Dry,Not Applicable,Fine,82,1,1,13.128009,77.8491369
Bengaluru Dist,Nandagudi PS,1.0442e+16,2021,1,2,Road Accidents,Narrow road,Rural Areas,Open area,Human Error,No,Grievous Injury,Vehicle to Vehicle,Not Applicable,Others,Others,Bitumen(Tar),Others,Not Applicable,Fine,AREHALLI GATE TO AREHALLI VILLAGE ROAD,NEAR ANIL KUMAR HOME,8 K M,13.22866,77.950089
Bengaluru Dist,Nandagudi PS,1.0442e+16,2021,1,2,Road Accidents,Narrow road,Rural Areas,Near Hospital,Human Error,No,Grievous Injury,Vehicle to Vehicle,Not at  Junction,Straight and flat,NH,Bitumen(Tar),Dry,Not Applicable,Clear,75,1,15,13.112376,77.880402
Bengaluru Dist,Nandagudi PS,1.0442e+16,2021,1,2,Road Accidents,Narrow road,Rural Areas,Near a factory industrial area,Human Error,No,Damage Only,Vehicle to Vehicle,Not at  Junction,Not Applicable,NH,Bitumen(Tar),Not Applicable,Not Applicable,Fine,BANGALORE KOLAR NH75 ROAD,NEAR MEDRICH FACTORY,13 K M,13.121023,77.899056
Bengaluru Dist,Nandagudi PS,1.0442e+16,2021,1,2,Road Accidents,Narrow road,Rural Areas,Near Bus stop,Human Error,No,Grievous Injury,Vehicle to Vehicle,Not Applicable,Straight and flat,State Highway,Bitumen(Tar),Dry,No influence on accident,Fog / Mist,SH82,1,8,13.150589,77.8684499
Bengaluru Dist,Nandagudi PS,1.0442e+16,2021,1,2,Road Accidents,Curves,Rural Areas,Open area,Human Error,No,Grievous Injury,Vehicle to Vehicle,Not Applicable,Sharp Curve,NH,Bitumen(Tar),Dry,Not Applicable,Clear,NH75,1,15,13.117672,77.885561
Bengaluru Dist,Nandagudi PS,1.0442e+16,2021,1,2,Road Accidents,Narrow road,Rural Areas,Near Bus stop,Vehicle Defect,No,Grievous Injury,Vehicle to Vehicle,Not Applicable,Not Applicable,NH,Bitumen(Tar),Dry,Not Applicable,Fine,NH75,1,15,0.0,0.0
Bengaluru Dist,Nandagudi PS,1.0442e+16,2021,1,1,Road Accidents,Narrow road,Rural Areas,In bazaar,Human Error,No,Grievous Injury,Not Applicable,Not at  Junction,Straight and flat,NH,Bitumen(Tar),Dry,Not Applicable,Clear,NH 75,1,15,0.0,0.0
Bengaluru Dist,Nandagudi PS,1.0442e+16,2021,1,2,Road Accidents,Cross roads,Rural Areas,Open area,Human Error,No,Fatal,Vehicle to Vehicle,Stop sign,Curve,NH,Bitumen(Tar),Dry,No influence on accident,Clear,NH,To wards north  Banamakanahalli road and shopping aoMplex,100,13.134151,77.937921
Bengaluru Dist,Nandagudi PS,1.0442e+16,2021,1,2,Road Accidents,Narrow road,Rural Areas,Near office complex,Human Error,No,Grievous Injury,Vehicle to Vehicle,Not Applicable,Straight and flat,State Highway,Bitumen(Tar),Dry,Not Applicable,Fine,82,1,1,13.203336,77.902336
Bengaluru Dist,Nandagudi PS,1.0442e+16,2021,1,1,Road Accidents,Narrow road,Rural Areas,Open area,Human Error,No,Grievous Injury,Not Applicable,Not Applicable,Straight and flat,State Highway,Bitumen(Tar),Dry,Not Applicable,Clear,82,1,3,13.183745,77.88696
Bengaluru Dist,Nandagudi PS,1.0442e+16,2022,1,2,Road Accidents,Narrow road,Rural Areas,Open area,Human Error,No,Fatal,Vehicle to Vehicle,Uncontrolled,Not Applicable,NH,Bitumen(Tar),Not Applicable,No influence on accident,Not Applicable,KOLARA HOSKOTE NH75,PUJARAMANAHALLI GATE,8,13.124658,77.90201
Bengaluru Dist,Nandagudi PS,1.0442e+16,2022,1,2,Road Accidents,Narrow road,Rural Areas,Open area,Human Error,No,Fatal,Vehicle to Vehicle,Not Applicable,Not Applicable,State Highway,Bitumen(Tar),Not Applicable,No influence on accident,Clear,HOSKOTE CHINTHAMANI NEAR SHIVANAPURA,SHIVNAPURA CROSS,2,13.177099,77.884715
Bengaluru Dist,Nandagudi PS,1.0442e+16,2022,1,2,Road Accidents,Junction,Rural Areas,Near Bus stop,Human Error,No,Grievous Injury,Vehicle to Vehicle,Signal lights Manual,Straight and flat,NH,Bitumen(Tar),Dry,Not Applicable,Clear,NH 75,1,15,13.125764,77.903998
Bengaluru Dist,Nandagudi PS,1.0442e+16,2022,1,2,Road Accidents,Not Applicable,Rural Areas,Near a factory industrial area,Human Error,No,Fatal,Vehicle to Vehicle,Not Applicable,Not Applicable,State Highway,Bitumen(Tar),Not Applicable,Not Applicable,Not Applicable,HOSKOTE CHINTHAMANI ROAD NEAR PEPPAR PRAY  GATE,BEMAKANAHALLI,8,13.135815,77.8564129
Bengaluru Dist,Nandagudi PS,1.0442e+16,2022,1,2,Road Accidents,Not Applicable,Rural Areas,Open area,Human Error,No,Grievous Injury,Vehicle to Vehicle,Not Applicable,Others,Minor District Road,Bitumen(Tar),Others,Not Applicable,Clear,Rural Road,Motakadahalli,5 Km,0.0,0.0
Bengaluru Dist,Nandagudi PS,1.0442e+16,2022,1,2,Road Accidents,Narrow road,Rural Areas,Open area,Human Error,No,Grievous Injury,Vehicle to Vehicle,Not at  Junction,Straight and flat,State Highway,Bitumen(Tar),Dry,Not Applicable,Clear,SH 82,1,8,13.237843,77.926709
Bengaluru Dist,Nandagudi PS,1.0442e+16,2022,1,2,Road Accidents,Not Applicable,Rural Areas,Open area,Human Error,No,Fatal,Vehicle to Vehicle,Not Applicable,Others,NH,Bitumen(Tar),Others,Not Applicable,Clear,N H 75,Near Gangapura Village Rajashekar Land,30 Ft,13.132596,77.951822
Bengaluru Dist,Nandagudi PS,1.0442e+16,2022,1,2,Road Accidents,Not Applicable,Rural Areas,Near Bus stop,Not Applicable,No,Grievous Injury,Not Applicable,Not Applicable,Not Applicable,State Highway,Concrete,Not Applicable,Not Applicable,Not Applicable,"HOSAKOTE-CHINTAHAMANI ROAD, NEAR D, SHETTYHALLI GATE",Near Mallimakanapura Busstop,10 KM,0.0,0.0
Bengaluru Dist,Nandagudi PS,1.0442e+16,2022,1,2,Road Accidents,Road hump or Rumble strips,Rural Areas,Near Bus stop,Not Applicable,No,Damage Only,Vehicle to Vehicle,Uncontrolled,Not Applicable,NH,Not Applicable,Not Applicable,Not Applicable,Others,HOSAKOTE-KOLAR MAIN ROAD,BANGALORE DIST BORDER,10 KM,0.0,0.0
Bengaluru Dist,Nandagudi PS,1.0442e+16,2022,1,2,Road Accidents,Narrow road,Rural Areas,Near a religious place,Human Error,Yes,Grievous Injury,Vehicle to Vehicle,Not at  Junction,Straight and flat,Others,Bitumen(Tar),Dry,Pot holed,Clear,Others,1,8,13.139095,77.852886
Bengaluru Dist,Nandagudi PS,1.0442e+16,2022,1,2,Not Applicable,Not Applicable,Rural Areas,Near Petrol Pump,Not Applicable,No,Grievous Injury,Not Applicable,Not Applicable,Not Applicable,NH,Bitumen(Tar),Not Applicable,Not Applicable,Light Rain,BANGALORE-KOLAR NH75ROAD NEAR MUGABALA,NAGAPPA LAND,10 KM,0.0,0.0
Bengaluru Dist,Nandagudi PS,1.0442e+16,2022,1,3,Road Accidents,Not Applicable,Rural Areas,Open area,Human Error,No,Fatal,Vehicle to Vehicle,Not Applicable,Not Applicable,State Highway,Bitumen(Tar),Flooded,Not Applicable,Not Applicable,HOSAKOTE CHINTHAMANI ROAD,HINDIGANALA,2,13.235532,77.921005
Bengaluru Dist,Nandagudi PS,1.0442e+16,2022,1,2,Road Accidents,Narrow road,Rural Areas,Open area,Human Error,No,Damage Only,Vehicle to Vehicle,Not at  Junction,Straight and flat,NH,Bitumen(Tar),Dry,Not Applicable,Clear,NH 75,1,15,13.132106,77.952962
Bengaluru Dist,Nandagudi PS,1.0442e+16,2022,1,1,Road Accidents,Not Applicable,Rural Areas,Open area,Human Error,No,Grievous Injury,Hit pedestrian,Uncontrolled,Others,NH,Bitumen(Tar),Dry,Not Applicable,Clear,NH 75,Near Tavarekere Village,13 Km,13.132213,77.927984
Bengaluru Dist,Nandagudi PS,1.0442e+16,2022,1,1,Road Accidents,Narrow road,Rural Areas,Open area,Human Error,No,Grievous Injury,Hit animal,Not Applicable,Others,NH,Bitumen(Tar),Dry,Not Applicable,Clear,NH-75,Near Gangapura Gate,13 Km,13.133591,77.947183
Bengaluru Dist,Nandagudi PS,1.0442e+16,2022,1,2,Road Accidents,Junction,Rural Areas,Open area,Not Applicable,No,Damage Only,Vehicle to Vehicle,Not Applicable,Others,NH,Concrete,Others,Not Applicable,Others,HOSAKOTE-KOLAR MAIN ROAD,CHIKKANAHALLI GATE,10 KM,13.125712,77.9044349
Bengaluru Dist,Nandagudi PS,1.0442e+16,2022,1,1,Road Accidents,Narrow road,Rural Areas,Open area,Human Error,Not Applicable,Fatal,Hit pedestrian,Not Applicable,Curve,NH,Bitumen(Tar),Dry,Not Applicable,Clear,NH 75,Mugabala Village Near Sanjaya Daba,12 Km,13.119128,77.888435
Bengaluru Dist,Nandagudi PS,1.0442e+16,2022,1,2,Road Accidents,Narrow road,Rural Areas,Near a factory industrial area,Human Error,No,Fatal,Vehicle to Vehicle,Not Applicable,Not Applicable,State Highway,Bitumen(Tar),Not Applicable,No influence on accident,Fine,HOSAKOTE CHINTHAMANI ROAD NEAR PEPPAR PRAY,PEPPAR PREY,6,13.142373,77.863154
Bengaluru Dist,Nandagudi PS,1.0442e+16,2022,1,1,Road Accidents,Not Applicable,Rural Areas,Open area,Human Error,No,Fatal,Not Applicable,Not Applicable,Curve and Incline,Minor District Road,Bitumen(Tar),Muddy,Not Applicable,Not Applicable,BEMAKNALI NAKKNAHALLI ROAD,NAKKANAHALLI,8,13.129809,77.866278
Bengaluru Dist,Nandagudi PS,1.0442e+16,2022,1,1,Road Accidents,Cross roads,City/Town,Open area,Human Error,No,Grievous Injury,Not Applicable,No signal lights,Curve,State Highway,Bitumen(Tar),Dry,Not Applicable,Clear,SH82,1,9,13.135131,77.855707
Bengaluru Dist,Nandagudi PS,1.0442e+16,2022,1,3,Road Accidents,Not Applicable,Rural Areas,Open area,Human Error,No,Fatal,Vehicle to Vehicle,Not Applicable,Not Applicable,State Highway,Bitumen(Tar),Not Applicable,Not Applicable,Not Applicable,HOSKOTE CHINTHAMANI ROAD NEAR NANDAGUDI,HARISHNAGUDDI,1,13.198383,77.896742
Bengaluru Dist,Nandagudi PS,1.0442e+16,2022,1,2,Road Accidents,Curves,Rural Areas,Open area,Human Error,Yes,Grievous Injury,Vehicle to Vehicle,Uncontrolled,Curve,NH,Bitumen(Tar),Dry,Not Applicable,Clear,NH75,1,2,13.133885,77.936201
Bengaluru Dist,Nandagudi PS,1.0442e+16,2022,1,2,Road Accidents,Narrow road,Rural Areas,Open area,Human Error,No,Fatal,Vehicle to Vehicle,Not Applicable,Not Applicable,NH,Bitumen(Tar),Wet,Not Applicable,Not Applicable,KOLARA HOSAKOTE,RAMSANDRA BORDER,12,13.133638,77.946528
Bengaluru Dist,Nandagudi PS,1.0442e+16,2022,1,2,Not Applicable,Curves,Rural Areas,Near Hospital,Not Applicable,No,Simple Injury,Vehicle to Vehicle,Uncontrolled,Others,Not Applicable,Not Applicable,Not Applicable,Not Applicable,Snow,Chokkasandra road,Chokkasandra road,01 KM,13.197953,77.900564
Bengaluru Dist,Nandagudi PS,1.0442e+16,2022,1,2,Road Accidents,Curves,Rural Areas,Open area,Human Error,Yes,Grievous Injury,Vehicle to Vehicle,Not Applicable,Curve,Others,Bitumen(Tar),Dry,Not Applicable,Clear,Maluru-Chikkanahalli Road,Chinnandahalli Chikkanahali Road,15 Km,13.112559,77.909804
Bengaluru Dist,Nandagudi PS,1.0442e+16,2022,1,1,Road Accidents,Narrow road,Rural Areas,Open area,Human Error,No,Damage Only,Vehicle to Vehicle,Not at  Junction,Curve,NH,Bitumen(Tar),Dry,Not Applicable,Clear,NH75,1,15,13.120258,77.889904
Bengaluru Dist,Nandagudi PS,1.0442e+16,2022,1,2,Road Accidents,Narrow road,Rural Areas,Near Bus stop,Human Error,No,Grievous Injury,Vehicle to Vehicle,No signal lights,Straight and flat,NH,Bitumen(Tar),Dry,Not Applicable,Clear,NH75,10,15,13.133614,77.946604
Bengaluru Dist,Nandagudi PS,1.0442e+16,2022,1,2,Road Accidents,Not Applicable,Rural Areas,Open area,Not Applicable,No,Simple Injury,Vehicle to Vehicle,Not Applicable,Others,Not Applicable,Not Applicable,Others,Not Applicable,Not Applicable,KOLAR-BANGALORE NH-75 ROAD,Pojaramanahalli Gate,08 K M,13.124739,77.901852
Bengaluru Dist,Nandagudi PS,1.0442e+16,2022,1,2,Road Accidents,Not Applicable,Rural Areas,Near Bus stop,Vehicle Defect,No,Damage Only,Vehicle to Vehicle,Not at  Junction,Others,Not Applicable,Concrete,Dry,Not Applicable,Others,"HOSAKOTE-CHINTAHAMANI ROAD, NEAR D, SHETTYHALLI GATE",D Shattyhally Bus stop,10 KM,13.150663,77.8685
Bengaluru Dist,Nandagudi PS,1.0442e+16,2022,1,2,Road Accidents,Curves,Rural Areas,Open area,Human Error,No,Damage Only,Vehicle to Vehicle,Not at  Junction,Curve,NH,Bitumen(Tar),Dry,Not Applicable,Clear,NH75,1,15,13.240949,77.92687
Bengaluru Dist,Nandagudi PS,1.0442e+16,2022,1,1,Road Accidents,Narrow road,Rural Areas,Open area,Human Error,Yes,Grievous Injury,Hit bicyclist,Not at  Junction,Straight and flat,State Highway,Bitumen(Tar),Dry,Construction Work / Material,Clear,SH 82,1,8,13.240946,77.955975
Bengaluru Dist,Nandagudi PS,1.0442e+16,2022,1,2,Road Accidents,Narrow road,Rural Areas,Open area,Human Error,No,Fatal,Hit bicyclist,Not Applicable,Not Applicable,Major District Road,Bitumen(Tar),Not Applicable,No influence on accident,Fog / Mist,SHETTAHALLI MALLIYAPPANAHALLI ROAD,MALLIYAPPANAHALLI,8,13.149008,77.882812
Bengaluru Dist,Nandagudi PS,1.0442e+16,2022,1,2,Not Applicable,Junction,Rural Areas,Residential area,Not Applicable,No,Simple Injury,Hit bicyclist,Stop Sign,Not Applicable,Sub Arterial,Bitumen(Tar),Dry,Drainage Ditch,Others,"HOSAKOTE-CHINTAHAMANI ROAD, NEAR D, SHETTYHALLI GATE",CHIKKANAHALLI GATE,08 KM,13.128054,77.849318
Bengaluru Dist,Nandagudi PS,1.0442e+16,2022,1,2,Road Accidents,Cross roads,Rural Areas,Near Bus stop,Vehicle Defect,No,Damage Only,Vehicle to Vehicle,Not Applicable,Not Applicable,Others,Not Applicable,Others,Not Applicable,Not Applicable,Hosakote-Chinthamani SH 85 Road,Bus stand,5 km,0.0,0.0
Bengaluru Dist,Nandagudi PS,1.0442e+16,2022,1,1,Road Accidents,Not Applicable,Rural Areas,Open area,Not Applicable,No,Fatal,Not Applicable,Not Applicable,Not Applicable,NH,Bitumen(Tar),Dry,Not Applicable,Clear,NH 75,Near Mugabgala Village,12 Km,0.0,0.0
Bengaluru Dist,Nandagudi PS,1.0442e+16,2022,1,2,Road Accidents,Not Applicable,Rural Areas,Near a religious place,Road Environment Defect,Not Applicable,Grievous Injury,Vehicle to Vehicle,Uncontrolled,Curve,State Highway,Concrete,Dry,Not Applicable,Not Applicable,"HOSAKOTE-CHINTAHAMANI ROAD, NEAR D, SHETTYHALLI GATE",Near Muslim Darga,4,13.220417,77.913801
Bengaluru Dist,Nandagudi PS,1.0442e+16,2022,1,1,Road Accidents,Cross roads,Rural Areas,Residential area,Human Error,No,Grievous Injury,Hit pedestrian,Uncontrolled,Others,NH,Bitumen(Tar),Dry,Not Applicable,Clear,NH 75,Near Mugabala Buss Stop,12 Km,13.12094,77.889761
Bengaluru Dist,Nandagudi PS,1.0442e+16,2022,1,2,Road Accidents,Narrow road,Rural Areas,Open area,Human Error,No,Grievous Injury,Vehicle to Vehicle,Not at  Junction,Straight and flat,State Highway,Bitumen(Tar),Dry,Not Applicable,Clear,SH82,1,3,13.204879,77.899738
Bengaluru Dist,Nandagudi PS,1.0442e+16,2022,1,2,Road Accidents,Narrow road,Rural Areas,Near Bus stop,Human Error,No,Grievous Injury,Vehicle to Vehicle,Not at  Junction,Straight and flat,State Highway,Bitumen(Tar),Dry,Not Applicable,Clear,96,1,8,13.232343,77.952362
Bengaluru Dist,Nandagudi PS,1.0442e+16,2022,1,2,Road Accidents,Narrow road,Rural Areas,Open area,Not Applicable,No,Grievous Injury,Vehicle to Vehicle,Signal lights Manual,Straight and flat,NH,Bitumen(Tar),Dry,Not Applicable,Clear,NH75,1,15 km,13.114407,77.881971
Bengaluru Dist,Nandagudi PS,1.0442e+16,2022,1,1,Road Accidents,Not Applicable,Rural Areas,Open area,Not Applicable,No,Not Applicable,Not Applicable,Signal lights Manual,Straight and flat,State Highway,Bitumen(Tar),Dry,Not Applicable,Clear,SH-82,Near Chikondahalli Road,5 Km,13.239459,77.937312
Bengaluru Dist,Nandagudi PS,1.0442e+16,2022,1,1,Road Accidents,Cross roads,Rural Areas,Near School or College,Human Error,No,Fatal,Hit pedestrian,Not Applicable,Not Applicable,State Highway,Bitumen(Tar),Not Applicable,No influence on accident,Not Applicable,HOSAKOTE CHINTHAMANI ROAD HINDIGANALA,HINDIGANALA,2,13.223869,77.916356
Bengaluru Dist,Nandagudi PS,1.0442e+16,2022,1,2,Road Accidents,Not Applicable,Rural Areas,Near office complex,Not Applicable,No,Grievous Injury,Vehicle to Vehicle,Not Applicable,Not Applicable,State Highway,Not Applicable,Not Applicable,Not Applicable,Not Applicable,"HOSAKOTE-CHINTAHAMANI ROAD, NEAR D, SHETTYHALLI GATE",Near Bharat Petrol bunk,10 KM,0.0,0.0
Bengaluru Dist,Nandagudi PS,1.0442e+16,2022,1,1,Road Accidents,Junction,Rural Areas,Near Bus stop,Vehicle Defect,Not Applicable,Grievous Injury,Hit bicyclist,Signal lights Manual,Hump,State Highway,Kutcha,Not Applicable,Not Applicable,Very Cold,SH 82,NANDAGUDI TOWN,3,13.207729,77.906999
Bengaluru Dist,Nandagudi PS,1.0442e+16,2022,1,2,Road Accidents,Curves,Rural Areas,Open area,Human Error,No,Fatal,Vehicle to Vehicle,Not Applicable,Curve,NH,Bitumen(Tar),Dry,Not Applicable,Clear,NH 75,Near Mugabala Village,13 Km,13.118714,77.887185
Bengaluru Dist,Nandagudi PS,1.0442e+16,2022,1,2,Road Accidents,Narrow road,Rural Areas,Open area,Human Error,Not Applicable,Fatal,Vehicle to Vehicle,Not Applicable,Others,NH,Bitumen(Tar),Dry,Not Applicable,Clear,NH 75,Near H P Daba Mugabala,12 Km,13.114381,77.882101
Bengaluru Dist,Nandagudi PS,1.0442e+16,2022,1,1,Road Accidents,Narrow road,Rural Areas,Near Petrol Pump,Human Error,No,Fatal,Not Applicable,Not Applicable,Not Applicable,State Highway,Bitumen(Tar),Not Applicable,Not Applicable,Light Rain,HOSKOTE CHINTHAMANI ROAD NEAR SATHVARA GATE,SATHVARA GATE,4,13.068736,77.781252
Bengaluru Dist,Nandagudi PS,1.0442e+16,2022,1,2,Road Accidents,Narrow road,Rural Areas,Open area,Human Error,No,Grievous Injury,Vehicle to Vehicle,Not at  Junction,Straight and flat,State Highway,Bitumen(Tar),Dry,Not Applicable,Clear,SH82,1,2,13.130153,77.881821