DISTRICTNAME,UNITNAME,Crime_No,Year,RI,Noofvehicle_involved,Accident_Classification,Accident_Spot,Accident_Location,Accident_SubLocation,Main_Cause,Hit_Run,Severity,Collision_Type,Junction_Control,Road_Character,Road_Type,Surface_Type,Surface_Condition,Road_Condition,Weather,Accident_Road,Landmark_first,Distance_LandMark_First,Latitude,Longitude
Bengaluru Dist,Nandagudi PS,1.0442e+16,2022,1,2,Road Accidents,Narrow road,Rural Areas,Open area,Human Error,No,Grievous Injury,Vehicle to Vehicle,Not Applicable,Curve,Others,Bitumen(Tar),Dry,Not Applicable,Clear,Others,1,5,13.221988,77.887172
Bengaluru Dist,Nandagudi PS,1.0442e+16,2022,1,1,Road Accidents,Not Applicable,Rural Areas,Open area,Human Error,No,Fatal,Hit pedestrian,Not Applicable,Not Applicable,Mixed,Not Applicable,Muddy,Pot holed,Not Applicable,"KARAHALLI, KORATHI YASHAVANTHAPURA ROAD",KARAHALLI,9,13.187586,77.958341
Bengaluru Dist,Nandagudi PS,1.0442e+16,2022,1,2,Road Accidents,Not Applicable,Rural Areas,Near School or College,Human Error,No,Fatal,Vehicle to Vehicle,Not Applicable,Not Applicable,State Highway,Bitumen(Tar),Not Applicable,No influence on accident,Not Applicable,HOSAKOTE CHINTHAMANI ROAD NEAR HINDIGANALA,HINDIGANALA,2,13.224185,77.916571
Bengaluru Dist,Nandagudi PS,1.0442e+16,2022,1,2,Road Accidents,Narrow road,Rural Areas,Near Bus stop,Human Error,No,Grievous Injury,Vehicle to Vehicle,Not at  Junction,Straight and flat,NH,Bitumen(Tar),Dry,Not Applicable,Clear,NH75,1,15,13.133741,77.946521
Bengaluru Dist,Nandagudi PS,1.0442e+16,2022,1,2,Road Accidents,Not Applicable,Rural Areas,Near or inside a village,Not Applicable,Not Applicable,Damage Only,Vehicle to Vehicle,Not Applicable,Others,NH,Not Applicable,Not Applicable,Not Applicable,Others,KORAL-BANGALORE NH 75 ROAD,Tavarekere Village,08 K M,13.132235,77.927781
Bengaluru Dist,Nandagudi PS,1.0442e+16,2022,1,2,Road Accidents,Curves,Rural Areas,Open area,Human Error,No,Grievous Injury,Vehicle to Vehicle,No signal lights,Curve,NH,Bitumen(Tar),Dry,No influence on accident,Clear,NH,Pujaramanahalli Gate,12 Km,13.124677,77.901865
Bengaluru Dist,Nandagudi PS,1.0442e+16,2022,1,2,Road Accidents,Narrow road,Rural Areas,Open area,Road Environment Defect,No,Grievous Injury,Vehicle to Vehicle,Not at  Junction,Straight and flat,NH,Bitumen(Tar),Dry,Not Applicable,Clear,75,1,1,13.118522,77.889376
Bengaluru Dist,Nandagudi PS,1.0442e+16,2022,1,2,Road Accidents,Not Applicable,Rural Areas,Open area,Human Error,No,Fatal,Vehicle to Vehicle,Not Applicable,Curve,Others,Bitumen(Tar),Dry,Not Applicable,Clear,Village Road,Near Bandahalli Village,8 Km,13.153839,77.933415
Bengaluru Dist,Nandagudi PS,1.0442e+16,2022,1,2,Road Accidents,Curves,Rural Areas,Open area,Human Error,No,Grievous Injury,Vehicle to Vehicle,Not Applicable,Curve,NH,Bitumen(Tar),Dry,No influence on accident,Clear,NH-75,Near Mugabala Medrich Compnay,13 Km,13.12696,77.914047
Bengaluru Dist,Nandagudi PS,1.0442e+16,2022,1,1,Road Accidents,Narrow road,Rural Areas,Open area,Human Error,No,Grievous Injury,Hit pedestrian,Not at  Junction,Straight and flat,State Highway,Bitumen(Tar),Dry,Not Applicable,Clear,SH96,1,8,13.118678,77.889473
Bengaluru Dist,Nandagudi PS,1.0442e+16,2022,1,2,Road Accidents,Narrow road,Rural Areas,Open area,Human Error,No,Fatal,Vehicle to Vehicle,Not Applicable,Not Applicable,NH,Bitumen(Tar),Others,No influence on accident,Fine,KOLARA HOSKOTE NH75 NEAR POOJARAMANAHALLI GATE,PUJARAMANAHALLI GATE,12,13.1213,77.903111
Bengaluru Dist,Nandagudi PS,1.0442e+16,2022,1,2,Road Accidents,Narrow road,Rural Areas,Near Bus stop,Human Error,No,Grievous Injury,Vehicle to Vehicle,No signal lights,Straight and flat,NH,Bitumen(Tar),Dry,Not Applicable,Clear,NH75,1,2,13.127326,77.910646
Bengaluru Dist,Nandagudi PS,1.0442e+16,2022,1,2,Not Applicable,Not Applicable,Rural Areas,Near a factory industrial area,Vehicle Defect,Not Applicable,Simple Injury,Not Applicable,Not Applicable,Not Applicable,Not Applicable,Not Applicable,Not Applicable,Not Applicable,Not Applicable,BANGALORE-KOLAR-NH-75,GOVT FORST NEAR SHIVANAPURA CORSS,08 K M,13.13375,77.946709
Bengaluru Dist,Nandagudi PS,1.0442e+16,2022,1,2,Road Accidents,Not Applicable,Rural Areas,Near Petrol Pump,Human Error,No,Fatal,Vehicle to Vehicle,Not at  Junction,Not Applicable,State Highway,Bitumen(Tar),Not Applicable,Not Applicable,Not Applicable,HOSKOTE CHINTHAMANI ROAD,SATHVARA GATE,3,13.159259,77.873784
Bengaluru Dist,Nandagudi PS,1.0442e+16,2022,1,2,Road Accidents,Narrow road,Rural Areas,Near Bus stop,Human Error,No,Fatal,Vehicle to Vehicle,Uncontrolled,Straight and flat,NH,Bitumen(Tar),Not Applicable,Not Applicable,Fine,NH 75 ROAD CHIKKANAHALLI GATE,CHIKKANAHALLI GATE,8,13.12579,77.904028
Bengaluru Dist,Nandagudi PS,1.0442e+16,2022,1,1,Road Accidents,Not Applicable,Rural Areas,Open area,Human Error,Yes,Fatal,Hit pedestrian,Uncontrolled,Straight and flat,State Highway,Bitumen(Tar),Not Applicable,No influence on accident,Not Applicable,HOSKOTE CHINTHAMANI ROAD NEAR BEEMAKNAHALLI GATE,BEMAKANAHALLI GATE,6,13.136937,77.853037
Bengaluru Dist,Nandagudi PS,1.0442e+16,2022,1,1,Road Accidents,Narrow road,Rural Areas,Open area,Human Error,No,Grievous Injury,Not Applicable,Not at  Junction,Straight and flat,NH,Bitumen(Tar),Dry,Not Applicable,Clear,NH75,1,15,13.127579,77.911466
Bengaluru Dist,Nandagudi PS,1.0442e+16,2022,1,2,Road Accidents,Not Applicable,Rural Areas,Near Bus stop,Not Applicable,Not Applicable,Grievous Injury,Not Applicable,Not Applicable,Not Applicable,Others,Bitumen(Tar),Dry,Not Applicable,Not Applicable,Chikkanahalli-Nandagudi road,CHIKKANAHALLI GATE,10 KM,0.0,0.0
Bengaluru Dist,Nandagudi PS,1.0442e+16,2022,1,2,Road Accidents,Narrow road,Rural Areas,Open area,Human Error,No,Grievous Injury,Vehicle to Vehicle,Not at  Junction,Curve,State Highway,Bitumen(Tar),Dry,Not Applicable,Clear,30,1,1,13.199491,77.89812
Bengaluru Dist,Nandagudi PS,1.0442e+16,2022,1,1,Road Accidents,Road hump or Rumble strips,Rural Areas,Residential area,Human Error,No,Fatal,Not Applicable,Not Applicable,Not Applicable,State Highway,Bitumen(Tar),Not Applicable,No influence on accident,Not Applicable,HOSAKOTE CHINTHAMANI ROAD NIEAR HINDIGANALA,HINDIGANALA,8,13.215755,77.91341
Bengaluru Dist,Nandagudi PS,1.0442e+16,2022,1,1,Road Accidents,Cross roads,Rural Areas,Open area,Not Applicable,No,Grievous Injury,Hit pedestrian,Controlled,Curve,Residential Street,Kutcha,Others,Not Applicable,Fine,MARASANDAHALLI ROAD,VILLAGE ROAD,10 KM,13.159722,77.944661
Bengaluru Dist,Nandagudi PS,1.0442e+16,2022,1,1,Road Accidents,Not Applicable,Rural Areas,Residential area,Human Error,Not Applicable,Fatal,Not Applicable,Not Applicable,Not Applicable,State Highway,Bitumen(Tar),Dry,Not Applicable,Clear,SH 82,Hosakote Chintamani Road Near K Satyavar,6 km,13.150289,77.871359
Bengaluru Dist,Nandagudi PS,1.0442e+16,2022,1,2,Road Accidents,Narrow road,Rural Areas,Near Bus stop,Human Error,No,Grievous Injury,Vehicle to Vehicle,Not at  Junction,Straight and flat,State Highway,Bitumen(Tar),Dry,Not Applicable,Fine,SH82,1,8,13.199304,77.900389
Bengaluru Dist,Nandagudi PS,1.0442e+16,2022,1,1,Road Accidents,Cross roads,Rural Areas,Open area,Human Error,No,Fatal,Not Applicable,Give way sign,Curve,Minor District Road,Bitumen(Tar),Wet,Not Applicable,Not Applicable,HINDIGANALA NELAVAGILU ROAD,NELAVAGILU ROAD,4,13.221497,77.9149059
Bengaluru Dist,Nandagudi PS,1.0442e+16,2022,1,2,Road Accidents,Circle,Rural Areas,Open area,Road Environment Defect,No,Simple Injury,Vehicle to Vehicle,Not Applicable,Not Applicable,NH,Not Applicable,Others,Not Applicable,Not Applicable,"KORAL-BANGALORE NH 75 ROAD, Yalachahali Village",NEAR YALACHAHALLI,10 KM,13.127696,77.911914
Bengaluru Dist,Nandagudi PS,1.0442e+16,2022,1,1,Road Accidents,Curves,Rural Areas,Open area,Human Error,Not Applicable,Grievous Injury,Not Applicable,Not Applicable,Curve,NH,Bitumen(Tar),Dry,Not Applicable,Clear,NH 75,Near Yalachahalli Village Volvo,9 Km,13.12857,77.911555
Bengaluru Dist,Nandagudi PS,1.0442e+16,2023,1,2,Road Accidents,Curves,Rural Areas,Open area,Human Error,Not Applicable,Grievous Injury,Vehicle to Vehicle,Not Applicable,Curve,Others,Bitumen(Tar),Dry,Not Applicable,Clear,Shivanapura Cross-Chikkanahalli Gate Road,Near Pandavas Poundation Cow Form,8 Km,13.17684,77.885007
Bengaluru Dist,Nandagudi PS,1.0442e+16,2023,1,2,Road Accidents,Curves,Rural Areas,Open area,Human Error,No,Grievous Injury,Vehicle to Vehicle,Not Applicable,Curve,State Highway,Bitumen(Tar),Dry,Not Applicable,Clear,SH,Chikkanahalli Toranahalli Road,13 Km,0.0,0.0
Bengaluru Dist,Nandagudi PS,1.0442e+16,2023,1,3,Road Accidents,Narrow road,Rural Areas,Near a factory industrial area,Human Error,No,Simple Injury,Vehicle to Vehicle,Not Applicable,Not Applicable,State Highway,Bitumen(Tar),Dry,Not Applicable,Clear,SH 82,Near Mallimakanapura,10 Km,13.129126,77.909712
Bengaluru Dist,Nandagudi PS,1.0442e+16,2023,1,2,Road Accidents,Curves,Rural Areas,Open area,Human Error,No,Simple Injury,Vehicle to Vehicle,Not Applicable,Curve,Minor District Road,Bitumen(Tar),Dry,Not Applicable,Clear,Chikkanallurahalli - Doddanallurahalli Road,Near Doddanallurahalli,10 km,13.119685,77.862337
Bengaluru Dist,Nandagudi PS,1.0442e+16,2023,1,2,Road Accidents,Curves,Rural Areas,Open area,Human Error,Yes,Grievous Injury,Vehicle to Vehicle,Not Applicable,Curve,Minor District Road,Bitumen(Tar),Dry,Not Applicable,Clear,Distric Road,Near Anjeneya Tempale,1,13.222987,77.9462509
Bengaluru Dist,Nandagudi PS,1.0442e+16,2023,1,1,Road Accidents,Curves,Rural Areas,Open area,Human Error,No,Grievous Injury,Hit pedestrian,Not Applicable,Curve,Others,Bitumen(Tar),Dry,Not Applicable,Clear,Nandagudi Chokkasandra Road,Behend KPS Shcool Nandagudi,1 Km,13.19832,77.900682
Bengaluru Dist,Nandagudi PS,1.0442e+16,2023,1,2,Road Accidents,Not Applicable,Rural Areas,Open area,Human Error,No,Grievous Injury,Vehicle to Vehicle,Not Applicable,Not Applicable,State Highway,Bitumen(Tar),Dry,Not Applicable,Clear,SH 82,Near Surya Canvation Hall,1 Km,13.199359,77.896929
Bengaluru Dist,Nandagudi PS,1.0442e+16,2023,1,2,Road Accidents,Narrow road,Rural Areas,Open area,Human Error,Yes,Fatal,Vehicle to Vehicle,Not at  Junction,Curve,State Highway,Bitumen(Tar),Dry,Not Applicable,Clear,SH 82,Near D Shattihalli Village,8 Km,13.119015,77.889272
Bengaluru Dist,Nandagudi PS,1.0442e+16,2023,1,1,Road Accidents,Curves,Rural Areas,Open area,Human Error,Not Applicable,Fatal,Hit animal,Not Applicable,Curve,Minor District Road,Bitumen(Tar),Dry,Not Applicable,Clear,Other Road,Near Giddanahalli Gate,1.5 Km,13.204624,77.906832
Bengaluru Dist,Nandagudi PS,1.0442e+16,2023,1,2,Road Accidents,Not Applicable,Rural Areas,Open area,Human Error,Yes,Grievous Injury,Vehicle to Vehicle,Not Applicable,Curve,Others,Bitumen(Tar),Dry,Not Applicable,Clear,Others Road,Near Carch,8 Km,13.153136,77.90274
Bengaluru Dist,Nandagudi PS,1.0442e+16,2023,1,2,Road Accidents,Not Applicable,Rural Areas,Open area,Human Error,No,Grievous Injury,Vehicle to Vehicle,Not Applicable,Others,State Highway,Surfaced,Dry,No influence on accident,Clear,State highway,40 feet south coconut tree,05 km,0.0,0.0
Bengaluru Dist,Nandagudi PS,1.0442e+16,2023,1,2,Road Accidents,Curves,Rural Areas,Open area,Human Error,No,Grievous Injury,Vehicle to Vehicle,Not Applicable,Curve,Minor District Road,Bitumen(Tar),Dry,Not Applicable,Clear,Other Road,Near Giddanahalli Gate,1.5 Km,0.0,0.0
Bengaluru Dist,Nandagudi PS,1.0442e+16,2023,1,2,Road Accidents,Narrow road,Rural Areas,Open area,Human Error,Not Applicable,Fatal,Vehicle to Vehicle,Not Applicable,Curve,State Highway,Bitumen(Tar),Dry,Not Applicable,Clear,SH,Near Chowdeshvari Tempale,9 Km,13.235247,77.938686
Bengaluru Dist,Nandagudi PS,1.0442e+16,2023,1,2,Road Accidents,Curves,Rural Areas,Open area,Human Error,No,Grievous Injury,Vehicle to Vehicle,Uncontrolled,Curve,Minor District Road,Bitumen(Tar),Dry,Not Applicable,Clear,Vaddahalli Siddanahalli Road,Near Koli Form,6 km,13.203091,77.902509
Bengaluru Dist,Nandagudi PS,1.0442e+16,2023,1,2,Road Accidents,Curves,Rural Areas,Open area,Human Error,No,Simple Injury,Vehicle to Vehicle,Not Applicable,Curve,Major District Road,Bitumen(Tar),Dry,Not Applicable,Clear,Hettakki Banamakanahalli Road,Near Hettakki Village,12 km,13.202935,77.902582
Bengaluru Dist,Nelamangala Rural PS,1.04422e+16,2016,1,2,Road Accidents,Narrow road,Rural Areas,Open area,Human Error,No,Fatal,Rear end,Not Applicable,Not Applicable,NH,Bitumen(Tar),Not Applicable,Not Applicable,Clear,NH48 ROAD,0,8KM,0.0,0.0
Bengaluru Dist,Nelamangala Rural PS,1.04422e+16,2016,1,2,Road Accidents,Narrow road,Rural Areas,Near a religious place,Human Error,No,Simple Injury,Rear end,Not Applicable,Not Applicable,NH,Bitumen(Tar),Not Applicable,Not Applicable,Fine,NH4ROAD,0,14KM,0.0,0.0
Bengaluru Dist,Nelamangala Rural PS,1.04422e+16,2016,1,2,Road Accidents,Cross roads,Rural Areas,Near a factory industrial area,Human Error,Yes,Damage Only,Head on,Not Applicable,Not Applicable,Others,Bitumen(Tar),Not Applicable,Not Applicable,Fine,OTHER ROAD,0,6KM,0.0,0.0
Bengaluru Dist,Nelamangala Rural PS,1.04422e+16,2016,1,2,Road Accidents,Narrow road,Rural Areas,Open area,Human Error,No,Grievous Injury,Rear end,Not Applicable,Not Applicable,Others,Bitumen(Tar),Not Applicable,Not Applicable,Fine,OTHER ROAD,0,4KM,0.0,0.0
Bengaluru Dist,Nelamangala Rural PS,1.04422e+16,2016,1,3,Road Accidents,Cross roads,Rural Areas,Near or inside a village,Not Applicable,No,Damage Only,Overturning,Not Applicable,Not Applicable,NH,Bitumen(Tar),Dry,Not Applicable,Fine,"NELAMANGALA KUNIGAL NH48 ROAD, YANTAGANAHALLI U TURN",0,12km,0.0,0.0
Bengaluru Dist,Nelamangala Rural PS,1.04422e+16,2016,1,2,Road Accidents,Cross roads,Rural Areas,Open area,Human Error,Yes,Grievous Injury,Hit and Run,Not Applicable,Not Applicable,NH,Bitumen(Tar),Not Applicable,Not Applicable,Clear,NH4 ROAD,0,15KM,0.0,0.0
Bengaluru Dist,Nelamangala Rural PS,1.04422e+16,2016,1,1,Road Accidents,Narrow road,Rural Areas,Open area,Human Error,Yes,Fatal,Hit pedestrian,Not Applicable,Not Applicable,State Highway,Bitumen(Tar),Dry,Not Applicable,Fine,SH74,HAYDALU,0,0.0,0.0
Bengaluru Dist,Nelamangala Rural PS,1.04422e+16,2016,1,1,Road Accidents,Narrow road,Rural Areas,Residential area,Not Applicable,No,Grievous Injury,Others,Not Applicable,Not Applicable,State Highway,Bitumen(Tar),Dry,Not Applicable,Clear,"KEMAPALINGANAHALLI RAILWAY BRIDGE,",0,6 km,0.0,0.0
Bengaluru Dist,Nelamangala Rural PS,1.04422e+16,2016,1,2,Road Accidents,Other,Rural Areas,Near a factory industrial area,Not Applicable,Not Applicable,Fatal,Rear end,Not at  Junction,Not Applicable,NH,Bitumen(Tar),Dry,Not Applicable,Fine,NH4,0,10,0.0,0.0
Bengaluru Dist,Nelamangala Rural PS,1.04422e+16,2016,1,1,Road Accidents,Narrow road,Rural Areas,Open area,Human Error,No,Damage Only,Side swipe,Not Applicable,Not Applicable,NH,Bitumen(Tar),Dry,Not Applicable,Fine,NH4,SRD LOGISTICS,0,0.0,0.0
Bengaluru Dist,Nelamangala Rural PS,1.04422e+16,2016,1,2,Road Accidents,Narrow road,Rural Areas,Near Bus stop,Human Error,No,Grievous Injury,Not Applicable,Not Applicable,Others,NH,Bitumen(Tar),Dry,Not Applicable,Fine,NH4,U TURN,50FT,0.0,0.0
Bengaluru Dist,Nelamangala Rural PS,1.04422e+16,2016,1,1,Road Accidents,Narrow road,Rural Areas,Open area,Human Error,Yes,Grievous Injury,Hit pedestrian,No signal lights,Not Applicable,NH,Bitumen(Tar),Dry,Not Applicable,Fine,NH48,0,0,0.0,0.0
Bengaluru Dist,Nelamangala Rural PS,1.04422e+16,2016,1,2,Road Accidents,Other,Rural Areas,Near or inside a village,Human Error,Not Applicable,Fatal,Head on,Not at  Junction,Not Applicable,NH,Bitumen(Tar),Dry,Not Applicable,Fine,NH4,0,7,0.0,0.0
Bengaluru Dist,Nelamangala Rural PS,1.04422e+16,2016,1,2,Road Accidents,Narrow road,Rural Areas,Open area,Human Error,No,Grievous Injury,Rear end,Not Applicable,Not Applicable,NH,Bitumen(Tar),Not Applicable,Not Applicable,Fine,NH4 ROAD,0,8KM,0.0,0.0
Bengaluru Dist,Nelamangala Rural PS,1.04422e+16,2016,1,1,Road Accidents,Road hump or Rumble strips,City/Town,Near School or College,Human Error,No,Grievous Injury,Skidding or Self accident,Not Applicable,Not Applicable,NH,Bitumen(Tar),Not Applicable,Not Applicable,Clear,NH48,0,7KM,0.0,0.0
Bengaluru Dist,Nelamangala Rural PS,1.04422e+16,2016,1,1,Not Applicable,Other,Rural Areas,Near Petrol Pump,Not Applicable,Not Applicable,Fatal,Skidding or Self accident,Not at  Junction,Not Applicable,NH,Bitumen(Tar),Dry,Not Applicable,Fine,NH75,0,10,0.0,0.0
Bengaluru Dist,Nelamangala Rural PS,1.04422e+16,2016,1,1,Road Accidents,Narrow road,Rural Areas,Near School or College,Human Error,Yes,Fatal,Hit pedestrian,Not Applicable,Not Applicable,NH,Bitumen(Tar),Dry,Not Applicable,Fine,NH48,0,0,0.0,0.0
Bengaluru Dist,Nelamangala Rural PS,1.04422e+16,2016,1,2,Road Accidents,Other,Rural Areas,Near a factory industrial area,Not Applicable,Not Applicable,Fatal,Rear end,Not at  Junction,Not Applicable,NH,Bitumen(Tar),Dry,Not Applicable,Fine,NH4,0,17,0.0,0.0
Bengaluru Dist,Nelamangala Rural PS,1.04422e+16,2016,1,2,Road Accidents,Narrow road,Rural Areas,Near Petrol Pump,Not Applicable,No,Grievous Injury,Rear end,Not Applicable,Not Applicable,NH,Bitumen(Tar),Dry,Not Applicable,Clear,"BANGALORE-TUMKUR NH4 ROAD,INDIAN PETRK, BUNK OFF. BOMMANAHALLI VILLAGE",0,7km,0.0,0.0
Bengaluru Dist,Nelamangala Rural PS,1.04422e+16,2016,1,1,Road Accidents,Narrow road,Rural Areas,Near Bus stop,Human Error,No,Grievous Injury,Skidding or Self accident,Not Applicable,Not Applicable,NH,Not Applicable,Not Applicable,Not Applicable,Fine,NH 4,NH 4,15 KM,0.0,0.0
Bengaluru Dist,Nelamangala Rural PS,1.04422e+16,2016,1,1,Road Accidents,Other,Rural Areas,Near or inside a village,Not Applicable,Yes,Fatal,Hit pedestrian,Not at  Junction,Not Applicable,NH,Bitumen(Tar),Dry,Not Applicable,Fine,NH4,0,15,0.0,0.0
Bengaluru Dist,Nelamangala Rural PS,1.04422e+16,2016,1,1,Road Accidents,Cross roads,Villages settlement,Open area,Human Error,Yes,Grievous Injury,Hit pedestrian,Not Applicable,Not Applicable,NH,Bitumen(Tar),Not Applicable,Not Applicable,Clear,NH4 ROAD,0,7KM,0.0,0.0
Bengaluru Dist,Nelamangala Rural PS,1.04422e+16,2016,1,2,Road Accidents,Cross roads,Rural Areas,Residential area,Human Error,No,Simple Injury,Head on,Not Applicable,Not Applicable,Village Road,Kutcha,Not Applicable,Not Applicable,Clear,VILLAGE ROAD,0,17KM,0.0,0.0
Bengaluru Dist,Nelamangala Rural PS,1.04422e+16,2016,1,2,Road Accidents,Cross roads,Rural Areas,Open area,Human Error,No,Damage Only,Rear end,Not Applicable,Not Applicable,NH,Bitumen(Tar),Not Applicable,Not Applicable,Fine,NH4,0,6KM,0.0,0.0
Bengaluru Dist,Nelamangala Rural PS,1.04422e+16,2016,1,1,Road Accidents,Narrow road,Rural Areas,Near Bus stop,Not Applicable,Not Applicable,Grievous Injury,Hit pedestrian,Not Applicable,Not Applicable,NH,Bitumen(Tar),Not Applicable,Not Applicable,Clear,NH road,0,7km,0.0,0.0
Bengaluru Dist,Nelamangala Rural PS,1.04422e+16,2016,1,1,Road Accidents,Road hump or Rumble strips,Rural Areas,Open area,Human Error,Yes,Grievous Injury,Hit and Run,Not at  Junction,Hump,NH,Bitumen(Tar),Dry,Not Applicable,Fine,NH48,0,0,0.0,0.0
Bengaluru Dist,Nelamangala Rural PS,1.04422e+16,2016,1,1,Road Accidents,Cross roads,Rural Areas,Open area,Human Error,No,Grievous Injury,Skidding or Self accident,Not Applicable,Not Applicable,NH,Bitumen(Tar),Not Applicable,Not Applicable,Clear,NH48,0,10KM,0.0,0.0
Bengaluru Dist,Nelamangala Rural PS,1.04422e+16,2016,1,2,Road Accidents,Cross roads,Rural Areas,Open area,Human Error,No,Simple Injury,Side impact or Right angle,Not Applicable,Not Applicable,NH,Bitumen(Tar),Not Applicable,Not Applicable,Clear,NH4 ROAD,0,14KM,0.0,0.0
Bengaluru Dist,Nelamangala Rural PS,1.04422e+16,2016,1,1,Road Accidents,Narrow road,Rural Areas,Near Bus stop,Human Error,Yes,Grievous Injury,Hit and Run,Not Applicable,Not Applicable,NH,Bitumen(Tar),Dry,Not Applicable,Fine,NH4,T BEGURU BUSSTOP,0,0.0,0.0
Bengaluru Dist,Nelamangala Rural PS,1.04422e+16,2016,1,2,Road Accidents,Narrow road,Rural Areas,Near or inside a village,Not Applicable,No,Grievous Injury,Others,Not Applicable,Not Applicable,NH,Bitumen(Tar),Dry,Not Applicable,Clear,"BANGALORE-TUMKUR NH4 ROAD, KULUVANAHALLI LATE",0,14km,0.0,0.0
Bengaluru Dist,Nelamangala Rural PS,1.04422e+16,2016,1,2,Road Accidents,Narrow road,Rural Areas,Near Bus stop,Human Error,No,Grievous Injury,Head on,Not Applicable,Not Applicable,NH,Bitumen(Tar),Not Applicable,Not Applicable,Fine,NH4 ROAD,0,8KM,0.0,0.0
Bengaluru Dist,Nelamangala Rural PS,1.04422e+16,2016,1,1,Road Accidents,Cross roads,Rural Areas,Near Bus stop,Human Error,Yes,Grievous Injury,Hit pedestrian,Not Applicable,Not Applicable,NH,Bitumen(Tar),Not Applicable,Not Applicable,Fine,NH4 ROAD,0,15KM,0.0,0.0
Bengaluru Dist,Nelamangala Rural PS,1.04422e+16,2016,1,1,Road Accidents,Narrow road,Rural Areas,Open area,Not Applicable,No,Damage Only,Rear end,Not Applicable,Not Applicable,NH,Bitumen(Tar),Dry,Not Applicable,Fine,"KUNIGAL-BANGALORE NH48 ROAD, MALLARABANAVADI U TURN",0,7km,0.0,0.0
Bengaluru Dist,Nelamangala Rural PS,1.04422e+16,2016,1,2,Road Accidents,Narrow road,Rural Areas,Near Bus stop,Not Applicable,No,Damage Only,Others,Not Applicable,Not Applicable,NH,Bitumen(Tar),Dry,Not Applicable,Fine,Tumakur-Bangalore NH4  road mahimapura Gate  bus stop,0,15km,0.0,0.0
Bengaluru Dist,Nelamangala Rural PS,1.04422e+16,2016,1,2,Road Accidents,Narrow road,Rural Areas,Near Bus stop,Human Error,No,Simple Injury,Others,Not Applicable,Others,NH,Bitumen(Tar),Dry,Not Applicable,Fine,NH 4,ANANANAGARA GATE,100FT,0.0,0.0
Bengaluru Dist,Nelamangala Rural PS,1.04422e+16,2016,1,1,Road Accidents,Other,Rural Areas,Near or inside a village,Not Applicable,Not Applicable,Fatal,Hit pedestrian,Not at  Junction,Not Applicable,NH,Bitumen(Tar),Dry,Not Applicable,Fine,NH4,0,10,0.0,0.0
Bengaluru Dist,Nelamangala Rural PS,1.04422e+16,2016,1,2,Road Accidents,Narrow road,Rural Areas,Open area,Human Error,Yes,Grievous Injury,Rear end,Not Applicable,Others,NH,Bitumen(Tar),Dry,Not Applicable,Fine,NH4,JAINA TEMPLE COUPUND,100FT,0.0,0.0
Bengaluru Dist,Nelamangala Rural PS,1.04422e+16,2016,1,1,Road Accidents,Narrow road,Villages settlement,Near or inside a village,Not Applicable,No,Simple Injury,Hit pedestrian,Not Applicable,Not Applicable,Others,Bitumen(Tar),Dry,Not Applicable,Clear,MAHADEVAPURA VILLAGE NANJAPPA HOUSE,0,12km,0.0,0.0
Bengaluru Dist,Nelamangala Rural PS,1.04422e+16,2016,1,1,Road Accidents,Narrow road,Rural Areas,Open area,Human Error,No,Grievous Injury,Others,Not Applicable,Not Applicable,NH,Bitumen(Tar),Not Applicable,Not Applicable,Clear,NH 4,NH 4,8 Km,0.0,0.0
Bengaluru Dist,Nelamangala Rural PS,1.04422e+16,2016,1,1,Road Accidents,Narrow road,Rural Areas,Open area,Human Error,No,Fatal,Hit pedestrian,Not at  Junction,Not Applicable,NH,Bitumen(Tar),Not Applicable,Not Applicable,Fine,NH4,NEAR ANNAKUTEERA,50FEET,0.0,0.0
Bengaluru Dist,Nelamangala Rural PS,1.04422e+16,2016,1,1,Road Accidents,Narrow road,Rural Areas,Open area,Human Error,No,Damage Only,Rear end,Not Applicable,Others,NH,Bitumen(Tar),Dry,Not Applicable,Fine,NH4,0,0,0.0,0.0
Bengaluru Dist,Nelamangala Rural PS,1.04422e+16,2016,1,2,Road Accidents,Narrow road,Rural Areas,Open area,Not Applicable,Yes,Damage Only,Side swipe,Not Applicable,Not Applicable,NH,Bitumen(Tar),Dry,Not Applicable,Clear,TUMKUR-BANGALORE NH4 ROAD KBD NEAR,0,6 km,0.0,0.0
Bengaluru Dist,Nelamangala Rural PS,1.04422e+16,2016,1,5,Road Accidents,Narrow road,Rural Areas,Open area,Not Applicable,No,Damage Only,Rear end,Not Applicable,Not Applicable,NH,Bitumen(Tar),Dry,Not Applicable,Clear,"BANGALORE TUMKUR NH4 ROAD, TIPPAGONDANAHALLI,",0,14km,0.0,0.0
Bengaluru Dist,Nelamangala Rural PS,1.04422e+16,2016,1,1,Road Accidents,Narrow road,Rural Areas,Open area,Human Error,No,Grievous Injury,Hit pedestrian,Not Applicable,Others,Others,Bitumen(Tar),Dry,Not Applicable,Fine,Other road,0,0,0.0,0.0
Bengaluru Dist,Nelamangala Rural PS,1.04422e+16,2016,1,2,Road Accidents,Narrow road,Rural Areas,Open area,Human Error,Yes,Damage Only,Others,Not Applicable,Not Applicable,State Highway,Bitumen(Tar),Dry,Not Applicable,Fine,SH74,MUNESWARA ENCLAVE,50FEET,0.0,0.0
Bengaluru Dist,Nelamangala Rural PS,1.04422e+16,2016,1,1,Road Accidents,Narrow road,Rural Areas,Open area,Human Error,No,Grievous Injury,Hit pedestrian,Not Applicable,Not Applicable,Service Road,Bitumen(Tar),Dry,Not Applicable,Fine,NH48 SARVICE ROAD,MAHADEVAPURA ANDAR PASS NEAR,25FEET,0.0,0.0
Bengaluru Dist,Nelamangala Rural PS,1.04422e+16,2016,1,2,Road Accidents,Narrow road,Rural Areas,Near or inside a village,Not Applicable,No,Grievous Injury,Rear end,Not Applicable,Not Applicable,NH,Bitumen(Tar),Dry,Not Applicable,Clear,"TUMKUR-BANGALORE NH4 ROAD, NEAR HUCHEGOWDANA PALYA",0,12km,0.0,0.0
Bengaluru Dist,Nelamangala Rural PS,1.04422e+16,2016,1,2,Road Accidents,Narrow road,Rural Areas,Open area,Not Applicable,Yes,Grievous Injury,Hit and Run,Not Applicable,Not Applicable,NH,Bitumen(Tar),Dry,Not Applicable,Clear,Tumakur-bangalore NH4 road,0,11km,0.0,0.0
Bengaluru Dist,Nelamangala Rural PS,1.04422e+16,2016,1,2,Road Accidents,Narrow road,Rural Areas,Near or inside a village,Not Applicable,No,Damage Only,Rear end,Not Applicable,Not Applicable,NH,Bitumen(Tar),Dry,Not Applicable,Clear,"TUMKUR-BANGALORE NH4 ROAD, NEAR T.BEGUR",0,10 KM,0.0,0.0