DISTRICTNAME,UNITNAME,Crime_No,Year,RI,Noofvehicle_involved,Accident_Classification,Accident_Spot,Accident_Location,Accident_SubLocation,Main_Cause,Hit_Run,Severity,Collision_Type,Junction_Control,Road_Character,Road_Type,Surface_Type,Surface_Condition,Road_Condition,Weather,Accident_Road,Landmark_first,Distance_LandMark_First,Latitude,Longitude
Bengaluru Dist,Nelamangala Rural PS,1.04422e+16,2016,1,2,Road Accidents,Cross roads,Rural Areas,Open area,Human Error,Yes,Simple Injury,Hit and Run,Not Applicable,Not Applicable,NH,Bitumen(Tar),Not Applicable,Not Applicable,Fine,nh4 road,0,7km,0.0,0.0
Bengaluru Dist,Nelamangala Rural PS,1.04422e+16,2016,1,2,Road Accidents,Narrow road,Rural Areas,Near Petrol Pump,Human Error,No,Grievous Injury,Rear end,No signal lights,Others,NH,Bitumen(Tar),Dry,Not Applicable,Fine,NH4,0,0,0.0,0.0
Bengaluru Dist,Nelamangala Rural PS,1.04422e+16,2016,1,1,Road Accidents,Junction,Rural Areas,Open area,Vehicle Defect,No,Grievous Injury,Others,Uncontrolled,Not Applicable,NH,Bitumen(Tar),Dry,Not Applicable,Fine,NH 48,NH 48 U tourn,14 Km,0.0,0.0
Bengaluru Dist,Nelamangala Rural PS,1.04422e+16,2016,1,2,Road Accidents,Narrow road,Rural Areas,Near a factory industrial area,Human Error,Yes,Damage Only,Side swipe,Not Applicable,Not Applicable,NH,Bitumen(Tar),Not Applicable,Not Applicable,Clear,NH48,0,8KM,0.0,0.0
Bengaluru Dist,Nelamangala Rural PS,1.04422e+16,2016,1,1,Road Accidents,Narrow road,Rural Areas,Near Bus stop,Human Error,No,Grievous Injury,Hit pedestrian,Not Applicable,Not Applicable,NH,Bitumen(Tar),Not Applicable,Not Applicable,Clear,NH4 ROAD,0,6KM,0.0,0.0
Bengaluru Dist,Nelamangala Rural PS,1.04422e+16,2016,1,1,Road Accidents,Narrow road,Rural Areas,Open area,Human Error,No,Simple Injury,Hit pedestrian,No signal lights,Not Applicable,NH,Bitumen(Tar),Not Applicable,Not Applicable,Fine,NH4,THYMAGONDALAU CROSS,0,0.0,0.0
Bengaluru Dist,Nelamangala Rural PS,1.04422e+16,2016,1,1,Road Accidents,Narrow road,Rural Areas,Open area,Human Error,No,Damage Only,Skidding or Self accident,Not Applicable,Not Applicable,NH,Bitumen(Tar),Dry,Not Applicable,Fine,NH4,NERA JAIHIND  HOTEL,0,0.0,0.0
Bengaluru Dist,Nelamangala Rural PS,1.04422e+16,2016,1,1,Road Accidents,Narrow road,Rural Areas,Near Bus stop,Not Applicable,No,Grievous Injury,Hit pedestrian,Not Applicable,Not Applicable,NH,Bitumen(Tar),Dry,Not Applicable,Fine,"BANGALORE-TUMKUR NH4 ROAD, JOSSTOLL NEAR RASI GAATE,BYADARAHALLI",0,6 km,0.0,0.0
Bengaluru Dist,Nelamangala Rural PS,1.04422e+16,2016,1,2,Road Accidents,Narrow road,Rural Areas,Near or inside a village,Human Error,No,Damage Only,Rear end,No signal lights,Others,NH,Bitumen(Tar),Dry,Not Applicable,Fine,NH48,0,0,0.0,0.0
Bengaluru Dist,Nelamangala Rural PS,1.04422e+16,2016,1,2,Road Accidents,Cross roads,Rural Areas,Open area,Human Error,No,Grievous Injury,Rear end,Not Applicable,Not Applicable,NH,Bitumen(Tar),Not Applicable,Not Applicable,Fine,NH4 ROAD,0,15KM,0.0,0.0
Bengaluru Dist,Nelamangala Rural PS,1.04422e+16,2016,1,2,Road Accidents,Narrow road,Rural Areas,Near Petrol Pump,Not Applicable,No,Grievous Injury,Rear end,Not at  Junction,Not Applicable,NH,Bitumen(Tar),Dry,Not Applicable,Clear,"BANGALORE-TUMAKUR NH4 ROAD,KIRAN PETROL BUNK, T.BEGUR",0,13km,0.0,0.0
Bengaluru Dist,Nelamangala Rural PS,1.04422e+16,2016,1,1,Road Accidents,Junction,Rural Areas,At pedestrian Crossing,Human Error,Yes,Grievous Injury,Hit pedestrian,Not at  Junction,Others,NH,Bitumen(Tar),Dry,Not Applicable,Fine,NH4,0,0,0.0,0.0
Bengaluru Dist,Nelamangala Rural PS,1.04422e+16,2016,1,2,Road Accidents,Narrow road,Rural Areas,Open area,Not Applicable,Not Applicable,Damage Only,Head on,Not Applicable,Not Applicable,NH,Bitumen(Tar),Dry,Not Applicable,Clear,"elamangala-kunigal NH48 road, near gurugamaradapalya",0,5 km,0.0,0.0
Bengaluru Dist,Nelamangala Rural PS,1.04422e+16,2016,1,1,Road Accidents,Narrow road,Rural Areas,Open area,Human Error,No,Damage Only,Hit animal,Not Applicable,Not Applicable,NH,Bitumen(Tar),Not Applicable,Not Applicable,Clear,NH48,0,7KM,0.0,0.0
Bengaluru Dist,Nelamangala Rural PS,1.04422e+16,2016,1,1,Road Accidents,Narrow road,Rural Areas,Near Bus stop,Human Error,No,Grievous Injury,Hit pedestrian,Not Applicable,Not Applicable,NH,Bitumen(Tar),Not Applicable,Not Applicable,Clear,NH4 ROAD,0,6KM,0.0,0.0
Bengaluru Dist,Nelamangala Rural PS,1.04422e+16,2016,1,2,Road Accidents,Cross roads,Rural Areas,Open area,Human Error,No,Simple Injury,Not Applicable,No signal lights,Not Applicable,NH,Bitumen(Tar),Dry,Not Applicable,Fine,NH4,0,0,0.0,0.0
Bengaluru Dist,Nelamangala Rural PS,1.04422e+16,2016,1,2,Road Accidents,Narrow road,Rural Areas,Near or inside a village,Not Applicable,No,Damage Only,Others,Not Applicable,Not Applicable,State Highway,Bitumen(Tar),Dry,Not Applicable,Fine,"MADURE-DODDBALLAPURA ROAD, GUTTEPALYA",0,13km,0.0,0.0
Bengaluru Dist,Nelamangala Rural PS,1.04422e+16,2016,1,2,Road Accidents,Junction,Rural Areas,Near Petrol Pump,Human Error,No,Damage Only,Head on,No signal lights,Not Applicable,State Highway,Bitumen(Tar),Dry,Not Applicable,Fine,SH74,0,0,0.0,0.0
Bengaluru Dist,Nelamangala Rural PS,1.04422e+16,2016,1,3,Road Accidents,Cross roads,Rural Areas,Near Bus stop,Human Error,No,Damage Only,Rear end,Not Applicable,Not Applicable,NH,Bitumen(Tar),Not Applicable,Not Applicable,Fine,NH4 ROAD,0,15KM,0.0,0.0
Bengaluru Dist,Nelamangala Rural PS,1.04422e+16,2016,1,3,Road Accidents,Junction,Rural Areas,Near Bus stop,Human Error,Yes,Grievous Injury,Overturning,Uncontrolled,Not Applicable,NH,Bitumen(Tar),Dry,Not Applicable,Clear,NH 4,NH 4,15 KM,0.0,0.0
Bengaluru Dist,Nelamangala Rural PS,1.04422e+16,2016,1,2,Road Accidents,Cross roads,Not Applicable,Near or inside a village,Not Applicable,Yes,Grievous Injury,Hit and Run,Not at  Junction,Not Applicable,NH,Bitumen(Tar),Dry,Not Applicable,Fine,NH4,0,8,0.0,0.0
Bengaluru Dist,Nelamangala Rural PS,1.04422e+16,2016,1,2,Road Accidents,Narrow road,Rural Areas,Open area,Not Applicable,No,Grievous Injury,Rear end,Not Applicable,Not Applicable,NH,Bitumen(Tar),Dry,Not Applicable,Fine,"TUMKUR-BANGALORE NH4  ROAD, KULUVANAHALLI LAKE",0,15km,0.0,0.0
Bengaluru Dist,Nelamangala Rural PS,1.04422e+16,2016,1,2,Road Accidents,Narrow road,Rural Areas,Open area,Human Error,Yes,Grievous Injury,Hit and Run,Not Applicable,Not Applicable,NH,Bitumen(Tar),Dry,Not Applicable,Fine,NH48,0,0,0.0,0.0
Bengaluru Dist,Nelamangala Rural PS,1.04422e+16,2016,1,1,Road Accidents,Narrow road,Rural Areas,Near or inside a village,Not Applicable,No,Grievous Injury,Hit pedestrian,Not Applicable,Not Applicable,Others,Bitumen(Tar),Dry,Not Applicable,Clear,"KEMPALINGANAHALLI-YALACHAGERE ROAD, KEMPALINGANAHALLI",0,7km,0.0,0.0
Bengaluru Dist,Nelamangala Rural PS,1.04422e+16,2016,1,1,Road Accidents,Circle,Rural Areas,Near or inside a village,Human Error,No,Fatal,Skidding or Self accident,Not at  Junction,Not Applicable,NH,Bitumen(Tar),Dry,Not Applicable,Clear,NH 4,N H 4,6 KM,0.0,0.0
Bengaluru Dist,Nelamangala Rural PS,1.04422e+16,2016,1,2,Road Accidents,Narrow road,Rural Areas,Open area,Human Error,No,Damage Only,Not Applicable,Not Applicable,Not Applicable,NH,Bitumen(Tar),Dry,Not Applicable,Fine,NH4,NEAR BUS STOP,50FEET,0.0,0.0
Bengaluru Dist,Nelamangala Rural PS,1.04422e+16,2016,1,1,Road Accidents,Narrow road,Rural Areas,Near Bus stop,Human Error,No,Grievous Injury,Hit pedestrian,Not Applicable,Not Applicable,NH,Bitumen(Tar),Not Applicable,Not Applicable,Cloudy,NH48,0,8KM,0.0,0.0
Bengaluru Dist,Nelamangala Rural PS,1.04422e+16,2016,1,2,Road Accidents,Narrow road,Villages settlement,Near or inside a village,Not Applicable,No,Damage Only,Rear end,Not Applicable,Not Applicable,NH,Bitumen(Tar),Dry,Not Applicable,Clear,"BANGALORE TUMKUR NH4 ROAD, KULUVANAHALLI VILLAGE",0,15km,0.0,0.0
Bengaluru Dist,Nelamangala Rural PS,1.04422e+16,2016,1,1,Road Accidents,Narrow road,Rural Areas,Near Bus stop,Human Error,No,Damage Only,Skidding or Self accident,Not Applicable,Not Applicable,State Highway,Bitumen(Tar),Dry,Not Applicable,Fine,SH74,MAILANAHALLI GATE,0,0.0,0.0
Bengaluru Dist,Nelamangala Rural PS,1.04422e+16,2016,1,1,Road Accidents,Narrow road,Rural Areas,Open area,Human Error,Yes,Fatal,Hit pedestrian,Not at  Junction,Not Applicable,Others,Bitumen(Tar),Dry,Not Applicable,Fine,OTHER ROAD,INDIR WARE HOUSE,0,0.0,0.0
Bengaluru Dist,Nelamangala Rural PS,1.04422e+16,2016,1,3,Road Accidents,Narrow road,Rural Areas,Near a factory industrial area,Not Applicable,Yes,Damage Only,Hit and Run,Not Applicable,Not Applicable,NH,Bitumen(Tar),Dry,Not Applicable,Clear,"NELAMANGLA TUMKUR NH4 ROAD, SNOWMAN ICE FACTORY, BOMMANAHALLI,",0,7 Km,0.0,0.0
Bengaluru Dist,Nelamangala Rural PS,1.04422e+16,2016,1,2,Road Accidents,Cross roads,Rural Areas,Near a religious place,Human Error,No,Simple Injury,Head on,Not Applicable,Not Applicable,Others,Bitumen(Tar),Not Applicable,Not Applicable,Clear,OTHER ROAD,0,4KM,0.0,0.0
Bengaluru Dist,Nelamangala Rural PS,1.04422e+16,2016,1,1,Road Accidents,Narrow road,Rural Areas,Open area,Human Error,Yes,Simple Injury,Hit and Run,Not Applicable,Not Applicable,Village Road,Kutcha,Not Applicable,Not Applicable,Clear,VILLAGE ROAD,0,15KM,0.0,0.0
Bengaluru Dist,Nelamangala Rural PS,1.04422e+16,2016,1,1,Road Accidents,Narrow road,Rural Areas,Near Petrol Pump,Not Applicable,No,Grievous Injury,Hit pedestrian,Not Applicable,Not Applicable,NH,Bitumen(Tar),Dry,Not Applicable,Clear,"TUMKUR-BANGALORE NH4 ROAD, BHUVANESWARI PETROL BUNK",0,9 KM,0.0,0.0
Bengaluru Dist,Nelamangala Rural PS,1.04422e+16,2016,1,2,Road Accidents,Cross roads,Rural Areas,Open area,Human Error,No,Damage Only,Right Turn Collision,Not Applicable,Others,NH,Bitumen(Tar),Dry,Not Applicable,Clear,Thumkur- Bangalore Road,NH 4,12  Km,0.0,0.0
Bengaluru Dist,Nelamangala Rural PS,1.04422e+16,2016,1,2,Road Accidents,Narrow road,Rural Areas,Near a factory industrial area,Human Error,Yes,Simple Injury,Hit and Run,Not Applicable,Not Applicable,NH,Bitumen(Tar),Not Applicable,Not Applicable,Clear,NH4 ROAD,0,15KM,0.0,0.0
Bengaluru Dist,Nelamangala Rural PS,1.04422e+16,2016,1,2,Road Accidents,Not Applicable,Rural Areas,Open area,Human Error,No,Grievous Injury,Rear end,Not Applicable,Not Applicable,NH,Bitumen(Tar),Not Applicable,Not Applicable,Cloudy,NH4 ROAD,0,7KM,0.0,0.0
Bengaluru Dist,Nelamangala Rural PS,1.04422e+16,2016,1,2,Road Accidents,Narrow road,Rural Areas,Open area,Not Applicable,No,Grievous Injury,Rear end,Not Applicable,Not Applicable,NH,Bitumen(Tar),Dry,Not Applicable,Clear,"TUMKUR-BANGALORE NH4 ROAD, NEAR DODDERI  VILLAGE",0,12km,0.0,0.0
Bengaluru Dist,Nelamangala Rural PS,1.04422e+16,2016,1,2,Road Accidents,Narrow road,Rural Areas,Open area,Not Applicable,Yes,Grievous Injury,Hit and Run,Not Applicable,Not Applicable,NH,Bitumen(Tar),Dry,Not Applicable,Clear,"NEAR JOSSTOLL, NEL-TUMKUR NH4 ROAD",0,6km,0.0,0.0
Bengaluru Dist,Nelamangala Rural PS,1.04422e+16,2016,1,1,Road Accidents,Other,Rural Areas,Near or inside a village,Not Applicable,Not Applicable,Fatal,Hit pedestrian,Not at  Junction,Not Applicable,NH,Bitumen(Tar),Dry,Not Applicable,Fine,NH48,0,5,0.0,0.0
Bengaluru Dist,Nelamangala Rural PS,1.04422e+16,2016,1,2,Road Accidents,Junction,Rural Areas,At pedestrian Crossing,Human Error,No,Damage Only,Rear end,No signal lights,Not Applicable,NH,Bitumen(Tar),Dry,Not Applicable,Fine,NH4,0,0,0.0,0.0
Bengaluru Dist,Nelamangala Rural PS,1.04422e+16,2016,1,1,Road Accidents,Narrow road,Rural Areas,Near Petrol Pump,Human Error,No,Grievous Injury,Skidding or Self accident,Not Applicable,Not Applicable,NH,Bitumen(Tar),Not Applicable,Not Applicable,Light Rain,NH4 ROAD,0,10 KM,0.0,0.0
Bengaluru Dist,Nelamangala Rural PS,1.04422e+16,2016,1,2,Road Accidents,Narrow road,Rural Areas,Open area,Human Error,No,Grievous Injury,Head on,No signal lights,Not Applicable,Others,Bitumen(Tar),Dry,Not Applicable,Fine,other,0,0,0.0,0.0
Bengaluru Dist,Nelamangala Rural PS,1.04422e+16,2016,1,1,Road Accidents,Narrow road,Rural Areas,Open area,Human Error,No,Fatal,Not Applicable,Not at  Junction,Not Applicable,NH,Bitumen(Tar),Dry,Not Applicable,Fine,NH48,0,0,0.0,0.0
Bengaluru Dist,Nelamangala Rural PS,1.04422e+16,2016,1,1,Road Accidents,Narrow road,Rural Areas,Near a factory industrial area,Human Error,No,Damage Only,Side impact or Right angle,Not Applicable,Not Applicable,NH,Bitumen(Tar),Not Applicable,Not Applicable,Clear,NH4,0,10KM,0.0,0.0
Bengaluru Dist,Nelamangala Rural PS,1.04422e+16,2016,1,2,Road Accidents,Narrow road,Rural Areas,Open area,Human Error,Yes,Fatal,Not Applicable,Not Applicable,Not Applicable,NH,Bitumen(Tar),Dry,Not Applicable,Fine,NH4,0,0,0.0,0.0
Bengaluru Dist,Nelamangala Rural PS,1.04422e+16,2016,1,2,Road Accidents,Narrow road,Rural Areas,Open area,Not Applicable,No,Grievous Injury,Rear end,Not Applicable,Not Applicable,NH,Bitumen(Tar),Dry,Not Applicable,Fine,"BANGALORE-TUMKUR NH4 ROAD, BHUDHIHAL GATE",0,8KM,0.0,0.0
Bengaluru Dist,Nelamangala Rural PS,1.04422e+16,2016,1,2,Road Accidents,Cross roads,Rural Areas,Open area,Human Error,No,Grievous Injury,Rear end,Not Applicable,Not Applicable,NH,Bitumen(Tar),Not Applicable,Not Applicable,Fine,nh4 road,0,15 km,0.0,0.0
Bengaluru Dist,Nelamangala Rural PS,1.04422e+16,2016,1,2,Road Accidents,Narrow road,Rural Areas,Near Bus stop,Human Error,No,Grievous Injury,Side swipe,Not at  Junction,Not Applicable,NH,Bitumen(Tar),Dry,Not Applicable,Fine,NH4,0,0,0.0,0.0
Bengaluru Dist,Nelamangala Rural PS,1.04422e+16,2016,1,2,Road Accidents,Cross roads,Rural Areas,Near Bus stop,Human Error,No,Fatal,Not Applicable,Not at  Junction,Not Applicable,NH,Bitumen(Tar),Dry,Not Applicable,Fine,NH4,TONACHINAKUPPE NEAR,0,0.0,0.0
Bengaluru Dist,Nelamangala Rural PS,1.04422e+16,2016,1,2,Road Accidents,Narrow road,Rural Areas,Open area,Human Error,No,Grievous Injury,Head on,Not Applicable,Not Applicable,NH,Bitumen(Tar),Not Applicable,Not Applicable,Clear,Rural Areas,0,12 km,0.0,0.0
Bengaluru Dist,Nelamangala Rural PS,1.04422e+16,2016,1,1,Road Accidents,Narrow road,Rural Areas,Near Bus stop,Not Applicable,Not Applicable,Damage Only,Skidding or Self accident,Not Applicable,Not Applicable,NH,Bitumen(Tar),Dry,Not Applicable,Fine,TUMAKUR-BANGALORE NH4 HUCHEGOWDANAPALYA GEAT,0,14km,0.0,0.0
Bengaluru Dist,Nelamangala Rural PS,1.04422e+16,2016,1,2,Road Accidents,Narrow road,Rural Areas,Near a factory industrial area,Human Error,No,Damage Only,Rear end,Not Applicable,Not Applicable,NH,Bitumen(Tar),Not Applicable,Not Applicable,Fine,NH4,0,6KM,0.0,0.0
Bengaluru Dist,Nelamangala Rural PS,1.04422e+16,2016,1,1,Road Accidents,Narrow road,Villages settlement,Residential area,Not Applicable,No,Grievous Injury,Rear end,Not Applicable,Not Applicable,Village Road,Bitumen(Tar),Dry,Not Applicable,Clear,"HOSAPALYA ROAD, NEAR JAYAMMA LAND,HOSAPALYA",0,10km,0.0,0.0
Bengaluru Dist,Nelamangala Rural PS,1.04422e+16,2016,1,2,Road Accidents,Narrow road,Rural Areas,Near or inside a village,Not Applicable,No,Damage Only,Others,Not Applicable,Not Applicable,NH,Bitumen(Tar),Dry,Not Applicable,Fine,"BANGALORE-TUMAKUR NH4 ROAD, NEAR THIPPAGONDANAHALLI,",0,15km,0.0,0.0
Bengaluru Dist,Nelamangala Rural PS,1.04422e+16,2016,1,2,Road Accidents,Narrow road,Rural Areas,Near Petrol Pump,Human Error,No,Grievous Injury,Others,Not at  Junction,Others,State Highway,Bitumen(Tar),Dry,Not Applicable,Fine,SH74,ISLAMPURA GATE,0,0.0,0.0
Bengaluru Dist,Nelamangala Rural PS,1.04422e+16,2016,1,1,Road Accidents,Narrow road,Rural Areas,Residential area,Human Error,No,Grievous Injury,Hit pedestrian,Not Applicable,Not Applicable,NH,Bitumen(Tar),Not Applicable,Not Applicable,Fine,NH48 ROAD,0,8KM,0.0,0.0
Bengaluru Dist,Nelamangala Rural PS,1.04422e+16,2016,1,2,Road Accidents,Narrow road,Rural Areas,Near or inside a village,Not Applicable,No,Damage Only,Head on,Not Applicable,Not Applicable,NH,Bitumen(Tar),Dry,Not Applicable,Fine,"BANGALORE-TUMAKUR NH4 ROAD,PRAVASI DHABHA, THONACHINAKUPPE VILLAGE",0,11km,0.0,0.0
Bengaluru Dist,Nelamangala Rural PS,1.04422e+16,2016,1,1,Road Accidents,Narrow road,Rural Areas,Near or inside a village,Not Applicable,Not Applicable,Fatal,Skidding or Self accident,Not at  Junction,Not Applicable,Village Road,Bitumen(Tar),Dry,Pot holed,Fine,Village Road,0,16,0.0,0.0
Bengaluru Dist,Nelamangala Rural PS,1.04422e+16,2016,1,2,Rail Road Accidents,Narrow road,Rural Areas,Open area,Human Error,Yes,Simple Injury,Hit and Run,Not Applicable,Not Applicable,NH,Bitumen(Tar),Not Applicable,Not Applicable,Clear,N,0,10KM,0.0,0.0
Bengaluru Dist,Nelamangala Rural PS,1.04422e+16,2016,1,2,Road Accidents,Narrow road,Rural Areas,Open area,Not Applicable,No,Simple Injury,Rear end,Not Applicable,Not Applicable,NH,Bitumen(Tar),Dry,Not Applicable,Clear,"TUMAKUR-BANGALORE NH4 ROAD, NEAR BUDHIHALGATE",0,10km,0.0,0.0
Bengaluru Dist,Nelamangala Rural PS,1.04422e+16,2016,1,1,Road Accidents,Narrow road,Rural Areas,Open area,Human Error,Yes,Grievous Injury,Hit pedestrian,Not Applicable,Not Applicable,NH,Bitumen(Tar),Not Applicable,Not Applicable,Clear,NH4,0,15KM,0.0,0.0
Bengaluru Dist,Nelamangala Rural PS,1.04422e+16,2016,1,1,Road Accidents,Cross roads,Rural Areas,At pedestrian Crossing,Human Error,No,Fatal,Hit and Run,Not Applicable,Not Applicable,NH,Bitumen(Tar),Not Applicable,Not Applicable,Very Cold,NH4 ROAD,0,8KM,0.0,0.0
Bengaluru Dist,Nelamangala Rural PS,1.04422e+16,2017,1,1,Road Accidents,Not Applicable,Rural Areas,Open area,Human Error,Not Applicable,Grievous Injury,Skidding or Self accident,Not at  Junction,Not Applicable,Village Road,Bitumen(Tar),Not Applicable,Not Applicable,Clear,village area,0,7km,0.0,0.0
Bengaluru Dist,Nelamangala Rural PS,1.04422e+16,2017,1,3,Road Accidents,Narrow road,Rural Areas,Open area,Human Error,Yes,Grievous Injury,Head on,Not Applicable,Others,Others,Bitumen(Tar),Dry,Not Applicable,Fine,other,0,0,0.0,0.0
Bengaluru Dist,Nelamangala Rural PS,1.04422e+16,2017,1,1,Road Accidents,Cross roads,Rural Areas,Open area,Human Error,Yes,Grievous Injury,Hit and Run,Not at  Junction,Slight Curve,Village Road,Bitumen(Tar),Not Applicable,Not Applicable,Clear,village area,0,9km,0.0,0.0
Bengaluru Dist,Nelamangala Rural PS,1.04422e+16,2017,1,2,Road Accidents,Narrow road,Rural Areas,Open area,Human Error,Yes,Simple Injury,Hit and Run,Not Applicable,Others,Others,Bitumen(Tar),Dry,Not Applicable,Fine,Other,0,0,0.0,0.0
Bengaluru Dist,Nelamangala Rural PS,1.04422e+16,2017,1,2,Road Accidents,Bridge,Rural Areas,Narrow bridge or culverts,Not Applicable,Not Applicable,Damage Only,Overturning,Not at  Junction,Curve,State Highway,Bitumen(Tar),Not Applicable,Not Applicable,Clear,others Road,0,6 km,0.0,0.0
Bengaluru Dist,Nelamangala Rural PS,1.04422e+16,2017,1,1,Road Accidents,Narrow road,Rural Areas,Open area,Human Error,No,Grievous Injury,Others,Not Applicable,Others,Others,Bitumen(Tar),Dry,Not Applicable,Fine,Other,Near shaneswara temple,50feet,0.0,0.0
Bengaluru Dist,Nelamangala Rural PS,1.04422e+16,2017,1,2,Road Accidents,Narrow road,Rural Areas,Open area,Human Error,Yes,Grievous Injury,Rear end,Not at  Junction,Others,Others,Bitumen(Tar),Dry,Not Applicable,Fine,Other,Patelappa Farm,0,0.0,0.0
Bengaluru Dist,Nelamangala Rural PS,1.04422e+16,2017,1,1,Road Accidents,Narrow road,Rural Areas,Open area,Human Error,No,Damage Only,Not Applicable,Not at  Junction,Not Applicable,Village Road,Bitumen(Tar),Dry,Not Applicable,Fine,Village Road,0,0,0.0,0.0
Bengaluru Dist,Nelamangala Rural PS,1.04422e+16,2017,1,1,Road Accidents,Not Applicable,Rural Areas,Open area,Not Applicable,Not Applicable,Fatal,Not Applicable,Not Applicable,Others,Not Applicable,Not Applicable,Others,Not Applicable,Not Applicable,Rural Area,Lakkasandra Lake Road,10,0.0,0.0
Bengaluru Dist,Nelamangala Rural PS,1.04422e+16,2017,1,1,Road Accidents,Offset,Rural Areas,Open area,Human Error,No,Damage Only,Others,Not Applicable,Not Applicable,Others,Kutcha,Dry,Not Applicable,Not Applicable,lake Road,0,0,0.0,0.0
Bengaluru Dist,Nelamangala Rural PS,1.04422e+16,2017,1,1,Road Accidents,Narrow road,Rural Areas,Near a religious place,Human Error,Yes,Grievous Injury,Hit and Run,Not Applicable,Not Applicable,Others,Kutcha,Not Applicable,Not Applicable,Not Applicable,village Road,0,13km,0.0,0.0
Bengaluru Dist,Nelamangala Rural PS,1.04422e+16,2017,1,2,Road Accidents,Narrow road,Not Applicable,Open area,Human Error,No,Damage Only,Head on,Not Applicable,Not Applicable,NH,Bitumen(Tar),Dry,Not Applicable,Fine,other,gangaragulipura,0,0.0,0.0
Bengaluru Dist,Nelamangala Rural PS,1.04422e+16,2017,1,1,Road Accidents,Other,Rural Areas,Open area,Not Applicable,Not Applicable,Fatal,Skidding or Self accident,Not Applicable,Not Applicable,Village Road,Not Applicable,Not Applicable,Not Applicable,Not Applicable,Nelamangala Madhure road,Muneshwara Enclav,8 Km,0.0,0.0
Bengaluru Dist,Nelamangala Rural PS,1.04422e+16,2017,1,2,Road Accidents,Narrow road,Rural Areas,Open area,Human Error,No,Grievous Injury,Not Applicable,Not at  Junction,Not Applicable,State Highway,Bitumen(Tar),Dry,Not Applicable,Fine,SH74,Near Guttepalya,0,0.0,0.0
Bengaluru Dist,Nelamangala Rural PS,1.04422e+16,2017,1,2,Road Accidents,Narrow road,Rural Areas,Open area,Human Error,Yes,Simple Injury,Not Applicable,No signal lights,Not Applicable,Others,Bitumen(Tar),Dry,Not Applicable,Fine,other,0,0,0.0,0.0
Bengaluru Dist,Nelamangala Rural PS,1.04422e+16,2017,1,1,Rail Road Accidents,Narrow road,Rural Areas,Near Bus stop,Human Error,No,Grievous Injury,Hit pedestrian,Not Applicable,Not Applicable,Others,Bitumen(Tar),Dry,Not Applicable,Fine,OTHER ROAD,KEMPALINGANAHALLI BUS STOP,0,0.0,0.0
Bengaluru Dist,Nelamangala Rural PS,1.04422e+16,2017,1,1,Road Accidents,Narrow road,Rural Areas,Open area,Human Error,Yes,Grievous Injury,Drowned,Not Applicable,Not Applicable,Others,Bitumen(Tar),Not Applicable,Not Applicable,Clear,OTHERS ROAD,0,5KM,0.0,0.0
Bengaluru Dist,Nelamangala Rural PS,1.04422e+16,2017,1,2,Road Accidents,Narrow road,Rural Areas,Open area,Human Error,No,Grievous Injury,Rear end,Not at  Junction,Others,Others,Bitumen(Tar),Dry,Not Applicable,Fine,other Road,New gardan city lay out,200,0.0,0.0
Bengaluru Dist,Nelamangala Rural PS,1.04422e+16,2017,1,1,Road Accidents,Narrow road,Rural Areas,Open area,Human Error,No,Simple Injury,Head on,Not Applicable,Not Applicable,State Highway,Bitumen(Tar),Not Applicable,Not Applicable,Clear,state High way,0,8km,0.0,0.0
Bengaluru Dist,Nelamangala Rural PS,1.04422e+16,2017,1,1,Road Accidents,Not Applicable,Rural Areas,Open area,Human Error,No,Grievous Injury,Hit pedestrian,Not Applicable,Others,Others,Concrete,Dry,Not Applicable,Fine,other,Near Anjaneyaswamy temple,15,0.0,0.0
Bengaluru Dist,Nelamangala Rural PS,1.04422e+16,2017,1,2,Road Accidents,Narrow road,Rural Areas,Near a factory industrial area,Human Error,No,Grievous Injury,Others,Not at  Junction,Not Applicable,Others,Bitumen(Tar),Dry,Not Applicable,Fine,Rural,Hamsan factory,80 fee,0.0,0.0
Bengaluru Dist,Nelamangala Rural PS,1.04422e+16,2017,1,1,Road Accidents,Narrow road,Rural Areas,Open area,Human Error,No,Damage Only,Others,Not Applicable,Not Applicable,Others,Bitumen(Tar),Dry,Not Applicable,Fine,other Road,krisnanappa farm,0,0.0,0.0
Bengaluru Dist,Nelamangala Rural PS,1.04422e+16,2017,1,1,Road Accidents,Narrow road,Rural Areas,Near or inside a village,Human Error,Not Applicable,Fatal,Not Applicable,Not Applicable,Others,Village Road,Bitumen(Tar),Others,Not Applicable,Clear,"Near Kempalinganahalli Railway brigde, Nelamangala Taluk",Near Railway Bridge,8,0.0,0.0
Bengaluru Dist,Nelamangala Rural PS,1.04422e+16,2017,1,2,Road Accidents,Cross roads,Villages settlement,Open area,Human Error,No,Fatal,Head on,Not Applicable,Not Applicable,Village Road,Bitumen(Tar),Not Applicable,Not Applicable,Clear,village Road,0,0,0.0,0.0
Bengaluru Dist,Nelamangala Rural PS,1.04422e+16,2017,1,2,Road Accidents,Narrow road,Rural Areas,Open area,Human Error,Yes,Simple Injury,Others,Not Applicable,Not Applicable,Village Road,Bitumen(Tar),Dry,Not Applicable,Fine,other,gandagulipura gate,15,0.0,0.0
Bengaluru Dist,Nelamangala Rural PS,1.04422e+16,2017,1,1,Road Accidents,Narrow road,Rural Areas,Open area,Not Applicable,Not Applicable,Fatal,Others,Not Applicable,Not Applicable,Village Road,Not Applicable,Not Applicable,Not Applicable,Clear,village Road,village Road,8 Km,0.0,0.0
Bengaluru Dist,Nelamangala Rural PS,1.04422e+16,2017,1,2,Road Accidents,Not Applicable,Rural Areas,Open area,Human Error,Yes,Simple Injury,Hit and Run,Not at  Junction,Others,Others,Bitumen(Tar),Dry,Not Applicable,Fine,Other,Sowmya Farm,100fee,0.0,0.0
Bengaluru Dist,Nelamangala Rural PS,1.04422e+16,2017,1,2,Road Accidents,Narrow road,Rural Areas,Open area,Human Error,No,Grievous Injury,Others,Not Applicable,Not Applicable,Others,Bitumen(Tar),Dry,Not Applicable,Others,Rural  Road,Near Happay Home,50feet,0.0,0.0
Bengaluru Dist,Nelamangala Rural PS,1.04422e+16,2017,1,1,Road Accidents,Circle,Rural Areas,Open area,Human Error,Yes,Grievous Injury,Hit pedestrian,Not at  Junction,Not Applicable,Others,Bitumen(Tar),Dry,Not Applicable,Fine,Nelamangala Tavarekere Road,Mantanajkurchi Gate,500ft,0.0,0.0