DISTRICTNAME,UNITNAME,Crime_No,Year,RI,Noofvehicle_involved,Accident_Classification,Accident_Spot,Accident_Location,Accident_SubLocation,Main_Cause,Hit_Run,Severity,Collision_Type,Junction_Control,Road_Character,Road_Type,Surface_Type,Surface_Condition,Road_Condition,Weather,Accident_Road,Landmark_first,Distance_LandMark_First,Latitude,Longitude
Bengaluru Dist,Nelamangala Rural PS,1.04422e+16,2018,1,2,Road Accidents,Narrow road,Rural Areas,Open area,Human Error,No,Damage Only,Not Applicable,Not Applicable,Not Applicable,Village Road,Bitumen(Tar),Dry,Not Applicable,Fine,Rural  Road,Near karly Factory,500ft,0.0,0.0
Bengaluru Dist,Nelamangala Rural PS,1.04422e+16,2018,1,2,Road Accidents,Other,Rural Areas,Residential area,Human Error,Yes,Grievous Injury,Not Applicable,Not Applicable,Not Applicable,Others,Bitumen(Tar),Dry,Not Applicable,Fine,rural,0,0,0.0,0.0
Bengaluru Dist,Nelamangala Rural PS,1.04422e+16,2018,1,2,Road Accidents,Cross roads,Rural Areas,Open area,Human Error,Yes,Fatal,Rear end,Not Applicable,Not Applicable,Village Road,Bitumen(Tar),Not Applicable,Not Applicable,Clear,village Road,0,0,0.0,0.0
Bengaluru Dist,Nelamangala Rural PS,1.04422e+16,2018,1,2,Road Accidents,Cross roads,Rural Areas,Near School or College,Human Error,No,Damage Only,Not Applicable,Not Applicable,Curve,Others,Bitumen(Tar),Dry,Not Applicable,Fine,other,govt school,50,0.0,0.0
Bengaluru Dist,Nelamangala Rural PS,1.04422e+16,2018,1,1,Road Accidents,Narrow road,Rural Areas,Open area,Not Applicable,Not Applicable,Fatal,Not Applicable,Not Applicable,Not Applicable,Village Road,Not Applicable,Not Applicable,No influence on accident,Not Applicable,village Road,Asent County Layout,03 KM,0.0,0.0
Bengaluru Dist,Nelamangala Rural PS,1.04422e+16,2018,1,2,Road Accidents,Narrow road,Rural Areas,Near Petrol Pump,Human Error,No,Grievous Injury,Rear end,Not Applicable,Not Applicable,Others,Bitumen(Tar),Dry,Not Applicable,Fine,other,petroal bunk,50,0.0,0.0
Bengaluru Dist,Nelamangala Rural PS,1.04422e+16,2018,1,1,Not Applicable,Not Applicable,Not Applicable,Near a factory industrial area,Human Error,No,Fatal,Not Applicable,Not Applicable,Not Applicable,Others,Bitumen(Tar),Not Applicable,Not Applicable,Clear,Industrial Area,0,0,0.0,0.0
Bengaluru Dist,Nelamangala Rural PS,1.04422e+16,2018,1,1,Road Accidents,Narrow road,Rural Areas,Open area,Human Error,Yes,Grievous Injury,Rear end,No signal lights,Not Applicable,Others,Bitumen(Tar),Dry,Not Applicable,Fine,other,0,0,0.0,0.0
Bengaluru Dist,Nelamangala Rural PS,1.04422e+16,2018,1,2,Road Accidents,Narrow road,Rural Areas,Open area,Human Error,Yes,Grievous Injury,Others,Not Applicable,Not Applicable,Others,Bitumen(Tar),Dry,Not Applicable,Fine,other,Hamsan factory,100mt,0.0,0.0
Bengaluru Dist,Nelamangala Rural PS,1.04422e+16,2018,1,2,Road Accidents,Junction,Rural Areas,Open area,Human Error,No,Grievous Injury,Others,No signal lights,Others,State Highway,Bitumen(Tar),Dry,Not Applicable,Fine,State Highway,kudurasthe,0,0.0,0.0
Bengaluru Dist,Nelamangala Rural PS,1.04422e+16,2018,1,1,Road Accidents,Narrow road,Rural Areas,Open area,Human Error,No,Simple Injury,Rear end,Not Applicable,Not Applicable,State Highway,Bitumen(Tar),Dry,Not Applicable,Fine,State Highway,Bhadhraiah land Near,100fee,0.0,0.0
Bengaluru Dist,Nelamangala Rural PS,1.04422e+16,2018,1,2,Road Accidents,Narrow road,Rural Areas,Near Bus stop,Human Error,No,Damage Only,Head on,Not Applicable,Not Applicable,State Highway,Bitumen(Tar),Not Applicable,Not Applicable,Fine,State HIghway,0,12km,0.0,0.0
Bengaluru Dist,Nelamangala Rural PS,1.04422e+16,2018,1,2,Road Accidents,Narrow road,Rural Areas,Near Petrol Pump,Human Error,Yes,Grievous Injury,Others,Not Applicable,Not Applicable,One way,Bitumen(Tar),Dry,Not Applicable,Fine,Rural  Road,0,0,0.0,0.0
Bengaluru Dist,Nelamangala Rural PS,1.04422e+16,2018,1,1,Road Accidents,Narrow road,Rural Areas,Open area,Human Error,No,Grievous Injury,Not Applicable,Not Applicable,Others,Village Road,Bitumen(Tar),Dry,Not Applicable,Fine,other,0,0,0.0,0.0
Bengaluru Dist,Nelamangala Rural PS,1.04422e+16,2018,1,1,Road Accidents,Other,Rural Areas,Near a factory industrial area,Human Error,No,Grievous Injury,Hit pedestrian,Not Applicable,Not Applicable,Others,Bitumen(Tar),Dry,Not Applicable,Fine,Rural  Road,0,0,0.0,0.0
Bengaluru Dist,Nelamangala Rural PS,1.04422e+16,2018,1,1,Road Accidents,Narrow road,Rural Areas,Near Bus stop,Human Error,No,Grievous Injury,Not Applicable,Not at  Junction,Not Applicable,Others,Bitumen(Tar),Dry,Not Applicable,Fine,other Road,0,0,0.0,0.0
Bengaluru Dist,Nelamangala Rural PS,1.04422e+16,2018,1,1,Road Accidents,Cross roads,Rural Areas,Open area,Not Applicable,No,Fatal,Side swipe,Not Applicable,Curve,Village Road,Bitumen(Tar),Not Applicable,Not Applicable,Clear,village Road,0,8 km,0.0,0.0
Bengaluru Dist,Nelamangala Rural PS,1.04422e+16,2018,1,2,Road Accidents,Narrow road,Rural Areas,Open area,Human Error,Yes,Grievous Injury,Rear end,Not Applicable,Others,State Highway,Bitumen(Tar),Dry,Not Applicable,Fine,SH 74,Ranganatah chikan center,50feet,0.0,0.0
Bengaluru Dist,Nelamangala Rural PS,1.04422e+16,2018,1,2,Road Accidents,Narrow road,Rural Areas,Open area,Human Error,No,Grievous Injury,Not Applicable,Not Applicable,Not Applicable,Others,Bitumen(Tar),Dry,Not Applicable,Fine,other Road,0,0,0.0,0.0
Bengaluru Dist,Nelamangala Rural PS,1.04422e+16,2018,1,1,Road Accidents,Narrow road,Rural Areas,Open area,Human Error,No,Grievous Injury,Hit pedestrian,Not at  Junction,Not Applicable,State Highway,Bitumen(Tar),Dry,Not Applicable,Fine,SH,Near Malaku cross,100,0.0,0.0
Bengaluru Dist,Nelamangala Rural PS,1.04422e+16,2018,1,1,Road Accidents,Narrow road,Rural Areas,Open area,Not Applicable,Yes,Not Applicable,Others,Not Applicable,Not Applicable,State Highway,Bitumen(Tar),Dry,Not Applicable,Fine,SH,Near Thimmegowda Home,0,0.0,0.0
Bengaluru Dist,Nelamangala Rural PS,1.04422e+16,2018,1,1,Road Accidents,Narrow road,Rural Areas,Open area,Human Error,Yes,Grievous Injury,Not Applicable,Not Applicable,Others,Major District Road,Bitumen(Tar),Dry,Not Applicable,Fine,Rural Road,0,0,0.0,0.0
Bengaluru Dist,Nelamangala Rural PS,1.04422e+16,2018,1,2,Road Accidents,Narrow road,Rural Areas,Near Petrol Pump,Human Error,No,Grievous Injury,Others,Not Applicable,Not Applicable,Others,Bitumen(Tar),Dry,Not Applicable,Fine,other road,Essar petroal bunk,3,0.0,0.0
Bengaluru Dist,Nelamangala Rural PS,1.04422e+16,2018,1,1,Road Accidents,Narrow road,Rural Areas,Near Bus stop,Human Error,No,Grievous Injury,Hit pedestrian,Not Applicable,Not Applicable,State Highway,Bitumen(Tar),Dry,Not Applicable,Fine,State Highway,Near bus stop,0,0.0,0.0
Bengaluru Dist,Nelamangala Rural PS,1.04422e+16,2018,1,1,Road Accidents,Narrow road,Rural Areas,Open area,Human Error,No,Grievous Injury,Side swipe,Not Applicable,Not Applicable,State Highway,Bitumen(Tar),Dry,Not Applicable,Fine,State Highway,0,0,0.0,0.0
Bengaluru Dist,Nelamangala Rural PS,1.04422e+16,2018,1,2,Road Accidents,Narrow road,Rural Areas,Near Bus stop,Human Error,No,Grievous Injury,Rear end,Not at  Junction,Not Applicable,State Highway,Bitumen(Tar),Dry,Not Applicable,Fine,State Highway,0,0,0.0,0.0
Bengaluru Dist,Nelamangala Rural PS,1.04422e+16,2018,1,1,Road Accidents,Narrow road,Rural Areas,Open area,Human Error,No,Grievous Injury,Skidding or Self accident,Not Applicable,Not Applicable,State Highway,Bitumen(Tar),Dry,Not Applicable,Fine,State Highway,0,0,0.0,0.0
Bengaluru Dist,Nelamangala Rural PS,1.04422e+16,2018,1,1,Road Accidents,Narrow road,Rural Areas,Open area,Human Error,No,Simple Injury,Side swipe,Not Applicable,Not Applicable,Others,Bitumen(Tar),Dry,Not Applicable,Fine,other,tarbotack factory,100met,0.0,0.0
Bengaluru Dist,Nelamangala Rural PS,1.04422e+16,2018,1,2,Road Accidents,T Junction,Rural Areas,Open area,Human Error,No,Grievous Injury,Rear end,No signal lights,Not Applicable,Village Road,Bitumen(Tar),Dry,Not Applicable,Fine,Rural  Road,0,0,0.0,0.0
Bengaluru Dist,Nelamangala Rural PS,1.04422e+16,2019,1,1,Road Accidents,Curves,Rural Areas,Open area,Human Error,No,Grievous Injury,Hit pedestrian,Not Applicable,Curve,Others,Bitumen(Tar),Dry,Not Applicable,Fine,other,0,0,13.068802,77.3623029
Bengaluru Dist,Nelamangala Rural PS,1.04422e+16,2019,1,1,Road Accidents,Narrow road,Rural Areas,Open area,Human Error,No,Grievous Injury,Hit pedestrian,Not at  Junction,Straight and flat,Minor District Road,Bitumen(Tar),Dry,No influence on accident,Clear,Nelamangal Banavadi road,elecrict poll,10,13.096523,77.324242
Bengaluru Dist,Nelamangala Rural PS,1.04422e+16,2019,1,1,Road Accidents,Narrow road,Rural Areas,Near Petrol Pump,Human Error,No,Grievous Injury,Hit pedestrian,Signals (Not working),Straight and flat,Minor District Road,Bitumen(Tar),Dry,No influence on accident,Fine,other,essar petrolbunk,100,13.071522,77.393955
Bengaluru Dist,Nelamangala Rural PS,1.04422e+16,2019,1,2,Road Accidents,Cross roads,Rural Areas,Residential area,Human Error,No,Grievous Injury,Vehicle to Vehicle,Not at  Junction,Curve,State Highway,Bitumen(Tar),Dry,No influence on accident,Clear,Nelamangala-Db Pura Road,Near Green City Leout,8 Km T,13.030425,77.349055
Bengaluru Dist,Nelamangala Rural PS,1.04422e+16,2019,1,2,Road Accidents,Narrow road,Rural Areas,Near Bus stop,Human Error,Yes,Grievous Injury,Vehicle to Vehicle,Not at  Junction,Others,State Highway,Bitumen(Tar),Dry,Not Applicable,Fine,SH 74,Hyadalu Bus stand,100mt,13.13967,77.410214
Bengaluru Dist,Nelamangala Rural PS,1.04422e+16,2019,1,2,Road Accidents,Narrow road,Rural Areas,Open area,Human Error,No,Fatal,Vehicle to Vehicle,Not Applicable,Not Applicable,Others,Bitumen(Tar),Dry,Not Applicable,Fine,other,Mussanje Hotel,20,13.121004,77.392837
Bengaluru Dist,Nelamangala Rural PS,1.04422e+16,2019,1,2,Road Accidents,Junction,Rural Areas,Open area,Human Error,Yes,Grievous Injury,Vehicle to Vehicle,No signal lights,Curve,State Highway,Bitumen(Tar),Dry,Not Applicable,Light Rain,sh,police chowki,15,13.148808,77.413137
Bengaluru Dist,Nelamangala Rural PS,1.04422e+16,2019,1,2,Road Accidents,Narrow road,Rural Areas,Near a factory industrial area,Human Error,Yes,Fatal,Vehicle to Vehicle,Not Applicable,Not Applicable,One way,Bitumen(Tar),Dry,Not Applicable,Others,Village Area,MBT Bricks Factory opp,8km,13.093375,77.3574409
Bengaluru Dist,Nelamangala Rural PS,1.04422e+16,2019,1,2,Road Accidents,Narrow road,Rural Areas,Near or inside a village,Human Error,No,Damage Only,Vehicle to Vehicle,Uncontrolled,Incline,State Highway,Bitumen(Tar),Dry,Drainage Ditch,Clear,Nelamangala-Db Pura Road,Near Railwey Station,12 KM,13.157777,77.411864
Bengaluru Dist,Nelamangala Rural PS,1.04422e+16,2019,1,2,Road Accidents,Narrow road,Rural Areas,Open area,Human Error,Yes,Grievous Injury,Vehicle to Vehicle,Give way sign,Straight and flat,Residential Street,Bitumen(Tar),Dry,No influence on accident,Fine,other,Tata  T gowdan,14 Km,13.165215,77.334015
Bengaluru Dist,Nelamangala Rural PS,1.04422e+16,2019,1,2,Road Accidents,Cross roads,Rural Areas,Open area,Human Error,No,Grievous Injury,Vehicle to Vehicle,Not at  Junction,Curve,Others,Bitumen(Tar),Dry,Not Applicable,Fine,other,0,0,13.148858,77.412363
Bengaluru Dist,Nelamangala Rural PS,1.04422e+16,2019,1,2,Road Accidents,Curves,Rural Areas,Open area,Human Error,No,Grievous Injury,Vehicle to Vehicle,Uncontrolled,Not Applicable,State Highway,Bitumen(Tar),Dry,Not Applicable,Clear,Nelamangala-Db Pura Road,Near Nagaraju House,14 Km,13.149434,77.4131149
Bengaluru Dist,Nelamangala Rural PS,1.04422e+16,2019,1,1,Road Accidents,Narrow road,Rural Areas,Open area,Vehicle Defect,Yes,Damage Only,Not Applicable,Not at  Junction,Straight and flat,Others,Bitumen(Tar),Dry,Not Applicable,Fine,Hurulihalli Road,Near Land,6 Km,13.116334,77.364298
Bengaluru Dist,Nelamangala Rural PS,1.04422e+16,2019,1,1,Road Accidents,Narrow road,Rural Areas,Open area,Human Error,No,Grievous Injury,Hit pedestrian,Not Applicable,Others,Others,Bitumen(Tar),Dry,No influence on accident,Fine,other,Near shailendra House,150ft,13.147052,77.28671
Bengaluru Dist,Nelamangala Rural PS,1.04422e+16,2019,1,2,Road Accidents,Cross roads,Rural Areas,Near or inside a village,Human Error,Yes,Grievous Injury,Hit bicyclist,Signals (Not working),Curve,Minor District Road,Concrete,Dry,No influence on accident,Clear,Nelamangala-Soladevanhalli Road,Near Muninarasaiah Land,12 Km,13.12493,77.397774
Bengaluru Dist,Nelamangala Rural PS,1.04422e+16,2019,1,2,Road Accidents,Narrow road,Rural Areas,Open area,Human Error,No,Grievous Injury,Vehicle to Vehicle,No signal lights,Straight and flat,State Highway,Bitumen(Tar),Dry,No influence on accident,Cloudy,Nelamangala-Db Pura Road,Near Farm House,13 Km,13.158994,77.411992
Bengaluru Dist,Nelamangala Rural PS,1.04422e+16,2019,1,2,Road Accidents,Narrow road,Rural Areas,Near Bus stop,Human Error,No,Grievous Injury,Vehicle to Vehicle,Not at  Junction,Straight and flat,Minor District Road,Bitumen(Tar),Dry,Not Applicable,Fine,other,venkateswara store,50,13.072056,77.394004
Bengaluru Dist,Nelamangala Rural PS,1.04422e+16,2019,1,2,Road Accidents,Narrow road,Rural Areas,Open area,Human Error,Yes,Damage Only,Vehicle to Vehicle,Not at  Junction,Straight and flat,State Highway,Bitumen(Tar),Dry,Pot holed,Light Rain,Nelamangala-Db Pura Road,Moori,5,13.1681,77.412018
Bengaluru Dist,Nelamangala Rural PS,1.04422e+16,2019,1,1,Road Accidents,Narrow road,Rural Areas,Near a factory industrial area,Human Error,No,Grievous Injury,Hit bicyclist,Give way sign,Straight and flat,Minor District Road,Bitumen(Tar),Dry,No influence on accident,Light Rain,"Nelamangala-Banavadai Road,Near  Hanumathegowdana Palya",Near Bricks Factory,9 Km,13.095602,77.381274
Bengaluru Dist,Nelamangala Rural PS,1.04422e+16,2019,1,2,Road Accidents,Narrow road,Rural Areas,Open area,Human Error,No,Grievous Injury,Vehicle to Vehicle,Not at  Junction,Straight and flat,State Highway,Bitumen(Tar),Dry,Pot holed,Clear,Nelamangala-Db Pura Road,Near Farm House,16 Km,13.176561,77.2913839
Bengaluru Dist,Nelamangala Rural PS,1.04422e+16,2019,1,1,Road Accidents,Cross roads,Rural Areas,Narrow bridge or culverts,Human Error,No,Grievous Injury,Not Applicable,Not at  Junction,Curve,State Highway,Concrete,Dry,Not Applicable,Clear,Nelamangala-Db Pura Road,Gollahalli Railwe Bridge,12 Km,13.148228,77.411876
Bengaluru Dist,Nelamangala Rural PS,1.04422e+16,2019,1,2,Road Accidents,Narrow road,Rural Areas,Open area,Human Error,No,Fatal,Vehicle to Vehicle,Not Applicable,Not Applicable,One way,Bitumen(Tar),Not Applicable,Not Applicable,Clear,Rural Areas,0,9 km,13.182926,77.386007
Bengaluru Dist,Nelamangala Rural PS,1.04422e+16,2019,1,2,Road Accidents,Narrow road,Rural Areas,Open area,Human Error,Yes,Simple Injury,Vehicle to Vehicle,Not Applicable,Others,State Highway,Bitumen(Tar),Dry,No influence on accident,Fine,sh,Mailanahalli gate,20,13.148445,77.3390219
Bengaluru Dist,Nelamangala Rural PS,1.04422e+16,2019,1,2,Road Accidents,Other,Rural Areas,Open area,Human Error,No,Fatal,Not Applicable,Not Applicable,Not Applicable,Village Road,Bitumen(Tar),Not Applicable,Not Applicable,Clear,Nelamangala Doddaballapura Road,Near LG Wear house,8 KM N,13.017061,77.331476
Bengaluru Dist,Nelamangala Rural PS,1.04422e+16,2019,1,2,Road Accidents,Cross roads,Rural Areas,Open area,Human Error,No,Simple Injury,Vehicle to Vehicle,Give way sign,Curve,Others,Bitumen(Tar),Dry,Not Applicable,Clear,Thyamagondlu-T Beguru Road,Near Thimegowda  Gowdan Oppiset,18 Km,13.165725,77.334528
Bengaluru Dist,Nelamangala Rural PS,1.04422e+16,2019,1,1,Road Accidents,Curves,Rural Areas,Open area,Human Error,No,Grievous Injury,Not Applicable,No signal lights,Curve,Others,Bitumen(Tar),Flooded,Not Applicable,Fine,other,near Lakkaiah land,50,13.080986,77.35153
Bengaluru Dist,Nelamangala Rural PS,1.04422e+16,2019,1,2,Road Accidents,Narrow road,Rural Areas,Near or inside a village,Human Error,Yes,Grievous Injury,Vehicle to Vehicle,Not Applicable,Not Applicable,State Highway,Bitumen(Tar),Dry,Not Applicable,Fine,SH,Narayanappa store,50,13.13965,77.409824
Bengaluru Dist,Nelamangala Rural PS,1.04422e+16,2019,1,1,Road Accidents,Narrow road,Rural Areas,Near School or College,Human Error,No,Grievous Injury,Hit bicyclist,Give way sign,Curve,Minor District Road,Bitumen(Tar),Dry,No influence on accident,Fine,Rural,govt school,50m,13.10891,77.3128019
Bengaluru Dist,Nelamangala Rural PS,1.04422e+16,2019,1,2,Road Accidents,Junction,Rural Areas,Open area,Not Applicable,No,Damage Only,Vehicle to Vehicle,Uncontrolled,Others,Others,Bitumen(Tar),Dry,Not Applicable,Clear,"Nelamangala-Banavadai Road,Near",On West,8 Km,13.094802,77.376013
Bengaluru Dist,Nelamangala Rural PS,1.04422e+16,2019,1,2,Road Accidents,Narrow road,Rural Areas,Near School or College,Human Error,No,Grievous Injury,Vehicle to Vehicle,Stop sign,Straight and flat,Minor District Road,Bitumen(Tar),Dry,Pot holed,Fine,Rural,govt school,50 fee,13.065668,77.361599
Bengaluru Dist,Nelamangala Rural PS,1.04422e+16,2019,1,2,Road Accidents,Junction,Rural Areas,Near Bus stop,Human Error,No,Grievous Injury,Vehicle to Vehicle,Signals (Not working),Curve,State Highway,Concrete,Dry,No influence on accident,Fine,Nelamangala-Db Pura Road,Near Bus Stop,10 Km,13.13983,77.349975
Bengaluru Dist,Nelamangala Rural PS,1.04422e+16,2019,1,2,Road Accidents,Curves,Rural Areas,Open area,Human Error,No,Grievous Injury,Vehicle to Vehicle,Controlled,Curve,Others,Bitumen(Tar),Dry,No influence on accident,Fine,Other,guruvnahalli Gate,100,13.055684,77.358127
Bengaluru Dist,Nelamangala Rural PS,1.04422e+16,2019,1,2,Road Accidents,Narrow road,Rural Areas,Open area,Human Error,No,Simple Injury,Vehicle to Vehicle,Stop Sign,Curve and Incline,Others,Bitumen(Tar),Dry,Not Applicable,Fine,other,RBT,50ft,13.092568,77.345498
Bengaluru Dist,Nelamangala Rural PS,1.04422e+16,2019,1,2,Road Accidents,Narrow road,Rural Areas,Open area,Human Error,No,Grievous Injury,Vehicle to Vehicle,No signal lights,Straight and flat,State Highway,Bitumen(Tar),Dry,No influence on accident,Fine,SH,HASHNAGARA,0,13.166775,77.411499
Bengaluru Dist,Nelamangala Rural PS,1.04422e+16,2019,1,1,Road Accidents,Narrow road,Rural Areas,Open area,Human Error,No,Grievous Injury,Hit pedestrian,Not Applicable,Straight and flat,State Highway,Bitumen(Tar),Dry,Not Applicable,Flooding of Slipways/Rivulets,SH,sanvik enclve board,20,13.168051,77.412181
Bengaluru Dist,Nelamangala Rural PS,1.04422e+16,2019,1,2,Rail Road Accidents,Narrow road,Rural Areas,Near Petrol Pump,Human Error,No,Simple Injury,Vehicle to Vehicle,No signal lights,Others,Others,Bitumen(Tar),Dry,Not Applicable,Fine,other,chowdeswari petroal bunk,50,13.17035,77.328781
Bengaluru Dist,Nelamangala Rural PS,1.04422e+16,2019,1,2,Road Accidents,Narrow road,Rural Areas,Residential area,Human Error,No,Grievous Injury,Vehicle to Vehicle,Police / Manual,Straight and flat,Others,Bitumen(Tar),Dry,No influence on accident,Fine,other road,0,15,13.064019,77.319167
Bengaluru Dist,Nelamangala Rural PS,1.04422e+16,2019,1,2,Road Accidents,Narrow road,Rural Areas,Open area,Human Error,No,Grievous Injury,Vehicle to Vehicle,Signals (Not working),Straight and flat,Others,Bitumen(Tar),Dry,Not Applicable,Fine,other,paly house,30,13.131175,77.342013
Bengaluru Dist,Nelamangala Rural PS,1.04422e+16,2019,1,2,Road Accidents,Narrow road,Rural Areas,Open area,Human Error,No,Not Applicable,Vehicle to Vehicle,Not at  Junction,Others,NH,Bitumen(Tar),Others,Not Applicable,Fine,NH,U Turn,50,13.065884,77.356204
Bengaluru Dist,Nelamangala Rural PS,1.04422e+16,2019,1,3,Road Accidents,Curves,Rural Areas,Near Petrol Pump,Human Error,Yes,Simple Injury,Vehicle to Vehicle,Not at  Junction,Curve,One way,Bitumen(Tar),Dry,Not Applicable,Clear,Thyamagondlu-T Beguru Road,Near Bharatha Petrol Pump,15 Km,13.167576,77.33277
Bengaluru Dist,Nelamangala Rural PS,1.04422e+16,2019,1,2,Road Accidents,Narrow road,Rural Areas,Open area,Human Error,No,Grievous Injury,Vehicle to Vehicle,Not at  Junction,Straight and flat,State Highway,Bitumen(Tar),Dry,Not Applicable,Fine,SH,Near Mussanja dhaba,200,13.120682,77.392626
Bengaluru Dist,Nelamangala Rural PS,1.04422e+16,2020,1,1,Road Accidents,Curves,Rural Areas,Open area,Human Error,No,Grievous Injury,Not Applicable,No signal lights,Slight Curve,Others,Bitumen(Tar),Dry,Not Applicable,Fine,other,govindappa land,10feet,13.028695,77.339092
Bengaluru Dist,Nelamangala Rural PS,1.04422e+16,2020,1,1,Road Accidents,Narrow road,Rural Areas,Residential area,Human Error,Not Applicable,Fatal,Not Applicable,Not Applicable,Not Applicable,One way,Bitumen(Tar),Not Applicable,Not Applicable,Clear,Rural Areas,0,17 km,13.065969,77.319608
Bengaluru Dist,Nelamangala Rural PS,1.04422e+16,2020,1,1,Road Accidents,Junction,Rural Areas,Near School or College,Human Error,No,Grievous Injury,Hit pedestrian,No signal lights,Others,Others,Bitumen(Tar),Dry,Not Applicable,Fine,other,govt school,5feet,13.135179,77.36289
Bengaluru Dist,Nelamangala Rural PS,1.04422e+16,2020,1,2,Road Accidents,Not Applicable,Rural Areas,Near or inside a village,Human Error,Not Applicable,Fatal,Vehicle to Vehicle,Not Applicable,Not Applicable,Others,Bitumen(Tar),Not Applicable,Not Applicable,Others,Soldevanahalli road near karekal cross Nelamangala taluk,Near Narayana PU College,12 K.M,13.036059,77.390734
Bengaluru Dist,Nelamangala Rural PS,1.04422e+16,2020,1,2,Road Accidents,Narrow road,Rural Areas,Open area,Human Error,No,Grievous Injury,Vehicle to Vehicle,Not Applicable,Others,Others,Bitumen(Tar),Dry,Not Applicable,Fine,other,Near ankit vistha,40feet,13.059606,77.317386
Bengaluru Dist,Nelamangala Rural PS,1.04422e+16,2020,1,2,Road Accidents,Narrow road,Rural Areas,Open area,Human Error,No,Grievous Injury,Vehicle to Vehicle,Not Applicable,Not Applicable,Others,Bitumen(Tar),Dry,Not Applicable,Fine,other,tata tea gowdan,15,13.165352,77.33452
Bengaluru Dist,Nelamangala Rural PS,1.04422e+16,2020,1,2,Road Accidents,Narrow road,Rural Areas,Open area,Human Error,No,Grievous Injury,Vehicle to Vehicle,Not Applicable,Others,Others,Bitumen(Tar),Dry,Not Applicable,Fine,other,Umesh land,10feet,13.071964,77.397302
Bengaluru Dist,Nelamangala Rural PS,1.04422e+16,2020,1,1,Road Accidents,Offset,Rural Areas,Residential area,Human Error,No,Grievous Injury,Not Applicable,Not Applicable,Others,Others,Bitumen(Tar),Dry,Pot holed,Fine,other,Pepsi werehouse,30,13.119364,77.35237
Bengaluru Dist,Nelamangala Rural PS,1.04422e+16,2020,1,1,Road Accidents,Narrow road,Rural Areas,Near Bus stop,Human Error,Yes,Grievous Injury,Hit pedestrian,Not Applicable,Straight and flat,Others,Bitumen(Tar),Dry,Not Applicable,Fine,other,busstand,50feet,13.116657,77.3725699
Bengaluru Dist,Nelamangala Rural PS,1.04422e+16,2020,1,1,Road Accidents,Road hump or Rumble strips,Rural Areas,Near a factory industrial area,Human Error,Yes,Grievous Injury,Not Applicable,Uncontrolled,Hump,Others,Bitumen(Tar),Dry,Not Applicable,Fine,OTHER,NISARGA HOTEL,50FEET,13.120068,77.368515
Bengaluru Dist,Nelamangala Rural PS,1.04422e+16,2020,1,2,Road Accidents,Narrow road,Rural Areas,Open area,Human Error,No,Grievous Injury,Vehicle to Vehicle,Give way sign,Straight and flat,State Highway,Bitumen(Tar),Dry,Construction Work / Material,Fine,Nelamangala-Db Pura Road,Near jagadeesha Farm,17 Km,13.150812,77.411646
Bengaluru Dist,Nelamangala Rural PS,1.04422e+16,2020,1,3,Road Accidents,Narrow road,Rural Areas,Near a factory industrial area,Human Error,Yes,Grievous Injury,Vehicle to Vehicle,Not at  Junction,Sharp Curve,Others,Bitumen(Tar),Dry,Not Applicable,Fine,other,ace multyflx ltd,50mtr,13.153521,77.338159
Bengaluru Dist,Nelamangala Rural PS,1.04422e+16,2020,1,1,Road Accidents,Curves,Rural Areas,Open area,Human Error,No,Grievous Injury,Not Applicable,Not Applicable,Not Applicable,Others,Bitumen(Tar),Dry,Not Applicable,Fine,other,Geddalahalli cross,5,13.140009,77.3491219
Bengaluru Dist,Nelamangala Rural PS,1.04422e+16,2020,1,1,Road Accidents,Narrow road,Rural Areas,Open area,Human Error,Not Applicable,Fatal,Not Applicable,Not Applicable,Not Applicable,One way,Bitumen(Tar),Not Applicable,Not Applicable,Clear,Rural Areas,0,15 km,13.154147,77.292514
Bengaluru Dist,Nelamangala Rural PS,1.04422e+16,2020,1,2,Road Accidents,Narrow road,Rural Areas,Open area,Human Error,Yes,Simple Injury,Vehicle to Vehicle,Signals (Working),Straight and flat,One way,Bitumen(Tar),Dry,Not Applicable,Clear,Nelamangala-Thavarekere Road,Kalyana Mantappa,7 Km,13.072394,77.393982
Bengaluru Dist,Nelamangala Rural PS,1.04422e+16,2020,1,1,Road Accidents,Narrow road,Rural Areas,Near a factory industrial area,Human Error,Not Applicable,Fatal,Not Applicable,Not Applicable,Not Applicable,NH,Bitumen(Tar),Not Applicable,Not Applicable,Clear,Rural Areas,0,11,13.073922,77.360243
Bengaluru Dist,Nelamangala Rural PS,1.04422e+16,2020,1,2,Road Accidents,Narrow road,Rural Areas,Residential area,Human Error,Yes,Grievous Injury,Vehicle to Vehicle,Not at  Junction,Not Applicable,State Highway,Bitumen(Tar),Dry,Construction Work / Material,Fine,Sh,Hyadalu,50,13.139668,77.410483