DISTRICTNAME,UNITNAME,Crime_No,Year,RI,Noofvehicle_involved,Accident_Classification,Accident_Spot,Accident_Location,Accident_SubLocation,Main_Cause,Hit_Run,Severity,Collision_Type,Junction_Control,Road_Character,Road_Type,Surface_Type,Surface_Condition,Road_Condition,Weather,Accident_Road,Landmark_first,Distance_LandMark_First,Latitude,Longitude
Bengaluru Dist,Nelamangala Rural PS,1.04422e+16,2020,1,1,Road Accidents,Narrow road,Rural Areas,Near a factory industrial area,Human Error,Yes,Grievous Injury,Not Applicable,Not at  Junction,Straight and flat,Others,Bitumen(Tar),Others,Not Applicable,Clear,Boodihala-Kachanahalli Road,Near Susheela Farm,10 Km,13.156074,77.368049
Bengaluru Dist,Nelamangala Rural PS,1.04422e+16,2020,1,2,Road Accidents,Narrow road,Rural Areas,Near a factory industrial area,Human Error,No,Fatal,Vehicle to Vehicle,Not Applicable,Not Applicable,State Highway,Bitumen(Tar),Not Applicable,Not Applicable,Clear,State High way,0,9km,13.076711,77.347236
Bengaluru Dist,Nelamangala Rural PS,1.04422e+16,2020,1,2,Road Accidents,Narrow road,Rural Areas,Open area,Human Error,No,Grievous Injury,Vehicle to Vehicle,Not Applicable,Not Applicable,Others,Bitumen(Tar),Dry,Not Applicable,Fine,OTHER,0,0,13.080763,77.402709
Bengaluru Dist,Nelamangala Rural PS,1.04422e+16,2020,1,2,Road Accidents,Narrow road,Rural Areas,Open area,Human Error,No,Damage Only,Vehicle to Vehicle,Not Applicable,Others,One way,Bitumen(Tar),Dry,Not Applicable,Cloudy,Nelamangala-Thavarekere Road,Near Leout,7 Km,13.071956,77.393888
Bengaluru Dist,Nelamangala Rural PS,1.04422e+16,2020,1,1,Road Accidents,Offset,Rural Areas,Open area,Human Error,No,Grievous Injury,Not Applicable,Not Applicable,Not Applicable,Others,Bitumen(Tar),Dry,Not Applicable,Fine,other,land,land,13.05606,77.357952
Bengaluru Dist,Nelamangala Rural PS,1.04422e+16,2020,1,1,Road Accidents,Narrow road,Rural Areas,Open area,Human Error,No,Grievous Injury,Hit pedestrian,Signals (Not working),Straight and flat,Others,Bitumen(Tar),Dry,Not Applicable,Clear,Mylanahalli-narasimaiahna Palya Road,Near Land,9Km,13.137389,77.393452
Bengaluru Dist,Nelamangala Rural PS,1.04422e+16,2020,1,2,Road Accidents,Narrow road,Rural Areas,Near Bus stop,Human Error,No,Grievous Injury,Vehicle to Vehicle,No signal lights,Others,State Highway,Bitumen(Tar),Dry,Not Applicable,Fine,SH,BUS STAND,10,13.142443,77.330962
Bengaluru Dist,Nelamangala Rural PS,1.04422e+16,2020,1,1,Road Accidents,Narrow road,Rural Areas,Open area,Human Error,No,Grievous Injury,Not Applicable,Uncontrolled,Not Applicable,Major District Road,Bitumen(Tar),Dry,Not Applicable,Fine,MDR,MALLAPURA GATE,10FEET,13.072619,77.3933019
Bengaluru Dist,Nelamangala Rural PS,1.04422e+16,2020,1,1,Road Accidents,Road hump or Rumble strips,Rural Areas,Residential area,Human Error,No,Fatal,Not Applicable,Not at  Junction,Hump,Others,Bitumen(Tar),Dry,Not Applicable,Fine,other,Anganawadi near,10feet,13.135243,77.3629389
Bengaluru Dist,Nelamangala Rural PS,1.04422e+16,2020,1,2,Road Accidents,Narrow road,Rural Areas,Open area,Human Error,No,Grievous Injury,Vehicle to Vehicle,Not Applicable,Not Applicable,Others,Bitumen(Tar),Dry,Not Applicable,Fine,other Road,Chikkaramaiah land Near,0,13.174232,77.394953
Bengaluru Dist,Nelamangala Rural PS,1.04422e+16,2020,1,1,Road Accidents,Narrow road,Rural Areas,Open area,Human Error,No,Fatal,Hit pedestrian,Not Applicable,Not Applicable,State Highway,Bitumen(Tar),Dry,Not Applicable,Fine,sh74,Near Rajkumr gowdan,100,13.158211,77.412019
Bengaluru Dist,Nelamangala Rural PS,1.04422e+16,2020,1,1,Road Accidents,Offset,Rural Areas,Open area,Human Error,No,Grievous Injury,Not Applicable,Not Applicable,Not Applicable,Others,Bitumen(Tar),Wet,Not Applicable,Light Rain,other,Ganganagara cross,10,13.17619,77.289855
Bengaluru Dist,Nelamangala Rural PS,1.04422e+16,2020,1,2,Road Accidents,Narrow road,Rural Areas,Open area,Human Error,No,Grievous Injury,Vehicle to Vehicle,Not at  Junction,Straight and flat,Others,Bitumen(Tar),Dry,Not Applicable,Fine,other,Murthy land,40,13.039735,77.378846
Bengaluru Dist,Nelamangala Rural PS,1.04422e+16,2020,1,1,Road Accidents,Narrow road,Rural Areas,Near Hospital,Human Error,No,Grievous Injury,Hit pedestrian,Not Applicable,Others,Others,Bitumen(Tar),Dry,No influence on accident,Fine,Other,Nera Ramanarao Hospital,200,13.066252,77.319483
Bengaluru Dist,Nelamangala Rural PS,1.04422e+16,2020,1,2,Road Accidents,Narrow road,Rural Areas,Near Bus stop,Human Error,No,Grievous Injury,Vehicle to Vehicle,Not Applicable,Others,State Highway,Bitumen(Tar),Dry,Not Applicable,Fine,SH 74,Hydalu Thimmegowda Home near,20feet,13.139659,77.410254
Bengaluru Dist,Nelamangala Rural PS,1.04422e+16,2020,1,1,Road Accidents,Narrow road,Rural Areas,Open area,Human Error,No,Grievous Injury,Not Applicable,Not at  Junction,Others,Others,Bitumen(Tar),Dry,Not Applicable,Fine,other,Happay Home,50fet,13.053107,77.355831
Bengaluru Dist,Nelamangala Rural PS,1.04422e+16,2020,1,2,Road Accidents,Narrow road,Rural Areas,Open area,Human Error,No,Grievous Injury,Vehicle to Vehicle,Not Applicable,Others,Others,Bitumen(Tar),Dry,Not Applicable,Others,other,v3,100mt,13.142054,77.3643699
Bengaluru Dist,Nelamangala Rural PS,1.04422e+16,2020,1,1,Road Accidents,Narrow road,Rural Areas,Near School or College,Human Error,Yes,Grievous Injury,Hit pedestrian,Not Applicable,Others,Others,Bitumen(Tar),Dry,Not Applicable,Fine,other,BOI bank,50ft,13.152907,77.338115
Bengaluru Dist,Nelamangala Rural PS,1.04422e+16,2020,1,2,Road Accidents,Narrow road,Rural Areas,Open area,Human Error,No,Grievous Injury,Vehicle to Vehicle,Not Applicable,Not Applicable,State Highway,Bitumen(Tar),Dry,Not Applicable,Fine,state hayway,Mussanje Dhaba,100mt,13.121123,77.393178
Bengaluru Dist,Nelamangala Rural PS,1.04422e+16,2020,1,2,Road Accidents,Narrow road,Rural Areas,Open area,Human Error,No,Grievous Injury,Vehicle to Vehicle,Not Applicable,Not Applicable,State Highway,Bitumen(Tar),Dry,Not Applicable,Fine,SH 74,Near basavaraju House,25feet,13.14842,77.412044
Bengaluru Dist,Nelamangala Rural PS,1.04422e+16,2020,1,2,Road Accidents,Narrow road,Rural Areas,Residential area,Human Error,Yes,Simple Injury,Vehicle to Vehicle,Not at  Junction,Straight and flat,Others,Bitumen(Tar),Dry,Drainage Ditch,Fine,Thyamagondlu-T Beguru Road,Near House,17 Km,13.167003,77.333537
Bengaluru Dist,Nelamangala Rural PS,1.04422e+16,2020,1,1,Road Accidents,Narrow road,Rural Areas,Open area,Human Error,No,Fatal,Not Applicable,Not Applicable,Not Applicable,One way,Bitumen(Tar),Not Applicable,Not Applicable,Clear,Rural Areas,0,10 km,13.164347,77.386663
Bengaluru Dist,Nelamangala Rural PS,1.04422e+16,2020,1,2,Road Accidents,Narrow road,Rural Areas,Open area,Human Error,No,Grievous Injury,Vehicle to Vehicle,Not Applicable,Others,Others,Bitumen(Tar),Dry,Pot holed,Fine,OTHER,sumbramanyalay out,50,13.163994,77.386731
Bengaluru Dist,Nelamangala Rural PS,1.04422e+16,2020,1,1,Road Accidents,Narrow road,Rural Areas,Residential area,Human Error,Yes,Grievous Injury,Hit pedestrian,Not Applicable,Not Applicable,Others,Bitumen(Tar),Dry,Not Applicable,Fine,OTHER,lakshmana house,20,13.129296,77.400126
Bengaluru Dist,Nelamangala Rural PS,1.04422e+16,2020,1,2,Road Accidents,Narrow road,Rural Areas,Open area,Human Error,No,Grievous Injury,Vehicle to Vehicle,Not Applicable,Others,One way,Bitumen(Tar),Dry,Not Applicable,Fine,other,Nanjappa store near,20,13.160535,77.334595
Bengaluru Dist,Nelamangala Rural PS,1.04422e+16,2020,1,2,Road Accidents,Junction,Rural Areas,Near or inside a village,Human Error,Yes,Grievous Injury,Vehicle to Vehicle,Not Applicable,Straight and flat,Major District Road,Bitumen(Tar),Dry,Not Applicable,Fine,Thymagondalu T Begur Road,Keg And Peg Wines Opp,20,13.153592,77.3380609
Bengaluru Dist,Nelamangala Rural PS,1.04422e+16,2021,1,2,Road Accidents,Narrow road,Rural Areas,Near a factory industrial area,Human Error,No,Grievous Injury,Vehicle to Vehicle,Not at  Junction,Not Applicable,Others,Bitumen(Tar),Dry,Not Applicable,Fine,other,Nutrifeed factory,20,13.010825,77.353001
Bengaluru Dist,Nelamangala Rural PS,1.04422e+16,2021,1,1,Road Accidents,Narrow road,Rural Areas,Open area,Human Error,No,Fatal,Not Applicable,Not Applicable,Not Applicable,Major District Road,Bitumen(Tar),Others,Not Applicable,Others,Nelamangala - Doddaballapura Road,In front of  Prabhaware House,9 k.m,13.120845,77.392833
Bengaluru Dist,Nelamangala Rural PS,1.04422e+16,2021,1,1,Road Accidents,Narrow road,Rural Areas,Residential area,Human Error,Not Applicable,Fatal,Not Applicable,Not Applicable,Not Applicable,One way,Bitumen(Tar),Not Applicable,Not Applicable,Not Applicable,Rural Areas,0,12 km,13.077968,77.368255
Bengaluru Dist,Nelamangala Rural PS,1.04422e+16,2021,1,2,Road Accidents,Not Applicable,Rural Areas,Near Petrol Pump,Human Error,No,Grievous Injury,Vehicle to Vehicle,Not Applicable,Not Applicable,Not Applicable,Bitumen(Tar),Not Applicable,Not Applicable,Fine,0,SBT petroal bunk,0,13.135074,77.3620759
Bengaluru Dist,Nelamangala Rural PS,1.04422e+16,2021,1,1,Road Accidents,Narrow road,City/Town,Open area,Human Error,No,Grievous Injury,Hit pedestrian,Not Applicable,Not Applicable,Others,Bitumen(Tar),Dry,Not Applicable,Fine,other,gps institute of agricultural mangement,50,13.023597,77.348391
Bengaluru Dist,Nelamangala Rural PS,1.04422e+16,2021,1,1,Road Accidents,Not Applicable,Rural Areas,Residential area,Human Error,No,Grievous Injury,Not Applicable,Not Applicable,Dip or trough,State Highway,Gravel,Dry,Construction Work / Material,Fine,Nelamangala Doddaballapura Road,Near Byraweshwara Layout,8 KM,13.13405,77.405823
Bengaluru Dist,Nelamangala Rural PS,1.04422e+16,2021,1,1,Road Accidents,Circle,Rural Areas,Near Bus stop,Human Error,Yes,Grievous Injury,Not Applicable,Controlled,Others,Others,Surfaced,Dry,Not Applicable,Fine,Nelamangala Shivagange Road,Normal,12,13.110123,77.329202
Bengaluru Dist,Nelamangala Rural PS,1.04422e+16,2021,1,2,Road Accidents,Narrow road,Rural Areas,Near a factory industrial area,Human Error,Yes,Grievous Injury,Vehicle to Vehicle,Not at  Junction,Not Applicable,Others,Bitumen(Tar),Dry,Not Applicable,Clear,Karekal Cross Gubekallamma Temple Road,Lanco Toll Behind,150 Ft,13.06408,77.356111
Bengaluru Dist,Nelamangala Rural PS,1.04422e+16,2021,1,1,Road Accidents,Narrow road,Rural Areas,Open area,Human Error,No,Grievous Injury,Hit pedestrian,Not Applicable,Not Applicable,Others,Bitumen(Tar),Dry,Not Applicable,Cloudy,other,Near taralabalu lay out,0,13.067085,77.322409
Bengaluru Dist,Nelamangala Rural PS,1.04422e+16,2021,1,1,Road Accidents,Narrow road,Rural Areas,Residential area,Human Error,Yes,Not Applicable,Hit animal,Not Applicable,Others,Others,Bitumen(Tar),Dry,Not Applicable,Fine,other,Bylappa home,50feet,13.118156,77.344735
Bengaluru Dist,Nelamangala Rural PS,1.04422e+16,2021,1,1,Road Accidents,Narrow road,Rural Areas,Open area,Human Error,No,Fatal,Not Applicable,Not Applicable,Not Applicable,Others,Bitumen(Tar),Dry,Not Applicable,Fine,other,Kumadwathi rever bridge,30ft,13.133418,77.317438
Bengaluru Dist,Nelamangala Rural PS,1.04422e+16,2021,1,1,Road Accidents,Cross roads,Rural Areas,Open area,Human Error,Yes,Grievous Injury,Hit pedestrian,Not Applicable,Not Applicable,One way,Bitumen(Tar),Dry,Not Applicable,Clear,Near Byranahalli cross,Byranahalli cross,20feet,13.155635,77.337699
Bengaluru Dist,Nelamangala Rural PS,1.04422e+16,2021,1,1,Road Accidents,Narrow road,Rural Areas,Residential area,Not Applicable,Yes,Grievous Injury,Hit pedestrian,Not Applicable,Not Applicable,Others,Surfaced,Others,Not Applicable,Fine,Budhihall Kacha Halli Road,Other Road,50 Mtr,0.0,0.0
Bengaluru Dist,Nelamangala Rural PS,1.04422e+16,2021,1,2,Road Accidents,Narrow road,Rural Areas,Near a factory industrial area,Human Error,No,Simple Injury,Hit bicyclist,Not Applicable,Not Applicable,Minor District Road,Bitumen(Tar),Dry,No influence on accident,Fine,tar road,plain,40,13.172743,77.325674
Bengaluru Dist,Nelamangala Rural PS,1.04422e+16,2021,1,2,Road Accidents,Junction,Rural Areas,Near or inside a village,Human Error,No,Grievous Injury,Vehicle to Vehicle,Uncontrolled,Straight and flat,Two way,Bitumen(Tar),Dry,Not Applicable,Clear,Nelamangala Shivagange Road,Near Rajanna House,20,13.090807,77.32244
Bengaluru Dist,Nelamangala Rural PS,1.04422e+16,2021,1,3,Road Accidents,Narrow road,Rural Areas,Near a factory industrial area,Human Error,Not Applicable,Grievous Injury,Vehicle to Vehicle,Not Applicable,Straight and flat,Two way,Bitumen(Tar),Dry,Not Applicable,Clear,Thymagondalu T Begur Road,Opp Indira Wearhouse,50 F,13.156076,77.337722
Bengaluru Dist,Nelamangala Rural PS,1.04422e+16,2021,1,2,Road Accidents,Junction,Rural Areas,Open area,Human Error,No,Damage Only,Vehicle to Vehicle,No signal lights,Curve,State Highway,Bitumen(Tar),Dry,Not Applicable,Fine,sh74,underapass,15fet,13.081535,77.372057
Bengaluru Dist,Nelamangala Rural PS,1.04422e+16,2021,1,2,Road Accidents,Narrow road,Rural Areas,Near Bus stop,Human Error,Yes,Grievous Injury,Vehicle to Vehicle,Not Applicable,Not Applicable,State Highway,Bitumen(Tar),Dry,Construction Work / Material,Fine,Sh 74,Muniyappa house,50feet,13.139864,77.410431
Bengaluru Dist,Nelamangala Rural PS,1.04422e+16,2021,1,1,Road Accidents,Cross roads,Rural Areas,Near or inside a village,Human Error,Yes,Fatal,Hit pedestrian,Uncontrolled,Others,Major District Road,Bitumen(Tar),Others,Not Applicable,Others,MDR,Obanayakanahalli crossing,7 k.m,13.095487,77.362502
Bengaluru Dist,Nelamangala Rural PS,1.04422e+16,2021,1,2,Road Accidents,Narrow road,Rural Areas,Open area,Human Error,Yes,Fatal,Vehicle to Vehicle,Not Applicable,Straight and flat,Others,Bitumen(Tar),Not Applicable,Not Applicable,Clear,Village Road,0,10km,13.10984,77.33527
Bengaluru Dist,Nelamangala Rural PS,1.04422e+16,2021,1,2,Road Accidents,Narrow road,Rural Areas,Open area,Human Error,No,Fatal,Vehicle to Vehicle,Not at  Junction,Not Applicable,State Highway,Bitumen(Tar),Others,Not Applicable,Others,State Highway,IN FRONT OF STORE,7 K.M,13.148262,77.338914
Bengaluru Dist,Nelamangala Rural PS,1.04422e+16,2021,1,1,Road Accidents,Narrow road,Rural Areas,Open area,Human Error,No,Grievous Injury,Vehicle to Vehicle,Not at  Junction,Straight and flat,State Highway,Bitumen(Tar),Dry,No influence on accident,Clear,Nelamangala-Db Pura Road,Near Hydala Lake,11 Km,13.138761,77.369636
Bengaluru Dist,Nelamangala Rural PS,1.04422e+16,2021,1,1,Road Accidents,Road hump or Rumble strips,Rural Areas,Open area,Human Error,No,Grievous Injury,Not Applicable,Not Applicable,Others,Others,Bitumen(Tar),Dry,Not Applicable,Fine,other,JANAVI ARKID,60FEET,13.066816,77.3203469
Bengaluru Dist,Nelamangala Rural PS,1.04422e+16,2021,1,1,Road Accidents,Narrow road,Rural Areas,Open area,Human Error,Yes,Simple Injury,Hit pedestrian,Controlled,Straight and flat,Others,Bitumen(Tar),Dry,Not Applicable,Fine,Hanchipura-Kodappanahalli Road,Near Puttaiahna land,13 Km,13.064715,77.373126
Bengaluru Dist,Nelamangala Rural PS,1.04422e+16,2021,1,1,Road Accidents,Circle,Rural Areas,Near Bus stop,Human Error,Not Applicable,Grievous Injury,Not Applicable,Not Applicable,Straight and flat,Two way,Bitumen(Tar),Dry,Construction Work / Material,Fine,Nelamangala Doddaballapura Road,Myalanahalli,12 KM,13.126349,77.39644
Bengaluru Dist,Nelamangala Rural PS,1.04422e+16,2021,1,1,Road Accidents,Not Applicable,Rural Areas,Residential area,Human Error,Not Applicable,Grievous Injury,Not Applicable,Not at  Junction,Hump,One way,Bitumen(Tar),Dry,Not Applicable,Fine,Thymagondalu T Begur Road,Near Minnapura  Cross,100  F,13.154094,77.338058
Bengaluru Dist,Nelamangala Rural PS,1.04422e+16,2021,1,2,Road Accidents,Junction,Rural Areas,Open area,Not Applicable,Yes,Simple Injury,Vehicle to Vehicle,No signal lights,Straight and flat,Two way,Bitumen(Tar),Dry,Not Applicable,Clear,Thymagondalu T Begur Road,Byranahalli Cross,50,13.1552,77.32807
Bengaluru Dist,Nelamangala Rural PS,1.04422e+16,2021,1,2,Road Accidents,Narrow road,Rural Areas,Near a religious place,Human Error,Yes,Grievous Injury,Vehicle to Vehicle,Not Applicable,Not Applicable,State Highway,Surfaced,Dry,Construction Work / Material,Fine,State Highway 74,Near Jai Santhoshi Matha Temple,30,13.157572,77.411854
Bengaluru Dist,Nelamangala Rural PS,1.04422e+16,2021,1,2,Road Accidents,Narrow road,Rural Areas,Near a factory industrial area,Human Error,Not Applicable,Grievous Injury,Vehicle to Vehicle,Not Applicable,Straight and flat,Two way,Bitumen(Tar),Dry,Not Applicable,Clear,Thymagondalu T Begur Road,VyBhava Print Pack,12 K M,13.153023,77.341718
Bengaluru Dist,Nelamangala Rural PS,1.04422e+16,2021,1,1,Road Accidents,Curves,Rural Areas,Near a factory industrial area,Not Applicable,No,Grievous Injury,Hit pedestrian,Not Applicable,Curve,Two way,Bitumen(Tar),Dry,Not Applicable,Clear,Thyamagondlu-T Beguru Road,S Band Technology Factory,2 KM,13.119389,77.353136
Bengaluru Dist,Nelamangala Rural PS,1.04422e+16,2021,1,1,Road Accidents,Narrow road,Rural Areas,Near a factory industrial area,Human Error,No,Fatal,Not Applicable,Not Applicable,Not Applicable,State Highway,Bitumen(Tar),Not Applicable,Not Applicable,Fine,State Highway,0,10km,13.128759,77.398936
Bengaluru Dist,Nelamangala Rural PS,1.04422e+16,2021,1,2,Road Accidents,Narrow road,Rural Areas,Near Hospital,Human Error,Yes,Grievous Injury,Vehicle to Vehicle,Not Applicable,Not Applicable,Not Applicable,Bitumen(Tar),Not Applicable,Not Applicable,Fine,"Jogipalya-Begur Road, Byrasandra",Byrasandra,15 Mtr,13.108959,77.329119
Bengaluru Dist,Nelamangala Rural PS,1.04422e+16,2021,1,1,Road Accidents,Narrow road,Rural Areas,Near Bus stop,Human Error,No,Damage Only,Not Applicable,Not Applicable,Others,NH,Bitumen(Tar),Dry,Not Applicable,Fine,NH75,Busstand,50feet,13.063648,77.347953
Bengaluru Dist,Nelamangala Rural PS,1.04422e+16,2021,1,1,Road Accidents,Not Applicable,Rural Areas,Near School or College,Human Error,No,Grievous Injury,Hit pedestrian,Not at  Junction,Others,Minor District Road,Bitumen(Tar),Dry,Not Applicable,Fine,Nelamangala Shivagange Road,Normal,2,13.00984,77.220999
Bengaluru Dist,Nelamangala Rural PS,1.04422e+16,2021,1,2,Road Accidents,Cross roads,Rural Areas,Open area,Human Error,Yes,Fatal,Vehicle to Vehicle,Not Applicable,Not Applicable,One way,Bitumen(Tar),Not Applicable,Not Applicable,Dust Storn,Rural Areas,0,12 km,13.066002,77.360893
Bengaluru Dist,Nelamangala Rural PS,1.04422e+16,2021,1,1,Road Accidents,Cross roads,Rural Areas,Open area,Human Error,No,Grievous Injury,Hit pedestrian,Uncontrolled,Curve,Others,Concrete,Dry,Drainage Ditch,Fine,Karekall Cross-Soldevanhalli Road,Near Gorinabele Cross,13 Km,13.044213,77.3528249
Bengaluru Dist,Nelamangala Rural PS,1.04422e+16,2021,1,2,Road Accidents,Curves,Rural Areas,Near a factory industrial area,Human Error,Yes,Grievous Injury,Vehicle to Vehicle,Uncontrolled,Curve,State Highway,Bitumen(Tar),Dry,Construction Work / Material,Clear,Nelamangala-Db Pura Road,Near Praba Wear House,9 Km,13.122263,77.393471
Bengaluru Dist,Nelamangala Rural PS,1.04422e+16,2021,1,1,Road Accidents,Narrow road,Rural Areas,Open area,Human Error,No,Damage Only,Not Applicable,Not Applicable,Not Applicable,Others,Bitumen(Tar),Dry,Not Applicable,Fine,other,Near mahalakshmi garments,100ft,13.117886,77.385161
Bengaluru Dist,Nelamangala Rural PS,1.04422e+16,2021,1,1,Road Accidents,Narrow road,Rural Areas,Open area,Human Error,Not Applicable,Fatal,Not Applicable,Not Applicable,Not Applicable,Major District Road,Bitumen(Tar),Others,No influence on accident,Others,Nelamangala - Soladevanahalli road,Village road,16 K.M,13.021675,77.348779
Bengaluru Dist,Nelamangala Rural PS,1.04422e+16,2021,1,2,Road Accidents,Curves,Rural Areas,Open area,Human Error,No,Grievous Injury,Vehicle to Vehicle,No signal lights,Curve,Others,Bitumen(Tar),Dry,Not Applicable,Fine,other,Rajashkaraiah land,20ft,13.140934,77.381118
Bengaluru Dist,Nelamangala Rural PS,1.04422e+16,2022,1,1,Road Accidents,Curves,Rural Areas,Residential area,Human Error,No,Fatal,Not Applicable,Uncontrolled,Curve,Residential Street,Bitumen(Tar),Dry,Not Applicable,Fine,shivagange  To Mahimapura Road,0,22 km,13.173098,77.298736
Bengaluru Dist,Nelamangala Rural PS,1.04422e+16,2022,1,2,Road Accidents,Not Applicable,Rural Areas,Near or inside a village,Human Error,No,Fatal,Vehicle to Vehicle,Not Applicable,Not Applicable,State Highway,Bitumen(Tar),Others,Construction Work / Material,Clear,Doddabalapura- Nelamangala road,Hyadal,8,0.0,0.0
Bengaluru Dist,Nelamangala Rural PS,1.04422e+16,2022,1,2,Road Accidents,Narrow road,Rural Areas,Open area,Human Error,Not Applicable,Simple Injury,Vehicle to Vehicle,Not Applicable,Incline,Others,Bitumen(Tar),Others,Not Applicable,Clear,Karekal Cross - Soladevanahalli Road,Karekal Cross  Soladevanahalli Road,5 Mtr,13.065523,77.359971
Bengaluru Dist,Nelamangala Rural PS,1.04422e+16,2022,1,2,Road Accidents,Narrow road,Rural Areas,Near Bus stop,Human Error,Yes,Grievous Injury,Vehicle to Vehicle,Not Applicable,Not Applicable,Minor District Road,Surfaced,Dry,Not Applicable,Clear,Sondekoppa Nelamangala Road,Near Bus stop,15 Mtr,13.076091,77.34877
Bengaluru Dist,Nelamangala Rural PS,1.04422e+16,2022,1,2,Road Accidents,Cross roads,Rural Areas,In bazaar,Not Applicable,No,Fatal,Hit pedestrian,No signal lights,Curve and Incline,Others,Concrete,Others,Not Applicable,Fine,Budihalla Gate,Budihalla Gate,10 km,13.122709,77.376288
Bengaluru Dist,Nelamangala Rural PS,1.04422e+16,2022,1,1,Road Accidents,Cross roads,Rural Areas,Near a factory industrial area,Human Error,No,Fatal,Not Applicable,Uncontrolled,Straight and flat,Minor District Road,Bitumen(Tar),Others,No influence on accident,Strong Wind,Kirloskar Factory turning near kachanahal;li baradi raod,Kirloskar factory kachanahalli,10 km,13.149901,77.366357
Bengaluru Dist,Nelamangala Rural PS,1.04422e+16,2022,1,2,Road Accidents,Not Applicable,Rural Areas,Open area,Human Error,No,Grievous Injury,Vehicle to Vehicle,Not at  Junction,Not Applicable,One way,Bitumen(Tar),Dry,Not Applicable,Clear,T beguru-Thymagondli road,Near Ravikumar building,50 fee,13.159243,77.3402579
Bengaluru Dist,Nelamangala Rural PS,1.04422e+16,2022,1,2,Road Accidents,Not Applicable,Rural Areas,Near Bus stop,Human Error,Yes,Simple Injury,Vehicle to Vehicle,Uncontrolled,Straight and flat,Minor District Road,Bitumen(Tar),Dry,No influence on accident,Clear,Doddaballapura Nelamangala Road,Near Bus Stop,8 km,0.0,0.0
Bengaluru Dist,Nelamangala Rural PS,1.04422e+16,2022,1,2,Road Accidents,Not Applicable,Rural Areas,Near a religious place,Human Error,Yes,Fatal,Vehicle to Vehicle,Uncontrolled,Straight and flat,Others,Bitumen(Tar),Dry,No influence on accident,Clear,OPPT SHREE PATTADAMMA TEMPLE,KULUVANAHALLI AREBOMMANAHALLI ROAD,15 KM,13.168277,77.299052
Bengaluru Dist,Nelamangala Rural PS,1.04422e+16,2022,1,2,Road Accidents,Not Applicable,Rural Areas,Open area,Human Error,Yes,Grievous Injury,Vehicle to Vehicle,Not Applicable,Not Applicable,One way,Bitumen(Tar),Dry,Not Applicable,Others,"Obanayakanahalli Road, Kasaba Hobali, Nelamangala Taluk",Kanlyanapura Estet Gate,8 Feet,13.092713,77.365372
Bengaluru Dist,Nelamangala Rural PS,1.04422e+16,2022,1,1,Road Accidents,Curves,Rural Areas,Residential area,Human Error,Not Applicable,Damage Only,Not Applicable,Uncontrolled,Curve and Incline,Major District Road,Bitumen(Tar),Ditch or Potholed,Pot holed,Clear,Nelamangala Doddaballapura Road,T G Palya Gollahalli Kudu Road,12 kms,13.166331,77.313022
Bengaluru Dist,Nelamangala Rural PS,1.04422e+16,2022,1,1,Road Accidents,Not Applicable,Rural Areas,Near or inside a village,Human Error,No,Grievous Injury,Not Applicable,Uncontrolled,Straight and flat,Others,Bitumen(Tar),Dry,No influence on accident,Clear,CHIKKANAYAKANATHANDYA HONNASANDRA ROAD,OPPT VEERANNA LAND,12 KM,13.040824,77.338268
Bengaluru Dist,Nelamangala Rural PS,1.04422e+16,2022,1,2,Road Accidents,Cross roads,Rural Areas,Open area,Human Error,No,Grievous Injury,Vehicle to Vehicle,Not at  Junction,Straight and flat,One way,Bitumen(Tar),Dry,Not Applicable,Clear,Yantaganahalli Road Cross Soladevanhalli Karekal Cross Road,North 20 Feet Distance Dinesh Land,30 F,13.062935,77.3452379
Bengaluru Dist,Nelamangala Rural PS,1.04422e+16,2022,1,2,Road Accidents,Cross roads,Rural Areas,Open area,Human Error,No,Simple Injury,Vehicle to Vehicle,Uncontrolled,Curve,Others,Bitumen(Tar),Not Applicable,Not Applicable,Clear,"Budihal Kachanahalli Road, Budihal",Budihal Kachanahalli Road,50feet,13.138921,77.363462
Bengaluru Dist,Nelamangala Rural PS,1.04422e+16,2022,1,2,Not Applicable,Not Applicable,Rural Areas,Near a factory industrial area,Human Error,No,Fatal,Vehicle to Vehicle,Uncontrolled,Others,Others,Concrete,Dry,Not Applicable,Others,"Ceva Logistics Budihal, Nelamangala Taluk",Ceva Logistics Nelamangala Taluk,10km,13.131634,77.359083
Bengaluru Dist,Nelamangala Rural PS,1.04422e+16,2022,1,1,Road Accidents,Not Applicable,Rural Areas,Near a factory industrial area,Human Error,No,Simple Injury,Not Applicable,Uncontrolled,Straight and flat,Not Applicable,Bitumen(Tar),Dry,No influence on accident,Clear,"Kachanahalli Mandigere road, Kasaba Hobli",Simotech company gate,15 km,13.156748,77.369327