DISTRICTNAME,UNITNAME,Crime_No,Year,RI,Noofvehicle_involved,Accident_Classification,Accident_Spot,Accident_Location,Accident_SubLocation,Main_Cause,Hit_Run,Severity,Collision_Type,Junction_Control,Road_Character,Road_Type,Surface_Type,Surface_Condition,Road_Condition,Weather,Accident_Road,Landmark_first,Distance_LandMark_First,Latitude,Longitude
Bengaluru Dist,Nelamangala Traffic PS,1.04422e+16,2017,1,1,Road Accidents,Narrow road,City/Town,Near Bus stop,Human Error,Yes,Fatal,Hit and Run,Uncontrolled,Straight and flat,NH,Bitumen(Tar),Dry,Not Applicable,Fine,NH-48,MADANAYAKANAHALLI,10KM,0.0,0.0
Bengaluru Dist,Nelamangala Traffic PS,1.04422e+16,2017,1,2,Road Accidents,Narrow road,Rural Areas,Open area,Human Error,No,Damage Only,Others,Uncontrolled,Straight and flat,NH,Bitumen(Tar),Dry,Not Applicable,Fine,NH-4,MAHIMAPURA  GATE,10 KM,0.0,0.0
Bengaluru Dist,Nelamangala Traffic PS,1.04422e+16,2017,1,2,Road Accidents,Narrow road,Rural Areas,Open area,Not Applicable,No,Fatal,Others,Not at  Junction,Others,NH,Bitumen(Tar),Dry,Not Applicable,Fine,nh4,0,12,0.0,0.0
Bengaluru Dist,Nelamangala Traffic PS,1.04422e+16,2017,1,1,Road Accidents,Narrow road,Rural Areas,Near a factory industrial area,Human Error,No,Grievous Injury,Hit pedestrian,Uncontrolled,Straight and flat,NH,Bitumen(Tar),Dry,Not Applicable,Fine,NH-4,NEAR BHARATH BENZ,4KM,0.0,0.0
Bengaluru Dist,Nelamangala Traffic PS,1.04422e+16,2017,1,2,Road Accidents,Other,Rural Areas,Open area,Human Error,No,Simple Injury,Others,Uncontrolled,Others,NH,Bitumen(Tar),Dry,No influence on accident,Fine,Bengaluru Tumkuru NH-04 Road,Near Rayarapalya,08kms,0.0,0.0
Bengaluru Dist,Nelamangala Traffic PS,1.04422e+16,2017,1,1,Road Accidents,Other,Rural Areas,Open area,Not Applicable,No,Damage Only,Others,Not at  Junction,Others,NH,Bitumen(Tar),Dry,Not Applicable,Fine,nh4,0,3,0.0,0.0
Bengaluru Dist,Nelamangala Traffic PS,1.04422e+16,2017,1,1,Road Accidents,Other,City/Town,Near Bus stop,Human Error,No,Simple Injury,Others,Uncontrolled,Others,City or Town Road,Bitumen(Tar),Dry,Not Applicable,Clear,NELAMANGALA TO BANGALORE ROAD,T B BUS STAND,50 FT,0.0,0.0
Bengaluru Dist,Nelamangala Traffic PS,1.04422e+16,2017,1,2,Road Accidents,Junction,Rural Areas,Open area,Human Error,No,Simple Injury,Others,Controlled,Not Applicable,NH,Bitumen(Tar),Dry,Not Applicable,Clear,TUMKUR TO BANGALORE NH 4 ROAD,MAHIMAPURA U TURN,20 FT,0.0,0.0
Bengaluru Dist,Nelamangala Traffic PS,1.04422e+16,2017,1,1,Road Accidents,Not Applicable,Rural Areas,Near Bus stop,Human Error,No,Simple Injury,Hit pedestrian,Controlled,Not Applicable,NH,Bitumen(Tar),Dry,Not Applicable,Clear,TUMKUR TO BANGALOE NH - 4 ROAD,AUTO STAND,25 FT,0.0,0.0
Bengaluru Dist,Nelamangala Traffic PS,1.04422e+16,2017,1,2,Road Accidents,Narrow road,Rural Areas,Residential area,Human Error,No,Grievous Injury,Head on,Uncontrolled,Straight and flat,NH,Bitumen(Tar),Dry,No influence on accident,Fine,NH4,YEDEHALLI OPP DOON PANJABI DABA,20KM,0.0,0.0
Bengaluru Dist,Nelamangala Traffic PS,1.04422e+16,2017,1,2,Road Accidents,Other,Rural Areas,Open area,Human Error,No,Fatal,Rear end,Uncontrolled,Others,NH,Bitumen(Tar),Dry,No influence on accident,Fine,Tumakuru Bengaluru NH 04 Road,Near Mathrishree Hospital Nelamangala,500M,0.0,0.0
Bengaluru Dist,Nelamangala Traffic PS,1.04422e+16,2017,1,1,Road Accidents,Narrow road,City/Town,Open area,Human Error,No,Grievous Injury,Others,Uncontrolled,Straight and flat,NH,Bitumen(Tar),Dry,No influence on accident,Others,NH-4,Anchepalye bus Stop,12km,0.0,0.0
Bengaluru Dist,Nelamangala Traffic PS,1.04422e+16,2017,1,1,Road Accidents,Narrow road,Rural Areas,Near Bus stop,Human Error,No,Fatal,Hit pedestrian,Signal lights Blinking,Straight and flat,NH,Bitumen(Tar),Dry,No influence on accident,Clear,Tumkur Bangaluru NH-04 Road,K G Srinivasapura Gate,18,0.0,0.0
Bengaluru Dist,Nelamangala Traffic PS,1.04422e+16,2017,1,2,Road Accidents,Narrow road,Rural Areas,Open area,Human Error,Yes,Simple Injury,Others,Uncontrolled,Straight and flat,NH,Bitumen(Tar),Dry,No influence on accident,Fine,NH-4,DASANAPURA,8km,0.0,0.0
Bengaluru Dist,Nelamangala Traffic PS,1.04422e+16,2017,1,1,Road Accidents,Other,Rural Areas,Open area,Human Error,Not Applicable,Fatal,Hit pedestrian,Uncontrolled,Straight and flat,NH,Bitumen(Tar),Dry,No influence on accident,Fine,Tumkuru Bengaluru NH-0 Road,NEAR DODDERI,10 Kms,0.0,0.0
Bengaluru Dist,Nelamangala Traffic PS,1.04422e+16,2017,1,2,Road Accidents,Narrow road,City/Town,Near a factory industrial area,Human Error,No,Damage Only,Others,Uncontrolled,Straight and flat,NH,Bitumen(Tar),Dry,No influence on accident,Others,NH-4,VEERANANJIPURA GETE,5KM,0.0,0.0
Bengaluru Dist,Nelamangala Traffic PS,1.04422e+16,2017,1,2,Road Accidents,Other,Rural Areas,Open area,Human Error,No,Simple Injury,Others,Not at  Junction,Others,NH,Bitumen(Tar),Dry,No influence on accident,Fine,TUMKUR BENGALURU NH ROAD,NEAR BYADARAHALI GATE,2 KMS,0.0,0.0
Bengaluru Dist,Nelamangala Traffic PS,1.04422e+16,2017,1,2,Road Accidents,Narrow road,Rural Areas,Open area,Human Error,No,Damage Only,Others,Uncontrolled,Straight and flat,NH,Bitumen(Tar),Dry,No influence on accident,Fine,NH-4,Bommanahalli gate,5KM,0.0,0.0
Bengaluru Dist,Nelamangala Traffic PS,1.04422e+16,2017,1,1,Road Accidents,Curves,Rural Areas,Near or inside a village,Not Applicable,Yes,Grievous Injury,Hit and Run,Not at  Junction,Incline,Expressway,Not Applicable,Dry,No influence on accident,Fine,NH-4 ROAD,CROSS ROAD VEERNANJUPUR,08 KM,0.0,0.0
Bengaluru Dist,Nelamangala Traffic PS,1.04422e+16,2017,1,1,Road Accidents,Other,City/Town,Open area,Human Error,No,Simple Injury,Hit puchcart,Not at  Junction,Straight and flat,City or Town Road,Bitumen(Tar),Dry,No influence on accident,Fine,NELAMANGALA BENGALURU ROAD,Near Vivurs Colony,02Kms,0.0,0.0
Bengaluru Dist,Nelamangala Traffic PS,1.04422e+16,2017,1,1,Road Accidents,Other,Rural Areas,Open area,Human Error,Not Applicable,Simple Injury,Skidding or Self accident,Not at  Junction,Straight and flat,NH,Bitumen(Tar),Dry,No influence on accident,Fine,Benaglauru Tumkuru NH-04 Road,Near Boodihal Gate,04kms,0.0,0.0
Bengaluru Dist,Nelamangala Traffic PS,1.04422e+16,2017,1,2,Road Accidents,Narrow road,City/Town,Open area,Human Error,No,Grievous Injury,Not Applicable,Uncontrolled,Straight and flat,NH,Bitumen(Tar),Dry,No influence on accident,Fine,NH,jindal Road,10km,0.0,0.0
Bengaluru Dist,Nelamangala Traffic PS,1.04422e+16,2017,1,2,Road Accidents,Other,City/Town,Near Petrol Pump,Human Error,No,Damage Only,Others,Not at  Junction,Straight and flat,Service Road,Bitumen(Tar),Dry,No influence on accident,Fine,Bengaluru Tumkuru NH-04 Service Road,Near Kunigal Circle Nelamangala Town,02Kms,0.0,0.0
Bengaluru Dist,Nelamangala Traffic PS,1.04422e+16,2017,1,2,Road Accidents,Other,Rural Areas,Open area,Not Applicable,No,Fatal,Others,Not Applicable,Others,NH,Bitumen(Tar),Dry,Not Applicable,Fine,NH4,0,15,0.0,0.0
Bengaluru Dist,Nelamangala Traffic PS,1.04422e+16,2017,1,2,Road Accidents,Narrow road,Rural Areas,Open area,Human Error,No,Grievous Injury,Others,Uncontrolled,Straight and flat,NH,Bitumen(Tar),Dry,Not Applicable,Fine,NH-4,KUNIGAL CIRCLA,2KM,0.0,0.0
Bengaluru Dist,Nelamangala Traffic PS,1.04422e+16,2017,1,2,Road Accidents,Narrow road,Rural Areas,Open area,Human Error,Yes,Fatal,Others,Uncontrolled,Straight and flat,NH,Bitumen(Tar),Dry,No influence on accident,Fine,NH-4,k g srinivasapura,20KM,0.0,0.0
Bengaluru Dist,Nelamangala Traffic PS,1.04422e+16,2017,1,2,Road Accidents,Other,Rural Areas,Open area,Not Applicable,No,Fatal,Hit bicyclist,Not at  Junction,Others,NH,Bitumen(Tar),Not Applicable,Not Applicable,Others,NH,0,6,0.0,0.0
Bengaluru Dist,Nelamangala Traffic PS,1.04422e+16,2017,1,2,Road Accidents,Narrow road,Rural Areas,Near Petrol Pump,Human Error,No,Simple Injury,Hit bicyclist,Not at  Junction,Others,Service Road,Surfaced,Dry,Pot holed,Clear,Normal Road,Near petorl pum,10 KM,0.0,0.0
Bengaluru Dist,Nelamangala Traffic PS,1.04422e+16,2017,1,1,Road Accidents,Other,City/Town,Open area,Human Error,No,Damage Only,Others,Controlled,Not Applicable,NH,Bitumen(Tar),Dry,Not Applicable,Clear,NH 4 BANGALORE TO TUMKUMR ROAD,JOSS TOLL,5 FT,0.0,0.0
Bengaluru Dist,Nelamangala Traffic PS,1.04422e+16,2017,1,1,Road Accidents,Narrow road,Rural Areas,Open area,Human Error,No,Damage Only,Head on,Uncontrolled,Straight and flat,NH,Bitumen(Tar),Dry,Not Applicable,Fine,NH-4,DABASPATE BRIDGE,20KM,0.0,0.0
Bengaluru Dist,Nelamangala Traffic PS,1.04422e+16,2017,1,1,Road Accidents,Narrow road,Rural Areas,Open area,Human Error,No,Fatal,Head on,Uncontrolled,Straight and flat,NH,Bitumen(Tar),Dry,Not Applicable,Fine,NH-4,VISHWVESHVARAPURA OPP GANESH TIMBERS,2KM,0.0,0.0
Bengaluru Dist,Nelamangala Traffic PS,1.04422e+16,2017,1,1,Not Applicable,Narrow road,Rural Areas,Open area,Human Error,No,Fatal,Others,Not Applicable,Others,NH,Bitumen(Tar),Dry,Not Applicable,Fine,BANGALORE TO TUMKUMR ROAD N H - 4,JINDAL SKY WALK,24,0.0,0.0
Bengaluru Dist,Nelamangala Traffic PS,1.04422e+16,2017,1,1,Road Accidents,Narrow road,City/Town,Open area,Human Error,No,Fatal,Hit bicyclist,Uncontrolled,Straight and flat,Others,Bitumen(Tar),Dry,Not Applicable,Fine,OTHERS ROAD,BINNAMANGALA,3KM,0.0,0.0
Bengaluru Dist,Nelamangala Traffic PS,1.04422e+16,2017,1,2,Rail Road Accidents,Other,Rural Areas,Open area,Human Error,No,Damage Only,Others,Uncontrolled,Straight and flat,NH,Bitumen(Tar),Dry,No influence on accident,Fine,Tumkuru Bengaluru NH-0 Road,Near Jasstoll,04 KM,0.0,0.0
Bengaluru Dist,Nelamangala Traffic PS,1.04422e+16,2017,1,2,Road Accidents,Narrow road,Rural Areas,Narrow bridge or culverts,Human Error,Not Applicable,Simple Injury,Head on,No signal lights,Incline,Expressway,Surfaced,Dry,Not Applicable,Clear,NH-4,TEMPLE NEAR,1KM,0.0,0.0
Bengaluru Dist,Nelamangala Traffic PS,1.04422e+16,2017,1,2,Road Accidents,Other,Villages settlement,Near Petrol Pump,Not Applicable,No,Grievous Injury,Others,Not at  Junction,Not Applicable,NH,Bitumen(Tar),Dry,Not Applicable,Not Applicable,nh4,0,15,0.0,0.0
Bengaluru Dist,Nelamangala Traffic PS,1.04422e+16,2017,1,2,Road Accidents,Bridge,Rural Areas,Narrow bridge or culverts,Human Error,Not Applicable,Simple Injury,Head on,Uncontrolled,Curve and Incline,Expressway,Surfaced,Dry,Not Applicable,Very Cold,Bridge road,Narrow road,1 mter,0.0,0.0
Bengaluru Dist,Nelamangala Traffic PS,1.04422e+16,2017,1,2,Road Accidents,Other,Rural Areas,Open area,Human Error,No,Simple Injury,Others,Stop sign,Straight and flat,NH,Bitumen(Tar),Dry,No influence on accident,Fine,Tumkuru Bengaluru NH-04 Road,Near Madanayakanahalli,06Kms,0.0,0.0
Bengaluru Dist,Nelamangala Traffic PS,1.04422e+16,2017,1,2,Road Accidents,Junction,City/Town,Near Bus stop,Human Error,Yes,Simple Injury,Hit and Run,Controlled,Not Applicable,NH,Bitumen(Tar),Dry,Not Applicable,Clear,TUMUKUR TO BANGALORE NH-4 SERVICE  ROAD,HUSKUR CROSS,50 FT,0.0,0.0
Bengaluru Dist,Nelamangala Traffic PS,1.04422e+16,2017,1,2,Road Accidents,Other,Rural Areas,Open area,Human Error,No,Grievous Injury,Rear end,Uncontrolled,Others,NH,Bitumen(Tar),Dry,No influence on accident,Fine,tumakuru bengaluru nh 04 road,Near Hale Nijagal U Turn,25,0.0,0.0
Bengaluru Dist,Nelamangala Traffic PS,1.04422e+16,2017,1,2,Road Accidents,Narrow road,Not Applicable,Open area,Human Error,No,Damage Only,Others,Uncontrolled,Straight and flat,NH,Bitumen(Tar),Dry,Not Applicable,Fine,NH-4,MADANAYAKANAHALLI,7KM,0.0,0.0
Bengaluru Dist,Nelamangala Traffic PS,1.04422e+16,2017,1,3,Road Accidents,Not Applicable,Rural Areas,Near a religious place,Not Applicable,No,Fatal,Others,Not Applicable,Others,NH,Bitumen(Tar),Not Applicable,Not Applicable,Others,NH4,SHANIMAHATMA TEMPLE,12,0.0,0.0
Bengaluru Dist,Nelamangala Traffic PS,1.04422e+16,2017,1,1,Road Accidents,Narrow road,Rural Areas,Open area,Human Error,No,Fatal,Hit pedestrian,Uncontrolled,Straight and flat,NH,Bitumen(Tar),Dry,Not Applicable,Fine,NH-4,MAHIMAPURA  GATE,10KM,0.0,0.0
Bengaluru Dist,Nelamangala Traffic PS,1.04422e+16,2017,1,1,Road Accidents,Not Applicable,Villages settlement,Open area,Not Applicable,Yes,Fatal,Hit and Run,Not at  Junction,Straight and flat,NH,Bitumen(Tar),Dry,Not Applicable,Clear,Tumkur Bangaluru NH-4 Road,Gundenahalli U Turn,18 KM,0.0,0.0
Bengaluru Dist,Nelamangala Traffic PS,1.04422e+16,2017,1,1,Road Accidents,Other,Rural Areas,Near Hospital,Not Applicable,No,Fatal,Hit pedestrian,Not at  Junction,Not Applicable,NH,Bitumen(Tar),Dry,Not Applicable,Fine,nh4,life line hospital,12,0.0,0.0
Bengaluru Dist,Nelamangala Traffic PS,1.04422e+16,2017,1,1,Road Accidents,Junction,Rural Areas,Near a factory industrial area,Human Error,No,Grievous Injury,Head on,Controlled,Others,NH,Kutcha,Dry,Not Applicable,Fine,NARROW ROAD,NH,10 KM,0.0,0.0
Bengaluru Dist,Nelamangala Traffic PS,1.04422e+16,2017,1,2,Road Accidents,Narrow road,Rural Areas,Open area,Not Applicable,Yes,Grievous Injury,Hit and Run,Uncontrolled,Straight and flat,NH,Bitumen(Tar),Flooded,No influence on accident,Fine,NH-4,BOODIHAL GATE,5KM,0.0,0.0
Bengaluru Dist,Nelamangala Traffic PS,1.04422e+16,2017,1,2,Road Accidents,Other,Rural Areas,Open area,Human Error,No,Simple Injury,Others,Controlled,Not Applicable,NH,Bitumen(Tar),Dry,Not Applicable,Clear,THUMUKUR TO BANGALORE ROAD N H - 4 HIGH WAY ROAD,AGARWAL GODOWN,20 FT,0.0,0.0
Bengaluru Dist,Nelamangala Traffic PS,1.04422e+16,2017,1,2,Road Accidents,Other,Rural Areas,Open area,Human Error,No,Damage Only,Others,Uncontrolled,Straight and flat,NH,Bitumen(Tar),Dry,No influence on accident,Fine,Bengaluru Nelamangala BH Road,Near Binnamangala,03Kms,0.0,0.0
Bengaluru Dist,Nelamangala Traffic PS,1.04422e+16,2017,1,2,Road Accidents,T Junction,Rural Areas,Open area,Human Error,No,Damage Only,Side swipe,Controlled,Others,NH,Bitumen(Tar),Dry,Not Applicable,Clear,THUMUKUR TO BANGALORE NH-4 ROAD,VERABDHRESHWAR HOTEL,10 FT,0.0,0.0
Bengaluru Dist,Nelamangala Traffic PS,1.04422e+16,2017,1,2,Road Accidents,Offset,Rural Areas,Open area,Human Error,No,Damage Only,Others,Uncontrolled,Others,NH,Bitumen(Tar),Dry,No influence on accident,Fine,Bengaluru Tumkuru NH-04 Road,Near Jasatoll,02Kms,0.0,0.0
Bengaluru Dist,Nelamangala Traffic PS,1.04422e+16,2017,1,1,Road Accidents,Narrow road,Villages settlement,Near Bus stop,Human Error,Yes,Fatal,Hit and Run,Not Applicable,Straight and flat,NH,Bitumen(Tar),Dry,Not Applicable,Clear,Bangaluru Tumkuru NH-04 Road,T Begur Bustand,6 K M,0.0,0.0
Bengaluru Dist,Nelamangala Traffic PS,1.04422e+16,2017,1,1,Road Accidents,Other,Rural Areas,Open area,Human Error,Yes,Simple Injury,Hit and Run,Uncontrolled,Straight and flat,NH,Bitumen(Tar),Dry,No influence on accident,Fine,NH-4,VEERANANJIPURA GETE,5km,0.0,0.0
Bengaluru Dist,Nelamangala Traffic PS,1.04422e+16,2017,1,2,Road Accidents,Narrow road,Rural Areas,Open area,Human Error,No,Simple Injury,Others,Uncontrolled,Straight and flat,NH,Bitumen(Tar),Dry,Not Applicable,Fine,NH-4,SLR KALYANAMANTAPA,1km,0.0,0.0
Bengaluru Dist,Nelamangala Traffic PS,1.04422e+16,2017,1,2,Road Accidents,Bridge,City/Town,Narrow bridge or culverts,Human Error,No,Fatal,Hit bicyclist,Not at  Junction,Straight and flat,NH,Bitumen(Tar),Dry,No influence on accident,Clear,Bangaluru  Tumkuru NH-04 Express Road,TCI Bridge,6,0.0,0.0
Bengaluru Dist,Nelamangala Traffic PS,1.04422e+16,2017,1,2,Road Accidents,Narrow road,City/Town,Open area,Human Error,No,Damage Only,Overturning,Controlled,Others,NH,Bitumen(Tar),Dry,No influence on accident,Fine,NH-4,R N S Motors front,6km,0.0,0.0
Bengaluru Dist,Nelamangala Traffic PS,1.04422e+16,2017,1,2,Road Accidents,Other,City/Town,Open area,Human Error,No,Damage Only,Others,Not at  Junction,Straight and flat,NH,Bitumen(Tar),Dry,No influence on accident,Fine,Bengaluru Tumkuru NH-04 Road,Near Jasstoll,02Kms,0.0,0.0
Bengaluru Dist,Nelamangala Traffic PS,1.04422e+16,2017,1,1,Road Accidents,Narrow road,Rural Areas,Near or inside a village,Human Error,No,Fatal,Skidding or Self accident,Not at  Junction,Straight and flat,NH,Bitumen(Tar),Dry,No influence on accident,Clear,Thumakur Bangaluru NH-04 Service Road,Hanumantharayappa Gowdan Near,5 K M,0.0,0.0
Bengaluru Dist,Nelamangala Traffic PS,1.04422e+16,2017,1,1,Road Accidents,Other,City/Town,Open area,Vehicle Defect,Not Applicable,Fatal,Skidding or Self accident,Not Applicable,Curve,NH,Bitumen(Tar),Dry,No influence on accident,Fine,NH 4 Road,Near Arishinakunte,04Kms,0.0,0.0
Bengaluru Dist,Nelamangala Traffic PS,1.04422e+16,2017,1,2,Road Accidents,Other,City/Town,Open area,Human Error,No,Grievous Injury,Others,Not at  Junction,Straight and flat,NH,Bitumen(Tar),Dry,No influence on accident,Fine,Benaglauru Tumkuru NH-04 Road,Near Hubli Nagapur Garage,20KMs,0.0,0.0
Bengaluru Dist,Nelamangala Traffic PS,1.04422e+16,2017,1,2,Road Accidents,Other,Rural Areas,Open area,Human Error,No,Simple Injury,Right Turn Collision,No signal lights,Curve and Incline,NH,Bitumen(Tar),Dry,No influence on accident,Clear,Nelamangala Kunigal NH-48 Road,Mahadevapura U Turn,8Kms,0.0,0.0
Bengaluru Dist,Nelamangala Traffic PS,1.04422e+16,2017,1,2,Road Accidents,Narrow road,Rural Areas,Open area,Human Error,No,Grievous Injury,Not Applicable,Uncontrolled,Straight and flat,NH,Bitumen(Tar),Dry,Not Applicable,Fine,NH-4,KIRAN PETROL BUNK,09KM,0.0,0.0
Bengaluru Dist,Nelamangala Traffic PS,1.04422e+16,2017,1,1,Road Accidents,Round about or Circle,Rural Areas,Open area,Human Error,No,Damage Only,Hit fixed object,Uncontrolled,Others,Others,Bitumen(Tar),Dry,No influence on accident,Fine,others,toll,12km,0.0,0.0
Bengaluru Dist,Nelamangala Traffic PS,1.04422e+16,2017,1,1,Road Accidents,Other,City/Town,Near Hospital,Human Error,Yes,Fatal,Hit and Run,Not at  Junction,Straight and flat,NH,Bitumen(Tar),Dry,No influence on accident,Clear,Govt Hospital Road,Govt Hospital Oppsit,3 KM,0.0,0.0
Bengaluru Dist,Nelamangala Traffic PS,1.04422e+16,2017,1,2,Road Accidents,Other,City/Town,Open area,Human Error,Not Applicable,Simple Injury,Others,Not at  Junction,Others,NH,Bitumen(Tar),Dry,No influence on accident,Fine,Benaglauru Tumkuru NH-04 Road,Near Usha Godana,12kms,0.0,0.0
Bengaluru Dist,Nelamangala Traffic PS,1.04422e+16,2017,1,2,Road Accidents,Other,Rural Areas,Open area,Human Error,No,Simple Injury,Others,Uncontrolled,Straight and flat,NH,Bitumen(Tar),Dry,No influence on accident,Fine,NH-4,Anjanaya Temple,7km,0.0,0.0
Bengaluru Dist,Nelamangala Traffic PS,1.04422e+16,2017,1,1,Road Accidents,Other,City/Town,Near Hospital,Human Error,Yes,Fatal,Hit pedestrian,No signal lights,Straight and flat,City or Town Road,Bitumen(Tar),Dry,No influence on accident,Fine,NELAMANGALA BENGALURU ROAD,Near Jayaprasad Hospital Nelamangala Town,02Kms,0.0,0.0
Bengaluru Dist,Nelamangala Traffic PS,1.04422e+16,2017,1,1,Road Accidents,Junction,City/Town,Open area,Human Error,Not Applicable,Fatal,Skidding or Self accident,No signal lights,Straight and flat,NH,Bitumen(Tar),Dry,Engineering Defect of Road,Fine,Tumkuru Bengaluru NH-04 Service Road,Near TCI Bridge,10 Kms,0.0,0.0
Bengaluru Dist,Nelamangala Traffic PS,1.04422e+16,2017,1,1,Road Accidents,Other,City/Town,Near a religious place,Human Error,Yes,Simple Injury,Hit pedestrian,Not at  Junction,Straight and flat,NH,Bitumen(Tar),Dry,No influence on accident,Fine,Benaglauru Tumkuru NH-04 Road,Near Adakamaranahally,05 Kms,0.0,0.0
Bengaluru Dist,Nelamangala Traffic PS,1.04422e+16,2017,1,2,Road Accidents,Narrow road,City/Town,Open area,Human Error,No,Damage Only,Others,Uncontrolled,Straight and flat,NH,Bitumen(Tar),Dry,No influence on accident,Fine,NH-4,RILENCE PETROL BUNK,4KM,0.0,0.0
Bengaluru Dist,Nelamangala Traffic PS,1.04422e+16,2017,1,2,Road Accidents,Narrow road,City/Town,Open area,Human Error,No,Grievous Injury,Others,Uncontrolled,Straight and flat,NH,Bitumen(Tar),Dry,Not Applicable,Fine,NH-4,Hanumanthapura gate,14km,0.0,0.0
Bengaluru Dist,Nelamangala Traffic PS,1.04422e+16,2017,1,2,Road Accidents,Narrow road,Rural Areas,Open area,Human Error,Yes,Damage Only,Others,Uncontrolled,Others,NH,Bitumen(Tar),Dry,No influence on accident,Fine,NH-4,KULUVANAHALLI,12KM,0.0,0.0
Bengaluru Dist,Nelamangala Traffic PS,1.04422e+16,2017,1,1,Road Accidents,Other,Rural Areas,Open area,Human Error,No,Damage Only,Others,Controlled,Others,NH,Bitumen(Tar),Dry,Not Applicable,Clear,THUMKUR TO BANGALOE NH  -4 ROAD,TOLL BOTH NO 9,5 FT,0.0,0.0
Bengaluru Dist,Nelamangala Traffic PS,1.04422e+16,2017,1,3,Road Accidents,Bridge,Rural Areas,Narrow bridge or culverts,Human Error,No,Simple Injury,Others,Uncontrolled,Straight and flat,NH,Bitumen(Tar),Dry,No influence on accident,Fine,NH-4,DABASPATE BRIDGE,20,0.0,0.0
Bengaluru Dist,Nelamangala Traffic PS,1.04422e+16,2017,1,2,Road Accidents,Narrow road,City/Town,Near Bus stop,Human Error,No,Grievous Injury,Others,Uncontrolled,Others,NH,Bitumen(Tar),Dry,Not Applicable,Fine,NH-4,KUNIGAL CIRCLA,IKM,0.0,0.0
Bengaluru Dist,Nelamangala Traffic PS,1.04422e+16,2017,1,2,Road Accidents,Other,Rural Areas,Open area,Human Error,Not Applicable,Damage Only,Others,Not at  Junction,Straight and flat,NH,Bitumen(Tar),Dry,No influence on accident,Dust Storn,Nelamangala Kunigal NH-48 Road,Near Yataganahalli,08Kms,0.0,0.0
Bengaluru Dist,Nelamangala Traffic PS,1.04422e+16,2017,1,1,Road Accidents,Narrow road,Rural Areas,Near a factory industrial area,Vehicle Defect,Not Applicable,Damage Only,Overturning,Controlled,Straight and flat,Expressway,Surfaced,Dry,Not Applicable,Fine,Hiway Road,Hiway road,06 km,0.0,0.0
Bengaluru Dist,Nelamangala Traffic PS,1.04422e+16,2017,1,1,Road Accidents,Narrow road,Rural Areas,Open area,Human Error,Yes,Damage Only,Others,Uncontrolled,Others,NH,Bitumen(Tar),Dry,Not Applicable,Fine,NH,NAVAYUGA TOLL,2KM,0.0,0.0
Bengaluru Dist,Nelamangala Traffic PS,1.04422e+16,2017,1,2,Road Accidents,Narrow road,City/Town,Open area,Human Error,No,Grievous Injury,Others,Uncontrolled,Straight and flat,Others,Bitumen(Tar),Dry,Not Applicable,Fine,OTHERS ROAD,vivars colony,3KM,0.0,0.0
Bengaluru Dist,Nelamangala Traffic PS,1.04422e+16,2017,1,1,Road Accidents,Other,Rural Areas,Open area,Human Error,Not Applicable,Damage Only,Hit pedestrian,Uncontrolled,Others,NH,Bitumen(Tar),Dry,No influence on accident,Fine,Tumkuru Bengaluru NH-04  Service Road,Near Dabasapete,20KMs,0.0,0.0
Bengaluru Dist,Nelamangala Traffic PS,1.04422e+16,2017,1,2,Road Accidents,Narrow road,Rural Areas,Open area,Human Error,Yes,Damage Only,Hit and Run,Uncontrolled,Straight and flat,Others,Bitumen(Tar),Dry,Not Applicable,Fine,OTHERS ROAD,NICE ROAD TOLL,12KM,0.0,0.0
Bengaluru Dist,Nelamangala Traffic PS,1.04422e+16,2017,1,2,Rail Road Accidents,Narrow road,Rural Areas,Near or inside a village,Human Error,Not Applicable,Damage Only,Head on,Give way sign,Curve,Expressway,Kutcha,Dry,Not Applicable,Cloudy,NARMAL ROAD,NARROW ROAD,10 KM,0.0,0.0
Bengaluru Dist,Nelamangala Traffic PS,1.04422e+16,2017,1,2,Road Accidents,Other,Villages settlement,Open area,Not Applicable,No,Damage Only,Not Applicable,Not at  Junction,Others,NH,Bitumen(Tar),Dry,Not Applicable,Others,NH4,0,3,0.0,0.0
Bengaluru Dist,Nelamangala Traffic PS,1.04422e+16,2017,1,2,Road Accidents,Narrow road,Rural Areas,Open area,Human Error,No,Grievous Injury,Others,Uncontrolled,Straight and flat,NH,Bitumen(Tar),Dry,Not Applicable,Fine,NH-4,DABASPATE RAILVE BRIDGE,20KM,0.0,0.0
Bengaluru Dist,Nelamangala Traffic PS,1.04422e+16,2017,1,1,Road Accidents,Narrow road,City/Town,Open area,Human Error,No,Damage Only,Others,Uncontrolled,Straight and flat,NH,Bitumen(Tar),Dry,Not Applicable,Fine,NICE ROAD,GANGONDANAHALLI BRIDGE,12KM,0.0,0.0
Bengaluru Dist,Nelamangala Traffic PS,1.04422e+16,2017,1,1,Road Accidents,Other,Rural Areas,Open area,Human Error,No,Fatal,Skidding or Self accident,Uncontrolled,Others,NH,Bitumen(Tar),Dry,No influence on accident,Fine,Bengaluru Nelamangala BH Road,Near T Beguru,08kms,0.0,0.0
Bengaluru Dist,Nelamangala Traffic PS,1.04422e+16,2017,1,2,Road Accidents,Other,Rural Areas,Near Bus stop,Not Applicable,No,Fatal,Hit bicyclist,Not at  Junction,Others,NH,Bitumen(Tar),Dry,Not Applicable,Others,NH48,0,6,0.0,0.0
Bengaluru Dist,Nelamangala Traffic PS,1.04422e+16,2017,1,1,Road Accidents,Other,Rural Areas,Near Bus stop,Human Error,No,Simple Injury,Hit pedestrian,Controlled,Others,NH,Bitumen(Tar),Dry,Not Applicable,Clear,BANGALORE TO TUMKUMR ROAD N H - 4,BUS STAND,30 FT,0.0,0.0
Bengaluru Dist,Nelamangala Traffic PS,1.04422e+16,2017,1,1,Road Accidents,Other,City/Town,Narrow bridge or culverts,Human Error,Yes,Simple Injury,Others,Controlled,Not Applicable,NH,Bitumen(Tar),Others,Not Applicable,Clear,BANGALORE TO TUMKUMR ROAD N H - 4,PLY OVER,10 FT,0.0,0.0
Bengaluru Dist,Nelamangala Traffic PS,1.04422e+16,2017,1,2,Road Accidents,Other,City/Town,Open area,Human Error,No,Fatal,Others,Uncontrolled,Straight and flat,NH,Bitumen(Tar),Dry,No influence on accident,Fine,Tumkuru Bengaluru NH-04  Service Road,Near Bhinnamangala Ifront Reliance Petrol Bunk,04Kms,0.0,0.0
Bengaluru Dist,Nelamangala Traffic PS,1.04422e+16,2017,1,2,Road Accidents,Other,City/Town,Open area,Not Applicable,No,Damage Only,Hit and Run,Controlled,Others,NH,Not Applicable,Others,Not Applicable,Others,N H 48,10,10 FT,0.0,0.0