DISTRICTNAME,UNITNAME,Crime_No,Year,RI,Noofvehicle_involved,Accident_Classification,Accident_Spot,Accident_Location,Accident_SubLocation,Main_Cause,Hit_Run,Severity,Collision_Type,Junction_Control,Road_Character,Road_Type,Surface_Type,Surface_Condition,Road_Condition,Weather,Accident_Road,Landmark_first,Distance_LandMark_First,Latitude,Longitude
Bengaluru Dist,Nelamangala Traffic PS,1.04422e+16,2017,1,1,Road Accidents,Other,City/Town,Near Bus stop,Human Error,Not Applicable,Simple Injury,Hit pedestrian,Not at  Junction,Straight and flat,Service Road,Bitumen(Tar),Dry,No influence on accident,Fine,Tumkuru Bengaluru NH-04 Service Road,Near Makali Bus Stand,08 Kms,0.0,0.0
Bengaluru Dist,Nelamangala Traffic PS,1.04422e+16,2017,1,2,Road Accidents,Narrow road,City/Town,Near Petrol Pump,Human Error,Yes,Grievous Injury,Hit and Run,Uncontrolled,Straight and flat,Others,Bitumen(Tar),Dry,No influence on accident,Fine,others,Sushma petrol Bunk,3kM,0.0,0.0
Bengaluru Dist,Nelamangala Traffic PS,1.04422e+16,2017,1,1,Road Accidents,Narrow road,Villages settlement,Open area,Human Error,No,Fatal,Hit pedestrian,Not at  Junction,Straight and flat,NH,Bitumen(Tar),Dry,No influence on accident,Cloudy,Thumakur Bangaluru NH-04 Road,Danojipalya,2,0.0,0.0
Bengaluru Dist,Nelamangala Traffic PS,1.04422e+16,2017,1,2,Road Accidents,Narrow road,Rural Areas,Near Bus stop,Human Error,No,Fatal,Hit pedestrian,Not at  Junction,Straight and flat,NH,Bitumen(Tar),Dry,No influence on accident,Clear,Bangaluru Thumakur NH-04 Road,Adakamaranahalli Bus Stop,8 K M,0.0,0.0
Bengaluru Dist,Nelamangala Traffic PS,1.04422e+16,2017,1,2,Road Accidents,Other,City/Town,Open area,Human Error,No,Simple Injury,Others,Not at  Junction,Straight and flat,NH,Bitumen(Tar),Dry,No influence on accident,Clear,Benaglauru Tumkuru NH-04 Road,Near Navayuga Toll,01Kms,0.0,0.0
Bengaluru Dist,Nelamangala Traffic PS,1.04422e+16,2017,1,2,Road Accidents,Other,City/Town,Open area,Human Error,No,Damage Only,Others,Not at  Junction,Straight and flat,NH,Bitumen(Tar),Dry,No influence on accident,Fine,Tumkuru Bengaluru NH-04 Road,Near Navayuga Toll,02Kms,0.0,0.0
Bengaluru Dist,Nelamangala Traffic PS,1.04422e+16,2017,1,2,Road Accidents,Other,City/Town,Open area,Human Error,No,Simple Injury,Others,Not at  Junction,Straight and flat,Others,Bitumen(Tar),Dry,No influence on accident,Fine,Tumkuru Bengaluru NH-0 Road,NEAR MADANAYKANHALLI BUS STOP,06kms,0.0,0.0
Bengaluru Dist,Nelamangala Traffic PS,1.04422e+16,2017,1,2,Road Accidents,Narrow road,Villages settlement,Near Bus stop,Human Error,No,Fatal,Hit bicyclist,Not Applicable,Straight and flat,NH,Bitumen(Tar),Dry,No influence on accident,Clear,Bangaluru Thumakur NH-04Road,Thippagondanahalli U Turn,10,0.0,0.0
Bengaluru Dist,Nelamangala Traffic PS,1.04422e+16,2017,1,1,Road Accidents,Narrow road,Rural Areas,Open area,Human Error,No,Grievous Injury,Not Applicable,Uncontrolled,Straight and flat,NH,Bitumen(Tar),Dry,No influence on accident,Fine,NH-48,V V S Gorden,2km,0.0,0.0
Bengaluru Dist,Nelamangala Traffic PS,1.04422e+16,2017,1,2,Road Accidents,Other,Rural Areas,Open area,Human Error,No,Damage Only,Others,Not at  Junction,Straight and flat,NH,Bitumen(Tar),Dry,No influence on accident,Cloudy,Tumkuru Bengaluru NH-04 Road,BOMMANAHALLI GATE U TURN,05 Kms,0.0,0.0
Bengaluru Dist,Nelamangala Traffic PS,1.04422e+16,2017,1,2,Road Accidents,Bridge,City/Town,Open area,Human Error,Not Applicable,Damage Only,Others,Not at  Junction,Straight and flat,NH,Bitumen(Tar),Dry,No influence on accident,Fine,Tumkuru Bengaluru NH-0 Road,Near Kunigal Circle Nelamangala Town,01Kms,0.0,0.0
Bengaluru Dist,Nelamangala Traffic PS,1.04422e+16,2017,1,1,Road Accidents,Narrow road,City/Town,Open area,Human Error,No,Fatal,Hit pedestrian,Uncontrolled,Straight and flat,NH,Bitumen(Tar),Dry,No influence on accident,Fine,NH-4,MADANAYAKANAHALLI  BUS STOP,5km,0.0,0.0
Bengaluru Dist,Nelamangala Traffic PS,1.04422e+16,2017,1,2,Road Accidents,Other,Rural Areas,Open area,Human Error,Not Applicable,Damage Only,Others,Not at  Junction,Straight and flat,NH,Bitumen(Tar),Dry,No influence on accident,Fine,Kunigal Nelamangala NH-48,NEAR CADABARIES FACTORY,05 Kms,0.0,0.0
Bengaluru Dist,Nelamangala Traffic PS,1.04422e+16,2017,1,2,Road Accidents,Other,City/Town,Open area,Human Error,Not Applicable,Simple Injury,Others,Not Applicable,Straight and flat,Service Road,Bitumen(Tar),Dry,No influence on accident,Fine,Bengaluru Tumkuru NH-04 Service Road,Near Nelamangala Traffic PS,500M,0.0,0.0
Bengaluru Dist,Nelamangala Traffic PS,1.04422e+16,2017,1,2,Road Accidents,Narrow road,Rural Areas,Open area,Human Error,No,Grievous Injury,Others,Uncontrolled,Straight and flat,NH,Bitumen(Tar),Dry,No influence on accident,Fine,NH-4,PEPSI FATCORY,5KM,0.0,0.0
Bengaluru Dist,Nelamangala Traffic PS,1.04422e+16,2017,1,2,Road Accidents,Narrow road,City/Town,Near Bus stop,Human Error,No,Not Applicable,Not Applicable,Uncontrolled,Straight and flat,NH,Bitumen(Tar),Dry,No influence on accident,Fine,NH-4,ADHARSH NAGARA,5KM,0.0,0.0
Bengaluru Dist,Nelamangala Traffic PS,1.04422e+16,2017,1,2,Road Accidents,Other,City/Town,Open area,Human Error,Not Applicable,Damage Only,Others,Not at  Junction,Straight and flat,NH,Bitumen(Tar),Dry,No influence on accident,Fine,Tumkuru Bengaluru NH-0 Road,Near Bommanahalli Gate,03Kms,0.0,0.0
Bengaluru Dist,Nelamangala Traffic PS,1.04422e+16,2017,1,3,Road Accidents,Other,Rural Areas,Open area,Human Error,Not Applicable,Damage Only,Others,Not at  Junction,Straight and flat,NH,Bitumen(Tar),Dry,No influence on accident,Fine,Benaglauru Tumkuru NH-04 Road,Near Dasanapura,20Kms,0.0,0.0
Bengaluru Dist,Nelamangala Traffic PS,1.04422e+16,2017,1,2,Road Accidents,Other,City/Town,Open area,Human Error,Not Applicable,Simple Injury,Others,Not at  Junction,Others,Service Road,Bitumen(Tar),Dry,No influence on accident,Fine,Bengaluru Tumkuru NH-04 Service Road,Kunigal Circle,02Kms,0.0,0.0
Bengaluru Dist,Nelamangala Traffic PS,1.04422e+16,2017,1,1,Road Accidents,Narrow road,Rural Areas,Open area,Human Error,No,Fatal,Head on,Uncontrolled,Straight and flat,NH,Bitumen(Tar),Dry,Not Applicable,Fine,NH-48,YANTAKANAHALLI,5KM,0.0,0.0
Bengaluru Dist,Nelamangala Traffic PS,1.04422e+16,2017,1,1,Road Accidents,Cross roads,Rural Areas,Near Bus stop,Human Error,Yes,Simple Injury,Hit and Run,Controlled,Others,NH,Bitumen(Tar),Dry,Not Applicable,Clear,TUMKUR TO BANGALORE  NH -4 ROAD,DODDAEARI  VILLAGE ROAD,20 FT,0.0,0.0
Bengaluru Dist,Nelamangala Traffic PS,1.04422e+16,2017,1,1,Rail Road Accidents,Other,Rural Areas,Open area,Human Error,Not Applicable,Simple Injury,Hit pedestrian,Not at  Junction,Straight and flat,NH,Bitumen(Tar),Dry,No influence on accident,Fine,Kunigal Nelamangala NH-48,Near Gube Kallamma Temple,06kms,0.0,0.0
Bengaluru Dist,Nelamangala Traffic PS,1.04422e+16,2017,1,2,Road Accidents,Other,Rural Areas,Open area,Human Error,No,Simple Injury,Hit pedestrian,Controlled,Not Applicable,NH,Bitumen(Tar),Dry,Not Applicable,Clear,TUMUKUR TO BANGALORE NH-4 ROAD,YEDEHALLI GATE,25 FT,0.0,0.0
Bengaluru Dist,Nelamangala Traffic PS,1.04422e+16,2017,1,1,Road Accidents,Other,Rural Areas,Near Bus stop,Not Applicable,No,Fatal,Others,Not at  Junction,Others,NH,Bitumen(Tar),Others,Not Applicable,Fine,NH4,1,10,0.0,0.0
Bengaluru Dist,Nelamangala Traffic PS,1.04422e+16,2017,1,1,Road Accidents,Other,Rural Areas,Open area,Not Applicable,No,Fatal,Others,Not at  Junction,Not Applicable,NH,Bitumen(Tar),Others,Not Applicable,Others,NH4,1,15,0.0,0.0
Bengaluru Dist,Nelamangala Traffic PS,1.04422e+16,2017,1,1,Road Accidents,Circle,Villages settlement,At pedestrian Crossing,Not Applicable,No,Fatal,Hit pedestrian,Not at  Junction,Others,NH,Bitumen(Tar),Dry,Not Applicable,Others,NH,1,8,0.0,0.0
Bengaluru Dist,Nelamangala Traffic PS,1.04422e+16,2017,1,2,Rail Road Accidents,Bridge,Rural Areas,Narrow bridge or culverts,Road Environment Defect,Not Applicable,Simple Injury,Head on,Give way sign,Curve,Expressway,Surfaced,Dry,Not Applicable,Fine,NH-4,BIRDGE ROAD,10KM,0.0,0.0
Bengaluru Dist,Nelamangala Traffic PS,1.04422e+16,2017,1,2,Road Accidents,Narrow road,City/Town,Open area,Human Error,No,Damage Only,Others,Uncontrolled,Straight and flat,Others,Bitumen(Tar),Dry,Not Applicable,Fine,OTHERS ROAD,NICE ROAD,12KM,0.0,0.0
Bengaluru Dist,Nelamangala Traffic PS,1.04422e+16,2017,1,2,Road Accidents,Not Applicable,Rural Areas,Near Bus stop,Not Applicable,Yes,Fatal,Hit and Run,Not at  Junction,Not Applicable,NH,Bitumen(Tar),Others,Not Applicable,Fine,nh4,1,10,0.0,0.0
Bengaluru Dist,Nelamangala Traffic PS,1.04422e+16,2017,1,1,Road Accidents,Other,Rural Areas,Near Bus stop,Not Applicable,No,Fatal,Hit pedestrian,Not at  Junction,Others,NH,Bitumen(Tar),Not Applicable,Not Applicable,Others,nh4,1,12,0.0,0.0
Bengaluru Dist,Nelamangala Traffic PS,1.04422e+16,2017,1,1,Road Accidents,Narrow road,Rural Areas,Open area,Human Error,No,Damage Only,Hit puchcart,Uncontrolled,Straight and flat,NH,Bitumen(Tar),Dry,Not Applicable,Fine,NH-4,AMBIKA PYATRANCE PREE INDIAN PVT LMT,3KM,0.0,0.0
Bengaluru Dist,Nelamangala Traffic PS,1.04422e+16,2017,1,2,Road Accidents,Narrow road,Rural Areas,Open area,Human Error,No,Damage Only,Others,Uncontrolled,Straight and flat,NH,Bitumen(Tar),Dry,Not Applicable,Fine,NH,KBD U TURN,5KM,0.0,0.0
Bengaluru Dist,Nelamangala Traffic PS,1.04422e+16,2017,1,1,Road Accidents,Not Applicable,City/Town,Open area,Not Applicable,No,Fatal,Hit pedestrian,Not at  Junction,Not Applicable,City or Town Road,Kutcha,Dry,Not Applicable,Fine,other,0,3,0.0,0.0
Bengaluru Dist,Nelamangala Traffic PS,1.04422e+16,2017,1,1,Road Accidents,Narrow road,Rural Areas,Open area,Human Error,No,Fatal,Head on,Uncontrolled,Straight and flat,NH,Bitumen(Tar),Dry,No influence on accident,Fine,NH-4,DABAS PATE,20KM,0.0,0.0
Bengaluru Dist,Nelamangala Traffic PS,1.04422e+16,2017,1,1,Road Accidents,Other,City/Town,Open area,Human Error,No,Grievous Injury,Hit pedestrian,Uncontrolled,Straight and flat,NH,Bitumen(Tar),Dry,No influence on accident,Fine,MG Road,Near Sujan Medical Store,03Kms,0.0,0.0
Bengaluru Dist,Nelamangala Traffic PS,1.04422e+16,2017,1,3,Road Accidents,Other,Rural Areas,Open area,Human Error,No,Simple Injury,Others,Controlled,Others,NH,Bitumen(Tar),Dry,Not Applicable,Clear,N H - 4  ROAD,VOLVO COMPOND,10 FT,0.0,0.0
Bengaluru Dist,Nelamangala Traffic PS,1.04422e+16,2017,1,2,Road Accidents,Narrow road,Rural Areas,Open area,Human Error,No,Damage Only,Others,Uncontrolled,Straight and flat,NH,Bitumen(Tar),Dry,Not Applicable,Fine,NH,DABAS PATE MUDDANAYAKANAHALLI,20KM,0.0,0.0
Bengaluru Dist,Nelamangala Traffic PS,1.04422e+16,2017,1,2,Road Accidents,Other,Rural Areas,Open area,Not Applicable,No,Fatal,Hit bicyclist,Not Applicable,Others,NH,Bitumen(Tar),Dry,Not Applicable,Fine,nh4,lake,12,0.0,0.0
Bengaluru Dist,Nelamangala Traffic PS,1.04422e+16,2017,1,1,Road Accidents,Not Applicable,City/Town,Open area,Not Applicable,Yes,Fatal,Hit and Run,Not at  Junction,Straight and flat,NH,Bitumen(Tar),Dry,Not Applicable,Clear,Thumakur Bangaluru N.H-4 Road,Arishinakunte KSRTC Bus Dipo Opp,4 K M,0.0,0.0
Bengaluru Dist,Nelamangala Traffic PS,1.04422e+16,2017,1,1,Road Accidents,Other,Rural Areas,Near a factory industrial area,Human Error,No,Simple Injury,Others,Controlled,Not Applicable,NH,Bitumen(Tar),Dry,Not Applicable,Others,THUMUKUR TO BANGALORE NH -4 SERIVEC  ROAD,NEAR SPRSHA MASALA FACTORY,20 FT,0.0,0.0
Bengaluru Dist,Nelamangala Traffic PS,1.04422e+16,2017,1,2,Road Accidents,Other,Rural Areas,Open area,Human Error,No,Simple Injury,Others,Uncontrolled,Others,NH,Bitumen(Tar),Dry,No influence on accident,Fine,NELAMANGALA KUNIGAL NH 04 HIGHWAY ROAD,NEAR MALLARABANAVADI,5,0.0,0.0
Bengaluru Dist,Nelamangala Traffic PS,1.04422e+16,2017,1,2,Road Accidents,Other,Rural Areas,Open area,Human Error,Not Applicable,Fatal,Others,Not at  Junction,Straight and flat,NH,Bitumen(Tar),Dry,No influence on accident,Fine,Tumkuru Bengaluru NH-0 Road,Near Yedahally,15 Kms,0.0,0.0
Bengaluru Dist,Nelamangala Traffic PS,1.04422e+16,2017,1,2,Road Accidents,Other,City/Town,Open area,Human Error,No,Simple Injury,Others,Not at  Junction,Straight and flat,NH,Bitumen(Tar),Dry,No influence on accident,Clear,Tumkuru Bengaluru NH-0 Road,Near Anchepalya,12kms,0.0,0.0
Bengaluru Dist,Nelamangala Traffic PS,1.04422e+16,2017,1,1,Road Accidents,Other,City/Town,Near or inside a village,Human Error,Yes,Fatal,Hit pedestrian,Not at  Junction,Straight and flat,Service Road,Bitumen(Tar),Dry,No influence on accident,Fine,Bengaluru Tumkuru NH-04 Service Road,Near  Madanayakanahlly,05 Kms,0.0,0.0
Bengaluru Dist,Nelamangala Traffic PS,1.04422e+16,2017,1,1,Road Accidents,Narrow road,City/Town,Open area,Human Error,Yes,Grievous Injury,Hit pedestrian,Uncontrolled,Others,City or Town Road,Bitumen(Tar),Dry,No influence on accident,Fine,NH-4,NEAR HIMALAYA DRUGS COMP,5KM,0.0,0.0
Bengaluru Dist,Nelamangala Traffic PS,1.04422e+16,2017,1,2,Road Accidents,Not Applicable,Rural Areas,Open area,Human Error,No,Damage Only,Not Applicable,Not at  Junction,Straight and flat,NH,Bitumen(Tar),Dry,No influence on accident,Wind,Bengaluru Tumkuru NH-04,Near Boodiyal,10Kms,0.0,0.0
Bengaluru Dist,Nelamangala Traffic PS,1.04422e+16,2017,1,2,Road Accidents,Narrow road,City/Town,Open area,Human Error,No,Grievous Injury,Others,Uncontrolled,Others,NH,Bitumen(Tar),Dry,No influence on accident,Fine,NH,Hubbali Nagpur gyarej,12KM,0.0,0.0
Bengaluru Dist,Nelamangala Traffic PS,1.04422e+16,2017,1,2,Road Accidents,Other,City/Town,Open area,Human Error,No,Simple Injury,Others,Not at  Junction,Straight and flat,Service Road,Bitumen(Tar),Dry,No influence on accident,Clear,Tumkuru Bengaluru NH-0 Service Road,Near Prerana Motors,02Kms,0.0,0.0
Bengaluru Dist,Nelamangala Traffic PS,1.04422e+16,2017,1,1,Road Accidents,Cross roads,Rural Areas,Open area,Human Error,No,Grievous Injury,Hit pedestrian,Not at  Junction,Straight and flat,NH,Bitumen(Tar),Dry,No influence on accident,Cloudy,Kunigal Nelamangala NH-48,Near Genesh Hotel,04Kms,0.0,0.0
Bengaluru Dist,Nelamangala Traffic PS,1.04422e+16,2017,1,2,Road Accidents,Narrow road,City/Town,Near a religious place,Human Error,No,Fatal,Hit bicyclist,Not at  Junction,Straight and flat,NH,Bitumen(Tar),Dry,No influence on accident,Clear,Bangaluru Thumakuru NH-04 Road,KMC Glass Factory Opp,2 K M,0.0,0.0
Bengaluru Dist,Nelamangala Traffic PS,1.04422e+16,2017,1,2,Road Accidents,Other,City/Town,Open area,Human Error,No,Damage Only,Others,Not at  Junction,Straight and flat,NH,Bitumen(Tar),Dry,No influence on accident,Fine,Tumkuru Bengaluru NH-0 Road,Near SLR Kalyanamantapa Nelamangala,01Kms,0.0,0.0
Bengaluru Dist,Nelamangala Traffic PS,1.04422e+16,2017,1,2,Road Accidents,Narrow road,City/Town,Near office complex,Human Error,Yes,Grievous Injury,Overturning,Uncontrolled,Straight and flat,Service Road,Bitumen(Tar),Dry,No influence on accident,Fine,NH-4,NEAR ARISINAKUNTE,4KM,0.0,0.0
Bengaluru Dist,Nelamangala Traffic PS,1.04422e+16,2017,1,1,Road Accidents,Cross roads,City/Town,Narrow bridge or culverts,Human Error,No,Damage Only,Overturning,Uncontrolled,Curve,Others,Bitumen(Tar),Dry,No influence on accident,Fine,Nice road,Nice Road U Turn,10,0.0,0.0
Bengaluru Dist,Nelamangala Traffic PS,1.04422e+16,2017,1,2,Road Accidents,Other,Rural Areas,Open area,Human Error,No,Damage Only,Others,Not at  Junction,Straight and flat,NH,Bitumen(Tar),Dry,No influence on accident,Very Cold,Tumkuru Bengaluru NH-04 Road,Near Bommanahalli Gate,04Kms,0.0,0.0
Bengaluru Dist,Nelamangala Traffic PS,1.04422e+16,2017,1,2,Road Accidents,Narrow road,City/Town,Open area,Human Error,No,Grievous Injury,Others,Uncontrolled,Straight and flat,NH,Bitumen(Tar),Dry,Not Applicable,Fine,NH-4,Nice Road  BRIDGE,12km,0.0,0.0
Bengaluru Dist,Nelamangala Traffic PS,1.04422e+16,2017,1,2,Road Accidents,Bridge,City/Town,Near Petrol Pump,Human Error,Not Applicable,Fatal,Others,No signal lights,Straight and flat,NH,Bitumen(Tar),Dry,No influence on accident,Fine,NH-04 Road,Near TCI Bridge,11Kms,0.0,0.0
Bengaluru Dist,Nelamangala Traffic PS,1.04422e+16,2017,1,1,Road Accidents,Narrow road,Rural Areas,Open area,Human Error,No,Damage Only,Rear end,Uncontrolled,Not Applicable,NH,Bitumen(Tar),Dry,No influence on accident,Not Applicable,YANTAGANAHALLI RAVI FROM,RAVI FROM,10KM,0.0,0.0
Bengaluru Dist,Nelamangala Traffic PS,1.04422e+16,2017,1,1,Road Accidents,Other,Rural Areas,Open area,Human Error,Not Applicable,Simple Injury,Hit pedestrian,Not Applicable,Straight and flat,NH,Bitumen(Tar),Dry,No influence on accident,Fine,Tumkuru Bengaluru NH-0 Road,Near Bharathipura Colony,20Kms,0.0,0.0
Bengaluru Dist,Nelamangala Traffic PS,1.04422e+16,2017,1,2,Road Accidents,Other,City/Town,Near office complex,Human Error,Not Applicable,Simple Injury,Others,Uncontrolled,Straight and flat,Service Road,Bitumen(Tar),Dry,No influence on accident,Fine,Bengaluru Tumkuru NH-04 Service Road,Near Devannanapalya,03Kms,0.0,0.0
Bengaluru Dist,Nelamangala Traffic PS,1.04422e+16,2017,1,1,Road Accidents,Narrow road,Rural Areas,Open area,Human Error,No,Fatal,Skidding or Self accident,Not at  Junction,Straight and flat,NH,Bitumen(Tar),Dry,No influence on accident,Clear,Bangaluru Thumakuru NH-04 Road,Railway Bridge,20 K M,0.0,0.0
Bengaluru Dist,Nelamangala Traffic PS,1.04422e+16,2017,1,1,Road Accidents,Cross roads,City/Town,Open area,Human Error,No,Simple Injury,Hit pedestrian,Not at  Junction,Straight and flat,Others,Bitumen(Tar),Dry,No influence on accident,Fine,NELAMANGALA BENGALURU ROAD,NEAR VYSHYA BUNK NELAMANGALA,02KMS,0.0,0.0
Bengaluru Dist,Nelamangala Traffic PS,1.04422e+16,2017,1,1,Road Accidents,Narrow road,Rural Areas,Near Bus stop,Not Applicable,No,Grievous Injury,Head on,Not Applicable,Incline,Expressway,Surfaced,Dry,Not Applicable,Clear,NH-48 ROAD,10 KM,10 KM,0.0,0.0
Bengaluru Dist,Nelamangala Traffic PS,1.04422e+16,2017,1,2,Road Accidents,Other,Rural Areas,Open area,Human Error,No,Damage Only,Others,Not at  Junction,Straight and flat,NH,Bitumen(Tar),Dry,No influence on accident,Strong Wind,Benaglauru Tumkuru NH-04 Road,Near Boodihal Gate,04Kms,0.0,0.0
Bengaluru Dist,Nelamangala Traffic PS,1.04422e+16,2017,1,2,Road Accidents,Other,City/Town,Near School or College,Human Error,Not Applicable,Simple Injury,Others,Not at  Junction,Straight and flat,NH,Bitumen(Tar),Dry,No influence on accident,Fine,Tumkuru Bengaluru NH-0 Road,Near Jindal School,20Kms,0.0,0.0
Bengaluru Dist,Nelamangala Traffic PS,1.04422e+16,2017,1,2,Road Accidents,Other,City/Town,Open area,Human Error,Not Applicable,Damage Only,Others,Uncontrolled,Straight and flat,NH,Bitumen(Tar),Dry,No influence on accident,Fine,Benaglauru Tumkuru NH-04 Road,Near Arishinakunte Ksaba H Nelamangala Town,04kms,0.0,0.0
Bengaluru Dist,Nelamangala Traffic PS,1.04422e+16,2017,1,2,Road Accidents,Other,City/Town,Near Petrol Pump,Human Error,Yes,Simple Injury,Others,Not at  Junction,Straight and flat,Service Road,Bitumen(Tar),Dry,No influence on accident,Fine,Bengaluru Tumkuru NH-04 Service Road,Near Kunigal Circle Nelamangala Town,02Kms,0.0,0.0
Bengaluru Dist,Nelamangala Traffic PS,1.04422e+16,2017,1,2,Road Accidents,Narrow road,City/Town,Open area,Human Error,No,Grievous Injury,Not Applicable,Uncontrolled,Straight and flat,NH,Bitumen(Tar),Dry,Not Applicable,Fine,NH-4,RILENCE PETROL BUNK,4KM,0.0,0.0
Bengaluru Dist,Nelamangala Traffic PS,1.04422e+16,2017,1,2,Road Accidents,Other,City/Town,Open area,Human Error,No,Grievous Injury,Not Applicable,Uncontrolled,Straight and flat,NH,Bitumen(Tar),Dry,No influence on accident,Fine,NH-4,MADAVARA TOLL,12KM,0.0,0.0
Bengaluru Dist,Nelamangala Traffic PS,1.04422e+16,2017,1,2,Road Accidents,Narrow road,City/Town,Open area,Human Error,No,Grievous Injury,Others,Uncontrolled,Straight and flat,NH,Bitumen(Tar),Dry,No influence on accident,Fine,NH-4,SWAMY PETROL BUNK,10KM,0.0,0.0
Bengaluru Dist,Nelamangala Traffic PS,1.04422e+16,2017,1,2,Road Accidents,Other,City/Town,Open area,Human Error,Not Applicable,Damage Only,Others,Not Applicable,Straight and flat,NH,Bitumen(Tar),Dry,No influence on accident,Fine,Benaglauru Tumkuru NH-04 Road,Near Adakamaranahally,05 Kms,0.0,0.0
Bengaluru Dist,Nelamangala Traffic PS,1.04422e+16,2017,1,2,Road Accidents,Narrow road,Rural Areas,Near Bus stop,Vehicle Defect,No,Simple Injury,Side swipe,Stop sign,Straight and flat,Expressway,Gravel,Dry,Construction Work / Material,Fine,NH-4,Near  Toll,10KM,0.0,0.0
Bengaluru Dist,Nelamangala Traffic PS,1.04422e+16,2017,1,1,Road Accidents,Other,Rural Areas,Near School or College,Human Error,No,Grievous Injury,Others,Uncontrolled,Others,NH,Bitumen(Tar),Dry,Not Applicable,Fine,NICE ROAD,NICE ROAD,15,0.0,0.0
Bengaluru Dist,Nelamangala Traffic PS,1.04422e+16,2017,1,2,Road Accidents,Narrow road,City/Town,Residential area,Human Error,No,Grievous Injury,Others,Uncontrolled,Straight and flat,Others,Bitumen(Tar),Dry,Not Applicable,Fine,OTHERS ROAD,COLONY BUS STOP,3KM,0.0,0.0
Bengaluru Dist,Nelamangala Traffic PS,1.04422e+16,2017,1,2,Road Accidents,Narrow road,Rural Areas,Narrow bridge or culverts,Human Error,No,Damage Only,Head on,Controlled,Hump,Expressway,Concrete,Dry,Pot holed,Fine,NARO ROAD,DRY ROAD,1 KM,0.0,0.0
Bengaluru Dist,Nelamangala Traffic PS,1.04422e+16,2017,1,2,Road Accidents,Other,City/Town,Open area,Not Applicable,No,Fatal,Others,Not at  Junction,Not Applicable,Others,Bitumen(Tar),Dry,Not Applicable,Fine,OTHER,0,12,0.0,0.0
Bengaluru Dist,Nelamangala Traffic PS,1.04422e+16,2017,1,2,Road Accidents,Other,Rural Areas,Open area,Human Error,No,Simple Injury,Others,Not at  Junction,Straight and flat,NH,Bitumen(Tar),Dry,No influence on accident,Fine,Bengaluru Tumkuru NH-04 Road,Near Navayugatoll Infront MVM Kalyana Mantapa,03Kms,0.0,0.0
Bengaluru Dist,Nelamangala Traffic PS,1.04422e+16,2017,1,1,Road Accidents,Other,Villages settlement,Open area,Not Applicable,No,Fatal,Hit pedestrian,Not at  Junction,Others,NH,Bitumen(Tar),Dry,Not Applicable,Not Applicable,NH,0,25,0.0,0.0
Bengaluru Dist,Nelamangala Traffic PS,1.04422e+16,2017,1,2,Road Accidents,Narrow road,City/Town,Open area,Human Error,No,Damage Only,Others,Uncontrolled,Straight and flat,NH,Bitumen(Tar),Dry,No influence on accident,Fine,NH,KAMATH HOTEL,20,0.0,0.0
Bengaluru Dist,Nelamangala Traffic PS,1.04422e+16,2017,1,2,Road Accidents,Other,Rural Areas,Open area,Human Error,No,Simple Injury,Others,Uncontrolled,Straight and flat,NH,Bitumen(Tar),Dry,No influence on accident,Fine,Tumkuru Bengaluru NH-04 Road,Near Hanuamanthapura Gate,15Kms,0.0,0.0
Bengaluru Dist,Nelamangala Traffic PS,1.04422e+16,2017,1,2,Road Accidents,Other,City/Town,Open area,Human Error,No,Damage Only,Others,Not at  Junction,Straight and flat,NH,Bitumen(Tar),Dry,No influence on accident,Fine,Bengaluru Tumkuru NH-04 Road,Near Byadarahalli Gate Nelamangala,02Kms,0.0,0.0
Bengaluru Dist,Nelamangala Traffic PS,1.04422e+16,2017,1,2,Road Accidents,Narrow road,City/Town,Open area,Human Error,No,Damage Only,Hit pedal cyclist,Uncontrolled,Straight and flat,NH,Bitumen(Tar),Dry,Not Applicable,Fine,NH-4,HUBBALLI NAGAPURA GYAREGE,12KM,0.0,0.0
Bengaluru Dist,Nelamangala Traffic PS,1.04422e+16,2017,1,1,Road Accidents,Other,Rural Areas,Open area,Human Error,No,Damage Only,Hit fixed object,Controlled,Others,NH,Bitumen(Tar),Dry,Not Applicable,Clear,TUMKUR TO BANGALOE NH - 4 ROAD,NEAR KISSAN PIPE GODOWN,60 FT,0.0,0.0
Bengaluru Dist,Nelamangala Traffic PS,1.04422e+16,2017,1,2,Road Accidents,Junction,Rural Areas,Near or inside a village,Human Error,No,Simple Injury,Overturning,Controlled,Others,NH,Bitumen(Tar),Dry,Not Applicable,Clear,KUNIGAL TO NELAMANGALA NH -48 ROAD,ROAD GARD,20 FT,0.0,0.0
Bengaluru Dist,Nelamangala Traffic PS,1.04422e+16,2017,1,1,Road Accidents,Other,Rural Areas,Near Bus stop,Not Applicable,No,Fatal,Hit pedestrian,Not at  Junction,Others,NH,Bitumen(Tar),Not Applicable,Not Applicable,Fine,NH4,0,3KM,0.0,0.0
Bengaluru Dist,Nelamangala Traffic PS,1.04422e+16,2017,1,1,Road Accidents,Other,Rural Areas,Near Petrol Pump,Human Error,Yes,Fatal,Hit pedestrian,Not at  Junction,Straight and flat,NH,Bitumen(Tar),Dry,No influence on accident,Fine,Nelamangala Kunigal NH-48 Road,Near S B T Petrol Bunk,04Kms,0.0,0.0
Bengaluru Dist,Nelamangala Traffic PS,1.04422e+16,2017,1,2,Road Accidents,Narrow road,City/Town,Open area,Human Error,No,Damage Only,Others,Uncontrolled,Others,NH,Bitumen(Tar),Dry,No influence on accident,Fine,NH-4,DASANAPURA BRIDGE,5KM,0.0,0.0
Bengaluru Dist,Nelamangala Traffic PS,1.04422e+16,2017,1,3,Road Accidents,Other,City/Town,Open area,Human Error,Not Applicable,Damage Only,Others,Not Applicable,Straight and flat,NH,Bitumen(Tar),Dry,No influence on accident,Fine,Bengaluru Nelamangala NH-04 Road,Near Devannanapalya,04kms,0.0,0.0
Bengaluru Dist,Nelamangala Traffic PS,1.04422e+16,2017,1,1,Road Accidents,Narrow road,Rural Areas,Open area,Human Error,No,Fatal,Skidding or Self accident,Not at  Junction,Straight and flat,NH,Bitumen(Tar),Dry,No influence on accident,Clear,Bangaluru Thumakur NH-04 Road,Bhudihall  Gate,5,0.0,0.0