DISTRICTNAME,UNITNAME,Crime_No,Year,RI,Noofvehicle_involved,Accident_Classification,Accident_Spot,Accident_Location,Accident_SubLocation,Main_Cause,Hit_Run,Severity,Collision_Type,Junction_Control,Road_Character,Road_Type,Surface_Type,Surface_Condition,Road_Condition,Weather,Accident_Road,Landmark_first,Distance_LandMark_First,Latitude,Longitude
Bengaluru Dist,Nelamangala Traffic PS,1.04422e+16,2017,1,1,Road Accidents,Narrow road,Rural Areas,Near a factory industrial area,Human Error,No,Simple Injury,Hit pedestrian,Uncontrolled,Straight and flat,NH,Bitumen(Tar),Dry,No influence on accident,Fine,NH-4,KENGAL KEMPOHALLI,20KM,0.0,0.0
Bengaluru Dist,Nelamangala Traffic PS,1.04422e+16,2017,1,2,Road Accidents,Narrow road,City/Town,Open area,Human Error,No,Grievous Injury,Others,Uncontrolled,Straight and flat,NH,Bitumen(Tar),Dry,No influence on accident,Others,NH-4 Road,Rayal Palya Bus stop,20KM,0.0,0.0
Bengaluru Dist,Nelamangala Traffic PS,1.04422e+16,2017,1,1,Road Accidents,Narrow road,City/Town,Open area,Human Error,No,Damage Only,Others,Uncontrolled,Straight and flat,NH,Bitumen(Tar),Dry,No influence on accident,Fine,NH-4 Road,SLN  FAMILY PETROL BUNK,6KM,0.0,0.0
Bengaluru Dist,Nelamangala Traffic PS,1.04422e+16,2017,1,2,Road Accidents,Narrow road,City/Town,Open area,Human Error,No,Grievous Injury,Others,Uncontrolled,Straight and flat,NH,Bitumen(Tar),Dry,No influence on accident,Others,NH,Lanco Toll,7km,0.0,0.0
Bengaluru Dist,Nelamangala Traffic PS,1.04422e+16,2017,1,2,Road Accidents,Narrow road,Rural Areas,Open area,Human Error,No,Damage Only,Others,Uncontrolled,Straight and flat,NH,Bitumen(Tar),Dry,No influence on accident,Others,NH,Byadarahalli Gate,5kM,0.0,0.0
Bengaluru Dist,Nelamangala Traffic PS,1.04422e+16,2017,1,2,Road Accidents,Bridge,City/Town,Open area,Human Error,Not Applicable,Damage Only,Others,Not at  Junction,Straight and flat,NH,Bitumen(Tar),Dry,No influence on accident,Fine,Tumkuru Bengaluru NH-0 Road,Near TCI Bridge,12kms,0.0,0.0
Bengaluru Dist,Nelamangala Traffic PS,1.04422e+16,2017,1,3,Road Accidents,Other,Rural Areas,Open area,Human Error,No,Damage Only,Others,Not at  Junction,Straight and flat,NH,Bitumen(Tar),Dry,No influence on accident,Fine,Tumkuru Bengaluru NH-04 Road,Near Sompura Industrial Area,20Kms,0.0,0.0
Bengaluru Dist,Nelamangala Traffic PS,1.04422e+16,2017,1,2,Road Accidents,Circle,Rural Areas,Near Bus stop,Human Error,No,Damage Only,Others,No signal lights,Others,Service Road,Bitumen(Tar),Dry,No influence on accident,Fine,Benglauru Tumkuru NH-04 Service Road,Near Shivagamge Circle,20Kms,0.0,0.0
Bengaluru Dist,Nelamangala Traffic PS,1.04422e+16,2017,1,2,Road Accidents,Other,City/Town,Near School or College,Human Error,Not Applicable,Simple Injury,Others,No signal lights,Hump,NH,Bitumen(Tar),Dry,No influence on accident,Fine,Tumkuru Bengaluru NH-0 Road,Near Navayuga Toll,02Kms,0.0,0.0
Bengaluru Dist,Nelamangala Traffic PS,1.04422e+16,2017,1,1,Road Accidents,Other,Rural Areas,Open area,Human Error,Not Applicable,Simple Injury,Others,Not at  Junction,Straight and flat,NH,Bitumen(Tar),Dry,No influence on accident,Fine,Benaglauru Tumkuru NH-04 Road,Near Boodihal Gate,05 Kms,0.0,0.0
Bengaluru Dist,Nelamangala Traffic PS,1.04422e+16,2017,1,2,Road Accidents,Narrow road,Rural Areas,Open area,Human Error,Yes,Fatal,Hit and Run,Not at  Junction,Straight and flat,NH,Bitumen(Tar),Dry,No influence on accident,Clear,Thumakur Bangaluru NH-04 Road,Bhudihall Airtel Gowdan Near,7 K M,0.0,0.0
Bengaluru Dist,Nelamangala Traffic PS,1.04422e+16,2017,1,2,Road Accidents,Other,City/Town,Open area,Human Error,No,Grievous Injury,Others,Uncontrolled,Straight and flat,NH,Bitumen(Tar),Dry,No influence on accident,Fine,NH-4,Madavara toll,10km,0.0,0.0
Bengaluru Dist,Nelamangala Traffic PS,1.04422e+16,2017,1,2,Road Accidents,Narrow road,City/Town,Open area,Human Error,No,Damage Only,Not Applicable,Uncontrolled,Straight and flat,NH,Bitumen(Tar),Dry,No influence on accident,Fine,NH-4,DABASPATE BRIDGE,7KM,0.0,0.0
Bengaluru Dist,Nelamangala Traffic PS,1.04422e+16,2017,1,2,Road Accidents,Narrow road,Rural Areas,Open area,Human Error,No,Damage Only,Not Applicable,Uncontrolled,Straight and flat,NH,Bitumen(Tar),Others,Not Applicable,Fine,NH-4,DABASPATE BRIDGE,20KM,0.0,0.0
Bengaluru Dist,Nelamangala Traffic PS,1.04422e+16,2017,1,2,Road Accidents,Bridge,City/Town,Open area,Human Error,No,Grievous Injury,Others,Uncontrolled,Straight and flat,NH,Bitumen(Tar),Dry,Not Applicable,Fine,NH-4,KUNIGAL CIRCLA,1KM,0.0,0.0
Bengaluru Dist,Nelamangala Traffic PS,1.04422e+16,2017,1,2,Road Accidents,Curves,Rural Areas,Open area,Human Error,Yes,Simple Injury,Others,Uncontrolled,Straight and flat,NH,Bitumen(Tar),Dry,No influence on accident,Fine,Nelamangala Kunigal NH 48 Road,Near Shanthinagara,5,0.0,0.0
Bengaluru Dist,Nelamangala Traffic PS,1.04422e+16,2017,1,2,Road Accidents,Narrow road,Rural Areas,Open area,Human Error,No,Grievous Injury,Not Applicable,Uncontrolled,Straight and flat,NH,Bitumen(Tar),Dry,No influence on accident,Others,NH 48 Road,BHARATH PETROL BUNK,4KM,0.0,0.0
Bengaluru Dist,Nelamangala Traffic PS,1.04422e+16,2017,1,2,Road Accidents,Bridge,Rural Areas,Open area,Human Error,No,Damage Only,Others,Uncontrolled,Curve,NH,Bitumen(Tar),Dry,Not Applicable,Fine,NH-4,DABASPATE BRIDGE,20KM,0.0,0.0
Bengaluru Dist,Nelamangala Traffic PS,1.04422e+16,2017,1,2,Road Accidents,Cross roads,City/Town,Near Bus stop,Human Error,No,Damage Only,Head on,Give way sign,Curve and Incline,City or Town Road,Surfaced,Dry,No influence on accident,Clear,other road,Road,2 km,0.0,0.0
Bengaluru Dist,Nelamangala Traffic PS,1.04422e+16,2017,1,1,Road Accidents,Narrow road,Rural Areas,Open area,Human Error,No,Grievous Injury,Not Applicable,Uncontrolled,Straight and flat,NH,Bitumen(Tar),Dry,Not Applicable,Fine,NH-4,DODDERI U,10KM,0.0,0.0
Bengaluru Dist,Nelamangala Traffic PS,1.04422e+16,2017,1,1,Road Accidents,Not Applicable,Rural Areas,Open area,Human Error,Yes,Fatal,Hit and Run,Not at  Junction,Straight and flat,Expressway,Bitumen(Tar),Dry,Not Applicable,Clear,Bangaluru Tumkur NH-4 Road,Prince Hotel Near,15,0.0,0.0
Bengaluru Dist,Nelamangala Traffic PS,1.04422e+16,2017,1,2,Rail Road Accidents,Junction,Rural Areas,In bazaar,Human Error,No,Simple Injury,Head on,Controlled,Others,Expressway,Surfaced,Dry,Not Applicable,Cloudy,NORMAL,ROAD,08 KM,0.0,0.0
Bengaluru Dist,Nelamangala Traffic PS,1.04422e+16,2017,1,2,Road Accidents,Junction,Rural Areas,Narrow bridge or culverts,Human Error,No,Damage Only,Head on,Controlled,Dip or trough,Expressway,Concrete,Dry,Not Applicable,Clear,NORMAL ROAD,JASS TOLL,01 KM,0.0,0.0
Bengaluru Dist,Nelamangala Traffic PS,1.04422e+16,2017,1,2,Road Accidents,Narrow road,City/Town,Residential area,Human Error,Yes,Grievous Injury,Hit and Run,Uncontrolled,Straight and flat,NH,Bitumen(Tar),Dry,No influence on accident,Fine,NH-4,SLR KALYANAMANTAPA,1KM,0.0,0.0
Bengaluru Dist,Nelamangala Traffic PS,1.04422e+16,2017,1,1,Road Accidents,Other,Rural Areas,Open area,Human Error,No,Damage Only,Others,Not at  Junction,Others,NH,Bitumen(Tar),Dry,No influence on accident,Fine,Bengaluru Tumkuru NH-04 Road,Near Rayarapalya,22Kms,0.0,0.0
Bengaluru Dist,Nelamangala Traffic PS,1.04422e+16,2017,1,2,Rail Road Accidents,Other,Rural Areas,Near School or College,Human Error,No,Simple Injury,Others,Not at  Junction,Straight and flat,NH,Bitumen(Tar),Dry,No influence on accident,Fine,Kunigal Nelamangala NH 48 Service Road,Near Yataganahalli,06Kms,0.0,0.0
Bengaluru Dist,Nelamangala Traffic PS,1.04422e+16,2017,1,2,Road Accidents,Other,Rural Areas,Open area,Human Error,No,Damage Only,Others,Uncontrolled,Straight and flat,NH,Bitumen(Tar),Dry,No influence on accident,Fine,Bengaluru Tumkuru NH-04 Road,Near Bharath Benz,06Kms,0.0,0.0
Bengaluru Dist,Nelamangala Traffic PS,1.04422e+16,2017,1,2,Road Accidents,Narrow road,City/Town,Open area,Human Error,No,Damage Only,Others,Uncontrolled,Straight and flat,Others,Bitumen(Tar),Dry,No influence on accident,Fine,OTHERS ROAD,NICE ROAD GANGONDANAHALLI LAKE,15KM,0.0,0.0
Bengaluru Dist,Nelamangala Traffic PS,1.04422e+16,2017,1,1,Road Accidents,Other,Rural Areas,Open area,Human Error,No,Damage Only,Others,Uncontrolled,Straight and flat,NH,Bitumen(Tar),Dry,No influence on accident,Fine,Tumkuru Bengaluru NH-04 Road,Near Yedehalli,20KMs,0.0,0.0
Bengaluru Dist,Nelamangala Traffic PS,1.04422e+16,2017,1,1,Road Accidents,Other,Rural Areas,Open area,Not Applicable,Yes,Fatal,Others,Not at  Junction,Others,NH,Bitumen(Tar),Others,Not Applicable,Others,NH4 ROAD,20 KM,20,0.0,0.0
Bengaluru Dist,Nelamangala Traffic PS,1.04422e+16,2017,1,1,Road Accidents,Other,Rural Areas,Open area,Human Error,Not Applicable,Fatal,Hit pedestrian,Not at  Junction,Straight and flat,NH,Bitumen(Tar),Dry,No influence on accident,Fine,Tumkuru Bengaluru NH-0 Road,Near Veerananjipura Gate,08 Kms,0.0,0.0
Bengaluru Dist,Nelamangala Traffic PS,1.04422e+16,2017,1,1,Road Accidents,Other,Rural Areas,Open area,Human Error,No,Simple Injury,Hit pedestrian,Not at  Junction,Straight and flat,NH,Bitumen(Tar),Dry,Not Applicable,Wind,Tumkuru Bengaluru NH-04 Road,Near Yedahally,25KMS,0.0,0.0
Bengaluru Dist,Nelamangala Traffic PS,1.04422e+16,2017,1,1,Road Accidents,Narrow road,Rural Areas,Open area,Human Error,Yes,Simple Injury,Others,Uncontrolled,Straight and flat,NH,Bitumen(Tar),Dry,No influence on accident,Fine,NH-4,Mahinapura gate,12km,0.0,0.0
Bengaluru Dist,Nelamangala Traffic PS,1.04422e+16,2017,1,1,Road Accidents,Narrow road,City/Town,Open area,Human Error,No,Simple Injury,Others,Uncontrolled,Straight and flat,NH,Bitumen(Tar),Dry,No influence on accident,Fine,NH-4,Dilax petrol Bunk,3km,0.0,0.0
Bengaluru Dist,Nelamangala Traffic PS,1.04422e+16,2017,1,2,Road Accidents,Narrow road,Rural Areas,Open area,Human Error,No,Damage Only,Others,Uncontrolled,Straight and flat,NH,Bitumen(Tar),Dry,Not Applicable,Fine,NH-4,jass Toll,4km,0.0,0.0
Bengaluru Dist,Nelamangala Traffic PS,1.04422e+16,2017,1,2,Road Accidents,Narrow road,Rural Areas,Near Bus stop,Human Error,No,Fatal,Hit bicyclist,Not at  Junction,Straight and flat,NH,Bitumen(Tar),Dry,No influence on accident,Clear,Nelamangala Kunigal NH-48 Road,Mallarabanavadi Cross,5 K M,0.0,0.0
Bengaluru Dist,Nelamangala Traffic PS,1.04422e+16,2017,1,2,Road Accidents,Offset,City/Town,Open area,Human Error,No,Grievous Injury,Others,Not at  Junction,Straight and flat,NH,Bitumen(Tar),Dry,No influence on accident,Clear,Bengaluru Tumkuru NH-04 Road,Near Arya Garments,20KMs,0.0,0.0
Bengaluru Dist,Nelamangala Traffic PS,1.04422e+16,2017,1,1,Road Accidents,Other,Rural Areas,Open area,Human Error,No,Damage Only,Others,Not Applicable,Not Applicable,NH,Not Applicable,Not Applicable,No influence on accident,Fine,Kunigal Nelamangala NH-48,Infront Seetharamabhatarapalya,10 Kms,0.0,0.0
Bengaluru Dist,Nelamangala Traffic PS,1.04422e+16,2017,1,1,Road Accidents,Other,Rural Areas,Near Petrol Pump,Human Error,Not Applicable,Fatal,Hit pedestrian,Uncontrolled,Straight and flat,NH,Bitumen(Tar),Dry,No influence on accident,Fine,Tumkuru Bengaluru NH-0 Road,Near Bhuvaneshwari Petrol Bunk,06kms,0.0,0.0
Bengaluru Dist,Nelamangala Traffic PS,1.04422e+16,2017,1,2,Road Accidents,Narrow road,Not Applicable,Near a factory industrial area,Human Error,No,Fatal,Hit bicyclist,Not at  Junction,Straight and flat,NH,Bitumen(Tar),Dry,No influence on accident,Clear,Bangaluru Thumakuru NH-04 Road,Adakamaranahalli Bridge,10 K M,0.0,0.0
Bengaluru Dist,Nelamangala Traffic PS,1.04422e+16,2017,1,2,Road Accidents,Junction,City/Town,Open area,Human Error,No,Damage Only,Others,No signal lights,Others,NH,Bitumen(Tar),Dry,No influence on accident,Fine,n,Kunigal Circle,2 KM,0.0,0.0
Bengaluru Dist,Nelamangala Traffic PS,1.04422e+16,2017,1,2,Road Accidents,Other,City/Town,Near a factory industrial area,Human Error,No,Damage Only,Others,Not at  Junction,Hump,NH,Bitumen(Tar),Dry,No influence on accident,Wind,Bengaluru Tumkuru NH-04,Near Navayuga Toll,02Kms,0.0,0.0
Bengaluru Dist,Nelamangala Traffic PS,1.04422e+16,2017,1,2,Road Accidents,Other,City/Town,Near Bus stop,Human Error,No,Damage Only,Others,Not at  Junction,Straight and flat,NH,Bitumen(Tar),Dry,No influence on accident,Snow,Bengaluru Tumkuru NH-04,Madanayakanahalli,10Kms,0.0,0.0
Bengaluru Dist,Nelamangala Traffic PS,1.04422e+16,2017,1,1,Road Accidents,Other,Rural Areas,Open area,Human Error,No,Simple Injury,Hit pedestrian,Not at  Junction,Straight and flat,NH,Bitumen(Tar),Dry,No influence on accident,Clear,Tumkuru Bengaluru NH-0 Road,Near Mahimapura Garte,12kms,0.0,0.0
Bengaluru Dist,Nelamangala Traffic PS,1.04422e+16,2017,1,2,Road Accidents,Cross roads,Rural Areas,Near Bus stop,Human Error,No,Grievous Injury,Others,Uncontrolled,Straight and flat,NH,Bitumen(Tar),Dry,No influence on accident,Fine,NH-4,THYAMAGONDLU CROSS,10KM,0.0,0.0
Bengaluru Dist,Nelamangala Traffic PS,1.04422e+16,2017,1,1,Road Accidents,Other,Rural Areas,Open area,Human Error,Not Applicable,Fatal,Hit pedestrian,Uncontrolled,Others,NH,Bitumen(Tar),Dry,No influence on accident,Fine,Tumkuru Bengaluru NH-0 Road,Near Kulavanahally U Turn,15 Kms,0.0,0.0
Bengaluru Dist,Nelamangala Traffic PS,1.04422e+16,2017,1,1,Road Accidents,Other,City/Town,Open area,Human Error,Yes,Simple Injury,Hit pedestrian,Not at  Junction,Straight and flat,Service Road,Bitumen(Tar),Dry,No influence on accident,Fine,Bengaluru Tumkuru NH-04 Service Road,Near Adarshanagara Nelamangala,05 Kms,0.0,0.0
Bengaluru Dist,Nelamangala Traffic PS,1.04422e+16,2017,1,2,Road Accidents,Other,Rural Areas,Open area,Human Error,Not Applicable,Simple Injury,Others,Uncontrolled,Others,NH,Bitumen(Tar),Dry,No influence on accident,Fine,Kunigal Nelamangala NH-48,Near Mallarabanavadi Gate,05 Kms,0.0,0.0
Bengaluru Dist,Nelamangala Traffic PS,1.04422e+16,2017,1,2,Road Accidents,Narrow road,Rural Areas,Open area,Human Error,No,Damage Only,Others,Uncontrolled,Straight and flat,NH,Bitumen(Tar),Dry,No influence on accident,Others,NH-4,petrol Bunk,4km,0.0,0.0
Bengaluru Dist,Nelamangala Traffic PS,1.04422e+16,2017,1,1,Road Accidents,Other,City/Town,Near a religious place,Human Error,Not Applicable,Fatal,Hit pedestrian,Uncontrolled,Straight and flat,NH,Bitumen(Tar),Dry,No influence on accident,Fine,Tumkuru Bengaluru NH-0 Road,NEAR MADAVARA,10 Kms,0.0,0.0
Bengaluru Dist,Nelamangala Traffic PS,1.04422e+16,2017,1,1,Road Accidents,Other,City/Town,Open area,Human Error,No,Simple Injury,Hit pedestrian,Not at  Junction,Straight and flat,Service Road,Bitumen(Tar),Dry,No influence on accident,Fine,Bengaluru Tumkuru NH-04 Service Road,Near Makali Bus Stand,08 Kms,0.0,0.0
Bengaluru Dist,Nelamangala Traffic PS,1.04422e+16,2017,1,2,Road Accidents,Other,City/Town,Near a factory industrial area,Human Error,No,Simple Injury,Others,Not at  Junction,Curve,Service Road,Bitumen(Tar),Dry,No influence on accident,Fine,Bengaluru Tumkuru NH-04 Service Road,Near Byadarahally Gate,04Kms,0.0,0.0
Bengaluru Dist,Nelamangala Traffic PS,1.04422e+16,2017,1,2,Road Accidents,Other,City/Town,Near Bus stop,Human Error,Not Applicable,Damage Only,Others,Not at  Junction,Straight and flat,Service Road,Bitumen(Tar),Dry,No influence on accident,Fine,Bengaluru Tumkuru NH-04 Service Road,Near Dasanapura Bus Stand,06kms,0.0,0.0
Bengaluru Dist,Nelamangala Traffic PS,1.04422e+16,2017,1,2,Road Accidents,Narrow road,City/Town,Open area,Human Error,No,Grievous Injury,Others,Uncontrolled,Straight and flat,NH,Bitumen(Tar),Dry,No influence on accident,Fine,NH-4,MADAVARA TOLL,12KM,0.0,0.0
Bengaluru Dist,Nelamangala Traffic PS,1.04422e+16,2017,1,1,Road Accidents,Narrow road,City/Town,Open area,Human Error,Yes,Fatal,Others,Uncontrolled,Straight and flat,NH,Bitumen(Tar),Dry,Not Applicable,Fine,NH-4,MAKALI BUS STOP,7KM,0.0,0.0
Bengaluru Dist,Nelamangala Traffic PS,1.04422e+16,2017,1,1,Road Accidents,Narrow road,Rural Areas,Open area,Human Error,No,Grievous Injury,Others,Uncontrolled,Straight and flat,NH,Bitumen(Tar),Dry,No influence on accident,Fine,NH-4,PYARA HOTEL,20KM,0.0,0.0
Bengaluru Dist,Nelamangala Traffic PS,1.04422e+16,2017,1,2,Road Accidents,Narrow road,City/Town,Open area,Human Error,No,Grievous Injury,Not Applicable,Uncontrolled,Straight and flat,NH,Bitumen(Tar),Dry,Not Applicable,Fine,NH-4,HUSKOOR CROSS,6KM,0.0,0.0
Bengaluru Dist,Nelamangala Traffic PS,1.04422e+16,2017,1,2,Road Accidents,Other,Rural Areas,Open area,Human Error,Not Applicable,Simple Injury,Others,Not at  Junction,Straight and flat,NH,Bitumen(Tar),Dry,No influence on accident,Fine,Tumkuru Bengaluru NH-0 Road,NEAR DODDERI,12kms,0.0,0.0
Bengaluru Dist,Nelamangala Traffic PS,1.04422e+16,2017,1,2,Road Accidents,Narrow road,Rural Areas,Open area,Human Error,No,Damage Only,Others,Uncontrolled,Others,NH,Bitumen(Tar),Dry,Not Applicable,Fine,NH-4,DABASPATE BRIDGE,20KM,0.0,0.0
Bengaluru Dist,Nelamangala Traffic PS,1.04422e+16,2017,1,2,Road Accidents,Other,Rural Areas,Open area,Human Error,Not Applicable,Grievous Injury,Others,Not at  Junction,Others,Others,Bitumen(Tar),Dry,No influence on accident,Fine,Tumkuru Bengaluru NH-0 Road,Near Rayarapalya Gate,18Kms,0.0,0.0
Bengaluru Dist,Nelamangala Traffic PS,1.04422e+16,2017,1,3,Road Accidents,Narrow road,Rural Areas,Open area,Human Error,No,Damage Only,Not Applicable,Uncontrolled,Straight and flat,NH,Bitumen(Tar),Dry,Not Applicable,Fine,NH-4,NEAR KBD,5KM,0.0,0.0
Bengaluru Dist,Nelamangala Traffic PS,1.04422e+16,2017,1,1,Road Accidents,Narrow road,Rural Areas,Open area,Human Error,Yes,Grievous Injury,Hit pedestrian,Uncontrolled,Others,NH,Bitumen(Tar),Dry,Not Applicable,Fine,NH,THONACHINAKUPPE,5KM,0.0,0.0
Bengaluru Dist,Nelamangala Traffic PS,1.04422e+16,2017,1,1,Road Accidents,Other,Rural Areas,Near Bus stop,Not Applicable,No,Fatal,Others,Not at  Junction,Others,NH,Bitumen(Tar),Dry,Not Applicable,Fine,NH4,1,10 KM,0.0,0.0
Bengaluru Dist,Nelamangala Traffic PS,1.04422e+16,2017,1,2,Road Accidents,Other,City/Town,Open area,Human Error,No,Simple Injury,Others,Controlled,Not Applicable,NH,Bitumen(Tar),Dry,Not Applicable,Clear,THUMUKUR TO BANGALORE ROAD,PLY OVER,5,0.0,0.0
Bengaluru Dist,Nelamangala Traffic PS,1.04422e+16,2017,1,2,Road Accidents,Narrow road,Rural Areas,Open area,Human Error,No,Grievous Injury,Hit parked vehicle,Uncontrolled,Others,NH,Bitumen(Tar),Dry,Not Applicable,Fine,NH-4,OPP CHANDHU DABA,4KM,0.0,0.0
Bengaluru Dist,Nelamangala Traffic PS,1.04422e+16,2017,1,2,Road Accidents,Curves,Rural Areas,Near Bus stop,Human Error,No,Simple Injury,Head on,Uncontrolled,Curve,Expressway,Surfaced,Dry,Not Applicable,Clear,NARROW ROAD,NARROW ROAD,15KM,0.0,0.0
Bengaluru Dist,Nelamangala Traffic PS,1.04422e+16,2017,1,1,Road Accidents,Curves,Rural Areas,Near or inside a village,Human Error,No,Simple Injury,Overturning,Controlled,Curve,Expressway,Surfaced,Dry,Not Applicable,Clear,NARROW,NARROW,10 KM,0.0,0.0
Bengaluru Dist,Nelamangala Traffic PS,1.04422e+16,2017,1,1,Road Accidents,Other,Rural Areas,Near Bus stop,Human Error,No,Simple Injury,Hit pedestrian,Controlled,Others,NH,Bitumen(Tar),Dry,Not Applicable,Clear,TUMKUR - BANGALORE NH - 4 ROAD,HUBBLI  NAGAPUR GARAGE,80 FT,0.0,0.0
Bengaluru Dist,Nelamangala Traffic PS,1.04422e+16,2017,1,2,Road Accidents,Other,Not Applicable,Near Hospital,Not Applicable,No,Not Applicable,Others,Not at  Junction,Others,Others,Not Applicable,Others,Not Applicable,Fine,1,0,2 KM,0.0,0.0
Bengaluru Dist,Nelamangala Traffic PS,1.04422e+16,2017,1,1,Road Accidents,Other,Rural Areas,Near Bus stop,Not Applicable,Yes,Fatal,Hit pedestrian,Not Applicable,Others,NH,Bitumen(Tar),Dry,Not Applicable,Fine,NH,0,12,0.0,0.0
Bengaluru Dist,Nelamangala Traffic PS,1.04422e+16,2017,1,1,Road Accidents,Other,Rural Areas,Open area,Human Error,No,Simple Injury,Hit pedestrian,Controlled,Not Applicable,NH,Bitumen(Tar),Dry,Not Applicable,Clear,BANGALORE TO TUMKUMR ROAD N H - 4,SKY WALK,10 FT,0.0,0.0
Bengaluru Dist,Nelamangala Traffic PS,1.04422e+16,2017,1,1,Road Accidents,Narrow road,Rural Areas,Open area,Human Error,No,Grievous Injury,Others,Uncontrolled,Straight and flat,NH,Bitumen(Tar),Dry,No influence on accident,Fine,NH-4,TCI BRIDGE,12KM,0.0,0.0
Bengaluru Dist,Nelamangala Traffic PS,1.04422e+16,2017,1,1,Road Accidents,Narrow road,Rural Areas,Residential area,Human Error,No,Damage Only,Hit fixed object,Uncontrolled,Straight and flat,NH,Bitumen(Tar),Dry,Not Applicable,Fine,NH-4,Tippagondanahalli,7KM,0.0,0.0
Bengaluru Dist,Nelamangala Traffic PS,1.04422e+16,2017,1,1,Road Accidents,Junction,Rural Areas,Near a factory industrial area,Human Error,Yes,Grievous Injury,Hit and Run,Uncontrolled,Straight and flat,NH,Bitumen(Tar),Dry,Not Applicable,Fine,NH-4,JASS TOLL,4KM,0.0,0.0
Bengaluru Dist,Nelamangala Traffic PS,1.04422e+16,2017,1,1,Road Accidents,Not Applicable,Rural Areas,Near Bus stop,Not Applicable,No,Fatal,Hit pedestrian,Not at  Junction,Not Applicable,NH,Bitumen(Tar),Others,Not Applicable,Others,nh4,0,9,0.0,0.0
Bengaluru Dist,Nelamangala Traffic PS,1.04422e+16,2017,1,2,Road Accidents,Other,City/Town,Near Petrol Pump,Human Error,No,Simple Injury,Others,Uncontrolled,Straight and flat,NH,Bitumen(Tar),Dry,No influence on accident,Fine,Bengaluru Tumkuru NH-04 Road,Near Reliance Petrol Bunk,03Kms,0.0,0.0
Bengaluru Dist,Nelamangala Traffic PS,1.04422e+16,2017,1,1,Road Accidents,Other,Rural Areas,Open area,Human Error,Not Applicable,Not Applicable,Others,Uncontrolled,Straight and flat,NH,Bitumen(Tar),Dry,No influence on accident,Fine,Nelamangala Kunigal NH 48 Road,Near Lancotoll,08kms,0.0,0.0
Bengaluru Dist,Nelamangala Traffic PS,1.04422e+16,2017,1,2,Road Accidents,Narrow road,Rural Areas,Near or inside a village,Human Error,No,Grievous Injury,Hit bicyclist,Uncontrolled,Straight and flat,NH,Bitumen(Tar),Dry,No influence on accident,Fine,NH-4,HOSA NIJAGALLU,20,0.0,0.0
Bengaluru Dist,Nelamangala Traffic PS,1.04422e+16,2017,1,2,Road Accidents,Other,Rural Areas,Open area,Human Error,No,Simple Injury,Others,Uncontrolled,Straight and flat,NH,Bitumen(Tar),Dry,No influence on accident,Fine,Bengaluru Tumkuru NH -4 Road,Near Dabasapete,20KMs,0.0,0.0
Bengaluru Dist,Nelamangala Traffic PS,1.04422e+16,2017,1,2,Road Accidents,Other,Rural Areas,Open area,Human Error,No,Damage Only,Others,Uncontrolled,Others,NH,Bitumen(Tar),Dry,No influence on accident,Fine,Bengaluru Tumkuru NH 04 Road,Near Seven Hills Daba Nelamangala,05Kms,0.0,0.0
Bengaluru Dist,Nelamangala Traffic PS,1.04422e+16,2017,1,2,Road Accidents,Narrow road,Rural Areas,Open area,Human Error,No,Grievous Injury,Others,Uncontrolled,Straight and flat,NH,Bitumen(Tar),Dry,No influence on accident,Fine,NH-4 Road,Kuluvanahalli circle,10Km,0.0,0.0
Bengaluru Dist,Nelamangala Traffic PS,1.04422e+16,2017,1,2,Road Accidents,Narrow road,City/Town,Residential area,Human Error,No,Fatal,Overturning,Not at  Junction,Straight and flat,NH,Bitumen(Tar),Dry,No influence on accident,Clear,Thumakur Bangaluru NH-04 Road,Dabaspet Flyover Bridge,25,0.0,0.0
Bengaluru Dist,Nelamangala Traffic PS,1.04422e+16,2017,1,2,Road Accidents,Narrow road,City/Town,Open area,Human Error,No,Damage Only,Others,Uncontrolled,Straight and flat,NH,Bitumen(Tar),Dry,No influence on accident,Fine,NH-4,NADGIR COLLAGE,10 KM,0.0,0.0
Bengaluru Dist,Nelamangala Traffic PS,1.04422e+16,2017,1,2,Road Accidents,Other,City/Town,Near Bus stop,Human Error,Not Applicable,Fatal,Others,Not at  Junction,Straight and flat,Service Road,Bitumen(Tar),Dry,No influence on accident,Fine,NH 04 Service Road,Near Chikkabidarakallu,12Kms,0.0,0.0
Bengaluru Dist,Nelamangala Traffic PS,1.04422e+16,2017,1,1,Road Accidents,Narrow road,Villages settlement,Open area,Human Error,No,Grievous Injury,Hit puchcart,Uncontrolled,Straight and flat,NH,Bitumen(Tar),Dry,Not Applicable,Fine,NH-4,JASS TOLL,4kM,0.0,0.0
Bengaluru Dist,Nelamangala Traffic PS,1.04422e+16,2017,1,1,Road Accidents,Other,Rural Areas,Near a religious place,Human Error,No,Grievous Injury,Others,Not at  Junction,Straight and flat,Service Road,Bitumen(Tar),Dry,No influence on accident,Fine,Benaglauru Tumkuru NH-04 Road,NEAR ANJENIYA TEMPLE,05Kms,0.0,0.0
Bengaluru Dist,Nelamangala Traffic PS,1.04422e+16,2017,1,2,Road Accidents,Other,Rural Areas,Open area,Human Error,No,Damage Only,Others,Not at  Junction,Straight and flat,NH,Bitumen(Tar),Dry,No influence on accident,Wind,Tumkuru Bengaluru NH-04 Road,Near Edahalli Infront HP Petrol Bunk,15 Kms,0.0,0.0
Bengaluru Dist,Nelamangala Traffic PS,1.04422e+16,2017,1,2,Road Accidents,Narrow road,City/Town,Open area,Human Error,No,Fatal,Hit bicyclist,Uncontrolled,Straight and flat,NH,Bitumen(Tar),Dry,No influence on accident,Fine,NH-4 Road,T Beguru Bus Stop,8KM,0.0,0.0
Bengaluru Dist,Nelamangala Traffic PS,1.04422e+16,2017,1,4,Road Accidents,Other,Rural Areas,Open area,Human Error,No,Damage Only,Others,Not at  Junction,Straight and flat,NH,Bitumen(Tar),Dry,No influence on accident,Fine,Tumkuru Bengaluru NH-0 Road,Near Bommanahalli Gate,05 Kms,0.0,0.0
Bengaluru Dist,Nelamangala Traffic PS,1.04422e+16,2017,1,1,Road Accidents,Narrow road,Rural Areas,Open area,Human Error,No,Grievous Injury,Others,Uncontrolled,Straight and flat,NH,Bitumen(Tar),Dry,No influence on accident,Fine,NH-48,MAHADEVAPURA  U TURN,10KM,0.0,0.0