DISTRICTNAME,UNITNAME,Crime_No,Year,RI,Noofvehicle_involved,Accident_Classification,Accident_Spot,Accident_Location,Accident_SubLocation,Main_Cause,Hit_Run,Severity,Collision_Type,Junction_Control,Road_Character,Road_Type,Surface_Type,Surface_Condition,Road_Condition,Weather,Accident_Road,Landmark_first,Distance_LandMark_First,Latitude,Longitude
Bengaluru Dist,Nelamangala Traffic PS,1.04422e+16,2018,1,2,Road Accidents,Cross roads,Rural Areas,Near a factory industrial area,Human Error,No,Simple Injury,Others,Controlled,Others,NH,Bitumen(Tar),Dry,Not Applicable,Clear,KUNIGAL - NELAMANGALA NH-48 ROAD,WEIGHBRIDGE,70 FT,0.0,0.0
Bengaluru Dist,Nelamangala Traffic PS,1.04422e+16,2018,1,3,Road Accidents,Other,Rural Areas,Near Bus stop,Not Applicable,No,Damage Only,Others,Not at  Junction,Others,NH,Bitumen(Tar),Others,Not Applicable,Others,nh 48,kunigal circle,2,0.0,0.0
Bengaluru Dist,Nelamangala Traffic PS,1.04422e+16,2018,1,2,Road Accidents,Other,Rural Areas,Open area,Not Applicable,Yes,Simple Injury,Others,Not at  Junction,Others,NH,Bitumen(Tar),Others,Not Applicable,Others,NH 4,rayrapalya gate,20,0.0,0.0
Bengaluru Dist,Nelamangala Traffic PS,1.04422e+16,2018,1,2,Road Accidents,Narrow road,Rural Areas,Open area,Human Error,No,Damage Only,Head on,Not Applicable,Straight and flat,NH,Bitumen(Tar),Dry,Not Applicable,Fine,NH-4,GUNDENAHALLI,20KM,0.0,0.0
Bengaluru Dist,Nelamangala Traffic PS,1.04422e+16,2018,1,4,Road Accidents,Other,City/Town,Open area,Human Error,Yes,Damage Only,Others,Stop sign,Straight and flat,NH,Bitumen(Tar),Dry,No influence on accident,Others,TUMAKURU BENGALURU NH 04 ROAD,NEAR ADAKAMARANAHALLI,04KMS,0.0,0.0
Bengaluru Dist,Nelamangala Traffic PS,1.04422e+16,2018,1,2,Road Accidents,Narrow road,City/Town,Open area,Human Error,No,Simple Injury,Others,Uncontrolled,Straight and flat,NH,Bitumen(Tar),Dry,No influence on accident,Fine,NH-4,M N HALLI TOTAL GAS,10KM,0.0,0.0
Bengaluru Dist,Nelamangala Traffic PS,1.04422e+16,2018,1,2,Road Accidents,Other,Rural Areas,Open area,Not Applicable,No,Fatal,Others,Not at  Junction,Others,NH,Bitumen(Tar),Others,Not Applicable,Others,NH 4,PUNJABI DABA,20 KM,0.0,0.0
Bengaluru Dist,Nelamangala Traffic PS,1.04422e+16,2018,1,2,Road Accidents,Cross roads,Rural Areas,Near Bus stop,Human Error,No,Simple Injury,Head on,Uncontrolled,Curve,Others,Gravel,Flooded,Pot holed,Dust Storn,OTHER ROAD,ROAD,02 KM,0.0,0.0
Bengaluru Dist,Nelamangala Traffic PS,1.04422e+16,2018,1,1,Road Accidents,Other,Rural Areas,Open area,Not Applicable,Yes,Fatal,Others,Not at  Junction,Others,NH,Bitumen(Tar),Others,Not Applicable,Others,NH 48,ARISINAKUNTE KSRTC DIPO,3,0.0,0.0
Bengaluru Dist,Nelamangala Traffic PS,1.04422e+16,2018,1,1,Road Accidents,Narrow road,City/Town,Open area,Human Error,No,Grievous Injury,Head on,Uncontrolled,Straight and flat,NH,Bitumen(Tar),Dry,Not Applicable,Fine,NH,ARISHINAKUNTE TOLL,3KM,0.0,0.0
Bengaluru Dist,Nelamangala Traffic PS,1.04422e+16,2018,1,2,Road Accidents,Not Applicable,Rural Areas,Open area,Vehicle Defect,No,Fatal,Others,Not at  Junction,Others,Others,Bitumen(Tar),Dry,Not Applicable,Fine,nh4,0,3,0.0,0.0
Bengaluru Dist,Nelamangala Traffic PS,1.04422e+16,2018,1,1,Road Accidents,Other,Rural Areas,Open area,Human Error,No,Simple Injury,Others,Uncontrolled,Straight and flat,NH,Bitumen(Tar),Dry,No influence on accident,Fine,Tumkuru Bengaluru NH 04 Service Road,Near Boodihal U Turn,05Kms,0.0,0.0
Bengaluru Dist,Nelamangala Traffic PS,1.04422e+16,2018,1,2,Road Accidents,Curves,Rural Areas,Narrow bridge or culverts,Human Error,No,Grievous Injury,Overturning,Uncontrolled,Curve,Expressway,Surfaced,Dry,Pot holed,Cloudy,NARROW ROAD,ROAD,100 FT,0.0,0.0
Bengaluru Dist,Nelamangala Traffic PS,1.04422e+16,2018,1,2,Road Accidents,Other,Rural Areas,Open area,Human Error,No,Simple Injury,Others,Controlled,Others,NH,Bitumen(Tar),Dry,Not Applicable,Clear,TUMKUR TO BANGALORE NH -4 ROAD,STREET LIGHT,10 FT,0.0,0.0
Bengaluru Dist,Nelamangala Traffic PS,1.04422e+16,2018,1,1,Road Accidents,Other,Rural Areas,Near Petrol Pump,Human Error,No,Damage Only,Drowned,Controlled,Others,NH,Bitumen(Tar),Dry,Not Applicable,Clear,KUNIGAL TO NELAMANGALA NH -48 ROAD,PETROL BUNK,100 FT,0.0,0.0
Bengaluru Dist,Nelamangala Traffic PS,1.04422e+16,2018,1,1,Road Accidents,Other,Rural Areas,Open area,Human Error,No,Simple Injury,Others,Uncontrolled,Others,NH,Bitumen(Tar),Dry,No influence on accident,Fine,Tumakuru Bengaluru NH 04 Road,Near Madavara,10,0.0,0.0
Bengaluru Dist,Nelamangala Traffic PS,1.04422e+16,2018,1,2,Road Accidents,Other,Rural Areas,Near Bus stop,Human Error,No,Damage Only,Overturning,Controlled,Others,NH,Bitumen(Tar),Others,Not Applicable,Clear,TUMKUR TO BANGALORE NH -4 ROAD,U TURN,20 FT,0.0,0.0
Bengaluru Dist,Nelamangala Traffic PS,1.04422e+16,2018,1,2,Road Accidents,Narrow road,Rural Areas,Near Bus stop,Human Error,No,Grievous Injury,Others,Uncontrolled,Straight and flat,NH,Bitumen(Tar),Dry,No influence on accident,Fine,NH-4,DODDERI U TURN,4KM,0.0,0.0
Bengaluru Dist,Nelamangala Traffic PS,1.04422e+16,2018,1,1,Road Accidents,Other,Rural Areas,Open area,Human Error,No,Damage Only,Hit fixed object,Controlled,Others,NH,Bitumen(Tar),Dry,Not Applicable,Clear,BANGALORE TO TUMAKUR NH -4 HIGH WAY ROAD,K P CRANE OFFICE,100 FT,0.0,0.0
Bengaluru Dist,Nelamangala Traffic PS,1.04422e+16,2018,1,2,Road Accidents,Narrow road,Rural Areas,Open area,Human Error,No,Grievous Injury,Right Turn Collision,Controlled,Straight and flat,NH,Bitumen(Tar),Dry,No influence on accident,Fine,NH-4,SUDHANAGARA GATE,8KM,0.0,0.0
Bengaluru Dist,Nelamangala Traffic PS,1.04422e+16,2018,1,2,Road Accidents,Not Applicable,Rural Areas,Near Bus stop,Not Applicable,No,Fatal,Not Applicable,Not at  Junction,Not Applicable,NH,Bitumen(Tar),Others,Not Applicable,Fine,NH4,1,1/2 KM,0.0,0.0
Bengaluru Dist,Nelamangala Traffic PS,1.04422e+16,2018,1,2,Road Accidents,Other,City/Town,Open area,Human Error,No,Damage Only,Rear end,Uncontrolled,Others,NH,Bitumen(Tar),Dry,No influence on accident,Fine,Bengaluru Tumakuru NH 04 Road,Near Madanayakanahalli,5,0.0,0.0
Bengaluru Dist,Nelamangala Traffic PS,1.04422e+16,2018,1,1,Road Accidents,Other,Rural Areas,Open area,Not Applicable,No,Fatal,Others,Not at  Junction,Others,NH,Bitumen(Tar),Not Applicable,Not Applicable,Others,NH4,PRERANA MOTORS,20,0.0,0.0
Bengaluru Dist,Nelamangala Traffic PS,1.04422e+16,2018,1,2,Road Accidents,Narrow road,Rural Areas,Near a factory industrial area,Human Error,No,Simple Injury,Head on,Uncontrolled,Straight and flat,NH,Bitumen(Tar),Dry,No influence on accident,Fine,NH-4,YADEHALLI U TURN,18KM,0.0,0.0
Bengaluru Dist,Nelamangala Traffic PS,1.04422e+16,2018,1,2,Road Accidents,Narrow road,Rural Areas,Open area,Human Error,No,Grievous Injury,Head on,Uncontrolled,Straight and flat,NH,Bitumen(Tar),Dry,Not Applicable,Fine,NH-4,HANUMANTHAPURA COLONY,12KM,0.0,0.0
Bengaluru Dist,Nelamangala Traffic PS,1.04422e+16,2018,1,2,Road Accidents,Other,Rural Areas,Near office complex,Human Error,No,Simple Injury,Others,Not at  Junction,Others,Others,Bitumen(Tar),Others,Not Applicable,Others,Dasanapura,Godown,6 km,0.0,0.0
Bengaluru Dist,Nelamangala Traffic PS,1.04422e+16,2018,1,2,Road Accidents,Other,Rural Areas,Near a factory industrial area,Not Applicable,No,Fatal,Others,Not at  Junction,Others,NH,Bitumen(Tar),Not Applicable,Not Applicable,Others,NH 4 ROAD,VEERANANJIPURA GATE,8,0.0,0.0
Bengaluru Dist,Nelamangala Traffic PS,1.04422e+16,2018,1,1,Road Accidents,Narrow road,Rural Areas,Near or inside a village,Human Error,No,Grievous Injury,Head on,Uncontrolled,Straight and flat,Expressway,Surfaced,Dry,Pot holed,Clear,NH-4 ROAD,ROAD,01 km,0.0,0.0
Bengaluru Dist,Nelamangala Traffic PS,1.04422e+16,2018,1,2,Road Accidents,Narrow road,Rural Areas,Near office complex,Human Error,Yes,Simple Injury,Vehicle to Vehicle,Police / Manual,Straight and flat,NH,Bitumen(Tar),Dry,No influence on accident,Fine,TUMKUR BANGALORE NH4 ROAD,JINDAL PRESTIGE GROUP,12,0.0,0.0
Bengaluru Dist,Nelamangala Traffic PS,1.04422e+16,2018,1,2,Road Accidents,Junction,Rural Areas,Open area,Human Error,No,Simple Injury,Right Turn Collision,Uncontrolled,Straight and flat,Expressway,Surfaced,Dry,Pot holed,Fine,NH 4 ROAD,ROAD,02 KM,0.0,0.0
Bengaluru Dist,Nelamangala Traffic PS,1.04422e+16,2018,1,1,Road Accidents,Other,Rural Areas,Open area,Not Applicable,No,Fatal,Others,Not at  Junction,Not Applicable,NH,Bitumen(Tar),Others,Not Applicable,Others,NH 48,RAVI FORM,8,0.0,0.0
Bengaluru Dist,Nelamangala Traffic PS,1.04422e+16,2018,1,1,Road Accidents,Circle,Rural Areas,Open area,Human Error,No,Not Applicable,Not Applicable,Stop sign,Straight and flat,NH,Bitumen(Tar),Dry,Not Applicable,Fine,NH4,JOSS TOLL,3KM,0.0,0.0
Bengaluru Dist,Nelamangala Traffic PS,1.04422e+16,2018,1,2,Road Accidents,Narrow road,City/Town,Near or inside a village,Human Error,No,Damage Only,Head on,Uncontrolled,Straight and flat,NH,Bitumen(Tar),Dry,Not Applicable,Fine,NH-4,SLR KALYANAMANTAPA,1KM,0.0,0.0
Bengaluru Dist,Nelamangala Traffic PS,1.04422e+16,2018,1,1,Road Accidents,Narrow road,Rural Areas,Open area,Human Error,Yes,Grievous Injury,Hit and Run,Uncontrolled,Straight and flat,NH,Bitumen(Tar),Dry,No influence on accident,Fine,NH-4,BILLINAKOTE,15KM,0.0,0.0
Bengaluru Dist,Nelamangala Traffic PS,1.04422e+16,2018,1,2,Road Accidents,Narrow road,Rural Areas,Open area,Human Error,No,Damage Only,Others,Uncontrolled,Straight and flat,NH,Bitumen(Tar),Dry,No influence on accident,Fine,NH4,THONACHINAKUPPE VILLAGE,6KM,0.0,0.0
Bengaluru Dist,Nelamangala Traffic PS,1.04422e+16,2018,1,2,Road Accidents,Other,Rural Areas,Open area,Not Applicable,Yes,Simple Injury,Others,Not at  Junction,Others,NH,Bitumen(Tar),Others,Not Applicable,Others,NH 48,MAHADEVAPURA,6,0.0,0.0
Bengaluru Dist,Nelamangala Traffic PS,1.04422e+16,2018,1,2,Road Accidents,Other,Rural Areas,Open area,Not Applicable,Yes,Fatal,Others,Not at  Junction,Not Applicable,NH,Bitumen(Tar),Others,Not Applicable,Others,nh 48,CHANDRANNA HOUSE,6,0.0,0.0
Bengaluru Dist,Nelamangala Traffic PS,1.04422e+16,2018,1,2,Road Accidents,Junction,Rural Areas,Near a religious place,Human Error,No,Simple Injury,Others,No signal lights,Others,NH,Bitumen(Tar),Dry,Not Applicable,Clear,TUMAKURU TO BANGALORE NH - 4 ROAD,DARGA,50 FT,0.0,0.0
Bengaluru Dist,Nelamangala Traffic PS,1.04422e+16,2018,1,2,Road Accidents,Junction,Rural Areas,Narrow bridge or culverts,Human Error,Yes,Simple Injury,Hit and Run,Controlled,Curve,NH,Bitumen(Tar),Dry,Not Applicable,Clear,BANGALORE TO TUMAKUR NH -4 SERVICE  ROAD,BRIDGE WALL,3 FT,0.0,0.0
Bengaluru Dist,Nelamangala Traffic PS,1.04422e+16,2018,1,2,Road Accidents,Other,Rural Areas,Open area,Human Error,No,Simple Injury,Others,Controlled,Others,NH,Bitumen(Tar),Dry,Not Applicable,Clear,TUMAKURU TO BANGALORE NH - 4 SERVICE  ROAD,BUS STOP,200 FT,0.0,0.0
Bengaluru Dist,Nelamangala Traffic PS,1.04422e+16,2018,1,2,Road Accidents,Not Applicable,Villages settlement,Open area,Not Applicable,No,Grievous Injury,Not Applicable,Not Applicable,Straight and flat,NH,Bitumen(Tar),Dry,Not Applicable,Clear,NELAMANGALA KUNIGAL NH-48 ROAD,S M S HOTEL OPP,5 K M,0.0,0.0
Bengaluru Dist,Nelamangala Traffic PS,1.04422e+16,2018,1,2,Road Accidents,Offset,Rural Areas,Near Bus stop,Human Error,No,Simple Injury,Others,Not at  Junction,Others,NH,Bitumen(Tar),Others,Not Applicable,Others,Benaglauru Tumkuru NH-04 Road,Near Dabasapete Bus Stand,8Kms,0.0,0.0
Bengaluru Dist,Nelamangala Traffic PS,1.04422e+16,2018,1,2,Road Accidents,Narrow road,City/Town,Open area,Human Error,No,Grievous Injury,Hit parked vehicle,Uncontrolled,Straight and flat,NH,Bitumen(Tar),Dry,Not Applicable,Fine,NH-4,PRASANNANJAYA LAYOUT,1KM,0.0,0.0
Bengaluru Dist,Nelamangala Traffic PS,1.04422e+16,2018,1,2,Road Accidents,Other,Rural Areas,Near or inside a village,Human Error,No,Simple Injury,Others,Not at  Junction,Others,NH,Bitumen(Tar),Not Applicable,Not Applicable,Others,Benaglauru Tumkuru NH-04 Road,Near Dodderi village,10 Kms,0.0,0.0
Bengaluru Dist,Nelamangala Traffic PS,1.04422e+16,2018,1,1,Not Applicable,Other,Rural Areas,Near Hospital,Human Error,Yes,Simple Injury,Others,Not at  Junction,Others,Others,Bitumen(Tar),Not Applicable,Not Applicable,Others,Near Kunigal circle,Behind Bhavani shankar hotel,05 Kms,0.0,0.0
Bengaluru Dist,Nelamangala Traffic PS,1.04422e+16,2018,1,2,Road Accidents,Other,Rural Areas,Near Bus stop,Human Error,No,Simple Injury,Others,Not at  Junction,Others,Others,Bitumen(Tar),Not Applicable,Not Applicable,Snow,Tumkuru Bengaluru NH-04 Service  Road,Makali Bus Stop,05Kms,0.0,0.0
Bengaluru Dist,Nelamangala Traffic PS,1.04422e+16,2018,1,2,Road Accidents,Narrow road,Rural Areas,Open area,Human Error,Yes,Grievous Injury,Hit and Run,Uncontrolled,Straight and flat,NH,Bitumen(Tar),Dry,Not Applicable,Fine,NH-48,HALENIJAGAL BUS STOP,23 KM,0.0,0.0
Bengaluru Dist,Nelamangala Traffic PS,1.04422e+16,2018,1,2,Road Accidents,Narrow road,City/Town,Open area,Human Error,No,Damage Only,Not Applicable,Uncontrolled,Straight and flat,NH,Bitumen(Tar),Dry,No influence on accident,Fine,NH4,VISHWASHANTHI ASHRAMA,2KM,0.0,0.0
Bengaluru Dist,Nelamangala Traffic PS,1.04422e+16,2018,1,1,Road Accidents,Other,Rural Areas,Open area,Not Applicable,No,Fatal,Others,Not at  Junction,Others,NH,Bitumen(Tar),Others,Not Applicable,Others,NH 48,ADAKAMARANAHALLI,3 KM,0.0,0.0
Bengaluru Dist,Nelamangala Traffic PS,1.04422e+16,2018,1,2,Road Accidents,Other,Rural Areas,Open area,Not Applicable,Yes,Fatal,Others,Not at  Junction,Others,NH,Bitumen(Tar),Others,Not Applicable,Others,NH 75,MALLARABANVADI U TURN,8,0.0,0.0
Bengaluru Dist,Nelamangala Traffic PS,1.04422e+16,2018,1,1,Road Accidents,Narrow road,Rural Areas,Open area,Human Error,No,Fatal,Head on,Uncontrolled,Straight and flat,NH,Bitumen(Tar),Dry,Not Applicable,Fine,NH-4,JASS TOLL,4KM,0.0,0.0
Bengaluru Dist,Nelamangala Traffic PS,1.04422e+16,2018,1,2,Road Accidents,Other,City/Town,Open area,Human Error,No,Grievous Injury,Others,Uncontrolled,Straight and flat,NH,Bitumen(Tar),Dry,No influence on accident,Fine,Bengaluru Tumakuru NH 04 Road,Near Chikkabidarakallu,20KMs,0.0,0.0
Bengaluru Dist,Nelamangala Traffic PS,1.04422e+16,2018,1,1,Road Accidents,Bridge,Rural Areas,Narrow bridge or culverts,Human Error,No,Grievous Injury,Drowned,Uncontrolled,Sharp Curve,Expressway,Surfaced,Flooded,Pot holed,Cloudy,Narrow Road,Bridge road,02 KM,0.0,0.0
Bengaluru Dist,Nelamangala Traffic PS,1.04422e+16,2018,1,1,Road Accidents,Other,Rural Areas,Open area,Human Error,No,Simple Injury,Hit pedestrian,Uncontrolled,Straight and flat,NH,Bitumen(Tar),Dry,No influence on accident,Fine,Kunigal Nelamangala NH 48 SERVICE Road,NEAR MAHADEVAPURA,08kms,0.0,0.0
Bengaluru Dist,Nelamangala Traffic PS,1.04422e+16,2018,1,1,Road Accidents,Other,Rural Areas,Near School or College,Not Applicable,No,Fatal,Others,Not at  Junction,Not Applicable,NH,Bitumen(Tar),Dry,Not Applicable,Others,NH 48,VRUSHBAVATHI BRIDGE,9,0.0,0.0
Bengaluru Dist,Nelamangala Traffic PS,1.04422e+16,2018,1,3,Road Accidents,Other,Rural Areas,Narrow bridge or culverts,Human Error,No,Simple Injury,Others,Controlled,Others,NH,Bitumen(Tar),Others,Not Applicable,Clear,TUMKUR TO BANGALORE NH -4 ROAD,LIGHT POOL,15 FT,0.0,0.0
Bengaluru Dist,Nelamangala Traffic PS,1.04422e+16,2018,1,1,Road Accidents,Narrow road,City/Town,Near Bus stop,Human Error,No,Grievous Injury,Hit pedestrian,Uncontrolled,Straight and flat,NH,Bitumen(Tar),Dry,Not Applicable,Fine,NH-4,OPP HIMALAYA DURG COMPANY,7KM,0.0,0.0
Bengaluru Dist,Nelamangala Traffic PS,1.04422e+16,2018,1,2,Road Accidents,Other,Rural Areas,Open area,Human Error,No,Grievous Injury,Rear end,Uncontrolled,Others,NH,Bitumen(Tar),Dry,No influence on accident,Fine,TUMAKURU BENGALURU NH 04 ROAD,NEAR DODDERY VILLAGE,06Kms,0.0,0.0
Bengaluru Dist,Nelamangala Traffic PS,1.04422e+16,2018,1,2,Road Accidents,Other,Rural Areas,Near Petrol Pump,Human Error,No,Simple Injury,Others,Controlled,Others,NH,Bitumen(Tar),Dry,Not Applicable,Clear,BANGALORE - TUMAKUR  NH - 4 SERVICE  ROAD,INDIAN OIL PETROL BUNK,20 ft,0.0,0.0
Bengaluru Dist,Nelamangala Traffic PS,1.04422e+16,2018,1,1,Road Accidents,Narrow road,Rural Areas,Open area,Not Applicable,Yes,Fatal,Hit pedestrian,Not Applicable,Others,NH,Bitumen(Tar),Others,Not Applicable,Others,NH 4,COFFE DAY,20,0.0,0.0
Bengaluru Dist,Nelamangala Traffic PS,1.04422e+16,2018,1,1,Not Applicable,Other,Rural Areas,Open area,Human Error,No,Simple Injury,Skidding or Self accident,Controlled,Others,Others,Bitumen(Tar),Dry,Not Applicable,Clear,TUMKUR - BANGALORE NH -4 SERVICE ROAD,SPARSH MASALA FACTORY,13 FT,0.0,0.0
Bengaluru Dist,Nelamangala Traffic PS,1.04422e+16,2018,1,1,Road Accidents,Other,Rural Areas,Near or inside a village,Human Error,No,Fatal,Others,Not at  Junction,Others,Expressway,Bitumen(Tar),Others,Not Applicable,Others,Tumkuru Bengaluru NH-04 Road,Oppt Neethravathi Enginiring Works,10Kms,0.0,0.0
Bengaluru Dist,Nelamangala Traffic PS,1.04422e+16,2018,1,2,Road Accidents,Other,Rural Areas,Near a factory industrial area,Human Error,Yes,Simple Injury,Hit and Run,Not at  Junction,Others,NH,Bitumen(Tar),Others,Not Applicable,Others,Tumkuru Bengaluru NH-04 Service  Road,Oppt India Pvt Ltd,14Kms,0.0,0.0
Bengaluru Dist,Nelamangala Traffic PS,1.04422e+16,2018,1,1,Road Accidents,Junction,City/Town,Open area,Human Error,No,Grievous Injury,Head on,Uncontrolled,Straight and flat,NH,Bitumen(Tar),Dry,Not Applicable,Fine,NH-4,SONDEKOPPA CIRCLE,1KM,0.0,0.0
Bengaluru Dist,Nelamangala Traffic PS,1.04422e+16,2018,1,2,Road Accidents,Narrow road,Rural Areas,Open area,Human Error,No,Grievous Injury,Others,Uncontrolled,Straight and flat,NH,Bitumen(Tar),Dry,No influence on accident,Fine,NH-4,OBANAYAKANAHALLI,2KM,0.0,0.0
Bengaluru Dist,Nelamangala Traffic PS,1.04422e+16,2018,1,2,Road Accidents,Other,Rural Areas,Open area,Not Applicable,No,Simple Injury,Others,Not at  Junction,Others,Others,Bitumen(Tar),Others,Not Applicable,Others,BH ROAD,MG ROAD CROSS,3,0.0,0.0
Bengaluru Dist,Nelamangala Traffic PS,1.04422e+16,2018,1,2,Road Accidents,Other,Rural Areas,Open area,Not Applicable,No,Fatal,Others,Not at  Junction,Others,NH,Bitumen(Tar),Others,Not Applicable,Others,nh4,SHANIMAHATMA TEMPLE,8 km,0.0,0.0
Bengaluru Dist,Nelamangala Traffic PS,1.04422e+16,2018,1,2,Road Accidents,Narrow road,Rural Areas,Residential area,Human Error,No,Damage Only,Others,Uncontrolled,Straight and flat,NH,Bitumen(Tar),Dry,Not Applicable,Fine,NH-4,BYADARAHALLI,3KM,0.0,0.0
Bengaluru Dist,Nelamangala Traffic PS,1.04422e+16,2018,1,2,Road Accidents,Other,Rural Areas,Near or inside a village,Human Error,No,Simple Injury,Others,Not at  Junction,Others,Others,Bitumen(Tar),Others,Not Applicable,Others,Benaglauru Tumkuru NH-04 Road,Near village,08 Kms,0.0,0.0
Bengaluru Dist,Nelamangala Traffic PS,1.04422e+16,2018,1,2,Road Accidents,Other,Rural Areas,Near or inside a village,Human Error,No,Grievous Injury,Others,Not at  Junction,Others,NH,Bitumen(Tar),Others,Not Applicable,Others,Tumkuru Bengaluru NH-04 Road,near budihal,5 km,0.0,0.0
Bengaluru Dist,Nelamangala Traffic PS,1.04422e+16,2018,1,2,Road Accidents,Other,Rural Areas,Near office complex,Human Error,Yes,Simple Injury,Others,Not at  Junction,Others,Others,Bitumen(Tar),Others,Not Applicable,Others,Kunigal Nelamangala NH-48,Near Sambhrama Hotel,9,0.0,0.0
Bengaluru Dist,Nelamangala Traffic PS,1.04422e+16,2018,1,2,Road Accidents,Other,Rural Areas,Open area,Not Applicable,No,Fatal,Others,Not at  Junction,Others,NH,Bitumen(Tar),Others,Not Applicable,Others,nh 4 road,MAROHALLI CROSS,8,0.0,0.0
Bengaluru Dist,Nelamangala Traffic PS,1.04422e+16,2018,1,1,Road Accidents,Other,Rural Areas,Near Bus stop,Not Applicable,Yes,Simple Injury,Others,Not at  Junction,Others,NH,Bitumen(Tar),Others,Not Applicable,Others,NH4,gandhi crane,6,0.0,0.0
Bengaluru Dist,Nelamangala Traffic PS,1.04422e+16,2018,1,1,Road Accidents,Other,Rural Areas,Near or inside a village,Human Error,Yes,Simple Injury,Hit and Run,Give way sign,Others,NH,Bitumen(Tar),Others,Not Applicable,Others,Tumkuru Bengaluru NH-04 Service Road,DBpura Dabaspete Road Junction,20 Kms,0.0,0.0
Bengaluru Dist,Nelamangala Traffic PS,1.04422e+16,2018,1,1,Road Accidents,Other,Rural Areas,Near Bus stop,Human Error,Yes,Simple Injury,Others,Not Applicable,Others,Others,Bitumen(Tar),Others,Not Applicable,Others,Bengaluru Tumkuru NH-04 Road,near madavara bus stop,15 Kms,0.0,0.0
Bengaluru Dist,Nelamangala Traffic PS,1.04422e+16,2018,1,2,Road Accidents,Narrow road,Rural Areas,Open area,Human Error,No,Grievous Injury,Head on,Uncontrolled,Straight and flat,NH,Bitumen(Tar),Dry,No influence on accident,Fine,NH4,BOMMANAHALLI,3KM,0.0,0.0
Bengaluru Dist,Nelamangala Traffic PS,1.04422e+16,2018,1,2,Road Accidents,Circle,City/Town,Near Petrol Pump,Human Error,No,Simple Injury,Rear end,Police / Manual,Others,NH,Bitumen(Tar),Dry,No influence on accident,Fine,NEAR KUNIGLA CIRCLE,NEAR KUNIGL CIRLCE,500M,0.0,0.0
Bengaluru Dist,Nelamangala Traffic PS,1.04422e+16,2018,1,1,Road Accidents,Narrow road,Rural Areas,Near School or College,Human Error,No,Simple Injury,Head on,Uncontrolled,Straight and flat,NH,Bitumen(Tar),Dry,Not Applicable,Fine,NH-75,SHANTHINAGARA,4KM,0.0,0.0
Bengaluru Dist,Nelamangala Traffic PS,1.04422e+16,2018,1,2,Road Accidents,Other,Villages settlement,Open area,Not Applicable,No,Fatal,Others,Not at  Junction,Others,NH,Bitumen(Tar),Others,Not Applicable,Others,NH 48,kmc glass factory,3,0.0,0.0
Bengaluru Dist,Nelamangala Traffic PS,1.04422e+16,2018,1,2,Road Accidents,Other,Rural Areas,Open area,Human Error,No,Fatal,Others,Uncontrolled,Others,NH,Bitumen(Tar),Dry,No influence on accident,Fine,TUMAKURU BENGALURU NH 04 ROAD,NEAR DASANAPURA,5,0.0,0.0
Bengaluru Dist,Nelamangala Traffic PS,1.04422e+16,2018,1,2,Road Accidents,Narrow road,City/Town,Open area,Human Error,No,Fatal,Others,Uncontrolled,Straight and flat,NH,Bitumen(Tar),Dry,Not Applicable,Fine,NH-4,NADGIR COLLAGE,10 KM,0.0,0.0
Bengaluru Dist,Nelamangala Traffic PS,1.04422e+16,2018,1,2,Road Accidents,Other,City/Town,Open area,Human Error,No,Damage Only,Others,Uncontrolled,Others,NH,Bitumen(Tar),Dry,No influence on accident,Fine,Bengaluru Tumkuru NH 04 Service Road,Near Madavara,15Kms,0.0,0.0
Bengaluru Dist,Nelamangala Traffic PS,1.04422e+16,2018,1,2,Not Applicable,Other,Rural Areas,Near a recreation place/cinema,Human Error,No,Fatal,Others,Not at  Junction,Others,Expressway,Bitumen(Tar),Others,Not Applicable,Others,Bengaluru Tumkuru NH-04 Road,Near Mallige Sampige Convenction Hall,02Kms,0.0,0.0
Bengaluru Dist,Nelamangala Traffic PS,1.04422e+16,2018,1,2,Road Accidents,Other,Rural Areas,Open area,Human Error,No,Simple Injury,Others,Uncontrolled,Straight and flat,NH,Bitumen(Tar),Dry,No influence on accident,Fine,Bengaluru Tumakuru NH 04 Highway Road,Near Dabasapete Industrial Area,15Kms,0.0,0.0
Bengaluru Dist,Nelamangala Traffic PS,1.04422e+16,2018,1,4,Road Accidents,Other,Rural Areas,Open area,Vehicle Defect,Yes,Fatal,Others,Not at  Junction,Not Applicable,NH,Bitumen(Tar),Dry,Not Applicable,Others,NH4,AIRTEL GODOWN,8,0.0,0.0
Bengaluru Dist,Nelamangala Traffic PS,1.04422e+16,2018,1,2,Road Accidents,Other,Rural Areas,Open area,Human Error,No,Grievous Injury,Others,Uncontrolled,Straight and flat,NH,Bitumen(Tar),Dry,No influence on accident,Fine,Bengaluru Tumkuru NH 04 Highway Road,Near Tippagondanahalli,10Kms,0.0,0.0
Bengaluru Dist,Nelamangala Traffic PS,1.04422e+16,2018,1,3,Road Accidents,Other,Rural Areas,Open area,Not Applicable,No,Fatal,Others,Not at  Junction,Others,NH,Bitumen(Tar),Dry,Not Applicable,Others,NH4,bridge,20,0.0,0.0
Bengaluru Dist,Nelamangala Traffic PS,1.04422e+16,2018,1,1,Road Accidents,Other,Rural Areas,Open area,Not Applicable,No,Fatal,Others,Not at  Junction,Others,NH,Bitumen(Tar),Dry,Not Applicable,Others,NH4,INDIRA NAGARA COLONY,8,0.0,0.0
Bengaluru Dist,Nelamangala Traffic PS,1.04422e+16,2018,1,2,Road Accidents,Narrow road,Rural Areas,Open area,Human Error,No,Grievous Injury,Head on,Uncontrolled,Sharp Curve,One way,Surfaced,Muddy,Pot holed,Mist or Fog,NAROOW ROAD,ROAD,12 KM,0.0,0.0
Bengaluru Dist,Nelamangala Traffic PS,1.04422e+16,2018,1,2,Road Accidents,Junction,Rural Areas,Near or inside a village,Human Error,Yes,Grievous Injury,Hit and Run,Uncontrolled,Incline,Others,Surfaced,Dry,Pot holed,Fine,BH ROAD,ROAD,03 KM,0.0,0.0
Bengaluru Dist,Nelamangala Traffic PS,1.04422e+16,2018,1,2,Road Accidents,Junction,Rural Areas,Open area,Human Error,No,Damage Only,Rear end,Controlled,Others,NH,Bitumen(Tar),Dry,Not Applicable,Clear,TUMKUR TO BANGALOE NH - 4 ROAD,SIDDAGANGA IDALI HOTEL,150 FT,0.0,0.0
Bengaluru Dist,Nelamangala Traffic PS,1.04422e+16,2018,1,1,Road Accidents,Narrow road,Rural Areas,Open area,Human Error,No,Grievous Injury,Head on,Uncontrolled,Straight and flat,NH,Bitumen(Tar),Dry,Not Applicable,Fine,NH-4,LAKKUR BRIDGE,20KM,0.0,0.0
Bengaluru Dist,Nelamangala Traffic PS,1.04422e+16,2018,1,1,Road Accidents,Circle,Rural Areas,Near or inside a village,Human Error,No,Grievous Injury,Overturning,Uncontrolled,Hump,Service Road,Surfaced,Flooded,Not Applicable,Cloudy,CROSS ROAD,ROAD,20 KM,0.0,0.0