DISTRICTNAME,UNITNAME,Crime_No,Year,RI,Noofvehicle_involved,Accident_Classification,Accident_Spot,Accident_Location,Accident_SubLocation,Main_Cause,Hit_Run,Severity,Collision_Type,Junction_Control,Road_Character,Road_Type,Surface_Type,Surface_Condition,Road_Condition,Weather,Accident_Road,Landmark_first,Distance_LandMark_First,Latitude,Longitude
Bengaluru Dist,Nelamangala Traffic PS,1.04422e+16,2019,1,2,Road Accidents,Other,Rural Areas,Open area,Human Error,No,Grievous Injury,Head on,Uncontrolled,Straight and flat,NH,Bitumen(Tar),Dry,No influence on accident,Fine,Bengaluru Tumakuru NH 48 Road,Near Rayarapalya,20KMs,13.250528,77.2213019
Bengaluru Dist,Nelamangala Traffic PS,1.04422e+16,2019,1,2,Road Accidents,Not Applicable,Rural Areas,Open area,Human Error,No,Grievous Injury,Vehicle to Vehicle,Uncontrolled,Straight and flat,NH,Bitumen(Tar),Dry,No influence on accident,Fine,Bengaluru Tumakuru NH 48 Road,Near Kengal Kempohalli,20Kms,13.208076,77.261489
Bengaluru Dist,Nelamangala Traffic PS,1.04422e+16,2019,1,1,Road Accidents,Offset,Rural Areas,Near office complex,Human Error,No,Fatal,Hit pedestrian,Uncontrolled,Straight and flat,NH,Bitumen(Tar),Dry,No influence on accident,Fine,Kunigal-Nelamangala  NH 75 road,near Yantaganahalli,6,13.063188,77.346503
Bengaluru Dist,Nelamangala Traffic PS,1.04422e+16,2019,1,1,Road Accidents,Not Applicable,City/Town,Near Bus stop,Human Error,No,Grievous Injury,Hit pedestrian,Uncontrolled,Straight and flat,NH,Bitumen(Tar),Dry,No influence on accident,Fine,NH-48,ADAKAMARANAHALLI,6KM,13.068705,77.447563
Bengaluru Dist,Nelamangala Traffic PS,1.04422e+16,2019,1,2,Road Accidents,Not Applicable,Rural Areas,Near Bus stop,Human Error,No,Grievous Injury,Vehicle to Vehicle,Not Applicable,Not Applicable,NH,Bitumen(Tar),Dry,No influence on accident,Clear,BANGALORE TUMKUR NH 48,NEAR ADAKAMARANAHALLI BUS STOP,8 KM,13.068899,77.448193
Bengaluru Dist,Nelamangala Traffic PS,1.04422e+16,2019,1,2,Road Accidents,Cross roads,Rural Areas,Near Bus stop,Human Error,Yes,Grievous Injury,Vehicle to Vehicle,Uncontrolled,Straight and flat,NH,Bitumen(Tar),Dry,No influence on accident,Fine,NH-48,KULUVANAHALLI GATE,12KM,13.176322,77.298892
Bengaluru Dist,Nelamangala Traffic PS,1.04422e+16,2019,1,2,Road Accidents,Narrow road,City/Town,Near Bus stop,Human Error,Yes,Grievous Injury,Vehicle to Vehicle,Uncontrolled,Straight and flat,Others,Bitumen(Tar),Dry,No influence on accident,Fine,OTHERS ROAD,ASHRAMA BUS STOP,3KM,13.083941,77.417448
Bengaluru Dist,Nelamangala Traffic PS,1.04422e+16,2019,1,2,Road Accidents,Cross roads,Rural Areas,Open area,Human Error,No,Fatal,Vehicle to Vehicle,Not Applicable,Others,NH,Bitumen(Tar),Dry,Not Applicable,Clear,BANGALORE-TUMAKURU NH 48 ROAD,BANGALORE TUMAKURU NH 48 ROAD,16 KM,13.187685,77.2818989
Bengaluru Dist,Nelamangala Traffic PS,1.04422e+16,2019,1,2,Road Accidents,Curves,Rural Areas,Narrow bridge or culverts,Human Error,No,Simple Injury,Vehicle to Vehicle,Uncontrolled,Straight and flat,NH,Bitumen(Tar),Dry,No influence on accident,Clear,KUNIGAL NELAMANGALA NH-75 ROAD,BAVIKERE U TURN,3 KM,13.089996,77.37648
Bengaluru Dist,Nelamangala Traffic PS,1.04422e+16,2019,1,2,Road Accidents,Not Applicable,Rural Areas,Open area,Human Error,Yes,Fatal,Vehicle to Vehicle,Uncontrolled,Straight and flat,Others,Bitumen(Tar),Dry,No influence on accident,Very Hot,Madavara Magadi Nice Road,Kodipalya Bridge,10 km,13.051853,77.476574
Bengaluru Dist,Nelamangala Traffic PS,1.04422e+16,2019,1,2,Road Accidents,Not Applicable,City/Town,Near office complex,Human Error,No,Damage Only,Vehicle to Vehicle,Uncontrolled,Straight and flat,NH,Bitumen(Tar),Dry,No influence on accident,Clear,BENGALURU TUMAKURU NH-48  ROAD,NEAR JAS TOLL,3 KM,13.113565,77.3754749
Bengaluru Dist,Nelamangala Traffic PS,1.04422e+16,2019,1,1,Road Accidents,Narrow road,Rural Areas,At pedestrian Crossing,Human Error,Yes,Simple Injury,Hit pedestrian,No signal lights,Straight and flat,NH,Bitumen(Tar),Dry,Not Applicable,Clear,TUMAKURU TO BANGALORE NH 48 ROAD,TUMAKURU TO BANGALORE NH 48 ROAD,10 KM,13.150479,77.337848
Bengaluru Dist,Nelamangala Traffic PS,1.04422e+16,2019,1,1,Road Accidents,Narrow road,City/Town,At pedestrian Crossing,Human Error,No,Simple Injury,Hit pedestrian,Uncontrolled,Straight and flat,NH,Bitumen(Tar),Dry,No influence on accident,Clear,BENGALURU TUMAKURU NH-48  ROAD,PARKING,2 KM E,13.090866,77.399941
Bengaluru Dist,Nelamangala Traffic PS,1.04422e+16,2019,1,2,Road Accidents,Curves,Rural Areas,Open area,Human Error,No,Damage Only,Vehicle to Vehicle,Uncontrolled,Curve,NH,Bitumen(Tar),Dry,No influence on accident,Fine,Kunigal Nelamangala NH 75 Road,Near Pecific Factory,04Kms,13.089514,77.3762679
Bengaluru Dist,Nelamangala Traffic PS,1.04422e+16,2019,1,2,Road Accidents,Not Applicable,Rural Areas,Open area,Human Error,No,Damage Only,Vehicle to Vehicle,Police / Manual,Straight and flat,Others,Bitumen(Tar),Dry,No influence on accident,Clear,MAGADI MADAVARA NICE ROAD,MADAVARA NICE ROAD TOLL,10 KM,13.043207,77.474973
Bengaluru Dist,Nelamangala Traffic PS,1.04422e+16,2019,1,2,Road Accidents,Not Applicable,Rural Areas,Open area,Human Error,No,Simple Injury,Vehicle to Vehicle,Police / Manual,Straight and flat,NH,Bitumen(Tar),Dry,No influence on accident,Clear,NALAMANGALA KUNIGAL NH 75 ROAD,NEAR SRINIVASAPURA GATE,4 KM,13.073099,77.363941
Bengaluru Dist,Nelamangala Traffic PS,1.04422e+16,2019,1,2,Road Accidents,Other,Rural Areas,Open area,Not Applicable,No,Fatal,Others,Not at  Junction,Others,NH,Bitumen(Tar),Others,Not Applicable,Others,NH 48,MRC GODOWN,4,13.057933,77.4690309
Bengaluru Dist,Nelamangala Traffic PS,1.04422e+16,2019,1,1,Road Accidents,Other,Rural Areas,Open area,Not Applicable,No,Fatal,Others,Not at  Junction,Others,NH,Bitumen(Tar),Others,Not Applicable,Others,nh48,BYADARAHALLI GATE,3,13.111005,77.377912
Bengaluru Dist,Nelamangala Traffic PS,1.04422e+16,2019,1,1,Road Accidents,Other,Rural Areas,Open area,Not Applicable,Yes,Fatal,Others,Not at  Junction,Others,NH,Bitumen(Tar),Others,Not Applicable,Others,nh 48,damodar body builder,20,13.224579,77.244811
Bengaluru Dist,Nelamangala Traffic PS,1.04422e+16,2019,1,1,Road Accidents,Not Applicable,Rural Areas,Open area,Human Error,No,Grievous Injury,Hit pedestrian,Uncontrolled,Straight and flat,NH,Bitumen(Tar),Dry,No influence on accident,Fine,NH-48,MANJUNATHA HOTAL,20KM,13.233378,77.239892
Bengaluru Dist,Nelamangala Traffic PS,1.04422e+16,2019,1,1,Road Accidents,Other,Rural Areas,Near office complex,Human Error,No,Simple Injury,Others,Not at  Junction,Others,NH,Bitumen(Tar),Others,Not Applicable,Clear,Tumkuru Bengaluru NH-48 Road,Oppt Tayota Godown,8Kms,13.151601,77.337566
Bengaluru Dist,Nelamangala Traffic PS,1.04422e+16,2019,1,1,Road Accidents,Narrow road,Rural Areas,Open area,Human Error,No,Grievous Injury,Hit pedestrian,Uncontrolled,Straight and flat,NH,Bitumen(Tar),Dry,No influence on accident,Fine,NH-75,SHANTHINAGARA,4KM,13.081498,77.369812
Bengaluru Dist,Nelamangala Traffic PS,1.04422e+16,2019,1,2,Road Accidents,Other,City/Town,Open area,Human Error,No,Damage Only,Others,Uncontrolled,Straight and flat,NH,Bitumen(Tar),Dry,No influence on accident,Fine,Bengaluru Tumakuru NH 48 Service Road,Near MVM Kalyana Mantapa,01Kms,13.090963,77.39893
Bengaluru Dist,Nelamangala Traffic PS,1.04422e+16,2019,1,2,Road Accidents,Cross roads,Rural Areas,Near or inside a village,Human Error,No,Grievous Injury,Head on,Uncontrolled,Incline,Expressway,Surfaced,Wet,Pot holed,Fine,Surfased Road,Road,12 KM,13.151608,77.33757
Bengaluru Dist,Nelamangala Traffic PS,1.04422e+16,2019,1,2,Road Accidents,Not Applicable,City/Town,Near a religious place,Human Error,No,Grievous Injury,Vehicle to Vehicle,Police / Manual,Straight and flat,NH,Bitumen(Tar),Dry,No influence on accident,Clear,BANGALORE TUMKURU NH 48 ROAD,BANGALORE TUMAKURU NH 48 ROAD,500M,13.094428,77.389909
Bengaluru Dist,Nelamangala Traffic PS,1.04422e+16,2019,1,2,Road Accidents,Narrow road,Rural Areas,Open area,Human Error,No,Damage Only,Not Applicable,Uncontrolled,Straight and flat,NH,Bitumen(Tar),Dry,No influence on accident,Fine,NH-48,PAVARIKA FACTORY,4KM,13.121804,77.367689
Bengaluru Dist,Nelamangala Traffic PS,1.04422e+16,2019,1,2,Road Accidents,Narrow road,City/Town,Near office complex,Human Error,No,Fatal,Vehicle to Vehicle,Uncontrolled,Straight and flat,Service Road,Bitumen(Tar),Dry,No influence on accident,Fine,tumkur bangalore nh 48 service road,infront of marison factory,10,13.050904,77.49191
Bengaluru Dist,Nelamangala Traffic PS,1.04422e+16,2019,1,1,Road Accidents,Not Applicable,Rural Areas,Open area,Human Error,No,Grievous Injury,Vehicle to Vehicle,Uncontrolled,Straight and flat,NH,Bitumen(Tar),Dry,No influence on accident,Fine,NH-48,OPP KIRAN PETROL BUNK,8KM,13.151645,77.337484
Bengaluru Dist,Nelamangala Traffic PS,1.04422e+16,2019,1,2,Road Accidents,Other,Rural Areas,Near office complex,Human Error,No,Damage Only,Others,Not at  Junction,Not Applicable,NH,Bitumen(Tar),Not Applicable,Not Applicable,Clear,Benaglauru Tumkuru NH 48 Road,OPPT KAMATH HOTEL,22 KM,13.259161,77.20992
Bengaluru Dist,Nelamangala Traffic PS,1.04422e+16,2019,1,2,Road Accidents,Cross roads,Rural Areas,Near or inside a village,Human Error,No,Grievous Injury,Vehicle to Vehicle,Uncontrolled,Curve,Expressway,Surfaced,Dry,Pot holed,Clear,cross road,road,12 KM,13.151603,77.337583
Bengaluru Dist,Nelamangala Traffic PS,1.04422e+16,2019,1,2,Road Accidents,Junction,Rural Areas,Open area,Not Applicable,Yes,Fatal,Vehicle to Vehicle,Police / Manual,Straight and flat,NH,Bitumen(Tar),Others,Not Applicable,Others,NH 48,yedehalli u turn,20 KM,13.21777,77.2509439
Bengaluru Dist,Nelamangala Traffic PS,1.04422e+16,2019,1,1,Road Accidents,Circle,City/Town,Near Bus stop,Human Error,Yes,Fatal,Hit pedestrian,Police / Manual,Straight and flat,One way,Bitumen(Tar),Others,No influence on accident,Fine,NELAMANGALA TOWN BH ROAD,NANDINI MILK PARLOUR,3,13.098227,77.394347
Bengaluru Dist,Nelamangala Traffic PS,1.04422e+16,2019,1,1,Road Accidents,Not Applicable,Rural Areas,Open area,Human Error,Yes,Grievous Injury,Hit pedestrian,Uncontrolled,Straight and flat,NH,Bitumen(Tar),Dry,No influence on accident,Fine,NH-48,HAJENIJAGALLU,23,13.259521,77.209806
Bengaluru Dist,Nelamangala Traffic PS,1.04422e+16,2019,1,1,Road Accidents,Not Applicable,City/Town,At pedestrian Crossing,Human Error,No,Simple Injury,Hit pedestrian,Uncontrolled,Straight and flat,NH,Bitumen(Tar),Muddy,No influence on accident,Clear,BENGALURU TUMAKURU NH-48  ROAD,NEAR SKYWALK,10 KM,13.065036,77.4534469
Bengaluru Dist,Nelamangala Traffic PS,1.04422e+16,2019,1,1,Road Accidents,Not Applicable,Rural Areas,Open area,Human Error,Yes,Fatal,Hit pedestrian,Uncontrolled,Straight and flat,NH,Bitumen(Tar),Dry,No influence on accident,Fine,Bangalore Tumkur NH 48 service road,opp shivas Dhaba,22,13.242211,77.232328
Bengaluru Dist,Nelamangala Traffic PS,1.04422e+16,2019,1,1,Not Applicable,Not Applicable,Rural Areas,Near office complex,Not Applicable,No,Simple Injury,Not Applicable,Not Applicable,Not Applicable,Others,Not Applicable,Others,Not Applicable,Not Applicable,"BANGALORE TO NELAMANGALA ROAD, BINNAMANGAL VILALGE,",BANGALORE NELAMANGAL ROAD,3 KM,13.087503,77.412569
Bengaluru Dist,Nelamangala Traffic PS,1.04422e+16,2019,1,2,Road Accidents,Not Applicable,Rural Areas,Near Bus stop,Human Error,No,Fatal,Vehicle to Vehicle,Uncontrolled,Straight and flat,NH,Bitumen(Tar),Dry,Not Applicable,Others,Bangalore Tumkur nh 48 road,T Begur bus stand,10,13.148852,77.338903
Bengaluru Dist,Nelamangala Traffic PS,1.04422e+16,2019,1,1,Road Accidents,Not Applicable,City/Town,Open area,Human Error,No,Grievous Injury,Vehicle to Vehicle,Uncontrolled,Straight and flat,NH,Bitumen(Tar),Dry,Not Applicable,Fine,NH-48,KIRAN PETROL BUNK,8KM,13.14874,77.33845
Bengaluru Dist,Nelamangala Traffic PS,1.04422e+16,2019,1,2,Road Accidents,Not Applicable,City/Town,Open area,Human Error,No,Grievous Injury,Vehicle to Vehicle,Uncontrolled,Straight and flat,NH,Bitumen(Tar),Dry,No influence on accident,Fine,OTHERS NICE ROAD,MADAVARA NICE TOLL,12KM,13.044698,77.475277
Bengaluru Dist,Nelamangala Traffic PS,1.04422e+16,2019,1,2,Road Accidents,Curves,Rural Areas,Near Petrol Pump,Human Error,Yes,Not Applicable,Vehicle to Vehicle,Not Applicable,Others,NH,Bitumen(Tar),Dry,No influence on accident,Clear,BANGALORE TO TUMAKAURU NH 48 ROAD,BANGALORE TO TUMAKAURU NH 48 ROAD,7 KM,13.14998,77.337505
Bengaluru Dist,Nelamangala Traffic PS,1.04422e+16,2019,1,1,Road Accidents,Narrow road,Rural Areas,Open area,Vehicle Defect,No,Damage Only,Not Applicable,No signal lights,Straight and flat,NH,Bitumen(Tar),Dry,Not Applicable,Fine,MAGADI ROAD TO TUMAKURU NH 48 ROAD NICE ROAD,MAGADI ROAD TO TUMAKURU NH 48 ROAD NICE ROAD,12 KM,13.026197,77.475209
Bengaluru Dist,Nelamangala Traffic PS,1.04422e+16,2019,1,2,Road Accidents,Not Applicable,City/Town,Open area,Human Error,No,Damage Only,Vehicle to Vehicle,Uncontrolled,Straight and flat,NH,Bitumen(Tar),Dry,No influence on accident,Fine,Bengaluru Tumakuru NH 48 Road,NEAR ARKAVATHI BRIDGE,12KMS,13.065386,77.453498
Bengaluru Dist,Nelamangala Traffic PS,1.04422e+16,2019,1,2,Road Accidents,Not Applicable,Rural Areas,Open area,Human Error,No,Grievous Injury,Vehicle to Vehicle,Uncontrolled,Straight and flat,NH,Bitumen(Tar),Dry,No influence on accident,Clear,Tumakuru Bengaluru NH 48 Road,Near Hanuamanthapura Gate,10KM,13.187864,77.282152
Bengaluru Dist,Nelamangala Traffic PS,1.04422e+16,2019,1,2,Road Accidents,Circle,Rural Areas,Narrow bridge or culverts,Human Error,No,Simple Injury,Vehicle to Vehicle,Uncontrolled,Straight and flat,NH,Bitumen(Tar),Dry,No influence on accident,Clear,Bengaluru Nelamangala NH-04 Road,BUDIHAL U TURN,4 KM,13.121896,77.367672
Bengaluru Dist,Nelamangala Traffic PS,1.04422e+16,2019,1,2,Road Accidents,Not Applicable,City/Town,Open area,Human Error,No,Grievous Injury,Vehicle to Vehicle,Uncontrolled,Straight and flat,NH,Bitumen(Tar),Dry,No influence on accident,Clear,Tumakuru Bengaluru NH 48 Service Road,Near Bhinnamangala,02KMS,13.086993,77.408748
Bengaluru Dist,Nelamangala Traffic PS,1.04422e+16,2019,1,1,Road Accidents,Narrow road,Rural Areas,Open area,Human Error,No,Simple Injury,Others,Uncontrolled,Straight and flat,NH,Bitumen(Tar),Dry,Not Applicable,Fine,NH-48,JASS TOLL,4KM,13.113948,77.375294
Bengaluru Dist,Nelamangala Traffic PS,1.04422e+16,2019,1,2,Road Accidents,Circle,Rural Areas,Near or inside a village,Human Error,No,Simple Injury,Vehicle to Vehicle,Police / Manual,Straight and flat,NH,Bitumen(Tar),Dry,No influence on accident,Fine,Tumkuru Bengaluru NH-48 Road,Oppt Rajastana Dhaba,21Kms,13.259606,77.209791
Bengaluru Dist,Nelamangala Traffic PS,1.04422e+16,2019,1,2,Road Accidents,T Junction,Rural Areas,Open area,Human Error,No,Grievous Injury,Head on,Uncontrolled,Curve,Expressway,Surfaced,Flooded,Pot holed,Cloudy,narrow road,road,06 km,13.151582,77.337565
Bengaluru Dist,Nelamangala Traffic PS,1.04422e+16,2019,1,2,Road Accidents,Other,Rural Areas,Near or inside a village,Human Error,No,Damage Only,Others,Not at  Junction,Others,NH,Bitumen(Tar),Others,Not Applicable,Others,Bengaluru Tumkuru NH-48 Road,Oppt Madavara Toll,6 km,13.057053,77.473553
Bengaluru Dist,Nelamangala Traffic PS,1.04422e+16,2019,1,3,Road Accidents,Not Applicable,Rural Areas,Open area,Human Error,Not Applicable,Grievous Injury,Vehicle to Vehicle,Not Applicable,Not Applicable,NH,Bitumen(Tar),Not Applicable,Not Applicable,Clear,"Bangalore-Tumkur Nh 48 Road, Near Hale Nijgal, in front of Parasing Daba",Near Hale Nijgal,22,13.259604,77.209963
Bengaluru Dist,Nelamangala Traffic PS,1.04422e+16,2019,1,2,Road Accidents,Other,Rural Areas,Open area,Not Applicable,No,Fatal,Others,Not at  Junction,Others,NH,Bitumen(Tar),Not Applicable,Not Applicable,Others,NH 75,YANTAGANHALLI MADAIAH LAND,6,13.063347,77.34726
Bengaluru Dist,Nelamangala Traffic PS,1.04422e+16,2019,1,2,Road Accidents,Other,Villages settlement,Near School or College,Not Applicable,No,Fatal,Others,Not at  Junction,Others,NH,Bitumen(Tar),Others,Not Applicable,Others,NH 48,ARISINAKUNTE NAVAYUGA TOLL BOOTH,2,13.08018,77.424454
Bengaluru Dist,Nelamangala Traffic PS,1.04422e+16,2019,1,2,Road Accidents,Other,Rural Areas,Open area,Not Applicable,No,Fatal,Others,Not at  Junction,Others,NH,Bitumen(Tar),Others,Not Applicable,Others,MN HALLI PRAKASH ROAD LINES,MN HALLI PRAKASH ROAD LINES,5,13.061094,77.461475
Bengaluru Dist,Nelamangala Traffic PS,1.04422e+16,2019,1,2,Road Accidents,Other,Rural Areas,Open area,Human Error,No,Simple Injury,Others,Not at  Junction,Not Applicable,NH,Bitumen(Tar),Others,Not Applicable,Clear,Tumkuru Bengaluru NH-48 Road,Infront Kamadhenu Hotel,18 km,13.247782,77.224517
Bengaluru Dist,Nelamangala Traffic PS,1.04422e+16,2019,1,2,Road Accidents,Other,Rural Areas,Near office complex,Human Error,No,Simple Injury,Others,Not at  Junction,Others,NH,Bitumen(Tar),Others,Not Applicable,Others,Tumkuru Bengaluru NH-48 Road,Infront of Maruthi Complex Chowdari Transport Office,10 Km,13.058603,77.467116
Bengaluru Dist,Nelamangala Traffic PS,1.04422e+16,2019,1,2,Road Accidents,Narrow road,Rural Areas,Open area,Human Error,No,Damage Only,Others,Uncontrolled,Straight and flat,NH,Bitumen(Tar),Dry,No influence on accident,Fine,NH-48,KULUVANAHALLI,10KM,13.176564,77.299219
Bengaluru Dist,Nelamangala Traffic PS,1.04422e+16,2019,1,2,Road Accidents,Other,Rural Areas,Open area,Not Applicable,No,Fatal,Others,Not at  Junction,Others,Others,Bitumen(Tar),Others,Not Applicable,Others,NICE ROAD,gangondanahalli BRIDGE,12,13.026325,77.475318
Bengaluru Dist,Nelamangala Traffic PS,1.04422e+16,2019,1,2,Road Accidents,Narrow road,City/Town,Open area,Human Error,No,Damage Only,Head on,Uncontrolled,Straight and flat,NH,Bitumen(Tar),Dry,No influence on accident,Fine,NH-75,KUNIGAL CIRCLE,1KM,13.097744,77.385289
Bengaluru Dist,Nelamangala Traffic PS,1.04422e+16,2019,1,2,Road Accidents,Not Applicable,City/Town,Near a religious place,Human Error,No,Simple Injury,Not Applicable,Not Applicable,Others,Not Applicable,Not Applicable,Dry,Not Applicable,Fine,BANGALORE TUMUKUR NH 48 HIGHWAY ROAD,BANGALORE TUMUKUR NH 48 HIGHWAY ROAD,1 KM,13.093738,77.391574
Bengaluru Dist,Nelamangala Traffic PS,1.04422e+16,2019,1,2,Road Accidents,Junction,Rural Areas,Residential area,Human Error,No,Simple Injury,Others,No signal lights,Curve,State Highway,Bitumen(Tar),Dry,Not Applicable,Clear,NELAMANGALA TO DODDABALLAPURA ROAD,BRIDGE  IRON GAUGE,100 FT,13.10908,77.38809
Bengaluru Dist,Nelamangala Traffic PS,1.04422e+16,2019,1,2,Road Accidents,Not Applicable,City/Town,Near office complex,Human Error,Yes,Simple Injury,Vehicle to Vehicle,Uncontrolled,Straight and flat,NH,Bitumen(Tar),Muddy,No influence on accident,Clear,BENGALURU TUMAKURU NH-48 SERVICE ROAD,INFRONT OF JINDAL CANTEEN,12 KM,13.051941,77.488031
Bengaluru Dist,Nelamangala Traffic PS,1.04422e+16,2019,1,2,Road Accidents,Other,Rural Areas,Near or inside a village,Human Error,No,Fatal,Others,Not at  Junction,Others,NH,Bitumen(Tar),Others,Not Applicable,Cloudy,NH-75,BEHIND RUCHI SAGARA HOTEL,6 KM,13.063184,77.347015
Bengaluru Dist,Nelamangala Traffic PS,1.04422e+16,2019,1,2,Road Accidents,Not Applicable,Rural Areas,Open area,Human Error,No,Grievous Injury,Vehicle to Vehicle,Not Applicable,Not Applicable,NH,Bitumen(Tar),Not Applicable,No influence on accident,Fine,TUMKUR-BANGALORE,NEAR KENGAL KEMPOHALLI,12,13.201613,77.268282
Bengaluru Dist,Nelamangala Traffic PS,1.04422e+16,2019,1,1,Road Accidents,Cross roads,Rural Areas,Open area,Human Error,No,Fatal,Hit pedestrian,Uncontrolled,Straight and flat,NH,Bitumen(Tar),Dry,No influence on accident,Fine,tumkur bangalore nh 48 road,MAROHALLI CROSS,8,13.151553,77.337659
Bengaluru Dist,Nelamangala Traffic PS,1.04422e+16,2019,1,3,Road Accidents,Not Applicable,City/Town,Open area,Human Error,No,Damage Only,Vehicle to Vehicle,Uncontrolled,Straight and flat,NH,Bitumen(Tar),Dry,No influence on accident,Fine,NH-48,MADANAYAKANAHALLI,10KM,13.059939,77.4636799
Bengaluru Dist,Nelamangala Traffic PS,1.04422e+16,2019,1,2,Road Accidents,Not Applicable,Rural Areas,Open area,Human Error,Yes,Grievous Injury,Vehicle to Vehicle,Not at  Junction,Curve,NH,Bitumen(Tar),Dry,No influence on accident,Fine,Tumakuru Bengaluru NH 48 Road,Near Bharath Benz Showroom,03Kms,13.136872,77.354019
Bengaluru Dist,Nelamangala Traffic PS,1.04422e+16,2019,1,2,Road Accidents,Road hump or Rumble strips,City/Town,Open area,Human Error,No,Grievous Injury,Vehicle to Vehicle,Uncontrolled,Straight and flat,NH,Bitumen(Tar),Dry,No influence on accident,Fine,OTHERS ROAD,MADAVARA NICE TOLL,12KM,13.04345,77.475044
Bengaluru Dist,Nelamangala Traffic PS,1.04422e+16,2019,1,2,Road Accidents,Not Applicable,City/Town,Open area,Human Error,Yes,Simple Injury,Vehicle to Vehicle,Uncontrolled,Straight and flat,NH,Bitumen(Tar),Dry,No influence on accident,Fine,Bengaluru tumakuru NH 48 Road,Near TCI,12KMS,13.057756,77.4691
Bengaluru Dist,Nelamangala Traffic PS,1.04422e+16,2019,1,1,Road Accidents,Not Applicable,Rural Areas,Open area,Human Error,No,Grievous Injury,Vehicle to Vehicle,Not Applicable,Straight and flat,Not Applicable,Bitumen(Tar),Dry,No influence on accident,Fine,Tumakuru Bengaluru NH 48 Road,Near Boodihal,03 KM,13.131256,77.358846
Bengaluru Dist,Nelamangala Traffic PS,1.04422e+16,2019,1,2,Road Accidents,Cross roads,City/Town,Near a factory industrial area,Human Error,No,Damage Only,Vehicle to Vehicle,Uncontrolled,Straight and flat,NH,Bitumen(Tar),Muddy,No influence on accident,Clear,Benaglauru Tumkuru NH 48 Road,OPPT BULLET LOGISTIC INDIA PVT LTD,12 KM,13.164843,77.316036
Bengaluru Dist,Nelamangala Traffic PS,1.04422e+16,2019,1,1,Road Accidents,Narrow road,Rural Areas,At pedestrian Crossing,Human Error,No,Simple Injury,Hit pedestrian,Uncontrolled,Straight and flat,NH,Bitumen(Tar),Dry,No influence on accident,Clear,BENGALURU TUMAKURU NH-48  ROAD,INFRONT OF ASIAN PAINTS,15 KM,13.187696,77.281906
Bengaluru Dist,Nelamangala Traffic PS,1.04422e+16,2019,1,2,Road Accidents,Narrow road,City/Town,Near a factory industrial area,Human Error,No,Damage Only,Vehicle to Vehicle,Uncontrolled,Straight and flat,NH,Bitumen(Tar),Dry,No influence on accident,Fine,NH,ARISHINAKUNTE CHURCH,4KM,13.078488,77.428541
Bengaluru Dist,Nelamangala Traffic PS,1.04422e+16,2019,1,2,Road Accidents,Not Applicable,Rural Areas,Open area,Human Error,No,Fatal,Vehicle to Vehicle,Uncontrolled,Straight and flat,NH,Bitumen(Tar),Dry,No influence on accident,Fine,BANGALORE TUMKUR NH 48 ROAD,DABASPET FLYPVER BRIDGE,20,13.232675,77.2402009
Bengaluru Dist,Nelamangala Traffic PS,1.04422e+16,2019,1,2,Road Accidents,Narrow road,Rural Areas,Open area,Human Error,No,Grievous Injury,Vehicle to Vehicle,Uncontrolled,Straight and flat,NH,Bitumen(Tar),Dry,No influence on accident,Fine,NH,KULUMEPALYA,3KM,13.176155,77.298591
Bengaluru Dist,Nelamangala Traffic PS,1.04422e+16,2019,1,1,Road Accidents,Offset,Rural Areas,Near a factory industrial area,Human Error,No,Simple Injury,Not Applicable,No signal lights,Straight and flat,NH,Bitumen(Tar),Dry,Not Applicable,Fine,BANGALORE TUMAKURU NH 48 ROAD,BANGALORE TUMAKURU NH 48 ROAD,3 KM,13.120835,77.36874
Bengaluru Dist,Nelamangala Traffic PS,1.04422e+16,2019,1,1,Road Accidents,Junction,Rural Areas,Near Bus stop,Human Error,Yes,Fatal,Hit pedestrian,No signal lights,Straight and flat,Others,Bitumen(Tar),Dry,No influence on accident,Fine,BH ROAD,Near hotal,1 KM,13.09817,77.39489
Bengaluru Dist,Nelamangala Traffic PS,1.04422e+16,2019,1,1,Road Accidents,Narrow road,Rural Areas,Open area,Human Error,No,Fatal,Hit bicyclist,Uncontrolled,Straight and flat,NH,Bitumen(Tar),Dry,No influence on accident,Others,nh 48,T BEGUR SCHOOL,8,13.14984,77.337134
Bengaluru Dist,Nelamangala Traffic PS,1.04422e+16,2019,1,2,Road Accidents,Not Applicable,Rural Areas,Residential area,Human Error,No,Damage Only,Vehicle to Vehicle,Police / Manual,Straight and flat,NH,Bitumen(Tar),Dry,No influence on accident,Fine,Tumakuru Bengaluru NH 04 Road,Near Madanayakanahalli,06Kms,13.061176,77.461362
Bengaluru Dist,Nelamangala Traffic PS,1.04422e+16,2019,1,1,Road Accidents,Narrow road,Rural Areas,Open area,Human Error,No,Fatal,Hit pedestrian,Uncontrolled,Straight and flat,NH,Bitumen(Tar),Dry,No influence on accident,Fine,BANGALORE TUMKUR NH48 ROAD,PRINCE HOTEL,12,13.181216,77.289102
Bengaluru Dist,Nelamangala Traffic PS,1.04422e+16,2019,1,1,Road Accidents,Narrow road,Rural Areas,Near Bus stop,Human Error,Yes,Simple Injury,Hit pedestrian,Police / Manual,Straight and flat,NH,Bitumen(Tar),Dry,No influence on accident,Clear,TUMAKURU BENGALURU NH-48 ROAD,NEAR DODDERI BUS STOP,12KM,13.169799,77.309365
Bengaluru Dist,Nelamangala Traffic PS,1.04422e+16,2019,1,2,Road Accidents,Other,Rural Areas,Open area,Human Error,No,Simple Injury,Others,Not at  Junction,Others,NH,Bitumen(Tar),Others,Not Applicable,Others,Benaglauru Tumkuru NH 48 Road,Oppt Mahadevaiah Land,20 Kms,13.258537,77.210866