DISTRICTNAME,UNITNAME,Crime_No,Year,RI,Noofvehicle_involved,Accident_Classification,Accident_Spot,Accident_Location,Accident_SubLocation,Main_Cause,Hit_Run,Severity,Collision_Type,Junction_Control,Road_Character,Road_Type,Surface_Type,Surface_Condition,Road_Condition,Weather,Accident_Road,Landmark_first,Distance_LandMark_First,Latitude,Longitude
Bengaluru Dist,Nelamangala Traffic PS,1.04422e+16,2019,1,2,Road Accidents,Circle,Rural Areas,Open area,Human Error,No,Grievous Injury,Others,Uncontrolled,Curve,NH,Bitumen(Tar),Dry,No influence on accident,Fine,Nelamangala Kunigal NH 75 Road,Near Mallarabanavadi Cross,04Kms,13.082564,77.371749
Bengaluru Dist,Nelamangala Traffic PS,1.04422e+16,2019,1,2,Road Accidents,Narrow road,Rural Areas,Open area,Human Error,No,Grievous Injury,Not Applicable,Uncontrolled,Straight and flat,NH,Bitumen(Tar),Dry,No influence on accident,Fine,NH-48,HANCHIPURA CROSS,5KM,13.073101,77.363984
Bengaluru Dist,Nelamangala Traffic PS,1.04422e+16,2019,1,2,Road Accidents,Not Applicable,City/Town,Near a factory industrial area,Human Error,No,Grievous Injury,Vehicle to Vehicle,Uncontrolled,Straight and flat,NH,Bitumen(Tar),Dry,No influence on accident,Fine,NH-48,OLD WAYBRIDGE,5KM,13.069486,77.446407
Bengaluru Dist,Nelamangala Traffic PS,1.04422e+16,2019,1,1,Road Accidents,Other,Rural Areas,Near Bus stop,Human Error,No,Simple Injury,Hit and Run,Controlled,Others,NH,Bitumen(Tar),Dry,Not Applicable,Clear,BANGALORE - TUMAKURU NH - 48 SERVICE ROAD,BUS STOP,10 FT,13.070466,77.444506
Bengaluru Dist,Nelamangala Traffic PS,1.04422e+16,2019,1,1,Road Accidents,Other,Rural Areas,Near office complex,Human Error,No,Simple Injury,Others,Not at  Junction,Others,NH,Bitumen(Tar),Not Applicable,Construction Work / Material,Clear,Nelamangal Kunigal NH-48 Road,Near Hanchipura Cross,6 Km,13.073109,77.363975
Bengaluru Dist,Nelamangala Traffic PS,1.04422e+16,2019,1,2,Road Accidents,Other,Rural Areas,Near a religious place,Human Error,No,Damage Only,Others,Not at  Junction,Others,NH,Bitumen(Tar),Others,Not Applicable,Clear,Benaglauru Tumkuru NH 48 Road,Infront of Jain temple,6 Km,13.068356,77.447144
Bengaluru Dist,Nelamangala Traffic PS,1.04422e+16,2019,1,2,Road Accidents,Other,Rural Areas,Open area,Human Error,No,Simple Injury,Others,Not at  Junction,Others,NH,Bitumen(Tar),Others,Not Applicable,Others,Benaglauru Tumkuru NH 48 Road,Oppt Tyamagondlu cross,6 km,13.1503,77.337205
Bengaluru Dist,Nelamangala Traffic PS,1.04422e+16,2019,1,1,Road Accidents,Other,Rural Areas,Near Bus stop,Not Applicable,Yes,Fatal,Others,Not at  Junction,Others,NH,Bitumen(Tar),Others,Not Applicable,Others,HALENIJAGAL U TURN,HALENIJAGAL U TURN,20,13.259498,77.210164
Bengaluru Dist,Nelamangala Traffic PS,1.04422e+16,2019,1,2,Road Accidents,Other,Rural Areas,Near Bus stop,Human Error,No,Simple Injury,Others,Controlled,Others,Others,Bitumen(Tar),Dry,Not Applicable,Clear,BANGALORE - NELAMANGALA B H ROAD,BUS STOP,5 FT,13.083848,77.417505
Bengaluru Dist,Nelamangala Traffic PS,1.04422e+16,2019,1,2,Road Accidents,Not Applicable,City/Town,Open area,Human Error,No,Grievous Injury,Vehicle to Vehicle,Not at  Junction,Straight and flat,NH,Bitumen(Tar),Dry,No influence on accident,Fine,Tumakuru Bengaluru NH 48 Road,Near Gandhi Crane,03Kms,13.07762,77.4298429
Bengaluru Dist,Nelamangala Traffic PS,1.04422e+16,2019,1,2,Road Accidents,Cross roads,Rural Areas,Open area,Human Error,Yes,Grievous Injury,Vehicle to Vehicle,Not at  Junction,Straight and flat,NH,Bitumen(Tar),Dry,No influence on accident,Fine,Bengaluru Tumakuru NH 48 Road,Near T Beguru In front of pila factory,05KMS,13.149924,77.337421
Bengaluru Dist,Nelamangala Traffic PS,1.04422e+16,2019,1,1,Road Accidents,Not Applicable,City/Town,Open area,Human Error,No,Grievous Injury,Hit pedestrian,Stop Sign,Straight and flat,NH,Bitumen(Tar),Dry,No influence on accident,Fine,Bengaluru Tumakuru NH 48 Road,Near Anchepalya,12KMS,13.054422,77.4805249
Bengaluru Dist,Nelamangala Traffic PS,1.04422e+16,2019,1,2,Road Accidents,Not Applicable,Rural Areas,Open area,Human Error,No,Damage Only,Vehicle to Vehicle,Uncontrolled,Straight and flat,NH,Bitumen(Tar),Dry,Not Applicable,Fine,NH-48,BYADARAHALLI,10KM,13.110749,77.377868
Bengaluru Dist,Nelamangala Traffic PS,1.04422e+16,2019,1,2,Road Accidents,Curves,Rural Areas,Near or inside a village,Human Error,No,Simple Injury,Vehicle to Vehicle,Police / Manual,Curve,NH,Bitumen(Tar),Dry,No influence on accident,Fine,NELAMANGALA KUNIGAL NH 75 ROAD,NEAR VILLAGE,8 KM,13.063408,77.347386
Bengaluru Dist,Nelamangala Traffic PS,1.04422e+16,2019,1,1,Road Accidents,Not Applicable,City/Town,Near Bus stop,Human Error,No,Grievous Injury,Hit pedestrian,Uncontrolled,Straight and flat,NH,Concrete,Dry,No influence on accident,Fine,Tumakuru Bengaluru NH 48 Service Road,Near Anchepalya,20KMs,13.054917,77.48084
Bengaluru Dist,Nelamangala Traffic PS,1.04422e+16,2019,1,1,Road Accidents,Not Applicable,Rural Areas,Open area,Human Error,Yes,Grievous Injury,Not Applicable,Uncontrolled,Straight and flat,NH,Bitumen(Tar),Dry,No influence on accident,Fine,Bengaluru Tumakuru NH 48 Road,Near Arishinakute,04Kms,13.078148,77.428281
Bengaluru Dist,Nelamangala Traffic PS,1.04422e+16,2019,1,2,Road Accidents,Curves,Rural Areas,Open area,Human Error,No,Grievous Injury,Vehicle to Vehicle,Police / Manual,Curve,NH,Bitumen(Tar),Dry,Not Applicable,Clear,TUMAKURU BANGALORE NH 48 ROAD,DABASPETE CHANDANAHOSAHALLI,20 KM,13.204308,77.265419
Bengaluru Dist,Nelamangala Traffic PS,1.04422e+16,2019,1,1,Road Accidents,Not Applicable,Rural Areas,Open area,Human Error,No,Grievous Injury,Hit pedestrian,Uncontrolled,Straight and flat,NH,Bitumen(Tar),Dry,No influence on accident,Fine,Kunigal Nelamangala NH 75 Road,Near Kempalinganahalli,500M,13.095514,77.381325
Bengaluru Dist,Nelamangala Traffic PS,1.04422e+16,2019,1,1,Road Accidents,Not Applicable,Rural Areas,Open area,Human Error,Yes,Fatal,Hit pedestrian,Uncontrolled,Straight and flat,NH,Bitumen(Tar),Dry,No influence on accident,Clear,Bangalore Tumkur NH 48 Road,rayarapalya gate,20,13.250197,77.220921
Bengaluru Dist,Nelamangala Traffic PS,1.04422e+16,2019,1,1,Road Accidents,Not Applicable,Rural Areas,Open area,Human Error,Not Applicable,Fatal,Hit pedestrian,Uncontrolled,Straight and flat,NH,Bitumen(Tar),Dry,No influence on accident,Fine,BANGALORE TUMKUR NH 48 EXPRESS ROAD,OPPOSITE MVM CHOWTRY,1,13.091552,77.397688
Bengaluru Dist,Nelamangala Traffic PS,1.04422e+16,2019,1,1,Road Accidents,Road hump or Rumble strips,City/Town,Near School or College,Human Error,No,Grievous Injury,Hit bicyclist,Uncontrolled,Hump,NH,Bitumen(Tar),Dry,No influence on accident,Fine,NH,OPP GOLDEN BREEZE DELICACY,8KM,13.07321,77.43891
Bengaluru Dist,Nelamangala Traffic PS,1.04422e+16,2019,1,1,Road Accidents,Junction,City/Town,At pedestrian Crossing,Human Error,Yes,Grievous Injury,Hit pedestrian,Uncontrolled,Straight and flat,NH,Bitumen(Tar),Dry,No influence on accident,Fine,NH-48,SONDEKOPPA CIRCLE,1 km,13.092372,77.3949719
Bengaluru Dist,Nelamangala Traffic PS,1.04422e+16,2019,1,2,Road Accidents,Not Applicable,Rural Areas,Near office complex,Human Error,No,Simple Injury,Not Applicable,Not Applicable,Not Applicable,NH,Surfaced,Others,Not Applicable,Fine,Tumakuru Bengaluru NH 48 Road,NEAR ARKAVATHI BRIDGE,5 KM,13.065433,77.4538969
Bengaluru Dist,Nelamangala Traffic PS,1.04422e+16,2019,1,1,Road Accidents,Narrow road,Rural Areas,At pedestrian Crossing,Human Error,No,Fatal,Hit pedestrian,Uncontrolled,Sharp Curve,Service Road,Surfaced,Dry,Not Applicable,Fine,Tumakuru-Nelamangala NH-48,Road,15 KM,13.056515,77.473426
Bengaluru Dist,Nelamangala Traffic PS,1.04422e+16,2019,1,1,Road Accidents,Not Applicable,Rural Areas,Open area,Human Error,No,Grievous Injury,Hit pedestrian,Not Applicable,Others,NH,Bitumen(Tar),Dry,Not Applicable,Clear,TUMAKURU BANGALORE NH 48 ROAD,TUMAKURU BANGALORE NH 48 ROAD,12 KM,13.181051,77.289286
Bengaluru Dist,Nelamangala Traffic PS,1.04422e+16,2019,1,2,Road Accidents,Not Applicable,Rural Areas,Residential area,Human Error,No,Grievous Injury,Vehicle to Vehicle,Not Applicable,Not Applicable,NH,Bitumen(Tar),Dry,Not Applicable,Clear,TUMAKURU BANGALORE NH 48 ROAD,TUMAKURU BANGALORE NH 48 ROAD,15 KM,13.207797,77.261903
Bengaluru Dist,Nelamangala Traffic PS,1.04422e+16,2019,1,1,Road Accidents,Not Applicable,Rural Areas,Open area,Human Error,No,Grievous Injury,Not Applicable,Police / Manual,Straight and flat,NH,Bitumen(Tar),Dry,No influence on accident,Clear,BANGALORE TUMAKURU NH 48 ROAD,BANGALORE TUMAKURU NH 48 ROAD,20 KM,13.21811,77.2515849
Bengaluru Dist,Nelamangala Traffic PS,1.04422e+16,2019,1,1,Road Accidents,Curves,Rural Areas,Open area,Human Error,Yes,Fatal,Hit pedestrian,Uncontrolled,Curve,NH,Bitumen(Tar),Dry,No influence on accident,Fine,TUMKUR BANGALORE NH48 ROAD NEAR TCI EXPRESS GODOWN,T BEGUR  TCI GODOWN,10,13.151873,77.3360899
Bengaluru Dist,Nelamangala Traffic PS,1.04422e+16,2019,1,2,Road Accidents,Narrow road,Rural Areas,Open area,Human Error,Yes,Grievous Injury,Vehicle to Vehicle,Uncontrolled,Straight and flat,NH,Bitumen(Tar),Dry,No influence on accident,Fine,NH,VVS GORDEN HOTEL,3KM,13.091396,77.37718
Bengaluru Dist,Nelamangala Traffic PS,1.04422e+16,2019,1,1,Road Accidents,Not Applicable,Rural Areas,Near Petrol Pump,Human Error,No,Simple Injury,Hit pedestrian,Uncontrolled,Straight and flat,NH,Bitumen(Tar),Dry,No influence on accident,Clear,BENGALURU TUMAKURU NH-48  ROAD,INFRONT OF SHREEYA ESSAR PETRONET,18 KM,13.211789,77.25726
Bengaluru Dist,Nelamangala Traffic PS,1.04422e+16,2019,1,2,Road Accidents,Not Applicable,City/Town,Open area,Human Error,No,Grievous Injury,Vehicle to Vehicle,Uncontrolled,Straight and flat,NH,Bitumen(Tar),Dry,No influence on accident,Fine,Bengaluru Tumakuru NH 48 Road,Near Madavara,12KMS,13.055597,77.4773039
Bengaluru Dist,Nelamangala Traffic PS,1.04422e+16,2019,1,1,Road Accidents,Narrow road,Rural Areas,Open area,Not Applicable,Yes,Fatal,Hit pedestrian,Uncontrolled,Straight and flat,NH,Bitumen(Tar),Dry,No influence on accident,Fine,NH 48,t begur society,8,13.148866,77.338276
Bengaluru Dist,Nelamangala Traffic PS,1.04422e+16,2019,1,1,Road Accidents,Narrow road,City/Town,Open area,Human Error,No,Grievous Injury,Head on,Uncontrolled,Straight and flat,Others,Bitumen(Tar),Dry,No influence on accident,Fine,OTHERS ROAD,GANESH RAO LAYOUT,2KM,13.094718,77.405031
Bengaluru Dist,Nelamangala Traffic PS,1.04422e+16,2019,1,1,Road Accidents,Other,City/Town,Near School or College,Human Error,No,Damage Only,Head on,Uncontrolled,Straight and flat,NH,Bitumen(Tar),Dry,No influence on accident,Fine,TUMAKURU BENGALURU NH 48 ROAD,Near Vishweshwarapura,01 KM,13.101904,77.383256
Bengaluru Dist,Nelamangala Traffic PS,1.04422e+16,2019,1,1,Not Applicable,Bridge,Rural Areas,Near office complex,Human Error,No,Simple Injury,Hit pedestrian,Controlled,Others,NH,Bitumen(Tar),Dry,Not Applicable,Clear,BANGALORE - TUMAKURU NH - 48 ROAD,SURATHA GOODS TRANSPORT,45 FT,13.058005,77.4688849
Bengaluru Dist,Nelamangala Traffic PS,1.04422e+16,2019,1,1,Road Accidents,Not Applicable,Rural Areas,Near office complex,Human Error,No,Simple Injury,Not Applicable,Uncontrolled,Straight and flat,NH,Bitumen(Tar),Muddy,No influence on accident,Clear,TUMAKURU BENGALURU NH-48 ROAD,INFRONT OF BASAVESHWARA PRAVISION STORE,20 KM,13.224104,77.244303
Bengaluru Dist,Nelamangala Traffic PS,1.04422e+16,2019,1,2,Road Accidents,Cross roads,City/Town,Near office complex,Human Error,No,Simple Injury,Vehicle to Vehicle,Uncontrolled,Straight and flat,Others,Bitumen(Tar),Dry,No influence on accident,Fine,NELAMANGALA BENGALURU B H MAIN ROAD,NEAR M G ROAD CROSS,1 KM,13.097623,77.40007
Bengaluru Dist,Nelamangala Traffic PS,1.04422e+16,2019,1,1,Road Accidents,Other,Rural Areas,Near or inside a village,Human Error,No,Simple Injury,Others,Not at  Junction,Others,NH,Bitumen(Tar),Others,Not Applicable,Clear,BENGALURU NELAMANGALA BH-ROAD,INFRONT OF BEERALINGESHWARA SHOP,1 KM,13.087455,77.412556
Bengaluru Dist,Nelamangala Traffic PS,1.04422e+16,2019,1,3,Road Accidents,Cross roads,Rural Areas,Near or inside a village,Human Error,No,Simple Injury,Vehicle to Vehicle,No signal lights,Others,NH,Bitumen(Tar),Dry,Not Applicable,Clear,TUMAKURU TO BANGALORE NH 48 ROAD,TUMAKURU TO BANGALORE NH 48 ROAD,13 KM,13.18781,77.2818819
Bengaluru Dist,Nelamangala Traffic PS,1.04422e+16,2019,1,2,Road Accidents,Road hump or Rumble strips,Rural Areas,Narrow bridge or culverts,Human Error,No,Damage Only,Head on,Uncontrolled,Straight and flat,Expressway,Surfaced,Flooded,Pot holed,Cloudy,NH-48 Hiway road,Road,01 km,13.091233,77.399488
Bengaluru Dist,Nelamangala Traffic PS,1.04422e+16,2019,1,2,Road Accidents,Cross roads,Rural Areas,Open area,Human Error,No,Damage Only,Others,Uncontrolled,Curve,NH,Bitumen(Tar),Dry,No influence on accident,Fine,Tumakuru Bengaluru NH 48 Road,Near Kengal Kempohalli,12KMS,13.207978,77.26186
Bengaluru Dist,Nelamangala Traffic PS,1.04422e+16,2019,1,2,Road Accidents,Not Applicable,Rural Areas,Open area,Human Error,No,Grievous Injury,Vehicle to Vehicle,Not at  Junction,Straight and flat,NH,Bitumen(Tar),Dry,No influence on accident,Fine,Bengaluru Tumakuru NH 48 Road,Near T Beguru,05KMS,13.148573,77.338093
Bengaluru Dist,Nelamangala Traffic PS,1.04422e+16,2019,1,2,Road Accidents,Cross roads,Rural Areas,Near or inside a village,Human Error,No,Grievous Injury,Vehicle to Vehicle,Uncontrolled,Straight and flat,NH,Bitumen(Tar),Dry,No influence on accident,Clear,TUMAKURU BENGALURU NH-48 ROAD,NEAR TYAMAGONDLU CROSS,10 Km,13.1517,77.337187
Bengaluru Dist,Nelamangala Traffic PS,1.04422e+16,2019,1,2,Road Accidents,Cross roads,Rural Areas,Near Bus stop,Human Error,No,Fatal,Vehicle to Vehicle,Uncontrolled,Curve,NH,Bitumen(Tar),Dry,No influence on accident,Fine,NELAMANGALA KUNIGAL NH 75 ROAD,BURUGAMARADA PALYA U TURN,8,13.062895,77.330323
Bengaluru Dist,Nelamangala Traffic PS,1.04422e+16,2019,1,1,Road Accidents,Road hump or Rumble strips,City/Town,Near Petrol Pump,Human Error,No,Grievous Injury,Hit bicyclist,Uncontrolled,Straight and flat,NH,Bitumen(Tar),Dry,No influence on accident,Fine,NH-48,INDIAN PETROL BUNK,1KM,13.099518,77.384887
Bengaluru Dist,Nelamangala Traffic PS,1.04422e+16,2019,1,1,Road Accidents,Narrow road,City/Town,Near a religious place,Human Error,No,Simple Injury,Not Applicable,Not Applicable,Others,NH,Bitumen(Tar),Dry,No influence on accident,Fine,BANGALORE TO TUMKUR NH -48ROAD,BANGALORE TUMKUR ROAD NH 48 ROAD,3 KM,13.078683,77.426958
Bengaluru Dist,Nelamangala Traffic PS,1.04422e+16,2019,1,2,Road Accidents,Road hump or Rumble strips,City/Town,Open area,Human Error,No,Grievous Injury,Vehicle to Vehicle,Uncontrolled,Straight and flat,NH,Bitumen(Tar),Dry,No influence on accident,Fine,NH,DODDERI VILLAGE,10KM,13.169843,77.309297
Bengaluru Dist,Nelamangala Traffic PS,1.04422e+16,2019,1,1,Road Accidents,Not Applicable,Rural Areas,Near School or College,Human Error,No,Grievous Injury,Hit bicyclist,Uncontrolled,Straight and flat,NH,Bitumen(Tar),Dry,No influence on accident,Fine,NH,YANTAKANAHALLI,10KM,13.063095,77.3463789
Bengaluru Dist,Nelamangala Traffic PS,1.04422e+16,2019,1,2,Road Accidents,Curves,Rural Areas,Near Petrol Pump,Human Error,No,Grievous Injury,Vehicle to Vehicle,No signal lights,Straight and flat,Service Road,Bitumen(Tar),Dry,Not Applicable,Clear,TUMAKURU BANGALORE NH 48 SERVICE ROAD,TUMAKURU TO BANGLORE NH 48 SERVICE ROAD,2 KM,13.085845,77.411906
Bengaluru Dist,Nelamangala Traffic PS,1.04422e+16,2019,1,2,Road Accidents,Not Applicable,City/Town,Near Petrol Pump,Human Error,No,Damage Only,Vehicle to Vehicle,Uncontrolled,Straight and flat,NH,Bitumen(Tar),Dry,No influence on accident,Clear,BENGALURU TUMAKURU NH-48  ROAD,INFRONT OF KIRAN OIL PETROL BUNK,05 KM,13.155111,77.329827
Bengaluru Dist,Nelamangala Traffic PS,1.04422e+16,2019,1,1,Road Accidents,Narrow road,Rural Areas,Narrow bridge or culverts,Human Error,No,Fatal,Vehicle to Vehicle,Uncontrolled,Straight and flat,NH,Bitumen(Tar),Dry,No influence on accident,Fine,TUMKUR BANGALORE NH 48 ROAD,DABASPET FLYOVER BRIDGE,20,13.22391,77.244803
Bengaluru Dist,Nelamangala Traffic PS,1.04422e+16,2019,1,1,Road Accidents,Not Applicable,Rural Areas,Open area,Not Applicable,Yes,Fatal,Not Applicable,Uncontrolled,Straight and flat,NH,Bitumen(Tar),Dry,No influence on accident,Others,NH 48,KAMATH HOTEL,20 KM,13.257146,77.212713
Bengaluru Dist,Nelamangala Traffic PS,1.04422e+16,2019,1,1,Road Accidents,Circle,Rural Areas,Open area,Vehicle Defect,No,Fatal,Others,Not at  Junction,Others,Service Road,Bitumen(Tar),Others,Not Applicable,Others,nh4 service road,shivagange circle,20,13.238493,77.236573
Bengaluru Dist,Nelamangala Traffic PS,1.04422e+16,2019,1,1,Road Accidents,Other,Rural Areas,Open area,Not Applicable,No,Fatal,Others,Not at  Junction,Others,NH,Bitumen(Tar),Others,Not Applicable,Others,NH 75,MAHADEVAPURA,8,13.06658,77.320206
Bengaluru Dist,Nelamangala Traffic PS,1.04422e+16,2019,1,2,Road Accidents,Narrow road,City/Town,Open area,Human Error,Yes,Grievous Injury,Hit and Run,Uncontrolled,Straight and flat,NH,Bitumen(Tar),Dry,Not Applicable,Fine,NH-48,MADANAYAKANAHALLI,8KM,13.061172,77.460739
Bengaluru Dist,Nelamangala Traffic PS,1.04422e+16,2019,1,2,Road Accidents,Curves,Rural Areas,Open area,Human Error,No,Simple Injury,Hit bicyclist,Police / Manual,Curve,NH,Bitumen(Tar),Dry,No influence on accident,Clear,Tumkuru Bengaluru NH-48 Road,NEAR ANCHEMANE CROSS,20 KM,13.235334,77.2392019
Bengaluru Dist,Nelamangala Traffic PS,1.04422e+16,2019,1,2,Road Accidents,Other,Rural Areas,Open area,Human Error,No,Damage Only,Head on,Uncontrolled,Hump,NH,Bitumen(Tar),Dry,No influence on accident,Fine,BENGALURU TUMAKURU NH 48 ROAD,NEAR JASSTOLL,02KMS,13.113637,77.375383
Bengaluru Dist,Nelamangala Traffic PS,1.04422e+16,2019,1,1,Road Accidents,Narrow road,Rural Areas,Open area,Human Error,Yes,Fatal,Hit pedestrian,Uncontrolled,Straight and flat,Others,Bitumen(Tar),Dry,No influence on accident,Clear,Nelamangala Sondekoppa Main Road,Near Manjunatha Bekari,02KMS,13.08694,77.392962
Bengaluru Dist,Nelamangala Traffic PS,1.04422e+16,2019,1,1,Road Accidents,Curves,Rural Areas,Open area,Human Error,No,Damage Only,Not Applicable,Uncontrolled,Curve,Expressway,Surfaced,Flooded,No influence on accident,Dust Storn,NELAMANGALA KUNIGAL NH-48 ROAD,bus stand,10 km,13.078738,77.367168
Bengaluru Dist,Nelamangala Traffic PS,1.04422e+16,2019,1,2,Road Accidents,Narrow road,Rural Areas,Open area,Human Error,No,Grievous Injury,Head on,Uncontrolled,Straight and flat,NH,Bitumen(Tar),Dry,No influence on accident,Fine,NH-48,NEAR SHARAPURAPALYA GATE,3KM,13.103461,77.381023
Bengaluru Dist,Nelamangala Traffic PS,1.04422e+16,2019,1,2,Road Accidents,Not Applicable,Rural Areas,Near Hospital,Human Error,No,Grievous Injury,Vehicle to Vehicle,Uncontrolled,Straight and flat,NH,Bitumen(Tar),Dry,Not Applicable,Fine,NH-75,NEAR YANTAGANAHALLI,9KM,13.0633,77.346853
Bengaluru Dist,Nelamangala Traffic PS,1.04422e+16,2019,1,3,Road Accidents,Curves,Rural Areas,Open area,Human Error,Yes,Grievous Injury,Vehicle to Vehicle,Stop Sign,Curve,NH,Bitumen(Tar),Dry,No influence on accident,Fine,Bengaluru Tumakuru NH 48 Road,Near Dabasapete,20KMs,13.242294,77.232125
Bengaluru Dist,Nelamangala Traffic PS,1.04422e+16,2019,1,2,Road Accidents,Curves,Rural Areas,Open area,Human Error,No,Grievous Injury,Vehicle to Vehicle,Uncontrolled,Straight and flat,NH,Bitumen(Tar),Dry,No influence on accident,Clear,Nelamangala Kunigal NH 75 Road,Near Mahadevapura,06Kms,13.082715,77.371983
Bengaluru Dist,Nelamangala Traffic PS,1.04422e+16,2019,1,2,Road Accidents,Other,Not Applicable,Open area,Not Applicable,No,Fatal,Others,Not at  Junction,Others,Others,Bitumen(Tar),Others,Not Applicable,Others,NICE ROAD,gangondanahalli BRIDGE,12,13.0388,77.475717
Bengaluru Dist,Nelamangala Traffic PS,1.04422e+16,2019,1,2,Road Accidents,Other,Rural Areas,Near School or College,Human Error,No,Simple Injury,Others,Controlled,Others,NH,Bitumen(Tar),Dry,Not Applicable,Clear,TUMAKURU TO BANGALORE NH - 48 SERVICE ROAD,TOLL,15 FT,13.091331,77.399671
Bengaluru Dist,Nelamangala Traffic PS,1.04422e+16,2019,1,1,Road Accidents,Other,Rural Areas,Near Bus stop,Not Applicable,No,Fatal,Others,Not at  Junction,Others,NH,Bitumen(Tar),Others,Not Applicable,Others,NH 75,YANTAGANAHALLI BUS STAND,6 KM,13.063012,77.346506
Bengaluru Dist,Nelamangala Traffic PS,1.04422e+16,2019,1,2,Road Accidents,Narrow road,Rural Areas,Open area,Human Error,No,Damage Only,Others,Uncontrolled,Straight and flat,NH,Bitumen(Tar),Dry,Not Applicable,Fine,NH-48,RAYAR PALYA GATE,23KM,13.207853,77.261846
Bengaluru Dist,Nelamangala Traffic PS,1.04422e+16,2019,1,1,Road Accidents,Other,Rural Areas,Open area,Not Applicable,Yes,Fatal,Others,Not at  Junction,Others,NH,Bitumen(Tar),Others,Not Applicable,Others,NH 48,BHUVANESHWARI NAGARA,5,13.138129,77.352365
Bengaluru Dist,Nelamangala Traffic PS,1.04422e+16,2019,1,2,Road Accidents,Not Applicable,Rural Areas,Near or inside a village,Human Error,No,Grievous Injury,Vehicle to Vehicle,Uncontrolled,Straight and flat,NH,Bitumen(Tar),Dry,No influence on accident,Clear,NELAMANGALA KUNIGAL NH 75 ROAD,NEAR VILLAGE,4 KM,13.06338,77.347369
Bengaluru Dist,Nelamangala Traffic PS,1.04422e+16,2019,1,2,Road Accidents,Not Applicable,Rural Areas,Open area,Human Error,No,Grievous Injury,Vehicle to Vehicle,Not Applicable,Not Applicable,NH,Bitumen(Tar),Dry,Not Applicable,Fine,Kunigal-Nelamangala Road,Near Lanco Toll,4 km,13.07047,77.36236
Bengaluru Dist,Nelamangala Traffic PS,1.04422e+16,2019,1,3,Road Accidents,Not Applicable,Rural Areas,Near or inside a village,Human Error,No,Simple Injury,Vehicle to Vehicle,Uncontrolled,Straight and flat,NH,Bitumen(Tar),Dry,No influence on accident,Clear,Benaglauru Tumkuru NH-48 Road,Infront of Jai hind hotel,20 Kms,13.218095,77.251698
Bengaluru Dist,Nelamangala Traffic PS,1.04422e+16,2019,1,1,Road Accidents,Not Applicable,Rural Areas,Near a factory industrial area,Human Error,No,Fatal,Not Applicable,Uncontrolled,Straight and flat,Service Road,Bitumen(Tar),Dry,No influence on accident,Fine,BANGALORE TUMKUR NH 48 SERVICE ROAD,NEAR KMC GLASS FACTORY,1,13.104538,77.380738
Bengaluru Dist,Nelamangala Traffic PS,1.04422e+16,2019,1,1,Road Accidents,Curves,Rural Areas,Open area,Human Error,No,Grievous Injury,Hit pedestrian,No signal lights,Curve,NH,Bitumen(Tar),Dry,No influence on accident,Cloudy,Kunigal-Nelamangala Road NH 75,Near Mahadevapura,5 kms,13.066589,77.3196039
Bengaluru Dist,Nelamangala Traffic PS,1.04422e+16,2019,1,2,Road Accidents,Cross roads,City/Town,Near Bus stop,Human Error,No,Simple Injury,Vehicle to Vehicle,Uncontrolled,Straight and flat,NH,Bitumen(Tar),Muddy,No influence on accident,Clear,NELAMANGALA DODDABALLAPURA MAIN ROAD,NEAR BUS STOP,2 KM,13.106758,77.388118
Bengaluru Dist,Nelamangala Traffic PS,1.04422e+16,2019,1,2,Road Accidents,Not Applicable,Rural Areas,Open area,Human Error,Yes,Damage Only,Vehicle to Vehicle,Uncontrolled,Straight and flat,NH,Bitumen(Tar),Others,No influence on accident,Others,Bangalore Tumkur NH 48 Road,yedehalli u turn,20,13.218305,77.2514429
Bengaluru Dist,Nelamangala Traffic PS,1.04422e+16,2019,1,2,Road Accidents,Narrow road,Rural Areas,Near office complex,Human Error,No,Simple Injury,Vehicle to Vehicle,Not Applicable,Others,NH,Bitumen(Tar),Dry,Not Applicable,Clear,"TUMAKURU-BANGALORE  NH 48 SERVICE ROAD, NEAR PRESTIGE GROUP",TUMAKURU BANGALORE NH 48 SERVICE ROAD,10 KM,13.051927,77.4898679
Bengaluru Dist,Nelamangala Traffic PS,1.04422e+16,2019,1,1,Road Accidents,Curves,Rural Areas,Open area,Human Error,No,Fatal,Hit pedestrian,Uncontrolled,Curve,Others,Bitumen(Tar),Dry,No influence on accident,Fine,NELAMANGALA BANGALORE BH ROAD,HASANAMBA BAKERY VISHWASHANTHI ASHRAMA,3,13.096662,77.402415
Bengaluru Dist,Nelamangala Traffic PS,1.04422e+16,2019,1,1,Road Accidents,Not Applicable,Rural Areas,Near or inside a village,Human Error,Yes,Simple Injury,Not Applicable,Uncontrolled,Straight and flat,NH,Bitumen(Tar),Dry,No influence on accident,Clear,TUMAKURU BANGALORE NH 48 ROAD,NEAR PANJABHI DHABA,22 KM,13.259086,77.2101509
Bengaluru Dist,Nelamangala Traffic PS,1.04422e+16,2019,1,2,Road Accidents,Cross roads,City/Town,Near a factory industrial area,Human Error,No,Simple Injury,Vehicle to Vehicle,Uncontrolled,Straight and flat,Service Road,Bitumen(Tar),Dry,No influence on accident,Clear,BENGALURU TUMAKURU NH-48  ROAD,OPPT KEMWEL FACTORY,7 KM,13.143558,77.344616
Bengaluru Dist,Nelamangala Traffic PS,1.04422e+16,2019,1,2,Road Accidents,Not Applicable,City/Town,Near Bus stop,Human Error,Yes,Damage Only,Vehicle to Vehicle,Uncontrolled,Straight and flat,NH,Bitumen(Tar),Dry,No influence on accident,Clear,TUMAKURU BENGALURU NH-48 ROAD,MAKALI BUS STOP,8 KM,13.065738,77.453782
Bengaluru Dist,Nelamangala Traffic PS,1.04422e+16,2019,1,1,Road Accidents,Not Applicable,Rural Areas,Near Bus stop,Human Error,Yes,Simple Injury,Hit pedestrian,Uncontrolled,Straight and flat,NH,Bitumen(Tar),Dry,No influence on accident,Clear,Bengaluru Nelamangala NH-04 Road,NEAR BILLINAKOTE BUS STOP,17 KM,13.197878,77.271359