DISTRICTNAME,UNITNAME,Crime_No,Year,RI,Noofvehicle_involved,Accident_Classification,Accident_Spot,Accident_Location,Accident_SubLocation,Main_Cause,Hit_Run,Severity,Collision_Type,Junction_Control,Road_Character,Road_Type,Surface_Type,Surface_Condition,Road_Condition,Weather,Accident_Road,Landmark_first,Distance_LandMark_First,Latitude,Longitude
Bengaluru Dist,Nelamangala Traffic PS,1.04422e+16,2020,1,1,Road Accidents,Junction,Rural Areas,Open area,Human Error,No,Simple Injury,Hit pedestrian,Police / Manual,Straight and flat,NH,Bitumen(Tar),Dry,Not Applicable,Fine,TUMKURU TO BANGALORE NH 48 ROAD,NEAR DASANAPURA FLYOVER BRIDGE,6 KM,13.094157,77.390278
Bengaluru Dist,Nelamangala Traffic PS,1.04422e+16,2020,1,2,Road Accidents,Not Applicable,Rural Areas,Near a factory industrial area,Human Error,No,Grievous Injury,Vehicle to Vehicle,Uncontrolled,Straight and flat,NH,Bitumen(Tar),Dry,No influence on accident,Fine,NH-48,BOODHIHAL,6KM,13.131605,77.358441
Bengaluru Dist,Nelamangala Traffic PS,1.04422e+16,2020,1,2,Road Accidents,Not Applicable,Rural Areas,Open area,Human Error,No,Fatal,Vehicle to Vehicle,Uncontrolled,Straight and flat,NH,Bitumen(Tar),Dry,No influence on accident,Fine,Nelamangala Doddaballapura Road,Basavanahalli Railway Bridge,2,13.108998,77.38808
Bengaluru Dist,Nelamangala Traffic PS,1.04422e+16,2020,1,2,Road Accidents,Narrow road,City/Town,Open area,Human Error,Yes,Grievous Injury,Vehicle to Vehicle,Uncontrolled,Straight and flat,NH,Bitumen(Tar),Dry,No influence on accident,Fine,others,INDIRA CANTEEN,2KM,13.097574,77.400073
Bengaluru Dist,Nelamangala Traffic PS,1.04422e+16,2020,1,1,Road Accidents,Not Applicable,Rural Areas,Narrow bridge or culverts,Human Error,No,Simple Injury,Hit pedestrian,Uncontrolled,Straight and flat,NH,Bitumen(Tar),Not Applicable,No influence on accident,Clear,MAGADI TUMAKURU NICE ROAD,NEAR GANGONDANAHALLI BRIDGE,14 KM,13.026504,77.475321
Bengaluru Dist,Nelamangala Traffic PS,1.04422e+16,2020,1,1,Road Accidents,Curves,Rural Areas,Open area,Human Error,No,Fatal,Hit pedestrian,Not at  Junction,Curve,NH,Bitumen(Tar),Dry,No influence on accident,Fine,KUNIGAL NELAMANGALA NH 75 ROAD,Mahadevapura,6,13.066619,77.319591
Bengaluru Dist,Nelamangala Traffic PS,1.04422e+16,2020,1,2,Road Accidents,Not Applicable,Rural Areas,Near Petrol Pump,Human Error,No,Damage Only,Vehicle to Vehicle,Police / Manual,Straight and flat,NH,Bitumen(Tar),Dry,No influence on accident,Fine,TUMKURU BANGALORE NH 48 ROAD,NEAR BINNAMANGALA INDIAN OIL PETROL BUNK,03 KM,13.085686,77.411124
Bengaluru Dist,Nelamangala Traffic PS,1.04422e+16,2020,1,2,Road Accidents,Narrow road,City/Town,Open area,Human Error,No,Grievous Injury,Vehicle to Vehicle,Uncontrolled,Straight and flat,Others,Bitumen(Tar),Dry,No influence on accident,Fine,NICE ROAD,KODIPALYA CROSS,14KM,13.052069,77.476386
Bengaluru Dist,Nelamangala Traffic PS,1.04422e+16,2020,1,1,Road Accidents,Not Applicable,Rural Areas,Open area,Human Error,No,Fatal,Hit pedestrian,Uncontrolled,Straight and flat,NH,Bitumen(Tar),Dry,No influence on accident,Fine,Tumkur -Bengaluru NH 48 Highway Road,Navayuga Toll,1,13.090861,77.399315
Bengaluru Dist,Nelamangala Traffic PS,1.04422e+16,2020,1,2,Road Accidents,Curves,City/Town,Near Petrol Pump,Human Error,No,Simple Injury,Vehicle to Vehicle,Uncontrolled,Straight and flat,NH,Bitumen(Tar),Dry,No influence on accident,Clear,Bengaluru Tumkuru NH-04 Road,Infront of HP Petrol Bunk,12 KM,13.051303,77.488022
Bengaluru Dist,Nelamangala Traffic PS,1.04422e+16,2020,1,1,Road Accidents,Road hump or Rumble strips,City/Town,Open area,Human Error,No,Damage Only,Not Applicable,Uncontrolled,Straight and flat,NH,Bitumen(Tar),Dry,No influence on accident,Fine,NH,MADAVARA BRIDGE,10KM,13.056915,77.473304
Bengaluru Dist,Nelamangala Traffic PS,1.04422e+16,2020,1,2,Road Accidents,Not Applicable,Rural Areas,Open area,Human Error,No,Fatal,Vehicle to Vehicle,Uncontrolled,Straight and flat,NH,Bitumen(Tar),Dry,No influence on accident,Fine,Bengaluru Tumakuru NH 48 Service Road,Near Manjunatha Hotel,01Kms,13.110383,77.377952
Bengaluru Dist,Nelamangala Traffic PS,1.04422e+16,2020,1,2,Road Accidents,Not Applicable,Rural Areas,Open area,Human Error,No,Fatal,Vehicle to Vehicle,Not at  Junction,Straight and flat,NH,Bitumen(Tar),Dry,No influence on accident,Fine,Tumkur Bengaluru NH 48 Road,Near Bommanahalli,10,13.12144,77.368147
Bengaluru Dist,Nelamangala Traffic PS,1.04422e+16,2020,1,1,Road Accidents,Not Applicable,City/Town,Open area,Human Error,Yes,Fatal,Hit pedestrian,Uncontrolled,Straight and flat,NH,Bitumen(Tar),Dry,No influence on accident,Fine,Tumakuru Bengaluru NH 48 Service Road,Near Devannanapalya,05Kms,13.077706,77.430382
Bengaluru Dist,Nelamangala Traffic PS,1.04422e+16,2020,1,2,Road Accidents,Narrow road,Rural Areas,Open area,Human Error,Yes,Damage Only,Vehicle to Vehicle,Not Applicable,Not Applicable,NH,Bitumen(Tar),Dry,Not Applicable,Clear,Tumkuru Bengaluru NH-48 Road,Near Mahimapura Gate,8 KM,13.178534,77.293663
Bengaluru Dist,Nelamangala Traffic PS,1.04422e+16,2020,1,1,Road Accidents,Curves,Rural Areas,Open area,Human Error,Yes,Fatal,Hit pedestrian,Uncontrolled,Straight and flat,NH,Bitumen(Tar),Dry,No influence on accident,Fine,TUMKUR BENGALURU NH 48 ROAD,Yedehalli U turn,20,13.218193,77.251776
Bengaluru Dist,Nelamangala Traffic PS,1.04422e+16,2020,1,2,Road Accidents,Narrow road,Rural Areas,Open area,Human Error,No,Damage Only,Vehicle to Vehicle,Uncontrolled,Straight and flat,NH,Bitumen(Tar),Dry,No influence on accident,Fine,NH,Hanumanthapura gete,16KM,13.187905,77.282165
Bengaluru Dist,Nelamangala Traffic PS,1.04422e+16,2020,1,2,Road Accidents,Not Applicable,Rural Areas,Open area,Human Error,No,Simple Injury,Vehicle to Vehicle,Police / Manual,Straight and flat,NH,Bitumen(Tar),Dry,No influence on accident,Clear,TUMKURU BANGALORE NH 48 ROAD,T BEGURU,8 KM,13.15042,77.337145
Bengaluru Dist,Nelamangala Traffic PS,1.04422e+16,2020,1,2,Road Accidents,Not Applicable,Rural Areas,Open area,Human Error,No,Grievous Injury,Vehicle to Vehicle,Police / Manual,Straight and flat,NH,Bitumen(Tar),Dry,No influence on accident,Clear,BANGALORE TUMKUR NH 48 ROAD,ADAKAMARANAHALLI FLYOVER BRIDGE,7 KM,13.068635,77.447591
Bengaluru Dist,Nelamangala Traffic PS,1.04422e+16,2020,1,2,Road Accidents,Curves,Rural Areas,Narrow bridge or culverts,Human Error,No,Simple Injury,Vehicle to Vehicle,Uncontrolled,Straight and flat,NH,Bitumen(Tar),Dry,No influence on accident,Clear,TUMAKURU BENGALURU NH-48 SERVICE ROAD,Kuluvanahalli U Turn,14 KM,13.176048,77.299126
Bengaluru Dist,Nelamangala Traffic PS,1.04422e+16,2020,1,2,Road Accidents,Narrow road,City/Town,Narrow bridge or culverts,Human Error,No,Simple Injury,Vehicle to Vehicle,Uncontrolled,Straight and flat,NH,Bitumen(Tar),Dry,No influence on accident,Clear,NELAMANGALA TOWN,OPPT L J IYENGAR BAKERY,1 KM,13.101997,77.389022
Bengaluru Dist,Nelamangala Traffic PS,1.04422e+16,2020,1,1,Road Accidents,Not Applicable,City/Town,Near a factory industrial area,Human Error,Yes,Grievous Injury,Hit pedestrian,Uncontrolled,Straight and flat,NH,Bitumen(Tar),Dry,No influence on accident,Fine,NH,NAVAYUGA TOLL,1KM,13.09029,77.399505
Bengaluru Dist,Nelamangala Traffic PS,1.04422e+16,2020,1,2,Road Accidents,Not Applicable,Rural Areas,Open area,Human Error,No,Simple Injury,Vehicle to Vehicle,Police / Manual,Straight and flat,NH,Bitumen(Tar),Dry,No influence on accident,Fine,TUMKURU BANGALORE NH 48 ROAD,NEAR HALENIJAGALA,23 KM,13.259339,77.210167
Bengaluru Dist,Nelamangala Traffic PS,1.04422e+16,2020,1,2,Road Accidents,Not Applicable,Rural Areas,Narrow bridge or culverts,Human Error,No,Simple Injury,Vehicle to Vehicle,Uncontrolled,Straight and flat,NH,Bitumen(Tar),Dry,No influence on accident,Clear,BENGALURU TUMAKURU NH-48  ROAD,DASANAPURA FLYOVER,6 KM,13.074866,77.435878
Bengaluru Dist,Nelamangala Traffic PS,1.04422e+16,2020,1,1,Road Accidents,Narrow road,City/Town,Open area,Human Error,No,Grievous Injury,Hit animal,Uncontrolled,Straight and flat,NH,Bitumen(Tar),Dry,No influence on accident,Fine,NH,DASANAPURA,6KM,13.074853,77.436945
Bengaluru Dist,Nelamangala Traffic PS,1.04422e+16,2020,1,2,Road Accidents,Circle,City/Town,Near Petrol Pump,Human Error,No,Damage Only,Vehicle to Vehicle,Controlled,Not Applicable,NH,Bitumen(Tar),Dry,Not Applicable,Clear,TUMAKURU BENGALURU NH 04 SERVICE  ROAD,KULUMEPALYA,2KMS,13.115979,77.373453
Bengaluru Dist,Nelamangala Traffic PS,1.04422e+16,2020,1,2,Road Accidents,Not Applicable,Rural Areas,Open area,Human Error,Yes,Simple Injury,Vehicle to Vehicle,Police / Manual,Straight and flat,NH,Bitumen(Tar),Dry,No influence on accident,Clear,KUNIGAL NELAMANGALA NH 75 ROAD,YANTAGANAHALLI,8 KM,13.063154,77.346612
Bengaluru Dist,Nelamangala Traffic PS,1.04422e+16,2020,1,2,Road Accidents,Not Applicable,Rural Areas,Open area,Human Error,No,Fatal,Vehicle to Vehicle,Not at  Junction,Straight and flat,Others,Bitumen(Tar),Dry,No influence on accident,Fine,Madavara Magadi Nice Road,Navile Layout,15,13.036088,77.475942
Bengaluru Dist,Nelamangala Traffic PS,1.04422e+16,2020,1,2,Road Accidents,Curves,Rural Areas,Narrow bridge or culverts,Human Error,No,Simple Injury,Vehicle to Vehicle,Uncontrolled,Straight and flat,NH,Bitumen(Tar),Dry,No influence on accident,Clear,TUMAKURU BENGALURU NH-48 ROAD,BOMMANAHALLI U TURN,6 KM,13.121395,77.368279
Bengaluru Dist,Nelamangala Traffic PS,1.04422e+16,2020,1,2,Road Accidents,Not Applicable,Rural Areas,Open area,Human Error,No,Damage Only,Vehicle to Vehicle,Controlled,Curve,Others,Bitumen(Tar),Dry,Not Applicable,Clear,NICE ROAD,10KMS,10KM,13.056698,77.473407
Bengaluru Dist,Nelamangala Traffic PS,1.04422e+16,2020,1,2,Road Accidents,Curves,Rural Areas,Open area,Human Error,No,Grievous Injury,Vehicle to Vehicle,Uncontrolled,Straight and flat,NH,Bitumen(Tar),Dry,No influence on accident,Clear,Bengaluru Tumakuru NH 48 Road,Near Aladahalli Cross,16Kms,13.190901,77.278641
Bengaluru Dist,Nelamangala Traffic PS,1.04422e+16,2020,1,1,Road Accidents,Not Applicable,Rural Areas,Near a factory industrial area,Human Error,No,Damage Only,Not Applicable,Uncontrolled,Straight and flat,NH,Bitumen(Tar),Dry,No influence on accident,Clear,KUNIGAL NELAMANGALA NH-75 ROAD,MAHADEVAPURA CHACOLATE FACTORY,16 KM,13.064061,77.328272
Bengaluru Dist,Nelamangala Traffic PS,1.04422e+16,2020,1,2,Road Accidents,Not Applicable,Rural Areas,Open area,Human Error,No,Damage Only,Vehicle to Vehicle,Uncontrolled,Straight and flat,NH,Bitumen(Tar),Dry,No influence on accident,Clear,Bengaluru Tumakuru NH 48 Road,Near Jasatoll,02KMS,13.117128,77.372058
Bengaluru Dist,Nelamangala Traffic PS,1.04422e+16,2020,1,1,Road Accidents,Not Applicable,Rural Areas,Open area,Human Error,No,Grievous Injury,Hit pedestrian,Uncontrolled,Straight and flat,NH,Bitumen(Tar),Dry,No influence on accident,Fine,Tumakuru Bengaluru NH 48 Road,Near Jasatoll,02KMS,13.114661,77.374533
Bengaluru Dist,Nelamangala Traffic PS,1.04422e+16,2020,1,2,Road Accidents,Not Applicable,City/Town,Open area,Human Error,Yes,Fatal,Vehicle to Vehicle,Uncontrolled,Straight and flat,NH,Bitumen(Tar),Dry,No influence on accident,Fine,TUMKUR BANGALORE NH 48 ROAD,BELI MATA ENGINEERING COLLEGE,HALFKM,13.09422,77.390935
Bengaluru Dist,Nelamangala Traffic PS,1.04422e+16,2020,1,1,Road Accidents,Not Applicable,City/Town,Open area,Human Error,Yes,Grievous Injury,Hit pedestrian,Uncontrolled,Straight and flat,NH,Bitumen(Tar),Dry,No influence on accident,Fine,NH,CHIKKABIDARAKALLU,13KM,13.051973,77.487899
Bengaluru Dist,Nelamangala Traffic PS,1.04422e+16,2020,1,2,Road Accidents,Not Applicable,Rural Areas,Near a factory industrial area,Human Error,No,Grievous Injury,Vehicle to Vehicle,Uncontrolled,Straight and flat,NH,Bitumen(Tar),Dry,No influence on accident,Fine,NH-48,JASS TOLL,3KM,13.114413,77.374789
Bengaluru Dist,Nelamangala Traffic PS,1.04422e+16,2020,1,1,Road Accidents,Curves,Rural Areas,At pedestrian Crossing,Human Error,No,Fatal,Hit pedestrian,Uncontrolled,Curve,Expressway,Surfaced,Flooded,No influence on accident,Wind,BANGALORE TUMKUR NH 48 ROAD,road,05 km,13.131261,77.358525
Bengaluru Dist,Nelamangala Traffic PS,1.04422e+16,2020,1,2,Road Accidents,Narrow road,Rural Areas,Near Petrol Pump,Human Error,No,Simple Injury,Vehicle to Vehicle,Uncontrolled,Straight and flat,NH,Bitumen(Tar),Dry,No influence on accident,Fine,NH,MAHIMAPURA GATE,12KM,13.181441,77.28925
Bengaluru Dist,Nelamangala Traffic PS,1.04422e+16,2020,1,2,Road Accidents,Curves,Rural Areas,Near a factory industrial area,Human Error,Yes,Simple Injury,Vehicle to Vehicle,Uncontrolled,Straight and flat,NH,Bitumen(Tar),Dry,No influence on accident,Clear,KUNIGAL NELAMANGALA NH-75 ROAD,NEAR GRANITES FACTORY,3 KM,13.080909,77.368939
Bengaluru Dist,Nelamangala Traffic PS,1.04422e+16,2020,1,2,Road Accidents,Not Applicable,Rural Areas,Open area,Human Error,No,Grievous Injury,Vehicle to Vehicle,Uncontrolled,Straight and flat,NH,Bitumen(Tar),Dry,No influence on accident,Fine,NH,DABAPATE PLYOVER,20KM,13.231058,77.240618
Bengaluru Dist,Nelamangala Traffic PS,1.04422e+16,2020,1,2,Road Accidents,Not Applicable,Rural Areas,Open area,Human Error,No,Simple Injury,Vehicle to Vehicle,Uncontrolled,Straight and flat,NH,Bitumen(Tar),Dry,No influence on accident,Fine,NH,NEAR INDOPILO FACTORY,8KM,13.152015,77.335063
Bengaluru Dist,Nelamangala Traffic PS,1.04422e+16,2020,1,1,Road Accidents,Not Applicable,Rural Areas,Open area,Human Error,No,Fatal,Not Applicable,Uncontrolled,Straight and flat,NH,Bitumen(Tar),Dry,Not Applicable,Fine,Bengaluru Tumakuru NH 48 Road,HALENIJAGAL  BUS STAND,20,13.280349,77.188321
Bengaluru Dist,Nelamangala Traffic PS,1.04422e+16,2020,1,2,Road Accidents,Cross roads,Rural Areas,Open area,Human Error,Yes,Grievous Injury,Vehicle to Vehicle,Uncontrolled,Straight and flat,NH,Bitumen(Tar),Dry,No influence on accident,Fine,NH,KEREKATTIGANURU CROSS,15KM,13.187877,77.282401
Bengaluru Dist,Nelamangala Traffic PS,1.04422e+16,2020,1,2,Road Accidents,Not Applicable,Rural Areas,Near or inside a village,Human Error,No,Simple Injury,Vehicle to Vehicle,Uncontrolled,Straight and flat,NH,Bitumen(Tar),Dry,No influence on accident,Clear,NELAMANGALA KUNIGAL NH 75 ROAD,Near Seetaramabhatarapalya,6 KM,13.061029,77.334274
Bengaluru Dist,Nelamangala Traffic PS,1.04422e+16,2020,1,2,Road Accidents,Not Applicable,Rural Areas,Open area,Human Error,No,Fatal,Vehicle to Vehicle,Police / Manual,Straight and flat,NH,Bitumen(Tar),Dry,No influence on accident,Fine,TUMKUR BENGALURU NH 48 ROAD,Dasanapura Fly over Bridge,4,13.074503,77.435662
Bengaluru Dist,Nelamangala Traffic PS,1.04422e+16,2020,1,2,Road Accidents,Not Applicable,Rural Areas,Open area,Human Error,No,Simple Injury,Vehicle to Vehicle,Police / Manual,Straight and flat,NH,Bitumen(Tar),Dry,No influence on accident,Clear,TUMKURU BANGALORE NH 48  ROAD,ADAKAMARANAHALLI,8 KM,13.072159,77.442398
Bengaluru Dist,Nelamangala Traffic PS,1.04422e+16,2020,1,2,Road Accidents,Not Applicable,Rural Areas,Open area,Human Error,No,Grievous Injury,Vehicle to Vehicle,Uncontrolled,Straight and flat,NH,Bitumen(Tar),Dry,No influence on accident,Fine,Tumakuru Bengaluru NH 48 Road,Near Bhinnamangala,02KMS,13.085072,77.413118
Bengaluru Dist,Nelamangala Traffic PS,1.04422e+16,2020,1,2,Road Accidents,Not Applicable,Rural Areas,Open area,Human Error,No,Simple Injury,Vehicle to Vehicle,Police / Manual,Straight and flat,NH,Bitumen(Tar),Dry,No influence on accident,Clear,TUMKURU BANGALORE NH 48 ROAD,DODDERY VILLAGE,14 KM,13.169895,77.309363
Bengaluru Dist,Nelamangala Traffic PS,1.04422e+16,2020,1,1,Road Accidents,Narrow road,Rural Areas,Open area,Human Error,No,Grievous Injury,Hit pedestrian,Uncontrolled,Straight and flat,NH,Bitumen(Tar),Dry,No influence on accident,Fine,NH,T BEGURU,7KM,13.151209,77.3382099
Bengaluru Dist,Nelamangala Traffic PS,1.04422e+16,2020,1,2,Road Accidents,Narrow road,Rural Areas,Open area,Human Error,Yes,Grievous Injury,Vehicle to Vehicle,Uncontrolled,Straight and flat,NH,Bitumen(Tar),Dry,No influence on accident,Fine,NH,OPP SREE MANJUNATHA IDLI HOTAL,20KM,13.230614,77.240921
Bengaluru Dist,Nelamangala Traffic PS,1.04422e+16,2020,1,2,Road Accidents,Narrow road,City/Town,Open area,Human Error,No,Grievous Injury,Vehicle to Vehicle,Stop Sign,Not Applicable,NH,Bitumen(Tar),Dry,Not Applicable,Clear,BANGALORE -TUMKUR NH-48 ROAD,DODDEARI,10KMS,13.169341,77.309892
Bengaluru Dist,Nelamangala Traffic PS,1.04422e+16,2020,1,1,Road Accidents,Not Applicable,City/Town,Narrow bridge or culverts,Human Error,No,Simple Injury,Not Applicable,Uncontrolled,Straight and flat,NH,Bitumen(Tar),Dry,No influence on accident,Clear,TUMAKURU BENGALURU NH-48 ROAD,OPPT PRAJWAL DHABA,2 KM,13.10621,77.38035
Bengaluru Dist,Nelamangala Traffic PS,1.04422e+16,2020,1,2,Road Accidents,Narrow road,City/Town,Near office complex,Human Error,No,Simple Injury,Vehicle to Vehicle,Uncontrolled,Straight and flat,NH,Bitumen(Tar),Dry,No influence on accident,Clear,BENGALURU NELAMANGALA BH ROAD,JALARAM SHAMIL,3 KM,13.104216,77.385743
Bengaluru Dist,Nelamangala Traffic PS,1.04422e+16,2020,1,2,Road Accidents,Narrow road,Rural Areas,Open area,Human Error,No,Damage Only,Vehicle to Vehicle,Uncontrolled,Straight and flat,NH,Bitumen(Tar),Dry,No influence on accident,Fine,NH,BOODIHAL,6KM,13.12834,77.361882
Bengaluru Dist,Nelamangala Traffic PS,1.04422e+16,2020,1,2,Road Accidents,Narrow road,Rural Areas,Open area,Human Error,No,Damage Only,Vehicle to Vehicle,Uncontrolled,Straight and flat,NH,Bitumen(Tar),Dry,No influence on accident,Fine,NH,SHIVASH RESTAURENT,20KM,13.228671,77.241404
Bengaluru Dist,Nelamangala Traffic PS,1.04422e+16,2020,1,1,Road Accidents,Not Applicable,Rural Areas,Open area,Human Error,No,Simple Injury,Not Applicable,Police / Manual,Straight and flat,NH,Bitumen(Tar),Dry,No influence on accident,Clear,NELAMANGALA KUNIGAL NH 75 ROAD,MAHADEVAPURA,10 KM,13.065961,77.314758
Bengaluru Dist,Nelamangala Traffic PS,1.04422e+16,2020,1,2,Road Accidents,Curves,Rural Areas,Narrow bridge or culverts,Human Error,No,Simple Injury,Vehicle to Vehicle,Uncontrolled,Straight and flat,NH,Bitumen(Tar),Dry,No influence on accident,Clear,BENGALURU TUMAKURU NH-48 ROAD,NEAR PRAVASI DHABA,3 KM,13.12877,77.361241
Bengaluru Dist,Nelamangala Traffic PS,1.04422e+16,2020,1,1,Road Accidents,Not Applicable,Rural Areas,At pedestrian Crossing,Human Error,No,Simple Injury,Hit pedestrian,Uncontrolled,Straight and flat,NH,Bitumen(Tar),Dry,No influence on accident,Clear,BENGALURU TUMAKURU NH-48  ROAD,OPPT RATHNAM HOTEL,18 KM,13.203544,77.266177
Bengaluru Dist,Nelamangala Traffic PS,1.04422e+16,2020,1,2,Road Accidents,Not Applicable,Rural Areas,Near office complex,Human Error,No,Simple Injury,Vehicle to Vehicle,Uncontrolled,Straight and flat,NH,Bitumen(Tar),Dry,No influence on accident,Clear,BENGALURU TUMAKURU NH-48  ROAD,APPOLO EXIDE TYRE SHOWROOM,18 KM,13.210101,77.259714
Bengaluru Dist,Nelamangala Traffic PS,1.04422e+16,2020,1,1,Road Accidents,Circle,Rural Areas,Near Hospital,Human Error,Yes,Fatal,Hit pedestrian,Uncontrolled,Curve,NH,Bitumen(Tar),Dry,No influence on accident,Fine,TUMKUR BENGALURU NH 48 ROAD,siddartha Medical college U turn,6,13.159407,77.324174
Bengaluru Dist,Nelamangala Traffic PS,1.04422e+16,2020,1,1,Road Accidents,Road hump or Rumble strips,City/Town,Open area,Human Error,Yes,Grievous Injury,Vehicle to Vehicle,Controlled,Straight and flat,NH,Bitumen(Tar),Dry,No influence on accident,Fine,NH,SLR KALYANAMANTAPA,300 MI,13.095187,77.389959
Bengaluru Dist,Nelamangala Traffic PS,1.04422e+16,2020,1,1,Road Accidents,Not Applicable,City/Town,Near Bus stop,Human Error,No,Grievous Injury,Hit pedestrian,Uncontrolled,Straight and flat,Others,Bitumen(Tar),Dry,No influence on accident,Fine,Nelamangala Bengaluru BH Road,Near TB Bus Stop,02KMS,13.097266,77.401355
Bengaluru Dist,Nelamangala Traffic PS,1.04422e+16,2020,1,2,Road Accidents,Not Applicable,Rural Areas,Open area,Human Error,No,Damage Only,Vehicle to Vehicle,Uncontrolled,Straight and flat,NH,Bitumen(Tar),Dry,No influence on accident,Fine,Tumakuru Bengaluru NH 48 Road,Near Rathnam Hotel,21Kms,13.197832,77.271819
Bengaluru Dist,Nelamangala Traffic PS,1.04422e+16,2020,1,2,Road Accidents,Narrow road,Rural Areas,Near office complex,Human Error,Yes,Simple Injury,Vehicle to Vehicle,Uncontrolled,Straight and flat,NH,Bitumen(Tar),Dry,No influence on accident,Clear,KUNIGAL NELAMANGALA NH-75 ROAD,KAREKALLU CROSS,6 KM,13.069319,77.361602
Bengaluru Dist,Nelamangala Traffic PS,1.04422e+16,2020,1,2,Road Accidents,Not Applicable,Rural Areas,Near or inside a village,Human Error,Yes,Grievous Injury,Vehicle to Vehicle,Police / Manual,Straight and flat,NH,Bitumen(Tar),Dry,No influence on accident,Fine,BANGALORE TUMAKURU NH 48 ROAD,NEAR DEVANNAPALYA,4 KM,13.077561,77.430171
Bengaluru Dist,Nelamangala Traffic PS,1.04422e+16,2020,1,3,Road Accidents,Not Applicable,Rural Areas,Open area,Human Error,No,Grievous Injury,Vehicle to Vehicle,Police / Manual,Straight and flat,NH,Bitumen(Tar),Dry,No influence on accident,Fine,BANGALORE TO TUMAKURU NH 48 ROAD,HALENIJAGAL CHECK POST,25 KM,13.250933,77.222963
Bengaluru Dist,Nelamangala Traffic PS,1.04422e+16,2020,1,2,Road Accidents,Not Applicable,Rural Areas,Open area,Human Error,No,Fatal,Hit pedestrian,Controlled,Straight and flat,Expressway,Bitumen(Tar),Dry,No influence on accident,Clear,TUMKUR BENGALURU NH 48 ROAD,18 TH LANE NAVAYUGA TOLL,2,13.091213,77.399787
Bengaluru Dist,Nelamangala Traffic PS,1.04422e+16,2020,1,2,Road Accidents,Circle,Rural Areas,Open area,Human Error,No,Simple Injury,Vehicle to Vehicle,Give way sign,Not Applicable,NH,Bitumen(Tar),Dry,Not Applicable,Clear,TUMKUR-BENGALAURU NH 48 ROAD,GUNDENAHALLI GATE,15KM,13.19055,77.279751
Bengaluru Dist,Nelamangala Traffic PS,1.04422e+16,2020,1,2,Road Accidents,Not Applicable,City/Town,Narrow bridge or culverts,Human Error,No,Simple Injury,Vehicle to Vehicle,Uncontrolled,Straight and flat,NH,Bitumen(Tar),Dry,No influence on accident,Clear,Benaglauru Tumkuru NH 48 Road,NEAR NAVAYUGA TOLL,10 km,13.056527,77.4737129
Bengaluru Dist,Nelamangala Traffic PS,1.04422e+16,2020,1,1,Road Accidents,Narrow road,Rural Areas,Open area,Human Error,No,Simple Injury,Hit pedestrian,Uncontrolled,Straight and flat,NH,Bitumen(Tar),Dry,No influence on accident,Fine,NH,SHARAPURAPALYA,2KM,13.104322,77.380798
Bengaluru Dist,Nelamangala Traffic PS,1.04422e+16,2020,1,1,Road Accidents,Not Applicable,Rural Areas,Open area,Vehicle Defect,Yes,Fatal,Hit pedestrian,Uncontrolled,Straight and flat,NH,Bitumen(Tar),Dry,No influence on accident,Fine,Tumkur Banglaore NH 48 Road,Biec Nice Road Bridge,10,13.056718,77.473274
Bengaluru Dist,Nelamangala Traffic PS,1.04422e+16,2020,1,2,Road Accidents,Curves,Rural Areas,Open area,Human Error,No,Grievous Injury,Vehicle to Vehicle,Police / Manual,Curve,NH,Bitumen(Tar),Dry,No influence on accident,Clear,TUMKUR BANGALORE NH 48 ROAD,NEAR HANUMANTHEGOWDANAPALYA CROSS,10 KM,13.065286,77.454025
Bengaluru Dist,Nelamangala Traffic PS,1.04422e+16,2020,1,2,Road Accidents,Not Applicable,Rural Areas,Open area,Human Error,No,Damage Only,Vehicle to Vehicle,Police / Manual,Straight and flat,NH,Bitumen(Tar),Dry,No influence on accident,Clear,TUMKUR BANGALORE NH 48 ROAD,MADAVARA NICE ROAD BRIDGE,12 KM,13.056043,77.476774
Bengaluru Dist,Nelamangala Traffic PS,1.04422e+16,2020,1,2,Road Accidents,Not Applicable,Rural Areas,Narrow bridge or culverts,Human Error,Yes,Fatal,Vehicle to Vehicle,Not at  Junction,Straight and flat,NH,Bitumen(Tar),Dry,No influence on accident,Fine,Bengaluru Tumakuru NH 48 Road,JINDAL hOSPITAL,8,13.053529,77.483777
Bengaluru Dist,Nelamangala Traffic PS,1.04422e+16,2020,1,2,Road Accidents,Not Applicable,Rural Areas,Near or inside a village,Human Error,No,Simple Injury,Vehicle to Vehicle,Uncontrolled,Straight and flat,NH,Bitumen(Tar),Dry,No influence on accident,Clear,TUMAKURU BANGALORE NH 48 ROAD,MYSORE FAMILY DHABA,23 KM,13.259339,77.210397
Bengaluru Dist,Nelamangala Traffic PS,1.04422e+16,2020,1,2,Road Accidents,Not Applicable,Rural Areas,Open area,Human Error,No,Fatal,Vehicle to Vehicle,Uncontrolled,Straight and flat,NH,Bitumen(Tar),Dry,No influence on accident,Fine,Tumkur -Bengaluru NH 48 Road,BILLINAKOTE MURTHAPPA LAND,19,13.197609,77.272004
Bengaluru Dist,Nelamangala Traffic PS,1.04422e+16,2020,1,2,Road Accidents,Narrow road,City/Town,Open area,Human Error,No,Grievous Injury,Vehicle to Vehicle,Not at  Junction,Not Applicable,NH,Bitumen(Tar),Dry,Not Applicable,Clear,BENAGALURU TUMAKURU NH 04 ROAD,NEAR HOLIDAY FAMS,2KM,13.08151,77.419767
Bengaluru Dist,Nelamangala Traffic PS,1.04422e+16,2020,1,1,Road Accidents,Not Applicable,Rural Areas,Near office complex,Human Error,No,Simple Injury,Hit pedestrian,Uncontrolled,Straight and flat,NH,Bitumen(Tar),Dry,No influence on accident,Clear,Nelamangal Kunigal NH-75 Road,OPPT MARUTHI CONDIMENTS,6 KM,13.068466,77.361077
Bengaluru Dist,Nelamangala Traffic PS,1.04422e+16,2020,1,2,Road Accidents,Junction,City/Town,Near office complex,Human Error,No,Simple Injury,Vehicle to Vehicle,Uncontrolled,Straight and flat,NH,Bitumen(Tar),Dry,No influence on accident,Clear,TUMAKURU BANGALORE NH 48 ROAD,OPPT  C CHOWDHARY TRANSPORT,10 KM,13.058842,77.466863