DISTRICTNAME,UNITNAME,Crime_No,Year,RI,Noofvehicle_involved,Accident_Classification,Accident_Spot,Accident_Location,Accident_SubLocation,Main_Cause,Hit_Run,Severity,Collision_Type,Junction_Control,Road_Character,Road_Type,Surface_Type,Surface_Condition,Road_Condition,Weather,Accident_Road,Landmark_first,Distance_LandMark_First,Latitude,Longitude
Bengaluru Dist,Nelamangala Traffic PS,1.04422e+16,2021,1,2,Road Accidents,Road hump or Rumble strips,City/Town,Open area,Human Error,No,Damage Only,Vehicle to Vehicle,Uncontrolled,Straight and flat,NH,Bitumen(Tar),Dry,No influence on accident,Fine,NICE ROAD,MADAVARA NICE ROAD TOLL,10KM,13.040233,77.47558
Bengaluru Dist,Nelamangala Traffic PS,1.04422e+16,2021,1,2,Road Accidents,Curves,Rural Areas,Open area,Human Error,No,Grievous Injury,Vehicle to Vehicle,Police / Manual,Curve,NH,Bitumen(Tar),Dry,No influence on accident,Fine,BANGALORE TUMKURU NH 48 ROAD,KEREKATTIGANURU,16 KM,13.187647,77.282196
Bengaluru Dist,Nelamangala Traffic PS,1.04422e+16,2021,1,2,Road Accidents,Narrow road,City/Town,Near a recreation place/cinema,Human Error,No,Grievous Injury,Vehicle to Vehicle,Uncontrolled,Straight and flat,NH,Bitumen(Tar),Dry,No influence on accident,Fine,NH,MADAVARA,10KM,13.056726,77.4742459
Bengaluru Dist,Nelamangala Traffic PS,1.04422e+16,2021,1,2,Road Accidents,Narrow road,Rural Areas,Near Petrol Pump,Human Error,Yes,Grievous Injury,Vehicle to Vehicle,Uncontrolled,Straight and flat,NH,Bitumen(Tar),Dry,No influence on accident,Fine,NH,BHARATH PETROL BUNK,6KM,13.065597,77.35427
Bengaluru Dist,Nelamangala Traffic PS,1.04422e+16,2021,1,2,Road Accidents,Not Applicable,City/Town,Near a factory industrial area,Human Error,No,Fatal,Vehicle to Vehicle,Uncontrolled,Straight and flat,NH,Bitumen(Tar),Dry,No influence on accident,Clear,BENGALURU TUMAKURU NH-48 ROAD,INFRONT OF HIMALAYA DRUGS,6 KM,13.066438,77.451653
Bengaluru Dist,Nelamangala Traffic PS,1.04422e+16,2021,1,2,Road Accidents,Not Applicable,Rural Areas,Open area,Human Error,No,Fatal,Vehicle to Vehicle,Uncontrolled,Straight and flat,NH,Bitumen(Tar),Dry,No influence on accident,Fine,Bengaluru Tumakuru NH 48 Road,Near Hanumanthapura Gate,12Kms,13.187642,77.282143
Bengaluru Dist,Nelamangala Traffic PS,1.04422e+16,2021,1,1,Road Accidents,Junction,City/Town,Open area,Human Error,No,Grievous Injury,Hit pedestrian,Uncontrolled,Straight and flat,NH,Bitumen(Tar),Dry,No influence on accident,Fine,NH,MADAVARA,10KM,13.056894,77.470709
Bengaluru Dist,Nelamangala Traffic PS,1.04422e+16,2021,1,2,Road Accidents,Cross roads,Rural Areas,Narrow bridge or culverts,Human Error,Not Applicable,Fatal,Vehicle to Vehicle,Uncontrolled,Straight and flat,NH,Bitumen(Tar),Dry,No influence on accident,Clear,TUMAKURU BANGALORE NH 48 ROAD,Tyamagondlu Cross,6 Km,13.151608,77.337607
Bengaluru Dist,Nelamangala Traffic PS,1.04422e+16,2021,1,2,Road Accidents,Narrow road,Rural Areas,Open area,Human Error,No,Grievous Injury,Vehicle to Vehicle,Uncontrolled,Straight and flat,NH,Bitumen(Tar),Dry,No influence on accident,Fine,NH,SHANTHINAGARA,6KM,13.078527,77.366848
Bengaluru Dist,Nelamangala Traffic PS,1.04422e+16,2021,1,2,Road Accidents,Not Applicable,Rural Areas,Open area,Human Error,Yes,Grievous Injury,Vehicle to Vehicle,Police / Manual,Straight and flat,NH,Bitumen(Tar),Dry,Not Applicable,Fine,BANGALORE - TUMAKURU NH 48 ROAD,DANOJIPALYA,2KM,13.089173,77.403539
Bengaluru Dist,Nelamangala Traffic PS,1.04422e+16,2021,1,2,Road Accidents,Not Applicable,Rural Areas,Open area,Human Error,Yes,Fatal,Vehicle to Vehicle,Not at  Junction,Straight and flat,NH,Bitumen(Tar),Dry,No influence on accident,Fine,Bengaluru Tumakuru nh 48 Road,Rayarpaalya,20,13.248986,77.222582
Bengaluru Dist,Nelamangala Traffic PS,1.04422e+16,2021,1,1,Road Accidents,Not Applicable,City/Town,Open area,Human Error,Yes,Simple Injury,Hit pedestrian,Uncontrolled,Straight and flat,NH,Bitumen(Tar),Dry,No influence on accident,Clear,BENGALURU TUMAKURU NH-48  ROAD,DEVANNANAPALYA,4 KM,0.0,0.0
Bengaluru Dist,Nelamangala Traffic PS,1.04422e+16,2021,1,2,Road Accidents,Not Applicable,Rural Areas,Open area,Human Error,No,Simple Injury,Vehicle to Vehicle,Police / Manual,Straight and flat,NH,Bitumen(Tar),Dry,No influence on accident,Not Applicable,BANGALORE - TUMAKURU NH 48 HIGHWAY ROAD,NAVAYUGA TOLL,2KM,0.0,0.0
Bengaluru Dist,Nelamangala Traffic PS,1.04422e+16,2021,1,1,Road Accidents,Not Applicable,Rural Areas,Near a factory industrial area,Human Error,Yes,Simple Injury,Not Applicable,Uncontrolled,Straight and flat,NH,Bitumen(Tar),Dry,No influence on accident,Clear,KUNIGAL NELAMANGALA NH-75 ROAD,OPPT CADBERIS CHOCKLATE FACTORY,7 KM,0.0,0.0
Bengaluru Dist,Nelamangala Traffic PS,1.04422e+16,2021,1,1,Road Accidents,Not Applicable,Rural Areas,Open area,Human Error,No,Grievous Injury,Hit pedestrian,Police / Manual,Straight and flat,NH,Bitumen(Tar),Dry,No influence on accident,Fine,NELAMANGALA KUNIGAL NH 75 ROAD,SHANTHI NAGARA,5 KM,13.079262,77.367482
Bengaluru Dist,Nelamangala Traffic PS,1.04422e+16,2021,1,2,Road Accidents,Curves,Rural Areas,Narrow bridge or culverts,Human Error,Yes,Simple Injury,Vehicle to Vehicle,Uncontrolled,Straight and flat,NH,Bitumen(Tar),Dry,No influence on accident,Clear,TUMAKURU BANGALORE NH 48 ROAD,OPPT BHUVANESHWARI IDLI HOTEL,4 KM,13.131168,77.3590039
Bengaluru Dist,Nelamangala Traffic PS,1.04422e+16,2021,1,2,Road Accidents,Not Applicable,Rural Areas,Open area,Human Error,No,Grievous Injury,Vehicle to Vehicle,Police / Manual,Straight and flat,NH,Bitumen(Tar),Dry,No influence on accident,Fine,TUMAKURU - BANGALORE NH 48 SERVICE ROAD,ARISHINAKUNTE,3 KM,13.078528,77.428533
Bengaluru Dist,Nelamangala Traffic PS,1.04422e+16,2021,1,2,Road Accidents,Not Applicable,Rural Areas,Near a factory industrial area,Human Error,Not Applicable,Simple Injury,Vehicle to Vehicle,Uncontrolled,Straight and flat,NH,Bitumen(Tar),Dry,No influence on accident,Clear,BENGALURU TUMAKURU NH-48 ROAD,NEAR DENSO KIRLOSKAR FACTORY,2 KM,13.113358,77.375599
Bengaluru Dist,Nelamangala Traffic PS,1.04422e+16,2021,1,1,Road Accidents,Not Applicable,City/Town,Narrow bridge or culverts,Human Error,No,Simple Injury,Not Applicable,Uncontrolled,Straight and flat,NH,Bitumen(Tar),Dry,No influence on accident,Clear,BENGALURU TUMAKURU NH-48 ROAD,OPPT GARDEN HOTEL,0.5 KM,13.09383,77.392177
Bengaluru Dist,Nelamangala Traffic PS,1.04422e+16,2021,1,1,Road Accidents,Narrow road,Rural Areas,Open area,Human Error,Yes,Simple Injury,Hit pedestrian,Uncontrolled,Straight and flat,NH,Bitumen(Tar),Dry,No influence on accident,Fine,NH,KAREKAL CROSS,6KM,13.0704,77.362619
Bengaluru Dist,Nelamangala Traffic PS,1.04422e+16,2021,1,1,Road Accidents,Not Applicable,Rural Areas,Open area,Human Error,No,Grievous Injury,Not Applicable,Police / Manual,Straight and flat,NH,Bitumen(Tar),Dry,No influence on accident,Fine,NELAMANGALA - KUNIGAL NH 75 ROAD,SHANTHINAGARA,4 KM,13.080506,77.3686079
Bengaluru Dist,Nelamangala Traffic PS,1.04422e+16,2021,1,2,Road Accidents,Not Applicable,City/Town,Open area,Human Error,No,Simple Injury,Vehicle to Vehicle,Police / Manual,Straight and flat,NH,Bitumen(Tar),Dry,No influence on accident,Fine,BANGALORE TUMKUR NH 48 ROAD,CHIKKABIDARA KALLU,12 KM,13.051397,77.4899929
Bengaluru Dist,Nelamangala Traffic PS,1.04422e+16,2021,1,3,Road Accidents,Cross roads,Rural Areas,Near or inside a village,Human Error,No,Damage Only,Vehicle to Vehicle,Uncontrolled,Straight and flat,NH,Bitumen(Tar),Dry,No influence on accident,Clear,KUNIGAL NELAMANGALA NH-75 ROAD,DODDAKARENAHALLI,4 KM,13.063018,77.34623
Bengaluru Dist,Nelamangala Traffic PS,1.04422e+16,2021,1,2,Road Accidents,Junction,City/Town,Narrow bridge or culverts,Human Error,No,Simple Injury,Vehicle to Vehicle,Uncontrolled,Straight and flat,NH,Bitumen(Tar),Dry,No influence on accident,Clear,BENGALURU TUMAKURU NH-48 SEVICE ROAD,NEAR HOLIDAY FARM,2 KM,13.081071,77.420477
Bengaluru Dist,Nelamangala Traffic PS,1.04422e+16,2021,1,2,Road Accidents,Curves,Rural Areas,Open area,Human Error,No,Grievous Injury,Vehicle to Vehicle,Police / Manual,Curve,NH,Bitumen(Tar),Dry,No influence on accident,Fine,TUMKURU BANGALORE NH 48 ROAD,T BEGURU,8 KM,13.151585,77.337609
Bengaluru Dist,Nelamangala Traffic PS,1.04422e+16,2021,1,1,Road Accidents,Not Applicable,Rural Areas,Near Petrol Pump,Human Error,No,Simple Injury,Not Applicable,Uncontrolled,Straight and flat,NH,Bitumen(Tar),Dry,No influence on accident,Clear,BENGALURU TUMAKURU NH-48  ROAD,INFRONT OF BHARATH PETROL BUNK,15 KM,13.197632,77.271917
Bengaluru Dist,Nelamangala Traffic PS,1.04422e+16,2021,1,2,Road Accidents,Not Applicable,Rural Areas,Near Bus stop,Human Error,No,Simple Injury,Vehicle to Vehicle,Police / Manual,Straight and flat,NH,Bitumen(Tar),Dry,No influence on accident,Fine,TUMKURU BANGALORE NH 48 SERVICE ROAD,JINDAL BUS STAND,12 KM,13.053747,77.483172
Bengaluru Dist,Nelamangala Traffic PS,1.04422e+16,2021,1,1,Road Accidents,Not Applicable,Rural Areas,Open area,Human Error,No,Simple Injury,Hit pedestrian,Police / Manual,Straight and flat,NH,Bitumen(Tar),Dry,No influence on accident,Fine,TUMKURU - BANGALORE NH 48 SERVICE ROAD,MAKALI,7 KM,13.064515,77.455944
Bengaluru Dist,Nelamangala Traffic PS,1.04422e+16,2021,1,1,Road Accidents,Not Applicable,Rural Areas,Open area,Human Error,No,Fatal,Not Applicable,Uncontrolled,Straight and flat,NH,Bitumen(Tar),Dry,No influence on accident,Fine,Bangalore Tumkur NH 48 Road,DASANAPURA FLY OVER,6,13.075124,77.436304
Bengaluru Dist,Nelamangala Traffic PS,1.04422e+16,2021,1,2,Road Accidents,Not Applicable,Rural Areas,Open area,Human Error,Not Applicable,Fatal,Vehicle to Vehicle,Not at  Junction,Straight and flat,NH,Bitumen(Tar),Dry,No influence on accident,Fine,Bangalore Tumkur NH 48 Road,Dabaspet,20,13.230646,77.240533
Bengaluru Dist,Nelamangala Traffic PS,1.04422e+16,2021,1,1,Road Accidents,Narrow road,City/Town,Open area,Human Error,No,Damage Only,Not Applicable,Uncontrolled,Straight and flat,NH,Bitumen(Tar),Dry,No influence on accident,Fine,NH,KAMADHENU HOTEL,18KM,13.190744,77.278957
Bengaluru Dist,Nelamangala Traffic PS,1.04422e+16,2021,1,2,Road Accidents,Narrow road,City/Town,Open area,Human Error,No,Simple Injury,Vehicle to Vehicle,Uncontrolled,Straight and flat,NH,Bitumen(Tar),Dry,No influence on accident,Fine,NH,MADAVARA,10KM,13.056963,77.4745169
Bengaluru Dist,Nelamangala Traffic PS,1.04422e+16,2021,1,2,Road Accidents,Narrow road,City/Town,Open area,Human Error,No,Grievous Injury,Vehicle to Vehicle,Uncontrolled,Straight and flat,NH,Bitumen(Tar),Dry,No influence on accident,Fine,NH,NEAR SHARAPURA PALYA,2KM,13.106522,77.380148
Bengaluru Dist,Nelamangala Traffic PS,1.04422e+16,2021,1,2,Road Accidents,Narrow road,City/Town,Open area,Human Error,No,Grievous Injury,Vehicle to Vehicle,Uncontrolled,Straight and flat,NH,Bitumen(Tar),Dry,No influence on accident,Fine,NH,DASANAPURA,6KM,13.075257,77.437045
Bengaluru Dist,Nelamangala Traffic PS,1.04422e+16,2021,1,1,Road Accidents,Circle,Rural Areas,Near Bus stop,Human Error,No,Grievous Injury,Hit pedestrian,Controlled,Not Applicable,NH,Bitumen(Tar),Dry,Not Applicable,Clear,NH48  ROAD,OPP KBD,3KMS,13.117183,77.372094
Bengaluru Dist,Nelamangala Traffic PS,1.04422e+16,2021,1,1,Road Accidents,Not Applicable,City/Town,Open area,Human Error,No,Fatal,Vehicle to Vehicle,Uncontrolled,Straight and flat,NH,Bitumen(Tar),Dry,No influence on accident,Fine,Tumakuru Bengaluru NH 48 Road,Near Makali,06Kms,13.065824,77.453361
Bengaluru Dist,Nelamangala Traffic PS,1.04422e+16,2021,1,1,Road Accidents,Not Applicable,Rural Areas,Near a factory industrial area,Human Error,No,Simple Injury,Not Applicable,Uncontrolled,Straight and flat,NH,Bitumen(Tar),Dry,No influence on accident,Clear,BENGALURU TUMAKURU NH-48  ROAD,OPPT OM LOGISTIC,18,13.245338,77.228644
Bengaluru Dist,Nelamangala Traffic PS,1.04422e+16,2021,1,2,Road Accidents,Circle,City/Town,Narrow bridge or culverts,Human Error,Yes,Fatal,Vehicle to Vehicle,Uncontrolled,Straight and flat,NH,Bitumen(Tar),Dry,No influence on accident,Fine,TUMAKURU BENGALURU NH 48 ROAD,NEAR TCI UNDERPASS,6 KM,13.058801,77.46655
Bengaluru Dist,Nelamangala Traffic PS,1.04422e+16,2021,1,2,Road Accidents,Curves,Rural Areas,Near office complex,Human Error,Yes,Simple Injury,Vehicle to Vehicle,Uncontrolled,Straight and flat,NH,Bitumen(Tar),Dry,No influence on accident,Fine,BENGALURU TUMAKURU NH-48  ROAD,OPPT DAKSHA GRAND HOTEL,12 KM,13.192604,77.276997
Bengaluru Dist,Nelamangala Traffic PS,1.04422e+16,2021,1,1,Road Accidents,Road hump or Rumble strips,City/Town,Open area,Human Error,No,Grievous Injury,Hit pedestrian,Uncontrolled,Straight and flat,NH,Bitumen(Tar),Dry,No influence on accident,Fine,NH,NAVAYUGA TOLL,1KM,13.09098,77.400342
Bengaluru Dist,Nelamangala Traffic PS,1.04422e+16,2021,1,2,Road Accidents,Not Applicable,Rural Areas,Near or inside a village,Human Error,No,Simple Injury,Vehicle to Vehicle,Stop Sign,Straight and flat,NH,Bitumen(Tar),Dry,No influence on accident,Clear,KUNIGAL NELAMANGALA NH-75 ROAD,OPPT MAHADEVAPURA SAMBHRAMA HOTEL,10 KM,13.066169,77.314488
Bengaluru Dist,Nelamangala Traffic PS,1.04422e+16,2021,1,2,Road Accidents,Not Applicable,City/Town,Narrow bridge or culverts,Human Error,Yes,Simple Injury,Vehicle to Vehicle,Uncontrolled,Straight and flat,NH,Bitumen(Tar),Dry,No influence on accident,Clear,TUMAKURU BENGALURU NH-48 SERVICE ROAD,OPPT BINNAMANGALA SKYWALK,1 KM,13.085347,77.41212
Bengaluru Dist,Nelamangala Traffic PS,1.04422e+16,2021,1,2,Road Accidents,Narrow road,City/Town,Open area,Human Error,No,Damage Only,Vehicle to Vehicle,Controlled,Not Applicable,NH,Bitumen(Tar),Dry,Not Applicable,Clear,NH48  ROAD,TALEKERE GATE,8 KMS,13.162421,77.320112
Bengaluru Dist,Nelamangala Traffic PS,1.04422e+16,2021,1,2,Road Accidents,Not Applicable,Rural Areas,Near Petrol Pump,Human Error,No,Simple Injury,Vehicle to Vehicle,Uncontrolled,Straight and flat,NH,Bitumen(Tar),Dry,No influence on accident,Clear,KUNIGAL NELAMANGALA NH-75 ROAD,OPPT SHIVALINGAIAH LAND,8 KM,0.0,0.0
Bengaluru Dist,Nelamangala Traffic PS,1.04422e+16,2021,1,1,Road Accidents,Not Applicable,Rural Areas,Open area,Human Error,Yes,Grievous Injury,Hit pedestrian,Police / Manual,Straight and flat,Others,Bitumen(Tar),Dry,No influence on accident,Fine,BASAVANAHALLI TO NELAMANGALA TOWN,NELAMAGALA TOWN,2 KM,0.0,0.0
Bengaluru Dist,Nelamangala Traffic PS,1.04422e+16,2021,1,2,Road Accidents,Not Applicable,Rural Areas,Open area,Human Error,No,Simple Injury,Vehicle to Vehicle,Police / Manual,Straight and flat,NH,Bitumen(Tar),Dry,No influence on accident,Fine,BANGALORE TUMAKURU NH 48 SERVICE ROAD,ARISHINAKUNTE,3 KM,0.0,0.0
Bengaluru Dist,Nelamangala Traffic PS,1.04422e+16,2021,1,2,Road Accidents,Not Applicable,Rural Areas,Open area,Human Error,No,Damage Only,Vehicle to Vehicle,Not Applicable,Straight and flat,NH,Bitumen(Tar),Dry,No influence on accident,Fine,TUMAKURU BANALORE NH 48 ROAD,NEAR HALENIJAGALA,23 KM,0.0,0.0
Bengaluru Dist,Nelamangala Traffic PS,1.04422e+16,2021,1,1,Road Accidents,Curves,Rural Areas,Open area,Human Error,No,Grievous Injury,Hit pedestrian,Police / Manual,Curve,NH,Bitumen(Tar),Dry,No influence on accident,Fine,KUNIGAL NELAMANGALA NH 75 ROAD,KEMPALINGANAHALLI CROSS,2 KM,13.095652,77.381668
Bengaluru Dist,Nelamangala Traffic PS,1.04422e+16,2021,1,3,Road Accidents,Not Applicable,Rural Areas,Near a factory industrial area,Human Error,No,Damage Only,Vehicle to Vehicle,Uncontrolled,Straight and flat,NH,Bitumen(Tar),Dry,No influence on accident,Clear,TUMAKURU BENGALURU NH-48 ROAD,OPPT KEMWEL FACTORY,8 KM,13.145084,77.343443
Bengaluru Dist,Nelamangala Traffic PS,1.04422e+16,2021,1,1,Road Accidents,Not Applicable,City/Town,Narrow bridge or culverts,Human Error,No,Simple Injury,Not Applicable,Uncontrolled,Straight and flat,NH,Bitumen(Tar),Dry,No influence on accident,Clear,TUMAKURU BENGALURU NH-48 ROAD,JINDAL FLYOVER,10 KM,13.054048,77.482165
Bengaluru Dist,Nelamangala Traffic PS,1.04422e+16,2021,1,3,Road Accidents,Not Applicable,Rural Areas,Open area,Human Error,No,Damage Only,Vehicle to Vehicle,Police / Manual,Straight and flat,NH,Bitumen(Tar),Dry,No influence on accident,Fine,TUMKURU BANGALORE NH 48 ROAD,BILLINAKOTE,15 KM,13.197838,77.271886
Bengaluru Dist,Nelamangala Traffic PS,1.04422e+16,2021,1,1,Road Accidents,Not Applicable,Rural Areas,Open area,Human Error,No,Simple Injury,Not Applicable,Police / Manual,Straight and flat,NH,Bitumen(Tar),Dry,No influence on accident,Cloudy,KUNIGAL NELAMANGAL NH 75 ROAD,YANTAGANAHALLI,6 KM,13.066199,77.3567
Bengaluru Dist,Nelamangala Traffic PS,1.04422e+16,2021,1,2,Road Accidents,Narrow road,City/Town,Open area,Human Error,No,Grievous Injury,Vehicle to Vehicle,Uncontrolled,Straight and flat,NH,Bitumen(Tar),Dry,No influence on accident,Fine,NH,TALEKERE GATE,1OKM,13.164954,77.316285
Bengaluru Dist,Nelamangala Traffic PS,1.04422e+16,2021,1,2,Road Accidents,Circle,Rural Areas,Open area,Human Error,No,Fatal,Vehicle to Vehicle,Not Applicable,Curve,NH,Bitumen(Tar),Dry,No influence on accident,Fine,Tumkur Bengaluru NH 48 Road,YEDEHALLI U  TURN,20,13.218119,77.251595
Bengaluru Dist,Nelamangala Traffic PS,1.04422e+16,2021,1,2,Road Accidents,Cross roads,Rural Areas,Near a factory industrial area,Human Error,No,Damage Only,Vehicle to Vehicle,Uncontrolled,Straight and flat,NH,Bitumen(Tar),Dry,No influence on accident,Clear,BENGALURU TUMAKURU NH-48  ROAD,OPPT DELKAR FACTORY,2 KM,13.110523,77.377962
Bengaluru Dist,Nelamangala Traffic PS,1.04422e+16,2021,1,2,Road Accidents,Not Applicable,Rural Areas,Open area,Human Error,Yes,Fatal,Vehicle to Vehicle,Not Applicable,Straight and flat,NH,Bitumen(Tar),Dry,No influence on accident,Fine,Tumkur Bengaluru NH 48 Road,KENGAL KEMPOHALLI ANUTECH GODOWN,20,13.205431,77.264363
Bengaluru Dist,Nelamangala Traffic PS,1.04422e+16,2021,1,1,Road Accidents,Not Applicable,City/Town,Narrow bridge or culverts,Human Error,No,Damage Only,Not Applicable,Uncontrolled,Straight and flat,Expressway,Bitumen(Tar),Dry,No influence on accident,Fine,BESIDE MADAVARA BIEC,BIEC GROUND,10 KM,13.042648,77.475544
Bengaluru Dist,Nelamangala Traffic PS,1.04422e+16,2021,1,2,Road Accidents,Narrow road,Rural Areas,Open area,Human Error,No,Damage Only,Vehicle to Vehicle,Uncontrolled,Straight and flat,NH,Bitumen(Tar),Dry,No influence on accident,Fine,NH,BAVIKERE CROSS,2KM,13.089891,77.3762269
Bengaluru Dist,Nelamangala Traffic PS,1.04422e+16,2021,1,1,Road Accidents,Narrow road,Rural Areas,Near Petrol Pump,Human Error,No,Grievous Injury,Not Applicable,No signal lights,Straight and flat,NH,Bitumen(Tar),Dry,Not Applicable,Clear,NH48  ROAD,OPP KAMAT HOTEL,20KM,13.21212,77.25764
Bengaluru Dist,Nelamangala Traffic PS,1.04422e+16,2021,1,1,Road Accidents,Curves,Rural Areas,Near School or College,Human Error,Yes,Fatal,Hit pedestrian,Uncontrolled,Curve,NH,Bitumen(Tar),Dry,No influence on accident,Fine,TUMAKURU BENGALURUNH 48 HIGHWAY ROAD,Near Nadgir College,10 Km,13.057494,77.469942
Bengaluru Dist,Nelamangala Traffic PS,1.04422e+16,2021,1,3,Road Accidents,Narrow road,City/Town,Open area,Human Error,No,Simple Injury,Hit pedestrian,Uncontrolled,Straight and flat,NH,Bitumen(Tar),Dry,No influence on accident,Fine,NH,SONDEKOPPA CIRCLE,1KM,13.092112,77.394953
Bengaluru Dist,Nelamangala Traffic PS,1.04422e+16,2021,1,2,Road Accidents,Narrow road,City/Town,Open area,Human Error,No,Grievous Injury,Vehicle to Vehicle,Uncontrolled,Straight and flat,NH,Bitumen(Tar),Dry,No influence on accident,Fine,NH,RAVUTHANAHALLI,6KM,13.073627,77.438986
Bengaluru Dist,Nelamangala Traffic PS,1.04422e+16,2021,1,2,Road Accidents,Not Applicable,Rural Areas,Open area,Human Error,No,Fatal,Vehicle to Vehicle,Uncontrolled,Straight and flat,NH,Bitumen(Tar),Dry,No influence on accident,Fine,Tumakuru Bengaluru NH 48 Road,Near Bommanahalli U Turn,03Kms,13.122003,77.367494
Bengaluru Dist,Nelamangala Traffic PS,1.04422e+16,2021,1,1,Road Accidents,Not Applicable,City/Town,Near office complex,Human Error,No,Damage Only,Hit animal,Uncontrolled,Straight and flat,NH,Bitumen(Tar),Dry,No influence on accident,Clear,KUNIGAL NELAMANGALA NH-75 ROAD,OPPT SAMBRAM HOTEL,8 KM,13.066639,77.316842
Bengaluru Dist,Nelamangala Traffic PS,1.04422e+16,2021,1,2,Road Accidents,Narrow road,City/Town,Open area,Human Error,No,Simple Injury,Vehicle to Vehicle,Uncontrolled,Straight and flat,NH,Bitumen(Tar),Dry,No influence on accident,Fine,NH,MADAVARA,12KM,13.058041,77.469495
Bengaluru Dist,Nelamangala Traffic PS,1.04422e+16,2021,1,1,Road Accidents,Not Applicable,City/Town,Near Hospital,Not Applicable,No,Simple Injury,Hit pedestrian,Uncontrolled,Straight and flat,NH,Bitumen(Tar),Dry,No influence on accident,Fine,BENGALURU TUMAKURU NH-48  ROAD,OPPT JINDAL HOSPITAL,12 KM,13.052953,77.484491
Bengaluru Dist,Nelamangala Traffic PS,1.04422e+16,2021,1,2,Road Accidents,Narrow road,Rural Areas,Open area,Human Error,No,Damage Only,Vehicle to Vehicle,Uncontrolled,Straight and flat,NH,Bitumen(Tar),Dry,No influence on accident,Fine,NH,DABASPETE PLYOVER BRIDGE,20KM,13.23156,77.240288
Bengaluru Dist,Nelamangala Traffic PS,1.04422e+16,2021,1,2,Road Accidents,Not Applicable,Rural Areas,Near Petrol Pump,Human Error,No,Simple Injury,Vehicle to Vehicle,Uncontrolled,Straight and flat,NH,Bitumen(Tar),Dry,No influence on accident,Clear,TUMAKURU BENGALURU NH-48 ROAD,OPPT BHUVANESHWARI PETROL BUNK,5 KM,13.139066,77.351698
Bengaluru Dist,Nelamangala Traffic PS,1.04422e+16,2021,1,2,Road Accidents,Circle,City/Town,Narrow bridge or culverts,Human Error,No,Simple Injury,Vehicle to Vehicle,Uncontrolled,Straight and flat,NH,Bitumen(Tar),Dry,No influence on accident,Clear,KUNIGAL CIRCLE BYPASS,OPPT MICON WIRE SHOP,0.5 KM,13.097299,77.385798
Bengaluru Dist,Nelamangala Traffic PS,1.04422e+16,2021,1,1,Road Accidents,Not Applicable,Rural Areas,Near office complex,Human Error,Yes,Fatal,Hit pedestrian,Uncontrolled,Straight and flat,NH,Bitumen(Tar),Dry,No influence on accident,Clear,TUMAKURU BANGALORE NH 48 ROAD,OPPT HKGN TYREWORKS,6 KM,13.158687,77.3250029
Bengaluru Dist,Nelamangala Traffic PS,1.04422e+16,2021,1,2,Road Accidents,Narrow road,City/Town,Open area,Human Error,No,Grievous Injury,Vehicle to Vehicle,Uncontrolled,Straight and flat,NH,Bitumen(Tar),Dry,No influence on accident,Fine,NH,ADAKAMARANAHALLI,6KM,13.069581,77.447413
Bengaluru Dist,Nelamangala Traffic PS,1.04422e+16,2021,1,2,Road Accidents,Narrow road,Rural Areas,Open area,Human Error,No,Damage Only,Vehicle to Vehicle,Uncontrolled,Straight and flat,NH,Bitumen(Tar),Dry,No influence on accident,Fine,NH,SRINIVASAPURA GATE,5KM,0.0,0.0
Bengaluru Dist,Nelamangala Traffic PS,1.04422e+16,2021,1,2,Road Accidents,Not Applicable,Rural Areas,Near Petrol Pump,Human Error,No,Simple Injury,Hit pedestrian,Uncontrolled,Straight and flat,NH,Bitumen(Tar),Dry,No influence on accident,Clear,BENGALURU TUMAKURU NH-48  ROAD,OPPT H P PETROL BUNK,24 KM,13.246495,77.226044
Bengaluru Dist,Nelamangala Traffic PS,1.04422e+16,2021,1,1,Road Accidents,Narrow road,City/Town,Open area,Human Error,No,Damage Only,Not Applicable,Uncontrolled,Straight and flat,NH,Bitumen(Tar),Dry,No influence on accident,Fine,NH,ARASHINAKUNTE PLYOVER BRIDGE,3KM,13.081819,77.419781
Bengaluru Dist,Nelamangala Traffic PS,1.04422e+16,2021,1,1,Road Accidents,Narrow road,Rural Areas,Open area,Human Error,No,Fatal,Hit pedestrian,Not at  Junction,Straight and flat,NH,Bitumen(Tar),Dry,No influence on accident,Fine,Bangalore Tumkur NH 48 Road,Jaihind hotel opposite,20,13.223105,77.245674
Bengaluru Dist,Nelamangala Traffic PS,1.04422e+16,2021,1,1,Road Accidents,Narrow road,City/Town,Open area,Human Error,No,Grievous Injury,Hit bicyclist,Uncontrolled,Straight and flat,NH,Bitumen(Tar),Dry,No influence on accident,Fine,NH,MADAVARA NAVAYUGA TOLL,12KM,0.0,0.0
Bengaluru Dist,Nelamangala Traffic PS,1.04422e+16,2021,1,1,Road Accidents,Not Applicable,Rural Areas,Open area,Human Error,Not Applicable,Simple Injury,Not Applicable,Uncontrolled,Straight and flat,NH,Bitumen(Tar),Dry,No influence on accident,Clear,TUMAKURU BENGALURU NH-48 ROAD,NEAR BHARATIPURA GATE,15 KM,0.0,0.0
Bengaluru Dist,Nelamangala Traffic PS,1.04422e+16,2021,1,1,Road Accidents,Not Applicable,Rural Areas,Open area,Human Error,No,Grievous Injury,Hit pedestrian,Police / Manual,Straight and flat,NH,Bitumen(Tar),Dry,No influence on accident,Fine,TUMAKURU BANGALORE NH 48 ROAD,HANUMANTHAPURA GATE,14 KM,13.18788,77.282332
Bengaluru Dist,Nelamangala Traffic PS,1.04422e+16,2021,1,2,Road Accidents,Not Applicable,Rural Areas,Open area,Human Error,No,Simple Injury,Vehicle to Vehicle,Police / Manual,Straight and flat,NH,Bitumen(Tar),Dry,No influence on accident,Clear,BANGALORE - TUMAKURU NH 48 ROAD,SHARAPURA PALYA,2 KM,13.106671,77.379857
Bengaluru Dist,Nelamangala Traffic PS,1.04422e+16,2021,1,2,Road Accidents,Not Applicable,Rural Areas,Open area,Human Error,No,Grievous Injury,Vehicle to Vehicle,Police / Manual,Straight and flat,NH,Bitumen(Tar),Dry,No influence on accident,Clear,TUMAKURU - BANGALORE NH 48 HIGHWAY ROAD,DASANAPURA FLYOVER,5 KM,13.076097,77.433941