DISTRICTNAME,UNITNAME,Crime_No,Year,RI,Noofvehicle_involved,Accident_Classification,Accident_Spot,Accident_Location,Accident_SubLocation,Main_Cause,Hit_Run,Severity,Collision_Type,Junction_Control,Road_Character,Road_Type,Surface_Type,Surface_Condition,Road_Condition,Weather,Accident_Road,Landmark_first,Distance_LandMark_First,Latitude,Longitude
Bengaluru Dist,Nelamangala Traffic PS,1.04422e+16,2021,1,1,Road Accidents,Curves,Rural Areas,At pedestrian Crossing,Human Error,No,Simple Injury,Hit pedestrian,Uncontrolled,Straight and flat,NH,Bitumen(Tar),Dry,No influence on accident,Clear,KUNIGAL NELAMANGALA NH-75 ROAD,NEAR HANCHIPURA GATE,2 KM,13.070152,77.362483
Bengaluru Dist,Nelamangala Traffic PS,1.04422e+16,2021,1,2,Road Accidents,Not Applicable,Rural Areas,Near a factory industrial area,Human Error,No,Damage Only,Vehicle to Vehicle,Uncontrolled,Straight and flat,NH,Bitumen(Tar),Dry,No influence on accident,Clear,BENGALURU TUMAKURU NH-48  ROAD,OPPT OM LOGISTIC GARDEN,18 KM,13.247528,77.224698
Bengaluru Dist,Nelamangala Traffic PS,1.04422e+16,2021,1,1,Road Accidents,Narrow road,City/Town,Open area,Human Error,No,Grievous Injury,Not Applicable,Not Applicable,Hump,Others,Bitumen(Tar),Dry,Not Applicable,Clear,OTHER ROAD,OPP BASAVANNA DEVARA MATA,1 KM,13.094298,77.394916
Bengaluru Dist,Nelamangala Traffic PS,1.04422e+16,2021,1,2,Road Accidents,Narrow road,Rural Areas,Open area,Human Error,No,Grievous Injury,Vehicle to Vehicle,Uncontrolled,Straight and flat,NH,Bitumen(Tar),Dry,No influence on accident,Fine,NH,SONDEKOPPA PLYOVER BRIDGE,1KM,13.093697,77.392943
Bengaluru Dist,Nelamangala Traffic PS,1.04422e+16,2021,1,2,Road Accidents,Narrow road,Rural Areas,Open area,Human Error,No,Grievous Injury,Vehicle to Vehicle,Not Applicable,Not Applicable,NH,Bitumen(Tar),Dry,Not Applicable,Clear,NH48  ROAD,OPP UPAHARA HOTEL,6KMS,13.153043,77.333083
Bengaluru Dist,Nelamangala Traffic PS,1.04422e+16,2021,1,2,Road Accidents,Narrow road,Rural Areas,Open area,Human Error,Yes,Grievous Injury,Vehicle to Vehicle,Uncontrolled,Straight and flat,NH,Bitumen(Tar),Dry,No influence on accident,Fine,NH,VEERANANJIPURA GATE,4KM,13.122201,77.367542
Bengaluru Dist,Nelamangala Traffic PS,1.04422e+16,2021,1,2,Road Accidents,Curves,Rural Areas,Open area,Human Error,Yes,Grievous Injury,Vehicle to Vehicle,Police / Manual,Curve,NH,Bitumen(Tar),Dry,No influence on accident,Clear,BANGALORE - TUMAKURU NH 48 SERVICE ROAD,MADANAYAKANAHALLI,10 KM,0.0,0.0
Bengaluru Dist,Nelamangala Traffic PS,1.04422e+16,2021,1,2,Road Accidents,Not Applicable,City/Town,Narrow bridge or culverts,Human Error,Yes,Simple Injury,Vehicle to Vehicle,Uncontrolled,Straight and flat,NH,Bitumen(Tar),Dry,No influence on accident,Fine,BENGALURU TUMAKURU NH-48  ROAD,MADAVARA FLYOVER,10 KM,0.0,0.0
Bengaluru Dist,Nelamangala Traffic PS,1.04422e+16,2021,1,2,Road Accidents,Not Applicable,Rural Areas,Near a religious place,Human Error,Not Applicable,Simple Injury,Vehicle to Vehicle,Uncontrolled,Straight and flat,NH,Bitumen(Tar),Dry,No influence on accident,Clear,TUMAKURU BANGALORE NH 48 ROAD,OPPT SHRIRAMA KUTIRA,500 M,13.095574,77.388985
Bengaluru Dist,Nelamangala Traffic PS,1.04422e+16,2022,1,1,Road Accidents,Not Applicable,Rural Areas,Open area,Human Error,No,Fatal,Not Applicable,Not at  Junction,Straight and flat,NH,Bitumen(Tar),Dry,No influence on accident,Fine,TUMKURU BENGALURU NH 48 ROAD,DASANAPURA FLY OVER,8,13.077518,77.431406
Bengaluru Dist,Nelamangala Traffic PS,1.04422e+16,2022,1,1,Road Accidents,Curves,Rural Areas,Narrow bridge or culverts,Human Error,Not Applicable,Simple Injury,Not Applicable,Uncontrolled,Straight and flat,NH,Bitumen(Tar),Dry,No influence on accident,Clear,TUMAKURU BENGALURU NH-48  ROAD,Kuluvanahalli U Turn,10 KM,13.175355,77.299427
Bengaluru Dist,Nelamangala Traffic PS,1.04422e+16,2022,1,1,Road Accidents,Narrow road,City/Town,Open area,Human Error,No,Grievous Injury,Not Applicable,Uncontrolled,Straight and flat,NH,Bitumen(Tar),Dry,No influence on accident,Fine,NH,CHIKKABIDARAKALLU,12KM,13.051608,77.491632
Bengaluru Dist,Nelamangala Traffic PS,1.04422e+16,2022,1,2,Road Accidents,Narrow road,City/Town,Open area,Human Error,No,Grievous Injury,Hit bicyclist,Uncontrolled,Straight and flat,Others,Bitumen(Tar),Dry,No influence on accident,Fine,BH,BASAVANAHALLI CROSS,2KM,13.102286,77.388623
Bengaluru Dist,Nelamangala Traffic PS,1.04422e+16,2022,1,2,Road Accidents,Not Applicable,City/Town,Open area,Human Error,No,Grievous Injury,Vehicle to Vehicle,Uncontrolled,Straight and flat,NH,Bitumen(Tar),Dry,No influence on accident,Fine,NH,ARISHINAKUNTE,3KM,13.078886,77.426984
Bengaluru Dist,Nelamangala Traffic PS,1.04422e+16,2022,1,2,Road Accidents,Narrow road,City/Town,Open area,Human Error,No,Grievous Injury,Vehicle to Vehicle,Uncontrolled,Straight and flat,NH,Bitumen(Tar),Dry,No influence on accident,Fine,NH,TCI FLYOVER,10KM,13.059039,77.46578
Bengaluru Dist,Nelamangala Traffic PS,1.04422e+16,2022,1,2,Road Accidents,Not Applicable,City/Town,Narrow bridge or culverts,Human Error,No,Damage Only,Vehicle to Vehicle,Uncontrolled,Straight and flat,NH,Bitumen(Tar),Dry,No influence on accident,Clear,HOSURU TUMAKURU ROAD,NEAR GANGONDANAHALLI BRIDGE,12 KM,13.022793,77.475651
Bengaluru Dist,Nelamangala Traffic PS,1.04422e+16,2022,1,1,Road Accidents,Not Applicable,City/Town,Narrow bridge or culverts,Human Error,No,Simple Injury,Not Applicable,Uncontrolled,Straight and flat,NH,Bitumen(Tar),Dry,No influence on accident,Clear,Bengaluru Tumkuru NH 48 Road,TCI FLYOVER,9 KM,13.060011,77.462644
Bengaluru Dist,Nelamangala Traffic PS,1.04422e+16,2022,1,3,Road Accidents,Not Applicable,Rural Areas,Open area,Human Error,No,Grievous Injury,Vehicle to Vehicle,Police / Manual,Straight and flat,NH,Bitumen(Tar),Dry,No influence on accident,Fine,TUMKURU BANGALORE NH 48 ROAD,GUNDENAHALLI GATE,12 KM,13.191047,77.279172
Bengaluru Dist,Nelamangala Traffic PS,1.04422e+16,2022,1,2,Road Accidents,Not Applicable,Rural Areas,Near office complex,Not Applicable,No,Fatal,Vehicle to Vehicle,Uncontrolled,Straight and flat,NH,Bitumen(Tar),Dry,Not Applicable,Others,TUMKUR-BENGALORE NH48 ROAD MAKALI SKYWAK,15FT,6 KM,13.065644,77.453689
Bengaluru Dist,Nelamangala Traffic PS,1.04422e+16,2022,1,1,Road Accidents,Narrow road,Rural Areas,Open area,Human Error,No,Grievous Injury,Hit pedestrian,Uncontrolled,Straight and flat,NH,Bitumen(Tar),Dry,No influence on accident,Fine,NH,NEAR CRENE SURESH,20KM,13.252837,77.21848
Bengaluru Dist,Nelamangala Traffic PS,1.04422e+16,2022,1,2,Road Accidents,Narrow road,City/Town,Open area,Human Error,Yes,Grievous Injury,Vehicle to Vehicle,Uncontrolled,Straight and flat,NH,Bitumen(Tar),Dry,No influence on accident,Fine,OTHERS,KSRTC LAYOUT,1KM,13.096758,77.389913
Bengaluru Dist,Nelamangala Traffic PS,1.04422e+16,2022,1,2,Road Accidents,Not Applicable,Rural Areas,Open area,Human Error,Yes,Fatal,Vehicle to Vehicle,Police / Manual,Straight and flat,NH,Bitumen(Tar),Dry,No influence on accident,Fine,Bangalore-tumkur nh 48 road,Kuluvanahalli Fosrock,8,13.175742,77.2990119
Bengaluru Dist,Nelamangala Traffic PS,1.04422e+16,2022,1,2,Road Accidents,Narrow road,Rural Areas,Open area,Human Error,No,Damage Only,Vehicle to Vehicle,Uncontrolled,Straight and flat,NH,Bitumen(Tar),Dry,No influence on accident,Fine,NH,KULUVANAHALLI,10KM,13.176086,77.299156
Bengaluru Dist,Nelamangala Traffic PS,1.04422e+16,2022,1,1,Not Applicable,Narrow road,Rural Areas,Open area,Not Applicable,No,Simple Injury,Not Applicable,Police / Manual,Others,NH,Not Applicable,Dry,Not Applicable,Clear,TUMKUR BANGALORE NH-048 Road,VEERANANJIPURA GATE,4 KM,13.12777,77.362622
Bengaluru Dist,Nelamangala Traffic PS,1.04422e+16,2022,1,2,Road Accidents,Not Applicable,Rural Areas,Near or inside a village,Human Error,Yes,Fatal,Vehicle to Vehicle,Uncontrolled,Straight and flat,NH,Bitumen(Tar),Dry,Pot holed,Fine,TUMKUR- BENGALORE NH48 BUDIHAL,NEAR VILLAGE,8 KM,13.131263,77.35889
Bengaluru Dist,Nelamangala Traffic PS,1.04422e+16,2022,1,1,Road Accidents,Not Applicable,Rural Areas,Open area,Human Error,Yes,Fatal,Hit pedestrian,Not Applicable,Not Applicable,NH,Bitumen(Tar),Dry,No influence on accident,Fine,NELAMANGALA BMTC BUS STAND,NELAMANGALA BUS STAND,2,13.097947,77.394679
Bengaluru Dist,Nelamangala Traffic PS,1.04422e+16,2022,1,2,Road Accidents,Narrow road,Rural Areas,Open area,Human Error,No,Grievous Injury,Vehicle to Vehicle,Uncontrolled,Straight and flat,NH,Bitumen(Tar),Dry,No influence on accident,Fine,NH,T BEGRUR,8KM,13.151846,77.338244
Bengaluru Dist,Nelamangala Traffic PS,1.04422e+16,2022,1,2,Road Accidents,Not Applicable,Rural Areas,Open area,Human Error,No,Grievous Injury,Vehicle to Vehicle,Police / Manual,Straight and flat,NH,Bitumen(Tar),Dry,No influence on accident,Fine,KUNIGAL NELAMANGALA NH 75 ROAD,MAHADEVAPURA,8 KM,13.066678,77.3173349
Bengaluru Dist,Nelamangala Traffic PS,1.04422e+16,2022,1,2,Road Accidents,Not Applicable,Rural Areas,Open area,Human Error,No,Grievous Injury,Vehicle to Vehicle,Police / Manual,Straight and flat,NH,Bitumen(Tar),Dry,No influence on accident,Fine,BANGALORE TUMKURU NH 48 ROAD,LAKKURU BRIDGE,22 KM,13.240277,77.234193
Bengaluru Dist,Nelamangala Traffic PS,1.04422e+16,2022,1,2,Road Accidents,Narrow road,Rural Areas,Open area,Human Error,No,Grievous Injury,Vehicle to Vehicle,Uncontrolled,Straight and flat,NH,Bitumen(Tar),Dry,No influence on accident,Fine,NH,TONACHINAKUPPE,5KM,13.143298,77.345561
Bengaluru Dist,Nelamangala Traffic PS,1.04422e+16,2022,1,2,Road Accidents,Not Applicable,Rural Areas,Open area,Human Error,No,Grievous Injury,Vehicle to Vehicle,Police / Manual,Straight and flat,NH,Bitumen(Tar),Dry,Not Applicable,Fine,BANGALORE TUMKKURU NH 48 SERVICE ROAD,CHIKKABIDARA KALLU,12 KM,13.051507,77.489171
Bengaluru Dist,Nelamangala Traffic PS,1.04422e+16,2022,1,4,Road Accidents,Not Applicable,Rural Areas,Open area,Human Error,No,Damage Only,Vehicle to Vehicle,Police / Manual,Straight and flat,NH,Bitumen(Tar),Dry,No influence on accident,Fine,TUMKUR BANGALORE NH 48 ROAD,THONACHINAKUPPE,6 KM,13.138531,77.352606
Bengaluru Dist,Nelamangala Traffic PS,1.04422e+16,2022,1,1,Road Accidents,Not Applicable,Rural Areas,Open area,Human Error,No,Grievous Injury,Vehicle to Vehicle,Police / Manual,Not Applicable,NH,Bitumen(Tar),Not Applicable,No influence on accident,Fine,BANGALORE TUMKUR NH 48 ROAD,TCI BUS STAND,10 KM,13.058451,77.46676
Bengaluru Dist,Nelamangala Traffic PS,1.04422e+16,2022,1,2,Road Accidents,Cross roads,Rural Areas,Near Petrol Pump,Human Error,No,Fatal,Vehicle to Vehicle,Uncontrolled,Straight and flat,NH,Bitumen(Tar),Dry,No influence on accident,Fine,TUMKUR-BENGALORE NH48 ROAD BILLINAKOTE HOSAHALLI,TUMKUR BENGALORE NH48 ROAD BILINKOTE HOSAHALLI GATE,19 KM,13.192904,77.277493
Bengaluru Dist,Nelamangala Traffic PS,1.04422e+16,2022,1,2,Road Accidents,Not Applicable,Rural Areas,Near or inside a village,Human Error,Yes,Fatal,Vehicle to Vehicle,Uncontrolled,Straight and flat,NH,Bitumen(Tar),Dry,Not Applicable,Fine,bengalore-Tumkur Nh48 road Rayarapalaya gate,Rayarpaalya,22 km,13.248265,77.223743
Bengaluru Dist,Nelamangala Traffic PS,1.04422e+16,2022,1,1,Road Accidents,Not Applicable,Rural Areas,Open area,Human Error,No,Simple Injury,Hit pedestrian,Police / Manual,Straight and flat,NH,Bitumen(Tar),Dry,No influence on accident,Fine,TUMKUR - BANGALORE NH 48 SERVICE ROAD,DABASPETE,20 KM,13.226112,77.243321
Bengaluru Dist,Nelamangala Traffic PS,1.04422e+16,2022,1,2,Road Accidents,Curves,Rural Areas,Open area,Human Error,No,Simple Injury,Vehicle to Vehicle,Police / Manual,Curve,NH,Bitumen(Tar),Dry,Not Applicable,Fine,KUNIGAL NELAMANGALA NH 75 ROAD,KUNIGAL CIRCLE,500 M,13.09767,77.3861879
Bengaluru Dist,Nelamangala Traffic PS,1.04422e+16,2022,1,3,Road Accidents,Not Applicable,Rural Areas,Open area,Human Error,No,Simple Injury,Vehicle to Vehicle,Police / Manual,Straight and flat,NH,Bitumen(Tar),Dry,No influence on accident,Fine,NELAMANGLA KUNIGAL NH 75 ROAD,BHAVIKERE CROSS,3 KM,13.089257,77.376518
Bengaluru Dist,Nelamangala Traffic PS,1.04422e+16,2022,1,1,Road Accidents,Not Applicable,Rural Areas,Open area,Human Error,Yes,Fatal,Hit pedestrian,Not at  Junction,Straight and flat,NH,Bitumen(Tar),Dry,No influence on accident,Others,TUMKUR BENGALURU NH 48 ROAD,swathi garden hotel,2,13.095593,77.388293
Bengaluru Dist,Nelamangala Traffic PS,1.04422e+16,2022,1,2,Road Accidents,Not Applicable,Rural Areas,Open area,Human Error,No,Fatal,Vehicle to Vehicle,Not at  Junction,Straight and flat,NH,Bitumen(Tar),Dry,No influence on accident,Fine,BANGALORE TUMKUR NH 48 SERVICE ROAD,Byadarahalli Gate,3,13.110789,77.377816
Bengaluru Dist,Nelamangala Traffic PS,1.04422e+16,2022,1,1,Road Accidents,Curves,Rural Areas,Open area,Human Error,No,Damage Only,Vehicle to Vehicle,Police / Manual,Curve,NH,Bitumen(Tar),Dry,No influence on accident,Fine,TUMKUR BANGALORE NH 48 ROAD,DODDERY U TURN,12 KM,13.17862,77.293544
Bengaluru Dist,Nelamangala Traffic PS,1.04422e+16,2022,1,2,Road Accidents,Not Applicable,Rural Areas,Open area,Human Error,No,Damage Only,Vehicle to Vehicle,Police / Manual,Straight and flat,NH,Bitumen(Tar),Dry,No influence on accident,Fine,TUMKUR BANGALORE NH 48 ROAD,NAVAYUGA TOLL,2 KM,13.090865,77.39959
Bengaluru Dist,Nelamangala Traffic PS,1.04422e+16,2022,1,1,Road Accidents,Narrow road,Rural Areas,In bazaar,Human Error,No,Fatal,Hit pedestrian,Police / Manual,Straight and flat,Others,Bitumen(Tar),Dry,No influence on accident,Fine,Nelamangala Town Sondekoppa Road,Near Anand Bar,2,13.093653,77.3947519
Bengaluru Dist,Nelamangala Traffic PS,1.04422e+16,2022,1,2,Road Accidents,Not Applicable,Rural Areas,Open area,Human Error,Yes,Fatal,Vehicle to Vehicle,Not at  Junction,Straight and flat,NH,Bitumen(Tar),Dry,No influence on accident,Others,Bengaluru Tumkuru NH 48 ROAD,DODDAGANAPATHI  TEMPLE,2,0.0,0.0
Bengaluru Dist,Nelamangala Traffic PS,1.04422e+16,2022,1,2,Road Accidents,Narrow road,Rural Areas,Open area,Human Error,No,Grievous Injury,Vehicle to Vehicle,Uncontrolled,Straight and flat,NH,Bitumen(Tar),Dry,No influence on accident,Fine,NH,NEAR HALENIJAGAL,22,0.0,0.0
Bengaluru Dist,Nelamangala Traffic PS,1.04422e+16,2022,1,2,Road Accidents,Not Applicable,Rural Areas,Open area,Human Error,No,Fatal,Vehicle to Vehicle,Not at  Junction,Straight and flat,NH,Bitumen(Tar),Dry,No influence on accident,Fine,BENGALURU TUMAKURU NH 48 ROAD,Lakkur bridge,22,0.0,0.0
Bengaluru Dist,Nelamangala Traffic PS,1.04422e+16,2022,1,2,Road Accidents,Narrow road,City/Town,Open area,Human Error,Yes,Grievous Injury,Vehicle to Vehicle,Uncontrolled,Straight and flat,NH,Bitumen(Tar),Dry,No influence on accident,Fine,NH,PADMAVATHI KALYANA MANTAPA,1OKM,0.0,0.0
Bengaluru Dist,Nelamangala Traffic PS,1.04422e+16,2022,1,1,Road Accidents,Cross roads,Rural Areas,Near Bus stop,Human Error,Not Applicable,Simple Injury,Hit pedestrian,Uncontrolled,Straight and flat,NH,Bitumen(Tar),Dry,No influence on accident,Clear,KUNIGAL NELAMANGALA NH-75 ROAD,MAHADEVAPURA BUS STOP,8 KM,13.066529,77.319995
Bengaluru Dist,Nelamangala Traffic PS,1.04422e+16,2022,1,1,Road Accidents,Not Applicable,Rural Areas,Open area,Human Error,No,Simple Injury,Not Applicable,Police / Manual,Straight and flat,NH,Bitumen(Tar),Dry,No influence on accident,Clear,BANGALORE - TUMAKURU NH 48 ROAD,THONACHINAKUPPE,6 KM,13.143276,77.345459
Bengaluru Dist,Nelamangala Traffic PS,1.04422e+16,2022,1,1,Road Accidents,Not Applicable,City/Town,Open area,Human Error,No,Fatal,Hit pedestrian,Uncontrolled,Straight and flat,NH,Bitumen(Tar),Dry,No influence on accident,Fine,Tumakuru Bengaluru NH 48 Road,Near Dasanapura tata Service Oppiste,08Kms,13.073468,77.439431
Bengaluru Dist,Nelamangala Traffic PS,1.04422e+16,2022,1,2,Road Accidents,Curves,Rural Areas,Open area,Human Error,No,Fatal,Vehicle to Vehicle,Uncontrolled,Curve,NH,Bitumen(Tar),Dry,No influence on accident,Fine,Bengaluru Tumakuru NH 48 Service Road,Near HP Petrol Bunk,05Kms,13.080019,77.423509
Bengaluru Dist,Nelamangala Traffic PS,1.04422e+16,2022,1,2,Road Accidents,Curves,Rural Areas,Open area,Human Error,No,Simple Injury,Vehicle to Vehicle,Police / Manual,Curve,NH,Bitumen(Tar),Dry,No influence on accident,Fine,TUMAKURU - BANGALURU NH 48 SERVICE ROAD,ARISHINAKUNTE,2KM,13.082736,77.418877
Bengaluru Dist,Nelamangala Traffic PS,1.04422e+16,2022,1,2,Road Accidents,Narrow road,City/Town,Open area,Human Error,No,Damage Only,Vehicle to Vehicle,Uncontrolled,Straight and flat,NH,Bitumen(Tar),Dry,No influence on accident,Fine,NH,MADANAYAKANAHALLI,10KM,13.061753,77.460025
Bengaluru Dist,Nelamangala Traffic PS,1.04422e+16,2022,1,2,Road Accidents,Not Applicable,Rural Areas,Open area,Human Error,No,Grievous Injury,Vehicle to Vehicle,Uncontrolled,Straight and flat,NH,Bitumen(Tar),Dry,No influence on accident,Fine,NH,KENGAL KEMPOHALLI,18KM,13.208232,77.26197
Bengaluru Dist,Nelamangala Traffic PS,1.04422e+16,2022,1,2,Road Accidents,Circle,Rural Areas,Open area,Human Error,Yes,Fatal,Vehicle to Vehicle,Controlled,Straight and flat,Mixed,Bitumen(Tar),Dry,Construction Work / Material,Fine,MAGADI MADAVARA NICE ROAD,15 FT,22 KM,13.031469,77.475476
Bengaluru Dist,Nelamangala Traffic PS,1.04422e+16,2022,1,1,Road Accidents,Junction,Rural Areas,Near or inside a village,Human Error,No,Fatal,Hit pedestrian,Uncontrolled,Straight and flat,NH,Bitumen(Tar),Dry,Pot holed,Fine,BENGLORE-TUMKUR NH48 EXPRES ROAD NEAR YADEHALLI,15 FT,15 KM,13.216913,77.252632
Bengaluru Dist,Nelamangala Traffic PS,1.04422e+16,2022,1,2,Road Accidents,Narrow road,Rural Areas,Open area,Human Error,No,Grievous Injury,Vehicle to Vehicle,Uncontrolled,Straight and flat,NH,Bitumen(Tar),Dry,No influence on accident,Fine,NH,SHANTHINAGARA,5KM,0.0,0.0
Bengaluru Dist,Nelamangala Traffic PS,1.04422e+16,2022,1,2,Road Accidents,Narrow road,City/Town,Open area,Human Error,No,Grievous Injury,Vehicle to Vehicle,Uncontrolled,Straight and flat,NH,Bitumen(Tar),Dry,No influence on accident,Fine,NH,YANTAGANAHALLI,6KM,13.06586,77.354295
Bengaluru Dist,Nelamangala Traffic PS,1.04422e+16,2022,1,2,Road Accidents,Narrow road,City/Town,Open area,Human Error,Not Applicable,Grievous Injury,Vehicle to Vehicle,Uncontrolled,Straight and flat,NH,Bitumen(Tar),Dry,No influence on accident,Fine,OTHERS,RAJEEVGHANDHI NAGARA,2KM,13.087491,77.393847
Bengaluru Dist,Nelamangala Traffic PS,1.04422e+16,2022,1,2,Road Accidents,Not Applicable,Rural Areas,Open area,Human Error,No,Simple Injury,Not Applicable,Police / Manual,Straight and flat,NH,Bitumen(Tar),Dry,No influence on accident,Fine,KUNIGAL NELAMANGALA NH 75,MALLARABANAVADI U TURN,3 KM,13.083012,77.37159
Bengaluru Dist,Nelamangala Traffic PS,1.04422e+16,2022,1,2,Road Accidents,Not Applicable,Rural Areas,Open area,Human Error,No,Damage Only,Vehicle to Vehicle,Police / Manual,Straight and flat,NH,Bitumen(Tar),Dry,No influence on accident,Fine,BANGALORE TUMKUR NH 48 ROAD,THIPPAGONDANAHALLI,7 KM,13.158497,77.325124
Bengaluru Dist,Nelamangala Traffic PS,1.04422e+16,2022,1,2,Road Accidents,Not Applicable,Rural Areas,Open area,Human Error,No,Grievous Injury,Vehicle to Vehicle,Police / Manual,Straight and flat,NH,Bitumen(Tar),Dry,No influence on accident,Fine,TUMKURU BANGALORE NH 48 SERVICE ROAD,ARISHINAKUNTE,3 KM,13.082736,77.418222
Bengaluru Dist,Nelamangala Traffic PS,1.04422e+16,2022,1,2,Road Accidents,Not Applicable,Rural Areas,Open area,Human Error,No,Simple Injury,Vehicle to Vehicle,Police / Manual,Straight and flat,NH,Bitumen(Tar),Dry,No influence on accident,Fine,TUMKURU BANGALORE NH 48 ROAD,MAKALI,8 KM,13.06566,77.453742
Bengaluru Dist,Nelamangala Traffic PS,1.04422e+16,2022,1,1,Road Accidents,Narrow road,City/Town,Open area,Human Error,No,Grievous Injury,Hit pedestrian,Uncontrolled,Straight and flat,Sub Arterial,Bitumen(Tar),Dry,No influence on accident,Fine,OTHERS,T B BUS STOP,2KM,13.096608,77.401712
Bengaluru Dist,Nelamangala Traffic PS,1.04422e+16,2022,1,2,Rail Road Accidents,Narrow road,City/Town,Open area,Human Error,Yes,Grievous Injury,Vehicle to Vehicle,Uncontrolled,Straight and flat,NH,Bitumen(Tar),Dry,No influence on accident,Fine,NH,MADANAYAKANAHALLI,10KM,13.06093,77.462286
Bengaluru Dist,Nelamangala Traffic PS,1.04422e+16,2022,1,2,Road Accidents,Not Applicable,Rural Areas,Near or inside a village,Not Applicable,No,Grievous Injury,Vehicle to Vehicle,Uncontrolled,Straight and flat,NH,Bitumen(Tar),Dry,Not Applicable,Fine,TUMKUR BENGALORE BUDIHAL GATE,BUDIHAL GATE,5 K M,13.131465,77.359049
Bengaluru Dist,Nelamangala Traffic PS,1.04422e+16,2022,1,2,Road Accidents,Not Applicable,Rural Areas,Near office complex,Not Applicable,Yes,Grievous Injury,Vehicle to Vehicle,Uncontrolled,Others,Two way,Bitumen(Tar),Dry,Not Applicable,Others,BENGALORE NELAMANGALA BH ROAD,BENGALORE NELAMANGALA BH ROAD,3 KM,13.09529,77.404423
Bengaluru Dist,Nelamangala Traffic PS,1.04422e+16,2022,1,3,Road Accidents,Not Applicable,Rural Areas,Narrow bridge or culverts,Not Applicable,No,Grievous Injury,Vehicle to Vehicle,Uncontrolled,Straight and flat,NH,Bitumen(Tar),Dry,Not Applicable,Fine,NICE ROAD BRIDGE,MADAVARA,5 KM,13.056302,77.476197
Bengaluru Dist,Nelamangala Traffic PS,1.04422e+16,2022,1,2,Road Accidents,Not Applicable,Rural Areas,Open area,Human Error,No,Simple Injury,Vehicle to Vehicle,Police / Manual,Straight and flat,NH,Bitumen(Tar),Dry,No influence on accident,Fine,NELAMANGALA - KUNIGAL NH 75 ROAD,SITARAMABHATTARA PALYA,6 KM,13.060677,77.338041
Bengaluru Dist,Nelamangala Traffic PS,1.04422e+16,2022,1,2,Road Accidents,Not Applicable,Rural Areas,Open area,Human Error,Yes,Damage Only,Vehicle to Vehicle,Police / Manual,Straight and flat,NH,Bitumen(Tar),Dry,No influence on accident,Fine,TUMKURU BANGALORE NH 48 SERVICE ROAD,NELAMAGALA TOWN,1 KM,0.0,0.0
Bengaluru Dist,Nelamangala Traffic PS,1.04422e+16,2022,1,3,Road Accidents,Not Applicable,Rural Areas,Open area,Human Error,No,Grievous Injury,Vehicle to Vehicle,Police / Manual,Straight and flat,NH,Bitumen(Tar),Dry,No influence on accident,Fine,TUMKURU BANGALORE NH 48 ROAD,KENGAL KEMPOHALLI,10 KM,13.208416,77.263149
Bengaluru Dist,Nelamangala Traffic PS,1.04422e+16,2022,1,8,Road Accidents,Not Applicable,Rural Areas,Open area,Human Error,No,Simple Injury,Vehicle to Vehicle,Police / Manual,Straight and flat,NH,Bitumen(Tar),Dry,No influence on accident,Fine,BANGALORE - TUMKUR NH 48 ROAD,BYADARAHALLI GATE,3 KM,0.0,0.0
Bengaluru Dist,Nelamangala Traffic PS,1.04422e+16,2022,1,1,Road Accidents,Narrow road,Rural Areas,Open area,Human Error,No,Grievous Injury,Hit pedestrian,Uncontrolled,Straight and flat,NH,Bitumen(Tar),Dry,No influence on accident,Fine,NH,MALLARABANAVADI,5KM,13.082538,77.371425
Bengaluru Dist,Nelamangala Traffic PS,1.04422e+16,2022,1,1,Road Accidents,Narrow road,City/Town,Open area,Human Error,Yes,Grievous Injury,Hit pedestrian,Uncontrolled,Straight and flat,NH,Bitumen(Tar),Dry,No influence on accident,Fine,NH,VISHWASHANTHI ASHRAMA,4KM,13.084222,77.41533
Bengaluru Dist,Nelamangala Traffic PS,1.04422e+16,2022,1,3,Road Accidents,Narrow road,Rural Areas,Open area,Human Error,No,Grievous Injury,Vehicle to Vehicle,Uncontrolled,Straight and flat,NH,Bitumen(Tar),Dry,No influence on accident,Fine,NH,OPP KBD FACTORY,4KM,0.0,0.0
Bengaluru Dist,Nelamangala Traffic PS,1.04422e+16,2022,1,2,Road Accidents,Not Applicable,Rural Areas,Open area,Human Error,No,Simple Injury,Vehicle to Vehicle,Police / Manual,Straight and flat,Others,Bitumen(Tar),Dry,No influence on accident,Fine,NELAMANGALA SONDEKOPPA ROAD,NELAMAGALA TOWN,1 KM,0.0,0.0
Bengaluru Dist,Nelamangala Traffic PS,1.04422e+16,2022,1,2,Road Accidents,Curves,Rural Areas,Open area,Human Error,No,Simple Injury,Vehicle to Vehicle,Police / Manual,Curve,Others,Bitumen(Tar),Dry,No influence on accident,Clear,NELAMANGALA - BANGALORE BH ROAD,BHINNAMANGALA NEAR RELIANCE PETROL BUNK,2 KM,13.08761,77.412389
Bengaluru Dist,Nelamangala Traffic PS,1.04422e+16,2022,1,1,Road Accidents,Narrow road,Rural Areas,Open area,Human Error,No,Grievous Injury,Not Applicable,Controlled,Curve,NH,Bitumen(Tar),Dry,Not Applicable,Clear,NH48  ROAD,TALEKERE GATE,12 KMS,13.165251,77.315232
Bengaluru Dist,Nelamangala Traffic PS,1.04422e+16,2022,1,2,Road Accidents,Narrow road,Rural Areas,Open area,Human Error,No,Simple Injury,Vehicle to Vehicle,Not Applicable,Not Applicable,NH,Bitumen(Tar),Dry,Not Applicable,Clear,NH48  ROAD,OPP POWERICA,3KMS,13.119568,77.370221
Bengaluru Dist,Nelamangala Traffic PS,1.04422e+16,2022,1,2,Road Accidents,Narrow road,Rural Areas,Open area,Human Error,No,Grievous Injury,Vehicle to Vehicle,Uncontrolled,Straight and flat,NH,Bitumen(Tar),Dry,No influence on accident,Fine,NH,BOMMANAHALLI,3KM,0.0,0.0
Bengaluru Dist,Nelamangala Traffic PS,1.04422e+16,2022,1,2,Road Accidents,Cross roads,Rural Areas,Open area,Human Error,Yes,Simple Injury,Vehicle to Vehicle,Stop sign,Straight and flat,NH,Bitumen(Tar),Dry,Not Applicable,Clear,NH48  ROAD,KENGAL KEMPOHALLI  U TURN,12 KMS,0.0,0.0
Bengaluru Dist,Nelamangala Traffic PS,1.04422e+16,2022,1,2,Road Accidents,Narrow road,Rural Areas,Open area,Human Error,No,Grievous Injury,Vehicle to Vehicle,Uncontrolled,Straight and flat,NH,Bitumen(Tar),Dry,No influence on accident,Fine,NH,RAYAR PALYA GATE,22,0.0,0.0