DISTRICTNAME,UNITNAME,Crime_No,Year,RI,Noofvehicle_involved,Accident_Classification,Accident_Spot,Accident_Location,Accident_SubLocation,Main_Cause,Hit_Run,Severity,Collision_Type,Junction_Control,Road_Character,Road_Type,Surface_Type,Surface_Condition,Road_Condition,Weather,Accident_Road,Landmark_first,Distance_LandMark_First,Latitude,Longitude
Bengaluru Dist,Nelamangala Traffic PS,1.04422e+16,2022,1,2,Road Accidents,Offset,Rural Areas,Near Petrol Pump,Human Error,No,Fatal,Vehicle to Vehicle,Controlled,Straight and flat,Minor District Road,Bitumen(Tar),Dry,Pot holed,Fine,BENAGALORE-TUMKUR NH48 SRIVEC ROAD MADANAYAKANAHALLI,15FT,10 km,0.0,0.0
Bengaluru Dist,Nelamangala Traffic PS,1.04422e+16,2022,1,2,Not Applicable,Narrow road,City/Town,Open area,Not Applicable,No,Simple Injury,Not Applicable,Police / Manual,Others,NH,Not Applicable,Others,Not Applicable,Clear,BHARATHPETROL BUNK,PETROL BUNK,8 KM,13.060528,77.462561
Bengaluru Dist,Nelamangala Traffic PS,1.04422e+16,2022,1,2,Not Applicable,Not Applicable,Rural Areas,Open area,Not Applicable,No,Simple Injury,Vehicle to Vehicle,Police / Manual,Others,NH,Not Applicable,Dry,Not Applicable,Clear,Near Mahimapura Gate,NEAR MHIMAPURA GATE,12 KM,13.07568,77.435582
Bengaluru Dist,Nelamangala Traffic PS,1.04422e+16,2022,1,1,Road Accidents,Rail Crossing manned,Rural Areas,Near a religious place,Human Error,No,Fatal,Hit pedestrian,Uncontrolled,Straight and flat,NH,Bitumen(Tar),Dry,Not Applicable,Fine,TUMKUR-BENGALORE NH48 SERVICE ROAD BYLANJENEYA SWAMY TEMPLE,15FT,6 KM,13.070309,77.446408
Bengaluru Dist,Nelamangala Traffic PS,1.04422e+16,2022,1,1,Road Accidents,Not Applicable,Rural Areas,Near or inside a village,Human Error,No,Fatal,Hit pedestrian,Uncontrolled,Not Applicable,NH,Bitumen(Tar),Dry,Not Applicable,Fine,TUMKUR-BENGALORE NH48 NEAR YADEHALLI VILLAGE,15FT,15 KM,13.213706,77.256194
Bengaluru Dist,Nelamangala Traffic PS,1.04422e+16,2022,1,2,Road Accidents,Curves,Rural Areas,Open area,Human Error,Yes,Grievous Injury,Vehicle to Vehicle,Police / Manual,Curve,NH,Bitumen(Tar),Dry,No influence on accident,Fine,BANGALORE TUMKURU NH 48 SERVICE ROAD,ANCHEPALYA NICE ROAD,11 KM,13.055638,77.478305
Bengaluru Dist,Nelamangala Traffic PS,1.04422e+16,2022,1,2,Road Accidents,Not Applicable,Rural Areas,Open area,Human Error,No,Damage Only,Vehicle to Vehicle,Police / Manual,Straight and flat,NH,Bitumen(Tar),Dry,No influence on accident,Fine,TUMKURU BANGALORE NH 48 ROAD,ARISHINAKUNTE,3 KM,13.083499,77.417366
Bengaluru Dist,Nelamangala Traffic PS,1.04422e+16,2022,1,1,Road Accidents,Not Applicable,Rural Areas,Open area,Human Error,Yes,Fatal,Hit pedestrian,Not at  Junction,Straight and flat,NH,Bitumen(Tar),Dry,No influence on accident,Fine,Tumkur Bangalore NH 48 Road,Adakamaranahalli Bus stand,4,13.069401,77.446221
Bengaluru Dist,Nelamangala Traffic PS,1.04422e+16,2022,1,2,Road Accidents,Not Applicable,Rural Areas,Near or inside a village,Human Error,No,Fatal,Vehicle to Vehicle,Uncontrolled,Straight and flat,NH,Bitumen(Tar),Dry,Not Applicable,Fine,BENGALORE-TUMKUR NH48 ROAD HALENIJAGAL BADAVANE MAHADEVA RAYAK DABA,NEAR VILLAGE,22 KM,13.246735,77.226321
Bengaluru Dist,Nelamangala Traffic PS,1.04422e+16,2022,1,2,Road Accidents,Narrow road,Rural Areas,Open area,Human Error,No,Damage Only,Vehicle to Vehicle,Uncontrolled,Straight and flat,NH,Bitumen(Tar),Dry,No influence on accident,Fine,NH,HALENIJAGAL,22KM,13.259864,77.209948
Bengaluru Dist,Nelamangala Traffic PS,1.04422e+16,2022,1,1,Road Accidents,Cross roads,Rural Areas,Open area,Human Error,No,Grievous Injury,Not Applicable,No signal lights,Not Applicable,NH,Bitumen(Tar),Dry,Not Applicable,Clear,NH75  ROAD,NEAR DHARMASTALA HOSPITAL,12KM,13.065831,77.311028
Bengaluru Dist,Nelamangala Traffic PS,1.04422e+16,2022,1,2,Road Accidents,Not Applicable,Rural Areas,Open area,Human Error,No,Grievous Injury,Vehicle to Vehicle,Police / Manual,Straight and flat,NH,Bitumen(Tar),Dry,Not Applicable,Fine,KUNIGAL  NELAMANGALA NH 75 ROAD,DHARMASHREE RESART,3 KM,13.08667,77.374879
Bengaluru Dist,Nelamangala Traffic PS,1.04422e+16,2022,1,1,Road Accidents,Not Applicable,Rural Areas,Near or inside a village,Human Error,No,Fatal,Not Applicable,Uncontrolled,Straight and flat,NH,Bitumen(Tar),Dry,Pot holed,Others,BENGALORE-TUMKUR NH48 ROAD NEAR BUDIHAL,BUDIHAL,4 KM,13.130876,77.358968
Bengaluru Dist,Nelamangala Traffic PS,1.04422e+16,2022,1,1,Road Accidents,Offset,Rural Areas,Open area,Human Error,No,Fatal,Not Applicable,Police / Manual,Straight and flat,NH,Bitumen(Tar),Dry,No influence on accident,Fine,Bangalore Tumkur NH 48 Road,tippagondanahalli  Thotagarike ilake,5,13.163141,77.318605
Bengaluru Dist,Nelamangala Traffic PS,1.04422e+16,2022,1,2,Road Accidents,Not Applicable,Rural Areas,Open area,Human Error,No,Damage Only,Vehicle to Vehicle,Police / Manual,Straight and flat,NH,Bitumen(Tar),Dry,No influence on accident,Fine,TUMKURU BANGALORE NH 48 HIGHWAY,DASANAPURA,5KM,0.0,0.0
Bengaluru Dist,Nelamangala Traffic PS,1.04422e+16,2022,1,2,Road Accidents,Not Applicable,Rural Areas,Open area,Human Error,No,Fatal,Vehicle to Vehicle,Police / Manual,Straight and flat,NH,Bitumen(Tar),Dry,No influence on accident,Fine,BENGALURU TUMAKURU NH 48 SERVICE ROAD,MADAVARA TOLL SRI LAKSHMI SERVICE STATION,8,13.057445,77.470638
Bengaluru Dist,Nelamangala Traffic PS,1.04422e+16,2022,1,2,Road Accidents,Not Applicable,Rural Areas,Open area,Human Error,No,Damage Only,Vehicle to Vehicle,Police / Manual,Straight and flat,NH,Bitumen(Tar),Dry,No influence on accident,Fine,TUMKUR  BANGALORE NH 48 ROAD,HOSANIJAGAL,21 KM,0.0,0.0
Bengaluru Dist,Nelamangala Traffic PS,1.04422e+16,2022,1,1,Road Accidents,Narrow road,Rural Areas,Open area,Human Error,Yes,Grievous Injury,Hit pedestrian,Uncontrolled,Straight and flat,NH,Bitumen(Tar),Dry,No influence on accident,Fine,NH,SHANTHI NAGARA,5KM,13.078946,77.367435
Bengaluru Dist,Nelamangala Traffic PS,1.04422e+16,2022,1,2,Road Accidents,Not Applicable,Rural Areas,Open area,Human Error,No,Fatal,Vehicle to Vehicle,Not at  Junction,Straight and flat,NH,Bitumen(Tar),Dry,No influence on accident,Fine,Tumkur Bangalore NH 48 Road,T Beguru Hosur Cross,10 km,0.0,0.0
Bengaluru Dist,Nelamangala Traffic PS,1.04422e+16,2022,1,2,Road Accidents,Not Applicable,City/Town,Near Petrol Pump,Human Error,Yes,Simple Injury,Vehicle to Vehicle,Uncontrolled,Straight and flat,NH,Bitumen(Tar),Dry,No influence on accident,Clear,NELAMANGALA BENGALURU B H ROAD,OPPT BHARATH PETROL BUNK,3 KM,13.09523,77.40456
Bengaluru Dist,Nelamangala Traffic PS,1.04422e+16,2022,1,1,Road Accidents,Narrow road,City/Town,Open area,Human Error,No,Not Applicable,Not Applicable,Uncontrolled,Straight and flat,NH,Bitumen(Tar),Dry,No influence on accident,Fine,NH,BINNAMANGALA,2,13.080194,77.423809
Bengaluru Dist,Nelamangala Traffic PS,1.04422e+16,2022,1,2,Road Accidents,Narrow road,Rural Areas,Near Petrol Pump,Human Error,No,Grievous Injury,Vehicle to Vehicle,Not Applicable,Not Applicable,NH,Bitumen(Tar),Dry,Not Applicable,Clear,NH48  ROAD,OPP PETROL BUNK,2KMS,13.115299,77.374811
Bengaluru Dist,Nelamangala Traffic PS,1.04422e+16,2022,1,2,Road Accidents,Not Applicable,Rural Areas,Open area,Human Error,No,Fatal,Vehicle to Vehicle,Not Applicable,Straight and flat,NH,Bitumen(Tar),Dry,Pot holed,Fine,kunigal- Nelamangala NH 75 ROAD MAHADEVAPURA RAVI FROM HOUSE,15FT,30,13.065846,77.32427
Bengaluru Dist,Nelamangala Traffic PS,1.04422e+16,2022,1,2,Road Accidents,Not Applicable,Rural Areas,Open area,Human Error,No,Simple Injury,Vehicle to Vehicle,Uncontrolled,Straight and flat,NH,Bitumen(Tar),Dry,No influence on accident,Clear,TUMAKURU BENGALURU NH-48  ROAD,BOMMANAHALLI GATE,3 KM,13.120986,77.368021
Bengaluru Dist,Nelamangala Traffic PS,1.04422e+16,2022,1,2,Road Accidents,Junction,City/Town,Open area,Human Error,Yes,Grievous Injury,Vehicle to Vehicle,Uncontrolled,Straight and flat,NH,Bitumen(Tar),Dry,No influence on accident,Fine,NH,DASANAPURA UNDER BRIDGE,5KM,13.076563,77.434311
Bengaluru Dist,Nelamangala Traffic PS,1.04422e+16,2022,1,1,Road Accidents,Narrow road,Rural Areas,Open area,Human Error,No,Grievous Injury,Hit pedestrian,Controlled,Straight and flat,NH,Bitumen(Tar),Dry,Not Applicable,Clear,NH48  ROAD,SHARAPURA PALYA,3KMS,13.103707,77.381407
Bengaluru Dist,Nelamangala Traffic PS,1.04422e+16,2022,1,2,Road Accidents,Narrow road,City/Town,Open area,Human Error,No,Grievous Injury,Vehicle to Vehicle,Uncontrolled,Straight and flat,NH,Bitumen(Tar),Dry,Not Applicable,Fine,NH,NEAR ASHRAMA BUS STOP,2KM,13.084902,77.414143
Bengaluru Dist,Nelamangala Traffic PS,1.04422e+16,2022,1,3,Road Accidents,Not Applicable,Rural Areas,Open area,Human Error,No,Damage Only,Vehicle to Vehicle,Police / Manual,Straight and flat,NH,Bitumen(Tar),Dry,No influence on accident,Fine,TUMKURU BANGALORE NH 48 ROAD,MAHIMAPURA U TURN,12 KM,13.178609,77.293743
Bengaluru Dist,Nelamangala Traffic PS,1.04422e+16,2022,1,2,Road Accidents,Not Applicable,Rural Areas,Open area,Human Error,No,Grievous Injury,Vehicle to Vehicle,Uncontrolled,Straight and flat,NH,Bitumen(Tar),Dry,No influence on accident,Fine,NH,T BEGURU,6KM,13.150231,77.339971
Bengaluru Dist,Nelamangala Traffic PS,1.04422e+16,2022,1,2,Road Accidents,Narrow road,Rural Areas,Open area,Human Error,No,Simple Injury,Vehicle to Vehicle,Uncontrolled,Straight and flat,NH,Bitumen(Tar),Dry,No influence on accident,Fine,NH,GUNDENAHALLI GATE,10KM,13.190472,77.279332
Bengaluru Dist,Nelamangala Traffic PS,1.04422e+16,2022,1,1,Road Accidents,Not Applicable,Rural Areas,Near School or College,Human Error,Yes,Fatal,Hit pedestrian,Uncontrolled,Straight and flat,NH,Bitumen(Tar),Dry,Not Applicable,Fine,Tumakuru Bengaluru NH 48 Road near biec,Near collage,10 km,13.056873,77.473667
Bengaluru Dist,Nelamangala Traffic PS,1.04422e+16,2022,1,2,Road Accidents,Narrow road,City/Town,Open area,Human Error,No,Grievous Injury,Vehicle to Vehicle,Uncontrolled,Straight and flat,NH,Bitumen(Tar),Dry,No influence on accident,Fine,NH,SHANTHINAGARA,5KM,13.080336,77.368352
Bengaluru Dist,Nelamangala Traffic PS,1.04422e+16,2022,1,2,Road Accidents,Narrow road,Rural Areas,Open area,Not Applicable,No,Simple Injury,Vehicle to Vehicle,Police / Manual,Others,NH,Not Applicable,Dry,Not Applicable,Clear,TUMKUR BANGALORE NH-048 Road,GUNDENAHALLI GATE,15 KM,13.189679,77.27958
Bengaluru Dist,Nelamangala Traffic PS,1.04422e+16,2022,1,2,Road Accidents,Not Applicable,Rural Areas,Near Hospital,Human Error,No,Grievous Injury,Vehicle to Vehicle,Police / Manual,Straight and flat,NH,Bitumen(Tar),Dry,No influence on accident,Fine,KUNIGAL NELAMANGALA NH 75 ROAD,MAHADEVAPURA,10 KM,13.065635,77.311215
Bengaluru Dist,Nelamangala Traffic PS,1.04422e+16,2022,1,1,Road Accidents,Narrow road,Rural Areas,Open area,Not Applicable,No,Grievous Injury,Not Applicable,Police / Manual,Others,NH,Not Applicable,Dry,Not Applicable,Clear,NELAMANGALA KUNIGAL NH 75 SERVICE ROAD,CHOCKLET FACTORY,20KM,13.062808,77.33055
Bengaluru Dist,Nelamangala Traffic PS,1.04422e+16,2022,1,1,Road Accidents,Not Applicable,City/Town,Open area,Human Error,No,Fatal,Not Applicable,Not at  Junction,Straight and flat,NH,Bitumen(Tar),Dry,No influence on accident,Clear,Bangalore Tumkur Nh 48 Road,Jindal Janbojanalaya,12,13.05419,77.482745
Bengaluru Dist,Nelamangala Traffic PS,1.04422e+16,2022,1,2,Road Accidents,Not Applicable,Rural Areas,Open area,Human Error,No,Grievous Injury,Vehicle to Vehicle,Police / Manual,Curve,NH,Bitumen(Tar),Dry,No influence on accident,Fine,MARUTHI LAYOUT ADEPETE ROAD,NELAMAGALA TOWN,2 KM,13.101916,77.400062
Bengaluru Dist,Nelamangala Traffic PS,1.04422e+16,2022,1,1,Road Accidents,Not Applicable,Rural Areas,Open area,Human Error,No,Simple Injury,Vehicle to Vehicle,Police / Manual,Not Applicable,NH,Bitumen(Tar),Dry,No influence on accident,Fine,TUMKURU BANGALORE NH 48 ROAD,ARISHINAKUNTE,3 KM,0.0,0.0
Bengaluru Dist,Nelamangala Traffic PS,1.04422e+16,2022,1,1,Road Accidents,Not Applicable,Rural Areas,Open area,Human Error,No,Fatal,Not Applicable,Not at  Junction,Straight and flat,NH,Bitumen(Tar),Not Applicable,No influence on accident,Fine,Bangalore tumkur Nh 48 Road,Madavara Toll,5,13.057417,77.47106
Bengaluru Dist,Nelamangala Traffic PS,1.04422e+16,2022,1,1,Road Accidents,Not Applicable,Rural Areas,Open area,Human Error,No,Simple Injury,Not Applicable,Police / Manual,Straight and flat,NH,Bitumen(Tar),Dry,No influence on accident,Fine,BANGALORE - TUMKURU NH 48 SERVICE ROAD,DEVANNAPALYA,4 KM,13.077847,77.4301279
Bengaluru Dist,Nelamangala Traffic PS,1.04422e+16,2022,1,1,Road Accidents,Not Applicable,Rural Areas,Open area,Human Error,No,Simple Injury,Vehicle to Vehicle,Police / Manual,Straight and flat,NH,Bitumen(Tar),Dry,No influence on accident,Fine,TUMKUR BANGALORE NH 48 ROAD,DABASPETE,20 KM,0.0,0.0
Bengaluru Dist,Nelamangala Traffic PS,1.04422e+16,2022,1,2,Road Accidents,Not Applicable,Rural Areas,Open area,Human Error,No,Damage Only,Vehicle to Vehicle,Police / Manual,Straight and flat,NH,Bitumen(Tar),Dry,No influence on accident,Fine,BANGALORE TUMKUR NH 48 ROAD,ADAKAMARANAHALLI,8 KM,0.0,0.0
Bengaluru Dist,Nelamangala Traffic PS,1.04422e+16,2022,1,2,Road Accidents,Narrow road,City/Town,Open area,Human Error,No,Grievous Injury,Vehicle to Vehicle,Uncontrolled,Straight and flat,NH,Bitumen(Tar),Dry,No influence on accident,Fine,NH,ADAKAMARANAHALLI,6KM,0.0,0.0
Bengaluru Dist,Nelamangala Traffic PS,1.04422e+16,2022,1,2,Rail Road Accidents,Not Applicable,Rural Areas,Open area,Human Error,No,Simple Injury,Vehicle to Vehicle,Police / Manual,Straight and flat,NH,Bitumen(Tar),Dry,No influence on accident,Fine,BANGALORE TUMKURU NH 48 ROAD,GUNDENAHALLI GATE,15,0.0,0.0
Bengaluru Dist,Nelamangala Traffic PS,1.04422e+16,2022,1,2,Road Accidents,Not Applicable,Rural Areas,Open area,Human Error,No,Grievous Injury,Vehicle to Vehicle,Police / Manual,Straight and flat,NH,Bitumen(Tar),Dry,Not Applicable,Fine,KUNIGAL NELAMANGALA NH 75 ROAD,CHAUNDI DABHA,5 KM,0.0,0.0
Bengaluru Dist,Nelamangala Traffic PS,1.04422e+16,2022,1,2,Road Accidents,Narrow road,Rural Areas,Open area,Human Error,No,Simple Injury,Vehicle to Vehicle,Not Applicable,Straight and flat,NH,Bitumen(Tar),Dry,No influence on accident,Fine,NH,HALENIJAGAL BUS STOP,20KM,0.0,0.0
Bengaluru Dist,Nelamangala Traffic PS,1.04422e+16,2022,1,2,Road Accidents,Not Applicable,Rural Areas,Open area,Human Error,No,Damage Only,Vehicle to Vehicle,Police / Manual,Straight and flat,NH,Bitumen(Tar),Dry,No influence on accident,Fine,TUMUR BANGALORE NH 48 ROAD,KAMADENU HOTEL,16 KM,13.190798,77.28023
Bengaluru Dist,Nelamangala Traffic PS,1.04422e+16,2022,1,1,Road Accidents,Not Applicable,Rural Areas,Open area,Human Error,No,Fatal,Not Applicable,Not at  Junction,Straight and flat,NH,Bitumen(Tar),Dry,No influence on accident,Fine,TUMAKURU BANGALORE NH 48  ROAD,TIPPAGONDANAHALLI,10,0.0,0.0
Bengaluru Dist,Nelamangala Traffic PS,1.04422e+16,2022,1,2,Road Accidents,Not Applicable,Rural Areas,Open area,Human Error,No,Simple Injury,Vehicle to Vehicle,Police / Manual,Straight and flat,NH,Bitumen(Tar),Dry,No influence on accident,Fine,BANGALORE TUMKURU NH 48 ROAD,SONDEKOPPA CIRCLE,1 KM,0.0,0.0
Bengaluru Dist,Nelamangala Traffic PS,1.04422e+16,2022,1,1,Road Accidents,Not Applicable,Rural Areas,Open area,Human Error,No,Fatal,Not Applicable,Not at  Junction,Hump,Others,Bitumen(Tar),Ditch or Potholed,No influence on accident,Fine,Lohith Nagara,hump,3,13.109452,77.379786
Bengaluru Dist,Nelamangala Traffic PS,1.04422e+16,2022,1,2,Road Accidents,Not Applicable,Rural Areas,Near office complex,Human Error,Not Applicable,Damage Only,Vehicle to Vehicle,Uncontrolled,Straight and flat,NH,Bitumen(Tar),Dry,No influence on accident,Clear,TUMAKURU BENGALURU NH-48  ROAD,KARNATAKA WATER SERVICE STATION OPPT,20 KM,13.220225,77.249143
Bengaluru Dist,Nelamangala Traffic PS,1.04422e+16,2022,1,2,Road Accidents,Narrow road,City/Town,Open area,Human Error,No,Grievous Injury,Vehicle to Vehicle,Uncontrolled,Straight and flat,NH,Bitumen(Tar),Dry,No influence on accident,Fine,NH,SONDEKOPPA CIRCLE,1KM,13.092962,77.3952109
Bengaluru Dist,Nelamangala Traffic PS,1.04422e+16,2022,1,2,Road Accidents,Narrow road,Rural Areas,Open area,Human Error,Not Applicable,Fatal,Vehicle to Vehicle,Not at  Junction,Straight and flat,NH,Bitumen(Tar),Others,No influence on accident,Fine,Kunigal Nelamangala nh 75 service road,Pecific Factory,6,13.090387,77.376514
Bengaluru Dist,Nelamangala Traffic PS,1.04422e+16,2022,1,2,Road Accidents,Cross roads,Rural Areas,Open area,Human Error,No,Damage Only,Vehicle to Vehicle,Controlled,Curve,NH,Bitumen(Tar),Dry,No influence on accident,Clear,NH48  ROAD,OPP BIEC GROUND,10KMS,13.057463,77.4770229
Bengaluru Dist,Nelamangala Traffic PS,1.04422e+16,2022,1,2,Road Accidents,Narrow road,City/Town,Open area,Human Error,No,Grievous Injury,Vehicle to Vehicle,Uncontrolled,Straight and flat,NH,Bitumen(Tar),Dry,No influence on accident,Fine,NH,ADAKAMARANAHALLI,6KM,13.069561,77.447158
Bengaluru Dist,Nelamangala Traffic PS,1.04422e+16,2022,1,2,Road Accidents,Cross roads,City/Town,Open area,Human Error,No,Grievous Injury,Vehicle to Vehicle,Uncontrolled,Straight and flat,NH,Bitumen(Tar),Dry,No influence on accident,Fine,NH,KUNIGLA CIRCLE,500KM,13.322023,75.690719
Bengaluru Dist,Nelamangala Traffic PS,1.04422e+16,2022,1,2,Road Accidents,Not Applicable,Rural Areas,Near or inside a village,Human Error,Yes,Fatal,Vehicle to Vehicle,Uncontrolled,Straight and flat,NH,Bitumen(Tar),Dry,Pot holed,Fine,TUMKUR-BENGALORE NH48 ROAD MADANAYAKANAHALLI TCI BRIDJ,15 FT,10 KM,13.059132,77.465369
Bengaluru Dist,Nelamangala Traffic PS,1.04422e+16,2022,1,1,Road Accidents,Cross roads,Rural Areas,Open area,Human Error,No,Simple Injury,Not Applicable,Controlled,Curve,NH,Bitumen(Tar),Dry,Not Applicable,Clear,NH75  ROAD,NEAR SITARAMABHATTARAPALYA,6KMS,13.060882,77.334487
Bengaluru Dist,Nelamangala Traffic PS,1.04422e+16,2022,1,2,Road Accidents,Not Applicable,Rural Areas,Near School or College,Not Applicable,No,Simple Injury,Vehicle to Vehicle,Police / Manual,Others,NH,Not Applicable,Not Applicable,Not Applicable,Clear,KUNIGAL NELAMANGALA NH75 ROAD,NEAR BP INDIAN SCHOOL,2KM,13.088242,77.375657
Bengaluru Dist,Nelamangala Traffic PS,1.04422e+16,2022,1,1,Not Applicable,Narrow road,City/Town,Near School or College,Not Applicable,Not Applicable,Simple Injury,Not Applicable,Police / Manual,Not Applicable,NH,Not Applicable,Dry,Not Applicable,Clear,BANGALORE TUMKUR NH48 ROOD,BELIMATA COLLAGE,500 M,13.092777,77.392904
Bengaluru Dist,Nelamangala Traffic PS,1.04422e+16,2022,1,2,Road Accidents,Narrow road,City/Town,Open area,Human Error,No,Grievous Injury,Vehicle to Vehicle,Uncontrolled,Straight and flat,NH,Bitumen(Tar),Dry,No influence on accident,Fine,NH,MAKALI,5KM,13.06596,77.452895
Bengaluru Dist,Nelamangala Traffic PS,1.04422e+16,2022,1,1,Road Accidents,Not Applicable,Rural Areas,Open area,Human Error,Yes,Fatal,Hit pedestrian,Not at  Junction,Straight and flat,NH,Bitumen(Tar),Dry,No influence on accident,Fine,Tumkur Bangalore NH 48 Road,Adakamaranahalli Anjaneya Temple,6,13.070551,77.444859
Bengaluru Dist,Nelamangala Traffic PS,1.04422e+16,2022,1,1,Road Accidents,Not Applicable,City/Town,Near School or College,Human Error,No,Grievous Injury,Hit pedestrian,Police / Manual,Straight and flat,Others,Bitumen(Tar),Dry,No influence on accident,Fine,NELAMANGALA SONDEKOPPA ROAD,NELAMANGALA TOWN,1 KM,13.094342,77.394838
Bengaluru Dist,Nelamangala Traffic PS,1.04422e+16,2022,1,2,Not Applicable,Narrow road,City/Town,Open area,Not Applicable,No,Simple Injury,Vehicle to Vehicle,Police / Manual,Others,NH,Not Applicable,Dry,Not Applicable,Clear,TUMKUR BANGALORE NH-48 Road,DASANAPURA,5 KM,13.077409,77.432494
Bengaluru Dist,Nelamangala Traffic PS,1.04422e+16,2022,1,1,Not Applicable,Not Applicable,City/Town,Near Petrol Pump,Not Applicable,No,Damage Only,Not Applicable,Police / Manual,Others,Others,Not Applicable,Others,Not Applicable,Clear,BINNAMANGALA VIR PITU PETROL BUNK,BINNAMANGALA,3 KM,0.0,0.0
Bengaluru Dist,Nelamangala Traffic PS,1.04422e+16,2022,1,2,Road Accidents,Not Applicable,Rural Areas,Open area,Human Error,No,Grievous Injury,Vehicle to Vehicle,Police / Manual,Straight and flat,NH,Bitumen(Tar),Dry,No influence on accident,Fine,TUMKURU  BANGLORE NH 48 ROAD,YADEHALLI,21 KM,13.214863,77.255152
Bengaluru Dist,Nelamangala Traffic PS,1.04422e+16,2022,1,2,Road Accidents,Not Applicable,Rural Areas,Open area,Human Error,Yes,Damage Only,Vehicle to Vehicle,Police / Manual,Straight and flat,NH,Bitumen(Tar),Dry,No influence on accident,Fine,TUMKURU - BANGALORE NH 48 ROAD,ARISHINAKUNTE,2 KM,13.080181,77.423351
Bengaluru Dist,Nelamangala Traffic PS,1.04422e+16,2022,1,2,Road Accidents,Not Applicable,Rural Areas,Open area,Human Error,Yes,Fatal,Vehicle to Vehicle,Not at  Junction,Straight and flat,NH,Bitumen(Tar),Dry,No influence on accident,Others,TUMAKURU BANGALORE NH 48  ROAD,DANOJIPALYA,6,13.088379,77.406183
Bengaluru Dist,Nelamangala Traffic PS,1.04422e+16,2022,1,2,Road Accidents,Not Applicable,Rural Areas,Near office complex,Not Applicable,Yes,Grievous Injury,Vehicle to Vehicle,Uncontrolled,Straight and flat,NH,Bitumen(Tar),Dry,Not Applicable,Others,KUNIGAL CIRCLE BYPASS,KUNIGAL CIRCLE,1/2 KM,13.098175,77.385592
Bengaluru Dist,Nelamangala Traffic PS,1.04422e+16,2022,1,1,Road Accidents,Junction,City/Town,Open area,Human Error,No,Grievous Injury,Hit pedestrian,Uncontrolled,Straight and flat,NH,Bitumen(Tar),Dry,No influence on accident,Fine,NH,T BEGURU,6KM,13.145877,77.342745
Bengaluru Dist,Nelamangala Traffic PS,1.04422e+16,2022,1,2,Road Accidents,Not Applicable,Rural Areas,Open area,Human Error,Yes,Grievous Injury,Vehicle to Vehicle,Police / Manual,Straight and flat,NH,Bitumen(Tar),Dry,No influence on accident,Fine,TUMKUR BANGALORE NH 48 RODA,SLR KALYANAMANTAPA,1 KM,13.093902,77.391136
Bengaluru Dist,Nelamangala Traffic PS,1.04422e+16,2022,1,2,Road Accidents,Not Applicable,Rural Areas,Open area,Human Error,No,Damage Only,Vehicle to Vehicle,Police / Manual,Straight and flat,NH,Bitumen(Tar),Dry,No influence on accident,Fine,BANGALORE TUMKURU NH 48 ROAD,BOMMANAHALLI,4 KM,13.123721,77.366161
Bengaluru Dist,Nelamangala Traffic PS,1.04422e+16,2022,1,2,Road Accidents,Not Applicable,Rural Areas,Open area,Human Error,Yes,Simple Injury,Vehicle to Vehicle,Police / Manual,Straight and flat,NH,Bitumen(Tar),Dry,No influence on accident,Fine,TUMKURU BANGALORE NH 48 ROAD,BHUVANESHWARI NAGARA,5 KM,13.139605,77.350423
Bengaluru Dist,Nelamangala Traffic PS,1.04422e+16,2022,1,2,Road Accidents,Not Applicable,Rural Areas,Open area,Human Error,No,Damage Only,Vehicle to Vehicle,Police / Manual,Straight and flat,NH,Bitumen(Tar),Dry,No influence on accident,Fine,BANGALORE TUMAKUR NH 48,DABASPETE,22 KM,13.244281,77.229893
Bengaluru Dist,Nelamangala Traffic PS,1.04422e+16,2022,1,1,Road Accidents,Not Applicable,Rural Areas,Near School or College,Human Error,Yes,Fatal,Hit pedestrian,Not Applicable,Straight and flat,NH,Bitumen(Tar),Dry,No influence on accident,Others,DEVANNANAPALYA,SANTHA MARY ENGLISH SCHOOL,4,13.080724,77.4221409
Bengaluru Dist,Nelamangala Traffic PS,1.04422e+16,2022,1,2,Road Accidents,Not Applicable,Rural Areas,Open area,Human Error,No,Simple Injury,Vehicle to Vehicle,Police / Manual,Straight and flat,NH,Bitumen(Tar),Dry,No influence on accident,Clear,BANGALORE TUMURU NH 48 ROAD,DABASPETE,20 KM,13.222134,77.246635
Bengaluru Dist,Nelamangala Traffic PS,1.04422e+16,2022,1,2,Road Accidents,Not Applicable,Rural Areas,Narrow bridge or culverts,Not Applicable,No,Grievous Injury,Vehicle to Vehicle,Uncontrolled,Straight and flat,NH,Bitumen(Tar),Dry,Not Applicable,Fine,TUMKUR- BENGALORE NH 48 ROAD MAKALI BRIDGE,MAKALI BRIDGE,8 KM,13.063528,77.45674
Bengaluru Dist,Nelamangala Traffic PS,1.04422e+16,2022,1,2,Road Accidents,Not Applicable,Rural Areas,Open area,Human Error,No,Simple Injury,Vehicle to Vehicle,Police / Manual,Straight and flat,NH,Bitumen(Tar),Dry,Not Applicable,Fine,BANGALORE TUMKURU NH 48 ROAD,KASABA NIJAGAL,23 KM,0.0,0.0
Bengaluru Dist,Nelamangala Traffic PS,1.04422e+16,2022,1,2,Road Accidents,Not Applicable,Rural Areas,Open area,Not Applicable,No,Grievous Injury,Vehicle to Vehicle,Uncontrolled,Straight and flat,NH,Bitumen(Tar),Dry,Not Applicable,Others,NH75 BHAVANI SHANKAR HOUSE,NH75 BHAVANI SHANKAR HOUSE,5 K M,0.0,0.0
Bengaluru Dist,Nelamangala Traffic PS,1.04422e+16,2022,1,2,Road Accidents,Curves,Rural Areas,Open area,Human Error,No,Damage Only,Vehicle to Vehicle,Police / Manual,Curve,Others,Bitumen(Tar),Dry,No influence on accident,Fine,MADAVARA NICE ROAD TOLL,MADAVARA,12 KM,13.042967,77.475201
Bengaluru Dist,Nelamangala Traffic PS,1.04422e+16,2022,1,2,Road Accidents,Not Applicable,Rural Areas,Open area,Human Error,Yes,Grievous Injury,Vehicle to Vehicle,Police / Manual,Straight and flat,NH,Bitumen(Tar),Dry,No influence on accident,Fine,KUNIGAL NELAMANGALA NH 75 ROAD,GUBE KALLAMMA TEMPLE NEAR,8 KM,13.066245,77.356764
Bengaluru Dist,Nelamangala Traffic PS,1.04422e+16,2022,1,2,Road Accidents,Not Applicable,Rural Areas,Open area,Human Error,No,Fatal,Vehicle to Vehicle,Police / Manual,Straight and flat,Major District Road,Bitumen(Tar),Dry,No influence on accident,Fine,Magadi Road madavara Road,Madavara,8,0.0,0.0