DISTRICTNAME,UNITNAME,Crime_No,Year,RI,Noofvehicle_involved,Accident_Classification,Accident_Spot,Accident_Location,Accident_SubLocation,Main_Cause,Hit_Run,Severity,Collision_Type,Junction_Control,Road_Character,Road_Type,Surface_Type,Surface_Condition,Road_Condition,Weather,Accident_Road,Landmark_first,Distance_LandMark_First,Latitude,Longitude
Bengaluru Dist,Nelamangala Traffic PS,1.04422e+16,2022,1,2,Road Accidents,Narrow road,Rural Areas,Open area,Human Error,No,Simple Injury,Vehicle to Vehicle,Uncontrolled,Straight and flat,NH,Bitumen(Tar),Dry,No influence on accident,Fine,NH,MALLARABANAVADI,3KM,0.0,0.0
Bengaluru Dist,Nelamangala Traffic PS,1.04422e+16,2022,1,1,Road Accidents,Not Applicable,Rural Areas,Open area,Human Error,Yes,Fatal,Vehicle to Vehicle,Police / Manual,Straight and flat,NH,Bitumen(Tar),Dry,No influence on accident,Fine,TUMKUR BENGALURU NH 48 ROAD,ANCHEPALYA  SERVICE ROAD,12,0.0,0.0
Bengaluru Dist,Nelamangala Traffic PS,1.04422e+16,2022,1,2,Road Accidents,Not Applicable,Rural Areas,Open area,Human Error,Yes,Simple Injury,Vehicle to Vehicle,Uncontrolled,Straight and flat,NH,Bitumen(Tar),Dry,No influence on accident,Clear,BENGALURU TUMAKURU NH-48  ROAD,NEAR SATYAM HOTEL,12 KM,13.181212,77.289736
Bengaluru Dist,Nelamangala Traffic PS,1.04422e+16,2022,1,2,Road Accidents,Narrow road,Rural Areas,Open area,Human Error,Yes,Fatal,Vehicle to Vehicle,Not at  Junction,Straight and flat,NH,Bitumen(Tar),Dry,No influence on accident,Fine,TUMAKURU BENGALURU NH 48 ROAD,Dasanapura,4,13.076305,77.4345769
Bengaluru Dist,Nelamangala Traffic PS,1.04422e+16,2022,1,2,Road Accidents,Not Applicable,Rural Areas,Open area,Human Error,No,Fatal,Vehicle to Vehicle,Not at  Junction,Not Applicable,NH,Bitumen(Tar),Dry,No influence on accident,Fine,Kunigal Nelamangala nh 75 road,Burugamaradapalya near Cadburrys factory,6,13.062784,77.3309089
Bengaluru Dist,Nelamangala Traffic PS,1.04422e+16,2022,1,2,Road Accidents,Not Applicable,City/Town,Open area,Human Error,No,Grievous Injury,Vehicle to Vehicle,Uncontrolled,Straight and flat,NH,Bitumen(Tar),Dry,No influence on accident,Fine,NH,JAKKASANDRA CROSSS,1KM,13.09475,77.389182
Bengaluru Dist,Nelamangala Traffic PS,1.04422e+16,2022,1,1,Road Accidents,Not Applicable,Rural Areas,Open area,Human Error,Yes,Fatal,Hit pedestrian,Not at  Junction,Curve,NH,Bitumen(Tar),Dry,No influence on accident,Fine,Kunigal Nelamangala nh 75 service road,v v s garden,4,13.093775,77.378685
Bengaluru Dist,Nelamangala Traffic PS,1.04422e+16,2022,1,1,Road Accidents,Narrow road,Rural Areas,Open area,Human Error,No,Damage Only,Vehicle to Vehicle,Not at  Junction,Not Applicable,NH,Bitumen(Tar),Dry,Not Applicable,Clear,NH48 SERVICE ROAD,MAKALI BUS STAND,10 KMS,13.064457,77.455745
Bengaluru Dist,Nelamangala Traffic PS,1.04422e+16,2022,1,2,Road Accidents,Narrow road,Rural Areas,Open area,Human Error,Yes,Grievous Injury,Vehicle to Vehicle,Uncontrolled,Straight and flat,NH,Bitumen(Tar),Dry,No influence on accident,Fine,NH,BOMMANAHALLI,3KM,13.124697,77.364988
Bengaluru Dist,Nelamangala Traffic PS,1.04422e+16,2022,1,2,Road Accidents,Not Applicable,Rural Areas,Open area,Human Error,Yes,Fatal,Vehicle to Vehicle,Not Applicable,Straight and flat,NH,Bitumen(Tar),Dry,No influence on accident,Fine,BENGALURU TUMAKURU NH 48 ROAD,TIPPAGONDANAHALLI,8,13.15909,77.324199
Bengaluru Dist,Nelamangala Traffic PS,1.04422e+16,2022,1,2,Road Accidents,Cross roads,Rural Areas,Near or inside a village,Human Error,No,Simple Injury,Vehicle to Vehicle,Uncontrolled,Straight and flat,NH,Bitumen(Tar),Dry,No influence on accident,Fine,BENGALURU TUMAKURU  NH-48 ROAD,NEAR KEREKATTIGANURU CROSS,13 KM,13.188484,77.281284
Bengaluru Dist,Nelamangala Traffic PS,1.04422e+16,2022,1,2,Road Accidents,Not Applicable,Rural Areas,Open area,Human Error,No,Fatal,Vehicle to Vehicle,Uncontrolled,Straight and flat,NH,Bitumen(Tar),Dry,Pot holed,Fine,BENGALORE -TUMKUR NH-48 ROAD HALENIGAL,15FT,22 KM,13.257104,77.212702
Bengaluru Dist,Nelamangala Traffic PS,1.04422e+16,2022,1,1,Road Accidents,Narrow road,Rural Areas,Open area,Human Error,No,Grievous Injury,Hit bicyclist,Uncontrolled,Straight and flat,NH,Bitumen(Tar),Dry,No influence on accident,Fine,NH,KULUVANAHALLI,10KM,13.176535,77.296984
Bengaluru Dist,Nelamangala Traffic PS,1.04422e+16,2022,1,2,Road Accidents,Narrow road,Rural Areas,Open area,Human Error,No,Damage Only,Vehicle to Vehicle,Uncontrolled,Straight and flat,NH,Bitumen(Tar),Dry,No influence on accident,Fine,NH,T BEGRUR,7KM,13.151063,77.338749
Bengaluru Dist,Nelamangala Traffic PS,1.04422e+16,2022,1,2,Road Accidents,Not Applicable,City/Town,Near a factory industrial area,Human Error,No,Simple Injury,Vehicle to Vehicle,Uncontrolled,Straight and flat,NH,Bitumen(Tar),Dry,No influence on accident,Clear,NELAMANGALA KUNIGAL NH 75 ROAD,OPPT PVT LTD FACTORY,3 KM,13.07886,77.367269
Bengaluru Dist,Nelamangala Traffic PS,1.04422e+16,2022,1,2,Road Accidents,Circle,City/Town,Near or inside a village,Not Applicable,No,Simple Injury,Vehicle to Vehicle,Police / Manual,Others,State Highway,Not Applicable,Dry,Not Applicable,Clear,Basavanahalli Road,AMBEDKER CIRCLE,2.5 KM,13.110596,77.388704
Bengaluru Dist,Nelamangala Traffic PS,1.04422e+16,2022,1,1,Road Accidents,Not Applicable,Rural Areas,Near office complex,Human Error,No,Fatal,Vehicle to Vehicle,Uncontrolled,Straight and flat,NH,Bitumen(Tar),Dry,Not Applicable,Fine,TUMAKURU BENGALURU NH 48 ROAD,15 FT,8 KM,13.065281,77.454504
Bengaluru Dist,Nelamangala Traffic PS,1.04422e+16,2022,1,2,Road Accidents,Narrow road,City/Town,Open area,Human Error,No,Grievous Injury,Vehicle to Vehicle,Uncontrolled,Straight and flat,NH,Bitumen(Tar),Dry,No influence on accident,Fine,NH,ADAKAMARANAHALLI,6KM,13.070659,77.445082
Bengaluru Dist,Nelamangala Traffic PS,1.04422e+16,2022,1,1,Road Accidents,Narrow road,Rural Areas,Open area,Human Error,No,Grievous Injury,Not Applicable,Uncontrolled,Straight and flat,NH,Bitumen(Tar),Dry,Not Applicable,Fine,NH,NEAR SUBHASH NAGARA,2KM,13.097664,77.399737
Bengaluru Dist,Nelamangala Traffic PS,1.04422e+16,2022,1,1,Road Accidents,Narrow road,Rural Areas,Near a factory industrial area,Not Applicable,No,Simple Injury,Not Applicable,Police / Manual,Others,NH,Not Applicable,Dry,Not Applicable,Clear,TUMKUR BANGALORE NH-048 ROAD,OPPVOLVA FACTORY,5 KM,13.130114,77.35978
Bengaluru Dist,Nelamangala Traffic PS,1.04422e+16,2022,1,2,Road Accidents,Not Applicable,Rural Areas,Near office complex,Human Error,Yes,Fatal,Vehicle to Vehicle,Uncontrolled,Straight and flat,NH,Bitumen(Tar),Dry,Not Applicable,Fine,BENAGALORE-TUMKUR NH48 SERVICE ROAD DEVANNANAPALYA NEAR SUB RIGSTER,15FT,3 KM,13.075456,77.436536
Bengaluru Dist,Nelamangala Traffic PS,1.04422e+16,2022,1,2,Road Accidents,Narrow road,Rural Areas,Open area,Human Error,No,Damage Only,Vehicle to Vehicle,Uncontrolled,Straight and flat,NH,Bitumen(Tar),Dry,No influence on accident,Fine,NH,KULUVANAHALLI,15,13.175645,77.2990749
Bengaluru Dist,Nelamangala Traffic PS,1.04422e+16,2022,1,2,Road Accidents,Narrow road,City/Town,Open area,Not Applicable,No,Simple Injury,Vehicle to Vehicle,Police / Manual,Others,NH,Not Applicable,Dry,Not Applicable,Clear,BENGALURU TUMAKURU NH-48 ROAD,DASANAPURA FLYOVER,6 KM,13.077284,77.432422
Bengaluru Dist,Nelamangala Traffic PS,1.04422e+16,2022,1,2,Road Accidents,Not Applicable,Rural Areas,Open area,Human Error,No,Simple Injury,Vehicle to Vehicle,Police / Manual,Straight and flat,NH,Bitumen(Tar),Dry,No influence on accident,Clear,TUMKURU BANGALORE NH 48 ROAD,MADAVARA,12 KM,13.057393,77.473894
Bengaluru Dist,Nelamangala Traffic PS,1.04422e+16,2022,1,2,Road Accidents,Not Applicable,Rural Areas,Near Petrol Pump,Human Error,No,Simple Injury,Vehicle to Vehicle,Police / Manual,Straight and flat,NH,Bitumen(Tar),Dry,No influence on accident,Fine,TUMKURU BANGALORE NH 48 ROAD,MAHIMAPURA GATE,14,13.180617,77.2897259
Bengaluru Dist,Nelamangala Traffic PS,1.04422e+16,2022,1,1,Rail Road Accidents,Not Applicable,Rural Areas,Open area,Human Error,No,Grievous Injury,Hit pedestrian,Police / Manual,Straight and flat,NH,Bitumen(Tar),Dry,Not Applicable,Fine,TUMKURU BANGALORE NH 48 HIGHWAY ROAD,CHIKKABIDARA KALLU,13 KM,13.051221,77.4909679
Bengaluru Dist,Nelamangala Traffic PS,1.04422e+16,2022,1,2,Road Accidents,Narrow road,Rural Areas,Open area,Human Error,No,Grievous Injury,Vehicle to Vehicle,Uncontrolled,Straight and flat,NH,Bitumen(Tar),Dry,No influence on accident,Fine,NH,DODDERI,12KM,13.170286,77.309261
Bengaluru Dist,Nelamangala Traffic PS,1.04422e+16,2022,1,2,Road Accidents,Not Applicable,Rural Areas,Open area,Human Error,No,Simple Injury,Vehicle to Vehicle,Police / Manual,Not Applicable,NH,Bitumen(Tar),Dry,Not Applicable,Fine,KUNIGAL NELAMANGALA NH 75 ROAD,SEETHARAMABHATTARAPALYA,8 KM,13.06184,77.332908
Bengaluru Dist,Nelamangala Traffic PS,1.04422e+16,2022,1,2,Road Accidents,Narrow road,City/Town,Open area,Human Error,No,Grievous Injury,Vehicle to Vehicle,Uncontrolled,Straight and flat,NH,Bitumen(Tar),Dry,No influence on accident,Fine,NH,BINNAMANGALA,3KM,13.085921,77.411849
Bengaluru Dist,Nelamangala Traffic PS,1.04422e+16,2022,1,1,Road Accidents,Not Applicable,Rural Areas,Near Hospital,Not Applicable,Yes,Grievous Injury,Hit pedestrian,Uncontrolled,Straight and flat,NH,Bitumen(Tar),Dry,Not Applicable,Others,OPP ABHYA VASHITA HOSPITAL MADANAYAKANAHALLI,OPP ABHYA VASHITA HOSPITAL MADANAYAKANAHALLI,8 K M,13.061588,77.4611219
Bengaluru Dist,Nelamangala Traffic PS,1.04422e+16,2022,1,2,Road Accidents,Not Applicable,Rural Areas,Open area,Human Error,No,Grievous Injury,Vehicle to Vehicle,Police / Manual,Straight and flat,NH,Bitumen(Tar),Dry,No influence on accident,Fine,BANGALORE TUMKURU NH 48 SERVICE ROAD,TCI BUS STAND,10 KM,13.059075,77.465764
Bengaluru Dist,Nelamangala Traffic PS,1.04422e+16,2022,1,1,Road Accidents,Not Applicable,Rural Areas,Open area,Human Error,No,Damage Only,Vehicle to Vehicle,Police / Manual,Straight and flat,NH,Bitumen(Tar),Dry,No influence on accident,Fine,BANGALORE TUMKUR NH 48 ROAD,DABASPETE,20 KM,13.22795,77.241357
Bengaluru Dist,Nelamangala Traffic PS,1.04422e+16,2022,1,2,Road Accidents,Not Applicable,Rural Areas,Open area,Human Error,No,Simple Injury,Vehicle to Vehicle,Police / Manual,Straight and flat,Others,Bitumen(Tar),Dry,No influence on accident,Fine,SHIVANAPURA ROAD,GEJJAGADAHALLI CIRCLE,4 KM,13.111763,77.377381
Bengaluru Dist,Nelamangala Traffic PS,1.04422e+16,2022,1,1,Road Accidents,Not Applicable,Rural Areas,Open area,Human Error,No,Simple Injury,Vehicle to Vehicle,Police / Manual,Straight and flat,NH,Bitumen(Tar),Dry,No influence on accident,Fine,TUMKURU BANGALORE NH 48 ROAD,KUNIGAL CIRCLE FLYOVER,1 KM,13.100716,77.383211
Bengaluru Dist,Nelamangala Traffic PS,1.04422e+16,2022,1,2,Road Accidents,Not Applicable,Rural Areas,Open area,Human Error,No,Simple Injury,Vehicle to Vehicle,Police / Manual,Straight and flat,NH,Bitumen(Tar),Dry,No influence on accident,Fine,TUMAKURU - BANGALORE NH 48 HIGHWAY ROAD,DASANUPURA,5 KM,13.0751,77.436789
Bengaluru Dist,Nelamangala Traffic PS,1.04422e+16,2022,1,2,Road Accidents,Not Applicable,City/Town,Near Bus stop,Human Error,Not Applicable,Damage Only,Vehicle to Vehicle,Uncontrolled,Straight and flat,NH,Bitumen(Tar),Dry,No influence on accident,Clear,TUMAKURU BENGALURU NH-48 ROAD,UNDER SKYWALK,8 KM,13.064719,77.45498
Bengaluru Dist,Nelamangala Traffic PS,1.04422e+16,2022,1,2,Road Accidents,Not Applicable,Rural Areas,Open area,Human Error,No,Damage Only,Vehicle to Vehicle,Police / Manual,Straight and flat,Others,Bitumen(Tar),Dry,No influence on accident,Fine,NICE ROAD MADAVARA OPP BIEC,MADAVARA VILLAGE,10 KM,13.057224,77.473643
Bengaluru Dist,Nelamangala Traffic PS,1.04422e+16,2022,1,1,Road Accidents,Narrow road,Rural Areas,Open area,Human Error,No,Grievous Injury,Hit pedestrian,Not at  Junction,Not Applicable,NH,Bitumen(Tar),Dry,No influence on accident,Clear,NH48  ROAD,DABASPETE,17KMS,13.058283,77.470235
Bengaluru Dist,Nelamangala Traffic PS,1.04422e+16,2022,1,2,Road Accidents,Narrow road,City/Town,Open area,Human Error,No,Damage Only,Vehicle to Vehicle,Uncontrolled,Straight and flat,NH,Bitumen(Tar),Dry,No influence on accident,Fine,NH,CHIKKABIDARAKALLU,12KM,13.051162,77.4897
Bengaluru Dist,Nelamangala Traffic PS,1.04422e+16,2022,1,2,Road Accidents,Not Applicable,Rural Areas,Near a factory industrial area,Human Error,Not Applicable,Simple Injury,Vehicle to Vehicle,Uncontrolled,Straight and flat,NH,Bitumen(Tar),Dry,No influence on accident,Clear,TUMAKURU BENGALURU NH-48  ROAD,OPPT PAWARIKA FACTORY,4 KM,13.119344,77.3706
Bengaluru Dist,Nelamangala Traffic PS,1.04422e+16,2022,1,1,Road Accidents,Not Applicable,City/Town,Near office complex,Human Error,Not Applicable,Simple Injury,Hit pedestrian,Uncontrolled,Straight and flat,NH,Bitumen(Tar),Dry,No influence on accident,Clear,BENGALURU TUMAKURU  NH-48 ROAD,OPPT BUS STAND,3 KM,13.115225,77.37369
Bengaluru Dist,Nelamangala Traffic PS,1.04422e+16,2022,1,1,Road Accidents,Circle,Rural Areas,Open area,Human Error,No,Grievous Injury,Hit pedestrian,Stop sign,Straight and flat,NH,Bitumen(Tar),Dry,Not Applicable,Clear,NH48  ROAD,BOMMANAHALLI U TURN,3KMS,13.121468,77.368235
Bengaluru Dist,Nelamangala Traffic PS,1.04422e+16,2022,1,1,Road Accidents,Not Applicable,Rural Areas,Open area,Human Error,Yes,Fatal,Hit pedestrian,Not at  Junction,Not Applicable,NH,Bitumen(Tar),Dry,No influence on accident,Fine,BENGALURU TUMAKURU NH 48 ROAD,opposit Jennith glass factory,1,13.100704,77.383329
Bengaluru Dist,Nelamangala Traffic PS,1.04422e+16,2022,1,1,Road Accidents,Circle,Rural Areas,Near Bus stop,Human Error,No,Simple Injury,Not Applicable,Uncontrolled,Straight and flat,Mixed,Bitumen(Tar),Dry,No influence on accident,Clear,KUNIGAL NELAMANGALA ROAD,OPPT AMBEDKAR CIRCLE,1.5 KM,13.099889,77.3913759
Bengaluru Dist,Nelamangala Traffic PS,1.04422e+16,2022,1,2,Road Accidents,Narrow road,City/Town,Open area,Human Error,No,Damage Only,Vehicle to Vehicle,Uncontrolled,Straight and flat,Others,Bitumen(Tar),Dry,No influence on accident,Fine,NICE ROAD,GANGONDANAHALLI  BRIDGE,12KM,13.027457,77.475498
Bengaluru Dist,Nelamangala Traffic PS,1.04422e+16,2022,1,2,Road Accidents,Curves,Rural Areas,Narrow bridge or culverts,Human Error,No,Damage Only,Vehicle to Vehicle,Uncontrolled,Straight and flat,NH,Bitumen(Tar),Dry,No influence on accident,Clear,BENGALURU TUMAKURU  NH-48 ROAD,RAYARAPALYA GATE U TURN,25 KM,13.249786,77.221182
Bengaluru Dist,Nelamangala Traffic PS,1.04422e+16,2022,1,2,Road Accidents,Circle,City/Town,Near Petrol Pump,Human Error,No,Simple Injury,Vehicle to Vehicle,Uncontrolled,Straight and flat,NH,Bitumen(Tar),Dry,No influence on accident,Clear,BENGALURU TUMAKURU  NH-48 SERVICE ROAD,NEAR INDIAN OIL BUNK,1 KM,13.098829,77.385542
Bengaluru Dist,Nelamangala Traffic PS,1.04422e+16,2022,1,1,Road Accidents,Narrow road,Rural Areas,Open area,Human Error,No,Grievous Injury,Not Applicable,Not Applicable,Straight and flat,NH,Bitumen(Tar),Dry,Not Applicable,Clear,NH48  ROAD,DABASPETE,20KMS,13.233186,77.240065
Bengaluru Dist,Nelamangala Traffic PS,1.04422e+16,2022,1,3,Road Accidents,Not Applicable,City/Town,Open area,Human Error,No,Damage Only,Vehicle to Vehicle,Uncontrolled,Straight and flat,NH,Bitumen(Tar),Dry,No influence on accident,Clear,TUMAKURU BENGALURU NH-48  ROAD,OPPT DASANAPURA AGARWAL HOTEL,5 KM,13.073743,77.439441
Bengaluru Dist,Nelamangala Traffic PS,1.04422e+16,2022,1,1,Road Accidents,Circle,City/Town,Open area,Human Error,No,Simple Injury,Not Applicable,Uncontrolled,Straight and flat,NH,Bitumen(Tar),Dry,No influence on accident,Fine,NH,MADAVARA,10KM,13.056514,77.473725
Bengaluru Dist,Nelamangala Traffic PS,1.04422e+16,2022,1,2,Road Accidents,Not Applicable,Rural Areas,Near or inside a village,Human Error,Yes,Fatal,Vehicle to Vehicle,Uncontrolled,Straight and flat,NH,Bitumen(Tar),Dry,Not Applicable,Fine,kunigal- Nelamangala NH 75 ROAD,NEAR TOLL,5 KM,13.097355,77.384737
Bengaluru Dist,Nelamangala Traffic PS,1.04422e+16,2022,1,2,Road Accidents,Not Applicable,Rural Areas,Near School or College,Human Error,No,Damage Only,Vehicle to Vehicle,Police / Manual,Straight and flat,NH,Bitumen(Tar),Dry,No influence on accident,Fine,BANGALORE - TUMKURU NH 48 ROAD,TIPPAGONDANAHALLI U TURN,7 K,13.159908,77.323448
Bengaluru Dist,Nelamangala Traffic PS,1.04422e+16,2022,1,1,Road Accidents,Narrow road,Rural Areas,Open area,Human Error,No,Damage Only,Not Applicable,Uncontrolled,Straight and flat,NH,Bitumen(Tar),Dry,No influence on accident,Fine,NH,HANUMANTHAPURA,15KM,13.188972,77.280198
Bengaluru Dist,Nelamangala Traffic PS,1.04422e+16,2022,1,1,Road Accidents,Narrow road,City/Town,Open area,Human Error,No,Grievous Injury,Hit pedestrian,Uncontrolled,Straight and flat,NH,Bitumen(Tar),Dry,No influence on accident,Fine,NH,KUNIGLA CIRCLE,1KM,13.097246,77.386267
Bengaluru Dist,Nelamangala Traffic PS,1.04422e+16,2022,1,2,Road Accidents,Not Applicable,Rural Areas,Open area,Human Error,No,Grievous Injury,Vehicle to Vehicle,Police / Manual,Straight and flat,NH,Bitumen(Tar),Dry,No influence on accident,Fine,BANGALORE TUMKURU NH 48 SERVICE ROAD,TCI UNDER PASS,12 KM,13.058521,77.467738
Bengaluru Dist,Nelamangala Traffic PS,1.04422e+16,2022,1,2,Road Accidents,Not Applicable,Rural Areas,Open area,Human Error,No,Damage Only,Vehicle to Vehicle,Police / Manual,Straight and flat,NH,Bitumen(Tar),Dry,No influence on accident,Fine,TUMKUR BANGALORE NH 48 ROAD,MARENAHALLI CROSS,6 KM,0.0,0.0
Bengaluru Dist,Nelamangala Traffic PS,1.04422e+16,2022,1,2,Road Accidents,Not Applicable,Rural Areas,Open area,Human Error,No,Grievous Injury,Vehicle to Vehicle,Police / Manual,Straight and flat,Others,Bitumen(Tar),Dry,No influence on accident,Fine,NELAMANGALA BH ROAD,PETE BEEDI,1 KM,13.10066,77.390835
Bengaluru Dist,Nelamangala Traffic PS,1.04422e+16,2022,1,2,Road Accidents,Not Applicable,Rural Areas,Near Bus stop,Human Error,No,Fatal,Vehicle to Vehicle,Uncontrolled,Straight and flat,NH,Bitumen(Tar),Dry,Not Applicable,Fine,BENGALORE- TUMKUR NH48 ROAD DEVANNANAPALYA,DEVANNANAPALYA,4 KM,13.077016,77.431585
Bengaluru Dist,Nelamangala Traffic PS,1.04422e+16,2022,1,2,Road Accidents,Curves,Rural Areas,Open area,Human Error,No,Simple Injury,Vehicle to Vehicle,Police / Manual,Curve,NH,Bitumen(Tar),Dry,No influence on accident,Fine,TUMKURU  BANGALORE NH 48 SERVICE ROAD,ALUR CROSS,8 KM,13.064854,77.454091
Bengaluru Dist,Nelamangala Traffic PS,1.04422e+16,2022,1,2,Road Accidents,Not Applicable,Rural Areas,Open area,Human Error,No,Grievous Injury,Vehicle to Vehicle,Police / Manual,Straight and flat,NH,Bitumen(Tar),Dry,No influence on accident,Fine,BANGALORE TUMKURU NH 48 SERVICE ROAD,KUNIGAL CIRCLE,1 KM,13.098315,77.385815
Bengaluru Dist,Nelamangala Traffic PS,1.04422e+16,2022,1,2,Road Accidents,Circle,Rural Areas,Near office complex,Not Applicable,No,Grievous Injury,Vehicle to Vehicle,Uncontrolled,Straight and flat,NH,Bitumen(Tar),Dry,Not Applicable,Fine,Sodekoppa road NH48 Tumkur - bengalore,sondekoppa,1 KM,13.09295,77.394122
Bengaluru Dist,Nelamangala Traffic PS,1.04422e+16,2022,1,2,Road Accidents,Not Applicable,Rural Areas,Open area,Human Error,No,Damage Only,Vehicle to Vehicle,Police / Manual,Straight and flat,NH,Bitumen(Tar),Dry,No influence on accident,Clear,NELAMANGALA - KUNIGAL NH 75 ROAD,YANTAGANAHALLI,6 KM,0.0,0.0
Bengaluru Dist,Nelamangala Traffic PS,1.04422e+16,2022,1,2,Road Accidents,Not Applicable,Rural Areas,Open area,Human Error,No,Grievous Injury,Vehicle to Vehicle,Police / Manual,Straight and flat,NH,Bitumen(Tar),Dry,No influence on accident,Fine,BANGALORE TUMKUR NH 48 ROAD,PRAVASI DABA,8 KM,13.137583,77.352456
Bengaluru Dist,Nelamangala Traffic PS,1.04422e+16,2022,1,1,Road Accidents,Not Applicable,Rural Areas,Open area,Human Error,Yes,Fatal,Hit pedestrian,Not at  Junction,Straight and flat,NH,Bitumen(Tar),Dry,No influence on accident,Not Applicable,Bengaluru Tumakuru nh 48   road,jastoll,1,0.0,0.0
Bengaluru Dist,Nelamangala Traffic PS,1.04422e+16,2022,1,1,Road Accidents,Cross roads,City/Town,Open area,Human Error,No,Grievous Injury,Hit pedestrian,Uncontrolled,Straight and flat,Others,Bitumen(Tar),Dry,No influence on accident,Fine,OTHERS,BHINNAMANGALA,3KM,0.0,0.0
Bengaluru Dist,Nelamangala Traffic PS,1.04422e+16,2022,1,2,Road Accidents,Narrow road,Rural Areas,Open area,Human Error,No,Damage Only,Vehicle to Vehicle,Uncontrolled,Straight and flat,NH,Bitumen(Tar),Flooded,No influence on accident,Fine,NH,JASS TOLL,10KM,0.0,0.0
Bengaluru Dist,Nelamangala Traffic PS,1.04422e+16,2022,1,2,Road Accidents,Not Applicable,Rural Areas,Open area,Human Error,No,Simple Injury,Vehicle to Vehicle,Police / Manual,Straight and flat,NH,Bitumen(Tar),Dry,No influence on accident,Fine,NELAMANGALA KUNIGAL NH 75 ROAD,YANTAGANAHALLI,5 KM,13.061439,77.343003
Bengaluru Dist,Nelamangala Traffic PS,1.04422e+16,2022,1,2,Road Accidents,Not Applicable,Rural Areas,Open area,Human Error,No,Fatal,Vehicle to Vehicle,Not at  Junction,Straight and flat,NH,Bitumen(Tar),Dry,No influence on accident,Fine,Nelamangala Kunigal NH 75 Road,Honnasandra cross,6,13.060682,77.337443
Bengaluru Dist,Nelamangala Traffic PS,1.04422e+16,2022,1,1,Road Accidents,Narrow road,Rural Areas,Open area,Human Error,No,Grievous Injury,Hit pedestrian,No signal lights,Straight and flat,NH,Bitumen(Tar),Not Applicable,Not Applicable,Clear,NH48  ROAD,NEAR PRAVASI DHABA,6KMS,13.138607,77.352068
Bengaluru Dist,Nelamangala Traffic PS,1.04422e+16,2022,1,1,Road Accidents,Not Applicable,Rural Areas,Open area,Human Error,No,Fatal,Not Applicable,Uncontrolled,Straight and flat,NH,Bitumen(Tar),Dry,Not Applicable,Fine,TUMKUR-BENGALORE NH-48  ARISHINAKUNTTE FLYOVER,15 FT,5 KM,13.083826,77.415813
Bengaluru Dist,Nelamangala Traffic PS,1.04422e+16,2022,1,1,Road Accidents,Not Applicable,Rural Areas,Near a factory industrial area,Human Error,Yes,Simple Injury,Hit bicyclist,Uncontrolled,Straight and flat,NH,Bitumen(Tar),Dry,No influence on accident,Fine,TUMAKURU BENGALURU NH-48  ROAD,NEAR EDEHALLI BUS STOP,15 KM,13.214484,77.2554449
Bengaluru Dist,Nelamangala Traffic PS,1.04422e+16,2022,1,2,Road Accidents,Not Applicable,Rural Areas,Near a factory industrial area,Human Error,Yes,Fatal,Vehicle to Vehicle,Uncontrolled,Straight and flat,NH,Bitumen(Tar),Dry,Not Applicable,Fine,BENAGALORE-TUMKUR NH48 DELKAR FACTORY,NEAR FACTORY,4,13.112321,77.376729
Bengaluru Dist,Nelamangala Traffic PS,1.04422e+16,2022,1,3,Road Accidents,Not Applicable,Rural Areas,Near or inside a village,Human Error,Yes,Fatal,Vehicle to Vehicle,Uncontrolled,Straight and flat,NH,Bitumen(Tar),Dry,Pot holed,Fine,BENGALORE- TUMKUR NH48  NEAR KULUVANAHALLI SRD LIGSITIK,15 FT,15  KM,13.178022,77.294518
Bengaluru Dist,Nelamangala Traffic PS,1.04422e+16,2022,1,2,Road Accidents,Not Applicable,Rural Areas,Open area,Human Error,No,Damage Only,Vehicle to Vehicle,Uncontrolled,Straight and flat,NH,Bitumen(Tar),Dry,No influence on accident,Clear,TUMAKURU BANGALORE NH 48 ROAD,NEAR JAI HIND HOTEL,20 KM,13.21267,77.257619
Bengaluru Dist,Nelamangala Traffic PS,1.04422e+16,2022,1,2,Road Accidents,Not Applicable,Rural Areas,Open area,Human Error,Yes,Fatal,Hit bicyclist,Not at  Junction,Others,NH,Bitumen(Tar),Dry,No influence on accident,Fine,BENGALURU TUMAKURU NH 48 ROAD,yedehalli,20,13.217367,77.252492
Bengaluru Dist,Nelamangala Traffic PS,1.04422e+16,2022,1,1,Road Accidents,Not Applicable,Rural Areas,Open area,Human Error,No,Simple Injury,Not Applicable,Police / Manual,Straight and flat,NH,Bitumen(Tar),Dry,No influence on accident,Fine,TUMKURU BANGALORE NH 48 ROAD,KULUVANAHALLI,10 KM,13.173345,77.3037
Bengaluru Dist,Nelamangala Traffic PS,1.04422e+16,2022,1,2,Road Accidents,Not Applicable,Rural Areas,Near Petrol Pump,Human Error,Yes,Fatal,Vehicle to Vehicle,Uncontrolled,Straight and flat,NH,Bitumen(Tar),Dry,Not Applicable,Not Applicable,BENAGALORE-TUMKUR NH48  NEAR PETROL PUMP,15FT,23 KM,13.246958,77.226169
Bengaluru Dist,Nelamangala Traffic PS,1.04422e+16,2022,1,1,Road Accidents,Not Applicable,Rural Areas,Near or inside a village,Human Error,No,Fatal,Not Applicable,Uncontrolled,Straight and flat,NH,Bitumen(Tar),Dry,Not Applicable,Fine,TUMKUR-BENGALORE NH48 SERVICE ROAD MADAVARA BIEC,NEAR VILLAGE,8 KM,13.056459,77.474195
Bengaluru Dist,Nelamangala Traffic PS,1.04422e+16,2022,1,2,Road Accidents,Narrow road,City/Town,Near or inside a village,Human Error,Yes,Grievous Injury,Vehicle to Vehicle,Uncontrolled,Straight and flat,NH,Bitumen(Tar),Dry,No influence on accident,Fine,OTHERS,ASHRAMA BUS STOP,3KM,13.081236,77.419563
Bengaluru Dist,Nelamangala Traffic PS,1.04422e+16,2022,1,3,Road Accidents,Not Applicable,Rural Areas,Open area,Human Error,No,Grievous Injury,Vehicle to Vehicle,Police / Manual,Straight and flat,NH,Bitumen(Tar),Dry,No influence on accident,Fine,TUMKURU BANGALORE NH 48 ROAD,ARISHINAKUNTE,2 KM,13.077769,77.430147
Bengaluru Dist,Nelamangala Traffic PS,1.04422e+16,2022,1,2,Road Accidents,Not Applicable,Rural Areas,Near School or College,Human Error,No,Damage Only,Vehicle to Vehicle,Police / Manual,Straight and flat,NH,Bitumen(Tar),Dry,No influence on accident,Fine,TUMKURU BANGALORE NH 48 ROAD,MADAVARA,10 KM,0.0,0.0