DISTRICTNAME,UNITNAME,Crime_No,Year,RI,Noofvehicle_involved,Accident_Classification,Accident_Spot,Accident_Location,Accident_SubLocation,Main_Cause,Hit_Run,Severity,Collision_Type,Junction_Control,Road_Character,Road_Type,Surface_Type,Surface_Condition,Road_Condition,Weather,Accident_Road,Landmark_first,Distance_LandMark_First,Latitude,Longitude
Bengaluru Dist,Nelamangala Traffic PS,1.04422e+16,2023,1,2,Road Accidents,Not Applicable,Rural Areas,Open area,Human Error,No,Fatal,Vehicle to Vehicle,Uncontrolled,Straight and flat,NH,Bitumen(Tar),Dry,No influence on accident,Fine,Bengaluru Tumakuru NH 48 Road,Near Kengal Kempohalli,10Kms,13.207834,77.261854
Bengaluru Dist,Nelamangala Traffic PS,1.04422e+16,2023,1,2,Road Accidents,Circle,Rural Areas,Open area,Not Applicable,No,Grievous Injury,Vehicle to Vehicle,Uncontrolled,Straight and flat,NH,Bitumen(Tar),Dry,Not Applicable,Others,NH 48 SERVIEC ROAD NEAR SONDEKOPPA CIRCLE,SONDEKOPPA CIRCLE,5 K M,0.0,0.0
Bengaluru Dist,Nelamangala Traffic PS,1.04422e+16,2023,1,1,Road Accidents,Not Applicable,Rural Areas,Open area,Human Error,No,Simple Injury,Hit pedestrian,Police / Manual,Straight and flat,Others,Bitumen(Tar),Dry,No influence on accident,Fine,SONDEKOPPA NELAMANGALA ROAD,NELAMAGALA TOWN,4 KM,13.087845,77.3938
Bengaluru Dist,Nelamangala Traffic PS,1.04422e+16,2023,1,1,Road Accidents,Not Applicable,Rural Areas,Open area,Human Error,No,Simple Injury,Vehicle to Vehicle,Police / Manual,Straight and flat,NH,Bitumen(Tar),Dry,No influence on accident,Fine,BANGALORE TUMKURU NH 48 SERVICE ROAD,TCI BUS STAND,14 KM,13.059314,77.464535
Bengaluru Dist,Nelamangala Traffic PS,1.04422e+16,2023,1,2,Road Accidents,Not Applicable,Rural Areas,Open area,Human Error,No,Simple Injury,Vehicle to Vehicle,Police / Manual,Straight and flat,NH,Bitumen(Tar),Dry,Not Applicable,Clear,TUMKURU BANGALORE NH 48 ROAD,JASS TOLL,1 KM,13.111592,77.377597
Bengaluru Dist,Nelamangala Traffic PS,1.04422e+16,2023,1,2,Road Accidents,Not Applicable,Rural Areas,Open area,Human Error,No,Simple Injury,Vehicle to Vehicle,Police / Manual,Curve,Others,Bitumen(Tar),Dry,No influence on accident,Fine,MAGDI MADAVARA NICE ROAD,MADAVARA,15 KM,13.055053,77.4763839
Bengaluru Dist,Nelamangala Traffic PS,1.04422e+16,2023,1,1,Road Accidents,Not Applicable,Rural Areas,Open area,Human Error,No,Simple Injury,Vehicle to Vehicle,Police / Manual,Straight and flat,NH,Bitumen(Tar),Dry,No influence on accident,Fine,TUMKURU BANGALORE NH 48 ROAD,TIPPAGONDANAHALLI BUS STOP,5 KM,13.15861,77.325489
Bengaluru Dist,Nelamangala Traffic PS,1.04422e+16,2023,1,2,Road Accidents,Not Applicable,Rural Areas,Open area,Human Error,No,Grievous Injury,Vehicle to Vehicle,Police / Manual,Straight and flat,Others,Bitumen(Tar),Dry,Not Applicable,Clear,NELAMANGALA BANGALORE BH ROAD,NELAMAGALA TOWN,4 KM,13.098128,77.394912
Bengaluru Dist,Nelamangala Traffic PS,1.04422e+16,2023,1,2,Road Accidents,Curves,Rural Areas,Open area,Human Error,No,Simple Injury,Vehicle to Vehicle,Police / Manual,Curve,NH,Bitumen(Tar),Dry,No influence on accident,Fine,BANGALORE TUMKURU NH 48 SERVICE ROAD,DABASPETE,20 KM,13.229553,77.243491
Bengaluru Dist,Nelamangala Traffic PS,1.04422e+16,2023,1,1,Road Accidents,Not Applicable,Rural Areas,Open area,Human Error,No,Damage Only,Vehicle to Vehicle,Police / Manual,Straight and flat,Others,Bitumen(Tar),Others,No influence on accident,Clear,NELAR JAYAPRASAD NURSING HOME,SUBASH NAGARA,5 KM,0.0,0.0
Bengaluru Dist,Nelamangala Traffic PS,1.04422e+16,2023,1,2,Road Accidents,Not Applicable,Rural Areas,Open area,Human Error,No,Simple Injury,Vehicle to Vehicle,Police / Manual,Straight and flat,NH,Bitumen(Tar),Dry,Not Applicable,Fine,BANGALORE - TUMKURU NH 48 ROAD,KUNIGAL CIRCLE,4 KM,13.095029,77.389149
Bengaluru Dist,Nelamangala Traffic PS,1.04422e+16,2023,1,2,Road Accidents,Not Applicable,Rural Areas,Open area,Human Error,No,Simple Injury,Vehicle to Vehicle,Police / Manual,Straight and flat,NH,Bitumen(Tar),Dry,No influence on accident,Fine,BANGALORE TUMKURU NH 48 ROAD,NELAMAGALA TOWN,3 KM,13.091903,77.396746
Bengaluru Dist,Nelamangala Traffic PS,1.04422e+16,2023,1,2,Road Accidents,Not Applicable,Rural Areas,Open area,Human Error,No,Fatal,Vehicle to Vehicle,Police / Manual,Straight and flat,NH,Bitumen(Tar),Dry,No influence on accident,Fine,Bengaluru Tumakuru nh 48   road,makali bus stand,5,0.0,0.0
Bengaluru Dist,Nelamangala Traffic PS,1.04422e+16,2023,1,2,Road Accidents,Not Applicable,Rural Areas,Open area,Human Error,No,Simple Injury,Vehicle to Vehicle,Police / Manual,Straight and flat,NH,Bitumen(Tar),Dry,No influence on accident,Fine,BANGALORE TUMKURU NH 48 ROAD,YADEHALLI,12 KM,13.220835,77.247888
Bengaluru Dist,Nelamangala Traffic PS,1.04422e+16,2023,1,2,Road Accidents,Not Applicable,Rural Areas,Open area,Human Error,No,Simple Injury,Vehicle to Vehicle,Police / Manual,Straight and flat,NH,Bitumen(Tar),Dry,No influence on accident,Clear,BANGALORE TUMKURU NH 48 ROAD,SUBHASH NAGARA,6 KM,13.080774,77.42194
Bengaluru Dist,Nelamangala Traffic PS,1.04422e+16,2023,1,1,Road Accidents,Narrow road,City/Town,Open area,Human Error,No,Fatal,Hit pedestrian,Not at  Junction,Straight and flat,NH,Bitumen(Tar),Dry,No influence on accident,Fine,Bangalore tumkuru NH-48 service Road,Danojipalya oppsite tirumala Dhaba,3,0.0,0.0
Bengaluru Dist,Nelamangala Traffic PS,1.04422e+16,2023,1,1,Road Accidents,Offset,Rural Areas,Open area,Human Error,No,Simple Injury,Not Applicable,Police / Manual,Straight and flat,NH,Bitumen(Tar),Dry,No influence on accident,Clear,TUMKURU BANGALORE NH 48 ROAD,DEVANNAPALYA,10 KM,0.0,0.0
Bengaluru Dist,Nelamangala Traffic PS,1.04422e+16,2023,1,2,Road Accidents,Not Applicable,Rural Areas,Open area,Human Error,No,Grievous Injury,Vehicle to Vehicle,Uncontrolled,Straight and flat,NH,Bitumen(Tar),Dry,Not Applicable,Fine,TUMKUR- BENGALORE NH48 ROAD,NEAR BILLINAKOE,15 KM,13.197354,77.272196
Bengaluru Dist,Nelamangala Traffic PS,1.04422e+16,2023,1,1,Road Accidents,Junction,Rural Areas,Near Bus stop,Human Error,No,Grievous Injury,Hit pedestrian,Uncontrolled,Not Applicable,NH,Bitumen(Tar),Dry,Not Applicable,Others,NELAMANGALA BUS STOP,NEAR BUS STAND,5 KM,13.091256,77.398991
Bengaluru Dist,Nelamangala Traffic PS,1.04422e+16,2023,1,2,Road Accidents,Not Applicable,Rural Areas,Near Petrol Pump,Human Error,No,Grievous Injury,Vehicle to Vehicle,Uncontrolled,Straight and flat,NH,Bitumen(Tar),Dry,Not Applicable,Fine,TUMKUR - BENGALORE NH48 ROAD,ADAKAMARANAHALLI BHARTH PETROL BUNK,10 KM,13.067386,77.450557
Bengaluru Dist,Nelamangala Traffic PS,1.04422e+16,2023,1,2,Road Accidents,Not Applicable,Rural Areas,Open area,Human Error,No,Grievous Injury,Vehicle to Vehicle,Uncontrolled,Straight and flat,NH,Bitumen(Tar),Dry,Not Applicable,Others,BENGALORE- TUMKUR NH48 SERVICE ROAD,NEAR RNS MOTORS SHOWROOM,5 KM,13.080103,77.400833
Bengaluru Dist,Nelamangala Traffic PS,1.04422e+16,2023,1,2,Road Accidents,Not Applicable,Rural Areas,Open area,Human Error,No,Grievous Injury,Vehicle to Vehicle,Uncontrolled,Straight and flat,NH,Bitumen(Tar),Dry,Not Applicable,Fine,TUMKUR - BENGALORE NH48 ROAD,HANUMANTHAPURA GATE,10 KM,13.185642,77.284258
Bengaluru Dist,Nelamangala Traffic PS,1.04422e+16,2023,1,1,Road Accidents,Not Applicable,Rural Areas,Open area,Human Error,No,Grievous Injury,Hit pedestrian,Uncontrolled,Straight and flat,NH,Bitumen(Tar),Dry,Not Applicable,Fine,TUMKUR - BENGALORE NH 48 ROAD,SHEL PETROL BUNK,20  KM,13.051176,77.490574
Bengaluru Dist,Nelamangala Traffic PS,1.04422e+16,2023,1,2,Road Accidents,Not Applicable,Rural Areas,Open area,Human Error,No,Grievous Injury,Vehicle to Vehicle,Uncontrolled,Straight and flat,NH,Bitumen(Tar),Dry,Not Applicable,Fine,KUNIGAL  NELAMANGALA NH 75 ROAD,BAVIKERE CROSS,5 KM,13.184146,77.370234
Bengaluru Dist,Nelamangala Traffic PS,1.04422e+16,2023,1,1,Road Accidents,Not Applicable,City/Town,Open area,Human Error,Not Applicable,Fatal,Not Applicable,Uncontrolled,Straight and flat,NH,Bitumen(Tar),Dry,No influence on accident,Fine,Nelamangala Kunigal NH 75 Road,Near Seetharamabhattarapalya Bridge,08kms,13.061943,77.332316
Bengaluru Dist,Nelamangala Traffic PS,1.04422e+16,2023,1,2,Road Accidents,Not Applicable,Rural Areas,Open area,Human Error,No,Grievous Injury,Vehicle to Vehicle,Uncontrolled,Straight and flat,NH,Bitumen(Tar),Dry,Not Applicable,Fine,TUMKUR - BENGALORE NH48 ROAD OPP DENSO,JOSS TOLL,2 KM,13.056685,77.4731
Bengaluru Dist,Nelamangala Traffic PS,1.04422e+16,2023,1,2,Road Accidents,Not Applicable,Rural Areas,Open area,Human Error,Yes,Simple Injury,Vehicle to Vehicle,Police / Manual,Straight and flat,NH,Bitumen(Tar),Dry,No influence on accident,Fine,BANGALORE TUMKUR NH 48 SERVICE ROAD,ARISHINAKUNTE,3 KM,13.082735,77.417386
Bengaluru Dist,Nelamangala Traffic PS,1.04422e+16,2023,1,2,Road Accidents,Not Applicable,Rural Areas,Open area,Human Error,Yes,Simple Injury,Vehicle to Vehicle,Police / Manual,Straight and flat,NH,Bitumen(Tar),Dry,No influence on accident,Fine,ARISHINAKUNTE ADARSHANAGARA ROAD,ADARSHANAGARA,3 KM,0.0,0.0
Bengaluru Dist,Nelamangala Traffic PS,1.04422e+16,2023,1,1,Road Accidents,Not Applicable,Rural Areas,Open area,Human Error,No,Simple Injury,Vehicle to Vehicle,Police / Manual,Straight and flat,NH,Bitumen(Tar),Dry,No influence on accident,Fine,BANGALORE TUMKURU NH 48 SERVICE ROAD,DANOJIPALYA,2,13.087749,77.405422
Bengaluru Dist,Nelamangala Traffic PS,1.04422e+16,2023,1,1,Road Accidents,Curves,Rural Areas,Open area,Human Error,No,Fatal,Hit pedestrian,Uncontrolled,Straight and flat,NH,Bitumen(Tar),Dry,No influence on accident,Fine,Tumakuru Bengaluru NH 48,Near Sushma Petrol Bunk,02Kms,0.0,0.0
Bengaluru Dist,Nelamangala Traffic PS,1.04422e+16,2023,1,2,Road Accidents,Not Applicable,Rural Areas,Open area,Human Error,No,Damage Only,Vehicle to Vehicle,Police / Manual,Straight and flat,NH,Bitumen(Tar),Dry,No influence on accident,Others,TUMKURU BANGALORE NH 48 ROAD,SUBASHNAGARA,2 KM,0.0,0.0
Bengaluru Dist,Nelamangala Traffic PS,1.04422e+16,2023,1,2,Road Accidents,Not Applicable,Rural Areas,Open area,Human Error,Yes,Damage Only,Vehicle to Vehicle,Police / Manual,Straight and flat,NH,Bitumen(Tar),Dry,No influence on accident,Fine,TUMKURU BANGALORE NH 48 ROAD,JASS TOLL,4 KM,0.0,0.0
Bengaluru Dist,Nelamangala Traffic PS,1.04422e+16,2023,1,1,Road Accidents,Not Applicable,Rural Areas,At pedestrian Crossing,Not Applicable,No,Grievous Injury,Hit pedestrian,Uncontrolled,Straight and flat,NH,Bitumen(Tar),Dry,Not Applicable,Fine,NH48 TUMKUR BENGALORE,CHIKKABIDRACALL,8 K M,13.051395,77.489857
Bengaluru Dist,Nelamangala Traffic PS,1.04422e+16,2023,1,2,Road Accidents,Not Applicable,Rural Areas,Open area,Human Error,No,Simple Injury,Vehicle to Vehicle,Police / Manual,Straight and flat,NH,Bitumen(Tar),Dry,No influence on accident,Fine,TUMKURU BANGALORE NH 48 SERVICE ROAD,ADAKAMARANAHALLI,8 KM,0.0,0.0
Bengaluru Dist,Nelamangala Traffic PS,1.04422e+16,2023,1,2,Road Accidents,Not Applicable,Rural Areas,Open area,Human Error,No,Simple Injury,Vehicle to Vehicle,Police / Manual,Straight and flat,NH,Bitumen(Tar),Dry,No influence on accident,Fine,BANGALORE TUMKURU NH 48 ROAD,DASANAPURA,8 KM,0.0,0.0
Bengaluru Dist,Nelamangala Traffic PS,1.04422e+16,2023,1,2,Road Accidents,Not Applicable,Rural Areas,Open area,Human Error,No,Simple Injury,Vehicle to Vehicle,Police / Manual,Straight and flat,NH,Bitumen(Tar),Dry,Not Applicable,Clear,TUMKUR - BANGALORE NH 48 ROAD,SONDEKOPPA BRIDGE,4 KM,13.094407,77.390429
Bengaluru Dist,Nelamangala Traffic PS,1.04422e+16,2023,1,2,Road Accidents,Not Applicable,Rural Areas,Open area,Human Error,No,Simple Injury,Vehicle to Vehicle,Police / Manual,Straight and flat,NH,Bitumen(Tar),Dry,Not Applicable,Clear,BANGALORE TUMKURU NH 48 ROD,JINDAL,12 KM,13.053265,77.484884
Bengaluru Dist,Nelamangala Traffic PS,1.04422e+16,2023,1,2,Road Accidents,Not Applicable,Rural Areas,Near School or College,Human Error,No,Grievous Injury,Vehicle to Vehicle,Uncontrolled,Straight and flat,NH,Bitumen(Tar),Dry,Not Applicable,Fine,TUMKUR BENGALORE NH48 SERVIC ROAD,NEAR OPP BELIMATA,5 KM,13.094536,77.391536
Bengaluru Dist,Nelamangala Traffic PS,1.04422e+16,2023,1,2,Road Accidents,Not Applicable,Rural Areas,Open area,Human Error,No,Simple Injury,Vehicle to Vehicle,Police / Manual,Straight and flat,NH,Bitumen(Tar),Dry,No influence on accident,Clear,MAGDI MADAVARA NICE ROAD,MADAVARA NICE TOLL,17 KM,0.0,0.0
Bengaluru Dist,Nelamangala Traffic PS,1.04422e+16,2023,1,2,Road Accidents,Not Applicable,Rural Areas,Open area,Human Error,No,Simple Injury,Vehicle to Vehicle,Police / Manual,Straight and flat,NH,Bitumen(Tar),Dry,No influence on accident,Fine,TUMKURU BANGALORE NH 48 ROAD,ADAKAMARANAHALLI,9 KM,0.0,0.0
Bengaluru Dist,Nelamangala Traffic PS,1.04422e+16,2023,1,2,Not Applicable,Not Applicable,Rural Areas,Open area,Human Error,No,Damage Only,Vehicle to Vehicle,Police / Manual,Straight and flat,NH,Bitumen(Tar),Dry,No influence on accident,Clear,BANGALORE TUMKURU NH 48 ROAD,ARISHINAKUNTE BUS STOP NEAR,6,0.0,0.0
Bengaluru Dist,Nelamangala Traffic PS,1.04422e+16,2023,1,2,Road Accidents,Not Applicable,Rural Areas,Open area,Human Error,No,Damage Only,Vehicle to Vehicle,Police / Manual,Straight and flat,NH,Bitumen(Tar),Dry,No influence on accident,Fine,BANGLORE TUMKURU NH 48 ROAD,KENGAL KEMPOHALLI,15 KM,13.204468,77.265206
Bengaluru Dist,Nelamangala Traffic PS,1.04422e+16,2023,1,2,Road Accidents,Not Applicable,Rural Areas,Open area,Human Error,No,Simple Injury,Vehicle to Vehicle,Uncontrolled,Straight and flat,NH,Bitumen(Tar),Dry,Not Applicable,Fine,BENGALORE- TUMKUR NH 48 ROAD,NEAR RAYARAPALYA GATE,20 KM,13.250093,77.221422
Bengaluru Dist,Nelamangala Traffic PS,1.04422e+16,2023,1,3,Road Accidents,Not Applicable,Rural Areas,Near a factory industrial area,Human Error,No,Grievous Injury,Vehicle to Vehicle,Uncontrolled,Straight and flat,NH,Bitumen(Tar),Dry,Not Applicable,Fine,TUMKUR - BENGALORE NH48 ROAD,FRONT OF KABD FACTORY,1 KM,13.002242,77.082965
Bengaluru Dist,Nelamangala Traffic PS,1.04422e+16,2023,1,2,Road Accidents,Junction,Rural Areas,Open area,Human Error,No,Grievous Injury,Vehicle to Vehicle,Uncontrolled,Straight and flat,NH,Bitumen(Tar),Dry,Not Applicable,Fine,BENGALORE - TUMKUR NH 48 ROAD,NEAR TCI UNDER BRIDGE,16 KM,13.58554,77.467365
Bengaluru Dist,Nelamangala Traffic PS,1.04422e+16,2023,1,1,Road Accidents,Not Applicable,Rural Areas,Open area,Human Error,No,Fatal,Not Applicable,Uncontrolled,Straight and flat,NH,Bitumen(Tar),Dry,No influence on accident,Fine,TUMAKURU BANGALORE NH 48  ROAD,kuluvanahalli u turn,10,13.174094,77.302473
Bengaluru Dist,Nelamangala Traffic PS,1.04422e+16,2023,1,2,Road Accidents,Not Applicable,Rural Areas,In bazaar,Human Error,No,Not Applicable,Vehicle to Vehicle,Uncontrolled,Straight and flat,NH,Bitumen(Tar),Dry,Not Applicable,Fine,BENGALORE - TUMKUR NH48 ROAD,NEAR SONDEKOPPA CIRCLE,5 KM,13.091256,77.398991
Bengaluru Dist,Nelamangala Traffic PS,1.04422e+16,2023,1,2,Road Accidents,Not Applicable,Rural Areas,Near a religious place,Human Error,No,Grievous Injury,Vehicle to Vehicle,Uncontrolled,Straight and flat,NH,Bitumen(Tar),Dry,Not Applicable,Fine,TUMKUR - BENGALORE NH48 ROAD,ARISHINAKUNTE CHARCH,7 KM,13.079079,77.42684
Bengaluru Dist,Nelamangala Traffic PS,1.04422e+16,2023,1,2,Road Accidents,Not Applicable,Rural Areas,Near Hospital,Human Error,No,Simple Injury,Vehicle to Vehicle,Uncontrolled,Straight and flat,NH,Bitumen(Tar),Dry,Not Applicable,Fine,BENGALORE - TUMKUR NH48 ROAD,OPP DRASHAYANI CLINIC,6 KM,13.0653,77.454567
Bengaluru Dist,Nelamangala Traffic PS,1.04422e+16,2023,1,2,Road Accidents,Not Applicable,Rural Areas,Open area,Human Error,No,Simple Injury,Vehicle to Vehicle,Uncontrolled,Straight and flat,NH,Bitumen(Tar),Dry,Not Applicable,Fine,KUNIGAL CIRCLE- NELAMANGALA BYPASS,SERVICE ROAD,4 KM,13.097891,77.38579
Bengaluru Dist,Nelamangala Traffic PS,1.04422e+16,2023,1,1,Road Accidents,Not Applicable,Rural Areas,Open area,Human Error,No,Grievous Injury,Hit pedestrian,Uncontrolled,Straight and flat,NH,Bitumen(Tar),Dry,Not Applicable,Fine,BENGALORE - TUMKUR NH48 ROAD,FLYOVER SERVICE ROAD,15 KM,13.225324,77.143221
Bengaluru Dist,Nelamangala Traffic PS,1.04422e+16,2023,1,1,Road Accidents,Not Applicable,Rural Areas,Open area,Human Error,No,Grievous Injury,Hit pedestrian,Uncontrolled,Straight and flat,NH,Bitumen(Tar),Dry,Not Applicable,Fine,TUMKUR - BENGALORE NH48 ROAD,NEAR BHARATHI GATE,15 KM,13.21057,77.259042
Bengaluru Dist,Nelamangala Traffic PS,1.04422e+16,2023,1,2,Road Accidents,Not Applicable,Rural Areas,Open area,Human Error,No,Simple Injury,Vehicle to Vehicle,Police / Manual,Straight and flat,NH,Bitumen(Tar),Dry,No influence on accident,Fine,BANGALORE TUMKURU NH 48 ROAD,KENGAL KEMPOHALLI,25 KM,13.203663,77.2658589
Bengaluru Dist,Nelamangala Traffic PS,1.04422e+16,2023,1,2,Road Accidents,Not Applicable,City/Town,Open area,Human Error,No,Simple Injury,Vehicle to Vehicle,Police / Manual,Straight and flat,NH,Bitumen(Tar),Dry,No influence on accident,Fine,BANGALORE  TUMKURU NH 48 ROAD,T BEGURU,5 KM,13.145045,77.343273
Bengaluru Dist,Nelamangala Traffic PS,1.04422e+16,2023,1,1,Road Accidents,Not Applicable,Rural Areas,Open area,Human Error,No,Simple Injury,Vehicle to Vehicle,Police / Manual,Straight and flat,NH,Bitumen(Tar),Dry,No influence on accident,Fine,BANGALORE TUMKURU NH 48 ROAD,DABASPETE,22 KM,0.0,0.0
Bengaluru Dist,Nelamangala Traffic PS,1.04422e+16,2023,1,3,Road Accidents,Not Applicable,Rural Areas,Open area,Human Error,No,Grievous Injury,Vehicle to Vehicle,Police / Manual,Straight and flat,NH,Bitumen(Tar),Dry,No influence on accident,Fine,TUMKURU BANGALORE NH 48 ROAD,VEERANANJIPURA GATE,3 KM,13.123852,77.365848
Bengaluru Dist,Nelamangala Traffic PS,1.04422e+16,2023,1,2,Road Accidents,Not Applicable,Rural Areas,Open area,Human Error,No,Fatal,Vehicle to Vehicle,Uncontrolled,Straight and flat,NH,Bitumen(Tar),Dry,No influence on accident,Fine,Tumakuru Bengaluru NH 48,Near Mahimapura Gate,12Kms,0.0,0.0
Bengaluru Dist,Nelamangala Traffic PS,1.04422e+16,2023,1,2,Road Accidents,Not Applicable,Rural Areas,Open area,Human Error,No,Simple Injury,Vehicle to Vehicle,Police / Manual,Straight and flat,NH,Bitumen(Tar),Dry,No influence on accident,Fine,BANGALORE  TUMKURU NH 48 ROAD,HOSANIJAGAL,23 KM,0.0,0.0
Bengaluru Dist,Nelamangala Traffic PS,1.04422e+16,2023,1,2,Road Accidents,Not Applicable,Rural Areas,Open area,Human Error,No,Simple Injury,Vehicle to Vehicle,Police / Manual,Straight and flat,NH,Bitumen(Tar),Dry,No influence on accident,Fine,KUNIGAL NELAMANGALA NH 75 ROAD,GUBEKALLAMMA TEMPLE,3 KM,13.06649,77.357961
Bengaluru Dist,Nelamangala Traffic PS,1.04422e+16,2023,1,2,Road Accidents,Not Applicable,Rural Areas,Open area,Human Error,No,Simple Injury,Vehicle to Vehicle,Police / Manual,Straight and flat,NH,Bitumen(Tar),Dry,No influence on accident,Fine,BANGALORE TUMKURU NH 48 ROAD,NELAMANGALA TOWN,1 KM,0.0,0.0
Bengaluru Dist,Nelamangala Traffic PS,1.04422e+16,2023,1,2,Road Accidents,Not Applicable,City/Town,Open area,Human Error,No,Fatal,Vehicle to Vehicle,Uncontrolled,Straight and flat,NH,Bitumen(Tar),Dry,No influence on accident,Fine,Bengaluru Tumakuru NH 48 Service Road,Near Arishinakunte,04Kms,13.080399,77.422098
Bengaluru Dist,Nelamangala Traffic PS,1.04422e+16,2023,1,2,Road Accidents,Not Applicable,Rural Areas,Open area,Human Error,No,Simple Injury,Vehicle to Vehicle,Police / Manual,Straight and flat,NH,Bitumen(Tar),Dry,No influence on accident,Fine,BANGALORE TUMKURU NH 48 SERVICE ROAD,ARISHINAKUNTE,6 KM,13.08007,77.423114
Bengaluru Dist,Nelamangala Traffic PS,1.04422e+16,2023,1,2,Road Accidents,Not Applicable,Rural Areas,Open area,Human Error,No,Simple Injury,Vehicle to Vehicle,Police / Manual,Straight and flat,NH,Bitumen(Tar),Dry,No influence on accident,Fine,BANGALORE - TUMKURU NH 48 ROAD,ARISHINAKUNTE,4 KM,13.078519,77.427251
Bengaluru Dist,Nelamangala Traffic PS,1.04422e+16,2023,1,1,Road Accidents,Not Applicable,Rural Areas,Open area,Human Error,Not Applicable,Fatal,Not Applicable,Police / Manual,Straight and flat,NH,Bitumen(Tar),Dry,No influence on accident,Fine,Bhakthanapalya vishwashanthi layout,Near Rathan School,5,13.099396,77.409649
Bengaluru Dist,Nelamangala Traffic PS,1.04422e+16,2023,1,2,Road Accidents,Not Applicable,Rural Areas,Open area,Human Error,No,Simple Injury,Vehicle to Vehicle,Police / Manual,Straight and flat,NH,Bitumen(Tar),Dry,No influence on accident,Fine,BANGALORE TUMKURU NH 48 ROAD,THONACHINAKUPPE,5 KM,13.139251,77.350332
Bengaluru Dist,Nelamangala Traffic PS,1.04422e+16,2023,1,2,Road Accidents,Not Applicable,Rural Areas,Open area,Human Error,No,Simple Injury,Vehicle to Vehicle,Police / Manual,Curve,Others,Bitumen(Tar),Dry,No influence on accident,Fine,MAGDI MADAVARA NICE ROAD,MADAVARA,12 KM,0.0,0.0
Bengaluru Dist,Nelamangala Traffic PS,1.04422e+16,2023,1,1,Road Accidents,Not Applicable,Rural Areas,Open area,Human Error,No,Simple Injury,Not Applicable,Police / Manual,Straight and flat,NH,Bitumen(Tar),Dry,No influence on accident,Fine,TUMKURU BANGALORE NH 48 SERVICE ROAD,ALUR CROSS,7 KM,0.0,0.0
Bengaluru Dist,Nelamangala Traffic PS,1.04422e+16,2023,1,1,Road Accidents,Not Applicable,Rural Areas,Open area,Human Error,Not Applicable,Fatal,Not Applicable,Uncontrolled,Straight and flat,NH,Bitumen(Tar),Dry,No influence on accident,Fine,Tumakuru Bengaluru NH 48 Road,Near Gundenahalli,08Kms,13.190589,77.279389
Bengaluru Dist,Nelamangala Traffic PS,1.04422e+16,2023,1,1,Road Accidents,Not Applicable,Rural Areas,Near Bus stop,Not Applicable,No,Grievous Injury,Hit pedestrian,Uncontrolled,Straight and flat,Others,Bitumen(Tar),Dry,Not Applicable,Fine,B H ROAD KARANATAKA BANK,BH ROAD NEAR NANDINI BEKARI,4 KM,13.097195,77.397499
Bengaluru Dist,Nelamangala Traffic PS,1.04422e+16,2023,1,2,Road Accidents,Not Applicable,Rural Areas,Narrow bridge or culverts,Not Applicable,No,Grievous Injury,Vehicle to Vehicle,Uncontrolled,Straight and flat,NH,Bitumen(Tar),Dry,Not Applicable,Fine,NH48 ROAD,DASANAPURA UNDER BRIDGE,9 KM,13.076785,77.432912
Bengaluru Dist,Nelamangala Traffic PS,1.04422e+16,2023,1,2,Road Accidents,Not Applicable,Rural Areas,Open area,Not Applicable,No,Grievous Injury,Vehicle to Vehicle,Uncontrolled,Straight and flat,NH,Bitumen(Tar),Dry,Not Applicable,Fine,BH ROAD NELAMANGALA TOWN,B H ROAD NELAMANGALA,6 KM,13.083321,77.418532
Bengaluru Dist,Nelamangala Traffic PS,1.04422e+16,2023,1,2,Road Accidents,Not Applicable,Rural Areas,Open area,Human Error,Yes,Simple Injury,Vehicle to Vehicle,Police / Manual,Straight and flat,NH,Bitumen(Tar),Dry,No influence on accident,Clear,BANGALORE TUMKURU NH 48 SERVICE ROAD,SONDEKOPPA CIRCLE,4 KM,13.092185,77.3956699
Bengaluru Dist,Nelamangala Traffic PS,1.04422e+16,2023,1,2,Road Accidents,Not Applicable,Rural Areas,Open area,Human Error,No,Simple Injury,Vehicle to Vehicle,Police / Manual,Straight and flat,NH,Bitumen(Tar),Dry,No influence on accident,Fine,TUMKURU BANGALORE NH 48 ROAD,YADEHALLI,15 KM,0.0,0.0
Bengaluru Dist,Nelamangala Traffic PS,1.04422e+16,2023,1,2,Road Accidents,Curves,Rural Areas,Near a religious place,Human Error,No,Simple Injury,Vehicle to Vehicle,Police / Manual,Curve,NH,Bitumen(Tar),Dry,No influence on accident,Clear,BANGALORE TUMKURU NH 48 ROAD,T BEGURU,7 KM,0.0,0.0
Bengaluru Dist,Nelamangala Traffic PS,1.04422e+16,2023,1,2,Road Accidents,Not Applicable,Rural Areas,Open area,Human Error,Yes,Simple Injury,Vehicle to Vehicle,Police / Manual,Straight and flat,NH,Bitumen(Tar),Dry,No influence on accident,Fine,TUMKURU BANGALORE NH 48 ROAD,PRAVASI DABA U TURN,3 KM,13.137612,77.352796
Bengaluru Dist,Nelamangala Traffic PS,1.04422e+16,2023,1,3,Road Accidents,Not Applicable,Rural Areas,Open area,Human Error,No,Simple Injury,Vehicle to Vehicle,Police / Manual,Straight and flat,Others,Bitumen(Tar),Dry,No influence on accident,Fine,NELAMANGALA SONDEKOPPA ROAD,NELAMAGALA TOWN,5 KM,13.087211,77.393009
Bengaluru Dist,Nelamangala Traffic PS,1.04422e+16,2023,1,1,Road Accidents,Not Applicable,Rural Areas,Residential area,Human Error,Yes,Grievous Injury,Hit pedestrian,Uncontrolled,Straight and flat,Others,Bitumen(Tar),Dry,Not Applicable,Others,ARISHINAKUNTE BGS COLLAGE ROAD,NEAR COLAGE ROAD,8 KM,0.0,0.0
Bengaluru Dist,Nelamangala Traffic PS,1.04422e+16,2023,1,2,Road Accidents,Not Applicable,Rural Areas,Open area,Human Error,No,Damage Only,Vehicle to Vehicle,Police / Manual,Straight and flat,NH,Bitumen(Tar),Dry,No influence on accident,Fine,BANGALORE TUMKUR NH 48 ROAD,DANOJIPALYA,5 KM,0.0,0.0
Bengaluru Dist,Nelamangala Traffic PS,1.04422e+16,2023,1,1,Road Accidents,Not Applicable,Rural Areas,Open area,Human Error,No,Fatal,Hit pedestrian,Uncontrolled,Straight and flat,NH,Bitumen(Tar),Dry,No influence on accident,Fine,TUMKUR BENGALURU NH 48 ROAD,NEAR THYAMAGONDALU CROSS,8,13.151525,77.337681
Bengaluru Dist,Nelamangala Traffic PS,1.04422e+16,2023,1,1,Road Accidents,Not Applicable,City/Town,Open area,Human Error,No,Fatal,Not Applicable,Not at  Junction,Straight and flat,NH,Bitumen(Tar),Dry,No influence on accident,Fine,tumkur bengaluru nh48 road,jindal womens college,10,13.054225,77.482472