DISTRICTNAME,UNITNAME,Crime_No,Year,RI,Noofvehicle_involved,Accident_Classification,Accident_Spot,Accident_Location,Accident_SubLocation,Main_Cause,Hit_Run,Severity,Collision_Type,Junction_Control,Road_Character,Road_Type,Surface_Type,Surface_Condition,Road_Condition,Weather,Accident_Road,Landmark_first,Distance_LandMark_First,Latitude,Longitude
Bengaluru Dist,Rajanukunte PS,1.04421e+16,2016,1,2,Road Accidents,Other,Rural Areas,Near Petrol Pump,Human Error,No,Damage Only,Head on,Not Applicable,Straight and flat,State Highway,Bitumen(Tar),Dry,Not Applicable,Fine,"Bengaluru-Doddaballapura road, Near Anadha Petrol Bunk",Near Anadha Petrol Bunk,1,0.0,0.0
Bengaluru Dist,Rajanukunte PS,1.04421e+16,2016,1,1,Road Accidents,Other,City/Town,Open area,Human Error,Yes,Grievous Injury,Hit pedestrian,Not Applicable,Others,State Highway,Not Applicable,Not Applicable,Not Applicable,Others,DOddaballapura bangalore road avlahalli kere near,14cqbsclp40DOddaballapura bangalore road avlahalli kere near096437905,4 km,0.0,0.0
Bengaluru Dist,Rajanukunte PS,1.04421e+16,2016,1,2,Road Accidents,Other,Rural Areas,Open area,Human Error,No,Damage Only,Others,Not Applicable,Not Applicable,State Highway,Bitumen(Tar),Dry,Not Applicable,Fine,"Near Suradenapura gate, D B Pura-Bengaluru Main road",Near Suradenapura gate,2,0.0,0.0
Bengaluru Dist,Rajanukunte PS,1.04421e+16,2016,1,2,Road Accidents,Cross roads,Rural Areas,Open area,Human Error,Not Applicable,Grievous Injury,Hit bicyclist,Not Applicable,Others,State Highway,Not Applicable,Not Applicable,Not Applicable,Not Applicable,DOddaballapura bangalore road surdevanapura gate,DOddaballapura bangalore road surdevanapura gate,3KM,0.0,0.0
Bengaluru Dist,Rajanukunte PS,1.04421e+16,2016,1,1,Road Accidents,Other,Rural Areas,Open area,Human Error,No,Not Applicable,Skidding or Self accident,Not Applicable,Straight and flat,Village Road,Bitumen(Tar),Dry,Not Applicable,Fine,"Rlyway underpass, near aradeshahalli",Rlyway underpass,2,0.0,0.0
Bengaluru Dist,Rajanukunte PS,1.04421e+16,2016,1,2,Road Accidents,Other,Rural Areas,Near or inside a village,Human Error,No,Simple Injury,Head on,Not Applicable,Others,State Highway,Bitumen(Tar),Dry,Not Applicable,Fine,"D B Pura-Bengaluru main road, infront of Hero Honda Showroom, rajanakunte",nfront of Hero Honda Showroom,1/2 KM,0.0,0.0
Bengaluru Dist,Rajanukunte PS,1.04421e+16,2016,1,2,Rail Road Accidents,Other,Rural Areas,Residential area,Human Error,No,Grievous Injury,Others,Not Applicable,Others,State Highway,Bitumen(Tar),Others,Not Applicable,Others,Doddaballapura Bangalore main  Road Marasandra,Near Welwarth City Amartmenta Marasandra,5 KM,0.0,0.0
Bengaluru Dist,Rajanukunte PS,1.04421e+16,2016,1,1,Road Accidents,Other,Rural Areas,Open area,Human Error,No,Fatal,Side impact or Right angle,Not Applicable,Steep Incline or Climb,Village Road,Bitumen(Tar),Dry,Not Applicable,Fine,"Near Murarappa land, Channasandra village",Near Murarappa land,5,0.0,0.0
Bengaluru Dist,Rajanukunte PS,1.04421e+16,2016,1,2,Road Accidents,Other,Rural Areas,Open area,Human Error,No,Not Applicable,Others,Not Applicable,Others,Village Road,Bitumen(Tar),Others,Not Applicable,Fine,"Near Kudare Farm, Bettahalasuru Road",Near Kudare Farm,4,0.0,0.0
Bengaluru Dist,Rajanukunte PS,1.04421e+16,2016,1,1,Road Accidents,Not Applicable,Rural Areas,Near or inside a village,Human Error,No,Grievous Injury,Hit pedestrian,Not Applicable,Straight and flat,Village Road,Bitumen(Tar),Dry,Not Applicable,Fine,"Rajanakunte-Byatha road, Dibburu gate, near Muneswara temple",Near Muneswara temple,5,0.0,0.0
Bengaluru Dist,Rajanukunte PS,1.04421e+16,2016,1,2,Road Accidents,Not Applicable,Rural Areas,Open area,Human Error,Yes,Not Applicable,Hit and Run,Not Applicable,Straight and flat,Village Road,Bitumen(Tar),Others,Not Applicable,Fine,Mavallipura-Byalakere road,Mavallipura Byalakere road,6,0.0,0.0
Bengaluru Dist,Rajanukunte PS,1.04421e+16,2016,1,1,Road Accidents,Other,City/Town,Open area,Human Error,Yes,Grievous Injury,Others,Not at  Junction,Straight and flat,State Highway,Not Applicable,Others,Not Applicable,Others,Bangalore doddaballapura road,Bangalore doddaballapura road,1/2 KM,0.0,0.0
Bengaluru Dist,Rajanukunte PS,1.04421e+16,2016,1,3,Road Accidents,Other,Rural Areas,Residential area,Human Error,No,Simple Injury,Head on,Not Applicable,Others,State Highway,Bitumen(Tar),Others,Not Applicable,Others,Bangalore doddaballapura road Nityostva Kalymamamtapa,Near Nityostva Kalyana Mantapa,2KM,0.0,0.0
Bengaluru Dist,Rajanukunte PS,1.04421e+16,2016,1,2,Road Accidents,Not Applicable,Rural Areas,Residential area,Not Applicable,Yes,Grievous Injury,Hit and Run,Not Applicable,Not Applicable,State Highway,Not Applicable,Not Applicable,Not Applicable,Others,Near Senchury Garden,Near Senchury Garden,1,0.0,0.0
Bengaluru Dist,Rajanukunte PS,1.04421e+16,2016,1,2,Road Accidents,Not Applicable,Rural Areas,Open area,Not Applicable,No,Grievous Injury,Not Applicable,Not Applicable,Not Applicable,State Highway,Not Applicable,Not Applicable,Not Applicable,Not Applicable,Near H P Petrol Bank,doddaballapura bangalore road Rajanakunte,1/2 KM,0.0,0.0
Bengaluru Dist,Rajanukunte PS,1.04421e+16,2016,1,2,Road Accidents,Not Applicable,Rural Areas,Residential area,Human Error,No,Damage Only,Not Applicable,Not Applicable,Not Applicable,Village Road,Not Applicable,Not Applicable,Not Applicable,Not Applicable,Bangalore Db Pura Road Near Marasandra Bus Stand,Bangalore Db Pura Road Near Marasandra Bus Stand,8 km,0.0,0.0
Bengaluru Dist,Rajanukunte PS,1.04421e+16,2016,1,2,Road Accidents,Not Applicable,Rural Areas,Open area,Human Error,No,Not Applicable,Not Applicable,Not Applicable,Straight and flat,Village Road,Bitumen(Tar),Others,Not Applicable,Others,"D B Pura Bengaluru road, Rachana Paradise",Rachana Paradise,2,0.0,0.0
Bengaluru Dist,Rajanukunte PS,1.04421e+16,2016,1,2,Rail Road Accidents,Other,Rural Areas,Open area,Human Error,No,Grievous Injury,Others,Not Applicable,Others,Village Road,Bitumen(Tar),Dry,Not Applicable,Fine,Ramagiri Tharahunase road,Ramagiri Tharahunase road,4,0.0,0.0
Bengaluru Dist,Rajanukunte PS,1.04421e+16,2016,1,2,Road Accidents,Not Applicable,Rural Areas,Near a religious place,Human Error,No,Grievous Injury,Others,Not Applicable,Others,State Highway,Bitumen(Tar),Dry,Not Applicable,Fine,SURADENAPURA GATE NEAR,SURADENAPURA GATE NEAR,4,0.0,0.0
Bengaluru Dist,Rajanukunte PS,1.04421e+16,2016,1,2,Road Accidents,Not Applicable,Rural Areas,Open area,Human Error,No,Grievous Injury,Others,Not Applicable,Straight and flat,State Highway,Bitumen(Tar),Dry,Not Applicable,Fine,"Doddaballapura-Bengaluru road, Avalahalli Kere near",Avalahalli Kere near,4,0.0,0.0
Bengaluru Dist,Rajanukunte PS,1.04421e+16,2016,1,2,Road Accidents,Other,Rural Areas,Residential area,Human Error,Not Applicable,Not Applicable,Others,Not Applicable,Straight and flat,State Highway,Bitumen(Tar),Others,Not Applicable,Fine,"D B pura Bengaluru main road, near Marasandra welworth city",Near Marasandra welworth city,3,0.0,0.0
Bengaluru Dist,Rajanukunte PS,1.04421e+16,2016,1,2,Road Accidents,Other,Rural Areas,Near School or College,Human Error,Not Applicable,Simple Injury,Others,Not Applicable,Straight and flat,Village Road,Bitumen(Tar),Others,Not Applicable,Fine,"Bengaluru D B Pura road, Singnayakanahalli near R T Nagara Public scholl",Singnayakanahalli near R T Nagara Public scholl,2,0.0,0.0
Bengaluru Dist,Rajanukunte PS,1.04421e+16,2016,1,2,Road Accidents,Other,Rural Areas,Residential area,Human Error,No,Damage Only,Rear end,Not Applicable,Straight and flat,State Highway,Bitumen(Tar),Dry,Not Applicable,Fine,"Near Aradeshahalli gate, D B Pura-Bengaluru main road",Near Aradeshahalli gate,3,0.0,0.0
Bengaluru Dist,Rajanukunte PS,1.04421e+16,2016,1,2,Road Accidents,Other,Rural Areas,Open area,Human Error,No,Not Applicable,Others,Not Applicable,Straight and flat,State Highway,Bitumen(Tar),Dry,Not Applicable,Fine,"D B Pura Bengaluru Main road, Sri Sailela, Near Coffe day near",Near Coffe day near,3,0.0,0.0
Bengaluru Dist,Rajanukunte PS,1.04421e+16,2016,1,2,Road Accidents,Not Applicable,Rural Areas,Open area,Human Error,No,Damage Only,Head on,Not Applicable,Others,State Highway,Bitumen(Tar),Dry,Not Applicable,Fine,"Bengaluru-Doddaballapura main raod, Avalahalli village, near Bharath Petrol Bunk",Bharath Petrol Bunk near avalahalli,3,0.0,0.0
Bengaluru Dist,Rajanukunte PS,1.04421e+16,2016,1,2,Road Accidents,Not Applicable,Rural Areas,Residential area,Human Error,No,Simple Injury,Not Applicable,Not Applicable,Not Applicable,Not Applicable,Not Applicable,Not Applicable,Not Applicable,Not Applicable,Bangalore db pura Road Near Sayi Lila Hotel,Bangalore db pura Road Near Sayi Lila Hotel,5 KM,0.0,0.0
Bengaluru Dist,Rajanukunte PS,1.04421e+16,2016,1,2,Road Accidents,Other,Rural Areas,Open area,Human Error,No,Fatal,Head on,Not Applicable,Straight and flat,State Highway,Bitumen(Tar),Dry,Not Applicable,Fine,"D B Pura Bengaluru road, Avalahalli Kere Eri mele",Avalahalli Kere mele,5,0.0,0.0
Bengaluru Dist,Rajanukunte PS,1.04421e+16,2016,1,1,Road Accidents,Other,Rural Areas,Residential area,Human Error,No,Grievous Injury,Others,Not Applicable,Not Applicable,Village Road,Bitumen(Tar),Others,Not Applicable,Others,Rajanukunte - Kakol Road,Near Yamuna Bankers,1/2 KM,0.0,0.0
Bengaluru Dist,Rajanukunte PS,1.04421e+16,2016,1,2,Road Accidents,Not Applicable,Rural Areas,Open area,Human Error,No,Fatal,Others,Not Applicable,Straight and flat,State Highway,Bitumen(Tar),Dry,Not Applicable,Fine,"D B Pura-Bengaluru main road, natikoli non-veg hotel near",natikoli non veg hotel near,3,0.0,0.0
Bengaluru Dist,Rajanukunte PS,1.04421e+16,2016,1,2,Road Accidents,Other,Rural Areas,Open area,Human Error,No,Damage Only,Not Applicable,Not Applicable,Others,State Highway,Bitumen(Tar),Dry,Not Applicable,Fine,"Near Century Daba, D B Pura-Bengaluru main road, rajanakunte",Near Century Daba,1,0.0,0.0
Bengaluru Dist,Rajanukunte PS,1.04421e+16,2016,1,2,Road Accidents,Other,Rural Areas,Open area,Human Error,Yes,Not Applicable,Hit and Run,Not Applicable,Straight and flat,Village Road,Bitumen(Tar),Others,Not Applicable,Fine,Subedharpalya near,Subedharpalya near,6,0.0,0.0
Bengaluru Dist,Rajanukunte PS,1.04421e+16,2016,1,2,Road Accidents,Not Applicable,Rural Areas,Near Bus stop,Human Error,No,Damage Only,Others,Not Applicable,Others,State Highway,Bitumen(Tar),Dry,Not Applicable,Fine,"SRIRAMANAHALLI GATE, DODDABALLAPURA-BENGALURU MAIN ROAD",SRIRAMANAHALLI GATE,2,0.0,0.0
Bengaluru Dist,Rajanukunte PS,1.04421e+16,2016,1,1,Road Accidents,Railway crossing,City/Town,Residential area,Human Error,Not Applicable,Grievous Injury,Others,Not Applicable,Others,Village Road,Not Applicable,Others,Not Applicable,Others,Railway gate near pravathipura,pravathipura,1/2 KM,0.0,0.0
Bengaluru Dist,Rajanukunte PS,1.04421e+16,2016,1,2,Road Accidents,Cross roads,Rural Areas,Near or inside a village,Human Error,Not Applicable,Grievous Injury,Not Applicable,Not Applicable,Not Applicable,State Highway,Not Applicable,Others,Not Applicable,Not Applicable,Doddaballapura Bangalore main  Road surdevanapura gate,Doddaballapura Bangalore main  Road surdevanapura gate,5 KM,0.0,0.0
Bengaluru Dist,Rajanukunte PS,1.04421e+16,2016,1,1,Road Accidents,Other,Rural Areas,Open area,Human Error,Yes,Grievous Injury,Hit and Run,Not Applicable,Straight and flat,State Highway,Bitumen(Tar),Dry,Not Applicable,Fine,"D.B.Pura-Bengaluru Main Road, Near Rachana Bar &, Restorent, Hesaragatta",Near Rachana Bar &  Restorent,2,0.0,0.0
Bengaluru Dist,Rajanukunte PS,1.04421e+16,2016,1,2,Road Accidents,Other,Rural Areas,Near School or College,Human Error,Yes,Grievous Injury,Others,Not Applicable,Not Applicable,State Highway,Bitumen(Tar),Dry,Not Applicable,Fine,"INFRONT OF BMSIT COLLAGE GATE, D B PURA - BENGALURU ROAD",INFRONT OF BMSIT COLLAGE GATE,4,0.0,0.0
Bengaluru Dist,Rajanukunte PS,1.04421e+16,2016,1,1,Road Accidents,Other,Rural Areas,Open area,Human Error,No,Simple Injury,Skidding or Self accident,Not Applicable,Straight and flat,State Highway,Bitumen(Tar),Dry,Not Applicable,Fine,"Bengaluru-Doddaballapura main road, infront of Angsana resort",Infront of Angsana resort,1 par,0.0,0.0
Bengaluru Dist,Rajanukunte PS,1.04421e+16,2016,1,1,Road Accidents,Not Applicable,Rural Areas,Near Bus stop,Human Error,No,Simple Injury,Others,Not at  Junction,Straight and flat,State Highway,Bitumen(Tar),Dry,Not Applicable,Fine,"Bengaluru-DB Pura Main road, Near Honnenahalli Bus Stand",Near Honnenahalli Bus Stand,1,0.0,0.0
Bengaluru Dist,Rajanukunte PS,1.04421e+16,2016,1,2,Road Accidents,Other,Rural Areas,Open area,Human Error,No,Grievous Injury,Not Applicable,Not Applicable,Not Applicable,Not Applicable,Not Applicable,Not Applicable,Not Applicable,Not Applicable,Kakolu Bytha Road Munikrishnappa Garden,Kakolu Bytha Road Munikrishnappa Garden,5 KM,0.0,0.0
Bengaluru Dist,Rajanukunte PS,1.04421e+16,2016,1,1,Not Applicable,Cross roads,Rural Areas,Residential area,Human Error,Not Applicable,Damage Only,Skidding or Self accident,Uncontrolled,Curve,Village Road,Not Applicable,Others,Not Applicable,Not Applicable,ADDEVISHAVANATHPUR RAJANUKUNTE ROAD,Addevvishavanathpur Rajanukunte road,2KM,0.0,0.0
Bengaluru Dist,Rajanukunte PS,1.04421e+16,2016,1,2,Road Accidents,Other,Rural Areas,Open area,Human Error,No,Grievous Injury,Others,Not at  Junction,Not Applicable,Village Road,Bitumen(Tar),Others,Not Applicable,Others,mailappanahalli,infront of Aswatappa form,04km,0.0,0.0
Bengaluru Dist,Rajanukunte PS,1.04421e+16,2016,1,2,Road Accidents,Not Applicable,Rural Areas,Near Bus stop,Human Error,No,Damage Only,Not Applicable,Not Applicable,Straight and flat,State Highway,Bitumen(Tar),Dry,Not Applicable,Fine,"ARADESHANAHALLI GATE,BENGALURU-DODDABALLAPURA MAIN ROAD",ARADESHANAHALLI GATE,3,0.0,0.0
Bengaluru Dist,Rajanukunte PS,1.04421e+16,2016,1,2,Road Accidents,Other,City/Town,Residential area,Human Error,Not Applicable,Grievous Injury,Overturning,Not Applicable,Others,State Highway,Not Applicable,Others,Not Applicable,Not Applicable,Doddaballapura Yalahanka  main  Road namatha transport near,Doddaballapura Yalahanka  main  Road namatha transport near,3 KM,0.0,0.0
Bengaluru Dist,Rajanukunte PS,1.04421e+16,2016,1,2,Road Accidents,Junction,Rural Areas,Residential area,Human Error,Not Applicable,Simple Injury,Others,Not Applicable,Others,State Highway,Not Applicable,Others,Not Applicable,Not Applicable,MARASANDRA VILLEGE,MARASANDRA VILLEGE,4km,0.0,0.0
Bengaluru Dist,Rajanukunte PS,1.04421e+16,2016,1,2,Road Accidents,Other,City/Town,Residential area,Human Error,Not Applicable,Grievous Injury,Overturning,Not Applicable,Not Applicable,State Highway,Not Applicable,Not Applicable,Not Applicable,Not Applicable,YALAHANKA DODDABALLAPURA ROAD AVALHALLI NEAR,YALAHANKA DODDABALLAPURA ROAD AVALHALLI NEAR,4km,0.0,0.0
Bengaluru Dist,Rajanukunte PS,1.04421e+16,2016,1,4,Road Accidents,Not Applicable,Rural Areas,Open area,Human Error,No,Grievous Injury,Others,Not Applicable,Straight and flat,State Highway,Bitumen(Tar),Dry,Construction Work / Material,Fine,"Bengaluru-D B Pura Road, Sriramanahalli Gate near",Sriramanahalli Gate near,2,0.0,0.0
Bengaluru Dist,Rajanukunte PS,1.04421e+16,2016,1,2,Road Accidents,Cross roads,Rural Areas,Open area,Human Error,Yes,Grievous Injury,Others,Not Applicable,Others,Village Road,Not Applicable,Others,Not Applicable,Not Applicable,Rajanukunte kakolu road dibburu gate,Rajanukunte kakolu road dibburu gate,4km,0.0,0.0
Bengaluru Dist,Rajanukunte PS,1.04421e+16,2016,1,1,Road Accidents,Cross roads,Rural Areas,Near Bus stop,Human Error,No,Grievous Injury,Hit pedestrian,Not Applicable,Straight and flat,State Highway,Bitumen(Tar),Dry,Not Applicable,Fine,"Bengaluru-Doddaballapura road, Near Sriramanahalli",Near Sriramanahalli,2,0.0,0.0
Bengaluru Dist,Rajanukunte PS,1.04421e+16,2016,1,2,Road Accidents,Other,Rural Areas,Near School or College,Human Error,No,Simple Injury,Others,Uncontrolled,Others,Village Road,Bitumen(Tar),Others,Not Applicable,Clear,Rajanukunte Doddaballapura Road,In Fornt Of Rajanukunte Police station,200 mt,0.0,0.0
Bengaluru Dist,Rajanukunte PS,1.04421e+16,2016,1,2,Not Applicable,Cross roads,Rural Areas,Near School or College,Human Error,Not Applicable,Not Applicable,Not Applicable,No signal lights,Others,State Highway,Not Applicable,Not Applicable,Pot holed,Not Applicable,DOddaballapura bangalore road ardeshhalli gate,DOddaballapura bangalore road ardeshhalli gate,3km,0.0,0.0
Bengaluru Dist,Rajanukunte PS,1.04421e+16,2016,1,2,Road Accidents,Not Applicable,Rural Areas,Residential area,Human Error,No,Grievous Injury,Not Applicable,Not Applicable,Not Applicable,State Highway,Not Applicable,Not Applicable,Not Applicable,Not Applicable,Bangalore db pura Road Near Kadatanamale Gate,Bangalore db pura Road Near Kadatanamale Gate,3 km,0.0,0.0
Bengaluru Dist,Rajanukunte PS,1.04421e+16,2016,1,2,Road Accidents,Circle,Rural Areas,Residential area,Human Error,Not Applicable,Not Applicable,Others,Not at  Junction,Others,State Highway,Not Applicable,Others,Not Applicable,Others,D B Pura Bengaluru Main Road marsandra villege,D B Pura Bengaluru Main Road marsandra villege,5 KM,0.0,0.0
Bengaluru Dist,Rajanukunte PS,1.04421e+16,2016,1,1,Road Accidents,Cross roads,City/Town,Near Petrol Pump,Human Error,Not Applicable,Grievous Injury,Hit pedal cyclist,Not Applicable,Curve,State Highway,Bitumen(Tar),Not Applicable,Not Applicable,Others,Bangalore doddaballapura road,Bangalore doddaballapura road,4km,0.0,0.0
Bengaluru Dist,Rajanukunte PS,1.04421e+16,2016,1,2,Road Accidents,Other,Rural Areas,Near Bus stop,Not Applicable,No,Grievous Injury,Head on,Not Applicable,Others,State Highway,Bitumen(Tar),Others,Not Applicable,Not Applicable,Infront of Annapurneshwari Hotel,Near Hotel,1/2 KM,0.0,0.0
Bengaluru Dist,Rajanukunte PS,1.04421e+16,2016,1,1,Road Accidents,Cross roads,Rural Areas,Near Petrol Pump,Human Error,Not Applicable,Simple Injury,Others,Not Applicable,Others,State Highway,Not Applicable,Others,Not Applicable,Others,Doddaballapura Bangalore main  Road kadatanamale,doddaballapura bangalore road kadatanamale,4km,0.0,0.0
Bengaluru Dist,Rajanukunte PS,1.04421e+16,2016,1,2,Road Accidents,Other,Rural Areas,Near a recreation place/cinema,Human Error,Yes,Grievous Injury,Hit and Run,Not Applicable,Straight and flat,State Highway,Bitumen(Tar),Dry,Not Applicable,Fine,"Infront of Abaya Anjaneyaswamy temple, Suradenapura gate, D B Pura-Bengaluru road,",Infront of Abaya Anjaneyaswamy temple,4,0.0,0.0
Bengaluru Dist,Rajanukunte PS,1.04421e+16,2017,1,2,Road Accidents,Cross roads,City/Town,Open area,Human Error,No,Simple Injury,Others,Not Applicable,Straight and flat,State Highway,Bitumen(Tar),Dry,Not Applicable,Fine,D B Pura Bengaluru Main Road Near  Aradeshahalli Gate,Aradeshahalli,4 KM,0.0,0.0
Bengaluru Dist,Rajanukunte PS,1.04421e+16,2017,1,2,Road Accidents,Other,Rural Areas,Near or inside a village,Human Error,Yes,Simple Injury,Hit and Run,Not Applicable,Straight and flat,State Highway,Bitumen(Tar),Dry,Not Applicable,Fine,"D B Pura-Bengaluru road, Near Marasandra village",Near Marasandra village,5,0.0,0.0
Bengaluru Dist,Rajanukunte PS,1.04421e+16,2017,1,2,Road Accidents,Other,Rural Areas,Near or inside a village,Human Error,No,Grievous Injury,Others,Not Applicable,Not Applicable,State Highway,Bitumen(Tar),Not Applicable,Not Applicable,Others,"Bengaluru-D B Pura road, near Avalahalli",Near Avalahalli,5 km,0.0,0.0
Bengaluru Dist,Rajanukunte PS,1.04421e+16,2017,1,1,Road Accidents,Not Applicable,Rural Areas,Open area,Human Error,No,Fatal,Others,Not Applicable,Not Applicable,State Highway,Bitumen(Tar),Not Applicable,Not Applicable,Others,"D B Pura Bengaluru road, near Aradeshahalli gate",near Aradeshahalli gate,5 KM,0.0,0.0
Bengaluru Dist,Rajanukunte PS,1.04421e+16,2017,1,2,Road Accidents,Bridge,Rural Areas,Narrow bridge or culverts,Human Error,No,Simple Injury,Overturning,Not Applicable,Curve,Village Road,Bitumen(Tar),Dry,Not Applicable,Fine,"RAJANAKUNTE-THIMMASANDRA ROAD,RAJANAKUNTE VILLAGE FLY -OVER BRIDGE",RAJANAKUNTE VILLAGE FLY OVER BRIDGE,1,0.0,0.0
Bengaluru Dist,Rajanukunte PS,1.04421e+16,2017,1,2,Road Accidents,Not Applicable,Rural Areas,Open area,Human Error,No,Damage Only,Others,Not Applicable,Others,State Highway,Bitumen(Tar),Dry,Not Applicable,Fine,"Bengaluru D B Pura road, Near Honnenahalli",Near Honnenahalli,2 KM,0.0,0.0
Bengaluru Dist,Rajanukunte PS,1.04421e+16,2017,1,2,Road Accidents,Bridge,Villages settlement,Narrow bridge or culverts,Human Error,Not Applicable,Fatal,Head on,Uncontrolled,Curve,NH,Bitumen(Tar),Dry,Not Applicable,Fine,NH,Addiganahalli Fly Over Bridge,0.5 km,0.0,0.0
Bengaluru Dist,Rajanukunte PS,1.04421e+16,2017,1,2,Road Accidents,Other,Rural Areas,Near or inside a village,Human Error,No,Not Applicable,Others,Not Applicable,Straight and flat,State Highway,Bitumen(Tar),Dry,Construction Work / Material,Fine,"Bengaluru-D B Pura road, Near RTO Cross",Near RTO Cross,3km,0.0,0.0
Bengaluru Dist,Rajanukunte PS,1.04421e+16,2017,1,2,Road Accidents,Other,Rural Areas,Near or inside a village,Human Error,No,Simple Injury,Others,Not Applicable,Straight and flat,State Highway,Bitumen(Tar),Not Applicable,Not Applicable,Fine,"D B Pura - Bengaluru Road, Near Silver Ook",Near Silver Ook,2,0.0,0.0
Bengaluru Dist,Rajanukunte PS,1.04421e+16,2017,1,2,Road Accidents,Other,Rural Areas,Near or inside a village,Human Error,Yes,Grievous Injury,Hit and Run,Not Applicable,Others,Village Road,Bitumen(Tar),Dry,Not Applicable,Fine,"Haniyu-Gowdahalli road, Beside of Haniyuru Bund",Beside of Haniyuru Bund,8,0.0,0.0
Bengaluru Dist,Rajanukunte PS,1.04421e+16,2017,1,2,Road Accidents,Circle,City/Town,Near Bus stop,Human Error,No,Grievous Injury,Right Turn Collision,Not at  Junction,Not Applicable,State Highway,Bitumen(Tar),Dry,No influence on accident,Fine,"Near Avalahalli Bus Stand,Infront of M H Petorl Bunk",Avalahalli village,4 km,0.0,0.0
Bengaluru Dist,Rajanukunte PS,1.04421e+16,2017,1,2,Road Accidents,Other,Rural Areas,Open area,Human Error,Not Applicable,Not Applicable,Others,Not Applicable,Straight and flat,State Highway,Bitumen(Tar),Dry,Not Applicable,Fine,Sriramanahalli village,Near Sriramanahalli Gate,03 km,0.0,0.0
Bengaluru Dist,Rajanukunte PS,1.04421e+16,2017,1,1,Road Accidents,Other,Rural Areas,Near or inside a village,Human Error,No,Grievous Injury,Others,Not Applicable,Straight and flat,Village Road,Bitumen(Tar),Dry,Not Applicable,Fine,"Tharahunase Thimmasandra road, Near Rajanna Service Station, Jala hobli, Bengaluru north taluk",harahunase Thimmasandra road,4 km,0.0,0.0
Bengaluru Dist,Rajanukunte PS,1.04421e+16,2017,1,2,Road Accidents,Other,Rural Areas,Near or inside a village,Human Error,No,Not Applicable,Others,Not Applicable,Straight and flat,Village Road,Bitumen(Tar),Dry,Not Applicable,Fine,"RAJANAKUNTE MYLAPPANAHALLI ROAD, NEAR NAYAKA FACTORY",NEAR NAYAKA FACTORY,5,0.0,0.0
Bengaluru Dist,Rajanukunte PS,1.04421e+16,2017,1,2,Road Accidents,Other,Rural Areas,Near or inside a village,Human Error,No,Damage Only,Not Applicable,Not Applicable,Straight and flat,State Highway,Bitumen(Tar),Others,Not Applicable,Not Applicable,Near Sai Leela Hotel,Near Sai Leela Hotel,3,0.0,0.0
Bengaluru Dist,Rajanukunte PS,1.04421e+16,2017,1,1,Road Accidents,Narrow road,Villages settlement,Open area,Human Error,Not Applicable,Fatal,Head on,Uncontrolled,Others,State Highway,Bitumen(Tar),Others,Not Applicable,Fine,Bengaluru Doddaballapura,Silver Oak Resorts,0.5 KM,0.0,0.0
Bengaluru Dist,Rajanukunte PS,1.04421e+16,2017,1,2,Road Accidents,Other,Rural Areas,Near or inside a village,Human Error,Not Applicable,Damage Only,Others,Not Applicable,Not Applicable,Village Road,Bitumen(Tar),Others,Not Applicable,Fine,"Rajanakunrte-Madure Road, Seresandra village, near Mutturayaswami temple",Near Mutturayaswami temple,15 KM,0.0,0.0
Bengaluru Dist,Rajanukunte PS,1.04421e+16,2017,1,2,Road Accidents,Other,Rural Areas,Near or inside a village,Human Error,Not Applicable,Not Applicable,Others,Not Applicable,Straight and flat,Village Road,Bitumen(Tar),Dry,Not Applicable,Fine,"RAJANAKUNTE-BYATHA ROAD, ITAGALPURA CROSS,HESARAGHATTA HOBLI, BENGALURU NORTH TALUK",ITAGALPURA CROSS,3,0.0,0.0
Bengaluru Dist,Rajanukunte PS,1.04421e+16,2017,1,2,Road Accidents,Not Applicable,Rural Areas,Near or inside a village,Human Error,No,Grievous Injury,Others,Not Applicable,Straight and flat,Village Road,Bitumen(Tar),Others,Not Applicable,Fine,"Byatha-Rajanakunte road, near Ittagalpura cross",near Ittagalpura cross,3,0.0,0.0
Bengaluru Dist,Rajanukunte PS,1.04421e+16,2017,1,2,Road Accidents,Not Applicable,Rural Areas,Near Bus stop,Human Error,No,Grievous Injury,Rear end,Not Applicable,Straight and flat,State Highway,Bitumen(Tar),Dry,Not Applicable,Fine,"Bengaluru D B Pura road, Sriramanahalli gate",Sriramanahalli gate,2,0.0,0.0