DISTRICTNAME,UNITNAME,Crime_No,Year,RI,Noofvehicle_involved,Accident_Classification,Accident_Spot,Accident_Location,Accident_SubLocation,Main_Cause,Hit_Run,Severity,Collision_Type,Junction_Control,Road_Character,Road_Type,Surface_Type,Surface_Condition,Road_Condition,Weather,Accident_Road,Landmark_first,Distance_LandMark_First,Latitude,Longitude
Bengaluru Dist,Rajanukunte PS,1.04421e+16,2017,1,2,Road Accidents,Other,Rural Areas,Near or inside a village,Human Error,No,Not Applicable,Not Applicable,Not Applicable,Straight and flat,State Highway,Surfaced,Others,Construction Work / Material,Fine,"Bengaluru- D B Pura, Near Amogha foodcourt",Near Amogha foodcourt,2,0.0,0.0
Bengaluru Dist,Rajanukunte PS,1.04421e+16,2017,1,2,Road Accidents,Not Applicable,City/Town,Near office complex,Not Applicable,No,Not Applicable,Not Applicable,Not Applicable,Straight and flat,State Highway,Bitumen(Tar),Dry,Not Applicable,Fine,D B Pura Bengaluru Main Road Infront of Canara Bank Rajanakunte,Infront of Canara Bank Rajanakunte,1/2 KM,0.0,0.0
Bengaluru Dist,Rajanukunte PS,1.04421e+16,2017,1,2,Road Accidents,Other,Rural Areas,Near or inside a village,Human Error,No,Grievous Injury,Right Turn Collision,Not Applicable,Straight and flat,State Highway,Bitumen(Tar),Dry,Not Applicable,Fine,"Bengaluru-D B Pura road, Rachana Paradise infront",Rachana Paradise infront,3,0.0,0.0
Bengaluru Dist,Rajanukunte PS,1.04421e+16,2017,1,2,Road Accidents,Other,Rural Areas,Near or inside a village,Human Error,No,Fatal,Head on,Not Applicable,Straight and flat,State Highway,Bitumen(Tar),Dry,Not Applicable,Fine,"D B Pura-Bengaluru road, Marasandra village, near Dhavanagere Benne Dose hotel",Dhavanagere Benne Dose hotel,5,0.0,0.0
Bengaluru Dist,Rajanukunte PS,1.04421e+16,2017,1,2,Road Accidents,Not Applicable,Rural Areas,Near School or College,Human Error,No,Damage Only,Head on,Not Applicable,Straight and flat,Village Road,Bitumen(Tar),Dry,Not Applicable,Fine,Near Navachetana public school Singanayakanahalli-Madappanahalli road,Near Navachetana public school,4 km,0.0,0.0
Bengaluru Dist,Rajanukunte PS,1.04421e+16,2017,1,2,Road Accidents,Other,Rural Areas,Near or inside a village,Human Error,No,Fatal,Others,Not Applicable,Straight and flat,Village Road,Bitumen(Tar),Others,Not Applicable,Fine,"RAJANAKUNTE-KAKOLU ROAD, INFRONT MILK DAIRY",RAJANAKUNTE KAKOLU ROAD  INFRONT MILK DAIRY,5,0.0,0.0
Bengaluru Dist,Rajanukunte PS,1.04421e+16,2017,1,2,Road Accidents,Other,Rural Areas,Near or inside a village,Human Error,No,Not Applicable,Others,Not Applicable,Straight and flat,State Highway,Bitumen(Tar),Dry,Not Applicable,Fine,"NEAR S F FASSION TYRE SHOP, SURADENAPURA GATE, BENGALURU-D B PURA ROAD",NEAR S F FASSION TYRE SHOP,3,0.0,0.0
Bengaluru Dist,Rajanukunte PS,1.04421e+16,2017,1,2,Road Accidents,Not Applicable,Rural Areas,Near or inside a village,Human Error,Yes,Fatal,Others,Not Applicable,Others,State Highway,Bitumen(Tar),Dry,Not Applicable,Fine,"D B Pura Bengaluru road, Near Nittyoathsva Kalyana Mantapa, Singanayakanahalli",Near Nittyoathsva Kalyana Mantapa,3 KM,0.0,0.0
Bengaluru Dist,Rajanukunte PS,1.04421e+16,2017,1,1,Road Accidents,Not Applicable,Rural Areas,Near or inside a village,Human Error,No,Simple Injury,Others,Not Applicable,Straight and flat,State Highway,Bitumen(Tar),Dry,Not Applicable,Fine,"D B Pura-Bengaluru road, Infront of Nandu hotel",Infront of Nandu hotel,5 KM,0.0,0.0
Bengaluru Dist,Rajanukunte PS,1.04421e+16,2017,1,2,Road Accidents,Curves,Rural Areas,Near or inside a village,Human Error,No,Simple Injury,Others,Not Applicable,Curve,Village Road,Bitumen(Tar),Dry,Not Applicable,Fine,Rajanakunte Rly-gate fly over,Rajanakunte Rly gate fly over,1/2 KM,0.0,0.0
Bengaluru Dist,Rajanukunte PS,1.04421e+16,2017,1,1,Road Accidents,Other,Rural Areas,Open area,Human Error,Not Applicable,Fatal,Head on,Uncontrolled,Others,Village Road,Bitumen(Tar),Others,Construction Work / Material,Fine,Kakolu Shyanuboganahalli,Kakolu Kunte,5 Km,0.0,0.0
Bengaluru Dist,Rajanukunte PS,1.04421e+16,2017,1,2,Road Accidents,Other,Rural Areas,Open area,Human Error,Yes,Damage Only,Others,No signal lights,Straight and flat,State Highway,Bitumen(Tar),Not Applicable,Not Applicable,Fine,"D B Pura-Bengaluru road, Suradenupura gate, Hesaraghatta hobli, Bengaluru north taluk",Suradenupura gate,2 KM,0.0,0.0
Bengaluru Dist,Rajanukunte PS,1.04421e+16,2017,1,2,Road Accidents,Not Applicable,Rural Areas,Near a religious place,Human Error,Yes,Grievous Injury,Hit and Run,Not Applicable,Not Applicable,Village Road,Bitumen(Tar),Dry,Not Applicable,Fine,Byatha village,infront of Sri Anjeneyaswami temple road,10 km,0.0,0.0
Bengaluru Dist,Rajanukunte PS,1.04421e+16,2017,1,2,Road Accidents,Not Applicable,Rural Areas,Near or inside a village,Human Error,Not Applicable,Simple Injury,Head on,No signal lights,Straight and flat,State Highway,Bitumen(Tar),Dry,Not Applicable,Fine,"Bengaluru-Doddaballapura main road, Near Angsana resort",Near Angsana resort,1,0.0,0.0
Bengaluru Dist,Rajanukunte PS,1.04421e+16,2017,1,1,Road Accidents,Curves,Rural Areas,Near or inside a village,Human Error,Yes,Simple Injury,Others,Not Applicable,Others,State Highway,Bitumen(Tar),Dry,Not Applicable,Fine,"D B Pura-Bengaluru road, Dharshan hotel infront of, Avalahalli village",Dharshan hotel infront of,5,0.0,0.0
Bengaluru Dist,Rajanukunte PS,1.04421e+16,2018,1,1,Road Accidents,Other,City/Town,Near Bus stop,Human Error,No,Simple Injury,Hit pedestrian,Not Applicable,Straight and flat,State Highway,Bitumen(Tar),Others,Not Applicable,Fine,Avalahalli Bus Stand,Avalahalli Bus Stand,4 KM,0.0,0.0
Bengaluru Dist,Rajanukunte PS,1.04421e+16,2018,1,3,Road Accidents,Other,City/Town,Near Bus stop,Not Applicable,No,Grievous Injury,Others,Not Applicable,Others,State Highway,Bitumen(Tar),Dry,Not Applicable,Clear,"D B Pura-Bengaluru road,Near Srimanahalli Gate",Near Srimanahalli Gate,2 KM,0.0,0.0
Bengaluru Dist,Rajanukunte PS,1.04421e+16,2018,1,2,Road Accidents,Not Applicable,City/Town,Near or inside a village,Human Error,No,Damage Only,Hit parked vehicle,Not Applicable,Straight and flat,State Highway,Bitumen(Tar),Dry,Not Applicable,Fine,"Bengaluru-Ddoddaballapur main road, Avalahalli village, Infront of  Shamu Enterprises Shop",Infront of  Shamu Enterprises Shop,5 KM,0.0,0.0
Bengaluru Dist,Rajanukunte PS,1.04421e+16,2018,1,2,Road Accidents,Other,City/Town,Near or inside a village,Human Error,No,Simple Injury,Head on,Not Applicable,Straight and flat,State Highway,Bitumen(Tar),Others,Not Applicable,Fine,"Near R K HOspital  Rajanakunte village, D B Pura-Bengaluru road",Near R K HOspital,1 parl,0.0,0.0
Bengaluru Dist,Rajanukunte PS,1.04421e+16,2018,1,2,Road Accidents,Not Applicable,Rural Areas,Open area,Human Error,Yes,Simple Injury,Others,Not Applicable,Not Applicable,State Highway,Not Applicable,Not Applicable,Not Applicable,Not Applicable,RTO Cross Bangalore DB Pura Main Road,RTO Cross Bangalore DB Pura Main Road,4 KM,0.0,0.0
Bengaluru Dist,Rajanukunte PS,1.04421e+16,2018,1,1,Road Accidents,Other,City/Town,Open area,Human Error,No,Fatal,Hit pedestrian,Not Applicable,Straight and flat,State Highway,Bitumen(Tar),Dry,Not Applicable,Fine,SH-09,Sriramanahalli gate,2 KM,0.0,0.0
Bengaluru Dist,Rajanukunte PS,1.04421e+16,2018,1,1,Road Accidents,Other,Rural Areas,Residential area,Not Applicable,No,Simple Injury,Others,Not Applicable,Others,Residential Street,Bitumen(Tar),Others,Not Applicable,Not Applicable,Singanayakanahalli Colony,Near Infront of Srinivasa House,5 KM,0.0,0.0
Bengaluru Dist,Rajanukunte PS,1.04421e+16,2018,1,2,Road Accidents,Other,Rural Areas,Near or inside a village,Human Error,No,Fatal,Others,Not Applicable,Straight and flat,Village Road,Bitumen(Tar),Wet,Not Applicable,Light Rain,Kakolu-Byata Road,Infront of Mahila Halu Uthpadakara Kattada,8 KM,0.0,0.0
Bengaluru Dist,Rajanukunte PS,1.04421e+16,2018,1,2,Road Accidents,Other,City/Town,Near office complex,Human Error,No,Fatal,Head on,Not Applicable,Straight and flat,State Highway,Bitumen(Tar),Dry,Not Applicable,Fine,SH-09,Art of Shoping Mal,2 KM,0.0,0.0
Bengaluru Dist,Rajanukunte PS,1.04421e+16,2018,1,2,Road Accidents,Not Applicable,City/Town,Near or inside a village,Human Error,No,Simple Injury,Rear end,Not Applicable,Straight and flat,State Highway,Bitumen(Tar),Dry,Not Applicable,Fine,"D B Pura-Bengaluru road, Near Fly over Bridge",Near Fly over Bridge,1/2 km,0.0,0.0
Bengaluru Dist,Rajanukunte PS,1.04421e+16,2018,1,2,Road Accidents,Other,Rural Areas,Residential area,Not Applicable,No,Damage Only,Others,No signal lights,Curve and Incline,State Highway,Bitumen(Tar),Dry,Not Applicable,Fine,"D.B.Pura - Benagaluru Road, Near Navatha Office, Singanayakanahalli",Landmark 1,5 KM,0.0,0.0
Bengaluru Dist,Rajanukunte PS,1.04421e+16,2018,1,1,Road Accidents,Not Applicable,Rural Areas,Near Bus stop,Human Error,No,Not Applicable,Hit pedestrian,Not Applicable,Straight and flat,State Highway,Not Applicable,Others,Construction Work / Material,Fine,"D B Pura-Bengaluru road, Near Avalahalli Bus Stand",Near Avalahalli Bus Stand,5,0.0,0.0
Bengaluru Dist,Rajanukunte PS,1.04421e+16,2018,1,2,Road Accidents,Other,Rural Areas,Near or inside a village,Human Error,No,Simple Injury,Rear end,Not Applicable,Straight and flat,State Highway,Bitumen(Tar),Dry,Not Applicable,Fine,"Infront of Prestige Royal garden, D B Pura-Bengaluru road, Near Avalahalli",Infront of Prestige Royal garden,4 km,0.0,0.0
Bengaluru Dist,Rajanukunte PS,1.04421e+16,2018,1,3,Road Accidents,Not Applicable,Rural Areas,Near Bus stop,Human Error,No,Grievous Injury,Hit parked vehicle,Not Applicable,Straight and flat,State Highway,Bitumen(Tar),Dry,Not Applicable,Fine,"D B Pura-Bengaluru road, Rajanakunte police Station opp,",Rajanakunte police Station opp,100mtr,0.0,0.0
Bengaluru Dist,Rajanukunte PS,1.04421e+16,2018,1,2,Road Accidents,Other,City/Town,Near Petrol Pump,Human Error,Yes,Fatal,Hit and Run,Not Applicable,Straight and flat,State Highway,Bitumen(Tar),Others,Not Applicable,Fine,"NEAR HP PETORL PUMP, HONNENAHALLI",NEAR HP PETORL PUMP,3,0.0,0.0
Bengaluru Dist,Rajanukunte PS,1.04421e+16,2018,1,2,Road Accidents,Other,City/Town,Near a recreation place/cinema,Human Error,No,Simple Injury,Others,Not Applicable,Straight and flat,State Highway,Bitumen(Tar),Others,Not Applicable,Fine,"Near Sri Ranaga Choultry, D B Pura-Bengaluru road",Near Sri Ranaga Choultry,4 KM,0.0,0.0
Bengaluru Dist,Rajanukunte PS,1.04421e+16,2018,1,2,Road Accidents,Not Applicable,City/Town,Open area,Human Error,Not Applicable,Fatal,Others,Not Applicable,Straight and flat,State Highway,Bitumen(Tar),Dry,Not Applicable,Fine,SH-09,Suradenupura Tool Near,4 KM,0.0,0.0
Bengaluru Dist,Rajanukunte PS,1.04421e+16,2018,1,1,Road Accidents,Other,City/Town,Residential area,Human Error,No,Fatal,Rear end,Not Applicable,Straight and flat,State Highway,Bitumen(Tar),Dry,Not Applicable,Fine,SH-09,Near Bhavani Electrical Showroom,6 KM,0.0,0.0
Bengaluru Dist,Rajanukunte PS,1.04421e+16,2018,1,2,Road Accidents,Other,Rural Areas,Residential area,Human Error,No,Grievous Injury,Overturning,Not Applicable,Straight and flat,State Highway,Bitumen(Tar),Others,Not Applicable,Fine,"D B Pura-Bengaluru road,Marasandra village, near Basaveswara enginering work shop",Near Basaveswara enginering work shop,5 KM,0.0,0.0
Bengaluru Dist,Rajanukunte PS,1.04421e+16,2018,1,1,Road Accidents,Not Applicable,City/Town,Near Petrol Pump,Human Error,No,Grievous Injury,Hit pedestrian,Not Applicable,Others,State Highway,Bitumen(Tar),Dry,Not Applicable,Others,"D B Pura-Bengaluru road, Near Anandh Petrol Bunk",Near Anandh Petrol Bunk,1km,0.0,0.0
Bengaluru Dist,Rajanukunte PS,1.04421e+16,2018,1,2,Road Accidents,Narrow road,Rural Areas,Near a recreation place/cinema,Human Error,Not Applicable,Fatal,Right Turn Collision,Uncontrolled,Others,State Highway,Bitumen(Tar),Dry,Not Applicable,Others,Gowribidanuru Bengaluru,Rachana Paradise,3 KM,0.0,0.0
Bengaluru Dist,Rajanukunte PS,1.04421e+16,2018,1,2,Road Accidents,Bridge,City/Town,Narrow bridge or culverts,Human Error,No,Fatal,Head on,Not Applicable,Curve,City or Town Road,Bitumen(Tar),Dry,Not Applicable,Fine,Other road,Rajanakunte Fly Over,1/2 KM,0.0,0.0
Bengaluru Dist,Rajanukunte PS,1.04421e+16,2018,1,1,Road Accidents,Narrow road,Rural Areas,Open area,Human Error,No,Grievous Injury,Others,Not at  Junction,Not Applicable,State Highway,Not Applicable,Dry,Not Applicable,Fine,DB Pura Bangalore Road,Near Ganesh Tempal,2 KM,0.0,0.0
Bengaluru Dist,Rajanukunte PS,1.04421e+16,2018,1,2,Road Accidents,Not Applicable,Rural Areas,Open area,Human Error,No,Simple Injury,Not Applicable,Not Applicable,Not Applicable,Not Applicable,Not Applicable,Not Applicable,Not Applicable,Not Applicable,Hesaraghatta Shivakote Road,Hesaraghatta Shivakote Road,7,0.0,0.0
Bengaluru Dist,Rajanukunte PS,1.04421e+16,2018,1,2,Road Accidents,Other,Rural Areas,Near Bus stop,Human Error,No,Grievous Injury,Others,No signal lights,Hump,State Highway,Bitumen(Tar),Dry,Not Applicable,Fine,"D.B.Pura - Bengaluru Road, Near Honnenahalli",DBPura Bangaluru Road,2 KM,0.0,0.0
Bengaluru Dist,Rajanukunte PS,1.04421e+16,2018,1,2,Road Accidents,Other,Rural Areas,Open area,Human Error,Not Applicable,Simple Injury,Others,Not Applicable,Others,State Highway,Bitumen(Tar),Others,Not Applicable,Others,Bangalore Doddaballapur Main Road,Near Silver Oak,1,0.0,0.0
Bengaluru Dist,Rajanukunte PS,1.04421e+16,2018,1,2,Not Applicable,Other,Not Applicable,Open area,Not Applicable,No,Damage Only,Others,Not Applicable,Not Applicable,State Highway,Not Applicable,Others,Not Applicable,Not Applicable,Avalahalli Near Mutturayaswamy Tempal U Turn,Near Mutturayaswamy Tempal,100,0.0,0.0
Bengaluru Dist,Rajanukunte PS,1.04421e+16,2018,1,2,Road Accidents,Not Applicable,Rural Areas,Open area,Human Error,No,Grievous Injury,Others,Not Applicable,Others,Village Road,Not Applicable,Others,Not Applicable,Others,"Ayurvedic College Road Near Ambha Bhavani Temple Hesrughatta Hobli ,Black & White Dhaba",Ambhabhavi Temple,3,0.0,0.0
Bengaluru Dist,Rajanukunte PS,1.04421e+16,2018,1,2,Road Accidents,Cross roads,Rural Areas,Near Bus stop,Human Error,Not Applicable,Grievous Injury,Others,Not Applicable,Others,Village Road,Bitumen(Tar),Others,Not Applicable,Clear,Kakolu-Madure Road Near Itagalpura Cross,Near Itagalpura Cross,01 km,0.0,0.0
Bengaluru Dist,Rajanukunte PS,1.04421e+16,2018,1,2,Road Accidents,Other,Rural Areas,Open area,Human Error,Yes,Simple Injury,Hit and Run,Not Applicable,Others,State Highway,Not Applicable,Others,Not Applicable,Fine,Bangalore Doddaballapur Main Road,Toll Near Ardheshnahalli Gate,5,0.0,0.0
Bengaluru Dist,Rajanukunte PS,1.04421e+16,2018,1,1,Road Accidents,Other,Rural Areas,Open area,Human Error,No,Fatal,Skidding or Self accident,Not Applicable,Others,Village Road,Not Applicable,Dry,Not Applicable,Fine,"Puttaiah ravara Nilagiri Thopina bali, Kurubarahalli village",Puttaiah ravara Nilagiri Thopina bali,8 km,0.0,0.0
Bengaluru Dist,Rajanukunte PS,1.04421e+16,2018,1,2,Road Accidents,Not Applicable,City/Town,Near or inside a village,Human Error,No,Damage Only,Overturning,Not Applicable,Straight and flat,State Highway,Bitumen(Tar),Dry,Not Applicable,Fine,"Near Honnenahalli village, D B Pura-Bengaluru road",Infront of R G P Granite Show Room,2 KM,0.0,0.0
Bengaluru Dist,Rajanukunte PS,1.04421e+16,2018,1,2,Road Accidents,Other,City/Town,Near Petrol Pump,Human Error,No,Damage Only,Hit parked vehicle,Not Applicable,Others,State Highway,Bitumen(Tar),Dry,Not Applicable,Fine,"Near Bharath Petrol Bunk, Avalahalli, Yelahanka hobli, Bengaluru north taluk",Near Bharath Petrol Bunk,4 KM,0.0,0.0
Bengaluru Dist,Rajanukunte PS,1.04421e+16,2018,1,2,Road Accidents,Other,City/Town,Near or inside a village,Human Error,Yes,Fatal,Hit and Run,Not Applicable,Straight and flat,State Highway,Bitumen(Tar),Dry,Not Applicable,Others,SH-09,Infront of Sri Ranga Kalyana Mantapa,2 KM,0.0,0.0
Bengaluru Dist,Rajanukunte PS,1.04421e+16,2018,1,2,Road Accidents,Circle,Not Applicable,Open area,Human Error,No,Grievous Injury,Not Applicable,Not Applicable,Not Applicable,State Highway,Not Applicable,Not Applicable,Not Applicable,Not Applicable,DB Pura Bangalore Road,DB Pura Bangalore Manin Road,2 KM,0.0,0.0
Bengaluru Dist,Rajanukunte PS,1.04421e+16,2018,1,2,Road Accidents,Other,Rural Areas,Open area,Human Error,No,Grievous Injury,Not Applicable,Not Applicable,Others,Village Road,Not Applicable,Dry,Not Applicable,Others,Madhure Rajankunte Road Near Etagalpura Village,Madhure Rajankunte Road Near Etagalpura Village,2 KM,0.0,0.0
Bengaluru Dist,Rajanukunte PS,1.04421e+16,2018,1,2,Road Accidents,Other,Rural Areas,Open area,Human Error,No,Damage Only,Others,Not Applicable,Others,Village Road,Not Applicable,Dry,Not Applicable,Others,Arakere Rajanakunte Road Addevishvanathapura Cross,Arakere Rajanakunte Road Addevishvanathapura Cross,1 KM,0.0,0.0
Bengaluru Dist,Rajanukunte PS,1.04421e+16,2018,1,2,Rail Road Accidents,Other,Rural Areas,Near or inside a village,Human Error,No,Simple Injury,Head on,Not Applicable,Straight and flat,State Highway,Bitumen(Tar),Others,Construction Work / Material,Clear,"Bengaluru-D B Pura Road, Near top of the Avalahalli Lake",top of the Avalahalli Lake,4 km,0.0,0.0
Bengaluru Dist,Rajanukunte PS,1.04421e+16,2018,1,2,Road Accidents,Other,Rural Areas,Open area,Human Error,Not Applicable,Simple Injury,Others,Not at  Junction,Straight and flat,State Highway,Bitumen(Tar),Dry,Not Applicable,Fine,"BengaLuru-D B Pura road, Near Sriramanahalli gate",Near Sriramanahalli gate,2 KM,0.0,0.0
Bengaluru Dist,Rajanukunte PS,1.04421e+16,2018,1,1,Road Accidents,Other,Villages settlement,Open area,Human Error,No,Fatal,Skidding or Self accident,Uncontrolled,Not Applicable,Others,Bitumen(Tar),Others,Not Applicable,Others,Nagadasanahalli Road,Singanayakanahalli,4 KM,0.0,0.0
Bengaluru Dist,Rajanukunte PS,1.04421e+16,2018,1,2,Road Accidents,Other,City/Town,Open area,Human Error,Yes,Grievous Injury,Hit and Run,Not Applicable,Straight and flat,State Highway,Bitumen(Tar),Others,Not Applicable,Fine,"Rajanakunte-Kakolu road, Etagalpura Cross, Hesaraghatta hobli, Bengaluru north taluk",Etagalpura Cross,2 KM,0.0,0.0
Bengaluru Dist,Rajanukunte PS,1.04421e+16,2018,1,2,Road Accidents,Other,City/Town,Near or inside a village,Human Error,No,Simple Injury,Head on,Not Applicable,Straight and flat,State Highway,Bitumen(Tar),Others,Not Applicable,Fine,"Near Honnenahalli Mal, Yelahanka hobli, Bengaluru north taluk",Near Honnenahalli Mal,3 KM,0.0,0.0
Bengaluru Dist,Rajanukunte PS,1.04421e+16,2018,1,2,Road Accidents,Other,Rural Areas,Residential area,Not Applicable,No,Grievous Injury,Others,Uncontrolled,Not Applicable,State Highway,Bitumen(Tar),Dry,No influence on accident,Fine,"D B Pura-Bengaluru road,Near Zed Earth Apartment",Near Zed Earth Apartment,4 KM,0.0,0.0
Bengaluru Dist,Rajanukunte PS,1.04421e+16,2018,1,1,Road Accidents,Other,Rural Areas,Near Bus stop,Human Error,No,Fatal,Hit pedestrian,Not Applicable,Straight and flat,State Highway,Bitumen(Tar),Dry,Not Applicable,Fine,SH-09,Srii Ramanahalli Gate,3 KM,0.0,0.0
Bengaluru Dist,Rajanukunte PS,1.04421e+16,2018,1,1,Road Accidents,Other,Rural Areas,Near or inside a village,Human Error,Not Applicable,Fatal,Hit pedestrian,Not Applicable,Straight and flat,State Highway,Bitumen(Tar),Dry,Not Applicable,Fine,"Bengaluru-D B Pura road, Near Indian Over sees Bank",Near Indian Over sees Bank,5,0.0,0.0
Bengaluru Dist,Rajanukunte PS,1.04421e+16,2018,1,2,Road Accidents,Narrow road,Rural Areas,Near Bus stop,Human Error,No,Fatal,Rear end,Uncontrolled,Straight and flat,State Highway,Bitumen(Tar),Dry,Not Applicable,Fine,"D B Pura -Bengaluru road, Near Singanayakanahalli Bus Stand",Near Singanayakanahalli Bus Stand,3,0.0,0.0
Bengaluru Dist,Rajanukunte PS,1.04421e+16,2018,1,3,Road Accidents,Other,Rural Areas,Near a factory industrial area,Human Error,No,Simple Injury,Overturning,Not Applicable,Others,Village Road,Bitumen(Tar),Others,Not Applicable,Fine,"Rajanakunte Kakolu road, Near Kallu Factory",Near Kallu Factory,2,0.0,0.0
Bengaluru Dist,Rajanukunte PS,1.04421e+16,2018,1,2,Road Accidents,Other,Rural Areas,Open area,Human Error,No,Grievous Injury,Head on,Uncontrolled,Straight and flat,Others,Bitumen(Tar),Dry,No influence on accident,Fine,Rajanakunte-Madhure road,Near siri Enclev Lay out,01 km,0.0,0.0
Bengaluru Dist,Rajanukunte PS,1.04421e+16,2018,1,2,Road Accidents,Other,Rural Areas,Near or inside a village,Human Error,No,Grievous Injury,Others,Not Applicable,Straight and flat,State Highway,Bitumen(Tar),Dry,Engineering Defect of Road,Fine,"Bengaluru- D B Pura, Near Rachana Daba",Near Rachana Daba Kempegowda Land,4 KM,0.0,0.0
Bengaluru Dist,Rajanukunte PS,1.04421e+16,2018,1,2,Road Accidents,Other,Rural Areas,Residential area,Road Environment Defect,No,Simple Injury,Others,Not Applicable,Others,State Highway,Not Applicable,Others,Not Applicable,Others,"Bengaluru- D B Pura, Near Vishva Vidyapita Munegowda House",Near Vishva Vidyapita Munegowda House,3 KM,0.0,0.0
Bengaluru Dist,Rajanukunte PS,1.04421e+16,2018,1,2,Road Accidents,Other,Rural Areas,Near Petrol Pump,Human Error,Not Applicable,Simple Injury,Others,Not Applicable,Others,State Highway,Bitumen(Tar),Others,Not Applicable,Fine,DB Pura Bangalore Road,DB Pura Bangalore Manin Road Honnenahalli petrol bonk,2 KM,0.0,0.0
Bengaluru Dist,Rajanukunte PS,1.04421e+16,2018,1,3,Road Accidents,Bottleneck,Rural Areas,Near Petrol Pump,Human Error,Not Applicable,Fatal,Vehicle to Vehicle,Not Applicable,Straight and flat,State Highway,Bitumen(Tar),Dry,Not Applicable,Fine,SH,Anandh Petrol Bunk,1 km,0.0,0.0
Bengaluru Dist,Rajanukunte PS,1.04421e+16,2018,1,1,Road Accidents,Other,Rural Areas,Near or inside a village,Human Error,No,Fatal,Skidding or Self accident,Not Applicable,Straight and flat,State Highway,Bitumen(Tar),Others,Not Applicable,Fine,"Bangaluru-D B Pura road, Suradenupura gate,",Suradenupura gate,4 KM,0.0,0.0
Bengaluru Dist,Rajanukunte PS,1.04421e+16,2018,1,2,Road Accidents,Other,Not Applicable,Residential area,Not Applicable,No,Grievous Injury,Others,Not Applicable,Others,Others,Not Applicable,Others,Not Applicable,Others,Rajanakunte- Sonnenahalli Road,Near Sonnenahalli Govt Hospital,7 KM,0.0,0.0
Bengaluru Dist,Rajanukunte PS,1.04421e+16,2018,1,2,Road Accidents,Other,City/Town,Open area,Human Error,Not Applicable,Fatal,Head on,Not Applicable,Straight and flat,State Highway,Bitumen(Tar),Dry,Not Applicable,Fine,SH-09,Vishswa Vidyapeta Near road,3 KM,0.0,0.0
Bengaluru Dist,Rajanukunte PS,1.04421e+16,2018,1,2,Road Accidents,Other,City/Town,Near Bus stop,Human Error,No,Fatal,Rear end,Not Applicable,Straight and flat,State Highway,Bitumen(Tar),Dry,Not Applicable,Fine,"Rajanakunte Bus Stand, D B Pura - Bengaluru road",Rajanakunte Bus Stand,1/2 KM,0.0,0.0
Bengaluru Dist,Rajanukunte PS,1.04421e+16,2018,1,2,Road Accidents,Not Applicable,City/Town,Open area,Human Error,No,Fatal,Hit parked vehicle,Not Applicable,Straight and flat,Others,Bitumen(Tar),Others,Not Applicable,Fine,Other Road,Near Seethakempanahalli Gate,4 KM,0.0,0.0
Bengaluru Dist,Rajanukunte PS,1.04421e+16,2018,1,2,Road Accidents,Other,Rural Areas,Near or inside a village,Human Error,No,Simple Injury,Head on,Not Applicable,Straight and flat,Others,Bitumen(Tar),Dry,Not Applicable,Fine,"Singanayakanahalli RTO Office main road, Yadiyurappanagara near",Yadiyurappanagara near,8 km,0.0,0.0
Bengaluru Dist,Rajanukunte PS,1.04421e+16,2018,1,2,Road Accidents,Other,Rural Areas,Near or inside a village,Human Error,No,Simple Injury,Head on,Not Applicable,Straight and flat,State Highway,Bitumen(Tar),Dry,Not Applicable,Fine,"D B Pura-Bengaluru road, Near KMF",Near KMF,1/2 km,0.0,0.0
Bengaluru Dist,Rajanukunte PS,1.04421e+16,2018,1,1,Road Accidents,Other,City/Town,Open area,Human Error,No,Simple Injury,Hit pedestrian,Not Applicable,Straight and flat,State Highway,Bitumen(Tar),Dry,Not Applicable,Fine,"Bengaluru-D B Pura Road, Near KMF, Rajanakunte",Near KMF,1 par,0.0,0.0
Bengaluru Dist,Rajanukunte PS,1.04421e+16,2018,1,3,Road Accidents,Other,Rural Areas,Open area,Human Error,No,Grievous Injury,Others,Not Applicable,Others,Village Road,Gravel,Others,Construction Work / Material,Fine,"Near Krishnappa Land, Marasandra -Nellukunte Road",Near Krishnappa Land,5 KM,0.0,0.0
Bengaluru Dist,Rajanukunte PS,1.04421e+16,2018,1,2,Road Accidents,Cross roads,Rural Areas,Open area,Human Error,Not Applicable,Fatal,Head on,Uncontrolled,Curve,Others,Bitumen(Tar),Others,Not Applicable,Others,Suradenapura Sadenahalli,Muthyalappas land,3 KM,0.0,0.0
Bengaluru Dist,Rajanukunte PS,1.04421e+16,2018,1,2,Road Accidents,Not Applicable,Rural Areas,Open area,Human Error,Yes,Grievous Injury,Not Applicable,Not Applicable,Not Applicable,Village Road,Not Applicable,Dry,Not Applicable,Not Applicable,Bangalore DB Pura Road Near Singanayakanahalli Vishwavidyapeetha School,Bangalore DB Pura Road Near Singanayakanahalli Vishwavidyapeetha School,5,0.0,0.0
Bengaluru Dist,Rajanukunte PS,1.04421e+16,2018,1,2,Road Accidents,Circle,Rural Areas,Near Hospital,Human Error,No,Grievous Injury,Overturning,Controlled,Curve,State Highway,Bitumen(Tar),Dry,Not Applicable,Fine,"D B Pura-Bengaluru Road,Panchayth Office",U Turn,50 Mee,0.0,0.0