DISTRICTNAME,UNITNAME,Crime_No,Year,RI,Noofvehicle_involved,Accident_Classification,Accident_Spot,Accident_Location,Accident_SubLocation,Main_Cause,Hit_Run,Severity,Collision_Type,Junction_Control,Road_Character,Road_Type,Surface_Type,Surface_Condition,Road_Condition,Weather,Accident_Road,Landmark_first,Distance_LandMark_First,Latitude,Longitude
Bengaluru Dist,Rajanukunte PS,1.04421e+16,2018,1,1,Road Accidents,Other,Rural Areas,Open area,Human Error,No,Fatal,Skidding or Self accident,Not Applicable,Straight and flat,Village Road,Kutcha,Others,Not Applicable,Fine,Subedharpalya road,Subedharpalya road,8 km,0.0,0.0
Bengaluru Dist,Rajanukunte PS,1.04421e+16,2018,1,2,Road Accidents,Other,Rural Areas,Near a factory industrial area,Human Error,No,Damage Only,Others,Not Applicable,Straight and flat,State Highway,Bitumen(Tar),Dry,Not Applicable,Fine,"Bengaluru-D B Pura road, near Rigle factory",near Rigle factory,1km,0.0,0.0
Bengaluru Dist,Rajanukunte PS,1.04421e+16,2018,1,2,Road Accidents,Other,Rural Areas,Near Bus stop,Not Applicable,No,Grievous Injury,Others,No signal lights,Others,State Highway,Not Applicable,Not Applicable,Not Applicable,Others,"D B Pura-Bengaluru road,Neat Sriramanahalli Village Gate",Near Sriramanahalli Village Gate,2 KM,0.0,0.0
Bengaluru Dist,Rajanukunte PS,1.04421e+16,2018,1,2,Road Accidents,Other,Rural Areas,Near Bus stop,Not Applicable,No,Simple Injury,Others,Not at  Junction,Others,State Highway,Bitumen(Tar),Dry,Not Applicable,Clear,DB Pura Bangalore Road,Near Rajanukunte Bus stand,1 KM,0.0,0.0
Bengaluru Dist,Rajanukunte PS,1.04421e+16,2018,1,3,Road Accidents,Not Applicable,Rural Areas,Open area,Human Error,No,Grievous Injury,Not Applicable,Not Applicable,Not Applicable,Not Applicable,Not Applicable,Not Applicable,Not Applicable,Not Applicable,Rajankunte Yelahanka Mani Road Infant of Vinayakatair Care,Rajankunte Yelahanka Mani Road Infant of Vinayakatair Care,1 KM,0.0,0.0
Bengaluru Dist,Rajanukunte PS,1.04421e+16,2018,1,1,Road Accidents,Other,Rural Areas,Open area,Human Error,No,Simple Injury,Hit pedestrian,Not Applicable,Straight and flat,State Highway,Bitumen(Tar),Dry,Not Applicable,Fine,"Near Marasandra village, U Turn Dabha",U Turn Dabha Opp,6 KM,0.0,0.0
Bengaluru Dist,Rajanukunte PS,1.04421e+16,2018,1,1,Road Accidents,Not Applicable,Rural Areas,Near or inside a village,Human Error,No,Grievous Injury,Hit pedestrian,Not Applicable,Straight and flat,Village Road,Concrete,Others,Not Applicable,Fine,Addevishwanathapura-Rajanakunte road,Addevishwanathapura Rajanakunte road,1 KM,0.0,0.0
Bengaluru Dist,Rajanukunte PS,1.04421e+16,2018,1,1,Road Accidents,Other,City/Town,Near or inside a village,Human Error,No,Grievous Injury,Others,Not at  Junction,Not Applicable,State Highway,Bitumen(Tar),Others,Not Applicable,Fine,"D B Pura-Bengaluru main road, Near Vinayaka Tyre care shop, Rajanakunte",Near Vinayaka Tyre care shop Rajanakunte,1 KM,0.0,0.0
Bengaluru Dist,Rajanukunte PS,1.04421e+16,2018,1,2,Road Accidents,Other,Rural Areas,Open area,Human Error,No,Damage Only,Rear end,Uncontrolled,Not Applicable,State Highway,Metalled,Dry,Not Applicable,Fine,Doddaballapura Bangalore Raod,Near Nandita Garden Family Restaurant,5 KM,0.0,0.0
Bengaluru Dist,Rajanukunte PS,1.04421e+16,2018,1,2,Road Accidents,Other,City/Town,Near or inside a village,Human Error,No,Fatal,Rear end,Not Applicable,Straight and flat,State Highway,Bitumen(Tar),Others,Construction Work / Material,Fine,SH-09,Near U Turn Daba,6 KM,0.0,0.0
Bengaluru Dist,Rajanukunte PS,1.04421e+16,2018,1,2,Road Accidents,Other,Rural Areas,Near or inside a village,Human Error,No,Simple Injury,Run Off Road,Not Applicable,Straight and flat,State Highway,Bitumen(Tar),Dry,Not Applicable,Fine,"D B Pura-Bengaluru road, Near KMF gate, Rajanakunte village",Near KMF gate,1km,0.0,0.0
Bengaluru Dist,Rajanukunte PS,1.04421e+16,2018,1,1,Road Accidents,Other,City/Town,Near or inside a village,Human Error,No,Fatal,Skidding or Self accident,Not Applicable,Straight and flat,State Highway,Bitumen(Tar),Dry,Not Applicable,Fine,SH 9,Infront of Bhagini Retorant,4 KM,0.0,0.0
Bengaluru Dist,Rajanukunte PS,1.04421e+16,2018,1,2,Road Accidents,Other,City/Town,Near Petrol Pump,Human Error,No,Fatal,Head on,Not Applicable,Straight and flat,State Highway,Bitumen(Tar),Dry,Not Applicable,Fine,SH-09,Honnenahalli Petrol Bunk,01 KM,0.0,0.0
Bengaluru Dist,Rajanukunte PS,1.04421e+16,2018,1,2,Road Accidents,Other,Rural Areas,Near Bus stop,Human Error,No,Grievous Injury,Others,Uncontrolled,Others,State Highway,Bitumen(Tar),Others,No influence on accident,Others,D B Pura - Bengaluru Road Near Sri Ranga convestion hall,Near Sri Ranga Convestion hall,02 km,0.0,0.0
Bengaluru Dist,Rajanukunte PS,1.04421e+16,2018,1,2,Road Accidents,Offset,City/Town,Near School or College,Human Error,No,Fatal,Skidding or Self accident,Not Applicable,Straight and flat,State Highway,Bitumen(Tar),Others,Pot holed,Fine,SH-09,Infront of RT Nagara Collage,2 KM,0.0,0.0
Bengaluru Dist,Rajanukunte PS,1.04421e+16,2018,1,2,Road Accidents,Not Applicable,City/Town,Residential area,Human Error,No,Fatal,Others,Not Applicable,Straight and flat,State Highway,Bitumen(Tar),Others,Not Applicable,Fine,SH 9,Near Anand Petrol Bunk Rajanakunte,1,0.0,0.0
Bengaluru Dist,Rajanukunte PS,1.04421e+16,2018,1,1,Road Accidents,Other,City/Town,Residential area,Human Error,No,Fatal,Hit pedestrian,Not Applicable,Straight and flat,State Highway,Bitumen(Tar),Dry,Not Applicable,Fine,SH-09,Suradenupura Gate,3 KM,0.0,0.0
Bengaluru Dist,Rajanukunte PS,1.04421e+16,2018,1,3,Road Accidents,Other,Rural Areas,Near Bus stop,Human Error,Not Applicable,Grievous Injury,Others,Not Applicable,Others,One way,Bitumen(Tar),Others,Not Applicable,Others,"Bengaluru- D B Pura, Near Darmasing Land",Bengaluru D B PuraNear Darmasing Land,1 KM,0.0,0.0
Bengaluru Dist,Rajanukunte PS,1.04421e+16,2019,1,1,Road Accidents,Cross roads,City/Town,Near Bus stop,Human Error,No,Grievous Injury,Hit pedestrian,Uncontrolled,Others,State Highway,Bitumen(Tar),Dry,No influence on accident,Clear,"Rajanakunte - Bengaluru Road, Near Honnenahalli Bus Stand",Near Bus Stand,4 KM,13.215808,77.51627
Bengaluru Dist,Rajanukunte PS,1.04421e+16,2019,1,1,Road Accidents,Cross roads,City/Town,Open area,Human Error,No,Grievous Injury,Hit pedestrian,Uncontrolled,Straight and flat,Others,Bitumen(Tar),Dry,No influence on accident,Clear,Rajanakunte Kakolu Road Infront Of NSS Dairy Gate,Rajanakunte Kakolu Road Infront Of NSS Dairy Gate,6 KM,13.1885,77.508754
Bengaluru Dist,Rajanukunte PS,1.04421e+16,2019,1,2,Road Accidents,Narrow road,City/Town,Open area,Human Error,No,Damage Only,Vehicle to Vehicle,Uncontrolled,Straight and flat,State Highway,Bitumen(Tar),Dry,No influence on accident,Clear,Bangalore DB Pura Main Road Near Avalahalli BMSIT Collage,Bangalore DB Pura Main Road Near Avalahalli BMSIT Collage,4 KM,13.13412,77.5696309
Bengaluru Dist,Rajanukunte PS,1.04421e+16,2019,1,2,Road Accidents,Narrow road,City/Town,Open area,Human Error,No,Grievous Injury,Vehicle to Vehicle,Uncontrolled,Curve,Others,Bitumen(Tar),Dry,No influence on accident,Clear,Sonnenahalli Kakolu Road On The Lake,Sonnenahalli Kakolu Road On The Lake,9 KM,13.184635,77.518134
Bengaluru Dist,Rajanukunte PS,1.04421e+16,2019,1,1,Road Accidents,Not Applicable,City/Town,Near Petrol Pump,Human Error,Yes,Fatal,Hit pedestrian,Uncontrolled,Straight and flat,State Highway,Bitumen(Tar),Dry,No influence on accident,Clear,SH,Near Bharath Petrol Bunk,4km,13.215529,77.5540109
Bengaluru Dist,Rajanukunte PS,1.04421e+16,2019,1,2,Road Accidents,Not Applicable,City/Town,Open area,Human Error,No,Grievous Injury,Vehicle to Vehicle,Uncontrolled,Straight and flat,State Highway,Bitumen(Tar),Dry,No influence on accident,Clear,Bangalore DB Pura infrant of Zedearth,infrant of Zedearth,5 KM,13.15957,77.5717909
Bengaluru Dist,Rajanukunte PS,1.04421e+16,2019,1,1,Road Accidents,Cross roads,City/Town,Open area,Human Error,No,Grievous Injury,Not Applicable,Uncontrolled,Straight and flat,State Highway,Bitumen(Tar),Dry,No influence on accident,Clear,RTO Cross Singanayakanahalli Village,RTO Cross Singanayakanahalli Village,5 KM,13.157367,77.568036
Bengaluru Dist,Rajanukunte PS,1.04421e+16,2019,1,2,Road Accidents,Cross roads,City/Town,Open area,Human Error,No,Fatal,Vehicle to Vehicle,Uncontrolled,Straight and flat,Others,Bitumen(Tar),Dry,No influence on accident,Fine,Village road,Near Dairy Gate,5 KM,13.174799,77.565803
Bengaluru Dist,Rajanukunte PS,1.04421e+16,2019,1,2,Road Accidents,Cross roads,City/Town,Near Bus stop,Human Error,No,Fatal,Vehicle to Vehicle,Uncontrolled,Straight and flat,State Highway,Bitumen(Tar),Dry,No influence on accident,Clear,SH,Near Sriramanahalli Gate,1 km,13.195467,77.562669
Bengaluru Dist,Rajanukunte PS,1.04421e+16,2019,1,2,Road Accidents,Not Applicable,City/Town,Open area,Human Error,No,Grievous Injury,Vehicle to Vehicle,Uncontrolled,Straight and flat,State Highway,Bitumen(Tar),Dry,No influence on accident,Clear,Bangalore DB Pura Road Infrant of Angasana Resart Rajanakunte,Bangalore DB Pura Road Infrant of Angasana Resart Rajanakunte,2 Farl,13.182683,77.563702
Bengaluru Dist,Rajanukunte PS,1.04421e+16,2019,1,2,Road Accidents,Circle,City/Town,Near a religious place,Human Error,No,Simple Injury,Vehicle to Vehicle,Uncontrolled,Straight and flat,State Highway,Bitumen(Tar),Dry,Construction Work / Material,Clear,"Near Singanayakanahalli Village, Yelahanka Hobli",Near Singanayakanahalli,5 KM,13.142433,77.569404
Bengaluru Dist,Rajanukunte PS,1.04421e+16,2019,1,2,Road Accidents,Circle,City/Town,Open area,Human Error,No,Simple Injury,Vehicle to Vehicle,Controlled,Straight and flat,State Highway,Bitumen(Tar),Dry,No influence on accident,Clear,DB Pura Bangalore Road Near HP Petrol Bank Rajanakute Village Hesaraghatta Hobli,HP Petrol Bank,1 KM,13.136783,77.565572
Bengaluru Dist,Rajanukunte PS,1.04421e+16,2019,1,2,Road Accidents,Cross roads,City/Town,Open area,Human Error,No,Grievous Injury,Vehicle to Vehicle,Not at  Junction,Straight and flat,State Highway,Bitumen(Tar),Dry,No influence on accident,Clear,Bangalore DB Pura Road Near Aradeshanahalli Gate,Bangalore DB Pura Road Near Aradeshanahalli Gate,5 KM,13.214974,77.549922
Bengaluru Dist,Rajanukunte PS,1.04421e+16,2019,1,2,Road Accidents,Cross roads,City/Town,Open area,Human Error,No,Grievous Injury,Vehicle to Vehicle,Uncontrolled,Straight and flat,Others,Bitumen(Tar),Dry,No influence on accident,Clear,Rajanakunte Kakolu Road Near Jatayu Dabha,Rajanakunte Kakolu Road Near Jatayu Dabha,2,13.172213,77.562421
Bengaluru Dist,Rajanukunte PS,1.04421e+16,2019,1,1,Road Accidents,Offset,City/Town,Open area,Human Error,No,Damage Only,Not Applicable,Uncontrolled,Straight and flat,Others,Bitumen(Tar),Dry,No influence on accident,Clear,Near Manikyam Garden Madappanahalli Village Hesaraghatta Hobli,Near Manikyam Garden Madappanahalli Village Hesaraghatta Hobli,5 KM,13.154244,77.541928
Bengaluru Dist,Rajanukunte PS,1.04421e+16,2019,1,1,Road Accidents,Cross roads,City/Town,Open area,Human Error,No,Fatal,Hit pedestrian,Uncontrolled,Straight and flat,State Highway,Bitumen(Tar),Dry,No influence on accident,Clear,SH,Rachana Paradise Near,3 KM,13.200718,77.561302
Bengaluru Dist,Rajanukunte PS,1.04421e+16,2019,1,3,Road Accidents,Narrow road,City/Town,Near office complex,Human Error,Yes,Simple Injury,Vehicle to Vehicle,Uncontrolled,Straight and flat,Others,Bitumen(Tar),Dry,No influence on accident,Clear,Rajanakunte Kakolu Road,Muttut Finance Infront of,1/2 KM,13.172251,77.561147
Bengaluru Dist,Rajanukunte PS,1.04421e+16,2019,1,2,Road Accidents,Circle,City/Town,Near Bus stop,Human Error,No,Damage Only,Vehicle to Vehicle,Controlled,Straight and flat,State Highway,Bitumen(Tar),Dry,No influence on accident,Clear,Near Bus Stand Rajanakunte,Near Bus Stand,1/2 KM,13.172446,77.564528
Bengaluru Dist,Rajanukunte PS,1.04421e+16,2019,1,2,Road Accidents,Narrow road,City/Town,Near Petrol Pump,Human Error,No,Simple Injury,Vehicle to Vehicle,Controlled,Straight and flat,State Highway,Bitumen(Tar),Dry,No influence on accident,Clear,"D B Pura - Bengaluru Road, Near Petro Bunk",Petro Bunk Rajanakunte,1/2 KM,13.163994,77.566391
Bengaluru Dist,Rajanukunte PS,1.04421e+16,2019,1,1,Road Accidents,Narrow road,City/Town,Near Bus stop,Human Error,Yes,Grievous Injury,Hit pedestrian,Uncontrolled,Others,State Highway,Bitumen(Tar),Dry,Construction Work / Material,Clear,"Bengaluru - DB Pura Road, Rajanakunte Near Bus Stand",Rajanakunte Near Bus Stand,1/2 KM,13.169616,77.564504
Bengaluru Dist,Rajanukunte PS,1.04421e+16,2019,1,1,Road Accidents,Narrow road,City/Town,Near or inside a village,Human Error,Yes,Grievous Injury,Hit pedestrian,Uncontrolled,Straight and flat,State Highway,Bitumen(Tar),Dry,No influence on accident,Clear,"D B Pura - Bengaluru Road, Near Rachana Daba Paraides",Near Rachana Daba Paraides,3 KM,13.212908,77.565291
Bengaluru Dist,Rajanukunte PS,1.04421e+16,2019,1,2,Road Accidents,Cross roads,City/Town,Open area,Human Error,No,Fatal,Vehicle to Vehicle,Uncontrolled,Straight and flat,Others,Bitumen(Tar),Dry,No influence on accident,Clear,Village road,Infront of Kumar Granite Factory,3 KM,13.157682,77.577586
Bengaluru Dist,Rajanukunte PS,1.04421e+16,2019,1,1,Road Accidents,Offset,City/Town,Near Petrol Pump,Human Error,No,Fatal,Hit pedestrian,Uncontrolled,Straight and flat,Others,Not Applicable,Dry,No influence on accident,Clear,Other road,Datta Digambara Manikanta HP Petrol Bunk,2 KM,13.152485,77.568661
Bengaluru Dist,Rajanukunte PS,1.04421e+16,2019,1,2,Road Accidents,Cross roads,City/Town,Near Petrol Pump,Human Error,No,Fatal,Vehicle to Vehicle,Uncontrolled,Curve,State Highway,Bitumen(Tar),Dry,Not Applicable,Clear,Bengaluru Doddaballapura Main road,Rajanukunte Anand petrol bunk near U turn,25M,13.163796,77.566078
Bengaluru Dist,Rajanukunte PS,1.04421e+16,2019,1,2,Road Accidents,Not Applicable,City/Town,Near Petrol Pump,Human Error,No,Grievous Injury,Vehicle to Vehicle,Uncontrolled,Straight and flat,State Highway,Bitumen(Tar),Dry,No influence on accident,Clear,SH,Near Honnenahalli Petrol Bunk,2KM,13.157906,77.567356
Bengaluru Dist,Rajanukunte PS,1.04421e+16,2019,1,2,Road Accidents,Cross roads,City/Town,Open area,Human Error,No,Fatal,Vehicle to Vehicle,Uncontrolled,Straight and flat,State Highway,Bitumen(Tar),Dry,No influence on accident,Clear,SH-09,Aradeshalli Gate,4 KM,13.217034,77.507122
Bengaluru Dist,Rajanukunte PS,1.04421e+16,2019,1,2,Road Accidents,Narrow road,City/Town,Near Bus stop,Human Error,Not Applicable,Grievous Injury,Vehicle to Vehicle,Uncontrolled,Straight and flat,State Highway,Bitumen(Tar),Dry,No influence on accident,Clear,"Bengaluru- D B Pura, Near Sriramanahalli Gate",Sriramanahalli gate,02 km,13.172696,77.570418
Bengaluru Dist,Rajanukunte PS,1.04421e+16,2019,1,2,Road Accidents,Narrow road,City/Town,Open area,Human Error,No,Grievous Injury,Vehicle to Vehicle,Uncontrolled,Straight and flat,One way,Bitumen(Tar),Dry,No influence on accident,Clear,Rajanakunte Addevishwanathapura Road  Near Super Market Shop,Super Market Shop,1/2 KM,13.172882,77.56182
Bengaluru Dist,Rajanukunte PS,1.04421e+16,2019,1,1,Road Accidents,Narrow road,City/Town,Near or inside a village,Human Error,Yes,Fatal,Hit pedestrian,Uncontrolled,Straight and flat,Others,Bitumen(Tar),Dry,No influence on accident,Clear,Other Road,Kakolu Maregowda Farm Near,8km,13.184538,77.518176
Bengaluru Dist,Rajanukunte PS,1.04421e+16,2019,1,2,Road Accidents,Narrow road,City/Town,Open area,Human Error,No,Fatal,Vehicle to Vehicle,Uncontrolled,Straight and flat,Others,Bitumen(Tar),Dry,No influence on accident,Clear,Other Road,Near Hanumantharayappa Land Addiganahalli,1,13.165516,77.565738
Bengaluru Dist,Rajanukunte PS,1.04421e+16,2019,1,2,Road Accidents,Narrow road,City/Town,Near office complex,Human Error,Yes,Grievous Injury,Vehicle to Vehicle,Not at  Junction,Straight and flat,Two way,Bitumen(Tar),Dry,Not Applicable,Clear,"Near RTO Office, Singanayakanhalli - Madappanhalli Road",Infront of RTO Office,8 KM,13.134746,77.481033
Bengaluru Dist,Rajanukunte PS,1.04421e+16,2019,1,2,Road Accidents,Circle,City/Town,Open area,Human Error,No,Grievous Injury,Vehicle to Vehicle,Uncontrolled,Straight and flat,State Highway,Bitumen(Tar),Dry,No influence on accident,Clear,DB Pura Bangalore Main Road Honnenahalli Gate Near Art Of Shoping,Art Of Shoping,2 KM,13.163761,77.566123
Bengaluru Dist,Rajanukunte PS,1.04421e+16,2019,1,2,Road Accidents,Cross roads,City/Town,Near School or College,Vehicle Defect,No,Damage Only,Vehicle to Vehicle,Uncontrolled,Curve,Others,Bitumen(Tar),Dry,No influence on accident,Clear,"Near Kakol -Rajanakunte Road, President Universcity Collage",30 eanch,3 KM,13.17207,77.5360019
Bengaluru Dist,Rajanukunte PS,1.04421e+16,2019,1,1,Road Accidents,Cross roads,City/Town,Near office complex,Human Error,No,Grievous Injury,Hit pedestrian,Controlled,Straight and flat,State Highway,Bitumen(Tar),Dry,No influence on accident,Clear,"Bengaluru- D B Pura, Near Kenara Bank, Rajanakunte",15 Ench,1/2 KM,13.189888,77.519125
Bengaluru Dist,Rajanukunte PS,1.04421e+16,2019,1,3,Road Accidents,Narrow road,City/Town,Open area,Human Error,No,Grievous Injury,Vehicle to Vehicle,Uncontrolled,Straight and flat,State Highway,Bitumen(Tar),Dry,No influence on accident,Clear,Bangalore DB Pura Road Near,Rajanakunte Petrol Bank,1 KM,13.136537,77.481968
Bengaluru Dist,Rajanukunte PS,1.04421e+16,2019,1,1,Road Accidents,Cross roads,City/Town,Near Bus stop,Human Error,No,Grievous Injury,Hit pedestrian,Uncontrolled,Straight and flat,State Highway,Bitumen(Tar),Dry,No influence on accident,Clear,"Near Bus Stand Honnenahalli Village, Yelahanka Hobli",Near Bus Stand,3 KM,13.159409,77.566468
Bengaluru Dist,Rajanukunte PS,1.04421e+16,2019,1,1,Road Accidents,Circle,City/Town,Open area,Human Error,No,Grievous Injury,Hit pedestrian,Controlled,Straight and flat,State Highway,Bitumen(Tar),Dry,No influence on accident,Clear,Doddaballapura Bangalore Road Rajanakunte Bus stand,Doddaballapura Bangalore Road Rajanakunte Bus stand,01-Feb,13.150527,77.554515
Bengaluru Dist,Rajanukunte PS,1.04421e+16,2019,1,1,Road Accidents,Cross roads,City/Town,Near Bus stop,Human Error,No,Grievous Injury,Hit pedestrian,Uncontrolled,Straight and flat,State Highway,Bitumen(Tar),Dry,No influence on accident,Clear,Yelahanka - D Bpura Road,Near Sriramanahalli Gate,2 KM,13.213161,77.489315
Bengaluru Dist,Rajanukunte PS,1.04421e+16,2019,1,1,Road Accidents,Narrow road,City/Town,Near a religious place,Human Error,No,Simple Injury,Hit pedestrian,Uncontrolled,Incline,Others,Bitumen(Tar),Dry,No influence on accident,Clear,Avalahalli Near Infront of Bheemanna House Road,12 Eanch,5 KM,13.135202,77.569317
Bengaluru Dist,Rajanukunte PS,1.04421e+16,2019,1,2,Road Accidents,Circle,City/Town,Near School or College,Human Error,Not Applicable,Damage Only,Vehicle to Vehicle,Uncontrolled,Straight and flat,State Highway,Bitumen(Tar),Dry,No influence on accident,Clear,"Bengaluru- D B Pura, Near Pravident welworth city",30 eanch,5 KM,13.229266,77.549966
Bengaluru Dist,Rajanukunte PS,1.04421e+16,2019,1,2,Road Accidents,Circle,City/Town,Near School or College,Human Error,Yes,Simple Injury,Vehicle to Vehicle,Uncontrolled,Curve,Others,Bitumen(Tar),Others,No influence on accident,Clear,Infront of Presedent Collage,3 KM,3 KM,13.172014,77.5357239
Bengaluru Dist,Rajanukunte PS,1.04421e+16,2019,1,2,Road Accidents,Cross roads,City/Town,Open area,Road Environment Defect,No,Simple Injury,Vehicle to Vehicle,Uncontrolled,Straight and flat,State Highway,Bitumen(Tar),Dry,No influence on accident,Clear,"D B Pura-Bengaluru road, near Angsana resort",Near angsana,1/2 km,13.148985,77.568285
Bengaluru Dist,Rajanukunte PS,1.04421e+16,2019,1,2,Road Accidents,Narrow road,City/Town,Open area,Human Error,No,Fatal,Vehicle to Vehicle,Uncontrolled,Straight and flat,Others,Bitumen(Tar),Dry,No influence on accident,Clear,Village road,Seetakempanahalli Gate Bus Stand,4 KM,13.173609,77.525515
Bengaluru Dist,Rajanukunte PS,1.04421e+16,2019,1,2,Road Accidents,Circle,City/Town,Open area,Human Error,No,Damage Only,Vehicle to Vehicle,Uncontrolled,Straight and flat,State Highway,Bitumen(Tar),Dry,No influence on accident,Clear,"D B Pura - Bengaluru Road, Near Dominos Pizza Singanayakanahalli Village",Dominos Pizza,3 KM,13.151838,77.5688489
Bengaluru Dist,Rajanukunte PS,1.04421e+16,2019,1,2,Road Accidents,Circle,City/Town,Open area,Human Error,Yes,Simple Injury,Vehicle to Vehicle,Uncontrolled,Straight and flat,State Highway,Bitumen(Tar),Dry,No influence on accident,Clear,SH,Near RTO Cross,4 KM,13.14244,77.569348
Bengaluru Dist,Rajanukunte PS,1.04421e+16,2019,1,2,Road Accidents,Narrow road,City/Town,Open area,Human Error,No,Grievous Injury,Vehicle to Vehicle,Uncontrolled,Curve,Others,Bitumen(Tar),Dry,No influence on accident,Clear,Byatha Kakolu Road Near Kakolu Lake,Byatha Kakolu Road Near Kakolu Lake,7,13.174972,77.566327
Bengaluru Dist,Rajanukunte PS,1.04421e+16,2019,1,2,Road Accidents,Narrow road,City/Town,Open area,Human Error,No,Simple Injury,Vehicle to Vehicle,Uncontrolled,Curve,Others,Bitumen(Tar),Dry,No influence on accident,Clear,"Rajanakunte - Addiganahalli Village, Road",30 eanch,1 KM,13.173496,77.568721
Bengaluru Dist,Rajanukunte PS,1.04421e+16,2019,1,2,Road Accidents,Curves,City/Town,Open area,Human Error,No,Grievous Injury,Vehicle to Vehicle,Uncontrolled,Straight and flat,State Highway,Bitumen(Tar),Dry,No influence on accident,Clear,Doddaballapura Bangalore Main Road Rajanakunte Bridge,Doddaballapura Bangalore Main Road Rajanakunte Bridge,100 Me,13.174717,77.564763
Bengaluru Dist,Rajanukunte PS,1.04421e+16,2019,1,1,Road Accidents,Narrow road,City/Town,Open area,Human Error,No,Simple Injury,Hit pedestrian,Uncontrolled,Straight and flat,Others,Bitumen(Tar),Dry,No influence on accident,Clear,Other road,Seenappa Bar,1 km,13.172506,77.5621879
Bengaluru Dist,Rajanukunte PS,1.04421e+16,2019,1,2,Road Accidents,Circle,City/Town,Open area,Human Error,No,Fatal,Vehicle to Vehicle,Uncontrolled,Straight and flat,State Highway,Bitumen(Tar),Dry,No influence on accident,Clear,SH,Near Suradenupura Gate,5 KM,13.204633,77.558474
Bengaluru Dist,Rajanukunte PS,1.04421e+16,2019,1,1,Road Accidents,Narrow road,City/Town,Open area,Human Error,No,Fatal,Hit pedestrian,Uncontrolled,Straight and flat,State Highway,Bitumen(Tar),Dry,No influence on accident,Clear,SH,Ananda Petrol Bunk Near,1 KM,13.164016,77.56592
Bengaluru Dist,Rajanukunte PS,1.04421e+16,2019,1,1,Road Accidents,Narrow road,City/Town,Near Bus stop,Human Error,No,Grievous Injury,Hit pedestrian,Uncontrolled,Straight and flat,One way,Bitumen(Tar),Dry,No influence on accident,Clear,"Dibbur Colony - Dibbur Village, Road",30 eanch,5 KM,13.153834,77.545094
Bengaluru Dist,Rajanukunte PS,1.04421e+16,2019,1,1,Road Accidents,Circle,City/Town,Near Bus stop,Human Error,Yes,Fatal,Hit pedestrian,Uncontrolled,Straight and flat,State Highway,Bitumen(Tar),Dry,No influence on accident,Clear,SH,Rajanakunte Bus Stand,500Mtr,13.171273,77.564576
Bengaluru Dist,Rajanukunte PS,1.04421e+16,2019,1,2,Road Accidents,Narrow road,City/Town,Open area,Human Error,No,Grievous Injury,Vehicle to Vehicle,Uncontrolled,Straight and flat,Others,Bitumen(Tar),Dry,No influence on accident,Clear,Rajanakunte Kakolu Road Rajanakunte Seenappa House,Seenappa House,1 KM,13.171846,77.559145
Bengaluru Dist,Rajanukunte PS,1.04421e+16,2019,1,2,Road Accidents,Not Applicable,City/Town,Open area,Human Error,No,Fatal,Vehicle to Vehicle,Uncontrolled,Straight and flat,State Highway,Bitumen(Tar),Dry,No influence on accident,Clear,SH,Infront of Vishwakarma Printers,4 KM,13.204597,77.559361
Bengaluru Dist,Rajanukunte PS,1.04421e+16,2019,1,2,Road Accidents,Narrow road,City/Town,Open area,Human Error,No,Grievous Injury,Vehicle to Vehicle,Uncontrolled,Straight and flat,Others,Bitumen(Tar),Dry,No influence on accident,Clear,Dibburu Rajanakunte Road Ishwarya Layout Rajanakunte,Dibburu Rajanakunte Road Ishwarya Layout Rajanakunte,1 KM,13.171906,77.534053
Bengaluru Dist,Rajanukunte PS,1.04421e+16,2019,1,1,Road Accidents,Circle,City/Town,Residential area,Human Error,No,Fatal,Hit pedestrian,Uncontrolled,Straight and flat,State Highway,Bitumen(Tar),Dry,No influence on accident,Clear,Giddareddy Building,Giddareddy Building Kakolu Rajanakunte Road,1/2 KM,13.172617,77.562089
Bengaluru Dist,Rajanukunte PS,1.04421e+16,2019,1,2,Road Accidents,Circle,City/Town,Near Petrol Pump,Human Error,No,Grievous Injury,Vehicle to Vehicle,Uncontrolled,Straight and flat,State Highway,Bitumen(Tar),Dry,No influence on accident,Clear,"Near Petrol Pump, Avalahalli",Near Mutattharaya Temple,6 KM,13.135355,77.569284
Bengaluru Dist,Rajanukunte PS,1.04421e+16,2019,1,2,Road Accidents,Circle,City/Town,Near Petrol Pump,Not Applicable,No,Grievous Injury,Vehicle to Vehicle,No signal lights,Others,State Highway,Bitumen(Tar),Dry,Not Applicable,Clear,Near Rajanakunte H P Petrol Bunk,Near Rajanakunte Petrol Bunk,1 KM,13.163997,77.566329