DISTRICTNAME,UNITNAME,Crime_No,Year,RI,Noofvehicle_involved,Accident_Classification,Accident_Spot,Accident_Location,Accident_SubLocation,Main_Cause,Hit_Run,Severity,Collision_Type,Junction_Control,Road_Character,Road_Type,Surface_Type,Surface_Condition,Road_Condition,Weather,Accident_Road,Landmark_first,Distance_LandMark_First,Latitude,Longitude
Bengaluru Dist,Rajanukunte PS,1.04421e+16,2019,1,2,Road Accidents,Circle,City/Town,Open area,Human Error,No,Damage Only,Vehicle to Vehicle,Uncontrolled,Straight and flat,State Highway,Bitumen(Tar),Dry,No influence on accident,Clear,DB Pura Bangalore Road Aradeshanahalli Gate,Aradeshanahalli Gate,8 KM,13.216552,77.55311
Bengaluru Dist,Rajanukunte PS,1.04421e+16,2019,1,1,Road Accidents,Offset,City/Town,Open area,Human Error,No,Grievous Injury,Not Applicable,Uncontrolled,Straight and flat,State Highway,Bitumen(Tar),Dry,No influence on accident,Clear,SH,Near Toll,5,13.209715,77.556218
Bengaluru Dist,Rajanukunte PS,1.04421e+16,2019,1,1,Road Accidents,Circle,City/Town,Near Bus stop,Human Error,Yes,Fatal,Hit pedestrian,Controlled,Straight and flat,State Highway,Bitumen(Tar),Dry,No influence on accident,Clear,SH,Suryodhaya Scholl Near,1/2 KM,13.164166,77.5659079
Bengaluru Dist,Rajanukunte PS,1.04421e+16,2019,1,1,Road Accidents,Not Applicable,City/Town,Open area,Human Error,No,Fatal,Not Applicable,Uncontrolled,Straight and flat,State Highway,Bitumen(Tar),Dry,No influence on accident,Clear,SH,Prestige Royal Garden,5,13.140061,77.569182
Bengaluru Dist,Rajanukunte PS,1.04421e+16,2019,1,2,Road Accidents,Circle,City/Town,Open area,Human Error,Yes,Fatal,Vehicle to Vehicle,Uncontrolled,Straight and flat,State Highway,Bitumen(Tar),Dry,No influence on accident,Fine,Sriramanahalli  Gate,Sriramanahalli  Gate,1,13.195449,77.562533
Bengaluru Dist,Rajanukunte PS,1.04421e+16,2020,1,2,Road Accidents,Cross roads,Rural Areas,Open area,Human Error,Not Applicable,Fatal,Vehicle to Vehicle,Uncontrolled,Others,State Highway,Bitumen(Tar),Dry,Not Applicable,Fine,Bengaluru Doddaballapura,Suradenapura Gate,4 KM,13.189417,77.518214
Bengaluru Dist,Rajanukunte PS,1.04421e+16,2020,1,2,Road Accidents,Not Applicable,City/Town,Open area,Human Error,No,Grievous Injury,Vehicle to Vehicle,Uncontrolled,Curve,Others,Bitumen(Tar),Dry,No influence on accident,Clear,Other Road,Just Cricket Ground Infront of,1 KM,13.175318,77.551678
Bengaluru Dist,Rajanukunte PS,1.04421e+16,2020,1,1,Road Accidents,Circle,Rural Areas,Near Bus stop,Human Error,No,Grievous Injury,Hit pedestrian,Controlled,Curve,State Highway,Bitumen(Tar),Dry,No influence on accident,Fine,"Near Bus Stand Rajanakunte, Siri Kake pyales Bekari",Near Bus Stand,500 M,13.171778,77.5646239
Bengaluru Dist,Rajanukunte PS,1.04421e+16,2020,1,2,Road Accidents,Not Applicable,City/Town,Open area,Vehicle Defect,Yes,Damage Only,Vehicle to Vehicle,Uncontrolled,Straight and flat,Others,Bitumen(Tar),Dry,Not Applicable,Clear,SH,Near Rajanukunte Bridge,2,13.17449,77.5643609
Bengaluru Dist,Rajanukunte PS,1.04421e+16,2020,1,1,Road Accidents,Narrow road,Rural Areas,At pedestrian Crossing,Human Error,No,Fatal,Hit pedestrian,Uncontrolled,Straight and flat,Others,Bitumen(Tar),Dry,Not Applicable,Clear,Addiganahalli Sadenahalli Road,Bangalururu,2 KM,13.174572,77.569595
Bengaluru Dist,Rajanukunte PS,1.04421e+16,2020,1,2,Road Accidents,Cross roads,Rural Areas,Near or inside a village,Human Error,No,Grievous Injury,Vehicle to Vehicle,Controlled,Others,State Highway,Bitumen(Tar),Dry,Not Applicable,Clear,Doddaballapura Bangaluru Main Road,U Turn,8 KM,13.228717,77.549694
Bengaluru Dist,Rajanukunte PS,1.04421e+16,2020,1,1,Road Accidents,Curves,Rural Areas,Open area,Human Error,Not Applicable,Fatal,Not Applicable,Uncontrolled,Curve,Major District Road,Bitumen(Tar),Dry,Not Applicable,Clear,madhure Rajanukunte Road,Near KMF,9 kms,13.17915,77.564473
Bengaluru Dist,Rajanukunte PS,1.04421e+16,2020,1,2,Road Accidents,Cross roads,Rural Areas,Near Bus stop,Human Error,No,Grievous Injury,Vehicle to Vehicle,Controlled,Hump,State Highway,Bitumen(Tar),Dry,Not Applicable,Fine,Near Suradenapura Gate,Near Suradenapura Gate,3 KM,13.204025,77.558945
Bengaluru Dist,Rajanukunte PS,1.04421e+16,2020,1,2,Road Accidents,Curves,Rural Areas,Near Petrol Pump,Vehicle Defect,No,Damage Only,Vehicle to Vehicle,Controlled,Curve,State Highway,Bitumen(Tar),Dry,No influence on accident,Fine,Near Anand Petrol Bunk U Turn,Near Ananda Petro Pump,1 KM,13.135276,77.4846969
Bengaluru Dist,Rajanukunte PS,1.04421e+16,2020,1,1,Road Accidents,Circle,City/Town,Near Bus stop,Human Error,No,Grievous Injury,Hit pedestrian,Controlled,Straight and flat,State Highway,Bitumen(Tar),Dry,No influence on accident,Fine,SH,Rajanakunte Bus Stand,1/2 KM,13.172208,77.564234
Bengaluru Dist,Rajanukunte PS,1.04421e+16,2020,1,2,Road Accidents,Cross roads,City/Town,Open area,Human Error,Not Applicable,Grievous Injury,Vehicle to Vehicle,Uncontrolled,Straight and flat,Others,Bitumen(Tar),Dry,No influence on accident,Clear,Other Road,Kanaka Bhavana Near Kamakshipura,8,13.197769,77.48839
Bengaluru Dist,Rajanukunte PS,1.04421e+16,2020,1,1,Road Accidents,Circle,Rural Areas,Near Bus stop,Human Error,No,Grievous Injury,Hit pedestrian,Controlled,Curve,State Highway,Bitumen(Tar),Dry,Not Applicable,Fine,"Bengaluru - Doddaballapura Main Road, Near Poornima Hotel",Rajanakunte Bus Stand,250 M,13.173354,77.564562
Bengaluru Dist,Rajanukunte PS,1.04421e+16,2020,1,1,Road Accidents,Not Applicable,City/Town,Near Bus stop,Human Error,No,Grievous Injury,Hit pedestrian,Uncontrolled,Straight and flat,State Highway,Bitumen(Tar),Dry,No influence on accident,Clear,Infront of VBN Studio,Infront of VBN Studio Rajanakunte,1/2 KM,13.136506,77.4841189
Bengaluru Dist,Rajanukunte PS,1.04421e+16,2020,1,1,Road Accidents,Not Applicable,City/Town,Open area,Human Error,No,Grievous Injury,Hit pedestrian,Uncontrolled,Straight and flat,Others,Bitumen(Tar),Others,No influence on accident,Clear,Other Road,Haniyuru,7 KM,13.213281,77.514607
Bengaluru Dist,Rajanukunte PS,1.04421e+16,2020,1,2,Road Accidents,Not Applicable,City/Town,Open area,Human Error,No,Damage Only,Vehicle to Vehicle,Uncontrolled,Straight and flat,State Highway,Bitumen(Tar),Dry,No influence on accident,Clear,SH,Repose Wood Furniture,2 KM,13.159466,77.566592
Bengaluru Dist,Rajanukunte PS,1.04421e+16,2020,1,1,Road Accidents,Narrow road,Rural Areas,Residential area,Human Error,No,Simple Injury,Hit pedestrian,No signal lights,Incline,State Highway,Bitumen(Tar),Dry,No influence on accident,Fine,Near KMF Factory,Near Rigle Factory,1/2 KM,13.137417,77.48086
Bengaluru Dist,Rajanukunte PS,1.04421e+16,2020,1,1,Road Accidents,Not Applicable,City/Town,Open area,Human Error,No,Grievous Injury,Hit pedestrian,Uncontrolled,Straight and flat,State Highway,Bitumen(Tar),Others,No influence on accident,Fine,SH,Singanayakanahalli RTO Cross Near,5,13.172516,77.5713479
Bengaluru Dist,Rajanukunte PS,1.04421e+16,2020,1,2,Road Accidents,Circle,City/Town,Open area,Human Error,No,Grievous Injury,Vehicle to Vehicle,Uncontrolled,Straight and flat,State Highway,Bitumen(Tar),Others,No influence on accident,Fine,SH,Infront of RLG Nursary,2 KM,13.139916,77.527731
Bengaluru Dist,Rajanukunte PS,1.04421e+16,2020,1,1,Road Accidents,Cross roads,Rural Areas,Near Bus stop,Human Error,No,Fatal,Hit pedestrian,Not at  Junction,Others,State Highway,Bitumen(Tar),Dry,No influence on accident,Fine,DBpura to Bangalore Road,Sri Manjunatha Bakery front,500 m,13.173232,77.564452
Bengaluru Dist,Rajanukunte PS,1.04421e+16,2020,1,2,Road Accidents,Narrow road,Rural Areas,Open area,Human Error,No,Simple Injury,Vehicle to Vehicle,Controlled,Others,Sub Arterial,Bitumen(Tar),Dry,Pot holed,Fine,Singanayakanahalli - Nagadasanahalli Village,Neat Land Singanayakanahalli Nagadasanahalli Road,7 KM,13.192113,77.519565
Bengaluru Dist,Rajanukunte PS,1.04421e+16,2020,1,1,Road Accidents,Narrow road,Rural Areas,Near Petrol Pump,Human Error,No,Grievous Injury,Hit bicyclist,Uncontrolled,Curve,State Highway,Bitumen(Tar),Dry,Not Applicable,Fine,"Bengaluru - Doddaballapura Main Road, Near Honnenahalli",Near Petro Bank,2,13.15799,77.567356
Bengaluru Dist,Rajanukunte PS,1.04421e+16,2020,1,2,Road Accidents,Narrow road,City/Town,Residential area,Human Error,No,Fatal,Not Applicable,Not at  Junction,Others,State Highway,Bitumen(Tar),Dry,No influence on accident,Others,Doddaballapura-Bangalore,Canera Bank Front,1 KM,13.169065,77.564709
Bengaluru Dist,Rajanukunte PS,1.04421e+16,2020,1,2,Road Accidents,Narrow road,Rural Areas,Open area,Human Error,No,Grievous Injury,Vehicle to Vehicle,Controlled,Straight and flat,Others,Bitumen(Tar),Dry,Not Applicable,Others,Seethakempanahalli Main Road,Near Hanumegowda Land,6 KM,13.170965,77.5214669
Bengaluru Dist,Rajanukunte PS,1.04421e+16,2020,1,2,Road Accidents,Circle,Rural Areas,Near a recreation place/cinema,Human Error,Yes,Grievous Injury,Vehicle to Vehicle,Controlled,Curve,Others,Bitumen(Tar),Dry,Engineering Defect of Road,Fine,"Near Mutturayaswamy Temple, Hesaragatta Road - Byatha Near",Near Mutturayaswamy Temple,8 KM,13.172342,77.571094
Bengaluru Dist,Rajanukunte PS,1.04421e+16,2020,1,1,Road Accidents,Narrow road,Rural Areas,Open area,Not Applicable,No,Fatal,Not Applicable,Not Applicable,Not Applicable,Others,Bitumen(Tar),Dry,Not Applicable,Fine,Adde-Adde vishwanathapur road,Near Srinidhi Shelter Lay uot,3 km,13.18446,77.540839
Bengaluru Dist,Rajanukunte PS,1.04421e+16,2020,1,2,Road Accidents,Circle,City/Town,Open area,Human Error,Yes,Grievous Injury,Vehicle to Vehicle,Uncontrolled,Straight and flat,State Highway,Bitumen(Tar),Dry,No influence on accident,Fine,SH,Near U Turn Aradeshahalli Gate,4,13.21665,77.552919
Bengaluru Dist,Rajanukunte PS,1.04421e+16,2020,1,1,Road Accidents,Road hump or Rumble strips,Rural Areas,Open area,Human Error,No,Fatal,Not Applicable,Not at  Junction,Hump,Others,Bitumen(Tar),Dry,No influence on accident,Fine,Kakolu-Rajanukunte main Road,Oppisite RK Hospital,1 Km,13.149203,77.55423
Bengaluru Dist,Rajanukunte PS,1.04421e+16,2020,1,2,Road Accidents,Not Applicable,City/Town,Open area,Human Error,No,Simple Injury,Vehicle to Vehicle,Uncontrolled,Straight and flat,State Highway,Bitumen(Tar),Dry,No influence on accident,Clear,SH,Near RTO Cross,3 KM,13.139044,77.565368
Bengaluru Dist,Rajanukunte PS,1.04421e+16,2020,1,2,Road Accidents,Not Applicable,City/Town,Open area,Human Error,Yes,Grievous Injury,Vehicle to Vehicle,Uncontrolled,Straight and flat,Others,Bitumen(Tar),Dry,No influence on accident,Clear,Other Road,Rachana Wines Near,1/2 KM,13.172396,77.562579
Bengaluru Dist,Rajanukunte PS,1.04421e+16,2020,1,2,Road Accidents,Not Applicable,City/Town,Open area,Human Error,No,Grievous Injury,Vehicle to Vehicle,Uncontrolled,Straight and flat,State Highway,Bitumen(Tar),Dry,No influence on accident,Fine,SH,Near Big Market,5 KM,13.147157,77.56999
Bengaluru Dist,Rajanukunte PS,1.04421e+16,2020,1,2,Road Accidents,Curves,City/Town,Residential area,Human Error,No,Fatal,Vehicle to Vehicle,Not at  Junction,Curve,State Highway,Bitumen(Tar),Dry,No influence on accident,Fine,Bangalore-Doddaballapur Road,Near Pravident wel varth city out gate,5 KM,13.2288,77.549748
Bengaluru Dist,Rajanukunte PS,1.04421e+16,2020,1,2,Road Accidents,Circle,Rural Areas,Open area,Human Error,No,Simple Injury,Vehicle to Vehicle,Uncontrolled,Not Applicable,State Highway,Bitumen(Tar),Dry,No influence on accident,Fine,Near Singanayakanahalli Circle,Singanayakanahalli Circle,5 km,13.147768,77.569618
Bengaluru Dist,Rajanukunte PS,1.04421e+16,2020,1,1,Road Accidents,Narrow road,Rural Areas,Open area,Human Error,No,Fatal,Not Applicable,Not at  Junction,Others,Others,Bitumen(Tar),Others,No influence on accident,Fine,Mylappanahalli-Rajanukunte Road,Muniyappa Land Near,9 KM,13.138578,77.537006
Bengaluru Dist,Rajanukunte PS,1.04421e+16,2020,1,2,Road Accidents,Narrow road,Rural Areas,Near Bus stop,Human Error,No,Grievous Injury,Vehicle to Vehicle,No signal lights,Curve,State Highway,Bitumen(Tar),Dry,Construction Work / Material,Fine,Near Aradeshahalli Gate,Near Aradeshahalli Gate,3 KM,13.174175,77.5648659
Bengaluru Dist,Rajanukunte PS,1.04421e+16,2020,1,1,Road Accidents,Not Applicable,City/Town,Open area,Human Error,No,Damage Only,Not Applicable,Uncontrolled,Straight and flat,State Highway,Bitumen(Tar),Dry,No influence on accident,Fine,SH,Infront of KMF Rajanakunte,1/2 KM,13.179319,77.564331
Bengaluru Dist,Rajanukunte PS,1.04421e+16,2020,1,1,Road Accidents,Narrow road,Rural Areas,Open area,Human Error,No,Fatal,Hit pedestrian,Not at  Junction,Others,State Highway,Bitumen(Tar),Dry,No influence on accident,Fine,DBpura-Bangalore Road,Bus Stop Near,2 KM,13.195382,77.562985
Bengaluru Dist,Rajanukunte PS,1.04421e+16,2020,1,1,Road Accidents,Narrow road,Rural Areas,Residential area,Human Error,No,Grievous Injury,Hit pedestrian,Controlled,Others,Others,Bitumen(Tar),Dry,Not Applicable,Fine,"Infriont of Complanant House, Nagadasanahalli Village",Nagadasanahalli Village,5 KM,13.142105,77.5703099
Bengaluru Dist,Rajanukunte PS,1.04421e+16,2020,1,2,Road Accidents,Cross roads,Rural Areas,Near office complex,Vehicle Defect,Not Applicable,Damage Only,Vehicle to Vehicle,Controlled,Curve,Others,Bitumen(Tar),Dry,Engineering Defect of Road,Clear,"Near RTO Cross, D B Pura - Singanayakanahalli Road",3 KM,5 KM,13.175615,77.563004
Bengaluru Dist,Rajanukunte PS,1.04421e+16,2020,1,1,Road Accidents,Narrow road,City/Town,Open area,Human Error,No,Fatal,Hit pedestrian,Not at  Junction,Others,State Highway,Bitumen(Tar),Dry,No influence on accident,Fine,Bangalore-DBpura Road,Avalahalli Bharath Petrol Bank Near,4 Km,13.135904,77.480689
Bengaluru Dist,Rajanukunte PS,1.04421e+16,2020,1,2,Road Accidents,Circle,City/Town,Near a religious place,Human Error,No,Grievous Injury,Vehicle to Vehicle,Uncontrolled,Straight and flat,State Highway,Bitumen(Tar),Dry,No influence on accident,Clear,SH,Avalahalli Sri Saibaba Tempke Near,5KM,13.134757,77.570015
Bengaluru Dist,Rajanukunte PS,1.04421e+16,2020,1,2,Road Accidents,Junction,Rural Areas,Near Bus stop,Human Error,No,Grievous Injury,Vehicle to Vehicle,Controlled,Curve,State Highway,Bitumen(Tar),Dry,Not Applicable,Clear,"D B Pura - Bangaluru Road, Avalahalli Near",Avalahalli Village Near,5 KM,13.139291,77.569222
Bengaluru Dist,Rajanukunte PS,1.04421e+16,2020,1,1,Road Accidents,Narrow road,Rural Areas,Open area,Human Error,No,Fatal,Not Applicable,Not at  Junction,Others,State Highway,Bitumen(Tar),Wet,No influence on accident,Light Rain,Bangalore-Doddaballapur Road,Dharmasingh Land near,1 KM,13.187938,77.563624
Bengaluru Dist,Rajanukunte PS,1.04421e+16,2020,1,1,Road Accidents,Narrow road,City/Town,Open area,Human Error,No,Fatal,Not Applicable,Not at  Junction,Others,State Highway,Bitumen(Tar),Dry,No influence on accident,Fine,Bangalore-Doddaballapura,Near Momoos Hotel,5 KM,13.227903,77.549703
Bengaluru Dist,Rajanukunte PS,1.04421e+16,2020,1,1,Road Accidents,Narrow road,Rural Areas,Near or inside a village,Not Applicable,No,Grievous Injury,Hit pedestrian,Controlled,Straight and flat,One way,Bitumen(Tar),Dry,Not Applicable,Fine,"Near Chikkegowda, Sonnenahalli - Chinnasandra Road",Near Chikkegowda Land,8 KM,13.149527,77.555593
Bengaluru Dist,Rajanukunte PS,1.04421e+16,2020,1,2,Road Accidents,Not Applicable,City/Town,Near Petrol Pump,Human Error,No,Grievous Injury,Vehicle to Vehicle,Uncontrolled,Straight and flat,State Highway,Bitumen(Tar),Dry,No influence on accident,Clear,SH,Infront Of Sri Sai Sharadha Petrol Bunk Honnenahalli,2 KM,13.136641,77.486543
Bengaluru Dist,Rajanukunte PS,1.04421e+16,2020,1,2,Road Accidents,Circle,City/Town,Open area,Human Error,No,Damage Only,Vehicle to Vehicle,Uncontrolled,Straight and flat,State Highway,Bitumen(Tar),Dry,No influence on accident,Clear,SH,Singanayakanahalli RTO Cross Near,4,13.14844,77.563135
Bengaluru Dist,Rajanukunte PS,1.04421e+16,2020,1,1,Road Accidents,Narrow road,City/Town,Open area,Human Error,No,Fatal,Hit pedestrian,Not at  Junction,Straight and flat,State Highway,Bitumen(Tar),Dry,No influence on accident,Fine,Bangalore-Doddaballapur Road,Ananda Steel shop near,4 KM,13.147603,77.5695869
Bengaluru Dist,Rajanukunte PS,1.04421e+16,2020,1,1,Road Accidents,Circle,Rural Areas,Residential area,Human Error,No,Grievous Injury,Hit pedestrian,Controlled,Curve,Others,Bitumen(Tar),Dry,Not Applicable,Fine,"Near S M Rajanna House, Shivakote - Bengaluru Road",Shivakote Village,8 KM,13.133956,77.514977
Bengaluru Dist,Rajanukunte PS,1.04421e+16,2020,1,2,Road Accidents,Circle,City/Town,Open area,Human Error,No,Grievous Injury,Vehicle to Vehicle,Uncontrolled,Straight and flat,State Highway,Bitumen(Tar),Dry,No influence on accident,Fine,SH-,Infront of Indian Over Seas Bank,4 KM,13.134088,77.479324
Bengaluru Dist,Rajanukunte PS,1.04421e+16,2020,1,1,Road Accidents,Narrow road,City/Town,Near Bus stop,Human Error,No,Fatal,Hit pedestrian,Not at  Junction,Curve,State Highway,Bitumen(Tar),Dry,No influence on accident,Fine,Bangalore-Doddaballapur Road,Near Sirikeck palece bekry near,500 m,13.171505,77.564588
Bengaluru Dist,Rajanukunte PS,1.04421e+16,2020,1,2,Road Accidents,Not Applicable,City/Town,Open area,Human Error,No,Simple Injury,Vehicle to Vehicle,Uncontrolled,Straight and flat,State Highway,Bitumen(Tar),Dry,Not Applicable,Fine,SH,Sriramanahalli Gate,1 KM,13.124448,77.491218
Bengaluru Dist,Rajanukunte PS,1.04421e+16,2020,1,2,Road Accidents,Circle,City/Town,Open area,Human Error,Yes,Grievous Injury,Vehicle to Vehicle,Uncontrolled,Straight and flat,State Highway,Bitumen(Tar),Dry,No influence on accident,Fine,SH,RTO Cross Near,4 KM,13.147475,77.564587
Bengaluru Dist,Rajanukunte PS,1.04421e+16,2020,1,2,Road Accidents,Not Applicable,City/Town,Open area,Human Error,No,Grievous Injury,Vehicle to Vehicle,Uncontrolled,Others,State Highway,Bitumen(Tar),Dry,No influence on accident,Others,shriramanahalli gate,sramanahalli gate,2,13.194592,77.56301
Bengaluru Dist,Rajanukunte PS,1.04421e+16,2020,1,2,Road Accidents,Cross roads,City/Town,Open area,Human Error,No,Damage Only,Vehicle to Vehicle,Uncontrolled,Straight and flat,State Highway,Bitumen(Tar),Dry,Not Applicable,Clear,SH,Marasandra U Turn,5,13.228963,77.549957
Bengaluru Dist,Rajanukunte PS,1.04421e+16,2021,1,1,Road Accidents,Narrow road,City/Town,Open area,Human Error,No,Fatal,Hit pedestrian,Not at  Junction,Others,Others,Bitumen(Tar),Others,Construction Work / Material,Fine,Bangalore-Doddaballapur Road to Hosahudya Road,Near PKB School,5 KM,13.134434,77.47947
Bengaluru Dist,Rajanukunte PS,1.04421e+16,2021,1,1,Not Applicable,Not Applicable,Rural Areas,Open area,Human Error,Yes,Grievous Injury,Not Applicable,Not Applicable,Others,State Highway,Not Applicable,Dry,Not Applicable,Very Hot,InfrontOf Annapoorna Hotel,InfrontOf Annapoorna Hotel,1/2 KM,13.170513,77.5649229
Bengaluru Dist,Rajanukunte PS,1.04421e+16,2021,1,2,Road Accidents,Not Applicable,Rural Areas,Open area,Vehicle Defect,Not Applicable,Grievous Injury,Vehicle to Vehicle,Not Applicable,Incline,State Highway,Bitumen(Tar),Dry,Not Applicable,Others,Bangaluru Doddaballapur Road,Infront Of Silver Oak Rasort,1 KM,13.183599,77.563873
Bengaluru Dist,Rajanukunte PS,1.04421e+16,2021,1,2,Road Accidents,Circle,Rural Areas,Open area,Human Error,Yes,Simple Injury,Vehicle to Vehicle,Controlled,Others,State Highway,Bitumen(Tar),Dry,Not Applicable,Others,Bangalur-Doddaballapura Main Road,PWC Apartment U Turn,8 kM,13.130126,77.482304
Bengaluru Dist,Rajanukunte PS,1.04421e+16,2021,1,2,Road Accidents,Curves,Rural Areas,Near Petrol Pump,Vehicle Defect,No,Damage Only,Vehicle to Vehicle,Not Applicable,Curve,State Highway,Bitumen(Tar),Dry,Not Applicable,Clear,Doddaballapur Bangaluru Road,Indian Petrol Bunk,2 Km,0.0,0.0
Bengaluru Dist,Rajanukunte PS,1.04421e+16,2021,1,2,Road Accidents,Junction,Rural Areas,Residential area,Human Error,No,Grievous Injury,Vehicle to Vehicle,Give way sign,Straight and flat,State Highway,Bitumen(Tar),Dry,Not Applicable,Fine,Infront of  Silver Oak,Near Silver Oak Resart,1 KM,13.149093,77.550405
Bengaluru Dist,Rajanukunte PS,1.04421e+16,2021,1,2,Road Accidents,Circle,City/Town,Near Petrol Pump,Not Applicable,No,Fatal,Vehicle to Vehicle,Uncontrolled,Others,State Highway,Bitumen(Tar),Others,No influence on accident,Others,Bangalore-Doddaballapura,Rajanukunte,1.6,13.174482,77.549278
Bengaluru Dist,Rajanukunte PS,1.04421e+16,2021,1,2,Road Accidents,Not Applicable,City/Town,Open area,Human Error,No,Grievous Injury,Vehicle to Vehicle,Uncontrolled,Straight and flat,State Highway,Bitumen(Tar),Dry,No influence on accident,Fine,SH,Infront Of Idian Petol Bunk,4 KM,13.157409,77.567514
Bengaluru Dist,Rajanukunte PS,1.04421e+16,2021,1,1,Road Accidents,Narrow road,City/Town,Near office complex,Human Error,No,Fatal,Not Applicable,Not at  Junction,Others,State Highway,Bitumen(Tar),Dry,No influence on accident,Others,Bangalore-Doddaballapura,Rajanukunte Police Station,1.6,13.175969,77.563111
Bengaluru Dist,Rajanukunte PS,1.04421e+16,2021,1,2,Road Accidents,Narrow road,Rural Areas,Open area,Human Error,Yes,Fatal,Vehicle to Vehicle,Not at  Junction,Straight and flat,State Highway,Bitumen(Tar),Dry,No influence on accident,Others,Doddaballapura-Bangalore Road,Near Kadathanamale Toll,2 KM,13.13218,77.482129
Bengaluru Dist,Rajanukunte PS,1.04421e+16,2021,1,2,Road Accidents,Curves,Rural Areas,Open area,Human Error,Yes,Grievous Injury,Vehicle to Vehicle,Controlled,Others,State Highway,Bitumen(Tar),Dry,Not Applicable,Clear,Doddaballapura Benagaluru Road,Infront Of Rajanukunte Police Station,500 M,13.175111,77.567362
Bengaluru Dist,Rajanukunte PS,1.04421e+16,2021,1,1,Road Accidents,Not Applicable,City/Town,At pedestrian Crossing,Not Applicable,No,Grievous Injury,Hit pedestrian,Not Applicable,Not Applicable,State Highway,Bitumen(Tar),Dry,Not Applicable,Clear,State Highway,Near Udupi Park,30 Fee,13.173769,77.547384
Bengaluru Dist,Rajanukunte PS,1.04421e+16,2021,1,2,Road Accidents,Cross roads,Rural Areas,Open area,Human Error,No,Damage Only,Vehicle to Vehicle,Not Applicable,Others,Others,Not Applicable,Dry,Not Applicable,Very Hot,Rajanukunte Kakolu Road Near Krishnappa Land,Near Krishnappa Land,2,13.134358,77.478678
Bengaluru Dist,Rajanukunte PS,1.04421e+16,2021,1,1,Road Accidents,Not Applicable,Rural Areas,Near Hospital,Human Error,Yes,Grievous Injury,Hit pedestrian,Not Applicable,Others,State Highway,Bitumen(Tar),Dry,Not Applicable,Clear,Opposite Of Chiguru Hospital Doddaballapur Bangaluru Main Road,Chiguru Hospital,500 m,13.172921,77.56488
Bengaluru Dist,Rajanukunte PS,1.04421e+16,2021,1,1,Road Accidents,Circle,Rural Areas,At pedestrian Crossing,Human Error,No,Grievous Injury,Hit pedestrian,Controlled,Others,State Highway,Bitumen(Tar),Dry,Not Applicable,Clear,Bangaluru Doddaballapura Main Road Avalahalli Village,Indian Petrol Bunk,3 km,13.13557,77.56887
Bengaluru Dist,Rajanukunte PS,1.04421e+16,2021,1,1,Road Accidents,Curves,Rural Areas,Near a religious place,Not Applicable,No,Grievous Injury,Hit bicyclist,Not Applicable,Others,Others,Bitumen(Tar),Others,Not Applicable,Clear,Arakere Rajanukunte  Road,Venugopal Temple,50 f,13.172891,77.576132
Bengaluru Dist,Rajanukunte PS,1.04421e+16,2021,1,2,Road Accidents,Cross roads,Rural Areas,Near Bus stop,Human Error,No,Grievous Injury,Vehicle to Vehicle,Controlled,Curve,State Highway,Bitumen(Tar),Dry,Not Applicable,Others,Yalahanka-Doddaballapura Main Road,Sriramanahalli Gate,4 KM,13.195187,77.563142
Bengaluru Dist,Rajanukunte PS,1.04421e+16,2021,1,2,Road Accidents,Cross roads,Rural Areas,Near Petrol Pump,Human Error,No,Grievous Injury,Vehicle to Vehicle,Controlled,Others,State Highway,Bitumen(Tar),Dry,Not Applicable,Clear,Bangaluru Doddaballapur Main Road,Indian Petrol Bunk,3 KM,13.156351,77.566353
Bengaluru Dist,Rajanukunte PS,1.04421e+16,2021,1,2,Road Accidents,Narrow road,Rural Areas,Near Petrol Pump,Not Applicable,Yes,Grievous Injury,Vehicle to Vehicle,Controlled,Others,State Highway,Bitumen(Tar),Dry,Not Applicable,Fine,"Near Indian Petrol Bunk, Honnenahalli",Near Petro Bank,1 KM,13.158045,77.566733
Bengaluru Dist,Rajanukunte PS,1.04421e+16,2021,1,1,Road Accidents,Cross roads,Rural Areas,Near a religious place,Human Error,No,Grievous Injury,Hit pedestrian,Controlled,Curve,Others,Bitumen(Tar),Dry,Not Applicable,Fine,"Infront of Hostel, Mavallipura",Near Hostel Mavallipura,6 KM,13.13819,77.530425
Bengaluru Dist,Rajanukunte PS,1.04421e+16,2021,1,2,Road Accidents,Cross roads,Rural Areas,Near School or College,Human Error,Yes,Simple Injury,Vehicle to Vehicle,Controlled,Curve,State Highway,Bitumen(Tar),Dry,Not Applicable,Clear,Doddaballapura-Bangaluru Road,Vishwavidyapeeta,5 KM,13.149052,77.553239
Bengaluru Dist,Rajanukunte PS,1.04421e+16,2021,1,2,Road Accidents,Road hump or Rumble strips,Rural Areas,Near office complex,Human Error,Yes,Simple Injury,Vehicle to Vehicle,Uncontrolled,Others,Others,Bitumen(Tar),Dry,Pot holed,Fine,"Rajanakunte- Kakol Road, Near SBI Bank",Near SBI Bank,1 KM,13.213219,77.515731