DISTRICTNAME,UNITNAME,Crime_No,Year,RI,Noofvehicle_involved,Accident_Classification,Accident_Spot,Accident_Location,Accident_SubLocation,Main_Cause,Hit_Run,Severity,Collision_Type,Junction_Control,Road_Character,Road_Type,Surface_Type,Surface_Condition,Road_Condition,Weather,Accident_Road,Landmark_first,Distance_LandMark_First,Latitude,Longitude
Bengaluru Dist,Rajanukunte PS,1.04421e+16,2021,1,2,Road Accidents,Narrow road,City/Town,Near Petrol Pump,Human Error,No,Fatal,Vehicle to Vehicle,Not at  Junction,Straight and flat,State Highway,Bitumen(Tar),Dry,No influence on accident,Fine,Doddaballapura-Bangalore Road,Near Dominos Hotel,5 KM,13.152543,77.569089
Bengaluru Dist,Rajanukunte PS,1.04421e+16,2021,1,1,Road Accidents,Narrow road,City/Town,Near Petrol Pump,Not Applicable,Yes,Grievous Injury,Hit pedestrian,Not Applicable,Straight and flat,Two way,Bitumen(Tar),Dry,No influence on accident,Fine,Others Road,0,1,13.15761,77.566954
Bengaluru Dist,Rajanukunte PS,1.04421e+16,2021,1,1,Road Accidents,Cross roads,Rural Areas,Open area,Human Error,Yes,Simple Injury,Hit pedestrian,Controlled,Others,Others,Not Applicable,Others,Not Applicable,Others,Krishna Bekary Rajanakunte,Rajanakunte,500 mt,13.175383,77.563846
Bengaluru Dist,Rajanukunte PS,1.04421e+16,2021,1,1,Road Accidents,Not Applicable,City/Town,Open area,Human Error,Not Applicable,Grievous Injury,Hit pedestrian,Uncontrolled,Straight and flat,State Highway,Bitumen(Tar),Dry,No influence on accident,Fine,SH,Infront of Royal Mart,1 KM,13.200387,77.5399509
Bengaluru Dist,Rajanukunte PS,1.04421e+16,2021,1,1,Road Accidents,Junction,Rural Areas,Open area,Human Error,No,Fatal,Hit pedestrian,Uncontrolled,Straight and flat,Others,Bitumen(Tar),Others,Not Applicable,Others,Byatha Village-Dairy road,Near Dairy,1.6,13.174245,77.549634
Bengaluru Dist,Rajanukunte PS,1.04421e+16,2021,1,1,Road Accidents,Cross roads,Rural Areas,Open area,Human Error,No,Damage Only,Not Applicable,Not Applicable,Others,Others,Not Applicable,Not Applicable,Not Applicable,Fine,Near Ittagalpura Cross Rajanukunte Road  Hesaraghatta Hobli Yelahanka Taluk,Near Ittagalpura Chandrashekar Foram House,2 KM,13.170146,77.550336
Bengaluru Dist,Rajanukunte PS,1.04421e+16,2021,1,2,Road Accidents,Circle,Rural Areas,Near Bus stop,Human Error,No,Grievous Injury,Vehicle to Vehicle,Not Applicable,Others,State Highway,Bitumen(Tar),Dry,Not Applicable,Others,Bangaluru Doddaballapur Road,Suradhenupur Gate,8 Km,13.204433,77.559454
Bengaluru Dist,Rajanukunte PS,1.04421e+16,2021,1,2,Road Accidents,Not Applicable,Rural Areas,Near or inside a village,Vehicle Defect,Yes,Simple Injury,Vehicle to Vehicle,Police / Manual,Others,Not Applicable,Bitumen(Tar),Dry,Not Applicable,Fine,Byrapur Haniyuru Road,Ramakrishnapps Farm,10,13.215231,77.517412
Bengaluru Dist,Rajanukunte PS,1.04421e+16,2021,1,2,Not Applicable,Not Applicable,Rural Areas,Open area,Human Error,No,Grievous Injury,Not Applicable,Not Applicable,Not Applicable,Not Applicable,Not Applicable,Dry,Not Applicable,Others,Kumar Granets Factory,Kumar Granets Factory,5 KM,13.194796,77.554902
Bengaluru Dist,Rajanukunte PS,1.04421e+16,2021,1,1,Road Accidents,Narrow road,Rural Areas,Near a factory industrial area,Human Error,No,Grievous Injury,Hit bicyclist,Uncontrolled,Hump,State Highway,Bitumen(Tar),Dry,Not Applicable,Fine,Infront of  Rigle Factory,Rajanakunte Infront of Rigle Factory,1/2 KM,13.179417,77.5643
Bengaluru Dist,Rajanukunte PS,1.04421e+16,2021,1,1,Road Accidents,Narrow road,Rural Areas,Near School or College,Human Error,No,Fatal,Not Applicable,Not at  Junction,Straight and flat,Others,Bitumen(Tar),Dry,No influence on accident,Fine,Kakolu-Rajanukunte Road,Near suresh land,5 KM,13.172149,77.536461
Bengaluru Dist,Rajanukunte PS,1.04421e+16,2021,1,2,Road Accidents,Cross roads,Rural Areas,Open area,Human Error,No,Grievous Injury,Vehicle to Vehicle,Not Applicable,Others,Others,Bitumen(Tar),Dry,Not Applicable,Clear,Mylappanahalli Mavallipur Road Near Shanimahatma Tample,Near Shanimahathma Tample,8 KM,13.136591,77.480491
Bengaluru Dist,Rajanukunte PS,1.04421e+16,2021,1,2,Road Accidents,Not Applicable,Rural Areas,Near or inside a village,Road Environment Defect,No,Grievous Injury,Vehicle to Vehicle,Controlled,Others,Others,Not Applicable,Muddy,Not Applicable,Heavy Rain,Yadiyurapppa Nagara Nera Powar Greed,Yadiyurapppa Nagara Nera Powar Greed,4Km,13.150768,77.556551
Bengaluru Dist,Rajanukunte PS,1.04421e+16,2021,1,2,Not Applicable,Cross roads,Rural Areas,Near a factory industrial area,Human Error,Yes,Grievous Injury,Vehicle to Vehicle,Give way sign,Others,Two way,Surfaced,Others,Not Applicable,Others,Infront Of KMF Rajanukunte DBPura Main Road,kmf factory,500 mt,13.174134,77.5526789
Bengaluru Dist,Rajanukunte PS,1.04421e+16,2021,1,1,Road Accidents,Cross roads,Rural Areas,Near Bus stop,Human Error,No,Grievous Injury,Not Applicable,Stop Sign,Hump,State Highway,Bitumen(Tar),Dry,Not Applicable,Clear,Near Aradeshanahalli Gate,Near Aradeshanahalli Gate,4 KM,13.215993,77.552956
Bengaluru Dist,Rajanukunte PS,1.04421e+16,2021,1,2,Road Accidents,Not Applicable,Rural Areas,Open area,Human Error,No,Grievous Injury,Vehicle to Vehicle,Not Applicable,Others,One way,Not Applicable,Dry,Not Applicable,Others,Near Raksha Hospital Rajanukunte Village,Near Raksha Hospital Rajanukunte Village,1,13.171573,77.558743
Bengaluru Dist,Rajanukunte PS,1.04421e+16,2021,1,1,Road Accidents,Not Applicable,Rural Areas,Open area,Human Error,No,Damage Only,Not Applicable,Not at  Junction,Not Applicable,Not Applicable,Not Applicable,Dry,Not Applicable,Others,Doddaballapura Bangalore Main Road Marasandra Village Hesaraghatta Hobli,Sun Rice Gym,5 KM,13.22655,77.549268
Bengaluru Dist,Rajanukunte PS,1.04421e+16,2021,1,1,Road Accidents,Narrow road,Rural Areas,Near Hospital,Human Error,No,Grievous Injury,Hit pedestrian,Signals (Not working),Others,Two way,Bitumen(Tar),Dry,Not Applicable,Fine,"Rajanakunte- Kakol Road, Near Raksh Hospital",Near Raksha Hospital,1/2 KM,13.172051,77.558951
Bengaluru Dist,Rajanukunte PS,1.04421e+16,2021,1,2,Road Accidents,Curves,City/Town,Near office complex,Human Error,No,Fatal,Vehicle to Vehicle,Not at  Junction,Curve,State Highway,Bitumen(Tar),Dry,No influence on accident,Fine,Doddaballapura-Bangalore,Near Poornima Hotel,300 M,13.172653,77.564284
Bengaluru Dist,Rajanukunte PS,1.04421e+16,2021,1,2,Road Accidents,Not Applicable,City/Town,Open area,Human Error,Yes,Simple Injury,Vehicle to Vehicle,Not Applicable,Others,State Highway,Bitumen(Tar),Dry,Not Applicable,Fine,Doddaballapura-Bangalore State Highway,0,0,13.174949,77.5638739
Bengaluru Dist,Rajanukunte PS,1.04421e+16,2021,1,1,Road Accidents,Cross roads,Rural Areas,Open area,Human Error,Yes,Fatal,Hit pedestrian,Uncontrolled,Straight and flat,State Highway,Bitumen(Tar),Dry,Not Applicable,Clear,Bangalur Doddaballapura Main Road,Doddaballapura bangalore road,5 kms,0.0,0.0
Bengaluru Dist,Rajanukunte PS,1.04421e+16,2021,1,2,Road Accidents,Not Applicable,Rural Areas,Open area,Human Error,No,Simple Injury,Vehicle to Vehicle,Not Applicable,Not Applicable,NH,Not Applicable,Dry,Not Applicable,Very Hot,Doddaballapur Bangaluru Road,Suradhenupur Gate,3 KM,0.0,0.0
Bengaluru Dist,Rajanukunte PS,1.04421e+16,2021,1,2,Road Accidents,Narrow road,Rural Areas,Near a factory industrial area,Human Error,No,Grievous Injury,Vehicle to Vehicle,Controlled,Curve,Others,Bitumen(Tar),Dry,Not Applicable,Fine,Near V K Infrastructures Halow Bricks,Near Kakol Hollow Bricks Factory,3 KM,13.187658,77.514308
Bengaluru Dist,Rajanukunte PS,1.04421e+16,2021,1,2,Road Accidents,Curves,Rural Areas,Near Petrol Pump,Vehicle Defect,No,Grievous Injury,Vehicle to Vehicle,Controlled,Curve,State Highway,Bitumen(Tar),Dry,Not Applicable,Clear,Bangalore -Dbpura Main Road,Bangalore  Doddaballapur Main Road,2 KM,13.158072,77.567259
Bengaluru Dist,Rajanukunte PS,1.04421e+16,2021,1,1,Road Accidents,Circle,City/Town,At pedestrian Crossing,Human Error,Not Applicable,Fatal,Hit pedestrian,Give way sign,Straight and flat,State Highway,Bitumen(Tar),Dry,No influence on accident,Cloudy,Rajanukute,Rajanukunte,0.5 km,13.148874,77.550806
Bengaluru Dist,Rajanukunte PS,1.04421e+16,2021,1,2,Not Applicable,Not Applicable,Rural Areas,Open area,Human Error,No,Damage Only,Vehicle to Vehicle,Stop sign,Others,State Highway,Not Applicable,Dry,Not Applicable,Others,HP Petrol Bunk Honnenahalli Village Hesaraghatta Hobli,HP Petrol Bank,2 KM,13.164083,77.566104
Bengaluru Dist,Rajanukunte PS,1.04421e+16,2021,1,2,Road Accidents,Not Applicable,Rural Areas,Residential area,Human Error,Yes,Grievous Injury,Vehicle to Vehicle,Controlled,Others,Others,Gravel,Others,Not Applicable,Clear,Doddabalalpur Bengaluru Main Road Honnenahalli Indian Oil Petrol Bunk,Kadatnamale  quaternary Lake,8 km,13.211567,77.550715
Bengaluru Dist,Rajanukunte PS,1.04421e+16,2021,1,2,Road Accidents,Circle,City/Town,Open area,Vehicle Defect,No,Grievous Injury,Not Applicable,Controlled,Others,NH,Not Applicable,Not Applicable,Not Applicable,Clear,Bangalore -Dbpura Main Road,Db pura Bangalore Main Road,500Mtr,13.173061,77.564676
Bengaluru Dist,Rajanukunte PS,1.04421e+16,2021,1,2,Road Accidents,Circle,City/Town,Near Bus stop,Human Error,No,Fatal,Vehicle to Vehicle,Not at  Junction,Curve,State Highway,Bitumen(Tar),Dry,No influence on accident,Fine,DBpura-Bangalore Road,Raitha seva sahakara Sangha Office Near,5 KM,13.175729,77.563515
Bengaluru Dist,Rajanukunte PS,1.04421e+16,2021,1,2,Road Accidents,Circle,Rural Areas,Open area,Road Environment Defect,No,Simple Injury,Vehicle to Vehicle,Controlled,Others,State Highway,Bitumen(Tar),Dry,Not Applicable,Clear,Dbpur-Banagluru Road,Near Poojamma Tample,3 KM,13.148976,77.555191
Bengaluru Dist,Rajanukunte PS,1.04421e+16,2021,1,2,Road Accidents,Cross roads,Rural Areas,Open area,Human Error,No,Grievous Injury,Vehicle to Vehicle,No signal lights,Not Applicable,NH,Not Applicable,Dry,Not Applicable,Very Hot,Infront of Wooden Table Restorent Marasandra,Infront of Wooden Table Restorent Marasandra,6 KM,13.18477,77.556287
Bengaluru Dist,Rajanukunte PS,1.04421e+16,2021,1,2,Road Accidents,Cross roads,Rural Areas,Open area,Human Error,Yes,Simple Injury,Vehicle to Vehicle,Not Applicable,Not Applicable,State Highway,Not Applicable,Dry,Not Applicable,Fine,InfaONT of KMF feeds Factory Rajanukunte Village,InfaONT of KMF feeds Factory Rajanukunte Village,1/2 KM,13.179167,77.564056
Bengaluru Dist,Rajanukunte PS,1.04421e+16,2021,1,2,Road Accidents,Narrow road,Rural Areas,Near Petrol Pump,Human Error,No,Fatal,Vehicle to Vehicle,Not at  Junction,Others,State Highway,Bitumen(Tar),Dry,No influence on accident,Fine,Bangalore-Doddaballapur Road,Indian petrol bank near,4 K M,13.158381,77.566971
Bengaluru Dist,Rajanukunte PS,1.04421e+16,2021,1,1,Road Accidents,Narrow road,Rural Areas,Open area,Human Error,No,Fatal,Hit pedestrian,Not at  Junction,Others,State Highway,Bitumen(Tar),Dry,No influence on accident,Fine,Bangalore-Doddaballapur Road,near Pravident welwarth city apartment,5 KM,13.21731,77.550583
Bengaluru Dist,Rajanukunte PS,1.04421e+16,2022,1,2,Road Accidents,Junction,Rural Areas,Near Bus stop,Human Error,No,Fatal,Vehicle to Vehicle,Give way sign,Others,One way,Bitumen(Tar),Dry,No influence on accident,Clear,Honnenahalli,Honnenahalli,5 kms,13.156744,77.56367
Bengaluru Dist,Rajanukunte PS,1.04421e+16,2022,1,2,Road Accidents,Circle,Rural Areas,Near Bus stop,Human Error,No,Fatal,Vehicle to Vehicle,Stop Sign,Not Applicable,State Highway,Bitumen(Tar),Dry,No influence on accident,Clear,Bangalur Doddaballapura Main Road,Honnenahalli,1 KM,13.157289,77.567305
Bengaluru Dist,Rajanukunte PS,1.04421e+16,2022,1,2,Road Accidents,Cross roads,Rural Areas,Near Petrol Pump,Human Error,No,Grievous Injury,Vehicle to Vehicle,Not at  Junction,Curve,State Highway,Bitumen(Tar),Dry,Not Applicable,Others,Doddaballapura-Bangaluru Main Road,Petrol Bunk,0.5,13.134068,77.513931
Bengaluru Dist,Rajanukunte PS,1.04421e+16,2022,1,2,Road Accidents,Curves,Rural Areas,Open area,Human Error,No,Grievous Injury,Vehicle to Vehicle,Not Applicable,Not Applicable,Not Applicable,Bitumen(Tar),Dry,Not Applicable,Clear,Haniyuru-Channasandra Road Near Kakolu Lake,Kakolu Lake,7 KM,13.201805,77.538773
Bengaluru Dist,Rajanukunte PS,1.04421e+16,2022,1,2,Road Accidents,Curves,Rural Areas,Near Petrol Pump,Human Error,No,Grievous Injury,Vehicle to Vehicle,Controlled,Curve,State Highway,Bitumen(Tar),Dry,Not Applicable,Others,Doddaballapura Bangaluru Main Road,Indian Petrol Bunk,3 KM,13.158505,77.569316
Bengaluru Dist,Rajanukunte PS,1.04421e+16,2022,1,2,Road Accidents,Curves,Rural Areas,Near a religious place,Vehicle Defect,No,Damage Only,Vehicle to Vehicle,Controlled,Curve,State Highway,Bitumen(Tar),Dry,Not Applicable,Not Applicable,Bangaluru Doddaballapur Main Road,Mutturayaswany temple,4km,13.135346,77.569208
Bengaluru Dist,Rajanukunte PS,1.04421e+16,2022,1,2,Road Accidents,Not Applicable,Rural Areas,Open area,Human Error,No,Grievous Injury,Vehicle to Vehicle,Not Applicable,Not Applicable,State Highway,Not Applicable,Dry,Not Applicable,Fine,Bangalore DB Pura Road Near Honnenahalli Petrol Bunk,Honnenahalli Petrol Bunk,1 KM,13.159809,77.566679
Bengaluru Dist,Rajanukunte PS,1.04421e+16,2022,1,2,Road Accidents,Cross roads,Rural Areas,Near or inside a village,Not Applicable,No,Damage Only,Vehicle to Vehicle,Not Applicable,Others,Others,Bitumen(Tar),Others,Not Applicable,Clear,Other Road,Zed Hearth Land,50Feet,13.2223,77.567883
Bengaluru Dist,Rajanukunte PS,1.04421e+16,2022,1,2,Road Accidents,Circle,Rural Areas,Open area,Human Error,Yes,Grievous Injury,Vehicle to Vehicle,Controlled,Others,State Highway,Bitumen(Tar),Dry,Not Applicable,Clear,Bangalur Doddaballapura Main Road,Prestiage Royal Garden,4 KM,13.139847,77.569524
Bengaluru Dist,Rajanukunte PS,1.04421e+16,2022,1,1,Road Accidents,Cross roads,Rural Areas,At pedestrian Crossing,Human Error,No,Fatal,Hit pedestrian,Uncontrolled,Curve,Others,Bitumen(Tar),Dry,Drainage Ditch,Clear,Mavallipura village,over turn,8 km,13.119658,77.5215219
Bengaluru Dist,Rajanukunte PS,1.04421e+16,2022,1,1,Road Accidents,Narrow road,Rural Areas,Open area,Human Error,Not Applicable,Grievous Injury,Hit pedestrian,Controlled,Straight and flat,State Highway,Bitumen(Tar),Dry,Not Applicable,Clear,Doddaballapura Bangalore Main road Near Nithyosava Chowtry,Singanayakanahalli,2,13.151558,77.568817
Bengaluru Dist,Rajanukunte PS,1.04421e+16,2022,1,2,Road Accidents,Curves,Rural Areas,Open area,Human Error,Yes,Simple Injury,Vehicle to Vehicle,Uncontrolled,Curve,State Highway,Bitumen(Tar),Dry,Not Applicable,Clear,Avalahalli petrol Bunk,Yelahanka doddaballapura road avalahalli,5 kms,0.0,0.0
Bengaluru Dist,Rajanukunte PS,1.04421e+16,2022,1,1,Road Accidents,Narrow road,Rural Areas,Near Bus stop,Human Error,Yes,Simple Injury,Hit pedestrian,Controlled,Not Applicable,State Highway,Bitumen(Tar),Dry,Not Applicable,Fine,Bangalore DB Pura Main Road Infront Of Big Market Singanayakanhalli,Infront Of The Big Market Singanayakanahalli,3 km,0.0,0.0
Bengaluru Dist,Rajanukunte PS,1.04421e+16,2022,1,2,Road Accidents,Narrow road,Rural Areas,Open area,Human Error,Yes,Fatal,Vehicle to Vehicle,Not at  Junction,Others,State Highway,Bitumen(Tar),Others,No influence on accident,Fine,Yalahanka-DBPura,Woodan Table Restorent Hotel front,5 Km,13.22244,77.549908
Bengaluru Dist,Rajanukunte PS,1.04421e+16,2022,1,1,Road Accidents,Curves,Rural Areas,Open area,Human Error,No,Fatal,Vehicle to Vehicle,Uncontrolled,Others,Others,Bitumen(Tar),Others,No influence on accident,Others,Suradenupura,Suradenpura,1.6,13.133747,77.514291
Bengaluru Dist,Rajanukunte PS,1.04421e+16,2022,1,2,Road Accidents,Circle,Rural Areas,Open area,Vehicle Defect,No,Damage Only,Vehicle to Vehicle,Controlled,Curve,State Highway,Bitumen(Tar),Dry,Not Applicable,Others,Doddaballapur Bangaluru Main Road,Rajanukunte Circle,500 M,13.173052,77.564387
Bengaluru Dist,Rajanukunte PS,1.04421e+16,2022,1,2,Road Accidents,Not Applicable,Rural Areas,Open area,Human Error,No,Grievous Injury,Not Applicable,Not Applicable,Others,State Highway,Not Applicable,Dry,Not Applicable,Very Hot,DB Pura Yelahanka Road U Turn Near Rajanukunte,U Turn,1 KM,13.179951,77.564098
Bengaluru Dist,Rajanukunte PS,1.04421e+16,2022,1,1,Road Accidents,Cross roads,City/Town,Open area,Human Error,Yes,Grievous Injury,Hit pedestrian,Uncontrolled,Others,State Highway,Bitumen(Tar),Others,Not Applicable,Others,SH,Rachana Bar,1.5,13.201079,77.560858
Bengaluru Dist,Rajanukunte PS,1.04421e+16,2022,1,2,Road Accidents,Circle,Rural Areas,Near Petrol Pump,Vehicle Defect,No,Damage Only,Vehicle to Vehicle,Controlled,Others,State Highway,Bitumen(Tar),Dry,Not Applicable,Others,Bangaluru Doddaballapura Main Road,Indian Petrol Bunk,1 KM,13.157756,77.5670779
Bengaluru Dist,Rajanukunte PS,1.04421e+16,2022,1,2,Road Accidents,Narrow road,Rural Areas,Open area,Human Error,No,Simple Injury,Vehicle to Vehicle,Controlled,Straight and flat,State Highway,Bitumen(Tar),Dry,Not Applicable,Fine,DB Pura-Bangalore  Main Road,Marasandra,5 km,0.0,0.0
Bengaluru Dist,Rajanukunte PS,1.04421e+16,2022,1,2,Road Accidents,Not Applicable,Rural Areas,Near School or College,Human Error,No,Grievous Injury,Vehicle to Vehicle,Uncontrolled,Others,Two way,Surfaced,Others,Not Applicable,Others,Marasandra village,PKB School,8 km,13.175022,77.568456
Bengaluru Dist,Rajanukunte PS,1.04421e+16,2022,1,2,Road Accidents,Road hump or Rumble strips,Rural Areas,Near a religious place,Human Error,No,Fatal,Vehicle to Vehicle,Controlled,Others,Residential Street,Surfaced,Others,Not Applicable,Others,"in front of oyasis,near muneshwar temple",near muneshwara temple,3,13.186959,77.551178
Bengaluru Dist,Rajanukunte PS,1.04421e+16,2022,1,2,Road Accidents,Not Applicable,Rural Areas,Open area,Human Error,No,Simple Injury,Vehicle to Vehicle,Not Applicable,Not Applicable,State Highway,Not Applicable,Dry,Not Applicable,Fine,U Turn Near HP Petrol Bunk Rajanukunte,U Turn Near HP Petrol Bunk Rajanukunte,1,0.0,0.0
Bengaluru Dist,Rajanukunte PS,1.04421e+16,2022,1,2,Road Accidents,Curves,Rural Areas,Open area,Human Error,Yes,Fatal,Vehicle to Vehicle,Uncontrolled,Curve,State Highway,Bitumen(Tar),Dry,Construction Work / Material,Cloudy,Rajanukunte madhure Road,madhure Rajanukunte Road,8 km,13.18575,77.516602
Bengaluru Dist,Rajanukunte PS,1.04421e+16,2022,1,2,Road Accidents,Not Applicable,Rural Areas,Open area,Human Error,Yes,Grievous Injury,Vehicle to Vehicle,Not Applicable,Others,State Highway,Not Applicable,Dry,Not Applicable,Fine,Near Provident Welworth City U Turn Marasandra,Near Provident Welworth City U Turn Marasandra,7,13.229939,77.550016
Bengaluru Dist,Rajanukunte PS,1.04421e+16,2022,1,1,Road Accidents,Circle,Rural Areas,Open area,Not Applicable,No,Fatal,Not Applicable,Not at  Junction,Others,One way,Bitumen(Tar),Dry,Not Applicable,Others,0,0,2 km,13.166964,77.529347
Bengaluru Dist,Rajanukunte PS,1.04421e+16,2022,1,2,Road Accidents,Narrow road,Rural Areas,Open area,Human Error,No,Grievous Injury,Vehicle to Vehicle,Police / Manual,Others,Two way,Surfaced,Others,Not Applicable,Fine,Kadatanamale lake,kadatanamale lake,7 km,13.210001,77.545672
Bengaluru Dist,Rajanukunte PS,1.04421e+16,2022,1,2,Road Accidents,Narrow road,Rural Areas,Residential area,Human Error,No,Simple Injury,Vehicle to Vehicle,Uncontrolled,Curve,Residential Street,Bitumen(Tar),Dry,Not Applicable,Clear,Near Kadatanamale lake,kadatanamale lake,6 km,13.210409,77.547424
Bengaluru Dist,Rajanukunte PS,1.04421e+16,2022,1,2,Not Applicable,Curves,Rural Areas,Open area,Human Error,Yes,Simple Injury,Vehicle to Vehicle,Uncontrolled,Curve,Sub Arterial,Bitumen(Tar),Dry,Not Applicable,Clear,DB pura Ardeshanahalli road,curve,500 mt,13.213091,77.55446
Bengaluru Dist,Rajanukunte PS,1.04421e+16,2022,1,2,Road Accidents,Not Applicable,Rural Areas,Open area,Human Error,Yes,Grievous Injury,Vehicle to Vehicle,Not Applicable,Not Applicable,State Highway,Not Applicable,Dry,Not Applicable,Fine,Near HP Petrol Bunk Honnenahalli,Near HP Petrol Bunk Honnenahalli,1,13.157668,77.567067
Bengaluru Dist,Rajanukunte PS,1.04421e+16,2022,1,2,Road Accidents,Circle,Rural Areas,Open area,Human Error,Not Applicable,Simple Injury,Vehicle to Vehicle,Controlled,Straight and flat,State Highway,Bitumen(Tar),Dry,Not Applicable,Fine,Doddaballapura- Bangaluru Main Road,Near U Turn Avalahalli,5 km,13.135194,77.569051
Bengaluru Dist,Rajanukunte PS,1.04421e+16,2022,1,2,Road Accidents,Narrow road,Rural Areas,Near or inside a village,Human Error,No,Grievous Injury,Vehicle to Vehicle,Police / Manual,Others,Others,Surfaced,Others,Not Applicable,Fine,Near dibbur village,infront of Presidency college,4 km,13.1721,77.535766
Bengaluru Dist,Rajanukunte PS,1.04421e+16,2022,1,2,Road Accidents,Narrow road,Rural Areas,Near Bus stop,Human Error,No,Grievous Injury,Vehicle to Vehicle,Not at  Junction,Others,State Highway,Bitumen(Tar),Dry,No influence on accident,Fine,Bangalore DbPura Road,Near Suradenupura Gate,4 KM,13.204759,77.557482
Bengaluru Dist,Rajanukunte PS,1.04421e+16,2022,1,2,Road Accidents,Circle,Rural Areas,Near Petrol Pump,Human Error,Yes,Simple Injury,Vehicle to Vehicle,Controlled,Not Applicable,State Highway,Bitumen(Tar),Others,Not Applicable,Clear,Doddaballapura Bangaluru Main Road,Petrol Bunk,4 KM,13.130436,77.571258
Bengaluru Dist,Rajanukunte PS,1.04421e+16,2022,1,2,Road Accidents,Narrow road,Rural Areas,Near Petrol Pump,Human Error,No,Fatal,Vehicle to Vehicle,Uncontrolled,Others,Others,Bitumen(Tar),Others,No influence on accident,Others,Kakolu-Rajanukunte road,Near H P Petrol Bunk,1.6,13.196199,77.500457
Bengaluru Dist,Rajanukunte PS,1.04421e+16,2022,1,2,Road Accidents,Circle,Rural Areas,Open area,Human Error,No,Fatal,Vehicle to Vehicle,Uncontrolled,Straight and flat,State Highway,Bitumen(Tar),Dry,Not Applicable,Clear,State Highway,Singanayakanahalli Circle,4 kms,13.147747,77.568967
Bengaluru Dist,Rajanukunte PS,1.04421e+16,2022,1,1,Road Accidents,Narrow road,Rural Areas,Open area,Human Error,No,Grievous Injury,Hit pedestrian,Not Applicable,Others,Others,Not Applicable,Dry,Not Applicable,Others,Shivakote Bus Stand,Shivakote Bus Stand,10 KM,13.133963,77.514613
Bengaluru Dist,Rajanukunte PS,1.04421e+16,2022,1,2,Road Accidents,Not Applicable,Rural Areas,Open area,Human Error,No,Simple Injury,Vehicle to Vehicle,Not Applicable,Others,State Highway,Not Applicable,Dry,Not Applicable,Very Hot,Nera Silver Oak Rajanukunte Yelahanka DB Pura Road,Nera Silver Oak Rajanukunte Yelahanka DB Pura Road,1KM,13.184907,77.560838
Bengaluru Dist,Rajanukunte PS,1.04421e+16,2022,1,1,Road Accidents,Narrow road,Rural Areas,Near office complex,Not Applicable,Yes,Grievous Injury,Hit pedestrian,Not at  Junction,Others,Others,Bitumen(Tar),Dry,No influence on accident,Fine,Singanayakanahalli-RTO Office Road,near RTO Office,3 KM,0.0,0.0
Bengaluru Dist,Rajanukunte PS,1.04421e+16,2022,1,2,Road Accidents,Circle,Rural Areas,Open area,Human Error,No,Grievous Injury,Vehicle to Vehicle,Uncontrolled,Curve,Two way,Bitumen(Tar),Dry,Not Applicable,Clear,Nellakunte village,Nellakunte village,9 km,13.131697,77.4851799
Bengaluru Dist,Rajanukunte PS,1.04421e+16,2022,1,2,Road Accidents,Narrow road,Rural Areas,Near School or College,Human Error,Yes,Simple Injury,Vehicle to Vehicle,Controlled,Straight and flat,State Highway,Bitumen(Tar),Dry,Not Applicable,Fine,Bangalore DB Pura Main Road Oppsite BMSIT College,Opposite of BMSIT College  Avalahalli,5 km,13.134062,77.569513
Bengaluru Dist,Rajanukunte PS,1.04421e+16,2022,1,2,Road Accidents,Narrow road,Rural Areas,Near Petrol Pump,Human Error,No,Fatal,Vehicle to Vehicle,Not at  Junction,Others,State Highway,Bitumen(Tar),Dry,No influence on accident,Fine,Bangalore To Gowribidanuru,Near Indian Oil petrol bunk,2 KM,13.157296,77.568329
Bengaluru Dist,Rajanukunte PS,1.04421e+16,2022,1,1,Road Accidents,Junction,City/Town,Open area,Human Error,No,Fatal,Hit pedestrian,Uncontrolled,Others,State Highway,Bitumen(Tar),Others,Not Applicable,Others,SH Road,K C mobile Service Center,1.6,13.227304,77.54958
Bengaluru Dist,Rajanukunte PS,1.04421e+16,2022,1,2,Road Accidents,Not Applicable,Rural Areas,Residential area,Human Error,Not Applicable,Grievous Injury,Vehicle to Vehicle,Controlled,Not Applicable,Others,Bitumen(Tar),Dry,Not Applicable,Fine,Nellakunte village,Nellukunte village,8 km,13.217945,77.530086
Bengaluru Dist,Rajanukunte PS,1.04421e+16,2022,1,2,Road Accidents,Curves,Rural Areas,Open area,Human Error,No,Grievous Injury,Vehicle to Vehicle,Uncontrolled,Straight and flat,State Highway,Bitumen(Tar),Dry,Not Applicable,Clear,Doddaballapur Bangaluru Road Near KMF factory,Rajanukunte KMF,1 KM,13.178941,77.5640099
Bengaluru Dist,Rajanukunte PS,1.04421e+16,2022,1,2,Road Accidents,Not Applicable,Rural Areas,Open area,Human Error,No,Simple Injury,Not Applicable,Not Applicable,Others,Others,Not Applicable,Dry,Not Applicable,Fine,Arakere Colony Arakere Road Near Ramannas House Hesaraghatta Hobli,Arakere Colony Arakere Road Near Ramannas House,6 KM,13.200638,77.538696