DISTRICTNAME,UNITNAME,Crime_No,Year,RI,Noofvehicle_involved,Accident_Classification,Accident_Spot,Accident_Location,Accident_SubLocation,Main_Cause,Hit_Run,Severity,Collision_Type,Junction_Control,Road_Character,Road_Type,Surface_Type,Surface_Condition,Road_Condition,Weather,Accident_Road,Landmark_first,Distance_LandMark_First,Latitude,Longitude
Bengaluru Dist,Rajanukunte PS,1.04421e+16,2022,1,2,Road Accidents,Narrow road,Rural Areas,Open area,Human Error,No,Grievous Injury,Vehicle to Vehicle,Uncontrolled,Others,Two way,Surfaced,Others,Not Applicable,Others,Dibbur gate,Dibbur Gate,05 km,0.0,0.0
Bengaluru Dist,Rajanukunte PS,1.04421e+16,2022,1,2,Road Accidents,Not Applicable,Rural Areas,Open area,Human Error,No,Simple Injury,Vehicle to Vehicle,Not Applicable,Others,State Highway,Not Applicable,Dry,Not Applicable,Fine,Aradeshanahalli Gate,Aradeshanahalli Gate,7 KM,0.0,0.0
Bengaluru Dist,Rajanukunte PS,1.04421e+16,2022,1,1,Road Accidents,Not Applicable,Rural Areas,Near or inside a village,Not Applicable,No,Damage Only,Not Applicable,Not Applicable,Others,Service Road,Kutcha,Muddy,Not Applicable,Clear,Other Road,Near Addevishwanathapura Village,35Feet,13.174522,77.566949
Bengaluru Dist,Rajanukunte PS,1.04421e+16,2022,1,1,Road Accidents,Cross roads,Rural Areas,Open area,Human Error,No,Simple Injury,Hit bicyclist,Uncontrolled,Straight and flat,State Highway,Bitumen(Tar),Dry,Not Applicable,Fine,DB Pura-Bangalore  Main Road,Near Vishwa Vidhyapeetha School Honnenahalli,2km,13.150915,77.569059
Bengaluru Dist,Rajanukunte PS,1.04421e+16,2022,1,2,Road Accidents,Narrow road,Rural Areas,Open area,Human Error,No,Grievous Injury,Vehicle to Vehicle,Not Applicable,Not Applicable,State Highway,Not Applicable,Dry,Not Applicable,Very Hot,Aradeshanahalli Gate u Turn,Aradeshanahalli Gate u Turn,6 KM,13.214681,77.553506
Bengaluru Dist,Rajanukunte PS,1.04421e+16,2022,1,3,Road Accidents,Junction,Rural Areas,Near a religious place,Human Error,No,Damage Only,Vehicle to Vehicle,Not Applicable,Curve,State Highway,Bitumen(Tar),Not Applicable,Not Applicable,Very Hot,Avalahalli U turn,Near Sai baba temple Avalahalli,4 kms,13.135242,77.5692249
Bengaluru Dist,Rajanukunte PS,1.04421e+16,2022,1,2,Not Applicable,Not Applicable,Rural Areas,Open area,Human Error,No,Grievous Injury,Vehicle to Vehicle,Controlled,Not Applicable,State Highway,Bitumen(Tar),Dry,Not Applicable,Fine,State Highway,Bengaluru doddaballapura,4 km,13.212646,77.554495
Bengaluru Dist,Rajanukunte PS,1.04421e+16,2022,1,2,Road Accidents,Not Applicable,Rural Areas,Open area,Human Error,No,Grievous Injury,Vehicle to Vehicle,Controlled,Not Applicable,State Highway,Bitumen(Tar),Dry,Not Applicable,Fine,Bangalur Doddaballapura Main Road,Bangalururu,500 mt,13.168902,77.564692
Bengaluru Dist,Rajanukunte PS,1.04421e+16,2022,1,1,Road Accidents,Narrow road,City/Town,Open area,Human Error,No,Damage Only,Not Applicable,Not at  Junction,Straight and flat,State Highway,Bitumen(Tar),Dry,No influence on accident,Fine,Bangalore Doddaballapur,Near Zed earth,5,13.209205,77.5561909
Bengaluru Dist,Rajanukunte PS,1.04421e+16,2022,1,2,Road Accidents,Cross roads,Rural Areas,Open area,Human Error,No,Fatal,Vehicle to Vehicle,Not at  Junction,Straight and flat,State Highway,Bitumen(Tar),Dry,No influence on accident,Fine,Bangalore To Gowribidanuru Road,Near U Tarn,7 K M,13.202337,77.559864
Bengaluru Dist,Rajanukunte PS,1.04421e+16,2022,1,2,Road Accidents,Narrow road,City/Town,Open area,Human Error,No,Fatal,Vehicle to Vehicle,Uncontrolled,Others,State Highway,Bitumen(Tar),Others,No influence on accident,Others,Shreeramanahalli Gate,Shreeramanahalli Gate,1.6,13.194897,77.553509
Bengaluru Dist,Rajanukunte PS,1.04421e+16,2022,1,2,Road Accidents,Narrow road,Rural Areas,Open area,Human Error,No,Grievous Injury,Vehicle to Vehicle,Controlled,Straight and flat,State Highway,Bitumen(Tar),Dry,Not Applicable,Fine,Infront Of KMF Rajanukunte DBPura Main Road,Infront Of KMF Rajanukunte DBPura Main Road,1 km,13.175736,77.564335
Bengaluru Dist,Rajanukunte PS,1.04421e+16,2022,1,2,Road Accidents,Narrow road,Rural Areas,Open area,Human Error,No,Simple Injury,Vehicle to Vehicle,Controlled,Straight and flat,State Highway,Bitumen(Tar),Others,Not Applicable,Fine,Yalahanka -Bangaluru Main Road Infront Of Big Market Singanayakanahalli,Singanayakanahalli,3 km,13.145487,77.569721
Bengaluru Dist,Rajanukunte PS,1.04421e+16,2022,1,1,Road Accidents,Curves,Rural Areas,Open area,Human Error,No,Fatal,Not Applicable,Not at  Junction,Curve,Others,Bitumen(Tar),Wet,No influence on accident,Light Rain,Shivakote-Linganapura Road,Near TaTa Instiute,11 K M,13.134767,77.5143149
Bengaluru Dist,Rajanukunte PS,1.04421e+16,2022,1,2,Road Accidents,Narrow road,Rural Areas,Near Bus stop,Human Error,Yes,Fatal,Vehicle to Vehicle,Not Applicable,Others,State Highway,Bitumen(Tar),Dry,No influence on accident,Fine,Bangalore To D.B.Pura,Near Surdenupur Gate,2,0.0,0.0
Bengaluru Dist,Rajanukunte PS,1.04421e+16,2022,1,2,Road Accidents,Cross roads,Rural Areas,Open area,Human Error,Yes,Damage Only,Vehicle to Vehicle,Controlled,Curve,Others,Surfaced,Others,Not Applicable,Others,Near Suradhenupur Gate,Near Suradhenupur Gate,6,0.0,0.0
Bengaluru Dist,Rajanukunte PS,1.04421e+16,2022,1,2,Road Accidents,Road hump or Rumble strips,Rural Areas,Near or inside a village,Human Error,No,Grievous Injury,Vehicle to Vehicle,Uncontrolled,Others,Two way,Surfaced,Not Applicable,Not Applicable,Fine,Avalahali village,Avalahali village,6 km,13.135259,77.569144
Bengaluru Dist,Rajanukunte PS,1.04421e+16,2022,1,2,Rail Road Accidents,Road hump or Rumble strips,Rural Areas,Open area,Human Error,Yes,Damage Only,Vehicle to Vehicle,Police / Manual,Others,Others,Surfaced,Others,Not Applicable,Others,infont of Royal Prestige gardens,Royal Prestige gardens,5 KM,13.140224,77.569703
Bengaluru Dist,Rajanukunte PS,1.04421e+16,2022,1,2,Road Accidents,Curves,City/Town,Near School or College,Not Applicable,No,Grievous Injury,Vehicle to Vehicle,Police / Manual,Curve,State Highway,Bitumen(Tar),Others,Not Applicable,Others,State High Way,Near Navata Transport,50Feet,13.149566,77.55247
Bengaluru Dist,Rajanukunte PS,1.04421e+16,2022,1,2,Road Accidents,Narrow road,Rural Areas,Residential area,Human Error,No,Simple Injury,Vehicle to Vehicle,Controlled,Straight and flat,Others,Bitumen(Tar),Dry,Not Applicable,Clear,Rajanukunte- Kakolu Main Road,Brindavan Apartment Rajanukunte,2 km,0.0,0.0
Bengaluru Dist,Rajanukunte PS,1.04421e+16,2022,1,2,Road Accidents,Narrow road,Rural Areas,Open area,Human Error,No,Damage Only,Vehicle to Vehicle,Not Applicable,Not Applicable,State Highway,Not Applicable,Dry,Not Applicable,Fine,Kadatanamale Toll,Toll,4 KM,13.213435,77.553957
Bengaluru Dist,Rajanukunte PS,1.04421e+16,2022,1,1,Road Accidents,Curves,Rural Areas,Open area,Human Error,No,Fatal,Not Applicable,Uncontrolled,Curve,State Highway,Bitumen(Tar),Dry,Not Applicable,Clear,Bangalore Doddaballapura Main Road,Doddaballapura bangalore road,3 KM,13.201223,77.560774
Bengaluru Dist,Rajanukunte PS,1.04421e+16,2022,1,1,Road Accidents,Narrow road,Rural Areas,Open area,Human Error,Not Applicable,Simple Injury,Vehicle to Vehicle,Uncontrolled,Straight and flat,Others,Bitumen(Tar),Others,Not Applicable,Clear,Near Basaveshwara Medical Rajanukunte,Near Basaveshwara Medical Rajanukunte,500mtr,13.172731,77.564476
Bengaluru Dist,Rajanukunte PS,1.04421e+16,2022,1,2,Road Accidents,Road hump or Rumble strips,Rural Areas,Near Bus stop,Human Error,No,Grievous Injury,Vehicle to Vehicle,Controlled,Others,State Highway,Surfaced,Others,Not Applicable,Others,Sriramanahalli Gate,Near Sriramanahalli Gate,3 Km,13.195281,77.562841
Bengaluru Dist,Rajanukunte PS,1.04421e+16,2022,1,2,Road Accidents,Junction,City/Town,Near Petrol Pump,Human Error,No,Fatal,Vehicle to Vehicle,Uncontrolled,Others,State Highway,Bitumen(Tar),Others,Not Applicable,Others,Bangalore-Doddaballapura,Near H P Petrol Bunk,4,13.16743,77.565143
Bengaluru Dist,Rajanukunte PS,1.04421e+16,2022,1,2,Road Accidents,Not Applicable,Rural Areas,Open area,Human Error,No,Grievous Injury,Hit animal,Not Applicable,Not Applicable,State Highway,Not Applicable,Dry,Not Applicable,Fine,Lake of Kakolu Village,Lake of Kakolu Village,17,13.175173,77.523044
Bengaluru Dist,Rajanukunte PS,1.04421e+16,2022,1,2,Road Accidents,Not Applicable,Rural Areas,Near Petrol Pump,Human Error,No,Damage Only,Vehicle to Vehicle,Not Applicable,Others,Two way,Surfaced,Others,Not Applicable,Fine,near Petrol Bunk,petrol bunk,2 km,0.0,0.0
Bengaluru Dist,Rajanukunte PS,1.04421e+16,2022,1,1,Other Railway Accidents,Not Applicable,Rural Areas,Open area,Human Error,Not Applicable,Grievous Injury,Not Applicable,Controlled,Others,Others,Surfaced,Others,Not Applicable,Others,"Near kudurugere farm,jarakbande kaval",kudure farm,10,13.124365,77.551845
Bengaluru Dist,Rajanukunte PS,1.04421e+16,2022,1,2,Road Accidents,Narrow road,Rural Areas,Open area,Not Applicable,No,Grievous Injury,Vehicle to Vehicle,Not at  Junction,Others,State Highway,Bitumen(Tar),Dry,No influence on accident,Fine,D.B.Pura-Bangalore Road,Near U Turn Daba,8 Km,13.230972,77.5502219
Bengaluru Dist,Rajanukunte PS,1.04421e+16,2022,1,1,Road Accidents,Road hump or Rumble strips,City/Town,Residential area,Human Error,No,Grievous Injury,Hit pedestrian,Controlled,Others,Others,Surfaced,Others,Not Applicable,Others,Avalahalli Prestigae Garden Apparetment,PRestigate Garden Appartmenat,6 km,13.140025,77.569638
Bengaluru Dist,Rajanukunte PS,1.04421e+16,2022,1,1,Road Accidents,Junction,Rural Areas,Open area,Human Error,Yes,Grievous Injury,Hit pedestrian,Controlled,Others,Others,Bitumen(Tar),Dry,Not Applicable,Others,Rajanukunte Byatha Road Near Dibburu Gate,Dibburu Gate,6 KM,13.177198,77.564221
Bengaluru Dist,Rajanukunte PS,1.04421e+16,2022,1,1,Road Accidents,Offset,Rural Areas,Open area,Human Error,No,Damage Only,Not Applicable,Uncontrolled,Others,Others,Kutcha,Dry,Construction Work / Material,Fine,Madappanahalli Mutukadahalli Road,Madappanahalli Mutukadahalli Road,8 KM,13.149785,77.534503
Bengaluru Dist,Rajanukunte PS,1.04421e+16,2022,1,2,Road Accidents,Not Applicable,Rural Areas,Open area,Human Error,No,Grievous Injury,Vehicle to Vehicle,Not Applicable,Others,State Highway,Not Applicable,Dry,Not Applicable,Very Hot,Bangalore DB Pura Main Road Near Chiguru Hospita Rajanukunte,Bangalore DB Pura Main Road Near Chiguru Hospita Rajanukunte,1/2 KM,13.17068,77.564372
Bengaluru Dist,Rajanukunte PS,1.04421e+16,2022,1,1,Road Accidents,Narrow road,Rural Areas,Open area,Human Error,No,Fatal,Hit pedestrian,Not at  Junction,Others,State Highway,Bitumen(Tar),Dry,No influence on accident,Fine,Bangalore-DBPura,Near Sriramnahalli Gate,2 K M,13.194962,77.562861
Bengaluru Dist,Rajanukunte PS,1.04421e+16,2022,1,2,Road Accidents,Curves,Rural Areas,Open area,Human Error,No,Not Applicable,Vehicle to Vehicle,Uncontrolled,Curve,State Highway,Bitumen(Tar),Dry,Not Applicable,Clear,Honnenahalli Uturn,Honnenahalli,2 km,0.0,0.0
Bengaluru Dist,Rajanukunte PS,1.04421e+16,2022,1,1,Road Accidents,Cross roads,Rural Areas,Open area,Human Error,Yes,Grievous Injury,Hit pedestrian,Stop sign,Others,Others,Surfaced,Others,Not Applicable,Others,Basweshwara Bricks,Basweshwara Bricks,6.5,13.224457,77.549165
Bengaluru Dist,Rajanukunte PS,1.04421e+16,2022,1,1,Road Accidents,Not Applicable,Rural Areas,Open area,Human Error,Not Applicable,Fatal,Hit pedestrian,Uncontrolled,Straight and flat,State Highway,Bitumen(Tar),Dry,Not Applicable,Clear,Marasandra,Marasandra,5 kms,13.223337,77.549447
Bengaluru Dist,Rajanukunte PS,1.04421e+16,2023,1,1,Road Accidents,Narrow road,City/Town,Near School or College,Human Error,No,Fatal,Not Applicable,Not at  Junction,Others,Others,Bitumen(Tar),Dry,No influence on accident,Fine,Kakolu-Rajanukunte Road,Near Boys Hostel,4 Km,0.0,0.0
Bengaluru Dist,Rajanukunte PS,1.04421e+16,2023,1,2,Road Accidents,Narrow road,Rural Areas,Open area,Human Error,No,Fatal,Vehicle to Vehicle,Uncontrolled,Straight and flat,State Highway,Bitumen(Tar),Dry,Not Applicable,Clear,Rajanukute Yelahanka Road Near Build store Shop,Siniganayakanahalli,4 kms,13.13679,77.569149
Bengaluru Dist,Rajanukunte PS,1.04421e+16,2023,1,2,Road Accidents,Circle,Rural Areas,Near School or College,Human Error,Yes,Grievous Injury,Vehicle to Vehicle,Not at  Junction,Straight and flat,State Highway,Bitumen(Tar),Dry,No influence on accident,Fine,Bangalore-DBpura Road,Near PKB School,7 KM,13.231459,77.550349
Bengaluru Dist,Rajanukunte PS,1.04421e+16,2023,1,1,Road Accidents,Not Applicable,Rural Areas,Open area,Human Error,Not Applicable,Simple Injury,Not Applicable,Uncontrolled,Straight and flat,State Highway,Bitumen(Tar),Others,Not Applicable,Fine,DBpura-Bangalore Road,Near Saileela Hotel Honnenahalli,2 km,13.151607,77.5687709
Bengaluru Dist,Rajanukunte PS,1.04421e+16,2023,1,2,Road Accidents,Cross roads,Rural Areas,Open area,Human Error,No,Grievous Injury,Vehicle to Vehicle,Police / Manual,Others,Others,Surfaced,Others,Not Applicable,Others,Near Honnenahalli Petrol bunk,Petrol bunk,2 km,13.186458,77.542555
Bengaluru Dist,Rajanukunte PS,1.04421e+16,2023,1,2,Road Accidents,Cross roads,Rural Areas,Open area,Human Error,No,Simple Injury,Vehicle to Vehicle,Controlled,Straight and flat,State Highway,Bitumen(Tar),Dry,Not Applicable,Fine,Bangalore DB Pura Road Infrant of Angasana Resart Rajanakunte,Bangalore DB Pura Road Infrant of Angasana Resart Rajanakunte,3 km,0.0,0.0
Bengaluru Dist,Rajanukunte PS,1.04421e+16,2023,1,2,Road Accidents,Cross roads,Rural Areas,Near office complex,Human Error,No,Grievous Injury,Vehicle to Vehicle,Controlled,Others,State Highway,Surfaced,Others,Not Applicable,Others,Near Wooden Bar & Resturant,Near Wooden Bar,5 km,13.211871,77.554928
Bengaluru Dist,Rajanukunte PS,1.04421e+16,2023,1,2,Road Accidents,Junction,Rural Areas,Open area,Human Error,No,Fatal,Hit bicyclist,Uncontrolled,Straight and flat,State Highway,Bitumen(Tar),Dry,Not Applicable,Cloudy,Yelahanaka Doddaballapura Road Kadatanamale toll,Yelahanka doddaballapura road avalahalli,5 kms,0.0,0.0
Bengaluru Dist,Rajanukunte PS,1.04421e+16,2023,1,2,Road Accidents,Cross roads,Rural Areas,Near Bus stop,Vehicle Defect,Not Applicable,Damage Only,Vehicle to Vehicle,Uncontrolled,Steep Incline or Climb,Residential Street,Bitumen(Tar),Dry,Not Applicable,Fine,Near  Ashwathakatte Mylappanahalli Village,Mylappanahalli Village,6 km,13.136872,77.535164
Bengaluru Dist,Rajanukunte PS,1.04421e+16,2023,1,2,Road Accidents,Curves,Rural Areas,Open area,Human Error,No,Grievous Injury,Vehicle to Vehicle,Police / Manual,Others,Others,Surfaced,Others,Not Applicable,Others,Near Popular Chiken Center,Chiken Center,06 Km,13.151947,77.570447
Bengaluru Dist,Rajanukunte PS,1.04421e+16,2023,1,1,Road Accidents,Narrow road,City/Town,Open area,Human Error,No,Fatal,Not Applicable,Not at  Junction,Others,Others,Bitumen(Tar),Dry,No influence on accident,Fine,Rajanukunte-Kakolu Road,Near Anjinappa House,8 Km,13.20568,77.56061
Bengaluru Dist,Rajanukunte PS,1.04421e+16,2023,1,2,Road Accidents,Narrow road,Rural Areas,Open area,Human Error,Not Applicable,Fatal,Vehicle to Vehicle,Uncontrolled,Curve,Major District Road,Bitumen(Tar),Dry,Not Applicable,Clear,Rajanukunte madhure Road,Near Kakolu Goshale,6 KM,13.20568,77.56061
Bengaluru Dist,Rajanukunte PS,1.04421e+16,2023,1,2,Road Accidents,Cross roads,Rural Areas,Residential area,Human Error,Yes,Simple Injury,Vehicle to Vehicle,Controlled,Straight and flat,Others,Bitumen(Tar),Dry,Not Applicable,Fine,Rajanukunte Kakolu Road Near Medical Shop,Rajanakunte Kakolu Road,800mtr,0.0,0.0
Bengaluru Dist,Rajanukunte PS,1.04421e+16,2023,1,2,Road Accidents,Narrow road,Rural Areas,Open area,Human Error,No,Simple Injury,Vehicle to Vehicle,Not at  Junction,Curve,Others,Bitumen(Tar),Dry,No influence on accident,Fine,Rajanukunte-Madhure Road,Near KMF,7 KM,13.180871,77.5639119
Bengaluru Dist,Rajanukunte PS,1.04421e+16,2023,1,1,Road Accidents,Cross roads,Rural Areas,Open area,Human Error,No,Fatal,Not Applicable,Uncontrolled,Not Applicable,Others,Kutcha,Muddy,Not Applicable,Clear,Addiganahalli Rajanukunte Road,Rajanukunte,1 KM,0.0,0.0
Bengaluru Dist,Rajanukunte PS,1.04421e+16,2023,1,1,Road Accidents,Narrow road,Rural Areas,Open area,Human Error,No,Fatal,Not Applicable,Uncontrolled,Straight and flat,State Highway,Bitumen(Tar),Dry,Not Applicable,Cloudy,Doddaballapur Bangaluru Road Near Surdenupur Gate,Infront of Rehabooth Cement Shop,5 kms,13.204487,77.559128
Bengaluru Dist,Rajanukunte PS,1.04421e+16,2023,1,2,Road Accidents,Cross roads,Rural Areas,Near Bus stop,Vehicle Defect,Not Applicable,Damage Only,Vehicle to Vehicle,Controlled,Straight and flat,State Highway,Bitumen(Tar),Dry,Not Applicable,Fine,DBpura-Bangalore Road,U Turn Near HP Petrol Bunk Honnenahalli,2 km,0.0,0.0
Bengaluru Dist,Rajanukunte PS,1.04421e+16,2023,1,2,Road Accidents,Narrow road,City/Town,Open area,Human Error,No,Fatal,Vehicle to Vehicle,Not at  Junction,Straight and flat,State Highway,Bitumen(Tar),Dry,No influence on accident,Fine,Doddaballapura-Bangalore,Near KMF Factory,1 KM,13.176483,77.564738
Bengaluru Dist,Rajanukunte PS,1.04421e+16,2023,1,1,Road Accidents,Narrow road,Rural Areas,Near Hospital,Human Error,Not Applicable,Simple Injury,Hit pedestrian,Controlled,Straight and flat,State Highway,Bitumen(Tar),Dry,Not Applicable,Clear,Bangaluru-Doddaballapura Main Road,Rajanakunte Near Chiguru Hospital,500 mt,13.171981,77.564359
Bengaluru Dist,Rajanukunte PS,1.04421e+16,2023,1,2,Road Accidents,Narrow road,Rural Areas,Open area,Human Error,No,Grievous Injury,Vehicle to Vehicle,Uncontrolled,Others,One way,Surfaced,Others,Not Applicable,Fine,Near Kempegowda House,Near Kempegowda House,6,13.154856,77.535945
Bengaluru Dist,Rajanukunte PS,1.04421e+16,2023,1,2,Not Applicable,Narrow road,Rural Areas,Open area,Human Error,No,Simple Injury,Vehicle to Vehicle,Controlled,Others,Others,Bitumen(Tar),Dry,Not Applicable,Fine,KMF Rajanukunte,KMF Rajanukunte,500 mt,0.0,0.0
Bengaluru Dist,Rajanukunte PS,1.04421e+16,2023,1,1,Road Accidents,Cross roads,Rural Areas,Open area,Human Error,Yes,Simple Injury,Hit pedestrian,Uncontrolled,Straight and flat,State Highway,Bitumen(Tar),Dry,Not Applicable,Clear,Doddaballapura -Bangalore Main Road Infront of KMF Rajanukunte,Infront Of KMF Rajanukunte,500mtr,13.179274,77.564133
Bengaluru Dist,Rajanukunte PS,1.04421e+16,2023,1,2,Road Accidents,Cross roads,Rural Areas,Open area,Human Error,No,Grievous Injury,Vehicle to Vehicle,Stop Sign,Others,Two way,Surfaced,Others,Not Applicable,Others,Rajanakunte village,Rajanakunte village,250 mt,0.0,0.0
Bengaluru Dist,Rajanukunte PS,1.04421e+16,2023,1,1,Road Accidents,Cross roads,Rural Areas,Open area,Not Applicable,No,Simple Injury,Hit pedestrian,Controlled,Others,Two way,Surfaced,Others,Not Applicable,Others,Rajanakunte Nandini Parlor,Rajanakunte Nandini Parlor,500mtr,0.0,0.0
Bengaluru Dist,Rajanukunte PS,1.04421e+16,2023,1,1,Road Accidents,Not Applicable,Rural Areas,Open area,Human Error,No,Grievous Injury,Hit pedestrian,Police / Manual,Others,One way,Surfaced,Others,Not Applicable,Others,Mavalipur village,Mavalipur village,8,13.131172,77.489705
Bengaluru Dist,Rajanukunte PS,1.04421e+16,2023,1,1,Road Accidents,Road hump or Rumble strips,Rural Areas,Open area,Human Error,No,Simple Injury,Not Applicable,Police / Manual,Others,Others,Surfaced,Others,Not Applicable,Others,Singanayakanahalli Big market,Singanayakanahalli Big market,5 km,13.153171,77.556847
Bengaluru Dist,Rajanukunte PS,1.04421e+16,2023,1,1,Road Accidents,Narrow road,Rural Areas,Open area,Human Error,No,Grievous Injury,Hit pedestrian,Controlled,Others,Others,Surfaced,Others,Not Applicable,Others,Near Bus stand,Near Bus stand,6 km,13.222878,77.5496259
Bengaluru Dist,Rajanukunte PS,1.04421e+16,2023,1,2,Road Accidents,Narrow road,Rural Areas,Open area,Human Error,No,Grievous Injury,Vehicle to Vehicle,Police / Manual,Others,Two way,Surfaced,Others,Not Applicable,Others,Near Koli Farm Dibburu village,Near Koli Farm Dibburu village,7 km,0.0,0.0
Bengaluru Dist,Rajanukunte PS,1.04421e+16,2023,1,2,Road Accidents,Narrow road,Rural Areas,Open area,Human Error,No,Grievous Injury,Vehicle to Vehicle,Stop Sign,Others,Two way,Surfaced,Others,Not Applicable,Others,Ifront Of PWC Appartmnet Marasandra village,Marasandra village,6km,0.0,0.0
Bengaluru Dist,Rajanukunte PS,1.04421e+16,2023,1,1,Road Accidents,Junction,Rural Areas,Residential area,Human Error,No,Fatal,Hit pedestrian,Uncontrolled,Straight and flat,State Highway,Bitumen(Tar),Dry,No influence on accident,Clear,State Highway,Suradhenupur Gate,6 KM,0.0,0.0
Bengaluru Dist,Rajanukunte PS,1.04421e+16,2023,1,2,Road Accidents,Cross roads,Rural Areas,Open area,Human Error,No,Grievous Injury,Vehicle to Vehicle,Controlled,Others,Two way,Surfaced,Others,Not Applicable,Others,Aradeshanahalli Gate u Turn,Ardheshanahalli Gate,6 Km,13.216519,77.552697
Bengaluru Dist,Rajanukunte PS,1.04421e+16,2023,1,2,Road Accidents,Cross roads,Rural Areas,Near School or College,Human Error,Yes,Damage Only,Vehicle to Vehicle,Give way sign,Others,State Highway,Surfaced,Others,Not Applicable,Others,Vishwavidya peeta College,Vishwavidya peeta College,4 KM,0.0,0.0
Bengaluru Dist,Rajanukunte PS,1.04421e+16,2023,1,2,Road Accidents,Narrow road,Rural Areas,Open area,Vehicle Defect,Not Applicable,Damage Only,Vehicle to Vehicle,Uncontrolled,Straight and flat,State Highway,Bitumen(Tar),Dry,Not Applicable,Cloudy,Aradeshanahalli Gate,Aradeshanahalli Gate,6 km,13.21654,77.552715
Bengaluru Dist,Rajanukunte PS,1.04421e+16,2023,1,2,Road Accidents,Circle,Rural Areas,Near Bus stop,Human Error,No,Simple Injury,Vehicle to Vehicle,Controlled,Straight and flat,State Highway,Bitumen(Tar),Dry,Not Applicable,Clear,Doddaballapura -Bangalore Main Road Suradhenupura,Suradenupura Gate,3.5 km,13.204476,77.55927
Bengaluru Dist,Rajanukunte PS,1.04421e+16,2023,1,1,Road Accidents,Narrow road,City/Town,Residential area,Human Error,No,Fatal,Hit pedestrian,Not at  Junction,Others,State Highway,Bitumen(Tar),Others,No influence on accident,Fine,DBpura-Bangalore,Near Miniyappa House,5 Km,13.225411,77.550299
Bengaluru Dist,Rajanukunte PS,1.04421e+16,2023,1,2,Road Accidents,Narrow road,Rural Areas,Open area,Human Error,No,Simple Injury,Vehicle to Vehicle,Controlled,Straight and flat,State Highway,Bitumen(Tar),Dry,Not Applicable,Clear,DB Pura- Bangaluru Main Road,Kadatanamale Toll,5 km,13.206069,77.543966
Bengaluru Dist,Rajanukunte PS,1.04421e+16,2023,1,2,Rail Road Accidents,Narrow road,Rural Areas,Near Petrol Pump,Human Error,No,Simple Injury,Vehicle to Vehicle,Controlled,Straight and flat,State Highway,Bitumen(Tar),Dry,Not Applicable,Cloudy,Doddaballapura Bangalore Main road Near Nithyosava Chowtry,Honnenahalli U turn,2 km,13.155418,77.567683
Bengaluru Dist,Rajanukunte PS,1.04421e+16,2023,1,2,Road Accidents,Road hump or Rumble strips,Rural Areas,Open area,Human Error,Yes,Grievous Injury,Vehicle to Vehicle,Controlled,Hump,Others,Surfaced,Others,Not Applicable,Others,Marasandra village,Marasandra,5 KM,0.0,0.0
Bengaluru Dist,Rajanukunte PS,1.04421e+16,2023,1,1,Road Accidents,Narrow road,City/Town,Open area,Human Error,No,Fatal,Not Applicable,Not at  Junction,Curve,Others,Bitumen(Tar),Dry,No influence on accident,Fine,Singanayakanahalli-Yadiyurappa Nagara,Near Subha Shankar Land,7,13.148088,77.564293
Bengaluru Dist,Rajanukunte PS,1.04421e+16,2023,1,2,Road Accidents,Junction,Rural Areas,Open area,Human Error,No,Simple Injury,Vehicle to Vehicle,Uncontrolled,Straight and flat,State Highway,Bitumen(Tar),Dry,Not Applicable,Clear,Avalahalli,Avalahalli,5 KM,0.0,0.0
Bengaluru Dist,Rajanukunte PS,1.04421e+16,2023,1,2,Road Accidents,Narrow road,Rural Areas,Residential area,Human Error,No,Damage Only,Vehicle to Vehicle,Not at  Junction,Straight and flat,Others,Bitumen(Tar),Dry,No influence on accident,Fine,Rajanukunte-Thimmasandra Road,Near Veeranna Building,1 Km,0.0,0.0
Bengaluru Dist,Rajanukunte PS,1.04421e+16,2023,1,2,Road Accidents,Cross roads,Rural Areas,Open area,Human Error,No,Simple Injury,Vehicle to Vehicle,Not Applicable,Others,Others,Surfaced,Others,Not Applicable,Others,RAJANAKUNTE KAKOL ROAD,SBI BANK,500mtr,13.172026,77.561608
Bengaluru Dist,Rajanukunte PS,1.04421e+16,2023,1,2,Road Accidents,Curves,City/Town,Near office complex,Human Error,Yes,Grievous Injury,Vehicle to Vehicle,Not at  Junction,Curve,Others,Bitumen(Tar),Dry,No influence on accident,Fine,Addiganahalli-Rajanukunte Main Road,Near Flai Over,500 mt,0.0,0.0
Bengaluru Dist,Rajanukunte PS,1.04421e+16,2023,1,2,Road Accidents,Road hump or Rumble strips,Rural Areas,Near School or College,Human Error,No,Grievous Injury,Vehicle to Vehicle,Controlled,Others,State Highway,Surfaced,Others,Not Applicable,Others,Near PKB School,Near PKB School,7 km,0.0,0.0
Bengaluru Dist,Rajanukunte PS,1.04421e+16,2023,1,1,Road Accidents,Narrow road,Rural Areas,Open area,Human Error,No,Fatal,Hit pedestrian,Uncontrolled,Straight and flat,State Highway,Bitumen(Tar),Dry,No influence on accident,Clear,Yelahanaka Doddaballapura Road Kadatanamale toll,Avalahalli,5 kms,13.137587,77.568844