DISTRICTNAME,UNITNAME,Crime_No,Year,RI,Noofvehicle_involved,Accident_Classification,Accident_Spot,Accident_Location,Accident_SubLocation,Main_Cause,Hit_Run,Severity,Collision_Type,Junction_Control,Road_Character,Road_Type,Surface_Type,Surface_Condition,Road_Condition,Weather,Accident_Road,Landmark_first,Distance_LandMark_First,Latitude,Longitude
Bengaluru Dist,Rajanukunte PS,1.04421e+16,2023,1,2,Road Accidents,Circle,Rural Areas,Open area,Human Error,No,Simple Injury,Vehicle to Vehicle,Stop Sign,Curve,Two way,Surfaced,Others,Not Applicable,Others,Near Krishna bekari,Bekary,500,13.172706,77.564291
Bengaluru Dist,Rajanukunte PS,1.04421e+16,2023,1,2,Road Accidents,Cross roads,Rural Areas,Open area,Human Error,No,Simple Injury,Vehicle to Vehicle,Controlled,Straight and flat,State Highway,Bitumen(Tar),Dry,Not Applicable,Fine,Wooden Bar & Restourant,Marasandra,5 km,0.0,0.0
Bengaluru Dist,Rajanukunte PS,1.04421e+16,2023,1,1,Road Accidents,Not Applicable,Rural Areas,Open area,Human Error,No,Fatal,Hit pedestrian,Uncontrolled,Straight and flat,State Highway,Bitumen(Tar),Dry,Not Applicable,Clear,Ardeshanahalli gate,Ardeshanahalli gate,5 kms,13.216312,77.5526779
Bengaluru Dist,Rajanukunte PS,1.04421e+16,2023,1,1,Road Accidents,Junction,Rural Areas,Near a factory industrial area,Human Error,No,Fatal,Not Applicable,Uncontrolled,Others,State Highway,Bitumen(Tar),Dry,No influence on accident,Fine,Doddaballapur Bangaluru Road,Oposite KMF Factory,1 KM,0.0,0.0
Bengaluru Dist,Rajanukunte PS,1.04421e+16,2023,1,2,Road Accidents,Not Applicable,Rural Areas,Open area,Human Error,No,Fatal,Vehicle to Vehicle,Uncontrolled,Straight and flat,State Highway,Bitumen(Tar),Dry,Not Applicable,Clear,Singanayakanahalli Navata transport Dbpura Bangalore road,Dbpura Bangalore Road,5 kms,13.144825,77.56981
Bengaluru Dist,Rajanukunte PS,1.04421e+16,2023,1,1,Road Accidents,Narrow road,Rural Areas,Near School or College,Human Error,No,Fatal,Hit pedestrian,Uncontrolled,Straight and flat,Others,Bitumen(Tar),Dry,Not Applicable,Clear,Channasandra Dandanpalya Road,Dandanpalya,10,0.0,0.0
Bengaluru Dist,Rajanukunte PS,1.04421e+16,2023,1,2,Road Accidents,Cross roads,Rural Areas,Near Bus stop,Human Error,Not Applicable,Simple Injury,Vehicle to Vehicle,Not Applicable,Steep Incline or Climb,State Highway,Bitumen(Tar),Dry,Not Applicable,Clear,Doddaballapura Road,U turn Near Honnenahalli,2 km,13.157714,77.567085
Bengaluru Dist,Rajanukunte PS,1.04421e+16,2023,1,2,Road Accidents,Road hump or Rumble strips,Rural Areas,Near a factory industrial area,Human Error,No,Grievous Injury,Vehicle to Vehicle,Controlled,Others,Two way,Surfaced,Others,Not Applicable,Others,Near KMF Rajanakunte,Near KMF,1 km,13.179924,77.565287
Bengaluru Dist,Rajanukunte PS,1.04421e+16,2023,1,2,Road Accidents,Narrow road,Rural Areas,Open area,Human Error,No,Grievous Injury,Vehicle to Vehicle,Not at  Junction,Others,Others,Bitumen(Tar),Dry,No influence on accident,Fine,Rajanukunte-Kakolu,Near GoShale,8 KM,13.182565,77.52056
Bengaluru Dist,Rajanukunte PS,1.04421e+16,2023,1,2,Road Accidents,Narrow road,Rural Areas,Open area,Human Error,Not Applicable,Fatal,Vehicle to Vehicle,Uncontrolled,Straight and flat,Minor District Road,Bitumen(Tar),Dry,Not Applicable,Clear,JB Kaval-MS Palya Road,Jb kaval,10 kms,13.122215,77.547431
Bengaluru Dist,Rajanukunte PS,1.04421e+16,2023,1,1,Road Accidents,Narrow road,Rural Areas,Open area,Human Error,No,Simple Injury,Hit pedestrian,Uncontrolled,Straight and flat,Residential Street,Bitumen(Tar),Dry,Not Applicable,Cloudy,Patalamma Tempple Near Addiganahalli,Patalamma Temple Road Addiganahalli,3 km,0.0,0.0
Bengaluru Dist,Rajanukunte PS,1.04421e+16,2023,1,2,Road Accidents,Cross roads,Rural Areas,Open area,Human Error,No,Damage Only,Vehicle to Vehicle,Controlled,Others,Others,Surfaced,Others,Not Applicable,Others,"Rajanakunte Kakol Road,",2 km,2 km,13.175409,77.544836
Bengaluru Dist,Rajanukunte PS,1.04421e+16,2023,1,2,Road Accidents,Narrow road,Rural Areas,Open area,Human Error,No,Simple Injury,Vehicle to Vehicle,Controlled,Straight and flat,State Highway,Bitumen(Tar),Dry,Not Applicable,Fine,Doddaballapura -Bangalore Main Road Infront of KMF Rajanukunte,Infront Of KMF Rajanukunte DBPura Main Road,1 km,13.137832,77.569813
Bengaluru Dist,Rajanukunte PS,1.04421e+16,2023,1,2,Road Accidents,Junction,Rural Areas,Near Petrol Pump,Human Error,No,Fatal,Vehicle to Vehicle,Uncontrolled,Curve,State Highway,Bitumen(Tar),Dry,Not Applicable,Clear,Honnenahalli HP Petrol Bunk,Honnenahalli,3 KM,0.0,0.0
Bengaluru Dist,Rajanukunte PS,1.04421e+16,2023,1,2,Road Accidents,Narrow road,Rural Areas,Open area,Human Error,Not Applicable,Simple Injury,Not Applicable,Controlled,Not Applicable,State Highway,Bitumen(Tar),Dry,Not Applicable,Fine,Infront Of KMF Rajanukunte DBPura Main Road,Infront of KMF Rajanukunte,0.5 km,13.176816,77.563828
Bengaluru Dist,Rajanukunte PS,1.04421e+16,2023,1,1,Road Accidents,Cross roads,Rural Areas,Open area,Human Error,Not Applicable,Fatal,Hit pedestrian,Uncontrolled,Straight and flat,State Highway,Bitumen(Tar),Dry,Not Applicable,Clear,Bangalore Doddaballapura Main Road,Bangalore marasandra Road,5 kms,0.0,0.0
Bengaluru Dist,Rajanukunte PS,1.04421e+16,2023,1,2,Road Accidents,Cross roads,Rural Areas,Open area,Human Error,No,Grievous Injury,Vehicle to Vehicle,Police / Manual,Others,Others,Surfaced,Others,Not Applicable,Others,"U turn Vidyapeeta College, singanayanakanahalli village",Vidyapeeta college,4 KM,13.141092,77.569803
Bengaluru Dist,Rajanukunte PS,1.04421e+16,2023,1,1,Road Accidents,Narrow road,City/Town,Residential area,Human Error,Yes,Grievous Injury,Hit pedestrian,Not Applicable,Others,Others,Bitumen(Tar),Dry,No influence on accident,Fine,Singanayakanahalli-Madappanahalli Road,Near Ganga Bekry,5 KM,0.0,0.0
Bengaluru Dist,Rajanukunte PS,1.04421e+16,2023,1,2,Road Accidents,Road hump or Rumble strips,Rural Areas,Open area,Human Error,No,Grievous Injury,Vehicle to Vehicle,Signal lights Automatic,Others,Others,Surfaced,Others,Not Applicable,Others,Bangalore Doddabalapur Road,Srinranga Kalyana mantappa,2 km,13.174693,77.570228
Bengaluru Dist,Rajanukunte PS,1.04421e+16,2023,1,2,Road Accidents,Cross roads,Rural Areas,Open area,Human Error,No,Grievous Injury,Vehicle to Vehicle,Controlled,Hump,State Highway,Surfaced,Others,Not Applicable,Clear,Near RTO Cross,RTO Cross,4 km,0.0,0.0
Bengaluru Dist,Rajanukunte PS,1.04421e+16,2023,1,2,Road Accidents,Narrow road,City/Town,Near Hospital,Human Error,No,Fatal,Vehicle to Vehicle,Not at  Junction,Straight and flat,State Highway,Bitumen(Tar),Dry,No influence on accident,Fine,D.B.Pura-Bangalore Road,Near Chiguru Hospital,1 KM,0.0,0.0
Bengaluru Dist,Rajanukunte PS,1.04421e+16,2023,1,1,Road Accidents,Narrow road,City/Town,Residential area,Human Error,No,Fatal,Not Applicable,Not at  Junction,Straight and flat,Others,Bitumen(Tar),Dry,No influence on accident,Fine,Rajanukunte-Kakolu Road,Near Mashrum Paradice Hotel Front,1 KM,13.16871,77.564851
Bengaluru Dist,Rajanukunte PS,1.04421e+16,2023,1,2,Road Accidents,Narrow road,Rural Areas,Near School or College,Human Error,No,Simple Injury,Vehicle to Vehicle,Controlled,Straight and flat,State Highway,Bitumen(Tar),Dry,Not Applicable,Fine,DB Pura-Bangalore  Main Road,Marsandra,06 km,0.0,0.0
Bengaluru Dist,Rajanukunte PS,1.04421e+16,2023,1,1,Road Accidents,Cross roads,Rural Areas,Residential area,Human Error,No,Simple Injury,Hit pedestrian,Controlled,Straight and flat,Residential Street,Bitumen(Tar),Dry,Not Applicable,Clear,Itgalpura Village,Itgalpura Village,4 km,13.168424,77.534297
Bengaluru Dist,Rajanukunte PS,1.04421e+16,2023,1,2,Road Accidents,Road hump or Rumble strips,Rural Areas,Near Bus stop,Human Error,No,Grievous Injury,Vehicle to Vehicle,Controlled,Curve,Two way,Surfaced,Others,Not Applicable,Others,Near Ardeshanahalli gate,Near Ardeshanahalli gate,4 km,13.136761,77.535113
Bengaluru Dist,Rajanukunte PS,1.04421e+16,2023,1,2,Road Accidents,Narrow road,Rural Areas,Open area,Not Applicable,No,Simple Injury,Vehicle to Vehicle,Controlled,Straight and flat,State Highway,Bitumen(Tar),Others,Not Applicable,Fine,DB Pura-Bangalore  Main Road,Singanyakanahalli  vishwavidhya Peetha School,3.5 km,0.0,0.0
Bengaluru Dist,Rajanukunte PS,1.04421e+16,2023,1,2,Road Accidents,Curves,Rural Areas,Near School or College,Human Error,No,Grievous Injury,Vehicle to Vehicle,Uncontrolled,Straight and flat,Minor District Road,Bitumen(Tar),Dry,Not Applicable,Clear,Kakolu Rajanukunte Road,Chokkanahalli,4 KM,0.0,0.0
Bengaluru Dist,Rajanukunte PS,1.04421e+16,2023,1,1,Road Accidents,Narrow road,Rural Areas,Open area,Human Error,No,Grievous Injury,Hit pedestrian,Not Applicable,Curve,State Highway,Surfaced,Others,Not Applicable,Others,Rajanakunte village,Bhaireshwara Tent House,500,13.174169,77.559436
Bengaluru Dist,Rajanukunte PS,1.04421e+16,2023,1,1,Road Accidents,Cross roads,Rural Areas,Open area,Human Error,No,Grievous Injury,Hit pedestrian,Controlled,Others,State Highway,Surfaced,Others,Not Applicable,Others,Near ICICI ATM OPP,Near ICICI ATM OPP,4 KM,13.226014,77.549111
Bengaluru Dist,Rajanukunte PS,1.04421e+16,2023,1,2,Road Accidents,Circle,Rural Areas,Open area,Human Error,Not Applicable,Simple Injury,Vehicle to Vehicle,Uncontrolled,Straight and flat,State Highway,Bitumen(Tar),Dry,Not Applicable,Fine,Doddaballapura Road- Bangaluru Main Road,U Turn Near HP Petrol Bunk Honnenahalli,1.5 km,0.0,0.0
Bengaluru Dist,Rajanukunte PS,1.04421e+16,2023,1,2,Road Accidents,Narrow road,Rural Areas,Open area,Human Error,Yes,Simple Injury,Vehicle to Vehicle,Uncontrolled,Straight and flat,Others,Bitumen(Tar),Dry,Not Applicable,Clear,Near Ashwathappa Farm  Yadiyurappa Nagara,Yadiyurappa Nagara,4 km,13.179924,77.565287
Bengaluru Dist,Rajanukunte PS,1.04421e+16,2023,1,2,Road Accidents,Narrow road,Rural Areas,Open area,Human Error,No,Grievous Injury,Vehicle to Vehicle,Not at  Junction,Others,Others,Bitumen(Tar),Dry,No influence on accident,Fine,Singanayakanahalli-Mylappanahalli,Near Ramachandrappa Land,5 Km,13.138941,77.549808
Bengaluru Dist,Sarjapura PS,1.04421e+16,2016,1,2,Road Accidents,Other,Rural Areas,Near School or College,Human Error,No,Grievous Injury,Head on,Not Applicable,Others,Two way,Bitumen(Tar),Dry,Not Applicable,Clear,Dommasandra-Vartur road,OAKRIDGE SCHOOL,100FT,0.0,0.0
Bengaluru Dist,Sarjapura PS,1.04421e+16,2016,1,1,Road Accidents,Other,Rural Areas,Near School or College,Human Error,Yes,Grievous Injury,Hit pedestrian,Not Applicable,Straight and flat,Others,Bitumen(Tar),Dry,Not Applicable,Others,DOMMASANDRA- VARTHURU ROAD,TISB SCHOOL,30 MTR,0.0,0.0
Bengaluru Dist,Sarjapura PS,1.04421e+16,2016,1,1,Road Accidents,Other,Rural Areas,Near or inside a village,Human Error,No,Grievous Injury,Others,Not Applicable,Straight and flat,Village Road,Bitumen(Tar),Dry,Not Applicable,Fine,DOMMASANDRA-CHANDAPURA ROAD,AYYAPPA SWAMY TEMPAL,30 MTR,0.0,0.0
Bengaluru Dist,Sarjapura PS,1.04421e+16,2016,1,1,Road Accidents,Other,Rural Areas,Near or inside a village,Human Error,No,Grievous Injury,Skidding or Self accident,Not at  Junction,Straight and flat,Village Road,Bitumen(Tar),Dry,Not Applicable,Fine,ADIGARAKALLAHALLI,BUS STOP,20MTR,0.0,0.0
Bengaluru Dist,Sarjapura PS,1.04421e+16,2016,1,2,Road Accidents,Other,Rural Areas,Residential area,Human Error,No,Damage Only,Others,Not Applicable,Straight and flat,Village Road,Bitumen(Tar),Dry,Not Applicable,Fine,SARJAPURA-BANGALORE ROAD,KRISTAL APPARTMENT,70MTR,0.0,0.0
Bengaluru Dist,Sarjapura PS,1.04421e+16,2016,1,1,Road Accidents,Curves,Rural Areas,Near Petrol Pump,Human Error,No,Grievous Injury,Others,Uncontrolled,Others,Two way,Bitumen(Tar),Dry,Not Applicable,Clear,Mutthanalluru chandapura road Near Indian oil petrol bunk,1,7 KM,0.0,0.0
Bengaluru Dist,Sarjapura PS,1.04421e+16,2016,1,1,Road Accidents,Other,Rural Areas,Near a religious place,Not Applicable,No,Not Applicable,Not Applicable,Not Applicable,Not Applicable,Village Road,Concrete,Not Applicable,Not Applicable,Others,NEAR SRI RAMA TEMPLE,SARJAPURA BAGALUR ROAD ANEKAL TQ,3 KM,0.0,0.0
Bengaluru Dist,Sarjapura PS,1.04421e+16,2016,1,2,Road Accidents,T Junction,Rural Areas,Near Bus stop,Human Error,No,Grievous Injury,Rear end,Uncontrolled,Others,Two way,Bitumen(Tar),Dry,Not Applicable,Wind,Sarajpaura bagaluru road,near sompura gate,10mtrs,0.0,0.0
Bengaluru Dist,Sarjapura PS,1.04421e+16,2016,1,2,Road Accidents,Circle,Rural Areas,Near Bus stop,Human Error,No,Grievous Injury,Hit bicyclist,Not Applicable,Straight and flat,Village Road,Bitumen(Tar),Dry,Not Applicable,Fine,SARJAPURA-BANGALORE ROAD,BUS STOP,30 MTR,0.0,0.0
Bengaluru Dist,Sarjapura PS,1.04421e+16,2016,1,2,Road Accidents,Other,Rural Areas,Open area,Not Applicable,No,Damage Only,Head on,Not Applicable,Others,NH,Bitumen(Tar),Dry,Not Applicable,Wind,Sarajpura Bagaluru road,NEARVGPGARDEN,100mtr,0.0,0.0
Bengaluru Dist,Sarjapura PS,1.04421e+16,2016,1,2,Road Accidents,Other,Rural Areas,Residential area,Human Error,No,Damage Only,Others,Not Applicable,Straight and flat,Village Road,Bitumen(Tar),Dry,Not Applicable,Clear,SARJAPURA-ATTIBELE ROAD,CONFIDENT APARATMENT,50 MTR,0.0,0.0
Bengaluru Dist,Sarjapura PS,1.04421e+16,2016,1,1,Road Accidents,Other,Rural Areas,Near Bus stop,Human Error,No,Grievous Injury,Hit pedestrian,Uncontrolled,Curve,Two way,Bitumen(Tar),Others,Not Applicable,Clear,muttanalluru cross Chandapura road Near bayalu basavanna temple,muttanalluru cross,10mts,0.0,0.0
Bengaluru Dist,Sarjapura PS,1.04421e+16,2016,1,1,Road Accidents,Other,Rural Areas,Near a religious place,Human Error,Yes,Grievous Injury,Hit pedestrian,Not at  Junction,Straight and flat,Village Road,Bitumen(Tar),Others,Not Applicable,Others,SARJAPURA-CHIKKATHIRUPATI ROAD,BETEVENKATESWARA SWAMY TEMPAL,70 MTR,0.0,0.0
Bengaluru Dist,Sarjapura PS,1.04421e+16,2016,1,1,Road Accidents,Other,Rural Areas,Residential area,Human Error,Yes,Grievous Injury,Hit and Run,Not Applicable,Straight and flat,Village Road,Bitumen(Tar),Dry,Not Applicable,Fine,SARJAPURA-BANGALORE ROAD,KH&BMR KALANA MANTAPA,50MTR,0.0,0.0
Bengaluru Dist,Sarjapura PS,1.04421e+16,2016,1,3,Road Accidents,Other,Rural Areas,Residential area,Human Error,No,Grievous Injury,Hit bicyclist,No signal lights,Straight and flat,Village Road,Bitumen(Tar),Dry,Not Applicable,Fine,SARJAPURA-BANGALORE ROAD,SRIKRISHANA TEMPAL,70 MTR,0.0,0.0
Bengaluru Dist,Sarjapura PS,1.04421e+16,2016,1,2,Road Accidents,Curves,Rural Areas,Open area,Human Error,Yes,Grievous Injury,Hit and Run,Not at  Junction,Curve,Two way,Bitumen(Tar),Dry,Not Applicable,Clear,SaRJAPURA BAGALURU ROAD TINDLU GATE,TINDLU GATE,30MTS,0.0,0.0
Bengaluru Dist,Sarjapura PS,1.04421e+16,2016,1,2,Road Accidents,Other,Rural Areas,Residential area,Human Error,No,Grievous Injury,Hit bicyclist,Not Applicable,Straight and flat,Village Road,Bitumen(Tar),Dry,Not Applicable,Fine,DOMMASANDRA-VARTHURU ROAD,HOTOOR FORM,30 MTR,0.0,0.0
Bengaluru Dist,Sarjapura PS,1.04421e+16,2016,1,1,Road Accidents,Not Applicable,Not Applicable,Residential area,Not Applicable,Yes,Fatal,Hit and Run,Not Applicable,Not Applicable,Two way,Concrete,Not Applicable,Not Applicable,Others,SARJAPURA BAGALUR ROAD,NEAR VGP GARDEN SARJAPURA HOBLI ANEKAL TQ,5 KM,0.0,0.0
Bengaluru Dist,Sarjapura PS,1.04421e+16,2016,1,2,Road Accidents,Other,Rural Areas,Near office complex,Human Error,No,Grievous Injury,Rear end,Not at  Junction,Others,Two way,Bitumen(Tar),Dry,Not Applicable,Clear,dommasandra,near sbm atm,50 MTR,0.0,0.0
Bengaluru Dist,Sarjapura PS,1.04421e+16,2016,1,2,Road Accidents,Other,Rural Areas,Near School or College,Human Error,No,Grievous Injury,Others,Not Applicable,Straight and flat,Village Road,Bitumen(Tar),Dry,Not Applicable,Fine,SARJAPURA ATTIBELE ROAD,SENT FILOMINA SCHOOL,50MTR,0.0,0.0
Bengaluru Dist,Sarjapura PS,1.04421e+16,2016,1,1,Road Accidents,Not Applicable,Rural Areas,Near or inside a village,Human Error,Not Applicable,Grievous Injury,Hit pedestrian,Uncontrolled,Not Applicable,Village Road,Bitumen(Tar),Dry,Not Applicable,Clear,Mutthanalluru chandapura road Near bayalu basavanna temple,1,8 Km,0.0,0.0
Bengaluru Dist,Sarjapura PS,1.04421e+16,2016,1,1,Road Accidents,Circle,Rural Areas,Residential area,Human Error,No,Damage Only,Side swipe,No signal lights,Straight and flat,Village Road,Bitumen(Tar),Dry,Not Applicable,Fine,SARJAPURA-BANGALORE ROAD,BUS STOP,30 MTR,0.0,0.0
Bengaluru Dist,Sarjapura PS,1.04421e+16,2016,1,2,Road Accidents,Other,Rural Areas,Near Hospital,Human Error,Yes,Grievous Injury,Hit bicyclist,Not Applicable,Straight and flat,Village Road,Bitumen(Tar),Dry,Not Applicable,Fine,SARJAPURA-BANGALORE ROAD,THANMAYI CLINIC,60 MTR,0.0,0.0
Bengaluru Dist,Sarjapura PS,1.04421e+16,2016,1,1,Road Accidents,Other,Rural Areas,Open area,Human Error,No,Damage Only,Others,Not Applicable,Straight and flat,NH,Bitumen(Tar),Dry,Not Applicable,Clear,SARJAPURA-BAGALURU ROAD,NBR LAYOUT,60 MTR,0.0,0.0
Bengaluru Dist,Sarjapura PS,1.04421e+16,2016,1,2,Road Accidents,Circle,Rural Areas,Near Bus stop,Human Error,No,Grievous Injury,Hit bicyclist,Not Applicable,Straight and flat,Village Road,Bitumen(Tar),Dry,Not Applicable,Clear,SARJAPURA-BANGALORE ROAD,BUS STOP,30 MTR,0.0,0.0
Bengaluru Dist,Sarjapura PS,1.04421e+16,2016,1,2,Road Accidents,Cross roads,Rural Areas,Residential area,Human Error,Yes,Grievous Injury,Hit and Run,Not Applicable,Curve,Village Road,Bitumen(Tar),Dry,Not Applicable,Others,SARJAPURA-CHIKKATHIRUPTI ROAD,BETEVENKATESHWARA TEMPAL,70 MTR,0.0,0.0
Bengaluru Dist,Sarjapura PS,1.04421e+16,2016,1,2,Road Accidents,Other,Rural Areas,Open area,Human Error,Yes,Grievous Injury,Hit and Run,Not at  Junction,Curve,Two way,Bitumen(Tar),Dry,Not Applicable,Clear,Sarjapura attibele road,TYAVAKANAHALLI GATE,100mts,0.0,0.0
Bengaluru Dist,Sarjapura PS,1.04421e+16,2016,1,1,Road Accidents,Other,Rural Areas,Near or inside a village,Human Error,No,Grievous Injury,Hit pedestrian,Not at  Junction,Straight and flat,Village Road,Bitumen(Tar),Dry,Not Applicable,Fine,DOMMASANDRA-CANDAPURA ROAD,BAYALUBASAVANNA TEMPAL,10 MTS,0.0,0.0
Bengaluru Dist,Sarjapura PS,1.04421e+16,2016,1,2,Road Accidents,Cross roads,Rural Areas,Near a religious place,Not Applicable,Yes,Grievous Injury,Hit animal,Controlled,Curve,Two way,Bitumen(Tar),Dry,Not Applicable,Clear,DOMMSANDRA TO CHANDAPUR ROAD NEAR BAYALU BASVNNA TEMPLE,BAYALU BASVANNA,10 ft,0.0,0.0
Bengaluru Dist,Sarjapura PS,1.04421e+16,2016,1,3,Road Accidents,Road hump or Rumble strips,Rural Areas,Near School or College,Human Error,No,Damage Only,Others,Not Applicable,Straight and flat,Village Road,Bitumen(Tar),Dry,Not Applicable,Fine,SARJAPURA-ATTIBELE ROAD,SENTFILOMINA SCHOOL,60 MTR,0.0,0.0
Bengaluru Dist,Sarjapura PS,1.04421e+16,2016,1,2,Road Accidents,Other,Rural Areas,Open area,Human Error,No,Grievous Injury,Head on,Not at  Junction,Others,Two way,Bitumen(Tar),Dry,Not Applicable,Cloudy,matnahalli sarjapuraroad,chowdappa land tindlu,10mts,0.0,0.0
Bengaluru Dist,Sarjapura PS,1.04421e+16,2016,1,3,Road Accidents,Other,Rural Areas,Near Petrol Pump,Human Error,Yes,Grievous Injury,Hit and Run,Not Applicable,Straight and flat,Village Road,Bitumen(Tar),Dry,Not Applicable,Fine,SARJAPURA-ATTIBELE ROAD,BABITHA PETOR BUNK,30 MTR,0.0,0.0
Bengaluru Dist,Sarjapura PS,1.04421e+16,2016,1,2,Road Accidents,Other,Rural Areas,Near a religious place,Not Applicable,No,Grievous Injury,Rear end,Uncontrolled,Slight Curve,Two way,Bitumen(Tar),Others,Not Applicable,Clear,Sarajapura-chikkatirupati road doddatimsandra gate,anjaneya tempale,3km,0.0,0.0
Bengaluru Dist,Sarjapura PS,1.04421e+16,2016,1,2,Road Accidents,Other,Rural Areas,Residential area,Human Error,Yes,Grievous Injury,Hit bicyclist,Not Applicable,Straight and flat,Others,Bitumen(Tar),Dry,Not Applicable,Fine,SARJAPURA BANGALORE ROAD,TRINITI APARTMENT,5 MTS,0.0,0.0
Bengaluru Dist,Sarjapura PS,1.04421e+16,2016,1,2,Road Accidents,Circle,Rural Areas,Residential area,Human Error,No,Grievous Injury,Hit bicyclist,Not Applicable,Straight and flat,Village Road,Bitumen(Tar),Dry,Not Applicable,Fine,SARJAPURA-BANGALORE ROAD,BUS STOP,70 MTR,0.0,0.0
Bengaluru Dist,Sarjapura PS,1.04421e+16,2016,1,2,Road Accidents,Other,Rural Areas,Near or inside a village,Human Error,No,Grievous Injury,Hit bicyclist,Not Applicable,Straight and flat,Village Road,Bitumen(Tar),Dry,Not Applicable,Fine,SARJAPURA-ATTIBELE ROAD,THYAVAKANAHALLI BUS STOP,100 MT,0.0,0.0
Bengaluru Dist,Sarjapura PS,1.04421e+16,2016,1,1,Road Accidents,Other,Rural Areas,Residential area,Human Error,No,Grievous Injury,Hit pedestrian,Not Applicable,Straight and flat,Village Road,Bitumen(Tar),Dry,Not Applicable,Fine,SARJAPURA-ATTIBELE ROAD,FEDAREL BANK,50 MTR,0.0,0.0
Bengaluru Dist,Sarjapura PS,1.04421e+16,2016,1,2,Road Accidents,Cross roads,Rural Areas,Open area,Human Error,No,Damage Only,Others,Not at  Junction,Curve,Village Road,Bitumen(Tar),Dry,Not Applicable,Fine,DOMMASANDRA CHANDAPURA ROAD,BAYALUBASAVANNA TEMAPL,10MTS,0.0,0.0
Bengaluru Dist,Sarjapura PS,1.04421e+16,2016,1,1,Road Accidents,Other,City/Town,Residential area,Human Error,No,Grievous Injury,Others,Not Applicable,Straight and flat,City or Town Road,Bitumen(Tar),Dry,Not Applicable,Snow,SARJAPURA-ATTIBELE ROAD,RAVI THEATER,30 MTR,0.0,0.0
Bengaluru Dist,Sarjapura PS,1.04421e+16,2016,1,2,Road Accidents,Other,Rural Areas,Near School or College,Human Error,No,Damage Only,Overturning,No signal lights,Others,Village Road,Bitumen(Tar),Others,Not Applicable,Fine,DOMMASANDRA VARTHURU ROAD,OKRID SCHOOL,20MTR,0.0,0.0
Bengaluru Dist,Sarjapura PS,1.04421e+16,2016,1,2,Road Accidents,Other,Rural Areas,Near School or College,Human Error,No,Damage Only,Others,Not Applicable,Straight and flat,Village Road,Bitumen(Tar),Dry,Not Applicable,Clear,DOMMASANDRA-VARTHURU ROAD,TISB SCHOOL,30 MTR,0.0,0.0
Bengaluru Dist,Sarjapura PS,1.04421e+16,2016,1,1,Road Accidents,Road hump or Rumble strips,Rural Areas,Residential area,Human Error,No,Grievous Injury,Others,Not at  Junction,Hump,Two way,Bitumen(Tar),Flooded,Not Applicable,Clear,Bangalore Sarjapura road,NEAR  ASSET SERINA APARTMENT,50 MTR,0.0,0.0
Bengaluru Dist,Sarjapura PS,1.04421e+16,2016,1,2,Road Accidents,Cross roads,Rural Areas,Near or inside a village,Human Error,No,Grievous Injury,Hit bicyclist,Not at  Junction,Curve,Village Road,Bitumen(Tar),Dry,Not Applicable,Fine,SARJAPURA KADAAGRAHARA,KRISHNAREDDY LAND,10 MTR,0.0,0.0
Bengaluru Dist,Sarjapura PS,1.04421e+16,2016,1,2,Road Accidents,Other,Rural Areas,Near or inside a village,Human Error,Yes,Grievous Injury,Hit and Run,Not Applicable,Straight and flat,Village Road,Bitumen(Tar),Dry,Not Applicable,Clear,SARJAPURA-CHIKKATHIRUPATI ROAD,BUS STOP,30 MTR,0.0,0.0
Bengaluru Dist,Sarjapura PS,1.04421e+16,2016,1,2,Road Accidents,Cross roads,Rural Areas,Near or inside a village,Human Error,No,Grievous Injury,Hit bicyclist,Not at  Junction,Curve,Village Road,Bitumen(Tar),Dry,Not Applicable,Fine,SARJAPURA BAGALURU ROAD,TVS KALYANA MANTAPA,20 MTR,0.0,0.0
Bengaluru Dist,Sarjapura PS,1.04421e+16,2016,1,2,Road Accidents,Other,Rural Areas,Near Bus stop,Human Error,No,Grievous Injury,Hit bicyclist,Not Applicable,Straight and flat,Village Road,Bitumen(Tar),Dry,Not Applicable,Fine,SARJAPURA*-ATTIBELE ROAD,BUS STOP,30 MTR,0.0,0.0
Bengaluru Dist,Sarjapura PS,1.04421e+16,2016,1,1,Road Accidents,Other,Rural Areas,Near Bus stop,Human Error,No,Grievous Injury,Hit pedestrian,Uncontrolled,Others,Village Road,Bitumen(Tar),Dry,Not Applicable,Clear,Near Sompura gate,Near Kristal apartment,02 Km,0.0,0.0
Bengaluru Dist,Sarjapura PS,1.04421e+16,2016,1,1,Road Accidents,Circle,Rural Areas,Near Bus stop,Human Error,Yes,Grievous Injury,Hit pedestrian,Not Applicable,Straight and flat,Major District Road,Bitumen(Tar),Dry,Not Applicable,Clear,DOMMASANDRA-VARTHURU ROAD,BUS STOP,10 MTR,0.0,0.0
Bengaluru Dist,Sarjapura PS,1.04421e+16,2016,1,2,Road Accidents,Circle,Rural Areas,Open area,Human Error,Yes,Grievous Injury,Others,Not Applicable,Straight and flat,Village Road,Bitumen(Tar),Dry,Not Applicable,Fine,DOMMASANDRA-CHANDAPURA ROAD,BUS STOP,50MTR,0.0,0.0
Bengaluru Dist,Sarjapura PS,1.04421e+16,2016,1,2,Road Accidents,Other,Rural Areas,Residential area,Human Error,No,Grievous Injury,Hit bicyclist,Not at  Junction,Straight and flat,Village Road,Bitumen(Tar),Dry,Not Applicable,Fine,SARJAPURA ATTIBELE ROAD,CRISTAL APPARTMENT,10MTS,0.0,0.0
Bengaluru Dist,Sarjapura PS,1.04421e+16,2016,1,1,Road Accidents,Circle,Rural Areas,Open area,Human Error,Yes,Grievous Injury,Hit pedestrian,Uncontrolled,Others,Others,Bitumen(Tar),Dry,Not Applicable,Clear,Dommasandra circle,Near Rajanna thota,05 KM,0.0,0.0
Bengaluru Dist,Sarjapura PS,1.04421e+16,2016,1,2,Road Accidents,Other,Rural Areas,Near Hospital,Human Error,No,Damage Only,Others,No signal lights,Straight and flat,Village Road,Bitumen(Tar),Dry,Not Applicable,Fine,DOMMASANDRA-CHANDAPURA ROAD,GLOBAL EYE HOSPITAL,30 MTR,0.0,0.0
Bengaluru Dist,Sarjapura PS,1.04421e+16,2016,1,2,Road Accidents,Other,Rural Areas,Near School or College,Human Error,No,Grievous Injury,Others,Not Applicable,Straight and flat,Village Road,Bitumen(Tar),Dry,Not Applicable,Fine,DOMMASANDRA- VARTHURU ROAD,OKRID SCHOOL,70 MTR,0.0,0.0