DISTRICTNAME,UNITNAME,Crime_No,Year,RI,Noofvehicle_involved,Accident_Classification,Accident_Spot,Accident_Location,Accident_SubLocation,Main_Cause,Hit_Run,Severity,Collision_Type,Junction_Control,Road_Character,Road_Type,Surface_Type,Surface_Condition,Road_Condition,Weather,Accident_Road,Landmark_first,Distance_LandMark_First,Latitude,Longitude
Bengaluru Dist,Sarjapura PS,1.04421e+16,2016,1,2,Road Accidents,Other,Rural Areas,Open area,Not Applicable,No,Damage Only,Rear end,Not at  Junction,Curve,NH,Bitumen(Tar),Others,Not Applicable,Very Hot,Sarjapurabagalur road,sampangi ramayya land,15 mtr,0.0,0.0
Bengaluru Dist,Sarjapura PS,1.04421e+16,2017,1,2,Road Accidents,Other,Rural Areas,Near or inside a village,Human Error,No,Grievous Injury,Hit bicyclist,Not at  Junction,Straight and flat,Village Road,Bitumen(Tar),Dry,Not Applicable,Fine,SARJAPURA ATTIBELE ROAD,BUS STOP,10 MTS,0.0,0.0
Bengaluru Dist,Sarjapura PS,1.04421e+16,2017,1,2,Road Accidents,Other,Rural Areas,Near or inside a village,Human Error,No,Grievous Injury,Others,Not at  Junction,Curve,Village Road,Bitumen(Tar),Dry,Not Applicable,Fine,GUNJURU GONIGATTAPURA ROAD,WATER TANK,10MTR,0.0,0.0
Bengaluru Dist,Sarjapura PS,1.04421e+16,2017,1,1,Not Applicable,Other,Rural Areas,Open area,Not Applicable,No,Grievous Injury,Others,Not Applicable,Others,Others,Not Applicable,Others,Not Applicable,Others,SARJAPURA-CHIKKATHIRUPATHI ROAD,1,4 KM,0.0,0.0
Bengaluru Dist,Sarjapura PS,1.04421e+16,2017,1,2,Road Accidents,Other,Rural Areas,Near or inside a village,Human Error,No,Grievous Injury,Hit bicyclist,Not at  Junction,Straight and flat,Village Road,Bitumen(Tar),Dry,Not Applicable,Fine,SARJAPURA ATTIBELE ROAD,MVR GAS FACTORY,20 MTS,0.0,0.0
Bengaluru Dist,Sarjapura PS,1.04421e+16,2017,1,2,Road Accidents,Other,Rural Areas,Near or inside a village,Human Error,No,Grievous Injury,Hit bicyclist,Not at  Junction,Straight and flat,Village Road,Bitumen(Tar),Dry,Not Applicable,Fine,SARJAPURA ATTIBELE ROAD,ANJANEYA TEMPAL,20 MTS,0.0,0.0
Bengaluru Dist,Sarjapura PS,1.04421e+16,2017,1,1,Road Accidents,Junction,Rural Areas,Near or inside a village,Human Error,No,Grievous Injury,Skidding or Self accident,Not Applicable,Straight and flat,Village Road,Bitumen(Tar),Dry,Not Applicable,Fine,NERIGA MUGALURU ROAD,SAGARA HOTEL,5 MTS,0.0,0.0
Bengaluru Dist,Sarjapura PS,1.04421e+16,2017,1,2,Road Accidents,Other,Rural Areas,Near Bus stop,Human Error,Yes,Grievous Injury,Hit bicyclist,Not Applicable,Others,Village Road,Bitumen(Tar),Dry,Not Applicable,Fine,ATTIBELE SARJAPURA ROAD,BUS STOP,5 MTR,0.0,0.0
Bengaluru Dist,Sarjapura PS,1.04421e+16,2017,1,2,Road Accidents,Circle,City/Town,Residential area,Human Error,No,Damage Only,Others,Not at  Junction,Others,Village Road,Bitumen(Tar),Dry,Not Applicable,Fine,SARJAPURA-BAGALORE,NEAR ABHYA CIRCLE,20 MR,0.0,0.0
Bengaluru Dist,Sarjapura PS,1.04421e+16,2017,1,2,Road Accidents,Other,Rural Areas,Open area,Not Applicable,No,Fatal,Others,Not Applicable,Straight and flat,Village Road,Bitumen(Tar),Dry,Not Applicable,Not Applicable,GONIGATTAPURA-BELLIKERE ROAD,NEAR REDDY CHICKEN FARM,6 KM,0.0,0.0
Bengaluru Dist,Sarjapura PS,1.04421e+16,2017,1,2,Road Accidents,Other,Rural Areas,Near School or College,Human Error,No,Grievous Injury,Others,Not at  Junction,Others,Two way,Bitumen(Tar),Dry,Not Applicable,Clear,DOMMASANDRA-VARTHURU ROAD,KATERAMMA TEMPAL,5 KM,0.0,0.0
Bengaluru Dist,Sarjapura PS,1.04421e+16,2017,1,2,Road Accidents,Narrow road,Rural Areas,Near School or College,Human Error,Yes,Fatal,Hit and Run,Not Applicable,Others,Village Road,Bitumen(Tar),Dry,No influence on accident,Not Applicable,DOMMASANDAR-VARTUR ROAD,NEAR KAR RIDGE SCHOOL,4 KM,0.0,0.0
Bengaluru Dist,Sarjapura PS,1.04421e+16,2017,1,1,Road Accidents,Other,Rural Areas,Near Bus stop,Human Error,Yes,Fatal,Hit and Run,Not Applicable,Others,Village Road,Bitumen(Tar),Dry,Not Applicable,Not Applicable,BANGALORE-SARJAPURA ROAD,NEAR SOMPURA GATE,1 KM,0.0,0.0
Bengaluru Dist,Sarjapura PS,1.04421e+16,2017,1,1,Road Accidents,Circle,Rural Areas,Residential area,Human Error,No,Grievous Injury,Hit bicyclist,Uncontrolled,Others,One way,Bitumen(Tar),Dry,Not Applicable,Clear,Nekkundi dommasandra circle,Janthagondanahalli Varthuru road,10 km,0.0,0.0
Bengaluru Dist,Sarjapura PS,1.04421e+16,2017,1,1,Road Accidents,Other,Rural Areas,Residential area,Human Error,No,Grievous Injury,Skidding or Self accident,Not at  Junction,Straight and flat,Village Road,Bitumen(Tar),Dry,Not Applicable,Fine,DOMMASANDRA,KAVERAMMA TEMPAL,5 MTR,0.0,0.0
Bengaluru Dist,Sarjapura PS,1.04421e+16,2017,1,1,Road Accidents,Cross roads,Rural Areas,Open area,Not Applicable,No,Simple Injury,Not Applicable,Not Applicable,Others,Village Road,Bitumen(Tar),Dry,Not Applicable,Clear,MUTTANALLURU CHANDAPURA ROAD NEAR BAYLUBASAVAVVA TEMPLE KOMMASANDRA,MUTTANALLURU CHANDAPURA ROAD NEAR BAYLUBASAVAVVA TEMPLE KOMMASANDRA,7,0.0,0.0
Bengaluru Dist,Sarjapura PS,1.04421e+16,2017,1,1,Road Accidents,Circle,Rural Areas,Near Bus stop,Not Applicable,No,Fatal,Not Applicable,Not Applicable,Not Applicable,Others,Bitumen(Tar),Not Applicable,Not Applicable,Not Applicable,DOMMASANDRA-SARJAPURAROAD,DOMMASANDRA CIRCLE,6 KM,0.0,0.0
Bengaluru Dist,Sarjapura PS,1.04421e+16,2017,1,1,Road Accidents,Other,Rural Areas,Near School or College,Not Applicable,Yes,Fatal,Not Applicable,Not Applicable,Others,Others,Bitumen(Tar),Not Applicable,Not Applicable,Not Applicable,DOMMASANDRA VARTURU ROAD,NEAR TISB SCHOOL,6 KM,0.0,0.0
Bengaluru Dist,Sarjapura PS,1.04421e+16,2017,1,2,Road Accidents,Not Applicable,Rural Areas,Open area,Not Applicable,No,Simple Injury,Others,Not at  Junction,Not Applicable,NH,Bitumen(Tar),Dry,Not Applicable,Clear,NH 207 RAJEV GANDHI NAGARA,NH 207 RAJEV GANDHI NAGARA,5,0.0,0.0
Bengaluru Dist,Sarjapura PS,1.04421e+16,2017,1,2,Road Accidents,Other,Rural Areas,Near School or College,Human Error,Yes,Grievous Injury,Hit bicyclist,Not Applicable,Others,Village Road,Bitumen(Tar),Dry,Not Applicable,Fine,DOMMASANDRA- VARTURU ROAD,OKRIGE SCHOOL,5 MTR,0.0,0.0
Bengaluru Dist,Sarjapura PS,1.04421e+16,2017,1,2,Road Accidents,Cross roads,Rural Areas,Residential area,Human Error,Yes,Grievous Injury,Hit bicyclist,Not at  Junction,Curve,Village Road,Bitumen(Tar),Dry,Not Applicable,Fine,SARJAPURA CIKKATIRUPATI ROAD,BUS STOP,10MTR,0.0,0.0
Bengaluru Dist,Sarjapura PS,1.04421e+16,2017,1,1,Road Accidents,Other,Rural Areas,Residential area,Human Error,No,Grievous Injury,Skidding or Self accident,Not at  Junction,Straight and flat,Residential Street,Bitumen(Tar),Dry,Not Applicable,Fine,SARJAPURA BANGALORE ROAD,NISARGA HOTEL,10 MTS,0.0,0.0
Bengaluru Dist,Sarjapura PS,1.04421e+16,2017,1,1,Road Accidents,Other,Rural Areas,Residential area,Human Error,No,Grievous Injury,Hit pedestrian,Not Applicable,Straight and flat,Village Road,Bitumen(Tar),Dry,Not Applicable,Fine,SARJAPURA BANGALORE ROAD,BUS STOP,10MTR,0.0,0.0
Bengaluru Dist,Sarjapura PS,1.04421e+16,2017,1,2,Road Accidents,Circle,Rural Areas,Residential area,Human Error,No,Grievous Injury,Hit bicyclist,Not at  Junction,Straight and flat,Residential Street,Bitumen(Tar),Dry,Not Applicable,Fine,SARJAPURA BANGALORE ROAD,HP PETROL BUNK,10 MTS,0.0,0.0
Bengaluru Dist,Sarjapura PS,1.04421e+16,2017,1,2,Road Accidents,Not Applicable,Rural Areas,Residential area,Human Error,No,Grievous Injury,Hit bicyclist,Not at  Junction,Not Applicable,Village Road,Bitumen(Tar),Dry,Not Applicable,Fine,SARJAPURA BANGALOR ROAD,RAJANNA LAND,10 MTS,0.0,0.0
Bengaluru Dist,Sarjapura PS,1.04421e+16,2017,1,2,Road Accidents,Cross roads,Rural Areas,Open area,Human Error,No,Grievous Injury,Hit bicyclist,Not at  Junction,Curve,NH,Bitumen(Tar),Dry,Not Applicable,Fine,SARJAPURA- AGALURU ROAD,TVS KALYANA MANTAPA,20MTR,0.0,0.0
Bengaluru Dist,Sarjapura PS,1.04421e+16,2017,1,2,Road Accidents,Not Applicable,Rural Areas,Open area,Not Applicable,Yes,Grievous Injury,Others,Not Applicable,Others,Two way,Bitumen(Tar),Dry,Not Applicable,Fine,DOMMASANDRA-VARTHURU ROAD HEGGONDANAHALLI CROSS,HEGGONDANAHALLI  CROSS,5,0.0,0.0
Bengaluru Dist,Sarjapura PS,1.04421e+16,2017,1,2,Not Applicable,Other,Rural Areas,Open area,Not Applicable,No,Grievous Injury,Others,Not Applicable,Others,Others,Not Applicable,Others,Not Applicable,Others,SARJAPURA-BANGALORE ROAD,1,2 KM,0.0,0.0
Bengaluru Dist,Sarjapura PS,1.04421e+16,2017,1,1,Road Accidents,Other,Rural Areas,Near School or College,Human Error,No,Grievous Injury,Hit pedestrian,Uncontrolled,Slight Curve,Others,Bitumen(Tar),Dry,Not Applicable,Clear,Varthuru dommasandra road Near Arunodhaya college,Near Arunodhaya college,10 km,0.0,0.0
Bengaluru Dist,Sarjapura PS,1.04421e+16,2017,1,2,Road Accidents,Other,Rural Areas,Residential area,Human Error,Yes,Damage Only,Hit pedal cyclist,Not Applicable,Not Applicable,Village Road,Bitumen(Tar),Dry,Not Applicable,Fine,SARJAPURA-BANGALORE ROAD,NEAR INDIAN PETROL BUNK,5 MTR,0.0,0.0
Bengaluru Dist,Sarjapura PS,1.04421e+16,2017,1,2,Road Accidents,Other,Rural Areas,Near School or College,Human Error,No,Grievous Injury,Hit bicyclist,Not at  Junction,Straight and flat,Village Road,Bitumen(Tar),Dry,Not Applicable,Fine,BILLAPUERA HANDENAHALLI ROAD,INDUS SCHOOL,10 MTR,0.0,0.0
Bengaluru Dist,Sarjapura PS,1.04421e+16,2017,1,1,Road Accidents,Not Applicable,Rural Areas,Residential area,Not Applicable,No,Fatal,Others,Not Applicable,Not Applicable,Others,Concrete,Not Applicable,Not Applicable,Others,FRONT OF CHRISTAL,SARJAPURA BAGALUR ROAD,2 KM,0.0,0.0
Bengaluru Dist,Sarjapura PS,1.04421e+16,2017,1,1,Road Accidents,Other,Rural Areas,Residential area,Human Error,No,Grievous Injury,Skidding or Self accident,Not at  Junction,Not Applicable,Village Road,Bitumen(Tar),Dry,Not Applicable,Fine,SARJAPURA BANGALORE ROAD,YAMARE GRAMA PANCHAYATH OFFICE,10 MTR,0.0,0.0
Bengaluru Dist,Sarjapura PS,1.04421e+16,2017,1,2,Road Accidents,Other,Rural Areas,Residential area,Not Applicable,No,Simple Injury,Others,Not Applicable,Not Applicable,Two way,Bitumen(Tar),Dry,No influence on accident,Fine,BANGALORE-SARJAPURA ROAD YAMARE VILLAGE,YAMARE  VILLAGE,3,0.0,0.0
Bengaluru Dist,Sarjapura PS,1.04421e+16,2017,1,1,Not Applicable,Other,Rural Areas,Open area,Not Applicable,No,Grievous Injury,Others,Not Applicable,Others,Others,Not Applicable,Others,Not Applicable,Others,SARJAPURA-BANGALORE ROAD,1,5 KM,0.0,0.0
Bengaluru Dist,Sarjapura PS,1.04421e+16,2017,1,1,Not Applicable,Other,Rural Areas,Open area,Not Applicable,No,Simple Injury,Others,Not Applicable,Others,Others,Not Applicable,Not Applicable,Not Applicable,Others,BANGALORE-SARJAPURA ROAD,1,4 KM,0.0,0.0
Bengaluru Dist,Sarjapura PS,1.04421e+16,2017,1,2,Road Accidents,Circle,Rural Areas,Residential area,Human Error,Yes,Grievous Injury,Hit bicyclist,Not at  Junction,Straight and flat,Village Road,Bitumen(Tar),Dry,Not Applicable,Fine,SARJAPURA BANGALOREROAD,MAYURA BEKERY,10 MTS,0.0,0.0
Bengaluru Dist,Sarjapura PS,1.04421e+16,2017,1,2,Road Accidents,Other,Rural Areas,Residential area,Human Error,No,Grievous Injury,Hit bicyclist,Not at  Junction,Straight and flat,Village Road,Bitumen(Tar),Dry,Not Applicable,Fine,SARJAPURA BANGALORE ROAD,LAKSHMI VENAKTESHWAR GRANITS,10 MTS,0.0,0.0
Bengaluru Dist,Sarjapura PS,1.04421e+16,2017,1,1,Not Applicable,Not Applicable,Not Applicable,Near Bus stop,Not Applicable,No,Fatal,Others,Not Applicable,Not Applicable,Village Road,Concrete,Muddy,Not Applicable,Others,SARJAPURA BAGALUR ROAD,1,200 MT,0.0,0.0
Bengaluru Dist,Sarjapura PS,1.04421e+16,2017,1,1,Road Accidents,Not Applicable,Rural Areas,Near Bus stop,Not Applicable,Not Applicable,Fatal,Not Applicable,Not Applicable,Not Applicable,Others,Concrete,Not Applicable,Not Applicable,Others,THINDLU GATE,SARJAPURA BAGALUR ROAD ANEKAL TQ,3 KM,0.0,0.0
Bengaluru Dist,Sarjapura PS,1.04421e+16,2017,1,3,Road Accidents,Other,Rural Areas,Near Petrol Pump,Human Error,No,Damage Only,Others,Not at  Junction,Straight and flat,Village Road,Bitumen(Tar),Dry,Not Applicable,Fine,SARJAPURA BANGALORE ROAD,HP PETROL BUNK,10 MTR,0.0,0.0
Bengaluru Dist,Sarjapura PS,1.04421e+16,2017,1,3,Road Accidents,Other,Rural Areas,Residential area,Human Error,No,Damage Only,Others,Not Applicable,Others,Village Road,Bitumen(Tar),Dry,Not Applicable,Fine,SARJAPURA ATTIBELE ROAD,BUS STOP,10 MTS,0.0,0.0
Bengaluru Dist,Sarjapura PS,1.04421e+16,2017,1,1,Road Accidents,Cross roads,Rural Areas,Residential area,Human Error,No,Damage Only,Skidding or Self accident,Not at  Junction,Curve,Village Road,Bitumen(Tar),Dry,Not Applicable,Fine,SARJAPURA CHIKKATIRUPATI ROAD,BUS STOP,10MTS,0.0,0.0
Bengaluru Dist,Sarjapura PS,1.04421e+16,2017,1,1,Not Applicable,Other,Not Applicable,Open area,Not Applicable,No,Simple Injury,Others,Not Applicable,Others,Others,Not Applicable,Others,Not Applicable,Others,CHAMBENAHALLI GATE,1,3 KM,0.0,0.0
Bengaluru Dist,Sarjapura PS,1.04421e+16,2017,1,1,Road Accidents,Other,Rural Areas,Near or inside a village,Human Error,No,Grievous Injury,Skidding or Self accident,Not at  Junction,Straight and flat,Village Road,Bitumen(Tar),Dry,Not Applicable,Fine,DOMMASANDRA CHANDAPURA ROAD,BAYALU BASAVANNA TEMPAL,10 MTR,0.0,0.0
Bengaluru Dist,Sarjapura PS,1.04421e+16,2017,1,1,Road Accidents,Not Applicable,Rural Areas,Residential area,Human Error,No,Grievous Injury,Hit pedestrian,Not at  Junction,Straight and flat,Village Road,Bitumen(Tar),Dry,Not Applicable,Fine,SARJAPURA BANGALORE ROAD,BUS STOP,5 MTR,0.0,0.0
Bengaluru Dist,Sarjapura PS,1.04421e+16,2017,1,2,Road Accidents,Circle,Rural Areas,Near Bus stop,Human Error,No,Damage Only,Others,Not Applicable,Others,Village Road,Bitumen(Tar),Dry,Not Applicable,Fine,adommasandra-chandapura road,chokkasandra bus stop,10 mtr,0.0,0.0
Bengaluru Dist,Sarjapura PS,1.04421e+16,2018,1,2,Road Accidents,Cross roads,Rural Areas,Residential area,Human Error,Yes,Grievous Injury,Vehicle to Vehicle,Not at  Junction,Straight and flat,Two way,Bitumen(Tar),Dry,No influence on accident,Fine,SARJAPURA-BANGALORE ROAD,NEAR CANERA BANK,10 MTR,0.0,0.0
Bengaluru Dist,Sarjapura PS,1.04421e+16,2018,1,1,Road Accidents,Other,Rural Areas,Open area,Not Applicable,No,Grievous Injury,Others,Not Applicable,Others,Others,Not Applicable,Others,Not Applicable,Others,NEAR GREENHOOD HIGH SCHOOL DOMMASANDRA,6 KM,6 KM,0.0,0.0
Bengaluru Dist,Sarjapura PS,1.04421e+16,2018,1,1,Road Accidents,Other,Rural Areas,At pedestrian Crossing,Human Error,No,Fatal,Hit pedestrian,Not Applicable,Others,State Highway,Bitumen(Tar),Dry,Not Applicable,Clear,BANGALORE-SARJAPURA ROAD,FRONT OF PANDURANGA TEMPLE,3 K M,0.0,0.0
Bengaluru Dist,Sarjapura PS,1.04421e+16,2018,1,2,Not Applicable,T Junction,City/Town,Residential area,Human Error,No,Damage Only,Others,Not Applicable,Others,Residential Street,Bitumen(Tar),Dry,Not Applicable,Fine,SARJAPURA BANGALORE ROAD,NEAR T C HALLI BUS STOP,10 MTR,0.0,0.0
Bengaluru Dist,Sarjapura PS,1.04421e+16,2018,1,1,Road Accidents,Curves,Rural Areas,Near office complex,Human Error,No,Fatal,Skidding or Self accident,Uncontrolled,Curve,State Highway,Bitumen(Tar),Dry,Not Applicable,Others,"YAMARE VILLAGE,SARJAPURA HOBLI",NEAR PANCHAYATH OFFICE,3 KM,0.0,0.0
Bengaluru Dist,Sarjapura PS,1.04421e+16,2018,1,2,Not Applicable,Other,Rural Areas,Open area,Not Applicable,Yes,Simple Injury,Others,Not Applicable,Others,Others,Not Applicable,Others,Not Applicable,Others,"NEAR RAVI THEATER, SARJAPURA TOWN",200 MTR,200 MT,0.0,0.0
Bengaluru Dist,Sarjapura PS,1.04421e+16,2018,1,1,Road Accidents,Other,Rural Areas,Open area,Not Applicable,Not Applicable,Grievous Injury,Others,Not Applicable,Others,Others,Not Applicable,Others,Not Applicable,Others,"RAMANAYAKANAHALLI CROSS, VARTURU-DOMMASANDRA ROAD, HEGGAONDANAHALLI VILLAGE",6 KM,6 KM,0.0,0.0
Bengaluru Dist,Sarjapura PS,1.04421e+16,2018,1,2,Road Accidents,Circle,Rural Areas,Open area,Human Error,Yes,Grievous Injury,Not Applicable,Controlled,Others,Others,Bitumen(Tar),Dry,Not Applicable,Others,BANGALORE SARJAPURA ROAD,4 K M,4 KM,0.0,0.0
Bengaluru Dist,Sarjapura PS,1.04421e+16,2018,1,3,Not Applicable,Not Applicable,Not Applicable,Open area,Not Applicable,No,Damage Only,Not Applicable,Not Applicable,Not Applicable,Not Applicable,Not Applicable,Not Applicable,Not Applicable,Not Applicable,SOMPURA ROAD,1,3,0.0,0.0
Bengaluru Dist,Sarjapura PS,1.04421e+16,2018,1,1,Road Accidents,Narrow road,Rural Areas,Near Bus stop,Human Error,No,Fatal,Hit pedestrian,Not Applicable,Others,Two way,Bitumen(Tar),Dry,Not Applicable,Not Applicable,SARJAPURA-ATTIBELE ROAD,TYAVAKANAHALLI GATE,4 KM,0.0,0.0
Bengaluru Dist,Sarjapura PS,1.04421e+16,2018,1,2,Not Applicable,Other,Not Applicable,Open area,Not Applicable,No,Grievous Injury,Others,Not Applicable,Others,Others,Not Applicable,Not Applicable,Not Applicable,Others,"BANGALORE SARJAPURA ROAD, NEAR DOMMASANDRA CIRCLE",4 KM,4 KM,0.0,0.0
Bengaluru Dist,Sarjapura PS,1.04421e+16,2018,1,2,Not Applicable,Not Applicable,Not Applicable,Open area,Not Applicable,Not Applicable,Grievous Injury,Not Applicable,Not Applicable,Not Applicable,Not Applicable,Not Applicable,Not Applicable,Not Applicable,Others,"ATTIBELE SARJAPURA ROAD NEAR PRATHAM MOTORS, SARJAPURA TOWN",750 MTRS,750MTR,0.0,0.0
Bengaluru Dist,Sarjapura PS,1.04421e+16,2018,1,1,Road Accidents,Other,Rural Areas,Near Bus stop,Human Error,Yes,Grievous Injury,Hit and Run,Uncontrolled,Others,One way,Bitumen(Tar),Dry,Not Applicable,Fine,Varthuru-dommasandra road,Near temple,10mtrs,0.0,0.0
Bengaluru Dist,Sarjapura PS,1.04421e+16,2018,1,1,Not Applicable,Other,Rural Areas,Open area,Not Applicable,Yes,Simple Injury,Others,Not Applicable,Others,Others,Not Applicable,Others,Not Applicable,Others,"NEAR RASAGANGA HOTEL, SANTEBEEDI, T C HALLI ROAD, DOMMASANDRA VILLAGE",4 KM,4 KM,0.0,0.0
Bengaluru Dist,Sarjapura PS,1.04421e+16,2018,1,2,Not Applicable,Not Applicable,Not Applicable,Open area,Not Applicable,No,Simple Injury,Not Applicable,Not Applicable,Not Applicable,Not Applicable,Not Applicable,Not Applicable,Not Applicable,Not Applicable,SARJAPURA-BANGALORE ROAD,1,01 km,0.0,0.0
Bengaluru Dist,Sarjapura PS,1.04421e+16,2018,1,2,Not Applicable,Other,Rural Areas,Open area,Not Applicable,Yes,Simple Injury,Others,Not Applicable,Others,Others,Not Applicable,Others,Not Applicable,Others,NEAR CHOKKASANDRA-MUTHANALLUR CROSS,5 KM,5 KM,0.0,0.0
Bengaluru Dist,Sarjapura PS,1.04421e+16,2018,1,1,Road Accidents,Other,Rural Areas,Open area,Not Applicable,Yes,Grievous Injury,Others,Not Applicable,Others,Others,Not Applicable,Others,Not Applicable,Others,SARJAPURA-BANGALORE ROAD,2 KM,2 KM,0.0,0.0
Bengaluru Dist,Sarjapura PS,1.04421e+16,2018,1,2,Road Accidents,Narrow road,Rural Areas,Near Petrol Pump,Human Error,No,Fatal,Hit bicyclist,Not Applicable,Others,Others,Bitumen(Tar),Dry,Not Applicable,Not Applicable,ATTIBELE-SARJAPURA ROAD,NEAR PETROL BUNK,4 KM S,0.0,0.0
Bengaluru Dist,Sarjapura PS,1.04421e+16,2018,1,1,Road Accidents,Other,Rural Areas,Open area,Not Applicable,Not Applicable,Grievous Injury,Others,Not Applicable,Others,Others,Not Applicable,Others,Not Applicable,Others,THIPPASANDRA BUS STOP,3 KM,3 KM,0.0,0.0
Bengaluru Dist,Sarjapura PS,1.04421e+16,2018,1,1,Not Applicable,Other,Not Applicable,Open area,Not Applicable,No,Not Applicable,Others,Not Applicable,Others,Others,Not Applicable,Not Applicable,Not Applicable,Not Applicable,ROAD,1,500M,0.0,0.0
Bengaluru Dist,Sarjapura PS,1.04421e+16,2018,1,2,Not Applicable,Other,Rural Areas,Open area,Not Applicable,Yes,Grievous Injury,Others,Not Applicable,Others,Others,Not Applicable,Others,Not Applicable,Others,"NEAR HP PETORL BUNK, DOMMASANDRA VILLAGE",6 KM,6 KM,0.0,0.0
Bengaluru Dist,Sarjapura PS,1.04421e+16,2018,1,2,Road Accidents,Curves,Rural Areas,Residential area,Human Error,No,Grievous Injury,Others,Not Applicable,Curve,Village Road,Bitumen(Tar),Dry,Not Applicable,Fine,NERIGA VARTUR ROAD,NEAR PANCHAYAT OFFICE,50MTR,0.0,0.0
Bengaluru Dist,Sarjapura PS,1.04421e+16,2018,1,2,Road Accidents,Other,Rural Areas,Open area,Not Applicable,Yes,Simple Injury,Others,Not Applicable,Others,Others,Not Applicable,Others,Not Applicable,Others,"NEAR DOMMASANDRA CIRCLE, VARTUR DOMMASANDRA ROAD",4 KM,4 KM,0.0,0.0
Bengaluru Dist,Sarjapura PS,1.04421e+16,2018,1,2,Not Applicable,Other,Not Applicable,Open area,Not Applicable,No,Grievous Injury,Others,Not Applicable,Others,Others,Not Applicable,Others,Not Applicable,Others,BANGALORE-SARJAPURA ROAD,1 KM,1 K M,0.0,0.0
Bengaluru Dist,Sarjapura PS,1.04421e+16,2018,1,1,Not Applicable,Not Applicable,Rural Areas,Open area,Not Applicable,No,Damage Only,Not Applicable,Not Applicable,Not Applicable,Not Applicable,Not Applicable,Not Applicable,Not Applicable,Not Applicable,KATHRIKUPPE VILLAGE,1,1,0.0,0.0
Bengaluru Dist,Sarjapura PS,1.04421e+16,2018,1,2,Road Accidents,Other,Rural Areas,Open area,Not Applicable,Yes,Grievous Injury,Others,Not Applicable,Others,Others,Not Applicable,Others,Not Applicable,Others,MUTHANALLUR CROSS-CHANDAPURA ROAD,5 KM,5 KM,0.0,0.0
Bengaluru Dist,Sarjapura PS,1.04421e+16,2018,1,2,Not Applicable,Other,Not Applicable,Open area,Not Applicable,Not Applicable,Simple Injury,Others,Not Applicable,Others,Others,Not Applicable,Not Applicable,Not Applicable,Others,"NEAR ARUNACHALAM LAYOUT, S MEDAHALLI",4 KM,4 KM,0.0,0.0
Bengaluru Dist,Sarjapura PS,1.04421e+16,2018,1,2,Road Accidents,Cross roads,Rural Areas,Open area,Human Error,No,Fatal,Hit bicyclist,Uncontrolled,Straight and flat,State Highway,Bitumen(Tar),Dry,Not Applicable,Clear,SARJAPURA-BAGALOOR ROAD,SARDHAR VALLABA BAI PATEL GROUND,0.5 KM,0.0,0.0
Bengaluru Dist,Sarjapura PS,1.04421e+16,2018,1,2,Road Accidents,Other,Not Applicable,Open area,Not Applicable,Not Applicable,Not Applicable,Others,Not Applicable,Others,Others,Not Applicable,Others,Not Applicable,Others,"MUTTANALLURU CROSS, CHANDAPURA ROAD, DOMMASANDRA VILLAGE, SARJAPURA HOBLI, ANEKAL TQ",6 KM,6 KM,0.0,0.0
Bengaluru Dist,Sarjapura PS,1.04421e+16,2018,1,2,Road Accidents,Circle,Rural Areas,Open area,Human Error,Yes,Fatal,Hit bicyclist,Uncontrolled,Others,State Highway,Bitumen(Tar),Dry,Not Applicable,Clear,"NEAR KAVERAMMA TEMPLE,THINDLU CROSS",NEAR KAVERAMMA TEMPLE,1 KM,0.0,0.0
Bengaluru Dist,Sarjapura PS,1.04421e+16,2018,1,2,Road Accidents,Narrow road,Rural Areas,Near Bus stop,Human Error,No,Fatal,Hit bicyclist,Uncontrolled,Straight and flat,State Highway,Bitumen(Tar),Dry,Not Applicable,Clear,"SARJAPURA-ATTIBELE ROAD,BILLAPURA VILLAGE",BILLAPURA VILLAGE,3 KM,0.0,0.0
Bengaluru Dist,Sarjapura PS,1.04421e+16,2018,1,1,Not Applicable,Other,Rural Areas,Open area,Not Applicable,Not Applicable,Simple Injury,Not Applicable,Not Applicable,Others,Others,Not Applicable,Others,Not Applicable,Others,MUTHANALLUR CROSS-CHANDAPURA ROAD,1,1,0.0,0.0
Bengaluru Dist,Sarjapura PS,1.04421e+16,2018,1,1,Road Accidents,Narrow road,Rural Areas,Near Bus stop,Human Error,No,Fatal,Hit pedestrian,Uncontrolled,Others,NH,Bitumen(Tar),Dry,Not Applicable,Clear,"NH-207,SARJAPURA-CHIKKATHIRUPATI ROAD",RAJIVGANDHI NAGARA,5 KM,0.0,0.0
Bengaluru Dist,Sarjapura PS,1.04421e+16,2018,1,2,Not Applicable,Not Applicable,Not Applicable,Open area,Not Applicable,No,Not Applicable,Not Applicable,Not Applicable,Not Applicable,Not Applicable,Not Applicable,Not Applicable,Not Applicable,Others,SARJAPURA BANGALORE ROAD,1,1 KM,0.0,0.0
Bengaluru Dist,Sarjapura PS,1.04421e+16,2018,1,1,Road Accidents,Other,Villages settlement,Open area,Human Error,No,Damage Only,Not Applicable,Not Applicable,Others,Village Road,Not Applicable,Dry,Not Applicable,Fine,JANTHAGONDANAHALLI ROAD,RENUKAMMA LAND,10MTR,0.0,0.0
Bengaluru Dist,Sarjapura PS,1.04421e+16,2018,1,1,Road Accidents,Narrow road,Rural Areas,Near Petrol Pump,Human Error,Yes,Fatal,Hit pedestrian,Uncontrolled,Straight and flat,State Highway,Bitumen(Tar),Dry,Not Applicable,Clear,"NEAR PETROL BUNK,SOMPURA GATE SARJAPURA HOBLI,ANEKAL TALUK",NEAR HP PETROL BUNK,2 KM,0.0,0.0
Bengaluru Dist,Sarjapura PS,1.04421e+16,2018,1,2,Road Accidents,Other,Rural Areas,Open area,Not Applicable,Not Applicable,Grievous Injury,Others,Not at  Junction,Others,Others,Not Applicable,Others,Not Applicable,Others,CHAMBENAHALLI GATE,4 KM,4 KM,0.0,0.0
Bengaluru Dist,Sarjapura PS,1.04421e+16,2018,1,2,Road Accidents,Other,Rural Areas,Open area,Human Error,No,Fatal,Hit parked vehicle,Uncontrolled,Straight and flat,NH,Bitumen(Tar),Dry,Not Applicable,Snow,"NH-207,NEAR RAJEEV GANDHI NAGARA,SARJAPURA HOBLI",NEAR RAJEEV GANDHI NAGARA,5 KM,0.0,0.0
Bengaluru Dist,Sarjapura PS,1.04421e+16,2018,1,2,Not Applicable,Not Applicable,Not Applicable,Open area,Not Applicable,No,Damage Only,Not Applicable,Not Applicable,Not Applicable,Not Applicable,Not Applicable,Not Applicable,Not Applicable,Not Applicable,NH 207 ROAD,1,01 km,0.0,0.0
Bengaluru Dist,Sarjapura PS,1.04421e+16,2018,1,2,Road Accidents,Other,Rural Areas,Residential area,Human Error,No,Grievous Injury,Others,Not Applicable,Others,Village Road,Bitumen(Tar),Dry,Not Applicable,Fine,SARJAPURA CHIKKATHIRUPATI ROAD,NEAR BUS STOP,10 MTR,0.0,0.0