DISTRICTNAME,UNITNAME,Crime_No,Year,RI,Noofvehicle_involved,Accident_Classification,Accident_Spot,Accident_Location,Accident_SubLocation,Main_Cause,Hit_Run,Severity,Collision_Type,Junction_Control,Road_Character,Road_Type,Surface_Type,Surface_Condition,Road_Condition,Weather,Accident_Road,Landmark_first,Distance_LandMark_First,Latitude,Longitude
Bengaluru Dist,Sarjapura PS,1.04421e+16,2021,1,2,Road Accidents,Cross roads,Rural Areas,Residential area,Human Error,No,Grievous Injury,Vehicle to Vehicle,Uncontrolled,Straight and flat,Two way,Bitumen(Tar),Dry,No influence on accident,Fine,SARJAPURA-BAGALORE ROAD,NEAR TOWN HOSPITAL,50 MTR,12.860497,77.7901819
Bengaluru Dist,Sarjapura PS,1.04421e+16,2021,1,1,Road Accidents,Cross roads,Rural Areas,Open area,Human Error,No,Grievous Injury,Not Applicable,Uncontrolled,Curve,Two way,Bitumen(Tar),Dry,No influence on accident,Fine,SARJAPURA BAGALUR ROAD,NEAR VGP GARDEN,100 MT,12.853915,77.8074689
Bengaluru Dist,Sarjapura PS,1.04421e+16,2021,1,2,Not Applicable,Not Applicable,Rural Areas,Near Petrol Pump,Not Applicable,Yes,Not Applicable,Not Applicable,Not Applicable,Not Applicable,Others,Not Applicable,Not Applicable,Not Applicable,Not Applicable,"INFORNT OF INDIAN OLI PETORL BUNK, DOMMASANDRA VILLAGE",0,0,12.884777,77.746411
Bengaluru Dist,Sarjapura PS,1.04421e+16,2021,1,2,Road Accidents,Cross roads,Rural Areas,Open area,Human Error,No,Grievous Injury,Vehicle to Vehicle,Uncontrolled,Curve,Two way,Bitumen(Tar),Dry,Not Applicable,Fine,ITTANGURU-BELLIKERE ROAD,NEAR KELSE WATER FACTORY,10 MTR,12.911543,77.793814
Bengaluru Dist,Sarjapura PS,1.04421e+16,2021,1,2,Not Applicable,Not Applicable,Rural Areas,Open area,Not Applicable,No,Fatal,Not Applicable,Not Applicable,Not Applicable,Not Applicable,Not Applicable,Not Applicable,Not Applicable,Not Applicable,SARJAPURA-BANGALORE ROAD,0,0,12.866307,77.769048
Bengaluru Dist,Sarjapura PS,1.04421e+16,2021,1,2,Road Accidents,Circle,Rural Areas,Residential area,Human Error,No,Damage Only,Vehicle to Vehicle,Uncontrolled,Straight and flat,One way,Bitumen(Tar),Dry,No influence on accident,Fine,sarjapura bengalore road,near invenchar school,20 mtr,12.885793,77.743473
Bengaluru Dist,Sarjapura PS,1.04421e+16,2021,1,2,Road Accidents,Curves,Rural Areas,Open area,Human Error,No,Simple Injury,Vehicle to Vehicle,No signal lights,Straight and flat,Two way,Bitumen(Tar),Dry,No influence on accident,Fine,SARJAPURA ATTIBELE ROAD,NEAR THYAVAKANAHALLI GATE,5 MTR,12.827782,77.7859909
Bengaluru Dist,Sarjapura PS,1.04421e+16,2021,1,2,Road Accidents,Cross roads,Rural Areas,Residential area,Human Error,No,Grievous Injury,Vehicle to Vehicle,Uncontrolled,Straight and flat,Two way,Bitumen(Tar),Dry,No influence on accident,Fine,SARJAPURA ATTIBELE ROAD,NEAR BUS STOP,100 MT,12.836938,77.784955
Bengaluru Dist,Sarjapura PS,1.04421e+16,2021,1,2,Road Accidents,Cross roads,Rural Areas,Open area,Human Error,No,Fatal,Vehicle to Vehicle,Uncontrolled,Not Applicable,NH,Bitumen(Tar),Dry,Not Applicable,Very Hot,Sarjapura Bagalur Road Tindlu village,near krishna Nursery,50ft,12.854286,77.805597
Bengaluru Dist,Sarjapura PS,1.04421e+16,2021,1,2,Road Accidents,Curves,Rural Areas,Open area,Human Error,No,Grievous Injury,Vehicle to Vehicle,Uncontrolled,Curve,Two way,Bitumen(Tar),Dry,No influence on accident,Fine,SARJAPURA - CHIKKATHIRUPATHI ROAD THINDLU CROSS,NEAR BUS STOP,10 MTR,12.883406,77.754038
Bengaluru Dist,Sarjapura PS,1.04421e+16,2021,1,2,Road Accidents,Road hump or Rumble strips,Rural Areas,Residential area,Human Error,No,Damage Only,Vehicle to Vehicle,Uncontrolled,Straight and flat,One way,Bitumen(Tar),Dry,No influence on accident,Fine,SARJAPURA-BAGALORE ROAD,NEAR BUS STOP,10 MTR,12.879592,77.761477
Bengaluru Dist,Sarjapura PS,1.04421e+16,2021,1,2,Road Accidents,Circle,Rural Areas,Open area,Human Error,No,Grievous Injury,Vehicle to Vehicle,Uncontrolled,Straight and flat,Two way,Bitumen(Tar),Dry,No influence on accident,Fine,DOMMASANDRA - VARTHUR ROAD,NEAR MITHILA ENCLEVE,10 MTR,12.891501,77.749691
Bengaluru Dist,Sarjapura PS,1.04421e+16,2021,1,2,Road Accidents,Cross roads,Rural Areas,Open area,Human Error,Yes,Grievous Injury,Hit bicyclist,Not at  Junction,Curve,Two way,Bitumen(Tar),Dry,No influence on accident,Fine,SARJAPURA-KOMMASANDRA ROAD,NEAR KOMMASANDRA,100MTR,12.919972,77.775933
Bengaluru Dist,Sarjapura PS,1.04421e+16,2021,1,2,Road Accidents,Junction,Rural Areas,Open area,Human Error,Yes,Grievous Injury,Vehicle to Vehicle,Uncontrolled,Straight and flat,Two way,Bitumen(Tar),Dry,No influence on accident,Fine,SARJAPURA BAGALURU ROAD,NEAR TVS SHOW ROOM,10 MTR,12.92691,77.776663
Bengaluru Dist,Sarjapura PS,1.04421e+16,2021,1,2,Road Accidents,Not Applicable,Rural Areas,Open area,Not Applicable,Not Applicable,Fatal,Not Applicable,Not Applicable,Not Applicable,Not Applicable,Not Applicable,Not Applicable,Not Applicable,Not Applicable,SARJAPURA-CHIKKATHIRUPATHI ROAD,0,0,12.8604,77.7962099
Bengaluru Dist,Sarjapura PS,1.04421e+16,2021,1,3,Not Applicable,Not Applicable,Rural Areas,Open area,Not Applicable,Not Applicable,Fatal,Not Applicable,Not Applicable,Not Applicable,Not Applicable,Not Applicable,Not Applicable,Not Applicable,Others,SARJAPURA-BANGALORE ROAD,0,0,12.879577,77.761747
Bengaluru Dist,Sarjapura PS,1.04421e+16,2021,1,2,Road Accidents,Cross roads,Rural Areas,Open area,Human Error,No,Grievous Injury,Vehicle to Vehicle,Uncontrolled,Curve,Two way,Bitumen(Tar),Dry,No influence on accident,Fine,sarjapura ittanguru road,penisulla prakriti villa,10 mtr,12.872011,77.786763
Bengaluru Dist,Sarjapura PS,1.04421e+16,2021,1,1,Not Applicable,Not Applicable,Rural Areas,Open area,Not Applicable,No,Fatal,Not Applicable,Not Applicable,Others,Others,Not Applicable,Others,Not Applicable,Others,SARJAPURA-CHIKKATHIRUPATHI ROAD,0,0,12.890685,77.818097
Bengaluru Dist,Sarjapura PS,1.04421e+16,2021,1,2,Not Applicable,Not Applicable,Rural Areas,Open area,Not Applicable,Not Applicable,Grievous Injury,Not Applicable,Not Applicable,Others,Others,Not Applicable,Others,Not Applicable,Others,"NEAR CHAMPION SCHOOL, MUGALURU VILLAGE",0,0,12.889985,77.817705
Bengaluru Dist,Sarjapura PS,1.04421e+16,2021,1,1,Road Accidents,Junction,Rural Areas,Residential area,Human Error,No,Grievous Injury,Hit pedestrian,Uncontrolled,Straight and flat,Two way,Bitumen(Tar),Dry,No influence on accident,Fine,SARJAPURA BANGALORE ROAD,NEAR KRISMER SHOP,10 MTR,12.892261,77.822054
Bengaluru Dist,Sarjapura PS,1.04421e+16,2021,1,1,Road Accidents,Junction,Rural Areas,Residential area,Human Error,No,Grievous Injury,Hit pedestrian,Uncontrolled,Straight and flat,Two way,Bitumen(Tar),Dry,No influence on accident,Fine,SARJAPURA BANGALORE ROAD,NEAR TVS SHOW ROOM,10 MTR,12.856277,77.798877
Bengaluru Dist,Sarjapura PS,1.04421e+16,2021,1,1,Not Applicable,Not Applicable,City/Town,Open area,Not Applicable,No,Fatal,Not Applicable,Not Applicable,Others,Others,Not Applicable,Others,Not Applicable,Fine,"OPP VOLVO SERVICE CENTER, T C HALLI",0,0,12.882025,77.754991
Bengaluru Dist,Sarjapura PS,1.04421e+16,2021,1,1,Road Accidents,Cross roads,Rural Areas,Residential area,Human Error,Yes,Grievous Injury,Hit pedestrian,Uncontrolled,Straight and flat,Residential Street,Concrete,Dry,Not Applicable,Fine,B HOSAHALLI ROAD,NEAR BUS STOP,10 MTR,12.860365,77.788232
Bengaluru Dist,Sarjapura PS,1.04421e+16,2021,1,2,Road Accidents,Junction,Rural Areas,Residential area,Human Error,No,Damage Only,Vehicle to Vehicle,Uncontrolled,Curve,One way,Bitumen(Tar),Dry,No influence on accident,Fine,sarjapura bengalore road,NEAR D MART,20 MTR,12.860039,77.7786039
Bengaluru Dist,Sarjapura PS,1.04421e+16,2022,1,2,Not Applicable,Not Applicable,Rural Areas,Open area,Not Applicable,Not Applicable,Grievous Injury,Not Applicable,Not Applicable,Others,Others,Not Applicable,Others,Not Applicable,Others,DODDATHIMMASANDRA GATE,0,0,12.878785,77.812779
Bengaluru Dist,Sarjapura PS,1.04421e+16,2022,1,2,Not Applicable,Not Applicable,Rural Areas,Open area,Not Applicable,No,Grievous Injury,Not Applicable,Not Applicable,Others,Others,Not Applicable,Others,Not Applicable,Others,DOMMASANDRA VILLAGE,0,6 KM,12.878047,77.753514
Bengaluru Dist,Sarjapura PS,1.04421e+16,2022,1,2,Road Accidents,Cross roads,Rural Areas,Near Petrol Pump,Not Applicable,No,Grievous Injury,Not Applicable,Not Applicable,Others,Others,Not Applicable,Others,Not Applicable,Fine,"NEAR INDIAN PETROL BUNK, SARJAPURA VILLAGE",0,0,12.860433,77.782429
Bengaluru Dist,Sarjapura PS,1.04421e+16,2022,1,3,Road Accidents,Circle,Rural Areas,Residential area,Human Error,No,Damage Only,Vehicle to Vehicle,Uncontrolled,Straight and flat,Two way,Bitumen(Tar),Dry,No influence on accident,Fine,sarjapura bengalore road,NEAR SWASTHIK HOSPITAL,10 MTR,12.873122,77.767765
Bengaluru Dist,Sarjapura PS,1.04421e+16,2022,1,2,Road Accidents,Curves,Rural Areas,Open area,Human Error,No,Damage Only,Vehicle to Vehicle,Uncontrolled,Straight and flat,Two way,Bitumen(Tar),Dry,No influence on accident,Fine,SARJAPURA ATTIBELE ROAD,NEAR CILVER CRUST FACTORY,50 MTR,12.844159,77.783507
Bengaluru Dist,Sarjapura PS,1.04421e+16,2022,1,4,Not Applicable,Not Applicable,Rural Areas,Open area,Not Applicable,Not Applicable,Damage Only,Not Applicable,Not Applicable,Others,Others,Not Applicable,Not Applicable,Not Applicable,Others,YAMARE VILLAGE,0,0,12.87738,77.7648449
Bengaluru Dist,Sarjapura PS,1.04421e+16,2022,1,1,Road Accidents,Circle,Rural Areas,Residential area,Human Error,Yes,Grievous Injury,Hit pedestrian,Uncontrolled,Straight and flat,Two way,Bitumen(Tar),Dry,No influence on accident,Fine,sarjapura bengalore road,NEAR APL HOTEL,20 MTR,0.0,0.0
Bengaluru Dist,Sarjapura PS,1.04421e+16,2022,1,1,Road Accidents,Cross roads,Rural Areas,Near Bus stop,Vehicle Defect,No,Simple Injury,Vehicle to Vehicle,Give way sign,Others,NH,Not Applicable,Dry,Not Applicable,Others,M C HALLI VILLAGE,0,2 KM,12.87336,77.8089039
Bengaluru Dist,Sarjapura PS,1.04421e+16,2022,1,1,Road Accidents,Not Applicable,Rural Areas,Near Bus stop,Not Applicable,Not Applicable,Fatal,Not Applicable,Controlled,Others,Others,Not Applicable,Others,Not Applicable,Fine,BANGALORE SARJAPURA ROAD,0,0,12.871953,77.767452
Bengaluru Dist,Sarjapura PS,1.04421e+16,2022,1,1,Not Applicable,Not Applicable,Rural Areas,Near Bus stop,Not Applicable,Yes,Grievous Injury,Not Applicable,Not Applicable,Others,Others,Not Applicable,Others,Not Applicable,Others,SARJAPURA VILLAGE,0,0,12.859497,77.784019
Bengaluru Dist,Sarjapura PS,1.04421e+16,2022,1,2,Not Applicable,Not Applicable,Rural Areas,Near Bus stop,Not Applicable,Not Applicable,Grievous Injury,Hit animal,Not Applicable,Hump,NH,Concrete,Dry,Not Applicable,Others,SOMPURA GATE,0,0,12.875141,77.766734
Bengaluru Dist,Sarjapura PS,1.04421e+16,2022,1,2,Road Accidents,Not Applicable,Rural Areas,Near Bus stop,Human Error,Yes,Fatal,Vehicle to Vehicle,Not Applicable,Straight and flat,Major District Road,Concrete,Dry,Construction Work / Material,Clear,NEAR YAMARE VILLAGE,0,50,12.874891,77.765354
Bengaluru Dist,Sarjapura PS,1.04421e+16,2022,1,2,Not Applicable,Not Applicable,Rural Areas,Open area,Not Applicable,Not Applicable,Not Applicable,Not Applicable,Not Applicable,Not Applicable,Others,Not Applicable,Not Applicable,Not Applicable,Not Applicable,KAMANAHALLI CROSS-SARJAPURA ROAD,0,0,0.0,0.0
Bengaluru Dist,Sarjapura PS,1.04421e+16,2022,1,1,Not Applicable,Not Applicable,Rural Areas,Open area,Not Applicable,Yes,Grievous Injury,Not Applicable,Not Applicable,Others,Others,Not Applicable,Others,Not Applicable,Others,DODDATHIMMASANDRA GATE,0,0,12.861715,77.770547
Bengaluru Dist,Sarjapura PS,1.04421e+16,2022,1,2,Road Accidents,Curves,Rural Areas,Near Petrol Pump,Human Error,Not Applicable,Fatal,Vehicle to Vehicle,Not Applicable,Curve,Others,Kutcha,Not Applicable,Not Applicable,Dust Storn,SARJAPURA-ITTANGURU VILLAGE ROAD,0,50 MTR,12.897834,77.790642
Bengaluru Dist,Sarjapura PS,1.04421e+16,2022,1,2,Not Applicable,Not Applicable,Rural Areas,Open area,Not Applicable,Not Applicable,Fatal,Not Applicable,Not Applicable,Others,Others,Not Applicable,Others,Not Applicable,Others,kamanahalli cross road,0,0,12.915495,77.824756
Bengaluru Dist,Sarjapura PS,1.04421e+16,2022,1,1,Not Applicable,Not Applicable,Rural Areas,Open area,Human Error,No,Fatal,Hit pedestrian,Uncontrolled,Not Applicable,Not Applicable,Concrete,Dry,Not Applicable,Clear,brick factory  land,1,50feet,12.912238,77.794126
Bengaluru Dist,Sarjapura PS,1.04421e+16,2022,1,1,Not Applicable,Narrow road,Rural Areas,Near School or College,Human Error,No,Fatal,Hit pedestrian,Uncontrolled,Not Applicable,Not Applicable,Bitumen(Tar),Dry,Not Applicable,Fine,Rajeevgandhinagara Panditanaagrahara road,1,50mtrs,12.883442,77.814806
Bengaluru Dist,Sarjapura PS,1.04421e+16,2022,1,2,Road Accidents,Curves,Rural Areas,Open area,Human Error,No,Grievous Injury,Vehicle to Vehicle,Uncontrolled,Straight and flat,Two way,Bitumen(Tar),Dry,No influence on accident,Fine,VARTUR GUNJUR ROAD,NEAR BUS STOP,10 MTR,12.9161,77.74863
Bengaluru Dist,Sarjapura PS,1.04421e+16,2022,1,1,Road Accidents,Not Applicable,Rural Areas,Residential area,Human Error,No,Grievous Injury,Hit pedestrian,Uncontrolled,Not Applicable,One way,Bitumen(Tar),Dry,Not Applicable,Fine,SARJAPURA BAGALUR ROAD,near pooja bar,10 MTR,12.86032,77.791061
Bengaluru Dist,Sarjapura PS,1.04421e+16,2022,1,1,Not Applicable,Not Applicable,Rural Areas,Open area,Not Applicable,Not Applicable,Fatal,Not Applicable,Not Applicable,Others,Others,Not Applicable,Others,Not Applicable,Others,SARJAPURA ATTIBELE ROAD,0,1 KM,12.851869,77.782101
Bengaluru Dist,Sarjapura PS,1.04421e+16,2022,1,2,Not Applicable,Not Applicable,Rural Areas,Open area,Not Applicable,No,Damage Only,Not Applicable,Not Applicable,Others,Others,Not Applicable,Others,Not Applicable,Others,SARJAPURA,0,0,12.858288,77.786757
Bengaluru Dist,Sarjapura PS,1.04421e+16,2022,1,2,Road Accidents,Cross roads,Rural Areas,Open area,Human Error,No,Grievous Injury,Vehicle to Vehicle,Uncontrolled,Straight and flat,Two way,Bitumen(Tar),Dry,No influence on accident,Fine,SARJAPURA ATTIBELE ROAD,NEAR A1 DABA,20 MTR,12.860514,77.784012
Bengaluru Dist,Sarjapura PS,1.04421e+16,2022,1,2,Road Accidents,Cross roads,Rural Areas,Open area,Human Error,No,Grievous Injury,Vehicle to Vehicle,Uncontrolled,Straight and flat,Two way,Bitumen(Tar),Dry,No influence on accident,Clear,sollepura-handenahalli village road,near venkateshwrappa land,1 mtr,12.830274,77.756228
Bengaluru Dist,Sarjapura PS,1.04421e+16,2022,1,1,Not Applicable,Not Applicable,Rural Areas,Open area,Not Applicable,Not Applicable,Grievous Injury,Not Applicable,Not Applicable,Others,Others,Not Applicable,Others,Not Applicable,Others,ITTANGURU,0,0,12.87704,77.787235
Bengaluru Dist,Sarjapura PS,1.04421e+16,2022,1,2,Not Applicable,Not Applicable,Rural Areas,Open area,Not Applicable,No,Grievous Injury,Not Applicable,Not Applicable,Others,Others,Not Applicable,Others,Not Applicable,Fine,"NEAR RAVI THEHEATAR, SARJAPURA TWON",0,0,12.859476,77.783842
Bengaluru Dist,Sarjapura PS,1.04421e+16,2022,1,2,Road Accidents,Not Applicable,Rural Areas,Open area,Not Applicable,No,Grievous Injury,Not Applicable,Not Applicable,Others,Others,Not Applicable,Others,Not Applicable,Fine,CHNADAPURA-MUTHANALLURU ROAD,0,0,12.858321,77.786843
Bengaluru Dist,Sarjapura PS,1.04421e+16,2022,1,2,Road Accidents,Circle,Rural Areas,Near Bus stop,Vehicle Defect,Not Applicable,Grievous Injury,Vehicle to Vehicle,Police / Manual,Hump,NH,Surfaced,Dry,Not Applicable,Clear,CHAMBENAHALLI GATE,0,0,12.880795,77.763188
Bengaluru Dist,Sarjapura PS,1.04421e+16,2022,1,2,Not Applicable,Not Applicable,Rural Areas,Open area,Not Applicable,Not Applicable,Fatal,Not Applicable,Not Applicable,Others,Others,Not Applicable,Others,Not Applicable,Others,SARJAPURA,0,0,12.860896,77.782397
Bengaluru Dist,Sarjapura PS,1.04421e+16,2022,1,2,Road Accidents,Cross roads,Rural Areas,Open area,Human Error,No,Grievous Injury,Vehicle to Vehicle,Uncontrolled,Straight and flat,Two way,Bitumen(Tar),Dry,No influence on accident,Fine,SARJAPURA ATTIBELE ROAD,NEAR BUS STOP,10 MTR,12.843653,77.78345
Bengaluru Dist,Sarjapura PS,1.04421e+16,2022,1,2,Road Accidents,Curves,Rural Areas,Open area,Human Error,No,Fatal,Vehicle to Vehicle,Uncontrolled,Sharp Curve,Others,Bitumen(Tar),Dry,Not Applicable,Fine,mugaluru. gunjur road neriga village Sarjapura Hobali Anekal Taluk,Near Shrushti village  choultry,100mtr,12.91142,77.775785
Bengaluru Dist,Sarjapura PS,1.04421e+16,2022,1,3,Not Applicable,Not Applicable,Rural Areas,Open area,Not Applicable,Not Applicable,Simple Injury,Not Applicable,Not Applicable,Others,Others,Not Applicable,Others,Not Applicable,Others,SARJAPURA TOWN ABAYA CIRCLE,0,0,12.860232,77.794026
Bengaluru Dist,Sarjapura PS,1.04421e+16,2022,1,1,Not Applicable,Not Applicable,Rural Areas,Open area,Not Applicable,Yes,Simple Injury,Not Applicable,Not Applicable,Others,Others,Not Applicable,Others,Not Applicable,Others,SARJAPURA BANGALORE MAIN ROAD,0,0,12.860579,77.781221
Bengaluru Dist,Sarjapura PS,1.04421e+16,2022,1,2,Road Accidents,Narrow road,City/Town,Open area,Human Error,Not Applicable,Grievous Injury,Vehicle to Vehicle,Uncontrolled,Not Applicable,Not Applicable,Bitumen(Tar),Dry,Not Applicable,Clear,Chikkathirupathi -Sarjapura Road,NEAR BUS STAND,1 km,12.861196,77.785482
Bengaluru Dist,Sarjapura PS,1.04421e+16,2022,1,2,Not Applicable,Not Applicable,City/Town,Open area,Not Applicable,No,Grievous Injury,Not Applicable,Not Applicable,Others,Others,Not Applicable,Others,Not Applicable,Others,ATTIBELE-SARJAPURA ROAD,0,0,12.860368,77.785667
Bengaluru Dist,Sarjapura PS,1.04421e+16,2022,1,2,Not Applicable,Not Applicable,Rural Areas,Open area,Not Applicable,Not Applicable,Not Applicable,Not Applicable,Not Applicable,Not Applicable,Others,Not Applicable,Others,Not Applicable,Others,"NEAR SOMESHWARA TEMPAL, SARJAPURA HOBLI, ANEKAL TQ",0,0,12.873543,77.787186
Bengaluru Dist,Sarjapura PS,1.04421e+16,2022,1,1,Not Applicable,Not Applicable,City/Town,Open area,Not Applicable,Not Applicable,Grievous Injury,Not Applicable,Not Applicable,Not Applicable,Not Applicable,Not Applicable,Not Applicable,Not Applicable,Others,"DOMMASANDRA-GUNJUR ROAD, HEGGAONDAHALLI VILLAGE",0,0,12.883332,77.752203
Bengaluru Dist,Sarjapura PS,1.04421e+16,2022,1,2,Not Applicable,Not Applicable,Rural Areas,Open area,Not Applicable,No,Simple Injury,Not Applicable,Not Applicable,Others,Others,Not Applicable,Others,Not Applicable,Others,DOMMASANDRA VILLAGE,0,0,12.884739,77.749425
Bengaluru Dist,Sarjapura PS,1.04421e+16,2022,1,2,Not Applicable,Not Applicable,Rural Areas,Open area,Not Applicable,Yes,Damage Only,Not Applicable,Not Applicable,Others,Others,Not Applicable,Others,Not Applicable,Others,BURUGUNTE VILLAGE,0,0,12.844393,77.783109
Bengaluru Dist,Sarjapura PS,1.04421e+16,2022,1,2,Not Applicable,Not Applicable,City/Town,Open area,Not Applicable,No,Grievous Injury,Not Applicable,Not Applicable,Not Applicable,Others,Not Applicable,Not Applicable,Not Applicable,Fine,"S2 HOMES APRTMENT, SOMPURA GATE",SOMPURA GATE,1 K M,12.858541,77.7643459
Bengaluru Dist,Sarjapura PS,1.04421e+16,2022,1,3,Not Applicable,Not Applicable,Rural Areas,Open area,Not Applicable,Not Applicable,Grievous Injury,Not Applicable,Not Applicable,Others,Others,Not Applicable,Others,Not Applicable,Others,SOMPURA GATE,0,0,12.871802,77.767356
Bengaluru Dist,Sarjapura PS,1.04421e+16,2022,1,1,Not Applicable,Not Applicable,City/Town,Open area,Not Applicable,No,Fatal,Not Applicable,Not Applicable,Others,Others,Not Applicable,Others,Not Applicable,Others,chikkathirupathi-sarjapura road,0,0,12.892728,77.821605
Bengaluru Dist,Sarjapura PS,1.04421e+16,2022,1,1,Road Accidents,Cross roads,Rural Areas,At pedestrian Crossing,Human Error,No,Grievous Injury,Hit animal,Not at  Junction,Hump,NH,Concrete,Others,Construction Work / Material,Cloudy,MUGALURU VILLAGE,0,6KM,12.894881,77.821375
Bengaluru Dist,Sarjapura PS,1.04421e+16,2022,1,2,Road Accidents,Curves,Rural Areas,Open area,Human Error,No,Grievous Injury,Vehicle to Vehicle,Uncontrolled,Straight and flat,Two way,Bitumen(Tar),Dry,No influence on accident,Fine,SARJAPURA ATTIBELE ROAD,NEAR ARUNACHALAM LEYOUT,10 MTR,12.929469,77.770573
Bengaluru Dist,Sarjapura PS,1.04421e+16,2022,1,1,Not Applicable,Not Applicable,Rural Areas,Open area,Not Applicable,Not Applicable,Fatal,Not Applicable,Not Applicable,Others,Others,Not Applicable,Others,Not Applicable,Fine,KADAAGRAHARA SOMPURA GATE ROAD,0,0,12.8623,77.7711419
Bengaluru Dist,Sarjapura PS,1.04421e+16,2022,1,1,Not Applicable,Cross roads,City/Town,Open area,Not Applicable,Not Applicable,Fatal,Not Applicable,Not Applicable,Others,Others,Not Applicable,Others,Not Applicable,Others,"DOMMASANDRA-GUNJUR ROAD, HEGGAONDANAHALLI VILLAGE",INDIAN PERTOL BUNK NEAR,4 KM,12.90415,77.746836
Bengaluru Dist,Sarjapura PS,1.04421e+16,2022,1,1,Road Accidents,Narrow road,Rural Areas,Open area,Human Error,Not Applicable,Fatal,Hit pedestrian,Not at  Junction,Others,Others,Bitumen(Tar),Dry,Pot holed,Fine,Chambenahalli neriga Road,near lighrt pole,20ft,12.883703,77.759358
Bengaluru Dist,Sarjapura PS,1.04421e+16,2022,1,1,Not Applicable,Not Applicable,Rural Areas,Open area,Not Applicable,No,Grievous Injury,Not Applicable,Not Applicable,Others,Others,Not Applicable,Not Applicable,Not Applicable,Others,SARJAPURA ATTIBELE ROAD,0,0,12.861962,77.785682
Bengaluru Dist,Sarjapura PS,1.04421e+16,2022,1,2,Not Applicable,Not Applicable,Rural Areas,Open area,Not Applicable,No,Grievous Injury,Not Applicable,Not Applicable,Others,Others,Not Applicable,Not Applicable,Not Applicable,Others,SARJAPURA VILLAGE,0,0,12.861246,77.786424
Bengaluru Dist,Sarjapura PS,1.04421e+16,2022,1,2,Road Accidents,Cross roads,Rural Areas,Residential area,Human Error,Yes,Grievous Injury,Vehicle to Vehicle,Uncontrolled,Straight and flat,Two way,Bitumen(Tar),Dry,No influence on accident,Fine,sarjapura bengalore road,NEAR ISME COLLGE,10 MTR,12.879267,77.761104
Bengaluru Dist,Sarjapura PS,1.04421e+16,2022,1,2,Road Accidents,Junction,Rural Areas,Near Bus stop,Human Error,Yes,Grievous Injury,Vehicle to Vehicle,Uncontrolled,Straight and flat,Two way,Bitumen(Tar),Dry,No influence on accident,Fine,sarjapura bengalore road,NEAR DOMMASANDR CIRCULE,10 MTR,12.883252,77.752647
Bengaluru Dist,Sarjapura PS,1.04421e+16,2022,1,1,Road Accidents,Not Applicable,City/Town,Near Hospital,Not Applicable,Not Applicable,Fatal,Not Applicable,Not Applicable,Others,Others,Not Applicable,Others,Not Applicable,Others,"BANGALORE-SARJAPURA ROAD, SOMPURA GATE",0,2,12.872421,77.766324
Bengaluru Dist,Sarjapura PS,1.04421e+16,2022,1,2,Not Applicable,Not Applicable,Rural Areas,Open area,Not Applicable,Not Applicable,Fatal,Not Applicable,Not Applicable,Others,Others,Not Applicable,Others,Not Applicable,Others,"SARJAPURA-GONIGHATTAPURA ROAD, ITTANGURU",SARJAPURA GONIGHATTAPURA ROAD,2 KM,12.882182,77.789092
Bengaluru Dist,Sarjapura PS,1.04421e+16,2022,1,2,Not Applicable,Not Applicable,Rural Areas,Near Bus stop,Human Error,Not Applicable,Fatal,Vehicle to Vehicle,Not Applicable,Not Applicable,Not Applicable,Metalled,Others,No influence on accident,Clear,YAMARE VILLAGE,0,50 MTR,12.829962,77.8026509
Bengaluru Dist,Sarjapura PS,1.04421e+16,2022,1,2,Not Applicable,Circle,City/Town,Open area,Not Applicable,Not Applicable,Fatal,Not Applicable,Not Applicable,Others,Others,Not Applicable,Others,Not Applicable,Others,SARJAPURA TOWN CITY LIGHT LAYOUT,D MART NEAR,100ft,12.861222,77.77532
Bengaluru Dist,Sarjapura PS,1.04421e+16,2023,1,1,Road Accidents,Not Applicable,Rural Areas,Near School or College,Human Error,Not Applicable,Fatal,Hit pedestrian,Uncontrolled,Others,State Highway,Bitumen(Tar),Dry,Not Applicable,Clear,Sarjapura Bangalore Road,front of new harvest school,100mtr,12.863229,77.771567
Bengaluru Dist,Sarjapura PS,1.04421e+16,2023,1,2,Not Applicable,Cross roads,Rural Areas,Open area,Not Applicable,No,Damage Only,Not Applicable,Not Applicable,Others,Others,Not Applicable,Others,Not Applicable,Fine,SARJAPURA BANGALORE MAIN ROAD,0,1,0.0,0.0
Bengaluru Dist,Sarjapura PS,1.04421e+16,2023,1,2,Not Applicable,Not Applicable,Rural Areas,Near Bus stop,Not Applicable,Not Applicable,Grievous Injury,Not Applicable,Not Applicable,Others,Others,Not Applicable,Others,Not Applicable,Others,"NEAR CHAMPION SCHOOL, MUGALURU VILLAGE",0,4 KM,0.0,0.0
Bengaluru Dist,Sarjapura PS,1.04421e+16,2023,1,1,Road Accidents,Cross roads,City/Town,Open area,Human Error,Yes,Grievous Injury,Hit bicyclist,Not Applicable,Others,State Highway,Bitumen(Tar),Dry,Not Applicable,Cloudy,Mattanallur Cross,Dommasandra village,6,0.0,0.0
Bengaluru Dist,Sarjapura PS,1.04421e+16,2023,1,2,Not Applicable,Not Applicable,City/Town,Near Bus stop,Not Applicable,Not Applicable,Grievous Injury,Not Applicable,Not Applicable,Others,Others,Not Applicable,Others,Not Applicable,Others,"FRONOF PRIYADARSHINI HOTEL, BANGALORE SARJAPURA ROAD",0,4KM,12.883603,77.7513779