DISTRICTNAME,UNITNAME,Crime_No,Year,RI,Noofvehicle_involved,Accident_Classification,Accident_Spot,Accident_Location,Accident_SubLocation,Main_Cause,Hit_Run,Severity,Collision_Type,Junction_Control,Road_Character,Road_Type,Surface_Type,Surface_Condition,Road_Condition,Weather,Accident_Road,Landmark_first,Distance_LandMark_First,Latitude,Longitude
Bengaluru Dist,Sarjapura PS,1.04421e+16,2023,1,2,Road Accidents,Narrow road,Rural Areas,Near Hospital,Human Error,No,Grievous Injury,Vehicle to Vehicle,Not Applicable,Straight and flat,Two way,Concrete,Dry,No influence on accident,Clear,SARJAPURA-BENGALURU ROAD KHARVA HOTEL OPPOSITE,NEAR HOTEL,100,12.86118,77.775294
Bengaluru Dist,Sarjapura PS,1.04421e+16,2023,1,1,Road Accidents,Cross roads,Rural Areas,Near Bus stop,Human Error,No,Fatal,Hit pedestrian,Uncontrolled,Straight and flat,Two way,Concrete,Dry,No influence on accident,Clear,YAMARE BUS STOP,NEAR BUS STAND,100 M,12.871496,77.766467
Bengaluru Dist,Sarjapura PS,1.04421e+16,2023,1,2,Road Accidents,Not Applicable,Rural Areas,Near School or College,Road Environment Defect,Yes,Simple Injury,Vehicle to Vehicle,Not at  Junction,Others,Others,Bitumen(Tar),Dry,Construction Work / Material,Others,dommasadra village,dommasandra village,6,12.927978,77.77621
Bengaluru Dist,Sarjapura PS,1.04421e+16,2023,1,2,Not Applicable,Not Applicable,Rural Areas,Open area,Not Applicable,Not Applicable,Simple Injury,Not Applicable,Not Applicable,Others,Others,Not Applicable,Others,Not Applicable,Others,"NEAR CITY LIGHT LEYOUT, SARJAPURA VILLAGE",0,1 KM,12.861241,77.775476
Bengaluru Dist,Sarjapura PS,1.04421e+16,2023,1,1,Road Accidents,Offset,Rural Areas,Near a factory industrial area,Human Error,No,Fatal,Not Applicable,Uncontrolled,Straight and flat,Two way,Concrete,Dry,No influence on accident,Clear,DOMMASANDRA - VARTHURU RAOD HEGGONDANAHALLI VILLAGE,NEAR BUS STAND,1 KM,12.907961,77.745728
Bengaluru Dist,Sarjapura PS,1.04421e+16,2023,1,2,Road Accidents,Narrow road,Rural Areas,Near Bus stop,Human Error,No,Grievous Injury,Vehicle to Vehicle,Controlled,Curve,One way,Not Applicable,Dry,Not Applicable,Clear,NEAR MUTTANALLURU CROSS,NEAR PETROL BUNK,100 M,12.887423,77.739636
Bengaluru Dist,Sarjapura PS,1.04421e+16,2023,1,1,Road Accidents,Narrow road,Rural Areas,Near Bus stop,Human Error,No,Grievous Injury,Hit pedestrian,Uncontrolled,Straight and flat,Two way,Not Applicable,Dry,Not Applicable,Clear,INFRONT OF D MART SARJAPURA VILLAGE,NEAR BUS STAND,100 N,12.860812,77.77859
Bengaluru Dist,Sarjapura PS,1.04421e+16,2023,1,1,Not Applicable,Not Applicable,Rural Areas,Open area,Not Applicable,Not Applicable,Damage Only,Not Applicable,Not Applicable,Others,Others,Not Applicable,Others,Not Applicable,Others,MUGALURU-GUNJUR ROAD,0,4 KM,0.0,0.0
Bengaluru Dist,Sarjapura PS,1.04421e+16,2023,1,2,Road Accidents,Cross roads,Rural Areas,Near School or College,Human Error,Yes,Simple Injury,Vehicle to Vehicle,Not at  Junction,Curve,Others,Concrete,Dry,Not Applicable,Clear,NEAR KRISLESH SCHOOL TIPPASANDRA VILLAGE,0,50,0.0,0.0
Bengaluru Dist,Sarjapura PS,1.04421e+16,2023,1,2,Not Applicable,Not Applicable,Rural Areas,Near Bus stop,Not Applicable,No,Grievous Injury,Not Applicable,Not Applicable,Others,Others,Not Applicable,Others,Not Applicable,Others,YAMARE VILLAGE,0,3 KM,12.87158,77.766615
Bengaluru Dist,Sarjapura PS,1.04421e+16,2023,1,2,Road Accidents,Circle,Rural Areas,Near Bus stop,Human Error,No,Fatal,Vehicle to Vehicle,Not Applicable,Not Applicable,One way,Kutcha,Dry,Construction Work / Material,Clear,SARJAPURA BUS STAND ITTANGURU CIRCLE,NEAR BUS STAND,100 M,12.8617,77.78613
Bengaluru Dist,Sarjapura PS,1.04421e+16,2023,1,1,Road Accidents,Narrow road,Rural Areas,Near Bus stop,Human Error,No,Grievous Injury,Hit pedestrian,Not Applicable,Straight and flat,Two way,Not Applicable,Dry,No influence on accident,Clear,OPP PRIYADARSHANI HOTEL SARJAPURA VILLAGE,NEAR HOTEL,500 M,12.860651,77.77991
Bengaluru Dist,Sarjapura PS,1.04421e+16,2023,1,2,Not Applicable,Not Applicable,Rural Areas,Near Petrol Pump,Not Applicable,Not Applicable,Grievous Injury,Not Applicable,Not Applicable,Others,Others,Not Applicable,Others,Not Applicable,Others,BILLAPURA,0,3 KM,12.86061,77.76669
Bengaluru Dist,Sarjapura PS,1.04421e+16,2023,1,2,Road Accidents,Not Applicable,Rural Areas,Near Bus stop,Human Error,Yes,Simple Injury,Vehicle to Vehicle,Uncontrolled,Straight and flat,State Highway,Bitumen(Tar),Dry,Not Applicable,Clear,heggondahalli village,near busstand,100ft,12.882075,77.7576709
Bengaluru Dist,Sarjapura PS,1.04421e+16,2023,1,2,Not Applicable,Not Applicable,Rural Areas,Open area,Not Applicable,No,Grievous Injury,Not Applicable,Not Applicable,Others,Others,Not Applicable,Others,Not Applicable,Others,"NEAR COFFE DAY, BIKKANAHALLI ROAD",0,0,12.8752,77.787244
Bengaluru Dist,Sarjapura PS,1.04421e+16,2023,1,2,Not Applicable,Not Applicable,Rural Areas,Open area,Not Applicable,Not Applicable,Damage Only,Not Applicable,Not Applicable,Others,Others,Not Applicable,Others,Not Applicable,Others,S MEDAHALLI VILLAGE,0,3,0.0,0.0
Bengaluru Dist,Sarjapura PS,1.04421e+16,2023,1,2,Not Applicable,Not Applicable,Rural Areas,In bazaar,Human Error,No,Grievous Injury,Vehicle to Vehicle,Not at  Junction,Not Applicable,Two way,Not Applicable,Not Applicable,Not Applicable,Clear,NEAR CHANDRAMOULESHWA TEMPLE SARJAPUA,NEAR BUS STAND,100 M,12.861402,77.788755
Bengaluru Dist,Sarjapura PS,1.04421e+16,2023,1,2,Not Applicable,Not Applicable,Rural Areas,Open area,Not Applicable,No,Grievous Injury,Not Applicable,Not Applicable,Others,Others,Not Applicable,Others,Not Applicable,Others,SARJAPURA-BANGALORE ROAD,0,500,0.0,0.0
Bengaluru Dist,Sarjapura PS,1.04421e+16,2023,1,2,Not Applicable,Cross roads,Rural Areas,Near Bus stop,Human Error,Yes,Damage Only,Vehicle to Vehicle,Controlled,Curve,Two way,Surfaced,Dry,Not Applicable,Clear,sompura gate,near bus stand,1 km,0.0,0.0
Bengaluru Dist,Sarjapura PS,1.04421e+16,2023,1,2,Not Applicable,Circle,Rural Areas,Near Bus stop,Human Error,No,Fatal,Vehicle to Vehicle,Controlled,Curve,Two way,Not Applicable,Dry,Not Applicable,Clear,OPP SVP COLLAGE SARJAPURA CIRCLE,NEAR BUS STAND,100 M,12.860576,77.783903
Bengaluru Dist,Sarjapura PS,1.04421e+16,2023,1,1,Not Applicable,Circle,Rural Areas,Near Bus stop,Not Applicable,No,Grievous Injury,Not Applicable,Not Applicable,Others,Others,Not Applicable,Others,Not Applicable,Others,CHAMBENAHALLI GATE,0,3 KM,12.88233,77.755702
Bengaluru Dist,Sarjapura PS,1.04421e+16,2023,1,2,Road Accidents,Narrow road,Rural Areas,Near Hospital,Human Error,No,Grievous Injury,Vehicle to Vehicle,Not Applicable,Not Applicable,One way,Surfaced,Dry,No influence on accident,Clear,SARJAPURA TOWN ABAYA CIRCLE,near bus stand,1 km,12.860152,77.791986
Bengaluru Dist,Sarjapura PS,1.04421e+16,2023,1,2,Not Applicable,Not Applicable,Rural Areas,Open area,Not Applicable,Not Applicable,Grievous Injury,Not Applicable,Not Applicable,Others,Others,Not Applicable,Others,Not Applicable,Fine,MATNAHALLI ROAD,0,5 KM,12.86061,77.76954
Bengaluru Dist,Sarjapura PS,1.04421e+16,2023,1,1,Not Applicable,Not Applicable,Rural Areas,Open area,Not Applicable,No,Damage Only,Not Applicable,Not Applicable,Others,Others,Not Applicable,Others,Not Applicable,Others,ADIGARAKALLI-EXIDE GATE,0,0,12.834942,77.785581
Bengaluru Dist,Sarjapura PS,1.04421e+16,2023,1,2,Not Applicable,Not Applicable,Rural Areas,Near Bus stop,Not Applicable,Not Applicable,Damage Only,Not Applicable,Not Applicable,Others,Others,Not Applicable,Others,Not Applicable,Others,"NEAR MBR DHABA, S MEDAHALLI VILLAGE",0,3 KM,0.0,0.0
Bengaluru Dist,Sarjapura PS,1.04421e+16,2023,1,2,Not Applicable,Not Applicable,Rural Areas,Open area,Not Applicable,Not Applicable,Grievous Injury,Not Applicable,Not Applicable,Others,Others,Not Applicable,Others,Not Applicable,Fine,CHIKKATHIRUPATHI ROAD,0,6,12.894871,77.821634
Bengaluru Dist,Sarjapura PS,1.04421e+16,2023,1,3,Not Applicable,Narrow road,Rural Areas,Near Hospital,Human Error,No,Damage Only,Vehicle to Vehicle,No signal lights,Incline,Others,Concrete,Dry,Not Applicable,Clear,NEAR KFC YAMARE VILLAGE,NEAR BUS STAND,100,12.87052,77.75951
Bengaluru Dist,Sarjapura PS,1.04421e+16,2023,1,1,Not Applicable,Not Applicable,Rural Areas,Near Bus stop,Not Applicable,Not Applicable,Simple Injury,Not Applicable,Not Applicable,Others,Others,Not Applicable,Others,Not Applicable,Others,SOMPURA GATE,0,4 K M,12.87267,77.76669
Bengaluru Dist,Sarjapura PS,1.04421e+16,2023,1,1,Not Applicable,Circle,Rural Areas,Near Hospital,Human Error,No,Fatal,Hit pedestrian,Not Applicable,Not Applicable,Two way,Not Applicable,Not Applicable,Not Applicable,Clear,INFRONT OF SWASTI HOSPITAL DOMMASANDRA VILLAGE,NEAR HOSPITAL,100 M,12.88426,77.749355
Bengaluru Dist,Sarjapura PS,1.04421e+16,2023,1,1,Road Accidents,Circle,Rural Areas,In bazaar,Human Error,Yes,Grievous Injury,Hit bicyclist,Controlled,Curve,Not Applicable,Not Applicable,Dry,Not Applicable,Clear,NEAR ITTANGURU CIRCLE,ITTANGURU CIRCLE,100 M,0.0,0.0
Bengaluru Dist,Sarjapura PS,1.04421e+16,2023,1,2,Not Applicable,Narrow road,Rural Areas,Near Bus stop,Human Error,No,Fatal,Vehicle to Vehicle,Not Applicable,Straight and flat,One way,Concrete,Dry,No influence on accident,Clear,SN LAYOUT OPP MUTTANALLUR CROSS- CHANDAPURA ROAD,NE,100 M,12.882839,77.737387
Bengaluru Dist,Sarjapura PS,1.04421e+16,2023,1,2,Not Applicable,Not Applicable,Rural Areas,Near Bus stop,Not Applicable,Not Applicable,Grievous Injury,Not Applicable,Not Applicable,Others,Others,Not Applicable,Others,Not Applicable,Others,SARJAPURA BANGALORE MAIN ROAD,0,3 K M,0.0,0.0
Bengaluru Dist,Sarjapura PS,1.04421e+16,2023,1,2,Not Applicable,Not Applicable,Rural Areas,Open area,Not Applicable,Not Applicable,Grievous Injury,Not Applicable,Not Applicable,Others,Others,Not Applicable,Others,Not Applicable,Others,M C HALLI,0,3 K M,0.0,0.0
Bengaluru Dist,Sarjapura PS,1.04421e+16,2023,1,2,Not Applicable,Not Applicable,Rural Areas,Open area,Not Applicable,Not Applicable,Grievous Injury,Not Applicable,Not Applicable,Others,Others,Not Applicable,Others,Not Applicable,Others,"ATTIBELE-SARJAPURA ROAD, S MEDAHALLI VILLAGE",0,0,12.817419,77.785536
Bengaluru Dist,Sarjapura PS,1.04421e+16,2023,1,2,Not Applicable,Not Applicable,Rural Areas,Open area,Not Applicable,Not Applicable,Simple Injury,Not Applicable,Not Applicable,Others,Others,Not Applicable,Others,Not Applicable,Others,BANGALORE-SARJAPURA ROAD,0,4 KM,12.881678,77.757261
Bengaluru Dist,Sarjapura PS,1.04421e+16,2023,1,1,Not Applicable,Not Applicable,Rural Areas,Near Bus stop,Not Applicable,Not Applicable,Grievous Injury,Not Applicable,Not Applicable,Others,Others,Not Applicable,Others,Not Applicable,Others,JANATHAGONDANAHALLI VILLAGE,0,6 KM,0.0,0.0
Bengaluru Dist,Sarjapura PS,1.04421e+16,2023,1,2,Not Applicable,Not Applicable,Rural Areas,Near Bus stop,Not Applicable,Not Applicable,Grievous Injury,Not Applicable,Not Applicable,Others,Others,Not Applicable,Others,Not Applicable,Others,BANGALORE SARJAPURA ROAD,0,2 KM,0.0,0.0
Bengaluru Dist,Sarjapura PS,1.04421e+16,2023,1,2,Road Accidents,Narrow road,Rural Areas,Open area,Human Error,No,Grievous Injury,Vehicle to Vehicle,Not Applicable,Not Applicable,Two way,Surfaced,Dry,Not Applicable,Clear,CHIKKADASARAHALLI VILLAGE,NEAR SCHOOL,100 M,12.86482,77.786652
Bengaluru Dist,Sarjapura PS,1.04421e+16,2023,1,2,Not Applicable,Narrow road,Rural Areas,Near Bus stop,Human Error,No,Fatal,Vehicle to Vehicle,Controlled,Crest of hill,Not Applicable,Kutcha,Dry,Not Applicable,Clear,INFRONT OF CHANDRAMOULESHWAR TEMPLE SARJAPURA,NEAR BUS STAND,1 KM,12.861457,77.788773
Bengaluru Dist,Sarjapura PS,1.04421e+16,2023,1,1,Road Accidents,Narrow road,Rural Areas,Residential area,Human Error,Yes,Fatal,Hit pedestrian,Uncontrolled,Others,Residential Street,Concrete,Dry,Not Applicable,Fine,Dommasandra bus stand  Housing board Road,Near  Babu shavali darga,50 mtr,12.884471,77.74234
Bengaluru Dist,Sarjapura PS,1.04421e+16,2023,1,2,Not Applicable,Not Applicable,City/Town,Open area,Not Applicable,No,Fatal,Not Applicable,Not Applicable,Others,Others,Not Applicable,Others,Not Applicable,Others,SARJAPURA BANGALORE MAIN ROAD,0,6 KM,12.83291,77.4977
Bengaluru Dist,Sarjapura PS,1.04421e+16,2023,1,2,Not Applicable,Not Applicable,Rural Areas,Open area,Not Applicable,Not Applicable,Grievous Injury,Not Applicable,Not Applicable,Others,Others,Not Applicable,Others,Not Applicable,Others,DOMMASANDRA-VARTHURU,0,6 KM,12.899746,77.747971
Bengaluru Dist,Sarjapura PS,1.04421e+16,2023,1,2,Not Applicable,Not Applicable,Rural Areas,Open area,Not Applicable,No,Grievous Injury,Not Applicable,Not Applicable,Others,Others,Not Applicable,Others,Not Applicable,Fine,BURUGUNTE VILLAGE,0,3 km,12.839322,77.7846
Bengaluru Dist,Sarjapura PS,1.04421e+16,2023,1,2,Road Accidents,Narrow road,Rural Areas,Near School or College,Human Error,No,Grievous Injury,Vehicle to Vehicle,Uncontrolled,Curve,One way,Surfaced,Dry,Not Applicable,Clear,TIPPASANDRA ROAD,NEAR SCHOOL,100,12.930961,77.763437
Bengaluru Dist,Sarjapura PS,1.04421e+16,2023,1,2,Not Applicable,Curves,Rural Areas,Open area,Human Error,Yes,Grievous Injury,Vehicle to Vehicle,Controlled,Curve,One way,Not Applicable,Dry,Not Applicable,Clear,KUTHAGANAHALLI VILLAGE,KUTHAGANAHALLI VILLAGE,100 M,12.889775,77.802686
Bengaluru Dist,Sarjapura PS,1.04421e+16,2023,1,2,Not Applicable,Not Applicable,Rural Areas,Near Bus stop,Human Error,No,Fatal,Vehicle to Vehicle,Not Applicable,Not Applicable,Two way,Not Applicable,Dry,Not Applicable,Clear,OPP HP PTROL BUNK SOMPURA GATE,NEAR BUS STAND,100 M,12.864528,77.769957
Bengaluru Dist,Sarjapura PS,1.04421e+16,2023,1,2,Not Applicable,Circle,Rural Areas,Near Bus stop,Human Error,No,Fatal,Vehicle to Vehicle,No signal lights,Curve and Incline,Two way,Not Applicable,Not Applicable,Not Applicable,Clear,NEAR HP PETROL BUNK DOMMASANDRA CIRCLE,NEAR BUS STAND,100 M,12.879965,77.75362
Bengaluru Dist,Sarjapura PS,1.04421e+16,2023,1,2,Road Accidents,Curves,Rural Areas,Near or inside a village,Human Error,No,Damage Only,Vehicle to Vehicle,Uncontrolled,Curve,One way,Not Applicable,Dry,No influence on accident,Clear,TC HALLI VILLAGE T V S SHOW ROOM OPP,NEAR BUS STAND,100 M,12.880792,77.045332
Bengaluru Dist,Sarjapura PS,1.04421e+16,2023,1,2,Not Applicable,Not Applicable,Rural Areas,Open area,Not Applicable,Yes,Grievous Injury,Not Applicable,Not Applicable,Others,Others,Not Applicable,Others,Not Applicable,Others,SARJAPURA-BAGALUR ROAD,0,2 KM,12.83291,77.73971
Bengaluru Dist,Sarjapura PS,1.04421e+16,2023,1,2,Road Accidents,Cross roads,City/Town,Near a religious place,Human Error,No,Fatal,Vehicle to Vehicle,Uncontrolled,Not Applicable,State Highway,Bitumen(Tar),Dry,Not Applicable,Clear,sarjapura  bagalur Road Sarjapura village,Near Shrirama temple,300ft,12.861169,77.7868269
Bengaluru Dist,Sarjapura PS,1.04421e+16,2023,1,2,Not Applicable,Not Applicable,Rural Areas,Near Bus stop,Not Applicable,Yes,Grievous Injury,Not Applicable,Not Applicable,Others,Others,Not Applicable,Others,Not Applicable,Fine,SARJAPURA BANGALORE MAIN ROAD,0,4 KM,12.88195,77.756956
Bengaluru Dist,Sarjapura PS,1.04421e+16,2023,1,1,Not Applicable,Not Applicable,City/Town,Near School or College,Not Applicable,No,Grievous Injury,Not Applicable,Not Applicable,Others,Others,Not Applicable,Others,Not Applicable,Others,"MUTHANALLURU CROSS, DOMMASANDRA VILLAGE ROAD HOUSING BOARD PADAVI PURVA COLLAGE GOURND",0,5,12.886241,77.738199
Bengaluru Dist,Sarjapura PS,1.04421e+16,2023,1,2,Road Accidents,Narrow road,Rural Areas,Open area,Human Error,No,Fatal,Vehicle to Vehicle,Uncontrolled,Slight Curve,Others,Bitumen(Tar),Not Applicable,Not Applicable,Clear,Vkallahalli -ittangur Road,front of Shekar reddy land,4 KM,12.889169,77.774256
Bengaluru Dist,Sarjapura PS,1.04421e+16,2023,1,2,Not Applicable,Not Applicable,Rural Areas,Open area,Not Applicable,Not Applicable,Simple Injury,Not Applicable,Not Applicable,Others,Others,Not Applicable,Others,Not Applicable,Others,SARJAPURA BANGALORE ROAD,0,2 KM,12.864578,77.769985
Bengaluru Dist,Sarjapura PS,1.04421e+16,2023,1,2,Not Applicable,Curves,Rural Areas,In bazaar,Human Error,No,Grievous Injury,Vehicle to Vehicle,Controlled,Curve,Not Applicable,Not Applicable,Not Applicable,Not Applicable,Clear,INFRONT OF JAYAPAL REDDY BUILDING DOMMASANDRA VILLAGE,NEAR BUS STAND,100 M,12.882589,77.746086
Bengaluru Dist,Sarjapura PS,1.04421e+16,2023,1,2,Not Applicable,Cross roads,Rural Areas,Open area,Not Applicable,No,Grievous Injury,Not Applicable,Not Applicable,Others,Others,Not Applicable,Others,Not Applicable,Others,ATTIBELE SARJAPURA ROAD,0,0,12.8805,77.763768
Bengaluru Dist,Sarjapura PS,1.04421e+16,2023,1,2,Not Applicable,Not Applicable,Rural Areas,Open area,Not Applicable,Yes,Grievous Injury,Not Applicable,Not Applicable,Others,Others,Not Applicable,Others,Not Applicable,Others,SARJAPURA-BAGALRU ROAD,0,0,0.0,0.0
Bengaluru Dist,Sarjapura PS,1.04421e+16,2023,1,2,Not Applicable,Circle,City/Town,Near Bus stop,Not Applicable,Not Applicable,Fatal,Not Applicable,Not Applicable,Others,Others,Not Applicable,Others,Not Applicable,Others,DOMMASANDRA CIRCLE,0,4 KM,0.0,0.0
Bengaluru Dist,Sarjapura PS,1.04421e+16,2023,1,2,Not Applicable,Not Applicable,Rural Areas,Open area,Not Applicable,No,Grievous Injury,Not Applicable,Not Applicable,Others,Others,Not Applicable,Others,Not Applicable,Others,ittanguru road,0,3 km,12.874902,77.786642
Bengaluru Dist,Sarjapura PS,1.04421e+16,2023,1,2,Not Applicable,Not Applicable,Rural Areas,Open area,Not Applicable,No,Grievous Injury,Not Applicable,Not Applicable,Others,Others,Not Applicable,Others,Not Applicable,Fine,BANGALORE-SARJAPURA ROAD,0,500 MT,12.839322,77.77833
Bengaluru Dist,Sarjapura PS,1.04421e+16,2023,1,1,Road Accidents,Cross roads,Rural Areas,Near Bus stop,Human Error,No,Grievous Injury,Hit pedestrian,Not Applicable,Not Applicable,Others,Not Applicable,Dry,Not Applicable,Clear,LULU MART OPPOSITE T C HALLI,NEAR DOMMASANDRA BUS STAND,100 M,12.88031,77.760108
Bengaluru Dist,Sarjapura PS,1.04421e+16,2023,1,2,Not Applicable,Not Applicable,Rural Areas,Open area,Not Applicable,Not Applicable,Grievous Injury,Not Applicable,Not Applicable,Others,Others,Not Applicable,Others,Not Applicable,Others,HANDENAHALLI VILLAGE,0,0,12.860314,77.781467
Bengaluru Dist,Sarjapura PS,1.04421e+16,2023,1,1,Not Applicable,Not Applicable,Rural Areas,Open area,Not Applicable,Yes,Fatal,Not Applicable,Not Applicable,Others,Others,Not Applicable,Others,Not Applicable,Others,DOMMASANDAR VILLAGE,0,6 KM,0.0,0.0
Bengaluru Dist,Sarjapura PS,1.04421e+16,2023,1,2,Not Applicable,Not Applicable,Rural Areas,Open area,Not Applicable,No,Fatal,Not Applicable,Not Applicable,Others,Others,Not Applicable,Others,Not Applicable,Others,muthanalluru chandapura road,0,6 km,12.885196,77.738695
Bengaluru Dist,Sarjapura PS,1.04421e+16,2023,1,1,Not Applicable,Not Applicable,Rural Areas,Open area,Not Applicable,No,Damage Only,Not Applicable,Not Applicable,Others,Others,Not Applicable,Others,Not Applicable,Others,"ATTIBELE-SARJAPURA ROAD, THYAKANAHALLI",0,3,0.0,0.0
Bengaluru Dist,Sarjapura PS,1.04421e+16,2023,1,2,Not Applicable,Not Applicable,Rural Areas,Near Petrol Pump,Not Applicable,Yes,Grievous Injury,Not Applicable,Not Applicable,Others,Others,Not Applicable,Others,Not Applicable,Others,"OPP HP PETROL BUNK, SOMPURA GATE",0,2 KM,12.839322,77.76748
Bengaluru Dist,Sarjapura PS,1.04421e+16,2023,1,1,Road Accidents,Narrow road,Rural Areas,Near Bus stop,Human Error,No,Grievous Injury,Hit pedestrian,Not Applicable,Not Applicable,Two way,Not Applicable,Dry,No influence on accident,Clear,NEAR GRAND PALACE BAKARY SOMPURA GATE,NEAR BUS STAND,100 M,12.862088,77.772099
Bengaluru Dist,Sulibele PS,1.04422e+16,2016,1,1,Road Accidents,Circle,Rural Areas,Near Petrol Pump,Not Applicable,Yes,Fatal,Run Off Road,Not Applicable,Curve,NH,Bitumen(Tar),Not Applicable,Not Applicable,Snow,NH 207 RAOD,NEAR PATEOL BAINK,10,0.0,0.0
Bengaluru Dist,Sulibele PS,1.04422e+16,2016,1,1,Road Accidents,Narrow road,Rural Areas,Near a factory industrial area,Not Applicable,Yes,Fatal,Not Applicable,Not Applicable,Curve,State Highway,Bitumen(Tar),Not Applicable,Not Applicable,Snow,S H HOSAKOTE TO CHINTHAMANI ROAD,NEAR ANJINEYA TEMPAL,12,0.0,0.0
Bengaluru Dist,Sulibele PS,1.04422e+16,2016,1,2,Road Accidents,Round about or Circle,City/Town,Near a factory industrial area,Not Applicable,No,Grievous Injury,Run Off Road,Uncontrolled,Not Applicable,Service Road,Bitumen(Tar),Dry,Not Applicable,Not Applicable,Near BFL Factory,BFL,14,0.0,0.0
Bengaluru Dist,Sulibele PS,1.04422e+16,2016,1,1,Road Accidents,Narrow road,Villages settlement,Open area,Not Applicable,No,Fatal,Hit pedestrian,Uncontrolled,Others,NH,Not Applicable,Others,Drainage Ditch,Others,NH 207,Devanhalli to Hoskote road,8,0.0,0.0
Bengaluru Dist,Sulibele PS,1.04422e+16,2016,1,1,Road Accidents,Not Applicable,Villages settlement,Near Bus stop,Vehicle Defect,Yes,Grievous Injury,Hit parked vehicle,Uncontrolled,Not Applicable,Village Road,Kutcha,Others,Construction Work / Material,Clear,Village Road,Jangamakote Village Road,5,0.0,0.0
Bengaluru Dist,Sulibele PS,1.04422e+16,2016,1,2,Road Accidents,Narrow road,City/Town,Near a religious place,Not Applicable,No,Grievous Injury,Others,Not Applicable,Not Applicable,City or Town Road,Bitumen(Tar),Dry,Not Applicable,Clear,BENDIGANAHALLI CROSS TO SULIBELE TOWN ROAD NEAR GANESH TEMPLE,BENDIGANAHALLI CROSS TO SULIBELE TOWN ROAD NEAR GANESH TEMPLE,0.5,0.0,0.0
Bengaluru Dist,Sulibele PS,1.04422e+16,2016,1,2,Road Accidents,Cross roads,Villages settlement,Near or inside a village,Vehicle Defect,Yes,Grievous Injury,Hit and Run,Uncontrolled,Curve,Village Road,Kutcha,Dry,Pot holed,Others,Village Road,Jangamakote Village Road,5,0.0,0.0
Bengaluru Dist,Sulibele PS,1.04422e+16,2016,1,2,Road Accidents,Other,Rural Areas,Residential area,Not Applicable,Yes,Grievous Injury,Overturning,Not Applicable,Not Applicable,Village Road,Bitumen(Tar),Dry,Not Applicable,Not Applicable,NH207,Attibele Thimmarayappa Residence,4,0.0,0.0
Bengaluru Dist,Sulibele PS,1.04422e+16,2016,1,1,Road Accidents,Narrow road,Rural Areas,Open area,Not Applicable,No,Fatal,Skidding or Self accident,Uncontrolled,Not Applicable,Village Road,Bitumen(Tar),Dry,Not Applicable,Not Applicable,Anupahalli Chimasandra Road,Rama  Govindapur Channarayappa Land,10,0.0,0.0
Bengaluru Dist,Sulibele PS,1.04422e+16,2016,1,2,Road Accidents,Curves,Rural Areas,Near or inside a village,Human Error,No,Grievous Injury,Run Off Road,Uncontrolled,Others,Village Road,Bitumen(Tar),Not Applicable,Pot holed,Not Applicable,NH207,NH 207 Aulibele hoskote road,2,0.0,0.0
Bengaluru Dist,Sulibele PS,1.04422e+16,2016,1,2,Road Accidents,Other,Rural Areas,Near Petrol Pump,Not Applicable,Yes,Damage Only,Hit and Run,Not Applicable,Not Applicable,Village Road,Bitumen(Tar),Dry,Not Applicable,Clear,HOSAKOTE TO  DEVANAHALLI ROAD NEAR PAPANAHALLI GATE,HOSAKOTE TO  DEVANAHALLI ROAD NEAR PAPANAHALLI GATE,1 KM,0.0,0.0
Bengaluru Dist,Sulibele PS,1.04422e+16,2016,1,2,Road Accidents,Narrow road,Villages settlement,Near School or College,Human Error,Yes,Fatal,Head on,Uncontrolled,Not Applicable,Village Road,Bitumen(Tar),Dry,Pot holed,Others,NH 207,Yanagunte School Near,4,0.0,0.0
Bengaluru Dist,Sulibele PS,1.04422e+16,2016,1,1,Road Accidents,Narrow road,Villages settlement,Near or inside a village,Human Error,No,Grievous Injury,Others,Uncontrolled,Not Applicable,Village Road,Bitumen(Tar),Not Applicable,Pot holed,Not Applicable,Bavapur K Satyavara Village Road,Bavapur K Satyavara Village Road,12,0.0,0.0
Bengaluru Dist,Sulibele PS,1.04422e+16,2016,1,1,Road Accidents,Narrow road,Villages settlement,Near a factory industrial area,Vehicle Defect,No,Fatal,Others,Uncontrolled,Hump,State Highway,Bitumen(Tar),Others,Not Applicable,Others,Hoskote Chinthamani Road,Hoskote Chinthamani Road Pillagumpa Gate,14,0.0,0.0
Bengaluru Dist,Sulibele PS,1.04422e+16,2016,1,2,Road Accidents,Narrow road,Rural Areas,Narrow bridge or culverts,Not Applicable,No,Grievous Injury,Others,Not Applicable,Not Applicable,NH,Not Applicable,Not Applicable,Not Applicable,Others,HOSAKOTE DEVANAHALLI NH 207 RAAD NEAR HASIGALA LAKE OPPOSIT,BARIR GROUND,6 K.M.,0.0,0.0
Bengaluru Dist,Sulibele PS,1.04422e+16,2016,1,2,Road Accidents,Circle,Rural Areas,Near a factory industrial area,Not Applicable,No,Grievous Injury,Head on,Give way sign,Incline,Village Road,Bitumen(Tar),Not Applicable,Pot holed,Not Applicable,D Settahalli Doddakogila Villege Center,D Settahalli Doddakogila Villege Center,8,0.0,0.0
Bengaluru Dist,Sulibele PS,1.04422e+16,2016,1,1,Road Accidents,T Junction,Rural Areas,Open area,Not Applicable,No,Simple Injury,Not Applicable,Give way sign,Others,State Highway,Not Applicable,Not Applicable,Not Applicable,Fine,CHINTAMANI TO HOSAKOTE ROAD,PILLAGUMPA,12,0.0,0.0
Bengaluru Dist,Sulibele PS,1.04422e+16,2016,1,2,Road Accidents,Narrow road,Rural Areas,Near or inside a village,Not Applicable,No,Simple Injury,Hit pedestrian,Not Applicable,Not Applicable,NH,Bitumen(Tar),Others,Pot holed,Fine,NH 207 Kammasandra Village Mariswamy Bilding Near,NH 207 Kammasandra Village Mariswamy Bilding Near,5,0.0,0.0