DISTRICTNAME,UNITNAME,Crime_No,Year,RI,Noofvehicle_involved,Accident_Classification,Accident_Spot,Accident_Location,Accident_SubLocation,Main_Cause,Hit_Run,Severity,Collision_Type,Junction_Control,Road_Character,Road_Type,Surface_Type,Surface_Condition,Road_Condition,Weather,Accident_Road,Landmark_first,Distance_LandMark_First,Latitude,Longitude
Bengaluru Dist,Sulibele PS,1.04422e+16,2016,1,1,Road Accidents,Narrow road,Rural Areas,Near a factory industrial area,Not Applicable,No,Grievous Injury,Skidding or Self accident,Controlled,Not Applicable,State Highway,Bitumen(Tar),Others,Not Applicable,Clear,HOSAKOTE TO JANGAMAKOTE ROAD NEAR RYAN BOX FACTORY,HOSAKOTE TO JANGAMAKOTE ROAD NEAR RYAN BOX FACTORY,10 KM,0.0,0.0
Bengaluru Dist,Sulibele PS,1.04422e+16,2016,1,1,Road Accidents,Narrow road,Rural Areas,Near a factory industrial area,Not Applicable,Yes,Fatal,Hit pedestrian,Not Applicable,Not Applicable,State Highway,Bitumen(Tar),Others,Not Applicable,Fine,HOSAKOTE CHINTHAMANI ROAD,post office,14 k.m,0.0,0.0
Bengaluru Dist,Sulibele PS,1.04422e+16,2016,1,1,Road Accidents,Curves,Rural Areas,Residential area,Not Applicable,Yes,Fatal,Hit and Run,Not Applicable,Curve and Incline,NH,Bitumen(Tar),Others,Not Applicable,Fine,HOSAKOTE TO DEVANAHALLI,NEAR KAMMASADARALAK,7,0.0,0.0
Bengaluru Dist,Sulibele PS,1.04422e+16,2016,1,1,Road Accidents,Other,Rural Areas,Near or inside a village,Not Applicable,No,Grievous Injury,Skidding or Self accident,Uncontrolled,Not Applicable,Village Road,Bitumen(Tar),Dry,Not Applicable,Not Applicable,SH 82,Chamundi Distalary Factory,14,0.0,0.0
Bengaluru Dist,Sulibele PS,1.04422e+16,2016,1,2,Road Accidents,Narrow road,Rural Areas,Open area,Not Applicable,No,Grievous Injury,Others,Not Applicable,Not Applicable,Village Road,Bitumen(Tar),Dry,Not Applicable,Clear,HOSAKOTE TO JANGAMAKOTE ROAD NEAR GANGAPPA LAND,HOSAKOTE TO JANGAMAKOTE ROAD NEAR GANGAPPA LAND,8 KM,0.0,0.0
Bengaluru Dist,Sulibele PS,1.04422e+16,2016,1,1,Road Accidents,Road hump or Rumble strips,Villages settlement,Near or inside a village,Not Applicable,Yes,Fatal,Skidding or Self accident,Uncontrolled,Hump,State Highway,Bitumen(Tar),Dry,Pot holed,Not Applicable,SH 82,NAGARENAHALLI GATE,12,0.0,0.0
Bengaluru Dist,Sulibele PS,1.04422e+16,2016,1,1,Rail Road Accidents,Other,Rural Areas,Near Bus stop,Human Error,No,Fatal,Head on,Uncontrolled,Not Applicable,Village Road,Bitumen(Tar),Others,Pot holed,Others,SH34,Chokkahalli Village,15,0.0,0.0
Bengaluru Dist,Sulibele PS,1.04422e+16,2016,1,1,Road Accidents,Narrow road,Villages settlement,Open area,Not Applicable,Yes,Fatal,Hit and Run,Not Applicable,Not Applicable,NH,Not Applicable,Others,Not Applicable,Others,NH 207,Devanhalli to Hoskote road,7,0.0,0.0
Bengaluru Dist,Sulibele PS,1.04422e+16,2016,1,2,Road Accidents,Other,Rural Areas,Near or inside a village,Not Applicable,No,Simple Injury,Others,Not Applicable,Others,NH,Bitumen(Tar),Not Applicable,Not Applicable,Not Applicable,HOSAKOTE DEVANAHALLI NH 207 ROAD,NEAR HASIGALA LAKE,6 K.M.,0.0,0.0
Bengaluru Dist,Sulibele PS,1.04422e+16,2016,1,2,Road Accidents,Narrow road,Rural Areas,Near a recreation place/cinema,Road Environment Defect,No,Fatal,Others,Uncontrolled,Others,Village Road,Bitumen(Tar),Others,Pot holed,Snow,Jangamakote hoskote road ran bax Front,hoskote road ran bax Front,6,0.0,0.0
Bengaluru Dist,Sulibele PS,1.04422e+16,2017,1,2,Road Accidents,Cross roads,Rural Areas,Near or inside a village,Not Applicable,No,Grievous Injury,Hit bicyclist,Uncontrolled,Dip or trough,NH,Bitumen(Tar),Dry,Not Applicable,Fine,NH 207,DOBI NARAYANAPPA,15,0.0,0.0
Bengaluru Dist,Sulibele PS,1.04422e+16,2017,1,1,Road Accidents,Other,Villages settlement,Residential area,Human Error,No,Fatal,Others,Uncontrolled,Straight and flat,Others,Kutcha,Dry,Not Applicable,Others,NAGARENAHALLI,6,6,0.0,0.0
Bengaluru Dist,Sulibele PS,1.04422e+16,2017,1,2,Road Accidents,Cross roads,Villages settlement,Near or inside a village,Not Applicable,No,Grievous Injury,Hit puchcart,Uncontrolled,Straight and flat,State Highway,Bitumen(Tar),Others,Not Applicable,Fine,SATE HIGHWAY,CHOKKAHALLI GATE,20 FEE,0.0,0.0
Bengaluru Dist,Sulibele PS,1.04422e+16,2017,1,2,Road Accidents,Narrow road,Rural Areas,Residential area,Not Applicable,No,Grievous Injury,Hit bicyclist,Not Applicable,Not Applicable,State Highway,Bitumen(Tar),Dry,Not Applicable,Strong Wind,state Hiway,oposit temple,8,0.0,0.0
Bengaluru Dist,Sulibele PS,1.04422e+16,2017,1,1,Road Accidents,Narrow road,Villages settlement,Near a religious place,Not Applicable,No,Grievous Injury,Others,Uncontrolled,Not Applicable,NH,Kutcha,Others,Not Applicable,Others,NH 207,HASIGALA  VILLAGE NEAR ANJANEYA TEMPLE,8,0.0,0.0
Bengaluru Dist,Sulibele PS,1.04422e+16,2017,1,3,Road Accidents,Other,Rural Areas,Residential area,Not Applicable,Yes,Grievous Injury,Hit bicyclist,Not Applicable,Others,State Highway,Bitumen(Tar),Dry,Not Applicable,Clear,HOSAKOTE TO JANAGAMAKOTE ROAD,ANJANAREDDY LAY OUT,12,0.0,0.0
Bengaluru Dist,Sulibele PS,1.04422e+16,2017,1,2,Road Accidents,Cross roads,Rural Areas,Near or inside a village,Human Error,No,Grievous Injury,Hit bicyclist,Not Applicable,Slight Curve,NH,Bitumen(Tar),Dry,Not Applicable,Others,NH 207 ROAD,KAMMASANDRA LAKE OPOSIT,6,0.0,0.0
Bengaluru Dist,Sulibele PS,1.04422e+16,2017,1,2,Road Accidents,Narrow road,Rural Areas,Near or inside a village,Not Applicable,Yes,Simple Injury,Hit pedestrian,Uncontrolled,Not Applicable,Village Road,Not Applicable,Dry,Not Applicable,Others,OTHER ROAD,ALLABAKAS DUPLEX HOUSE,50,0.0,0.0
Bengaluru Dist,Sulibele PS,1.04422e+16,2017,1,2,Road Accidents,Other,Rural Areas,Near Petrol Pump,Not Applicable,Yes,Simple Injury,Hit and Run,Not at  Junction,Others,NH,Bitumen(Tar),Dry,Not Applicable,Others,NH207NEAR SULIEBELEPETROLBUNK,NH207ROADNEARSULIBELEPETROLBUNKSULIBELE HOBLIHOSAKOTE TALUK,1KM,0.0,0.0
Bengaluru Dist,Sulibele PS,1.04422e+16,2017,1,1,Road Accidents,Other,Villages settlement,Near a factory industrial area,Human Error,No,Fatal,Hit bicyclist,Not Applicable,Not Applicable,State Highway,Bitumen(Tar),Dry,No influence on accident,Not Applicable,HOSKOTE CHINTHAMANI ROAD NANDAGUDI,10 NORTH,10 KM,0.0,0.0
Bengaluru Dist,Sulibele PS,1.04422e+16,2017,1,1,Road Accidents,Narrow road,Villages settlement,Open area,Vehicle Defect,No,Grievous Injury,Skidding or Self accident,Uncontrolled,Not Applicable,NH,Not Applicable,Others,Not Applicable,Very Hot,NH207,PRAKAS HOUSE,6,0.0,0.0
Bengaluru Dist,Sulibele PS,1.04422e+16,2017,1,2,Road Accidents,Other,Rural Areas,Near a religious place,Not Applicable,No,Simple Injury,Others,Controlled,Others,NH,Surfaced,Others,Not Applicable,Others,NH 207 ROAD,NEARKAMMASANDRAVILLAGESULIBELEHOBLIHOSAKOTE TALUK,6 KM,0.0,0.0
Bengaluru Dist,Sulibele PS,1.04422e+16,2017,1,2,Road Accidents,Narrow road,Villages settlement,Near Petrol Pump,Not Applicable,No,Simple Injury,Others,Not Applicable,Others,Village Road,Bitumen(Tar),Dry,Not Applicable,Others,207 road,pillappa land oposit road,8,0.0,0.0
Bengaluru Dist,Sulibele PS,1.04422e+16,2017,1,2,Road Accidents,Other,Rural Areas,Near Bus stop,Not Applicable,No,Grievous Injury,Hit bicyclist,Not Applicable,Others,NH,Bitumen(Tar),Dry,Not Applicable,Others,Nh 207 road,kammasandra village  bus stop,4,0.0,0.0
Bengaluru Dist,Sulibele PS,1.04422e+16,2017,1,2,Not Applicable,Not Applicable,Villages settlement,Residential area,Not Applicable,No,Fatal,Others,Not Applicable,Not Applicable,State Highway,Bitumen(Tar),Not Applicable,No influence on accident,Others,HOSKOTE CHINTHAMANI ROAD,10SOUTH,10 KM,0.0,0.0
Bengaluru Dist,Sulibele PS,1.04422e+16,2017,1,2,Road Accidents,Not Applicable,Villages settlement,Near or inside a village,Human Error,No,Fatal,Head on,Uncontrolled,Not Applicable,NH,Bitumen(Tar),Dry,No influence on accident,Not Applicable,NH 207 NEAR KAMMASANDRA,10SOUTH,10 KM,0.0,0.0
Bengaluru Dist,Sulibele PS,1.04422e+16,2017,1,2,Road Accidents,Narrow road,Villages settlement,Near Bus stop,Not Applicable,No,Simple Injury,Hit bicyclist,Not Applicable,Others,Village Road,Bitumen(Tar),Dry,Not Applicable,Others,207 ROAD,KARNATAKA BANK OPOSIT,01-Feb,0.0,0.0
Bengaluru Dist,Sulibele PS,1.04422e+16,2017,1,1,Road Accidents,Cross roads,Villages settlement,Near Petrol Pump,Not Applicable,No,Grievous Injury,Skidding or Self accident,Uncontrolled,Curve,NH,Bitumen(Tar),Dry,Not Applicable,Fine,NH 207,VENKATARAMANAPPA,15,0.0,0.0
Bengaluru Dist,Sulibele PS,1.04422e+16,2017,1,2,Road Accidents,Circle,Rural Areas,Near Bus stop,Human Error,No,Fatal,Others,No signal lights,Not Applicable,NH,Bitumen(Tar),Dry,No influence on accident,Fine,NH 207 NEAR SADAPPANAHALLI,3 SOUTH,3 SOUT,0.0,0.0
Bengaluru Dist,Sulibele PS,1.04422e+16,2018,1,1,Road Accidents,Narrow road,Rural Areas,Near or inside a village,Not Applicable,No,Grievous Injury,Hit animal,Not Applicable,Others,Village Road,Gravel,Dry,Not Applicable,Not Applicable,road,pillananjundappa land oposit road,10,0.0,0.0
Bengaluru Dist,Sulibele PS,1.04422e+16,2018,1,2,Road Accidents,Narrow road,Rural Areas,Near or inside a village,Not Applicable,Not Applicable,Damage Only,Others,Not Applicable,Not Applicable,Others,Not Applicable,Dry,Not Applicable,Not Applicable,road,kasipura kambadabedu village,1 1/2,0.0,0.0
Bengaluru Dist,Sulibele PS,1.04422e+16,2018,1,1,Not Applicable,Other,Not Applicable,Open area,Human Error,No,Fatal,Others,Not Applicable,Not Applicable,Not Applicable,Concrete,Not Applicable,Not Applicable,Not Applicable,SUGUNA FOULTRY FARAM,KAMMABALIPURA,10,0.0,0.0
Bengaluru Dist,Sulibele PS,1.04422e+16,2018,1,2,Road Accidents,Not Applicable,Rural Areas,Open area,Human Error,No,Fatal,Hit bicyclist,Not Applicable,Straight and flat,State Highway,Bitumen(Tar),Dry,No influence on accident,Not Applicable,HOSKOTE CHINTHAMANI ROAD NEAR FACTORY GATE,PILAGUMPE,16,0.0,0.0
Bengaluru Dist,Sulibele PS,1.04422e+16,2018,1,2,Road Accidents,T Junction,Villages settlement,Near Petrol Pump,Not Applicable,No,Damage Only,Rear end,Stop sign,Others,State Highway,Bitumen(Tar),Wet,Not Applicable,Fine,STATE ROAD,BHARAT PETROL PUMP,10FEET,0.0,0.0
Bengaluru Dist,Sulibele PS,1.04422e+16,2018,1,2,Road Accidents,Other,Rural Areas,Near or inside a village,Not Applicable,No,Simple Injury,Hit fixed object,Not Applicable,Straight and flat,Village Road,Bitumen(Tar),Dry,Not Applicable,Others,NH 207 ROAD,KAMMASANDRA COLONY OPOSIT ROAD,K.M,0.0,0.0
Bengaluru Dist,Sulibele PS,1.04422e+16,2018,1,2,Road Accidents,Other,Rural Areas,Near or inside a village,Not Applicable,Not Applicable,Not Applicable,Others,Not Applicable,Not Applicable,Others,Not Applicable,Dry,Not Applicable,Others,no,chamundi factory oposit,14,0.0,0.0
Bengaluru Dist,Sulibele PS,1.04422e+16,2018,1,3,Road Accidents,Not Applicable,Villages settlement,Residential area,Human Error,No,Fatal,Not Applicable,Not Applicable,Not Applicable,State Highway,Bitumen(Tar),Not Applicable,Not Applicable,Not Applicable,CHIKKAARALAGERE GATE,CHIKKARALAGERE GATE,3,0.0,0.0
Bengaluru Dist,Sulibele PS,1.04422e+16,2018,1,2,Road Accidents,Other,Rural Areas,Near Petrol Pump,Not Applicable,No,Damage Only,Others,Uncontrolled,Others,State Highway,Bitumen(Tar),Dry,Not Applicable,Fine,STATE HIGHWAY,STATE HIGHWAY,15KM,0.0,0.0
Bengaluru Dist,Sulibele PS,1.04422e+16,2018,1,1,Not Applicable,Other,Not Applicable,Open area,Human Error,No,Fatal,Not Applicable,Not Applicable,Not Applicable,Not Applicable,Concrete,Not Applicable,Not Applicable,Not Applicable,SUGUNA FOODS FACTORY,SUGUN FACTORY,10,0.0,0.0
Bengaluru Dist,Sulibele PS,1.04422e+16,2018,1,2,Road Accidents,Y Junction,Villages settlement,Open area,Not Applicable,No,Grievous Injury,Hit bicyclist,Uncontrolled,Straight and flat,Village Road,Bitumen(Tar),Others,Not Applicable,Very Cold,other road,THATAIAH NILAGIRI LAND,5 FEET,0.0,0.0
Bengaluru Dist,Sulibele PS,1.04422e+16,2018,1,1,Road Accidents,Narrow road,Rural Areas,Near Bus stop,Not Applicable,Not Applicable,Simple Injury,Hit pedestrian,No signal lights,Others,Village Road,Gravel,Dry,Not Applicable,Others,factry rod,near police choke,5 mete,0.0,0.0
Bengaluru Dist,Sulibele PS,1.04422e+16,2018,1,2,Road Accidents,Narrow road,Rural Areas,Near a factory industrial area,Not Applicable,No,Simple Injury,Rear end,Uncontrolled,Not Applicable,State Highway,Bitumen(Tar),Not Applicable,No influence on accident,Not Applicable,HOSAKOTE -CHINTHAMANI ROAD,STATE HIWAY,15,0.0,0.0
Bengaluru Dist,Sulibele PS,1.04422e+16,2018,1,1,Road Accidents,Narrow road,Villages settlement,Near or inside a village,Not Applicable,Yes,Grievous Injury,Hit and Run,Uncontrolled,Not Applicable,Residential Street,Bitumen(Tar),Others,Not Applicable,Fine,other road,Narayanaswamy house,35 fee,0.0,0.0
Bengaluru Dist,Sulibele PS,1.04422e+16,2018,1,1,Road Accidents,Narrow road,Villages settlement,Near School or College,Not Applicable,Yes,Grievous Injury,Hit and Run,Controlled,Not Applicable,NH,Bitumen(Tar),Dry,Not Applicable,Fine,NH207,NEAR  MIDDAL SCHOOL HASIGALA VILLAGE,8,0.0,0.0
Bengaluru Dist,Sulibele PS,1.04422e+16,2018,1,2,Road Accidents,Narrow road,Rural Areas,Near Petrol Pump,Not Applicable,Not Applicable,Grievous Injury,Hit bicyclist,Not Applicable,Others,NH,Bitumen(Tar),Dry,Not Applicable,Others,naro road,petrol bunk,2 mete,0.0,0.0
Bengaluru Dist,Sulibele PS,1.04422e+16,2018,1,2,Road Accidents,Narrow road,Rural Areas,Residential area,Not Applicable,No,Simple Injury,Hit bicyclist,Not Applicable,Not Applicable,Village Road,Not Applicable,Dry,Not Applicable,Others,state Hiway,10 meter ramakrishna house,3 mete,0.0,0.0
Bengaluru Dist,Sulibele PS,1.04422e+16,2018,1,1,Road Accidents,Junction,City/Town,Near Bus stop,Not Applicable,Yes,Grievous Injury,Hit and Run,Uncontrolled,Slight Curve,NH,Bitumen(Tar),Dry,Not Applicable,Fine,NH207,NEAR KALANDAR BILDING,01-Feb,0.0,0.0
Bengaluru Dist,Sulibele PS,1.04422e+16,2018,1,2,Road Accidents,Not Applicable,Rural Areas,Near Petrol Pump,Human Error,No,Fatal,Others,Not Applicable,Not Applicable,NH,Bitumen(Tar),Dry,No influence on accident,Others,NH 207 NEAR HASIGALA PETROLE BUNK,HASIGALA PETROL BUNK,8,0.0,0.0
Bengaluru Dist,Sulibele PS,1.04422e+16,2018,1,1,Road Accidents,Narrow road,Rural Areas,Near or inside a village,Not Applicable,No,Grievous Injury,Hit pedestrian,Not Applicable,Not Applicable,NH,Not Applicable,Dry,Not Applicable,Not Applicable,207 ROAD,NAGES LAND OPOSIT,2,0.0,0.0
Bengaluru Dist,Sulibele PS,1.04422e+16,2018,1,2,Road Accidents,Not Applicable,Rural Areas,Near Bus stop,Human Error,Not Applicable,Fatal,Not Applicable,Uncontrolled,Not Applicable,State Highway,Bitumen(Tar),Dry,Not Applicable,Not Applicable,ARASANHALLI BUS STOP,HARASANAHALLI,7 KM,0.0,0.0
Bengaluru Dist,Sulibele PS,1.04422e+16,2018,1,2,Road Accidents,Cross roads,Rural Areas,Near a factory industrial area,Not Applicable,Not Applicable,Damage Only,Others,Controlled,Hump,Minor District Road,Gravel,Dry,Not Applicable,Not Applicable,factry rod,pillagumpa gate,1,0.0,0.0
Bengaluru Dist,Sulibele PS,1.04422e+16,2018,1,1,Road Accidents,Not Applicable,Rural Areas,Residential area,Human Error,Not Applicable,Fatal,Not Applicable,Uncontrolled,Not Applicable,NH,Bitumen(Tar),Not Applicable,No influence on accident,Others,NH 207 NEAR HASIGALA PETROLE BUNK,HASIGALA,8,0.0,0.0
Bengaluru Dist,Sulibele PS,1.04422e+16,2019,1,1,Road Accidents,Not Applicable,Rural Areas,Open area,Human Error,Yes,Fatal,Not Applicable,Not Applicable,Not Applicable,Others,Bitumen(Tar),Not Applicable,No influence on accident,Others,D SHETTAHALI TO DODDAKOLIGA,DODDAKOLIGA,12 KM,13.172277,77.820418
Bengaluru Dist,Sulibele PS,1.04422e+16,2019,1,1,Road Accidents,Road hump or Rumble strips,Rural Areas,Open area,Human Error,No,Fatal,Not Applicable,Not Applicable,Not Applicable,State Highway,Bitumen(Tar),Not Applicable,Pot holed,Not Applicable,HOSKOTE J KOTE ROAD,BEMAKANAHALLI CROSS,5,13.206793,77.834818
Bengaluru Dist,Sulibele PS,1.04422e+16,2019,1,2,Road Accidents,Curves,Rural Areas,Open area,Not Applicable,Not Applicable,Not Applicable,Hit bicyclist,Not Applicable,Curve,NH,Gravel,Dry,Not Applicable,Others,NH ROAD,LAKE OPOSIT ROAD,5,13.144489,77.77967
Bengaluru Dist,Sulibele PS,1.04422e+16,2019,1,2,Road Accidents,Narrow road,Rural Areas,Open area,Not Applicable,No,Grievous Injury,Hit bicyclist,Not at  Junction,Straight and flat,NH,Bitumen(Tar),Dry,Not Applicable,Clear,207,near petrol bunk,100 m,13.186368,77.794305
Bengaluru Dist,Sulibele PS,1.04422e+16,2019,1,3,Road Accidents,Narrow road,Rural Areas,Open area,Not Applicable,No,Damage Only,Vehicle to Vehicle,Uncontrolled,Straight and flat,NH,Bitumen(Tar),Dry,Not Applicable,Clear,NH 207 road,road accident oposit vange tree,20,13.149815,77.78165
Bengaluru Dist,Sulibele PS,1.04422e+16,2019,1,2,Road Accidents,Not Applicable,Not Applicable,Near or inside a village,Not Applicable,Not Applicable,Not Applicable,Not Applicable,Not Applicable,Not Applicable,State Highway,Not Applicable,Dry,Not Applicable,Others,state High way,chandrappa land oposit road,10 k,13.226638,77.836843
Bengaluru Dist,Sulibele PS,1.04422e+16,2019,1,2,Road Accidents,Narrow road,Rural Areas,Near a religious place,Not Applicable,Not Applicable,Not Applicable,Vehicle to Vehicle,Not at  Junction,Not Applicable,Two way,Gravel,Dry,Not Applicable,Not Applicable,other road,near nagamma tempole,75feet,13.156857,77.792172
Bengaluru Dist,Sulibele PS,1.04422e+16,2019,1,1,Road Accidents,Narrow road,Rural Areas,Open area,Not Applicable,No,Simple Injury,Hit animal,Uncontrolled,Not Applicable,Two way,Bitumen(Tar),Others,Not Applicable,Clear,other,tar road,3,13.209247,77.845048
Bengaluru Dist,Sulibele PS,1.04422e+16,2019,1,1,Road Accidents,Narrow road,Rural Areas,Near or inside a village,Not Applicable,Not Applicable,Simple Injury,Head on,Controlled,Not Applicable,State Highway,Bitumen(Tar),Dry,Not Applicable,Very Hot,JANGAMAKOTE-HOSAKOTE ROAD NEAR WAY BRIDGE THAMMARASANAHALLI VILLAGE,STATE HIGHWAY,20,13.194122,77.834094
Bengaluru Dist,Sulibele PS,1.04422e+16,2019,1,2,Road Accidents,Other,Rural Areas,Open area,Human Error,No,Fatal,Hit bicyclist,Not Applicable,Slight Curve,NH,Bitumen(Tar),Not Applicable,No influence on accident,Not Applicable,NH207 NEAR SULIBELE,SULIBELE,1,13.186396,77.796514
Bengaluru Dist,Sulibele PS,1.04422e+16,2019,1,2,Road Accidents,Cross roads,Rural Areas,Open area,Not Applicable,Yes,Grievous Injury,Vehicle to Vehicle,Controlled,Others,Two way,Bitumen(Tar),Dry,Not Applicable,Fine,other,tar road,14,13.229946,77.859692
Bengaluru Dist,Sulibele PS,1.04422e+16,2019,1,1,Road Accidents,Narrow road,Rural Areas,Near or inside a village,Not Applicable,Not Applicable,Grievous Injury,Not Applicable,Not Applicable,Not Applicable,State Highway,Bitumen(Tar),Not Applicable,Not Applicable,Others,state High way,krishnappa land oposit,10,13.206579,77.835851
Bengaluru Dist,Sulibele PS,1.04422e+16,2019,1,1,Road Accidents,Curves,Rural Areas,Open area,Human Error,No,Fatal,Not Applicable,Uncontrolled,Curve,NH,Bitumen(Tar),Not Applicable,Not Applicable,Not Applicable,NH207 NEAR SULIBELE,ATTIBELE,2,13.135973,77.790396
Bengaluru Dist,Sulibele PS,1.04422e+16,2019,1,2,Road Accidents,Narrow road,Rural Areas,Near or inside a village,Not Applicable,Not Applicable,Grievous Injury,Hit bicyclist,Not Applicable,Not Applicable,Others,Bitumen(Tar),Dry,Not Applicable,Others,10,75 feet nagamma tempolde,10,13.149853,77.781147
Bengaluru Dist,Sulibele PS,1.04422e+16,2019,1,2,Road Accidents,Narrow road,Rural Areas,Near a factory industrial area,Human Error,Yes,Fatal,Vehicle to Vehicle,Uncontrolled,Straight and flat,State Highway,Bitumen(Tar),Wet,Not Applicable,Dust Storn,HOSKOTE J KOTE ROAD,EKARAJAPURA,6 EAST,13.145039,77.8202669
Bengaluru Dist,Sulibele PS,1.04422e+16,2019,1,1,Road Accidents,Narrow road,Rural Areas,Open area,Not Applicable,No,Simple Injury,Vehicle to Vehicle,Uncontrolled,Not Applicable,State Highway,Bitumen(Tar),Dry,Not Applicable,Others,other,tar road,5,13.195731,77.83525
Bengaluru Dist,Sulibele PS,1.04422e+16,2019,1,1,Road Accidents,Cross roads,Rural Areas,Open area,Human Error,Yes,Fatal,Vehicle to Vehicle,Uncontrolled,Curve and Incline,Major District Road,Bitumen(Tar),Wet,Not Applicable,Others,BAVAPURA,BAVAPURA,10,13.185926,77.871425
Bengaluru Dist,Sulibele PS,1.04422e+16,2019,1,2,Road Accidents,Other,Rural Areas,Near or inside a village,Not Applicable,Not Applicable,Damage Only,Others,Not Applicable,Others,Not Applicable,Gravel,Dry,Not Applicable,Others,NATIONL HIGH WAY,SULIBELE LAKE,1/2 K.,13.183815,77.797045
Bengaluru Dist,Sulibele PS,1.04422e+16,2019,1,2,Road Accidents,Cross roads,Rural Areas,Near Bus stop,Not Applicable,Not Applicable,Grievous Injury,Hit bicyclist,Not Applicable,Not Applicable,NH,Gravel,Dry,Not Applicable,Others,NATIONL HIGH WAY,left side aswath katte,20 fee,13.130839,77.776879
Bengaluru Dist,Sulibele PS,1.04422e+16,2019,1,1,Road Accidents,Narrow road,Rural Areas,Open area,Not Applicable,No,Grievous Injury,Hit pedestrian,Uncontrolled,Straight and flat,Two way,Bitumen(Tar),Dry,Not Applicable,Clear,NH 207 road,Near shanimhatma tempole,15,13.172332,77.793352
Bengaluru Dist,Sulibele PS,1.04422e+16,2019,1,2,Road Accidents,Cross roads,Rural Areas,Near or inside a village,Not Applicable,Not Applicable,Grievous Injury,Hit bicyclist,Not Applicable,Curve,NH,Bitumen(Tar),Dry,Not Applicable,Not Applicable,NH 207 ROAD,Anjaneya tempole,10 fee,13.158405,77.791401
Bengaluru Dist,Sulibele PS,1.04422e+16,2019,1,1,Road Accidents,Not Applicable,Rural Areas,Open area,Human Error,No,Fatal,Not Applicable,Uncontrolled,Straight and flat,State Highway,Bitumen(Tar),Wet,Not Applicable,Fine,THAMMARASANAHALLIL GATE,8,8,13.205516,77.833326
Bengaluru Dist,Sulibele PS,1.04422e+16,2019,1,2,Road Accidents,Narrow road,Rural Areas,Open area,Not Applicable,Yes,Grievous Injury,Hit and Run,No signal lights,Not Applicable,Village Road,Bitumen(Tar),Dry,Not Applicable,Fine,other road,NEAR BADIGAPPA LAND,SIDE,13.134726,77.774368
Bengaluru Dist,Sulibele PS,1.04422e+16,2019,1,1,Road Accidents,Not Applicable,Rural Areas,Near School or College,Human Error,No,Fatal,Not Applicable,Not Applicable,Not Applicable,State Highway,Bitumen(Tar),Not Applicable,Not Applicable,Not Applicable,BENDIGANAHALLI,BENDIGANAHALLI,6,13.120678,77.840091
Bengaluru Dist,Sulibele PS,1.04422e+16,2019,1,2,Road Accidents,Circle,Rural Areas,Near Bus stop,Human Error,No,Fatal,Vehicle to Vehicle,Uncontrolled,Not Applicable,NH,Bitumen(Tar),Wet,No influence on accident,Fine,NH 207 NEAR KAMMASANDRA,KAMMASANDRA,8,13.150225,77.781631
Bengaluru Dist,Sulibele PS,1.04422e+16,2020,1,2,Road Accidents,Narrow road,Rural Areas,Open area,Not Applicable,No,Grievous Injury,Hit bicyclist,Uncontrolled,Straight and flat,Two way,Bitumen(Tar),Dry,Not Applicable,Clear,state high way,Dodda Mori oposit,30 fee,13.108027,77.82815
Bengaluru Dist,Sulibele PS,1.04422e+16,2020,1,2,Road Accidents,Narrow road,Rural Areas,Open area,Not Applicable,No,Damage Only,Vehicle to Vehicle,No signal lights,Straight and flat,State Highway,Bitumen(Tar),Ditch or Potholed,Not Applicable,Clear,state high way,E Muthsandar gate,20feet,13.164604,77.827599
Bengaluru Dist,Sulibele PS,1.04422e+16,2020,1,2,Road Accidents,Narrow road,Rural Areas,Near a factory industrial area,Human Error,No,Fatal,Hit bicyclist,Not at  Junction,Not Applicable,State Highway,Bitumen(Tar),Not Applicable,No influence on accident,Not Applicable,HOSKOTE J KOTE ROAD,KAMBALIPURA GATE,12,13.127905,77.8212089
Bengaluru Dist,Sulibele PS,1.04422e+16,2020,1,2,Road Accidents,Narrow road,Rural Areas,Open area,Not Applicable,No,Grievous Injury,Hit bicyclist,Uncontrolled,Straight and flat,State Highway,Bitumen(Tar),Dry,Not Applicable,Clear,state high way,Kambalipura gate,10,13.12827,77.8212069
Bengaluru Dist,Sulibele PS,1.04422e+16,2020,1,1,Road Accidents,Narrow road,Rural Areas,Open area,Not Applicable,No,Grievous Injury,Hit animal,Uncontrolled,Straight and flat,State Highway,Bitumen(Tar),Dry,Not Applicable,Clear,STATE HIGHWAY,NEAR KOLIFORM,30,13.114294,77.83903
Bengaluru Dist,Sulibele PS,1.04422e+16,2020,1,2,Road Accidents,Narrow road,Rural Areas,Open area,Not Applicable,No,Grievous Injury,Vehicle to Vehicle,Uncontrolled,Straight and flat,Two way,Bitumen(Tar),Dry,Not Applicable,Clear,state high way,devaraj land oposit road,50 ffe,13.108004,77.827925
Bengaluru Dist,Sulibele PS,1.04422e+16,2020,1,1,Road Accidents,Narrow road,Rural Areas,Open area,Not Applicable,Yes,Grievous Injury,Hit pedestrian,Uncontrolled,Straight and flat,NH,Bitumen(Tar),Dry,Not Applicable,Clear,NH 207,Chikkabachanna land oposit,10 fee,13.163822,77.7929519
Bengaluru Dist,Sulibele PS,1.04422e+16,2020,1,1,Road Accidents,Narrow road,Rural Areas,Near a factory industrial area,Human Error,No,Fatal,Hit pedestrian,Not at  Junction,Straight and flat,State Highway,Bitumen(Tar),Not Applicable,No influence on accident,Not Applicable,HOSKOTE CHINTHAMANI ROAD,CHOKKAHALLI,14,13.120295,77.823912
Bengaluru Dist,Sulibele PS,1.04422e+16,2020,1,2,Road Accidents,Narrow road,Rural Areas,Near School or College,Not Applicable,No,Grievous Injury,Hit bicyclist,Uncontrolled,Straight and flat,Two way,Bitumen(Tar),Dry,Not Applicable,Clear,NH 207,primary school,30,13.134573,77.774867