DISTRICTNAME,UNITNAME,Crime_No,Year,RI,Noofvehicle_involved,Accident_Classification,Accident_Spot,Accident_Location,Accident_SubLocation,Main_Cause,Hit_Run,Severity,Collision_Type,Junction_Control,Road_Character,Road_Type,Surface_Type,Surface_Condition,Road_Condition,Weather,Accident_Road,Landmark_first,Distance_LandMark_First,Latitude,Longitude
Bengaluru Dist,Sulibele PS,1.04422e+16,2020,1,1,Road Accidents,Cross roads,Rural Areas,Open area,Not Applicable,No,Damage Only,Not Applicable,Uncontrolled,Slight Curve,State Highway,Bitumen(Tar),Dry,Not Applicable,Clear,state high way,east Rajashkar gowda land,20feet,13.237558,77.847171
Bengaluru Dist,Sulibele PS,1.04422e+16,2020,1,2,Road Accidents,Narrow road,Rural Areas,Near or inside a village,Not Applicable,No,Grievous Injury,Hit bicyclist,Uncontrolled,Straight and flat,State Highway,Bitumen(Tar),Dry,Pot holed,Clear,state high way,UMAPATHI LAND OPOSIT,50FEET,13.144686,77.823655
Bengaluru Dist,Sulibele PS,1.04422e+16,2020,1,1,Road Accidents,Cross roads,Rural Areas,Open area,Not Applicable,No,Grievous Injury,Not Applicable,No signal lights,Sharp Curve,Two way,Bitumen(Tar),Dry,Not Applicable,Clear,18,tuls factory,30feet,13.118128,77.8248839
Bengaluru Dist,Sulibele PS,1.04422e+16,2020,1,1,Road Accidents,Road hump or Rumble strips,Rural Areas,Near or inside a village,Human Error,No,Fatal,Not Applicable,Uncontrolled,Not Applicable,State Highway,Bitumen(Tar),Not Applicable,Not Applicable,Not Applicable,SULIBELE TO BENDIGANAHALLI,CHIKKARALAGERE GATE,2,13.1889,77.80663
Bengaluru Dist,Sulibele PS,1.04422e+16,2020,1,3,Road Accidents,Narrow road,Rural Areas,Open area,Not Applicable,No,Grievous Injury,Hit bicyclist,Uncontrolled,Straight and flat,NH,Bitumen(Tar),Dry,Not Applicable,Clear,NH 207,Jayram land oposit road,30fet,13.153752,77.785466
Bengaluru Dist,Sulibele PS,1.04422e+16,2020,1,2,Road Accidents,Narrow road,Rural Areas,Open area,Not Applicable,No,Grievous Injury,Vehicle to Vehicle,Uncontrolled,Straight and flat,NH,Bitumen(Tar),Dry,Not Applicable,Clear,NH 207,oposit road sadapannahalli road,20feet,13.193277,77.813077
Bengaluru Dist,Sulibele PS,1.04422e+16,2020,1,2,Road Accidents,Narrow road,Rural Areas,Open area,Human Error,No,Fatal,Hit bicyclist,Not Applicable,Not Applicable,State Highway,Bitumen(Tar),Muddy,No influence on accident,Not Applicable,SULIBELE TO BENDIGANAHALLI,KEB OFFICE,2,13.185601,77.796873
Bengaluru Dist,Sulibele PS,1.04422e+16,2020,1,2,Road Accidents,Narrow road,Rural Areas,Open area,Not Applicable,No,Grievous Injury,Hit bicyclist,Uncontrolled,Straight and flat,State Highway,Bitumen(Tar),Dry,Not Applicable,Clear,state high way,oposot Resma Building,40 fee,13.120256,77.840881
Bengaluru Dist,Sulibele PS,1.04422e+16,2020,1,1,Road Accidents,Narrow road,City/Town,Near a factory industrial area,Not Applicable,Not Applicable,Not Applicable,Not Applicable,Not at  Junction,Others,Two way,Bitumen(Tar),Flooded,Not Applicable,Cloudy,other,tar road,16,13.122884,77.828953
Bengaluru Dist,Sulibele PS,1.04422e+16,2020,1,1,Road Accidents,Narrow road,Rural Areas,Open area,Not Applicable,No,Grievous Injury,Hit animal,No signal lights,Straight and flat,State Highway,Bitumen(Tar),Dry,Not Applicable,Clear,state high way,paper factory,20feet,13.186225,77.832366
Bengaluru Dist,Sulibele PS,1.04422e+16,2020,1,2,Road Accidents,Narrow road,Rural Areas,Open area,Not Applicable,No,Grievous Injury,Vehicle to Vehicle,Uncontrolled,Straight and flat,NH,Bitumen(Tar),Dry,Not Applicable,Clear,NH 207,sc colony Road,10,13.15226,77.781297
Bengaluru Dist,Sulibele PS,1.04422e+16,2020,1,1,Road Accidents,Narrow road,Rural Areas,Open area,Not Applicable,No,Grievous Injury,Hit pedestrian,Uncontrolled,Straight and flat,Two way,Bitumen(Tar),Dry,Not Applicable,Clear,NH 207,MESS BESCOM,30feet,13.218745,77.831802
Bengaluru Dist,Sulibele PS,1.04422e+16,2020,1,2,Road Accidents,Narrow road,Rural Areas,Near a religious place,Not Applicable,No,Grievous Injury,Vehicle to Vehicle,Uncontrolled,Not Applicable,NH,Bitumen(Tar),Others,Not Applicable,Others,NH 207,tar road,5,13.132805,77.775071
Bengaluru Dist,Sulibele PS,1.04422e+16,2020,1,2,Road Accidents,Narrow road,Rural Areas,Open area,Not Applicable,No,Grievous Injury,Vehicle to Vehicle,Uncontrolled,Straight and flat,NH,Bitumen(Tar),Dry,Not Applicable,Clear,NH 207,overhead tank oposit road,20feet,13.118382,77.84008
Bengaluru Dist,Sulibele PS,1.04422e+16,2020,1,2,Road Accidents,Narrow road,Rural Areas,Near Petrol Pump,Vehicle Defect,No,Simple Injury,Vehicle to Vehicle,Not at  Junction,Dip or trough,NH,Bitumen(Tar),Others,Not Applicable,Very Cold,NH 207,tar road,14,13.137131,77.771657
Bengaluru Dist,Sulibele PS,1.04422e+16,2020,1,2,Road Accidents,Junction,Rural Areas,Open area,Not Applicable,No,Grievous Injury,Hit bicyclist,Uncontrolled,Slight Curve,State Highway,Bitumen(Tar),Dry,Not Applicable,Clear,state high way,ANJANEYA TEMPOLE,30,13.237444,77.847141
Bengaluru Dist,Sulibele PS,1.04422e+16,2020,1,2,Road Accidents,Narrow road,Rural Areas,Open area,Not Applicable,No,Damage Only,Vehicle to Vehicle,Not Applicable,Straight and flat,State Highway,Bitumen(Tar),Dry,Not Applicable,Clear,STATE HIGHWAY,NEAR KAMBALIPURA GATE,10 FET,13.170479,77.7931029
Bengaluru Dist,Sulibele PS,1.04422e+16,2020,1,2,Road Accidents,Narrow road,Rural Areas,Residential area,Not Applicable,No,Simple Injury,Hit bicyclist,Uncontrolled,Straight and flat,Two way,Bitumen(Tar),Dry,Not Applicable,Clear,other road,Channakesava alobrickes factory oposit,50 fee,13.213498,77.832469
Bengaluru Dist,Sulibele PS,1.04422e+16,2020,1,1,Road Accidents,Cross roads,Rural Areas,Open area,Not Applicable,No,Simple Injury,Hit animal,Uncontrolled,Curve,State Highway,Bitumen(Tar),Dry,Not Applicable,Clear,state high way,oposit Nagappa land,15,13.229527,77.838424
Bengaluru Dist,Sulibele PS,1.04422e+16,2020,1,1,Road Accidents,Narrow road,Rural Areas,Residential area,Not Applicable,No,Grievous Injury,Hit pedestrian,Not Applicable,Straight and flat,NH,Bitumen(Tar),Dry,Not Applicable,Clear,NH 207,ANJANEYA TEMPOLE,10 FET,13.138419,77.775621
Bengaluru Dist,Sulibele PS,1.04422e+16,2021,1,2,Road Accidents,Narrow road,Rural Areas,Open area,Not Applicable,No,Grievous Injury,Hit bicyclist,Uncontrolled,Straight and flat,NH,Bitumen(Tar),Dry,Not Applicable,Clear,NH 207,Near Hurabagil road,03 met,13.18445,77.796948
Bengaluru Dist,Sulibele PS,1.04422e+16,2021,1,1,Road Accidents,Not Applicable,Rural Areas,Near School or College,Not Applicable,No,Grievous Injury,Hit pedestrian,Not Applicable,Others,NH,Bitumen(Tar),Dry,Not Applicable,Clear,Hosakote Devanahalli Road,Sun Valley School,5,13.129394,77.774123
Bengaluru Dist,Sulibele PS,1.04422e+16,2021,1,3,Road Accidents,Narrow road,Rural Areas,Near Petrol Pump,Not Applicable,No,Damage Only,Vehicle to Vehicle,No signal lights,Not Applicable,NH,Bitumen(Tar),Dry,Not Applicable,Fine,NH 207,oposit Nagappa land,10,13.136967,77.7706879
Bengaluru Dist,Sulibele PS,1.04422e+16,2021,1,2,Road Accidents,Narrow road,Rural Areas,Near a factory industrial area,Not Applicable,No,Damage Only,Vehicle to Vehicle,No signal lights,Dip or trough,Minor District Road,Bitumen(Tar),Dry,Not Applicable,Clear,Shidlaghatta Hosakote Road,Naturo Chocolate Factory,5,13.136074,77.822834
Bengaluru Dist,Sulibele PS,1.04422e+16,2021,1,2,Road Accidents,Narrow road,Rural Areas,Open area,Not Applicable,No,Grievous Injury,Hit bicyclist,Uncontrolled,Straight and flat,State Highway,Bitumen(Tar),Dry,Not Applicable,Clear,state high way,Bangalore harticlture Nurcery,20feet,13.166677,77.828157
Bengaluru Dist,Sulibele PS,1.04422e+16,2021,1,2,Road Accidents,Narrow road,Rural Areas,Near office complex,Human Error,No,Grievous Injury,Vehicle to Vehicle,Not Applicable,Not Applicable,Two way,Not Applicable,Dry,Not Applicable,Fine,Hosakote Devanahalli Road,Opposite Karnataka Bank,0.5,13.186527,77.797845
Bengaluru Dist,Sulibele PS,1.04422e+16,2021,1,2,Road Accidents,Not Applicable,Rural Areas,Near a religious place,Human Error,No,Grievous Injury,Vehicle to Vehicle,Not at  Junction,Others,Major District Road,Bitumen(Tar),Dry,Not Applicable,Clear,NH 207,Kammasandra Village,5,13.150678,77.781678
Bengaluru Dist,Sulibele PS,1.04422e+16,2021,1,1,Road Accidents,Not Applicable,Rural Areas,Open area,Not Applicable,Not Applicable,Grievous Injury,Hit pedestrian,Not at  Junction,Others,NH,Bitumen(Tar),Dry,Drainage Ditch,Not Applicable,Hosakote Chintamani Road,Udupi Hotel,5,13.112553,77.832811
Bengaluru Dist,Sulibele PS,1.04422e+16,2021,1,1,Road Accidents,Not Applicable,Rural Areas,Open area,Not Applicable,No,Fatal,Not Applicable,Not Applicable,Not Applicable,NH,Bitumen(Tar),Dry,Not Applicable,Clear,NH,Towards east Govt school,60,13.170232,77.794165
Bengaluru Dist,Sulibele PS,1.04422e+16,2021,1,1,Road Accidents,Junction,Rural Areas,Open area,Human Error,No,Fatal,Not Applicable,Signals (Not working),Straight and flat,State Highway,Bitumen(Tar),Dry,Not Applicable,Not Applicable,HOSKOTE CHINTHAMANI ROAD NEAR CHOKKAHALLI,CHOKKAHALLI,12,13.112625,77.83298
Bengaluru Dist,Sulibele PS,1.04422e+16,2021,1,2,Road Accidents,Junction,Rural Areas,Near a factory industrial area,Not Applicable,Not Applicable,Grievous Injury,Vehicle to Vehicle,Not at  Junction,Others,NH,Bitumen(Tar),Dry,Not Applicable,Clear,Hosakote Chintamani Road,Pillagumpa,12,13.111562,77.8316039
Bengaluru Dist,Sulibele PS,1.04422e+16,2021,1,2,Road Accidents,Not Applicable,Rural Areas,Open area,Not Applicable,No,Fatal,Vehicle to Vehicle,Not Applicable,Others,Others,Bitumen(Tar),Others,Not Applicable,Clear,Others,Trees towards East,20,13.190436,77.7946
Bengaluru Dist,Sulibele PS,1.04422e+16,2021,1,2,Road Accidents,Curves,City/Town,Near Petrol Pump,Human Error,No,Grievous Injury,Vehicle to Vehicle,No signal lights,Sharp Curve,NH,Bitumen(Tar),Dry,Not Applicable,Clear,NH 207,Way Bridge,800,13.187972,77.797048
Bengaluru Dist,Sulibele PS,1.04422e+16,2021,1,2,Road Accidents,Narrow road,Rural Areas,Open area,Human Error,No,Damage Only,Vehicle to Vehicle,Not at  Junction,Straight and flat,Others,Bitumen(Tar),Dry,Not Applicable,Clear,Normal,Pillagumpa,14,13.118741,77.825647
Bengaluru Dist,Sulibele PS,1.04422e+16,2021,1,1,Road Accidents,Cross roads,Rural Areas,Open area,Not Applicable,Yes,Fatal,Hit pedestrian,Not Applicable,Not Applicable,NH,Bitumen(Tar),Dry,Not Applicable,Fine,NH,One Bridge Towords East,20,13.192337,77.803162
Bengaluru Dist,Sulibele PS,1.04422e+16,2021,1,2,Road Accidents,Not Applicable,Rural Areas,Open area,Not Applicable,No,Fatal,Vehicle to Vehicle,Not Applicable,Not Applicable,NH,Bitumen(Tar),Dry,Not Applicable,Fine,NH,to words south one transformer,30 Fee,13.152312,77.824758
Bengaluru Dist,Sulibele PS,1.04422e+16,2021,1,1,Road Accidents,Not Applicable,Rural Areas,Near Bus stop,Not Applicable,No,Fatal,Not Applicable,Not Applicable,Not Applicable,State Highway,Bitumen(Tar),Not Applicable,No influence on accident,Fine,HOSKOTE JANGAMKOTE ROAD,BENDIGANAHALLI,5,13.2158,77.837387
Bengaluru Dist,Sulibele PS,1.04422e+16,2021,1,2,Road Accidents,Narrow road,Rural Areas,Near or inside a village,Human Error,Not Applicable,Grievous Injury,Vehicle to Vehicle,Not Applicable,Others,Residential Street,Bitumen(Tar),Dry,Not Applicable,Clear,Bendiganahalli To Nandagudi,Road,9,13.213252,77.869512
Bengaluru Dist,Sulibele PS,1.04422e+16,2022,1,2,Road Accidents,Road hump or Rumble strips,Rural Areas,Open area,Human Error,No,Grievous Injury,Vehicle to Vehicle,Give way sign,Hump,NH,Bitumen(Tar),Dry,Not Applicable,Clear,"Hosakote Shidlaghatta Road, Bendiganahalli Lake",Hosakote,5,13.230184,77.84057
Bengaluru Dist,Sulibele PS,1.04422e+16,2022,1,2,Road Accidents,Curves,Rural Areas,Near or inside a village,Human Error,No,Damage Only,Not Applicable,Not Applicable,Curve,NH,Bitumen(Tar),Dry,No influence on accident,Clear,Hosakote Devanahalli road near kammasandra Village,Near kammasandra leck,6,13.151679,77.782439
Bengaluru Dist,Sulibele PS,1.04422e+16,2022,1,2,Road Accidents,Not Applicable,Rural Areas,Near a factory industrial area,Human Error,No,Fatal,Vehicle to Vehicle,Uncontrolled,Not Applicable,State Highway,Bitumen(Tar),Not Applicable,Not Applicable,Not Applicable,HOSAKOTE CHINTHAMANI ROAD NEAR CHOKKAHALLI,CHIKKA HULLURU GATE,12,0.0,0.0
Bengaluru Dist,Sulibele PS,1.04422e+16,2022,1,2,Road Accidents,Cross roads,Rural Areas,Near School or College,Human Error,Not Applicable,Simple Injury,Vehicle to Vehicle,Not Applicable,Others,NH,Bitumen(Tar),Dry,Not Applicable,Clear,NH 209  Hosakote Devanahalli  Road,Near Yanagunte govt school,4,13.157773,77.79092
Bengaluru Dist,Sulibele PS,1.04422e+16,2022,1,2,Road Accidents,Not Applicable,Rural Areas,Near Petrol Pump,Human Error,No,Fatal,Vehicle to Vehicle,Not Applicable,Not Applicable,State Highway,Bitumen(Tar),Not Applicable,No influence on accident,Not Applicable,HOSAKOTE CHINTHAMANI ROAD,CHOKKAHALLI,12,13.118881,77.82293
Bengaluru Dist,Sulibele PS,1.04422e+16,2022,1,1,Road Accidents,Not Applicable,Rural Areas,Near a factory industrial area,Human Error,No,Grievous Injury,Not Applicable,Not Applicable,Not Applicable,Others,Bitumen(Tar),Dry,Not Applicable,Clear,TTK Facr]troy Road Near,TTK Factroy,10 Mtr,13.115432,77.833133
Bengaluru Dist,Sulibele PS,1.04422e+16,2022,1,2,Road Accidents,Not Applicable,Rural Areas,Open area,Human Error,No,Grievous Injury,Vehicle to Vehicle,Controlled,Not Applicable,NH,Bitumen(Tar),Wet,Not Applicable,Clear,Hosakote Devaranahalli Road Vabasandra Gate Near,Hosakote Devaranahalli Road Vabasandra Gate Near,10 met,13.123529,77.773286
Bengaluru Dist,Sulibele PS,1.04422e+16,2022,1,2,Road Accidents,Curves,Rural Areas,Near Bus stop,Vehicle Defect,No,Grievous Injury,Vehicle to Vehicle,Not Applicable,Curve,Major District Road,Bitumen(Tar),Dry,Not Applicable,Clear,Hosakote Shidlaghatta Road,Hosakote,10,13.116377,77.83663
Bengaluru Dist,Sulibele PS,1.04422e+16,2022,1,2,Road Accidents,Narrow road,Rural Areas,Open area,Human Error,No,Grievous Injury,Vehicle to Vehicle,Not at  Junction,Straight and flat,Others,Bitumen(Tar),Dry,Not Applicable,Clear,na,1,1,0.0,0.0
Bengaluru Dist,Sulibele PS,1.04422e+16,2022,1,2,Road Accidents,Junction,Rural Areas,Near Petrol Pump,Not Applicable,No,Grievous Injury,Vehicle to Vehicle,Not at  Junction,Not Applicable,NH,Bitumen(Tar),Dry,Not Applicable,Clear,NH 648,Near Hasigal,5,13.136182,77.775592
Bengaluru Dist,Sulibele PS,1.04422e+16,2022,1,2,Road Accidents,Not Applicable,Rural Areas,Open area,Human Error,No,Fatal,Vehicle to Vehicle,Uncontrolled,Not Applicable,State Highway,Bitumen(Tar),Not Applicable,Not Applicable,Not Applicable,HOSAKOTE CHINTHAMANI ROAD,CHOLAPPANAHALLI,14,0.0,0.0
Bengaluru Dist,Sulibele PS,1.04422e+16,2022,1,2,Road Accidents,Not Applicable,Rural Areas,Open area,Human Error,No,Grievous Injury,Vehicle to Vehicle,Not Applicable,Others,Others,Bitumen(Tar),Dry,Not Applicable,Clear,Bendiganahalli Cross to Dyvasandra Gate Center Road,Bendiganahalli Cross to Dyvasandra Gate Center Road,50 mtr,13.20652,77.839537
Bengaluru Dist,Sulibele PS,1.04422e+16,2022,1,2,Road Accidents,Not Applicable,Rural Areas,Near Petrol Pump,Human Error,Yes,Fatal,Vehicle to Vehicle,Not Applicable,Slight Curve,State Highway,Bitumen(Tar),Not Applicable,Not Applicable,Not Applicable,HOSAKOTE JANGAMKOTE RAOD NEAR NAGARENAHALLI GATE,NAGARENHALLI GATE,6,13.165314,77.828225
Bengaluru Dist,Sulibele PS,1.04422e+16,2022,1,2,Road Accidents,Not Applicable,Rural Areas,Near a factory industrial area,Human Error,No,Grievous Injury,Vehicle to Vehicle,Not Applicable,Straight and flat,Residential Street,Bitumen(Tar),Wet,Not Applicable,Clear,In Front of TTK  factory Pillagumpa,TTK Factroy Pillagumpa,10,13.116779,77.8343949
Bengaluru Dist,Sulibele PS,1.04422e+16,2022,1,2,Not Applicable,Circle,City/Town,Narrow bridge or culverts,Human Error,No,Damage Only,Vehicle to Vehicle,Controlled,Curve,Others,Bitumen(Tar),Dry,Not Applicable,Clear,Siddenahalli Road,Siddenhalli,5,13.166166,77.826814
Bengaluru Dist,Sulibele PS,1.04422e+16,2022,1,1,Road Accidents,Narrow road,Rural Areas,Near a factory industrial area,Human Error,No,Fatal,Hit pedestrian,Not Applicable,Not Applicable,State Highway,Bitumen(Tar),Not Applicable,No influence on accident,Clear,HOSAKOTE CHINTHAMANI ROAD NEAR CHIKKA HULLURU,CHIKKA HULLURU GATE,12,13.103525,77.8232039
Bengaluru Dist,Sulibele PS,1.04422e+16,2022,1,1,Road Accidents,Not Applicable,Rural Areas,Open area,Human Error,No,Fatal,Not Applicable,Not Applicable,Not Applicable,NH,Bitumen(Tar),Not Applicable,No influence on accident,Others,KAMMASANDRA,KAMMASANDRA,6,13.148773,77.780568
Bengaluru Dist,Sulibele PS,1.04422e+16,2022,1,2,Road Accidents,Narrow road,Rural Areas,Near Petrol Pump,Human Error,No,Grievous Injury,Vehicle to Vehicle,Not at  Junction,Straight and flat,NH,Bitumen(Tar),Dry,Not Applicable,Clear,NH 207,1,8,0.0,0.0
Bengaluru Dist,Sulibele PS,1.04422e+16,2022,1,2,Rail Road Accidents,Narrow road,Rural Areas,Open area,Human Error,No,Fatal,Vehicle to Vehicle,Not Applicable,Not Applicable,State Highway,Bitumen(Tar),Not Applicable,No influence on accident,Not Applicable,CHOKKAHALLI,CHOKKAHALLI,12 KM,13.119783,77.81834
Bengaluru Dist,Sulibele PS,1.04422e+16,2022,1,2,Road Accidents,Narrow road,Rural Areas,Near a factory industrial area,Human Error,No,Fatal,Vehicle to Vehicle,Uncontrolled,Not Applicable,Two way,Bitumen(Tar),Not Applicable,No influence on accident,Not Applicable,CHOKKAHALLI INDUSTRIAL AREA,AMBE FOODS FACTORY,12,13.116648,77.834463
Bengaluru Dist,Sulibele PS,1.04422e+16,2022,1,1,Road Accidents,Offset,Rural Areas,Open area,Human Error,Not Applicable,Grievous Injury,Not Applicable,Not Applicable,Others,Others,Bitumen(Tar),Dry,Not Applicable,Clear,Sulibele-Bendiganahalli Road,Shantanapur,3,13.197157,77.820196
Bengaluru Dist,Sulibele PS,1.04422e+16,2022,1,2,Road Accidents,Narrow road,Rural Areas,Near Petrol Pump,Not Applicable,Yes,Grievous Injury,Vehicle to Vehicle,Not Applicable,Not Applicable,NH,Bitumen(Tar),Dry,Not Applicable,Clear,Hosakote Chintamani Road,Chokkahalli,4,13.143835,77.796824
Bengaluru Dist,Sulibele PS,1.04422e+16,2022,1,2,Not Applicable,Curves,Rural Areas,Near or inside a village,Human Error,No,Grievous Injury,Vehicle to Vehicle,No signal lights,Others,State Highway,Bitumen(Tar),Dry,Not Applicable,Clear,Shidlaghatta Road,Shidlaghatta Road,10,13.229532,77.8380539
Bengaluru Dist,Sulibele PS,1.04422e+16,2022,1,1,Road Accidents,Narrow road,Rural Areas,Near a factory industrial area,Human Error,No,Fatal,Not Applicable,Not Applicable,Not Applicable,State Highway,Bitumen(Tar),Not Applicable,No influence on accident,Not Applicable,HOSKOTE SIDLAGHATTA ROAD,8,8,13.127502,77.820852
Bengaluru Dist,Sulibele PS,1.04422e+16,2022,1,2,Not Applicable,Circle,City/Town,Open area,Not Applicable,No,Grievous Injury,Vehicle to Vehicle,Not Applicable,Curve,Major District Road,Bitumen(Tar),Dry,Construction Work / Material,Clear,2,Hosakote,5,13.229457,77.837978
Bengaluru Dist,Sulibele PS,1.04422e+16,2022,1,2,Road Accidents,Not Applicable,Rural Areas,Near Petrol Pump,Human Error,Yes,Fatal,Vehicle to Vehicle,Not Applicable,Not Applicable,State Highway,Concrete,Not Applicable,Not Applicable,Not Applicable,SIDLAGHATTA HOSKOTE ROAD,NAGARENHALLI,8,13.166629,77.828332
Bengaluru Dist,Sulibele PS,1.04422e+16,2022,1,2,Road Accidents,Narrow road,Rural Areas,Open area,Human Error,Yes,Grievous Injury,Vehicle to Vehicle,Not at  Junction,Straight and flat,Others,Bitumen(Tar),Dry,No influence on accident,Clear,1,1,15,13.119472,77.821329
Bengaluru Dist,Sulibele PS,1.04422e+16,2023,1,1,Not Applicable,Not Applicable,Rural Areas,Open area,Human Error,No,Fatal,Not Applicable,Not Applicable,Others,Others,Not Applicable,Others,Not Applicable,Clear,Other,Tammegowda Ittage Factroy Nagarenahalli,2 M,0.0,0.0
Bengaluru Dist,Sulibele PS,1.04422e+16,2023,1,2,Road Accidents,Not Applicable,Rural Areas,Open area,Human Error,No,Grievous Injury,Vehicle to Vehicle,Not Applicable,Not Applicable,State Highway,Bitumen(Tar),Not Applicable,Pot holed,Not Applicable,SULIBELE MAIN ROAD DEVANAHALLI CROSS,DEVANAHALLI CROSS,0.5 KM,13.184875,77.798018
Bengaluru Dist,Sulibele PS,1.04422e+16,2023,1,1,Road Accidents,Not Applicable,Rural Areas,Open area,Human Error,No,Fatal,Not Applicable,Controlled,Hump,Others,Bitumen(Tar),Wet,Not Applicable,Clear,Nagarenahalli Giddapanahalli Road Hump Near,Nagarenahalli Giddapanahalli Road Hump Near,05 m,13.191243,77.851746
Bengaluru Dist,Sulibele PS,1.04422e+16,2023,1,1,Road Accidents,Cross roads,Rural Areas,Near School or College,Human Error,No,Fatal,Not Applicable,Controlled,Slight Curve,State Highway,Bitumen(Tar),Not Applicable,Not Applicable,Not Applicable,HOSAKOTE JANGAMKOTE ROAD,SCHOOL,3 KM,0.0,0.0
Bengaluru Dist,Sulibele PS,1.04422e+16,2023,1,1,Road Accidents,Cross roads,Rural Areas,Open area,Human Error,No,Fatal,Hit bicyclist,Uncontrolled,Slight Curve,NH,Bitumen(Tar),Others,Construction Work / Material,Others,NH 248 CHENNAI SUPAR FAST ROAD,ATTIBELE,3 KM,13.169739,77.793881
Bengaluru Dist,Sulibele PS,1.04422e+16,2023,1,2,Road Accidents,Not Applicable,Rural Areas,Open area,Human Error,No,Grievous Injury,Vehicle to Vehicle,Not Applicable,Not Applicable,NH,Bitumen(Tar),Dry,Pot holed,Clear,Sri Laksminarasimhaswamy Water service center Near Thimmasandra Gate,Sri Laksminarasimhaswamy Water service center Near Thimmasandra Gate,50 mtr,0.0,0.0
Bengaluru Dist,Sulibele PS,1.04422e+16,2023,1,2,Road Accidents,Not Applicable,Rural Areas,Narrow bridge or culverts,Human Error,No,Grievous Injury,Vehicle to Vehicle,Not Applicable,Straight and flat,NH,Bitumen(Tar),Wet,Not Applicable,Cloudy,Near Bridge,Hosakote Shidlaghatta Road Near,20 mit,13.116372,77.817218
Bengaluru Dist,Sulibele PS,1.04422e+16,2023,1,1,Road Accidents,Not Applicable,Rural Areas,Open area,Human Error,No,Grievous Injury,Not Applicable,Not Applicable,Not Applicable,State Highway,Bitumen(Tar),Not Applicable,No influence on accident,Not Applicable,SULIBELE MAIN ROAD DEVANAHALLI CROSS,SULIBELE MAIN ROAD,0.5,13.184918,77.797997
Bengaluru Dist,Sulibele PS,1.04422e+16,2023,1,1,Road Accidents,Not Applicable,Rural Areas,Open area,Human Error,Not Applicable,Simple Injury,Not Applicable,Not Applicable,Not Applicable,State Highway,Bitumen(Tar),Wet,Not Applicable,Clear,Near Gullahalli Gate,Near Gullahalli Gate,200 mt,13.161013,77.791801
Bengaluru Dist,Sulibele PS,1.04422e+16,2023,1,1,Road Accidents,Not Applicable,Rural Areas,Open area,Human Error,No,Fatal,Not Applicable,Not Applicable,Not Applicable,Minor District Road,Bitumen(Tar),Not Applicable,Not Applicable,Clear,HASIGALA SONNAHALLIPURA,SONNAHALLIPURA,10 KM,13.13564,77.787992
Bengaluru Dist,Sulibele PS,1.04422e+16,2023,1,2,Road Accidents,Narrow road,Rural Areas,Open area,Human Error,No,Grievous Injury,Vehicle to Vehicle,Not Applicable,Not Applicable,NH,Bitumen(Tar),Ditch or Potholed,Not Applicable,Fine,NEAR SULIBELE LAKE,SULIBELE LAKE,1 KM,13.181993,77.799453
Bengaluru Dist,Sulibele PS,1.04422e+16,2023,1,2,Road Accidents,Narrow road,Rural Areas,Open area,Human Error,No,Grievous Injury,Vehicle to Vehicle,Not Applicable,Incline,Minor District Road,Bitumen(Tar),Wet,Pot holed,Fine,KAMMASANDRA GANGAVARA ROAD,KAMMASANDRA,6 KM,0.0,0.0
Bengaluru Dist,Sulibele PS,1.04422e+16,2023,1,1,Road Accidents,Not Applicable,Rural Areas,Open area,Human Error,Yes,Grievous Injury,Hit pedestrian,Controlled,Straight and flat,Others,Bitumen(Tar),Dry,Not Applicable,Fine,Other Road,Kataremma Temple Near Sulibele Town and Bendiganahalli cross Road,50 Fee,13.182699,77.802499
Bengaluru Dist,Sulibele PS,1.04422e+16,2023,1,2,Road Accidents,Not Applicable,Rural Areas,Open area,Human Error,Yes,Grievous Injury,Vehicle to Vehicle,Not Applicable,Straight and flat,Minor District Road,Bitumen(Tar),Not Applicable,No influence on accident,Clear,SHIVANAPURA CROSS TO BENDIGANHALLI ROAD,DYAVASANDRA GATE,4 KM,13.206365,77.843973
Bengaluru Dist,Sulibele PS,1.04422e+16,2023,1,2,Road Accidents,Narrow road,Rural Areas,Open area,Human Error,No,Grievous Injury,Vehicle to Vehicle,Not Applicable,Straight and flat,State Highway,Bitumen(Tar),Not Applicable,Not Applicable,Fine,SIDLAGHATTA HOSAKOTE ROAD,DYVASANDRA GATE,4,13.200955,77.834163
Bengaluru Dist,Sulibele PS,1.04422e+16,2023,1,2,Road Accidents,Not Applicable,Rural Areas,Open area,Human Error,No,Damage Only,Vehicle to Vehicle,Controlled,Straight and flat,NH,Bitumen(Tar),Dry,Not Applicable,Clear,NH 648 Road Kamblipur Gate Near,Kamblipur Gate Near,50Met,13.139668,77.804984
Bengaluru Dist,Sulibele PS,1.04422e+16,2023,1,3,Road Accidents,Not Applicable,Rural Areas,Open area,Human Error,No,Simple Injury,Vehicle to Vehicle,Not Applicable,Others,Others,Bitumen(Tar),Dry,Not Applicable,Clear,Near Ravi House,Near Ravi House Giddapanahalli Nagarenahalli Center,100 f,13.170578,77.822284
Bengaluru Dist,Sulibele PS,1.04422e+16,2023,1,1,Road Accidents,Curves,Rural Areas,Open area,Human Error,No,Grievous Injury,Not Applicable,Controlled,Curve,Others,Bitumen(Tar),Wet,Not Applicable,Clear,Sulibele Giddapanahalli Road,Ittage Factory Near,25 Met,13.174434,77.806208