DISTRICTNAME,UNITNAME,Crime_No,Year,RI,Noofvehicle_involved,Accident_Classification,Accident_Spot,Accident_Location,Accident_SubLocation,Main_Cause,Hit_Run,Severity,Collision_Type,Junction_Control,Road_Character,Road_Type,Surface_Type,Surface_Condition,Road_Condition,Weather,Accident_Road,Landmark_first,Distance_LandMark_First,Latitude,Longitude
Bengaluru Dist,Sulibele PS,1.04422e+16,2023,1,1,Road Accidents,Not Applicable,Rural Areas,Open area,Human Error,No,Fatal,Not Applicable,Not Applicable,Straight and flat,Minor District Road,Bitumen(Tar),Not Applicable,Pot holed,Mist or Fog,E MUTHSANDRA BEGURU ROAD,BEGURU VILLAGE,8 KM,13.151864,77.85502
Bengaluru Dist,Sulibele PS,1.04422e+16,2023,1,3,Road Accidents,Narrow road,Rural Areas,Near Bus stop,Human Error,No,Grievous Injury,Vehicle to Vehicle,Uncontrolled,Not Applicable,NH,Bitumen(Tar),Not Applicable,No influence on accident,Clear,HOSAKOTE DEVANHALALI NH 207 ROAD,THIMMASANDRA,9 KM,13.124202,77.773307
Bengaluru Dist,Suryanagar PS,1.04422e+16,2016,1,1,Road Accidents,Offset,Rural Areas,Open area,Not Applicable,No,Fatal,Hit pedestrian,Controlled,Not Applicable,NH,Bitumen(Tar),Dry,Not Applicable,Fine,BANGALORE TO HOSUR  N H 7 ROAD,HENNAGAR GATE,15 FT,0.0,0.0
Bengaluru Dist,Suryanagar PS,1.04422e+16,2016,1,1,Road Accidents,Junction,Rural Areas,Open area,Not Applicable,Yes,Fatal,Others,Controlled,Others,NH,Bitumen(Tar),Dry,Not Applicable,Fine,HOSUR TO BANGLAORE ROAD N H 7,HENNAGARA GATE,15 FT,0.0,0.0
Bengaluru Dist,Suryanagar PS,1.04422e+16,2016,1,1,Road Accidents,Other,City/Town,Open area,Not Applicable,Not Applicable,Damage Only,Others,Uncontrolled,Others,NH,Bitumen(Tar),Dry,Not Applicable,Clear,"bangalore to hosur road, near chandapura road",chandapura near,3 ft,0.0,0.0
Bengaluru Dist,Suryanagar PS,1.04422e+16,2016,1,1,Road Accidents,Narrow road,Rural Areas,Open area,Human Error,Yes,Fatal,Hit and Run,Controlled,Others,NH,Bitumen(Tar),Dry,Not Applicable,Fine,HOSUR TO BANGALORE,HALECHANDAPURA,100 FT,0.0,0.0
Bengaluru Dist,Suryanagar PS,1.04422e+16,2016,1,1,Road Accidents,Other,City/Town,Open area,Not Applicable,No,Damage Only,Others,Controlled,Others,NH,Bitumen(Tar),Dry,Not Applicable,Fine,HOSUR TO BANGALORE N H - 7 ROAD,THIRUMAGONDAHALLI,3 FT,0.0,0.0
Bengaluru Dist,Suryanagar PS,1.04422e+16,2016,1,2,Road Accidents,Culvert,City/Town,Open area,Not Applicable,No,Damage Only,Overturning,Controlled,Curve,NH,Bitumen(Tar),Dry,Not Applicable,Fine,CHANDAPUR CIRCLE U TURN,CHANDAPUR CIRCLE,3 FT,0.0,0.0
Bengaluru Dist,Suryanagar PS,1.04422e+16,2016,1,1,Road Accidents,Other,Rural Areas,Near Bus stop,Not Applicable,Yes,Simple Injury,Hit pedestrian,Controlled,Others,NH,Bitumen(Tar),Dry,Not Applicable,Fine,"NEAR HENNAGARA BUS STOP, BANGALORE TO HOSUR ROAD",HENNAGARA BUS STOP,15 FT,0.0,0.0
Bengaluru Dist,Suryanagar PS,1.04422e+16,2016,1,2,Road Accidents,Cross roads,Rural Areas,Open area,Not Applicable,No,Simple Injury,Others,Controlled,Others,State Highway,Bitumen(Tar),Dry,Not Applicable,Fine,CHANDAPURA TO MUTHANALLLUR ROAD,GOPALREDDY LAND,3 FT,0.0,0.0
Bengaluru Dist,Suryanagar PS,1.04422e+16,2016,1,2,Road Accidents,Other,Rural Areas,Open area,Not Applicable,No,Simple Injury,Head on,Controlled,Others,State Highway,Bitumen(Tar),Dry,Not Applicable,Fine,CHANDAPURA TO ANEKAL ROAD,IGGALUR,3 FT,0.0,0.0
Bengaluru Dist,Suryanagar PS,1.04422e+16,2016,1,1,Road Accidents,Other,Rural Areas,Open area,Not Applicable,Yes,Fatal,Hit pedestrian,Controlled,Others,NH,Bitumen(Tar),Dry,Not Applicable,Fine,CHANDAPUR TO HENNAGARA GATE,HENNAGARA GATE,10 FT,0.0,0.0
Bengaluru Dist,Suryanagar PS,1.04422e+16,2016,1,1,Road Accidents,Other,Rural Areas,Near Bus stop,Not Applicable,No,Grievous Injury,Hit pedestrian,Controlled,Others,NH,Bitumen(Tar),Dry,Not Applicable,Fine,NH7 BANGALORU TO HOSUR,TIRUMAGONDANAHALLI BUS STOP,10 FT,0.0,0.0
Bengaluru Dist,Suryanagar PS,1.04422e+16,2016,1,2,Road Accidents,Curves,Rural Areas,Open area,Not Applicable,No,Simple Injury,Overturning,Controlled,Others,State Highway,Bitumen(Tar),Dry,Not Applicable,Fine,CHANDAPURA TO NARAYANAGATTA ROAD,NARSARI,3 FT,0.0,0.0
Bengaluru Dist,Suryanagar PS,1.04422e+16,2016,1,2,Road Accidents,Other,Rural Areas,Open area,Human Error,No,Fatal,Others,Controlled,Others,State Highway,Bitumen(Tar),Dry,Not Applicable,Fine,CHANDAPURA TO DOMMASANDRA ROAD,NAGAREDDY LAND,10 FT,0.0,0.0
Bengaluru Dist,Suryanagar PS,1.04422e+16,2016,1,3,Road Accidents,Other,Rural Areas,Open area,Not Applicable,No,Simple Injury,Others,Controlled,Not Applicable,NH,Bitumen(Tar),Dry,Not Applicable,Fine,bangalore to hosur road,hennagara gate,3 ft,0.0,0.0
Bengaluru Dist,Suryanagar PS,1.04422e+16,2016,1,2,Road Accidents,Cross roads,City/Town,Open area,Not Applicable,No,Simple Injury,Others,Controlled,Others,NH,Bitumen(Tar),Dry,Not Applicable,Fine,CHANDAPURA TO ATTIBELE HOBLI,chandapura near,3 FT,0.0,0.0
Bengaluru Dist,Suryanagar PS,1.04422e+16,2016,1,3,Road Accidents,Cross roads,Rural Areas,Open area,Not Applicable,Yes,Fatal,Overturning,Controlled,Not Applicable,NH,Bitumen(Tar),Dry,Not Applicable,Fine,HOSUR TO BANGALORE,THIRMAGONDAHALLI CROSS,12 FT,0.0,0.0
Bengaluru Dist,Suryanagar PS,1.04422e+16,2016,1,1,Road Accidents,Narrow road,City/Town,Open area,Human Error,Yes,Fatal,Others,Controlled,Others,NH,Bitumen(Tar),Dry,Not Applicable,Fine,HOSUR TO BANGALORE,KITHAGANAHALLI GATE,10 FT,0.0,0.0
Bengaluru Dist,Suryanagar PS,1.04422e+16,2016,1,1,Road Accidents,Circle,Rural Areas,Open area,Human Error,No,Fatal,Overturning,Controlled,Curve,State Highway,Bitumen(Tar),Dry,Not Applicable,Fine,CHANDAPURA TO MUTHANALLLUR ROAD,HELLAGE CROSS,100 FT,0.0,0.0
Bengaluru Dist,Suryanagar PS,1.04422e+16,2016,1,2,Road Accidents,Cross roads,Rural Areas,Open area,Human Error,No,Grievous Injury,Others,Not Applicable,Curve,State Highway,Bitumen(Tar),Dry,Not Applicable,Clear,EGALUR VILLAGE GATE,EGALLUR VILLAGE GATE,10 FT,0.0,0.0
Bengaluru Dist,Suryanagar PS,1.04422e+16,2016,1,1,Road Accidents,Other,Rural Areas,Near Bus stop,Not Applicable,No,Grievous Injury,Hit pedestrian,Controlled,Others,NH,Bitumen(Tar),Dry,Not Applicable,Fine,OLD CHANDAPUR,BUS STOP,15 FT,0.0,0.0
Bengaluru Dist,Suryanagar PS,1.04422e+16,2016,1,1,Road Accidents,Other,Rural Areas,Open area,Not Applicable,Not Applicable,Damage Only,Hit fixed object,Controlled,Others,State Highway,Bitumen(Tar),Dry,Not Applicable,Fine,CHANDAPUR TO ANEKAL ROAD,CHANDAPUR SAA MIL,15 FT,0.0,0.0
Bengaluru Dist,Suryanagar PS,1.04422e+16,2016,1,1,Road Accidents,Curves,Rural Areas,Residential area,Not Applicable,No,Fatal,Overturning,Controlled,Curve,Village Road,Bitumen(Tar),Dry,Not Applicable,Fine,HALLECHANDPURA TO ALLIBOMASANDRA  ROAD,CHINAPPA LAND NEAR TREE,3 FT,0.0,0.0
Bengaluru Dist,Suryanagar PS,1.04422e+16,2016,1,2,Road Accidents,Other,Rural Areas,Open area,Not Applicable,Yes,Damage Only,Others,Controlled,Others,State Highway,Bitumen(Tar),Dry,Not Applicable,Fine,CHANDAPUR TO ANEKAL ROAD,CHANDAPUR CERCLE,25,0.0,0.0
Bengaluru Dist,Suryanagar PS,1.04422e+16,2016,1,2,Road Accidents,Curves,Villages settlement,Open area,Human Error,Yes,Fatal,Hit and Run,Uncontrolled,Curve,Village Road,Bitumen(Tar),Dry,Not Applicable,Clear,ALLIBOMASANDRA TO ATTIBELE ROAD,NEAR STRIDES COMPANY,25 MTR,0.0,0.0
Bengaluru Dist,Suryanagar PS,1.04422e+16,2016,1,2,Road Accidents,Bridge,Rural Areas,Open area,Human Error,No,Damage Only,Others,Controlled,Others,NH,Bitumen(Tar),Dry,Not Applicable,Fine,BANGALORE TO HOSUR NH7 ROAD,CHANDAPURA PLAY OVER,100FT,0.0,0.0
Bengaluru Dist,Suryanagar PS,1.04422e+16,2016,1,2,Road Accidents,Curves,Rural Areas,Open area,Not Applicable,Yes,Grievous Injury,Head on,Controlled,Curve,State Highway,Bitumen(Tar),Dry,Not Applicable,Fine,CHANDAPUR TO MUTTANALLUR CROSS ROAD,HEELALIGE CROSS,25,0.0,0.0
Bengaluru Dist,Suryanagar PS,1.04422e+16,2016,1,2,Road Accidents,Other,Rural Areas,Open area,Not Applicable,Yes,Grievous Injury,Others,Controlled,Others,Others,Bitumen(Tar),Dry,Not Applicable,Fine,CHANDAPURA TO MUTHANALLLUR ROAD,CHANDAPUR LAKE,25,0.0,0.0
Bengaluru Dist,Suryanagar PS,1.04422e+16,2016,1,1,Road Accidents,Other,Rural Areas,Open area,Not Applicable,Yes,Damage Only,Others,Controlled,Others,NH,Bitumen(Tar),Dry,Not Applicable,Fine,NEAR CHANDAPUR RAILWAY BRIDG,CHANDAPUR RAILWAY BRIDG,15 FT,0.0,0.0
Bengaluru Dist,Suryanagar PS,1.04422e+16,2016,1,1,Road Accidents,Other,City/Town,Open area,Not Applicable,No,Simple Injury,Others,Controlled,Not Applicable,NH,Bitumen(Tar),Dry,Not Applicable,Fine,HOSUR TO BANGALORE N H - 7 ROAD,HENNAGARA GATE,3 FT,0.0,0.0
Bengaluru Dist,Suryanagar PS,1.04422e+16,2016,1,1,Road Accidents,Other,Rural Areas,Open area,Not Applicable,Yes,Grievous Injury,Hit and Run,Not Applicable,Curve,Others,Bitumen(Tar),Others,Not Applicable,Not Applicable,near casco company chandapura to muthanallur cross road,tar road,10 ft,0.0,0.0
Bengaluru Dist,Suryanagar PS,1.04422e+16,2016,1,2,Road Accidents,T Junction,Rural Areas,Open area,Not Applicable,No,Grievous Injury,Others,Controlled,Curve,State Highway,Bitumen(Tar),Dry,Not Applicable,Fine,ANEKAL TO CHANDAPURA ROAD,PETROL BUNK OPPSIT,3 FT,0.0,0.0
Bengaluru Dist,Suryanagar PS,1.04422e+16,2016,1,1,Road Accidents,Other,Rural Areas,Open area,Not Applicable,Yes,Simple Injury,Others,Controlled,Others,NH,Bitumen(Tar),Dry,Not Applicable,Fine,NH7 BANGALORU TO HOSUR ROAD,CHANDAPUR BRIDG,15 FT,0.0,0.0
Bengaluru Dist,Suryanagar PS,1.04422e+16,2016,1,2,Road Accidents,Narrow road,Rural Areas,Open area,Human Error,Yes,Fatal,Others,Controlled,Not Applicable,State Highway,Bitumen(Tar),Dry,Not Applicable,Fine,EGGALUR VILLAGE,EGGALUR VILLAGE NEAR MANJUNATHA BAR,100 FT,0.0,0.0
Bengaluru Dist,Suryanagar PS,1.04422e+16,2016,1,2,Road Accidents,Circle,City/Town,Open area,Not Applicable,No,Damage Only,Overturning,Controlled,Curve,NH,Bitumen(Tar),Dry,Not Applicable,Fine,CHANDAPURA TO ANEKAL ROAD,CRICLE,3 FT,0.0,0.0
Bengaluru Dist,Suryanagar PS,1.04422e+16,2016,1,2,Road Accidents,Other,Rural Areas,Open area,Not Applicable,No,Grievous Injury,Right Turn Collision,Controlled,Others,NH,Bitumen(Tar),Dry,Not Applicable,Fine,BANGALORE TO HOSUR ROAD,THIRMAGONDAHALLI CROSS,3 FT,0.0,0.0
Bengaluru Dist,Suryanagar PS,1.04422e+16,2016,1,1,Road Accidents,Other,Rural Areas,Near Bus stop,Not Applicable,No,Grievous Injury,Hit pedestrian,Controlled,Others,Service Road,Bitumen(Tar),Dry,Not Applicable,Fine,N H 7 SERVICE ROAD,CHANDAPUR BUS STOP,15 FT,0.0,0.0
Bengaluru Dist,Suryanagar PS,1.04422e+16,2016,1,2,Road Accidents,Narrow road,Rural Areas,Open area,Human Error,No,Simple Injury,Head on,Controlled,Not Applicable,Village Road,Bitumen(Tar),Dry,Not Applicable,Fine,DOMMASANDRA TO CHANDAPURA,NEAR RAMASAGARA,100 FT,0.0,0.0
Bengaluru Dist,Suryanagar PS,1.04422e+16,2016,1,2,Road Accidents,Other,Rural Areas,Near Petrol Pump,Not Applicable,No,Fatal,Others,Controlled,Others,NH,Bitumen(Tar),Dry,Not Applicable,Fine,HOSUR TO BANGLAORE ROAD N H 7,PETROL BUNK OPPSIT,10 FT,0.0,0.0
Bengaluru Dist,Suryanagar PS,1.04422e+16,2016,1,1,Road Accidents,Other,Rural Areas,Open area,Not Applicable,No,Grievous Injury,Hit pedestrian,Controlled,Others,State Highway,Bitumen(Tar),Dry,Not Applicable,Fine,"CHANDAPUR TO ANEKAL ROAD, NEAR IGGALURU VILLAGE",IGGALURU,15 FT,0.0,0.0
Bengaluru Dist,Suryanagar PS,1.04422e+16,2016,1,2,Road Accidents,Other,Rural Areas,Open area,Not Applicable,No,Simple Injury,Others,Controlled,Others,State Highway,Bitumen(Tar),Dry,Not Applicable,Fine,CHANDAPURA TO ANEKAL ROAD,MARSUR GATE,3 FT,0.0,0.0
Bengaluru Dist,Suryanagar PS,1.04422e+16,2016,1,2,Road Accidents,Other,City/Town,Open area,Not Applicable,No,Fatal,Others,Controlled,Others,State Highway,Bitumen(Tar),Dry,Not Applicable,Fine,ANEKAL TO CHANDAPURA ROAD,VISHNU HOTEL OPPSIT,15 FT,0.0,0.0
Bengaluru Dist,Suryanagar PS,1.04422e+16,2016,1,1,Road Accidents,Other,Rural Areas,Open area,Not Applicable,Not Applicable,Damage Only,Others,Controlled,Others,Others,Bitumen(Tar),Dry,Not Applicable,Fine,"CHANDAPUR TO ANEKAL ROAD, NEAR RAMAKRISHANAPURA GATE",RAMAKRISHNAPURA LAKE,25,0.0,0.0
Bengaluru Dist,Suryanagar PS,1.04422e+16,2016,1,2,Road Accidents,Cross roads,City/Town,Open area,Not Applicable,No,Simple Injury,Others,Controlled,Others,State Highway,Bitumen(Tar),Dry,Not Applicable,Fine,CHANDAPURA TO DOMASANDRA ROAD,HILLAGE RAILWAY BRIDGE NEAR,3 FT,0.0,0.0
Bengaluru Dist,Suryanagar PS,1.04422e+16,2016,1,2,Road Accidents,Other,Rural Areas,Open area,Human Error,No,Simple Injury,Head on,Controlled,Others,State Highway,Bitumen(Tar),Dry,Not Applicable,Fine,CHANDAPURA TO DOMMASANDRA ROAD,NEAR RAMASAGARA,100 FT,0.0,0.0
Bengaluru Dist,Suryanagar PS,1.04422e+16,2016,1,1,Road Accidents,Other,Rural Areas,Open area,Not Applicable,Not Applicable,Damage Only,Others,Controlled,Others,NH,Bitumen(Tar),Dry,Not Applicable,Fine,NH7 BANGALORU TO HOSUR,TIRUMAGONDAHALLI CROSS,25,0.0,0.0
Bengaluru Dist,Suryanagar PS,1.04422e+16,2016,1,1,Road Accidents,Other,City/Town,Open area,Not Applicable,No,Damage Only,Others,Controlled,Not Applicable,NH,Bitumen(Tar),Dry,Not Applicable,Fine,BANGALORE TO HOSUR ROAD,RAILWAY BRIDGE,3 FT,0.0,0.0
Bengaluru Dist,Suryanagar PS,1.04422e+16,2016,1,1,Road Accidents,Narrow road,Rural Areas,Open area,Human Error,Yes,Fatal,Hit and Run,Controlled,Others,NH,Bitumen(Tar),Dry,Not Applicable,Fine,BANGALORE TO HOSUR,HENNAGARA GATE,100 FT,0.0,0.0
Bengaluru Dist,Suryanagar PS,1.04422e+16,2016,1,3,Road Accidents,Other,City/Town,Open area,Not Applicable,No,Damage Only,Others,Controlled,Others,NH,Bitumen(Tar),Dry,Not Applicable,Fine,"HOSUR TO BANGALORE, CHANDAPURA RAIL WAY BRIDGE",RAILWAY BRIDGE,3 FT,0.0,0.0
Bengaluru Dist,Suryanagar PS,1.04422e+16,2016,1,2,Road Accidents,Bridge,City/Town,Open area,Not Applicable,No,Simple Injury,Others,Controlled,Others,NH,Bitumen(Tar),Dry,Not Applicable,Fine,"NH 7 ROAD, CHANDAPUR TO HOSUR ROAD",CHANDAPUR BRIDG,3 FT,0.0,0.0
Bengaluru Dist,Suryanagar PS,1.04422e+16,2016,1,2,Road Accidents,Other,Rural Areas,Open area,Not Applicable,No,Fatal,Others,Controlled,Others,NH,Bitumen(Tar),Dry,Not Applicable,Fine,"NH7 HOSUR TO BANGALORU, OPPOSIT RK DABA",NEAR RK DABA,15 FT,0.0,0.0
Bengaluru Dist,Suryanagar PS,1.04422e+16,2016,1,1,Road Accidents,Bridge,Not Applicable,Open area,Human Error,No,Fatal,Others,Controlled,Others,State Highway,Bitumen(Tar),Dry,Not Applicable,Fine,CHANDAPURA TO ANEKAL ROAD,MARSUR GATE,100 FT,0.0,0.0
Bengaluru Dist,Suryanagar PS,1.04422e+16,2016,1,2,Road Accidents,Bridge,City/Town,Open area,Not Applicable,No,Damage Only,Others,Controlled,Others,NH,Bitumen(Tar),Dry,Not Applicable,Fine,"NH 7 ROAD, CHANDAPUR PLAY OVER",CHANDAPUR BRIDG,3 FT,0.0,0.0
Bengaluru Dist,Suryanagar PS,1.04422e+16,2016,1,1,Road Accidents,Circle,City/Town,Open area,Not Applicable,No,Grievous Injury,Hit pedestrian,No signal lights,Incline,Two way,Bitumen(Tar),Dry,Not Applicable,Fine,BOMASANDRA  TO JIGANI ROAD,RUPEESH HOTEL OPPSIT,3 FT,0.0,0.0
Bengaluru Dist,Suryanagar PS,1.04422e+16,2017,1,2,Road Accidents,Other,Rural Areas,Open area,Human Error,No,Fatal,Overturning,Controlled,Not Applicable,State Highway,Bitumen(Tar),Dry,Not Applicable,Fine,CHADAPUR TO ANEKAL ROAD,MARASUR,100FT,0.0,0.0
Bengaluru Dist,Suryanagar PS,1.04422e+16,2017,1,1,Road Accidents,Other,Rural Areas,Open area,Human Error,Yes,Fatal,Hit and Run,Signal lights Blinking,Others,Others,Concrete,Dry,Not Applicable,Cloudy,"Roopesh Hotel-Yarandahalli Road,",Yarandahalli cocrete Road,2 KM,0.0,0.0
Bengaluru Dist,Suryanagar PS,1.04422e+16,2017,1,1,Road Accidents,Other,Rural Areas,Open area,Human Error,Yes,Simple Injury,Hit and Run,Controlled,Others,State Highway,Bitumen(Tar),Dry,Not Applicable,Fine,ANEKAL CHANDAPUR ROAD,CHANDAPUR,100MT,0.0,0.0
Bengaluru Dist,Suryanagar PS,1.04422e+16,2017,1,1,Road Accidents,Circle,Rural Areas,Open area,Not Applicable,Yes,Fatal,Hit pedestrian,Controlled,Others,Others,Bitumen(Tar),Dry,Not Applicable,Clear,CHANDAPURA CIRCLE,CHANDAPURA CIRCLE,1 KM,0.0,0.0
Bengaluru Dist,Suryanagar PS,1.04422e+16,2017,1,2,Road Accidents,Bridge,City/Town,Narrow bridge or culverts,Human Error,No,Damage Only,Others,Controlled,Others,NH,Bitumen(Tar),Dry,Not Applicable,Fine,BANGALORE TO MADURAI NH-7 ROAD,NEAR HALE CHANDAPURA RAILWY BRIADGE,100 FT,0.0,0.0
Bengaluru Dist,Suryanagar PS,1.04422e+16,2017,1,2,Not Applicable,Other,Rural Areas,Near or inside a village,Not Applicable,Yes,Fatal,Others,Uncontrolled,Straight and flat,NH,Surfaced,Others,Not Applicable,Others,THIRUMANGODI GATE NEAR,NH7 ROAD,5KM,0.0,0.0
Bengaluru Dist,Suryanagar PS,1.04422e+16,2017,1,1,Road Accidents,Other,Rural Areas,Open area,Human Error,No,Simple Injury,Hit pedestrian,Controlled,Not Applicable,NH,Bitumen(Tar),Dry,Not Applicable,Fine,BANGALORE TO HOSUR NH7 ROAD,NEAR HALECHANDAPUR GATE,100FT,0.0,0.0
Bengaluru Dist,Suryanagar PS,1.04422e+16,2017,1,2,Road Accidents,Bridge,Rural Areas,Open area,Human Error,No,Damage Only,Others,Controlled,Others,NH,Bitumen(Tar),Dry,Not Applicable,Fine,NH7 BANGALORU TO HOSUR ROAD,CHANDAPUR RAILWAY BRIDG,100 FT,0.0,0.0
Bengaluru Dist,Suryanagar PS,1.04422e+16,2017,1,1,Road Accidents,Other,City/Town,Near Bus stop,Not Applicable,Yes,Simple Injury,Hit pedestrian,Controlled,Not Applicable,NH,Bitumen(Tar),Dry,Not Applicable,Fine,BENGALURU TO HOSUR ROAD,HENNAGARA BUS STOP,100 FT,0.0,0.0
Bengaluru Dist,Suryanagar PS,1.04422e+16,2017,1,2,Road Accidents,Other,City/Town,Open area,Human Error,No,Fatal,Others,Controlled,Others,NH,Bitumen(Tar),Dry,Not Applicable,Fine,HOSUR TO BANGALORE N H - 7 ROAD,R K DHABA OPPSIT,100 MT,0.0,0.0
Bengaluru Dist,Suryanagar PS,1.04422e+16,2017,1,1,Road Accidents,Other,Rural Areas,Near School or College,Human Error,No,Simple Injury,Hit pedestrian,Controlled,Not Applicable,State Highway,Bitumen(Tar),Dry,Not Applicable,Fine,CHANDAPUR TO ANEKAL ROAD,NEAR VIVEKANDA SCHOOL CHANDAPUR,100FT,0.0,0.0
Bengaluru Dist,Suryanagar PS,1.04422e+16,2017,1,1,Road Accidents,Other,City/Town,Near Bus stop,Human Error,Yes,Fatal,Hit pedestrian,Controlled,Others,NH,Bitumen(Tar),Dry,Not Applicable,Fine,BANGALORE TO HOSUR NH7 ROAD,HENNAGARA GATE,100FT,0.0,0.0
Bengaluru Dist,Suryanagar PS,1.04422e+16,2017,1,1,Road Accidents,Curves,Rural Areas,Near Bus stop,Human Error,No,Fatal,Hit pedestrian,Controlled,Curve,NH,Bitumen(Tar),Dry,Not Applicable,Clear,BANGALORE TO HOSUR NH7 MAIN ROAD,NEAR HALECHANDAPUR BUS STOP,100FT,0.0,0.0
Bengaluru Dist,Suryanagar PS,1.04422e+16,2017,1,2,Road Accidents,Bridge,City/Town,Open area,Human Error,No,Simple Injury,Others,Controlled,Others,NH,Bitumen(Tar),Dry,Not Applicable,Fine,NH-7 BENGALORU TO HOSUR ROAD,CHANDAPURA,100FT,0.0,0.0
Bengaluru Dist,Suryanagar PS,1.04422e+16,2017,1,2,Road Accidents,Narrow road,City/Town,Near a religious place,Not Applicable,Yes,Fatal,Others,Uncontrolled,Straight and flat,NH,Surfaced,Others,Not Applicable,Others,"BANGALORE TO HOSUR NH-7 ROAD, CHANDAPURA,",NH7 ROAD,5KM,0.0,0.0
Bengaluru Dist,Suryanagar PS,1.04422e+16,2017,1,2,Road Accidents,Other,Rural Areas,Near Petrol Pump,Not Applicable,No,Simple Injury,Others,Controlled,Others,Service Road,Bitumen(Tar),Dry,Not Applicable,Fine,TIRUMAGONDANAHALLI SERVICE ROAD,TIRUMAGONDANAHALLI,100 FT,0.0,0.0
Bengaluru Dist,Suryanagar PS,1.04422e+16,2017,1,2,Road Accidents,Circle,City/Town,Near Bus stop,Human Error,No,Grievous Injury,Others,Controlled,Curve and Incline,NH,Bitumen(Tar),Dry,Not Applicable,Clear,"NH-7 BENGALORU TO HOSUR ROAD, NEAR FLY OVER",Near Chandapura Fly Over,1 KM,0.0,0.0
Bengaluru Dist,Suryanagar PS,1.04422e+16,2017,1,2,Road Accidents,Bridge,City/Town,Open area,Human Error,Yes,Grievous Injury,Others,Controlled,Not Applicable,NH,Bitumen(Tar),Dry,Not Applicable,Fine,HOSUR TO BANGALORE,CHANDPURA FALY OVER,500 MT,0.0,0.0
Bengaluru Dist,Suryanagar PS,1.04422e+16,2017,1,2,Road Accidents,Other,Rural Areas,Open area,Human Error,Yes,Simple Injury,Hit and Run,Controlled,Not Applicable,Service Road,Bitumen(Tar),Dry,Not Applicable,Fine,ANEKAL TO HANNAGAR  ROAD,NEAR BARGAVI BAR,100FT,0.0,0.0
Bengaluru Dist,Suryanagar PS,1.04422e+16,2017,1,1,Road Accidents,Other,City/Town,Open area,Human Error,No,Simple Injury,Hit pedestrian,Controlled,Others,NH,Bitumen(Tar),Dry,Not Applicable,Fine,BANGALORE TO HOSUR NH7 ROAD,HENNAGARA GATE,100FT,0.0,0.0
Bengaluru Dist,Suryanagar PS,1.04422e+16,2017,1,2,Road Accidents,Bridge,Not Applicable,Open area,Human Error,No,Damage Only,Others,Controlled,Others,NH,Bitumen(Tar),Dry,Not Applicable,Fine,BANGALORE TO HOSUR ROAD. NH7 ROAD,CHANDAPUR RAILWAY BRIDG,1 KM,0.0,0.0
Bengaluru Dist,Suryanagar PS,1.04422e+16,2017,1,2,Road Accidents,Bridge,Rural Areas,Open area,Not Applicable,No,Damage Only,Others,Controlled,Others,NH,Bitumen(Tar),Dry,Not Applicable,Fine,BANGALORE TO HOSUR ROAD. NH7 ROAD,HALE CHANDAPUR,2,0.0,0.0
Bengaluru Dist,Suryanagar PS,1.04422e+16,2017,1,1,Road Accidents,Cross roads,City/Town,Open area,Human Error,Yes,Simple Injury,Hit and Run,Controlled,Curve,NH,Bitumen(Tar),Others,Not Applicable,Clear,CHANDAPUR TO BENGALORE SERVISE ROAD,NEAR BUS STOP,10 FT,0.0,0.0
Bengaluru Dist,Suryanagar PS,1.04422e+16,2017,1,3,Road Accidents,Junction,Rural Areas,Near Bus stop,Human Error,No,Simple Injury,Others,Controlled,Others,NH,Bitumen(Tar),Dry,Not Applicable,Fine,HOSURU TO BANGALORU NH-7 ROAD,NEAR TIRUMAGONDANAHALLI BUS STOP,100MT,0.0,0.0
Bengaluru Dist,Suryanagar PS,1.04422e+16,2017,1,2,Road Accidents,Other,City/Town,Open area,Human Error,No,Fatal,Others,Controlled,Others,NH,Bitumen(Tar),Dry,Not Applicable,Fine,BANGALORE TO HOSUR,THIRUMAGONDHALLI CROSS,200 MT,0.0,0.0
Bengaluru Dist,Suryanagar PS,1.04422e+16,2017,1,2,Road Accidents,Other,Rural Areas,Open area,Not Applicable,No,Grievous Injury,Others,Controlled,Others,Village Road,Bitumen(Tar),Dry,Not Applicable,Fine,DOMMASANDRA TO CHANDAPURA,NARAYANAGHATTA,3 KM,0.0,0.0
Bengaluru Dist,Suryanagar PS,1.04422e+16,2017,1,2,Road Accidents,Other,Rural Areas,Open area,Human Error,No,Grievous Injury,Others,Controlled,Others,Service Road,Bitumen(Tar),Dry,Not Applicable,Fine,CHANDAPUR KARURU VYSHE BANK ATM SERVICE ROAD,NEAR KARURU VYSHE BANK ATM,10FT,0.0,0.0
Bengaluru Dist,Suryanagar PS,1.04422e+16,2017,1,1,Road Accidents,Other,City/Town,Open area,Human Error,Yes,Fatal,Hit pedestrian,Controlled,Others,NH,Bitumen(Tar),Dry,Not Applicable,Fine,CHANDAPURA,CHANDAPURA,100 FT,0.0,0.0
Bengaluru Dist,Suryanagar PS,1.04422e+16,2017,1,2,Road Accidents,Bridge,Rural Areas,Open area,Human Error,No,Grievous Injury,Head on,Controlled,Others,NH,Bitumen(Tar),Dry,Not Applicable,Fine,BANGALORE TO HOSURA,NEAR CHENDAPURA RAILWAY BRIDGE,100 MT,0.0,0.0
Bengaluru Dist,Suryanagar PS,1.04422e+16,2017,1,1,Road Accidents,Junction,Rural Areas,Near Bus stop,Human Error,No,Simple Injury,Head on,Controlled,Not Applicable,NH,Bitumen(Tar),Dry,Not Applicable,Fine,HOSUR TO BANGALORE,HALE CHANDAPUR,100 FT,0.0,0.0
Bengaluru Dist,Suryanagar PS,1.04422e+16,2017,1,2,Road Accidents,Other,Rural Areas,Open area,Human Error,Yes,Simple Injury,Others,Not Applicable,Others,State Highway,Bitumen(Tar),Dry,Not Applicable,Clear,DOMMASANDRA TO CHANDAPURA ROAD,HELLAGE RAILWAY BRIDGE  NEAR,10 FT,0.0,0.0
Bengaluru Dist,Suryanagar PS,1.04422e+16,2017,1,2,Road Accidents,Other,City/Town,Open area,Human Error,No,Damage Only,Others,Controlled,Others,NH,Bitumen(Tar),Dry,Not Applicable,Fine,HUSURU BANGALORU NH-7 ROAD,NEAR CHANDAPUR CIRCLE,100MT,0.0,0.0
Bengaluru Dist,Suryanagar PS,1.04422e+16,2017,1,2,Road Accidents,Other,Rural Areas,Near School or College,Human Error,No,Simple Injury,Others,Controlled,Others,State Highway,Bitumen(Tar),Dry,Not Applicable,Fine,"CHANDAPUR-ANEKAL MAIN ROAD ,CHANDAPUR",SWAMIVEVIKANAND SCHOOL,100MT,0.0,0.0
Bengaluru Dist,Suryanagar PS,1.04422e+16,2017,1,1,Road Accidents,Other,City/Town,Open area,Not Applicable,No,Simple Injury,Hit fixed object,Controlled,Others,NH,Bitumen(Tar),Dry,Not Applicable,Clear,NH 7. HOSURU TO BENGALURU.,NEAR JADE EMPIRE HOTEL,50 FT,0.0,0.0
Bengaluru Dist,Suryanagar PS,1.04422e+16,2017,1,2,Not Applicable,Not Applicable,Rural Areas,Open area,Not Applicable,No,Grievous Injury,Others,Uncontrolled,Not Applicable,Village Road,Bitumen(Tar),Dry,Not Applicable,Fine,RAMASAGARA NEAR BUS STOP,RAMASAGARA ROAD,4KM,0.0,0.0
Bengaluru Dist,Suryanagar PS,1.04422e+16,2017,1,2,Road Accidents,Other,City/Town,Near Bus stop,Human Error,No,Simple Injury,Others,Controlled,Others,NH,Bitumen(Tar),Dry,Not Applicable,Fine,NH 7 SERVICE ROAD,HENAGARA GATE,200 MT,0.0,0.0
Bengaluru Dist,Suryanagar PS,1.04422e+16,2017,1,1,Road Accidents,Other,Rural Areas,Open area,Human Error,No,Simple Injury,Hit pedestrian,Controlled,Others,Others,Bitumen(Tar),Dry,Not Applicable,Cloudy,ANEKAL TO CHANDAPUR ROAD,ANEKAL TO CHANDAPUR ROAD,100 FT,0.0,0.0
Bengaluru Dist,Suryanagar PS,1.04422e+16,2017,1,2,Road Accidents,Other,Rural Areas,Open area,Human Error,No,Simple Injury,Others,Controlled,Others,NH,Bitumen(Tar),Dry,Not Applicable,Fine,BANGALORE TO HOSUR ROAD,HALLECHANDAPURA  U TURN,100 FT,0.0,0.0
Bengaluru Dist,Suryanagar PS,1.04422e+16,2017,1,1,Road Accidents,Bridge,City/Town,Open area,Human Error,No,Fatal,Hit fixed object,Controlled,Others,NH,Bitumen(Tar),Dry,Not Applicable,Fine,BANGALORE TO HOSUR NH7 ROAD,BRIDG,100FT,0.0,0.0