DISTRICTNAME,UNITNAME,Crime_No,Year,RI,Noofvehicle_involved,Accident_Classification,Accident_Spot,Accident_Location,Accident_SubLocation,Main_Cause,Hit_Run,Severity,Collision_Type,Junction_Control,Road_Character,Road_Type,Surface_Type,Surface_Condition,Road_Condition,Weather,Accident_Road,Landmark_first,Distance_LandMark_First,Latitude,Longitude
Bengaluru Dist,Suryanagar PS,1.04422e+16,2017,1,1,Road Accidents,Other,Rural Areas,Open area,Human Error,No,Fatal,Others,Controlled,Curve,State Highway,Bitumen(Tar),Dry,Not Applicable,Fine,CHANDAPURA TO DOMMASANDRA ROAD,NEAR MUTHANALLUR CROSS VAKIL LAY OUT OPPSIT,100 MT,0.0,0.0
Bengaluru Dist,Suryanagar PS,1.04422e+16,2017,1,2,Not Applicable,Other,Rural Areas,Open area,Human Error,No,Simple Injury,Others,Controlled,Curve,State Highway,Bitumen(Tar),Dry,Not Applicable,Fine,MUTHANALLUR CROSS TO CHANDAPURA ROAD,CHOWDESHWARI NARSARI,100 FT,0.0,0.0
Bengaluru Dist,Suryanagar PS,1.04422e+16,2017,1,2,Road Accidents,Other,Rural Areas,Open area,Human Error,No,Grievous Injury,Others,Controlled,Others,NH,Bitumen(Tar),Dry,Not Applicable,Clear,BANGALORE TO HOSUR ROAD,CHANDAPURA PLYOVER,ON THE,0.0,0.0
Bengaluru Dist,Suryanagar PS,1.04422e+16,2017,1,4,Road Accidents,Cross roads,Rural Areas,Near Bus stop,Human Error,No,Grievous Injury,Others,Controlled,Others,NH,Bitumen(Tar),Dry,Not Applicable,Fine,BANGALORE TO HOSUR NH-7 ROAD,NEAR KITTAGANAHALLI GETE,100 FT,0.0,0.0
Bengaluru Dist,Suryanagar PS,1.04422e+16,2017,1,4,Road Accidents,Bridge,Rural Areas,Open area,Human Error,No,Damage Only,Others,Controlled,Not Applicable,NH,Bitumen(Tar),Dry,Not Applicable,Fine,"NH-7 ROAD  NERA,HALE CHANDAPUR RAILWAY BRIDGE",NEAR RAILWAY BRIDGE HALE CHANDAPUR,100 FT,0.0,0.0
Bengaluru Dist,Suryanagar PS,1.04422e+16,2017,1,2,Rail Road Accidents,Junction,Rural Areas,Near Bus stop,Human Error,No,Grievous Injury,Others,Controlled,Curve,NH,Bitumen(Tar),Dry,Not Applicable,Flooding of Slipways/Rivulets,HOSURU TO BANGALORE NH-7 ROAD,NEAR HALE CHANDAPUR BUS STOP,100 FT,0.0,0.0
Bengaluru Dist,Suryanagar PS,1.04422e+16,2017,1,2,Road Accidents,Other,Rural Areas,Open area,Human Error,No,Simple Injury,Others,Controlled,Others,State Highway,Bitumen(Tar),Dry,Not Applicable,Fine,CHANDAPUR TO ANEKAL ROAD,RAMAKRISHNAPURA GATA,100 FT,0.0,0.0
Bengaluru Dist,Suryanagar PS,1.04422e+16,2017,1,2,Road Accidents,Other,City/Town,Open area,Human Error,Yes,Simple Injury,Others,Controlled,Curve,NH,Bitumen(Tar),Dry,Not Applicable,Fine,HOSUR TO BANGLAORE ROAD N H 7,HALLECHANDAPURA  U TURN,100 MT,0.0,0.0
Bengaluru Dist,Suryanagar PS,1.04422e+16,2017,1,2,Road Accidents,Other,Rural Areas,Open area,Human Error,Yes,Fatal,Others,Controlled,Curve,State Highway,Bitumen(Tar),Dry,Not Applicable,Fine,MUTHANALLUR TO CHANDAPURA ROAD,NARAYANAGATTA CHANDRAREDDY LAND NEAR,100 FT,0.0,0.0
Bengaluru Dist,Suryanagar PS,1.04422e+16,2017,1,2,Road Accidents,Other,City/Town,Open area,Human Error,Yes,Fatal,Others,Controlled,Others,NH,Bitumen(Tar),Dry,Not Applicable,Fine,BANGALORE TO HOSUR ROAD,CHANDAPURA RAILWAY BRIDGE UNDER,10 FT,0.0,0.0
Bengaluru Dist,Suryanagar PS,1.04422e+16,2017,1,3,Road Accidents,Narrow road,Rural Areas,Near Bus stop,Human Error,No,Damage Only,Head on,Not Applicable,Straight and flat,Village Road,Kutcha,Dry,No influence on accident,Clear,TAR,ADITHYA SERVICE STATION,2 KM,0.0,0.0
Bengaluru Dist,Suryanagar PS,1.04422e+16,2017,1,2,Road Accidents,Other,Rural Areas,Residential area,Human Error,No,Damage Only,Others,Not Applicable,Others,State Highway,Bitumen(Tar),Dry,Not Applicable,Clear,ANEKAL TO CHANDAPURA ROAD,EGGULUR GATE,10 FT,0.0,0.0
Bengaluru Dist,Suryanagar PS,1.04422e+16,2017,1,2,Road Accidents,Other,Rural Areas,Open area,Not Applicable,No,Fatal,Head on,Uncontrolled,Others,NH,Bitumen(Tar),Dry,Not Applicable,Fine,BENGALORETO HOSUR NH-7 HALE CHANDAPURA,HALE CHANDAPURA,3 KM,0.0,0.0
Bengaluru Dist,Suryanagar PS,1.04422e+16,2017,1,2,Road Accidents,Curves,Rural Areas,Open area,Human Error,No,Damage Only,Others,Controlled,Curve,State Highway,Bitumen(Tar),Dry,Not Applicable,Fine,JIGANI TO BOMMASANDRA ROAD,YARANDAHALLI,100 FT,0.0,0.0
Bengaluru Dist,Suryanagar PS,1.04422e+16,2017,1,1,Road Accidents,Other,Rural Areas,Open area,Human Error,No,Fatal,Rear end,Uncontrolled,Others,Village Road,Kutcha,Others,Pot holed,Clear,NAGANAYAKANHALLI ROAD,NEAR SOMESHEKAR LAND,200 MT,0.0,0.0
Bengaluru Dist,Suryanagar PS,1.04422e+16,2017,1,2,Road Accidents,Other,Rural Areas,Open area,Human Error,No,Fatal,Others,Controlled,Others,NH,Bitumen(Tar),Dry,Not Applicable,Clear,"NH-7 ROAD, THIRUMAGONDAHALLI GATE",THIRUMAGONDHALLI GATE,20 FT,0.0,0.0
Bengaluru Dist,Suryanagar PS,1.04422e+16,2017,1,1,Road Accidents,Bridge,Rural Areas,Open area,Human Error,No,Fatal,Others,Controlled,Others,NH,Bitumen(Tar),Dry,Not Applicable,Fine,"HOSURU TO BANGALORU NH-7 ROAD,HALE CHANDAPURA RAILWAY BRIDGE NEAR",HALE CHANDAPYR NEAR RAILWAY BRIDGE,100MT,0.0,0.0
Bengaluru Dist,Suryanagar PS,1.04422e+16,2017,1,2,Road Accidents,Other,Rural Areas,Open area,Human Error,No,Damage Only,Others,Controlled,Others,NH,Bitumen(Tar),Others,Not Applicable,Fine,HOSURU TO BANGALORU NH-7 ROAD,HALE CHANDAPUR GATE,100 FT,0.0,0.0
Bengaluru Dist,Suryanagar PS,1.04422e+16,2017,1,1,Road Accidents,Other,City/Town,Open area,Human Error,No,Fatal,Others,Controlled,Others,NH,Bitumen(Tar),Dry,Not Applicable,Fine,HOSUR TO BANGALORE,THIRUMAGONDHALLI GATE,100 MT,0.0,0.0
Bengaluru Dist,Suryanagar PS,1.04422e+16,2017,1,1,Road Accidents,Other,Not Applicable,Near Bus stop,Not Applicable,Yes,Grievous Injury,Hit and Run,Uncontrolled,Straight and flat,Village Road,Surfaced,Others,Not Applicable,Others,GOPASANDRA,NH7 ROAD,6KM,0.0,0.0
Bengaluru Dist,Suryanagar PS,1.04422e+16,2017,1,2,Road Accidents,Other,Rural Areas,Near School or College,Human Error,No,Fatal,Others,Controlled,Others,NH,Bitumen(Tar),Dry,Not Applicable,Fine,CHANDAPURA ROAD,CHANDAPURA,100 FT,0.0,0.0
Bengaluru Dist,Suryanagar PS,1.04422e+16,2017,1,1,Road Accidents,Curves,Rural Areas,Open area,Human Error,No,Damage Only,Side swipe,Controlled,Curve,Village Road,Bitumen(Tar),Dry,Not Applicable,Clear,BANDAPURA ROAD,NARAYANAREDDY LAND NEAR,100 FT,0.0,0.0
Bengaluru Dist,Suryanagar PS,1.04422e+16,2017,1,2,Road Accidents,Round about or Circle,City/Town,Open area,Human Error,Yes,Simple Injury,Others,Controlled,Curve,NH,Bitumen(Tar),Dry,Not Applicable,Fine,BANGALORE TO HOSUR ROAD,OPPSIT  R K DHABA U TURN,200 MT,0.0,0.0
Bengaluru Dist,Suryanagar PS,1.04422e+16,2017,1,2,Road Accidents,Other,Rural Areas,Near office complex,Human Error,Yes,Grievous Injury,Others,Controlled,Others,State Highway,Bitumen(Tar),Dry,Not Applicable,Clear,HENNAGARA GATE,HENNAGARA GATE,100FT,0.0,0.0
Bengaluru Dist,Suryanagar PS,1.04422e+16,2017,1,1,Road Accidents,Junction,Rural Areas,Near Bus stop,Human Error,No,Simple Injury,Head on,Controlled,Others,NH,Bitumen(Tar),Dry,Not Applicable,Fine,ATTIBELE TO BANGALORU NH-7 ROAD,NEAR TIRUMAGONDANAHALLI BUS STOP,100 FT,0.0,0.0
Bengaluru Dist,Suryanagar PS,1.04422e+16,2017,1,2,Road Accidents,Curves,Rural Areas,Open area,Human Error,No,Damage Only,Not Applicable,Controlled,Curve,Village Road,Bitumen(Tar),Dry,Not Applicable,Fine,"HILALIGE-RAMASAGARA ROAD,NEAR RAMASAGARA TURNING",RAMASAGARA TURNING,3KM,0.0,0.0
Bengaluru Dist,Suryanagar PS,1.04422e+16,2017,1,1,Road Accidents,Junction,Rural Areas,Near Bus stop,Human Error,No,Simple Injury,Head on,Controlled,Not Applicable,NH,Bitumen(Tar),Dry,Not Applicable,Fine,BANGALORE TO HOSURA,NEAR TIRUMAGONDANAHALLI BUS STOP,100 FT,0.0,0.0
Bengaluru Dist,Suryanagar PS,1.04422e+16,2017,1,2,Road Accidents,Other,Rural Areas,Open area,Human Error,No,Simple Injury,Others,Controlled,Others,Village Road,Bitumen(Tar),Dry,Not Applicable,Fine,CHANDAPUR TO RAMASAGARA ROAD,CHANDAPUR TO RAMASAGARA ROAD,2 KM,0.0,0.0
Bengaluru Dist,Suryanagar PS,1.04422e+16,2017,1,2,Road Accidents,Other,Rural Areas,Open area,Not Applicable,Yes,Grievous Injury,Hit and Run,Controlled,Not Applicable,Village Road,Bitumen(Tar),Dry,Not Applicable,Fine,BANDAPURA ROAD,BANDAPUR,50FT,0.0,0.0
Bengaluru Dist,Suryanagar PS,1.04422e+16,2017,1,1,Road Accidents,Bridge,City/Town,Open area,Human Error,Yes,Fatal,Others,Controlled,Others,NH,Bitumen(Tar),Dry,Not Applicable,Fine,BANGALORE TO HOSUR ROAD,CHANDAPUR BRIDG,25FT,0.0,0.0
Bengaluru Dist,Suryanagar PS,1.04422e+16,2017,1,1,Road Accidents,Other,Rural Areas,Near School or College,Human Error,Yes,Grievous Injury,Hit fixed object,Controlled,Others,State Highway,Bitumen(Tar),Dry,Not Applicable,Fine,ANEKAL TO CHANDAPURA ROAD,MARASURU,55FT,0.0,0.0
Bengaluru Dist,Suryanagar PS,1.04422e+16,2017,1,2,Road Accidents,Circle,City/Town,Open area,Human Error,No,Damage Only,Others,Controlled,Others,NH,Bitumen(Tar),Dry,Not Applicable,Fine,BANGALORE TO HOSUR ROAD,CHANDAPUR CIRCLE,100 FT,0.0,0.0
Bengaluru Dist,Suryanagar PS,1.04422e+16,2017,1,1,Road Accidents,Other,Rural Areas,Near Bus stop,Not Applicable,Yes,Fatal,Hit pedestrian,Controlled,Others,NH,Bitumen(Tar),Dry,Not Applicable,Fine,NH-7 BENGALORU TO HOSUR ROAD,TIRUMAGONDANAHALLI,100FT,0.0,0.0
Bengaluru Dist,Suryanagar PS,1.04422e+16,2017,1,1,Road Accidents,Junction,City/Town,Near Petrol Pump,Human Error,Yes,Fatal,Others,Controlled,Others,State Highway,Bitumen(Tar),Dry,Not Applicable,Fine,"CHANDAPUR TO ANEKAL ROAD,",NEAR R K GREEN LAND HOTEL,500 MT,0.0,0.0
Bengaluru Dist,Suryanagar PS,1.04422e+16,2017,1,2,Road Accidents,Other,Rural Areas,Near Hospital,Human Error,No,Simple Injury,Others,Controlled,Others,NH,Bitumen(Tar),Dry,Not Applicable,Fine,BANGALORE TO HOSUR. NH 7 ROAD,NEAR  CHAKRA HOSPITAL,10 FT,0.0,0.0
Bengaluru Dist,Suryanagar PS,1.04422e+16,2017,1,2,Road Accidents,Narrow road,Rural Areas,Open area,Human Error,No,Damage Only,Others,Controlled,Curve,Others,Bitumen(Tar),Dry,Not Applicable,Fine,CHANDAPUR TO RAMASAGAR ROAD,MUNCIPOLTY OFFICE,100 FT,0.0,0.0
Bengaluru Dist,Suryanagar PS,1.04422e+16,2017,1,2,Road Accidents,Narrow road,Rural Areas,Open area,Human Error,No,Damage Only,Others,Controlled,Others,NH,Bitumen(Tar),Dry,Construction Work / Material,Clear,BANGALORE TO HOSUR NH7 ROAD,NEAR R K DABHA,100FT,0.0,0.0
Bengaluru Dist,Suryanagar PS,1.04422e+16,2017,1,2,Road Accidents,Other,Rural Areas,Open area,Human Error,No,Simple Injury,Others,Controlled,Others,Village Road,Bitumen(Tar),Dry,Not Applicable,Fine,CHANDAPURA TO MUTHANALLLUR CROSS ROAD,GOPASANDRA GATE,100 FT,0.0,0.0
Bengaluru Dist,Suryanagar PS,1.04422e+16,2017,1,2,Road Accidents,Other,City/Town,Open area,Human Error,No,Simple Injury,Head on,Controlled,Others,NH,Bitumen(Tar),Dry,Not Applicable,Fine,HOSURU BANGALORU NH-7ROAD,HOSUR BANGALORE ROAD,100MT,0.0,0.0
Bengaluru Dist,Suryanagar PS,1.04422e+16,2017,1,1,Road Accidents,Junction,Rural Areas,Near Bus stop,Human Error,No,Fatal,Hit pedestrian,Uncontrolled,Others,NH,Bitumen(Tar),Dry,Not Applicable,Clear,BANGALORE TO HOSUR NH-7 ROAD,NEAR HENNAGAR GATE,100 FT,0.0,0.0
Bengaluru Dist,Suryanagar PS,1.04422e+16,2018,1,1,Not Applicable,Bottleneck,City/Town,Affected by encroachments,Human Error,Yes,Fatal,Drowned,Controlled,Crest of hill,Arterial,Bitumen(Tar),Ditch or Potholed,Construction Work / Material,Clear,EGALUR VILLAGE GATE,EGALLUR VILLAGE GATE,0,0.0,0.0
Bengaluru Dist,Suryanagar PS,1.04422e+16,2018,1,2,Road Accidents,Other,City/Town,Near a religious place,Not Applicable,No,Grievous Injury,Others,Uncontrolled,Straight and flat,NH,Surfaced,Others,Not Applicable,Others,NEAR HALE CHANDAPURA SUN PALACE,HOSUR TO BANGALORE NH7,3KM,0.0,0.0
Bengaluru Dist,Suryanagar PS,1.04422e+16,2018,1,2,Not Applicable,Other,Rural Areas,Open area,Not Applicable,No,Grievous Injury,Not Applicable,Uncontrolled,Others,NH,Bitumen(Tar),Dry,Not Applicable,Fine,THIRUMAGONDANAHALLI NEAR MAINI MATERIALS NH 7 SERVICE ROAS,THIRUMAGONDANAHALLI,1KM,0.0,0.0
Bengaluru Dist,Suryanagar PS,1.04422e+16,2018,1,2,Not Applicable,Bottleneck,City/Town,Near Bus stop,Human Error,No,Fatal,Drowned,Controlled,Crest of hill,Arterial,Bitumen(Tar),Ditch or Potholed,Construction Work / Material,Clear,NEAR HALE CHANDAPURA BUS STOP,HALE CHANDAPURA,2 KM,0.0,0.0
Bengaluru Dist,Suryanagar PS,1.04422e+16,2018,1,1,Road Accidents,Other,Rural Areas,Open area,Human Error,No,Grievous Injury,Others,Controlled,Others,Others,Concrete,Dry,Not Applicable,Fine,MUTTANALLURU TO ATTIBELE ROAD,VINAYAKA TEMPLE,10 FT,0.0,0.0
Bengaluru Dist,Suryanagar PS,1.04422e+16,2018,1,2,Road Accidents,Other,Rural Areas,Residential area,Not Applicable,No,Fatal,Head on,Uncontrolled,Others,Village Road,Bitumen(Tar),Dry,Not Applicable,Fine,MUTTANALLURA TO CHANDAPURA ROAD,NEAR RAMASAGARA,4 KM,0.0,0.0
Bengaluru Dist,Suryanagar PS,1.04422e+16,2018,1,1,Road Accidents,Narrow road,Rural Areas,Open area,Human Error,Not Applicable,Fatal,Hit pedestrian,Not at  Junction,Not Applicable,One way,Bitumen(Tar),Dry,Not Applicable,Fine,BENGALURU TO HOSURU NH7 ROAD,NEAR YALLAMMANAGAR CHANDAPUR VILLAGE,100MT,0.0,0.0
Bengaluru Dist,Suryanagar PS,1.04422e+16,2018,1,1,Not Applicable,Not Applicable,Rural Areas,Open area,Not Applicable,Not Applicable,Grievous Injury,Others,Uncontrolled,Not Applicable,Not Applicable,Bitumen(Tar),Dry,Not Applicable,Fine,"NEAR MARASURU GATE,FRONT OF THE UDAYA MECHANICS KASABA HOBLI ANEKAL TQ",NEAR MARASURU GATE,3KM,0.0,0.0
Bengaluru Dist,Suryanagar PS,1.04422e+16,2018,1,1,Road Accidents,Other,City/Town,Near Bus stop,Not Applicable,No,Fatal,Others,Uncontrolled,Straight and flat,NH,Surfaced,Others,Not Applicable,Others,HENNAGARA BUS STOP,NH7 ROAD,3KM,0.0,0.0
Bengaluru Dist,Suryanagar PS,1.04422e+16,2018,1,2,Road Accidents,Other,City/Town,Near office complex,Not Applicable,Yes,Simple Injury,Others,Uncontrolled,Straight and flat,NH,Surfaced,Others,Not Applicable,Others,"INFORNT OF VIJAYA BANK, KITHIGANAHALLI GATE",NH7 ROAD,4KM,0.0,0.0
Bengaluru Dist,Suryanagar PS,1.04422e+16,2018,1,2,Road Accidents,Other,Villages settlement,Near Petrol Pump,Not Applicable,No,Grievous Injury,Others,Uncontrolled,Straight and flat,Village Road,Surfaced,Others,Not Applicable,Others,ALIBPMMASANDRA-NERALU ROAD,A V RAJANNA HOUSE,4KM,0.0,0.0
Bengaluru Dist,Suryanagar PS,1.04422e+16,2018,1,1,Road Accidents,Not Applicable,Rural Areas,Open area,Human Error,No,Grievous Injury,Hit pedestrian,Controlled,Others,Others,Bitumen(Tar),Others,Not Applicable,Fine,LAKSHMISAGAR TO CHANDAPUR VILLAGE ROAD,MUNESHWAR TEMPLE,100FT,0.0,0.0
Bengaluru Dist,Suryanagar PS,1.04422e+16,2018,1,2,Not Applicable,Other,Rural Areas,Open area,Not Applicable,No,Damage Only,Others,Uncontrolled,Not Applicable,NH,Bitumen(Tar),Dry,Not Applicable,Fine,HOSURU BENGALURU NH 7 ROAD NEAR KEERTNA HOTEL,NH ROAD,2KM,0.0,0.0
Bengaluru Dist,Suryanagar PS,1.04422e+16,2018,1,1,Road Accidents,Not Applicable,Rural Areas,Near Bus stop,Human Error,No,Grievous Injury,Hit pedestrian,Not Applicable,Others,Others,Bitumen(Tar),Others,Not Applicable,Others,INFRONT BMTC DEPO-32 CHANDAPUR ANEKAL ROAD,B M T C DEPO,2,0.0,0.0
Bengaluru Dist,Suryanagar PS,1.04422e+16,2018,1,1,Road Accidents,Curves,Rural Areas,Residential area,Human Error,Not Applicable,Fatal,Not Applicable,Not Applicable,Sharp Curve,Others,Bitumen(Tar),Dry,Not Applicable,Fine,CHANDAPURA TO ANEKAL ROAD,MARASURU GATE,100 MT,0.0,0.0
Bengaluru Dist,Suryanagar PS,1.04422e+16,2018,1,2,Road Accidents,Other,Rural Areas,Open area,Human Error,Yes,Grievous Injury,Others,Controlled,Others,Others,Bitumen(Tar),Dry,Not Applicable,Clear,DOMMASANDRA-CHANDAPUR ROAD,NEAR MUTTANALLURU CROSS,6KM,0.0,0.0
Bengaluru Dist,Suryanagar PS,1.04422e+16,2018,1,1,Road Accidents,Junction,Rural Areas,Near Bus stop,Human Error,Not Applicable,Fatal,Not Applicable,Controlled,Others,Others,Bitumen(Tar),Dry,Not Applicable,Fine,NEAR MARSURU GATE BUS STOP,MARASURU GATE,100MT,0.0,0.0
Bengaluru Dist,Suryanagar PS,1.04422e+16,2018,1,2,Road Accidents,Other,Rural Areas,Near or inside a village,Not Applicable,No,Grievous Injury,Others,Uncontrolled,Straight and flat,NH,Surfaced,Others,Not Applicable,Others,"DOMMASANDRA , RAMASAGARA ROAD",NH7 ROAD,4KM,0.0,0.0
Bengaluru Dist,Suryanagar PS,1.04422e+16,2018,1,2,Road Accidents,Curves,Rural Areas,Near School or College,Not Applicable,No,Grievous Injury,Head on,Uncontrolled,Others,Others,Bitumen(Tar),Dry,Not Applicable,Fine,BANDAPURA TO CHANDAPURA ROAD,GREEN DOT INTERNATIONAL SCHOOL BANDAPURA,3 KM,0.0,0.0
Bengaluru Dist,Suryanagar PS,1.04422e+16,2018,1,1,Road Accidents,Other,Rural Areas,Open area,Not Applicable,No,Grievous Injury,Hit pedestrian,Uncontrolled,Others,NH,Bitumen(Tar),Dry,Not Applicable,Fine,BANGLORE TO HOSUR NH 7,NEAR RK DABA,2 KM,0.0,0.0
Bengaluru Dist,Suryanagar PS,1.04422e+16,2018,1,2,Road Accidents,Other,Villages settlement,Open area,Not Applicable,No,Damage Only,Others,Uncontrolled,Others,NH,Bitumen(Tar),Dry,Not Applicable,Others,BANGALURU -HOSURU ROAD,HENNAGARA GATE,2 KM,0.0,0.0
Bengaluru Dist,Suryanagar PS,1.04422e+16,2018,1,2,Road Accidents,Other,Rural Areas,Open area,Not Applicable,No,Fatal,Others,Controlled,Others,State Highway,Bitumen(Tar),Dry,Not Applicable,Fine,CHANDAPURA TO ANEKAL ROAD,IGGALURU,1,0.0,0.0
Bengaluru Dist,Suryanagar PS,1.04422e+16,2018,1,2,Road Accidents,Other,Rural Areas,Open area,Human Error,No,Fatal,Others,Controlled,Others,NH,Bitumen(Tar),Dry,Not Applicable,Fine,HOSURU TO BENGALURU NH-7 ROAD,NEAR HENNAGAR GATE,100 MT,0.0,0.0
Bengaluru Dist,Suryanagar PS,1.04422e+16,2018,1,2,Not Applicable,Not Applicable,Rural Areas,Open area,Not Applicable,Yes,Grievous Injury,Others,Uncontrolled,Not Applicable,Others,Bitumen(Tar),Dry,Pot holed,Fine,"CHANDAPURA ANEKAL ROAD ,MARASURU BANK",CHANDAPURA ANEKAL ROAD,1KM,0.0,0.0
Bengaluru Dist,Suryanagar PS,1.04422e+16,2018,1,1,Road Accidents,Other,City/Town,Near Bus stop,Not Applicable,No,Fatal,Others,Uncontrolled,Straight and flat,NH,Surfaced,Others,Not Applicable,Others,NEAR HENNAGARA VILLAGE BUS STOP,NH7 ROAD,3KM,0.0,0.0
Bengaluru Dist,Suryanagar PS,1.04422e+16,2018,1,2,Road Accidents,Narrow road,City/Town,Near Petrol Pump,Vehicle Defect,No,Grievous Injury,Others,Uncontrolled,Straight and flat,NH,Not Applicable,Others,Not Applicable,Others,CHANDAPURA TO DOMMASANDRA,PETROL BUNK NEAR SRINIVAS LAND,4KM,0.0,0.0
Bengaluru Dist,Suryanagar PS,1.04422e+16,2018,1,1,Not Applicable,Other,Rural Areas,Near Bus stop,Not Applicable,No,Fatal,Others,Uncontrolled,Not Applicable,Not Applicable,Bitumen(Tar),Dry,Not Applicable,Fine,SURYANAGARA 1TH CROSS NEAR KB OFFICE,SURYANAGARA,1KM,0.0,0.0
Bengaluru Dist,Suryanagar PS,1.04422e+16,2018,1,2,Not Applicable,Bottleneck,City/Town,Affected by encroachments,Human Error,No,Fatal,Drowned,Controlled,Crest of hill,Arterial,Bitumen(Tar),Ditch or Potholed,Construction Work / Material,Clear,EGALUR VILLAGE GATE,EGALLUR VILLAGE GATE,10 FT,0.0,0.0
Bengaluru Dist,Suryanagar PS,1.04422e+16,2018,1,1,Road Accidents,Other,Rural Areas,Near Bus stop,Not Applicable,Yes,Grievous Injury,Hit and Run,Uncontrolled,Others,Others,Bitumen(Tar),Dry,Not Applicable,Fine,ANEKAL TO CHANDAPURA ROAD,IGGALURU,1 KM,0.0,0.0
Bengaluru Dist,Suryanagar PS,1.04422e+16,2018,1,2,Not Applicable,Other,Rural Areas,Open area,Not Applicable,No,Grievous Injury,Others,Uncontrolled,Not Applicable,Others,Bitumen(Tar),Dry,Not Applicable,Fine,RAMASAGARA ROAD,RAMASAGARA ROAD,4KM,0.0,0.0
Bengaluru Dist,Suryanagar PS,1.04422e+16,2018,1,1,Road Accidents,Other,City/Town,Near Bus stop,Vehicle Defect,No,Fatal,Others,Uncontrolled,Straight and flat,NH,Surfaced,Others,Not Applicable,Others,HENNAGARA BUS STOP,NH7 ROAD,3KM,0.0,0.0
Bengaluru Dist,Suryanagar PS,1.04422e+16,2018,1,3,Not Applicable,Other,Rural Areas,Open area,Not Applicable,No,Grievous Injury,Not Applicable,Uncontrolled,Not Applicable,Others,Bitumen(Tar),Dry,Not Applicable,Fine,DOMMASANDRA TO CHANDAPURA,DOMMASANDRA TO CHANDAPURA ROAD,4 KM,0.0,0.0
Bengaluru Dist,Suryanagar PS,1.04422e+16,2018,1,1,Road Accidents,Not Applicable,Rural Areas,Open area,Human Error,No,Grievous Injury,Hit pedestrian,Controlled,Incline,NH,Bitumen(Tar),Others,Not Applicable,Others,HALE CHANDAPUR NEAR LAKSHMISAGAR,NEAR LAKSHMISAGA,100FT,0.0,0.0
Bengaluru Dist,Suryanagar PS,1.04422e+16,2018,1,1,Road Accidents,Other,Not Applicable,Near or inside a village,Not Applicable,Yes,Simple Injury,Others,Uncontrolled,Straight and flat,Others,Surfaced,Not Applicable,Not Applicable,Others,"HENNAGARA VILLAGE DINNE ROAD,",NEAR JANATHA COLONY ROAD,2KM,0.0,0.0
Bengaluru Dist,Suryanagar PS,1.04422e+16,2018,1,1,Road Accidents,Not Applicable,Rural Areas,Near Bus stop,Not Applicable,Yes,Fatal,Not Applicable,Not Applicable,Others,NH,Surfaced,Dry,Not Applicable,Fine,NH ROAD,NH ROAD,3 KM,0.0,0.0
Bengaluru Dist,Suryanagar PS,1.04422e+16,2018,1,1,Not Applicable,Bottleneck,City/Town,Near Bus stop,Human Error,No,Fatal,Hit and Run,Controlled,Crest of hill,Arterial,Bitumen(Tar),Ditch or Potholed,Construction Work / Material,Clear,"NEAR THIRUMAGONDANAHALLI BUS STOP, NH-7 MAIN ROAD, ATTIBELE HOBALI, ANEKAL TQ",THIRUMAGONDANAHALLI BUS STOP,5 KM,0.0,0.0
Bengaluru Dist,Suryanagar PS,1.04422e+16,2018,1,1,Not Applicable,Not Applicable,Rural Areas,Open area,Not Applicable,No,Grievous Injury,Others,Uncontrolled,Not Applicable,NH,Bitumen(Tar),Dry,Not Applicable,Fine,RK DABA NEAR HALE CHANDAPURA,HALE CHANDAPUR,2KM,0.0,0.0
Bengaluru Dist,Suryanagar PS,1.04422e+16,2018,1,2,Not Applicable,Narrow road,Rural Areas,Open area,Human Error,No,Fatal,Vehicle to Vehicle,Controlled,Others,Others,Bitumen(Tar),Others,Not Applicable,Fine,CHANDAPUR TO DOMMASANDRA VILLAGE,NARAYANAGHATTA VILLAGE,100FT,0.0,0.0
Bengaluru Dist,Suryanagar PS,1.04422e+16,2018,1,1,Rail Road Accidents,Other,City/Town,Near Bus stop,Vehicle Defect,No,Fatal,Others,Uncontrolled,Straight and flat,NH,Surfaced,Others,Not Applicable,Others,HOSURU TO BANGALORE NEAR THIRUMAGONDANAHALLI BUS STOP,NH7 ROAD,5KM,0.0,0.0
Bengaluru Dist,Suryanagar PS,1.04422e+16,2018,1,1,Rail Road Accidents,Other,City/Town,Near Bus stop,Not Applicable,No,Simple Injury,Others,Uncontrolled,Straight and flat,NH,Surfaced,Others,Not Applicable,Others,HALE CHANDAPURA BUS STOP,NH7 ROAD,2KM,0.0,0.0
Bengaluru Dist,Suryanagar PS,1.04422e+16,2018,1,2,Road Accidents,Other,Not Applicable,Near Bus stop,Not Applicable,No,Simple Injury,Others,Uncontrolled,Straight and flat,NH,Surfaced,Others,Not Applicable,Others,NEAR HENNAGARA GATE BUS STOP,NH7 ROAD,2KM,0.0,0.0
Bengaluru Dist,Suryanagar PS,1.04422e+16,2018,1,2,Not Applicable,Not Applicable,Rural Areas,Open area,Not Applicable,Not Applicable,Grievous Injury,Others,Uncontrolled,Straight and flat,Others,Bitumen(Tar),Dry,Not Applicable,Fine,"CHANDAPURA ANEKAL ROAD ,MARASURU BANK",CHANDAPURA ANEKAL ROAD,3KM,0.0,0.0
Bengaluru Dist,Suryanagar PS,1.04422e+16,2018,1,2,Road Accidents,Not Applicable,Rural Areas,Near a factory industrial area,Human Error,No,Fatal,Vehicle to Vehicle,Not Applicable,Not Applicable,Service Road,Bitumen(Tar),Dry,Not Applicable,Clear,"INFRONT OF HYVA CO.LTD, THIRUMAGONDANAHALLI, ANEKAL TQ",NERA THIRUMAGONDANAHALLI,4 KM,0.0,0.0
Bengaluru Dist,Suryanagar PS,1.04422e+16,2018,1,2,Road Accidents,Other,Rural Areas,Near Hospital,Not Applicable,No,Simple Injury,Others,Controlled,Others,Others,Bitumen(Tar),Dry,Not Applicable,Fine,CHANDAPURA DOMMASANDRA ROAD,CHANDAPURA CIRCLE,1 KM,0.0,0.0
Bengaluru Dist,Suryanagar PS,1.04422e+16,2018,1,2,Road Accidents,Junction,Rural Areas,Near Bus stop,Human Error,No,Damage Only,Vehicle to Vehicle,Controlled,Not Applicable,Others,Bitumen(Tar),Others,Not Applicable,Fine,CHANDAPUR TO ANEKAL ROAD,NEAR SURYANAGAR BUS STOP,100MT,0.0,0.0
Bengaluru Dist,Suryanagar PS,1.04422e+16,2018,1,3,Road Accidents,Other,Rural Areas,Open area,Human Error,Not Applicable,Damage Only,Others,Not Applicable,Others,NH,Bitumen(Tar),Dry,Not Applicable,Clear,NH-7 ROAD BENGALORU,HENNAGAR GATE,3KM,0.0,0.0
Bengaluru Dist,Suryanagar PS,1.04422e+16,2018,1,1,Road Accidents,Other,City/Town,Near Bus stop,Not Applicable,No,Fatal,Others,Uncontrolled,Straight and flat,NH,Surfaced,Others,Not Applicable,Others,"THIRUMAGONDANAHALLI BUS STOP,",NH7 ROAD,3KM,0.0,0.0
Bengaluru Dist,Suryanagar PS,1.04422e+16,2018,1,2,Road Accidents,Other,Rural Areas,Open area,Not Applicable,Yes,Simple Injury,Hit and Run,Controlled,Others,Village Road,Bitumen(Tar),Dry,Not Applicable,Fine,YARANDALLI  TO SHRIRAMPURA ROAD,YARANDALLI,5 KM,0.0,0.0
Bengaluru Dist,Suryanagar PS,1.04422e+16,2018,1,1,Road Accidents,Other,Not Applicable,Near Hospital,Not Applicable,No,Simple Injury,Others,Uncontrolled,Straight and flat,NH,Surfaced,Others,Not Applicable,Others,"CHANDAPURA BRIDGE INFORNT OF BEST HOSPITAL ROAD,",NH7 ROAD,2KM,0.0,0.0
Bengaluru Dist,Suryanagar PS,1.04422e+16,2018,1,2,Road Accidents,Other,Rural Areas,Near School or College,Not Applicable,No,Simple Injury,Others,Uncontrolled,Straight and flat,NH,Surfaced,Others,Not Applicable,Others,CHANDAPURA FLYOVER,NH7 ROAD,2KM,0.0,0.0
Bengaluru Dist,Suryanagar PS,1.04422e+16,2018,1,2,Road Accidents,Other,City/Town,Near Bus stop,Not Applicable,No,Not Applicable,Others,Uncontrolled,Straight and flat,NH,Surfaced,Others,Not Applicable,Others,NEAR HENNAGARA BUS STOP,NH 7 ROAD,3KM,0.0,0.0
Bengaluru Dist,Suryanagar PS,1.04422e+16,2018,1,2,Road Accidents,Other,Rural Areas,Open area,Human Error,Yes,Damage Only,Others,Controlled,Curve,NH,Bitumen(Tar),Dry,Not Applicable,Clear,BANGALURU -HOSURU ROAD,NEAR RK DABA,2.5KM,0.0,0.0