DISTRICTNAME,UNITNAME,Crime_No,Year,RI,Noofvehicle_involved,Accident_Classification,Accident_Spot,Accident_Location,Accident_SubLocation,Main_Cause,Hit_Run,Severity,Collision_Type,Junction_Control,Road_Character,Road_Type,Surface_Type,Surface_Condition,Road_Condition,Weather,Accident_Road,Landmark_first,Distance_LandMark_First,Latitude,Longitude
Bengaluru Dist,Suryanagar PS,1.04422e+16,2018,1,1,Road Accidents,Junction,Rural Areas,Near Bus stop,Human Error,No,Fatal,Hit pedestrian,Controlled,Others,NH,Bitumen(Tar),Dry,Not Applicable,Clear,NEAR HALECHANDAPUR VILLAGE HOSURU TO BENGALURU NH7 ROAD,NEAR HALECHANDAPUR VILLAGE HOSURU TO BENGALURU NH7 ROAD,100MT,0.0,0.0
Bengaluru Dist,Suryanagar PS,1.04422e+16,2018,1,1,Road Accidents,Junction,City/Town,Near Bus stop,Human Error,Yes,Grievous Injury,Hit pedestrian,Controlled,Others,NH,Bitumen(Tar),Dry,Not Applicable,Fine,HOSURU TO BENGALURU,HALE CHANDAPUR BUS STOP,100FT,0.0,0.0
Bengaluru Dist,Suryanagar PS,1.04422e+16,2018,1,2,Road Accidents,Other,Rural Areas,Near Bus stop,Not Applicable,No,Simple Injury,Overturning,Uncontrolled,Straight and flat,Others,Surfaced,Others,Not Applicable,Others,ANEKAL TO CHANDAPUR ROAD,NEAR MARSUR BUS STOP,2KM,0.0,0.0
Bengaluru Dist,Suryanagar PS,1.04422e+16,2018,1,2,Not Applicable,Not Applicable,Rural Areas,Open area,Not Applicable,Not Applicable,Simple Injury,Not Applicable,Uncontrolled,Others,Others,Bitumen(Tar),Dry,Not Applicable,Fine,RAMASAGARA TO CHANDAPURA ROAD,RAMASAGARA TO CHANDAPURA ROAD,5KM,0.0,0.0
Bengaluru Dist,Suryanagar PS,1.04422e+16,2018,1,1,Not Applicable,Other,Rural Areas,Open area,Not Applicable,Yes,Fatal,Hit and Run,Uncontrolled,Others,NH,Bitumen(Tar),Dry,Not Applicable,Fine,"BENGALORE HOSUR NH7 NEAR SERVICE ROAD ,TIRIMAGONDANAHALLI",TIRUMAGONDANAHALLI,4KM,0.0,0.0
Bengaluru Dist,Suryanagar PS,1.04422e+16,2018,1,1,Road Accidents,Not Applicable,Rural Areas,Open area,Human Error,Not Applicable,Fatal,Not Applicable,Not Applicable,Others,NH,Bitumen(Tar),Dry,Not Applicable,Fine,NEAR SUN PYALES CHOWTRY HALECHANDAPUR HOSURU TO BENGALURU NH7 ROAD,NEAR SUN PYALES CHOWTRY HALECHANDAPUR HOSURU TO BENGALURU NH7 ROAD,100MT,0.0,0.0
Bengaluru Dist,Suryanagar PS,1.04422e+16,2018,1,1,Road Accidents,Other,City/Town,Near a recreation place/cinema,Vehicle Defect,No,Simple Injury,Others,Uncontrolled,Straight and flat,Others,Not Applicable,Others,Not Applicable,Others,CHANDAPURA SERVICE ROAD,SERVICE ROAD,2KM,0.0,0.0
Bengaluru Dist,Suryanagar PS,1.04422e+16,2018,1,1,Road Accidents,Narrow road,Rural Areas,Open area,Not Applicable,No,Simple Injury,Hit pedestrian,Uncontrolled,Others,Minor District Road,Bitumen(Tar),Dry,Not Applicable,Fine,MARSURU  TO ANEKAL ROAD,MARSUR GATE RTO,3KM,0.0,0.0
Bengaluru Dist,Suryanagar PS,1.04422e+16,2018,1,1,Road Accidents,Other,City/Town,Narrow bridge or culverts,Not Applicable,No,Simple Injury,Others,Uncontrolled,Straight and flat,NH,Surfaced,Others,Not Applicable,Others,HOSUR TO BANGALORE ROAD NH7,NEAR CHANDAPURA RAILWAY BRIDGE,2KM,0.0,0.0
Bengaluru Dist,Suryanagar PS,1.04422e+16,2018,1,2,Road Accidents,Other,City/Town,Near Bus stop,Not Applicable,No,Fatal,Others,Uncontrolled,Straight and flat,NH,Surfaced,Others,Not Applicable,Others,"THIRUMAGONDANAHALLI BUS STOP,",NH7 ROAD,3KM,0.0,0.0
Bengaluru Dist,Suryanagar PS,1.04422e+16,2018,1,1,Road Accidents,Other,Not Applicable,Near Bus stop,Not Applicable,No,Grievous Injury,Others,Uncontrolled,Straight and flat,NH,Surfaced,Others,Not Applicable,Others,HOSUR TO BANGALORE ROAD,NH7 ROAD,2KM,0.0,0.0
Bengaluru Dist,Suryanagar PS,1.04422e+16,2018,1,2,Road Accidents,Other,Rural Areas,Near School or College,Not Applicable,No,Grievous Injury,Others,Uncontrolled,Straight and flat,Others,Surfaced,Others,Not Applicable,Others,"CHANDAPURA LAWRENS COLLEGE,",NH7 ROAD,2KM,0.0,0.0
Bengaluru Dist,Suryanagar PS,1.04422e+16,2018,1,2,Not Applicable,Curves,Rural Areas,Open area,Not Applicable,No,Fatal,Not Applicable,Controlled,Others,Others,Bitumen(Tar),Dry,Not Applicable,Fine,CHANDAPURA DOMMASANDRA ROAD NARAYANAGHATTA CROSS,CHANDAPURA DOMMASANDRA ROAD,3 KM,0.0,0.0
Bengaluru Dist,Suryanagar PS,1.04422e+16,2018,1,1,Road Accidents,Other,Rural Areas,Open area,Not Applicable,No,Fatal,Others,Uncontrolled,Others,Village Road,Bitumen(Tar),Dry,Not Applicable,Fine,LAXMISAGARA ROAD,LAXMISAGARA,4KM,0.0,0.0
Bengaluru Dist,Suryanagar PS,1.04422e+16,2018,1,2,Road Accidents,Narrow road,Rural Areas,Near or inside a village,Human Error,No,Simple Injury,Vehicle to Vehicle,Uncontrolled,Straight and flat,NH,Bitumen(Tar),Dry,Not Applicable,Fine,Bangaluru Hosuru NH7 road,Near Thirumagondanahalli gate,2kms,0.0,0.0
Bengaluru Dist,Suryanagar PS,1.04422e+16,2018,1,1,Not Applicable,Bottleneck,City/Town,Near Bus stop,Human Error,No,Fatal,Drowned,Controlled,Crest of hill,Arterial,Bitumen(Tar),Ditch or Potholed,Construction Work / Material,Clear,"NEAR THIRUMAGONDANAHALLI GATE, NH-7 MAIN ROAD, ATTIBELE HOBALI, ANEKAL TQ",THIRUMAGONDANAHALLI GATE,3 KM,0.0,0.0
Bengaluru Dist,Suryanagar PS,1.04422e+16,2018,1,1,Road Accidents,Not Applicable,Rural Areas,Residential area,Not Applicable,Yes,Grievous Injury,Hit pedestrian,Controlled,Others,Others,Bitumen(Tar),Dry,Not Applicable,Fine,HENNAGARA VILLAGE OPP. SUJAN BEKARY,SUJAN BEKARY,2KM,0.0,0.0
Bengaluru Dist,Suryanagar PS,1.04422e+16,2018,1,1,Road Accidents,Other,City/Town,Near Bus stop,Not Applicable,Yes,Fatal,Hit and Run,Uncontrolled,Others,NH,Surfaced,Others,Not Applicable,Others,CHANDAPURA FLYOVER,NH7 ROAD,2KM,0.0,0.0
Bengaluru Dist,Suryanagar PS,1.04422e+16,2018,1,1,Not Applicable,Not Applicable,City/Town,Near a factory industrial area,Not Applicable,No,Grievous Injury,Not Applicable,Uncontrolled,Others,NH,Bitumen(Tar),Dry,Not Applicable,Fine,"INFRONT OF THE K P S COMPANY HALE CHANDAPURA ,BANGLORE HOSUR NH 7 ROAD ,ANEKAL TQ",1KM TOWARDS EAST,1KM,0.0,0.0
Bengaluru Dist,Suryanagar PS,1.04422e+16,2018,1,2,Road Accidents,Other,Rural Areas,Open area,Human Error,No,Damage Only,Others,Controlled,Others,Others,Bitumen(Tar),Dry,Not Applicable,Clear,ANEKAL-CHANDAPUR ROAD,SWAMIVIVEKANANDA SCHOOL,2KM,0.0,0.0
Bengaluru Dist,Suryanagar PS,1.04422e+16,2018,1,1,Not Applicable,Other,Rural Areas,Open area,Not Applicable,No,Simple Injury,Others,Uncontrolled,Not Applicable,Not Applicable,Bitumen(Tar),Dry,Not Applicable,Fine,KEB OFFICE NEAR SURYACITY 1ST PHASE,SURYACITY 1ST PHASE,1KM,0.0,0.0
Bengaluru Dist,Suryanagar PS,1.04422e+16,2018,1,2,Road Accidents,Not Applicable,City/Town,Near Bus stop,Human Error,No,Grievous Injury,Vehicle to Vehicle,Not Applicable,Not Applicable,NH,Bitumen(Tar),Others,Not Applicable,Others,SERVICE ROAD,NEAR HENNAGARA GATE BUS STOP,5,0.0,0.0
Bengaluru Dist,Suryanagar PS,1.04422e+16,2018,1,1,Road Accidents,Cross roads,Rural Areas,Near a factory industrial area,Human Error,No,Fatal,Hit pedestrian,No signal lights,Straight and flat,NH,Bitumen(Tar),Dry,Not Applicable,Clear,BANGALORE - HOSURU NH-7 ROAD,NERA THIRUMAGONDANAHALLI,4 KM,0.0,0.0
Bengaluru Dist,Suryanagar PS,1.04422e+16,2018,1,1,Not Applicable,Not Applicable,Not Applicable,Open area,Not Applicable,Not Applicable,Fatal,Others,Uncontrolled,Others,NH,Bitumen(Tar),Dry,Not Applicable,Fine,TIRUMAGONDANAHALLI BANGELURU HOSUR NH7 ROAD,TIRUMAGONDANAHALLI BENGELURU  HOSUR NH 7 ROAD,5KM,0.0,0.0
Bengaluru Dist,Suryanagar PS,1.04422e+16,2018,1,2,Not Applicable,Curves,City/Town,Affected by encroachments,Human Error,No,Damage Only,Drowned,Give way sign,Crest of hill,Arterial,Bitumen(Tar),Ditch or Potholed,Construction Work / Material,Clear,jjkk,corve road,1,0.0,0.0
Bengaluru Dist,Suryanagar PS,1.04422e+16,2019,1,1,Road Accidents,Narrow road,Rural Areas,Near or inside a village,Human Error,No,Grievous Injury,Hit pedestrian,Uncontrolled,Straight and flat,Service Road,Bitumen(Tar),Dry,Not Applicable,Fine,Hosuru Bangaluru NH7  service road,Near Nisaraga Kirthana hotel Chandapura,1 km,12.803025,77.702023
Bengaluru Dist,Suryanagar PS,1.04422e+16,2019,1,2,Road Accidents,Not Applicable,Rural Areas,Residential area,Human Error,No,Simple Injury,Vehicle to Vehicle,Not Applicable,Others,Others,Bitumen(Tar),Others,Not Applicable,Others,HELALIGE ROAD,INFRONT OF CHANDRAREDDY BUILDING,3,12.798074,77.695589
Bengaluru Dist,Suryanagar PS,1.04422e+16,2019,1,2,Road Accidents,Narrow road,Rural Areas,Near Bus stop,Human Error,Yes,Simple Injury,Vehicle to Vehicle,Not Applicable,Not Applicable,Others,Bitumen(Tar),Others,Not Applicable,Others,"NEAR KANTHARAJA SHOP, MUTTANALLURU SARJAPURA ROAD",KANTHARAJA SHOP,5,12.825117,77.737183
Bengaluru Dist,Suryanagar PS,1.04422e+16,2019,1,1,Road Accidents,Narrow road,Rural Areas,Near or inside a village,Human Error,No,Fatal,Hit pedestrian,Uncontrolled,Straight and flat,NH,Bitumen(Tar),Dry,Not Applicable,Fine,Hosuru Bangaluru NH7,Near Thirumagondanahalli gate,5 kms,12.794002,77.721664
Bengaluru Dist,Suryanagar PS,1.04422e+16,2019,1,2,Not Applicable,Narrow road,City/Town,Open area,Not Applicable,Yes,Grievous Injury,Vehicle to Vehicle,Uncontrolled,Not Applicable,NH,Bitumen(Tar),Dry,Not Applicable,Fine,"CHAINAI BANGALORE NH 7 ROADNEAR T.S GRAND HOTRL ,HALE CHANDAPURA .",HALE CHANDAPURA,3 KM,12.793807,77.708708
Bengaluru Dist,Suryanagar PS,1.04422e+16,2019,1,2,Road Accidents,Not Applicable,Rural Areas,Open area,Human Error,No,Simple Injury,Not Applicable,Not Applicable,Others,NH,Bitumen(Tar),Dry,Not Applicable,Fine,BENGALURU HOSURU ROAD,CHANDAPURA RAILWAY BRIDGE,100FT,12.80117,77.703854
Bengaluru Dist,Suryanagar PS,1.04422e+16,2019,1,3,Road Accidents,Not Applicable,Rural Areas,Near Hospital,Human Error,No,Grievous Injury,Vehicle to Vehicle,Not Applicable,Others,NH,Bitumen(Tar),Others,Not Applicable,Others,HOSUR BANGALORE NH7 ROAD CHANDAPURA FLYOVER,HOSUR BANGALORE NH7 ROAD CHANDAPURA FLYOVER,2,12.801855,77.707893
Bengaluru Dist,Suryanagar PS,1.04422e+16,2019,1,2,Road Accidents,Narrow road,Rural Areas,Narrow bridge or culverts,Human Error,No,Damage Only,Vehicle to Vehicle,Not Applicable,Others,NH,Bitumen(Tar),Others,Not Applicable,Others,RAIL WAY BRIDGE HALE CHANDAPURA,RAILWAY BRIDGE,3,12.802042,77.70979
Bengaluru Dist,Suryanagar PS,1.04422e+16,2019,1,2,Road Accidents,Narrow road,Rural Areas,Near or inside a village,Human Error,No,Grievous Injury,Vehicle to Vehicle,Uncontrolled,Straight and flat,Others,Bitumen(Tar),Dry,Not Applicable,Fine,Muthanalluru-Huskuru road,Near Muthanalluru village,7 kms,12.798521,77.7009869
Bengaluru Dist,Suryanagar PS,1.04422e+16,2019,1,2,Road Accidents,Not Applicable,Rural Areas,Residential area,Human Error,Yes,Grievous Injury,Vehicle to Vehicle,Not Applicable,Not Applicable,State Highway,Bitumen(Tar),Dry,Not Applicable,Others,IGGALURU U TURN ROAD,INFRONT OF APPOLO PHARM,2,12.787622,77.70353
Bengaluru Dist,Suryanagar PS,1.04422e+16,2019,1,2,Road Accidents,Not Applicable,Rural Areas,Near Bus stop,Human Error,Yes,Simple Injury,Vehicle to Vehicle,Not Applicable,Not Applicable,NH,Bitumen(Tar),Others,Not Applicable,Others,NH 7 HOSUR TO BANGALORE ROAD HALE CHANDAPURA,NH 7 HOSUR TO BANGALORE ROAD HALE CHANDAPURA,3,12.800608,77.713575
Bengaluru Dist,Suryanagar PS,1.04422e+16,2019,1,1,Road Accidents,Not Applicable,Rural Areas,Near School or College,Human Error,Yes,Grievous Injury,Hit pedestrian,Controlled,Others,NH,Bitumen(Tar),Dry,Not Applicable,Fine,HOSURU TO BEGALURU NH-7 ROAD,HALE CHANDAPUR VILLAGE,10FT,12.805495,77.701949
Bengaluru Dist,Suryanagar PS,1.04422e+16,2019,1,2,Road Accidents,Narrow road,City/Town,Residential area,Human Error,Yes,Grievous Injury,Vehicle to Vehicle,Not Applicable,Not Applicable,State Highway,Bitumen(Tar),Others,Not Applicable,Others,KACHANAYAKANAHALLI,INFORNT OF YOGESH BUILDING,5,12.797989,77.702839
Bengaluru Dist,Suryanagar PS,1.04422e+16,2019,1,2,Road Accidents,Not Applicable,Rural Areas,Near Bus stop,Human Error,No,Grievous Injury,Vehicle to Vehicle,Not Applicable,Slight Curve,Others,Bitumen(Tar),Others,Not Applicable,Others,RAMAKRISHNAPURA GATE,INFRONT OF RAMAKRISHNAPURA GATE ARCH,2,12.781161,77.703362
Bengaluru Dist,Suryanagar PS,1.04422e+16,2019,1,1,Road Accidents,Narrow road,Rural Areas,Near Bus stop,Human Error,No,Fatal,Hit pedestrian,Uncontrolled,Straight and flat,NH,Bitumen(Tar),Dry,Not Applicable,Fine,HOSUR BANGALORE NH7 ROAD THIRUMAGONDANAHALLI,Near Thirumagondanahalli gate,5 km,12.79396,77.7212639
Bengaluru Dist,Suryanagar PS,1.04422e+16,2019,1,2,Road Accidents,Cross roads,Rural Areas,Near Bus stop,Human Error,No,Grievous Injury,Vehicle to Vehicle,Not Applicable,Not Applicable,State Highway,Bitumen(Tar),Others,Not Applicable,Others,ANEKAL CHANDAPURA ROAD,NEAR RAMAKRISHNAPURA GATE U TURN ROAD,3,12.793116,77.703328
Bengaluru Dist,Suryanagar PS,1.04422e+16,2019,1,2,Road Accidents,Not Applicable,Rural Areas,Near a factory industrial area,Human Error,No,Damage Only,Vehicle to Vehicle,Not Applicable,Not Applicable,Others,Bitumen(Tar),Others,Not Applicable,Others,INFRONT OF MADURA GARMENTS,INFRONT OF MADURA GARMENTS,3,12.772593,77.699656
Bengaluru Dist,Suryanagar PS,1.04422e+16,2019,1,1,Road Accidents,Not Applicable,Rural Areas,Residential area,Human Error,No,Not Applicable,Vehicle to Vehicle,Not Applicable,Not Applicable,Others,Bitumen(Tar),Others,Not Applicable,Others,TCP LAYOUT,TCP LAYOUT,2,12.800524,77.711985
Bengaluru Dist,Suryanagar PS,1.04422e+16,2019,1,2,Road Accidents,Not Applicable,Rural Areas,Residential area,Not Applicable,Yes,Grievous Injury,Vehicle to Vehicle,Not Applicable,Not Applicable,State Highway,Concrete,Others,Not Applicable,Others,ADISONNAHATTI ROAD,SHANKAR MAHADEV GODOWN 2ND GATE FRONT,4 KM,12.798663,77.717014
Bengaluru Dist,Suryanagar PS,1.04422e+16,2019,1,1,Road Accidents,Not Applicable,Rural Areas,Narrow bridge or culverts,Human Error,No,Simple Injury,Not Applicable,Not Applicable,Not Applicable,NH,Bitumen(Tar),Others,Not Applicable,Others,INFRONT OF GALAXY HOTEL BANGALORE HOSUR NH7 ROAD,INFRONT OF GALAXY HOTEL BANGALORE HOSUR NH7 ROAD,3,12.805484,77.700204
Bengaluru Dist,Suryanagar PS,1.04422e+16,2019,1,2,Road Accidents,Curves,Rural Areas,Near Bus stop,Human Error,No,Fatal,Hit bicyclist,Not Applicable,Curve and Incline,NH,Bitumen(Tar),Others,Not Applicable,Others,NH 7 HOSUR TO BANGALORE ROAD,NEAR RAMANA MAHARSHI ASHRAMA,4,12.793755,77.722526
Bengaluru Dist,Suryanagar PS,1.04422e+16,2019,1,2,Road Accidents,Not Applicable,Rural Areas,Residential area,Human Error,No,Grievous Injury,Vehicle to Vehicle,Not Applicable,Others,NH,Bitumen(Tar),Others,Not Applicable,Others,NH7 HOSUR ROAD HALE CHANDAPURA,SHELTERS,3,12.800939,77.713428
Bengaluru Dist,Suryanagar PS,1.04422e+16,2019,1,1,Road Accidents,Not Applicable,Rural Areas,Near Bus stop,Human Error,No,Grievous Injury,Hit pedestrian,Not Applicable,Not Applicable,NH,Bitumen(Tar),Others,Not Applicable,Others,THIRUMAGONDANAHALLI VILLEGE,NEAR BUS STOP,3,12.793988,77.721978
Bengaluru Dist,Suryanagar PS,1.04422e+16,2019,1,1,Road Accidents,Narrow road,Rural Areas,Near office complex,Human Error,No,Grievous Injury,Hit pedestrian,Uncontrolled,Others,Others,Bitumen(Tar),Dry,Not Applicable,Fine,Anekal Chandapura main road,Infront of KEB office Chandapura,1 km,12.798673,77.705972
Bengaluru Dist,Suryanagar PS,1.04422e+16,2019,1,1,Road Accidents,Narrow road,Rural Areas,Near or inside a village,Human Error,No,Fatal,Hit pedestrian,Uncontrolled,Others,NH,Bitumen(Tar),Dry,Not Applicable,Fine,Bangaluru Hosuru NH7 road,infront of SLV Kalyana mantapa,2 km,12.801868,77.707084
Bengaluru Dist,Suryanagar PS,1.04422e+16,2019,1,2,Road Accidents,Not Applicable,Rural Areas,Open area,Human Error,No,Simple Injury,Vehicle to Vehicle,Not Applicable,Not Applicable,NH,Bitumen(Tar),Others,Not Applicable,Others,BANGALORE HOSURU NH 7 ROAD,NEAR POOJA CRACKERS,4,12.797715,77.717586
Bengaluru Dist,Suryanagar PS,1.04422e+16,2019,1,1,Road Accidents,Not Applicable,Rural Areas,Residential area,Human Error,No,Simple Injury,Hit pedestrian,Not Applicable,Others,State Highway,Bitumen(Tar),Others,Not Applicable,Others,ANEKAL CHANDAPURA ROAD,INFRONT OF VINAY AND COMPANY,2,12.798599,77.706976
Bengaluru Dist,Suryanagar PS,1.04422e+16,2019,1,1,Road Accidents,Narrow road,Rural Areas,Near Bus stop,Human Error,No,Grievous Injury,Hit pedestrian,Not Applicable,Others,Others,Bitumen(Tar),Others,Not Applicable,Others,RAMAKRISHNAPURA GATE,NEAR BUS STOP,2,12.794656,77.708859
Bengaluru Dist,Suryanagar PS,1.04422e+16,2019,1,1,Road Accidents,Not Applicable,Rural Areas,Near Bus stop,Not Applicable,No,Fatal,Hit pedestrian,Not Applicable,Not Applicable,NH,Bitumen(Tar),Dry,Not Applicable,Cloudy,NH,THIRUMAGONDANAHALLI,4 KM,12.786757,77.703599
Bengaluru Dist,Suryanagar PS,1.04422e+16,2019,1,2,Road Accidents,Not Applicable,Rural Areas,Near Petrol Pump,Human Error,No,Grievous Injury,Vehicle to Vehicle,Not Applicable,Not Applicable,NH,Bitumen(Tar),Others,Not Applicable,Others,INFRONT OF BHARATH PETROL BUNK HOSUR BANGALORE NH 7 MANI ROAD,INFRONT OF BHARATH PETROL BUNK HOSUR BANGALORE NH 7 MANI ROAD,4,12.795984,77.718555
Bengaluru Dist,Suryanagar PS,1.04422e+16,2019,1,1,Road Accidents,Narrow road,Rural Areas,Open area,Human Error,Yes,Grievous Injury,Hit pedestrian,Not Applicable,Others,Others,Bitumen(Tar),Others,Not Applicable,Others,MUTTANALLURU VILLEGE,MUTTANALLURU VILLEGE,5,12.820922,77.737204
Bengaluru Dist,Suryanagar PS,1.04422e+16,2019,1,1,Road Accidents,Not Applicable,Rural Areas,Open area,Human Error,No,Simple Injury,Hit pedestrian,Not Applicable,Others,Others,Bitumen(Tar),Others,Not Applicable,Others,CHANDAPURA ANEKAL ROAD,INFRONT OF UMESH CAR PAINTING AND REPAIR SHOP,2,12.786485,77.703304
Bengaluru Dist,Suryanagar PS,1.04422e+16,2019,1,2,Road Accidents,Cross roads,City/Town,Open area,Human Error,Yes,Grievous Injury,Vehicle to Vehicle,Not Applicable,Curve and Incline,State Highway,Bitumen(Tar),Not Applicable,Not Applicable,Others,CHANDAPURA SARJAPURA ROAD,CHANDAPURA NEAR LAKE,3,12.805154,77.706039
Bengaluru Dist,Suryanagar PS,1.04422e+16,2019,1,2,Road Accidents,Narrow road,Rural Areas,Open area,Not Applicable,No,Simple Injury,Vehicle to Vehicle,Controlled,Others,Two way,Bitumen(Tar),Dry,Not Applicable,Others,ANEKAL CHANDAPURA MAIN ROAD,0,1 KM,12.793496,77.710658
Bengaluru Dist,Suryanagar PS,1.04422e+16,2019,1,2,Road Accidents,Not Applicable,Rural Areas,Open area,Human Error,No,Grievous Injury,Vehicle to Vehicle,Not Applicable,Incline,NH,Bitumen(Tar),Dry,Not Applicable,Clear,HOSURU TO BENGALURU NH-7 ROAD,TIRUMAGONDANAHALLY,100MT,12.793938,77.721718
Bengaluru Dist,Suryanagar PS,1.04422e+16,2019,1,2,Road Accidents,Narrow road,Rural Areas,Near or inside a village,Human Error,No,Grievous Injury,Vehicle to Vehicle,Uncontrolled,Straight and flat,Others,Bitumen(Tar),Dry,Not Applicable,Fine,Anekal Chandapura main road,Near Ramakrishnapura gate,3 kms,12.778635,77.702107
Bengaluru Dist,Suryanagar PS,1.04422e+16,2019,1,2,Road Accidents,Narrow road,City/Town,Narrow bridge or culverts,Not Applicable,No,Fatal,Vehicle to Vehicle,Not Applicable,Others,NH,Bitumen(Tar),Others,Not Applicable,Others,HOSUR- BANGALORE ROAD,INFRONT OF NISARGA KIRTHAN APARTMENT,2,12.803926,77.701004
Bengaluru Dist,Suryanagar PS,1.04422e+16,2019,1,3,Road Accidents,Narrow road,City/Town,Near Bus stop,Human Error,No,Damage Only,Vehicle to Vehicle,Uncontrolled,Straight and flat,NH,Bitumen(Tar),Dry,Not Applicable,Fine,Bangaluru Hosuru NH7 road,Near Thirumagondanahalli bus stop,2 kms,12.794012,77.722024
Bengaluru Dist,Suryanagar PS,1.04422e+16,2019,1,2,Road Accidents,Narrow road,Rural Areas,Near or inside a village,Human Error,No,Simple Injury,Vehicle to Vehicle,Uncontrolled,Straight and flat,Others,Bitumen(Tar),Dry,Not Applicable,Fine,Anekal Chandapura main road,Near J K fahsion,1.5 km,12.797345,77.706319
Bengaluru Dist,Suryanagar PS,1.04422e+16,2019,1,2,Not Applicable,Other,Rural Areas,Open area,Not Applicable,No,Damage Only,Others,Uncontrolled,Not Applicable,Village Road,Bitumen(Tar),Dry,Not Applicable,Fine,MARASUR GATE ANEKAL TO CHANDAPUR ROAD,MARASUR GATE ANEKAL TO CHANDAPUR ROAD,3 KM,12.817383,77.730708
Bengaluru Dist,Suryanagar PS,1.04422e+16,2019,1,1,Road Accidents,Narrow road,Rural Areas,Narrow bridge or culverts,Human Error,No,Fatal,Hit pedestrian,Uncontrolled,Straight and flat,NH,Bitumen(Tar),Dry,Not Applicable,Fine,Hosuru Bangaluru NH7  main road,under railway bridge Chandapura,3 kms,12.802077,77.709115
Bengaluru Dist,Suryanagar PS,1.04422e+16,2019,1,1,Road Accidents,Narrow road,Rural Areas,Near Bus stop,Human Error,Yes,Simple Injury,Hit pedestrian,Uncontrolled,Straight and flat,Others,Bitumen(Tar),Dry,Not Applicable,Fine,Chandapura-Anekal road Chandapura,Near Big market,0.5 km,12.793109,77.705447
Bengaluru Dist,Suryanagar PS,1.04422e+16,2019,1,1,Road Accidents,Narrow road,Rural Areas,Near or inside a village,Human Error,Yes,Damage Only,Not Applicable,Uncontrolled,Straight and flat,NH,Bitumen(Tar),Dry,Not Applicable,Fine,infront of nisaraga kirtha apartment,Chandapura flyover,2km,12.804114,77.700801
Bengaluru Dist,Suryanagar PS,1.04422e+16,2019,1,1,Road Accidents,Not Applicable,Rural Areas,Near School or College,Human Error,No,Grievous Injury,Hit pedestrian,Not Applicable,Others,State Highway,Bitumen(Tar),Others,Not Applicable,Others,INFRONT OF SPOORTHY SCHOOL,INFRONT OF SPOORTHY SCHOOL,3,12.773277,77.70149
Bengaluru Dist,Suryanagar PS,1.04422e+16,2019,1,2,Road Accidents,Not Applicable,City/Town,Open area,Human Error,Yes,Simple Injury,Vehicle to Vehicle,Not Applicable,Others,NH,Bitumen(Tar),Others,Not Applicable,Others,BANGALORE HOSUR NH 7 ROAD HENNAGARA GATE NFRONT OF GALAXY HOTEL TIBELE HOBLI .,IFRONT OF GALAXY HOTEL,3,12.804332,77.700839
Bengaluru Dist,Suryanagar PS,1.04422e+16,2019,1,2,Road Accidents,Narrow road,City/Town,Near Bus stop,Human Error,Yes,Damage Only,Vehicle to Vehicle,Uncontrolled,Others,NH,Bitumen(Tar),Dry,Not Applicable,Fine,Chandapura Attibele service road NH7,Near Manjunatha medicals chandapura,1kms,12.8021,77.707841
Bengaluru Dist,Suryanagar PS,1.04422e+16,2019,1,2,Road Accidents,Not Applicable,City/Town,Near Bus stop,Not Applicable,No,Damage Only,Vehicle to Vehicle,Not Applicable,Not Applicable,State Highway,Bitumen(Tar),Not Applicable,Not Applicable,Others,BMTC DEPO ROAD,BMTC DEPO,1,12.792478,77.705071
Bengaluru Dist,Suryanagar PS,1.04422e+16,2019,1,2,Not Applicable,Bottleneck,City/Town,Affected by encroachments,Human Error,No,Fatal,Hit animal,Controlled,Crest of hill,Arterial,Bitumen(Tar),Ditch or Potholed,Construction Work / Material,Clear,JIGANI - BOMMASANDRA ROAD,YARANDAHALLI CIRCLE,15 KM,12.809384,77.667278
Bengaluru Dist,Suryanagar PS,1.04422e+16,2019,1,2,Road Accidents,Not Applicable,Rural Areas,Open area,Not Applicable,No,Grievous Injury,Not Applicable,Uncontrolled,Not Applicable,Others,Bitumen(Tar),Dry,Not Applicable,Fine,CHANDAPURA TO ANEKAL ROAD,NEAR MARASURU GATE,2KM,12.767747,77.701208
Bengaluru Dist,Suryanagar PS,1.04422e+16,2019,1,2,Road Accidents,Not Applicable,City/Town,Open area,Human Error,No,Fatal,Vehicle to Vehicle,Not Applicable,Others,Service Road,Bitumen(Tar),Others,Not Applicable,Others,Infront of vishnu upahar,Infront of vishnu upahar hotel,3 kms,12.799779,77.715009
Bengaluru Dist,Suryanagar PS,1.04422e+16,2019,1,2,Road Accidents,Junction,Rural Areas,Near Bus stop,Human Error,No,Grievous Injury,Vehicle to Vehicle,Controlled,Others,Not Applicable,Bitumen(Tar),Dry,Not Applicable,Fine,DOMMASANDRA TO CHANDAPUR ROAD,NEAR BASAVESHWAR TEMPLE KAGGALIPUR GATE,10FT,12.802067,77.705058
Bengaluru Dist,Suryanagar PS,1.04422e+16,2019,1,2,Road Accidents,Cross roads,City/Town,Near Hospital,Not Applicable,No,Damage Only,Vehicle to Vehicle,Not Applicable,Others,NH,Bitumen(Tar),Others,Not Applicable,Others,HOSUR- BANGALORE ROAD,CHAKRA HOSPITAL FRONT ROAD TOWARDS BANGALORE,2,12.802861,77.703164
Bengaluru Dist,Suryanagar PS,1.04422e+16,2019,1,2,Road Accidents,Narrow road,Rural Areas,Near or inside a village,Human Error,No,Fatal,Vehicle to Vehicle,Uncontrolled,Others,NH,Bitumen(Tar),Dry,Not Applicable,Fine,Dommasandra-Chandapura main road,Near Narayanagatta village,6 km,12.838395,77.725344
Bengaluru Dist,Suryanagar PS,1.04422e+16,2019,1,2,Road Accidents,Narrow road,City/Town,Narrow bridge or culverts,Human Error,Not Applicable,Damage Only,Vehicle to Vehicle,Not Applicable,Not Applicable,NH,Bitumen(Tar),Dry,Not Applicable,Others,RAIL WAY BRIDGE,HALE CHANDAPURA RAILWAY BRIDGE,2,12.802064,77.7093709
Bengaluru Dist,Suryanagar PS,1.04422e+16,2019,1,2,Road Accidents,Not Applicable,Rural Areas,Open area,Human Error,No,Grievous Injury,Vehicle to Vehicle,Not Applicable,Not Applicable,NH,Bitumen(Tar),Others,Not Applicable,Others,THIRUMAGONDANAHALLI VILLEGE,INFRONT NARAYANAREDDY BRICKS FACTORY,4,12.79337,77.72317
Bengaluru Dist,Suryanagar PS,1.04422e+16,2019,1,2,Road Accidents,Narrow road,City/Town,Near Bus stop,Human Error,No,Fatal,Vehicle to Vehicle,Not Applicable,Not Applicable,NH,Bitumen(Tar),Others,Not Applicable,Others,NH 7 HOSUR TO BANGALORE ROAD,NEAR BUS STOP,5,12.793602,77.721658