DISTRICTNAME,UNITNAME,Crime_No,Year,RI,Noofvehicle_involved,Accident_Classification,Accident_Spot,Accident_Location,Accident_SubLocation,Main_Cause,Hit_Run,Severity,Collision_Type,Junction_Control,Road_Character,Road_Type,Surface_Type,Surface_Condition,Road_Condition,Weather,Accident_Road,Landmark_first,Distance_LandMark_First,Latitude,Longitude
Bengaluru Dist,Suryanagar PS,1.04422e+16,2023,1,2,Road Accidents,Narrow road,Rural Areas,Open area,Not Applicable,Yes,Damage Only,Vehicle to Vehicle,Not Applicable,Others,NH,Bitumen(Tar),Dry,Not Applicable,Fine,NH-7,NEAR R K DHABA  HOTEL,5 KM,12.797943,77.717329
Bengaluru Dist,Suryanagar PS,1.04422e+16,2023,1,2,Road Accidents,Not Applicable,Rural Areas,Open area,Vehicle Defect,Yes,Not Applicable,Vehicle to Vehicle,Not Applicable,Not Applicable,One way,Bitumen(Tar),Dry,Not Applicable,Fine,1,1,10,12.802798,77.705156
Bengaluru Dist,Suryanagar PS,1.04422e+16,2023,1,1,Road Accidents,Circle,Rural Areas,Open area,Human Error,Not Applicable,Simple Injury,Vehicle to Vehicle,Not at  Junction,Curve,Two way,Not Applicable,Dry,Not Applicable,Fine,40,40,40,12.81064,77.71168
Bengaluru Dist,Suryanagar PS,1.04422e+16,2023,1,2,Road Accidents,Narrow road,City/Town,Open area,Not Applicable,Not Applicable,Grievous Injury,Vehicle to Vehicle,Not Applicable,Not Applicable,Not Applicable,Surfaced,Dry,Not Applicable,Fine,other road,NEAR ARCS DOTS ITERIORS SHED,5 KM,12.822554,77.71906
Bengaluru Dist,Suryanagar PS,1.04422e+16,2023,1,2,Not Applicable,Not Applicable,Rural Areas,Open area,Human Error,Not Applicable,Simple Injury,Not Applicable,Not Applicable,Not Applicable,Two way,Bitumen(Tar),Dry,Not Applicable,Fine,0,0,40,12.79261,77.70614
Bengaluru Dist,Suryanagar PS,1.04422e+16,2023,1,2,Road Accidents,Narrow road,Rural Areas,Residential area,Human Error,No,Grievous Injury,Vehicle to Vehicle,Not Applicable,Not Applicable,One way,Bitumen(Tar),Dry,No influence on accident,Fine,BANGALORE DISTRICT ANEKAL TALUK RAMASAGARA TO CHANDAPURA ROAD FORNT OF GOVERNMENT HOSPITAL CHANDAPUR,1,2,12.804068,77.704735
Bengaluru Dist,Suryanagar PS,1.04422e+16,2023,1,2,Road Accidents,Narrow road,Rural Areas,Narrow bridge or culverts,Not Applicable,Yes,Fatal,Vehicle to Vehicle,Not Applicable,Not Applicable,NH,Bitumen(Tar),Dry,No influence on accident,Fine,NH ROAD CHANDAPURA,1,2,12.800204,77.6884989
Bengaluru Dist,Suryanagar PS,1.04422e+16,2023,1,2,Road Accidents,Narrow road,City/Town,Narrow bridge or culverts,Human Error,Yes,Fatal,Vehicle to Vehicle,Uncontrolled,Not Applicable,NH,Bitumen(Tar),Dry,No influence on accident,Fine,BANGALORE DISTRICT ANEKAL TALUK BANGALORE TO HOSUR NH ROAD CHNADAPURA FLY OVER,1,2,12.892569,77.704776
Bengaluru Dist,Suryanagar PS,1.04422e+16,2023,1,1,Not Applicable,Circle,Rural Areas,In bazaar,Road Environment Defect,Not Applicable,Grievous Injury,Hit pedestrian,Controlled,Curve,NH,Not Applicable,Dry,Construction Work / Material,Clear,NH7,CHANDAPUR,1,12.795197,77.684592
Bengaluru Dist,Suryanagar PS,1.04422e+16,2023,1,2,Road Accidents,Narrow road,City/Town,Open area,Not Applicable,Yes,Damage Only,Vehicle to Vehicle,Not Applicable,Others,NH,Surfaced,Dry,Not Applicable,Fine,NH-7,NEAR CIRCLE,3 KM,12.851727,77.731488
Bengaluru Dist,Suryanagar PS,1.04422e+16,2023,1,2,Road Accidents,Cross roads,Rural Areas,Near Bus stop,Human Error,No,Grievous Injury,Vehicle to Vehicle,Uncontrolled,Curve,Two way,Bitumen(Tar),Dry,No influence on accident,Clear,HILALIGE GATE,2,2,12.792507,77.7060229
Bengaluru Dist,Suryanagar PS,1.04422e+16,2023,1,2,Road Accidents,Narrow road,City/Town,Near Hospital,Human Error,No,Fatal,Vehicle to Vehicle,Not at  Junction,Not Applicable,NH,Bitumen(Tar),Dry,No influence on accident,Fine,BANGALORE DISTRICT ANEKAL TALUK CHANDAPURA HOSUR TO BANGALORE NH ROAD NEAR BEST HOSPITA,1,2,0.0,0.0
Bengaluru Dist,Suryanagar PS,1.04422e+16,2023,1,2,Road Accidents,Narrow road,Rural Areas,Near Bus stop,Human Error,Not Applicable,Grievous Injury,Vehicle to Vehicle,No signal lights,Not Applicable,NH,Bitumen(Tar),Dry,No influence on accident,Clear,BANGALORE DISTRICT ANEKAL TALUK HOSUR TO BANGALORE NH ROAD NEAR THIRUMAGONDANAHALLI BUS STOP,1,4,12.793825,77.722045
Bengaluru Dist,Suryanagar PS,1.04422e+16,2023,1,2,Road Accidents,Narrow road,Rural Areas,Near a religious place,Human Error,No,Grievous Injury,Vehicle to Vehicle,No signal lights,Not Applicable,State Highway,Bitumen(Tar),Dry,No influence on accident,Fine,"BANGALORE DISTRICT ANEKAL TALUK CHANDAPURA TO ANEKAL ROAD, FRONT OF JR GARDEN",1,3KM,12.773731,77.70198
Bengaluru Dist,Thirumalashettahalli PS,1.04422e+16,2016,1,2,Road Accidents,Narrow road,Rural Areas,Open area,Human Error,Yes,Grievous Injury,Rear end,Uncontrolled,Others,Village Road,Bitumen(Tar),Dry,Not Applicable,Fine,soukya Road,soukya hospital,200 mt,0.0,0.0
Bengaluru Dist,Thirumalashettahalli PS,1.04422e+16,2016,1,2,Road Accidents,Narrow road,Rural Areas,Near a factory industrial area,Human Error,No,Damage Only,Rear end,Not Applicable,Others,Others,Bitumen(Tar),Others,Not Applicable,Fine,"deevalapura road,kacharakanahalli",behind FCI gate,5,0.0,0.0
Bengaluru Dist,Thirumalashettahalli PS,1.04422e+16,2016,1,2,Road Accidents,Narrow road,Rural Areas,Near or inside a village,Human Error,No,Grievous Injury,Hit parked vehicle,Uncontrolled,Not Applicable,NH,Bitumen(Tar),Dry,Not Applicable,Fine,NH-207,Babu Layout,10,0.0,0.0
Bengaluru Dist,Thirumalashettahalli PS,1.04422e+16,2016,1,2,Road Accidents,Narrow road,Rural Areas,Open area,Not Applicable,Yes,Grievous Injury,Head on,Not at  Junction,Not Applicable,Village Road,Bitumen(Tar),Dry,Not Applicable,Fine,NADAVATHI ROAD,NEAR TULASINATHA LAND,200 MT,0.0,0.0
Bengaluru Dist,Thirumalashettahalli PS,1.04422e+16,2016,1,1,Road Accidents,Narrow road,Villages settlement,Near or inside a village,Not Applicable,No,Grievous Injury,Hit pedestrian,Not at  Junction,Not Applicable,Village Road,Bitumen(Tar),Dry,Not Applicable,Fine,Makanahalli Village Road,bus stand,40 ft,0.0,0.0
Bengaluru Dist,Thirumalashettahalli PS,1.04422e+16,2016,1,1,Road Accidents,Other,Rural Areas,Open area,Human Error,No,Not Applicable,Others,Uncontrolled,Not Applicable,NH,Bitumen(Tar),Others,Not Applicable,Fine,N H 207 Road,Private company Compound,22 Fee,0.0,0.0
Bengaluru Dist,Thirumalashettahalli PS,1.04422e+16,2016,1,2,Road Accidents,Narrow road,Rural Areas,Near or inside a village,Not Applicable,No,Grievous Injury,Rear end,Not Applicable,Straight and flat,NH,Bitumen(Tar),Others,Not Applicable,Others,N H 207 Road,Elecricity pole,35 Fee,0.0,0.0
Bengaluru Dist,Thirumalashettahalli PS,1.04422e+16,2016,1,2,Road Accidents,Narrow road,Rural Areas,Near or inside a village,Human Error,Not Applicable,Grievous Injury,Head on,Not Applicable,Not Applicable,NH,Bitumen(Tar),Dry,Not Applicable,Clear,NH 207 Road,muniswamy shop,10 f,0.0,0.0
Bengaluru Dist,Thirumalashettahalli PS,1.04422e+16,2016,1,2,Road Accidents,Narrow road,Villages settlement,Near Petrol Pump,Not Applicable,No,Grievous Injury,Head on,Uncontrolled,Straight and flat,Village Road,Bitumen(Tar),Dry,Not Applicable,Fine,OTHER ROAD,PETROL PUMB,60FT,0.0,0.0
Bengaluru Dist,Thirumalashettahalli PS,1.04422e+16,2016,1,1,Road Accidents,Narrow road,Rural Areas,Open area,Human Error,No,Not Applicable,Others,Uncontrolled,Not Applicable,NH,Bitumen(Tar),Others,Not Applicable,Fine,N H 207 Road,Thirumalashettyhalli Village Road,100 fe,0.0,0.0
Bengaluru Dist,Thirumalashettahalli PS,1.04422e+16,2016,1,1,Road Accidents,Narrow road,Rural Areas,Near a religious place,Human Error,Not Applicable,Not Applicable,Overturning,Uncontrolled,Not Applicable,NH,Bitumen(Tar),Dry,Not Applicable,Clear,NH 207,SHANESHWARA TEMPLE TOWARDS NORTH,100 FT,0.0,0.0
Bengaluru Dist,Thirumalashettahalli PS,1.04422e+16,2016,1,2,Road Accidents,Narrow road,Villages settlement,Near or inside a village,Not Applicable,No,Grievous Injury,Rear end,Not at  Junction,Not Applicable,NH,Bitumen(Tar),Dry,Not Applicable,Fine,NH 207 Bodhanahosahalli,Bridge,60 ft,0.0,0.0
Bengaluru Dist,Thirumalashettahalli PS,1.04422e+16,2016,1,1,Road Accidents,Narrow road,Villages settlement,Near or inside a village,Not Applicable,No,Damage Only,Drowned,Uncontrolled,Not Applicable,NH,Bitumen(Tar),Dry,Not Applicable,Fine,NH 207,SAMETHANA LAKE APARTMENT,50 MTR,0.0,0.0
Bengaluru Dist,Thirumalashettahalli PS,1.04422e+16,2016,1,2,Road Accidents,Offset,Rural Areas,Near School or College,Human Error,No,Simple Injury,Rear end,Not Applicable,Not Applicable,NH,Bitumen(Tar),Not Applicable,Not Applicable,Fine,NH,near school compound,5,0.0,0.0
Bengaluru Dist,Thirumalashettahalli PS,1.04422e+16,2016,1,2,Road Accidents,Narrow road,Rural Areas,Open area,Human Error,Yes,Simple Injury,Hit and Run,Not Applicable,Not Applicable,NH,Bitumen(Tar),Dry,No influence on accident,Clear,NH,BAGE TREE,30 FT,0.0,0.0
Bengaluru Dist,Thirumalashettahalli PS,1.04422e+16,2016,1,2,Road Accidents,Narrow road,Villages settlement,Near or inside a village,Not Applicable,No,Grievous Injury,Hit parked vehicle,Uncontrolled,Not Applicable,NH,Bitumen(Tar),Dry,Not Applicable,Fine,NH 207,MILK DAIRY,40 FT,0.0,0.0
Bengaluru Dist,Thirumalashettahalli PS,1.04422e+16,2016,1,2,Road Accidents,Narrow road,Rural Areas,Open area,Human Error,No,Grievous Injury,Others,Uncontrolled,Others,NH,Bitumen(Tar),Others,Not Applicable,Others,NH 207 Road,Elecricity pole,06 Fee,0.0,0.0
Bengaluru Dist,Thirumalashettahalli PS,1.04422e+16,2016,1,2,Road Accidents,Cross roads,Rural Areas,Open area,Human Error,No,Grievous Injury,Head on,Not Applicable,Not Applicable,NH,Bitumen(Tar),Dry,Not Applicable,Fine,Nh 207,NH 207,10,0.0,0.0
Bengaluru Dist,Thirumalashettahalli PS,1.04422e+16,2017,1,2,Road Accidents,Narrow road,Rural Areas,Near a factory industrial area,Human Error,No,Grievous Injury,Run Off Road,Uncontrolled,Curve,Village Road,Bitumen(Tar),Dry,Not Applicable,Clear,Rural Road,Verhouse,40 fee,0.0,0.0
Bengaluru Dist,Thirumalashettahalli PS,1.04422e+16,2017,1,1,Road Accidents,Other,Rural Areas,Near or inside a village,Vehicle Defect,No,Fatal,Not Applicable,Not Applicable,Others,Others,Bitumen(Tar),Others,Not Applicable,Others,BAKTARAHALLY-KODIHALLY VILLAGE,LIGHT KAMBA,7 KM,0.0,0.0
Bengaluru Dist,Thirumalashettahalli PS,1.04422e+16,2017,1,2,Road Accidents,Narrow road,Rural Areas,Open area,Not Applicable,No,Grievous Injury,Others,Uncontrolled,Others,NH,Bitumen(Tar),Not Applicable,Not Applicable,Clear,N.H.207 Road,Rmc cement plant Compound,60feet,0.0,0.0
Bengaluru Dist,Thirumalashettahalli PS,1.04422e+16,2017,1,2,Road Accidents,Curves,Rural Areas,Near a factory industrial area,Not Applicable,No,Grievous Injury,Head on,Uncontrolled,Sharp Curve,Others,Not Applicable,Others,Not Applicable,Fine,Makanahalli IOC Road,Ware house,150,0.0,0.0
Bengaluru Dist,Thirumalashettahalli PS,1.04422e+16,2017,1,2,Road Accidents,Narrow road,Rural Areas,Open area,Not Applicable,No,Grievous Injury,Others,Uncontrolled,Others,NH,Bitumen(Tar),Dry,Not Applicable,Fine,N.H.207 Road,Electric pole,20feet,0.0,0.0
Bengaluru Dist,Thirumalashettahalli PS,1.04422e+16,2017,1,2,Road Accidents,Narrow road,Rural Areas,Open area,Human Error,Yes,Grievous Injury,Others,Uncontrolled,Not Applicable,Village Road,Bitumen(Tar),Others,Not Applicable,Fine,Hunasehalli Road,Anjaneya Temple,20 ft,0.0,0.0
Bengaluru Dist,Thirumalashettahalli PS,1.04422e+16,2017,1,2,Road Accidents,Narrow road,Rural Areas,Open area,Not Applicable,No,Grievous Injury,Others,Not Applicable,Others,NH,Bitumen(Tar),Others,Not Applicable,Fine,N H 207 Road,Elecricity pole,100 f,0.0,0.0
Bengaluru Dist,Thirumalashettahalli PS,1.04422e+16,2017,1,2,Road Accidents,Cross roads,Rural Areas,Open area,Human Error,No,Grievous Injury,Rear end,Controlled,Curve,Village Road,Bitumen(Tar),Dry,Not Applicable,Clear,Rural road,keb pol,10 Fee,0.0,0.0
Bengaluru Dist,Thirumalashettahalli PS,1.04422e+16,2017,1,1,Road Accidents,Narrow road,Rural Areas,Near a factory industrial area,Not Applicable,No,Grievous Injury,Hit pedestrian,Not at  Junction,Not Applicable,Others,Surfaced,Wet,Not Applicable,Fine,Soukya Road,Max Wear House,1 KM,0.0,0.0
Bengaluru Dist,Thirumalashettahalli PS,1.04422e+16,2017,1,1,Road Accidents,Narrow road,Villages settlement,Residential area,Vehicle Defect,No,Grievous Injury,Hit pedestrian,Not at  Junction,Not Applicable,NH,Metalled,Dry,Not Applicable,Fine,NH 207,Vijayakumar Shaving Shop,6 ft,0.0,0.0
Bengaluru Dist,Thirumalashettahalli PS,1.04422e+16,2017,1,1,Road Accidents,Narrow road,Rural Areas,Open area,Not Applicable,No,Grievous Injury,Side swipe,Not at  Junction,Not Applicable,Village Road,Not Applicable,Wet,Not Applicable,Fine,Village Road,150 feet,House,0.0,0.0
Bengaluru Dist,Thirumalashettahalli PS,1.04422e+16,2017,1,1,Road Accidents,Narrow road,Rural Areas,Open area,Not Applicable,No,Grievous Injury,Head on,Not Applicable,Not Applicable,NH,Bitumen(Tar),Wet,Not Applicable,Fine,National Hyway,Suguna Store,200 Mt,0.0,0.0
Bengaluru Dist,Thirumalashettahalli PS,1.04422e+16,2017,1,2,Road Accidents,Narrow road,Rural Areas,Open area,Human Error,No,Grievous Injury,Head on,Controlled,Not Applicable,NH,Bitumen(Tar),Dry,Not Applicable,Clear,N H 207 Road,keb pol,25 fee,0.0,0.0
Bengaluru Dist,Thirumalashettahalli PS,1.04422e+16,2017,1,2,Road Accidents,Curves,Rural Areas,Open area,Human Error,No,Simple Injury,Head on,Uncontrolled,Curve and Incline,NH,Bitumen(Tar),Dry,Not Applicable,Clear,NH 207,SOLAR LAMP POLE TOWARDS NORTH,30 FT,0.0,0.0
Bengaluru Dist,Thirumalashettahalli PS,1.04422e+16,2017,1,2,Road Accidents,Bridge,Rural Areas,Narrow bridge or culverts,Human Error,Yes,Grievous Injury,Hit and Run,Not Applicable,Not Applicable,Village Road,Bitumen(Tar),Dry,Not Applicable,Others,road,near bridga,30 fee,0.0,0.0
Bengaluru Dist,Thirumalashettahalli PS,1.04422e+16,2017,1,2,Road Accidents,Narrow road,Rural Areas,Near or inside a village,Human Error,No,Grievous Injury,Head on,Not Applicable,Not Applicable,Village Road,Bitumen(Tar),Dry,Not Applicable,Clear,Rural road,keb pol,25 fee,0.0,0.0
Bengaluru Dist,Thirumalashettahalli PS,1.04422e+16,2017,1,2,Road Accidents,T Junction,Rural Areas,Residential area,Not Applicable,Yes,Grievous Injury,Hit and Run,Uncontrolled,Curve,Village Road,Bitumen(Tar),Wet,Not Applicable,Fine,Village Road,Bisnahalli Junction,05 KM,0.0,0.0
Bengaluru Dist,Thirumalashettahalli PS,1.04422e+16,2017,1,1,Road Accidents,Narrow road,Villages settlement,Residential area,Not Applicable,No,Grievous Injury,Hit bicyclist,Not at  Junction,Not Applicable,Two way,Not Applicable,Wet,Not Applicable,Fine,NH 207,Ambedkar Bhavan,20 ft,0.0,0.0
Bengaluru Dist,Thirumalashettahalli PS,1.04422e+16,2017,1,2,Not Applicable,Other,Not Applicable,Open area,Not Applicable,Yes,Fatal,Others,Controlled,Not Applicable,Two way,Bitumen(Tar),Not Applicable,Not Applicable,Fine,two way,temple,5 km,0.0,0.0
Bengaluru Dist,Thirumalashettahalli PS,1.04422e+16,2017,1,2,Road Accidents,Narrow road,Rural Areas,Near Hospital,Not Applicable,Not Applicable,Not Applicable,Not Applicable,Uncontrolled,Straight and flat,Two way,Bitumen(Tar),Not Applicable,Not Applicable,Clear,Soukya road,near electrical pole,20 fee,0.0,0.0
Bengaluru Dist,Thirumalashettahalli PS,1.04422e+16,2017,1,2,Road Accidents,Other,Villages settlement,Open area,Vehicle Defect,No,Fatal,Others,Not Applicable,Sharp Curve,NH,Not Applicable,Dry,Not Applicable,Clear,N H 204 ROAD,current pole,20,0.0,0.0
Bengaluru Dist,Thirumalashettahalli PS,1.04422e+16,2017,1,2,Road Accidents,Narrow road,Not Applicable,Open area,Human Error,No,Grievous Injury,Rear end,Not Applicable,Not Applicable,Others,Bitumen(Tar),Dry,Not Applicable,Clear,OTHER ROAD,BANYAN TREE TOWARDS NORTH,18 FT,0.0,0.0
Bengaluru Dist,Thirumalashettahalli PS,1.04422e+16,2017,1,2,Road Accidents,Narrow road,Rural Areas,Open area,Not Applicable,Yes,Grievous Injury,Hit and Run,Not at  Junction,Not Applicable,NH,Not Applicable,Dry,Construction Work / Material,Fine,NH 207,Form House,80,0.0,0.0
Bengaluru Dist,Thirumalashettahalli PS,1.04422e+16,2017,1,1,Not Applicable,Narrow road,Rural Areas,Open area,Not Applicable,No,Grievous Injury,Others,Uncontrolled,Not Applicable,Others,Bitumen(Tar),Dry,Not Applicable,Fine,Soukya road,Elecricity pole,25 fee,0.0,0.0
Bengaluru Dist,Thirumalashettahalli PS,1.04422e+16,2017,1,2,Road Accidents,Other,Rural Areas,Open area,Not Applicable,No,Fatal,Others,Not Applicable,Not Applicable,NH,Not Applicable,Not Applicable,Not Applicable,Not Applicable,NH 207,to wards East 80 Ft  Electric pole,80 ft,0.0,0.0
Bengaluru Dist,Thirumalashettahalli PS,1.04422e+16,2017,1,1,Road Accidents,Narrow road,Villages settlement,Near Bus stop,Not Applicable,Not Applicable,Grievous Injury,Hit pedestrian,Not Applicable,Others,NH,Bitumen(Tar),Not Applicable,Not Applicable,Clear,N H 207 Road,Ayyapps Bekary,02 Km,0.0,0.0
Bengaluru Dist,Thirumalashettahalli PS,1.04422e+16,2017,1,1,Road Accidents,Narrow road,Rural Areas,Open area,Not Applicable,Yes,Fatal,Hit and Run,Uncontrolled,Not Applicable,Village Road,Bitumen(Tar),Not Applicable,Not Applicable,Clear,Rural road,Verity  bekary,5 foot,0.0,0.0
Bengaluru Dist,Thirumalashettahalli PS,1.04422e+16,2017,1,2,Road Accidents,Narrow road,Rural Areas,Open area,Not Applicable,No,Simple Injury,Others,Uncontrolled,Not Applicable,Others,Bitumen(Tar),Others,Not Applicable,Others,Soukya road,FSC Company,500mtr,0.0,0.0
Bengaluru Dist,Thirumalashettahalli PS,1.04422e+16,2017,1,2,Road Accidents,Narrow road,Villages settlement,Open area,Human Error,No,Grievous Injury,Head on,Uncontrolled,Not Applicable,NH,Kutcha,Dry,Construction Work / Material,Fine,Koraluru Village,House of Krishnappa,150 ft,0.0,0.0
Bengaluru Dist,Thirumalashettahalli PS,1.04422e+16,2017,1,2,Road Accidents,Junction,Rural Areas,Open area,Human Error,Yes,Grievous Injury,Hit and Run,Give way sign,Curve,NH,Bitumen(Tar),Dry,Not Applicable,Clear,NH 207,Tree,6 fee,0.0,0.0
Bengaluru Dist,Thirumalashettahalli PS,1.04422e+16,2017,1,2,Road Accidents,Y Junction,Rural Areas,Open area,Human Error,No,Grievous Injury,Overturning,Uncontrolled,Curve and Incline,NH,Surfaced,Dry,Not Applicable,Fine,NH 207,tHIRUMALASHETTYHALLI jUNCTION,20FT,0.0,0.0
Bengaluru Dist,Thirumalashettahalli PS,1.04422e+16,2017,1,2,Road Accidents,Narrow road,Rural Areas,Open area,Human Error,Yes,Simple Injury,Head on,Not at  Junction,Not Applicable,NH,Bitumen(Tar),Dry,No influence on accident,Clear,NH 207,KEB POLE TOWARDS EAST,35 FT,0.0,0.0
Bengaluru Dist,Thirumalashettahalli PS,1.04422e+16,2017,1,1,Not Applicable,Curves,Rural Areas,Open area,Human Error,No,Simple Injury,Not Applicable,Not Applicable,Curve,NH,Not Applicable,Not Applicable,Not Applicable,Not Applicable,NH 207,NH 207,22,0.0,0.0
Bengaluru Dist,Thirumalashettahalli PS,1.04422e+16,2017,1,2,Road Accidents,Narrow road,Rural Areas,Open area,Human Error,No,Grievous Injury,Rear end,Not at  Junction,Others,NH,Surfaced,Dry,Not Applicable,Fine,NH 207,L J Iyyangar Bekary,15,0.0,0.0
Bengaluru Dist,Thirumalashettahalli PS,1.04422e+16,2018,1,2,Road Accidents,Other,Rural Areas,Near or inside a village,Not Applicable,No,Simple Injury,Others,Not Applicable,Others,Village Road,Bitumen(Tar),Others,Not Applicable,Others,Rural road,Street Lamp,10 FT,0.0,0.0
Bengaluru Dist,Thirumalashettahalli PS,1.04422e+16,2018,1,2,Road Accidents,Narrow road,Rural Areas,Near Bus stop,Not Applicable,No,Grievous Injury,Others,Uncontrolled,Others,Others,Bitumen(Tar),Dry,Not Applicable,Others,Other road,Hotel,30Feet,0.0,0.0
Bengaluru Dist,Thirumalashettahalli PS,1.04422e+16,2018,1,1,Road Accidents,Narrow road,Rural Areas,Near or inside a village,Human Error,Yes,Not Applicable,Hit and Run,Controlled,Others,Village Road,Bitumen(Tar),Not Applicable,Not Applicable,Clear,NH -207 Hiway,Elecric pole,15,0.0,0.0
Bengaluru Dist,Thirumalashettahalli PS,1.04422e+16,2018,1,2,Road Accidents,Other,Rural Areas,Near or inside a village,Not Applicable,Yes,Simple Injury,Hit and Run,Not Applicable,Curve,One way,Not Applicable,Not Applicable,Not Applicable,Not Applicable,IOC Road,Small bridge,40 fee,0.0,0.0
Bengaluru Dist,Thirumalashettahalli PS,1.04422e+16,2018,1,2,Road Accidents,Narrow road,Rural Areas,Open area,Human Error,No,Grievous Injury,Others,Uncontrolled,Not Applicable,Village Road,Bitumen(Tar),Others,Not Applicable,Fine,N H 207 Road,Near Hotel,40 fee,0.0,0.0
Bengaluru Dist,Thirumalashettahalli PS,1.04422e+16,2018,1,2,Road Accidents,Junction,Rural Areas,Near a factory industrial area,Human Error,Not Applicable,Fatal,Others,Not Applicable,Not Applicable,NH,Bitumen(Tar),Dry,Not Applicable,Clear,K Mallasandra,near by Mahadeshappa ittige foctory,5,0.0,0.0
Bengaluru Dist,Thirumalashettahalli PS,1.04422e+16,2018,1,2,Road Accidents,Narrow road,Rural Areas,Open area,Human Error,No,Grievous Injury,Head on,Uncontrolled,Not Applicable,Village Road,Bitumen(Tar),Dry,Not Applicable,Fine,Kodihalli Village,KEB Pole,30 ft,0.0,0.0
Bengaluru Dist,Thirumalashettahalli PS,1.04422e+16,2018,1,2,Road Accidents,Other,Rural Areas,Near or inside a village,Human Error,Yes,Grievous Injury,Hit and Run,Not Applicable,Straight and flat,NH,Bitumen(Tar),Dry,Not Applicable,Clear,N H 207 Road,Balaji hardware stale,40fee,0.0,0.0
Bengaluru Dist,Thirumalashettahalli PS,1.04422e+16,2018,1,1,Road Accidents,Other,Rural Areas,Near or inside a village,Not Applicable,Not Applicable,Simple Injury,Others,Not Applicable,Not Applicable,NH,Bitumen(Tar),Others,Not Applicable,Others,N H 207 Road,School Board,50 FT,0.0,0.0
Bengaluru Dist,Thirumalashettahalli PS,1.04422e+16,2018,1,2,Not Applicable,Circle,Rural Areas,Open area,Not Applicable,Yes,Damage Only,Others,Uncontrolled,Others,NH,Bitumen(Tar),Dry,Not Applicable,Clear,N H 207 Road,Govt land,40 fee,0.0,0.0
Bengaluru Dist,Thirumalashettahalli PS,1.04422e+16,2018,1,2,Not Applicable,Narrow road,Rural Areas,Open area,Not Applicable,No,Grievous Injury,Others,Uncontrolled,Not Applicable,Others,Bitumen(Tar),Dry,Not Applicable,Clear,Other road,Private Land,10 Me,0.0,0.0
Bengaluru Dist,Thirumalashettahalli PS,1.04422e+16,2018,1,2,Road Accidents,Cross roads,Rural Areas,Near Bus stop,Not Applicable,Not Applicable,Grievous Injury,Rear end,Uncontrolled,Curve,Residential Street,Bitumen(Tar),Dry,Not Applicable,Clear,N H 207 Road,Electric pole,10 Fee,0.0,0.0
Bengaluru Dist,Thirumalashettahalli PS,1.04422e+16,2018,1,2,Road Accidents,Narrow road,Rural Areas,Near a factory industrial area,Not Applicable,No,Fatal,Others,Not Applicable,Others,NH,Not Applicable,Others,Not Applicable,Others,NH -207,Gathi ware house Compound,12 FT,0.0,0.0
Bengaluru Dist,Thirumalashettahalli PS,1.04422e+16,2018,1,2,Road Accidents,Narrow road,Rural Areas,Open area,Not Applicable,No,Grievous Injury,Others,Uncontrolled,Others,Others,Bitumen(Tar),Dry,Not Applicable,Clear,"Soukya road, Thirumalashettyhalli Village, Hosakote Taluk",Next Logistic company,40 fee,0.0,0.0
Bengaluru Dist,Thirumalashettahalli PS,1.04422e+16,2018,1,2,Road Accidents,Other,Rural Areas,Residential area,Not Applicable,No,Simple Injury,Others,Uncontrolled,Others,NH,Bitumen(Tar),Dry,Not Applicable,Clear,N H 207 Road,Chandrappa building near,10feet,0.0,0.0
Bengaluru Dist,Thirumalashettahalli PS,1.04422e+16,2018,1,2,Road Accidents,Narrow road,Rural Areas,Open area,Human Error,Yes,Grievous Injury,Hit and Run,Uncontrolled,Not Applicable,NH,Surfaced,Dry,Not Applicable,Fine,NH 207,Board,30 ft,0.0,0.0
Bengaluru Dist,Thirumalashettahalli PS,1.04422e+16,2018,1,1,Road Accidents,Not Applicable,Rural Areas,Near or inside a village,Human Error,No,Fatal,Hit bicyclist,Not Applicable,Others,Others,Not Applicable,Others,Not Applicable,Others,Rural road,Street Lamp,3 FT,0.0,0.0
Bengaluru Dist,Thirumalashettahalli PS,1.04422e+16,2018,1,2,Road Accidents,Narrow road,Rural Areas,Near or inside a village,Not Applicable,Yes,Simple Injury,Hit and Run,Not Applicable,Not Applicable,NH,Bitumen(Tar),Not Applicable,Not Applicable,Others,N H 207 Road,G r muniyappa home Gate,20 fee,0.0,0.0
Bengaluru Dist,Thirumalashettahalli PS,1.04422e+16,2018,1,2,Road Accidents,Narrow road,Rural Areas,Near or inside a village,Not Applicable,No,Fatal,Others,Not Applicable,Not Applicable,NH,Bitumen(Tar),Not Applicable,Not Applicable,Others,NH 207,Mudroad,20 Ft,0.0,0.0
Bengaluru Dist,Thirumalashettahalli PS,1.04422e+16,2018,1,2,Road Accidents,Other,Rural Areas,Near or inside a village,Not Applicable,No,Simple Injury,Others,Not Applicable,Not Applicable,Village Road,Bitumen(Tar),Others,Not Applicable,Others,Rural road,Water tank,65 FT,0.0,0.0
Bengaluru Dist,Thirumalashettahalli PS,1.04422e+16,2018,1,2,Road Accidents,Narrow road,Rural Areas,Open area,Not Applicable,Yes,Grievous Injury,Others,Uncontrolled,Others,NH,Bitumen(Tar),Others,Not Applicable,Clear,NH 207 Road,Bridge,10 fee,0.0,0.0
Bengaluru Dist,Thirumalashettahalli PS,1.04422e+16,2018,1,1,Road Accidents,Narrow road,Villages settlement,Residential area,Not Applicable,Yes,Grievous Injury,Hit pedestrian,Not Applicable,Not Applicable,NH,Bitumen(Tar),Dry,Not Applicable,Fine,NH 207,KRISHNA MAINSWEAR SHOP,10 FT,0.0,0.0