DISTRICTNAME,UNITNAME,Crime_No,Year,RI,Noofvehicle_involved,Accident_Classification,Accident_Spot,Accident_Location,Accident_SubLocation,Main_Cause,Hit_Run,Severity,Collision_Type,Junction_Control,Road_Character,Road_Type,Surface_Type,Surface_Condition,Road_Condition,Weather,Accident_Road,Landmark_first,Distance_LandMark_First,Latitude,Longitude
Bengaluru Dist,Thirumalashettahalli PS,1.04422e+16,2021,1,2,Road Accidents,Circle,Rural Areas,In bazaar,Human Error,Yes,Simple Injury,Vehicle to Vehicle,Uncontrolled,Others,Others,Bitumen(Tar),Dry,Not Applicable,Clear,Paramanahalli Village Circle,Near Governament Shop,10 fee,13.008597,77.843131
Bengaluru Dist,Thirumalashettahalli PS,1.04422e+16,2021,1,2,Road Accidents,Not Applicable,Rural Areas,Open area,Human Error,Not Applicable,Grievous Injury,Vehicle to Vehicle,Uncontrolled,Others,Others,Bitumen(Tar),Others,Not Applicable,Clear,Soukya Road,Near Remend Werhouse,0.3,12.987655,77.815212
Bengaluru Dist,Thirumalashettahalli PS,1.04422e+16,2021,1,1,Road Accidents,Cross roads,Rural Areas,Residential area,Human Error,Not Applicable,Grievous Injury,Hit pedestrian,Uncontrolled,Others,Others,Bitumen(Tar),Dry,Not Applicable,Clear,"Ioc road, Kanekal Village",NEAR LPG GAS PLANT,0.3 KM,12.987783,77.835267
Bengaluru Dist,Thirumalashettahalli PS,1.04422e+16,2021,1,2,Road Accidents,Narrow road,Rural Areas,Open area,Human Error,Yes,Grievous Injury,Vehicle to Vehicle,Uncontrolled,Not Applicable,NH,Bitumen(Tar),Dry,Not Applicable,Others,"T.S.Halli-Bodanahosahalli NH-648 Road, Samethanahali Hosakote Taluk",Near Iynger Bakery,3 km,12.981219,77.787088
Bengaluru Dist,Thirumalashettahalli PS,1.04422e+16,2021,1,2,Road Accidents,Not Applicable,Rural Areas,Open area,Human Error,Not Applicable,Grievous Injury,Vehicle to Vehicle,Uncontrolled,Others,NH,Bitumen(Tar),Others,Not Applicable,Others,K Mallasandra NH-648 Road,Near Mallasandra Church,0.4mts,13.007926,77.784109
Bengaluru Dist,Thirumalashettahalli PS,1.04422e+16,2021,1,1,Road Accidents,Cross roads,Rural Areas,Open area,Human Error,No,Grievous Injury,Hit pedestrian,Uncontrolled,Others,NH,Bitumen(Tar),Dry,Not Applicable,Clear,NH-648,Ambari work shop,05 km,12.976909,77.810515
Bengaluru Dist,Thirumalashettahalli PS,1.04422e+16,2021,1,2,Road Accidents,Curves,Rural Areas,Near School or College,Human Error,Not Applicable,Grievous Injury,Vehicle to Vehicle,Uncontrolled,Curve,NH,Bitumen(Tar),Dry,Not Applicable,Clear,Koraluru NH 648 road,Near Ficus fax compani,0.1 km,0.0,0.0
Bengaluru Dist,Thirumalashettahalli PS,1.04422e+16,2021,1,2,Road Accidents,Not Applicable,Rural Areas,Open area,Human Error,Not Applicable,Grievous Injury,Vehicle to Vehicle,Uncontrolled,Others,NH,Bitumen(Tar),Others,Not Applicable,Clear,NH 648 Koraluru,Koraluru NH 648 Road,0.1mtr,12.996026,77.7836019
Bengaluru Dist,Thirumalashettahalli PS,1.04422e+16,2021,1,1,Road Accidents,Not Applicable,Rural Areas,Open area,Not Applicable,Not Applicable,Fatal,Not Applicable,Not Applicable,Not Applicable,Others,Bitumen(Tar),Others,Not Applicable,Others,NADUVATTI TO BISNAHALLI,0,4 KMS,13.008001,77.800789
Bengaluru Dist,Thirumalashettahalli PS,1.04422e+16,2021,1,1,Road Accidents,Curves,Rural Areas,Open area,Human Error,Yes,Fatal,Hit pedestrian,Signals (Working),Curve,NH,Bitumen(Tar),Dry,No influence on accident,Fine,NH Road,Electric Pole,15ft,13.055433,77.813857
Bengaluru Dist,Thirumalashettahalli PS,1.04422e+16,2021,1,2,Road Accidents,Not Applicable,Rural Areas,Near School or College,Human Error,Not Applicable,Grievous Injury,Vehicle to Vehicle,Uncontrolled,Others,NH,Bitumen(Tar),Dry,Not Applicable,Clear,"NH-648 Road, Ts halli",Near Bavani School,0.2mts,12.984274,77.783061
Bengaluru Dist,Thirumalashettahalli PS,1.04422e+16,2022,1,2,Road Accidents,Not Applicable,Rural Areas,Near a factory industrial area,Not Applicable,No,Fatal,Vehicle to Vehicle,Not at  Junction,Others,Minor District Road,Bitumen(Tar),Dry,Not Applicable,Others,IOC Road,Tranworld International ware hows pvt ltd,15feet,13.028802,77.78723
Bengaluru Dist,Thirumalashettahalli PS,1.04422e+16,2022,1,2,Road Accidents,Curves,Rural Areas,Open area,Human Error,No,Grievous Injury,Vehicle to Vehicle,Controlled,Curve,NH,Bitumen(Tar),Dry,Not Applicable,Clear,NH,Bhaktarahalli Gate,6KM,0.0,0.0
Bengaluru Dist,Thirumalashettahalli PS,1.04422e+16,2022,1,2,Road Accidents,Circle,Rural Areas,Open area,Human Error,No,Grievous Injury,Vehicle to Vehicle,Uncontrolled,Others,Others,Bitumen(Tar),Dry,Not Applicable,Cloudy,Hunasehalli Cross,Hunasehalli Cross,0.1mtr,12.993869,77.798531
Bengaluru Dist,Thirumalashettahalli PS,1.04422e+16,2022,1,2,Road Accidents,Curves,Rural Areas,Open area,Human Error,No,Grievous Injury,Vehicle to Vehicle,Give way sign,Curve,Others,Bitumen(Tar),Dry,Not Applicable,Clear,Soukya Road,Thirumalashettihalli,0.5,12.989383,77.81261
Bengaluru Dist,Thirumalashettahalli PS,1.04422e+16,2022,1,2,Road Accidents,Not Applicable,Rural Areas,Open area,Human Error,No,Grievous Injury,Vehicle to Vehicle,Controlled,Others,One way,Bitumen(Tar),Dry,Not Applicable,Clear,Village Road,tindlu,13KM,12.978998,77.837565
Bengaluru Dist,Thirumalashettahalli PS,1.04422e+16,2022,1,3,Road Accidents,Narrow road,Rural Areas,Open area,Human Error,Not Applicable,Damage Only,Vehicle to Vehicle,Uncontrolled,Straight and flat,NH,Bitumen(Tar),Dry,Not Applicable,Fine,Bodanahosahalli-T.s.Halli NH 648 Road,Near Foam Water service Station,3 km,12.978576,77.802654
Bengaluru Dist,Thirumalashettahalli PS,1.04422e+16,2022,1,2,Road Accidents,Circle,Rural Areas,Near Bus stop,Human Error,No,Grievous Injury,Vehicle to Vehicle,Controlled,Curve,Others,Bitumen(Tar),Dry,Not Applicable,Snow,Other Road,Sai Palace,0.5,12.996924,77.782918
Bengaluru Dist,Thirumalashettahalli PS,1.04422e+16,2022,1,1,Road Accidents,Not Applicable,Rural Areas,Residential area,Not Applicable,Not Applicable,Fatal,Not Applicable,Not Applicable,Others,Residential Street,Not Applicable,Not Applicable,Not Applicable,Others,Tar road,300 mtr  south  dargha,300 mt,13.017865,77.862085
Bengaluru Dist,Thirumalashettahalli PS,1.04422e+16,2022,1,1,Road Accidents,Curves,Rural Areas,Open area,Human Error,Yes,Simple Injury,Hit pedestrian,Controlled,Curve,NH,Bitumen(Tar),Others,Not Applicable,Clear,NH,Bhaktarahalli Gate,6KM,12.995035,77.811891
Bengaluru Dist,Thirumalashettahalli PS,1.04422e+16,2022,1,1,Road Accidents,Junction,Rural Areas,At pedestrian Crossing,Not Applicable,No,Grievous Injury,Hit pedestrian,Uncontrolled,Others,Others,Bitumen(Tar),Dry,No influence on accident,Clear,Soukya Road,Near Bakery,1 Km,12.989277,77.786052
Bengaluru Dist,Thirumalashettahalli PS,1.04422e+16,2022,1,1,Not Applicable,Not Applicable,Rural Areas,Open area,Human Error,No,Grievous Injury,Not Applicable,Controlled,Others,Others,Bitumen(Tar),Dry,Not Applicable,Clear,Village Road,Jinnagara Basappa Agrculcher land,12Km,13.049023,77.824844
Bengaluru Dist,Thirumalashettahalli PS,1.04422e+16,2022,1,2,Road Accidents,Curves,Rural Areas,Open area,Human Error,Not Applicable,Grievous Injury,Vehicle to Vehicle,Controlled,Others,One way,Bitumen(Tar),Dry,Not Applicable,Clear,Village Road,IOC,8KM,12.996392,77.843852
Bengaluru Dist,Thirumalashettahalli PS,1.04422e+16,2022,1,2,Road Accidents,Curves,Rural Areas,Open area,Not Applicable,Not Applicable,Fatal,Vehicle to Vehicle,Not Applicable,Others,NH,Not Applicable,Not Applicable,Not Applicable,Fine,NH 648,Near K mallasandra Lake,5 km,13.00994,77.78404
Bengaluru Dist,Thirumalashettahalli PS,1.04422e+16,2022,1,2,Road Accidents,Curves,Rural Areas,Open area,Human Error,No,Simple Injury,Vehicle to Vehicle,Controlled,Curve,NH,Bitumen(Tar),Dry,Not Applicable,Fine,NH,Bhaktarahalli Gate,6,13.022262,77.796075
Bengaluru Dist,Thirumalashettahalli PS,1.04422e+16,2022,1,2,Road Accidents,Not Applicable,Rural Areas,Near Bus stop,Human Error,Not Applicable,Grievous Injury,Vehicle to Vehicle,Uncontrolled,Others,State Highway,Bitumen(Tar),Others,Not Applicable,Clear,TS Halli Honda Shoroom Near,TS Halli Circle Near,500 mt,12.985625,77.777455
Bengaluru Dist,Thirumalashettahalli PS,1.04422e+16,2022,1,2,Road Accidents,Not Applicable,Rural Areas,Open area,Human Error,No,Grievous Injury,Vehicle to Vehicle,Controlled,Curve,NH,Bitumen(Tar),Dry,Not Applicable,Clear,NH,Sametanahalli,2KM,12.984794,77.7824049
Bengaluru Dist,Thirumalashettahalli PS,1.04422e+16,2022,1,1,Road Accidents,Narrow road,City/Town,Open area,Human Error,Not Applicable,Grievous Injury,Not Applicable,Uncontrolled,Others,Others,Bitumen(Tar),Dry,Not Applicable,Clear,Bhakathrahalli Road,Near Ashirvad Ready Mix Plant,5 km,13.019482,77.793358
Bengaluru Dist,Thirumalashettahalli PS,1.04422e+16,2022,1,1,Road Accidents,Narrow road,Rural Areas,Near a factory industrial area,Not Applicable,No,Fatal,Not Applicable,Not Applicable,Others,Minor District Road,Bitumen(Tar),Dry,Not Applicable,Others,Soukhya Road,Peepal Tree,5mtr,12.990082,77.81211
Bengaluru Dist,Thirumalashettahalli PS,1.04422e+16,2022,1,2,Road Accidents,Not Applicable,Rural Areas,Near a factory industrial area,Human Error,No,Grievous Injury,Vehicle to Vehicle,Controlled,Not Applicable,NH,Bitumen(Tar),Dry,Not Applicable,Clear,NH,Koraluru,West,12.994119,77.783034
Bengaluru Dist,Thirumalashettahalli PS,1.04422e+16,2022,1,1,Not Applicable,Curves,Rural Areas,Open area,Not Applicable,No,Fatal,Not Applicable,Not at  Junction,Curve,One way,Not Applicable,Dry,Not Applicable,Fine,Devanagundi to Kanekal Cross Road,Electrical Pol road side,3,12.981664,77.831918
Bengaluru Dist,Thirumalashettahalli PS,1.04422e+16,2022,1,2,Road Accidents,Not Applicable,Rural Areas,Near School or College,Not Applicable,Not Applicable,Damage Only,Vehicle to Vehicle,Controlled,Curve,Others,Bitumen(Tar),Not Applicable,Not Applicable,Clear,Soukya Road,Near School,3 Km,12.993669,77.7975
Bengaluru Dist,Thirumalashettahalli PS,1.04422e+16,2022,1,2,Road Accidents,Road hump or Rumble strips,Rural Areas,Near a religious place,Human Error,No,Damage Only,Vehicle to Vehicle,Uncontrolled,Hump,NH,Bitumen(Tar),Others,Not Applicable,Clear,"NH 648 Road, K Mallasandra",Near Church,02 mtr,13.008112,77.868183
Bengaluru Dist,Thirumalashettahalli PS,1.04422e+16,2022,1,2,Road Accidents,Curves,Rural Areas,Open area,Human Error,No,Grievous Injury,Vehicle to Vehicle,Controlled,Curve,NH,Bitumen(Tar),Dry,Not Applicable,Fine,NH 648,Pettanahalli Gate,12Km,13.050542,77.784829
Bengaluru Dist,Thirumalashettahalli PS,1.04422e+16,2022,1,2,Road Accidents,Road hump or Rumble strips,Rural Areas,Open area,Human Error,No,Damage Only,Vehicle to Vehicle,Uncontrolled,Others,Others,Bitumen(Tar),Others,Not Applicable,Others,Ts halli Channasandra Road,Opposite  Honnu Wines,100mtr,12.986395,77.779818
Bengaluru Dist,Thirumalashettahalli PS,1.04422e+16,2022,1,1,Road Accidents,Narrow road,Rural Areas,Residential area,Not Applicable,No,Fatal,Not Applicable,Not Applicable,Others,NH,Bitumen(Tar),Dry,Not Applicable,Others,NH 648,Samthana lake front,50mtr,12.982928,77.785038
Bengaluru Dist,Thirumalashettahalli PS,1.04422e+16,2022,1,2,Road Accidents,Not Applicable,Rural Areas,Residential area,Human Error,Not Applicable,Grievous Injury,Vehicle to Vehicle,Uncontrolled,Others,NH,Bitumen(Tar),Dry,Not Applicable,Others,"Near Ts Halli Police Station, and Pilekamma Temple Near Road",Near Pilekamma Temple,100 mt,12.981685,77.78511
Bengaluru Dist,Thirumalashettahalli PS,1.04422e+16,2022,1,1,Not Applicable,Not Applicable,Rural Areas,Near Petrol Pump,Human Error,No,Grievous Injury,Hit bicyclist,Uncontrolled,Others,Others,Bitumen(Tar),Dry,Not Applicable,Clear,HP Petrol Band Near Emission Test Center,Near HP Petrol Bank TS Halli,200 mt,12.986642,77.778087
Bengaluru Dist,Thirumalashettahalli PS,1.04422e+16,2022,1,1,Road Accidents,Not Applicable,Rural Areas,Open area,Not Applicable,Not Applicable,Not Applicable,Hit pedestrian,Not Applicable,Not Applicable,Others,Not Applicable,Not Applicable,Not Applicable,Wind,IoC Road,05 Mtr East electric pole,50mtr,0.0,0.0
Bengaluru Dist,Thirumalashettahalli PS,1.04422e+16,2022,1,1,Road Accidents,Not Applicable,Rural Areas,Open area,Human Error,Not Applicable,Grievous Injury,Hit pedestrian,Uncontrolled,Others,Others,Bitumen(Tar),Dry,Not Applicable,Others,Soukya Road,Near Raffles Park,100mtr,12.989663,77.811976
Bengaluru Dist,Thirumalashettahalli PS,1.04422e+16,2022,1,1,Road Accidents,Not Applicable,Rural Areas,Open area,Not Applicable,Not Applicable,Grievous Injury,Hit pedestrian,Uncontrolled,Others,Others,Bitumen(Tar),Dry,Not Applicable,Clear,Samehtanahalli Road,Near Samethanahalli Church,100mtr,12.994366,77.7900109
Bengaluru Dist,Thirumalashettahalli PS,1.04422e+16,2022,1,1,Road Accidents,Not Applicable,Rural Areas,Residential area,Human Error,Yes,Grievous Injury,Hit pedestrian,Controlled,Not Applicable,NH,Bitumen(Tar),Dry,Not Applicable,Clear,NH,Sametanahlli,0.5,12.978892,77.79111
Bengaluru Dist,Thirumalashettahalli PS,1.04422e+16,2022,1,1,Road Accidents,Not Applicable,Rural Areas,Near a factory industrial area,Human Error,No,Simple Injury,Hit pedestrian,Uncontrolled,Others,NH,Bitumen(Tar),Dry,Not Applicable,Clear,NH-648 Doddagattigangabbe road,Doddagattiganabbe Daba,0.5km,13.021835,77.79556
Bengaluru Dist,Thirumalashettahalli PS,1.04422e+16,2022,1,2,Road Accidents,Junction,Rural Areas,Open area,Not Applicable,Not Applicable,Fatal,Vehicle to Vehicle,Not Applicable,Not Applicable,NH,Bitumen(Tar),Others,Not Applicable,Fine,Bodanahosahalli To Anugondanahalli,Near Omshakthi Temple,3,12.978609,77.804836
Bengaluru Dist,Thirumalashettahalli PS,1.04422e+16,2022,1,2,Not Applicable,Road hump or Rumble strips,Rural Areas,Residential area,Not Applicable,No,Not Applicable,Vehicle to Vehicle,Uncontrolled,Curve,NH,Bitumen(Tar),Dry,No influence on accident,Clear,NH,Near,2 Km,12.980012,77.789696
Bengaluru Dist,Thirumalashettahalli PS,1.04422e+16,2023,1,2,Road Accidents,Narrow road,Rural Areas,Open area,Human Error,Not Applicable,Fatal,Vehicle to Vehicle,Not Applicable,Not Applicable,Others,Bitumen(Tar),Dry,Not Applicable,Clear,Recidential Area,Near Soukya Hospital,0.5 Km,12.984548,77.821383
Bengaluru Dist,Thirumalashettahalli PS,1.04422e+16,2023,1,1,Road Accidents,Narrow road,Rural Areas,Open area,Human Error,Not Applicable,Fatal,Not Applicable,Not Applicable,Not Applicable,Residential Street,Bitumen(Tar),Dry,Not Applicable,Clear,Soukya Road,BGR Compound Near Soukya Road Samethanahalli,0.5 Km,0.0,0.0
Bengaluru Dist,Thirumalashettahalli PS,1.04422e+16,2023,1,1,Road Accidents,Cross roads,Rural Areas,Open area,Human Error,Yes,Fatal,Hit pedestrian,Not Applicable,Not Applicable,NH,Bitumen(Tar),Dry,Not Applicable,Clear,NH 648,Samethanahalli Village,02 Km,12.979704,77.793343
Bengaluru Dist,Thirumalashettahalli PS,1.04422e+16,2023,1,1,Road Accidents,Junction,Rural Areas,Near Hospital,Not Applicable,No,Grievous Injury,Not Applicable,Not Applicable,Not Applicable,Not Applicable,Bitumen(Tar),Dry,Not Applicable,Clear,Bhodanahosahalli Road-Hemmndahalli,Nh 648,03 km,12.987945,77.631896
Bengaluru Dist,Thirumalashettahalli PS,1.04422e+16,2023,1,2,Road Accidents,Not Applicable,Rural Areas,Open area,Not Applicable,Yes,Grievous Injury,Vehicle to Vehicle,Controlled,Not Applicable,Others,Bitumen(Tar),Dry,Not Applicable,Clear,Other Road,Near Jinnagara,12KM,13.037987,77.827933
Bengaluru Dist,Thirumalashettahalli PS,1.04422e+16,2023,1,1,Road Accidents,Not Applicable,Rural Areas,Residential area,Not Applicable,Yes,Fatal,Hit pedestrian,Not Applicable,Others,Residential Street,Kutcha,Muddy,Not Applicable,Not Applicable,star garege road,8ft  dabba  angadi,8ft,12.985166,77.782352
Bengaluru Dist,Thirumalashettahalli PS,1.04422e+16,2023,1,2,Road Accidents,Not Applicable,Rural Areas,Open area,Human Error,No,Grievous Injury,Vehicle to Vehicle,Controlled,Others,NH,Bitumen(Tar),Dry,Not Applicable,Clear,NH,Doddagattiganabbe,8Km,13.02821,77.787246
Bengaluru Dist,Thirumalashettahalli PS,1.04422e+16,2023,1,2,Road Accidents,Not Applicable,Rural Areas,Open area,Not Applicable,Yes,Fatal,Not Applicable,Not Applicable,Not Applicable,Others,Bitumen(Tar),Others,Not Applicable,Others,mallasandra -Navuvatti,15 ft,20ft,13.007339,77.791997
Bengaluru Dist,Thirumalashettahalli PS,1.04422e+16,2023,1,2,Road Accidents,Narrow road,Rural Areas,Open area,Not Applicable,Not Applicable,Grievous Injury,Vehicle to Vehicle,Uncontrolled,Not Applicable,NH,Bitumen(Tar),Dry,Not Applicable,Clear,NH 648,Samethanahalli,02 Km,12.97995,77.791398
Bengaluru Dist,Thirumalashettahalli PS,1.04422e+16,2023,1,1,Road Accidents,Railway crossing,Rural Areas,Open area,Human Error,No,Grievous Injury,Not Applicable,Controlled,Hump,NH,Bitumen(Tar),Dry,Not Applicable,Clear,Koraluru Railway gate Near,Koraluru Railway Gate Near,02 Km,0.0,0.0
Bengaluru Dist,Thirumalashettahalli PS,1.04422e+16,2023,1,2,Road Accidents,Narrow road,Rural Areas,Open area,Human Error,No,Grievous Injury,Vehicle to Vehicle,Uncontrolled,Others,Others,Bitumen(Tar),Dry,Not Applicable,Clear,Soukya Road,Soukya Road,0.5 Km,12.994396,77.803365
Bengaluru Dist,Thirumalashettahalli PS,1.04422e+16,2023,1,2,Road Accidents,Narrow road,Rural Areas,Open area,Not Applicable,Not Applicable,Grievous Injury,Hit bicyclist,Not Applicable,Not Applicable,NH,Bitumen(Tar),Dry,Not Applicable,Clear,NH 648 Road Koraluru railway Gate,Koraluru Railway Gate,01 KM,12.994866,77.783582
Bengaluru Dist,Thirumalashettahalli PS,1.04422e+16,2023,1,1,Road Accidents,Not Applicable,Rural Areas,Near Bus stop,Not Applicable,No,Simple Injury,Hit pedestrian,Controlled,Others,NH,Bitumen(Tar),Dry,Not Applicable,Clear,NH,Bodanahosagalli,3km,12.980531,77.800557
Bengaluru Dist,Thirumalashettahalli PS,1.04422e+16,2023,1,1,Road Accidents,Narrow road,Rural Areas,Open area,Human Error,Not Applicable,Grievous Injury,Not Applicable,Uncontrolled,Others,NH,Bitumen(Tar),Dry,Not Applicable,Clear,Thirumalashettyhalli- Bodanahosahalli NH 648 Road,Near Bismilla Chiken centre,2 km,12.981049,77.787989
Bengaluru Dist,Thirumalashettahalli PS,1.04422e+16,2023,1,2,Road Accidents,Narrow road,Rural Areas,Open area,Human Error,Not Applicable,Fatal,Vehicle to Vehicle,Not Applicable,Not Applicable,Others,Bitumen(Tar),Dry,Not Applicable,Clear,IOC Road,Near Chimandahalli Gate,12 Km,13.04649,77.824848
Bengaluru Dist,Thirumalashettahalli PS,1.04422e+16,2023,1,2,Road Accidents,Not Applicable,Rural Areas,Residential area,Human Error,No,Grievous Injury,Vehicle to Vehicle,Controlled,Others,NH,Bitumen(Tar),Dry,Not Applicable,Clear,NH,Koraluru,3km,12.987954,77.782357
Bengaluru Dist,Thirumalashettahalli PS,1.04422e+16,2023,1,1,Road Accidents,Narrow road,Rural Areas,Open area,Human Error,Not Applicable,Fatal,Hit pedestrian,Not Applicable,Not Applicable,NH,Bitumen(Tar),Dry,Not Applicable,Clear,NH 648,T S Halli Road,01 Km,12.985718,77.781397
Bengaluru Dist,Thirumalashettahalli PS,1.04422e+16,2023,1,1,Road Accidents,Narrow road,Rural Areas,Open area,Human Error,Not Applicable,Grievous Injury,Not Applicable,Uncontrolled,Dip or trough,NH,Bitumen(Tar),Ditch or Potholed,Pot holed,Clear,NH 648 Road Near Doddgattiganabbe Gate,Near Doddagattiganabbe Village,6km,0.0,0.0
Bengaluru Dist,Thirumalashettahalli PS,1.04422e+16,2023,1,2,Road Accidents,Narrow road,Rural Areas,Open area,Human Error,Not Applicable,Fatal,Hit bicyclist,Not Applicable,Not Applicable,NH,Bitumen(Tar),Dry,Not Applicable,Clear,NH 648,Tirumalashettihalli,0.5 Km,0.0,0.0
Bengaluru Dist,Thirumalashettahalli PS,1.04422e+16,2023,1,2,Road Accidents,Narrow road,Rural Areas,Open area,Human Error,Not Applicable,Grievous Injury,Vehicle to Vehicle,Uncontrolled,Not Applicable,NH,Bitumen(Tar),Dry,Not Applicable,Clear,NH 648 ROad,Near Doddagattignabbe Gate,8 km,13.028252,77.789278
Bengaluru Dist,Thirumalashettahalli PS,1.04422e+16,2023,1,2,Road Accidents,Narrow road,Rural Areas,Open area,Human Error,Yes,Grievous Injury,Vehicle to Vehicle,Controlled,Others,NH,Bitumen(Tar),Dry,Not Applicable,Clear,NH 648,Koraluru Kondappa Godown Near NH 648,0.5 Km,12.996771,77.784733
Bengaluru Dist,Thirumalashettahalli PS,1.04422e+16,2023,1,1,Road Accidents,Cross roads,City/Town,Open area,Not Applicable,Yes,Grievous Injury,Not Applicable,Not Applicable,Curve,NH,Bitumen(Tar),Dry,Not Applicable,Clear,Channasandra-T Cross Road,Near Sai Palace,01 Km,12.986378,77.779832
Bengaluru Dist,Thirumalashettahalli PS,1.04422e+16,2023,1,1,Road Accidents,Narrow road,Rural Areas,At pedestrian Crossing,Human Error,No,Grievous Injury,Hit pedestrian,Uncontrolled,Not Applicable,NH,Bitumen(Tar),Dry,Not Applicable,Fine,NH 648,G R Muniyappa House Near NH 648 Road K Mallasandra,02 Km,13.005152,77.830876
Bengaluru Dist,Thirumalashettahalli PS,1.04422e+16,2023,1,3,Road Accidents,Curves,Rural Areas,Near Bus stop,Not Applicable,No,Grievous Injury,Vehicle to Vehicle,Controlled,Curve,NH,Not Applicable,Dry,Not Applicable,Clear,NH,Sametanahlli,0.5,0.0,0.0
Bengaluru Dist,Thirumalashettahalli PS,1.04422e+16,2023,1,2,Road Accidents,Narrow road,City/Town,Near Bus stop,Human Error,Not Applicable,Not Applicable,Vehicle to Vehicle,Uncontrolled,Not Applicable,Others,Bitumen(Tar),Dry,Not Applicable,Clear,Soukya Road,Near Indian Petrol Bunk,2 km,12.752783,77.782375
Bengaluru Dist,Thirumalashettahalli PS,1.04422e+16,2023,1,2,Road Accidents,Narrow road,Rural Areas,Near a religious place,Not Applicable,Not Applicable,Grievous Injury,Vehicle to Vehicle,Not Applicable,Not Applicable,State Highway,Bitumen(Tar),Dry,Not Applicable,Fine,NH 648,Near om Shakthi Temple,0.4 Km,0.0,0.0
Bengaluru Dist,Thirumalashettahalli PS,1.04422e+16,2023,1,2,Road Accidents,Not Applicable,Rural Areas,Open area,Not Applicable,No,Fatal,Not Applicable,Not Applicable,Not Applicable,NH,Bitumen(Tar),Not Applicable,Not Applicable,Not Applicable,Nh,15 feet  south  Electric pole,15 ft,12.982935,77.784743
Bengaluru Dist,Thirumalashettahalli PS,1.04422e+16,2023,1,2,Road Accidents,Narrow road,Rural Areas,Open area,Human Error,No,Grievous Injury,Vehicle to Vehicle,Uncontrolled,Curve,NH,Bitumen(Tar),Dry,Not Applicable,Clear,NH 648,Thirumalashettyhalli Cross to Sai Palace Near,01 Km,0.0,0.0
Bengaluru Dist,Thirumalashettahalli PS,1.04422e+16,2023,1,1,Road Accidents,Narrow road,Rural Areas,Open area,Human Error,No,Fatal,Hit pedestrian,Not Applicable,Not Applicable,Residential Street,Bitumen(Tar),Dry,Not Applicable,Clear,Rural,Soukya Road Nippani Company Straight Kacharakanahalli Village,01 Km,12.993092,77.804008
Bengaluru Dist,Thirumalashettahalli PS,1.04422e+16,2023,1,2,Road Accidents,Cross roads,Rural Areas,Residential area,Human Error,Yes,Damage Only,Vehicle to Vehicle,Controlled,Curve,NH,Bitumen(Tar),Dry,Not Applicable,Clear,NH,Thirumalashettihalli,0.5,12.983719,77.78318
Bengaluru Dist,Thirumalashettahalli PS,1.04422e+16,2023,1,2,Road Accidents,Narrow road,Rural Areas,Open area,Human Error,Not Applicable,Fatal,Vehicle to Vehicle,Not Applicable,Not Applicable,NH,Bitumen(Tar),Dry,Not Applicable,Clear,NH 648,ACC Cocrete Mixer Company Near Bodhanahosahalli,03 Km,0.0,0.0
Bengaluru Dist,Thirumalashettahalli PS,1.04422e+16,2023,1,2,Road Accidents,Narrow road,Rural Areas,Open area,Not Applicable,No,Grievous Injury,Hit bicyclist,Not Applicable,Not Applicable,Not Applicable,Bitumen(Tar),Dry,Not Applicable,Clear,Jinnagara Road,Jinnagara Village Jadigenahalli Hobali,07 Km,13.0325,77.821771
Bengaluru Dist,Thirumalashettahalli PS,1.04422e+16,2023,1,2,Road Accidents,Narrow road,Rural Areas,Open area,Human Error,Not Applicable,Grievous Injury,Vehicle to Vehicle,Uncontrolled,Straight and flat,NH,Bitumen(Tar),Dry,Not Applicable,Clear,"Hosakote -T.S.Halli NH648 Road, Near Doddagattiganabbe gate",Near Doddagattiganabbe Gate,5km,0.0,0.0
Bengaluru Dist,Thirumalashettahalli PS,1.04422e+16,2023,1,1,Road Accidents,Circle,Rural Areas,Near or inside a village,Not Applicable,Not Applicable,Grievous Injury,Not Applicable,Not Applicable,Hump,Others,Not Applicable,Dry,Not Applicable,Clear,Near Veeranna House Makanahalli-doddadasarahalli Road Makanahalli,Near Veeranna House Makanahalli,0.5 Km,12.986378,77.631896
Bengaluru Dist,Thyamagondlu PS,1.0442e+16,2016,1,2,Road Accidents,Other,Rural Areas,Open area,Human Error,No,Grievous Injury,Not Applicable,Not Applicable,Others,Village Road,Not Applicable,Others,Not Applicable,Not Applicable,OTHER ROAD,MUNIYAMMA LAND,10,0.0,0.0
Bengaluru Dist,Thyamagondlu PS,1.0442e+16,2016,1,2,Road Accidents,Curves,Rural Areas,Near or inside a village,Human Error,No,Grievous Injury,Others,Uncontrolled,Curve,Village Road,Not Applicable,Dry,Not Applicable,Others,OTHER ROAD,NEAR VILLAGE,10 KM,0.0,0.0
Bengaluru Dist,Thyamagondlu PS,1.0442e+16,2016,1,2,Road Accidents,Circle,Rural Areas,Near Petrol Pump,Human Error,Yes,Fatal,Hit and Run,Not at  Junction,Not Applicable,NH,Bitumen(Tar),Dry,Not Applicable,Others,NH 4 ROAD,PRINCE HOTEL,6 KM,0.0,0.0
Bengaluru Dist,Thyamagondlu PS,1.0442e+16,2016,1,2,Road Accidents,Other,Rural Areas,Open area,Human Error,No,Grievous Injury,Others,Not Applicable,Others,NH,Bitumen(Tar),Dry,Not Applicable,Others,NH207,NEAR NAGARAJU VILALGE,8 KM,0.0,0.0
Bengaluru Dist,Thyamagondlu PS,1.0442e+16,2016,1,2,Road Accidents,Narrow road,Rural Areas,Near a factory industrial area,Human Error,No,Grievous Injury,Others,Not Applicable,Others,NH,Bitumen(Tar),Dry,Not Applicable,Others,NH207,NEAR INDUSRITAL ARES,10KM,0.0,0.0