DISTRICTNAME,UNITNAME,Crime_No,Year,RI,Noofvehicle_involved,Accident_Classification,Accident_Spot,Accident_Location,Accident_SubLocation,Main_Cause,Hit_Run,Severity,Collision_Type,Junction_Control,Road_Character,Road_Type,Surface_Type,Surface_Condition,Road_Condition,Weather,Accident_Road,Landmark_first,Distance_LandMark_First,Latitude,Longitude
Bengaluru Dist,Thyamagondlu PS,1.0442e+16,2022,1,2,Road Accidents,Curves,Rural Areas,Open area,Human Error,No,Damage Only,Vehicle to Vehicle,Uncontrolled,Others,NH,Bitumen(Tar),Dry,Drainage Ditch,Fine,NH,NERA RAILWAY STATION,4 KM,13.25635,77.318573
Bengaluru Dist,Thyamagondlu PS,1.0442e+16,2023,1,2,Road Accidents,Cross roads,Rural Areas,Open area,Human Error,No,Fatal,Vehicle to Vehicle,Uncontrolled,Straight and flat,Others,Bitumen(Tar),Dry,No influence on accident,Fine,OTHERS,TAVARAEKERE CROSS,3KM,13.229543,77.300462
Bengaluru Dist,Thyamagondlu PS,1.0442e+16,2023,1,1,Road Accidents,Not Applicable,Rural Areas,Open area,Human Error,No,Damage Only,Vehicle to Vehicle,Uncontrolled,Others,NH,Bitumen(Tar),Dry,Not Applicable,Snow,NH 207,NEAR RAILWAY GATE,2 KM,13.247934,77.306439
Bengaluru Dist,Thyamagondlu PS,1.0442e+16,2023,1,2,Not Applicable,Not Applicable,Rural Areas,Near or inside a village,Vehicle Defect,No,Simple Injury,Vehicle to Vehicle,Not Applicable,Not Applicable,State Highway,Not Applicable,Not Applicable,Construction Work / Material,Cloudy,MUDDALINGANAHALLI FLY OVER,MUDDALINGANAHALLI FLY OVER,04 KM,13.245165,77.303076
Bengaluru Dist,Thyamagondlu PS,1.0442e+16,2023,1,2,Road Accidents,Narrow road,Rural Areas,Open area,Human Error,Yes,Grievous Injury,Vehicle to Vehicle,Uncontrolled,Straight and flat,NH,Bitumen(Tar),Dry,No influence on accident,Fine,NH,MUDDALINGANAHALLI GATE,3KM,13.241439,77.290739
Bengaluru Dist,Thyamagondlu PS,1.0442e+16,2023,1,2,Not Applicable,Not Applicable,Rural Areas,Near Bus stop,Not Applicable,Yes,Simple Injury,Vehicle to Vehicle,Not Applicable,Others,Others,Not Applicable,Not Applicable,Not Applicable,Cloudy,HANUMATHEGOWDANAPALYA GATE,HANUMATHEGOWDANAPALYA GATE,3 KM,13.207675,77.315423
Bengaluru Dist,Thyamagondlu PS,1.0442e+16,2023,1,2,Road Accidents,Not Applicable,Rural Areas,Near Bus stop,Not Applicable,No,Simple Injury,Vehicle to Vehicle,Not Applicable,Not Applicable,Others,Not Applicable,Others,Not Applicable,Clear,MUDDALINGANAHALLI VILLAGE,MUDDALINGANAHALLI VILLAGE,03 KM,13.239958,77.288849
Bengaluru Dist,Thyamagondlu PS,1.0442e+16,2023,1,2,Road Accidents,Narrow road,Rural Areas,Open area,Human Error,No,Grievous Injury,Vehicle to Vehicle,Uncontrolled,Others,Others,Bitumen(Tar),Dry,Not Applicable,Fine,MUDDALINGANAHALLI MANNE ROAD,NEAR RAILWAY GATE,5,13.217905,77.296846
Bengaluru Dist,Thyamagondlu PS,1.0442e+16,2023,1,1,Road Accidents,Narrow road,Rural Areas,Open area,Human Error,No,Fatal,Vehicle to Vehicle,Uncontrolled,Others,Others,Bitumen(Tar),Dry,Not Applicable,Fine,OTHER,NEAR FARM,2 KM,13.191806,77.333189
Bengaluru Dist,Thyamagondlu PS,1.0442e+16,2023,1,2,Road Accidents,Curves,Rural Areas,Open area,Human Error,No,Simple Injury,Vehicle to Vehicle,Uncontrolled,Others,NH,Bitumen(Tar),Dry,Drainage Ditch,Fine,NH 207,NEAR RAILWAY BRIDGE,6 KM,13.205357,77.357728
Bengaluru Dist,Thyamagondlu PS,1.0442e+16,2023,1,2,Not Applicable,Not Applicable,Rural Areas,Open area,Not Applicable,No,Simple Injury,Vehicle to Vehicle,Not Applicable,Others,Others,Not Applicable,Others,Not Applicable,Clear,THAYAMAGONDLU NIDAVANDA ROAD,THAYAMAGONDLU NIDAVANDA ROAD,02 KM,13.224532,77.282281
Bengaluru Dist,Thyamagondlu PS,1.0442e+16,2023,1,2,Road Accidents,Curves,Rural Areas,Open area,Human Error,No,Grievous Injury,Vehicle to Vehicle,Uncontrolled,Others,Others,Bitumen(Tar),Dry,Not Applicable,Fine,OTHER ROAD,NEAR BUS STOP,4 KM,0.0,0.0
Bengaluru Dist,Thyamagondlu PS,1.0442e+16,2023,1,2,Road Accidents,Narrow road,Rural Areas,Open area,Human Error,Yes,Grievous Injury,Vehicle to Vehicle,Uncontrolled,Straight and flat,NH,Bitumen(Tar),Dry,No influence on accident,Fine,OTHER ROAD,TAVAREKERE,2KM,13.227303,77.30262
Bengaluru Dist,Thyamagondlu PS,1.0442e+16,2023,1,1,Road Accidents,Narrow road,Rural Areas,Open area,Human Error,No,Damage Only,Not Applicable,Uncontrolled,Others,Others,Bitumen(Tar),Dry,Not Applicable,Fine,OTHER ROAD,near  bus stop,5,13.245197,77.302916
Bengaluru Dist,Thyamagondlu PS,1.0442e+16,2023,1,2,Road Accidents,Curves,Rural Areas,Open area,Human Error,Yes,Grievous Injury,Hit pedestrian,Uncontrolled,Curve,Mixed,Bitumen(Tar),Dry,Drainage Ditch,Flooding of Slipways/Rivulets,OTHER ROAD,NEAR NARASAPURA GAGE,3 KM,0.0,0.0
Bengaluru Dist,Thyamagondlu PS,1.0442e+16,2023,1,1,Not Applicable,Circle,Rural Areas,At pedestrian Crossing,Not Applicable,Yes,Simple Injury,Hit pedestrian,Not Applicable,Others,Others,Not Applicable,Not Applicable,Not Applicable,Clear,Balagere,balagere village,7 km,13.0,77.0
Bengaluru Dist,Thyamagondlu PS,1.0442e+16,2023,1,2,Not Applicable,Not Applicable,Rural Areas,Residential area,Not Applicable,No,Grievous Injury,Vehicle to Vehicle,Not at  Junction,Others,Others,Not Applicable,Not Applicable,Not Applicable,Fine,THAYAMAGONDLU BILLINAKOTE ROAD,THAYAMAGONDLU BILLINAKOTE ROAD,3KM,13.20774,77.289398
Bengaluru Dist,Thyamagondlu PS,1.0442e+16,2023,1,1,Road Accidents,Circle,Rural Areas,Open area,Human Error,No,Fatal,Hit pedestrian,Uncontrolled,Others,Others,Bitumen(Tar),Dry,Not Applicable,Fine,OTHER,NEAR BUS STOP,5,13.189747,77.311049
Bengaluru Dist,Thyamagondlu PS,1.0442e+16,2023,1,1,Road Accidents,Curves,Rural Areas,Open area,Human Error,Yes,Grievous Injury,Vehicle to Vehicle,Uncontrolled,Others,NH,Bitumen(Tar),Dry,Not Applicable,Fine,NH,NEAR RAILWAY BRIDGE,4,13.244404,77.302282
Bengaluru Dist,Thyamagondlu PS,1.0442e+16,2023,1,1,Road Accidents,Cross roads,Rural Areas,Open area,Human Error,No,Fatal,Not Applicable,Uncontrolled,Straight and flat,NH,Bitumen(Tar),Dry,Not Applicable,Fine,NH 207,NEAR MADDENAHALLI GATE,5 KM,13.14498,77.181811
Bengaluru Dist,Thyamagondlu PS,1.0442e+16,2023,1,2,Not Applicable,Narrow road,Rural Areas,Open area,Human Error,No,Grievous Injury,Vehicle to Vehicle,Uncontrolled,Others,Others,Bitumen(Tar),Dry,Pot holed,Fine,road rural,NEAR BUSSTAND,5,13.205886,77.301926
Bengaluru Dist,Thyamagondlu PS,1.0442e+16,2023,1,2,Road Accidents,Narrow road,Rural Areas,Residential area,Human Error,No,Simple Injury,Vehicle to Vehicle,Uncontrolled,Curve,Others,Bitumen(Tar),Dry,Not Applicable,Fine,rural road,near busstand,500mts,13.175423,77.299452
Bengaluru Dist,Thyamagondlu PS,1.0442e+16,2023,1,2,Road Accidents,Cross roads,Rural Areas,Near Bus stop,Human Error,No,Grievous Injury,Vehicle to Vehicle,Uncontrolled,Straight and flat,NH,Bitumen(Tar),Dry,No influence on accident,Fine,NH,NEAR ADHI HOSAHALLI GATE,4KM,13.253616,77.321658
Bengaluru Dist,Thyamagondlu PS,1.0442e+16,2023,1,2,Road Accidents,Circle,Rural Areas,Open area,Human Error,No,Fatal,Vehicle to Vehicle,Uncontrolled,Curve,Others,Bitumen(Tar),Dry,Not Applicable,Fine,OTHER ROAD,NEAR FARM,5 KM,13.192717,77.360636
Bengaluru Dist,Thyamagondlu PS,1.0442e+16,2023,1,2,Road Accidents,Curves,Rural Areas,Open area,Human Error,No,Grievous Injury,Vehicle to Vehicle,Uncontrolled,Curve,Others,Bitumen(Tar),Dry,Not Applicable,Fine,OTHER,NEAR HOTEL,6,13.21068,77.289937
Bengaluru Dist,Thyamagondlu PS,1.0442e+16,2023,1,2,Road Accidents,Narrow road,Rural Areas,Open area,Human Error,No,Grievous Injury,Vehicle to Vehicle,Uncontrolled,Curve,Others,Bitumen(Tar),Dry,Not Applicable,Others,OTHER ROAD,NEAR GOWDEN,5 KM,13.18387,77.300726
Bengaluru Dist,Thyamagondlu PS,1.0442e+16,2023,1,2,Road Accidents,Narrow road,Rural Areas,Open area,Human Error,No,Grievous Injury,Vehicle to Vehicle,Uncontrolled,Straight and flat,Others,Bitumen(Tar),Dry,No influence on accident,Fine,OTHERS,VINAYAKA NAGARA,3KM,13.235691,77.298979
Bengaluru Dist,Thyamagondlu PS,1.0442e+16,2023,1,2,Road Accidents,Not Applicable,Rural Areas,Near Bus stop,Not Applicable,Yes,Simple Injury,Vehicle to Vehicle,Not at  Junction,Others,Others,Not Applicable,Others,Not Applicable,Cloudy,LAKKENAHALLI VILLAGE,LAKKENAHALLI VILLAGE,5 KM,13.181096,77.29969
Bengaluru Dist,Thyamagondlu PS,1.0442e+16,2023,1,2,Not Applicable,Circle,Rural Areas,Residential area,Not Applicable,Not Applicable,Simple Injury,Vehicle to Vehicle,Not Applicable,Curve,Others,Not Applicable,Not Applicable,Not Applicable,Fine,SOMPURA INSUDTRIAL AREA,OPEN PLACE,3 KM,13.230013,77.280085
Bengaluru Dist,Thyamagondlu PS,1.0442e+16,2023,1,2,Road Accidents,Curves,Rural Areas,Open area,Human Error,Yes,Grievous Injury,Vehicle to Vehicle,Uncontrolled,Others,NH,Bitumen(Tar),Dry,Not Applicable,Fine,NH 207,NEAR VILLAGE,5 KM,13.261653,77.327641
Bengaluru Dist,Vijayapura PS,1.0442e+16,2016,1,1,Road Accidents,Other,Rural Areas,Open area,Vehicle Defect,No,Fatal,Hit pedestrian,Not at  Junction,Others,NH,Bitumen(Tar),Others,Not Applicable,Others,bellary-banglore NH-7road,Venkatagirikote,12 km,0.0,0.0
Bengaluru Dist,Vijayapura PS,1.0442e+16,2016,1,2,Road Accidents,Narrow road,Rural Areas,Open area,Human Error,No,Damage Only,Hit parked vehicle,Uncontrolled,Others,NH,Bitumen(Tar),Dry,Not Applicable,Fine,NH-07,Bullahalli gate,15 K.M,0.0,0.0
Bengaluru Dist,Vijayapura PS,1.0442e+16,2016,1,2,Road Accidents,Other,Not Applicable,Open area,Human Error,Yes,Grievous Injury,Others,Police / Manual,Others,NH,Not Applicable,Others,Not Applicable,Others,"NH7 Road, Venkatagirikote Lake",Max Worth Rock City India Limited,12 KM,0.0,0.0
Bengaluru Dist,Vijayapura PS,1.0442e+16,2016,1,2,Road Accidents,Other,Rural Areas,Open area,Human Error,No,Grievous Injury,Hit bicyclist,Not at  Junction,Others,NH,Bitumen(Tar),Others,No influence on accident,Others,BELLARY-BANGLORE ROAD NH-7,near bullahalli gate,12 km,0.0,0.0
Bengaluru Dist,Vijayapura PS,1.0442e+16,2016,1,1,Road Accidents,Other,Rural Areas,Open area,Human Error,No,Grievous Injury,Skidding or Self accident,Not at  Junction,Others,State Highway,Bitumen(Tar),Others,Not Applicable,Clear,vijayapura kolara road,near police station,01-Feb,0.0,0.0
Bengaluru Dist,Vijayapura PS,1.0442e+16,2016,1,2,Road Accidents,Circle,City/Town,Open area,Human Error,No,Grievous Injury,Others,Not Applicable,Others,Others,Not Applicable,Others,Not Applicable,Others,"Shidlaghatta-Vijayapura Road, Nagarabhavi Circle",Nagarabhavi Circle,2 KM,0.0,0.0
Bengaluru Dist,Vijayapura PS,1.0442e+16,2016,1,1,Road Accidents,Curves,Rural Areas,Open area,Human Error,Yes,Grievous Injury,Hit and Run,Not at  Junction,Curve,State Highway,Bitumen(Tar),Dry,Not Applicable,Fine,chandenahalli gate,chandenahalli gate vijayapur town,1km,0.0,0.0
Bengaluru Dist,Vijayapura PS,1.0442e+16,2016,1,2,Road Accidents,Other,Rural Areas,Open area,Vehicle Defect,No,Fatal,Hit bicyclist,Not at  Junction,Others,NH,Bitumen(Tar),Others,Not Applicable,Others,DEVANAHALI-VIJAYPAPURA -KOLAR BYPASS,NEAR KOLARR,2 KM,0.0,0.0
Bengaluru Dist,Vijayapura PS,1.0442e+16,2016,1,2,Road Accidents,Narrow road,Rural Areas,Open area,Vehicle Defect,No,Damage Only,Others,Not at  Junction,Others,NH,Bitumen(Tar),Dry,Not Applicable,Fine,nh7 road,irigenahalli gate,15km,0.0,0.0
Bengaluru Dist,Vijayapura PS,1.0442e+16,2016,1,2,Road Accidents,Narrow road,Rural Areas,Open area,Human Error,No,Grievous Injury,Right Turn Collision,Uncontrolled,Others,NH,Bitumen(Tar),Dry,Not Applicable,Fine,NH 07 ROAD.,Venkatagirikote u turn,12 KM,0.0,0.0
Bengaluru Dist,Vijayapura PS,1.0442e+16,2016,1,1,Road Accidents,Other,Rural Areas,Open area,Vehicle Defect,Yes,Fatal,Hit pedestrian,Not at  Junction,Others,NH,Bitumen(Tar),Others,Not Applicable,Cloudy,chikkaallapura-devanahalli NH7 road,near sangita daba,15 km,0.0,0.0
Bengaluru Dist,Vijayapura PS,1.0442e+16,2016,1,2,Road Accidents,Other,Not Applicable,Open area,Human Error,No,Grievous Injury,Others,Not Applicable,Others,NH,Not Applicable,Others,Not Applicable,Others,"NH7 ROAD, NEAR ATHIBELE GATE",ATHIBELE ROAD,14 KM,0.0,0.0
Bengaluru Dist,Vijayapura PS,1.0442e+16,2016,1,2,Road Accidents,Cross roads,Rural Areas,Open area,Human Error,No,Grievous Injury,Hit bicyclist,Not at  Junction,Others,Village Road,Bitumen(Tar),Others,Not Applicable,Others,gaddadanayakanahalli-mandibele road,NEAR MANDIBELE,5 km,0.0,0.0
Bengaluru Dist,Vijayapura PS,1.0442e+16,2016,1,1,Road Accidents,Other,Rural Areas,Near a religious place,Vehicle Defect,No,Fatal,Hit pedestrian,Not at  Junction,Others,NH,Bitumen(Tar),Others,Not Applicable,Others,BELLARY-BANGLORE ROAD NH-7,near sai baba temple,15 km,0.0,0.0
Bengaluru Dist,Vijayapura PS,1.0442e+16,2016,1,2,Road Accidents,Cross roads,City/Town,Open area,Human Error,No,Grievous Injury,Others,Not at  Junction,Curve and Incline,State Highway,Bitumen(Tar),Others,Not Applicable,Others,devanahalli vijayapura road,vijayapura devanahalli kolara bypass,4 km,0.0,0.0
Bengaluru Dist,Vijayapura PS,1.0442e+16,2016,1,2,Road Accidents,Other,Not Applicable,Open area,Human Error,No,Grievous Injury,Others,Not at  Junction,Others,NH,Not Applicable,Others,Not Applicable,Others,"NH7 ROAD, NEAR ATHIBELE GATE",SAI BABA TEMPLE,12 KM,0.0,0.0
Bengaluru Dist,Vijayapura PS,1.0442e+16,2016,1,2,Road Accidents,Other,Rural Areas,Near a religious place,Vehicle Defect,Yes,Grievous Injury,Others,Not at  Junction,Others,NH,Bitumen(Tar),Others,Not Applicable,Others,BELLARY-BANGLORE ROAD NH-7,near sai baba temple,15 km,0.0,0.0
Bengaluru Dist,Vijayapura PS,1.0442e+16,2016,1,2,Road Accidents,Other,Rural Areas,Near a factory industrial area,Human Error,No,Simple Injury,Others,Not at  Junction,Others,NH,Bitumen(Tar),Others,Not Applicable,Others,bellary-bangaluru NH7 road,neat isro gate,12 km,0.0,0.0
Bengaluru Dist,Vijayapura PS,1.0442e+16,2016,1,2,Road Accidents,Cross roads,Rural Areas,Open area,Vehicle Defect,Yes,Fatal,Hit bicyclist,Not at  Junction,Others,State Highway,Bitumen(Tar),Others,Not Applicable,Others,vijayapura-chikkaballapura road,near chinuvandanahalli gate,7 km,0.0,0.0
Bengaluru Dist,Vijayapura PS,1.0442e+16,2016,1,2,Road Accidents,Circle,City/Town,Near Bus stop,Not Applicable,No,Simple Injury,Side swipe,Controlled,Others,City or Town Road,Bitumen(Tar),Dry,No influence on accident,Fine,Chickballapura Kolar Road,Kempanna Complex Building,2,0.0,0.0
Bengaluru Dist,Vijayapura PS,1.0442e+16,2016,1,2,Road Accidents,Narrow road,Rural Areas,Open area,Human Error,No,Fatal,Hit bicyclist,Not at  Junction,Others,State Highway,Bitumen(Tar),Others,Not Applicable,Others,vijayapura-chikkaballapura road,in front of chikkanahallli dairy,5 km,0.0,0.0
Bengaluru Dist,Vijayapura PS,1.0442e+16,2016,1,2,Road Accidents,Other,Rural Areas,Open area,Human Error,No,Fatal,Hit bicyclist,Not at  Junction,Not Applicable,Village Road,Bitumen(Tar),Dry,Not Applicable,Fine,cn hosur,cn hosur cross,6km,0.0,0.0
Bengaluru Dist,Vijayapura PS,1.0442e+16,2016,1,2,Road Accidents,Narrow road,Rural Areas,Open area,Human Error,No,Grievous Injury,Hit parked vehicle,Stop sign,Others,NH,Bitumen(Tar),Dry,Not Applicable,Fine,NH-07,Bullahalli Gate,15 K.M,0.0,0.0
Bengaluru Dist,Vijayapura PS,1.0442e+16,2016,1,2,Road Accidents,Cross roads,Rural Areas,Open area,Vehicle Defect,No,Fatal,Hit bicyclist,Not at  Junction,Others,Village Road,Bitumen(Tar),Others,Not Applicable,Others,vijayapura mandibele road,NEAR MANDIBELE CROSS,4 km,0.0,0.0
Bengaluru Dist,Vijayapura PS,1.0442e+16,2016,1,2,Road Accidents,Other,Rural Areas,Residential area,Vehicle Defect,No,Fatal,Hit bicyclist,Not at  Junction,Others,NH,Bitumen(Tar),Others,Not Applicable,Others,DEVANAHALLI-CHIKKABALLAPURA ROAD,VENKATAGIRIKOTE,12 KM,0.0,0.0
Bengaluru Dist,Vijayapura PS,1.0442e+16,2016,1,2,Road Accidents,Circle,Rural Areas,Open area,Human Error,No,Grievous Injury,Others,Police / Manual,Others,NH,Not Applicable,Others,Not Applicable,Others,"NH7 Road, Venkatagirikote Circle",Near Venkatagirikote,15 KM,0.0,0.0
Bengaluru Dist,Vijayapura PS,1.0442e+16,2016,1,1,Road Accidents,Other,Rural Areas,Open area,Human Error,No,Fatal,Others,Not at  Junction,Hump,State Highway,Bitumen(Tar),Dry,Not Applicable,Fine,stet haiway,guduvanalli gate,6km,0.0,0.0
Bengaluru Dist,Vijayapura PS,1.0442e+16,2016,1,2,Road Accidents,Other,Rural Areas,Open area,Human Error,No,Fatal,Hit bicyclist,Not at  Junction,Crest of hill,State Highway,Bitumen(Tar),Others,Not Applicable,Clear,Vijayapura-Devanahalli Road,NEAR KURUBAR KUNTE,8 KM,0.0,0.0
Bengaluru Dist,Vijayapura PS,1.0442e+16,2016,1,1,Road Accidents,Other,Rural Areas,Near a religious place,Vehicle Defect,Not Applicable,Fatal,Hit pedestrian,Not at  Junction,Others,NH,Bitumen(Tar),Others,Not Applicable,Others,BANGLORE-CHIKKABALLAPURA NH7 ROAD,NEAR SAI BABA TEMPLE,15 KM,0.0,0.0
Bengaluru Dist,Vijayapura PS,1.0442e+16,2016,1,2,Road Accidents,Other,Rural Areas,Open area,Human Error,No,Fatal,Hit bicyclist,Not at  Junction,Others,NH,Bitumen(Tar),Others,No influence on accident,Others,BANGLORE BELLARY ROAD,NEAR VENKATAGIRIKOTE LAKE,15 KM,0.0,0.0
Bengaluru Dist,Vijayapura PS,1.0442e+16,2016,1,2,Road Accidents,Other,Rural Areas,Open area,Vehicle Defect,No,Grievous Injury,Hit bicyclist,Not at  Junction,Others,NH,Bitumen(Tar),Others,Not Applicable,Clear,benagaluru chikkabalapur nh7,bulahali gate,12km,0.0,0.0
Bengaluru Dist,Vijayapura PS,1.0442e+16,2016,1,2,Road Accidents,Other,Rural Areas,Open area,Vehicle Defect,No,Simple Injury,Others,Not at  Junction,Others,NH,Bitumen(Tar),Others,No influence on accident,Fine,BELLARY-BANGLORE ROAD NH-7,IRIGENAHALLI GATE,15 KM,0.0,0.0
Bengaluru Dist,Vijayapura PS,1.0442e+16,2016,1,2,Rail Road Accidents,Other,Rural Areas,Open area,Human Error,No,Grievous Injury,Others,No signal lights,Curve,State Highway,Bitumen(Tar),Dry,Not Applicable,Fine,state  higheay,guduvanahalli kare hattira,4km,0.0,0.0
Bengaluru Dist,Vijayapura PS,1.0442e+16,2016,1,1,Road Accidents,Other,City/Town,Near School or College,Not Applicable,Yes,Simple Injury,Hit and Run,Controlled,Hump,City or Town Road,Bitumen(Tar),Dry,Not Applicable,Fine,Vijayapura Devanahalli Road,Govt College,2,0.0,0.0
Bengaluru Dist,Vijayapura PS,1.0442e+16,2016,1,2,Road Accidents,Narrow road,Rural Areas,Open area,Human Error,Yes,Grievous Injury,Hit and Run,Uncontrolled,Others,NH,Bitumen(Tar),Dry,Not Applicable,Fine,NH 07 ROAD.,Near Bullahalli gate,15 km,0.0,0.0
Bengaluru Dist,Vijayapura PS,1.0442e+16,2016,1,2,Road Accidents,Cross roads,Rural Areas,Open area,Not Applicable,No,Simple Injury,Rear end,Controlled,Others,NH,Bitumen(Tar),Dry,Not Applicable,Fine,Ballry Bengaluru Road,NH 7 Road,15,0.0,0.0
Bengaluru Dist,Vijayapura PS,1.0442e+16,2016,1,2,Not Applicable,Other,Rural Areas,Open area,Human Error,No,Grievous Injury,Others,Not Applicable,Others,Others,Not Applicable,Others,Not Applicable,Others,"Vijayapura-Shidlaghatta Road, Near Bhatrenahall",Krishnappa Land,6 KM,0.0,0.0
Bengaluru Dist,Vijayapura PS,1.0442e+16,2016,1,2,Road Accidents,Other,City/Town,Near Hospital,Not Applicable,No,Grievous Injury,Others,Uncontrolled,Others,State Highway,Not Applicable,Others,Not Applicable,Others,SH,Govt Boys Hostel,3,0.0,0.0
Bengaluru Dist,Vijayapura PS,1.0442e+16,2016,1,2,Road Accidents,Other,Rural Areas,Near a religious place,Human Error,No,Simple Injury,Hit bicyclist,Not at  Junction,Others,State Highway,Bitumen(Tar),Others,Not Applicable,Clear,vijayapura devanahalli road,near baba machidi,3km,0.0,0.0
Bengaluru Dist,Vijayapura PS,1.0442e+16,2016,1,2,Road Accidents,Other,Not Applicable,Open area,Human Error,No,Grievous Injury,Others,Not Applicable,Others,NH,Not Applicable,Others,Not Applicable,Others,"NH7 ROAD, BULLAHALLI GATE",RAMANAKUNTE,10 KM,0.0,0.0
Bengaluru Dist,Vijayapura PS,1.0442e+16,2016,1,1,Road Accidents,Bridge,Rural Areas,Open area,Human Error,No,Fatal,Not Applicable,Not at  Junction,Others,NH,Bitumen(Tar),Dry,Not Applicable,Fine,NH-7,Avathi Brige,10 KM,0.0,0.0
Bengaluru Dist,Vijayapura PS,1.0442e+16,2016,1,1,Road Accidents,Circle,Rural Areas,Near Bus stop,Human Error,No,Fatal,Others,Not at  Junction,Curve,NH,Bitumen(Tar),Dry,Not Applicable,Fine,nh7 road,venkatagirikote,12 km,0.0,0.0
Bengaluru Dist,Vijayapura PS,1.0442e+16,2016,1,2,Road Accidents,Other,City/Town,Open area,Human Error,No,Grievous Injury,Others,Police / Manual,Others,State Highway,Not Applicable,Others,Not Applicable,Others,SH Kolar-Vijaypura Road,Near Krishnappa Complex,1 KM,0.0,0.0
Bengaluru Dist,Vijayapura PS,1.0442e+16,2016,1,1,Road Accidents,Other,Rural Areas,Near Petrol Pump,Human Error,No,Grievous Injury,Hit pedestrian,Not at  Junction,Others,State Highway,Bitumen(Tar),Others,Not Applicable,Others,vijayapur chikkaballapur road,NEAR HP PETROL BUNK,1 KM,0.0,0.0
Bengaluru Dist,Vijayapura PS,1.0442e+16,2016,1,1,Road Accidents,Curves,City/Town,Open area,Vehicle Defect,No,Damage Only,Overturning,Not at  Junction,Crest of hill,State Highway,Bitumen(Tar),Others,Not Applicable,Snow,vijayapura-chikkaballapura road,near chikkanahalli lake,2 km,0.0,0.0
Bengaluru Dist,Vijayapura PS,1.0442e+16,2016,1,1,Road Accidents,Other,Rural Areas,Near a religious place,Human Error,No,Fatal,Hit pedestrian,Not at  Junction,Others,NH,Bitumen(Tar),Others,Not Applicable,Others,BELLARY-BANGLORE ROAD NH-7,near sai baba temple,15 km,0.0,0.0
Bengaluru Dist,Vijayapura PS,1.0442e+16,2016,1,1,Road Accidents,Bridge,Rural Areas,Near or inside a village,Vehicle Defect,No,Fatal,Hit pedestrian,Not at  Junction,Not Applicable,NH,Bitumen(Tar),Not Applicable,Not Applicable,Clear,nh7 road,avathi bridge,15km,0.0,0.0
Bengaluru Dist,Vijayapura PS,1.0442e+16,2016,1,1,Road Accidents,Other,Rural Areas,Open area,Human Error,Yes,Fatal,Hit pedestrian,Not Applicable,Others,NH,Bitumen(Tar),Others,Not Applicable,Others,Banglore- Bellary NH7 Road,Near bullahalli gate,12 km,0.0,0.0
Bengaluru Dist,Vijayapura PS,1.0442e+16,2016,1,2,Road Accidents,Other,City/Town,Near a religious place,Human Error,No,Fatal,Hit bicyclist,Signal lights Blinking,Others,State Highway,Bitumen(Tar),Others,Not Applicable,Clear,vijayapura-devanahalli road,near janglifir darga compound,3 km,0.0,0.0
Bengaluru Dist,Vijayapura PS,1.0442e+16,2016,1,2,Road Accidents,Other,Rural Areas,Open area,Human Error,No,Simple Injury,Hit bicyclist,Not at  Junction,Others,NH,Bitumen(Tar),Not Applicable,Not Applicable,Clear,benagaluru chikkabalapura road,near bulahalli gate,12km,0.0,0.0
Bengaluru Dist,Vijayapura PS,1.0442e+16,2016,1,2,Road Accidents,Other,Not Applicable,Near office complex,Human Error,No,Grievous Injury,Others,Police / Manual,Others,NH,Not Applicable,Others,Not Applicable,Others,"NH7 ROAD, NEAR ISRO GATE",ISRO COMPOUND,12 KM,0.0,0.0
Bengaluru Dist,Vijayapura PS,1.0442e+16,2016,1,2,Road Accidents,Other,Rural Areas,Open area,Vehicle Defect,Yes,Grievous Injury,Hit and Run,Not at  Junction,Others,NH,Bitumen(Tar),Others,No influence on accident,Fine,bellary banglore road NH7 road,near bullahalli gate,12 km,0.0,0.0
Bengaluru Dist,Vijayapura PS,1.0442e+16,2016,1,1,Road Accidents,Other,City/Town,Open area,Human Error,No,Simple Injury,Hit pedal cyclist,Not at  Junction,Others,State Highway,Bitumen(Tar),Others,Not Applicable,Others,vijayapura-dandiganahalli road,near S R T lay out,5km,0.0,0.0
Bengaluru Dist,Vijayapura PS,1.0442e+16,2017,1,1,Road Accidents,Cross roads,Rural Areas,Open area,Not Applicable,Yes,Simple Injury,Hit and Run,Controlled,Others,NH,Bitumen(Tar),Dry,Not Applicable,Fine,Chickballapura Devanahalli Road,NH 7 Road,15,0.0,0.0
Bengaluru Dist,Vijayapura PS,1.0442e+16,2017,1,2,Rail Road Accidents,Other,Villages settlement,Open area,Not Applicable,No,Damage Only,Others,Not Applicable,Others,NH,Not Applicable,Others,Not Applicable,Others,"NH7 Road, Near Sai Baba Temple",NH7 Road,12 KM,0.0,0.0
Bengaluru Dist,Vijayapura PS,1.0442e+16,2017,1,2,Road Accidents,Other,Rural Areas,Near or inside a village,Not Applicable,No,Fatal,Others,Not Applicable,Others,NH,Bitumen(Tar),Dry,Not Applicable,Fine,Devanahalli-Chikkaballapura NH-7 road,Zeebra Mark,10 ft,0.0,0.0
Bengaluru Dist,Vijayapura PS,1.0442e+16,2017,1,2,Road Accidents,Other,Rural Areas,Open area,Not Applicable,No,Not Applicable,Others,Not Applicable,Others,NH,Not Applicable,Others,Not Applicable,Others,NH7 Road,Chikkaballapura Road,12 KM,0.0,0.0
Bengaluru Dist,Vijayapura PS,1.0442e+16,2017,1,1,Road Accidents,Other,City/Town,Near Bus stop,Human Error,No,Grievous Injury,Hit pedestrian,Not at  Junction,Others,State Highway,Bitumen(Tar),Others,Not Applicable,Fine,Kolara-Vijayapura Road,Near Bus Stand,1/2 KM,0.0,0.0
Bengaluru Dist,Vijayapura PS,1.0442e+16,2017,1,1,Road Accidents,Cross roads,Rural Areas,Open area,Not Applicable,Yes,Simple Injury,Hit and Run,Controlled,Others,City or Town Road,Bitumen(Tar),Dry,Not Applicable,Fine,vijayapura kolar road,Kempanna Complex Building,2,0.0,0.0
Bengaluru Dist,Vijayapura PS,1.0442e+16,2017,1,2,Road Accidents,Not Applicable,Not Applicable,Open area,Human Error,No,Damage Only,Others,Not Applicable,Not Applicable,NH,Not Applicable,Not Applicable,Not Applicable,Others,"NH7 Road, Janatha Colony",NH7 Road,12 KM,0.0,0.0