DISTRICTNAME,UNITNAME,Crime_No,Year,RI,Noofvehicle_involved,Accident_Classification,Accident_Spot,Accident_Location,Accident_SubLocation,Main_Cause,Hit_Run,Severity,Collision_Type,Junction_Control,Road_Character,Road_Type,Surface_Type,Surface_Condition,Road_Condition,Weather,Accident_Road,Landmark_first,Distance_LandMark_First,Latitude,Longitude
Bengaluru Dist,Vijayapura PS,1.0442e+16,2017,1,2,Road Accidents,Other,Rural Areas,Open area,Human Error,No,Damage Only,Hit parked vehicle,Controlled,Others,NH,Kutcha,Dry,Not Applicable,Clear,Venkatagirikote Village,Near Core Ciment Company,12,0.0,0.0
Bengaluru Dist,Vijayapura PS,1.0442e+16,2017,1,2,Road Accidents,Other,City/Town,Near or inside a village,Not Applicable,Yes,Simple Injury,Hit and Run,Controlled,Others,NH,Bitumen(Tar),Dry,Not Applicable,Fine,NH 7 Road,Chickballapura Devanahalli Road,15,0.0,0.0
Bengaluru Dist,Vijayapura PS,1.0442e+16,2017,1,2,Road Accidents,Other,Rural Areas,Open area,Not Applicable,Yes,Simple Injury,Hit and Run,Controlled,Curve,Village Road,Bitumen(Tar),Dry,Not Applicable,Fine,Godlumuddenahalli-Ranganathapura Road,A Ranganathapura,5,0.0,0.0
Bengaluru Dist,Vijayapura PS,1.0442e+16,2017,1,1,Road Accidents,Other,Rural Areas,Open area,Human Error,No,Grievous Injury,Others,Not Applicable,Not Applicable,NH,Not Applicable,Others,Not Applicable,Others,"NH7 ROAD, MUDUGURKI GATE",MUDUGURKI VILLAGE,12 KM,0.0,0.0
Bengaluru Dist,Vijayapura PS,1.0442e+16,2017,1,1,Road Accidents,Other,City/Town,Open area,Not Applicable,No,Damage Only,Skidding or Self accident,Controlled,Others,City or Town Road,Bitumen(Tar),Dry,Not Applicable,Fine,Vijayapura Devanahalli Road,Bhasappana Tophu,2,0.0,0.0
Bengaluru Dist,Vijayapura PS,1.0442e+16,2017,1,2,Road Accidents,Other,City/Town,Open area,Not Applicable,Yes,Grievous Injury,Others,Not Applicable,Others,State Highway,Gravel,Dry,Not Applicable,Fine,vijayapura-kolar Road,Balmuri Temple,1/2 KM,0.0,0.0
Bengaluru Dist,Vijayapura PS,1.0442e+16,2017,1,1,Road Accidents,Narrow road,Not Applicable,Open area,Human Error,Yes,Grievous Injury,Hit and Run,Not Applicable,Others,NH,Not Applicable,Others,Not Applicable,Others,"NH7 Road, Devanahalli-Vijayapura Road, Bullahalli Gate",Keerthi Chicken Shop,10 Km,0.0,0.0
Bengaluru Dist,Vijayapura PS,1.0442e+16,2017,1,1,Road Accidents,Other,Villages settlement,Open area,Not Applicable,Not Applicable,Damage Only,Others,Not Applicable,Others,Others,Not Applicable,Others,Not Applicable,Others,NH 7 Road,Chikkaballapura  Devanahalli Road,12 KM,0.0,0.0
Bengaluru Dist,Vijayapura PS,1.0442e+16,2017,1,2,Road Accidents,Other,Rural Areas,Open area,Human Error,No,Simple Injury,Others,Not Applicable,Others,State Highway,Not Applicable,Others,Not Applicable,Others,Kolar-Devanahalli Road,Kolar Bypass,1 1/2,0.0,0.0
Bengaluru Dist,Vijayapura PS,1.0442e+16,2017,1,1,Road Accidents,Other,Rural Areas,Near or inside a village,Not Applicable,No,Fatal,Others,Not at  Junction,Others,Others,Bitumen(Tar),Dry,Not Applicable,Fine,Vijayapura Bus Stand,West Side Imax Light Pole,15 Ft,0.0,0.0
Bengaluru Dist,Vijayapura PS,1.0442e+16,2017,1,1,Road Accidents,Other,Rural Areas,Near or inside a village,Not Applicable,Yes,Fatal,Others,Not Applicable,Others,NH,Bitumen(Tar),Dry,Not Applicable,Fine,Devanahalli-Chikkaballapura NH-7 Road,West side Hosahudya Road,80 ft,0.0,0.0
Bengaluru Dist,Vijayapura PS,1.0442e+16,2017,1,2,Road Accidents,Other,Rural Areas,Open area,Not Applicable,Yes,Damage Only,Hit and Run,Controlled,Others,NH,Bitumen(Tar),Dry,Not Applicable,Fine,Ballry Bengaluru Road,NH 7 Road,15,0.0,0.0
Bengaluru Dist,Vijayapura PS,1.0442e+16,2017,1,2,Road Accidents,Circle,City/Town,Near Bus stop,Human Error,Yes,Simple Injury,Hit and Run,Controlled,Others,City or Town Road,Bitumen(Tar),Dry,Not Applicable,Fine,Kolar Vijayapura Road,Kempanna Complex,1,0.0,0.0
Bengaluru Dist,Vijayapura PS,1.0442e+16,2017,1,1,Road Accidents,Narrow road,Rural Areas,Near or inside a village,Human Error,Yes,Fatal,Hit pedestrian,Not Applicable,Straight and flat,NH,Bitumen(Tar),Dry,Not Applicable,Fine,Devanahalli-Chikkaballapura NH-7 Road,Near Mudugurki Gate,20 ft,0.0,0.0
Bengaluru Dist,Vijayapura PS,1.0442e+16,2017,1,2,Road Accidents,Other,City/Town,Near or inside a village,Not Applicable,No,Simple Injury,Others,Controlled,Others,Others,Bitumen(Tar),Dry,Not Applicable,Clear,Vijayapura Devanahalli Road,Near Kormangala Forest,2,0.0,0.0
Bengaluru Dist,Vijayapura PS,1.0442e+16,2017,1,1,Road Accidents,Other,Rural Areas,Near or inside a village,Not Applicable,No,Fatal,Others,Not Applicable,Others,Village Road,Bitumen(Tar),Dry,Not Applicable,Fine,Vijayapura-Bullahalli Road,South Side Muneshwara Swamy Temple,40 ft,0.0,0.0
Bengaluru Dist,Vijayapura PS,1.0442e+16,2017,1,2,Road Accidents,Other,Rural Areas,Near or inside a village,Not Applicable,No,Damage Only,Side swipe,Controlled,Others,NH,Bitumen(Tar),Dry,Not Applicable,Fine,Chickballapura Devanahalli Road,NH 7 Road,15,0.0,0.0
Bengaluru Dist,Vijayapura PS,1.0442e+16,2017,1,2,Road Accidents,Other,Villages settlement,Open area,Human Error,No,Simple Injury,Others,Not Applicable,Others,NH,Not Applicable,Others,Not Applicable,Others,"NH7 ROAD, BULLAHALLI GATE",NH7 ROAD,10 KM,0.0,0.0
Bengaluru Dist,Vijayapura PS,1.0442e+16,2017,1,2,Road Accidents,Other,City/Town,Near Petrol Pump,Vehicle Defect,No,Damage Only,Others,Not Applicable,Others,NH,Not Applicable,Others,Not Applicable,Others,"NH7 Road, Near Petrol Bunk",Sai Bab Temple,10 KM,0.0,0.0
Bengaluru Dist,Vijayapura PS,1.0442e+16,2017,1,1,Road Accidents,Other,Rural Areas,Open area,Vehicle Defect,No,Fatal,Skidding or Self accident,Not at  Junction,Hump,City or Town Road,Bitumen(Tar),Others,Not Applicable,Clear,SHIDLAGHATTA-VIJAYAPURA ROAD,ankatatti gate,5 km,0.0,0.0
Bengaluru Dist,Vijayapura PS,1.0442e+16,2017,1,1,Road Accidents,Other,Rural Areas,Open area,Human Error,Yes,Fatal,Hit pedestrian,Uncontrolled,Others,NH,Bitumen(Tar),Others,Not Applicable,Clear,DEVANAHALLI-CHIKKABALLAPURA NH7 ROAD,NEAR SANGITHA DABA,15 KM,0.0,0.0
Bengaluru Dist,Vijayapura PS,1.0442e+16,2017,1,2,Road Accidents,Other,City/Town,Near Bus stop,Not Applicable,Yes,Simple Injury,Hit and Run,Controlled,Others,City or Town Road,Bitumen(Tar),Dry,Not Applicable,Fine,Vijayapura Devanahalli Road,Janglipeer Baba Darga Road,2,0.0,0.0
Bengaluru Dist,Vijayapura PS,1.0442e+16,2017,1,2,Road Accidents,Circle,Rural Areas,Near Bus stop,Not Applicable,No,Simple Injury,Others,Controlled,Others,NH,Bitumen(Tar),Dry,Not Applicable,Fine,Venkatagirikote Village,NH 7 Road,12,0.0,0.0
Bengaluru Dist,Vijayapura PS,1.0442e+16,2017,1,3,Road Accidents,Other,Rural Areas,Open area,Not Applicable,No,Simple Injury,Others,Not Applicable,Others,NH,Not Applicable,Dry,Not Applicable,Clear,Chikkaballapura-Devanahalli NH7 Road,Devanahalli Road,12,0.0,0.0
Bengaluru Dist,Vijayapura PS,1.0442e+16,2017,1,1,Road Accidents,Other,Rural Areas,Open area,Human Error,Not Applicable,Simple Injury,Skidding or Self accident,Not at  Junction,Others,NH,Bitumen(Tar),Others,No influence on accident,Others,Bengaluru-Bellary NH-07 Road,Bullahalli Gate,12 km,0.0,0.0
Bengaluru Dist,Vijayapura PS,1.0442e+16,2017,1,2,Road Accidents,Other,Rural Areas,Open area,Not Applicable,Yes,Damage Only,Hit and Run,Controlled,Others,NH,Bitumen(Tar),Dry,Not Applicable,Very Cold,Bengaluru Bellary Road,NH 7 Road,12,0.0,0.0
Bengaluru Dist,Vijayapura PS,1.0442e+16,2017,1,2,Road Accidents,Other,Rural Areas,Open area,Not Applicable,No,Fatal,Others,Not Applicable,Others,City or Town Road,Bitumen(Tar),Dry,Not Applicable,Clear,Vijayapura-Chikkaballapura Road,Shidlaghatta Cross,150 Ft,0.0,0.0
Bengaluru Dist,Vijayapura PS,1.0442e+16,2017,1,2,Road Accidents,Circle,Rural Areas,Near Bus stop,Vehicle Defect,No,Damage Only,Side swipe,Controlled,Others,NH,Bitumen(Tar),Dry,Not Applicable,Fine,Venkatagirikote,Jayaramappa Land,15,0.0,0.0
Bengaluru Dist,Vijayapura PS,1.0442e+16,2017,1,2,Road Accidents,Other,Rural Areas,Near or inside a village,Not Applicable,Yes,Fatal,Others,Not Applicable,Others,Village Road,Bitumen(Tar),Dry,Not Applicable,Clear,Koramangala Village Road,Koramangala Road,100 Mt,0.0,0.0
Bengaluru Dist,Vijayapura PS,1.0442e+16,2017,1,2,Road Accidents,Other,Rural Areas,Open area,Not Applicable,Yes,Simple Injury,Hit and Run,Controlled,Others,NH,Bitumen(Tar),Others,Not Applicable,Clear,NH-7 Road,Sai baba Temple,14,0.0,0.0
Bengaluru Dist,Vijayapura PS,1.0442e+16,2017,1,2,Road Accidents,Circle,City/Town,In bazaar,Not Applicable,No,Simple Injury,Run Off Road,Controlled,Others,City or Town Road,Bitumen(Tar),Dry,Not Applicable,Fine,Chickballapura Kolar Road,Vijayapura Chickballapura Road,1,0.0,0.0
Bengaluru Dist,Vijayapura PS,1.0442e+16,2017,1,2,Road Accidents,Other,Rural Areas,Open area,Not Applicable,No,Simple Injury,Others,Controlled,Others,Village Road,Bitumen(Tar),Dry,Not Applicable,Fine,Dandiganahalli Village,Dandiganahalli,6,0.0,0.0
Bengaluru Dist,Vijayapura PS,1.0442e+16,2017,1,2,Not Applicable,Other,Rural Areas,Open area,Vehicle Defect,Not Applicable,Damage Only,Others,Not Applicable,Others,State Highway,Not Applicable,Others,Not Applicable,Others,"Devanahalli-Vijayapura Road, Near Bhakshu Darga",Bhakshu Darga,1/2 Km,0.0,0.0
Bengaluru Dist,Vijayapura PS,1.0442e+16,2017,1,2,Rail Road Accidents,Other,Rural Areas,Open area,Not Applicable,Not Applicable,Damage Only,Others,Not Applicable,Others,NH,Not Applicable,Not Applicable,Not Applicable,Others,"NH7 Road, Near Bhukthi Hotel",Brundavana Farm,10 KM,0.0,0.0
Bengaluru Dist,Vijayapura PS,1.0442e+16,2018,1,2,Road Accidents,Bridge,Rural Areas,Open area,Not Applicable,No,Simple Injury,Others,Not at  Junction,Others,NH,Bitumen(Tar),Dry,Not Applicable,Others,"NH7 Road,",NH7 Road,15 KM,0.0,0.0
Bengaluru Dist,Vijayapura PS,1.0442e+16,2018,1,2,Road Accidents,Other,Rural Areas,Open area,Not Applicable,Not Applicable,Grievous Injury,Others,Not Applicable,Others,Others,Not Applicable,Dry,Not Applicable,Others,Vijayapura-Dandiganahalli Road,Vijayapura Road,2 KM,0.0,0.0
Bengaluru Dist,Vijayapura PS,1.0442e+16,2018,1,2,Road Accidents,Other,City/Town,Residential area,Human Error,Not Applicable,Simple Injury,Hit bicyclist,No signal lights,Others,State Highway,Bitumen(Tar),Others,No influence on accident,Others,Chikkaballapura-Vijayapura Road,Near H P Petrol Bunk,1 km,0.0,0.0
Bengaluru Dist,Vijayapura PS,1.0442e+16,2018,1,2,Road Accidents,Cross roads,City/Town,Residential area,Vehicle Defect,No,Damage Only,Others,No signal lights,Others,State Highway,Bitumen(Tar),Others,Not Applicable,Others,Vijayapura-Kolara Road,Near Srilaxmi wine center,200m,0.0,0.0
Bengaluru Dist,Vijayapura PS,1.0442e+16,2018,1,2,Road Accidents,Cross roads,Rural Areas,Open area,Human Error,No,Damage Only,Others,Controlled,Sharp Curve,NH,Bitumen(Tar),Others,Not Applicable,Clear,NH Road,SAI baba temple,15 km,0.0,0.0
Bengaluru Dist,Vijayapura PS,1.0442e+16,2018,1,3,Road Accidents,Other,Rural Areas,Open area,Human Error,No,Simple Injury,Hit fixed object,Not at  Junction,Others,State Highway,Bitumen(Tar),Others,Not Applicable,Others,Vijayapura-Chikkaballapura Road,Near Godlumuddenahalli Village,6,0.0,0.0
Bengaluru Dist,Vijayapura PS,1.0442e+16,2018,1,2,Road Accidents,Other,City/Town,Near Petrol Pump,Human Error,No,Grievous Injury,Hit bicyclist,Not at  Junction,Others,State Highway,Bitumen(Tar),Others,Not Applicable,Others,Vijayapura-C B Pura Road,Near Petrol Bunk,1 km,0.0,0.0
Bengaluru Dist,Vijayapura PS,1.0442e+16,2018,1,2,Road Accidents,Other,City/Town,Open area,Human Error,Yes,Simple Injury,Hit and Run,No signal lights,Others,City or Town Road,Bitumen(Tar),Others,No influence on accident,Snow,Shidlaghatta-vijayapura Road,Near Veeranjaneyaswamy Temple,2 km,0.0,0.0
Bengaluru Dist,Vijayapura PS,1.0442e+16,2018,1,2,Road Accidents,Curves,Rural Areas,Near or inside a village,Vehicle Defect,No,Simple Injury,Hit bicyclist,Not Applicable,Others,NH,Bitumen(Tar),Others,Not Applicable,Others,Bengaluru-Bellary NH-07 Road,Mudagurki Gate,15 km,0.0,0.0
Bengaluru Dist,Vijayapura PS,1.0442e+16,2018,1,1,Road Accidents,Narrow road,Villages settlement,Near Bus stop,Human Error,No,Fatal,Not Applicable,Not at  Junction,Straight and flat,NH,Bitumen(Tar),Dry,Not Applicable,Fine,Chikkaballapura-Devanahalli NH-7 Road,Venkatagerikote Gate,20,0.0,0.0
Bengaluru Dist,Vijayapura PS,1.0442e+16,2018,1,1,Road Accidents,Other,Rural Areas,Near or inside a village,Not Applicable,No,Fatal,Others,Not Applicable,Others,Village Road,Bitumen(Tar),Dry,Not Applicable,Fine,Vijayapura-P.Ranganathapura Road,North Side one Electrical Light Pole,4 ft,0.0,0.0
Bengaluru Dist,Vijayapura PS,1.0442e+16,2018,1,2,Road Accidents,Other,Villages settlement,Residential area,Not Applicable,No,Grievous Injury,Others,Not Applicable,Others,NH,Not Applicable,Others,Not Applicable,Others,NH Road,Devanahalli Chikkaballapura NH7 Road,14 KM,0.0,0.0
Bengaluru Dist,Vijayapura PS,1.0442e+16,2018,1,2,Road Accidents,Bridge,Rural Areas,Open area,Not Applicable,Not Applicable,Grievous Injury,Others,Not Applicable,Others,State Highway,Not Applicable,Others,Not Applicable,Fine,Kolara-Vijayapura Road,Sumukh Bridge,1 KM E,0.0,0.0
Bengaluru Dist,Vijayapura PS,1.0442e+16,2018,1,1,Road Accidents,Other,Villages settlement,Near or inside a village,Human Error,No,Simple Injury,Hit pedestrian,Not Applicable,Others,Village Road,Bitumen(Tar),Others,No influence on accident,Fine,Bijjawara village Inside Road,Inside Village,8 km,0.0,0.0
Bengaluru Dist,Vijayapura PS,1.0442e+16,2018,1,2,Road Accidents,Other,Villages settlement,Residential area,Not Applicable,No,Grievous Injury,Others,Not Applicable,Others,Others,Not Applicable,Others,Not Applicable,Fine,Doddathathamangala-Yaliyuru Road,Doddathathamangala Road,5 KM,0.0,0.0
Bengaluru Dist,Vijayapura PS,1.0442e+16,2018,1,2,Road Accidents,Narrow road,Rural Areas,Open area,Human Error,No,Fatal,Rear end,Not at  Junction,Not Applicable,NH,Bitumen(Tar),Dry,Not Applicable,Fine,NH 07,K M Stone,100 Mt,0.0,0.0
Bengaluru Dist,Vijayapura PS,1.0442e+16,2018,1,2,Road Accidents,Narrow road,Rural Areas,Open area,Human Error,No,Fatal,Rear end,Not at  Junction,Others,Others,Bitumen(Tar),Dry,Not Applicable,Fine,Buypass Road,Electric Pole,15,0.0,0.0
Bengaluru Dist,Vijayapura PS,1.0442e+16,2018,1,2,Road Accidents,Narrow road,Rural Areas,Near Bus stop,Human Error,Not Applicable,Fatal,Others,Not at  Junction,Others,State Highway,Bitumen(Tar),Dry,Not Applicable,Fine,Vijayapura-Devanahalli Road,Chikkattamagala Gate,20,0.0,0.0
Bengaluru Dist,Vijayapura PS,1.0442e+16,2018,1,1,Road Accidents,Narrow road,Villages settlement,Residential area,Human Error,No,Fatal,Others,Not at  Junction,Others,NH,Bitumen(Tar),Dry,Not Applicable,Fine,Chikkaballapura-Bengaluru NH-7 Road,Near Arunakumar House,80 Ft,0.0,0.0
Bengaluru Dist,Vijayapura PS,1.0442e+16,2018,1,2,Road Accidents,Other,Rural Areas,Open area,Not Applicable,No,Damage Only,Others,Not Applicable,Others,Village Road,Not Applicable,Dry,Not Applicable,Others,Venkatagirikote Village,NH7 Road,12 KM,0.0,0.0
Bengaluru Dist,Vijayapura PS,1.0442e+16,2018,1,2,Road Accidents,Other,Rural Areas,Open area,Not Applicable,No,Grievous Injury,Others,Not Applicable,Others,NH,Not Applicable,Dry,Not Applicable,Others,NH Road,Devanahalli Chikkaballapura NH7 Road,8 KM,0.0,0.0
Bengaluru Dist,Vijayapura PS,1.0442e+16,2018,1,1,Road Accidents,Cross roads,Rural Areas,Open area,Human Error,No,Damage Only,Skidding or Self accident,Controlled,Others,NH,Bitumen(Tar),Dry,Not Applicable,Clear,Avathi,Nh 7 Road,15 KM,0.0,0.0
Bengaluru Dist,Vijayapura PS,1.0442e+16,2018,1,2,Not Applicable,Other,City/Town,Open area,Not Applicable,No,Grievous Injury,Others,Not Applicable,Others,State Highway,Not Applicable,Others,Not Applicable,Others,Vijayapura-Kolar Road,HMS Engineers Work,1/2 KM,0.0,0.0
Bengaluru Dist,Vijayapura PS,1.0442e+16,2018,1,2,Road Accidents,Other,Rural Areas,Open area,Vehicle Defect,Not Applicable,Damage Only,Hit parked vehicle,Not Applicable,Others,State Highway,Bitumen(Tar),Others,Not Applicable,Others,Vijayapura-Devanahalli Road,Near H P Petrol Bunk,6km,0.0,0.0
Bengaluru Dist,Vijayapura PS,1.0442e+16,2018,1,2,Road Accidents,Narrow road,Rural Areas,Open area,Human Error,Yes,Simple Injury,Hit and Run,No signal lights,Others,Village Road,Bitumen(Tar),Others,Not Applicable,Others,Avathi-Koramangala Road,Near Sultan Form,4 KM,0.0,0.0
Bengaluru Dist,Vijayapura PS,1.0442e+16,2018,1,1,Road Accidents,Other,Rural Areas,Open area,Human Error,Yes,Fatal,Not Applicable,Not at  Junction,Curve and Incline,NH,Bitumen(Tar),Dry,Not Applicable,Fine,Chikkaballapura-Devanahalli NH-7 Road,Near Shivana Land,20,0.0,0.0
Bengaluru Dist,Vijayapura PS,1.0442e+16,2018,1,2,Road Accidents,Other,City/Town,Open area,Not Applicable,No,Damage Only,Others,Not Applicable,Others,NH,Not Applicable,Others,Not Applicable,Others,Devanahalli-Chikkaballapura NH7 Road,Devanahalli NH7 Road,12 KM,0.0,0.0
Bengaluru Dist,Vijayapura PS,1.0442e+16,2018,1,2,Rail Road Accidents,Other,City/Town,Near Bus stop,Not Applicable,No,Grievous Injury,Others,Controlled,Others,NH,Bitumen(Tar),Others,Not Applicable,Clear,NH Road,Doddathathamangala,5 KM,0.0,0.0
Bengaluru Dist,Vijayapura PS,1.0442e+16,2018,1,2,Road Accidents,Other,Rural Areas,Open area,Not Applicable,No,Fatal,Others,Not Applicable,Others,NH,Bitumen(Tar),Dry,Not Applicable,Fine,Devanahalli-Chikkaballapura NH-7 Road,East Side Sangeetha Dhaba,70 ft,0.0,0.0
Bengaluru Dist,Vijayapura PS,1.0442e+16,2018,1,2,Road Accidents,Other,Rural Areas,Open area,Human Error,No,Simple Injury,Hit bicyclist,Not at  Junction,Others,NH,Bitumen(Tar),Others,No influence on accident,Others,Chikkaballapura-Devanahalli NH-07 Road,Near Venkatagirikote Village,14 km,0.0,0.0
Bengaluru Dist,Vijayapura PS,1.0442e+16,2018,1,2,Road Accidents,Other,City/Town,Near Bus stop,Human Error,No,Simple Injury,Hit bicyclist,Not at  Junction,Others,Others,Bitumen(Tar),Others,Not Applicable,Others,Devanahalli-Kolara,Near TMC Circle,1/2 Km,0.0,0.0
Bengaluru Dist,Vijayapura PS,1.0442e+16,2018,1,2,Road Accidents,Curves,Rural Areas,Open area,Human Error,No,Fatal,Right Turn Collision,No signal lights,Others,NH,Bitumen(Tar),Dry,Not Applicable,Fine,Chikkaballapura-Devanahalli NH-7 Road,Bookthi daba,20,0.0,0.0
Bengaluru Dist,Vijayapura PS,1.0442e+16,2018,1,2,Road Accidents,Other,City/Town,Open area,Vehicle Defect,No,Simple Injury,Others,Not Applicable,Others,NH,Not Applicable,Others,Not Applicable,Others,Chikkaballapura-Devanahalli NH7 Road,NH7 Road,13 KM,0.0,0.0
Bengaluru Dist,Vijayapura PS,1.0442e+16,2018,1,2,Road Accidents,Other,Rural Areas,Open area,Not Applicable,No,Damage Only,Others,Not Applicable,Others,NH,Not Applicable,Others,Not Applicable,Others,NH7 Road,Devanahalli chikkaballapura NH7 Road,12 KM,0.0,0.0
Bengaluru Dist,Vijayapura PS,1.0442e+16,2018,1,2,Road Accidents,Other,Rural Areas,Near a religious place,Human Error,Not Applicable,Simple Injury,Others,Not Applicable,Others,NH,Bitumen(Tar),Others,No influence on accident,Others,Bengaluru-Bellary NH-07 Road,Near Sai Baba Temple,13 km,0.0,0.0
Bengaluru Dist,Vijayapura PS,1.0442e+16,2018,1,1,Road Accidents,Narrow road,Villages settlement,Residential area,Human Error,Not Applicable,Fatal,Others,Not at  Junction,Others,State Highway,Bitumen(Tar),Dry,Not Applicable,Fine,Chikkaballapura-Vijayapura Road,KEB Office,24,0.0,0.0
Bengaluru Dist,Vijayapura PS,1.0442e+16,2018,1,1,Road Accidents,Not Applicable,Rural Areas,Open area,Human Error,No,Simple Injury,Hit pedestrian,Not Applicable,Others,State Highway,Bitumen(Tar),Others,Not Applicable,Others,Vijayapura-Devanahalli Road,Doddathathamangala Gate,08 KM,0.0,0.0
Bengaluru Dist,Vijayapura PS,1.0442e+16,2018,1,2,Road Accidents,Narrow road,Rural Areas,Open area,Human Error,No,Fatal,Head on,Not Applicable,Not Applicable,State Highway,Bitumen(Tar),Others,Not Applicable,Fine,Vijayapura-Devanahalli Road,Electric Pole,10,0.0,0.0
Bengaluru Dist,Vijayapura PS,1.0442e+16,2018,1,2,Road Accidents,Narrow road,Rural Areas,Open area,Human Error,No,Fatal,Others,Not at  Junction,Not Applicable,NH,Bitumen(Tar),Dry,Not Applicable,Fine,Chikkaballapura-Bengaluru NH-7 Road,Manjunatha Land,30,0.0,0.0
Bengaluru Dist,Vijayapura PS,1.0442e+16,2018,1,1,Road Accidents,Other,Rural Areas,Open area,Human Error,No,Fatal,Others,Not Applicable,Others,NH,Bitumen(Tar),Dry,Not Applicable,Clear,Chikkaballapura-Bengaluru NH-7 Road,Green Bricks Enclave,50 Ft,0.0,0.0
Bengaluru Dist,Vijayapura PS,1.0442e+16,2018,1,2,Road Accidents,Other,City/Town,Open area,Not Applicable,Not Applicable,Grievous Injury,Others,Not Applicable,Others,Two way,Not Applicable,Others,Not Applicable,Others,Other Road,Karnataka Bank,1/2 KM,0.0,0.0
Bengaluru Dist,Vijayapura PS,1.0442e+16,2018,1,2,Road Accidents,Other,Rural Areas,Open area,Not Applicable,Yes,Grievous Injury,Others,Not Applicable,Others,Others,Not Applicable,Others,Not Applicable,Others,Vijayapura-Chikkaballapura Road,Chikkaballapura Road,4 KM,0.0,0.0
Bengaluru Dist,Vijayapura PS,1.0442e+16,2018,1,1,Road Accidents,Other,Rural Areas,Open area,Not Applicable,No,Grievous Injury,Others,Not Applicable,Others,NH,Not Applicable,Others,Not Applicable,Clear,Chikkaballapura-Devanahalli NH7 Road,Devanahalli chikkaballapura NH7 Road,12 KM,0.0,0.0
Bengaluru Dist,Vijayapura PS,1.0442e+16,2018,1,1,Road Accidents,Other,Rural Areas,Near Petrol Pump,Human Error,No,Damage Only,Skidding or Self accident,Controlled,Others,NH,Bitumen(Tar),Dry,Not Applicable,Clear,"HP Petrol Bank,Venkatagirikote",Venkatagirikote,15,0.0,0.0
Bengaluru Dist,Vijayapura PS,1.0442e+16,2018,1,1,Road Accidents,Narrow road,Rural Areas,Open area,Human Error,No,Fatal,Others,Not at  Junction,Others,Others,Bitumen(Tar),Dry,Not Applicable,Fine,Nera RajaSheekar Land Avathi-Koramangala Road,Avathi Koramangala Road,12,0.0,0.0
Bengaluru Dist,Vijayapura PS,1.0442e+16,2018,1,2,Road Accidents,Other,Rural Areas,Near or inside a village,Not Applicable,Yes,Fatal,Others,Not Applicable,Others,Service Road,Bitumen(Tar),Dry,Not Applicable,Fine,Vijayapura-Kolara Bypass Road,Near Thrupthi Dhaba,120 ft,0.0,0.0
Bengaluru Dist,Vijayapura PS,1.0442e+16,2018,1,2,Road Accidents,Other,Rural Areas,Near or inside a village,Not Applicable,No,Fatal,Others,Not Applicable,Others,NH,Bitumen(Tar),Dry,Not Applicable,Fine,Devanahalli-Chikkaballapura NH-7 Road,South Side Tirumala dhaba,200mtr,0.0,0.0
Bengaluru Dist,Vijayapura PS,1.0442e+16,2018,1,2,Road Accidents,Other,Villages settlement,Open area,Not Applicable,No,Grievous Injury,Others,Not Applicable,Others,State Highway,Not Applicable,Others,Not Applicable,Others,Chikkaballapura-Kolar Road,JNN Ohoto Studio,1 KM,0.0,0.0
Bengaluru Dist,Vijayapura PS,1.0442e+16,2018,1,2,Road Accidents,Other,Rural Areas,Open area,Human Error,No,Simple Injury,Hit bicyclist,Not Applicable,Others,Village Road,Bitumen(Tar),Others,Not Applicable,Others,Irigenahalli Village Road,Near Irigenahalli Village,15 km,0.0,0.0
Bengaluru Dist,Vijayapura PS,1.0442e+16,2018,1,2,Road Accidents,Other,Rural Areas,Near or inside a village,Not Applicable,No,Fatal,Others,Not Applicable,Others,NH,Bitumen(Tar),Dry,Not Applicable,Fine,"Chikkaballapura-Devanahalli, NH-7 Road",East Side Gharana Dhaba,100 ft,0.0,0.0
Bengaluru Dist,Vijayapura PS,1.0442e+16,2018,1,2,Road Accidents,Narrow road,Rural Areas,Open area,Human Error,No,Fatal,Others,Not at  Junction,Not Applicable,NH,Surfaced,Dry,Not Applicable,Fine,Chikkaballapura-Bengaluru NH-7 Road,Near Daba,20,0.0,0.0
Bengaluru Dist,Vijayapura PS,1.0442e+16,2018,1,1,Road Accidents,Other,City/Town,Open area,Human Error,No,Simple Injury,Hit bicyclist,Not at  Junction,Others,State Highway,Bitumen(Tar),Others,No influence on accident,Others,Vijayaoura- Kolara Road,Near Basha Bidi Choutri,0.5 km,0.0,0.0
Bengaluru Dist,Vijayapura PS,1.0442e+16,2018,1,2,Road Accidents,Other,Rural Areas,Open area,Vehicle Defect,No,Damage Only,Run Off Road,Not at  Junction,Others,NH,Bitumen(Tar),Others,Not Applicable,Fog / Mist,Bengaluru-Bellary NH-07 Road,Near Janatha Colony,14 KM,0.0,0.0
Bengaluru Dist,Vijayapura PS,1.0442e+16,2018,1,2,Road Accidents,Culvert,Rural Areas,Narrow bridge or culverts,Vehicle Defect,Yes,Simple Injury,Hit and Run,No signal lights,Others,NH,Bitumen(Tar),Others,Not Applicable,Others,Bengaluru-Bellary NH-07 Road,NEAR AVATHI BRIDGE,15 km,0.0,0.0
Bengaluru Dist,Vijayapura PS,1.0442e+16,2018,1,1,Road Accidents,Narrow road,Rural Areas,Near or inside a village,Human Error,Not Applicable,Fatal,Hit bicyclist,Not at  Junction,Not Applicable,Major District Road,Bitumen(Tar),Dry,Not Applicable,Fine,Chikkaballapura-Vijayapura Road,Papanna Flore Mill,40 ft,0.0,0.0
Bengaluru Dist,Vijayapura PS,1.0442e+16,2018,1,1,Road Accidents,Other,Villages settlement,Near or inside a village,Not Applicable,No,Grievous Injury,Others,Not Applicable,Others,Village Road,Concrete,Dry,Drainage Ditch,Clear,"Opposote Milk Dairy, Doddathathamangala",Milk Diary Office,6,0.0,0.0
Bengaluru Dist,Vijayapura PS,1.0442e+16,2018,1,2,Road Accidents,Other,Rural Areas,Open area,Vehicle Defect,No,Damage Only,Others,Uncontrolled,Others,NH,Bitumen(Tar),Others,Not Applicable,Others,Bengaluru-bellary NH-07 Road,Near Irigenahalli Village,15 KM,0.0,0.0