DISTRICTNAME,UNITNAME,Crime_No,Year,RI,Noofvehicle_involved,Accident_Classification,Accident_Spot,Accident_Location,Accident_SubLocation,Main_Cause,Hit_Run,Severity,Collision_Type,Junction_Control,Road_Character,Road_Type,Surface_Type,Surface_Condition,Road_Condition,Weather,Accident_Road,Landmark_first,Distance_LandMark_First,Latitude,Longitude
Bengaluru Dist,Vijayapura PS,1.0442e+16,2018,1,1,Road Accidents,Circle,Rural Areas,Residential area,Human Error,Yes,Simple Injury,Hit pedestrian,Controlled,Others,NH,Bitumen(Tar),Not Applicable,Not Applicable,Others,chikabalapura-devanahali NH07 road,chikabalapuradevanahali nh 07 road,12,0.0,0.0
Bengaluru Dist,Vijayapura PS,1.0442e+16,2018,1,1,Road Accidents,Narrow road,Rural Areas,Open area,Human Error,No,Fatal,Skidding or Self accident,Not at  Junction,Not Applicable,Two way,Surfaced,Dry,Not Applicable,Fine,Vijayapura-DEvanahalli Road,Near Janglipirdarag vijayapura Devanahalli road,10 Ft,0.0,0.0
Bengaluru Dist,Vijayapura PS,1.0442e+16,2018,1,1,Road Accidents,Road hump or Rumble strips,Rural Areas,Near Bus stop,Human Error,No,Fatal,Others,Not at  Junction,Not Applicable,State Highway,Surfaced,Dry,Not Applicable,Fine,Vijayapura-Devanahalli Road,Near temple,20,0.0,0.0
Bengaluru Dist,Vijayapura PS,1.0442e+16,2018,1,2,Road Accidents,Other,Rural Areas,Open area,Not Applicable,No,Simple Injury,Others,Not Applicable,Others,Others,Not Applicable,Others,Not Applicable,Others,Chikkaballapura Vijayapura Road,Anjinappa Land,3 KM W,0.0,0.0
Bengaluru Dist,Vijayapura PS,1.0442e+16,2018,1,1,Road Accidents,Other,Rural Areas,Near a religious place,Human Error,No,Simple Injury,Hit pedestrian,Not at  Junction,Others,State Highway,Bitumen(Tar),Others,No influence on accident,Others,Vijayapura-Shidlaghatta Road,Near AnjaneyaTemple,12 km,0.0,0.0
Bengaluru Dist,Vijayapura PS,1.0442e+16,2018,1,1,Road Accidents,Circle,Rural Areas,Open area,Human Error,Yes,Simple Injury,Hit and Run,Controlled,Others,Village Road,Bitumen(Tar),Dry,Not Applicable,Clear,Venkatagirikote Gate,Venkatagirikote,15,0.0,0.0
Bengaluru Dist,Vijayapura PS,1.0442e+16,2018,1,1,Road Accidents,Narrow road,City/Town,Near Bus stop,Human Error,No,Fatal,Hit pedestrian,Uncontrolled,Not Applicable,City or Town Road,Bitumen(Tar),Dry,Not Applicable,Fine,Vijayapura Town,Ganesha Temple,25,0.0,0.0
Bengaluru Dist,Vijayapura PS,1.0442e+16,2018,1,1,Road Accidents,Other,City/Town,Open area,Not Applicable,No,Simple Injury,Others,Not Applicable,Others,NH,Not Applicable,Others,Not Applicable,Others,NH7 Road,Devanahalli chikkaballapura NH7 Road,13 KM,0.0,0.0
Bengaluru Dist,Vijayapura PS,1.0442e+16,2018,1,2,Road Accidents,Narrow road,Rural Areas,Open area,Human Error,No,Fatal,Others,Not at  Junction,Others,Two way,Bitumen(Tar),Dry,Not Applicable,Fine,Chikkaballapura-Vijayapura Road,Near Balakrishna Land,20,0.0,0.0
Bengaluru Dist,Vijayapura PS,1.0442e+16,2018,1,1,Road Accidents,Circle,Rural Areas,Near a religious place,Vehicle Defect,Not Applicable,Grievous Injury,Skidding or Self accident,Not at  Junction,Not Applicable,NH,Bitumen(Tar),Others,No influence on accident,Fine,Bengaluru-Bellary NH-07 Road,Near Sai Baba Temple,13 km,0.0,0.0
Bengaluru Dist,Vijayapura PS,1.0442e+16,2018,1,2,Rail Road Accidents,Other,Rural Areas,Open area,Human Error,Yes,Simple Injury,Hit and Run,Controlled,Others,NH,Bitumen(Tar),Dry,Not Applicable,Clear,Avathi Sai Baba Temple Road,Avathi,15,0.0,0.0
Bengaluru Dist,Vijayapura PS,1.0442e+16,2018,1,1,Road Accidents,Culvert,Rural Areas,Open area,Human Error,No,Fatal,Side swipe,Not at  Junction,Not Applicable,NH,Bitumen(Tar),Dry,Not Applicable,Fine,NH 7,Near Avathi Bridge,100,0.0,0.0
Bengaluru Dist,Vijayapura PS,1.0442e+16,2019,1,1,Road Accidents,Junction,Rural Areas,Open area,Human Error,Not Applicable,Damage Only,Hit animal,Uncontrolled,Straight and flat,NH,Bitumen(Tar),Dry,No influence on accident,Clear,Chikkaballapura-Devanahalli NH7 Road,Devanahalli chikkaballapura NH7 Road,12 KM,13.326576,77.724176
Bengaluru Dist,Vijayapura PS,1.0442e+16,2019,1,2,Road Accidents,Junction,Rural Areas,Open area,Human Error,Not Applicable,Grievous Injury,Vehicle to Vehicle,Uncontrolled,Straight and flat,NH,Bitumen(Tar),Dry,No influence on accident,Clear,Chikkaballapura-Devanahalli NH7 Road,Devanahalli chikkaballapura NH7 Road,12 KM,13.282877,77.7229019
Bengaluru Dist,Vijayapura PS,1.0442e+16,2019,1,2,Road Accidents,Narrow road,Rural Areas,Open area,Not Applicable,Not Applicable,Damage Only,Vehicle to Vehicle,Uncontrolled,Straight and flat,NH,Not Applicable,Dry,No influence on accident,Clear,Devanahalli-Chikkaballapura NH7 Road,Vijayapura chikkaballapura NH7 Road,10 KM,13.282936,77.72296
Bengaluru Dist,Vijayapura PS,1.0442e+16,2019,1,3,Road Accidents,Narrow road,Rural Areas,Open area,Human Error,Not Applicable,Damage Only,Vehicle to Vehicle,Uncontrolled,Crest of hill,NH,Bitumen(Tar),Dry,No influence on accident,Clear,Chikkaballapura-Devanahalli NH7 Road,Mudugurki Road,12 KM,13.351553,77.725739
Bengaluru Dist,Vijayapura PS,1.0442e+16,2019,1,1,Road Accidents,Narrow road,Rural Areas,Residential area,Human Error,No,Damage Only,Not Applicable,Uncontrolled,Curve,Service Road,Bitumen(Tar),Dry,No influence on accident,Clear,Vijayapura -Bulahalli Road,Bulahalli Road,5 KM,13.305349,77.77869
Bengaluru Dist,Vijayapura PS,1.0442e+16,2019,1,2,Road Accidents,Narrow road,Rural Areas,Open area,Human Error,No,Simple Injury,Vehicle to Vehicle,Uncontrolled,Straight and flat,NH,Bitumen(Tar),Dry,No influence on accident,Fine,Devanahalli-chickaballapur NH-07 Road,Near Alankar dhaba,10 KM,13.299862,77.794665
Bengaluru Dist,Vijayapura PS,1.0442e+16,2019,1,2,Road Accidents,Y Junction,Rural Areas,Near Bus stop,Human Error,No,Fatal,Others,Not Applicable,Not Applicable,State Highway,Bitumen(Tar),Dry,Not Applicable,Fine,Devanahalli Vijayapura Road,Byrappa Land,24,13.295062,77.7937129
Bengaluru Dist,Vijayapura PS,1.0442e+16,2019,1,1,Road Accidents,Narrow road,Rural Areas,Near or inside a village,Human Error,Not Applicable,Damage Only,Hit animal,Uncontrolled,Straight and flat,State Highway,Bitumen(Tar),Dry,No influence on accident,Clear,Basappana Toppu,Vijayapura Road,1 KM,13.309828,77.850323
Bengaluru Dist,Vijayapura PS,1.0442e+16,2019,1,3,Road Accidents,Narrow road,City/Town,Near School or College,Human Error,No,Damage Only,Vehicle to Vehicle,Uncontrolled,Straight and flat,NH,Bitumen(Tar),Dry,No influence on accident,Clear,C B Pura-Devanahalli NH-07 Road,Near Nagarjuna Collage,13 Km,13.352396,77.725818
Bengaluru Dist,Vijayapura PS,1.0442e+16,2019,1,2,Road Accidents,Junction,Rural Areas,Open area,Human Error,No,Grievous Injury,Vehicle to Vehicle,Uncontrolled,Straight and flat,State Highway,Bitumen(Tar),Dry,No influence on accident,Clear,Devanahalli-Vijayapura Road,Kurubarakunte Cross,8 KM,13.315574,77.7854039
Bengaluru Dist,Vijayapura PS,1.0442e+16,2019,1,2,Road Accidents,Other,Rural Areas,Open area,Not Applicable,Not Applicable,Simple Injury,Others,Not Applicable,Others,State Highway,Not Applicable,Others,Not Applicable,Clear,Devanahalli-Vijayapura Road,Devanahalli Road,2 KM,13.295918,77.794992
Bengaluru Dist,Vijayapura PS,1.0442e+16,2019,1,2,Road Accidents,Narrow road,Rural Areas,Open area,Human Error,No,Fatal,Vehicle to Vehicle,Not at  Junction,Not Applicable,NH,Bitumen(Tar),Dry,Not Applicable,Fine,Chikkaballapura-Bengaluru NH-7 Road,Near Venkagerikote,20,13.322158,77.7255209
Bengaluru Dist,Vijayapura PS,1.0442e+16,2019,1,2,Road Accidents,Junction,Rural Areas,Open area,Human Error,Yes,Damage Only,Vehicle to Vehicle,Uncontrolled,Straight and flat,NH,Bitumen(Tar),Dry,No influence on accident,Fine,C B Pura-Devanahalli NH-07 Road,Near Janatha Colony,14 Km,13.272497,77.721305
Bengaluru Dist,Vijayapura PS,1.0442e+16,2019,1,2,Road Accidents,Junction,City/Town,Residential area,Human Error,Yes,Simple Injury,Vehicle to Vehicle,Uncontrolled,Straight and flat,Residential Street,Bitumen(Tar),Dry,No influence on accident,Fine,Devanahalli-Vijayapura Road,Near Mori Cross Vijayapura Town,2 KM,13.29721,77.795561
Bengaluru Dist,Vijayapura PS,1.0442e+16,2019,1,2,Rail Road Accidents,Junction,Rural Areas,Near or inside a village,Human Error,No,Simple Injury,Vehicle to Vehicle,Uncontrolled,Straight and flat,NH,Bitumen(Tar),Dry,No influence on accident,Fine,NH7 Road,Near Venkatagirikote Gate,12 KM,13.331637,77.72555
Bengaluru Dist,Vijayapura PS,1.0442e+16,2019,1,2,Road Accidents,Cross roads,Rural Areas,Open area,Not Applicable,Not Applicable,Grievous Injury,Vehicle to Vehicle,Uncontrolled,Incline,Service Road,Bitumen(Tar),Dry,No influence on accident,Clear,Kommasandra Road,Kommasandra Village,7,13.310523,77.804254
Bengaluru Dist,Vijayapura PS,1.0442e+16,2019,1,2,Road Accidents,Narrow road,Rural Areas,Open area,Human Error,Not Applicable,Simple Injury,Vehicle to Vehicle,Uncontrolled,Straight and flat,NH,Not Applicable,Dry,No influence on accident,Clear,Chikkaballapura-Devanahalli NH7 Road,Devanahalli chikkaballapura NH7 Road,12 KM,13.3368,77.72573
Bengaluru Dist,Vijayapura PS,1.0442e+16,2019,1,3,Road Accidents,Junction,Rural Areas,Near Bus stop,Human Error,No,Simple Injury,Vehicle to Vehicle,Uncontrolled,Straight and flat,NH,Bitumen(Tar),Dry,No influence on accident,Clear,Bengaluru-Hydarabad NH-07 Road,Near V Kote Gate,12 KM,13.327028,77.725635
Bengaluru Dist,Vijayapura PS,1.0442e+16,2019,1,2,Road Accidents,Cross roads,Rural Areas,Near or inside a village,Human Error,Not Applicable,Grievous Injury,Vehicle to Vehicle,Uncontrolled,Straight and flat,Service Road,Bitumen(Tar),Dry,No influence on accident,Clear,Gonuru Road,Bijjawara Road,5 KM,13.34596,77.726574
Bengaluru Dist,Vijayapura PS,1.0442e+16,2019,1,2,Road Accidents,Narrow road,Rural Areas,Open area,Human Error,No,Fatal,Vehicle to Vehicle,Not at  Junction,Others,State Highway,Bitumen(Tar),Dry,Not Applicable,Fine,Vijayapura -Devanahalli Road,Near Jangli Peer Darga,200,13.288304,77.779772
Bengaluru Dist,Vijayapura PS,1.0442e+16,2019,1,1,Road Accidents,Narrow road,Rural Areas,Near a religious place,Human Error,No,Damage Only,Hit animal,Uncontrolled,Straight and flat,NH,Bitumen(Tar),Dry,No influence on accident,Cloudy,Chikaballapura Devanahali NH 07 Road,Near Sai Baba Temple,10 KM,13.28286,77.722968
Bengaluru Dist,Vijayapura PS,1.0442e+16,2019,1,1,Road Accidents,Road hump or Rumble strips,Rural Areas,Open area,Human Error,No,Fatal,Not Applicable,Not at  Junction,Not Applicable,State Highway,Bitumen(Tar),Dry,Not Applicable,Fine,Devanahalli Vijayapura Road,Road Humps,80ft,13.280992,77.763508
Bengaluru Dist,Vijayapura PS,1.0442e+16,2019,1,2,Road Accidents,Narrow road,Rural Areas,Open area,Human Error,Yes,Grievous Injury,Vehicle to Vehicle,Uncontrolled,Straight and flat,NH,Bitumen(Tar),Dry,No influence on accident,Clear,Devanahalli-Chikkaballapura NH7 Road,Devanahalli chikkaballapura NH7 Road,12 KM,13.327502,77.72567
Bengaluru Dist,Vijayapura PS,1.0442e+16,2019,1,2,Road Accidents,Junction,Rural Areas,Open area,Human Error,No,Damage Only,Vehicle to Vehicle,Uncontrolled,Straight and flat,NH,Bitumen(Tar),Dry,No influence on accident,Fine,Chikkaballapura-Devanahalli NH7 Road,Devanahalli Road,10 KM,13.316519,77.725583
Bengaluru Dist,Vijayapura PS,1.0442e+16,2019,1,1,Road Accidents,Junction,Rural Areas,Near or inside a village,Human Error,Not Applicable,Damage Only,Hit animal,Uncontrolled,Straight and flat,NH,Bitumen(Tar),Dry,No influence on accident,Clear,CHIKKABALLAPURA - DEVANAHALLI NH-7 ROAD,AVATHI BRIDGE,10 FT,13.297097,77.725399
Bengaluru Dist,Vijayapura PS,1.0442e+16,2019,1,2,Road Accidents,Narrow road,Rural Areas,Open area,Human Error,No,Fatal,Vehicle to Vehicle,Not at  Junction,Straight and flat,Others,Bitumen(Tar),Dry,Not Applicable,Fine,Land By Nagaraju,Near Electric Pol,25,13.316564,77.6951369
Bengaluru Dist,Vijayapura PS,1.0442e+16,2019,1,1,Road Accidents,Narrow road,Rural Areas,Near Bus stop,Human Error,Yes,Grievous Injury,Hit pedestrian,Controlled,Curve,Minor District Road,Bitumen(Tar),Dry,No influence on accident,Clear,Vijayapura busstand,vijayapura busstand,100m,13.295782,77.802578
Bengaluru Dist,Vijayapura PS,1.0442e+16,2019,1,1,Road Accidents,Narrow road,Rural Areas,Open area,Human Error,Not Applicable,Damage Only,Not Applicable,Uncontrolled,Straight and flat,NH,Bitumen(Tar),Dry,No influence on accident,Fine,chikabalapura-devanahali NH07 road,chikabalapuradevanahali nh 07 road,10km,13.267742,77.719607
Bengaluru Dist,Vijayapura PS,1.0442e+16,2019,1,2,Road Accidents,Curves,Rural Areas,Near or inside a village,Human Error,Not Applicable,Grievous Injury,Vehicle to Vehicle,Uncontrolled,Curve,Service Road,Bitumen(Tar),Dry,No influence on accident,Clear,Vijayapura Road,Dandiganahalli Road,7 KM,13.305133,77.780333
Bengaluru Dist,Vijayapura PS,1.0442e+16,2019,1,2,Road Accidents,Junction,Rural Areas,Open area,Human Error,No,Grievous Injury,Vehicle to Vehicle,Uncontrolled,Straight and flat,NH,Bitumen(Tar),Dry,No influence on accident,Fine,Devanahalli-Chikkaballapura NH7 Road,Irigenahalli Road,12 KM,13.293073,77.751563
Bengaluru Dist,Vijayapura PS,1.0442e+16,2019,1,2,Road Accidents,Junction,Rural Areas,Open area,Human Error,Not Applicable,Grievous Injury,Vehicle to Vehicle,Signal lights Manual,Incline,State Highway,Bitumen(Tar),Dry,No influence on accident,Clear,Devanahalli-Vijayapura Road,Devanahalli Road,1 KM,13.29453,77.794511
Bengaluru Dist,Vijayapura PS,1.0442e+16,2019,1,2,Road Accidents,Junction,City/Town,Near a factory industrial area,Human Error,No,Grievous Injury,Vehicle to Vehicle,Uncontrolled,Straight and flat,Minor District Road,Bitumen(Tar),Dry,No influence on accident,Clear,Vijayapura-Devanahalli Road,Near Silk Department quatress,1 KM,13.290667,77.806466
Bengaluru Dist,Vijayapura PS,1.0442e+16,2019,1,2,Road Accidents,Narrow road,Rural Areas,Open area,Not Applicable,No,Damage Only,Vehicle to Vehicle,Uncontrolled,Straight and flat,NH,Bitumen(Tar),Dry,No influence on accident,Fine,Chikkaballapura-Devanahalli NH7 Road,Devanahalli chikkaballapura NH7 Road,10 KM,13.308626,77.725533
Bengaluru Dist,Vijayapura PS,1.0442e+16,2019,1,1,Road Accidents,Narrow road,Rural Areas,Open area,Human Error,No,Grievous Injury,Hit pedestrian,Uncontrolled,Straight and flat,Service Road,Bitumen(Tar),Dry,No influence on accident,Cloudy,vijayapura Komasandra Road,Vijayapura komasandar Road,5 KM,13.311161,77.8041299
Bengaluru Dist,Vijayapura PS,1.0442e+16,2019,1,1,Road Accidents,Narrow road,Rural Areas,Near or inside a village,Human Error,Not Applicable,Damage Only,Hit animal,Uncontrolled,Straight and flat,Service Road,Bitumen(Tar),Dry,No influence on accident,Clear,Kormangala Forest,Kormangala,7,13.289077,77.7651
Bengaluru Dist,Vijayapura PS,1.0442e+16,2019,1,1,Road Accidents,Cross roads,City/Town,Near Petrol Pump,Human Error,No,Grievous Injury,Not Applicable,Uncontrolled,Curve and Incline,State Highway,Bitumen(Tar),Dry,No influence on accident,Clear,Vijayapura-Devanahalli Road,Basappana Toppu,3 KM,13.309703,77.801147
Bengaluru Dist,Vijayapura PS,1.0442e+16,2019,1,2,Road Accidents,Narrow road,Rural Areas,Open area,Human Error,No,Fatal,Others,Not at  Junction,Not Applicable,NH,Bitumen(Tar),Dry,Not Applicable,Fine,Chikkaballapura-Devanahalli NH-7 Road,Byrappa Land,5,13.29226,77.751498
Bengaluru Dist,Vijayapura PS,1.0442e+16,2019,1,2,Road Accidents,Narrow road,Rural Areas,Near Petrol Pump,Human Error,Yes,Simple Injury,Vehicle to Vehicle,Uncontrolled,Straight and flat,NH,Bitumen(Tar),Dry,No influence on accident,Clear,Devanahalli-Chikkaballapura NH7 Road,Devanahalli chikkaballapura NH7 Road,12 KM,13.274064,77.750661
Bengaluru Dist,Vijayapura PS,1.0442e+16,2019,1,1,Road Accidents,Narrow road,Rural Areas,Open area,Not Applicable,Not Applicable,Grievous Injury,Hit pedestrian,Uncontrolled,Incline,Service Road,Bitumen(Tar),Muddy,No influence on accident,Clear,Gobbaragunte Village,Gobbaragunte Road,11 KM,13.306039,77.811275
Bengaluru Dist,Vijayapura PS,1.0442e+16,2019,1,2,Road Accidents,Narrow road,Rural Areas,Open area,Human Error,No,Grievous Injury,Vehicle to Vehicle,Uncontrolled,Straight and flat,NH,Bitumen(Tar),Dry,No influence on accident,Clear,Chikkaballapura-Devanahalli NH7 Road,Devanahalli chikkaballapura NH7 Road,12 KM,13.329305,77.7423819
Bengaluru Dist,Vijayapura PS,1.0442e+16,2019,1,2,Road Accidents,Narrow road,Rural Areas,Open area,Not Applicable,No,Simple Injury,Vehicle to Vehicle,Uncontrolled,Straight and flat,Service Road,Not Applicable,Dry,No influence on accident,Clear,Chikkaballapura-Vijayapura Road,Vijayapura chikkaballapura NH7 Road,4 KM,13.302777,77.802331
Bengaluru Dist,Vijayapura PS,1.0442e+16,2019,1,1,Road Accidents,Narrow road,Villages settlement,Near Bus stop,Human Error,No,Fatal,Others,Not at  Junction,Others,State Highway,Bitumen(Tar),Dry,Not Applicable,Fine,Vijayapura-Devanahalli Road,Mitra store,25,13.323118,77.724645
Bengaluru Dist,Vijayapura PS,1.0442e+16,2019,1,1,Road Accidents,Curves,Rural Areas,Open area,Vehicle Defect,No,Damage Only,Not Applicable,Uncontrolled,Curve,One way,Not Applicable,Dry,No influence on accident,Clear,Doddathathamangala-Yaliyuru Road,Doddathathamangala Road,8 KM,13.273146,77.760323
Bengaluru Dist,Vijayapura PS,1.0442e+16,2019,1,2,Road Accidents,Circle,Rural Areas,Near Bus stop,Human Error,Not Applicable,Simple Injury,Vehicle to Vehicle,Uncontrolled,Straight and flat,NH,Bitumen(Tar),Dry,No influence on accident,Clear,Devanahalli-chickaballapur NH-07 Road,Near Venkatagirikote Gate,10 KM,13.327615,77.72566
Bengaluru Dist,Vijayapura PS,1.0442e+16,2019,1,2,Road Accidents,Cross roads,Rural Areas,Open area,Human Error,No,Simple Injury,Vehicle to Vehicle,Uncontrolled,Straight and flat,Service Road,Bitumen(Tar),Dry,No influence on accident,Clear,A Ranganathapura Road,Vijayapura Road,5 KM,13.335942,77.7919559
Bengaluru Dist,Vijayapura PS,1.0442e+16,2019,1,2,Rail Road Accidents,Narrow road,Rural Areas,Narrow bridge or culverts,Human Error,Yes,Simple Injury,Vehicle to Vehicle,Uncontrolled,Straight and flat,NH,Bitumen(Tar),Dry,No influence on accident,Fine,C B Pura-Devanahalli NH-07 Road,Near Avathi Canara Bank,12 Km,13.300881,77.725365
Bengaluru Dist,Vijayapura PS,1.0442e+16,2019,1,2,Road Accidents,Junction,Rural Areas,Open area,Human Error,Not Applicable,Simple Injury,Vehicle to Vehicle,Controlled,Straight and flat,State Highway,Bitumen(Tar),Dry,No influence on accident,Clear,Bypass Road,Vijayapura Town,1 KM,13.284643,77.800879
Bengaluru Dist,Vijayapura PS,1.0442e+16,2019,1,1,Road Accidents,Narrow road,Rural Areas,Near Bus stop,Human Error,No,Fatal,Hit pedestrian,Not at  Junction,Straight and flat,State Highway,Bitumen(Tar),Dry,Not Applicable,Fine,Vijayapura-Shidlaghatta Road,Bhatrenahalli Gate,20,13.325422,77.81585
Bengaluru Dist,Vijayapura PS,1.0442e+16,2019,1,2,Road Accidents,Narrow road,City/Town,Near or inside a village,Human Error,No,Grievous Injury,Vehicle to Vehicle,Uncontrolled,Dip or trough,Service Road,Bitumen(Tar),Dry,No influence on accident,Clear,Vijayapura-Kolar Road,Hardipura Village Near By Vijayapura Town,2 KM,13.286239,77.813359
Bengaluru Dist,Vijayapura PS,1.0442e+16,2019,1,1,Road Accidents,Narrow road,Rural Areas,Open area,Human Error,No,Fatal,Others,Not at  Junction,Others,NH,Bitumen(Tar),Dry,Not Applicable,Fine,Chikkaballapura-Devanahalli NH-7 Road,Pallavi Dabha,40,13.283149,77.722925
Bengaluru Dist,Vijayapura PS,1.0442e+16,2019,1,2,Road Accidents,Narrow road,Rural Areas,Open area,Human Error,Not Applicable,Grievous Injury,Vehicle to Vehicle,Uncontrolled,Straight and flat,Minor District Road,Bitumen(Tar),Dry,No influence on accident,Clear,Chikaballapur-vijayapura Road,Near Rodahalli Village,3km,13.323626,77.778055
Bengaluru Dist,Vijayapura PS,1.0442e+16,2019,1,2,Road Accidents,Junction,Rural Areas,Narrow bridge or culverts,Human Error,Yes,Simple Injury,Vehicle to Vehicle,Uncontrolled,Straight and flat,NH,Bitumen(Tar),Dry,No influence on accident,Clear,Chikkaballapura-Devanahalli NH7 Road,Devanahalli chikkaballapura NH7 Road,12 KM,13.296631,77.725649
Bengaluru Dist,Vijayapura PS,1.0442e+16,2019,1,1,Road Accidents,Junction,Rural Areas,Open area,Not Applicable,No,Grievous Injury,Hit pedestrian,Uncontrolled,Straight and flat,NH,Bitumen(Tar),Dry,No influence on accident,Fine,Chikkaballapura-Devanahalli NH7 Road,Devanahalli chikkaballapura NH7 Road,12 KM,13.292133,77.732067
Bengaluru Dist,Vijayapura PS,1.0442e+16,2019,1,1,Road Accidents,Junction,Rural Areas,Open area,Human Error,Not Applicable,Damage Only,Hit animal,Uncontrolled,Curve and Incline,State Highway,Not Applicable,Dry,No influence on accident,Clear,Devanahalli-Vijayapura Road,Vijayapura Road,2,13.288806,77.784443
Bengaluru Dist,Vijayapura PS,1.0442e+16,2019,1,2,Road Accidents,Cross roads,Rural Areas,Open area,Human Error,Yes,Damage Only,Vehicle to Vehicle,Uncontrolled,Straight and flat,State Highway,Bitumen(Tar),Flooded,No influence on accident,Clear,Devanahalli-Vijayapura Road,Devanahalli Road,4 KM,13.283019,77.773441
Bengaluru Dist,Vijayapura PS,1.0442e+16,2019,1,1,Road Accidents,Junction,Rural Areas,Open area,Human Error,Not Applicable,Damage Only,Not Applicable,Uncontrolled,Straight and flat,State Highway,Bitumen(Tar),Dry,No influence on accident,Clear,Devanahalli-Vijayapura Road,Devanahalli Road,1 KM,13.288546,77.7841719
Bengaluru Dist,Vijayapura PS,1.0442e+16,2019,1,2,Road Accidents,Narrow road,Rural Areas,Open area,Human Error,No,Fatal,Vehicle to Vehicle,Not at  Junction,Straight and flat,NH,Bitumen(Tar),Dry,Not Applicable,Fine,Chikkaballapura Devanahalli NH 07 Road,SIVPL way birza,12,13.28307,77.722924
Bengaluru Dist,Vijayapura PS,1.0442e+16,2019,1,1,Road Accidents,Narrow road,Villages settlement,Residential area,Human Error,No,Fatal,Hit pedestrian,Not at  Junction,Not Applicable,NH,Bitumen(Tar),Dry,Not Applicable,Fine,Chikkaballapura-Devanahalli NH-7 Road,Manjunatha Shap,6,13.327795,77.7254729
Bengaluru Dist,Vijayapura PS,1.0442e+16,2019,1,1,Road Accidents,Junction,Rural Areas,Near Bus stop,Human Error,Not Applicable,Grievous Injury,Hit pedestrian,Uncontrolled,Straight and flat,NH,Bitumen(Tar),Dry,No influence on accident,Clear,Bullahalli Gate,Vijayapura chikkaballapura NH7 Road,8,13.308649,77.725547
Bengaluru Dist,Vijayapura PS,1.0442e+16,2019,1,1,Road Accidents,Cross roads,City/Town,Near School or College,Human Error,No,Grievous Injury,Hit bicyclist,Uncontrolled,Hump,State Highway,Bitumen(Tar),Dry,No influence on accident,Clear,Devanahalli-Vijayapura Road,Devanahalli Road,1/2 KM,13.29622,77.799809
Bengaluru Dist,Vijayapura PS,1.0442e+16,2019,1,2,Road Accidents,Narrow road,Rural Areas,Open area,Human Error,No,Grievous Injury,Vehicle to Vehicle,Uncontrolled,Curve,Service Road,Bitumen(Tar),Dry,No influence on accident,Clear,Vijayapura-Chanarayapatana Road Near by Baluvanahali Gate,VijayapuraChanarayapatana Road,6,13.267906,77.800352
Bengaluru Dist,Vijayapura PS,1.0442e+16,2019,1,1,Road Accidents,Narrow road,Rural Areas,Open area,Human Error,No,Fatal,Not Applicable,Not at  Junction,Straight and flat,NH,Bitumen(Tar),Dry,Not Applicable,Fine,"NH 07 Road, Avathi Village",NH Road,20 ft,13.298003,77.725558
Bengaluru Dist,Vijayapura PS,1.0442e+16,2019,1,1,Road Accidents,Narrow road,Rural Areas,Near Bus stop,Human Error,No,Fatal,Overturning,Not at  Junction,Straight and flat,State Highway,Bitumen(Tar),Dry,Not Applicable,Fine,Vijayapura-Devanahalli Road,Kurubarakunte Cross,15,13.289405,77.808584
Bengaluru Dist,Vijayapura PS,1.0442e+16,2019,1,2,Road Accidents,Junction,Rural Areas,Open area,Not Applicable,Not Applicable,Grievous Injury,Vehicle to Vehicle,Uncontrolled,Straight and flat,NH,Bitumen(Tar),Dry,No influence on accident,Fine,Devanahalli-Chikkaballapura NH7 Road,Devanahalli chikkaballapura NH7 Road,12 KM,13.288498,77.799291
Bengaluru Dist,Vijayapura PS,1.0442e+16,2019,1,1,Road Accidents,Not Applicable,City/Town,Open area,Not Applicable,No,Grievous Injury,Not Applicable,Not Applicable,Others,Others,Not Applicable,Dry,Not Applicable,Fine,Vijayapura Road,Market Road,1/2 KM,13.292639,77.78729
Bengaluru Dist,Vijayapura PS,1.0442e+16,2019,1,1,Road Accidents,Cross roads,Rural Areas,Open area,Human Error,No,Fatal,Hit pedestrian,Not at  Junction,Curve,Others,Bitumen(Tar),Dry,Not Applicable,Fine,Chandenahalli Road,Electric Pole,20,13.308563,77.8044619
Bengaluru Dist,Vijayapura PS,1.0442e+16,2019,1,2,Road Accidents,Narrow road,Rural Areas,Narrow bridge or culverts,Human Error,No,Fatal,Vehicle to Vehicle,Not at  Junction,Not Applicable,NH,Bitumen(Tar),Dry,Not Applicable,Fine,Chikkaballapura-Devanahalli NH-7 Road,Near Mudugurki Gate,30ft,13.341392,77.725585
Bengaluru Dist,Vijayapura PS,1.0442e+16,2019,1,1,Road Accidents,Narrow road,Rural Areas,Residential area,Human Error,No,Fatal,Hit pedestrian,Not at  Junction,Straight and flat,Others,Bitumen(Tar),Dry,Not Applicable,Fine,Yaluvalli Road,Electric Pol,8,13.2954,77.8103329
Bengaluru Dist,Vijayapura PS,1.0442e+16,2019,1,2,Road Accidents,Narrow road,Rural Areas,Near Petrol Pump,Human Error,No,Simple Injury,Vehicle to Vehicle,Uncontrolled,Straight and flat,State Highway,Bitumen(Tar),Dry,No influence on accident,Others,Devanahali-Kolara Road Bypass,DevanahaliKolara Road Bypass,2km,13.29265,77.798251