DISTRICTNAME,UNITNAME,Crime_No,Year,RI,Noofvehicle_involved,Accident_Classification,Accident_Spot,Accident_Location,Accident_SubLocation,Main_Cause,Hit_Run,Severity,Collision_Type,Junction_Control,Road_Character,Road_Type,Surface_Type,Surface_Condition,Road_Condition,Weather,Accident_Road,Landmark_first,Distance_LandMark_First,Latitude,Longitude
Bengaluru Dist,Vijayapura PS,1.0442e+16,2019,1,1,Road Accidents,Bridge,Rural Areas,Open area,Human Error,No,Fatal,Others,Not at  Junction,Others,Village Road,Bitumen(Tar),Dry,Not Applicable,Fine,"Avathi Kodagurki Road, Avathi Lake",Iron Electric pole,20rt,13.297871,77.722945
Bengaluru Dist,Vijayapura PS,1.0442e+16,2019,1,2,Road Accidents,Narrow road,Rural Areas,Residential area,Human Error,No,Simple Injury,Vehicle to Vehicle,Uncontrolled,Not Applicable,Residential Street,Bitumen(Tar),Dry,No influence on accident,Cloudy,Vijayapura-Avati Road,Koramanagala Road,5 KM,13.296993,77.728026
Bengaluru Dist,Vijayapura PS,1.0442e+16,2019,1,2,Road Accidents,Narrow road,Rural Areas,Open area,Human Error,No,Fatal,Vehicle to Vehicle,Not at  Junction,Others,State Highway,Bitumen(Tar),Dry,Not Applicable,Fine,Devanahalli Vijayapura Road,Basapa Topu Vijayapura Town,25,13.309223,77.80127
Bengaluru Dist,Vijayapura PS,1.0442e+16,2019,1,1,Road Accidents,Narrow road,Rural Areas,Open area,Human Error,Not Applicable,Damage Only,Not Applicable,Uncontrolled,Straight and flat,NH,Bitumen(Tar),Dry,No influence on accident,Clear,NH7 Road,Mudugurki Road,15 KM,13.342792,77.725722
Bengaluru Dist,Vijayapura PS,1.0442e+16,2019,1,2,Road Accidents,Road hump or Rumble strips,Rural Areas,Open area,Human Error,Yes,Fatal,Vehicle to Vehicle,Not at  Junction,Others,State Highway,Bitumen(Tar),Dry,Not Applicable,Fine,Chikkathathamangala Gate,Chikkathathamangala Gate Vijayapura Devanahalli Road,8,13.285453,77.76045
Bengaluru Dist,Vijayapura PS,1.0442e+16,2019,1,2,Road Accidents,Narrow road,Rural Areas,Open area,Human Error,No,Fatal,Vehicle to Vehicle,Not at  Junction,Not Applicable,NH,Bitumen(Tar),Dry,Not Applicable,Fine,NH 07,Solar Light,40 ft,13.308547,77.725536
Bengaluru Dist,Vijayapura PS,1.0442e+16,2019,1,2,Road Accidents,Narrow road,Rural Areas,Open area,Human Error,No,Grievous Injury,Vehicle to Vehicle,Uncontrolled,Straight and flat,Major District Road,Bitumen(Tar),Dry,No influence on accident,Clear,"Vijayapura-Shidlaghatta Road, Near Akkayamma Temple,Shettihalli Village",Vijayapura Shidlaghatta Road,3 KM,13.30523,77.804477
Bengaluru Dist,Vijayapura PS,1.0442e+16,2019,1,2,Road Accidents,Junction,City/Town,Near Bus stop,Human Error,Not Applicable,Simple Injury,Vehicle to Vehicle,Uncontrolled,Straight and flat,State Highway,Bitumen(Tar),Dry,No influence on accident,Fine,Vijayapura-Devanahalli road,Vijayapura Arch,2,13.296188,77.800308
Bengaluru Dist,Vijayapura PS,1.0442e+16,2019,1,1,Road Accidents,Narrow road,Rural Areas,Narrow bridge or culverts,Human Error,No,Fatal,Not Applicable,Not at  Junction,Straight and flat,NH,Bitumen(Tar),Dry,Not Applicable,Fine,Avathi Bridge,NH 07 Avathi Bridge,5,13.297441,77.725607
Bengaluru Dist,Vijayapura PS,1.0442e+16,2020,1,2,Road Accidents,Narrow road,Rural Areas,Open area,Human Error,No,Fatal,Vehicle to Vehicle,Not at  Junction,Straight and flat,NH,Bitumen(Tar),Dry,Not Applicable,Fine,Chikkaballapura-Devanahalli Road,Clay Groov Layout,10,13.293015,77.752348
Bengaluru Dist,Vijayapura PS,1.0442e+16,2020,1,1,Road Accidents,Narrow road,Rural Areas,Open area,Human Error,No,Grievous Injury,Not Applicable,Uncontrolled,Straight and flat,Others,Concrete,Dry,No influence on accident,Fine,Harohalli-Venkatagirikote Road,Harohalli Road,12 KM,13.338469,77.7318399
Bengaluru Dist,Vijayapura PS,1.0442e+16,2020,1,2,Road Accidents,Narrow road,Rural Areas,Open area,Human Error,No,Fatal,Vehicle to Vehicle,Not at  Junction,Straight and flat,NH,Bitumen(Tar),Dry,Not Applicable,Fine,Devanahalli Chikkaballapura NH 07 Road,Near Brundavana Farms,40,13.263282,77.780916
Bengaluru Dist,Vijayapura PS,1.0442e+16,2020,1,1,Road Accidents,Circle,Rural Areas,Near Bus stop,Human Error,No,Simple Injury,Not Applicable,Controlled,Others,NH,Bitumen(Tar),Not Applicable,Not Applicable,Clear,Venkatagirikote cirle,chikabalapuradevanahali nh 07 road,12 KM,13.327447,77.725639
Bengaluru Dist,Vijayapura PS,1.0442e+16,2020,1,1,Road Accidents,Narrow road,Rural Areas,Open area,Human Error,Yes,Fatal,Hit pedestrian,Not at  Junction,Straight and flat,NH,Bitumen(Tar),Dry,Not Applicable,Fine,NH 44 Road Sangeetha Dhaba,Sangeetha Dhaba,120ft,13.285293,77.723271
Bengaluru Dist,Vijayapura PS,1.0442e+16,2020,1,2,Road Accidents,Not Applicable,Rural Areas,Open area,Not Applicable,No,Grievous Injury,Not Applicable,Not Applicable,Others,NH,Not Applicable,Dry,Not Applicable,Fine,chikkaballapura-Devanahalli NH 44 Road,Chikkaballapura Devanahalli NH 44 Road,12 KM,13.284365,77.72277
Bengaluru Dist,Vijayapura PS,1.0442e+16,2020,1,1,Road Accidents,Narrow road,Rural Areas,Open area,Human Error,No,Fatal,Not Applicable,Not at  Junction,Straight and flat,State Highway,Bitumen(Tar),Dry,Not Applicable,Fine,vijayapura Devanahalli Road,Near Bharath petroleum Bank,100ft,13.291272,77.781689
Bengaluru Dist,Vijayapura PS,1.0442e+16,2020,1,2,Road Accidents,Narrow road,Rural Areas,Open area,Human Error,No,Fatal,Vehicle to Vehicle,Not at  Junction,Straight and flat,NH,Bitumen(Tar),Dry,Not Applicable,Fine,NH 7 Road Near Avathi village,Highway Arch,50ft,13.30398,77.727167
Bengaluru Dist,Vijayapura PS,1.0442e+16,2020,1,3,Road Accidents,Narrow road,City/Town,Residential area,Human Error,No,Grievous Injury,Vehicle to Vehicle,Not at  Junction,Straight and flat,Others,Bitumen(Tar),Dry,No influence on accident,Fine,Gullurappa Matha Road Vijayapura Town,KEB Pole,25Ft,13.296635,77.799032
Bengaluru Dist,Vijayapura PS,1.0442e+16,2020,1,2,Road Accidents,Not Applicable,Rural Areas,Open area,Not Applicable,No,Grievous Injury,Not Applicable,Not Applicable,Others,Others,Not Applicable,Others,Not Applicable,Clear,Vijayapura-Kolar Bypass Road,Rajeevnagara,1/2 KM,13.284605,77.8051019
Bengaluru Dist,Vijayapura PS,1.0442e+16,2020,1,2,Road Accidents,Not Applicable,Rural Areas,Open area,Human Error,Yes,Grievous Injury,Vehicle to Vehicle,Not at  Junction,Straight and flat,State Highway,Bitumen(Tar),Dry,No influence on accident,Fine,Vijayapura Devanahalli Road SH 96,Doddatattamangala Gate,500mtr,13.291875,77.784234
Bengaluru Dist,Vijayapura PS,1.0442e+16,2020,1,1,Road Accidents,Narrow road,Rural Areas,Open area,Human Error,No,Fatal,Not Applicable,Not at  Junction,Hump,Others,Bitumen(Tar),Dry,Not Applicable,Fine,Bypass Road Vijayapura,Ashok Green City Layout,10ft,13.282631,77.809422
Bengaluru Dist,Vijayapura PS,1.0442e+16,2020,1,1,Road Accidents,Not Applicable,Rural Areas,Open area,Not Applicable,No,Grievous Injury,Not Applicable,Not Applicable,Others,NH,Not Applicable,Dry,Not Applicable,Fine,Devanahalli-Chikkaballapura NH 44 Road,Devanahalli Road,12 KM,13.278026,77.721916
Bengaluru Dist,Vijayapura PS,1.0442e+16,2020,1,2,Road Accidents,Narrow road,Rural Areas,Open area,Human Error,No,Fatal,Vehicle to Vehicle,Not at  Junction,Straight and flat,Others,Bitumen(Tar),Dry,Not Applicable,Fine,Dharrmapura Appayanna Land,Light Khamba,20ft,13.269848,77.809379
Bengaluru Dist,Vijayapura PS,1.0442e+16,2020,1,1,Road Accidents,Narrow road,Rural Areas,Open area,Human Error,No,Fatal,Hit pedestrian,Not at  Junction,Straight and flat,NH,Bitumen(Tar),Dry,Not Applicable,Fine,Sangeetha Daba NH 07,120,120 ft,13.285521,77.7234809
Bengaluru Dist,Vijayapura PS,1.0442e+16,2020,1,2,Road Accidents,Not Applicable,Rural Areas,Open area,Not Applicable,No,Grievous Injury,Not Applicable,Not Applicable,Others,NH,Not Applicable,Others,Not Applicable,Others,Chikkaballapura-Devanahalli Road,Devanahalli Road,12 KM,13.308454,77.725526
Bengaluru Dist,Vijayapura PS,1.0442e+16,2020,1,1,Road Accidents,Narrow road,Rural Areas,Near Bus stop,Human Error,No,Fatal,Hit pedestrian,Not at  Junction,Straight and flat,NH,Bitumen(Tar),Dry,Not Applicable,Fine,NH 44 Near Venkatagigikote circle,Manjunatha Shop,31,13.328096,77.726025
Bengaluru Dist,Vijayapura PS,1.0442e+16,2020,1,1,Road Accidents,Not Applicable,Rural Areas,Open area,Not Applicable,No,Grievous Injury,Not Applicable,Not Applicable,Others,Others,Not Applicable,Others,Not Applicable,Others,Chadalapura-Muthuru Road,Near Narayanapura,7 KM,13.283891,77.7725299
Bengaluru Dist,Vijayapura PS,1.0442e+16,2020,1,2,Road Accidents,Not Applicable,Rural Areas,Open area,Not Applicable,No,Grievous Injury,Not Applicable,Not at  Junction,Others,NH,Not Applicable,Others,Not Applicable,Fine,Chikkaballapura-Devanahalli NH 7 Road,Chikkaballapura Devanahalli NH 7 Road,10 KM,13.313622,77.7489909
Bengaluru Dist,Vijayapura PS,1.0442e+16,2020,1,3,Road Accidents,Narrow road,Rural Areas,Open area,Human Error,No,Fatal,Vehicle to Vehicle,Not at  Junction,Straight and flat,State Highway,Bitumen(Tar),Dry,Not Applicable,Fine,Vijayapura Devanahalli Bypass Road,Vyshnavi Grand Layout,150,13.28262,77.8092759
Bengaluru Dist,Vijayapura PS,1.0442e+16,2020,1,1,Road Accidents,Not Applicable,City/Town,Open area,Not Applicable,No,Grievous Injury,Not Applicable,Not Applicable,Others,Others,Not Applicable,Others,Not Applicable,Others,Chikkaballapura-Vijayapura Road,Chikkaballapura Road,1/2 KM,13.301817,77.793777
Bengaluru Dist,Vijayapura PS,1.0442e+16,2020,1,2,Road Accidents,Not Applicable,Rural Areas,Open area,Not Applicable,No,Simple Injury,Not Applicable,Not Applicable,Others,Others,Not Applicable,Others,Not Applicable,Fine,Dandiganahalli-Harohalli Road,Dandiganahalli Road,4 KM,13.309302,77.768057
Bengaluru Dist,Vijayapura PS,1.0442e+16,2020,1,1,Road Accidents,Cross roads,Rural Areas,Open area,Not Applicable,No,Grievous Injury,Hit animal,Not Applicable,Others,NH,Not Applicable,Dry,Not Applicable,Others,Chikkaballapura-Devanahalli NH 7 Road,Devanahalli NH 7 Road,12 KM,13.28717,77.72408
Bengaluru Dist,Vijayapura PS,1.0442e+16,2020,1,1,Road Accidents,Narrow road,Rural Areas,Near or inside a village,Human Error,Not Applicable,Grievous Injury,Not Applicable,Uncontrolled,Straight and flat,Others,Bitumen(Tar),Dry,No influence on accident,Fine,G.Hosahalli Road,KEB Transfarmer,25Ft,13.350504,77.743073
Bengaluru Dist,Vijayapura PS,1.0442e+16,2020,1,1,Road Accidents,Narrow road,Rural Areas,Open area,Human Error,No,Fatal,Not Applicable,Not at  Junction,Straight and flat,NH,Bitumen(Tar),Dry,Not Applicable,Fine,NH 07 Near Mohan Land,Bhukathi Daba,200,13.2753,77.7213299
Bengaluru Dist,Vijayapura PS,1.0442e+16,2020,1,2,Road Accidents,Not Applicable,Rural Areas,Open area,Not Applicable,No,Grievous Injury,Not Applicable,Not Applicable,Others,State Highway,Not Applicable,Not Applicable,Not Applicable,Fine,Vijayapura-Kolar Road,Kolara Road,1/2 KM,13.291341,77.806152
Bengaluru Dist,Vijayapura PS,1.0442e+16,2020,1,2,Road Accidents,Not Applicable,City/Town,Open area,Not Applicable,No,Grievous Injury,Not Applicable,Not Applicable,Others,Others,Not Applicable,Dry,Not Applicable,Fine,Navagraha Temple-J C Park Road,J C Park Road,1/2 KM,13.300176,77.7993639
Bengaluru Dist,Vijayapura PS,1.0442e+16,2020,1,2,Road Accidents,Not Applicable,Rural Areas,Open area,Not Applicable,No,Grievous Injury,Not Applicable,Not Applicable,Others,Others,Not Applicable,Others,Not Applicable,Fine,vijayapura-chikkaballapura road,vijayapura road,3 KM,13.319469,77.78242
Bengaluru Dist,Vijayapura PS,1.0442e+16,2020,1,2,Road Accidents,Cross roads,Rural Areas,Open area,Human Error,No,Fatal,Vehicle to Vehicle,Uncontrolled,Curve and Incline,NH,Bitumen(Tar),Dry,Not Applicable,Fine,NH 44 Road,Electric pole,60 ft,13.278576,77.721919
Bengaluru Dist,Vijayapura PS,1.0442e+16,2020,1,2,Road Accidents,Not Applicable,Rural Areas,Open area,Not Applicable,Yes,Grievous Injury,Not Applicable,Not Applicable,Others,Others,Not Applicable,Others,Not Applicable,Fine,Dandiganahalli Road,Dandiganahalli Road,4 KM,13.305213,77.780832
Bengaluru Dist,Vijayapura PS,1.0442e+16,2020,1,2,Road Accidents,Narrow road,Rural Areas,Residential area,Human Error,No,Fatal,Vehicle to Vehicle,Not at  Junction,Straight and flat,Others,Bitumen(Tar),Dry,Not Applicable,Fine,Vijayapura-Chikkaballapura Road,G Hosahalli Gate,50mits,13.355595,77.71179
Bengaluru Dist,Vijayapura PS,1.0442e+16,2020,1,1,Road Accidents,Not Applicable,City/Town,Open area,Not Applicable,No,Simple Injury,Not Applicable,Not Applicable,Others,State Highway,Not Applicable,Others,Not Applicable,Fine,Kolara-Vijayapura Road,Kolara Vijayapura Road,1/2 KM,13.29678,77.793752
Bengaluru Dist,Vijayapura PS,1.0442e+16,2020,1,1,Road Accidents,Narrow road,Rural Areas,Residential area,Human Error,No,Fatal,Hit pedestrian,Not at  Junction,Straight and flat,State Highway,Bitumen(Tar),Dry,Not Applicable,Fine,Vijayapura Kolar Road,KEB Pol,10ft,13.292313,77.8051969
Bengaluru Dist,Vijayapura PS,1.0442e+16,2020,1,2,Road Accidents,Narrow road,Rural Areas,Open area,Human Error,No,Fatal,Vehicle to Vehicle,Not at  Junction,Straight and flat,NH,Bitumen(Tar),Dry,Not Applicable,Fine,NH 44 Road,Near Sai Baba Temple,15ft,13.282948,77.7229049
Bengaluru Dist,Vijayapura PS,1.0442e+16,2020,1,1,Road Accidents,Not Applicable,City/Town,Residential area,Not Applicable,No,Grievous Injury,Not Applicable,Not Applicable,Others,Residential Street,Not Applicable,Dry,Not Applicable,Fine,Bharathnagara-Shidlaghatta Road,Shidlahatta Cross,01-Feb,13.298932,77.787373
Bengaluru Dist,Vijayapura PS,1.0442e+16,2020,1,1,Road Accidents,Road hump or Rumble strips,Rural Areas,Open area,Human Error,No,Fatal,Not Applicable,Not Applicable,Slight Curve,Others,Bitumen(Tar),Others,Not Applicable,Fine,"Near Munivenkatappa Land, P.Ranganathapura",Small Brige,100 Mt,13.338954,77.791069
Bengaluru Dist,Vijayapura PS,1.0442e+16,2020,1,2,Road Accidents,Not Applicable,Rural Areas,Open area,Not Applicable,No,Grievous Injury,Not Applicable,Not Applicable,Others,State Highway,Not Applicable,Dry,Not Applicable,Others,Devanahalli-Vijayapura Road,Devanahalli Road,4 KM,13.283305,77.74229
Bengaluru Dist,Vijayapura PS,1.0442e+16,2020,1,1,Road Accidents,Not Applicable,Rural Areas,Open area,Not Applicable,No,Grievous Injury,Not Applicable,Not Applicable,Others,NH,Not Applicable,Dry,Not Applicable,Fine,Chikkaballapura-Devanahalli Road,Chikkaballapura Road,12 KM,13.308588,77.72552
Bengaluru Dist,Vijayapura PS,1.0442e+16,2020,1,1,Road Accidents,Narrow road,Rural Areas,Open area,Human Error,No,Fatal,Not Applicable,Not at  Junction,Others,NH,Bitumen(Tar),Dry,Not Applicable,Fine,Mudugurki Village,Bridge,10,13.346352,77.725563
Bengaluru Dist,Vijayapura PS,1.0442e+16,2020,1,2,Road Accidents,Narrow road,Rural Areas,Open area,Human Error,No,Fatal,Vehicle to Vehicle,Not Applicable,Straight and flat,State Highway,Bitumen(Tar),Dry,Not Applicable,Fine,Devanahalli Kolar Buy pass Road,Electric transformer,30 ft,13.289233,77.783845
Bengaluru Dist,Vijayapura PS,1.0442e+16,2020,1,2,Road Accidents,Circle,Rural Areas,Near or inside a village,Not Applicable,Not Applicable,Grievous Injury,Vehicle to Vehicle,Uncontrolled,Not Applicable,NH,Bitumen(Tar),Dry,No influence on accident,Fine,NH 44,KEB Pole,20ft,13.327246,77.726152
Bengaluru Dist,Vijayapura PS,1.0442e+16,2020,1,1,Road Accidents,Not Applicable,Rural Areas,Open area,Not Applicable,No,Simple Injury,Not Applicable,Not Applicable,Others,State Highway,Not Applicable,Dry,Not Applicable,Fine,Devanahalli-Vijayapura Road,Devanahalli Road,7 KM,13.281827,77.759307
Bengaluru Dist,Vijayapura PS,1.0442e+16,2021,1,2,Road Accidents,Narrow road,City/Town,Open area,Human Error,Not Applicable,Grievous Injury,Vehicle to Vehicle,Uncontrolled,Slight Curve,Others,Bitumen(Tar),Dry,No influence on accident,Fine,C B Pura Vijayapura Town Road,Kerekodi,60mtr,13.303552,77.790984
Bengaluru Dist,Vijayapura PS,1.0442e+16,2021,1,2,Road Accidents,Cross roads,Rural Areas,Open area,Human Error,No,Fatal,Vehicle to Vehicle,Not at  Junction,Others,NH,Bitumen(Tar),Dry,Not Applicable,Fine,NH 44 Road Devanahalli to Chikkaballapura,NH 44 Road Kurubarakunte Cross,120ft,13.326605,77.7965039
Bengaluru Dist,Vijayapura PS,1.0442e+16,2021,1,2,Road Accidents,Narrow road,Rural Areas,Open area,Human Error,No,Fatal,Vehicle to Vehicle,Not Applicable,Others,NH,Bitumen(Tar),Dry,Not Applicable,Fine,Near Bhukti Dhaba,Sathish Lannd Kurubarakunte Janatha Colone Cross,100,13.278484,77.722066
Bengaluru Dist,Vijayapura PS,1.0442e+16,2021,1,1,Road Accidents,Narrow road,Rural Areas,Open area,Human Error,No,Fatal,Not Applicable,Not at  Junction,Straight and flat,Others,Bitumen(Tar),Dry,Not Applicable,Fine,Near Yaliyuru Gate Vijayapura Devanahalli Road,Yaliyuru Gate,500,13.296588,77.795524
Bengaluru Dist,Vijayapura PS,1.0442e+16,2021,1,1,Road Accidents,Road hump or Rumble strips,Rural Areas,Open area,Human Error,No,Fatal,Not Applicable,Not at  Junction,Hump,Others,Bitumen(Tar),Dry,Not Applicable,Fine,Vijayapura channarayapattana road,Near SpanSilks Factory,50ft,13.285723,77.804547
Bengaluru Dist,Vijayapura PS,1.0442e+16,2021,1,2,Road Accidents,Not Applicable,Rural Areas,Open area,Human Error,Yes,Simple Injury,Vehicle to Vehicle,Not at  Junction,Others,NH,Not Applicable,Dry,Not Applicable,Clear,Chikaballapura Devanahali NH 07 Road,Near satyanarayana Land Bridge,12 KM,13.297297,77.742563
Bengaluru Dist,Vijayapura PS,1.0442e+16,2021,1,2,Road Accidents,Not Applicable,Rural Areas,Open area,Not Applicable,Yes,Grievous Injury,Not Applicable,Not Applicable,Not Applicable,Two way,Bitumen(Tar),Dry,Not Applicable,Clear,Chikkaballapura-Devanahalli Road,Near Nagarjuna Collage,12 KM,13.320635,77.8013869
Bengaluru Dist,Vijayapura PS,1.0442e+16,2021,1,2,Not Applicable,Narrow road,Rural Areas,Open area,Human Error,No,Damage Only,Not Applicable,Not Applicable,Others,NH,Bitumen(Tar),Dry,Not Applicable,Others,NH 44 ROAD,NEAR CANARA BANK AVATHI VILLAGE,10 KM,13.303442,77.725523
Bengaluru Dist,Vijayapura PS,1.0442e+16,2021,1,1,Road Accidents,Narrow road,Rural Areas,Open area,Human Error,No,Fatal,Not Applicable,Not at  Junction,Straight and flat,Others,Bitumen(Tar),Dry,Not Applicable,Fine,Vijayapura Mandibele Road,Shobha Devlopers Layout,15ft,13.28201,77.796009
Bengaluru Dist,Vijayapura PS,1.0442e+16,2021,1,2,Road Accidents,Not Applicable,Rural Areas,Open area,Human Error,No,Damage Only,Not Applicable,Not Applicable,Not Applicable,Expressway,Bitumen(Tar),Not Applicable,Not Applicable,Fine,NH 44 ROAD,IN FROMT OF NEW GRAND NANDI FISH HOTEL,12 KM,13.330527,77.725606
Bengaluru Dist,Vijayapura PS,1.0442e+16,2021,1,2,Road Accidents,Not Applicable,Rural Areas,Open area,Human Error,Yes,Grievous Injury,Vehicle to Vehicle,Not Applicable,Not Applicable,State Highway,Not Applicable,Not Applicable,Not Applicable,Clear,Vijayapura-Devanahalli Road,Near Doddatattamangala Gate,5,13.3087,77.8039859
Bengaluru Dist,Vijayapura PS,1.0442e+16,2021,1,2,Road Accidents,Circle,Rural Areas,Near or inside a village,Human Error,No,Simple Injury,Vehicle to Vehicle,Uncontrolled,Straight and flat,NH,Bitumen(Tar),Dry,No influence on accident,Fine,C B Pura Devanhalli NH 44 Road,Near Hanuman Temple,70Ft,13.32761,77.725121
Bengaluru Dist,Vijayapura PS,1.0442e+16,2021,1,2,Road Accidents,Not Applicable,Rural Areas,Open area,Human Error,No,Grievous Injury,Vehicle to Vehicle,Controlled,Not Applicable,Not Applicable,Bitumen(Tar),Not Applicable,Not Applicable,Clear,chikaballapura - Devanahali NH 44 Road,Kurubara kunte colouny gete,10 KM,13.277262,77.721757
Bengaluru Dist,Vijayapura PS,1.0442e+16,2021,1,2,Road Accidents,Not Applicable,Rural Areas,Open area,Not Applicable,No,Grievous Injury,Hit bicyclist,Not Applicable,Not Applicable,Others,Not Applicable,Dry,Not Applicable,Clear,Kolar to devanahalli road,Bypass road,1 1/2,13.285006,77.801076
Bengaluru Dist,Vijayapura PS,1.0442e+16,2021,1,1,Road Accidents,Circle,Rural Areas,Open area,Human Error,Yes,Fatal,Hit pedestrian,Not at  Junction,Straight and flat,NH,Bitumen(Tar),Dry,No influence on accident,Fine,Devanahalli C B Pura NH 44 Road,Near Venkatagirikote Busu Stand,100 Mt,13.328523,77.725518
Bengaluru Dist,Vijayapura PS,1.0442e+16,2021,1,1,Road Accidents,Not Applicable,Rural Areas,Open area,Not Applicable,No,Grievous Injury,Not Applicable,Not Applicable,Others,NH,Not Applicable,Dry,Not Applicable,Fine,Devanahalli-Chikkaballapura Road,Devanahalli Road,12 KM,13.286546,77.799192
Bengaluru Dist,Vijayapura PS,1.0442e+16,2021,1,2,Road Accidents,Narrow road,Rural Areas,Near Petrol Pump,Human Error,No,Fatal,Vehicle to Vehicle,Not at  Junction,Straight and flat,State Highway,Bitumen(Tar),Dry,Not Applicable,Fine,Vijayapura Kolar by passa road,Indian oil Petrol bunk,150,13.28266,77.808266
Bengaluru Dist,Vijayapura PS,1.0442e+16,2021,1,2,Road Accidents,Circle,Rural Areas,Open area,Human Error,Not Applicable,Simple Injury,Vehicle to Vehicle,Not at  Junction,Straight and flat,NH,Bitumen(Tar),Dry,No influence on accident,Fine,NH 44,Venkatagirikote Circle,5m,13.32746,77.725568
Bengaluru Dist,Vijayapura PS,1.0442e+16,2021,1,2,Road Accidents,Not Applicable,City/Town,Open area,Human Error,No,Grievous Injury,Vehicle to Vehicle,Not Applicable,Not Applicable,State Highway,Kutcha,Dry,Not Applicable,Fine,Kolar to vijayapura road,Near Manjunatha Bore well office,500mtr,13.292022,77.80538
Bengaluru Dist,Vijayapura PS,1.0442e+16,2021,1,2,Road Accidents,Narrow road,Rural Areas,Open area,Human Error,No,Fatal,Vehicle to Vehicle,Not at  Junction,Straight and flat,Others,Bitumen(Tar),Dry,Not Applicable,Fine,Vijayapura Dandiganahalli Road,Narayanappa Land,45ft,13.306061,77.776817
Bengaluru Dist,Vijayapura PS,1.0442e+16,2021,1,2,Road Accidents,Cross roads,Rural Areas,Residential area,Human Error,No,Simple Injury,Vehicle to Vehicle,Controlled,Others,NH,Bitumen(Tar),Not Applicable,Not Applicable,Clear,Devanahalli-Chikkaballapura NH 44 Road,Mudugurki Road,11 KM,13.296982,77.8042469
Bengaluru Dist,Vijayapura PS,1.0442e+16,2021,1,1,Road Accidents,Narrow road,Rural Areas,Open area,Human Error,No,Fatal,Not Applicable,Not at  Junction,Straight and flat,Others,Bitumen(Tar),Dry,Not Applicable,Fine,Dandiganahalli To Vijayapura Road,Shanimahathma Temple,30ft,13.302053,77.716702
Bengaluru Dist,Vijayapura PS,1.0442e+16,2021,1,2,Road Accidents,Not Applicable,Rural Areas,Open area,Human Error,No,Grievous Injury,Vehicle to Vehicle,Not Applicable,Not Applicable,Others,Bitumen(Tar),Dry,Not Applicable,Clear,Koramangala -avathi road,Near Koramangala bayalu bandikane Main gate,5 km,13.292776,77.751881
Bengaluru Dist,Vijayapura PS,1.0442e+16,2021,1,1,Road Accidents,Curves,Rural Areas,Open area,Human Error,No,Fatal,Not Applicable,Not at  Junction,Curve,Others,Bitumen(Tar),Dry,Not Applicable,Fine,Doddathattamangala-Yaliyuru Gate Road,Muniramappa Land,5ft,13.276933,77.758813
Bengaluru Dist,Vijayapura PS,1.0442e+16,2021,1,2,Road Accidents,Not Applicable,Rural Areas,Open area,Not Applicable,No,Grievous Injury,Not Applicable,Not Applicable,Others,NH,Not Applicable,Dry,Not Applicable,Fine,Devanahalli-Chikkaballapura NH 44 Road,Devanahalli Road,12 KM,13.341652,77.7254209
Bengaluru Dist,Vijayapura PS,1.0442e+16,2021,1,2,Road Accidents,Not Applicable,Rural Areas,Open area,Not Applicable,No,Grievous Injury,Not Applicable,Not Applicable,Others,NH,Not Applicable,Others,Not Applicable,Fine,Devanahalli Chikkaballapura NH 44 Road,Devanahalli Road,10 KM,13.288324,77.788743
Bengaluru Dist,Vijayapura PS,1.0442e+16,2021,1,1,Road Accidents,Narrow road,City/Town,Open area,Human Error,Not Applicable,Grievous Injury,Not Applicable,Uncontrolled,Straight and flat,Others,Concrete,Dry,Pot holed,Fine,Rahamath Nagara Road,Near Muncipality Water Storage Tank,5Mtr,13.290917,77.80257
Bengaluru Dist,Vijayapura PS,1.0442e+16,2021,1,2,Road Accidents,Not Applicable,Rural Areas,Open area,Not Applicable,No,Grievous Injury,Vehicle to Vehicle,Uncontrolled,Not Applicable,State Highway,Not Applicable,Not Applicable,Not Applicable,Others,Ankathati village,Ankathati village Gate,4 KM,13.268853,77.761319
Bengaluru Dist,Vijayapura PS,1.0442e+16,2021,1,1,Road Accidents,Narrow road,Rural Areas,Near Petrol Pump,Human Error,No,Fatal,Not Applicable,Not at  Junction,Hump,State Highway,Bitumen(Tar),Dry,Not Applicable,Fine,Chikkanahalli Village,Near Petrol Bunk Chikkanahalli Village,100,13.31316,77.789314
Bengaluru Dist,Vijayapura PS,1.0442e+16,2021,1,1,Road Accidents,Not Applicable,Rural Areas,Open area,Human Error,Not Applicable,Damage Only,Not Applicable,Uncontrolled,Straight and flat,Others,Bitumen(Tar),Dry,No influence on accident,Fine,Harohalli Bullahalli Road,KEB Pole,20Ft,13.311166,77.738105
Bengaluru Dist,Vijayapura PS,1.0442e+16,2021,1,2,Road Accidents,Not Applicable,Rural Areas,Open area,Human Error,No,Grievous Injury,Hit bicyclist,Not Applicable,Straight and flat,Others,Bitumen(Tar),Dry,Not Applicable,Others,Bijjawara to Venkatagirikote,Near Bijjawara Sudakar House,30feet,0.0,0.0
Bengaluru Dist,Vijayapura PS,1.0442e+16,2021,1,1,Road Accidents,Narrow road,Rural Areas,Open area,Human Error,Yes,Fatal,Hit pedestrian,Not at  Junction,Others,NH,Bitumen(Tar),Dry,Not Applicable,Fine,NH 44 Road Near Sangeetha Dhaba,Near Sangeetha Dhaba,300 ft,13.286058,77.723404