DISTRICTNAME,UNITNAME,Crime_No,Year,RI,Noofvehicle_involved,Accident_Classification,Accident_Spot,Accident_Location,Accident_SubLocation,Main_Cause,Hit_Run,Severity,Collision_Type,Junction_Control,Road_Character,Road_Type,Surface_Type,Surface_Condition,Road_Condition,Weather,Accident_Road,Landmark_first,Distance_LandMark_First,Latitude,Longitude
Bengaluru Dist,Vijayapura PS,1.0442e+16,2021,1,2,Road Accidents,Curves,Rural Areas,Open area,Human Error,No,Fatal,Vehicle to Vehicle,Not at  Junction,Curve,Others,Bitumen(Tar),Dry,Not Applicable,Fine,Avithi Koduguruki Road,Avithi Koduguruki Road Gundantti Pillan Land,20,13.298821,77.724386
Bengaluru Dist,Vijayapura PS,1.0442e+16,2022,1,2,Road Accidents,Not Applicable,Rural Areas,Open area,Human Error,Not Applicable,Grievous Injury,Vehicle to Vehicle,Not at  Junction,Straight and flat,Others,Bitumen(Tar),Dry,No influence on accident,Fine,Shidlaghatta Vijayapura Road,Staright to Channarayappa Land,35mtr,13.32812,77.815802
Bengaluru Dist,Vijayapura PS,1.0442e+16,2022,1,1,Road Accidents,Not Applicable,Rural Areas,Open area,Not Applicable,Not Applicable,Fatal,Hit pedestrian,Not at  Junction,Others,NH,Bitumen(Tar),Dry,Not Applicable,Fine,Chikkabalapur - devanahalli road,Nayara petrol bunk,300,13.321038,77.725451
Bengaluru Dist,Vijayapura PS,1.0442e+16,2022,1,2,Road Accidents,Narrow road,Rural Areas,Open area,Human Error,No,Grievous Injury,Vehicle to Vehicle,Not at  Junction,Straight and flat,NH,Bitumen(Tar),Dry,Not Applicable,Fine,Devanahalli-Chikkaballapura Road,Near Janatha Colony Cross,50mtr,13.298789,77.800396
Bengaluru Dist,Vijayapura PS,1.0442e+16,2022,1,2,Road Accidents,Narrow road,Rural Areas,Open area,Human Error,No,Grievous Injury,Vehicle to Vehicle,Not at  Junction,Straight and flat,NH,Bitumen(Tar),Dry,Not Applicable,Fine,Devanahalli-chickaballapur NH-07 Road,Canara Bank,200 ft,13.301179,77.725482
Bengaluru Dist,Vijayapura PS,1.0442e+16,2022,1,2,Road Accidents,Not Applicable,Rural Areas,Open area,Human Error,Not Applicable,Grievous Injury,Vehicle to Vehicle,Not at  Junction,Straight and flat,Others,Bitumen(Tar),Dry,No influence on accident,Clear,Vijayapura Shidlaghatta Road,Near Bhatrenahalli Gate,50mtr,13.299202,77.7983489
Bengaluru Dist,Vijayapura PS,1.0442e+16,2022,1,1,Not Applicable,Not Applicable,Rural Areas,Open area,Human Error,No,Grievous Injury,Hit pedestrian,Not Applicable,Not Applicable,Others,Not Applicable,Others,Not Applicable,Fine,At Open Air Jail,KEB Pol,10,13.298672,77.742451
Bengaluru Dist,Vijayapura PS,1.0442e+16,2022,1,2,Road Accidents,Narrow road,Rural Areas,Open area,Human Error,No,Grievous Injury,Vehicle to Vehicle,Not Applicable,Straight and flat,Others,Bitumen(Tar),Dry,Not Applicable,Fine,chikkaballapura Vijayapura road,Yallam temple chikknahalli village,20 fit,13.2984,77.7995619
Bengaluru Dist,Vijayapura PS,1.0442e+16,2022,1,1,Road Accidents,Narrow road,Rural Areas,Open area,Human Error,No,Fatal,Not Applicable,Not at  Junction,Straight and flat,Others,Bitumen(Tar),Dry,Not Applicable,Fine,Bullahalli Vijayapura Road,Electric pole,50,13.269041,77.800641
Bengaluru Dist,Vijayapura PS,1.0442e+16,2022,1,2,Road Accidents,Not Applicable,Rural Areas,Narrow bridge or culverts,Human Error,No,Grievous Injury,Vehicle to Vehicle,Not Applicable,Straight and flat,NH,Bitumen(Tar),Dry,Not Applicable,Clear,Devanahalli-Chikkaballapura Road,NEAR NAGARJUNA COLLEGE BRIDGE,12 KM,13.346506,77.725517
Bengaluru Dist,Vijayapura PS,1.0442e+16,2022,1,1,Road Accidents,Not Applicable,City/Town,Open area,Human Error,No,Simple Injury,Not Applicable,Not Applicable,Not Applicable,Others,Bitumen(Tar),Dry,Not Applicable,Others,chikkaballapura Vijayapura road,Gonur hosahalli gate Near maramma temple,9 km,13.354867,77.747654
Bengaluru Dist,Vijayapura PS,1.0442e+16,2022,1,2,Not Applicable,Narrow road,Rural Areas,Open area,Human Error,No,Grievous Injury,Vehicle to Vehicle,Not at  Junction,Straight and flat,State Highway,Bitumen(Tar),Dry,Not Applicable,Fine,Vijayapura-Devanahalli Road,Kurubarakunte Cross,50,13.266885,77.741546
Bengaluru Dist,Vijayapura PS,1.0442e+16,2022,1,2,Road Accidents,Not Applicable,Rural Areas,Open area,Human Error,Not Applicable,Grievous Injury,Vehicle to Vehicle,Not at  Junction,Straight and flat,NH,Bitumen(Tar),Dry,No influence on accident,Fine,chikaballapura - Devanahali NH 44 Road,Nayara Petrol Bunk,200 Mt,13.31638,77.7256
Bengaluru Dist,Vijayapura PS,1.0442e+16,2022,1,2,Road Accidents,Not Applicable,Rural Areas,Open area,Human Error,Not Applicable,Damage Only,Vehicle to Vehicle,Not at  Junction,Straight and flat,NH,Bitumen(Tar),Dry,No influence on accident,Clear,C B Pura Devanahalli NH 44,Near Avathi Bridge,100mtr,13.291821,77.7246069
Bengaluru Dist,Vijayapura PS,1.0442e+16,2022,1,2,Road Accidents,Narrow road,Rural Areas,Open area,Human Error,No,Grievous Injury,Vehicle to Vehicle,Not Applicable,Straight and flat,Others,Bitumen(Tar),Dry,Not Applicable,Fine,Vijayapura Channarayapattana Road,Baluvanahalli Gate,100,13.261936,77.808
Bengaluru Dist,Vijayapura PS,1.0442e+16,2022,1,2,Road Accidents,Narrow road,Rural Areas,Open area,Human Error,No,Fatal,Vehicle to Vehicle,Not at  Junction,Not Applicable,State Highway,Bitumen(Tar),Dry,Not Applicable,Fine,Devanahalli - vijayapura,Tankband road,20ft,13.2776,77.758802
Bengaluru Dist,Vijayapura PS,1.0442e+16,2022,1,3,Road Accidents,Not Applicable,City/Town,Open area,Not Applicable,No,Damage Only,Vehicle to Vehicle,Not Applicable,Others,NH,Not Applicable,Dry,Not Applicable,Fine,Chikkaballapura-Devanahalli NH 44 Road,Chikkaballapura NH 44 Road,10 KM,13.327702,77.725593
Bengaluru Dist,Vijayapura PS,1.0442e+16,2022,1,2,Road Accidents,Not Applicable,Rural Areas,Open area,Human Error,Yes,Fatal,Vehicle to Vehicle,Not Applicable,Straight and flat,State Highway,Bitumen(Tar),Dry,Not Applicable,Others,SH 96 Vijayapura To Devanahalli Road,Near guduvanahalli Lake,08 Kms,13.278867,77.760454
Bengaluru Dist,Vijayapura PS,1.0442e+16,2022,1,1,Road Accidents,Narrow road,Rural Areas,Open area,Human Error,No,Fatal,Not Applicable,Not at  Junction,Straight and flat,State Highway,Bitumen(Tar),Dry,Not Applicable,Fine,Kolar Vijayapur Main Road,Colistaa Infratech Layout,30ft,13.28548,77.813645
Bengaluru Dist,Vijayapura PS,1.0442e+16,2022,1,2,Road Accidents,Narrow road,Rural Areas,Open area,Human Error,No,Grievous Injury,Vehicle to Vehicle,Not at  Junction,Straight and flat,NH,Bitumen(Tar),Dry,Not Applicable,Fine,NH 44 Chikkaballapura Devanahalli,Near Kurubarakunte Gate U Tran,100,13.277193,77.721715
Bengaluru Dist,Vijayapura PS,1.0442e+16,2022,1,2,Rail Road Accidents,Not Applicable,Rural Areas,Open area,Human Error,No,Grievous Injury,Vehicle to Vehicle,Not Applicable,Not Applicable,State Highway,Bitumen(Tar),Dry,Not Applicable,Clear,Devanahalli vijayapura road SH -96,Near Chikkatattamangala Gate,6 km,13.280207,77.762854
Bengaluru Dist,Vijayapura PS,1.0442e+16,2022,1,2,Road Accidents,Narrow road,Rural Areas,Open area,Human Error,No,Grievous Injury,Vehicle to Vehicle,Not at  Junction,Straight and flat,NH,Bitumen(Tar),Dry,Not Applicable,Fine,C B Pura-Devanahalli NH-07 Road,Janatha colony gate,8 fit,0.0,0.0
Bengaluru Dist,Vijayapura PS,1.0442e+16,2022,1,2,Road Accidents,Junction,Rural Areas,Open area,Human Error,No,Fatal,Vehicle to Vehicle,Uncontrolled,Straight and flat,NH,Bitumen(Tar),Others,Not Applicable,Fine,Chikkaballapura to Devanahalli NH44 Road,Near By Fishland Dhaba,50,0.0,0.0
Bengaluru Dist,Vijayapura PS,1.0442e+16,2022,1,2,Road Accidents,Not Applicable,Rural Areas,Narrow bridge or culverts,Not Applicable,No,Grievous Injury,Vehicle to Vehicle,Not Applicable,Others,NH,Concrete,Dry,Not Applicable,Clear,NH 44 Devanahlli  Chikkaballapura Road,Avathi Bridge,1,13.293754,77.725073
Bengaluru Dist,Vijayapura PS,1.0442e+16,2022,1,2,Road Accidents,Not Applicable,City/Town,Open area,Human Error,Not Applicable,Grievous Injury,Vehicle to Vehicle,Uncontrolled,Straight and flat,State Highway,Bitumen(Tar),Dry,Not Applicable,Fine,Vijayapura-Devanahalli Road,Near janglipeer Darga,3 KM,13.274246,77.790712
Bengaluru Dist,Vijayapura PS,1.0442e+16,2022,1,2,Road Accidents,Cross roads,Rural Areas,Open area,Human Error,No,Grievous Injury,Vehicle to Vehicle,Not Applicable,Curve,Others,Bitumen(Tar),Dry,Not Applicable,Clear,chikkaballapura Vijayapura road,Chikkanahalli lake,3 km,13.305815,77.790195
Bengaluru Dist,Vijayapura PS,1.0442e+16,2022,1,1,Road Accidents,Narrow road,Rural Areas,Open area,Human Error,No,Fatal,Not Applicable,Not at  Junction,Straight and flat,State Highway,Bitumen(Tar),Dry,Not Applicable,Fine,DEVNAHALLI KOLAR SH96 GUDUVANAHALLI Lake,GUDUVANAHALLI Lake,80ft,13.282896,77.743045
Bengaluru Dist,Vijayapura PS,1.0442e+16,2022,1,2,Road Accidents,Narrow road,Rural Areas,Open area,Human Error,No,Grievous Injury,Vehicle to Vehicle,Not at  Junction,Not Applicable,NH,Bitumen(Tar),Dry,Not Applicable,Fine,Devanahalli-Chikkaballapura Road NH-44,Attibele Village road,23ft,13.286439,77.716398
Bengaluru Dist,Vijayapura PS,1.0442e+16,2022,1,2,Road Accidents,Narrow road,Rural Areas,Open area,Human Error,Yes,Grievous Injury,Vehicle to Vehicle,Not at  Junction,Straight and flat,NH,Bitumen(Tar),Dry,No influence on accident,Fine,NH 44 ROAD,Attibele Village road,35 fit,13.284577,77.717165
Bengaluru Dist,Vijayapura PS,1.0442e+16,2022,1,2,Road Accidents,Not Applicable,Rural Areas,Open area,Human Error,No,Grievous Injury,Vehicle to Vehicle,Not Applicable,Not Applicable,State Highway,Bitumen(Tar),Dry,Not Applicable,Clear,Devanahalli-Vijayapura Road,Near Gaduvanahalli gate,5 km,13.280822,77.763828
Bengaluru Dist,Vijayapura PS,1.0442e+16,2022,1,2,Road Accidents,Not Applicable,Rural Areas,Open area,Human Error,No,Fatal,Vehicle to Vehicle,Not at  Junction,Straight and flat,Others,Bitumen(Tar),Dry,Not Applicable,Fine,Vijayapura Dandiganahalli Road,Electric pole,15ft,13.29345,77.733727
Bengaluru Dist,Vijayapura PS,1.0442e+16,2022,1,1,Road Accidents,Cross roads,Rural Areas,Near or inside a village,Vehicle Defect,Yes,Grievous Injury,Hit pedestrian,Controlled,Straight and flat,NH,Not Applicable,Dry,Not Applicable,Clear,Koramangala -avathi road,Avathi Koaramangala  near Bayalu Badhikhane,12 KM,13.352353,77.7434609
Bengaluru Dist,Vijayapura PS,1.0442e+16,2022,1,2,Road Accidents,Not Applicable,Rural Areas,Open area,Not Applicable,Yes,Simple Injury,Not Applicable,Not Applicable,Others,NH,Not Applicable,Others,Not Applicable,Fine,Chikkaballapura-Devanahalli NH 44 Road,Chikkaballapura NH 44 Road,12 KM,0.0,0.0
Bengaluru Dist,Vijayapura PS,1.0442e+16,2022,1,2,Road Accidents,Narrow road,Rural Areas,Open area,Human Error,No,Fatal,Vehicle to Vehicle,Not at  Junction,Straight and flat,Others,Bitumen(Tar),Dry,Not Applicable,Fine,Vijayapura Bullahalli Road,Uma Layout,50 met,0.0,0.0
Bengaluru Dist,Vijayapura PS,1.0442e+16,2022,1,2,Road Accidents,Not Applicable,Rural Areas,Open area,Human Error,Not Applicable,Damage Only,Vehicle to Vehicle,Not at  Junction,Not Applicable,NH,Bitumen(Tar),Dry,No influence on accident,Fine,Devanahalli C B Pura NH 44,Near Avathi Village,100mtr,13.278654,77.758365
Bengaluru Dist,Vijayapura PS,1.0442e+16,2022,1,2,Road Accidents,Not Applicable,City/Town,Open area,Human Error,Not Applicable,Simple Injury,Vehicle to Vehicle,Not at  Junction,Straight and flat,Others,Bitumen(Tar),Dry,No influence on accident,Clear,Devanahalli Vijayapura Road,Near Mori Anjaneya Temple,40mtr,13.29591,77.79486
Bengaluru Dist,Vijayapura PS,1.0442e+16,2022,1,1,Road Accidents,Narrow road,Rural Areas,Open area,Human Error,Yes,Grievous Injury,Not Applicable,Not Applicable,Straight and flat,State Highway,Bitumen(Tar),Dry,Not Applicable,Fine,Basappana Toppu,Bypass road,90,13.291767,77.783832
Bengaluru Dist,Vijayapura PS,1.0442e+16,2022,1,2,Road Accidents,Narrow road,Rural Areas,Open area,Human Error,No,Damage Only,Vehicle to Vehicle,Not Applicable,Straight and flat,NH,Bitumen(Tar),Dry,Not Applicable,Fine,Devanahalli-chickaballapur NH-07 Road,Light Poll,100,13.298704,77.726225
Bengaluru Dist,Vijayapura PS,1.0442e+16,2022,1,2,Road Accidents,Narrow road,Rural Areas,Open area,Human Error,Yes,Damage Only,Vehicle to Vehicle,Not at  Junction,Others,State Highway,Bitumen(Tar),Dry,Not Applicable,Fine,Devanahalli vijayapura road SH -96,Yaliuru Gate,15,13.277427,77.7584809
Bengaluru Dist,Vijayapura PS,1.0442e+16,2022,1,1,Road Accidents,Narrow road,Rural Areas,Open area,Human Error,Yes,Grievous Injury,Hit bicyclist,Not at  Junction,Not Applicable,Others,Bitumen(Tar),Dry,Not Applicable,Fine,Vijayapura to Yaluvahalli Road,Manjunatha House,8ft,13.295601,77.8101669
Bengaluru Dist,Vijayapura PS,1.0442e+16,2022,1,1,Road Accidents,Not Applicable,Rural Areas,Open area,Human Error,No,Grievous Injury,Not Applicable,Not Applicable,Straight and flat,State Highway,Bitumen(Tar),Dry,Not Applicable,Clear,"Devanahalli To Vijajayapura Road, Infront of SRT Properties, Devanahalli TQ Bengalore Dist",Near SRT Properties,05 KMS,13.292965,77.78712
Bengaluru Dist,Vijayapura PS,1.0442e+16,2022,1,1,Road Accidents,Not Applicable,Rural Areas,Residential area,Human Error,No,Fatal,Not Applicable,Not at  Junction,Straight and flat,Residential Street,Not Applicable,Dry,Not Applicable,Fine,Mudugurki Village,Infront Of muniyappa,13ft,13.285925,77.798331
Bengaluru Dist,Vijayapura PS,1.0442e+16,2022,1,2,Road Accidents,Junction,City/Town,Open area,Human Error,Not Applicable,Simple Injury,Vehicle to Vehicle,Uncontrolled,Straight and flat,Others,Bitumen(Tar),Dry,No influence on accident,Fine,Vijayapura Shidlaghattaa Road,Near Nagarabhavi,10Ft,13.302907,77.802015
Bengaluru Dist,Vijayapura PS,1.0442e+16,2022,1,2,Road Accidents,Narrow road,Rural Areas,Open area,Human Error,No,Grievous Injury,Vehicle to Vehicle,Not Applicable,Straight and flat,State Highway,Bitumen(Tar),Dry,Not Applicable,Fine,Kolar to vijayapura road,Naaz Enterprises,40,13.287471,77.811126
Bengaluru Dist,Vijayapura PS,1.0442e+16,2022,1,1,Road Accidents,Narrow road,Rural Areas,Residential area,Human Error,Yes,Grievous Injury,Hit pedestrian,Not at  Junction,Straight and flat,NH,Bitumen(Tar),Dry,Not Applicable,Fine,NH 44 Chikkaballapura Devanahalli Road Venkatagirikote Gate,West KEB Laght Poll,50,13.327361,77.725708
Bengaluru Dist,Vijayapura PS,1.0442e+16,2022,1,2,Road Accidents,Narrow road,Rural Areas,Open area,Human Error,No,Grievous Injury,Hit pedestrian,Not at  Junction,Straight and flat,NH,Bitumen(Tar),Dry,Not Applicable,Fine,Bangalore Hyderabad Road,Pallavi Dhaba opp,80,13.284848,77.723231
Bengaluru Dist,Vijayapura PS,1.0442e+16,2022,1,2,Road Accidents,Narrow road,Rural Areas,Near Petrol Pump,Human Error,No,Fatal,Vehicle to Vehicle,Not Applicable,Not Applicable,State Highway,Bitumen(Tar),Dry,Not Applicable,Fine,DEVNAHALLI KOLAR SH96 BUYPASS ROAD,BHARATH PETROL PUMB,25,13.284102,77.803095
Bengaluru Dist,Vijayapura PS,1.0442e+16,2022,1,2,Road Accidents,Not Applicable,Rural Areas,Open area,Human Error,No,Simple Injury,Vehicle to Vehicle,No signal lights,Straight and flat,NH,Bitumen(Tar),Dry,Not Applicable,Clear,Devanahalli-Chikkaballapura nh44,Near Krishnareddy land,70feet,13.301584,77.725492
Bengaluru Dist,Vijayapura PS,1.0442e+16,2022,1,2,Road Accidents,Not Applicable,Rural Areas,Open area,Not Applicable,No,Grievous Injury,Not Applicable,Not Applicable,Others,State Highway,Not Applicable,Others,Not Applicable,Fine,Vijayapura-Devanahalli Road,Jangli Peer Darga,2.5 KM,13.287357,77.774364
Bengaluru Dist,Vijayapura PS,1.0442e+16,2022,1,1,Road Accidents,Not Applicable,Rural Areas,Near Petrol Pump,Not Applicable,No,Damage Only,Not Applicable,Not at  Junction,Straight and flat,NH,Bitumen(Tar),Dry,Not Applicable,Clear,Chikkaballapura Devanahalli NH 44 Road,Near Nayara Petrol Bunk,100mtr,13.296532,77.8030129
Bengaluru Dist,Vijayapura PS,1.0442e+16,2022,1,2,Road Accidents,Narrow road,Rural Areas,Open area,Human Error,No,Fatal,Vehicle to Vehicle,Not at  Junction,Straight and flat,NH,Bitumen(Tar),Dry,Not Applicable,Fine,NH 44 Chikkaballapura Devanahalli Road,U Turn Mudugurki Village,50,13.341843,77.725657
Bengaluru Dist,Vijayapura PS,1.0442e+16,2022,1,2,Road Accidents,Not Applicable,City/Town,Open area,Human Error,Yes,Grievous Injury,Vehicle to Vehicle,Controlled,Straight and flat,NH,Bitumen(Tar),Dry,Not Applicable,Fine,Devanahalli tio Kolar SH 96 Road Vijayapura ByPass,Anjaneswamy Temple,50feet,13.28392,77.80382
Bengaluru Dist,Vijayapura PS,1.0442e+16,2022,1,2,Road Accidents,Circle,Rural Areas,Open area,Human Error,No,Simple Injury,Vehicle to Vehicle,Signal lights Blinking,Straight and flat,NH,Bitumen(Tar),Dry,Not Applicable,Clear,Hyderbad to Bangalore NH44,Bullahalli Gate,10 km,0.0,0.0
Bengaluru Dist,Vijayapura PS,1.0442e+16,2022,1,1,Road Accidents,Narrow road,Rural Areas,Open area,Human Error,Yes,Fatal,Hit pedestrian,Not at  Junction,Straight and flat,NH,Bitumen(Tar),Dry,Not Applicable,Fine,Bengaluru Hyderabad Road,Bullahalli Gate,200Mtr,13.30706,77.725575
Bengaluru Dist,Vijayapura PS,1.0442e+16,2022,1,1,Road Accidents,Narrow road,Rural Areas,Near office complex,Human Error,No,Simple Injury,Hit pedestrian,Not at  Junction,Straight and flat,State Highway,Bitumen(Tar),Dry,Not Applicable,Fine,Vijayapura Kolar Road,Sangeetha Mobile Shop,20,13.294233,77.802679
Bengaluru Dist,Vijayapura PS,1.0442e+16,2022,1,1,Road Accidents,Not Applicable,City/Town,Open area,Human Error,No,Grievous Injury,Hit pedestrian,Not at  Junction,Straight and flat,Others,Bitumen(Tar),Dry,Not Applicable,Clear,Vijayapura Kolar Road,Infront of HMS Engineering Works,20mtr,13.294342,77.802556
Bengaluru Dist,Vijayapura PS,1.0442e+16,2022,1,2,Road Accidents,Narrow road,Rural Areas,Open area,Human Error,No,Fatal,Vehicle to Vehicle,Not at  Junction,Straight and flat,NH,Bitumen(Tar),Dry,Not Applicable,Fine,NH 44 Chikkaballapura Devanahalli Road,Bhukti Dhaba N H 44 Devanahalli Chikkaballapura Road,70ft,13.355866,77.706621
Bengaluru Dist,Vijayapura PS,1.0442e+16,2022,1,2,Road Accidents,Narrow road,Rural Areas,Residential area,Human Error,No,Grievous Injury,Vehicle to Vehicle,Not at  Junction,Straight and flat,State Highway,Bitumen(Tar),Dry,Not Applicable,Fine,Vijayapura -Chikkaballapura Road,Narashimaiah House,20,13.355598,77.746977
Bengaluru Dist,Vijayapura PS,1.0442e+16,2022,1,2,Road Accidents,Not Applicable,Rural Areas,Open area,Not Applicable,No,Grievous Injury,Not Applicable,Not Applicable,Others,Others,Not Applicable,Others,Not Applicable,Others,Avathi-Kodugurki Road,Kodagurki Road,12 KM,0.0,0.0
Bengaluru Dist,Vijayapura PS,1.0442e+16,2022,1,2,Road Accidents,Narrow road,Rural Areas,Near Petrol Pump,Human Error,No,Grievous Injury,Vehicle to Vehicle,Not at  Junction,Others,Not Applicable,Bitumen(Tar),Dry,Not Applicable,Fine,Chikkaballapura-Devanahalli NH 44 Road,Indian OilPetrol bunk,60ft,0.0,0.0
Bengaluru Dist,Vijayapura PS,1.0442e+16,2023,1,1,Road Accidents,Narrow road,Rural Areas,Open area,Human Error,No,Fatal,Not Applicable,Not at  Junction,Straight and flat,Others,Bitumen(Tar),Dry,Not Applicable,Fine,Chikkanahalli Village,Manjanna Land Vijayapura Chikkaballapura Road,25ft,0.0,0.0
Bengaluru Dist,Vijayapura PS,1.0442e+16,2023,1,2,Road Accidents,Narrow road,Rural Areas,Open area,Human Error,No,Simple Injury,Vehicle to Vehicle,Controlled,Straight and flat,State Highway,Bitumen(Tar),Dry,Not Applicable,Cloudy,"Vijayapura to Devanahalli road,infront of janglipeer Dharga",janglipeer Dharga,100 FT,13.287751,77.774931
Bengaluru Dist,Vijayapura PS,1.0442e+16,2023,1,2,Road Accidents,Junction,Rural Areas,Residential area,Not Applicable,No,Grievous Injury,Vehicle to Vehicle,Controlled,Others,NH,Concrete,Dry,Not Applicable,Clear,Devanahalli-Chikkaballapura NH44 Road BHULAHALLI GATE,Devanahalli   Chikkaballapura  NH 44 Bhullahalli Gate,10 KM,13.309561,77.725639
Bengaluru Dist,Vijayapura PS,1.0442e+16,2023,1,2,Road Accidents,Cross roads,Rural Areas,Open area,Not Applicable,No,Fatal,Vehicle to Vehicle,Not Applicable,Others,NH,Concrete,Dry,Not Applicable,Clear,NH 44,NH  44 Near Avathi Bridge,30,13.28988,77.72421
Bengaluru Dist,Vijayapura PS,1.0442e+16,2023,1,1,Road Accidents,Junction,Rural Areas,Near Bus stop,Human Error,No,Fatal,Not Applicable,No signal lights,Hump,Others,Bitumen(Tar),Dry,Not Applicable,Fine,Vijayapura Shidlagatta Road,Bus Shelter,10 ft,0.0,0.0
Bengaluru Dist,Vijayapura PS,1.0442e+16,2023,1,1,Road Accidents,Not Applicable,City/Town,Open area,Not Applicable,Yes,Fatal,Not Applicable,Not Applicable,Others,Others,Not Applicable,Others,Not Applicable,Others,Vijayapura-Devanahalli Road,Vijayapura Road,500 Mt,0.0,0.0
Bengaluru Dist,Vijayapura PS,1.0442e+16,2023,1,2,Road Accidents,Not Applicable,Rural Areas,Open area,Not Applicable,No,Simple Injury,Not Applicable,Not Applicable,Others,NH,Not Applicable,Others,Not Applicable,Others,chikaballapura - Devanahali NH 44 Road,Chikkaballapura NH 44 Road,10 KM,13.275185,77.728054
Bengaluru Dist,Vijayapura PS,1.0442e+16,2023,1,2,Road Accidents,Not Applicable,Rural Areas,Open area,Not Applicable,No,Fatal,Not Applicable,Not Applicable,Others,Others,Not Applicable,Others,Not Applicable,Fine,Chikkabalapura-Vijayapura Road,Chikkabalapura Road,8 KM,13.341565,77.830117
Bengaluru Dist,Vijayapura PS,1.0442e+16,2023,1,1,Road Accidents,Narrow road,Rural Areas,Open area,Human Error,No,Fatal,Hit pedestrian,Not at  Junction,Straight and flat,NH,Bitumen(Tar),Dry,Not Applicable,Cloudy,Devanahalli to Chikkaballapura NH 44 Road,Near By Bhukti Daba,60 Fts,13.278138,77.7218529
Bengaluru Dist,Vijayapura PS,1.0442e+16,2023,1,2,Road Accidents,Circle,Rural Areas,Open area,Human Error,Yes,Grievous Injury,Vehicle to Vehicle,Not at  Junction,Straight and flat,NH,Bitumen(Tar),Dry,Not Applicable,Fine,NH 44 Bullahalli Gate,Highway Mask light,30 Ft,0.0,0.0
Bengaluru Dist,Vijayapura PS,1.0442e+16,2023,1,2,Road Accidents,Narrow road,Rural Areas,Open area,Human Error,No,Not Applicable,Vehicle to Vehicle,Not at  Junction,Straight and flat,NH,Bitumen(Tar),Dry,Not Applicable,Fine,"NH 44 Road, Abhishek Condimentes Shop",Light Poll,70 Fts,0.0,0.0
Bengaluru Dist,Vijayapura PS,1.0442e+16,2023,1,2,Road Accidents,Circle,Rural Areas,Near Petrol Pump,Human Error,Yes,Grievous Injury,Vehicle to Vehicle,Not Applicable,Straight and flat,NH,Bitumen(Tar),Dry,Not Applicable,Fine,Chikkaballapura To Devanahalli NH 44 Road,Venkatagirikote Circlae,10feet,13.327387,77.725638
Bengaluru Dist,Vijayapura PS,1.0442e+16,2023,1,2,Road Accidents,Narrow road,Rural Areas,Open area,Human Error,No,Grievous Injury,Vehicle to Vehicle,Not at  Junction,Others,NH,Bitumen(Tar),Dry,Not Applicable,Cloudy,Devanahalli to Chikkaballapura NH 44 Road,Bullahalli Gate,40ft,13.308662,77.725506
Bengaluru Dist,Vijayapura PS,1.0442e+16,2023,1,2,Road Accidents,Not Applicable,Rural Areas,Open area,Not Applicable,No,Fatal,Not Applicable,Not Applicable,Others,NH,Not Applicable,Others,Not Applicable,Fine,Bengaluru-Chikkaballapura NH 44 Road,Devanahalli Road,10 KM,13.334543,77.725491
Bengaluru Dist,Vijayapura PS,1.0442e+16,2023,1,2,Rail Road Accidents,Narrow road,Rural Areas,Near Petrol Pump,Human Error,No,Grievous Injury,Vehicle to Vehicle,Controlled,Straight and flat,Others,Bitumen(Tar),Dry,Not Applicable,Fine,VIjayapura to Chikkaballapura Road,Near By Maruthi Suziki Car Show Room,150 mt,13.300414,77.795126
Bengaluru Dist,Vijayapura PS,1.0442e+16,2023,1,2,Road Accidents,Circle,Rural Areas,Open area,Human Error,No,Grievous Injury,Vehicle to Vehicle,Controlled,Others,Others,Bitumen(Tar),Others,Not Applicable,Fine,Vijayapura to Kolar Road,Toll Gate,50 Mts,13.291535,77.806023
Bengaluru Dist,Vijayapura PS,1.0442e+16,2023,1,3,Road Accidents,Circle,Rural Areas,Open area,Human Error,Yes,Simple Injury,Vehicle to Vehicle,Uncontrolled,Straight and flat,NH,Bitumen(Tar),Dry,Not Applicable,Fine,Near Venkatagirikote Gate CBpura to Devanahalli Road NH 44,Venkatagirikote Bustand,10 Mts,13.297098,77.8001669
Bengaluru Dist,Vijayapura PS,1.0442e+16,2023,1,1,Road Accidents,Narrow road,Rural Areas,Open area,Human Error,No,Grievous Injury,Not Applicable,Not at  Junction,Not Applicable,NH,Bitumen(Tar),Dry,Not Applicable,Fine,Near Bhukti Dhaba Chikkaballapura Road,Kurubarakunte Cross,500 mi,0.0,0.0
Bengaluru Dist,Vijayapura PS,1.0442e+16,2023,1,2,Road Accidents,Narrow road,Rural Areas,Open area,Human Error,Yes,Damage Only,Vehicle to Vehicle,Not at  Junction,Straight and flat,NH,Bitumen(Tar),Dry,Not Applicable,Fine,Chikkaballapura Devanahalli NH 44 Road,Bhullahalli Gate,200 mi,0.0,0.0
Bengaluru Dist,Vijayapura PS,1.0442e+16,2023,1,2,Road Accidents,Narrow road,Rural Areas,Near Bus stop,Human Error,No,Fatal,Vehicle to Vehicle,Not at  Junction,Straight and flat,State Highway,Bitumen(Tar),Dry,Not Applicable,Fine,Vijayapura Devanahalli Road,Vijayapura Devanahalli Road Arch,100 ft,13.286776,77.812361
Bengaluru Dist,Vijayapura PS,1.0442e+16,2023,1,1,Road Accidents,Cross roads,Rural Areas,At pedestrian Crossing,Not Applicable,Yes,Fatal,Hit pedestrian,Controlled,Others,Others,Concrete,Others,Not Applicable,Others,G Hosahalli Gate  Vijayapura Hobli,I Anjeneiya Temple,10 ft,13.351196,77.743872