DISTRICTNAME,UNITNAME,Crime_No,Year,RI,Noofvehicle_involved,Accident_Classification,Accident_Spot,Accident_Location,Accident_SubLocation,Main_Cause,Hit_Run,Severity,Collision_Type,Junction_Control,Road_Character,Road_Type,Surface_Type,Surface_Condition,Road_Condition,Weather,Accident_Road,Landmark_first,Distance_LandMark_First,Latitude,Longitude
Bengaluru Dist,Vijayapura PS,1.0442e+16,2023,1,2,Rail Road Accidents,Not Applicable,Rural Areas,Open area,Not Applicable,No,Fatal,Vehicle to Vehicle,Not Applicable,Not Applicable,NH,Concrete,Others,Not Applicable,Clear,Bengaluru-Chikkaballapura NH 44 Road,Bangaluru Chikkabalapura Road Nh 44,30,13.32809,77.72548
Bengaluru Dist,Vijayapura PS,1.0442e+16,2023,1,2,Road Accidents,Circle,City/Town,Open area,Human Error,No,Simple Injury,Vehicle to Vehicle,Controlled,Straight and flat,State Highway,Bitumen(Tar),Dry,Not Applicable,Fine,"Near By CR pattana Circle, Devabahalli To Kolar Bypass Road",Light Pole,25 Mts,0.0,0.0
Bengaluru Dist,Vijayapura PS,1.0442e+16,2023,1,2,Road Accidents,Not Applicable,Rural Areas,Open area,Not Applicable,No,Fatal,Not Applicable,Not Applicable,Others,NH,Not Applicable,Others,Not Applicable,Others,Devanahalli-Chikkaballapura NH 7 Road,Chikkaballapura Road,13 KM,0.0,0.0
Bengaluru Dist,Vijayapura PS,1.0442e+16,2023,1,2,Road Accidents,Narrow road,Rural Areas,Near Bus stop,Not Applicable,No,Fatal,Vehicle to Vehicle,Not Applicable,Others,Others,Concrete,Dry,Not Applicable,Others,Vijayapura -chikkaballapura Road Chinuvandanahalli Gate Vijyapura Hobli Devanahalli Taluk,Chinuvnadanahalli Gate  Near Subbanna Farmar Property,10 KM,13.33809,77.77129
Bengaluru Dist,Vijayapura PS,1.0442e+16,2023,1,1,Road Accidents,Not Applicable,Rural Areas,Open area,Human Error,Yes,Simple Injury,Hit pedestrian,Controlled,Straight and flat,NH,Bitumen(Tar),Dry,Not Applicable,Fine,"Devanahalli to Chikkaballapura NH 44 road,",Canara Bank opposite bridge Down,50mts,13.289108,77.820416
Bengaluru Dist,Vijayapura PS,1.0442e+16,2023,1,1,Road Accidents,Not Applicable,Rural Areas,Open area,Not Applicable,No,Fatal,Not Applicable,Not Applicable,Others,NH,Not Applicable,Others,Not Applicable,Fine,Vijayapura Bus Stand,Kolar Road,1/2 KM,13.331359,77.725139
Bengaluru Dist,Vijayapura PS,1.0442e+16,2023,1,2,Road Accidents,Narrow road,Rural Areas,Open area,Human Error,No,Fatal,Vehicle to Vehicle,Not at  Junction,Not Applicable,Others,Bitumen(Tar),Dry,Not Applicable,Fine,Vijayapura Chikkaballapura  Road Near Kommasandra,Kommasandra Gate,300 mi,0.0,0.0
Bengaluru Dist,Vijayapura PS,1.0442e+16,2023,1,1,Road Accidents,Not Applicable,Rural Areas,Open area,Not Applicable,No,Grievous Injury,Not Applicable,Not Applicable,Others,Others,Metalled,Dry,Not Applicable,Others,Vijayapura-CBPura Road,Chikkabalapura Road,5 KM,13.322022,77.779703
Bengaluru Dist,Vijayapura PS,1.0442e+16,2023,1,1,Road Accidents,Not Applicable,Rural Areas,Open area,Not Applicable,No,Simple Injury,Not Applicable,Not Applicable,Others,Others,Not Applicable,Others,Not Applicable,Fine,Ranganathapura-Vijayapura Road,Ranganathapura Road,3 km,0.0,0.0
Bengaluru Dist,Vijayapura PS,1.0442e+16,2023,1,2,Road Accidents,Not Applicable,Rural Areas,Open area,Not Applicable,No,Fatal,Not Applicable,Not Applicable,Others,Others,Not Applicable,Others,Not Applicable,Others,Devanahalli-Chikkaballapura NH7 Road,Chikkaballapura Road,12 KM1,0.0,0.0
Bengaluru Dist,Vijayapura PS,1.0442e+16,2023,1,2,Road Accidents,Narrow road,Rural Areas,Near Bus stop,Human Error,Yes,Grievous Injury,Vehicle to Vehicle,Not Applicable,Straight and flat,NH,Bitumen(Tar),Dry,Not Applicable,Fine,NH 44 Devanahalli Chikkaballapura RoadAttibele Gate,Attibele Village Road,20Ft,13.282878,77.72283
Bengaluru Dist,Vijayapura PS,1.0442e+16,2023,1,2,Road Accidents,Narrow road,Rural Areas,Open area,Human Error,No,Grievous Injury,Vehicle to Vehicle,Not at  Junction,Straight and flat,State Highway,Bitumen(Tar),Dry,Not Applicable,Cloudy,Vijayapura to Devanahalli Road,Near HP Petrol Bank,500Mtr,13.286232,77.760348
Bengaluru Dist,Vijayapura PS,1.0442e+16,2023,1,1,Road Accidents,Narrow road,Rural Areas,Open area,Human Error,No,Fatal,Not Applicable,Not at  Junction,Straight and flat,NH,Bitumen(Tar),Dry,Not Applicable,Fine,NH 44 Devanahalli Chikkaballapura Road,Near Venkatagirikote,250 ft,13.328094,77.733886
Bengaluru Dist,Vijayapura PS,1.0442e+16,2023,1,3,Rail Road Accidents,Narrow road,Rural Areas,Near Petrol Pump,Human Error,No,Grievous Injury,Vehicle to Vehicle,Not Applicable,Straight and flat,NH,Bitumen(Tar),Dry,Not Applicable,Cloudy,"Chikkaballapura to Devanahalli NH 44 Road, Avathi Village Indian petrol Pump",Indian petrol Pump,50 Mts,13.300122,77.723563
Bengaluru Dist,Vijayapura PS,1.0442e+16,2023,1,2,Road Accidents,Junction,Rural Areas,Narrow bridge or culverts,Vehicle Defect,No,Fatal,Vehicle to Vehicle,Controlled,Others,NH,Concrete,Dry,Not Applicable,Clear,Bengaluru-Chikkaballapura NH 44 Road,ChikkaballapuraDevanahalli Road,30,13.345912,77.725709
Bengaluru Dist,Vijayapura PS,1.0442e+16,2023,1,2,Road Accidents,Narrow road,Rural Areas,Residential area,Not Applicable,No,Simple Injury,Vehicle to Vehicle,Controlled,Others,Others,Concrete,Dry,Not Applicable,Others,Vijayapura-CBPura Road,Vijayapura Chikkaballapura Road Near G hosahalli Gate,10 KM,13.357959,77.744847
Bengaluru Dist,Vijayapura PS,1.0442e+16,2023,1,2,Road Accidents,Not Applicable,Rural Areas,Open area,Not Applicable,No,Simple Injury,Not Applicable,Not Applicable,Others,NH,Bitumen(Tar),Others,Not Applicable,Fine,Chikkaballapura-Devanahalli NH 44 Road,Chikkaballapura NH 44 Road,12 KM,13.277121,77.721662
Bengaluru Dist,Vijayapura PS,1.0442e+16,2023,1,2,Road Accidents,Junction,Rural Areas,Open area,Human Error,No,Fatal,Vehicle to Vehicle,Signal lights Automatic,Others,NH,Bitumen(Tar),Dry,Not Applicable,Fine,Bullahalli Gate,New Gharana Daba,80,0.0,0.0
Bengaluru Dist,Vijayapura PS,1.0442e+16,2023,1,2,Road Accidents,Junction,Rural Areas,Open area,Human Error,No,Fatal,Vehicle to Vehicle,No signal lights,Not Applicable,NH,Bitumen(Tar),Dry,Not Applicable,Fine,Bullahalli Gate,Electric Pole,50,0.0,0.0
Bengaluru Dist,Vijayapura PS,1.0442e+16,2023,1,1,Road Accidents,Not Applicable,Rural Areas,Open area,Not Applicable,No,Fatal,Not Applicable,Not Applicable,Others,Others,Not Applicable,Others,Not Applicable,Fine,Kolara-Vijayapura Road,Kolara Road,800 Mt,13.280926,77.8191819
Bengaluru Dist,Vijayapura PS,1.0442e+16,2023,1,2,Road Accidents,Not Applicable,Rural Areas,Open area,Not Applicable,No,Grievous Injury,Vehicle to Vehicle,Controlled,Others,NH,Concrete,Dry,Not Applicable,Cloudy,Devanahalli-Chikkaballapura NH44 Road,ChikkaballapuraDevanahalli Road,5 KM,13.343358,77.725543
Bengaluru Dist,Vijayapura PS,1.0442e+16,2023,1,1,Road Accidents,Circle,Rural Areas,Open area,Human Error,Yes,Fatal,Hit pedestrian,Not at  Junction,Straight and flat,NH,Bitumen(Tar),Dry,Not Applicable,Fine,NH 44 Devanahalli Chikkaballapura Road,Venkatagirikote Gate,1,0.0,0.0
Bengaluru Dist,Vijayapura PS,1.0442e+16,2023,1,2,Road Accidents,Narrow road,Rural Areas,Near Petrol Pump,Not Applicable,No,Not Applicable,Vehicle to Vehicle,Controlled,Straight and flat,NH,Bitumen(Tar),Dry,Not Applicable,Fine,"NH 44 Road, Near Avathi Village",Near Yamanooru Sudrashna Land,50 mts,0.0,0.0
Bengaluru Dist,Vijayapura PS,1.0442e+16,2023,1,1,Road Accidents,Narrow road,Rural Areas,Open area,Human Error,Yes,Grievous Injury,Not Applicable,Not at  Junction,Straight and flat,NH,Bitumen(Tar),Dry,Not Applicable,Fine,NH 44 Devanahalli Chikkaballapura Road,Udupi Grand Hotel,80 ft,13.298887,77.723712
Bengaluru Dist,Vijayapura PS,1.0442e+16,2023,1,2,Road Accidents,Not Applicable,Rural Areas,Open area,Not Applicable,No,Fatal,Not Applicable,Not Applicable,Others,Others,Not Applicable,Others,Not Applicable,Fine,Chikkaballapura-Devanahalli NH7 Road,Devanahalli Road,11 KM,13.292485,77.724782
Bengaluru Dist,Vijayapura PS,1.0442e+16,2023,1,3,Rail Road Accidents,Cross roads,Rural Areas,Open area,Human Error,No,Simple Injury,Vehicle to Vehicle,Controlled,Straight and flat,NH,Bitumen(Tar),Dry,Not Applicable,Cloudy,Chikkaballapura To Devanahalli NH 44 Road,Near Bullahalli Gate,50mts,13.308975,77.725597
Bengaluru Dist,Vijayapura PS,1.0442e+16,2023,1,2,Road Accidents,Cross roads,Rural Areas,Residential area,Vehicle Defect,No,Fatal,Vehicle to Vehicle,Controlled,Others,NH,Concrete,Dry,Not Applicable,Clear,Devanahalli-Chikkaballapura NH44 Road,Devanahalli   Chikkaballapura  NH 44 Bhullahalli Gate,10 KM,13.282878,77.72283
Bengaluru Dist,Vijayapura PS,1.0442e+16,2023,1,2,Road Accidents,Narrow road,Rural Areas,Near School or College,Human Error,No,Grievous Injury,Vehicle to Vehicle,Not at  Junction,Straight and flat,NH,Bitumen(Tar),Dry,Not Applicable,Fine,Chikkaballapura to Devanahalli NH 44 Road,Near Ananthavidyaniketana School Gate,80 Ft,13.281601,77.722729
Bengaluru Dist,Vijayapura PS,1.0442e+16,2023,1,2,Road Accidents,Narrow road,Rural Areas,Near Bus stop,Human Error,No,Grievous Injury,Vehicle to Vehicle,Not at  Junction,Straight and flat,NH,Bitumen(Tar),Dry,Not Applicable,Fine,NH 44 Devanahalli Chikkaballapura Road,Saibaba Temple,75 FIT,13.309047,77.768277
Bengaluru Dist,Vijayapura PS,1.0442e+16,2023,1,1,Road Accidents,Curves,Rural Areas,Open area,Human Error,Yes,Grievous Injury,Hit bicyclist,Not Applicable,Curve,Others,Bitumen(Tar),Dry,Construction Work / Material,Cloudy,Near Rajanna Land in front of Road,Rajanna Land,15 Mts,0.0,0.0
Bengaluru Dist,Vijayapura PS,1.0442e+16,2023,1,2,Road Accidents,Narrow road,Rural Areas,Open area,Not Applicable,No,Damage Only,Vehicle to Vehicle,Controlled,Straight and flat,Others,Bitumen(Tar),Dry,Not Applicable,Fine,Chikkaballapura to VIjayapura Road,Near Sadashivareddy Land,20 Ft,13.335014,77.748101
Bengaluru Dist,Vijayapura PS,1.0442e+16,2023,1,2,Road Accidents,Narrow road,Rural Areas,Open area,Human Error,No,Grievous Injury,Vehicle to Vehicle,Controlled,Straight and flat,NH,Bitumen(Tar),Dry,Not Applicable,Cloudy,"NH 44 Road Venkatagirikote village, HP Petrol Bank",HP Pretrol Benk,50,13.331451,77.725634
Bengaluru Dist,Vijayapura PS,1.0442e+16,2023,1,2,Road Accidents,Circle,Rural Areas,Near Bus stop,Human Error,Yes,Grievous Injury,Vehicle to Vehicle,Controlled,Straight and flat,Others,Bitumen(Tar),Dry,Not Applicable,Fine,Vijayapura Sidlaghatta Road,Chandenahalli gate,10 Mts,13.31158,77.803025
Bengaluru Dist,Vijayapura PS,1.0442e+16,2023,1,2,Road Accidents,Not Applicable,Rural Areas,Near Petrol Pump,Human Error,No,Simple Injury,Vehicle to Vehicle,No signal lights,Straight and flat,NH,Bitumen(Tar),Dry,Not Applicable,Fine,Devanahalli to Chikkaballapura NH 44 Road,Nayara Petrol Pamp,150,13.322857,77.725501
Bengaluru Dist,Vijayapura PS,1.0442e+16,2023,1,2,Other Railway Accidents,Railway crossing,Rural Areas,Near a religious place,Vehicle Defect,Yes,Fatal,Vehicle to Vehicle,Controlled,Not Applicable,Others,Not Applicable,Others,Not Applicable,Others,Vijayapura-kolara Road,KolaraVijayapura Road,30,13.28621,77.81259
Bengaluru Dist,Vijayapura PS,1.0442e+16,2023,1,2,Road Accidents,Narrow road,Rural Areas,Open area,Human Error,Yes,Grievous Injury,Vehicle to Vehicle,Not at  Junction,Straight and flat,NH,Bitumen(Tar),Dry,Not Applicable,Fine,Mudugurki Village NH 44 Road,Chikkaballapura Well Come Bord,50 Mts,0.0,0.0
Bengaluru Dist,Vijayapura PS,1.0442e+16,2023,1,2,Road Accidents,Not Applicable,Rural Areas,Open area,Not Applicable,No,Grievous Injury,Not Applicable,Not Applicable,Others,NH,Not Applicable,Others,Not Applicable,Others,Devanahalli-Chikkaballapura NH44 Road,Chikkabalapura Road,12 KM,13.30839,77.22546
Bengaluru Dist,Vijayapura PS,1.0442e+16,2023,1,2,Road Accidents,Cross roads,Rural Areas,Open area,Not Applicable,No,Fatal,Vehicle to Vehicle,Not Applicable,Others,Others,Not Applicable,Others,Not Applicable,Clear,Vijayapura  Channarayapatna Road,Darmapura Village  on the stright road,40,13.262815,77.809387
Bengaluru Dist,Vijayapura PS,1.0442e+16,2023,1,2,Road Accidents,Circle,City/Town,Near School or College,Human Error,No,Fatal,Vehicle to Vehicle,No signal lights,Straight and flat,Others,Bitumen(Tar),Dry,Not Applicable,Clear,Near Pragathi Degree Collage,Siddaghatta Cross,10 Mts,0.0,0.0
Bengaluru Dist,Vijayapura PS,1.0442e+16,2023,1,2,Road Accidents,Cross roads,Rural Areas,Open area,Not Applicable,No,Grievous Injury,Vehicle to Vehicle,Controlled,Others,NH,Bitumen(Tar),Dry,Not Applicable,Cloudy,Chikkaballapura To Devanahalli Road,Near Janata colony Gate,11,0.0,0.0
Bengaluru Dist,Vijayapura PS,1.0442e+16,2023,1,2,Road Accidents,Narrow road,Rural Areas,Near Bus stop,Human Error,No,Grievous Injury,Vehicle to Vehicle,Not at  Junction,Straight and flat,State Highway,Bitumen(Tar),Dry,Not Applicable,Fine,Kolar Chikkaballapura Road  in front of Mayur Bekary Vijaypura Town,Mallige Clinic  Hospital,40 ft,13.295249,77.801491
Bengaluru Dist,Vijayapura PS,1.0442e+16,2023,1,2,Road Accidents,Narrow road,Rural Areas,Open area,Human Error,Yes,Grievous Injury,Vehicle to Vehicle,Controlled,Others,NH,Bitumen(Tar),Dry,Not Applicable,Cloudy,Devanahalli To Chikkballapura NH 44 Road,Bukti Daba,40 FT,13.278139,77.728147
Bengaluru Dist,Vijayapura PS,1.0442e+16,2023,1,1,Road Accidents,Narrow road,Rural Areas,Open area,Human Error,No,Fatal,Hit pedestrian,Not at  Junction,Straight and flat,Others,Bitumen(Tar),Dry,Not Applicable,Fine,Vijayapura Harohalli Road,Near Lakshmiamma Land,20Ft,13.315268,77.748933
Bengaluru Dist,Vijayapura PS,1.0442e+16,2023,1,1,Road Accidents,Narrow road,Rural Areas,Open area,Human Error,No,Fatal,Hit pedestrian,Not at  Junction,Straight and flat,NH,Bitumen(Tar),Dry,Not Applicable,Fine,NH 44 Devanahalli Chikkaballapura Road,Palavi Daba N H 44 Road Avithi,50ft,13.31388,77.727132
Bengaluru Dist,Vishwanathapura PS,1.04422e+16,2016,1,2,Road Accidents,Other,Rural Areas,Near or inside a village,Human Error,Yes,Simple Injury,Hit and Run,Uncontrolled,Straight and flat,State Highway,Bitumen(Tar),Dry,No influence on accident,Clear,Nandi Road,Nandi Roadprstige group oppsit Nandi,100mt,0.0,0.0
Bengaluru Dist,Vishwanathapura PS,1.04422e+16,2016,1,2,Road Accidents,Other,Rural Areas,Open area,Human Error,No,Fatal,Head on,Uncontrolled,Straight and flat,State Highway,Bitumen(Tar),Dry,No influence on accident,Clear,Nandi duvanahalli road,sangam daba,100 mt,0.0,0.0
Bengaluru Dist,Vishwanathapura PS,1.04422e+16,2016,1,2,Road Accidents,Cross roads,Rural Areas,Open area,Human Error,Yes,Fatal,Head on,Uncontrolled,Others,NH,Bitumen(Tar),Dry,Construction Work / Material,Clear,Beerasandra Gate,Beerasandra Gate,50 mt,0.0,0.0
Bengaluru Dist,Vishwanathapura PS,1.04422e+16,2016,1,2,Road Accidents,Other,Rural Areas,Near Petrol Pump,Human Error,No,Fatal,Rear end,Uncontrolled,Slight Curve,NH,Bitumen(Tar),Dry,No influence on accident,Clear,Vishwanathpura petrol pump,Vishwanathpura petrol pump,100 mt,0.0,0.0
Bengaluru Dist,Vishwanathapura PS,1.04422e+16,2016,1,1,Road Accidents,Cross roads,Rural Areas,Near Bus stop,Human Error,Not Applicable,Grievous Injury,Hit pedestrian,Controlled,Others,NH,Bitumen(Tar),Dry,Construction Work / Material,Clear,NH 207,Near vishwanathapura bus stop,100,0.0,0.0
Bengaluru Dist,Vishwanathapura PS,1.04422e+16,2016,1,1,Road Accidents,Narrow road,Rural Areas,Near Bus stop,Human Error,No,Simple Injury,Head on,No signal lights,Slight Curve,Others,Bitumen(Tar),Dry,No influence on accident,Clear,Misaganahalli Village Kundana Hobalai Devanahalli Tq,Misaganahalli Village,100 mt,0.0,0.0
Bengaluru Dist,Vishwanathapura PS,1.04422e+16,2016,1,2,Road Accidents,Narrow road,Rural Areas,Open area,Human Error,Yes,Grievous Injury,Hit and Run,Not at  Junction,Slight Curve,Others,Bitumen(Tar),Dry,No influence on accident,Clear,Sundareshwara Nagara Devanahalli-Bommavara Road,Basaveshwara Nagara,100 mt,0.0,0.0
Bengaluru Dist,Vishwanathapura PS,1.04422e+16,2016,1,2,Road Accidents,T Junction,Rural Areas,Near Bus stop,Human Error,No,Simple Injury,Head on,No signal lights,Slight Curve,NH,Bitumen(Tar),Dry,Construction Work / Material,Clear,Vishwanthapura Police Station Opposit Doddaballapura-Devanahalli NH-207,Vishwanathapura Police Station Opposit,200 mt,0.0,0.0
Bengaluru Dist,Vishwanathapura PS,1.04422e+16,2016,1,2,Road Accidents,Junction,Rural Areas,Open area,Human Error,No,Simple Injury,Head on,No signal lights,Slight Curve,NH,Bitumen(Tar),Dry,Construction Work / Material,Clear,Sikayanahalli Gate Devanahalli-Doddaballapura NH-207 Road,Sikayanahalli Gate,100 mt,0.0,0.0
Bengaluru Dist,Vishwanathapura PS,1.04422e+16,2016,1,1,Road Accidents,Other,Rural Areas,Open area,Human Error,Not Applicable,Simple Injury,Skidding or Self accident,Uncontrolled,Straight and flat,State Highway,Bitumen(Tar),Dry,No influence on accident,Clear,Nandi duvanahalli road,kamenahalli main road,50 mt,0.0,0.0
Bengaluru Dist,Vishwanathapura PS,1.04422e+16,2016,1,2,Road Accidents,Narrow road,Rural Areas,Near School or College,Human Error,No,Damage Only,Head on,No signal lights,Slight Curve,NH,Bitumen(Tar),Dry,Construction Work / Material,Clear,NH-207 Devanahalli-Doddaballapura Road Vihan School,Vihan School Opposit,100 mt,0.0,0.0
Bengaluru Dist,Vishwanathapura PS,1.04422e+16,2016,1,2,Road Accidents,Other,Rural Areas,Near School or College,Human Error,No,Grievous Injury,Overturning,Controlled,Straight and flat,NH,Bitumen(Tar),Dry,Construction Work / Material,Clear,NH,Vishwanathapura Road vihan school infornt of,50 mt,0.0,0.0
Bengaluru Dist,Vishwanathapura PS,1.04422e+16,2016,1,2,Road Accidents,Other,Rural Areas,Open area,Human Error,No,Simple Injury,Head on,Uncontrolled,Slight Curve,NH,Bitumen(Tar),Dry,Construction Work / Material,Clear,Dorekavalu Aditya new Town Layout,Aditya New Town layout,150 mt,0.0,0.0
Bengaluru Dist,Vishwanathapura PS,1.04422e+16,2016,1,2,Road Accidents,Narrow road,Rural Areas,Open area,Human Error,No,Fatal,Head on,Uncontrolled,Slight Curve,State Highway,Bitumen(Tar),Dry,No influence on accident,Clear,maligenahalli Gate,Maligenahalli Gate,100 mt,0.0,0.0
Bengaluru Dist,Vishwanathapura PS,1.04422e+16,2016,1,1,Road Accidents,Junction,Rural Areas,Open area,Human Error,No,Fatal,Hit pedestrian,Uncontrolled,Straight and flat,Village Road,Bitumen(Tar),Dry,No influence on accident,Clear,I v c road,kempalingana pura gate,200mt,0.0,0.0
Bengaluru Dist,Vishwanathapura PS,1.04422e+16,2016,1,1,Road Accidents,Other,Rural Areas,Open area,Human Error,No,Not Applicable,Hit animal,Uncontrolled,Slight Curve,Others,Bitumen(Tar),Dry,No influence on accident,Clear,Krishnappa Form House Vaderahalli Road,Vaderahalli Road,100 mt,0.0,0.0
Bengaluru Dist,Vishwanathapura PS,1.04422e+16,2016,1,2,Road Accidents,Other,Villages settlement,Open area,Human Error,No,Simple Injury,Head on,Uncontrolled,Straight and flat,NH,Bitumen(Tar),Dry,Construction Work / Material,Clear,NH 207,Vishwanathapura police stetion opposite,200 mt,0.0,0.0
Bengaluru Dist,Vishwanathapura PS,1.04422e+16,2016,1,2,Road Accidents,Other,Rural Areas,Near Bus stop,Human Error,No,Simple Injury,Head on,Uncontrolled,Straight and flat,State Highway,Bitumen(Tar),Dry,No influence on accident,Clear,Nandi Road,maligenahalli Village,100mt,0.0,0.0
Bengaluru Dist,Vishwanathapura PS,1.04422e+16,2016,1,2,Road Accidents,Other,Rural Areas,Near or inside a village,Human Error,Not Applicable,Grievous Injury,Head on,Controlled,Others,Others,Bitumen(Tar),Dry,Construction Work / Material,Clear,Aradeshanahalli - Basavana pura Near pappanna House,Ivc road,100,0.0,0.0
Bengaluru Dist,Vishwanathapura PS,1.04422e+16,2016,1,2,Road Accidents,Other,Rural Areas,Open area,Human Error,No,Simple Injury,Head on,Uncontrolled,Slight Curve,Village Road,Bitumen(Tar),Dry,No influence on accident,Clear,Bettenahalli road,Bettenahalli road,150mt,0.0,0.0
Bengaluru Dist,Vishwanathapura PS,1.04422e+16,2016,1,2,Road Accidents,Circle,Rural Areas,Open area,Human Error,No,Simple Injury,Rear end,Uncontrolled,Others,Village Road,Bitumen(Tar),Dry,No influence on accident,Clear,Tindlu Circle,Tindlu Circle,150 mt,0.0,0.0
Bengaluru Dist,Vishwanathapura PS,1.04422e+16,2016,1,2,Road Accidents,Other,Rural Areas,Near Petrol Pump,Human Error,Not Applicable,Simple Injury,Head on,Uncontrolled,Others,NH,Bitumen(Tar),Dry,Construction Work / Material,Clear,NH 207 Road,Ambedkar Bhavana,100mt,0.0,0.0
Bengaluru Dist,Vishwanathapura PS,1.04422e+16,2016,1,1,Road Accidents,Other,Rural Areas,Near or inside a village,Human Error,Yes,Fatal,Hit pedestrian,Uncontrolled,Straight and flat,State Highway,Bitumen(Tar),Dry,No influence on accident,Clear,KODAGURKI ROAD,KODAGURKI VILLAGE,200mt,0.0,0.0
Bengaluru Dist,Vishwanathapura PS,1.04422e+16,2016,1,2,Road Accidents,Narrow road,Rural Areas,Near Bus stop,Human Error,Yes,Grievous Injury,Hit and Run,No signal lights,Slight Curve,State Highway,Bitumen(Tar),Dry,No influence on accident,Clear,Karahalli Road Devanahalli-Nanadi Raod,Karahalli Village,150 mt,0.0,0.0
Bengaluru Dist,Vishwanathapura PS,1.04422e+16,2016,1,2,Road Accidents,Other,Rural Areas,Near or inside a village,Human Error,No,Simple Injury,Head on,Uncontrolled,Straight and flat,State Highway,Bitumen(Tar),Dry,No influence on accident,Clear,Nandi duvanahalli road,kodugurki village,200mt,0.0,0.0
Bengaluru Dist,Vishwanathapura PS,1.04422e+16,2016,1,2,Road Accidents,T Junction,Rural Areas,Open area,Human Error,No,Simple Injury,Head on,No signal lights,Slight Curve,Others,Bitumen(Tar),Dry,Construction Work / Material,Clear,Chapparadakallu Near Sharma Form,Sharma Form,100 mt,0.0,0.0
Bengaluru Dist,Vishwanathapura PS,1.04422e+16,2016,1,1,Road Accidents,Other,Rural Areas,Open area,Human Error,Not Applicable,Simple Injury,Hit fixed object,Uncontrolled,Straight and flat,Village Road,Bitumen(Tar),Dry,No influence on accident,Clear,I V C ROAD,I V C Road,100 mt,0.0,0.0
Bengaluru Dist,Vishwanathapura PS,1.04422e+16,2016,1,2,Road Accidents,Other,Rural Areas,Near or inside a village,Human Error,No,Simple Injury,Head on,Uncontrolled,Others,Village Road,Bitumen(Tar),Dry,No influence on accident,Clear,I V C ROAD,Vyali port Oppsit,200 mt,0.0,0.0
Bengaluru Dist,Vishwanathapura PS,1.04422e+16,2016,1,2,Road Accidents,Junction,Rural Areas,Open area,Human Error,No,Fatal,Head on,Stop sign,Slight Curve,NH,Bitumen(Tar),Dry,Construction Work / Material,Clear,NH 207 road,Savakanahalli Gate,50 mt,0.0,0.0
Bengaluru Dist,Vishwanathapura PS,1.04422e+16,2016,1,2,Road Accidents,Other,Rural Areas,Open area,Human Error,No,Fatal,Head on,Uncontrolled,Slight Curve,Village Road,Bitumen(Tar),Dry,No influence on accident,Clear,Uganavadi Kempatimmanahalli Road,Aishwarya lay Out,150mt,0.0,0.0
Bengaluru Dist,Vishwanathapura PS,1.04422e+16,2016,1,2,Road Accidents,Cross roads,Rural Areas,Near Bus stop,Human Error,No,Fatal,Overturning,Uncontrolled,Slight Curve,NH,Bitumen(Tar),Dry,No influence on accident,Clear,Vishwathpura bus stand,Vishwathpura bus stand,150 mt,0.0,0.0
Bengaluru Dist,Vishwanathapura PS,1.04422e+16,2016,1,2,Rail Road Accidents,Narrow road,Rural Areas,Near Bus stop,Human Error,No,Grievous Injury,Head on,No signal lights,Slight Curve,Others,Bitumen(Tar),Dry,No influence on accident,Clear,Maligenahalli Bus Stop Kundana Hobali Devanahalli Tq,Misaganahalli Bus Stop,100 mt,0.0,0.0
Bengaluru Dist,Vishwanathapura PS,1.04422e+16,2016,1,2,Road Accidents,Other,Rural Areas,Open area,Human Error,No,Simple Injury,Head on,Uncontrolled,Straight and flat,Village Road,Bitumen(Tar),Dry,No influence on accident,Clear,MARGONDANAHALLI ROAD,RAKUM SCHOOL NEAR,200,0.0,0.0
Bengaluru Dist,Vishwanathapura PS,1.04422e+16,2016,1,1,Road Accidents,Other,Rural Areas,Open area,Human Error,No,Fatal,Hit pedestrian,Uncontrolled,Slight Curve,Service Road,Bitumen(Tar),Dry,No influence on accident,Clear,mayasandra village,Mayasandra,100 mt,0.0,0.0
Bengaluru Dist,Vishwanathapura PS,1.04422e+16,2016,1,1,Road Accidents,Junction,Rural Areas,Open area,Human Error,Not Applicable,Fatal,Skidding or Self accident,Uncontrolled,Straight and flat,NH,Bitumen(Tar),Dry,Construction Work / Material,Clear,NH207,SHETTARALLI GATE,200mt,0.0,0.0
Bengaluru Dist,Vishwanathapura PS,1.04422e+16,2016,1,1,Road Accidents,Cross roads,Rural Areas,Open area,Human Error,No,Fatal,Hit pedestrian,Uncontrolled,Others,NH,Bitumen(Tar),Dry,No influence on accident,Clear,Marathoma church 207 Road,Marathoma church 207 Road,100 mt,0.0,0.0
Bengaluru Dist,Vishwanathapura PS,1.04422e+16,2016,1,2,Road Accidents,Cross roads,Rural Areas,Near or inside a village,Human Error,Not Applicable,Simple Injury,Head on,Controlled,Curve,NH,Bitumen(Tar),Dry,Construction Work / Material,Clear,NH 207 Road Bydarahalli Village,Bydarahahalli gate,150,0.0,0.0
Bengaluru Dist,Vishwanathapura PS,1.04422e+16,2016,1,2,Road Accidents,Other,Rural Areas,Open area,Human Error,No,Fatal,Head on,Stop sign,Slight Curve,State Highway,Bitumen(Tar),Dry,No influence on accident,Clear,Nandi Road,kodagurki village,300mt,0.0,0.0