DISTRICTNAME,UNITNAME,Crime_No,Year,RI,Noofvehicle_involved,Accident_Classification,Accident_Spot,Accident_Location,Accident_SubLocation,Main_Cause,Hit_Run,Severity,Collision_Type,Junction_Control,Road_Character,Road_Type,Surface_Type,Surface_Condition,Road_Condition,Weather,Accident_Road,Landmark_first,Distance_LandMark_First,Latitude,Longitude
Bengaluru Dist,Vishwanathapura PS,1.04422e+16,2016,1,1,Road Accidents,Other,Villages settlement,Near or inside a village,Human Error,No,Fatal,Skidding or Self accident,Uncontrolled,Straight and flat,Village Road,Bitumen(Tar),Dry,No influence on accident,Clear,I v c road,Singrahalli Grama,100mt,0.0,0.0
Bengaluru Dist,Vishwanathapura PS,1.04422e+16,2016,1,2,Road Accidents,Other,Rural Areas,Near office complex,Human Error,No,Fatal,Skidding or Self accident,Uncontrolled,Straight and flat,State Highway,Bitumen(Tar),Dry,No influence on accident,Clear,Nandi duvanahalli road,kodugurki village,300mt,0.0,0.0
Bengaluru Dist,Vishwanathapura PS,1.04422e+16,2016,1,1,Road Accidents,Circle,Rural Areas,Near Bus stop,Human Error,Yes,Simple Injury,Hit and Run,No signal lights,Slight Curve,State Highway,Bitumen(Tar),Dry,No influence on accident,Clear,Karahalli Cross Devanahalli-Nanadi Raod,Karahalli Cross,150 mt,0.0,0.0
Bengaluru Dist,Vishwanathapura PS,1.04422e+16,2016,1,2,Road Accidents,Circle,Rural Areas,Near Bus stop,Human Error,No,Simple Injury,Head on,No signal lights,Slight Curve,Others,Bitumen(Tar),Dry,No influence on accident,Clear,Thindlu Circule Kundana Hobali Devanahalli Taluk,Thindlu Circule,100 mt,0.0,0.0
Bengaluru Dist,Vishwanathapura PS,1.04422e+16,2016,1,1,Road Accidents,Narrow road,Rural Areas,Near Bus stop,Human Error,No,Simple Injury,Head on,No signal lights,Straight and flat,NH,Bitumen(Tar),Dry,Construction Work / Material,Clear,Near Madduramma Temple Vishwanathapura Village Devanahalli-Doddaballapura NH-207 Road,Madduramma Tempale,150 mt,0.0,0.0
Bengaluru Dist,Vishwanathapura PS,1.04422e+16,2016,1,2,Road Accidents,Other,Rural Areas,Open area,Human Error,No,Simple Injury,Head on,Uncontrolled,Straight and flat,Village Road,Bitumen(Tar),Dry,No influence on accident,Clear,T vasahalli road,T vasahalli near,100 mt,0.0,0.0
Bengaluru Dist,Vishwanathapura PS,1.04422e+16,2016,1,2,Road Accidents,Circle,Rural Areas,Near or inside a village,Human Error,No,Grievous Injury,Head on,Controlled,Straight and flat,State Highway,Bitumen(Tar),Dry,Construction Work / Material,Clear,SH Highy Way,maligenahalli Village,100,0.0,0.0
Bengaluru Dist,Vishwanathapura PS,1.04422e+16,2016,1,2,Road Accidents,Other,Rural Areas,Open area,Human Error,No,Not Applicable,Head on,No signal lights,Slight Curve,NH,Bitumen(Tar),Dry,Construction Work / Material,Clear,Wood Rich Cross Devanahalli-Doddaballapura NH-207 Road,Woodrich Cross,50 mt,0.0,0.0
Bengaluru Dist,Vishwanathapura PS,1.04422e+16,2016,1,2,Road Accidents,Other,Rural Areas,Open area,Human Error,Yes,Simple Injury,Hit and Run,Uncontrolled,Slight Curve,Others,Bitumen(Tar),Dry,No influence on accident,Clear,Kundana Koyira Road Near Krishna Green North,Krishna Green North,100 mt,0.0,0.0
Bengaluru Dist,Vishwanathapura PS,1.04422e+16,2016,1,2,Road Accidents,Narrow road,Rural Areas,Open area,Human Error,No,Damage Only,Head on,No signal lights,Slight Curve,State Highway,Bitumen(Tar),Dry,No influence on accident,Clear,Yambrahalli Gate Devanahalli-Nandhi Road,Yabrahalli Gate,150 mt,0.0,0.0
Bengaluru Dist,Vishwanathapura PS,1.04422e+16,2016,1,2,Road Accidents,Junction,Rural Areas,Near Bus stop,Human Error,No,Simple Injury,Rear end,No signal lights,Slight Curve,NH,Bitumen(Tar),Dry,Construction Work / Material,Clear,Duddanahalli Gate Kundana Hobali Devanahalli Taluk,Duddanahalli Gate,100 mt,0.0,0.0
Bengaluru Dist,Vishwanathapura PS,1.04422e+16,2016,1,2,Road Accidents,Junction,Rural Areas,Near Bus stop,Human Error,No,Fatal,Head on,Uncontrolled,Others,NH,Bitumen(Tar),Dry,Construction Work / Material,Clear,NH 207 Road,aluru duddanlli gate,100 mt,0.0,0.0
Bengaluru Dist,Vishwanathapura PS,1.04422e+16,2017,1,2,Road Accidents,Narrow road,Rural Areas,Near Bus stop,Human Error,Yes,Fatal,Head on,No signal lights,Slight Curve,NH,Bitumen(Tar),Dry,Construction Work / Material,Clear,Shetterahalli Gate Devanahalli-Doddaballapura NH-207 Road,Shetterahalli Gate,100 mt,0.0,0.0
Bengaluru Dist,Vishwanathapura PS,1.04422e+16,2017,1,2,Road Accidents,Curves,Rural Areas,Open area,Human Error,Yes,Grievous Injury,Hit and Run,Stop sign,Curve,Others,Bitumen(Tar),Dry,Not Applicable,Clear,"Infront of Muniramappa Land, Bidaluru Maligenahalli Road, Kasaba Hobali, Devanahalli Taluk",Bidaluru Maligenahalli Road,150mt,0.0,0.0
Bengaluru Dist,Vishwanathapura PS,1.04422e+16,2017,1,1,Road Accidents,Other,Rural Areas,Near or inside a village,Human Error,Not Applicable,Grievous Injury,Others,Not at  Junction,Straight and flat,State Highway,Bitumen(Tar),Dry,Not Applicable,Others,Devanahalli-Nandhi Road Karahalli Village,SH  Road,1,0.0,0.0
Bengaluru Dist,Vishwanathapura PS,1.04422e+16,2017,1,2,Road Accidents,Other,Rural Areas,Near or inside a village,Human Error,No,Grievous Injury,Head on,Not at  Junction,Straight and flat,Village Road,Bitumen(Tar),Dry,Not Applicable,Very Cold,Nandi-Devanahalli  Road,Nandi Devanahalli  Road,2,0.0,0.0
Bengaluru Dist,Vishwanathapura PS,1.04422e+16,2017,1,1,Road Accidents,Other,Rural Areas,Near or inside a village,Not Applicable,Yes,Fatal,Others,Not Applicable,Others,NH,Bitumen(Tar),Dry,Not Applicable,Fine,Devanahalli-Doddaballapura Road,South Side Dorekavalu Village Road,20 ft,0.0,0.0
Bengaluru Dist,Vishwanathapura PS,1.04422e+16,2017,1,3,Road Accidents,Narrow road,Rural Areas,Near or inside a village,Human Error,No,Fatal,Others,Not Applicable,Straight and flat,Village Road,Bitumen(Tar),Dry,Not Applicable,Fine,Neraganahalli Gate Doddaballapura-Devanahalli IVC Road,Near Aminity Layout,8,0.0,0.0
Bengaluru Dist,Vishwanathapura PS,1.04422e+16,2017,1,2,Road Accidents,Other,Rural Areas,Open area,Human Error,No,Simple Injury,Head on,Uncontrolled,Slight Curve,NH,Bitumen(Tar),Dry,No influence on accident,Clear,NH 207 Road,Soluru Gate,100 mt,0.0,0.0
Bengaluru Dist,Vishwanathapura PS,1.04422e+16,2017,1,1,Road Accidents,Other,Rural Areas,Near or inside a village,Human Error,Yes,Grievous Injury,Others,Not at  Junction,Straight and flat,State Highway,Bitumen(Tar),Dry,Not Applicable,Fine,Nandi Road,Nandi road,1,0.0,0.0
Bengaluru Dist,Vishwanathapura PS,1.04422e+16,2017,1,2,Road Accidents,Other,Rural Areas,Near or inside a village,Human Error,No,Grievous Injury,Others,Not at  Junction,Straight and flat,NH,Bitumen(Tar),Ditch or Potholed,Not Applicable,Cloudy,"Devanahalli-Doddaballapura Road, NH-207 Road",Devanahalli Doddaballapura Road NH 207 Road,100,0.0,0.0
Bengaluru Dist,Vishwanathapura PS,1.04422e+16,2017,1,2,Road Accidents,Other,Rural Areas,Near or inside a village,Not Applicable,No,Fatal,Others,Not Applicable,Others,NH,Bitumen(Tar),Dry,Not Applicable,Fine,Devanahalli-Doddaballapura NH-207,North Side Electrical Pole,40 ft,0.0,0.0
Bengaluru Dist,Vishwanathapura PS,1.04422e+16,2017,1,2,Road Accidents,Circle,Rural Areas,Open area,Human Error,Yes,Simple Injury,Head on,No signal lights,Slight Curve,Others,Bitumen(Tar),Dry,No influence on accident,Clear,Kempalinganapura Gate Kasaba Hobali Devanahalli Tq,Kempalinganapura Gate,100 mt,0.0,0.0
Bengaluru Dist,Vishwanathapura PS,1.04422e+16,2017,1,2,Road Accidents,Other,Rural Areas,Open area,Human Error,Yes,Grievous Injury,Hit and Run,Uncontrolled,Straight and flat,NH,Bitumen(Tar),Dry,Engineering Defect of Road,Clear,"Near Shantha Farm, Shetterahalli",Shantha Farm,100 mt,0.0,0.0
Bengaluru Dist,Vishwanathapura PS,1.04422e+16,2017,1,2,Road Accidents,Other,Rural Areas,Open area,Human Error,No,Simple Injury,Head on,Not Applicable,Others,Village Road,Bitumen(Tar),Dry,Not Applicable,Fine,"Binnimangala- Obadenahalli Road,",Obadenahalli Road,50 mt,0.0,0.0
Bengaluru Dist,Vishwanathapura PS,1.04422e+16,2017,1,2,Road Accidents,Other,Rural Areas,Near or inside a village,Not Applicable,No,Fatal,Others,Not Applicable,Others,Village Road,Bitumen(Tar),Dry,Not Applicable,Fine,Chapparakallu Circle-Kundana Circle,East side Light Pole,5 ft,0.0,0.0
Bengaluru Dist,Vishwanathapura PS,1.04422e+16,2017,1,2,Road Accidents,Other,Rural Areas,Open area,Human Error,No,Grievous Injury,Head on,Uncontrolled,Straight and flat,Village Road,Bitumen(Tar),Dry,No influence on accident,Clear,"Bank Circli - Thindlu Village Road, Infront of Shivappa Coconut form,",Thindlu Village,200 Mt,0.0,0.0
Bengaluru Dist,Vishwanathapura PS,1.04422e+16,2017,1,2,Road Accidents,Other,Rural Areas,Open area,Human Error,No,Grievous Injury,Head on,Not at  Junction,Straight and flat,NH,Bitumen(Tar),Dry,Not Applicable,Fine,Devanahalliu Doddaballapura Road,Bommavara Gate,10 mt,0.0,0.0
Bengaluru Dist,Vishwanathapura PS,1.04422e+16,2017,1,1,Road Accidents,Narrow road,Rural Areas,Open area,Human Error,No,Damage Only,Skidding or Self accident,Uncontrolled,Straight and flat,Village Road,Bitumen(Tar),Dry,No influence on accident,Clear,Jutttanahalli Road,Krishnannappa farm,100 mt,0.0,0.0
Bengaluru Dist,Vishwanathapura PS,1.04422e+16,2017,1,2,Road Accidents,Other,Rural Areas,Near School or College,Human Error,No,Simple Injury,Rear end,Uncontrolled,Straight and flat,NH,Bitumen(Tar),Dry,No influence on accident,Clear,"Near Vihan School, Chaparadakallu, Devanahallli Taluk",Vihan School,100 Mt,0.0,0.0
Bengaluru Dist,Vishwanathapura PS,1.04422e+16,2017,1,1,Road Accidents,Other,Villages settlement,Near or inside a village,Not Applicable,No,Grievous Injury,Hit animal,Not at  Junction,Straight and flat,Village Road,Bitumen(Tar),Dry,Not Applicable,Fine,karahalli-Koyira Road,Koyira Karahalli Road,1,0.0,0.0
Bengaluru Dist,Vishwanathapura PS,1.04422e+16,2017,1,3,Road Accidents,Narrow road,Rural Areas,Near Petrol Pump,Not Applicable,Not Applicable,Fatal,Others,Not Applicable,Others,NH,Bitumen(Tar),Dry,Not Applicable,Cloudy,NH-207 Road Devanahalli-Doddaballapura Road,Near Vishwanathapura Bharath Petrol Bunk,50 ft,0.0,0.0
Bengaluru Dist,Vishwanathapura PS,1.04422e+16,2017,1,1,Road Accidents,Other,Villages settlement,Open area,Human Error,Yes,Simple Injury,Hit pedestrian,Uncontrolled,Straight and flat,State Highway,Bitumen(Tar),Dry,No influence on accident,Clear,"Majjigehosahalli Gate, Nandhi Road, Devanahalli Taluk",Devarajappa House,100 Mt,0.0,0.0
Bengaluru Dist,Vishwanathapura PS,1.04422e+16,2017,1,1,Road Accidents,Narrow road,Rural Areas,Open area,Human Error,Not Applicable,Grievous Injury,Hit animal,Controlled,Not Applicable,Others,Bitumen(Tar),Dry,No influence on accident,Fine,Chapparaka Kallu - Kundana Circle Road,Infront of Munivenkatappa form Chapparaka Kallu  Kundana Circle Road,200 Mt,0.0,0.0
Bengaluru Dist,Vishwanathapura PS,1.04422e+16,2017,1,2,Road Accidents,Circle,Rural Areas,Near Bus stop,Human Error,No,Simple Injury,Head on,Uncontrolled,Straight and flat,Major District Road,Bitumen(Tar),Dry,No influence on accident,Clear,"Tindlu circle, IVC Road, Devanahalli Taluk",Thindlu circle,100 Mt,0.0,0.0
Bengaluru Dist,Vishwanathapura PS,1.04422e+16,2017,1,2,Road Accidents,Other,Rural Areas,Near or inside a village,Not Applicable,No,Fatal,Others,Not Applicable,Others,NH,Bitumen(Tar),Dry,Not Applicable,Fine,Devanahalli-Doddaballapura NH-207 Road,South Side Electrical Light Pole,15,0.0,0.0
Bengaluru Dist,Vishwanathapura PS,1.04422e+16,2017,1,2,Road Accidents,Other,Rural Areas,Near School or College,Human Error,Not Applicable,Damage Only,Head on,Uncontrolled,Others,Village Road,Bitumen(Tar),Dry,Pot holed,Clear,Bachahalli road,bachahalli villege,100 mt,0.0,0.0
Bengaluru Dist,Vishwanathapura PS,1.04422e+16,2017,1,2,Road Accidents,Curves,Rural Areas,Near or inside a village,Human Error,No,Grievous Injury,Head on,Uncontrolled,Curve,Village Road,Bitumen(Tar),Dry,No influence on accident,Clear,Mayasandra-Tylagere Road,Rajanna House,100 mt,0.0,0.0
Bengaluru Dist,Vishwanathapura PS,1.04422e+16,2017,1,2,Road Accidents,Cross roads,Rural Areas,Open area,Human Error,No,Grievous Injury,Head on,Not at  Junction,Straight and flat,Village Road,Bitumen(Tar),Dry,Not Applicable,Fine,chapparakallu-Kundana Cricle,chapparada kallu road,1,0.0,0.0
Bengaluru Dist,Vishwanathapura PS,1.04422e+16,2017,1,2,Road Accidents,Other,Rural Areas,Near or inside a village,Not Applicable,No,Fatal,Others,Not Applicable,Others,Village Road,Bitumen(Tar),Dry,Not Applicable,Fine,Devanahalli-Nandhi Road,South Side Yambrahlli Village Road,100 ft,0.0,0.0
Bengaluru Dist,Vishwanathapura PS,1.04422e+16,2017,1,2,Road Accidents,Junction,Rural Areas,Open area,Human Error,No,Fatal,Rear end,Uncontrolled,Slight Curve,NH,Bitumen(Tar),Dry,Construction Work / Material,Clear,NH 207 Road,Aluru Duddanahallin Gate,150mt,0.0,0.0
Bengaluru Dist,Vishwanathapura PS,1.04422e+16,2017,1,2,Road Accidents,Other,Rural Areas,Near a factory industrial area,Human Error,Not Applicable,Simple Injury,Head on,Uncontrolled,Others,Village Road,Bitumen(Tar),Dry,Not Applicable,Clear,chapparadad kohira road,shivagi granait factory,100 mt,0.0,0.0
Bengaluru Dist,Vishwanathapura PS,1.04422e+16,2017,1,2,Road Accidents,Other,Rural Areas,Open area,Human Error,No,Fatal,Rear end,Uncontrolled,Straight and flat,NH,Bitumen(Tar),Wet,Engineering Defect of Road,Cloudy,"Near Anjaneya Temple, Lakshmipura, Devanahalli Taluk",Anjaneya swami temple,200 Mt,0.0,0.0
Bengaluru Dist,Vishwanathapura PS,1.04422e+16,2017,1,2,Road Accidents,Other,Rural Areas,Near School or College,Human Error,Yes,Fatal,Hit and Run,Stop sign,Straight and flat,NH,Bitumen(Tar),Dry,Not Applicable,Clear,"Devanahalli-Doddaballapura Road, NH-207 Road",Devanahalli Doddaballapura Road NH 207 Road,200 Mt,0.0,0.0
Bengaluru Dist,Vishwanathapura PS,1.04422e+16,2017,1,1,Road Accidents,Narrow road,Rural Areas,Near or inside a village,Human Error,No,Simple Injury,Skidding or Self accident,Uncontrolled,Straight and flat,Village Road,Bitumen(Tar),Dry,No influence on accident,Clear,Sadahalli Nagamanga Road,Subbanna House,100 mt,0.0,0.0
Bengaluru Dist,Vishwanathapura PS,1.04422e+16,2018,1,2,Road Accidents,Curves,Rural Areas,Open area,Human Error,No,Grievous Injury,Others,Not at  Junction,Slight Curve,NH,Bitumen(Tar),Dry,No influence on accident,Fine,"Devanahalli-Doddaballapura Road, NH-207 Road",NH 207,207,0.0,0.0
Bengaluru Dist,Vishwanathapura PS,1.04422e+16,2018,1,1,Road Accidents,Narrow road,Villages settlement,Residential area,Human Error,No,Fatal,Others,Not at  Junction,Others,NH,Bitumen(Tar),Dry,Not Applicable,Fine,D.B Pura Devanahalli NH 207  Road Viswanathapura(v),Viswanathapura,20,0.0,0.0
Bengaluru Dist,Vishwanathapura PS,1.04422e+16,2018,1,2,Road Accidents,Curves,Rural Areas,Near or inside a village,Not Applicable,No,Grievous Injury,Others,Not Applicable,Others,Village Road,Bitumen(Tar),Dry,Not Applicable,Clear,Devanahalli-Doddaballapura IVC Road,Near Church,150 Ft,0.0,0.0
Bengaluru Dist,Vishwanathapura PS,1.04422e+16,2018,1,2,Road Accidents,Cross roads,Rural Areas,Open area,Human Error,No,Simple Injury,Head on,Controlled,Curve,Village Road,Bitumen(Tar),Dry,Not Applicable,Fine,Chikkannahosahalli Ardeshalli,Village Road,1,0.0,0.0
Bengaluru Dist,Vishwanathapura PS,1.04422e+16,2018,1,1,Road Accidents,Narrow road,Rural Areas,Open area,Human Error,No,Fatal,Others,Not at  Junction,Others,Others,Surfaced,Dry,Not Applicable,Fine,Devanahalli-Uganavadi road Basavaraju Land,Devanahalli Uganavadi road Basavaraju Land,10 Ft,0.0,0.0
Bengaluru Dist,Vishwanathapura PS,1.04422e+16,2018,1,2,Road Accidents,Other,Rural Areas,Near or inside a village,Human Error,No,Grievous Injury,Others,Not at  Junction,Straight and flat,NH,Bitumen(Tar),Dry,No influence on accident,Fine,"Devanahalli-Doddaballapura Road, NH-207 Road",Devanahalli Doddaballapura Road NH 207 Road,1,0.0,0.0
Bengaluru Dist,Vishwanathapura PS,1.04422e+16,2018,1,1,Road Accidents,Other,Rural Areas,Near or inside a village,Not Applicable,No,Fatal,Others,Not Applicable,Others,Village Road,Bitumen(Tar),Dry,Not Applicable,Fine,Chapparadakallu-Koira Road,East Side Electrical Light Pole,10 ft,0.0,0.0
Bengaluru Dist,Vishwanathapura PS,1.04422e+16,2018,1,2,Road Accidents,Other,Rural Areas,Near or inside a village,Human Error,No,Damage Only,Others,Not at  Junction,Straight and flat,NH,Bitumen(Tar),Dry,Not Applicable,Cloudy,"Devanahalli-Doddaballapura Road, NH-207 Road",NH 207,1,0.0,0.0
Bengaluru Dist,Vishwanathapura PS,1.04422e+16,2018,1,2,Road Accidents,Narrow road,Villages settlement,Near Bus stop,Human Error,No,Fatal,Others,Not at  Junction,Not Applicable,NH,Surfaced,Dry,Not Applicable,Fine,Devanahalli D.B.Pura Road,Near Viswanathapura bus stop,20,0.0,0.0
Bengaluru Dist,Vishwanathapura PS,1.04422e+16,2018,1,2,Road Accidents,Circle,Villages settlement,Open area,Human Error,No,Grievous Injury,Head on,Not at  Junction,Others,Village Road,Bitumen(Tar),Wet,Not Applicable,Fine,IVC road Tindlu circle,1,1,0.0,0.0
Bengaluru Dist,Vishwanathapura PS,1.04422e+16,2018,1,2,Road Accidents,Other,Rural Areas,Near or inside a village,Human Error,No,Grievous Injury,Others,Not Applicable,Others,Village Road,Bitumen(Tar),Dry,Not Applicable,Clear,Bacchalli-Bannimangala Road,Bacchalli Kere eri,25 Ft,0.0,0.0
Bengaluru Dist,Vishwanathapura PS,1.04422e+16,2018,1,1,Road Accidents,Narrow road,Rural Areas,Open area,Human Error,No,Fatal,Others,Not at  Junction,Not Applicable,NH,Surfaced,Dry,Not Applicable,Fine,D.B Pura Devanahalli NH 207  Road Viswanathapura(v),Byradenahalli Gate,20,0.0,0.0
Bengaluru Dist,Vishwanathapura PS,1.04422e+16,2018,1,2,Road Accidents,Cross roads,Rural Areas,Near or inside a village,Human Error,No,Damage Only,Others,Not at  Junction,Straight and flat,Others,Bitumen(Tar),Dry,No influence on accident,Very Cold,Devanahalli-Nandhi Road Karahalli Village,Devanahalli  Nandi  Road,1,0.0,0.0
Bengaluru Dist,Vishwanathapura PS,1.04422e+16,2018,1,1,Road Accidents,Other,Rural Areas,Near or inside a village,Human Error,No,Grievous Injury,Skidding or Self accident,Not Applicable,Others,Village Road,Bitumen(Tar),Dry,Not Applicable,Fine,Other road,1,1,0.0,0.0
Bengaluru Dist,Vishwanathapura PS,1.04422e+16,2018,1,1,Road Accidents,Other,Rural Areas,Near or inside a village,Human Error,Yes,Grievous Injury,Hit and Run,Controlled,Straight and flat,Others,Bitumen(Tar),Dry,Not Applicable,Fine,Devanahalli-Nandhi Road Karahalli Village,1,1,0.0,0.0
Bengaluru Dist,Vishwanathapura PS,1.04422e+16,2018,1,2,Road Accidents,Narrow road,Rural Areas,Near or inside a village,Human Error,No,Grievous Injury,Head on,Not at  Junction,Not Applicable,State Highway,Bitumen(Tar),Dry,Not Applicable,Cloudy,Devanahalli-Nandi Road,Green Dhaba,1,0.0,0.0
Bengaluru Dist,Vishwanathapura PS,1.04422e+16,2018,1,1,Road Accidents,Not Applicable,Rural Areas,Near or inside a village,Human Error,No,Grievous Injury,Others,Not at  Junction,Others,State Highway,Bitumen(Tar),Dry,Not Applicable,Fine,Devanahalli-Nandhi Road Karahalli Village,Nandi road,1,0.0,0.0
Bengaluru Dist,Vishwanathapura PS,1.04422e+16,2018,1,1,Road Accidents,Road hump or Rumble strips,Rural Areas,Open area,Human Error,Not Applicable,Grievous Injury,Others,Not Applicable,Hump,Village Road,Bitumen(Tar),Dry,Not Applicable,Fine,Devaganahalli-Uganavadi,Devaganahalli Uganavadi,1,0.0,0.0
Bengaluru Dist,Vishwanathapura PS,1.04422e+16,2018,1,1,Road Accidents,Narrow road,Villages settlement,Residential area,Human Error,Yes,Fatal,Others,Not at  Junction,Others,Residential Street,Bitumen(Tar),Dry,Not Applicable,Fine,Uganavadi (v) Lakshmana Hose,Uganavadi Lakshmana Hose,20,0.0,0.0
Bengaluru Dist,Vishwanathapura PS,1.04422e+16,2018,1,1,Road Accidents,Circle,Rural Areas,Near Bus stop,Human Error,Yes,Fatal,Hit and Run,Not at  Junction,Straight and flat,NH,Bitumen(Tar),Dry,Not Applicable,Fine,D.B Pura Devanahalli NH 207  Road Viswanathapura(v),Chapparadakallu,20,0.0,0.0
Bengaluru Dist,Vishwanathapura PS,1.04422e+16,2018,1,1,Road Accidents,Y Junction,Rural Areas,Open area,Human Error,No,Grievous Injury,Overturning,Not at  Junction,Others,NH,Bitumen(Tar),Dry,Not Applicable,Others,"Devanahalli-Doddaballapura Road, NH-207 Road",1,1,0.0,0.0
Bengaluru Dist,Vishwanathapura PS,1.04422e+16,2018,1,1,Road Accidents,Narrow road,Rural Areas,Open area,Human Error,No,Fatal,Hit pedestrian,Not at  Junction,Straight and flat,NH,Bitumen(Tar),Dry,Not Applicable,Fine,Devanahalli D.B.Pura Road,D B Pura Devanahalli NH 207  Road Near Dorekavalu Gate,10,0.0,0.0
Bengaluru Dist,Vishwanathapura PS,1.04422e+16,2018,1,1,Road Accidents,Other,Rural Areas,Near or inside a village,Not Applicable,No,Fatal,Others,Not Applicable,Others,NH,Bitumen(Tar),Dry,Not Applicable,Fine,Doddaballapura-Devanahalli NH-207 Road,North Side Beerasandra Village Road,50 ft,0.0,0.0
Bengaluru Dist,Vishwanathapura PS,1.04422e+16,2018,1,2,Road Accidents,Other,Rural Areas,Near or inside a village,Human Error,No,Damage Only,Others,Not at  Junction,Straight and flat,Village Road,Bitumen(Tar),Dry,No influence on accident,Fine,Devanahalli-Nandhi Road Karahalli Village,Devanahalli  Nandi  Road,1,0.0,0.0
Bengaluru Dist,Vishwanathapura PS,1.04422e+16,2018,1,2,Road Accidents,Narrow road,Rural Areas,Near or inside a village,Human Error,Not Applicable,Simple Injury,Others,Not Applicable,Others,State Highway,Bitumen(Tar),Dry,Not Applicable,Cloudy,Devanahalli-Nandi Road,Near Telicom Lay Out,50 Ft,0.0,0.0
Bengaluru Dist,Vishwanathapura PS,1.04422e+16,2018,1,3,Road Accidents,Other,Rural Areas,Open area,Human Error,No,Grievous Injury,Others,Not at  Junction,Straight and flat,NH,Bitumen(Tar),Dry,No influence on accident,Fine,NH 207 road,NH 207,1,0.0,0.0
Bengaluru Dist,Vishwanathapura PS,1.04422e+16,2018,1,1,Not Applicable,Other,Rural Areas,Open area,Human Error,No,Grievous Injury,Others,Not Applicable,Others,Village Road,Bitumen(Tar),Dry,Not Applicable,Others,BSF Karahalli,1,1,0.0,0.0
Bengaluru Dist,Vishwanathapura PS,1.04422e+16,2019,1,2,Road Accidents,Narrow road,Rural Areas,Near or inside a village,Human Error,No,Grievous Injury,Vehicle to Vehicle,Not at  Junction,Straight and flat,State Highway,Bitumen(Tar),Dry,No influence on accident,Clear,Devanahalli-Nandhi Road Maligenahalli Village,Devanahalli  Nandi  Road,1,13.328448,77.690018
Bengaluru Dist,Vishwanathapura PS,1.04422e+16,2019,1,2,Road Accidents,Circle,Rural Areas,Open area,Human Error,No,Damage Only,Vehicle to Vehicle,No signal lights,Straight and flat,Two way,Bitumen(Tar),Dry,No influence on accident,Clear,IVC road Tindlu circle,1,1,13.203643,77.576646
Bengaluru Dist,Vishwanathapura PS,1.04422e+16,2019,1,1,Road Accidents,Narrow road,Rural Areas,Near or inside a village,Human Error,No,Damage Only,Not Applicable,Not at  Junction,Straight and flat,State Highway,Bitumen(Tar),Dry,No influence on accident,Clear,Devanahalli-Nandhi Road Majjigeosahalli Village,1,1,13.310898,77.635439
Bengaluru Dist,Vishwanathapura PS,1.04422e+16,2019,1,2,Road Accidents,Cross roads,Rural Areas,Near Hospital,Human Error,No,Grievous Injury,Vehicle to Vehicle,No signal lights,Straight and flat,NH,Bitumen(Tar),Dry,No influence on accident,Cloudy,Devanahalli-Doddaballapura NH-207 Road,Near Government Hospital Direction Board,10ft,13.273659,77.65717
Bengaluru Dist,Vishwanathapura PS,1.04422e+16,2019,1,2,Road Accidents,Circle,Rural Areas,Open area,Human Error,No,Grievous Injury,Vehicle to Vehicle,Controlled,Straight and flat,Others,Bitumen(Tar),Dry,Not Applicable,Clear,"Uganawadi-Thindlu Circle IVC Road, Thindlu Circle",Near Thindlu Circle,6 KM,13.230517,77.607276
Bengaluru Dist,Vishwanathapura PS,1.04422e+16,2019,1,2,Road Accidents,Narrow road,Rural Areas,Near Bus stop,Human Error,No,Grievous Injury,Vehicle to Vehicle,Controlled,Straight and flat,State Highway,Bitumen(Tar),Dry,No influence on accident,Clear,"Devanahalli-Nandi Road,Kodugurki,Near Prestige Golf Shaire",Near Prestige Golf Shaire,10,13.307549,77.697877
Bengaluru Dist,Vishwanathapura PS,1.04422e+16,2019,1,2,Road Accidents,Narrow road,Rural Areas,Near Petrol Pump,Human Error,No,Fatal,Rear end,Not Applicable,Not Applicable,NH,Bitumen(Tar),Dry,Construction Work / Material,Fine,NH 207,Patel Tanu Daba,20,13.260295,77.581425
Bengaluru Dist,Vishwanathapura PS,1.04422e+16,2019,1,2,Road Accidents,Curves,Rural Areas,Open area,Human Error,No,Grievous Injury,Vehicle to Vehicle,Not at  Junction,Curve,Others,Bitumen(Tar),Dry,Not Applicable,Fine,Meesaganahalli - Tylagere Road,1,1,13.319044,77.645661
Bengaluru Dist,Vishwanathapura PS,1.04422e+16,2019,1,2,Road Accidents,Narrow road,Rural Areas,Near Petrol Pump,Human Error,No,Fatal,Others,Not at  Junction,Others,NH,Bitumen(Tar),Dry,Not Applicable,Fine,Near Beerasandra,DB Pura Devanahalli NH 207  Road,20,13.279173,77.62585
Bengaluru Dist,Vishwanathapura PS,1.04422e+16,2019,1,2,Road Accidents,Narrow road,Rural Areas,Near Petrol Pump,Human Error,No,Grievous Injury,Vehicle to Vehicle,Not at  Junction,Straight and flat,NH,Bitumen(Tar),Dry,No influence on accident,Clear,Devanahalli-Doddballapura NH-207 Road,Near Krishna Water Service Station,20ft,13.277621,77.628789