DISTRICTNAME,UNITNAME,Crime_No,Year,RI,Noofvehicle_involved,Accident_Classification,Accident_Spot,Accident_Location,Accident_SubLocation,Main_Cause,Hit_Run,Severity,Collision_Type,Junction_Control,Road_Character,Road_Type,Surface_Type,Surface_Condition,Road_Condition,Weather,Accident_Road,Landmark_first,Distance_LandMark_First,Latitude,Longitude
Bengaluru Dist,Vishwanathapura PS,1.04422e+16,2022,1,2,Road Accidents,Not Applicable,Rural Areas,Near Bus stop,Human Error,Not Applicable,Damage Only,Vehicle to Vehicle,Uncontrolled,Straight and flat,NH,Bitumen(Tar),Dry,Not Applicable,Fine,Beerasandra gate,Devanahalli Doddaballapura Road,70 Ft,13.280807,77.621377
Bengaluru Dist,Vishwanathapura PS,1.04422e+16,2022,1,3,Road Accidents,Narrow road,Rural Areas,Residential area,Human Error,No,Simple Injury,Vehicle to Vehicle,Not Applicable,Straight and flat,Residential Street,Bitumen(Tar),Dry,Not Applicable,Fine,Devanahalli Nandi hills Road,60 Ft from Hangout Restorant,15 km,0.0,0.0
Bengaluru Dist,Vishwanathapura PS,1.04422e+16,2022,1,2,Road Accidents,Narrow road,Rural Areas,Near School or College,Human Error,Yes,Grievous Injury,Vehicle to Vehicle,Controlled,Straight and flat,NH,Bitumen(Tar),Dry,No influence on accident,Others,Devanahalli - Doddaballapura NH 207,1,1,13.251712,77.634079
Bengaluru Dist,Vishwanathapura PS,1.04422e+16,2022,1,2,Road Accidents,Junction,Rural Areas,Open area,Human Error,No,Fatal,Vehicle to Vehicle,No signal lights,Not Applicable,Others,Bitumen(Tar),Dry,Not Applicable,Fine,"IVC Road, Kannamangala palya gate, Devanahalli Tq",Electric pole,15 ft,13.271716,77.674341
Bengaluru Dist,Vishwanathapura PS,1.04422e+16,2022,1,2,Road Accidents,Circle,Rural Areas,Near Bus stop,Human Error,Not Applicable,Simple Injury,Vehicle to Vehicle,Controlled,Straight and flat,Others,Bitumen(Tar),Dry,No influence on accident,Clear,Other Road,Thindlu Circle,8,13.231363,77.607479
Bengaluru Dist,Vishwanathapura PS,1.04422e+16,2022,1,2,Road Accidents,Narrow road,Rural Areas,Open area,Human Error,No,Fatal,Vehicle to Vehicle,Not at  Junction,Straight and flat,NH,Bitumen(Tar),Dry,Not Applicable,Fine,Doddaballapura Devanahalli Road NH 207,Near Lakshmipura Anjaneya Swamy Temple,150,13.268193,77.66643
Bengaluru Dist,Vishwanathapura PS,1.04422e+16,2022,1,2,Road Accidents,Not Applicable,Rural Areas,Residential area,Not Applicable,Not Applicable,Grievous Injury,Not Applicable,Not Applicable,Not Applicable,Others,Bitumen(Tar),Dry,Not Applicable,Fine,savakanahalli to savakanahalli gate,near chanda gowda house,"10 k,m",0.0,0.0
Bengaluru Dist,Vishwanathapura PS,1.04422e+16,2022,1,2,Road Accidents,Not Applicable,Rural Areas,Near School or College,Human Error,No,Grievous Injury,Vehicle to Vehicle,Not at  Junction,Straight and flat,NH,Bitumen(Tar),Dry,No influence on accident,Fine,National Highway,Infront of Subbanna Land,1,0.0,0.0
Bengaluru Dist,Vishwanathapura PS,1.04422e+16,2022,1,2,Not Applicable,Curves,Rural Areas,Open area,Human Error,No,Grievous Injury,Vehicle to Vehicle,Not Applicable,Not Applicable,Others,Kutcha,Dry,Not Applicable,Fine,Hegganahalli- Singrahalli road,Hegganahalli Gate,100,13.327472,77.678135
Bengaluru Dist,Vishwanathapura PS,1.04422e+16,2022,1,2,Road Accidents,Narrow road,Rural Areas,Near office complex,Human Error,No,Fatal,Vehicle to Vehicle,Not at  Junction,Straight and flat,Service Road,Bitumen(Tar),Dry,No influence on accident,Clear,Service Road,Infront of Shyamanna Land  Near Beerasandra Gate,0.5 KM,0.0,0.0
Bengaluru Dist,Vishwanathapura PS,1.04422e+16,2022,1,2,Road Accidents,Not Applicable,Rural Areas,Near Bus stop,Human Error,Not Applicable,Grievous Injury,Vehicle to Vehicle,Not Applicable,Straight and flat,NH,Bitumen(Tar),Dry,Not Applicable,Fine,Devanahalli- Doddaballapura Roqd,Shetterahalli gate,01 Km,13.267427,77.67844
Bengaluru Dist,Vishwanathapura PS,1.04422e+16,2022,1,2,Road Accidents,Narrow road,Rural Areas,Open area,Human Error,No,Fatal,Vehicle to Vehicle,Not at  Junction,Straight and flat,Others,Bitumen(Tar),Dry,Not Applicable,Fine,Chapparakallu thindlu Road,Electric pole,12ft,13.253481,77.616357
Bengaluru Dist,Vishwanathapura PS,1.04422e+16,2022,1,2,Road Accidents,Not Applicable,Rural Areas,Near a religious place,Human Error,Not Applicable,Grievous Injury,Not Applicable,Not Applicable,Others,Service Road,Bitumen(Tar),Dry,Not Applicable,Fine,Devanahalli - Doddaballapura,Marthoma Church Beerasandra Gate,01Km,13.280607,77.613144
Bengaluru Dist,Vishwanathapura PS,1.04422e+16,2022,1,1,Road Accidents,Not Applicable,Rural Areas,Near Bus stop,Human Error,Yes,Grievous Injury,Not Applicable,Not at  Junction,Others,Service Road,Concrete,Dry,Not Applicable,Fine,Karahalli Cross Chikkaballapura Roqd,Nandii View Layout,01Km,0.0,0.0
Bengaluru Dist,Vishwanathapura PS,1.04422e+16,2022,1,2,Road Accidents,Cross roads,Rural Areas,Near Bus stop,Human Error,No,Grievous Injury,Vehicle to Vehicle,Controlled,Others,State Highway,Bitumen(Tar),Dry,No influence on accident,Clear,Devanahalli-Nandi Road,1,1,13.348705,77.686298
Bengaluru Dist,Vishwanathapura PS,1.04422e+16,2022,1,2,Road Accidents,Narrow road,Rural Areas,Near Bus stop,Human Error,Yes,Grievous Injury,Vehicle to Vehicle,Not Applicable,Straight and flat,NH,Bitumen(Tar),Dry,No influence on accident,Clear,National Highway,Near Aluru Duddanahalli Gate,2,0.0,0.0
Bengaluru Dist,Vishwanathapura PS,1.04422e+16,2022,1,2,Road Accidents,Narrow road,Rural Areas,Near or inside a village,Human Error,Yes,Grievous Injury,Vehicle to Vehicle,Not at  Junction,Straight and flat,State Highway,Concrete,Dry,No influence on accident,Clear,Nandi Devanahalli Road,Near Maligenahalli Gate,10,0.0,0.0
Bengaluru Dist,Vishwanathapura PS,1.04422e+16,2022,1,2,Road Accidents,Narrow road,Rural Areas,Near Bus stop,Human Error,No,Damage Only,Vehicle to Vehicle,Uncontrolled,Straight and flat,NH,Bitumen(Tar),Dry,Construction Work / Material,Clear,NH,Vishwanathapura Bus Stand,2,13.271958,77.649095
Bengaluru Dist,Vishwanathapura PS,1.04422e+16,2022,1,2,Road Accidents,Cross roads,Rural Areas,Near or inside a village,Human Error,No,Grievous Injury,Vehicle to Vehicle,Controlled,Straight and flat,Mixed,Bitumen(Tar),Dry,Construction Work / Material,Fine,Devanahalli - Doddaballapura NH Road,1,1,13.282147,77.615713
Bengaluru Dist,Vishwanathapura PS,1.04422e+16,2022,1,1,Not Applicable,Narrow road,Rural Areas,Residential area,Human Error,Yes,Grievous Injury,Not Applicable,Not at  Junction,Straight and flat,State Highway,Bitumen(Tar),Dry,No influence on accident,Clear,State Highway,Near Prestige Golf Shaire,10,0.0,0.0
Bengaluru Dist,Vishwanathapura PS,1.04422e+16,2022,1,2,Road Accidents,Narrow road,Rural Areas,Near Bus stop,Human Error,Not Applicable,Grievous Injury,Vehicle to Vehicle,Not Applicable,Straight and flat,Others,Bitumen(Tar),Dry,No influence on accident,Clear,IVC Road,Infront of Kempathimmanahalli Vijaykumar Land,10,13.263734,77.655183
Bengaluru Dist,Vishwanathapura PS,1.04422e+16,2022,1,2,Road Accidents,Narrow road,Rural Areas,Near Bus stop,Human Error,Not Applicable,Grievous Injury,Vehicle to Vehicle,Not Applicable,Straight and flat,State Highway,Bitumen(Tar),Dry,No influence on accident,Clear,State Highway,Infront of Byregowda Land Devanahalli Nandi Road,10,13.316795,77.6951199
Bengaluru Dist,Vishwanathapura PS,1.04422e+16,2022,1,2,Road Accidents,Circle,Rural Areas,Near Bus stop,Human Error,Not Applicable,Simple Injury,Vehicle to Vehicle,Controlled,Straight and flat,Others,Bitumen(Tar),Dry,No influence on accident,Clear,Other Road,Thindlu Circle,8,13.231366,77.607464
Bengaluru Dist,Vishwanathapura PS,1.04422e+16,2022,1,2,Road Accidents,Narrow road,Rural Areas,Open area,Human Error,No,Fatal,Vehicle to Vehicle,Not Applicable,Straight and flat,NH,Bitumen(Tar),Dry,Not Applicable,Fine,Near D C Office,Chikkaobadhanahalli Road,150,13.300851,77.700062
Bengaluru Dist,Vishwanathapura PS,1.04422e+16,2022,1,2,Road Accidents,Not Applicable,Rural Areas,Residential area,Human Error,No,Grievous Injury,Vehicle to Vehicle,No signal lights,Straight and flat,State Highway,Bitumen(Tar),Dry,No influence on accident,Fine,Devanahalli-Nandi Road,1,1,13.325791,77.687265
Bengaluru Dist,Vishwanathapura PS,1.04422e+16,2022,1,2,Road Accidents,Not Applicable,Rural Areas,Residential area,Human Error,Not Applicable,Simple Injury,Vehicle to Vehicle,Not Applicable,Others,One way,Bitumen(Tar),Dry,Not Applicable,Fine,Maligenahalli Gate - Bidaluru Village Road,Ramanjinappa Koli Param,01Km,13.28738,77.700347
Bengaluru Dist,Vishwanathapura PS,1.04422e+16,2022,1,2,Road Accidents,Not Applicable,Rural Areas,Open area,Human Error,No,Grievous Injury,Vehicle to Vehicle,Not at  Junction,Straight and flat,Others,Bitumen(Tar),Dry,No influence on accident,Fine,Sadahalli Road,1,1,13.222682,77.651366
Bengaluru Dist,Vishwanathapura PS,1.04422e+16,2022,1,2,Rail Road Accidents,Narrow road,Rural Areas,Residential area,Human Error,No,Grievous Injury,Vehicle to Vehicle,Not Applicable,Straight and flat,NH,Surfaced,Dry,No influence on accident,Clear,"Devanahalli-Doddaballapura Road,  NH 207",Devanahalli Doddaballapura Road,10,0.0,0.0
Bengaluru Dist,Vishwanathapura PS,1.04422e+16,2022,1,3,Road Accidents,Not Applicable,Rural Areas,Near a religious place,Human Error,No,Grievous Injury,Vehicle to Vehicle,Controlled,Straight and flat,State Highway,Bitumen(Tar),Dry,No influence on accident,Fine,Devanahalli-Nandi Road,1,1,13.216515,77.645009
Bengaluru Dist,Vishwanathapura PS,1.04422e+16,2022,1,1,Road Accidents,Not Applicable,Rural Areas,Open area,Human Error,No,Simple Injury,Not Applicable,Controlled,Others,Others,Bitumen(Tar),Dry,Not Applicable,Others,Tindlu Road,1,1,13.23913,77.578025
Bengaluru Dist,Vishwanathapura PS,1.04422e+16,2022,1,2,Road Accidents,Circle,Rural Areas,Residential area,Human Error,Not Applicable,Simple Injury,Not Applicable,Not Applicable,Curve,Others,Bitumen(Tar),Dry,Not Applicable,Fine,Kundana Circle,Kundana circle,01Km,0.0,0.0
Bengaluru Dist,Vishwanathapura PS,1.04422e+16,2022,1,2,Road Accidents,Narrow road,Rural Areas,Near School or College,Human Error,No,Grievous Injury,Vehicle to Vehicle,No signal lights,Straight and flat,NH,Bitumen(Tar),Dry,No influence on accident,Fine,Devanahalli - Doddaballapura NH Road,1,10,13.277648,77.630643
Bengaluru Dist,Vishwanathapura PS,1.04422e+16,2022,1,1,Not Applicable,Not Applicable,Rural Areas,Open area,Human Error,No,Damage Only,Not Applicable,Not Applicable,Others,Others,Bitumen(Tar),Dry,No influence on accident,Others,Tindlu Ramagiri Road,1,1,13.2881,77.691369
Bengaluru Dist,Vishwanathapura PS,1.04422e+16,2022,1,2,Road Accidents,Narrow road,Rural Areas,Open area,Human Error,No,Fatal,Vehicle to Vehicle,Not Applicable,Not Applicable,NH,Bitumen(Tar),Dry,Not Applicable,Fine,NH 207,SHIVANNA LAND,30,13.250938,77.638519
Bengaluru Dist,Vishwanathapura PS,1.04422e+16,2022,1,2,Road Accidents,Not Applicable,Rural Areas,Residential area,Human Error,Not Applicable,Grievous Injury,Vehicle to Vehicle,Not Applicable,Straight and flat,NH,Bitumen(Tar),Dry,Not Applicable,Fine,Devanahalli - Doddaballapura NH 207,Vishwanathapura Village,01Km,13.272048,77.648917
Bengaluru Dist,Vishwanathapura PS,1.04422e+16,2022,1,2,Road Accidents,Narrow road,Rural Areas,Near or inside a village,Human Error,No,Damage Only,Vehicle to Vehicle,Not at  Junction,Straight and flat,State Highway,Bitumen(Tar),Dry,Not Applicable,Clear,State Highway,Infront of Ramanjinappa Land Near Cloud Nandi Dhaba,10,13.293009,77.638404
Bengaluru Dist,Vishwanathapura PS,1.04422e+16,2022,1,2,Road Accidents,Narrow road,Rural Areas,Near a religious place,Human Error,No,Fatal,Vehicle to Vehicle,Not Applicable,Straight and flat,NH,Bitumen(Tar),Dry,No influence on accident,Clear,National Highway,Infront of Raju Land Near Lakshmipura Gate,4Km,13.268434,77.6662909
Bengaluru Dist,Vishwanathapura PS,1.04422e+16,2022,1,2,Road Accidents,Not Applicable,Rural Areas,Open area,Human Error,No,Grievous Injury,Vehicle to Vehicle,Not Applicable,Straight and flat,NH,Bitumen(Tar),Dry,Not Applicable,Fine,Doddaballapura-Devanahalli Raod,Narr Beerasandra Gate,2 k m,13.281384,77.61365
Bengaluru Dist,Vishwanathapura PS,1.04422e+16,2022,1,1,Road Accidents,Narrow road,Rural Areas,Near or inside a village,Human Error,Not Applicable,Fatal,Hit pedestrian,Not at  Junction,Straight and flat,State Highway,Bitumen(Tar),Dry,No influence on accident,Cloudy,State Highway,Infront of Hanumantharayappa Land,10,0.0,0.0
Bengaluru Dist,Vishwanathapura PS,1.04422e+16,2022,1,2,Road Accidents,Not Applicable,Rural Areas,Near Bus stop,Human Error,No,Not Applicable,Vehicle to Vehicle,Not Applicable,Not Applicable,Others,Bitumen(Tar),Dry,Not Applicable,Fine,Nindhi hills-to - Devanahlli  Road,Majjige hosahalli,"15 K,M",0.0,0.0
Bengaluru Dist,Vishwanathapura PS,1.04422e+16,2023,1,2,Road Accidents,Not Applicable,Rural Areas,Near Bus stop,Not Applicable,No,Simple Injury,Vehicle to Vehicle,Not Applicable,Straight and flat,Others,Concrete,Dry,No influence on accident,Clear,Devanahalli -Nandhi Road,Devanahalli Nandhi Road,10,13.328239,77.690471
Bengaluru Dist,Vishwanathapura PS,1.04422e+16,2023,1,2,Road Accidents,Cross roads,Rural Areas,Open area,Not Applicable,No,Grievous Injury,Vehicle to Vehicle,Not Applicable,Curve,Others,Not Applicable,Dry,Not Applicable,Fine,Doddaballapura Devanahalli Road Bommavara gate Near,Bommavara Gate,10 kms,13.264864,77.680483
Bengaluru Dist,Vishwanathapura PS,1.04422e+16,2023,1,1,Road Accidents,Narrow road,Rural Areas,Residential area,Human Error,No,Grievous Injury,Hit pedestrian,Uncontrolled,Others,Residential Street,Bitumen(Tar),Dry,Not Applicable,Clear,"Devanahalli - Uganavadi Road, infront of Anand house",infront of Anand house,10,13.254252,77.67087
Bengaluru Dist,Vishwanathapura PS,1.04422e+16,2023,1,2,Road Accidents,Narrow road,Rural Areas,Near Bus stop,Human Error,No,Grievous Injury,Vehicle to Vehicle,Not Applicable,Straight and flat,NH,Concrete,Dry,No influence on accident,Clear,Doddaballapur -Devanahalli Road,Devanahalli Doddaballapura Road,10,13.193047,77.60113
Bengaluru Dist,Vishwanathapura PS,1.04422e+16,2023,1,3,Road Accidents,Narrow road,Rural Areas,Near School or College,Human Error,No,Fatal,Vehicle to Vehicle,Not at  Junction,Straight and flat,NH,Bitumen(Tar),Dry,No influence on accident,Clear,National Highway,Infrot of Mahindra Service Station,2,13.221189,77.53213
Bengaluru Dist,Vishwanathapura PS,1.04422e+16,2023,1,1,Road Accidents,Narrow road,Rural Areas,Near Hospital,Human Error,No,Grievous Injury,Hit pedestrian,Not Applicable,Others,Others,Concrete,Dry,No influence on accident,Clear,IVV Road Ardeshnahalli,Ardeshnahalli IVC Road,10,13.220838,77.566232
Bengaluru Dist,Vishwanathapura PS,1.04422e+16,2023,1,2,Road Accidents,Not Applicable,Rural Areas,Residential area,Human Error,Yes,Grievous Injury,Vehicle to Vehicle,Not Applicable,Straight and flat,Others,Bitumen(Tar),Dry,Not Applicable,Fine,Devanganahalli - Kundana  road,Near kathyegowda  house,5 km,0.0,0.0
Bengaluru Dist,Vishwanathapura PS,1.04422e+16,2023,1,2,Road Accidents,Narrow road,Rural Areas,Residential area,Human Error,No,Fatal,Vehicle to Vehicle,Uncontrolled,Straight and flat,Two way,Bitumen(Tar),Others,Not Applicable,Fine,Devanahalli - Nandi road Near Karahalli Cross,Near Malbari Resort,10,13.347291,77.682264
Bengaluru Dist,Vishwanathapura PS,1.04422e+16,2023,1,2,Road Accidents,Narrow road,Rural Areas,Near or inside a village,Human Error,Yes,Grievous Injury,Vehicle to Vehicle,Not Applicable,Straight and flat,NH,Concrete,Dry,No influence on accident,Clear,"Devanahalli-Doddaballapura Road,  NH 207",Devanahalli Doddaballapura Road,10,13.331548,77.672488
Bengaluru Dist,Vishwanathapura PS,1.04422e+16,2023,1,1,Rail Road Accidents,Narrow road,Rural Areas,Near Bus stop,Human Error,No,Fatal,Hit pedestrian,No signal lights,Straight and flat,NH,Bitumen(Tar),Wet,No influence on accident,Light Rain,National Highway,Chapparadakallu Bus Stand,500 Me,13.277967,77.625838
Bengaluru Dist,Vishwanathapura PS,1.04422e+16,2023,1,2,Not Applicable,Cross roads,Rural Areas,Open area,Human Error,No,Damage Only,Not Applicable,Not Applicable,Straight and flat,NH,Not Applicable,Dry,Not Applicable,Fine,NH207,NEAR BRIGE,1/2 KM,13.274671,77.644259
Bengaluru Dist,Vishwanathapura PS,1.04422e+16,2023,1,2,Road Accidents,Narrow road,Rural Areas,Near or inside a village,Not Applicable,Yes,Grievous Injury,Vehicle to Vehicle,Not at  Junction,Straight and flat,Others,Concrete,Dry,Not Applicable,Clear,IVC road Tindlu circle,Devanahalli Doddaballapura Road,10,13.237157,77.594218
Bengaluru Dist,Vishwanathapura PS,1.04422e+16,2023,1,2,Road Accidents,Narrow road,Rural Areas,Near or inside a village,Human Error,No,Grievous Injury,Vehicle to Vehicle,Not Applicable,Straight and flat,NH,Concrete,Dry,Not Applicable,Clear,"Devanahalli-Doddaballapura Road,  NH 207",Devanahalli Doddaballapura Road,10,13.266412,77.675454
Bengaluru Dist,Vishwanathapura PS,1.04422e+16,2023,1,2,Road Accidents,Narrow road,Rural Areas,Near or inside a village,Human Error,No,Grievous Injury,Vehicle to Vehicle,Not at  Junction,Straight and flat,NH,Concrete,Dry,No influence on accident,Clear,"Devanahalli-Doddaballapura Road, NH 207 Road",Devanahalli Doddaballapura Road,10,13.275539,77.6381379
Bengaluru Dist,Vishwanathapura PS,1.04422e+16,2023,1,2,Road Accidents,Not Applicable,Rural Areas,Open area,Human Error,Not Applicable,Fatal,Vehicle to Vehicle,Not Applicable,Not Applicable,Others,Bitumen(Tar),Dry,Not Applicable,Fine,DEVANAHALLI -NANDHI ROAD,Near Karabhalli cross,8 km,13.32859,77.690447
Bengaluru Dist,Vishwanathapura PS,1.04422e+16,2023,1,1,Not Applicable,Not Applicable,Rural Areas,Residential area,Human Error,Not Applicable,Grievous Injury,Hit pedestrian,Not Applicable,Not Applicable,Residential Street,Bitumen(Tar),Dry,Not Applicable,Fine,DEVANAHALLI -NANDHI ROAD,Near malagenahali gate,10 km,13.287875,77.692505
Bengaluru Dist,Vishwanathapura PS,1.04422e+16,2023,1,2,Road Accidents,Not Applicable,Rural Areas,Open area,Human Error,Not Applicable,Grievous Injury,Vehicle to Vehicle,Not Applicable,Straight and flat,Two way,Bitumen(Tar),Dry,Not Applicable,Fine,DEVANAHALLI -DODDABALLAPURA  ROAD,Near seekayanahalli gate,3 KM,13.275525,77.636998
Bengaluru Dist,Vishwanathapura PS,1.04422e+16,2023,1,1,Road Accidents,Junction,Rural Areas,Residential area,Human Error,No,Grievous Injury,Hit pedestrian,Not Applicable,Curve,Others,Concrete,Dry,No influence on accident,Clear,Bashettahalli-Juttanahalli Road,Bashettahalli,10,12.899915,77.3127
Bengaluru Dist,Vishwanathapura PS,1.04422e+16,2023,1,2,Road Accidents,Narrow road,Rural Areas,Residential area,Human Error,Not Applicable,Damage Only,Vehicle to Vehicle,Not at  Junction,Straight and flat,Others,Bitumen(Tar),Dry,No influence on accident,Clear,Other Road,Telecom Employees Layout,8,12.899915,76.75962
Bengaluru Dist,Vishwanathapura PS,1.04422e+16,2023,1,2,Road Accidents,Not Applicable,Rural Areas,Residential area,Not Applicable,Not Applicable,Fatal,Vehicle to Vehicle,Controlled,Straight and flat,Residential Street,Bitumen(Tar),Dry,Not Applicable,Clear,Near Blue Granet Factory,Near Blue Granet Factory,08 km,13.246137,77.648193
Bengaluru Dist,Vishwanathapura PS,1.04422e+16,2023,1,3,Road Accidents,Narrow road,Rural Areas,Near Bus stop,Human Error,No,Simple Injury,Vehicle to Vehicle,Not Applicable,Straight and flat,NH,Concrete,Dry,No influence on accident,Clear,"Devanahalli-Doddaballapura Road, NH-207 Road",Devanahalli Doddaballapura Road,10,13.286073,77.626249
Bengaluru Dist,Vishwanathapura PS,1.04422e+16,2023,1,2,Road Accidents,Narrow road,Rural Areas,Near Petrol Pump,Human Error,No,Grievous Injury,Vehicle to Vehicle,Not Applicable,Straight and flat,NH,Concrete,Dry,No influence on accident,Clear,"Devanahalli-Doddaballapura Road, NH-207 Road",Devanahalli Doddaballapura Road,10,13.261973,77.6866889
Bengaluru Dist,Vishwanathapura PS,1.04422e+16,2023,1,2,Road Accidents,Narrow road,Rural Areas,Near Bus stop,Human Error,No,Grievous Injury,Vehicle to Vehicle,Not Applicable,Others,NH,Concrete,Dry,No influence on accident,Clear,"Devanahalli-Doddaballapura Road, NH 648 Road",Devanahalli Doddaballapura Road,10,12.98314,77.564728
Bengaluru Dist,Vishwanathapura PS,1.04422e+16,2023,1,2,Road Accidents,Narrow road,Rural Areas,Near or inside a village,Human Error,No,Grievous Injury,Hit bicyclist,Not at  Junction,Straight and flat,State Highway,Concrete,Dry,No influence on accident,Clear,"kodagurki Village, Nandhi-Devanahalli Road Devanahalli",Near Kodagurki Village,10,13.212929,77.59636
Bengaluru Dist,Vishwanathapura PS,1.04422e+16,2023,1,2,Road Accidents,Narrow road,Rural Areas,Near Bus stop,Human Error,Not Applicable,Fatal,Vehicle to Vehicle,Give way sign,Straight and flat,NH,Bitumen(Tar),Dry,No influence on accident,Clear,National Highway,Soluru Gate,4,12.98314,77.5614
Bengaluru Dist,Vishwanathapura PS,1.04422e+16,2023,1,2,Road Accidents,Narrow road,Rural Areas,Near Bus stop,Human Error,No,Fatal,Vehicle to Vehicle,Not at  Junction,Straight and flat,NH,Bitumen(Tar),Dry,No influence on accident,Clear,National Highway,Infront of Nagarathnamma Land,2,13.281204,77.615404
Bengaluru Dist,Vishwanathapura PS,1.04422e+16,2023,1,2,Road Accidents,Cross roads,Rural Areas,Near Bus stop,Not Applicable,No,Fatal,Vehicle to Vehicle,Stop sign,Curve,Others,Bitumen(Tar),Others,Not Applicable,Fine,Doddaballapura Devanahalli IVC Road Kempalinganapura Village gate Near,Yes,6 kms,13.23166,77.651544
Bengaluru Dist,Vishwanathapura PS,1.04422e+16,2023,1,1,Road Accidents,Narrow road,Rural Areas,Near Bus stop,Human Error,Yes,Grievous Injury,Hit pedestrian,Not Applicable,Straight and flat,State Highway,Bitumen(Tar),Dry,Not Applicable,Clear,State Highway,Majjehosahalli Gate,10,0.0,0.0
Bengaluru Dist,Vishwanathapura PS,1.04422e+16,2023,1,2,Road Accidents,Narrow road,Rural Areas,Narrow bridge or culverts,Human Error,No,Fatal,Vehicle to Vehicle,Not Applicable,Straight and flat,NH,Concrete,Dry,No influence on accident,Clear,"Devanahalli-Doddaballapura Road, NH 648 Road",Devanahalli Doddaballapura Road,10,12.899915,77.576646
Bengaluru Dist,Vishwanathapura PS,1.04422e+16,2023,1,2,Road Accidents,Narrow road,Rural Areas,Near or inside a village,Human Error,No,Grievous Injury,Vehicle to Vehicle,Not at  Junction,Straight and flat,State Highway,Bitumen(Tar),Dry,No influence on accident,Clear,State Highway,Near akhil Family Reasturent,10,0.0,0.0
Bengaluru Dist,Vishwanathapura PS,1.04422e+16,2023,1,1,Road Accidents,Not Applicable,Rural Areas,Residential area,Human Error,No,Fatal,Hit pedestrian,Uncontrolled,Straight and flat,Residential Street,Bitumen(Tar),Others,Not Applicable,Fine,Karahalli - Chapparadakallu Road,infront of Muniraju SHOP,5,13.303301,77.64381
Bengaluru Dist,Vishwanathapura PS,1.04422e+16,2023,1,1,Road Accidents,Narrow road,Rural Areas,Near Bus stop,Human Error,No,Grievous Injury,Hit pedestrian,Not at  Junction,Straight and flat,State Highway,Concrete,Dry,Not Applicable,Clear,Devanahalli -Nandhi Road,Devanahalli Nandhi Road,10,13.305344,77.691837
Bengaluru Dist,Vishwanathapura PS,1.04422e+16,2023,1,2,Road Accidents,Narrow road,Rural Areas,Near or inside a village,Human Error,No,Grievous Injury,Vehicle to Vehicle,Not at  Junction,Straight and flat,State Highway,Concrete,Dry,No influence on accident,Clear,"Devanahalli-Nandi Road,Maligenahalli Near Green Dhaba",Near Mudiganahalli Gate,10,13.336203,77.689592
Bengaluru Dist,Vishwanathapura PS,1.04422e+16,2023,1,1,Road Accidents,Narrow road,Rural Areas,Open area,Not Applicable,Not Applicable,Fatal,Not Applicable,Not Applicable,Straight and flat,Others,Concrete,Dry,No influence on accident,Clear,Jalige -Kamenahalli IVC Road,Jalige Kamenahalli Road,10,13.343302,77.689539
Bengaluru Dist,Vishwanathapura PS,1.04422e+16,2023,1,1,Road Accidents,Narrow road,Rural Areas,Near or inside a village,Human Error,Yes,Grievous Injury,Hit pedestrian,Not Applicable,Straight and flat,Others,Bitumen(Tar),Dry,No influence on accident,Clear,Other Road,Infront of Darje Muniyappa Land,10,13.209241,77.607659
Bengaluru Dist,Vishwanathapura PS,1.04422e+16,2023,1,1,Road Accidents,Not Applicable,Rural Areas,Open area,Not Applicable,Yes,Grievous Injury,Not Applicable,Not Applicable,Others,Others,Not Applicable,Others,Not Applicable,Others,Nandibetta Devanahalli Road Malaganahalli Gate Near,Near Karahalli Crose,12 kms,13.318908,77.6470109
Bengaluru Dist,Vishwanathapura PS,1.04422e+16,2023,1,1,Road Accidents,Narrow road,Rural Areas,Near Bus stop,Human Error,Not Applicable,Fatal,Hit pedestrian,Uncontrolled,Straight and flat,NH,Bitumen(Tar),Dry,No influence on accident,Clear,National Highway,Chapparadakallu Bus Stand,500 Me,13.20078,77.401808
Bengaluru Dist,Vishwanathapura PS,1.04422e+16,2023,1,2,Road Accidents,Circle,Rural Areas,Residential area,Human Error,No,Damage Only,Vehicle to Vehicle,Uncontrolled,Straight and flat,Residential Street,Bitumen(Tar),Others,Not Applicable,Clear,Near Kundana,Near kundana Circle,02 km,13.256909,77.617136